{"name": "IEEE International Workshop on Medical Measurements and Applications", "acronym": "MMA", "type": "conference", "uniqueEntities": {"organizations": {"Carleton University": {"name": "Carleton University", "type": "organization", "organization_type": "Education", "h_index": 120, "h5_index": 41, "num_publications": 6, "num_citations": 28, "num_publications_5y": 0, "num_citations_5y": 10, "num_publications_10y": 3, "num_citations_10y": 27, "publications_years": {"2010": 3, "2008": 3}, "citations_years": {"2015": 4, "2012": 2, "2013": 6, "2014": 0, "2016": 4, "2017": 1, "2018": 1, "2009": 2, "2010": 1, "2011": 6, "2019": 1}, "old_citations": {"2010": 19, "2008": 9}, "isVisible": false}, "University of Calabria": {"name": "University of Calabria", "type": "organization", "organization_type": "Education", "h_index": 58, "h5_index": 29, "num_publications": 3, "num_citations": 11, "num_publications_5y": 0, "num_citations_5y": 2, "num_publications_10y": 2, "num_citations_10y": 11, "publications_years": {"2009": 2, "2008": 1}, "citations_years": {"2011": 2, "2010": 1, "2012": 1, "2013": 4, "2014": 2, "2009": 1}, "old_citations": {"2009": 9, "2008": 2}, "isVisible": false}, "University of Ottawa": {"name": "University of Ottawa", "type": "organization", "organization_type": "Education", "h_index": 124, "h5_index": 33, "num_publications": 3, "num_citations": 13, "num_publications_5y": 0, "num_citations_5y": 2, "num_publications_10y": 3, "num_citations_10y": 13, "publications_years": {"2010": 3}, "citations_years": {"2011": 6, "2015": 2, "2010": 1, "2012": 0, "2013": 4, "2014": 0}, "old_citations": {"2010": 13}, "isVisible": false}, "Philips (Finland)": {"name": "Philips (Finland)", "type": "organization", "organization_type": "Company", "h_index": 180, "h5_index": 25, "num_publications": 2, "num_citations": 12, "num_publications_5y": 0, "num_citations_5y": 1, "num_publications_10y": 1, "num_citations_10y": 12, "publications_years": {"2010": 1, "2008": 1}, "citations_years": {"2010": 1, "2011": 5, "2012": 0, "2013": 4, "2014": 0, "2015": 1, "2009": 1}, "old_citations": {"2010": 11, "2008": 1}, "isVisible": false}, "University of Catania": {"name": "University of Catania", "type": "organization", "organization_type": "Education", "h_index": 72, "h5_index": 24, "num_publications": 2, "num_citations": 6, "num_publications_5y": 0, "num_citations_5y": 3, "num_publications_10y": 2, "num_citations_10y": 5, "publications_years": {"2010": 1, "2009": 1}, "citations_years": {"2011": 1, "2010": 1, "2012": 0, "2013": 0, "2014": 0, "2015": 0, "2016": 2, "2017": 0, "2018": 1, "2019": 0, "2020": 1}, "old_citations": {"2010": 1, "2009": 5}, "isVisible": false}, "University of Sannio": {"name": "University of Sannio", "type": "organization", "organization_type": "Education", "h_index": 60, "h5_index": 24, "num_publications": 2, "num_citations": 9, "num_publications_5y": 0, "num_citations_5y": 3, "num_publications_10y": 2, "num_citations_10y": 9, "publications_years": {"2009": 2}, "citations_years": {"2010": 3, "2011": 1, "2012": 0, "2013": 2, "2014": 1, "2015": 0, "2016": 2}, "old_citations": {"2009": 9}, "isVisible": false}, "Children's Hospital of Eastern Ontario": {"name": "Children's Hospital of Eastern Ontario", "type": "organization", "organization_type": "Healthcare", "h_index": 16, "h5_index": 2, "num_publications": 1, "num_citations": 1, "num_publications_5y": 0, "num_citations_5y": 0, "num_publications_10y": 0, "num_citations_10y": 1, "publications_years": {"2008": 1}, "citations_years": {"2009": 1}, "old_citations": {"2008": 1}, "isVisible": false}, "Fu Jen Catholic University": {"name": "Fu Jen Catholic University", "type": "organization", "organization_type": "Education", "h_index": 47, "h5_index": 11, "num_publications": 1, "num_citations": 24, "num_publications_5y": 0, "num_citations_5y": 15, "num_publications_10y": 1, "num_citations_10y": 21, "publications_years": {"2010": 1}, "citations_years": {"2010": 1, "2011": 3, "2012": 2, "2013": 0, "2014": 3, "2015": 4, "2016": 2, "2017": 3, "2018": 3, "2019": 2, "2020": 1}, "old_citations": {"2010": 24}, "isVisible": false}, "Instituto Polit\u00e9cnico Nacional": {"name": "Instituto Polit\u00e9cnico Nacional", "type": "organization", "organization_type": "Education", "h_index": 72, "h5_index": 25, "num_publications": 1, "num_citations": 4, "num_publications_5y": 0, "num_citations_5y": 3, "num_publications_10y": 1, "num_citations_10y": 4, "publications_years": {"2009": 1}, "citations_years": {"2010": 1, "2011": 0, "2012": 0, "2013": 0, "2014": 1, "2015": 0, "2016": 1, "2017": 1}, "old_citations": {"2009": 4}, "isVisible": false}, "Iran University of Science and Technology": {"name": "Iran University of Science and Technology", "type": "organization", "organization_type": "Education", "h_index": 55, "h5_index": 22, "num_publications": 1, "num_citations": 2, "num_publications_5y": 0, "num_citations_5y": 1, "num_publications_10y": 1, "num_citations_10y": 2, "publications_years": {"2009": 1}, "citations_years": {"2012": 1, "2013": 0, "2014": 1}, "old_citations": {"2009": 2}, "isVisible": false}, "National Academies of Sciences, Engineering, and Medicine": {"name": "National Academies of Sciences, Engineering, and Medicine", "type": "organization", "organization_type": "Government", "h_index": 130, "h5_index": 36, "num_publications": 1, "num_citations": 8, "num_publications_5y": 0, "num_citations_5y": 2, "num_publications_10y": 1, "num_citations_10y": 8, "publications_years": {"2009": 1}, "citations_years": {"2010": 1, "2011": 1, "2012": 1, "2013": 3, "2014": 2}, "old_citations": {"2009": 8}, "isVisible": false}, "Ottawa University": {"name": "Ottawa University", "type": "organization", "organization_type": "Education", "h_index": 60, "h5_index": 1, "num_publications": 1, "num_citations": 2, "num_publications_5y": 0, "num_citations_5y": 1, "num_publications_10y": 0, "num_citations_10y": 2, "publications_years": {"2008": 1}, "citations_years": {"2013": 1, "2014": 0, "2015": 0, "2016": 0, "2017": 1}, "old_citations": {"2008": 2}, "isVisible": false}, "Polytechnic University of Bucharest": {"name": "Polytechnic University of Bucharest", "type": "organization", "organization_type": "Education", "h_index": 40, "h5_index": 20, "num_publications": 1, "num_citations": 2, "num_publications_5y": 0, "num_citations_5y": 0, "num_publications_10y": 1, "num_citations_10y": 2, "publications_years": {"2009": 1}, "citations_years": {"2013": 2}, "old_citations": {"2009": 2}, "isVisible": false}, "Polytechnic University of Turin": {"name": "Polytechnic University of Turin", "type": "organization", "organization_type": "Education", "h_index": 108, "h5_index": 31, "num_publications": 1, "num_citations": 0, "num_publications_5y": 0, "num_citations_5y": 0, "num_publications_10y": 1, "num_citations_10y": 0, "publications_years": {"2009": 1}, "citations_years": {}, "old_citations": {"2009": 0}, "isVisible": false}, "Pozna\u0144 University of Technology": {"name": "Pozna\u0144 University of Technology", "type": "organization", "organization_type": "Education", "h_index": 68, "h5_index": 20, "num_publications": 1, "num_citations": 0, "num_publications_5y": 0, "num_citations_5y": 0, "num_publications_10y": 0, "num_citations_10y": 0, "publications_years": {"2008": 1}, "citations_years": {}, "old_citations": {"2008": 0}, "isVisible": false}, "Sungkyunkwan University": {"name": "Sungkyunkwan University", "type": "organization", "organization_type": "Education", "h_index": 78, "h5_index": 29, "num_publications": 1, "num_citations": 3, "num_publications_5y": 0, "num_citations_5y": 1, "num_publications_10y": 0, "num_citations_10y": 3, "publications_years": {"2008": 1}, "citations_years": {"2009": 1, "2010": 0, "2011": 0, "2012": 1, "2013": 0, "2014": 0, "2015": 0, "2016": 1}, "old_citations": {"2008": 3}, "isVisible": false}, "Tallinn University of Technology": {"name": "Tallinn University of Technology", "type": "organization", "organization_type": "Education", "h_index": 35, "h5_index": 13, "num_publications": 1, "num_citations": 2, "num_publications_5y": 0, "num_citations_5y": 0, "num_publications_10y": 0, "num_citations_10y": 1, "publications_years": {"2008": 1}, "citations_years": {"2008": 1, "2009": 0, "2010": 0, "2011": 1}, "old_citations": {"2008": 2}, "isVisible": false}, "University of Craiova": {"name": "University of Craiova", "type": "organization", "organization_type": "Education", "h_index": 23, "h5_index": 8, "num_publications": 1, "num_citations": 10, "num_publications_5y": 0, "num_citations_5y": 3, "num_publications_10y": 1, "num_citations_10y": 10, "publications_years": {"2010": 1}, "citations_years": {"2011": 3, "2012": 1, "2013": 3, "2014": 2, "2015": 1}, "old_citations": {"2010": 10}, "isVisible": false}, "University of L'Aquila": {"name": "University of L'Aquila", "type": "organization", "organization_type": "Education", "h_index": 50, "h5_index": 14, "num_publications": 1, "num_citations": 3, "num_publications_5y": 0, "num_citations_5y": 1, "num_publications_10y": 1, "num_citations_10y": 3, "publications_years": {"2009": 1}, "citations_years": {"2010": 1, "2011": 0, "2012": 0, "2013": 1, "2014": 0, "2015": 1}, "old_citations": {"2009": 3}, "isVisible": false}, "University of Madras": {"name": "University of Madras", "type": "organization", "organization_type": "Education", "h_index": 12, "h5_index": 4, "num_publications": 1, "num_citations": 18, "num_publications_5y": 0, "num_citations_5y": 6, "num_publications_10y": 1, "num_citations_10y": 14, "publications_years": {"2009": 1}, "citations_years": {"2010": 1, "2011": 2, "2012": 4, "2013": 1, "2014": 2, "2015": 2, "2016": 1, "2017": 1, "2018": 0, "2019": 1, "2020": 3}, "old_citations": {"2009": 18}, "isVisible": false}, "University of Ontario Institute of Technology": {"name": "University of Ontario Institute of Technology", "type": "organization", "organization_type": "Education", "h_index": 62, "h5_index": 24, "num_publications": 1, "num_citations": 7, "num_publications_5y": 0, "num_citations_5y": 5, "num_publications_10y": 1, "num_citations_10y": 7, "publications_years": {"2010": 1}, "citations_years": {"2012": 1, "2013": 1, "2014": 0, "2015": 2, "2016": 2, "2017": 0, "2018": 1}, "old_citations": {"2010": 7}, "isVisible": false}, "University of Padua": {"name": "University of Padua", "type": "organization", "organization_type": "Education", "h_index": 107, "h5_index": 40, "num_publications": 1, "num_citations": 0, "num_publications_5y": 0, "num_citations_5y": 0, "num_publications_10y": 1, "num_citations_10y": 0, "publications_years": {"2009": 1}, "citations_years": {}, "old_citations": {"2009": 0}, "isVisible": false}, "University of Shahrood": {"name": "University of Shahrood", "type": "organization", "organization_type": "Education", "h_index": 23, "h5_index": 13, "num_publications": 1, "num_citations": 2, "num_publications_5y": 0, "num_citations_5y": 1, "num_publications_10y": 1, "num_citations_10y": 2, "publications_years": {"2009": 1}, "citations_years": {"2012": 1, "2013": 0, "2014": 1}, "old_citations": {"2009": 2}, "isVisible": false}}, "topics": {"computer science": {"name": "computer science", "type": "topic", "h_index": 1779, "h5_index": 416, "num_publications": 33, "num_citations": 153, "num_publications_5y": 0, "num_citations_5y": 60, "num_publications_10y": 25, "num_citations_10y": 142, "publications_years": {"2010": 9, "2008": 8, "2009": 16}, "citations_years": {"2010": 10, "2011": 25, "2012": 15, "2013": 28, "2014": 14, "2015": 16, "2016": 17, "2017": 8, "2018": 5, "2019": 4, "2020": 5, "2008": 1, "2009": 4, "2007": 1}, "old_citations": {"2010": 73, "2008": 17, "2009": 63}, "isVisible": false}, "computer imaging and vision": {"name": "computer imaging and vision", "type": "topic", "h_index": 1142, "h5_index": 334, "num_publications": 24, "num_citations": 110, "num_publications_5y": 0, "num_citations_5y": 46, "num_publications_10y": 19, "num_citations_10y": 101, "publications_years": {"2010": 5, "2009": 14, "2008": 5}, "citations_years": {"2010": 8, "2011": 15, "2012": 13, "2013": 16, "2014": 11, "2015": 12, "2016": 12, "2017": 6, "2018": 5, "2019": 4, "2020": 5, "2009": 3}, "old_citations": {"2010": 43, "2009": 56, "2008": 11}, "isVisible": false}, "image analysis": {"name": "image analysis", "type": "topic", "h_index": 988, "h5_index": 315, "num_publications": 23, "num_citations": 102, "num_publications_5y": 0, "num_citations_5y": 44, "num_publications_10y": 18, "num_citations_10y": 93, "publications_years": {"2010": 5, "2009": 13, "2008": 5}, "citations_years": {"2010": 7, "2011": 14, "2012": 12, "2013": 13, "2014": 9, "2015": 12, "2016": 12, "2017": 6, "2018": 5, "2019": 4, "2020": 5, "2009": 3}, "old_citations": {"2010": 43, "2009": 48, "2008": 11}, "isVisible": false}, "image processing": {"name": "image processing", "type": "topic", "h_index": 1113, "h5_index": 328, "num_publications": 22, "num_citations": 102, "num_publications_5y": 0, "num_citations_5y": 44, "num_publications_10y": 17, "num_citations_10y": 93, "publications_years": {"2010": 5, "2009": 12, "2008": 5}, "citations_years": {"2010": 7, "2011": 14, "2012": 12, "2013": 13, "2014": 9, "2015": 12, "2016": 12, "2017": 6, "2018": 5, "2019": 4, "2020": 5, "2009": 3}, "old_citations": {"2010": 43, "2009": 48, "2008": 11}, "isVisible": false}, "computer systems": {"name": "computer systems", "type": "topic", "h_index": 1595, "h5_index": 367, "num_publications": 20, "num_citations": 94, "num_publications_5y": 0, "num_citations_5y": 35, "num_publications_10y": 16, "num_citations_10y": 89, "publications_years": {"2010": 5, "2008": 4, "2009": 11}, "citations_years": {"2010": 7, "2011": 17, "2012": 9, "2013": 18, "2014": 8, "2015": 10, "2016": 9, "2017": 3, "2018": 5, "2019": 2, "2020": 2, "2008": 1, "2009": 3}, "old_citations": {"2010": 53, "2008": 8, "2009": 33}, "isVisible": false}, "engineering": {"name": "engineering", "type": "topic", "h_index": 1177, "h5_index": 287, "num_publications": 18, "num_citations": 78, "num_publications_5y": 0, "num_citations_5y": 30, "num_publications_10y": 12, "num_citations_10y": 69, "publications_years": {"2010": 3, "2008": 6, "2009": 9}, "citations_years": {"2010": 5, "2011": 12, "2012": 10, "2013": 10, "2014": 10, "2015": 8, "2016": 4, "2017": 5, "2018": 3, "2019": 3, "2020": 4, "2008": 1, "2009": 2, "2007": 1}, "old_citations": {"2010": 35, "2008": 10, "2009": 33}, "isVisible": false}, "artificial intelligence": {"name": "artificial intelligence", "type": "topic", "h_index": 1421, "h5_index": 373, "num_publications": 17, "num_citations": 58, "num_publications_5y": 0, "num_citations_5y": 20, "num_publications_10y": 11, "num_citations_10y": 56, "publications_years": {"2009": 7, "2008": 6, "2010": 4}, "citations_years": {"2011": 9, "2010": 4, "2012": 8, "2013": 11, "2014": 6, "2015": 5, "2016": 7, "2017": 1, "2018": 1, "2009": 4, "2019": 1, "2007": 1}, "old_citations": {"2009": 26, "2008": 13, "2010": 19}, "isVisible": false}, "mathematics": {"name": "mathematics", "type": "topic", "h_index": 1364, "h5_index": 300, "num_publications": 17, "num_citations": 92, "num_publications_5y": 0, "num_citations_5y": 29, "num_publications_10y": 14, "num_citations_10y": 86, "publications_years": {"2008": 3, "2009": 10, "2010": 4}, "citations_years": {"2008": 1, "2009": 2, "2010": 7, "2011": 18, "2012": 10, "2013": 20, "2014": 10, "2015": 7, "2016": 7, "2017": 4, "2018": 1, "2019": 1, "2020": 4}, "old_citations": {"2008": 5, "2009": 48, "2010": 39}, "isVisible": false}, "machine learning": {"name": "machine learning", "type": "topic", "h_index": 1123, "h5_index": 351, "num_publications": 16, "num_citations": 57, "num_publications_5y": 0, "num_citations_5y": 19, "num_publications_10y": 10, "num_citations_10y": 55, "publications_years": {"2009": 7, "2008": 6, "2010": 3}, "citations_years": {"2011": 9, "2010": 4, "2012": 8, "2013": 11, "2014": 6, "2015": 4, "2016": 7, "2017": 1, "2018": 1, "2009": 4, "2019": 1, "2007": 1}, "old_citations": {"2009": 26, "2008": 13, "2010": 18}, "isVisible": false}, "image reconstruction": {"name": "image reconstruction", "type": "topic", "h_index": 725, "h5_index": 240, "num_publications": 15, "num_citations": 61, "num_publications_5y": 0, "num_citations_5y": 24, "num_publications_10y": 11, "num_citations_10y": 55, "publications_years": {"2010": 3, "2009": 8, "2008": 4}, "citations_years": {"2011": 8, "2010": 3, "2012": 8, "2013": 10, "2014": 5, "2015": 7, "2016": 8, "2017": 2, "2018": 2, "2019": 2, "2020": 4, "2009": 2}, "old_citations": {"2010": 18, "2009": 33, "2008": 10}, "isVisible": false}, "computer networks": {"name": "computer networks", "type": "topic", "h_index": 1262, "h5_index": 332, "num_publications": 14, "num_citations": 52, "num_publications_5y": 0, "num_citations_5y": 13, "num_publications_10y": 10, "num_citations_10y": 46, "publications_years": {"2008": 4, "2009": 9, "2010": 1}, "citations_years": {"2008": 1, "2009": 2, "2010": 4, "2011": 8, "2012": 9, "2013": 10, "2014": 5, "2015": 3, "2016": 4, "2017": 1, "2018": 0, "2019": 1, "2020": 3, "2007": 1}, "old_citations": {"2008": 8, "2009": 43, "2010": 1}, "isVisible": false}, "signal processing": {"name": "signal processing", "type": "topic", "h_index": 1012, "h5_index": 255, "num_publications": 14, "num_citations": 65, "num_publications_5y": 0, "num_citations_5y": 25, "num_publications_10y": 9, "num_citations_10y": 56, "publications_years": {"2010": 1, "2008": 5, "2009": 8}, "citations_years": {"2010": 5, "2011": 9, "2012": 9, "2013": 6, "2014": 8, "2015": 6, "2016": 4, "2017": 4, "2018": 3, "2019": 3, "2020": 4, "2008": 1, "2009": 2, "2007": 1}, "old_citations": {"2010": 24, "2008": 8, "2009": 33}, "isVisible": false}, "computer hardware": {"name": "computer hardware", "type": "topic", "h_index": 1150, "h5_index": 279, "num_publications": 12, "num_citations": 68, "num_publications_5y": 0, "num_citations_5y": 20, "num_publications_10y": 8, "num_citations_10y": 63, "publications_years": {"2008": 4, "2009": 5, "2010": 3}, "citations_years": {"2008": 1, "2009": 1, "2010": 3, "2011": 14, "2013": 19, "2012": 6, "2014": 6, "2015": 6, "2016": 4, "2017": 4, "2018": 0, "2019": 1, "2020": 3}, "old_citations": {"2008": 6, "2009": 33, "2010": 29}, "isVisible": false}, "image segmentation": {"name": "image segmentation", "type": "topic", "h_index": 870, "h5_index": 282, "num_publications": 12, "num_citations": 39, "num_publications_5y": 0, "num_citations_5y": 12, "num_publications_10y": 10, "num_citations_10y": 38, "publications_years": {"2010": 2, "2009": 8, "2008": 2}, "citations_years": {"2011": 8, "2010": 5, "2012": 4, "2013": 8, "2014": 4, "2015": 2, "2016": 4, "2017": 1, "2018": 1, "2019": 0, "2020": 1, "2009": 1}, "old_citations": {"2010": 11, "2009": 26, "2008": 2}, "isVisible": false}, "pattern recognition": {"name": "pattern recognition", "type": "topic", "h_index": 922, "h5_index": 287, "num_publications": 12, "num_citations": 46, "num_publications_5y": 0, "num_citations_5y": 16, "num_publications_10y": 10, "num_citations_10y": 46, "publications_years": {"2009": 7, "2008": 2, "2010": 3}, "citations_years": {"2011": 8, "2010": 4, "2012": 6, "2013": 11, "2014": 6, "2015": 4, "2016": 4, "2017": 1, "2018": 1, "2009": 1}, "old_citations": {"2009": 26, "2008": 2, "2010": 18}, "isVisible": false}, "image quality": {"name": "image quality", "type": "topic", "h_index": 704, "h5_index": 206, "num_publications": 11, "num_citations": 46, "num_publications_5y": 0, "num_citations_5y": 24, "num_publications_10y": 9, "num_citations_10y": 42, "publications_years": {"2010": 2, "2009": 7, "2008": 2}, "citations_years": {"2010": 6, "2011": 5, "2012": 3, "2013": 3, "2014": 5, "2015": 6, "2016": 5, "2017": 4, "2018": 4, "2019": 2, "2020": 2, "2009": 1}, "old_citations": {"2010": 25, "2009": 19, "2008": 2}, "isVisible": false}, "imaging systems": {"name": "imaging systems", "type": "topic", "h_index": 614, "h5_index": 207, "num_publications": 11, "num_citations": 48, "num_publications_5y": 0, "num_citations_5y": 20, "num_publications_10y": 8, "num_citations_10y": 42, "publications_years": {"2009": 7, "2008": 3, "2010": 1}, "citations_years": {"2011": 4, "2010": 3, "2012": 7, "2013": 6, "2014": 3, "2015": 6, "2016": 8, "2017": 1, "2018": 2, "2019": 2, "2020": 4, "2009": 2}, "old_citations": {"2009": 33, "2008": 8, "2010": 7}, "isVisible": false}, "communication systems": {"name": "communication systems", "type": "topic", "h_index": 1092, "h5_index": 254, "num_publications": 9, "num_citations": 21, "num_publications_5y": 0, "num_citations_5y": 4, "num_publications_10y": 7, "num_citations_10y": 20, "publications_years": {"2008": 2, "2009": 7}, "citations_years": {"2008": 1, "2009": 1, "2010": 2, "2011": 4, "2013": 6, "2014": 1, "2015": 1, "2016": 2, "2012": 3}, "old_citations": {"2008": 4, "2009": 17}, "isVisible": false}, "correlation analysis": {"name": "correlation analysis", "type": "topic", "h_index": 1044, "h5_index": 224, "num_publications": 9, "num_citations": 44, "num_publications_5y": 0, "num_citations_5y": 19, "num_publications_10y": 9, "num_citations_10y": 43, "publications_years": {"2009": 7, "2010": 2}, "citations_years": {"2010": 3, "2011": 6, "2012": 5, "2013": 10, "2014": 6, "2015": 3, "2016": 6, "2017": 3, "2018": 1, "2019": 0, "2020": 1}, "old_citations": {"2009": 26, "2010": 18}, "isVisible": false}, "telecommunication systems": {"name": "telecommunication systems", "type": "topic", "h_index": 1187, "h5_index": 277, "num_publications": 9, "num_citations": 21, "num_publications_5y": 0, "num_citations_5y": 4, "num_publications_10y": 7, "num_citations_10y": 20, "publications_years": {"2008": 2, "2009": 7}, "citations_years": {"2008": 1, "2009": 1, "2010": 2, "2011": 4, "2013": 6, "2014": 1, "2015": 1, "2016": 2, "2012": 3}, "old_citations": {"2008": 4, "2009": 17}, "isVisible": false}, "internet": {"name": "internet", "type": "topic", "h_index": 1102, "h5_index": 245, "num_publications": 5, "num_citations": 60, "num_publications_5y": 0, "num_citations_5y": 25, "num_publications_10y": 5, "num_citations_10y": 57, "publications_years": {"2010": 4, "2009": 1}, "citations_years": {"2010": 2, "2011": 14, "2012": 5, "2013": 11, "2014": 5, "2015": 7, "2016": 5, "2017": 5, "2018": 3, "2019": 2, "2020": 1}, "old_citations": {"2010": 53, "2009": 7}, "isVisible": false}, "image matching": {"name": "image matching", "type": "topic", "h_index": 580, "h5_index": 176, "num_publications": 8, "num_citations": 38, "num_publications_5y": 0, "num_citations_5y": 20, "num_publications_10y": 6, "num_citations_10y": 35, "publications_years": {"2010": 2, "2009": 4, "2008": 2}, "citations_years": {"2010": 4, "2011": 5, "2012": 3, "2013": 2, "2014": 5, "2015": 5, "2016": 3, "2017": 4, "2018": 3, "2019": 2, "2020": 1, "2009": 1}, "old_citations": {"2010": 25, "2009": 11, "2008": 2}, "isVisible": false}}, "authors": {"1762192783": {"name": "monique frize", "type": "author", "activity": 17, "h_index": 13, "h5_index": 0, "mag_id": "1762192783", "num_publications": 3, "num_citations": 18, "num_publications_5y": 0, "num_citations_5y": 3, "num_publications_10y": 1, "num_citations_10y": 17, "publications_years": {"2008": 2, "2010": 1}, "citations_years": {"2009": 2, "2010": 1, "2011": 6, "2012": 1, "2013": 4, "2014": 0, "2015": 1, "2016": 2, "2017": 0, "2018": 0, "2019": 1}, "old_citations": {"2008": 7, "2010": 11}, "isVisible": false}, "2024207286": {"name": "james r green", "type": "author", "activity": 19, "h_index": 8, "h5_index": 4, "mag_id": "2024207286", "num_publications": 2, "num_citations": 8, "num_publications_5y": 0, "num_citations_5y": 6, "num_publications_10y": 2, "num_citations_10y": 8, "publications_years": {"2010": 2}, "citations_years": {"2015": 3, "2012": 1, "2013": 1, "2014": 0, "2016": 2, "2017": 0, "2018": 1}, "old_citations": {"2010": 8}, "isVisible": false}, "2039326192": {"name": "giuseppe placidi", "type": "author", "activity": 19, "h_index": 11, "h5_index": 5, "mag_id": "2039326192", "num_publications": 2, "num_citations": 3, "num_publications_5y": 0, "num_citations_5y": 1, "num_publications_10y": 2, "num_citations_10y": 3, "publications_years": {"2009": 2}, "citations_years": {"2010": 1, "2011": 0, "2012": 0, "2013": 1, "2014": 0, "2015": 1}, "old_citations": {"2009": 3}, "isVisible": false}, "2045716744": {"name": "alfredo maurizi", "type": "author", "activity": 1, "h_index": 1, "h5_index": 0, "mag_id": "2045716744", "num_publications": 2, "num_citations": 3, "num_publications_5y": 0, "num_citations_5y": 1, "num_publications_10y": 2, "num_citations_10y": 3, "publications_years": {"2009": 2}, "citations_years": {"2010": 1, "2011": 0, "2012": 0, "2013": 1, "2014": 0, "2015": 1}, "old_citations": {"2009": 3}, "isVisible": false}, "2102307856": {"name": "danilo franchi", "type": "author", "activity": 3, "h_index": 3, "h5_index": 0, "mag_id": "2102307856", "num_publications": 2, "num_citations": 3, "num_publications_5y": 0, "num_citations_5y": 1, "num_publications_10y": 2, "num_citations_10y": 3, "publications_years": {"2009": 2}, "citations_years": {"2010": 1, "2011": 0, "2012": 0, "2013": 1, "2014": 0, "2015": 1}, "old_citations": {"2009": 3}, "isVisible": false}, "2103251243": {"name": "d grimaldi", "type": "author", "activity": 26, "h_index": 14, "h5_index": 3, "mag_id": "2103251243", "num_publications": 2, "num_citations": 3, "num_publications_5y": 0, "num_citations_5y": 0, "num_publications_10y": 1, "num_citations_10y": 3, "publications_years": {"2009": 1, "2008": 1}, "citations_years": {"2011": 1, "2009": 1, "2010": 0, "2012": 0, "2013": 1}, "old_citations": {"2009": 1, "2008": 2}, "isVisible": false}, "2153311016": {"name": "jeff gilchrist", "type": "author", "activity": 11, "h_index": 3, "h5_index": 1, "mag_id": "2153311016", "num_publications": 2, "num_citations": 12, "num_publications_5y": 0, "num_citations_5y": 1, "num_publications_10y": 1, "num_citations_10y": 12, "publications_years": {"2010": 1, "2008": 1}, "citations_years": {"2010": 1, "2011": 5, "2012": 0, "2013": 4, "2014": 0, "2015": 1, "2009": 1}, "old_citations": {"2010": 11, "2008": 1}, "isVisible": false}, "2171437601": {"name": "francesco lamonaca", "type": "author", "activity": 15, "h_index": 11, "h5_index": 4, "mag_id": "2171437601", "num_publications": 2, "num_citations": 3, "num_publications_5y": 0, "num_citations_5y": 0, "num_publications_10y": 1, "num_citations_10y": 3, "publications_years": {"2009": 1, "2008": 1}, "citations_years": {"2011": 1, "2009": 1, "2010": 0, "2012": 0, "2013": 1}, "old_citations": {"2009": 1, "2008": 2}, "isVisible": false}, "2395741690": {"name": "giovanni gallo", "type": "author", "activity": 27, "h_index": 17, "h5_index": 2, "mag_id": "2395741690", "num_publications": 2, "num_citations": 12, "num_publications_5y": 0, "num_citations_5y": 4, "num_publications_10y": 2, "num_citations_10y": 11, "publications_years": {"2009": 2}, "citations_years": {"2010": 1, "2011": 2, "2012": 2, "2013": 2, "2014": 0, "2015": 0, "2016": 3, "2017": 0, "2018": 1, "2019": 0, "2020": 1}, "old_citations": {"2009": 12}, "isVisible": false}, "2467256622": {"name": "colleen m ennett", "type": "author", "activity": 11, "h_index": 5, "h5_index": 0, "mag_id": "2467256622", "num_publications": 2, "num_citations": 12, "num_publications_5y": 0, "num_citations_5y": 1, "num_publications_10y": 1, "num_citations_10y": 12, "publications_years": {"2010": 1, "2008": 1}, "citations_years": {"2010": 1, "2011": 5, "2012": 0, "2013": 4, "2014": 0, "2015": 1, "2009": 1}, "old_citations": {"2010": 11, "2008": 1}, "isVisible": false}, "24077485": {"name": "vincenzo paduano", "type": "author", "activity": 5, "h_index": 2, "h5_index": 0, "mag_id": "24077485", "num_publications": 1, "num_citations": 4, "num_publications_5y": 0, "num_citations_5y": 0, "num_publications_10y": 1, "num_citations_10y": 4, "publications_years": {"2009": 1}, "citations_years": {"2010": 2, "2011": 1, "2012": 0, "2013": 1}, "old_citations": {"2009": 4}, "isVisible": false}, "42884765": {"name": "ilaria ercoli", "type": "author", "activity": 8, "h_index": 2, "h5_index": 1, "mag_id": "42884765", "num_publications": 1, "num_citations": 17, "num_publications_5y": 0, "num_citations_5y": 8, "num_publications_10y": 1, "num_citations_10y": 17, "publications_years": {"2010": 1}, "citations_years": {"2011": 3, "2012": 1, "2013": 5, "2014": 2, "2015": 2, "2016": 2, "2017": 2}, "old_citations": {"2010": 17}, "isVisible": false}, "101868484": {"name": "aime layekuakille", "type": "author", "activity": 14, "h_index": 12, "h5_index": 2, "mag_id": "101868484", "num_publications": 1, "num_citations": 1, "num_publications_5y": 0, "num_citations_5y": 0, "num_publications_10y": 0, "num_citations_10y": 0, "publications_years": {"2008": 1}, "citations_years": {"2007": 1}, "old_citations": {"2008": 1}, "isVisible": false}, "157732224": {"name": "paolo marchionni", "type": "author", "activity": 6, "h_index": 2, "h5_index": 0, "mag_id": "157732224", "num_publications": 1, "num_citations": 17, "num_publications_5y": 0, "num_citations_5y": 8, "num_publications_10y": 1, "num_citations_10y": 17, "publications_years": {"2010": 1}, "citations_years": {"2011": 3, "2012": 1, "2013": 5, "2014": 2, "2015": 2, "2016": 2, "2017": 2}, "old_citations": {"2010": 17}, "isVisible": false}, "158348297": {"name": "marco lanuzza", "type": "author", "activity": 17, "h_index": 12, "h5_index": 3, "mag_id": "158348297", "num_publications": 1, "num_citations": 8, "num_publications_5y": 0, "num_citations_5y": 2, "num_publications_10y": 1, "num_citations_10y": 8, "publications_years": {"2009": 1}, "citations_years": {"2010": 1, "2011": 1, "2012": 1, "2013": 3, "2014": 2}, "old_citations": {"2009": 8}, "isVisible": false}, "326678651": {"name": "wail gueaieb", "type": "author", "activity": 20, "h_index": 12, "h5_index": 2, "mag_id": "326678651", "num_publications": 1, "num_citations": 1, "num_publications_5y": 0, "num_citations_5y": 0, "num_publications_10y": 1, "num_citations_10y": 1, "publications_years": {"2010": 1}, "citations_years": {"2011": 1}, "old_citations": {"2010": 1}, "isVisible": false}, "375610835": {"name": "guillermo luna", "type": "author", "activity": 1, "h_index": 1, "h5_index": 0, "mag_id": "375610835", "num_publications": 1, "num_citations": 4, "num_publications_5y": 0, "num_citations_5y": 2, "num_publications_10y": 1, "num_citations_10y": 4, "publications_years": {"2009": 1}, "citations_years": {"2013": 2, "2014": 0, "2015": 1, "2016": 1}, "old_citations": {"2009": 4}, "isVisible": false}, "399810091": {"name": "dumitru dan burdescu", "type": "author", "activity": 23, "h_index": 8, "h5_index": 2, "mag_id": "399810091", "num_publications": 1, "num_citations": 10, "num_publications_5y": 0, "num_citations_5y": 3, "num_publications_10y": 1, "num_citations_10y": 10, "publications_years": {"2010": 1}, "citations_years": {"2011": 3, "2012": 1, "2013": 3, "2014": 2, "2015": 1}, "old_citations": {"2010": 10}, "isVisible": false}, "638844802": {"name": "erika bariciak", "type": "author", "activity": 11, "h_index": 1, "h5_index": 1, "mag_id": "638844802", "num_publications": 1, "num_citations": 1, "num_publications_5y": 0, "num_citations_5y": 0, "num_publications_10y": 0, "num_citations_10y": 1, "publications_years": {"2008": 1}, "citations_years": {"2009": 1}, "old_citations": {"2008": 1}, "isVisible": false}, "1135155970": {"name": "abdulmotaleb el saddik", "type": "author", "activity": 22, "h_index": 31, "h5_index": 11, "mag_id": "1135155970", "num_publications": 1, "num_citations": 1, "num_publications_5y": 0, "num_citations_5y": 0, "num_publications_10y": 1, "num_citations_10y": 1, "publications_years": {"2010": 1}, "citations_years": {"2011": 1}, "old_citations": {"2010": 1}, "isVisible": false}, "1245975828": {"name": "laura caponetti", "type": "author", "activity": 28, "h_index": 8, "h5_index": 1, "mag_id": "1245975828", "num_publications": 1, "num_citations": 4, "num_publications_5y": 0, "num_citations_5y": 3, "num_publications_10y": 1, "num_citations_10y": 4, "publications_years": {"2009": 1}, "citations_years": {"2010": 1, "2011": 0, "2012": 0, "2013": 0, "2014": 1, "2015": 0, "2016": 1, "2017": 1}, "old_citations": {"2009": 4}, "isVisible": false}, "1427443376": {"name": "luca sterpone", "type": "author", "activity": 17, "h_index": 14, "h5_index": 4, "mag_id": "1427443376", "num_publications": 1, "num_citations": 0, "num_publications_5y": 0, "num_citations_5y": 0, "num_publications_10y": 1, "num_citations_10y": 0, "publications_years": {"2009": 1}, "citations_years": {}, "old_citations": {"2009": 0}, "isVisible": false}, "1546926472": {"name": "carla stecco", "type": "author", "activity": 6, "h_index": 1, "h5_index": 0, "mag_id": "1546926472", "num_publications": 1, "num_citations": 0, "num_publications_5y": 0, "num_citations_5y": 0, "num_publications_10y": 1, "num_citations_10y": 0, "publications_years": {"2009": 1}, "citations_years": {}, "old_citations": {"2009": 0}, "isVisible": false}, "1691623537": {"name": "patrizia vizza", "type": "author", "activity": 11, "h_index": 4, "h5_index": 3, "mag_id": "1691623537", "num_publications": 1, "num_citations": 8, "num_publications_5y": 0, "num_citations_5y": 2, "num_publications_10y": 1, "num_citations_10y": 8, "publications_years": {"2009": 1}, "citations_years": {"2010": 1, "2011": 1, "2012": 1, "2013": 3, "2014": 2}, "old_citations": {"2009": 8}, "isVisible": false}, "1920539320": {"name": "giovanni paolella", "type": "author", "activity": 4, "h_index": 3, "h5_index": 0, "mag_id": "1920539320", "num_publications": 1, "num_citations": 0, "num_publications_5y": 0, "num_citations_5y": 0, "num_publications_10y": 1, "num_citations_10y": 0, "publications_years": {"2009": 1}, "citations_years": {}, "old_citations": {"2009": 0}, "isVisible": false}, "1965575599": {"name": "o garretto", "type": "author", "activity": 1, "h_index": 1, "h5_index": 0, "mag_id": "1965575599", "num_publications": 1, "num_citations": 5, "num_publications_5y": 0, "num_citations_5y": 3, "num_publications_10y": 1, "num_citations_10y": 4, "publications_years": {"2009": 1}, "citations_years": {"2010": 1, "2011": 0, "2012": 0, "2013": 0, "2014": 0, "2015": 0, "2016": 2, "2017": 0, "2018": 1, "2019": 0, "2020": 1}, "old_citations": {"2009": 5}, "isVisible": false}, "1973825838": {"name": "sebastiano battiato", "type": "author", "activity": 22, "h_index": 26, "h5_index": 9, "mag_id": "1973825838", "num_publications": 1, "num_citations": 5, "num_publications_5y": 0, "num_citations_5y": 3, "num_publications_10y": 1, "num_citations_10y": 4, "publications_years": {"2009": 1}, "citations_years": {"2010": 1, "2011": 0, "2012": 0, "2013": 0, "2014": 0, "2015": 0, "2016": 2, "2017": 0, "2018": 1, "2019": 0, "2020": 1}, "old_citations": {"2009": 5}, "isVisible": false}, "1975349589": {"name": "hadi yousefian", "type": "author", "activity": 3, "h_index": 3, "h5_index": 0, "mag_id": "1975349589", "num_publications": 1, "num_citations": 2, "num_publications_5y": 0, "num_citations_5y": 1, "num_publications_10y": 1, "num_citations_10y": 2, "publications_years": {"2009": 1}, "citations_years": {"2012": 1, "2013": 0, "2014": 1}, "old_citations": {"2009": 2}, "isVisible": false}, "1975780461": {"name": "barbara calabrese", "type": "author", "activity": 11, "h_index": 6, "h5_index": 3, "mag_id": "1975780461", "num_publications": 1, "num_citations": 8, "num_publications_5y": 0, "num_citations_5y": 2, "num_publications_10y": 1, "num_citations_10y": 8, "publications_years": {"2009": 1}, "citations_years": {"2010": 1, "2011": 1, "2012": 1, "2013": 3, "2014": 2}, "old_citations": {"2009": 8}, "isVisible": false}, "1990102614": {"name": "miriam sturniolo", "type": "author", "activity": 3, "h_index": 2, "h5_index": 0, "mag_id": "1990102614", "num_publications": 1, "num_citations": 8, "num_publications_5y": 0, "num_citations_5y": 2, "num_publications_10y": 1, "num_citations_10y": 8, "publications_years": {"2009": 1}, "citations_years": {"2010": 1, "2011": 1, "2012": 1, "2013": 3, "2014": 2}, "old_citations": {"2009": 8}, "isVisible": false}, "1993799701": {"name": "alfredo benso", "type": "author", "activity": 24, "h_index": 18, "h5_index": 4, "mag_id": "1993799701", "num_publications": 1, "num_citations": 0, "num_publications_5y": 0, "num_citations_5y": 0, "num_publications_10y": 1, "num_citations_10y": 0, "publications_years": {"2009": 1}, "citations_years": {}, "old_citations": {"2009": 0}, "isVisible": false}, "1995202057": {"name": "vito corsini", "type": "author", "activity": 9, "h_index": 3, "h5_index": 1, "mag_id": "1995202057", "num_publications": 1, "num_citations": 4, "num_publications_5y": 0, "num_citations_5y": 3, "num_publications_10y": 1, "num_citations_10y": 4, "publications_years": {"2009": 1}, "citations_years": {"2010": 1, "2011": 0, "2012": 0, "2013": 0, "2014": 1, "2015": 0, "2016": 1, "2017": 1}, "old_citations": {"2009": 4}, "isVisible": false}, "2009666554": {"name": "pierangelo veltri", "type": "author", "activity": 20, "h_index": 16, "h5_index": 7, "mag_id": "2009666554", "num_publications": 1, "num_citations": 8, "num_publications_5y": 0, "num_citations_5y": 2, "num_publications_10y": 1, "num_citations_10y": 8, "publications_years": {"2009": 1}, "citations_years": {"2010": 1, "2011": 1, "2012": 1, "2013": 3, "2014": 2}, "old_citations": {"2009": 8}, "isVisible": false}, "2010839716": {"name": "antonio trabacca", "type": "author", "activity": 14, "h_index": 5, "h5_index": 0, "mag_id": "2010839716", "num_publications": 1, "num_citations": 1, "num_publications_5y": 0, "num_citations_5y": 0, "num_publications_10y": 0, "num_citations_10y": 0, "publications_years": {"2008": 1}, "citations_years": {"2007": 1}, "old_citations": {"2008": 1}, "isVisible": false}, "2011650593": {"name": "gianluca sforza", "type": "author", "activity": 12, "h_index": 6, "h5_index": 5, "mag_id": "2011650593", "num_publications": 1, "num_citations": 4, "num_publications_5y": 0, "num_citations_5y": 3, "num_publications_10y": 1, "num_citations_10y": 4, "publications_years": {"2009": 1}, "citations_years": {"2010": 1, "2011": 0, "2012": 0, "2013": 0, "2014": 1, "2015": 0, "2016": 1, "2017": 1}, "old_citations": {"2009": 4}, "isVisible": false}, "2016128531": {"name": "krzysztof malczewski", "type": "author", "activity": 15, "h_index": 2, "h5_index": 0, "mag_id": "2016128531", "num_publications": 1, "num_citations": 0, "num_publications_5y": 0, "num_citations_5y": 0, "num_publications_10y": 0, "num_citations_10y": 0, "publications_years": {"2008": 1}, "citations_years": {}, "old_citations": {"2008": 0}, "isVisible": false}, "2016241728": {"name": "mihaela albu", "type": "author", "activity": 17, "h_index": 4, "h5_index": 2, "mag_id": "2016241728", "num_publications": 1, "num_citations": 2, "num_publications_5y": 0, "num_citations_5y": 0, "num_publications_10y": 1, "num_citations_10y": 2, "publications_years": {"2009": 1}, "citations_years": {"2013": 2}, "old_citations": {"2009": 2}, "isVisible": false}, "2017848323": {"name": "e balestrieri", "type": "author", "activity": 16, "h_index": 6, "h5_index": 1, "mag_id": "2017848323", "num_publications": 1, "num_citations": 5, "num_publications_5y": 0, "num_citations_5y": 3, "num_publications_10y": 1, "num_citations_10y": 5, "publications_years": {"2009": 1}, "citations_years": {"2010": 1, "2011": 0, "2012": 0, "2013": 1, "2014": 1, "2015": 0, "2016": 2}, "old_citations": {"2009": 5}, "isVisible": false}, "2029476597": {"name": "s rapuano", "type": "author", "activity": 20, "h_index": 13, "h5_index": 3, "mag_id": "2029476597", "num_publications": 1, "num_citations": 5, "num_publications_5y": 0, "num_citations_5y": 3, "num_publications_10y": 1, "num_citations_10y": 5, "publications_years": {"2009": 1}, "citations_years": {"2010": 1, "2011": 0, "2012": 0, "2013": 1, "2014": 1, "2015": 0, "2016": 2}, "old_citations": {"2009": 5}, "isVisible": false}, "2029602565": {"name": "concetto spampinato", "type": "author", "activity": 16, "h_index": 25, "h5_index": 14, "mag_id": "2029602565", "num_publications": 1, "num_citations": 1, "num_publications_5y": 0, "num_citations_5y": 0, "num_publications_10y": 1, "num_citations_10y": 1, "publications_years": {"2010": 1}, "citations_years": {"2011": 1}, "old_citations": {"2010": 1}, "isVisible": false}, "2031192080": {"name": "ovidiu draghici", "type": "author", "activity": 1, "h_index": 1, "h5_index": 0, "mag_id": "2031192080", "num_publications": 1, "num_citations": 1, "num_publications_5y": 0, "num_citations_5y": 1, "num_publications_10y": 1, "num_citations_10y": 1, "publications_years": {"2010": 1}, "citations_years": {"2015": 1}, "old_citations": {"2010": 1}, "isVisible": false}, "2031445414": {"name": "gianfranco politano", "type": "author", "activity": 12, "h_index": 8, "h5_index": 4, "mag_id": "2031445414", "num_publications": 1, "num_citations": 0, "num_publications_5y": 0, "num_citations_5y": 0, "num_publications_10y": 1, "num_citations_10y": 0, "publications_years": {"2009": 1}, "citations_years": {}, "old_citations": {"2009": 0}, "isVisible": false}, "2043994262": {"name": "juan antonio hernandeztamames", "type": "author", "activity": 13, "h_index": 8, "h5_index": 2, "mag_id": "2043994262", "num_publications": 1, "num_citations": 4, "num_publications_5y": 0, "num_citations_5y": 2, "num_publications_10y": 1, "num_citations_10y": 4, "publications_years": {"2009": 1}, "citations_years": {"2013": 2, "2014": 0, "2015": 1, "2016": 1}, "old_citations": {"2009": 4}, "isVisible": false}, "2045948763": {"name": "andrei krivoshei", "type": "author", "activity": 12, "h_index": 2, "h5_index": 1, "mag_id": "2045948763", "num_publications": 1, "num_citations": 2, "num_publications_5y": 0, "num_citations_5y": 0, "num_publications_10y": 0, "num_citations_10y": 1, "publications_years": {"2008": 1}, "citations_years": {"2008": 1, "2009": 0, "2010": 0, "2011": 1}, "old_citations": {"2008": 2}, "isVisible": false}, "2046361727": {"name": "alexey borisenko", "type": "author", "activity": 4, "h_index": 2, "h5_index": 0, "mag_id": "2046361727", "num_publications": 1, "num_citations": 1, "num_publications_5y": 0, "num_citations_5y": 1, "num_publications_10y": 1, "num_citations_10y": 1, "publications_years": {"2010": 1}, "citations_years": {"2015": 1}, "old_citations": {"2010": 1}, "isVisible": false}, "2057950640": {"name": "andy adler", "type": "author", "activity": 27, "h_index": 20, "h5_index": 4, "mag_id": "2057950640", "num_publications": 1, "num_citations": 2, "num_publications_5y": 0, "num_citations_5y": 1, "num_publications_10y": 0, "num_citations_10y": 2, "publications_years": {"2008": 1}, "citations_years": {"2013": 1, "2014": 0, "2015": 0, "2016": 0, "2017": 1}, "old_citations": {"2008": 2}, "isVisible": false}, "2059762793": {"name": "eliana granata", "type": "author", "activity": 2, "h_index": 3, "h5_index": 0, "mag_id": "2059762793", "num_publications": 1, "num_citations": 7, "num_publications_5y": 0, "num_citations_5y": 1, "num_publications_10y": 1, "num_citations_10y": 7, "publications_years": {"2009": 1}, "citations_years": {"2011": 2, "2012": 2, "2013": 2, "2014": 0, "2015": 0, "2016": 1}, "old_citations": {"2009": 7}, "isVisible": false}, "2069124896": {"name": "ashkan golshani", "type": "author", "activity": 15, "h_index": 3, "h5_index": 2, "mag_id": "2069124896", "num_publications": 1, "num_citations": 1, "num_publications_5y": 0, "num_citations_5y": 1, "num_publications_10y": 1, "num_citations_10y": 1, "publications_years": {"2010": 1}, "citations_years": {"2015": 1}, "old_citations": {"2010": 1}, "isVisible": false}, "2093417782": {"name": "giovanni maria farinella", "type": "author", "activity": 15, "h_index": 18, "h5_index": 9, "mag_id": "2093417782", "num_publications": 1, "num_citations": 5, "num_publications_5y": 0, "num_citations_5y": 3, "num_publications_10y": 1, "num_citations_10y": 4, "publications_years": {"2009": 1}, "citations_years": {"2010": 1, "2011": 0, "2012": 0, "2013": 0, "2014": 0, "2015": 0, "2016": 2, "2017": 0, "2018": 1, "2019": 0, "2020": 1}, "old_citations": {"2009": 5}, "isVisible": false}, "2099380171": {"name": "adrian d c chan", "type": "author", "activity": 21, "h_index": 15, "h5_index": 2, "mag_id": "2099380171", "num_publications": 1, "num_citations": 1, "num_publications_5y": 0, "num_citations_5y": 1, "num_publications_10y": 1, "num_citations_10y": 1, "publications_years": {"2010": 1}, "citations_years": {"2015": 1}, "old_citations": {"2010": 1}, "isVisible": false}, "2103773792": {"name": "daniel shapiro", "type": "author", "activity": 12, "h_index": 5, "h5_index": 1, "mag_id": "2103773792", "num_publications": 1, "num_citations": 1, "num_publications_5y": 0, "num_citations_5y": 1, "num_publications_10y": 1, "num_citations_10y": 1, "publications_years": {"2010": 1}, "citations_years": {"2015": 1}, "old_citations": {"2010": 1}, "isVisible": false}, "2106556508": {"name": "youwei chen", "type": "author", "activity": 2, "h_index": 3, "h5_index": 0, "mag_id": "2106556508", "num_publications": 1, "num_citations": 24, "num_publications_5y": 0, "num_citations_5y": 15, "num_publications_10y": 1, "num_citations_10y": 21, "publications_years": {"2010": 1}, "citations_years": {"2010": 1, "2011": 3, "2012": 2, "2013": 0, "2014": 3, "2015": 4, "2016": 2, "2017": 3, "2018": 3, "2019": 2, "2020": 1}, "old_citations": {"2010": 24}, "isVisible": false}, "2107175082": {"name": "marcel stanciu", "type": "author", "activity": 1, "h_index": 1, "h5_index": 0, "mag_id": "2107175082", "num_publications": 1, "num_citations": 2, "num_publications_5y": 0, "num_citations_5y": 0, "num_publications_10y": 1, "num_citations_10y": 2, "publications_years": {"2009": 1}, "citations_years": {"2013": 2}, "old_citations": {"2009": 2}, "isVisible": false}, "2113352069": {"name": "giuseppe vendramin", "type": "author", "activity": 3, "h_index": 4, "h5_index": 0, "mag_id": "2113352069", "num_publications": 1, "num_citations": 1, "num_publications_5y": 0, "num_citations_5y": 0, "num_publications_10y": 0, "num_citations_10y": 0, "publications_years": {"2008": 1}, "citations_years": {"2007": 1}, "old_citations": {"2008": 1}, "isVisible": false}, "2115404884": {"name": "shermeen nizami", "type": "author", "activity": 15, "h_index": 3, "h5_index": 2, "mag_id": "2115404884", "num_publications": 1, "num_citations": 7, "num_publications_5y": 0, "num_citations_5y": 5, "num_publications_10y": 1, "num_citations_10y": 7, "publications_years": {"2010": 1}, "citations_years": {"2012": 1, "2013": 1, "2014": 0, "2015": 2, "2016": 2, "2017": 0, "2018": 1}, "old_citations": {"2010": 7}, "isVisible": false}, "2115717704": {"name": "liana stanescu", "type": "author", "activity": 15, "h_index": 8, "h5_index": 2, "mag_id": "2115717704", "num_publications": 1, "num_citations": 10, "num_publications_5y": 0, "num_citations_5y": 3, "num_publications_10y": 1, "num_citations_10y": 10, "publications_years": {"2010": 1}, "citations_years": {"2011": 3, "2012": 1, "2013": 3, "2014": 2, "2015": 1}, "old_citations": {"2010": 10}, "isVisible": false}, "2121793724": {"name": "susana borromeo", "type": "author", "activity": 13, "h_index": 6, "h5_index": 1, "mag_id": "2121793724", "num_publications": 1, "num_citations": 4, "num_publications_5y": 0, "num_citations_5y": 2, "num_publications_10y": 1, "num_citations_10y": 4, "publications_years": {"2009": 1}, "citations_years": {"2013": 2, "2014": 0, "2015": 1, "2016": 1}, "old_citations": {"2009": 4}, "isVisible": false}, "2123126427": {"name": "leandra sepe", "type": "author", "activity": 2, "h_index": 2, "h5_index": 0, "mag_id": "2123126427", "num_publications": 1, "num_citations": 0, "num_publications_5y": 0, "num_citations_5y": 0, "num_publications_10y": 1, "num_citations_10y": 0, "publications_years": {"2009": 1}, "citations_years": {}, "old_citations": {"2009": 0}, "isVisible": false}, "2124606428": {"name": "g a rezai rad", "type": "author", "activity": 4, "h_index": 2, "h5_index": 0, "mag_id": "2124606428", "num_publications": 1, "num_citations": 2, "num_publications_5y": 0, "num_citations_5y": 1, "num_publications_10y": 1, "num_citations_10y": 2, "publications_years": {"2009": 1}, "citations_years": {"2012": 1, "2013": 0, "2014": 1}, "old_citations": {"2009": 2}, "isVisible": false}, "2128723793": {"name": "g cocorullo", "type": "author", "activity": 24, "h_index": 13, "h5_index": 2, "mag_id": "2128723793", "num_publications": 1, "num_citations": 8, "num_publications_5y": 0, "num_citations_5y": 2, "num_publications_10y": 1, "num_citations_10y": 8, "publications_years": {"2009": 1}, "citations_years": {"2010": 1, "2011": 1, "2012": 1, "2013": 3, "2014": 2}, "old_citations": {"2009": 8}, "isVisible": false}, "2132568685": {"name": "guglielmo frigo", "type": "author", "activity": 11, "h_index": 3, "h5_index": 2, "mag_id": "2132568685", "num_publications": 1, "num_citations": 0, "num_publications_5y": 0, "num_citations_5y": 0, "num_publications_10y": 1, "num_citations_10y": 0, "publications_years": {"2009": 1}, "citations_years": {}, "old_citations": {"2009": 0}, "isVisible": false}, "2133503578": {"name": "carmelo pino", "type": "author", "activity": 12, "h_index": 9, "h5_index": 3, "mag_id": "2133503578", "num_publications": 1, "num_citations": 1, "num_publications_5y": 0, "num_citations_5y": 0, "num_publications_10y": 1, "num_citations_10y": 1, "publications_years": {"2010": 1}, "citations_years": {"2011": 1}, "old_citations": {"2010": 1}, "isVisible": false}, "2136209756": {"name": "daphne townsend", "type": "author", "activity": 6, "h_index": 5, "h5_index": 0, "mag_id": "2136209756", "num_publications": 1, "num_citations": 1, "num_publications_5y": 0, "num_citations_5y": 0, "num_publications_10y": 0, "num_citations_10y": 1, "publications_years": {"2008": 1}, "citations_years": {"2009": 1}, "old_citations": {"2008": 1}, "isVisible": false}, "2139195367": {"name": "carolyn mcgregor", "type": "author", "activity": 18, "h_index": 17, "h5_index": 3, "mag_id": "2139195367", "num_publications": 1, "num_citations": 7, "num_publications_5y": 0, "num_citations_5y": 5, "num_publications_10y": 1, "num_citations_10y": 7, "publications_years": {"2010": 1}, "citations_years": {"2012": 1, "2013": 1, "2014": 0, "2015": 2, "2016": 2, "2017": 0, "2018": 1}, "old_citations": {"2010": 7}, "isVisible": false}, "2140191242": {"name": "giovanna castellano", "type": "author", "activity": 28, "h_index": 16, "h5_index": 4, "mag_id": "2140191242", "num_publications": 1, "num_citations": 4, "num_publications_5y": 0, "num_citations_5y": 3, "num_publications_10y": 1, "num_citations_10y": 4, "publications_years": {"2009": 1}, "citations_years": {"2010": 1, "2011": 0, "2012": 0, "2013": 0, "2014": 1, "2015": 0, "2016": 1, "2017": 1}, "old_citations": {"2009": 4}, "isVisible": false}, "2140287506": {"name": "lorenzo scalise", "type": "author", "activity": 15, "h_index": 6, "h5_index": 4, "mag_id": "2140287506", "num_publications": 1, "num_citations": 17, "num_publications_5y": 0, "num_citations_5y": 8, "num_publications_10y": 1, "num_citations_10y": 17, "publications_years": {"2010": 1}, "citations_years": {"2011": 3, "2012": 1, "2013": 5, "2014": 2, "2015": 2, "2016": 2, "2017": 2}, "old_citations": {"2010": 17}, "isVisible": false}, "2140802673": {"name": "hyouk ryeol choi", "type": "author", "activity": 25, "h_index": 16, "h5_index": 3, "mag_id": "2140802673", "num_publications": 1, "num_citations": 3, "num_publications_5y": 0, "num_citations_5y": 1, "num_publications_10y": 0, "num_citations_10y": 3, "publications_years": {"2008": 1}, "citations_years": {"2009": 1, "2010": 0, "2011": 0, "2012": 1, "2013": 0, "2014": 0, "2015": 0, "2016": 1}, "old_citations": {"2008": 3}, "isVisible": false}, "2143145444": {"name": "alberto faro", "type": "author", "activity": 29, "h_index": 13, "h5_index": 3, "mag_id": "2143145444", "num_publications": 1, "num_citations": 1, "num_publications_5y": 0, "num_citations_5y": 0, "num_publications_10y": 1, "num_citations_10y": 1, "publications_years": {"2010": 1}, "citations_years": {"2011": 1}, "old_citations": {"2010": 1}, "isVisible": false}, "2143900198": {"name": "y asfaw", "type": "author", "activity": 4, "h_index": 1, "h5_index": 0, "mag_id": "2143900198", "num_publications": 1, "num_citations": 2, "num_publications_5y": 0, "num_citations_5y": 1, "num_publications_10y": 0, "num_citations_10y": 2, "publications_years": {"2008": 1}, "citations_years": {"2013": 1, "2014": 0, "2015": 0, "2016": 0, "2017": 1}, "old_citations": {"2008": 2}, "isVisible": false}, "2144303084": {"name": "yingwen bai", "type": "author", "activity": 19, "h_index": 14, "h5_index": 3, "mag_id": "2144303084", "num_publications": 1, "num_citations": 24, "num_publications_5y": 0, "num_citations_5y": 15, "num_publications_10y": 1, "num_citations_10y": 21, "publications_years": {"2010": 1}, "citations_years": {"2010": 1, "2011": 3, "2012": 2, "2013": 0, "2014": 3, "2015": 4, "2016": 2, "2017": 3, "2018": 3, "2019": 2, "2020": 1}, "old_citations": {"2010": 24}, "isVisible": false}, "2145453858": {"name": "michele ceccarelli", "type": "author", "activity": 28, "h_index": 12, "h5_index": 1, "mag_id": "2145453858", "num_publications": 1, "num_citations": 4, "num_publications_5y": 0, "num_citations_5y": 0, "num_publications_10y": 1, "num_citations_10y": 4, "publications_years": {"2009": 1}, "citations_years": {"2010": 2, "2011": 1, "2012": 0, "2013": 1}, "old_citations": {"2009": 4}, "isVisible": false}, "2149663450": {"name": "l benetazzo", "type": "author", "activity": 19, "h_index": 4, "h5_index": 0, "mag_id": "2149663450", "num_publications": 1, "num_citations": 0, "num_publications_5y": 0, "num_citations_5y": 0, "num_publications_10y": 1, "num_citations_10y": 0, "publications_years": {"2009": 1}, "citations_years": {}, "old_citations": {"2009": 0}, "isVisible": false}, "2162322855": {"name": "p daponte", "type": "author", "activity": 31, "h_index": 16, "h5_index": 2, "mag_id": "2162322855", "num_publications": 1, "num_citations": 5, "num_publications_5y": 0, "num_citations_5y": 3, "num_publications_10y": 1, "num_citations_10y": 5, "publications_years": {"2009": 1}, "citations_years": {"2010": 1, "2011": 0, "2012": 0, "2013": 1, "2014": 1, "2015": 0, "2016": 2}, "old_citations": {"2009": 5}, "isVisible": false}, "2162870949": {"name": "stefano di carlo", "type": "author", "activity": 16, "h_index": 11, "h5_index": 4, "mag_id": "2162870949", "num_publications": 1, "num_citations": 0, "num_publications_5y": 0, "num_citations_5y": 0, "num_publications_10y": 1, "num_citations_10y": 0, "publications_years": {"2009": 1}, "citations_years": {}, "old_citations": {"2009": 0}, "isVisible": false}, "2170767061": {"name": "mart min", "type": "author", "activity": 16, "h_index": 10, "h5_index": 2, "mag_id": "2170767061", "num_publications": 1, "num_citations": 2, "num_publications_5y": 0, "num_citations_5y": 0, "num_publications_10y": 0, "num_citations_10y": 1, "publications_years": {"2008": 1}, "citations_years": {"2008": 1, "2009": 0, "2010": 0, "2011": 1}, "old_citations": {"2008": 2}, "isVisible": false}, "2174533090": {"name": "antonio gambardella", "type": "author", "activity": 10, "h_index": 3, "h5_index": 2, "mag_id": "2174533090", "num_publications": 1, "num_citations": 8, "num_publications_5y": 0, "num_citations_5y": 2, "num_publications_10y": 1, "num_citations_10y": 8, "publications_years": {"2009": 1}, "citations_years": {"2010": 1, "2011": 1, "2012": 1, "2013": 3, "2014": 2}, "old_citations": {"2009": 8}, "isVisible": false}, "2221392251": {"name": "hamid hassanpour", "type": "author", "activity": 20, "h_index": 14, "h5_index": 5, "mag_id": "2221392251", "num_publications": 1, "num_citations": 2, "num_publications_5y": 0, "num_citations_5y": 1, "num_publications_10y": 1, "num_citations_10y": 2, "publications_years": {"2009": 1}, "citations_years": {"2012": 1, "2013": 0, "2014": 1}, "old_citations": {"2009": 2}, "isVisible": false}, "2225412393": {"name": "owen wetherow", "type": "author", "activity": 1, "h_index": 1, "h5_index": 0, "mag_id": "2225412393", "num_publications": 1, "num_citations": 1, "num_publications_5y": 0, "num_citations_5y": 1, "num_publications_10y": 1, "num_citations_10y": 1, "publications_years": {"2010": 1}, "citations_years": {"2015": 1}, "old_citations": {"2010": 1}, "isVisible": false}, "2226570589": {"name": "lukash monczak", "type": "author", "activity": 1, "h_index": 1, "h5_index": 0, "mag_id": "2226570589", "num_publications": 1, "num_citations": 1, "num_publications_5y": 0, "num_citations_5y": 1, "num_publications_10y": 1, "num_citations_10y": 1, "publications_years": {"2010": 1}, "citations_years": {"2015": 1}, "old_citations": {"2010": 1}, "isVisible": false}, "2232356775": {"name": "ikvir s samra", "type": "author", "activity": 1, "h_index": 1, "h5_index": 0, "mag_id": "2232356775", "num_publications": 1, "num_citations": 1, "num_publications_5y": 0, "num_citations_5y": 1, "num_publications_10y": 1, "num_citations_10y": 1, "publications_years": {"2010": 1}, "citations_years": {"2015": 1}, "old_citations": {"2010": 1}, "isVisible": false}, "2241575203": {"name": "rafik goubran", "type": "author", "activity": 30, "h_index": 24, "h5_index": 5, "mag_id": "2241575203", "num_publications": 1, "num_citations": 6, "num_publications_5y": 0, "num_citations_5y": 2, "num_publications_10y": 0, "num_citations_10y": 5, "publications_years": {"2008": 1}, "citations_years": {"2009": 1, "2010": 0, "2011": 1, "2012": 1, "2013": 0, "2014": 0, "2015": 0, "2016": 2, "2017": 0, "2018": 0, "2019": 1}, "old_citations": {"2008": 6}, "isVisible": false}, "2258767774": {"name": "carlo sansone", "type": "author", "activity": 26, "h_index": 26, "h5_index": 7, "mag_id": "2258767774", "num_publications": 1, "num_citations": 4, "num_publications_5y": 0, "num_citations_5y": 0, "num_publications_10y": 1, "num_citations_10y": 4, "publications_years": {"2009": 1}, "citations_years": {"2010": 2, "2011": 1, "2012": 0, "2013": 1}, "old_citations": {"2009": 4}, "isVisible": false}, "2281326171": {"name": "christophe l herry", "type": "author", "activity": 14, "h_index": 6, "h5_index": 0, "mag_id": "2281326171", "num_publications": 1, "num_citations": 6, "num_publications_5y": 0, "num_citations_5y": 2, "num_publications_10y": 0, "num_citations_10y": 5, "publications_years": {"2008": 1}, "citations_years": {"2009": 1, "2010": 0, "2011": 1, "2012": 1, "2013": 0, "2014": 0, "2015": 0, "2016": 2, "2017": 0, "2018": 0, "2019": 1}, "old_citations": {"2008": 6}, "isVisible": false}, "2305937693": {"name": "erika bariciak", "type": "author", "activity": 2, "h_index": 2, "h5_index": 0, "mag_id": "2305937693", "num_publications": 1, "num_citations": 11, "num_publications_5y": 0, "num_citations_5y": 1, "num_publications_10y": 1, "num_citations_10y": 11, "publications_years": {"2010": 1}, "citations_years": {"2010": 1, "2011": 5, "2012": 0, "2013": 4, "2014": 0, "2015": 1}, "old_citations": {"2010": 11}, "isVisible": false}, "2307330727": {"name": "amin zehtabian", "type": "author", "activity": 10, "h_index": 4, "h5_index": 2, "mag_id": "2307330727", "num_publications": 1, "num_citations": 2, "num_publications_5y": 0, "num_citations_5y": 1, "num_publications_10y": 1, "num_citations_10y": 2, "publications_years": {"2009": 1}, "citations_years": {"2012": 1, "2013": 0, "2014": 1}, "old_citations": {"2009": 2}, "isVisible": false}, "2395495870": {"name": "daniela giordano", "type": "author", "activity": 24, "h_index": 22, "h5_index": 9, "mag_id": "2395495870", "num_publications": 1, "num_citations": 1, "num_publications_5y": 0, "num_citations_5y": 0, "num_publications_10y": 1, "num_citations_10y": 1, "publications_years": {"2010": 1}, "citations_years": {"2011": 1}, "old_citations": {"2010": 1}, "isVisible": false}, "2465694069": {"name": "vello kukk", "type": "author", "activity": 13, "h_index": 4, "h5_index": 2, "mag_id": "2465694069", "num_publications": 1, "num_citations": 2, "num_publications_5y": 0, "num_citations_5y": 0, "num_publications_10y": 0, "num_citations_10y": 1, "publications_years": {"2008": 1}, "citations_years": {"2008": 1, "2009": 0, "2010": 0, "2011": 1}, "old_citations": {"2008": 2}, "isVisible": false}, "2473668130": {"name": "voicu groza", "type": "author", "activity": 23, "h_index": 11, "h5_index": 4, "mag_id": "2473668130", "num_publications": 1, "num_citations": 1, "num_publications_5y": 0, "num_citations_5y": 1, "num_publications_10y": 1, "num_citations_10y": 1, "publications_years": {"2010": 1}, "citations_years": {"2015": 1}, "old_citations": {"2010": 1}, "isVisible": false}, "2478410803": {"name": "wentai li", "type": "author", "activity": 2, "h_index": 3, "h5_index": 0, "mag_id": "2478410803", "num_publications": 1, "num_citations": 24, "num_publications_5y": 0, "num_citations_5y": 15, "num_publications_10y": 1, "num_citations_10y": 21, "publications_years": {"2010": 1}, "citations_years": {"2010": 1, "2011": 3, "2012": 2, "2013": 0, "2014": 3, "2015": 4, "2016": 2, "2017": 3, "2018": 3, "2019": 2, "2020": 1}, "old_citations": {"2010": 24}, "isVisible": false}, "2483428387": {"name": "j mikael eklund", "type": "author", "activity": 19, "h_index": 8, "h5_index": 2, "mag_id": "2483428387", "num_publications": 1, "num_citations": 7, "num_publications_5y": 0, "num_citations_5y": 5, "num_publications_10y": 1, "num_citations_10y": 7, "publications_years": {"2010": 1}, "citations_years": {"2012": 1, "2013": 1, "2014": 0, "2015": 2, "2016": 2, "2017": 0, "2018": 1}, "old_citations": {"2010": 7}, "isVisible": false}, "2487321394": {"name": "adolfo toledano", "type": "author", "activity": 1, "h_index": 1, "h5_index": 0, "mag_id": "2487321394", "num_publications": 1, "num_citations": 4, "num_publications_5y": 0, "num_citations_5y": 2, "num_publications_10y": 1, "num_citations_10y": 4, "publications_years": {"2009": 1}, "citations_years": {"2013": 2, "2014": 0, "2015": 1, "2016": 1}, "old_citations": {"2009": 4}, "isVisible": false}, "2491452201": {"name": "a palumbo", "type": "author", "activity": 6, "h_index": 3, "h5_index": 0, "mag_id": "2491452201", "num_publications": 1, "num_citations": 8, "num_publications_5y": 0, "num_citations_5y": 2, "num_publications_10y": 1, "num_citations_10y": 8, "publications_years": {"2009": 1}, "citations_years": {"2010": 1, "2011": 1, "2012": 1, "2013": 3, "2014": 2}, "old_citations": {"2009": 8}, "isVisible": false}, "2575418167": {"name": "xiaodong zhang", "type": "author", "activity": 13, "h_index": 6, "h5_index": 2, "mag_id": "2575418167", "num_publications": 1, "num_citations": 3, "num_publications_5y": 0, "num_citations_5y": 1, "num_publications_10y": 0, "num_citations_10y": 3, "publications_years": {"2008": 1}, "citations_years": {"2009": 1, "2010": 0, "2011": 0, "2012": 1, "2013": 0, "2014": 0, "2015": 0, "2016": 1}, "old_citations": {"2008": 3}, "isVisible": false}, "2597594337": {"name": "francesca fioretti", "type": "author", "activity": 1, "h_index": 1, "h5_index": 0, "mag_id": "2597594337", "num_publications": 1, "num_citations": 0, "num_publications_5y": 0, "num_citations_5y": 0, "num_publications_10y": 1, "num_citations_10y": 0, "publications_years": {"2009": 1}, "citations_years": {}, "old_citations": {"2009": 0}, "isVisible": false}, "2608558531": {"name": "c privitera", "type": "author", "activity": 1, "h_index": 1, "h5_index": 0, "mag_id": "2608558531", "num_publications": 1, "num_citations": 5, "num_publications_5y": 0, "num_citations_5y": 3, "num_publications_10y": 1, "num_citations_10y": 4, "publications_years": {"2009": 1}, "citations_years": {"2010": 1, "2011": 0, "2012": 0, "2013": 0, "2014": 0, "2015": 0, "2016": 2, "2017": 0, "2018": 1, "2019": 0, "2020": 1}, "old_citations": {"2009": 5}, "isVisible": false}, "2629852915": {"name": "d balasubramaniam", "type": "author", "activity": 2, "h_index": 2, "h5_index": 0, "mag_id": "2629852915", "num_publications": 1, "num_citations": 18, "num_publications_5y": 0, "num_citations_5y": 6, "num_publications_10y": 1, "num_citations_10y": 14, "publications_years": {"2009": 1}, "citations_years": {"2010": 1, "2011": 2, "2012": 4, "2013": 1, "2014": 2, "2015": 2, "2016": 1, "2017": 1, "2018": 0, "2019": 1, "2020": 3}, "old_citations": {"2009": 18}, "isVisible": false}, "2636584577": {"name": "giuseppe scarpulla", "type": "author", "activity": 1, "h_index": 2, "h5_index": 0, "mag_id": "2636584577", "num_publications": 1, "num_citations": 7, "num_publications_5y": 0, "num_citations_5y": 1, "num_publications_10y": 1, "num_citations_10y": 7, "publications_years": {"2009": 1}, "citations_years": {"2011": 2, "2012": 2, "2013": 2, "2014": 0, "2015": 0, "2016": 1}, "old_citations": {"2009": 7}, "isVisible": false}, "2639708213": {"name": "m de rinaldis", "type": "author", "activity": 14, "h_index": 1, "h5_index": 0, "mag_id": "2639708213", "num_publications": 1, "num_citations": 1, "num_publications_5y": 0, "num_citations_5y": 0, "num_publications_10y": 0, "num_citations_10y": 0, "publications_years": {"2008": 1}, "citations_years": {"2007": 1}, "old_citations": {"2008": 1}, "isVisible": false}, "2640973230": {"name": "concita cantarella", "type": "author", "activity": 2, "h_index": 2, "h5_index": 0, "mag_id": "2640973230", "num_publications": 1, "num_citations": 0, "num_publications_5y": 0, "num_citations_5y": 0, "num_publications_10y": 1, "num_citations_10y": 0, "publications_years": {"2009": 1}, "citations_years": {}, "old_citations": {"2009": 0}, "isVisible": false}, "2671911953": {"name": "anatolie boev", "type": "author", "activity": 1, "h_index": 1, "h5_index": 0, "mag_id": "2671911953", "num_publications": 1, "num_citations": 2, "num_publications_5y": 0, "num_citations_5y": 0, "num_publications_10y": 1, "num_citations_10y": 2, "publications_years": {"2009": 1}, "citations_years": {"2013": 2}, "old_citations": {"2009": 2}, "isVisible": false}, "2703514365": {"name": "d nedumaran", "type": "author", "activity": 10, "h_index": 4, "h5_index": 0, "mag_id": "2703514365", "num_publications": 1, "num_citations": 18, "num_publications_5y": 0, "num_citations_5y": 6, "num_publications_10y": 1, "num_citations_10y": 14, "publications_years": {"2009": 1}, "citations_years": {"2010": 1, "2011": 2, "2012": 4, "2013": 1, "2014": 2, "2015": 2, "2016": 1, "2017": 1, "2018": 0, "2019": 1, "2020": 3}, "old_citations": {"2009": 18}, "isVisible": false}, "2797328791": {"name": "felipe machado", "type": "author", "activity": 19, "h_index": 5, "h5_index": 0, "mag_id": "2797328791", "num_publications": 1, "num_citations": 4, "num_publications_5y": 0, "num_citations_5y": 2, "num_publications_10y": 1, "num_citations_10y": 4, "publications_years": {"2009": 1}, "citations_years": {"2013": 2, "2014": 0, "2015": 1, "2016": 1}, "old_citations": {"2009": 4}, "isVisible": false}, "2798071450": {"name": "norberto malpica", "type": "author", "activity": 19, "h_index": 6, "h5_index": 4, "mag_id": "2798071450", "num_publications": 1, "num_citations": 4, "num_publications_5y": 0, "num_citations_5y": 2, "num_publications_10y": 1, "num_citations_10y": 4, "publications_years": {"2009": 1}, "citations_years": {"2013": 2, "2014": 0, "2015": 1, "2016": 1}, "old_citations": {"2009": 4}, "isVisible": false}, "2755413069": {"name": "a di stefano", "type": "author", "activity": 28, "h_index": 10, "h5_index": 0, "mag_id": "2755413069", "num_publications": 1, "num_citations": 1, "num_publications_5y": 0, "num_citations_5y": 0, "num_publications_10y": 1, "num_citations_10y": 1, "publications_years": {"2010": 1}, "citations_years": {"2011": 1}, "old_citations": {"2010": 1}, "isVisible": false}, "2917199366": {"name": "md abdur rahman", "type": "author", "activity": 17, "h_index": 12, "h5_index": 8, "mag_id": "2917199366", "num_publications": 1, "num_citations": 1, "num_publications_5y": 0, "num_citations_5y": 0, "num_publications_10y": 1, "num_citations_10y": 1, "publications_years": {"2010": 1}, "citations_years": {"2011": 1}, "old_citations": {"2010": 1}, "isVisible": false}, "2973567978": {"name": "amerigo trotta", "type": "author", "activity": 21, "h_index": 3, "h5_index": 0, "mag_id": "2973567978", "num_publications": 1, "num_citations": 1, "num_publications_5y": 0, "num_citations_5y": 0, "num_publications_10y": 0, "num_citations_10y": 0, "publications_years": {"2008": 1}, "citations_years": {"2007": 1}, "old_citations": {"2008": 1}, "isVisible": false}}, "countries": {"Italy": {"name": "Italy", "type": "country", "h5_index": 94, "num_publications": 10, "num_citations": 29, "num_publications_5y": 0, "num_citations_5y": 9, "num_publications_10y": 9, "num_citations_10y": 28, "publications_years": {"2010": 1, "2009": 8, "2008": 1}, "citations_years": {"2011": 4, "2010": 6, "2012": 1, "2013": 7, "2014": 3, "2015": 1, "2016": 4, "2017": 0, "2018": 1, "2019": 0, "2020": 1, "2009": 1}, "old_citations": {"2010": 1, "2009": 26, "2008": 2}, "isVisible": false}, "Canada": {"name": "Canada", "type": "country", "h5_index": 128, "num_publications": 8, "num_citations": 30, "num_publications_5y": 0, "num_citations_5y": 11, "num_publications_10y": 5, "num_citations_10y": 29, "publications_years": {"2010": 5, "2008": 3}, "citations_years": {"2011": 7, "2015": 5, "2012": 2, "2013": 6, "2014": 0, "2016": 4, "2017": 1, "2018": 1, "2009": 2, "2010": 1, "2019": 1}, "old_citations": {"2010": 21, "2008": 9}, "isVisible": false}, "Finland": {"name": "Finland", "type": "country", "h5_index": 68, "num_publications": 2, "num_citations": 12, "num_publications_5y": 0, "num_citations_5y": 1, "num_publications_10y": 1, "num_citations_10y": 12, "publications_years": {"2010": 1, "2008": 1}, "citations_years": {"2010": 1, "2011": 5, "2012": 0, "2013": 4, "2014": 0, "2015": 1, "2009": 1}, "old_citations": {"2010": 11, "2008": 1}, "isVisible": false}, "Romania": {"name": "Romania", "type": "country", "h5_index": 27, "num_publications": 2, "num_citations": 12, "num_publications_5y": 0, "num_citations_5y": 3, "num_publications_10y": 2, "num_citations_10y": 12, "publications_years": {"2009": 1, "2010": 1}, "citations_years": {"2013": 5, "2011": 3, "2012": 1, "2014": 2, "2015": 1}, "old_citations": {"2009": 2, "2010": 10}, "isVisible": false}, "United States": {"name": "United States", "type": "country", "h5_index": 308, "num_publications": 2, "num_citations": 10, "num_publications_5y": 0, "num_citations_5y": 3, "num_publications_10y": 1, "num_citations_10y": 10, "publications_years": {"2009": 1, "2008": 1}, "citations_years": {"2010": 1, "2011": 1, "2012": 1, "2013": 4, "2014": 2, "2015": 0, "2016": 0, "2017": 1}, "old_citations": {"2009": 8, "2008": 2}, "isVisible": false}, "Estonia": {"name": "Estonia", "type": "country", "h5_index": 27, "num_publications": 1, "num_citations": 2, "num_publications_5y": 0, "num_citations_5y": 0, "num_publications_10y": 0, "num_citations_10y": 1, "publications_years": {"2008": 1}, "citations_years": {"2008": 1, "2009": 0, "2010": 0, "2011": 1}, "old_citations": {"2008": 2}, "isVisible": false}, "India": {"name": "India", "type": "country", "h5_index": 78, "num_publications": 1, "num_citations": 18, "num_publications_5y": 0, "num_citations_5y": 6, "num_publications_10y": 1, "num_citations_10y": 14, "publications_years": {"2009": 1}, "citations_years": {"2010": 1, "2011": 2, "2012": 4, "2013": 1, "2014": 2, "2015": 2, "2016": 1, "2017": 1, "2018": 0, "2019": 1, "2020": 3}, "old_citations": {"2009": 18}, "isVisible": false}, "Iran": {"name": "Iran", "type": "country", "h5_index": 63, "num_publications": 1, "num_citations": 2, "num_publications_5y": 0, "num_citations_5y": 1, "num_publications_10y": 1, "num_citations_10y": 2, "publications_years": {"2009": 1}, "citations_years": {"2012": 1, "2013": 0, "2014": 1}, "old_citations": {"2009": 2}, "isVisible": false}, "Mexico": {"name": "Mexico", "type": "country", "h5_index": 35, "num_publications": 1, "num_citations": 4, "num_publications_5y": 0, "num_citations_5y": 3, "num_publications_10y": 1, "num_citations_10y": 4, "publications_years": {"2009": 1}, "citations_years": {"2010": 1, "2011": 0, "2012": 0, "2013": 0, "2014": 1, "2015": 0, "2016": 1, "2017": 1}, "old_citations": {"2009": 4}, "isVisible": false}, "Poland": {"name": "Poland", "type": "country", "h5_index": 46, "num_publications": 1, "num_citations": 0, "num_publications_5y": 0, "num_citations_5y": 0, "num_publications_10y": 0, "num_citations_10y": 0, "publications_years": {"2008": 1}, "citations_years": {}, "old_citations": {"2008": 0}, "isVisible": false}, "South Korea": {"name": "South Korea", "type": "country", "h5_index": 100, "num_publications": 1, "num_citations": 3, "num_publications_5y": 0, "num_citations_5y": 1, "num_publications_10y": 0, "num_citations_10y": 3, "publications_years": {"2008": 1}, "citations_years": {"2009": 1, "2010": 0, "2011": 0, "2012": 1, "2013": 0, "2014": 0, "2015": 0, "2016": 1}, "old_citations": {"2008": 3}, "isVisible": false}, "Taiwan": {"name": "Taiwan", "type": "country", "h5_index": 69, "num_publications": 1, "num_citations": 24, "num_publications_5y": 0, "num_citations_5y": 15, "num_publications_10y": 1, "num_citations_10y": 21, "publications_years": {"2010": 1}, "citations_years": {"2010": 1, "2011": 3, "2012": 2, "2013": 0, "2014": 3, "2015": 4, "2016": 2, "2017": 3, "2018": 3, "2019": 2, "2020": 1}, "old_citations": {"2010": 24}, "isVisible": false}}, "industrial_sectors": {"electronics": {"name": "electronics", "type": "industrial sector", "h5_index": 134, "num_publications": 2, "num_citations": 12, "num_publications_5y": 0, "num_citations_5y": 1, "num_publications_10y": 1, "num_citations_10y": 12, "publications_years": {"2010": 1, "2008": 1}, "citations_years": {"2010": 1, "2011": 5, "2012": 0, "2013": 4, "2014": 0, "2015": 1, "2009": 1}, "old_citations": {"2010": 11, "2008": 1}, "isVisible": false}, "health_care": {"name": "health_care", "type": "industrial sector", "h5_index": 46, "num_publications": 2, "num_citations": 12, "num_publications_5y": 0, "num_citations_5y": 1, "num_publications_10y": 1, "num_citations_10y": 12, "publications_years": {"2010": 1, "2008": 1}, "citations_years": {"2010": 1, "2011": 5, "2012": 0, "2013": 4, "2014": 0, "2015": 1, "2009": 1}, "old_citations": {"2010": 11, "2008": 1}, "isVisible": false}, "lighting": {"name": "lighting", "type": "industrial sector", "h5_index": 25, "num_publications": 2, "num_citations": 12, "num_publications_5y": 0, "num_citations_5y": 1, "num_publications_10y": 1, "num_citations_10y": 12, "publications_years": {"2010": 1, "2008": 1}, "citations_years": {"2010": 1, "2011": 5, "2012": 0, "2013": 4, "2014": 0, "2015": 1, "2009": 1}, "old_citations": {"2010": 11, "2008": 1}, "isVisible": false}, "technology": {"name": "technology", "type": "industrial sector", "h5_index": 229, "num_publications": 2, "num_citations": 12, "num_publications_5y": 0, "num_citations_5y": 1, "num_publications_10y": 1, "num_citations_10y": 12, "publications_years": {"2010": 1, "2008": 1}, "citations_years": {"2010": 1, "2011": 5, "2012": 0, "2013": 4, "2014": 0, "2015": 1, "2009": 1}, "old_citations": {"2010": 11, "2008": 1}, "isVisible": false}}}, "conference_comparison": {"computer science": {}}, "topics_dna": {"publications": {}, "citations": {"normalized": {}, "average": {}}}, "info": {"num_publications": 33, "num_citations": 153.0, "impact_factor": {"2010": 0.3333333333333333}, "publications_years": {"2009": 16, "2010": 9, "2008": 8}, "citations_years": {"2007": 1, "2008": 1, "2009": 4, "2010": 10, "2011": 25, "2012": 15, "2013": 28, "2014": 14, "2015": 16, "2016": 17, "2017": 8, "2018": 5, "2019": 4, "2020": 5}, "old_citations": {"2009": 63, "2010": 73, "2008": 17}, "h5_index": 0}, "percentile": {"computer science": {"2009": 66, "2010": 81, "2008": 63}}, "conference_ranking": {"computer science": {"2009": 1427, "2010": 784, "2008": 1556}}, "academia": {"num_publications": 23, "num_citations": 103, "publications_years": {"2008": 6, "2009": 11, "2010": 6}, "old_citations": {"2008": 15, "2009": 44, "2010": 44}, "num_publications_5y": 0, "num_citations_5y": 0, "num_publications_10y": 0, "num_citations_10y": 0}, "industry": {"num_publications": 0, "num_citations": 0, "publications_years": {}, "old_citations": {}, "num_publications_5y": 0, "num_citations_5y": 0, "num_publications_10y": 0, "num_citations_10y": 0}, "collaborative": {"num_publications": 2, "num_citations": 12, "publications_years": {"2008": 1, "2009": 0, "2010": 1}, "old_citations": {"2008": 1, "2009": 0, "2010": 11}, "num_publications_5y": 0, "num_citations_5y": 0, "num_publications_10y": 0, "num_citations_10y": 0}, "conferences": {}, "journals": {}, "organizations": {"publication_overall": ["Carleton University", "University of Calabria", "University of Ottawa", "Philips (Finland)", "University of Catania", "University of Sannio", "Children's Hospital of Eastern Ontario", "Fu Jen Catholic University", "Instituto Polit\u00e9cnico Nacional", "Iran University of Science and Technology", "National Academies of Sciences, Engineering, and Medicine", "Ottawa University", "Polytechnic University of Bucharest", "Polytechnic University of Turin", "Pozna\u0144 University of Technology", "Sungkyunkwan University", "Tallinn University of Technology", "University of Craiova", "University of L'Aquila", "University of Madras", "University of Ontario Institute of Technology", "University of Padua", "University of Shahrood"], "citation_overall": ["Carleton University", "Fu Jen Catholic University", "University of Madras", "University of Ottawa", "Philips (Finland)", "University of Calabria", "University of Craiova", "University of Sannio", "National Academies of Sciences, Engineering, and Medicine", "University of Ontario Institute of Technology", "University of Catania", "Instituto Polit\u00e9cnico Nacional", "Sungkyunkwan University", "University of L'Aquila", "Iran University of Science and Technology", "Ottawa University", "Polytechnic University of Bucharest", "Tallinn University of Technology", "University of Shahrood", "Children's Hospital of Eastern Ontario", "Polytechnic University of Turin", "Pozna\u0144 University of Technology", "University of Padua"], "publication_10_years": [], "citation_10_years": [], "publication_5_years": [], "citation_5_years": []}, "countries": {"publication_overall": ["Italy", "Canada", "Finland", "Romania", "United States", "Estonia", "India", "Iran", "Mexico", "Poland", "South Korea", "Taiwan"], "citation_overall": ["Canada", "Italy", "Taiwan", "India", "Finland", "Romania", "United States", "Mexico", "South Korea", "Estonia", "Iran", "Poland"], "publication_10_years": [], "citation_10_years": [], "publication_5_years": [], "citation_5_years": []}, "topics": {"publication_overall": ["computer science", "computer imaging and vision", "image analysis", "image processing", "computer systems", "engineering", "artificial intelligence", "mathematics", "machine learning", "image reconstruction", "computer networks", "signal processing", "computer hardware", "image segmentation", "pattern recognition", "image quality", "imaging systems", "communication systems", "correlation analysis", "telecommunication systems"], "citation_overall": ["computer science", "computer imaging and vision", "image analysis", "image processing", "computer systems", "mathematics", "engineering", "computer hardware", "signal processing", "image reconstruction", "internet", "artificial intelligence", "machine learning", "computer networks", "imaging systems", "image quality", "pattern recognition", "correlation analysis", "image segmentation", "image matching"], "publication_10_years": [], "citation_10_years": [], "publication_5_years": [], "citation_5_years": []}, "main_topics": ["computer science"], "authors": {"publication_overall": ["1762192783", "2024207286", "2039326192", "2045716744", "2102307856", "2103251243", "2153311016", "2171437601", "2395741690", "2467256622", "24077485", "42884765", "101868484", "157732224", "158348297", "326678651", "375610835", "399810091", "638844802", "1135155970", "1245975828", "1427443376", "1546926472", "1691623537", "1920539320", "1965575599", "1973825838", "1975349589", "1975780461", "1990102614", "1993799701", "1995202057", "2009666554", "2010839716", "2011650593", "2016128531", "2016241728", "2017848323", "2029476597", "2029602565", "2031192080", "2031445414", "2043994262", "2045948763", "2046361727", "2057950640", "2059762793", "2069124896", "2093417782", "2099380171", "2103773792", "2106556508", "2107175082", "2113352069", "2115404884", "2115717704", "2121793724", "2123126427", "2124606428", "2128723793", "2132568685", "2133503578", "2136209756", "2139195367", "2140191242", "2140287506", "2140802673", "2143145444", "2143900198", "2144303084", "2145453858", "2149663450", "2162322855", "2162870949", "2170767061", "2174533090", "2221392251", "2225412393", "2226570589", "2232356775", "2241575203", "2258767774", "2281326171", "2305937693", "2307330727", "2395495870", "2465694069", "2473668130", "2478410803", "2483428387", "2487321394", "2491452201", "2575418167", "2597594337", "2608558531", "2629852915", "2636584577", "2639708213", "2640973230", "2671911953"], "citation_overall": ["2106556508", "2144303084", "2478410803", "1762192783", "2629852915", "2703514365", "42884765", "157732224", "2140287506", "2153311016", "2395741690", "2467256622", "2305937693", "399810091", "2115717704", "158348297", "1691623537", "1975780461", "1990102614", "2009666554", "2024207286", "2128723793", "2174533090", "2491452201", "2059762793", "2115404884", "2139195367", "2483428387", "2636584577", "2241575203", "2281326171", "1965575599", "1973825838", "2017848323", "2029476597", "2093417782", "2162322855", "2608558531", "24077485", "375610835", "1245975828", "1995202057", "2011650593", "2043994262", "2121793724", "2140191242", "2145453858", "2258767774", "2487321394", "2797328791", "2798071450", "2039326192", "2045716744", "2102307856", "2103251243", "2140802673", "2171437601", "2575418167", "1975349589", "2016241728", "2045948763", "2057950640", "2107175082", "2124606428", "2143900198", "2170767061", "2221392251", "2307330727", "2465694069", "2671911953", "101868484", "326678651", "638844802", "1135155970", "2010839716", "2029602565", "2031192080", "2046361727", "2069124896", "2099380171", "2103773792", "2113352069", "2133503578", "2136209756", "2143145444", "2225412393", "2226570589", "2232356775", "2395495870", "2473668130", "2639708213", "2755413069", "2917199366", "2973567978", "1427443376", "1546926472", "1920539320", "1993799701", "2016128531", "2031445414"], "publication_10_years": [], "citation_10_years": [], "publication_5_years": [], "citation_5_years": []}, "industrial_sectors": {"publication_overall": ["electronics", "health_care", "lighting", "technology"], "citation_overall": ["electronics", "health_care", "lighting", "technology"], "publication_10_years": [], "citation_10_years": [], "publication_5_years": [], "citation_5_years": []}}