{"name": "International conference on Stochastic Algorithms: foundations and applications", "acronym": "SAGA", "type": "conference", "uniqueEntities": {"organizations": {"University of Hertfordshire": {"name": "University of Hertfordshire", "type": "organization", "organization_type": "Education", "h_index": 76, "h5_index": 16, "num_publications": 5, "num_citations": 24, "num_publications_5y": 0, "num_citations_5y": 2, "num_publications_10y": 0, "num_citations_10y": 12, "publications_years": {"2005": 1, "2003": 3, "2001": 1}, "citations_years": {"2005": 1, "2006": 2, "2007": 2, "2008": 3, "2009": 4, "2010": 4, "2014": 1, "2015": 0, "2016": 1, "2017": 0, "2018": 0, "2019": 1, "2003": 2, "2004": 1, "2011": 2}, "old_citations": {"2005": 12, "2003": 9, "2001": 3}, "isVisible": false}, "Tokyo Institute of Technology": {"name": "Tokyo Institute of Technology", "type": "organization", "organization_type": "Education", "h_index": 104, "h5_index": 29, "num_publications": 4, "num_citations": 7, "num_publications_5y": 0, "num_citations_5y": 0, "num_publications_10y": 1, "num_citations_10y": 0, "publications_years": {"2009": 1, "2005": 1, "2001": 1, "2003": 1}, "citations_years": {"2002": 1, "2003": 1, "2004": 0, "2005": 2, "2006": 1, "2007": 1, "2008": 1}, "old_citations": {"2009": 0, "2005": 0, "2001": 3, "2003": 4}, "isVisible": false}, "University of Vienna": {"name": "University of Vienna", "type": "organization", "organization_type": "Education", "h_index": 99, "h5_index": 27, "num_publications": 3, "num_citations": 111, "num_publications_5y": 0, "num_citations_5y": 33, "num_publications_10y": 0, "num_citations_10y": 80, "publications_years": {"2005": 2, "2003": 1}, "citations_years": {"2007": 8, "2008": 4, "2009": 9, "2010": 14, "2011": 4, "2012": 13, "2013": 7, "2014": 7, "2015": 7, "2016": 8, "2017": 4, "2018": 7, "2019": 3, "2020": 1, "2004": 3, "2005": 6, "2006": 6}, "old_citations": {"2005": 33, "2003": 78}, "isVisible": false}, "RWTH Aachen University": {"name": "RWTH Aachen University", "type": "organization", "organization_type": "Education", "h_index": 144, "h5_index": 43, "num_publications": 2, "num_citations": 5, "num_publications_5y": 0, "num_citations_5y": 0, "num_publications_10y": 1, "num_citations_10y": 4, "publications_years": {"2009": 1, "2001": 1}, "citations_years": {"2010": 1, "2011": 0, "2012": 1, "2013": 1, "2008": 1, "2009": 1}, "old_citations": {"2009": 3, "2001": 2}, "isVisible": false}, "University of Warwick": {"name": "University of Warwick", "type": "organization", "organization_type": "Education", "h_index": 110, "h5_index": 40, "num_publications": 2, "num_citations": 11, "num_publications_5y": 0, "num_citations_5y": 3, "num_publications_10y": 1, "num_citations_10y": 7, "publications_years": {"2009": 1, "2007": 1}, "citations_years": {"2010": 1, "2011": 0, "2012": 1, "2013": 2, "2007": 1, "2008": 0, "2009": 0, "2014": 0, "2015": 0, "2016": 0, "2017": 1, "2018": 2, "2019": 2, "2020": 1}, "old_citations": {"2009": 3, "2007": 8}, "isVisible": false}, "Chalmers University of Technology": {"name": "Chalmers University of Technology", "type": "organization", "organization_type": "Education", "h_index": 117, "h5_index": 35, "num_publications": 1, "num_citations": 0, "num_publications_5y": 0, "num_citations_5y": 0, "num_publications_10y": 0, "num_citations_10y": 0, "publications_years": {"2001": 1}, "citations_years": {}, "old_citations": {"2001": 0}, "isVisible": false}, "Chinese University of Hong Kong": {"name": "Chinese University of Hong Kong", "type": "organization", "organization_type": "Education", "h_index": 190, "h5_index": 79, "num_publications": 1, "num_citations": 5, "num_publications_5y": 0, "num_citations_5y": 2, "num_publications_10y": 0, "num_citations_10y": 2, "publications_years": {"2005": 1}, "citations_years": {"2007": 1, "2008": 2, "2009": 0, "2010": 0, "2011": 0, "2012": 0, "2013": 0, "2014": 0, "2015": 1, "2016": 0, "2017": 1}, "old_citations": {"2005": 5}, "isVisible": false}, "Daimler (Germany)": {"name": "Daimler (Germany)", "type": "organization", "organization_type": "Company", "h_index": 95, "h5_index": 17, "num_publications": 1, "num_citations": 6, "num_publications_5y": 0, "num_citations_5y": 1, "num_publications_10y": 0, "num_citations_10y": 4, "publications_years": {"2005": 1}, "citations_years": {"2008": 2, "2009": 1, "2010": 0, "2011": 0, "2012": 1, "2013": 1, "2014": 0, "2015": 0, "2016": 1}, "old_citations": {"2005": 6}, "isVisible": false}, "Georgia Institute of Technology": {"name": "Georgia Institute of Technology", "type": "organization", "organization_type": "Education", "h_index": 280, "h5_index": 72, "num_publications": 1, "num_citations": 1, "num_publications_5y": 0, "num_citations_5y": 0, "num_publications_10y": 0, "num_citations_10y": 0, "publications_years": {"2003": 1}, "citations_years": {"2004": 1}, "old_citations": {"2003": 1}, "isVisible": false}, "Inha University": {"name": "Inha University", "type": "organization", "organization_type": "Education", "h_index": 47, "h5_index": 18, "num_publications": 1, "num_citations": 0, "num_publications_5y": 0, "num_citations_5y": 0, "num_publications_10y": 0, "num_citations_10y": 0, "publications_years": {"2005": 1}, "citations_years": {}, "old_citations": {"2005": 0}, "isVisible": false}, "Iran University of Science and Technology": {"name": "Iran University of Science and Technology", "type": "organization", "organization_type": "Education", "h_index": 55, "h5_index": 22, "num_publications": 1, "num_citations": 34, "num_publications_5y": 0, "num_citations_5y": 11, "num_publications_10y": 0, "num_citations_10y": 22, "publications_years": {"2005": 1}, "citations_years": {"2006": 4, "2007": 2, "2008": 5, "2009": 2, "2010": 2, "2011": 2, "2012": 5, "2013": 0, "2014": 0, "2015": 1, "2016": 8, "2017": 1, "2018": 1, "2019": 1}, "old_citations": {"2005": 34}, "isVisible": false}, "Ishinomaki Senshu University": {"name": "Ishinomaki Senshu University", "type": "organization", "organization_type": "Education", "h_index": 3, "h5_index": 1, "num_publications": 1, "num_citations": 1, "num_publications_5y": 0, "num_citations_5y": 0, "num_publications_10y": 1, "num_citations_10y": 1, "publications_years": {"2009": 1}, "citations_years": {"2010": 1}, "old_citations": {"2009": 1}, "isVisible": false}, "Kyoto University": {"name": "Kyoto University", "type": "organization", "organization_type": "Education", "h_index": 91, "h5_index": 29, "num_publications": 1, "num_citations": 1, "num_publications_5y": 0, "num_citations_5y": 0, "num_publications_10y": 1, "num_citations_10y": 1, "publications_years": {"2009": 1}, "citations_years": {"2010": 1}, "old_citations": {"2009": 1}, "isVisible": false}, "Moscow State University": {"name": "Moscow State University", "type": "organization", "organization_type": "Education", "h_index": 50, "h5_index": 16, "num_publications": 1, "num_citations": 10, "num_publications_5y": 0, "num_citations_5y": 5, "num_publications_10y": 0, "num_citations_10y": 6, "publications_years": {"2005": 1}, "citations_years": {"2006": 3, "2007": 0, "2008": 1, "2009": 0, "2010": 0, "2011": 0, "2012": 1, "2013": 0, "2014": 2, "2015": 0, "2016": 1, "2017": 2}, "old_citations": {"2005": 10}, "isVisible": false}, "New Jersey Institute of Technology": {"name": "New Jersey Institute of Technology", "type": "organization", "organization_type": "Education", "h_index": 124, "h5_index": 41, "num_publications": 1, "num_citations": 8, "num_publications_5y": 0, "num_citations_5y": 3, "num_publications_10y": 0, "num_citations_10y": 4, "publications_years": {"2007": 1}, "citations_years": {"2007": 1, "2008": 0, "2009": 0, "2010": 0, "2011": 0, "2012": 0, "2013": 1, "2014": 0, "2015": 0, "2016": 0, "2017": 1, "2018": 2, "2019": 2, "2020": 1}, "old_citations": {"2007": 8}, "isVisible": false}, "Pusan National University": {"name": "Pusan National University", "type": "organization", "organization_type": "Education", "h_index": 52, "h5_index": 17, "num_publications": 1, "num_citations": 0, "num_publications_5y": 0, "num_citations_5y": 0, "num_publications_10y": 0, "num_citations_10y": 0, "publications_years": {"2005": 1}, "citations_years": {}, "old_citations": {"2005": 0}, "isVisible": false}, "Research Academic Computer Technology Institute": {"name": "Research Academic Computer Technology Institute", "type": "organization", "organization_type": "Facility", "h_index": 31, "h5_index": 4, "num_publications": 1, "num_citations": 0, "num_publications_5y": 0, "num_citations_5y": 0, "num_publications_10y": 0, "num_citations_10y": 0, "publications_years": {"2007": 1}, "citations_years": {}, "old_citations": {"2007": 0}, "isVisible": false}, "Rovira i Virgili University": {"name": "Rovira i Virgili University", "type": "organization", "organization_type": "Education", "h_index": 36, "h5_index": 8, "num_publications": 1, "num_citations": 1, "num_publications_5y": 0, "num_citations_5y": 0, "num_publications_10y": 0, "num_citations_10y": 0, "publications_years": {"2005": 1}, "citations_years": {"2008": 1}, "old_citations": {"2005": 1}, "isVisible": false}, "Royal Holloway University of London": {"name": "Royal Holloway University of London", "type": "organization", "organization_type": "Education", "h_index": 76, "h5_index": 22, "num_publications": 1, "num_citations": 5, "num_publications_5y": 0, "num_citations_5y": 3, "num_publications_10y": 1, "num_citations_10y": 5, "publications_years": {"2009": 1}, "citations_years": {"2012": 1, "2013": 1, "2014": 0, "2015": 2, "2016": 0, "2017": 1}, "old_citations": {"2009": 5}, "isVisible": false}, "Russian Academy of Sciences": {"name": "Russian Academy of Sciences", "type": "organization", "organization_type": "Government", "h_index": 56, "h5_index": 18, "num_publications": 1, "num_citations": 2, "num_publications_5y": 0, "num_citations_5y": 1, "num_publications_10y": 1, "num_citations_10y": 2, "publications_years": {"2009": 1}, "citations_years": {"2011": 1, "2012": 0, "2013": 0, "2014": 0, "2015": 1}, "old_citations": {"2009": 2}, "isVisible": false}, "Sharif University of Technology": {"name": "Sharif University of Technology", "type": "organization", "organization_type": "Education", "h_index": 73, "h5_index": 31, "num_publications": 1, "num_citations": 4, "num_publications_5y": 0, "num_citations_5y": 2, "num_publications_10y": 0, "num_citations_10y": 3, "publications_years": {"2005": 1}, "citations_years": {"2007": 1, "2008": 0, "2009": 0, "2010": 1, "2011": 0, "2012": 0, "2013": 0, "2014": 1, "2015": 0, "2016": 0, "2017": 0, "2018": 1}, "old_citations": {"2005": 4}, "isVisible": false}, "Simula Research Laboratory": {"name": "Simula Research Laboratory", "type": "organization", "organization_type": "Facility", "h_index": 65, "h5_index": 27, "num_publications": 1, "num_citations": 0, "num_publications_5y": 0, "num_citations_5y": 0, "num_publications_10y": 1, "num_citations_10y": 0, "publications_years": {"2009": 1}, "citations_years": {}, "old_citations": {"2009": 27}, "isVisible": false}, "University of British Columbia": {"name": "University of British Columbia", "type": "organization", "organization_type": "Education", "h_index": 210, "h5_index": 56, "num_publications": 1, "num_citations": 11, "num_publications_5y": 0, "num_citations_5y": 1, "num_publications_10y": 0, "num_citations_10y": 4, "publications_years": {"2003": 1}, "citations_years": {"2003": 1, "2004": 1, "2005": 0, "2006": 1, "2007": 2, "2008": 2, "2009": 1, "2010": 0, "2011": 1, "2012": 0, "2013": 1, "2014": 0, "2015": 0, "2016": 0, "2017": 1}, "old_citations": {"2003": 11}, "isVisible": false}, "University of Cambridge": {"name": "University of Cambridge", "type": "organization", "organization_type": "Education", "h_index": 250, "h5_index": 62, "num_publications": 1, "num_citations": 1596, "num_publications_5y": 0, "num_citations_5y": 1050, "num_publications_10y": 1, "num_citations_10y": 1314, "publications_years": {"2009": 1}, "citations_years": {"2010": 12, "2011": 29, "2012": 60, "2013": 163, "2014": 194, "2015": 208, "2016": 236, "2017": 212, "2018": 200, "2019": 194, "2020": 88}, "old_citations": {"2009": 1596}, "isVisible": false}, "University of Kocaeli": {"name": "University of Kocaeli", "type": "organization", "organization_type": "Education", "h_index": 34, "h5_index": 8, "num_publications": 1, "num_citations": 1, "num_publications_5y": 0, "num_citations_5y": 0, "num_publications_10y": 0, "num_citations_10y": 0, "publications_years": {"2007": 1}, "citations_years": {"2008": 1}, "old_citations": {"2007": 1}, "isVisible": false}, "University of Li\u00e8ge": {"name": "University of Li\u00e8ge", "type": "organization", "organization_type": "Education", "h_index": 70, "h5_index": 21, "num_publications": 1, "num_citations": 2, "num_publications_5y": 0, "num_citations_5y": 0, "num_publications_10y": 1, "num_citations_10y": 2, "publications_years": {"2009": 1}, "citations_years": {"2011": 1, "2012": 0, "2013": 1}, "old_citations": {"2009": 2}, "isVisible": false}, "University of Strathclyde": {"name": "University of Strathclyde", "type": "organization", "organization_type": "Education", "h_index": 91, "h5_index": 17, "num_publications": 1, "num_citations": 3, "num_publications_5y": 0, "num_citations_5y": 2, "num_publications_10y": 0, "num_citations_10y": 2, "publications_years": {"2003": 1}, "citations_years": {"2014": 1, "2015": 0, "2016": 1, "2017": 0, "2018": 0, "2019": 1}, "old_citations": {"2003": 3}, "isVisible": false}, "University of Sydney": {"name": "University of Sydney", "type": "organization", "organization_type": "Education", "h_index": 133, "h5_index": 63, "num_publications": 1, "num_citations": 1, "num_publications_5y": 0, "num_citations_5y": 0, "num_publications_10y": 1, "num_citations_10y": 1, "publications_years": {"2009": 1}, "citations_years": {"2010": 1}, "old_citations": {"2009": 1}, "isVisible": false}, "University of Tehran": {"name": "University of Tehran", "type": "organization", "organization_type": "Education", "h_index": 71, "h5_index": 29, "num_publications": 1, "num_citations": 34, "num_publications_5y": 0, "num_citations_5y": 11, "num_publications_10y": 0, "num_citations_10y": 22, "publications_years": {"2005": 1}, "citations_years": {"2006": 4, "2007": 2, "2008": 5, "2009": 2, "2010": 2, "2011": 2, "2012": 5, "2013": 0, "2014": 0, "2015": 1, "2016": 8, "2017": 1, "2018": 1, "2019": 1}, "old_citations": {"2005": 34}, "isVisible": false}, "University of T\u00fcbingen": {"name": "University of T\u00fcbingen", "type": "organization", "organization_type": "Education", "h_index": 97, "h5_index": 30, "num_publications": 1, "num_citations": 8, "num_publications_5y": 0, "num_citations_5y": 2, "num_publications_10y": 0, "num_citations_10y": 2, "publications_years": {"2001": 1}, "citations_years": {"2002": 1, "2003": 1, "2004": 1, "2005": 2, "2006": 0, "2007": 0, "2008": 1, "2009": 0, "2010": 0, "2011": 0, "2012": 0, "2013": 0, "2014": 0, "2015": 1, "2016": 1}, "old_citations": {"2001": 8}, "isVisible": false}}, "topics": {"computer science": {"name": "computer science", "type": "topic", "h_index": 1779, "h5_index": 416, "num_publications": 49, "num_citations": 2019, "num_publications_5y": 0, "num_citations_5y": 1155, "num_publications_10y": 8, "num_citations_10y": 1569, "publications_years": {"2009": 8, "2007": 5, "2005": 14, "2001": 11, "2003": 11}, "citations_years": {"2010": 42, "2011": 56, "2012": 99, "2013": 190, "2014": 217, "2015": 231, "2016": 263, "2017": 226, "2018": 218, "2019": 204, "2020": 90, "2008": 26, "2007": 24, "2009": 27, "2005": 29, "2006": 26, "2002": 12, "2003": 18, "2004": 20, "2001": 1}, "old_citations": {"2009": 1636, "2007": 11, "2005": 116, "2001": 175, "2003": 108}, "isVisible": false}, "mathematics": {"name": "mathematics", "type": "topic", "h_index": 1364, "h5_index": 300, "num_publications": 40, "num_citations": 1997, "num_publications_5y": 0, "num_citations_5y": 1151, "num_publications_10y": 6, "num_citations_10y": 1557, "publications_years": {"2009": 6, "2007": 3, "2005": 13, "2001": 10, "2003": 8}, "citations_years": {"2010": 41, "2011": 55, "2012": 98, "2013": 187, "2014": 217, "2015": 231, "2016": 262, "2017": 225, "2018": 216, "2019": 202, "2020": 89, "2008": 24, "2007": 23, "2009": 25, "2005": 29, "2006": 24, "2002": 12, "2003": 17, "2004": 19, "2001": 1}, "old_citations": {"2009": 1608, "2007": 3, "2005": 110, "2001": 169, "2003": 107}, "isVisible": false}, "artificial intelligence": {"name": "artificial intelligence", "type": "topic", "h_index": 1421, "h5_index": 373, "num_publications": 35, "num_citations": 1900, "num_publications_5y": 0, "num_citations_5y": 1124, "num_publications_10y": 8, "num_citations_10y": 1504, "publications_years": {"2009": 8, "2007": 2, "2005": 10, "2001": 9, "2003": 6}, "citations_years": {"2010": 40, "2011": 49, "2012": 89, "2013": 181, "2014": 209, "2015": 226, "2016": 254, "2017": 222, "2018": 213, "2019": 200, "2020": 89, "2008": 19, "2007": 18, "2009": 21, "2005": 21, "2006": 17, "2002": 8, "2003": 11, "2004": 13}, "old_citations": {"2009": 1636, "2007": 1, "2005": 85, "2001": 112, "2003": 93}, "isVisible": false}, "computer systems": {"name": "computer systems", "type": "topic", "h_index": 1595, "h5_index": 367, "num_publications": 32, "num_citations": 315, "num_publications_5y": 0, "num_citations_5y": 82, "num_publications_10y": 5, "num_citations_10y": 196, "publications_years": {"2007": 4, "2005": 10, "2009": 5, "2001": 5, "2003": 8}, "citations_years": {"2008": 22, "2007": 19, "2009": 21, "2010": 26, "2011": 20, "2012": 28, "2013": 19, "2014": 17, "2015": 18, "2016": 19, "2017": 14, "2018": 14, "2019": 9, "2020": 2, "2005": 19, "2006": 18, "2002": 8, "2003": 9, "2004": 13}, "old_citations": {"2007": 11, "2005": 86, "2009": 12, "2001": 104, "2003": 102}, "isVisible": false}, "probability": {"name": "probability", "type": "topic", "h_index": 918, "h5_index": 211, "num_publications": 26, "num_citations": 283, "num_publications_5y": 0, "num_citations_5y": 66, "num_publications_10y": 3, "num_citations_10y": 167, "publications_years": {"2007": 3, "2005": 7, "2009": 3, "2001": 5, "2003": 8}, "citations_years": {"2008": 22, "2007": 19, "2009": 22, "2010": 23, "2011": 15, "2012": 26, "2013": 15, "2014": 13, "2015": 14, "2016": 21, "2017": 9, "2018": 9, "2019": 5, "2020": 1, "2005": 21, "2006": 22, "2002": 5, "2003": 8, "2004": 12, "2001": 1}, "old_citations": {"2007": 3, "2005": 95, "2009": 5, "2001": 73, "2003": 107}, "isVisible": false}, "theoretical computer science": {"name": "theoretical computer science", "type": "topic", "h_index": 883, "h5_index": 203, "num_publications": 24, "num_citations": 182, "num_publications_5y": 0, "num_citations_5y": 44, "num_publications_10y": 4, "num_citations_10y": 95, "publications_years": {"2005": 7, "2009": 4, "2001": 5, "2007": 3, "2003": 5}, "citations_years": {"2007": 13, "2008": 14, "2009": 11, "2010": 8, "2011": 10, "2012": 13, "2013": 9, "2014": 5, "2015": 10, "2016": 15, "2017": 6, "2018": 8, "2019": 6, "2020": 2, "2005": 13, "2006": 13, "2002": 5, "2003": 10, "2004": 10, "2001": 1}, "old_citations": {"2005": 74, "2009": 9, "2001": 73, "2007": 10, "2003": 16}, "isVisible": false}, "genetic algorithms": {"name": "genetic algorithms", "type": "topic", "h_index": 557, "h5_index": 121, "num_publications": 21, "num_citations": 1791, "num_publications_5y": 0, "num_citations_5y": 1099, "num_publications_10y": 2, "num_citations_10y": 1430, "publications_years": {"2009": 2, "2007": 1, "2005": 7, "2001": 7, "2003": 4}, "citations_years": {"2010": 21, "2011": 46, "2012": 79, "2013": 174, "2014": 205, "2015": 218, "2016": 249, "2017": 218, "2018": 209, "2019": 199, "2020": 89, "2008": 14, "2007": 8, "2009": 11, "2002": 8, "2003": 11, "2004": 9, "2005": 14, "2006": 9}, "old_citations": {"2009": 1623, "2007": 1, "2005": 69, "2001": 110, "2003": 15}, "isVisible": false}, "engineering": {"name": "engineering", "type": "topic", "h_index": 1177, "h5_index": 287, "num_publications": 19, "num_citations": 146, "num_publications_5y": 0, "num_citations_5y": 38, "num_publications_10y": 4, "num_citations_10y": 80, "publications_years": {"2007": 1, "2005": 7, "2009": 4, "2001": 2, "2003": 5}, "citations_years": {"2008": 15, "2011": 9, "2012": 14, "2013": 7, "2014": 7, "2015": 9, "2007": 9, "2009": 7, "2010": 5, "2016": 13, "2017": 6, "2018": 3, "2019": 2, "2006": 13, "2001": 1, "2002": 4, "2003": 7, "2004": 7, "2005": 8}, "old_citations": {"2007": 1, "2005": 60, "2009": 34, "2001": 61, "2003": 17}, "isVisible": false}, "numerical model": {"name": "numerical model", "type": "topic", "h_index": 546, "h5_index": 144, "num_publications": 19, "num_citations": 264, "num_publications_5y": 0, "num_citations_5y": 62, "num_publications_10y": 2, "num_citations_10y": 160, "publications_years": {"2007": 1, "2005": 7, "2009": 2, "2001": 5, "2003": 4}, "citations_years": {"2008": 21, "2007": 18, "2009": 20, "2010": 23, "2011": 15, "2012": 25, "2013": 15, "2014": 12, "2015": 13, "2016": 19, "2017": 9, "2018": 9, "2019": 4, "2020": 1, "2005": 15, "2006": 21, "2002": 5, "2003": 8, "2004": 10, "2001": 1}, "old_citations": {"2007": 1, "2005": 95, "2009": 5, "2001": 68, "2003": 95}, "isVisible": false}, "graph theory": {"name": "graph theory", "type": "topic", "h_index": 726, "h5_index": 150, "num_publications": 18, "num_citations": 162, "num_publications_5y": 0, "num_citations_5y": 41, "num_publications_10y": 3, "num_citations_10y": 86, "publications_years": {"2005": 5, "2009": 3, "2001": 5, "2007": 2, "2003": 3}, "citations_years": {"2007": 10, "2008": 12, "2009": 8, "2010": 6, "2011": 10, "2012": 13, "2013": 8, "2014": 5, "2015": 10, "2016": 15, "2017": 5, "2018": 6, "2019": 4, "2020": 1, "2002": 5, "2003": 10, "2004": 10, "2005": 12, "2006": 11, "2001": 1}, "old_citations": {"2005": 62, "2009": 9, "2001": 73, "2007": 2, "2003": 16}, "isVisible": false}, "stochastic": {"name": "stochastic", "type": "topic", "h_index": 407, "h5_index": 114, "num_publications": 18, "num_citations": 261, "num_publications_5y": 0, "num_citations_5y": 62, "num_publications_10y": 2, "num_citations_10y": 160, "publications_years": {"2007": 1, "2005": 7, "2009": 2, "2001": 4, "2003": 4}, "citations_years": {"2008": 20, "2007": 18, "2009": 20, "2010": 23, "2011": 15, "2012": 25, "2013": 15, "2014": 12, "2015": 13, "2016": 19, "2017": 9, "2018": 9, "2019": 4, "2020": 1, "2005": 15, "2006": 21, "2004": 10, "2001": 1, "2002": 4, "2003": 7}, "old_citations": {"2007": 1, "2005": 95, "2009": 5, "2001": 65, "2003": 95}, "isVisible": false}, "stochastic processes": {"name": "stochastic processes", "type": "topic", "h_index": 517, "h5_index": 126, "num_publications": 18, "num_citations": 261, "num_publications_5y": 0, "num_citations_5y": 62, "num_publications_10y": 2, "num_citations_10y": 160, "publications_years": {"2007": 1, "2005": 7, "2009": 2, "2001": 4, "2003": 4}, "citations_years": {"2008": 20, "2007": 18, "2009": 20, "2010": 23, "2011": 15, "2012": 25, "2013": 15, "2014": 12, "2015": 13, "2016": 19, "2017": 9, "2018": 9, "2019": 4, "2020": 1, "2005": 15, "2006": 21, "2004": 10, "2001": 1, "2002": 4, "2003": 7}, "old_citations": {"2007": 1, "2005": 95, "2009": 5, "2001": 65, "2003": 95}, "isVisible": false}, "stochasticity": {"name": "stochasticity", "type": "topic", "h_index": 408, "h5_index": 114, "num_publications": 18, "num_citations": 261, "num_publications_5y": 0, "num_citations_5y": 62, "num_publications_10y": 2, "num_citations_10y": 160, "publications_years": {"2007": 1, "2005": 7, "2009": 2, "2001": 4, "2003": 4}, "citations_years": {"2008": 20, "2007": 18, "2009": 20, "2010": 23, "2011": 15, "2012": 25, "2013": 15, "2014": 12, "2015": 13, "2016": 19, "2017": 9, "2018": 9, "2019": 4, "2020": 1, "2005": 15, "2006": 21, "2004": 10, "2001": 1, "2002": 4, "2003": 7}, "old_citations": {"2007": 1, "2005": 95, "2009": 5, "2001": 65, "2003": 95}, "isVisible": false}, "computer networks": {"name": "computer networks", "type": "topic", "h_index": 1262, "h5_index": 332, "num_publications": 17, "num_citations": 80, "num_publications_5y": 0, "num_citations_5y": 22, "num_publications_10y": 2, "num_citations_10y": 48, "publications_years": {"2007": 4, "2005": 5, "2009": 2, "2003": 5, "2001": 1}, "citations_years": {"2008": 9, "2007": 6, "2009": 9, "2010": 4, "2011": 5, "2012": 3, "2013": 5, "2014": 5, "2015": 3, "2016": 3, "2017": 6, "2018": 5, "2019": 5, "2020": 2, "2005": 1, "2006": 6, "2004": 2, "2003": 1}, "old_citations": {"2007": 11, "2005": 41, "2009": 5, "2003": 21, "2001": 2}, "isVisible": false}, "evolutionary algorithms": {"name": "evolutionary algorithms", "type": "topic", "h_index": 520, "h5_index": 117, "num_publications": 17, "num_citations": 1692, "num_publications_5y": 0, "num_citations_5y": 1074, "num_publications_10y": 2, "num_citations_10y": 1372, "publications_years": {"2009": 2, "2007": 1, "2005": 7, "2001": 4, "2003": 3}, "citations_years": {"2010": 16, "2011": 38, "2012": 70, "2013": 166, "2014": 196, "2015": 212, "2016": 247, "2017": 215, "2018": 204, "2019": 197, "2020": 89, "2008": 13, "2007": 6, "2009": 8, "2002": 1, "2003": 2, "2004": 1, "2005": 4, "2006": 7}, "old_citations": {"2009": 1623, "2007": 1, "2005": 69, "2001": 14, "2003": 12}, "isVisible": false}, "correlation analysis": {"name": "correlation analysis", "type": "topic", "h_index": 1044, "h5_index": 224, "num_publications": 16, "num_citations": 1746, "num_publications_5y": 0, "num_citations_5y": 1092, "num_publications_10y": 4, "num_citations_10y": 1417, "publications_years": {"2009": 4, "2007": 1, "2005": 6, "2001": 2, "2003": 3}, "citations_years": {"2010": 29, "2011": 38, "2012": 76, "2013": 172, "2014": 202, "2015": 219, "2016": 245, "2017": 218, "2018": 208, "2019": 197, "2020": 89, "2008": 9, "2007": 11, "2009": 10, "2002": 1, "2003": 3, "2004": 5, "2005": 8, "2006": 6}, "old_citations": {"2009": 1603, "2007": 1, "2005": 47, "2001": 11, "2003": 84}, "isVisible": false}, "telecommunication systems": {"name": "telecommunication systems", "type": "topic", "h_index": 1187, "h5_index": 277, "num_publications": 15, "num_citations": 58, "num_publications_5y": 0, "num_citations_5y": 17, "num_publications_10y": 2, "num_citations_10y": 37, "publications_years": {"2007": 4, "2005": 3, "2009": 2, "2003": 5, "2001": 1}, "citations_years": {"2008": 6, "2007": 4, "2009": 6, "2010": 2, "2011": 5, "2012": 2, "2013": 5, "2014": 3, "2015": 3, "2016": 2, "2017": 4, "2018": 5, "2019": 5, "2020": 2, "2004": 2, "2003": 1, "2005": 0, "2006": 1}, "old_citations": {"2007": 11, "2005": 19, "2009": 5, "2003": 21, "2001": 2}, "isVisible": false}, "optimization": {"name": "optimization", "type": "topic", "h_index": 666, "h5_index": 160, "num_publications": 14, "num_citations": 1818, "num_publications_5y": 0, "num_citations_5y": 1108, "num_publications_10y": 1, "num_citations_10y": 1454, "publications_years": {"2009": 1, "2007": 1, "2005": 5, "2001": 4, "2003": 3}, "citations_years": {"2010": 34, "2011": 44, "2012": 80, "2013": 176, "2014": 209, "2015": 222, "2016": 245, "2017": 220, "2018": 212, "2019": 199, "2020": 89, "2008": 8, "2007": 14, "2009": 12, "2002": 7, "2003": 9, "2004": 11, "2005": 18, "2006": 9}, "old_citations": {"2009": 1596, "2007": 1, "2005": 32, "2001": 101, "2003": 88}, "isVisible": false}, "software": {"name": "software", "type": "topic", "h_index": 902, "h5_index": 167, "num_publications": 13, "num_citations": 1719, "num_publications_5y": 0, "num_citations_5y": 1076, "num_publications_10y": 2, "num_citations_10y": 1374, "publications_years": {"2009": 2, "2005": 4, "2001": 4, "2003": 3}, "citations_years": {"2010": 16, "2011": 36, "2012": 72, "2013": 168, "2014": 197, "2015": 215, "2016": 248, "2017": 214, "2018": 202, "2019": 195, "2020": 88, "2007": 7, "2008": 12, "2009": 6, "2002": 6, "2003": 8, "2004": 6, "2005": 12, "2006": 10, "2001": 1}, "old_citations": {"2009": 1623, "2005": 45, "2001": 72, "2003": 6}, "isVisible": false}, "telecommunication networks": {"name": "telecommunication networks", "type": "topic", "h_index": 1116, "h5_index": 258, "num_publications": 13, "num_citations": 44, "num_publications_5y": 0, "num_citations_5y": 14, "num_publications_10y": 2, "num_citations_10y": 31, "publications_years": {"2007": 4, "2005": 3, "2009": 2, "2003": 3, "2001": 1}, "citations_years": {"2008": 4, "2007": 2, "2009": 5, "2010": 2, "2011": 4, "2012": 2, "2013": 4, "2014": 2, "2015": 3, "2016": 1, "2017": 3, "2018": 5, "2019": 4, "2020": 2, "2004": 1}, "old_citations": {"2007": 11, "2005": 19, "2009": 5, "2003": 7, "2001": 2}, "isVisible": false}, "optimization problems": {"name": "optimization problems", "type": "topic", "h_index": 593, "h5_index": 142, "num_publications": 12, "num_citations": 1724, "num_publications_5y": 0, "num_citations_5y": 1083, "num_publications_10y": 1, "num_citations_10y": 1396, "publications_years": {"2009": 1, "2007": 1, "2005": 5, "2001": 2, "2003": 3}, "citations_years": {"2010": 29, "2011": 36, "2012": 71, "2013": 168, "2014": 200, "2015": 216, "2016": 243, "2017": 217, "2018": 207, "2019": 197, "2020": 89, "2008": 8, "2007": 11, "2009": 9, "2002": 1, "2003": 3, "2004": 5, "2005": 8, "2006": 6}, "old_citations": {"2009": 1596, "2007": 1, "2005": 32, "2001": 11, "2003": 84}, "isVisible": false}, "swarm intelligence": {"name": "swarm intelligence", "type": "topic", "h_index": 348, "h5_index": 78, "num_publications": 5, "num_citations": 1687, "num_publications_5y": 0, "num_citations_5y": 1073, "num_publications_10y": 1, "num_citations_10y": 1371, "publications_years": {"2009": 1, "2007": 1, "2005": 1, "2001": 1, "2003": 1}, "citations_years": {"2010": 27, "2011": 30, "2012": 68, "2013": 167, "2014": 198, "2015": 214, "2016": 242, "2017": 215, "2018": 204, "2019": 195, "2020": 88, "2008": 5, "2007": 8, "2009": 6, "2002": 1, "2003": 1, "2004": 4, "2005": 8, "2006": 6}, "old_citations": {"2009": 1596, "2007": 1, "2005": 4, "2001": 8, "2003": 78}, "isVisible": false}, "adaptive algorithms": {"name": "adaptive algorithms", "type": "topic", "h_index": 506, "h5_index": 100, "num_publications": 10, "num_citations": 1679, "num_publications_5y": 0, "num_citations_5y": 1064, "num_publications_10y": 1, "num_citations_10y": 1348, "publications_years": {"2009": 1, "2005": 2, "2001": 4, "2003": 3}, "citations_years": {"2010": 14, "2011": 34, "2012": 66, "2013": 167, "2014": 197, "2015": 214, "2016": 239, "2017": 213, "2018": 201, "2019": 194, "2020": 88, "2007": 5, "2008": 5, "2009": 3, "2002": 6, "2003": 8, "2004": 6, "2005": 12, "2006": 6, "2001": 1}, "old_citations": {"2009": 1596, "2005": 5, "2001": 72, "2003": 6}, "isVisible": false}, "particle swarm optimization (pso)": {"name": "particle swarm optimization (pso)", "type": "topic", "h_index": 331, "h5_index": 75, "num_publications": 4, "num_citations": 1609, "num_publications_5y": 0, "num_citations_5y": 1054, "num_publications_10y": 1, "num_citations_10y": 1319, "publications_years": {"2009": 1, "2007": 1, "2005": 1, "2001": 1}, "citations_years": {"2010": 13, "2011": 29, "2012": 60, "2013": 163, "2014": 195, "2015": 209, "2016": 237, "2017": 212, "2018": 201, "2019": 194, "2020": 88, "2008": 2, "2007": 1, "2009": 0, "2002": 1, "2003": 1, "2004": 1, "2005": 2, "2006": 0}, "old_citations": {"2009": 1596, "2007": 1, "2005": 4, "2001": 8}, "isVisible": false}, "artificial bee colonies": {"name": "artificial bee colonies", "type": "topic", "h_index": 145, "h5_index": 46, "num_publications": 1, "num_citations": 1596, "num_publications_5y": 0, "num_citations_5y": 1050, "num_publications_10y": 1, "num_citations_10y": 1314, "publications_years": {"2009": 1}, "citations_years": {"2010": 12, "2011": 29, "2012": 60, "2013": 163, "2014": 194, "2015": 208, "2016": 236, "2017": 212, "2018": 200, "2019": 194, "2020": 88}, "old_citations": {"2009": 1596}, "isVisible": false}, "combinatorial optimization": {"name": "combinatorial optimization", "type": "topic", "h_index": 310, "h5_index": 66, "num_publications": 10, "num_citations": 215, "num_publications_5y": 0, "num_citations_5y": 58, "num_publications_10y": 0, "num_citations_10y": 135, "publications_years": {"2005": 5, "2001": 3, "2003": 2}, "citations_years": {"2007": 14, "2008": 6, "2009": 11, "2010": 20, "2011": 13, "2012": 20, "2013": 13, "2014": 15, "2015": 14, "2016": 9, "2017": 8, "2018": 12, "2019": 5, "2020": 1, "2002": 7, "2003": 9, "2004": 11, "2005": 18, "2006": 9}, "old_citations": {"2005": 32, "2001": 101, "2003": 82}, "isVisible": false}}, "authors": {"2135939770": {"name": "osamu watanabe", "type": "author", "activity": 31, "h_index": 19, "h5_index": 1, "mag_id": "2135939770", "num_publications": 3, "num_citations": 7, "num_publications_5y": 0, "num_citations_5y": 0, "num_publications_10y": 0, "num_citations_10y": 0, "publications_years": {"2005": 1, "2001": 1, "2003": 1}, "citations_years": {"2002": 1, "2003": 1, "2004": 0, "2005": 2, "2006": 1, "2007": 1, "2008": 1}, "old_citations": {"2005": 0, "2001": 3, "2003": 4}, "isVisible": false}, "206368177": {"name": "walter j gutjahr", "type": "author", "activity": 27, "h_index": 17, "h5_index": 2, "mag_id": "206368177", "num_publications": 2, "num_citations": 96, "num_publications_5y": 0, "num_citations_5y": 27, "num_publications_10y": 0, "num_citations_10y": 66, "publications_years": {"2005": 1, "2003": 1}, "citations_years": {"2007": 8, "2008": 3, "2009": 8, "2010": 14, "2011": 3, "2012": 9, "2013": 5, "2014": 5, "2015": 6, "2016": 6, "2017": 4, "2018": 6, "2019": 3, "2020": 1, "2004": 3, "2005": 6, "2006": 6}, "old_citations": {"2005": 18, "2003": 78}, "isVisible": false}, "1893975561": {"name": "masahiro takeoka", "type": "author", "activity": 18, "h_index": 4, "h5_index": 2, "mag_id": "1893975561", "num_publications": 2, "num_citations": 3, "num_publications_5y": 0, "num_citations_5y": 2, "num_publications_10y": 0, "num_citations_10y": 2, "publications_years": {"2003": 2}, "citations_years": {"2014": 1, "2015": 0, "2016": 1, "2017": 0, "2018": 0, "2019": 1}, "old_citations": {"2003": 3}, "isVisible": false}, "2064414187": {"name": "y mitsumori", "type": "author", "activity": 1, "h_index": 1, "h5_index": 0, "mag_id": "2064414187", "num_publications": 2, "num_citations": 3, "num_publications_5y": 0, "num_citations_5y": 2, "num_publications_10y": 0, "num_citations_10y": 2, "publications_years": {"2003": 2}, "citations_years": {"2014": 1, "2015": 0, "2016": 1, "2017": 0, "2018": 0, "2019": 1}, "old_citations": {"2003": 3}, "isVisible": false}, "2107138249": {"name": "stephen m barnett", "type": "author", "activity": 27, "h_index": 4, "h5_index": 1, "mag_id": "2107138249", "num_publications": 2, "num_citations": 3, "num_publications_5y": 0, "num_citations_5y": 2, "num_publications_10y": 0, "num_citations_10y": 2, "publications_years": {"2003": 2}, "citations_years": {"2014": 1, "2015": 0, "2016": 1, "2017": 0, "2018": 0, "2019": 1}, "old_citations": {"2003": 3}, "isVisible": false}, "2114746833": {"name": "erika andersson", "type": "author", "activity": 16, "h_index": 3, "h5_index": 2, "mag_id": "2114746833", "num_publications": 2, "num_citations": 3, "num_publications_5y": 0, "num_citations_5y": 2, "num_publications_10y": 0, "num_citations_10y": 2, "publications_years": {"2003": 2}, "citations_years": {"2014": 1, "2015": 0, "2016": 1, "2017": 0, "2018": 0, "2019": 1}, "old_citations": {"2003": 3}, "isVisible": false}, "2130453231": {"name": "masahide sasaki", "type": "author", "activity": 17, "h_index": 6, "h5_index": 4, "mag_id": "2130453231", "num_publications": 2, "num_citations": 3, "num_publications_5y": 0, "num_citations_5y": 2, "num_publications_10y": 0, "num_citations_10y": 2, "publications_years": {"2003": 2}, "citations_years": {"2014": 1, "2015": 0, "2016": 1, "2017": 0, "2018": 0, "2019": 1}, "old_citations": {"2003": 3}, "isVisible": false}, "2631656276": {"name": "a hasegawa", "type": "author", "activity": 1, "h_index": 1, "h5_index": 0, "mag_id": "2631656276", "num_publications": 2, "num_citations": 3, "num_publications_5y": 0, "num_citations_5y": 2, "num_publications_10y": 0, "num_citations_10y": 2, "publications_years": {"2003": 2}, "citations_years": {"2014": 1, "2015": 0, "2016": 1, "2017": 0, "2018": 0, "2019": 1}, "old_citations": {"2003": 3}, "isVisible": false}, "44950645": {"name": "ole steuernagel", "type": "author", "activity": 1, "h_index": 0, "h5_index": 0, "mag_id": "44950645", "num_publications": 1, "num_citations": 0, "num_publications_5y": 0, "num_citations_5y": 0, "num_publications_10y": 0, "num_citations_10y": 0, "publications_years": {"2003": 1}, "citations_years": {}, "old_citations": {"2003": 0}, "isVisible": false}, "129981219": {"name": "christos zaroliagis", "type": "author", "activity": 31, "h_index": 21, "h5_index": 4, "mag_id": "129981219", "num_publications": 1, "num_citations": 5, "num_publications_5y": 0, "num_citations_5y": 0, "num_publications_10y": 0, "num_citations_10y": 4, "publications_years": {"2005": 1}, "citations_years": {"2007": 1, "2008": 0, "2009": 0, "2010": 0, "2011": 2, "2012": 2}, "old_citations": {"2005": 5}, "isVisible": false}, "154019569": {"name": "peter damaschke", "type": "author", "activity": 28, "h_index": 6, "h5_index": 2, "mag_id": "154019569", "num_publications": 1, "num_citations": 0, "num_publications_5y": 0, "num_citations_5y": 0, "num_publications_10y": 0, "num_citations_10y": 0, "publications_years": {"2001": 1}, "citations_years": {}, "old_citations": {"2001": 0}, "isVisible": false}, "167257613": {"name": "ulrich mertins", "type": "author", "activity": 1, "h_index": 0, "h5_index": 0, "mag_id": "167257613", "num_publications": 1, "num_citations": 0, "num_publications_5y": 0, "num_citations_5y": 0, "num_publications_10y": 0, "num_citations_10y": 0, "publications_years": {"2001": 1}, "citations_years": {}, "old_citations": {"2001": 0}, "isVisible": false}, "211812777": {"name": "nisheeth k vishnoi", "type": "author", "activity": 19, "h_index": 11, "h5_index": 7, "mag_id": "211812777", "num_publications": 1, "num_citations": 1, "num_publications_5y": 0, "num_citations_5y": 0, "num_publications_10y": 0, "num_citations_10y": 0, "publications_years": {"2003": 1}, "citations_years": {"2004": 1}, "old_citations": {"2003": 1}, "isVisible": false}, "224340343": {"name": "hiroshi nagamochi", "type": "author", "activity": 28, "h_index": 12, "h5_index": 2, "mag_id": "224340343", "num_publications": 1, "num_citations": 1, "num_publications_5y": 0, "num_citations_5y": 0, "num_publications_10y": 1, "num_citations_10y": 1, "publications_years": {"2009": 1}, "citations_years": {"2010": 1}, "old_citations": {"2009": 1}, "isVisible": false}, "275489789": {"name": "paul baalham", "type": "author", "activity": 1, "h_index": 0, "h5_index": 0, "mag_id": "275489789", "num_publications": 1, "num_citations": 0, "num_publications_5y": 0, "num_citations_5y": 0, "num_publications_10y": 0, "num_citations_10y": 0, "publications_years": {"2003": 1}, "citations_years": {}, "old_citations": {"2003": 0}, "isVisible": false}, "323258858": {"name": "juraj hromkovic", "type": "author", "activity": 30, "h_index": 19, "h5_index": 4, "mag_id": "323258858", "num_publications": 1, "num_citations": 2, "num_publications_5y": 0, "num_citations_5y": 0, "num_publications_10y": 0, "num_citations_10y": 1, "publications_years": {"2001": 1}, "citations_years": {"2008": 1, "2009": 1}, "old_citations": {"2001": 2}, "isVisible": false}, "343273345": {"name": "farid m ablayev", "type": "author", "activity": 28, "h_index": 3, "h5_index": 1, "mag_id": "343273345", "num_publications": 1, "num_citations": 1, "num_publications_5y": 0, "num_citations_5y": 0, "num_publications_10y": 0, "num_citations_10y": 1, "publications_years": {"2005": 1}, "citations_years": {"2013": 1}, "old_citations": {"2005": 1}, "isVisible": false}, "344142878": {"name": "nikhil r devanur", "type": "author", "activity": 18, "h_index": 21, "h5_index": 9, "mag_id": "344142878", "num_publications": 1, "num_citations": 1, "num_publications_5y": 0, "num_citations_5y": 0, "num_publications_10y": 0, "num_citations_10y": 0, "publications_years": {"2003": 1}, "citations_years": {"2004": 1}, "old_citations": {"2003": 1}, "isVisible": false}, "663920594": {"name": "andreas zell", "type": "author", "activity": 31, "h_index": 33, "h5_index": 7, "mag_id": "663920594", "num_publications": 1, "num_citations": 8, "num_publications_5y": 0, "num_citations_5y": 2, "num_publications_10y": 0, "num_citations_10y": 2, "publications_years": {"2001": 1}, "citations_years": {"2002": 1, "2003": 1, "2004": 1, "2005": 2, "2006": 0, "2007": 0, "2008": 1, "2009": 0, "2010": 0, "2011": 0, "2012": 0, "2013": 0, "2014": 0, "2015": 1, "2016": 1}, "old_citations": {"2001": 8}, "isVisible": false}, "738933501": {"name": "l g l t meertens", "type": "author", "activity": 19, "h_index": 8, "h5_index": 0, "mag_id": "738933501", "num_publications": 1, "num_citations": 61, "num_publications_5y": 0, "num_citations_5y": 10, "num_publications_10y": 0, "num_citations_10y": 28, "publications_years": {"2001": 1}, "citations_years": {"2001": 1, "2002": 4, "2003": 6, "2004": 5, "2005": 8, "2006": 5, "2007": 3, "2008": 1, "2009": 2, "2010": 2, "2011": 5, "2012": 5, "2013": 4, "2014": 3, "2015": 4, "2016": 2, "2017": 0, "2018": 1}, "old_citations": {"2001": 61}, "isVisible": false}, "1184479373": {"name": "vladimir v vyugin", "type": "author", "activity": 21, "h_index": 3, "h5_index": 1, "mag_id": "1184479373", "num_publications": 1, "num_citations": 2, "num_publications_5y": 0, "num_citations_5y": 1, "num_publications_10y": 1, "num_citations_10y": 2, "publications_years": {"2009": 1}, "citations_years": {"2011": 1, "2012": 0, "2013": 0, "2014": 0, "2015": 1}, "old_citations": {"2009": 2}, "isVisible": false}, "1211009897": {"name": "kosmas knodler", "type": "author", "activity": 5, "h_index": 4, "h5_index": 0, "mag_id": "1211009897", "num_publications": 1, "num_citations": 8, "num_publications_5y": 0, "num_citations_5y": 2, "num_publications_10y": 0, "num_citations_10y": 2, "publications_years": {"2001": 1}, "citations_years": {"2002": 1, "2003": 1, "2004": 1, "2005": 2, "2006": 0, "2007": 0, "2008": 1, "2009": 0, "2010": 0, "2011": 0, "2012": 0, "2013": 0, "2014": 0, "2015": 1, "2016": 1}, "old_citations": {"2001": 8}, "isVisible": false}, "1575075415": {"name": "chrystopher l nehaniv", "type": "author", "activity": 21, "h_index": 33, "h5_index": 3, "mag_id": "1575075415", "num_publications": 1, "num_citations": 12, "num_publications_5y": 0, "num_citations_5y": 0, "num_publications_10y": 0, "num_citations_10y": 5, "publications_years": {"2005": 1}, "citations_years": {"2005": 1, "2006": 2, "2007": 2, "2008": 2, "2009": 3, "2010": 2}, "old_citations": {"2005": 12}, "isVisible": false}, "1636063566": {"name": "hadi nobahari", "type": "author", "activity": 16, "h_index": 4, "h5_index": 2, "mag_id": "1636063566", "num_publications": 1, "num_citations": 4, "num_publications_5y": 0, "num_citations_5y": 2, "num_publications_10y": 0, "num_citations_10y": 3, "publications_years": {"2005": 1}, "citations_years": {"2007": 1, "2008": 0, "2009": 0, "2010": 1, "2011": 0, "2012": 0, "2013": 0, "2014": 1, "2015": 0, "2016": 0, "2017": 0, "2018": 1}, "old_citations": {"2005": 4}, "isVisible": false}, "1843248919": {"name": "adnan kavak", "type": "author", "activity": 22, "h_index": 8, "h5_index": 2, "mag_id": "1843248919", "num_publications": 1, "num_citations": 1, "num_publications_5y": 0, "num_citations_5y": 0, "num_publications_10y": 0, "num_citations_10y": 0, "publications_years": {"2007": 1}, "citations_years": {"2008": 1}, "old_citations": {"2007": 1}, "isVisible": false}, "1898667260": {"name": "martin romauch", "type": "author", "activity": 12, "h_index": 3, "h5_index": 0, "mag_id": "1898667260", "num_publications": 1, "num_citations": 15, "num_publications_5y": 0, "num_citations_5y": 6, "num_publications_10y": 0, "num_citations_10y": 14, "publications_years": {"2005": 1}, "citations_years": {"2008": 1, "2009": 1, "2010": 0, "2011": 1, "2012": 4, "2013": 2, "2014": 2, "2015": 1, "2016": 2, "2017": 0, "2018": 1}, "old_citations": {"2005": 15}, "isVisible": false}, "1905399165": {"name": "peter gottschling", "type": "author", "activity": 15, "h_index": 9, "h5_index": 0, "mag_id": "1905399165", "num_publications": 1, "num_citations": 3, "num_publications_5y": 0, "num_citations_5y": 0, "num_publications_10y": 0, "num_citations_10y": 0, "publications_years": {"2001": 1}, "citations_years": {"2003": 2, "2004": 1}, "old_citations": {"2001": 3}, "isVisible": false}, "1966700651": {"name": "artur czumaj", "type": "author", "activity": 29, "h_index": 18, "h5_index": 5, "mag_id": "1966700651", "num_publications": 1, "num_citations": 8, "num_publications_5y": 0, "num_citations_5y": 3, "num_publications_10y": 0, "num_citations_10y": 4, "publications_years": {"2007": 1}, "citations_years": {"2007": 1, "2008": 0, "2009": 0, "2010": 0, "2011": 0, "2012": 0, "2013": 1, "2014": 0, "2015": 0, "2016": 0, "2017": 1, "2018": 2, "2019": 2, "2020": 1}, "old_citations": {"2007": 8}, "isVisible": false}, "1978627379": {"name": "masoud babakhani", "type": "author", "activity": 14, "h_index": 1, "h5_index": 0, "mag_id": "1978627379", "num_publications": 1, "num_citations": 34, "num_publications_5y": 0, "num_citations_5y": 11, "num_publications_10y": 0, "num_citations_10y": 22, "publications_years": {"2005": 1}, "citations_years": {"2006": 4, "2007": 2, "2008": 5, "2009": 2, "2010": 2, "2011": 2, "2012": 5, "2013": 0, "2014": 0, "2015": 1, "2016": 8, "2017": 1, "2018": 1, "2019": 1}, "old_citations": {"2005": 34}, "isVisible": false}, "1983098590": {"name": "louis wehenkel", "type": "author", "activity": 29, "h_index": 22, "h5_index": 4, "mag_id": "1983098590", "num_publications": 1, "num_citations": 2, "num_publications_5y": 0, "num_citations_5y": 0, "num_publications_10y": 1, "num_citations_10y": 2, "publications_years": {"2009": 1}, "citations_years": {"2011": 1, "2012": 0, "2013": 1}, "old_citations": {"2009": 2}, "isVisible": false}, "1984745409": {"name": "adrianhoria dediu", "type": "author", "activity": 23, "h_index": 4, "h5_index": 1, "mag_id": "1984745409", "num_publications": 1, "num_citations": 1, "num_publications_5y": 0, "num_citations_5y": 0, "num_publications_10y": 0, "num_citations_10y": 0, "publications_years": {"2005": 1}, "citations_years": {"2008": 1}, "old_citations": {"2005": 1}, "isVisible": false}, "1990503027": {"name": "boris defourny", "type": "author", "activity": 11, "h_index": 6, "h5_index": 1, "mag_id": "1990503027", "num_publications": 1, "num_citations": 2, "num_publications_5y": 0, "num_citations_5y": 0, "num_publications_10y": 1, "num_citations_10y": 2, "publications_years": {"2009": 1}, "citations_years": {"2011": 1, "2012": 0, "2013": 1}, "old_citations": {"2009": 2}, "isVisible": false}, "1993267304": {"name": "seid h pourtakdoust", "type": "author", "activity": 25, "h_index": 4, "h5_index": 1, "mag_id": "1993267304", "num_publications": 1, "num_citations": 4, "num_publications_5y": 0, "num_citations_5y": 2, "num_publications_10y": 0, "num_citations_10y": 3, "publications_years": {"2005": 1}, "citations_years": {"2007": 1, "2008": 0, "2009": 0, "2010": 1, "2011": 0, "2012": 0, "2013": 0, "2014": 1, "2015": 0, "2016": 0, "2017": 0, "2018": 1}, "old_citations": {"2005": 4}, "isVisible": false}, "2014743178": {"name": "mikhail dashevskiy", "type": "author", "activity": 7, "h_index": 4, "h5_index": 0, "mag_id": "2014743178", "num_publications": 1, "num_citations": 5, "num_publications_5y": 0, "num_citations_5y": 3, "num_publications_10y": 1, "num_citations_10y": 5, "publications_years": {"2009": 1}, "citations_years": {"2012": 1, "2013": 1, "2014": 0, "2015": 2, "2016": 0, "2017": 1}, "old_citations": {"2009": 5}, "isVisible": false}, "2043506717": {"name": "kazuya haraguchi", "type": "author", "activity": 7, "h_index": 3, "h5_index": 0, "mag_id": "2043506717", "num_publications": 1, "num_citations": 1, "num_publications_5y": 0, "num_citations_5y": 0, "num_publications_10y": 1, "num_citations_10y": 1, "publications_years": {"2009": 1}, "citations_years": {"2010": 1}, "old_citations": {"2009": 1}, "isVisible": false}, "2046165336": {"name": "martin sauerhoff", "type": "author", "activity": 15, "h_index": 3, "h5_index": 0, "mag_id": "2046165336", "num_publications": 1, "num_citations": 1, "num_publications_5y": 0, "num_citations_5y": 0, "num_publications_10y": 0, "num_citations_10y": 0, "publications_years": {"2001": 1}, "citations_years": {"2004": 1}, "old_citations": {"2001": 1}, "isVisible": false}, "2050476298": {"name": "henning behnke", "type": "author", "activity": 1, "h_index": 0, "h5_index": 0, "mag_id": "2050476298", "num_publications": 1, "num_citations": 0, "num_publications_5y": 0, "num_citations_5y": 0, "num_publications_10y": 0, "num_citations_10y": 0, "publications_years": {"2001": 1}, "citations_years": {}, "old_citations": {"2001": 0}, "isVisible": false}, "2054264547": {"name": "richard f hartl", "type": "author", "activity": 27, "h_index": 21, "h5_index": 3, "mag_id": "2054264547", "num_publications": 1, "num_citations": 15, "num_publications_5y": 0, "num_citations_5y": 6, "num_publications_10y": 0, "num_citations_10y": 14, "publications_years": {"2005": 1}, "citations_years": {"2008": 1, "2009": 1, "2010": 0, "2011": 1, "2012": 4, "2013": 2, "2014": 2, "2015": 1, "2016": 2, "2017": 0, "2018": 1}, "old_citations": {"2005": 15}, "isVisible": false}, "2054680486": {"name": "karsten luebke", "type": "author", "activity": 3, "h_index": 2, "h5_index": 0, "mag_id": "2054680486", "num_publications": 1, "num_citations": 3, "num_publications_5y": 0, "num_citations_5y": 0, "num_publications_10y": 0, "num_citations_10y": 0, "publications_years": {"2003": 1}, "citations_years": {"2004": 1, "2005": 2}, "old_citations": {"2003": 3}, "isVisible": false}, "2061896036": {"name": "mustafa karakoc", "type": "author", "activity": 6, "h_index": 4, "h5_index": 0, "mag_id": "2061896036", "num_publications": 1, "num_citations": 1, "num_publications_5y": 0, "num_citations_5y": 0, "num_publications_10y": 0, "num_citations_10y": 0, "publications_years": {"2007": 1}, "citations_years": {"2008": 1}, "old_citations": {"2007": 1}, "isVisible": false}, "2062777536": {"name": "anatoli manita", "type": "author", "activity": 3, "h_index": 1, "h5_index": 0, "mag_id": "2062777536", "num_publications": 1, "num_citations": 10, "num_publications_5y": 0, "num_citations_5y": 5, "num_publications_10y": 0, "num_citations_10y": 6, "publications_years": {"2005": 1}, "citations_years": {"2006": 3, "2007": 0, "2008": 1, "2009": 0, "2010": 0, "2011": 0, "2012": 1, "2013": 0, "2014": 2, "2015": 0, "2016": 1, "2017": 2}, "old_citations": {"2005": 10}, "isVisible": false}, "2095693323": {"name": "paul g spirakis", "type": "author", "activity": 31, "h_index": 26, "h5_index": 5, "mag_id": "2095693323", "num_publications": 1, "num_citations": 0, "num_publications_5y": 0, "num_citations_5y": 0, "num_publications_10y": 0, "num_citations_10y": 0, "publications_years": {"2007": 1}, "citations_years": {}, "old_citations": {"2007": 0}, "isVisible": false}, "2096398591": {"name": "daniel diaz", "type": "author", "activity": 27, "h_index": 17, "h5_index": 1, "mag_id": "2096398591", "num_publications": 1, "num_citations": 90, "num_publications_5y": 0, "num_citations_5y": 25, "num_publications_10y": 0, "num_citations_10y": 58, "publications_years": {"2001": 1}, "citations_years": {"2002": 6, "2003": 6, "2004": 6, "2005": 8, "2006": 2, "2007": 2, "2008": 0, "2009": 3, "2010": 5, "2011": 8, "2012": 9, "2013": 8, "2014": 9, "2015": 6, "2016": 2, "2017": 3, "2018": 5, "2019": 2}, "old_citations": {"2001": 90}, "isVisible": false}, "2101654730": {"name": "winston patrick kuo", "type": "author", "activity": 9, "h_index": 2, "h5_index": 0, "mag_id": "2101654730", "num_publications": 1, "num_citations": 0, "num_publications_5y": 0, "num_citations_5y": 0, "num_publications_10y": 0, "num_citations_10y": 0, "publications_years": {"2003": 1}, "citations_years": {}, "old_citations": {"2003": 0}, "isVisible": false}, "2103984064": {"name": "matthias englert", "type": "author", "activity": 16, "h_index": 10, "h5_index": 1, "mag_id": "2103984064", "num_publications": 1, "num_citations": 3, "num_publications_5y": 0, "num_citations_5y": 0, "num_publications_10y": 1, "num_citations_10y": 3, "publications_years": {"2009": 1}, "citations_years": {"2010": 1, "2011": 0, "2012": 1, "2013": 1}, "old_citations": {"2009": 3}, "isVisible": false}, "2104041278": {"name": "andrea arcuri", "type": "author", "activity": 14, "h_index": 36, "h5_index": 10, "mag_id": "2104041278", "num_publications": 1, "num_citations": 0, "num_publications_5y": 0, "num_citations_5y": 0, "num_publications_10y": 1, "num_citations_10y": 0, "publications_years": {"2009": 1}, "citations_years": {}, "old_citations": {"2009": 27}, "isVisible": false}, "2109782452": {"name": "yuliang wu", "type": "author", "activity": 21, "h_index": 11, "h5_index": 1, "mag_id": "2109782452", "num_publications": 1, "num_citations": 5, "num_publications_5y": 0, "num_citations_5y": 2, "num_publications_10y": 0, "num_citations_10y": 2, "publications_years": {"2005": 1}, "citations_years": {"2007": 1, "2008": 2, "2009": 0, "2010": 0, "2011": 0, "2012": 0, "2013": 0, "2014": 0, "2015": 1, "2016": 0, "2017": 1}, "old_citations": {"2005": 5}, "isVisible": false}, "2111915089": {"name": "ian f c smith", "type": "author", "activity": 30, "h_index": 17, "h5_index": 3, "mag_id": "2111915089", "num_publications": 1, "num_citations": 2, "num_publications_5y": 0, "num_citations_5y": 0, "num_publications_10y": 0, "num_citations_10y": 2, "publications_years": {"2003": 1}, "citations_years": {"2009": 1, "2010": 0, "2011": 0, "2012": 1}, "old_citations": {"2003": 2}, "isVisible": false}, "2114916680": {"name": "taisuke sato", "type": "author", "activity": 29, "h_index": 20, "h5_index": 1, "mag_id": "2114916680", "num_publications": 1, "num_citations": 0, "num_publications_5y": 0, "num_citations_5y": 0, "num_publications_10y": 1, "num_citations_10y": 0, "publications_years": {"2009": 1}, "citations_years": {}, "old_citations": {"2009": 0}, "isVisible": false}, "2119126980": {"name": "maria adela grando", "type": "author", "activity": 3, "h_index": 3, "h5_index": 0, "mag_id": "2119126980", "num_publications": 1, "num_citations": 1, "num_publications_5y": 0, "num_citations_5y": 0, "num_publications_10y": 0, "num_citations_10y": 0, "publications_years": {"2005": 1}, "citations_years": {"2008": 1}, "old_citations": {"2005": 1}, "isVisible": false}, "2122248883": {"name": "joachim wegener", "type": "author", "activity": 23, "h_index": 23, "h5_index": 0, "mag_id": "2122248883", "num_publications": 1, "num_citations": 6, "num_publications_5y": 0, "num_citations_5y": 1, "num_publications_10y": 0, "num_citations_10y": 4, "publications_years": {"2005": 1}, "citations_years": {"2008": 2, "2009": 1, "2010": 0, "2011": 0, "2012": 1, "2013": 1, "2014": 0, "2015": 0, "2016": 1}, "old_citations": {"2005": 6}, "isVisible": false}, "2127040002": {"name": "melanie winkler", "type": "author", "activity": 2, "h_index": 2, "h5_index": 0, "mag_id": "2127040002", "num_publications": 1, "num_citations": 3, "num_publications_5y": 0, "num_citations_5y": 0, "num_publications_10y": 1, "num_citations_10y": 3, "publications_years": {"2009": 1}, "citations_years": {"2010": 1, "2011": 0, "2012": 1, "2013": 1}, "old_citations": {"2009": 3}, "isVisible": false}, "2128242943": {"name": "aravind srinivasan", "type": "author", "activity": 29, "h_index": 39, "h5_index": 5, "mag_id": "2128242943", "num_publications": 1, "num_citations": 2, "num_publications_5y": 0, "num_citations_5y": 0, "num_publications_10y": 0, "num_citations_10y": 1, "publications_years": {"2007": 1}, "citations_years": {"2008": 1, "2009": 1}, "old_citations": {"2007": 2}, "isVisible": false}, "2130365379": {"name": "seokhee hong", "type": "author", "activity": 23, "h_index": 16, "h5_index": 4, "mag_id": "2130365379", "num_publications": 1, "num_citations": 1, "num_publications_5y": 0, "num_citations_5y": 0, "num_publications_10y": 1, "num_citations_10y": 1, "publications_years": {"2009": 1}, "citations_years": {"2010": 1}, "old_citations": {"2009": 1}, "isVisible": false}, "2132559101": {"name": "steven c parkhurst", "type": "author", "activity": 8, "h_index": 2, "h5_index": 0, "mag_id": "2132559101", "num_publications": 1, "num_citations": 6, "num_publications_5y": 0, "num_citations_5y": 0, "num_publications_10y": 0, "num_citations_10y": 5, "publications_years": {"2003": 1}, "citations_years": {"2008": 1, "2009": 1, "2010": 2, "2011": 2}, "old_citations": {"2003": 6}, "isVisible": false}, "2134522090": {"name": "reza tavakkolimoghaddam", "type": "author", "activity": 22, "h_index": 26, "h5_index": 7, "mag_id": "2134522090", "num_publications": 1, "num_citations": 34, "num_publications_5y": 0, "num_citations_5y": 11, "num_publications_10y": 0, "num_citations_10y": 22, "publications_years": {"2005": 1}, "citations_years": {"2006": 4, "2007": 2, "2008": 5, "2009": 2, "2010": 2, "2011": 2, "2012": 5, "2013": 0, "2014": 0, "2015": 1, "2016": 8, "2017": 1, "2018": 1, "2019": 1}, "old_citations": {"2005": 34}, "isVisible": false}, "2153035999": {"name": "stephen fitzpatrick", "type": "author", "activity": 24, "h_index": 7, "h5_index": 0, "mag_id": "2153035999", "num_publications": 1, "num_citations": 61, "num_publications_5y": 0, "num_citations_5y": 10, "num_publications_10y": 0, "num_citations_10y": 28, "publications_years": {"2001": 1}, "citations_years": {"2001": 1, "2002": 4, "2003": 6, "2004": 5, "2005": 8, "2006": 5, "2007": 3, "2008": 1, "2009": 2, "2010": 2, "2011": 5, "2012": 5, "2013": 4, "2014": 3, "2015": 4, "2016": 2, "2017": 0, "2018": 1}, "old_citations": {"2001": 61}, "isVisible": false}, "2165854212": {"name": "munkyu lee", "type": "author", "activity": 16, "h_index": 8, "h5_index": 4, "mag_id": "2165854212", "num_publications": 1, "num_citations": 0, "num_publications_5y": 0, "num_citations_5y": 0, "num_publications_10y": 0, "num_citations_10y": 0, "publications_years": {"2005": 1}, "citations_years": {}, "old_citations": {"2005": 0}, "isVisible": false}, "2168661915": {"name": "zhiyuan luo", "type": "author", "activity": 31, "h_index": 9, "h5_index": 2, "mag_id": "2168661915", "num_publications": 1, "num_citations": 5, "num_publications_5y": 0, "num_citations_5y": 3, "num_publications_10y": 1, "num_citations_10y": 5, "publications_years": {"2009": 1}, "citations_years": {"2012": 1, "2013": 1, "2014": 0, "2015": 2, "2016": 0, "2017": 1}, "old_citations": {"2009": 5}, "isVisible": false}, "2170818885": {"name": "jeremy barbay", "type": "author", "activity": 17, "h_index": 8, "h5_index": 2, "mag_id": "2170818885", "num_publications": 1, "num_citations": 11, "num_publications_5y": 0, "num_citations_5y": 1, "num_publications_10y": 0, "num_citations_10y": 4, "publications_years": {"2003": 1}, "citations_years": {"2003": 1, "2004": 1, "2005": 0, "2006": 1, "2007": 2, "2008": 2, "2009": 1, "2010": 0, "2011": 1, "2012": 0, "2013": 1, "2014": 0, "2015": 0, "2016": 0, "2017": 1}, "old_citations": {"2003": 11}, "isVisible": false}, "2180896648": {"name": "benny raphael", "type": "author", "activity": 27, "h_index": 7, "h5_index": 1, "mag_id": "2180896648", "num_publications": 1, "num_citations": 2, "num_publications_5y": 0, "num_citations_5y": 0, "num_publications_10y": 0, "num_citations_10y": 2, "publications_years": {"2003": 1}, "citations_years": {"2009": 1, "2010": 0, "2011": 0, "2012": 1}, "old_citations": {"2003": 2}, "isVisible": false}, "2200660057": {"name": "berthold vocking", "type": "author", "activity": 19, "h_index": 22, "h5_index": 0, "mag_id": "2200660057", "num_publications": 1, "num_citations": 3, "num_publications_5y": 0, "num_citations_5y": 0, "num_publications_10y": 1, "num_citations_10y": 3, "publications_years": {"2009": 1}, "citations_years": {"2010": 1, "2011": 0, "2012": 1, "2013": 1}, "old_citations": {"2009": 3}, "isVisible": false}, "2225638692": {"name": "damien ernst", "type": "author", "activity": 22, "h_index": 20, "h5_index": 4, "mag_id": "2225638692", "num_publications": 1, "num_citations": 2, "num_publications_5y": 0, "num_citations_5y": 0, "num_publications_10y": 1, "num_citations_10y": 2, "publications_years": {"2009": 1}, "citations_years": {"2011": 1, "2012": 0, "2013": 1}, "old_citations": {"2009": 2}, "isVisible": false}, "2238263220": {"name": "nima safaei", "type": "author", "activity": 15, "h_index": 8, "h5_index": 0, "mag_id": "2238263220", "num_publications": 1, "num_citations": 34, "num_publications_5y": 0, "num_citations_5y": 11, "num_publications_10y": 0, "num_citations_10y": 22, "publications_years": {"2005": 1}, "citations_years": {"2006": 4, "2007": 2, "2008": 5, "2009": 2, "2010": 2, "2011": 2, "2012": 5, "2013": 0, "2014": 0, "2015": 1, "2016": 8, "2017": 1, "2018": 1, "2019": 1}, "old_citations": {"2005": 34}, "isVisible": false}, "2242661410": {"name": "thomas zeugmann", "type": "author", "activity": 29, "h_index": 17, "h5_index": 0, "mag_id": "2242661410", "num_publications": 1, "num_citations": 1, "num_publications_5y": 0, "num_citations_5y": 0, "num_publications_10y": 0, "num_citations_10y": 1, "publications_years": {"2001": 1}, "citations_years": {"2009": 1}, "old_citations": {"2001": 1}, "isVisible": false}, "2242896051": {"name": "xinshe yang", "type": "author", "activity": 18, "h_index": 42, "h5_index": 15, "mag_id": "2242896051", "num_publications": 1, "num_citations": 1596, "num_publications_5y": 0, "num_citations_5y": 1050, "num_publications_10y": 1, "num_citations_10y": 1314, "publications_years": {"2009": 1}, "citations_years": {"2010": 12, "2011": 29, "2012": 60, "2013": 163, "2014": 194, "2015": 208, "2016": 236, "2017": 212, "2018": 200, "2019": 194, "2020": 88}, "old_citations": {"2009": 1596}, "isVisible": false}, "2243600060": {"name": "dong kyue kim", "type": "author", "activity": 11, "h_index": 6, "h5_index": 0, "mag_id": "2243600060", "num_publications": 1, "num_citations": 0, "num_publications_5y": 0, "num_citations_5y": 0, "num_publications_10y": 0, "num_citations_10y": 0, "publications_years": {"2005": 1}, "citations_years": {}, "old_citations": {"2005": 0}, "isVisible": false}, "2251456659": {"name": "john a vaccaro", "type": "author", "activity": 15, "h_index": 2, "h5_index": 0, "mag_id": "2251456659", "num_publications": 1, "num_citations": 0, "num_publications_5y": 0, "num_citations_5y": 0, "num_publications_10y": 0, "num_citations_10y": 0, "publications_years": {"2003": 1}, "citations_years": {}, "old_citations": {"2003": 0}, "isVisible": false}, "2253347400": {"name": "ricard gavalda", "type": "author", "activity": 30, "h_index": 22, "h5_index": 3, "mag_id": "2253347400", "num_publications": 1, "num_citations": 3, "num_publications_5y": 0, "num_citations_5y": 0, "num_publications_10y": 0, "num_citations_10y": 0, "publications_years": {"2001": 1}, "citations_years": {"2002": 1, "2003": 1, "2004": 0, "2005": 0, "2006": 0, "2007": 0, "2008": 1}, "old_citations": {"2001": 3}, "isVisible": false}, "2285143505": {"name": "carlo meloni", "type": "author", "activity": 19, "h_index": 9, "h5_index": 1, "mag_id": "2285143505", "num_publications": 1, "num_citations": 6, "num_publications_5y": 0, "num_citations_5y": 0, "num_publications_10y": 0, "num_citations_10y": 3, "publications_years": {"2001": 1}, "citations_years": {"2003": 1, "2004": 0, "2005": 0, "2006": 2, "2007": 0, "2008": 0, "2009": 1, "2010": 0, "2011": 1, "2012": 0, "2013": 1}, "old_citations": {"2001": 6}, "isVisible": false}, "2292699818": {"name": "philippe codognet", "type": "author", "activity": 27, "h_index": 16, "h5_index": 1, "mag_id": "2292699818", "num_publications": 1, "num_citations": 90, "num_publications_5y": 0, "num_citations_5y": 25, "num_publications_10y": 0, "num_citations_10y": 58, "publications_years": {"2001": 1}, "citations_years": {"2002": 6, "2003": 6, "2004": 6, "2005": 8, "2006": 2, "2007": 2, "2008": 0, "2009": 3, "2010": 5, "2011": 8, "2012": 9, "2013": 8, "2014": 9, "2015": 6, "2016": 2, "2017": 3, "2018": 5, "2019": 2}, "old_citations": {"2001": 90}, "isVisible": false}, "2306977983": {"name": "spyros kontogiannis", "type": "author", "activity": 23, "h_index": 6, "h5_index": 1, "mag_id": "2306977983", "num_publications": 1, "num_citations": 0, "num_publications_5y": 0, "num_citations_5y": 0, "num_publications_10y": 0, "num_citations_10y": 0, "publications_years": {"2007": 1}, "citations_years": {}, "old_citations": {"2007": 0}, "isVisible": false}, "2307024348": {"name": "harry buhrman", "type": "author", "activity": 29, "h_index": 15, "h5_index": 1, "mag_id": "2307024348", "num_publications": 1, "num_citations": 0, "num_publications_5y": 0, "num_citations_5y": 0, "num_publications_10y": 0, "num_citations_10y": 0, "publications_years": {"2007": 1}, "citations_years": {}, "old_citations": {"2007": 0}, "isVisible": false}, "2308725329": {"name": "michael kolonko", "type": "author", "activity": 19, "h_index": 2, "h5_index": 1, "mag_id": "2308725329", "num_publications": 1, "num_citations": 0, "num_publications_5y": 0, "num_citations_5y": 0, "num_publications_10y": 0, "num_citations_10y": 0, "publications_years": {"2001": 1}, "citations_years": {}, "old_citations": {"2001": 0}, "isVisible": false}, "2323922362": {"name": "simon p wilson", "type": "author", "activity": 8, "h_index": 2, "h5_index": 0, "mag_id": "2323922362", "num_publications": 1, "num_citations": 6, "num_publications_5y": 0, "num_citations_5y": 0, "num_publications_10y": 0, "num_citations_10y": 5, "publications_years": {"2003": 1}, "citations_years": {"2008": 1, "2009": 1, "2010": 2, "2011": 2}, "old_citations": {"2003": 6}, "isVisible": false}, "2328605459": {"name": "mike c bartholomewbiggs", "type": "author", "activity": 8, "h_index": 2, "h5_index": 0, "mag_id": "2328605459", "num_publications": 1, "num_citations": 6, "num_publications_5y": 0, "num_citations_5y": 0, "num_publications_10y": 0, "num_citations_10y": 5, "publications_years": {"2003": 1}, "citations_years": {"2008": 1, "2009": 1, "2010": 2, "2011": 2}, "old_citations": {"2003": 6}, "isVisible": false}, "2396139840": {"name": "francois simonot", "type": "author", "activity": 1, "h_index": 1, "h5_index": 0, "mag_id": "2396139840", "num_publications": 1, "num_citations": 10, "num_publications_5y": 0, "num_citations_5y": 5, "num_publications_10y": 0, "num_citations_10y": 6, "publications_years": {"2005": 1}, "citations_years": {"2006": 3, "2007": 0, "2008": 1, "2009": 0, "2010": 0, "2011": 0, "2012": 1, "2013": 0, "2014": 2, "2015": 0, "2016": 1, "2017": 2}, "old_citations": {"2005": 10}, "isVisible": false}, "2420828562": {"name": "thomas fleischhauer", "type": "author", "activity": 3, "h_index": 2, "h5_index": 0, "mag_id": "2420828562", "num_publications": 1, "num_citations": 8, "num_publications_5y": 0, "num_citations_5y": 2, "num_publications_10y": 0, "num_citations_10y": 2, "publications_years": {"2001": 1}, "citations_years": {"2002": 1, "2003": 1, "2004": 1, "2005": 2, "2006": 0, "2007": 0, "2008": 1, "2009": 0, "2010": 0, "2011": 0, "2012": 0, "2013": 0, "2014": 0, "2015": 1, "2016": 1}, "old_citations": {"2001": 8}, "isVisible": false}, "2431810988": {"name": "lucila ohnomachado", "type": "author", "activity": 28, "h_index": 28, "h5_index": 8, "mag_id": "2431810988", "num_publications": 1, "num_citations": 0, "num_publications_5y": 0, "num_citations_5y": 0, "num_publications_10y": 0, "num_citations_10y": 0, "publications_years": {"2003": 1}, "citations_years": {}, "old_citations": {"2003": 0}, "isVisible": false}, "2462414061": {"name": "uwe naumann", "type": "author", "activity": 20, "h_index": 15, "h5_index": 3, "mag_id": "2462414061", "num_publications": 1, "num_citations": 3, "num_publications_5y": 0, "num_citations_5y": 0, "num_publications_10y": 0, "num_citations_10y": 0, "publications_years": {"2001": 1}, "citations_years": {"2003": 2, "2004": 1}, "old_citations": {"2001": 3}, "isVisible": false}, "2504899800": {"name": "takeshi sawai", "type": "author", "activity": 1, "h_index": 1, "h5_index": 0, "mag_id": "2504899800", "num_publications": 1, "num_citations": 4, "num_publications_5y": 0, "num_citations_5y": 0, "num_publications_10y": 0, "num_citations_10y": 0, "publications_years": {"2003": 1}, "citations_years": {"2005": 2, "2006": 1, "2007": 1}, "old_citations": {"2003": 4}, "isVisible": false}, "2506615494": {"name": "chikong chan", "type": "author", "activity": 15, "h_index": 6, "h5_index": 0, "mag_id": "2506615494", "num_publications": 1, "num_citations": 5, "num_publications_5y": 0, "num_citations_5y": 2, "num_publications_10y": 0, "num_citations_10y": 2, "publications_years": {"2005": 1}, "citations_years": {"2007": 1, "2008": 2, "2009": 0, "2010": 0, "2011": 0, "2012": 0, "2013": 0, "2014": 0, "2015": 1, "2016": 0, "2017": 1}, "old_citations": {"2005": 5}, "isVisible": false}, "2551130142": {"name": "chi seong park", "type": "author", "activity": 1, "h_index": 0, "h5_index": 0, "mag_id": "2551130142", "num_publications": 1, "num_citations": 0, "num_publications_5y": 0, "num_citations_5y": 0, "num_publications_10y": 0, "num_citations_10y": 0, "publications_years": {"2005": 1}, "citations_years": {}, "old_citations": {"2005": 0}, "isVisible": false}, "2600904092": {"name": "alexander mitterer", "type": "author", "activity": 3, "h_index": 3, "h5_index": 0, "mag_id": "2600904092", "num_publications": 1, "num_citations": 8, "num_publications_5y": 0, "num_citations_5y": 2, "num_publications_10y": 0, "num_citations_10y": 2, "publications_years": {"2001": 1}, "citations_years": {"2002": 1, "2003": 1, "2004": 1, "2005": 2, "2006": 0, "2007": 0, "2008": 1, "2009": 0, "2010": 0, "2011": 0, "2012": 0, "2013": 0, "2014": 0, "2015": 1, "2016": 1}, "old_citations": {"2001": 8}, "isVisible": false}, "2614722191": {"name": "joan a vaccaro", "type": "author", "activity": 13, "h_index": 1, "h5_index": 0, "mag_id": "2614722191", "num_publications": 1, "num_citations": 3, "num_publications_5y": 0, "num_citations_5y": 2, "num_publications_10y": 0, "num_citations_10y": 2, "publications_years": {"2003": 1}, "citations_years": {"2014": 1, "2015": 0, "2016": 1, "2017": 0, "2018": 0, "2019": 1}, "old_citations": {"2003": 3}, "isVisible": false}, "2618650798": {"name": "jan poland", "type": "author", "activity": 19, "h_index": 6, "h5_index": 0, "mag_id": "2618650798", "num_publications": 1, "num_citations": 8, "num_publications_5y": 0, "num_citations_5y": 2, "num_publications_10y": 0, "num_citations_10y": 2, "publications_years": {"2001": 1}, "citations_years": {"2002": 1, "2003": 1, "2004": 1, "2005": 2, "2006": 0, "2007": 0, "2008": 1, "2009": 0, "2010": 0, "2011": 0, "2012": 0, "2013": 0, "2014": 0, "2015": 1, "2016": 1}, "old_citations": {"2001": 8}, "isVisible": false}, "2668464570": {"name": "richard j lipton", "type": "author", "activity": 27, "h_index": 10, "h5_index": 1, "mag_id": "2668464570", "num_publications": 1, "num_citations": 1, "num_publications_5y": 0, "num_citations_5y": 0, "num_publications_10y": 0, "num_citations_10y": 0, "publications_years": {"2003": 1}, "citations_years": {"2004": 1}, "old_citations": {"2003": 1}, "isVisible": false}, "2694590799": {"name": "frank zubergoos", "type": "author", "activity": 1, "h_index": 1, "h5_index": 0, "mag_id": "2694590799", "num_publications": 1, "num_citations": 8, "num_publications_5y": 0, "num_citations_5y": 2, "num_publications_10y": 0, "num_citations_10y": 2, "publications_years": {"2001": 1}, "citations_years": {"2002": 1, "2003": 1, "2004": 1, "2005": 2, "2006": 0, "2007": 0, "2008": 1, "2009": 0, "2010": 0, "2011": 0, "2012": 0, "2013": 0, "2014": 0, "2015": 1, "2016": 1}, "old_citations": {"2001": 8}, "isVisible": false}, "2699545526": {"name": "stefan schnitter", "type": "author", "activity": 1, "h_index": 0, "h5_index": 0, "mag_id": "2699545526", "num_publications": 1, "num_citations": 0, "num_publications_5y": 0, "num_citations_5y": 0, "num_publications_10y": 0, "num_citations_10y": 0, "publications_years": {"2001": 1}, "citations_years": {}, "old_citations": {"2001": 0}, "isVisible": false}, "2719288807": {"name": "xin wang", "type": "author", "activity": 1, "h_index": 2, "h5_index": 0, "mag_id": "2719288807", "num_publications": 1, "num_citations": 8, "num_publications_5y": 0, "num_citations_5y": 3, "num_publications_10y": 0, "num_citations_10y": 4, "publications_years": {"2007": 1}, "citations_years": {"2007": 1, "2008": 0, "2009": 0, "2010": 0, "2011": 0, "2012": 0, "2013": 1, "2014": 0, "2015": 0, "2016": 0, "2017": 1, "2018": 2, "2019": 2, "2020": 1}, "old_citations": {"2007": 8}, "isVisible": false}, "2805067503": {"name": "alexander sapozhenko", "type": "author", "activity": 1, "h_index": 1, "h5_index": 0, "mag_id": "2805067503", "num_publications": 1, "num_citations": 5, "num_publications_5y": 0, "num_citations_5y": 4, "num_publications_10y": 0, "num_citations_10y": 4, "publications_years": {"2005": 1}, "citations_years": {"2016": 3, "2017": 0, "2018": 1, "2019": 1}, "old_citations": {"2005": 5}, "isVisible": false}, "2940148682": {"name": "hayato takahashi", "type": "author", "activity": 1, "h_index": 1, "h5_index": 0, "mag_id": "2940148682", "num_publications": 1, "num_citations": 4, "num_publications_5y": 0, "num_citations_5y": 0, "num_publications_10y": 0, "num_citations_10y": 0, "publications_years": {"2003": 1}, "citations_years": {"2005": 2, "2006": 1, "2007": 1}, "old_citations": {"2003": 4}, "isVisible": false}, "2950635800": {"name": "claus weihs", "type": "author", "activity": 20, "h_index": 7, "h5_index": 2, "mag_id": "2950635800", "num_publications": 1, "num_citations": 3, "num_publications_5y": 0, "num_citations_5y": 0, "num_publications_10y": 0, "num_citations_10y": 0, "publications_years": {"2003": 1}, "citations_years": {"2004": 1, "2005": 2}, "old_citations": {"2003": 3}, "isVisible": false}}, "countries": {"United Kingdom": {"name": "United Kingdom", "type": "country", "h5_index": 172, "num_publications": 9, "num_citations": 1636, "num_publications_5y": 0, "num_citations_5y": 1058, "num_publications_10y": 3, "num_citations_10y": 1338, "publications_years": {"2009": 3, "2005": 1, "2007": 1, "2003": 3, "2001": 1}, "citations_years": {"2010": 17, "2011": 31, "2012": 62, "2013": 166, "2014": 195, "2015": 210, "2016": 237, "2017": 214, "2018": 202, "2019": 197, "2020": 89, "2005": 1, "2006": 2, "2007": 3, "2008": 3, "2009": 4, "2003": 2, "2004": 1}, "old_citations": {"2009": 1604, "2005": 12, "2007": 8, "2003": 9, "2001": 3}, "isVisible": false}, "Japan": {"name": "Japan", "type": "country", "h5_index": 94, "num_publications": 5, "num_citations": 8, "num_publications_5y": 0, "num_citations_5y": 0, "num_publications_10y": 2, "num_citations_10y": 1, "publications_years": {"2009": 2, "2005": 1, "2001": 1, "2003": 1}, "citations_years": {"2002": 1, "2003": 1, "2004": 0, "2005": 2, "2006": 1, "2007": 1, "2008": 1, "2010": 1}, "old_citations": {"2009": 1, "2005": 0, "2001": 3, "2003": 4}, "isVisible": false}, "Germany": {"name": "Germany", "type": "country", "h5_index": 139, "num_publications": 4, "num_citations": 19, "num_publications_5y": 0, "num_citations_5y": 3, "num_publications_10y": 1, "num_citations_10y": 10, "publications_years": {"2005": 1, "2009": 1, "2001": 2}, "citations_years": {"2008": 4, "2009": 2, "2010": 1, "2011": 0, "2012": 2, "2013": 2, "2014": 0, "2015": 1, "2016": 2, "2002": 1, "2003": 1, "2004": 1, "2005": 2, "2006": 0, "2007": 0}, "old_citations": {"2005": 6, "2009": 3, "2001": 10}, "isVisible": false}, "Austria": {"name": "Austria", "type": "country", "h5_index": 71, "num_publications": 3, "num_citations": 111, "num_publications_5y": 0, "num_citations_5y": 33, "num_publications_10y": 0, "num_citations_10y": 80, "publications_years": {"2005": 2, "2003": 1}, "citations_years": {"2007": 8, "2008": 4, "2009": 9, "2010": 14, "2011": 4, "2012": 13, "2013": 7, "2014": 7, "2015": 7, "2016": 8, "2017": 4, "2018": 7, "2019": 3, "2020": 1, "2004": 3, "2005": 6, "2006": 6}, "old_citations": {"2005": 33, "2003": 78}, "isVisible": false}, "Iran": {"name": "Iran", "type": "country", "h5_index": 63, "num_publications": 2, "num_citations": 38, "num_publications_5y": 0, "num_citations_5y": 13, "num_publications_10y": 0, "num_citations_10y": 25, "publications_years": {"2005": 2}, "citations_years": {"2007": 3, "2008": 5, "2009": 2, "2010": 3, "2011": 2, "2012": 5, "2013": 0, "2014": 1, "2015": 1, "2016": 8, "2017": 1, "2018": 2, "2006": 4, "2019": 1}, "old_citations": {"2005": 38}, "isVisible": false}, "Russia": {"name": "Russia", "type": "country", "h5_index": 45, "num_publications": 2, "num_citations": 12, "num_publications_5y": 0, "num_citations_5y": 6, "num_publications_10y": 1, "num_citations_10y": 8, "publications_years": {"2009": 1, "2005": 1}, "citations_years": {"2011": 1, "2012": 1, "2013": 0, "2014": 2, "2015": 1, "2006": 3, "2007": 0, "2008": 1, "2009": 0, "2010": 0, "2016": 1, "2017": 2}, "old_citations": {"2009": 2, "2005": 10}, "isVisible": false}, "United States": {"name": "United States", "type": "country", "h5_index": 308, "num_publications": 2, "num_citations": 9, "num_publications_5y": 0, "num_citations_5y": 3, "num_publications_10y": 0, "num_citations_10y": 4, "publications_years": {"2007": 1, "2003": 1}, "citations_years": {"2007": 1, "2008": 0, "2009": 0, "2010": 0, "2011": 0, "2012": 0, "2013": 1, "2014": 0, "2015": 0, "2016": 0, "2017": 1, "2018": 2, "2019": 2, "2020": 1, "2004": 1}, "old_citations": {"2007": 8, "2003": 1}, "isVisible": false}, "Australia": {"name": "Australia", "type": "country", "h5_index": 141, "num_publications": 1, "num_citations": 1, "num_publications_5y": 0, "num_citations_5y": 0, "num_publications_10y": 1, "num_citations_10y": 1, "publications_years": {"2009": 1}, "citations_years": {"2010": 1}, "old_citations": {"2009": 1}, "isVisible": false}, "Belgium": {"name": "Belgium", "type": "country", "h5_index": 72, "num_publications": 1, "num_citations": 2, "num_publications_5y": 0, "num_citations_5y": 0, "num_publications_10y": 1, "num_citations_10y": 2, "publications_years": {"2009": 1}, "citations_years": {"2011": 1, "2012": 0, "2013": 1}, "old_citations": {"2009": 2}, "isVisible": false}, "Canada": {"name": "Canada", "type": "country", "h5_index": 128, "num_publications": 1, "num_citations": 11, "num_publications_5y": 0, "num_citations_5y": 1, "num_publications_10y": 0, "num_citations_10y": 4, "publications_years": {"2003": 1}, "citations_years": {"2003": 1, "2004": 1, "2005": 0, "2006": 1, "2007": 2, "2008": 2, "2009": 1, "2010": 0, "2011": 1, "2012": 0, "2013": 1, "2014": 0, "2015": 0, "2016": 0, "2017": 1}, "old_citations": {"2003": 11}, "isVisible": false}, "China": {"name": "China", "type": "country", "h5_index": 214, "num_publications": 1, "num_citations": 5, "num_publications_5y": 0, "num_citations_5y": 2, "num_publications_10y": 0, "num_citations_10y": 2, "publications_years": {"2005": 1}, "citations_years": {"2007": 1, "2008": 2, "2009": 0, "2010": 0, "2011": 0, "2012": 0, "2013": 0, "2014": 0, "2015": 1, "2016": 0, "2017": 1}, "old_citations": {"2005": 5}, "isVisible": false}, "Greece": {"name": "Greece", "type": "country", "h5_index": 57, "num_publications": 1, "num_citations": 0, "num_publications_5y": 0, "num_citations_5y": 0, "num_publications_10y": 0, "num_citations_10y": 0, "publications_years": {"2007": 1}, "citations_years": {}, "old_citations": {"2007": 0}, "isVisible": false}, "Norway": {"name": "Norway", "type": "country", "h5_index": 56, "num_publications": 1, "num_citations": 0, "num_publications_5y": 0, "num_citations_5y": 0, "num_publications_10y": 1, "num_citations_10y": 0, "publications_years": {"2009": 1}, "citations_years": {}, "old_citations": {"2009": 27}, "isVisible": false}, "South Korea": {"name": "South Korea", "type": "country", "h5_index": 100, "num_publications": 1, "num_citations": 0, "num_publications_5y": 0, "num_citations_5y": 0, "num_publications_10y": 0, "num_citations_10y": 0, "publications_years": {"2005": 1}, "citations_years": {}, "old_citations": {"2005": 0}, "isVisible": false}, "Spain": {"name": "Spain", "type": "country", "h5_index": 91, "num_publications": 1, "num_citations": 1, "num_publications_5y": 0, "num_citations_5y": 0, "num_publications_10y": 0, "num_citations_10y": 0, "publications_years": {"2005": 1}, "citations_years": {"2008": 1}, "old_citations": {"2005": 1}, "isVisible": false}, "Sweden": {"name": "Sweden", "type": "country", "h5_index": 82, "num_publications": 1, "num_citations": 0, "num_publications_5y": 0, "num_citations_5y": 0, "num_publications_10y": 0, "num_citations_10y": 0, "publications_years": {"2001": 1}, "citations_years": {}, "old_citations": {"2001": 0}, "isVisible": false}, "Turkey": {"name": "Turkey", "type": "country", "h5_index": 56, "num_publications": 1, "num_citations": 1, "num_publications_5y": 0, "num_citations_5y": 0, "num_publications_10y": 0, "num_citations_10y": 0, "publications_years": {"2007": 1}, "citations_years": {"2008": 1}, "old_citations": {"2007": 1}, "isVisible": false}}, "industrial_sectors": {"automotive": {"name": "automotive", "type": "industrial sector", "h5_index": 42, "num_publications": 1, "num_citations": 6, "num_publications_5y": 0, "num_citations_5y": 1, "num_publications_10y": 0, "num_citations_10y": 4, "publications_years": {"2005": 1}, "citations_years": {"2008": 2, "2009": 1, "2010": 0, "2011": 0, "2012": 1, "2013": 1, "2014": 0, "2015": 0, "2016": 1}, "old_citations": {"2005": 6}, "isVisible": false}, "transportation": {"name": "transportation", "type": "industrial sector", "h5_index": 43, "num_publications": 1, "num_citations": 6, "num_publications_5y": 0, "num_citations_5y": 1, "num_publications_10y": 0, "num_citations_10y": 4, "publications_years": {"2005": 1}, "citations_years": {"2008": 2, "2009": 1, "2010": 0, "2011": 0, "2012": 1, "2013": 1, "2014": 0, "2015": 0, "2016": 1}, "old_citations": {"2005": 6}, "isVisible": false}}}, "conference_comparison": {"computer science": {}}, "topics_dna": {"publications": {}, "citations": {"normalized": {}, "average": {}}}, "info": {"num_publications": 49, "num_citations": 2046.0, "impact_factor": {"2003": 1.5454545454545454, "2004": 0.5454545454545454, "2005": 0.9090909090909091, "2006": 0.6428571428571429, "2007": 0.5714285714285714, "2008": 0.4, "2009": 0.2}, "publications_years": {"2005": 14, "2001": 11, "2003": 11, "2009": 8, "2007": 5}, "citations_years": {"2001": 1, "2002": 12, "2003": 18, "2004": 20, "2005": 29, "2006": 26, "2007": 24, "2008": 26, "2009": 27, "2010": 42, "2011": 56, "2012": 99, "2013": 190, "2014": 217, "2015": 231, "2016": 263, "2017": 226, "2018": 218, "2019": 204, "2020": 90}, "old_citations": {"2005": 116, "2001": 175, "2003": 108, "2009": 1636, "2007": 11}, "h5_index": 0}, "percentile": {"computer science": {"2005": 82, "2001": 92, "2003": 86, "2009": 99, "2007": 65}}, "conference_ranking": {"computer science": {"2005": 765, "2001": 335, "2003": 566, "2009": 1, "2007": 1470}}, "academia": {"num_publications": 29, "num_citations": 1826, "publications_years": {"2001": 4, "2002": 0, "2003": 7, "2004": 0, "2005": 10, "2006": 0, "2007": 2, "2008": 0, "2009": 6}, "old_citations": {"2001": 8, "2002": 0, "2003": 103, "2004": 0, "2005": 99, "2006": 0, "2007": 9, "2008": 0, "2009": 1607}, "num_publications_5y": 0, "num_citations_5y": 0, "num_publications_10y": 0, "num_citations_10y": 0}, "industry": {"num_publications": 1, "num_citations": 6, "publications_years": {"2005": 1}, "old_citations": {"2005": 6}, "num_publications_5y": 0, "num_citations_5y": 0, "num_publications_10y": 0, "num_citations_10y": 0}, "collaborative": {"num_publications": 0, "num_citations": 0, "publications_years": {}, "old_citations": {}, "num_publications_5y": 0, "num_citations_5y": 0, "num_publications_10y": 0, "num_citations_10y": 0}, "conferences": {}, "journals": {}, "organizations": {"publication_overall": ["University of Hertfordshire", "Tokyo Institute of Technology", "University of Vienna", "RWTH Aachen University", "University of Warwick", "Chalmers University of Technology", "Chinese University of Hong Kong", "Daimler (Germany)", "Georgia Institute of Technology", "Inha University", "Iran University of Science and Technology", "Ishinomaki Senshu University", "Kyoto University", "Moscow State University", "New Jersey Institute of Technology", "Pusan National University", "Research Academic Computer Technology Institute", "Rovira i Virgili University", "Royal Holloway University of London", "Russian Academy of Sciences", "Sharif University of Technology", "Simula Research Laboratory", "University of British Columbia", "University of Cambridge", "University of Kocaeli", "University of Li\u00e8ge", "University of Strathclyde", "University of Sydney", "University of Tehran", "University of T\u00fcbingen"], "citation_overall": ["University of Cambridge", "University of Vienna", "Iran University of Science and Technology", "University of Tehran", "Simula Research Laboratory", "University of Hertfordshire", "University of British Columbia", "University of Warwick", "Moscow State University", "New Jersey Institute of Technology", "University of T\u00fcbingen", "Tokyo Institute of Technology", "Daimler (Germany)", "Chinese University of Hong Kong", "RWTH Aachen University", "Royal Holloway University of London", "Sharif University of Technology", "University of Strathclyde", "Russian Academy of Sciences", "University of Li\u00e8ge", "Georgia Institute of Technology", "Ishinomaki Senshu University", "Kyoto University", "Rovira i Virgili University", "University of Kocaeli", "University of Sydney", "Chalmers University of Technology", "Inha University", "Pusan National University", "Research Academic Computer Technology Institute"], "publication_10_years": [], "citation_10_years": [], "publication_5_years": [], "citation_5_years": []}, "countries": {"publication_overall": ["United Kingdom", "Japan", "Germany", "Austria", "Iran", "Russia", "United States", "Australia", "Belgium", "Canada", "China", "Greece", "Norway", "South Korea", "Spain", "Sweden", "Turkey"], "citation_overall": ["United Kingdom", "Austria", "Iran", "Norway", "Germany", "Russia", "Canada", "United States", "Japan", "China", "Belgium", "Australia", "Spain", "Turkey", "Greece", "South Korea", "Sweden"], "publication_10_years": [], "citation_10_years": [], "publication_5_years": [], "citation_5_years": []}, "topics": {"publication_overall": ["computer science", "mathematics", "artificial intelligence", "computer systems", "probability", "theoretical computer science", "genetic algorithms", "engineering", "numerical model", "graph theory", "stochastic", "stochastic processes", "stochasticity", "computer networks", "evolutionary algorithms", "correlation analysis", "telecommunication systems", "optimization", "software", "telecommunication networks"], "citation_overall": ["computer science", "mathematics", "artificial intelligence", "genetic algorithms", "optimization", "correlation analysis", "software", "optimization problems", "evolutionary algorithms", "swarm intelligence", "adaptive algorithms", "particle swarm optimization (pso)", "artificial bee colonies", "computer systems", "probability", "numerical model", "stochastic", "stochastic processes", "stochasticity", "combinatorial optimization"], "publication_10_years": [], "citation_10_years": [], "publication_5_years": [], "citation_5_years": []}, "main_topics": ["computer science"], "authors": {"publication_overall": ["2135939770", "206368177", "1893975561", "2064414187", "2107138249", "2114746833", "2130453231", "2631656276", "44950645", "129981219", "154019569", "167257613", "211812777", "224340343", "275489789", "323258858", "343273345", "344142878", "663920594", "738933501", "1184479373", "1211009897", "1575075415", "1636063566", "1843248919", "1898667260", "1905399165", "1966700651", "1978627379", "1983098590", "1984745409", "1990503027", "1993267304", "2014743178", "2043506717", "2046165336", "2050476298", "2054264547", "2054680486", "2061896036", "2062777536", "2095693323", "2096398591", "2101654730", "2103984064", "2104041278", "2109782452", "2111915089", "2114916680", "2119126980", "2122248883", "2127040002", "2128242943", "2130365379", "2132559101", "2134522090", "2153035999", "2165854212", "2168661915", "2170818885", "2180896648", "2200660057", "2225638692", "2238263220", "2242661410", "2242896051", "2243600060", "2251456659", "2253347400", "2285143505", "2292699818", "2306977983", "2307024348", "2308725329", "2323922362", "2328605459", "2396139840", "2420828562", "2431810988", "2462414061", "2504899800", "2506615494", "2551130142", "2600904092", "2614722191", "2618650798", "2668464570", "2694590799", "2699545526", "2719288807", "2805067503", "2940148682", "2950635800"], "citation_overall": ["2242896051", "206368177", "2096398591", "2292699818", "738933501", "2153035999", "1978627379", "2134522090", "2238263220", "2104041278", "1898667260", "2054264547", "1575075415", "2170818885", "2062777536", "2396139840", "663920594", "1211009897", "1966700651", "2420828562", "2600904092", "2618650798", "2694590799", "2719288807", "2135939770", "2122248883", "2132559101", "2285143505", "2323922362", "2328605459", "129981219", "2014743178", "2109782452", "2168661915", "2506615494", "2805067503", "1636063566", "1993267304", "2504899800", "2940148682", "1893975561", "1905399165", "2054680486", "2064414187", "2103984064", "2107138249", "2114746833", "2127040002", "2130453231", "2200660057", "2253347400", "2462414061", "2614722191", "2631656276", "2950635800", "323258858", "1184479373", "1983098590", "1990503027", "2111915089", "2128242943", "2180896648", "2225638692", "211812777", "224340343", "343273345", "344142878", "1843248919", "1984745409", "2043506717", "2046165336", "2061896036", "2119126980", "2130365379", "2242661410", "2668464570", "44950645", "154019569", "167257613", "275489789", "2050476298", "2095693323", "2101654730", "2114916680", "2165854212", "2243600060", "2251456659", "2306977983", "2307024348", "2308725329", "2431810988", "2551130142", "2699545526"], "publication_10_years": [], "citation_10_years": [], "publication_5_years": [], "citation_5_years": []}, "industrial_sectors": {"publication_overall": ["automotive", "transportation"], "citation_overall": ["automotive", "transportation"], "publication_10_years": [], "citation_10_years": [], "publication_5_years": [], "citation_5_years": []}}