{"name": "Networking, Systems, and Applications for Mobile Handhelds", "acronym": "MobiHeld", "type": "conference", "uniqueEntities": {"organizations": {"Duke University": {"name": "Duke University", "type": "organization", "organization_type": "Education", "h_index": 176, "h5_index": 45, "num_publications": 3, "num_citations": 103, "num_publications_5y": 0, "num_citations_5y": 34, "num_publications_10y": 3, "num_citations_10y": 102, "publications_years": {"2009": 3}, "citations_years": {"2009": 3, "2010": 14, "2011": 16, "2012": 21, "2013": 14, "2014": 11, "2015": 10, "2016": 4, "2017": 7, "2018": 2, "2019": 1}, "old_citations": {"2009": 103}, "isVisible": false}, "New York University": {"name": "New York University", "type": "organization", "organization_type": "Education", "h_index": 228, "h5_index": 59, "num_publications": 3, "num_citations": 27, "num_publications_5y": 0, "num_citations_5y": 8, "num_publications_10y": 3, "num_citations_10y": 27, "publications_years": {"2009": 3}, "citations_years": {"2010": 4, "2011": 5, "2012": 2, "2013": 7, "2014": 5, "2015": 2, "2009": 1, "2016": 0, "2017": 1}, "old_citations": {"2009": 27}, "isVisible": false}, "Stanford University": {"name": "Stanford University", "type": "organization", "organization_type": "Education", "h_index": 472, "h5_index": 120, "num_publications": 3, "num_citations": 40, "num_publications_5y": 0, "num_citations_5y": 21, "num_publications_10y": 3, "num_citations_10y": 38, "publications_years": {"2011": 2, "2009": 1}, "citations_years": {"2012": 5, "2013": 5, "2014": 8, "2015": 6, "2016": 3, "2017": 2, "2018": 2, "2019": 2, "2009": 1, "2010": 3, "2011": 3}, "old_citations": {"2011": 21, "2009": 19}, "isVisible": false}, "University of Illinois at Urbana Champaign": {"name": "University of Illinois at Urbana Champaign", "type": "organization", "organization_type": "Education", "h_index": 325, "h5_index": 70, "num_publications": 2, "num_citations": 35, "num_publications_5y": 0, "num_citations_5y": 17, "num_publications_10y": 2, "num_citations_10y": 33, "publications_years": {"2009": 1, "2011": 1}, "citations_years": {"2009": 1, "2010": 2, "2011": 3, "2012": 5, "2013": 5, "2014": 7, "2015": 3, "2016": 3, "2017": 4, "2018": 0, "2019": 2}, "old_citations": {"2009": 24, "2011": 11}, "isVisible": false}, "Carnegie Mellon University": {"name": "Carnegie Mellon University", "type": "organization", "organization_type": "Education", "h_index": 441, "h5_index": 107, "num_publications": 1, "num_citations": 11, "num_publications_5y": 0, "num_citations_5y": 8, "num_publications_10y": 1, "num_citations_10y": 8, "publications_years": {"2011": 1}, "citations_years": {"2014": 1, "2015": 3, "2016": 2, "2017": 1, "2018": 1, "2019": 3}, "old_citations": {"2011": 11}, "isVisible": false}, "Cork Institute of Technology": {"name": "Cork Institute of Technology", "type": "organization", "organization_type": "Facility", "h_index": 28, "h5_index": 10, "num_publications": 1, "num_citations": 9, "num_publications_5y": 0, "num_citations_5y": 4, "num_publications_10y": 1, "num_citations_10y": 9, "publications_years": {"2009": 1}, "citations_years": {"2010": 1, "2011": 1, "2012": 1, "2013": 2, "2014": 1, "2015": 0, "2016": 2, "2017": 1}, "old_citations": {"2009": 9}, "isVisible": false}, "French Institute for Research in Computer Science and Automation": {"name": "French Institute for Research in Computer Science and Automation", "type": "organization", "organization_type": "Government", "h_index": 247, "h5_index": 53, "num_publications": 1, "num_citations": 3, "num_publications_5y": 0, "num_citations_5y": 1, "num_publications_10y": 1, "num_citations_10y": 3, "publications_years": {"2009": 1}, "citations_years": {"2011": 1, "2012": 1, "2013": 0, "2014": 0, "2015": 0, "2016": 0, "2017": 0, "2018": 1}, "old_citations": {"2009": 3}, "isVisible": false}, "Georgia Institute of Technology": {"name": "Georgia Institute of Technology", "type": "organization", "organization_type": "Education", "h_index": 280, "h5_index": 72, "num_publications": 1, "num_citations": 18, "num_publications_5y": 0, "num_citations_5y": 8, "num_publications_10y": 1, "num_citations_10y": 16, "publications_years": {"2011": 1}, "citations_years": {"2012": 4, "2013": 4, "2014": 2, "2015": 2, "2016": 2, "2017": 1, "2018": 1, "2019": 2}, "old_citations": {"2011": 18}, "isVisible": false}, "Ghent University": {"name": "Ghent University", "type": "organization", "organization_type": "Education", "h_index": 119, "h5_index": 37, "num_publications": 1, "num_citations": 1, "num_publications_5y": 0, "num_citations_5y": 0, "num_publications_10y": 1, "num_citations_10y": 1, "publications_years": {"2009": 1}, "citations_years": {"2012": 1}, "old_citations": {"2009": 1}, "isVisible": false}, "Hewlett-Packard (United States)": {"name": "Hewlett-Packard (United States)", "type": "organization", "organization_type": "Company", "h_index": 241, "h5_index": 32, "num_publications": 1, "num_citations": 2, "num_publications_5y": 0, "num_citations_5y": 0, "num_publications_10y": 1, "num_citations_10y": 2, "publications_years": {"2011": 1}, "citations_years": {"2013": 2}, "old_citations": {"2011": 2}, "isVisible": false}, "Hochschule Konstanz University of Applied Sciences": {"name": "Hochschule Konstanz University of Applied Sciences", "type": "organization", "organization_type": "Education", "h_index": 11, "h5_index": 5, "num_publications": 1, "num_citations": 2, "num_publications_5y": 0, "num_citations_5y": 1, "num_publications_10y": 1, "num_citations_10y": 2, "publications_years": {"2009": 1}, "citations_years": {"2010": 1, "2011": 0, "2012": 0, "2013": 0, "2014": 0, "2015": 1}, "old_citations": {"2009": 2}, "isVisible": false}, "Jo\u017eef Stefan Institute": {"name": "Jo\u017eef Stefan Institute", "type": "organization", "organization_type": "Facility", "h_index": 44, "h5_index": 10, "num_publications": 1, "num_citations": 0, "num_publications_5y": 0, "num_citations_5y": 0, "num_publications_10y": 1, "num_citations_10y": 0, "publications_years": {"2009": 1}, "citations_years": {}, "old_citations": {"2009": 0}, "isVisible": false}, "KU Leuven": {"name": "KU Leuven", "type": "organization", "organization_type": "Education", "h_index": 183, "h5_index": 52, "num_publications": 1, "num_citations": 33, "num_publications_5y": 0, "num_citations_5y": 13, "num_publications_10y": 1, "num_citations_10y": 33, "publications_years": {"2009": 1}, "citations_years": {"2010": 1, "2011": 4, "2012": 6, "2013": 9, "2014": 6, "2015": 2, "2016": 2, "2017": 2, "2018": 1}, "old_citations": {"2009": 33}, "isVisible": false}, "Massachusetts Institute of Technology": {"name": "Massachusetts Institute of Technology", "type": "organization", "organization_type": "Education", "h_index": 475, "h5_index": 100, "num_publications": 1, "num_citations": 19, "num_publications_5y": 0, "num_citations_5y": 10, "num_publications_10y": 1, "num_citations_10y": 19, "publications_years": {"2009": 1}, "citations_years": {"2009": 1, "2010": 3, "2011": 3, "2012": 1, "2013": 1, "2014": 5, "2015": 2, "2016": 2, "2017": 1}, "old_citations": {"2009": 19}, "isVisible": false}, "National University of Singapore": {"name": "National University of Singapore", "type": "organization", "organization_type": "Education", "h_index": 219, "h5_index": 81, "num_publications": 1, "num_citations": 20, "num_publications_5y": 0, "num_citations_5y": 9, "num_publications_10y": 1, "num_citations_10y": 20, "publications_years": {"2009": 1}, "citations_years": {"2010": 3, "2011": 1, "2012": 5, "2013": 2, "2014": 2, "2015": 5, "2016": 0, "2017": 2}, "old_citations": {"2009": 20}, "isVisible": false}, "Norwegian University of Science and Technology": {"name": "Norwegian University of Science and Technology", "type": "organization", "organization_type": "Education", "h_index": 101, "h5_index": 35, "num_publications": 1, "num_citations": 9, "num_publications_5y": 0, "num_citations_5y": 3, "num_publications_10y": 1, "num_citations_10y": 9, "publications_years": {"2011": 1}, "citations_years": {"2012": 3, "2013": 3, "2014": 0, "2015": 1, "2016": 2}, "old_citations": {"2011": 9}, "isVisible": false}, "Peking University": {"name": "Peking University", "type": "organization", "organization_type": "Education", "h_index": 142, "h5_index": 78, "num_publications": 1, "num_citations": 16, "num_publications_5y": 0, "num_citations_5y": 13, "num_publications_10y": 1, "num_citations_10y": 16, "publications_years": {"2011": 1}, "citations_years": {"2013": 3, "2014": 6, "2015": 5, "2016": 1, "2017": 0, "2018": 1}, "old_citations": {"2011": 16}, "isVisible": false}, "Singapore Management University": {"name": "Singapore Management University", "type": "organization", "organization_type": "Education", "h_index": 79, "h5_index": 37, "num_publications": 1, "num_citations": 20, "num_publications_5y": 0, "num_citations_5y": 9, "num_publications_10y": 1, "num_citations_10y": 20, "publications_years": {"2009": 1}, "citations_years": {"2010": 3, "2011": 1, "2012": 5, "2013": 2, "2014": 2, "2015": 5, "2016": 0, "2017": 2}, "old_citations": {"2009": 20}, "isVisible": false}, "Sprint (United States)": {"name": "Sprint (United States)", "type": "organization", "organization_type": "Company", "h_index": 83, "h5_index": 7, "num_publications": 1, "num_citations": 76, "num_publications_5y": 0, "num_citations_5y": 37, "num_publications_10y": 1, "num_citations_10y": 69, "publications_years": {"2009": 1}, "citations_years": {"2010": 1, "2011": 8, "2012": 13, "2013": 10, "2014": 13, "2015": 8, "2016": 6, "2017": 5, "2018": 5, "2019": 5, "2020": 2}, "old_citations": {"2009": 76}, "isVisible": false}, "University of California, Davis": {"name": "University of California, Davis", "type": "organization", "organization_type": "Education", "h_index": 175, "h5_index": 49, "num_publications": 1, "num_citations": 76, "num_publications_5y": 0, "num_citations_5y": 37, "num_publications_10y": 1, "num_citations_10y": 69, "publications_years": {"2009": 1}, "citations_years": {"2010": 1, "2011": 8, "2012": 13, "2013": 10, "2014": 13, "2015": 8, "2016": 6, "2017": 5, "2018": 5, "2019": 5, "2020": 2}, "old_citations": {"2009": 76}, "isVisible": false}, "University of Cambridge": {"name": "University of Cambridge", "type": "organization", "organization_type": "Education", "h_index": 250, "h5_index": 62, "num_publications": 1, "num_citations": 4, "num_publications_5y": 0, "num_citations_5y": 0, "num_publications_10y": 1, "num_citations_10y": 4, "publications_years": {"2009": 1}, "citations_years": {"2010": 1, "2011": 1, "2012": 1, "2013": 1}, "old_citations": {"2009": 4}, "isVisible": false}, "University of Konstanz": {"name": "University of Konstanz", "type": "organization", "organization_type": "Education", "h_index": 76, "h5_index": 23, "num_publications": 1, "num_citations": 2, "num_publications_5y": 0, "num_citations_5y": 1, "num_publications_10y": 1, "num_citations_10y": 2, "publications_years": {"2009": 1}, "citations_years": {"2010": 1, "2011": 0, "2012": 0, "2013": 0, "2014": 0, "2015": 1}, "old_citations": {"2009": 2}, "isVisible": false}, "University of St Andrews": {"name": "University of St Andrews", "type": "organization", "organization_type": "Education", "h_index": 73, "h5_index": 17, "num_publications": 1, "num_citations": 134, "num_publications_5y": 0, "num_citations_5y": 58, "num_publications_10y": 1, "num_citations_10y": 126, "publications_years": {"2009": 1}, "citations_years": {"2009": 1, "2010": 13, "2011": 9, "2012": 30, "2013": 15, "2014": 18, "2015": 12, "2016": 14, "2017": 10, "2018": 4, "2019": 7, "2020": 1}, "old_citations": {"2009": 134}, "isVisible": false}, "University of Wisconsin\u2013Madison": {"name": "University of Wisconsin\u2013Madison", "type": "organization", "organization_type": "Education", "h_index": 261, "h5_index": 43, "num_publications": 1, "num_citations": 0, "num_publications_5y": 0, "num_citations_5y": 0, "num_publications_10y": 1, "num_citations_10y": 0, "publications_years": {"2009": 1}, "citations_years": {}, "old_citations": {"2009": 0}, "isVisible": false}}, "topics": {"computer networks": {"name": "computer networks", "type": "topic", "h_index": 1262, "h5_index": 332, "num_publications": 32, "num_citations": 564, "num_publications_5y": 0, "num_citations_5y": 241, "num_publications_10y": 32, "num_citations_10y": 539, "publications_years": {"2011": 11, "2009": 21}, "citations_years": {"2012": 101, "2013": 90, "2014": 85, "2015": 62, "2016": 41, "2017": 35, "2018": 18, "2019": 22, "2010": 46, "2011": 54, "2009": 7, "2020": 3}, "old_citations": {"2011": 107, "2009": 457}, "isVisible": false}, "computer science": {"name": "computer science", "type": "topic", "h_index": 1779, "h5_index": 416, "num_publications": 32, "num_citations": 564, "num_publications_5y": 0, "num_citations_5y": 241, "num_publications_10y": 32, "num_citations_10y": 539, "publications_years": {"2011": 11, "2009": 21}, "citations_years": {"2012": 101, "2013": 90, "2014": 85, "2015": 62, "2016": 41, "2017": 35, "2018": 18, "2019": 22, "2010": 46, "2011": 54, "2009": 7, "2020": 3}, "old_citations": {"2011": 107, "2009": 457}, "isVisible": false}, "computer systems": {"name": "computer systems", "type": "topic", "h_index": 1595, "h5_index": 367, "num_publications": 32, "num_citations": 564, "num_publications_5y": 0, "num_citations_5y": 241, "num_publications_10y": 32, "num_citations_10y": 539, "publications_years": {"2011": 11, "2009": 21}, "citations_years": {"2012": 101, "2013": 90, "2014": 85, "2015": 62, "2016": 41, "2017": 35, "2018": 18, "2019": 22, "2010": 46, "2011": 54, "2009": 7, "2020": 3}, "old_citations": {"2011": 107, "2009": 457}, "isVisible": false}, "telecommunication networks": {"name": "telecommunication networks", "type": "topic", "h_index": 1116, "h5_index": 258, "num_publications": 32, "num_citations": 564, "num_publications_5y": 0, "num_citations_5y": 241, "num_publications_10y": 32, "num_citations_10y": 539, "publications_years": {"2011": 11, "2009": 21}, "citations_years": {"2012": 101, "2013": 90, "2014": 85, "2015": 62, "2016": 41, "2017": 35, "2018": 18, "2019": 22, "2010": 46, "2011": 54, "2009": 7, "2020": 3}, "old_citations": {"2011": 107, "2009": 457}, "isVisible": false}, "telecommunication systems": {"name": "telecommunication systems", "type": "topic", "h_index": 1187, "h5_index": 277, "num_publications": 32, "num_citations": 564, "num_publications_5y": 0, "num_citations_5y": 241, "num_publications_10y": 32, "num_citations_10y": 539, "publications_years": {"2011": 11, "2009": 21}, "citations_years": {"2012": 101, "2013": 90, "2014": 85, "2015": 62, "2016": 41, "2017": 35, "2018": 18, "2019": 22, "2010": 46, "2011": 54, "2009": 7, "2020": 3}, "old_citations": {"2011": 107, "2009": 457}, "isVisible": false}, "communication systems": {"name": "communication systems", "type": "topic", "h_index": 1092, "h5_index": 254, "num_publications": 31, "num_citations": 560, "num_publications_5y": 0, "num_citations_5y": 241, "num_publications_10y": 31, "num_citations_10y": 535, "publications_years": {"2011": 11, "2009": 20}, "citations_years": {"2012": 100, "2013": 89, "2014": 85, "2015": 62, "2016": 41, "2017": 35, "2018": 18, "2019": 22, "2010": 45, "2011": 53, "2009": 7, "2020": 3}, "old_citations": {"2011": 107, "2009": 453}, "isVisible": false}, "data communication systems": {"name": "data communication systems", "type": "topic", "h_index": 1013, "h5_index": 234, "num_publications": 31, "num_citations": 560, "num_publications_5y": 0, "num_citations_5y": 241, "num_publications_10y": 31, "num_citations_10y": 535, "publications_years": {"2011": 11, "2009": 20}, "citations_years": {"2012": 100, "2013": 89, "2014": 85, "2015": 62, "2016": 41, "2017": 35, "2018": 18, "2019": 22, "2010": 45, "2011": 53, "2009": 7, "2020": 3}, "old_citations": {"2011": 107, "2009": 453}, "isVisible": false}, "wireless telecommunication systems": {"name": "wireless telecommunication systems", "type": "topic", "h_index": 1087, "h5_index": 254, "num_publications": 31, "num_citations": 560, "num_publications_5y": 0, "num_citations_5y": 241, "num_publications_10y": 31, "num_citations_10y": 535, "publications_years": {"2011": 11, "2009": 20}, "citations_years": {"2012": 100, "2013": 89, "2014": 85, "2015": 62, "2016": 41, "2017": 35, "2018": 18, "2019": 22, "2010": 45, "2011": 53, "2009": 7, "2020": 3}, "old_citations": {"2011": 107, "2009": 453}, "isVisible": false}, "mobile computing": {"name": "mobile computing", "type": "topic", "h_index": 664, "h5_index": 170, "num_publications": 29, "num_citations": 559, "num_publications_5y": 0, "num_citations_5y": 240, "num_publications_10y": 29, "num_citations_10y": 534, "publications_years": {"2011": 11, "2009": 18}, "citations_years": {"2012": 100, "2013": 89, "2014": 85, "2015": 62, "2016": 40, "2017": 35, "2018": 18, "2019": 22, "2010": 45, "2011": 53, "2009": 7, "2020": 3}, "old_citations": {"2011": 107, "2009": 452}, "isVisible": false}, "mobile devices": {"name": "mobile devices", "type": "topic", "h_index": 594, "h5_index": 156, "num_publications": 28, "num_citations": 540, "num_publications_5y": 0, "num_citations_5y": 230, "num_publications_10y": 28, "num_citations_10y": 515, "publications_years": {"2011": 11, "2009": 17}, "citations_years": {"2012": 99, "2013": 88, "2014": 80, "2015": 60, "2016": 38, "2017": 34, "2018": 18, "2019": 22, "2010": 42, "2011": 50, "2009": 6, "2020": 3}, "old_citations": {"2011": 107, "2009": 433}, "isVisible": false}, "computer hardware": {"name": "computer hardware", "type": "topic", "h_index": 1150, "h5_index": 279, "num_publications": 27, "num_citations": 486, "num_publications_5y": 0, "num_citations_5y": 216, "num_publications_10y": 27, "num_citations_10y": 461, "publications_years": {"2011": 11, "2009": 16}, "citations_years": {"2012": 83, "2013": 79, "2014": 79, "2015": 52, "2016": 38, "2017": 31, "2018": 16, "2019": 22, "2010": 36, "2011": 42, "2009": 5, "2020": 3}, "old_citations": {"2011": 107, "2009": 379}, "isVisible": false}, "communication channels (information theory)": {"name": "communication channels (information theory)", "type": "topic", "h_index": 925, "h5_index": 216, "num_publications": 24, "num_citations": 388, "num_publications_5y": 0, "num_citations_5y": 171, "num_publications_10y": 24, "num_citations_10y": 365, "publications_years": {"2011": 9, "2009": 15}, "citations_years": {"2013": 62, "2016": 31, "2010": 30, "2011": 34, "2012": 64, "2014": 63, "2015": 39, "2009": 4, "2017": 25, "2018": 13, "2019": 20, "2020": 3}, "old_citations": {"2011": 79, "2009": 309}, "isVisible": false}, "mobile telecommunication systems": {"name": "mobile telecommunication systems", "type": "topic", "h_index": 732, "h5_index": 170, "num_publications": 22, "num_citations": 252, "num_publications_5y": 0, "num_citations_5y": 113, "num_publications_10y": 22, "num_citations_10y": 237, "publications_years": {"2011": 8, "2009": 14}, "citations_years": {"2013": 45, "2016": 17, "2010": 17, "2011": 25, "2012": 34, "2014": 45, "2015": 27, "2009": 3, "2017": 15, "2018": 9, "2019": 13, "2020": 2}, "old_citations": {"2011": 77, "2009": 175}, "isVisible": false}, "engineering": {"name": "engineering", "type": "topic", "h_index": 1177, "h5_index": 287, "num_publications": 19, "num_citations": 393, "num_publications_5y": 0, "num_citations_5y": 175, "num_publications_10y": 19, "num_citations_10y": 370, "publications_years": {"2011": 7, "2009": 12}, "citations_years": {"2012": 70, "2013": 56, "2014": 62, "2015": 41, "2016": 33, "2017": 27, "2018": 12, "2019": 20, "2009": 4, "2010": 32, "2011": 33, "2020": 3}, "old_citations": {"2011": 70, "2009": 323}, "isVisible": false}, "mobile phones": {"name": "mobile phones", "type": "topic", "h_index": 388, "h5_index": 101, "num_publications": 19, "num_citations": 263, "num_publications_5y": 0, "num_citations_5y": 114, "num_publications_10y": 19, "num_citations_10y": 250, "publications_years": {"2011": 7, "2009": 12}, "citations_years": {"2013": 51, "2010": 17, "2011": 29, "2012": 36, "2014": 46, "2015": 26, "2016": 16, "2017": 16, "2018": 10, "2009": 3, "2019": 11, "2020": 2}, "old_citations": {"2011": 58, "2009": 205}, "isVisible": false}, "sensors": {"name": "sensors", "type": "topic", "h_index": 960, "h5_index": 229, "num_publications": 18, "num_citations": 387, "num_publications_5y": 0, "num_citations_5y": 167, "num_publications_10y": 18, "num_citations_10y": 367, "publications_years": {"2011": 5, "2009": 13}, "citations_years": {"2012": 68, "2013": 61, "2014": 64, "2015": 34, "2016": 31, "2017": 25, "2018": 13, "2019": 17, "2010": 30, "2011": 37, "2009": 4, "2020": 3}, "old_citations": {"2011": 48, "2009": 339}, "isVisible": false}, "telecommunication traffic": {"name": "telecommunication traffic", "type": "topic", "h_index": 1036, "h5_index": 233, "num_publications": 18, "num_citations": 152, "num_publications_5y": 0, "num_citations_5y": 69, "num_publications_10y": 18, "num_citations_10y": 143, "publications_years": {"2011": 8, "2009": 10}, "citations_years": {"2012": 25, "2013": 26, "2014": 22, "2015": 22, "2016": 12, "2017": 8, "2018": 5, "2019": 9, "2010": 11, "2011": 10, "2009": 2}, "old_citations": {"2011": 81, "2009": 71}, "isVisible": false}, "internet": {"name": "internet", "type": "topic", "h_index": 1102, "h5_index": 245, "num_publications": 17, "num_citations": 213, "num_publications_5y": 0, "num_citations_5y": 82, "num_publications_10y": 17, "num_citations_10y": 208, "publications_years": {"2011": 6, "2009": 11}, "citations_years": {"2012": 38, "2013": 38, "2014": 29, "2015": 26, "2016": 10, "2017": 10, "2018": 7, "2019": 5, "2010": 21, "2011": 25, "2009": 4}, "old_citations": {"2011": 65, "2009": 148}, "isVisible": false}, "human computer interaction": {"name": "human computer interaction", "type": "topic", "h_index": 934, "h5_index": 215, "num_publications": 16, "num_citations": 354, "num_publications_5y": 0, "num_citations_5y": 153, "num_publications_10y": 16, "num_citations_10y": 340, "publications_years": {"2011": 7, "2009": 9}, "citations_years": {"2012": 72, "2013": 52, "2014": 49, "2015": 44, "2016": 26, "2017": 23, "2018": 11, "2019": 13, "2011": 29, "2010": 29, "2009": 5, "2020": 1}, "old_citations": {"2011": 81, "2009": 273}, "isVisible": false}, "telephone sets": {"name": "telephone sets", "type": "topic", "h_index": 334, "h5_index": 90, "num_publications": 16, "num_citations": 227, "num_publications_5y": 0, "num_citations_5y": 101, "num_publications_10y": 16, "num_citations_10y": 214, "publications_years": {"2009": 11, "2011": 5}, "citations_years": {"2009": 3, "2010": 16, "2011": 25, "2012": 30, "2013": 39, "2014": 40, "2015": 24, "2016": 14, "2017": 14, "2018": 9, "2019": 11, "2020": 2}, "old_citations": {"2009": 172, "2011": 55}, "isVisible": false}, "software": {"name": "software", "type": "topic", "h_index": 902, "h5_index": 167, "num_publications": 6, "num_citations": 301, "num_publications_5y": 0, "num_citations_5y": 127, "num_publications_10y": 6, "num_citations_10y": 286, "publications_years": {"2009": 5, "2011": 1}, "citations_years": {"2010": 24, "2011": 30, "2012": 61, "2013": 41, "2014": 41, "2009": 3, "2015": 29, "2016": 25, "2017": 21, "2018": 11, "2019": 12, "2020": 3}, "old_citations": {"2009": 297, "2011": 4}, "isVisible": false}, "computer security": {"name": "computer security", "type": "topic", "h_index": 977, "h5_index": 220, "num_publications": 13, "num_citations": 273, "num_publications_5y": 0, "num_citations_5y": 107, "num_publications_10y": 13, "num_citations_10y": 262, "publications_years": {"2011": 3, "2009": 10}, "citations_years": {"2012": 55, "2013": 48, "2014": 40, "2015": 27, "2016": 15, "2017": 15, "2018": 10, "2019": 9, "2010": 16, "2011": 33, "2009": 3, "2020": 2}, "old_citations": {"2011": 38, "2009": 235}, "isVisible": false}, "signal processing": {"name": "signal processing", "type": "topic", "h_index": 1012, "h5_index": 255, "num_publications": 8, "num_citations": 265, "num_publications_5y": 0, "num_citations_5y": 115, "num_publications_10y": 8, "num_citations_10y": 246, "publications_years": {"2009": 5, "2011": 3}, "citations_years": {"2009": 2, "2010": 18, "2011": 22, "2012": 52, "2013": 37, "2014": 38, "2015": 26, "2016": 24, "2017": 17, "2018": 10, "2019": 16, "2020": 3}, "old_citations": {"2009": 235, "2011": 30}, "isVisible": false}, "user interfaces": {"name": "user interfaces", "type": "topic", "h_index": 845, "h5_index": 182, "num_publications": 14, "num_citations": 259, "num_publications_5y": 0, "num_citations_5y": 120, "num_publications_10y": 14, "num_citations_10y": 246, "publications_years": {"2011": 7, "2009": 7}, "citations_years": {"2012": 51, "2013": 39, "2014": 39, "2015": 34, "2016": 22, "2017": 16, "2018": 9, "2019": 12, "2011": 15, "2010": 19, "2009": 2, "2020": 1}, "old_citations": {"2011": 81, "2009": 178}, "isVisible": false}, "packet networks": {"name": "packet networks", "type": "topic", "h_index": 650, "h5_index": 151, "num_publications": 13, "num_citations": 109, "num_publications_5y": 0, "num_citations_5y": 46, "num_publications_10y": 13, "num_citations_10y": 102, "publications_years": {"2011": 7, "2009": 6}, "citations_years": {"2013": 23, "2016": 9, "2009": 1, "2010": 7, "2011": 6, "2012": 19, "2014": 14, "2015": 15, "2017": 6, "2018": 2, "2019": 7}, "old_citations": {"2011": 62, "2009": 47}, "isVisible": false}, "wireless communications": {"name": "wireless communications", "type": "topic", "h_index": 773, "h5_index": 173, "num_publications": 15, "num_citations": 137, "num_publications_5y": 0, "num_citations_5y": 63, "num_publications_10y": 15, "num_citations_10y": 128, "publications_years": {"2011": 7, "2009": 8}, "citations_years": {"2012": 21, "2013": 24, "2014": 21, "2015": 16, "2016": 14, "2017": 7, "2018": 5, "2019": 9, "2009": 2, "2010": 8, "2011": 10}, "old_citations": {"2011": 79, "2009": 58}, "isVisible": false}, "embedded systems": {"name": "embedded systems", "type": "topic", "h_index": 799, "h5_index": 168, "num_publications": 7, "num_citations": 87, "num_publications_5y": 0, "num_citations_5y": 43, "num_publications_10y": 7, "num_citations_10y": 81, "publications_years": {"2011": 5, "2009": 2}, "citations_years": {"2012": 16, "2013": 15, "2014": 15, "2015": 11, "2016": 10, "2017": 4, "2018": 3, "2019": 6, "2009": 1, "2010": 3, "2011": 3}, "old_citations": {"2011": 67, "2009": 20}, "isVisible": false}}, "authors": {"2102680016": {"name": "lakshminarayanan subramanian", "type": "author", "activity": 20, "h_index": 28, "h5_index": 2, "mag_id": "2102680016", "num_publications": 3, "num_citations": 27, "num_publications_5y": 0, "num_citations_5y": 8, "num_publications_10y": 3, "num_citations_10y": 27, "publications_years": {"2009": 3}, "citations_years": {"2010": 4, "2011": 5, "2012": 2, "2013": 7, "2014": 5, "2015": 2, "2009": 1, "2016": 0, "2017": 1}, "old_citations": {"2009": 27}, "isVisible": false}, "2111348772": {"name": "jay chen", "type": "author", "activity": 17, "h_index": 14, "h5_index": 5, "mag_id": "2111348772", "num_publications": 3, "num_citations": 27, "num_publications_5y": 0, "num_citations_5y": 8, "num_publications_10y": 3, "num_citations_10y": 27, "publications_years": {"2009": 3}, "citations_years": {"2010": 4, "2011": 5, "2012": 2, "2013": 7, "2014": 5, "2015": 2, "2009": 1, "2016": 0, "2017": 1}, "old_citations": {"2009": 27}, "isVisible": false}, "2190337932": {"name": "alexander varshavsky", "type": "author", "activity": 10, "h_index": 29, "h5_index": 0, "mag_id": "2190337932", "num_publications": 3, "num_citations": 92, "num_publications_5y": 0, "num_citations_5y": 34, "num_publications_10y": 3, "num_citations_10y": 88, "publications_years": {"2009": 1, "2011": 2}, "citations_years": {"2009": 2, "2010": 8, "2011": 11, "2012": 20, "2013": 13, "2014": 9, "2015": 12, "2016": 5, "2017": 5, "2018": 3, "2019": 4}, "old_citations": {"2009": 71, "2011": 21}, "isVisible": false}, "2113505050": {"name": "romit roy choudhury", "type": "author", "activity": 18, "h_index": 44, "h5_index": 10, "mag_id": "2113505050", "num_publications": 2, "num_citations": 32, "num_publications_5y": 0, "num_citations_5y": 10, "num_publications_10y": 2, "num_citations_10y": 31, "publications_years": {"2009": 2}, "citations_years": {"2009": 1, "2010": 6, "2011": 5, "2012": 5, "2013": 4, "2014": 5, "2015": 1, "2016": 1, "2017": 3, "2018": 0, "2019": 1}, "old_citations": {"2009": 32}, "isVisible": false}, "2132443210": {"name": "michael paik", "type": "author", "activity": 6, "h_index": 6, "h5_index": 0, "mag_id": "2132443210", "num_publications": 2, "num_citations": 13, "num_publications_5y": 0, "num_citations_5y": 4, "num_publications_10y": 2, "num_citations_10y": 13, "publications_years": {"2009": 2}, "citations_years": {"2010": 2, "2011": 2, "2012": 0, "2013": 4, "2014": 2, "2009": 1, "2015": 1, "2016": 0, "2017": 1}, "old_citations": {"2009": 13}, "isVisible": false}, "2153763345": {"name": "ramon caceres", "type": "author", "activity": 25, "h_index": 39, "h5_index": 0, "mag_id": "2153763345", "num_publications": 2, "num_citations": 82, "num_publications_5y": 0, "num_citations_5y": 32, "num_publications_10y": 2, "num_citations_10y": 79, "publications_years": {"2009": 1, "2011": 1}, "citations_years": {"2009": 2, "2010": 8, "2011": 11, "2012": 16, "2013": 10, "2014": 7, "2015": 12, "2016": 5, "2017": 5, "2018": 3, "2019": 3}, "old_citations": {"2009": 71, "2011": 11}, "isVisible": false}, "31553840": {"name": "martin eian", "type": "author", "activity": 12, "h_index": 5, "h5_index": 1, "mag_id": "31553840", "num_publications": 1, "num_citations": 9, "num_publications_5y": 0, "num_citations_5y": 3, "num_publications_10y": 1, "num_citations_10y": 9, "publications_years": {"2011": 1}, "citations_years": {"2012": 3, "2013": 3, "2014": 0, "2015": 1, "2016": 2}, "old_citations": {"2011": 9}, "isVisible": false}, "35192808": {"name": "amre shakimov", "type": "author", "activity": 10, "h_index": 5, "h5_index": 2, "mag_id": "35192808", "num_publications": 1, "num_citations": 71, "num_publications_5y": 0, "num_citations_5y": 24, "num_publications_10y": 1, "num_citations_10y": 71, "publications_years": {"2009": 1}, "citations_years": {"2009": 2, "2010": 8, "2011": 11, "2012": 16, "2013": 10, "2014": 6, "2015": 9, "2016": 3, "2017": 4, "2018": 2}, "old_citations": {"2009": 71}, "isVisible": false}, "143085138": {"name": "eiko yoneki", "type": "author", "activity": 18, "h_index": 23, "h5_index": 5, "mag_id": "143085138", "num_publications": 1, "num_citations": 4, "num_publications_5y": 0, "num_citations_5y": 0, "num_publications_10y": 1, "num_citations_10y": 4, "publications_years": {"2009": 1}, "citations_years": {"2010": 1, "2011": 1, "2012": 1, "2013": 1}, "old_citations": {"2009": 4}, "isVisible": false}, "156283397": {"name": "vania conan", "type": "author", "activity": 18, "h_index": 23, "h5_index": 7, "mag_id": "156283397", "num_publications": 1, "num_citations": 1, "num_publications_5y": 0, "num_citations_5y": 1, "num_publications_10y": 1, "num_citations_10y": 1, "publications_years": {"2009": 1}, "citations_years": {"2016": 1}, "old_citations": {"2009": 1}, "isVisible": false}, "158012547": {"name": "sridhar machiraju", "type": "author", "activity": 9, "h_index": 10, "h5_index": 0, "mag_id": "158012547", "num_publications": 1, "num_citations": 76, "num_publications_5y": 0, "num_citations_5y": 37, "num_publications_10y": 1, "num_citations_10y": 69, "publications_years": {"2009": 1}, "citations_years": {"2010": 1, "2011": 8, "2012": 13, "2013": 10, "2014": 13, "2015": 8, "2016": 6, "2017": 5, "2018": 5, "2019": 5, "2020": 2}, "old_citations": {"2009": 76}, "isVisible": false}, "239275919": {"name": "martin klepal", "type": "author", "activity": 16, "h_index": 10, "h5_index": 0, "mag_id": "239275919", "num_publications": 1, "num_citations": 9, "num_publications_5y": 0, "num_citations_5y": 4, "num_publications_10y": 1, "num_citations_10y": 9, "publications_years": {"2009": 1}, "citations_years": {"2010": 1, "2011": 1, "2012": 1, "2013": 2, "2014": 1, "2015": 0, "2016": 2, "2017": 1}, "old_citations": {"2009": 9}, "isVisible": false}, "255869804": {"name": "ramin samadani", "type": "author", "activity": 18, "h_index": 21, "h5_index": 2, "mag_id": "255869804", "num_publications": 1, "num_citations": 2, "num_publications_5y": 0, "num_citations_5y": 0, "num_publications_10y": 1, "num_citations_10y": 2, "publications_years": {"2011": 1}, "citations_years": {"2013": 2}, "old_citations": {"2011": 2}, "isVisible": false}, "264213217": {"name": "filip de turck", "type": "author", "activity": 21, "h_index": 24, "h5_index": 9, "mag_id": "264213217", "num_publications": 1, "num_citations": 1, "num_publications_5y": 0, "num_citations_5y": 0, "num_publications_10y": 1, "num_citations_10y": 1, "publications_years": {"2009": 1}, "citations_years": {"2012": 1}, "old_citations": {"2009": 1}, "isVisible": false}, "292459508": {"name": "david mazieres", "type": "author", "activity": 26, "h_index": 46, "h5_index": 6, "mag_id": "292459508", "num_publications": 1, "num_citations": 19, "num_publications_5y": 0, "num_citations_5y": 10, "num_publications_10y": 1, "num_citations_10y": 19, "publications_years": {"2009": 1}, "citations_years": {"2009": 1, "2010": 3, "2011": 3, "2012": 1, "2013": 1, "2014": 5, "2015": 2, "2016": 2, "2017": 1}, "old_citations": {"2009": 19}, "isVisible": false}, "590643426": {"name": "chadi barakat", "type": "author", "activity": 22, "h_index": 25, "h5_index": 5, "mag_id": "590643426", "num_publications": 1, "num_citations": 3, "num_publications_5y": 0, "num_citations_5y": 1, "num_publications_10y": 1, "num_citations_10y": 3, "publications_years": {"2009": 1}, "citations_years": {"2011": 1, "2012": 1, "2013": 0, "2014": 0, "2015": 0, "2016": 0, "2017": 0, "2018": 1}, "old_citations": {"2009": 3}, "isVisible": false}, "713250648": {"name": "christos kozyrakis", "type": "author", "activity": 24, "h_index": 61, "h5_index": 15, "mag_id": "713250648", "num_publications": 1, "num_citations": 19, "num_publications_5y": 0, "num_citations_5y": 11, "num_publications_10y": 1, "num_citations_10y": 17, "publications_years": {"2011": 1}, "citations_years": {"2012": 4, "2013": 2, "2014": 3, "2015": 4, "2016": 1, "2017": 1, "2018": 2, "2019": 2}, "old_citations": {"2011": 19}, "isVisible": false}, "734848974": {"name": "pasi sarolahti", "type": "author", "activity": 19, "h_index": 14, "h5_index": 2, "mag_id": "734848974", "num_publications": 1, "num_citations": 18, "num_publications_5y": 0, "num_citations_5y": 6, "num_publications_10y": 1, "num_citations_10y": 18, "publications_years": {"2009": 1}, "citations_years": {"2009": 1, "2010": 4, "2011": 2, "2012": 1, "2013": 4, "2014": 3, "2015": 2, "2016": 0, "2017": 1}, "old_citations": {"2009": 18}, "isVisible": false}, "1150986126": {"name": "nickolai zeldovich", "type": "author", "activity": 19, "h_index": 41, "h5_index": 7, "mag_id": "1150986126", "num_publications": 1, "num_citations": 19, "num_publications_5y": 0, "num_citations_5y": 10, "num_publications_10y": 1, "num_citations_10y": 19, "publications_years": {"2009": 1}, "citations_years": {"2009": 1, "2010": 3, "2011": 3, "2012": 1, "2013": 1, "2014": 5, "2015": 2, "2016": 2, "2017": 1}, "old_citations": {"2009": 19}, "isVisible": false}, "1227179470": {"name": "mihael mohorcic", "type": "author", "activity": 25, "h_index": 14, "h5_index": 3, "mag_id": "1227179470", "num_publications": 1, "num_citations": 0, "num_publications_5y": 0, "num_citations_5y": 0, "num_publications_10y": 1, "num_citations_10y": 0, "publications_years": {"2009": 1}, "citations_years": {}, "old_citations": {"2009": 0}, "isVisible": false}, "1523199369": {"name": "bert vankeirsbilck", "type": "author", "activity": 12, "h_index": 9, "h5_index": 5, "mag_id": "1523199369", "num_publications": 1, "num_citations": 1, "num_publications_5y": 0, "num_citations_5y": 0, "num_publications_10y": 1, "num_citations_10y": 1, "publications_years": {"2009": 1}, "citations_years": {"2012": 1}, "old_citations": {"2009": 1}, "isVisible": false}, "1787778239": {"name": "matt trower", "type": "author", "activity": 2, "h_index": 2, "h5_index": 0, "mag_id": "1787778239", "num_publications": 1, "num_citations": 11, "num_publications_5y": 0, "num_citations_5y": 8, "num_publications_10y": 1, "num_citations_10y": 10, "publications_years": {"2011": 1}, "citations_years": {"2013": 2, "2014": 3, "2015": 2, "2016": 2, "2017": 1, "2018": 0, "2019": 1}, "old_citations": {"2011": 11}, "isVisible": false}, "1801341501": {"name": "asaf cidon", "type": "author", "activity": 10, "h_index": 15, "h5_index": 4, "mag_id": "1801341501", "num_publications": 1, "num_citations": 19, "num_publications_5y": 0, "num_citations_5y": 11, "num_publications_10y": 1, "num_citations_10y": 17, "publications_years": {"2011": 1}, "citations_years": {"2012": 4, "2013": 2, "2014": 3, "2015": 4, "2016": 1, "2017": 1, "2018": 2, "2019": 2}, "old_citations": {"2011": 19}, "isVisible": false}, "1819921627": {"name": "matthew hornyak", "type": "author", "activity": 3, "h_index": 4, "h5_index": 0, "mag_id": "1819921627", "num_publications": 1, "num_citations": 2, "num_publications_5y": 0, "num_citations_5y": 0, "num_publications_10y": 1, "num_citations_10y": 2, "publications_years": {"2011": 1}, "citations_years": {"2013": 2}, "old_citations": {"2011": 2}, "isVisible": false}, "1850342637": {"name": "ionut constandache", "type": "author", "activity": 7, "h_index": 8, "h5_index": 0, "mag_id": "1850342637", "num_publications": 1, "num_citations": 24, "num_publications_5y": 0, "num_citations_5y": 9, "num_publications_10y": 1, "num_citations_10y": 23, "publications_years": {"2009": 1}, "citations_years": {"2009": 1, "2010": 2, "2011": 3, "2012": 5, "2013": 3, "2014": 4, "2015": 1, "2016": 1, "2017": 3, "2018": 0, "2019": 1}, "old_citations": {"2009": 24}, "isVisible": false}, "1883927347": {"name": "marcel waldvogel", "type": "author", "activity": 24, "h_index": 27, "h5_index": 2, "mag_id": "1883927347", "num_publications": 1, "num_citations": 2, "num_publications_5y": 0, "num_citations_5y": 1, "num_publications_10y": 1, "num_citations_10y": 2, "publications_years": {"2009": 1}, "citations_years": {"2010": 1, "2011": 0, "2012": 0, "2013": 0, "2014": 0, "2015": 1}, "old_citations": {"2009": 2}, "isVisible": false}, "1944946243": {"name": "ian n robinson", "type": "author", "activity": 28, "h_index": 14, "h5_index": 1, "mag_id": "1944946243", "num_publications": 1, "num_citations": 2, "num_publications_5y": 0, "num_citations_5y": 0, "num_publications_10y": 1, "num_citations_10y": 2, "publications_years": {"2011": 1}, "citations_years": {"2013": 2}, "old_citations": {"2011": 2}, "isVisible": false}, "1970299455": {"name": "enrico rantala", "type": "author", "activity": 11, "h_index": 9, "h5_index": 1, "mag_id": "1970299455", "num_publications": 1, "num_citations": 18, "num_publications_5y": 0, "num_citations_5y": 6, "num_publications_10y": 1, "num_citations_10y": 18, "publications_years": {"2009": 1}, "citations_years": {"2009": 1, "2010": 4, "2011": 2, "2012": 1, "2013": 4, "2014": 3, "2015": 2, "2016": 0, "2017": 1}, "old_citations": {"2009": 18}, "isVisible": false}, "1970640687": {"name": "jon crowcroft", "type": "author", "activity": 31, "h_index": 69, "h5_index": 13, "mag_id": "1970640687", "num_publications": 1, "num_citations": 4, "num_publications_5y": 0, "num_citations_5y": 0, "num_publications_10y": 1, "num_citations_10y": 4, "publications_years": {"2009": 1}, "citations_years": {"2010": 1, "2011": 1, "2012": 1, "2013": 1}, "old_citations": {"2009": 4}, "isVisible": false}, "1981116205": {"name": "ioannis g baltopoulos", "type": "author", "activity": 3, "h_index": 3, "h5_index": 0, "mag_id": "1981116205", "num_publications": 1, "num_citations": 4, "num_publications_5y": 0, "num_citations_5y": 0, "num_publications_10y": 1, "num_citations_10y": 4, "publications_years": {"2009": 1}, "citations_years": {"2010": 1, "2011": 1, "2012": 1, "2013": 1}, "old_citations": {"2009": 4}, "isVisible": false}, "1990677562": {"name": "bart dhoedt", "type": "author", "activity": 27, "h_index": 30, "h5_index": 2, "mag_id": "1990677562", "num_publications": 1, "num_citations": 1, "num_publications_5y": 0, "num_citations_5y": 0, "num_publications_10y": 1, "num_citations_10y": 1, "publications_years": {"2009": 1}, "citations_years": {"2012": 1}, "old_citations": {"2009": 1}, "isVisible": false}, "1992356903": {"name": "manoj k jaitly", "type": "author", "activity": 2, "h_index": 1, "h5_index": 0, "mag_id": "1992356903", "num_publications": 1, "num_citations": 4, "num_publications_5y": 0, "num_citations_5y": 2, "num_publications_10y": 1, "num_citations_10y": 4, "publications_years": {"2011": 1}, "citations_years": {"2012": 1, "2013": 1, "2014": 1, "2015": 0, "2016": 0, "2017": 1}, "old_citations": {"2011": 4}, "isVisible": false}, "1999452641": {"name": "maarten weyn", "type": "author", "activity": 12, "h_index": 10, "h5_index": 5, "mag_id": "1999452641", "num_publications": 1, "num_citations": 9, "num_publications_5y": 0, "num_citations_5y": 4, "num_publications_10y": 1, "num_citations_10y": 9, "publications_years": {"2009": 1}, "citations_years": {"2010": 1, "2011": 1, "2012": 1, "2013": 2, "2014": 1, "2015": 0, "2016": 2, "2017": 1}, "old_citations": {"2009": 9}, "isVisible": false}, "2003664910": {"name": "ryan stutsman", "type": "author", "activity": 15, "h_index": 15, "h5_index": 5, "mag_id": "2003664910", "num_publications": 1, "num_citations": 19, "num_publications_5y": 0, "num_citations_5y": 10, "num_publications_10y": 1, "num_citations_10y": 19, "publications_years": {"2009": 1}, "citations_years": {"2009": 1, "2010": 3, "2011": 3, "2012": 1, "2013": 1, "2014": 5, "2015": 2, "2016": 2, "2017": 1}, "old_citations": {"2009": 19}, "isVisible": false}, "2012387558": {"name": "carolina fortuna", "type": "author", "activity": 13, "h_index": 12, "h5_index": 3, "mag_id": "2012387558", "num_publications": 1, "num_citations": 0, "num_publications_5y": 0, "num_citations_5y": 0, "num_publications_10y": 1, "num_citations_10y": 0, "publications_years": {"2009": 1}, "citations_years": {}, "old_citations": {"2009": 0}, "isVisible": false}, "2022304248": {"name": "thierry turletti", "type": "author", "activity": 28, "h_index": 35, "h5_index": 5, "mag_id": "2022304248", "num_publications": 1, "num_citations": 3, "num_publications_5y": 0, "num_citations_5y": 1, "num_publications_10y": 1, "num_citations_10y": 3, "publications_years": {"2009": 1}, "citations_years": {"2011": 1, "2012": 1, "2013": 0, "2014": 0, "2015": 0, "2016": 0, "2017": 0, "2018": 1}, "old_citations": {"2009": 3}, "isVisible": false}, "2039673097": {"name": "karel wouters", "type": "author", "activity": 13, "h_index": 9, "h5_index": 0, "mag_id": "2039673097", "num_publications": 1, "num_citations": 33, "num_publications_5y": 0, "num_citations_5y": 13, "num_publications_10y": 1, "num_citations_10y": 33, "publications_years": {"2009": 1}, "citations_years": {"2010": 1, "2011": 4, "2012": 6, "2013": 9, "2014": 6, "2015": 2, "2016": 2, "2017": 2, "2018": 1}, "old_citations": {"2009": 33}, "isVisible": false}, "2041941058": {"name": "oliver haase", "type": "author", "activity": 11, "h_index": 2, "h5_index": 0, "mag_id": "2041941058", "num_publications": 1, "num_citations": 2, "num_publications_5y": 0, "num_citations_5y": 1, "num_publications_10y": 1, "num_citations_10y": 2, "publications_years": {"2009": 1}, "citations_years": {"2010": 1, "2011": 0, "2012": 0, "2013": 0, "2014": 0, "2015": 1}, "old_citations": {"2009": 2}, "isVisible": false}, "2042129406": {"name": "anirban majumder", "type": "author", "activity": 7, "h_index": 7, "h5_index": 0, "mag_id": "2042129406", "num_publications": 1, "num_citations": 7, "num_publications_5y": 0, "num_citations_5y": 1, "num_publications_10y": 1, "num_citations_10y": 7, "publications_years": {"2009": 1}, "citations_years": {"2011": 3, "2012": 1, "2013": 2, "2014": 1}, "old_citations": {"2009": 7}, "isVisible": false}, "2048673625": {"name": "robin kravets", "type": "author", "activity": 24, "h_index": 35, "h5_index": 2, "mag_id": "2048673625", "num_publications": 1, "num_citations": 11, "num_publications_5y": 0, "num_citations_5y": 8, "num_publications_10y": 1, "num_citations_10y": 10, "publications_years": {"2011": 1}, "citations_years": {"2013": 2, "2014": 3, "2015": 2, "2016": 2, "2017": 1, "2018": 0, "2019": 1}, "old_citations": {"2011": 11}, "isVisible": false}, "2052109716": {"name": "philip levis", "type": "author", "activity": 21, "h_index": 45, "h5_index": 8, "mag_id": "2052109716", "num_publications": 1, "num_citations": 19, "num_publications_5y": 0, "num_citations_5y": 10, "num_publications_10y": 1, "num_citations_10y": 19, "publications_years": {"2009": 1}, "citations_years": {"2009": 1, "2010": 3, "2011": 3, "2012": 1, "2013": 1, "2014": 5, "2015": 2, "2016": 2, "2017": 1}, "old_citations": {"2009": 19}, "isVisible": false}, "2065448906": {"name": "ankur jain", "type": "author", "activity": 4, "h_index": 1, "h5_index": 0, "mag_id": "2065448906", "num_publications": 1, "num_citations": 7, "num_publications_5y": 0, "num_citations_5y": 1, "num_publications_10y": 1, "num_citations_10y": 7, "publications_years": {"2009": 1}, "citations_years": {"2011": 3, "2012": 1, "2013": 2, "2014": 1}, "old_citations": {"2009": 7}, "isVisible": false}, "2067786487": {"name": "amir krifa", "type": "author", "activity": 5, "h_index": 4, "h5_index": 0, "mag_id": "2067786487", "num_publications": 1, "num_citations": 3, "num_publications_5y": 0, "num_citations_5y": 1, "num_publications_10y": 1, "num_citations_10y": 3, "publications_years": {"2009": 1}, "citations_years": {"2011": 1, "2012": 1, "2013": 0, "2014": 0, "2015": 0, "2016": 0, "2017": 0, "2018": 1}, "old_citations": {"2009": 3}, "isVisible": false}, "2071366846": {"name": "andrea francini", "type": "author", "activity": 24, "h_index": 15, "h5_index": 4, "mag_id": "2071366846", "num_publications": 1, "num_citations": 4, "num_publications_5y": 0, "num_citations_5y": 2, "num_publications_10y": 1, "num_citations_10y": 4, "publications_years": {"2011": 1}, "citations_years": {"2012": 1, "2013": 1, "2014": 1, "2015": 0, "2016": 0, "2017": 1}, "old_citations": {"2011": 4}, "isVisible": false}, "2081124109": {"name": "jeffrey pang", "type": "author", "activity": 13, "h_index": 21, "h5_index": 1, "mag_id": "2081124109", "num_publications": 1, "num_citations": 11, "num_publications_5y": 0, "num_citations_5y": 8, "num_publications_10y": 1, "num_citations_10y": 8, "publications_years": {"2011": 1}, "citations_years": {"2014": 1, "2015": 3, "2016": 2, "2017": 1, "2018": 1, "2019": 3}, "old_citations": {"2011": 11}, "isVisible": false}, "2086917255": {"name": "nisheeth shrivastava", "type": "author", "activity": 10, "h_index": 13, "h5_index": 0, "mag_id": "2086917255", "num_publications": 1, "num_citations": 7, "num_publications_5y": 0, "num_citations_5y": 1, "num_publications_10y": 1, "num_citations_10y": 7, "publications_years": {"2009": 1}, "citations_years": {"2011": 3, "2012": 1, "2013": 2, "2014": 1}, "old_citations": {"2009": 7}, "isVisible": false}, "2093924322": {"name": "srinivasan seshan", "type": "author", "activity": 29, "h_index": 57, "h5_index": 5, "mag_id": "2093924322", "num_publications": 1, "num_citations": 11, "num_publications_5y": 0, "num_citations_5y": 8, "num_publications_10y": 1, "num_citations_10y": 8, "publications_years": {"2011": 1}, "citations_years": {"2014": 1, "2015": 3, "2016": 2, "2017": 1, "2018": 1, "2019": 3}, "old_citations": {"2011": 11}, "isVisible": false}, "2102969555": {"name": "mendel rosenblum", "type": "author", "activity": 30, "h_index": 46, "h5_index": 2, "mag_id": "2102969555", "num_publications": 1, "num_citations": 19, "num_publications_5y": 0, "num_citations_5y": 11, "num_publications_10y": 1, "num_citations_10y": 17, "publications_years": {"2011": 1}, "citations_years": {"2012": 4, "2013": 2, "2014": 3, "2015": 4, "2016": 1, "2017": 1, "2018": 2, "2019": 2}, "old_citations": {"2011": 19}, "isVisible": false}, "2104203371": {"name": "nitin agrawal", "type": "author", "activity": 14, "h_index": 11, "h5_index": 2, "mag_id": "2104203371", "num_publications": 1, "num_citations": 18, "num_publications_5y": 0, "num_citations_5y": 8, "num_publications_10y": 1, "num_citations_10y": 16, "publications_years": {"2011": 1}, "citations_years": {"2012": 4, "2013": 4, "2014": 2, "2015": 2, "2016": 2, "2017": 1, "2018": 1, "2019": 2}, "old_citations": {"2011": 18}, "isVisible": false}, "2105065599": {"name": "sebastian kay belle", "type": "author", "activity": 6, "h_index": 2, "h5_index": 0, "mag_id": "2105065599", "num_publications": 1, "num_citations": 2, "num_publications_5y": 0, "num_citations_5y": 1, "num_publications_10y": 1, "num_citations_10y": 2, "publications_years": {"2009": 1}, "citations_years": {"2010": 1, "2011": 0, "2012": 0, "2013": 0, "2014": 0, "2015": 1}, "old_citations": {"2009": 2}, "isVisible": false}, "2112266400": {"name": "adiseshu hari", "type": "author", "activity": 21, "h_index": 9, "h5_index": 2, "mag_id": "2112266400", "num_publications": 1, "num_citations": 4, "num_publications_5y": 0, "num_citations_5y": 2, "num_publications_10y": 1, "num_citations_10y": 4, "publications_years": {"2011": 1}, "citations_years": {"2012": 1, "2013": 1, "2014": 1, "2015": 0, "2016": 0, "2017": 1}, "old_citations": {"2011": 4}, "isVisible": false}, "2112933391": {"name": "cristian ungureanu", "type": "author", "activity": 15, "h_index": 20, "h5_index": 2, "mag_id": "2112933391", "num_publications": 1, "num_citations": 18, "num_publications_5y": 0, "num_citations_5y": 8, "num_publications_10y": 1, "num_citations_10y": 16, "publications_years": {"2011": 1}, "citations_years": {"2012": 4, "2013": 4, "2014": 2, "2015": 2, "2016": 2, "2017": 1, "2018": 1, "2019": 2}, "old_citations": {"2011": 18}, "isVisible": false}, "2114043725": {"name": "pieter simoens", "type": "author", "activity": 15, "h_index": 18, "h5_index": 8, "mag_id": "2114043725", "num_publications": 1, "num_citations": 1, "num_publications_5y": 0, "num_citations_5y": 0, "num_publications_10y": 1, "num_citations_10y": 1, "publications_years": {"2009": 1}, "citations_years": {"2012": 1}, "old_citations": {"2009": 1}, "isVisible": false}, "2119409485": {"name": "long t le", "type": "author", "activity": 11, "h_index": 5, "h5_index": 3, "mag_id": "2119409485", "num_publications": 1, "num_citations": 20, "num_publications_5y": 0, "num_citations_5y": 9, "num_publications_10y": 1, "num_citations_10y": 20, "publications_years": {"2009": 1}, "citations_years": {"2010": 3, "2011": 1, "2012": 5, "2013": 2, "2014": 2, "2015": 5, "2016": 0, "2017": 2}, "old_citations": {"2009": 20}, "isVisible": false}, "2126070833": {"name": "suman banerjee", "type": "author", "activity": 21, "h_index": 48, "h5_index": 6, "mag_id": "2126070833", "num_publications": 1, "num_citations": 0, "num_publications_5y": 0, "num_citations_5y": 0, "num_publications_10y": 1, "num_citations_10y": 0, "publications_years": {"2009": 1}, "citations_years": {}, "old_citations": {"2009": 0}, "isVisible": false}, "2126415966": {"name": "naidu k v m", "type": "author", "activity": 1, "h_index": 1, "h5_index": 0, "mag_id": "2126415966", "num_publications": 1, "num_citations": 7, "num_publications_5y": 0, "num_citations_5y": 1, "num_publications_10y": 1, "num_citations_10y": 7, "publications_years": {"2009": 1}, "citations_years": {"2011": 3, "2012": 1, "2013": 2, "2014": 1}, "old_citations": {"2009": 7}, "isVisible": false}, "2129983115": {"name": "harold lim", "type": "author", "activity": 8, "h_index": 10, "h5_index": 1, "mag_id": "2129983115", "num_publications": 1, "num_citations": 71, "num_publications_5y": 0, "num_citations_5y": 24, "num_publications_10y": 1, "num_citations_10y": 71, "publications_years": {"2009": 1}, "citations_years": {"2009": 2, "2010": 8, "2011": 11, "2012": 16, "2013": 10, "2014": 6, "2015": 9, "2016": 3, "2017": 4, "2018": 2}, "old_citations": {"2009": 71}, "isVisible": false}, "2130290287": {"name": "sachin katti", "type": "author", "activity": 18, "h_index": 41, "h5_index": 10, "mag_id": "2130290287", "num_publications": 1, "num_citations": 19, "num_publications_5y": 0, "num_citations_5y": 11, "num_publications_10y": 1, "num_citations_10y": 17, "publications_years": {"2011": 1}, "citations_years": {"2012": 4, "2013": 2, "2014": 3, "2015": 4, "2016": 1, "2017": 1, "2018": 2, "2019": 2}, "old_citations": {"2011": 19}, "isVisible": false}, "2131542109": {"name": "mun choon chan", "type": "author", "activity": 26, "h_index": 28, "h5_index": 7, "mag_id": "2131542109", "num_publications": 1, "num_citations": 20, "num_publications_5y": 0, "num_citations_5y": 9, "num_publications_10y": 1, "num_citations_10y": 20, "publications_years": {"2009": 1}, "citations_years": {"2010": 3, "2011": 1, "2012": 5, "2013": 2, "2014": 2, "2015": 5, "2016": 0, "2017": 2}, "old_citations": {"2009": 20}, "isVisible": false}, "2138907572": {"name": "dongsu han", "type": "author", "activity": 12, "h_index": 23, "h5_index": 10, "mag_id": "2138907572", "num_publications": 1, "num_citations": 11, "num_publications_5y": 0, "num_citations_5y": 8, "num_publications_10y": 1, "num_citations_10y": 8, "publications_years": {"2011": 1}, "citations_years": {"2014": 1, "2015": 3, "2016": 2, "2017": 1, "2018": 1, "2019": 3}, "old_citations": {"2011": 11}, "isVisible": false}, "2139615883": {"name": "gauthier van damme", "type": "author", "activity": 3, "h_index": 2, "h5_index": 0, "mag_id": "2139615883", "num_publications": 1, "num_citations": 33, "num_publications_5y": 0, "num_citations_5y": 13, "num_publications_10y": 1, "num_citations_10y": 33, "publications_years": {"2009": 1}, "citations_years": {"2010": 1, "2011": 4, "2012": 6, "2013": 9, "2014": 6, "2015": 2, "2016": 2, "2017": 2, "2018": 1}, "old_citations": {"2009": 33}, "isVisible": false}, "2140805858": {"name": "xiangqun chen", "type": "author", "activity": 16, "h_index": 15, "h5_index": 5, "mag_id": "2140805858", "num_publications": 1, "num_citations": 16, "num_publications_5y": 0, "num_citations_5y": 13, "num_publications_10y": 1, "num_citations_10y": 16, "publications_years": {"2011": 1}, "citations_years": {"2013": 3, "2014": 6, "2015": 5, "2016": 1, "2017": 0, "2018": 1}, "old_citations": {"2011": 16}, "isVisible": false}, "2141001872": {"name": "darwin parra", "type": "author", "activity": 7, "h_index": 3, "h5_index": 1, "mag_id": "2141001872", "num_publications": 1, "num_citations": 10, "num_publications_5y": 0, "num_citations_5y": 2, "num_publications_10y": 1, "num_citations_10y": 9, "publications_years": {"2011": 1}, "citations_years": {"2012": 4, "2013": 3, "2014": 2, "2015": 0, "2016": 0, "2017": 0, "2018": 0, "2019": 1}, "old_citations": {"2011": 10}, "isVisible": false}, "2149699205": {"name": "landon p cox", "type": "author", "activity": 23, "h_index": 28, "h5_index": 3, "mag_id": "2149699205", "num_publications": 1, "num_citations": 71, "num_publications_5y": 0, "num_citations_5y": 24, "num_publications_10y": 1, "num_citations_10y": 71, "publications_years": {"2009": 1}, "citations_years": {"2009": 2, "2010": 8, "2011": 11, "2012": 16, "2013": 10, "2014": 6, "2015": 9, "2016": 3, "2017": 4, "2018": 2}, "old_citations": {"2009": 71}, "isVisible": false}, "2152353165": {"name": "xuan bao", "type": "author", "activity": 9, "h_index": 13, "h5_index": 3, "mag_id": "2152353165", "num_publications": 1, "num_citations": 8, "num_publications_5y": 0, "num_citations_5y": 1, "num_publications_10y": 1, "num_citations_10y": 8, "publications_years": {"2009": 1}, "citations_years": {"2010": 4, "2011": 2, "2012": 0, "2013": 1, "2014": 1}, "old_citations": {"2009": 8}, "isVisible": false}, "2156397333": {"name": "bart preneel", "type": "author", "activity": 30, "h_index": 59, "h5_index": 10, "mag_id": "2156397333", "num_publications": 1, "num_citations": 33, "num_publications_5y": 0, "num_citations_5y": 13, "num_publications_10y": 1, "num_citations_10y": 33, "publications_years": {"2009": 1}, "citations_years": {"2010": 1, "2011": 4, "2012": 6, "2013": 9, "2014": 6, "2015": 2, "2016": 2, "2017": 2, "2018": 1}, "old_citations": {"2009": 33}, "isVisible": false}, "2170905525": {"name": "tomer london", "type": "author", "activity": 2, "h_index": 1, "h5_index": 0, "mag_id": "2170905525", "num_publications": 1, "num_citations": 19, "num_publications_5y": 0, "num_citations_5y": 11, "num_publications_10y": 1, "num_citations_10y": 17, "publications_years": {"2011": 1}, "citations_years": {"2012": 4, "2013": 2, "2014": 3, "2015": 4, "2016": 1, "2017": 1, "2018": 2, "2019": 2}, "old_citations": {"2011": 19}, "isVisible": false}, "2173961503": {"name": "stephen m rumble", "type": "author", "activity": 10, "h_index": 13, "h5_index": 1, "mag_id": "2173961503", "num_publications": 1, "num_citations": 19, "num_publications_5y": 0, "num_citations_5y": 10, "num_publications_10y": 1, "num_citations_10y": 19, "publications_years": {"2009": 1}, "citations_years": {"2009": 1, "2010": 3, "2011": 3, "2012": 1, "2013": 1, "2014": 5, "2015": 2, "2016": 2, "2017": 1}, "old_citations": {"2009": 19}, "isVisible": false}, "2186657300": {"name": "marcelo dias de amorim", "type": "author", "activity": 20, "h_index": 18, "h5_index": 4, "mag_id": "2186657300", "num_publications": 1, "num_citations": 1, "num_publications_5y": 0, "num_citations_5y": 1, "num_publications_10y": 1, "num_citations_10y": 1, "publications_years": {"2009": 1}, "citations_years": {"2016": 1}, "old_citations": {"2009": 1}, "isVisible": false}, "2192714546": {"name": "jeffrey bickford", "type": "author", "activity": 10, "h_index": 8, "h5_index": 2, "mag_id": "2192714546", "num_publications": 1, "num_citations": 10, "num_publications_5y": 0, "num_citations_5y": 2, "num_publications_10y": 1, "num_citations_10y": 9, "publications_years": {"2011": 1}, "citations_years": {"2012": 4, "2013": 3, "2014": 2, "2015": 0, "2016": 0, "2017": 0, "2018": 0, "2019": 1}, "old_citations": {"2011": 10}, "isVisible": false}, "2195064976": {"name": "arto karppanen", "type": "author", "activity": 23, "h_index": 10, "h5_index": 0, "mag_id": "2195064976", "num_publications": 1, "num_citations": 18, "num_publications_5y": 0, "num_citations_5y": 6, "num_publications_10y": 1, "num_citations_10y": 18, "publications_years": {"2009": 1}, "citations_years": {"2009": 1, "2010": 4, "2011": 2, "2012": 1, "2013": 4, "2014": 3, "2015": 2, "2016": 0, "2017": 1}, "old_citations": {"2009": 18}, "isVisible": false}, "2202810432": {"name": "seppo granlund", "type": "author", "activity": 20, "h_index": 4, "h5_index": 0, "mag_id": "2202810432", "num_publications": 1, "num_citations": 18, "num_publications_5y": 0, "num_citations_5y": 6, "num_publications_10y": 1, "num_citations_10y": 18, "publications_years": {"2009": 1}, "citations_years": {"2009": 1, "2010": 4, "2011": 2, "2012": 1, "2013": 4, "2014": 3, "2015": 2, "2016": 0, "2017": 1}, "old_citations": {"2009": 18}, "isVisible": false}, "2222439304": {"name": "kean wong", "type": "author", "activity": 1, "h_index": 1, "h5_index": 0, "mag_id": "2222439304", "num_publications": 1, "num_citations": 2, "num_publications_5y": 0, "num_citations_5y": 0, "num_publications_10y": 1, "num_citations_10y": 2, "publications_years": {"2011": 1}, "citations_years": {"2013": 2}, "old_citations": {"2011": 2}, "isVisible": false}, "2222741026": {"name": "sigit basuki wibowo", "type": "author", "activity": 3, "h_index": 2, "h5_index": 0, "mag_id": "2222741026", "num_publications": 1, "num_citations": 9, "num_publications_5y": 0, "num_citations_5y": 4, "num_publications_10y": 1, "num_citations_10y": 9, "publications_years": {"2009": 1}, "citations_years": {"2010": 1, "2011": 1, "2012": 1, "2013": 2, "2014": 1, "2015": 0, "2016": 2, "2017": 1}, "old_citations": {"2009": 9}, "isVisible": false}, "2223250610": {"name": "mehedi bakht", "type": "author", "activity": 5, "h_index": 8, "h5_index": 0, "mag_id": "2223250610", "num_publications": 1, "num_citations": 11, "num_publications_5y": 0, "num_citations_5y": 8, "num_publications_10y": 1, "num_citations_10y": 10, "publications_years": {"2011": 1}, "citations_years": {"2013": 2, "2014": 3, "2015": 2, "2016": 2, "2017": 1, "2018": 0, "2019": 1}, "old_citations": {"2011": 11}, "isVisible": false}, "2223530953": {"name": "warsun najib", "type": "author", "activity": 9, "h_index": 2, "h5_index": 0, "mag_id": "2223530953", "num_publications": 1, "num_citations": 9, "num_publications_5y": 0, "num_citations_5y": 4, "num_publications_10y": 1, "num_citations_10y": 9, "publications_years": {"2009": 1}, "citations_years": {"2010": 1, "2011": 1, "2012": 1, "2013": 2, "2014": 1, "2015": 0, "2016": 2, "2017": 1}, "old_citations": {"2009": 9}, "isVisible": false}, "2226030688": {"name": "hakan karahan", "type": "author", "activity": 1, "h_index": 1, "h5_index": 0, "mag_id": "2226030688", "num_publications": 1, "num_citations": 33, "num_publications_5y": 0, "num_citations_5y": 13, "num_publications_10y": 1, "num_citations_10y": 33, "publications_years": {"2009": 1}, "citations_years": {"2010": 1, "2011": 4, "2012": 6, "2013": 9, "2014": 6, "2015": 2, "2016": 2, "2017": 2, "2018": 1}, "old_citations": {"2009": 33}, "isVisible": false}, "2228760186": {"name": "inge bylemans", "type": "author", "activity": 1, "h_index": 2, "h5_index": 0, "mag_id": "2228760186", "num_publications": 1, "num_citations": 9, "num_publications_5y": 0, "num_citations_5y": 4, "num_publications_10y": 1, "num_citations_10y": 9, "publications_years": {"2009": 1}, "citations_years": {"2010": 1, "2011": 1, "2012": 1, "2013": 2, "2014": 1, "2015": 0, "2016": 2, "2017": 1}, "old_citations": {"2009": 9}, "isVisible": false}, "2229173578": {"name": "brendan linn", "type": "author", "activity": 1, "h_index": 1, "h5_index": 0, "mag_id": "2229173578", "num_publications": 1, "num_citations": 14, "num_publications_5y": 0, "num_citations_5y": 4, "num_publications_10y": 1, "num_citations_10y": 14, "publications_years": {"2009": 1}, "citations_years": {"2010": 2, "2011": 3, "2012": 2, "2013": 3, "2014": 3, "2015": 1}, "old_citations": {"2009": 14}, "isVisible": false}, "2229175561": {"name": "sandip agrawal", "type": "author", "activity": 3, "h_index": 2, "h5_index": 0, "mag_id": "2229175561", "num_publications": 1, "num_citations": 24, "num_publications_5y": 0, "num_citations_5y": 9, "num_publications_10y": 1, "num_citations_10y": 23, "publications_years": {"2009": 1}, "citations_years": {"2009": 1, "2010": 2, "2011": 3, "2012": 5, "2013": 3, "2014": 4, "2015": 1, "2016": 1, "2017": 3, "2018": 0, "2019": 1}, "old_citations": {"2009": 24}, "isVisible": false}, "2229281295": {"name": "bhojan anand", "type": "author", "activity": 10, "h_index": 5, "h5_index": 2, "mag_id": "2229281295", "num_publications": 1, "num_citations": 20, "num_publications_5y": 0, "num_citations_5y": 9, "num_publications_10y": 1, "num_citations_10y": 20, "publications_years": {"2009": 1}, "citations_years": {"2010": 3, "2011": 1, "2012": 5, "2013": 2, "2014": 2, "2015": 5, "2016": 0, "2017": 2}, "old_citations": {"2009": 20}, "isVisible": false}, "2229529709": {"name": "junjun kong", "type": "author", "activity": 5, "h_index": 5, "h5_index": 0, "mag_id": "2229529709", "num_publications": 1, "num_citations": 16, "num_publications_5y": 0, "num_citations_5y": 13, "num_publications_10y": 1, "num_citations_10y": 16, "publications_years": {"2011": 1}, "citations_years": {"2013": 3, "2014": 6, "2015": 5, "2016": 1, "2017": 0, "2018": 1}, "old_citations": {"2011": 16}, "isVisible": false}, "2246820000": {"name": "arvind kumar", "type": "author", "activity": 1, "h_index": 2, "h5_index": 0, "mag_id": "2246820000", "num_publications": 1, "num_citations": 6, "num_publications_5y": 0, "num_citations_5y": 2, "num_publications_10y": 1, "num_citations_10y": 6, "publications_years": {"2009": 1}, "citations_years": {"2009": 1, "2010": 1, "2011": 1, "2012": 0, "2013": 1, "2014": 0, "2015": 1, "2016": 0, "2017": 1}, "old_citations": {"2009": 6}, "isVisible": false}, "2248376927": {"name": "andrew phillips", "type": "author", "activity": 1, "h_index": 1, "h5_index": 0, "mag_id": "2248376927", "num_publications": 1, "num_citations": 134, "num_publications_5y": 0, "num_citations_5y": 58, "num_publications_10y": 1, "num_citations_10y": 126, "publications_years": {"2009": 1}, "citations_years": {"2009": 1, "2010": 13, "2011": 9, "2012": 30, "2013": 15, "2014": 18, "2015": 12, "2016": 14, "2017": 10, "2018": 4, "2019": 7, "2020": 1}, "old_citations": {"2009": 134}, "isVisible": false}, "2258616044": {"name": "yao guo", "type": "author", "activity": 23, "h_index": 17, "h5_index": 11, "mag_id": "2258616044", "num_publications": 1, "num_citations": 16, "num_publications_5y": 0, "num_citations_5y": 13, "num_publications_10y": 1, "num_citations_10y": 16, "publications_years": {"2011": 1}, "citations_years": {"2013": 3, "2014": 6, "2015": 5, "2016": 1, "2017": 0, "2018": 1}, "old_citations": {"2011": 16}, "isVisible": false}, "2272871345": {"name": "tristan henderson", "type": "author", "activity": 20, "h_index": 25, "h5_index": 4, "mag_id": "2272871345", "num_publications": 1, "num_citations": 134, "num_publications_5y": 0, "num_citations_5y": 58, "num_publications_10y": 1, "num_citations_10y": 126, "publications_years": {"2009": 1}, "citations_years": {"2009": 1, "2010": 13, "2011": 9, "2012": 30, "2013": 15, "2014": 18, "2015": 12, "2016": 14, "2017": 10, "2018": 4, "2019": 7, "2020": 1}, "old_citations": {"2009": 134}, "isVisible": false}, "2277382647": {"name": "viswanath poosala", "type": "author", "activity": 15, "h_index": 27, "h5_index": 0, "mag_id": "2277382647", "num_publications": 1, "num_citations": 7, "num_publications_5y": 0, "num_citations_5y": 1, "num_publications_10y": 1, "num_citations_10y": 7, "publications_years": {"2009": 1}, "citations_years": {"2011": 3, "2012": 1, "2013": 2, "2014": 1}, "old_citations": {"2009": 7}, "isVisible": false}, "2294777068": {"name": "shravan gaonkar", "type": "author", "activity": 11, "h_index": 13, "h5_index": 0, "mag_id": "2294777068", "num_publications": 1, "num_citations": 24, "num_publications_5y": 0, "num_citations_5y": 9, "num_publications_10y": 1, "num_citations_10y": 23, "publications_years": {"2009": 1}, "citations_years": {"2009": 1, "2010": 2, "2011": 3, "2012": 5, "2013": 3, "2014": 4, "2015": 1, "2016": 1, "2017": 3, "2018": 0, "2019": 1}, "old_citations": {"2009": 24}, "isVisible": false}, "2303994818": {"name": "umar javed", "type": "author", "activity": 2, "h_index": 2, "h5_index": 0, "mag_id": "2303994818", "num_publications": 1, "num_citations": 11, "num_publications_5y": 0, "num_citations_5y": 8, "num_publications_10y": 1, "num_citations_10y": 8, "publications_years": {"2011": 1}, "citations_years": {"2014": 1, "2015": 3, "2016": 2, "2017": 1, "2018": 1, "2019": 3}, "old_citations": {"2011": 11}, "isVisible": false}, "2308675044": {"name": "kaustubh joshi", "type": "author", "activity": 19, "h_index": 19, "h5_index": 5, "mag_id": "2308675044", "num_publications": 1, "num_citations": 10, "num_publications_5y": 0, "num_citations_5y": 2, "num_publications_10y": 1, "num_citations_10y": 9, "publications_years": {"2011": 1}, "citations_years": {"2012": 4, "2013": 3, "2014": 2, "2015": 0, "2016": 0, "2017": 0, "2018": 0, "2019": 1}, "old_citations": {"2011": 10}, "isVisible": false}, "2309958601": {"name": "mehmet yilmaz", "type": "author", "activity": 1, "h_index": 1, "h5_index": 0, "mag_id": "2309958601", "num_publications": 1, "num_citations": 2, "num_publications_5y": 0, "num_citations_5y": 0, "num_publications_10y": 1, "num_citations_10y": 2, "publications_years": {"2011": 1}, "citations_years": {"2013": 2}, "old_citations": {"2011": 2}, "isVisible": false}, "2324663846": {"name": "sharad jaiswal", "type": "author", "activity": 12, "h_index": 14, "h5_index": 0, "mag_id": "2324663846", "num_publications": 1, "num_citations": 7, "num_publications_5y": 0, "num_citations_5y": 1, "num_publications_10y": 1, "num_citations_10y": 7, "publications_years": {"2009": 1}, "citations_years": {"2011": 3, "2012": 1, "2013": 2, "2014": 1}, "old_citations": {"2009": 7}, "isVisible": false}, "2403481355": {"name": "rajesh krishna balan", "type": "author", "activity": 20, "h_index": 24, "h5_index": 6, "mag_id": "2403481355", "num_publications": 1, "num_citations": 20, "num_publications_5y": 0, "num_citations_5y": 9, "num_publications_10y": 1, "num_citations_10y": 20, "publications_years": {"2009": 1}, "citations_years": {"2010": 3, "2011": 1, "2012": 5, "2013": 2, "2014": 2, "2015": 5, "2016": 0, "2017": 2}, "old_citations": {"2009": 20}, "isVisible": false}, "2406569183": {"name": "h andres lagarcavilla", "type": "author", "activity": 7, "h_index": 12, "h5_index": 0, "mag_id": "2406569183", "num_publications": 1, "num_citations": 10, "num_publications_5y": 0, "num_citations_5y": 2, "num_publications_10y": 1, "num_citations_10y": 9, "publications_years": {"2011": 1}, "citations_years": {"2012": 4, "2013": 3, "2014": 2, "2015": 0, "2016": 0, "2017": 0, "2018": 0, "2019": 1}, "old_citations": {"2011": 10}, "isVisible": false}, "2423518190": {"name": "yuhjye chang", "type": "author", "activity": 3, "h_index": 4, "h5_index": 0, "mag_id": "2423518190", "num_publications": 1, "num_citations": 4, "num_publications_5y": 0, "num_citations_5y": 2, "num_publications_10y": 1, "num_citations_10y": 4, "publications_years": {"2011": 1}, "citations_years": {"2012": 1, "2013": 1, "2014": 1, "2015": 0, "2016": 0, "2017": 1}, "old_citations": {"2011": 4}, "isVisible": false}, "2434302714": {"name": "bimo sunafri hantono", "type": "author", "activity": 1, "h_index": 1, "h5_index": 0, "mag_id": "2434302714", "num_publications": 1, "num_citations": 9, "num_publications_5y": 0, "num_citations_5y": 4, "num_publications_10y": 1, "num_citations_10y": 9, "publications_years": {"2009": 1}, "citations_years": {"2010": 1, "2011": 1, "2012": 1, "2013": 2, "2014": 1, "2015": 0, "2016": 2, "2017": 1}, "old_citations": {"2009": 9}, "isVisible": false}, "2435511731": {"name": "piet demeester", "type": "author", "activity": 27, "h_index": 34, "h5_index": 8, "mag_id": "2435511731", "num_publications": 1, "num_citations": 1, "num_publications_5y": 0, "num_citations_5y": 0, "num_publications_10y": 1, "num_citations_10y": 1, "publications_years": {"2009": 1}, "citations_years": {"2012": 1}, "old_citations": {"2009": 1}, "isVisible": false}, "2473486677": {"name": "mary baker", "type": "author", "activity": 30, "h_index": 32, "h5_index": 2, "mag_id": "2473486677", "num_publications": 1, "num_citations": 2, "num_publications_5y": 0, "num_citations_5y": 0, "num_publications_10y": 1, "num_citations_10y": 2, "publications_years": {"2011": 1}, "citations_years": {"2013": 2}, "old_citations": {"2011": 2}, "isVisible": false}, "2499423927": {"name": "liang cai", "type": "author", "activity": 4, "h_index": 5, "h5_index": 0, "mag_id": "2499423927", "num_publications": 1, "num_citations": 76, "num_publications_5y": 0, "num_citations_5y": 37, "num_publications_10y": 1, "num_citations_10y": 69, "publications_years": {"2009": 1}, "citations_years": {"2010": 1, "2011": 8, "2012": 13, "2013": 10, "2014": 13, "2015": 8, "2016": 6, "2017": 5, "2018": 5, "2019": 5, "2020": 2}, "old_citations": {"2009": 76}, "isVisible": false}, "2504052270": {"name": "lien deboosere", "type": "author", "activity": 10, "h_index": 10, "h5_index": 0, "mag_id": "2504052270", "num_publications": 1, "num_citations": 1, "num_publications_5y": 0, "num_citations_5y": 0, "num_publications_10y": 1, "num_citations_10y": 1, "publications_years": {"2009": 1}, "citations_years": {"2012": 1}, "old_citations": {"2009": 1}, "isVisible": false}, "2622438656": {"name": "fehmi ben abdesslem", "type": "author", "activity": 13, "h_index": 8, "h5_index": 1, "mag_id": "2622438656", "num_publications": 1, "num_citations": 134, "num_publications_5y": 0, "num_citations_5y": 58, "num_publications_10y": 1, "num_citations_10y": 126, "publications_years": {"2009": 1}, "citations_years": {"2009": 1, "2010": 13, "2011": 9, "2012": 30, "2013": 15, "2014": 18, "2015": 12, "2016": 14, "2017": 10, "2018": 4, "2019": 7, "2020": 1}, "old_citations": {"2009": 134}, "isVisible": false}, "2573883204": {"name": "hao chen", "type": "author", "activity": 24, "h_index": 32, "h5_index": 11, "mag_id": "2573883204", "num_publications": 1, "num_citations": 76, "num_publications_5y": 0, "num_citations_5y": 37, "num_publications_10y": 1, "num_citations_10y": 69, "publications_years": {"2009": 1}, "citations_years": {"2010": 1, "2011": 8, "2012": 13, "2013": 10, "2014": 13, "2015": 8, "2016": 6, "2017": 5, "2018": 5, "2019": 5, "2020": 2}, "old_citations": {"2009": 76}, "isVisible": false}, "2623120065": {"name": "a l ananda", "type": "author", "activity": 20, "h_index": 9, "h5_index": 0, "mag_id": "2623120065", "num_publications": 1, "num_citations": 20, "num_publications_5y": 0, "num_citations_5y": 9, "num_publications_10y": 1, "num_citations_10y": 20, "publications_years": {"2009": 1}, "citations_years": {"2010": 3, "2011": 1, "2012": 5, "2013": 2, "2014": 2, "2015": 5, "2016": 0, "2017": 2}, "old_citations": {"2009": 20}, "isVisible": false}, "2980745495": {"name": "h j kim", "type": "author", "activity": 14, "h_index": 14, "h5_index": 1, "mag_id": "2980745495", "num_publications": 1, "num_citations": 18, "num_publications_5y": 0, "num_citations_5y": 8, "num_publications_10y": 1, "num_citations_10y": 16, "publications_years": {"2011": 1}, "citations_years": {"2012": 4, "2013": 4, "2014": 2, "2015": 2, "2016": 2, "2017": 1, "2018": 1, "2019": 2}, "old_citations": {"2011": 18}, "isVisible": false}, "2604577877": {"name": "tao feng", "type": "author", "activity": 3, "h_index": 4, "h5_index": 0, "mag_id": "2604577877", "num_publications": 1, "num_citations": 16, "num_publications_5y": 0, "num_citations_5y": 13, "num_publications_10y": 1, "num_citations_10y": 16, "publications_years": {"2011": 1}, "citations_years": {"2013": 3, "2014": 6, "2015": 5, "2016": 1, "2017": 0, "2018": 1}, "old_citations": {"2011": 16}, "isVisible": false}, "2625626062": {"name": "jian sun", "type": "author", "activity": 2, "h_index": 3, "h5_index": 0, "mag_id": "2625626062", "num_publications": 1, "num_citations": 16, "num_publications_5y": 0, "num_citations_5y": 13, "num_publications_10y": 1, "num_citations_10y": 16, "publications_years": {"2011": 1}, "citations_years": {"2013": 3, "2014": 6, "2015": 5, "2016": 1, "2017": 0, "2018": 1}, "old_citations": {"2011": 16}, "isVisible": false}, "2651191724": {"name": "lin zhang", "type": "author", "activity": 4, "h_index": 1, "h5_index": 0, "mag_id": "2651191724", "num_publications": 1, "num_citations": 16, "num_publications_5y": 0, "num_citations_5y": 13, "num_publications_10y": 1, "num_citations_10y": 16, "publications_years": {"2011": 1}, "citations_years": {"2013": 3, "2014": 6, "2015": 5, "2016": 1, "2017": 0, "2018": 1}, "old_citations": {"2011": 16}, "isVisible": false}, "2575671961": {"name": "stig frode mjolsnes", "type": "author", "activity": 30, "h_index": 10, "h5_index": 3, "mag_id": "2575671961", "num_publications": 1, "num_citations": 9, "num_publications_5y": 0, "num_citations_5y": 3, "num_publications_10y": 1, "num_citations_10y": 9, "publications_years": {"2011": 1}, "citations_years": {"2012": 3, "2013": 3, "2014": 0, "2015": 1, "2016": 2}, "old_citations": {"2011": 9}, "isVisible": false}, "2776880177": {"name": "widyawan widyawan", "type": "author", "activity": 11, "h_index": 2, "h5_index": 0, "mag_id": "2776880177", "num_publications": 1, "num_citations": 9, "num_publications_5y": 0, "num_citations_5y": 4, "num_publications_10y": 1, "num_citations_10y": 9, "publications_years": {"2009": 1}, "citations_years": {"2010": 1, "2011": 1, "2012": 1, "2013": 2, "2014": 1, "2015": 0, "2016": 2, "2017": 1}, "old_citations": {"2009": 9}, "isVisible": false}, "2659784299": {"name": "girija narlikar", "type": "author", "activity": 10, "h_index": 6, "h5_index": 0, "mag_id": "2659784299", "num_publications": 1, "num_citations": 7, "num_publications_5y": 0, "num_citations_5y": 1, "num_publications_10y": 1, "num_citations_10y": 7, "publications_years": {"2009": 1}, "citations_years": {"2011": 3, "2012": 1, "2013": 2, "2014": 1}, "old_citations": {"2009": 7}, "isVisible": false}, "2779767972": {"name": "jorg roth", "type": "author", "activity": 1, "h_index": 1, "h5_index": 0, "mag_id": "2779767972", "num_publications": 1, "num_citations": 6, "num_publications_5y": 0, "num_citations_5y": 3, "num_publications_10y": 1, "num_citations_10y": 6, "publications_years": {"2011": 1}, "citations_years": {"2012": 1, "2013": 2, "2014": 2, "2015": 1}, "old_citations": {"2011": 6}, "isVisible": false}, "2647294401": {"name": "mohamed karim sbai", "type": "author", "activity": 11, "h_index": 5, "h5_index": 0, "mag_id": "2647294401", "num_publications": 1, "num_citations": 3, "num_publications_5y": 0, "num_citations_5y": 1, "num_publications_10y": 1, "num_citations_10y": 3, "publications_years": {"2009": 1}, "citations_years": {"2011": 1, "2012": 1, "2013": 0, "2014": 0, "2015": 0, "2016": 0, "2017": 0, "2018": 1}, "old_citations": {"2009": 3}, "isVisible": false}, "2621083760": {"name": "jiang gao", "type": "author", "activity": 1, "h_index": 1, "h5_index": 0, "mag_id": "2621083760", "num_publications": 1, "num_citations": 1, "num_publications_5y": 0, "num_citations_5y": 0, "num_publications_10y": 1, "num_citations_10y": 1, "publications_years": {"2011": 1}, "citations_years": {"2013": 1}, "old_citations": {"2011": 1}, "isVisible": false}}, "countries": {"United States": {"name": "United States", "type": "country", "h5_index": 308, "num_publications": 14, "num_citations": 286, "num_publications_5y": 0, "num_citations_5y": 124, "num_publications_10y": 14, "num_citations_10y": 270, "publications_years": {"2011": 5, "2009": 9}, "citations_years": {"2012": 45, "2013": 42, "2014": 43, "2015": 33, "2016": 19, "2017": 18, "2018": 11, "2019": 14, "2010": 22, "2011": 32, "2009": 5, "2020": 2}, "old_citations": {"2011": 61, "2009": 225}, "isVisible": false}, "Belgium": {"name": "Belgium", "type": "country", "h5_index": 72, "num_publications": 2, "num_citations": 34, "num_publications_5y": 0, "num_citations_5y": 13, "num_publications_10y": 2, "num_citations_10y": 34, "publications_years": {"2009": 2}, "citations_years": {"2010": 1, "2011": 4, "2012": 7, "2013": 9, "2014": 6, "2015": 2, "2016": 2, "2017": 2, "2018": 1}, "old_citations": {"2009": 34}, "isVisible": false}, "United Kingdom": {"name": "United Kingdom", "type": "country", "h5_index": 172, "num_publications": 2, "num_citations": 138, "num_publications_5y": 0, "num_citations_5y": 58, "num_publications_10y": 2, "num_citations_10y": 130, "publications_years": {"2009": 2}, "citations_years": {"2009": 1, "2010": 14, "2011": 10, "2012": 31, "2013": 16, "2014": 18, "2015": 12, "2016": 14, "2017": 10, "2018": 4, "2019": 7, "2020": 1}, "old_citations": {"2009": 138}, "isVisible": false}, "China": {"name": "China", "type": "country", "h5_index": 214, "num_publications": 1, "num_citations": 16, "num_publications_5y": 0, "num_citations_5y": 13, "num_publications_10y": 1, "num_citations_10y": 16, "publications_years": {"2011": 1}, "citations_years": {"2013": 3, "2014": 6, "2015": 5, "2016": 1, "2017": 0, "2018": 1}, "old_citations": {"2011": 16}, "isVisible": false}, "France": {"name": "France", "type": "country", "h5_index": 99, "num_publications": 1, "num_citations": 3, "num_publications_5y": 0, "num_citations_5y": 1, "num_publications_10y": 1, "num_citations_10y": 3, "publications_years": {"2009": 1}, "citations_years": {"2011": 1, "2012": 1, "2013": 0, "2014": 0, "2015": 0, "2016": 0, "2017": 0, "2018": 1}, "old_citations": {"2009": 3}, "isVisible": false}, "Germany": {"name": "Germany", "type": "country", "h5_index": 139, "num_publications": 1, "num_citations": 2, "num_publications_5y": 0, "num_citations_5y": 1, "num_publications_10y": 1, "num_citations_10y": 2, "publications_years": {"2009": 1}, "citations_years": {"2010": 1, "2011": 0, "2012": 0, "2013": 0, "2014": 0, "2015": 1}, "old_citations": {"2009": 2}, "isVisible": false}, "Ireland": {"name": "Ireland", "type": "country", "h5_index": 50, "num_publications": 1, "num_citations": 9, "num_publications_5y": 0, "num_citations_5y": 4, "num_publications_10y": 1, "num_citations_10y": 9, "publications_years": {"2009": 1}, "citations_years": {"2010": 1, "2011": 1, "2012": 1, "2013": 2, "2014": 1, "2015": 0, "2016": 2, "2017": 1}, "old_citations": {"2009": 9}, "isVisible": false}, "Norway": {"name": "Norway", "type": "country", "h5_index": 56, "num_publications": 1, "num_citations": 9, "num_publications_5y": 0, "num_citations_5y": 3, "num_publications_10y": 1, "num_citations_10y": 9, "publications_years": {"2011": 1}, "citations_years": {"2012": 3, "2013": 3, "2014": 0, "2015": 1, "2016": 2}, "old_citations": {"2011": 9}, "isVisible": false}, "Singapore": {"name": "Singapore", "type": "country", "h5_index": 105, "num_publications": 1, "num_citations": 20, "num_publications_5y": 0, "num_citations_5y": 9, "num_publications_10y": 1, "num_citations_10y": 20, "publications_years": {"2009": 1}, "citations_years": {"2010": 3, "2011": 1, "2012": 5, "2013": 2, "2014": 2, "2015": 5, "2016": 0, "2017": 2}, "old_citations": {"2009": 20}, "isVisible": false}, "Slovenia": {"name": "Slovenia", "type": "country", "h5_index": 36, "num_publications": 1, "num_citations": 0, "num_publications_5y": 0, "num_citations_5y": 0, "num_publications_10y": 1, "num_citations_10y": 0, "publications_years": {"2009": 1}, "citations_years": {}, "old_citations": {"2009": 0}, "isVisible": false}}, "industrial_sectors": {"technology": {"name": "technology", "type": "industrial sector", "h5_index": 229, "num_publications": 2, "num_citations": 78, "num_publications_5y": 0, "num_citations_5y": 37, "num_publications_10y": 2, "num_citations_10y": 71, "publications_years": {"2011": 1, "2009": 1}, "citations_years": {"2013": 12, "2010": 1, "2011": 8, "2012": 13, "2014": 13, "2015": 8, "2016": 6, "2017": 5, "2018": 5, "2019": 5, "2020": 2}, "old_citations": {"2011": 2, "2009": 76}, "isVisible": false}, "computing_and_it": {"name": "computing_and_it", "type": "industrial sector", "h5_index": 221, "num_publications": 1, "num_citations": 2, "num_publications_5y": 0, "num_citations_5y": 0, "num_publications_10y": 1, "num_citations_10y": 2, "publications_years": {"2011": 1}, "citations_years": {"2013": 2}, "old_citations": {"2011": 2}, "isVisible": false}, "telecommunications": {"name": "telecommunications", "type": "industrial sector", "h5_index": 89, "num_publications": 1, "num_citations": 76, "num_publications_5y": 0, "num_citations_5y": 37, "num_publications_10y": 1, "num_citations_10y": 69, "publications_years": {"2009": 1}, "citations_years": {"2010": 1, "2011": 8, "2012": 13, "2013": 10, "2014": 13, "2015": 8, "2016": 6, "2017": 5, "2018": 5, "2019": 5, "2020": 2}, "old_citations": {"2009": 76}, "isVisible": false}}}, "conference_comparison": {"computer science": {}}, "topics_dna": {"publications": {}, "citations": {"normalized": {}, "average": {}}}, "info": {"num_publications": 32, "num_citations": 564.0, "impact_factor": {"2011": 2.5714285714285716}, "publications_years": {"2009": 21, "2011": 11}, "citations_years": {"2009": 7, "2010": 46, "2011": 54, "2012": 101, "2013": 90, "2014": 85, "2015": 62, "2016": 41, "2017": 35, "2018": 18, "2019": 22, "2020": 3}, "old_citations": {"2009": 457, "2011": 107}, "h5_index": 0}, "percentile": {"computer science": {"2009": 94, "2011": 86}}, "conference_ranking": {"computer science": {"2009": 248, "2011": 571}}, "academia": {"num_publications": 18, "num_citations": 410, "publications_years": {"2009": 13, "2010": 0, "2011": 5}, "old_citations": {"2009": 342, "2010": 0, "2011": 68}, "num_publications_5y": 0, "num_citations_5y": 0, "num_publications_10y": 5, "num_citations_10y": 68}, "industry": {"num_publications": 0, "num_citations": 0, "publications_years": {}, "old_citations": {}, "num_publications_5y": 0, "num_citations_5y": 0, "num_publications_10y": 0, "num_citations_10y": 0}, "collaborative": {"num_publications": 2, "num_citations": 78, "publications_years": {"2009": 1, "2010": 0, "2011": 1}, "old_citations": {"2009": 76, "2010": 0, "2011": 2}, "num_publications_5y": 0, "num_citations_5y": 0, "num_publications_10y": 1, "num_citations_10y": 2}, "conferences": {}, "journals": {}, "organizations": {"publication_overall": ["Duke University", "New York University", "Stanford University", "University of Illinois at Urbana Champaign", "Carnegie Mellon University", "Cork Institute of Technology", "French Institute for Research in Computer Science and Automation", "Georgia Institute of Technology", "Ghent University", "Hewlett-Packard (United States)", "Hochschule Konstanz University of Applied Sciences", "Jo\u017eef Stefan Institute", "KU Leuven", "Massachusetts Institute of Technology", "National University of Singapore", "Norwegian University of Science and Technology", "Peking University", "Singapore Management University", "Sprint (United States)", "University of California, Davis", "University of Cambridge", "University of Konstanz", "University of St Andrews", "University of Wisconsin\u2013Madison"], "citation_overall": ["University of St Andrews", "Duke University", "Sprint (United States)", "University of California, Davis", "Stanford University", "University of Illinois at Urbana Champaign", "KU Leuven", "New York University", "National University of Singapore", "Singapore Management University", "Massachusetts Institute of Technology", "Georgia Institute of Technology", "Peking University", "Carnegie Mellon University", "Cork Institute of Technology", "Norwegian University of Science and Technology", "University of Cambridge", "French Institute for Research in Computer Science and Automation", "Hewlett-Packard (United States)", "Hochschule Konstanz University of Applied Sciences", "University of Konstanz", "Ghent University", "Jo\u017eef Stefan Institute", "University of Wisconsin\u2013Madison"], "publication_10_years": ["Stanford University", "Carnegie Mellon University", "Georgia Institute of Technology", "Hewlett-Packard (United States)", "Norwegian University of Science and Technology", "Peking University", "University of Illinois at Urbana Champaign"], "citation_10_years": ["Stanford University", "Georgia Institute of Technology", "Peking University", "Carnegie Mellon University", "University of Illinois at Urbana Champaign", "Norwegian University of Science and Technology", "Hewlett-Packard (United States)"], "publication_5_years": [], "citation_5_years": []}, "countries": {"publication_overall": ["United States", "Belgium", "United Kingdom", "China", "France", "Germany", "Ireland", "Norway", "Singapore", "Slovenia"], "citation_overall": ["United States", "United Kingdom", "Belgium", "Singapore", "China", "Ireland", "Norway", "France", "Germany", "Slovenia"], "publication_10_years": ["United States", "China", "Norway"], "citation_10_years": ["United States", "China", "Norway"], "publication_5_years": [], "citation_5_years": []}, "topics": {"publication_overall": ["computer networks", "computer science", "computer systems", "telecommunication networks", "telecommunication systems", "communication systems", "data communication systems", "wireless telecommunication systems", "mobile computing", "mobile devices", "computer hardware", "communication channels (information theory)", "mobile telecommunication systems", "engineering", "mobile phones", "sensors", "telecommunication traffic", "internet", "human computer interaction", "telephone sets"], "citation_overall": ["computer networks", "computer science", "computer systems", "telecommunication networks", "telecommunication systems", "communication systems", "data communication systems", "wireless telecommunication systems", "mobile computing", "mobile devices", "computer hardware", "engineering", "communication channels (information theory)", "sensors", "human computer interaction", "software", "computer security", "signal processing", "mobile phones", "user interfaces"], "publication_10_years": ["communication systems", "computer hardware", "computer networks", "computer science", "computer systems", "data communication systems", "mobile computing", "mobile devices", "telecommunication networks", "telecommunication systems", "wireless telecommunication systems", "communication channels (information theory)", "mobile telecommunication systems", "telecommunication traffic", "engineering", "human computer interaction", "mobile phones", "packet networks", "user interfaces", "wireless communications"], "citation_10_years": ["communication systems", "computer hardware", "computer networks", "computer science", "computer systems", "data communication systems", "mobile computing", "mobile devices", "telecommunication networks", "telecommunication systems", "wireless telecommunication systems", "human computer interaction", "telecommunication traffic", "user interfaces", "communication channels (information theory)", "wireless communications", "mobile telecommunication systems", "engineering", "embedded systems", "internet"], "publication_5_years": [], "citation_5_years": []}, "main_topics": ["computer science"], "authors": {"publication_overall": ["2102680016", "2111348772", "2190337932", "2113505050", "2132443210", "2153763345", "31553840", "35192808", "143085138", "156283397", "158012547", "239275919", "255869804", "264213217", "292459508", "590643426", "713250648", "734848974", "1150986126", "1227179470", "1523199369", "1787778239", "1801341501", "1819921627", "1850342637", "1883927347", "1944946243", "1970299455", "1970640687", "1981116205", "1990677562", "1992356903", "1999452641", "2003664910", "2012387558", "2022304248", "2039673097", "2041941058", "2042129406", "2048673625", "2052109716", "2065448906", "2067786487", "2071366846", "2081124109", "2086917255", "2093924322", "2102969555", "2104203371", "2105065599", "2112266400", "2112933391", "2114043725", "2119409485", "2126070833", "2126415966", "2129983115", "2130290287", "2131542109", "2138907572", "2139615883", "2140805858", "2141001872", "2149699205", "2152353165", "2156397333", "2170905525", "2173961503", "2186657300", "2192714546", "2195064976", "2202810432", "2222439304", "2222741026", "2223250610", "2223530953", "2226030688", "2228760186", "2229173578", "2229175561", "2229281295", "2229529709", "2246820000", "2248376927", "2258616044", "2272871345", "2277382647", "2294777068", "2303994818", "2308675044", "2309958601", "2324663846", "2403481355", "2406569183", "2423518190", "2434302714", "2435511731", "2473486677", "2499423927", "2504052270"], "citation_overall": ["2248376927", "2272871345", "2622438656", "2190337932", "2153763345", "158012547", "2499423927", "2573883204", "35192808", "2129983115", "2149699205", "2039673097", "2139615883", "2156397333", "2226030688", "2113505050", "2102680016", "2111348772", "1850342637", "2229175561", "2294777068", "2119409485", "2131542109", "2229281295", "2403481355", "2623120065", "292459508", "713250648", "1150986126", "1801341501", "2003664910", "2052109716", "2102969555", "2130290287", "2170905525", "2173961503", "734848974", "1970299455", "2104203371", "2112933391", "2195064976", "2202810432", "2980745495", "2140805858", "2229529709", "2258616044", "2604577877", "2625626062", "2651191724", "2229173578", "2132443210", "1787778239", "2048673625", "2081124109", "2093924322", "2138907572", "2223250610", "2303994818", "2141001872", "2192714546", "2308675044", "2406569183", "31553840", "239275919", "1999452641", "2222741026", "2223530953", "2228760186", "2434302714", "2575671961", "2776880177", "2152353165", "2042129406", "2065448906", "2086917255", "2126415966", "2277382647", "2324663846", "2659784299", "2246820000", "2779767972", "143085138", "1970640687", "1981116205", "1992356903", "2071366846", "2112266400", "2423518190", "590643426", "2022304248", "2067786487", "2647294401", "255869804", "1819921627", "1883927347", "1944946243", "2041941058", "2105065599", "2222439304", "2309958601"], "publication_10_years": ["2190337932", "31553840", "255869804", "713250648", "1787778239", "1801341501", "1819921627", "1944946243", "1992356903", "2048673625", "2071366846", "2081124109", "2093924322", "2102969555", "2104203371", "2112266400", "2112933391", "2130290287", "2138907572", "2140805858", "2141001872", "2153763345", "2170905525", "2192714546", "2222439304", "2223250610", "2229529709", "2258616044", "2303994818", "2308675044", "2309958601", "2406569183", "2423518190", "2473486677", "2575671961", "2604577877", "2621083760", "2625626062", "2651191724", "2779767972", "2980745495"], "citation_10_years": ["2190337932", "713250648", "1801341501", "2102969555", "2130290287", "2170905525", "2104203371", "2112933391", "2980745495", "2140805858", "2229529709", "2258616044", "2604577877", "2625626062", "2651191724", "1787778239", "2048673625", "2081124109", "2093924322", "2138907572", "2153763345", "2223250610", "2303994818", "2141001872", "2192714546", "2308675044", "2406569183", "31553840", "2575671961", "2779767972", "1992356903", "2071366846", "2112266400", "2423518190", "255869804", "1819921627", "1944946243", "2222439304", "2309958601", "2473486677", "2621083760"], "publication_5_years": [], "citation_5_years": []}, "industrial_sectors": {"publication_overall": ["technology", "computing_and_it", "telecommunications"], "citation_overall": ["technology", "telecommunications", "computing_and_it"], "publication_10_years": ["computing_and_it", "technology"], "citation_10_years": ["computing_and_it", "technology"], "publication_5_years": [], "citation_5_years": []}}