{"name": "Structure in Complexity Theory Annual Conference", "acronym": "SCTAC", "type": "conference", "uniqueEntities": {"organizations": {"Princeton University": {"name": "Princeton University", "type": "organization", "organization_type": "Education", "h_index": 310, "h5_index": 74, "num_publications": 4, "num_citations": 140, "num_publications_5y": 0, "num_citations_5y": 17, "num_publications_10y": 0, "num_citations_10y": 48, "publications_years": {"1993": 1, "1991": 2, "1990": 1}, "citations_years": {"1994": 11, "1995": 4, "1996": 3, "1997": 2, "1998": 3, "1999": 2, "2000": 3, "2001": 6, "2002": 3, "2003": 7, "2004": 6, "2005": 0, "2006": 3, "2007": 7, "2008": 8, "2009": 5, "2010": 11, "2011": 8, "2012": 2, "2013": 5, "2014": 5, "2015": 6, "2016": 2, "2017": 1, "2018": 3, "2019": 3, "2020": 1, "1990": 1, "1991": 8, "1992": 8, "1993": 3}, "old_citations": {"1993": 32, "1991": 96, "1990": 12}, "isVisible": false}, "State University of New York": {"name": "State University of New York", "type": "organization", "organization_type": "Education", "h_index": 128, "h5_index": 33, "num_publications": 4, "num_citations": 5, "num_publications_5y": 0, "num_citations_5y": 0, "num_publications_10y": 0, "num_citations_10y": 2, "publications_years": {"1993": 1, "1992": 1, "1995": 2}, "citations_years": {"1997": 1, "1999": 1, "2000": 0, "2001": 0, "2002": 1, "2003": 0, "2004": 0, "2005": 0, "2006": 0, "2007": 0, "2008": 0, "2009": 0, "2010": 0, "2011": 2}, "old_citations": {"1993": 23, "1992": 12, "1995": 5}, "isVisible": false}, "The Ohio State University": {"name": "The Ohio State University", "type": "organization", "organization_type": "Education", "h_index": 172, "h5_index": 46, "num_publications": 3, "num_citations": 6, "num_publications_5y": 0, "num_citations_5y": 0, "num_publications_10y": 0, "num_citations_10y": 0, "publications_years": {"1991": 1, "1992": 1, "1993": 1}, "citations_years": {"1996": 1, "1997": 0, "1998": 2, "1999": 0, "2000": 0, "2001": 1, "2002": 1, "2003": 1}, "old_citations": {"1991": 18, "1992": 0, "1993": 6}, "isVisible": false}, "University of California, San Diego": {"name": "University of California, San Diego", "type": "organization", "organization_type": "Education", "h_index": 285, "h5_index": 61, "num_publications": 3, "num_citations": 314, "num_publications_5y": 0, "num_citations_5y": 63, "num_publications_10y": 0, "num_citations_10y": 176, "publications_years": {"1994": 2, "1995": 1}, "citations_years": {"1999": 6, "2000": 4, "2001": 2, "2002": 6, "2003": 6, "2004": 9, "2005": 12, "2006": 22, "2007": 25, "2008": 25, "2009": 21, "2010": 20, "2011": 20, "2012": 28, "2013": 24, "2014": 20, "2015": 13, "2016": 14, "2017": 8, "2018": 8, "2019": 12, "1995": 1, "1996": 2, "1997": 0, "1998": 4, "2020": 2}, "old_citations": {"1994": 153, "1995": 184}, "isVisible": false}, "University of Rochester": {"name": "University of Rochester", "type": "organization", "organization_type": "Education", "h_index": 170, "h5_index": 40, "num_publications": 3, "num_citations": 55, "num_publications_5y": 0, "num_citations_5y": 1, "num_publications_10y": 0, "num_citations_10y": 4, "publications_years": {"1990": 2, "1992": 1}, "citations_years": {"1991": 1, "1992": 3, "1993": 6, "1994": 11, "1995": 8, "1996": 4, "1997": 2, "1998": 2, "1999": 3, "2000": 3, "2001": 0, "2002": 1, "2003": 0, "2004": 1, "2005": 3, "2006": 1, "2007": 1, "2008": 0, "2009": 1, "2010": 0, "2011": 1, "2012": 1, "2013": 0, "2014": 0, "2015": 0, "2016": 1, "2017": 0, "2018": 0, "2019": 0, "2020": 1}, "old_citations": {"1990": 4, "1992": 55}, "isVisible": false}, "Tokyo Institute of Technology": {"name": "Tokyo Institute of Technology", "type": "organization", "organization_type": "Education", "h_index": 104, "h5_index": 29, "num_publications": 2, "num_citations": 16, "num_publications_5y": 0, "num_citations_5y": 0, "num_publications_10y": 0, "num_citations_10y": 0, "publications_years": {"1994": 1, "1991": 1}, "citations_years": {"1992": 5, "1993": 2, "1994": 3, "1995": 0, "1996": 1, "1997": 2, "1998": 0, "1999": 0, "2000": 0, "2001": 0, "2002": 0, "2003": 0, "2004": 0, "2005": 1, "2006": 0, "2007": 0, "2008": 2}, "old_citations": {"1994": 4, "1991": 16}, "isVisible": false}, "E\u00f6tv\u00f6s Lor\u00e1nd University": {"name": "E\u00f6tv\u00f6s Lor\u00e1nd University", "type": "organization", "organization_type": "Education", "h_index": 49, "h5_index": 15, "num_publications": 1, "num_citations": 33, "num_publications_5y": 0, "num_citations_5y": 4, "num_publications_10y": 0, "num_citations_10y": 10, "publications_years": {"1990": 1}, "citations_years": {"1990": 3, "1991": 1, "1992": 4, "1993": 4, "1994": 4, "1995": 1, "1996": 0, "1997": 1, "1998": 0, "1999": 0, "2000": 0, "2001": 0, "2002": 0, "2003": 0, "2004": 2, "2005": 0, "2006": 2, "2007": 0, "2008": 1, "2009": 1, "2010": 0, "2011": 1, "2012": 1, "2013": 3, "2014": 1, "2015": 0, "2016": 1, "2017": 1, "2018": 1}, "old_citations": {"1990": 33}, "isVisible": false}, "French Institute for Research in Computer Science and Automation": {"name": "French Institute for Research in Computer Science and Automation", "type": "organization", "organization_type": "Government", "h_index": 247, "h5_index": 53, "num_publications": 1, "num_citations": 0, "num_publications_5y": 0, "num_citations_5y": 0, "num_publications_10y": 0, "num_citations_10y": 0, "publications_years": {"1992": 1}, "citations_years": {}, "old_citations": {"1992": 32}, "isVisible": false}, "Hebrew University of Jerusalem": {"name": "Hebrew University of Jerusalem", "type": "organization", "organization_type": "Education", "h_index": 173, "h5_index": 32, "num_publications": 1, "num_citations": 5, "num_publications_5y": 0, "num_citations_5y": 2, "num_publications_10y": 0, "num_citations_10y": 2, "publications_years": {"1990": 1}, "citations_years": {"1992": 1, "1993": 0, "1994": 0, "1995": 0, "1996": 0, "1997": 0, "1998": 0, "1999": 0, "2000": 0, "2001": 0, "2002": 0, "2003": 0, "2004": 0, "2005": 0, "2006": 1, "2007": 1, "2008": 0, "2009": 0, "2010": 0, "2011": 0, "2012": 0, "2013": 0, "2014": 0, "2015": 0, "2016": 0, "2017": 2}, "old_citations": {"1990": 5}, "isVisible": false}, "Iowa State University": {"name": "Iowa State University", "type": "organization", "organization_type": "Education", "h_index": 125, "h5_index": 31, "num_publications": 1, "num_citations": 0, "num_publications_5y": 0, "num_citations_5y": 0, "num_publications_10y": 0, "num_citations_10y": 0, "publications_years": {"1991": 1}, "citations_years": {}, "old_citations": {"1991": 0}, "isVisible": false}, "Massachusetts Institute of Technology": {"name": "Massachusetts Institute of Technology", "type": "organization", "organization_type": "Education", "h_index": 475, "h5_index": 100, "num_publications": 1, "num_citations": 0, "num_publications_5y": 0, "num_citations_5y": 0, "num_publications_10y": 0, "num_citations_10y": 0, "publications_years": {"1991": 1}, "citations_years": {}, "old_citations": {"1991": 60}, "isVisible": false}, "Syracuse University": {"name": "Syracuse University", "type": "organization", "organization_type": "Education", "h_index": 119, "h5_index": 28, "num_publications": 1, "num_citations": 3, "num_publications_5y": 0, "num_citations_5y": 0, "num_publications_10y": 0, "num_citations_10y": 0, "publications_years": {"1995": 1}, "citations_years": {"1999": 1, "2000": 0, "2001": 1, "2002": 0, "2003": 0, "2004": 0, "2005": 0, "2006": 0, "2007": 1}, "old_citations": {"1995": 3}, "isVisible": false}, "Tata Institute of Fundamental Research": {"name": "Tata Institute of Fundamental Research", "type": "organization", "organization_type": "Education", "h_index": 33, "h5_index": 10, "num_publications": 1, "num_citations": 4, "num_publications_5y": 0, "num_citations_5y": 0, "num_publications_10y": 0, "num_citations_10y": 0, "publications_years": {"1992": 1}, "citations_years": {"1995": 1, "1996": 1, "1997": 1, "1998": 0, "1999": 0, "2000": 1}, "old_citations": {"1992": 4}, "isVisible": false}, "Technion \u2013 Israel Institute of Technology": {"name": "Technion \u2013 Israel Institute of Technology", "type": "organization", "organization_type": "Education", "h_index": 195, "h5_index": 42, "num_publications": 1, "num_citations": 0, "num_publications_5y": 0, "num_citations_5y": 0, "num_publications_10y": 0, "num_citations_10y": 0, "publications_years": {"1990": 1}, "citations_years": {}, "old_citations": {"1990": 10}, "isVisible": false}, "University of Amsterdam": {"name": "University of Amsterdam", "type": "organization", "organization_type": "Education", "h_index": 164, "h5_index": 50, "num_publications": 1, "num_citations": 35, "num_publications_5y": 0, "num_citations_5y": 0, "num_publications_10y": 0, "num_citations_10y": 3, "publications_years": {"1993": 1}, "citations_years": {"1993": 1, "1994": 5, "1995": 8, "1996": 5, "1997": 2, "1998": 3, "1999": 2, "2000": 0, "2001": 0, "2002": 0, "2003": 0, "2004": 1, "2005": 2, "2006": 1, "2007": 1, "2008": 0, "2009": 1, "2010": 1, "2011": 0, "2012": 1, "2013": 0, "2014": 0, "2015": 0, "2016": 0, "2017": 0, "2018": 0, "2019": 1}, "old_citations": {"1993": 35}, "isVisible": false}, "University of Southern Maine": {"name": "University of Southern Maine", "type": "organization", "organization_type": "Education", "h_index": 17, "h5_index": 3, "num_publications": 1, "num_citations": 0, "num_publications_5y": 0, "num_citations_5y": 0, "num_publications_10y": 0, "num_citations_10y": 0, "publications_years": {"1993": 1}, "citations_years": {}, "old_citations": {"1993": 56}, "isVisible": false}, "University of Toronto": {"name": "University of Toronto", "type": "organization", "organization_type": "Education", "h_index": 278, "h5_index": 73, "num_publications": 1, "num_citations": 11, "num_publications_5y": 0, "num_citations_5y": 0, "num_publications_10y": 0, "num_citations_10y": 2, "publications_years": {"1991": 1}, "citations_years": {"1993": 1, "1994": 0, "1995": 1, "1996": 0, "1997": 2, "1998": 1, "1999": 0, "2000": 0, "2001": 0, "2002": 0, "2003": 0, "2004": 0, "2005": 2, "2006": 0, "2007": 2, "2008": 0, "2009": 0, "2010": 1, "2011": 0, "2012": 0, "2013": 1}, "old_citations": {"1991": 11}, "isVisible": false}, "University of Ulm": {"name": "University of Ulm", "type": "organization", "organization_type": "Education", "h_index": 76, "h5_index": 23, "num_publications": 1, "num_citations": 0, "num_publications_5y": 0, "num_citations_5y": 0, "num_publications_10y": 0, "num_citations_10y": 0, "publications_years": {"1995": 1}, "citations_years": {}, "old_citations": {"1995": 10}, "isVisible": false}, "York University": {"name": "York University", "type": "organization", "organization_type": "Education", "h_index": 114, "h5_index": 28, "num_publications": 1, "num_citations": 5, "num_publications_5y": 0, "num_citations_5y": 0, "num_publications_10y": 0, "num_citations_10y": 1, "publications_years": {"1993": 1}, "citations_years": {"1996": 1, "1997": 0, "1998": 0, "1999": 0, "2000": 0, "2001": 0, "2002": 2, "2003": 0, "2004": 0, "2005": 0, "2006": 1, "2007": 0, "2008": 0, "2009": 0, "2010": 0, "2011": 0, "2012": 0, "2013": 1}, "old_citations": {"1993": 5}, "isVisible": false}}, "topics": {"computer science": {"name": "computer science", "type": "topic", "h_index": 1779, "h5_index": 416, "num_publications": 54, "num_citations": 894, "num_publications_5y": 0, "num_citations_5y": 122, "num_publications_10y": 0, "num_citations_10y": 314, "publications_years": {"1990": 10, "1995": 9, "1992": 7, "1991": 11, "1994": 9, "1993": 8}, "citations_years": {"1990": 6, "1991": 12, "1992": 27, "1993": 26, "1994": 46, "1995": 32, "1996": 27, "1997": 34, "1998": 28, "1999": 25, "2000": 21, "2001": 23, "2002": 19, "2003": 30, "2004": 29, "2005": 34, "2006": 44, "2007": 45, "2008": 47, "2009": 31, "2010": 38, "2011": 43, "2012": 38, "2013": 42, "2014": 36, "2015": 27, "2016": 26, "2017": 13, "2018": 20, "2019": 20, "2020": 5}, "old_citations": {"1990": 109, "1995": 265, "1992": 199, "1991": 226, "1994": 261, "1993": 148}, "isVisible": false}, "computer systems": {"name": "computer systems", "type": "topic", "h_index": 1595, "h5_index": 367, "num_publications": 41, "num_citations": 605, "num_publications_5y": 0, "num_citations_5y": 73, "num_publications_10y": 0, "num_citations_10y": 192, "publications_years": {"1995": 6, "1992": 5, "1991": 9, "1990": 6, "1994": 9, "1993": 6}, "citations_years": {"1990": 6, "1991": 11, "1992": 19, "1993": 18, "1994": 31, "1995": 23, "1996": 20, "1997": 28, "1998": 21, "1999": 16, "2000": 16, "2001": 20, "2002": 15, "2003": 24, "2004": 21, "2005": 21, "2006": 27, "2007": 30, "2008": 35, "2009": 15, "2010": 20, "2011": 30, "2012": 25, "2013": 29, "2014": 26, "2015": 19, "2016": 12, "2017": 5, "2018": 11, "2019": 10, "2020": 1}, "old_citations": {"1995": 79, "1992": 132, "1991": 150, "1990": 94, "1994": 261, "1993": 60}, "isVisible": false}, "theoretical computer science": {"name": "theoretical computer science", "type": "topic", "h_index": 883, "h5_index": 203, "num_publications": 38, "num_citations": 790, "num_publications_5y": 0, "num_citations_5y": 108, "num_publications_10y": 0, "num_citations_10y": 269, "publications_years": {"1995": 6, "1992": 5, "1990": 8, "1994": 9, "1993": 5, "1991": 5}, "citations_years": {"1992": 23, "1993": 23, "1994": 39, "1995": 28, "1996": 25, "1997": 28, "1998": 24, "1999": 22, "2000": 19, "2001": 22, "2002": 17, "2003": 25, "2004": 27, "2005": 30, "2006": 42, "2007": 42, "2008": 46, "2009": 27, "2010": 28, "2011": 33, "2012": 36, "2013": 37, "2014": 32, "2015": 26, "2016": 23, "2017": 12, "2018": 15, "2019": 18, "2020": 4, "1991": 12, "1990": 5}, "old_citations": {"1995": 259, "1992": 160, "1990": 85, "1994": 261, "1993": 60, "1991": 122}, "isVisible": false}, "computer networks": {"name": "computer networks", "type": "topic", "h_index": 1262, "h5_index": 332, "num_publications": 32, "num_citations": 735, "num_publications_5y": 0, "num_citations_5y": 115, "num_publications_10y": 0, "num_citations_10y": 299, "publications_years": {"1990": 6, "1995": 6, "1991": 8, "1993": 4, "1994": 3, "1992": 5}, "citations_years": {"1990": 5, "1991": 9, "1992": 23, "1993": 15, "1994": 29, "1995": 16, "1996": 18, "1997": 20, "1998": 16, "1999": 15, "2000": 15, "2001": 15, "2002": 15, "2003": 26, "2004": 27, "2005": 28, "2006": 40, "2007": 40, "2008": 41, "2009": 30, "2010": 37, "2011": 41, "2012": 37, "2013": 39, "2014": 35, "2015": 25, "2016": 24, "2017": 13, "2018": 18, "2019": 19, "2020": 4}, "old_citations": {"1990": 98, "1995": 261, "1991": 205, "1993": 60, "1994": 202, "1992": 112}, "isVisible": false}, "formal languages and automata theory": {"name": "formal languages and automata theory", "type": "topic", "h_index": 546, "h5_index": 122, "num_publications": 30, "num_citations": 413, "num_publications_5y": 0, "num_citations_5y": 44, "num_publications_10y": 0, "num_citations_10y": 89, "publications_years": {"1995": 4, "1992": 2, "1990": 7, "1993": 5, "1994": 7, "1991": 5}, "citations_years": {"1992": 20, "1993": 17, "1994": 28, "1995": 18, "1996": 18, "1997": 25, "1998": 18, "1999": 12, "2000": 11, "2001": 19, "2002": 10, "2003": 19, "2004": 17, "2005": 15, "2006": 19, "2007": 15, "2008": 20, "2009": 5, "2010": 8, "2011": 12, "2012": 7, "2013": 13, "2014": 12, "2015": 13, "2016": 8, "2017": 4, "2018": 7, "2019": 6, "2020": 1, "1990": 5, "1991": 11}, "old_citations": {"1995": 72, "1992": 101, "1990": 84, "1993": 60, "1994": 127, "1991": 122}, "isVisible": false}, "computer hardware": {"name": "computer hardware", "type": "topic", "h_index": 1150, "h5_index": 279, "num_publications": 29, "num_citations": 325, "num_publications_5y": 0, "num_citations_5y": 33, "num_publications_10y": 0, "num_citations_10y": 80, "publications_years": {"1995": 2, "1992": 5, "1991": 9, "1990": 7, "1993": 4, "1994": 2}, "citations_years": {"1990": 6, "1991": 11, "1992": 19, "1993": 15, "1994": 27, "1995": 13, "1996": 14, "1997": 20, "1998": 14, "1999": 9, "2000": 9, "2001": 11, "2002": 7, "2003": 16, "2004": 13, "2005": 7, "2006": 10, "2007": 11, "2008": 10, "2009": 8, "2010": 13, "2011": 11, "2012": 4, "2013": 11, "2014": 8, "2015": 9, "2016": 4, "2017": 5, "2018": 7, "2019": 3}, "old_citations": {"1995": 33, "1992": 140, "1991": 206, "1990": 97, "1993": 94, "1994": 49}, "isVisible": false}, "graph theory": {"name": "graph theory", "type": "topic", "h_index": 726, "h5_index": 150, "num_publications": 29, "num_citations": 700, "num_publications_5y": 0, "num_citations_5y": 99, "num_publications_10y": 0, "num_citations_10y": 256, "publications_years": {"1995": 5, "1992": 4, "1990": 7, "1994": 7, "1993": 2, "1991": 4}, "citations_years": {"1995": 25, "1996": 17, "1997": 19, "1998": 18, "1999": 17, "2000": 15, "2001": 17, "2002": 12, "2003": 19, "2004": 22, "2005": 27, "2006": 40, "2007": 42, "2008": 46, "2009": 27, "2010": 28, "2011": 31, "2012": 35, "2013": 36, "2014": 32, "2015": 22, "2016": 22, "2017": 12, "2018": 11, "2019": 17, "2020": 4, "1994": 34, "1992": 21, "1993": 18, "1991": 10, "1990": 4}, "old_citations": {"1995": 259, "1992": 91, "1990": 79, "1994": 234, "1993": 26, "1991": 118}, "isVisible": false}, "automata theory": {"name": "automata theory", "type": "topic", "h_index": 432, "h5_index": 93, "num_publications": 28, "num_citations": 413, "num_publications_5y": 0, "num_citations_5y": 44, "num_publications_10y": 0, "num_citations_10y": 89, "publications_years": {"1995": 3, "1992": 2, "1990": 7, "1994": 7, "1993": 4, "1991": 5}, "citations_years": {"1992": 20, "1993": 17, "1994": 28, "1995": 18, "1996": 18, "1997": 25, "1998": 18, "1999": 12, "2000": 11, "2001": 19, "2002": 10, "2003": 19, "2004": 17, "2005": 15, "2006": 19, "2007": 15, "2008": 20, "2009": 5, "2010": 8, "2011": 12, "2012": 7, "2013": 13, "2014": 12, "2015": 13, "2016": 8, "2017": 4, "2018": 7, "2019": 6, "2020": 1, "1990": 5, "1991": 11}, "old_citations": {"1995": 72, "1992": 101, "1990": 84, "1994": 127, "1993": 50, "1991": 122}, "isVisible": false}, "mathematics": {"name": "mathematics", "type": "topic", "h_index": 1364, "h5_index": 300, "num_publications": 28, "num_citations": 560, "num_publications_5y": 0, "num_citations_5y": 82, "num_publications_10y": 0, "num_citations_10y": 229, "publications_years": {"1992": 5, "1995": 5, "1994": 5, "1993": 5, "1990": 5, "1991": 3}, "citations_years": {"1995": 17, "1996": 13, "1997": 10, "1998": 11, "1999": 12, "2000": 10, "1994": 26, "2001": 11, "2002": 13, "2003": 12, "2004": 17, "2005": 17, "2006": 30, "2007": 37, "2008": 35, "2009": 27, "2010": 28, "2011": 29, "1992": 16, "1993": 14, "2012": 31, "2013": 32, "2014": 25, "2015": 19, "2016": 17, "2017": 12, "1991": 10, "2018": 9, "2019": 13, "2020": 3, "1990": 4}, "old_citations": {"1992": 103, "1995": 193, "1994": 171, "1993": 100, "1990": 54, "1991": 107}, "isVisible": false}, "artificial intelligence": {"name": "artificial intelligence", "type": "topic", "h_index": 1421, "h5_index": 373, "num_publications": 26, "num_citations": 334, "num_publications_5y": 0, "num_citations_5y": 35, "num_publications_10y": 0, "num_citations_10y": 80, "publications_years": {"1995": 5, "1992": 3, "1990": 4, "1994": 5, "1993": 4, "1991": 5}, "citations_years": {"1990": 5, "1991": 10, "1992": 16, "1993": 16, "1994": 31, "1995": 22, "1996": 14, "1997": 11, "1998": 9, "1999": 6, "2000": 10, "2001": 10, "2002": 4, "2003": 11, "2004": 13, "2005": 14, "2006": 17, "2007": 15, "2008": 14, "2009": 6, "2010": 10, "2011": 10, "2012": 7, "2013": 12, "2014": 13, "2015": 9, "2016": 8, "2017": 3, "2018": 2, "2019": 4, "2020": 2}, "old_citations": {"1995": 73, "1992": 91, "1990": 83, "1994": 89, "1993": 105, "1991": 162}, "isVisible": false}, "computer programming": {"name": "computer programming", "type": "topic", "h_index": 873, "h5_index": 186, "num_publications": 23, "num_citations": 366, "num_publications_5y": 0, "num_citations_5y": 43, "num_publications_10y": 0, "num_citations_10y": 122, "publications_years": {"1995": 5, "1992": 1, "1990": 6, "1993": 3, "1991": 3, "1994": 5}, "citations_years": {"1995": 10, "1996": 7, "1997": 13, "1998": 10, "1999": 9, "2000": 8, "2001": 8, "2002": 9, "2003": 13, "2004": 13, "2005": 15, "2006": 21, "2007": 19, "2008": 31, "2009": 8, "2010": 8, "2011": 19, "2012": 22, "2013": 22, "2014": 19, "2015": 8, "2016": 8, "2017": 3, "2018": 5, "2019": 8, "2020": 1, "1992": 15, "1993": 10, "1994": 15, "1990": 4, "1991": 5}, "old_citations": {"1995": 76, "1992": 32, "1990": 78, "1993": 82, "1991": 37, "1994": 220}, "isVisible": false}, "computer programming languages": {"name": "computer programming languages", "type": "topic", "h_index": 746, "h5_index": 154, "num_publications": 22, "num_citations": 366, "num_publications_5y": 0, "num_citations_5y": 43, "num_publications_10y": 0, "num_citations_10y": 122, "publications_years": {"1995": 5, "1992": 1, "1990": 6, "1993": 2, "1991": 3, "1994": 5}, "citations_years": {"1995": 10, "1996": 7, "1997": 13, "1998": 10, "1999": 9, "2000": 8, "2001": 8, "2002": 9, "2003": 13, "2004": 13, "2005": 15, "2006": 21, "2007": 19, "2008": 31, "2009": 8, "2010": 8, "2011": 19, "2012": 22, "2013": 22, "2014": 19, "2015": 8, "2016": 8, "2017": 3, "2018": 5, "2019": 8, "2020": 1, "1992": 15, "1993": 10, "1994": 15, "1990": 4, "1991": 5}, "old_citations": {"1995": 76, "1992": 32, "1990": 78, "1993": 26, "1991": 37, "1994": 220}, "isVisible": false}, "computer security": {"name": "computer security", "type": "topic", "h_index": 977, "h5_index": 220, "num_publications": 21, "num_citations": 456, "num_publications_5y": 0, "num_citations_5y": 78, "num_publications_10y": 0, "num_citations_10y": 179, "publications_years": {"1990": 6, "1993": 3, "1991": 5, "1992": 3, "1995": 2, "1994": 2}, "citations_years": {"1990": 5, "1991": 9, "1992": 19, "1993": 10, "1994": 21, "1995": 11, "1996": 10, "1997": 10, "1998": 11, "1999": 8, "2000": 8, "2001": 13, "2002": 6, "2003": 14, "2004": 16, "2005": 15, "2006": 28, "2007": 26, "2008": 22, "2009": 20, "2010": 27, "2011": 20, "2012": 14, "2013": 20, "2014": 21, "2015": 16, "2016": 18, "2017": 13, "2018": 10, "2019": 12, "2020": 3}, "old_citations": {"1990": 98, "1993": 55, "1991": 172, "1992": 16, "1995": 185, "1994": 59}, "isVisible": false}, "polynomial approximation": {"name": "polynomial approximation", "type": "topic", "h_index": 273, "h5_index": 62, "num_publications": 21, "num_citations": 238, "num_publications_5y": 0, "num_citations_5y": 23, "num_publications_10y": 0, "num_citations_10y": 45, "publications_years": {"1995": 4, "1992": 3, "1990": 5, "1994": 5, "1991": 3, "1993": 1}, "citations_years": {"1995": 12, "1996": 9, "1997": 16, "1998": 10, "1999": 8, "2000": 6, "2001": 10, "2002": 3, "2003": 9, "2004": 8, "2005": 12, "2006": 14, "2007": 9, "2008": 14, "2009": 1, "2010": 1, "2011": 6, "2012": 5, "2013": 9, "2014": 8, "2015": 3, "2016": 6, "2017": 3, "2018": 3, "2019": 4, "2020": 1, "1994": 16, "1992": 14, "1993": 10, "1990": 4, "1991": 4}, "old_citations": {"1995": 75, "1992": 36, "1990": 43, "1994": 100, "1991": 37, "1993": 16}, "isVisible": false}, "turing machines": {"name": "turing machines", "type": "topic", "h_index": 113, "h5_index": 26, "num_publications": 20, "num_citations": 305, "num_publications_5y": 0, "num_citations_5y": 28, "num_publications_10y": 0, "num_citations_10y": 53, "publications_years": {"1995": 3, "1992": 2, "1990": 4, "1994": 6, "1991": 3, "1993": 2}, "citations_years": {"1992": 15, "1993": 13, "1994": 21, "1995": 14, "1996": 15, "1997": 24, "1998": 16, "1999": 12, "2000": 9, "2001": 14, "2002": 6, "2003": 15, "2004": 13, "2005": 15, "2006": 15, "2007": 8, "2008": 13, "2009": 1, "2010": 1, "2011": 8, "2012": 6, "2013": 9, "2014": 8, "2015": 5, "2016": 6, "2017": 3, "2018": 6, "2019": 5, "2020": 1, "1990": 4, "1991": 4}, "old_citations": {"1995": 72, "1992": 101, "1990": 42, "1994": 104, "1991": 37, "1993": 22}, "isVisible": false}, "cryptography": {"name": "cryptography", "type": "topic", "h_index": 761, "h5_index": 179, "num_publications": 19, "num_citations": 446, "num_publications_5y": 0, "num_citations_5y": 78, "num_publications_10y": 0, "num_citations_10y": 178, "publications_years": {"1990": 5, "1993": 3, "1991": 5, "1992": 3, "1995": 2, "1994": 1}, "citations_years": {"1990": 5, "1991": 9, "1992": 19, "1993": 10, "1994": 20, "1995": 10, "1996": 9, "1997": 8, "1998": 11, "1999": 7, "2000": 8, "2001": 11, "2002": 6, "2003": 14, "2004": 16, "2005": 15, "2006": 28, "2007": 26, "2008": 21, "2009": 20, "2010": 27, "2011": 19, "2012": 14, "2013": 20, "2014": 21, "2015": 16, "2016": 18, "2017": 13, "2018": 10, "2019": 12, "2020": 3}, "old_citations": {"1990": 88, "1993": 55, "1991": 172, "1992": 16, "1995": 185, "1994": 49}, "isVisible": false}, "cryptology": {"name": "cryptology", "type": "topic", "h_index": 761, "h5_index": 179, "num_publications": 19, "num_citations": 446, "num_publications_5y": 0, "num_citations_5y": 78, "num_publications_10y": 0, "num_citations_10y": 178, "publications_years": {"1990": 5, "1993": 3, "1991": 5, "1992": 3, "1995": 2, "1994": 1}, "citations_years": {"1990": 5, "1991": 9, "1992": 19, "1993": 10, "1994": 20, "1995": 10, "1996": 9, "1997": 8, "1998": 11, "1999": 7, "2000": 8, "2001": 11, "2002": 6, "2003": 14, "2004": 16, "2005": 15, "2006": 28, "2007": 26, "2008": 21, "2009": 20, "2010": 27, "2011": 19, "2012": 14, "2013": 20, "2014": 21, "2015": 16, "2016": 18, "2017": 13, "2018": 10, "2019": 12, "2020": 3}, "old_citations": {"1990": 88, "1993": 55, "1991": 172, "1992": 16, "1995": 185, "1994": 49}, "isVisible": false}, "microprocessor chips": {"name": "microprocessor chips", "type": "topic", "h_index": 744, "h5_index": 175, "num_publications": 19, "num_citations": 203, "num_publications_5y": 0, "num_citations_5y": 22, "num_publications_10y": 0, "num_citations_10y": 58, "publications_years": {"1995": 2, "1990": 6, "1993": 2, "1991": 8, "1992": 1}, "citations_years": {"1990": 6, "1991": 11, "1992": 18, "1993": 11, "1994": 19, "1995": 9, "1996": 8, "1997": 5, "1998": 4, "1999": 1, "2000": 3, "2001": 5, "2002": 4, "2003": 6, "2004": 7, "2005": 2, "2006": 7, "2007": 10, "2008": 8, "2009": 7, "2010": 13, "2011": 5, "2012": 2, "2013": 9, "2014": 7, "2015": 7, "2016": 2, "2017": 5, "2018": 1, "2019": 1}, "old_citations": {"1995": 33, "1990": 94, "1993": 28, "1991": 188, "1992": 12}, "isVisible": false}, "network security": {"name": "network security", "type": "topic", "h_index": 658, "h5_index": 157, "num_publications": 17, "num_citations": 441, "num_publications_5y": 0, "num_citations_5y": 76, "num_publications_10y": 0, "num_citations_10y": 176, "publications_years": {"1990": 4, "1993": 3, "1991": 5, "1992": 2, "1995": 2, "1994": 1}, "citations_years": {"1990": 5, "1991": 9, "1992": 18, "1993": 10, "1994": 20, "1995": 10, "1996": 9, "1997": 8, "1998": 11, "1999": 7, "2000": 8, "2001": 11, "2002": 6, "2003": 14, "2004": 16, "2005": 15, "2006": 27, "2007": 25, "2008": 21, "2009": 20, "2010": 27, "2011": 19, "2012": 14, "2013": 20, "2014": 21, "2015": 16, "2016": 18, "2017": 11, "2018": 10, "2019": 12, "2020": 3}, "old_citations": {"1990": 83, "1993": 55, "1991": 172, "1992": 16, "1995": 185, "1994": 49}, "isVisible": false}, "complexity class": {"name": "complexity class", "type": "topic", "h_index": 58, "h5_index": 10, "num_publications": 16, "num_citations": 220, "num_publications_5y": 0, "num_citations_5y": 23, "num_publications_10y": 0, "num_citations_10y": 44, "publications_years": {"1995": 3, "1992": 1, "1990": 4, "1991": 3, "1994": 4, "1993": 1}, "citations_years": {"1995": 10, "1996": 7, "1997": 13, "1998": 10, "1999": 6, "2000": 5, "2001": 7, "2002": 3, "2003": 9, "2004": 8, "2005": 12, "2006": 14, "2007": 8, "2008": 12, "2009": 1, "2010": 1, "2011": 5, "2012": 5, "2013": 9, "2014": 8, "2015": 3, "2016": 6, "2017": 3, "2018": 3, "2019": 4, "2020": 1, "1992": 14, "1993": 10, "1994": 15, "1990": 4, "1991": 4}, "old_citations": {"1995": 72, "1992": 32, "1990": 42, "1991": 37, "1994": 90, "1993": 16}, "isVisible": false}, "software design": {"name": "software design", "type": "topic", "h_index": 907, "h5_index": 227, "num_publications": 13, "num_citations": 378, "num_publications_5y": 0, "num_citations_5y": 69, "num_publications_10y": 0, "num_citations_10y": 165, "publications_years": {"1990": 3, "1993": 1, "1991": 6, "1995": 3}, "citations_years": {"1995": 8, "1996": 8, "1997": 3, "1998": 6, "1999": 6, "2000": 3, "2001": 7, "2002": 5, "2003": 12, "2004": 15, "2005": 14, "2006": 23, "2007": 23, "2008": 19, "2009": 19, "2010": 22, "2011": 17, "2012": 17, "2013": 21, "2014": 16, "2015": 17, "2016": 17, "2017": 10, "2018": 9, "2019": 11, "2020": 3, "1990": 4, "1991": 9, "1992": 12, "1993": 7, "1994": 15}, "old_citations": {"1990": 69, "1993": 10, "1991": 166, "1995": 227}, "isVisible": false}, "software engineering": {"name": "software engineering", "type": "topic", "h_index": 964, "h5_index": 236, "num_publications": 13, "num_citations": 378, "num_publications_5y": 0, "num_citations_5y": 69, "num_publications_10y": 0, "num_citations_10y": 165, "publications_years": {"1990": 3, "1993": 1, "1991": 6, "1995": 3}, "citations_years": {"1995": 8, "1996": 8, "1997": 3, "1998": 6, "1999": 6, "2000": 3, "2001": 7, "2002": 5, "2003": 12, "2004": 15, "2005": 14, "2006": 23, "2007": 23, "2008": 19, "2009": 19, "2010": 22, "2011": 17, "2012": 17, "2013": 21, "2014": 16, "2015": 17, "2016": 17, "2017": 10, "2018": 9, "2019": 11, "2020": 3, "1990": 4, "1991": 9, "1992": 12, "1993": 7, "1994": 15}, "old_citations": {"1990": 69, "1993": 10, "1991": 166, "1995": 227}, "isVisible": false}, "software architecture": {"name": "software architecture", "type": "topic", "h_index": 821, "h5_index": 210, "num_publications": 9, "num_citations": 330, "num_publications_5y": 0, "num_citations_5y": 65, "num_publications_10y": 0, "num_citations_10y": 155, "publications_years": {"1990": 2, "1993": 1, "1995": 3, "1991": 3}, "citations_years": {"1995": 7, "1996": 7, "1997": 2, "1998": 6, "1999": 6, "2000": 3, "2001": 7, "2002": 5, "2003": 11, "2004": 12, "2005": 14, "2006": 21, "2007": 23, "2008": 18, "2009": 18, "2010": 22, "2011": 16, "2012": 16, "2013": 18, "2014": 15, "2015": 17, "2016": 16, "2017": 9, "2018": 8, "2019": 11, "2020": 3, "1994": 8, "1991": 5, "1992": 4, "1993": 2}, "old_citations": {"1990": 36, "1993": 10, "1995": 227, "1991": 91}, "isVisible": false}}, "authors": {"2063601474": {"name": "lane a hemachandra", "type": "author", "activity": 4, "h_index": 8, "h5_index": 0, "mag_id": "2063601474", "num_publications": 4, "num_citations": 71, "num_publications_5y": 0, "num_citations_5y": 1, "num_publications_10y": 0, "num_citations_10y": 4, "publications_years": {"1990": 2, "1991": 1, "1992": 1}, "citations_years": {"1992": 8, "1993": 8, "1994": 14, "1995": 8, "1996": 5, "1997": 4, "1998": 2, "1999": 3, "2000": 3, "2001": 0, "2002": 1, "2003": 0, "2004": 1, "2005": 4, "2006": 1, "2007": 1, "2008": 2, "1991": 1, "2009": 1, "2010": 0, "2011": 1, "2012": 1, "2013": 0, "2014": 0, "2015": 0, "2016": 1, "2017": 0, "2018": 0, "2019": 0, "2020": 1}, "old_citations": {"1990": 4, "1991": 16, "1992": 55}, "isVisible": false}, "2115541029": {"name": "jinyi cai", "type": "author", "activity": 30, "h_index": 16, "h5_index": 3, "mag_id": "2115541029", "num_publications": 4, "num_citations": 59, "num_publications_5y": 0, "num_citations_5y": 5, "num_publications_10y": 0, "num_citations_10y": 18, "publications_years": {"1990": 2, "1993": 1, "1991": 1}, "citations_years": {"1994": 4, "1995": 0, "1996": 1, "1997": 1, "1998": 1, "1999": 2, "2000": 1, "2001": 2, "2002": 2, "2003": 5, "2004": 4, "2005": 0, "2006": 1, "2007": 0, "2008": 3, "2009": 1, "2010": 5, "2011": 4, "2012": 1, "2013": 2, "2014": 1, "2015": 0, "2016": 1, "2017": 0, "2018": 3, "2019": 2, "2020": 1, "1990": 1, "1991": 4, "1992": 5, "1993": 1}, "old_citations": {"1990": 36, "1993": 32, "1991": 15}, "isVisible": false}, "2135939770": {"name": "osamu watanabe", "type": "author", "activity": 31, "h_index": 19, "h5_index": 1, "mag_id": "2135939770", "num_publications": 3, "num_citations": 55, "num_publications_5y": 0, "num_citations_5y": 1, "num_publications_10y": 0, "num_citations_10y": 4, "publications_years": {"1994": 1, "1993": 1, "1992": 1}, "citations_years": {"1991": 1, "1992": 3, "1993": 6, "1994": 11, "1995": 8, "1996": 4, "1997": 2, "1998": 2, "1999": 3, "2000": 3, "2001": 0, "2002": 1, "2003": 0, "2004": 1, "2005": 3, "2006": 1, "2007": 1, "2008": 0, "2009": 1, "2010": 0, "2011": 1, "2012": 1, "2013": 0, "2014": 0, "2015": 0, "2016": 1, "2017": 0, "2018": 0, "2019": 0, "2020": 1}, "old_citations": {"1994": 4, "1993": 0, "1992": 55}, "isVisible": false}, "2984027855": {"name": "richard j lipton", "type": "author", "activity": 21, "h_index": 22, "h5_index": 0, "mag_id": "2984027855", "num_publications": 3, "num_citations": 47, "num_publications_5y": 0, "num_citations_5y": 5, "num_publications_10y": 0, "num_citations_10y": 17, "publications_years": {"1990": 1, "1993": 1, "1991": 1}, "citations_years": {"1994": 4, "1995": 0, "1996": 1, "1997": 1, "1998": 1, "1999": 2, "2000": 1, "2001": 1, "2002": 1, "2003": 3, "2004": 2, "2005": 0, "2006": 0, "2007": 0, "2008": 1, "2009": 1, "2010": 4, "2011": 4, "2012": 1, "2013": 2, "2014": 1, "2015": 0, "2016": 1, "2017": 0, "2018": 3, "2019": 2, "2020": 1, "1990": 1, "1991": 3, "1992": 4, "1993": 1}, "old_citations": {"1990": 24, "1993": 32, "1991": 15}, "isVisible": false}, "59446286": {"name": "russell impagliazzo", "type": "author", "activity": 30, "h_index": 19, "h5_index": 2, "mag_id": "59446286", "num_publications": 2, "num_citations": 184, "num_publications_5y": 0, "num_citations_5y": 43, "num_publications_10y": 0, "num_citations_10y": 101, "publications_years": {"1994": 1, "1995": 1}, "citations_years": {"1995": 1, "1996": 2, "1997": 0, "1998": 4, "1999": 4, "2000": 1, "2001": 2, "2002": 2, "2003": 4, "2004": 6, "2005": 9, "2006": 16, "2007": 14, "2008": 8, "2009": 14, "2010": 14, "2011": 8, "2012": 11, "2013": 11, "2014": 9, "2015": 8, "2016": 12, "2017": 8, "2018": 6, "2019": 8, "2020": 2}, "old_citations": {"1994": 23, "1995": 184}, "isVisible": false}, "163123250": {"name": "leen torenvliet", "type": "author", "activity": 30, "h_index": 8, "h5_index": 0, "mag_id": "163123250", "num_publications": 2, "num_citations": 84, "num_publications_5y": 0, "num_citations_5y": 9, "num_publications_10y": 0, "num_citations_10y": 14, "publications_years": {"1993": 1, "1994": 1}, "citations_years": {"1993": 2, "1994": 5, "1995": 10, "1996": 6, "1997": 3, "1998": 6, "1999": 3, "2000": 2, "2001": 3, "2002": 1, "2003": 3, "2004": 3, "2005": 7, "2006": 7, "2007": 5, "2008": 2, "2009": 1, "2010": 1, "2011": 2, "2012": 1, "2013": 0, "2014": 4, "2015": 2, "2016": 3, "2017": 0, "2018": 0, "2019": 2}, "old_citations": {"1993": 35, "1994": 49}, "isVisible": false}, "227075345": {"name": "anne condon", "type": "author", "activity": 30, "h_index": 22, "h5_index": 2, "mag_id": "227075345", "num_publications": 2, "num_citations": 15, "num_publications_5y": 0, "num_citations_5y": 0, "num_publications_10y": 0, "num_citations_10y": 0, "publications_years": {"1990": 1, "1991": 1}, "citations_years": {"1990": 1, "1991": 3, "1992": 4, "1993": 1, "1994": 3, "1995": 0, "1996": 1, "1997": 0, "1998": 0, "1999": 0, "2000": 0, "2001": 0, "2002": 0, "2003": 1, "2004": 1}, "old_citations": {"1990": 24, "1991": 15}, "isVisible": false}, "1985006651": {"name": "jack h lutz", "type": "author", "activity": 31, "h_index": 8, "h5_index": 1, "mag_id": "1985006651", "num_publications": 2, "num_citations": 0, "num_publications_5y": 0, "num_citations_5y": 0, "num_publications_10y": 0, "num_citations_10y": 0, "publications_years": {"1991": 2}, "citations_years": {}, "old_citations": {"1991": 0}, "isVisible": false}, "2036035498": {"name": "neil immerman", "type": "author", "activity": 31, "h_index": 24, "h5_index": 2, "mag_id": "2036035498", "num_publications": 2, "num_citations": 36, "num_publications_5y": 0, "num_citations_5y": 1, "num_publications_10y": 0, "num_citations_10y": 3, "publications_years": {"1994": 1, "1991": 1}, "citations_years": {"1994": 3, "1995": 0, "1996": 2, "1997": 6, "1998": 6, "1999": 4, "2000": 3, "2001": 3, "2002": 1, "2003": 2, "2004": 0, "2005": 0, "2006": 0, "2007": 0, "2008": 2, "2009": 0, "2010": 0, "2011": 1, "2012": 0, "2013": 1, "2014": 0, "2015": 0, "2016": 0, "2017": 0, "2018": 1, "2019": 1}, "old_citations": {"1994": 26, "1991": 10}, "isVisible": false}, "2046910851": {"name": "johannes kobler", "type": "author", "activity": 28, "h_index": 8, "h5_index": 1, "mag_id": "2046910851", "num_publications": 2, "num_citations": 0, "num_publications_5y": 0, "num_citations_5y": 0, "num_publications_10y": 0, "num_citations_10y": 0, "publications_years": {"1995": 2}, "citations_years": {}, "old_citations": {"1995": 33}, "isVisible": false}, "2060639966": {"name": "james s royer", "type": "author", "activity": 24, "h_index": 7, "h5_index": 0, "mag_id": "2060639966", "num_publications": 2, "num_citations": 3, "num_publications_5y": 0, "num_citations_5y": 0, "num_publications_10y": 0, "num_citations_10y": 0, "publications_years": {"1995": 2}, "citations_years": {"1999": 1, "2000": 0, "2001": 1, "2002": 0, "2003": 0, "2004": 0, "2005": 0, "2006": 0, "2007": 1}, "old_citations": {"1995": 3}, "isVisible": false}, "2104723044": {"name": "mitsunori ogiwara", "type": "author", "activity": 3, "h_index": 4, "h5_index": 0, "mag_id": "2104723044", "num_publications": 2, "num_citations": 16, "num_publications_5y": 0, "num_citations_5y": 0, "num_publications_10y": 0, "num_citations_10y": 0, "publications_years": {"1993": 1, "1991": 1}, "citations_years": {"1992": 5, "1993": 2, "1994": 3, "1995": 0, "1996": 1, "1997": 2, "1998": 0, "1999": 0, "2000": 0, "2001": 0, "2002": 0, "2003": 0, "2004": 0, "2005": 1, "2006": 0, "2007": 0, "2008": 2}, "old_citations": {"1993": 0, "1991": 16}, "isVisible": false}, "2248806885": {"name": "klausjorn lange", "type": "author", "activity": 29, "h_index": 8, "h5_index": 1, "mag_id": "2248806885", "num_publications": 2, "num_citations": 6, "num_publications_5y": 0, "num_citations_5y": 0, "num_publications_10y": 0, "num_citations_10y": 0, "publications_years": {"1993": 1, "1990": 1}, "citations_years": {"1990": 1, "1991": 2, "1992": 1, "1993": 2}, "old_citations": {"1993": 10, "1990": 6}, "isVisible": false}, "2253347400": {"name": "ricard gavalda", "type": "author", "activity": 30, "h_index": 22, "h5_index": 3, "mag_id": "2253347400", "num_publications": 2, "num_citations": 25, "num_publications_5y": 0, "num_citations_5y": 0, "num_publications_10y": 0, "num_citations_10y": 1, "publications_years": {"1994": 1, "1993": 1}, "citations_years": {"1995": 3, "1996": 1, "1997": 3, "1998": 1, "1999": 1, "2000": 1, "2001": 2, "2002": 0, "2003": 0, "2004": 1, "2005": 1, "2006": 3, "2007": 1, "1993": 2, "1994": 3, "2008": 1, "2009": 0, "2010": 0, "2011": 0, "2012": 0, "2013": 1}, "old_citations": {"1994": 9, "1993": 16}, "isVisible": false}, "2276785809": {"name": "lance fortnow", "type": "author", "activity": 24, "h_index": 20, "h5_index": 0, "mag_id": "2276785809", "num_publications": 2, "num_citations": 14, "num_publications_5y": 0, "num_citations_5y": 3, "num_publications_10y": 0, "num_citations_10y": 6, "publications_years": {"1993": 1, "1990": 1}, "citations_years": {"1990": 1, "1991": 0, "1992": 1, "1993": 0, "1994": 2, "1995": 1, "1996": 1, "1997": 0, "1998": 1, "1999": 0, "2000": 1, "2001": 0, "2002": 0, "2003": 0, "2004": 0, "2005": 0, "2006": 0, "2007": 0, "2008": 0, "2009": 0, "2010": 2, "2011": 0, "2012": 0, "2013": 1, "2014": 2, "2015": 0, "2016": 0, "2017": 1}, "old_citations": {"1993": 56, "1990": 14}, "isVisible": false}, "2307024348": {"name": "harry buhrman", "type": "author", "activity": 29, "h_index": 15, "h5_index": 1, "mag_id": "2307024348", "num_publications": 2, "num_citations": 84, "num_publications_5y": 0, "num_citations_5y": 9, "num_publications_10y": 0, "num_citations_10y": 14, "publications_years": {"1993": 1, "1994": 1}, "citations_years": {"1993": 2, "1994": 5, "1995": 10, "1996": 6, "1997": 3, "1998": 6, "1999": 3, "2000": 2, "2001": 3, "2002": 1, "2003": 3, "2004": 3, "2005": 7, "2006": 7, "2007": 5, "2008": 2, "2009": 1, "2010": 1, "2011": 2, "2012": 1, "2013": 0, "2014": 4, "2015": 2, "2016": 3, "2017": 0, "2018": 0, "2019": 2}, "old_citations": {"1993": 35, "1994": 49}, "isVisible": false}, "2577298345": {"name": "william j schmidt", "type": "author", "activity": 7, "h_index": 5, "h5_index": 0, "mag_id": "2577298345", "num_publications": 2, "num_citations": 0, "num_publications_5y": 0, "num_citations_5y": 0, "num_publications_10y": 0, "num_citations_10y": 0, "publications_years": {"1991": 2}, "citations_years": {}, "old_citations": {"1991": 0}, "isVisible": false}, "19031441": {"name": "noam nisan", "type": "author", "activity": 31, "h_index": 44, "h5_index": 4, "mag_id": "19031441", "num_publications": 1, "num_citations": 5, "num_publications_5y": 0, "num_citations_5y": 2, "num_publications_10y": 0, "num_citations_10y": 2, "publications_years": {"1990": 1}, "citations_years": {"1992": 1, "1993": 0, "1994": 0, "1995": 0, "1996": 0, "1997": 0, "1998": 0, "1999": 0, "2000": 0, "2001": 0, "2002": 0, "2003": 0, "2004": 0, "2005": 0, "2006": 1, "2007": 1, "2008": 0, "2009": 0, "2010": 0, "2011": 0, "2012": 0, "2013": 0, "2014": 0, "2015": 0, "2016": 0, "2017": 2}, "old_citations": {"1990": 5}, "isVisible": false}, "31335080": {"name": "avi wigderson", "type": "author", "activity": 30, "h_index": 22, "h5_index": 4, "mag_id": "31335080", "num_publications": 1, "num_citations": 0, "num_publications_5y": 0, "num_citations_5y": 0, "num_publications_10y": 0, "num_citations_10y": 0, "publications_years": {"1994": 1}, "citations_years": {}, "old_citations": {"1994": 23}, "isVisible": false}, "80220757": {"name": "john n tsitsiklis", "type": "author", "activity": 29, "h_index": 41, "h5_index": 3, "mag_id": "80220757", "num_publications": 1, "num_citations": 130, "num_publications_5y": 0, "num_citations_5y": 20, "num_publications_10y": 0, "num_citations_10y": 75, "publications_years": {"1994": 1}, "citations_years": {"1999": 2, "2000": 3, "2001": 0, "2002": 4, "2003": 2, "2004": 3, "2005": 3, "2006": 6, "2007": 11, "2008": 17, "2009": 7, "2010": 6, "2011": 12, "2012": 17, "2013": 13, "2014": 11, "2015": 5, "2016": 2, "2017": 0, "2018": 2, "2019": 4}, "old_citations": {"1994": 130}, "isVisible": false}, "152493642": {"name": "victor vianu", "type": "author", "activity": 30, "h_index": 36, "h5_index": 5, "mag_id": "152493642", "num_publications": 1, "num_citations": 0, "num_publications_5y": 0, "num_citations_5y": 0, "num_publications_10y": 0, "num_citations_10y": 0, "publications_years": {"1992": 1}, "citations_years": {}, "old_citations": {"1992": 32}, "isVisible": false}, "172400696": {"name": "serge abiteboul", "type": "author", "activity": 30, "h_index": 54, "h5_index": 3, "mag_id": "172400696", "num_publications": 1, "num_citations": 0, "num_publications_5y": 0, "num_citations_5y": 0, "num_publications_10y": 0, "num_citations_10y": 0, "publications_years": {"1992": 1}, "citations_years": {}, "old_citations": {"1992": 32}, "isVisible": false}, "204841444": {"name": "thomas thierauf", "type": "author", "activity": 28, "h_index": 4, "h5_index": 2, "mag_id": "204841444", "num_publications": 1, "num_citations": 0, "num_publications_5y": 0, "num_citations_5y": 0, "num_publications_10y": 0, "num_citations_10y": 0, "publications_years": {"1993": 1}, "citations_years": {}, "old_citations": {"1993": 0}, "isVisible": false}, "245380465": {"name": "pavel pudlak", "type": "author", "activity": 29, "h_index": 9, "h5_index": 1, "mag_id": "245380465", "num_publications": 1, "num_citations": 10, "num_publications_5y": 0, "num_citations_5y": 0, "num_publications_10y": 0, "num_citations_10y": 1, "publications_years": {"1994": 1}, "citations_years": {"1994": 1, "1995": 1, "1996": 1, "1997": 2, "1998": 0, "1999": 1, "2000": 0, "2001": 2, "2002": 0, "2003": 0, "2004": 0, "2005": 0, "2006": 0, "2007": 0, "2008": 1, "2009": 0, "2010": 0, "2011": 1}, "old_citations": {"1994": 10}, "isVisible": false}, "307687659": {"name": "eyal kushilevitz", "type": "author", "activity": 30, "h_index": 43, "h5_index": 5, "mag_id": "307687659", "num_publications": 1, "num_citations": 0, "num_publications_5y": 0, "num_citations_5y": 0, "num_publications_10y": 0, "num_citations_10y": 0, "publications_years": {"1990": 1}, "citations_years": {}, "old_citations": {"1990": 10}, "isVisible": false}, "324740313": {"name": "michael sipser", "type": "author", "activity": 8, "h_index": 7, "h5_index": 0, "mag_id": "324740313", "num_publications": 1, "num_citations": 14, "num_publications_5y": 0, "num_citations_5y": 3, "num_publications_10y": 0, "num_citations_10y": 6, "publications_years": {"1990": 1}, "citations_years": {"1990": 1, "1991": 0, "1992": 1, "1993": 0, "1994": 2, "1995": 1, "1996": 1, "1997": 0, "1998": 1, "1999": 0, "2000": 1, "2001": 0, "2002": 0, "2003": 0, "2004": 0, "2005": 0, "2006": 0, "2007": 0, "2008": 0, "2009": 0, "2010": 2, "2011": 0, "2012": 0, "2013": 1, "2014": 2, "2015": 0, "2016": 0, "2017": 1}, "old_citations": {"1990": 14}, "isVisible": false}, "368308055": {"name": "peter w shor", "type": "author", "activity": 30, "h_index": 15, "h5_index": 1, "mag_id": "368308055", "num_publications": 1, "num_citations": 39, "num_publications_5y": 0, "num_citations_5y": 6, "num_publications_10y": 0, "num_citations_10y": 17, "publications_years": {"1995": 1}, "citations_years": {"1995": 1, "1996": 1, "1997": 1, "1998": 0, "1999": 0, "2000": 0, "2001": 0, "2002": 0, "2003": 2, "2004": 2, "2005": 5, "2006": 2, "2007": 2, "2008": 3, "2009": 0, "2010": 1, "2011": 2, "2012": 4, "2013": 4, "2014": 2, "2015": 1, "2016": 2, "2017": 0, "2018": 1, "2019": 2, "2020": 1}, "old_citations": {"1995": 39}, "isVisible": false}, "405514873": {"name": "patrick dymond", "type": "author", "activity": 23, "h_index": 6, "h5_index": 0, "mag_id": "405514873", "num_publications": 1, "num_citations": 5, "num_publications_5y": 0, "num_citations_5y": 0, "num_publications_10y": 0, "num_citations_10y": 1, "publications_years": {"1993": 1}, "citations_years": {"1996": 1, "1997": 0, "1998": 0, "1999": 0, "2000": 0, "2001": 0, "2002": 2, "2003": 0, "2004": 0, "2005": 0, "2006": 1, "2007": 0, "2008": 0, "2009": 0, "2010": 0, "2011": 0, "2012": 0, "2013": 1}, "old_citations": {"1993": 5}, "isVisible": false}, "428893813": {"name": "walter l ruzzo", "type": "author", "activity": 25, "h_index": 16, "h5_index": 0, "mag_id": "428893813", "num_publications": 1, "num_citations": 5, "num_publications_5y": 0, "num_citations_5y": 0, "num_publications_10y": 0, "num_citations_10y": 1, "publications_years": {"1993": 1}, "citations_years": {"1996": 1, "1997": 0, "1998": 0, "1999": 0, "2000": 0, "2001": 0, "2002": 2, "2003": 0, "2004": 0, "2005": 0, "2006": 1, "2007": 0, "2008": 0, "2009": 0, "2010": 0, "2011": 0, "2012": 0, "2013": 1}, "old_citations": {"1993": 5}, "isVisible": false}, "672946669": {"name": "uriel feige", "type": "author", "activity": 30, "h_index": 23, "h5_index": 3, "mag_id": "672946669", "num_publications": 1, "num_citations": 81, "num_publications_5y": 0, "num_citations_5y": 12, "num_publications_10y": 0, "num_citations_10y": 30, "publications_years": {"1991": 1}, "citations_years": {"1991": 4, "1992": 3, "1993": 2, "1994": 7, "1995": 4, "1996": 2, "1997": 1, "1998": 2, "1999": 0, "2000": 2, "2001": 4, "2002": 1, "2003": 2, "2004": 2, "2005": 0, "2006": 2, "2007": 7, "2008": 5, "2009": 4, "2010": 6, "2011": 4, "2012": 1, "2013": 3, "2014": 4, "2015": 6, "2016": 1, "2017": 1, "2018": 0, "2019": 1}, "old_citations": {"1991": 81}, "isVisible": false}, "681817647": {"name": "hava t siegelmann", "type": "author", "activity": 29, "h_index": 21, "h5_index": 3, "mag_id": "681817647", "num_publications": 1, "num_citations": 16, "num_publications_5y": 0, "num_citations_5y": 0, "num_publications_10y": 0, "num_citations_10y": 1, "publications_years": {"1993": 1}, "citations_years": {"1993": 2, "1994": 3, "1995": 2, "1996": 1, "1997": 2, "1998": 1, "1999": 1, "2000": 0, "2001": 0, "2002": 0, "2003": 0, "2004": 0, "2005": 0, "2006": 2, "2007": 0, "2008": 1, "2009": 0, "2010": 0, "2011": 0, "2012": 0, "2013": 1}, "old_citations": {"1993": 16}, "isVisible": false}, "889684952": {"name": "robert sedgewick", "type": "author", "activity": 28, "h_index": 12, "h5_index": 1, "mag_id": "889684952", "num_publications": 1, "num_citations": 32, "num_publications_5y": 0, "num_citations_5y": 5, "num_publications_10y": 0, "num_citations_10y": 17, "publications_years": {"1993": 1}, "citations_years": {"1994": 1, "1995": 0, "1996": 0, "1997": 1, "1998": 1, "1999": 2, "2000": 1, "2001": 1, "2002": 1, "2003": 2, "2004": 1, "2005": 0, "2006": 0, "2007": 0, "2008": 1, "2009": 1, "2010": 4, "2011": 4, "2012": 1, "2013": 2, "2014": 1, "2015": 0, "2016": 1, "2017": 0, "2018": 3, "2019": 2, "2020": 1}, "old_citations": {"1993": 32}, "isVisible": false}, "1482108584": {"name": "rafail ostrovsky", "type": "author", "activity": 30, "h_index": 59, "h5_index": 7, "mag_id": "1482108584", "num_publications": 1, "num_citations": 0, "num_publications_5y": 0, "num_citations_5y": 0, "num_publications_10y": 0, "num_citations_10y": 0, "publications_years": {"1991": 1}, "citations_years": {}, "old_citations": {"1991": 60}, "isVisible": false}, "1750905350": {"name": "laszlo babai", "type": "author", "activity": 30, "h_index": 10, "h5_index": 1, "mag_id": "1750905350", "num_publications": 1, "num_citations": 33, "num_publications_5y": 0, "num_citations_5y": 4, "num_publications_10y": 0, "num_citations_10y": 10, "publications_years": {"1990": 1}, "citations_years": {"1990": 3, "1991": 1, "1992": 4, "1993": 4, "1994": 4, "1995": 1, "1996": 0, "1997": 1, "1998": 0, "1999": 0, "2000": 0, "2001": 0, "2002": 0, "2003": 0, "2004": 2, "2005": 0, "2006": 2, "2007": 0, "2008": 1, "2009": 1, "2010": 0, "2011": 1, "2012": 1, "2013": 3, "2014": 1, "2015": 0, "2016": 1, "2017": 1, "2018": 1}, "old_citations": {"1990": 33}, "isVisible": false}, "1792151391": {"name": "david a mix barrington", "type": "author", "activity": 15, "h_index": 3, "h5_index": 0, "mag_id": "1792151391", "num_publications": 1, "num_citations": 26, "num_publications_5y": 0, "num_citations_5y": 1, "num_publications_10y": 0, "num_citations_10y": 2, "publications_years": {"1994": 1}, "citations_years": {"1994": 1, "1995": 0, "1996": 0, "1997": 5, "1998": 5, "1999": 3, "2000": 2, "2001": 2, "2002": 1, "2003": 2, "2004": 0, "2005": 0, "2006": 0, "2007": 0, "2008": 2, "2009": 0, "2010": 0, "2011": 0, "2012": 0, "2013": 1, "2014": 0, "2015": 0, "2016": 0, "2017": 0, "2018": 1, "2019": 1}, "old_citations": {"1994": 26}, "isVisible": false}, "1970575723": {"name": "moshe y vardi", "type": "author", "activity": 31, "h_index": 63, "h5_index": 8, "mag_id": "1970575723", "num_publications": 1, "num_citations": 0, "num_publications_5y": 0, "num_citations_5y": 0, "num_publications_10y": 0, "num_citations_10y": 0, "publications_years": {"1992": 1}, "citations_years": {}, "old_citations": {"1992": 32}, "isVisible": false}, "1983273066": {"name": "alan l selman", "type": "author", "activity": 28, "h_index": 6, "h5_index": 1, "mag_id": "1983273066", "num_publications": 1, "num_citations": 0, "num_publications_5y": 0, "num_citations_5y": 0, "num_publications_10y": 0, "num_citations_10y": 0, "publications_years": {"1993": 1}, "citations_years": {}, "old_citations": {"1993": 23}, "isVisible": false}, "1985613105": {"name": "john rompel", "type": "author", "activity": 1, "h_index": 1, "h5_index": 0, "mag_id": "1985613105", "num_publications": 1, "num_citations": 14, "num_publications_5y": 0, "num_citations_5y": 3, "num_publications_10y": 0, "num_citations_10y": 6, "publications_years": {"1990": 1}, "citations_years": {"1990": 1, "1991": 0, "1992": 1, "1993": 0, "1994": 2, "1995": 1, "1996": 1, "1997": 0, "1998": 1, "1999": 0, "2000": 1, "2001": 0, "2002": 0, "2003": 0, "2004": 0, "2005": 0, "2006": 0, "2007": 0, "2008": 0, "2009": 0, "2010": 2, "2011": 0, "2012": 0, "2013": 1, "2014": 2, "2015": 0, "2016": 0, "2017": 1}, "old_citations": {"1990": 14}, "isVisible": false}, "1995245898": {"name": "benny chor", "type": "author", "activity": 29, "h_index": 15, "h5_index": 3, "mag_id": "1995245898", "num_publications": 1, "num_citations": 0, "num_publications_5y": 0, "num_citations_5y": 0, "num_publications_10y": 0, "num_citations_10y": 0, "publications_years": {"1990": 1}, "citations_years": {}, "old_citations": {"1990": 10}, "isVisible": false}, "2024860705": {"name": "rudiger reischuk", "type": "author", "activity": 29, "h_index": 10, "h5_index": 1, "mag_id": "2024860705", "num_publications": 1, "num_citations": 6, "num_publications_5y": 0, "num_citations_5y": 1, "num_publications_10y": 0, "num_citations_10y": 1, "publications_years": {"1994": 1}, "citations_years": {"1995": 2, "1996": 0, "1997": 0, "1998": 1, "1999": 0, "2000": 0, "2001": 0, "2002": 1, "2003": 0, "2004": 0, "2005": 0, "2006": 0, "2007": 0, "2008": 1, "2009": 0, "2010": 0, "2011": 0, "2012": 0, "2013": 0, "2014": 1}, "old_citations": {"1994": 6}, "isVisible": false}, "2041502760": {"name": "gilles brassard", "type": "author", "activity": 30, "h_index": 24, "h5_index": 1, "mag_id": "2041502760", "num_publications": 1, "num_citations": 69, "num_publications_5y": 0, "num_citations_5y": 5, "num_publications_10y": 0, "num_citations_10y": 8, "publications_years": {"1992": 1}, "citations_years": {"1992": 1, "1993": 3, "1994": 5, "1995": 3, "1996": 6, "1997": 9, "1998": 4, "1999": 5, "2000": 4, "2001": 4, "2002": 2, "2003": 5, "2004": 5, "2005": 3, "2006": 1, "2007": 0, "2008": 0, "2009": 0, "2010": 0, "2011": 2, "2012": 1, "2013": 0, "2014": 0, "2015": 2, "2016": 0, "2017": 0, "2018": 3, "2019": 1}, "old_citations": {"1992": 69}, "isVisible": false}, "2046237863": {"name": "matthias krause", "type": "author", "activity": 29, "h_index": 10, "h5_index": 2, "mag_id": "2046237863", "num_publications": 1, "num_citations": 15, "num_publications_5y": 0, "num_citations_5y": 1, "num_publications_10y": 0, "num_citations_10y": 6, "publications_years": {"1991": 1}, "citations_years": {"1992": 3, "1993": 1, "1994": 2, "1995": 1, "1996": 1, "1997": 1, "1998": 0, "1999": 0, "2000": 0, "2001": 0, "2002": 0, "2003": 0, "2004": 0, "2005": 0, "2006": 0, "2007": 0, "2008": 0, "2009": 2, "2010": 3, "2011": 0, "2012": 0, "2013": 0, "2014": 0, "2015": 1}, "old_citations": {"1991": 15}, "isVisible": false}, "2076655186": {"name": "frederic green", "type": "author", "activity": 30, "h_index": 2, "h5_index": 0, "mag_id": "2076655186", "num_publications": 1, "num_citations": 0, "num_publications_5y": 0, "num_citations_5y": 0, "num_publications_10y": 0, "num_citations_10y": 0, "publications_years": {"1990": 1}, "citations_years": {}, "old_citations": {"1990": 0}, "isVisible": false}, "2088000343": {"name": "faith e fich", "type": "author", "activity": 17, "h_index": 14, "h5_index": 0, "mag_id": "2088000343", "num_publications": 1, "num_citations": 5, "num_publications_5y": 0, "num_citations_5y": 0, "num_publications_10y": 0, "num_citations_10y": 1, "publications_years": {"1993": 1}, "citations_years": {"1996": 1, "1997": 0, "1998": 0, "1999": 0, "2000": 0, "2001": 0, "2002": 2, "2003": 0, "2004": 0, "2005": 0, "2006": 1, "2007": 0, "2008": 0, "2009": 0, "2010": 0, "2011": 0, "2012": 0, "2013": 1}, "old_citations": {"1993": 5}, "isVisible": false}, "2088166175": {"name": "andrew chichih yao", "type": "author", "activity": 29, "h_index": 16, "h5_index": 2, "mag_id": "2088166175", "num_publications": 1, "num_citations": 32, "num_publications_5y": 0, "num_citations_5y": 5, "num_publications_10y": 0, "num_citations_10y": 17, "publications_years": {"1993": 1}, "citations_years": {"1994": 1, "1995": 0, "1996": 0, "1997": 1, "1998": 1, "1999": 2, "2000": 1, "2001": 1, "2002": 1, "2003": 2, "2004": 1, "2005": 0, "2006": 0, "2007": 0, "2008": 1, "2009": 1, "2010": 4, "2011": 4, "2012": 1, "2013": 2, "2014": 1, "2015": 0, "2016": 1, "2017": 0, "2018": 3, "2019": 2, "2020": 1}, "old_citations": {"1993": 32}, "isVisible": false}, "2089811026": {"name": "reuven baryehuda", "type": "author", "activity": 27, "h_index": 12, "h5_index": 3, "mag_id": "2089811026", "num_publications": 1, "num_citations": 0, "num_publications_5y": 0, "num_citations_5y": 0, "num_publications_10y": 0, "num_citations_10y": 0, "publications_years": {"1990": 1}, "citations_years": {}, "old_citations": {"1990": 10}, "isVisible": false}, "2092577353": {"name": "eduardo d sontag", "type": "author", "activity": 30, "h_index": 31, "h5_index": 3, "mag_id": "2092577353", "num_publications": 1, "num_citations": 16, "num_publications_5y": 0, "num_citations_5y": 0, "num_publications_10y": 0, "num_citations_10y": 1, "publications_years": {"1993": 1}, "citations_years": {"1993": 2, "1994": 3, "1995": 2, "1996": 1, "1997": 2, "1998": 1, "1999": 1, "2000": 0, "2001": 0, "2002": 0, "2003": 0, "2004": 0, "2005": 0, "2006": 2, "2007": 0, "2008": 1, "2009": 0, "2010": 0, "2011": 0, "2012": 0, "2013": 1}, "old_citations": {"1993": 16}, "isVisible": false}, "2096418959": {"name": "ran raz", "type": "author", "activity": 27, "h_index": 14, "h5_index": 1, "mag_id": "2096418959", "num_publications": 1, "num_citations": 0, "num_publications_5y": 0, "num_citations_5y": 0, "num_publications_10y": 0, "num_citations_10y": 0, "publications_years": {"1994": 1}, "citations_years": {}, "old_citations": {"1994": 23}, "isVisible": false}, "2115119778": {"name": "jose l balcazar", "type": "author", "activity": 30, "h_index": 15, "h5_index": 1, "mag_id": "2115119778", "num_publications": 1, "num_citations": 16, "num_publications_5y": 0, "num_citations_5y": 0, "num_publications_10y": 0, "num_citations_10y": 1, "publications_years": {"1993": 1}, "citations_years": {"1993": 2, "1994": 3, "1995": 2, "1996": 1, "1997": 2, "1998": 1, "1999": 1, "2000": 0, "2001": 0, "2002": 0, "2003": 0, "2004": 0, "2005": 0, "2006": 2, "2007": 0, "2008": 1, "2009": 0, "2010": 0, "2011": 0, "2012": 0, "2013": 1}, "old_citations": {"1993": 16}, "isVisible": false}, "2123469741": {"name": "seinosuke toda", "type": "author", "activity": 16, "h_index": 3, "h5_index": 0, "mag_id": "2123469741", "num_publications": 1, "num_citations": 0, "num_publications_5y": 0, "num_citations_5y": 0, "num_publications_10y": 0, "num_citations_10y": 0, "publications_years": {"1993": 1}, "citations_years": {}, "old_citations": {"1993": 0}, "isVisible": false}, "2127096566": {"name": "jeff edmonds", "type": "author", "activity": 28, "h_index": 15, "h5_index": 2, "mag_id": "2127096566", "num_publications": 1, "num_citations": 11, "num_publications_5y": 0, "num_citations_5y": 0, "num_publications_10y": 0, "num_citations_10y": 2, "publications_years": {"1991": 1}, "citations_years": {"1993": 1, "1994": 0, "1995": 1, "1996": 0, "1997": 2, "1998": 1, "1999": 0, "2000": 0, "2001": 0, "2002": 0, "2003": 0, "2004": 0, "2005": 2, "2006": 0, "2007": 2, "2008": 0, "2009": 0, "2010": 1, "2011": 0, "2012": 0, "2013": 1}, "old_citations": {"1991": 11}, "isVisible": false}, "2135733842": {"name": "keri ko", "type": "author", "activity": 23, "h_index": 5, "h5_index": 0, "mag_id": "2135733842", "num_publications": 1, "num_citations": 0, "num_publications_5y": 0, "num_citations_5y": 0, "num_publications_10y": 0, "num_citations_10y": 0, "publications_years": {"1992": 1}, "citations_years": {}, "old_citations": {"1992": 12}, "isVisible": false}, "2136940294": {"name": "lide li", "type": "author", "activity": 0, "h_index": 0, "h5_index": 0, "mag_id": "2136940294", "num_publications": 1, "num_citations": 0, "num_publications_5y": 0, "num_citations_5y": 0, "num_publications_10y": 0, "num_citations_10y": 0, "publications_years": {"1993": 1}, "citations_years": {}, "old_citations": {"1993": 56}, "isVisible": false}, "2143211455": {"name": "kenneth w regan", "type": "author", "activity": 27, "h_index": 7, "h5_index": 1, "mag_id": "2143211455", "num_publications": 1, "num_citations": 1, "num_publications_5y": 0, "num_citations_5y": 0, "num_publications_10y": 0, "num_citations_10y": 0, "publications_years": {"1995": 1}, "citations_years": {"1997": 1}, "old_citations": {"1995": 1}, "isVisible": false}, "2162785886": {"name": "desh ranjan", "type": "author", "activity": 30, "h_index": 8, "h5_index": 2, "mag_id": "2162785886", "num_publications": 1, "num_citations": 1, "num_publications_5y": 0, "num_citations_5y": 0, "num_publications_10y": 0, "num_citations_10y": 0, "publications_years": {"1990": 1}, "citations_years": {"2008": 1}, "old_citations": {"1990": 1}, "isVisible": false}, "2167404190": {"name": "daphne koller", "type": "author", "activity": 29, "h_index": 84, "h5_index": 1, "mag_id": "2167404190", "num_publications": 1, "num_citations": 39, "num_publications_5y": 0, "num_citations_5y": 6, "num_publications_10y": 0, "num_citations_10y": 17, "publications_years": {"1995": 1}, "citations_years": {"1995": 1, "1996": 1, "1997": 1, "1998": 0, "1999": 0, "2000": 0, "2001": 0, "2002": 0, "2003": 2, "2004": 2, "2005": 5, "2006": 2, "2007": 2, "2008": 3, "2009": 0, "2010": 1, "2011": 2, "2012": 4, "2013": 4, "2014": 2, "2015": 1, "2016": 2, "2017": 0, "2018": 1, "2019": 2, "2020": 1}, "old_citations": {"1995": 39}, "isVisible": false}, "2167932487": {"name": "joan feigenbaum", "type": "author", "activity": 31, "h_index": 35, "h5_index": 2, "mag_id": "2167932487", "num_publications": 1, "num_citations": 39, "num_publications_5y": 0, "num_citations_5y": 6, "num_publications_10y": 0, "num_citations_10y": 17, "publications_years": {"1995": 1}, "citations_years": {"1995": 1, "1996": 1, "1997": 1, "1998": 0, "1999": 0, "2000": 0, "2001": 0, "2002": 0, "2003": 2, "2004": 2, "2005": 5, "2006": 2, "2007": 2, "2008": 3, "2009": 0, "2010": 1, "2011": 2, "2012": 4, "2013": 4, "2014": 2, "2015": 1, "2016": 2, "2017": 0, "2018": 1, "2019": 2, "2020": 1}, "old_citations": {"1995": 39}, "isVisible": false}, "2193688032": {"name": "alessandro panconesi", "type": "author", "activity": 30, "h_index": 21, "h5_index": 4, "mag_id": "2193688032", "num_publications": 1, "num_citations": 1, "num_publications_5y": 0, "num_citations_5y": 0, "num_publications_10y": 0, "num_citations_10y": 0, "publications_years": {"1990": 1}, "citations_years": {"2008": 1}, "old_citations": {"1990": 1}, "isVisible": false}, "2196608369": {"name": "stephen a fenner", "type": "author", "activity": 27, "h_index": 4, "h5_index": 2, "mag_id": "2196608369", "num_publications": 1, "num_citations": 0, "num_publications_5y": 0, "num_citations_5y": 0, "num_publications_10y": 0, "num_citations_10y": 0, "publications_years": {"1993": 1}, "citations_years": {}, "old_citations": {"1993": 56}, "isVisible": false}, "2198960452": {"name": "m n thakur", "type": "author", "activity": 7, "h_index": 3, "h5_index": 0, "mag_id": "2198960452", "num_publications": 1, "num_citations": 4, "num_publications_5y": 0, "num_citations_5y": 0, "num_publications_10y": 0, "num_citations_10y": 0, "publications_years": {"1992": 1}, "citations_years": {"1995": 1, "1996": 1, "1997": 1, "1998": 0, "1999": 0, "2000": 1}, "old_citations": {"1992": 4}, "isVisible": false}, "2220829341": {"name": "christos h papadimitriou", "type": "author", "activity": 30, "h_index": 57, "h5_index": 7, "mag_id": "2220829341", "num_publications": 1, "num_citations": 130, "num_publications_5y": 0, "num_citations_5y": 20, "num_publications_10y": 0, "num_citations_10y": 75, "publications_years": {"1994": 1}, "citations_years": {"1999": 2, "2000": 3, "2001": 0, "2002": 4, "2003": 2, "2004": 3, "2005": 3, "2006": 6, "2007": 11, "2008": 17, "2009": 7, "2010": 6, "2011": 12, "2012": 17, "2013": 13, "2014": 11, "2015": 5, "2016": 2, "2017": 0, "2018": 2, "2019": 4}, "old_citations": {"1994": 130}, "isVisible": false}, "2227599652": {"name": "p van helden", "type": "author", "activity": 1, "h_index": 1, "h5_index": 0, "mag_id": "2227599652", "num_publications": 1, "num_citations": 35, "num_publications_5y": 0, "num_citations_5y": 0, "num_publications_10y": 0, "num_citations_10y": 3, "publications_years": {"1993": 1}, "citations_years": {"1993": 1, "1994": 5, "1995": 8, "1996": 5, "1997": 2, "1998": 3, "1999": 2, "2000": 0, "2001": 0, "2002": 0, "2003": 0, "2004": 1, "2005": 2, "2006": 1, "2007": 1, "2008": 0, "2009": 1, "2010": 1, "2011": 0, "2012": 1, "2013": 0, "2014": 0, "2015": 0, "2016": 0, "2017": 0, "2018": 0, "2019": 1}, "old_citations": {"1993": 35}, "isVisible": false}, "2229072615": {"name": "n k vereschchagin", "type": "author", "activity": 1, "h_index": 1, "h5_index": 0, "mag_id": "2229072615", "num_publications": 1, "num_citations": 27, "num_publications_5y": 0, "num_citations_5y": 5, "num_publications_10y": 0, "num_citations_10y": 12, "publications_years": {"1992": 1}, "citations_years": {"1993": 1, "1994": 2, "1995": 1, "1996": 0, "1997": 1, "1998": 1, "1999": 0, "2000": 0, "2001": 0, "2002": 0, "2003": 3, "2004": 1, "2005": 2, "2006": 2, "2007": 1, "2008": 0, "2009": 1, "2010": 0, "2011": 4, "2012": 1, "2013": 1, "2014": 1, "2015": 0, "2016": 2, "2017": 0, "2018": 2}, "old_citations": {"1992": 27}, "isVisible": false}, "2233365195": {"name": "stuart a kurtz", "type": "author", "activity": 28, "h_index": 5, "h5_index": 1, "mag_id": "2233365195", "num_publications": 1, "num_citations": 0, "num_publications_5y": 0, "num_citations_5y": 0, "num_publications_10y": 0, "num_citations_10y": 0, "publications_years": {"1993": 1}, "citations_years": {}, "old_citations": {"1993": 56}, "isVisible": false}, "2260560319": {"name": "albrecht hoene", "type": "author", "activity": 4, "h_index": 3, "h5_index": 0, "mag_id": "2260560319", "num_publications": 1, "num_citations": 0, "num_publications_5y": 0, "num_citations_5y": 0, "num_publications_10y": 0, "num_citations_10y": 0, "publications_years": {"1990": 1}, "citations_years": {}, "old_citations": {"1990": 3}, "isVisible": false}, "2310755670": {"name": "ashish v naik", "type": "author", "activity": 24, "h_index": 4, "h5_index": 2, "mag_id": "2310755670", "num_publications": 1, "num_citations": 0, "num_publications_5y": 0, "num_citations_5y": 0, "num_publications_10y": 0, "num_citations_10y": 0, "publications_years": {"1993": 1}, "citations_years": {}, "old_citations": {"1993": 23}, "isVisible": false}, "2323857954": {"name": "prabhakar ragde", "type": "author", "activity": 27, "h_index": 7, "h5_index": 0, "mag_id": "2323857954", "num_publications": 1, "num_citations": 5, "num_publications_5y": 0, "num_citations_5y": 0, "num_publications_10y": 0, "num_citations_10y": 1, "publications_years": {"1993": 1}, "citations_years": {"1996": 1, "1997": 0, "1998": 0, "1999": 0, "2000": 0, "2001": 0, "2002": 2, "2003": 0, "2004": 0, "2005": 0, "2006": 1, "2007": 0, "2008": 0, "2009": 0, "2010": 0, "2011": 0, "2012": 0, "2013": 1}, "old_citations": {"1993": 5}, "isVisible": false}, "2432191202": {"name": "b meyer", "type": "author", "activity": 0, "h_index": 0, "h5_index": 0, "mag_id": "2432191202", "num_publications": 1, "num_citations": 0, "num_publications_5y": 0, "num_citations_5y": 0, "num_publications_10y": 0, "num_citations_10y": 0, "publications_years": {"1994": 1}, "citations_years": {}, "old_citations": {"1994": 4}, "isVisible": false}, "2463867373": {"name": "sanjay gupta", "type": "author", "activity": 9, "h_index": 2, "h5_index": 0, "mag_id": "2463867373", "num_publications": 1, "num_citations": 6, "num_publications_5y": 0, "num_citations_5y": 0, "num_publications_10y": 0, "num_citations_10y": 0, "publications_years": {"1993": 1}, "citations_years": {"1996": 1, "1997": 0, "1998": 2, "1999": 0, "2000": 0, "2001": 1, "2002": 1, "2003": 1}, "old_citations": {"1993": 6}, "isVisible": false}, "2563547074": {"name": "chihlong lin", "type": "author", "activity": 0, "h_index": 0, "h5_index": 0, "mag_id": "2563547074", "num_publications": 1, "num_citations": 0, "num_publications_5y": 0, "num_citations_5y": 0, "num_publications_10y": 0, "num_citations_10y": 0, "publications_years": {"1995": 1}, "citations_years": {}, "old_citations": {"1995": 1}, "isVisible": false}, "2640482804": {"name": "chihlong lin", "type": "author", "activity": 1, "h_index": 1, "h5_index": 0, "mag_id": "2640482804", "num_publications": 1, "num_citations": 4, "num_publications_5y": 0, "num_citations_5y": 0, "num_publications_10y": 0, "num_citations_10y": 2, "publications_years": {"1995": 1}, "citations_years": {"1999": 1, "2000": 0, "2001": 0, "2002": 1, "2003": 0, "2004": 0, "2005": 0, "2006": 0, "2007": 0, "2008": 0, "2009": 0, "2010": 0, "2011": 2}, "old_citations": {"1995": 4}, "isVisible": false}, "2651341519": {"name": "r s rubinstein", "type": "author", "activity": 0, "h_index": 0, "h5_index": 0, "mag_id": "2651341519", "num_publications": 1, "num_citations": 0, "num_publications_5y": 0, "num_citations_5y": 0, "num_publications_10y": 0, "num_citations_10y": 0, "publications_years": {"1990": 1}, "citations_years": {}, "old_citations": {"1990": 1}, "isVisible": false}, "2667913226": {"name": "a berthiaume", "type": "author", "activity": 1, "h_index": 1, "h5_index": 0, "mag_id": "2667913226", "num_publications": 1, "num_citations": 69, "num_publications_5y": 0, "num_citations_5y": 5, "num_publications_10y": 0, "num_citations_10y": 8, "publications_years": {"1992": 1}, "citations_years": {"1992": 1, "1993": 3, "1994": 5, "1995": 3, "1996": 6, "1997": 9, "1998": 4, "1999": 5, "2000": 4, "2001": 4, "2002": 2, "2003": 5, "2004": 5, "2005": 3, "2006": 1, "2007": 0, "2008": 0, "2009": 0, "2010": 0, "2011": 2, "2012": 1, "2013": 0, "2014": 0, "2015": 2, "2016": 0, "2017": 0, "2018": 3, "2019": 1}, "old_citations": {"1992": 69}, "isVisible": false}, "2668352525": {"name": "v vinay", "type": "author", "activity": 1, "h_index": 1, "h5_index": 0, "mag_id": "2668352525", "num_publications": 1, "num_citations": 4, "num_publications_5y": 0, "num_citations_5y": 4, "num_publications_10y": 0, "num_citations_10y": 4, "publications_years": {"1991": 1}, "citations_years": {"2015": 2, "2016": 1, "2017": 0, "2018": 1}, "old_citations": {"1991": 4}, "isVisible": false}, "2696528752": {"name": "k v subrahmanyam", "type": "author", "activity": 1, "h_index": 1, "h5_index": 0, "mag_id": "2696528752", "num_publications": 1, "num_citations": 4, "num_publications_5y": 0, "num_citations_5y": 0, "num_publications_10y": 0, "num_citations_10y": 0, "publications_years": {"1992": 1}, "citations_years": {"1995": 1, "1996": 1, "1997": 1, "1998": 0, "1999": 0, "2000": 1}, "old_citations": {"1992": 4}, "isVisible": false}, "2779260189": {"name": "naomi nishimura", "type": "author", "activity": 4, "h_index": 2, "h5_index": 0, "mag_id": "2779260189", "num_publications": 1, "num_citations": 5, "num_publications_5y": 0, "num_citations_5y": 0, "num_publications_10y": 0, "num_citations_10y": 1, "publications_years": {"1993": 1}, "citations_years": {"1996": 1, "1997": 0, "1998": 0, "1999": 0, "2000": 0, "2001": 0, "2002": 2, "2003": 0, "2004": 0, "2005": 0, "2006": 1, "2007": 0, "2008": 0, "2009": 0, "2010": 0, "2011": 0, "2012": 0, "2013": 1}, "old_citations": {"1993": 5}, "isVisible": false}, "2937144568": {"name": "a condon", "type": "author", "activity": 1, "h_index": 1, "h5_index": 0, "mag_id": "2937144568", "num_publications": 1, "num_citations": 12, "num_publications_5y": 0, "num_citations_5y": 0, "num_publications_10y": 0, "num_citations_10y": 1, "publications_years": {"1990": 1}, "citations_years": {"1991": 1, "1992": 1, "1993": 0, "1994": 0, "1995": 0, "1996": 0, "1997": 0, "1998": 0, "1999": 0, "2000": 0, "2001": 1, "2002": 1, "2003": 2, "2004": 2, "2005": 0, "2006": 1, "2007": 0, "2008": 2, "2009": 0, "2010": 1}, "old_citations": {"1990": 12}, "isVisible": false}, "2939594347": {"name": "r j lipton", "type": "author", "activity": 1, "h_index": 1, "h5_index": 0, "mag_id": "2939594347", "num_publications": 1, "num_citations": 12, "num_publications_5y": 0, "num_citations_5y": 0, "num_publications_10y": 0, "num_citations_10y": 1, "publications_years": {"1990": 1}, "citations_years": {"1991": 1, "1992": 1, "1993": 0, "1994": 0, "1995": 0, "1996": 0, "1997": 0, "1998": 0, "1999": 0, "2000": 0, "2001": 1, "2002": 1, "2003": 2, "2004": 2, "2005": 0, "2006": 1, "2007": 0, "2008": 2, "2009": 0, "2010": 1}, "old_citations": {"1990": 12}, "isVisible": false}, "2946342955": {"name": "maciej liskiewicz", "type": "author", "activity": 12, "h_index": 1, "h5_index": 0, "mag_id": "2946342955", "num_publications": 1, "num_citations": 6, "num_publications_5y": 0, "num_citations_5y": 1, "num_publications_10y": 0, "num_citations_10y": 1, "publications_years": {"1994": 1}, "citations_years": {"1995": 2, "1996": 0, "1997": 0, "1998": 1, "1999": 0, "2000": 0, "2001": 0, "2002": 1, "2003": 0, "2004": 0, "2005": 0, "2006": 0, "2007": 0, "2008": 1, "2009": 0, "2010": 0, "2011": 0, "2012": 0, "2013": 0, "2014": 1}, "old_citations": {"1994": 6}, "isVisible": false}, "2951788904": {"name": "m ogiwara", "type": "author", "activity": 0, "h_index": 0, "h5_index": 0, "mag_id": "2951788904", "num_publications": 1, "num_citations": 0, "num_publications_5y": 0, "num_citations_5y": 0, "num_publications_10y": 0, "num_citations_10y": 0, "publications_years": {"1993": 1}, "citations_years": {}, "old_citations": {"1993": 23}, "isVisible": false}, "2954024515": {"name": "j ramachandran", "type": "author", "activity": 1, "h_index": 0, "h5_index": 0, "mag_id": "2954024515", "num_publications": 1, "num_citations": 0, "num_publications_5y": 0, "num_citations_5y": 0, "num_publications_10y": 0, "num_citations_10y": 0, "publications_years": {"1992": 1}, "citations_years": {}, "old_citations": {"1992": 0}, "isVisible": false}, "2973496275": {"name": "m ogiwara", "type": "author", "activity": 1, "h_index": 1, "h5_index": 0, "mag_id": "2973496275", "num_publications": 1, "num_citations": 55, "num_publications_5y": 0, "num_citations_5y": 1, "num_publications_10y": 0, "num_citations_10y": 4, "publications_years": {"1992": 1}, "citations_years": {"1991": 1, "1992": 3, "1993": 6, "1994": 11, "1995": 8, "1996": 4, "1997": 2, "1998": 2, "1999": 3, "2000": 3, "2001": 0, "2002": 1, "2003": 0, "2004": 1, "2005": 3, "2006": 1, "2007": 1, "2008": 0, "2009": 1, "2010": 0, "2011": 1, "2012": 1, "2013": 0, "2014": 0, "2015": 0, "2016": 1, "2017": 0, "2018": 0, "2019": 0, "2020": 1}, "old_citations": {"1992": 55}, "isVisible": false}, "2973628959": {"name": "s gupta", "type": "author", "activity": 0, "h_index": 0, "h5_index": 0, "mag_id": "2973628959", "num_publications": 1, "num_citations": 0, "num_publications_5y": 0, "num_citations_5y": 0, "num_publications_10y": 0, "num_citations_10y": 0, "publications_years": {"1991": 1}, "citations_years": {}, "old_citations": {"1991": 18}, "isVisible": false}, "2974398443": {"name": "j l balcazar", "type": "author", "activity": 1, "h_index": 1, "h5_index": 0, "mag_id": "2974398443", "num_publications": 1, "num_citations": 6, "num_publications_5y": 0, "num_citations_5y": 0, "num_publications_10y": 0, "num_citations_10y": 0, "publications_years": {"1991": 1}, "citations_years": {"1994": 1, "1995": 1, "1996": 2, "1997": 0, "1998": 0, "1999": 1, "2000": 0, "2001": 0, "2002": 0, "2003": 1}, "old_citations": {"1991": 6}, "isVisible": false}, "2983593178": {"name": "s saluja", "type": "author", "activity": 1, "h_index": 1, "h5_index": 0, "mag_id": "2983593178", "num_publications": 1, "num_citations": 4, "num_publications_5y": 0, "num_citations_5y": 0, "num_publications_10y": 0, "num_citations_10y": 0, "publications_years": {"1992": 1}, "citations_years": {"1995": 1, "1996": 1, "1997": 1, "1998": 0, "1999": 0, "2000": 1}, "old_citations": {"1992": 4}, "isVisible": false}}, "countries": {"United States": {"name": "United States", "type": "country", "h5_index": 308, "num_publications": 21, "num_citations": 523, "num_publications_5y": 0, "num_citations_5y": 81, "num_publications_10y": 0, "num_citations_10y": 230, "publications_years": {"1991": 5, "1993": 4, "1990": 3, "1994": 2, "1992": 3, "1995": 4}, "citations_years": {"1997": 5, "1999": 13, "2000": 10, "2001": 10, "2002": 12, "2003": 14, "2004": 16, "2005": 15, "2006": 26, "2007": 34, "1994": 22, "1995": 13, "1996": 10, "1998": 11, "2008": 33, "2009": 27, "2010": 31, "2011": 31, "2012": 31, "2013": 29, "2014": 25, "2015": 19, "2016": 17, "2017": 9, "2018": 11, "2019": 15, "2020": 4, "1991": 9, "1992": 11, "1993": 9, "1990": 1}, "old_citations": {"1991": 174, "1993": 117, "1990": 16, "1994": 153, "1992": 67, "1995": 192}, "isVisible": false}, "Canada": {"name": "Canada", "type": "country", "h5_index": 128, "num_publications": 2, "num_citations": 16, "num_publications_5y": 0, "num_citations_5y": 0, "num_publications_10y": 0, "num_citations_10y": 3, "publications_years": {"1991": 1, "1993": 1}, "citations_years": {"1993": 1, "1994": 0, "1995": 1, "1996": 1, "1997": 2, "1998": 1, "1999": 0, "2000": 0, "2001": 0, "2002": 2, "2003": 0, "2004": 0, "2005": 2, "2006": 1, "2007": 2, "2008": 0, "2009": 0, "2010": 1, "2011": 0, "2012": 0, "2013": 2}, "old_citations": {"1991": 11, "1993": 5}, "isVisible": false}, "Israel": {"name": "Israel", "type": "country", "h5_index": 110, "num_publications": 2, "num_citations": 5, "num_publications_5y": 0, "num_citations_5y": 2, "num_publications_10y": 0, "num_citations_10y": 2, "publications_years": {"1990": 2}, "citations_years": {"1992": 1, "1993": 0, "1994": 0, "1995": 0, "1996": 0, "1997": 0, "1998": 0, "1999": 0, "2000": 0, "2001": 0, "2002": 0, "2003": 0, "2004": 0, "2005": 0, "2006": 1, "2007": 1, "2008": 0, "2009": 0, "2010": 0, "2011": 0, "2012": 0, "2013": 0, "2014": 0, "2015": 0, "2016": 0, "2017": 2}, "old_citations": {"1990": 15}, "isVisible": false}, "Japan": {"name": "Japan", "type": "country", "h5_index": 94, "num_publications": 2, "num_citations": 16, "num_publications_5y": 0, "num_citations_5y": 0, "num_publications_10y": 0, "num_citations_10y": 0, "publications_years": {"1994": 1, "1991": 1}, "citations_years": {"1992": 5, "1993": 2, "1994": 3, "1995": 0, "1996": 1, "1997": 2, "1998": 0, "1999": 0, "2000": 0, "2001": 0, "2002": 0, "2003": 0, "2004": 0, "2005": 1, "2006": 0, "2007": 0, "2008": 2}, "old_citations": {"1994": 4, "1991": 16}, "isVisible": false}, "France": {"name": "France", "type": "country", "h5_index": 99, "num_publications": 1, "num_citations": 0, "num_publications_5y": 0, "num_citations_5y": 0, "num_publications_10y": 0, "num_citations_10y": 0, "publications_years": {"1992": 1}, "citations_years": {}, "old_citations": {"1992": 32}, "isVisible": false}, "Germany": {"name": "Germany", "type": "country", "h5_index": 139, "num_publications": 1, "num_citations": 0, "num_publications_5y": 0, "num_citations_5y": 0, "num_publications_10y": 0, "num_citations_10y": 0, "publications_years": {"1995": 1}, "citations_years": {}, "old_citations": {"1995": 10}, "isVisible": false}, "Hungary": {"name": "Hungary", "type": "country", "h5_index": 28, "num_publications": 1, "num_citations": 33, "num_publications_5y": 0, "num_citations_5y": 4, "num_publications_10y": 0, "num_citations_10y": 10, "publications_years": {"1990": 1}, "citations_years": {"1990": 3, "1991": 1, "1992": 4, "1993": 4, "1994": 4, "1995": 1, "1996": 0, "1997": 1, "1998": 0, "1999": 0, "2000": 0, "2001": 0, "2002": 0, "2003": 0, "2004": 2, "2005": 0, "2006": 2, "2007": 0, "2008": 1, "2009": 1, "2010": 0, "2011": 1, "2012": 1, "2013": 3, "2014": 1, "2015": 0, "2016": 1, "2017": 1, "2018": 1}, "old_citations": {"1990": 33}, "isVisible": false}, "India": {"name": "India", "type": "country", "h5_index": 78, "num_publications": 1, "num_citations": 4, "num_publications_5y": 0, "num_citations_5y": 0, "num_publications_10y": 0, "num_citations_10y": 0, "publications_years": {"1992": 1}, "citations_years": {"1995": 1, "1996": 1, "1997": 1, "1998": 0, "1999": 0, "2000": 1}, "old_citations": {"1992": 4}, "isVisible": false}, "Netherlands": {"name": "Netherlands", "type": "country", "h5_index": 91, "num_publications": 1, "num_citations": 35, "num_publications_5y": 0, "num_citations_5y": 0, "num_publications_10y": 0, "num_citations_10y": 3, "publications_years": {"1993": 1}, "citations_years": {"1993": 1, "1994": 5, "1995": 8, "1996": 5, "1997": 2, "1998": 3, "1999": 2, "2000": 0, "2001": 0, "2002": 0, "2003": 0, "2004": 1, "2005": 2, "2006": 1, "2007": 1, "2008": 0, "2009": 1, "2010": 1, "2011": 0, "2012": 1, "2013": 0, "2014": 0, "2015": 0, "2016": 0, "2017": 0, "2018": 0, "2019": 1}, "old_citations": {"1993": 35}, "isVisible": false}}}, "conference_comparison": {"computer science": {}}, "topics_dna": {"publications": {}, "citations": {"normalized": {}, "average": {}}}, "info": {"num_publications": 57, "num_citations": 1253.0, "impact_factor": {"1992": 1.3529411764705883, "1993": 1.1333333333333333, "1994": 2.4545454545454546, "1995": 1.3333333333333333}, "publications_years": {"1991": 12, "1990": 11, "1993": 9, "1994": 9, "1995": 9, "1992": 7}, "citations_years": {"1990": 6, "1991": 12, "1992": 27, "1993": 27, "1994": 53, "1995": 40, "1996": 34, "1997": 37, "1998": 32, "1999": 28, "2000": 22, "2001": 24, "2002": 19, "2003": 30, "2004": 30, "2005": 36, "2006": 45, "2007": 46, "2008": 47, "2009": 32, "2010": 39, "2011": 44, "2012": 39, "2013": 42, "2014": 36, "2015": 27, "2016": 26, "2017": 13, "2018": 20, "2019": 21, "2020": 5}, "old_citations": {"1991": 236, "1990": 109, "1993": 183, "1994": 261, "1995": 265, "1992": 199}, "h5_index": 0}, "percentile": {"computer science": {"1991": 97, "1990": 96, "1993": 96, "1994": 98, "1995": 98, "1992": 98}}, "conference_ranking": {"computer science": {"1991": 109, "1990": 133, "1993": 139, "1994": 69, "1995": 74, "1992": 57}}, "academia": {"num_publications": 31, "num_citations": 852, "publications_years": {"1990": 6, "1991": 7, "1992": 4, "1993": 6, "1994": 3, "1995": 5}, "old_citations": {"1990": 64, "1991": 201, "1992": 71, "1993": 157, "1994": 157, "1995": 202}, "num_publications_5y": 0, "num_citations_5y": 0, "num_publications_10y": 0, "num_citations_10y": 0}, "industry": {"num_publications": 0, "num_citations": 0, "publications_years": {}, "old_citations": {}, "num_publications_5y": 0, "num_citations_5y": 0, "num_publications_10y": 0, "num_citations_10y": 0}, "collaborative": {"num_publications": 0, "num_citations": 0, "publications_years": {}, "old_citations": {}, "num_publications_5y": 0, "num_citations_5y": 0, "num_publications_10y": 0, "num_citations_10y": 0}, "conferences": {}, "journals": {}, "organizations": {"publication_overall": ["Princeton University", "State University of New York", "The Ohio State University", "University of California, San Diego", "University of Rochester", "Tokyo Institute of Technology", "E\u00f6tv\u00f6s Lor\u00e1nd University", "French Institute for Research in Computer Science and Automation", "Hebrew University of Jerusalem", "Iowa State University", "Massachusetts Institute of Technology", "Syracuse University", "Tata Institute of Fundamental Research", "Technion \u2013 Israel Institute of Technology", "University of Amsterdam", "University of Southern Maine", "University of Toronto", "University of Ulm", "York University"], "citation_overall": ["University of California, San Diego", "Princeton University", "Massachusetts Institute of Technology", "University of Rochester", "University of Southern Maine", "State University of New York", "University of Amsterdam", "E\u00f6tv\u00f6s Lor\u00e1nd University", "French Institute for Research in Computer Science and Automation", "The Ohio State University", "Tokyo Institute of Technology", "University of Toronto", "Technion \u2013 Israel Institute of Technology", "University of Ulm", "Hebrew University of Jerusalem", "York University", "Tata Institute of Fundamental Research", "Syracuse University", "Iowa State University"], "publication_10_years": [], "citation_10_years": [], "publication_5_years": [], "citation_5_years": []}, "countries": {"publication_overall": ["United States", "Canada", "Israel", "Japan", "France", "Germany", "Hungary", "India", "Netherlands"], "citation_overall": ["United States", "Netherlands", "Hungary", "France", "Japan", "Canada", "Israel", "Germany", "India"], "publication_10_years": [], "citation_10_years": [], "publication_5_years": [], "citation_5_years": []}, "topics": {"publication_overall": ["computer science", "computer systems", "theoretical computer science", "computer networks", "formal languages and automata theory", "computer hardware", "graph theory", "automata theory", "mathematics", "artificial intelligence", "computer programming", "computer programming languages", "computer security", "polynomial approximation", "turing machines", "cryptography", "cryptology", "microprocessor chips", "network security", "complexity class"], "citation_overall": ["computer science", "theoretical computer science", "computer networks", "graph theory", "computer systems", "mathematics", "computer hardware", "artificial intelligence", "computer security", "formal languages and automata theory", "cryptography", "cryptology", "network security", "automata theory", "computer programming", "software design", "software engineering", "computer programming languages", "turing machines", "software architecture"], "publication_10_years": [], "citation_10_years": [], "publication_5_years": [], "citation_5_years": []}, "main_topics": ["computer science"], "authors": {"publication_overall": ["2063601474", "2115541029", "2135939770", "2984027855", "59446286", "163123250", "227075345", "1985006651", "2036035498", "2046910851", "2060639966", "2104723044", "2248806885", "2253347400", "2276785809", "2307024348", "2577298345", "19031441", "31335080", "80220757", "152493642", "172400696", "204841444", "245380465", "307687659", "324740313", "368308055", "405514873", "428893813", "672946669", "681817647", "889684952", "1482108584", "1750905350", "1792151391", "1970575723", "1983273066", "1985613105", "1995245898", "2024860705", "2041502760", "2046237863", "2076655186", "2088000343", "2088166175", "2089811026", "2092577353", "2096418959", "2115119778", "2123469741", "2127096566", "2135733842", "2136940294", "2143211455", "2162785886", "2167404190", "2167932487", "2193688032", "2196608369", "2198960452", "2220829341", "2227599652", "2229072615", "2233365195", "2260560319", "2310755670", "2323857954", "2432191202", "2463867373", "2563547074", "2640482804", "2651341519", "2667913226", "2668352525", "2696528752", "2779260189", "2937144568", "2939594347", "2946342955", "2951788904", "2954024515", "2973496275", "2973628959", "2974398443", "2983593178"], "citation_overall": ["59446286", "80220757", "2220829341", "163123250", "2307024348", "2115541029", "672946669", "2063601474", "2984027855", "2276785809", "2041502760", "2667913226", "1482108584", "2135939770", "2136940294", "2196608369", "2233365195", "2973496275", "227075345", "368308055", "2167404190", "2167932487", "2036035498", "2227599652", "1750905350", "2046910851", "152493642", "172400696", "889684952", "1970575723", "2088166175", "2229072615", "1792151391", "2253347400", "31335080", "1983273066", "2096418959", "2310755670", "2951788904", "2973628959", "681817647", "2092577353", "2104723044", "2115119778", "2248806885", "2046237863", "324740313", "1985613105", "2135733842", "2937144568", "2939594347", "2127096566", "245380465", "307687659", "1995245898", "2089811026", "2024860705", "2463867373", "2946342955", "2974398443", "19031441", "405514873", "428893813", "2088000343", "2323857954", "2779260189", "2198960452", "2432191202", "2640482804", "2668352525", "2696528752", "2983593178", "2060639966", "2260560319", "2143211455", "2162785886", "2193688032", "2563547074", "2651341519", "204841444", "1985006651", "2076655186", "2123469741", "2577298345", "2954024515"], "publication_10_years": [], "citation_10_years": [], "publication_5_years": [], "citation_5_years": []}, "industrial_sectors": {"publication_overall": [], "citation_overall": [], "publication_10_years": [], "citation_10_years": [], "publication_5_years": [], "citation_5_years": []}}