{"name": "Advances in Model-Based Software Testing", "acronym": "A-MOST", "type": "conference", "uniqueEntities": {"organizations": {"Graz University of Technology": {"name": "Graz University of Technology", "type": "organization", "organization_type": "Education", "h_index": 133, "h5_index": 41, "num_publications": 3, "num_citations": 41, "num_publications_5y": 0, "num_citations_5y": 5, "num_publications_10y": 0, "num_citations_10y": 26, "publications_years": {"2007": 3}, "citations_years": {"2007": 5, "2008": 8, "2009": 13, "2010": 4, "2011": 2, "2012": 1, "2013": 1, "2014": 1, "2015": 1, "2016": 1, "2017": 0, "2018": 2, "2019": 2}, "old_citations": {"2007": 41}, "isVisible": false}, "George Mason University": {"name": "George Mason University", "type": "organization", "organization_type": "Education", "h_index": 155, "h5_index": 33, "num_publications": 2, "num_citations": 55, "num_publications_5y": 0, "num_citations_5y": 13, "num_publications_10y": 0, "num_citations_10y": 44, "publications_years": {"2007": 1, "2005": 1}, "citations_years": {"2007": 4, "2008": 5, "2009": 9, "2010": 5, "2011": 5, "2012": 6, "2013": 6, "2014": 4, "2015": 2, "2016": 3, "2017": 3, "2018": 1, "2019": 1, "2020": 1}, "old_citations": {"2007": 13, "2005": 42}, "isVisible": false}, "Microsoft (United States)": {"name": "Microsoft (United States)", "type": "organization", "organization_type": "Company", "h_index": 460, "h5_index": 116, "num_publications": 2, "num_citations": 40, "num_publications_5y": 0, "num_citations_5y": 11, "num_publications_10y": 0, "num_citations_10y": 34, "publications_years": {"2005": 1, "2007": 1}, "citations_years": {"2005": 2, "2006": 0, "2007": 2, "2008": 2, "2009": 3, "2010": 3, "2011": 2, "2012": 12, "2013": 3, "2014": 2, "2015": 3, "2016": 1, "2017": 3, "2018": 2}, "old_citations": {"2005": 14, "2007": 26}, "isVisible": false}, "University of Franche-Comt\u00e9": {"name": "University of Franche-Comt\u00e9", "type": "organization", "organization_type": "Education", "h_index": 37, "h5_index": 9, "num_publications": 2, "num_citations": 43, "num_publications_5y": 0, "num_citations_5y": 10, "num_publications_10y": 0, "num_citations_10y": 30, "publications_years": {"2007": 1, "2005": 1}, "citations_years": {"2008": 7, "2009": 7, "2010": 4, "2011": 4, "2012": 4, "2013": 1, "2014": 2, "2015": 0, "2016": 2, "2006": 1, "2007": 4, "2017": 4, "2018": 2, "2019": 1}, "old_citations": {"2007": 8, "2005": 35}, "isVisible": false}, "Xerox (France)": {"name": "Xerox (France)", "type": "organization", "organization_type": "Company", "h_index": 166, "h5_index": 21, "num_publications": 2, "num_citations": 41, "num_publications_5y": 0, "num_citations_5y": 12, "num_publications_10y": 0, "num_citations_10y": 32, "publications_years": {"2005": 2}, "citations_years": {"2006": 1, "2007": 2, "2008": 4, "2009": 7, "2005": 1, "2010": 1, "2011": 4, "2012": 7, "2013": 1, "2014": 4, "2015": 4, "2016": 1, "2017": 2, "2018": 1, "2019": 1}, "old_citations": {"2005": 41}, "isVisible": false}, "Alcatel-Lucent (France)": {"name": "Alcatel-Lucent (France)", "type": "organization", "organization_type": "Company", "h_index": 204, "h5_index": 14, "num_publications": 1, "num_citations": 69, "num_publications_5y": 0, "num_citations_5y": 24, "num_publications_10y": 0, "num_citations_10y": 62, "publications_years": {"2007": 1}, "citations_years": {"2008": 2, "2009": 9, "2010": 9, "2011": 5, "2012": 8, "2013": 7, "2014": 2, "2015": 7, "2016": 7, "2017": 5, "2018": 3, "2019": 3, "2020": 2}, "old_citations": {"2007": 69}, "isVisible": false}, "Arizona State University": {"name": "Arizona State University", "type": "organization", "organization_type": "Education", "h_index": 169, "h5_index": 56, "num_publications": 1, "num_citations": 54, "num_publications_5y": 0, "num_citations_5y": 17, "num_publications_10y": 0, "num_citations_10y": 40, "publications_years": {"2005": 1}, "citations_years": {"2005": 1, "2006": 2, "2007": 1, "2008": 6, "2009": 10, "2010": 1, "2011": 4, "2012": 3, "2013": 5, "2014": 4, "2015": 3, "2016": 2, "2017": 5, "2018": 3, "2019": 2, "2020": 2}, "old_citations": {"2005": 54}, "isVisible": false}, "Chinese University of Hong Kong": {"name": "Chinese University of Hong Kong", "type": "organization", "organization_type": "Education", "h_index": 190, "h5_index": 79, "num_publications": 1, "num_citations": 53, "num_publications_5y": 0, "num_citations_5y": 30, "num_publications_10y": 0, "num_citations_10y": 44, "publications_years": {"2005": 1}, "citations_years": {"2007": 3, "2008": 0, "2009": 2, "2010": 1, "2011": 1, "2012": 6, "2013": 4, "2014": 6, "2015": 8, "2016": 5, "2017": 7, "2018": 4, "2019": 6}, "old_citations": {"2005": 53}, "isVisible": false}, "Gemalto (Israel)": {"name": "Gemalto (Israel)", "type": "organization", "organization_type": "Company", "h_index": 31, "h5_index": 6, "num_publications": 1, "num_citations": 8, "num_publications_5y": 0, "num_citations_5y": 1, "num_publications_10y": 0, "num_citations_10y": 6, "publications_years": {"2007": 1}, "citations_years": {"2008": 2, "2009": 2, "2010": 1, "2011": 1, "2012": 1, "2013": 0, "2014": 0, "2015": 0, "2016": 1}, "old_citations": {"2007": 8}, "isVisible": false}, "General Motors (India)": {"name": "General Motors (India)", "type": "organization", "organization_type": "Company", "h_index": 15, "h5_index": 0, "num_publications": 1, "num_citations": 9, "num_publications_5y": 0, "num_citations_5y": 1, "num_publications_10y": 0, "num_citations_10y": 9, "publications_years": {"2007": 1}, "citations_years": {"2009": 3, "2010": 4, "2011": 1, "2012": 0, "2013": 0, "2014": 1}, "old_citations": {"2007": 9}, "isVisible": false}, "IBM (United States)": {"name": "IBM (United States)", "type": "organization", "organization_type": "Company", "h_index": 421, "h5_index": 72, "num_publications": 1, "num_citations": 19, "num_publications_5y": 0, "num_citations_5y": 5, "num_publications_10y": 0, "num_citations_10y": 11, "publications_years": {"2005": 1}, "citations_years": {"2006": 4, "2007": 2, "2008": 2, "2009": 3, "2010": 1, "2011": 0, "2012": 2, "2013": 0, "2014": 1, "2015": 2, "2016": 1, "2017": 0, "2018": 1}, "old_citations": {"2005": 19}, "isVisible": false}, "Illinois Institute of Technology": {"name": "Illinois Institute of Technology", "type": "organization", "organization_type": "Education", "h_index": 111, "h5_index": 28, "num_publications": 1, "num_citations": 69, "num_publications_5y": 0, "num_citations_5y": 24, "num_publications_10y": 0, "num_citations_10y": 62, "publications_years": {"2007": 1}, "citations_years": {"2008": 2, "2009": 9, "2010": 9, "2011": 5, "2012": 8, "2013": 7, "2014": 2, "2015": 7, "2016": 7, "2017": 5, "2018": 3, "2019": 3, "2020": 2}, "old_citations": {"2007": 69}, "isVisible": false}, "Mohammad Ali Jinnah University": {"name": "Mohammad Ali Jinnah University", "type": "organization", "organization_type": "Education", "h_index": 24, "h5_index": 7, "num_publications": 1, "num_citations": 50, "num_publications_5y": 0, "num_citations_5y": 17, "num_publications_10y": 0, "num_citations_10y": 42, "publications_years": {"2007": 1}, "citations_years": {"2007": 1, "2008": 4, "2009": 7, "2010": 3, "2011": 7, "2012": 8, "2013": 0, "2014": 5, "2015": 3, "2016": 5, "2017": 4, "2018": 0, "2019": 3}, "old_citations": {"2007": 50}, "isVisible": false}, "Murdoch University": {"name": "Murdoch University", "type": "organization", "organization_type": "Education", "h_index": 39, "h5_index": 14, "num_publications": 1, "num_citations": 0, "num_publications_5y": 0, "num_citations_5y": 0, "num_publications_10y": 1, "num_citations_10y": 0, "publications_years": {"2011": 1}, "citations_years": {}, "old_citations": {"2011": 0}, "isVisible": false}, "National Scientific and Technical Research Council": {"name": "National Scientific and Technical Research Council", "type": "organization", "organization_type": "Government", "h_index": 46, "h5_index": 21, "num_publications": 1, "num_citations": 26, "num_publications_5y": 0, "num_citations_5y": 7, "num_publications_10y": 0, "num_citations_10y": 24, "publications_years": {"2007": 1}, "citations_years": {"2008": 2, "2009": 2, "2010": 2, "2011": 1, "2012": 10, "2013": 2, "2014": 1, "2015": 2, "2016": 1, "2017": 3}, "old_citations": {"2007": 26}, "isVisible": false}, "Naval Postgraduate School": {"name": "Naval Postgraduate School", "type": "organization", "organization_type": "Education", "h_index": 79, "h5_index": 12, "num_publications": 1, "num_citations": 26, "num_publications_5y": 0, "num_citations_5y": 1, "num_publications_10y": 0, "num_citations_10y": 14, "publications_years": {"2005": 1}, "citations_years": {"2005": 1, "2006": 2, "2007": 2, "2008": 5, "2009": 5, "2010": 1, "2011": 4, "2012": 2, "2013": 1, "2014": 1, "2015": 0, "2016": 0, "2017": 0, "2018": 0, "2019": 2}, "old_citations": {"2005": 26}, "isVisible": false}, "North Carolina State University": {"name": "North Carolina State University", "type": "organization", "organization_type": "Education", "h_index": 186, "h5_index": 36, "num_publications": 1, "num_citations": 14, "num_publications_5y": 0, "num_citations_5y": 4, "num_publications_10y": 0, "num_citations_10y": 10, "publications_years": {"2005": 1}, "citations_years": {"2005": 2, "2006": 0, "2007": 2, "2008": 0, "2009": 1, "2010": 1, "2011": 1, "2012": 2, "2013": 1, "2014": 1, "2015": 1, "2016": 0, "2017": 0, "2018": 2}, "old_citations": {"2005": 14}, "isVisible": false}, "Research Triangle Park Foundation": {"name": "Research Triangle Park Foundation", "type": "organization", "organization_type": "Nonprofit", "h_index": 101, "h5_index": 13, "num_publications": 1, "num_citations": 4, "num_publications_5y": 0, "num_citations_5y": 1, "num_publications_10y": 0, "num_citations_10y": 4, "publications_years": {"2005": 1}, "citations_years": {"2009": 1, "2010": 2, "2011": 0, "2012": 0, "2013": 0, "2014": 0, "2015": 1}, "old_citations": {"2005": 4}, "isVisible": false}, "University College Dublin": {"name": "University College Dublin", "type": "organization", "organization_type": "Education", "h_index": 102, "h5_index": 26, "num_publications": 1, "num_citations": 8, "num_publications_5y": 0, "num_citations_5y": 0, "num_publications_10y": 0, "num_citations_10y": 4, "publications_years": {"2005": 1}, "citations_years": {"2006": 2, "2007": 0, "2008": 2, "2009": 1, "2010": 0, "2011": 1, "2012": 1, "2013": 1}, "old_citations": {"2005": 8}, "isVisible": false}, "University of California, Irvine": {"name": "University of California, Irvine", "type": "organization", "organization_type": "Education", "h_index": 214, "h5_index": 50, "num_publications": 1, "num_citations": 20, "num_publications_5y": 0, "num_citations_5y": 3, "num_publications_10y": 0, "num_citations_10y": 17, "publications_years": {"2007": 1}, "citations_years": {"2007": 1, "2008": 2, "2009": 6, "2010": 2, "2011": 4, "2012": 0, "2013": 2, "2014": 1, "2015": 0, "2016": 1, "2017": 1}, "old_citations": {"2007": 20}, "isVisible": false}, "University of Kaiserslautern": {"name": "University of Kaiserslautern", "type": "organization", "organization_type": "Education", "h_index": 83, "h5_index": 21, "num_publications": 1, "num_citations": 14, "num_publications_5y": 0, "num_citations_5y": 1, "num_publications_10y": 0, "num_citations_10y": 4, "publications_years": {"2005": 1}, "citations_years": {"2006": 6, "2007": 0, "2008": 4, "2009": 1, "2010": 1, "2011": 0, "2012": 1, "2013": 0, "2014": 1}, "old_citations": {"2005": 14}, "isVisible": false}, "University of Limerick": {"name": "University of Limerick", "type": "organization", "organization_type": "Education", "h_index": 69, "h5_index": 15, "num_publications": 1, "num_citations": 16, "num_publications_5y": 0, "num_citations_5y": 1, "num_publications_10y": 0, "num_citations_10y": 12, "publications_years": {"2005": 1}, "citations_years": {"2007": 1, "2008": 3, "2009": 5, "2010": 2, "2011": 2, "2012": 1, "2013": 1, "2014": 0, "2015": 1}, "old_citations": {"2005": 16}, "isVisible": false}, "University of Ottawa": {"name": "University of Ottawa", "type": "organization", "organization_type": "Education", "h_index": 124, "h5_index": 33, "num_publications": 1, "num_citations": 43, "num_publications_5y": 0, "num_citations_5y": 16, "num_publications_10y": 0, "num_citations_10y": 40, "publications_years": {"2007": 1}, "citations_years": {"2008": 2, "2009": 6, "2010": 1, "2011": 7, "2012": 6, "2013": 4, "2014": 5, "2015": 4, "2016": 3, "2017": 2, "2018": 2, "2019": 1}, "old_citations": {"2007": 43}, "isVisible": false}, "University of Potsdam": {"name": "University of Potsdam", "type": "organization", "organization_type": "Education", "h_index": 67, "h5_index": 17, "num_publications": 1, "num_citations": 14, "num_publications_5y": 0, "num_citations_5y": 1, "num_publications_10y": 0, "num_citations_10y": 4, "publications_years": {"2005": 1}, "citations_years": {"2006": 6, "2007": 0, "2008": 4, "2009": 1, "2010": 1, "2011": 0, "2012": 1, "2013": 0, "2014": 1}, "old_citations": {"2005": 14}, "isVisible": false}, "University of Tennessee at Knoxville": {"name": "University of Tennessee at Knoxville", "type": "organization", "organization_type": "Education", "h_index": 125, "h5_index": 29, "num_publications": 1, "num_citations": 4, "num_publications_5y": 0, "num_citations_5y": 0, "num_publications_10y": 0, "num_citations_10y": 1, "publications_years": {"2005": 1}, "citations_years": {"2006": 2, "2007": 1, "2008": 0, "2009": 1}, "old_citations": {"2005": 4}, "isVisible": false}, "University of Wisconsin\u2013Madison": {"name": "University of Wisconsin\u2013Madison", "type": "organization", "organization_type": "Education", "h_index": 261, "h5_index": 43, "num_publications": 1, "num_citations": 0, "num_publications_5y": 1, "num_citations_5y": 0, "num_publications_10y": 1, "num_citations_10y": 0, "publications_years": {"2015": 1}, "citations_years": {}, "old_citations": {"2015": 0}, "isVisible": false}, "\u00c9cole Normale Sup\u00e9rieure": {"name": "\u00c9cole Normale Sup\u00e9rieure", "type": "organization", "organization_type": "Other", "h_index": 189, "h5_index": 38, "num_publications": 1, "num_citations": 0, "num_publications_5y": 0, "num_citations_5y": 0, "num_publications_10y": 0, "num_citations_10y": 0, "publications_years": {"2020": 1}, "citations_years": {}, "old_citations": {"2020": 0}, "isVisible": false}}, "topics": {"computer science": {"name": "computer science", "type": "topic", "h_index": 1779, "h5_index": 416, "num_publications": 34, "num_citations": 699, "num_publications_5y": 0, "num_citations_5y": 193, "num_publications_10y": 0, "num_citations_10y": 552, "publications_years": {"2007": 12, "2005": 17, "1998": 3, "1992": 1, "2020": 1}, "citations_years": {"2007": 28, "2008": 62, "2009": 112, "2010": 54, "2011": 64, "2012": 77, "2013": 52, "2014": 51, "2015": 47, "2016": 36, "2017": 37, "2018": 22, "2019": 26, "2006": 20, "2005": 6, "2020": 5}, "old_citations": {"2007": 362, "2005": 337, "1998": 0, "1992": 0, "2020": 0}, "isVisible": false}, "computer systems": {"name": "computer systems", "type": "topic", "h_index": 1595, "h5_index": 367, "num_publications": 29, "num_citations": 534, "num_publications_5y": 0, "num_citations_5y": 141, "num_publications_10y": 0, "num_citations_10y": 425, "publications_years": {"2007": 11, "2005": 13, "1998": 3, "1992": 1, "2020": 1}, "citations_years": {"2007": 22, "2008": 46, "2009": 86, "2010": 46, "2011": 49, "2012": 57, "2013": 46, "2014": 37, "2015": 34, "2016": 27, "2017": 26, "2018": 17, "2019": 20, "2006": 14, "2005": 4, "2020": 3}, "old_citations": {"2007": 312, "2005": 222, "1998": 0, "1992": 0, "2020": 0}, "isVisible": false}, "software engineering": {"name": "software engineering", "type": "topic", "h_index": 964, "h5_index": 236, "num_publications": 27, "num_citations": 679, "num_publications_5y": 0, "num_citations_5y": 192, "num_publications_10y": 0, "num_citations_10y": 541, "publications_years": {"2005": 15, "2007": 11, "2020": 1}, "citations_years": {"2006": 18, "2007": 27, "2008": 57, "2009": 108, "2010": 54, "2011": 62, "2012": 74, "2013": 51, "2014": 51, "2015": 46, "2016": 36, "2017": 37, "2018": 22, "2005": 6, "2019": 25, "2020": 5}, "old_citations": {"2005": 326, "2007": 353, "2020": 0}, "isVisible": false}, "software design": {"name": "software design", "type": "topic", "h_index": 907, "h5_index": 227, "num_publications": 21, "num_citations": 451, "num_publications_5y": 0, "num_citations_5y": 121, "num_publications_10y": 0, "num_citations_10y": 354, "publications_years": {"2005": 11, "2007": 9, "2020": 1}, "citations_years": {"2006": 16, "2007": 22, "2008": 38, "2009": 71, "2010": 38, "2011": 40, "2012": 47, "2013": 37, "2014": 36, "2015": 28, "2016": 21, "2017": 21, "2018": 15, "2019": 16, "2005": 4, "2020": 1}, "old_citations": {"2005": 217, "2007": 234, "2020": 0}, "isVisible": false}, "artificial intelligence": {"name": "artificial intelligence", "type": "topic", "h_index": 1421, "h5_index": 373, "num_publications": 20, "num_citations": 503, "num_publications_5y": 0, "num_citations_5y": 136, "num_publications_10y": 0, "num_citations_10y": 395, "publications_years": {"2007": 10, "2005": 9, "2020": 1}, "citations_years": {"2007": 18, "2008": 47, "2009": 82, "2010": 38, "2011": 47, "2012": 49, "2013": 43, "2014": 34, "2015": 31, "2016": 25, "2017": 28, "2018": 18, "2019": 22, "2005": 2, "2006": 15, "2020": 4}, "old_citations": {"2007": 289, "2005": 214, "2020": 0}, "isVisible": false}, "computer programming": {"name": "computer programming", "type": "topic", "h_index": 873, "h5_index": 186, "num_publications": 20, "num_citations": 544, "num_publications_5y": 0, "num_citations_5y": 159, "num_publications_10y": 0, "num_citations_10y": 449, "publications_years": {"2007": 9, "2005": 10, "2020": 1}, "citations_years": {"2007": 15, "2008": 39, "2009": 82, "2010": 42, "2011": 55, "2012": 62, "2013": 49, "2014": 42, "2015": 38, "2016": 32, "2017": 31, "2005": 5, "2006": 9, "2018": 16, "2019": 22, "2020": 5}, "old_citations": {"2007": 321, "2005": 223, "2020": 0}, "isVisible": false}, "computer hardware": {"name": "computer hardware", "type": "topic", "h_index": 1150, "h5_index": 279, "num_publications": 19, "num_citations": 447, "num_publications_5y": 0, "num_citations_5y": 122, "num_publications_10y": 0, "num_citations_10y": 354, "publications_years": {"2007": 7, "2005": 10, "1998": 1, "2020": 1}, "citations_years": {"2007": 18, "2008": 40, "2009": 71, "2010": 26, "2011": 45, "2012": 49, "2013": 41, "2014": 35, "2015": 27, "2016": 20, "2017": 26, "2018": 14, "2019": 18, "2006": 12, "2005": 2, "2020": 3}, "old_citations": {"2007": 188, "2005": 259, "1998": 0, "2020": 0}, "isVisible": false}, "engineering": {"name": "engineering", "type": "topic", "h_index": 1177, "h5_index": 287, "num_publications": 18, "num_citations": 335, "num_publications_5y": 0, "num_citations_5y": 91, "num_publications_10y": 0, "num_citations_10y": 259, "publications_years": {"2005": 10, "2007": 5, "1998": 3}, "citations_years": {"2006": 15, "2007": 13, "2008": 26, "2009": 54, "2010": 27, "2011": 27, "2012": 30, "2013": 30, "2014": 23, "2015": 24, "2016": 18, "2017": 13, "2018": 13, "2019": 16, "2005": 4, "2020": 2}, "old_citations": {"2005": 157, "2007": 178, "1998": 0}, "isVisible": false}, "mathematics": {"name": "mathematics", "type": "topic", "h_index": 1364, "h5_index": 300, "num_publications": 18, "num_citations": 440, "num_publications_5y": 0, "num_citations_5y": 139, "num_publications_10y": 1, "num_citations_10y": 354, "publications_years": {"2005": 9, "2007": 6, "1998": 1, "2011": 1, "2020": 1}, "citations_years": {"2006": 8, "2007": 15, "2008": 35, "2009": 66, "2010": 33, "2011": 41, "2012": 48, "2013": 27, "2014": 32, "2015": 37, "2016": 28, "2017": 26, "2018": 16, "2005": 6, "2019": 18, "2020": 4}, "old_citations": {"2005": 227, "2007": 213, "1998": 0, "2011": 0, "2020": 0}, "isVisible": false}, "object oriented programming": {"name": "object oriented programming", "type": "topic", "h_index": 636, "h5_index": 129, "num_publications": 18, "num_citations": 477, "num_publications_5y": 0, "num_citations_5y": 125, "num_publications_10y": 0, "num_citations_10y": 395, "publications_years": {"2007": 9, "2005": 8, "2020": 1}, "citations_years": {"2007": 10, "2008": 39, "2009": 79, "2010": 40, "2011": 53, "2012": 54, "2013": 44, "2014": 35, "2015": 29, "2016": 27, "2017": 24, "2005": 3, "2006": 9, "2018": 10, "2019": 16, "2020": 5}, "old_citations": {"2007": 321, "2005": 156, "2020": 0}, "isVisible": false}, "embedded systems": {"name": "embedded systems", "type": "topic", "h_index": 799, "h5_index": 168, "num_publications": 17, "num_citations": 423, "num_publications_5y": 0, "num_citations_5y": 111, "num_publications_10y": 0, "num_citations_10y": 338, "publications_years": {"2007": 9, "2005": 7, "2020": 1}, "citations_years": {"2007": 18, "2008": 39, "2009": 69, "2010": 36, "2011": 41, "2012": 44, "2013": 37, "2014": 34, "2015": 25, "2016": 19, "2017": 21, "2018": 12, "2006": 10, "2019": 16, "2005": 1, "2020": 1}, "old_citations": {"2007": 234, "2005": 189, "2020": 0}, "isVisible": false}, "software": {"name": "software", "type": "topic", "h_index": 902, "h5_index": 167, "num_publications": 17, "num_citations": 420, "num_publications_5y": 0, "num_citations_5y": 122, "num_publications_10y": 0, "num_citations_10y": 330, "publications_years": {"2005": 11, "2007": 6}, "citations_years": {"2009": 68, "2007": 23, "2008": 35, "2010": 31, "2011": 35, "2012": 49, "2013": 25, "2014": 33, "2015": 27, "2016": 20, "2017": 29, "2018": 13, "2005": 6, "2006": 8, "2019": 15, "2020": 3}, "old_citations": {"2005": 273, "2007": 147}, "isVisible": false}, "software architecture": {"name": "software architecture", "type": "topic", "h_index": 821, "h5_index": 210, "num_publications": 17, "num_citations": 402, "num_publications_5y": 0, "num_citations_5y": 110, "num_publications_10y": 0, "num_citations_10y": 320, "publications_years": {"2005": 8, "2007": 8, "2020": 1}, "citations_years": {"2009": 62, "2010": 30, "2011": 39, "2012": 43, "2013": 36, "2014": 33, "2015": 23, "2007": 19, "2008": 33, "2016": 19, "2017": 21, "2018": 14, "2019": 16, "2005": 4, "2006": 9, "2020": 1}, "old_citations": {"2005": 191, "2007": 211, "2020": 0}, "isVisible": false}, "architecting": {"name": "architecting", "type": "topic", "h_index": 522, "h5_index": 97, "num_publications": 16, "num_citations": 388, "num_publications_5y": 0, "num_citations_5y": 106, "num_publications_10y": 0, "num_citations_10y": 310, "publications_years": {"2005": 7, "2007": 8, "2020": 1}, "citations_years": {"2009": 61, "2010": 29, "2011": 38, "2012": 41, "2013": 35, "2014": 32, "2015": 22, "2007": 17, "2008": 33, "2016": 19, "2017": 21, "2018": 12, "2019": 16, "2006": 9, "2005": 2, "2020": 1}, "old_citations": {"2005": 177, "2007": 211, "2020": 0}, "isVisible": false}, "architecture verification and validation": {"name": "architecture verification and validation", "type": "topic", "h_index": 434, "h5_index": 78, "num_publications": 14, "num_citations": 381, "num_publications_5y": 0, "num_citations_5y": 104, "num_publications_10y": 0, "num_citations_10y": 304, "publications_years": {"2007": 8, "2005": 5, "2020": 1}, "citations_years": {"2007": 17, "2008": 33, "2009": 59, "2010": 27, "2011": 38, "2012": 41, "2013": 35, "2014": 32, "2015": 21, "2016": 18, "2017": 21, "2018": 12, "2019": 16, "2006": 9, "2005": 1, "2020": 1}, "old_citations": {"2007": 211, "2005": 170, "2020": 0}, "isVisible": false}, "model checking": {"name": "model checking", "type": "topic", "h_index": 433, "h5_index": 77, "num_publications": 14, "num_citations": 381, "num_publications_5y": 0, "num_citations_5y": 104, "num_publications_10y": 0, "num_citations_10y": 304, "publications_years": {"2007": 8, "2005": 5, "2020": 1}, "citations_years": {"2007": 17, "2008": 33, "2009": 59, "2010": 27, "2011": 38, "2012": 41, "2013": 35, "2014": 32, "2015": 21, "2016": 18, "2017": 21, "2018": 12, "2019": 16, "2006": 9, "2005": 1, "2020": 1}, "old_citations": {"2007": 211, "2005": 170, "2020": 0}, "isVisible": false}, "field programmable gate arrays (fpga)": {"name": "field programmable gate arrays (fpga)", "type": "topic", "h_index": 594, "h5_index": 149, "num_publications": 13, "num_citations": 320, "num_publications_5y": 0, "num_citations_5y": 75, "num_publications_10y": 0, "num_citations_10y": 260, "publications_years": {"2005": 6, "2007": 6, "2020": 1}, "citations_years": {"2006": 7, "2007": 13, "2008": 29, "2009": 54, "2010": 24, "2011": 38, "2012": 38, "2013": 31, "2014": 25, "2015": 16, "2016": 13, "2017": 14, "2018": 7, "2019": 9, "2005": 1, "2020": 1}, "old_citations": {"2005": 141, "2007": 179, "2020": 0}, "isVisible": false}, "software quality": {"name": "software quality", "type": "topic", "h_index": 534, "h5_index": 122, "num_publications": 13, "num_citations": 350, "num_publications_5y": 0, "num_citations_5y": 105, "num_publications_10y": 0, "num_citations_10y": 291, "publications_years": {"2005": 5, "2007": 7, "2020": 1}, "citations_years": {"2006": 6, "2007": 16, "2008": 23, "2009": 55, "2010": 24, "2011": 33, "2012": 40, "2013": 34, "2014": 31, "2015": 23, "2016": 18, "2017": 21, "2018": 12, "2019": 13, "2020": 1}, "old_citations": {"2005": 152, "2007": 198, "2020": 0}, "isVisible": false}, "verification": {"name": "verification", "type": "topic", "h_index": 381, "h5_index": 85, "num_publications": 13, "num_citations": 350, "num_publications_5y": 0, "num_citations_5y": 105, "num_publications_10y": 0, "num_citations_10y": 291, "publications_years": {"2005": 5, "2007": 7, "2020": 1}, "citations_years": {"2006": 6, "2007": 16, "2008": 23, "2009": 55, "2010": 24, "2011": 33, "2012": 40, "2013": 34, "2014": 31, "2015": 23, "2016": 18, "2017": 21, "2018": 12, "2019": 13, "2020": 1}, "old_citations": {"2005": 152, "2007": 198, "2020": 0}, "isVisible": false}, "verification and validation": {"name": "verification and validation", "type": "topic", "h_index": 462, "h5_index": 112, "num_publications": 13, "num_citations": 350, "num_publications_5y": 0, "num_citations_5y": 105, "num_publications_10y": 0, "num_citations_10y": 291, "publications_years": {"2005": 5, "2007": 7, "2020": 1}, "citations_years": {"2006": 6, "2007": 16, "2008": 23, "2009": 55, "2010": 24, "2011": 33, "2012": 40, "2013": 34, "2014": 31, "2015": 23, "2016": 18, "2017": 21, "2018": 12, "2019": 13, "2020": 1}, "old_citations": {"2005": 152, "2007": 198, "2020": 0}, "isVisible": false}, "computer aided design": {"name": "computer aided design", "type": "topic", "h_index": 485, "h5_index": 107, "num_publications": 12, "num_citations": 338, "num_publications_5y": 0, "num_citations_5y": 103, "num_publications_10y": 0, "num_citations_10y": 281, "publications_years": {"2005": 6, "2007": 5, "2020": 1}, "citations_years": {"2006": 5, "2007": 14, "2008": 24, "2009": 48, "2010": 20, "2011": 34, "2012": 42, "2013": 34, "2014": 29, "2015": 24, "2016": 18, "2017": 21, "2018": 11, "2019": 13, "2020": 1}, "old_citations": {"2005": 168, "2007": 170, "2020": 0}, "isVisible": false}, "correlation analysis": {"name": "correlation analysis", "type": "topic", "h_index": 1044, "h5_index": 224, "num_publications": 10, "num_citations": 274, "num_publications_5y": 0, "num_citations_5y": 80, "num_publications_10y": 1, "num_citations_10y": 225, "publications_years": {"2005": 3, "2007": 5, "2011": 1, "2020": 1}, "citations_years": {"2009": 46, "2010": 20, "2011": 32, "2012": 28, "2013": 19, "2014": 18, "2015": 18, "2007": 5, "2008": 23, "2016": 19, "2017": 17, "2005": 2, "2006": 4, "2018": 8, "2019": 11, "2020": 4}, "old_citations": {"2005": 84, "2007": 190, "2011": 0, "2020": 0}, "isVisible": false}, "access control": {"name": "access control", "type": "topic", "h_index": 519, "h5_index": 129, "num_publications": 2, "num_citations": 8, "num_publications_5y": 0, "num_citations_5y": 1, "num_publications_10y": 0, "num_citations_10y": 6, "publications_years": {"2007": 1, "2020": 1}, "citations_years": {"2008": 2, "2009": 2, "2010": 1, "2011": 1, "2012": 1, "2013": 0, "2014": 0, "2015": 0, "2016": 1}, "old_citations": {"2007": 8, "2020": 0}, "isVisible": false}, "authentication": {"name": "authentication", "type": "topic", "h_index": 615, "h5_index": 135, "num_publications": 5, "num_citations": 77, "num_publications_5y": 0, "num_citations_5y": 11, "num_publications_10y": 0, "num_citations_10y": 48, "publications_years": {"2007": 1, "2005": 3, "2020": 1}, "citations_years": {"2008": 14, "2009": 13, "2010": 5, "2011": 9, "2012": 7, "2013": 3, "2014": 3, "2015": 0, "2016": 2, "2006": 5, "2007": 6, "2017": 4, "2018": 2, "2019": 3, "2005": 1}, "old_citations": {"2007": 8, "2005": 69, "2020": 0}, "isVisible": false}, "computer networks": {"name": "computer networks", "type": "topic", "h_index": 1262, "h5_index": 332, "num_publications": 10, "num_citations": 99, "num_publications_5y": 0, "num_citations_5y": 15, "num_publications_10y": 0, "num_citations_10y": 69, "publications_years": {"2007": 2, "1998": 2, "2005": 5, "2020": 1}, "citations_years": {"2007": 6, "2008": 14, "2009": 18, "2010": 5, "2011": 11, "2012": 12, "2013": 8, "2014": 5, "2015": 3, "2016": 4, "2017": 3, "2018": 0, "2019": 3, "2005": 2, "2006": 4, "2020": 1}, "old_citations": {"2007": 17, "1998": 0, "2005": 82, "2020": 0}, "isVisible": false}, "computer security": {"name": "computer security", "type": "topic", "h_index": 977, "h5_index": 220, "num_publications": 7, "num_citations": 93, "num_publications_5y": 0, "num_citations_5y": 12, "num_publications_10y": 0, "num_citations_10y": 60, "publications_years": {"2007": 1, "2005": 4, "1998": 1, "2020": 1}, "citations_years": {"2008": 17, "2009": 18, "2010": 7, "2011": 11, "2012": 8, "2013": 4, "2014": 3, "2015": 1, "2016": 2, "2007": 7, "2006": 5, "2017": 4, "2018": 2, "2019": 3, "2005": 1}, "old_citations": {"2007": 8, "2005": 85, "1998": 0, "2020": 0}, "isVisible": false}, "computer software maintenance": {"name": "computer software maintenance", "type": "topic", "h_index": 349, "h5_index": 68, "num_publications": 7, "num_citations": 239, "num_publications_5y": 0, "num_citations_5y": 78, "num_publications_10y": 0, "num_citations_10y": 203, "publications_years": {"2007": 4, "2005": 2, "2020": 1}, "citations_years": {"2007": 3, "2008": 16, "2009": 39, "2010": 16, "2011": 27, "2012": 25, "2013": 18, "2014": 17, "2015": 17, "2016": 19, "2017": 17, "2005": 2, "2006": 2, "2018": 8, "2019": 9, "2020": 4}, "old_citations": {"2007": 182, "2005": 57, "2020": 0}, "isVisible": false}, "cryptography": {"name": "cryptography", "type": "topic", "h_index": 761, "h5_index": 179, "num_publications": 5, "num_citations": 77, "num_publications_5y": 0, "num_citations_5y": 11, "num_publications_10y": 0, "num_citations_10y": 48, "publications_years": {"2007": 1, "2005": 3, "2020": 1}, "citations_years": {"2008": 14, "2009": 13, "2010": 5, "2011": 9, "2012": 7, "2013": 3, "2014": 3, "2015": 0, "2016": 2, "2006": 5, "2007": 6, "2017": 4, "2018": 2, "2019": 3, "2005": 1}, "old_citations": {"2007": 8, "2005": 69, "2020": 0}, "isVisible": false}, "cryptology": {"name": "cryptology", "type": "topic", "h_index": 761, "h5_index": 179, "num_publications": 5, "num_citations": 77, "num_publications_5y": 0, "num_citations_5y": 11, "num_publications_10y": 0, "num_citations_10y": 48, "publications_years": {"2007": 1, "2005": 3, "2020": 1}, "citations_years": {"2008": 14, "2009": 13, "2010": 5, "2011": 9, "2012": 7, "2013": 3, "2014": 3, "2015": 0, "2016": 2, "2006": 5, "2007": 6, "2017": 4, "2018": 2, "2019": 3, "2005": 1}, "old_citations": {"2007": 8, "2005": 69, "2020": 0}, "isVisible": false}, "data privacy": {"name": "data privacy", "type": "topic", "h_index": 314, "h5_index": 85, "num_publications": 2, "num_citations": 8, "num_publications_5y": 0, "num_citations_5y": 1, "num_publications_10y": 0, "num_citations_10y": 6, "publications_years": {"2007": 1, "2020": 1}, "citations_years": {"2008": 2, "2009": 2, "2010": 1, "2011": 1, "2012": 1, "2013": 0, "2014": 0, "2015": 0, "2016": 1}, "old_citations": {"2007": 8, "2020": 0}, "isVisible": false}, "data security": {"name": "data security", "type": "topic", "h_index": 187, "h5_index": 60, "num_publications": 2, "num_citations": 8, "num_publications_5y": 0, "num_citations_5y": 1, "num_publications_10y": 0, "num_citations_10y": 6, "publications_years": {"2007": 1, "2020": 1}, "citations_years": {"2008": 2, "2009": 2, "2010": 1, "2011": 1, "2012": 1, "2013": 0, "2014": 0, "2015": 0, "2016": 1}, "old_citations": {"2007": 8, "2020": 0}, "isVisible": false}}, "authors": {"2253755520": {"name": "jean dartnall", "type": "author", "activity": 1, "h_index": 0, "h5_index": 0, "mag_id": "2253755520", "num_publications": 9, "num_citations": 0, "num_publications_5y": 0, "num_citations_5y": 0, "num_publications_10y": 0, "num_citations_10y": 0, "publications_years": {"1998": 9}, "citations_years": {}, "old_citations": {"1998": 0}, "isVisible": true}, "171518098": {"name": "fabien peureux", "type": "author", "activity": 18, "h_index": 15, "h5_index": 1, "mag_id": "171518098", "num_publications": 2, "num_citations": 108, "num_publications_5y": 0, "num_citations_5y": 28, "num_publications_10y": 0, "num_citations_10y": 88, "publications_years": {"2007": 1, "2005": 1}, "citations_years": {"2008": 9, "2009": 15, "2010": 7, "2011": 14, "2012": 9, "2013": 15, "2014": 11, "2015": 4, "2016": 4, "2017": 5, "2018": 4, "2019": 6, "2006": 1, "2007": 4}, "old_citations": {"2007": 73, "2005": 35}, "isVisible": false}, "182845373": {"name": "eddie jaffuel", "type": "author", "activity": 12, "h_index": 5, "h5_index": 1, "mag_id": "182845373", "num_publications": 2, "num_citations": 43, "num_publications_5y": 0, "num_citations_5y": 10, "num_publications_10y": 0, "num_citations_10y": 30, "publications_years": {"2007": 1, "2005": 1}, "citations_years": {"2008": 7, "2009": 7, "2010": 4, "2011": 4, "2012": 4, "2013": 1, "2014": 2, "2015": 0, "2016": 2, "2006": 1, "2007": 4, "2017": 4, "2018": 2, "2019": 1}, "old_citations": {"2007": 8, "2005": 35}, "isVisible": false}, "279117051": {"name": "franz wotawa", "type": "author", "activity": 26, "h_index": 24, "h5_index": 6, "mag_id": "279117051", "num_publications": 2, "num_citations": 28, "num_publications_5y": 0, "num_citations_5y": 3, "num_publications_10y": 0, "num_citations_10y": 18, "publications_years": {"2007": 2}, "citations_years": {"2007": 4, "2008": 5, "2009": 10, "2010": 2, "2011": 1, "2012": 1, "2013": 1, "2014": 1, "2015": 1, "2016": 0, "2017": 0, "2018": 1, "2019": 1}, "old_citations": {"2007": 28}, "isVisible": false}, "406470922": {"name": "bruno legeard", "type": "author", "activity": 27, "h_index": 19, "h5_index": 3, "mag_id": "406470922", "num_publications": 2, "num_citations": 108, "num_publications_5y": 0, "num_citations_5y": 28, "num_publications_10y": 0, "num_citations_10y": 88, "publications_years": {"2007": 1, "2005": 1}, "citations_years": {"2008": 9, "2009": 15, "2010": 7, "2011": 14, "2012": 9, "2013": 15, "2014": 11, "2015": 4, "2016": 4, "2017": 5, "2018": 4, "2019": 6, "2006": 1, "2007": 4}, "old_citations": {"2007": 73, "2005": 35}, "isVisible": false}, "1898691322": {"name": "mark utting", "type": "author", "activity": 29, "h_index": 18, "h5_index": 1, "mag_id": "1898691322", "num_publications": 2, "num_citations": 108, "num_publications_5y": 0, "num_citations_5y": 28, "num_publications_10y": 0, "num_citations_10y": 88, "publications_years": {"2007": 1, "2005": 1}, "citations_years": {"2008": 9, "2009": 15, "2010": 7, "2011": 14, "2012": 9, "2013": 15, "2014": 11, "2015": 4, "2016": 4, "2017": 5, "2018": 4, "2019": 6, "2006": 1, "2007": 4}, "old_citations": {"2007": 73, "2005": 35}, "isVisible": false}, "2129587872": {"name": "gordon fraser", "type": "author", "activity": 17, "h_index": 34, "h5_index": 12, "mag_id": "2129587872", "num_publications": 2, "num_citations": 32, "num_publications_5y": 0, "num_citations_5y": 5, "num_publications_10y": 0, "num_citations_10y": 22, "publications_years": {"2007": 2}, "citations_years": {"2007": 4, "2008": 5, "2009": 11, "2010": 4, "2011": 1, "2012": 0, "2013": 1, "2014": 1, "2015": 1, "2016": 1, "2017": 0, "2018": 2, "2019": 1}, "old_citations": {"2007": 32}, "isVisible": false}, "2790105807": {"name": "fabrice bouquet", "type": "author", "activity": 17, "h_index": 14, "h5_index": 2, "mag_id": "2790105807", "num_publications": 2, "num_citations": 108, "num_publications_5y": 0, "num_citations_5y": 28, "num_publications_10y": 0, "num_citations_10y": 88, "publications_years": {"2007": 1, "2005": 1}, "citations_years": {"2008": 9, "2009": 15, "2010": 7, "2011": 14, "2012": 9, "2013": 15, "2014": 11, "2015": 4, "2016": 4, "2017": 5, "2018": 4, "2019": 6, "2006": 1, "2007": 4}, "old_citations": {"2007": 73, "2005": 35}, "isVisible": false}, "18609543": {"name": "bogdan korel", "type": "author", "activity": 24, "h_index": 23, "h5_index": 2, "mag_id": "18609543", "num_publications": 1, "num_citations": 69, "num_publications_5y": 0, "num_citations_5y": 24, "num_publications_10y": 0, "num_citations_10y": 62, "publications_years": {"2007": 1}, "citations_years": {"2008": 2, "2009": 9, "2010": 9, "2011": 5, "2012": 8, "2013": 7, "2014": 2, "2015": 7, "2016": 7, "2017": 5, "2018": 3, "2019": 3, "2020": 2}, "old_citations": {"2007": 69}, "isVisible": false}, "19113950": {"name": "nicolas kicillof", "type": "author", "activity": 10, "h_index": 10, "h5_index": 0, "mag_id": "19113950", "num_publications": 1, "num_citations": 26, "num_publications_5y": 0, "num_citations_5y": 7, "num_publications_10y": 0, "num_citations_10y": 24, "publications_years": {"2007": 1}, "citations_years": {"2008": 2, "2009": 2, "2010": 2, "2011": 1, "2012": 10, "2013": 2, "2014": 1, "2015": 2, "2016": 1, "2017": 3}, "old_citations": {"2007": 26}, "isVisible": false}, "20849977": {"name": "ursula goltz", "type": "author", "activity": 30, "h_index": 14, "h5_index": 0, "mag_id": "20849977", "num_publications": 1, "num_citations": 14, "num_publications_5y": 0, "num_citations_5y": 1, "num_publications_10y": 0, "num_citations_10y": 4, "publications_years": {"2005": 1}, "citations_years": {"2006": 6, "2007": 0, "2008": 4, "2009": 1, "2010": 1, "2011": 0, "2012": 1, "2013": 0, "2014": 1}, "old_citations": {"2005": 14}, "isVisible": false}, "72475612": {"name": "bernhard peischl", "type": "author", "activity": 16, "h_index": 10, "h5_index": 2, "mag_id": "72475612", "num_publications": 1, "num_citations": 9, "num_publications_5y": 0, "num_citations_5y": 0, "num_publications_10y": 0, "num_citations_10y": 4, "publications_years": {"2007": 1}, "citations_years": {"2007": 1, "2008": 3, "2009": 2, "2010": 0, "2011": 1, "2012": 1, "2013": 0, "2014": 0, "2015": 0, "2016": 0, "2017": 0, "2018": 0, "2019": 1}, "old_citations": {"2007": 9}, "isVisible": false}, "88694571": {"name": "david lorge parnas", "type": "author", "activity": 29, "h_index": 29, "h5_index": 1, "mag_id": "88694571", "num_publications": 1, "num_citations": 16, "num_publications_5y": 0, "num_citations_5y": 1, "num_publications_10y": 0, "num_citations_10y": 12, "publications_years": {"2005": 1}, "citations_years": {"2007": 1, "2008": 3, "2009": 5, "2010": 2, "2011": 2, "2012": 1, "2013": 1, "2014": 0, "2015": 1}, "old_citations": {"2005": 16}, "isVisible": false}, "99310831": {"name": "wolfgang grieskamp", "type": "author", "activity": 27, "h_index": 25, "h5_index": 1, "mag_id": "99310831", "num_publications": 1, "num_citations": 26, "num_publications_5y": 0, "num_citations_5y": 7, "num_publications_10y": 0, "num_citations_10y": 24, "publications_years": {"2007": 1}, "citations_years": {"2008": 2, "2009": 2, "2010": 2, "2011": 1, "2012": 10, "2013": 2, "2014": 1, "2015": 2, "2016": 1, "2017": 3}, "old_citations": {"2007": 26}, "isVisible": false}, "104458551": {"name": "peter liggesmeyer", "type": "author", "activity": 29, "h_index": 12, "h5_index": 2, "mag_id": "104458551", "num_publications": 1, "num_citations": 14, "num_publications_5y": 0, "num_citations_5y": 1, "num_publications_10y": 0, "num_citations_10y": 4, "publications_years": {"2005": 1}, "citations_years": {"2006": 6, "2007": 0, "2008": 4, "2009": 1, "2010": 1, "2011": 0, "2012": 1, "2013": 0, "2014": 1}, "old_citations": {"2005": 14}, "isVisible": false}, "130593666": {"name": "mladen a vouk", "type": "author", "activity": 29, "h_index": 27, "h5_index": 3, "mag_id": "130593666", "num_publications": 1, "num_citations": 14, "num_publications_5y": 0, "num_citations_5y": 4, "num_publications_10y": 0, "num_citations_10y": 10, "publications_years": {"2005": 1}, "citations_years": {"2005": 2, "2006": 0, "2007": 2, "2008": 0, "2009": 1, "2010": 1, "2011": 1, "2012": 2, "2013": 1, "2014": 1, "2015": 1, "2016": 0, "2017": 0, "2018": 2}, "old_citations": {"2005": 14}, "isVisible": false}, "153187696": {"name": "robert l probert", "type": "author", "activity": 27, "h_index": 10, "h5_index": 0, "mag_id": "153187696", "num_publications": 1, "num_citations": 43, "num_publications_5y": 0, "num_citations_5y": 16, "num_publications_10y": 0, "num_citations_10y": 40, "publications_years": {"2007": 1}, "citations_years": {"2008": 2, "2009": 6, "2010": 1, "2011": 7, "2012": 6, "2013": 4, "2014": 5, "2015": 4, "2016": 3, "2017": 2, "2018": 2, "2019": 1}, "old_citations": {"2007": 43}, "isVisible": false}, "171850535": {"name": "bernhard k aichernig", "type": "author", "activity": 24, "h_index": 19, "h5_index": 7, "mag_id": "171850535", "num_publications": 1, "num_citations": 9, "num_publications_5y": 0, "num_citations_5y": 0, "num_publications_10y": 0, "num_citations_10y": 4, "publications_years": {"2007": 1}, "citations_years": {"2007": 1, "2008": 3, "2009": 2, "2010": 0, "2011": 1, "2012": 1, "2013": 0, "2014": 0, "2015": 0, "2016": 0, "2017": 0, "2018": 0, "2019": 1}, "old_citations": {"2007": 9}, "isVisible": false}, "199269647": {"name": "hasan ural", "type": "author", "activity": 27, "h_index": 23, "h5_index": 1, "mag_id": "199269647", "num_publications": 1, "num_citations": 43, "num_publications_5y": 0, "num_citations_5y": 16, "num_publications_10y": 0, "num_citations_10y": 40, "publications_years": {"2007": 1}, "citations_years": {"2008": 2, "2009": 6, "2010": 1, "2011": 7, "2012": 6, "2013": 4, "2014": 5, "2015": 4, "2016": 3, "2017": 2, "2018": 2, "2019": 1}, "old_citations": {"2007": 43}, "isVisible": false}, "432958383": {"name": "erika mir olimpiew", "type": "author", "activity": 8, "h_index": 6, "h5_index": 0, "mag_id": "432958383", "num_publications": 1, "num_citations": 42, "num_publications_5y": 0, "num_citations_5y": 11, "num_publications_10y": 0, "num_citations_10y": 36, "publications_years": {"2005": 1}, "citations_years": {"2007": 3, "2008": 2, "2009": 6, "2010": 3, "2011": 4, "2012": 6, "2013": 6, "2014": 4, "2015": 2, "2016": 2, "2017": 3, "2018": 0, "2019": 0, "2020": 1}, "old_citations": {"2005": 42}, "isVisible": false}, "1127638238": {"name": "leila naslavsky", "type": "author", "activity": 7, "h_index": 5, "h5_index": 0, "mag_id": "1127638238", "num_publications": 1, "num_citations": 20, "num_publications_5y": 0, "num_citations_5y": 3, "num_publications_10y": 0, "num_citations_10y": 17, "publications_years": {"2007": 1}, "citations_years": {"2007": 1, "2008": 2, "2009": 6, "2010": 2, "2011": 4, "2012": 0, "2013": 2, "2014": 1, "2015": 0, "2016": 1, "2017": 1}, "old_citations": {"2007": 20}, "isVisible": false}, "1493336844": {"name": "amit paradkar", "type": "author", "activity": 29, "h_index": 12, "h5_index": 2, "mag_id": "1493336844", "num_publications": 1, "num_citations": 19, "num_publications_5y": 0, "num_citations_5y": 5, "num_publications_10y": 0, "num_citations_10y": 11, "publications_years": {"2005": 1}, "citations_years": {"2006": 4, "2007": 2, "2008": 2, "2009": 3, "2010": 1, "2011": 0, "2012": 2, "2013": 0, "2014": 1, "2015": 2, "2016": 1, "2017": 0, "2018": 1}, "old_citations": {"2005": 19}, "isVisible": false}, "1735408006": {"name": "c grandpierre", "type": "author", "activity": 1, "h_index": 1, "h5_index": 0, "mag_id": "1735408006", "num_publications": 1, "num_citations": 73, "num_publications_5y": 0, "num_citations_5y": 19, "num_publications_10y": 0, "num_citations_10y": 64, "publications_years": {"2007": 1}, "citations_years": {"2008": 4, "2009": 10, "2010": 4, "2011": 11, "2012": 6, "2013": 14, "2014": 9, "2015": 4, "2016": 3, "2017": 1, "2018": 2, "2019": 5}, "old_citations": {"2007": 73}, "isVisible": false}, "1953619217": {"name": "hassan gomaa", "type": "author", "activity": 28, "h_index": 31, "h5_index": 4, "mag_id": "1953619217", "num_publications": 1, "num_citations": 42, "num_publications_5y": 0, "num_citations_5y": 11, "num_publications_10y": 0, "num_citations_10y": 36, "publications_years": {"2005": 1}, "citations_years": {"2007": 3, "2008": 2, "2009": 6, "2010": 3, "2011": 4, "2012": 6, "2013": 6, "2014": 4, "2015": 2, "2016": 2, "2017": 3, "2018": 0, "2019": 0, "2020": 1}, "old_citations": {"2005": 42}, "isVisible": false}, "1969700822": {"name": "pierrealain masson", "type": "author", "activity": 20, "h_index": 6, "h5_index": 1, "mag_id": "1969700822", "num_publications": 1, "num_citations": 8, "num_publications_5y": 0, "num_citations_5y": 1, "num_publications_10y": 0, "num_citations_10y": 6, "publications_years": {"2007": 1}, "citations_years": {"2008": 2, "2009": 2, "2010": 1, "2011": 1, "2012": 1, "2013": 0, "2014": 0, "2015": 0, "2016": 1}, "old_citations": {"2007": 8}, "isVisible": false}, "1977436385": {"name": "george koutsogiannakis", "type": "author", "activity": 11, "h_index": 4, "h5_index": 1, "mag_id": "1977436385", "num_publications": 1, "num_citations": 69, "num_publications_5y": 0, "num_citations_5y": 24, "num_publications_10y": 0, "num_citations_10y": 62, "publications_years": {"2007": 1}, "citations_years": {"2008": 2, "2009": 9, "2010": 9, "2011": 5, "2012": 8, "2013": 7, "2014": 2, "2015": 7, "2016": 7, "2017": 5, "2018": 3, "2019": 3, "2020": 2}, "old_citations": {"2007": 69}, "isVisible": false}, "2005280795": {"name": "mikhail auguston", "type": "author", "activity": 29, "h_index": 15, "h5_index": 1, "mag_id": "2005280795", "num_publications": 1, "num_citations": 26, "num_publications_5y": 0, "num_citations_5y": 1, "num_publications_10y": 0, "num_citations_10y": 14, "publications_years": {"2005": 1}, "citations_years": {"2005": 1, "2006": 2, "2007": 2, "2008": 5, "2009": 5, "2010": 1, "2011": 4, "2012": 2, "2013": 1, "2014": 1, "2015": 0, "2016": 0, "2017": 0, "2018": 0, "2019": 2}, "old_citations": {"2005": 26}, "isVisible": false}, "2028256461": {"name": "luay tahat", "type": "author", "activity": 19, "h_index": 8, "h5_index": 2, "mag_id": "2028256461", "num_publications": 1, "num_citations": 69, "num_publications_5y": 0, "num_citations_5y": 24, "num_publications_10y": 0, "num_citations_10y": 62, "publications_years": {"2007": 1}, "citations_years": {"2008": 2, "2009": 9, "2010": 9, "2011": 5, "2012": 8, "2013": 7, "2014": 2, "2015": 7, "2016": 7, "2017": 5, "2018": 3, "2019": 3, "2020": 2}, "old_citations": {"2007": 69}, "isVisible": false}, "2031695674": {"name": "nachiappan nagappan", "type": "author", "activity": 17, "h_index": 43, "h5_index": 3, "mag_id": "2031695674", "num_publications": 1, "num_citations": 14, "num_publications_5y": 0, "num_citations_5y": 4, "num_publications_10y": 0, "num_citations_10y": 10, "publications_years": {"2005": 1}, "citations_years": {"2005": 2, "2006": 0, "2007": 2, "2008": 0, "2009": 1, "2010": 1, "2011": 1, "2012": 2, "2013": 1, "2014": 1, "2015": 1, "2016": 0, "2017": 0, "2018": 2}, "old_citations": {"2005": 14}, "isVisible": false}, "2039331868": {"name": "xia cai", "type": "author", "activity": 8, "h_index": 6, "h5_index": 0, "mag_id": "2039331868", "num_publications": 1, "num_citations": 53, "num_publications_5y": 0, "num_citations_5y": 30, "num_publications_10y": 0, "num_citations_10y": 44, "publications_years": {"2005": 1}, "citations_years": {"2007": 3, "2008": 0, "2009": 2, "2010": 1, "2011": 1, "2012": 6, "2013": 4, "2014": 6, "2015": 8, "2016": 5, "2017": 7, "2018": 4, "2019": 6}, "old_citations": {"2005": 53}, "isVisible": false}, "2043257109": {"name": "jacques julliand", "type": "author", "activity": 28, "h_index": 11, "h5_index": 2, "mag_id": "2043257109", "num_publications": 1, "num_citations": 8, "num_publications_5y": 0, "num_citations_5y": 1, "num_publications_10y": 0, "num_citations_10y": 6, "publications_years": {"2007": 1}, "citations_years": {"2008": 2, "2009": 2, "2010": 1, "2011": 1, "2012": 1, "2013": 0, "2014": 0, "2015": 0, "2016": 1}, "old_citations": {"2007": 8}, "isVisible": false}, "2066992622": {"name": "kirk sayre", "type": "author", "activity": 7, "h_index": 4, "h5_index": 0, "mag_id": "2066992622", "num_publications": 1, "num_citations": 4, "num_publications_5y": 0, "num_citations_5y": 0, "num_publications_10y": 0, "num_citations_10y": 1, "publications_years": {"2005": 1}, "citations_years": {"2006": 2, "2007": 1, "2008": 0, "2009": 1}, "old_citations": {"2005": 4}, "isVisible": false}, "2068808004": {"name": "alan f karr", "type": "author", "activity": 18, "h_index": 13, "h5_index": 1, "mag_id": "2068808004", "num_publications": 1, "num_citations": 4, "num_publications_5y": 0, "num_citations_5y": 1, "num_publications_10y": 0, "num_citations_10y": 4, "publications_years": {"2005": 1}, "citations_years": {"2009": 1, "2010": 2, "2011": 0, "2012": 0, "2013": 0, "2014": 0, "2015": 1}, "old_citations": {"2005": 4}, "isVisible": false}, "2097050050": {"name": "jordan d rosenblum", "type": "author", "activity": 1, "h_index": 0, "h5_index": 0, "mag_id": "2097050050", "num_publications": 1, "num_citations": 0, "num_publications_5y": 1, "num_citations_5y": 0, "num_publications_10y": 1, "num_citations_10y": 0, "publications_years": {"2015": 1}, "citations_years": {}, "old_citations": {"2015": 0}, "isVisible": false}, "2098084509": {"name": "xing li", "type": "author", "activity": 20, "h_index": 11, "h5_index": 1, "mag_id": "2098084509", "num_publications": 1, "num_citations": 3, "num_publications_5y": 0, "num_citations_5y": 0, "num_publications_10y": 0, "num_citations_10y": 2, "publications_years": {"2005": 1}, "citations_years": {"2006": 1, "2007": 0, "2008": 0, "2009": 2}, "old_citations": {"2005": 3}, "isVisible": false}, "2099146317": {"name": "liam murphy", "type": "author", "activity": 28, "h_index": 22, "h5_index": 4, "mag_id": "2099146317", "num_publications": 1, "num_citations": 8, "num_publications_5y": 0, "num_citations_5y": 0, "num_publications_10y": 0, "num_citations_10y": 4, "publications_years": {"2005": 1}, "citations_years": {"2006": 2, "2007": 0, "2008": 2, "2009": 1, "2010": 0, "2011": 1, "2012": 1, "2013": 1}, "old_citations": {"2005": 8}, "isVisible": false}, "2100901955": {"name": "mantak shing", "type": "author", "activity": 22, "h_index": 12, "h5_index": 0, "mag_id": "2100901955", "num_publications": 1, "num_citations": 26, "num_publications_5y": 0, "num_citations_5y": 1, "num_publications_10y": 0, "num_citations_10y": 14, "publications_years": {"2005": 1}, "citations_years": {"2005": 1, "2006": 2, "2007": 2, "2008": 5, "2009": 5, "2010": 1, "2011": 4, "2012": 2, "2013": 1, "2014": 1, "2015": 0, "2016": 0, "2017": 0, "2018": 0, "2019": 2}, "old_citations": {"2005": 26}, "isVisible": false}, "2103731221": {"name": "robert v binder", "type": "author", "activity": 25, "h_index": 7, "h5_index": 0, "mag_id": "2103731221", "num_publications": 1, "num_citations": 3, "num_publications_5y": 0, "num_citations_5y": 1, "num_publications_10y": 0, "num_citations_10y": 3, "publications_years": {"2005": 1}, "citations_years": {"2009": 1, "2010": 0, "2011": 0, "2012": 1, "2013": 0, "2014": 0, "2015": 1}, "old_citations": {"2005": 3}, "isVisible": false}, "2103961104": {"name": "aamer nadeem", "type": "author", "activity": 17, "h_index": 12, "h5_index": 1, "mag_id": "2103961104", "num_publications": 1, "num_citations": 50, "num_publications_5y": 0, "num_citations_5y": 17, "num_publications_10y": 0, "num_citations_10y": 42, "publications_years": {"2007": 1}, "citations_years": {"2007": 1, "2008": 4, "2009": 7, "2010": 3, "2011": 7, "2012": 8, "2013": 0, "2014": 5, "2015": 3, "2016": 5, "2017": 4, "2018": 0, "2019": 3}, "old_citations": {"2007": 50}, "isVisible": false}, "2106620652": {"name": "mark sherriff", "type": "author", "activity": 18, "h_index": 8, "h5_index": 1, "mag_id": "2106620652", "num_publications": 1, "num_citations": 14, "num_publications_5y": 0, "num_citations_5y": 4, "num_publications_10y": 0, "num_citations_10y": 10, "publications_years": {"2005": 1}, "citations_years": {"2005": 2, "2006": 0, "2007": 2, "2008": 0, "2009": 1, "2010": 1, "2011": 1, "2012": 2, "2013": 1, "2014": 1, "2015": 1, "2016": 0, "2017": 0, "2018": 2}, "old_citations": {"2005": 14}, "isVisible": false}, "2108700793": {"name": "victor braberman", "type": "author", "activity": 24, "h_index": 16, "h5_index": 3, "mag_id": "2108700793", "num_publications": 1, "num_citations": 26, "num_publications_5y": 0, "num_citations_5y": 7, "num_publications_10y": 0, "num_citations_10y": 24, "publications_years": {"2007": 1}, "citations_years": {"2008": 2, "2009": 2, "2010": 2, "2011": 1, "2012": 10, "2013": 2, "2014": 1, "2015": 2, "2016": 1, "2017": 3}, "old_citations": {"2007": 26}, "isVisible": false}, "2119211746": {"name": "nikolai tillmann", "type": "author", "activity": 17, "h_index": 36, "h5_index": 3, "mag_id": "2119211746", "num_publications": 1, "num_citations": 26, "num_publications_5y": 0, "num_citations_5y": 7, "num_publications_10y": 0, "num_citations_10y": 24, "publications_years": {"2007": 1}, "citations_years": {"2008": 2, "2009": 2, "2010": 2, "2011": 1, "2012": 10, "2013": 2, "2014": 1, "2015": 2, "2016": 1, "2017": 3}, "old_citations": {"2007": 26}, "isVisible": false}, "2119358608": {"name": "adam porter", "type": "author", "activity": 30, "h_index": 31, "h5_index": 4, "mag_id": "2119358608", "num_publications": 1, "num_citations": 4, "num_publications_5y": 0, "num_citations_5y": 1, "num_publications_10y": 0, "num_citations_10y": 4, "publications_years": {"2005": 1}, "citations_years": {"2009": 1, "2010": 2, "2011": 0, "2012": 0, "2013": 0, "2014": 0, "2015": 1}, "old_citations": {"2005": 4}, "isVisible": false}, "2129323228": {"name": "martin weiglhofer", "type": "author", "activity": 6, "h_index": 12, "h5_index": 0, "mag_id": "2129323228", "num_publications": 1, "num_citations": 9, "num_publications_5y": 0, "num_citations_5y": 0, "num_publications_10y": 0, "num_citations_10y": 4, "publications_years": {"2007": 1}, "citations_years": {"2007": 1, "2008": 3, "2009": 2, "2010": 0, "2011": 1, "2012": 1, "2013": 0, "2014": 0, "2015": 0, "2016": 0, "2017": 0, "2018": 0, "2019": 1}, "old_citations": {"2007": 9}, "isVisible": false}, "2131748193": {"name": "d berryman", "type": "author", "activity": 1, "h_index": 0, "h5_index": 0, "mag_id": "2131748193", "num_publications": 1, "num_citations": 0, "num_publications_5y": 0, "num_citations_5y": 0, "num_publications_10y": 1, "num_citations_10y": 0, "publications_years": {"2011": 1}, "citations_years": {}, "old_citations": {"2011": 0}, "isVisible": false}, "2144652867": {"name": "albert schilling", "type": "author", "activity": 5, "h_index": 2, "h5_index": 0, "mag_id": "2144652867", "num_publications": 1, "num_citations": 3, "num_publications_5y": 0, "num_citations_5y": 1, "num_publications_10y": 0, "num_citations_10y": 2, "publications_years": {"2005": 1}, "citations_years": {"2005": 1, "2006": 0, "2007": 0, "2008": 0, "2009": 1, "2010": 0, "2011": 0, "2012": 0, "2013": 0, "2014": 0, "2015": 0, "2016": 1}, "old_citations": {"2005": 3}, "isVisible": false}, "2146905788": {"name": "axel bruns", "type": "author", "activity": 21, "h_index": 14, "h5_index": 2, "mag_id": "2146905788", "num_publications": 1, "num_citations": 0, "num_publications_5y": 0, "num_citations_5y": 0, "num_publications_10y": 0, "num_citations_10y": 0, "publications_years": {"2004": 1}, "citations_years": {}, "old_citations": {"2004": 0}, "isVisible": false}, "2157264513": {"name": "duminda wijesekera", "type": "author", "activity": 24, "h_index": 25, "h5_index": 3, "mag_id": "2157264513", "num_publications": 1, "num_citations": 13, "num_publications_5y": 0, "num_citations_5y": 2, "num_publications_10y": 0, "num_citations_10y": 8, "publications_years": {"2007": 1}, "citations_years": {"2007": 1, "2008": 3, "2009": 3, "2010": 2, "2011": 1, "2012": 0, "2013": 0, "2014": 0, "2015": 0, "2016": 1, "2017": 0, "2018": 1, "2019": 1}, "old_citations": {"2007": 13}, "isVisible": false}, "2157907216": {"name": "charles j colbourn", "type": "author", "activity": 30, "h_index": 22, "h5_index": 4, "mag_id": "2157907216", "num_publications": 1, "num_citations": 54, "num_publications_5y": 0, "num_citations_5y": 17, "num_publications_10y": 0, "num_citations_10y": 40, "publications_years": {"2005": 1}, "citations_years": {"2005": 1, "2006": 2, "2007": 1, "2008": 6, "2009": 10, "2010": 1, "2011": 4, "2012": 3, "2013": 5, "2014": 4, "2015": 3, "2016": 2, "2017": 5, "2018": 3, "2019": 2, "2020": 2}, "old_citations": {"2005": 54}, "isVisible": false}, "2159377756": {"name": "hoang nga nguyen", "type": "author", "activity": 13, "h_index": 8, "h5_index": 4, "mag_id": "2159377756", "num_publications": 1, "num_citations": 0, "num_publications_5y": 0, "num_citations_5y": 0, "num_publications_10y": 0, "num_citations_10y": 0, "publications_years": {"2020": 1}, "citations_years": {}, "old_citations": {"2020": 0}, "isVisible": false}, "2164821924": {"name": "hadar ziv", "type": "author", "activity": 20, "h_index": 10, "h5_index": 0, "mag_id": "2164821924", "num_publications": 1, "num_citations": 20, "num_publications_5y": 0, "num_citations_5y": 3, "num_publications_10y": 0, "num_citations_10y": 17, "publications_years": {"2007": 1}, "citations_years": {"2007": 1, "2008": 2, "2009": 6, "2010": 2, "2011": 4, "2012": 0, "2013": 2, "2014": 1, "2015": 0, "2016": 1, "2017": 1}, "old_citations": {"2007": 20}, "isVisible": false}, "2169589378": {"name": "james bret michael", "type": "author", "activity": 30, "h_index": 14, "h5_index": 1, "mag_id": "2169589378", "num_publications": 1, "num_citations": 26, "num_publications_5y": 0, "num_citations_5y": 1, "num_publications_10y": 0, "num_citations_10y": 14, "publications_years": {"2005": 1}, "citations_years": {"2005": 1, "2006": 2, "2007": 2, "2008": 5, "2009": 5, "2010": 1, "2011": 4, "2012": 2, "2013": 1, "2014": 1, "2015": 0, "2016": 0, "2017": 0, "2018": 0, "2019": 2}, "old_citations": {"2005": 26}, "isVisible": false}, "2169871284": {"name": "kenia sousa", "type": "author", "activity": 11, "h_index": 10, "h5_index": 0, "mag_id": "2169871284", "num_publications": 1, "num_citations": 3, "num_publications_5y": 0, "num_citations_5y": 1, "num_publications_10y": 0, "num_citations_10y": 2, "publications_years": {"2005": 1}, "citations_years": {"2005": 1, "2006": 0, "2007": 0, "2008": 0, "2009": 1, "2010": 0, "2011": 0, "2012": 0, "2013": 0, "2014": 0, "2015": 0, "2016": 1}, "old_citations": {"2005": 3}, "isVisible": false}, "2171952583": {"name": "ashish jain", "type": "author", "activity": 18, "h_index": 8, "h5_index": 0, "mag_id": "2171952583", "num_publications": 1, "num_citations": 38, "num_publications_5y": 0, "num_citations_5y": 12, "num_publications_10y": 0, "num_citations_10y": 30, "publications_years": {"2005": 1}, "citations_years": {"2005": 1, "2006": 0, "2007": 2, "2008": 4, "2009": 5, "2010": 1, "2011": 4, "2012": 7, "2013": 1, "2014": 4, "2015": 4, "2016": 1, "2017": 2, "2018": 1, "2019": 1}, "old_citations": {"2005": 38}, "isVisible": false}, "2175749388": {"name": "laurie williams", "type": "author", "activity": 24, "h_index": 48, "h5_index": 9, "mag_id": "2175749388", "num_publications": 1, "num_citations": 14, "num_publications_5y": 0, "num_citations_5y": 4, "num_publications_10y": 0, "num_citations_10y": 10, "publications_years": {"2005": 1}, "citations_years": {"2005": 2, "2006": 0, "2007": 2, "2008": 0, "2009": 1, "2010": 1, "2011": 1, "2012": 2, "2013": 1, "2014": 1, "2015": 1, "2016": 0, "2017": 0, "2018": 2}, "old_citations": {"2005": 14}, "isVisible": false}, "2222197880": {"name": "lingya sun", "type": "author", "activity": 1, "h_index": 1, "h5_index": 0, "mag_id": "2222197880", "num_publications": 1, "num_citations": 13, "num_publications_5y": 0, "num_citations_5y": 2, "num_publications_10y": 0, "num_citations_10y": 8, "publications_years": {"2007": 1}, "citations_years": {"2007": 1, "2008": 3, "2009": 3, "2010": 2, "2011": 1, "2012": 0, "2013": 0, "2014": 0, "2015": 0, "2016": 1, "2017": 0, "2018": 1, "2019": 1}, "old_citations": {"2007": 13}, "isVisible": false}, "2223166846": {"name": "elizabeth furtado", "type": "author", "activity": 25, "h_index": 10, "h5_index": 3, "mag_id": "2223166846", "num_publications": 1, "num_citations": 3, "num_publications_5y": 0, "num_citations_5y": 1, "num_publications_10y": 0, "num_citations_10y": 2, "publications_years": {"2005": 1}, "citations_years": {"2005": 1, "2006": 0, "2007": 0, "2008": 0, "2009": 1, "2010": 0, "2011": 0, "2012": 0, "2013": 0, "2014": 0, "2015": 0, "2016": 1}, "old_citations": {"2005": 3}, "isVisible": false}, "2225814266": {"name": "jeanchritophe plessis", "type": "author", "activity": 1, "h_index": 1, "h5_index": 0, "mag_id": "2225814266", "num_publications": 1, "num_citations": 8, "num_publications_5y": 0, "num_citations_5y": 1, "num_publications_10y": 0, "num_citations_10y": 6, "publications_years": {"2007": 1}, "citations_years": {"2008": 2, "2009": 2, "2010": 1, "2011": 1, "2012": 1, "2013": 0, "2014": 0, "2015": 0, "2016": 1}, "old_citations": {"2007": 8}, "isVisible": false}, "2225939375": {"name": "kelma madeira", "type": "author", "activity": 1, "h_index": 1, "h5_index": 0, "mag_id": "2225939375", "num_publications": 1, "num_citations": 3, "num_publications_5y": 0, "num_citations_5y": 1, "num_publications_10y": 0, "num_citations_10y": 2, "publications_years": {"2005": 1}, "citations_years": {"2005": 1, "2006": 0, "2007": 0, "2008": 0, "2009": 1, "2010": 0, "2011": 0, "2012": 0, "2013": 0, "2014": 0, "2015": 0, "2016": 1}, "old_citations": {"2005": 3}, "isVisible": false}, "2227744130": {"name": "michael r lyu", "type": "author", "activity": 30, "h_index": 70, "h5_index": 17, "mag_id": "2227744130", "num_publications": 1, "num_citations": 53, "num_publications_5y": 0, "num_citations_5y": 30, "num_publications_10y": 0, "num_citations_10y": 44, "publications_years": {"2005": 1}, "citations_years": {"2007": 3, "2008": 0, "2009": 2, "2010": 1, "2011": 1, "2012": 6, "2013": 4, "2014": 6, "2015": 8, "2016": 5, "2017": 7, "2018": 4, "2019": 6}, "old_citations": {"2005": 53}, "isVisible": false}, "2228186259": {"name": "david mc guinness", "type": "author", "activity": 1, "h_index": 1, "h5_index": 0, "mag_id": "2228186259", "num_publications": 1, "num_citations": 8, "num_publications_5y": 0, "num_citations_5y": 0, "num_publications_10y": 0, "num_citations_10y": 4, "publications_years": {"2005": 1}, "citations_years": {"2006": 2, "2007": 0, "2008": 2, "2009": 1, "2010": 0, "2011": 1, "2012": 1, "2013": 1}, "old_citations": {"2005": 8}, "isVisible": false}, "2294553235": {"name": "muhammad zohaib iqbal", "type": "author", "activity": 14, "h_index": 15, "h5_index": 3, "mag_id": "2294553235", "num_publications": 1, "num_citations": 50, "num_publications_5y": 0, "num_citations_5y": 17, "num_publications_10y": 0, "num_citations_10y": 42, "publications_years": {"2007": 1}, "citations_years": {"2007": 1, "2008": 4, "2009": 7, "2010": 3, "2011": 7, "2012": 8, "2013": 0, "2014": 5, "2015": 3, "2016": 5, "2017": 4, "2018": 0, "2019": 3}, "old_citations": {"2007": 50}, "isVisible": false}, "2302890243": {"name": "christopher robinsonmallett", "type": "author", "activity": 13, "h_index": 4, "h5_index": 0, "mag_id": "2302890243", "num_publications": 1, "num_citations": 14, "num_publications_5y": 0, "num_citations_5y": 1, "num_publications_10y": 0, "num_citations_10y": 4, "publications_years": {"2005": 1}, "citations_years": {"2006": 6, "2007": 0, "2008": 4, "2009": 1, "2010": 1, "2011": 0, "2012": 1, "2013": 0, "2014": 1}, "old_citations": {"2005": 14}, "isVisible": false}, "2303857979": {"name": "quratulann farooq", "type": "author", "activity": 8, "h_index": 4, "h5_index": 0, "mag_id": "2303857979", "num_publications": 1, "num_citations": 50, "num_publications_5y": 0, "num_citations_5y": 17, "num_publications_10y": 0, "num_citations_10y": 42, "publications_years": {"2007": 1}, "citations_years": {"2007": 1, "2008": 4, "2009": 7, "2010": 3, "2011": 7, "2012": 8, "2013": 0, "2014": 5, "2015": 3, "2016": 5, "2017": 4, "2018": 0, "2019": 3}, "old_citations": {"2007": 50}, "isVisible": false}, "2304733911": {"name": "renee c bryce", "type": "author", "activity": 16, "h_index": 17, "h5_index": 1, "mag_id": "2304733911", "num_publications": 1, "num_citations": 54, "num_publications_5y": 0, "num_citations_5y": 17, "num_publications_10y": 0, "num_citations_10y": 40, "publications_years": {"2005": 1}, "citations_years": {"2005": 1, "2006": 2, "2007": 1, "2008": 6, "2009": 10, "2010": 1, "2011": 4, "2012": 3, "2013": 5, "2014": 4, "2015": 3, "2016": 2, "2017": 5, "2018": 3, "2019": 2, "2020": 2}, "old_citations": {"2005": 54}, "isVisible": false}, "2307474103": {"name": "nicolas vacelet", "type": "author", "activity": 6, "h_index": 3, "h5_index": 0, "mag_id": "2307474103", "num_publications": 1, "num_citations": 73, "num_publications_5y": 0, "num_citations_5y": 19, "num_publications_10y": 0, "num_citations_10y": 64, "publications_years": {"2007": 1}, "citations_years": {"2008": 4, "2009": 10, "2010": 4, "2011": 11, "2012": 6, "2013": 14, "2014": 9, "2015": 4, "2016": 3, "2017": 1, "2018": 2, "2019": 5}, "old_citations": {"2007": 73}, "isVisible": false}, "2307659872": {"name": "paul ammann", "type": "author", "activity": 30, "h_index": 30, "h5_index": 6, "mag_id": "2307659872", "num_publications": 1, "num_citations": 13, "num_publications_5y": 0, "num_citations_5y": 2, "num_publications_10y": 0, "num_citations_10y": 8, "publications_years": {"2007": 1}, "citations_years": {"2007": 1, "2008": 3, "2009": 3, "2010": 2, "2011": 1, "2012": 0, "2013": 0, "2014": 0, "2015": 0, "2016": 1, "2017": 0, "2018": 1, "2019": 1}, "old_citations": {"2007": 13}, "isVisible": false}, "2397906783": {"name": "manoranjan satpathy", "type": "author", "activity": 25, "h_index": 10, "h5_index": 1, "mag_id": "2397906783", "num_publications": 1, "num_citations": 9, "num_publications_5y": 0, "num_citations_5y": 1, "num_publications_10y": 0, "num_citations_10y": 9, "publications_years": {"2007": 1}, "citations_years": {"2009": 3, "2010": 4, "2011": 1, "2012": 0, "2013": 0, "2014": 1}, "old_citations": {"2007": 9}, "isVisible": false}, "2510477651": {"name": "yanping chen", "type": "author", "activity": 6, "h_index": 4, "h5_index": 0, "mag_id": "2510477651", "num_publications": 1, "num_citations": 43, "num_publications_5y": 0, "num_citations_5y": 16, "num_publications_10y": 0, "num_citations_10y": 40, "publications_years": {"2007": 1}, "citations_years": {"2008": 2, "2009": 6, "2010": 1, "2011": 7, "2012": 6, "2013": 4, "2014": 5, "2015": 4, "2016": 3, "2017": 2, "2018": 2, "2019": 1}, "old_citations": {"2007": 43}, "isVisible": false}, "2511081977": {"name": "georges debois", "type": "author", "activity": 11, "h_index": 2, "h5_index": 0, "mag_id": "2511081977", "num_publications": 1, "num_citations": 8, "num_publications_5y": 0, "num_citations_5y": 1, "num_publications_10y": 0, "num_citations_10y": 6, "publications_years": {"2007": 1}, "citations_years": {"2008": 2, "2009": 2, "2010": 1, "2011": 1, "2012": 1, "2013": 0, "2014": 0, "2015": 0, "2016": 1}, "old_citations": {"2007": 8}, "isVisible": false}, "2529188767": {"name": "ramesh nagarajan", "type": "author", "activity": 23, "h_index": 17, "h5_index": 1, "mag_id": "2529188767", "num_publications": 1, "num_citations": 3, "num_publications_5y": 0, "num_citations_5y": 0, "num_publications_10y": 0, "num_citations_10y": 2, "publications_years": {"2005": 1}, "citations_years": {"2006": 1, "2007": 0, "2008": 0, "2009": 2}, "old_citations": {"2005": 3}, "isVisible": false}, "2595968080": {"name": "daithi o corrain", "type": "author", "activity": 1, "h_index": 0, "h5_index": 0, "mag_id": "2595968080", "num_publications": 1, "num_citations": 0, "num_publications_5y": 1, "num_citations_5y": 0, "num_publications_10y": 1, "num_citations_10y": 0, "publications_years": {"2014": 1}, "citations_years": {}, "old_citations": {"2014": 0}, "isVisible": false}, "2635456871": {"name": "c florides", "type": "author", "activity": 1, "h_index": 0, "h5_index": 0, "mag_id": "2635456871", "num_publications": 1, "num_citations": 0, "num_publications_5y": 0, "num_citations_5y": 0, "num_publications_10y": 1, "num_citations_10y": 0, "publications_years": {"2011": 1}, "citations_years": {}, "old_citations": {"2011": 0}, "isVisible": false}, "2638940986": {"name": "peter b lakey", "type": "author", "activity": 1, "h_index": 1, "h5_index": 0, "mag_id": "2638940986", "num_publications": 1, "num_citations": 1, "num_publications_5y": 0, "num_citations_5y": 0, "num_publications_10y": 0, "num_citations_10y": 1, "publications_years": {"2005": 1}, "citations_years": {"2009": 1}, "old_citations": {"2005": 1}, "isVisible": false}, "2648237392": {"name": "siddhartha r dalal", "type": "author", "activity": 7, "h_index": 3, "h5_index": 0, "mag_id": "2648237392", "num_publications": 1, "num_citations": 38, "num_publications_5y": 0, "num_citations_5y": 12, "num_publications_10y": 0, "num_citations_10y": 30, "publications_years": {"2005": 1}, "citations_years": {"2005": 1, "2006": 0, "2007": 2, "2008": 4, "2009": 5, "2010": 1, "2011": 4, "2012": 7, "2013": 1, "2014": 4, "2015": 4, "2016": 1, "2017": 2, "2018": 1, "2019": 1}, "old_citations": {"2005": 38}, "isVisible": false}, "2666495535": {"name": "zafar i malik", "type": "author", "activity": 6, "h_index": 4, "h5_index": 0, "mag_id": "2666495535", "num_publications": 1, "num_citations": 50, "num_publications_5y": 0, "num_citations_5y": 17, "num_publications_10y": 0, "num_citations_10y": 42, "publications_years": {"2007": 1}, "citations_years": {"2007": 1, "2008": 4, "2009": 7, "2010": 3, "2011": 7, "2012": 8, "2013": 0, "2014": 5, "2015": 3, "2016": 5, "2017": 4, "2018": 0, "2019": 3}, "old_citations": {"2007": 50}, "isVisible": false}, "2668998286": {"name": "tilo mucke", "type": "author", "activity": 2, "h_index": 2, "h5_index": 0, "mag_id": "2668998286", "num_publications": 1, "num_citations": 14, "num_publications_5y": 0, "num_citations_5y": 1, "num_publications_10y": 0, "num_citations_10y": 4, "publications_years": {"2005": 1}, "citations_years": {"2006": 6, "2007": 0, "2008": 4, "2009": 1, "2010": 1, "2011": 0, "2012": 1, "2013": 0, "2014": 1}, "old_citations": {"2005": 14}, "isVisible": false}, "2676794259": {"name": "s ramesh", "type": "author", "activity": 30, "h_index": 21, "h5_index": 1, "mag_id": "2676794259", "num_publications": 1, "num_citations": 9, "num_publications_5y": 0, "num_citations_5y": 1, "num_publications_10y": 0, "num_citations_10y": 9, "publications_years": {"2007": 1}, "citations_years": {"2009": 3, "2010": 4, "2011": 1, "2012": 0, "2013": 0, "2014": 1}, "old_citations": {"2007": 9}, "isVisible": false}, "2711475397": {"name": "james hanlon", "type": "author", "activity": 1, "h_index": 1, "h5_index": 0, "mag_id": "2711475397", "num_publications": 1, "num_citations": 3, "num_publications_5y": 0, "num_citations_5y": 1, "num_publications_10y": 0, "num_citations_10y": 3, "publications_years": {"2005": 1}, "citations_years": {"2009": 1, "2010": 0, "2011": 0, "2012": 1, "2013": 0, "2014": 0, "2015": 1}, "old_citations": {"2005": 3}, "isVisible": false}, "2715473702": {"name": "paula donegan", "type": "author", "activity": 1, "h_index": 1, "h5_index": 0, "mag_id": "2715473702", "num_publications": 1, "num_citations": 3, "num_publications_5y": 0, "num_citations_5y": 1, "num_publications_10y": 0, "num_citations_10y": 2, "publications_years": {"2005": 1}, "citations_years": {"2005": 1, "2006": 0, "2007": 0, "2008": 0, "2009": 1, "2010": 0, "2011": 0, "2012": 0, "2013": 0, "2014": 0, "2015": 0, "2016": 1}, "old_citations": {"2005": 3}, "isVisible": false}, "2739799508": {"name": "r dennis", "type": "author", "activity": 1, "h_index": 0, "h5_index": 0, "mag_id": "2739799508", "num_publications": 1, "num_citations": 0, "num_publications_5y": 0, "num_citations_5y": 0, "num_publications_10y": 0, "num_citations_10y": 0, "publications_years": {"1992": 1}, "citations_years": {}, "old_citations": {"1992": 0}, "isVisible": false}, "2776280595": {"name": "vasco furtado", "type": "author", "activity": 19, "h_index": 11, "h5_index": 5, "mag_id": "2776280595", "num_publications": 1, "num_citations": 3, "num_publications_5y": 0, "num_citations_5y": 1, "num_publications_10y": 0, "num_citations_10y": 2, "publications_years": {"2005": 1}, "citations_years": {"2005": 1, "2006": 0, "2007": 0, "2008": 0, "2009": 1, "2010": 0, "2011": 0, "2012": 0, "2013": 0, "2014": 0, "2015": 0, "2016": 1}, "old_citations": {"2005": 3}, "isVisible": false}, "2798824079": {"name": "d knox", "type": "author", "activity": 1, "h_index": 0, "h5_index": 0, "mag_id": "2798824079", "num_publications": 1, "num_citations": 0, "num_publications_5y": 0, "num_citations_5y": 0, "num_publications_10y": 1, "num_citations_10y": 0, "publications_years": {"2010": 1}, "citations_years": {}, "old_citations": {"2010": 0}, "isVisible": false}, "2940842295": {"name": "sebastian benz", "type": "author", "activity": 1, "h_index": 1, "h5_index": 0, "mag_id": "2940842295", "num_publications": 1, "num_citations": 23, "num_publications_5y": 0, "num_citations_5y": 6, "num_publications_10y": 0, "num_citations_10y": 20, "publications_years": {"2007": 1}, "citations_years": {"2008": 3, "2009": 3, "2010": 7, "2011": 1, "2012": 2, "2013": 1, "2014": 2, "2015": 3, "2016": 1}, "old_citations": {"2007": 23}, "isVisible": false}, "2973659117": {"name": "c m lott", "type": "author", "activity": 8, "h_index": 3, "h5_index": 0, "mag_id": "2973659117", "num_publications": 1, "num_citations": 38, "num_publications_5y": 0, "num_citations_5y": 12, "num_publications_10y": 0, "num_citations_10y": 30, "publications_years": {"2005": 1}, "citations_years": {"2005": 1, "2006": 0, "2007": 2, "2008": 4, "2009": 5, "2010": 1, "2011": 4, "2012": 7, "2013": 1, "2014": 4, "2015": 4, "2016": 1, "2017": 2, "2018": 1, "2019": 1}, "old_citations": {"2005": 38}, "isVisible": false}, "2985159566": {"name": "markus clermont", "type": "author", "activity": 1, "h_index": 2, "h5_index": 0, "mag_id": "2985159566", "num_publications": 1, "num_citations": 16, "num_publications_5y": 0, "num_citations_5y": 1, "num_publications_10y": 0, "num_citations_10y": 12, "publications_years": {"2005": 1}, "citations_years": {"2007": 1, "2008": 3, "2009": 5, "2010": 2, "2011": 2, "2012": 1, "2013": 1, "2014": 0, "2015": 1}, "old_citations": {"2005": 16}, "isVisible": false}, "3002879078": {"name": "debra j richardson", "type": "author", "activity": 31, "h_index": 22, "h5_index": 0, "mag_id": "3002879078", "num_publications": 1, "num_citations": 20, "num_publications_5y": 0, "num_citations_5y": 3, "num_publications_10y": 0, "num_citations_10y": 17, "publications_years": {"2007": 1}, "citations_years": {"2007": 1, "2008": 2, "2009": 6, "2010": 2, "2011": 4, "2012": 0, "2013": 2, "2014": 1, "2015": 0, "2016": 1, "2017": 1}, "old_citations": {"2007": 20}, "isVisible": false}, "3004949931": {"name": "m g k jones", "type": "author", "activity": 15, "h_index": 3, "h5_index": 0, "mag_id": "3004949931", "num_publications": 1, "num_citations": 0, "num_publications_5y": 0, "num_citations_5y": 0, "num_publications_10y": 1, "num_citations_10y": 0, "publications_years": {"2011": 1}, "citations_years": {}, "old_citations": {"2011": 0}, "isVisible": false}, "3006920152": {"name": "siraj shaikh", "type": "author", "activity": 1, "h_index": 0, "h5_index": 0, "mag_id": "3006920152", "num_publications": 1, "num_citations": 0, "num_publications_5y": 0, "num_citations_5y": 0, "num_publications_10y": 0, "num_citations_10y": 0, "publications_years": {"2020": 1}, "citations_years": {}, "old_citations": {"2020": 0}, "isVisible": false}, "3007067995": {"name": "alexy fouillade", "type": "author", "activity": 1, "h_index": 0, "h5_index": 0, "mag_id": "3007067995", "num_publications": 1, "num_citations": 0, "num_publications_5y": 0, "num_citations_5y": 0, "num_publications_10y": 0, "num_citations_10y": 0, "publications_years": {"2020": 1}, "citations_years": {}, "old_citations": {"2020": 0}, "isVisible": false}, "3007970293": {"name": "shahid mahmood", "type": "author", "activity": 1, "h_index": 0, "h5_index": 0, "mag_id": "3007970293", "num_publications": 1, "num_citations": 0, "num_publications_5y": 0, "num_citations_5y": 0, "num_publications_10y": 0, "num_citations_10y": 0, "publications_years": {"2020": 1}, "citations_years": {}, "old_citations": {"2020": 0}, "isVisible": false}}, "countries": {"United States": {"name": "United States", "type": "country", "h5_index": 308, "num_publications": 12, "num_citations": 291, "num_publications_5y": 1, "num_citations_5y": 75, "num_publications_10y": 1, "num_citations_10y": 227, "publications_years": {"2005": 7, "2007": 4, "2015": 1}, "citations_years": {"2006": 10, "2007": 13, "2008": 24, "2009": 47, "2010": 24, "2011": 24, "2012": 33, "2013": 24, "2014": 15, "2015": 18, "2016": 15, "2017": 17, "2018": 10, "2005": 4, "2019": 8, "2020": 5}, "old_citations": {"2005": 163, "2007": 128, "2015": 0}, "isVisible": false}, "France": {"name": "France", "type": "country", "h5_index": 99, "num_publications": 6, "num_citations": 153, "num_publications_5y": 0, "num_citations_5y": 46, "num_publications_10y": 0, "num_citations_10y": 124, "publications_years": {"2005": 3, "2007": 2, "2020": 1}, "citations_years": {"2006": 2, "2007": 6, "2008": 13, "2009": 23, "2010": 14, "2011": 13, "2012": 19, "2013": 9, "2014": 8, "2015": 11, "2016": 10, "2017": 11, "2018": 6, "2019": 5, "2020": 2, "2005": 1}, "old_citations": {"2005": 76, "2007": 77, "2020": 0}, "isVisible": false}, "Austria": {"name": "Austria", "type": "country", "h5_index": 71, "num_publications": 3, "num_citations": 41, "num_publications_5y": 0, "num_citations_5y": 5, "num_publications_10y": 0, "num_citations_10y": 26, "publications_years": {"2007": 3}, "citations_years": {"2007": 5, "2008": 8, "2009": 13, "2010": 4, "2011": 2, "2012": 1, "2013": 1, "2014": 1, "2015": 1, "2016": 1, "2017": 0, "2018": 2, "2019": 2}, "old_citations": {"2007": 41}, "isVisible": false}, "Ireland": {"name": "Ireland", "type": "country", "h5_index": 50, "num_publications": 2, "num_citations": 24, "num_publications_5y": 0, "num_citations_5y": 1, "num_publications_10y": 0, "num_citations_10y": 16, "publications_years": {"2005": 2}, "citations_years": {"2007": 1, "2008": 5, "2009": 6, "2010": 2, "2011": 3, "2012": 2, "2013": 2, "2014": 0, "2015": 1, "2006": 2}, "old_citations": {"2005": 24}, "isVisible": false}, "Argentina": {"name": "Argentina", "type": "country", "h5_index": 26, "num_publications": 1, "num_citations": 26, "num_publications_5y": 0, "num_citations_5y": 7, "num_publications_10y": 0, "num_citations_10y": 24, "publications_years": {"2007": 1}, "citations_years": {"2008": 2, "2009": 2, "2010": 2, "2011": 1, "2012": 10, "2013": 2, "2014": 1, "2015": 2, "2016": 1, "2017": 3}, "old_citations": {"2007": 26}, "isVisible": false}, "Australia": {"name": "Australia", "type": "country", "h5_index": 141, "num_publications": 1, "num_citations": 0, "num_publications_5y": 0, "num_citations_5y": 0, "num_publications_10y": 1, "num_citations_10y": 0, "publications_years": {"2011": 1}, "citations_years": {}, "old_citations": {"2011": 0}, "isVisible": false}, "Canada": {"name": "Canada", "type": "country", "h5_index": 128, "num_publications": 1, "num_citations": 43, "num_publications_5y": 0, "num_citations_5y": 16, "num_publications_10y": 0, "num_citations_10y": 40, "publications_years": {"2007": 1}, "citations_years": {"2008": 2, "2009": 6, "2010": 1, "2011": 7, "2012": 6, "2013": 4, "2014": 5, "2015": 4, "2016": 3, "2017": 2, "2018": 2, "2019": 1}, "old_citations": {"2007": 43}, "isVisible": false}, "China": {"name": "China", "type": "country", "h5_index": 214, "num_publications": 1, "num_citations": 53, "num_publications_5y": 0, "num_citations_5y": 30, "num_publications_10y": 0, "num_citations_10y": 44, "publications_years": {"2005": 1}, "citations_years": {"2007": 3, "2008": 0, "2009": 2, "2010": 1, "2011": 1, "2012": 6, "2013": 4, "2014": 6, "2015": 8, "2016": 5, "2017": 7, "2018": 4, "2019": 6}, "old_citations": {"2005": 53}, "isVisible": false}, "Germany": {"name": "Germany", "type": "country", "h5_index": 139, "num_publications": 1, "num_citations": 14, "num_publications_5y": 0, "num_citations_5y": 1, "num_publications_10y": 0, "num_citations_10y": 4, "publications_years": {"2005": 1}, "citations_years": {"2006": 6, "2007": 0, "2008": 4, "2009": 1, "2010": 1, "2011": 0, "2012": 1, "2013": 0, "2014": 1}, "old_citations": {"2005": 14}, "isVisible": false}, "India": {"name": "India", "type": "country", "h5_index": 78, "num_publications": 1, "num_citations": 9, "num_publications_5y": 0, "num_citations_5y": 1, "num_publications_10y": 0, "num_citations_10y": 9, "publications_years": {"2007": 1}, "citations_years": {"2009": 3, "2010": 4, "2011": 1, "2012": 0, "2013": 0, "2014": 1}, "old_citations": {"2007": 9}, "isVisible": false}, "Israel": {"name": "Israel", "type": "country", "h5_index": 110, "num_publications": 1, "num_citations": 8, "num_publications_5y": 0, "num_citations_5y": 1, "num_publications_10y": 0, "num_citations_10y": 6, "publications_years": {"2007": 1}, "citations_years": {"2008": 2, "2009": 2, "2010": 1, "2011": 1, "2012": 1, "2013": 0, "2014": 0, "2015": 0, "2016": 1}, "old_citations": {"2007": 8}, "isVisible": false}, "Pakistan": {"name": "Pakistan", "type": "country", "h5_index": 49, "num_publications": 1, "num_citations": 50, "num_publications_5y": 0, "num_citations_5y": 17, "num_publications_10y": 0, "num_citations_10y": 42, "publications_years": {"2007": 1}, "citations_years": {"2007": 1, "2008": 4, "2009": 7, "2010": 3, "2011": 7, "2012": 8, "2013": 0, "2014": 5, "2015": 3, "2016": 5, "2017": 4, "2018": 0, "2019": 3}, "old_citations": {"2007": 50}, "isVisible": false}}, "industrial_sectors": {"technology": {"name": "technology", "type": "industrial sector", "h5_index": 229, "num_publications": 5, "num_citations": 136, "num_publications_5y": 0, "num_citations_5y": 41, "num_publications_10y": 0, "num_citations_10y": 113, "publications_years": {"2005": 2, "2007": 3}, "citations_years": {"2006": 4, "2007": 4, "2008": 8, "2009": 17, "2010": 14, "2011": 8, "2012": 23, "2013": 10, "2014": 5, "2015": 12, "2016": 10, "2017": 8, "2018": 6, "2005": 2, "2019": 3, "2020": 2}, "old_citations": {"2005": 33, "2007": 103}, "isVisible": false}, "computing_and_it": {"name": "computing_and_it", "type": "industrial sector", "h5_index": 221, "num_publications": 4, "num_citations": 128, "num_publications_5y": 0, "num_citations_5y": 40, "num_publications_10y": 0, "num_citations_10y": 107, "publications_years": {"2005": 2, "2007": 2}, "citations_years": {"2006": 4, "2007": 4, "2008": 6, "2009": 15, "2010": 13, "2011": 7, "2012": 22, "2013": 10, "2014": 5, "2015": 12, "2016": 9, "2017": 8, "2018": 6, "2005": 2, "2019": 3, "2020": 2}, "old_citations": {"2005": 33, "2007": 95}, "isVisible": false}, "electronics": {"name": "electronics", "type": "industrial sector", "h5_index": 134, "num_publications": 3, "num_citations": 48, "num_publications_5y": 0, "num_citations_5y": 12, "num_publications_10y": 0, "num_citations_10y": 40, "publications_years": {"2007": 2, "2005": 1}, "citations_years": {"2008": 4, "2009": 5, "2010": 4, "2011": 3, "2012": 13, "2013": 3, "2014": 2, "2015": 3, "2016": 2, "2005": 2, "2006": 0, "2007": 2, "2017": 3, "2018": 2}, "old_citations": {"2007": 34, "2005": 14}, "isVisible": false}, "management": {"name": "management", "type": "industrial sector", "h5_index": 67, "num_publications": 2, "num_citations": 41, "num_publications_5y": 0, "num_citations_5y": 12, "num_publications_10y": 0, "num_citations_10y": 32, "publications_years": {"2005": 2}, "citations_years": {"2006": 1, "2007": 2, "2008": 4, "2009": 7, "2005": 1, "2010": 1, "2011": 4, "2012": 7, "2013": 1, "2014": 4, "2015": 4, "2016": 1, "2017": 2, "2018": 1, "2019": 1}, "old_citations": {"2005": 41}, "isVisible": false}, "information_technology": {"name": "information_technology", "type": "industrial sector", "h5_index": 74, "num_publications": 1, "num_citations": 19, "num_publications_5y": 0, "num_citations_5y": 5, "num_publications_10y": 0, "num_citations_10y": 11, "publications_years": {"2005": 1}, "citations_years": {"2006": 4, "2007": 2, "2008": 2, "2009": 3, "2010": 1, "2011": 0, "2012": 2, "2013": 0, "2014": 1, "2015": 2, "2016": 1, "2017": 0, "2018": 1}, "old_citations": {"2005": 19}, "isVisible": false}, "telecommunications": {"name": "telecommunications", "type": "industrial sector", "h5_index": 89, "num_publications": 1, "num_citations": 69, "num_publications_5y": 0, "num_citations_5y": 24, "num_publications_10y": 0, "num_citations_10y": 62, "publications_years": {"2007": 1}, "citations_years": {"2008": 2, "2009": 9, "2010": 9, "2011": 5, "2012": 8, "2013": 7, "2014": 2, "2015": 7, "2016": 7, "2017": 5, "2018": 3, "2019": 3, "2020": 2}, "old_citations": {"2007": 69}, "isVisible": false}}}, "conference_comparison": {"computer science": {}}, "topics_dna": {"publications": {}, "citations": {"normalized": {}, "average": {}}}, "info": {"num_publications": 45, "num_citations": 699.0, "impact_factor": {"1994": 0.0, "1995": 0, "1996": 0, "1997": 0, "1998": 0, "1999": 0.0, "2000": 0.0, "2001": 0, "2002": 0, "2003": 0, "2004": 0, "2005": 0.0, "2006": 1.1111111111111112, "2007": 1.2352941176470589, "2008": 2.4166666666666665, "2009": 5.083333333333333, "2010": 0, "2011": 0.0, "2012": 0.0, "2013": 0.0, "2014": 0, "2015": 0.0, "2016": 0.0, "2017": 0.0, "2018": 0, "2019": 0, "2020": 0}, "publications_years": {"2005": 17, "2007": 12, "1998": 9, "1992": 1, "2004": 1, "2010": 1, "2011": 1, "2014": 1, "2015": 1, "2020": 1}, "citations_years": {"2005": 6, "2006": 20, "2007": 28, "2008": 62, "2009": 112, "2010": 54, "2011": 64, "2012": 77, "2013": 52, "2014": 51, "2015": 47, "2016": 36, "2017": 37, "2018": 22, "2019": 26, "2020": 5}, "old_citations": {"2005": 337, "2007": 362, "1998": 0, "1992": 0, "2004": 0, "2010": 0, "2011": 0, "2014": 0, "2015": 0, "2020": 0}, "h5_index": 0}, "percentile": {"computer science": {"2005": 91, "2007": 95, "1998": 21, "1992": 21, "2004": 20, "2010": 18, "2011": 18, "2014": 19, "2015": 19, "2020": 22}}, "conference_ranking": {"computer science": {"2005": 347, "2007": 181, "1998": 3343, "1992": 3336, "2004": 3378, "2010": 3488, "2011": 3490, "2014": 3457, "2015": 3457, "2020": 3313}}, "academia": {"num_publications": 17, "num_citations": 406, "publications_years": {"2005": 9, "2006": 0, "2007": 6, "2008": 0, "2009": 0, "2010": 0, "2011": 1, "2012": 0, "2013": 0, "2014": 0, "2015": 1}, "old_citations": {"2005": 252, "2006": 0, "2007": 154, "2008": 0, "2009": 0, "2010": 0, "2011": 0, "2012": 0, "2013": 0, "2014": 0, "2015": 0}, "num_publications_5y": 0, "num_citations_5y": 0, "num_publications_10y": 2, "num_citations_10y": 0}, "industry": {"num_publications": 4, "num_citations": 69, "publications_years": {"2005": 3, "2006": 0, "2007": 1}, "old_citations": {"2005": 60, "2006": 0, "2007": 9}, "num_publications_5y": 0, "num_citations_5y": 0, "num_publications_10y": 0, "num_citations_10y": 0}, "collaborative": {"num_publications": 3, "num_citations": 91, "publications_years": {"2005": 1, "2006": 0, "2007": 2}, "old_citations": {"2005": 14, "2006": 0, "2007": 77}, "num_publications_5y": 0, "num_citations_5y": 0, "num_publications_10y": 0, "num_citations_10y": 0}, "conferences": {}, "journals": {}, "organizations": {"publication_overall": ["Graz University of Technology", "George Mason University", "Microsoft (United States)", "University of Franche-Comt\u00e9", "Xerox (France)", "Alcatel-Lucent (France)", "Arizona State University", "Chinese University of Hong Kong", "Gemalto (Israel)", "General Motors (India)", "IBM (United States)", "Illinois Institute of Technology", "Mohammad Ali Jinnah University", "Murdoch University", "National Scientific and Technical Research Council", "Naval Postgraduate School", "North Carolina State University", "Research Triangle Park Foundation", "University College Dublin", "University of California, Irvine", "University of Kaiserslautern", "University of Limerick", "University of Ottawa", "University of Potsdam", "University of Tennessee at Knoxville", "University of Wisconsin\u2013Madison", "\u00c9cole Normale Sup\u00e9rieure"], "citation_overall": ["Alcatel-Lucent (France)", "Illinois Institute of Technology", "George Mason University", "Arizona State University", "Chinese University of Hong Kong", "Mohammad Ali Jinnah University", "University of Franche-Comt\u00e9", "University of Ottawa", "Graz University of Technology", "Xerox (France)", "Microsoft (United States)", "National Scientific and Technical Research Council", "Naval Postgraduate School", "University of California, Irvine", "IBM (United States)", "University of Limerick", "North Carolina State University", "University of Kaiserslautern", "University of Potsdam", "General Motors (India)", "Gemalto (Israel)", "University College Dublin", "Research Triangle Park Foundation", "University of Tennessee at Knoxville", "Murdoch University", "University of Wisconsin\u2013Madison", "\u00c9cole Normale Sup\u00e9rieure"], "publication_10_years": ["Murdoch University", "University of Wisconsin\u2013Madison", "\u00c9cole Normale Sup\u00e9rieure"], "citation_10_years": ["Murdoch University", "University of Wisconsin\u2013Madison", "\u00c9cole Normale Sup\u00e9rieure"], "publication_5_years": ["\u00c9cole Normale Sup\u00e9rieure"], "citation_5_years": ["\u00c9cole Normale Sup\u00e9rieure"]}, "countries": {"publication_overall": ["United States", "France", "Austria", "Ireland", "Argentina", "Australia", "Canada", "China", "Germany", "India", "Israel", "Pakistan"], "citation_overall": ["United States", "France", "China", "Pakistan", "Canada", "Austria", "Argentina", "Ireland", "Germany", "India", "Israel", "Australia"], "publication_10_years": ["Australia", "France", "United States"], "citation_10_years": ["Australia", "France", "United States"], "publication_5_years": ["France"], "citation_5_years": ["France"]}, "topics": {"publication_overall": ["computer science", "computer systems", "software engineering", "software design", "artificial intelligence", "computer programming", "computer hardware", "engineering", "mathematics", "object oriented programming", "embedded systems", "software", "software architecture", "architecting", "architecture verification and validation", "model checking", "field programmable gate arrays (fpga)", "software quality", "verification", "verification and validation"], "citation_overall": ["computer science", "software engineering", "computer programming", "computer systems", "artificial intelligence", "object oriented programming", "software design", "computer hardware", "mathematics", "embedded systems", "software", "software architecture", "architecting", "architecture verification and validation", "model checking", "software quality", "verification", "verification and validation", "computer aided design", "engineering"], "publication_10_years": ["correlation analysis", "mathematics", "access control", "architecting", "architecture verification and validation", "artificial intelligence", "authentication", "computer aided design", "computer hardware", "computer networks", "computer programming", "computer science", "computer security", "computer software maintenance", "computer systems", "cryptography", "cryptology", "data privacy", "data security", "embedded systems"], "citation_10_years": ["access control", "architecting", "architecture verification and validation", "artificial intelligence", "authentication", "computer aided design", "computer hardware", "computer networks", "computer programming", "computer science", "computer security", "computer software maintenance", "computer systems", "correlation analysis", "cryptography", "cryptology", "data privacy", "data security", "embedded systems", "field programmable gate arrays (fpga)"], "publication_5_years": ["access control", "architecting", "architecture verification and validation", "artificial intelligence", "authentication", "computer aided design", "computer hardware", "computer networks", "computer programming", "computer science", "computer security", "computer software maintenance", "computer systems", "correlation analysis", "cryptography", "cryptology", "data privacy", "data security", "embedded systems", "field programmable gate arrays (fpga)"], "citation_5_years": ["access control", "architecting", "architecture verification and validation", "artificial intelligence", "authentication", "computer aided design", "computer hardware", "computer networks", "computer programming", "computer science", "computer security", "computer software maintenance", "computer systems", "correlation analysis", "cryptography", "cryptology", "data privacy", "data security", "embedded systems", "field programmable gate arrays (fpga)"]}, "main_topics": ["computer science"], "authors": {"publication_overall": ["2253755520", "171518098", "182845373", "279117051", "406470922", "1898691322", "2129587872", "2790105807", "18609543", "19113950", "20849977", "72475612", "88694571", "99310831", "104458551", "130593666", "153187696", "171850535", "199269647", "432958383", "1127638238", "1493336844", "1735408006", "1953619217", "1969700822", "1977436385", "2005280795", "2028256461", "2031695674", "2039331868", "2043257109", "2066992622", "2068808004", "2097050050", "2098084509", "2099146317", "2100901955", "2103731221", "2103961104", "2106620652", "2108700793", "2119211746", "2119358608", "2129323228", "2131748193", "2144652867", "2146905788", "2157264513", "2157907216", "2159377756", "2164821924", "2169589378", "2169871284", "2171952583", "2175749388", "2222197880", "2223166846", "2225814266", "2225939375", "2227744130", "2228186259", "2294553235", "2302890243", "2303857979", "2304733911", "2307474103", "2307659872", "2397906783", "2510477651", "2511081977", "2529188767", "2595968080", "2635456871", "2638940986", "2648237392", "2666495535", "2668998286", "2676794259", "2711475397", "2715473702", "2739799508", "2776280595", "2798824079", "2940842295", "2973659117", "2985159566", "3002879078", "3004949931", "3006920152", "3007067995", "3007970293"], "citation_overall": ["171518098", "406470922", "1898691322", "2790105807", "1735408006", "2307474103", "18609543", "1977436385", "2028256461", "2157907216", "2304733911", "2039331868", "2227744130", "2103961104", "2294553235", "2303857979", "2666495535", "153187696", "182845373", "199269647", "2510477651", "432958383", "1953619217", "2171952583", "2648237392", "2973659117", "2129587872", "279117051", "19113950", "99310831", "2005280795", "2100901955", "2108700793", "2119211746", "2169589378", "2940842295", "1127638238", "2164821924", "3002879078", "1493336844", "88694571", "2985159566", "20849977", "104458551", "130593666", "2031695674", "2106620652", "2175749388", "2302890243", "2668998286", "2157264513", "2222197880", "2307659872", "72475612", "171850535", "2129323228", "2397906783", "2676794259", "1969700822", "2043257109", "2099146317", "2225814266", "2228186259", "2511081977", "2066992622", "2068808004", "2119358608", "2098084509", "2103731221", "2144652867", "2169871284", "2223166846", "2225939375", "2529188767", "2711475397", "2715473702", "2776280595", "2638940986", "2097050050", "2131748193", "2146905788", "2159377756", "2253755520", "2595968080", "2635456871", "2739799508", "2798824079", "3004949931", "3006920152", "3007067995", "3007970293"], "publication_10_years": ["2097050050", "2131748193", "2159377756", "2595968080", "2635456871", "3004949931", "3006920152", "3007067995", "3007970293"], "citation_10_years": ["2097050050", "2131748193", "2159377756", "2595968080", "2635456871", "3004949931", "3006920152", "3007067995", "3007970293"], "publication_5_years": ["2159377756", "3006920152", "3007067995", "3007970293"], "citation_5_years": ["2159377756", "3006920152", "3007067995", "3007970293"]}, "industrial_sectors": {"publication_overall": ["technology", "computing_and_it", "electronics", "management", "information_technology", "telecommunications"], "citation_overall": ["technology", "computing_and_it", "telecommunications", "electronics", "management", "information_technology"], "publication_10_years": [], "citation_10_years": [], "publication_5_years": [], "citation_5_years": []}}