{"name": "Annual International Conference on Emerging Research Areas and International Conference on Microelectronics, Communications and Renewable Energy", "acronym": "Energy", "type": "conference", "uniqueEntities": {"organizations": {"Amirkabir University of Technology": {"name": "Amirkabir University of Technology", "type": "organization", "organization_type": "Education", "h_index": 66, "h5_index": 25, "num_publications": 1, "num_citations": 0, "num_publications_5y": 0, "num_citations_5y": 0, "num_publications_10y": 1, "num_citations_10y": 0, "publications_years": {"2013": 1}, "citations_years": {}, "old_citations": {"2013": 0}, "isVisible": false}, "Amrita Vishwa Vidyapeetham University": {"name": "Amrita Vishwa Vidyapeetham University", "type": "organization", "organization_type": "Education", "h_index": 31, "h5_index": 18, "num_publications": 1, "num_citations": 0, "num_publications_5y": 0, "num_citations_5y": 0, "num_publications_10y": 1, "num_citations_10y": 0, "publications_years": {"2013": 1}, "citations_years": {}, "old_citations": {"2013": 2}, "isVisible": false}, "Centre for Development of Advanced Computing": {"name": "Centre for Development of Advanced Computing", "type": "organization", "organization_type": "Facility", "h_index": 23, "h5_index": 9, "num_publications": 1, "num_citations": 0, "num_publications_5y": 0, "num_citations_5y": 0, "num_publications_10y": 1, "num_citations_10y": 0, "publications_years": {"2013": 1}, "citations_years": {}, "old_citations": {"2013": 0}, "isVisible": false}, "Cochin University of Science and Technology": {"name": "Cochin University of Science and Technology", "type": "organization", "organization_type": "Education", "h_index": 21, "h5_index": 7, "num_publications": 1, "num_citations": 4, "num_publications_5y": 0, "num_citations_5y": 4, "num_publications_10y": 1, "num_citations_10y": 4, "publications_years": {"2013": 1}, "citations_years": {"2014": 2, "2015": 2}, "old_citations": {"2013": 4}, "isVisible": false}, "Defence Institute of Advanced Technology": {"name": "Defence Institute of Advanced Technology", "type": "organization", "organization_type": "Education", "h_index": 12, "h5_index": 6, "num_publications": 1, "num_citations": 20, "num_publications_5y": 0, "num_citations_5y": 17, "num_publications_10y": 1, "num_citations_10y": 17, "publications_years": {"2013": 1}, "citations_years": {"2014": 2, "2015": 2, "2016": 6, "2017": 3, "2018": 4, "2019": 3}, "old_citations": {"2013": 20}, "isVisible": false}, "Galgotias University": {"name": "Galgotias University", "type": "organization", "organization_type": "Education", "h_index": 10, "h5_index": 9, "num_publications": 1, "num_citations": 2, "num_publications_5y": 0, "num_citations_5y": 2, "num_publications_10y": 1, "num_citations_10y": 2, "publications_years": {"2013": 1}, "citations_years": {"2016": 1, "2017": 1}, "old_citations": {"2013": 2}, "isVisible": false}, "ITM University": {"name": "ITM University", "type": "organization", "organization_type": "Education", "h_index": 9, "h5_index": 5, "num_publications": 1, "num_citations": 1, "num_publications_5y": 0, "num_citations_5y": 1, "num_publications_10y": 1, "num_citations_10y": 1, "publications_years": {"2013": 1}, "citations_years": {"2015": 1}, "old_citations": {"2013": 1}, "isVisible": false}, "Jaipur National University": {"name": "Jaipur National University", "type": "organization", "organization_type": "Education", "h_index": 5, "h5_index": 4, "num_publications": 1, "num_citations": 2, "num_publications_5y": 0, "num_citations_5y": 2, "num_publications_10y": 1, "num_citations_10y": 2, "publications_years": {"2013": 1}, "citations_years": {"2016": 1, "2017": 1}, "old_citations": {"2013": 2}, "isVisible": false}, "National Institute of Technology Calicut": {"name": "National Institute of Technology Calicut", "type": "organization", "organization_type": "Education", "h_index": 26, "h5_index": 11, "num_publications": 1, "num_citations": 2, "num_publications_5y": 0, "num_citations_5y": 2, "num_publications_10y": 1, "num_citations_10y": 2, "publications_years": {"2013": 1}, "citations_years": {"2015": 1, "2016": 0, "2017": 1}, "old_citations": {"2013": 2}, "isVisible": false}, "National Institute of Technology Karnataka": {"name": "National Institute of Technology Karnataka", "type": "organization", "organization_type": "Education", "h_index": 25, "h5_index": 13, "num_publications": 1, "num_citations": 1, "num_publications_5y": 0, "num_citations_5y": 1, "num_publications_10y": 1, "num_citations_10y": 1, "publications_years": {"2013": 1}, "citations_years": {"2015": 1}, "old_citations": {"2013": 1}, "isVisible": false}, "REVA University": {"name": "REVA University", "type": "organization", "organization_type": "Education", "h_index": 19, "h5_index": 7, "num_publications": 1, "num_citations": 1, "num_publications_5y": 0, "num_citations_5y": 1, "num_publications_10y": 1, "num_citations_10y": 1, "publications_years": {"2013": 1}, "citations_years": {"2016": 1}, "old_citations": {"2013": 1}, "isVisible": false}, "Shahid Beheshti University": {"name": "Shahid Beheshti University", "type": "organization", "organization_type": "Education", "h_index": 45, "h5_index": 20, "num_publications": 1, "num_citations": 0, "num_publications_5y": 0, "num_citations_5y": 0, "num_publications_10y": 1, "num_citations_10y": 0, "publications_years": {"2013": 1}, "citations_years": {}, "old_citations": {"2013": 0}, "isVisible": false}, "Tata Consultancy Services (India)": {"name": "Tata Consultancy Services (India)", "type": "organization", "organization_type": "Company", "h_index": 40, "h5_index": 14, "num_publications": 1, "num_citations": 4, "num_publications_5y": 0, "num_citations_5y": 4, "num_publications_10y": 1, "num_citations_10y": 4, "publications_years": {"2013": 1}, "citations_years": {"2014": 1, "2015": 1, "2016": 0, "2017": 1, "2018": 1}, "old_citations": {"2013": 4}, "isVisible": false}, "Universiti of Malaysia Sabah": {"name": "Universiti of Malaysia Sabah", "type": "organization", "organization_type": "Education", "h_index": 19, "h5_index": 6, "num_publications": 1, "num_citations": 12, "num_publications_5y": 0, "num_citations_5y": 11, "num_publications_10y": 1, "num_citations_10y": 12, "publications_years": {"2013": 1}, "citations_years": {"2013": 1, "2014": 6, "2015": 4, "2016": 0, "2017": 1}, "old_citations": {"2013": 12}, "isVisible": false}, "Vikram Sarabhai Space Centre": {"name": "Vikram Sarabhai Space Centre", "type": "organization", "organization_type": "Facility", "h_index": 6, "h5_index": 2, "num_publications": 1, "num_citations": 2, "num_publications_5y": 0, "num_citations_5y": 2, "num_publications_10y": 1, "num_citations_10y": 2, "publications_years": {"2013": 1}, "citations_years": {"2016": 1, "2017": 0, "2018": 1}, "old_citations": {"2013": 2}, "isVisible": false}}, "topics": {"computer science": {"name": "computer science", "type": "topic", "h_index": 1779, "h5_index": 416, "num_publications": 31, "num_citations": 95, "num_publications_5y": 0, "num_citations_5y": 85, "num_publications_10y": 31, "num_citations_10y": 88, "publications_years": {"2013": 31}, "citations_years": {"2014": 21, "2015": 22, "2016": 20, "2017": 13, "2018": 9, "2019": 6, "2013": 3, "2020": 1}, "old_citations": {"2013": 97}, "isVisible": false}, "computer systems": {"name": "computer systems", "type": "topic", "h_index": 1595, "h5_index": 367, "num_publications": 26, "num_citations": 64, "num_publications_5y": 0, "num_citations_5y": 58, "num_publications_10y": 26, "num_citations_10y": 59, "publications_years": {"2013": 26}, "citations_years": {"2014": 14, "2015": 15, "2016": 14, "2017": 8, "2018": 7, "2019": 5, "2013": 1}, "old_citations": {"2013": 64}, "isVisible": false}, "engineering": {"name": "engineering", "type": "topic", "h_index": 1177, "h5_index": 287, "num_publications": 24, "num_citations": 80, "num_publications_5y": 0, "num_citations_5y": 74, "num_publications_10y": 24, "num_citations_10y": 77, "publications_years": {"2013": 24}, "citations_years": {"2014": 19, "2015": 19, "2016": 18, "2017": 10, "2013": 3, "2018": 8, "2019": 3}, "old_citations": {"2013": 80}, "isVisible": false}, "mathematics": {"name": "mathematics", "type": "topic", "h_index": 1364, "h5_index": 300, "num_publications": 22, "num_citations": 66, "num_publications_5y": 0, "num_citations_5y": 58, "num_publications_10y": 22, "num_citations_10y": 60, "publications_years": {"2013": 22}, "citations_years": {"2014": 11, "2015": 16, "2016": 14, "2017": 10, "2013": 2, "2018": 7, "2019": 5, "2020": 1}, "old_citations": {"2013": 68}, "isVisible": false}, "signal processing": {"name": "signal processing", "type": "topic", "h_index": 1012, "h5_index": 255, "num_publications": 22, "num_citations": 73, "num_publications_5y": 0, "num_citations_5y": 67, "num_publications_10y": 22, "num_citations_10y": 70, "publications_years": {"2013": 22}, "citations_years": {"2016": 15, "2014": 17, "2015": 18, "2017": 9, "2013": 3, "2018": 8, "2019": 3}, "old_citations": {"2013": 73}, "isVisible": false}, "communication systems": {"name": "communication systems", "type": "topic", "h_index": 1092, "h5_index": 254, "num_publications": 21, "num_citations": 56, "num_publications_5y": 0, "num_citations_5y": 51, "num_publications_10y": 21, "num_citations_10y": 52, "publications_years": {"2013": 21}, "citations_years": {"2014": 12, "2015": 13, "2016": 12, "2017": 7, "2013": 1, "2018": 7, "2019": 4}, "old_citations": {"2013": 56}, "isVisible": false}, "telecommunication systems": {"name": "telecommunication systems", "type": "topic", "h_index": 1187, "h5_index": 277, "num_publications": 21, "num_citations": 57, "num_publications_5y": 0, "num_citations_5y": 52, "num_publications_10y": 21, "num_citations_10y": 53, "publications_years": {"2013": 21}, "citations_years": {"2014": 12, "2015": 14, "2016": 11, "2017": 8, "2013": 1, "2018": 7, "2019": 4}, "old_citations": {"2013": 57}, "isVisible": false}, "computer networks": {"name": "computer networks", "type": "topic", "h_index": 1262, "h5_index": 332, "num_publications": 20, "num_citations": 55, "num_publications_5y": 0, "num_citations_5y": 50, "num_publications_10y": 20, "num_citations_10y": 51, "publications_years": {"2013": 20}, "citations_years": {"2014": 12, "2015": 13, "2016": 11, "2017": 7, "2013": 1, "2018": 7, "2019": 4}, "old_citations": {"2013": 55}, "isVisible": false}, "wireless telecommunication systems": {"name": "wireless telecommunication systems", "type": "topic", "h_index": 1087, "h5_index": 254, "num_publications": 20, "num_citations": 55, "num_publications_5y": 0, "num_citations_5y": 50, "num_publications_10y": 20, "num_citations_10y": 51, "publications_years": {"2013": 20}, "citations_years": {"2014": 12, "2015": 13, "2016": 11, "2017": 7, "2013": 1, "2018": 7, "2019": 4}, "old_citations": {"2013": 55}, "isVisible": false}, "communication channels (information theory)": {"name": "communication channels (information theory)", "type": "topic", "h_index": 925, "h5_index": 216, "num_publications": 19, "num_citations": 54, "num_publications_5y": 0, "num_citations_5y": 50, "num_publications_10y": 19, "num_citations_10y": 51, "publications_years": {"2013": 19}, "citations_years": {"2014": 12, "2015": 13, "2016": 11, "2017": 7, "2013": 1, "2018": 7, "2019": 3}, "old_citations": {"2013": 54}, "isVisible": false}, "signal to noise ratio": {"name": "signal to noise ratio", "type": "topic", "h_index": 821, "h5_index": 194, "num_publications": 17, "num_citations": 47, "num_publications_5y": 0, "num_citations_5y": 43, "num_publications_10y": 17, "num_citations_10y": 44, "publications_years": {"2013": 17}, "citations_years": {"2014": 10, "2015": 12, "2016": 8, "2017": 6, "2013": 1, "2018": 7, "2019": 3}, "old_citations": {"2013": 47}, "isVisible": false}, "telecommunication networks": {"name": "telecommunication networks", "type": "topic", "h_index": 1116, "h5_index": 258, "num_publications": 17, "num_citations": 35, "num_publications_5y": 0, "num_citations_5y": 33, "num_publications_10y": 17, "num_citations_10y": 34, "publications_years": {"2013": 17}, "citations_years": {"2014": 10, "2015": 12, "2016": 4, "2017": 5, "2013": 1, "2018": 2, "2019": 1}, "old_citations": {"2013": 35}, "isVisible": false}, "computer hardware": {"name": "computer hardware", "type": "topic", "h_index": 1150, "h5_index": 279, "num_publications": 16, "num_citations": 50, "num_publications_5y": 0, "num_citations_5y": 45, "num_publications_10y": 16, "num_citations_10y": 46, "publications_years": {"2013": 16}, "citations_years": {"2014": 7, "2015": 10, "2016": 17, "2013": 1, "2017": 6, "2018": 5, "2019": 4}, "old_citations": {"2013": 50}, "isVisible": false}, "telecommunication traffic": {"name": "telecommunication traffic", "type": "topic", "h_index": 1036, "h5_index": 233, "num_publications": 15, "num_citations": 33, "num_publications_5y": 0, "num_citations_5y": 31, "num_publications_10y": 15, "num_citations_10y": 32, "publications_years": {"2013": 15}, "citations_years": {"2014": 10, "2015": 12, "2016": 3, "2017": 4, "2013": 1, "2018": 2, "2019": 1}, "old_citations": {"2013": 33}, "isVisible": false}, "computer imaging and vision": {"name": "computer imaging and vision", "type": "topic", "h_index": 1142, "h5_index": 334, "num_publications": 13, "num_citations": 48, "num_publications_5y": 0, "num_citations_5y": 43, "num_publications_10y": 13, "num_citations_10y": 44, "publications_years": {"2013": 13}, "citations_years": {"2014": 10, "2015": 11, "2016": 9, "2017": 8, "2018": 5, "2019": 4, "2013": 1}, "old_citations": {"2013": 50}, "isVisible": false}, "image processing": {"name": "image processing", "type": "topic", "h_index": 1113, "h5_index": 328, "num_publications": 12, "num_citations": 36, "num_publications_5y": 0, "num_citations_5y": 32, "num_publications_10y": 12, "num_citations_10y": 32, "publications_years": {"2013": 12}, "citations_years": {"2014": 4, "2015": 7, "2016": 9, "2017": 7, "2018": 5, "2019": 4}, "old_citations": {"2013": 38}, "isVisible": false}, "computer security": {"name": "computer security", "type": "topic", "h_index": 977, "h5_index": 220, "num_publications": 11, "num_citations": 16, "num_publications_5y": 0, "num_citations_5y": 16, "num_publications_10y": 11, "num_citations_10y": 16, "publications_years": {"2013": 11}, "citations_years": {"2014": 3, "2015": 4, "2016": 4, "2017": 3, "2018": 2}, "old_citations": {"2013": 18}, "isVisible": false}, "signal detection": {"name": "signal detection", "type": "topic", "h_index": 720, "h5_index": 185, "num_publications": 11, "num_citations": 52, "num_publications_5y": 0, "num_citations_5y": 47, "num_publications_10y": 11, "num_citations_10y": 49, "publications_years": {"2013": 11}, "citations_years": {"2014": 14, "2015": 13, "2016": 7, "2017": 7, "2013": 2, "2018": 6, "2019": 3}, "old_citations": {"2013": 52}, "isVisible": false}, "artificial intelligence": {"name": "artificial intelligence", "type": "topic", "h_index": 1421, "h5_index": 373, "num_publications": 10, "num_citations": 58, "num_publications_5y": 0, "num_citations_5y": 50, "num_publications_10y": 10, "num_citations_10y": 52, "publications_years": {"2013": 10}, "citations_years": {"2014": 13, "2015": 10, "2016": 14, "2017": 8, "2018": 5, "2019": 5, "2013": 2, "2020": 1}, "old_citations": {"2013": 58}, "isVisible": false}, "communication": {"name": "communication", "type": "topic", "h_index": 886, "h5_index": 209, "num_publications": 10, "num_citations": 21, "num_publications_5y": 0, "num_citations_5y": 21, "num_publications_10y": 10, "num_citations_10y": 21, "publications_years": {"2013": 10}, "citations_years": {"2014": 6, "2015": 8, "2016": 4, "2017": 3}, "old_citations": {"2013": 21}, "isVisible": false}, "correlation analysis": {"name": "correlation analysis", "type": "topic", "h_index": 1044, "h5_index": 224, "num_publications": 6, "num_citations": 36, "num_publications_5y": 0, "num_citations_5y": 29, "num_publications_10y": 6, "num_citations_10y": 30, "publications_years": {"2013": 6}, "citations_years": {"2013": 1, "2014": 2, "2015": 4, "2016": 12, "2017": 6, "2018": 5, "2019": 5, "2020": 1}, "old_citations": {"2013": 38}, "isVisible": false}, "image analysis": {"name": "image analysis", "type": "topic", "h_index": 988, "h5_index": 315, "num_publications": 10, "num_citations": 32, "num_publications_5y": 0, "num_citations_5y": 28, "num_publications_10y": 10, "num_citations_10y": 28, "publications_years": {"2013": 10}, "citations_years": {"2014": 3, "2015": 6, "2016": 9, "2017": 6, "2018": 4, "2019": 4}, "old_citations": {"2013": 34}, "isVisible": false}, "image segmentation": {"name": "image segmentation", "type": "topic", "h_index": 870, "h5_index": 282, "num_publications": 8, "num_citations": 31, "num_publications_5y": 0, "num_citations_5y": 27, "num_publications_10y": 8, "num_citations_10y": 27, "publications_years": {"2013": 8}, "citations_years": {"2014": 3, "2015": 5, "2016": 9, "2017": 6, "2018": 4, "2019": 4}, "old_citations": {"2013": 33}, "isVisible": false}}, "authors": {"425908019": {"name": "u sripati", "type": "author", "activity": 10, "h_index": 3, "h5_index": 1, "mag_id": "425908019", "num_publications": 1, "num_citations": 1, "num_publications_5y": 0, "num_citations_5y": 1, "num_publications_10y": 1, "num_citations_10y": 1, "publications_years": {"2013": 1}, "citations_years": {"2015": 1}, "old_citations": {"2013": 1}, "isVisible": false}, "1240091570": {"name": "d jokhakar jignesh", "type": "author", "activity": 1, "h_index": 1, "h5_index": 0, "mag_id": "1240091570", "num_publications": 1, "num_citations": 1, "num_publications_5y": 0, "num_citations_5y": 1, "num_publications_10y": 1, "num_citations_10y": 1, "publications_years": {"2013": 1}, "citations_years": {"2015": 1}, "old_citations": {"2013": 1}, "isVisible": false}, "1251723480": {"name": "c k vijayakumari", "type": "author", "activity": 5, "h_index": 3, "h5_index": 0, "mag_id": "1251723480", "num_publications": 1, "num_citations": 4, "num_publications_5y": 0, "num_citations_5y": 4, "num_publications_10y": 1, "num_citations_10y": 4, "publications_years": {"2013": 1}, "citations_years": {"2014": 2, "2015": 2}, "old_citations": {"2013": 4}, "isVisible": false}, "1425472823": {"name": "mugdha udgir", "type": "author", "activity": 1, "h_index": 2, "h5_index": 0, "mag_id": "1425472823", "num_publications": 1, "num_citations": 6, "num_publications_5y": 0, "num_citations_5y": 4, "num_publications_10y": 1, "num_citations_10y": 4, "publications_years": {"2013": 1}, "citations_years": {"2015": 2, "2016": 0, "2017": 2, "2018": 0, "2019": 1, "2020": 1}, "old_citations": {"2013": 6}, "isVisible": false}, "1586965170": {"name": "rekha ashok baradol", "type": "author", "activity": 2, "h_index": 0, "h5_index": 0, "mag_id": "1586965170", "num_publications": 1, "num_citations": 0, "num_publications_5y": 0, "num_citations_5y": 0, "num_publications_10y": 1, "num_citations_10y": 0, "publications_years": {"2013": 1}, "citations_years": {}, "old_citations": {"2013": 0}, "isVisible": false}, "1727883814": {"name": "k usha", "type": "author", "activity": 1, "h_index": 1, "h5_index": 0, "mag_id": "1727883814", "num_publications": 1, "num_citations": 1, "num_publications_5y": 0, "num_citations_5y": 1, "num_publications_10y": 1, "num_citations_10y": 1, "publications_years": {"2013": 1}, "citations_years": {"2015": 1}, "old_citations": {"2013": 1}, "isVisible": false}, "1969652786": {"name": "sreela sreedhar", "type": "author", "activity": 1, "h_index": 1, "h5_index": 0, "mag_id": "1969652786", "num_publications": 1, "num_citations": 5, "num_publications_5y": 0, "num_citations_5y": 5, "num_publications_10y": 1, "num_citations_10y": 5, "publications_years": {"2013": 1}, "citations_years": {"2014": 2, "2015": 1, "2016": 2}, "old_citations": {"2013": 5}, "isVisible": false}, "1971150045": {"name": "m girish chandra", "type": "author", "activity": 15, "h_index": 10, "h5_index": 3, "mag_id": "1971150045", "num_publications": 1, "num_citations": 4, "num_publications_5y": 0, "num_citations_5y": 4, "num_publications_10y": 1, "num_citations_10y": 4, "publications_years": {"2013": 1}, "citations_years": {"2014": 1, "2015": 1, "2016": 0, "2017": 1, "2018": 1}, "old_citations": {"2013": 4}, "isVisible": false}, "2005298786": {"name": "mohamad harris misran", "type": "author", "activity": 8, "h_index": 3, "h5_index": 0, "mag_id": "2005298786", "num_publications": 1, "num_citations": 12, "num_publications_5y": 0, "num_citations_5y": 11, "num_publications_10y": 1, "num_citations_10y": 12, "publications_years": {"2013": 1}, "citations_years": {"2013": 1, "2014": 6, "2015": 4, "2016": 0, "2017": 1}, "old_citations": {"2013": 12}, "isVisible": false}, "2038483773": {"name": "abdullah bade", "type": "author", "activity": 17, "h_index": 6, "h5_index": 1, "mag_id": "2038483773", "num_publications": 1, "num_citations": 12, "num_publications_5y": 0, "num_citations_5y": 11, "num_publications_10y": 1, "num_citations_10y": 12, "publications_years": {"2013": 1}, "citations_years": {"2013": 1, "2014": 6, "2015": 4, "2016": 0, "2017": 1}, "old_citations": {"2013": 12}, "isVisible": false}, "2044975371": {"name": "p p deepthi", "type": "author", "activity": 13, "h_index": 7, "h5_index": 3, "mag_id": "2044975371", "num_publications": 1, "num_citations": 2, "num_publications_5y": 0, "num_citations_5y": 2, "num_publications_10y": 1, "num_citations_10y": 2, "publications_years": {"2013": 1}, "citations_years": {"2015": 1, "2016": 0, "2017": 1}, "old_citations": {"2013": 2}, "isVisible": false}, "2086523367": {"name": "shyam akashe", "type": "author", "activity": 8, "h_index": 8, "h5_index": 1, "mag_id": "2086523367", "num_publications": 1, "num_citations": 1, "num_publications_5y": 0, "num_citations_5y": 1, "num_publications_10y": 1, "num_citations_10y": 1, "publications_years": {"2013": 1}, "citations_years": {"2015": 1}, "old_citations": {"2013": 1}, "isVisible": false}, "2095845930": {"name": "manisha j nene", "type": "author", "activity": 13, "h_index": 5, "h5_index": 4, "mag_id": "2095845930", "num_publications": 1, "num_citations": 20, "num_publications_5y": 0, "num_citations_5y": 17, "num_publications_10y": 1, "num_citations_10y": 17, "publications_years": {"2013": 1}, "citations_years": {"2014": 2, "2015": 2, "2016": 6, "2017": 3, "2018": 4, "2019": 3}, "old_citations": {"2013": 20}, "isVisible": false}, "2098497939": {"name": "s r desai", "type": "author", "activity": 8, "h_index": 1, "h5_index": 0, "mag_id": "2098497939", "num_publications": 1, "num_citations": 9, "num_publications_5y": 0, "num_citations_5y": 8, "num_publications_10y": 1, "num_citations_10y": 9, "publications_years": {"2013": 1}, "citations_years": {"2013": 1, "2014": 0, "2015": 0, "2016": 6, "2017": 1, "2018": 1}, "old_citations": {"2013": 9}, "isVisible": false}, "2111882567": {"name": "muralidhar kulkarni", "type": "author", "activity": 19, "h_index": 5, "h5_index": 1, "mag_id": "2111882567", "num_publications": 1, "num_citations": 1, "num_publications_5y": 0, "num_citations_5y": 1, "num_publications_10y": 1, "num_citations_10y": 1, "publications_years": {"2013": 1}, "citations_years": {"2015": 1}, "old_citations": {"2013": 1}, "isVisible": false}, "2112283088": {"name": "hari mohan dubey", "type": "author", "activity": 8, "h_index": 5, "h5_index": 3, "mag_id": "2112283088", "num_publications": 1, "num_citations": 6, "num_publications_5y": 0, "num_citations_5y": 4, "num_publications_10y": 1, "num_citations_10y": 4, "publications_years": {"2013": 1}, "citations_years": {"2015": 2, "2016": 0, "2017": 2, "2018": 0, "2019": 1, "2020": 1}, "old_citations": {"2013": 6}, "isVisible": false}, "2119444405": {"name": "sanjeev kumar singh", "type": "author", "activity": 6, "h_index": 3, "h5_index": 0, "mag_id": "2119444405", "num_publications": 1, "num_citations": 2, "num_publications_5y": 0, "num_citations_5y": 2, "num_publications_10y": 1, "num_citations_10y": 2, "publications_years": {"2013": 1}, "citations_years": {"2016": 1, "2017": 1}, "old_citations": {"2013": 2}, "isVisible": false}, "2121639872": {"name": "s sreedevi", "type": "author", "activity": 2, "h_index": 2, "h5_index": 0, "mag_id": "2121639872", "num_publications": 1, "num_citations": 3, "num_publications_5y": 0, "num_citations_5y": 2, "num_publications_10y": 1, "num_citations_10y": 2, "publications_years": {"2013": 1}, "citations_years": {"2014": 1, "2015": 0, "2016": 1, "2017": 0, "2018": 0, "2019": 1}, "old_citations": {"2013": 3}, "isVisible": false}, "2123435567": {"name": "ayaz ghorbani", "type": "author", "activity": 16, "h_index": 3, "h5_index": 1, "mag_id": "2123435567", "num_publications": 1, "num_citations": 0, "num_publications_5y": 0, "num_citations_5y": 0, "num_publications_10y": 1, "num_citations_10y": 0, "publications_years": {"2013": 1}, "citations_years": {}, "old_citations": {"2013": 0}, "isVisible": false}, "2128784282": {"name": "mohd azlishah othman", "type": "author", "activity": 8, "h_index": 5, "h5_index": 1, "mag_id": "2128784282", "num_publications": 1, "num_citations": 12, "num_publications_5y": 0, "num_citations_5y": 11, "num_publications_10y": 1, "num_citations_10y": 12, "publications_years": {"2013": 1}, "citations_years": {"2013": 1, "2014": 6, "2015": 4, "2016": 0, "2017": 1}, "old_citations": {"2013": 12}, "isVisible": false}, "2134149438": {"name": "anish francis", "type": "author", "activity": 3, "h_index": 2, "h5_index": 0, "mag_id": "2134149438", "num_publications": 1, "num_citations": 2, "num_publications_5y": 0, "num_citations_5y": 2, "num_publications_10y": 1, "num_citations_10y": 2, "publications_years": {"2013": 1}, "citations_years": {"2014": 2}, "old_citations": {"2013": 2}, "isVisible": false}, "2139220838": {"name": "k jaya sankar", "type": "author", "activity": 7, "h_index": 2, "h5_index": 2, "mag_id": "2139220838", "num_publications": 1, "num_citations": 1, "num_publications_5y": 0, "num_citations_5y": 1, "num_publications_10y": 1, "num_citations_10y": 1, "publications_years": {"2013": 1}, "citations_years": {"2015": 1}, "old_citations": {"2013": 1}, "isVisible": false}, "2140672692": {"name": "rajashekhar c biradar", "type": "author", "activity": 13, "h_index": 9, "h5_index": 3, "mag_id": "2140672692", "num_publications": 1, "num_citations": 1, "num_publications_5y": 0, "num_citations_5y": 1, "num_publications_10y": 1, "num_citations_10y": 1, "publications_years": {"2013": 1}, "citations_years": {"2016": 1}, "old_citations": {"2013": 1}, "isVisible": false}, "2145581893": {"name": "manjaree pandit", "type": "author", "activity": 18, "h_index": 6, "h5_index": 3, "mag_id": "2145581893", "num_publications": 1, "num_citations": 6, "num_publications_5y": 0, "num_citations_5y": 4, "num_publications_10y": 1, "num_citations_10y": 4, "publications_years": {"2013": 1}, "citations_years": {"2015": 2, "2016": 0, "2017": 2, "2018": 0, "2019": 1, "2020": 1}, "old_citations": {"2013": 6}, "isVisible": false}, "2149301550": {"name": "abey mathew varghese", "type": "author", "activity": 1, "h_index": 1, "h5_index": 0, "mag_id": "2149301550", "num_publications": 1, "num_citations": 1, "num_publications_5y": 0, "num_citations_5y": 1, "num_publications_10y": 1, "num_citations_10y": 1, "publications_years": {"2013": 1}, "citations_years": {"2016": 1}, "old_citations": {"2013": 1}, "isVisible": false}, "2157702415": {"name": "sudhish n george", "type": "author", "activity": 10, "h_index": 6, "h5_index": 4, "mag_id": "2157702415", "num_publications": 1, "num_citations": 2, "num_publications_5y": 0, "num_citations_5y": 2, "num_publications_10y": 1, "num_citations_10y": 2, "publications_years": {"2013": 1}, "citations_years": {"2015": 1, "2016": 0, "2017": 1}, "old_citations": {"2013": 2}, "isVisible": false}, "2164333511": {"name": "biku abraham", "type": "author", "activity": 3, "h_index": 0, "h5_index": 0, "mag_id": "2164333511", "num_publications": 1, "num_citations": 0, "num_publications_5y": 0, "num_citations_5y": 0, "num_publications_10y": 1, "num_citations_10y": 0, "publications_years": {"2013": 1}, "citations_years": {}, "old_citations": {"2013": 0}, "isVisible": false}, "2168142755": {"name": "rekha k james", "type": "author", "activity": 15, "h_index": 6, "h5_index": 1, "mag_id": "2168142755", "num_publications": 1, "num_citations": 4, "num_publications_5y": 0, "num_citations_5y": 4, "num_publications_10y": 1, "num_citations_10y": 4, "publications_years": {"2013": 1}, "citations_years": {"2014": 2, "2015": 2}, "old_citations": {"2013": 4}, "isVisible": false}, "2169387143": {"name": "maizatul alice meor said", "type": "author", "activity": 9, "h_index": 5, "h5_index": 0, "mag_id": "2169387143", "num_publications": 1, "num_citations": 12, "num_publications_5y": 0, "num_citations_5y": 11, "num_publications_10y": 1, "num_citations_10y": 12, "publications_years": {"2013": 1}, "citations_years": {"2013": 1, "2014": 6, "2015": 4, "2016": 0, "2017": 1}, "old_citations": {"2013": 12}, "isVisible": false}, "2169553822": {"name": "mohd harun abdullah", "type": "author", "activity": 4, "h_index": 2, "h5_index": 0, "mag_id": "2169553822", "num_publications": 1, "num_citations": 12, "num_publications_5y": 0, "num_citations_5y": 11, "num_publications_10y": 1, "num_citations_10y": 12, "publications_years": {"2013": 1}, "citations_years": {"2013": 1, "2014": 6, "2015": 4, "2016": 0, "2017": 1}, "old_citations": {"2013": 12}, "isVisible": false}, "2174846061": {"name": "shyam babu singh", "type": "author", "activity": 2, "h_index": 2, "h5_index": 0, "mag_id": "2174846061", "num_publications": 1, "num_citations": 1, "num_publications_5y": 0, "num_citations_5y": 1, "num_publications_10y": 1, "num_citations_10y": 1, "publications_years": {"2013": 1}, "citations_years": {"2015": 1}, "old_citations": {"2013": 1}, "isVisible": false}, "2204893113": {"name": "jose j edathala", "type": "author", "activity": 1, "h_index": 1, "h5_index": 0, "mag_id": "2204893113", "num_publications": 1, "num_citations": 2, "num_publications_5y": 0, "num_citations_5y": 2, "num_publications_10y": 1, "num_citations_10y": 2, "publications_years": {"2013": 1}, "citations_years": {"2016": 1, "2017": 0, "2018": 1}, "old_citations": {"2013": 2}, "isVisible": false}, "2222372101": {"name": "mojtaba rezaee", "type": "author", "activity": 3, "h_index": 0, "h5_index": 0, "mag_id": "2222372101", "num_publications": 1, "num_citations": 0, "num_publications_5y": 0, "num_citations_5y": 0, "num_publications_10y": 1, "num_citations_10y": 0, "publications_years": {"2013": 1}, "citations_years": {}, "old_citations": {"2013": 0}, "isVisible": false}, "2222469678": {"name": "c s jaison", "type": "author", "activity": 2, "h_index": 1, "h5_index": 0, "mag_id": "2222469678", "num_publications": 1, "num_citations": 1, "num_publications_5y": 0, "num_citations_5y": 0, "num_publications_10y": 1, "num_citations_10y": 0, "publications_years": {"2013": 1}, "citations_years": {"2019": 1}, "old_citations": {"2013": 1}, "isVisible": false}, "2223279962": {"name": "indu reena varughese", "type": "author", "activity": 1, "h_index": 1, "h5_index": 0, "mag_id": "2223279962", "num_publications": 1, "num_citations": 1, "num_publications_5y": 0, "num_citations_5y": 0, "num_publications_10y": 1, "num_citations_10y": 0, "publications_years": {"2013": 1}, "citations_years": {"2019": 1}, "old_citations": {"2013": 1}, "isVisible": false}, "2224372547": {"name": "s l sunala", "type": "author", "activity": 1, "h_index": 0, "h5_index": 0, "mag_id": "2224372547", "num_publications": 1, "num_citations": 0, "num_publications_5y": 0, "num_citations_5y": 0, "num_publications_10y": 1, "num_citations_10y": 0, "publications_years": {"2013": 1}, "citations_years": {}, "old_citations": {"2013": 0}, "isVisible": false}, "2226723585": {"name": "shinto sebastian", "type": "author", "activity": 5, "h_index": 3, "h5_index": 1, "mag_id": "2226723585", "num_publications": 1, "num_citations": 3, "num_publications_5y": 0, "num_citations_5y": 2, "num_publications_10y": 1, "num_citations_10y": 2, "publications_years": {"2013": 1}, "citations_years": {"2014": 1, "2015": 0, "2016": 1, "2017": 0, "2018": 0, "2019": 1}, "old_citations": {"2013": 3}, "isVisible": false}, "2227495259": {"name": "g k sadanandan", "type": "author", "activity": 1, "h_index": 0, "h5_index": 0, "mag_id": "2227495259", "num_publications": 1, "num_citations": 0, "num_publications_5y": 0, "num_citations_5y": 0, "num_publications_10y": 1, "num_citations_10y": 0, "publications_years": {"2013": 1}, "citations_years": {}, "old_citations": {"2013": 0}, "isVisible": false}, "2228042663": {"name": "dileep lukose", "type": "author", "activity": 1, "h_index": 1, "h5_index": 0, "mag_id": "2228042663", "num_publications": 1, "num_citations": 4, "num_publications_5y": 0, "num_citations_5y": 4, "num_publications_10y": 1, "num_citations_10y": 4, "publications_years": {"2013": 1}, "citations_years": {"2014": 2, "2015": 2}, "old_citations": {"2013": 4}, "isVisible": false}, "2229384709": {"name": "g sreenathan", "type": "author", "activity": 1, "h_index": 0, "h5_index": 0, "mag_id": "2229384709", "num_publications": 1, "num_citations": 0, "num_publications_5y": 0, "num_citations_5y": 0, "num_publications_10y": 1, "num_citations_10y": 0, "publications_years": {"2013": 1}, "citations_years": {}, "old_citations": {"2013": 0}, "isVisible": false}, "2229951735": {"name": "sabana backer", "type": "author", "activity": 1, "h_index": 1, "h5_index": 0, "mag_id": "2229951735", "num_publications": 1, "num_citations": 1, "num_publications_5y": 0, "num_citations_5y": 1, "num_publications_10y": 1, "num_citations_10y": 1, "publications_years": {"2013": 1}, "citations_years": {"2016": 1}, "old_citations": {"2013": 1}, "isVisible": false}, "2232443441": {"name": "sisily sibichen", "type": "author", "activity": 1, "h_index": 1, "h5_index": 0, "mag_id": "2232443441", "num_publications": 1, "num_citations": 5, "num_publications_5y": 0, "num_citations_5y": 5, "num_publications_10y": 1, "num_citations_10y": 5, "publications_years": {"2013": 1}, "citations_years": {"2014": 2, "2015": 1, "2016": 2}, "old_citations": {"2013": 5}, "isVisible": false}, "2260524024": {"name": "mohd muzafar ismail", "type": "author", "activity": 6, "h_index": 5, "h5_index": 0, "mag_id": "2260524024", "num_publications": 1, "num_citations": 12, "num_publications_5y": 0, "num_citations_5y": 11, "num_publications_10y": 1, "num_citations_10y": 12, "publications_years": {"2013": 1}, "citations_years": {"2013": 1, "2014": 6, "2015": 4, "2016": 0, "2017": 1}, "old_citations": {"2013": 12}, "isVisible": false}, "2280130556": {"name": "binu mathew", "type": "author", "activity": 2, "h_index": 1, "h5_index": 0, "mag_id": "2280130556", "num_publications": 1, "num_citations": 7, "num_publications_5y": 0, "num_citations_5y": 6, "num_publications_10y": 1, "num_citations_10y": 7, "publications_years": {"2013": 1}, "citations_years": {"2013": 1, "2014": 3, "2015": 2, "2016": 0, "2017": 0, "2018": 1}, "old_citations": {"2013": 7}, "isVisible": false}, "2290364943": {"name": "azri ramlee", "type": "author", "activity": 1, "h_index": 1, "h5_index": 0, "mag_id": "2290364943", "num_publications": 1, "num_citations": 12, "num_publications_5y": 0, "num_citations_5y": 11, "num_publications_10y": 1, "num_citations_10y": 12, "publications_years": {"2013": 1}, "citations_years": {"2013": 1, "2014": 6, "2015": 4, "2016": 0, "2017": 1}, "old_citations": {"2013": 12}, "isVisible": false}, "2293317227": {"name": "k m abubeker", "type": "author", "activity": 1, "h_index": 1, "h5_index": 0, "mag_id": "2293317227", "num_publications": 1, "num_citations": 1, "num_publications_5y": 0, "num_citations_5y": 1, "num_publications_10y": 1, "num_citations_10y": 1, "publications_years": {"2013": 1}, "citations_years": {"2016": 1}, "old_citations": {"2013": 1}, "isVisible": false}, "2297494571": {"name": "prashanth swamy", "type": "author", "activity": 5, "h_index": 4, "h5_index": 0, "mag_id": "2297494571", "num_publications": 1, "num_citations": 4, "num_publications_5y": 0, "num_citations_5y": 4, "num_publications_10y": 1, "num_citations_10y": 4, "publications_years": {"2013": 1}, "citations_years": {"2014": 1, "2015": 1, "2016": 0, "2017": 1, "2018": 1}, "old_citations": {"2013": 4}, "isVisible": false}, "2308802761": {"name": "ankita pramanik", "type": "author", "activity": 2, "h_index": 0, "h5_index": 0, "mag_id": "2308802761", "num_publications": 1, "num_citations": 0, "num_publications_5y": 0, "num_citations_5y": 0, "num_publications_10y": 1, "num_citations_10y": 0, "publications_years": {"2013": 1}, "citations_years": {}, "old_citations": {"2013": 0}, "isVisible": false}, "2333464708": {"name": "tahmineh niroomand", "type": "author", "activity": 1, "h_index": 0, "h5_index": 0, "mag_id": "2333464708", "num_publications": 1, "num_citations": 0, "num_publications_5y": 0, "num_citations_5y": 0, "num_publications_10y": 1, "num_citations_10y": 0, "publications_years": {"2013": 1}, "citations_years": {}, "old_citations": {"2013": 0}, "isVisible": false}, "2344632048": {"name": "ahammed s shebi", "type": "author", "activity": 1, "h_index": 0, "h5_index": 0, "mag_id": "2344632048", "num_publications": 1, "num_citations": 0, "num_publications_5y": 0, "num_citations_5y": 0, "num_publications_10y": 1, "num_citations_10y": 0, "publications_years": {"2013": 1}, "citations_years": {}, "old_citations": {"2013": 0}, "isVisible": false}, "2346190871": {"name": "lal g jyothish", "type": "author", "activity": 0, "h_index": 0, "h5_index": 0, "mag_id": "2346190871", "num_publications": 1, "num_citations": 0, "num_publications_5y": 0, "num_citations_5y": 0, "num_publications_10y": 1, "num_citations_10y": 0, "publications_years": {"2013": 1}, "citations_years": {}, "old_citations": {"2013": 2}, "isVisible": false}, "2347064386": {"name": "debjyoti mallik", "type": "author", "activity": 6, "h_index": 0, "h5_index": 0, "mag_id": "2347064386", "num_publications": 1, "num_citations": 0, "num_publications_5y": 0, "num_citations_5y": 0, "num_publications_10y": 1, "num_citations_10y": 0, "publications_years": {"2013": 1}, "citations_years": {}, "old_citations": {"2013": 0}, "isVisible": false}, "2347119817": {"name": "gourav sarkar", "type": "author", "activity": 6, "h_index": 0, "h5_index": 0, "mag_id": "2347119817", "num_publications": 1, "num_citations": 0, "num_publications_5y": 0, "num_citations_5y": 0, "num_publications_10y": 1, "num_citations_10y": 0, "publications_years": {"2013": 1}, "citations_years": {}, "old_citations": {"2013": 0}, "isVisible": false}, "2386457296": {"name": "merene joseph", "type": "author", "activity": 1, "h_index": 1, "h5_index": 0, "mag_id": "2386457296", "num_publications": 1, "num_citations": 2, "num_publications_5y": 0, "num_citations_5y": 2, "num_publications_10y": 1, "num_citations_10y": 2, "publications_years": {"2013": 1}, "citations_years": {"2016": 1, "2017": 0, "2018": 1}, "old_citations": {"2013": 2}, "isVisible": false}, "2395462613": {"name": "rashmi v nathan", "type": "author", "activity": 1, "h_index": 1, "h5_index": 0, "mag_id": "2395462613", "num_publications": 1, "num_citations": 7, "num_publications_5y": 0, "num_citations_5y": 6, "num_publications_10y": 1, "num_citations_10y": 7, "publications_years": {"2013": 1}, "citations_years": {"2013": 1, "2014": 3, "2015": 2, "2016": 0, "2017": 0, "2018": 1}, "old_citations": {"2013": 7}, "isVisible": false}, "2402099928": {"name": "siyana shukkor", "type": "author", "activity": 1, "h_index": 1, "h5_index": 0, "mag_id": "2402099928", "num_publications": 1, "num_citations": 7, "num_publications_5y": 0, "num_citations_5y": 6, "num_publications_10y": 1, "num_citations_10y": 7, "publications_years": {"2013": 1}, "citations_years": {"2013": 1, "2014": 3, "2015": 2, "2016": 0, "2017": 0, "2018": 1}, "old_citations": {"2013": 7}, "isVisible": false}, "2404397541": {"name": "satish sharma", "type": "author", "activity": 1, "h_index": 1, "h5_index": 0, "mag_id": "2404397541", "num_publications": 1, "num_citations": 1, "num_publications_5y": 0, "num_citations_5y": 1, "num_publications_10y": 1, "num_citations_10y": 1, "publications_years": {"2013": 1}, "citations_years": {"2015": 1}, "old_citations": {"2013": 1}, "isVisible": false}, "2404788079": {"name": "a neethu lakshmi", "type": "author", "activity": 1, "h_index": 1, "h5_index": 0, "mag_id": "2404788079", "num_publications": 1, "num_citations": 7, "num_publications_5y": 0, "num_citations_5y": 6, "num_publications_10y": 1, "num_citations_10y": 7, "publications_years": {"2013": 1}, "citations_years": {"2013": 1, "2014": 3, "2015": 2, "2016": 0, "2017": 0, "2018": 1}, "old_citations": {"2013": 7}, "isVisible": false}, "2404841622": {"name": "r rajesh", "type": "author", "activity": 6, "h_index": 0, "h5_index": 0, "mag_id": "2404841622", "num_publications": 1, "num_citations": 0, "num_publications_5y": 0, "num_citations_5y": 0, "num_publications_10y": 1, "num_citations_10y": 0, "publications_years": {"2013": 1}, "citations_years": {}, "old_citations": {"2013": 0}, "isVisible": false}, "2408095437": {"name": "pooppy george", "type": "author", "activity": 1, "h_index": 1, "h5_index": 0, "mag_id": "2408095437", "num_publications": 1, "num_citations": 7, "num_publications_5y": 0, "num_citations_5y": 6, "num_publications_10y": 1, "num_citations_10y": 7, "publications_years": {"2013": 1}, "citations_years": {"2013": 1, "2014": 3, "2015": 2, "2016": 0, "2017": 0, "2018": 1}, "old_citations": {"2013": 7}, "isVisible": false}, "2427010613": {"name": "hamzah asyrani sulaiman", "type": "author", "activity": 12, "h_index": 5, "h5_index": 1, "mag_id": "2427010613", "num_publications": 1, "num_citations": 12, "num_publications_5y": 0, "num_citations_5y": 11, "num_publications_10y": 1, "num_citations_10y": 12, "publications_years": {"2013": 1}, "citations_years": {"2013": 1, "2014": 6, "2015": 4, "2016": 0, "2017": 1}, "old_citations": {"2013": 12}, "isVisible": false}, "2431868144": {"name": "k a arun kumar", "type": "author", "activity": 1, "h_index": 1, "h5_index": 0, "mag_id": "2431868144", "num_publications": 1, "num_citations": 4, "num_publications_5y": 0, "num_citations_5y": 4, "num_publications_10y": 1, "num_citations_10y": 4, "publications_years": {"2013": 1}, "citations_years": {"2015": 2, "2016": 1, "2017": 1}, "old_citations": {"2013": 4}, "isVisible": false}, "2434926066": {"name": "rajendra prasad", "type": "author", "activity": 13, "h_index": 7, "h5_index": 4, "mag_id": "2434926066", "num_publications": 1, "num_citations": 9, "num_publications_5y": 0, "num_citations_5y": 8, "num_publications_10y": 1, "num_citations_10y": 9, "publications_years": {"2013": 1}, "citations_years": {"2013": 1, "2014": 0, "2015": 0, "2016": 6, "2017": 1, "2018": 1}, "old_citations": {"2013": 9}, "isVisible": false}, "2436573343": {"name": "navneet p singh", "type": "author", "activity": 1, "h_index": 1, "h5_index": 0, "mag_id": "2436573343", "num_publications": 1, "num_citations": 20, "num_publications_5y": 0, "num_citations_5y": 17, "num_publications_10y": 1, "num_citations_10y": 17, "publications_years": {"2013": 1}, "citations_years": {"2014": 2, "2015": 2, "2016": 6, "2017": 3, "2018": 4, "2019": 3}, "old_citations": {"2013": 20}, "isVisible": false}, "2468992238": {"name": "abu kausar", "type": "author", "activity": 3, "h_index": 1, "h5_index": 0, "mag_id": "2468992238", "num_publications": 1, "num_citations": 2, "num_publications_5y": 0, "num_citations_5y": 2, "num_publications_10y": 1, "num_citations_10y": 2, "publications_years": {"2013": 1}, "citations_years": {"2016": 1, "2017": 1}, "old_citations": {"2013": 2}, "isVisible": false}, "2494380990": {"name": "arnab chakraborty", "type": "author", "activity": 1, "h_index": 0, "h5_index": 0, "mag_id": "2494380990", "num_publications": 1, "num_citations": 0, "num_publications_5y": 0, "num_citations_5y": 0, "num_publications_10y": 1, "num_citations_10y": 0, "publications_years": {"2013": 1}, "citations_years": {}, "old_citations": {"2013": 0}, "isVisible": false}, "2507095764": {"name": "devi murali", "type": "author", "activity": 1, "h_index": 1, "h5_index": 0, "mag_id": "2507095764", "num_publications": 1, "num_citations": 4, "num_publications_5y": 0, "num_citations_5y": 4, "num_publications_10y": 1, "num_citations_10y": 4, "publications_years": {"2013": 1}, "citations_years": {"2014": 1, "2015": 1, "2016": 0, "2017": 2}, "old_citations": {"2013": 4}, "isVisible": false}, "2548602927": {"name": "samta jain", "type": "author", "activity": 1, "h_index": 1, "h5_index": 0, "mag_id": "2548602927", "num_publications": 1, "num_citations": 1, "num_publications_5y": 0, "num_citations_5y": 1, "num_publications_10y": 1, "num_citations_10y": 1, "publications_years": {"2013": 1}, "citations_years": {"2018": 1}, "old_citations": {"2013": 1}, "isVisible": false}, "2550074379": {"name": "k vijayakumar", "type": "author", "activity": 1, "h_index": 1, "h5_index": 0, "mag_id": "2550074379", "num_publications": 1, "num_citations": 2, "num_publications_5y": 0, "num_citations_5y": 2, "num_publications_10y": 1, "num_citations_10y": 2, "publications_years": {"2013": 1}, "citations_years": {"2014": 2}, "old_citations": {"2013": 2}, "isVisible": false}, "2552057662": {"name": "nasar", "type": "author", "activity": 1, "h_index": 1, "h5_index": 0, "mag_id": "2552057662", "num_publications": 1, "num_citations": 2, "num_publications_5y": 0, "num_citations_5y": 2, "num_publications_10y": 1, "num_citations_10y": 2, "publications_years": {"2013": 1}, "citations_years": {"2016": 1, "2017": 1}, "old_citations": {"2013": 2}, "isVisible": false}, "2553156634": {"name": "meenu mathew", "type": "author", "activity": 1, "h_index": 1, "h5_index": 0, "mag_id": "2553156634", "num_publications": 1, "num_citations": 2, "num_publications_5y": 0, "num_citations_5y": 2, "num_publications_10y": 1, "num_citations_10y": 2, "publications_years": {"2013": 1}, "citations_years": {"2014": 2}, "old_citations": {"2013": 2}, "isVisible": false}, "2555132356": {"name": "g varghesetitus", "type": "author", "activity": 1, "h_index": 1, "h5_index": 0, "mag_id": "2555132356", "num_publications": 1, "num_citations": 2, "num_publications_5y": 0, "num_citations_5y": 2, "num_publications_10y": 1, "num_citations_10y": 2, "publications_years": {"2013": 1}, "citations_years": {"2014": 2}, "old_citations": {"2013": 2}, "isVisible": false}, "2614203359": {"name": "p mythili", "type": "author", "activity": 10, "h_index": 6, "h5_index": 1, "mag_id": "2614203359", "num_publications": 1, "num_citations": 4, "num_publications_5y": 0, "num_citations_5y": 4, "num_publications_10y": 1, "num_citations_10y": 4, "publications_years": {"2013": 1}, "citations_years": {"2014": 2, "2015": 2}, "old_citations": {"2013": 4}, "isVisible": false}, "2616874111": {"name": "b s adiga", "type": "author", "activity": 11, "h_index": 5, "h5_index": 0, "mag_id": "2616874111", "num_publications": 1, "num_citations": 4, "num_publications_5y": 0, "num_citations_5y": 4, "num_publications_10y": 1, "num_citations_10y": 4, "publications_years": {"2013": 1}, "citations_years": {"2014": 1, "2015": 1, "2016": 0, "2017": 1, "2018": 1}, "old_citations": {"2013": 4}, "isVisible": false}, "2617173178": {"name": "s l anju", "type": "author", "activity": 1, "h_index": 1, "h5_index": 0, "mag_id": "2617173178", "num_publications": 1, "num_citations": 2, "num_publications_5y": 0, "num_citations_5y": 2, "num_publications_10y": 1, "num_citations_10y": 2, "publications_years": {"2013": 1}, "citations_years": {"2014": 1, "2015": 1}, "old_citations": {"2013": 2}, "isVisible": false}, "2630855222": {"name": "nahid osanloo", "type": "author", "activity": 1, "h_index": 0, "h5_index": 0, "mag_id": "2630855222", "num_publications": 1, "num_citations": 0, "num_publications_5y": 0, "num_citations_5y": 0, "num_publications_10y": 1, "num_citations_10y": 0, "publications_years": {"2013": 1}, "citations_years": {}, "old_citations": {"2013": 0}, "isVisible": false}, "2635063666": {"name": "h s jatana", "type": "author", "activity": 5, "h_index": 1, "h5_index": 1, "mag_id": "2635063666", "num_publications": 1, "num_citations": 0, "num_publications_5y": 0, "num_citations_5y": 0, "num_publications_10y": 1, "num_citations_10y": 0, "publications_years": {"2013": 1}, "citations_years": {}, "old_citations": {"2013": 0}, "isVisible": false}, "2637445947": {"name": "v k jayasree", "type": "author", "activity": 1, "h_index": 1, "h5_index": 0, "mag_id": "2637445947", "num_publications": 1, "num_citations": 1, "num_publications_5y": 0, "num_citations_5y": 0, "num_publications_10y": 1, "num_citations_10y": 0, "publications_years": {"2013": 1}, "citations_years": {"2019": 1}, "old_citations": {"2013": 1}, "isVisible": false}, "2638403694": {"name": "o s sunish kumar", "type": "author", "activity": 5, "h_index": 1, "h5_index": 1, "mag_id": "2638403694", "num_publications": 1, "num_citations": 1, "num_publications_5y": 0, "num_citations_5y": 0, "num_publications_10y": 1, "num_citations_10y": 0, "publications_years": {"2013": 1}, "citations_years": {"2019": 1}, "old_citations": {"2013": 1}, "isVisible": false}, "2651408604": {"name": "s sreelal", "type": "author", "activity": 1, "h_index": 1, "h5_index": 0, "mag_id": "2651408604", "num_publications": 1, "num_citations": 2, "num_publications_5y": 0, "num_citations_5y": 2, "num_publications_10y": 1, "num_citations_10y": 2, "publications_years": {"2013": 1}, "citations_years": {"2016": 1, "2017": 0, "2018": 1}, "old_citations": {"2013": 2}, "isVisible": false}, "2651415723": {"name": "varghese paul", "type": "author", "activity": 3, "h_index": 0, "h5_index": 0, "mag_id": "2651415723", "num_publications": 1, "num_citations": 0, "num_publications_5y": 0, "num_citations_5y": 0, "num_publications_10y": 1, "num_citations_10y": 0, "publications_years": {"2013": 1}, "citations_years": {}, "old_citations": {"2013": 0}, "isVisible": false}, "2651857016": {"name": "sanoj viswasom", "type": "author", "activity": 1, "h_index": 1, "h5_index": 0, "mag_id": "2651857016", "num_publications": 1, "num_citations": 4, "num_publications_5y": 0, "num_citations_5y": 4, "num_publications_10y": 1, "num_citations_10y": 4, "publications_years": {"2013": 1}, "citations_years": {"2014": 1, "2015": 1, "2016": 0, "2017": 2}, "old_citations": {"2013": 4}, "isVisible": false}, "2658502356": {"name": "ronald vincent", "type": "author", "activity": 1, "h_index": 1, "h5_index": 0, "mag_id": "2658502356", "num_publications": 1, "num_citations": 2, "num_publications_5y": 0, "num_citations_5y": 2, "num_publications_10y": 1, "num_citations_10y": 2, "publications_years": {"2013": 1}, "citations_years": {"2014": 1, "2015": 1}, "old_citations": {"2013": 2}, "isVisible": false}, "2673568966": {"name": "k p soman", "type": "author", "activity": 0, "h_index": 0, "h5_index": 0, "mag_id": "2673568966", "num_publications": 1, "num_citations": 0, "num_publications_5y": 0, "num_citations_5y": 0, "num_publications_10y": 1, "num_citations_10y": 0, "publications_years": {"2013": 1}, "citations_years": {}, "old_citations": {"2013": 2}, "isVisible": false}, "2674663187": {"name": "shine p james", "type": "author", "activity": 2, "h_index": 2, "h5_index": 0, "mag_id": "2674663187", "num_publications": 1, "num_citations": 2, "num_publications_5y": 0, "num_citations_5y": 2, "num_publications_10y": 1, "num_citations_10y": 2, "publications_years": {"2013": 1}, "citations_years": {"2015": 1, "2016": 0, "2017": 1}, "old_citations": {"2013": 2}, "isVisible": false}, "2698626185": {"name": "v k veena", "type": "author", "activity": 0, "h_index": 0, "h5_index": 0, "mag_id": "2698626185", "num_publications": 1, "num_citations": 0, "num_publications_5y": 0, "num_citations_5y": 0, "num_publications_10y": 1, "num_citations_10y": 0, "publications_years": {"2013": 1}, "citations_years": {}, "old_citations": {"2013": 2}, "isVisible": false}, "2705748297": {"name": "binu c pillai", "type": "author", "activity": 1, "h_index": 0, "h5_index": 0, "mag_id": "2705748297", "num_publications": 1, "num_citations": 0, "num_publications_5y": 0, "num_citations_5y": 0, "num_publications_10y": 1, "num_citations_10y": 0, "publications_years": {"2013": 1}, "citations_years": {}, "old_citations": {"2013": 0}, "isVisible": false}, "2722993837": {"name": "p r anurenjan", "type": "author", "activity": 1, "h_index": 0, "h5_index": 0, "mag_id": "2722993837", "num_publications": 1, "num_citations": 0, "num_publications_5y": 0, "num_citations_5y": 0, "num_publications_10y": 1, "num_citations_10y": 0, "publications_years": {"2013": 1}, "citations_years": {}, "old_citations": {"2013": 0}, "isVisible": false}, "2949344859": {"name": "raja jitendra nayaka", "type": "author", "activity": 1, "h_index": 1, "h5_index": 0, "mag_id": "2949344859", "num_publications": 1, "num_citations": 1, "num_publications_5y": 0, "num_citations_5y": 1, "num_publications_10y": 1, "num_citations_10y": 1, "publications_years": {"2013": 1}, "citations_years": {"2016": 1}, "old_citations": {"2013": 1}, "isVisible": false}}, "countries": {"India": {"name": "India", "type": "country", "h5_index": 78, "num_publications": 11, "num_citations": 37, "num_publications_5y": 0, "num_citations_5y": 34, "num_publications_10y": 11, "num_citations_10y": 34, "publications_years": {"2013": 11}, "citations_years": {"2015": 8, "2016": 9, "2017": 6, "2014": 5, "2018": 6, "2019": 3}, "old_citations": {"2013": 39}, "isVisible": false}, "Iran": {"name": "Iran", "type": "country", "h5_index": 63, "num_publications": 1, "num_citations": 0, "num_publications_5y": 0, "num_citations_5y": 0, "num_publications_10y": 1, "num_citations_10y": 0, "publications_years": {"2013": 1}, "citations_years": {}, "old_citations": {"2013": 0}, "isVisible": false}, "Malaysia": {"name": "Malaysia", "type": "country", "h5_index": 62, "num_publications": 1, "num_citations": 12, "num_publications_5y": 0, "num_citations_5y": 11, "num_publications_10y": 1, "num_citations_10y": 12, "publications_years": {"2013": 1}, "citations_years": {"2013": 1, "2014": 6, "2015": 4, "2016": 0, "2017": 1}, "old_citations": {"2013": 12}, "isVisible": false}}, "industrial_sectors": {"computing_and_it": {"name": "computing_and_it", "type": "industrial sector", "h5_index": 221, "num_publications": 1, "num_citations": 4, "num_publications_5y": 0, "num_citations_5y": 4, "num_publications_10y": 1, "num_citations_10y": 4, "publications_years": {"2013": 1}, "citations_years": {"2014": 1, "2015": 1, "2016": 0, "2017": 1, "2018": 1}, "old_citations": {"2013": 4}, "isVisible": false}, "technology": {"name": "technology", "type": "industrial sector", "h5_index": 229, "num_publications": 1, "num_citations": 4, "num_publications_5y": 0, "num_citations_5y": 4, "num_publications_10y": 1, "num_citations_10y": 4, "publications_years": {"2013": 1}, "citations_years": {"2014": 1, "2015": 1, "2016": 0, "2017": 1, "2018": 1}, "old_citations": {"2013": 4}, "isVisible": false}}}, "conference_comparison": {"computer science": {}}, "topics_dna": {"publications": {}, "citations": {"normalized": {}, "average": {}}}, "info": {"num_publications": 31, "num_citations": 97.0, "impact_factor": {}, "publications_years": {"2013": 31}, "citations_years": {"2013": 3, "2014": 21, "2015": 22, "2016": 20, "2017": 13, "2018": 9, "2019": 6, "2020": 1}, "old_citations": {"2013": 97}, "h5_index": 0}, "percentile": {"computer science": {"2013": 68}}, "conference_ranking": {"computer science": {"2013": 1352}}, "academia": {"num_publications": 10, "num_citations": 45, "publications_years": {"2013": 10}, "old_citations": {"2013": 45}, "num_publications_5y": 0, "num_citations_5y": 0, "num_publications_10y": 10, "num_citations_10y": 45}, "industry": {"num_publications": 1, "num_citations": 4, "publications_years": {"2013": 1}, "old_citations": {"2013": 4}, "num_publications_5y": 0, "num_citations_5y": 0, "num_publications_10y": 1, "num_citations_10y": 4}, "collaborative": {"num_publications": 0, "num_citations": 0, "publications_years": {}, "old_citations": {}, "num_publications_5y": 0, "num_citations_5y": 0, "num_publications_10y": 0, "num_citations_10y": 0}, "conferences": {}, "journals": {}, "organizations": {"publication_overall": ["Amirkabir University of Technology", "Amrita Vishwa Vidyapeetham University", "Centre for Development of Advanced Computing", "Cochin University of Science and Technology", "Defence Institute of Advanced Technology", "Galgotias University", "ITM University", "Jaipur National University", "National Institute of Technology Calicut", "National Institute of Technology Karnataka", "REVA University", "Shahid Beheshti University", "Tata Consultancy Services (India)", "Universiti of Malaysia Sabah", "Vikram Sarabhai Space Centre"], "citation_overall": ["Defence Institute of Advanced Technology", "Universiti of Malaysia Sabah", "Cochin University of Science and Technology", "Tata Consultancy Services (India)", "Amrita Vishwa Vidyapeetham University", "Galgotias University", "Jaipur National University", "National Institute of Technology Calicut", "Vikram Sarabhai Space Centre", "ITM University", "National Institute of Technology Karnataka", "REVA University", "Amirkabir University of Technology", "Centre for Development of Advanced Computing", "Shahid Beheshti University"], "publication_10_years": ["Amirkabir University of Technology", "Amrita Vishwa Vidyapeetham University", "Centre for Development of Advanced Computing", "Cochin University of Science and Technology", "Defence Institute of Advanced Technology", "Galgotias University", "ITM University", "Jaipur National University", "National Institute of Technology Calicut", "National Institute of Technology Karnataka", "REVA University", "Shahid Beheshti University", "Tata Consultancy Services (India)", "Universiti of Malaysia Sabah", "Vikram Sarabhai Space Centre"], "citation_10_years": ["Defence Institute of Advanced Technology", "Universiti of Malaysia Sabah", "Cochin University of Science and Technology", "Tata Consultancy Services (India)", "Amrita Vishwa Vidyapeetham University", "Galgotias University", "Jaipur National University", "National Institute of Technology Calicut", "Vikram Sarabhai Space Centre", "ITM University", "National Institute of Technology Karnataka", "REVA University", "Amirkabir University of Technology", "Centre for Development of Advanced Computing", "Shahid Beheshti University"], "publication_5_years": [], "citation_5_years": []}, "countries": {"publication_overall": ["India", "Iran", "Malaysia"], "citation_overall": ["India", "Malaysia", "Iran"], "publication_10_years": ["India", "Iran", "Malaysia"], "citation_10_years": ["India", "Malaysia", "Iran"], "publication_5_years": [], "citation_5_years": []}, "topics": {"publication_overall": ["computer science", "computer systems", "engineering", "mathematics", "signal processing", "communication systems", "telecommunication systems", "computer networks", "wireless telecommunication systems", "communication channels (information theory)", "signal to noise ratio", "telecommunication networks", "computer hardware", "telecommunication traffic", "computer imaging and vision", "image processing", "computer security", "signal detection", "artificial intelligence", "communication"], "citation_overall": ["computer science", "engineering", "signal processing", "mathematics", "computer systems", "artificial intelligence", "telecommunication systems", "communication systems", "computer networks", "wireless telecommunication systems", "communication channels (information theory)", "signal detection", "computer hardware", "computer imaging and vision", "signal to noise ratio", "correlation analysis", "image processing", "telecommunication networks", "image analysis", "image segmentation"], "publication_10_years": ["computer science", "computer systems", "engineering", "mathematics", "signal processing", "communication systems", "telecommunication systems", "computer networks", "wireless telecommunication systems", "communication channels (information theory)", "signal to noise ratio", "telecommunication networks", "computer hardware", "telecommunication traffic", "computer imaging and vision", "image processing", "computer security", "signal detection", "artificial intelligence", "communication"], "citation_10_years": ["computer science", "engineering", "signal processing", "mathematics", "computer systems", "artificial intelligence", "telecommunication systems", "communication systems", "computer networks", "wireless telecommunication systems", "communication channels (information theory)", "signal detection", "computer hardware", "computer imaging and vision", "signal to noise ratio", "correlation analysis", "image processing", "telecommunication networks", "image analysis", "image segmentation"], "publication_5_years": [], "citation_5_years": []}, "main_topics": ["computer science"], "authors": {"publication_overall": ["425908019", "1240091570", "1251723480", "1425472823", "1586965170", "1727883814", "1969652786", "1971150045", "2005298786", "2038483773", "2044975371", "2086523367", "2095845930", "2098497939", "2111882567", "2112283088", "2119444405", "2121639872", "2123435567", "2128784282", "2134149438", "2139220838", "2140672692", "2145581893", "2149301550", "2157702415", "2164333511", "2168142755", "2169387143", "2169553822", "2174846061", "2204893113", "2222372101", "2222469678", "2223279962", "2224372547", "2226723585", "2227495259", "2228042663", "2229384709", "2229951735", "2232443441", "2260524024", "2280130556", "2290364943", "2293317227", "2297494571", "2308802761", "2333464708", "2344632048", "2346190871", "2347064386", "2347119817", "2386457296", "2395462613", "2402099928", "2404397541", "2404788079", "2404841622", "2408095437", "2427010613", "2431868144", "2434926066", "2436573343", "2468992238", "2494380990", "2507095764", "2548602927", "2550074379", "2552057662", "2553156634", "2555132356", "2614203359", "2616874111", "2617173178", "2630855222", "2635063666", "2637445947", "2638403694", "2651408604", "2651415723", "2651857016", "2658502356", "2673568966", "2674663187", "2698626185", "2705748297", "2722993837", "2949344859"], "citation_overall": ["2095845930", "2436573343", "2005298786", "2038483773", "2128784282", "2169387143", "2169553822", "2260524024", "2290364943", "2427010613", "2098497939", "2434926066", "2280130556", "2395462613", "2402099928", "2404788079", "2408095437", "1425472823", "2112283088", "2145581893", "1969652786", "2232443441", "1251723480", "1971150045", "2168142755", "2228042663", "2297494571", "2431868144", "2507095764", "2614203359", "2616874111", "2651857016", "2121639872", "2226723585", "2044975371", "2119444405", "2134149438", "2157702415", "2204893113", "2346190871", "2386457296", "2468992238", "2550074379", "2552057662", "2553156634", "2555132356", "2617173178", "2651408604", "2658502356", "2673568966", "2674663187", "2698626185", "425908019", "1240091570", "1727883814", "2086523367", "2111882567", "2139220838", "2140672692", "2149301550", "2174846061", "2222469678", "2223279962", "2229951735", "2293317227", "2404397541", "2548602927", "2637445947", "2638403694", "2949344859", "1586965170", "2123435567", "2164333511", "2222372101", "2224372547", "2227495259", "2229384709", "2308802761", "2333464708", "2344632048", "2347064386", "2347119817", "2404841622", "2494380990", "2630855222", "2635063666", "2651415723", "2705748297", "2722993837"], "publication_10_years": ["425908019", "1240091570", "1251723480", "1425472823", "1586965170", "1727883814", "1969652786", "1971150045", "2005298786", "2038483773", "2044975371", "2086523367", "2095845930", "2098497939", "2111882567", "2112283088", "2119444405", "2121639872", "2123435567", "2128784282", "2134149438", "2139220838", "2140672692", "2145581893", "2149301550", "2157702415", "2164333511", "2168142755", "2169387143", "2169553822", "2174846061", "2204893113", "2222372101", "2222469678", "2223279962", "2224372547", "2226723585", "2227495259", "2228042663", "2229384709", "2229951735", "2232443441", "2260524024", "2280130556", "2290364943", "2293317227", "2297494571", "2308802761", "2333464708", "2344632048", "2346190871", "2347064386", "2347119817", "2386457296", "2395462613", "2402099928", "2404397541", "2404788079", "2404841622", "2408095437", "2427010613", "2431868144", "2434926066", "2436573343", "2468992238", "2494380990", "2507095764", "2548602927", "2550074379", "2552057662", "2553156634", "2555132356", "2614203359", "2616874111", "2617173178", "2630855222", "2635063666", "2637445947", "2638403694", "2651408604", "2651415723", "2651857016", "2658502356", "2673568966", "2674663187", "2698626185", "2705748297", "2722993837", "2949344859"], "citation_10_years": ["2095845930", "2436573343", "2005298786", "2038483773", "2128784282", "2169387143", "2169553822", "2260524024", "2290364943", "2427010613", "2098497939", "2434926066", "2280130556", "2395462613", "2402099928", "2404788079", "2408095437", "1425472823", "2112283088", "2145581893", "1969652786", "2232443441", "1251723480", "1971150045", "2168142755", "2228042663", "2297494571", "2431868144", "2507095764", "2614203359", "2616874111", "2651857016", "2121639872", "2226723585", "2044975371", "2119444405", "2134149438", "2157702415", "2204893113", "2346190871", "2386457296", "2468992238", "2550074379", "2552057662", "2553156634", "2555132356", "2617173178", "2651408604", "2658502356", "2673568966", "2674663187", "2698626185", "425908019", "1240091570", "1727883814", "2086523367", "2111882567", "2139220838", "2140672692", "2149301550", "2174846061", "2222469678", "2223279962", "2229951735", "2293317227", "2404397541", "2548602927", "2637445947", "2638403694", "2949344859", "1586965170", "2123435567", "2164333511", "2222372101", "2224372547", "2227495259", "2229384709", "2308802761", "2333464708", "2344632048", "2347064386", "2347119817", "2404841622", "2494380990", "2630855222", "2635063666", "2651415723", "2705748297", "2722993837"], "publication_5_years": [], "citation_5_years": []}, "industrial_sectors": {"publication_overall": ["computing_and_it", "technology"], "citation_overall": ["computing_and_it", "technology"], "publication_10_years": ["computing_and_it", "technology"], "citation_10_years": ["computing_and_it", "technology"], "publication_5_years": [], "citation_5_years": []}}