{"name": "Advances in New Technologies, Interactive Interfaces, and Communicability", "acronym": "ADNTIIC", "type": "conference", "uniqueEntities": {"organizations": {"National Scientific and Technical Research Council": {"name": "National Scientific and Technical Research Council", "type": "organization", "organization_type": "Government", "h_index": 46, "h5_index": 21, "num_publications": 9, "num_citations": 40, "num_publications_5y": 0, "num_citations_5y": 27, "num_publications_10y": 9, "num_citations_10y": 35, "publications_years": {"2011": 9}, "citations_years": {"2013": 7, "2014": 9, "2015": 3, "2016": 7, "2017": 4, "2018": 4, "2019": 5, "2011": 1, "2012": 0}, "old_citations": {"2011": 40}, "isVisible": false}, "University of Valladolid": {"name": "University of Valladolid", "type": "organization", "organization_type": "Education", "h_index": 58, "h5_index": 14, "num_publications": 3, "num_citations": 2, "num_publications_5y": 0, "num_citations_5y": 1, "num_publications_10y": 3, "num_citations_10y": 2, "publications_years": {"2010": 3}, "citations_years": {"2011": 1, "2014": 1}, "old_citations": {"2010": 2}, "isVisible": false}, "National University of Cuyo": {"name": "National University of Cuyo", "type": "organization", "organization_type": "Education", "h_index": 12, "h5_index": 7, "num_publications": 2, "num_citations": 9, "num_publications_5y": 0, "num_citations_5y": 6, "num_publications_10y": 2, "num_citations_10y": 9, "publications_years": {"2011": 2}, "citations_years": {"2017": 2, "2011": 1, "2012": 0, "2013": 2, "2014": 1, "2015": 2, "2016": 1}, "old_citations": {"2011": 9}, "isVisible": false}, "University of Maribor": {"name": "University of Maribor", "type": "organization", "organization_type": "Education", "h_index": 53, "h5_index": 22, "num_publications": 2, "num_citations": 0, "num_publications_5y": 0, "num_citations_5y": 0, "num_publications_10y": 2, "num_citations_10y": 0, "publications_years": {"2011": 2}, "citations_years": {}, "old_citations": {"2011": 0}, "isVisible": false}, "University of Southern California": {"name": "University of Southern California", "type": "organization", "organization_type": "Education", "h_index": 278, "h5_index": 73, "num_publications": 2, "num_citations": 6, "num_publications_5y": 0, "num_citations_5y": 2, "num_publications_10y": 2, "num_citations_10y": 6, "publications_years": {"2011": 1, "2010": 1}, "citations_years": {"2014": 2, "2012": 1, "2013": 3}, "old_citations": {"2011": 2, "2010": 4}, "isVisible": false}, "Electronic Arts (Canada)": {"name": "Electronic Arts (Canada)", "type": "organization", "organization_type": "Company", "h_index": 5, "h5_index": 0, "num_publications": 1, "num_citations": 1, "num_publications_5y": 0, "num_citations_5y": 1, "num_publications_10y": 1, "num_citations_10y": 1, "publications_years": {"2011": 1}, "citations_years": {"2014": 1}, "old_citations": {"2011": 1}, "isVisible": false}, "National University of Distance Education": {"name": "National University of Distance Education", "type": "organization", "organization_type": "Education", "h_index": 51, "h5_index": 14, "num_publications": 1, "num_citations": 2, "num_publications_5y": 0, "num_citations_5y": 1, "num_publications_10y": 1, "num_citations_10y": 2, "publications_years": {"2010": 1}, "citations_years": {"2013": 1, "2014": 0, "2015": 0, "2016": 0, "2017": 1}, "old_citations": {"2010": 2}, "isVisible": false}, "National University of La Matanza": {"name": "National University of La Matanza", "type": "organization", "organization_type": "Education", "h_index": 3, "h5_index": 0, "num_publications": 1, "num_citations": 2, "num_publications_5y": 0, "num_citations_5y": 0, "num_publications_10y": 1, "num_citations_10y": 2, "publications_years": {"2010": 1}, "citations_years": {"2012": 1, "2013": 1}, "old_citations": {"2010": 2}, "isVisible": false}, "Queensland University of Technology": {"name": "Queensland University of Technology", "type": "organization", "organization_type": "Education", "h_index": 125, "h5_index": 30, "num_publications": 1, "num_citations": 0, "num_publications_5y": 0, "num_citations_5y": 0, "num_publications_10y": 1, "num_citations_10y": 0, "publications_years": {"2013": 1}, "citations_years": {}, "old_citations": {"2013": 0}, "isVisible": false}, "Taibah University": {"name": "Taibah University", "type": "organization", "organization_type": "Education", "h_index": 18, "h5_index": 13, "num_publications": 1, "num_citations": 0, "num_publications_5y": 0, "num_citations_5y": 0, "num_publications_10y": 1, "num_citations_10y": 0, "publications_years": {"2011": 1}, "citations_years": {}, "old_citations": {"2011": 0}, "isVisible": false}, "University of Florence": {"name": "University of Florence", "type": "organization", "organization_type": "Education", "h_index": 82, "h5_index": 24, "num_publications": 1, "num_citations": 4, "num_publications_5y": 0, "num_citations_5y": 3, "num_publications_10y": 1, "num_citations_10y": 3, "publications_years": {"2011": 1}, "citations_years": {"2014": 1, "2015": 0, "2016": 0, "2017": 2, "2018": 0, "2019": 1}, "old_citations": {"2011": 4}, "isVisible": false}, "University of Seville": {"name": "University of Seville", "type": "organization", "organization_type": "Education", "h_index": 68, "h5_index": 25, "num_publications": 1, "num_citations": 1, "num_publications_5y": 0, "num_citations_5y": 0, "num_publications_10y": 1, "num_citations_10y": 0, "publications_years": {"2010": 1}, "citations_years": {"2019": 1}, "old_citations": {"2010": 1}, "isVisible": false}, "University of Strathclyde": {"name": "University of Strathclyde", "type": "organization", "organization_type": "Education", "h_index": 91, "h5_index": 17, "num_publications": 1, "num_citations": 8, "num_publications_5y": 0, "num_citations_5y": 5, "num_publications_10y": 1, "num_citations_10y": 8, "publications_years": {"2010": 1}, "citations_years": {"2011": 3, "2012": 0, "2013": 0, "2014": 2, "2015": 0, "2016": 0, "2017": 0, "2018": 3}, "old_citations": {"2010": 8}, "isVisible": false}}, "topics": {"computer science": {"name": "computer science", "type": "topic", "h_index": 1779, "h5_index": 416, "num_publications": 42, "num_citations": 112, "num_publications_5y": 0, "num_citations_5y": 62, "num_publications_10y": 42, "num_citations_10y": 102, "publications_years": {"2010": 17, "2011": 24, "2013": 1}, "citations_years": {"2012": 9, "2013": 14, "2014": 19, "2015": 7, "2016": 12, "2017": 9, "2018": 15, "2019": 10, "2011": 16, "2010": 1}, "old_citations": {"2010": 44, "2011": 68, "2013": 0}, "isVisible": false}, "computer systems": {"name": "computer systems", "type": "topic", "h_index": 1595, "h5_index": 367, "num_publications": 32, "num_citations": 84, "num_publications_5y": 0, "num_citations_5y": 44, "num_publications_10y": 32, "num_citations_10y": 75, "publications_years": {"2010": 12, "2011": 19, "2013": 1}, "citations_years": {"2012": 9, "2013": 13, "2014": 13, "2015": 6, "2016": 12, "2017": 8, "2018": 5, "2019": 9, "2011": 9}, "old_citations": {"2010": 23, "2011": 61, "2013": 0}, "isVisible": false}, "human computer interaction": {"name": "human computer interaction", "type": "topic", "h_index": 934, "h5_index": 215, "num_publications": 25, "num_citations": 72, "num_publications_5y": 0, "num_citations_5y": 38, "num_publications_10y": 25, "num_citations_10y": 67, "publications_years": {"2011": 13, "2010": 12}, "citations_years": {"2012": 8, "2013": 7, "2014": 9, "2015": 3, "2016": 8, "2017": 4, "2018": 14, "2019": 5, "2011": 13, "2010": 1}, "old_citations": {"2011": 33, "2010": 39}, "isVisible": false}, "internet": {"name": "internet", "type": "topic", "h_index": 1102, "h5_index": 245, "num_publications": 23, "num_citations": 37, "num_publications_5y": 0, "num_citations_5y": 20, "num_publications_10y": 23, "num_citations_10y": 35, "publications_years": {"2010": 9, "2011": 14}, "citations_years": {"2012": 6, "2013": 4, "2014": 7, "2015": 3, "2016": 5, "2017": 2, "2018": 3, "2011": 5, "2019": 2}, "old_citations": {"2010": 16, "2011": 21}, "isVisible": false}, "user interfaces": {"name": "user interfaces", "type": "topic", "h_index": 845, "h5_index": 182, "num_publications": 20, "num_citations": 49, "num_publications_5y": 0, "num_citations_5y": 23, "num_publications_10y": 20, "num_citations_10y": 44, "publications_years": {"2011": 11, "2010": 9}, "citations_years": {"2012": 8, "2013": 7, "2014": 5, "2015": 2, "2016": 8, "2017": 4, "2018": 4, "2019": 5, "2011": 6}, "old_citations": {"2011": 28, "2010": 21}, "isVisible": false}, "telecommunication systems": {"name": "telecommunication systems", "type": "topic", "h_index": 1187, "h5_index": 277, "num_publications": 16, "num_citations": 53, "num_publications_5y": 0, "num_citations_5y": 28, "num_publications_10y": 16, "num_citations_10y": 48, "publications_years": {"2011": 9, "2010": 7}, "citations_years": {"2013": 8, "2014": 8, "2015": 6, "2016": 7, "2017": 3, "2018": 4, "2019": 5, "2011": 6, "2012": 6}, "old_citations": {"2011": 36, "2010": 17}, "isVisible": false}, "software engineering": {"name": "software engineering", "type": "topic", "h_index": 964, "h5_index": 236, "num_publications": 15, "num_citations": 43, "num_publications_5y": 0, "num_citations_5y": 29, "num_publications_10y": 15, "num_citations_10y": 40, "publications_years": {"2010": 4, "2011": 11}, "citations_years": {"2011": 6, "2012": 0, "2013": 5, "2014": 11, "2015": 0, "2016": 4, "2017": 4, "2018": 10, "2019": 3}, "old_citations": {"2010": 13, "2011": 30}, "isVisible": false}, "telecommunication networks": {"name": "telecommunication networks", "type": "topic", "h_index": 1116, "h5_index": 258, "num_publications": 15, "num_citations": 49, "num_publications_5y": 0, "num_citations_5y": 27, "num_publications_10y": 15, "num_citations_10y": 45, "publications_years": {"2011": 9, "2010": 6}, "citations_years": {"2013": 8, "2014": 8, "2015": 6, "2016": 6, "2017": 3, "2018": 4, "2019": 4, "2011": 4, "2012": 6}, "old_citations": {"2011": 36, "2010": 13}, "isVisible": false}, "software architecture": {"name": "software architecture", "type": "topic", "h_index": 821, "h5_index": 210, "num_publications": 14, "num_citations": 39, "num_publications_5y": 0, "num_citations_5y": 26, "num_publications_10y": 14, "num_citations_10y": 36, "publications_years": {"2010": 4, "2011": 10}, "citations_years": {"2011": 6, "2012": 0, "2013": 4, "2014": 10, "2015": 0, "2016": 4, "2017": 4, "2018": 8, "2019": 3}, "old_citations": {"2010": 13, "2011": 26}, "isVisible": false}, "software design": {"name": "software design", "type": "topic", "h_index": 907, "h5_index": 227, "num_publications": 14, "num_citations": 39, "num_publications_5y": 0, "num_citations_5y": 26, "num_publications_10y": 14, "num_citations_10y": 36, "publications_years": {"2010": 4, "2011": 10}, "citations_years": {"2011": 6, "2012": 0, "2013": 4, "2014": 10, "2015": 0, "2016": 4, "2017": 4, "2018": 8, "2019": 3}, "old_citations": {"2010": 13, "2011": 26}, "isVisible": false}, "artificial intelligence": {"name": "artificial intelligence", "type": "topic", "h_index": 1421, "h5_index": 373, "num_publications": 13, "num_citations": 28, "num_publications_5y": 0, "num_citations_5y": 12, "num_publications_10y": 13, "num_citations_10y": 25, "publications_years": {"2011": 8, "2010": 4, "2013": 1}, "citations_years": {"2012": 6, "2013": 4, "2014": 4, "2015": 0, "2016": 7, "2017": 1, "2018": 0, "2019": 3, "2011": 3}, "old_citations": {"2011": 20, "2010": 8, "2013": 0}, "isVisible": false}, "software": {"name": "software", "type": "topic", "h_index": 902, "h5_index": 167, "num_publications": 13, "num_citations": 48, "num_publications_5y": 0, "num_citations_5y": 30, "num_publications_10y": 13, "num_citations_10y": 44, "publications_years": {"2010": 5, "2011": 8}, "citations_years": {"2011": 10, "2012": 0, "2013": 3, "2014": 9, "2015": 1, "2016": 5, "2017": 4, "2018": 11, "2019": 4, "2010": 1}, "old_citations": {"2010": 23, "2011": 25}, "isVisible": false}, "computer networks": {"name": "computer networks", "type": "topic", "h_index": 1262, "h5_index": 332, "num_publications": 12, "num_citations": 45, "num_publications_5y": 0, "num_citations_5y": 26, "num_publications_10y": 12, "num_citations_10y": 40, "publications_years": {"2011": 8, "2010": 4}, "citations_years": {"2013": 8, "2014": 8, "2015": 3, "2016": 6, "2017": 5, "2018": 4, "2019": 5, "2011": 4, "2012": 2}, "old_citations": {"2011": 35, "2010": 10}, "isVisible": false}, "engineering": {"name": "engineering", "type": "topic", "h_index": 1177, "h5_index": 287, "num_publications": 12, "num_citations": 35, "num_publications_5y": 0, "num_citations_5y": 21, "num_publications_10y": 12, "num_citations_10y": 33, "publications_years": {"2010": 5, "2011": 6, "2013": 1}, "citations_years": {"2011": 4, "2012": 1, "2013": 7, "2014": 7, "2015": 2, "2016": 3, "2017": 2, "2018": 7, "2019": 2}, "old_citations": {"2010": 13, "2011": 22, "2013": 0}, "isVisible": false}, "information systems": {"name": "information systems", "type": "topic", "h_index": 679, "h5_index": 124, "num_publications": 12, "num_citations": 23, "num_publications_5y": 0, "num_citations_5y": 9, "num_publications_10y": 12, "num_citations_10y": 20, "publications_years": {"2010": 4, "2011": 7, "2013": 1}, "citations_years": {"2012": 4, "2013": 4, "2014": 2, "2015": 1, "2016": 4, "2017": 1, "2018": 1, "2019": 3, "2011": 3}, "old_citations": {"2010": 6, "2011": 17, "2013": 0}, "isVisible": false}, "information technology": {"name": "information technology", "type": "topic", "h_index": 696, "h5_index": 149, "num_publications": 12, "num_citations": 22, "num_publications_5y": 0, "num_citations_5y": 9, "num_publications_10y": 12, "num_citations_10y": 22, "publications_years": {"2010": 8, "2011": 4}, "citations_years": {"2012": 3, "2013": 5, "2014": 3, "2015": 0, "2016": 3, "2017": 1, "2011": 5, "2018": 2}, "old_citations": {"2010": 11, "2011": 11}, "isVisible": false}, "world wide web": {"name": "world wide web", "type": "topic", "h_index": 869, "h5_index": 173, "num_publications": 12, "num_citations": 21, "num_publications_5y": 0, "num_citations_5y": 11, "num_publications_10y": 12, "num_citations_10y": 21, "publications_years": {"2010": 5, "2011": 7}, "citations_years": {"2013": 3, "2014": 4, "2015": 0, "2016": 4, "2017": 2, "2018": 1, "2011": 3, "2012": 4}, "old_citations": {"2010": 11, "2011": 10}, "isVisible": false}, "computer programming": {"name": "computer programming", "type": "topic", "h_index": 873, "h5_index": 186, "num_publications": 11, "num_citations": 35, "num_publications_5y": 0, "num_citations_5y": 23, "num_publications_10y": 11, "num_citations_10y": 32, "publications_years": {"2010": 3, "2011": 8}, "citations_years": {"2011": 5, "2012": 1, "2013": 3, "2014": 8, "2015": 0, "2016": 2, "2017": 4, "2018": 9, "2019": 3}, "old_citations": {"2010": 11, "2011": 24}, "isVisible": false}, "communication": {"name": "communication", "type": "topic", "h_index": 886, "h5_index": 209, "num_publications": 10, "num_citations": 41, "num_publications_5y": 0, "num_citations_5y": 25, "num_publications_10y": 10, "num_citations_10y": 40, "publications_years": {"2010": 5, "2011": 5}, "citations_years": {"2012": 1, "2013": 5, "2011": 8, "2014": 6, "2015": 3, "2016": 2, "2017": 2, "2018": 12, "2010": 1, "2019": 1}, "old_citations": {"2010": 23, "2011": 18}, "isVisible": false}, "database systems": {"name": "database systems", "type": "topic", "h_index": 1167, "h5_index": 276, "num_publications": 10, "num_citations": 34, "num_publications_5y": 0, "num_citations_5y": 19, "num_publications_10y": 10, "num_citations_10y": 31, "publications_years": {"2011": 6, "2010": 4}, "citations_years": {"2013": 6, "2014": 7, "2015": 3, "2016": 6, "2017": 2, "2018": 1, "2019": 3, "2012": 3, "2011": 3}, "old_citations": {"2011": 27, "2010": 7}, "isVisible": false}, "human engineering": {"name": "human engineering", "type": "topic", "h_index": 406, "h5_index": 80, "num_publications": 9, "num_citations": 38, "num_publications_5y": 0, "num_citations_5y": 18, "num_publications_10y": 9, "num_citations_10y": 36, "publications_years": {"2011": 4, "2010": 5}, "citations_years": {"2012": 5, "2013": 1, "2014": 4, "2015": 1, "2016": 4, "2017": 0, "2018": 9, "2019": 2, "2011": 11, "2010": 1}, "old_citations": {"2011": 9, "2010": 29}, "isVisible": false}, "data communication systems": {"name": "data communication systems", "type": "topic", "h_index": 1013, "h5_index": 234, "num_publications": 7, "num_citations": 36, "num_publications_5y": 0, "num_citations_5y": 18, "num_publications_10y": 7, "num_citations_10y": 33, "publications_years": {"2011": 4, "2010": 3}, "citations_years": {"2013": 8, "2014": 5, "2015": 3, "2016": 5, "2017": 2, "2018": 3, "2019": 3, "2011": 2, "2012": 5}, "old_citations": {"2011": 27, "2010": 9}, "isVisible": false}, "computer hardware": {"name": "computer hardware", "type": "topic", "h_index": 1150, "h5_index": 279, "num_publications": 8, "num_citations": 34, "num_publications_5y": 0, "num_citations_5y": 19, "num_publications_10y": 8, "num_citations_10y": 30, "publications_years": {"2011": 5, "2010": 3}, "citations_years": {"2013": 8, "2014": 6, "2015": 3, "2016": 3, "2017": 4, "2018": 3, "2019": 4, "2011": 2, "2012": 1}, "old_citations": {"2011": 29, "2010": 5}, "isVisible": false}, "distributed computer systems": {"name": "distributed computer systems", "type": "topic", "h_index": 985, "h5_index": 228, "num_publications": 8, "num_citations": 34, "num_publications_5y": 0, "num_citations_5y": 21, "num_publications_10y": 8, "num_citations_10y": 31, "publications_years": {"2011": 7, "2010": 1}, "citations_years": {"2013": 5, "2014": 5, "2015": 3, "2016": 5, "2017": 4, "2018": 4, "2019": 3, "2012": 4, "2011": 1}, "old_citations": {"2011": 30, "2010": 4}, "isVisible": false}, "object oriented programming": {"name": "object oriented programming", "type": "topic", "h_index": 636, "h5_index": 129, "num_publications": 9, "num_citations": 29, "num_publications_5y": 0, "num_citations_5y": 20, "num_publications_10y": 9, "num_citations_10y": 26, "publications_years": {"2010": 2, "2011": 7}, "citations_years": {"2011": 4, "2012": 0, "2013": 2, "2014": 7, "2015": 0, "2016": 2, "2017": 4, "2018": 7, "2019": 3}, "old_citations": {"2010": 9, "2011": 20}, "isVisible": false}, "distributed systems": {"name": "distributed systems", "type": "topic", "h_index": 859, "h5_index": 209, "num_publications": 5, "num_citations": 27, "num_publications_5y": 0, "num_citations_5y": 18, "num_publications_10y": 5, "num_citations_10y": 24, "publications_years": {"2011": 5}, "citations_years": {"2013": 5, "2014": 5, "2015": 3, "2016": 3, "2017": 4, "2018": 3, "2019": 3, "2011": 1, "2012": 0}, "old_citations": {"2011": 27}, "isVisible": false}, "parallel processing systems": {"name": "parallel processing systems", "type": "topic", "h_index": 845, "h5_index": 208, "num_publications": 5, "num_citations": 27, "num_publications_5y": 0, "num_citations_5y": 18, "num_publications_10y": 5, "num_citations_10y": 24, "publications_years": {"2011": 5}, "citations_years": {"2013": 5, "2014": 5, "2015": 3, "2016": 3, "2017": 4, "2018": 3, "2019": 3, "2011": 1, "2012": 0}, "old_citations": {"2011": 27}, "isVisible": false}, "microprocessor chips": {"name": "microprocessor chips", "type": "topic", "h_index": 744, "h5_index": 175, "num_publications": 4, "num_citations": 25, "num_publications_5y": 0, "num_citations_5y": 16, "num_publications_10y": 4, "num_citations_10y": 22, "publications_years": {"2011": 4}, "citations_years": {"2013": 5, "2014": 5, "2015": 3, "2016": 3, "2017": 2, "2018": 3, "2019": 3, "2011": 1, "2012": 0}, "old_citations": {"2011": 25}, "isVisible": false}, "program processors": {"name": "program processors", "type": "topic", "h_index": 613, "h5_index": 151, "num_publications": 4, "num_citations": 25, "num_publications_5y": 0, "num_citations_5y": 16, "num_publications_10y": 4, "num_citations_10y": 22, "publications_years": {"2011": 4}, "citations_years": {"2013": 5, "2014": 5, "2015": 3, "2016": 3, "2017": 2, "2018": 3, "2019": 3, "2011": 1, "2012": 0}, "old_citations": {"2011": 25}, "isVisible": false}, "communication systems": {"name": "communication systems", "type": "topic", "h_index": 1092, "h5_index": 254, "num_publications": 7, "num_citations": 33, "num_publications_5y": 0, "num_citations_5y": 17, "num_publications_10y": 7, "num_citations_10y": 29, "publications_years": {"2011": 4, "2010": 3}, "citations_years": {"2013": 7, "2014": 6, "2015": 3, "2016": 5, "2017": 2, "2018": 1, "2019": 4, "2011": 3, "2012": 2}, "old_citations": {"2011": 24, "2010": 9}, "isVisible": false}}, "authors": {"1752075": {"name": "francisco v cipolla ficarra", "type": "author", "activity": 11, "h_index": 5, "h5_index": 0, "mag_id": "1752075", "num_publications": 10, "num_citations": 30, "num_publications_5y": 0, "num_citations_5y": 18, "num_publications_10y": 10, "num_citations_10y": 30, "publications_years": {"2010": 6, "2011": 4}, "citations_years": {"2011": 9, "2012": 1, "2013": 1, "2014": 7, "2015": 1, "2016": 0, "2017": 0, "2018": 10, "2010": 1}, "old_citations": {"2010": 21, "2011": 9}, "isVisible": true}, "1989950621": {"name": "valeria m ficarra", "type": "author", "activity": 4, "h_index": 4, "h5_index": 0, "mag_id": "1989950621", "num_publications": 4, "num_citations": 24, "num_publications_5y": 0, "num_citations_5y": 15, "num_publications_10y": 4, "num_citations_10y": 24, "publications_years": {"2010": 2, "2011": 2}, "citations_years": {"2011": 7, "2012": 0, "2013": 1, "2014": 4, "2015": 1, "2016": 0, "2017": 0, "2018": 10, "2010": 1}, "old_citations": {"2010": 18, "2011": 6}, "isVisible": false}, "2170449889": {"name": "marina buzzi", "type": "author", "activity": 17, "h_index": 11, "h5_index": 3, "mag_id": "2170449889", "num_publications": 4, "num_citations": 15, "num_publications_5y": 0, "num_citations_5y": 7, "num_publications_10y": 4, "num_citations_10y": 12, "publications_years": {"2011": 2, "2010": 2}, "citations_years": {"2014": 1, "2015": 2, "2016": 2, "2017": 2, "2018": 0, "2019": 3, "2011": 2, "2012": 3, "2013": 0}, "old_citations": {"2011": 7, "2010": 8}, "isVisible": false}, "1749735364": {"name": "silvia schiaffino", "type": "author", "activity": 20, "h_index": 17, "h5_index": 5, "mag_id": "1749735364", "num_publications": 3, "num_citations": 8, "num_publications_5y": 0, "num_citations_5y": 7, "num_publications_10y": 3, "num_citations_10y": 8, "publications_years": {"2011": 3}, "citations_years": {"2016": 3, "2017": 1, "2018": 1, "2013": 1, "2014": 2, "2015": 0}, "old_citations": {"2011": 8}, "isVisible": false}, "2105864942": {"name": "maria claudia buzzi", "type": "author", "activity": 11, "h_index": 9, "h5_index": 4, "mag_id": "2105864942", "num_publications": 3, "num_citations": 12, "num_publications_5y": 0, "num_citations_5y": 5, "num_publications_10y": 3, "num_citations_10y": 10, "publications_years": {"2011": 1, "2010": 2}, "citations_years": {"2014": 1, "2015": 0, "2016": 2, "2017": 2, "2018": 0, "2019": 2, "2011": 2, "2012": 3, "2013": 0}, "old_citations": {"2011": 4, "2010": 8}, "isVisible": false}, "2155388350": {"name": "alejandro zunino", "type": "author", "activity": 22, "h_index": 18, "h5_index": 7, "mag_id": "2155388350", "num_publications": 3, "num_citations": 16, "num_publications_5y": 0, "num_citations_5y": 11, "num_publications_10y": 3, "num_citations_10y": 13, "publications_years": {"2011": 3}, "citations_years": {"2013": 2, "2014": 3, "2015": 1, "2016": 2, "2017": 4, "2018": 1, "2019": 3}, "old_citations": {"2011": 16}, "isVisible": false}, "2160356712": {"name": "miguel cipolla ficarra", "type": "author", "activity": 4, "h_index": 4, "h5_index": 0, "mag_id": "2160356712", "num_publications": 3, "num_citations": 6, "num_publications_5y": 0, "num_citations_5y": 4, "num_publications_10y": 3, "num_citations_10y": 6, "publications_years": {"2011": 2, "2010": 1}, "citations_years": {"2013": 1, "2014": 2, "2015": 0, "2016": 0, "2017": 0, "2018": 2, "2011": 1}, "old_citations": {"2011": 5, "2010": 1}, "isVisible": false}, "2170358334": {"name": "cristian mateos", "type": "author", "activity": 19, "h_index": 15, "h5_index": 8, "mag_id": "2170358334", "num_publications": 3, "num_citations": 21, "num_publications_5y": 0, "num_citations_5y": 13, "num_publications_10y": 3, "num_citations_10y": 18, "publications_years": {"2011": 3}, "citations_years": {"2013": 4, "2014": 4, "2015": 3, "2016": 3, "2017": 2, "2018": 1, "2019": 3, "2011": 1, "2012": 0}, "old_citations": {"2011": 21}, "isVisible": false}, "221543091": {"name": "vili podgorelec", "type": "author", "activity": 23, "h_index": 13, "h5_index": 4, "mag_id": "221543091", "num_publications": 2, "num_citations": 0, "num_publications_5y": 0, "num_citations_5y": 0, "num_publications_10y": 2, "num_citations_10y": 0, "publications_years": {"2011": 2}, "citations_years": {}, "old_citations": {"2011": 0}, "isVisible": false}, "323178154": {"name": "maria m clusella", "type": "author", "activity": 2, "h_index": 2, "h5_index": 0, "mag_id": "323178154", "num_publications": 2, "num_citations": 5, "num_publications_5y": 0, "num_citations_5y": 2, "num_publications_10y": 2, "num_citations_10y": 5, "publications_years": {"2010": 1, "2011": 1}, "citations_years": {"2011": 2, "2012": 0, "2013": 1, "2014": 1, "2015": 1}, "old_citations": {"2010": 3, "2011": 2}, "isVisible": false}, "1466154390": {"name": "andreas kratky", "type": "author", "activity": 11, "h_index": 4, "h5_index": 1, "mag_id": "1466154390", "num_publications": 2, "num_citations": 6, "num_publications_5y": 0, "num_citations_5y": 2, "num_publications_10y": 2, "num_citations_10y": 6, "publications_years": {"2011": 1, "2010": 1}, "citations_years": {"2014": 2, "2012": 1, "2013": 3}, "old_citations": {"2011": 2, "2010": 4}, "isVisible": false}, "1582923126": {"name": "carlos garcia garino", "type": "author", "activity": 14, "h_index": 8, "h5_index": 4, "mag_id": "1582923126", "num_publications": 2, "num_citations": 9, "num_publications_5y": 0, "num_citations_5y": 6, "num_publications_10y": 2, "num_citations_10y": 9, "publications_years": {"2011": 2}, "citations_years": {"2017": 2, "2011": 1, "2012": 0, "2013": 2, "2014": 1, "2015": 2, "2016": 1}, "old_citations": {"2011": 9}, "isVisible": false}, "1777567343": {"name": "f alcantud", "type": "author", "activity": 1, "h_index": 1, "h5_index": 0, "mag_id": "1777567343", "num_publications": 2, "num_citations": 1, "num_publications_5y": 0, "num_citations_5y": 0, "num_publications_10y": 2, "num_citations_10y": 1, "publications_years": {"2010": 2}, "citations_years": {"2011": 1}, "old_citations": {"2010": 1}, "isVisible": false}, "2010701184": {"name": "claudia fenili", "type": "author", "activity": 4, "h_index": 3, "h5_index": 0, "mag_id": "2010701184", "num_publications": 2, "num_citations": 8, "num_publications_5y": 0, "num_citations_5y": 4, "num_publications_10y": 2, "num_citations_10y": 6, "publications_years": {"2011": 1, "2010": 1}, "citations_years": {"2014": 1, "2015": 0, "2016": 1, "2017": 2, "2018": 0, "2019": 2, "2011": 2, "2012": 0, "2013": 0}, "old_citations": {"2011": 4, "2010": 4}, "isVisible": false}, "2067394487": {"name": "alejandro corbellini", "type": "author", "activity": 8, "h_index": 6, "h5_index": 4, "mag_id": "2067394487", "num_publications": 2, "num_citations": 3, "num_publications_5y": 0, "num_citations_5y": 3, "num_publications_10y": 2, "num_citations_10y": 3, "publications_years": {"2011": 2}, "citations_years": {"2016": 1, "2017": 1, "2018": 1}, "old_citations": {"2011": 3}, "isVisible": false}, "2102176408": {"name": "j c torres", "type": "author", "activity": 1, "h_index": 1, "h5_index": 0, "mag_id": "2102176408", "num_publications": 2, "num_citations": 1, "num_publications_5y": 0, "num_citations_5y": 0, "num_publications_10y": 2, "num_citations_10y": 1, "publications_years": {"2010": 2}, "citations_years": {"2011": 1}, "old_citations": {"2010": 1}, "isVisible": false}, "2102333087": {"name": "maria a santillan", "type": "author", "activity": 2, "h_index": 2, "h5_index": 0, "mag_id": "2102333087", "num_publications": 2, "num_citations": 5, "num_publications_5y": 0, "num_citations_5y": 2, "num_publications_10y": 2, "num_citations_10y": 5, "publications_years": {"2010": 1, "2011": 1}, "citations_years": {"2011": 2, "2012": 0, "2013": 1, "2014": 1, "2015": 1}, "old_citations": {"2010": 3, "2011": 2}, "isVisible": false}, "2117774120": {"name": "marcelo campo", "type": "author", "activity": 24, "h_index": 20, "h5_index": 6, "mag_id": "2117774120", "num_publications": 2, "num_citations": 3, "num_publications_5y": 0, "num_citations_5y": 3, "num_publications_10y": 2, "num_citations_10y": 3, "publications_years": {"2011": 2}, "citations_years": {"2014": 1, "2015": 0, "2016": 0, "2017": 0, "2018": 2}, "old_citations": {"2011": 3}, "isVisible": false}, "2119590084": {"name": "beatriz sainz", "type": "author", "activity": 2, "h_index": 1, "h5_index": 0, "mag_id": "2119590084", "num_publications": 2, "num_citations": 1, "num_publications_5y": 0, "num_citations_5y": 0, "num_publications_10y": 2, "num_citations_10y": 1, "publications_years": {"2010": 2}, "citations_years": {"2011": 1}, "old_citations": {"2010": 1}, "isVisible": false}, "2127397237": {"name": "silvia artoni", "type": "author", "activity": 9, "h_index": 4, "h5_index": 1, "mag_id": "2127397237", "num_publications": 2, "num_citations": 8, "num_publications_5y": 0, "num_citations_5y": 4, "num_publications_10y": 2, "num_citations_10y": 6, "publications_years": {"2011": 1, "2010": 1}, "citations_years": {"2014": 1, "2015": 0, "2016": 1, "2017": 2, "2018": 0, "2019": 2, "2011": 2, "2012": 0, "2013": 0}, "old_citations": {"2011": 4, "2010": 4}, "isVisible": false}, "2138287785": {"name": "daniela godoy", "type": "author", "activity": 21, "h_index": 17, "h5_index": 6, "mag_id": "2138287785", "num_publications": 2, "num_citations": 3, "num_publications_5y": 0, "num_citations_5y": 3, "num_publications_10y": 2, "num_citations_10y": 3, "publications_years": {"2011": 2}, "citations_years": {"2016": 1, "2017": 1, "2018": 1}, "old_citations": {"2011": 3}, "isVisible": false}, "2141970123": {"name": "analia amandi", "type": "author", "activity": 21, "h_index": 24, "h5_index": 2, "mag_id": "2141970123", "num_publications": 2, "num_citations": 8, "num_publications_5y": 0, "num_citations_5y": 4, "num_publications_10y": 2, "num_citations_10y": 6, "publications_years": {"2011": 2}, "citations_years": {"2013": 2, "2014": 2, "2015": 0, "2016": 1, "2017": 1, "2018": 0, "2019": 2}, "old_citations": {"2011": 8}, "isVisible": false}, "2147492484": {"name": "f j buron", "type": "author", "activity": 1, "h_index": 1, "h5_index": 0, "mag_id": "2147492484", "num_publications": 2, "num_citations": 1, "num_publications_5y": 0, "num_citations_5y": 0, "num_publications_10y": 2, "num_citations_10y": 1, "publications_years": {"2010": 2}, "citations_years": {"2011": 1}, "old_citations": {"2010": 1}, "isVisible": false}, "2422414638": {"name": "emilia sastre garcia", "type": "author", "activity": 1, "h_index": 1, "h5_index": 0, "mag_id": "2422414638", "num_publications": 2, "num_citations": 1, "num_publications_5y": 0, "num_citations_5y": 0, "num_publications_10y": 2, "num_citations_10y": 1, "publications_years": {"2010": 2}, "citations_years": {"2011": 1}, "old_citations": {"2010": 1}, "isVisible": false}, "2478928742": {"name": "c de castro", "type": "author", "activity": 1, "h_index": 1, "h5_index": 0, "mag_id": "2478928742", "num_publications": 2, "num_citations": 1, "num_publications_5y": 0, "num_citations_5y": 0, "num_publications_10y": 2, "num_citations_10y": 1, "publications_years": {"2010": 2}, "citations_years": {"2011": 1}, "old_citations": {"2010": 1}, "isVisible": false}, "2488232345": {"name": "r m robles", "type": "author", "activity": 1, "h_index": 1, "h5_index": 0, "mag_id": "2488232345", "num_publications": 2, "num_citations": 1, "num_publications_5y": 0, "num_citations_5y": 0, "num_publications_10y": 2, "num_citations_10y": 1, "publications_years": {"2010": 2}, "citations_years": {"2011": 1}, "old_citations": {"2010": 1}, "isVisible": false}, "2498740915": {"name": "maria g mitre", "type": "author", "activity": 2, "h_index": 2, "h5_index": 0, "mag_id": "2498740915", "num_publications": 2, "num_citations": 5, "num_publications_5y": 0, "num_citations_5y": 2, "num_publications_10y": 2, "num_citations_10y": 5, "publications_years": {"2010": 1, "2011": 1}, "citations_years": {"2011": 2, "2012": 0, "2013": 1, "2014": 1, "2015": 1}, "old_citations": {"2010": 3, "2011": 2}, "isVisible": false}, "2680729238": {"name": "j bell", "type": "author", "activity": 1, "h_index": 1, "h5_index": 0, "mag_id": "2680729238", "num_publications": 2, "num_citations": 1, "num_publications_5y": 0, "num_citations_5y": 0, "num_publications_10y": 2, "num_citations_10y": 1, "publications_years": {"2010": 2}, "citations_years": {"2011": 1}, "old_citations": {"2010": 1}, "isVisible": false}, "2692369888": {"name": "j m ramirez", "type": "author", "activity": 1, "h_index": 1, "h5_index": 0, "mag_id": "2692369888", "num_publications": 2, "num_citations": 1, "num_publications_5y": 0, "num_citations_5y": 0, "num_publications_10y": 2, "num_citations_10y": 1, "publications_years": {"2010": 2}, "citations_years": {"2011": 1}, "old_citations": {"2010": 1}, "isVisible": false}, "2696811442": {"name": "r sanchez", "type": "author", "activity": 1, "h_index": 1, "h5_index": 0, "mag_id": "2696811442", "num_publications": 2, "num_citations": 1, "num_publications_5y": 0, "num_citations_5y": 0, "num_publications_10y": 2, "num_citations_10y": 1, "publications_years": {"2010": 2}, "citations_years": {"2011": 1}, "old_citations": {"2010": 1}, "isVisible": false}, "2810273014": {"name": "rosanna costaguta", "type": "author", "activity": 14, "h_index": 2, "h5_index": 0, "mag_id": "2810273014", "num_publications": 2, "num_citations": 7, "num_publications_5y": 0, "num_citations_5y": 3, "num_publications_10y": 2, "num_citations_10y": 6, "publications_years": {"2011": 2}, "citations_years": {"2012": 3, "2013": 0, "2014": 0, "2015": 0, "2016": 3, "2017": 0, "2018": 0, "2019": 1}, "old_citations": {"2011": 7}, "isVisible": false}, "39766430": {"name": "kerrie mengersen", "type": "author", "activity": 29, "h_index": 14, "h5_index": 4, "mag_id": "39766430", "num_publications": 1, "num_citations": 0, "num_publications_5y": 0, "num_citations_5y": 0, "num_publications_10y": 1, "num_citations_10y": 0, "publications_years": {"2013": 1}, "citations_years": {}, "old_citations": {"2013": 0}, "isVisible": false}, "155695608": {"name": "barbara leporini", "type": "author", "activity": 18, "h_index": 15, "h5_index": 3, "mag_id": "155695608", "num_publications": 1, "num_citations": 4, "num_publications_5y": 0, "num_citations_5y": 1, "num_publications_10y": 1, "num_citations_10y": 4, "publications_years": {"2010": 1}, "citations_years": {"2012": 3, "2013": 0, "2014": 0, "2015": 0, "2016": 1}, "old_citations": {"2010": 4}, "isVisible": false}, "611493530": {"name": "beatriz sainz de abajo", "type": "author", "activity": 10, "h_index": 3, "h5_index": 1, "mag_id": "611493530", "num_publications": 1, "num_citations": 1, "num_publications_5y": 0, "num_citations_5y": 1, "num_publications_10y": 1, "num_citations_10y": 1, "publications_years": {"2010": 1}, "citations_years": {"2014": 1}, "old_citations": {"2010": 1}, "isVisible": false}, "1827140673": {"name": "anibal mirasso", "type": "author", "activity": 6, "h_index": 2, "h5_index": 1, "mag_id": "1827140673", "num_publications": 1, "num_citations": 7, "num_publications_5y": 0, "num_citations_5y": 4, "num_publications_10y": 1, "num_citations_10y": 7, "publications_years": {"2011": 1}, "citations_years": {"2011": 1, "2012": 0, "2013": 2, "2014": 1, "2015": 2, "2016": 1}, "old_citations": {"2011": 7}, "isVisible": false}, "1838429848": {"name": "maurizio tesconi", "type": "author", "activity": 16, "h_index": 17, "h5_index": 12, "mag_id": "1838429848", "num_publications": 1, "num_citations": 4, "num_publications_5y": 0, "num_citations_5y": 3, "num_publications_10y": 1, "num_citations_10y": 3, "publications_years": {"2011": 1}, "citations_years": {"2014": 1, "2015": 0, "2016": 0, "2017": 2, "2018": 0, "2019": 1}, "old_citations": {"2011": 4}, "isVisible": false}, "1899559293": {"name": "marcelo g armentano", "type": "author", "activity": 18, "h_index": 10, "h5_index": 3, "mag_id": "1899559293", "num_publications": 1, "num_citations": 1, "num_publications_5y": 0, "num_citations_5y": 1, "num_publications_10y": 1, "num_citations_10y": 1, "publications_years": {"2011": 1}, "citations_years": {"2014": 1}, "old_citations": {"2011": 1}, "isVisible": false}, "1987324994": {"name": "emma nicol", "type": "author", "activity": 16, "h_index": 7, "h5_index": 2, "mag_id": "1987324994", "num_publications": 1, "num_citations": 8, "num_publications_5y": 0, "num_citations_5y": 5, "num_publications_10y": 1, "num_citations_10y": 8, "publications_years": {"2010": 1}, "citations_years": {"2011": 3, "2012": 0, "2013": 0, "2014": 2, "2015": 0, "2016": 0, "2017": 0, "2018": 3}, "old_citations": {"2010": 8}, "isVisible": false}, "1995130277": {"name": "j andres diazpace", "type": "author", "activity": 15, "h_index": 6, "h5_index": 4, "mag_id": "1995130277", "num_publications": 1, "num_citations": 5, "num_publications_5y": 0, "num_citations_5y": 4, "num_publications_10y": 1, "num_citations_10y": 5, "publications_years": {"2011": 1}, "citations_years": {"2013": 1, "2014": 2, "2015": 0, "2016": 2}, "old_citations": {"2011": 5}, "isVisible": false}, "1997445182": {"name": "graciela susana cruzado", "type": "author", "activity": 5, "h_index": 1, "h5_index": 0, "mag_id": "1997445182", "num_publications": 1, "num_citations": 2, "num_publications_5y": 0, "num_citations_5y": 0, "num_publications_10y": 1, "num_citations_10y": 2, "publications_years": {"2010": 1}, "citations_years": {"2012": 1, "2013": 1}, "old_citations": {"2010": 2}, "isVisible": false}, "2004157152": {"name": "virginia yannibelli", "type": "author", "activity": 10, "h_index": 6, "h5_index": 1, "mag_id": "2004157152", "num_publications": 1, "num_citations": 7, "num_publications_5y": 0, "num_citations_5y": 3, "num_publications_10y": 1, "num_citations_10y": 5, "publications_years": {"2011": 1}, "citations_years": {"2013": 2, "2014": 1, "2015": 0, "2016": 1, "2017": 1, "2018": 0, "2019": 2}, "old_citations": {"2011": 7}, "isVisible": false}, "2016012339": {"name": "leda digion", "type": "author", "activity": 4, "h_index": 1, "h5_index": 0, "mag_id": "2016012339", "num_publications": 1, "num_citations": 1, "num_publications_5y": 0, "num_citations_5y": 1, "num_publications_10y": 1, "num_citations_10y": 1, "publications_years": {"2011": 1}, "citations_years": {"2018": 1}, "old_citations": {"2011": 1}, "isVisible": false}, "2031210398": {"name": "marco crasso", "type": "author", "activity": 11, "h_index": 13, "h5_index": 1, "mag_id": "2031210398", "num_publications": 1, "num_citations": 0, "num_publications_5y": 0, "num_citations_5y": 0, "num_publications_10y": 1, "num_citations_10y": 0, "publications_years": {"2011": 1}, "citations_years": {}, "old_citations": {"2011": 0}, "isVisible": false}, "2038370361": {"name": "daniel alberto giulianelli", "type": "author", "activity": 14, "h_index": 2, "h5_index": 0, "mag_id": "2038370361", "num_publications": 1, "num_citations": 2, "num_publications_5y": 0, "num_citations_5y": 0, "num_publications_10y": 1, "num_citations_10y": 2, "publications_years": {"2010": 1}, "citations_years": {"2012": 1, "2013": 1}, "old_citations": {"2010": 2}, "isVisible": false}, "2046872358": {"name": "elina pacini", "type": "author", "activity": 10, "h_index": 7, "h5_index": 3, "mag_id": "2046872358", "num_publications": 1, "num_citations": 7, "num_publications_5y": 0, "num_citations_5y": 4, "num_publications_10y": 1, "num_citations_10y": 7, "publications_years": {"2011": 1}, "citations_years": {"2011": 1, "2012": 0, "2013": 2, "2014": 1, "2015": 2, "2016": 1}, "old_citations": {"2011": 7}, "isVisible": false}, "2070302956": {"name": "beatrice rapisarda", "type": "author", "activity": 9, "h_index": 3, "h5_index": 1, "mag_id": "2070302956", "num_publications": 1, "num_citations": 4, "num_publications_5y": 0, "num_citations_5y": 3, "num_publications_10y": 1, "num_citations_10y": 3, "publications_years": {"2011": 1}, "citations_years": {"2014": 1, "2015": 0, "2016": 0, "2017": 2, "2018": 0, "2019": 1}, "old_citations": {"2011": 4}, "isVisible": false}, "2084515971": {"name": "victor m r penichet", "type": "author", "activity": 17, "h_index": 12, "h5_index": 3, "mag_id": "2084515971", "num_publications": 1, "num_citations": 4, "num_publications_5y": 0, "num_citations_5y": 1, "num_publications_10y": 1, "num_citations_10y": 4, "publications_years": {"2010": 1}, "citations_years": {"2012": 3, "2013": 0, "2014": 0, "2015": 0, "2016": 1}, "old_citations": {"2010": 4}, "isVisible": false}, "2100536401": {"name": "sergio ariel salinas", "type": "author", "activity": 4, "h_index": 1, "h5_index": 0, "mag_id": "2100536401", "num_publications": 1, "num_citations": 2, "num_publications_5y": 0, "num_citations_5y": 2, "num_publications_10y": 1, "num_citations_10y": 2, "publications_years": {"2011": 1}, "citations_years": {"2017": 2}, "old_citations": {"2011": 2}, "isVisible": false}, "2107447813": {"name": "inmaculada gordillo", "type": "author", "activity": 3, "h_index": 1, "h5_index": 0, "mag_id": "2107447813", "num_publications": 1, "num_citations": 1, "num_publications_5y": 0, "num_citations_5y": 0, "num_publications_10y": 1, "num_citations_10y": 0, "publications_years": {"2010": 1}, "citations_years": {"2019": 1}, "old_citations": {"2010": 1}, "isVisible": false}, "2110588015": {"name": "carlos de castro lozano", "type": "author", "activity": 20, "h_index": 3, "h5_index": 0, "mag_id": "2110588015", "num_publications": 1, "num_citations": 1, "num_publications_5y": 0, "num_citations_5y": 1, "num_publications_10y": 1, "num_citations_10y": 1, "publications_years": {"2010": 1}, "citations_years": {"2014": 1}, "old_citations": {"2010": 1}, "isVisible": false}, "2110858837": {"name": "artemisa trigueros", "type": "author", "activity": 10, "h_index": 1, "h5_index": 0, "mag_id": "2110858837", "num_publications": 1, "num_citations": 2, "num_publications_5y": 0, "num_citations_5y": 0, "num_publications_10y": 1, "num_citations_10y": 2, "publications_years": {"2010": 1}, "citations_years": {"2012": 1, "2013": 1}, "old_citations": {"2010": 2}, "isVisible": false}, "2112512671": {"name": "pujitha silva", "type": "author", "activity": 1, "h_index": 0, "h5_index": 0, "mag_id": "2112512671", "num_publications": 1, "num_citations": 0, "num_publications_5y": 0, "num_citations_5y": 0, "num_publications_10y": 1, "num_citations_10y": 0, "publications_years": {"2013": 1}, "citations_years": {}, "old_citations": {"2013": 0}, "isVisible": false}, "2113030988": {"name": "giulio mori", "type": "author", "activity": 19, "h_index": 9, "h5_index": 1, "mag_id": "2113030988", "num_publications": 1, "num_citations": 4, "num_publications_5y": 0, "num_citations_5y": 1, "num_publications_10y": 1, "num_citations_10y": 4, "publications_years": {"2010": 1}, "citations_years": {"2012": 3, "2013": 0, "2014": 0, "2015": 0, "2016": 1}, "old_citations": {"2010": 4}, "isVisible": false}, "2113464631": {"name": "guillermo rodriguez", "type": "author", "activity": 17, "h_index": 6, "h5_index": 5, "mag_id": "2113464631", "num_publications": 1, "num_citations": 3, "num_publications_5y": 0, "num_citations_5y": 3, "num_publications_10y": 1, "num_citations_10y": 3, "publications_years": {"2011": 1}, "citations_years": {"2014": 1, "2015": 0, "2016": 0, "2017": 0, "2018": 2}, "old_citations": {"2011": 3}, "isVisible": false}, "2119283769": {"name": "ruben fares", "type": "author", "activity": 2, "h_index": 1, "h5_index": 0, "mag_id": "2119283769", "num_publications": 1, "num_citations": 5, "num_publications_5y": 0, "num_citations_5y": 2, "num_publications_10y": 1, "num_citations_10y": 4, "publications_years": {"2011": 1}, "citations_years": {"2012": 2, "2013": 0, "2014": 0, "2015": 0, "2016": 2, "2017": 0, "2018": 0, "2019": 1}, "old_citations": {"2011": 5}, "isVisible": false}, "2132152748": {"name": "melisa ribero", "type": "author", "activity": 1, "h_index": 1, "h5_index": 0, "mag_id": "2132152748", "num_publications": 1, "num_citations": 7, "num_publications_5y": 0, "num_citations_5y": 4, "num_publications_10y": 1, "num_citations_10y": 7, "publications_years": {"2011": 1}, "citations_years": {"2011": 1, "2012": 0, "2013": 2, "2014": 1, "2015": 2, "2016": 1}, "old_citations": {"2011": 7}, "isVisible": false}, "2133296407": {"name": "matias nicoletti", "type": "author", "activity": 6, "h_index": 4, "h5_index": 1, "mag_id": "2133296407", "num_publications": 1, "num_citations": 5, "num_publications_5y": 0, "num_citations_5y": 4, "num_publications_10y": 1, "num_citations_10y": 5, "publications_years": {"2011": 1}, "citations_years": {"2013": 1, "2014": 2, "2015": 0, "2016": 2}, "old_citations": {"2011": 5}, "isVisible": false}, "2134936786": {"name": "juan g enriquez", "type": "author", "activity": 8, "h_index": 1, "h5_index": 0, "mag_id": "2134936786", "num_publications": 1, "num_citations": 1, "num_publications_5y": 0, "num_citations_5y": 0, "num_publications_10y": 1, "num_citations_10y": 1, "publications_years": {"2010": 1}, "citations_years": {"2011": 1}, "old_citations": {"2010": 1}, "isVisible": false}, "2138127779": {"name": "juan manuel rodriguez", "type": "author", "activity": 11, "h_index": 13, "h5_index": 3, "mag_id": "2138127779", "num_publications": 1, "num_citations": 14, "num_publications_5y": 0, "num_citations_5y": 9, "num_publications_10y": 1, "num_citations_10y": 11, "publications_years": {"2011": 1}, "citations_years": {"2013": 2, "2014": 3, "2015": 1, "2016": 2, "2017": 2, "2018": 1, "2019": 3}, "old_citations": {"2011": 14}, "isVisible": false}, "2144098710": {"name": "edgardo j moreno", "type": "author", "activity": 1, "h_index": 1, "h5_index": 0, "mag_id": "2144098710", "num_publications": 1, "num_citations": 2, "num_publications_5y": 0, "num_citations_5y": 0, "num_publications_10y": 1, "num_citations_10y": 2, "publications_years": {"2010": 1}, "citations_years": {"2012": 1, "2013": 1}, "old_citations": {"2010": 2}, "isVisible": false}, "2145161683": {"name": "rafael pastor", "type": "author", "activity": 17, "h_index": 10, "h5_index": 1, "mag_id": "2145161683", "num_publications": 1, "num_citations": 2, "num_publications_5y": 0, "num_citations_5y": 1, "num_publications_10y": 1, "num_citations_10y": 2, "publications_years": {"2010": 1}, "citations_years": {"2013": 1, "2014": 0, "2015": 0, "2016": 0, "2017": 1}, "old_citations": {"2010": 2}, "isVisible": false}, "2147971899": {"name": "paolo mori", "type": "author", "activity": 21, "h_index": 16, "h5_index": 8, "mag_id": "2147971899", "num_publications": 1, "num_citations": 0, "num_publications_5y": 0, "num_citations_5y": 0, "num_publications_10y": 1, "num_citations_10y": 0, "publications_years": {"2011": 1}, "citations_years": {}, "old_citations": {"2011": 0}, "isVisible": false}, "2149067780": {"name": "rocio andrea rodriguez", "type": "author", "activity": 14, "h_index": 2, "h5_index": 1, "mag_id": "2149067780", "num_publications": 1, "num_citations": 2, "num_publications_5y": 0, "num_citations_5y": 0, "num_publications_10y": 1, "num_citations_10y": 2, "publications_years": {"2010": 1}, "citations_years": {"2012": 1, "2013": 1}, "old_citations": {"2010": 2}, "isVisible": false}, "2157570288": {"name": "salvador ros", "type": "author", "activity": 12, "h_index": 10, "h5_index": 1, "mag_id": "2157570288", "num_publications": 1, "num_citations": 2, "num_publications_5y": 0, "num_citations_5y": 1, "num_publications_10y": 1, "num_citations_10y": 2, "publications_years": {"2010": 1}, "citations_years": {"2013": 1, "2014": 0, "2015": 0, "2016": 0, "2017": 1}, "old_citations": {"2010": 2}, "isVisible": false}, "2158897759": {"name": "karen woodman", "type": "author", "activity": 9, "h_index": 1, "h5_index": 0, "mag_id": "2158897759", "num_publications": 1, "num_citations": 0, "num_publications_5y": 0, "num_citations_5y": 0, "num_publications_10y": 1, "num_citations_10y": 0, "publications_years": {"2013": 1}, "citations_years": {}, "old_citations": {"2013": 0}, "isVisible": false}, "2167969564": {"name": "elena beatriz duran", "type": "author", "activity": 21, "h_index": 1, "h5_index": 0, "mag_id": "2167969564", "num_publications": 1, "num_citations": 2, "num_publications_5y": 0, "num_citations_5y": 1, "num_publications_10y": 1, "num_citations_10y": 2, "publications_years": {"2011": 1}, "citations_years": {"2012": 1, "2013": 0, "2014": 0, "2015": 0, "2016": 1}, "old_citations": {"2011": 2}, "isVisible": false}, "2176432624": {"name": "jegar pitchforth", "type": "author", "activity": 4, "h_index": 4, "h5_index": 0, "mag_id": "2176432624", "num_publications": 1, "num_citations": 0, "num_publications_5y": 0, "num_citations_5y": 0, "num_publications_10y": 1, "num_citations_10y": 0, "publications_years": {"2013": 1}, "citations_years": {}, "old_citations": {"2013": 0}, "isVisible": false}, "2187575431": {"name": "graciela vidal", "type": "author", "activity": 7, "h_index": 1, "h5_index": 0, "mag_id": "2187575431", "num_publications": 1, "num_citations": 1, "num_publications_5y": 0, "num_citations_5y": 0, "num_publications_10y": 1, "num_citations_10y": 1, "publications_years": {"2010": 1}, "citations_years": {"2011": 1}, "old_citations": {"2010": 1}, "isVisible": false}, "2250285667": {"name": "susana isabel herrera", "type": "author", "activity": 6, "h_index": 3, "h5_index": 0, "mag_id": "2250285667", "num_publications": 1, "num_citations": 3, "num_publications_5y": 0, "num_citations_5y": 0, "num_publications_10y": 1, "num_citations_10y": 3, "publications_years": {"2010": 1}, "citations_years": {"2011": 2, "2012": 0, "2013": 1}, "old_citations": {"2010": 3}, "isVisible": false}, "2277258753": {"name": "alberto corpas", "type": "author", "activity": 1, "h_index": 0, "h5_index": 0, "mag_id": "2277258753", "num_publications": 1, "num_citations": 0, "num_publications_5y": 0, "num_citations_5y": 0, "num_publications_10y": 1, "num_citations_10y": 0, "publications_years": {"2010": 1}, "citations_years": {}, "old_citations": {"2010": 0}, "isVisible": false}, "2283652427": {"name": "prasad k d v yarlagadda", "type": "author", "activity": 28, "h_index": 7, "h5_index": 1, "mag_id": "2283652427", "num_publications": 1, "num_citations": 0, "num_publications_5y": 0, "num_citations_5y": 0, "num_publications_10y": 1, "num_citations_10y": 0, "publications_years": {"2013": 1}, "citations_years": {}, "old_citations": {"2013": 0}, "isVisible": false}, "2287924800": {"name": "juan francisco silva logrono", "type": "author", "activity": 1, "h_index": 1, "h5_index": 0, "mag_id": "2287924800", "num_publications": 1, "num_citations": 1, "num_publications_5y": 0, "num_citations_5y": 1, "num_publications_10y": 1, "num_citations_10y": 1, "publications_years": {"2011": 1}, "citations_years": {"2014": 1}, "old_citations": {"2011": 1}, "isVisible": false}, "2288378512": {"name": "roberto hernandez", "type": "author", "activity": 14, "h_index": 10, "h5_index": 2, "mag_id": "2288378512", "num_publications": 1, "num_citations": 2, "num_publications_5y": 0, "num_citations_5y": 1, "num_publications_10y": 1, "num_citations_10y": 2, "publications_years": {"2010": 1}, "citations_years": {"2013": 1, "2014": 0, "2015": 0, "2016": 0, "2017": 1}, "old_citations": {"2010": 2}, "isVisible": false}, "2304026690": {"name": "saad t alharbi", "type": "author", "activity": 10, "h_index": 3, "h5_index": 1, "mag_id": "2304026690", "num_publications": 1, "num_citations": 0, "num_publications_5y": 0, "num_citations_5y": 0, "num_publications_10y": 1, "num_citations_10y": 0, "publications_years": {"2011": 1}, "citations_years": {}, "old_citations": {"2011": 0}, "isVisible": false}, "2308179778": {"name": "claudia m garcia", "type": "author", "activity": 1, "h_index": 1, "h5_index": 0, "mag_id": "2308179778", "num_publications": 1, "num_citations": 3, "num_publications_5y": 0, "num_citations_5y": 0, "num_publications_10y": 1, "num_citations_10y": 3, "publications_years": {"2010": 1}, "citations_years": {"2011": 2, "2012": 0, "2013": 1}, "old_citations": {"2010": 3}, "isVisible": false}, "2310813154": {"name": "alvaro soria", "type": "author", "activity": 18, "h_index": 6, "h5_index": 6, "mag_id": "2310813154", "num_publications": 1, "num_citations": 3, "num_publications_5y": 0, "num_citations_5y": 3, "num_publications_10y": 1, "num_citations_10y": 3, "publications_years": {"2011": 1}, "citations_years": {"2014": 1, "2015": 0, "2016": 0, "2017": 0, "2018": 2}, "old_citations": {"2011": 3}, "isVisible": false}, "2310974423": {"name": "timothy read", "type": "author", "activity": 20, "h_index": 9, "h5_index": 1, "mag_id": "2310974423", "num_publications": 1, "num_citations": 2, "num_publications_5y": 0, "num_citations_5y": 1, "num_publications_10y": 1, "num_citations_10y": 2, "publications_years": {"2010": 1}, "citations_years": {"2013": 1, "2014": 0, "2015": 0, "2016": 0, "2017": 1}, "old_citations": {"2010": 2}, "isVisible": false}, "2339833291": {"name": "lucy richardson", "type": "author", "activity": 1, "h_index": 1, "h5_index": 0, "mag_id": "2339833291", "num_publications": 1, "num_citations": 0, "num_publications_5y": 0, "num_citations_5y": 0, "num_publications_10y": 1, "num_citations_10y": 0, "publications_years": {"2010": 1}, "citations_years": {}, "old_citations": {"2010": 0}, "isVisible": false}, "2346239100": {"name": "luis berdun", "type": "author", "activity": 18, "h_index": 5, "h5_index": 3, "mag_id": "2346239100", "num_publications": 1, "num_citations": 1, "num_publications_5y": 0, "num_citations_5y": 1, "num_publications_10y": 1, "num_citations_10y": 1, "publications_years": {"2011": 1}, "citations_years": {"2014": 1}, "old_citations": {"2011": 1}, "isVisible": false}, "2420734031": {"name": "javier fernandez", "type": "author", "activity": 2, "h_index": 1, "h5_index": 0, "mag_id": "2420734031", "num_publications": 1, "num_citations": 1, "num_publications_5y": 0, "num_citations_5y": 1, "num_publications_10y": 1, "num_citations_10y": 1, "publications_years": {"2010": 1}, "citations_years": {"2014": 1}, "old_citations": {"2010": 1}, "isVisible": false}, "2474441834": {"name": "covadonga rodrigo", "type": "author", "activity": 24, "h_index": 4, "h5_index": 3, "mag_id": "2474441834", "num_publications": 1, "num_citations": 2, "num_publications_5y": 0, "num_citations_5y": 1, "num_publications_10y": 1, "num_citations_10y": 2, "publications_years": {"2010": 1}, "citations_years": {"2013": 1, "2014": 0, "2015": 0, "2016": 0, "2017": 1}, "old_citations": {"2010": 2}, "isVisible": false}, "2478434245": {"name": "enrique garcia salcines", "type": "author", "activity": 11, "h_index": 2, "h5_index": 0, "mag_id": "2478434245", "num_publications": 1, "num_citations": 1, "num_publications_5y": 0, "num_citations_5y": 1, "num_publications_10y": 1, "num_citations_10y": 1, "publications_years": {"2010": 1}, "citations_years": {"2014": 1}, "old_citations": {"2010": 1}, "isVisible": false}, "2481677913": {"name": "fabio ceccarelli", "type": "author", "activity": 1, "h_index": 1, "h5_index": 0, "mag_id": "2481677913", "num_publications": 1, "num_citations": 4, "num_publications_5y": 0, "num_citations_5y": 3, "num_publications_10y": 1, "num_citations_10y": 3, "publications_years": {"2011": 1}, "citations_years": {"2014": 1, "2015": 0, "2016": 0, "2017": 2, "2018": 0, "2019": 1}, "old_citations": {"2011": 4}, "isVisible": false}, "2487772020": {"name": "mario camara", "type": "author", "activity": 1, "h_index": 0, "h5_index": 0, "mag_id": "2487772020", "num_publications": 1, "num_citations": 0, "num_publications_5y": 0, "num_citations_5y": 0, "num_publications_10y": 1, "num_citations_10y": 0, "publications_years": {"2010": 1}, "citations_years": {}, "old_citations": {"2010": 0}, "isVisible": false}, "2492132304": {"name": "cristian lucchesi", "type": "author", "activity": 1, "h_index": 0, "h5_index": 0, "mag_id": "2492132304", "num_publications": 1, "num_citations": 0, "num_publications_5y": 0, "num_citations_5y": 0, "num_publications_10y": 1, "num_citations_10y": 0, "publications_years": {"2011": 1}, "citations_years": {}, "old_citations": {"2011": 0}, "isVisible": false}, "2495396833": {"name": "jacqueline alma", "type": "author", "activity": 8, "h_index": 1, "h5_index": 0, "mag_id": "2495396833", "num_publications": 1, "num_citations": 1, "num_publications_5y": 0, "num_citations_5y": 1, "num_publications_10y": 1, "num_citations_10y": 1, "publications_years": {"2011": 1}, "citations_years": {"2014": 1}, "old_citations": {"2011": 1}, "isVisible": false}, "2556374769": {"name": "adriana generoso", "type": "author", "activity": 1, "h_index": 1, "h5_index": 0, "mag_id": "2556374769", "num_publications": 1, "num_citations": 2, "num_publications_5y": 0, "num_citations_5y": 2, "num_publications_10y": 1, "num_citations_10y": 2, "publications_years": {"2011": 1}, "citations_years": {"2014": 1, "2015": 1}, "old_citations": {"2011": 2}, "isVisible": false}, "2570840061": {"name": "mitja gradisnik", "type": "author", "activity": 9, "h_index": 0, "h5_index": 0, "mag_id": "2570840061", "num_publications": 1, "num_citations": 0, "num_publications_5y": 0, "num_citations_5y": 0, "num_publications_10y": 1, "num_citations_10y": 0, "publications_years": {"2011": 1}, "citations_years": {}, "old_citations": {"2011": 0}, "isVisible": false}, "2577540857": {"name": "guillermo perez", "type": "author", "activity": 1, "h_index": 0, "h5_index": 0, "mag_id": "2577540857", "num_publications": 1, "num_citations": 0, "num_publications_5y": 0, "num_citations_5y": 0, "num_publications_10y": 1, "num_citations_10y": 0, "publications_years": {"2010": 1}, "citations_years": {}, "old_citations": {"2010": 0}, "isVisible": false}, "2641852990": {"name": "maria del mar ramirezalvarado", "type": "author", "activity": 6, "h_index": 1, "h5_index": 0, "mag_id": "2641852990", "num_publications": 1, "num_citations": 1, "num_publications_5y": 0, "num_citations_5y": 0, "num_publications_10y": 1, "num_citations_10y": 0, "publications_years": {"2010": 1}, "citations_years": {"2019": 1}, "old_citations": {"2010": 1}, "isVisible": false}, "2665181451": {"name": "paola d budan", "type": "author", "activity": 1, "h_index": 1, "h5_index": 0, "mag_id": "2665181451", "num_publications": 1, "num_citations": 2, "num_publications_5y": 0, "num_citations_5y": 2, "num_publications_10y": 1, "num_citations_10y": 2, "publications_years": {"2011": 1}, "citations_years": {"2014": 1, "2015": 1}, "old_citations": {"2011": 2}, "isVisible": false}, "2665219982": {"name": "francesco donini", "type": "author", "activity": 1, "h_index": 0, "h5_index": 0, "mag_id": "2665219982", "num_publications": 1, "num_citations": 0, "num_publications_5y": 0, "num_citations_5y": 0, "num_publications_10y": 1, "num_citations_10y": 0, "publications_years": {"2011": 1}, "citations_years": {}, "old_citations": {"2011": 0}, "isVisible": false}, "2690151923": {"name": "sandra casas", "type": "author", "activity": 2, "h_index": 1, "h5_index": 0, "mag_id": "2690151923", "num_publications": 1, "num_citations": 1, "num_publications_5y": 0, "num_citations_5y": 0, "num_publications_10y": 1, "num_citations_10y": 1, "publications_years": {"2010": 1}, "citations_years": {"2011": 1}, "old_citations": {"2010": 1}, "isVisible": false}, "2792821771": {"name": "pablo martin vera", "type": "author", "activity": 11, "h_index": 2, "h5_index": 1, "mag_id": "2792821771", "num_publications": 1, "num_citations": 2, "num_publications_5y": 0, "num_citations_5y": 0, "num_publications_10y": 1, "num_citations_10y": 2, "publications_years": {"2010": 1}, "citations_years": {"2012": 1, "2013": 1}, "old_citations": {"2010": 2}, "isVisible": false}, "2940596827": {"name": "m claudia buzzi", "type": "author", "activity": 1, "h_index": 0, "h5_index": 0, "mag_id": "2940596827", "num_publications": 1, "num_citations": 0, "num_publications_5y": 0, "num_citations_5y": 0, "num_publications_10y": 1, "num_citations_10y": 0, "publications_years": {"2011": 1}, "citations_years": {}, "old_citations": {"2011": 0}, "isVisible": false}, "2941380931": {"name": "abraham gebrehiwot", "type": "author", "activity": 1, "h_index": 0, "h5_index": 0, "mag_id": "2941380931", "num_publications": 1, "num_citations": 0, "num_publications_5y": 0, "num_citations_5y": 0, "num_publications_10y": 1, "num_citations_10y": 0, "publications_years": {"2011": 1}, "citations_years": {}, "old_citations": {"2011": 0}, "isVisible": false}, "2941427634": {"name": "alessio lunardelli", "type": "author", "activity": 1, "h_index": 0, "h5_index": 0, "mag_id": "2941427634", "num_publications": 1, "num_citations": 0, "num_publications_5y": 0, "num_citations_5y": 0, "num_publications_10y": 1, "num_citations_10y": 0, "publications_years": {"2011": 1}, "citations_years": {}, "old_citations": {"2011": 0}, "isVisible": false}, "2950000213": {"name": "mabel sosa", "type": "author", "activity": 1, "h_index": 1, "h5_index": 0, "mag_id": "2950000213", "num_publications": 1, "num_citations": 1, "num_publications_5y": 0, "num_citations_5y": 1, "num_publications_10y": 1, "num_citations_10y": 1, "publications_years": {"2011": 1}, "citations_years": {"2018": 1}, "old_citations": {"2011": 1}, "isVisible": false}}, "countries": {"Argentina": {"name": "Argentina", "type": "country", "h5_index": 26, "num_publications": 11, "num_citations": 44, "num_publications_5y": 0, "num_citations_5y": 29, "num_publications_10y": 11, "num_citations_10y": 39, "publications_years": {"2010": 1, "2011": 10}, "citations_years": {"2012": 1, "2013": 8, "2014": 9, "2015": 3, "2016": 7, "2017": 6, "2018": 4, "2019": 5, "2011": 1}, "old_citations": {"2010": 2, "2011": 42}, "isVisible": false}, "Spain": {"name": "Spain", "type": "country", "h5_index": 91, "num_publications": 5, "num_citations": 5, "num_publications_5y": 0, "num_citations_5y": 2, "num_publications_10y": 5, "num_citations_10y": 4, "publications_years": {"2010": 5}, "citations_years": {"2013": 1, "2014": 1, "2015": 0, "2016": 0, "2017": 1, "2011": 1, "2019": 1}, "old_citations": {"2010": 5}, "isVisible": false}, "Slovenia": {"name": "Slovenia", "type": "country", "h5_index": 36, "num_publications": 2, "num_citations": 0, "num_publications_5y": 0, "num_citations_5y": 0, "num_publications_10y": 2, "num_citations_10y": 0, "publications_years": {"2011": 2}, "citations_years": {}, "old_citations": {"2011": 0}, "isVisible": false}, "United States": {"name": "United States", "type": "country", "h5_index": 308, "num_publications": 2, "num_citations": 6, "num_publications_5y": 0, "num_citations_5y": 2, "num_publications_10y": 2, "num_citations_10y": 6, "publications_years": {"2011": 1, "2010": 1}, "citations_years": {"2014": 2, "2012": 1, "2013": 3}, "old_citations": {"2011": 2, "2010": 4}, "isVisible": false}, "Australia": {"name": "Australia", "type": "country", "h5_index": 141, "num_publications": 1, "num_citations": 0, "num_publications_5y": 0, "num_citations_5y": 0, "num_publications_10y": 1, "num_citations_10y": 0, "publications_years": {"2013": 1}, "citations_years": {}, "old_citations": {"2013": 0}, "isVisible": false}, "Canada": {"name": "Canada", "type": "country", "h5_index": 128, "num_publications": 1, "num_citations": 1, "num_publications_5y": 0, "num_citations_5y": 1, "num_publications_10y": 1, "num_citations_10y": 1, "publications_years": {"2011": 1}, "citations_years": {"2014": 1}, "old_citations": {"2011": 1}, "isVisible": false}, "Italy": {"name": "Italy", "type": "country", "h5_index": 94, "num_publications": 1, "num_citations": 4, "num_publications_5y": 0, "num_citations_5y": 3, "num_publications_10y": 1, "num_citations_10y": 3, "publications_years": {"2011": 1}, "citations_years": {"2014": 1, "2015": 0, "2016": 0, "2017": 2, "2018": 0, "2019": 1}, "old_citations": {"2011": 4}, "isVisible": false}, "Saudi Arabia": {"name": "Saudi Arabia", "type": "country", "h5_index": 72, "num_publications": 1, "num_citations": 0, "num_publications_5y": 0, "num_citations_5y": 0, "num_publications_10y": 1, "num_citations_10y": 0, "publications_years": {"2011": 1}, "citations_years": {}, "old_citations": {"2011": 0}, "isVisible": false}, "United Kingdom": {"name": "United Kingdom", "type": "country", "h5_index": 172, "num_publications": 1, "num_citations": 8, "num_publications_5y": 0, "num_citations_5y": 5, "num_publications_10y": 1, "num_citations_10y": 8, "publications_years": {"2010": 1}, "citations_years": {"2011": 3, "2012": 0, "2013": 0, "2014": 2, "2015": 0, "2016": 0, "2017": 0, "2018": 3}, "old_citations": {"2010": 8}, "isVisible": false}}}, "conference_comparison": {"computer science": {}}, "topics_dna": {"publications": {}, "citations": {"normalized": {}, "average": {}}}, "info": {"num_publications": 43, "num_citations": 112.0, "impact_factor": {"2012": 0.21428571428571427, "2013": 0.3333333333333333}, "publications_years": {"2011": 24, "2010": 18, "2013": 1}, "citations_years": {"2010": 1, "2011": 16, "2012": 9, "2013": 14, "2014": 19, "2015": 7, "2016": 12, "2017": 9, "2018": 15, "2019": 10}, "old_citations": {"2011": 68, "2010": 44, "2013": 0}, "h5_index": 0}, "percentile": {"computer science": {"2011": 61, "2010": 59, "2013": 18}}, "conference_ranking": {"computer science": {"2011": 1625, "2010": 1720, "2013": 3494}}, "academia": {"num_publications": 14, "num_citations": 25, "publications_years": {"2010": 7, "2011": 6, "2012": 0, "2013": 1}, "old_citations": {"2010": 17, "2011": 8, "2012": 0, "2013": 0}, "num_publications_5y": 0, "num_citations_5y": 0, "num_publications_10y": 7, "num_citations_10y": 8}, "industry": {"num_publications": 1, "num_citations": 1, "publications_years": {"2011": 1}, "old_citations": {"2011": 1}, "num_publications_5y": 0, "num_citations_5y": 0, "num_publications_10y": 1, "num_citations_10y": 1}, "collaborative": {"num_publications": 0, "num_citations": 0, "publications_years": {}, "old_citations": {}, "num_publications_5y": 0, "num_citations_5y": 0, "num_publications_10y": 0, "num_citations_10y": 0}, "conferences": {}, "journals": {}, "organizations": {"publication_overall": ["National Scientific and Technical Research Council", "University of Valladolid", "National University of Cuyo", "University of Maribor", "University of Southern California", "Electronic Arts (Canada)", "National University of Distance Education", "National University of La Matanza", "Queensland University of Technology", "Taibah University", "University of Florence", "University of Seville", "University of Strathclyde"], "citation_overall": ["National Scientific and Technical Research Council", "National University of Cuyo", "University of Strathclyde", "University of Southern California", "University of Florence", "National University of Distance Education", "National University of La Matanza", "University of Valladolid", "Electronic Arts (Canada)", "University of Seville", "Queensland University of Technology", "Taibah University", "University of Maribor"], "publication_10_years": ["National Scientific and Technical Research Council", "National University of Cuyo", "University of Maribor", "Electronic Arts (Canada)", "Queensland University of Technology", "Taibah University", "University of Florence", "University of Southern California"], "citation_10_years": ["National Scientific and Technical Research Council", "National University of Cuyo", "University of Florence", "University of Southern California", "Electronic Arts (Canada)", "Queensland University of Technology", "Taibah University", "University of Maribor"], "publication_5_years": [], "citation_5_years": []}, "countries": {"publication_overall": ["Argentina", "Spain", "Slovenia", "United States", "Australia", "Canada", "Italy", "Saudi Arabia", "United Kingdom"], "citation_overall": ["Argentina", "United Kingdom", "United States", "Spain", "Italy", "Canada", "Australia", "Saudi Arabia", "Slovenia"], "publication_10_years": ["Argentina", "Slovenia", "Australia", "Canada", "Italy", "Saudi Arabia", "United States"], "citation_10_years": ["Argentina", "Italy", "United States", "Canada", "Australia", "Saudi Arabia", "Slovenia"], "publication_5_years": [], "citation_5_years": []}, "topics": {"publication_overall": ["computer science", "computer systems", "human computer interaction", "internet", "user interfaces", "telecommunication systems", "software engineering", "telecommunication networks", "software architecture", "software design", "artificial intelligence", "software", "computer networks", "engineering", "information systems", "information technology", "world wide web", "computer programming", "communication", "database systems"], "citation_overall": ["computer science", "computer systems", "human computer interaction", "telecommunication systems", "telecommunication networks", "user interfaces", "software", "computer networks", "software engineering", "communication", "software architecture", "software design", "human engineering", "internet", "data communication systems", "computer programming", "engineering", "computer hardware", "database systems", "distributed computer systems"], "publication_10_years": ["computer science", "computer systems", "internet", "human computer interaction", "software engineering", "user interfaces", "software architecture", "software design", "artificial intelligence", "telecommunication networks", "telecommunication systems", "computer networks", "computer programming", "information systems", "software", "distributed computer systems", "engineering", "object oriented programming", "world wide web", "database systems"], "citation_10_years": ["computer science", "computer systems", "telecommunication networks", "telecommunication systems", "computer networks", "human computer interaction", "distributed computer systems", "software engineering", "computer hardware", "user interfaces", "data communication systems", "database systems", "distributed systems", "parallel processing systems", "software architecture", "software design", "microprocessor chips", "program processors", "software", "communication systems"], "publication_5_years": [], "citation_5_years": []}, "main_topics": ["computer science"], "authors": {"publication_overall": ["1752075", "1989950621", "2170449889", "1749735364", "2105864942", "2155388350", "2160356712", "2170358334", "221543091", "323178154", "1466154390", "1582923126", "1777567343", "2010701184", "2067394487", "2102176408", "2102333087", "2117774120", "2119590084", "2127397237", "2138287785", "2141970123", "2147492484", "2422414638", "2478928742", "2488232345", "2498740915", "2680729238", "2692369888", "2696811442", "2810273014", "39766430", "155695608", "611493530", "1827140673", "1838429848", "1899559293", "1987324994", "1995130277", "1997445182", "2004157152", "2016012339", "2031210398", "2038370361", "2046872358", "2070302956", "2084515971", "2100536401", "2107447813", "2110588015", "2110858837", "2112512671", "2113030988", "2113464631", "2119283769", "2132152748", "2133296407", "2134936786", "2138127779", "2144098710", "2145161683", "2147971899", "2149067780", "2157570288", "2158897759", "2167969564", "2176432624", "2187575431", "2250285667", "2277258753", "2283652427", "2287924800", "2288378512", "2304026690", "2308179778", "2310813154", "2310974423", "2339833291", "2346239100", "2420734031", "2474441834", "2478434245", "2481677913", "2487772020", "2492132304", "2495396833", "2556374769", "2570840061", "2577540857", "2641852990", "2665181451", "2665219982", "2690151923", "2792821771", "2940596827", "2941380931", "2941427634", "2950000213"], "citation_overall": ["1752075", "1989950621", "2170358334", "2155388350", "2170449889", "2138127779", "2105864942", "1582923126", "1749735364", "1987324994", "2010701184", "2127397237", "2141970123", "1827140673", "2004157152", "2046872358", "2132152748", "2810273014", "1466154390", "2160356712", "323178154", "1995130277", "2102333087", "2119283769", "2133296407", "2498740915", "155695608", "1838429848", "2070302956", "2084515971", "2113030988", "2481677913", "2067394487", "2113464631", "2117774120", "2138287785", "2250285667", "2308179778", "2310813154", "1997445182", "2038370361", "2100536401", "2110858837", "2144098710", "2145161683", "2149067780", "2157570288", "2167969564", "2288378512", "2310974423", "2474441834", "2556374769", "2665181451", "2792821771", "611493530", "1777567343", "1899559293", "2016012339", "2102176408", "2107447813", "2110588015", "2119590084", "2134936786", "2147492484", "2187575431", "2287924800", "2346239100", "2420734031", "2422414638", "2478434245", "2478928742", "2488232345", "2495396833", "2641852990", "2680729238", "2690151923", "2692369888", "2696811442", "2950000213", "39766430", "221543091", "2031210398", "2112512671", "2147971899", "2158897759", "2176432624", "2277258753", "2283652427", "2304026690", "2339833291", "2487772020", "2492132304", "2570840061", "2577540857", "2665219982", "2940596827", "2941380931", "2941427634"], "publication_10_years": ["1752075", "1749735364", "2155388350", "2170358334", "221543091", "1582923126", "1989950621", "2067394487", "2117774120", "2138287785", "2141970123", "2160356712", "2170449889", "2810273014", "39766430", "323178154", "1466154390", "1827140673", "1838429848", "1899559293", "1995130277", "2004157152", "2010701184", "2016012339", "2031210398", "2046872358", "2070302956", "2100536401", "2102333087", "2105864942", "2112512671", "2113464631", "2119283769", "2127397237", "2132152748", "2133296407", "2138127779", "2147971899", "2158897759", "2167969564", "2176432624", "2283652427", "2287924800", "2304026690", "2310813154", "2346239100", "2481677913", "2492132304", "2495396833", "2498740915", "2556374769", "2570840061", "2665181451", "2665219982", "2940596827", "2941380931", "2941427634", "2950000213"], "citation_10_years": ["2170358334", "2155388350", "2138127779", "1752075", "1582923126", "1749735364", "2141970123", "1827140673", "2004157152", "2046872358", "2132152748", "2170449889", "2810273014", "1989950621", "1995130277", "2119283769", "2133296407", "2160356712", "1838429848", "2010701184", "2070302956", "2105864942", "2127397237", "2481677913", "2067394487", "2113464631", "2117774120", "2138287785", "2310813154", "323178154", "1466154390", "2100536401", "2102333087", "2167969564", "2498740915", "2556374769", "2665181451", "1899559293", "2016012339", "2287924800", "2346239100", "2495396833", "2950000213", "39766430", "221543091", "2031210398", "2112512671", "2147971899", "2158897759", "2176432624", "2283652427", "2304026690", "2492132304", "2570840061", "2665219982", "2940596827", "2941380931", "2941427634"], "publication_5_years": [], "citation_5_years": []}, "industrial_sectors": {"publication_overall": [], "citation_overall": [], "publication_10_years": [], "citation_10_years": [], "publication_5_years": [], "citation_5_years": []}}