{"name": "International Conference on Energy Systems and Applications", "acronym": "ICESA", "type": "conference", "uniqueEntities": {"organizations": {"Open Text (Canada)": {"name": "Open Text (Canada)", "type": "organization", "organization_type": "Company", "h_index": 27, "h5_index": 5, "num_publications": 3, "num_citations": 7, "num_publications_5y": 3, "num_citations_5y": 7, "num_publications_10y": 3, "num_citations_10y": 7, "publications_years": {"2015": 3}, "citations_years": {"2015": 5, "2016": 2}, "old_citations": {"2015": 7}, "isVisible": false}, "KIIT University": {"name": "KIIT University", "type": "organization", "organization_type": "Education", "h_index": 23, "h5_index": 16, "num_publications": 1, "num_citations": 2, "num_publications_5y": 1, "num_citations_5y": 1, "num_publications_10y": 1, "num_citations_10y": 1, "publications_years": {"2015": 1}, "citations_years": {"2017": 1, "2018": 0, "2019": 1}, "old_citations": {"2015": 2}, "isVisible": false}, "Solapur University": {"name": "Solapur University", "type": "organization", "organization_type": "Education", "h_index": 8, "h5_index": 4, "num_publications": 1, "num_citations": 4, "num_publications_5y": 1, "num_citations_5y": 2, "num_publications_10y": 1, "num_citations_10y": 2, "publications_years": {"2015": 1}, "citations_years": {"2015": 1, "2016": 1, "2017": 0, "2018": 0, "2019": 2}, "old_citations": {"2015": 4}, "isVisible": false}, "University of Pune": {"name": "University of Pune", "type": "organization", "organization_type": "Education", "h_index": 21, "h5_index": 12, "num_publications": 1, "num_citations": 0, "num_publications_5y": 1, "num_citations_5y": 0, "num_publications_10y": 1, "num_citations_10y": 0, "publications_years": {"2015": 1}, "citations_years": {}, "old_citations": {"2015": 0}, "isVisible": false}}, "topics": {"computer science": {"name": "computer science", "type": "topic", "h_index": 1779, "h5_index": 416, "num_publications": 35, "num_citations": 73, "num_publications_5y": 35, "num_citations_5y": 54, "num_publications_10y": 35, "num_citations_10y": 54, "publications_years": {"2015": 35}, "citations_years": {"2019": 14, "2017": 12, "2018": 24, "2015": 10, "2016": 8, "2020": 5}, "old_citations": {"2015": 73}, "isVisible": false}, "computer systems": {"name": "computer systems", "type": "topic", "h_index": 1595, "h5_index": 367, "num_publications": 29, "num_citations": 59, "num_publications_5y": 29, "num_citations_5y": 47, "num_publications_10y": 29, "num_citations_10y": 47, "publications_years": {"2015": 29}, "citations_years": {"2019": 8, "2017": 10, "2018": 21, "2015": 9, "2016": 7, "2020": 4}, "old_citations": {"2015": 59}, "isVisible": false}, "engineering": {"name": "engineering", "type": "topic", "h_index": 1177, "h5_index": 287, "num_publications": 24, "num_citations": 48, "num_publications_5y": 24, "num_citations_5y": 36, "num_publications_10y": 24, "num_citations_10y": 36, "publications_years": {"2015": 24}, "citations_years": {"2019": 9, "2017": 9, "2018": 13, "2015": 9, "2016": 5, "2020": 3}, "old_citations": {"2015": 48}, "isVisible": false}, "computer networks": {"name": "computer networks", "type": "topic", "h_index": 1262, "h5_index": 332, "num_publications": 23, "num_citations": 44, "num_publications_5y": 23, "num_citations_5y": 32, "num_publications_10y": 23, "num_citations_10y": 32, "publications_years": {"2015": 23}, "citations_years": {"2019": 10, "2017": 7, "2018": 13, "2015": 7, "2016": 5, "2020": 2}, "old_citations": {"2015": 44}, "isVisible": false}, "computer hardware": {"name": "computer hardware", "type": "topic", "h_index": 1150, "h5_index": 279, "num_publications": 21, "num_citations": 41, "num_publications_5y": 21, "num_citations_5y": 26, "num_publications_10y": 21, "num_citations_10y": 26, "publications_years": {"2015": 21}, "citations_years": {"2019": 14, "2015": 10, "2016": 6, "2017": 3, "2018": 7, "2020": 1}, "old_citations": {"2015": 41}, "isVisible": false}, "mathematics": {"name": "mathematics", "type": "topic", "h_index": 1364, "h5_index": 300, "num_publications": 20, "num_citations": 19, "num_publications_5y": 20, "num_citations_5y": 11, "num_publications_10y": 20, "num_citations_10y": 11, "publications_years": {"2015": 20}, "citations_years": {"2019": 8, "2017": 3, "2018": 4, "2015": 1, "2016": 3}, "old_citations": {"2015": 19}, "isVisible": false}, "telecommunication systems": {"name": "telecommunication systems", "type": "topic", "h_index": 1187, "h5_index": 277, "num_publications": 19, "num_citations": 37, "num_publications_5y": 19, "num_citations_5y": 27, "num_publications_10y": 19, "num_citations_10y": 27, "publications_years": {"2015": 19}, "citations_years": {"2019": 8, "2017": 6, "2018": 13, "2016": 4, "2020": 2, "2015": 4}, "old_citations": {"2015": 37}, "isVisible": false}, "communication systems": {"name": "communication systems", "type": "topic", "h_index": 1092, "h5_index": 254, "num_publications": 17, "num_citations": 20, "num_publications_5y": 17, "num_citations_5y": 14, "num_publications_10y": 17, "num_citations_10y": 14, "publications_years": {"2015": 17}, "citations_years": {"2019": 6, "2017": 2, "2018": 4, "2016": 4, "2015": 4}, "old_citations": {"2015": 20}, "isVisible": false}, "wireless telecommunication systems": {"name": "wireless telecommunication systems", "type": "topic", "h_index": 1087, "h5_index": 254, "num_publications": 17, "num_citations": 20, "num_publications_5y": 17, "num_citations_5y": 14, "num_publications_10y": 17, "num_citations_10y": 14, "publications_years": {"2015": 17}, "citations_years": {"2019": 6, "2017": 2, "2018": 4, "2016": 4, "2015": 4}, "old_citations": {"2015": 20}, "isVisible": false}, "artificial intelligence": {"name": "artificial intelligence", "type": "topic", "h_index": 1421, "h5_index": 373, "num_publications": 16, "num_citations": 44, "num_publications_5y": 16, "num_citations_5y": 31, "num_publications_10y": 16, "num_citations_10y": 31, "publications_years": {"2015": 16}, "citations_years": {"2019": 10, "2015": 8, "2016": 6, "2017": 6, "2018": 11, "2020": 3}, "old_citations": {"2015": 44}, "isVisible": false}, "signal processing": {"name": "signal processing", "type": "topic", "h_index": 1012, "h5_index": 255, "num_publications": 15, "num_citations": 18, "num_publications_5y": 15, "num_citations_5y": 14, "num_publications_10y": 15, "num_citations_10y": 14, "publications_years": {"2015": 15}, "citations_years": {"2019": 4, "2017": 4, "2018": 3, "2015": 4, "2016": 3}, "old_citations": {"2015": 18}, "isVisible": false}, "bandwidth": {"name": "bandwidth", "type": "topic", "h_index": 922, "h5_index": 201, "num_publications": 14, "num_citations": 13, "num_publications_5y": 14, "num_citations_5y": 9, "num_publications_10y": 14, "num_citations_10y": 9, "publications_years": {"2015": 14}, "citations_years": {"2019": 4, "2017": 2, "2018": 2, "2015": 3, "2016": 2}, "old_citations": {"2015": 13}, "isVisible": false}, "computer imaging and vision": {"name": "computer imaging and vision", "type": "topic", "h_index": 1142, "h5_index": 334, "num_publications": 14, "num_citations": 22, "num_publications_5y": 14, "num_citations_5y": 13, "num_publications_10y": 14, "num_citations_10y": 13, "publications_years": {"2015": 14}, "citations_years": {"2017": 4, "2018": 7, "2015": 1, "2016": 1, "2019": 8, "2020": 1}, "old_citations": {"2015": 22}, "isVisible": false}, "telecommunication networks": {"name": "telecommunication networks", "type": "topic", "h_index": 1116, "h5_index": 258, "num_publications": 14, "num_citations": 29, "num_publications_5y": 14, "num_citations_5y": 23, "num_publications_10y": 14, "num_citations_10y": 23, "publications_years": {"2015": 14}, "citations_years": {"2019": 4, "2017": 5, "2018": 11, "2020": 2, "2015": 4, "2016": 3}, "old_citations": {"2015": 29}, "isVisible": false}, "image processing": {"name": "image processing", "type": "topic", "h_index": 1113, "h5_index": 328, "num_publications": 13, "num_citations": 13, "num_publications_5y": 13, "num_citations_5y": 9, "num_publications_10y": 13, "num_citations_10y": 9, "publications_years": {"2015": 13}, "citations_years": {"2017": 3, "2018": 4, "2015": 1, "2016": 1, "2019": 4}, "old_citations": {"2015": 13}, "isVisible": false}, "image analysis": {"name": "image analysis", "type": "topic", "h_index": 988, "h5_index": 315, "num_publications": 12, "num_citations": 13, "num_publications_5y": 12, "num_citations_5y": 9, "num_publications_10y": 12, "num_citations_10y": 9, "publications_years": {"2015": 12}, "citations_years": {"2017": 3, "2018": 4, "2015": 1, "2016": 1, "2019": 4}, "old_citations": {"2015": 13}, "isVisible": false}, "communication channels (information theory)": {"name": "communication channels (information theory)", "type": "topic", "h_index": 925, "h5_index": 216, "num_publications": 11, "num_citations": 8, "num_publications_5y": 11, "num_citations_5y": 3, "num_publications_10y": 11, "num_citations_10y": 3, "publications_years": {"2015": 11}, "citations_years": {"2019": 5, "2017": 1, "2018": 1, "2016": 1}, "old_citations": {"2015": 8}, "isVisible": false}, "sensors": {"name": "sensors", "type": "topic", "h_index": 960, "h5_index": 229, "num_publications": 11, "num_citations": 13, "num_publications_5y": 11, "num_citations_5y": 4, "num_publications_10y": 11, "num_citations_10y": 4, "publications_years": {"2015": 11}, "citations_years": {"2019": 8, "2017": 1, "2018": 3, "2020": 1}, "old_citations": {"2015": 13}, "isVisible": false}, "signal to noise ratio": {"name": "signal to noise ratio", "type": "topic", "h_index": 821, "h5_index": 194, "num_publications": 11, "num_citations": 8, "num_publications_5y": 11, "num_citations_5y": 4, "num_publications_10y": 11, "num_citations_10y": 4, "publications_years": {"2015": 11}, "citations_years": {"2019": 4, "2017": 2, "2018": 1, "2016": 1}, "old_citations": {"2015": 8}, "isVisible": false}, "embedded systems": {"name": "embedded systems", "type": "topic", "h_index": 799, "h5_index": 168, "num_publications": 10, "num_citations": 16, "num_publications_5y": 10, "num_citations_5y": 13, "num_publications_10y": 10, "num_citations_10y": 13, "publications_years": {"2015": 10}, "citations_years": {"2017": 1, "2018": 5, "2016": 3, "2019": 3, "2015": 4}, "old_citations": {"2015": 16}, "isVisible": false}, "internet": {"name": "internet", "type": "topic", "h_index": 1102, "h5_index": 245, "num_publications": 10, "num_citations": 33, "num_publications_5y": 10, "num_citations_5y": 28, "num_publications_10y": 10, "num_citations_10y": 28, "publications_years": {"2015": 10}, "citations_years": {"2015": 7, "2016": 6, "2017": 4, "2018": 11, "2019": 3, "2020": 2}, "old_citations": {"2015": 33}, "isVisible": false}, "database systems": {"name": "database systems", "type": "topic", "h_index": 1167, "h5_index": 276, "num_publications": 9, "num_citations": 32, "num_publications_5y": 9, "num_citations_5y": 29, "num_publications_10y": 9, "num_citations_10y": 29, "publications_years": {"2015": 9}, "citations_years": {"2015": 9, "2016": 6, "2017": 4, "2018": 10, "2019": 1, "2020": 2}, "old_citations": {"2015": 32}, "isVisible": false}, "linguistics": {"name": "linguistics", "type": "topic", "h_index": 867, "h5_index": 206, "num_publications": 6, "num_citations": 30, "num_publications_5y": 6, "num_citations_5y": 24, "num_publications_10y": 6, "num_citations_10y": 24, "publications_years": {"2015": 6}, "citations_years": {"2018": 16, "2019": 2, "2017": 7, "2020": 4, "2016": 1}, "old_citations": {"2015": 30}, "isVisible": false}, "computer programming": {"name": "computer programming", "type": "topic", "h_index": 873, "h5_index": 186, "num_publications": 5, "num_citations": 23, "num_publications_5y": 5, "num_citations_5y": 20, "num_publications_10y": 5, "num_citations_10y": 20, "publications_years": {"2015": 5}, "citations_years": {"2016": 3, "2017": 4, "2018": 9, "2019": 1, "2020": 2, "2015": 4}, "old_citations": {"2015": 23}, "isVisible": false}, "information retrieval": {"name": "information retrieval", "type": "topic", "h_index": 882, "h5_index": 227, "num_publications": 6, "num_citations": 23, "num_publications_5y": 6, "num_citations_5y": 19, "num_publications_10y": 6, "num_citations_10y": 19, "publications_years": {"2015": 6}, "citations_years": {"2019": 2, "2017": 4, "2018": 8, "2015": 4, "2016": 3, "2020": 2}, "old_citations": {"2015": 23}, "isVisible": false}, "human computer interaction": {"name": "human computer interaction", "type": "topic", "h_index": 934, "h5_index": 215, "num_publications": 3, "num_citations": 19, "num_publications_5y": 3, "num_citations_5y": 17, "num_publications_10y": 3, "num_citations_10y": 17, "publications_years": {"2015": 3}, "citations_years": {"2015": 4, "2016": 3, "2017": 3, "2018": 7, "2019": 0, "2020": 2}, "old_citations": {"2015": 19}, "isVisible": false}, "machine learning": {"name": "machine learning", "type": "topic", "h_index": 1123, "h5_index": 351, "num_publications": 9, "num_citations": 19, "num_publications_5y": 9, "num_citations_5y": 15, "num_publications_10y": 9, "num_citations_10y": 15, "publications_years": {"2015": 9}, "citations_years": {"2015": 1, "2016": 2, "2017": 4, "2018": 8, "2019": 2, "2020": 2}, "old_citations": {"2015": 19}, "isVisible": false}, "software": {"name": "software", "type": "topic", "h_index": 902, "h5_index": 167, "num_publications": 8, "num_citations": 19, "num_publications_5y": 8, "num_citations_5y": 16, "num_publications_10y": 8, "num_citations_10y": 16, "publications_years": {"2015": 8}, "citations_years": {"2016": 2, "2017": 4, "2018": 10, "2019": 1, "2020": 2}, "old_citations": {"2015": 19}, "isVisible": false}}, "authors": {"2235446480": {"name": "vamsi krishna myalapalli", "type": "author", "activity": 2, "h_index": 3, "h5_index": 0, "mag_id": "2235446480", "num_publications": 3, "num_citations": 7, "num_publications_5y": 3, "num_citations_5y": 7, "num_publications_10y": 3, "num_citations_10y": 7, "publications_years": {"2015": 3}, "citations_years": {"2015": 5, "2016": 2}, "old_citations": {"2015": 7}, "isVisible": false}, "2232436978": {"name": "sunitha geloth", "type": "author", "activity": 1, "h_index": 2, "h5_index": 0, "mag_id": "2232436978", "num_publications": 2, "num_citations": 5, "num_publications_5y": 2, "num_citations_5y": 5, "num_publications_10y": 2, "num_citations_10y": 5, "publications_years": {"2015": 2}, "citations_years": {"2015": 3, "2016": 2}, "old_citations": {"2015": 5}, "isVisible": false}, "2487452557": {"name": "thirumala padmakumar totakura", "type": "author", "activity": 1, "h_index": 2, "h5_index": 0, "mag_id": "2487452557", "num_publications": 2, "num_citations": 7, "num_publications_5y": 2, "num_citations_5y": 7, "num_publications_10y": 2, "num_citations_10y": 7, "publications_years": {"2015": 2}, "citations_years": {"2015": 5, "2016": 2}, "old_citations": {"2015": 7}, "isVisible": false}, "1176184279": {"name": "trupti a jundale", "type": "author", "activity": 2, "h_index": 3, "h5_index": 0, "mag_id": "1176184279", "num_publications": 1, "num_citations": 4, "num_publications_5y": 1, "num_citations_5y": 2, "num_publications_10y": 1, "num_citations_10y": 2, "publications_years": {"2015": 1}, "citations_years": {"2015": 1, "2016": 1, "2017": 0, "2018": 0, "2019": 2}, "old_citations": {"2015": 4}, "isVisible": false}, "2022261719": {"name": "priyanka dighe", "type": "author", "activity": 1, "h_index": 0, "h5_index": 0, "mag_id": "2022261719", "num_publications": 1, "num_citations": 0, "num_publications_5y": 1, "num_citations_5y": 0, "num_publications_10y": 1, "num_citations_10y": 0, "publications_years": {"2015": 1}, "citations_years": {}, "old_citations": {"2015": 0}, "isVisible": false}, "2075983883": {"name": "ravindra s hegadi", "type": "author", "activity": 17, "h_index": 12, "h5_index": 4, "mag_id": "2075983883", "num_publications": 1, "num_citations": 4, "num_publications_5y": 1, "num_citations_5y": 2, "num_publications_10y": 1, "num_citations_10y": 2, "publications_years": {"2015": 1}, "citations_years": {"2015": 1, "2016": 1, "2017": 0, "2018": 0, "2019": 2}, "old_citations": {"2015": 4}, "isVisible": false}, "2077137359": {"name": "shalaka chaphekar", "type": "author", "activity": 6, "h_index": 0, "h5_index": 0, "mag_id": "2077137359", "num_publications": 1, "num_citations": 0, "num_publications_5y": 1, "num_citations_5y": 0, "num_publications_10y": 1, "num_citations_10y": 0, "publications_years": {"2015": 1}, "citations_years": {}, "old_citations": {"2015": 0}, "isVisible": false}, "2094276827": {"name": "b j parvat", "type": "author", "activity": 6, "h_index": 2, "h5_index": 0, "mag_id": "2094276827", "num_publications": 1, "num_citations": 0, "num_publications_5y": 1, "num_citations_5y": 0, "num_publications_10y": 1, "num_citations_10y": 0, "publications_years": {"2015": 1}, "citations_years": {}, "old_citations": {"2015": 0}, "isVisible": false}, "2117961510": {"name": "c b kadu", "type": "author", "activity": 7, "h_index": 2, "h5_index": 2, "mag_id": "2117961510", "num_publications": 1, "num_citations": 0, "num_publications_5y": 1, "num_citations_5y": 0, "num_publications_10y": 1, "num_citations_10y": 0, "publications_years": {"2015": 1}, "citations_years": {}, "old_citations": {"2015": 0}, "isVisible": false}, "2192157589": {"name": "sushma gupta", "type": "author", "activity": 17, "h_index": 4, "h5_index": 2, "mag_id": "2192157589", "num_publications": 1, "num_citations": 13, "num_publications_5y": 1, "num_citations_5y": 11, "num_publications_10y": 1, "num_citations_10y": 11, "publications_years": {"2015": 1}, "citations_years": {"2017": 4, "2018": 7, "2019": 0, "2020": 2}, "old_citations": {"2015": 13}, "isVisible": false}, "2222207293": {"name": "anjali a dharme", "type": "author", "activity": 6, "h_index": 0, "h5_index": 0, "mag_id": "2222207293", "num_publications": 1, "num_citations": 0, "num_publications_5y": 1, "num_citations_5y": 0, "num_publications_10y": 1, "num_citations_10y": 0, "publications_years": {"2015": 1}, "citations_years": {}, "old_citations": {"2015": 0}, "isVisible": false}, "2222359961": {"name": "diptee c pandhe", "type": "author", "activity": 1, "h_index": 1, "h5_index": 0, "mag_id": "2222359961", "num_publications": 1, "num_citations": 2, "num_publications_5y": 1, "num_citations_5y": 2, "num_publications_10y": 1, "num_citations_10y": 2, "publications_years": {"2015": 1}, "citations_years": {"2017": 1, "2018": 1}, "old_citations": {"2015": 2}, "isVisible": false}, "2223992661": {"name": "savita p sabale", "type": "author", "activity": 1, "h_index": 1, "h5_index": 0, "mag_id": "2223992661", "num_publications": 1, "num_citations": 0, "num_publications_5y": 1, "num_citations_5y": 0, "num_publications_10y": 1, "num_citations_10y": 0, "publications_years": {"2015": 1}, "citations_years": {}, "old_citations": {"2015": 0}, "isVisible": false}, "2226013756": {"name": "peeyush patil", "type": "author", "activity": 1, "h_index": 1, "h5_index": 0, "mag_id": "2226013756", "num_publications": 1, "num_citations": 0, "num_publications_5y": 1, "num_citations_5y": 0, "num_publications_10y": 1, "num_citations_10y": 0, "publications_years": {"2015": 1}, "citations_years": {}, "old_citations": {"2015": 0}, "isVisible": false}, "2226485367": {"name": "vamsi krishna myalapalli", "type": "author", "activity": 3, "h_index": 2, "h5_index": 1, "mag_id": "2226485367", "num_publications": 1, "num_citations": 6, "num_publications_5y": 1, "num_citations_5y": 6, "num_publications_10y": 1, "num_citations_10y": 6, "publications_years": {"2015": 1}, "citations_years": {"2015": 4, "2016": 2}, "old_citations": {"2015": 6}, "isVisible": false}, "2227358745": {"name": "chhaya r jadhav", "type": "author", "activity": 1, "h_index": 1, "h5_index": 0, "mag_id": "2227358745", "num_publications": 1, "num_citations": 0, "num_publications_5y": 1, "num_citations_5y": 0, "num_publications_10y": 1, "num_citations_10y": 0, "publications_years": {"2015": 1}, "citations_years": {}, "old_citations": {"2015": 0}, "isVisible": false}, "2229970803": {"name": "rajani hardas", "type": "author", "activity": 2, "h_index": 1, "h5_index": 1, "mag_id": "2229970803", "num_publications": 1, "num_citations": 0, "num_publications_5y": 1, "num_citations_5y": 0, "num_publications_10y": 1, "num_citations_10y": 0, "publications_years": {"2015": 1}, "citations_years": {}, "old_citations": {"2015": 0}, "isVisible": false}, "2231072490": {"name": "milind penurkar", "type": "author", "activity": 1, "h_index": 1, "h5_index": 0, "mag_id": "2231072490", "num_publications": 1, "num_citations": 0, "num_publications_5y": 1, "num_citations_5y": 0, "num_publications_10y": 1, "num_citations_10y": 0, "publications_years": {"2015": 1}, "citations_years": {}, "old_citations": {"2015": 0}, "isVisible": false}, "2247174191": {"name": "sukriti singh", "type": "author", "activity": 1, "h_index": 1, "h5_index": 0, "mag_id": "2247174191", "num_publications": 1, "num_citations": 4, "num_publications_5y": 1, "num_citations_5y": 2, "num_publications_10y": 1, "num_citations_10y": 2, "publications_years": {"2015": 1}, "citations_years": {"2018": 2, "2019": 2}, "old_citations": {"2015": 4}, "isVisible": false}, "2248979262": {"name": "aruna chouhan", "type": "author", "activity": 1, "h_index": 1, "h5_index": 0, "mag_id": "2248979262", "num_publications": 1, "num_citations": 4, "num_publications_5y": 1, "num_citations_5y": 2, "num_publications_10y": 1, "num_citations_10y": 2, "publications_years": {"2015": 1}, "citations_years": {"2018": 2, "2019": 2}, "old_citations": {"2015": 4}, "isVisible": false}, "2290268070": {"name": "amin nazir nagiwale", "type": "author", "activity": 3, "h_index": 0, "h5_index": 0, "mag_id": "2290268070", "num_publications": 1, "num_citations": 0, "num_publications_5y": 1, "num_citations_5y": 0, "num_publications_10y": 1, "num_citations_10y": 0, "publications_years": {"2015": 1}, "citations_years": {}, "old_citations": {"2015": 0}, "isVisible": false}, "2291994480": {"name": "manish r umale", "type": "author", "activity": 3, "h_index": 0, "h5_index": 0, "mag_id": "2291994480", "num_publications": 1, "num_citations": 0, "num_publications_5y": 1, "num_citations_5y": 0, "num_publications_10y": 1, "num_citations_10y": 0, "publications_years": {"2015": 1}, "citations_years": {}, "old_citations": {"2015": 0}, "isVisible": false}, "2304845409": {"name": "avipsa s panda", "type": "author", "activity": 2, "h_index": 2, "h5_index": 1, "mag_id": "2304845409", "num_publications": 1, "num_citations": 2, "num_publications_5y": 1, "num_citations_5y": 1, "num_publications_10y": 1, "num_citations_10y": 1, "publications_years": {"2015": 1}, "citations_years": {"2017": 1, "2018": 0, "2019": 1}, "old_citations": {"2015": 2}, "isVisible": false}, "2337288986": {"name": "b s gayal", "type": "author", "activity": 1, "h_index": 1, "h5_index": 0, "mag_id": "2337288986", "num_publications": 1, "num_citations": 1, "num_publications_5y": 1, "num_citations_5y": 1, "num_publications_10y": 1, "num_citations_10y": 1, "publications_years": {"2015": 1}, "citations_years": {"2017": 1}, "old_citations": {"2015": 1}, "isVisible": false}, "2344629513": {"name": "parag kulkarni", "type": "author", "activity": 12, "h_index": 8, "h5_index": 4, "mag_id": "2344629513", "num_publications": 1, "num_citations": 0, "num_publications_5y": 1, "num_citations_5y": 0, "num_publications_10y": 1, "num_citations_10y": 0, "publications_years": {"2015": 1}, "citations_years": {}, "old_citations": {"2015": 0}, "isVisible": false}, "2344652239": {"name": "a s n chakravarthy", "type": "author", "activity": 7, "h_index": 3, "h5_index": 1, "mag_id": "2344652239", "num_publications": 1, "num_citations": 6, "num_publications_5y": 1, "num_citations_5y": 6, "num_publications_10y": 1, "num_citations_10y": 6, "publications_years": {"2015": 1}, "citations_years": {"2015": 4, "2016": 2}, "old_citations": {"2015": 6}, "isVisible": false}, "2396713022": {"name": "akhil khare", "type": "author", "activity": 11, "h_index": 2, "h5_index": 2, "mag_id": "2396713022", "num_publications": 1, "num_citations": 0, "num_publications_5y": 1, "num_citations_5y": 0, "num_publications_10y": 1, "num_citations_10y": 0, "publications_years": {"2015": 1}, "citations_years": {}, "old_citations": {"2015": 0}, "isVisible": false}, "2424905189": {"name": "kavita talandage", "type": "author", "activity": 1, "h_index": 1, "h5_index": 0, "mag_id": "2424905189", "num_publications": 1, "num_citations": 2, "num_publications_5y": 1, "num_citations_5y": 2, "num_publications_10y": 1, "num_citations_10y": 2, "publications_years": {"2015": 1}, "citations_years": {"2016": 1, "2017": 0, "2018": 1}, "old_citations": {"2015": 2}, "isVisible": false}, "2463527276": {"name": "g l k moganti", "type": "author", "activity": 1, "h_index": 1, "h5_index": 0, "mag_id": "2463527276", "num_publications": 1, "num_citations": 2, "num_publications_5y": 1, "num_citations_5y": 1, "num_publications_10y": 1, "num_citations_10y": 1, "publications_years": {"2015": 1}, "citations_years": {"2017": 1, "2018": 0, "2019": 1}, "old_citations": {"2015": 2}, "isVisible": false}, "2477432566": {"name": "satyabrata nanda", "type": "author", "activity": 1, "h_index": 1, "h5_index": 0, "mag_id": "2477432566", "num_publications": 1, "num_citations": 2, "num_publications_5y": 1, "num_citations_5y": 1, "num_publications_10y": 1, "num_citations_10y": 1, "publications_years": {"2015": 1}, "citations_years": {"2017": 1, "2018": 0, "2019": 1}, "old_citations": {"2015": 2}, "isVisible": false}, "2481824309": {"name": "dhanshri madankar", "type": "author", "activity": 1, "h_index": 1, "h5_index": 0, "mag_id": "2481824309", "num_publications": 1, "num_citations": 1, "num_publications_5y": 1, "num_citations_5y": 0, "num_publications_10y": 1, "num_citations_10y": 0, "publications_years": {"2015": 1}, "citations_years": {"2019": 1}, "old_citations": {"2015": 1}, "isVisible": false}, "2482049915": {"name": "saurabh kharjule", "type": "author", "activity": 1, "h_index": 1, "h5_index": 0, "mag_id": "2482049915", "num_publications": 1, "num_citations": 2, "num_publications_5y": 1, "num_citations_5y": 0, "num_publications_10y": 1, "num_citations_10y": 0, "publications_years": {"2015": 1}, "citations_years": {"2019": 2}, "old_citations": {"2015": 2}, "isVisible": false}, "2485167342": {"name": "mahesh lathkar", "type": "author", "activity": 1, "h_index": 0, "h5_index": 0, "mag_id": "2485167342", "num_publications": 1, "num_citations": 0, "num_publications_5y": 1, "num_citations_5y": 0, "num_publications_10y": 1, "num_citations_10y": 0, "publications_years": {"2015": 1}, "citations_years": {}, "old_citations": {"2015": 0}, "isVisible": false}, "2487233856": {"name": "pournima u deshpande", "type": "author", "activity": 1, "h_index": 1, "h5_index": 0, "mag_id": "2487233856", "num_publications": 1, "num_citations": 4, "num_publications_5y": 1, "num_citations_5y": 3, "num_publications_10y": 1, "num_citations_10y": 3, "publications_years": {"2015": 1}, "citations_years": {"2016": 1, "2017": 0, "2018": 2, "2019": 1}, "old_citations": {"2015": 4}, "isVisible": false}, "2487389655": {"name": "rushiraj p patwardhan", "type": "author", "activity": 1, "h_index": 1, "h5_index": 0, "mag_id": "2487389655", "num_publications": 1, "num_citations": 1, "num_publications_5y": 1, "num_citations_5y": 0, "num_publications_10y": 1, "num_citations_10y": 0, "publications_years": {"2015": 1}, "citations_years": {"2019": 1}, "old_citations": {"2015": 1}, "isVisible": false}, "2487672698": {"name": "akshay chothani", "type": "author", "activity": 1, "h_index": 0, "h5_index": 0, "mag_id": "2487672698", "num_publications": 1, "num_citations": 0, "num_publications_5y": 1, "num_citations_5y": 0, "num_publications_10y": 1, "num_citations_10y": 0, "publications_years": {"2015": 1}, "citations_years": {}, "old_citations": {"2015": 0}, "isVisible": false}, "2487927343": {"name": "jaydeep jalindar patil", "type": "author", "activity": 1, "h_index": 1, "h5_index": 0, "mag_id": "2487927343", "num_publications": 1, "num_citations": 13, "num_publications_5y": 1, "num_citations_5y": 11, "num_publications_10y": 1, "num_citations_10y": 11, "publications_years": {"2015": 1}, "citations_years": {"2016": 1, "2017": 3, "2018": 7, "2019": 0, "2020": 2}, "old_citations": {"2015": 13}, "isVisible": false}, "2488840542": {"name": "n s mhamunkar", "type": "author", "activity": 1, "h_index": 1, "h5_index": 0, "mag_id": "2488840542", "num_publications": 1, "num_citations": 1, "num_publications_5y": 1, "num_citations_5y": 1, "num_publications_10y": 1, "num_citations_10y": 1, "publications_years": {"2015": 1}, "citations_years": {"2017": 1}, "old_citations": {"2015": 1}, "isVisible": false}, "2491133148": {"name": "keesari prathap reddy", "type": "author", "activity": 1, "h_index": 1, "h5_index": 0, "mag_id": "2491133148", "num_publications": 1, "num_citations": 6, "num_publications_5y": 1, "num_citations_5y": 6, "num_publications_10y": 1, "num_citations_10y": 6, "publications_years": {"2015": 1}, "citations_years": {"2015": 4, "2016": 2}, "old_citations": {"2015": 6}, "isVisible": false}, "2492866307": {"name": "priyanka d koyale", "type": "author", "activity": 1, "h_index": 0, "h5_index": 0, "mag_id": "2492866307", "num_publications": 1, "num_citations": 0, "num_publications_5y": 1, "num_citations_5y": 0, "num_publications_10y": 1, "num_citations_10y": 0, "publications_years": {"2015": 1}, "citations_years": {}, "old_citations": {"2015": 0}, "isVisible": false}, "2493076186": {"name": "akhilesh upadhayay", "type": "author", "activity": 4, "h_index": 1, "h5_index": 0, "mag_id": "2493076186", "num_publications": 1, "num_citations": 0, "num_publications_5y": 1, "num_citations_5y": 0, "num_publications_10y": 1, "num_citations_10y": 0, "publications_years": {"2015": 1}, "citations_years": {}, "old_citations": {"2015": 0}, "isVisible": false}, "2493265424": {"name": "hrudesh mistari", "type": "author", "activity": 1, "h_index": 0, "h5_index": 0, "mag_id": "2493265424", "num_publications": 1, "num_citations": 0, "num_publications_5y": 1, "num_citations_5y": 0, "num_publications_10y": 1, "num_citations_10y": 0, "publications_years": {"2015": 1}, "citations_years": {}, "old_citations": {"2015": 0}, "isVisible": false}, "2493322531": {"name": "santosh l mhetre", "type": "author", "activity": 4, "h_index": 1, "h5_index": 0, "mag_id": "2493322531", "num_publications": 1, "num_citations": 1, "num_publications_5y": 1, "num_citations_5y": 0, "num_publications_10y": 1, "num_citations_10y": 0, "publications_years": {"2015": 1}, "citations_years": {"2019": 1}, "old_citations": {"2015": 1}, "isVisible": false}, "2494465719": {"name": "sudhir g mane", "type": "author", "activity": 1, "h_index": 0, "h5_index": 0, "mag_id": "2494465719", "num_publications": 1, "num_citations": 0, "num_publications_5y": 1, "num_citations_5y": 0, "num_publications_10y": 1, "num_citations_10y": 0, "publications_years": {"2015": 1}, "citations_years": {}, "old_citations": {"2015": 0}, "isVisible": false}, "2495873039": {"name": "nidhi m bora", "type": "author", "activity": 1, "h_index": 1, "h5_index": 0, "mag_id": "2495873039", "num_publications": 1, "num_citations": 9, "num_publications_5y": 1, "num_citations_5y": 4, "num_publications_10y": 1, "num_citations_10y": 4, "publications_years": {"2015": 1}, "citations_years": {"2017": 1, "2018": 3, "2019": 4, "2020": 1}, "old_citations": {"2015": 9}, "isVisible": false}, "2500337390": {"name": "s a mali", "type": "author", "activity": 1, "h_index": 0, "h5_index": 0, "mag_id": "2500337390", "num_publications": 1, "num_citations": 0, "num_publications_5y": 1, "num_citations_5y": 0, "num_publications_10y": 1, "num_citations_10y": 0, "publications_years": {"2015": 1}, "citations_years": {}, "old_citations": {"2015": 0}, "isVisible": false}, "2500389165": {"name": "snehal dilip kasurde", "type": "author", "activity": 1, "h_index": 1, "h5_index": 0, "mag_id": "2500389165", "num_publications": 1, "num_citations": 2, "num_publications_5y": 1, "num_citations_5y": 2, "num_publications_10y": 1, "num_citations_10y": 2, "publications_years": {"2015": 1}, "citations_years": {"2017": 1, "2018": 1}, "old_citations": {"2015": 2}, "isVisible": false}, "2500636446": {"name": "prasad bhase", "type": "author", "activity": 2, "h_index": 0, "h5_index": 0, "mag_id": "2500636446", "num_publications": 1, "num_citations": 0, "num_publications_5y": 1, "num_citations_5y": 0, "num_publications_10y": 1, "num_citations_10y": 0, "publications_years": {"2015": 1}, "citations_years": {}, "old_citations": {"2015": 0}, "isVisible": false}, "2501195297": {"name": "vivek tamrakar", "type": "author", "activity": 1, "h_index": 1, "h5_index": 0, "mag_id": "2501195297", "num_publications": 1, "num_citations": 13, "num_publications_5y": 1, "num_citations_5y": 11, "num_publications_10y": 1, "num_citations_10y": 11, "publications_years": {"2015": 1}, "citations_years": {"2017": 4, "2018": 7, "2019": 0, "2020": 2}, "old_citations": {"2015": 13}, "isVisible": false}, "2501199042": {"name": "rohan aradhya", "type": "author", "activity": 1, "h_index": 0, "h5_index": 0, "mag_id": "2501199042", "num_publications": 1, "num_citations": 0, "num_publications_5y": 1, "num_citations_5y": 0, "num_publications_10y": 1, "num_citations_10y": 0, "publications_years": {"2015": 1}, "citations_years": {}, "old_citations": {"2015": 0}, "isVisible": false}, "2501369724": {"name": "mane vidya maruti", "type": "author", "activity": 1, "h_index": 0, "h5_index": 0, "mag_id": "2501369724", "num_publications": 1, "num_citations": 0, "num_publications_5y": 1, "num_citations_5y": 0, "num_publications_10y": 1, "num_citations_10y": 0, "publications_years": {"2015": 1}, "citations_years": {}, "old_citations": {"2015": 0}, "isVisible": false}, "2502792377": {"name": "pooja jaiprakash kulkarni", "type": "author", "activity": 1, "h_index": 0, "h5_index": 0, "mag_id": "2502792377", "num_publications": 1, "num_citations": 0, "num_publications_5y": 1, "num_citations_5y": 0, "num_publications_10y": 1, "num_citations_10y": 0, "publications_years": {"2015": 1}, "citations_years": {}, "old_citations": {"2015": 0}, "isVisible": false}, "2505459398": {"name": "govinda lalwani", "type": "author", "activity": 1, "h_index": 0, "h5_index": 0, "mag_id": "2505459398", "num_publications": 1, "num_citations": 0, "num_publications_5y": 1, "num_citations_5y": 0, "num_publications_10y": 1, "num_citations_10y": 0, "publications_years": {"2015": 1}, "citations_years": {}, "old_citations": {"2015": 0}, "isVisible": false}, "2505872671": {"name": "pramod patil", "type": "author", "activity": 6, "h_index": 1, "h5_index": 0, "mag_id": "2505872671", "num_publications": 1, "num_citations": 0, "num_publications_5y": 1, "num_citations_5y": 0, "num_publications_10y": 1, "num_citations_10y": 0, "publications_years": {"2015": 1}, "citations_years": {}, "old_citations": {"2015": 0}, "isVisible": false}, "2506608224": {"name": "jitesh saindane", "type": "author", "activity": 1, "h_index": 0, "h5_index": 0, "mag_id": "2506608224", "num_publications": 1, "num_citations": 0, "num_publications_5y": 1, "num_citations_5y": 0, "num_publications_10y": 1, "num_citations_10y": 0, "publications_years": {"2015": 1}, "citations_years": {}, "old_citations": {"2015": 0}, "isVisible": false}, "2518342081": {"name": "s n randive", "type": "author", "activity": 1, "h_index": 1, "h5_index": 0, "mag_id": "2518342081", "num_publications": 1, "num_citations": 2, "num_publications_5y": 1, "num_citations_5y": 2, "num_publications_10y": 1, "num_citations_10y": 2, "publications_years": {"2015": 1}, "citations_years": {"2017": 1, "2018": 1}, "old_citations": {"2015": 2}, "isVisible": false}, "2630819371": {"name": "a m patki", "type": "author", "activity": 1, "h_index": 0, "h5_index": 0, "mag_id": "2630819371", "num_publications": 1, "num_citations": 0, "num_publications_5y": 1, "num_citations_5y": 0, "num_publications_10y": 1, "num_citations_10y": 0, "publications_years": {"2015": 1}, "citations_years": {}, "old_citations": {"2015": 0}, "isVisible": false}, "2631167015": {"name": "h t patil", "type": "author", "activity": 1, "h_index": 1, "h5_index": 0, "mag_id": "2631167015", "num_publications": 1, "num_citations": 2, "num_publications_5y": 1, "num_citations_5y": 2, "num_publications_10y": 1, "num_citations_10y": 2, "publications_years": {"2015": 1}, "citations_years": {"2017": 1, "2018": 1}, "old_citations": {"2015": 2}, "isVisible": false}, "2636986973": {"name": "s d sawant", "type": "author", "activity": 1, "h_index": 0, "h5_index": 0, "mag_id": "2636986973", "num_publications": 1, "num_citations": 0, "num_publications_5y": 1, "num_citations_5y": 0, "num_publications_10y": 1, "num_citations_10y": 0, "publications_years": {"2015": 1}, "citations_years": {}, "old_citations": {"2015": 0}, "isVisible": false}, "2639769183": {"name": "smita a bhosale", "type": "author", "activity": 1, "h_index": 1, "h5_index": 0, "mag_id": "2639769183", "num_publications": 1, "num_citations": 4, "num_publications_5y": 1, "num_citations_5y": 3, "num_publications_10y": 1, "num_citations_10y": 3, "publications_years": {"2015": 1}, "citations_years": {"2016": 1, "2017": 0, "2018": 2, "2019": 1}, "old_citations": {"2015": 4}, "isVisible": false}, "2641280766": {"name": "u s sutar", "type": "author", "activity": 2, "h_index": 1, "h5_index": 1, "mag_id": "2641280766", "num_publications": 1, "num_citations": 2, "num_publications_5y": 1, "num_citations_5y": 2, "num_publications_10y": 1, "num_citations_10y": 2, "publications_years": {"2015": 1}, "citations_years": {"2016": 1, "2017": 0, "2018": 1}, "old_citations": {"2015": 2}, "isVisible": false}, "2644581276": {"name": "pallavi s jadhav", "type": "author", "activity": 1, "h_index": 0, "h5_index": 0, "mag_id": "2644581276", "num_publications": 1, "num_citations": 0, "num_publications_5y": 1, "num_citations_5y": 0, "num_publications_10y": 1, "num_citations_10y": 0, "publications_years": {"2015": 1}, "citations_years": {}, "old_citations": {"2015": 0}, "isVisible": false}, "2649364892": {"name": "ajay karare", "type": "author", "activity": 1, "h_index": 1, "h5_index": 0, "mag_id": "2649364892", "num_publications": 1, "num_citations": 1, "num_publications_5y": 1, "num_citations_5y": 0, "num_publications_10y": 1, "num_citations_10y": 0, "publications_years": {"2015": 1}, "citations_years": {"2019": 1}, "old_citations": {"2015": 1}, "isVisible": false}, "2653590968": {"name": "gajendra v molke", "type": "author", "activity": 1, "h_index": 1, "h5_index": 0, "mag_id": "2653590968", "num_publications": 1, "num_citations": 9, "num_publications_5y": 1, "num_citations_5y": 4, "num_publications_10y": 1, "num_citations_10y": 4, "publications_years": {"2015": 1}, "citations_years": {"2017": 1, "2018": 3, "2019": 4, "2020": 1}, "old_citations": {"2015": 9}, "isVisible": false}, "2660936468": {"name": "purnima selokar", "type": "author", "activity": 1, "h_index": 1, "h5_index": 0, "mag_id": "2660936468", "num_publications": 1, "num_citations": 1, "num_publications_5y": 1, "num_citations_5y": 0, "num_publications_10y": 1, "num_citations_10y": 0, "publications_years": {"2015": 1}, "citations_years": {"2019": 1}, "old_citations": {"2015": 1}, "isVisible": false}, "2665402598": {"name": "poonam undre", "type": "author", "activity": 1, "h_index": 0, "h5_index": 0, "mag_id": "2665402598", "num_publications": 1, "num_citations": 0, "num_publications_5y": 1, "num_citations_5y": 0, "num_publications_10y": 1, "num_citations_10y": 0, "publications_years": {"2015": 1}, "citations_years": {}, "old_citations": {"2015": 0}, "isVisible": false}, "2668259130": {"name": "hemant r munot", "type": "author", "activity": 1, "h_index": 1, "h5_index": 0, "mag_id": "2668259130", "num_publications": 1, "num_citations": 9, "num_publications_5y": 1, "num_citations_5y": 4, "num_publications_10y": 1, "num_citations_10y": 4, "publications_years": {"2015": 1}, "citations_years": {"2017": 1, "2018": 3, "2019": 4, "2020": 1}, "old_citations": {"2015": 9}, "isVisible": false}, "2673017185": {"name": "g m malwatkar", "type": "author", "activity": 1, "h_index": 0, "h5_index": 0, "mag_id": "2673017185", "num_publications": 1, "num_citations": 0, "num_publications_5y": 1, "num_citations_5y": 0, "num_publications_10y": 1, "num_citations_10y": 0, "publications_years": {"2015": 1}, "citations_years": {}, "old_citations": {"2015": 0}, "isVisible": false}, "2675107530": {"name": "nagaraju bogiri", "type": "author", "activity": 1, "h_index": 1, "h5_index": 0, "mag_id": "2675107530", "num_publications": 1, "num_citations": 13, "num_publications_5y": 1, "num_citations_5y": 11, "num_publications_10y": 1, "num_citations_10y": 11, "publications_years": {"2015": 1}, "citations_years": {"2016": 1, "2017": 3, "2018": 7, "2019": 0, "2020": 2}, "old_citations": {"2015": 13}, "isVisible": false}, "2675293172": {"name": "rakesh shirsath", "type": "author", "activity": 1, "h_index": 0, "h5_index": 0, "mag_id": "2675293172", "num_publications": 1, "num_citations": 0, "num_publications_5y": 1, "num_citations_5y": 0, "num_publications_10y": 1, "num_citations_10y": 0, "publications_years": {"2015": 1}, "citations_years": {}, "old_citations": {"2015": 0}, "isVisible": false}, "2679534753": {"name": "mininath k nighot", "type": "author", "activity": 1, "h_index": 0, "h5_index": 0, "mag_id": "2679534753", "num_publications": 1, "num_citations": 0, "num_publications_5y": 1, "num_citations_5y": 0, "num_publications_10y": 1, "num_citations_10y": 0, "publications_years": {"2015": 1}, "citations_years": {}, "old_citations": {"2015": 0}, "isVisible": false}, "2685270034": {"name": "pallavi shrivastava", "type": "author", "activity": 1, "h_index": 0, "h5_index": 0, "mag_id": "2685270034", "num_publications": 1, "num_citations": 0, "num_publications_5y": 1, "num_citations_5y": 0, "num_publications_10y": 1, "num_citations_10y": 0, "publications_years": {"2015": 1}, "citations_years": {}, "old_citations": {"2015": 0}, "isVisible": false}, "2691546293": {"name": "shubhangi jadhav", "type": "author", "activity": 1, "h_index": 0, "h5_index": 0, "mag_id": "2691546293", "num_publications": 1, "num_citations": 0, "num_publications_5y": 1, "num_citations_5y": 0, "num_publications_10y": 1, "num_citations_10y": 0, "publications_years": {"2015": 1}, "citations_years": {}, "old_citations": {"2015": 0}, "isVisible": false}, "2700425327": {"name": "s t mankar", "type": "author", "activity": 1, "h_index": 0, "h5_index": 0, "mag_id": "2700425327", "num_publications": 1, "num_citations": 0, "num_publications_5y": 1, "num_citations_5y": 0, "num_publications_10y": 1, "num_citations_10y": 0, "publications_years": {"2015": 1}, "citations_years": {}, "old_citations": {"2015": 0}, "isVisible": false}, "2702389477": {"name": "kranti rahane", "type": "author", "activity": 1, "h_index": 0, "h5_index": 0, "mag_id": "2702389477", "num_publications": 1, "num_citations": 0, "num_publications_5y": 1, "num_citations_5y": 0, "num_publications_10y": 1, "num_citations_10y": 0, "publications_years": {"2015": 1}, "citations_years": {}, "old_citations": {"2015": 0}, "isVisible": false}, "2706348756": {"name": "hemangi p patil", "type": "author", "activity": 1, "h_index": 0, "h5_index": 0, "mag_id": "2706348756", "num_publications": 1, "num_citations": 0, "num_publications_5y": 1, "num_citations_5y": 0, "num_publications_10y": 1, "num_citations_10y": 0, "publications_years": {"2015": 1}, "citations_years": {}, "old_citations": {"2015": 0}, "isVisible": false}, "2708922229": {"name": "yashwant sawle", "type": "author", "activity": 1, "h_index": 1, "h5_index": 0, "mag_id": "2708922229", "num_publications": 1, "num_citations": 13, "num_publications_5y": 1, "num_citations_5y": 11, "num_publications_10y": 1, "num_citations_10y": 11, "publications_years": {"2015": 1}, "citations_years": {"2017": 4, "2018": 7, "2019": 0, "2020": 2}, "old_citations": {"2015": 13}, "isVisible": false}, "2720218390": {"name": "nilesh bhavsar", "type": "author", "activity": 1, "h_index": 0, "h5_index": 0, "mag_id": "2720218390", "num_publications": 1, "num_citations": 0, "num_publications_5y": 1, "num_citations_5y": 0, "num_publications_10y": 1, "num_citations_10y": 0, "publications_years": {"2015": 1}, "citations_years": {}, "old_citations": {"2015": 0}, "isVisible": false}, "2974356100": {"name": "s m koli", "type": "author", "activity": 1, "h_index": 0, "h5_index": 0, "mag_id": "2974356100", "num_publications": 1, "num_citations": 0, "num_publications_5y": 1, "num_citations_5y": 0, "num_publications_10y": 1, "num_citations_10y": 0, "publications_years": {"2015": 1}, "citations_years": {}, "old_citations": {"2015": 0}, "isVisible": false}}, "countries": {"Canada": {"name": "Canada", "type": "country", "h5_index": 128, "num_publications": 3, "num_citations": 7, "num_publications_5y": 3, "num_citations_5y": 7, "num_publications_10y": 3, "num_citations_10y": 7, "publications_years": {"2015": 3}, "citations_years": {"2015": 5, "2016": 2}, "old_citations": {"2015": 7}, "isVisible": false}, "India": {"name": "India", "type": "country", "h5_index": 78, "num_publications": 3, "num_citations": 6, "num_publications_5y": 3, "num_citations_5y": 3, "num_publications_10y": 3, "num_citations_10y": 3, "publications_years": {"2015": 3}, "citations_years": {"2015": 1, "2016": 1, "2017": 1, "2018": 0, "2019": 3}, "old_citations": {"2015": 6}, "isVisible": false}}}, "conference_comparison": {"computer science": {}}, "topics_dna": {"publications": {}, "citations": {"normalized": {}, "average": {}}}, "info": {"num_publications": 35, "num_citations": 73.0, "impact_factor": {}, "publications_years": {"2015": 35}, "citations_years": {"2015": 10, "2016": 8, "2017": 12, "2018": 24, "2019": 14, "2020": 5}, "old_citations": {"2015": 73}, "h5_index": 0}, "percentile": {"computer science": {"2015": 67}}, "conference_ranking": {"computer science": {"2015": 1393}}, "academia": {"num_publications": 3, "num_citations": 6, "publications_years": {"2015": 3}, "old_citations": {"2015": 6}, "num_publications_5y": 0, "num_citations_5y": 0, "num_publications_10y": 3, "num_citations_10y": 6}, "industry": {"num_publications": 3, "num_citations": 7, "publications_years": {"2015": 3}, "old_citations": {"2015": 7}, "num_publications_5y": 0, "num_citations_5y": 0, "num_publications_10y": 3, "num_citations_10y": 7}, "collaborative": {"num_publications": 0, "num_citations": 0, "publications_years": {}, "old_citations": {}, "num_publications_5y": 0, "num_citations_5y": 0, "num_publications_10y": 0, "num_citations_10y": 0}, "conferences": {}, "journals": {}, "organizations": {"publication_overall": ["Open Text (Canada)", "KIIT University", "Solapur University", "University of Pune"], "citation_overall": ["Open Text (Canada)", "Solapur University", "KIIT University", "University of Pune"], "publication_10_years": ["Open Text (Canada)", "KIIT University", "Solapur University", "University of Pune"], "citation_10_years": ["Open Text (Canada)", "Solapur University", "KIIT University", "University of Pune"], "publication_5_years": [], "citation_5_years": []}, "countries": {"publication_overall": ["Canada", "India"], "citation_overall": ["Canada", "India"], "publication_10_years": ["Canada", "India"], "citation_10_years": ["Canada", "India"], "publication_5_years": [], "citation_5_years": []}, "topics": {"publication_overall": ["computer science", "computer systems", "engineering", "computer networks", "computer hardware", "mathematics", "telecommunication systems", "communication systems", "wireless telecommunication systems", "artificial intelligence", "signal processing", "bandwidth", "computer imaging and vision", "telecommunication networks", "image processing", "image analysis", "communication channels (information theory)", "sensors", "signal to noise ratio", "embedded systems"], "citation_overall": ["computer science", "computer systems", "engineering", "artificial intelligence", "computer networks", "computer hardware", "telecommunication systems", "internet", "database systems", "linguistics", "telecommunication networks", "computer programming", "information retrieval", "computer imaging and vision", "communication systems", "wireless telecommunication systems", "human computer interaction", "machine learning", "mathematics", "software"], "publication_10_years": ["computer science", "computer systems", "engineering", "computer networks", "computer hardware", "mathematics", "telecommunication systems", "communication systems", "wireless telecommunication systems", "artificial intelligence", "signal processing", "bandwidth", "computer imaging and vision", "telecommunication networks", "image processing", "image analysis", "communication channels (information theory)", "sensors", "signal to noise ratio", "embedded systems"], "citation_10_years": ["computer science", "computer systems", "engineering", "artificial intelligence", "computer networks", "computer hardware", "telecommunication systems", "internet", "database systems", "linguistics", "telecommunication networks", "computer programming", "information retrieval", "computer imaging and vision", "communication systems", "wireless telecommunication systems", "human computer interaction", "machine learning", "mathematics", "software"], "publication_5_years": [], "citation_5_years": []}, "main_topics": ["computer science"], "authors": {"publication_overall": ["2235446480", "2232436978", "2487452557", "1176184279", "2022261719", "2075983883", "2077137359", "2094276827", "2117961510", "2192157589", "2222207293", "2222359961", "2223992661", "2226013756", "2226485367", "2227358745", "2229970803", "2231072490", "2247174191", "2248979262", "2290268070", "2291994480", "2304845409", "2337288986", "2344629513", "2344652239", "2396713022", "2424905189", "2463527276", "2477432566", "2481824309", "2482049915", "2485167342", "2487233856", "2487389655", "2487672698", "2487927343", "2488840542", "2491133148", "2492866307", "2493076186", "2493265424", "2493322531", "2494465719", "2495873039", "2500337390", "2500389165", "2500636446", "2501195297", "2501199042", "2501369724", "2502792377", "2505459398", "2505872671", "2506608224", "2518342081", "2630819371", "2631167015", "2636986973", "2639769183", "2641280766", "2644581276", "2649364892", "2653590968", "2660936468", "2665402598", "2668259130", "2673017185", "2675107530", "2675293172", "2679534753", "2685270034", "2691546293", "2700425327", "2702389477", "2706348756", "2708922229", "2720218390", "2974356100"], "citation_overall": ["2192157589", "2487927343", "2501195297", "2675107530", "2708922229", "2495873039", "2653590968", "2668259130", "2235446480", "2487452557", "2226485367", "2344652239", "2491133148", "2232436978", "1176184279", "2075983883", "2247174191", "2248979262", "2487233856", "2639769183", "2222359961", "2304845409", "2424905189", "2463527276", "2477432566", "2482049915", "2500389165", "2518342081", "2631167015", "2641280766", "2337288986", "2481824309", "2487389655", "2488840542", "2493322531", "2649364892", "2660936468", "2022261719", "2077137359", "2094276827", "2117961510", "2222207293", "2223992661", "2226013756", "2227358745", "2229970803", "2231072490", "2290268070", "2291994480", "2344629513", "2396713022", "2485167342", "2487672698", "2492866307", "2493076186", "2493265424", "2494465719", "2500337390", "2500636446", "2501199042", "2501369724", "2502792377", "2505459398", "2505872671", "2506608224", "2630819371", "2636986973", "2644581276", "2665402598", "2673017185", "2675293172", "2679534753", "2685270034", "2691546293", "2700425327", "2702389477", "2706348756", "2720218390", "2974356100"], "publication_10_years": ["2235446480", "2232436978", "2487452557", "1176184279", "2022261719", "2075983883", "2077137359", "2094276827", "2117961510", "2192157589", "2222207293", "2222359961", "2223992661", "2226013756", "2226485367", "2227358745", "2229970803", "2231072490", "2247174191", "2248979262", "2290268070", "2291994480", "2304845409", "2337288986", "2344629513", "2344652239", "2396713022", "2424905189", "2463527276", "2477432566", "2481824309", "2482049915", "2485167342", "2487233856", "2487389655", "2487672698", "2487927343", "2488840542", "2491133148", "2492866307", "2493076186", "2493265424", "2493322531", "2494465719", "2495873039", "2500337390", "2500389165", "2500636446", "2501195297", "2501199042", "2501369724", "2502792377", "2505459398", "2505872671", "2506608224", "2518342081", "2630819371", "2631167015", "2636986973", "2639769183", "2641280766", "2644581276", "2649364892", "2653590968", "2660936468", "2665402598", "2668259130", "2673017185", "2675107530", "2675293172", "2679534753", "2685270034", "2691546293", "2700425327", "2702389477", "2706348756", "2708922229", "2720218390", "2974356100"], "citation_10_years": ["2192157589", "2487927343", "2501195297", "2675107530", "2708922229", "2495873039", "2653590968", "2668259130", "2235446480", "2487452557", "2226485367", "2344652239", "2491133148", "2232436978", "1176184279", "2075983883", "2247174191", "2248979262", "2487233856", "2639769183", "2222359961", "2304845409", "2424905189", "2463527276", "2477432566", "2482049915", "2500389165", "2518342081", "2631167015", "2641280766", "2337288986", "2481824309", "2487389655", "2488840542", "2493322531", "2649364892", "2660936468", "2022261719", "2077137359", "2094276827", "2117961510", "2222207293", "2223992661", "2226013756", "2227358745", "2229970803", "2231072490", "2290268070", "2291994480", "2344629513", "2396713022", "2485167342", "2487672698", "2492866307", "2493076186", "2493265424", "2494465719", "2500337390", "2500636446", "2501199042", "2501369724", "2502792377", "2505459398", "2505872671", "2506608224", "2630819371", "2636986973", "2644581276", "2665402598", "2673017185", "2675293172", "2679534753", "2685270034", "2691546293", "2700425327", "2702389477", "2706348756", "2720218390", "2974356100"], "publication_5_years": [], "citation_5_years": []}, "industrial_sectors": {"publication_overall": [], "citation_overall": [], "publication_10_years": [], "citation_10_years": [], "publication_5_years": [], "citation_5_years": []}}