{"name": "International Conference and Seminar on Micro/Nanotechnologies and Electron Devices", "acronym": "ICSM", "type": "conference", "uniqueEntities": {"organizations": {"Novosibirsk State Technical University": {"name": "Novosibirsk State Technical University", "type": "organization", "organization_type": "Education", "h_index": 10, "h5_index": 6, "num_publications": 11, "num_citations": 52, "num_publications_5y": 0, "num_citations_5y": 27, "num_publications_10y": 11, "num_citations_10y": 49, "publications_years": {"2009": 4, "2011": 3, "2010": 4}, "citations_years": {"2012": 15, "2013": 6, "2014": 4, "2015": 5, "2016": 13, "2017": 4, "2018": 1, "2011": 1, "2019": 1, "2020": 2}, "old_citations": {"2009": 0, "2011": 27, "2010": 25}, "isVisible": false}, "Altai State Technical University": {"name": "Altai State Technical University", "type": "organization", "organization_type": "Education", "h_index": 3, "h5_index": 2, "num_publications": 5, "num_citations": 4, "num_publications_5y": 0, "num_citations_5y": 3, "num_publications_10y": 5, "num_citations_10y": 4, "publications_years": {"2009": 1, "2011": 2, "2010": 2}, "citations_years": {"2013": 1, "2014": 0, "2015": 1, "2016": 2}, "old_citations": {"2009": 2, "2011": 2, "2010": 0}, "isVisible": false}, "Novosibirsk State University": {"name": "Novosibirsk State University", "type": "organization", "organization_type": "Education", "h_index": 17, "h5_index": 7, "num_publications": 2, "num_citations": 0, "num_publications_5y": 0, "num_citations_5y": 0, "num_publications_10y": 2, "num_citations_10y": 0, "publications_years": {"2011": 1, "2010": 1}, "citations_years": {}, "old_citations": {"2011": 0, "2010": 0}, "isVisible": false}, "Tomsk State University of Control Systems and Radio-Electronics": {"name": "Tomsk State University of Control Systems and Radio-Electronics", "type": "organization", "organization_type": "Education", "h_index": 6, "h5_index": 6, "num_publications": 2, "num_citations": 1, "num_publications_5y": 0, "num_citations_5y": 1, "num_publications_10y": 2, "num_citations_10y": 1, "publications_years": {"2011": 2}, "citations_years": {"2014": 1}, "old_citations": {"2011": 1}, "isVisible": false}, "Voronezh State University": {"name": "Voronezh State University", "type": "organization", "organization_type": "Education", "h_index": 7, "h5_index": 4, "num_publications": 2, "num_citations": 2, "num_publications_5y": 0, "num_citations_5y": 1, "num_publications_10y": 2, "num_citations_10y": 2, "publications_years": {"2010": 1, "2011": 1}, "citations_years": {"2011": 1, "2012": 0, "2013": 0, "2014": 0, "2015": 0, "2016": 1}, "old_citations": {"2010": 2, "2011": 0}, "isVisible": false}, "Moscow Institute of Physics and Technology": {"name": "Moscow Institute of Physics and Technology", "type": "organization", "organization_type": "Education", "h_index": 26, "h5_index": 15, "num_publications": 1, "num_citations": 0, "num_publications_5y": 0, "num_citations_5y": 0, "num_publications_10y": 1, "num_citations_10y": 0, "publications_years": {"2010": 1}, "citations_years": {}, "old_citations": {"2010": 0}, "isVisible": false}, "Tomsk Polytechnic University": {"name": "Tomsk Polytechnic University", "type": "organization", "organization_type": "Education", "h_index": 13, "h5_index": 9, "num_publications": 1, "num_citations": 1, "num_publications_5y": 0, "num_citations_5y": 1, "num_publications_10y": 1, "num_citations_10y": 1, "publications_years": {"2011": 1}, "citations_years": {"2014": 1}, "old_citations": {"2011": 1}, "isVisible": false}}, "topics": {"computer science": {"name": "computer science", "type": "topic", "h_index": 1779, "h5_index": 416, "num_publications": 47, "num_citations": 79, "num_publications_5y": 0, "num_citations_5y": 43, "num_publications_10y": 47, "num_citations_10y": 76, "publications_years": {"2010": 19, "2009": 13, "2011": 15}, "citations_years": {"2011": 2, "2012": 18, "2013": 10, "2014": 8, "2015": 10, "2016": 19, "2010": 3, "2017": 5, "2018": 1, "2019": 1, "2020": 2}, "old_citations": {"2010": 34, "2009": 7, "2011": 38}, "isVisible": false}, "computer systems": {"name": "computer systems", "type": "topic", "h_index": 1595, "h5_index": 367, "num_publications": 39, "num_citations": 55, "num_publications_5y": 0, "num_citations_5y": 33, "num_publications_10y": 39, "num_citations_10y": 52, "publications_years": {"2010": 15, "2009": 10, "2011": 14}, "citations_years": {"2010": 3, "2012": 11, "2013": 5, "2014": 5, "2015": 10, "2016": 13, "2017": 5, "2018": 0, "2019": 1, "2020": 2}, "old_citations": {"2010": 12, "2009": 7, "2011": 36}, "isVisible": false}, "computer networks": {"name": "computer networks", "type": "topic", "h_index": 1262, "h5_index": 332, "num_publications": 32, "num_citations": 37, "num_publications_5y": 0, "num_citations_5y": 17, "num_publications_10y": 32, "num_citations_10y": 34, "publications_years": {"2010": 15, "2009": 8, "2011": 9}, "citations_years": {"2010": 3, "2012": 7, "2013": 6, "2014": 3, "2015": 6, "2016": 6, "2017": 2, "2011": 1, "2018": 0, "2019": 1, "2020": 2}, "old_citations": {"2010": 15, "2009": 3, "2011": 19}, "isVisible": false}, "engineering": {"name": "engineering", "type": "topic", "h_index": 1177, "h5_index": 287, "num_publications": 32, "num_citations": 70, "num_publications_5y": 0, "num_citations_5y": 40, "num_publications_10y": 32, "num_citations_10y": 67, "publications_years": {"2010": 13, "2009": 9, "2011": 10}, "citations_years": {"2011": 2, "2012": 16, "2013": 6, "2014": 8, "2015": 8, "2016": 18, "2010": 3, "2017": 5, "2018": 1, "2019": 1, "2020": 2}, "old_citations": {"2010": 34, "2009": 5, "2011": 31}, "isVisible": false}, "mathematics": {"name": "mathematics", "type": "topic", "h_index": 1364, "h5_index": 300, "num_publications": 31, "num_citations": 70, "num_publications_5y": 0, "num_citations_5y": 40, "num_publications_10y": 31, "num_citations_10y": 67, "publications_years": {"2010": 15, "2009": 7, "2011": 9}, "citations_years": {"2011": 2, "2012": 16, "2013": 6, "2014": 8, "2015": 8, "2016": 18, "2010": 3, "2017": 5, "2018": 1, "2019": 1, "2020": 2}, "old_citations": {"2010": 34, "2009": 5, "2011": 31}, "isVisible": false}, "telecommunication systems": {"name": "telecommunication systems", "type": "topic", "h_index": 1187, "h5_index": 277, "num_publications": 30, "num_citations": 34, "num_publications_5y": 0, "num_citations_5y": 17, "num_publications_10y": 30, "num_citations_10y": 31, "publications_years": {"2010": 14, "2009": 8, "2011": 8}, "citations_years": {"2010": 3, "2012": 7, "2013": 4, "2014": 3, "2015": 6, "2016": 6, "2017": 2, "2018": 0, "2019": 1, "2020": 2}, "old_citations": {"2010": 12, "2009": 3, "2011": 19}, "isVisible": false}, "communication systems": {"name": "communication systems", "type": "topic", "h_index": 1092, "h5_index": 254, "num_publications": 28, "num_citations": 25, "num_publications_5y": 0, "num_citations_5y": 13, "num_publications_10y": 28, "num_citations_10y": 22, "publications_years": {"2010": 12, "2009": 8, "2011": 8}, "citations_years": {"2010": 3, "2015": 4, "2014": 4, "2012": 5, "2013": 1, "2016": 4, "2017": 1, "2018": 0, "2019": 1, "2020": 2}, "old_citations": {"2010": 7, "2009": 3, "2011": 15}, "isVisible": false}, "signal processing": {"name": "signal processing", "type": "topic", "h_index": 1012, "h5_index": 255, "num_publications": 28, "num_citations": 53, "num_publications_5y": 0, "num_citations_5y": 34, "num_publications_10y": 28, "num_citations_10y": 53, "publications_years": {"2010": 11, "2009": 8, "2011": 9}, "citations_years": {"2011": 1, "2012": 12, "2013": 3, "2014": 8, "2015": 6, "2016": 14, "2010": 3, "2017": 5, "2018": 1}, "old_citations": {"2010": 31, "2009": 3, "2011": 19}, "isVisible": false}, "wireless telecommunication systems": {"name": "wireless telecommunication systems", "type": "topic", "h_index": 1087, "h5_index": 254, "num_publications": 27, "num_citations": 24, "num_publications_5y": 0, "num_citations_5y": 12, "num_publications_10y": 27, "num_citations_10y": 21, "publications_years": {"2010": 12, "2009": 8, "2011": 7}, "citations_years": {"2010": 3, "2015": 4, "2012": 5, "2013": 1, "2014": 3, "2016": 4, "2017": 1, "2018": 0, "2019": 1, "2020": 2}, "old_citations": {"2010": 7, "2009": 3, "2011": 14}, "isVisible": false}, "computer hardware": {"name": "computer hardware", "type": "topic", "h_index": 1150, "h5_index": 279, "num_publications": 26, "num_citations": 69, "num_publications_5y": 0, "num_citations_5y": 36, "num_publications_10y": 26, "num_citations_10y": 66, "publications_years": {"2010": 10, "2009": 6, "2011": 10}, "citations_years": {"2011": 1, "2012": 18, "2013": 8, "2014": 7, "2015": 7, "2016": 16, "2010": 3, "2017": 5, "2018": 1, "2019": 1, "2020": 2}, "old_citations": {"2010": 30, "2009": 5, "2011": 34}, "isVisible": false}, "telecommunication networks": {"name": "telecommunication networks", "type": "topic", "h_index": 1116, "h5_index": 258, "num_publications": 21, "num_citations": 10, "num_publications_5y": 0, "num_citations_5y": 3, "num_publications_10y": 21, "num_citations_10y": 10, "publications_years": {"2010": 10, "2009": 6, "2011": 5}, "citations_years": {"2010": 3, "2012": 2, "2013": 2, "2014": 1, "2015": 2}, "old_citations": {"2010": 0, "2009": 3, "2011": 7}, "isVisible": false}, "communication channels (information theory)": {"name": "communication channels (information theory)", "type": "topic", "h_index": 925, "h5_index": 216, "num_publications": 20, "num_citations": 11, "num_publications_5y": 0, "num_citations_5y": 7, "num_publications_10y": 20, "num_citations_10y": 11, "publications_years": {"2010": 9, "2009": 6, "2011": 5}, "citations_years": {"2010": 3, "2015": 3, "2012": 1, "2013": 0, "2014": 2, "2016": 1, "2017": 1}, "old_citations": {"2010": 7, "2009": 3, "2011": 1}, "isVisible": false}, "signal to noise ratio": {"name": "signal to noise ratio", "type": "topic", "h_index": 821, "h5_index": 194, "num_publications": 18, "num_citations": 13, "num_publications_5y": 0, "num_citations_5y": 9, "num_publications_10y": 18, "num_citations_10y": 13, "publications_years": {"2010": 7, "2009": 5, "2011": 6}, "citations_years": {"2010": 3, "2015": 3, "2012": 1, "2013": 0, "2014": 2, "2016": 3, "2017": 1}, "old_citations": {"2010": 7, "2009": 3, "2011": 3}, "isVisible": false}, "telecommunication traffic": {"name": "telecommunication traffic", "type": "topic", "h_index": 1036, "h5_index": 233, "num_publications": 16, "num_citations": 10, "num_publications_5y": 0, "num_citations_5y": 3, "num_publications_10y": 16, "num_citations_10y": 10, "publications_years": {"2010": 8, "2009": 4, "2011": 4}, "citations_years": {"2010": 3, "2012": 2, "2013": 2, "2014": 1, "2015": 2}, "old_citations": {"2010": 0, "2009": 3, "2011": 7}, "isVisible": false}, "probability": {"name": "probability", "type": "topic", "h_index": 918, "h5_index": 211, "num_publications": 15, "num_citations": 7, "num_publications_5y": 0, "num_citations_5y": 1, "num_publications_10y": 15, "num_citations_10y": 7, "publications_years": {"2010": 8, "2009": 3, "2011": 4}, "citations_years": {"2010": 3, "2015": 1, "2011": 1, "2012": 0, "2013": 2}, "old_citations": {"2010": 3, "2009": 3, "2011": 1}, "isVisible": false}, "sensors": {"name": "sensors", "type": "topic", "h_index": 960, "h5_index": 229, "num_publications": 14, "num_citations": 38, "num_publications_5y": 0, "num_citations_5y": 21, "num_publications_10y": 14, "num_citations_10y": 35, "publications_years": {"2009": 4, "2011": 6, "2010": 4}, "citations_years": {"2010": 3, "2012": 9, "2013": 2, "2014": 4, "2015": 5, "2016": 8, "2017": 4, "2018": 0, "2019": 1, "2020": 2}, "old_citations": {"2009": 5, "2011": 27, "2010": 6}, "isVisible": false}, "computer imaging and vision": {"name": "computer imaging and vision", "type": "topic", "h_index": 1142, "h5_index": 334, "num_publications": 13, "num_citations": 18, "num_publications_5y": 0, "num_citations_5y": 13, "num_publications_10y": 13, "num_citations_10y": 18, "publications_years": {"2010": 6, "2009": 4, "2011": 3}, "citations_years": {"2012": 4, "2013": 1, "2014": 2, "2015": 4, "2016": 4, "2017": 3}, "old_citations": {"2010": 1, "2009": 2, "2011": 15}, "isVisible": false}, "data communication systems": {"name": "data communication systems", "type": "topic", "h_index": 1013, "h5_index": 234, "num_publications": 12, "num_citations": 10, "num_publications_5y": 0, "num_citations_5y": 3, "num_publications_10y": 12, "num_citations_10y": 10, "publications_years": {"2010": 5, "2009": 4, "2011": 3}, "citations_years": {"2010": 3, "2012": 2, "2013": 2, "2014": 1, "2015": 2}, "old_citations": {"2010": 0, "2009": 3, "2011": 7}, "isVisible": false}, "image processing": {"name": "image processing", "type": "topic", "h_index": 1113, "h5_index": 328, "num_publications": 12, "num_citations": 18, "num_publications_5y": 0, "num_citations_5y": 13, "num_publications_10y": 12, "num_citations_10y": 18, "publications_years": {"2010": 6, "2009": 3, "2011": 3}, "citations_years": {"2012": 4, "2013": 1, "2014": 2, "2015": 4, "2016": 4, "2017": 3}, "old_citations": {"2010": 1, "2009": 2, "2011": 15}, "isVisible": false}, "signal detection": {"name": "signal detection", "type": "topic", "h_index": 720, "h5_index": 185, "num_publications": 12, "num_citations": 2, "num_publications_5y": 0, "num_citations_5y": 2, "num_publications_10y": 12, "num_citations_10y": 2, "publications_years": {"2010": 5, "2009": 1, "2011": 6}, "citations_years": {"2015": 1, "2014": 1}, "old_citations": {"2010": 0, "2009": 0, "2011": 2}, "isVisible": false}, "optical fibers": {"name": "optical fibers", "type": "topic", "h_index": 457, "h5_index": 111, "num_publications": 8, "num_citations": 27, "num_publications_5y": 0, "num_citations_5y": 15, "num_publications_10y": 8, "num_citations_10y": 24, "publications_years": {"2009": 2, "2011": 5, "2010": 1}, "citations_years": {"2012": 8, "2013": 1, "2014": 2, "2015": 3, "2016": 7, "2017": 3, "2018": 0, "2019": 1, "2020": 2}, "old_citations": {"2009": 0, "2011": 27, "2010": 0}, "isVisible": false}, "optical materials": {"name": "optical materials", "type": "topic", "h_index": 363, "h5_index": 93, "num_publications": 6, "num_citations": 27, "num_publications_5y": 0, "num_citations_5y": 15, "num_publications_10y": 6, "num_citations_10y": 24, "publications_years": {"2009": 2, "2011": 3, "2010": 1}, "citations_years": {"2012": 8, "2013": 1, "2014": 2, "2015": 3, "2016": 7, "2017": 3, "2018": 0, "2019": 1, "2020": 2}, "old_citations": {"2009": 0, "2011": 27, "2010": 0}, "isVisible": false}, "pulsed laser applications": {"name": "pulsed laser applications", "type": "topic", "h_index": 273, "h5_index": 59, "num_publications": 5, "num_citations": 26, "num_publications_5y": 0, "num_citations_5y": 14, "num_publications_10y": 5, "num_citations_10y": 23, "publications_years": {"2009": 2, "2011": 2, "2010": 1}, "citations_years": {"2012": 8, "2013": 1, "2014": 1, "2015": 3, "2016": 7, "2017": 3, "2018": 0, "2019": 1, "2020": 2}, "old_citations": {"2009": 0, "2011": 26, "2010": 0}, "isVisible": false}, "computer security": {"name": "computer security", "type": "topic", "h_index": 977, "h5_index": 220, "num_publications": 7, "num_citations": 25, "num_publications_5y": 0, "num_citations_5y": 11, "num_publications_10y": 7, "num_citations_10y": 25, "publications_years": {"2009": 1, "2011": 3, "2010": 3}, "citations_years": {"2010": 3, "2012": 6, "2013": 4, "2014": 1, "2015": 3, "2016": 4, "2017": 3, "2011": 1}, "old_citations": {"2009": 3, "2011": 19, "2010": 3}, "isVisible": false}, "software": {"name": "software", "type": "topic", "h_index": 902, "h5_index": 167, "num_publications": 9, "num_citations": 25, "num_publications_5y": 0, "num_citations_5y": 15, "num_publications_10y": 9, "num_citations_10y": 25, "publications_years": {"2009": 3, "2010": 4, "2011": 2}, "citations_years": {"2015": 2, "2016": 6, "2012": 8, "2013": 2, "2014": 5, "2017": 1, "2018": 1}, "old_citations": {"2009": 2, "2010": 23, "2011": 0}, "isVisible": false}, "adders": {"name": "adders", "type": "topic", "h_index": 219, "h5_index": 62, "num_publications": 3, "num_citations": 24, "num_publications_5y": 0, "num_citations_5y": 13, "num_publications_10y": 3, "num_citations_10y": 24, "publications_years": {"2010": 3}, "citations_years": {"2011": 1, "2012": 7, "2013": 3, "2014": 3, "2015": 1, "2016": 7, "2017": 1, "2018": 1}, "old_citations": {"2010": 24}, "isVisible": false}, "computer aided design": {"name": "computer aided design", "type": "topic", "h_index": 485, "h5_index": 107, "num_publications": 4, "num_citations": 24, "num_publications_5y": 0, "num_citations_5y": 13, "num_publications_10y": 4, "num_citations_10y": 24, "publications_years": {"2010": 3, "2011": 1}, "citations_years": {"2011": 1, "2012": 7, "2013": 3, "2014": 3, "2015": 1, "2016": 7, "2017": 1, "2018": 1}, "old_citations": {"2010": 24, "2011": 0}, "isVisible": false}, "digital arithmetic": {"name": "digital arithmetic", "type": "topic", "h_index": 261, "h5_index": 71, "num_publications": 3, "num_citations": 24, "num_publications_5y": 0, "num_citations_5y": 13, "num_publications_10y": 3, "num_citations_10y": 24, "publications_years": {"2010": 3}, "citations_years": {"2011": 1, "2012": 7, "2013": 3, "2014": 3, "2015": 1, "2016": 7, "2017": 1, "2018": 1}, "old_citations": {"2010": 24}, "isVisible": false}, "digital signal processing": {"name": "digital signal processing", "type": "topic", "h_index": 435, "h5_index": 97, "num_publications": 4, "num_citations": 24, "num_publications_5y": 0, "num_citations_5y": 13, "num_publications_10y": 4, "num_citations_10y": 24, "publications_years": {"2010": 3, "2009": 1}, "citations_years": {"2011": 1, "2012": 7, "2013": 3, "2014": 3, "2015": 1, "2016": 7, "2017": 1, "2018": 1}, "old_citations": {"2010": 24, "2009": 0}, "isVisible": false}, "frequency multiplying circuits": {"name": "frequency multiplying circuits", "type": "topic", "h_index": 162, "h5_index": 49, "num_publications": 3, "num_citations": 24, "num_publications_5y": 0, "num_citations_5y": 13, "num_publications_10y": 3, "num_citations_10y": 24, "publications_years": {"2010": 3}, "citations_years": {"2011": 1, "2012": 7, "2013": 3, "2014": 3, "2015": 1, "2016": 7, "2017": 1, "2018": 1}, "old_citations": {"2010": 24}, "isVisible": false}, "antennas": {"name": "antennas", "type": "topic", "h_index": 645, "h5_index": 152, "num_publications": 9, "num_citations": 6, "num_publications_5y": 0, "num_citations_5y": 5, "num_publications_10y": 9, "num_citations_10y": 6, "publications_years": {"2010": 4, "2009": 1, "2011": 4}, "citations_years": {"2012": 1, "2013": 0, "2014": 2, "2015": 1, "2016": 1, "2017": 1}, "old_citations": {"2010": 6, "2009": 0, "2011": 0}, "isVisible": false}, "communication": {"name": "communication", "type": "topic", "h_index": 886, "h5_index": 209, "num_publications": 11, "num_citations": 6, "num_publications_5y": 0, "num_citations_5y": 2, "num_publications_10y": 11, "num_citations_10y": 6, "publications_years": {"2010": 4, "2009": 3, "2011": 4}, "citations_years": {"2012": 2, "2013": 2, "2014": 1, "2015": 1}, "old_citations": {"2010": 0, "2009": 0, "2011": 6}, "isVisible": false}, "field programmable gate arrays (fpga)": {"name": "field programmable gate arrays (fpga)", "type": "topic", "h_index": 594, "h5_index": 149, "num_publications": 8, "num_citations": 9, "num_publications_5y": 0, "num_citations_5y": 3, "num_publications_10y": 8, "num_citations_10y": 9, "publications_years": {"2010": 3, "2011": 4, "2009": 1}, "citations_years": {"2011": 1, "2012": 2, "2013": 3, "2014": 0, "2015": 1, "2016": 2}, "old_citations": {"2010": 2, "2011": 7, "2009": 0}, "isVisible": false}, "security of data": {"name": "security of data", "type": "topic", "h_index": 883, "h5_index": 199, "num_publications": 5, "num_citations": 22, "num_publications_5y": 0, "num_citations_5y": 11, "num_publications_10y": 5, "num_citations_10y": 22, "publications_years": {"2011": 2, "2010": 3}, "citations_years": {"2012": 6, "2013": 4, "2014": 1, "2015": 3, "2016": 4, "2017": 3, "2011": 1}, "old_citations": {"2011": 19, "2010": 3}, "isVisible": false}, "linear matrix inequalities": {"name": "linear matrix inequalities", "type": "topic", "h_index": 571, "h5_index": 144, "num_publications": 4, "num_citations": 17, "num_publications_5y": 0, "num_citations_5y": 13, "num_publications_10y": 4, "num_citations_10y": 17, "publications_years": {"2009": 1, "2011": 3}, "citations_years": {"2012": 4, "2013": 0, "2014": 2, "2015": 2, "2016": 6, "2017": 3}, "old_citations": {"2009": 0, "2011": 17}, "isVisible": false}, "matrix algebra": {"name": "matrix algebra", "type": "topic", "h_index": 771, "h5_index": 183, "num_publications": 8, "num_citations": 23, "num_publications_5y": 0, "num_citations_5y": 18, "num_publications_10y": 8, "num_citations_10y": 23, "publications_years": {"2010": 4, "2009": 1, "2011": 3}, "citations_years": {"2012": 5, "2013": 0, "2014": 4, "2015": 3, "2016": 7, "2017": 4}, "old_citations": {"2010": 6, "2009": 0, "2011": 17}, "isVisible": false}, "pulse train": {"name": "pulse train", "type": "topic", "h_index": 151, "h5_index": 30, "num_publications": 5, "num_citations": 17, "num_publications_5y": 0, "num_citations_5y": 13, "num_publications_10y": 5, "num_citations_10y": 17, "publications_years": {"2011": 4, "2009": 1}, "citations_years": {"2012": 4, "2013": 0, "2014": 3, "2015": 3, "2016": 4, "2017": 3}, "old_citations": {"2011": 17, "2009": 0}, "isVisible": false}, "control systems": {"name": "control systems", "type": "topic", "h_index": 433, "h5_index": 104, "num_publications": 4, "num_citations": 18, "num_publications_5y": 0, "num_citations_5y": 14, "num_publications_10y": 4, "num_citations_10y": 18, "publications_years": {"2011": 2, "2009": 1, "2010": 1}, "citations_years": {"2012": 4, "2013": 0, "2014": 1, "2015": 3, "2016": 7, "2017": 3}, "old_citations": {"2011": 16, "2009": 2, "2010": 0}, "isVisible": false}}, "authors": {"331486606": {"name": "eugene v sypin", "type": "author", "activity": 14, "h_index": 3, "h5_index": 2, "mag_id": "331486606", "num_publications": 3, "num_citations": 2, "num_publications_5y": 0, "num_citations_5y": 2, "num_publications_10y": 3, "num_citations_10y": 2, "publications_years": {"2009": 1, "2011": 1, "2010": 1}, "citations_years": {"2015": 1, "2016": 1}, "old_citations": {"2009": 2, "2011": 0, "2010": 0}, "isVisible": false}, "2034670575": {"name": "alexander a shauerman", "type": "author", "activity": 6, "h_index": 2, "h5_index": 0, "mag_id": "2034670575", "num_publications": 3, "num_citations": 6, "num_publications_5y": 0, "num_citations_5y": 5, "num_publications_10y": 3, "num_citations_10y": 6, "publications_years": {"2011": 1, "2009": 1, "2010": 1}, "citations_years": {"2012": 1, "2013": 0, "2014": 2, "2015": 1, "2016": 1, "2017": 1}, "old_citations": {"2011": 0, "2009": 0, "2010": 6}, "isVisible": false}, "87598149": {"name": "roman v barsukov", "type": "author", "activity": 13, "h_index": 4, "h5_index": 0, "mag_id": "87598149", "num_publications": 2, "num_citations": 4, "num_publications_5y": 0, "num_citations_5y": 3, "num_publications_10y": 2, "num_citations_10y": 4, "publications_years": {"2009": 1, "2011": 1}, "citations_years": {"2013": 1, "2014": 0, "2015": 1, "2016": 2}, "old_citations": {"2009": 2, "2011": 2}, "isVisible": false}, "1869706324": {"name": "evgeniy s povernov", "type": "author", "activity": 6, "h_index": 1, "h5_index": 0, "mag_id": "1869706324", "num_publications": 2, "num_citations": 2, "num_publications_5y": 0, "num_citations_5y": 2, "num_publications_10y": 2, "num_citations_10y": 2, "publications_years": {"2009": 1, "2011": 1}, "citations_years": {"2015": 1, "2016": 1}, "old_citations": {"2009": 2, "2011": 0}, "isVisible": false}, "1886144542": {"name": "nikita lyamin", "type": "author", "activity": 11, "h_index": 7, "h5_index": 4, "mag_id": "1886144542", "num_publications": 2, "num_citations": 0, "num_publications_5y": 0, "num_citations_5y": 0, "num_publications_10y": 2, "num_citations_10y": 0, "publications_years": {"2010": 1, "2011": 1}, "citations_years": {}, "old_citations": {"2010": 0, "2011": 0}, "isVisible": false}, "1998143958": {"name": "alexander s volokhin", "type": "author", "activity": 2, "h_index": 0, "h5_index": 0, "mag_id": "1998143958", "num_publications": 2, "num_citations": 0, "num_publications_5y": 0, "num_citations_5y": 0, "num_publications_10y": 2, "num_citations_10y": 0, "publications_years": {"2009": 1, "2010": 1}, "citations_years": {}, "old_citations": {"2009": 0, "2010": 0}, "isVisible": false}, "2022478080": {"name": "denis s abramenko", "type": "author", "activity": 5, "h_index": 3, "h5_index": 0, "mag_id": "2022478080", "num_publications": 2, "num_citations": 4, "num_publications_5y": 0, "num_citations_5y": 3, "num_publications_10y": 2, "num_citations_10y": 4, "publications_years": {"2009": 1, "2011": 1}, "citations_years": {"2013": 1, "2014": 0, "2015": 1, "2016": 2}, "old_citations": {"2009": 2, "2011": 2}, "isVisible": false}, "2040324079": {"name": "konstantin v novikov", "type": "author", "activity": 1, "h_index": 0, "h5_index": 0, "mag_id": "2040324079", "num_publications": 2, "num_citations": 0, "num_publications_5y": 0, "num_citations_5y": 0, "num_publications_10y": 2, "num_citations_10y": 0, "publications_years": {"2009": 2}, "citations_years": {}, "old_citations": {"2009": 0}, "isVisible": false}, "2076905019": {"name": "gennady n devyatkov", "type": "author", "activity": 9, "h_index": 0, "h5_index": 0, "mag_id": "2076905019", "num_publications": 2, "num_citations": 0, "num_publications_5y": 0, "num_citations_5y": 0, "num_publications_10y": 2, "num_citations_10y": 0, "publications_years": {"2009": 1, "2010": 1}, "citations_years": {}, "old_citations": {"2009": 0, "2010": 0}, "isVisible": false}, "2163384821": {"name": "alexander v borisov", "type": "author", "activity": 4, "h_index": 1, "h5_index": 0, "mag_id": "2163384821", "num_publications": 2, "num_citations": 0, "num_publications_5y": 0, "num_citations_5y": 0, "num_publications_10y": 2, "num_citations_10y": 0, "publications_years": {"2011": 1, "2009": 1}, "citations_years": {}, "old_citations": {"2011": 0, "2009": 0}, "isVisible": false}, "2223306798": {"name": "alexander n samsonov", "type": "author", "activity": 2, "h_index": 0, "h5_index": 0, "mag_id": "2223306798", "num_publications": 2, "num_citations": 0, "num_publications_5y": 0, "num_citations_5y": 0, "num_publications_10y": 2, "num_citations_10y": 0, "publications_years": {"2011": 1, "2010": 1}, "citations_years": {}, "old_citations": {"2011": 0, "2010": 0}, "isVisible": false}, "2225492358": {"name": "fedor a bykovskiy", "type": "author", "activity": 2, "h_index": 0, "h5_index": 0, "mag_id": "2225492358", "num_publications": 2, "num_citations": 0, "num_publications_5y": 0, "num_citations_5y": 0, "num_publications_10y": 2, "num_citations_10y": 0, "publications_years": {"2011": 1, "2010": 1}, "citations_years": {}, "old_citations": {"2011": 0, "2010": 0}, "isVisible": false}, "2229188545": {"name": "denis y maikov", "type": "author", "activity": 1, "h_index": 1, "h5_index": 0, "mag_id": "2229188545", "num_publications": 2, "num_citations": 1, "num_publications_5y": 0, "num_citations_5y": 1, "num_publications_10y": 2, "num_citations_10y": 1, "publications_years": {"2011": 2}, "citations_years": {"2014": 1}, "old_citations": {"2011": 1}, "isVisible": false}, "2231655325": {"name": "eugeniy v rogozhnikov", "type": "author", "activity": 9, "h_index": 1, "h5_index": 0, "mag_id": "2231655325", "num_publications": 2, "num_citations": 1, "num_publications_5y": 0, "num_citations_5y": 1, "num_publications_10y": 2, "num_citations_10y": 1, "publications_years": {"2011": 2}, "citations_years": {"2014": 1}, "old_citations": {"2011": 1}, "isVisible": false}, "2306278599": {"name": "vladimir n khmelev", "type": "author", "activity": 14, "h_index": 4, "h5_index": 0, "mag_id": "2306278599", "num_publications": 2, "num_citations": 4, "num_publications_5y": 0, "num_citations_5y": 3, "num_publications_10y": 2, "num_citations_10y": 4, "publications_years": {"2009": 1, "2011": 1}, "citations_years": {"2013": 1, "2014": 0, "2015": 1, "2016": 2}, "old_citations": {"2009": 2, "2011": 2}, "isVisible": false}, "2424814302": {"name": "vladimir v shubin", "type": "author", "activity": 1, "h_index": 2, "h5_index": 0, "mag_id": "2424814302", "num_publications": 2, "num_citations": 22, "num_publications_5y": 0, "num_citations_5y": 12, "num_publications_10y": 2, "num_citations_10y": 22, "publications_years": {"2010": 2}, "citations_years": {"2012": 7, "2013": 3, "2014": 3, "2015": 1, "2016": 6, "2017": 1, "2018": 1}, "old_citations": {"2010": 22}, "isVisible": false}, "2433735778": {"name": "alexander s vershinin", "type": "author", "activity": 1, "h_index": 1, "h5_index": 0, "mag_id": "2433735778", "num_publications": 2, "num_citations": 1, "num_publications_5y": 0, "num_citations_5y": 1, "num_publications_10y": 2, "num_citations_10y": 1, "publications_years": {"2011": 2}, "citations_years": {"2014": 1}, "old_citations": {"2011": 1}, "isVisible": false}, "2642284924": {"name": "eugeniy p voroshilin", "type": "author", "activity": 1, "h_index": 1, "h5_index": 0, "mag_id": "2642284924", "num_publications": 2, "num_citations": 1, "num_publications_5y": 0, "num_citations_5y": 1, "num_publications_10y": 2, "num_citations_10y": 1, "publications_years": {"2011": 2}, "citations_years": {"2014": 1}, "old_citations": {"2011": 1}, "isVisible": false}, "2643730454": {"name": "nikita v popov", "type": "author", "activity": 6, "h_index": 1, "h5_index": 0, "mag_id": "2643730454", "num_publications": 2, "num_citations": 0, "num_publications_5y": 0, "num_citations_5y": 0, "num_publications_10y": 2, "num_citations_10y": 0, "publications_years": {"2011": 1, "2009": 1}, "citations_years": {}, "old_citations": {"2011": 0, "2009": 0}, "isVisible": false}, "2665668439": {"name": "vera g drozdova", "type": "author", "activity": 2, "h_index": 1, "h5_index": 0, "mag_id": "2665668439", "num_publications": 2, "num_citations": 3, "num_publications_5y": 0, "num_citations_5y": 0, "num_publications_10y": 2, "num_citations_10y": 3, "publications_years": {"2009": 1, "2010": 1}, "citations_years": {"2010": 3}, "old_citations": {"2009": 3, "2010": 0}, "isVisible": false}, "2712276425": {"name": "v l kurochkin", "type": "author", "activity": 2, "h_index": 1, "h5_index": 0, "mag_id": "2712276425", "num_publications": 2, "num_citations": 5, "num_publications_5y": 0, "num_citations_5y": 1, "num_publications_10y": 2, "num_citations_10y": 5, "publications_years": {"2011": 1, "2010": 1}, "citations_years": {"2012": 2, "2013": 2, "2014": 0, "2015": 1}, "old_citations": {"2011": 5, "2010": 0}, "isVisible": false}, "8649603": {"name": "igor a bakhovtsev", "type": "author", "activity": 5, "h_index": 1, "h5_index": 0, "mag_id": "8649603", "num_publications": 1, "num_citations": 1, "num_publications_5y": 0, "num_citations_5y": 1, "num_publications_10y": 1, "num_citations_10y": 1, "publications_years": {"2011": 1}, "citations_years": {"2015": 1}, "old_citations": {"2011": 1}, "isVisible": false}, "308821164": {"name": "vadim v tilzo", "type": "author", "activity": 1, "h_index": 0, "h5_index": 0, "mag_id": "308821164", "num_publications": 1, "num_citations": 0, "num_publications_5y": 0, "num_citations_5y": 0, "num_publications_10y": 1, "num_citations_10y": 0, "publications_years": {"2010": 1}, "citations_years": {}, "old_citations": {"2010": 0}, "isVisible": false}, "1101419539": {"name": "maxim a dybko", "type": "author", "activity": 9, "h_index": 2, "h5_index": 0, "mag_id": "1101419539", "num_publications": 1, "num_citations": 3, "num_publications_5y": 0, "num_citations_5y": 0, "num_publications_10y": 1, "num_citations_10y": 3, "publications_years": {"2010": 1}, "citations_years": {"2011": 1, "2012": 0, "2013": 2}, "old_citations": {"2010": 3}, "isVisible": false}, "1511526691": {"name": "sergey v brovanov", "type": "author", "activity": 12, "h_index": 3, "h5_index": 0, "mag_id": "1511526691", "num_publications": 1, "num_citations": 3, "num_publications_5y": 0, "num_citations_5y": 0, "num_publications_10y": 1, "num_citations_10y": 3, "publications_years": {"2010": 1}, "citations_years": {"2011": 1, "2012": 0, "2013": 2}, "old_citations": {"2010": 3}, "isVisible": false}, "1874505676": {"name": "sergey n tsyganok", "type": "author", "activity": 13, "h_index": 2, "h5_index": 0, "mag_id": "1874505676", "num_publications": 1, "num_citations": 2, "num_publications_5y": 0, "num_citations_5y": 1, "num_publications_10y": 1, "num_citations_10y": 2, "publications_years": {"2009": 1}, "citations_years": {"2013": 1, "2014": 0, "2015": 1}, "old_citations": {"2009": 2}, "isVisible": false}, "1964872352": {"name": "yury kurochkin", "type": "author", "activity": 10, "h_index": 1, "h5_index": 1, "mag_id": "1964872352", "num_publications": 1, "num_citations": 0, "num_publications_5y": 0, "num_citations_5y": 0, "num_publications_10y": 1, "num_citations_10y": 0, "publications_years": {"2010": 1}, "citations_years": {}, "old_citations": {"2010": 0}, "isVisible": false}, "1993947054": {"name": "aleksey s khlebnikov", "type": "author", "activity": 1, "h_index": 1, "h5_index": 0, "mag_id": "1993947054", "num_publications": 1, "num_citations": 12, "num_publications_5y": 0, "num_citations_5y": 4, "num_publications_10y": 1, "num_citations_10y": 9, "publications_years": {"2011": 1}, "citations_years": {"2012": 4, "2013": 1, "2014": 0, "2015": 1, "2016": 3, "2017": 0, "2018": 0, "2019": 1, "2020": 2}, "old_citations": {"2011": 12}, "isVisible": false}, "2001593238": {"name": "valery d yurkevich", "type": "author", "activity": 17, "h_index": 4, "h5_index": 0, "mag_id": "2001593238", "num_publications": 1, "num_citations": 14, "num_publications_5y": 0, "num_citations_5y": 10, "num_publications_10y": 1, "num_citations_10y": 14, "publications_years": {"2011": 1}, "citations_years": {"2012": 4, "2013": 0, "2014": 1, "2015": 2, "2016": 4, "2017": 3}, "old_citations": {"2011": 14}, "isVisible": false}, "2002626861": {"name": "andrei v geist", "type": "author", "activity": 8, "h_index": 2, "h5_index": 1, "mag_id": "2002626861", "num_publications": 1, "num_citations": 12, "num_publications_5y": 0, "num_citations_5y": 4, "num_publications_10y": 1, "num_citations_10y": 9, "publications_years": {"2011": 1}, "citations_years": {"2012": 4, "2013": 1, "2014": 0, "2015": 1, "2016": 3, "2017": 0, "2018": 0, "2019": 1, "2020": 2}, "old_citations": {"2011": 12}, "isVisible": false}, "2004749547": {"name": "valentina n snisarenko", "type": "author", "activity": 1, "h_index": 0, "h5_index": 0, "mag_id": "2004749547", "num_publications": 1, "num_citations": 0, "num_publications_5y": 0, "num_citations_5y": 0, "num_publications_10y": 1, "num_citations_10y": 0, "publications_years": {"2009": 1}, "citations_years": {}, "old_citations": {"2009": 0}, "isVisible": false}, "2006587108": {"name": "nadezhda y tupikina", "type": "author", "activity": 9, "h_index": 1, "h5_index": 1, "mag_id": "2006587108", "num_publications": 1, "num_citations": 0, "num_publications_5y": 0, "num_citations_5y": 0, "num_publications_10y": 1, "num_citations_10y": 0, "publications_years": {"2011": 1}, "citations_years": {}, "old_citations": {"2011": 0}, "isVisible": false}, "2054404023": {"name": "sergey a kharitonov", "type": "author", "activity": 20, "h_index": 4, "h5_index": 0, "mag_id": "2054404023", "num_publications": 1, "num_citations": 12, "num_publications_5y": 0, "num_citations_5y": 4, "num_publications_10y": 1, "num_citations_10y": 9, "publications_years": {"2011": 1}, "citations_years": {"2012": 4, "2013": 1, "2014": 0, "2015": 1, "2016": 3, "2017": 0, "2018": 0, "2019": 1, "2020": 2}, "old_citations": {"2011": 12}, "isVisible": false}, "2056024447": {"name": "andrey v geist", "type": "author", "activity": 10, "h_index": 1, "h5_index": 0, "mag_id": "2056024447", "num_publications": 1, "num_citations": 3, "num_publications_5y": 0, "num_citations_5y": 0, "num_publications_10y": 1, "num_citations_10y": 3, "publications_years": {"2010": 1}, "citations_years": {"2011": 1, "2012": 0, "2013": 2}, "old_citations": {"2010": 3}, "isVisible": false}, "2063734830": {"name": "peter a bachurin", "type": "author", "activity": 4, "h_index": 3, "h5_index": 0, "mag_id": "2063734830", "num_publications": 1, "num_citations": 12, "num_publications_5y": 0, "num_citations_5y": 4, "num_publications_10y": 1, "num_citations_10y": 9, "publications_years": {"2011": 1}, "citations_years": {"2012": 4, "2013": 1, "2014": 0, "2015": 1, "2016": 3, "2017": 0, "2018": 0, "2019": 1, "2020": 2}, "old_citations": {"2011": 12}, "isVisible": false}, "2075645905": {"name": "denis v makarov", "type": "author", "activity": 8, "h_index": 2, "h5_index": 1, "mag_id": "2075645905", "num_publications": 1, "num_citations": 12, "num_publications_5y": 0, "num_citations_5y": 4, "num_publications_10y": 1, "num_citations_10y": 9, "publications_years": {"2011": 1}, "citations_years": {"2012": 4, "2013": 1, "2014": 0, "2015": 1, "2016": 3, "2017": 0, "2018": 0, "2019": 1, "2020": 2}, "old_citations": {"2011": 12}, "isVisible": false}, "2077686239": {"name": "gennady s zinoviev", "type": "author", "activity": 15, "h_index": 3, "h5_index": 1, "mag_id": "2077686239", "num_publications": 1, "num_citations": 14, "num_publications_5y": 0, "num_citations_5y": 10, "num_publications_10y": 1, "num_citations_10y": 14, "publications_years": {"2011": 1}, "citations_years": {"2012": 4, "2013": 0, "2014": 1, "2015": 2, "2016": 4, "2017": 3}, "old_citations": {"2011": 14}, "isVisible": false}, "2080985091": {"name": "pyotr v khokhlov", "type": "author", "activity": 1, "h_index": 0, "h5_index": 0, "mag_id": "2080985091", "num_publications": 1, "num_citations": 0, "num_publications_5y": 0, "num_citations_5y": 0, "num_publications_10y": 1, "num_citations_10y": 0, "publications_years": {"2009": 1}, "citations_years": {}, "old_citations": {"2009": 0}, "isVisible": false}, "2091996784": {"name": "denis kleyko", "type": "author", "activity": 11, "h_index": 9, "h5_index": 6, "mag_id": "2091996784", "num_publications": 1, "num_citations": 0, "num_publications_5y": 0, "num_citations_5y": 0, "num_publications_10y": 1, "num_citations_10y": 0, "publications_years": {"2010": 1}, "citations_years": {}, "old_citations": {"2010": 0}, "isVisible": false}, "2100791006": {"name": "vladimir u kostin", "type": "author", "activity": 1, "h_index": 1, "h5_index": 0, "mag_id": "2100791006", "num_publications": 1, "num_citations": 3, "num_publications_5y": 0, "num_citations_5y": 0, "num_publications_10y": 1, "num_citations_10y": 3, "publications_years": {"2010": 1}, "citations_years": {"2011": 1, "2012": 0, "2013": 2}, "old_citations": {"2010": 3}, "isVisible": false}, "2107939668": {"name": "andrey n pavlov", "type": "author", "activity": 13, "h_index": 2, "h5_index": 2, "mag_id": "2107939668", "num_publications": 1, "num_citations": 2, "num_publications_5y": 0, "num_citations_5y": 2, "num_publications_10y": 1, "num_citations_10y": 2, "publications_years": {"2009": 1}, "citations_years": {"2015": 1, "2016": 1}, "old_citations": {"2009": 2}, "isVisible": false}, "2115482760": {"name": "alexander g cherevko", "type": "author", "activity": 1, "h_index": 0, "h5_index": 0, "mag_id": "2115482760", "num_publications": 1, "num_citations": 0, "num_publications_5y": 0, "num_citations_5y": 0, "num_publications_10y": 1, "num_citations_10y": 0, "publications_years": {"2011": 1}, "citations_years": {}, "old_citations": {"2011": 0}, "isVisible": false}, "2120963727": {"name": "valery g efimov", "type": "author", "activity": 1, "h_index": 0, "h5_index": 0, "mag_id": "2120963727", "num_publications": 1, "num_citations": 0, "num_publications_5y": 0, "num_citations_5y": 0, "num_publications_10y": 1, "num_citations_10y": 0, "publications_years": {"2010": 1}, "citations_years": {}, "old_citations": {"2010": 0}, "isVisible": false}, "2152676386": {"name": "viktor n naumov", "type": "author", "activity": 1, "h_index": 0, "h5_index": 0, "mag_id": "2152676386", "num_publications": 1, "num_citations": 0, "num_publications_5y": 0, "num_citations_5y": 0, "num_publications_10y": 1, "num_citations_10y": 0, "publications_years": {"2011": 1}, "citations_years": {}, "old_citations": {"2011": 0}, "isVisible": false}, "2224385588": {"name": "mikhail s zharikov", "type": "author", "activity": 1, "h_index": 0, "h5_index": 0, "mag_id": "2224385588", "num_publications": 1, "num_citations": 0, "num_publications_5y": 0, "num_citations_5y": 0, "num_publications_10y": 1, "num_citations_10y": 0, "publications_years": {"2011": 1}, "citations_years": {}, "old_citations": {"2011": 0}, "isVisible": false}, "2224640633": {"name": "natalia a bystritskaya", "type": "author", "activity": 1, "h_index": 1, "h5_index": 0, "mag_id": "2224640633", "num_publications": 1, "num_citations": 2, "num_publications_5y": 0, "num_citations_5y": 1, "num_publications_10y": 1, "num_citations_10y": 2, "publications_years": {"2010": 1}, "citations_years": {"2011": 1, "2012": 0, "2013": 0, "2014": 0, "2015": 0, "2016": 1}, "old_citations": {"2010": 2}, "isVisible": false}, "2227404810": {"name": "konstantin a bykov", "type": "author", "activity": 1, "h_index": 0, "h5_index": 0, "mag_id": "2227404810", "num_publications": 1, "num_citations": 0, "num_publications_5y": 0, "num_citations_5y": 0, "num_publications_10y": 1, "num_citations_10y": 0, "publications_years": {"2010": 1}, "citations_years": {}, "old_citations": {"2010": 0}, "isVisible": false}, "2227704701": {"name": "dmitry a korotkov", "type": "author", "activity": 1, "h_index": 1, "h5_index": 0, "mag_id": "2227704701", "num_publications": 1, "num_citations": 1, "num_publications_5y": 0, "num_citations_5y": 1, "num_publications_10y": 1, "num_citations_10y": 1, "publications_years": {"2011": 1}, "citations_years": {"2014": 1}, "old_citations": {"2011": 1}, "isVisible": false}, "2227920668": {"name": "m v trigub", "type": "author", "activity": 8, "h_index": 1, "h5_index": 0, "mag_id": "2227920668", "num_publications": 1, "num_citations": 1, "num_publications_5y": 0, "num_citations_5y": 1, "num_publications_10y": 1, "num_citations_10y": 1, "publications_years": {"2011": 1}, "citations_years": {"2014": 1}, "old_citations": {"2011": 1}, "isVisible": false}, "2228159528": {"name": "aleksey k rakitin", "type": "author", "activity": 1, "h_index": 1, "h5_index": 0, "mag_id": "2228159528", "num_publications": 1, "num_citations": 1, "num_publications_5y": 0, "num_citations_5y": 1, "num_publications_10y": 1, "num_citations_10y": 1, "publications_years": {"2011": 1}, "citations_years": {"2015": 1}, "old_citations": {"2011": 1}, "isVisible": false}, "2228439424": {"name": "ilia a smolyannikov", "type": "author", "activity": 1, "h_index": 1, "h5_index": 0, "mag_id": "2228439424", "num_publications": 1, "num_citations": 2, "num_publications_5y": 0, "num_citations_5y": 1, "num_publications_10y": 1, "num_citations_10y": 2, "publications_years": {"2010": 1}, "citations_years": {"2011": 1, "2012": 0, "2013": 0, "2014": 0, "2015": 0, "2016": 1}, "old_citations": {"2010": 2}, "isVisible": false}, "2228724656": {"name": "vladimir b sholskiy", "type": "author", "activity": 1, "h_index": 0, "h5_index": 0, "mag_id": "2228724656", "num_publications": 1, "num_citations": 0, "num_publications_5y": 0, "num_citations_5y": 0, "num_publications_10y": 1, "num_citations_10y": 0, "publications_years": {"2011": 1}, "citations_years": {}, "old_citations": {"2011": 0}, "isVisible": false}, "2229748892": {"name": "denis v matyushin", "type": "author", "activity": 1, "h_index": 0, "h5_index": 0, "mag_id": "2229748892", "num_publications": 1, "num_citations": 0, "num_publications_5y": 0, "num_citations_5y": 0, "num_publications_10y": 1, "num_citations_10y": 0, "publications_years": {"2011": 1}, "citations_years": {}, "old_citations": {"2011": 0}, "isVisible": false}, "2230405571": {"name": "denis d privalov", "type": "author", "activity": 1, "h_index": 0, "h5_index": 0, "mag_id": "2230405571", "num_publications": 1, "num_citations": 0, "num_publications_5y": 0, "num_citations_5y": 0, "num_publications_10y": 1, "num_citations_10y": 0, "publications_years": {"2010": 1}, "citations_years": {}, "old_citations": {"2010": 0}, "isVisible": false}, "2230877568": {"name": "ivan a obolonin", "type": "author", "activity": 1, "h_index": 0, "h5_index": 0, "mag_id": "2230877568", "num_publications": 1, "num_citations": 0, "num_publications_5y": 0, "num_citations_5y": 0, "num_publications_10y": 1, "num_citations_10y": 0, "publications_years": {"2009": 1}, "citations_years": {}, "old_citations": {"2009": 0}, "isVisible": false}, "2231480987": {"name": "mikhail s likhachev", "type": "author", "activity": 1, "h_index": 0, "h5_index": 0, "mag_id": "2231480987", "num_publications": 1, "num_citations": 0, "num_publications_5y": 0, "num_citations_5y": 0, "num_publications_10y": 1, "num_citations_10y": 0, "publications_years": {"2010": 1}, "citations_years": {}, "old_citations": {"2010": 0}, "isVisible": false}, "2231490641": {"name": "ekaterina v shulepova", "type": "author", "activity": 1, "h_index": 0, "h5_index": 0, "mag_id": "2231490641", "num_publications": 1, "num_citations": 0, "num_publications_5y": 0, "num_citations_5y": 0, "num_publications_10y": 1, "num_citations_10y": 0, "publications_years": {"2009": 1}, "citations_years": {}, "old_citations": {"2009": 0}, "isVisible": false}, "2232134172": {"name": "natalya a rygovskaya", "type": "author", "activity": 1, "h_index": 0, "h5_index": 0, "mag_id": "2232134172", "num_publications": 1, "num_citations": 0, "num_publications_5y": 0, "num_citations_5y": 0, "num_publications_10y": 1, "num_citations_10y": 0, "publications_years": {"2009": 1}, "citations_years": {}, "old_citations": {"2009": 0}, "isVisible": false}, "2232572861": {"name": "eugene v ilchenko", "type": "author", "activity": 1, "h_index": 1, "h5_index": 0, "mag_id": "2232572861", "num_publications": 1, "num_citations": 2, "num_publications_5y": 0, "num_citations_5y": 2, "num_publications_10y": 1, "num_citations_10y": 2, "publications_years": {"2011": 1}, "citations_years": {"2016": 2}, "old_citations": {"2011": 2}, "isVisible": false}, "2273306586": {"name": "alexander a spector", "type": "author", "activity": 1, "h_index": 0, "h5_index": 0, "mag_id": "2273306586", "num_publications": 1, "num_citations": 0, "num_publications_5y": 0, "num_citations_5y": 0, "num_publications_10y": 1, "num_citations_10y": 0, "publications_years": {"2009": 1}, "citations_years": {}, "old_citations": {"2009": 0}, "isVisible": false}, "2286554112": {"name": "ainur k shauerman", "type": "author", "activity": 1, "h_index": 1, "h5_index": 0, "mag_id": "2286554112", "num_publications": 1, "num_citations": 6, "num_publications_5y": 0, "num_citations_5y": 5, "num_publications_10y": 1, "num_citations_10y": 6, "publications_years": {"2010": 1}, "citations_years": {"2012": 1, "2013": 0, "2014": 2, "2015": 1, "2016": 1, "2017": 1}, "old_citations": {"2010": 6}, "isVisible": false}, "2304438587": {"name": "gennadiy s evtushenko", "type": "author", "activity": 6, "h_index": 1, "h5_index": 0, "mag_id": "2304438587", "num_publications": 1, "num_citations": 1, "num_publications_5y": 0, "num_citations_5y": 1, "num_publications_10y": 1, "num_citations_10y": 1, "publications_years": {"2011": 1}, "citations_years": {"2014": 1}, "old_citations": {"2011": 1}, "isVisible": false}, "2305347971": {"name": "andrey v shalunov", "type": "author", "activity": 5, "h_index": 3, "h5_index": 0, "mag_id": "2305347971", "num_publications": 1, "num_citations": 2, "num_publications_5y": 0, "num_citations_5y": 2, "num_publications_10y": 1, "num_citations_10y": 2, "publications_years": {"2011": 1}, "citations_years": {"2016": 2}, "old_citations": {"2011": 2}, "isVisible": false}, "2307602595": {"name": "dmitry v genne", "type": "author", "activity": 9, "h_index": 1, "h5_index": 0, "mag_id": "2307602595", "num_publications": 1, "num_citations": 2, "num_publications_5y": 0, "num_citations_5y": 2, "num_publications_10y": 1, "num_citations_10y": 2, "publications_years": {"2011": 1}, "citations_years": {"2016": 2}, "old_citations": {"2011": 2}, "isVisible": false}, "2307688706": {"name": "sergey i kurganskii", "type": "author", "activity": 1, "h_index": 1, "h5_index": 0, "mag_id": "2307688706", "num_publications": 1, "num_citations": 2, "num_publications_5y": 0, "num_citations_5y": 1, "num_publications_10y": 1, "num_citations_10y": 2, "publications_years": {"2010": 1}, "citations_years": {"2011": 1, "2012": 0, "2013": 0, "2014": 0, "2015": 0, "2016": 1}, "old_citations": {"2010": 2}, "isVisible": false}, "2309321538": {"name": "ekaterina v berestova", "type": "author", "activity": 1, "h_index": 1, "h5_index": 0, "mag_id": "2309321538", "num_publications": 1, "num_citations": 2, "num_publications_5y": 0, "num_citations_5y": 2, "num_publications_10y": 1, "num_citations_10y": 2, "publications_years": {"2009": 1}, "citations_years": {"2015": 1, "2016": 1}, "old_citations": {"2009": 2}, "isVisible": false}, "2315112422": {"name": "pavel s khabarov", "type": "author", "activity": 1, "h_index": 0, "h5_index": 0, "mag_id": "2315112422", "num_publications": 1, "num_citations": 0, "num_publications_5y": 0, "num_citations_5y": 0, "num_publications_10y": 1, "num_citations_10y": 0, "publications_years": {"2010": 1}, "citations_years": {}, "old_citations": {"2010": 0}, "isVisible": false}, "2315507676": {"name": "vasily d lys", "type": "author", "activity": 1, "h_index": 0, "h5_index": 0, "mag_id": "2315507676", "num_publications": 1, "num_citations": 0, "num_publications_5y": 0, "num_citations_5y": 0, "num_publications_10y": 1, "num_citations_10y": 0, "publications_years": {"2010": 1}, "citations_years": {}, "old_citations": {"2010": 0}, "isVisible": false}, "2317290665": {"name": "dmitry l shlemin", "type": "author", "activity": 1, "h_index": 0, "h5_index": 0, "mag_id": "2317290665", "num_publications": 1, "num_citations": 0, "num_publications_5y": 0, "num_citations_5y": 0, "num_publications_10y": 1, "num_citations_10y": 0, "publications_years": {"2010": 1}, "citations_years": {}, "old_citations": {"2010": 0}, "isVisible": false}, "2404041079": {"name": "denis v gerasimov", "type": "author", "activity": 2, "h_index": 1, "h5_index": 0, "mag_id": "2404041079", "num_publications": 1, "num_citations": 2, "num_publications_5y": 0, "num_citations_5y": 2, "num_publications_10y": 1, "num_citations_10y": 2, "publications_years": {"2009": 1}, "citations_years": {"2015": 1, "2016": 1}, "old_citations": {"2009": 2}, "isVisible": false}, "2422839721": {"name": "svetlana g filatova", "type": "author", "activity": 8, "h_index": 0, "h5_index": 0, "mag_id": "2422839721", "num_publications": 1, "num_citations": 0, "num_publications_5y": 0, "num_citations_5y": 0, "num_publications_10y": 1, "num_citations_10y": 0, "publications_years": {"2009": 1}, "citations_years": {}, "old_citations": {"2009": 0}, "isVisible": false}, "2424076877": {"name": "artem a gordeev", "type": "author", "activity": 1, "h_index": 1, "h5_index": 0, "mag_id": "2424076877", "num_publications": 1, "num_citations": 14, "num_publications_5y": 0, "num_citations_5y": 10, "num_publications_10y": 1, "num_citations_10y": 14, "publications_years": {"2011": 1}, "citations_years": {"2012": 4, "2013": 0, "2014": 1, "2015": 2, "2016": 4, "2017": 3}, "old_citations": {"2011": 14}, "isVisible": false}, "2466272272": {"name": "eugene s povernov", "type": "author", "activity": 7, "h_index": 1, "h5_index": 1, "mag_id": "2466272272", "num_publications": 1, "num_citations": 0, "num_publications_5y": 0, "num_citations_5y": 0, "num_publications_10y": 1, "num_citations_10y": 0, "publications_years": {"2010": 1}, "citations_years": {}, "old_citations": {"2010": 0}, "isVisible": false}, "2487167487": {"name": "aleksander v mikushin", "type": "author", "activity": 1, "h_index": 0, "h5_index": 0, "mag_id": "2487167487", "num_publications": 1, "num_citations": 0, "num_publications_5y": 0, "num_citations_5y": 0, "num_publications_10y": 1, "num_citations_10y": 0, "publications_years": {"2010": 1}, "citations_years": {}, "old_citations": {"2010": 0}, "isVisible": false}, "2640111252": {"name": "alexander v pimenov", "type": "author", "activity": 1, "h_index": 0, "h5_index": 0, "mag_id": "2640111252", "num_publications": 1, "num_citations": 0, "num_publications_5y": 0, "num_citations_5y": 0, "num_publications_10y": 1, "num_citations_10y": 0, "publications_years": {"2010": 1}, "citations_years": {}, "old_citations": {"2010": 0}, "isVisible": false}, "2642199016": {"name": "roman v razumov", "type": "author", "activity": 1, "h_index": 0, "h5_index": 0, "mag_id": "2642199016", "num_publications": 1, "num_citations": 0, "num_publications_5y": 0, "num_citations_5y": 0, "num_publications_10y": 1, "num_citations_10y": 0, "publications_years": {"2010": 1}, "citations_years": {}, "old_citations": {"2010": 0}, "isVisible": false}, "2647211336": {"name": "elena v skripko", "type": "author", "activity": 1, "h_index": 0, "h5_index": 0, "mag_id": "2647211336", "num_publications": 1, "num_citations": 0, "num_publications_5y": 0, "num_citations_5y": 0, "num_publications_10y": 1, "num_citations_10y": 0, "publications_years": {"2010": 1}, "citations_years": {}, "old_citations": {"2010": 0}, "isVisible": false}, "2657598310": {"name": "sergei i kurganskii", "type": "author", "activity": 1, "h_index": 0, "h5_index": 0, "mag_id": "2657598310", "num_publications": 1, "num_citations": 0, "num_publications_5y": 0, "num_citations_5y": 0, "num_publications_10y": 1, "num_citations_10y": 0, "publications_years": {"2011": 1}, "citations_years": {}, "old_citations": {"2011": 0}, "isVisible": false}, "2658222004": {"name": "yuri p lebedev", "type": "author", "activity": 1, "h_index": 0, "h5_index": 0, "mag_id": "2658222004", "num_publications": 1, "num_citations": 0, "num_publications_5y": 0, "num_citations_5y": 0, "num_publications_10y": 1, "num_citations_10y": 0, "publications_years": {"2010": 1}, "citations_years": {}, "old_citations": {"2010": 0}, "isVisible": false}, "2660093179": {"name": "irina s mukhina", "type": "author", "activity": 1, "h_index": 1, "h5_index": 0, "mag_id": "2660093179", "num_publications": 1, "num_citations": 1, "num_publications_5y": 0, "num_citations_5y": 1, "num_publications_10y": 1, "num_citations_10y": 1, "publications_years": {"2010": 1}, "citations_years": {"2015": 1}, "old_citations": {"2010": 1}, "isVisible": false}, "2673408749": {"name": "denis v kleiko", "type": "author", "activity": 1, "h_index": 0, "h5_index": 0, "mag_id": "2673408749", "num_publications": 1, "num_citations": 0, "num_publications_5y": 0, "num_citations_5y": 0, "num_publications_10y": 1, "num_citations_10y": 0, "publications_years": {"2011": 1}, "citations_years": {}, "old_citations": {"2011": 0}, "isVisible": false}, "2679870900": {"name": "alexander v mikushin", "type": "author", "activity": 1, "h_index": 0, "h5_index": 0, "mag_id": "2679870900", "num_publications": 1, "num_citations": 0, "num_publications_5y": 0, "num_citations_5y": 0, "num_publications_10y": 1, "num_citations_10y": 0, "publications_years": {"2011": 1}, "citations_years": {}, "old_citations": {"2011": 0}, "isVisible": false}, "2681661534": {"name": "nikolay n lopatkin", "type": "author", "activity": 1, "h_index": 1, "h5_index": 0, "mag_id": "2681661534", "num_publications": 1, "num_citations": 2, "num_publications_5y": 0, "num_citations_5y": 1, "num_publications_10y": 1, "num_citations_10y": 2, "publications_years": {"2011": 1}, "citations_years": {"2013": 1, "2014": 0, "2015": 0, "2016": 1}, "old_citations": {"2011": 2}, "isVisible": false}, "2683032949": {"name": "ilya d zolotarev", "type": "author", "activity": 1, "h_index": 0, "h5_index": 0, "mag_id": "2683032949", "num_publications": 1, "num_citations": 0, "num_publications_5y": 0, "num_citations_5y": 0, "num_publications_10y": 1, "num_citations_10y": 0, "publications_years": {"2010": 1}, "citations_years": {}, "old_citations": {"2010": 0}, "isVisible": false}, "2684895411": {"name": "sergey a lapshin", "type": "author", "activity": 1, "h_index": 0, "h5_index": 0, "mag_id": "2684895411", "num_publications": 1, "num_citations": 0, "num_publications_5y": 0, "num_citations_5y": 0, "num_publications_10y": 1, "num_citations_10y": 0, "publications_years": {"2010": 1}, "citations_years": {}, "old_citations": {"2010": 0}, "isVisible": false}, "2689884841": {"name": "alexander a kalachikov", "type": "author", "activity": 1, "h_index": 0, "h5_index": 0, "mag_id": "2689884841", "num_publications": 1, "num_citations": 0, "num_publications_5y": 0, "num_citations_5y": 0, "num_publications_10y": 1, "num_citations_10y": 0, "publications_years": {"2010": 1}, "citations_years": {}, "old_citations": {"2010": 0}, "isVisible": false}, "2693590924": {"name": "viktor v bryzgalov", "type": "author", "activity": 1, "h_index": 0, "h5_index": 0, "mag_id": "2693590924", "num_publications": 1, "num_citations": 0, "num_publications_5y": 0, "num_citations_5y": 0, "num_publications_10y": 1, "num_citations_10y": 0, "publications_years": {"2009": 1}, "citations_years": {}, "old_citations": {"2009": 0}, "isVisible": false}, "2698509822": {"name": "valery i sedinin", "type": "author", "activity": 1, "h_index": 0, "h5_index": 0, "mag_id": "2698509822", "num_publications": 1, "num_citations": 0, "num_publications_5y": 0, "num_citations_5y": 0, "num_publications_10y": 1, "num_citations_10y": 0, "publications_years": {"2010": 1}, "citations_years": {}, "old_citations": {"2010": 0}, "isVisible": false}, "2704821256": {"name": "anastasia cherepanova", "type": "author", "activity": 1, "h_index": 1, "h5_index": 0, "mag_id": "2704821256", "num_publications": 1, "num_citations": 1, "num_publications_5y": 0, "num_citations_5y": 1, "num_publications_10y": 1, "num_citations_10y": 1, "publications_years": {"2010": 1}, "citations_years": {"2015": 1}, "old_citations": {"2010": 1}, "isVisible": false}, "2723573849": {"name": "konstantine a bikov", "type": "author", "activity": 1, "h_index": 0, "h5_index": 0, "mag_id": "2723573849", "num_publications": 1, "num_citations": 0, "num_publications_5y": 0, "num_citations_5y": 0, "num_publications_10y": 1, "num_citations_10y": 0, "publications_years": {"2009": 1}, "citations_years": {}, "old_citations": {"2009": 0}, "isVisible": false}, "2776013043": {"name": "fedor a gubarev", "type": "author", "activity": 9, "h_index": 1, "h5_index": 1, "mag_id": "2776013043", "num_publications": 1, "num_citations": 1, "num_publications_5y": 0, "num_citations_5y": 1, "num_publications_10y": 1, "num_citations_10y": 1, "publications_years": {"2011": 1}, "citations_years": {"2014": 1}, "old_citations": {"2011": 1}, "isVisible": false}, "2806340354": {"name": "s n torgaev", "type": "author", "activity": 9, "h_index": 1, "h5_index": 1, "mag_id": "2806340354", "num_publications": 1, "num_citations": 1, "num_publications_5y": 0, "num_citations_5y": 1, "num_publications_10y": 1, "num_citations_10y": 1, "publications_years": {"2011": 1}, "citations_years": {"2014": 1}, "old_citations": {"2011": 1}, "isVisible": false}, "2903183832": {"name": "oleg g melentyev", "type": "author", "activity": 8, "h_index": 0, "h5_index": 0, "mag_id": "2903183832", "num_publications": 1, "num_citations": 0, "num_publications_5y": 0, "num_citations_5y": 0, "num_publications_10y": 1, "num_citations_10y": 0, "publications_years": {"2011": 1}, "citations_years": {}, "old_citations": {"2011": 0}, "isVisible": false}, "2973595090": {"name": "tatyana y krupkina", "type": "author", "activity": 1, "h_index": 0, "h5_index": 0, "mag_id": "2973595090", "num_publications": 1, "num_citations": 0, "num_publications_5y": 0, "num_citations_5y": 0, "num_publications_10y": 1, "num_citations_10y": 0, "publications_years": {"2009": 1}, "citations_years": {}, "old_citations": {"2009": 0}, "isVisible": false}, "2973808525": {"name": "valeriy v pedder", "type": "author", "activity": 1, "h_index": 1, "h5_index": 0, "mag_id": "2973808525", "num_publications": 1, "num_citations": 2, "num_publications_5y": 0, "num_citations_5y": 1, "num_publications_10y": 1, "num_citations_10y": 2, "publications_years": {"2009": 1}, "citations_years": {"2013": 1, "2014": 0, "2015": 1}, "old_citations": {"2009": 2}, "isVisible": false}, "2974077647": {"name": "denis v rodionov", "type": "author", "activity": 1, "h_index": 0, "h5_index": 0, "mag_id": "2974077647", "num_publications": 1, "num_citations": 0, "num_publications_5y": 0, "num_citations_5y": 0, "num_publications_10y": 1, "num_citations_10y": 0, "publications_years": {"2009": 1}, "citations_years": {}, "old_citations": {"2009": 0}, "isVisible": false}}, "countries": {"Russia": {"name": "Russia", "type": "country", "h5_index": 45, "num_publications": 24, "num_citations": 60, "num_publications_5y": 0, "num_citations_5y": 33, "num_publications_10y": 24, "num_citations_10y": 57, "publications_years": {"2010": 9, "2009": 5, "2011": 10}, "citations_years": {"2011": 2, "2012": 15, "2013": 7, "2014": 6, "2015": 6, "2016": 16, "2017": 4, "2018": 1, "2019": 1, "2020": 2}, "old_citations": {"2010": 27, "2009": 2, "2011": 31}, "isVisible": false}}}, "conference_comparison": {"computer science": {}}, "topics_dna": {"publications": {}, "citations": {"normalized": {}, "average": {}}}, "info": {"num_publications": 47, "num_citations": 79.0, "impact_factor": {"2011": 0.0625}, "publications_years": {"2010": 19, "2011": 15, "2009": 13}, "citations_years": {"2010": 3, "2011": 2, "2012": 18, "2013": 10, "2014": 8, "2015": 10, "2016": 19, "2017": 5, "2018": 1, "2019": 1, "2020": 2}, "old_citations": {"2010": 34, "2011": 38, "2009": 7}, "h5_index": 0}, "percentile": {"computer science": {"2010": 56, "2011": 60, "2009": 54}}, "conference_ranking": {"computer science": {"2010": 1859, "2011": 1688, "2009": 1930}}, "academia": {"num_publications": 23, "num_citations": 58, "publications_years": {"2009": 5, "2010": 9, "2011": 9}, "old_citations": {"2009": 2, "2010": 27, "2011": 29}, "num_publications_5y": 0, "num_citations_5y": 0, "num_publications_10y": 9, "num_citations_10y": 29}, "industry": {"num_publications": 0, "num_citations": 0, "publications_years": {}, "old_citations": {}, "num_publications_5y": 0, "num_citations_5y": 0, "num_publications_10y": 0, "num_citations_10y": 0}, "collaborative": {"num_publications": 0, "num_citations": 0, "publications_years": {}, "old_citations": {}, "num_publications_5y": 0, "num_citations_5y": 0, "num_publications_10y": 0, "num_citations_10y": 0}, "conferences": {}, "journals": {}, "organizations": {"publication_overall": ["Novosibirsk State Technical University", "Altai State Technical University", "Novosibirsk State University", "Tomsk State University of Control Systems and Radio-Electronics", "Voronezh State University", "Moscow Institute of Physics and Technology", "Tomsk Polytechnic University"], "citation_overall": ["Novosibirsk State Technical University", "Altai State Technical University", "Voronezh State University", "Tomsk Polytechnic University", "Tomsk State University of Control Systems and Radio-Electronics", "Moscow Institute of Physics and Technology", "Novosibirsk State University"], "publication_10_years": ["Novosibirsk State Technical University", "Altai State Technical University", "Tomsk State University of Control Systems and Radio-Electronics", "Novosibirsk State University", "Tomsk Polytechnic University", "Voronezh State University"], "citation_10_years": ["Novosibirsk State Technical University", "Altai State Technical University", "Tomsk Polytechnic University", "Tomsk State University of Control Systems and Radio-Electronics", "Novosibirsk State University", "Voronezh State University"], "publication_5_years": [], "citation_5_years": []}, "countries": {"publication_overall": ["Russia"], "citation_overall": ["Russia"], "publication_10_years": ["Russia"], "citation_10_years": ["Russia"], "publication_5_years": [], "citation_5_years": []}, "topics": {"publication_overall": ["computer science", "computer systems", "computer networks", "engineering", "mathematics", "telecommunication systems", "communication systems", "signal processing", "wireless telecommunication systems", "computer hardware", "telecommunication networks", "communication channels (information theory)", "signal to noise ratio", "telecommunication traffic", "probability", "sensors", "computer imaging and vision", "data communication systems", "image processing", "signal detection"], "citation_overall": ["computer science", "engineering", "mathematics", "computer hardware", "computer systems", "signal processing", "sensors", "computer networks", "telecommunication systems", "optical fibers", "optical materials", "pulsed laser applications", "communication systems", "computer security", "software", "adders", "computer aided design", "digital arithmetic", "digital signal processing", "frequency multiplying circuits"], "publication_10_years": ["computer science", "computer systems", "computer hardware", "engineering", "computer networks", "mathematics", "signal processing", "communication systems", "telecommunication systems", "wireless telecommunication systems", "sensors", "signal detection", "signal to noise ratio", "communication channels (information theory)", "optical fibers", "telecommunication networks", "antennas", "communication", "field programmable gate arrays (fpga)", "probability"], "citation_10_years": ["computer science", "computer systems", "computer hardware", "engineering", "mathematics", "optical fibers", "optical materials", "sensors", "pulsed laser applications", "computer networks", "computer security", "security of data", "signal processing", "telecommunication systems", "linear matrix inequalities", "matrix algebra", "pulse train", "control systems", "communication systems", "computer imaging and vision"], "publication_5_years": [], "citation_5_years": []}, "main_topics": ["computer science"], "authors": {"publication_overall": ["331486606", "2034670575", "87598149", "1869706324", "1886144542", "1998143958", "2022478080", "2040324079", "2076905019", "2163384821", "2223306798", "2225492358", "2229188545", "2231655325", "2306278599", "2424814302", "2433735778", "2642284924", "2643730454", "2665668439", "2712276425", "8649603", "308821164", "1101419539", "1511526691", "1874505676", "1964872352", "1993947054", "2001593238", "2002626861", "2004749547", "2006587108", "2054404023", "2056024447", "2063734830", "2075645905", "2077686239", "2080985091", "2091996784", "2100791006", "2107939668", "2115482760", "2120963727", "2152676386", "2224385588", "2224640633", "2227404810", "2227704701", "2227920668", "2228159528", "2228439424", "2228724656", "2229748892", "2230405571", "2230877568", "2231480987", "2231490641", "2232134172", "2232572861", "2273306586", "2286554112", "2304438587", "2305347971", "2307602595", "2307688706", "2309321538", "2315112422", "2315507676", "2317290665", "2404041079", "2422839721", "2424076877", "2466272272", "2487167487", "2640111252", "2642199016", "2647211336", "2657598310", "2658222004", "2660093179", "2673408749", "2679870900", "2681661534", "2683032949", "2684895411", "2689884841", "2693590924", "2698509822", "2704821256", "2723573849", "2776013043", "2806340354", "2903183832", "2973595090", "2973808525", "2974077647"], "citation_overall": ["2424814302", "2001593238", "2077686239", "2424076877", "1993947054", "2002626861", "2054404023", "2063734830", "2075645905", "2034670575", "2286554112", "2712276425", "87598149", "2022478080", "2306278599", "1101419539", "1511526691", "2056024447", "2100791006", "2665668439", "331486606", "1869706324", "1874505676", "2107939668", "2224640633", "2228439424", "2232572861", "2305347971", "2307602595", "2307688706", "2309321538", "2404041079", "2681661534", "2973808525", "8649603", "2227704701", "2227920668", "2228159528", "2229188545", "2231655325", "2304438587", "2433735778", "2642284924", "2660093179", "2704821256", "2776013043", "2806340354", "308821164", "1886144542", "1964872352", "1998143958", "2004749547", "2006587108", "2040324079", "2076905019", "2080985091", "2091996784", "2115482760", "2120963727", "2152676386", "2163384821", "2223306798", "2224385588", "2225492358", "2227404810", "2228724656", "2229748892", "2230405571", "2230877568", "2231480987", "2231490641", "2232134172", "2273306586", "2315112422", "2315507676", "2317290665", "2422839721", "2466272272", "2487167487", "2640111252", "2642199016", "2643730454", "2647211336", "2657598310", "2658222004", "2673408749", "2679870900", "2683032949", "2684895411", "2689884841", "2693590924", "2698509822", "2723573849", "2903183832", "2973595090", "2974077647"], "publication_10_years": ["2229188545", "2231655325", "2433735778", "2642284924", "8649603", "87598149", "331486606", "1869706324", "1886144542", "1993947054", "2001593238", "2002626861", "2006587108", "2022478080", "2034670575", "2054404023", "2063734830", "2075645905", "2077686239", "2115482760", "2152676386", "2163384821", "2223306798", "2224385588", "2225492358", "2227704701", "2227920668", "2228159528", "2228724656", "2229748892", "2232572861", "2304438587", "2305347971", "2306278599", "2307602595", "2424076877", "2643730454", "2657598310", "2673408749", "2679870900", "2681661534", "2712276425", "2776013043", "2806340354", "2903183832"], "citation_10_years": ["2001593238", "2077686239", "2424076877", "1993947054", "2002626861", "2054404023", "2063734830", "2075645905", "2712276425", "87598149", "2022478080", "2232572861", "2305347971", "2306278599", "2307602595", "2681661534", "8649603", "2227704701", "2227920668", "2228159528", "2229188545", "2231655325", "2304438587", "2433735778", "2642284924", "2776013043", "2806340354", "331486606", "1869706324", "1886144542", "2006587108", "2034670575", "2115482760", "2152676386", "2163384821", "2223306798", "2224385588", "2225492358", "2228724656", "2229748892", "2643730454", "2657598310", "2673408749", "2679870900", "2903183832"], "publication_5_years": [], "citation_5_years": []}, "industrial_sectors": {"publication_overall": [], "citation_overall": [], "publication_10_years": [], "citation_10_years": [], "publication_5_years": [], "citation_5_years": []}}