{"name": "International conference on Mathematics of neural networks : models, algorithms and applications: models, algorithms and applications", "acronym": "MANNA", "type": "conference", "uniqueEntities": {"organizations": {"Aston University": {"name": "Aston University", "type": "organization", "organization_type": "Education", "h_index": 64, "h5_index": 23, "num_publications": 2, "num_citations": 44, "num_publications_5y": 0, "num_citations_5y": 11, "num_publications_10y": 0, "num_citations_10y": 23, "publications_years": {"1997": 2}, "citations_years": {"1994": 1, "1995": 2, "1996": 2, "1997": 1, "1998": 3, "1999": 1, "2000": 2, "2001": 0, "2002": 1, "2003": 3, "2004": 1, "2005": 1, "2006": 1, "2007": 2, "2008": 0, "2009": 3, "2010": 4, "2011": 1, "2012": 3, "2013": 1, "2014": 2, "2015": 0, "2016": 3, "2017": 3, "2018": 3}, "old_citations": {"1997": 44}, "isVisible": false}, "Bielefeld University": {"name": "Bielefeld University", "type": "organization", "organization_type": "Education", "h_index": 68, "h5_index": 19, "num_publications": 2, "num_citations": 1, "num_publications_5y": 0, "num_citations_5y": 0, "num_publications_10y": 0, "num_citations_10y": 0, "publications_years": {"1997": 2}, "citations_years": {"2007": 1}, "old_citations": {"1997": 1}, "isVisible": false}, "King's College London": {"name": "King's College London", "type": "organization", "organization_type": "Education", "h_index": 110, "h5_index": 41, "num_publications": 2, "num_citations": 3, "num_publications_5y": 0, "num_citations_5y": 0, "num_publications_10y": 0, "num_citations_10y": 1, "publications_years": {"1997": 2}, "citations_years": {"1996": 1, "1997": 1, "1998": 0, "1999": 0, "2000": 0, "2001": 0, "2002": 0, "2003": 0, "2004": 0, "2005": 0, "2006": 0, "2007": 0, "2008": 0, "2009": 0, "2010": 0, "2011": 0, "2012": 0, "2013": 1}, "old_citations": {"1997": 3}, "isVisible": false}, "University of Cambridge": {"name": "University of Cambridge", "type": "organization", "organization_type": "Education", "h_index": 250, "h5_index": 62, "num_publications": 2, "num_citations": 2, "num_publications_5y": 0, "num_citations_5y": 0, "num_publications_10y": 0, "num_citations_10y": 0, "publications_years": {"1997": 2}, "citations_years": {"1997": 1, "1998": 0, "1999": 0, "2000": 1}, "old_citations": {"1997": 2}, "isVisible": false}, "University of Edinburgh": {"name": "University of Edinburgh", "type": "organization", "organization_type": "Education", "h_index": 198, "h5_index": 57, "num_publications": 2, "num_citations": 1, "num_publications_5y": 0, "num_citations_5y": 0, "num_publications_10y": 0, "num_citations_10y": 0, "publications_years": {"1997": 2}, "citations_years": {"2007": 1}, "old_citations": {"1997": 1}, "isVisible": false}, "University of Glasgow": {"name": "University of Glasgow", "type": "organization", "organization_type": "Education", "h_index": 129, "h5_index": 33, "num_publications": 2, "num_citations": 1, "num_publications_5y": 0, "num_citations_5y": 0, "num_publications_10y": 0, "num_citations_10y": 0, "publications_years": {"1997": 2}, "citations_years": {"2004": 1}, "old_citations": {"1997": 1}, "isVisible": false}, "Agricultural University of Athens": {"name": "Agricultural University of Athens", "type": "organization", "organization_type": "Education", "h_index": 20, "h5_index": 5, "num_publications": 1, "num_citations": 2, "num_publications_5y": 0, "num_citations_5y": 0, "num_publications_10y": 0, "num_citations_10y": 0, "publications_years": {"1997": 1}, "citations_years": {"1999": 1, "2000": 1}, "old_citations": {"1997": 2}, "isVisible": false}, "BT Research": {"name": "BT Research", "type": "organization", "organization_type": "Company", "h_index": 23, "h5_index": 8, "num_publications": 1, "num_citations": 0, "num_publications_5y": 0, "num_citations_5y": 0, "num_publications_10y": 0, "num_citations_10y": 0, "publications_years": {"1997": 1}, "citations_years": {}, "old_citations": {"1997": 0}, "isVisible": false}, "Boston University": {"name": "Boston University", "type": "organization", "organization_type": "Education", "h_index": 172, "h5_index": 42, "num_publications": 1, "num_citations": 0, "num_publications_5y": 0, "num_citations_5y": 0, "num_publications_10y": 0, "num_citations_10y": 0, "publications_years": {"1997": 1}, "citations_years": {}, "old_citations": {"1997": 0}, "isVisible": false}, "Brock University": {"name": "Brock University", "type": "organization", "organization_type": "Education", "h_index": 31, "h5_index": 11, "num_publications": 1, "num_citations": 0, "num_publications_5y": 0, "num_citations_5y": 0, "num_publications_10y": 0, "num_citations_10y": 0, "publications_years": {"1997": 1}, "citations_years": {}, "old_citations": {"1997": 0}, "isVisible": false}, "Erasmus University Rotterdam": {"name": "Erasmus University Rotterdam", "type": "organization", "organization_type": "Education", "h_index": 84, "h5_index": 22, "num_publications": 1, "num_citations": 2, "num_publications_5y": 0, "num_citations_5y": 0, "num_publications_10y": 0, "num_citations_10y": 0, "publications_years": {"1997": 1}, "citations_years": {"2000": 1, "2001": 0, "2002": 0, "2003": 0, "2004": 0, "2005": 0, "2006": 1}, "old_citations": {"1997": 2}, "isVisible": false}, "Inserm": {"name": "Inserm", "type": "organization", "organization_type": "Government", "h_index": 74, "h5_index": 24, "num_publications": 1, "num_citations": 1, "num_publications_5y": 0, "num_citations_5y": 0, "num_publications_10y": 0, "num_citations_10y": 0, "publications_years": {"1997": 1}, "citations_years": {"2007": 1}, "old_citations": {"1997": 1}, "isVisible": false}, "Kirtland Air Force Base": {"name": "Kirtland Air Force Base", "type": "organization", "organization_type": "Other", "h_index": 1, "h5_index": 0, "num_publications": 1, "num_citations": 0, "num_publications_5y": 0, "num_citations_5y": 0, "num_publications_10y": 0, "num_citations_10y": 0, "publications_years": {"1997": 1}, "citations_years": {}, "old_citations": {"1997": 0}, "isVisible": false}, "London South Bank University": {"name": "London South Bank University", "type": "organization", "organization_type": "Education", "h_index": 34, "h5_index": 10, "num_publications": 1, "num_citations": 0, "num_publications_5y": 0, "num_citations_5y": 0, "num_publications_10y": 0, "num_citations_10y": 0, "publications_years": {"1997": 1}, "citations_years": {}, "old_citations": {"1997": 0}, "isVisible": false}, "Los Alamos National Laboratory": {"name": "Los Alamos National Laboratory", "type": "organization", "organization_type": "Facility", "h_index": 115, "h5_index": 25, "num_publications": 1, "num_citations": 8, "num_publications_5y": 0, "num_citations_5y": 1, "num_publications_10y": 0, "num_citations_10y": 1, "publications_years": {"1997": 1}, "citations_years": {"1996": 2, "1997": 0, "1998": 4, "1999": 0, "2000": 0, "2001": 0, "2002": 1, "2003": 0, "2004": 0, "2005": 0, "2006": 0, "2007": 0, "2008": 0, "2009": 0, "2010": 0, "2011": 0, "2012": 0, "2013": 0, "2014": 0, "2015": 1}, "old_citations": {"1997": 8}, "isVisible": false}, "Loughborough University": {"name": "Loughborough University", "type": "organization", "organization_type": "Education", "h_index": 87, "h5_index": 25, "num_publications": 1, "num_citations": 0, "num_publications_5y": 0, "num_citations_5y": 0, "num_publications_10y": 0, "num_citations_10y": 0, "publications_years": {"1997": 1}, "citations_years": {}, "old_citations": {"1997": 0}, "isVisible": false}, "Morgan State University": {"name": "Morgan State University", "type": "organization", "organization_type": "Education", "h_index": 19, "h5_index": 6, "num_publications": 1, "num_citations": 2, "num_publications_5y": 0, "num_citations_5y": 0, "num_publications_10y": 0, "num_citations_10y": 0, "publications_years": {"1997": 1}, "citations_years": {"1997": 1, "1998": 0, "1999": 0, "2000": 0, "2001": 0, "2002": 0, "2003": 0, "2004": 0, "2005": 0, "2006": 0, "2007": 1}, "old_citations": {"1997": 2}, "isVisible": false}, "National Chengchi University": {"name": "National Chengchi University", "type": "organization", "organization_type": "Education", "h_index": 50, "h5_index": 13, "num_publications": 1, "num_citations": 6, "num_publications_5y": 0, "num_citations_5y": 0, "num_publications_10y": 0, "num_citations_10y": 1, "publications_years": {"1997": 1}, "citations_years": {"1998": 2, "1999": 0, "2000": 1, "2001": 0, "2002": 0, "2003": 1, "2004": 0, "2005": 0, "2006": 0, "2007": 1, "2008": 0, "2009": 1}, "old_citations": {"1997": 6}, "isVisible": false}, "National University of Singapore": {"name": "National University of Singapore", "type": "organization", "organization_type": "Education", "h_index": 219, "h5_index": 81, "num_publications": 1, "num_citations": 0, "num_publications_5y": 0, "num_citations_5y": 0, "num_publications_10y": 0, "num_citations_10y": 0, "publications_years": {"1997": 1}, "citations_years": {}, "old_citations": {"1997": 0}, "isVisible": false}, "Newcastle University": {"name": "Newcastle University", "type": "organization", "organization_type": "Education", "h_index": 85, "h5_index": 37, "num_publications": 1, "num_citations": 0, "num_publications_5y": 0, "num_citations_5y": 0, "num_publications_10y": 0, "num_citations_10y": 0, "publications_years": {"1997": 1}, "citations_years": {}, "old_citations": {"1997": 0}, "isVisible": false}, "Salk Institute for Biological Studies": {"name": "Salk Institute for Biological Studies", "type": "organization", "organization_type": "Nonprofit", "h_index": 53, "h5_index": 8, "num_publications": 1, "num_citations": 2, "num_publications_5y": 0, "num_citations_5y": 0, "num_publications_10y": 0, "num_citations_10y": 0, "publications_years": {"1997": 1}, "citations_years": {"2001": 1, "2002": 1}, "old_citations": {"1997": 2}, "isVisible": false}, "Stanford University": {"name": "Stanford University", "type": "organization", "organization_type": "Education", "h_index": 472, "h5_index": 120, "num_publications": 1, "num_citations": 0, "num_publications_5y": 0, "num_citations_5y": 0, "num_publications_10y": 0, "num_citations_10y": 0, "publications_years": {"1997": 1}, "citations_years": {}, "old_citations": {"1997": 0}, "isVisible": false}, "Tokyo Institute of Technology": {"name": "Tokyo Institute of Technology", "type": "organization", "organization_type": "Education", "h_index": 104, "h5_index": 29, "num_publications": 1, "num_citations": 3, "num_publications_5y": 0, "num_citations_5y": 0, "num_publications_10y": 0, "num_citations_10y": 0, "publications_years": {"1997": 1}, "citations_years": {"1999": 2, "2000": 0, "2001": 0, "2002": 0, "2003": 1}, "old_citations": {"1997": 3}, "isVisible": false}, "Towson University": {"name": "Towson University", "type": "organization", "organization_type": "Education", "h_index": 42, "h5_index": 17, "num_publications": 1, "num_citations": 0, "num_publications_5y": 0, "num_citations_5y": 0, "num_publications_10y": 0, "num_citations_10y": 0, "publications_years": {"1997": 1}, "citations_years": {}, "old_citations": {"1997": 0}, "isVisible": false}, "United States Naval Academy": {"name": "United States Naval Academy", "type": "organization", "organization_type": "Education", "h_index": 45, "h5_index": 16, "num_publications": 1, "num_citations": 0, "num_publications_5y": 0, "num_citations_5y": 0, "num_publications_10y": 0, "num_citations_10y": 0, "publications_years": {"1997": 1}, "citations_years": {}, "old_citations": {"1997": 0}, "isVisible": false}, "University of Brighton": {"name": "University of Brighton", "type": "organization", "organization_type": "Education", "h_index": 52, "h5_index": 13, "num_publications": 1, "num_citations": 1, "num_publications_5y": 0, "num_citations_5y": 0, "num_publications_10y": 0, "num_citations_10y": 0, "publications_years": {"1997": 1}, "citations_years": {"2020": 1}, "old_citations": {"1997": 1}, "isVisible": false}, "University of California, Berkeley": {"name": "University of California, Berkeley", "type": "organization", "organization_type": "Education", "h_index": 452, "h5_index": 107, "num_publications": 1, "num_citations": 1, "num_publications_5y": 0, "num_citations_5y": 0, "num_publications_10y": 0, "num_citations_10y": 0, "publications_years": {"1997": 1}, "citations_years": {"1997": 1}, "old_citations": {"1997": 1}, "isVisible": false}, "University of Florence": {"name": "University of Florence", "type": "organization", "organization_type": "Education", "h_index": 82, "h5_index": 24, "num_publications": 1, "num_citations": 3, "num_publications_5y": 0, "num_citations_5y": 0, "num_publications_10y": 0, "num_citations_10y": 0, "publications_years": {"1997": 1}, "citations_years": {"1999": 3}, "old_citations": {"1997": 3}, "isVisible": false}, "University of Geneva": {"name": "University of Geneva", "type": "organization", "organization_type": "Education", "h_index": 103, "h5_index": 20, "num_publications": 1, "num_citations": 0, "num_publications_5y": 0, "num_citations_5y": 0, "num_publications_10y": 0, "num_citations_10y": 0, "publications_years": {"1997": 1}, "citations_years": {}, "old_citations": {"1997": 0}, "isVisible": false}, "University of Guelph": {"name": "University of Guelph", "type": "organization", "organization_type": "Education", "h_index": 69, "h5_index": 24, "num_publications": 1, "num_citations": 0, "num_publications_5y": 0, "num_citations_5y": 0, "num_publications_10y": 0, "num_citations_10y": 0, "publications_years": {"1997": 1}, "citations_years": {}, "old_citations": {"1997": 0}, "isVisible": false}, "University of Hertfordshire": {"name": "University of Hertfordshire", "type": "organization", "organization_type": "Education", "h_index": 76, "h5_index": 16, "num_publications": 1, "num_citations": 5, "num_publications_5y": 0, "num_citations_5y": 0, "num_publications_10y": 0, "num_citations_10y": 0, "publications_years": {"1997": 1}, "citations_years": {"2000": 1, "2001": 0, "2002": 2, "2003": 0, "2004": 0, "2005": 0, "2006": 0, "2007": 0, "2008": 2}, "old_citations": {"1997": 5}, "isVisible": false}, "University of Manchester": {"name": "University of Manchester", "type": "organization", "organization_type": "Education", "h_index": 171, "h5_index": 38, "num_publications": 1, "num_citations": 1, "num_publications_5y": 0, "num_citations_5y": 1, "num_publications_10y": 0, "num_citations_10y": 1, "publications_years": {"1997": 1}, "citations_years": {"2018": 1}, "old_citations": {"1997": 1}, "isVisible": false}, "University of Patras": {"name": "University of Patras", "type": "organization", "organization_type": "Education", "h_index": 86, "h5_index": 20, "num_publications": 1, "num_citations": 12, "num_publications_5y": 0, "num_citations_5y": 3, "num_publications_10y": 0, "num_citations_10y": 4, "publications_years": {"1997": 1}, "citations_years": {"1997": 1, "1998": 0, "1999": 1, "2000": 1, "2001": 2, "2002": 1, "2003": 0, "2004": 0, "2005": 0, "2006": 1, "2007": 0, "2008": 0, "2009": 1, "2010": 0, "2011": 0, "2012": 0, "2013": 0, "2014": 0, "2015": 0, "2016": 0, "2017": 2, "2018": 1, "2019": 1}, "old_citations": {"1997": 12}, "isVisible": false}, "University of Portsmouth": {"name": "University of Portsmouth", "type": "organization", "organization_type": "Education", "h_index": 51, "h5_index": 18, "num_publications": 1, "num_citations": 0, "num_publications_5y": 0, "num_citations_5y": 0, "num_publications_10y": 0, "num_citations_10y": 0, "publications_years": {"1997": 1}, "citations_years": {}, "old_citations": {"1997": 0}, "isVisible": false}, "University of Tokyo": {"name": "University of Tokyo", "type": "organization", "organization_type": "Education", "h_index": 147, "h5_index": 42, "num_publications": 1, "num_citations": 7, "num_publications_5y": 0, "num_citations_5y": 3, "num_publications_10y": 0, "num_citations_10y": 4, "publications_years": {"1997": 1}, "citations_years": {"1999": 1, "2000": 0, "2001": 0, "2002": 0, "2003": 0, "2004": 1, "2005": 0, "2006": 0, "2007": 0, "2008": 0, "2009": 0, "2010": 0, "2011": 0, "2012": 1, "2013": 0, "2014": 0, "2015": 0, "2016": 1, "2017": 1, "2018": 1, "2019": 0, "2020": 1}, "old_citations": {"1997": 7}, "isVisible": false}, "Universit\u00e4t Hamburg": {"name": "Universit\u00e4t Hamburg", "type": "organization", "organization_type": "Education", "h_index": 79, "h5_index": 24, "num_publications": 1, "num_citations": 0, "num_publications_5y": 0, "num_citations_5y": 0, "num_publications_10y": 0, "num_citations_10y": 0, "publications_years": {"1997": 1}, "citations_years": {}, "old_citations": {"1997": 0}, "isVisible": false}}, "topics": {"computer science": {"name": "computer science", "type": "topic", "h_index": 1779, "h5_index": 416, "num_publications": 42, "num_citations": 124, "num_publications_5y": 0, "num_citations_5y": 22, "num_publications_10y": 0, "num_citations_10y": 40, "publications_years": {"1997": 42}, "citations_years": {"2018": 6, "1999": 11, "2000": 8, "2001": 5, "2002": 6, "2003": 7, "2004": 6, "2005": 1, "2006": 3, "2007": 6, "2008": 2, "2009": 5, "2010": 5, "2011": 1, "2012": 4, "2013": 3, "2014": 2, "2015": 2, "2016": 5, "2017": 7, "2019": 1, "2020": 2, "1994": 1, "1995": 2, "1996": 5, "1997": 7, "1998": 11}, "old_citations": {"1997": 124}, "isVisible": false}, "artificial intelligence": {"name": "artificial intelligence", "type": "topic", "h_index": 1421, "h5_index": 373, "num_publications": 38, "num_citations": 118, "num_publications_5y": 0, "num_citations_5y": 22, "num_publications_10y": 0, "num_citations_10y": 40, "publications_years": {"1997": 38}, "citations_years": {"2018": 6, "1999": 8, "2000": 8, "2001": 4, "2002": 5, "2003": 7, "2004": 6, "2005": 1, "2006": 3, "2007": 6, "2008": 2, "2009": 5, "2010": 5, "2011": 1, "2012": 4, "2013": 3, "2014": 2, "2015": 2, "2016": 5, "2017": 7, "2019": 1, "2020": 2, "1994": 1, "1995": 2, "1996": 5, "1997": 6, "1998": 11}, "old_citations": {"1997": 118}, "isVisible": false}, "machine learning": {"name": "machine learning", "type": "topic", "h_index": 1123, "h5_index": 351, "num_publications": 35, "num_citations": 115, "num_publications_5y": 0, "num_citations_5y": 22, "num_publications_10y": 0, "num_citations_10y": 39, "publications_years": {"1997": 35}, "citations_years": {"2018": 6, "1999": 8, "2000": 8, "2001": 4, "2002": 5, "2003": 7, "2004": 6, "2005": 1, "2006": 3, "2007": 6, "2008": 2, "2009": 5, "2010": 5, "2011": 1, "2012": 4, "2013": 2, "2014": 2, "2015": 2, "2016": 5, "2017": 7, "2019": 1, "2020": 2, "1994": 1, "1995": 2, "1996": 4, "1997": 5, "1998": 11}, "old_citations": {"1997": 115}, "isVisible": false}, "neural networks": {"name": "neural networks", "type": "topic", "h_index": 604, "h5_index": 293, "num_publications": 33, "num_citations": 115, "num_publications_5y": 0, "num_citations_5y": 22, "num_publications_10y": 0, "num_citations_10y": 39, "publications_years": {"1997": 33}, "citations_years": {"2018": 6, "1999": 8, "2000": 8, "2001": 4, "2002": 5, "2003": 7, "2004": 6, "2005": 1, "2006": 3, "2007": 6, "2008": 2, "2009": 5, "2010": 5, "2011": 1, "2012": 4, "2013": 2, "2014": 2, "2015": 2, "2016": 5, "2017": 7, "2019": 1, "2020": 2, "1994": 1, "1995": 2, "1996": 4, "1997": 5, "1998": 11}, "old_citations": {"1997": 115}, "isVisible": false}, "computer systems": {"name": "computer systems", "type": "topic", "h_index": 1595, "h5_index": 367, "num_publications": 30, "num_citations": 100, "num_publications_5y": 0, "num_citations_5y": 18, "num_publications_10y": 0, "num_citations_10y": 35, "publications_years": {"1997": 30}, "citations_years": {"2018": 6, "1999": 9, "2000": 7, "2001": 5, "2002": 5, "2003": 5, "2004": 5, "2005": 1, "2006": 3, "2007": 4, "2008": 2, "2009": 5, "2010": 5, "2011": 1, "2012": 4, "2013": 2, "2014": 2, "2015": 0, "2016": 4, "2017": 6, "2019": 1, "2020": 2, "1994": 1, "1995": 2, "1996": 3, "1997": 4, "1998": 6}, "old_citations": {"1997": 100}, "isVisible": false}, "computer networks": {"name": "computer networks", "type": "topic", "h_index": 1262, "h5_index": 332, "num_publications": 29, "num_citations": 99, "num_publications_5y": 0, "num_citations_5y": 19, "num_publications_10y": 0, "num_citations_10y": 35, "publications_years": {"1997": 29}, "citations_years": {"2018": 6, "1999": 8, "2000": 7, "2001": 4, "2002": 3, "2003": 6, "2004": 4, "2005": 1, "2006": 3, "2007": 4, "2008": 0, "2009": 5, "2010": 5, "2011": 1, "2012": 4, "2013": 1, "2014": 2, "2015": 1, "2016": 4, "2017": 6, "2019": 1, "2020": 2, "1994": 1, "1995": 2, "1996": 4, "1997": 4, "1998": 10}, "old_citations": {"1997": 99}, "isVisible": false}, "mathematics": {"name": "mathematics", "type": "topic", "h_index": 1364, "h5_index": 300, "num_publications": 25, "num_citations": 87, "num_publications_5y": 0, "num_citations_5y": 18, "num_publications_10y": 0, "num_citations_10y": 33, "publications_years": {"1997": 25}, "citations_years": {"2018": 5, "1999": 7, "2000": 4, "1994": 1, "1995": 2, "1996": 5, "1997": 5, "1998": 9, "2001": 3, "2002": 4, "2003": 4, "2004": 2, "2005": 1, "2006": 2, "2007": 3, "2008": 0, "2009": 4, "2010": 4, "2011": 1, "2012": 3, "2013": 3, "2014": 2, "2015": 2, "2016": 4, "2017": 5, "2020": 1, "2019": 1}, "old_citations": {"1997": 87}, "isVisible": false}, "network architecture": {"name": "network architecture", "type": "topic", "h_index": 747, "h5_index": 266, "num_publications": 21, "num_citations": 53, "num_publications_5y": 0, "num_citations_5y": 9, "num_publications_10y": 0, "num_citations_10y": 13, "publications_years": {"1997": 21}, "citations_years": {"2018": 3, "1999": 6, "2000": 4, "2001": 4, "2002": 2, "2003": 3, "2004": 3, "2005": 0, "2006": 2, "2007": 2, "2008": 0, "2009": 2, "2010": 1, "2011": 0, "2012": 1, "2013": 0, "2014": 0, "2015": 1, "2016": 1, "2017": 4, "2019": 1, "2020": 1, "1997": 3, "1998": 7, "1996": 2}, "old_citations": {"1997": 53}, "isVisible": false}, "telecommunication systems": {"name": "telecommunication systems", "type": "topic", "h_index": 1187, "h5_index": 277, "num_publications": 16, "num_citations": 77, "num_publications_5y": 0, "num_citations_5y": 17, "num_publications_10y": 0, "num_citations_10y": 32, "publications_years": {"1997": 16}, "citations_years": {"2018": 6, "1999": 6, "2000": 5, "2001": 4, "2002": 2, "2003": 4, "2004": 4, "2005": 1, "2006": 3, "2007": 2, "2008": 0, "2009": 4, "2010": 5, "2011": 1, "2012": 4, "2013": 1, "2014": 2, "2015": 0, "2016": 4, "2017": 5, "2019": 1, "2020": 2, "1994": 1, "1995": 2, "1996": 2, "1997": 2, "1998": 4}, "old_citations": {"1997": 77}, "isVisible": false}, "engineering": {"name": "engineering", "type": "topic", "h_index": 1177, "h5_index": 287, "num_publications": 14, "num_citations": 52, "num_publications_5y": 0, "num_citations_5y": 11, "num_publications_10y": 0, "num_citations_10y": 24, "publications_years": {"1997": 14}, "citations_years": {"2018": 4, "1999": 2, "2000": 4, "1994": 1, "1995": 2, "1996": 3, "1997": 3, "1998": 3, "2001": 0, "2002": 1, "2003": 3, "2004": 1, "2005": 1, "2006": 1, "2007": 2, "2008": 0, "2009": 3, "2010": 4, "2011": 1, "2012": 3, "2013": 2, "2014": 2, "2015": 0, "2016": 3, "2017": 2, "2020": 1}, "old_citations": {"1997": 52}, "isVisible": false}, "communication systems": {"name": "communication systems", "type": "topic", "h_index": 1092, "h5_index": 254, "num_publications": 12, "num_citations": 49, "num_publications_5y": 0, "num_citations_5y": 11, "num_publications_10y": 0, "num_citations_10y": 23, "publications_years": {"1997": 12}, "citations_years": {"2018": 4, "1999": 2, "2000": 4, "1994": 1, "1995": 2, "1996": 2, "1997": 1, "1998": 3, "2001": 0, "2002": 1, "2003": 3, "2004": 1, "2005": 1, "2006": 2, "2007": 2, "2008": 0, "2009": 3, "2010": 4, "2011": 1, "2012": 3, "2013": 1, "2014": 2, "2015": 0, "2016": 3, "2017": 2, "2020": 1}, "old_citations": {"1997": 49}, "isVisible": false}, "feedforward neural networks": {"name": "feedforward neural networks", "type": "topic", "h_index": 271, "h5_index": 117, "num_publications": 12, "num_citations": 28, "num_publications_5y": 0, "num_citations_5y": 7, "num_publications_10y": 0, "num_citations_10y": 9, "publications_years": {"1997": 12}, "citations_years": {"1999": 5, "2000": 1, "2001": 2, "2002": 1, "2003": 1, "2004": 1, "2005": 0, "2006": 1, "2007": 2, "2008": 0, "2009": 1, "2010": 0, "2011": 0, "2012": 1, "2013": 0, "2014": 0, "2015": 0, "2016": 1, "2017": 4, "2018": 2, "2019": 1, "2020": 1, "1997": 2, "1998": 1}, "old_citations": {"1997": 28}, "isVisible": false}, "wireless telecommunication systems": {"name": "wireless telecommunication systems", "type": "topic", "h_index": 1087, "h5_index": 254, "num_publications": 12, "num_citations": 49, "num_publications_5y": 0, "num_citations_5y": 11, "num_publications_10y": 0, "num_citations_10y": 23, "publications_years": {"1997": 12}, "citations_years": {"2018": 4, "1999": 2, "2000": 4, "1994": 1, "1995": 2, "1996": 2, "1997": 1, "1998": 3, "2001": 0, "2002": 1, "2003": 3, "2004": 1, "2005": 1, "2006": 2, "2007": 2, "2008": 0, "2009": 3, "2010": 4, "2011": 1, "2012": 3, "2013": 1, "2014": 2, "2015": 0, "2016": 3, "2017": 2, "2020": 1}, "old_citations": {"1997": 49}, "isVisible": false}, "signal processing": {"name": "signal processing", "type": "topic", "h_index": 1012, "h5_index": 255, "num_publications": 11, "num_citations": 50, "num_publications_5y": 0, "num_citations_5y": 11, "num_publications_10y": 0, "num_citations_10y": 24, "publications_years": {"1997": 11}, "citations_years": {"2018": 4, "1994": 1, "1995": 2, "1996": 3, "1997": 3, "1998": 3, "1999": 1, "2000": 3, "2001": 0, "2002": 1, "2003": 3, "2004": 1, "2005": 1, "2006": 1, "2007": 2, "2008": 0, "2009": 3, "2010": 4, "2011": 1, "2012": 3, "2013": 2, "2014": 2, "2015": 0, "2016": 3, "2017": 2, "2020": 1}, "old_citations": {"1997": 50}, "isVisible": false}, "computer hardware": {"name": "computer hardware", "type": "topic", "h_index": 1150, "h5_index": 279, "num_publications": 10, "num_citations": 18, "num_publications_5y": 0, "num_citations_5y": 1, "num_publications_10y": 0, "num_citations_10y": 1, "publications_years": {"1997": 10}, "citations_years": {"1999": 1, "2000": 2, "2001": 1, "2002": 4, "2003": 0, "2004": 0, "2005": 0, "2006": 0, "2007": 0, "2008": 2, "1996": 2, "1997": 1, "1998": 4, "2009": 0, "2010": 0, "2011": 0, "2012": 0, "2013": 0, "2014": 0, "2015": 1}, "old_citations": {"1997": 18}, "isVisible": false}, "computer imaging and vision": {"name": "computer imaging and vision", "type": "topic", "h_index": 1142, "h5_index": 334, "num_publications": 10, "num_citations": 22, "num_publications_5y": 0, "num_citations_5y": 4, "num_publications_10y": 0, "num_citations_10y": 6, "publications_years": {"1997": 10}, "citations_years": {"2018": 2, "1999": 2, "2000": 2, "2001": 4, "2002": 1, "2003": 1, "2004": 2, "2005": 0, "2006": 1, "2007": 0, "2008": 0, "2009": 1, "2010": 1, "1997": 2, "1998": 0, "2011": 0, "2012": 0, "2013": 0, "2014": 0, "2015": 0, "2016": 0, "2017": 2, "2019": 1}, "old_citations": {"1997": 22}, "isVisible": false}, "image processing": {"name": "image processing", "type": "topic", "h_index": 1113, "h5_index": 328, "num_publications": 10, "num_citations": 22, "num_publications_5y": 0, "num_citations_5y": 4, "num_publications_10y": 0, "num_citations_10y": 6, "publications_years": {"1997": 10}, "citations_years": {"2018": 2, "1999": 2, "2000": 2, "2001": 4, "2002": 1, "2003": 1, "2004": 2, "2005": 0, "2006": 1, "2007": 0, "2008": 0, "2009": 1, "2010": 1, "1997": 2, "1998": 0, "2011": 0, "2012": 0, "2013": 0, "2014": 0, "2015": 0, "2016": 0, "2017": 2, "2019": 1}, "old_citations": {"1997": 22}, "isVisible": false}, "telecommunication networks": {"name": "telecommunication networks", "type": "topic", "h_index": 1116, "h5_index": 258, "num_publications": 9, "num_citations": 74, "num_publications_5y": 0, "num_citations_5y": 16, "num_publications_10y": 0, "num_citations_10y": 31, "publications_years": {"1997": 9}, "citations_years": {"1999": 6, "2000": 4, "2001": 4, "2002": 2, "2003": 4, "2004": 4, "2005": 1, "2006": 2, "2007": 2, "2008": 0, "2009": 4, "2010": 5, "2011": 1, "2012": 4, "2013": 1, "2014": 2, "2015": 0, "2016": 4, "2017": 5, "2018": 5, "2019": 1, "2020": 2, "1994": 1, "1995": 2, "1996": 2, "1997": 2, "1998": 4}, "old_citations": {"1997": 74}, "isVisible": false}, "theoretical computer science": {"name": "theoretical computer science", "type": "topic", "h_index": 883, "h5_index": 203, "num_publications": 9, "num_citations": 14, "num_publications_5y": 0, "num_citations_5y": 1, "num_publications_10y": 0, "num_citations_10y": 2, "publications_years": {"1997": 9}, "citations_years": {"2018": 1, "2001": 1, "2002": 1, "1997": 1, "1998": 2, "1999": 3, "2000": 1, "2003": 1, "2004": 0, "2005": 0, "2006": 0, "2007": 2, "2008": 0, "2009": 1}, "old_citations": {"1997": 14}, "isVisible": false}, "communication": {"name": "communication", "type": "topic", "h_index": 886, "h5_index": 209, "num_publications": 8, "num_citations": 30, "num_publications_5y": 0, "num_citations_5y": 7, "num_publications_10y": 0, "num_citations_10y": 10, "publications_years": {"1997": 8}, "citations_years": {"2018": 3, "1999": 4, "2000": 1, "2001": 4, "2002": 1, "2003": 1, "2004": 3, "2005": 0, "2006": 1, "2007": 0, "2008": 0, "2009": 1, "2010": 1, "2011": 0, "2012": 1, "2013": 0, "2014": 0, "2015": 0, "2016": 1, "2017": 3, "2019": 1, "2020": 2, "1998": 1, "1997": 1}, "old_citations": {"1997": 30}, "isVisible": false}, "probability": {"name": "probability", "type": "topic", "h_index": 918, "h5_index": 211, "num_publications": 8, "num_citations": 49, "num_publications_5y": 0, "num_citations_5y": 11, "num_publications_10y": 0, "num_citations_10y": 24, "publications_years": {"1997": 8}, "citations_years": {"2018": 4, "1994": 1, "1995": 2, "1996": 3, "1997": 2, "1998": 3, "1999": 1, "2000": 2, "2001": 1, "2002": 2, "2003": 3, "2004": 1, "2005": 1, "2006": 1, "2007": 2, "2008": 0, "2009": 3, "2010": 4, "2011": 1, "2012": 3, "2013": 2, "2014": 2, "2015": 0, "2016": 3, "2017": 2}, "old_citations": {"1997": 49}, "isVisible": false}, "correlation analysis": {"name": "correlation analysis", "type": "topic", "h_index": 1044, "h5_index": 224, "num_publications": 4, "num_citations": 47, "num_publications_5y": 0, "num_citations_5y": 10, "num_publications_10y": 0, "num_citations_10y": 22, "publications_years": {"1997": 4}, "citations_years": {"1999": 3, "2000": 3, "1994": 1, "1995": 2, "1996": 2, "1997": 1, "1998": 4, "2001": 0, "2002": 1, "2003": 3, "2004": 1, "2005": 1, "2006": 1, "2007": 2, "2008": 0, "2009": 3, "2010": 4, "2011": 1, "2012": 3, "2013": 1, "2014": 2, "2015": 0, "2016": 3, "2017": 2, "2018": 3}, "old_citations": {"1997": 47}, "isVisible": false}, "data communication systems": {"name": "data communication systems", "type": "topic", "h_index": 1013, "h5_index": 234, "num_publications": 5, "num_citations": 46, "num_publications_5y": 0, "num_citations_5y": 10, "num_publications_10y": 0, "num_citations_10y": 22, "publications_years": {"1997": 5}, "citations_years": {"1999": 2, "2000": 3, "1994": 1, "1995": 2, "1996": 2, "1997": 1, "1998": 3, "2001": 0, "2002": 1, "2003": 3, "2004": 1, "2005": 1, "2006": 1, "2007": 2, "2008": 0, "2009": 3, "2010": 4, "2011": 1, "2012": 3, "2013": 1, "2014": 2, "2015": 0, "2016": 3, "2017": 2, "2018": 3, "2020": 1}, "old_citations": {"1997": 46}, "isVisible": false}, "signal to noise ratio": {"name": "signal to noise ratio", "type": "topic", "h_index": 821, "h5_index": 194, "num_publications": 7, "num_citations": 46, "num_publications_5y": 0, "num_citations_5y": 11, "num_publications_10y": 0, "num_citations_10y": 23, "publications_years": {"1997": 7}, "citations_years": {"2018": 4, "1994": 1, "1995": 2, "1996": 2, "1997": 2, "1998": 3, "1999": 1, "2000": 3, "2001": 0, "2002": 1, "2003": 3, "2004": 1, "2005": 1, "2006": 1, "2007": 2, "2008": 0, "2009": 3, "2010": 4, "2011": 1, "2012": 3, "2013": 1, "2014": 2, "2015": 0, "2016": 3, "2017": 2}, "old_citations": {"1997": 46}, "isVisible": false}, "gaussian distribution": {"name": "gaussian distribution", "type": "topic", "h_index": 383, "h5_index": 90, "num_publications": 2, "num_citations": 45, "num_publications_5y": 0, "num_citations_5y": 10, "num_publications_10y": 0, "num_citations_10y": 22, "publications_years": {"1997": 2}, "citations_years": {"1994": 1, "1995": 2, "1996": 2, "1997": 2, "1998": 3, "1999": 1, "2000": 3, "2001": 0, "2002": 1, "2003": 3, "2004": 1, "2005": 1, "2006": 1, "2007": 2, "2008": 0, "2009": 3, "2010": 4, "2011": 1, "2012": 3, "2013": 1, "2014": 2, "2015": 0, "2016": 3, "2017": 2, "2018": 3}, "old_citations": {"1997": 45}, "isVisible": false}, "gaussian noise (electronic)": {"name": "gaussian noise (electronic)", "type": "topic", "h_index": 434, "h5_index": 103, "num_publications": 2, "num_citations": 45, "num_publications_5y": 0, "num_citations_5y": 10, "num_publications_10y": 0, "num_citations_10y": 22, "publications_years": {"1997": 2}, "citations_years": {"1994": 1, "1995": 2, "1996": 2, "1997": 2, "1998": 3, "1999": 1, "2000": 3, "2001": 0, "2002": 1, "2003": 3, "2004": 1, "2005": 1, "2006": 1, "2007": 2, "2008": 0, "2009": 3, "2010": 4, "2011": 1, "2012": 3, "2013": 1, "2014": 2, "2015": 0, "2016": 3, "2017": 2, "2018": 3}, "old_citations": {"1997": 45}, "isVisible": false}}, "authors": {"2296541475": {"name": "j g taylor", "type": "author", "activity": 27, "h_index": 17, "h5_index": 1, "mag_id": "2296541475", "num_publications": 3, "num_citations": 3, "num_publications_5y": 0, "num_citations_5y": 0, "num_publications_10y": 0, "num_citations_10y": 1, "publications_years": {"1997": 3}, "citations_years": {"1996": 1, "1997": 1, "1998": 0, "1999": 0, "2000": 0, "2001": 0, "2002": 0, "2003": 0, "2004": 0, "2005": 0, "2006": 0, "2007": 0, "2008": 0, "2009": 0, "2010": 0, "2011": 0, "2012": 0, "2013": 1}, "old_citations": {"1997": 3}, "isVisible": false}, "2781096972": {"name": "manuel samuelides", "type": "author", "activity": 14, "h_index": 7, "h5_index": 0, "mag_id": "2781096972", "num_publications": 2, "num_citations": 1, "num_publications_5y": 0, "num_citations_5y": 0, "num_publications_10y": 0, "num_citations_10y": 0, "publications_years": {"1997": 2}, "citations_years": {"2007": 1}, "old_citations": {"1997": 1}, "isVisible": false}, "72085547": {"name": "tatiana tambouratzis", "type": "author", "activity": 30, "h_index": 7, "h5_index": 0, "mag_id": "72085547", "num_publications": 1, "num_citations": 2, "num_publications_5y": 0, "num_citations_5y": 0, "num_publications_10y": 0, "num_citations_10y": 0, "publications_years": {"1997": 1}, "citations_years": {"1999": 1, "2000": 1}, "old_citations": {"1997": 2}, "isVisible": false}, "94818000": {"name": "a shustorovich", "type": "author", "activity": 1, "h_index": 0, "h5_index": 0, "mag_id": "94818000", "num_publications": 1, "num_citations": 0, "num_publications_5y": 0, "num_citations_5y": 0, "num_publications_10y": 0, "num_citations_10y": 0, "publications_years": {"1997": 1}, "citations_years": {}, "old_citations": {"1997": 0}, "isVisible": false}, "221758371": {"name": "hamid bolouri", "type": "author", "activity": 26, "h_index": 13, "h5_index": 1, "mag_id": "221758371", "num_publications": 1, "num_citations": 5, "num_publications_5y": 0, "num_citations_5y": 0, "num_publications_10y": 0, "num_citations_10y": 0, "publications_years": {"1997": 1}, "citations_years": {"2000": 1, "2001": 0, "2002": 2, "2003": 0, "2004": 0, "2005": 0, "2006": 0, "2007": 0, "2008": 2}, "old_citations": {"1997": 5}, "isVisible": false}, "332503799": {"name": "jan c bioch", "type": "author", "activity": 11, "h_index": 6, "h5_index": 0, "mag_id": "332503799", "num_publications": 1, "num_citations": 2, "num_publications_5y": 0, "num_citations_5y": 0, "num_publications_10y": 0, "num_citations_10y": 0, "publications_years": {"1997": 1}, "citations_years": {"2000": 1, "2001": 0, "2002": 0, "2003": 0, "2004": 0, "2005": 0, "2006": 1}, "old_citations": {"1997": 2}, "isVisible": false}, "1773024579": {"name": "peter sollich", "type": "author", "activity": 26, "h_index": 10, "h5_index": 1, "mag_id": "1773024579", "num_publications": 1, "num_citations": 1, "num_publications_5y": 0, "num_citations_5y": 0, "num_publications_10y": 0, "num_citations_10y": 0, "publications_years": {"1997": 1}, "citations_years": {"2007": 1}, "old_citations": {"1997": 1}, "isVisible": false}, "1811122014": {"name": "xavier clastres", "type": "author", "activity": 2, "h_index": 2, "h5_index": 0, "mag_id": "1811122014", "num_publications": 1, "num_citations": 0, "num_publications_5y": 0, "num_citations_5y": 0, "num_publications_10y": 0, "num_citations_10y": 0, "publications_years": {"1997": 1}, "citations_years": {}, "old_citations": {"1997": 0}, "isVisible": false}, "1981852817": {"name": "sara a solla", "type": "author", "activity": 30, "h_index": 11, "h5_index": 3, "mag_id": "1981852817", "num_publications": 1, "num_citations": 1, "num_publications_5y": 0, "num_citations_5y": 1, "num_publications_10y": 0, "num_citations_10y": 1, "publications_years": {"1997": 1}, "citations_years": {"2017": 1}, "old_citations": {"1997": 1}, "isVisible": false}, "2015084908": {"name": "g s androulakis", "type": "author", "activity": 24, "h_index": 3, "h5_index": 1, "mag_id": "2015084908", "num_publications": 1, "num_citations": 12, "num_publications_5y": 0, "num_citations_5y": 3, "num_publications_10y": 0, "num_citations_10y": 4, "publications_years": {"1997": 1}, "citations_years": {"1997": 1, "1998": 0, "1999": 1, "2000": 1, "2001": 2, "2002": 1, "2003": 0, "2004": 0, "2005": 0, "2006": 1, "2007": 0, "2008": 0, "2009": 1, "2010": 0, "2011": 0, "2012": 0, "2013": 0, "2014": 0, "2015": 0, "2016": 0, "2017": 2, "2018": 1, "2019": 1}, "old_citations": {"1997": 12}, "isVisible": false}, "2047782467": {"name": "shunichi amari", "type": "author", "activity": 30, "h_index": 36, "h5_index": 8, "mag_id": "2047782467", "num_publications": 1, "num_citations": 7, "num_publications_5y": 0, "num_citations_5y": 3, "num_publications_10y": 0, "num_citations_10y": 4, "publications_years": {"1997": 1}, "citations_years": {"1999": 1, "2000": 0, "2001": 0, "2002": 0, "2003": 0, "2004": 1, "2005": 0, "2006": 0, "2007": 0, "2008": 0, "2009": 0, "2010": 0, "2011": 0, "2012": 1, "2013": 0, "2014": 0, "2015": 0, "2016": 1, "2017": 1, "2018": 1, "2019": 0, "2020": 1}, "old_citations": {"1997": 7}, "isVisible": false}, "2048605158": {"name": "t n grapsa", "type": "author", "activity": 23, "h_index": 2, "h5_index": 1, "mag_id": "2048605158", "num_publications": 1, "num_citations": 12, "num_publications_5y": 0, "num_citations_5y": 3, "num_publications_10y": 0, "num_citations_10y": 4, "publications_years": {"1997": 1}, "citations_years": {"1997": 1, "1998": 0, "1999": 1, "2000": 1, "2001": 2, "2002": 1, "2003": 0, "2004": 0, "2005": 0, "2006": 1, "2007": 0, "2008": 0, "2009": 1, "2010": 0, "2011": 0, "2012": 0, "2013": 0, "2014": 0, "2015": 0, "2016": 0, "2017": 2, "2018": 1, "2019": 1}, "old_citations": {"1997": 12}, "isVisible": false}, "2055442558": {"name": "s fanelli", "type": "author", "activity": 19, "h_index": 4, "h5_index": 0, "mag_id": "2055442558", "num_publications": 1, "num_citations": 3, "num_publications_5y": 0, "num_citations_5y": 0, "num_publications_10y": 0, "num_citations_10y": 0, "publications_years": {"1997": 1}, "citations_years": {"1999": 3}, "old_citations": {"1997": 3}, "isVisible": false}, "2072541692": {"name": "george d magoulas", "type": "author", "activity": 25, "h_index": 25, "h5_index": 4, "mag_id": "2072541692", "num_publications": 1, "num_citations": 12, "num_publications_5y": 0, "num_citations_5y": 3, "num_publications_10y": 0, "num_citations_10y": 4, "publications_years": {"1997": 1}, "citations_years": {"1997": 1, "1998": 0, "1999": 1, "2000": 1, "2001": 2, "2002": 1, "2003": 0, "2004": 0, "2005": 0, "2006": 1, "2007": 0, "2008": 0, "2009": 1, "2010": 0, "2011": 0, "2012": 0, "2013": 0, "2014": 0, "2015": 0, "2016": 0, "2017": 2, "2018": 1, "2019": 1}, "old_citations": {"1997": 12}, "isVisible": false}, "2089385193": {"name": "b doyon", "type": "author", "activity": 7, "h_index": 1, "h5_index": 0, "mag_id": "2089385193", "num_publications": 1, "num_citations": 1, "num_publications_5y": 0, "num_citations_5y": 0, "num_publications_10y": 0, "num_citations_10y": 0, "publications_years": {"1997": 1}, "citations_years": {"2007": 1}, "old_citations": {"1997": 1}, "isVisible": false}, "2094020829": {"name": "marco gori", "type": "author", "activity": 31, "h_index": 34, "h5_index": 6, "mag_id": "2094020829", "num_publications": 1, "num_citations": 3, "num_publications_5y": 0, "num_citations_5y": 0, "num_publications_10y": 0, "num_citations_10y": 0, "publications_years": {"1997": 1}, "citations_years": {"1999": 3}, "old_citations": {"1997": 3}, "isVisible": false}, "2103312884": {"name": "mark joy", "type": "author", "activity": 9, "h_index": 1, "h5_index": 0, "mag_id": "2103312884", "num_publications": 1, "num_citations": 0, "num_publications_5y": 0, "num_citations_5y": 0, "num_publications_10y": 0, "num_citations_10y": 0, "publications_years": {"1997": 1}, "citations_years": {}, "old_citations": {"1997": 0}, "isVisible": false}, "2104309466": {"name": "david chiu", "type": "author", "activity": 30, "h_index": 16, "h5_index": 3, "mag_id": "2104309466", "num_publications": 1, "num_citations": 0, "num_publications_5y": 0, "num_citations_5y": 0, "num_publications_10y": 0, "num_citations_10y": 0, "publications_years": {"1997": 1}, "citations_years": {}, "old_citations": {"1997": 0}, "isVisible": false}, "2114683746": {"name": "christopher k i williams", "type": "author", "activity": 30, "h_index": 35, "h5_index": 5, "mag_id": "2114683746", "num_publications": 1, "num_citations": 43, "num_publications_5y": 0, "num_citations_5y": 10, "num_publications_10y": 0, "num_citations_10y": 22, "publications_years": {"1997": 1}, "citations_years": {"1994": 1, "1995": 2, "1996": 2, "1997": 1, "1998": 3, "1999": 1, "2000": 2, "2001": 0, "2002": 1, "2003": 3, "2004": 1, "2005": 1, "2006": 1, "2007": 2, "2008": 0, "2009": 3, "2010": 4, "2011": 1, "2012": 3, "2013": 1, "2014": 2, "2015": 0, "2016": 3, "2017": 2, "2018": 3}, "old_citations": {"1997": 43}, "isVisible": false}, "2117772503": {"name": "ruahuan tsaih", "type": "author", "activity": 27, "h_index": 6, "h5_index": 2, "mag_id": "2117772503", "num_publications": 1, "num_citations": 6, "num_publications_5y": 0, "num_citations_5y": 0, "num_publications_10y": 0, "num_citations_10y": 1, "publications_years": {"1997": 1}, "citations_years": {"1998": 2, "1999": 0, "2000": 1, "2001": 0, "2002": 0, "2003": 1, "2004": 0, "2005": 0, "2006": 0, "2007": 1, "2008": 0, "2009": 1}, "old_citations": {"1997": 6}, "isVisible": false}, "2118172733": {"name": "stephen grossberg", "type": "author", "activity": 31, "h_index": 25, "h5_index": 1, "mag_id": "2118172733", "num_publications": 1, "num_citations": 0, "num_publications_5y": 0, "num_citations_5y": 0, "num_publications_10y": 0, "num_citations_10y": 0, "publications_years": {"1997": 1}, "citations_years": {}, "old_citations": {"1997": 0}, "isVisible": false}, "2133447601": {"name": "mahesan niranjan", "type": "author", "activity": 31, "h_index": 20, "h5_index": 4, "mag_id": "2133447601", "num_publications": 1, "num_citations": 2, "num_publications_5y": 0, "num_citations_5y": 0, "num_publications_10y": 0, "num_citations_10y": 0, "publications_years": {"1997": 1}, "citations_years": {"1997": 1, "1998": 0, "1999": 0, "2000": 1}, "old_citations": {"1997": 2}, "isVisible": false}, "2136604085": {"name": "sheng chen", "type": "author", "activity": 31, "h_index": 39, "h5_index": 16, "mag_id": "2136604085", "num_publications": 1, "num_citations": 0, "num_publications_5y": 0, "num_citations_5y": 0, "num_publications_10y": 0, "num_citations_10y": 0, "publications_years": {"1997": 1}, "citations_years": {}, "old_citations": {"1997": 0}, "isVisible": false}, "2141997326": {"name": "monica bianchini", "type": "author", "activity": 27, "h_index": 14, "h5_index": 3, "mag_id": "2141997326", "num_publications": 1, "num_citations": 3, "num_publications_5y": 0, "num_citations_5y": 0, "num_publications_10y": 0, "num_citations_10y": 0, "publications_years": {"1997": 1}, "citations_years": {"1999": 3}, "old_citations": {"1997": 3}, "isVisible": false}, "2146227415": {"name": "j w kay", "type": "author", "activity": 28, "h_index": 9, "h5_index": 1, "mag_id": "2146227415", "num_publications": 1, "num_citations": 1, "num_publications_5y": 0, "num_citations_5y": 0, "num_publications_10y": 0, "num_citations_10y": 0, "publications_years": {"1997": 1}, "citations_years": {"2004": 1}, "old_citations": {"1997": 1}, "isVisible": false}, "2171443821": {"name": "m n vrahatis", "type": "author", "activity": 26, "h_index": 30, "h5_index": 3, "mag_id": "2171443821", "num_publications": 1, "num_citations": 12, "num_publications_5y": 0, "num_citations_5y": 3, "num_publications_10y": 0, "num_citations_10y": 4, "publications_years": {"1997": 1}, "citations_years": {"1997": 1, "1998": 0, "1999": 1, "2000": 1, "2001": 2, "2002": 1, "2003": 0, "2004": 0, "2005": 0, "2006": 1, "2007": 0, "2008": 0, "2009": 1, "2010": 0, "2011": 0, "2012": 0, "2013": 0, "2014": 0, "2015": 0, "2016": 0, "2017": 2, "2018": 1, "2019": 1}, "old_citations": {"1997": 12}, "isVisible": false}, "2181548839": {"name": "l c w dixon", "type": "author", "activity": 6, "h_index": 4, "h5_index": 0, "mag_id": "2181548839", "num_publications": 1, "num_citations": 5, "num_publications_5y": 0, "num_citations_5y": 0, "num_publications_10y": 0, "num_citations_10y": 0, "publications_years": {"1997": 1}, "citations_years": {"2000": 1, "2001": 0, "2002": 2, "2003": 0, "2004": 0, "2005": 0, "2006": 0, "2007": 0, "2008": 2}, "old_citations": {"1997": 5}, "isVisible": false}, "2185895735": {"name": "paul c bressloff", "type": "author", "activity": 25, "h_index": 4, "h5_index": 0, "mag_id": "2185895735", "num_publications": 1, "num_citations": 0, "num_publications_5y": 0, "num_citations_5y": 0, "num_publications_10y": 0, "num_citations_10y": 0, "publications_years": {"1997": 1}, "citations_years": {}, "old_citations": {"1997": 0}, "isVisible": false}, "2206230956": {"name": "david saad", "type": "author", "activity": 30, "h_index": 7, "h5_index": 2, "mag_id": "2206230956", "num_publications": 1, "num_citations": 1, "num_publications_5y": 0, "num_citations_5y": 1, "num_publications_10y": 0, "num_citations_10y": 1, "publications_years": {"1997": 1}, "citations_years": {"2017": 1}, "old_citations": {"1997": 1}, "isVisible": false}, "2224987721": {"name": "a r kolcz", "type": "author", "activity": 1, "h_index": 1, "h5_index": 0, "mag_id": "2224987721", "num_publications": 1, "num_citations": 1, "num_publications_5y": 0, "num_citations_5y": 1, "num_publications_10y": 0, "num_citations_10y": 1, "publications_years": {"1997": 1}, "citations_years": {"2018": 1}, "old_citations": {"1997": 1}, "isVisible": false}, "2239016113": {"name": "rob potharst", "type": "author", "activity": 18, "h_index": 8, "h5_index": 0, "mag_id": "2239016113", "num_publications": 1, "num_citations": 2, "num_publications_5y": 0, "num_citations_5y": 0, "num_publications_10y": 0, "num_citations_10y": 0, "publications_years": {"1997": 1}, "citations_years": {"2000": 1, "2001": 0, "2002": 0, "2003": 0, "2004": 0, "2005": 0, "2006": 1}, "old_citations": {"1997": 2}, "isVisible": false}, "2275699325": {"name": "eng siong chng", "type": "author", "activity": 26, "h_index": 25, "h5_index": 10, "mag_id": "2275699325", "num_publications": 1, "num_citations": 0, "num_publications_5y": 0, "num_citations_5y": 0, "num_publications_10y": 0, "num_citations_10y": 0, "publications_years": {"1997": 1}, "citations_years": {}, "old_citations": {"1997": 0}, "isVisible": false}, "2283391338": {"name": "bart krekelberg", "type": "author", "activity": 1, "h_index": 1, "h5_index": 0, "mag_id": "2283391338", "num_publications": 1, "num_citations": 3, "num_publications_5y": 0, "num_citations_5y": 0, "num_publications_10y": 0, "num_citations_10y": 1, "publications_years": {"1997": 1}, "citations_years": {"1996": 1, "1997": 1, "1998": 0, "1999": 0, "2000": 0, "2001": 0, "2002": 0, "2003": 0, "2004": 0, "2005": 0, "2006": 0, "2007": 0, "2008": 0, "2009": 0, "2010": 0, "2011": 0, "2012": 0, "2013": 1}, "old_citations": {"1997": 3}, "isVisible": false}, "2305140354": {"name": "linda m haines", "type": "author", "activity": 5, "h_index": 2, "h5_index": 0, "mag_id": "2305140354", "num_publications": 1, "num_citations": 2, "num_publications_5y": 0, "num_citations_5y": 0, "num_publications_10y": 0, "num_citations_10y": 0, "publications_years": {"1997": 1}, "citations_years": {"1998": 1, "1999": 1}, "old_citations": {"1997": 2}, "isVisible": false}, "2305605506": {"name": "laurent freyss", "type": "author", "activity": 2, "h_index": 1, "h5_index": 0, "mag_id": "2305605506", "num_publications": 1, "num_citations": 0, "num_publications_5y": 0, "num_citations_5y": 0, "num_publications_10y": 0, "num_citations_10y": 0, "publications_years": {"1997": 1}, "citations_years": {}, "old_citations": {"1997": 0}, "isVisible": false}, "2427199671": {"name": "christophe molina", "type": "author", "activity": 1, "h_index": 1, "h5_index": 0, "mag_id": "2427199671", "num_publications": 1, "num_citations": 2, "num_publications_5y": 0, "num_citations_5y": 0, "num_publications_10y": 0, "num_citations_10y": 0, "publications_years": {"1997": 1}, "citations_years": {"1997": 1, "1998": 0, "1999": 0, "2000": 1}, "old_citations": {"1997": 2}, "isVisible": false}, "2477448437": {"name": "d bockus", "type": "author", "activity": 1, "h_index": 0, "h5_index": 0, "mag_id": "2477448437", "num_publications": 1, "num_citations": 0, "num_publications_5y": 0, "num_citations_5y": 0, "num_publications_10y": 0, "num_citations_10y": 0, "publications_years": {"1997": 1}, "citations_years": {}, "old_citations": {"1997": 0}, "isVisible": false}, "2481635448": {"name": "enrico capobianco", "type": "author", "activity": 3, "h_index": 0, "h5_index": 0, "mag_id": "2481635448", "num_publications": 1, "num_citations": 0, "num_publications_5y": 0, "num_citations_5y": 0, "num_publications_10y": 0, "num_citations_10y": 0, "publications_years": {"1997": 1}, "citations_years": {}, "old_citations": {"1997": 0}, "isVisible": false}, "2484120044": {"name": "susan brittain", "type": "author", "activity": 1, "h_index": 1, "h5_index": 0, "mag_id": "2484120044", "num_publications": 1, "num_citations": 2, "num_publications_5y": 0, "num_citations_5y": 0, "num_publications_10y": 0, "num_citations_10y": 0, "publications_years": {"1997": 1}, "citations_years": {"1998": 1, "1999": 1}, "old_citations": {"1997": 2}, "isVisible": false}, "2492693888": {"name": "william burckel", "type": "author", "activity": 1, "h_index": 0, "h5_index": 0, "mag_id": "2492693888", "num_publications": 1, "num_citations": 0, "num_publications_5y": 0, "num_citations_5y": 0, "num_publications_10y": 0, "num_citations_10y": 0, "publications_years": {"1997": 1}, "citations_years": {}, "old_citations": {"1997": 0}, "isVisible": false}, "2502722157": {"name": "rafal \u017cbikowski", "type": "author", "activity": 3, "h_index": 1, "h5_index": 0, "mag_id": "2502722157", "num_publications": 1, "num_citations": 0, "num_publications_5y": 0, "num_citations_5y": 0, "num_publications_10y": 0, "num_citations_10y": 0, "publications_years": {"1997": 1}, "citations_years": {}, "old_citations": {"1997": 0}, "isVisible": false}, "2523321424": {"name": "m quoy", "type": "author", "activity": 1, "h_index": 1, "h5_index": 0, "mag_id": "2523321424", "num_publications": 1, "num_citations": 1, "num_publications_5y": 0, "num_citations_5y": 0, "num_publications_10y": 0, "num_citations_10y": 0, "publications_years": {"1997": 1}, "citations_years": {"2007": 1}, "old_citations": {"1997": 1}, "isVisible": false}, "2530372473": {"name": "a easdown", "type": "author", "activity": 1, "h_index": 1, "h5_index": 0, "mag_id": "2530372473", "num_publications": 1, "num_citations": 1, "num_publications_5y": 0, "num_citations_5y": 0, "num_publications_10y": 0, "num_citations_10y": 0, "publications_years": {"1997": 1}, "citations_years": {"2020": 1}, "old_citations": {"1997": 1}, "isVisible": false}, "2584617114": {"name": "c dehainaut", "type": "author", "activity": 1, "h_index": 0, "h5_index": 0, "mag_id": "2584617114", "num_publications": 1, "num_citations": 0, "num_publications_5y": 0, "num_citations_5y": 0, "num_publications_10y": 0, "num_citations_10y": 0, "publications_years": {"1997": 1}, "citations_years": {}, "old_citations": {"1997": 0}, "isVisible": false}, "2601625496": {"name": "alistair ferguson", "type": "author", "activity": 6, "h_index": 4, "h5_index": 0, "mag_id": "2601625496", "num_publications": 1, "num_citations": 5, "num_publications_5y": 0, "num_citations_5y": 0, "num_publications_10y": 0, "num_citations_10y": 0, "publications_years": {"1997": 1}, "citations_years": {"2000": 1, "2001": 0, "2002": 2, "2003": 0, "2004": 0, "2005": 0, "2006": 0, "2007": 0, "2008": 2}, "old_citations": {"1997": 5}, "isVisible": false}, "2607902182": {"name": "v beiu", "type": "author", "activity": 3, "h_index": 1, "h5_index": 0, "mag_id": "2607902182", "num_publications": 1, "num_citations": 8, "num_publications_5y": 0, "num_citations_5y": 1, "num_publications_10y": 0, "num_citations_10y": 1, "publications_years": {"1997": 1}, "citations_years": {"1996": 2, "1997": 0, "1998": 4, "1999": 0, "2000": 0, "2001": 0, "2002": 1, "2003": 0, "2004": 0, "2005": 0, "2006": 0, "2007": 0, "2008": 0, "2009": 0, "2010": 0, "2011": 0, "2012": 0, "2013": 0, "2014": 0, "2015": 1}, "old_citations": {"1997": 8}, "isVisible": false}, "2607959388": {"name": "howard hua yang", "type": "author", "activity": 1, "h_index": 0, "h5_index": 0, "mag_id": "2607959388", "num_publications": 1, "num_citations": 0, "num_publications_5y": 0, "num_citations_5y": 0, "num_publications_10y": 0, "num_citations_10y": 0, "publications_years": {"1997": 1}, "citations_years": {}, "old_citations": {"1997": 0}, "isVisible": false}, "2618369901": {"name": "m protasi", "type": "author", "activity": 7, "h_index": 3, "h5_index": 0, "mag_id": "2618369901", "num_publications": 1, "num_citations": 3, "num_publications_5y": 0, "num_citations_5y": 0, "num_publications_10y": 0, "num_citations_10y": 0, "publications_years": {"1997": 1}, "citations_years": {"1999": 3}, "old_citations": {"1997": 3}, "isVisible": false}, "2630795833": {"name": "s w ellacott", "type": "author", "activity": 1, "h_index": 1, "h5_index": 0, "mag_id": "2630795833", "num_publications": 1, "num_citations": 1, "num_publications_5y": 0, "num_citations_5y": 0, "num_publications_10y": 0, "num_citations_10y": 0, "publications_years": {"1997": 1}, "citations_years": {"2020": 1}, "old_citations": {"1997": 1}, "isVisible": false}, "2643331687": {"name": "p volf", "type": "author", "activity": 1, "h_index": 1, "h5_index": 0, "mag_id": "2643331687", "num_publications": 1, "num_citations": 2, "num_publications_5y": 0, "num_citations_5y": 0, "num_publications_10y": 0, "num_citations_10y": 0, "publications_years": {"1997": 1}, "citations_years": {"1997": 1, "1998": 0, "1999": 0, "2000": 0, "2001": 0, "2002": 0, "2003": 0, "2004": 0, "2005": 0, "2006": 0, "2007": 1}, "old_citations": {"1997": 2}, "isVisible": false}, "2646196018": {"name": "g g r green", "type": "author", "activity": 1, "h_index": 0, "h5_index": 0, "mag_id": "2646196018", "num_publications": 1, "num_citations": 0, "num_publications_5y": 0, "num_citations_5y": 0, "num_publications_10y": 0, "num_citations_10y": 0, "publications_years": {"1997": 1}, "citations_years": {}, "old_citations": {"1997": 0}, "isVisible": false}, "2646318649": {"name": "liqun xu", "type": "author", "activity": 1, "h_index": 0, "h5_index": 0, "mag_id": "2646318649", "num_publications": 1, "num_citations": 0, "num_publications_5y": 0, "num_citations_5y": 0, "num_publications_10y": 0, "num_citations_10y": 0, "publications_years": {"1997": 1}, "citations_years": {}, "old_citations": {"1997": 0}, "isVisible": false}, "2649444121": {"name": "andrezej dzielinski", "type": "author", "activity": 1, "h_index": 0, "h5_index": 0, "mag_id": "2649444121", "num_publications": 1, "num_citations": 0, "num_publications_5y": 0, "num_citations_5y": 0, "num_publications_10y": 0, "num_citations_10y": 0, "publications_years": {"1997": 1}, "citations_years": {}, "old_citations": {"1997": 0}, "isVisible": false}, "2657392993": {"name": "peter rieper", "type": "author", "activity": 1, "h_index": 0, "h5_index": 0, "mag_id": "2657392993", "num_publications": 1, "num_citations": 0, "num_publications_5y": 0, "num_citations_5y": 0, "num_publications_10y": 0, "num_citations_10y": 0, "publications_years": {"1997": 1}, "citations_years": {}, "old_citations": {"1997": 0}, "isVisible": false}, "2658105016": {"name": "s kasderidis", "type": "author", "activity": 1, "h_index": 0, "h5_index": 0, "mag_id": "2658105016", "num_publications": 1, "num_citations": 0, "num_publications_5y": 0, "num_citations_5y": 0, "num_publications_10y": 0, "num_citations_10y": 0, "publications_years": {"1997": 1}, "citations_years": {}, "old_citations": {"1997": 0}, "isVisible": false}, "2667280985": {"name": "j smid", "type": "author", "activity": 1, "h_index": 1, "h5_index": 0, "mag_id": "2667280985", "num_publications": 1, "num_citations": 2, "num_publications_5y": 0, "num_citations_5y": 0, "num_publications_10y": 0, "num_citations_10y": 0, "publications_years": {"1997": 1}, "citations_years": {"1997": 1, "1998": 0, "1999": 0, "2000": 0, "2001": 0, "2002": 0, "2003": 0, "2004": 0, "2005": 0, "2006": 0, "2007": 1}, "old_citations": {"1997": 2}, "isVisible": false}, "2668071193": {"name": "carol g crawford", "type": "author", "activity": 1, "h_index": 0, "h5_index": 0, "mag_id": "2668071193", "num_publications": 1, "num_citations": 0, "num_publications_5y": 0, "num_citations_5y": 0, "num_publications_10y": 0, "num_citations_10y": 0, "publications_years": {"1997": 1}, "citations_years": {}, "old_citations": {"1997": 0}, "isVisible": false}, "2669391485": {"name": "j p coughlin", "type": "author", "activity": 1, "h_index": 0, "h5_index": 0, "mag_id": "2669391485", "num_publications": 1, "num_citations": 0, "num_publications_5y": 0, "num_citations_5y": 0, "num_publications_10y": 0, "num_citations_10y": 0, "publications_years": {"1997": 1}, "citations_years": {}, "old_citations": {"1997": 0}, "isVisible": false}, "2673431145": {"name": "s p luttrell", "type": "author", "activity": 1, "h_index": 1, "h5_index": 0, "mag_id": "2673431145", "num_publications": 1, "num_citations": 7, "num_publications_5y": 0, "num_citations_5y": 0, "num_publications_10y": 0, "num_citations_10y": 1, "publications_years": {"1997": 1}, "citations_years": {"1999": 1, "2000": 0, "2001": 2, "2002": 0, "2003": 1, "2004": 2, "2005": 0, "2006": 0, "2007": 0, "2008": 0, "2009": 0, "2010": 1}, "old_citations": {"1997": 7}, "isVisible": false}, "2673581454": {"name": "n m allinson", "type": "author", "activity": 1, "h_index": 1, "h5_index": 0, "mag_id": "2673581454", "num_publications": 1, "num_citations": 1, "num_publications_5y": 0, "num_citations_5y": 1, "num_publications_10y": 0, "num_citations_10y": 1, "publications_years": {"1997": 1}, "citations_years": {"2018": 1}, "old_citations": {"1997": 1}, "isVisible": false}, "2678390352": {"name": "s manchanda", "type": "author", "activity": 1, "h_index": 0, "h5_index": 0, "mag_id": "2678390352", "num_publications": 1, "num_citations": 0, "num_publications_5y": 0, "num_citations_5y": 0, "num_publications_10y": 0, "num_citations_10y": 0, "publications_years": {"1997": 1}, "citations_years": {}, "old_citations": {"1997": 0}, "isVisible": false}, "2686583576": {"name": "barbara rosario", "type": "author", "activity": 1, "h_index": 1, "h5_index": 0, "mag_id": "2686583576", "num_publications": 1, "num_citations": 8, "num_publications_5y": 0, "num_citations_5y": 3, "num_publications_10y": 0, "num_citations_10y": 4, "publications_years": {"1997": 1}, "citations_years": {"1997": 1, "1998": 1, "1999": 0, "2000": 0, "2001": 0, "2002": 0, "2003": 1, "2004": 1, "2005": 0, "2006": 0, "2007": 0, "2008": 0, "2009": 0, "2010": 0, "2011": 0, "2012": 0, "2013": 1, "2014": 0, "2015": 1, "2016": 1, "2017": 1}, "old_citations": {"1997": 8}, "isVisible": false}, "2696068923": {"name": "marco budinich", "type": "author", "activity": 1, "h_index": 1, "h5_index": 0, "mag_id": "2696068923", "num_publications": 1, "num_citations": 8, "num_publications_5y": 0, "num_citations_5y": 3, "num_publications_10y": 0, "num_citations_10y": 4, "publications_years": {"1997": 1}, "citations_years": {"1997": 1, "1998": 1, "1999": 0, "2000": 0, "2001": 0, "2002": 0, "2003": 1, "2004": 1, "2005": 0, "2006": 0, "2007": 0, "2008": 0, "2009": 0, "2010": 0, "2011": 0, "2012": 0, "2013": 1, "2014": 0, "2015": 1, "2016": 1, "2017": 1}, "old_citations": {"1997": 8}, "isVisible": false}, "2703396434": {"name": "j r alexander", "type": "author", "activity": 1, "h_index": 0, "h5_index": 0, "mag_id": "2703396434", "num_publications": 1, "num_citations": 0, "num_publications_5y": 0, "num_citations_5y": 0, "num_publications_10y": 0, "num_citations_10y": 0, "publications_years": {"1997": 1}, "citations_years": {}, "old_citations": {"1997": 0}, "isVisible": false}, "2704496575": {"name": "j bradford", "type": "author", "activity": 1, "h_index": 0, "h5_index": 0, "mag_id": "2704496575", "num_publications": 1, "num_citations": 0, "num_publications_5y": 0, "num_citations_5y": 0, "num_publications_10y": 0, "num_citations_10y": 0, "publications_years": {"1997": 1}, "citations_years": {}, "old_citations": {"1997": 0}, "isVisible": false}, "2708789285": {"name": "sabine kroner", "type": "author", "activity": 2, "h_index": 0, "h5_index": 0, "mag_id": "2708789285", "num_publications": 1, "num_citations": 0, "num_publications_5y": 0, "num_citations_5y": 0, "num_publications_10y": 0, "num_citations_10y": 0, "publications_years": {"1997": 1}, "citations_years": {}, "old_citations": {"1997": 0}, "isVisible": false}, "2722874204": {"name": "reinhard moratz", "type": "author", "activity": 2, "h_index": 0, "h5_index": 0, "mag_id": "2722874204", "num_publications": 1, "num_citations": 0, "num_publications_5y": 0, "num_citations_5y": 0, "num_publications_10y": 0, "num_citations_10y": 0, "publications_years": {"1997": 1}, "citations_years": {}, "old_citations": {"1997": 0}, "isVisible": false}, "2757184792": {"name": "d tambouratzis", "type": "author", "activity": 1, "h_index": 1, "h5_index": 0, "mag_id": "2757184792", "num_publications": 1, "num_citations": 2, "num_publications_5y": 0, "num_citations_5y": 0, "num_publications_10y": 0, "num_citations_10y": 0, "publications_years": {"1997": 1}, "citations_years": {"1999": 1, "2000": 1}, "old_citations": {"1997": 2}, "isVisible": false}, "2801275405": {"name": "gregory l tarr", "type": "author", "activity": 1, "h_index": 0, "h5_index": 0, "mag_id": "2801275405", "num_publications": 1, "num_citations": 0, "num_publications_5y": 0, "num_citations_5y": 0, "num_publications_10y": 0, "num_citations_10y": 0, "publications_years": {"1997": 1}, "citations_years": {}, "old_citations": {"1997": 0}, "isVisible": false}, "2804857373": {"name": "george tambouratzis", "type": "author", "activity": 7, "h_index": 2, "h5_index": 0, "mag_id": "2804857373", "num_publications": 1, "num_citations": 2, "num_publications_5y": 0, "num_citations_5y": 0, "num_publications_10y": 0, "num_citations_10y": 0, "publications_years": {"1997": 1}, "citations_years": {"1999": 1, "2000": 1}, "old_citations": {"1997": 2}, "isVisible": false}, "2937010451": {"name": "baoliang lu", "type": "author", "activity": 1, "h_index": 1, "h5_index": 0, "mag_id": "2937010451", "num_publications": 1, "num_citations": 3, "num_publications_5y": 0, "num_citations_5y": 0, "num_publications_10y": 0, "num_citations_10y": 0, "publications_years": {"1997": 1}, "citations_years": {"1999": 2, "2000": 0, "2001": 0, "2002": 0, "2003": 1}, "old_citations": {"1997": 3}, "isVisible": false}, "2939058533": {"name": "g gibson", "type": "author", "activity": 1, "h_index": 0, "h5_index": 0, "mag_id": "2939058533", "num_publications": 1, "num_citations": 0, "num_publications_5y": 0, "num_citations_5y": 0, "num_publications_10y": 0, "num_citations_10y": 0, "publications_years": {"1997": 1}, "citations_years": {}, "old_citations": {"1997": 0}, "isVisible": false}, "2939087464": {"name": "b mulgrew", "type": "author", "activity": 1, "h_index": 0, "h5_index": 0, "mag_id": "2939087464", "num_publications": 1, "num_citations": 0, "num_publications_5y": 0, "num_citations_5y": 0, "num_publications_10y": 0, "num_citations_10y": 0, "publications_years": {"1997": 1}, "citations_years": {}, "old_citations": {"1997": 0}, "isVisible": false}, "2939911261": {"name": "koji ito", "type": "author", "activity": 1, "h_index": 1, "h5_index": 0, "mag_id": "2939911261", "num_publications": 1, "num_citations": 3, "num_publications_5y": 0, "num_citations_5y": 0, "num_publications_10y": 0, "num_citations_10y": 0, "publications_years": {"1997": 1}, "citations_years": {"1999": 2, "2000": 0, "2001": 0, "2002": 0, "2003": 1}, "old_citations": {"1997": 3}, "isVisible": false}, "2973272605": {"name": "b cessac", "type": "author", "activity": 1, "h_index": 1, "h5_index": 0, "mag_id": "2973272605", "num_publications": 1, "num_citations": 1, "num_publications_5y": 0, "num_citations_5y": 0, "num_publications_10y": 0, "num_citations_10y": 0, "publications_years": {"1997": 1}, "citations_years": {"2007": 1}, "old_citations": {"1997": 1}, "isVisible": false}, "2974463657": {"name": "abderahim labbi", "type": "author", "activity": 1, "h_index": 0, "h5_index": 0, "mag_id": "2974463657", "num_publications": 1, "num_citations": 0, "num_publications_5y": 0, "num_citations_5y": 0, "num_publications_10y": 0, "num_citations_10y": 0, "publications_years": {"1997": 1}, "citations_years": {}, "old_citations": {"1997": 0}, "isVisible": false}, "2974844683": {"name": "robert carsouw", "type": "author", "activity": 1, "h_index": 1, "h5_index": 0, "mag_id": "2974844683", "num_publications": 1, "num_citations": 2, "num_publications_5y": 0, "num_citations_5y": 0, "num_publications_10y": 0, "num_citations_10y": 0, "publications_years": {"1997": 1}, "citations_years": {"2000": 1, "2001": 0, "2002": 0, "2003": 0, "2004": 0, "2005": 0, "2006": 1}, "old_citations": {"1997": 2}, "isVisible": false}, "2983683361": {"name": "morris w hirsch", "type": "author", "activity": 18, "h_index": 3, "h5_index": 0, "mag_id": "2983683361", "num_publications": 1, "num_citations": 1, "num_publications_5y": 0, "num_citations_5y": 0, "num_publications_10y": 0, "num_citations_10y": 0, "publications_years": {"1997": 1}, "citations_years": {"1997": 1}, "old_citations": {"1997": 1}, "isVisible": false}, "2987668370": {"name": "michael eisele", "type": "author", "activity": 1, "h_index": 1, "h5_index": 0, "mag_id": "2987668370", "num_publications": 1, "num_citations": 2, "num_publications_5y": 0, "num_citations_5y": 0, "num_publications_10y": 0, "num_citations_10y": 0, "publications_years": {"1997": 1}, "citations_years": {"2001": 1, "2002": 1}, "old_citations": {"1997": 2}, "isVisible": false}}, "countries": {"United Kingdom": {"name": "United Kingdom", "type": "country", "h5_index": 172, "num_publications": 17, "num_citations": 58, "num_publications_5y": 0, "num_citations_5y": 12, "num_publications_10y": 0, "num_citations_10y": 25, "publications_years": {"1997": 17}, "citations_years": {"2018": 4, "1994": 1, "1995": 2, "1996": 3, "1997": 3, "1998": 3, "1999": 1, "2000": 4, "2001": 0, "2002": 3, "2003": 3, "2004": 2, "2005": 1, "2006": 1, "2007": 3, "2008": 2, "2009": 3, "2010": 4, "2011": 1, "2012": 3, "2013": 2, "2014": 2, "2015": 0, "2016": 3, "2017": 3, "2020": 1}, "old_citations": {"1997": 58}, "isVisible": false}, "United States": {"name": "United States", "type": "country", "h5_index": 308, "num_publications": 9, "num_citations": 13, "num_publications_5y": 0, "num_citations_5y": 1, "num_publications_10y": 0, "num_citations_10y": 1, "publications_years": {"1997": 9}, "citations_years": {"2001": 1, "2002": 2, "1997": 2, "1998": 4, "1999": 0, "2000": 0, "2003": 0, "2004": 0, "2005": 0, "2006": 0, "2007": 1, "1996": 2, "2008": 0, "2009": 0, "2010": 0, "2011": 0, "2012": 0, "2013": 0, "2014": 0, "2015": 1}, "old_citations": {"1997": 13}, "isVisible": false}, "Germany": {"name": "Germany", "type": "country", "h5_index": 139, "num_publications": 2, "num_citations": 1, "num_publications_5y": 0, "num_citations_5y": 0, "num_publications_10y": 0, "num_citations_10y": 0, "publications_years": {"1997": 2}, "citations_years": {"2007": 1}, "old_citations": {"1997": 1}, "isVisible": false}, "Greece": {"name": "Greece", "type": "country", "h5_index": 57, "num_publications": 2, "num_citations": 14, "num_publications_5y": 0, "num_citations_5y": 3, "num_publications_10y": 0, "num_citations_10y": 4, "publications_years": {"1997": 2}, "citations_years": {"1999": 2, "2000": 2, "1997": 1, "1998": 0, "2001": 2, "2002": 1, "2003": 0, "2004": 0, "2005": 0, "2006": 1, "2007": 0, "2008": 0, "2009": 1, "2010": 0, "2011": 0, "2012": 0, "2013": 0, "2014": 0, "2015": 0, "2016": 0, "2017": 2, "2018": 1, "2019": 1}, "old_citations": {"1997": 14}, "isVisible": false}, "Japan": {"name": "Japan", "type": "country", "h5_index": 94, "num_publications": 2, "num_citations": 10, "num_publications_5y": 0, "num_citations_5y": 3, "num_publications_10y": 0, "num_citations_10y": 4, "publications_years": {"1997": 2}, "citations_years": {"1999": 3, "2000": 0, "2001": 0, "2002": 0, "2003": 1, "2004": 1, "2005": 0, "2006": 0, "2007": 0, "2008": 0, "2009": 0, "2010": 0, "2011": 0, "2012": 1, "2013": 0, "2014": 0, "2015": 0, "2016": 1, "2017": 1, "2018": 1, "2019": 0, "2020": 1}, "old_citations": {"1997": 10}, "isVisible": false}, "Canada": {"name": "Canada", "type": "country", "h5_index": 128, "num_publications": 1, "num_citations": 0, "num_publications_5y": 0, "num_citations_5y": 0, "num_publications_10y": 0, "num_citations_10y": 0, "publications_years": {"1997": 1}, "citations_years": {}, "old_citations": {"1997": 0}, "isVisible": false}, "France": {"name": "France", "type": "country", "h5_index": 99, "num_publications": 1, "num_citations": 1, "num_publications_5y": 0, "num_citations_5y": 0, "num_publications_10y": 0, "num_citations_10y": 0, "publications_years": {"1997": 1}, "citations_years": {"2007": 1}, "old_citations": {"1997": 1}, "isVisible": false}, "Italy": {"name": "Italy", "type": "country", "h5_index": 94, "num_publications": 1, "num_citations": 3, "num_publications_5y": 0, "num_citations_5y": 0, "num_publications_10y": 0, "num_citations_10y": 0, "publications_years": {"1997": 1}, "citations_years": {"1999": 3}, "old_citations": {"1997": 3}, "isVisible": false}, "Netherlands": {"name": "Netherlands", "type": "country", "h5_index": 91, "num_publications": 1, "num_citations": 2, "num_publications_5y": 0, "num_citations_5y": 0, "num_publications_10y": 0, "num_citations_10y": 0, "publications_years": {"1997": 1}, "citations_years": {"2000": 1, "2001": 0, "2002": 0, "2003": 0, "2004": 0, "2005": 0, "2006": 1}, "old_citations": {"1997": 2}, "isVisible": false}, "Singapore": {"name": "Singapore", "type": "country", "h5_index": 105, "num_publications": 1, "num_citations": 0, "num_publications_5y": 0, "num_citations_5y": 0, "num_publications_10y": 0, "num_citations_10y": 0, "publications_years": {"1997": 1}, "citations_years": {}, "old_citations": {"1997": 0}, "isVisible": false}, "Switzerland": {"name": "Switzerland", "type": "country", "h5_index": 102, "num_publications": 1, "num_citations": 0, "num_publications_5y": 0, "num_citations_5y": 0, "num_publications_10y": 0, "num_citations_10y": 0, "publications_years": {"1997": 1}, "citations_years": {}, "old_citations": {"1997": 0}, "isVisible": false}, "Taiwan": {"name": "Taiwan", "type": "country", "h5_index": 69, "num_publications": 1, "num_citations": 6, "num_publications_5y": 0, "num_citations_5y": 0, "num_publications_10y": 0, "num_citations_10y": 1, "publications_years": {"1997": 1}, "citations_years": {"1998": 2, "1999": 0, "2000": 1, "2001": 0, "2002": 0, "2003": 1, "2004": 0, "2005": 0, "2006": 0, "2007": 1, "2008": 0, "2009": 1}, "old_citations": {"1997": 6}, "isVisible": false}}, "industrial_sectors": {"technology": {"name": "technology", "type": "industrial sector", "h5_index": 229, "num_publications": 1, "num_citations": 0, "num_publications_5y": 0, "num_citations_5y": 0, "num_publications_10y": 0, "num_citations_10y": 0, "publications_years": {"1997": 1}, "citations_years": {}, "old_citations": {"1997": 0}, "isVisible": false}, "telecommunications": {"name": "telecommunications", "type": "industrial sector", "h5_index": 89, "num_publications": 1, "num_citations": 0, "num_publications_5y": 0, "num_citations_5y": 0, "num_publications_10y": 0, "num_citations_10y": 0, "publications_years": {"1997": 1}, "citations_years": {}, "old_citations": {"1997": 0}, "isVisible": false}}}, "conference_comparison": {"computer science": {}}, "topics_dna": {"publications": {}, "citations": {"normalized": {}, "average": {}}}, "info": {"num_publications": 42, "num_citations": 124.0, "impact_factor": {}, "publications_years": {"1997": 42}, "citations_years": {"1994": 1, "1995": 2, "1996": 5, "1997": 7, "1998": 11, "1999": 11, "2000": 8, "2001": 5, "2002": 6, "2003": 7, "2004": 6, "2005": 1, "2006": 3, "2007": 6, "2008": 2, "2009": 5, "2010": 5, "2011": 1, "2012": 4, "2013": 3, "2014": 2, "2015": 2, "2016": 5, "2017": 7, "2018": 6, "2019": 1, "2020": 2}, "old_citations": {"1997": 124}, "h5_index": 0}, "percentile": {"computer science": {"1997": 88}}, "conference_ranking": {"computer science": {"1997": 495}}, "academia": {"num_publications": 32, "num_citations": 96, "publications_years": {"1997": 32}, "old_citations": {"1997": 96}, "num_publications_5y": 0, "num_citations_5y": 0, "num_publications_10y": 0, "num_citations_10y": 0}, "industry": {"num_publications": 1, "num_citations": 0, "publications_years": {"1997": 1}, "old_citations": {"1997": 0}, "num_publications_5y": 0, "num_citations_5y": 0, "num_publications_10y": 0, "num_citations_10y": 0}, "collaborative": {"num_publications": 0, "num_citations": 0, "publications_years": {}, "old_citations": {}, "num_publications_5y": 0, "num_citations_5y": 0, "num_publications_10y": 0, "num_citations_10y": 0}, "conferences": {}, "journals": {}, "organizations": {"publication_overall": ["Aston University", "Bielefeld University", "King's College London", "University of Cambridge", "University of Edinburgh", "University of Glasgow", "Agricultural University of Athens", "BT Research", "Boston University", "Brock University", "Erasmus University Rotterdam", "Inserm", "Kirtland Air Force Base", "London South Bank University", "Los Alamos National Laboratory", "Loughborough University", "Morgan State University", "National Chengchi University", "National University of Singapore", "Newcastle University", "Salk Institute for Biological Studies", "Stanford University", "Tokyo Institute of Technology", "Towson University", "United States Naval Academy", "University of Brighton", "University of California, Berkeley", "University of Florence", "University of Geneva", "University of Guelph", "University of Hertfordshire", "University of Manchester", "University of Patras", "University of Portsmouth", "University of Tokyo", "Universit\u00e4t Hamburg"], "citation_overall": ["Aston University", "University of Patras", "Los Alamos National Laboratory", "University of Tokyo", "National Chengchi University", "University of Hertfordshire", "King's College London", "Tokyo Institute of Technology", "University of Florence", "Agricultural University of Athens", "Erasmus University Rotterdam", "Morgan State University", "Salk Institute for Biological Studies", "University of Cambridge", "Bielefeld University", "Inserm", "University of Brighton", "University of California, Berkeley", "University of Edinburgh", "University of Glasgow", "University of Manchester", "BT Research", "Boston University", "Brock University", "Kirtland Air Force Base", "London South Bank University", "Loughborough University", "National University of Singapore", "Newcastle University", "Stanford University", "Towson University", "United States Naval Academy", "University of Geneva", "University of Guelph", "University of Portsmouth", "Universit\u00e4t Hamburg"], "publication_10_years": [], "citation_10_years": [], "publication_5_years": [], "citation_5_years": []}, "countries": {"publication_overall": ["United Kingdom", "United States", "Germany", "Greece", "Japan", "Canada", "France", "Italy", "Netherlands", "Singapore", "Switzerland", "Taiwan"], "citation_overall": ["United Kingdom", "Greece", "United States", "Japan", "Taiwan", "Italy", "Netherlands", "France", "Germany", "Canada", "Singapore", "Switzerland"], "publication_10_years": [], "citation_10_years": [], "publication_5_years": [], "citation_5_years": []}, "topics": {"publication_overall": ["computer science", "artificial intelligence", "machine learning", "neural networks", "computer systems", "computer networks", "mathematics", "network architecture", "telecommunication systems", "engineering", "communication systems", "feedforward neural networks", "wireless telecommunication systems", "signal processing", "computer hardware", "computer imaging and vision", "image processing", "telecommunication networks", "theoretical computer science", "communication"], "citation_overall": ["computer science", "artificial intelligence", "machine learning", "neural networks", "computer systems", "computer networks", "mathematics", "telecommunication systems", "telecommunication networks", "network architecture", "engineering", "signal processing", "communication systems", "probability", "wireless telecommunication systems", "correlation analysis", "data communication systems", "signal to noise ratio", "gaussian distribution", "gaussian noise (electronic)"], "publication_10_years": [], "citation_10_years": [], "publication_5_years": [], "citation_5_years": []}, "main_topics": ["computer science"], "authors": {"publication_overall": ["2296541475", "2781096972", "72085547", "94818000", "221758371", "332503799", "1773024579", "1811122014", "1981852817", "2015084908", "2047782467", "2048605158", "2055442558", "2072541692", "2089385193", "2094020829", "2103312884", "2104309466", "2114683746", "2117772503", "2118172733", "2133447601", "2136604085", "2141997326", "2146227415", "2171443821", "2181548839", "2185895735", "2206230956", "2224987721", "2239016113", "2275699325", "2283391338", "2305140354", "2305605506", "2427199671", "2477448437", "2481635448", "2484120044", "2492693888", "2502722157", "2523321424", "2530372473", "2584617114", "2601625496", "2607902182", "2607959388", "2618369901", "2630795833", "2643331687", "2646196018", "2646318649", "2649444121", "2657392993", "2658105016", "2667280985", "2668071193", "2669391485", "2673431145", "2673581454", "2678390352", "2686583576", "2696068923", "2703396434", "2704496575", "2708789285", "2722874204", "2757184792", "2801275405", "2804857373", "2937010451", "2939058533", "2939087464", "2939911261", "2973272605", "2974463657", "2974844683", "2983683361", "2987668370"], "citation_overall": ["2114683746", "2015084908", "2048605158", "2072541692", "2171443821", "2607902182", "2686583576", "2696068923", "2047782467", "2673431145", "2117772503", "221758371", "2181548839", "2601625496", "2055442558", "2094020829", "2141997326", "2283391338", "2296541475", "2618369901", "2937010451", "2939911261", "72085547", "332503799", "2133447601", "2239016113", "2305140354", "2427199671", "2484120044", "2643331687", "2667280985", "2757184792", "2804857373", "2974844683", "2987668370", "1773024579", "1981852817", "2089385193", "2146227415", "2206230956", "2224987721", "2523321424", "2530372473", "2630795833", "2673581454", "2781096972", "2973272605", "2983683361", "94818000", "1811122014", "2103312884", "2104309466", "2118172733", "2136604085", "2185895735", "2275699325", "2305605506", "2477448437", "2481635448", "2492693888", "2502722157", "2584617114", "2607959388", "2646196018", "2646318649", "2649444121", "2657392993", "2658105016", "2668071193", "2669391485", "2678390352", "2703396434", "2704496575", "2708789285", "2722874204", "2801275405", "2939058533", "2939087464", "2974463657"], "publication_10_years": [], "citation_10_years": [], "publication_5_years": [], "citation_5_years": []}, "industrial_sectors": {"publication_overall": ["technology", "telecommunications"], "citation_overall": ["technology", "telecommunications"], "publication_10_years": [], "citation_10_years": [], "publication_5_years": [], "citation_5_years": []}}