{"name": "International Biennial Baltic Electronics Conference", "acronym": "IBBEC", "type": "conference", "uniqueEntities": {"organizations": {"Tallinn University of Technology": {"name": "Tallinn University of Technology", "type": "organization", "organization_type": "Education", "h_index": 35, "h5_index": 13, "num_publications": 10, "num_citations": 35, "num_publications_5y": 0, "num_citations_5y": 4, "num_publications_10y": 0, "num_citations_10y": 25, "publications_years": {"2006": 6, "2008": 4}, "citations_years": {"2010": 6, "2011": 4, "2012": 4, "2007": 4, "2008": 5, "2009": 3, "2013": 4, "2014": 2, "2015": 1, "2016": 0, "2017": 0, "2018": 1, "2006": 1}, "old_citations": {"2006": 26, "2008": 9}, "isVisible": false}, "Kaunas University of Technology": {"name": "Kaunas University of Technology", "type": "organization", "organization_type": "Education", "h_index": 27, "h5_index": 11, "num_publications": 2, "num_citations": 6, "num_publications_5y": 0, "num_citations_5y": 3, "num_publications_10y": 0, "num_citations_10y": 6, "publications_years": {"2008": 2}, "citations_years": {"2009": 1, "2010": 0, "2011": 1, "2012": 0, "2013": 1, "2014": 1, "2015": 1, "2016": 0, "2017": 1}, "old_citations": {"2008": 6}, "isVisible": false}, "Brno University of Technology": {"name": "Brno University of Technology", "type": "organization", "organization_type": "Education", "h_index": 62, "h5_index": 22, "num_publications": 1, "num_citations": 0, "num_publications_5y": 0, "num_citations_5y": 0, "num_publications_10y": 0, "num_citations_10y": 0, "publications_years": {"2008": 1}, "citations_years": {}, "old_citations": {"2008": 0}, "isVisible": false}, "Czech Technical University in Prague": {"name": "Czech Technical University in Prague", "type": "organization", "organization_type": "Education", "h_index": 79, "h5_index": 34, "num_publications": 1, "num_citations": 1, "num_publications_5y": 0, "num_citations_5y": 0, "num_publications_10y": 0, "num_citations_10y": 1, "publications_years": {"2006": 1}, "citations_years": {"2011": 1}, "old_citations": {"2006": 1}, "isVisible": false}, "Polytechnic University of Turin": {"name": "Polytechnic University of Turin", "type": "organization", "organization_type": "Education", "h_index": 108, "h5_index": 31, "num_publications": 1, "num_citations": 0, "num_publications_5y": 0, "num_citations_5y": 0, "num_publications_10y": 0, "num_citations_10y": 0, "publications_years": {"2006": 1}, "citations_years": {}, "old_citations": {"2006": 0}, "isVisible": false}, "Tokyo Denki University": {"name": "Tokyo Denki University", "type": "organization", "organization_type": "Education", "h_index": 39, "h5_index": 6, "num_publications": 1, "num_citations": 2, "num_publications_5y": 0, "num_citations_5y": 0, "num_publications_10y": 0, "num_citations_10y": 2, "publications_years": {"2008": 1}, "citations_years": {"2010": 1, "2011": 1}, "old_citations": {"2008": 2}, "isVisible": false}, "Tomsk State University": {"name": "Tomsk State University", "type": "organization", "organization_type": "Education", "h_index": 19, "h5_index": 7, "num_publications": 1, "num_citations": 3, "num_publications_5y": 0, "num_citations_5y": 1, "num_publications_10y": 0, "num_citations_10y": 3, "publications_years": {"2006": 1}, "citations_years": {"2011": 1, "2012": 1, "2013": 0, "2014": 0, "2015": 0, "2016": 0, "2017": 0, "2018": 1}, "old_citations": {"2006": 3}, "isVisible": false}, "University of Bucharest": {"name": "University of Bucharest", "type": "organization", "organization_type": "Education", "h_index": 29, "h5_index": 11, "num_publications": 1, "num_citations": 1, "num_publications_5y": 0, "num_citations_5y": 1, "num_publications_10y": 0, "num_citations_10y": 1, "publications_years": {"2008": 1}, "citations_years": {"2014": 1}, "old_citations": {"2008": 1}, "isVisible": false}, "University of Craiova": {"name": "University of Craiova", "type": "organization", "organization_type": "Education", "h_index": 23, "h5_index": 8, "num_publications": 1, "num_citations": 1, "num_publications_5y": 0, "num_citations_5y": 1, "num_publications_10y": 0, "num_citations_10y": 1, "publications_years": {"2008": 1}, "citations_years": {"2014": 1}, "old_citations": {"2008": 1}, "isVisible": false}, "University of Kharkiv": {"name": "University of Kharkiv", "type": "organization", "organization_type": "Education", "h_index": 13, "h5_index": 10, "num_publications": 1, "num_citations": 10, "num_publications_5y": 0, "num_citations_5y": 3, "num_publications_10y": 0, "num_citations_10y": 10, "publications_years": {"2008": 1}, "citations_years": {"2009": 3, "2010": 0, "2011": 1, "2012": 2, "2013": 1, "2014": 2, "2015": 0, "2016": 0, "2017": 1}, "old_citations": {"2008": 10}, "isVisible": false}, "University of Ostrava": {"name": "University of Ostrava", "type": "organization", "organization_type": "Education", "h_index": 26, "h5_index": 9, "num_publications": 1, "num_citations": 1, "num_publications_5y": 0, "num_citations_5y": 1, "num_publications_10y": 0, "num_citations_10y": 1, "publications_years": {"2008": 1}, "citations_years": {"2014": 1}, "old_citations": {"2008": 1}, "isVisible": false}, "University of Tehran": {"name": "University of Tehran", "type": "organization", "organization_type": "Education", "h_index": 71, "h5_index": 29, "num_publications": 1, "num_citations": 4, "num_publications_5y": 0, "num_citations_5y": 1, "num_publications_10y": 0, "num_citations_10y": 4, "publications_years": {"2008": 1}, "citations_years": {"2009": 1, "2010": 1, "2011": 0, "2012": 1, "2013": 0, "2014": 0, "2015": 0, "2016": 0, "2017": 1}, "old_citations": {"2008": 4}, "isVisible": false}, "University of Verona": {"name": "University of Verona", "type": "organization", "organization_type": "Education", "h_index": 58, "h5_index": 20, "num_publications": 1, "num_citations": 1, "num_publications_5y": 0, "num_citations_5y": 0, "num_publications_10y": 0, "num_citations_10y": 0, "publications_years": {"2008": 1}, "citations_years": {"2008": 1}, "old_citations": {"2008": 1}, "isVisible": false}, "Vilnius Gediminas Technical University": {"name": "Vilnius Gediminas Technical University", "type": "organization", "organization_type": "Education", "h_index": 33, "h5_index": 12, "num_publications": 1, "num_citations": 6, "num_publications_5y": 0, "num_citations_5y": 0, "num_publications_10y": 0, "num_citations_10y": 6, "publications_years": {"2008": 1}, "citations_years": {"2010": 5, "2011": 0, "2012": 1}, "old_citations": {"2008": 6}, "isVisible": false}, "Yahoo (United Kingdom)": {"name": "Yahoo (United Kingdom)", "type": "organization", "organization_type": "Company", "h_index": 199, "h5_index": 34, "num_publications": 1, "num_citations": 0, "num_publications_5y": 0, "num_citations_5y": 0, "num_publications_10y": 0, "num_citations_10y": 0, "publications_years": {"2006": 1}, "citations_years": {}, "old_citations": {"2006": 0}, "isVisible": false}}, "topics": {"computer science": {"name": "computer science", "type": "topic", "h_index": 1779, "h5_index": 416, "num_publications": 46, "num_citations": 122, "num_publications_5y": 0, "num_citations_5y": 27, "num_publications_10y": 0, "num_citations_10y": 95, "publications_years": {"2008": 24, "2006": 22}, "citations_years": {"2010": 18, "2011": 15, "2012": 17, "2013": 8, "2014": 10, "2015": 5, "2016": 2, "2017": 3, "2018": 7, "2007": 11, "2008": 10, "2009": 10, "2019": 3, "2020": 1, "2006": 2}, "old_citations": {"2008": 51, "2006": 71}, "isVisible": false}, "computer systems": {"name": "computer systems", "type": "topic", "h_index": 1595, "h5_index": 367, "num_publications": 37, "num_citations": 93, "num_publications_5y": 0, "num_citations_5y": 22, "num_publications_10y": 0, "num_citations_10y": 71, "publications_years": {"2008": 17, "2006": 20}, "citations_years": {"2010": 14, "2011": 10, "2012": 13, "2013": 6, "2014": 7, "2015": 4, "2016": 2, "2017": 2, "2018": 7, "2007": 9, "2008": 7, "2009": 6, "2019": 3, "2020": 1, "2006": 2}, "old_citations": {"2008": 31, "2006": 62}, "isVisible": false}, "computer hardware": {"name": "computer hardware", "type": "topic", "h_index": 1150, "h5_index": 279, "num_publications": 29, "num_citations": 74, "num_publications_5y": 0, "num_citations_5y": 13, "num_publications_10y": 0, "num_citations_10y": 57, "publications_years": {"2008": 12, "2006": 17}, "citations_years": {"2010": 10, "2011": 10, "2012": 12, "2013": 5, "2014": 4, "2015": 3, "2016": 1, "2017": 1, "2018": 4, "2009": 7, "2008": 8, "2007": 8, "2006": 1}, "old_citations": {"2008": 24, "2006": 50}, "isVisible": false}, "computer networks": {"name": "computer networks", "type": "topic", "h_index": 1262, "h5_index": 332, "num_publications": 25, "num_citations": 74, "num_publications_5y": 0, "num_citations_5y": 17, "num_publications_10y": 0, "num_citations_10y": 53, "publications_years": {"2008": 10, "2006": 15}, "citations_years": {"2010": 8, "2011": 8, "2012": 9, "2013": 5, "2014": 4, "2015": 4, "2016": 2, "2017": 1, "2018": 6, "2007": 8, "2008": 7, "2009": 6, "2019": 3, "2020": 1, "2006": 2}, "old_citations": {"2008": 18, "2006": 56}, "isVisible": false}, "mathematics": {"name": "mathematics", "type": "topic", "h_index": 1364, "h5_index": 300, "num_publications": 22, "num_citations": 45, "num_publications_5y": 0, "num_citations_5y": 11, "num_publications_10y": 0, "num_citations_10y": 32, "publications_years": {"2008": 12, "2006": 10}, "citations_years": {"2007": 6, "2008": 7, "2009": 4, "2010": 3, "2011": 6, "2012": 5, "2013": 3, "2014": 4, "2015": 4, "2016": 1, "2017": 1, "2018": 1}, "old_citations": {"2008": 17, "2006": 28}, "isVisible": false}, "field programmable gate arrays (fpga)": {"name": "field programmable gate arrays (fpga)", "type": "topic", "h_index": 594, "h5_index": 149, "num_publications": 21, "num_citations": 63, "num_publications_5y": 0, "num_citations_5y": 11, "num_publications_10y": 0, "num_citations_10y": 49, "publications_years": {"2008": 8, "2006": 13}, "citations_years": {"2010": 9, "2011": 9, "2012": 11, "2013": 5, "2014": 4, "2015": 2, "2016": 1, "2017": 1, "2018": 3, "2007": 8, "2008": 5, "2009": 4, "2006": 1}, "old_citations": {"2008": 19, "2006": 44}, "isVisible": false}, "telecommunication systems": {"name": "telecommunication systems", "type": "topic", "h_index": 1187, "h5_index": 277, "num_publications": 21, "num_citations": 65, "num_publications_5y": 0, "num_citations_5y": 14, "num_publications_10y": 0, "num_citations_10y": 45, "publications_years": {"2008": 7, "2006": 14}, "citations_years": {"2007": 7, "2008": 7, "2009": 5, "2010": 7, "2011": 6, "2012": 8, "2013": 5, "2014": 3, "2015": 3, "2016": 2, "2017": 1, "2018": 5, "2019": 3, "2020": 1, "2006": 2}, "old_citations": {"2008": 10, "2006": 55}, "isVisible": false}, "communication systems": {"name": "communication systems", "type": "topic", "h_index": 1092, "h5_index": 254, "num_publications": 20, "num_citations": 63, "num_publications_5y": 0, "num_citations_5y": 14, "num_publications_10y": 0, "num_citations_10y": 44, "publications_years": {"2008": 7, "2006": 13}, "citations_years": {"2007": 7, "2008": 7, "2009": 5, "2010": 7, "2011": 6, "2012": 8, "2013": 4, "2014": 3, "2015": 3, "2016": 2, "2017": 1, "2018": 5, "2019": 3, "2020": 1, "2006": 1}, "old_citations": {"2008": 10, "2006": 53}, "isVisible": false}, "engineering": {"name": "engineering", "type": "topic", "h_index": 1177, "h5_index": 287, "num_publications": 20, "num_citations": 61, "num_publications_5y": 0, "num_citations_5y": 13, "num_publications_10y": 0, "num_citations_10y": 44, "publications_years": {"2008": 8, "2006": 12}, "citations_years": {"2010": 11, "2011": 6, "2012": 8, "2013": 4, "2014": 4, "2015": 3, "2016": 2, "2017": 1, "2018": 3, "2007": 8, "2008": 7, "2009": 2, "2006": 2}, "old_citations": {"2008": 20, "2006": 41}, "isVisible": false}, "wireless telecommunication systems": {"name": "wireless telecommunication systems", "type": "topic", "h_index": 1087, "h5_index": 254, "num_publications": 20, "num_citations": 63, "num_publications_5y": 0, "num_citations_5y": 14, "num_publications_10y": 0, "num_citations_10y": 44, "publications_years": {"2008": 7, "2006": 13}, "citations_years": {"2007": 7, "2008": 7, "2009": 5, "2010": 7, "2011": 6, "2012": 8, "2013": 4, "2014": 3, "2015": 3, "2016": 2, "2017": 1, "2018": 5, "2019": 3, "2020": 1, "2006": 1}, "old_citations": {"2008": 10, "2006": 53}, "isVisible": false}, "microprocessor chips": {"name": "microprocessor chips", "type": "topic", "h_index": 744, "h5_index": 175, "num_publications": 19, "num_citations": 52, "num_publications_5y": 0, "num_citations_5y": 9, "num_publications_10y": 0, "num_citations_10y": 38, "publications_years": {"2006": 13, "2008": 6}, "citations_years": {"2008": 7, "2009": 5, "2010": 6, "2011": 5, "2012": 8, "2013": 5, "2014": 3, "2015": 2, "2016": 1, "2017": 1, "2018": 2, "2007": 6, "2006": 1}, "old_citations": {"2006": 39, "2008": 13}, "isVisible": false}, "artificial intelligence": {"name": "artificial intelligence", "type": "topic", "h_index": 1421, "h5_index": 373, "num_publications": 16, "num_citations": 58, "num_publications_5y": 0, "num_citations_5y": 12, "num_publications_10y": 0, "num_citations_10y": 46, "publications_years": {"2008": 11, "2006": 5}, "citations_years": {"2010": 9, "2011": 9, "2012": 7, "2013": 3, "2014": 5, "2015": 1, "2016": 0, "2017": 2, "2018": 4, "2019": 3, "2020": 1, "2007": 3, "2008": 5, "2009": 6}, "old_citations": {"2008": 36, "2006": 22}, "isVisible": false}, "telecommunication networks": {"name": "telecommunication networks", "type": "topic", "h_index": 1116, "h5_index": 258, "num_publications": 16, "num_citations": 42, "num_publications_5y": 0, "num_citations_5y": 7, "num_publications_10y": 0, "num_citations_10y": 32, "publications_years": {"2008": 6, "2006": 10}, "citations_years": {"2009": 5, "2008": 5, "2010": 5, "2011": 4, "2012": 7, "2013": 4, "2014": 2, "2015": 1, "2016": 1, "2017": 1, "2018": 2, "2007": 4, "2006": 1}, "old_citations": {"2008": 8, "2006": 34}, "isVisible": false}, "embedded systems": {"name": "embedded systems", "type": "topic", "h_index": 799, "h5_index": 168, "num_publications": 15, "num_citations": 35, "num_publications_5y": 0, "num_citations_5y": 4, "num_publications_10y": 0, "num_citations_10y": 29, "publications_years": {"2008": 7, "2006": 8}, "citations_years": {"2010": 6, "2011": 7, "2012": 7, "2013": 2, "2014": 1, "2015": 0, "2016": 0, "2017": 1, "2018": 2, "2007": 3, "2008": 2, "2009": 3, "2006": 1}, "old_citations": {"2008": 15, "2006": 20}, "isVisible": false}, "software engineering": {"name": "software engineering", "type": "topic", "h_index": 964, "h5_index": 236, "num_publications": 15, "num_citations": 35, "num_publications_5y": 0, "num_citations_5y": 5, "num_publications_10y": 0, "num_citations_10y": 31, "publications_years": {"2008": 8, "2006": 7}, "citations_years": {"2010": 6, "2011": 8, "2012": 7, "2013": 4, "2014": 1, "2015": 0, "2016": 0, "2017": 2, "2018": 2, "2009": 1, "2007": 1, "2006": 2, "2008": 1}, "old_citations": {"2008": 17, "2006": 18}, "isVisible": false}, "computer aided design": {"name": "computer aided design", "type": "topic", "h_index": 485, "h5_index": 107, "num_publications": 14, "num_citations": 43, "num_publications_5y": 0, "num_citations_5y": 9, "num_publications_10y": 0, "num_citations_10y": 30, "publications_years": {"2006": 10, "2008": 4}, "citations_years": {"2007": 7, "2008": 5, "2009": 3, "2010": 5, "2011": 3, "2012": 5, "2013": 5, "2014": 4, "2015": 2, "2016": 1, "2017": 0, "2018": 2, "2006": 1}, "old_citations": {"2006": 35, "2008": 8}, "isVisible": false}, "vlsi circuits": {"name": "vlsi circuits", "type": "topic", "h_index": 374, "h5_index": 78, "num_publications": 14, "num_citations": 43, "num_publications_5y": 0, "num_citations_5y": 8, "num_publications_10y": 0, "num_citations_10y": 31, "publications_years": {"2006": 9, "2008": 5}, "citations_years": {"2007": 6, "2008": 5, "2009": 4, "2010": 5, "2011": 3, "2012": 6, "2013": 5, "2014": 3, "2015": 2, "2016": 1, "2017": 1, "2018": 1, "2006": 1}, "old_citations": {"2006": 31, "2008": 12}, "isVisible": false}, "bandwidth": {"name": "bandwidth", "type": "topic", "h_index": 922, "h5_index": 201, "num_publications": 13, "num_citations": 31, "num_publications_5y": 0, "num_citations_5y": 6, "num_publications_10y": 0, "num_citations_10y": 21, "publications_years": {"2006": 8, "2008": 5}, "citations_years": {"2007": 3, "2008": 5, "2009": 3, "2010": 4, "2011": 3, "2012": 3, "2013": 2, "2014": 1, "2015": 2, "2016": 1, "2017": 1, "2018": 1, "2006": 2}, "old_citations": {"2006": 23, "2008": 8}, "isVisible": false}, "communication channels (information theory)": {"name": "communication channels (information theory)", "type": "topic", "h_index": 925, "h5_index": 216, "num_publications": 13, "num_citations": 48, "num_publications_5y": 0, "num_citations_5y": 13, "num_publications_10y": 0, "num_citations_10y": 32, "publications_years": {"2006": 8, "2008": 5}, "citations_years": {"2007": 6, "2008": 5, "2009": 3, "2010": 6, "2011": 2, "2012": 5, "2013": 3, "2014": 3, "2015": 3, "2016": 2, "2017": 1, "2018": 4, "2019": 3, "2020": 1, "2006": 1}, "old_citations": {"2006": 38, "2008": 10}, "isVisible": false}, "computer imaging and vision": {"name": "computer imaging and vision", "type": "topic", "h_index": 1142, "h5_index": 334, "num_publications": 13, "num_citations": 45, "num_publications_5y": 0, "num_citations_5y": 6, "num_publications_10y": 0, "num_citations_10y": 32, "publications_years": {"2008": 7, "2006": 6}, "citations_years": {"2018": 3, "2019": 3, "2020": 1, "2007": 3, "2008": 5, "2009": 5, "2010": 7, "2011": 5, "2012": 6, "2013": 3, "2014": 2, "2015": 0, "2016": 0, "2017": 1, "2006": 1}, "old_citations": {"2008": 20, "2006": 25}, "isVisible": false}, "signal processing": {"name": "signal processing", "type": "topic", "h_index": 1012, "h5_index": 255, "num_publications": 12, "num_citations": 46, "num_publications_5y": 0, "num_citations_5y": 11, "num_publications_10y": 0, "num_citations_10y": 35, "publications_years": {"2008": 5, "2006": 7}, "citations_years": {"2010": 10, "2011": 5, "2012": 6, "2013": 2, "2014": 4, "2015": 3, "2016": 2, "2017": 0, "2018": 2, "2007": 6, "2008": 4, "2009": 1, "2006": 1}, "old_citations": {"2008": 15, "2006": 31}, "isVisible": false}, "image processing": {"name": "image processing", "type": "topic", "h_index": 1113, "h5_index": 328, "num_publications": 13, "num_citations": 45, "num_publications_5y": 0, "num_citations_5y": 6, "num_publications_10y": 0, "num_citations_10y": 32, "publications_years": {"2008": 7, "2006": 6}, "citations_years": {"2018": 3, "2019": 3, "2020": 1, "2007": 3, "2008": 5, "2009": 5, "2010": 7, "2011": 5, "2012": 6, "2013": 3, "2014": 2, "2015": 0, "2016": 0, "2017": 1, "2006": 1}, "old_citations": {"2008": 20, "2006": 25}, "isVisible": false}, "integrated circuit layout": {"name": "integrated circuit layout", "type": "topic", "h_index": 303, "h5_index": 73, "num_publications": 13, "num_citations": 39, "num_publications_5y": 0, "num_citations_5y": 7, "num_publications_10y": 0, "num_citations_10y": 27, "publications_years": {"2006": 9, "2008": 4}, "citations_years": {"2007": 6, "2008": 5, "2009": 3, "2010": 4, "2011": 3, "2012": 5, "2013": 5, "2014": 3, "2015": 2, "2016": 1, "2017": 0, "2018": 1, "2006": 1}, "old_citations": {"2006": 31, "2008": 8}, "isVisible": false}}, "authors": {"2188854275": {"name": "raimund ubar", "type": "author", "activity": 31, "h_index": 16, "h5_index": 4, "mag_id": "2188854275", "num_publications": 7, "num_citations": 23, "num_publications_5y": 0, "num_citations_5y": 2, "num_publications_10y": 0, "num_citations_10y": 14, "publications_years": {"2006": 4, "2008": 3}, "citations_years": {"2007": 3, "2008": 5, "2009": 3, "2010": 2, "2011": 2, "2012": 2, "2013": 3, "2014": 1, "2015": 1, "2006": 1}, "old_citations": {"2006": 17, "2008": 6}, "isVisible": true}, "57350013": {"name": "jaan raik", "type": "author", "activity": 24, "h_index": 14, "h5_index": 4, "mag_id": "57350013", "num_publications": 5, "num_citations": 8, "num_publications_5y": 0, "num_citations_5y": 2, "num_publications_10y": 0, "num_citations_10y": 6, "publications_years": {"2008": 4, "2006": 1}, "citations_years": {"2008": 1, "2009": 1, "2010": 1, "2011": 0, "2012": 0, "2013": 2, "2014": 1, "2015": 1, "2006": 1, "2007": 0}, "old_citations": {"2008": 6, "2006": 2}, "isVisible": true}, "2309453789": {"name": "peeter ellervee", "type": "author", "activity": 26, "h_index": 10, "h5_index": 2, "mag_id": "2309453789", "num_publications": 4, "num_citations": 15, "num_publications_5y": 0, "num_citations_5y": 4, "num_publications_10y": 0, "num_citations_10y": 14, "publications_years": {"2006": 2, "2008": 2}, "citations_years": {"2010": 4, "2011": 2, "2012": 2, "2009": 1, "2013": 1, "2014": 2, "2015": 1, "2007": 1, "2008": 0, "2016": 0, "2017": 0, "2018": 1}, "old_citations": {"2006": 9, "2008": 6}, "isVisible": false}, "1648389857": {"name": "artur jutman", "type": "author", "activity": 20, "h_index": 11, "h5_index": 3, "mag_id": "1648389857", "num_publications": 3, "num_citations": 11, "num_publications_5y": 0, "num_citations_5y": 0, "num_publications_10y": 0, "num_citations_10y": 8, "publications_years": {"2006": 2, "2008": 1}, "citations_years": {"2007": 1, "2008": 2, "2009": 2, "2010": 1, "2011": 2, "2012": 2, "2013": 1}, "old_citations": {"2006": 11, "2008": 0}, "isVisible": false}, "3010837147": {"name": "k halonen", "type": "author", "activity": 20, "h_index": 18, "h5_index": 0, "mag_id": "3010837147", "num_publications": 3, "num_citations": 8, "num_publications_5y": 0, "num_citations_5y": 1, "num_publications_10y": 0, "num_citations_10y": 5, "publications_years": {"2006": 2, "2008": 1}, "citations_years": {"2008": 2, "2009": 1, "2010": 2, "2011": 1, "2012": 0, "2013": 0, "2014": 0, "2015": 0, "2016": 0, "2017": 0, "2018": 1, "2007": 1}, "old_citations": {"2006": 6, "2008": 2}, "isVisible": false}, "40046689": {"name": "maksim jenihhin", "type": "author", "activity": 18, "h_index": 7, "h5_index": 3, "mag_id": "40046689", "num_publications": 2, "num_citations": 5, "num_publications_5y": 0, "num_citations_5y": 2, "num_publications_10y": 0, "num_citations_10y": 5, "publications_years": {"2008": 2}, "citations_years": {"2009": 1, "2010": 1, "2011": 0, "2012": 0, "2013": 1, "2014": 1, "2015": 1}, "old_citations": {"2008": 5}, "isVisible": false}, "2023784242": {"name": "toomas kirt", "type": "author", "activity": 16, "h_index": 2, "h5_index": 1, "mag_id": "2023784242", "num_publications": 2, "num_citations": 2, "num_publications_5y": 0, "num_citations_5y": 0, "num_publications_10y": 0, "num_citations_10y": 1, "publications_years": {"2006": 1, "2008": 1}, "citations_years": {"2008": 1, "2012": 1}, "old_citations": {"2006": 1, "2008": 1}, "isVisible": false}, "2057696983": {"name": "uljana reinsalu", "type": "author", "activity": 12, "h_index": 4, "h5_index": 0, "mag_id": "2057696983", "num_publications": 2, "num_citations": 6, "num_publications_5y": 0, "num_citations_5y": 2, "num_publications_10y": 0, "num_citations_10y": 6, "publications_years": {"2008": 2}, "citations_years": {"2012": 1, "2009": 1, "2010": 1, "2011": 0, "2013": 1, "2014": 1, "2015": 1}, "old_citations": {"2008": 6}, "isVisible": false}, "2083556801": {"name": "juri vain", "type": "author", "activity": 30, "h_index": 8, "h5_index": 3, "mag_id": "2083556801", "num_publications": 2, "num_citations": 6, "num_publications_5y": 0, "num_citations_5y": 1, "num_publications_10y": 0, "num_citations_10y": 6, "publications_years": {"2008": 2}, "citations_years": {"2010": 1, "2011": 3, "2012": 1, "2013": 0, "2014": 0, "2015": 0, "2016": 0, "2017": 0, "2018": 1}, "old_citations": {"2008": 6}, "isVisible": false}, "2106175008": {"name": "alar kuusik", "type": "author", "activity": 23, "h_index": 8, "h5_index": 4, "mag_id": "2106175008", "num_publications": 2, "num_citations": 6, "num_publications_5y": 0, "num_citations_5y": 1, "num_publications_10y": 0, "num_citations_10y": 6, "publications_years": {"2008": 2}, "citations_years": {"2010": 1, "2011": 3, "2012": 1, "2013": 0, "2014": 0, "2015": 0, "2016": 0, "2017": 0, "2018": 1}, "old_citations": {"2008": 6}, "isVisible": false}, "2122929506": {"name": "anton chepurov", "type": "author", "activity": 6, "h_index": 4, "h5_index": 0, "mag_id": "2122929506", "num_publications": 2, "num_citations": 6, "num_publications_5y": 0, "num_citations_5y": 2, "num_publications_10y": 0, "num_citations_10y": 5, "publications_years": {"2008": 2}, "citations_years": {"2008": 1, "2009": 1, "2010": 1, "2011": 0, "2012": 0, "2013": 1, "2014": 1, "2015": 1}, "old_citations": {"2008": 6}, "isVisible": false}, "2144823793": {"name": "s di carlo", "type": "author", "activity": 20, "h_index": 16, "h5_index": 3, "mag_id": "2144823793", "num_publications": 2, "num_citations": 1, "num_publications_5y": 0, "num_citations_5y": 0, "num_publications_10y": 0, "num_citations_10y": 1, "publications_years": {"2008": 1, "2006": 1}, "citations_years": {"2012": 1}, "old_citations": {"2008": 1, "2006": 0}, "isVisible": false}, "2162358081": {"name": "lasse aaltonen", "type": "author", "activity": 11, "h_index": 9, "h5_index": 0, "mag_id": "2162358081", "num_publications": 2, "num_citations": 7, "num_publications_5y": 0, "num_citations_5y": 1, "num_publications_10y": 0, "num_citations_10y": 5, "publications_years": {"2006": 1, "2008": 1}, "citations_years": {"2008": 2, "2009": 1, "2010": 2, "2011": 1, "2012": 0, "2013": 0, "2014": 0, "2015": 0, "2016": 0, "2017": 0, "2018": 1}, "old_citations": {"2006": 5, "2008": 2}, "isVisible": false}, "2922210899": {"name": "tanel tammet", "type": "author", "activity": 28, "h_index": 9, "h5_index": 2, "mag_id": "2922210899", "num_publications": 2, "num_citations": 6, "num_publications_5y": 0, "num_citations_5y": 1, "num_publications_10y": 0, "num_citations_10y": 6, "publications_years": {"2008": 2}, "citations_years": {"2010": 1, "2011": 3, "2012": 1, "2013": 0, "2014": 0, "2015": 0, "2016": 0, "2017": 0, "2018": 1}, "old_citations": {"2008": 6}, "isVisible": false}, "53784994": {"name": "f miyawaki", "type": "author", "activity": 3, "h_index": 3, "h5_index": 0, "mag_id": "53784994", "num_publications": 1, "num_citations": 2, "num_publications_5y": 0, "num_citations_5y": 0, "num_publications_10y": 0, "num_citations_10y": 2, "publications_years": {"2008": 1}, "citations_years": {"2010": 1, "2011": 1}, "old_citations": {"2008": 2}, "isVisible": false}, "77003035": {"name": "franco fummi", "type": "author", "activity": 31, "h_index": 23, "h5_index": 5, "mag_id": "77003035", "num_publications": 1, "num_citations": 1, "num_publications_5y": 0, "num_citations_5y": 0, "num_publications_10y": 0, "num_citations_10y": 0, "publications_years": {"2008": 1}, "citations_years": {"2008": 1}, "old_citations": {"2008": 1}, "isVisible": false}, "89809106": {"name": "kullo raiend", "type": "author", "activity": 6, "h_index": 3, "h5_index": 0, "mag_id": "89809106", "num_publications": 1, "num_citations": 2, "num_publications_5y": 0, "num_citations_5y": 0, "num_publications_10y": 0, "num_citations_10y": 2, "publications_years": {"2008": 1}, "citations_years": {"2010": 1, "2011": 0, "2012": 0, "2013": 1}, "old_citations": {"2008": 2}, "isVisible": false}, "121391313": {"name": "dalius navakauskas", "type": "author", "activity": 25, "h_index": 6, "h5_index": 1, "mag_id": "121391313", "num_publications": 1, "num_citations": 6, "num_publications_5y": 0, "num_citations_5y": 0, "num_publications_10y": 0, "num_citations_10y": 6, "publications_years": {"2008": 1}, "citations_years": {"2010": 5, "2011": 0, "2012": 1}, "old_citations": {"2008": 6}, "isVisible": false}, "153881600": {"name": "margus kruus", "type": "author", "activity": 22, "h_index": 4, "h5_index": 0, "mag_id": "153881600", "num_publications": 1, "num_citations": 4, "num_publications_5y": 0, "num_citations_5y": 2, "num_publications_10y": 0, "num_citations_10y": 3, "publications_years": {"2006": 1}, "citations_years": {"2007": 1, "2008": 0, "2009": 0, "2010": 1, "2011": 0, "2012": 0, "2013": 0, "2014": 1, "2015": 0, "2016": 0, "2017": 0, "2018": 1}, "old_citations": {"2006": 4}, "isVisible": false}, "175699875": {"name": "m saukoski", "type": "author", "activity": 7, "h_index": 10, "h5_index": 0, "mag_id": "175699875", "num_publications": 1, "num_citations": 5, "num_publications_5y": 0, "num_citations_5y": 1, "num_publications_10y": 0, "num_citations_10y": 3, "publications_years": {"2006": 1}, "citations_years": {"2008": 2, "2009": 1, "2010": 1, "2011": 0, "2012": 0, "2013": 0, "2014": 0, "2015": 0, "2016": 0, "2017": 0, "2018": 1}, "old_citations": {"2006": 5}, "isVisible": false}, "189513048": {"name": "yu b burkatovskaya", "type": "author", "activity": 1, "h_index": 1, "h5_index": 0, "mag_id": "189513048", "num_publications": 1, "num_citations": 3, "num_publications_5y": 0, "num_citations_5y": 1, "num_publications_10y": 0, "num_citations_10y": 3, "publications_years": {"2006": 1}, "citations_years": {"2011": 1, "2012": 1, "2013": 0, "2014": 0, "2015": 0, "2016": 0, "2017": 0, "2018": 1}, "old_citations": {"2006": 3}, "isVisible": false}, "202560793": {"name": "dalius matuzevicius", "type": "author", "activity": 12, "h_index": 3, "h5_index": 1, "mag_id": "202560793", "num_publications": 1, "num_citations": 6, "num_publications_5y": 0, "num_citations_5y": 0, "num_publications_10y": 0, "num_citations_10y": 6, "publications_years": {"2008": 1}, "citations_years": {"2010": 5, "2011": 0, "2012": 1}, "old_citations": {"2008": 6}, "isVisible": false}, "240041925": {"name": "igor aleksejev", "type": "author", "activity": 11, "h_index": 3, "h5_index": 1, "mag_id": "240041925", "num_publications": 1, "num_citations": 4, "num_publications_5y": 0, "num_citations_5y": 0, "num_publications_10y": 0, "num_citations_10y": 0, "publications_years": {"2006": 1}, "citations_years": {"2007": 2, "2008": 2}, "old_citations": {"2006": 4}, "isVisible": false}, "274392370": {"name": "kari halonen", "type": "author", "activity": 30, "h_index": 27, "h5_index": 3, "mag_id": "274392370", "num_publications": 1, "num_citations": 5, "num_publications_5y": 0, "num_citations_5y": 0, "num_publications_10y": 0, "num_citations_10y": 3, "publications_years": {"2006": 1}, "citations_years": {"2006": 1, "2007": 0, "2008": 1, "2009": 0, "2010": 1, "2011": 0, "2012": 1, "2013": 1}, "old_citations": {"2006": 5}, "isVisible": false}, "371622737": {"name": "j bruzdzinski", "type": "author", "activity": 1, "h_index": 1, "h5_index": 0, "mag_id": "371622737", "num_publications": 1, "num_citations": 2, "num_publications_5y": 0, "num_citations_5y": 0, "num_publications_10y": 0, "num_citations_10y": 2, "publications_years": {"2008": 1}, "citations_years": {"2010": 1, "2011": 1}, "old_citations": {"2008": 2}, "isVisible": false}, "382011890": {"name": "m instenberg", "type": "author", "activity": 1, "h_index": 1, "h5_index": 0, "mag_id": "382011890", "num_publications": 1, "num_citations": 0, "num_publications_5y": 0, "num_citations_5y": 0, "num_publications_10y": 0, "num_citations_10y": 0, "publications_years": {"2008": 1}, "citations_years": {}, "old_citations": {"2008": 0}, "isVisible": false}, "383286006": {"name": "anton tsertov", "type": "author", "activity": 14, "h_index": 5, "h5_index": 3, "mag_id": "383286006", "num_publications": 1, "num_citations": 1, "num_publications_5y": 0, "num_citations_5y": 0, "num_publications_10y": 0, "num_citations_10y": 1, "publications_years": {"2006": 1}, "citations_years": {"2013": 1}, "old_citations": {"2006": 1}, "isVisible": false}, "415540743": {"name": "a barakauskas", "type": "author", "activity": 1, "h_index": 2, "h5_index": 0, "mag_id": "415540743", "num_publications": 1, "num_citations": 4, "num_publications_5y": 0, "num_citations_5y": 2, "num_publications_10y": 0, "num_citations_10y": 4, "publications_years": {"2008": 1}, "citations_years": {"2011": 1, "2012": 0, "2013": 1, "2014": 1, "2015": 0, "2016": 0, "2017": 1}, "old_citations": {"2008": 4}, "isVisible": false}, "687134723": {"name": "e aleksejev", "type": "author", "activity": 1, "h_index": 1, "h5_index": 0, "mag_id": "687134723", "num_publications": 1, "num_citations": 10, "num_publications_5y": 0, "num_citations_5y": 0, "num_publications_10y": 0, "num_citations_10y": 7, "publications_years": {"2006": 1}, "citations_years": {"2007": 1, "2008": 2, "2009": 2, "2010": 1, "2011": 2, "2012": 2}, "old_citations": {"2006": 10}, "isVisible": false}, "703477535": {"name": "juhan ernits", "type": "author", "activity": 14, "h_index": 3, "h5_index": 0, "mag_id": "703477535", "num_publications": 1, "num_citations": 2, "num_publications_5y": 0, "num_citations_5y": 0, "num_publications_10y": 0, "num_citations_10y": 2, "publications_years": {"2008": 1}, "citations_years": {"2010": 1, "2011": 0, "2012": 0, "2013": 1}, "old_citations": {"2008": 2}, "isVisible": false}, "720240892": {"name": "jari hyttinen", "type": "author", "activity": 29, "h_index": 16, "h5_index": 3, "mag_id": "720240892", "num_publications": 1, "num_citations": 1, "num_publications_5y": 0, "num_citations_5y": 0, "num_publications_10y": 0, "num_citations_10y": 1, "publications_years": {"2008": 1}, "citations_years": {"2012": 1}, "old_citations": {"2008": 1}, "isVisible": false}, "1123312438": {"name": "tapio rapinoja", "type": "author", "activity": 11, "h_index": 3, "h5_index": 1, "mag_id": "1123312438", "num_publications": 1, "num_citations": 5, "num_publications_5y": 0, "num_citations_5y": 0, "num_publications_10y": 0, "num_citations_10y": 3, "publications_years": {"2006": 1}, "citations_years": {"2006": 1, "2007": 0, "2008": 1, "2009": 0, "2010": 1, "2011": 0, "2012": 1, "2013": 1}, "old_citations": {"2006": 5}, "isVisible": false}, "1222451089": {"name": "s juurik", "type": "author", "activity": 1, "h_index": 1, "h5_index": 0, "mag_id": "1222451089", "num_publications": 1, "num_citations": 5, "num_publications_5y": 0, "num_citations_5y": 1, "num_publications_10y": 0, "num_citations_10y": 5, "publications_years": {"2008": 1}, "citations_years": {"2010": 1, "2011": 2, "2012": 1, "2013": 0, "2014": 0, "2015": 0, "2016": 0, "2017": 0, "2018": 1}, "old_citations": {"2008": 5}, "isVisible": false}, "1253109021": {"name": "kalle tammemae", "type": "author", "activity": 23, "h_index": 6, "h5_index": 1, "mag_id": "1253109021", "num_publications": 1, "num_citations": 5, "num_publications_5y": 0, "num_citations_5y": 0, "num_publications_10y": 0, "num_citations_10y": 5, "publications_years": {"2006": 1}, "citations_years": {"2010": 2, "2011": 2, "2012": 1}, "old_citations": {"2006": 5}, "isVisible": false}, "1388949919": {"name": "rimantas barauskas", "type": "author", "activity": 11, "h_index": 3, "h5_index": 0, "mag_id": "1388949919", "num_publications": 1, "num_citations": 4, "num_publications_5y": 0, "num_citations_5y": 2, "num_publications_10y": 0, "num_citations_10y": 4, "publications_years": {"2008": 1}, "citations_years": {"2011": 1, "2012": 0, "2013": 1, "2014": 1, "2015": 0, "2016": 0, "2017": 1}, "old_citations": {"2008": 4}, "isVisible": false}, "1480769218": {"name": "a anier", "type": "author", "activity": 1, "h_index": 0, "h5_index": 0, "mag_id": "1480769218", "num_publications": 1, "num_citations": 0, "num_publications_5y": 0, "num_citations_5y": 0, "num_publications_10y": 0, "num_citations_10y": 0, "publications_years": {"2008": 1}, "citations_years": {}, "old_citations": {"2008": 0}, "isVisible": false}, "1669639719": {"name": "enar reilent", "type": "author", "activity": 8, "h_index": 3, "h5_index": 0, "mag_id": "1669639719", "num_publications": 1, "num_citations": 1, "num_publications_5y": 0, "num_citations_5y": 0, "num_publications_10y": 0, "num_citations_10y": 1, "publications_years": {"2008": 1}, "citations_years": {"2011": 1}, "old_citations": {"2008": 1}, "isVisible": false}, "1698054258": {"name": "marko kaaramees", "type": "author", "activity": 19, "h_index": 2, "h5_index": 0, "mag_id": "1698054258", "num_publications": 1, "num_citations": 2, "num_publications_5y": 0, "num_citations_5y": 0, "num_publications_10y": 0, "num_citations_10y": 2, "publications_years": {"2008": 1}, "citations_years": {"2010": 1, "2011": 0, "2012": 0, "2013": 1}, "old_citations": {"2008": 2}, "isVisible": false}, "1826068322": {"name": "vineeth govind", "type": "author", "activity": 12, "h_index": 4, "h5_index": 0, "mag_id": "1826068322", "num_publications": 1, "num_citations": 2, "num_publications_5y": 0, "num_citations_5y": 0, "num_publications_10y": 0, "num_citations_10y": 1, "publications_years": {"2006": 1}, "citations_years": {"2006": 1, "2007": 0, "2008": 0, "2009": 0, "2010": 0, "2011": 0, "2012": 0, "2013": 1}, "old_citations": {"2006": 2}, "isVisible": false}, "1885184756": {"name": "eduard petlenkov", "type": "author", "activity": 14, "h_index": 12, "h5_index": 4, "mag_id": "1885184756", "num_publications": 1, "num_citations": 2, "num_publications_5y": 0, "num_citations_5y": 0, "num_publications_10y": 0, "num_citations_10y": 2, "publications_years": {"2008": 1}, "citations_years": {"2010": 1, "2011": 1}, "old_citations": {"2008": 2}, "isVisible": false}, "1965817248": {"name": "a i elkhatib", "type": "author", "activity": 1, "h_index": 1, "h5_index": 0, "mag_id": "1965817248", "num_publications": 1, "num_citations": 0, "num_publications_5y": 0, "num_citations_5y": 0, "num_publications_10y": 0, "num_citations_10y": 0, "publications_years": {"2006": 1}, "citations_years": {}, "old_citations": {"2006": 0}, "isVisible": false}, "1967482971": {"name": "guntars balodis", "type": "author", "activity": 10, "h_index": 0, "h5_index": 0, "mag_id": "1967482971", "num_publications": 1, "num_citations": 0, "num_publications_5y": 0, "num_citations_5y": 0, "num_publications_10y": 0, "num_citations_10y": 0, "publications_years": {"2006": 1}, "citations_years": {}, "old_citations": {"2006": 0}, "isVisible": false}, "1969907528": {"name": "aurimas jakstas", "type": "author", "activity": 1, "h_index": 1, "h5_index": 0, "mag_id": "1969907528", "num_publications": 1, "num_citations": 4, "num_publications_5y": 0, "num_citations_5y": 2, "num_publications_10y": 0, "num_citations_10y": 4, "publications_years": {"2008": 1}, "citations_years": {"2011": 1, "2012": 0, "2013": 1, "2014": 1, "2015": 0, "2016": 0, "2017": 1}, "old_citations": {"2008": 4}, "isVisible": false}, "1973891103": {"name": "a mellik", "type": "author", "activity": 1, "h_index": 1, "h5_index": 0, "mag_id": "1973891103", "num_publications": 1, "num_citations": 0, "num_publications_5y": 0, "num_citations_5y": 0, "num_publications_10y": 0, "num_citations_10y": 0, "publications_years": {"2008": 1}, "citations_years": {}, "old_citations": {"2008": 0}, "isVisible": false}, "1976837147": {"name": "eero ivask", "type": "author", "activity": 10, "h_index": 4, "h5_index": 0, "mag_id": "1976837147", "num_publications": 1, "num_citations": 4, "num_publications_5y": 0, "num_citations_5y": 2, "num_publications_10y": 0, "num_citations_10y": 3, "publications_years": {"2006": 1}, "citations_years": {"2007": 1, "2008": 0, "2009": 0, "2010": 1, "2011": 0, "2012": 0, "2013": 0, "2014": 1, "2015": 0, "2016": 0, "2017": 0, "2018": 1}, "old_citations": {"2006": 4}, "isVisible": false}, "1981662470": {"name": "e orasson", "type": "author", "activity": 16, "h_index": 4, "h5_index": 0, "mag_id": "1981662470", "num_publications": 1, "num_citations": 4, "num_publications_5y": 0, "num_citations_5y": 0, "num_publications_10y": 0, "num_citations_10y": 0, "publications_years": {"2006": 1}, "citations_years": {"2007": 2, "2008": 2}, "old_citations": {"2006": 4}, "isVisible": false}, "1990730075": {"name": "saulius kausinis", "type": "author", "activity": 1, "h_index": 1, "h5_index": 0, "mag_id": "1990730075", "num_publications": 1, "num_citations": 4, "num_publications_5y": 0, "num_citations_5y": 2, "num_publications_10y": 0, "num_citations_10y": 4, "publications_years": {"2008": 1}, "citations_years": {"2011": 1, "2012": 0, "2013": 1, "2014": 1, "2015": 0, "2016": 0, "2017": 1}, "old_citations": {"2008": 4}, "isVisible": false}, "1993799701": {"name": "alfredo benso", "type": "author", "activity": 24, "h_index": 18, "h5_index": 4, "mag_id": "1993799701", "num_publications": 1, "num_citations": 1, "num_publications_5y": 0, "num_citations_5y": 0, "num_publications_10y": 0, "num_citations_10y": 1, "publications_years": {"2008": 1}, "citations_years": {"2012": 1}, "old_citations": {"2008": 1}, "isVisible": false}, "2014601333": {"name": "albinas kasparaitis", "type": "author", "activity": 1, "h_index": 2, "h5_index": 0, "mag_id": "2014601333", "num_publications": 1, "num_citations": 4, "num_publications_5y": 0, "num_citations_5y": 2, "num_publications_10y": 0, "num_citations_10y": 4, "publications_years": {"2008": 1}, "citations_years": {"2011": 1, "2012": 0, "2013": 1, "2014": 1, "2015": 0, "2016": 0, "2017": 1}, "old_citations": {"2008": 4}, "isVisible": false}, "2017366291": {"name": "i artemchuk", "type": "author", "activity": 3, "h_index": 1, "h5_index": 0, "mag_id": "2017366291", "num_publications": 1, "num_citations": 2, "num_publications_5y": 0, "num_citations_5y": 0, "num_publications_10y": 0, "num_citations_10y": 2, "publications_years": {"2008": 1}, "citations_years": {"2010": 1, "2011": 1}, "old_citations": {"2008": 2}, "isVisible": false}, "2021904038": {"name": "alberto scionti", "type": "author", "activity": 12, "h_index": 7, "h5_index": 3, "mag_id": "2021904038", "num_publications": 1, "num_citations": 1, "num_publications_5y": 0, "num_citations_5y": 0, "num_publications_10y": 0, "num_citations_10y": 1, "publications_years": {"2008": 1}, "citations_years": {"2012": 1}, "old_citations": {"2008": 1}, "isVisible": false}, "2026025095": {"name": "homa alemzadeh", "type": "author", "activity": 13, "h_index": 8, "h5_index": 4, "mag_id": "2026025095", "num_publications": 1, "num_citations": 4, "num_publications_5y": 0, "num_citations_5y": 1, "num_publications_10y": 0, "num_citations_10y": 4, "publications_years": {"2008": 1}, "citations_years": {"2009": 1, "2010": 1, "2011": 0, "2012": 1, "2013": 0, "2014": 0, "2015": 0, "2016": 0, "2017": 1}, "old_citations": {"2008": 4}, "isVisible": false}, "2028164670": {"name": "jari nurmi", "type": "author", "activity": 31, "h_index": 21, "h5_index": 4, "mag_id": "2028164670", "num_publications": 1, "num_citations": 11, "num_publications_5y": 0, "num_citations_5y": 4, "num_publications_10y": 0, "num_citations_10y": 8, "publications_years": {"2006": 1}, "citations_years": {"2007": 3, "2008": 0, "2009": 0, "2010": 1, "2011": 0, "2012": 2, "2013": 1, "2014": 2, "2015": 1, "2016": 1}, "old_citations": {"2006": 11}, "isVisible": false}, "2040326423": {"name": "kari stadius", "type": "author", "activity": 27, "h_index": 9, "h5_index": 3, "mag_id": "2040326423", "num_publications": 1, "num_citations": 5, "num_publications_5y": 0, "num_citations_5y": 0, "num_publications_10y": 0, "num_citations_10y": 3, "publications_years": {"2006": 1}, "citations_years": {"2006": 1, "2007": 0, "2008": 1, "2009": 0, "2010": 1, "2011": 0, "2012": 1, "2013": 1}, "old_citations": {"2006": 5}, "isVisible": false}, "2045948763": {"name": "andrei krivoshei", "type": "author", "activity": 12, "h_index": 2, "h5_index": 1, "mag_id": "2045948763", "num_publications": 1, "num_citations": 9, "num_publications_5y": 0, "num_citations_5y": 4, "num_publications_10y": 0, "num_citations_10y": 5, "publications_years": {"2006": 1}, "citations_years": {"2007": 3, "2008": 1, "2009": 0, "2010": 0, "2011": 1, "2012": 0, "2013": 0, "2014": 1, "2015": 2, "2016": 1}, "old_citations": {"2006": 9}, "isVisible": false}, "2065227360": {"name": "helena kruus", "type": "author", "activity": 14, "h_index": 4, "h5_index": 0, "mag_id": "2065227360", "num_publications": 1, "num_citations": 4, "num_publications_5y": 0, "num_citations_5y": 0, "num_publications_10y": 0, "num_citations_10y": 0, "publications_years": {"2006": 1}, "citations_years": {"2007": 2, "2008": 2}, "old_citations": {"2006": 4}, "isVisible": false}, "2069763268": {"name": "ilari teikari", "type": "author", "activity": 4, "h_index": 4, "h5_index": 0, "mag_id": "2069763268", "num_publications": 1, "num_citations": 5, "num_publications_5y": 0, "num_citations_5y": 1, "num_publications_10y": 0, "num_citations_10y": 3, "publications_years": {"2006": 1}, "citations_years": {"2008": 2, "2009": 1, "2010": 1, "2011": 0, "2012": 0, "2013": 0, "2014": 0, "2015": 0, "2016": 0, "2017": 0, "2018": 1}, "old_citations": {"2006": 5}, "isVisible": false}, "2071223388": {"name": "taavi viilukas", "type": "author", "activity": 7, "h_index": 3, "h5_index": 0, "mag_id": "2071223388", "num_publications": 1, "num_citations": 1, "num_publications_5y": 0, "num_citations_5y": 0, "num_publications_10y": 0, "num_citations_10y": 0, "publications_years": {"2008": 1}, "citations_years": {"2008": 1}, "old_citations": {"2008": 1}, "isVisible": false}, "2074722224": {"name": "jacek flak", "type": "author", "activity": 10, "h_index": 4, "h5_index": 0, "mag_id": "2074722224", "num_publications": 1, "num_citations": 1, "num_publications_5y": 0, "num_citations_5y": 0, "num_publications_10y": 0, "num_citations_10y": 0, "publications_years": {"2006": 1}, "citations_years": {"2007": 1}, "old_citations": {"2006": 1}, "isVisible": false}, "2076413971": {"name": "paolo prinetto", "type": "author", "activity": 30, "h_index": 24, "h5_index": 5, "mag_id": "2076413971", "num_publications": 1, "num_citations": 1, "num_publications_5y": 0, "num_citations_5y": 0, "num_publications_10y": 0, "num_citations_10y": 1, "publications_years": {"2008": 1}, "citations_years": {"2012": 1}, "old_citations": {"2008": 1}, "isVisible": false}, "2083450945": {"name": "heinzdietrich wuttke", "type": "author", "activity": 20, "h_index": 9, "h5_index": 4, "mag_id": "2083450945", "num_publications": 1, "num_citations": 0, "num_publications_5y": 0, "num_citations_5y": 0, "num_publications_10y": 0, "num_citations_10y": 0, "publications_years": {"2008": 1}, "citations_years": {}, "old_citations": {"2008": 0}, "isVisible": false}, "2084558608": {"name": "leandro soares indrusiak", "type": "author", "activity": 23, "h_index": 15, "h5_index": 6, "mag_id": "2084558608", "num_publications": 1, "num_citations": 2, "num_publications_5y": 0, "num_citations_5y": 0, "num_publications_10y": 0, "num_citations_10y": 2, "publications_years": {"2006": 1}, "citations_years": {"2011": 1, "2012": 1}, "old_citations": {"2006": 2}, "isVisible": false}, "2093004666": {"name": "andres kull", "type": "author", "activity": 6, "h_index": 3, "h5_index": 0, "mag_id": "2093004666", "num_publications": 1, "num_citations": 2, "num_publications_5y": 0, "num_citations_5y": 0, "num_publications_10y": 0, "num_citations_10y": 2, "publications_years": {"2008": 1}, "citations_years": {"2010": 1, "2011": 0, "2012": 0, "2013": 1}, "old_citations": {"2008": 2}, "isVisible": false}, "2104534182": {"name": "zainalabedin navabi", "type": "author", "activity": 31, "h_index": 18, "h5_index": 3, "mag_id": "2104534182", "num_publications": 1, "num_citations": 4, "num_publications_5y": 0, "num_citations_5y": 1, "num_publications_10y": 0, "num_citations_10y": 4, "publications_years": {"2008": 1}, "citations_years": {"2009": 1, "2010": 1, "2011": 0, "2012": 1, "2013": 0, "2014": 0, "2015": 0, "2016": 0, "2017": 1}, "old_citations": {"2008": 4}, "isVisible": false}, "2106105596": {"name": "manfred glesner", "type": "author", "activity": 27, "h_index": 23, "h5_index": 0, "mag_id": "2106105596", "num_publications": 1, "num_citations": 2, "num_publications_5y": 0, "num_citations_5y": 0, "num_publications_10y": 0, "num_citations_10y": 2, "publications_years": {"2006": 1}, "citations_years": {"2011": 1, "2012": 1}, "old_citations": {"2006": 2}, "isVisible": false}, "2108828531": {"name": "kitaro yoshimitsu", "type": "author", "activity": 7, "h_index": 5, "h5_index": 0, "mag_id": "2108828531", "num_publications": 1, "num_citations": 2, "num_publications_5y": 0, "num_citations_5y": 0, "num_publications_10y": 0, "num_citations_10y": 2, "publications_years": {"2008": 1}, "citations_years": {"2010": 1, "2011": 1}, "old_citations": {"2008": 2}, "isVisible": false}, "2108896365": {"name": "olev martens", "type": "author", "activity": 16, "h_index": 6, "h5_index": 1, "mag_id": "2108896365", "num_publications": 1, "num_citations": 0, "num_publications_5y": 0, "num_citations_5y": 0, "num_publications_10y": 0, "num_citations_10y": 0, "publications_years": {"2006": 1}, "citations_years": {}, "old_citations": {"2006": 0}, "isVisible": false}, "2117932680": {"name": "a bosio", "type": "author", "activity": 15, "h_index": 12, "h5_index": 5, "mag_id": "2117932680", "num_publications": 1, "num_citations": 0, "num_publications_5y": 0, "num_citations_5y": 0, "num_publications_10y": 0, "num_citations_10y": 0, "publications_years": {"2006": 1}, "citations_years": {}, "old_citations": {"2006": 0}, "isVisible": false}, "2143465780": {"name": "m brik", "type": "author", "activity": 19, "h_index": 4, "h5_index": 0, "mag_id": "2143465780", "num_publications": 1, "num_citations": 0, "num_publications_5y": 0, "num_citations_5y": 0, "num_publications_10y": 0, "num_citations_10y": 0, "publications_years": {"2008": 1}, "citations_years": {}, "old_citations": {"2008": 0}, "isVisible": false}, "2148510226": {"name": "claudius dan", "type": "author", "activity": 8, "h_index": 2, "h5_index": 0, "mag_id": "2148510226", "num_publications": 1, "num_citations": 1, "num_publications_5y": 0, "num_citations_5y": 1, "num_publications_10y": 0, "num_citations_10y": 1, "publications_years": {"2008": 1}, "citations_years": {"2014": 1}, "old_citations": {"2008": 1}, "isVisible": false}, "2150553178": {"name": "alessandro savino", "type": "author", "activity": 14, "h_index": 8, "h5_index": 3, "mag_id": "2150553178", "num_publications": 1, "num_citations": 1, "num_publications_5y": 0, "num_citations_5y": 0, "num_publications_10y": 0, "num_citations_10y": 1, "publications_years": {"2008": 1}, "citations_years": {"2012": 1}, "old_citations": {"2008": 1}, "isVisible": false}, "2157937029": {"name": "g di natale", "type": "author", "activity": 20, "h_index": 15, "h5_index": 2, "mag_id": "2157937029", "num_publications": 1, "num_citations": 0, "num_publications_5y": 0, "num_citations_5y": 0, "num_publications_10y": 0, "num_citations_10y": 0, "publications_years": {"2006": 1}, "citations_years": {}, "old_citations": {"2006": 0}, "isVisible": false}, "2160902444": {"name": "r guzauskas", "type": "author", "activity": 1, "h_index": 1, "h5_index": 0, "mag_id": "2160902444", "num_publications": 1, "num_citations": 2, "num_publications_5y": 0, "num_citations_5y": 1, "num_publications_10y": 0, "num_citations_10y": 2, "publications_years": {"2008": 1}, "citations_years": {"2009": 1, "2010": 0, "2011": 0, "2012": 0, "2013": 0, "2014": 0, "2015": 1}, "old_citations": {"2008": 2}, "isVisible": false}, "2170767061": {"name": "mart min", "type": "author", "activity": 16, "h_index": 10, "h5_index": 2, "mag_id": "2170767061", "num_publications": 1, "num_citations": 0, "num_publications_5y": 0, "num_citations_5y": 0, "num_publications_10y": 0, "num_citations_10y": 0, "publications_years": {"2006": 1}, "citations_years": {}, "old_citations": {"2006": 0}, "isVisible": false}, "2184783955": {"name": "j trestik", "type": "author", "activity": 1, "h_index": 1, "h5_index": 0, "mag_id": "2184783955", "num_publications": 1, "num_citations": 1, "num_publications_5y": 0, "num_citations_5y": 0, "num_publications_10y": 0, "num_citations_10y": 1, "publications_years": {"2006": 1}, "citations_years": {"2011": 1}, "old_citations": {"2006": 1}, "isVisible": false}, "2198696442": {"name": "gert jervan", "type": "author", "activity": 22, "h_index": 9, "h5_index": 4, "mag_id": "2198696442", "num_publications": 1, "num_citations": 4, "num_publications_5y": 0, "num_citations_5y": 0, "num_publications_10y": 0, "num_citations_10y": 0, "publications_years": {"2006": 1}, "citations_years": {"2007": 2, "2008": 2}, "old_citations": {"2006": 4}, "isVisible": false}, "2224432940": {"name": "aleksandrs sozontovs", "type": "author", "activity": 1, "h_index": 0, "h5_index": 0, "mag_id": "2224432940", "num_publications": 1, "num_citations": 0, "num_publications_5y": 0, "num_citations_5y": 0, "num_publications_10y": 0, "num_citations_10y": 0, "publications_years": {"2006": 1}, "citations_years": {}, "old_citations": {"2006": 0}, "isVisible": false}, "2225305120": {"name": "g di guglielmo", "type": "author", "activity": 7, "h_index": 5, "h5_index": 0, "mag_id": "2225305120", "num_publications": 1, "num_citations": 1, "num_publications_5y": 0, "num_citations_5y": 0, "num_publications_10y": 0, "num_citations_10y": 0, "publications_years": {"2008": 1}, "citations_years": {"2008": 1}, "old_citations": {"2008": 1}, "isVisible": false}, "2274296588": {"name": "j jan", "type": "author", "activity": 1, "h_index": 0, "h5_index": 0, "mag_id": "2274296588", "num_publications": 1, "num_citations": 0, "num_publications_5y": 0, "num_citations_5y": 0, "num_publications_10y": 0, "num_citations_10y": 0, "publications_years": {"2008": 1}, "citations_years": {}, "old_citations": {"2008": 0}, "isVisible": false}, "2309611566": {"name": "r volner", "type": "author", "activity": 1, "h_index": 1, "h5_index": 0, "mag_id": "2309611566", "num_publications": 1, "num_citations": 1, "num_publications_5y": 0, "num_citations_5y": 1, "num_publications_10y": 0, "num_citations_10y": 1, "publications_years": {"2008": 1}, "citations_years": {"2014": 1}, "old_citations": {"2008": 1}, "isVisible": false}, "2325979172": {"name": "a arhipov", "type": "author", "activity": 3, "h_index": 1, "h5_index": 0, "mag_id": "2325979172", "num_publications": 1, "num_citations": 1, "num_publications_5y": 0, "num_citations_5y": 0, "num_publications_10y": 0, "num_citations_10y": 1, "publications_years": {"2008": 1}, "citations_years": {"2012": 1}, "old_citations": {"2008": 1}, "isVisible": false}, "2428311307": {"name": "xin wang", "type": "author", "activity": 4, "h_index": 6, "h5_index": 0, "mag_id": "2428311307", "num_publications": 1, "num_citations": 11, "num_publications_5y": 0, "num_citations_5y": 4, "num_publications_10y": 0, "num_citations_10y": 8, "publications_years": {"2006": 1}, "citations_years": {"2007": 3, "2008": 0, "2009": 0, "2010": 1, "2011": 0, "2012": 2, "2013": 1, "2014": 2, "2015": 1, "2016": 1}, "old_citations": {"2006": 11}, "isVisible": false}, "2435855667": {"name": "ye v bodyanskiy", "type": "author", "activity": 12, "h_index": 3, "h5_index": 0, "mag_id": "2435855667", "num_publications": 1, "num_citations": 10, "num_publications_5y": 0, "num_citations_5y": 3, "num_publications_10y": 0, "num_citations_10y": 10, "publications_years": {"2008": 1}, "citations_years": {"2009": 3, "2010": 0, "2011": 1, "2012": 2, "2013": 1, "2014": 2, "2015": 0, "2016": 0, "2017": 1}, "old_citations": {"2008": 10}, "isVisible": false}, "2513078631": {"name": "jarno m a tanskanen", "type": "author", "activity": 25, "h_index": 10, "h5_index": 0, "mag_id": "2513078631", "num_publications": 1, "num_citations": 1, "num_publications_5y": 0, "num_citations_5y": 0, "num_publications_10y": 0, "num_citations_10y": 1, "publications_years": {"2008": 1}, "citations_years": {"2012": 1}, "old_citations": {"2008": 1}, "isVisible": false}, "2532165084": {"name": "lauri ehrenpreis", "type": "author", "activity": 1, "h_index": 1, "h5_index": 0, "mag_id": "2532165084", "num_publications": 1, "num_citations": 5, "num_publications_5y": 0, "num_citations_5y": 0, "num_publications_10y": 0, "num_citations_10y": 5, "publications_years": {"2006": 1}, "citations_years": {"2010": 2, "2011": 2, "2012": 1}, "old_citations": {"2006": 5}, "isVisible": false}, "2557437882": {"name": "k minakova", "type": "author", "activity": 1, "h_index": 1, "h5_index": 0, "mag_id": "2557437882", "num_publications": 1, "num_citations": 5, "num_publications_5y": 0, "num_citations_5y": 2, "num_publications_10y": 0, "num_citations_10y": 5, "publications_years": {"2008": 1}, "citations_years": {"2009": 1, "2010": 1, "2011": 0, "2012": 0, "2013": 1, "2014": 1, "2015": 1}, "old_citations": {"2008": 5}, "isVisible": false}, "2577944084": {"name": "m kaminska", "type": "author", "activity": 1, "h_index": 0, "h5_index": 0, "mag_id": "2577944084", "num_publications": 1, "num_citations": 0, "num_publications_5y": 0, "num_citations_5y": 0, "num_publications_10y": 0, "num_citations_10y": 0, "publications_years": {"2006": 1}, "citations_years": {}, "old_citations": {"2006": 0}, "isVisible": false}, "2578762889": {"name": "t robal", "type": "author", "activity": 1, "h_index": 1, "h5_index": 0, "mag_id": "2578762889", "num_publications": 1, "num_citations": 1, "num_publications_5y": 0, "num_citations_5y": 0, "num_publications_10y": 0, "num_citations_10y": 1, "publications_years": {"2008": 1}, "citations_years": {"2009": 1}, "old_citations": {"2008": 1}, "isVisible": false}, "2611573248": {"name": "j fischer", "type": "author", "activity": 1, "h_index": 1, "h5_index": 0, "mag_id": "2611573248", "num_publications": 1, "num_citations": 1, "num_publications_5y": 0, "num_citations_5y": 0, "num_publications_10y": 0, "num_citations_10y": 1, "publications_years": {"2006": 1}, "citations_years": {"2011": 1}, "old_citations": {"2006": 1}, "isVisible": false}, "2625404068": {"name": "r gleizniene", "type": "author", "activity": 1, "h_index": 1, "h5_index": 0, "mag_id": "2625404068", "num_publications": 1, "num_citations": 7, "num_publications_5y": 0, "num_citations_5y": 3, "num_publications_10y": 0, "num_citations_10y": 3, "publications_years": {"2006": 1}, "citations_years": {"2018": 3, "2019": 3, "2020": 1}, "old_citations": {"2006": 7}, "isVisible": false}, "2625607680": {"name": "b zuga", "type": "author", "activity": 1, "h_index": 0, "h5_index": 0, "mag_id": "2625607680", "num_publications": 1, "num_citations": 0, "num_publications_5y": 0, "num_citations_5y": 0, "num_publications_10y": 0, "num_citations_10y": 0, "publications_years": {"2006": 1}, "citations_years": {}, "old_citations": {"2006": 0}, "isVisible": false}, "2626851359": {"name": "i slaidins", "type": "author", "activity": 1, "h_index": 0, "h5_index": 0, "mag_id": "2626851359", "num_publications": 1, "num_citations": 0, "num_publications_5y": 0, "num_citations_5y": 0, "num_publications_10y": 0, "num_citations_10y": 0, "publications_years": {"2006": 1}, "citations_years": {}, "old_citations": {"2006": 0}, "isVisible": false}, "2633919210": {"name": "a zickis", "type": "author", "activity": 1, "h_index": 1, "h5_index": 0, "mag_id": "2633919210", "num_publications": 1, "num_citations": 2, "num_publications_5y": 0, "num_citations_5y": 1, "num_publications_10y": 0, "num_citations_10y": 2, "publications_years": {"2008": 1}, "citations_years": {"2009": 1, "2010": 0, "2011": 0, "2012": 0, "2013": 0, "2014": 0, "2015": 1}, "old_citations": {"2008": 2}, "isVisible": false}, "2642323112": {"name": "a kalja", "type": "author", "activity": 1, "h_index": 1, "h5_index": 0, "mag_id": "2642323112", "num_publications": 1, "num_citations": 1, "num_publications_5y": 0, "num_citations_5y": 0, "num_publications_10y": 0, "num_citations_10y": 1, "publications_years": {"2008": 1}, "citations_years": {"2009": 1}, "old_citations": {"2008": 1}, "isVisible": false}, "2666153124": {"name": "a usinskas", "type": "author", "activity": 1, "h_index": 1, "h5_index": 0, "mag_id": "2666153124", "num_publications": 1, "num_citations": 7, "num_publications_5y": 0, "num_citations_5y": 3, "num_publications_10y": 0, "num_citations_10y": 3, "publications_years": {"2006": 1}, "citations_years": {"2018": 3, "2019": 3, "2020": 1}, "old_citations": {"2006": 7}, "isVisible": false}, "2670418545": {"name": "a valinevicius", "type": "author", "activity": 1, "h_index": 1, "h5_index": 0, "mag_id": "2670418545", "num_publications": 1, "num_citations": 2, "num_publications_5y": 0, "num_citations_5y": 1, "num_publications_10y": 0, "num_citations_10y": 2, "publications_years": {"2008": 1}, "citations_years": {"2009": 1, "2010": 0, "2011": 0, "2012": 0, "2013": 0, "2014": 0, "2015": 1}, "old_citations": {"2008": 2}, "isVisible": false}, "2673989420": {"name": "a dolotov", "type": "author", "activity": 7, "h_index": 2, "h5_index": 0, "mag_id": "2673989420", "num_publications": 1, "num_citations": 10, "num_publications_5y": 0, "num_citations_5y": 3, "num_publications_10y": 0, "num_citations_10y": 10, "publications_years": {"2008": 1}, "citations_years": {"2009": 3, "2010": 0, "2011": 1, "2012": 2, "2013": 1, "2014": 2, "2015": 0, "2016": 0, "2017": 1}, "old_citations": {"2008": 10}, "isVisible": false}, "2677677338": {"name": "d foty", "type": "author", "activity": 1, "h_index": 0, "h5_index": 0, "mag_id": "2677677338", "num_publications": 1, "num_citations": 0, "num_publications_5y": 0, "num_citations_5y": 0, "num_publications_10y": 0, "num_citations_10y": 0, "publications_years": {"2008": 1}, "citations_years": {}, "old_citations": {"2008": 0}, "isVisible": false}, "2695432345": {"name": "a anier", "type": "author", "activity": 1, "h_index": 1, "h5_index": 0, "mag_id": "2695432345", "num_publications": 1, "num_citations": 1, "num_publications_5y": 0, "num_citations_5y": 0, "num_publications_10y": 0, "num_citations_10y": 0, "publications_years": {"2006": 1}, "citations_years": {"2008": 1}, "old_citations": {"2006": 1}, "isVisible": false}, "2698428892": {"name": "j m leppanen", "type": "author", "activity": 1, "h_index": 1, "h5_index": 0, "mag_id": "2698428892", "num_publications": 1, "num_citations": 1, "num_publications_5y": 0, "num_citations_5y": 0, "num_publications_10y": 0, "num_citations_10y": 1, "publications_years": {"2008": 1}, "citations_years": {"2012": 1}, "old_citations": {"2008": 1}, "isVisible": false}, "2949954091": {"name": "p prinetto", "type": "author", "activity": 23, "h_index": 12, "h5_index": 0, "mag_id": "2949954091", "num_publications": 1, "num_citations": 4, "num_publications_5y": 0, "num_citations_5y": 1, "num_publications_10y": 0, "num_citations_10y": 4, "publications_years": {"2008": 1}, "citations_years": {"2009": 1, "2010": 1, "2011": 0, "2012": 1, "2013": 0, "2014": 0, "2015": 0, "2016": 0, "2017": 1}, "old_citations": {"2008": 4}, "isVisible": false}, "2973883081": {"name": "f refan", "type": "author", "activity": 1, "h_index": 2, "h5_index": 0, "mag_id": "2973883081", "num_publications": 1, "num_citations": 4, "num_publications_5y": 0, "num_citations_5y": 1, "num_publications_10y": 0, "num_citations_10y": 4, "publications_years": {"2008": 1}, "citations_years": {"2009": 1, "2010": 1, "2011": 0, "2012": 1, "2013": 0, "2014": 0, "2015": 0, "2016": 0, "2017": 1}, "old_citations": {"2008": 4}, "isVisible": false}, "2974097438": {"name": "p kabiri", "type": "author", "activity": 1, "h_index": 1, "h5_index": 0, "mag_id": "2974097438", "num_publications": 1, "num_citations": 4, "num_publications_5y": 0, "num_citations_5y": 1, "num_publications_10y": 0, "num_citations_10y": 4, "publications_years": {"2008": 1}, "citations_years": {"2009": 1, "2010": 1, "2011": 0, "2012": 1, "2013": 0, "2014": 0, "2015": 0, "2016": 0, "2017": 1}, "old_citations": {"2008": 4}, "isVisible": false}, "3012737207": {"name": "a matrosova", "type": "author", "activity": 1, "h_index": 1, "h5_index": 0, "mag_id": "3012737207", "num_publications": 1, "num_citations": 3, "num_publications_5y": 0, "num_citations_5y": 1, "num_publications_10y": 0, "num_citations_10y": 3, "publications_years": {"2006": 1}, "citations_years": {"2011": 1, "2012": 1, "2013": 0, "2014": 0, "2015": 0, "2016": 0, "2017": 0, "2018": 1}, "old_citations": {"2006": 3}, "isVisible": false}, "3012843831": {"name": "n butorina", "type": "author", "activity": 1, "h_index": 1, "h5_index": 0, "mag_id": "3012843831", "num_publications": 1, "num_citations": 3, "num_publications_5y": 0, "num_citations_5y": 1, "num_publications_10y": 0, "num_citations_10y": 3, "publications_years": {"2006": 1}, "citations_years": {"2011": 1, "2012": 1, "2013": 0, "2014": 0, "2015": 0, "2016": 0, "2017": 0, "2018": 1}, "old_citations": {"2006": 3}, "isVisible": false}, "2717068820": {"name": "e keras", "type": "author", "activity": 1, "h_index": 1, "h5_index": 0, "mag_id": "2717068820", "num_publications": 1, "num_citations": 2, "num_publications_5y": 0, "num_citations_5y": 1, "num_publications_10y": 0, "num_citations_10y": 2, "publications_years": {"2008": 1}, "citations_years": {"2009": 1, "2010": 0, "2011": 0, "2012": 0, "2013": 0, "2014": 0, "2015": 1}, "old_citations": {"2008": 2}, "isVisible": false}, "2805790824": {"name": "j gronicz", "type": "author", "activity": 1, "h_index": 1, "h5_index": 0, "mag_id": "2805790824", "num_publications": 1, "num_citations": 2, "num_publications_5y": 0, "num_citations_5y": 0, "num_publications_10y": 0, "num_citations_10y": 2, "publications_years": {"2008": 1}, "citations_years": {"2010": 1, "2011": 1}, "old_citations": {"2008": 2}, "isVisible": false}, "2701291053": {"name": "j k hietanen", "type": "author", "activity": 1, "h_index": 1, "h5_index": 0, "mag_id": "2701291053", "num_publications": 1, "num_citations": 1, "num_publications_5y": 0, "num_citations_5y": 0, "num_publications_10y": 0, "num_citations_10y": 1, "publications_years": {"2008": 1}, "citations_years": {"2012": 1}, "old_citations": {"2008": 1}, "isVisible": false}, "2893861217": {"name": "m laiho", "type": "author", "activity": 11, "h_index": 12, "h5_index": 0, "mag_id": "2893861217", "num_publications": 1, "num_citations": 1, "num_publications_5y": 0, "num_citations_5y": 0, "num_publications_10y": 0, "num_citations_10y": 0, "publications_years": {"2006": 1}, "citations_years": {"2007": 1}, "old_citations": {"2006": 1}, "isVisible": false}, "2936737200": {"name": "m bodea", "type": "author", "activity": 1, "h_index": 1, "h5_index": 0, "mag_id": "2936737200", "num_publications": 1, "num_citations": 1, "num_publications_5y": 0, "num_citations_5y": 1, "num_publications_10y": 0, "num_citations_10y": 1, "publications_years": {"2008": 1}, "citations_years": {"2014": 1}, "old_citations": {"2008": 1}, "isVisible": false}, "2937966845": {"name": "e doicaru", "type": "author", "activity": 1, "h_index": 1, "h5_index": 0, "mag_id": "2937966845", "num_publications": 1, "num_citations": 1, "num_publications_5y": 0, "num_citations_5y": 1, "num_publications_10y": 0, "num_citations_10y": 1, "publications_years": {"2008": 1}, "citations_years": {"2014": 1}, "old_citations": {"2008": 1}, "isVisible": false}, "2993347682": {"name": "graziano pravadelli", "type": "author", "activity": 18, "h_index": 18, "h5_index": 2, "mag_id": "2993347682", "num_publications": 1, "num_citations": 1, "num_publications_5y": 0, "num_citations_5y": 0, "num_publications_10y": 0, "num_citations_10y": 0, "publications_years": {"2008": 1}, "citations_years": {"2008": 1}, "old_citations": {"2008": 1}, "isVisible": false}}, "countries": {"Estonia": {"name": "Estonia", "type": "country", "h5_index": 27, "num_publications": 10, "num_citations": 35, "num_publications_5y": 0, "num_citations_5y": 4, "num_publications_10y": 0, "num_citations_10y": 25, "publications_years": {"2006": 6, "2008": 4}, "citations_years": {"2010": 6, "2011": 4, "2012": 4, "2007": 4, "2008": 5, "2009": 3, "2013": 4, "2014": 2, "2015": 1, "2016": 0, "2017": 0, "2018": 1, "2006": 1}, "old_citations": {"2006": 26, "2008": 9}, "isVisible": false}, "Czechia": {"name": "Czechia", "type": "country", "h5_index": 43, "num_publications": 3, "num_citations": 2, "num_publications_5y": 0, "num_citations_5y": 1, "num_publications_10y": 0, "num_citations_10y": 2, "publications_years": {"2008": 2, "2006": 1}, "citations_years": {"2014": 1, "2011": 1}, "old_citations": {"2008": 1, "2006": 1}, "isVisible": false}, "Lithuania": {"name": "Lithuania", "type": "country", "h5_index": 19, "num_publications": 3, "num_citations": 12, "num_publications_5y": 0, "num_citations_5y": 3, "num_publications_10y": 0, "num_citations_10y": 12, "publications_years": {"2008": 3}, "citations_years": {"2009": 1, "2010": 5, "2011": 1, "2012": 1, "2013": 1, "2014": 1, "2015": 1, "2016": 0, "2017": 1}, "old_citations": {"2008": 12}, "isVisible": false}, "Italy": {"name": "Italy", "type": "country", "h5_index": 94, "num_publications": 2, "num_citations": 1, "num_publications_5y": 0, "num_citations_5y": 0, "num_publications_10y": 0, "num_citations_10y": 0, "publications_years": {"2008": 1, "2006": 1}, "citations_years": {"2008": 1}, "old_citations": {"2008": 1, "2006": 0}, "isVisible": false}, "Iran": {"name": "Iran", "type": "country", "h5_index": 63, "num_publications": 1, "num_citations": 4, "num_publications_5y": 0, "num_citations_5y": 1, "num_publications_10y": 0, "num_citations_10y": 4, "publications_years": {"2008": 1}, "citations_years": {"2009": 1, "2010": 1, "2011": 0, "2012": 1, "2013": 0, "2014": 0, "2015": 0, "2016": 0, "2017": 1}, "old_citations": {"2008": 4}, "isVisible": false}, "Japan": {"name": "Japan", "type": "country", "h5_index": 94, "num_publications": 1, "num_citations": 2, "num_publications_5y": 0, "num_citations_5y": 0, "num_publications_10y": 0, "num_citations_10y": 2, "publications_years": {"2008": 1}, "citations_years": {"2010": 1, "2011": 1}, "old_citations": {"2008": 2}, "isVisible": false}, "Romania": {"name": "Romania", "type": "country", "h5_index": 27, "num_publications": 1, "num_citations": 1, "num_publications_5y": 0, "num_citations_5y": 1, "num_publications_10y": 0, "num_citations_10y": 1, "publications_years": {"2008": 1}, "citations_years": {"2014": 1}, "old_citations": {"2008": 1}, "isVisible": false}, "Russia": {"name": "Russia", "type": "country", "h5_index": 45, "num_publications": 1, "num_citations": 3, "num_publications_5y": 0, "num_citations_5y": 1, "num_publications_10y": 0, "num_citations_10y": 3, "publications_years": {"2006": 1}, "citations_years": {"2011": 1, "2012": 1, "2013": 0, "2014": 0, "2015": 0, "2016": 0, "2017": 0, "2018": 1}, "old_citations": {"2006": 3}, "isVisible": false}, "Ukraine": {"name": "Ukraine", "type": "country", "h5_index": 16, "num_publications": 1, "num_citations": 10, "num_publications_5y": 0, "num_citations_5y": 3, "num_publications_10y": 0, "num_citations_10y": 10, "publications_years": {"2008": 1}, "citations_years": {"2009": 3, "2010": 0, "2011": 1, "2012": 2, "2013": 1, "2014": 2, "2015": 0, "2016": 0, "2017": 1}, "old_citations": {"2008": 10}, "isVisible": false}, "United Kingdom": {"name": "United Kingdom", "type": "country", "h5_index": 172, "num_publications": 1, "num_citations": 0, "num_publications_5y": 0, "num_citations_5y": 0, "num_publications_10y": 0, "num_citations_10y": 0, "publications_years": {"2006": 1}, "citations_years": {}, "old_citations": {"2006": 0}, "isVisible": false}}, "industrial_sectors": {"computing_and_it": {"name": "computing_and_it", "type": "industrial sector", "h5_index": 221, "num_publications": 1, "num_citations": 0, "num_publications_5y": 0, "num_citations_5y": 0, "num_publications_10y": 0, "num_citations_10y": 0, "publications_years": {"2006": 1}, "citations_years": {}, "old_citations": {"2006": 0}, "isVisible": false}, "technology": {"name": "technology", "type": "industrial sector", "h5_index": 229, "num_publications": 1, "num_citations": 0, "num_publications_5y": 0, "num_citations_5y": 0, "num_publications_10y": 0, "num_citations_10y": 0, "publications_years": {"2006": 1}, "citations_years": {}, "old_citations": {"2006": 0}, "isVisible": false}}}, "conference_comparison": {"computer science": {}}, "topics_dna": {"publications": {}, "citations": {"normalized": {}, "average": {}}}, "info": {"num_publications": 46, "num_citations": 122.0, "impact_factor": {"2008": 0.4090909090909091}, "publications_years": {"2008": 24, "2006": 22}, "citations_years": {"2006": 2, "2007": 11, "2008": 10, "2009": 10, "2010": 18, "2011": 15, "2012": 17, "2013": 8, "2014": 10, "2015": 5, "2016": 2, "2017": 3, "2018": 7, "2019": 3, "2020": 1}, "old_citations": {"2008": 51, "2006": 71}, "h5_index": 0}, "percentile": {"computer science": {"2008": 63, "2006": 71}}, "conference_ranking": {"computer science": {"2008": 1555, "2006": 1233}}, "academia": {"num_publications": 20, "num_citations": 63, "publications_years": {"2006": 9, "2007": 0, "2008": 11}, "old_citations": {"2006": 30, "2007": 0, "2008": 33}, "num_publications_5y": 0, "num_citations_5y": 0, "num_publications_10y": 0, "num_citations_10y": 0}, "industry": {"num_publications": 1, "num_citations": 0, "publications_years": {"2006": 1}, "old_citations": {"2006": 0}, "num_publications_5y": 0, "num_citations_5y": 0, "num_publications_10y": 0, "num_citations_10y": 0}, "collaborative": {"num_publications": 0, "num_citations": 0, "publications_years": {}, "old_citations": {}, "num_publications_5y": 0, "num_citations_5y": 0, "num_publications_10y": 0, "num_citations_10y": 0}, "conferences": {}, "journals": {}, "organizations": {"publication_overall": ["Tallinn University of Technology", "Kaunas University of Technology", "Brno University of Technology", "Czech Technical University in Prague", "Polytechnic University of Turin", "Tokyo Denki University", "Tomsk State University", "University of Bucharest", "University of Craiova", "University of Kharkiv", "University of Ostrava", "University of Tehran", "University of Verona", "Vilnius Gediminas Technical University", "Yahoo (United Kingdom)"], "citation_overall": ["Tallinn University of Technology", "University of Kharkiv", "Kaunas University of Technology", "Vilnius Gediminas Technical University", "University of Tehran", "Tomsk State University", "Tokyo Denki University", "Czech Technical University in Prague", "University of Bucharest", "University of Craiova", "University of Ostrava", "University of Verona", "Brno University of Technology", "Polytechnic University of Turin", "Yahoo (United Kingdom)"], "publication_10_years": [], "citation_10_years": [], "publication_5_years": [], "citation_5_years": []}, "countries": {"publication_overall": ["Estonia", "Czechia", "Lithuania", "Italy", "Iran", "Japan", "Romania", "Russia", "Ukraine", "United Kingdom"], "citation_overall": ["Estonia", "Lithuania", "Ukraine", "Iran", "Russia", "Czechia", "Japan", "Italy", "Romania", "United Kingdom"], "publication_10_years": [], "citation_10_years": [], "publication_5_years": [], "citation_5_years": []}, "topics": {"publication_overall": ["computer science", "computer systems", "computer hardware", "computer networks", "mathematics", "field programmable gate arrays (fpga)", "telecommunication systems", "communication systems", "engineering", "wireless telecommunication systems", "microprocessor chips", "artificial intelligence", "telecommunication networks", "embedded systems", "software engineering", "computer aided design", "vlsi circuits", "bandwidth", "communication channels (information theory)", "computer imaging and vision"], "citation_overall": ["computer science", "computer systems", "computer hardware", "computer networks", "telecommunication systems", "communication systems", "field programmable gate arrays (fpga)", "wireless telecommunication systems", "engineering", "artificial intelligence", "microprocessor chips", "communication channels (information theory)", "signal processing", "computer imaging and vision", "image processing", "mathematics", "computer aided design", "vlsi circuits", "telecommunication networks", "integrated circuit layout"], "publication_10_years": [], "citation_10_years": [], "publication_5_years": [], "citation_5_years": []}, "main_topics": ["computer science"], "authors": {"publication_overall": ["2188854275", "57350013", "2309453789", "1648389857", "3010837147", "40046689", "2023784242", "2057696983", "2083556801", "2106175008", "2122929506", "2144823793", "2162358081", "2922210899", "53784994", "77003035", "89809106", "121391313", "153881600", "175699875", "189513048", "202560793", "240041925", "274392370", "371622737", "382011890", "383286006", "415540743", "687134723", "703477535", "720240892", "1123312438", "1222451089", "1253109021", "1388949919", "1480769218", "1669639719", "1698054258", "1826068322", "1885184756", "1965817248", "1967482971", "1969907528", "1973891103", "1976837147", "1981662470", "1990730075", "1993799701", "2014601333", "2017366291", "2021904038", "2026025095", "2028164670", "2040326423", "2045948763", "2065227360", "2069763268", "2071223388", "2074722224", "2076413971", "2083450945", "2084558608", "2093004666", "2104534182", "2106105596", "2108828531", "2108896365", "2117932680", "2143465780", "2148510226", "2150553178", "2157937029", "2160902444", "2170767061", "2184783955", "2198696442", "2224432940", "2225305120", "2274296588", "2309611566", "2325979172", "2428311307", "2435855667", "2513078631", "2532165084", "2557437882", "2577944084", "2578762889", "2611573248", "2625404068", "2625607680", "2626851359", "2633919210", "2642323112", "2666153124", "2670418545", "2673989420", "2677677338", "2695432345", "2698428892"], "citation_overall": ["2188854275", "2309453789", "1648389857", "2028164670", "2428311307", "687134723", "2435855667", "2673989420", "2045948763", "57350013", "3010837147", "2162358081", "2625404068", "2666153124", "121391313", "202560793", "2057696983", "2083556801", "2106175008", "2122929506", "2922210899", "40046689", "175699875", "274392370", "1123312438", "1222451089", "1253109021", "2040326423", "2069763268", "2532165084", "2557437882", "153881600", "240041925", "415540743", "1388949919", "1969907528", "1976837147", "1981662470", "1990730075", "2014601333", "2026025095", "2065227360", "2104534182", "2198696442", "2949954091", "2973883081", "2974097438", "189513048", "3012737207", "3012843831", "53784994", "89809106", "371622737", "703477535", "1698054258", "1826068322", "1885184756", "2017366291", "2023784242", "2084558608", "2093004666", "2106105596", "2108828531", "2160902444", "2633919210", "2670418545", "2717068820", "2805790824", "77003035", "383286006", "720240892", "1669639719", "1993799701", "2021904038", "2071223388", "2074722224", "2076413971", "2144823793", "2148510226", "2150553178", "2184783955", "2225305120", "2309611566", "2325979172", "2513078631", "2578762889", "2611573248", "2642323112", "2695432345", "2698428892", "2701291053", "2893861217", "2936737200", "2937966845", "2993347682", "382011890", "1480769218", "1965817248", "1967482971", "1973891103"], "publication_10_years": [], "citation_10_years": [], "publication_5_years": [], "citation_5_years": []}, "industrial_sectors": {"publication_overall": ["computing_and_it", "technology"], "citation_overall": ["computing_and_it", "technology"], "publication_10_years": [], "citation_10_years": [], "publication_5_years": [], "citation_5_years": []}}