{"name": "World Computer Congress on Education and Society", "acronym": "WCCES", "type": "conference", "uniqueEntities": {"organizations": {"Technical University of Berlin": {"name": "Technical University of Berlin", "type": "organization", "organization_type": "Education", "h_index": 119, "h5_index": 40, "num_publications": 1, "num_citations": 10, "num_publications_5y": 0, "num_citations_5y": 2, "num_publications_10y": 0, "num_citations_10y": 5, "publications_years": {"1992": 1}, "citations_years": {"1994": 1, "1995": 2, "1996": 1, "1997": 1, "1998": 0, "1999": 0, "2000": 0, "2001": 0, "2002": 0, "2003": 0, "2004": 0, "2005": 0, "2006": 0, "2007": 0, "2008": 0, "2009": 0, "2010": 1, "2011": 1, "2012": 1, "2013": 0, "2014": 0, "2015": 1, "2016": 0, "2017": 1}, "old_citations": {"1992": 10}, "isVisible": false}, "University of Hildesheim": {"name": "University of Hildesheim", "type": "organization", "organization_type": "Education", "h_index": 44, "h5_index": 9, "num_publications": 1, "num_citations": 10, "num_publications_5y": 0, "num_citations_5y": 2, "num_publications_10y": 0, "num_citations_10y": 5, "publications_years": {"1992": 1}, "citations_years": {"1994": 1, "1995": 2, "1996": 1, "1997": 1, "1998": 0, "1999": 0, "2000": 0, "2001": 0, "2002": 0, "2003": 0, "2004": 0, "2005": 0, "2006": 0, "2007": 0, "2008": 0, "2009": 0, "2010": 1, "2011": 1, "2012": 1, "2013": 0, "2014": 0, "2015": 1, "2016": 0, "2017": 1}, "old_citations": {"1992": 10}, "isVisible": false}}, "topics": {"computer science": {"name": "computer science", "type": "topic", "h_index": 1779, "h5_index": 416, "num_publications": 41, "num_citations": 103, "num_publications_5y": 0, "num_citations_5y": 7, "num_publications_10y": 0, "num_citations_10y": 19, "publications_years": {"1992": 41}, "citations_years": {"1995": 7, "1996": 2, "1997": 4, "1998": 17, "1999": 9, "2000": 5, "2001": 3, "2002": 6, "2003": 1, "2004": 3, "2005": 4, "1994": 5, "1993": 10, "2006": 1, "2007": 2, "2008": 2, "2009": 3, "2010": 4, "2011": 1, "2012": 3, "2013": 1, "2014": 2, "2015": 3, "2016": 0, "2017": 1, "2018": 1, "2019": 2, "2020": 1}, "old_citations": {"1992": 108}, "isVisible": false}, "computer systems": {"name": "computer systems", "type": "topic", "h_index": 1595, "h5_index": 367, "num_publications": 28, "num_citations": 75, "num_publications_5y": 0, "num_citations_5y": 3, "num_publications_10y": 0, "num_citations_10y": 9, "publications_years": {"1992": 28}, "citations_years": {"1994": 4, "1995": 3, "1996": 1, "1997": 2, "1998": 16, "1999": 9, "2000": 4, "2001": 2, "2002": 5, "1993": 9, "2003": 1, "2004": 1, "2005": 3, "2006": 1, "2007": 1, "2008": 2, "2009": 3, "2010": 0, "2011": 0, "2012": 2, "2013": 1, "2014": 1, "2015": 1, "2016": 0, "2017": 0, "2018": 1, "2019": 1, "2020": 1}, "old_citations": {"1992": 75}, "isVisible": false}, "computer security": {"name": "computer security", "type": "topic", "h_index": 977, "h5_index": 220, "num_publications": 16, "num_citations": 34, "num_publications_5y": 0, "num_citations_5y": 4, "num_publications_10y": 0, "num_citations_10y": 10, "publications_years": {"1992": 16}, "citations_years": {"1994": 3, "1995": 3, "1996": 2, "1997": 3, "1998": 0, "1999": 0, "2000": 3, "2001": 1, "2002": 2, "2008": 1, "1993": 2, "2003": 0, "2004": 1, "2005": 1, "2010": 4, "2006": 0, "2007": 1, "2009": 0, "2011": 1, "2012": 1, "2013": 0, "2014": 1, "2015": 2, "2016": 0, "2017": 1, "2018": 0, "2019": 1}, "old_citations": {"1992": 34}, "isVisible": false}, "computer networks": {"name": "computer networks", "type": "topic", "h_index": 1262, "h5_index": 332, "num_publications": 13, "num_citations": 33, "num_publications_5y": 0, "num_citations_5y": 4, "num_publications_10y": 0, "num_citations_10y": 10, "publications_years": {"1992": 13}, "citations_years": {"1996": 2, "1993": 2, "1994": 2, "1995": 4, "1997": 2, "1998": 0, "1999": 0, "2000": 4, "2001": 1, "2002": 2, "2003": 0, "2004": 1, "2005": 1, "2010": 4, "2006": 0, "2007": 1, "2008": 0, "2009": 0, "2011": 1, "2012": 1, "2013": 0, "2014": 1, "2015": 2, "2016": 0, "2017": 1, "2018": 0, "2019": 1}, "old_citations": {"1992": 33}, "isVisible": false}, "information systems": {"name": "information systems", "type": "topic", "h_index": 679, "h5_index": 124, "num_publications": 13, "num_citations": 49, "num_publications_5y": 0, "num_citations_5y": 2, "num_publications_10y": 0, "num_citations_10y": 4, "publications_years": {"1992": 13}, "citations_years": {"1993": 4, "1994": 1, "1995": 2, "1996": 0, "1997": 0, "1998": 15, "1999": 9, "2000": 2, "2001": 2, "2002": 3, "2003": 1, "2004": 0, "2005": 1, "2006": 0, "2007": 1, "2008": 2, "2009": 0, "2010": 0, "2011": 0, "2012": 1, "2013": 1, "2014": 1, "2015": 0, "2016": 0, "2017": 0, "2018": 1, "2019": 1, "2020": 1}, "old_citations": {"1992": 49}, "isVisible": false}, "education": {"name": "education", "type": "topic", "h_index": 639, "h5_index": 124, "num_publications": 12, "num_citations": 32, "num_publications_5y": 0, "num_citations_5y": 0, "num_publications_10y": 0, "num_citations_10y": 0, "publications_years": {"1992": 12}, "citations_years": {"1993": 2, "1994": 2, "1995": 1, "1996": 0, "1997": 0, "1998": 15, "1999": 8, "2000": 1, "2001": 0, "2002": 1, "2003": 0, "2004": 0, "2005": 0, "2006": 0, "2007": 1, "2008": 1}, "old_citations": {"1992": 37}, "isVisible": false}, "artificial intelligence": {"name": "artificial intelligence", "type": "topic", "h_index": 1421, "h5_index": 373, "num_publications": 11, "num_citations": 50, "num_publications_5y": 0, "num_citations_5y": 2, "num_publications_10y": 0, "num_citations_10y": 4, "publications_years": {"1992": 11}, "citations_years": {"1995": 2, "1996": 1, "1997": 0, "1998": 16, "1999": 9, "2000": 1, "2001": 2, "2002": 2, "2003": 1, "2004": 1, "2005": 2, "1993": 4, "1994": 2, "2006": 0, "2007": 0, "2008": 1, "2009": 0, "2010": 0, "2011": 0, "2012": 1, "2013": 1, "2014": 1, "2015": 0, "2016": 0, "2017": 0, "2018": 1, "2019": 1, "2020": 1}, "old_citations": {"1992": 50}, "isVisible": false}, "cryptography": {"name": "cryptography", "type": "topic", "h_index": 761, "h5_index": 179, "num_publications": 11, "num_citations": 28, "num_publications_5y": 0, "num_citations_5y": 4, "num_publications_10y": 0, "num_citations_10y": 10, "publications_years": {"1992": 11}, "citations_years": {"1994": 2, "1995": 3, "1996": 2, "1997": 3, "1998": 0, "1999": 0, "2000": 1, "2001": 1, "2002": 2, "2010": 4, "2003": 0, "2004": 1, "2005": 0, "2006": 0, "2007": 1, "2008": 0, "2009": 0, "2011": 1, "2012": 1, "2013": 0, "2014": 1, "2015": 2, "2016": 0, "2017": 1, "1993": 1, "2018": 0, "2019": 1}, "old_citations": {"1992": 28}, "isVisible": false}, "cryptology": {"name": "cryptology", "type": "topic", "h_index": 761, "h5_index": 179, "num_publications": 11, "num_citations": 28, "num_publications_5y": 0, "num_citations_5y": 4, "num_publications_10y": 0, "num_citations_10y": 10, "publications_years": {"1992": 11}, "citations_years": {"1994": 2, "1995": 3, "1996": 2, "1997": 3, "1998": 0, "1999": 0, "2000": 1, "2001": 1, "2002": 2, "2010": 4, "2003": 0, "2004": 1, "2005": 0, "2006": 0, "2007": 1, "2008": 0, "2009": 0, "2011": 1, "2012": 1, "2013": 0, "2014": 1, "2015": 2, "2016": 0, "2017": 1, "1993": 1, "2018": 0, "2019": 1}, "old_citations": {"1992": 28}, "isVisible": false}, "security of data": {"name": "security of data", "type": "topic", "h_index": 883, "h5_index": 199, "num_publications": 11, "num_citations": 28, "num_publications_5y": 0, "num_citations_5y": 4, "num_publications_10y": 0, "num_citations_10y": 10, "publications_years": {"1992": 11}, "citations_years": {"1994": 2, "1995": 3, "1996": 2, "1997": 3, "1998": 0, "1999": 0, "2000": 1, "2001": 1, "2002": 2, "2010": 4, "2003": 0, "2004": 1, "2005": 0, "2006": 0, "2007": 1, "2008": 0, "2009": 0, "2011": 1, "2012": 1, "2013": 0, "2014": 1, "2015": 2, "2016": 0, "2017": 1, "1993": 1, "2018": 0, "2019": 1}, "old_citations": {"1992": 28}, "isVisible": false}, "authentication": {"name": "authentication", "type": "topic", "h_index": 615, "h5_index": 135, "num_publications": 10, "num_citations": 28, "num_publications_5y": 0, "num_citations_5y": 4, "num_publications_10y": 0, "num_citations_10y": 10, "publications_years": {"1992": 10}, "citations_years": {"1994": 2, "1995": 3, "1996": 2, "1997": 3, "1998": 0, "1999": 0, "2000": 1, "2001": 1, "2002": 2, "2010": 4, "2003": 0, "2004": 1, "2005": 0, "2006": 0, "2007": 1, "2008": 0, "2009": 0, "2011": 1, "2012": 1, "2013": 0, "2014": 1, "2015": 2, "2016": 0, "2017": 1, "1993": 1, "2018": 0, "2019": 1}, "old_citations": {"1992": 28}, "isVisible": false}, "network security": {"name": "network security", "type": "topic", "h_index": 658, "h5_index": 157, "num_publications": 10, "num_citations": 25, "num_publications_5y": 0, "num_citations_5y": 4, "num_publications_10y": 0, "num_citations_10y": 10, "publications_years": {"1992": 10}, "citations_years": {"1996": 2, "1995": 3, "1997": 2, "2010": 4, "1994": 1, "1998": 0, "1999": 0, "2000": 1, "2001": 1, "2002": 1, "2003": 0, "2004": 1, "2005": 0, "2006": 0, "2007": 1, "2008": 0, "2009": 0, "2011": 1, "2012": 1, "2013": 0, "2014": 1, "2015": 2, "2016": 0, "2017": 1, "1993": 1, "2018": 0, "2019": 1}, "old_citations": {"1992": 25}, "isVisible": false}, "privacy": {"name": "privacy", "type": "topic", "h_index": 618, "h5_index": 137, "num_publications": 10, "num_citations": 20, "num_publications_5y": 0, "num_citations_5y": 2, "num_publications_10y": 0, "num_citations_10y": 7, "publications_years": {"1992": 10}, "citations_years": {"2008": 1, "1993": 1, "1994": 2, "1995": 3, "1996": 1, "1997": 2, "1998": 0, "1999": 0, "2000": 2, "2001": 0, "2002": 0, "2003": 0, "2004": 0, "2005": 1, "2010": 3, "2006": 0, "2007": 0, "2009": 0, "2011": 1, "2012": 1, "2013": 0, "2014": 0, "2015": 1, "2016": 0, "2017": 1}, "old_citations": {"1992": 20}, "isVisible": false}, "database systems": {"name": "database systems", "type": "topic", "h_index": 1167, "h5_index": 276, "num_publications": 8, "num_citations": 14, "num_publications_5y": 0, "num_citations_5y": 1, "num_publications_10y": 0, "num_citations_10y": 4, "publications_years": {"1992": 8}, "citations_years": {"1993": 4, "1994": 0, "1995": 1, "1996": 0, "1997": 0, "1998": 0, "1999": 0, "2000": 0, "2001": 0, "2002": 1, "2003": 0, "2004": 1, "2005": 1, "2006": 1, "2007": 0, "2008": 1, "2009": 3, "2010": 0, "2011": 0, "2012": 0, "2013": 0, "2014": 0, "2015": 1}, "old_citations": {"1992": 14}, "isVisible": false}, "e-learning": {"name": "e-learning", "type": "topic", "h_index": 392, "h5_index": 80, "num_publications": 8, "num_citations": 31, "num_publications_5y": 0, "num_citations_5y": 0, "num_publications_10y": 0, "num_citations_10y": 0, "publications_years": {"1992": 8}, "citations_years": {"1993": 2, "1994": 1, "1995": 1, "1996": 0, "1997": 0, "1998": 15, "1999": 8, "2000": 1, "2001": 0, "2002": 1, "2003": 0, "2004": 0, "2005": 0, "2006": 0, "2007": 1, "2008": 1}, "old_citations": {"1992": 31}, "isVisible": false}, "information retrieval": {"name": "information retrieval", "type": "topic", "h_index": 882, "h5_index": 227, "num_publications": 8, "num_citations": 7, "num_publications_5y": 0, "num_citations_5y": 0, "num_publications_10y": 0, "num_citations_10y": 0, "publications_years": {"1992": 8}, "citations_years": {"2008": 1, "1993": 2, "1994": 1, "1995": 0, "1996": 0, "1997": 0, "1998": 0, "1999": 0, "2000": 2, "2001": 0, "2002": 0, "2003": 0, "2004": 0, "2005": 1}, "old_citations": {"1992": 7}, "isVisible": false}, "information technology": {"name": "information technology", "type": "topic", "h_index": 696, "h5_index": 149, "num_publications": 7, "num_citations": 16, "num_publications_5y": 0, "num_citations_5y": 2, "num_publications_10y": 0, "num_citations_10y": 5, "publications_years": {"1992": 7}, "citations_years": {"2008": 1, "1993": 1, "1994": 2, "1995": 2, "1996": 1, "1997": 1, "1998": 0, "1999": 0, "2000": 2, "2001": 0, "2002": 0, "2003": 0, "2004": 0, "2005": 1, "2006": 0, "2007": 0, "2009": 0, "2010": 1, "2011": 1, "2012": 1, "2013": 0, "2014": 0, "2015": 1, "2016": 0, "2017": 1}, "old_citations": {"1992": 16}, "isVisible": false}, "internet": {"name": "internet", "type": "topic", "h_index": 1102, "h5_index": 245, "num_publications": 7, "num_citations": 6, "num_publications_5y": 0, "num_citations_5y": 0, "num_publications_10y": 0, "num_citations_10y": 0, "publications_years": {"1992": 7}, "citations_years": {"1995": 1, "1996": 0, "1997": 1, "1998": 1, "1999": 0, "2000": 1, "2001": 0, "2002": 1, "1993": 1}, "old_citations": {"1992": 6}, "isVisible": false}, "software engineering": {"name": "software engineering", "type": "topic", "h_index": 964, "h5_index": 236, "num_publications": 7, "num_citations": 17, "num_publications_5y": 0, "num_citations_5y": 2, "num_publications_10y": 0, "num_citations_10y": 4, "publications_years": {"1992": 7}, "citations_years": {"1993": 2, "1994": 0, "1995": 1, "1996": 0, "1997": 0, "1998": 0, "1999": 1, "2000": 1, "2001": 2, "2002": 2, "2003": 1, "2004": 0, "2005": 1, "2006": 0, "2007": 0, "2008": 0, "2009": 0, "2010": 0, "2011": 0, "2012": 1, "2013": 1, "2014": 1, "2015": 0, "2016": 0, "2017": 0, "2018": 1, "2019": 1, "2020": 1}, "old_citations": {"1992": 17}, "isVisible": false}, "telecommunication systems": {"name": "telecommunication systems", "type": "topic", "h_index": 1187, "h5_index": 277, "num_publications": 7, "num_citations": 11, "num_publications_5y": 0, "num_citations_5y": 0, "num_publications_10y": 0, "num_citations_10y": 0, "publications_years": {"1992": 7}, "citations_years": {"1996": 1, "1993": 1, "1994": 1, "1995": 1, "1997": 1, "1998": 1, "1999": 0, "2000": 3, "2001": 0, "2002": 1, "2003": 0, "2004": 0, "2005": 1}, "old_citations": {"1992": 11}, "isVisible": false}, "human computer interaction": {"name": "human computer interaction", "type": "topic", "h_index": 934, "h5_index": 215, "num_publications": 6, "num_citations": 33, "num_publications_5y": 0, "num_citations_5y": 0, "num_publications_10y": 0, "num_citations_10y": 0, "publications_years": {"1992": 6}, "citations_years": {"1993": 3, "1994": 1, "1995": 1, "1996": 0, "1997": 1, "1998": 16, "1999": 8, "2000": 1, "2001": 0, "2002": 1, "2003": 0, "2004": 0, "2005": 0, "2006": 0, "2007": 0, "2008": 1}, "old_citations": {"1992": 33}, "isVisible": false}, "mathematics": {"name": "mathematics", "type": "topic", "h_index": 1364, "h5_index": 300, "num_publications": 4, "num_citations": 32, "num_publications_5y": 0, "num_citations_5y": 0, "num_publications_10y": 0, "num_citations_10y": 2, "publications_years": {"1992": 4}, "citations_years": {"1992": 3, "1993": 0, "1994": 3, "1995": 0, "1996": 0, "1997": 2, "1998": 0, "1999": 3, "2000": 3, "2001": 1, "2002": 7, "2003": 1, "2004": 1, "2005": 0, "2006": 2, "2007": 1, "2008": 3, "2009": 0, "2010": 2}, "old_citations": {"1992": 32}, "isVisible": false}, "correlation analysis": {"name": "correlation analysis", "type": "topic", "h_index": 1044, "h5_index": 224, "num_publications": 3, "num_citations": 31, "num_publications_5y": 0, "num_citations_5y": 0, "num_publications_10y": 0, "num_citations_10y": 2, "publications_years": {"1992": 3}, "citations_years": {"1992": 3, "1993": 0, "1994": 3, "1995": 0, "1996": 0, "1997": 2, "1998": 0, "1999": 3, "2000": 3, "2001": 1, "2002": 7, "2003": 1, "2004": 1, "2005": 0, "2006": 2, "2007": 0, "2008": 3, "2009": 0, "2010": 2}, "old_citations": {"1992": 31}, "isVisible": false}, "optimization problems": {"name": "optimization problems", "type": "topic", "h_index": 593, "h5_index": 142, "num_publications": 1, "num_citations": 31, "num_publications_5y": 0, "num_citations_5y": 0, "num_publications_10y": 0, "num_citations_10y": 2, "publications_years": {"1992": 1}, "citations_years": {"1992": 3, "1993": 0, "1994": 3, "1995": 0, "1996": 0, "1997": 2, "1998": 0, "1999": 3, "2000": 3, "2001": 1, "2002": 7, "2003": 1, "2004": 1, "2005": 0, "2006": 2, "2007": 0, "2008": 3, "2009": 0, "2010": 2}, "old_citations": {"1992": 31}, "isVisible": false}, "computer aided instruction": {"name": "computer aided instruction", "type": "topic", "h_index": 269, "h5_index": 51, "num_publications": 3, "num_citations": 30, "num_publications_5y": 0, "num_citations_5y": 0, "num_publications_10y": 0, "num_citations_10y": 0, "publications_years": {"1992": 3}, "citations_years": {"1993": 2, "1994": 1, "1995": 1, "1996": 0, "1997": 0, "1998": 15, "1999": 8, "2000": 1, "2001": 0, "2002": 1, "2003": 0, "2004": 0, "2005": 0, "2006": 0, "2007": 0, "2008": 1}, "old_citations": {"1992": 30}, "isVisible": false}, "dynamic logic": {"name": "dynamic logic", "type": "topic", "h_index": 191, "h5_index": 25, "num_publications": 1, "num_citations": 27, "num_publications_5y": 0, "num_citations_5y": 0, "num_publications_10y": 0, "num_citations_10y": 0, "publications_years": {"1992": 1}, "citations_years": {"1993": 2, "1994": 1, "1995": 0, "1996": 0, "1997": 0, "1998": 15, "1999": 8, "2000": 0, "2001": 0, "2002": 0, "2003": 0, "2004": 0, "2005": 0, "2006": 0, "2007": 0, "2008": 1}, "old_citations": {"1992": 27}, "isVisible": false}, "engineering": {"name": "engineering", "type": "topic", "h_index": 1177, "h5_index": 287, "num_publications": 4, "num_citations": 27, "num_publications_5y": 0, "num_citations_5y": 4, "num_publications_10y": 0, "num_citations_10y": 7, "publications_years": {"1992": 4}, "citations_years": {"1996": 1, "1993": 2, "1994": 0, "1995": 1, "1997": 0, "1998": 0, "1999": 1, "2000": 2, "2001": 3, "2002": 3, "2003": 1, "2004": 1, "2005": 1, "2006": 0, "2007": 1, "2008": 0, "2009": 0, "2010": 1, "2011": 0, "2012": 1, "2013": 1, "2014": 2, "2015": 1, "2016": 0, "2017": 0, "2018": 1, "2019": 2, "2020": 1}, "old_citations": {"1992": 27}, "isVisible": false}, "formal logic": {"name": "formal logic", "type": "topic", "h_index": 532, "h5_index": 93, "num_publications": 3, "num_citations": 27, "num_publications_5y": 0, "num_citations_5y": 0, "num_publications_10y": 0, "num_citations_10y": 0, "publications_years": {"1992": 3}, "citations_years": {"1993": 2, "1994": 1, "1995": 0, "1996": 0, "1997": 0, "1998": 15, "1999": 8, "2000": 0, "2001": 0, "2002": 0, "2003": 0, "2004": 0, "2005": 0, "2006": 0, "2007": 0, "2008": 1}, "old_citations": {"1992": 27}, "isVisible": false}}, "authors": {"2339635653": {"name": "mike burmester", "type": "author", "activity": 31, "h_index": 25, "h5_index": 4, "mag_id": "2339635653", "num_publications": 2, "num_citations": 1, "num_publications_5y": 0, "num_citations_5y": 0, "num_publications_10y": 0, "num_citations_10y": 0, "publications_years": {"1992": 2}, "citations_years": {"1996": 1}, "old_citations": {"1992": 1}, "isVisible": false}, "137421214": {"name": "lone dirckinckholmfeld", "type": "author", "activity": 30, "h_index": 12, "h5_index": 1, "mag_id": "137421214", "num_publications": 1, "num_citations": 2, "num_publications_5y": 0, "num_citations_5y": 0, "num_publications_10y": 0, "num_citations_10y": 0, "publications_years": {"1992": 1}, "citations_years": {"1997": 1, "1998": 1}, "old_citations": {"1992": 2}, "isVisible": false}, "184861064": {"name": "kai rannenberg", "type": "author", "activity": 28, "h_index": 13, "h5_index": 3, "mag_id": "184861064", "num_publications": 1, "num_citations": 10, "num_publications_5y": 0, "num_citations_5y": 2, "num_publications_10y": 0, "num_citations_10y": 5, "publications_years": {"1992": 1}, "citations_years": {"1994": 1, "1995": 2, "1996": 1, "1997": 1, "1998": 0, "1999": 0, "2000": 0, "2001": 0, "2002": 0, "2003": 0, "2004": 0, "2005": 0, "2006": 0, "2007": 0, "2008": 0, "2009": 0, "2010": 1, "2011": 1, "2012": 1, "2013": 0, "2014": 0, "2015": 1, "2016": 0, "2017": 1}, "old_citations": {"1992": 10}, "isVisible": false}, "236801947": {"name": "jacques kouloumdjian", "type": "author", "activity": 11, "h_index": 3, "h5_index": 0, "mag_id": "236801947", "num_publications": 1, "num_citations": 1, "num_publications_5y": 0, "num_citations_5y": 0, "num_publications_10y": 0, "num_citations_10y": 0, "publications_years": {"1992": 1}, "citations_years": {"1994": 1}, "old_citations": {"1992": 1}, "isVisible": false}, "263976910": {"name": "thierry nodenot", "type": "author", "activity": 28, "h_index": 6, "h5_index": 0, "mag_id": "263976910", "num_publications": 1, "num_citations": 0, "num_publications_5y": 0, "num_citations_5y": 0, "num_publications_10y": 0, "num_citations_10y": 0, "publications_years": {"1992": 1}, "citations_years": {}, "old_citations": {"1992": 0}, "isVisible": false}, "1865123371": {"name": "nikos alexandris", "type": "author", "activity": 10, "h_index": 2, "h5_index": 0, "mag_id": "1865123371", "num_publications": 1, "num_citations": 1, "num_publications_5y": 0, "num_citations_5y": 0, "num_publications_10y": 0, "num_citations_10y": 0, "publications_years": {"1992": 1}, "citations_years": {"1996": 1}, "old_citations": {"1992": 1}, "isVisible": false}, "2085995120": {"name": "matthias reisfelder", "type": "author", "activity": 1, "h_index": 1, "h5_index": 0, "mag_id": "2085995120", "num_publications": 1, "num_citations": 1, "num_publications_5y": 0, "num_citations_5y": 0, "num_publications_10y": 0, "num_citations_10y": 0, "publications_years": {"1992": 1}, "citations_years": {"2004": 1}, "old_citations": {"1992": 1}, "isVisible": false}, "2094917606": {"name": "yvo desmedt", "type": "author", "activity": 30, "h_index": 27, "h5_index": 3, "mag_id": "2094917606", "num_publications": 1, "num_citations": 0, "num_publications_5y": 0, "num_citations_5y": 0, "num_publications_10y": 0, "num_citations_10y": 0, "publications_years": {"1992": 1}, "citations_years": {}, "old_citations": {"1992": 0}, "isVisible": false}, "2095800366": {"name": "rainer weidemann", "type": "author", "activity": 23, "h_index": 1, "h5_index": 0, "mag_id": "2095800366", "num_publications": 1, "num_citations": 1, "num_publications_5y": 0, "num_citations_5y": 0, "num_publications_10y": 0, "num_citations_10y": 0, "publications_years": {"1992": 1}, "citations_years": {"2004": 1}, "old_citations": {"1992": 1}, "isVisible": false}, "2097757151": {"name": "roger clarke", "type": "author", "activity": 31, "h_index": 18, "h5_index": 4, "mag_id": "2097757151", "num_publications": 1, "num_citations": 16, "num_publications_5y": 0, "num_citations_5y": 2, "num_publications_10y": 0, "num_citations_10y": 4, "publications_years": {"1992": 1}, "citations_years": {"1993": 1, "1994": 0, "1995": 1, "1996": 0, "1997": 0, "1998": 0, "1999": 1, "2000": 1, "2001": 2, "2002": 2, "2003": 1, "2004": 0, "2005": 1, "2006": 0, "2007": 0, "2008": 0, "2009": 0, "2010": 0, "2011": 0, "2012": 1, "2013": 1, "2014": 1, "2015": 0, "2016": 0, "2017": 0, "2018": 1, "2019": 1, "2020": 1}, "old_citations": {"1992": 16}, "isVisible": false}, "2116960371": {"name": "morrie gasser", "type": "author", "activity": 13, "h_index": 9, "h5_index": 0, "mag_id": "2116960371", "num_publications": 1, "num_citations": 2, "num_publications_5y": 0, "num_citations_5y": 0, "num_publications_10y": 0, "num_citations_10y": 2, "publications_years": {"1992": 1}, "citations_years": {"2010": 2}, "old_citations": {"1992": 2}, "isVisible": false}, "2123197053": {"name": "detlef kupper", "type": "author", "activity": 1, "h_index": 1, "h5_index": 0, "mag_id": "2123197053", "num_publications": 1, "num_citations": 1, "num_publications_5y": 0, "num_citations_5y": 0, "num_publications_10y": 0, "num_citations_10y": 0, "publications_years": {"1992": 1}, "citations_years": {"1993": 1}, "old_citations": {"1992": 1}, "isVisible": false}, "2124334470": {"name": "robert molloy", "type": "author", "activity": 29, "h_index": 5, "h5_index": 0, "mag_id": "2124334470", "num_publications": 1, "num_citations": 10, "num_publications_5y": 0, "num_citations_5y": 2, "num_publications_10y": 0, "num_citations_10y": 3, "publications_years": {"1992": 1}, "citations_years": {"1993": 1, "1994": 0, "1995": 0, "1996": 0, "1997": 0, "1998": 0, "1999": 0, "2000": 1, "2001": 1, "2002": 1, "2003": 0, "2004": 1, "2005": 0, "2006": 0, "2007": 1, "2008": 0, "2009": 0, "2010": 1, "2011": 0, "2012": 0, "2013": 0, "2014": 1, "2015": 1, "2016": 0, "2017": 0, "2018": 0, "2019": 1}, "old_citations": {"1992": 10}, "isVisible": false}, "2125106332": {"name": "indramani l singh", "type": "author", "activity": 24, "h_index": 3, "h5_index": 0, "mag_id": "2125106332", "num_publications": 1, "num_citations": 10, "num_publications_5y": 0, "num_citations_5y": 2, "num_publications_10y": 0, "num_citations_10y": 3, "publications_years": {"1992": 1}, "citations_years": {"1993": 1, "1994": 0, "1995": 0, "1996": 0, "1997": 0, "1998": 0, "1999": 0, "2000": 1, "2001": 1, "2002": 1, "2003": 0, "2004": 1, "2005": 0, "2006": 0, "2007": 1, "2008": 0, "2009": 0, "2010": 1, "2011": 0, "2012": 0, "2013": 0, "2014": 1, "2015": 1, "2016": 0, "2017": 0, "2018": 0, "2019": 1}, "old_citations": {"1992": 10}, "isVisible": false}, "2125468575": {"name": "raja parasuraman", "type": "author", "activity": 29, "h_index": 20, "h5_index": 1, "mag_id": "2125468575", "num_publications": 1, "num_citations": 10, "num_publications_5y": 0, "num_citations_5y": 2, "num_publications_10y": 0, "num_citations_10y": 3, "publications_years": {"1992": 1}, "citations_years": {"1993": 1, "1994": 0, "1995": 0, "1996": 0, "1997": 0, "1998": 0, "1999": 0, "2000": 1, "2001": 1, "2002": 1, "2003": 0, "2004": 1, "2005": 0, "2006": 0, "2007": 1, "2008": 0, "2009": 0, "2010": 1, "2011": 0, "2012": 0, "2013": 0, "2014": 1, "2015": 1, "2016": 0, "2017": 0, "2018": 0, "2019": 1}, "old_citations": {"1992": 10}, "isVisible": false}, "2131717472": {"name": "werner geiger", "type": "author", "activity": 20, "h_index": 2, "h5_index": 0, "mag_id": "2131717472", "num_publications": 1, "num_citations": 1, "num_publications_5y": 0, "num_citations_5y": 0, "num_publications_10y": 0, "num_citations_10y": 0, "publications_years": {"1992": 1}, "citations_years": {"2004": 1}, "old_citations": {"1992": 1}, "isVisible": false}, "2132561488": {"name": "c dianne martin", "type": "author", "activity": 28, "h_index": 10, "h5_index": 1, "mag_id": "2132561488", "num_publications": 1, "num_citations": 0, "num_publications_5y": 0, "num_citations_5y": 0, "num_publications_10y": 0, "num_citations_10y": 0, "publications_years": {"1992": 1}, "citations_years": {}, "old_citations": {"1992": 5}, "isVisible": false}, "2136384511": {"name": "janni nielsen", "type": "author", "activity": 21, "h_index": 6, "h5_index": 0, "mag_id": "2136384511", "num_publications": 1, "num_citations": 2, "num_publications_5y": 0, "num_citations_5y": 0, "num_publications_10y": 0, "num_citations_10y": 0, "publications_years": {"1992": 1}, "citations_years": {"1997": 1, "1998": 1}, "old_citations": {"1992": 2}, "isVisible": false}, "2138714768": {"name": "wallace wood", "type": "author", "activity": 14, "h_index": 2, "h5_index": 0, "mag_id": "2138714768", "num_publications": 1, "num_citations": 0, "num_publications_5y": 0, "num_citations_5y": 0, "num_publications_10y": 0, "num_citations_10y": 0, "publications_years": {"1992": 1}, "citations_years": {}, "old_citations": {"1992": 0}, "isVisible": false}, "2145162833": {"name": "tsau young lin", "type": "author", "activity": 30, "h_index": 24, "h5_index": 1, "mag_id": "2145162833", "num_publications": 1, "num_citations": 9, "num_publications_5y": 0, "num_citations_5y": 1, "num_publications_10y": 0, "num_citations_10y": 4, "publications_years": {"1992": 1}, "citations_years": {"1993": 2, "1994": 0, "1995": 0, "1996": 0, "1997": 0, "1998": 0, "1999": 0, "2000": 0, "2001": 0, "2002": 0, "2003": 0, "2004": 1, "2005": 1, "2006": 1, "2007": 0, "2008": 0, "2009": 3, "2010": 0, "2011": 0, "2012": 0, "2013": 0, "2014": 0, "2015": 1}, "old_citations": {"1992": 9}, "isVisible": false}, "2148468471": {"name": "christine bonnet", "type": "author", "activity": 3, "h_index": 1, "h5_index": 0, "mag_id": "2148468471", "num_publications": 1, "num_citations": 1, "num_publications_5y": 0, "num_citations_5y": 0, "num_publications_10y": 0, "num_citations_10y": 0, "publications_years": {"1992": 1}, "citations_years": {"1994": 1}, "old_citations": {"1992": 1}, "isVisible": false}, "2153564338": {"name": "j anderson", "type": "author", "activity": 1, "h_index": 0, "h5_index": 0, "mag_id": "2153564338", "num_publications": 1, "num_citations": 0, "num_publications_5y": 0, "num_citations_5y": 0, "num_publications_10y": 0, "num_citations_10y": 0, "publications_years": {"1992": 1}, "citations_years": {}, "old_citations": {"1992": 0}, "isVisible": false}, "2174830738": {"name": "monika mullerburg", "type": "author", "activity": 3, "h_index": 1, "h5_index": 0, "mag_id": "2174830738", "num_publications": 1, "num_citations": 1, "num_publications_5y": 0, "num_citations_5y": 0, "num_publications_10y": 0, "num_citations_10y": 0, "publications_years": {"1992": 1}, "citations_years": {"1993": 1}, "old_citations": {"1992": 1}, "isVisible": false}, "2194665952": {"name": "mohandsaid hacid", "type": "author", "activity": 15, "h_index": 4, "h5_index": 0, "mag_id": "2194665952", "num_publications": 1, "num_citations": 1, "num_publications_5y": 0, "num_citations_5y": 0, "num_publications_10y": 0, "num_citations_10y": 0, "publications_years": {"1992": 1}, "citations_years": {"1994": 1}, "old_citations": {"1992": 1}, "isVisible": false}, "2262040313": {"name": "ali mili", "type": "author", "activity": 30, "h_index": 19, "h5_index": 3, "mag_id": "2262040313", "num_publications": 1, "num_citations": 0, "num_publications_5y": 0, "num_citations_5y": 0, "num_publications_10y": 0, "num_citations_10y": 0, "publications_years": {"1992": 1}, "citations_years": {}, "old_citations": {"1992": 0}, "isVisible": false}, "2274250981": {"name": "d j kahn", "type": "author", "activity": 1, "h_index": 1, "h5_index": 0, "mag_id": "2274250981", "num_publications": 1, "num_citations": 3, "num_publications_5y": 0, "num_citations_5y": 0, "num_publications_10y": 0, "num_citations_10y": 0, "publications_years": {"1992": 1}, "citations_years": {"1993": 1, "1994": 0, "1995": 1, "1996": 0, "1997": 0, "1998": 0, "1999": 0, "2000": 0, "2001": 0, "2002": 1}, "old_citations": {"1992": 3}, "isVisible": false}, "2277862658": {"name": "gong oizhong", "type": "author", "activity": 1, "h_index": 0, "h5_index": 0, "mag_id": "2277862658", "num_publications": 1, "num_citations": 0, "num_publications_5y": 0, "num_citations_5y": 0, "num_publications_10y": 0, "num_citations_10y": 0, "publications_years": {"1992": 1}, "citations_years": {}, "old_citations": {"1992": 0}, "isVisible": false}, "2285673363": {"name": "yasushi mutoh", "type": "author", "activity": 1, "h_index": 0, "h5_index": 0, "mag_id": "2285673363", "num_publications": 1, "num_citations": 0, "num_publications_5y": 0, "num_citations_5y": 0, "num_publications_10y": 0, "num_citations_10y": 0, "publications_years": {"1992": 1}, "citations_years": {}, "old_citations": {"1992": 0}, "isVisible": false}, "2286424923": {"name": "wes regian", "type": "author", "activity": 1, "h_index": 1, "h5_index": 0, "mag_id": "2286424923", "num_publications": 1, "num_citations": 27, "num_publications_5y": 0, "num_citations_5y": 0, "num_publications_10y": 0, "num_citations_10y": 0, "publications_years": {"1992": 1}, "citations_years": {"1993": 2, "1994": 1, "1995": 0, "1996": 0, "1997": 0, "1998": 15, "1999": 8, "2000": 0, "2001": 0, "2002": 0, "2003": 0, "2004": 0, "2005": 0, "2006": 0, "2007": 0, "2008": 1}, "old_citations": {"1992": 27}, "isVisible": false}, "2312935915": {"name": "y radai", "type": "author", "activity": 1, "h_index": 1, "h5_index": 0, "mag_id": "2312935915", "num_publications": 1, "num_citations": 31, "num_publications_5y": 0, "num_citations_5y": 0, "num_publications_10y": 0, "num_citations_10y": 2, "publications_years": {"1992": 1}, "citations_years": {"1992": 3, "1993": 0, "1994": 3, "1995": 0, "1996": 0, "1997": 2, "1998": 0, "1999": 3, "2000": 3, "2001": 1, "2002": 7, "2003": 1, "2004": 1, "2005": 0, "2006": 2, "2007": 0, "2008": 3, "2009": 0, "2010": 2}, "old_citations": {"1992": 31}, "isVisible": false}, "2331043471": {"name": "dirk meyerhoff", "type": "author", "activity": 3, "h_index": 1, "h5_index": 0, "mag_id": "2331043471", "num_publications": 1, "num_citations": 1, "num_publications_5y": 0, "num_citations_5y": 0, "num_publications_10y": 0, "num_citations_10y": 0, "publications_years": {"1992": 1}, "citations_years": {"1993": 1}, "old_citations": {"1992": 1}, "isVisible": false}, "2406339324": {"name": "t m waema", "type": "author", "activity": 25, "h_index": 3, "h5_index": 0, "mag_id": "2406339324", "num_publications": 1, "num_citations": 0, "num_publications_5y": 0, "num_citations_5y": 0, "num_publications_10y": 0, "num_citations_10y": 0, "publications_years": {"1992": 1}, "citations_years": {}, "old_citations": {"1992": 0}, "isVisible": false}, "2423193768": {"name": "kenichi okada", "type": "author", "activity": 25, "h_index": 10, "h5_index": 1, "mag_id": "2423193768", "num_publications": 1, "num_citations": 0, "num_publications_5y": 0, "num_citations_5y": 0, "num_publications_10y": 0, "num_citations_10y": 0, "publications_years": {"1992": 1}, "citations_years": {}, "old_citations": {"1992": 0}, "isVisible": false}, "2424617762": {"name": "r becker", "type": "author", "activity": 1, "h_index": 1, "h5_index": 0, "mag_id": "2424617762", "num_publications": 1, "num_citations": 1, "num_publications_5y": 0, "num_citations_5y": 0, "num_publications_10y": 0, "num_citations_10y": 0, "publications_years": {"1992": 1}, "citations_years": {"1993": 1}, "old_citations": {"1992": 1}, "isVisible": false}, "2434991030": {"name": "charles w kaufman", "type": "author", "activity": 8, "h_index": 8, "h5_index": 0, "mag_id": "2434991030", "num_publications": 1, "num_citations": 2, "num_publications_5y": 0, "num_citations_5y": 0, "num_publications_10y": 0, "num_citations_10y": 2, "publications_years": {"1992": 1}, "citations_years": {"2010": 2}, "old_citations": {"1992": 2}, "isVisible": false}, "2440825127": {"name": "john a n lee", "type": "author", "activity": 1, "h_index": 0, "h5_index": 0, "mag_id": "2440825127", "num_publications": 1, "num_citations": 0, "num_publications_5y": 0, "num_citations_5y": 0, "num_publications_10y": 0, "num_citations_10y": 0, "publications_years": {"1992": 1}, "citations_years": {}, "old_citations": {"1992": 0}, "isVisible": false}, "2467378727": {"name": "william a mccrum", "type": "author", "activity": 1, "h_index": 0, "h5_index": 0, "mag_id": "2467378727", "num_publications": 1, "num_citations": 0, "num_publications_5y": 0, "num_citations_5y": 0, "num_publications_10y": 0, "num_citations_10y": 0, "publications_years": {"1992": 1}, "citations_years": {}, "old_citations": {"1992": 0}, "isVisible": false}, "2477786962": {"name": "hockguan tan", "type": "author", "activity": 1, "h_index": 1, "h5_index": 0, "mag_id": "2477786962", "num_publications": 1, "num_citations": 3, "num_publications_5y": 0, "num_citations_5y": 0, "num_publications_10y": 0, "num_citations_10y": 0, "publications_years": {"1992": 1}, "citations_years": {"1995": 1, "1996": 0, "1997": 0, "1998": 0, "1999": 0, "2000": 1, "2001": 0, "2002": 1}, "old_citations": {"1992": 3}, "isVisible": false}, "2483741659": {"name": "m strobel", "type": "author", "activity": 1, "h_index": 1, "h5_index": 0, "mag_id": "2483741659", "num_publications": 1, "num_citations": 1, "num_publications_5y": 0, "num_citations_5y": 0, "num_publications_10y": 0, "num_citations_10y": 0, "publications_years": {"1992": 1}, "citations_years": {"1993": 1}, "old_citations": {"1992": 1}, "isVisible": false}, "2492299019": {"name": "h c harrison", "type": "author", "activity": 1, "h_index": 0, "h5_index": 0, "mag_id": "2492299019", "num_publications": 1, "num_citations": 0, "num_publications_5y": 0, "num_citations_5y": 0, "num_publications_10y": 0, "num_citations_10y": 0, "publications_years": {"1992": 1}, "citations_years": {}, "old_citations": {"1992": 0}, "isVisible": false}, "2492390591": {"name": "robert behling", "type": "author", "activity": 17, "h_index": 2, "h5_index": 0, "mag_id": "2492390591", "num_publications": 1, "num_citations": 0, "num_publications_5y": 0, "num_citations_5y": 0, "num_publications_10y": 0, "num_citations_10y": 0, "publications_years": {"1992": 1}, "citations_years": {}, "old_citations": {"1992": 0}, "isVisible": false}, "2496560552": {"name": "michael gehrke", "type": "author", "activity": 1, "h_index": 1, "h5_index": 0, "mag_id": "2496560552", "num_publications": 1, "num_citations": 10, "num_publications_5y": 0, "num_citations_5y": 2, "num_publications_10y": 0, "num_citations_10y": 5, "publications_years": {"1992": 1}, "citations_years": {"1994": 1, "1995": 2, "1996": 1, "1997": 1, "1998": 0, "1999": 0, "2000": 0, "2001": 0, "2002": 0, "2003": 0, "2004": 0, "2005": 0, "2006": 0, "2007": 0, "2008": 0, "2009": 0, "2010": 1, "2011": 1, "2012": 1, "2013": 0, "2014": 0, "2015": 1, "2016": 0, "2017": 1}, "old_citations": {"1992": 10}, "isVisible": false}, "2512079258": {"name": "vassilios chrissikopoulos", "type": "author", "activity": 28, "h_index": 9, "h5_index": 0, "mag_id": "2512079258", "num_publications": 1, "num_citations": 1, "num_publications_5y": 0, "num_citations_5y": 0, "num_publications_10y": 0, "num_citations_10y": 0, "publications_years": {"1992": 1}, "citations_years": {"1996": 1}, "old_citations": {"1992": 1}, "isVisible": false}, "2515409282": {"name": "kazuyuki takagi", "type": "author", "activity": 1, "h_index": 0, "h5_index": 0, "mag_id": "2515409282", "num_publications": 1, "num_citations": 0, "num_publications_5y": 0, "num_citations_5y": 0, "num_publications_10y": 0, "num_citations_10y": 0, "publications_years": {"1992": 1}, "citations_years": {}, "old_citations": {"1992": 0}, "isVisible": false}, "2557083022": {"name": "jan holvast", "type": "author", "activity": 1, "h_index": 1, "h5_index": 0, "mag_id": "2557083022", "num_publications": 1, "num_citations": 2, "num_publications_5y": 0, "num_citations_5y": 0, "num_publications_10y": 0, "num_citations_10y": 0, "publications_years": {"1992": 1}, "citations_years": {"1995": 1, "1996": 0, "1997": 1}, "old_citations": {"1992": 2}, "isVisible": false}, "2567656435": {"name": "guy gouarderes", "type": "author", "activity": 1, "h_index": 0, "h5_index": 0, "mag_id": "2567656435", "num_publications": 1, "num_citations": 0, "num_publications_5y": 0, "num_citations_5y": 0, "num_publications_10y": 0, "num_citations_10y": 0, "publications_years": {"1992": 1}, "citations_years": {}, "old_citations": {"1992": 0}, "isVisible": false}, "2570261816": {"name": "andrew b morris", "type": "author", "activity": 1, "h_index": 1, "h5_index": 0, "mag_id": "2570261816", "num_publications": 1, "num_citations": 1, "num_publications_5y": 0, "num_citations_5y": 0, "num_publications_10y": 0, "num_citations_10y": 0, "publications_years": {"1992": 1}, "citations_years": {"2008": 1}, "old_citations": {"1992": 1}, "isVisible": false}, "2624002493": {"name": "y le roux", "type": "author", "activity": 1, "h_index": 1, "h5_index": 0, "mag_id": "2624002493", "num_publications": 1, "num_citations": 2, "num_publications_5y": 0, "num_citations_5y": 0, "num_publications_10y": 0, "num_citations_10y": 2, "publications_years": {"1992": 1}, "citations_years": {"2010": 2}, "old_citations": {"1992": 2}, "isVisible": false}, "2633230940": {"name": "marion a barfurth", "type": "author", "activity": 1, "h_index": 1, "h5_index": 0, "mag_id": "2633230940", "num_publications": 1, "num_citations": 1, "num_publications_5y": 0, "num_citations_5y": 0, "num_publications_10y": 0, "num_citations_10y": 1, "publications_years": {"1992": 1}, "citations_years": {"2012": 1}, "old_citations": {"1992": 1}, "isVisible": false}, "2633842046": {"name": "laura r winer", "type": "author", "activity": 1, "h_index": 1, "h5_index": 0, "mag_id": "2633842046", "num_publications": 1, "num_citations": 1, "num_publications_5y": 0, "num_citations_5y": 0, "num_publications_10y": 0, "num_citations_10y": 1, "publications_years": {"1992": 1}, "citations_years": {"2012": 1}, "old_citations": {"1992": 1}, "isVisible": false}, "2634563456": {"name": "sylvia willie", "type": "author", "activity": 1, "h_index": 0, "h5_index": 0, "mag_id": "2634563456", "num_publications": 1, "num_citations": 0, "num_publications_5y": 0, "num_citations_5y": 0, "num_publications_10y": 0, "num_citations_10y": 0, "publications_years": {"1992": 1}, "citations_years": {}, "old_citations": {"1992": 0}, "isVisible": false}, "2638492126": {"name": "joseph j tardo", "type": "author", "activity": 3, "h_index": 4, "h5_index": 0, "mag_id": "2638492126", "num_publications": 1, "num_citations": 2, "num_publications_5y": 0, "num_citations_5y": 0, "num_publications_10y": 0, "num_citations_10y": 2, "publications_years": {"1992": 1}, "citations_years": {"2010": 2}, "old_citations": {"1992": 2}, "isVisible": false}, "2639340590": {"name": "harold joseph highland", "type": "author", "activity": 1, "h_index": 1, "h5_index": 0, "mag_id": "2639340590", "num_publications": 1, "num_citations": 5, "num_publications_5y": 0, "num_citations_5y": 0, "num_publications_10y": 0, "num_citations_10y": 0, "publications_years": {"1992": 1}, "citations_years": {"1993": 1, "1994": 1, "1995": 0, "1996": 0, "1997": 0, "1998": 0, "1999": 0, "2000": 2, "2001": 0, "2002": 0, "2003": 0, "2004": 0, "2005": 1}, "old_citations": {"1992": 5}, "isVisible": false}, "2643070066": {"name": "ernst piller", "type": "author", "activity": 1, "h_index": 0, "h5_index": 0, "mag_id": "2643070066", "num_publications": 1, "num_citations": 0, "num_publications_5y": 0, "num_citations_5y": 0, "num_publications_10y": 0, "num_citations_10y": 0, "publications_years": {"1992": 1}, "citations_years": {}, "old_citations": {"1992": 0}, "isVisible": false}, "2643501405": {"name": "andrew c jones", "type": "author", "activity": 1, "h_index": 0, "h5_index": 0, "mag_id": "2643501405", "num_publications": 1, "num_citations": 0, "num_publications_5y": 0, "num_citations_5y": 0, "num_publications_10y": 0, "num_citations_10y": 0, "publications_years": {"1992": 1}, "citations_years": {}, "old_citations": {"1992": 0}, "isVisible": false}, "2645230573": {"name": "issam qasem", "type": "author", "activity": 1, "h_index": 0, "h5_index": 0, "mag_id": "2645230573", "num_publications": 1, "num_citations": 0, "num_publications_5y": 0, "num_citations_5y": 0, "num_publications_10y": 0, "num_citations_10y": 0, "publications_years": {"1992": 1}, "citations_years": {}, "old_citations": {"1992": 0}, "isVisible": false}, "2656850712": {"name": "j linn", "type": "author", "activity": 1, "h_index": 1, "h5_index": 0, "mag_id": "2656850712", "num_publications": 1, "num_citations": 2, "num_publications_5y": 0, "num_citations_5y": 0, "num_publications_10y": 0, "num_citations_10y": 2, "publications_years": {"1992": 1}, "citations_years": {"2010": 2}, "old_citations": {"1992": 2}, "isVisible": false}, "2663257075": {"name": "louise yngstrom", "type": "author", "activity": 15, "h_index": 2, "h5_index": 0, "mag_id": "2663257075", "num_publications": 1, "num_citations": 2, "num_publications_5y": 0, "num_citations_5y": 0, "num_publications_10y": 0, "num_citations_10y": 0, "publications_years": {"1992": 1}, "citations_years": {"1995": 1, "1996": 0, "1997": 1}, "old_citations": {"1992": 2}, "isVisible": false}, "2674092923": {"name": "h j holz", "type": "author", "activity": 0, "h_index": 0, "h5_index": 0, "mag_id": "2674092923", "num_publications": 1, "num_citations": 0, "num_publications_5y": 0, "num_citations_5y": 0, "num_publications_10y": 0, "num_citations_10y": 0, "publications_years": {"1992": 1}, "citations_years": {}, "old_citations": {"1992": 5}, "isVisible": false}, "2678534967": {"name": "luis osin", "type": "author", "activity": 1, "h_index": 0, "h5_index": 0, "mag_id": "2678534967", "num_publications": 1, "num_citations": 0, "num_publications_5y": 0, "num_citations_5y": 0, "num_publications_10y": 0, "num_citations_10y": 0, "publications_years": {"1992": 1}, "citations_years": {}, "old_citations": {"1992": 0}, "isVisible": false}, "2680007685": {"name": "werner pillmann", "type": "author", "activity": 1, "h_index": 1, "h5_index": 0, "mag_id": "2680007685", "num_publications": 1, "num_citations": 3, "num_publications_5y": 0, "num_citations_5y": 0, "num_publications_10y": 0, "num_citations_10y": 0, "publications_years": {"1992": 1}, "citations_years": {"1993": 1, "1994": 0, "1995": 1, "1996": 0, "1997": 0, "1998": 0, "1999": 0, "2000": 0, "2001": 0, "2002": 1}, "old_citations": {"1992": 3}, "isVisible": false}, "2682843774": {"name": "richard sizer", "type": "author", "activity": 1, "h_index": 0, "h5_index": 0, "mag_id": "2682843774", "num_publications": 1, "num_citations": 0, "num_publications_5y": 0, "num_citations_5y": 0, "num_publications_10y": 0, "num_citations_10y": 0, "publications_years": {"1992": 1}, "citations_years": {}, "old_citations": {"1992": 0}, "isVisible": false}, "2683444587": {"name": "c james bacon", "type": "author", "activity": 1, "h_index": 0, "h5_index": 0, "mag_id": "2683444587", "num_publications": 1, "num_citations": 0, "num_publications_5y": 0, "num_citations_5y": 0, "num_publications_10y": 0, "num_citations_10y": 0, "publications_years": {"1992": 1}, "citations_years": {}, "old_citations": {"1992": 0}, "isVisible": false}, "2684613085": {"name": "hua chang", "type": "author", "activity": 1, "h_index": 0, "h5_index": 0, "mag_id": "2684613085", "num_publications": 1, "num_citations": 0, "num_publications_5y": 0, "num_citations_5y": 0, "num_publications_10y": 0, "num_citations_10y": 0, "publications_years": {"1992": 1}, "citations_years": {}, "old_citations": {"1992": 0}, "isVisible": false}, "2688193167": {"name": "yannis skulikaris", "type": "author", "activity": 1, "h_index": 0, "h5_index": 0, "mag_id": "2688193167", "num_publications": 1, "num_citations": 0, "num_publications_5y": 0, "num_citations_5y": 0, "num_publications_10y": 0, "num_citations_10y": 0, "publications_years": {"1992": 1}, "citations_years": {}, "old_citations": {"1992": 0}, "isVisible": false}, "2690309310": {"name": "s parasuraman", "type": "author", "activity": 1, "h_index": 1, "h5_index": 0, "mag_id": "2690309310", "num_publications": 1, "num_citations": 10, "num_publications_5y": 0, "num_citations_5y": 2, "num_publications_10y": 0, "num_citations_10y": 3, "publications_years": {"1992": 1}, "citations_years": {"1993": 1, "1994": 0, "1995": 0, "1996": 0, "1997": 0, "1998": 0, "1999": 0, "2000": 1, "2001": 1, "2002": 1, "2003": 0, "2004": 1, "2005": 0, "2006": 0, "2007": 1, "2008": 0, "2009": 0, "2010": 1, "2011": 0, "2012": 0, "2013": 0, "2014": 1, "2015": 1, "2016": 0, "2017": 0, "2018": 0, "2019": 1}, "old_citations": {"1992": 10}, "isVisible": false}, "2692410102": {"name": "ostap monkewich", "type": "author", "activity": 1, "h_index": 0, "h5_index": 0, "mag_id": "2692410102", "num_publications": 1, "num_citations": 0, "num_publications_5y": 0, "num_citations_5y": 0, "num_publications_10y": 0, "num_citations_10y": 0, "publications_years": {"1992": 1}, "citations_years": {}, "old_citations": {"1992": 0}, "isVisible": false}, "2698174858": {"name": "ralf c hauser", "type": "author", "activity": 1, "h_index": 1, "h5_index": 0, "mag_id": "2698174858", "num_publications": 1, "num_citations": 3, "num_publications_5y": 0, "num_citations_5y": 0, "num_publications_10y": 0, "num_citations_10y": 0, "publications_years": {"1992": 1}, "citations_years": {"1994": 1, "1995": 0, "1996": 0, "1997": 1, "1998": 0, "1999": 0, "2000": 0, "2001": 0, "2002": 1}, "old_citations": {"1992": 3}, "isVisible": false}, "2706847539": {"name": "ibibia dabipi", "type": "author", "activity": 1, "h_index": 0, "h5_index": 0, "mag_id": "2706847539", "num_publications": 1, "num_citations": 0, "num_publications_5y": 0, "num_citations_5y": 0, "num_publications_10y": 0, "num_citations_10y": 0, "publications_years": {"1992": 1}, "citations_years": {}, "old_citations": {"1992": 0}, "isVisible": false}, "2717773458": {"name": "evgenia sendova", "type": "author", "activity": 1, "h_index": 1, "h5_index": 0, "mag_id": "2717773458", "num_publications": 1, "num_citations": 1, "num_publications_5y": 0, "num_citations_5y": 0, "num_publications_10y": 0, "num_citations_10y": 0, "publications_years": {"1992": 1}, "citations_years": {"2007": 1}, "old_citations": {"1992": 1}, "isVisible": false}, "2718871483": {"name": "e stewart lee", "type": "author", "activity": 1, "h_index": 2, "h5_index": 0, "mag_id": "2718871483", "num_publications": 1, "num_citations": 3, "num_publications_5y": 0, "num_citations_5y": 0, "num_publications_10y": 0, "num_citations_10y": 0, "publications_years": {"1992": 1}, "citations_years": {"1994": 1, "1995": 0, "1996": 0, "1997": 1, "1998": 0, "1999": 0, "2000": 0, "2001": 0, "2002": 1}, "old_citations": {"1992": 3}, "isVisible": false}, "2721156901": {"name": "igor n sinitsyn", "type": "author", "activity": 1, "h_index": 0, "h5_index": 0, "mag_id": "2721156901", "num_publications": 1, "num_citations": 0, "num_publications_5y": 0, "num_citations_5y": 0, "num_publications_10y": 0, "num_citations_10y": 0, "publications_years": {"1992": 1}, "citations_years": {}, "old_citations": {"1992": 0}, "isVisible": false}, "2721443973": {"name": "gerald pitts", "type": "author", "activity": 1, "h_index": 1, "h5_index": 0, "mag_id": "2721443973", "num_publications": 1, "num_citations": 27, "num_publications_5y": 0, "num_citations_5y": 0, "num_publications_10y": 0, "num_citations_10y": 0, "publications_years": {"1992": 1}, "citations_years": {"1993": 2, "1994": 1, "1995": 0, "1996": 0, "1997": 0, "1998": 15, "1999": 8, "2000": 0, "2001": 0, "2002": 0, "2003": 0, "2004": 0, "2005": 0, "2006": 0, "2007": 0, "2008": 1}, "old_citations": {"1992": 27}, "isVisible": false}, "2755834367": {"name": "andreas jaeschke", "type": "author", "activity": 1, "h_index": 1, "h5_index": 0, "mag_id": "2755834367", "num_publications": 1, "num_citations": 1, "num_publications_5y": 0, "num_citations_5y": 0, "num_publications_10y": 0, "num_citations_10y": 0, "publications_years": {"1992": 1}, "citations_years": {"2004": 1}, "old_citations": {"1992": 1}, "isVisible": false}, "2918208445": {"name": "simone fischerhubner", "type": "author", "activity": 25, "h_index": 3, "h5_index": 0, "mag_id": "2918208445", "num_publications": 1, "num_citations": 2, "num_publications_5y": 0, "num_citations_5y": 0, "num_publications_10y": 0, "num_citations_10y": 0, "publications_years": {"1992": 1}, "citations_years": {"1995": 1, "1996": 0, "1997": 1}, "old_citations": {"1992": 2}, "isVisible": false}, "2919949536": {"name": "noureddine boudriga", "type": "author", "activity": 4, "h_index": 5, "h5_index": 0, "mag_id": "2919949536", "num_publications": 1, "num_citations": 0, "num_publications_5y": 0, "num_citations_5y": 0, "num_publications_10y": 0, "num_citations_10y": 0, "publications_years": {"1992": 1}, "citations_years": {}, "old_citations": {"1992": 0}, "isVisible": false}, "2941109836": {"name": "d rosner", "type": "author", "activity": 1, "h_index": 1, "h5_index": 0, "mag_id": "2941109836", "num_publications": 1, "num_citations": 1, "num_publications_5y": 0, "num_citations_5y": 0, "num_publications_10y": 0, "num_citations_10y": 0, "publications_years": {"1992": 1}, "citations_years": {"1993": 1}, "old_citations": {"1992": 1}, "isVisible": false}, "2951867382": {"name": "husam yaghi", "type": "author", "activity": 1, "h_index": 0, "h5_index": 0, "mag_id": "2951867382", "num_publications": 1, "num_citations": 0, "num_publications_5y": 0, "num_citations_5y": 0, "num_publications_10y": 0, "num_citations_10y": 0, "publications_years": {"1992": 1}, "citations_years": {}, "old_citations": {"1992": 0}, "isVisible": false}, "2973440599": {"name": "yutaka matsushita", "type": "author", "activity": 1, "h_index": 0, "h5_index": 0, "mag_id": "2973440599", "num_publications": 1, "num_citations": 0, "num_publications_5y": 0, "num_citations_5y": 0, "num_publications_10y": 0, "num_citations_10y": 0, "publications_years": {"1992": 1}, "citations_years": {}, "old_citations": {"1992": 0}, "isVisible": false}, "2973721636": {"name": "n hoskin", "type": "author", "activity": 1, "h_index": 1, "h5_index": 0, "mag_id": "2973721636", "num_publications": 1, "num_citations": 3, "num_publications_5y": 0, "num_citations_5y": 0, "num_publications_10y": 0, "num_citations_10y": 0, "publications_years": {"1992": 1}, "citations_years": {"1995": 1, "1996": 0, "1997": 0, "1998": 1, "1999": 0, "2000": 0, "2001": 0, "2002": 0, "2003": 0, "2004": 0, "2005": 1}, "old_citations": {"1992": 3}, "isVisible": false}, "2974170684": {"name": "r m aiken", "type": "author", "activity": 1, "h_index": 1, "h5_index": 0, "mag_id": "2974170684", "num_publications": 1, "num_citations": 3, "num_publications_5y": 0, "num_citations_5y": 0, "num_publications_10y": 0, "num_citations_10y": 0, "publications_years": {"1992": 1}, "citations_years": {"1995": 1, "1996": 0, "1997": 0, "1998": 1, "1999": 0, "2000": 0, "2001": 0, "2002": 0, "2003": 0, "2004": 0, "2005": 1}, "old_citations": {"1992": 3}, "isVisible": false}, "2987342464": {"name": "andreas pfitzmann", "type": "author", "activity": 1, "h_index": 1, "h5_index": 0, "mag_id": "2987342464", "num_publications": 1, "num_citations": 10, "num_publications_5y": 0, "num_citations_5y": 2, "num_publications_10y": 0, "num_citations_10y": 5, "publications_years": {"1992": 1}, "citations_years": {"1994": 1, "1995": 2, "1996": 1, "1997": 1, "1998": 0, "1999": 0, "2000": 0, "2001": 0, "2002": 0, "2003": 0, "2004": 0, "2005": 0, "2006": 0, "2007": 0, "2008": 0, "2009": 0, "2010": 1, "2011": 1, "2012": 1, "2013": 0, "2014": 0, "2015": 1, "2016": 0, "2017": 1}, "old_citations": {"1992": 10}, "isVisible": false}, "3002280606": {"name": "a j rodrigues", "type": "author", "activity": 1, "h_index": 0, "h5_index": 0, "mag_id": "3002280606", "num_publications": 1, "num_citations": 0, "num_publications_5y": 0, "num_citations_5y": 0, "num_publications_10y": 0, "num_citations_10y": 0, "publications_years": {"1992": 1}, "citations_years": {}, "old_citations": {"1992": 0}, "isVisible": false}}, "countries": {"Germany": {"name": "Germany", "type": "country", "h5_index": 139, "num_publications": 1, "num_citations": 10, "num_publications_5y": 0, "num_citations_5y": 2, "num_publications_10y": 0, "num_citations_10y": 5, "publications_years": {"1992": 1}, "citations_years": {"1994": 1, "1995": 2, "1996": 1, "1997": 1, "1998": 0, "1999": 0, "2000": 0, "2001": 0, "2002": 0, "2003": 0, "2004": 0, "2005": 0, "2006": 0, "2007": 0, "2008": 0, "2009": 0, "2010": 1, "2011": 1, "2012": 1, "2013": 0, "2014": 0, "2015": 1, "2016": 0, "2017": 1}, "old_citations": {"1992": 10}, "isVisible": false}}}, "conference_comparison": {"computer science": {}}, "topics_dna": {"publications": {}, "citations": {"normalized": {}, "average": {}}}, "info": {"num_publications": 42, "num_citations": 139.0, "impact_factor": {}, "publications_years": {"1992": 42}, "citations_years": {"1992": 3, "1993": 10, "1994": 8, "1995": 7, "1996": 2, "1997": 6, "1998": 17, "1999": 12, "2000": 8, "2001": 4, "2002": 13, "2003": 2, "2004": 4, "2005": 4, "2006": 3, "2007": 2, "2008": 5, "2009": 3, "2010": 6, "2011": 1, "2012": 3, "2013": 1, "2014": 2, "2015": 3, "2016": 0, "2017": 1, "2018": 1, "2019": 2, "2020": 1}, "old_citations": {"1992": 139}, "h5_index": 0}, "percentile": {"computer science": {"1992": 93}}, "conference_ranking": {"computer science": {"1992": 277}}, "academia": {"num_publications": 1, "num_citations": 10, "publications_years": {"1992": 1}, "old_citations": {"1992": 10}, "num_publications_5y": 0, "num_citations_5y": 0, "num_publications_10y": 0, "num_citations_10y": 0}, "industry": {"num_publications": 0, "num_citations": 0, "publications_years": {}, "old_citations": {}, "num_publications_5y": 0, "num_citations_5y": 0, "num_publications_10y": 0, "num_citations_10y": 0}, "collaborative": {"num_publications": 0, "num_citations": 0, "publications_years": {}, "old_citations": {}, "num_publications_5y": 0, "num_citations_5y": 0, "num_publications_10y": 0, "num_citations_10y": 0}, "conferences": {}, "journals": {}, "organizations": {"publication_overall": ["Technical University of Berlin", "University of Hildesheim"], "citation_overall": ["Technical University of Berlin", "University of Hildesheim"], "publication_10_years": [], "citation_10_years": [], "publication_5_years": [], "citation_5_years": []}, "countries": {"publication_overall": ["Germany"], "citation_overall": ["Germany"], "publication_10_years": [], "citation_10_years": [], "publication_5_years": [], "citation_5_years": []}, "topics": {"publication_overall": ["computer science", "computer systems", "computer security", "computer networks", "information systems", "education", "artificial intelligence", "cryptography", "cryptology", "security of data", "authentication", "network security", "privacy", "database systems", "e-learning", "information retrieval", "information technology", "internet", "software engineering", "telecommunication systems"], "citation_overall": ["computer science", "computer systems", "artificial intelligence", "information systems", "education", "computer security", "computer networks", "human computer interaction", "mathematics", "correlation analysis", "e-learning", "optimization problems", "computer aided instruction", "authentication", "cryptography", "cryptology", "security of data", "dynamic logic", "engineering", "formal logic"], "publication_10_years": [], "citation_10_years": [], "publication_5_years": [], "citation_5_years": []}, "main_topics": ["computer science"], "authors": {"publication_overall": ["2339635653", "137421214", "184861064", "236801947", "263976910", "1865123371", "2085995120", "2094917606", "2095800366", "2097757151", "2116960371", "2123197053", "2124334470", "2125106332", "2125468575", "2131717472", "2132561488", "2136384511", "2138714768", "2145162833", "2148468471", "2153564338", "2174830738", "2194665952", "2262040313", "2274250981", "2277862658", "2285673363", "2286424923", "2312935915", "2331043471", "2406339324", "2423193768", "2424617762", "2434991030", "2440825127", "2467378727", "2477786962", "2483741659", "2492299019", "2492390591", "2496560552", "2512079258", "2515409282", "2557083022", "2567656435", "2570261816", "2624002493", "2633230940", "2633842046", "2634563456", "2638492126", "2639340590", "2643070066", "2643501405", "2645230573", "2656850712", "2663257075", "2674092923", "2678534967", "2680007685", "2682843774", "2683444587", "2684613085", "2688193167", "2690309310", "2692410102", "2698174858", "2706847539", "2717773458", "2718871483", "2721156901", "2721443973", "2755834367", "2918208445", "2919949536", "2941109836", "2951867382", "2973440599", "2973721636", "2974170684", "2987342464", "3002280606"], "citation_overall": ["2312935915", "2286424923", "2721443973", "2097757151", "184861064", "2124334470", "2125106332", "2125468575", "2496560552", "2690309310", "2987342464", "2145162833", "2132561488", "2639340590", "2674092923", "2274250981", "2477786962", "2680007685", "2698174858", "2718871483", "2973721636", "2974170684", "137421214", "2116960371", "2136384511", "2434991030", "2557083022", "2624002493", "2638492126", "2656850712", "2663257075", "2918208445", "236801947", "1865123371", "2085995120", "2095800366", "2123197053", "2131717472", "2148468471", "2174830738", "2194665952", "2331043471", "2339635653", "2424617762", "2483741659", "2512079258", "2570261816", "2633230940", "2633842046", "2717773458", "2755834367", "2941109836", "263976910", "2094917606", "2138714768", "2153564338", "2262040313", "2277862658", "2285673363", "2406339324", "2423193768", "2440825127", "2467378727", "2492299019", "2492390591", "2515409282", "2567656435", "2634563456", "2643070066", "2643501405", "2645230573", "2678534967", "2682843774", "2683444587", "2684613085", "2688193167", "2692410102", "2706847539", "2721156901", "2919949536", "2951867382", "2973440599", "3002280606"], "publication_10_years": [], "citation_10_years": [], "publication_5_years": [], "citation_5_years": []}, "industrial_sectors": {"publication_overall": [], "citation_overall": [], "publication_10_years": [], "citation_10_years": [], "publication_5_years": [], "citation_5_years": []}}