{
  "manifest": {
    "apis": {
      "custom": {
        "endpoint": {
          "uri": "arn:aws:lambda:us-east-1:334260128679:function:4b7da414-bdf7-4a69-a993-4d6d025c7631:Release_0"
        },
        "interfaces": [],
        "regions": {
          "NA": {
            "endpoint": {
              "uri": "arn:aws:lambda:us-east-1:334260128679:function:4b7da414-bdf7-4a69-a993-4d6d025c7631:Release_0"
            }
          },
          "EU": {
            "endpoint": {
              "uri": "arn:aws:lambda:eu-west-1:334260128679:function:4b7da414-bdf7-4a69-a993-4d6d025c7631:Release_0"
            }
          },
          "FE": {
            "endpoint": {
              "uri": "arn:aws:lambda:us-west-2:334260128679:function:4b7da414-bdf7-4a69-a993-4d6d025c7631:Release_0"
            }
          }
        }
      }
    },
    "manifestVersion": "1.0",
    "publishingInformation": {
      "category": "KNOWLEDGE_AND_TRIVIA",
      "distributionCountries": [],
      "isAvailableWorldwide": true,
      "locales": {
        "it-IT": {
          "description": "Sample Full Description",
          "examplePhrases": [
            "Alexa apri ciao mondo",
            "ciao",
            "aiuto"
          ],
          "keywords": [],
          "name": "AIDA",
          "summary": "Sample Short Description"
        },
        "en-US": {
          "name": "AIDA"
        }
      },
      "testingInstructions": "Sample Testing Instructions."
    }
  }
}