{"name": "Workshop on Parallel & Distributed Debugging", "acronym": "PADD", "type": "conference", "uniqueEntities": {"organizations": {"IBM (United States)": {"name": "IBM (United States)", "type": "organization", "organization_type": "Company", "h_index": 421, "h5_index": 72, "num_publications": 4, "num_citations": 249, "num_publications_5y": 0, "num_citations_5y": 23, "num_publications_10y": 0, "num_citations_10y": 92, "publications_years": {"1991": 3, "1993": 1}, "citations_years": {"1991": 4, "1992": 7, "1993": 8, "1994": 11, "1995": 11, "1996": 9, "1997": 10, "1998": 11, "1999": 4, "2000": 5, "2001": 7, "2002": 8, "2003": 8, "2004": 5, "2005": 11, "2006": 7, "2007": 11, "2008": 13, "2009": 8, "2010": 17, "2011": 14, "2012": 15, "2013": 15, "2014": 7, "2015": 6, "2016": 0, "2017": 7, "2018": 3, "2019": 6, "2020": 1}, "old_citations": {"1991": 234, "1993": 15}, "isVisible": false}, "Cornell University": {"name": "Cornell University", "type": "organization", "organization_type": "Education", "h_index": 294, "h5_index": 73, "num_publications": 3, "num_citations": 350, "num_publications_5y": 0, "num_citations_5y": 34, "num_publications_10y": 0, "num_citations_10y": 93, "publications_years": {"1991": 3}, "citations_years": {"1991": 8, "1992": 9, "1993": 16, "1994": 28, "1995": 25, "1996": 22, "1997": 17, "1998": 14, "1999": 9, "2000": 7, "2001": 10, "2002": 8, "2003": 22, "2004": 12, "2005": 16, "2006": 11, "2007": 8, "2008": 8, "2009": 9, "2010": 13, "2011": 8, "2012": 15, "2013": 14, "2014": 10, "2015": 5, "2016": 6, "2017": 5, "2018": 8, "2019": 6, "2020": 1}, "old_citations": {"1991": 350}, "isVisible": false}, "University of California, Santa Cruz": {"name": "University of California, Santa Cruz", "type": "organization", "organization_type": "Education", "h_index": 154, "h5_index": 24, "num_publications": 3, "num_citations": 23, "num_publications_5y": 0, "num_citations_5y": 0, "num_publications_10y": 0, "num_citations_10y": 2, "publications_years": {"1991": 2, "1993": 1}, "citations_years": {"1991": 1, "1992": 2, "1993": 1, "1994": 5, "1995": 3, "1996": 1, "1997": 0, "1998": 1, "1999": 0, "2000": 0, "2001": 0, "2002": 0, "2003": 1, "2004": 1, "2005": 4, "2006": 0, "2007": 0, "2008": 1, "2009": 0, "2010": 2}, "old_citations": {"1991": 16, "1993": 7}, "isVisible": false}, "Carnegie Mellon University": {"name": "Carnegie Mellon University", "type": "organization", "organization_type": "Education", "h_index": 441, "h5_index": 107, "num_publications": 2, "num_citations": 28, "num_publications_5y": 0, "num_citations_5y": 0, "num_publications_10y": 0, "num_citations_10y": 1, "publications_years": {"1991": 2}, "citations_years": {"1991": 2, "1992": 0, "1993": 5, "1994": 4, "1995": 4, "1996": 4, "1997": 2, "1998": 1, "1999": 1, "2000": 2, "2001": 2, "2002": 0, "2003": 0, "2004": 0, "2005": 0, "2006": 0, "2007": 0, "2008": 0, "2009": 0, "2010": 0, "2011": 0, "2012": 0, "2013": 1}, "old_citations": {"1991": 28}, "isVisible": false}, "Technion \u2013 Israel Institute of Technology": {"name": "Technion \u2013 Israel Institute of Technology", "type": "organization", "organization_type": "Education", "h_index": 195, "h5_index": 42, "num_publications": 2, "num_citations": 34, "num_publications_5y": 0, "num_citations_5y": 1, "num_publications_10y": 0, "num_citations_10y": 5, "publications_years": {"1991": 1, "1993": 1}, "citations_years": {"1991": 1, "1992": 2, "1993": 1, "1994": 5, "1995": 4, "1996": 1, "1997": 3, "1998": 2, "1999": 1, "2000": 2, "2001": 3, "2002": 2, "2003": 1, "2004": 0, "2005": 1, "2006": 0, "2007": 0, "2008": 0, "2009": 0, "2010": 1, "2011": 0, "2012": 1, "2013": 2, "2014": 1}, "old_citations": {"1991": 19, "1993": 15}, "isVisible": false}, "University of Wisconsin\u2013Madison": {"name": "University of Wisconsin\u2013Madison", "type": "organization", "organization_type": "Education", "h_index": 261, "h5_index": 43, "num_publications": 2, "num_citations": 8, "num_publications_5y": 0, "num_citations_5y": 0, "num_publications_10y": 0, "num_citations_10y": 1, "publications_years": {"1993": 1, "1991": 1}, "citations_years": {"1992": 1, "1993": 0, "1994": 1, "1995": 0, "1996": 1, "1997": 0, "1998": 0, "1999": 0, "2000": 0, "2001": 0, "2002": 0, "2003": 0, "2004": 0, "2005": 3, "2006": 0, "2007": 0, "2008": 1, "2009": 0, "2010": 1}, "old_citations": {"1993": 7, "1991": 1}, "isVisible": false}, "Allegheny College": {"name": "Allegheny College", "type": "organization", "organization_type": "Education", "h_index": 17, "h5_index": 5, "num_publications": 1, "num_citations": 11, "num_publications_5y": 0, "num_citations_5y": 0, "num_publications_10y": 0, "num_citations_10y": 0, "publications_years": {"1991": 1}, "citations_years": {"1991": 1, "1992": 0, "1993": 0, "1994": 4, "1995": 1, "1996": 1, "1997": 1, "1998": 0, "1999": 1, "2000": 1, "2001": 0, "2002": 0, "2003": 0, "2004": 1}, "old_citations": {"1991": 11}, "isVisible": false}, "Auburn University": {"name": "Auburn University", "type": "organization", "organization_type": "Education", "h_index": 86, "h5_index": 31, "num_publications": 1, "num_citations": 24, "num_publications_5y": 0, "num_citations_5y": 1, "num_publications_10y": 0, "num_citations_10y": 3, "publications_years": {"1991": 1}, "citations_years": {"1991": 3, "1992": 2, "1993": 1, "1994": 2, "1995": 0, "1996": 4, "1997": 0, "1998": 1, "1999": 0, "2000": 0, "2001": 0, "2002": 0, "2003": 0, "2004": 1, "2005": 3, "2006": 3, "2007": 0, "2008": 0, "2009": 1, "2010": 0, "2011": 0, "2012": 1, "2013": 0, "2014": 1, "2015": 0, "2016": 0, "2017": 0, "2018": 0, "2019": 1}, "old_citations": {"1991": 24}, "isVisible": false}, "Brown University": {"name": "Brown University", "type": "organization", "organization_type": "Education", "h_index": 187, "h5_index": 36, "num_publications": 1, "num_citations": 148, "num_publications_5y": 0, "num_citations_5y": 15, "num_publications_10y": 0, "num_citations_10y": 60, "publications_years": {"1993": 1}, "citations_years": {"1992": 1, "1993": 3, "1994": 5, "1995": 2, "1996": 6, "1997": 1, "1998": 8, "1999": 3, "2000": 3, "2001": 8, "2002": 2, "2003": 7, "2004": 5, "2005": 7, "2006": 9, "2007": 7, "2008": 10, "2009": 14, "2010": 9, "2011": 6, "2012": 9, "2013": 7, "2014": 4, "2015": 5, "2016": 3, "2017": 1, "2018": 2, "2019": 1}, "old_citations": {"1993": 148}, "isVisible": false}, "French Institute for Research in Computer Science and Automation": {"name": "French Institute for Research in Computer Science and Automation", "type": "organization", "organization_type": "Government", "h_index": 247, "h5_index": 53, "num_publications": 1, "num_citations": 14, "num_publications_5y": 0, "num_citations_5y": 1, "num_publications_10y": 0, "num_citations_10y": 4, "publications_years": {"1993": 1}, "citations_years": {"1994": 1, "1995": 0, "1996": 1, "1997": 2, "1998": 0, "1999": 1, "2000": 0, "2001": 1, "2002": 1, "2003": 0, "2004": 0, "2005": 1, "2006": 1, "2007": 0, "2008": 1, "2009": 1, "2010": 0, "2011": 1, "2012": 0, "2013": 1, "2014": 1}, "old_citations": {"1993": 14}, "isVisible": false}, "Georgia Institute of Technology": {"name": "Georgia Institute of Technology", "type": "organization", "organization_type": "Education", "h_index": 280, "h5_index": 72, "num_publications": 1, "num_citations": 27, "num_publications_5y": 0, "num_citations_5y": 0, "num_publications_10y": 0, "num_citations_10y": 0, "publications_years": {"1991": 1}, "citations_years": {"1991": 1, "1992": 0, "1993": 2, "1994": 7, "1995": 6, "1996": 4, "1997": 0, "1998": 1, "1999": 1, "2000": 2, "2001": 2, "2002": 0, "2003": 0, "2004": 1}, "old_citations": {"1991": 27}, "isVisible": false}, "Georgia State University": {"name": "Georgia State University", "type": "organization", "organization_type": "Education", "h_index": 111, "h5_index": 33, "num_publications": 1, "num_citations": 27, "num_publications_5y": 0, "num_citations_5y": 0, "num_publications_10y": 0, "num_citations_10y": 0, "publications_years": {"1991": 1}, "citations_years": {"1991": 1, "1992": 0, "1993": 2, "1994": 7, "1995": 6, "1996": 4, "1997": 0, "1998": 1, "1999": 1, "2000": 2, "2001": 2, "2002": 0, "2003": 0, "2004": 1}, "old_citations": {"1991": 27}, "isVisible": false}, "Gyeongsang National University": {"name": "Gyeongsang National University", "type": "organization", "organization_type": "Education", "h_index": 29, "h5_index": 11, "num_publications": 1, "num_citations": 29, "num_publications_5y": 0, "num_citations_5y": 1, "num_publications_10y": 0, "num_citations_10y": 12, "publications_years": {"1993": 1}, "citations_years": {"1994": 1, "1995": 3, "1996": 0, "1997": 1, "1998": 3, "1999": 0, "2000": 0, "2001": 3, "2002": 2, "2003": 0, "2004": 0, "2005": 2, "2006": 0, "2007": 2, "2008": 0, "2009": 2, "2010": 4, "2011": 5, "2012": 0, "2013": 0, "2014": 1}, "old_citations": {"1993": 29}, "isVisible": false}, "Hebrew University of Jerusalem": {"name": "Hebrew University of Jerusalem", "type": "organization", "organization_type": "Education", "h_index": 173, "h5_index": 32, "num_publications": 1, "num_citations": 19, "num_publications_5y": 0, "num_citations_5y": 1, "num_publications_10y": 0, "num_citations_10y": 2, "publications_years": {"1991": 1}, "citations_years": {"1991": 1, "1992": 2, "1993": 1, "1994": 4, "1995": 2, "1996": 0, "1997": 2, "1998": 1, "1999": 1, "2000": 1, "2001": 1, "2002": 1, "2003": 0, "2004": 0, "2005": 0, "2006": 0, "2007": 0, "2008": 0, "2009": 0, "2010": 0, "2011": 0, "2012": 1, "2013": 0, "2014": 1}, "old_citations": {"1991": 19}, "isVisible": false}, "Lehigh University": {"name": "Lehigh University", "type": "organization", "organization_type": "Education", "h_index": 89, "h5_index": 24, "num_publications": 1, "num_citations": 7, "num_publications_5y": 0, "num_citations_5y": 0, "num_publications_10y": 0, "num_citations_10y": 0, "publications_years": {"1991": 1}, "citations_years": {"1991": 1, "1992": 0, "1993": 0, "1994": 1, "1995": 1, "1996": 2, "1997": 0, "1998": 0, "1999": 1, "2000": 0, "2001": 0, "2002": 0, "2003": 0, "2004": 0, "2005": 0, "2006": 1}, "old_citations": {"1991": 7}, "isVisible": false}, "Massachusetts Institute of Technology": {"name": "Massachusetts Institute of Technology", "type": "organization", "organization_type": "Education", "h_index": 475, "h5_index": 100, "num_publications": 1, "num_citations": 19, "num_publications_5y": 0, "num_citations_5y": 0, "num_publications_10y": 0, "num_citations_10y": 0, "publications_years": {"1993": 1}, "citations_years": {"1994": 2, "1995": 5, "1996": 1, "1997": 5, "1998": 1, "1999": 0, "2000": 3, "2001": 0, "2002": 1, "2003": 0, "2004": 0, "2005": 0, "2006": 0, "2007": 0, "2008": 1}, "old_citations": {"1993": 19}, "isVisible": false}, "Michigan State University": {"name": "Michigan State University", "type": "organization", "organization_type": "Education", "h_index": 187, "h5_index": 52, "num_publications": 1, "num_citations": 10, "num_publications_5y": 0, "num_citations_5y": 0, "num_publications_10y": 0, "num_citations_10y": 0, "publications_years": {"1993": 1}, "citations_years": {"1993": 1, "1994": 4, "1995": 2, "1996": 1, "1997": 1, "1998": 0, "1999": 0, "2000": 0, "2001": 1}, "old_citations": {"1993": 10}, "isVisible": false}, "Oregon State University": {"name": "Oregon State University", "type": "organization", "organization_type": "Education", "h_index": 115, "h5_index": 34, "num_publications": 1, "num_citations": 5, "num_publications_5y": 0, "num_citations_5y": 0, "num_publications_10y": 0, "num_citations_10y": 0, "publications_years": {"1993": 1}, "citations_years": {"1994": 3, "1995": 1, "1996": 0, "1997": 1}, "old_citations": {"1993": 5}, "isVisible": false}, "Princeton University": {"name": "Princeton University", "type": "organization", "organization_type": "Education", "h_index": 310, "h5_index": 74, "num_publications": 1, "num_citations": 24, "num_publications_5y": 0, "num_citations_5y": 0, "num_publications_10y": 0, "num_citations_10y": 3, "publications_years": {"1991": 1}, "citations_years": {"1991": 1, "1992": 0, "1993": 3, "1994": 1, "1995": 1, "1996": 2, "1997": 0, "1998": 2, "1999": 1, "2000": 0, "2001": 2, "2002": 1, "2003": 0, "2004": 0, "2005": 1, "2006": 4, "2007": 1, "2008": 1, "2009": 0, "2010": 2, "2011": 1}, "old_citations": {"1991": 24}, "isVisible": false}, "Rice University": {"name": "Rice University", "type": "organization", "organization_type": "Education", "h_index": 191, "h5_index": 31, "num_publications": 1, "num_citations": 54, "num_publications_5y": 0, "num_citations_5y": 8, "num_publications_10y": 0, "num_citations_10y": 14, "publications_years": {"1993": 1}, "citations_years": {"1993": 2, "1994": 2, "1995": 4, "1996": 1, "1997": 5, "1998": 2, "1999": 2, "2000": 4, "2001": 2, "2002": 1, "2003": 2, "2004": 2, "2005": 3, "2006": 2, "2007": 6, "2008": 0, "2009": 1, "2010": 1, "2011": 2, "2012": 2, "2013": 0, "2014": 0, "2015": 3, "2016": 2, "2017": 1, "2018": 2}, "old_citations": {"1993": 54}, "isVisible": false}, "Rutgers, The State University of New Jersey": {"name": "Rutgers, The State University of New Jersey", "type": "organization", "organization_type": "Education", "h_index": 218, "h5_index": 52, "num_publications": 1, "num_citations": 62, "num_publications_5y": 0, "num_citations_5y": 8, "num_publications_10y": 0, "num_citations_10y": 19, "publications_years": {"1991": 1}, "citations_years": {"1991": 2, "1992": 0, "1993": 3, "1994": 9, "1995": 7, "1996": 6, "1997": 2, "1998": 2, "1999": 2, "2000": 0, "2001": 1, "2002": 2, "2003": 1, "2004": 2, "2005": 2, "2006": 0, "2007": 1, "2008": 0, "2009": 2, "2010": 3, "2011": 2, "2012": 3, "2013": 1, "2014": 1, "2015": 2, "2016": 3, "2017": 2, "2018": 0, "2019": 0, "2020": 1}, "old_citations": {"1991": 62}, "isVisible": false}, "Seoul National University": {"name": "Seoul National University", "type": "organization", "organization_type": "Education", "h_index": 132, "h5_index": 46, "num_publications": 1, "num_citations": 29, "num_publications_5y": 0, "num_citations_5y": 1, "num_publications_10y": 0, "num_citations_10y": 12, "publications_years": {"1993": 1}, "citations_years": {"1994": 1, "1995": 3, "1996": 0, "1997": 1, "1998": 3, "1999": 0, "2000": 0, "2001": 3, "2002": 2, "2003": 0, "2004": 0, "2005": 2, "2006": 0, "2007": 2, "2008": 0, "2009": 2, "2010": 4, "2011": 5, "2012": 0, "2013": 0, "2014": 1}, "old_citations": {"1993": 29}, "isVisible": false}, "The Aerospace Corporation": {"name": "The Aerospace Corporation", "type": "organization", "organization_type": "Nonprofit", "h_index": 43, "h5_index": 7, "num_publications": 1, "num_citations": 58, "num_publications_5y": 0, "num_citations_5y": 1, "num_publications_10y": 0, "num_citations_10y": 3, "publications_years": {"1991": 1}, "citations_years": {"1991": 1, "1992": 1, "1993": 0, "1994": 3, "1995": 0, "1996": 1, "1997": 32, "1998": 2, "1999": 1, "2000": 3, "2001": 3, "2002": 0, "2003": 1, "2004": 3, "2005": 2, "2006": 0, "2007": 1, "2008": 1, "2009": 1, "2010": 0, "2011": 0, "2012": 0, "2013": 1, "2014": 0, "2015": 0, "2016": 1}, "old_citations": {"1991": 58}, "isVisible": false}, "The University of Texas at Austin": {"name": "The University of Texas at Austin", "type": "organization", "organization_type": "Education", "h_index": 268, "h5_index": 65, "num_publications": 1, "num_citations": 40, "num_publications_5y": 0, "num_citations_5y": 0, "num_publications_10y": 0, "num_citations_10y": 3, "publications_years": {"1993": 1}, "citations_years": {"1992": 1, "1993": 1, "1994": 5, "1995": 9, "1996": 7, "1997": 4, "1998": 2, "1999": 0, "2000": 2, "2001": 1, "2002": 1, "2003": 1, "2004": 1, "2005": 2, "2006": 0, "2007": 0, "2008": 0, "2009": 0, "2010": 0, "2011": 0, "2012": 2, "2013": 1}, "old_citations": {"1993": 40}, "isVisible": false}, "University of California, Berkeley": {"name": "University of California, Berkeley", "type": "organization", "organization_type": "Education", "h_index": 452, "h5_index": 107, "num_publications": 1, "num_citations": 95, "num_publications_5y": 0, "num_citations_5y": 9, "num_publications_10y": 0, "num_citations_10y": 43, "publications_years": {"1991": 1}, "citations_years": {"1991": 2, "1992": 0, "1993": 2, "1994": 2, "1995": 0, "1996": 1, "1997": 0, "1998": 1, "1999": 0, "2000": 3, "2001": 0, "2002": 4, "2003": 5, "2004": 1, "2005": 3, "2006": 9, "2007": 6, "2008": 9, "2009": 10, "2010": 9, "2011": 6, "2012": 6, "2013": 3, "2014": 2, "2015": 3, "2016": 1, "2017": 1, "2018": 2, "2019": 4}, "old_citations": {"1991": 95}, "isVisible": false}, "University of California, San Diego": {"name": "University of California, San Diego", "type": "organization", "organization_type": "Education", "h_index": 285, "h5_index": 61, "num_publications": 1, "num_citations": 36, "num_publications_5y": 0, "num_citations_5y": 2, "num_publications_10y": 0, "num_citations_10y": 3, "publications_years": {"1993": 1}, "citations_years": {"1994": 3, "1995": 3, "1996": 7, "1997": 0, "1998": 3, "1999": 1, "2000": 1, "2001": 4, "2002": 2, "2003": 4, "2004": 3, "2005": 1, "2006": 0, "2007": 0, "2008": 1, "2009": 0, "2010": 0, "2011": 0, "2012": 0, "2013": 1, "2014": 0, "2015": 2}, "old_citations": {"1993": 36}, "isVisible": false}, "University of Illinois at Urbana Champaign": {"name": "University of Illinois at Urbana Champaign", "type": "organization", "organization_type": "Education", "h_index": 325, "h5_index": 70, "num_publications": 1, "num_citations": 36, "num_publications_5y": 0, "num_citations_5y": 2, "num_publications_10y": 0, "num_citations_10y": 3, "publications_years": {"1991": 1}, "citations_years": {"1991": 1, "1992": 3, "1993": 2, "1994": 4, "1995": 2, "1996": 3, "1997": 0, "1998": 2, "1999": 4, "2000": 1, "2001": 0, "2002": 2, "2003": 1, "2004": 0, "2005": 4, "2006": 1, "2007": 3, "2008": 0, "2009": 0, "2010": 1, "2011": 0, "2012": 0, "2013": 0, "2014": 1, "2015": 1}, "old_citations": {"1991": 36}, "isVisible": false}, "University of Massachusetts Amherst": {"name": "University of Massachusetts Amherst", "type": "organization", "organization_type": "Education", "h_index": 225, "h5_index": 50, "num_publications": 1, "num_citations": 26, "num_publications_5y": 0, "num_citations_5y": 2, "num_publications_10y": 0, "num_citations_10y": 5, "publications_years": {"1993": 1}, "citations_years": {"1994": 4, "1995": 3, "1996": 0, "1997": 1, "1998": 3, "1999": 2, "2000": 1, "2001": 1, "2002": 2, "2003": 1, "2004": 1, "2005": 1, "2006": 0, "2007": 1, "2008": 0, "2009": 0, "2010": 2, "2011": 0, "2012": 0, "2013": 1, "2014": 2}, "old_citations": {"1993": 26}, "isVisible": false}, "University of Pittsburgh": {"name": "University of Pittsburgh", "type": "organization", "organization_type": "Education", "h_index": 174, "h5_index": 40, "num_publications": 1, "num_citations": 11, "num_publications_5y": 0, "num_citations_5y": 0, "num_publications_10y": 0, "num_citations_10y": 0, "publications_years": {"1991": 1}, "citations_years": {"1991": 1, "1992": 0, "1993": 0, "1994": 4, "1995": 1, "1996": 1, "1997": 1, "1998": 0, "1999": 1, "2000": 1, "2001": 0, "2002": 0, "2003": 0, "2004": 1}, "old_citations": {"1991": 11}, "isVisible": false}, "University of Rochester": {"name": "University of Rochester", "type": "organization", "organization_type": "Education", "h_index": 170, "h5_index": 40, "num_publications": 1, "num_citations": 25, "num_publications_5y": 0, "num_citations_5y": 1, "num_publications_10y": 0, "num_citations_10y": 5, "publications_years": {"1993": 1}, "citations_years": {"1994": 4, "1995": 3, "1996": 3, "1997": 0, "1998": 1, "1999": 2, "2000": 2, "2001": 1, "2002": 1, "2003": 0, "2004": 1, "2005": 2, "2006": 0, "2007": 0, "2008": 0, "2009": 0, "2010": 2, "2011": 0, "2012": 1, "2013": 1, "2014": 0, "2015": 0, "2016": 1}, "old_citations": {"1993": 25}, "isVisible": false}, "University of Washington": {"name": "University of Washington", "type": "organization", "organization_type": "Education", "h_index": 312, "h5_index": 71, "num_publications": 1, "num_citations": 26, "num_publications_5y": 0, "num_citations_5y": 2, "num_publications_10y": 0, "num_citations_10y": 5, "publications_years": {"1993": 1}, "citations_years": {"1994": 4, "1995": 3, "1996": 0, "1997": 1, "1998": 3, "1999": 2, "2000": 1, "2001": 1, "2002": 2, "2003": 1, "2004": 1, "2005": 1, "2006": 0, "2007": 1, "2008": 0, "2009": 0, "2010": 2, "2011": 0, "2012": 0, "2013": 1, "2014": 2}, "old_citations": {"1993": 26}, "isVisible": false}, "University of Waterloo": {"name": "University of Waterloo", "type": "organization", "organization_type": "Education", "h_index": 185, "h5_index": 58, "num_publications": 1, "num_citations": 11, "num_publications_5y": 0, "num_citations_5y": 0, "num_publications_10y": 0, "num_citations_10y": 0, "publications_years": {"1993": 1}, "citations_years": {"1994": 3, "1995": 3, "1996": 1, "1997": 0, "1998": 0, "1999": 0, "2000": 0, "2001": 0, "2002": 2, "2003": 2}, "old_citations": {"1993": 11}, "isVisible": false}, "Washington University in St. Louis": {"name": "Washington University in St. Louis", "type": "organization", "organization_type": "Education", "h_index": 162, "h5_index": 35, "num_publications": 1, "num_citations": 8, "num_publications_5y": 0, "num_citations_5y": 0, "num_publications_10y": 0, "num_citations_10y": 0, "publications_years": {"1991": 1}, "citations_years": {"1991": 1, "1992": 2, "1993": 0, "1994": 3, "1995": 0, "1996": 1, "1997": 0, "1998": 0, "1999": 0, "2000": 0, "2001": 1}, "old_citations": {"1991": 8}, "isVisible": false}}, "topics": {"computer science": {"name": "computer science", "type": "topic", "h_index": 1779, "h5_index": 416, "num_publications": 38, "num_citations": 1473, "num_publications_5y": 0, "num_citations_5y": 108, "num_publications_10y": 0, "num_citations_10y": 369, "publications_years": {"1993": 16, "1991": 22}, "citations_years": {"1991": 28, "1992": 27, "1993": 50, "1994": 121, "1995": 109, "1996": 99, "1997": 94, "1998": 64, "1999": 34, "2000": 44, "2001": 56, "2002": 46, "2003": 57, "2004": 41, "2005": 68, "2006": 49, "2007": 48, "2008": 48, "2009": 51, "2010": 63, "2011": 48, "2012": 54, "2013": 45, "2014": 29, "2015": 26, "2016": 19, "2017": 17, "2018": 17, "2019": 18, "2020": 3}, "old_citations": {"1993": 518, "1991": 955}, "isVisible": false}, "computer systems": {"name": "computer systems", "type": "topic", "h_index": 1595, "h5_index": 367, "num_publications": 35, "num_citations": 1151, "num_publications_5y": 0, "num_citations_5y": 77, "num_publications_10y": 0, "num_citations_10y": 286, "publications_years": {"1993": 15, "1991": 20}, "citations_years": {"1991": 24, "1992": 20, "1993": 38, "1994": 96, "1995": 85, "1996": 82, "1997": 80, "1998": 51, "1999": 23, "2000": 36, "2001": 45, "2002": 36, "2003": 36, "2004": 30, "2005": 51, "2006": 39, "2007": 39, "2008": 39, "2009": 42, "2010": 52, "2011": 40, "2012": 42, "2013": 33, "2014": 20, "2015": 22, "2016": 13, "2017": 12, "2018": 10, "2019": 13, "2020": 2}, "old_citations": {"1993": 504, "1991": 647}, "isVisible": false}, "distributed computer systems": {"name": "distributed computer systems", "type": "topic", "h_index": 985, "h5_index": 228, "num_publications": 29, "num_citations": 981, "num_publications_5y": 0, "num_citations_5y": 68, "num_publications_10y": 0, "num_citations_10y": 264, "publications_years": {"1993": 13, "1991": 16}, "citations_years": {"1991": 19, "1992": 19, "1993": 29, "1994": 73, "1995": 68, "1996": 67, "1997": 43, "1998": 46, "1999": 19, "2000": 32, "2001": 39, "2002": 32, "2003": 32, "2004": 25, "2005": 47, "2006": 38, "2007": 37, "2008": 38, "2009": 39, "2010": 49, "2011": 38, "2012": 39, "2013": 31, "2014": 19, "2015": 20, "2016": 9, "2017": 10, "2018": 10, "2019": 13, "2020": 1}, "old_citations": {"1993": 483, "1991": 498}, "isVisible": false}, "distributed systems": {"name": "distributed systems", "type": "topic", "h_index": 859, "h5_index": 209, "num_publications": 29, "num_citations": 981, "num_publications_5y": 0, "num_citations_5y": 68, "num_publications_10y": 0, "num_citations_10y": 264, "publications_years": {"1993": 13, "1991": 16}, "citations_years": {"1991": 19, "1992": 19, "1993": 29, "1994": 73, "1995": 68, "1996": 67, "1997": 43, "1998": 46, "1999": 19, "2000": 32, "2001": 39, "2002": 32, "2003": 32, "2004": 25, "2005": 47, "2006": 38, "2007": 37, "2008": 38, "2009": 39, "2010": 49, "2011": 38, "2012": 39, "2013": 31, "2014": 19, "2015": 20, "2016": 9, "2017": 10, "2018": 10, "2019": 13, "2020": 1}, "old_citations": {"1993": 483, "1991": 498}, "isVisible": false}, "parallel processing systems": {"name": "parallel processing systems", "type": "topic", "h_index": 845, "h5_index": 208, "num_publications": 28, "num_citations": 941, "num_publications_5y": 0, "num_citations_5y": 68, "num_publications_10y": 0, "num_citations_10y": 261, "publications_years": {"1993": 12, "1991": 16}, "citations_years": {"1991": 19, "1992": 18, "1993": 28, "1994": 68, "1995": 59, "1996": 60, "1997": 39, "1998": 44, "1999": 19, "2000": 30, "2001": 38, "2002": 31, "2003": 31, "2004": 24, "2005": 45, "2006": 38, "2007": 37, "2008": 38, "2009": 39, "2010": 49, "2011": 38, "2012": 37, "2013": 30, "2014": 19, "2015": 20, "2016": 9, "2017": 10, "2018": 10, "2019": 13, "2020": 1}, "old_citations": {"1993": 443, "1991": 498}, "isVisible": false}, "computer programming": {"name": "computer programming", "type": "topic", "h_index": 873, "h5_index": 186, "num_publications": 27, "num_citations": 1173, "num_publications_5y": 0, "num_citations_5y": 100, "num_publications_10y": 0, "num_citations_10y": 337, "publications_years": {"1993": 11, "1991": 16}, "citations_years": {"1991": 23, "1992": 19, "1993": 43, "1994": 87, "1995": 76, "1996": 63, "1997": 52, "1998": 48, "1999": 25, "2000": 33, "2001": 39, "2002": 38, "2003": 48, "2004": 33, "2005": 55, "2006": 46, "2007": 42, "2008": 45, "2009": 47, "2010": 58, "2011": 42, "2012": 50, "2013": 40, "2014": 26, "2015": 23, "2016": 17, "2017": 17, "2018": 17, "2019": 18, "2020": 3}, "old_citations": {"1993": 354, "1991": 819}, "isVisible": false}, "parallel algorithms": {"name": "parallel algorithms", "type": "topic", "h_index": 516, "h5_index": 110, "num_publications": 23, "num_citations": 866, "num_publications_5y": 0, "num_citations_5y": 68, "num_publications_10y": 0, "num_citations_10y": 253, "publications_years": {"1993": 11, "1991": 12}, "citations_years": {"1991": 15, "1992": 15, "1993": 22, "1994": 61, "1995": 53, "1996": 52, "1997": 36, "1998": 38, "1999": 17, "2000": 27, "2001": 33, "2002": 30, "2003": 31, "2004": 23, "2005": 42, "2006": 32, "2007": 36, "2008": 36, "2009": 37, "2010": 45, "2011": 37, "2012": 37, "2013": 29, "2014": 19, "2015": 20, "2016": 9, "2017": 10, "2018": 10, "2019": 13, "2020": 1}, "old_citations": {"1993": 426, "1991": 440}, "isVisible": false}, "software engineering": {"name": "software engineering", "type": "topic", "h_index": 964, "h5_index": 236, "num_publications": 23, "num_citations": 988, "num_publications_5y": 0, "num_citations_5y": 75, "num_publications_10y": 0, "num_citations_10y": 245, "publications_years": {"1991": 14, "1993": 9}, "citations_years": {"1991": 20, "1992": 18, "1993": 36, "1994": 76, "1995": 64, "1996": 60, "1997": 76, "1998": 41, "1999": 21, "2000": 30, "2001": 37, "2002": 28, "2003": 45, "2004": 28, "2005": 45, "2006": 40, "2007": 33, "2008": 32, "2009": 38, "2010": 40, "2011": 27, "2012": 35, "2013": 30, "2014": 20, "2015": 17, "2016": 15, "2017": 8, "2018": 15, "2019": 12, "2020": 1}, "old_citations": {"1991": 633, "1993": 355}, "isVisible": false}, "software design": {"name": "software design", "type": "topic", "h_index": 907, "h5_index": 227, "num_publications": 20, "num_citations": 943, "num_publications_5y": 0, "num_citations_5y": 75, "num_publications_10y": 0, "num_citations_10y": 240, "publications_years": {"1991": 11, "1993": 9}, "citations_years": {"1991": 17, "1992": 17, "1993": 32, "1994": 70, "1995": 60, "1996": 58, "1997": 76, "1998": 38, "1999": 19, "2000": 29, "2001": 34, "2002": 27, "2003": 44, "2004": 27, "2005": 43, "2006": 36, "2007": 32, "2008": 31, "2009": 38, "2010": 37, "2011": 26, "2012": 35, "2013": 29, "2014": 20, "2015": 17, "2016": 15, "2017": 8, "2018": 15, "2019": 12, "2020": 1}, "old_citations": {"1991": 588, "1993": 355}, "isVisible": false}, "computer debugging": {"name": "computer debugging", "type": "topic", "h_index": 271, "h5_index": 55, "num_publications": 19, "num_citations": 876, "num_publications_5y": 0, "num_citations_5y": 75, "num_publications_10y": 0, "num_citations_10y": 236, "publications_years": {"1991": 10, "1993": 9}, "citations_years": {"1991": 16, "1992": 15, "1993": 30, "1994": 64, "1995": 54, "1996": 54, "1997": 41, "1998": 36, "1999": 19, "2000": 25, "2001": 33, "2002": 29, "2003": 45, "2004": 27, "2005": 41, "2006": 36, "2007": 31, "2008": 31, "2009": 37, "2010": 37, "2011": 26, "2012": 33, "2013": 28, "2014": 20, "2015": 19, "2016": 13, "2017": 8, "2018": 15, "2019": 12, "2020": 1}, "old_citations": {"1991": 530, "1993": 346}, "isVisible": false}, "software": {"name": "software", "type": "topic", "h_index": 902, "h5_index": 167, "num_publications": 19, "num_citations": 876, "num_publications_5y": 0, "num_citations_5y": 75, "num_publications_10y": 0, "num_citations_10y": 236, "publications_years": {"1991": 10, "1993": 9}, "citations_years": {"1991": 16, "1992": 15, "1993": 30, "1994": 64, "1995": 54, "1996": 54, "1997": 41, "1998": 36, "1999": 19, "2000": 25, "2001": 33, "2002": 29, "2003": 45, "2004": 27, "2005": 41, "2006": 36, "2007": 31, "2008": 31, "2009": 37, "2010": 37, "2011": 26, "2012": 33, "2013": 28, "2014": 20, "2015": 19, "2016": 13, "2017": 8, "2018": 15, "2019": 12, "2020": 1}, "old_citations": {"1991": 530, "1993": 346}, "isVisible": false}, "software quality": {"name": "software quality", "type": "topic", "h_index": 534, "h5_index": 122, "num_publications": 19, "num_citations": 885, "num_publications_5y": 0, "num_citations_5y": 74, "num_publications_10y": 0, "num_citations_10y": 237, "publications_years": {"1991": 10, "1993": 9}, "citations_years": {"1991": 16, "1992": 16, "1993": 32, "1994": 67, "1995": 60, "1996": 57, "1997": 44, "1998": 36, "1999": 18, "2000": 26, "2001": 31, "2002": 27, "2003": 43, "2004": 24, "2005": 41, "2006": 36, "2007": 31, "2008": 30, "2009": 37, "2010": 37, "2011": 26, "2012": 35, "2013": 28, "2014": 20, "2015": 17, "2016": 14, "2017": 8, "2018": 15, "2019": 12, "2020": 1}, "old_citations": {"1991": 530, "1993": 355}, "isVisible": false}, "computer hardware": {"name": "computer hardware", "type": "topic", "h_index": 1150, "h5_index": 279, "num_publications": 18, "num_citations": 781, "num_publications_5y": 0, "num_citations_5y": 65, "num_publications_10y": 0, "num_citations_10y": 242, "publications_years": {"1993": 10, "1991": 8}, "citations_years": {"1991": 12, "1992": 14, "1993": 20, "1994": 51, "1995": 42, "1996": 40, "1997": 38, "1998": 33, "1999": 16, "2000": 24, "2001": 26, "2002": 27, "2003": 27, "2004": 19, "2005": 36, "2006": 31, "2007": 34, "2008": 36, "2009": 37, "2010": 42, "2011": 33, "2012": 36, "2013": 29, "2014": 18, "2015": 18, "2016": 9, "2017": 10, "2018": 10, "2019": 12, "2020": 1}, "old_citations": {"1993": 385, "1991": 396}, "isVisible": false}, "program debugging": {"name": "program debugging", "type": "topic", "h_index": 267, "h5_index": 55, "num_publications": 18, "num_citations": 840, "num_publications_5y": 0, "num_citations_5y": 73, "num_publications_10y": 0, "num_citations_10y": 233, "publications_years": {"1991": 10, "1993": 8}, "citations_years": {"1991": 16, "1992": 15, "1993": 30, "1994": 61, "1995": 51, "1996": 47, "1997": 41, "1998": 33, "1999": 18, "2000": 24, "2001": 29, "2002": 27, "2003": 41, "2004": 24, "2005": 40, "2006": 36, "2007": 31, "2008": 30, "2009": 37, "2010": 37, "2011": 26, "2012": 33, "2013": 27, "2014": 20, "2015": 17, "2016": 13, "2017": 8, "2018": 15, "2019": 12, "2020": 1}, "old_citations": {"1991": 530, "1993": 310}, "isVisible": false}, "computer programming languages": {"name": "computer programming languages", "type": "topic", "h_index": 746, "h5_index": 154, "num_publications": 17, "num_citations": 717, "num_publications_5y": 0, "num_citations_5y": 59, "num_publications_10y": 0, "num_citations_10y": 223, "publications_years": {"1993": 7, "1991": 10}, "citations_years": {"1991": 15, "1992": 11, "1993": 18, "1994": 41, "1995": 34, "1996": 30, "1997": 29, "1998": 29, "1999": 14, "2000": 25, "2001": 26, "2002": 26, "2003": 23, "2004": 19, "2005": 35, "2006": 37, "2007": 33, "2008": 35, "2009": 35, "2010": 39, "2011": 32, "2012": 33, "2013": 25, "2014": 16, "2015": 16, "2016": 8, "2017": 10, "2018": 9, "2019": 13, "2020": 1}, "old_citations": {"1993": 309, "1991": 408}, "isVisible": false}, "microprocessor chips": {"name": "microprocessor chips", "type": "topic", "h_index": 744, "h5_index": 175, "num_publications": 16, "num_citations": 713, "num_publications_5y": 0, "num_citations_5y": 59, "num_publications_10y": 0, "num_citations_10y": 224, "publications_years": {"1993": 9, "1991": 7}, "citations_years": {"1991": 10, "1992": 11, "1993": 15, "1994": 44, "1995": 39, "1996": 34, "1997": 31, "1998": 31, "1999": 12, "2000": 24, "2001": 25, "2002": 25, "2003": 25, "2004": 19, "2005": 34, "2006": 30, "2007": 32, "2008": 35, "2009": 36, "2010": 39, "2011": 31, "2012": 34, "2013": 25, "2014": 15, "2015": 16, "2016": 9, "2017": 10, "2018": 9, "2019": 12, "2020": 1}, "old_citations": {"1993": 371, "1991": 342}, "isVisible": false}, "parallel architectures": {"name": "parallel architectures", "type": "topic", "h_index": 531, "h5_index": 116, "num_publications": 16, "num_citations": 742, "num_publications_5y": 0, "num_citations_5y": 64, "num_publications_10y": 0, "num_citations_10y": 234, "publications_years": {"1993": 8, "1991": 8}, "citations_years": {"1991": 11, "1992": 12, "1993": 19, "1994": 47, "1995": 41, "1996": 36, "1997": 35, "1998": 30, "1999": 15, "2000": 24, "2001": 24, "2002": 26, "2003": 27, "2004": 18, "2005": 33, "2006": 29, "2007": 34, "2008": 34, "2009": 34, "2010": 40, "2011": 32, "2012": 36, "2013": 28, "2014": 17, "2015": 18, "2016": 9, "2017": 10, "2018": 10, "2019": 12, "2020": 1}, "old_citations": {"1993": 354, "1991": 388}, "isVisible": false}, "program processors": {"name": "program processors", "type": "topic", "h_index": 613, "h5_index": 151, "num_publications": 15, "num_citations": 705, "num_publications_5y": 0, "num_citations_5y": 59, "num_publications_10y": 0, "num_citations_10y": 224, "publications_years": {"1993": 9, "1991": 6}, "citations_years": {"1991": 9, "1992": 9, "1993": 15, "1994": 41, "1995": 39, "1996": 33, "1997": 31, "1998": 31, "1999": 12, "2000": 24, "2001": 24, "2002": 25, "2003": 25, "2004": 19, "2005": 34, "2006": 30, "2007": 32, "2008": 35, "2009": 36, "2010": 39, "2011": 31, "2012": 34, "2013": 25, "2014": 15, "2015": 16, "2016": 9, "2017": 10, "2018": 9, "2019": 12, "2020": 1}, "old_citations": {"1993": 371, "1991": 334}, "isVisible": false}, "parallel processing": {"name": "parallel processing", "type": "topic", "h_index": 226, "h5_index": 43, "num_publications": 13, "num_citations": 269, "num_publications_5y": 0, "num_citations_5y": 12, "num_publications_10y": 0, "num_citations_10y": 39, "publications_years": {"1993": 7, "1991": 6}, "citations_years": {"1994": 29, "1995": 27, "1996": 27, "1997": 18, "1998": 13, "1999": 7, "2000": 11, "2001": 15, "2002": 15, "2003": 6, "2004": 8, "2005": 16, "2006": 6, "2007": 6, "2008": 4, "2009": 4, "2010": 8, "2011": 9, "2012": 3, "2013": 3, "2014": 6, "1991": 8, "1992": 6, "1993": 6, "2015": 3, "2016": 2, "2017": 0, "2018": 1, "2019": 2}, "old_citations": {"1993": 164, "1991": 105}, "isVisible": false}, "parallel programming": {"name": "parallel programming", "type": "topic", "h_index": 425, "h5_index": 94, "num_publications": 13, "num_citations": 643, "num_publications_5y": 0, "num_citations_5y": 58, "num_publications_10y": 0, "num_citations_10y": 216, "publications_years": {"1993": 7, "1991": 6}, "citations_years": {"1991": 9, "1992": 8, "1993": 12, "1994": 35, "1995": 29, "1996": 21, "1997": 27, "1998": 25, "1999": 12, "2000": 22, "2001": 22, "2002": 25, "2003": 23, "2004": 18, "2005": 31, "2006": 29, "2007": 32, "2008": 34, "2009": 34, "2010": 37, "2011": 31, "2012": 32, "2013": 24, "2014": 15, "2015": 16, "2016": 8, "2017": 10, "2018": 9, "2019": 12, "2020": 1}, "old_citations": {"1993": 309, "1991": 334}, "isVisible": false}, "communication": {"name": "communication", "type": "topic", "h_index": 886, "h5_index": 209, "num_publications": 10, "num_citations": 469, "num_publications_5y": 0, "num_citations_5y": 36, "num_publications_10y": 0, "num_citations_10y": 97, "publications_years": {"1993": 4, "1991": 6}, "citations_years": {"1991": 10, "1992": 9, "1993": 16, "1994": 46, "1995": 47, "1996": 32, "1997": 33, "1998": 19, "1999": 11, "2000": 17, "2001": 18, "2002": 17, "2003": 25, "2004": 15, "2005": 19, "2006": 11, "2007": 10, "2008": 10, "2009": 9, "2010": 12, "2011": 11, "2012": 15, "2013": 14, "2014": 11, "2015": 4, "2016": 8, "2017": 5, "2018": 8, "2019": 6, "2020": 1}, "old_citations": {"1993": 112, "1991": 357}, "isVisible": false}}, "authors": {"2133889934": {"name": "charlie mcdowell", "type": "author", "activity": 28, "h_index": 15, "h5_index": 1, "mag_id": "2133889934", "num_publications": 4, "num_citations": 23, "num_publications_5y": 0, "num_citations_5y": 0, "num_publications_10y": 0, "num_citations_10y": 2, "publications_years": {"1991": 3, "1993": 1}, "citations_years": {"1991": 1, "1992": 2, "1993": 1, "1994": 5, "1995": 3, "1996": 1, "1997": 0, "1998": 1, "1999": 0, "2000": 0, "2001": 0, "2002": 0, "2003": 1, "2004": 1, "2005": 4, "2006": 0, "2007": 0, "2008": 1, "2009": 0, "2010": 2}, "old_citations": {"1991": 16, "1993": 7}, "isVisible": false}, "2155251401": {"name": "barton p miller", "type": "author", "activity": 31, "h_index": 40, "h5_index": 3, "mag_id": "2155251401", "num_publications": 3, "num_citations": 8, "num_publications_5y": 0, "num_citations_5y": 0, "num_publications_10y": 0, "num_citations_10y": 1, "publications_years": {"1991": 2, "1993": 1}, "citations_years": {"1992": 1, "1993": 0, "1994": 1, "1995": 0, "1996": 1, "1997": 0, "1998": 0, "1999": 0, "2000": 0, "2001": 0, "2002": 0, "2003": 0, "2004": 0, "2005": 3, "2006": 0, "2007": 0, "2008": 1, "2009": 0, "2010": 1}, "old_citations": {"1991": 1, "1993": 7}, "isVisible": false}, "396576954": {"name": "cherri m pancake", "type": "author", "activity": 30, "h_index": 11, "h5_index": 0, "mag_id": "396576954", "num_publications": 2, "num_citations": 29, "num_publications_5y": 0, "num_citations_5y": 1, "num_publications_10y": 0, "num_citations_10y": 3, "publications_years": {"1993": 1, "1991": 1}, "citations_years": {"1994": 5, "1995": 1, "1996": 4, "1997": 1, "1991": 3, "1992": 2, "1993": 1, "1998": 1, "1999": 0, "2000": 0, "2001": 0, "2002": 0, "2003": 0, "2004": 1, "2005": 3, "2006": 3, "2007": 0, "2008": 0, "2009": 1, "2010": 0, "2011": 0, "2012": 1, "2013": 0, "2014": 1, "2015": 0, "2016": 0, "2017": 0, "2018": 0, "2019": 1}, "old_citations": {"1993": 5, "1991": 24}, "isVisible": false}, "1253733866": {"name": "joan m francioni", "type": "author", "activity": 19, "h_index": 9, "h5_index": 0, "mag_id": "1253733866", "num_publications": 2, "num_citations": 82, "num_publications_5y": 0, "num_citations_5y": 6, "num_publications_10y": 0, "num_citations_10y": 13, "publications_years": {"1993": 1, "1991": 1}, "citations_years": {"1994": 5, "1995": 5, "1996": 7, "1997": 10, "1998": 2, "1999": 2, "2000": 2, "2001": 4, "2002": 8, "2003": 2, "2004": 2, "2005": 5, "2006": 3, "2007": 4, "2008": 1, "2009": 1, "2010": 1, "2011": 4, "2012": 0, "2013": 1, "2014": 3, "2015": 1, "2016": 1, "2017": 0, "2018": 1, "2019": 1, "1991": 3, "1992": 1, "1993": 2}, "old_citations": {"1993": 48, "1991": 34}, "isVisible": false}, "2123256848": {"name": "ajei sarat gopal", "type": "author", "activity": 21, "h_index": 19, "h5_index": 0, "mag_id": "2123256848", "num_publications": 2, "num_citations": 54, "num_publications_5y": 0, "num_citations_5y": 5, "num_publications_10y": 0, "num_citations_10y": 14, "publications_years": {"1991": 2}, "citations_years": {"1991": 2, "1992": 3, "1993": 5, "1994": 6, "1995": 3, "1996": 5, "1997": 5, "1998": 2, "1999": 3, "2000": 0, "2001": 0, "2002": 1, "2003": 2, "2004": 0, "2005": 1, "2006": 0, "2007": 2, "2008": 0, "2009": 0, "2010": 3, "2011": 1, "2012": 2, "2013": 3, "2014": 2, "2015": 2, "2016": 0, "2017": 0, "2018": 1}, "old_citations": {"1991": 54}, "isVisible": false}, "2157469968": {"name": "andy lowry", "type": "author", "activity": 3, "h_index": 5, "h5_index": 0, "mag_id": "2157469968", "num_publications": 2, "num_citations": 54, "num_publications_5y": 0, "num_citations_5y": 5, "num_publications_10y": 0, "num_citations_10y": 14, "publications_years": {"1991": 2}, "citations_years": {"1991": 2, "1992": 3, "1993": 5, "1994": 6, "1995": 3, "1996": 5, "1997": 5, "1998": 2, "1999": 3, "2000": 0, "2001": 0, "2002": 1, "2003": 2, "2004": 0, "2005": 1, "2006": 0, "2007": 2, "2008": 0, "2009": 0, "2010": 3, "2011": 1, "2012": 2, "2013": 3, "2014": 2, "2015": 2, "2016": 0, "2017": 0, "2018": 1}, "old_citations": {"1991": 54}, "isVisible": false}, "2164944204": {"name": "arthur p goldberg", "type": "author", "activity": 29, "h_index": 13, "h5_index": 4, "mag_id": "2164944204", "num_publications": 2, "num_citations": 54, "num_publications_5y": 0, "num_citations_5y": 5, "num_publications_10y": 0, "num_citations_10y": 14, "publications_years": {"1991": 2}, "citations_years": {"1991": 2, "1992": 3, "1993": 5, "1994": 6, "1995": 3, "1996": 5, "1997": 5, "1998": 2, "1999": 3, "2000": 0, "2001": 0, "2002": 1, "2003": 2, "2004": 0, "2005": 1, "2006": 0, "2007": 2, "2008": 0, "2009": 0, "2010": 3, "2011": 1, "2012": 2, "2013": 3, "2014": 2, "2015": 2, "2016": 0, "2017": 0, "2018": 1}, "old_citations": {"1991": 54}, "isVisible": false}, "2974295301": {"name": "dror zernik", "type": "author", "activity": 3, "h_index": 2, "h5_index": 0, "mag_id": "2974295301", "num_publications": 2, "num_citations": 34, "num_publications_5y": 0, "num_citations_5y": 1, "num_publications_10y": 0, "num_citations_10y": 5, "publications_years": {"1991": 1, "1993": 1}, "citations_years": {"1991": 1, "1992": 2, "1993": 1, "1994": 5, "1995": 4, "1996": 1, "1997": 3, "1998": 2, "1999": 1, "2000": 2, "2001": 3, "2002": 2, "2003": 1, "2004": 0, "2005": 1, "2006": 0, "2007": 0, "2008": 0, "2009": 0, "2010": 1, "2011": 0, "2012": 1, "2013": 2, "2014": 1}, "old_citations": {"1991": 19, "1993": 15}, "isVisible": false}, "29288042": {"name": "madalene spezialetti", "type": "author", "activity": 31, "h_index": 7, "h5_index": 1, "mag_id": "29288042", "num_publications": 1, "num_citations": 7, "num_publications_5y": 0, "num_citations_5y": 0, "num_publications_10y": 0, "num_citations_10y": 0, "publications_years": {"1991": 1}, "citations_years": {"1991": 1, "1992": 0, "1993": 0, "1994": 1, "1995": 1, "1996": 2, "1997": 0, "1998": 0, "1999": 1, "2000": 0, "2001": 0, "2002": 0, "2003": 0, "2004": 0, "2005": 0, "2006": 1}, "old_citations": {"1991": 7}, "isVisible": false}, "91397146": {"name": "mark crovella", "type": "author", "activity": 29, "h_index": 54, "h5_index": 2, "mag_id": "91397146", "num_publications": 1, "num_citations": 25, "num_publications_5y": 0, "num_citations_5y": 1, "num_publications_10y": 0, "num_citations_10y": 5, "publications_years": {"1993": 1}, "citations_years": {"1994": 4, "1995": 3, "1996": 3, "1997": 0, "1998": 1, "1999": 2, "2000": 2, "2001": 1, "2002": 1, "2003": 0, "2004": 1, "2005": 2, "2006": 0, "2007": 0, "2008": 0, "2009": 0, "2010": 2, "2011": 0, "2012": 1, "2013": 1, "2014": 0, "2015": 0, "2016": 1}, "old_citations": {"1993": 25}, "isVisible": false}, "104647944": {"name": "bernd bruegge", "type": "author", "activity": 31, "h_index": 22, "h5_index": 8, "mag_id": "104647944", "num_publications": 1, "num_citations": 22, "num_publications_5y": 0, "num_citations_5y": 0, "num_publications_10y": 0, "num_citations_10y": 0, "publications_years": {"1991": 1}, "citations_years": {"1991": 1, "1992": 0, "1993": 5, "1994": 3, "1995": 4, "1996": 4, "1997": 2, "1998": 1, "1999": 0, "2000": 1, "2001": 1}, "old_citations": {"1991": 22}, "isVisible": false}, "106235301": {"name": "stephen p masticola", "type": "author", "activity": 22, "h_index": 6, "h5_index": 0, "mag_id": "106235301", "num_publications": 1, "num_citations": 62, "num_publications_5y": 0, "num_citations_5y": 8, "num_publications_10y": 0, "num_citations_10y": 19, "publications_years": {"1991": 1}, "citations_years": {"1991": 2, "1992": 0, "1993": 3, "1994": 9, "1995": 7, "1996": 6, "1997": 2, "1998": 2, "1999": 2, "2000": 0, "2001": 1, "2002": 2, "2003": 1, "2004": 2, "2005": 2, "2006": 0, "2007": 1, "2008": 0, "2009": 2, "2010": 3, "2011": 2, "2012": 3, "2013": 1, "2014": 1, "2015": 2, "2016": 3, "2017": 2, "2018": 0, "2019": 0, "2020": 1}, "old_citations": {"1991": 62}, "isVisible": false}, "206448238": {"name": "william e weihl", "type": "author", "activity": 11, "h_index": 34, "h5_index": 0, "mag_id": "206448238", "num_publications": 1, "num_citations": 19, "num_publications_5y": 0, "num_citations_5y": 0, "num_publications_10y": 0, "num_citations_10y": 0, "publications_years": {"1993": 1}, "citations_years": {"1994": 2, "1995": 5, "1996": 1, "1997": 5, "1998": 1, "1999": 0, "2000": 3, "2001": 0, "2002": 1, "2003": 0, "2004": 0, "2005": 0, "2006": 0, "2007": 0, "2008": 1}, "old_citations": {"1993": 19}, "isVisible": false}, "226242240": {"name": "patrick lambrix", "type": "author", "activity": 27, "h_index": 22, "h5_index": 5, "mag_id": "226242240", "num_publications": 1, "num_citations": 17, "num_publications_5y": 0, "num_citations_5y": 0, "num_publications_10y": 0, "num_citations_10y": 4, "publications_years": {"1993": 1}, "citations_years": {"1993": 1, "1994": 0, "1995": 1, "1996": 2, "1997": 1, "1998": 3, "1999": 0, "2000": 0, "2001": 0, "2002": 0, "2003": 0, "2004": 1, "2005": 2, "2006": 1, "2007": 0, "2008": 1, "2009": 2, "2010": 2}, "old_citations": {"1993": 17}, "isVisible": false}, "227652945": {"name": "michel hurfin", "type": "author", "activity": 28, "h_index": 10, "h5_index": 2, "mag_id": "227652945", "num_publications": 1, "num_citations": 45, "num_publications_5y": 0, "num_citations_5y": 1, "num_publications_10y": 0, "num_citations_10y": 4, "publications_years": {"1993": 1}, "citations_years": {"1992": 1, "1993": 2, "1994": 6, "1995": 9, "1996": 10, "1997": 3, "1998": 3, "1999": 0, "2000": 2, "2001": 2, "2002": 0, "2003": 2, "2004": 0, "2005": 1, "2006": 0, "2007": 0, "2008": 0, "2009": 0, "2010": 0, "2011": 0, "2012": 2, "2013": 1, "2014": 0, "2015": 0, "2016": 1}, "old_citations": {"1993": 45}, "isVisible": false}, "255851112": {"name": "pierre verbaeten", "type": "author", "activity": 22, "h_index": 14, "h5_index": 0, "mag_id": "255851112", "num_publications": 1, "num_citations": 0, "num_publications_5y": 0, "num_citations_5y": 0, "num_publications_10y": 0, "num_citations_10y": 0, "publications_years": {"1993": 1}, "citations_years": {}, "old_citations": {"1993": 0}, "isVisible": false}, "677445823": {"name": "keith marzullo", "type": "author", "activity": 28, "h_index": 33, "h5_index": 1, "mag_id": "677445823", "num_publications": 1, "num_citations": 272, "num_publications_5y": 0, "num_citations_5y": 28, "num_publications_10y": 0, "num_citations_10y": 76, "publications_years": {"1991": 1}, "citations_years": {"1991": 3, "1992": 4, "1993": 10, "1994": 20, "1995": 22, "1996": 13, "1997": 12, "1998": 11, "1999": 6, "2000": 7, "2001": 10, "2002": 7, "2003": 20, "2004": 11, "2005": 12, "2006": 8, "2007": 6, "2008": 8, "2009": 8, "2010": 10, "2011": 7, "2012": 12, "2013": 11, "2014": 7, "2015": 3, "2016": 6, "2017": 5, "2018": 7, "2019": 5, "2020": 1}, "old_citations": {"1991": 272}, "isVisible": false}, "686913843": {"name": "mary lou soffa", "type": "author", "activity": 30, "h_index": 43, "h5_index": 3, "mag_id": "686913843", "num_publications": 1, "num_citations": 11, "num_publications_5y": 0, "num_citations_5y": 0, "num_publications_10y": 0, "num_citations_10y": 0, "publications_years": {"1991": 1}, "citations_years": {"1991": 1, "1992": 0, "1993": 0, "1994": 4, "1995": 1, "1996": 1, "1997": 1, "1998": 0, "1999": 1, "2000": 1, "2001": 0, "2002": 0, "2003": 0, "2004": 1}, "old_citations": {"1991": 11}, "isVisible": false}, "1089456629": {"name": "stijn bijnens", "type": "author", "activity": 6, "h_index": 4, "h5_index": 0, "mag_id": "1089456629", "num_publications": 1, "num_citations": 0, "num_publications_5y": 0, "num_citations_5y": 0, "num_publications_10y": 0, "num_citations_10y": 0, "publications_years": {"1993": 1}, "citations_years": {}, "old_citations": {"1993": 0}, "isVisible": false}, "1969876091": {"name": "wouter joosen", "type": "author", "activity": 31, "h_index": 37, "h5_index": 11, "mag_id": "1969876091", "num_publications": 1, "num_citations": 0, "num_publications_5y": 0, "num_citations_5y": 0, "num_publications_10y": 0, "num_citations_10y": 0, "publications_years": {"1993": 1}, "citations_years": {}, "old_citations": {"1993": 0}, "isVisible": false}, "1975526600": {"name": "vijay k garg", "type": "author", "activity": 30, "h_index": 27, "h5_index": 2, "mag_id": "1975526600", "num_publications": 1, "num_citations": 40, "num_publications_5y": 0, "num_citations_5y": 0, "num_publications_10y": 0, "num_citations_10y": 3, "publications_years": {"1993": 1}, "citations_years": {"1992": 1, "1993": 1, "1994": 5, "1995": 9, "1996": 7, "1997": 4, "1998": 2, "1999": 0, "2000": 2, "2001": 1, "2002": 1, "2003": 1, "2004": 1, "2005": 2, "2006": 0, "2007": 0, "2008": 0, "2009": 0, "2010": 0, "2011": 0, "2012": 2, "2013": 1}, "old_citations": {"1993": 40}, "isVisible": false}, "1975802069": {"name": "eric brewer", "type": "author", "activity": 29, "h_index": 60, "h5_index": 2, "mag_id": "1975802069", "num_publications": 1, "num_citations": 19, "num_publications_5y": 0, "num_citations_5y": 0, "num_publications_10y": 0, "num_citations_10y": 0, "publications_years": {"1993": 1}, "citations_years": {"1994": 2, "1995": 5, "1996": 1, "1997": 5, "1998": 1, "1999": 0, "2000": 3, "2001": 0, "2002": 1, "2003": 0, "2004": 0, "2005": 0, "2006": 0, "2007": 0, "2008": 1}, "old_citations": {"1993": 19}, "isVisible": false}, "1984042107": {"name": "karsten schwan", "type": "author", "activity": 29, "h_index": 50, "h5_index": 8, "mag_id": "1984042107", "num_publications": 1, "num_citations": 27, "num_publications_5y": 0, "num_citations_5y": 0, "num_publications_10y": 0, "num_citations_10y": 0, "publications_years": {"1991": 1}, "citations_years": {"1991": 1, "1992": 0, "1993": 2, "1994": 7, "1995": 6, "1996": 4, "1997": 0, "1998": 1, "1999": 1, "2000": 2, "2001": 2, "2002": 0, "2003": 0, "2004": 1}, "old_citations": {"1991": 27}, "isVisible": false}, "1995527395": {"name": "f gielen", "type": "author", "activity": 1, "h_index": 2, "h5_index": 0, "mag_id": "1995527395", "num_publications": 1, "num_citations": 17, "num_publications_5y": 0, "num_citations_5y": 0, "num_publications_10y": 0, "num_citations_10y": 4, "publications_years": {"1993": 1}, "citations_years": {"1993": 1, "1994": 0, "1995": 1, "1996": 2, "1997": 1, "1998": 3, "1999": 0, "2000": 0, "2001": 0, "2002": 0, "2003": 0, "2004": 1, "2005": 2, "2006": 1, "2007": 0, "2008": 1, "2009": 2, "2010": 2}, "old_citations": {"1993": 17}, "isVisible": false}, "2000056369": {"name": "larry rudolph", "type": "author", "activity": 29, "h_index": 29, "h5_index": 1, "mag_id": "2000056369", "num_publications": 1, "num_citations": 19, "num_publications_5y": 0, "num_citations_5y": 1, "num_publications_10y": 0, "num_citations_10y": 2, "publications_years": {"1991": 1}, "citations_years": {"1991": 1, "1992": 2, "1993": 1, "1994": 4, "1995": 2, "1996": 0, "1997": 2, "1998": 1, "1999": 1, "2000": 1, "2001": 1, "2002": 1, "2003": 0, "2004": 0, "2005": 0, "2006": 0, "2007": 0, "2008": 0, "2009": 0, "2010": 0, "2011": 0, "2012": 1, "2013": 0, "2014": 1}, "old_citations": {"1991": 19}, "isVisible": false}, "2024443744": {"name": "david p helmbold", "type": "author", "activity": 29, "h_index": 17, "h5_index": 2, "mag_id": "2024443744", "num_publications": 1, "num_citations": 15, "num_publications_5y": 0, "num_citations_5y": 0, "num_publications_10y": 0, "num_citations_10y": 1, "publications_years": {"1991": 1}, "citations_years": {"1991": 1, "1992": 1, "1993": 1, "1994": 4, "1995": 3, "1996": 0, "1997": 0, "1998": 1, "1999": 0, "2000": 0, "2001": 0, "2002": 0, "2003": 1, "2004": 1, "2005": 1, "2006": 0, "2007": 0, "2008": 0, "2009": 0, "2010": 1}, "old_citations": {"1991": 15}, "isVisible": false}, "2027002858": {"name": "andrew tolmach", "type": "author", "activity": 30, "h_index": 20, "h5_index": 4, "mag_id": "2027002858", "num_publications": 1, "num_citations": 24, "num_publications_5y": 0, "num_citations_5y": 0, "num_publications_10y": 0, "num_citations_10y": 3, "publications_years": {"1991": 1}, "citations_years": {"1991": 1, "1992": 0, "1993": 3, "1994": 1, "1995": 1, "1996": 2, "1997": 0, "1998": 2, "1999": 1, "2000": 0, "2001": 2, "2002": 1, "2003": 0, "2004": 0, "2005": 1, "2006": 4, "2007": 1, "2008": 1, "2009": 0, "2010": 2, "2011": 1}, "old_citations": {"1991": 24}, "isVisible": false}, "2052618510": {"name": "francine berman", "type": "author", "activity": 29, "h_index": 32, "h5_index": 2, "mag_id": "2052618510", "num_publications": 1, "num_citations": 36, "num_publications_5y": 0, "num_citations_5y": 2, "num_publications_10y": 0, "num_citations_10y": 3, "publications_years": {"1993": 1}, "citations_years": {"1994": 3, "1995": 3, "1996": 7, "1997": 0, "1998": 3, "1999": 1, "2000": 1, "2001": 4, "2002": 2, "2003": 4, "2004": 3, "2005": 1, "2006": 0, "2007": 0, "2008": 1, "2009": 0, "2010": 0, "2011": 0, "2012": 0, "2013": 1, "2014": 0, "2015": 2}, "old_citations": {"1993": 36}, "isVisible": false}, "2061408272": {"name": "edith schonberg", "type": "author", "activity": 29, "h_index": 26, "h5_index": 1, "mag_id": "2061408272", "num_publications": 1, "num_citations": 160, "num_publications_5y": 0, "num_citations_5y": 18, "num_publications_10y": 0, "num_citations_10y": 75, "publications_years": {"1991": 1}, "citations_years": {"1991": 1, "1992": 3, "1993": 1, "1994": 2, "1995": 2, "1996": 0, "1997": 2, "1998": 7, "1999": 1, "2000": 2, "2001": 4, "2002": 6, "2003": 5, "2004": 5, "2005": 9, "2006": 6, "2007": 9, "2008": 13, "2009": 8, "2010": 13, "2011": 13, "2012": 13, "2013": 10, "2014": 5, "2015": 4, "2016": 0, "2017": 7, "2018": 2, "2019": 6, "2020": 1}, "old_citations": {"1991": 160}, "isVisible": false}, "2069733440": {"name": "david f bacon", "type": "author", "activity": 28, "h_index": 34, "h5_index": 2, "mag_id": "2069733440", "num_publications": 1, "num_citations": 95, "num_publications_5y": 0, "num_citations_5y": 9, "num_publications_10y": 0, "num_citations_10y": 43, "publications_years": {"1991": 1}, "citations_years": {"1991": 2, "1992": 0, "1993": 2, "1994": 2, "1995": 0, "1996": 1, "1997": 0, "1998": 1, "1999": 0, "2000": 3, "2001": 0, "2002": 4, "2003": 5, "2004": 1, "2005": 3, "2006": 9, "2007": 6, "2008": 9, "2009": 10, "2010": 9, "2011": 6, "2012": 6, "2013": 3, "2014": 2, "2015": 3, "2016": 1, "2017": 1, "2018": 2, "2019": 4}, "old_citations": {"1991": 95}, "isVisible": false}, "2079969273": {"name": "allen d malony", "type": "author", "activity": 31, "h_index": 31, "h5_index": 5, "mag_id": "2079969273", "num_publications": 1, "num_citations": 36, "num_publications_5y": 0, "num_citations_5y": 2, "num_publications_10y": 0, "num_citations_10y": 3, "publications_years": {"1991": 1}, "citations_years": {"1991": 1, "1992": 3, "1993": 2, "1994": 4, "1995": 2, "1996": 3, "1997": 0, "1998": 2, "1999": 4, "2000": 1, "2001": 0, "2002": 2, "2003": 1, "2004": 0, "2005": 4, "2006": 1, "2007": 3, "2008": 0, "2009": 0, "2010": 1, "2011": 0, "2012": 0, "2013": 0, "2014": 1, "2015": 1}, "old_citations": {"1991": 36}, "isVisible": false}, "2096742613": {"name": "jay alan jackson", "type": "author", "activity": 3, "h_index": 4, "h5_index": 0, "mag_id": "2096742613", "num_publications": 1, "num_citations": 34, "num_publications_5y": 0, "num_citations_5y": 2, "num_publications_10y": 0, "num_citations_10y": 4, "publications_years": {"1991": 1}, "citations_years": {"1991": 3, "1992": 1, "1993": 2, "1994": 3, "1995": 1, "1996": 2, "1997": 3, "1998": 0, "1999": 1, "2000": 1, "2001": 1, "2002": 2, "2003": 1, "2004": 2, "2005": 3, "2006": 1, "2007": 2, "2008": 1, "2009": 0, "2010": 0, "2011": 1, "2012": 0, "2013": 1, "2014": 2}, "old_citations": {"1991": 34}, "isVisible": false}, "2101147274": {"name": "alexander i tomlinson", "type": "author", "activity": 5, "h_index": 5, "h5_index": 0, "mag_id": "2101147274", "num_publications": 1, "num_citations": 40, "num_publications_5y": 0, "num_citations_5y": 0, "num_publications_10y": 0, "num_citations_10y": 3, "publications_years": {"1993": 1}, "citations_years": {"1992": 1, "1993": 1, "1994": 5, "1995": 9, "1996": 7, "1997": 4, "1998": 2, "1999": 0, "2000": 2, "2001": 1, "2002": 1, "2003": 1, "2004": 1, "2005": 2, "2006": 0, "2007": 0, "2008": 0, "2009": 0, "2010": 0, "2011": 0, "2012": 2, "2013": 1}, "old_citations": {"1993": 40}, "isVisible": false}, "2101580273": {"name": "thomas j leblanc", "type": "author", "activity": 13, "h_index": 16, "h5_index": 0, "mag_id": "2101580273", "num_publications": 1, "num_citations": 25, "num_publications_5y": 0, "num_citations_5y": 1, "num_publications_10y": 0, "num_citations_10y": 5, "publications_years": {"1993": 1}, "citations_years": {"1994": 4, "1995": 3, "1996": 3, "1997": 0, "1998": 1, "1999": 2, "2000": 2, "2001": 1, "2002": 1, "2003": 0, "2004": 1, "2005": 2, "2006": 0, "2007": 0, "2008": 0, "2009": 0, "2010": 2, "2011": 0, "2012": 1, "2013": 1, "2014": 0, "2015": 0, "2016": 1}, "old_citations": {"1993": 25}, "isVisible": false}, "2108641532": {"name": "seth copen goldstein", "type": "author", "activity": 29, "h_index": 33, "h5_index": 2, "mag_id": "2108641532", "num_publications": 1, "num_citations": 95, "num_publications_5y": 0, "num_citations_5y": 9, "num_publications_10y": 0, "num_citations_10y": 43, "publications_years": {"1991": 1}, "citations_years": {"1991": 2, "1992": 0, "1993": 2, "1994": 2, "1995": 0, "1996": 1, "1997": 0, "1998": 1, "1999": 0, "2000": 3, "2001": 0, "2002": 4, "2003": 5, "2004": 1, "2005": 3, "2006": 9, "2007": 6, "2008": 9, "2009": 10, "2010": 9, "2011": 6, "2012": 6, "2013": 3, "2014": 2, "2015": 3, "2016": 1, "2017": 1, "2018": 2, "2019": 4}, "old_citations": {"1991": 95}, "isVisible": false}, "2112279983": {"name": "janice e cuny", "type": "author", "activity": 7, "h_index": 6, "h5_index": 0, "mag_id": "2112279983", "num_publications": 1, "num_citations": 26, "num_publications_5y": 0, "num_citations_5y": 2, "num_publications_10y": 0, "num_citations_10y": 5, "publications_years": {"1993": 1}, "citations_years": {"1994": 4, "1995": 3, "1996": 0, "1997": 1, "1998": 3, "1999": 2, "2000": 1, "2001": 1, "2002": 2, "2003": 1, "2004": 1, "2005": 1, "2006": 0, "2007": 1, "2008": 0, "2009": 0, "2010": 2, "2011": 0, "2012": 0, "2013": 1, "2014": 2}, "old_citations": {"1993": 26}, "isVisible": false}, "2119173613": {"name": "jongdeok choi", "type": "author", "activity": 26, "h_index": 35, "h5_index": 0, "mag_id": "2119173613", "num_publications": 1, "num_citations": 20, "num_publications_5y": 0, "num_citations_5y": 0, "num_publications_10y": 0, "num_citations_10y": 0, "publications_years": {"1991": 1}, "citations_years": {"1991": 1, "1992": 1, "1993": 2, "1994": 2, "1995": 4, "1996": 3, "1997": 2, "1998": 1, "1999": 0, "2000": 2, "2001": 1, "2002": 0, "2003": 0, "2004": 0, "2005": 0, "2006": 1}, "old_citations": {"1991": 20}, "isVisible": false}, "2120329599": {"name": "andrew w appel", "type": "author", "activity": 30, "h_index": 41, "h5_index": 4, "mag_id": "2120329599", "num_publications": 1, "num_citations": 24, "num_publications_5y": 0, "num_citations_5y": 0, "num_publications_10y": 0, "num_citations_10y": 3, "publications_years": {"1991": 1}, "citations_years": {"1991": 1, "1992": 0, "1993": 3, "1994": 1, "1995": 1, "1996": 2, "1997": 0, "1998": 2, "1999": 1, "2000": 0, "2001": 2, "2002": 1, "2003": 0, "2004": 0, "2005": 1, "2006": 4, "2007": 1, "2008": 1, "2009": 0, "2010": 2, "2011": 1}, "old_citations": {"1991": 24}, "isVisible": false}, "2127262327": {"name": "alfred a hough", "type": "author", "activity": 4, "h_index": 3, "h5_index": 0, "mag_id": "2127262327", "num_publications": 1, "num_citations": 26, "num_publications_5y": 0, "num_citations_5y": 2, "num_publications_10y": 0, "num_citations_10y": 5, "publications_years": {"1993": 1}, "citations_years": {"1994": 4, "1995": 3, "1996": 0, "1997": 1, "1998": 3, "1999": 2, "2000": 1, "2001": 1, "2002": 2, "2003": 1, "2004": 1, "2005": 1, "2006": 0, "2007": 1, "2008": 0, "2009": 0, "2010": 2, "2011": 0, "2012": 0, "2013": 1, "2014": 2}, "old_citations": {"1993": 26}, "isVisible": false}, "2129761407": {"name": "larry albright", "type": "author", "activity": 1, "h_index": 3, "h5_index": 0, "mag_id": "2129761407", "num_publications": 1, "num_citations": 34, "num_publications_5y": 0, "num_citations_5y": 2, "num_publications_10y": 0, "num_citations_10y": 4, "publications_years": {"1991": 1}, "citations_years": {"1991": 3, "1992": 1, "1993": 2, "1994": 3, "1995": 1, "1996": 2, "1997": 3, "1998": 0, "1999": 1, "2000": 1, "2001": 1, "2002": 2, "2003": 1, "2004": 2, "2005": 3, "2006": 1, "2007": 2, "2008": 1, "2009": 0, "2010": 0, "2011": 1, "2012": 0, "2013": 1, "2014": 2}, "old_citations": {"1991": 34}, "isVisible": false}, "2130097660": {"name": "robert cooper", "type": "author", "activity": 5, "h_index": 8, "h5_index": 0, "mag_id": "2130097660", "num_publications": 1, "num_citations": 272, "num_publications_5y": 0, "num_citations_5y": 28, "num_publications_10y": 0, "num_citations_10y": 76, "publications_years": {"1991": 1}, "citations_years": {"1991": 3, "1992": 4, "1993": 10, "1994": 20, "1995": 22, "1996": 13, "1997": 12, "1998": 11, "1999": 6, "2000": 7, "2001": 10, "2002": 7, "2003": 20, "2004": 11, "2005": 12, "2006": 8, "2007": 6, "2008": 8, "2009": 8, "2010": 10, "2011": 7, "2012": 12, "2013": 11, "2014": 7, "2015": 3, "2016": 6, "2017": 5, "2018": 7, "2019": 5, "2020": 1}, "old_citations": {"1991": 272}, "isVisible": false}, "2132253347": {"name": "robert cohn", "type": "author", "activity": 27, "h_index": 22, "h5_index": 1, "mag_id": "2132253347", "num_publications": 1, "num_citations": 6, "num_publications_5y": 0, "num_citations_5y": 0, "num_publications_10y": 0, "num_citations_10y": 1, "publications_years": {"1991": 1}, "citations_years": {"1991": 1, "1992": 0, "1993": 0, "1994": 1, "1995": 0, "1996": 0, "1997": 0, "1998": 0, "1999": 1, "2000": 1, "2001": 1, "2002": 0, "2003": 0, "2004": 0, "2005": 0, "2006": 0, "2007": 0, "2008": 0, "2009": 0, "2010": 0, "2011": 0, "2012": 0, "2013": 1}, "old_citations": {"1991": 6}, "isVisible": false}, "2135192780": {"name": "thomas kunz", "type": "author", "activity": 29, "h_index": 27, "h5_index": 5, "mag_id": "2135192780", "num_publications": 1, "num_citations": 11, "num_publications_5y": 0, "num_citations_5y": 0, "num_publications_10y": 0, "num_citations_10y": 0, "publications_years": {"1993": 1}, "citations_years": {"1994": 3, "1995": 3, "1996": 1, "1997": 0, "1998": 0, "1999": 0, "2000": 0, "2001": 0, "2002": 2, "2003": 2}, "old_citations": {"1993": 11}, "isVisible": false}, "2139647612": {"name": "barbara g ryder", "type": "author", "activity": 31, "h_index": 39, "h5_index": 8, "mag_id": "2139647612", "num_publications": 1, "num_citations": 62, "num_publications_5y": 0, "num_citations_5y": 8, "num_publications_10y": 0, "num_citations_10y": 19, "publications_years": {"1991": 1}, "citations_years": {"1991": 2, "1992": 0, "1993": 3, "1994": 9, "1995": 7, "1996": 6, "1997": 2, "1998": 2, "1999": 2, "2000": 0, "2001": 1, "2002": 2, "2003": 1, "2004": 2, "2005": 2, "2006": 0, "2007": 1, "2008": 0, "2009": 2, "2010": 3, "2011": 2, "2012": 3, "2013": 1, "2014": 1, "2015": 2, "2016": 3, "2017": 2, "2018": 0, "2019": 0, "2020": 1}, "old_citations": {"1991": 62}, "isVisible": false}, "2141574714": {"name": "yongkee jun", "type": "author", "activity": 27, "h_index": 9, "h5_index": 1, "mag_id": "2141574714", "num_publications": 1, "num_citations": 29, "num_publications_5y": 0, "num_citations_5y": 1, "num_publications_10y": 0, "num_citations_10y": 12, "publications_years": {"1993": 1}, "citations_years": {"1994": 1, "1995": 3, "1996": 0, "1997": 1, "1998": 3, "1999": 0, "2000": 0, "2001": 3, "2002": 2, "2003": 0, "2004": 0, "2005": 2, "2006": 0, "2007": 2, "2008": 0, "2009": 2, "2010": 4, "2011": 5, "2012": 0, "2013": 0, "2014": 1}, "old_citations": {"1993": 29}, "isVisible": false}, "2160406774": {"name": "janice m stone", "type": "author", "activity": 6, "h_index": 3, "h5_index": 0, "mag_id": "2160406774", "num_publications": 1, "num_citations": 20, "num_publications_5y": 0, "num_citations_5y": 0, "num_publications_10y": 0, "num_citations_10y": 0, "publications_years": {"1991": 1}, "citations_years": {"1991": 1, "1992": 1, "1993": 2, "1994": 2, "1995": 4, "1996": 3, "1997": 2, "1998": 1, "1999": 0, "2000": 2, "2001": 1, "2002": 0, "2003": 0, "2004": 0, "2005": 0, "2006": 1}, "old_citations": {"1991": 20}, "isVisible": false}, "2170832848": {"name": "david stemple", "type": "author", "activity": 11, "h_index": 11, "h5_index": 0, "mag_id": "2170832848", "num_publications": 1, "num_citations": 26, "num_publications_5y": 0, "num_citations_5y": 2, "num_publications_10y": 0, "num_citations_10y": 5, "publications_years": {"1993": 1}, "citations_years": {"1994": 4, "1995": 3, "1996": 0, "1997": 1, "1998": 3, "1999": 2, "2000": 1, "2001": 1, "2002": 2, "2003": 1, "2004": 1, "2005": 1, "2006": 0, "2007": 1, "2008": 0, "2009": 0, "2010": 2, "2011": 0, "2012": 0, "2013": 1, "2014": 2}, "old_citations": {"1993": 26}, "isVisible": false}, "2188667897": {"name": "calvin lin", "type": "author", "activity": 30, "h_index": 32, "h5_index": 5, "mag_id": "2188667897", "num_publications": 1, "num_citations": 26, "num_publications_5y": 0, "num_citations_5y": 2, "num_publications_10y": 0, "num_citations_10y": 5, "publications_years": {"1993": 1}, "citations_years": {"1994": 4, "1995": 3, "1996": 0, "1997": 1, "1998": 3, "1999": 2, "2000": 1, "2001": 1, "2002": 2, "2003": 1, "2004": 1, "2005": 1, "2006": 0, "2007": 1, "2008": 0, "2009": 0, "2010": 2, "2011": 0, "2012": 0, "2013": 1, "2014": 2}, "old_citations": {"1993": 26}, "isVisible": false}, "2195069006": {"name": "george forman", "type": "author", "activity": 26, "h_index": 34, "h5_index": 0, "mag_id": "2195069006", "num_publications": 1, "num_citations": 26, "num_publications_5y": 0, "num_citations_5y": 2, "num_publications_10y": 0, "num_citations_10y": 5, "publications_years": {"1993": 1}, "citations_years": {"1994": 4, "1995": 3, "1996": 0, "1997": 1, "1998": 3, "1999": 2, "2000": 1, "2001": 1, "2002": 2, "2003": 1, "2004": 1, "2005": 1, "2006": 0, "2007": 1, "2008": 0, "2009": 0, "2010": 2, "2011": 0, "2012": 0, "2013": 1, "2014": 2}, "old_citations": {"1993": 26}, "isVisible": false}, "2230594840": {"name": "victor jon griswold", "type": "author", "activity": 1, "h_index": 1, "h5_index": 0, "mag_id": "2230594840", "num_publications": 1, "num_citations": 8, "num_publications_5y": 0, "num_citations_5y": 0, "num_publications_10y": 0, "num_citations_10y": 0, "publications_years": {"1991": 1}, "citations_years": {"1991": 1, "1992": 2, "1993": 0, "1994": 3, "1995": 0, "1996": 1, "1997": 0, "1998": 0, "1999": 0, "2000": 0, "2001": 1}, "old_citations": {"1991": 8}, "isVisible": false}, "2249219846": {"name": "john mellorcrummey", "type": "author", "activity": 31, "h_index": 40, "h5_index": 3, "mag_id": "2249219846", "num_publications": 1, "num_citations": 54, "num_publications_5y": 0, "num_citations_5y": 8, "num_publications_10y": 0, "num_citations_10y": 14, "publications_years": {"1993": 1}, "citations_years": {"1993": 2, "1994": 2, "1995": 4, "1996": 1, "1997": 5, "1998": 2, "1999": 2, "2000": 4, "2001": 2, "2002": 1, "2003": 2, "2004": 2, "2005": 3, "2006": 2, "2007": 6, "2008": 0, "2009": 1, "2010": 1, "2011": 2, "2012": 2, "2013": 0, "2014": 0, "2015": 3, "2016": 2, "2017": 1, "2018": 2}, "old_citations": {"1993": 54}, "isVisible": false}, "2282300206": {"name": "doug kimelman", "type": "author", "activity": 23, "h_index": 8, "h5_index": 0, "mag_id": "2282300206", "num_publications": 1, "num_citations": 15, "num_publications_5y": 0, "num_citations_5y": 0, "num_publications_10y": 0, "num_citations_10y": 3, "publications_years": {"1993": 1}, "citations_years": {"1994": 1, "1995": 2, "1996": 1, "1997": 1, "1998": 1, "1999": 0, "2000": 1, "2001": 2, "2002": 1, "2003": 1, "2004": 0, "2005": 1, "2006": 0, "2007": 0, "2008": 0, "2009": 0, "2010": 1, "2011": 0, "2012": 0, "2013": 2}, "old_citations": {"1993": 15}, "isVisible": false}, "2293673612": {"name": "anne dinning", "type": "author", "activity": 1, "h_index": 1, "h5_index": 0, "mag_id": "2293673612", "num_publications": 1, "num_citations": 160, "num_publications_5y": 0, "num_citations_5y": 18, "num_publications_10y": 0, "num_citations_10y": 75, "publications_years": {"1991": 1}, "citations_years": {"1991": 1, "1992": 3, "1993": 1, "1994": 2, "1995": 2, "1996": 0, "1997": 2, "1998": 7, "1999": 1, "2000": 2, "2001": 4, "2002": 6, "2003": 5, "2004": 5, "2005": 9, "2006": 6, "2007": 9, "2008": 13, "2009": 8, "2010": 13, "2011": 13, "2012": 13, "2013": 10, "2014": 5, "2015": 4, "2016": 0, "2017": 7, "2018": 2, "2019": 6, "2020": 1}, "old_citations": {"1991": 160}, "isVisible": false}, "2300628387": {"name": "michel raynal", "type": "author", "activity": 31, "h_index": 43, "h5_index": 7, "mag_id": "2300628387", "num_publications": 1, "num_citations": 45, "num_publications_5y": 0, "num_citations_5y": 1, "num_publications_10y": 0, "num_citations_10y": 4, "publications_years": {"1993": 1}, "citations_years": {"1992": 1, "1993": 2, "1994": 6, "1995": 9, "1996": 10, "1997": 3, "1998": 3, "1999": 0, "2000": 2, "2001": 2, "2002": 0, "2003": 2, "2004": 0, "2005": 1, "2006": 0, "2007": 0, "2008": 0, "2009": 0, "2010": 0, "2011": 0, "2012": 2, "2013": 1, "2014": 0, "2015": 0, "2016": 1}, "old_citations": {"1993": 45}, "isVisible": false}, "2304101833": {"name": "patricia prather pineo", "type": "author", "activity": 4, "h_index": 2, "h5_index": 0, "mag_id": "2304101833", "num_publications": 1, "num_citations": 11, "num_publications_5y": 0, "num_citations_5y": 0, "num_publications_10y": 0, "num_citations_10y": 0, "publications_years": {"1991": 1}, "citations_years": {"1991": 1, "1992": 0, "1993": 0, "1994": 4, "1995": 1, "1996": 1, "1997": 1, "1998": 0, "1999": 1, "2000": 1, "2001": 0, "2002": 0, "2003": 0, "2004": 1}, "old_citations": {"1991": 11}, "isVisible": false}, "2307184432": {"name": "michael m gorlick", "type": "author", "activity": 28, "h_index": 10, "h5_index": 2, "mag_id": "2307184432", "num_publications": 1, "num_citations": 58, "num_publications_5y": 0, "num_citations_5y": 1, "num_publications_10y": 0, "num_citations_10y": 3, "publications_years": {"1991": 1}, "citations_years": {"1991": 1, "1992": 1, "1993": 0, "1994": 3, "1995": 0, "1996": 1, "1997": 32, "1998": 2, "1999": 1, "2000": 3, "2001": 3, "2002": 0, "2003": 1, "2004": 3, "2005": 2, "2006": 0, "2007": 1, "2008": 1, "2009": 1, "2010": 0, "2011": 0, "2012": 0, "2013": 1, "2014": 0, "2015": 0, "2016": 1}, "old_citations": {"1991": 58}, "isVisible": false}, "2309466089": {"name": "joydip kundu", "type": "author", "activity": 5, "h_index": 3, "h5_index": 0, "mag_id": "2309466089", "num_publications": 1, "num_citations": 26, "num_publications_5y": 0, "num_citations_5y": 2, "num_publications_10y": 0, "num_citations_10y": 5, "publications_years": {"1993": 1}, "citations_years": {"1994": 4, "1995": 3, "1996": 0, "1997": 1, "1998": 3, "1999": 2, "2000": 1, "2001": 1, "2002": 2, "2003": 1, "2004": 1, "2005": 1, "2006": 0, "2007": 1, "2008": 0, "2009": 0, "2010": 2, "2011": 0, "2012": 0, "2013": 1, "2014": 2}, "old_citations": {"1993": 26}, "isVisible": false}, "2311800751": {"name": "robert e strom", "type": "author", "activity": 23, "h_index": 25, "h5_index": 0, "mag_id": "2311800751", "num_publications": 1, "num_citations": 0, "num_publications_5y": 0, "num_citations_5y": 0, "num_publications_10y": 0, "num_citations_10y": 0, "publications_years": {"1991": 1}, "citations_years": {}, "old_citations": {"1991": 0}, "isVisible": false}, "2328415064": {"name": "m timmerman", "type": "author", "activity": 1, "h_index": 2, "h5_index": 0, "mag_id": "2328415064", "num_publications": 1, "num_citations": 17, "num_publications_5y": 0, "num_citations_5y": 0, "num_publications_10y": 0, "num_citations_10y": 4, "publications_years": {"1993": 1}, "citations_years": {"1993": 1, "1994": 0, "1995": 1, "1996": 2, "1997": 1, "1998": 3, "1999": 0, "2000": 0, "2001": 0, "2002": 0, "2003": 0, "2004": 1, "2005": 2, "2006": 1, "2007": 0, "2008": 1, "2009": 2, "2010": 2}, "old_citations": {"1993": 17}, "isVisible": false}, "2342500899": {"name": "john may", "type": "author", "activity": 5, "h_index": 4, "h5_index": 0, "mag_id": "2342500899", "num_publications": 1, "num_citations": 36, "num_publications_5y": 0, "num_citations_5y": 2, "num_publications_10y": 0, "num_citations_10y": 3, "publications_years": {"1993": 1}, "citations_years": {"1994": 3, "1995": 3, "1996": 7, "1997": 0, "1998": 3, "1999": 1, "2000": 1, "2001": 4, "2002": 2, "2003": 4, "2004": 3, "2005": 1, "2006": 0, "2007": 0, "2008": 1, "2009": 0, "2010": 0, "2011": 0, "2012": 0, "2013": 1, "2014": 0, "2015": 2}, "old_citations": {"1993": 36}, "isVisible": false}, "2421208202": {"name": "daniel a reed", "type": "author", "activity": 29, "h_index": 44, "h5_index": 2, "mag_id": "2421208202", "num_publications": 1, "num_citations": 36, "num_publications_5y": 0, "num_citations_5y": 2, "num_publications_10y": 0, "num_citations_10y": 3, "publications_years": {"1991": 1}, "citations_years": {"1991": 1, "1992": 3, "1993": 2, "1994": 4, "1995": 2, "1996": 3, "1997": 0, "1998": 2, "1999": 4, "2000": 1, "2001": 0, "2002": 2, "2003": 1, "2004": 0, "2005": 4, "2006": 1, "2007": 3, "2008": 0, "2009": 0, "2010": 1, "2011": 0, "2012": 0, "2013": 0, "2014": 1, "2015": 1}, "old_citations": {"1991": 36}, "isVisible": false}, "2469725354": {"name": "abdul waheed", "type": "author", "activity": 9, "h_index": 9, "h5_index": 0, "mag_id": "2469725354", "num_publications": 1, "num_citations": 10, "num_publications_5y": 0, "num_citations_5y": 0, "num_publications_10y": 0, "num_citations_10y": 0, "publications_years": {"1993": 1}, "citations_years": {"1993": 1, "1994": 4, "1995": 2, "1996": 1, "1997": 1, "1998": 0, "1999": 0, "2000": 0, "2001": 1}, "old_citations": {"1993": 10}, "isVisible": false}, "2474030863": {"name": "robert h b netzer", "type": "author", "activity": 14, "h_index": 19, "h5_index": 0, "mag_id": "2474030863", "num_publications": 1, "num_citations": 148, "num_publications_5y": 0, "num_citations_5y": 15, "num_publications_10y": 0, "num_citations_10y": 60, "publications_years": {"1993": 1}, "citations_years": {"1992": 1, "1993": 3, "1994": 5, "1995": 2, "1996": 6, "1997": 1, "1998": 8, "1999": 3, "2000": 3, "2001": 8, "2002": 2, "2003": 7, "2004": 5, "2005": 7, "2006": 9, "2007": 7, "2008": 10, "2009": 14, "2010": 9, "2011": 6, "2012": 9, "2013": 7, "2014": 4, "2015": 5, "2016": 3, "2017": 1, "2018": 2, "2019": 1}, "old_citations": {"1993": 148}, "isVisible": false}, "2511316446": {"name": "noel plouzeau", "type": "author", "activity": 6, "h_index": 6, "h5_index": 0, "mag_id": "2511316446", "num_publications": 1, "num_citations": 45, "num_publications_5y": 0, "num_citations_5y": 1, "num_publications_10y": 0, "num_citations_10y": 4, "publications_years": {"1993": 1}, "citations_years": {"1992": 1, "1993": 2, "1994": 6, "1995": 9, "1996": 10, "1997": 3, "1998": 3, "1999": 0, "2000": 2, "2001": 2, "2002": 0, "2003": 2, "2004": 0, "2005": 1, "2006": 0, "2007": 0, "2008": 0, "2009": 0, "2010": 0, "2011": 0, "2012": 2, "2013": 1, "2014": 0, "2015": 0, "2016": 1}, "old_citations": {"1993": 45}, "isVisible": false}, "2514981286": {"name": "diane t rover", "type": "author", "activity": 31, "h_index": 14, "h5_index": 2, "mag_id": "2514981286", "num_publications": 1, "num_citations": 10, "num_publications_5y": 0, "num_citations_5y": 0, "num_publications_10y": 0, "num_citations_10y": 0, "publications_years": {"1993": 1}, "citations_years": {"1993": 1, "1994": 4, "1995": 2, "1996": 1, "1997": 1, "1998": 0, "1999": 0, "2000": 0, "2001": 1}, "old_citations": {"1993": 10}, "isVisible": false}, "2664031717": {"name": "kern koh", "type": "author", "activity": 1, "h_index": 1, "h5_index": 0, "mag_id": "2664031717", "num_publications": 1, "num_citations": 29, "num_publications_5y": 0, "num_citations_5y": 1, "num_publications_10y": 0, "num_citations_10y": 12, "publications_years": {"1993": 1}, "citations_years": {"1994": 1, "1995": 3, "1996": 0, "1997": 1, "1998": 3, "1999": 0, "2000": 0, "2001": 3, "2002": 2, "2003": 0, "2004": 0, "2005": 2, "2006": 0, "2007": 2, "2008": 0, "2009": 2, "2010": 4, "2011": 5, "2012": 0, "2013": 0, "2014": 1}, "old_citations": {"1993": 29}, "isVisible": false}, "2683836096": {"name": "robert h b netzer", "type": "author", "activity": 1, "h_index": 1, "h5_index": 0, "mag_id": "2683836096", "num_publications": 1, "num_citations": 24, "num_publications_5y": 0, "num_citations_5y": 1, "num_publications_10y": 0, "num_citations_10y": 3, "publications_years": {"1991": 1}, "citations_years": {"1991": 3, "1992": 2, "1993": 1, "1994": 2, "1995": 0, "1996": 4, "1997": 0, "1998": 1, "1999": 0, "2000": 0, "2001": 0, "2002": 0, "2003": 0, "2004": 1, "2005": 3, "2006": 3, "2007": 0, "2008": 0, "2009": 1, "2010": 0, "2011": 0, "2012": 1, "2013": 0, "2014": 1, "2015": 0, "2016": 0, "2017": 0, "2018": 0, "2019": 1}, "old_citations": {"1991": 24}, "isVisible": false}, "2870113336": {"name": "rob strom", "type": "author", "activity": 20, "h_index": 7, "h5_index": 0, "mag_id": "2870113336", "num_publications": 1, "num_citations": 54, "num_publications_5y": 0, "num_citations_5y": 5, "num_publications_10y": 0, "num_citations_10y": 14, "publications_years": {"1991": 1}, "citations_years": {"1991": 2, "1992": 3, "1993": 5, "1994": 6, "1995": 3, "1996": 5, "1997": 5, "1998": 2, "1999": 3, "2000": 0, "2001": 0, "2002": 1, "2003": 2, "2004": 0, "2005": 1, "2006": 0, "2007": 2, "2008": 0, "2009": 0, "2010": 3, "2011": 1, "2012": 2, "2013": 3, "2014": 2, "2015": 2, "2016": 0, "2017": 0, "2018": 1}, "old_citations": {"1991": 54}, "isVisible": false}, "2892615570": {"name": "lawrence h snyder", "type": "author", "activity": 26, "h_index": 16, "h5_index": 0, "mag_id": "2892615570", "num_publications": 1, "num_citations": 26, "num_publications_5y": 0, "num_citations_5y": 2, "num_publications_10y": 0, "num_citations_10y": 5, "publications_years": {"1993": 1}, "citations_years": {"1994": 4, "1995": 3, "1996": 0, "1997": 1, "1998": 3, "1999": 2, "2000": 1, "2001": 1, "2002": 2, "2003": 1, "2004": 1, "2005": 1, "2006": 0, "2007": 1, "2008": 0, "2009": 0, "2010": 2, "2011": 0, "2012": 0, "2013": 1, "2014": 2}, "old_citations": {"1993": 26}, "isVisible": false}, "2953020970": {"name": "celine valot", "type": "author", "activity": 1, "h_index": 1, "h5_index": 0, "mag_id": "2953020970", "num_publications": 1, "num_citations": 14, "num_publications_5y": 0, "num_citations_5y": 1, "num_publications_10y": 0, "num_citations_10y": 4, "publications_years": {"1993": 1}, "citations_years": {"1994": 1, "1995": 0, "1996": 1, "1997": 2, "1998": 0, "1999": 1, "2000": 0, "2001": 1, "2002": 1, "2003": 0, "2004": 0, "2005": 1, "2006": 1, "2007": 0, "2008": 1, "2009": 1, "2010": 0, "2011": 1, "2012": 0, "2013": 1, "2014": 1}, "old_citations": {"1993": 14}, "isVisible": false}, "2973318651": {"name": "carol kilpatrick", "type": "author", "activity": 1, "h_index": 1, "h5_index": 0, "mag_id": "2973318651", "num_publications": 1, "num_citations": 27, "num_publications_5y": 0, "num_citations_5y": 0, "num_publications_10y": 0, "num_citations_10y": 0, "publications_years": {"1991": 1}, "citations_years": {"1991": 1, "1992": 0, "1993": 2, "1994": 7, "1995": 6, "1996": 4, "1997": 0, "1998": 1, "1999": 1, "2000": 2, "2001": 2, "2002": 0, "2003": 0, "2004": 1}, "old_citations": {"1991": 27}, "isVisible": false}, "2973432829": {"name": "suresh k damodarankamal", "type": "author", "activity": 2, "h_index": 2, "h5_index": 0, "mag_id": "2973432829", "num_publications": 1, "num_citations": 48, "num_publications_5y": 0, "num_citations_5y": 4, "num_publications_10y": 0, "num_citations_10y": 9, "publications_years": {"1993": 1}, "citations_years": {"1994": 2, "1995": 4, "1996": 5, "1997": 7, "1998": 2, "1999": 1, "2000": 1, "2001": 3, "2002": 6, "2003": 1, "2004": 0, "2005": 2, "2006": 2, "2007": 2, "2008": 0, "2009": 1, "2010": 1, "2011": 3, "2012": 0, "2013": 0, "2014": 1, "2015": 1, "2016": 1, "2017": 0, "2018": 1, "2019": 1}, "old_citations": {"1993": 48}, "isVisible": false}}, "countries": {"United States": {"name": "United States", "type": "country", "h5_index": 308, "num_publications": 29, "num_citations": 1287, "num_publications_5y": 0, "num_citations_5y": 100, "num_publications_10y": 0, "num_citations_10y": 335, "publications_years": {"1991": 18, "1993": 11}, "citations_years": {"1991": 24, "1992": 23, "1993": 44, "1994": 108, "1995": 90, "1996": 78, "1997": 77, "1998": 55, "1999": 32, "2000": 40, "2001": 46, "2002": 34, "2003": 52, "2004": 39, "2005": 58, "2006": 44, "2007": 43, "2008": 45, "2009": 45, "2010": 58, "2011": 38, "2012": 51, "2013": 43, "2014": 25, "2015": 25, "2016": 17, "2017": 17, "2018": 16, "2019": 17, "2020": 3}, "old_citations": {"1991": 902, "1993": 385}, "isVisible": false}, "Israel": {"name": "Israel", "type": "country", "h5_index": 110, "num_publications": 2, "num_citations": 34, "num_publications_5y": 0, "num_citations_5y": 1, "num_publications_10y": 0, "num_citations_10y": 5, "publications_years": {"1991": 1, "1993": 1}, "citations_years": {"1991": 1, "1992": 2, "1993": 1, "1994": 5, "1995": 4, "1996": 1, "1997": 3, "1998": 2, "1999": 1, "2000": 2, "2001": 3, "2002": 2, "2003": 1, "2004": 0, "2005": 1, "2006": 0, "2007": 0, "2008": 0, "2009": 0, "2010": 1, "2011": 0, "2012": 1, "2013": 2, "2014": 1}, "old_citations": {"1991": 19, "1993": 15}, "isVisible": false}, "Canada": {"name": "Canada", "type": "country", "h5_index": 128, "num_publications": 1, "num_citations": 11, "num_publications_5y": 0, "num_citations_5y": 0, "num_publications_10y": 0, "num_citations_10y": 0, "publications_years": {"1993": 1}, "citations_years": {"1994": 3, "1995": 3, "1996": 1, "1997": 0, "1998": 0, "1999": 0, "2000": 0, "2001": 0, "2002": 2, "2003": 2}, "old_citations": {"1993": 11}, "isVisible": false}, "France": {"name": "France", "type": "country", "h5_index": 99, "num_publications": 1, "num_citations": 14, "num_publications_5y": 0, "num_citations_5y": 1, "num_publications_10y": 0, "num_citations_10y": 4, "publications_years": {"1993": 1}, "citations_years": {"1994": 1, "1995": 0, "1996": 1, "1997": 2, "1998": 0, "1999": 1, "2000": 0, "2001": 1, "2002": 1, "2003": 0, "2004": 0, "2005": 1, "2006": 1, "2007": 0, "2008": 1, "2009": 1, "2010": 0, "2011": 1, "2012": 0, "2013": 1, "2014": 1}, "old_citations": {"1993": 14}, "isVisible": false}, "South Korea": {"name": "South Korea", "type": "country", "h5_index": 100, "num_publications": 1, "num_citations": 29, "num_publications_5y": 0, "num_citations_5y": 1, "num_publications_10y": 0, "num_citations_10y": 12, "publications_years": {"1993": 1}, "citations_years": {"1994": 1, "1995": 3, "1996": 0, "1997": 1, "1998": 3, "1999": 0, "2000": 0, "2001": 3, "2002": 2, "2003": 0, "2004": 0, "2005": 2, "2006": 0, "2007": 2, "2008": 0, "2009": 2, "2010": 4, "2011": 5, "2012": 0, "2013": 0, "2014": 1}, "old_citations": {"1993": 29}, "isVisible": false}}, "industrial_sectors": {"computing_and_it": {"name": "computing_and_it", "type": "industrial sector", "h5_index": 221, "num_publications": 4, "num_citations": 249, "num_publications_5y": 0, "num_citations_5y": 23, "num_publications_10y": 0, "num_citations_10y": 92, "publications_years": {"1991": 3, "1993": 1}, "citations_years": {"1991": 4, "1992": 7, "1993": 8, "1994": 11, "1995": 11, "1996": 9, "1997": 10, "1998": 11, "1999": 4, "2000": 5, "2001": 7, "2002": 8, "2003": 8, "2004": 5, "2005": 11, "2006": 7, "2007": 11, "2008": 13, "2009": 8, "2010": 17, "2011": 14, "2012": 15, "2013": 15, "2014": 7, "2015": 6, "2016": 0, "2017": 7, "2018": 3, "2019": 6, "2020": 1}, "old_citations": {"1991": 234, "1993": 15}, "isVisible": false}, "information_technology": {"name": "information_technology", "type": "industrial sector", "h5_index": 74, "num_publications": 4, "num_citations": 249, "num_publications_5y": 0, "num_citations_5y": 23, "num_publications_10y": 0, "num_citations_10y": 92, "publications_years": {"1991": 3, "1993": 1}, "citations_years": {"1991": 4, "1992": 7, "1993": 8, "1994": 11, "1995": 11, "1996": 9, "1997": 10, "1998": 11, "1999": 4, "2000": 5, "2001": 7, "2002": 8, "2003": 8, "2004": 5, "2005": 11, "2006": 7, "2007": 11, "2008": 13, "2009": 8, "2010": 17, "2011": 14, "2012": 15, "2013": 15, "2014": 7, "2015": 6, "2016": 0, "2017": 7, "2018": 3, "2019": 6, "2020": 1}, "old_citations": {"1991": 234, "1993": 15}, "isVisible": false}, "technology": {"name": "technology", "type": "industrial sector", "h5_index": 229, "num_publications": 4, "num_citations": 249, "num_publications_5y": 0, "num_citations_5y": 23, "num_publications_10y": 0, "num_citations_10y": 92, "publications_years": {"1991": 3, "1993": 1}, "citations_years": {"1991": 4, "1992": 7, "1993": 8, "1994": 11, "1995": 11, "1996": 9, "1997": 10, "1998": 11, "1999": 4, "2000": 5, "2001": 7, "2002": 8, "2003": 8, "2004": 5, "2005": 11, "2006": 7, "2007": 11, "2008": 13, "2009": 8, "2010": 17, "2011": 14, "2012": 15, "2013": 15, "2014": 7, "2015": 6, "2016": 0, "2017": 7, "2018": 3, "2019": 6, "2020": 1}, "old_citations": {"1991": 234, "1993": 15}, "isVisible": false}}}, "conference_comparison": {"computer science": {}}, "topics_dna": {"publications": {}, "citations": {"normalized": {}, "average": {}}}, "info": {"num_publications": 40, "num_citations": 1504.0, "impact_factor": {"1993": 1.8181818181818181}, "publications_years": {"1991": 22, "1993": 18}, "citations_years": {"1991": 28, "1992": 27, "1993": 50, "1994": 128, "1995": 113, "1996": 99, "1997": 96, "1998": 67, "1999": 36, "2000": 45, "2001": 57, "2002": 48, "2003": 58, "2004": 42, "2005": 69, "2006": 49, "2007": 49, "2008": 48, "2009": 51, "2010": 65, "2011": 48, "2012": 54, "2013": 46, "2014": 31, "2015": 26, "2016": 19, "2017": 17, "2018": 17, "2019": 18, "2020": 3}, "old_citations": {"1991": 955, "1993": 549}, "h5_index": 0}, "percentile": {"computer science": {"1991": 99, "1993": 98}}, "conference_ranking": {"computer science": {"1991": 41, "1993": 75}}, "academia": {"num_publications": 26, "num_citations": 1013, "publications_years": {"1991": 15, "1992": 0, "1993": 11}, "old_citations": {"1991": 629, "1992": 0, "1993": 384}, "num_publications_5y": 0, "num_citations_5y": 0, "num_publications_10y": 0, "num_citations_10y": 0}, "industry": {"num_publications": 2, "num_citations": 180, "publications_years": {"1991": 2}, "old_citations": {"1991": 180}, "num_publications_5y": 0, "num_citations_5y": 0, "num_publications_10y": 0, "num_citations_10y": 0}, "collaborative": {"num_publications": 2, "num_citations": 69, "publications_years": {"1991": 1, "1992": 0, "1993": 1}, "old_citations": {"1991": 54, "1992": 0, "1993": 15}, "num_publications_5y": 0, "num_citations_5y": 0, "num_publications_10y": 0, "num_citations_10y": 0}, "conferences": {}, "journals": {}, "organizations": {"publication_overall": ["IBM (United States)", "Cornell University", "University of California, Santa Cruz", "Carnegie Mellon University", "Technion \u2013 Israel Institute of Technology", "University of Wisconsin\u2013Madison", "Allegheny College", "Auburn University", "Brown University", "French Institute for Research in Computer Science and Automation", "Georgia Institute of Technology", "Georgia State University", "Gyeongsang National University", "Hebrew University of Jerusalem", "Lehigh University", "Massachusetts Institute of Technology", "Michigan State University", "Oregon State University", "Princeton University", "Rice University", "Rutgers, The State University of New Jersey", "Seoul National University", "The Aerospace Corporation", "The University of Texas at Austin", "University of California, Berkeley", "University of California, San Diego", "University of Illinois at Urbana Champaign", "University of Massachusetts Amherst", "University of Pittsburgh", "University of Rochester", "University of Washington", "University of Waterloo", "Washington University in St. Louis"], "citation_overall": ["Cornell University", "IBM (United States)", "Brown University", "University of California, Berkeley", "Rutgers, The State University of New Jersey", "The Aerospace Corporation", "Rice University", "The University of Texas at Austin", "University of California, San Diego", "University of Illinois at Urbana Champaign", "Technion \u2013 Israel Institute of Technology", "Gyeongsang National University", "Seoul National University", "Carnegie Mellon University", "Georgia Institute of Technology", "Georgia State University", "University of Massachusetts Amherst", "University of Washington", "University of Rochester", "Auburn University", "Princeton University", "University of California, Santa Cruz", "Hebrew University of Jerusalem", "Massachusetts Institute of Technology", "French Institute for Research in Computer Science and Automation", "Allegheny College", "University of Pittsburgh", "University of Waterloo", "Michigan State University", "University of Wisconsin\u2013Madison", "Washington University in St. Louis", "Lehigh University", "Oregon State University"], "publication_10_years": [], "citation_10_years": [], "publication_5_years": [], "citation_5_years": []}, "countries": {"publication_overall": ["United States", "Israel", "Canada", "France", "South Korea"], "citation_overall": ["United States", "Israel", "South Korea", "France", "Canada"], "publication_10_years": [], "citation_10_years": [], "publication_5_years": [], "citation_5_years": []}, "topics": {"publication_overall": ["computer science", "computer systems", "distributed computer systems", "distributed systems", "parallel processing systems", "computer programming", "parallel algorithms", "software engineering", "software design", "computer debugging", "software", "software quality", "computer hardware", "program debugging", "computer programming languages", "microprocessor chips", "parallel architectures", "program processors", "parallel processing", "parallel programming"], "citation_overall": ["computer science", "computer programming", "computer systems", "software engineering", "distributed computer systems", "distributed systems", "software design", "parallel processing systems", "software quality", "computer debugging", "software", "parallel algorithms", "program debugging", "computer hardware", "parallel architectures", "computer programming languages", "microprocessor chips", "program processors", "parallel programming", "communication"], "publication_10_years": [], "citation_10_years": [], "publication_5_years": [], "citation_5_years": []}, "main_topics": ["computer science"], "authors": {"publication_overall": ["2133889934", "2155251401", "396576954", "1253733866", "2123256848", "2157469968", "2164944204", "2974295301", "29288042", "91397146", "104647944", "106235301", "206448238", "226242240", "227652945", "255851112", "677445823", "686913843", "1089456629", "1969876091", "1975526600", "1975802069", "1984042107", "1995527395", "2000056369", "2024443744", "2027002858", "2052618510", "2061408272", "2069733440", "2079969273", "2096742613", "2101147274", "2101580273", "2108641532", "2112279983", "2119173613", "2120329599", "2127262327", "2129761407", "2130097660", "2132253347", "2135192780", "2139647612", "2141574714", "2160406774", "2170832848", "2188667897", "2195069006", "2230594840", "2249219846", "2282300206", "2293673612", "2300628387", "2304101833", "2307184432", "2309466089", "2311800751", "2328415064", "2342500899", "2421208202", "2469725354", "2474030863", "2511316446", "2514981286", "2664031717", "2683836096", "2870113336", "2892615570", "2953020970", "2973318651", "2973432829"], "citation_overall": ["677445823", "2130097660", "2061408272", "2293673612", "2474030863", "2069733440", "2108641532", "1253733866", "106235301", "2139647612", "2307184432", "2123256848", "2157469968", "2164944204", "2249219846", "2870113336", "2973432829", "227652945", "2300628387", "2511316446", "1975526600", "2101147274", "2052618510", "2079969273", "2342500899", "2421208202", "2096742613", "2129761407", "2974295301", "396576954", "2141574714", "2664031717", "1984042107", "2973318651", "2112279983", "2127262327", "2170832848", "2188667897", "2195069006", "2309466089", "2892615570", "91397146", "2101580273", "2027002858", "2120329599", "2683836096", "2133889934", "104647944", "2119173613", "2160406774", "206448238", "1975802069", "2000056369", "226242240", "1995527395", "2328415064", "2024443744", "2282300206", "2953020970", "686913843", "2135192780", "2304101833", "2469725354", "2514981286", "2155251401", "2230594840", "29288042", "2132253347", "255851112", "1089456629", "1969876091", "2311800751"], "publication_10_years": [], "citation_10_years": [], "publication_5_years": [], "citation_5_years": []}, "industrial_sectors": {"publication_overall": ["computing_and_it", "information_technology", "technology"], "citation_overall": ["computing_and_it", "information_technology", "technology"], "publication_10_years": [], "citation_10_years": [], "publication_5_years": [], "citation_5_years": []}}