{"name": "HPCMP Users Group Conference", "acronym": "HPCMP-UGC", "type": "conference", "uniqueEntities": {"organizations": {"United States Air Force Research Laboratory": {"name": "United States Air Force Research Laboratory", "type": "organization", "organization_type": "Facility", "h_index": 71, "h5_index": 24, "num_publications": 4, "num_citations": 13, "num_publications_5y": 0, "num_citations_5y": 2, "num_publications_10y": 0, "num_citations_10y": 7, "publications_years": {"2006": 4}, "citations_years": {"2008": 3, "2009": 4, "2010": 1, "2011": 0, "2012": 0, "2013": 0, "2014": 2, "2007": 2, "2015": 0, "2016": 0, "2017": 0, "2018": 0, "2019": 1}, "old_citations": {"2006": 13}, "isVisible": false}, "Engineer Research and Development Center": {"name": "Engineer Research and Development Center", "type": "organization", "organization_type": "Facility", "h_index": 23, "h5_index": 9, "num_publications": 3, "num_citations": 4, "num_publications_5y": 0, "num_citations_5y": 0, "num_publications_10y": 0, "num_citations_10y": 2, "publications_years": {"2006": 3}, "citations_years": {"2007": 2, "2008": 0, "2009": 0, "2010": 1, "2011": 1}, "old_citations": {"2006": 4}, "isVisible": false}, "Massachusetts Institute of Technology": {"name": "Massachusetts Institute of Technology", "type": "organization", "organization_type": "Education", "h_index": 475, "h5_index": 100, "num_publications": 3, "num_citations": 40, "num_publications_5y": 0, "num_citations_5y": 4, "num_publications_10y": 0, "num_citations_10y": 23, "publications_years": {"2006": 1, "2005": 2}, "citations_years": {"2012": 8, "2007": 3, "2008": 14, "2009": 2, "2010": 4, "2011": 4, "2013": 1, "2014": 1, "2015": 0, "2016": 1, "2017": 0, "2018": 2}, "old_citations": {"2006": 3, "2005": 37}, "isVisible": false}, "Ohio Supercomputer Center": {"name": "Ohio Supercomputer Center", "type": "organization", "organization_type": "Facility", "h_index": 23, "h5_index": 2, "num_publications": 3, "num_citations": 33, "num_publications_5y": 0, "num_citations_5y": 14, "num_publications_10y": 0, "num_citations_10y": 29, "publications_years": {"2006": 3}, "citations_years": {"2014": 5, "2006": 2, "2007": 0, "2008": 0, "2009": 4, "2010": 3, "2011": 0, "2012": 3, "2013": 5, "2015": 5, "2016": 1, "2017": 3, "2018": 0, "2019": 2}, "old_citations": {"2006": 33}, "isVisible": false}, "University of Tennessee at Knoxville": {"name": "University of Tennessee at Knoxville", "type": "organization", "organization_type": "Education", "h_index": 125, "h5_index": 29, "num_publications": 3, "num_citations": 13, "num_publications_5y": 0, "num_citations_5y": 2, "num_publications_10y": 0, "num_citations_10y": 8, "publications_years": {"2006": 2, "2005": 1}, "citations_years": {"2010": 3, "2007": 3, "2008": 2, "2009": 2, "2011": 1, "2012": 0, "2013": 0, "2014": 1, "2015": 0, "2016": 0, "2017": 1}, "old_citations": {"2006": 1, "2005": 12}, "isVisible": false}, "Mississippi State University": {"name": "Mississippi State University", "type": "organization", "organization_type": "Education", "h_index": 80, "h5_index": 18, "num_publications": 2, "num_citations": 1, "num_publications_5y": 0, "num_citations_5y": 0, "num_publications_10y": 0, "num_citations_10y": 1, "publications_years": {"2006": 2}, "citations_years": {"2010": 1}, "old_citations": {"2006": 1}, "isVisible": false}, "The University of Texas at Austin": {"name": "The University of Texas at Austin", "type": "organization", "organization_type": "Education", "h_index": 268, "h5_index": 65, "num_publications": 2, "num_citations": 12, "num_publications_5y": 0, "num_citations_5y": 2, "num_publications_10y": 0, "num_citations_10y": 7, "publications_years": {"2006": 1, "2005": 1}, "citations_years": {"2007": 3, "2008": 2, "2009": 2, "2010": 2, "2011": 1, "2012": 0, "2013": 0, "2014": 1, "2015": 0, "2016": 0, "2017": 1}, "old_citations": {"2006": 0, "2005": 12}, "isVisible": false}, "The University of Texas at El Paso": {"name": "The University of Texas at El Paso", "type": "organization", "organization_type": "Education", "h_index": 55, "h5_index": 15, "num_publications": 2, "num_citations": 12, "num_publications_5y": 0, "num_citations_5y": 2, "num_publications_10y": 0, "num_citations_10y": 7, "publications_years": {"2006": 1, "2005": 1}, "citations_years": {"2007": 3, "2008": 2, "2009": 2, "2010": 2, "2011": 1, "2012": 0, "2013": 0, "2014": 1, "2015": 0, "2016": 0, "2017": 1}, "old_citations": {"2006": 0, "2005": 12}, "isVisible": false}, "United States Army Research Laboratory": {"name": "United States Army Research Laboratory", "type": "organization", "organization_type": "Government", "h_index": 74, "h5_index": 33, "num_publications": 2, "num_citations": 1, "num_publications_5y": 0, "num_citations_5y": 0, "num_publications_10y": 0, "num_citations_10y": 0, "publications_years": {"2006": 2}, "citations_years": {"2006": 1}, "old_citations": {"2006": 1}, "isVisible": false}, "Aerospace Testing Alliance (United States)": {"name": "Aerospace Testing Alliance (United States)", "type": "organization", "organization_type": "Company", "h_index": 1, "h5_index": 0, "num_publications": 1, "num_citations": 0, "num_publications_5y": 0, "num_citations_5y": 0, "num_publications_10y": 0, "num_citations_10y": 0, "publications_years": {"2006": 1}, "citations_years": {}, "old_citations": {"2006": 0}, "isVisible": false}, "Air Force Institute of Technology": {"name": "Air Force Institute of Technology", "type": "organization", "organization_type": "Education", "h_index": 53, "h5_index": 10, "num_publications": 1, "num_citations": 1, "num_publications_5y": 0, "num_citations_5y": 0, "num_publications_10y": 0, "num_citations_10y": 1, "publications_years": {"2006": 1}, "citations_years": {"2010": 1}, "old_citations": {"2006": 1}, "isVisible": false}, "Oak Ridge National Laboratory": {"name": "Oak Ridge National Laboratory", "type": "organization", "organization_type": "Facility", "h_index": 106, "h5_index": 30, "num_publications": 1, "num_citations": 7, "num_publications_5y": 0, "num_citations_5y": 2, "num_publications_10y": 0, "num_citations_10y": 7, "publications_years": {"2006": 1}, "citations_years": {"2009": 1, "2010": 1, "2011": 0, "2012": 2, "2013": 1, "2014": 1, "2015": 0, "2016": 1}, "old_citations": {"2006": 7}, "isVisible": false}, "Sandia National Laboratories California": {"name": "Sandia National Laboratories California", "type": "organization", "organization_type": "Facility", "h_index": 114, "h5_index": 26, "num_publications": 1, "num_citations": 0, "num_publications_5y": 0, "num_citations_5y": 0, "num_publications_10y": 0, "num_citations_10y": 0, "publications_years": {"2006": 1}, "citations_years": {}, "old_citations": {"2006": 0}, "isVisible": false}, "United States Naval Research Laboratory": {"name": "United States Naval Research Laboratory", "type": "organization", "organization_type": "Facility", "h_index": 105, "h5_index": 19, "num_publications": 1, "num_citations": 8, "num_publications_5y": 0, "num_citations_5y": 2, "num_publications_10y": 0, "num_citations_10y": 6, "publications_years": {"2006": 1}, "citations_years": {"2007": 1, "2008": 1, "2009": 0, "2010": 0, "2011": 1, "2012": 1, "2013": 2, "2014": 1, "2015": 0, "2016": 0, "2017": 0, "2018": 1}, "old_citations": {"2006": 8}, "isVisible": false}, "University of Alabama at Birmingham": {"name": "University of Alabama at Birmingham", "type": "organization", "organization_type": "Education", "h_index": 57, "h5_index": 24, "num_publications": 1, "num_citations": 0, "num_publications_5y": 0, "num_citations_5y": 0, "num_publications_10y": 0, "num_citations_10y": 0, "publications_years": {"2006": 1}, "citations_years": {}, "old_citations": {"2006": 0}, "isVisible": false}, "University of Arizona": {"name": "University of Arizona", "type": "organization", "organization_type": "Education", "h_index": 165, "h5_index": 36, "num_publications": 1, "num_citations": 3, "num_publications_5y": 0, "num_citations_5y": 0, "num_publications_10y": 0, "num_citations_10y": 0, "publications_years": {"2005": 1}, "citations_years": {"2005": 1, "2006": 1, "2007": 0, "2008": 1}, "old_citations": {"2005": 3}, "isVisible": false}}, "topics": {"computer science": {"name": "computer science", "type": "topic", "h_index": 1779, "h5_index": 416, "num_publications": 35, "num_citations": 457, "num_publications_5y": 0, "num_citations_5y": 201, "num_publications_10y": 0, "num_citations_10y": 348, "publications_years": {"2006": 30, "2005": 4, "1999": 1}, "citations_years": {"2014": 50, "2008": 33, "2009": 30, "2010": 28, "2011": 23, "2012": 39, "2013": 27, "2015": 44, "2016": 36, "2007": 18, "2006": 13, "2017": 39, "2018": 32, "2019": 25, "2005": 7, "1999": 1, "2000": 1, "2001": 3, "2002": 2, "2003": 0, "2004": 4, "2020": 2}, "old_citations": {"2006": 87, "2005": 52, "1999": 318}, "isVisible": false}, "computer systems": {"name": "computer systems", "type": "topic", "h_index": 1595, "h5_index": 367, "num_publications": 34, "num_citations": 456, "num_publications_5y": 0, "num_citations_5y": 201, "num_publications_10y": 0, "num_citations_10y": 348, "publications_years": {"2006": 29, "2005": 4, "1999": 1}, "citations_years": {"2014": 50, "2008": 33, "2009": 30, "2010": 28, "2011": 23, "2012": 39, "2013": 27, "2015": 44, "2016": 36, "2007": 17, "2006": 13, "2017": 39, "2018": 32, "2019": 25, "2005": 7, "1999": 1, "2000": 1, "2001": 3, "2002": 2, "2003": 0, "2004": 4, "2020": 2}, "old_citations": {"2006": 86, "2005": 52, "1999": 318}, "isVisible": false}, "computer hardware": {"name": "computer hardware", "type": "topic", "h_index": 1150, "h5_index": 279, "num_publications": 31, "num_citations": 450, "num_publications_5y": 0, "num_citations_5y": 201, "num_publications_10y": 0, "num_citations_10y": 344, "publications_years": {"2006": 26, "2005": 4, "1999": 1}, "citations_years": {"2014": 50, "2008": 32, "2009": 28, "2010": 27, "2011": 22, "2012": 39, "2013": 27, "2015": 44, "2016": 36, "2007": 16, "2006": 13, "2017": 39, "2018": 32, "2019": 25, "2005": 7, "1999": 1, "2000": 1, "2001": 3, "2002": 2, "2003": 0, "2004": 4, "2020": 2}, "old_citations": {"2006": 80, "2005": 52, "1999": 318}, "isVisible": false}, "distributed computer systems": {"name": "distributed computer systems", "type": "topic", "h_index": 985, "h5_index": 228, "num_publications": 29, "num_citations": 124, "num_publications_5y": 0, "num_citations_5y": 29, "num_publications_10y": 0, "num_citations_10y": 86, "publications_years": {"2006": 25, "2005": 4}, "citations_years": {"2014": 14, "2008": 22, "2009": 13, "2010": 15, "2011": 8, "2012": 13, "2013": 8, "2015": 5, "2016": 4, "2007": 8, "2006": 4, "2017": 4, "2018": 2, "2019": 3, "2005": 1}, "old_citations": {"2006": 72, "2005": 52}, "isVisible": false}, "distributed systems": {"name": "distributed systems", "type": "topic", "h_index": 859, "h5_index": 209, "num_publications": 29, "num_citations": 124, "num_publications_5y": 0, "num_citations_5y": 29, "num_publications_10y": 0, "num_citations_10y": 86, "publications_years": {"2006": 25, "2005": 4}, "citations_years": {"2014": 14, "2008": 22, "2009": 13, "2010": 15, "2011": 8, "2012": 13, "2013": 8, "2015": 5, "2016": 4, "2007": 8, "2006": 4, "2017": 4, "2018": 2, "2019": 3, "2005": 1}, "old_citations": {"2006": 72, "2005": 52}, "isVisible": false}, "parallel processing systems": {"name": "parallel processing systems", "type": "topic", "h_index": 845, "h5_index": 208, "num_publications": 29, "num_citations": 124, "num_publications_5y": 0, "num_citations_5y": 29, "num_publications_10y": 0, "num_citations_10y": 86, "publications_years": {"2006": 25, "2005": 4}, "citations_years": {"2014": 14, "2008": 22, "2009": 13, "2010": 15, "2011": 8, "2012": 13, "2013": 8, "2015": 5, "2016": 4, "2007": 8, "2006": 4, "2017": 4, "2018": 2, "2019": 3, "2005": 1}, "old_citations": {"2006": 72, "2005": 52}, "isVisible": false}, "parallel architectures": {"name": "parallel architectures", "type": "topic", "h_index": 531, "h5_index": 116, "num_publications": 23, "num_citations": 114, "num_publications_5y": 0, "num_citations_5y": 28, "num_publications_10y": 0, "num_citations_10y": 80, "publications_years": {"2006": 20, "2005": 3}, "citations_years": {"2014": 13, "2008": 21, "2009": 13, "2010": 14, "2011": 8, "2012": 10, "2013": 7, "2015": 5, "2016": 4, "2007": 7, "2006": 3, "2017": 4, "2018": 2, "2019": 3}, "old_citations": {"2006": 65, "2005": 49}, "isVisible": false}, "microprocessor chips": {"name": "microprocessor chips", "type": "topic", "h_index": 744, "h5_index": 175, "num_publications": 22, "num_citations": 115, "num_publications_5y": 0, "num_citations_5y": 28, "num_publications_10y": 0, "num_citations_10y": 82, "publications_years": {"2006": 19, "2005": 3}, "citations_years": {"2014": 13, "2008": 20, "2009": 13, "2010": 14, "2011": 7, "2012": 13, "2013": 7, "2015": 5, "2016": 4, "2007": 7, "2006": 3, "2017": 4, "2018": 2, "2019": 3}, "old_citations": {"2006": 66, "2005": 49}, "isVisible": false}, "program processors": {"name": "program processors", "type": "topic", "h_index": 613, "h5_index": 151, "num_publications": 21, "num_citations": 114, "num_publications_5y": 0, "num_citations_5y": 28, "num_publications_10y": 0, "num_citations_10y": 81, "publications_years": {"2006": 18, "2005": 3}, "citations_years": {"2014": 13, "2008": 20, "2009": 13, "2010": 13, "2011": 7, "2012": 13, "2013": 7, "2015": 5, "2016": 4, "2007": 7, "2006": 3, "2017": 4, "2018": 2, "2019": 3}, "old_citations": {"2006": 65, "2005": 49}, "isVisible": false}, "telecommunication systems": {"name": "telecommunication systems", "type": "topic", "h_index": 1187, "h5_index": 277, "num_publications": 19, "num_citations": 420, "num_publications_5y": 0, "num_citations_5y": 193, "num_publications_10y": 0, "num_citations_10y": 323, "publications_years": {"2006": 15, "2005": 3, "1999": 1}, "citations_years": {"2014": 44, "2012": 37, "2009": 24, "2010": 23, "2011": 21, "2013": 25, "2015": 44, "2016": 35, "2007": 11, "2008": 29, "2017": 38, "2018": 32, "2019": 25, "2006": 12, "2005": 7, "1999": 1, "2000": 1, "2001": 3, "2002": 2, "2003": 0, "2004": 4, "2020": 2}, "old_citations": {"2006": 62, "2005": 40, "1999": 318}, "isVisible": false}, "computer networks": {"name": "computer networks", "type": "topic", "h_index": 1262, "h5_index": 332, "num_publications": 18, "num_citations": 407, "num_publications_5y": 0, "num_citations_5y": 191, "num_publications_10y": 0, "num_citations_10y": 317, "publications_years": {"2006": 15, "2005": 2, "1999": 1}, "citations_years": {"2014": 45, "2012": 35, "2009": 23, "2010": 22, "2011": 21, "2013": 25, "2015": 44, "2016": 34, "2007": 9, "2008": 24, "2017": 38, "2018": 30, "2019": 25, "2006": 12, "2005": 7, "1999": 1, "2000": 1, "2001": 3, "2002": 2, "2003": 0, "2004": 4, "2020": 2}, "old_citations": {"2006": 64, "2005": 25, "1999": 318}, "isVisible": false}, "engineering": {"name": "engineering", "type": "topic", "h_index": 1177, "h5_index": 287, "num_publications": 18, "num_citations": 55, "num_publications_5y": 0, "num_citations_5y": 6, "num_publications_10y": 0, "num_citations_10y": 34, "publications_years": {"2006": 16, "2005": 2}, "citations_years": {"2014": 5, "2008": 14, "2009": 7, "2010": 8, "2011": 6, "2012": 6, "2013": 1, "2015": 0, "2016": 1, "2007": 4, "2017": 0, "2018": 0, "2019": 1, "2005": 1, "2006": 1}, "old_citations": {"2006": 30, "2005": 25}, "isVisible": false}, "mathematics": {"name": "mathematics", "type": "topic", "h_index": 1364, "h5_index": 300, "num_publications": 16, "num_citations": 62, "num_publications_5y": 0, "num_citations_5y": 10, "num_publications_10y": 0, "num_citations_10y": 37, "publications_years": {"2006": 13, "2005": 3}, "citations_years": {"2008": 16, "2009": 7, "2010": 9, "2011": 6, "2012": 3, "2013": 2, "2014": 8, "2015": 0, "2016": 1, "2007": 6, "2017": 1, "2018": 0, "2019": 1, "2005": 1, "2006": 1}, "old_citations": {"2006": 25, "2005": 37}, "isVisible": false}, "computer imaging and vision": {"name": "computer imaging and vision", "type": "topic", "h_index": 1142, "h5_index": 334, "num_publications": 15, "num_citations": 70, "num_publications_5y": 0, "num_citations_5y": 19, "num_publications_10y": 0, "num_citations_10y": 49, "publications_years": {"2006": 13, "2005": 2}, "citations_years": {"2014": 9, "2008": 14, "2009": 6, "2010": 8, "2011": 5, "2012": 7, "2013": 4, "2015": 5, "2016": 2, "2007": 2, "2017": 3, "2018": 0, "2019": 2, "2005": 1, "2006": 2}, "old_citations": {"2006": 45, "2005": 25}, "isVisible": false}, "computer programming": {"name": "computer programming", "type": "topic", "h_index": 873, "h5_index": 186, "num_publications": 14, "num_citations": 71, "num_publications_5y": 0, "num_citations_5y": 19, "num_publications_10y": 0, "num_citations_10y": 53, "publications_years": {"2006": 13, "2005": 1}, "citations_years": {"2008": 11, "2009": 8, "2010": 9, "2011": 4, "2012": 6, "2013": 7, "2014": 9, "2015": 5, "2016": 2, "2007": 2, "2006": 3, "2017": 3, "2018": 0, "2019": 2}, "old_citations": {"2006": 49, "2005": 22}, "isVisible": false}, "computer programming languages": {"name": "computer programming languages", "type": "topic", "h_index": 746, "h5_index": 154, "num_publications": 14, "num_citations": 71, "num_publications_5y": 0, "num_citations_5y": 19, "num_publications_10y": 0, "num_citations_10y": 53, "publications_years": {"2006": 13, "2005": 1}, "citations_years": {"2008": 11, "2009": 8, "2010": 9, "2011": 4, "2012": 6, "2013": 7, "2014": 9, "2015": 5, "2016": 2, "2007": 2, "2006": 3, "2017": 3, "2018": 0, "2019": 2}, "old_citations": {"2006": 49, "2005": 22}, "isVisible": false}, "image processing": {"name": "image processing", "type": "topic", "h_index": 1113, "h5_index": 328, "num_publications": 14, "num_citations": 69, "num_publications_5y": 0, "num_citations_5y": 19, "num_publications_10y": 0, "num_citations_10y": 49, "publications_years": {"2006": 12, "2005": 2}, "citations_years": {"2014": 9, "2008": 14, "2009": 6, "2010": 8, "2011": 5, "2012": 7, "2013": 4, "2015": 5, "2016": 2, "2007": 1, "2017": 3, "2018": 0, "2019": 2, "2005": 1, "2006": 2}, "old_citations": {"2006": 44, "2005": 25}, "isVisible": false}, "telecommunication networks": {"name": "telecommunication networks", "type": "topic", "h_index": 1116, "h5_index": 258, "num_publications": 14, "num_citations": 381, "num_publications_5y": 0, "num_citations_5y": 189, "num_publications_10y": 0, "num_citations_10y": 300, "publications_years": {"2006": 11, "2005": 2, "1999": 1}, "citations_years": {"2014": 41, "2012": 33, "2009": 22, "2010": 18, "2011": 16, "2013": 22, "2015": 44, "2016": 35, "2008": 17, "2006": 12, "2007": 8, "2017": 38, "2018": 31, "2019": 24, "2005": 7, "1999": 1, "2000": 1, "2001": 3, "2002": 2, "2003": 0, "2004": 4, "2020": 2}, "old_citations": {"2006": 45, "2005": 18, "1999": 318}, "isVisible": false}, "communication systems": {"name": "communication systems", "type": "topic", "h_index": 1092, "h5_index": 254, "num_publications": 13, "num_citations": 399, "num_publications_5y": 0, "num_citations_5y": 189, "num_publications_10y": 0, "num_citations_10y": 313, "publications_years": {"2006": 11, "2005": 1, "1999": 1}, "citations_years": {"2012": 35, "2009": 23, "2010": 22, "2011": 19, "2013": 25, "2014": 43, "2015": 44, "2016": 34, "2007": 9, "2008": 22, "2017": 38, "2018": 30, "2019": 25, "2006": 11, "1999": 1, "2000": 1, "2001": 3, "2002": 2, "2003": 0, "2004": 4, "2005": 6, "2020": 2}, "old_citations": {"2006": 59, "2005": 22, "1999": 318}, "isVisible": false}, "signal processing": {"name": "signal processing", "type": "topic", "h_index": 1012, "h5_index": 255, "num_publications": 13, "num_citations": 47, "num_publications_5y": 0, "num_citations_5y": 5, "num_publications_10y": 0, "num_citations_10y": 29, "publications_years": {"2006": 11, "2005": 2}, "citations_years": {"2014": 4, "2012": 6, "2009": 4, "2010": 7, "2011": 6, "2013": 1, "2015": 0, "2016": 1, "2007": 2, "2008": 13, "2017": 0, "2018": 0, "2019": 1, "2005": 1, "2006": 1}, "old_citations": {"2006": 22, "2005": 25}, "isVisible": false}, "wireless telecommunication systems": {"name": "wireless telecommunication systems", "type": "topic", "h_index": 1087, "h5_index": 254, "num_publications": 13, "num_citations": 399, "num_publications_5y": 0, "num_citations_5y": 189, "num_publications_10y": 0, "num_citations_10y": 313, "publications_years": {"2006": 11, "2005": 1, "1999": 1}, "citations_years": {"2012": 35, "2009": 23, "2010": 22, "2011": 19, "2013": 25, "2014": 43, "2015": 44, "2016": 34, "2007": 9, "2008": 22, "2017": 38, "2018": 30, "2019": 25, "2006": 11, "1999": 1, "2000": 1, "2001": 3, "2002": 2, "2003": 0, "2004": 4, "2005": 6, "2020": 2}, "old_citations": {"2006": 59, "2005": 22, "1999": 318}, "isVisible": false}, "data communication systems": {"name": "data communication systems", "type": "topic", "h_index": 1013, "h5_index": 234, "num_publications": 9, "num_citations": 360, "num_publications_5y": 0, "num_citations_5y": 185, "num_publications_10y": 0, "num_citations_10y": 289, "publications_years": {"2006": 8, "1999": 1}, "citations_years": {"2012": 31, "2009": 21, "2010": 15, "2011": 15, "2013": 22, "2014": 40, "2015": 44, "2016": 34, "2008": 11, "2006": 11, "2007": 6, "2017": 38, "2018": 29, "2019": 24, "1999": 1, "2000": 1, "2001": 3, "2002": 2, "2003": 0, "2004": 4, "2005": 6, "2020": 2}, "old_citations": {"2006": 42, "1999": 318}, "isVisible": false}, "communication channels (information theory)": {"name": "communication channels (information theory)", "type": "topic", "h_index": 925, "h5_index": 216, "num_publications": 6, "num_citations": 346, "num_publications_5y": 0, "num_citations_5y": 172, "num_publications_10y": 0, "num_citations_10y": 267, "publications_years": {"2006": 4, "2005": 1, "1999": 1}, "citations_years": {"2007": 7, "2008": 21, "2009": 17, "2010": 16, "2011": 16, "2012": 28, "2013": 18, "2014": 37, "2015": 39, "2016": 32, "2017": 35, "2018": 29, "2019": 23, "1999": 1, "2000": 1, "2001": 3, "2002": 2, "2003": 0, "2004": 4, "2005": 6, "2006": 9, "2020": 2}, "old_citations": {"2006": 6, "2005": 22, "1999": 318}, "isVisible": false}, "human computer interaction": {"name": "human computer interaction", "type": "topic", "h_index": 934, "h5_index": 215, "num_publications": 6, "num_citations": 335, "num_publications_5y": 0, "num_citations_5y": 173, "num_publications_10y": 0, "num_citations_10y": 267, "publications_years": {"2006": 5, "1999": 1}, "citations_years": {"2014": 37, "2009": 20, "2010": 14, "2011": 14, "2012": 27, "2013": 19, "2015": 39, "2016": 33, "2006": 10, "2007": 6, "2008": 10, "2017": 35, "2018": 29, "2019": 23, "1999": 1, "2000": 1, "2001": 3, "2002": 2, "2003": 0, "2004": 4, "2005": 6, "2020": 2}, "old_citations": {"2006": 17, "1999": 318}, "isVisible": false}, "user interfaces": {"name": "user interfaces", "type": "topic", "h_index": 845, "h5_index": 182, "num_publications": 3, "num_citations": 333, "num_publications_5y": 0, "num_citations_5y": 172, "num_publications_10y": 0, "num_citations_10y": 265, "publications_years": {"2006": 2, "1999": 1}, "citations_years": {"2009": 20, "2010": 13, "2011": 14, "2012": 27, "2013": 19, "2014": 36, "2015": 39, "2016": 33, "2006": 10, "2007": 6, "2008": 10, "2017": 35, "2018": 29, "2019": 23, "1999": 1, "2000": 1, "2001": 3, "2002": 2, "2003": 0, "2004": 4, "2005": 6, "2020": 2}, "old_citations": {"2006": 15, "1999": 318}, "isVisible": false}, "mobile computing": {"name": "mobile computing", "type": "topic", "h_index": 664, "h5_index": 170, "num_publications": 3, "num_citations": 326, "num_publications_5y": 0, "num_citations_5y": 172, "num_publications_10y": 0, "num_citations_10y": 260, "publications_years": {"2006": 2, "1999": 1}, "citations_years": {"2012": 28, "2009": 17, "2010": 12, "2011": 14, "2013": 17, "2014": 36, "2015": 39, "2016": 33, "1999": 1, "2000": 1, "2001": 3, "2002": 2, "2003": 0, "2004": 4, "2005": 6, "2006": 9, "2007": 6, "2008": 10, "2017": 35, "2018": 29, "2019": 22, "2020": 2}, "old_citations": {"2006": 8, "1999": 318}, "isVisible": false}, "mobile devices": {"name": "mobile devices", "type": "topic", "h_index": 594, "h5_index": 156, "num_publications": 3, "num_citations": 326, "num_publications_5y": 0, "num_citations_5y": 172, "num_publications_10y": 0, "num_citations_10y": 260, "publications_years": {"2006": 2, "1999": 1}, "citations_years": {"2012": 28, "2009": 17, "2010": 12, "2011": 14, "2013": 17, "2014": 36, "2015": 39, "2016": 33, "1999": 1, "2000": 1, "2001": 3, "2002": 2, "2003": 0, "2004": 4, "2005": 6, "2006": 9, "2007": 6, "2008": 10, "2017": 35, "2018": 29, "2019": 22, "2020": 2}, "old_citations": {"2006": 8, "1999": 318}, "isVisible": false}, "hand held computers": {"name": "hand held computers", "type": "topic", "h_index": 275, "h5_index": 47, "num_publications": 2, "num_citations": 323, "num_publications_5y": 0, "num_citations_5y": 172, "num_publications_10y": 0, "num_citations_10y": 257, "publications_years": {"2006": 1, "1999": 1}, "citations_years": {"2009": 17, "2010": 12, "2011": 14, "2012": 25, "2013": 17, "2014": 36, "2015": 39, "2016": 33, "1999": 1, "2000": 1, "2001": 3, "2002": 2, "2003": 0, "2004": 4, "2005": 6, "2006": 9, "2007": 6, "2008": 10, "2017": 35, "2018": 29, "2019": 22, "2020": 2}, "old_citations": {"2006": 5, "1999": 318}, "isVisible": false}, "handheld": {"name": "handheld", "type": "topic", "h_index": 265, "h5_index": 40, "num_publications": 2, "num_citations": 323, "num_publications_5y": 0, "num_citations_5y": 172, "num_publications_10y": 0, "num_citations_10y": 257, "publications_years": {"2006": 1, "1999": 1}, "citations_years": {"2009": 17, "2010": 12, "2011": 14, "2012": 25, "2013": 17, "2014": 36, "2015": 39, "2016": 33, "1999": 1, "2000": 1, "2001": 3, "2002": 2, "2003": 0, "2004": 4, "2005": 6, "2006": 9, "2007": 6, "2008": 10, "2017": 35, "2018": 29, "2019": 22, "2020": 2}, "old_citations": {"2006": 5, "1999": 318}, "isVisible": false}, "mobile telecommunication systems": {"name": "mobile telecommunication systems", "type": "topic", "h_index": 732, "h5_index": 170, "num_publications": 1, "num_citations": 318, "num_publications_5y": 0, "num_citations_5y": 170, "num_publications_10y": 0, "num_citations_10y": 252, "publications_years": {"1999": 1}, "citations_years": {"1999": 1, "2000": 1, "2001": 3, "2002": 2, "2003": 0, "2004": 4, "2005": 6, "2006": 9, "2007": 6, "2008": 10, "2009": 15, "2010": 12, "2011": 13, "2012": 25, "2013": 17, "2014": 35, "2015": 39, "2016": 32, "2017": 35, "2018": 29, "2019": 22, "2020": 2}, "old_citations": {"1999": 318}, "isVisible": false}, "personal digital assistants": {"name": "personal digital assistants", "type": "topic", "h_index": 187, "h5_index": 24, "num_publications": 1, "num_citations": 318, "num_publications_5y": 0, "num_citations_5y": 170, "num_publications_10y": 0, "num_citations_10y": 252, "publications_years": {"1999": 1}, "citations_years": {"1999": 1, "2000": 1, "2001": 3, "2002": 2, "2003": 0, "2004": 4, "2005": 6, "2006": 9, "2007": 6, "2008": 10, "2009": 15, "2010": 12, "2011": 13, "2012": 25, "2013": 17, "2014": 35, "2015": 39, "2016": 32, "2017": 35, "2018": 29, "2019": 22, "2020": 2}, "old_citations": {"1999": 318}, "isVisible": false}, "portable device": {"name": "portable device", "type": "topic", "h_index": 302, "h5_index": 67, "num_publications": 1, "num_citations": 318, "num_publications_5y": 0, "num_citations_5y": 170, "num_publications_10y": 0, "num_citations_10y": 252, "publications_years": {"1999": 1}, "citations_years": {"1999": 1, "2000": 1, "2001": 3, "2002": 2, "2003": 0, "2004": 4, "2005": 6, "2006": 9, "2007": 6, "2008": 10, "2009": 15, "2010": 12, "2011": 13, "2012": 25, "2013": 17, "2014": 35, "2015": 39, "2016": 32, "2017": 35, "2018": 29, "2019": 22, "2020": 2}, "old_citations": {"1999": 318}, "isVisible": false}, "portable equipment": {"name": "portable equipment", "type": "topic", "h_index": 307, "h5_index": 67, "num_publications": 1, "num_citations": 318, "num_publications_5y": 0, "num_citations_5y": 170, "num_publications_10y": 0, "num_citations_10y": 252, "publications_years": {"1999": 1}, "citations_years": {"1999": 1, "2000": 1, "2001": 3, "2002": 2, "2003": 0, "2004": 4, "2005": 6, "2006": 9, "2007": 6, "2008": 10, "2009": 15, "2010": 12, "2011": 13, "2012": 25, "2013": 17, "2014": 35, "2015": 39, "2016": 32, "2017": 35, "2018": 29, "2019": 22, "2020": 2}, "old_citations": {"1999": 318}, "isVisible": false}}, "authors": {"2123169670": {"name": "ashok krishnamurthy", "type": "author", "activity": 23, "h_index": 10, "h5_index": 0, "mag_id": "2123169670", "num_publications": 5, "num_citations": 35, "num_publications_5y": 0, "num_citations_5y": 15, "num_publications_10y": 0, "num_citations_10y": 30, "publications_years": {"2006": 5}, "citations_years": {"2014": 6, "2006": 2, "2007": 0, "2008": 1, "2009": 4, "2010": 3, "2011": 0, "2012": 3, "2013": 5, "2015": 5, "2016": 1, "2017": 3, "2018": 0, "2019": 2}, "old_citations": {"2006": 35}, "isVisible": true}, "2794997641": {"name": "alan chalker", "type": "author", "activity": 14, "h_index": 4, "h5_index": 2, "mag_id": "2794997641", "num_publications": 5, "num_citations": 35, "num_publications_5y": 0, "num_citations_5y": 15, "num_publications_10y": 0, "num_citations_10y": 30, "publications_years": {"2006": 5}, "citations_years": {"2014": 6, "2006": 2, "2007": 0, "2008": 1, "2009": 4, "2010": 3, "2011": 0, "2012": 3, "2013": 5, "2015": 5, "2016": 1, "2017": 3, "2018": 0, "2019": 2}, "old_citations": {"2006": 35}, "isVisible": true}, "1715058840": {"name": "brian guilfoos", "type": "author", "activity": 12, "h_index": 2, "h5_index": 1, "mag_id": "1715058840", "num_publications": 4, "num_citations": 34, "num_publications_5y": 0, "num_citations_5y": 14, "num_publications_10y": 0, "num_citations_10y": 29, "publications_years": {"2006": 4}, "citations_years": {"2006": 2, "2007": 0, "2008": 1, "2009": 4, "2010": 3, "2011": 0, "2012": 3, "2013": 5, "2014": 5, "2015": 5, "2016": 1, "2017": 3, "2018": 0, "2019": 2}, "old_citations": {"2006": 34}, "isVisible": false}, "2107467388": {"name": "j gardiner", "type": "author", "activity": 2, "h_index": 2, "h5_index": 0, "mag_id": "2107467388", "num_publications": 4, "num_citations": 34, "num_publications_5y": 0, "num_citations_5y": 14, "num_publications_10y": 0, "num_citations_10y": 29, "publications_years": {"2006": 4}, "citations_years": {"2006": 2, "2007": 0, "2008": 1, "2009": 4, "2010": 3, "2011": 0, "2012": 3, "2013": 5, "2014": 5, "2015": 5, "2016": 1, "2017": 3, "2018": 0, "2019": 2}, "old_citations": {"2006": 34}, "isVisible": false}, "2139018926": {"name": "siddharth samsi", "type": "author", "activity": 18, "h_index": 11, "h5_index": 8, "mag_id": "2139018926", "num_publications": 4, "num_citations": 34, "num_publications_5y": 0, "num_citations_5y": 14, "num_publications_10y": 0, "num_citations_10y": 29, "publications_years": {"2006": 4}, "citations_years": {"2006": 2, "2007": 0, "2008": 1, "2009": 4, "2010": 3, "2011": 0, "2012": 3, "2013": 5, "2014": 5, "2015": 5, "2016": 1, "2017": 3, "2018": 0, "2019": 2}, "old_citations": {"2006": 34}, "isVisible": false}, "2175144583": {"name": "john nehrbass", "type": "author", "activity": 17, "h_index": 4, "h5_index": 0, "mag_id": "2175144583", "num_publications": 4, "num_citations": 34, "num_publications_5y": 0, "num_citations_5y": 14, "num_publications_10y": 0, "num_citations_10y": 29, "publications_years": {"2006": 4}, "citations_years": {"2006": 2, "2007": 0, "2008": 1, "2009": 4, "2010": 3, "2011": 0, "2012": 3, "2013": 5, "2014": 5, "2015": 5, "2016": 1, "2017": 3, "2018": 0, "2019": 2}, "old_citations": {"2006": 34}, "isVisible": false}, "2268771539": {"name": "jose unpingco", "type": "author", "activity": 8, "h_index": 2, "h5_index": 0, "mag_id": "2268771539", "num_publications": 4, "num_citations": 34, "num_publications_5y": 0, "num_citations_5y": 14, "num_publications_10y": 0, "num_citations_10y": 29, "publications_years": {"2006": 4}, "citations_years": {"2006": 2, "2007": 0, "2008": 1, "2009": 4, "2010": 3, "2011": 0, "2012": 3, "2013": 5, "2014": 5, "2015": 5, "2016": 1, "2017": 3, "2018": 0, "2019": 2}, "old_citations": {"2006": 34}, "isVisible": false}, "2303337397": {"name": "j c chaves", "type": "author", "activity": 11, "h_index": 3, "h5_index": 0, "mag_id": "2303337397", "num_publications": 4, "num_citations": 34, "num_publications_5y": 0, "num_citations_5y": 14, "num_publications_10y": 0, "num_citations_10y": 29, "publications_years": {"2006": 4}, "citations_years": {"2006": 2, "2007": 0, "2008": 1, "2009": 4, "2010": 3, "2011": 0, "2012": 3, "2013": 5, "2014": 5, "2015": 5, "2016": 1, "2017": 3, "2018": 0, "2019": 2}, "old_citations": {"2006": 34}, "isVisible": false}, "2619334650": {"name": "stanley c ahalt", "type": "author", "activity": 27, "h_index": 3, "h5_index": 1, "mag_id": "2619334650", "num_publications": 4, "num_citations": 34, "num_publications_5y": 0, "num_citations_5y": 14, "num_publications_10y": 0, "num_citations_10y": 29, "publications_years": {"2006": 4}, "citations_years": {"2006": 2, "2007": 0, "2008": 1, "2009": 4, "2010": 3, "2011": 0, "2012": 3, "2013": 5, "2014": 5, "2015": 5, "2016": 1, "2017": 3, "2018": 0, "2019": 2}, "old_citations": {"2006": 34}, "isVisible": false}, "2158446791": {"name": "shirley moore", "type": "author", "activity": 18, "h_index": 20, "h5_index": 1, "mag_id": "2158446791", "num_publications": 3, "num_citations": 13, "num_publications_5y": 0, "num_citations_5y": 2, "num_publications_10y": 0, "num_citations_10y": 8, "publications_years": {"2006": 2, "2005": 1}, "citations_years": {"2010": 3, "2007": 3, "2008": 2, "2009": 2, "2011": 1, "2012": 0, "2013": 0, "2014": 1, "2015": 0, "2016": 0, "2017": 1}, "old_citations": {"2006": 1, "2005": 12}, "isVisible": false}, "2164716478": {"name": "d cronk", "type": "author", "activity": 12, "h_index": 3, "h5_index": 0, "mag_id": "2164716478", "num_publications": 3, "num_citations": 13, "num_publications_5y": 0, "num_citations_5y": 2, "num_publications_10y": 0, "num_citations_10y": 8, "publications_years": {"2006": 2, "2005": 1}, "citations_years": {"2010": 3, "2007": 3, "2008": 2, "2009": 2, "2011": 1, "2012": 0, "2013": 0, "2014": 1, "2015": 0, "2016": 0, "2017": 1}, "old_citations": {"2006": 1, "2005": 12}, "isVisible": false}, "618576870": {"name": "patricia j teller", "type": "author", "activity": 29, "h_index": 16, "h5_index": 2, "mag_id": "618576870", "num_publications": 2, "num_citations": 12, "num_publications_5y": 0, "num_citations_5y": 2, "num_publications_10y": 0, "num_citations_10y": 7, "publications_years": {"2006": 1, "2005": 1}, "citations_years": {"2007": 3, "2008": 2, "2009": 2, "2010": 2, "2011": 1, "2012": 0, "2013": 0, "2014": 1, "2015": 0, "2016": 0, "2017": 1}, "old_citations": {"2006": 0, "2005": 12}, "isVisible": false}, "1902401367": {"name": "richard linderman", "type": "author", "activity": 21, "h_index": 8, "h5_index": 1, "mag_id": "1902401367", "num_publications": 2, "num_citations": 7, "num_publications_5y": 0, "num_citations_5y": 1, "num_publications_10y": 0, "num_citations_10y": 3, "publications_years": {"2006": 2}, "citations_years": {"2008": 2, "2009": 1, "2010": 1, "2011": 0, "2012": 0, "2013": 0, "2014": 1, "2015": 0, "2016": 0, "2017": 0, "2018": 0, "2019": 1, "2007": 1}, "old_citations": {"2006": 7}, "isVisible": false}, "1974381276": {"name": "nadya travinin", "type": "author", "activity": 3, "h_index": 4, "h5_index": 0, "mag_id": "1974381276", "num_publications": 2, "num_citations": 37, "num_publications_5y": 0, "num_citations_5y": 4, "num_publications_10y": 0, "num_citations_10y": 20, "publications_years": {"2005": 2}, "citations_years": {"2007": 3, "2008": 14, "2009": 2, "2010": 4, "2011": 4, "2012": 5, "2013": 1, "2014": 1, "2015": 0, "2016": 1, "2017": 0, "2018": 2}, "old_citations": {"2005": 37}, "isVisible": false}, "2136907378": {"name": "jeremy kepner", "type": "author", "activity": 25, "h_index": 26, "h5_index": 12, "mag_id": "2136907378", "num_publications": 2, "num_citations": 37, "num_publications_5y": 0, "num_citations_5y": 4, "num_publications_10y": 0, "num_citations_10y": 20, "publications_years": {"2005": 2}, "citations_years": {"2007": 3, "2008": 14, "2009": 2, "2010": 4, "2011": 4, "2012": 5, "2013": 1, "2014": 1, "2015": 0, "2016": 1, "2017": 0, "2018": 2}, "old_citations": {"2005": 37}, "isVisible": false}, "2225980853": {"name": "roberto araiza", "type": "author", "activity": 9, "h_index": 6, "h5_index": 0, "mag_id": "2225980853", "num_publications": 2, "num_citations": 12, "num_publications_5y": 0, "num_citations_5y": 2, "num_publications_10y": 0, "num_citations_10y": 7, "publications_years": {"2006": 1, "2005": 1}, "citations_years": {"2007": 3, "2008": 2, "2009": 2, "2010": 2, "2011": 1, "2012": 0, "2013": 0, "2014": 1, "2015": 0, "2016": 0, "2017": 1}, "old_citations": {"2006": 0, "2005": 12}, "isVisible": false}, "3008879474": {"name": "j nava", "type": "author", "activity": 2, "h_index": 1, "h5_index": 0, "mag_id": "3008879474", "num_publications": 2, "num_citations": 12, "num_publications_5y": 0, "num_citations_5y": 2, "num_publications_10y": 0, "num_citations_10y": 7, "publications_years": {"2006": 1, "2005": 1}, "citations_years": {"2007": 3, "2008": 2, "2009": 2, "2010": 2, "2011": 1, "2012": 0, "2013": 0, "2014": 1, "2015": 0, "2016": 0, "2017": 1}, "old_citations": {"2006": 0, "2005": 12}, "isVisible": false}, "161218164": {"name": "peter michaleas", "type": "author", "activity": 16, "h_index": 12, "h5_index": 7, "mag_id": "161218164", "num_publications": 1, "num_citations": 15, "num_publications_5y": 0, "num_citations_5y": 3, "num_publications_10y": 0, "num_citations_10y": 8, "publications_years": {"2005": 1}, "citations_years": {"2007": 2, "2008": 5, "2009": 1, "2010": 1, "2011": 1, "2012": 2, "2013": 0, "2014": 0, "2015": 0, "2016": 1, "2017": 0, "2018": 2}, "old_citations": {"2005": 15}, "isVisible": false}, "1840790685": {"name": "prem ramaswami", "type": "author", "activity": 2, "h_index": 3, "h5_index": 0, "mag_id": "1840790685", "num_publications": 1, "num_citations": 3, "num_publications_5y": 0, "num_citations_5y": 0, "num_publications_10y": 0, "num_citations_10y": 3, "publications_years": {"2006": 1}, "citations_years": {"2012": 3}, "old_citations": {"2006": 3}, "isVisible": false}, "1979490770": {"name": "andrew watkins", "type": "author", "activity": 6, "h_index": 4, "h5_index": 0, "mag_id": "1979490770", "num_publications": 1, "num_citations": 0, "num_publications_5y": 0, "num_citations_5y": 0, "num_publications_10y": 0, "num_citations_10y": 0, "publications_years": {"2006": 1}, "citations_years": {}, "old_citations": {"2006": 0}, "isVisible": false}, "2008784867": {"name": "robert hatch", "type": "author", "activity": 2, "h_index": 3, "h5_index": 0, "mag_id": "2008784867", "num_publications": 1, "num_citations": 3, "num_publications_5y": 0, "num_citations_5y": 0, "num_publications_10y": 0, "num_citations_10y": 3, "publications_years": {"2006": 1}, "citations_years": {"2012": 3}, "old_citations": {"2006": 3}, "isVisible": false}, "2014403098": {"name": "hermann f fasel", "type": "author", "activity": 11, "h_index": 3, "h5_index": 0, "mag_id": "2014403098", "num_publications": 1, "num_citations": 3, "num_publications_5y": 0, "num_citations_5y": 0, "num_publications_10y": 0, "num_citations_10y": 0, "publications_years": {"2005": 1}, "citations_years": {"2005": 1, "2006": 1, "2007": 0, "2008": 1}, "old_citations": {"2005": 3}, "isVisible": false}, "2016214942": {"name": "jayahar sivasubramanian", "type": "author", "activity": 1, "h_index": 1, "h5_index": 0, "mag_id": "2016214942", "num_publications": 1, "num_citations": 3, "num_publications_5y": 0, "num_citations_5y": 0, "num_publications_10y": 0, "num_citations_10y": 0, "publications_years": {"2005": 1}, "citations_years": {"2005": 1, "2006": 1, "2007": 0, "2008": 1}, "old_citations": {"2005": 3}, "isVisible": false}, "2020288819": {"name": "albert reuther", "type": "author", "activity": 24, "h_index": 17, "h5_index": 9, "mag_id": "2020288819", "num_publications": 1, "num_citations": 15, "num_publications_5y": 0, "num_citations_5y": 3, "num_publications_10y": 0, "num_citations_10y": 8, "publications_years": {"2005": 1}, "citations_years": {"2007": 2, "2008": 5, "2009": 1, "2010": 1, "2011": 1, "2012": 2, "2013": 0, "2014": 0, "2015": 0, "2016": 1, "2017": 0, "2018": 2}, "old_citations": {"2005": 15}, "isVisible": false}, "2025709468": {"name": "d a von terzi", "type": "author", "activity": 7, "h_index": 1, "h5_index": 0, "mag_id": "2025709468", "num_publications": 1, "num_citations": 3, "num_publications_5y": 0, "num_citations_5y": 0, "num_publications_10y": 0, "num_citations_10y": 0, "publications_years": {"2005": 1}, "citations_years": {"2005": 1, "2006": 1, "2007": 0, "2008": 1}, "old_citations": {"2005": 3}, "isVisible": false}, "2043603596": {"name": "stephen a klotz", "type": "author", "activity": 1, "h_index": 0, "h5_index": 0, "mag_id": "2043603596", "num_publications": 1, "num_citations": 0, "num_publications_5y": 0, "num_citations_5y": 0, "num_publications_10y": 0, "num_citations_10y": 0, "publications_years": {"2006": 1}, "citations_years": {}, "old_citations": {"2006": 0}, "isVisible": false}, "2048866559": {"name": "raymond c maple", "type": "author", "activity": 16, "h_index": 3, "h5_index": 0, "mag_id": "2048866559", "num_publications": 1, "num_citations": 1, "num_publications_5y": 0, "num_citations_5y": 0, "num_publications_10y": 0, "num_citations_10y": 1, "publications_years": {"2006": 1}, "citations_years": {"2010": 1}, "old_citations": {"2006": 1}, "isVisible": false}, "2052544854": {"name": "ken yetzer", "type": "author", "activity": 1, "h_index": 1, "h5_index": 0, "mag_id": "2052544854", "num_publications": 1, "num_citations": 1, "num_publications_5y": 0, "num_citations_5y": 1, "num_publications_10y": 0, "num_citations_10y": 1, "publications_years": {"2006": 1}, "citations_years": {"2014": 1}, "old_citations": {"2006": 1}, "isVisible": false}, "2075327668": {"name": "marco lanzagorta", "type": "author", "activity": 23, "h_index": 4, "h5_index": 1, "mag_id": "2075327668", "num_publications": 1, "num_citations": 8, "num_publications_5y": 0, "num_citations_5y": 2, "num_publications_10y": 0, "num_citations_10y": 6, "publications_years": {"2006": 1}, "citations_years": {"2007": 1, "2008": 1, "2009": 0, "2010": 0, "2011": 1, "2012": 1, "2013": 2, "2014": 1, "2015": 0, "2016": 0, "2017": 0, "2018": 1}, "old_citations": {"2006": 8}, "isVisible": false}, "2077550990": {"name": "tim currie", "type": "author", "activity": 4, "h_index": 3, "h5_index": 0, "mag_id": "2077550990", "num_publications": 1, "num_citations": 15, "num_publications_5y": 0, "num_citations_5y": 3, "num_publications_10y": 0, "num_citations_10y": 8, "publications_years": {"2005": 1}, "citations_years": {"2007": 2, "2008": 5, "2009": 1, "2010": 1, "2011": 1, "2012": 2, "2013": 0, "2014": 0, "2015": 0, "2016": 1, "2017": 0, "2018": 2}, "old_citations": {"2005": 15}, "isVisible": false}, "2079969273": {"name": "allen d malony", "type": "author", "activity": 31, "h_index": 31, "h5_index": 5, "mag_id": "2079969273", "num_publications": 1, "num_citations": 1, "num_publications_5y": 0, "num_citations_5y": 0, "num_publications_10y": 0, "num_citations_10y": 1, "publications_years": {"2006": 1}, "citations_years": {"2010": 1}, "old_citations": {"2006": 1}, "isVisible": false}, "2096509916": {"name": "edmund l wong", "type": "author", "activity": 13, "h_index": 12, "h5_index": 2, "mag_id": "2096509916", "num_publications": 1, "num_citations": 22, "num_publications_5y": 0, "num_citations_5y": 1, "num_publications_10y": 0, "num_citations_10y": 12, "publications_years": {"2005": 1}, "citations_years": {"2007": 1, "2008": 9, "2009": 1, "2010": 3, "2011": 3, "2012": 3, "2013": 1, "2014": 1}, "old_citations": {"2005": 22}, "isVisible": false}, "2103464605": {"name": "keesook j han", "type": "author", "activity": 12, "h_index": 8, "h5_index": 0, "mag_id": "2103464605", "num_publications": 1, "num_citations": 3, "num_publications_5y": 0, "num_citations_5y": 0, "num_publications_10y": 0, "num_citations_10y": 2, "publications_years": {"2006": 1}, "citations_years": {"2007": 1, "2008": 0, "2009": 2}, "old_citations": {"2006": 3}, "isVisible": false}, "2104769146": {"name": "robert rosenberg", "type": "author", "activity": 23, "h_index": 5, "h5_index": 1, "mag_id": "2104769146", "num_publications": 1, "num_citations": 8, "num_publications_5y": 0, "num_citations_5y": 2, "num_publications_10y": 0, "num_citations_10y": 6, "publications_years": {"2006": 1}, "citations_years": {"2007": 1, "2008": 1, "2009": 0, "2010": 0, "2011": 1, "2012": 1, "2013": 2, "2014": 1, "2015": 0, "2016": 0, "2017": 0, "2018": 1}, "old_citations": {"2006": 8}, "isVisible": false}, "2106021137": {"name": "james a stewart", "type": "author", "activity": 9, "h_index": 4, "h5_index": 0, "mag_id": "2106021137", "num_publications": 1, "num_citations": 0, "num_publications_5y": 0, "num_citations_5y": 0, "num_publications_10y": 0, "num_citations_10y": 0, "publications_years": {"2006": 1}, "citations_years": {}, "old_citations": {"2006": 0}, "isVisible": false}, "2106294488": {"name": "sadaf r alam", "type": "author", "activity": 19, "h_index": 14, "h5_index": 0, "mag_id": "2106294488", "num_publications": 1, "num_citations": 7, "num_publications_5y": 0, "num_citations_5y": 2, "num_publications_10y": 0, "num_citations_10y": 7, "publications_years": {"2006": 1}, "citations_years": {"2009": 1, "2010": 1, "2011": 0, "2012": 2, "2013": 1, "2014": 1, "2015": 0, "2016": 1}, "old_citations": {"2006": 7}, "isVisible": false}, "2109039611": {"name": "paul m bennett", "type": "author", "activity": 9, "h_index": 3, "h5_index": 0, "mag_id": "2109039611", "num_publications": 1, "num_citations": 3, "num_publications_5y": 0, "num_citations_5y": 0, "num_publications_10y": 0, "num_citations_10y": 2, "publications_years": {"2006": 1}, "citations_years": {"2007": 1, "2008": 0, "2009": 0, "2010": 1, "2011": 1}, "old_citations": {"2006": 3}, "isVisible": false}, "2116316360": {"name": "bharat k soni", "type": "author", "activity": 19, "h_index": 10, "h5_index": 0, "mag_id": "2116316360", "num_publications": 1, "num_citations": 0, "num_publications_5y": 0, "num_citations_5y": 0, "num_publications_10y": 0, "num_citations_10y": 0, "publications_years": {"2006": 1}, "citations_years": {}, "old_citations": {"2006": 0}, "isVisible": false}, "2129974945": {"name": "edwin roger banks", "type": "author", "activity": 4, "h_index": 2, "h5_index": 0, "mag_id": "2129974945", "num_publications": 1, "num_citations": 2, "num_publications_5y": 0, "num_citations_5y": 0, "num_publications_10y": 0, "num_citations_10y": 2, "publications_years": {"2006": 1}, "citations_years": {"2010": 2}, "old_citations": {"2006": 2}, "isVisible": false}, "2133633478": {"name": "scot tucker", "type": "author", "activity": 5, "h_index": 3, "h5_index": 0, "mag_id": "2133633478", "num_publications": 1, "num_citations": 6, "num_publications_5y": 0, "num_citations_5y": 1, "num_publications_10y": 0, "num_citations_10y": 3, "publications_years": {"2006": 1}, "citations_years": {"2008": 2, "2009": 1, "2010": 1, "2011": 0, "2012": 0, "2013": 0, "2014": 1, "2015": 0, "2016": 0, "2017": 0, "2018": 0, "2019": 1}, "old_citations": {"2006": 6}, "isVisible": false}, "2135105013": {"name": "marshall mcbride", "type": "author", "activity": 4, "h_index": 2, "h5_index": 0, "mag_id": "2135105013", "num_publications": 1, "num_citations": 2, "num_publications_5y": 0, "num_citations_5y": 0, "num_publications_10y": 0, "num_citations_10y": 2, "publications_years": {"2006": 1}, "citations_years": {"2010": 2}, "old_citations": {"2006": 2}, "isVisible": false}, "2135379901": {"name": "peter cho", "type": "author", "activity": 10, "h_index": 3, "h5_index": 0, "mag_id": "2135379901", "num_publications": 1, "num_citations": 3, "num_publications_5y": 0, "num_citations_5y": 0, "num_publications_10y": 0, "num_citations_10y": 3, "publications_years": {"2006": 1}, "citations_years": {"2012": 3}, "old_citations": {"2006": 3}, "isVisible": false}, "2137151724": {"name": "richard d sandberg", "type": "author", "activity": 15, "h_index": 4, "h5_index": 2, "mag_id": "2137151724", "num_publications": 1, "num_citations": 3, "num_publications_5y": 0, "num_citations_5y": 0, "num_publications_10y": 0, "num_citations_10y": 0, "publications_years": {"2005": 1}, "citations_years": {"2005": 1, "2006": 1, "2007": 0, "2008": 1}, "old_citations": {"2005": 3}, "isVisible": false}, "2137260450": {"name": "eugene s hertel", "type": "author", "activity": 11, "h_index": 1, "h5_index": 0, "mag_id": "2137260450", "num_publications": 1, "num_citations": 0, "num_publications_5y": 0, "num_citations_5y": 0, "num_publications_10y": 0, "num_citations_10y": 0, "publications_years": {"2006": 1}, "citations_years": {}, "old_citations": {"2006": 0}, "isVisible": false}, "2138695045": {"name": "henry hoffmann", "type": "author", "activity": 19, "h_index": 29, "h5_index": 10, "mag_id": "2138695045", "num_publications": 1, "num_citations": 22, "num_publications_5y": 0, "num_citations_5y": 1, "num_publications_10y": 0, "num_citations_10y": 12, "publications_years": {"2005": 1}, "citations_years": {"2007": 1, "2008": 9, "2009": 1, "2010": 3, "2011": 3, "2012": 3, "2013": 1, "2014": 1}, "old_citations": {"2005": 22}, "isVisible": false}, "2140591974": {"name": "jeanie osburn", "type": "author", "activity": 5, "h_index": 2, "h5_index": 0, "mag_id": "2140591974", "num_publications": 1, "num_citations": 8, "num_publications_5y": 0, "num_citations_5y": 2, "num_publications_10y": 0, "num_citations_10y": 6, "publications_years": {"2006": 1}, "citations_years": {"2007": 1, "2008": 1, "2009": 0, "2010": 0, "2011": 1, "2012": 1, "2013": 2, "2014": 1, "2015": 0, "2016": 0, "2017": 0, "2018": 1}, "old_citations": {"2006": 8}, "isVisible": false}, "2140751034": {"name": "alan m shih", "type": "author", "activity": 10, "h_index": 9, "h5_index": 0, "mag_id": "2140751034", "num_publications": 1, "num_citations": 0, "num_publications_5y": 0, "num_citations_5y": 0, "num_publications_10y": 0, "num_citations_10y": 0, "publications_years": {"2006": 1}, "citations_years": {}, "old_citations": {"2006": 0}, "isVisible": false}, "2141117898": {"name": "joshua j corner", "type": "author", "activity": 3, "h_index": 2, "h5_index": 0, "mag_id": "2141117898", "num_publications": 1, "num_citations": 6, "num_publications_5y": 0, "num_citations_5y": 1, "num_publications_10y": 0, "num_citations_10y": 3, "publications_years": {"2006": 1}, "citations_years": {"2008": 2, "2009": 1, "2010": 1, "2011": 0, "2012": 0, "2013": 0, "2014": 1, "2015": 0, "2016": 0, "2017": 0, "2018": 0, "2019": 1}, "old_citations": {"2006": 6}, "isVisible": false}, "2149482068": {"name": "virginia w ross", "type": "author", "activity": 9, "h_index": 1, "h5_index": 0, "mag_id": "2149482068", "num_publications": 1, "num_citations": 1, "num_publications_5y": 0, "num_citations_5y": 0, "num_publications_10y": 0, "num_citations_10y": 0, "publications_years": {"2006": 1}, "citations_years": {"2007": 1}, "old_citations": {"2006": 1}, "isVisible": false}, "2156718839": {"name": "paul agarwal", "type": "author", "activity": 4, "h_index": 2, "h5_index": 0, "mag_id": "2156718839", "num_publications": 1, "num_citations": 2, "num_publications_5y": 0, "num_citations_5y": 0, "num_publications_10y": 0, "num_citations_10y": 2, "publications_years": {"2006": 1}, "citations_years": {"2010": 2}, "old_citations": {"2006": 2}, "isVisible": false}, "2158746465": {"name": "nikhil bhatia", "type": "author", "activity": 3, "h_index": 4, "h5_index": 0, "mag_id": "2158746465", "num_publications": 1, "num_citations": 7, "num_publications_5y": 0, "num_citations_5y": 2, "num_publications_10y": 0, "num_citations_10y": 7, "publications_years": {"2006": 1}, "citations_years": {"2009": 1, "2010": 1, "2011": 0, "2012": 2, "2013": 1, "2014": 1, "2015": 0, "2016": 1}, "old_citations": {"2006": 7}, "isVisible": false}, "2164600836": {"name": "hahn kim", "type": "author", "activity": 8, "h_index": 7, "h5_index": 0, "mag_id": "2164600836", "num_publications": 1, "num_citations": 15, "num_publications_5y": 0, "num_citations_5y": 3, "num_publications_10y": 0, "num_citations_10y": 8, "publications_years": {"2005": 1}, "citations_years": {"2007": 2, "2008": 5, "2009": 1, "2010": 1, "2011": 1, "2012": 2, "2013": 0, "2014": 0, "2015": 0, "2016": 1, "2017": 0, "2018": 2}, "old_citations": {"2005": 15}, "isVisible": false}, "2165234532": {"name": "jeffrey s vetter", "type": "author", "activity": 28, "h_index": 42, "h5_index": 11, "mag_id": "2165234532", "num_publications": 1, "num_citations": 7, "num_publications_5y": 0, "num_citations_5y": 2, "num_publications_10y": 0, "num_citations_10y": 7, "publications_years": {"2006": 1}, "citations_years": {"2009": 1, "2010": 1, "2011": 0, "2012": 2, "2013": 1, "2014": 1, "2015": 0, "2016": 1}, "old_citations": {"2006": 7}, "isVisible": false}, "2176533867": {"name": "sameer shende", "type": "author", "activity": 24, "h_index": 21, "h5_index": 3, "mag_id": "2176533867", "num_publications": 1, "num_citations": 1, "num_publications_5y": 0, "num_citations_5y": 0, "num_publications_10y": 0, "num_citations_10y": 1, "publications_years": {"2006": 1}, "citations_years": {"2010": 1}, "old_citations": {"2006": 1}, "isVisible": false}, "2182435301": {"name": "joseph giordano", "type": "author", "activity": 10, "h_index": 8, "h5_index": 0, "mag_id": "2182435301", "num_publications": 1, "num_citations": 3, "num_publications_5y": 0, "num_citations_5y": 0, "num_publications_10y": 0, "num_citations_10y": 2, "publications_years": {"2006": 1}, "citations_years": {"2007": 1, "2008": 0, "2009": 2}, "old_citations": {"2006": 3}, "isVisible": false}, "2226877556": {"name": "george o ramseyer", "type": "author", "activity": 10, "h_index": 3, "h5_index": 0, "mag_id": "2226877556", "num_publications": 1, "num_citations": 1, "num_publications_5y": 0, "num_citations_5y": 0, "num_publications_10y": 0, "num_citations_10y": 0, "publications_years": {"2006": 1}, "citations_years": {"2007": 1}, "old_citations": {"2006": 1}, "isVisible": false}, "2230333684": {"name": "felix wolf", "type": "author", "activity": 22, "h_index": 25, "h5_index": 6, "mag_id": "2230333684", "num_publications": 1, "num_citations": 12, "num_publications_5y": 0, "num_citations_5y": 2, "num_publications_10y": 0, "num_citations_10y": 7, "publications_years": {"2005": 1}, "citations_years": {"2007": 3, "2008": 2, "2009": 2, "2010": 2, "2011": 1, "2012": 0, "2013": 0, "2014": 1, "2015": 0, "2016": 0, "2017": 1}, "old_citations": {"2005": 12}, "isVisible": false}, "2240316755": {"name": "e nunez", "type": "author", "activity": 1, "h_index": 1, "h5_index": 0, "mag_id": "2240316755", "num_publications": 1, "num_citations": 2, "num_publications_5y": 0, "num_citations_5y": 0, "num_publications_10y": 0, "num_citations_10y": 2, "publications_years": {"2006": 1}, "citations_years": {"2010": 2}, "old_citations": {"2006": 2}, "isVisible": false}, "2243539197": {"name": "thomas c oppe", "type": "author", "activity": 16, "h_index": 2, "h5_index": 1, "mag_id": "2243539197", "num_publications": 1, "num_citations": 3, "num_publications_5y": 0, "num_citations_5y": 0, "num_publications_10y": 0, "num_citations_10y": 2, "publications_years": {"2006": 1}, "citations_years": {"2007": 1, "2008": 0, "2009": 0, "2010": 1, "2011": 1}, "old_citations": {"2006": 3}, "isVisible": false}, "2273243917": {"name": "andrew mccabe", "type": "author", "activity": 9, "h_index": 5, "h5_index": 0, "mag_id": "2273243917", "num_publications": 1, "num_citations": 15, "num_publications_5y": 0, "num_citations_5y": 3, "num_publications_10y": 0, "num_citations_10y": 8, "publications_years": {"2005": 1}, "citations_years": {"2007": 2, "2008": 5, "2009": 1, "2010": 1, "2011": 1, "2012": 2, "2013": 0, "2014": 0, "2015": 0, "2016": 1, "2017": 0, "2018": 2}, "old_citations": {"2005": 15}, "isVisible": false}, "2312907319": {"name": "robert bond", "type": "author", "activity": 22, "h_index": 6, "h5_index": 0, "mag_id": "2312907319", "num_publications": 1, "num_citations": 22, "num_publications_5y": 0, "num_citations_5y": 1, "num_publications_10y": 0, "num_citations_10y": 12, "publications_years": {"2005": 1}, "citations_years": {"2007": 1, "2008": 9, "2009": 1, "2010": 3, "2011": 3, "2012": 3, "2013": 1, "2014": 1}, "old_citations": {"2005": 22}, "isVisible": false}, "2431076346": {"name": "wendell anderson", "type": "author", "activity": 10, "h_index": 4, "h5_index": 0, "mag_id": "2431076346", "num_publications": 1, "num_citations": 8, "num_publications_5y": 0, "num_citations_5y": 2, "num_publications_10y": 0, "num_citations_10y": 6, "publications_years": {"2006": 1}, "citations_years": {"2007": 1, "2008": 1, "2009": 0, "2010": 0, "2011": 1, "2012": 1, "2013": 2, "2014": 1, "2015": 0, "2016": 0, "2017": 0, "2018": 1}, "old_citations": {"2006": 8}, "isVisible": false}, "2466846502": {"name": "h chan", "type": "author", "activity": 1, "h_index": 1, "h5_index": 0, "mag_id": "2466846502", "num_publications": 1, "num_citations": 22, "num_publications_5y": 0, "num_citations_5y": 1, "num_publications_10y": 0, "num_citations_10y": 12, "publications_years": {"2005": 1}, "citations_years": {"2007": 1, "2008": 9, "2009": 1, "2010": 3, "2011": 3, "2012": 3, "2013": 1, "2014": 1}, "old_citations": {"2005": 22}, "isVisible": false}, "2468732989": {"name": "hyrum s anderson", "type": "author", "activity": 17, "h_index": 8, "h5_index": 6, "mag_id": "2468732989", "num_publications": 1, "num_citations": 3, "num_publications_5y": 0, "num_citations_5y": 0, "num_publications_10y": 0, "num_citations_10y": 3, "publications_years": {"2006": 1}, "citations_years": {"2012": 3}, "old_citations": {"2006": 3}, "isVisible": false}, "2560435385": {"name": "andy warnock", "type": "author", "activity": 1, "h_index": 1, "h5_index": 0, "mag_id": "2560435385", "num_publications": 1, "num_citations": 22, "num_publications_5y": 0, "num_citations_5y": 13, "num_publications_10y": 0, "num_citations_10y": 20, "publications_years": {"2006": 1}, "citations_years": {"2006": 1, "2007": 0, "2008": 0, "2009": 1, "2010": 2, "2011": 0, "2012": 1, "2013": 3, "2014": 4, "2015": 5, "2016": 1, "2017": 3, "2018": 0, "2019": 1}, "old_citations": {"2006": 22}, "isVisible": false}, "2560695075": {"name": "a taylor", "type": "author", "activity": 1, "h_index": 0, "h5_index": 0, "mag_id": "2560695075", "num_publications": 1, "num_citations": 0, "num_publications_5y": 0, "num_citations_5y": 0, "num_publications_10y": 0, "num_citations_10y": 0, "publications_years": {"2006": 1}, "citations_years": {}, "old_citations": {"2006": 0}, "isVisible": false}, "2569061176": {"name": "trent townsend", "type": "author", "activity": 1, "h_index": 0, "h5_index": 0, "mag_id": "2569061176", "num_publications": 1, "num_citations": 0, "num_publications_5y": 0, "num_citations_5y": 0, "num_publications_10y": 0, "num_citations_10y": 0, "publications_years": {"2006": 1}, "citations_years": {}, "old_citations": {"2006": 0}, "isVisible": false}, "2569740451": {"name": "scotty swillie", "type": "author", "activity": 1, "h_index": 0, "h5_index": 0, "mag_id": "2569740451", "num_publications": 1, "num_citations": 0, "num_publications_5y": 0, "num_citations_5y": 0, "num_publications_10y": 0, "num_citations_10y": 0, "publications_years": {"2006": 1}, "citations_years": {}, "old_citations": {"2006": 0}, "isVisible": false}, "2570822189": {"name": "george moncrief", "type": "author", "activity": 1, "h_index": 0, "h5_index": 0, "mag_id": "2570822189", "num_publications": 1, "num_citations": 0, "num_publications_5y": 0, "num_citations_5y": 0, "num_publications_10y": 0, "num_citations_10y": 0, "publications_years": {"2006": 1}, "citations_years": {}, "old_citations": {"2006": 0}, "isVisible": false}, "2610910191": {"name": "laura humphrey", "type": "author", "activity": 4, "h_index": 1, "h5_index": 0, "mag_id": "2610910191", "num_publications": 1, "num_citations": 0, "num_publications_5y": 0, "num_citations_5y": 0, "num_publications_10y": 0, "num_citations_10y": 0, "publications_years": {"2006": 1}, "citations_years": {}, "old_citations": {"2006": 0}, "isVisible": false}, "2645256590": {"name": "d mccoy", "type": "author", "activity": 1, "h_index": 1, "h5_index": 0, "mag_id": "2645256590", "num_publications": 1, "num_citations": 2, "num_publications_5y": 0, "num_citations_5y": 0, "num_publications_10y": 0, "num_citations_10y": 1, "publications_years": {"2006": 1}, "citations_years": {"2008": 1, "2009": 0, "2010": 0, "2011": 1}, "old_citations": {"2006": 2}, "isVisible": false}, "2662903522": {"name": "greg power", "type": "author", "activity": 1, "h_index": 0, "h5_index": 0, "mag_id": "2662903522", "num_publications": 1, "num_citations": 0, "num_publications_5y": 0, "num_citations_5y": 0, "num_publications_10y": 0, "num_citations_10y": 0, "publications_years": {"2006": 1}, "citations_years": {}, "old_citations": {"2006": 0}, "isVisible": false}, "2668575516": {"name": "steven rugg", "type": "author", "activity": 1, "h_index": 0, "h5_index": 0, "mag_id": "2668575516", "num_publications": 1, "num_citations": 0, "num_publications_5y": 0, "num_citations_5y": 0, "num_publications_10y": 0, "num_citations_10y": 0, "publications_years": {"2006": 1}, "citations_years": {}, "old_citations": {"2006": 0}, "isVisible": false}, "2688669959": {"name": "j bergmann", "type": "author", "activity": 1, "h_index": 1, "h5_index": 0, "mag_id": "2688669959", "num_publications": 1, "num_citations": 2, "num_publications_5y": 0, "num_citations_5y": 0, "num_publications_10y": 0, "num_citations_10y": 1, "publications_years": {"2006": 1}, "citations_years": {"2008": 1, "2009": 0, "2010": 0, "2011": 1}, "old_citations": {"2006": 2}, "isVisible": false}, "2690716002": {"name": "ryan osterday", "type": "author", "activity": 1, "h_index": 1, "h5_index": 0, "mag_id": "2690716002", "num_publications": 1, "num_citations": 1, "num_publications_5y": 0, "num_citations_5y": 0, "num_publications_10y": 0, "num_citations_10y": 1, "publications_years": {"2006": 1}, "citations_years": {"2010": 1}, "old_citations": {"2006": 1}, "isVisible": false}, "2699811608": {"name": "mike stokes", "type": "author", "activity": 1, "h_index": 1, "h5_index": 0, "mag_id": "2699811608", "num_publications": 1, "num_citations": 1, "num_publications_5y": 0, "num_citations_5y": 1, "num_publications_10y": 0, "num_citations_10y": 1, "publications_years": {"2006": 1}, "citations_years": {"2014": 1}, "old_citations": {"2006": 1}, "isVisible": false}, "2714638872": {"name": "yikloon lee", "type": "author", "activity": 1, "h_index": 0, "h5_index": 0, "mag_id": "2714638872", "num_publications": 1, "num_citations": 0, "num_publications_5y": 0, "num_citations_5y": 0, "num_publications_10y": 0, "num_citations_10y": 0, "publications_years": {"2006": 1}, "citations_years": {}, "old_citations": {"2006": 0}, "isVisible": false}, "2779969981": {"name": "owen j eslinger", "type": "author", "activity": 14, "h_index": 2, "h5_index": 0, "mag_id": "2779969981", "num_publications": 1, "num_citations": 1, "num_publications_5y": 0, "num_citations_5y": 0, "num_publications_10y": 0, "num_citations_10y": 0, "publications_years": {"2006": 1}, "citations_years": {"2007": 1}, "old_citations": {"2006": 1}, "isVisible": false}, "2809705346": {"name": "corey shum", "type": "author", "activity": 1, "h_index": 0, "h5_index": 0, "mag_id": "2809705346", "num_publications": 1, "num_citations": 0, "num_publications_5y": 0, "num_citations_5y": 0, "num_publications_10y": 0, "num_citations_10y": 0, "publications_years": {"2006": 1}, "citations_years": {}, "old_citations": {"2006": 0}, "isVisible": false}, "2816691287": {"name": "dan campbell", "type": "author", "activity": 14, "h_index": 5, "h5_index": 0, "mag_id": "2816691287", "num_publications": 1, "num_citations": 5, "num_publications_5y": 0, "num_citations_5y": 2, "num_publications_10y": 0, "num_citations_10y": 5, "publications_years": {"2006": 1}, "citations_years": {"2009": 2, "2010": 0, "2011": 1, "2012": 0, "2013": 0, "2014": 1, "2015": 0, "2016": 1}, "old_citations": {"2006": 5}, "isVisible": false}, "2955614829": {"name": "ralph w noack", "type": "author", "activity": 1, "h_index": 0, "h5_index": 0, "mag_id": "2955614829", "num_publications": 1, "num_citations": 0, "num_publications_5y": 0, "num_citations_5y": 0, "num_publications_10y": 0, "num_citations_10y": 0, "publications_years": {"2006": 1}, "citations_years": {}, "old_citations": {"2006": 0}, "isVisible": false}, "2971358503": {"name": "james w fischer", "type": "author", "activity": 1, "h_index": 1, "h5_index": 0, "mag_id": "2971358503", "num_publications": 1, "num_citations": 3, "num_publications_5y": 0, "num_citations_5y": 1, "num_publications_10y": 0, "num_citations_10y": 2, "publications_years": {"2006": 1}, "citations_years": {"2007": 1, "2008": 0, "2009": 0, "2010": 0, "2011": 0, "2012": 0, "2013": 1, "2014": 1}, "old_citations": {"2006": 3}, "isVisible": false}, "2973239378": {"name": "mahin mahmoodi", "type": "author", "activity": 1, "h_index": 1, "h5_index": 0, "mag_id": "2973239378", "num_publications": 1, "num_citations": 3, "num_publications_5y": 0, "num_citations_5y": 0, "num_publications_10y": 0, "num_citations_10y": 2, "publications_years": {"2006": 1}, "citations_years": {"2007": 1, "2008": 0, "2009": 0, "2010": 1, "2011": 1}, "old_citations": {"2006": 3}, "isVisible": false}, "2973381430": {"name": "david richie", "type": "author", "activity": 1, "h_index": 1, "h5_index": 0, "mag_id": "2973381430", "num_publications": 1, "num_citations": 3, "num_publications_5y": 0, "num_citations_5y": 1, "num_publications_10y": 0, "num_citations_10y": 2, "publications_years": {"2006": 1}, "citations_years": {"2007": 1, "2008": 0, "2009": 0, "2010": 0, "2011": 0, "2012": 0, "2013": 1, "2014": 1}, "old_citations": {"2006": 3}, "isVisible": false}, "2973477574": {"name": "steven r thompson", "type": "author", "activity": 1, "h_index": 0, "h5_index": 0, "mag_id": "2973477574", "num_publications": 1, "num_citations": 0, "num_publications_5y": 0, "num_citations_5y": 0, "num_publications_10y": 0, "num_citations_10y": 0, "publications_years": {"2006": 1}, "citations_years": {}, "old_citations": {"2006": 0}, "isVisible": false}, "2973727767": {"name": "g petit", "type": "author", "activity": 1, "h_index": 1, "h5_index": 0, "mag_id": "2973727767", "num_publications": 1, "num_citations": 1, "num_publications_5y": 0, "num_citations_5y": 0, "num_publications_10y": 0, "num_citations_10y": 0, "publications_years": {"2006": 1}, "citations_years": {"2006": 1}, "old_citations": {"2006": 1}, "isVisible": false}, "2974849148": {"name": "a purkayastha", "type": "author", "activity": 1, "h_index": 1, "h5_index": 0, "mag_id": "2974849148", "num_publications": 1, "num_citations": 12, "num_publications_5y": 0, "num_citations_5y": 2, "num_publications_10y": 0, "num_citations_10y": 7, "publications_years": {"2005": 1}, "citations_years": {"2007": 3, "2008": 2, "2009": 2, "2010": 2, "2011": 1, "2012": 0, "2013": 0, "2014": 1, "2015": 0, "2016": 0, "2017": 1}, "old_citations": {"2005": 12}, "isVisible": false}, "2974891531": {"name": "m g aguilera", "type": "author", "activity": 1, "h_index": 1, "h5_index": 0, "mag_id": "2974891531", "num_publications": 1, "num_citations": 12, "num_publications_5y": 0, "num_citations_5y": 2, "num_publications_10y": 0, "num_citations_10y": 7, "publications_years": {"2005": 1}, "citations_years": {"2007": 3, "2008": 2, "2009": 2, "2010": 2, "2011": 1, "2012": 0, "2013": 0, "2014": 1, "2015": 0, "2016": 0, "2017": 1}, "old_citations": {"2005": 12}, "isVisible": false}, "2976472984": {"name": "christine deane", "type": "author", "activity": 1, "h_index": 1, "h5_index": 0, "mag_id": "2976472984", "num_publications": 1, "num_citations": 318, "num_publications_5y": 0, "num_citations_5y": 170, "num_publications_10y": 0, "num_citations_10y": 252, "publications_years": {"1999": 1}, "citations_years": {"1999": 1, "2000": 1, "2001": 3, "2002": 2, "2003": 0, "2004": 4, "2005": 6, "2006": 9, "2007": 6, "2008": 10, "2009": 15, "2010": 12, "2011": 13, "2012": 25, "2013": 17, "2014": 35, "2015": 39, "2016": 32, "2017": 35, "2018": 29, "2019": 22, "2020": 2}, "old_citations": {"1999": 318}, "isVisible": false}, "2976848119": {"name": "george ho", "type": "author", "activity": 1, "h_index": 1, "h5_index": 0, "mag_id": "2976848119", "num_publications": 1, "num_citations": 318, "num_publications_5y": 0, "num_citations_5y": 170, "num_publications_10y": 0, "num_citations_10y": 252, "publications_years": {"1999": 1}, "citations_years": {"1999": 1, "2000": 1, "2001": 3, "2002": 2, "2003": 0, "2004": 4, "2005": 6, "2006": 9, "2007": 6, "2008": 10, "2009": 15, "2010": 12, "2011": 13, "2012": 25, "2013": 17, "2014": 35, "2015": 39, "2016": 32, "2017": 35, "2018": 29, "2019": 22, "2020": 2}, "old_citations": {"1999": 318}, "isVisible": false}, "2979048200": {"name": "vincent natoli", "type": "author", "activity": 4, "h_index": 1, "h5_index": 0, "mag_id": "2979048200", "num_publications": 1, "num_citations": 3, "num_publications_5y": 0, "num_citations_5y": 1, "num_publications_10y": 0, "num_citations_10y": 2, "publications_years": {"2006": 1}, "citations_years": {"2007": 1, "2008": 0, "2009": 0, "2010": 0, "2011": 0, "2012": 0, "2013": 1, "2014": 1}, "old_citations": {"2006": 3}, "isVisible": false}, "2979388774": {"name": "barry white", "type": "author", "activity": 4, "h_index": 1, "h5_index": 0, "mag_id": "2979388774", "num_publications": 1, "num_citations": 1, "num_publications_5y": 0, "num_citations_5y": 0, "num_publications_10y": 0, "num_citations_10y": 0, "publications_years": {"2006": 1}, "citations_years": {"2007": 1}, "old_citations": {"2006": 1}, "isVisible": false}, "2980329673": {"name": "sam b cable", "type": "author", "activity": 2, "h_index": 2, "h5_index": 0, "mag_id": "2980329673", "num_publications": 1, "num_citations": 3, "num_publications_5y": 0, "num_citations_5y": 0, "num_publications_10y": 0, "num_citations_10y": 2, "publications_years": {"2006": 1}, "citations_years": {"2007": 1, "2008": 0, "2009": 0, "2010": 1, "2011": 1}, "old_citations": {"2006": 3}, "isVisible": false}, "2981417286": {"name": "mark dillavou", "type": "author", "activity": 1, "h_index": 0, "h5_index": 0, "mag_id": "2981417286", "num_publications": 1, "num_citations": 0, "num_publications_5y": 0, "num_citations_5y": 0, "num_publications_10y": 0, "num_citations_10y": 0, "publications_years": {"2006": 1}, "citations_years": {}, "old_citations": {"2006": 0}, "isVisible": false}, "2986305503": {"name": "phil mucci", "type": "author", "activity": 1, "h_index": 1, "h5_index": 0, "mag_id": "2986305503", "num_publications": 1, "num_citations": 318, "num_publications_5y": 0, "num_citations_5y": 170, "num_publications_10y": 0, "num_citations_10y": 252, "publications_years": {"1999": 1}, "citations_years": {"1999": 1, "2000": 1, "2001": 3, "2002": 2, "2003": 0, "2004": 4, "2005": 6, "2006": 9, "2007": 6, "2008": 10, "2009": 15, "2010": 12, "2011": 13, "2012": 25, "2013": 17, "2014": 35, "2015": 39, "2016": 32, "2017": 35, "2018": 29, "2019": 22, "2020": 2}, "old_citations": {"1999": 318}, "isVisible": false}, "2987593565": {"name": "shirley browne", "type": "author", "activity": 1, "h_index": 1, "h5_index": 0, "mag_id": "2987593565", "num_publications": 1, "num_citations": 318, "num_publications_5y": 0, "num_citations_5y": 170, "num_publications_10y": 0, "num_citations_10y": 252, "publications_years": {"1999": 1}, "citations_years": {"1999": 1, "2000": 1, "2001": 3, "2002": 2, "2003": 0, "2004": 4, "2005": 6, "2006": 9, "2007": 6, "2008": 10, "2009": 15, "2010": 12, "2011": 13, "2012": 25, "2013": 17, "2014": 35, "2015": 39, "2016": 32, "2017": 35, "2018": 29, "2019": 22, "2020": 2}, "old_citations": {"1999": 318}, "isVisible": false}, "2999435509": {"name": "r liedel", "type": "author", "activity": 1, "h_index": 1, "h5_index": 0, "mag_id": "2999435509", "num_publications": 1, "num_citations": 2, "num_publications_5y": 0, "num_citations_5y": 0, "num_publications_10y": 0, "num_citations_10y": 2, "publications_years": {"2006": 1}, "citations_years": {"2010": 2}, "old_citations": {"2006": 2}, "isVisible": false}, "3003535917": {"name": "richard schumeyer", "type": "author", "activity": 1, "h_index": 0, "h5_index": 0, "mag_id": "3003535917", "num_publications": 1, "num_citations": 0, "num_publications_5y": 0, "num_citations_5y": 0, "num_publications_10y": 0, "num_citations_10y": 0, "publications_years": {"2006": 1}, "citations_years": {}, "old_citations": {"2006": 0}, "isVisible": false}, "3005713621": {"name": "rhonda", "type": "author", "activity": 1, "h_index": 1, "h5_index": 0, "mag_id": "3005713621", "num_publications": 1, "num_citations": 1, "num_publications_5y": 0, "num_citations_5y": 0, "num_publications_10y": 0, "num_citations_10y": 1, "publications_years": {"2006": 1}, "citations_years": {"2010": 1}, "old_citations": {"2006": 1}, "isVisible": false}, "3012598226": {"name": "f anthony eckel", "type": "author", "activity": 1, "h_index": 0, "h5_index": 0, "mag_id": "3012598226", "num_publications": 1, "num_citations": 0, "num_publications_5y": 0, "num_citations_5y": 0, "num_publications_10y": 0, "num_citations_10y": 0, "publications_years": {"2006": 1}, "citations_years": {}, "old_citations": {"2006": 0}, "isVisible": false}, "3013037979": {"name": "c l matson", "type": "author", "activity": 1, "h_index": 1, "h5_index": 0, "mag_id": "3013037979", "num_publications": 1, "num_citations": 3, "num_publications_5y": 0, "num_citations_5y": 1, "num_publications_10y": 0, "num_citations_10y": 2, "publications_years": {"2006": 1}, "citations_years": {"2008": 1, "2009": 1, "2010": 0, "2011": 0, "2012": 0, "2013": 0, "2014": 1}, "old_citations": {"2006": 3}, "isVisible": false}, "3013893528": {"name": "k borelli", "type": "author", "activity": 1, "h_index": 1, "h5_index": 0, "mag_id": "3013893528", "num_publications": 1, "num_citations": 3, "num_publications_5y": 0, "num_citations_5y": 1, "num_publications_10y": 0, "num_citations_10y": 2, "publications_years": {"2006": 1}, "citations_years": {"2008": 1, "2009": 1, "2010": 0, "2011": 0, "2012": 0, "2013": 0, "2014": 1}, "old_citations": {"2006": 3}, "isVisible": false}, "3014080463": {"name": "f t tracy", "type": "author", "activity": 1, "h_index": 1, "h5_index": 0, "mag_id": "3014080463", "num_publications": 1, "num_citations": 2, "num_publications_5y": 0, "num_citations_5y": 1, "num_publications_10y": 0, "num_citations_10y": 2, "publications_years": {"2006": 1}, "citations_years": {"2011": 1, "2012": 0, "2013": 0, "2014": 1}, "old_citations": {"2006": 2}, "isVisible": false}, "3012862420": {"name": "g kenneth", "type": "author", "activity": 1, "h_index": 1, "h5_index": 0, "mag_id": "3012862420", "num_publications": 1, "num_citations": 1, "num_publications_5y": 0, "num_citations_5y": 1, "num_publications_10y": 0, "num_citations_10y": 1, "publications_years": {"2006": 1}, "citations_years": {"2014": 1}, "old_citations": {"2006": 1}, "isVisible": false}}, "countries": {"United States": {"name": "United States", "type": "country", "h5_index": 308, "num_publications": 26, "num_citations": 123, "num_publications_5y": 0, "num_citations_5y": 26, "num_publications_10y": 0, "num_citations_10y": 83, "publications_years": {"2006": 22, "2005": 4}, "citations_years": {"2014": 11, "2008": 21, "2009": 13, "2010": 14, "2011": 7, "2012": 14, "2013": 9, "2007": 11, "2015": 5, "2016": 3, "2006": 4, "2017": 4, "2018": 3, "2019": 3, "2005": 1}, "old_citations": {"2006": 71, "2005": 52}, "isVisible": false}}}, "conference_comparison": {"computer science": {}}, "topics_dna": {"publications": {}, "citations": {"normalized": {}, "average": {}}}, "info": {"num_publications": 35, "num_citations": 457.0, "impact_factor": {"2001": 3.0, "2002": 0, "2003": 0, "2004": 0, "2005": 0, "2006": 0.25}, "publications_years": {"2006": 30, "2005": 4, "1999": 1}, "citations_years": {"1999": 1, "2000": 1, "2001": 3, "2002": 2, "2003": 0, "2004": 4, "2005": 7, "2006": 13, "2007": 18, "2008": 33, "2009": 30, "2010": 28, "2011": 23, "2012": 39, "2013": 27, "2014": 50, "2015": 44, "2016": 36, "2017": 39, "2018": 32, "2019": 25, "2020": 2}, "old_citations": {"2006": 87, "2005": 52, "1999": 318}, "h5_index": 0}, "percentile": {"computer science": {"2006": 70, "2005": 87, "1999": 99}}, "conference_ranking": {"computer science": {"2006": 1263, "2005": 552, "1999": 4}}, "academia": {"num_publications": 7, "num_citations": 20, "publications_years": {"2005": 2, "2006": 5}, "old_citations": {"2005": 15, "2006": 5}, "num_publications_5y": 0, "num_citations_5y": 0, "num_publications_10y": 0, "num_citations_10y": 0}, "industry": {"num_publications": 0, "num_citations": 0, "publications_years": {}, "old_citations": {}, "num_publications_5y": 0, "num_citations_5y": 0, "num_publications_10y": 0, "num_citations_10y": 0}, "collaborative": {"num_publications": 1, "num_citations": 0, "publications_years": {"2006": 1}, "old_citations": {"2006": 0}, "num_publications_5y": 0, "num_citations_5y": 0, "num_publications_10y": 0, "num_citations_10y": 0}, "conferences": {}, "journals": {}, "organizations": {"publication_overall": ["United States Air Force Research Laboratory", "Engineer Research and Development Center", "Massachusetts Institute of Technology", "Ohio Supercomputer Center", "University of Tennessee at Knoxville", "Mississippi State University", "The University of Texas at Austin", "The University of Texas at El Paso", "United States Army Research Laboratory", "Aerospace Testing Alliance (United States)", "Air Force Institute of Technology", "Oak Ridge National Laboratory", "Sandia National Laboratories California", "United States Naval Research Laboratory", "University of Alabama at Birmingham", "University of Arizona"], "citation_overall": ["Massachusetts Institute of Technology", "Ohio Supercomputer Center", "United States Air Force Research Laboratory", "University of Tennessee at Knoxville", "The University of Texas at Austin", "The University of Texas at El Paso", "United States Naval Research Laboratory", "Oak Ridge National Laboratory", "Engineer Research and Development Center", "University of Arizona", "Air Force Institute of Technology", "Mississippi State University", "United States Army Research Laboratory", "Aerospace Testing Alliance (United States)", "Sandia National Laboratories California", "University of Alabama at Birmingham"], "publication_10_years": [], "citation_10_years": [], "publication_5_years": [], "citation_5_years": []}, "countries": {"publication_overall": ["United States"], "citation_overall": ["United States"], "publication_10_years": [], "citation_10_years": [], "publication_5_years": [], "citation_5_years": []}, "topics": {"publication_overall": ["computer science", "computer systems", "computer hardware", "distributed computer systems", "distributed systems", "parallel processing systems", "parallel architectures", "microprocessor chips", "program processors", "telecommunication systems", "computer networks", "engineering", "mathematics", "computer imaging and vision", "computer programming", "computer programming languages", "image processing", "telecommunication networks", "communication systems", "signal processing"], "citation_overall": ["computer science", "computer systems", "computer hardware", "telecommunication systems", "computer networks", "communication systems", "wireless telecommunication systems", "telecommunication networks", "data communication systems", "communication channels (information theory)", "human computer interaction", "user interfaces", "mobile computing", "mobile devices", "hand held computers", "handheld", "mobile telecommunication systems", "personal digital assistants", "portable device", "portable equipment"], "publication_10_years": [], "citation_10_years": [], "publication_5_years": [], "citation_5_years": []}, "main_topics": ["computer science"], "authors": {"publication_overall": ["2123169670", "2794997641", "1715058840", "2107467388", "2139018926", "2175144583", "2268771539", "2303337397", "2619334650", "2158446791", "2164716478", "618576870", "1902401367", "1974381276", "2136907378", "2225980853", "3008879474", "161218164", "1840790685", "1979490770", "2008784867", "2014403098", "2016214942", "2020288819", "2025709468", "2043603596", "2048866559", "2052544854", "2075327668", "2077550990", "2079969273", "2096509916", "2103464605", "2104769146", "2106021137", "2106294488", "2109039611", "2116316360", "2129974945", "2133633478", "2135105013", "2135379901", "2137151724", "2137260450", "2138695045", "2140591974", "2140751034", "2141117898", "2149482068", "2156718839", "2158746465", "2164600836", "2165234532", "2176533867", "2182435301", "2226877556", "2230333684", "2240316755", "2243539197", "2273243917", "2312907319", "2431076346", "2466846502", "2468732989", "2560435385", "2560695075", "2569061176", "2569740451", "2570822189", "2610910191", "2645256590", "2662903522", "2668575516", "2688669959", "2690716002", "2699811608", "2714638872", "2779969981", "2809705346", "2816691287", "2955614829", "2971358503", "2973239378", "2973381430", "2973477574", "2973727767", "2974849148", "2974891531", "2976472984", "2976848119", "2979048200", "2979388774", "2980329673", "2981417286", "2986305503", "2987593565", "2999435509", "3003535917", "3005713621", "3012598226"], "citation_overall": ["2976472984", "2976848119", "2986305503", "2987593565", "1974381276", "2136907378", "2123169670", "2794997641", "1715058840", "2107467388", "2139018926", "2175144583", "2268771539", "2303337397", "2619334650", "2096509916", "2138695045", "2312907319", "2466846502", "2560435385", "161218164", "2020288819", "2077550990", "2164600836", "2273243917", "2158446791", "2164716478", "618576870", "2225980853", "2230333684", "2974849148", "2974891531", "3008879474", "2075327668", "2104769146", "2140591974", "2431076346", "1902401367", "2106294488", "2158746465", "2165234532", "2133633478", "2141117898", "2816691287", "1840790685", "2008784867", "2014403098", "2016214942", "2025709468", "2103464605", "2109039611", "2135379901", "2137151724", "2182435301", "2243539197", "2468732989", "2971358503", "2973239378", "2973381430", "2979048200", "2980329673", "3013037979", "3013893528", "2129974945", "2135105013", "2156718839", "2240316755", "2645256590", "2688669959", "2999435509", "3014080463", "2048866559", "2052544854", "2079969273", "2149482068", "2176533867", "2226877556", "2690716002", "2699811608", "2779969981", "2973727767", "2979388774", "3005713621", "3012862420", "1979490770", "2043603596", "2106021137", "2116316360", "2137260450", "2140751034", "2560695075", "2569061176", "2569740451", "2570822189", "2610910191", "2662903522", "2668575516", "2714638872", "2809705346", "2955614829"], "publication_10_years": [], "citation_10_years": [], "publication_5_years": [], "citation_5_years": []}, "industrial_sectors": {"publication_overall": [], "citation_overall": [], "publication_10_years": [], "citation_10_years": [], "publication_5_years": [], "citation_5_years": []}}