{"name": "ACIS International Symposium on Cryptography, and Network Security, Data Mining and Knowledge Discovery, E-Commerce and Its Applications, and Embedded Systems", "acronym": "CDEE", "type": "conference", "uniqueEntities": {"organizations": {"Yanshan University": {"name": "Yanshan University", "type": "organization", "organization_type": "Education", "h_index": 38, "h5_index": 19, "num_publications": 4, "num_citations": 2, "num_publications_5y": 0, "num_citations_5y": 2, "num_publications_10y": 4, "num_citations_10y": 2, "publications_years": {"2010": 4}, "citations_years": {"2016": 2}, "old_citations": {"2010": 2}, "isVisible": false}, "Hebei Normal University of Science and Technology": {"name": "Hebei Normal University of Science and Technology", "type": "organization", "organization_type": "Education", "h_index": 8, "h5_index": 3, "num_publications": 3, "num_citations": 3, "num_publications_5y": 0, "num_citations_5y": 1, "num_publications_10y": 3, "num_citations_10y": 2, "publications_years": {"2010": 3}, "citations_years": {"2013": 1, "2014": 0, "2015": 1, "2016": 0, "2017": 0, "2018": 0, "2019": 0, "2020": 1}, "old_citations": {"2010": 3}, "isVisible": false}, "Hebei Normal University": {"name": "Hebei Normal University", "type": "organization", "organization_type": "Education", "h_index": 16, "h5_index": 7, "num_publications": 2, "num_citations": 0, "num_publications_5y": 0, "num_citations_5y": 0, "num_publications_10y": 2, "num_citations_10y": 0, "publications_years": {"2010": 2}, "citations_years": {}, "old_citations": {"2010": 0}, "isVisible": false}, "Xi\u2019an Jiaotong-Liverpool University": {"name": "Xi\u2019an Jiaotong-Liverpool University", "type": "organization", "organization_type": "Education", "h_index": 35, "h5_index": 25, "num_publications": 2, "num_citations": 24, "num_publications_5y": 0, "num_citations_5y": 10, "num_publications_10y": 2, "num_citations_10y": 24, "publications_years": {"2010": 2}, "citations_years": {"2010": 1, "2011": 2, "2012": 5, "2013": 6, "2014": 7, "2015": 0, "2016": 0, "2017": 3}, "old_citations": {"2010": 24}, "isVisible": false}, "Agency for Science, Technology and Research": {"name": "Agency for Science, Technology and Research", "type": "organization", "organization_type": "Government", "h_index": 84, "h5_index": 37, "num_publications": 1, "num_citations": 0, "num_publications_5y": 0, "num_citations_5y": 0, "num_publications_10y": 1, "num_citations_10y": 0, "publications_years": {"2010": 1}, "citations_years": {}, "old_citations": {"2010": 0}, "isVisible": false}, "Beijing Institute of Technology": {"name": "Beijing Institute of Technology", "type": "organization", "organization_type": "Education", "h_index": 76, "h5_index": 53, "num_publications": 1, "num_citations": 1, "num_publications_5y": 0, "num_citations_5y": 1, "num_publications_10y": 1, "num_citations_10y": 1, "publications_years": {"2010": 1}, "citations_years": {"2016": 1}, "old_citations": {"2010": 1}, "isVisible": false}, "Beijing Normal University": {"name": "Beijing Normal University", "type": "organization", "organization_type": "Education", "h_index": 55, "h5_index": 25, "num_publications": 1, "num_citations": 0, "num_publications_5y": 0, "num_citations_5y": 0, "num_publications_10y": 1, "num_citations_10y": 0, "publications_years": {"2010": 1}, "citations_years": {}, "old_citations": {"2010": 0}, "isVisible": false}, "Chongqing University": {"name": "Chongqing University", "type": "organization", "organization_type": "Education", "h_index": 68, "h5_index": 42, "num_publications": 1, "num_citations": 0, "num_publications_5y": 0, "num_citations_5y": 0, "num_publications_10y": 1, "num_citations_10y": 0, "publications_years": {"2010": 1}, "citations_years": {}, "old_citations": {"2010": 0}, "isVisible": false}, "Fujian Normal University": {"name": "Fujian Normal University", "type": "organization", "organization_type": "Education", "h_index": 41, "h5_index": 28, "num_publications": 1, "num_citations": 0, "num_publications_5y": 0, "num_citations_5y": 0, "num_publications_10y": 1, "num_citations_10y": 0, "publications_years": {"2010": 1}, "citations_years": {}, "old_citations": {"2010": 0}, "isVisible": false}, "Hebei GEO University": {"name": "Hebei GEO University", "type": "organization", "organization_type": "Education", "h_index": 8, "h5_index": 4, "num_publications": 1, "num_citations": 0, "num_publications_5y": 0, "num_citations_5y": 0, "num_publications_10y": 1, "num_citations_10y": 0, "publications_years": {"2010": 1}, "citations_years": {}, "old_citations": {"2010": 0}, "isVisible": false}, "Hebei University of Engineering": {"name": "Hebei University of Engineering", "type": "organization", "organization_type": "Education", "h_index": 18, "h5_index": 6, "num_publications": 1, "num_citations": 1, "num_publications_5y": 0, "num_citations_5y": 1, "num_publications_10y": 1, "num_citations_10y": 1, "publications_years": {"2010": 1}, "citations_years": {"2018": 1}, "old_citations": {"2010": 1}, "isVisible": false}, "Hunan University of Arts and Science": {"name": "Hunan University of Arts and Science", "type": "organization", "organization_type": "Education", "h_index": 8, "h5_index": 2, "num_publications": 1, "num_citations": 2, "num_publications_5y": 0, "num_citations_5y": 1, "num_publications_10y": 1, "num_citations_10y": 2, "publications_years": {"2010": 1}, "citations_years": {"2012": 1, "2013": 0, "2014": 1}, "old_citations": {"2010": 2}, "isVisible": false}, "Jiangsu University": {"name": "Jiangsu University", "type": "organization", "organization_type": "Education", "h_index": 39, "h5_index": 25, "num_publications": 1, "num_citations": 1, "num_publications_5y": 0, "num_citations_5y": 1, "num_publications_10y": 1, "num_citations_10y": 1, "publications_years": {"2010": 1}, "citations_years": {"2016": 1}, "old_citations": {"2010": 1}, "isVisible": false}, "KU Leuven": {"name": "KU Leuven", "type": "organization", "organization_type": "Education", "h_index": 183, "h5_index": 52, "num_publications": 1, "num_citations": 11, "num_publications_5y": 0, "num_citations_5y": 9, "num_publications_10y": 1, "num_citations_10y": 11, "publications_years": {"2010": 1}, "citations_years": {"2011": 1, "2012": 1, "2013": 0, "2014": 3, "2015": 3, "2016": 2, "2017": 0, "2018": 1}, "old_citations": {"2010": 11}, "isVisible": false}, "Lanzhou University": {"name": "Lanzhou University", "type": "organization", "organization_type": "Education", "h_index": 36, "h5_index": 23, "num_publications": 1, "num_citations": 1, "num_publications_5y": 0, "num_citations_5y": 0, "num_publications_10y": 1, "num_citations_10y": 1, "publications_years": {"2010": 1}, "citations_years": {"2012": 1}, "old_citations": {"2010": 1}, "isVisible": false}, "Liaocheng University": {"name": "Liaocheng University", "type": "organization", "organization_type": "Education", "h_index": 28, "h5_index": 15, "num_publications": 1, "num_citations": 2, "num_publications_5y": 0, "num_citations_5y": 2, "num_publications_10y": 1, "num_citations_10y": 2, "publications_years": {"2010": 1}, "citations_years": {"2017": 2}, "old_citations": {"2010": 2}, "isVisible": false}, "Murdoch University": {"name": "Murdoch University", "type": "organization", "organization_type": "Education", "h_index": 39, "h5_index": 14, "num_publications": 1, "num_citations": 24, "num_publications_5y": 0, "num_citations_5y": 10, "num_publications_10y": 1, "num_citations_10y": 24, "publications_years": {"2010": 1}, "citations_years": {"2010": 1, "2011": 2, "2012": 5, "2013": 6, "2014": 7, "2015": 0, "2016": 0, "2017": 3}, "old_citations": {"2010": 24}, "isVisible": false}, "Nanjing University of Science and Technology": {"name": "Nanjing University of Science and Technology", "type": "organization", "organization_type": "Education", "h_index": 71, "h5_index": 44, "num_publications": 1, "num_citations": 2, "num_publications_5y": 0, "num_citations_5y": 1, "num_publications_10y": 1, "num_citations_10y": 2, "publications_years": {"2010": 1}, "citations_years": {"2009": 1, "2010": 0, "2011": 0, "2012": 0, "2013": 0, "2014": 0, "2015": 0, "2016": 0, "2017": 1}, "old_citations": {"2010": 2}, "isVisible": false}, "Qingdao University of Science and Technology": {"name": "Qingdao University of Science and Technology", "type": "organization", "organization_type": "Education", "h_index": 22, "h5_index": 13, "num_publications": 1, "num_citations": 1, "num_publications_5y": 0, "num_citations_5y": 0, "num_publications_10y": 1, "num_citations_10y": 1, "publications_years": {"2010": 1}, "citations_years": {"2011": 1}, "old_citations": {"2010": 1}, "isVisible": false}, "Qufu Normal University": {"name": "Qufu Normal University", "type": "organization", "organization_type": "Education", "h_index": 33, "h5_index": 27, "num_publications": 1, "num_citations": 4, "num_publications_5y": 0, "num_citations_5y": 2, "num_publications_10y": 1, "num_citations_10y": 3, "publications_years": {"2010": 1}, "citations_years": {"2013": 1, "2014": 1, "2015": 1, "2016": 0, "2017": 0, "2018": 0, "2019": 1}, "old_citations": {"2010": 4}, "isVisible": false}, "Shandong University": {"name": "Shandong University", "type": "organization", "organization_type": "Education", "h_index": 68, "h5_index": 38, "num_publications": 1, "num_citations": 2, "num_publications_5y": 0, "num_citations_5y": 1, "num_publications_10y": 1, "num_citations_10y": 2, "publications_years": {"2010": 1}, "citations_years": {"2013": 1, "2014": 0, "2015": 0, "2016": 0, "2017": 1}, "old_citations": {"2010": 2}, "isVisible": false}, "Shanghai Normal University": {"name": "Shanghai Normal University", "type": "organization", "organization_type": "Education", "h_index": 20, "h5_index": 8, "num_publications": 1, "num_citations": 0, "num_publications_5y": 0, "num_citations_5y": 0, "num_publications_10y": 1, "num_citations_10y": 0, "publications_years": {"2010": 1}, "citations_years": {}, "old_citations": {"2010": 0}, "isVisible": false}, "Shanghai University of International Business and Economics": {"name": "Shanghai University of International Business and Economics", "type": "organization", "organization_type": "Education", "h_index": 6, "h5_index": 4, "num_publications": 1, "num_citations": 0, "num_publications_5y": 0, "num_citations_5y": 0, "num_publications_10y": 1, "num_citations_10y": 0, "publications_years": {"2010": 1}, "citations_years": {}, "old_citations": {"2010": 0}, "isVisible": false}, "Universidade de S\u00e3o Paulo": {"name": "Universidade de S\u00e3o Paulo", "type": "organization", "organization_type": "Education", "h_index": 82, "h5_index": 29, "num_publications": 1, "num_citations": 11, "num_publications_5y": 0, "num_citations_5y": 9, "num_publications_10y": 1, "num_citations_10y": 11, "publications_years": {"2010": 1}, "citations_years": {"2011": 1, "2012": 1, "2013": 0, "2014": 3, "2015": 3, "2016": 2, "2017": 0, "2018": 1}, "old_citations": {"2010": 11}, "isVisible": false}, "Weifang University": {"name": "Weifang University", "type": "organization", "organization_type": "Education", "h_index": 13, "h5_index": 8, "num_publications": 1, "num_citations": 4, "num_publications_5y": 0, "num_citations_5y": 2, "num_publications_10y": 1, "num_citations_10y": 3, "publications_years": {"2010": 1}, "citations_years": {"2013": 1, "2014": 1, "2015": 1, "2016": 0, "2017": 0, "2018": 0, "2019": 1}, "old_citations": {"2010": 4}, "isVisible": false}, "Zhejiang Gongshang University": {"name": "Zhejiang Gongshang University", "type": "organization", "organization_type": "Education", "h_index": 41, "h5_index": 18, "num_publications": 1, "num_citations": 0, "num_publications_5y": 0, "num_citations_5y": 0, "num_publications_10y": 1, "num_citations_10y": 0, "publications_years": {"2010": 1}, "citations_years": {}, "old_citations": {"2010": 0}, "isVisible": false}, "Zhejiang University of Technology": {"name": "Zhejiang University of Technology", "type": "organization", "organization_type": "Education", "h_index": 45, "h5_index": 30, "num_publications": 1, "num_citations": 0, "num_publications_5y": 0, "num_citations_5y": 0, "num_publications_10y": 1, "num_citations_10y": 0, "publications_years": {"2010": 1}, "citations_years": {}, "old_citations": {"2010": 0}, "isVisible": false}}, "topics": {"computer science": {"name": "computer science", "type": "topic", "h_index": 1779, "h5_index": 416, "num_publications": 45, "num_citations": 103, "num_publications_5y": 0, "num_citations_5y": 55, "num_publications_10y": 45, "num_citations_10y": 101, "publications_years": {"2010": 45}, "citations_years": {"2011": 5, "2018": 4, "2012": 23, "2013": 16, "2014": 22, "2015": 13, "2016": 7, "2017": 9, "2010": 1, "2019": 1, "2009": 1, "2020": 1}, "old_citations": {"2010": 103}, "isVisible": false}, "computer systems": {"name": "computer systems", "type": "topic", "h_index": 1595, "h5_index": 367, "num_publications": 35, "num_citations": 100, "num_publications_5y": 0, "num_citations_5y": 53, "num_publications_10y": 35, "num_citations_10y": 98, "publications_years": {"2010": 35}, "citations_years": {"2011": 4, "2012": 23, "2013": 16, "2014": 22, "2015": 13, "2016": 7, "2017": 8, "2018": 3, "2010": 1, "2019": 1, "2009": 1, "2020": 1}, "old_citations": {"2010": 100}, "isVisible": false}, "artificial intelligence": {"name": "artificial intelligence", "type": "topic", "h_index": 1421, "h5_index": 373, "num_publications": 26, "num_citations": 80, "num_publications_5y": 0, "num_citations_5y": 40, "num_publications_10y": 26, "num_citations_10y": 79, "publications_years": {"2010": 26}, "citations_years": {"2011": 4, "2018": 3, "2012": 21, "2013": 13, "2014": 17, "2015": 9, "2016": 4, "2017": 7, "2010": 1, "2019": 0, "2020": 1}, "old_citations": {"2010": 80}, "isVisible": false}, "computer networks": {"name": "computer networks", "type": "topic", "h_index": 1262, "h5_index": 332, "num_publications": 23, "num_citations": 87, "num_publications_5y": 0, "num_citations_5y": 45, "num_publications_10y": 23, "num_citations_10y": 86, "publications_years": {"2010": 23}, "citations_years": {"2011": 4, "2012": 21, "2013": 14, "2014": 20, "2015": 11, "2016": 5, "2017": 8, "2018": 1, "2010": 1, "2019": 1, "2009": 1}, "old_citations": {"2010": 87}, "isVisible": false}, "mathematics": {"name": "mathematics", "type": "topic", "h_index": 1364, "h5_index": 300, "num_publications": 20, "num_citations": 33, "num_publications_5y": 0, "num_citations_5y": 17, "num_publications_10y": 20, "num_citations_10y": 32, "publications_years": {"2010": 20}, "citations_years": {"2011": 2, "2012": 10, "2013": 3, "2014": 6, "2015": 4, "2016": 3, "2017": 4, "2018": 0, "2019": 0, "2020": 1}, "old_citations": {"2010": 33}, "isVisible": false}, "telecommunication systems": {"name": "telecommunication systems", "type": "topic", "h_index": 1187, "h5_index": 277, "num_publications": 19, "num_citations": 85, "num_publications_5y": 0, "num_citations_5y": 44, "num_publications_10y": 19, "num_citations_10y": 84, "publications_years": {"2010": 19}, "citations_years": {"2011": 4, "2012": 20, "2013": 14, "2014": 19, "2015": 11, "2016": 5, "2017": 8, "2018": 1, "2010": 1, "2019": 1, "2009": 1}, "old_citations": {"2010": 85}, "isVisible": false}, "communication systems": {"name": "communication systems", "type": "topic", "h_index": 1092, "h5_index": 254, "num_publications": 15, "num_citations": 80, "num_publications_5y": 0, "num_citations_5y": 41, "num_publications_10y": 15, "num_citations_10y": 80, "publications_years": {"2010": 15}, "citations_years": {"2011": 4, "2012": 20, "2013": 13, "2014": 18, "2015": 9, "2016": 5, "2017": 8, "2018": 1, "2010": 1, "2009": 1}, "old_citations": {"2010": 80}, "isVisible": false}, "wireless telecommunication systems": {"name": "wireless telecommunication systems", "type": "topic", "h_index": 1087, "h5_index": 254, "num_publications": 15, "num_citations": 80, "num_publications_5y": 0, "num_citations_5y": 41, "num_publications_10y": 15, "num_citations_10y": 80, "publications_years": {"2010": 15}, "citations_years": {"2011": 4, "2012": 20, "2013": 13, "2014": 18, "2015": 9, "2016": 5, "2017": 8, "2018": 1, "2010": 1, "2009": 1}, "old_citations": {"2010": 80}, "isVisible": false}, "computer hardware": {"name": "computer hardware", "type": "topic", "h_index": 1150, "h5_index": 279, "num_publications": 14, "num_citations": 54, "num_publications_5y": 0, "num_citations_5y": 29, "num_publications_10y": 14, "num_citations_10y": 52, "publications_years": {"2010": 14}, "citations_years": {"2011": 4, "2012": 8, "2013": 9, "2014": 14, "2015": 6, "2016": 2, "2017": 4, "2018": 3, "2010": 1, "2019": 1, "2009": 1, "2020": 1}, "old_citations": {"2010": 54}, "isVisible": false}, "computer security": {"name": "computer security", "type": "topic", "h_index": 977, "h5_index": 220, "num_publications": 14, "num_citations": 37, "num_publications_5y": 0, "num_citations_5y": 19, "num_publications_10y": 14, "num_citations_10y": 37, "publications_years": {"2010": 14}, "citations_years": {"2011": 2, "2012": 13, "2013": 3, "2014": 9, "2015": 3, "2016": 2, "2017": 3, "2018": 2}, "old_citations": {"2010": 37}, "isVisible": false}, "engineering": {"name": "engineering", "type": "topic", "h_index": 1177, "h5_index": 287, "num_publications": 14, "num_citations": 77, "num_publications_5y": 0, "num_citations_5y": 38, "num_publications_10y": 14, "num_citations_10y": 77, "publications_years": {"2010": 14}, "citations_years": {"2011": 4, "2012": 21, "2013": 12, "2014": 16, "2015": 9, "2016": 5, "2017": 5, "2018": 3, "2010": 1, "2009": 1}, "old_citations": {"2010": 77}, "isVisible": false}, "telecommunication networks": {"name": "telecommunication networks", "type": "topic", "h_index": 1116, "h5_index": 258, "num_publications": 14, "num_citations": 60, "num_publications_5y": 0, "num_citations_5y": 32, "num_publications_10y": 14, "num_citations_10y": 59, "publications_years": {"2010": 14}, "citations_years": {"2011": 3, "2012": 10, "2013": 12, "2014": 13, "2015": 9, "2016": 2, "2017": 7, "2018": 1, "2010": 1, "2019": 1, "2009": 1}, "old_citations": {"2010": 60}, "isVisible": false}, "security of data": {"name": "security of data", "type": "topic", "h_index": 883, "h5_index": 199, "num_publications": 13, "num_citations": 36, "num_publications_5y": 0, "num_citations_5y": 19, "num_publications_10y": 13, "num_citations_10y": 36, "publications_years": {"2010": 13}, "citations_years": {"2012": 13, "2013": 3, "2014": 9, "2015": 3, "2016": 2, "2017": 3, "2018": 2, "2011": 1}, "old_citations": {"2010": 36}, "isVisible": false}, "database systems": {"name": "database systems", "type": "topic", "h_index": 1167, "h5_index": 276, "num_publications": 12, "num_citations": 41, "num_publications_5y": 0, "num_citations_5y": 18, "num_publications_10y": 12, "num_citations_10y": 41, "publications_years": {"2010": 12}, "citations_years": {"2010": 1, "2011": 2, "2012": 10, "2013": 10, "2014": 9, "2015": 4, "2016": 2, "2017": 3}, "old_citations": {"2010": 41}, "isVisible": false}, "software engineering": {"name": "software engineering", "type": "topic", "h_index": 964, "h5_index": 236, "num_publications": 12, "num_citations": 47, "num_publications_5y": 0, "num_citations_5y": 27, "num_publications_10y": 12, "num_citations_10y": 47, "publications_years": {"2010": 12}, "citations_years": {"2011": 3, "2012": 7, "2013": 8, "2014": 12, "2015": 5, "2016": 2, "2017": 5, "2018": 3, "2010": 1, "2009": 1}, "old_citations": {"2010": 47}, "isVisible": false}, "distributed computer systems": {"name": "distributed computer systems", "type": "topic", "h_index": 985, "h5_index": 228, "num_publications": 11, "num_citations": 48, "num_publications_5y": 0, "num_citations_5y": 24, "num_publications_10y": 11, "num_citations_10y": 48, "publications_years": {"2010": 11}, "citations_years": {"2010": 1, "2011": 2, "2012": 10, "2013": 10, "2014": 14, "2015": 5, "2016": 1, "2017": 4, "2009": 1}, "old_citations": {"2010": 48}, "isVisible": false}, "computer programming": {"name": "computer programming", "type": "topic", "h_index": 873, "h5_index": 186, "num_publications": 10, "num_citations": 54, "num_publications_5y": 0, "num_citations_5y": 33, "num_publications_10y": 10, "num_citations_10y": 53, "publications_years": {"2010": 10}, "citations_years": {"2018": 4, "2011": 3, "2012": 7, "2013": 8, "2014": 17, "2015": 6, "2016": 2, "2017": 4, "2010": 1, "2019": 1, "2009": 1}, "old_citations": {"2010": 54}, "isVisible": false}, "correlation analysis": {"name": "correlation analysis", "type": "topic", "h_index": 1044, "h5_index": 224, "num_publications": 10, "num_citations": 9, "num_publications_5y": 0, "num_citations_5y": 6, "num_publications_10y": 10, "num_citations_10y": 8, "publications_years": {"2010": 10}, "citations_years": {"2011": 1, "2017": 3, "2016": 1, "2013": 1, "2014": 0, "2015": 2, "2018": 0, "2019": 0, "2020": 1}, "old_citations": {"2010": 9}, "isVisible": false}, "cryptography": {"name": "cryptography", "type": "topic", "h_index": 761, "h5_index": 179, "num_publications": 10, "num_citations": 29, "num_publications_5y": 0, "num_citations_5y": 14, "num_publications_10y": 10, "num_citations_10y": 29, "publications_years": {"2010": 10}, "citations_years": {"2011": 1, "2012": 12, "2013": 2, "2014": 7, "2015": 2, "2016": 2, "2017": 3}, "old_citations": {"2010": 29}, "isVisible": false}, "cryptology": {"name": "cryptology", "type": "topic", "h_index": 761, "h5_index": 179, "num_publications": 10, "num_citations": 29, "num_publications_5y": 0, "num_citations_5y": 14, "num_publications_10y": 10, "num_citations_10y": 29, "publications_years": {"2010": 10}, "citations_years": {"2011": 1, "2012": 12, "2013": 2, "2014": 7, "2015": 2, "2016": 2, "2017": 3}, "old_citations": {"2010": 29}, "isVisible": false}, "telecommunication traffic": {"name": "telecommunication traffic", "type": "topic", "h_index": 1036, "h5_index": 233, "num_publications": 10, "num_citations": 50, "num_publications_5y": 0, "num_citations_5y": 26, "num_publications_10y": 10, "num_citations_10y": 50, "publications_years": {"2010": 10}, "citations_years": {"2011": 3, "2012": 10, "2013": 10, "2014": 12, "2015": 8, "2016": 2, "2017": 3, "2018": 1, "2010": 1}, "old_citations": {"2010": 50}, "isVisible": false}, "radio": {"name": "radio", "type": "topic", "h_index": 658, "h5_index": 156, "num_publications": 4, "num_citations": 48, "num_publications_5y": 0, "num_citations_5y": 25, "num_publications_10y": 4, "num_citations_10y": 48, "publications_years": {"2010": 4}, "citations_years": {"2011": 3, "2012": 10, "2013": 9, "2014": 12, "2015": 7, "2016": 2, "2017": 3, "2018": 1, "2010": 1}, "old_citations": {"2010": 48}, "isVisible": false}, "wireless": {"name": "wireless", "type": "topic", "h_index": 615, "h5_index": 140, "num_publications": 3, "num_citations": 48, "num_publications_5y": 0, "num_citations_5y": 25, "num_publications_10y": 3, "num_citations_10y": 48, "publications_years": {"2010": 3}, "citations_years": {"2011": 3, "2012": 10, "2013": 9, "2014": 12, "2015": 7, "2016": 2, "2017": 3, "2018": 1, "2010": 1}, "old_citations": {"2010": 48}, "isVisible": false}, "software design": {"name": "software design", "type": "topic", "h_index": 907, "h5_index": 227, "num_publications": 10, "num_citations": 47, "num_publications_5y": 0, "num_citations_5y": 27, "num_publications_10y": 10, "num_citations_10y": 47, "publications_years": {"2010": 10}, "citations_years": {"2011": 3, "2012": 7, "2013": 8, "2014": 12, "2015": 5, "2016": 2, "2017": 5, "2018": 3, "2010": 1, "2009": 1}, "old_citations": {"2010": 47}, "isVisible": false}, "distributed systems": {"name": "distributed systems", "type": "topic", "h_index": 859, "h5_index": 209, "num_publications": 9, "num_citations": 45, "num_publications_5y": 0, "num_citations_5y": 23, "num_publications_10y": 9, "num_citations_10y": 45, "publications_years": {"2010": 9}, "citations_years": {"2010": 1, "2011": 2, "2012": 10, "2013": 9, "2014": 14, "2015": 5, "2016": 1, "2017": 3}, "old_citations": {"2010": 45}, "isVisible": false}, "parallel processing systems": {"name": "parallel processing systems", "type": "topic", "h_index": 845, "h5_index": 208, "num_publications": 9, "num_citations": 45, "num_publications_5y": 0, "num_citations_5y": 23, "num_publications_10y": 9, "num_citations_10y": 45, "publications_years": {"2010": 9}, "citations_years": {"2010": 1, "2011": 2, "2012": 10, "2013": 9, "2014": 14, "2015": 5, "2016": 1, "2017": 3}, "old_citations": {"2010": 45}, "isVisible": false}, "embedded systems": {"name": "embedded systems", "type": "topic", "h_index": 799, "h5_index": 168, "num_publications": 4, "num_citations": 44, "num_publications_5y": 0, "num_citations_5y": 25, "num_publications_10y": 4, "num_citations_10y": 44, "publications_years": {"2010": 4}, "citations_years": {"2011": 3, "2012": 7, "2013": 7, "2014": 12, "2015": 4, "2016": 2, "2017": 4, "2018": 3, "2010": 1, "2009": 1}, "old_citations": {"2010": 44}, "isVisible": false}}, "authors": {"2190143158": {"name": "danny hughes", "type": "author", "activity": 18, "h_index": 20, "h5_index": 7, "mag_id": "2190143158", "num_publications": 3, "num_citations": 42, "num_publications_5y": 0, "num_citations_5y": 24, "num_publications_10y": 3, "num_citations_10y": 42, "publications_years": {"2010": 3}, "citations_years": {"2011": 3, "2012": 7, "2013": 7, "2014": 12, "2015": 4, "2016": 2, "2017": 3, "2018": 3, "2010": 1}, "old_citations": {"2010": 42}, "isVisible": false}, "2029612491": {"name": "zhao jianguang", "type": "author", "activity": 8, "h_index": 2, "h5_index": 2, "mag_id": "2029612491", "num_publications": 2, "num_citations": 5, "num_publications_5y": 0, "num_citations_5y": 5, "num_publications_10y": 2, "num_citations_10y": 5, "publications_years": {"2010": 2}, "citations_years": {"2014": 4, "2015": 1}, "old_citations": {"2010": 5}, "isVisible": false}, "2097948703": {"name": "kaiyu wan", "type": "author", "activity": 16, "h_index": 9, "h5_index": 4, "mag_id": "2097948703", "num_publications": 2, "num_citations": 7, "num_publications_5y": 0, "num_citations_5y": 5, "num_publications_10y": 2, "num_citations_10y": 7, "publications_years": {"2010": 2}, "citations_years": {"2012": 1, "2013": 1, "2014": 2, "2015": 1, "2016": 0, "2017": 0, "2018": 2}, "old_citations": {"2010": 7}, "isVisible": false}, "2127678914": {"name": "ka lok man", "type": "author", "activity": 17, "h_index": 14, "h5_index": 4, "mag_id": "2127678914", "num_publications": 2, "num_citations": 18, "num_publications_5y": 0, "num_citations_5y": 14, "num_publications_10y": 2, "num_citations_10y": 18, "publications_years": {"2010": 2}, "citations_years": {"2011": 1, "2012": 2, "2013": 1, "2014": 5, "2015": 4, "2016": 2, "2017": 0, "2018": 3}, "old_citations": {"2010": 18}, "isVisible": false}, "2192461242": {"name": "wandui mao", "type": "author", "activity": 1, "h_index": 0, "h5_index": 0, "mag_id": "2192461242", "num_publications": 2, "num_citations": 0, "num_publications_5y": 0, "num_citations_5y": 0, "num_publications_10y": 2, "num_citations_10y": 0, "publications_years": {"2010": 2}, "citations_years": {}, "old_citations": {"2010": 0}, "isVisible": false}, "2224989147": {"name": "changxin shao", "type": "author", "activity": 1, "h_index": 0, "h5_index": 0, "mag_id": "2224989147", "num_publications": 2, "num_citations": 0, "num_publications_5y": 0, "num_citations_5y": 0, "num_publications_10y": 2, "num_citations_10y": 0, "publications_years": {"2010": 2}, "citations_years": {}, "old_citations": {"2010": 0}, "isVisible": false}, "2431834164": {"name": "yu lei", "type": "author", "activity": 1, "h_index": 0, "h5_index": 0, "mag_id": "2431834164", "num_publications": 2, "num_citations": 0, "num_publications_5y": 0, "num_citations_5y": 0, "num_publications_10y": 2, "num_citations_10y": 0, "publications_years": {"2010": 2}, "citations_years": {}, "old_citations": {"2010": 0}, "isVisible": false}, "2444564706": {"name": "lihua wang", "type": "author", "activity": 1, "h_index": 0, "h5_index": 0, "mag_id": "2444564706", "num_publications": 2, "num_citations": 0, "num_publications_5y": 0, "num_citations_5y": 0, "num_publications_10y": 2, "num_citations_10y": 0, "publications_years": {"2010": 2}, "citations_years": {}, "old_citations": {"2010": 0}, "isVisible": false}, "2668904235": {"name": "haiguang xu", "type": "author", "activity": 1, "h_index": 0, "h5_index": 0, "mag_id": "2668904235", "num_publications": 2, "num_citations": 0, "num_publications_5y": 0, "num_citations_5y": 0, "num_publications_10y": 2, "num_citations_10y": 0, "publications_years": {"2010": 2}, "citations_years": {}, "old_citations": {"2010": 0}, "isVisible": false}, "3003768445": {"name": "jiadong ren", "type": "author", "activity": 3, "h_index": 2, "h5_index": 0, "mag_id": "3003768445", "num_publications": 2, "num_citations": 2, "num_publications_5y": 0, "num_citations_5y": 2, "num_publications_10y": 2, "num_citations_10y": 2, "publications_years": {"2010": 2}, "citations_years": {"2016": 2}, "old_citations": {"2010": 2}, "isVisible": false}, "117931219": {"name": "ahmed chaouki lokbani", "type": "author", "activity": 11, "h_index": 4, "h5_index": 0, "mag_id": "117931219", "num_publications": 1, "num_citations": 13, "num_publications_5y": 0, "num_citations_5y": 6, "num_publications_10y": 1, "num_citations_10y": 13, "publications_years": {"2010": 1}, "citations_years": {"2012": 4, "2013": 3, "2014": 2, "2015": 4}, "old_citations": {"2010": 13}, "isVisible": false}, "123652210": {"name": "ahmed lehireche", "type": "author", "activity": 16, "h_index": 5, "h5_index": 1, "mag_id": "123652210", "num_publications": 1, "num_citations": 13, "num_publications_5y": 0, "num_citations_5y": 6, "num_publications_10y": 1, "num_citations_10y": 13, "publications_years": {"2010": 1}, "citations_years": {"2012": 4, "2013": 3, "2014": 2, "2015": 4}, "old_citations": {"2010": 13}, "isVisible": false}, "136044600": {"name": "liu xingqiao", "type": "author", "activity": 17, "h_index": 4, "h5_index": 0, "mag_id": "136044600", "num_publications": 1, "num_citations": 1, "num_publications_5y": 0, "num_citations_5y": 1, "num_publications_10y": 1, "num_citations_10y": 1, "publications_years": {"2010": 1}, "citations_years": {"2016": 1}, "old_citations": {"2010": 1}, "isVisible": false}, "232270675": {"name": "di juxing", "type": "author", "activity": 7, "h_index": 2, "h5_index": 1, "mag_id": "232270675", "num_publications": 1, "num_citations": 5, "num_publications_5y": 0, "num_citations_5y": 5, "num_publications_10y": 1, "num_citations_10y": 5, "publications_years": {"2010": 1}, "citations_years": {"2014": 4, "2015": 1}, "old_citations": {"2010": 5}, "isVisible": false}, "252726959": {"name": "yan manfu", "type": "author", "activity": 3, "h_index": 1, "h5_index": 0, "mag_id": "252726959", "num_publications": 1, "num_citations": 1, "num_publications_5y": 0, "num_citations_5y": 1, "num_publications_10y": 1, "num_citations_10y": 1, "publications_years": {"2010": 1}, "citations_years": {"2017": 1}, "old_citations": {"2010": 1}, "isVisible": false}, "423717645": {"name": "liu cuilin", "type": "author", "activity": 1, "h_index": 1, "h5_index": 0, "mag_id": "423717645", "num_publications": 1, "num_citations": 1, "num_publications_5y": 0, "num_citations_5y": 0, "num_publications_10y": 1, "num_citations_10y": 1, "publications_years": {"2010": 1}, "citations_years": {"2012": 1}, "old_citations": {"2010": 1}, "isVisible": false}, "428009913": {"name": "wang xiping", "type": "author", "activity": 8, "h_index": 2, "h5_index": 0, "mag_id": "428009913", "num_publications": 1, "num_citations": 2, "num_publications_5y": 0, "num_citations_5y": 1, "num_publications_10y": 1, "num_citations_10y": 2, "publications_years": {"2010": 1}, "citations_years": {"2012": 1, "2013": 0, "2014": 1}, "old_citations": {"2010": 2}, "isVisible": false}, "1599011529": {"name": "reda mohamed hamou", "type": "author", "activity": 11, "h_index": 10, "h5_index": 3, "mag_id": "1599011529", "num_publications": 1, "num_citations": 13, "num_publications_5y": 0, "num_citations_5y": 6, "num_publications_10y": 1, "num_citations_10y": 13, "publications_years": {"2010": 1}, "citations_years": {"2012": 4, "2013": 3, "2014": 2, "2015": 4}, "old_citations": {"2010": 13}, "isVisible": false}, "1879229743": {"name": "shen yongjun", "type": "author", "activity": 4, "h_index": 1, "h5_index": 0, "mag_id": "1879229743", "num_publications": 1, "num_citations": 1, "num_publications_5y": 0, "num_citations_5y": 0, "num_publications_10y": 1, "num_citations_10y": 1, "publications_years": {"2010": 1}, "citations_years": {"2012": 1}, "old_citations": {"2010": 1}, "isVisible": false}, "1942656676": {"name": "kong deren", "type": "author", "activity": 6, "h_index": 2, "h5_index": 0, "mag_id": "1942656676", "num_publications": 1, "num_citations": 2, "num_publications_5y": 0, "num_citations_5y": 1, "num_publications_10y": 1, "num_citations_10y": 2, "publications_years": {"2010": 1}, "citations_years": {"2009": 1, "2010": 0, "2011": 0, "2012": 0, "2013": 0, "2014": 0, "2015": 0, "2016": 0, "2017": 1}, "old_citations": {"2010": 2}, "isVisible": false}, "1967288308": {"name": "nelson matthys", "type": "author", "activity": 12, "h_index": 10, "h5_index": 4, "mag_id": "1967288308", "num_publications": 1, "num_citations": 11, "num_publications_5y": 0, "num_citations_5y": 9, "num_publications_10y": 1, "num_citations_10y": 11, "publications_years": {"2010": 1}, "citations_years": {"2011": 1, "2012": 1, "2013": 0, "2014": 3, "2015": 3, "2016": 2, "2017": 0, "2018": 1}, "old_citations": {"2010": 11}, "isVisible": false}, "1969876091": {"name": "wouter joosen", "type": "author", "activity": 31, "h_index": 37, "h5_index": 11, "mag_id": "1969876091", "num_publications": 1, "num_citations": 11, "num_publications_5y": 0, "num_citations_5y": 9, "num_publications_10y": 1, "num_citations_10y": 11, "publications_years": {"2010": 1}, "citations_years": {"2011": 1, "2012": 1, "2013": 0, "2014": 3, "2015": 3, "2016": 2, "2017": 0, "2018": 1}, "old_citations": {"2010": 11}, "isVisible": false}, "1970411448": {"name": "dai changming", "type": "author", "activity": 8, "h_index": 0, "h5_index": 0, "mag_id": "1970411448", "num_publications": 1, "num_citations": 0, "num_publications_5y": 0, "num_citations_5y": 0, "num_publications_10y": 1, "num_citations_10y": 0, "publications_years": {"2010": 1}, "citations_years": {}, "old_citations": {"2010": 0}, "isVisible": false}, "1970857064": {"name": "li jingbo", "type": "author", "activity": 3, "h_index": 1, "h5_index": 0, "mag_id": "1970857064", "num_publications": 1, "num_citations": 0, "num_publications_5y": 0, "num_citations_5y": 0, "num_publications_10y": 1, "num_citations_10y": 0, "publications_years": {"2010": 1}, "citations_years": {}, "old_citations": {"2010": 0}, "isVisible": false}, "1988903930": {"name": "di changan", "type": "author", "activity": 10, "h_index": 2, "h5_index": 1, "mag_id": "1988903930", "num_publications": 1, "num_citations": 2, "num_publications_5y": 0, "num_citations_5y": 1, "num_publications_10y": 1, "num_citations_10y": 2, "publications_years": {"2010": 1}, "citations_years": {"2009": 1, "2010": 0, "2011": 0, "2012": 0, "2013": 0, "2014": 0, "2015": 0, "2016": 0, "2017": 1}, "old_citations": {"2010": 2}, "isVisible": false}, "1991272841": {"name": "zhang guidong", "type": "author", "activity": 5, "h_index": 1, "h5_index": 0, "mag_id": "1991272841", "num_publications": 1, "num_citations": 1, "num_publications_5y": 0, "num_citations_5y": 0, "num_publications_10y": 1, "num_citations_10y": 1, "publications_years": {"2010": 1}, "citations_years": {"2012": 1}, "old_citations": {"2010": 1}, "isVisible": false}, "2007947022": {"name": "wouter horre", "type": "author", "activity": 7, "h_index": 9, "h5_index": 0, "mag_id": "2007947022", "num_publications": 1, "num_citations": 11, "num_publications_5y": 0, "num_citations_5y": 9, "num_publications_10y": 1, "num_citations_10y": 11, "publications_years": {"2010": 1}, "citations_years": {"2011": 1, "2012": 1, "2013": 0, "2014": 3, "2015": 3, "2016": 2, "2017": 0, "2018": 1}, "old_citations": {"2010": 11}, "isVisible": false}, "2048591575": {"name": "du chunmei", "type": "author", "activity": 8, "h_index": 1, "h5_index": 1, "mag_id": "2048591575", "num_publications": 1, "num_citations": 0, "num_publications_5y": 0, "num_citations_5y": 0, "num_publications_10y": 1, "num_citations_10y": 0, "publications_years": {"2010": 1}, "citations_years": {}, "old_citations": {"2010": 0}, "isVisible": false}, "2071300112": {"name": "di changyan", "type": "author", "activity": 1, "h_index": 1, "h5_index": 0, "mag_id": "2071300112", "num_publications": 1, "num_citations": 1, "num_publications_5y": 0, "num_citations_5y": 0, "num_publications_10y": 1, "num_citations_10y": 1, "publications_years": {"2010": 1}, "citations_years": {"2012": 1}, "old_citations": {"2010": 1}, "isVisible": false}, "2111313958": {"name": "yanrong dong", "type": "author", "activity": 1, "h_index": 0, "h5_index": 0, "mag_id": "2111313958", "num_publications": 1, "num_citations": 0, "num_publications_5y": 0, "num_citations_5y": 0, "num_publications_10y": 1, "num_citations_10y": 0, "publications_years": {"2010": 1}, "citations_years": {}, "old_citations": {"2010": 0}, "isVisible": false}, "2122606778": {"name": "xiansheng sang", "type": "author", "activity": 1, "h_index": 0, "h5_index": 0, "mag_id": "2122606778", "num_publications": 1, "num_citations": 0, "num_publications_5y": 0, "num_citations_5y": 0, "num_publications_10y": 1, "num_citations_10y": 0, "publications_years": {"2010": 1}, "citations_years": {}, "old_citations": {"2010": 0}, "isVisible": false}, "2126635498": {"name": "xiao xin", "type": "author", "activity": 2, "h_index": 0, "h5_index": 0, "mag_id": "2126635498", "num_publications": 1, "num_citations": 0, "num_publications_5y": 0, "num_citations_5y": 0, "num_publications_10y": 1, "num_citations_10y": 0, "publications_years": {"2010": 1}, "citations_years": {}, "old_citations": {"2010": 0}, "isVisible": false}, "2127655529": {"name": "shenguei guan", "type": "author", "activity": 22, "h_index": 14, "h5_index": 2, "mag_id": "2127655529", "num_publications": 1, "num_citations": 11, "num_publications_5y": 0, "num_citations_5y": 9, "num_publications_10y": 1, "num_citations_10y": 11, "publications_years": {"2010": 1}, "citations_years": {"2011": 1, "2012": 1, "2013": 0, "2014": 3, "2015": 3, "2016": 2, "2017": 0, "2018": 1}, "old_citations": {"2010": 11}, "isVisible": false}, "2134088293": {"name": "gang lu", "type": "author", "activity": 1, "h_index": 0, "h5_index": 0, "mag_id": "2134088293", "num_publications": 1, "num_citations": 0, "num_publications_5y": 0, "num_citations_5y": 0, "num_publications_10y": 1, "num_citations_10y": 0, "publications_years": {"2010": 1}, "citations_years": {}, "old_citations": {"2010": 0}, "isVisible": false}, "2143031763": {"name": "christophe huygens", "type": "author", "activity": 14, "h_index": 13, "h5_index": 4, "mag_id": "2143031763", "num_publications": 1, "num_citations": 11, "num_publications_5y": 0, "num_citations_5y": 9, "num_publications_10y": 1, "num_citations_10y": 11, "publications_years": {"2010": 1}, "citations_years": {"2011": 1, "2012": 1, "2013": 0, "2014": 3, "2015": 3, "2016": 2, "2017": 0, "2018": 1}, "old_citations": {"2010": 11}, "isVisible": false}, "2149260597": {"name": "xijun zhu", "type": "author", "activity": 1, "h_index": 1, "h5_index": 0, "mag_id": "2149260597", "num_publications": 1, "num_citations": 1, "num_publications_5y": 0, "num_citations_5y": 0, "num_publications_10y": 1, "num_citations_10y": 1, "publications_years": {"2010": 1}, "citations_years": {"2011": 1}, "old_citations": {"2010": 1}, "isVisible": false}, "2155879784": {"name": "liu cheng", "type": "author", "activity": 1, "h_index": 0, "h5_index": 0, "mag_id": "2155879784", "num_publications": 1, "num_citations": 0, "num_publications_5y": 0, "num_citations_5y": 0, "num_publications_10y": 1, "num_citations_10y": 0, "publications_years": {"2010": 1}, "citations_years": {}, "old_citations": {"2010": 0}, "isVisible": false}, "2168715936": {"name": "haiyan yan", "type": "author", "activity": 2, "h_index": 1, "h5_index": 0, "mag_id": "2168715936", "num_publications": 1, "num_citations": 0, "num_publications_5y": 0, "num_citations_5y": 0, "num_publications_10y": 1, "num_citations_10y": 0, "publications_years": {"2010": 1}, "citations_years": {}, "old_citations": {"2010": 0}, "isVisible": false}, "2224946041": {"name": "chen yizhi", "type": "author", "activity": 1, "h_index": 0, "h5_index": 0, "mag_id": "2224946041", "num_publications": 1, "num_citations": 0, "num_publications_5y": 0, "num_citations_5y": 0, "num_publications_10y": 1, "num_citations_10y": 0, "publications_years": {"2010": 1}, "citations_years": {}, "old_citations": {"2010": 0}, "isVisible": false}, "2225077505": {"name": "shiyuan cao", "type": "author", "activity": 1, "h_index": 1, "h5_index": 0, "mag_id": "2225077505", "num_publications": 1, "num_citations": 1, "num_publications_5y": 0, "num_citations_5y": 1, "num_publications_10y": 1, "num_citations_10y": 1, "publications_years": {"2010": 1}, "citations_years": {"2016": 1}, "old_citations": {"2010": 1}, "isVisible": false}, "2225668195": {"name": "shi weixuan", "type": "author", "activity": 1, "h_index": 0, "h5_index": 0, "mag_id": "2225668195", "num_publications": 1, "num_citations": 0, "num_publications_5y": 0, "num_citations_5y": 0, "num_publications_10y": 1, "num_citations_10y": 0, "publications_years": {"2010": 1}, "citations_years": {}, "old_citations": {"2010": 0}, "isVisible": false}, "2226056164": {"name": "cuiyi xiao", "type": "author", "activity": 1, "h_index": 0, "h5_index": 0, "mag_id": "2226056164", "num_publications": 1, "num_citations": 0, "num_publications_5y": 0, "num_citations_5y": 0, "num_publications_10y": 1, "num_citations_10y": 0, "publications_years": {"2010": 1}, "citations_years": {}, "old_citations": {"2010": 0}, "isVisible": false}, "2226123228": {"name": "pan meisen", "type": "author", "activity": 10, "h_index": 1, "h5_index": 1, "mag_id": "2226123228", "num_publications": 1, "num_citations": 2, "num_publications_5y": 0, "num_citations_5y": 1, "num_publications_10y": 1, "num_citations_10y": 2, "publications_years": {"2010": 1}, "citations_years": {"2012": 1, "2013": 0, "2014": 1}, "old_citations": {"2010": 2}, "isVisible": false}, "2228584639": {"name": "zhangyong qiang", "type": "author", "activity": 1, "h_index": 1, "h5_index": 0, "mag_id": "2228584639", "num_publications": 1, "num_citations": 1, "num_publications_5y": 0, "num_citations_5y": 1, "num_publications_10y": 1, "num_citations_10y": 1, "publications_years": {"2010": 1}, "citations_years": {"2018": 1}, "old_citations": {"2010": 1}, "isVisible": false}, "2229574633": {"name": "hao fei long", "type": "author", "activity": 1, "h_index": 0, "h5_index": 0, "mag_id": "2229574633", "num_publications": 1, "num_citations": 0, "num_publications_5y": 0, "num_citations_5y": 0, "num_publications_10y": 1, "num_citations_10y": 0, "publications_years": {"2010": 1}, "citations_years": {}, "old_citations": {"2010": 0}, "isVisible": false}, "2230070551": {"name": "yongzhao lu", "type": "author", "activity": 1, "h_index": 1, "h5_index": 0, "mag_id": "2230070551", "num_publications": 1, "num_citations": 2, "num_publications_5y": 0, "num_citations_5y": 1, "num_publications_10y": 1, "num_citations_10y": 2, "publications_years": {"2010": 1}, "citations_years": {"2013": 1, "2014": 0, "2015": 0, "2016": 0, "2017": 1}, "old_citations": {"2010": 2}, "isVisible": false}, "2230677284": {"name": "liu jian ping", "type": "author", "activity": 1, "h_index": 1, "h5_index": 0, "mag_id": "2230677284", "num_publications": 1, "num_citations": 3, "num_publications_5y": 0, "num_citations_5y": 1, "num_publications_10y": 1, "num_citations_10y": 2, "publications_years": {"2010": 1}, "citations_years": {"2013": 1, "2014": 0, "2015": 1, "2016": 0, "2017": 0, "2018": 0, "2019": 0, "2020": 1}, "old_citations": {"2010": 3}, "isVisible": false}, "2243804735": {"name": "jo ueyama", "type": "author", "activity": 20, "h_index": 16, "h5_index": 7, "mag_id": "2243804735", "num_publications": 1, "num_citations": 11, "num_publications_5y": 0, "num_citations_5y": 9, "num_publications_10y": 1, "num_citations_10y": 11, "publications_years": {"2010": 1}, "citations_years": {"2011": 1, "2012": 1, "2013": 0, "2014": 3, "2015": 3, "2016": 2, "2017": 0, "2018": 1}, "old_citations": {"2010": 11}, "isVisible": false}, "2294540151": {"name": "shuyuan yang", "type": "author", "activity": 1, "h_index": 0, "h5_index": 0, "mag_id": "2294540151", "num_publications": 1, "num_citations": 0, "num_publications_5y": 0, "num_citations_5y": 0, "num_publications_10y": 1, "num_citations_10y": 0, "publications_years": {"2010": 1}, "citations_years": {}, "old_citations": {"2010": 0}, "isVisible": false}, "2295549971": {"name": "longxu li", "type": "author", "activity": 1, "h_index": 0, "h5_index": 0, "mag_id": "2295549971", "num_publications": 1, "num_citations": 0, "num_publications_5y": 0, "num_citations_5y": 0, "num_publications_10y": 1, "num_citations_10y": 0, "publications_years": {"2010": 1}, "citations_years": {}, "old_citations": {"2010": 0}, "isVisible": false}, "2300168452": {"name": "song hong mei", "type": "author", "activity": 1, "h_index": 0, "h5_index": 0, "mag_id": "2300168452", "num_publications": 1, "num_citations": 0, "num_publications_5y": 0, "num_citations_5y": 0, "num_publications_10y": 1, "num_citations_10y": 0, "publications_years": {"2010": 1}, "citations_years": {}, "old_citations": {"2010": 0}, "isVisible": false}, "2305536771": {"name": "shiwu xu", "type": "author", "activity": 1, "h_index": 0, "h5_index": 0, "mag_id": "2305536771", "num_publications": 1, "num_citations": 0, "num_publications_5y": 0, "num_citations_5y": 0, "num_publications_10y": 1, "num_citations_10y": 0, "publications_years": {"2010": 1}, "citations_years": {}, "old_citations": {"2010": 0}, "isVisible": false}, "2305677031": {"name": "kevin lee", "type": "author", "activity": 18, "h_index": 14, "h5_index": 4, "mag_id": "2305677031", "num_publications": 1, "num_citations": 24, "num_publications_5y": 0, "num_citations_5y": 10, "num_publications_10y": 1, "num_citations_10y": 24, "publications_years": {"2010": 1}, "citations_years": {"2010": 1, "2011": 2, "2012": 5, "2013": 6, "2014": 7, "2015": 0, "2016": 0, "2017": 3}, "old_citations": {"2010": 24}, "isVisible": false}, "2307623899": {"name": "bo xu", "type": "author", "activity": 2, "h_index": 1, "h5_index": 0, "mag_id": "2307623899", "num_publications": 1, "num_citations": 0, "num_publications_5y": 0, "num_citations_5y": 0, "num_publications_10y": 1, "num_citations_10y": 0, "publications_years": {"2010": 1}, "citations_years": {}, "old_citations": {"2010": 0}, "isVisible": false}, "2308160573": {"name": "chen wang", "type": "author", "activity": 2, "h_index": 1, "h5_index": 0, "mag_id": "2308160573", "num_publications": 1, "num_citations": 0, "num_publications_5y": 0, "num_citations_5y": 0, "num_publications_10y": 1, "num_citations_10y": 0, "publications_years": {"2010": 1}, "citations_years": {}, "old_citations": {"2010": 0}, "isVisible": false}, "2308206292": {"name": "sun qiu mei", "type": "author", "activity": 1, "h_index": 0, "h5_index": 0, "mag_id": "2308206292", "num_publications": 1, "num_citations": 0, "num_publications_5y": 0, "num_citations_5y": 0, "num_publications_10y": 1, "num_citations_10y": 0, "publications_years": {"2010": 1}, "citations_years": {}, "old_citations": {"2010": 0}, "isVisible": false}, "2309031071": {"name": "yunpeng xiao", "type": "author", "activity": 1, "h_index": 0, "h5_index": 0, "mag_id": "2309031071", "num_publications": 1, "num_citations": 0, "num_publications_5y": 0, "num_citations_5y": 0, "num_publications_10y": 1, "num_citations_10y": 0, "publications_years": {"2010": 1}, "citations_years": {}, "old_citations": {"2010": 0}, "isVisible": false}, "2320795325": {"name": "kai lin", "type": "author", "activity": 1, "h_index": 1, "h5_index": 0, "mag_id": "2320795325", "num_publications": 1, "num_citations": 19, "num_publications_5y": 0, "num_citations_5y": 6, "num_publications_10y": 1, "num_citations_10y": 19, "publications_years": {"2010": 1}, "citations_years": {"2011": 1, "2012": 10, "2013": 2, "2014": 2, "2015": 1, "2016": 2, "2017": 1}, "old_citations": {"2010": 19}, "isVisible": false}, "2337357574": {"name": "chen chong", "type": "author", "activity": 11, "h_index": 3, "h5_index": 1, "mag_id": "2337357574", "num_publications": 1, "num_citations": 1, "num_publications_5y": 0, "num_citations_5y": 1, "num_publications_10y": 1, "num_citations_10y": 1, "publications_years": {"2010": 1}, "citations_years": {"2016": 1}, "old_citations": {"2010": 1}, "isVisible": false}, "2347228398": {"name": "xiao cuiyi", "type": "author", "activity": 1, "h_index": 1, "h5_index": 0, "mag_id": "2347228398", "num_publications": 1, "num_citations": 3, "num_publications_5y": 0, "num_citations_5y": 1, "num_publications_10y": 1, "num_citations_10y": 2, "publications_years": {"2010": 1}, "citations_years": {"2013": 1, "2014": 0, "2015": 1, "2016": 0, "2017": 0, "2018": 0, "2019": 0, "2020": 1}, "old_citations": {"2010": 3}, "isVisible": false}, "2354013093": {"name": "tan wenxue", "type": "author", "activity": 9, "h_index": 2, "h5_index": 0, "mag_id": "2354013093", "num_publications": 1, "num_citations": 2, "num_publications_5y": 0, "num_citations_5y": 1, "num_publications_10y": 1, "num_citations_10y": 2, "publications_years": {"2010": 1}, "citations_years": {"2012": 1, "2013": 0, "2014": 1}, "old_citations": {"2010": 2}, "isVisible": false}, "2359575528": {"name": "liu jianchen", "type": "author", "activity": 1, "h_index": 1, "h5_index": 0, "mag_id": "2359575528", "num_publications": 1, "num_citations": 5, "num_publications_5y": 0, "num_citations_5y": 5, "num_publications_10y": 1, "num_citations_10y": 5, "publications_years": {"2010": 1}, "citations_years": {"2014": 4, "2015": 1}, "old_citations": {"2010": 5}, "isVisible": false}, "2361219924": {"name": "fan jingjing", "type": "author", "activity": 8, "h_index": 2, "h5_index": 2, "mag_id": "2361219924", "num_publications": 1, "num_citations": 5, "num_publications_5y": 0, "num_citations_5y": 5, "num_publications_10y": 1, "num_citations_10y": 5, "publications_years": {"2010": 1}, "citations_years": {"2014": 4, "2015": 1}, "old_citations": {"2010": 5}, "isVisible": false}, "2422103914": {"name": "jiang dongdong", "type": "author", "activity": 1, "h_index": 1, "h5_index": 0, "mag_id": "2422103914", "num_publications": 1, "num_citations": 2, "num_publications_5y": 0, "num_citations_5y": 1, "num_publications_10y": 1, "num_citations_10y": 2, "publications_years": {"2010": 1}, "citations_years": {"2009": 1, "2010": 0, "2011": 0, "2012": 0, "2013": 0, "2014": 0, "2015": 0, "2016": 0, "2017": 1}, "old_citations": {"2010": 2}, "isVisible": false}, "2428835818": {"name": "yu ying", "type": "author", "activity": 1, "h_index": 1, "h5_index": 0, "mag_id": "2428835818", "num_publications": 1, "num_citations": 3, "num_publications_5y": 0, "num_citations_5y": 1, "num_publications_10y": 1, "num_citations_10y": 2, "publications_years": {"2010": 1}, "citations_years": {"2013": 1, "2014": 0, "2015": 1, "2016": 0, "2017": 0, "2018": 0, "2019": 0, "2020": 1}, "old_citations": {"2010": 3}, "isVisible": false}, "2431023750": {"name": "wang weiping", "type": "author", "activity": 1, "h_index": 0, "h5_index": 0, "mag_id": "2431023750", "num_publications": 1, "num_citations": 0, "num_publications_5y": 0, "num_citations_5y": 0, "num_publications_10y": 1, "num_citations_10y": 0, "publications_years": {"2010": 1}, "citations_years": {}, "old_citations": {"2010": 0}, "isVisible": false}, "2436905523": {"name": "wang qiang", "type": "author", "activity": 1, "h_index": 1, "h5_index": 0, "mag_id": "2436905523", "num_publications": 1, "num_citations": 1, "num_publications_5y": 0, "num_citations_5y": 1, "num_publications_10y": 1, "num_citations_10y": 1, "publications_years": {"2010": 1}, "citations_years": {"2018": 1}, "old_citations": {"2010": 1}, "isVisible": false}, "2437582549": {"name": "yongli zhang", "type": "author", "activity": 1, "h_index": 0, "h5_index": 0, "mag_id": "2437582549", "num_publications": 1, "num_citations": 0, "num_publications_5y": 0, "num_citations_5y": 0, "num_publications_10y": 1, "num_citations_10y": 0, "publications_years": {"2010": 1}, "citations_years": {}, "old_citations": {"2010": 0}, "isVisible": false}, "2439309660": {"name": "ma li", "type": "author", "activity": 1, "h_index": 0, "h5_index": 0, "mag_id": "2439309660", "num_publications": 1, "num_citations": 0, "num_publications_5y": 0, "num_citations_5y": 0, "num_publications_10y": 1, "num_citations_10y": 0, "publications_years": {"2010": 1}, "citations_years": {}, "old_citations": {"2010": 0}, "isVisible": false}, "2440205263": {"name": "shaoyang chen", "type": "author", "activity": 1, "h_index": 0, "h5_index": 0, "mag_id": "2440205263", "num_publications": 1, "num_citations": 0, "num_publications_5y": 0, "num_citations_5y": 0, "num_publications_10y": 1, "num_citations_10y": 0, "publications_years": {"2010": 1}, "citations_years": {}, "old_citations": {"2010": 0}, "isVisible": false}, "2441317171": {"name": "yuan dong", "type": "author", "activity": 1, "h_index": 1, "h5_index": 0, "mag_id": "2441317171", "num_publications": 1, "num_citations": 1, "num_publications_5y": 0, "num_citations_5y": 1, "num_publications_10y": 1, "num_citations_10y": 1, "publications_years": {"2010": 1}, "citations_years": {"2016": 1}, "old_citations": {"2010": 1}, "isVisible": false}, "2466959867": {"name": "li jinchang", "type": "author", "activity": 1, "h_index": 0, "h5_index": 0, "mag_id": "2466959867", "num_publications": 1, "num_citations": 0, "num_publications_5y": 0, "num_citations_5y": 0, "num_publications_10y": 1, "num_citations_10y": 0, "publications_years": {"2010": 1}, "citations_years": {}, "old_citations": {"2010": 0}, "isVisible": false}, "2475839766": {"name": "v s alagar", "type": "author", "activity": 23, "h_index": 11, "h5_index": 0, "mag_id": "2475839766", "num_publications": 1, "num_citations": 0, "num_publications_5y": 0, "num_citations_5y": 0, "num_publications_10y": 1, "num_citations_10y": 0, "publications_years": {"2010": 1}, "citations_years": {}, "old_citations": {"2010": 0}, "isVisible": false}, "2476632154": {"name": "chunlei zhao", "type": "author", "activity": 1, "h_index": 1, "h5_index": 0, "mag_id": "2476632154", "num_publications": 1, "num_citations": 19, "num_publications_5y": 0, "num_citations_5y": 6, "num_publications_10y": 1, "num_citations_10y": 19, "publications_years": {"2010": 1}, "citations_years": {"2011": 1, "2012": 10, "2013": 2, "2014": 2, "2015": 1, "2016": 2, "2017": 1}, "old_citations": {"2010": 19}, "isVisible": false}, "2478857855": {"name": "ying yu", "type": "author", "activity": 1, "h_index": 0, "h5_index": 0, "mag_id": "2478857855", "num_publications": 1, "num_citations": 0, "num_publications_5y": 0, "num_citations_5y": 0, "num_publications_10y": 1, "num_citations_10y": 0, "publications_years": {"2010": 1}, "citations_years": {}, "old_citations": {"2010": 0}, "isVisible": false}, "2487978824": {"name": "jinyao li", "type": "author", "activity": 1, "h_index": 0, "h5_index": 0, "mag_id": "2487978824", "num_publications": 1, "num_citations": 0, "num_publications_5y": 0, "num_citations_5y": 0, "num_publications_10y": 1, "num_citations_10y": 0, "publications_years": {"2010": 1}, "citations_years": {}, "old_citations": {"2010": 0}, "isVisible": false}, "2492994694": {"name": "jingwei yang", "type": "author", "activity": 1, "h_index": 0, "h5_index": 0, "mag_id": "2492994694", "num_publications": 1, "num_citations": 0, "num_publications_5y": 0, "num_citations_5y": 0, "num_publications_10y": 1, "num_citations_10y": 0, "publications_years": {"2010": 1}, "citations_years": {}, "old_citations": {"2010": 0}, "isVisible": false}, "2494832780": {"name": "jiankang liu", "type": "author", "activity": 1, "h_index": 0, "h5_index": 0, "mag_id": "2494832780", "num_publications": 1, "num_citations": 0, "num_publications_5y": 0, "num_citations_5y": 0, "num_publications_10y": 1, "num_citations_10y": 0, "publications_years": {"2010": 1}, "citations_years": {}, "old_citations": {"2010": 0}, "isVisible": false}, "2494999635": {"name": "hua he", "type": "author", "activity": 1, "h_index": 0, "h5_index": 0, "mag_id": "2494999635", "num_publications": 1, "num_citations": 0, "num_publications_5y": 0, "num_citations_5y": 0, "num_publications_10y": 1, "num_citations_10y": 0, "publications_years": {"2010": 1}, "citations_years": {}, "old_citations": {"2010": 0}, "isVisible": false}, "2495312584": {"name": "li meng", "type": "author", "activity": 1, "h_index": 0, "h5_index": 0, "mag_id": "2495312584", "num_publications": 1, "num_citations": 0, "num_publications_5y": 0, "num_citations_5y": 0, "num_publications_10y": 1, "num_citations_10y": 0, "publications_years": {"2010": 1}, "citations_years": {}, "old_citations": {"2010": 0}, "isVisible": false}, "2495784342": {"name": "xiaoqing lu", "type": "author", "activity": 1, "h_index": 0, "h5_index": 0, "mag_id": "2495784342", "num_publications": 1, "num_citations": 0, "num_publications_5y": 0, "num_citations_5y": 0, "num_publications_10y": 1, "num_citations_10y": 0, "publications_years": {"2010": 1}, "citations_years": {}, "old_citations": {"2010": 0}, "isVisible": false}, "2500377999": {"name": "mingming zhang", "type": "author", "activity": 1, "h_index": 0, "h5_index": 0, "mag_id": "2500377999", "num_publications": 1, "num_citations": 0, "num_publications_5y": 0, "num_citations_5y": 0, "num_publications_10y": 1, "num_citations_10y": 0, "publications_years": {"2010": 1}, "citations_years": {}, "old_citations": {"2010": 0}, "isVisible": false}, "2504962678": {"name": "qing fan", "type": "author", "activity": 1, "h_index": 0, "h5_index": 0, "mag_id": "2504962678", "num_publications": 1, "num_citations": 0, "num_publications_5y": 0, "num_citations_5y": 0, "num_publications_10y": 1, "num_citations_10y": 0, "publications_years": {"2010": 1}, "citations_years": {}, "old_citations": {"2010": 0}, "isVisible": false}, "2538295542": {"name": "huang yaohua", "type": "author", "activity": 1, "h_index": 0, "h5_index": 0, "mag_id": "2538295542", "num_publications": 1, "num_citations": 0, "num_publications_5y": 0, "num_citations_5y": 0, "num_publications_10y": 1, "num_citations_10y": 0, "publications_years": {"2010": 1}, "citations_years": {}, "old_citations": {"2010": 0}, "isVisible": false}, "2540002212": {"name": "shu xiaohe", "type": "author", "activity": 1, "h_index": 1, "h5_index": 0, "mag_id": "2540002212", "num_publications": 1, "num_citations": 2, "num_publications_5y": 0, "num_citations_5y": 1, "num_publications_10y": 1, "num_citations_10y": 2, "publications_years": {"2010": 1}, "citations_years": {"2012": 1, "2013": 0, "2014": 1}, "old_citations": {"2010": 2}, "isVisible": false}, "2569100747": {"name": "yang zheng", "type": "author", "activity": 1, "h_index": 0, "h5_index": 0, "mag_id": "2569100747", "num_publications": 1, "num_citations": 0, "num_publications_5y": 0, "num_citations_5y": 0, "num_publications_10y": 1, "num_citations_10y": 0, "publications_years": {"2010": 1}, "citations_years": {}, "old_citations": {"2010": 0}, "isVisible": false}, "2583833715": {"name": "mohamed elhadi rahmani", "type": "author", "activity": 10, "h_index": 4, "h5_index": 2, "mag_id": "2583833715", "num_publications": 1, "num_citations": 13, "num_publications_5y": 0, "num_citations_5y": 6, "num_publications_10y": 1, "num_citations_10y": 13, "publications_years": {"2010": 1}, "citations_years": {"2012": 4, "2013": 3, "2014": 2, "2015": 4}, "old_citations": {"2010": 13}, "isVisible": false}, "2623080320": {"name": "guozhu he", "type": "author", "activity": 1, "h_index": 0, "h5_index": 0, "mag_id": "2623080320", "num_publications": 1, "num_citations": 0, "num_publications_5y": 0, "num_citations_5y": 0, "num_publications_10y": 1, "num_citations_10y": 0, "publications_years": {"2010": 1}, "citations_years": {}, "old_citations": {"2010": 0}, "isVisible": false}, "2628709655": {"name": "li xia", "type": "author", "activity": 1, "h_index": 1, "h5_index": 0, "mag_id": "2628709655", "num_publications": 1, "num_citations": 3, "num_publications_5y": 0, "num_citations_5y": 1, "num_publications_10y": 1, "num_citations_10y": 2, "publications_years": {"2010": 1}, "citations_years": {"2013": 1, "2014": 0, "2015": 1, "2016": 0, "2017": 0, "2018": 0, "2019": 0, "2020": 1}, "old_citations": {"2010": 3}, "isVisible": false}, "2634001109": {"name": "feng gao", "type": "author", "activity": 1, "h_index": 0, "h5_index": 0, "mag_id": "2634001109", "num_publications": 1, "num_citations": 0, "num_publications_5y": 0, "num_citations_5y": 0, "num_publications_10y": 1, "num_citations_10y": 0, "publications_years": {"2010": 1}, "citations_years": {}, "old_citations": {"2010": 0}, "isVisible": false}, "2636014128": {"name": "sida zhu", "type": "author", "activity": 1, "h_index": 0, "h5_index": 0, "mag_id": "2636014128", "num_publications": 1, "num_citations": 0, "num_publications_5y": 0, "num_citations_5y": 0, "num_publications_10y": 1, "num_citations_10y": 0, "publications_years": {"2010": 1}, "citations_years": {}, "old_citations": {"2010": 0}, "isVisible": false}, "2637390598": {"name": "xinkai yang", "type": "author", "activity": 1, "h_index": 0, "h5_index": 0, "mag_id": "2637390598", "num_publications": 1, "num_citations": 0, "num_publications_5y": 0, "num_citations_5y": 0, "num_publications_10y": 1, "num_citations_10y": 0, "publications_years": {"2010": 1}, "citations_years": {}, "old_citations": {"2010": 0}, "isVisible": false}, "2639769991": {"name": "hongxia zheng", "type": "author", "activity": 1, "h_index": 1, "h5_index": 0, "mag_id": "2639769991", "num_publications": 1, "num_citations": 2, "num_publications_5y": 0, "num_citations_5y": 2, "num_publications_10y": 1, "num_citations_10y": 2, "publications_years": {"2010": 1}, "citations_years": {"2017": 2}, "old_citations": {"2010": 2}, "isVisible": false}, "2639904309": {"name": "qiao li", "type": "author", "activity": 1, "h_index": 0, "h5_index": 0, "mag_id": "2639904309", "num_publications": 1, "num_citations": 0, "num_publications_5y": 0, "num_citations_5y": 0, "num_publications_10y": 1, "num_citations_10y": 0, "publications_years": {"2010": 1}, "citations_years": {}, "old_citations": {"2010": 0}, "isVisible": false}, "2642394757": {"name": "changzhen hu", "type": "author", "activity": 11, "h_index": 6, "h5_index": 2, "mag_id": "2642394757", "num_publications": 1, "num_citations": 1, "num_publications_5y": 0, "num_citations_5y": 1, "num_publications_10y": 1, "num_citations_10y": 1, "publications_years": {"2010": 1}, "citations_years": {"2016": 1}, "old_citations": {"2010": 1}, "isVisible": false}, "2642534055": {"name": "weiping ye", "type": "author", "activity": 1, "h_index": 0, "h5_index": 0, "mag_id": "2642534055", "num_publications": 1, "num_citations": 0, "num_publications_5y": 0, "num_citations_5y": 0, "num_publications_10y": 1, "num_citations_10y": 0, "publications_years": {"2010": 1}, "citations_years": {}, "old_citations": {"2010": 0}, "isVisible": false}, "2642593197": {"name": "youfa yang", "type": "author", "activity": 1, "h_index": 0, "h5_index": 0, "mag_id": "2642593197", "num_publications": 1, "num_citations": 0, "num_publications_5y": 0, "num_citations_5y": 0, "num_publications_10y": 1, "num_citations_10y": 0, "publications_years": {"2010": 1}, "citations_years": {}, "old_citations": {"2010": 0}, "isVisible": false}, "2644623362": {"name": "ma huiquan", "type": "author", "activity": 1, "h_index": 1, "h5_index": 0, "mag_id": "2644623362", "num_publications": 1, "num_citations": 3, "num_publications_5y": 0, "num_citations_5y": 1, "num_publications_10y": 1, "num_citations_10y": 2, "publications_years": {"2010": 1}, "citations_years": {"2013": 1, "2014": 0, "2015": 1, "2016": 0, "2017": 0, "2018": 0, "2019": 0, "2020": 1}, "old_citations": {"2010": 3}, "isVisible": false}, "2644883928": {"name": "xiangxin kong", "type": "author", "activity": 1, "h_index": 1, "h5_index": 0, "mag_id": "2644883928", "num_publications": 1, "num_citations": 4, "num_publications_5y": 0, "num_citations_5y": 2, "num_publications_10y": 1, "num_citations_10y": 3, "publications_years": {"2010": 1}, "citations_years": {"2013": 1, "2014": 1, "2015": 1, "2016": 0, "2017": 0, "2018": 0, "2019": 1}, "old_citations": {"2010": 4}, "isVisible": false}, "2649498511": {"name": "haitao he", "type": "author", "activity": 1, "h_index": 1, "h5_index": 0, "mag_id": "2649498511", "num_publications": 1, "num_citations": 1, "num_publications_5y": 0, "num_citations_5y": 1, "num_publications_10y": 1, "num_citations_10y": 1, "publications_years": {"2010": 1}, "citations_years": {"2016": 1}, "old_citations": {"2010": 1}, "isVisible": false}, "2672459954": {"name": "chunfu jia", "type": "author", "activity": 1, "h_index": 1, "h5_index": 0, "mag_id": "2672459954", "num_publications": 1, "num_citations": 19, "num_publications_5y": 0, "num_citations_5y": 6, "num_publications_10y": 1, "num_citations_10y": 19, "publications_years": {"2010": 1}, "citations_years": {"2011": 1, "2012": 10, "2013": 2, "2014": 2, "2015": 1, "2016": 2, "2017": 1}, "old_citations": {"2010": 19}, "isVisible": false}, "2980374118": {"name": "sam michiels", "type": "author", "activity": 18, "h_index": 13, "h5_index": 0, "mag_id": "2980374118", "num_publications": 1, "num_citations": 11, "num_publications_5y": 0, "num_citations_5y": 9, "num_publications_10y": 1, "num_citations_10y": 11, "publications_years": {"2010": 1}, "citations_years": {"2011": 1, "2012": 1, "2013": 0, "2014": 3, "2015": 3, "2016": 2, "2017": 0, "2018": 1}, "old_citations": {"2010": 11}, "isVisible": false}, "2720326985": {"name": "xinghai han", "type": "author", "activity": 1, "h_index": 1, "h5_index": 0, "mag_id": "2720326985", "num_publications": 1, "num_citations": 4, "num_publications_5y": 0, "num_citations_5y": 2, "num_publications_10y": 1, "num_citations_10y": 3, "publications_years": {"2010": 1}, "citations_years": {"2013": 1, "2014": 1, "2015": 1, "2016": 0, "2017": 0, "2018": 0, "2019": 1}, "old_citations": {"2010": 4}, "isVisible": false}, "2704787706": {"name": "yun xiao qing", "type": "author", "activity": 1, "h_index": 1, "h5_index": 0, "mag_id": "2704787706", "num_publications": 1, "num_citations": 3, "num_publications_5y": 0, "num_citations_5y": 1, "num_publications_10y": 1, "num_citations_10y": 2, "publications_years": {"2010": 1}, "citations_years": {"2013": 1, "2014": 0, "2015": 1, "2016": 0, "2017": 0, "2018": 0, "2019": 0, "2020": 1}, "old_citations": {"2010": 3}, "isVisible": false}, "2662394062": {"name": "shengzhong yuan", "type": "author", "activity": 1, "h_index": 1, "h5_index": 0, "mag_id": "2662394062", "num_publications": 1, "num_citations": 2, "num_publications_5y": 0, "num_citations_5y": 1, "num_publications_10y": 1, "num_citations_10y": 2, "publications_years": {"2010": 1}, "citations_years": {"2013": 1, "2014": 0, "2015": 0, "2016": 0, "2017": 1}, "old_citations": {"2010": 2}, "isVisible": false}, "2705448381": {"name": "hong he", "type": "author", "activity": 1, "h_index": 1, "h5_index": 0, "mag_id": "2705448381", "num_publications": 1, "num_citations": 2, "num_publications_5y": 0, "num_citations_5y": 1, "num_publications_10y": 1, "num_citations_10y": 2, "publications_years": {"2010": 1}, "citations_years": {"2013": 1, "2014": 0, "2015": 0, "2016": 0, "2017": 1}, "old_citations": {"2010": 2}, "isVisible": false}, "2721107452": {"name": "xianyang zeng", "type": "author", "activity": 1, "h_index": 1, "h5_index": 0, "mag_id": "2721107452", "num_publications": 1, "num_citations": 2, "num_publications_5y": 0, "num_citations_5y": 2, "num_publications_10y": 1, "num_citations_10y": 2, "publications_years": {"2010": 1}, "citations_years": {"2017": 2}, "old_citations": {"2010": 2}, "isVisible": false}, "2655233951": {"name": "wang biqing", "type": "author", "activity": 1, "h_index": 1, "h5_index": 0, "mag_id": "2655233951", "num_publications": 1, "num_citations": 1, "num_publications_5y": 0, "num_citations_5y": 0, "num_publications_10y": 1, "num_citations_10y": 1, "publications_years": {"2010": 1}, "citations_years": {"2013": 1}, "old_citations": {"2010": 1}, "isVisible": false}, "2680122653": {"name": "baofeng li", "type": "author", "activity": 1, "h_index": 1, "h5_index": 0, "mag_id": "2680122653", "num_publications": 1, "num_citations": 1, "num_publications_5y": 0, "num_citations_5y": 1, "num_publications_10y": 1, "num_citations_10y": 1, "publications_years": {"2010": 1}, "citations_years": {"2015": 1}, "old_citations": {"2010": 1}, "isVisible": false}, "2682866921": {"name": "qiulin zhang", "type": "author", "activity": 1, "h_index": 1, "h5_index": 0, "mag_id": "2682866921", "num_publications": 1, "num_citations": 1, "num_publications_5y": 0, "num_citations_5y": 0, "num_publications_10y": 1, "num_citations_10y": 1, "publications_years": {"2010": 1}, "citations_years": {"2011": 1}, "old_citations": {"2010": 1}, "isVisible": false}, "2683808162": {"name": "donghua wang", "type": "author", "activity": 1, "h_index": 1, "h5_index": 0, "mag_id": "2683808162", "num_publications": 1, "num_citations": 1, "num_publications_5y": 0, "num_citations_5y": 1, "num_publications_10y": 1, "num_citations_10y": 1, "publications_years": {"2010": 1}, "citations_years": {"2015": 1}, "old_citations": {"2010": 1}, "isVisible": false}}, "countries": {"China": {"name": "China", "type": "country", "h5_index": 214, "num_publications": 27, "num_citations": 45, "num_publications_5y": 0, "num_citations_5y": 22, "num_publications_10y": 27, "num_citations_10y": 43, "publications_years": {"2010": 27}, "citations_years": {"2011": 3, "2018": 1, "2013": 9, "2014": 9, "2015": 2, "2016": 3, "2017": 7, "2010": 1, "2012": 7, "2019": 1, "2009": 1, "2020": 1}, "old_citations": {"2010": 45}, "isVisible": false}, "Australia": {"name": "Australia", "type": "country", "h5_index": 141, "num_publications": 1, "num_citations": 24, "num_publications_5y": 0, "num_citations_5y": 10, "num_publications_10y": 1, "num_citations_10y": 24, "publications_years": {"2010": 1}, "citations_years": {"2010": 1, "2011": 2, "2012": 5, "2013": 6, "2014": 7, "2015": 0, "2016": 0, "2017": 3}, "old_citations": {"2010": 24}, "isVisible": false}, "Belgium": {"name": "Belgium", "type": "country", "h5_index": 72, "num_publications": 1, "num_citations": 11, "num_publications_5y": 0, "num_citations_5y": 9, "num_publications_10y": 1, "num_citations_10y": 11, "publications_years": {"2010": 1}, "citations_years": {"2011": 1, "2012": 1, "2013": 0, "2014": 3, "2015": 3, "2016": 2, "2017": 0, "2018": 1}, "old_citations": {"2010": 11}, "isVisible": false}, "Brazil": {"name": "Brazil", "type": "country", "h5_index": 57, "num_publications": 1, "num_citations": 11, "num_publications_5y": 0, "num_citations_5y": 9, "num_publications_10y": 1, "num_citations_10y": 11, "publications_years": {"2010": 1}, "citations_years": {"2011": 1, "2012": 1, "2013": 0, "2014": 3, "2015": 3, "2016": 2, "2017": 0, "2018": 1}, "old_citations": {"2010": 11}, "isVisible": false}, "Singapore": {"name": "Singapore", "type": "country", "h5_index": 105, "num_publications": 1, "num_citations": 0, "num_publications_5y": 0, "num_citations_5y": 0, "num_publications_10y": 1, "num_citations_10y": 0, "publications_years": {"2010": 1}, "citations_years": {}, "old_citations": {"2010": 0}, "isVisible": false}}}, "conference_comparison": {"computer science": {}}, "topics_dna": {"publications": {}, "citations": {"normalized": {}, "average": {}}}, "info": {"num_publications": 45, "num_citations": 103.0, "impact_factor": {}, "publications_years": {"2010": 45}, "citations_years": {"2009": 1, "2010": 1, "2011": 5, "2012": 23, "2013": 16, "2014": 22, "2015": 13, "2016": 7, "2017": 9, "2018": 4, "2019": 1, "2020": 1}, "old_citations": {"2010": 103}, "h5_index": 0}, "percentile": {"computer science": {"2010": 58}}, "conference_ranking": {"computer science": {"2010": 1758}}, "academia": {"num_publications": 27, "num_citations": 45, "publications_years": {"2010": 27}, "old_citations": {"2010": 45}, "num_publications_5y": 0, "num_citations_5y": 0, "num_publications_10y": 0, "num_citations_10y": 0}, "industry": {"num_publications": 0, "num_citations": 0, "publications_years": {}, "old_citations": {}, "num_publications_5y": 0, "num_citations_5y": 0, "num_publications_10y": 0, "num_citations_10y": 0}, "collaborative": {"num_publications": 0, "num_citations": 0, "publications_years": {}, "old_citations": {}, "num_publications_5y": 0, "num_citations_5y": 0, "num_publications_10y": 0, "num_citations_10y": 0}, "conferences": {}, "journals": {}, "organizations": {"publication_overall": ["Yanshan University", "Hebei Normal University of Science and Technology", "Hebei Normal University", "Xi\u2019an Jiaotong-Liverpool University", "Agency for Science, Technology and Research", "Beijing Institute of Technology", "Beijing Normal University", "Chongqing University", "Fujian Normal University", "Hebei GEO University", "Hebei University of Engineering", "Hunan University of Arts and Science", "Jiangsu University", "KU Leuven", "Lanzhou University", "Liaocheng University", "Murdoch University", "Nanjing University of Science and Technology", "Qingdao University of Science and Technology", "Qufu Normal University", "Shandong University", "Shanghai Normal University", "Shanghai University of International Business and Economics", "Universidade de S\u00e3o Paulo", "Weifang University", "Zhejiang Gongshang University", "Zhejiang University of Technology"], "citation_overall": ["Murdoch University", "Xi\u2019an Jiaotong-Liverpool University", "KU Leuven", "Universidade de S\u00e3o Paulo", "Qufu Normal University", "Weifang University", "Hebei Normal University of Science and Technology", "Hunan University of Arts and Science", "Liaocheng University", "Nanjing University of Science and Technology", "Shandong University", "Yanshan University", "Beijing Institute of Technology", "Hebei University of Engineering", "Jiangsu University", "Lanzhou University", "Qingdao University of Science and Technology", "Agency for Science, Technology and Research", "Beijing Normal University", "Chongqing University", "Fujian Normal University", "Hebei GEO University", "Hebei Normal University", "Shanghai Normal University", "Shanghai University of International Business and Economics", "Zhejiang Gongshang University", "Zhejiang University of Technology"], "publication_10_years": [], "citation_10_years": [], "publication_5_years": [], "citation_5_years": []}, "countries": {"publication_overall": ["China", "Australia", "Belgium", "Brazil", "Singapore"], "citation_overall": ["China", "Australia", "Belgium", "Brazil", "Singapore"], "publication_10_years": [], "citation_10_years": [], "publication_5_years": [], "citation_5_years": []}, "topics": {"publication_overall": ["computer science", "computer systems", "artificial intelligence", "computer networks", "mathematics", "telecommunication systems", "communication systems", "wireless telecommunication systems", "computer hardware", "computer security", "engineering", "telecommunication networks", "security of data", "database systems", "software engineering", "distributed computer systems", "computer programming", "correlation analysis", "cryptography", "cryptology"], "citation_overall": ["computer science", "computer systems", "computer networks", "telecommunication systems", "artificial intelligence", "communication systems", "wireless telecommunication systems", "engineering", "telecommunication networks", "computer hardware", "computer programming", "telecommunication traffic", "distributed computer systems", "radio", "wireless", "software design", "software engineering", "distributed systems", "parallel processing systems", "embedded systems"], "publication_10_years": [], "citation_10_years": [], "publication_5_years": [], "citation_5_years": []}, "main_topics": ["computer science"], "authors": {"publication_overall": ["2190143158", "2029612491", "2097948703", "2127678914", "2192461242", "2224989147", "2431834164", "2444564706", "2668904235", "3003768445", "117931219", "123652210", "136044600", "232270675", "252726959", "423717645", "428009913", "1599011529", "1879229743", "1942656676", "1967288308", "1969876091", "1970411448", "1970857064", "1988903930", "1991272841", "2007947022", "2048591575", "2071300112", "2111313958", "2122606778", "2126635498", "2127655529", "2134088293", "2143031763", "2149260597", "2155879784", "2168715936", "2224946041", "2225077505", "2225668195", "2226056164", "2226123228", "2228584639", "2229574633", "2230070551", "2230677284", "2243804735", "2294540151", "2295549971", "2300168452", "2305536771", "2305677031", "2307623899", "2308160573", "2308206292", "2309031071", "2320795325", "2337357574", "2347228398", "2354013093", "2359575528", "2361219924", "2422103914", "2428835818", "2431023750", "2436905523", "2437582549", "2439309660", "2440205263", "2441317171", "2466959867", "2475839766", "2476632154", "2478857855", "2487978824", "2492994694", "2494832780", "2494999635", "2495312584", "2495784342", "2500377999", "2504962678", "2538295542", "2540002212", "2569100747", "2583833715", "2623080320", "2628709655", "2634001109", "2636014128", "2637390598", "2639769991", "2639904309", "2642394757", "2642534055", "2642593197", "2644623362", "2644883928", "2649498511"], "citation_overall": ["2190143158", "2305677031", "2320795325", "2476632154", "2672459954", "2127678914", "117931219", "123652210", "1599011529", "2583833715", "1967288308", "1969876091", "2007947022", "2127655529", "2143031763", "2243804735", "2980374118", "2097948703", "232270675", "2029612491", "2359575528", "2361219924", "2644883928", "2720326985", "2230677284", "2347228398", "2428835818", "2628709655", "2644623362", "2704787706", "428009913", "1942656676", "1988903930", "2226123228", "2230070551", "2354013093", "2422103914", "2540002212", "2639769991", "2662394062", "2705448381", "2721107452", "3003768445", "136044600", "252726959", "423717645", "1879229743", "1991272841", "2071300112", "2149260597", "2225077505", "2228584639", "2337357574", "2436905523", "2441317171", "2642394757", "2649498511", "2655233951", "2680122653", "2682866921", "2683808162", "1970411448", "1970857064", "2048591575", "2111313958", "2122606778", "2126635498", "2134088293", "2155879784", "2168715936", "2192461242", "2224946041", "2224989147", "2225668195", "2226056164", "2229574633", "2294540151", "2295549971", "2300168452", "2305536771", "2307623899", "2308160573", "2308206292", "2309031071", "2431023750", "2431834164", "2437582549", "2439309660", "2440205263", "2444564706", "2466959867", "2475839766", "2478857855", "2487978824", "2492994694", "2494832780", "2494999635", "2495312584", "2495784342", "2500377999"], "publication_10_years": [], "citation_10_years": [], "publication_5_years": [], "citation_5_years": []}, "industrial_sectors": {"publication_overall": [], "citation_overall": [], "publication_10_years": [], "citation_10_years": [], "publication_5_years": [], "citation_5_years": []}}