{"name": "Workshop on Integrated Nonlinear Microwave and Millimetre-wave Circuits", "acronym": "INMMC", "type": "conference", "uniqueEntities": {"organizations": {"Chalmers University of Technology": {"name": "Chalmers University of Technology", "type": "organization", "organization_type": "Education", "h_index": 117, "h5_index": 35, "num_publications": 5, "num_citations": 16, "num_publications_5y": 1, "num_citations_5y": 9, "num_publications_10y": 4, "num_citations_10y": 13, "publications_years": {"2008": 1, "2014": 1, "2011": 1, "2012": 1, "2010": 1}, "citations_years": {"2015": 3, "2016": 4, "2017": 1, "2018": 0, "2019": 1, "2020": 2, "2011": 1, "2012": 0, "2013": 2, "2014": 1, "2010": 1}, "old_citations": {"2008": 0, "2014": 6, "2011": 7, "2012": 2, "2010": 1}, "isVisible": false}, "French National Centre for Scientific Research": {"name": "French National Centre for Scientific Research", "type": "organization", "organization_type": "Government", "h_index": 177, "h5_index": 44, "num_publications": 3, "num_citations": 0, "num_publications_5y": 3, "num_citations_5y": 0, "num_publications_10y": 3, "num_citations_10y": 0, "publications_years": {"2018": 3}, "citations_years": {}, "old_citations": {"2018": 0}, "isVisible": false}, "University of Aveiro": {"name": "University of Aveiro", "type": "organization", "organization_type": "Education", "h_index": 52, "h5_index": 21, "num_publications": 3, "num_citations": 4, "num_publications_5y": 1, "num_citations_5y": 2, "num_publications_10y": 3, "num_citations_10y": 4, "publications_years": {"2010": 2, "2014": 1}, "citations_years": {"2011": 1, "2012": 1, "2013": 0, "2014": 2}, "old_citations": {"2010": 4, "2014": 0}, "isVisible": false}, "University of Limoges": {"name": "University of Limoges", "type": "organization", "organization_type": "Education", "h_index": 30, "h5_index": 9, "num_publications": 3, "num_citations": 4, "num_publications_5y": 2, "num_citations_5y": 1, "num_publications_10y": 2, "num_citations_10y": 3, "publications_years": {"2008": 1, "2015": 1, "2018": 1}, "citations_years": {"2010": 1, "2011": 0, "2012": 1, "2017": 1, "2019": 1}, "old_citations": {"2008": 2, "2015": 1, "2018": 1}, "isVisible": false}, "KU Leuven": {"name": "KU Leuven", "type": "organization", "organization_type": "Education", "h_index": 183, "h5_index": 52, "num_publications": 2, "num_citations": 0, "num_publications_5y": 1, "num_citations_5y": 0, "num_publications_10y": 1, "num_citations_10y": 0, "publications_years": {"2008": 1, "2018": 1}, "citations_years": {}, "old_citations": {"2008": 0, "2018": 0}, "isVisible": false}, "National Institute of Standards and Technology": {"name": "National Institute of Standards and Technology", "type": "organization", "organization_type": "Government", "h_index": 116, "h5_index": 29, "num_publications": 2, "num_citations": 2, "num_publications_5y": 2, "num_citations_5y": 2, "num_publications_10y": 2, "num_citations_10y": 2, "publications_years": {"2014": 2}, "citations_years": {"2015": 2}, "old_citations": {"2014": 2}, "isVisible": false}, "TU Wien": {"name": "TU Wien", "type": "organization", "organization_type": "Education", "h_index": 131, "h5_index": 38, "num_publications": 2, "num_citations": 6, "num_publications_5y": 1, "num_citations_5y": 2, "num_publications_10y": 2, "num_citations_10y": 4, "publications_years": {"2018": 1, "2011": 1}, "citations_years": {"2019": 2, "2012": 1, "2013": 1, "2014": 1, "2015": 0, "2016": 1}, "old_citations": {"2018": 2, "2011": 4}, "isVisible": false}, "University College Dublin": {"name": "University College Dublin", "type": "organization", "organization_type": "Education", "h_index": 102, "h5_index": 26, "num_publications": 2, "num_citations": 1, "num_publications_5y": 2, "num_citations_5y": 1, "num_publications_10y": 2, "num_citations_10y": 1, "publications_years": {"2014": 2}, "citations_years": {"2014": 1}, "old_citations": {"2014": 1}, "isVisible": false}, "University of Ferrara": {"name": "University of Ferrara", "type": "organization", "organization_type": "Education", "h_index": 45, "h5_index": 15, "num_publications": 2, "num_citations": 3, "num_publications_5y": 1, "num_citations_5y": 3, "num_publications_10y": 2, "num_citations_10y": 3, "publications_years": {"2012": 1, "2018": 1}, "citations_years": {"2015": 2, "2016": 0, "2017": 1}, "old_citations": {"2012": 3, "2018": 0}, "isVisible": false}, "University of Rome Tor Vergata": {"name": "University of Rome Tor Vergata", "type": "organization", "organization_type": "Education", "h_index": 61, "h5_index": 21, "num_publications": 2, "num_citations": 0, "num_publications_5y": 1, "num_citations_5y": 0, "num_publications_10y": 1, "num_citations_10y": 0, "publications_years": {"2008": 1, "2018": 1}, "citations_years": {}, "old_citations": {"2008": 0, "2018": 0}, "isVisible": false}, "Agilent Technologies (United States)": {"name": "Agilent Technologies (United States)", "type": "organization", "organization_type": "Company", "h_index": 74, "h5_index": 3, "num_publications": 1, "num_citations": 2, "num_publications_5y": 0, "num_citations_5y": 0, "num_publications_10y": 0, "num_citations_10y": 2, "publications_years": {"2008": 1}, "citations_years": {"2010": 1, "2011": 0, "2012": 1}, "old_citations": {"2008": 2}, "isVisible": false}, "Cardiff University": {"name": "Cardiff University", "type": "organization", "organization_type": "Education", "h_index": 86, "h5_index": 33, "num_publications": 1, "num_citations": 0, "num_publications_5y": 1, "num_citations_5y": 0, "num_publications_10y": 1, "num_citations_10y": 0, "publications_years": {"2018": 1}, "citations_years": {}, "old_citations": {"2018": 0}, "isVisible": false}, "Graz University of Technology": {"name": "Graz University of Technology", "type": "organization", "organization_type": "Education", "h_index": 133, "h5_index": 41, "num_publications": 1, "num_citations": 1, "num_publications_5y": 1, "num_citations_5y": 1, "num_publications_10y": 1, "num_citations_10y": 1, "publications_years": {"2017": 1}, "citations_years": {"2018": 1}, "old_citations": {"2017": 1}, "isVisible": false}, "Hankuk University of Foreign Studies": {"name": "Hankuk University of Foreign Studies", "type": "organization", "organization_type": "Education", "h_index": 27, "h5_index": 13, "num_publications": 1, "num_citations": 2, "num_publications_5y": 1, "num_citations_5y": 2, "num_publications_10y": 1, "num_citations_10y": 2, "publications_years": {"2014": 1}, "citations_years": {"2015": 2}, "old_citations": {"2014": 2}, "isVisible": false}, "Instituto Polit\u00e9cnico de Leiria": {"name": "Instituto Polit\u00e9cnico de Leiria", "type": "organization", "organization_type": "Education", "h_index": 23, "h5_index": 8, "num_publications": 1, "num_citations": 4, "num_publications_5y": 0, "num_citations_5y": 2, "num_publications_10y": 1, "num_citations_10y": 4, "publications_years": {"2010": 1}, "citations_years": {"2011": 1, "2012": 1, "2013": 0, "2014": 2}, "old_citations": {"2010": 4}, "isVisible": false}, "Queen's University Belfast": {"name": "Queen's University Belfast", "type": "organization", "organization_type": "Education", "h_index": 81, "h5_index": 34, "num_publications": 1, "num_citations": 0, "num_publications_5y": 1, "num_citations_5y": 0, "num_publications_10y": 1, "num_citations_10y": 0, "publications_years": {"2018": 1}, "citations_years": {}, "old_citations": {"2018": 0}, "isVisible": false}, "Sapienza University of Rome": {"name": "Sapienza University of Rome", "type": "organization", "organization_type": "Education", "h_index": 131, "h5_index": 39, "num_publications": 1, "num_citations": 0, "num_publications_5y": 0, "num_citations_5y": 0, "num_publications_10y": 1, "num_citations_10y": 0, "publications_years": {"2011": 1}, "citations_years": {}, "old_citations": {"2011": 0}, "isVisible": false}, "TU Dresden": {"name": "TU Dresden", "type": "organization", "organization_type": "Education", "h_index": 101, "h5_index": 32, "num_publications": 1, "num_citations": 1, "num_publications_5y": 1, "num_citations_5y": 0, "num_publications_10y": 1, "num_citations_10y": 0, "publications_years": {"2018": 1}, "citations_years": {"2019": 1}, "old_citations": {"2018": 1}, "isVisible": false}, "Universities of Applied Sciences Joanneum": {"name": "Universities of Applied Sciences Joanneum", "type": "organization", "organization_type": "Education", "h_index": 12, "h5_index": 4, "num_publications": 1, "num_citations": 1, "num_publications_5y": 1, "num_citations_5y": 1, "num_publications_10y": 1, "num_citations_10y": 1, "publications_years": {"2017": 1}, "citations_years": {"2018": 1}, "old_citations": {"2017": 1}, "isVisible": false}, "University of Bologna": {"name": "University of Bologna", "type": "organization", "organization_type": "Education", "h_index": 141, "h5_index": 36, "num_publications": 1, "num_citations": 0, "num_publications_5y": 1, "num_citations_5y": 0, "num_publications_10y": 1, "num_citations_10y": 0, "publications_years": {"2018": 1}, "citations_years": {}, "old_citations": {"2018": 0}, "isVisible": false}, "University of L'Aquila": {"name": "University of L'Aquila", "type": "organization", "organization_type": "Education", "h_index": 50, "h5_index": 14, "num_publications": 1, "num_citations": 0, "num_publications_5y": 1, "num_citations_5y": 0, "num_publications_10y": 1, "num_citations_10y": 0, "publications_years": {"2014": 1}, "citations_years": {}, "old_citations": {"2014": 0}, "isVisible": false}, "University of Malaga": {"name": "University of Malaga", "type": "organization", "organization_type": "Education", "h_index": 72, "h5_index": 23, "num_publications": 1, "num_citations": 0, "num_publications_5y": 0, "num_citations_5y": 0, "num_publications_10y": 1, "num_citations_10y": 0, "publications_years": {"2010": 1}, "citations_years": {}, "old_citations": {"2010": 0}, "isVisible": false}, "\u00c9cole Sup\u00e9rieure d'Ing\u00e9nieurs en Electronique et Electrotechnique": {"name": "\u00c9cole Sup\u00e9rieure d'Ing\u00e9nieurs en Electronique et Electrotechnique", "type": "organization", "organization_type": "Education", "h_index": 13, "h5_index": 5, "num_publications": 1, "num_citations": 0, "num_publications_5y": 1, "num_citations_5y": 0, "num_publications_10y": 1, "num_citations_10y": 0, "publications_years": {"2018": 1}, "citations_years": {}, "old_citations": {"2018": 0}, "isVisible": false}}, "topics": {"computer science": {"name": "computer science", "type": "topic", "h_index": 1779, "h5_index": 416, "num_publications": 37, "num_citations": 44, "num_publications_5y": 23, "num_citations_5y": 24, "num_publications_10y": 33, "num_citations_10y": 36, "publications_years": {"2008": 4, "2010": 4, "2014": 7, "2018": 14, "2011": 3, "2017": 1, "2012": 3, "2015": 1}, "citations_years": {"2011": 3, "2012": 3, "2013": 4, "2014": 6, "2015": 7, "2016": 7, "2010": 2, "2008": 1, "2019": 5, "2017": 3, "2018": 1, "2020": 2}, "old_citations": {"2008": 5, "2010": 5, "2014": 9, "2018": 4, "2011": 11, "2017": 1, "2012": 8, "2015": 1}, "isVisible": false}, "computer systems": {"name": "computer systems", "type": "topic", "h_index": 1595, "h5_index": 367, "num_publications": 35, "num_citations": 39, "num_publications_5y": 23, "num_citations_5y": 22, "num_publications_10y": 32, "num_citations_10y": 32, "publications_years": {"2008": 3, "2014": 7, "2018": 14, "2011": 3, "2010": 3, "2017": 1, "2012": 3, "2015": 1}, "citations_years": {"2011": 2, "2012": 2, "2013": 4, "2014": 4, "2015": 7, "2016": 7, "2010": 2, "2019": 5, "2017": 3, "2018": 1, "2020": 2}, "old_citations": {"2008": 4, "2014": 9, "2018": 4, "2011": 11, "2010": 1, "2017": 1, "2012": 8, "2015": 1}, "isVisible": false}, "computer networks": {"name": "computer networks", "type": "topic", "h_index": 1262, "h5_index": 332, "num_publications": 34, "num_citations": 37, "num_publications_5y": 23, "num_citations_5y": 22, "num_publications_10y": 32, "num_citations_10y": 30, "publications_years": {"2008": 2, "2014": 7, "2018": 14, "2011": 3, "2010": 3, "2017": 1, "2012": 3, "2015": 1}, "citations_years": {"2011": 2, "2012": 1, "2013": 4, "2014": 4, "2015": 7, "2016": 7, "2019": 5, "2017": 3, "2018": 1, "2020": 2, "2010": 1}, "old_citations": {"2008": 2, "2014": 9, "2018": 4, "2011": 11, "2010": 1, "2017": 1, "2012": 8, "2015": 1}, "isVisible": false}, "telecommunication systems": {"name": "telecommunication systems", "type": "topic", "h_index": 1187, "h5_index": 277, "num_publications": 33, "num_citations": 37, "num_publications_5y": 22, "num_citations_5y": 22, "num_publications_10y": 31, "num_citations_10y": 30, "publications_years": {"2008": 2, "2014": 7, "2018": 13, "2011": 3, "2010": 3, "2017": 1, "2012": 3, "2015": 1}, "citations_years": {"2011": 2, "2012": 1, "2013": 4, "2014": 4, "2015": 7, "2016": 7, "2019": 5, "2017": 3, "2018": 1, "2020": 2, "2010": 1}, "old_citations": {"2008": 2, "2014": 9, "2018": 4, "2011": 11, "2010": 1, "2017": 1, "2012": 8, "2015": 1}, "isVisible": false}, "communication systems": {"name": "communication systems", "type": "topic", "h_index": 1092, "h5_index": 254, "num_publications": 32, "num_citations": 37, "num_publications_5y": 21, "num_citations_5y": 22, "num_publications_10y": 30, "num_citations_10y": 30, "publications_years": {"2008": 2, "2014": 6, "2018": 13, "2011": 3, "2010": 3, "2017": 1, "2012": 3, "2015": 1}, "citations_years": {"2011": 2, "2012": 1, "2013": 4, "2014": 4, "2015": 7, "2016": 7, "2019": 5, "2017": 3, "2018": 1, "2020": 2, "2010": 1}, "old_citations": {"2008": 2, "2014": 9, "2018": 4, "2011": 11, "2010": 1, "2017": 1, "2012": 8, "2015": 1}, "isVisible": false}, "wireless telecommunication systems": {"name": "wireless telecommunication systems", "type": "topic", "h_index": 1087, "h5_index": 254, "num_publications": 32, "num_citations": 37, "num_publications_5y": 21, "num_citations_5y": 22, "num_publications_10y": 30, "num_citations_10y": 30, "publications_years": {"2008": 2, "2014": 6, "2018": 13, "2011": 3, "2010": 3, "2017": 1, "2012": 3, "2015": 1}, "citations_years": {"2011": 2, "2012": 1, "2013": 4, "2014": 4, "2015": 7, "2016": 7, "2019": 5, "2017": 3, "2018": 1, "2020": 2, "2010": 1}, "old_citations": {"2008": 2, "2014": 9, "2018": 4, "2011": 11, "2010": 1, "2017": 1, "2012": 8, "2015": 1}, "isVisible": false}, "engineering": {"name": "engineering", "type": "topic", "h_index": 1177, "h5_index": 287, "num_publications": 28, "num_citations": 33, "num_publications_5y": 17, "num_citations_5y": 18, "num_publications_10y": 24, "num_citations_10y": 26, "publications_years": {"2008": 4, "2010": 3, "2014": 6, "2018": 10, "2011": 3, "2017": 1, "2012": 1}, "citations_years": {"2011": 3, "2012": 2, "2013": 3, "2014": 4, "2015": 5, "2016": 7, "2008": 1, "2017": 1, "2018": 1, "2019": 4, "2020": 2}, "old_citations": {"2008": 3, "2010": 4, "2014": 8, "2018": 3, "2011": 11, "2017": 1, "2012": 3}, "isVisible": false}, "signal processing": {"name": "signal processing", "type": "topic", "h_index": 1012, "h5_index": 255, "num_publications": 28, "num_citations": 33, "num_publications_5y": 17, "num_citations_5y": 18, "num_publications_10y": 24, "num_citations_10y": 26, "publications_years": {"2008": 4, "2010": 3, "2014": 6, "2018": 10, "2011": 3, "2017": 1, "2012": 1}, "citations_years": {"2011": 3, "2012": 2, "2013": 3, "2014": 4, "2015": 5, "2016": 7, "2008": 1, "2017": 1, "2018": 1, "2019": 4, "2020": 2}, "old_citations": {"2008": 3, "2010": 4, "2014": 8, "2018": 3, "2011": 11, "2017": 1, "2012": 3}, "isVisible": false}, "communication channels (information theory)": {"name": "communication channels (information theory)", "type": "topic", "h_index": 925, "h5_index": 216, "num_publications": 26, "num_citations": 33, "num_publications_5y": 17, "num_citations_5y": 20, "num_publications_10y": 24, "num_citations_10y": 26, "publications_years": {"2008": 2, "2018": 11, "2014": 5, "2011": 3, "2010": 2, "2017": 1, "2012": 2}, "citations_years": {"2011": 2, "2012": 1, "2013": 3, "2014": 3, "2015": 7, "2016": 7, "2019": 5, "2017": 2, "2018": 1, "2020": 2}, "old_citations": {"2008": 2, "2018": 4, "2014": 9, "2011": 11, "2010": 0, "2017": 1, "2012": 6}, "isVisible": false}, "antennas": {"name": "antennas", "type": "topic", "h_index": 645, "h5_index": 152, "num_publications": 22, "num_citations": 21, "num_publications_5y": 14, "num_citations_5y": 12, "num_publications_10y": 20, "num_citations_10y": 17, "publications_years": {"2008": 2, "2014": 4, "2018": 9, "2011": 3, "2010": 2, "2017": 1, "2012": 1}, "citations_years": {"2011": 2, "2012": 1, "2013": 2, "2014": 1, "2015": 6, "2016": 2, "2019": 3, "2017": 2, "2018": 1, "2020": 1}, "old_citations": {"2008": 2, "2014": 2, "2018": 2, "2011": 11, "2010": 0, "2017": 1, "2012": 3}, "isVisible": false}, "mathematics": {"name": "mathematics", "type": "topic", "h_index": 1364, "h5_index": 300, "num_publications": 22, "num_citations": 28, "num_publications_5y": 12, "num_citations_5y": 14, "num_publications_10y": 18, "num_citations_10y": 24, "publications_years": {"2008": 4, "2010": 2, "2018": 8, "2011": 2, "2014": 3, "2017": 1, "2012": 2}, "citations_years": {"2011": 2, "2012": 3, "2013": 3, "2014": 5, "2015": 1, "2016": 7, "2010": 2, "2017": 0, "2018": 1, "2019": 3, "2020": 1}, "old_citations": {"2008": 4, "2010": 5, "2018": 3, "2011": 4, "2014": 6, "2017": 1, "2012": 5}, "isVisible": false}, "computer hardware": {"name": "computer hardware", "type": "topic", "h_index": 1150, "h5_index": 279, "num_publications": 20, "num_citations": 21, "num_publications_5y": 14, "num_citations_5y": 10, "num_publications_10y": 18, "num_citations_10y": 16, "publications_years": {"2014": 4, "2018": 9, "2008": 2, "2011": 2, "2012": 1, "2015": 1, "2010": 1}, "citations_years": {"2010": 2, "2011": 1, "2012": 1, "2008": 1, "2015": 3, "2016": 4, "2017": 2, "2018": 0, "2019": 2, "2020": 2, "2013": 2, "2014": 1}, "old_citations": {"2014": 6, "2018": 1, "2008": 3, "2011": 7, "2012": 2, "2015": 1, "2010": 1}, "isVisible": false}, "signal to noise ratio": {"name": "signal to noise ratio", "type": "topic", "h_index": 821, "h5_index": 194, "num_publications": 19, "num_citations": 28, "num_publications_5y": 12, "num_citations_5y": 16, "num_publications_10y": 17, "num_citations_10y": 22, "publications_years": {"2008": 2, "2018": 7, "2014": 4, "2011": 3, "2010": 1, "2017": 1, "2012": 1}, "citations_years": {"2011": 2, "2012": 1, "2013": 3, "2014": 2, "2015": 5, "2016": 7, "2017": 1, "2018": 1, "2019": 4, "2020": 2}, "old_citations": {"2008": 2, "2018": 3, "2014": 8, "2011": 11, "2010": 0, "2017": 1, "2012": 3}, "isVisible": false}, "telecommunication networks": {"name": "telecommunication networks", "type": "topic", "h_index": 1116, "h5_index": 258, "num_publications": 19, "num_citations": 13, "num_publications_5y": 11, "num_citations_5y": 8, "num_publications_10y": 17, "num_citations_10y": 11, "publications_years": {"2008": 2, "2018": 7, "2011": 1, "2014": 4, "2010": 2, "2012": 3}, "citations_years": {"2011": 1, "2012": 0, "2013": 2, "2014": 3, "2015": 2, "2016": 2, "2019": 2, "2017": 1}, "old_citations": {"2008": 2, "2018": 2, "2011": 0, "2014": 1, "2010": 0, "2012": 8}, "isVisible": false}, "bandwidth": {"name": "bandwidth", "type": "topic", "h_index": 922, "h5_index": 201, "num_publications": 16, "num_citations": 14, "num_publications_5y": 13, "num_citations_5y": 8, "num_publications_10y": 16, "num_citations_10y": 10, "publications_years": {"2014": 4, "2018": 9, "2011": 2, "2012": 1}, "citations_years": {"2015": 6, "2019": 3, "2011": 1, "2012": 0, "2013": 1, "2014": 0, "2016": 0, "2017": 2, "2018": 0, "2020": 1}, "old_citations": {"2014": 2, "2018": 2, "2011": 7, "2012": 3}, "isVisible": false}, "signal detection": {"name": "signal detection", "type": "topic", "h_index": 720, "h5_index": 185, "num_publications": 15, "num_citations": 18, "num_publications_5y": 7, "num_citations_5y": 9, "num_publications_10y": 13, "num_citations_10y": 15, "publications_years": {"2008": 2, "2018": 4, "2011": 3, "2014": 2, "2010": 2, "2017": 1, "2012": 1}, "citations_years": {"2011": 2, "2012": 1, "2013": 3, "2014": 2, "2015": 2, "2016": 3, "2017": 1, "2018": 1, "2019": 2, "2020": 1}, "old_citations": {"2008": 2, "2018": 1, "2011": 11, "2014": 0, "2010": 0, "2017": 1, "2012": 3}, "isVisible": false}, "computer imaging and vision": {"name": "computer imaging and vision", "type": "topic", "h_index": 1142, "h5_index": 334, "num_publications": 14, "num_citations": 10, "num_publications_5y": 11, "num_citations_5y": 6, "num_publications_10y": 13, "num_citations_10y": 7, "publications_years": {"2008": 1, "2014": 3, "2018": 8, "2011": 1, "2012": 1}, "citations_years": {"2011": 1, "2012": 0, "2013": 0, "2014": 0, "2015": 4, "2016": 1, "2017": 1, "2019": 3}, "old_citations": {"2008": 2, "2014": 2, "2018": 3, "2011": 0, "2012": 3}, "isVisible": false}, "image analysis": {"name": "image analysis", "type": "topic", "h_index": 988, "h5_index": 315, "num_publications": 14, "num_citations": 10, "num_publications_5y": 11, "num_citations_5y": 6, "num_publications_10y": 13, "num_citations_10y": 7, "publications_years": {"2008": 1, "2014": 3, "2018": 8, "2011": 1, "2012": 1}, "citations_years": {"2011": 1, "2012": 0, "2013": 0, "2014": 0, "2015": 4, "2016": 1, "2017": 1, "2019": 3}, "old_citations": {"2008": 2, "2014": 2, "2018": 3, "2011": 0, "2012": 3}, "isVisible": false}, "image processing": {"name": "image processing", "type": "topic", "h_index": 1113, "h5_index": 328, "num_publications": 14, "num_citations": 10, "num_publications_5y": 11, "num_citations_5y": 6, "num_publications_10y": 13, "num_citations_10y": 7, "publications_years": {"2008": 1, "2014": 3, "2018": 8, "2011": 1, "2012": 1}, "citations_years": {"2011": 1, "2012": 0, "2013": 0, "2014": 0, "2015": 4, "2016": 1, "2017": 1, "2019": 3}, "old_citations": {"2008": 2, "2014": 2, "2018": 3, "2011": 0, "2012": 3}, "isVisible": false}, "telecommunication traffic": {"name": "telecommunication traffic", "type": "topic", "h_index": 1036, "h5_index": 233, "num_publications": 14, "num_citations": 10, "num_publications_5y": 7, "num_citations_5y": 6, "num_publications_10y": 12, "num_citations_10y": 8, "publications_years": {"2008": 2, "2018": 5, "2011": 1, "2014": 2, "2010": 2, "2012": 2}, "citations_years": {"2011": 1, "2012": 0, "2013": 1, "2014": 1, "2015": 2, "2016": 2, "2019": 2, "2017": 1}, "old_citations": {"2008": 2, "2018": 2, "2011": 0, "2014": 0, "2010": 0, "2012": 6}, "isVisible": false}, "probability": {"name": "probability", "type": "topic", "h_index": 918, "h5_index": 211, "num_publications": 12, "num_citations": 15, "num_publications_5y": 8, "num_citations_5y": 8, "num_publications_10y": 11, "num_citations_10y": 11, "publications_years": {"2008": 1, "2011": 1, "2014": 3, "2018": 5, "2010": 1, "2012": 1}, "citations_years": {"2011": 1, "2012": 0, "2013": 1, "2014": 1, "2015": 1, "2016": 6, "2017": 0, "2018": 0, "2019": 3, "2020": 1, "2010": 1}, "old_citations": {"2008": 2, "2011": 0, "2014": 6, "2018": 3, "2010": 1, "2012": 3}, "isVisible": false}, "signal receivers": {"name": "signal receivers", "type": "topic", "h_index": 539, "h5_index": 121, "num_publications": 11, "num_citations": 14, "num_publications_5y": 5, "num_citations_5y": 7, "num_publications_10y": 9, "num_citations_10y": 12, "publications_years": {"2008": 2, "2018": 3, "2011": 3, "2010": 1, "2017": 1, "2014": 1}, "citations_years": {"2011": 2, "2012": 1, "2013": 2, "2014": 1, "2015": 2, "2016": 2, "2017": 1, "2018": 1, "2019": 1, "2020": 1}, "old_citations": {"2008": 2, "2018": 0, "2011": 11, "2010": 0, "2017": 1, "2014": 0}, "isVisible": false}, "transmitters": {"name": "transmitters", "type": "topic", "h_index": 396, "h5_index": 106, "num_publications": 11, "num_citations": 14, "num_publications_5y": 5, "num_citations_5y": 7, "num_publications_10y": 9, "num_citations_10y": 12, "publications_years": {"2008": 2, "2018": 3, "2011": 3, "2010": 1, "2017": 1, "2014": 1}, "citations_years": {"2011": 2, "2012": 1, "2013": 2, "2014": 1, "2015": 2, "2016": 2, "2017": 1, "2018": 1, "2019": 1, "2020": 1}, "old_citations": {"2008": 2, "2018": 0, "2011": 11, "2010": 0, "2017": 1, "2014": 0}, "isVisible": false}, "wide-band": {"name": "wide-band", "type": "topic", "h_index": 179, "h5_index": 43, "num_publications": 6, "num_citations": 13, "num_publications_5y": 4, "num_citations_5y": 8, "num_publications_10y": 6, "num_citations_10y": 10, "publications_years": {"2014": 1, "2018": 3, "2011": 1, "2012": 1}, "citations_years": {"2015": 6, "2019": 2, "2011": 1, "2012": 0, "2013": 1, "2014": 0, "2016": 0, "2017": 2, "2018": 0, "2020": 1}, "old_citations": {"2014": 2, "2018": 1, "2011": 7, "2012": 3}, "isVisible": false}, "microwaves": {"name": "microwaves", "type": "topic", "h_index": 198, "h5_index": 60, "num_publications": 11, "num_citations": 11, "num_publications_5y": 9, "num_citations_5y": 7, "num_publications_10y": 10, "num_citations_10y": 8, "publications_years": {"2014": 3, "2018": 6, "2008": 1, "2012": 1}, "citations_years": {"2008": 1, "2015": 1, "2016": 5, "2017": 0, "2018": 0, "2019": 1, "2020": 1, "2013": 1, "2014": 1}, "old_citations": {"2014": 6, "2018": 1, "2008": 1, "2012": 3}, "isVisible": false}, "power allocations": {"name": "power allocations", "type": "topic", "h_index": 312, "h5_index": 81, "num_publications": 7, "num_citations": 12, "num_publications_5y": 5, "num_citations_5y": 9, "num_publications_10y": 7, "num_citations_10y": 10, "publications_years": {"2014": 3, "2012": 1, "2015": 1, "2010": 1, "2018": 1}, "citations_years": {"2015": 3, "2016": 4, "2017": 2, "2018": 0, "2019": 1, "2020": 1, "2010": 1}, "old_citations": {"2014": 6, "2012": 3, "2015": 1, "2010": 1, "2018": 1}, "isVisible": false}, "image reconstruction": {"name": "image reconstruction", "type": "topic", "h_index": 725, "h5_index": 240, "num_publications": 9, "num_citations": 3, "num_publications_5y": 7, "num_citations_5y": 3, "num_publications_10y": 9, "num_citations_10y": 3, "publications_years": {"2014": 1, "2018": 6, "2011": 1, "2012": 1}, "citations_years": {"2015": 2, "2016": 0, "2017": 1}, "old_citations": {"2014": 0, "2018": 0, "2011": 0, "2012": 3}, "isVisible": false}, "imaging systems": {"name": "imaging systems", "type": "topic", "h_index": 614, "h5_index": 207, "num_publications": 9, "num_citations": 3, "num_publications_5y": 7, "num_citations_5y": 3, "num_publications_10y": 9, "num_citations_10y": 3, "publications_years": {"2014": 1, "2018": 6, "2011": 1, "2012": 1}, "citations_years": {"2015": 2, "2016": 0, "2017": 1}, "old_citations": {"2014": 0, "2018": 0, "2011": 0, "2012": 3}, "isVisible": false}, "image coding": {"name": "image coding", "type": "topic", "h_index": 759, "h5_index": 203, "num_publications": 4, "num_citations": 7, "num_publications_5y": 3, "num_citations_5y": 3, "num_publications_10y": 3, "num_citations_10y": 4, "publications_years": {"2008": 1, "2014": 1, "2018": 2}, "citations_years": {"2011": 1, "2012": 0, "2013": 0, "2014": 0, "2015": 2, "2016": 1, "2019": 3}, "old_citations": {"2008": 2, "2014": 2, "2018": 3}, "isVisible": false}, "image compression": {"name": "image compression", "type": "topic", "h_index": 557, "h5_index": 142, "num_publications": 4, "num_citations": 7, "num_publications_5y": 3, "num_citations_5y": 3, "num_publications_10y": 3, "num_citations_10y": 4, "publications_years": {"2008": 1, "2014": 1, "2018": 2}, "citations_years": {"2011": 1, "2012": 0, "2013": 0, "2014": 0, "2015": 2, "2016": 1, "2019": 3}, "old_citations": {"2008": 2, "2014": 2, "2018": 3}, "isVisible": false}, "image quality": {"name": "image quality", "type": "topic", "h_index": 704, "h5_index": 206, "num_publications": 4, "num_citations": 7, "num_publications_5y": 3, "num_citations_5y": 3, "num_publications_10y": 3, "num_citations_10y": 4, "publications_years": {"2008": 1, "2014": 1, "2018": 2}, "citations_years": {"2011": 1, "2012": 0, "2013": 0, "2014": 0, "2015": 2, "2016": 1, "2019": 3}, "old_citations": {"2008": 2, "2014": 2, "2018": 3}, "isVisible": false}, "signal distortion": {"name": "signal distortion", "type": "topic", "h_index": 264, "h5_index": 73, "num_publications": 4, "num_citations": 7, "num_publications_5y": 3, "num_citations_5y": 3, "num_publications_10y": 3, "num_citations_10y": 4, "publications_years": {"2008": 1, "2014": 1, "2018": 2}, "citations_years": {"2011": 1, "2012": 0, "2013": 0, "2014": 0, "2015": 2, "2016": 1, "2019": 3}, "old_citations": {"2008": 2, "2014": 2, "2018": 3}, "isVisible": false}}, "authors": {"2143018988": {"name": "christian fager", "type": "author", "activity": 21, "h_index": 9, "h5_index": 2, "mag_id": "2143018988", "num_publications": 5, "num_citations": 14, "num_publications_5y": 2, "num_citations_5y": 8, "num_publications_10y": 4, "num_citations_10y": 11, "publications_years": {"2008": 1, "2014": 1, "2011": 1, "2018": 1, "2010": 1}, "citations_years": {"2015": 3, "2016": 4, "2017": 1, "2018": 0, "2019": 1, "2020": 2, "2011": 1, "2012": 0, "2013": 1, "2014": 0, "2010": 1}, "old_citations": {"2008": 0, "2014": 6, "2011": 7, "2018": 0, "2010": 1}, "isVisible": true}, "2951656317": {"name": "edouard ngoya", "type": "author", "activity": 30, "h_index": 9, "h5_index": 0, "mag_id": "2951656317", "num_publications": 4, "num_citations": 3, "num_publications_5y": 3, "num_citations_5y": 1, "num_publications_10y": 3, "num_citations_10y": 3, "publications_years": {"2018": 2, "2008": 1, "2015": 1}, "citations_years": {"2010": 1, "2011": 0, "2012": 1, "2017": 1}, "old_citations": {"2018": 0, "2008": 2, "2015": 1}, "isVisible": false}, "2139022383": {"name": "nuno borges carvalho", "type": "author", "activity": 24, "h_index": 9, "h5_index": 2, "mag_id": "2139022383", "num_publications": 3, "num_citations": 2, "num_publications_5y": 1, "num_citations_5y": 1, "num_publications_10y": 2, "num_citations_10y": 2, "publications_years": {"2008": 1, "2014": 1, "2010": 1}, "citations_years": {"2011": 1, "2012": 0, "2013": 0, "2014": 0, "2015": 0, "2016": 1}, "old_citations": {"2008": 2, "2014": 0, "2010": 0}, "isVisible": false}, "2185139631": {"name": "thomas eriksson", "type": "author", "activity": 28, "h_index": 21, "h5_index": 9, "mag_id": "2185139631", "num_publications": 3, "num_citations": 14, "num_publications_5y": 1, "num_citations_5y": 8, "num_publications_10y": 3, "num_citations_10y": 11, "publications_years": {"2014": 1, "2011": 1, "2010": 1}, "citations_years": {"2015": 3, "2016": 4, "2017": 1, "2018": 0, "2019": 1, "2020": 2, "2011": 1, "2012": 0, "2013": 1, "2014": 0, "2010": 1}, "old_citations": {"2014": 6, "2011": 7, "2010": 1}, "isVisible": false}, "2305508334": {"name": "s mons", "type": "author", "activity": 19, "h_index": 1, "h5_index": 0, "mag_id": "2305508334", "num_publications": 3, "num_citations": 1, "num_publications_5y": 3, "num_citations_5y": 1, "num_publications_10y": 3, "num_citations_10y": 1, "publications_years": {"2018": 2, "2015": 1}, "citations_years": {"2017": 1}, "old_citations": {"2018": 0, "2015": 1}, "isVisible": false}, "85928128": {"name": "dominique schreurs", "type": "author", "activity": 24, "h_index": 9, "h5_index": 3, "mag_id": "85928128", "num_publications": 2, "num_citations": 0, "num_publications_5y": 1, "num_citations_5y": 0, "num_publications_10y": 1, "num_citations_10y": 0, "publications_years": {"2008": 1, "2018": 1}, "citations_years": {}, "old_citations": {"2008": 0, "2018": 0}, "isVisible": false}, "731010583": {"name": "gottfried magerl", "type": "author", "activity": 28, "h_index": 4, "h5_index": 2, "mag_id": "731010583", "num_publications": 2, "num_citations": 6, "num_publications_5y": 1, "num_citations_5y": 2, "num_publications_10y": 2, "num_citations_10y": 4, "publications_years": {"2018": 1, "2011": 1}, "citations_years": {"2019": 2, "2012": 1, "2013": 1, "2014": 1, "2015": 0, "2016": 1}, "old_citations": {"2018": 2, "2011": 4}, "isVisible": false}, "1994443934": {"name": "tibault reveyrand", "type": "author", "activity": 17, "h_index": 1, "h5_index": 1, "mag_id": "1994443934", "num_publications": 2, "num_citations": 0, "num_publications_5y": 2, "num_citations_5y": 0, "num_publications_10y": 2, "num_citations_10y": 0, "publications_years": {"2018": 2}, "citations_years": {}, "old_citations": {"2018": 0}, "isVisible": false}, "2020584634": {"name": "marcus gavell", "type": "author", "activity": 8, "h_index": 2, "h5_index": 0, "mag_id": "2020584634", "num_publications": 2, "num_citations": 2, "num_publications_5y": 1, "num_citations_5y": 1, "num_publications_10y": 2, "num_citations_10y": 2, "publications_years": {"2018": 1, "2012": 1}, "citations_years": {"2013": 1, "2014": 1}, "old_citations": {"2018": 0, "2012": 2}, "isVisible": false}, "2020924035": {"name": "g vannini", "type": "author", "activity": 29, "h_index": 4, "h5_index": 1, "mag_id": "2020924035", "num_publications": 2, "num_citations": 3, "num_publications_5y": 1, "num_citations_5y": 3, "num_publications_10y": 2, "num_citations_10y": 3, "publications_years": {"2012": 1, "2018": 1}, "citations_years": {"2015": 2, "2016": 0, "2017": 1}, "old_citations": {"2012": 3, "2018": 0}, "isVisible": false}, "2037420796": {"name": "ali soltani tehrani", "type": "author", "activity": 6, "h_index": 3, "h5_index": 0, "mag_id": "2037420796", "num_publications": 2, "num_citations": 8, "num_publications_5y": 0, "num_citations_5y": 3, "num_publications_10y": 2, "num_citations_10y": 6, "publications_years": {"2011": 1, "2010": 1}, "citations_years": {"2011": 1, "2012": 0, "2013": 1, "2014": 0, "2015": 2, "2016": 0, "2017": 1, "2018": 0, "2019": 1, "2020": 1, "2010": 1}, "old_citations": {"2011": 7, "2010": 1}, "isVisible": false}, "2130295381": {"name": "antonio raffo", "type": "author", "activity": 14, "h_index": 3, "h5_index": 1, "mag_id": "2130295381", "num_publications": 2, "num_citations": 3, "num_publications_5y": 1, "num_citations_5y": 3, "num_publications_10y": 2, "num_citations_10y": 3, "publications_years": {"2012": 1, "2018": 1}, "citations_years": {"2015": 2, "2016": 0, "2017": 1}, "old_citations": {"2012": 3, "2018": 0}, "isVisible": false}, "2143049865": {"name": "r quere", "type": "author", "activity": 29, "h_index": 6, "h5_index": 2, "mag_id": "2143049865", "num_publications": 2, "num_citations": 1, "num_publications_5y": 2, "num_citations_5y": 0, "num_publications_10y": 2, "num_citations_10y": 0, "publications_years": {"2018": 2}, "citations_years": {"2019": 1}, "old_citations": {"2018": 1}, "isVisible": false}, "2148032826": {"name": "haiying cao", "type": "author", "activity": 5, "h_index": 3, "h5_index": 0, "mag_id": "2148032826", "num_publications": 2, "num_citations": 8, "num_publications_5y": 0, "num_citations_5y": 3, "num_publications_10y": 2, "num_citations_10y": 6, "publications_years": {"2011": 1, "2010": 1}, "citations_years": {"2011": 1, "2012": 0, "2013": 1, "2014": 0, "2015": 2, "2016": 0, "2017": 1, "2018": 0, "2019": 1, "2020": 1, "2010": 1}, "old_citations": {"2011": 7, "2010": 1}, "isVisible": false}, "2161573295": {"name": "dylan f williams", "type": "author", "activity": 27, "h_index": 10, "h5_index": 1, "mag_id": "2161573295", "num_publications": 2, "num_citations": 2, "num_publications_5y": 2, "num_citations_5y": 2, "num_publications_10y": 2, "num_citations_10y": 2, "publications_years": {"2014": 2}, "citations_years": {"2015": 2}, "old_citations": {"2014": 2}, "isVisible": false}, "2308415945": {"name": "sylvain laurent", "type": "author", "activity": 3, "h_index": 1, "h5_index": 1, "mag_id": "2308415945", "num_publications": 2, "num_citations": 1, "num_publications_5y": 2, "num_citations_5y": 0, "num_publications_10y": 2, "num_citations_10y": 0, "publications_years": {"2018": 2}, "citations_years": {"2019": 1}, "old_citations": {"2018": 1}, "isVisible": false}, "2463670411": {"name": "michel prigent", "type": "author", "activity": 19, "h_index": 2, "h5_index": 1, "mag_id": "2463670411", "num_publications": 2, "num_citations": 1, "num_publications_5y": 2, "num_citations_5y": 0, "num_publications_10y": 2, "num_citations_10y": 0, "publications_years": {"2018": 2}, "citations_years": {"2019": 1}, "old_citations": {"2018": 1}, "isVisible": false}, "10168427": {"name": "gian piero gibiino", "type": "author", "activity": 8, "h_index": 1, "h5_index": 1, "mag_id": "10168427", "num_publications": 1, "num_citations": 0, "num_publications_5y": 1, "num_citations_5y": 0, "num_publications_10y": 1, "num_citations_10y": 0, "publications_years": {"2018": 1}, "citations_years": {}, "old_citations": {"2018": 0}, "isVisible": false}, "86723563": {"name": "thomas faseth", "type": "author", "activity": 9, "h_index": 3, "h5_index": 2, "mag_id": "86723563", "num_publications": 1, "num_citations": 4, "num_publications_5y": 0, "num_citations_5y": 2, "num_publications_10y": 1, "num_citations_10y": 4, "publications_years": {"2011": 1}, "citations_years": {"2012": 1, "2013": 1, "2014": 1, "2015": 0, "2016": 1}, "old_citations": {"2011": 4}, "isVisible": false}, "241928076": {"name": "m gadringer", "type": "author", "activity": 12, "h_index": 4, "h5_index": 0, "mag_id": "241928076", "num_publications": 1, "num_citations": 4, "num_publications_5y": 0, "num_citations_5y": 2, "num_publications_10y": 1, "num_citations_10y": 4, "publications_years": {"2011": 1}, "citations_years": {"2012": 1, "2013": 1, "2014": 1, "2015": 0, "2016": 1}, "old_citations": {"2011": 4}, "isVisible": false}, "257249612": {"name": "mattias ferndahl", "type": "author", "activity": 16, "h_index": 4, "h5_index": 1, "mag_id": "257249612", "num_publications": 1, "num_citations": 2, "num_publications_5y": 0, "num_citations_5y": 1, "num_publications_10y": 1, "num_citations_10y": 2, "publications_years": {"2012": 1}, "citations_years": {"2013": 1, "2014": 1}, "old_citations": {"2012": 2}, "isVisible": false}, "287677965": {"name": "kate a remley", "type": "author", "activity": 19, "h_index": 10, "h5_index": 3, "mag_id": "287677965", "num_publications": 1, "num_citations": 2, "num_publications_5y": 1, "num_citations_5y": 2, "num_publications_10y": 1, "num_citations_10y": 2, "publications_years": {"2014": 1}, "citations_years": {"2015": 2}, "old_citations": {"2014": 2}, "isVisible": false}, "319432949": {"name": "s lemey", "type": "author", "activity": 2, "h_index": 1, "h5_index": 1, "mag_id": "319432949", "num_publications": 1, "num_citations": 0, "num_publications_5y": 1, "num_citations_5y": 0, "num_publications_10y": 1, "num_citations_10y": 0, "publications_years": {"2018": 1}, "citations_years": {}, "old_citations": {"2018": 0}, "isVisible": false}, "433653379": {"name": "i angelov", "type": "author", "activity": 20, "h_index": 2, "h5_index": 0, "mag_id": "433653379", "num_publications": 1, "num_citations": 2, "num_publications_5y": 0, "num_citations_5y": 1, "num_publications_10y": 1, "num_citations_10y": 2, "publications_years": {"2012": 1}, "citations_years": {"2013": 1, "2014": 1}, "old_citations": {"2012": 2}, "isVisible": false}, "647253464": {"name": "a leggieri", "type": "author", "activity": 5, "h_index": 2, "h5_index": 1, "mag_id": "647253464", "num_publications": 1, "num_citations": 0, "num_publications_5y": 1, "num_citations_5y": 0, "num_publications_10y": 1, "num_citations_10y": 0, "publications_years": {"2018": 1}, "citations_years": {}, "old_citations": {"2018": 0}, "isVisible": false}, "1311704351": {"name": "hendrik rogier", "type": "author", "activity": 22, "h_index": 8, "h5_index": 2, "mag_id": "1311704351", "num_publications": 1, "num_citations": 0, "num_publications_5y": 1, "num_citations_5y": 0, "num_publications_10y": 1, "num_citations_10y": 0, "publications_years": {"2018": 1}, "citations_years": {}, "old_citations": {"2018": 0}, "isVisible": false}, "1542331716": {"name": "antonio tafuto", "type": "author", "activity": 5, "h_index": 1, "h5_index": 1, "mag_id": "1542331716", "num_publications": 1, "num_citations": 0, "num_publications_5y": 1, "num_citations_5y": 0, "num_publications_10y": 1, "num_citations_10y": 0, "publications_years": {"2018": 1}, "citations_years": {}, "old_citations": {"2018": 0}, "isVisible": false}, "1959642765": {"name": "thomas j brazil", "type": "author", "activity": 27, "h_index": 7, "h5_index": 1, "mag_id": "1959642765", "num_publications": 1, "num_citations": 0, "num_publications_5y": 1, "num_citations_5y": 0, "num_publications_10y": 1, "num_citations_10y": 0, "publications_years": {"2014": 1}, "citations_years": {}, "old_citations": {"2014": 0}, "isVisible": false}, "1968737432": {"name": "t m martinguerrero", "type": "author", "activity": 11, "h_index": 1, "h5_index": 0, "mag_id": "1968737432", "num_publications": 1, "num_citations": 0, "num_publications_5y": 0, "num_citations_5y": 0, "num_publications_10y": 1, "num_citations_10y": 0, "publications_years": {"2010": 1}, "citations_years": {}, "old_citations": {"2010": 0}, "isVisible": false}, "1971269744": {"name": "harald enzinger", "type": "author", "activity": 11, "h_index": 5, "h5_index": 3, "mag_id": "1971269744", "num_publications": 1, "num_citations": 1, "num_publications_5y": 1, "num_citations_5y": 1, "num_publications_10y": 1, "num_citations_10y": 1, "publications_years": {"2017": 1}, "citations_years": {"2018": 1}, "old_citations": {"2017": 1}, "isVisible": false}, "1974211934": {"name": "franco di paolo", "type": "author", "activity": 19, "h_index": 2, "h5_index": 0, "mag_id": "1974211934", "num_publications": 1, "num_citations": 0, "num_publications_5y": 1, "num_citations_5y": 0, "num_publications_10y": 1, "num_citations_10y": 0, "publications_years": {"2018": 1}, "citations_years": {}, "old_citations": {"2018": 0}, "isVisible": false}, "1976426510": {"name": "michel alleguemartinez", "type": "author", "activity": 5, "h_index": 2, "h5_index": 1, "mag_id": "1976426510", "num_publications": 1, "num_citations": 1, "num_publications_5y": 1, "num_citations_5y": 1, "num_publications_10y": 1, "num_citations_10y": 1, "publications_years": {"2014": 1}, "citations_years": {"2014": 1}, "old_citations": {"2014": 1}, "isVisible": false}, "1982364080": {"name": "r neil braithwaite", "type": "author", "activity": 4, "h_index": 3, "h5_index": 0, "mag_id": "1982364080", "num_publications": 1, "num_citations": 3, "num_publications_5y": 0, "num_citations_5y": 2, "num_publications_10y": 1, "num_citations_10y": 3, "publications_years": {"2012": 1}, "citations_years": {"2013": 1, "2014": 1, "2015": 0, "2016": 1}, "old_citations": {"2012": 3}, "isVisible": false}, "1985581041": {"name": "v armengaud", "type": "author", "activity": 5, "h_index": 1, "h5_index": 1, "mag_id": "1985581041", "num_publications": 1, "num_citations": 0, "num_publications_5y": 1, "num_citations_5y": 0, "num_publications_10y": 1, "num_citations_10y": 0, "publications_years": {"2018": 1}, "citations_years": {}, "old_citations": {"2018": 0}, "isVisible": false}, "1994702127": {"name": "d passi", "type": "author", "activity": 4, "h_index": 1, "h5_index": 0, "mag_id": "1994702127", "num_publications": 1, "num_citations": 0, "num_publications_5y": 1, "num_citations_5y": 0, "num_publications_10y": 1, "num_citations_10y": 0, "publications_years": {"2018": 1}, "citations_years": {}, "old_citations": {"2018": 0}, "isVisible": false}, "1996534230": {"name": "g leuzzi", "type": "author", "activity": 28, "h_index": 6, "h5_index": 3, "mag_id": "1996534230", "num_publications": 1, "num_citations": 0, "num_publications_5y": 1, "num_citations_5y": 0, "num_publications_10y": 1, "num_citations_10y": 0, "publications_years": {"2014": 1}, "citations_years": {}, "old_citations": {"2014": 0}, "isVisible": false}, "2001667582": {"name": "francesco scappaviva", "type": "author", "activity": 1, "h_index": 1, "h5_index": 0, "mag_id": "2001667582", "num_publications": 1, "num_citations": 3, "num_publications_5y": 0, "num_citations_5y": 3, "num_publications_10y": 1, "num_citations_10y": 3, "publications_years": {"2012": 1}, "citations_years": {"2015": 2, "2016": 0, "2017": 1}, "old_citations": {"2012": 3}, "isVisible": false}, "2006112629": {"name": "frank ellinger", "type": "author", "activity": 18, "h_index": 16, "h5_index": 6, "mag_id": "2006112629", "num_publications": 1, "num_citations": 1, "num_publications_5y": 1, "num_citations_5y": 0, "num_publications_10y": 1, "num_citations_10y": 0, "publications_years": {"2018": 1}, "citations_years": {"2019": 1}, "old_citations": {"2018": 1}, "isVisible": false}, "2006359041": {"name": "mury thian", "type": "author", "activity": 6, "h_index": 0, "h5_index": 0, "mag_id": "2006359041", "num_publications": 1, "num_citations": 0, "num_publications_5y": 1, "num_citations_5y": 0, "num_publications_10y": 1, "num_citations_10y": 0, "publications_years": {"2018": 1}, "citations_years": {}, "old_citations": {"2018": 0}, "isVisible": false}, "2020689385": {"name": "valeria vadala", "type": "author", "activity": 4, "h_index": 2, "h5_index": 0, "mag_id": "2020689385", "num_publications": 1, "num_citations": 3, "num_publications_5y": 0, "num_citations_5y": 3, "num_publications_10y": 1, "num_citations_10y": 3, "publications_years": {"2012": 1}, "citations_years": {"2015": 2, "2016": 0, "2017": 1}, "old_citations": {"2012": 3}, "isVisible": false}, "2035037859": {"name": "l pantoli", "type": "author", "activity": 8, "h_index": 7, "h5_index": 4, "mag_id": "2035037859", "num_publications": 1, "num_citations": 0, "num_publications_5y": 1, "num_citations_5y": 0, "num_publications_10y": 1, "num_citations_10y": 0, "publications_years": {"2014": 1}, "citations_years": {}, "old_citations": {"2014": 0}, "isVisible": false}, "2043669862": {"name": "pasquale tommasino", "type": "author", "activity": 20, "h_index": 3, "h5_index": 1, "mag_id": "2043669862", "num_publications": 1, "num_citations": 0, "num_publications_5y": 0, "num_citations_5y": 0, "num_publications_10y": 1, "num_citations_10y": 0, "publications_years": {"2011": 1}, "citations_years": {}, "old_citations": {"2011": 0}, "isVisible": false}, "2072796671": {"name": "per n landin", "type": "author", "activity": 10, "h_index": 5, "h5_index": 1, "mag_id": "2072796671", "num_publications": 1, "num_citations": 6, "num_publications_5y": 1, "num_citations_5y": 5, "num_publications_10y": 1, "num_citations_10y": 5, "publications_years": {"2014": 1}, "citations_years": {"2015": 1, "2016": 4, "2017": 0, "2018": 0, "2019": 0, "2020": 1}, "old_citations": {"2014": 6}, "isVisible": false}, "2079456608": {"name": "corrado carta", "type": "author", "activity": 8, "h_index": 7, "h5_index": 3, "mag_id": "2079456608", "num_publications": 1, "num_citations": 1, "num_publications_5y": 1, "num_citations_5y": 0, "num_publications_10y": 1, "num_citations_10y": 0, "publications_years": {"2018": 1}, "citations_years": {"2019": 1}, "old_citations": {"2018": 1}, "isVisible": false}, "2085373038": {"name": "vincenzo stornelli", "type": "author", "activity": 16, "h_index": 13, "h5_index": 6, "mag_id": "2085373038", "num_publications": 1, "num_citations": 0, "num_publications_5y": 1, "num_citations_5y": 0, "num_publications_10y": 1, "num_citations_10y": 0, "publications_years": {"2014": 1}, "citations_years": {}, "old_citations": {"2014": 0}, "isVisible": false}, "2096751400": {"name": "j c pedro", "type": "author", "activity": 23, "h_index": 10, "h5_index": 1, "mag_id": "2096751400", "num_publications": 1, "num_citations": 4, "num_publications_5y": 0, "num_citations_5y": 2, "num_publications_10y": 1, "num_citations_10y": 4, "publications_years": {"2010": 1}, "citations_years": {"2011": 1, "2012": 1, "2013": 0, "2014": 2}, "old_citations": {"2010": 4}, "isVisible": false}, "2099674855": {"name": "p j tasker", "type": "author", "activity": 17, "h_index": 3, "h5_index": 1, "mag_id": "2099674855", "num_publications": 1, "num_citations": 0, "num_publications_5y": 1, "num_citations_5y": 0, "num_publications_10y": 1, "num_citations_10y": 0, "publications_years": {"2018": 1}, "citations_years": {}, "old_citations": {"2018": 0}, "isVisible": false}, "2109969163": {"name": "gustavo avolio", "type": "author", "activity": 10, "h_index": 2, "h5_index": 1, "mag_id": "2109969163", "num_publications": 1, "num_citations": 0, "num_publications_5y": 1, "num_citations_5y": 0, "num_publications_10y": 1, "num_citations_10y": 0, "publications_years": {"2018": 1}, "citations_years": {}, "old_citations": {"2018": 0}, "isVisible": false}, "2111644895": {"name": "alberto santarelli", "type": "author", "activity": 24, "h_index": 2, "h5_index": 1, "mag_id": "2111644895", "num_publications": 1, "num_citations": 0, "num_publications_5y": 1, "num_citations_5y": 0, "num_publications_10y": 1, "num_citations_10y": 0, "publications_years": {"2018": 1}, "citations_years": {}, "old_citations": {"2018": 0}, "isVisible": false}, "2112658986": {"name": "giuseppe scotti", "type": "author", "activity": 19, "h_index": 11, "h5_index": 4, "mag_id": "2112658986", "num_publications": 1, "num_citations": 0, "num_publications_5y": 0, "num_citations_5y": 0, "num_publications_10y": 1, "num_citations_10y": 0, "publications_years": {"2011": 1}, "citations_years": {}, "old_citations": {"2011": 0}, "isVisible": false}, "2112668135": {"name": "jessica chani cahuana", "type": "author", "activity": 3, "h_index": 1, "h5_index": 0, "mag_id": "2112668135", "num_publications": 1, "num_citations": 6, "num_publications_5y": 1, "num_citations_5y": 5, "num_publications_10y": 1, "num_citations_10y": 5, "publications_years": {"2014": 1}, "citations_years": {"2015": 1, "2016": 4, "2017": 0, "2018": 0, "2019": 0, "2020": 1}, "old_citations": {"2014": 6}, "isVisible": false}, "2112775190": {"name": "jose pedro borrego", "type": "author", "activity": 10, "h_index": 1, "h5_index": 0, "mag_id": "2112775190", "num_publications": 1, "num_citations": 0, "num_publications_5y": 0, "num_citations_5y": 0, "num_publications_10y": 1, "num_citations_10y": 0, "publications_years": {"2010": 1}, "citations_years": {}, "old_citations": {"2010": 0}, "isVisible": false}, "2120243561": {"name": "bernhard pichler", "type": "author", "activity": 16, "h_index": 3, "h5_index": 2, "mag_id": "2120243561", "num_publications": 1, "num_citations": 2, "num_publications_5y": 1, "num_citations_5y": 0, "num_publications_10y": 1, "num_citations_10y": 0, "publications_years": {"2018": 1}, "citations_years": {"2019": 2}, "old_citations": {"2018": 2}, "isVisible": false}, "2121482976": {"name": "paul d hale", "type": "author", "activity": 20, "h_index": 10, "h5_index": 2, "mag_id": "2121482976", "num_publications": 1, "num_citations": 2, "num_publications_5y": 1, "num_citations_5y": 2, "num_publications_10y": 1, "num_citations_10y": 2, "publications_years": {"2014": 1}, "citations_years": {"2015": 2}, "old_citations": {"2014": 2}, "isVisible": false}, "2121982247": {"name": "christian vogel", "type": "author", "activity": 17, "h_index": 16, "h5_index": 3, "mag_id": "2121982247", "num_publications": 1, "num_citations": 1, "num_publications_5y": 1, "num_citations_5y": 1, "num_publications_10y": 1, "num_citations_10y": 1, "publications_years": {"2017": 1}, "citations_years": {"2018": 1}, "old_citations": {"2017": 1}, "isVisible": false}, "2131716685": {"name": "a mediavilla", "type": "author", "activity": 19, "h_index": 3, "h5_index": 0, "mag_id": "2131716685", "num_publications": 1, "num_citations": 1, "num_publications_5y": 0, "num_citations_5y": 0, "num_publications_10y": 0, "num_citations_10y": 0, "publications_years": {"2008": 1}, "citations_years": {"2008": 1}, "old_citations": {"2008": 1}, "isVisible": false}, "2155945237": {"name": "alexander alt", "type": "author", "activity": 1, "h_index": 0, "h5_index": 0, "mag_id": "2155945237", "num_publications": 1, "num_citations": 0, "num_publications_5y": 1, "num_citations_5y": 0, "num_publications_10y": 1, "num_citations_10y": 0, "publications_years": {"2018": 1}, "citations_years": {}, "old_citations": {"2018": 0}, "isVisible": false}, "2159362655": {"name": "anding zhu", "type": "author", "activity": 21, "h_index": 10, "h5_index": 3, "mag_id": "2159362655", "num_publications": 1, "num_citations": 1, "num_publications_5y": 1, "num_citations_5y": 1, "num_publications_10y": 1, "num_citations_10y": 1, "publications_years": {"2014": 1}, "citations_years": {"2014": 1}, "old_citations": {"2014": 1}, "isVisible": false}, "2163834517": {"name": "j m zamanillo", "type": "author", "activity": 9, "h_index": 2, "h5_index": 0, "mag_id": "2163834517", "num_publications": 1, "num_citations": 1, "num_publications_5y": 0, "num_citations_5y": 0, "num_publications_10y": 0, "num_citations_10y": 0, "publications_years": {"2008": 1}, "citations_years": {"2008": 1}, "old_citations": {"2008": 1}, "isVisible": false}, "2167146452": {"name": "sergio di falco", "type": "author", "activity": 1, "h_index": 1, "h5_index": 0, "mag_id": "2167146452", "num_publications": 1, "num_citations": 3, "num_publications_5y": 0, "num_citations_5y": 3, "num_publications_10y": 1, "num_citations_10y": 3, "publications_years": {"2012": 1}, "citations_years": {"2015": 2, "2016": 0, "2017": 1}, "old_citations": {"2012": 3}, "isVisible": false}, "2171189369": {"name": "pedro cruz", "type": "author", "activity": 8, "h_index": 5, "h5_index": 1, "mag_id": "2171189369", "num_publications": 1, "num_citations": 0, "num_publications_5y": 1, "num_citations_5y": 0, "num_publications_10y": 1, "num_citations_10y": 0, "publications_years": {"2014": 1}, "citations_years": {}, "old_citations": {"2014": 0}, "isVisible": false}, "2172816453": {"name": "gianni bosi", "type": "author", "activity": 7, "h_index": 2, "h5_index": 1, "mag_id": "2172816453", "num_publications": 1, "num_citations": 0, "num_publications_5y": 1, "num_citations_5y": 0, "num_publications_10y": 1, "num_citations_10y": 0, "publications_years": {"2018": 1}, "citations_years": {}, "old_citations": {"2018": 0}, "isVisible": false}, "2178138952": {"name": "c perezvega", "type": "author", "activity": 9, "h_index": 2, "h5_index": 0, "mag_id": "2178138952", "num_publications": 1, "num_citations": 1, "num_publications_5y": 0, "num_citations_5y": 0, "num_publications_10y": 0, "num_citations_10y": 0, "publications_years": {"2008": 1}, "citations_years": {"2008": 1}, "old_citations": {"2008": 1}, "isVisible": false}, "2204137004": {"name": "egidio ciacia", "type": "author", "activity": 3, "h_index": 0, "h5_index": 0, "mag_id": "2204137004", "num_publications": 1, "num_citations": 0, "num_publications_5y": 1, "num_citations_5y": 0, "num_publications_10y": 1, "num_citations_10y": 0, "publications_years": {"2018": 1}, "citations_years": {}, "old_citations": {"2018": 0}, "isVisible": false}, "2224400937": {"name": "brian m merrick", "type": "author", "activity": 1, "h_index": 0, "h5_index": 0, "mag_id": "2224400937", "num_publications": 1, "num_citations": 0, "num_publications_5y": 1, "num_citations_5y": 0, "num_publications_10y": 1, "num_citations_10y": 0, "publications_years": {"2014": 1}, "citations_years": {}, "old_citations": {"2014": 0}, "isVisible": false}, "2227523180": {"name": "karl freiberger", "type": "author", "activity": 10, "h_index": 5, "h5_index": 3, "mag_id": "2227523180", "num_publications": 1, "num_citations": 1, "num_publications_5y": 1, "num_citations_5y": 1, "num_publications_10y": 1, "num_citations_10y": 1, "publications_years": {"2017": 1}, "citations_years": {"2018": 1}, "old_citations": {"2017": 1}, "isVisible": false}, "2230275101": {"name": "jialin cai", "type": "author", "activity": 7, "h_index": 1, "h5_index": 1, "mag_id": "2230275101", "num_publications": 1, "num_citations": 0, "num_publications_5y": 1, "num_citations_5y": 0, "num_publications_10y": 1, "num_citations_10y": 0, "publications_years": {"2014": 1}, "citations_years": {}, "old_citations": {"2014": 0}, "isVisible": false}, "2231818313": {"name": "a di carlofelice", "type": "author", "activity": 1, "h_index": 0, "h5_index": 0, "mag_id": "2231818313", "num_publications": 1, "num_citations": 0, "num_publications_5y": 1, "num_citations_5y": 0, "num_publications_10y": 1, "num_citations_10y": 0, "publications_years": {"2014": 1}, "citations_years": {}, "old_citations": {"2014": 0}, "isVisible": false}, "2232526065": {"name": "steve maas", "type": "author", "activity": 1, "h_index": 0, "h5_index": 0, "mag_id": "2232526065", "num_publications": 1, "num_citations": 0, "num_publications_5y": 0, "num_citations_5y": 0, "num_publications_10y": 0, "num_citations_10y": 0, "publications_years": {"2008": 1}, "citations_years": {}, "old_citations": {"2008": 0}, "isVisible": false}, "2265431210": {"name": "a vannucci", "type": "author", "activity": 9, "h_index": 0, "h5_index": 0, "mag_id": "2265431210", "num_publications": 1, "num_citations": 0, "num_publications_5y": 0, "num_citations_5y": 0, "num_publications_10y": 1, "num_citations_10y": 0, "publications_years": {"2011": 1}, "citations_years": {}, "old_citations": {"2011": 0}, "isVisible": false}, "2285563700": {"name": "jeffrey a jargon", "type": "author", "activity": 23, "h_index": 9, "h5_index": 2, "mag_id": "2285563700", "num_publications": 1, "num_citations": 2, "num_publications_5y": 1, "num_citations_5y": 2, "num_publications_10y": 1, "num_citations_10y": 2, "publications_years": {"2014": 1}, "citations_years": {"2015": 2}, "old_citations": {"2014": 2}, "isVisible": false}, "2301981801": {"name": "alessandro trifiletti", "type": "author", "activity": 21, "h_index": 17, "h5_index": 2, "mag_id": "2301981801", "num_publications": 1, "num_citations": 0, "num_publications_5y": 0, "num_citations_5y": 0, "num_publications_10y": 1, "num_citations_10y": 0, "publications_years": {"2011": 1}, "citations_years": {}, "old_citations": {"2011": 0}, "isVisible": false}, "2305414013": {"name": "mohammad mahdi khafaji", "type": "author", "activity": 4, "h_index": 2, "h5_index": 2, "mag_id": "2305414013", "num_publications": 1, "num_citations": 1, "num_publications_5y": 1, "num_citations_5y": 0, "num_publications_10y": 1, "num_citations_10y": 0, "publications_years": {"2018": 1}, "citations_years": {"2019": 1}, "old_citations": {"2018": 1}, "isVisible": false}, "2306364513": {"name": "david gustafsson", "type": "author", "activity": 4, "h_index": 2, "h5_index": 0, "mag_id": "2306364513", "num_publications": 1, "num_citations": 6, "num_publications_5y": 1, "num_citations_5y": 5, "num_publications_10y": 1, "num_citations_10y": 5, "publications_years": {"2014": 1}, "citations_years": {"2015": 1, "2016": 4, "2017": 0, "2018": 0, "2019": 0, "2020": 1}, "old_citations": {"2014": 6}, "isVisible": false}, "2307683715": {"name": "youngcheol park", "type": "author", "activity": 10, "h_index": 3, "h5_index": 1, "mag_id": "2307683715", "num_publications": 1, "num_citations": 2, "num_publications_5y": 1, "num_citations_5y": 2, "num_publications_10y": 1, "num_citations_10y": 2, "publications_years": {"2014": 1}, "citations_years": {"2015": 2}, "old_citations": {"2014": 2}, "isVisible": false}, "2307899464": {"name": "a soury", "type": "author", "activity": 10, "h_index": 5, "h5_index": 0, "mag_id": "2307899464", "num_publications": 1, "num_citations": 2, "num_publications_5y": 0, "num_citations_5y": 0, "num_publications_10y": 0, "num_citations_10y": 2, "publications_years": {"2008": 1}, "citations_years": {"2010": 1, "2011": 0, "2012": 1}, "old_citations": {"2008": 2}, "isVisible": false}, "2314123285": {"name": "holger arthaber", "type": "author", "activity": 18, "h_index": 6, "h5_index": 3, "mag_id": "2314123285", "num_publications": 1, "num_citations": 2, "num_publications_5y": 1, "num_citations_5y": 0, "num_publications_10y": 1, "num_citations_10y": 0, "publications_years": {"2018": 1}, "citations_years": {"2019": 2}, "old_citations": {"2018": 2}, "isVisible": false}, "2343872297": {"name": "talha khan", "type": "author", "activity": 4, "h_index": 2, "h5_index": 0, "mag_id": "2343872297", "num_publications": 1, "num_citations": 7, "num_publications_5y": 0, "num_citations_5y": 3, "num_publications_10y": 1, "num_citations_10y": 5, "publications_years": {"2011": 1}, "citations_years": {"2011": 1, "2012": 0, "2013": 1, "2014": 0, "2015": 2, "2016": 0, "2017": 1, "2018": 0, "2019": 1, "2020": 1}, "old_citations": {"2011": 7}, "isVisible": false}, "2346298605": {"name": "pierre medrel", "type": "author", "activity": 1, "h_index": 0, "h5_index": 0, "mag_id": "2346298605", "num_publications": 1, "num_citations": 0, "num_publications_5y": 1, "num_citations_5y": 0, "num_publications_10y": 1, "num_citations_10y": 0, "publications_years": {"2018": 1}, "citations_years": {}, "old_citations": {"2018": 0}, "isVisible": false}, "2373417198": {"name": "chihmingwang", "type": "author", "activity": 1, "h_index": 1, "h5_index": 0, "mag_id": "2373417198", "num_publications": 1, "num_citations": 2, "num_publications_5y": 1, "num_citations_5y": 2, "num_publications_10y": 1, "num_citations_10y": 2, "publications_years": {"2014": 1}, "citations_years": {"2015": 2}, "old_citations": {"2014": 2}, "isVisible": false}, "2374084029": {"name": "raquel torres", "type": "author", "activity": 1, "h_index": 1, "h5_index": 0, "mag_id": "2374084029", "num_publications": 1, "num_citations": 1, "num_publications_5y": 0, "num_citations_5y": 0, "num_publications_10y": 0, "num_citations_10y": 0, "publications_years": {"2008": 1}, "citations_years": {"2008": 1}, "old_citations": {"2008": 1}, "isVisible": false}, "2424785346": {"name": "e limiti", "type": "author", "activity": 27, "h_index": 6, "h5_index": 4, "mag_id": "2424785346", "num_publications": 1, "num_citations": 0, "num_publications_5y": 0, "num_citations_5y": 0, "num_publications_10y": 0, "num_citations_10y": 0, "publications_years": {"2008": 1}, "citations_years": {}, "old_citations": {"2008": 0}, "isVisible": false}, "2426444369": {"name": "raphael sommet", "type": "author", "activity": 21, "h_index": 1, "h5_index": 1, "mag_id": "2426444369", "num_publications": 1, "num_citations": 0, "num_publications_5y": 1, "num_citations_5y": 0, "num_publications_10y": 1, "num_citations_10y": 0, "publications_years": {"2018": 1}, "citations_years": {}, "old_citations": {"2018": 0}, "isVisible": false}, "2460869023": {"name": "davide resca", "type": "author", "activity": 13, "h_index": 1, "h5_index": 1, "mag_id": "2460869023", "num_publications": 1, "num_citations": 3, "num_publications_5y": 0, "num_citations_5y": 3, "num_publications_10y": 1, "num_citations_10y": 3, "publications_years": {"2012": 1}, "citations_years": {"2015": 2, "2016": 0, "2017": 1}, "old_citations": {"2012": 3}, "isVisible": false}, "2463508066": {"name": "genevieve baudoin", "type": "author", "activity": 29, "h_index": 11, "h5_index": 3, "mag_id": "2463508066", "num_publications": 1, "num_citations": 0, "num_publications_5y": 1, "num_citations_5y": 0, "num_publications_10y": 1, "num_citations_10y": 0, "publications_years": {"2018": 1}, "citations_years": {}, "old_citations": {"2018": 0}, "isVisible": false}, "2494721594": {"name": "alessio mattioni", "type": "author", "activity": 1, "h_index": 0, "h5_index": 0, "mag_id": "2494721594", "num_publications": 1, "num_citations": 0, "num_publications_5y": 1, "num_citations_5y": 0, "num_publications_10y": 1, "num_citations_10y": 0, "publications_years": {"2018": 1}, "citations_years": {}, "old_citations": {"2018": 0}, "isVisible": false}, "2535057788": {"name": "houssam eddine hamoud", "type": "author", "activity": 1, "h_index": 0, "h5_index": 0, "mag_id": "2535057788", "num_publications": 1, "num_citations": 0, "num_publications_5y": 1, "num_citations_5y": 0, "num_publications_10y": 1, "num_citations_10y": 0, "publications_years": {"2018": 1}, "citations_years": {}, "old_citations": {"2018": 0}, "isVisible": false}, "2548003599": {"name": "yann creveuil", "type": "author", "activity": 3, "h_index": 1, "h5_index": 1, "mag_id": "2548003599", "num_publications": 1, "num_citations": 0, "num_publications_5y": 1, "num_citations_5y": 0, "num_publications_10y": 1, "num_citations_10y": 0, "publications_years": {"2018": 1}, "citations_years": {}, "old_citations": {"2018": 0}, "isVisible": false}, "2548541543": {"name": "frederique simbelie", "type": "author", "activity": 3, "h_index": 1, "h5_index": 1, "mag_id": "2548541543", "num_publications": 1, "num_citations": 0, "num_publications_5y": 1, "num_citations_5y": 0, "num_publications_10y": 1, "num_citations_10y": 0, "publications_years": {"2018": 1}, "citations_years": {}, "old_citations": {"2018": 0}, "isVisible": false}, "2568257599": {"name": "j campelo", "type": "author", "activity": 1, "h_index": 1, "h5_index": 0, "mag_id": "2568257599", "num_publications": 1, "num_citations": 1, "num_publications_5y": 0, "num_citations_5y": 0, "num_publications_10y": 0, "num_citations_10y": 0, "publications_years": {"2008": 1}, "citations_years": {"2008": 1}, "old_citations": {"2008": 1}, "isVisible": false}, "2571887395": {"name": "myrianne regis", "type": "author", "activity": 1, "h_index": 0, "h5_index": 0, "mag_id": "2571887395", "num_publications": 1, "num_citations": 0, "num_publications_5y": 1, "num_citations_5y": 0, "num_publications_10y": 1, "num_citations_10y": 0, "publications_years": {"2018": 1}, "citations_years": {}, "old_citations": {"2018": 0}, "isVisible": false}, "2584382978": {"name": "marco bartocci", "type": "author", "activity": 5, "h_index": 1, "h5_index": 1, "mag_id": "2584382978", "num_publications": 1, "num_citations": 0, "num_publications_5y": 1, "num_citations_5y": 0, "num_publications_10y": 1, "num_citations_10y": 0, "publications_years": {"2018": 1}, "citations_years": {}, "old_citations": {"2018": 0}, "isVisible": false}, "2608536507": {"name": "jonathan lees", "type": "author", "activity": 14, "h_index": 4, "h5_index": 1, "mag_id": "2608536507", "num_publications": 1, "num_citations": 0, "num_publications_5y": 1, "num_citations_5y": 0, "num_publications_10y": 1, "num_citations_10y": 0, "publications_years": {"2018": 1}, "citations_years": {}, "old_citations": {"2018": 0}, "isVisible": false}, "2626975288": {"name": "alessandra petrocchi", "type": "author", "activity": 3, "h_index": 1, "h5_index": 1, "mag_id": "2626975288", "num_publications": 1, "num_citations": 0, "num_publications_5y": 1, "num_citations_5y": 0, "num_publications_10y": 1, "num_citations_10y": 0, "publications_years": {"2018": 1}, "citations_years": {}, "old_citations": {"2018": 0}, "isVisible": false}, "2630624369": {"name": "d langrez", "type": "author", "activity": 2, "h_index": 1, "h5_index": 1, "mag_id": "2630624369", "num_publications": 1, "num_citations": 0, "num_publications_5y": 1, "num_citations_5y": 0, "num_publications_10y": 1, "num_citations_10y": 0, "publications_years": {"2018": 1}, "citations_years": {}, "old_citations": {"2018": 0}, "isVisible": false}, "2637993189": {"name": "isabel zamanillo", "type": "author", "activity": 1, "h_index": 1, "h5_index": 0, "mag_id": "2637993189", "num_publications": 1, "num_citations": 1, "num_publications_5y": 0, "num_citations_5y": 0, "num_publications_10y": 0, "num_citations_10y": 0, "publications_years": {"2008": 1}, "citations_years": {"2008": 1}, "old_citations": {"2008": 1}, "isVisible": false}, "2657070221": {"name": "p l lopezespi", "type": "author", "activity": 1, "h_index": 1, "h5_index": 0, "mag_id": "2657070221", "num_publications": 1, "num_citations": 1, "num_publications_5y": 0, "num_citations_5y": 0, "num_publications_10y": 0, "num_citations_10y": 0, "publications_years": {"2008": 1}, "citations_years": {"2008": 1}, "old_citations": {"2008": 1}, "isVisible": false}, "2736330219": {"name": "c maziere", "type": "author", "activity": 10, "h_index": 1, "h5_index": 0, "mag_id": "2736330219", "num_publications": 1, "num_citations": 1, "num_publications_5y": 1, "num_citations_5y": 1, "num_publications_10y": 1, "num_citations_10y": 1, "publications_years": {"2015": 1}, "citations_years": {"2017": 1}, "old_citations": {"2015": 1}, "isVisible": false}, "2742193754": {"name": "damien gapillout", "type": "author", "activity": 1, "h_index": 1, "h5_index": 0, "mag_id": "2742193754", "num_publications": 1, "num_citations": 1, "num_publications_5y": 1, "num_citations_5y": 1, "num_publications_10y": 1, "num_citations_10y": 1, "publications_years": {"2015": 1}, "citations_years": {"2017": 1}, "old_citations": {"2015": 1}, "isVisible": false}, "2742493221": {"name": "w khelifi", "type": "author", "activity": 2, "h_index": 1, "h5_index": 1, "mag_id": "2742493221", "num_publications": 1, "num_citations": 0, "num_publications_5y": 1, "num_citations_5y": 0, "num_publications_10y": 1, "num_citations_10y": 0, "publications_years": {"2018": 1}, "citations_years": {}, "old_citations": {"2018": 0}, "isVisible": false}, "2798467784": {"name": "jorge f oliveira", "type": "author", "activity": 16, "h_index": 4, "h5_index": 1, "mag_id": "2798467784", "num_publications": 1, "num_citations": 4, "num_publications_5y": 0, "num_citations_5y": 2, "num_publications_10y": 1, "num_citations_10y": 4, "publications_years": {"2010": 1}, "citations_years": {"2011": 1, "2012": 1, "2013": 0, "2014": 2}, "old_citations": {"2010": 4}, "isVisible": false}, "2974377973": {"name": "hugo gomes", "type": "author", "activity": 3, "h_index": 2, "h5_index": 0, "mag_id": "2974377973", "num_publications": 1, "num_citations": 2, "num_publications_5y": 0, "num_citations_5y": 1, "num_publications_10y": 0, "num_citations_10y": 2, "publications_years": {"2008": 1}, "citations_years": {"2011": 1, "2012": 0, "2013": 0, "2014": 0, "2015": 0, "2016": 1}, "old_citations": {"2008": 2}, "isVisible": false}, "2779323283": {"name": "j p teyssier", "type": "author", "activity": 26, "h_index": 3, "h5_index": 1, "mag_id": "2779323283", "num_publications": 1, "num_citations": 1, "num_publications_5y": 1, "num_citations_5y": 0, "num_publications_10y": 1, "num_citations_10y": 0, "publications_years": {"2018": 1}, "citations_years": {"2019": 1}, "old_citations": {"2018": 1}, "isVisible": false}, "2794884018": {"name": "sami ur rehman", "type": "author", "activity": 4, "h_index": 1, "h5_index": 1, "mag_id": "2794884018", "num_publications": 1, "num_citations": 1, "num_publications_5y": 1, "num_citations_5y": 0, "num_publications_10y": 1, "num_citations_10y": 0, "publications_years": {"2018": 1}, "citations_years": {"2019": 1}, "old_citations": {"2018": 1}, "isVisible": false}, "2887077514": {"name": "vincent gillet", "type": "author", "activity": 1, "h_index": 1, "h5_index": 1, "mag_id": "2887077514", "num_publications": 1, "num_citations": 1, "num_publications_5y": 1, "num_citations_5y": 0, "num_publications_10y": 1, "num_citations_10y": 0, "publications_years": {"2018": 1}, "citations_years": {"2019": 1}, "old_citations": {"2018": 1}, "isVisible": false}, "2997997496": {"name": "chao yu", "type": "author", "activity": 2, "h_index": 4, "h5_index": 0, "mag_id": "2997997496", "num_publications": 1, "num_citations": 1, "num_publications_5y": 1, "num_citations_5y": 1, "num_publications_10y": 1, "num_citations_10y": 1, "publications_years": {"2014": 1}, "citations_years": {"2014": 1}, "old_citations": {"2014": 1}, "isVisible": false}, "2798496005": {"name": "l lapierre", "type": "author", "activity": 19, "h_index": 2, "h5_index": 2, "mag_id": "2798496005", "num_publications": 1, "num_citations": 0, "num_publications_5y": 1, "num_citations_5y": 0, "num_publications_10y": 1, "num_citations_10y": 0, "publications_years": {"2018": 1}, "citations_years": {}, "old_citations": {"2018": 0}, "isVisible": false}, "2804807247": {"name": "moise safari mugisho", "type": "author", "activity": 2, "h_index": 0, "h5_index": 0, "mag_id": "2804807247", "num_publications": 1, "num_citations": 0, "num_publications_5y": 1, "num_citations_5y": 0, "num_publications_10y": 1, "num_citations_10y": 0, "publications_years": {"2018": 1}, "citations_years": {}, "old_citations": {"2018": 0}, "isVisible": false}, "2885258153": {"name": "alberto maria angelotti", "type": "author", "activity": 1, "h_index": 0, "h5_index": 0, "mag_id": "2885258153", "num_publications": 1, "num_citations": 0, "num_publications_5y": 1, "num_citations_5y": 0, "num_publications_10y": 1, "num_citations_10y": 0, "publications_years": {"2018": 1}, "citations_years": {}, "old_citations": {"2018": 0}, "isVisible": false}, "2885410452": {"name": "parastoo taghikhani", "type": "author", "activity": 1, "h_index": 0, "h5_index": 0, "mag_id": "2885410452", "num_publications": 1, "num_citations": 0, "num_publications_5y": 1, "num_citations_5y": 0, "num_publications_10y": 1, "num_citations_10y": 0, "publications_years": {"2018": 1}, "citations_years": {}, "old_citations": {"2018": 0}, "isVisible": false}, "2885421944": {"name": "h volkan hunerli", "type": "author", "activity": 1, "h_index": 0, "h5_index": 0, "mag_id": "2885421944", "num_publications": 1, "num_citations": 0, "num_publications_5y": 1, "num_citations_5y": 0, "num_publications_10y": 1, "num_citations_10y": 0, "publications_years": {"2018": 1}, "citations_years": {}, "old_citations": {"2018": 0}, "isVisible": false}, "2885987820": {"name": "peng chen", "type": "author", "activity": 1, "h_index": 0, "h5_index": 0, "mag_id": "2885987820", "num_publications": 1, "num_citations": 0, "num_publications_5y": 1, "num_citations_5y": 0, "num_publications_10y": 1, "num_citations_10y": 0, "publications_years": {"2018": 1}, "citations_years": {}, "old_citations": {"2018": 0}, "isVisible": false}, "2886250981": {"name": "chouaib kantana", "type": "author", "activity": 1, "h_index": 0, "h5_index": 0, "mag_id": "2886250981", "num_publications": 1, "num_citations": 0, "num_publications_5y": 1, "num_citations_5y": 0, "num_publications_10y": 1, "num_citations_10y": 0, "publications_years": {"2018": 1}, "citations_years": {}, "old_citations": {"2018": 0}, "isVisible": false}, "2886993535": {"name": "k yavuz kapusuz", "type": "author", "activity": 1, "h_index": 0, "h5_index": 0, "mag_id": "2886993535", "num_publications": 1, "num_citations": 0, "num_publications_5y": 1, "num_citations_5y": 0, "num_publications_10y": 1, "num_citations_10y": 0, "publications_years": {"2018": 1}, "citations_years": {}, "old_citations": {"2018": 0}, "isVisible": false}, "2887144233": {"name": "mariarcangela ramundo", "type": "author", "activity": 1, "h_index": 0, "h5_index": 0, "mag_id": "2887144233", "num_publications": 1, "num_citations": 0, "num_publications_5y": 1, "num_citations_5y": 0, "num_publications_10y": 1, "num_citations_10y": 0, "publications_years": {"2018": 1}, "citations_years": {}, "old_citations": {"2018": 0}, "isVisible": false}, "2887163241": {"name": "k mohamad ali", "type": "author", "activity": 1, "h_index": 0, "h5_index": 0, "mag_id": "2887163241", "num_publications": 1, "num_citations": 0, "num_publications_5y": 1, "num_citations_5y": 0, "num_publications_10y": 1, "num_citations_10y": 0, "publications_years": {"2018": 1}, "citations_years": {}, "old_citations": {"2018": 0}, "isVisible": false}, "2887167814": {"name": "sattam alsahali", "type": "author", "activity": 1, "h_index": 0, "h5_index": 0, "mag_id": "2887167814", "num_publications": 1, "num_citations": 0, "num_publications_5y": 1, "num_citations_5y": 0, "num_publications_10y": 1, "num_citations_10y": 0, "publications_years": {"2018": 1}, "citations_years": {}, "old_citations": {"2018": 0}, "isVisible": false}, "2951188996": {"name": "olivier venard", "type": "author", "activity": 15, "h_index": 7, "h5_index": 3, "mag_id": "2951188996", "num_publications": 1, "num_citations": 0, "num_publications_5y": 1, "num_citations_5y": 0, "num_publications_10y": 1, "num_citations_10y": 0, "publications_years": {"2018": 1}, "citations_years": {}, "old_citations": {"2018": 0}, "isVisible": false}, "2997535886": {"name": "j lintignat", "type": "author", "activity": 1, "h_index": 0, "h5_index": 0, "mag_id": "2997535886", "num_publications": 1, "num_citations": 0, "num_publications_5y": 1, "num_citations_5y": 0, "num_publications_10y": 1, "num_citations_10y": 0, "publications_years": {"2018": 1}, "citations_years": {}, "old_citations": {"2018": 0}, "isVisible": false}, "2998255568": {"name": "b jarry", "type": "author", "activity": 1, "h_index": 0, "h5_index": 0, "mag_id": "2998255568", "num_publications": 1, "num_citations": 0, "num_publications_5y": 1, "num_citations_5y": 0, "num_publications_10y": 1, "num_citations_10y": 0, "publications_years": {"2018": 1}, "citations_years": {}, "old_citations": {"2018": 0}, "isVisible": false}}, "countries": {"France": {"name": "France", "type": "country", "h5_index": 99, "num_publications": 7, "num_citations": 4, "num_publications_5y": 6, "num_citations_5y": 1, "num_publications_10y": 6, "num_citations_10y": 3, "publications_years": {"2018": 5, "2008": 1, "2015": 1}, "citations_years": {"2010": 1, "2011": 0, "2012": 1, "2017": 1, "2019": 1}, "old_citations": {"2018": 1, "2008": 2, "2015": 1}, "isVisible": false}, "Italy": {"name": "Italy", "type": "country", "h5_index": 94, "num_publications": 7, "num_citations": 3, "num_publications_5y": 4, "num_citations_5y": 3, "num_publications_10y": 6, "num_citations_10y": 3, "publications_years": {"2011": 1, "2008": 1, "2018": 3, "2012": 1, "2014": 1}, "citations_years": {"2015": 2, "2016": 0, "2017": 1}, "old_citations": {"2011": 0, "2008": 0, "2018": 0, "2012": 3, "2014": 0}, "isVisible": false}, "Sweden": {"name": "Sweden", "type": "country", "h5_index": 82, "num_publications": 5, "num_citations": 16, "num_publications_5y": 1, "num_citations_5y": 9, "num_publications_10y": 4, "num_citations_10y": 13, "publications_years": {"2008": 1, "2014": 1, "2011": 1, "2012": 1, "2010": 1}, "citations_years": {"2015": 3, "2016": 4, "2017": 1, "2018": 0, "2019": 1, "2020": 2, "2011": 1, "2012": 0, "2013": 2, "2014": 1, "2010": 1}, "old_citations": {"2008": 0, "2014": 6, "2011": 7, "2012": 2, "2010": 1}, "isVisible": false}, "Austria": {"name": "Austria", "type": "country", "h5_index": 71, "num_publications": 3, "num_citations": 7, "num_publications_5y": 2, "num_citations_5y": 3, "num_publications_10y": 3, "num_citations_10y": 5, "publications_years": {"2017": 1, "2018": 1, "2011": 1}, "citations_years": {"2018": 1, "2019": 2, "2012": 1, "2013": 1, "2014": 1, "2015": 0, "2016": 1}, "old_citations": {"2017": 1, "2018": 2, "2011": 4}, "isVisible": false}, "Portugal": {"name": "Portugal", "type": "country", "h5_index": 44, "num_publications": 3, "num_citations": 4, "num_publications_5y": 1, "num_citations_5y": 2, "num_publications_10y": 3, "num_citations_10y": 4, "publications_years": {"2010": 2, "2014": 1}, "citations_years": {"2011": 1, "2012": 1, "2013": 0, "2014": 2}, "old_citations": {"2010": 4, "2014": 0}, "isVisible": false}, "United States": {"name": "United States", "type": "country", "h5_index": 308, "num_publications": 3, "num_citations": 4, "num_publications_5y": 2, "num_citations_5y": 2, "num_publications_10y": 2, "num_citations_10y": 4, "publications_years": {"2014": 2, "2008": 1}, "citations_years": {"2015": 2, "2010": 1, "2011": 0, "2012": 1}, "old_citations": {"2014": 2, "2008": 2}, "isVisible": false}, "Belgium": {"name": "Belgium", "type": "country", "h5_index": 72, "num_publications": 2, "num_citations": 0, "num_publications_5y": 1, "num_citations_5y": 0, "num_publications_10y": 1, "num_citations_10y": 0, "publications_years": {"2008": 1, "2018": 1}, "citations_years": {}, "old_citations": {"2008": 0, "2018": 0}, "isVisible": false}, "Ireland": {"name": "Ireland", "type": "country", "h5_index": 50, "num_publications": 2, "num_citations": 1, "num_publications_5y": 2, "num_citations_5y": 1, "num_publications_10y": 2, "num_citations_10y": 1, "publications_years": {"2014": 2}, "citations_years": {"2014": 1}, "old_citations": {"2014": 1}, "isVisible": false}, "United Kingdom": {"name": "United Kingdom", "type": "country", "h5_index": 172, "num_publications": 2, "num_citations": 0, "num_publications_5y": 2, "num_citations_5y": 0, "num_publications_10y": 2, "num_citations_10y": 0, "publications_years": {"2018": 2}, "citations_years": {}, "old_citations": {"2018": 0}, "isVisible": false}, "Germany": {"name": "Germany", "type": "country", "h5_index": 139, "num_publications": 1, "num_citations": 1, "num_publications_5y": 1, "num_citations_5y": 0, "num_publications_10y": 1, "num_citations_10y": 0, "publications_years": {"2018": 1}, "citations_years": {"2019": 1}, "old_citations": {"2018": 1}, "isVisible": false}, "South Korea": {"name": "South Korea", "type": "country", "h5_index": 100, "num_publications": 1, "num_citations": 2, "num_publications_5y": 1, "num_citations_5y": 2, "num_publications_10y": 1, "num_citations_10y": 2, "publications_years": {"2014": 1}, "citations_years": {"2015": 2}, "old_citations": {"2014": 2}, "isVisible": false}, "Spain": {"name": "Spain", "type": "country", "h5_index": 91, "num_publications": 1, "num_citations": 0, "num_publications_5y": 0, "num_citations_5y": 0, "num_publications_10y": 1, "num_citations_10y": 0, "publications_years": {"2010": 1}, "citations_years": {}, "old_citations": {"2010": 0}, "isVisible": false}}, "industrial_sectors": {"health_care": {"name": "health_care", "type": "industrial sector", "h5_index": 46, "num_publications": 1, "num_citations": 2, "num_publications_5y": 0, "num_citations_5y": 0, "num_publications_10y": 0, "num_citations_10y": 2, "publications_years": {"2008": 1}, "citations_years": {"2010": 1, "2011": 0, "2012": 1}, "old_citations": {"2008": 2}, "isVisible": false}}}, "conference_comparison": {"computer science": {}}, "topics_dna": {"publications": {}, "citations": {"normalized": {}, "average": {}}}, "info": {"num_publications": 40, "num_citations": 44.0, "impact_factor": {"2010": 0.14285714285714285, "2011": 0.25, "2012": 0.2857142857142857, "2013": 0.6666666666666666, "2014": 0.6666666666666666, "2015": 0.42857142857142855, "2016": 0.5, "2017": 1.0, "2018": 1.0}, "publications_years": {"2018": 14, "2008": 7, "2014": 7, "2010": 4, "2011": 3, "2012": 3, "2015": 1, "2017": 1}, "citations_years": {"2008": 1, "2009": 0, "2010": 2, "2011": 3, "2012": 3, "2013": 4, "2014": 6, "2015": 7, "2016": 7, "2017": 3, "2018": 1, "2019": 5, "2020": 2}, "old_citations": {"2018": 4, "2008": 5, "2014": 9, "2010": 5, "2011": 11, "2012": 8, "2015": 1, "2017": 1}, "h5_index": 1}, "percentile": {"computer science": {"2018": 62, "2008": 59, "2014": 56, "2010": 54, "2011": 66, "2012": 62, "2015": 55, "2017": 66}}, "conference_ranking": {"computer science": {"2018": 1598, "2008": 1736, "2014": 1844, "2010": 1941, "2011": 1451, "2012": 1616, "2015": 1879, "2017": 1411}}, "academia": {"num_publications": 27, "num_citations": 34, "publications_years": {"2008": 3, "2009": 0, "2010": 4, "2011": 3, "2012": 2, "2013": 0, "2014": 5, "2015": 1, "2016": 0, "2017": 1, "2018": 8}, "old_citations": {"2008": 0, "2009": 0, "2010": 5, "2011": 11, "2012": 5, "2013": 0, "2014": 7, "2015": 1, "2016": 0, "2017": 1, "2018": 4}, "num_publications_5y": 9, "num_citations_5y": 5, "num_publications_10y": 20, "num_citations_10y": 29}, "industry": {"num_publications": 0, "num_citations": 0, "publications_years": {}, "old_citations": {}, "num_publications_5y": 0, "num_citations_5y": 0, "num_publications_10y": 0, "num_citations_10y": 0}, "collaborative": {"num_publications": 1, "num_citations": 2, "publications_years": {"2008": 1}, "old_citations": {"2008": 2}, "num_publications_5y": 0, "num_citations_5y": 0, "num_publications_10y": 0, "num_citations_10y": 0}, "conferences": {}, "journals": {}, "organizations": {"publication_overall": ["Chalmers University of Technology", "French National Centre for Scientific Research", "University of Aveiro", "University of Limoges", "KU Leuven", "National Institute of Standards and Technology", "TU Wien", "University College Dublin", "University of Ferrara", "University of Rome Tor Vergata", "Agilent Technologies (United States)", "Cardiff University", "Graz University of Technology", "Hankuk University of Foreign Studies", "Instituto Polit\u00e9cnico de Leiria", "Queen's University Belfast", "Sapienza University of Rome", "TU Dresden", "Universities of Applied Sciences Joanneum", "University of Bologna", "University of L'Aquila", "University of Malaga", "\u00c9cole Sup\u00e9rieure d'Ing\u00e9nieurs en Electronique et Electrotechnique"], "citation_overall": ["Chalmers University of Technology", "TU Wien", "Instituto Polit\u00e9cnico de Leiria", "University of Aveiro", "University of Limoges", "University of Ferrara", "Agilent Technologies (United States)", "Hankuk University of Foreign Studies", "National Institute of Standards and Technology", "Graz University of Technology", "TU Dresden", "Universities of Applied Sciences Joanneum", "University College Dublin", "Cardiff University", "French National Centre for Scientific Research", "KU Leuven", "Queen's University Belfast", "Sapienza University of Rome", "University of Bologna", "University of L'Aquila", "University of Malaga", "University of Rome Tor Vergata", "\u00c9cole Sup\u00e9rieure d'Ing\u00e9nieurs en Electronique et Electrotechnique"], "publication_10_years": ["Chalmers University of Technology", "French National Centre for Scientific Research", "National Institute of Standards and Technology", "TU Wien", "University College Dublin", "University of Ferrara", "University of Limoges", "Cardiff University", "Graz University of Technology", "Hankuk University of Foreign Studies", "KU Leuven", "Queen's University Belfast", "Sapienza University of Rome", "TU Dresden", "Universities of Applied Sciences Joanneum", "University of Aveiro", "University of Bologna", "University of L'Aquila", "University of Rome Tor Vergata", "\u00c9cole Sup\u00e9rieure d'Ing\u00e9nieurs en Electronique et Electrotechnique"], "citation_10_years": ["Chalmers University of Technology", "TU Wien", "University of Ferrara", "Hankuk University of Foreign Studies", "National Institute of Standards and Technology", "University of Limoges", "Graz University of Technology", "TU Dresden", "Universities of Applied Sciences Joanneum", "University College Dublin", "Cardiff University", "French National Centre for Scientific Research", "KU Leuven", "Queen's University Belfast", "Sapienza University of Rome", "University of Aveiro", "University of Bologna", "University of L'Aquila", "University of Rome Tor Vergata", "\u00c9cole Sup\u00e9rieure d'Ing\u00e9nieurs en Electronique et Electrotechnique"], "publication_5_years": ["French National Centre for Scientific Research", "Cardiff University", "Graz University of Technology", "KU Leuven", "Queen's University Belfast", "TU Dresden", "TU Wien", "Universities of Applied Sciences Joanneum", "University of Bologna", "University of Ferrara", "University of Limoges", "University of Rome Tor Vergata", "\u00c9cole Sup\u00e9rieure d'Ing\u00e9nieurs en Electronique et Electrotechnique"], "citation_5_years": ["TU Wien", "Graz University of Technology", "TU Dresden", "Universities of Applied Sciences Joanneum", "University of Limoges", "Cardiff University", "French National Centre for Scientific Research", "KU Leuven", "Queen's University Belfast", "University of Bologna", "University of Ferrara", "University of Rome Tor Vergata", "\u00c9cole Sup\u00e9rieure d'Ing\u00e9nieurs en Electronique et Electrotechnique"]}, "countries": {"publication_overall": ["France", "Italy", "Sweden", "Austria", "Portugal", "United States", "Belgium", "Ireland", "United Kingdom", "Germany", "South Korea", "Spain"], "citation_overall": ["Sweden", "Austria", "France", "Portugal", "United States", "Italy", "South Korea", "Germany", "Ireland", "Belgium", "Spain", "United Kingdom"], "publication_10_years": ["France", "Italy", "Austria", "Sweden", "Ireland", "United Kingdom", "United States", "Belgium", "Germany", "Portugal", "South Korea"], "citation_10_years": ["Sweden", "Austria", "Italy", "France", "South Korea", "United States", "Germany", "Ireland", "Belgium", "Portugal", "United Kingdom"], "publication_5_years": ["France", "Italy", "Austria", "United Kingdom", "Belgium", "Germany"], "citation_5_years": ["Austria", "France", "Germany", "Belgium", "Italy", "United Kingdom"]}, "topics": {"publication_overall": ["computer science", "computer systems", "computer networks", "telecommunication systems", "communication systems", "wireless telecommunication systems", "engineering", "signal processing", "communication channels (information theory)", "antennas", "mathematics", "computer hardware", "signal to noise ratio", "telecommunication networks", "bandwidth", "signal detection", "computer imaging and vision", "image analysis", "image processing", "telecommunication traffic"], "citation_overall": ["computer science", "computer systems", "communication systems", "computer networks", "telecommunication systems", "wireless telecommunication systems", "communication channels (information theory)", "engineering", "signal processing", "mathematics", "signal to noise ratio", "antennas", "computer hardware", "signal detection", "probability", "bandwidth", "signal receivers", "transmitters", "telecommunication networks", "wide-band"], "publication_10_years": ["computer networks", "computer science", "computer systems", "telecommunication systems", "communication systems", "wireless telecommunication systems", "communication channels (information theory)", "engineering", "signal processing", "antennas", "computer hardware", "bandwidth", "mathematics", "signal to noise ratio", "telecommunication networks", "computer imaging and vision", "image analysis", "image processing", "signal detection", "microwaves"], "citation_10_years": ["communication systems", "computer networks", "computer science", "computer systems", "telecommunication systems", "wireless telecommunication systems", "communication channels (information theory)", "engineering", "signal processing", "signal to noise ratio", "antennas", "mathematics", "computer hardware", "signal detection", "bandwidth", "wide-band", "probability", "signal receivers", "transmitters", "power allocations"], "publication_5_years": ["computer networks", "computer science", "computer systems", "communication systems", "telecommunication systems", "wireless telecommunication systems", "communication channels (information theory)", "engineering", "signal processing", "antennas", "bandwidth", "computer hardware", "mathematics", "computer imaging and vision", "image analysis", "image processing", "signal to noise ratio", "telecommunication networks", "image reconstruction", "imaging systems"], "citation_5_years": ["communication channels (information theory)", "communication systems", "computer networks", "computer science", "computer systems", "telecommunication systems", "wireless telecommunication systems", "engineering", "mathematics", "signal processing", "signal to noise ratio", "antennas", "computer imaging and vision", "image analysis", "image coding", "image compression", "image processing", "image quality", "probability", "signal distortion"]}, "main_topics": ["computer science"], "authors": {"publication_overall": ["2143018988", "2951656317", "2139022383", "2185139631", "2305508334", "85928128", "731010583", "1994443934", "2020584634", "2020924035", "2037420796", "2130295381", "2143049865", "2148032826", "2161573295", "2308415945", "2463670411", "10168427", "86723563", "241928076", "257249612", "287677965", "319432949", "433653379", "647253464", "1311704351", "1542331716", "1959642765", "1968737432", "1971269744", "1974211934", "1976426510", "1982364080", "1985581041", "1994702127", "1996534230", "2001667582", "2006112629", "2006359041", "2020689385", "2035037859", "2043669862", "2072796671", "2079456608", "2085373038", "2096751400", "2099674855", "2109969163", "2111644895", "2112658986", "2112668135", "2112775190", "2120243561", "2121482976", "2121982247", "2131716685", "2155945237", "2159362655", "2163834517", "2167146452", "2171189369", "2172816453", "2178138952", "2204137004", "2224400937", "2227523180", "2230275101", "2231818313", "2232526065", "2265431210", "2285563700", "2301981801", "2305414013", "2306364513", "2307683715", "2307899464", "2314123285", "2343872297", "2346298605", "2373417198", "2374084029", "2424785346", "2426444369", "2460869023", "2463508066", "2494721594", "2535057788", "2548003599", "2548541543", "2568257599", "2571887395", "2584382978", "2608536507", "2626975288", "2630624369", "2637993189", "2657070221", "2736330219", "2742193754", "2742493221"], "citation_overall": ["2143018988", "2185139631", "2037420796", "2148032826", "2343872297", "731010583", "2072796671", "2112668135", "2306364513", "86723563", "241928076", "2096751400", "2798467784", "1982364080", "2001667582", "2020689385", "2020924035", "2130295381", "2167146452", "2460869023", "2951656317", "257249612", "287677965", "433653379", "2020584634", "2120243561", "2121482976", "2139022383", "2161573295", "2285563700", "2307683715", "2307899464", "2314123285", "2373417198", "2974377973", "1971269744", "1976426510", "2006112629", "2079456608", "2121982247", "2131716685", "2143049865", "2159362655", "2163834517", "2178138952", "2227523180", "2305414013", "2305508334", "2308415945", "2374084029", "2463670411", "2568257599", "2637993189", "2657070221", "2736330219", "2742193754", "2779323283", "2794884018", "2887077514", "2997997496", "10168427", "85928128", "319432949", "647253464", "1311704351", "1542331716", "1959642765", "1968737432", "1974211934", "1985581041", "1994443934", "1994702127", "1996534230", "2006359041", "2035037859", "2043669862", "2085373038", "2099674855", "2109969163", "2111644895", "2112658986", "2112775190", "2155945237", "2171189369", "2172816453", "2204137004", "2224400937", "2230275101", "2231818313", "2232526065", "2265431210", "2301981801", "2346298605", "2424785346", "2426444369", "2463508066", "2494721594", "2535057788", "2548003599", "2548541543"], "publication_10_years": ["2143018988", "2305508334", "2951656317", "731010583", "1994443934", "2020584634", "2020924035", "2130295381", "2143049865", "2161573295", "2185139631", "2308415945", "2463670411", "10168427", "85928128", "86723563", "241928076", "257249612", "287677965", "319432949", "433653379", "647253464", "1311704351", "1542331716", "1959642765", "1971269744", "1974211934", "1976426510", "1982364080", "1985581041", "1994702127", "1996534230", "2001667582", "2006112629", "2006359041", "2020689385", "2035037859", "2037420796", "2043669862", "2072796671", "2079456608", "2085373038", "2099674855", "2109969163", "2111644895", "2112658986", "2112668135", "2120243561", "2121482976", "2121982247", "2139022383", "2148032826", "2155945237", "2159362655", "2167146452", "2171189369", "2172816453", "2204137004", "2224400937", "2227523180", "2230275101", "2231818313", "2265431210", "2285563700", "2301981801", "2305414013", "2306364513", "2307683715", "2314123285", "2343872297", "2346298605", "2373417198", "2426444369", "2460869023", "2463508066", "2494721594", "2535057788", "2548003599", "2548541543", "2571887395", "2584382978", "2608536507", "2626975288", "2630624369", "2736330219", "2742193754", "2742493221", "2779323283", "2794884018", "2798496005", "2804807247", "2885258153", "2885410452", "2885421944", "2885987820", "2886250981", "2886993535", "2887077514", "2887144233", "2887163241"], "citation_10_years": ["2143018988", "2185139631", "2037420796", "2148032826", "2343872297", "731010583", "2072796671", "2112668135", "2306364513", "86723563", "241928076", "1982364080", "2001667582", "2020689385", "2020924035", "2130295381", "2167146452", "2460869023", "257249612", "287677965", "433653379", "2020584634", "2120243561", "2121482976", "2161573295", "2285563700", "2307683715", "2314123285", "2373417198", "1971269744", "1976426510", "2006112629", "2079456608", "2121982247", "2143049865", "2159362655", "2227523180", "2305414013", "2305508334", "2308415945", "2463670411", "2736330219", "2742193754", "2779323283", "2794884018", "2887077514", "2951656317", "2997997496", "10168427", "85928128", "319432949", "647253464", "1311704351", "1542331716", "1959642765", "1974211934", "1985581041", "1994443934", "1994702127", "1996534230", "2006359041", "2035037859", "2043669862", "2085373038", "2099674855", "2109969163", "2111644895", "2112658986", "2139022383", "2155945237", "2171189369", "2172816453", "2204137004", "2224400937", "2230275101", "2231818313", "2265431210", "2301981801", "2346298605", "2426444369", "2463508066", "2494721594", "2535057788", "2548003599", "2548541543", "2571887395", "2584382978", "2608536507", "2626975288", "2630624369", "2742493221", "2798496005", "2804807247", "2885258153", "2885410452", "2885421944", "2885987820", "2886250981", "2886993535", "2887144233"], "publication_5_years": ["1994443934", "2143049865", "2305508334", "2308415945", "2463670411", "2951656317", "10168427", "85928128", "319432949", "647253464", "731010583", "1311704351", "1542331716", "1971269744", "1974211934", "1985581041", "1994702127", "2006112629", "2006359041", "2020584634", "2020924035", "2079456608", "2099674855", "2109969163", "2111644895", "2120243561", "2121982247", "2130295381", "2143018988", "2155945237", "2172816453", "2204137004", "2227523180", "2305414013", "2314123285", "2346298605", "2426444369", "2463508066", "2494721594", "2535057788", "2548003599", "2548541543", "2571887395", "2584382978", "2608536507", "2626975288", "2630624369", "2742493221", "2779323283", "2794884018", "2798496005", "2804807247", "2885258153", "2885410452", "2885421944", "2885987820", "2886250981", "2886993535", "2887077514", "2887144233", "2887163241", "2887167814", "2951188996", "2997535886", "2998255568"], "citation_5_years": ["731010583", "2120243561", "2314123285", "1971269744", "2006112629", "2079456608", "2121982247", "2143049865", "2227523180", "2305414013", "2308415945", "2463670411", "2779323283", "2794884018", "2887077514", "10168427", "85928128", "319432949", "647253464", "1311704351", "1542331716", "1974211934", "1985581041", "1994443934", "1994702127", "2006359041", "2020584634", "2020924035", "2099674855", "2109969163", "2111644895", "2130295381", "2143018988", "2155945237", "2172816453", "2204137004", "2305508334", "2346298605", "2426444369", "2463508066", "2494721594", "2535057788", "2548003599", "2548541543", "2571887395", "2584382978", "2608536507", "2626975288", "2630624369", "2742493221", "2798496005", "2804807247", "2885258153", "2885410452", "2885421944", "2885987820", "2886250981", "2886993535", "2887144233", "2887163241", "2887167814", "2951188996", "2951656317", "2997535886", "2998255568"]}, "industrial_sectors": {"publication_overall": ["health_care"], "citation_overall": ["health_care"], "publication_10_years": [], "citation_10_years": [], "publication_5_years": [], "citation_5_years": []}}