{"name": "Security and Artificial Intelligence", "acronym": "AISec", "type": "conference", "uniqueEntities": {"organizations": {"Technical University of Berlin": {"name": "Technical University of Berlin", "type": "organization", "organization_type": "Education", "h_index": 119, "h5_index": 40, "num_publications": 5, "num_citations": 129, "num_publications_5y": 0, "num_citations_5y": 79, "num_publications_10y": 5, "num_citations_10y": 105, "publications_years": {"2009": 2, "2012": 3}, "citations_years": {"2010": 4, "2011": 3, "2012": 6, "2013": 13, "2014": 19, "2015": 19, "2016": 10, "2017": 12, "2018": 19, "2019": 18, "2020": 6}, "old_citations": {"2009": 74, "2012": 55}, "isVisible": false}, "Microsoft (United States)": {"name": "Microsoft (United States)", "type": "organization", "organization_type": "Company", "h_index": 460, "h5_index": 116, "num_publications": 3, "num_citations": 564, "num_publications_5y": 0, "num_citations_5y": 364, "num_publications_10y": 3, "num_citations_10y": 410, "publications_years": {"2011": 2, "2009": 1}, "citations_years": {"2012": 16, "2013": 18, "2014": 38, "2015": 50, "2016": 48, "2017": 93, "2018": 135, "2019": 122, "2020": 32, "2010": 4, "2011": 8}, "old_citations": {"2011": 497, "2009": 67}, "isVisible": false}, "University of G\u00f6ttingen": {"name": "University of G\u00f6ttingen", "type": "organization", "organization_type": "Education", "h_index": 65, "h5_index": 28, "num_publications": 3, "num_citations": 55, "num_publications_5y": 0, "num_citations_5y": 35, "num_publications_10y": 3, "num_citations_10y": 43, "publications_years": {"2012": 3}, "citations_years": {"2013": 7, "2014": 9, "2015": 8, "2016": 4, "2017": 4, "2018": 10, "2019": 9, "2020": 3, "2012": 1}, "old_citations": {"2012": 55}, "isVisible": false}, "University of T\u00fcbingen": {"name": "University of T\u00fcbingen", "type": "organization", "organization_type": "Education", "h_index": 97, "h5_index": 30, "num_publications": 3, "num_citations": 535, "num_publications_5y": 0, "num_citations_5y": 353, "num_publications_10y": 3, "num_citations_10y": 377, "publications_years": {"2009": 1, "2011": 2}, "citations_years": {"2010": 3, "2011": 2, "2012": 8, "2013": 11, "2014": 39, "2015": 44, "2016": 42, "2017": 90, "2018": 138, "2019": 125, "2020": 33}, "old_citations": {"2009": 35, "2011": 500}, "isVisible": false}, "Drexel University": {"name": "Drexel University", "type": "organization", "organization_type": "Education", "h_index": 120, "h5_index": 29, "num_publications": 2, "num_citations": 23, "num_publications_5y": 0, "num_citations_5y": 13, "num_publications_10y": 2, "num_citations_10y": 19, "publications_years": {"2012": 1, "2009": 1}, "citations_years": {"2011": 2, "2012": 0, "2013": 4, "2014": 3, "2015": 6, "2016": 4, "2017": 0, "2018": 0, "2019": 4}, "old_citations": {"2012": 22, "2009": 1}, "isVisible": false}, "Hewlett-Packard (United States)": {"name": "Hewlett-Packard (United States)", "type": "organization", "organization_type": "Company", "h_index": 241, "h5_index": 32, "num_publications": 2, "num_citations": 35, "num_publications_5y": 0, "num_citations_5y": 21, "num_publications_10y": 2, "num_citations_10y": 32, "publications_years": {"2011": 1, "2009": 1}, "citations_years": {"2012": 6, "2013": 3, "2014": 8, "2015": 6, "2016": 5, "2017": 2, "2018": 0, "2019": 3, "2011": 2}, "old_citations": {"2011": 30, "2009": 5}, "isVisible": false}, "Intel (United States)": {"name": "Intel (United States)", "type": "organization", "organization_type": "Company", "h_index": 279, "h5_index": 62, "num_publications": 2, "num_citations": 512, "num_publications_5y": 0, "num_citations_5y": 339, "num_publications_10y": 2, "num_citations_10y": 357, "publications_years": {"2011": 1, "2012": 1}, "citations_years": {"2012": 5, "2013": 12, "2014": 33, "2015": 45, "2016": 43, "2017": 86, "2018": 132, "2019": 123, "2020": 32, "2011": 1}, "old_citations": {"2011": 490, "2012": 22}, "isVisible": false}, "University of Cagliari": {"name": "University of Cagliari", "type": "organization", "organization_type": "Education", "h_index": 67, "h5_index": 31, "num_publications": 2, "num_citations": 13, "num_publications_5y": 0, "num_citations_5y": 10, "num_publications_10y": 2, "num_citations_10y": 12, "publications_years": {"2011": 2}, "citations_years": {"2013": 1, "2014": 4, "2015": 2, "2016": 0, "2017": 1, "2018": 3, "2012": 1, "2019": 1}, "old_citations": {"2011": 13}, "isVisible": false}, "University of California, Berkeley": {"name": "University of California, Berkeley", "type": "organization", "organization_type": "Education", "h_index": 452, "h5_index": 107, "num_publications": 2, "num_citations": 512, "num_publications_5y": 0, "num_citations_5y": 339, "num_publications_10y": 2, "num_citations_10y": 357, "publications_years": {"2011": 1, "2012": 1}, "citations_years": {"2012": 5, "2013": 12, "2014": 33, "2015": 45, "2016": 43, "2017": 86, "2018": 132, "2019": 123, "2020": 32, "2011": 1}, "old_citations": {"2011": 490, "2012": 22}, "isVisible": false}, "University of California, San Diego": {"name": "University of California, San Diego", "type": "organization", "organization_type": "Education", "h_index": 285, "h5_index": 61, "num_publications": 2, "num_citations": 27, "num_publications_5y": 0, "num_citations_5y": 18, "num_publications_10y": 2, "num_citations_10y": 21, "publications_years": {"2011": 2}, "citations_years": {"2012": 1, "2013": 2, "2014": 7, "2015": 4, "2016": 0, "2017": 6, "2018": 1, "2019": 5, "2020": 1}, "old_citations": {"2011": 27}, "isVisible": false}, "University of Louisiana at Lafayette": {"name": "University of Louisiana at Lafayette", "type": "organization", "organization_type": "Education", "h_index": 55, "h5_index": 17, "num_publications": 2, "num_citations": 16, "num_publications_5y": 0, "num_citations_5y": 14, "num_publications_10y": 2, "num_citations_10y": 15, "publications_years": {"2011": 1, "2012": 1}, "citations_years": {"2013": 1, "2014": 0, "2015": 1, "2016": 3, "2017": 5, "2018": 5, "2019": 1}, "old_citations": {"2011": 0, "2012": 16}, "isVisible": false}, "University of Toronto": {"name": "University of Toronto", "type": "organization", "organization_type": "Education", "h_index": 278, "h5_index": 73, "num_publications": 2, "num_citations": 12, "num_publications_5y": 0, "num_citations_5y": 9, "num_publications_10y": 2, "num_citations_10y": 12, "publications_years": {"2011": 2}, "citations_years": {"2013": 2, "2014": 5, "2015": 1, "2016": 1, "2017": 2, "2012": 1}, "old_citations": {"2011": 12}, "isVisible": false}, "Amirkabir University of Technology": {"name": "Amirkabir University of Technology", "type": "organization", "organization_type": "Education", "h_index": 66, "h5_index": 25, "num_publications": 1, "num_citations": 10, "num_publications_5y": 0, "num_citations_5y": 8, "num_publications_10y": 1, "num_citations_10y": 10, "publications_years": {"2011": 1}, "citations_years": {"2012": 1, "2013": 1, "2014": 5, "2015": 1, "2016": 1, "2017": 1}, "old_citations": {"2011": 10}, "isVisible": false}, "Artois University": {"name": "Artois University", "type": "organization", "organization_type": "Education", "h_index": 12, "h5_index": 4, "num_publications": 1, "num_citations": 13, "num_publications_5y": 0, "num_citations_5y": 9, "num_publications_10y": 1, "num_citations_10y": 12, "publications_years": {"2011": 1}, "citations_years": {"2013": 3, "2014": 1, "2015": 3, "2016": 3, "2017": 2, "2018": 0, "2019": 1}, "old_citations": {"2011": 13}, "isVisible": false}, "Carnegie Mellon University": {"name": "Carnegie Mellon University", "type": "organization", "organization_type": "Education", "h_index": 441, "h5_index": 107, "num_publications": 1, "num_citations": 10, "num_publications_5y": 0, "num_citations_5y": 6, "num_publications_10y": 1, "num_citations_10y": 6, "publications_years": {"2011": 1}, "citations_years": {"2014": 2, "2015": 1, "2016": 2, "2017": 1, "2018": 0, "2019": 3, "2020": 1}, "old_citations": {"2011": 10}, "isVisible": false}, "Columbia University": {"name": "Columbia University", "type": "organization", "organization_type": "Education", "h_index": 249, "h5_index": 61, "num_publications": 1, "num_citations": 15, "num_publications_5y": 0, "num_citations_5y": 2, "num_publications_10y": 1, "num_citations_10y": 15, "publications_years": {"2009": 1}, "citations_years": {"2010": 2, "2011": 3, "2012": 4, "2013": 4, "2014": 0, "2015": 1, "2016": 0, "2017": 1}, "old_citations": {"2009": 15}, "isVisible": false}, "George Mason University": {"name": "George Mason University", "type": "organization", "organization_type": "Education", "h_index": 155, "h5_index": 33, "num_publications": 1, "num_citations": 15, "num_publications_5y": 0, "num_citations_5y": 2, "num_publications_10y": 1, "num_citations_10y": 15, "publications_years": {"2009": 1}, "citations_years": {"2010": 2, "2011": 3, "2012": 4, "2013": 4, "2014": 0, "2015": 1, "2016": 0, "2017": 1}, "old_citations": {"2009": 15}, "isVisible": false}, "Iowa State University": {"name": "Iowa State University", "type": "organization", "organization_type": "Education", "h_index": 125, "h5_index": 31, "num_publications": 1, "num_citations": 34, "num_publications_5y": 0, "num_citations_5y": 17, "num_publications_10y": 1, "num_citations_10y": 33, "publications_years": {"2009": 1}, "citations_years": {"2010": 3, "2011": 4, "2012": 4, "2013": 5, "2014": 8, "2015": 5, "2016": 2, "2017": 2, "2018": 0, "2019": 0, "2020": 1}, "old_citations": {"2009": 34}, "isVisible": false}, "Kansas State University": {"name": "Kansas State University", "type": "organization", "organization_type": "Education", "h_index": 77, "h5_index": 14, "num_publications": 1, "num_citations": 30, "num_publications_5y": 0, "num_citations_5y": 20, "num_publications_10y": 1, "num_citations_10y": 27, "publications_years": {"2011": 1}, "citations_years": {"2012": 4, "2013": 3, "2014": 7, "2015": 6, "2016": 5, "2017": 2, "2018": 0, "2019": 3}, "old_citations": {"2011": 30}, "isVisible": false}, "Los Alamos National Laboratory": {"name": "Los Alamos National Laboratory", "type": "organization", "organization_type": "Facility", "h_index": 115, "h5_index": 25, "num_publications": 1, "num_citations": 66, "num_publications_5y": 0, "num_citations_5y": 51, "num_publications_10y": 1, "num_citations_10y": 58, "publications_years": {"2012": 1}, "citations_years": {"2012": 1, "2013": 6, "2014": 5, "2015": 9, "2016": 11, "2017": 11, "2018": 15, "2019": 4, "2020": 4}, "old_citations": {"2012": 66}, "isVisible": false}, "Louisiana State University": {"name": "Louisiana State University", "type": "organization", "organization_type": "Education", "h_index": 87, "h5_index": 20, "num_publications": 1, "num_citations": 98, "num_publications_5y": 0, "num_citations_5y": 63, "num_publications_10y": 1, "num_citations_10y": 71, "publications_years": {"2011": 1}, "citations_years": {"2012": 2, "2013": 6, "2014": 9, "2015": 13, "2016": 9, "2017": 12, "2018": 20, "2019": 23, "2020": 4}, "old_citations": {"2011": 98}, "isVisible": false}, "National Institute of Standards and Technology": {"name": "National Institute of Standards and Technology", "type": "organization", "organization_type": "Government", "h_index": 116, "h5_index": 29, "num_publications": 1, "num_citations": 3, "num_publications_5y": 0, "num_citations_5y": 2, "num_publications_10y": 1, "num_citations_10y": 2, "publications_years": {"2011": 1}, "citations_years": {"2015": 1, "2016": 0, "2017": 0, "2018": 1, "2019": 1}, "old_citations": {"2011": 3}, "isVisible": false}, "National Taiwan University": {"name": "National Taiwan University", "type": "organization", "organization_type": "Education", "h_index": 132, "h5_index": 34, "num_publications": 1, "num_citations": 2, "num_publications_5y": 0, "num_citations_5y": 1, "num_publications_10y": 1, "num_citations_10y": 1, "publications_years": {"2012": 1}, "citations_years": {"2018": 1, "2019": 1}, "old_citations": {"2012": 2}, "isVisible": false}, "National University of Computer and Emerging Sciences": {"name": "National University of Computer and Emerging Sciences", "type": "organization", "organization_type": "Education", "h_index": 34, "h5_index": 14, "num_publications": 1, "num_citations": 78, "num_publications_5y": 0, "num_citations_5y": 42, "num_publications_10y": 1, "num_citations_10y": 67, "publications_years": {"2009": 1}, "citations_years": {"2008": 1, "2009": 0, "2010": 4, "2011": 8, "2012": 8, "2013": 5, "2014": 10, "2015": 7, "2016": 8, "2017": 7, "2018": 10, "2019": 7, "2020": 3}, "old_citations": {"2009": 78}, "isVisible": false}, "Oak Ridge National Laboratory": {"name": "Oak Ridge National Laboratory", "type": "organization", "organization_type": "Facility", "h_index": 106, "h5_index": 30, "num_publications": 1, "num_citations": 20, "num_publications_5y": 0, "num_citations_5y": 16, "num_publications_10y": 1, "num_citations_10y": 20, "publications_years": {"2012": 1}, "citations_years": {"2012": 1, "2013": 3, "2014": 5, "2015": 7, "2016": 1, "2017": 3}, "old_citations": {"2012": 20}, "isVisible": false}, "Palo Alto Research Center": {"name": "Palo Alto Research Center", "type": "organization", "organization_type": "Facility", "h_index": 190, "h5_index": 13, "num_publications": 1, "num_citations": 12, "num_publications_5y": 0, "num_citations_5y": 4, "num_publications_10y": 1, "num_citations_10y": 12, "publications_years": {"2009": 1}, "citations_years": {"2010": 3, "2011": 1, "2012": 2, "2013": 2, "2014": 2, "2015": 0, "2016": 1, "2017": 1}, "old_citations": {"2009": 12}, "isVisible": false}, "Purdue University West Lafayette": {"name": "Purdue University West Lafayette", "type": "organization", "organization_type": "Education", "h_index": 215, "h5_index": 48, "num_publications": 1, "num_citations": 2, "num_publications_5y": 0, "num_citations_5y": 2, "num_publications_10y": 1, "num_citations_10y": 2, "publications_years": {"2011": 1}, "citations_years": {"2015": 1, "2016": 1}, "old_citations": {"2011": 2}, "isVisible": false}, "SRI International": {"name": "SRI International", "type": "organization", "organization_type": "Nonprofit", "h_index": 142, "h5_index": 22, "num_publications": 1, "num_citations": 98, "num_publications_5y": 0, "num_citations_5y": 63, "num_publications_10y": 1, "num_citations_10y": 71, "publications_years": {"2011": 1}, "citations_years": {"2012": 2, "2013": 6, "2014": 9, "2015": 13, "2016": 9, "2017": 12, "2018": 20, "2019": 23, "2020": 4}, "old_citations": {"2011": 98}, "isVisible": false}, "Sharif University of Technology": {"name": "Sharif University of Technology", "type": "organization", "organization_type": "Education", "h_index": 73, "h5_index": 31, "num_publications": 1, "num_citations": 2, "num_publications_5y": 0, "num_citations_5y": 1, "num_publications_10y": 1, "num_citations_10y": 2, "publications_years": {"2011": 1}, "citations_years": {"2013": 1, "2014": 0, "2015": 0, "2016": 0, "2017": 1}, "old_citations": {"2011": 2}, "isVisible": false}, "Texas A&M University": {"name": "Texas A&M University", "type": "organization", "organization_type": "Education", "h_index": 161, "h5_index": 40, "num_publications": 1, "num_citations": 2, "num_publications_5y": 0, "num_citations_5y": 2, "num_publications_10y": 1, "num_citations_10y": 2, "publications_years": {"2012": 1}, "citations_years": {"2015": 1, "2016": 0, "2017": 1}, "old_citations": {"2012": 2}, "isVisible": false}, "UNSW Sydney": {"name": "UNSW Sydney", "type": "organization", "organization_type": "Education", "h_index": 146, "h5_index": 56, "num_publications": 1, "num_citations": 2, "num_publications_5y": 0, "num_citations_5y": 1, "num_publications_10y": 1, "num_citations_10y": 2, "publications_years": {"2011": 1}, "citations_years": {"2012": 1, "2013": 0, "2014": 1}, "old_citations": {"2011": 2}, "isVisible": false}, "University of Buenos Aires": {"name": "University of Buenos Aires", "type": "organization", "organization_type": "Education", "h_index": 42, "h5_index": 15, "num_publications": 1, "num_citations": 24, "num_publications_5y": 0, "num_citations_5y": 16, "num_publications_10y": 1, "num_citations_10y": 22, "publications_years": {"2011": 1}, "citations_years": {"2012": 3, "2013": 3, "2014": 2, "2015": 6, "2016": 2, "2017": 4, "2018": 2, "2019": 2}, "old_citations": {"2011": 24}, "isVisible": false}, "University of Calgary": {"name": "University of Calgary", "type": "organization", "organization_type": "Education", "h_index": 134, "h5_index": 27, "num_publications": 1, "num_citations": 2, "num_publications_5y": 0, "num_citations_5y": 2, "num_publications_10y": 1, "num_citations_10y": 2, "publications_years": {"2012": 1}, "citations_years": {"2014": 1, "2015": 1}, "old_citations": {"2012": 2}, "isVisible": false}, "University of California, Santa Barbara": {"name": "University of California, Santa Barbara", "type": "organization", "organization_type": "Education", "h_index": 190, "h5_index": 44, "num_publications": 1, "num_citations": 98, "num_publications_5y": 0, "num_citations_5y": 63, "num_publications_10y": 1, "num_citations_10y": 71, "publications_years": {"2011": 1}, "citations_years": {"2012": 2, "2013": 6, "2014": 9, "2015": 13, "2016": 9, "2017": 12, "2018": 20, "2019": 23, "2020": 4}, "old_citations": {"2011": 98}, "isVisible": false}, "University of Nantes": {"name": "University of Nantes", "type": "organization", "organization_type": "Education", "h_index": 50, "h5_index": 17, "num_publications": 1, "num_citations": 13, "num_publications_5y": 0, "num_citations_5y": 9, "num_publications_10y": 1, "num_citations_10y": 12, "publications_years": {"2011": 1}, "citations_years": {"2013": 3, "2014": 1, "2015": 3, "2016": 3, "2017": 2, "2018": 0, "2019": 1}, "old_citations": {"2011": 13}, "isVisible": false}}, "topics": {"computer science": {"name": "computer science", "type": "topic", "h_index": 1779, "h5_index": 416, "num_publications": 39, "num_citations": 1229, "num_publications_5y": 0, "num_citations_5y": 772, "num_publications_10y": 39, "num_citations_10y": 977, "publications_years": {"2009": 10, "2011": 17, "2012": 11, "2013": 1}, "citations_years": {"2010": 24, "2011": 35, "2012": 62, "2013": 84, "2014": 132, "2015": 146, "2016": 114, "2017": 168, "2018": 212, "2019": 199, "2020": 52, "2008": 1, "2009": 0}, "old_citations": {"2009": 308, "2011": 731, "2012": 187, "2013": 3}, "isVisible": false}, "computer security": {"name": "computer security", "type": "topic", "h_index": 977, "h5_index": 220, "num_publications": 34, "num_citations": 1188, "num_publications_5y": 0, "num_citations_5y": 744, "num_publications_10y": 34, "num_citations_10y": 942, "publications_years": {"2009": 10, "2011": 12, "2012": 11, "2013": 1}, "citations_years": {"2010": 24, "2011": 35, "2012": 59, "2013": 80, "2014": 119, "2015": 141, "2016": 113, "2017": 160, "2018": 211, "2019": 194, "2020": 51, "2008": 1, "2009": 0}, "old_citations": {"2009": 308, "2011": 690, "2012": 187, "2013": 3}, "isVisible": false}, "computer networks": {"name": "computer networks", "type": "topic", "h_index": 1262, "h5_index": 332, "num_publications": 31, "num_citations": 1077, "num_publications_5y": 0, "num_citations_5y": 687, "num_publications_10y": 31, "num_citations_10y": 839, "publications_years": {"2009": 7, "2011": 12, "2012": 11, "2013": 1}, "citations_years": {"2010": 16, "2011": 25, "2012": 46, "2013": 65, "2014": 110, "2015": 124, "2016": 103, "2017": 148, "2018": 202, "2019": 188, "2020": 49, "2008": 1, "2009": 0}, "old_citations": {"2009": 190, "2011": 697, "2012": 187, "2013": 3}, "isVisible": false}, "cryptography": {"name": "cryptography", "type": "topic", "h_index": 761, "h5_index": 179, "num_publications": 31, "num_citations": 1131, "num_publications_5y": 0, "num_citations_5y": 715, "num_publications_10y": 31, "num_citations_10y": 891, "publications_years": {"2009": 8, "2011": 11, "2012": 11, "2013": 1}, "citations_years": {"2010": 21, "2011": 31, "2012": 52, "2013": 72, "2014": 114, "2015": 132, "2016": 110, "2017": 154, "2018": 205, "2019": 190, "2020": 49, "2008": 1, "2009": 0}, "old_citations": {"2009": 254, "2011": 687, "2012": 187, "2013": 3}, "isVisible": false}, "cryptology": {"name": "cryptology", "type": "topic", "h_index": 761, "h5_index": 179, "num_publications": 31, "num_citations": 1131, "num_publications_5y": 0, "num_citations_5y": 715, "num_publications_10y": 31, "num_citations_10y": 891, "publications_years": {"2009": 8, "2011": 11, "2012": 11, "2013": 1}, "citations_years": {"2010": 21, "2011": 31, "2012": 52, "2013": 72, "2014": 114, "2015": 132, "2016": 110, "2017": 154, "2018": 205, "2019": 190, "2020": 49, "2008": 1, "2009": 0}, "old_citations": {"2009": 254, "2011": 687, "2012": 187, "2013": 3}, "isVisible": false}, "security of data": {"name": "security of data", "type": "topic", "h_index": 883, "h5_index": 199, "num_publications": 31, "num_citations": 1107, "num_publications_5y": 0, "num_citations_5y": 704, "num_publications_10y": 31, "num_citations_10y": 863, "publications_years": {"2009": 8, "2011": 12, "2012": 10, "2013": 1}, "citations_years": {"2010": 17, "2011": 26, "2012": 48, "2013": 68, "2014": 109, "2015": 130, "2016": 105, "2017": 152, "2018": 208, "2019": 192, "2020": 51, "2008": 1, "2009": 0}, "old_citations": {"2009": 229, "2011": 690, "2012": 185, "2013": 3}, "isVisible": false}, "artificial intelligence": {"name": "artificial intelligence", "type": "topic", "h_index": 1421, "h5_index": 373, "num_publications": 28, "num_citations": 1068, "num_publications_5y": 0, "num_citations_5y": 690, "num_publications_10y": 28, "num_citations_10y": 827, "publications_years": {"2011": 14, "2009": 5, "2012": 8, "2013": 1}, "citations_years": {"2015": 126, "2016": 102, "2017": 154, "2018": 207, "2019": 191, "2013": 61, "2014": 101, "2010": 12, "2011": 21, "2012": 43, "2020": 49, "2008": 1, "2009": 0}, "old_citations": {"2011": 706, "2009": 220, "2012": 139, "2013": 3}, "isVisible": false}, "network security": {"name": "network security", "type": "topic", "h_index": 658, "h5_index": 157, "num_publications": 28, "num_citations": 1030, "num_publications_5y": 0, "num_citations_5y": 664, "num_publications_10y": 28, "num_citations_10y": 796, "publications_years": {"2009": 6, "2011": 11, "2012": 10, "2013": 1}, "citations_years": {"2010": 14, "2011": 21, "2012": 41, "2013": 56, "2014": 102, "2015": 116, "2016": 98, "2017": 146, "2018": 202, "2019": 184, "2020": 49, "2008": 1, "2009": 0}, "old_citations": {"2009": 175, "2011": 687, "2012": 165, "2013": 3}, "isVisible": false}, "computer crime": {"name": "computer crime", "type": "topic", "h_index": 466, "h5_index": 123, "num_publications": 27, "num_citations": 1088, "num_publications_5y": 0, "num_citations_5y": 693, "num_publications_10y": 27, "num_citations_10y": 846, "publications_years": {"2009": 6, "2011": 10, "2012": 10, "2013": 1}, "citations_years": {"2010": 17, "2011": 23, "2012": 45, "2013": 68, "2014": 104, "2015": 127, "2016": 105, "2017": 151, "2018": 206, "2019": 190, "2020": 51, "2008": 1, "2009": 0}, "old_citations": {"2009": 223, "2011": 677, "2012": 185, "2013": 3}, "isVisible": false}, "computer systems": {"name": "computer systems", "type": "topic", "h_index": 1595, "h5_index": 367, "num_publications": 26, "num_citations": 1008, "num_publications_5y": 0, "num_citations_5y": 650, "num_publications_10y": 26, "num_citations_10y": 777, "publications_years": {"2009": 5, "2011": 11, "2012": 9, "2013": 1}, "citations_years": {"2010": 12, "2011": 20, "2012": 38, "2013": 57, "2014": 102, "2015": 113, "2016": 86, "2017": 147, "2018": 202, "2019": 182, "2020": 48, "2008": 1, "2009": 0}, "old_citations": {"2009": 167, "2011": 666, "2012": 172, "2013": 3}, "isVisible": false}, "machine learning": {"name": "machine learning", "type": "topic", "h_index": 1123, "h5_index": 351, "num_publications": 21, "num_citations": 996, "num_publications_5y": 0, "num_citations_5y": 643, "num_publications_10y": 21, "num_citations_10y": 765, "publications_years": {"2011": 8, "2009": 4, "2012": 8, "2013": 1}, "citations_years": {"2013": 55, "2014": 89, "2015": 111, "2016": 92, "2017": 147, "2018": 204, "2010": 12, "2011": 20, "2012": 35, "2019": 182, "2020": 48, "2008": 1, "2009": 0}, "old_citations": {"2011": 635, "2009": 219, "2012": 139, "2013": 3}, "isVisible": false}, "internet": {"name": "internet", "type": "topic", "h_index": 1102, "h5_index": 245, "num_publications": 19, "num_citations": 292, "num_publications_5y": 0, "num_citations_5y": 153, "num_publications_10y": 19, "num_citations_10y": 260, "publications_years": {"2009": 6, "2012": 6, "2011": 7}, "citations_years": {"2010": 16, "2011": 23, "2012": 29, "2013": 39, "2014": 47, "2015": 39, "2016": 26, "2017": 27, "2018": 14, "2019": 26, "2020": 6}, "old_citations": {"2009": 155, "2012": 81, "2011": 56}, "isVisible": false}, "intrusion detection": {"name": "intrusion detection", "type": "topic", "h_index": 388, "h5_index": 98, "num_publications": 18, "num_citations": 534, "num_publications_5y": 0, "num_citations_5y": 337, "num_publications_10y": 18, "num_citations_10y": 455, "publications_years": {"2009": 5, "2012": 7, "2011": 6}, "citations_years": {"2010": 13, "2011": 18, "2012": 35, "2013": 52, "2014": 67, "2015": 80, "2016": 57, "2017": 62, "2018": 71, "2019": 60, "2020": 18, "2008": 1, "2009": 0}, "old_citations": {"2009": 201, "2012": 159, "2011": 174}, "isVisible": false}, "world wide web": {"name": "world wide web", "type": "topic", "h_index": 869, "h5_index": 173, "num_publications": 15, "num_citations": 254, "num_publications_5y": 0, "num_citations_5y": 133, "num_publications_10y": 15, "num_citations_10y": 223, "publications_years": {"2009": 5, "2012": 5, "2011": 5}, "citations_years": {"2010": 13, "2011": 19, "2012": 25, "2013": 33, "2014": 38, "2015": 34, "2016": 24, "2017": 23, "2018": 14, "2019": 26, "2020": 5}, "old_citations": {"2009": 121, "2012": 79, "2011": 54}, "isVisible": false}, "mathematics": {"name": "mathematics", "type": "topic", "h_index": 1364, "h5_index": 300, "num_publications": 13, "num_citations": 224, "num_publications_5y": 0, "num_citations_5y": 154, "num_publications_10y": 13, "num_citations_10y": 192, "publications_years": {"2011": 7, "2012": 5, "2013": 1}, "citations_years": {"2015": 38, "2016": 34, "2017": 27, "2018": 28, "2019": 25, "2012": 13, "2013": 24, "2014": 27, "2020": 7, "2011": 1}, "old_citations": {"2011": 89, "2012": 132, "2013": 3}, "isVisible": false}, "operating systems": {"name": "operating systems", "type": "topic", "h_index": 509, "h5_index": 104, "num_publications": 13, "num_citations": 373, "num_publications_5y": 0, "num_citations_5y": 232, "num_publications_10y": 13, "num_citations_10y": 312, "publications_years": {"2009": 3, "2012": 7, "2011": 3}, "citations_years": {"2010": 9, "2011": 15, "2012": 22, "2013": 34, "2014": 43, "2015": 46, "2016": 39, "2017": 44, "2018": 60, "2019": 45, "2020": 15, "2008": 1, "2009": 0}, "old_citations": {"2009": 127, "2012": 141, "2011": 105}, "isVisible": false}, "malwares": {"name": "malwares", "type": "topic", "h_index": 242, "h5_index": 68, "num_publications": 12, "num_citations": 358, "num_publications_5y": 0, "num_citations_5y": 230, "num_publications_10y": 12, "num_citations_10y": 297, "publications_years": {"2009": 2, "2012": 7, "2011": 3}, "citations_years": {"2010": 7, "2011": 12, "2012": 18, "2013": 30, "2014": 43, "2015": 45, "2016": 39, "2017": 43, "2018": 60, "2019": 45, "2020": 15, "2008": 1, "2009": 0}, "old_citations": {"2009": 112, "2012": 141, "2011": 105}, "isVisible": false}, "data mining": {"name": "data mining", "type": "topic", "h_index": 861, "h5_index": 196, "num_publications": 11, "num_citations": 653, "num_publications_5y": 0, "num_citations_5y": 412, "num_publications_10y": 11, "num_citations_10y": 493, "publications_years": {"2009": 4, "2011": 3, "2012": 3, "2013": 1}, "citations_years": {"2010": 10, "2011": 16, "2012": 24, "2013": 31, "2014": 52, "2015": 62, "2016": 56, "2017": 102, "2018": 140, "2019": 127, "2020": 33}, "old_citations": {"2009": 118, "2011": 492, "2012": 40, "2013": 3}, "isVisible": false}, "engineering": {"name": "engineering", "type": "topic", "h_index": 1177, "h5_index": 287, "num_publications": 11, "num_citations": 324, "num_publications_5y": 0, "num_citations_5y": 201, "num_publications_10y": 11, "num_citations_10y": 279, "publications_years": {"2009": 3, "2012": 6, "2011": 2}, "citations_years": {"2010": 10, "2011": 15, "2012": 20, "2013": 33, "2014": 47, "2015": 46, "2016": 38, "2017": 30, "2018": 40, "2019": 32, "2020": 12, "2008": 1, "2009": 0}, "old_citations": {"2009": 147, "2012": 145, "2011": 32}, "isVisible": false}, "privacy": {"name": "privacy", "type": "topic", "h_index": 618, "h5_index": 137, "num_publications": 10, "num_citations": 668, "num_publications_5y": 0, "num_citations_5y": 437, "num_publications_10y": 10, "num_citations_10y": 504, "publications_years": {"2012": 3, "2011": 3, "2009": 4}, "citations_years": {"2013": 28, "2014": 52, "2015": 65, "2016": 61, "2017": 107, "2018": 152, "2019": 127, "2020": 37, "2012": 20, "2011": 12, "2010": 7}, "old_citations": {"2012": 81, "2011": 502, "2009": 85}, "isVisible": false}, "classification methods": {"name": "classification methods", "type": "topic", "h_index": 551, "h5_index": 185, "num_publications": 7, "num_citations": 750, "num_publications_5y": 0, "num_citations_5y": 497, "num_publications_10y": 7, "num_citations_10y": 551, "publications_years": {"2009": 1, "2011": 3, "2012": 3}, "citations_years": {"2008": 1, "2009": 0, "2010": 4, "2011": 8, "2012": 16, "2013": 26, "2014": 54, "2015": 69, "2016": 70, "2017": 121, "2018": 183, "2019": 155, "2020": 43}, "old_citations": {"2009": 78, "2011": 588, "2012": 84}, "isVisible": false}, "software": {"name": "software", "type": "topic", "h_index": 902, "h5_index": 167, "num_publications": 7, "num_citations": 668, "num_publications_5y": 0, "num_citations_5y": 435, "num_publications_10y": 7, "num_citations_10y": 478, "publications_years": {"2009": 1, "2012": 3, "2011": 3}, "citations_years": {"2010": 2, "2011": 3, "2012": 14, "2013": 24, "2014": 47, "2015": 60, "2016": 55, "2017": 107, "2018": 166, "2019": 152, "2020": 38}, "old_citations": {"2009": 15, "2012": 58, "2011": 595}, "isVisible": false}, "pattern recognition": {"name": "pattern recognition", "type": "topic", "h_index": 922, "h5_index": 287, "num_publications": 5, "num_citations": 605, "num_publications_5y": 0, "num_citations_5y": 395, "num_publications_10y": 5, "num_citations_10y": 437, "publications_years": {"2009": 1, "2011": 3, "2012": 1}, "citations_years": {"2008": 1, "2009": 0, "2010": 4, "2011": 8, "2012": 14, "2013": 16, "2014": 44, "2015": 50, "2016": 50, "2017": 103, "2018": 148, "2019": 131, "2020": 36}, "old_citations": {"2009": 78, "2011": 511, "2012": 16}, "isVisible": false}, "feature space": {"name": "feature space", "type": "topic", "h_index": 293, "h5_index": 84, "num_publications": 3, "num_citations": 584, "num_publications_5y": 0, "num_citations_5y": 382, "num_publications_10y": 3, "num_citations_10y": 421, "publications_years": {"2009": 1, "2011": 1, "2012": 1}, "citations_years": {"2008": 1, "2009": 0, "2010": 4, "2011": 8, "2012": 13, "2013": 14, "2014": 40, "2015": 47, "2016": 50, "2017": 98, "2018": 147, "2019": 127, "2020": 35}, "old_citations": {"2009": 78, "2011": 490, "2012": 16}, "isVisible": false}, "privacy preserving": {"name": "privacy preserving", "type": "topic", "h_index": 313, "h5_index": 89, "num_publications": 4, "num_citations": 574, "num_publications_5y": 0, "num_citations_5y": 365, "num_publications_10y": 4, "num_citations_10y": 421, "publications_years": {"2011": 1, "2009": 3}, "citations_years": {"2012": 18, "2013": 20, "2014": 40, "2015": 49, "2016": 47, "2017": 94, "2018": 135, "2019": 121, "2020": 32, "2010": 7, "2011": 11}, "old_citations": {"2011": 490, "2009": 84}, "isVisible": false}, "online systems": {"name": "online systems", "type": "topic", "h_index": 535, "h5_index": 136, "num_publications": 6, "num_citations": 550, "num_publications_5y": 0, "num_citations_5y": 362, "num_publications_10y": 6, "num_citations_10y": 391, "publications_years": {"2009": 2, "2011": 3, "2012": 1}, "citations_years": {"2010": 3, "2011": 4, "2012": 10, "2013": 12, "2014": 43, "2015": 46, "2016": 42, "2017": 93, "2018": 138, "2019": 126, "2020": 33}, "old_citations": {"2009": 40, "2011": 508, "2012": 2}, "isVisible": false}, "online learning": {"name": "online learning", "type": "topic", "h_index": 325, "h5_index": 108, "num_publications": 3, "num_citations": 535, "num_publications_5y": 0, "num_citations_5y": 353, "num_publications_10y": 3, "num_citations_10y": 377, "publications_years": {"2009": 1, "2011": 2}, "citations_years": {"2010": 3, "2011": 2, "2012": 8, "2013": 11, "2014": 39, "2015": 44, "2016": 42, "2017": 90, "2018": 138, "2019": 125, "2020": 33}, "old_citations": {"2009": 35, "2011": 500}, "isVisible": false}, "probability": {"name": "probability", "type": "topic", "h_index": 918, "h5_index": 211, "num_publications": 8, "num_citations": 96, "num_publications_5y": 0, "num_citations_5y": 66, "num_publications_10y": 8, "num_citations_10y": 81, "publications_years": {"2011": 5, "2012": 3}, "citations_years": {"2015": 16, "2016": 12, "2017": 14, "2018": 13, "2019": 12, "2012": 4, "2013": 11, "2014": 11, "2020": 3}, "old_citations": {"2011": 52, "2012": 44}, "isVisible": false}, "bayesian networks": {"name": "bayesian networks", "type": "topic", "h_index": 548, "h5_index": 144, "num_publications": 7, "num_citations": 61, "num_publications_5y": 0, "num_citations_5y": 42, "num_publications_10y": 7, "num_citations_10y": 53, "publications_years": {"2011": 5, "2012": 2}, "citations_years": {"2013": 6, "2014": 12, "2015": 13, "2016": 11, "2017": 6, "2018": 0, "2019": 7, "2012": 5, "2020": 1}, "old_citations": {"2011": 57, "2012": 4}, "isVisible": false}, "security issues": {"name": "security issues", "type": "topic", "h_index": 304, "h5_index": 84, "num_publications": 4, "num_citations": 519, "num_publications_5y": 0, "num_citations_5y": 335, "num_publications_10y": 4, "num_citations_10y": 366, "publications_years": {"2009": 2, "2011": 2}, "citations_years": {"2010": 4, "2011": 6, "2012": 10, "2013": 11, "2014": 32, "2015": 41, "2016": 43, "2017": 87, "2018": 132, "2019": 121, "2020": 32}, "old_citations": {"2009": 27, "2011": 492}, "isVisible": false}}, "authors": {"1912135871": {"name": "konrad rieck", "type": "author", "activity": 16, "h_index": 28, "h5_index": 9, "mag_id": "1912135871", "num_publications": 4, "num_citations": 94, "num_publications_5y": 0, "num_citations_5y": 60, "num_publications_10y": 4, "num_citations_10y": 76, "publications_years": {"2012": 3, "2009": 1}, "citations_years": {"2013": 10, "2014": 14, "2015": 16, "2016": 7, "2017": 9, "2018": 14, "2019": 13, "2020": 5, "2012": 4, "2010": 1, "2011": 1}, "old_citations": {"2012": 55, "2009": 39}, "isVisible": false}, "2226538938": {"name": "marius kloft", "type": "author", "activity": 13, "h_index": 16, "h5_index": 7, "mag_id": "2226538938", "num_publications": 3, "num_citations": 90, "num_publications_5y": 0, "num_citations_5y": 54, "num_publications_10y": 3, "num_citations_10y": 74, "publications_years": {"2009": 2, "2012": 1}, "citations_years": {"2010": 4, "2011": 3, "2012": 6, "2013": 7, "2014": 13, "2015": 13, "2016": 6, "2017": 9, "2018": 13, "2019": 13, "2020": 3}, "old_citations": {"2009": 74, "2012": 16}, "isVisible": false}, "155308371": {"name": "andrew walenstein", "type": "author", "activity": 18, "h_index": 16, "h5_index": 1, "mag_id": "155308371", "num_publications": 2, "num_citations": 16, "num_publications_5y": 0, "num_citations_5y": 14, "num_publications_10y": 2, "num_citations_10y": 15, "publications_years": {"2011": 1, "2012": 1}, "citations_years": {"2013": 1, "2014": 0, "2015": 1, "2016": 3, "2017": 5, "2018": 5, "2019": 1}, "old_citations": {"2011": 0, "2012": 16}, "isVisible": false}, "332459836": {"name": "sajad shiralishahreza", "type": "author", "activity": 14, "h_index": 14, "h5_index": 2, "mag_id": "332459836", "num_publications": 2, "num_citations": 12, "num_publications_5y": 0, "num_citations_5y": 9, "num_publications_10y": 2, "num_citations_10y": 12, "publications_years": {"2011": 2}, "citations_years": {"2013": 2, "2014": 5, "2015": 1, "2016": 1, "2017": 2, "2012": 1}, "old_citations": {"2011": 12}, "isVisible": false}, "1482940668": {"name": "carlos sarraute", "type": "author", "activity": 16, "h_index": 13, "h5_index": 7, "mag_id": "1482940668", "num_publications": 2, "num_citations": 27, "num_publications_5y": 0, "num_citations_5y": 16, "num_publications_10y": 2, "num_citations_10y": 24, "publications_years": {"2011": 1, "2013": 1}, "citations_years": {"2012": 5, "2013": 3, "2014": 2, "2015": 6, "2016": 2, "2017": 4, "2018": 2, "2019": 3}, "old_citations": {"2011": 24, "2013": 3}, "isVisible": false}, "1604723759": {"name": "alexander bikadorov", "type": "author", "activity": 1, "h_index": 2, "h5_index": 0, "mag_id": "1604723759", "num_publications": 2, "num_citations": 29, "num_publications_5y": 0, "num_citations_5y": 19, "num_publications_10y": 2, "num_citations_10y": 23, "publications_years": {"2012": 2}, "citations_years": {"2013": 3, "2014": 5, "2015": 5, "2016": 2, "2017": 2, "2018": 5, "2019": 5, "2020": 1, "2012": 1}, "old_citations": {"2012": 29}, "isVisible": false}, "2100576291": {"name": "tammo krueger", "type": "author", "activity": 9, "h_index": 8, "h5_index": 0, "mag_id": "2100576291", "num_publications": 2, "num_citations": 39, "num_publications_5y": 0, "num_citations_5y": 25, "num_publications_10y": 2, "num_citations_10y": 31, "publications_years": {"2012": 2}, "citations_years": {"2013": 6, "2014": 6, "2015": 6, "2016": 4, "2017": 3, "2018": 6, "2019": 5, "2020": 3}, "old_citations": {"2012": 39}, "isVisible": false}, "2111611200": {"name": "blaine nelson", "type": "author", "activity": 10, "h_index": 16, "h5_index": 0, "mag_id": "2111611200", "num_publications": 2, "num_citations": 500, "num_publications_5y": 0, "num_citations_5y": 334, "num_publications_10y": 2, "num_citations_10y": 348, "publications_years": {"2011": 2}, "citations_years": {"2012": 6, "2013": 8, "2014": 34, "2015": 41, "2016": 39, "2017": 87, "2018": 133, "2019": 120, "2020": 32}, "old_citations": {"2011": 500}, "isVisible": false}, "2114517990": {"name": "anthony d joseph", "type": "author", "activity": 30, "h_index": 42, "h5_index": 5, "mag_id": "2114517990", "num_publications": 2, "num_citations": 512, "num_publications_5y": 0, "num_citations_5y": 339, "num_publications_10y": 2, "num_citations_10y": 357, "publications_years": {"2011": 1, "2012": 1}, "citations_years": {"2012": 5, "2013": 12, "2014": 33, "2015": 45, "2016": 43, "2017": 86, "2018": 132, "2019": 123, "2020": 32, "2011": 1}, "old_citations": {"2011": 490, "2012": 22}, "isVisible": false}, "2141495286": {"name": "arun lakhotia", "type": "author", "activity": 30, "h_index": 22, "h5_index": 1, "mag_id": "2141495286", "num_publications": 2, "num_citations": 16, "num_publications_5y": 0, "num_citations_5y": 14, "num_publications_10y": 2, "num_citations_10y": 15, "publications_years": {"2011": 1, "2012": 1}, "citations_years": {"2013": 1, "2014": 0, "2015": 1, "2016": 3, "2017": 5, "2018": 5, "2019": 1}, "old_citations": {"2011": 0, "2012": 16}, "isVisible": false}, "2143047568": {"name": "lawrence k saul", "type": "author", "activity": 26, "h_index": 35, "h5_index": 3, "mag_id": "2143047568", "num_publications": 2, "num_citations": 27, "num_publications_5y": 0, "num_citations_5y": 18, "num_publications_10y": 2, "num_citations_10y": 21, "publications_years": {"2011": 2}, "citations_years": {"2012": 1, "2013": 2, "2014": 7, "2015": 4, "2016": 0, "2017": 6, "2018": 1, "2019": 5, "2020": 1}, "old_citations": {"2011": 27}, "isVisible": false}, "2154188784": {"name": "anshuman singh", "type": "author", "activity": 8, "h_index": 4, "h5_index": 1, "mag_id": "2154188784", "num_publications": 2, "num_citations": 16, "num_publications_5y": 0, "num_citations_5y": 14, "num_publications_10y": 2, "num_citations_10y": 15, "publications_years": {"2011": 1, "2012": 1}, "citations_years": {"2013": 1, "2014": 0, "2015": 1, "2016": 3, "2017": 5, "2018": 5, "2019": 1}, "old_citations": {"2011": 0, "2012": 16}, "isVisible": false}, "2156923792": {"name": "sadia afroz", "type": "author", "activity": 12, "h_index": 13, "h5_index": 7, "mag_id": "2156923792", "num_publications": 2, "num_citations": 23, "num_publications_5y": 0, "num_citations_5y": 13, "num_publications_10y": 2, "num_citations_10y": 19, "publications_years": {"2012": 1, "2009": 1}, "citations_years": {"2011": 2, "2012": 0, "2013": 4, "2014": 3, "2015": 6, "2016": 4, "2017": 0, "2018": 0, "2019": 4}, "old_citations": {"2012": 22, "2009": 1}, "isVisible": false}, "2209303800": {"name": "pavel laskov", "type": "author", "activity": 21, "h_index": 27, "h5_index": 1, "mag_id": "2209303800", "num_publications": 2, "num_citations": 45, "num_publications_5y": 0, "num_citations_5y": 27, "num_publications_10y": 2, "num_citations_10y": 38, "publications_years": {"2009": 1, "2011": 1}, "citations_years": {"2010": 3, "2011": 2, "2012": 3, "2013": 3, "2014": 9, "2015": 5, "2016": 3, "2017": 4, "2018": 6, "2019": 6, "2020": 1}, "old_citations": {"2009": 35, "2011": 10}, "isVisible": false}, "2237110490": {"name": "j d tygar", "type": "author", "activity": 30, "h_index": 40, "h5_index": 2, "mag_id": "2237110490", "num_publications": 2, "num_citations": 512, "num_publications_5y": 0, "num_citations_5y": 339, "num_publications_10y": 2, "num_citations_10y": 357, "publications_years": {"2011": 1, "2012": 1}, "citations_years": {"2012": 5, "2013": 12, "2014": 33, "2015": 45, "2016": 43, "2017": 86, "2018": 132, "2019": 123, "2020": 32, "2011": 1}, "old_citations": {"2011": 490, "2012": 22}, "isVisible": false}, "2302984154": {"name": "ling huang", "type": "author", "activity": 17, "h_index": 27, "h5_index": 1, "mag_id": "2302984154", "num_publications": 2, "num_citations": 512, "num_publications_5y": 0, "num_citations_5y": 339, "num_publications_10y": 2, "num_citations_10y": 357, "publications_years": {"2011": 1, "2012": 1}, "citations_years": {"2012": 5, "2013": 12, "2014": 33, "2015": 45, "2016": 43, "2017": 86, "2018": 132, "2019": 123, "2020": 32, "2011": 1}, "old_citations": {"2011": 490, "2012": 22}, "isVisible": false}, "22890495": {"name": "george danezis", "type": "author", "activity": 20, "h_index": 34, "h5_index": 12, "mag_id": "22890495", "num_publications": 1, "num_citations": 67, "num_publications_5y": 0, "num_citations_5y": 34, "num_publications_10y": 1, "num_citations_10y": 65, "publications_years": {"2009": 1}, "citations_years": {"2010": 4, "2011": 8, "2012": 9, "2013": 10, "2014": 7, "2015": 10, "2016": 7, "2017": 7, "2018": 3, "2019": 2}, "old_citations": {"2009": 67}, "isVisible": false}, "46298020": {"name": "salem benferhat", "type": "author", "activity": 29, "h_index": 26, "h5_index": 5, "mag_id": "46298020", "num_publications": 1, "num_citations": 13, "num_publications_5y": 0, "num_citations_5y": 9, "num_publications_10y": 1, "num_citations_10y": 12, "publications_years": {"2011": 1}, "citations_years": {"2013": 3, "2014": 1, "2015": 3, "2016": 3, "2017": 2, "2018": 0, "2019": 1}, "old_citations": {"2011": 13}, "isVisible": false}, "166615085": {"name": "nico gornitz", "type": "author", "activity": 12, "h_index": 9, "h5_index": 5, "mag_id": "166615085", "num_publications": 1, "num_citations": 39, "num_publications_5y": 0, "num_citations_5y": 25, "num_publications_10y": 1, "num_citations_10y": 33, "publications_years": {"2009": 1}, "citations_years": {"2010": 1, "2011": 1, "2012": 3, "2013": 3, "2014": 5, "2015": 8, "2016": 3, "2017": 5, "2018": 4, "2019": 4, "2020": 2}, "old_citations": {"2009": 39}, "isVisible": false}, "177051771": {"name": "michael e locasto", "type": "author", "activity": 17, "h_index": 21, "h5_index": 3, "mag_id": "177051771", "num_publications": 1, "num_citations": 15, "num_publications_5y": 0, "num_citations_5y": 2, "num_publications_10y": 1, "num_citations_10y": 15, "publications_years": {"2009": 1}, "citations_years": {"2010": 2, "2011": 3, "2012": 4, "2013": 4, "2014": 0, "2015": 1, "2016": 0, "2017": 1}, "old_citations": {"2009": 15}, "isVisible": false}, "239661466": {"name": "vinod yegneswaran", "type": "author", "activity": 18, "h_index": 25, "h5_index": 7, "mag_id": "239661466", "num_publications": 1, "num_citations": 98, "num_publications_5y": 0, "num_citations_5y": 63, "num_publications_10y": 1, "num_citations_10y": 71, "publications_years": {"2011": 1}, "citations_years": {"2012": 2, "2013": 6, "2014": 9, "2015": 13, "2016": 9, "2017": 12, "2018": 20, "2019": 23, "2020": 4}, "old_citations": {"2011": 98}, "isVisible": false}, "241629895": {"name": "geoffrey m voelker", "type": "author", "activity": 26, "h_index": 62, "h5_index": 5, "mag_id": "241629895", "num_publications": 1, "num_citations": 8, "num_publications_5y": 0, "num_citations_5y": 6, "num_publications_10y": 1, "num_citations_10y": 7, "publications_years": {"2011": 1}, "citations_years": {"2013": 1, "2014": 3, "2015": 1, "2016": 0, "2017": 2, "2018": 0, "2019": 1}, "old_citations": {"2011": 8}, "isVisible": false}, "261482566": {"name": "gabriela f cretuciocarlie", "type": "author", "activity": 1, "h_index": 2, "h5_index": 0, "mag_id": "261482566", "num_publications": 1, "num_citations": 15, "num_publications_5y": 0, "num_citations_5y": 2, "num_publications_10y": 1, "num_citations_10y": 15, "publications_years": {"2009": 1}, "citations_years": {"2010": 2, "2011": 3, "2012": 4, "2013": 4, "2014": 0, "2015": 1, "2016": 0, "2017": 1}, "old_citations": {"2009": 15}, "isVisible": false}, "301936483": {"name": "davide ariu", "type": "author", "activity": 11, "h_index": 12, "h5_index": 3, "mag_id": "301936483", "num_publications": 1, "num_citations": 3, "num_publications_5y": 0, "num_citations_5y": 2, "num_publications_10y": 1, "num_citations_10y": 3, "publications_years": {"2011": 1}, "citations_years": {"2013": 1, "2014": 0, "2015": 0, "2016": 0, "2017": 0, "2018": 2}, "old_citations": {"2011": 3}, "isVisible": false}, "325932619": {"name": "alex kantchelian", "type": "author", "activity": 5, "h_index": 7, "h5_index": 3, "mag_id": "325932619", "num_publications": 1, "num_citations": 22, "num_publications_5y": 0, "num_citations_5y": 13, "num_publications_10y": 1, "num_citations_10y": 18, "publications_years": {"2012": 1}, "citations_years": {"2011": 1, "2012": 0, "2013": 4, "2014": 3, "2015": 6, "2016": 4, "2017": 0, "2018": 0, "2019": 4}, "old_citations": {"2012": 22}, "isVisible": false}, "353235424": {"name": "m shiralishahreza", "type": "author", "activity": 7, "h_index": 16, "h5_index": 0, "mag_id": "353235424", "num_publications": 1, "num_citations": 2, "num_publications_5y": 0, "num_citations_5y": 1, "num_publications_10y": 1, "num_citations_10y": 2, "publications_years": {"2011": 1}, "citations_years": {"2013": 1, "2014": 0, "2015": 0, "2016": 0, "2017": 1}, "old_citations": {"2011": 2}, "isVisible": false}, "617941202": {"name": "benjamin i p rubinstein", "type": "author", "activity": 19, "h_index": 19, "h5_index": 5, "mag_id": "617941202", "num_publications": 1, "num_citations": 490, "num_publications_5y": 0, "num_citations_5y": 326, "num_publications_10y": 1, "num_citations_10y": 339, "publications_years": {"2011": 1}, "citations_years": {"2012": 5, "2013": 8, "2014": 30, "2015": 39, "2016": 39, "2017": 86, "2018": 132, "2019": 119, "2020": 32}, "old_citations": {"2011": 490}, "isVisible": false}, "1259251873": {"name": "battista biggio", "type": "author", "activity": 14, "h_index": 26, "h5_index": 14, "mag_id": "1259251873", "num_publications": 1, "num_citations": 10, "num_publications_5y": 0, "num_citations_5y": 8, "num_publications_10y": 1, "num_citations_10y": 9, "publications_years": {"2011": 1}, "citations_years": {"2012": 1, "2013": 0, "2014": 4, "2015": 2, "2016": 0, "2017": 1, "2018": 1, "2019": 1}, "old_citations": {"2011": 10}, "isVisible": false}, "1350735092": {"name": "curtis b storlie", "type": "author", "activity": 16, "h_index": 11, "h5_index": 3, "mag_id": "1350735092", "num_publications": 1, "num_citations": 66, "num_publications_5y": 0, "num_citations_5y": 51, "num_publications_10y": 1, "num_citations_10y": 58, "publications_years": {"2012": 1}, "citations_years": {"2012": 1, "2013": 6, "2014": 5, "2015": 9, "2016": 11, "2017": 11, "2018": 15, "2019": 4, "2020": 4}, "old_citations": {"2012": 66}, "isVisible": false}, "1725132105": {"name": "giorgio giacinto", "type": "author", "activity": 25, "h_index": 33, "h5_index": 9, "mag_id": "1725132105", "num_publications": 1, "num_citations": 3, "num_publications_5y": 0, "num_citations_5y": 2, "num_publications_10y": 1, "num_citations_10y": 3, "publications_years": {"2011": 1}, "citations_years": {"2013": 1, "2014": 0, "2015": 0, "2016": 0, "2017": 0, "2018": 2}, "old_citations": {"2011": 3}, "isVisible": false}, "1960000953": {"name": "benoit morel", "type": "author", "activity": 4, "h_index": 2, "h5_index": 0, "mag_id": "1960000953", "num_publications": 1, "num_citations": 10, "num_publications_5y": 0, "num_citations_5y": 6, "num_publications_10y": 1, "num_citations_10y": 6, "publications_years": {"2011": 1}, "citations_years": {"2014": 2, "2015": 1, "2016": 2, "2017": 1, "2018": 0, "2019": 3, "2020": 1}, "old_citations": {"2011": 10}, "isVisible": false}, "1963977765": {"name": "christopher t symons", "type": "author", "activity": 14, "h_index": 8, "h5_index": 1, "mag_id": "1963977765", "num_publications": 1, "num_citations": 20, "num_publications_5y": 0, "num_citations_5y": 16, "num_publications_10y": 1, "num_citations_10y": 20, "publications_years": {"2012": 1}, "citations_years": {"2012": 1, "2013": 3, "2014": 5, "2015": 7, "2016": 1, "2017": 3}, "old_citations": {"2012": 20}, "isVisible": false}, "1967715543": {"name": "reihaneh safavinaini", "type": "author", "activity": 29, "h_index": 20, "h5_index": 3, "mag_id": "1967715543", "num_publications": 1, "num_citations": 2, "num_publications_5y": 0, "num_citations_5y": 2, "num_publications_10y": 1, "num_citations_10y": 2, "publications_years": {"2012": 1}, "citations_years": {"2014": 1, "2015": 1}, "old_citations": {"2012": 2}, "isVisible": false}, "1971243969": {"name": "hugo gascon", "type": "author", "activity": 9, "h_index": 9, "h5_index": 3, "mag_id": "1971243969", "num_publications": 1, "num_citations": 26, "num_publications_5y": 0, "num_citations_5y": 16, "num_publications_10y": 1, "num_citations_10y": 20, "publications_years": {"2012": 1}, "citations_years": {"2013": 4, "2014": 4, "2015": 3, "2016": 2, "2017": 2, "2018": 5, "2019": 4, "2020": 2}, "old_citations": {"2012": 26}, "isVisible": false}, "1973903330": {"name": "justin m beaver", "type": "author", "activity": 16, "h_index": 8, "h5_index": 1, "mag_id": "1973903330", "num_publications": 1, "num_citations": 20, "num_publications_5y": 0, "num_citations_5y": 16, "num_publications_10y": 1, "num_citations_10y": 20, "publications_years": {"2012": 1}, "citations_years": {"2012": 1, "2013": 3, "2014": 5, "2015": 7, "2016": 1, "2017": 3}, "old_citations": {"2012": 20}, "isVisible": false}, "1980377725": {"name": "gerardo gabriel richarte", "type": "author", "activity": 16, "h_index": 7, "h5_index": 1, "mag_id": "1980377725", "num_publications": 1, "num_citations": 24, "num_publications_5y": 0, "num_citations_5y": 16, "num_publications_10y": 1, "num_citations_10y": 22, "publications_years": {"2011": 1}, "citations_years": {"2012": 3, "2013": 3, "2014": 2, "2015": 6, "2016": 2, "2017": 4, "2018": 2, "2019": 2}, "old_citations": {"2011": 24}, "isVisible": false}, "1987261147": {"name": "lakshmanan nataraj", "type": "author", "activity": 14, "h_index": 10, "h5_index": 6, "mag_id": "1987261147", "num_publications": 1, "num_citations": 98, "num_publications_5y": 0, "num_citations_5y": 63, "num_publications_10y": 1, "num_citations_10y": 71, "publications_years": {"2011": 1}, "citations_years": {"2012": 2, "2013": 6, "2014": 9, "2015": 13, "2016": 9, "2017": 12, "2018": 20, "2019": 23, "2020": 4}, "old_citations": {"2011": 98}, "isVisible": false}, "1994511809": {"name": "prasad naldurg", "type": "author", "activity": 8, "h_index": 9, "h5_index": 0, "mag_id": "1994511809", "num_publications": 1, "num_citations": 7, "num_publications_5y": 0, "num_citations_5y": 4, "num_publications_10y": 1, "num_citations_10y": 6, "publications_years": {"2011": 1}, "citations_years": {"2012": 2, "2013": 0, "2014": 1, "2015": 1, "2016": 2, "2017": 0, "2018": 0, "2019": 1}, "old_citations": {"2011": 7}, "isVisible": false}, "2011339591": {"name": "sandeep p karanth", "type": "author", "activity": 5, "h_index": 6, "h5_index": 0, "mag_id": "2011339591", "num_publications": 1, "num_citations": 7, "num_publications_5y": 0, "num_citations_5y": 4, "num_publications_10y": 1, "num_citations_10y": 6, "publications_years": {"2011": 1}, "citations_years": {"2012": 2, "2013": 0, "2014": 1, "2015": 1, "2016": 2, "2017": 0, "2018": 0, "2019": 1}, "old_citations": {"2011": 7}, "isVisible": false}, "2021639574": {"name": "ayumu kubota", "type": "author", "activity": 15, "h_index": 9, "h5_index": 3, "mag_id": "2021639574", "num_publications": 1, "num_citations": 2, "num_publications_5y": 0, "num_citations_5y": 2, "num_publications_10y": 1, "num_citations_10y": 2, "publications_years": {"2012": 1}, "citations_years": {"2014": 1, "2015": 0, "2016": 0, "2017": 1}, "old_citations": {"2012": 2}, "isVisible": false}, "2021877992": {"name": "salvatore j stolfo", "type": "author", "activity": 30, "h_index": 66, "h5_index": 4, "mag_id": "2021877992", "num_publications": 1, "num_citations": 15, "num_publications_5y": 0, "num_citations_5y": 2, "num_publications_10y": 1, "num_citations_10y": 15, "publications_years": {"2009": 1}, "citations_years": {"2010": 2, "2011": 3, "2012": 4, "2013": 4, "2014": 0, "2015": 1, "2016": 0, "2017": 1}, "old_citations": {"2009": 15}, "isVisible": false}, "2027770059": {"name": "m zubair shafiq", "type": "author", "activity": 13, "h_index": 17, "h5_index": 4, "mag_id": "2027770059", "num_publications": 1, "num_citations": 78, "num_publications_5y": 0, "num_citations_5y": 42, "num_publications_10y": 1, "num_citations_10y": 67, "publications_years": {"2009": 1}, "citations_years": {"2008": 1, "2009": 0, "2010": 4, "2011": 8, "2012": 8, "2013": 5, "2014": 10, "2015": 7, "2016": 8, "2017": 7, "2018": 10, "2019": 7, "2020": 3}, "old_citations": {"2009": 78}, "isVisible": false}, "2032964650": {"name": "marti motoyama", "type": "author", "activity": 3, "h_index": 8, "h5_index": 0, "mag_id": "2032964650", "num_publications": 1, "num_citations": 8, "num_publications_5y": 0, "num_citations_5y": 6, "num_publications_10y": 1, "num_citations_10y": 7, "publications_years": {"2011": 1}, "citations_years": {"2013": 1, "2014": 3, "2015": 1, "2016": 0, "2017": 2, "2018": 0, "2019": 1}, "old_citations": {"2011": 8}, "isVisible": false}, "2037808344": {"name": "rachel greenstadt", "type": "author", "activity": 19, "h_index": 20, "h5_index": 6, "mag_id": "2037808344", "num_publications": 1, "num_citations": 1, "num_publications_5y": 0, "num_citations_5y": 0, "num_publications_10y": 1, "num_citations_10y": 1, "publications_years": {"2009": 1}, "citations_years": {"2011": 1}, "old_citations": {"2009": 1}, "isVisible": false}, "2044569235": {"name": "srivatsan laxman", "type": "author", "activity": 13, "h_index": 16, "h5_index": 1, "mag_id": "2044569235", "num_publications": 1, "num_citations": 7, "num_publications_5y": 0, "num_citations_5y": 4, "num_publications_10y": 1, "num_citations_10y": 6, "publications_years": {"2011": 1}, "citations_years": {"2012": 2, "2013": 0, "2014": 1, "2015": 1, "2016": 2, "2017": 0, "2018": 0, "2019": 1}, "old_citations": {"2011": 7}, "isVisible": false}, "2048719660": {"name": "fabio roli", "type": "author", "activity": 29, "h_index": 49, "h5_index": 14, "mag_id": "2048719660", "num_publications": 1, "num_citations": 3, "num_publications_5y": 0, "num_citations_5y": 2, "num_publications_10y": 1, "num_citations_10y": 3, "publications_years": {"2011": 1}, "citations_years": {"2013": 1, "2014": 0, "2015": 0, "2016": 0, "2017": 0, "2018": 2}, "old_citations": {"2011": 3}, "isVisible": false}, "2052173682": {"name": "loai zomlot", "type": "author", "activity": 4, "h_index": 4, "h5_index": 0, "mag_id": "2052173682", "num_publications": 1, "num_citations": 30, "num_publications_5y": 0, "num_citations_5y": 20, "num_publications_10y": 1, "num_citations_10y": 27, "publications_years": {"2011": 1}, "citations_years": {"2012": 4, "2013": 3, "2014": 7, "2015": 6, "2016": 5, "2017": 2, "2018": 0, "2019": 3}, "old_citations": {"2011": 30}, "isVisible": false}, "2065849961": {"name": "yukiko sawaya", "type": "author", "activity": 10, "h_index": 4, "h5_index": 1, "mag_id": "2065849961", "num_publications": 1, "num_citations": 2, "num_publications_5y": 0, "num_citations_5y": 2, "num_publications_10y": 1, "num_citations_10y": 2, "publications_years": {"2012": 1}, "citations_years": {"2014": 1, "2015": 0, "2016": 0, "2017": 1}, "old_citations": {"2012": 2}, "isVisible": false}, "2081037127": {"name": "xinming ou", "type": "author", "activity": 18, "h_index": 21, "h5_index": 6, "mag_id": "2081037127", "num_publications": 1, "num_citations": 30, "num_publications_5y": 0, "num_citations_5y": 20, "num_publications_10y": 1, "num_citations_10y": 27, "publications_years": {"2011": 1}, "citations_years": {"2012": 4, "2013": 3, "2014": 7, "2015": 6, "2016": 5, "2017": 2, "2018": 0, "2019": 3}, "old_citations": {"2011": 30}, "isVisible": false}, "2101098733": {"name": "ludovic me", "type": "author", "activity": 21, "h_index": 16, "h5_index": 0, "mag_id": "2101098733", "num_publications": 1, "num_citations": 13, "num_publications_5y": 0, "num_citations_5y": 9, "num_publications_10y": 1, "num_citations_10y": 12, "publications_years": {"2011": 1}, "citations_years": {"2013": 3, "2014": 1, "2015": 3, "2016": 3, "2017": 2, "2018": 0, "2019": 1}, "old_citations": {"2011": 13}, "isVisible": false}, "2104409682": {"name": "s raj rajagopalan", "type": "author", "activity": 10, "h_index": 10, "h5_index": 3, "mag_id": "2104409682", "num_publications": 1, "num_citations": 30, "num_publications_5y": 0, "num_citations_5y": 20, "num_publications_10y": 1, "num_citations_10y": 27, "publications_years": {"2011": 1}, "citations_years": {"2012": 4, "2013": 3, "2014": 7, "2015": 6, "2016": 5, "2017": 2, "2018": 0, "2019": 3}, "old_citations": {"2011": 30}, "isVisible": false}, "2108700906": {"name": "john lambert", "type": "author", "activity": 18, "h_index": 8, "h5_index": 1, "mag_id": "2108700906", "num_publications": 1, "num_citations": 7, "num_publications_5y": 0, "num_citations_5y": 4, "num_publications_10y": 1, "num_citations_10y": 6, "publications_years": {"2011": 1}, "citations_years": {"2012": 2, "2013": 0, "2014": 1, "2015": 1, "2016": 2, "2017": 0, "2018": 0, "2019": 1}, "old_citations": {"2011": 7}, "isVisible": false}, "2114357324": {"name": "shoude lin", "type": "author", "activity": 20, "h_index": 20, "h5_index": 2, "mag_id": "2114357324", "num_publications": 1, "num_citations": 2, "num_publications_5y": 0, "num_citations_5y": 1, "num_publications_10y": 1, "num_citations_10y": 1, "publications_years": {"2012": 1}, "citations_years": {"2018": 1, "2019": 1}, "old_citations": {"2012": 2}, "isVisible": false}, "2120593778": {"name": "muddassar farooq", "type": "author", "activity": 17, "h_index": 23, "h5_index": 1, "mag_id": "2120593778", "num_publications": 1, "num_citations": 78, "num_publications_5y": 0, "num_citations_5y": 42, "num_publications_10y": 1, "num_citations_10y": 67, "publications_years": {"2009": 1}, "citations_years": {"2008": 1, "2009": 0, "2010": 4, "2011": 8, "2012": 8, "2013": 5, "2014": 10, "2015": 7, "2016": 8, "2017": 7, "2018": 10, "2019": 7, "2020": 3}, "old_citations": {"2009": 78}, "isVisible": false}, "2123871395": {"name": "terran lane", "type": "author", "activity": 20, "h_index": 19, "h5_index": 0, "mag_id": "2123871395", "num_publications": 1, "num_citations": 66, "num_publications_5y": 0, "num_citations_5y": 51, "num_publications_10y": 1, "num_citations_10y": 58, "publications_years": {"2012": 1}, "citations_years": {"2012": 1, "2013": 6, "2014": 5, "2015": 9, "2016": 11, "2017": 11, "2018": 15, "2019": 4, "2020": 4}, "old_citations": {"2012": 66}, "isVisible": false}, "2126319880": {"name": "ramarathnam venkatesan", "type": "author", "activity": 28, "h_index": 39, "h5_index": 3, "mag_id": "2126319880", "num_publications": 1, "num_citations": 7, "num_publications_5y": 0, "num_citations_5y": 4, "num_publications_10y": 1, "num_citations_10y": 6, "publications_years": {"2011": 1}, "citations_years": {"2012": 2, "2013": 0, "2014": 1, "2015": 1, "2016": 2, "2017": 0, "2018": 0, "2019": 1}, "old_citations": {"2011": 7}, "isVisible": false}, "2127260490": {"name": "luo si", "type": "author", "activity": 20, "h_index": 33, "h5_index": 3, "mag_id": "2127260490", "num_publications": 1, "num_citations": 2, "num_publications_5y": 0, "num_citations_5y": 2, "num_publications_10y": 1, "num_citations_10y": 2, "publications_years": {"2011": 1}, "citations_years": {"2015": 1, "2016": 1}, "old_citations": {"2011": 2}, "isVisible": false}, "2140981953": {"name": "jessica staddon", "type": "author", "activity": 22, "h_index": 27, "h5_index": 1, "mag_id": "2140981953", "num_publications": 1, "num_citations": 12, "num_publications_5y": 0, "num_citations_5y": 4, "num_publications_10y": 1, "num_citations_10y": 12, "publications_years": {"2009": 1}, "citations_years": {"2010": 3, "2011": 1, "2012": 2, "2013": 2, "2014": 2, "2015": 0, "2016": 1, "2017": 1}, "old_citations": {"2009": 12}, "isVisible": false}, "2143573796": {"name": "haider hameed", "type": "author", "activity": 1, "h_index": 1, "h5_index": 0, "mag_id": "2143573796", "num_publications": 1, "num_citations": 78, "num_publications_5y": 0, "num_citations_5y": 42, "num_publications_10y": 1, "num_citations_10y": 67, "publications_years": {"2009": 1}, "citations_years": {"2008": 1, "2009": 0, "2010": 4, "2011": 8, "2012": 8, "2013": 5, "2014": 10, "2015": 7, "2016": 8, "2017": 7, "2018": 10, "2019": 7, "2020": 3}, "old_citations": {"2009": 78}, "isVisible": false}, "2147508421": {"name": "sathya chandran sundaramurthy", "type": "author", "activity": 7, "h_index": 6, "h5_index": 3, "mag_id": "2147508421", "num_publications": 1, "num_citations": 30, "num_publications_5y": 0, "num_citations_5y": 20, "num_publications_10y": 1, "num_citations_10y": 27, "publications_years": {"2011": 1}, "citations_years": {"2012": 4, "2013": 3, "2014": 7, "2015": 6, "2016": 5, "2017": 2, "2018": 0, "2019": 3}, "old_citations": {"2011": 30}, "isVisible": false}, "2150780349": {"name": "jungwei chou", "type": "author", "activity": 4, "h_index": 2, "h5_index": 0, "mag_id": "2150780349", "num_publications": 1, "num_citations": 2, "num_publications_5y": 0, "num_citations_5y": 1, "num_publications_10y": 1, "num_citations_10y": 1, "publications_years": {"2012": 1}, "citations_years": {"2018": 1, "2019": 1}, "old_citations": {"2012": 2}, "isVisible": false}, "2158413700": {"name": "dokyum kim", "type": "author", "activity": 4, "h_index": 3, "h5_index": 0, "mag_id": "2158413700", "num_publications": 1, "num_citations": 8, "num_publications_5y": 0, "num_citations_5y": 6, "num_publications_10y": 1, "num_citations_10y": 7, "publications_years": {"2011": 1}, "citations_years": {"2013": 1, "2014": 3, "2015": 1, "2016": 0, "2017": 2, "2018": 0, "2019": 1}, "old_citations": {"2011": 8}, "isVisible": false}, "2166779165": {"name": "meltem sonmez turan", "type": "author", "activity": 14, "h_index": 7, "h5_index": 1, "mag_id": "2166779165", "num_publications": 1, "num_citations": 3, "num_publications_5y": 0, "num_citations_5y": 2, "num_publications_10y": 1, "num_citations_10y": 2, "publications_years": {"2011": 1}, "citations_years": {"2015": 1, "2016": 0, "2017": 0, "2018": 1, "2019": 1}, "old_citations": {"2011": 3}, "isVisible": false}, "2166929006": {"name": "thomas e daniels", "type": "author", "activity": 18, "h_index": 13, "h5_index": 0, "mag_id": "2166929006", "num_publications": 1, "num_citations": 34, "num_publications_5y": 0, "num_citations_5y": 17, "num_publications_10y": 1, "num_citations_10y": 33, "publications_years": {"2009": 1}, "citations_years": {"2010": 3, "2011": 4, "2012": 4, "2013": 5, "2014": 8, "2015": 5, "2016": 2, "2017": 2, "2018": 0, "2019": 0, "2020": 1}, "old_citations": {"2009": 34}, "isVisible": false}, "2168727712": {"name": "qifan wang", "type": "author", "activity": 10, "h_index": 13, "h5_index": 2, "mag_id": "2168727712", "num_publications": 1, "num_citations": 2, "num_publications_5y": 0, "num_citations_5y": 2, "num_publications_10y": 1, "num_citations_10y": 2, "publications_years": {"2011": 1}, "citations_years": {"2015": 1, "2016": 1}, "old_citations": {"2011": 2}, "isVisible": false}, "2171030022": {"name": "stefan savage", "type": "author", "activity": 27, "h_index": 67, "h5_index": 5, "mag_id": "2171030022", "num_publications": 1, "num_citations": 19, "num_publications_5y": 0, "num_citations_5y": 12, "num_publications_10y": 1, "num_citations_10y": 14, "publications_years": {"2011": 1}, "citations_years": {"2012": 1, "2013": 1, "2014": 4, "2015": 3, "2016": 0, "2017": 4, "2018": 1, "2019": 4, "2020": 1}, "old_citations": {"2011": 19}, "isVisible": false}, "2196645256": {"name": "joerg hoffmann", "type": "author", "activity": 20, "h_index": 5, "h5_index": 2, "mag_id": "2196645256", "num_publications": 1, "num_citations": 3, "num_publications_5y": 0, "num_citations_5y": 0, "num_publications_10y": 1, "num_citations_10y": 2, "publications_years": {"2013": 1}, "citations_years": {"2012": 2, "2013": 0, "2014": 0, "2015": 0, "2016": 0, "2017": 0, "2018": 0, "2019": 1}, "old_citations": {"2013": 3}, "isVisible": false}, "2224992393": {"name": "sushma nagesh bannur", "type": "author", "activity": 1, "h_index": 1, "h5_index": 0, "mag_id": "2224992393", "num_publications": 1, "num_citations": 19, "num_publications_5y": 0, "num_citations_5y": 12, "num_publications_10y": 1, "num_citations_10y": 14, "publications_years": {"2011": 1}, "citations_years": {"2012": 1, "2013": 1, "2014": 4, "2015": 3, "2016": 0, "2017": 4, "2018": 1, "2019": 4, "2020": 1}, "old_citations": {"2011": 19}, "isVisible": false}, "2227791194": {"name": "hoi le thi", "type": "author", "activity": 1, "h_index": 1, "h5_index": 0, "mag_id": "2227791194", "num_publications": 1, "num_citations": 2, "num_publications_5y": 0, "num_citations_5y": 2, "num_publications_10y": 1, "num_citations_10y": 2, "publications_years": {"2012": 1}, "citations_years": {"2014": 1, "2015": 1}, "old_citations": {"2012": 2}, "isVisible": false}, "2228868356": {"name": "kui luo", "type": "author", "activity": 1, "h_index": 1, "h5_index": 0, "mag_id": "2228868356", "num_publications": 1, "num_citations": 30, "num_publications_5y": 0, "num_citations_5y": 20, "num_publications_10y": 1, "num_citations_10y": 27, "publications_years": {"2011": 1}, "citations_years": {"2012": 4, "2013": 3, "2014": 7, "2015": 6, "2016": 5, "2017": 2, "2018": 0, "2019": 3}, "old_citations": {"2011": 30}, "isVisible": false}, "2251358113": {"name": "angelos stavrou", "type": "author", "activity": 19, "h_index": 33, "h5_index": 8, "mag_id": "2251358113", "num_publications": 1, "num_citations": 15, "num_publications_5y": 0, "num_citations_5y": 2, "num_publications_10y": 1, "num_citations_10y": 15, "publications_years": {"2009": 1}, "citations_years": {"2010": 2, "2011": 3, "2012": 4, "2013": 4, "2014": 0, "2015": 1, "2016": 0, "2017": 1}, "old_citations": {"2009": 15}, "isVisible": false}, "2295842700": {"name": "michael brennan", "type": "author", "activity": 4, "h_index": 5, "h5_index": 0, "mag_id": "2295842700", "num_publications": 1, "num_citations": 1, "num_publications_5y": 0, "num_citations_5y": 0, "num_publications_10y": 1, "num_citations_10y": 1, "publications_years": {"2009": 1}, "citations_years": {"2011": 1}, "old_citations": {"2009": 1}, "isVisible": false}, "2303709052": {"name": "sumi singh", "type": "author", "activity": 7, "h_index": 1, "h5_index": 1, "mag_id": "2303709052", "num_publications": 1, "num_citations": 0, "num_publications_5y": 0, "num_citations_5y": 0, "num_publications_10y": 1, "num_citations_10y": 0, "publications_years": {"2011": 1}, "citations_years": {}, "old_citations": {"2011": 0}, "isVisible": false}, "2305816793": {"name": "faraz ahmed", "type": "author", "activity": 10, "h_index": 7, "h5_index": 3, "mag_id": "2305816793", "num_publications": 1, "num_citations": 78, "num_publications_5y": 0, "num_citations_5y": 42, "num_publications_10y": 1, "num_citations_10y": 67, "publications_years": {"2009": 1}, "citations_years": {"2008": 1, "2009": 0, "2010": 4, "2011": 8, "2012": 8, "2013": 5, "2014": 10, "2015": 7, "2016": 8, "2017": 7, "2018": 10, "2019": 7, "2020": 3}, "old_citations": {"2009": 78}, "isVisible": false}, "2308698133": {"name": "karim tabia", "type": "author", "activity": 16, "h_index": 8, "h5_index": 5, "mag_id": "2308698133", "num_publications": 1, "num_citations": 13, "num_publications_5y": 0, "num_citations_5y": 9, "num_publications_10y": 1, "num_citations_10y": 12, "publications_years": {"2011": 1}, "citations_years": {"2013": 3, "2014": 1, "2015": 3, "2016": 3, "2017": 2, "2018": 0, "2019": 1}, "old_citations": {"2011": 13}, "isVisible": false}, "2342704838": {"name": "m hassan shiralishahreza", "type": "author", "activity": 10, "h_index": 2, "h5_index": 1, "mag_id": "2342704838", "num_publications": 1, "num_citations": 10, "num_publications_5y": 0, "num_citations_5y": 8, "num_publications_10y": 1, "num_citations_10y": 10, "publications_years": {"2011": 1}, "citations_years": {"2012": 1, "2013": 1, "2014": 5, "2015": 1, "2016": 1, "2017": 1}, "old_citations": {"2011": 10}, "isVisible": false}, "2389047378": {"name": "phillip porras", "type": "author", "activity": 25, "h_index": 37, "h5_index": 6, "mag_id": "2389047378", "num_publications": 1, "num_citations": 98, "num_publications_5y": 0, "num_citations_5y": 63, "num_publications_10y": 1, "num_citations_10y": 71, "publications_years": {"2011": 1}, "citations_years": {"2012": 2, "2013": 6, "2014": 9, "2015": 13, "2016": 9, "2017": 12, "2018": 20, "2019": 23, "2020": 4}, "old_citations": {"2011": 98}, "isVisible": false}, "2429580303": {"name": "nicole kramer", "type": "author", "activity": 6, "h_index": 7, "h5_index": 0, "mag_id": "2429580303", "num_publications": 1, "num_citations": 26, "num_publications_5y": 0, "num_citations_5y": 16, "num_publications_10y": 1, "num_citations_10y": 20, "publications_years": {"2012": 1}, "citations_years": {"2013": 4, "2014": 4, "2015": 3, "2016": 2, "2017": 2, "2018": 5, "2019": 4, "2020": 2}, "old_citations": {"2012": 26}, "isVisible": false}, "2429668602": {"name": "jian zhang", "type": "author", "activity": 16, "h_index": 8, "h5_index": 1, "mag_id": "2429668602", "num_publications": 1, "num_citations": 98, "num_publications_5y": 0, "num_citations_5y": 63, "num_publications_10y": 1, "num_citations_10y": 71, "publications_years": {"2011": 1}, "citations_years": {"2012": 2, "2013": 6, "2014": 9, "2015": 13, "2016": 9, "2017": 12, "2018": 20, "2019": 23, "2020": 4}, "old_citations": {"2011": 98}, "isVisible": false}, "2460925434": {"name": "blake anderson", "type": "author", "activity": 10, "h_index": 9, "h5_index": 5, "mag_id": "2460925434", "num_publications": 1, "num_citations": 66, "num_publications_5y": 0, "num_citations_5y": 51, "num_publications_10y": 1, "num_citations_10y": 58, "publications_years": {"2012": 1}, "citations_years": {"2012": 1, "2013": 6, "2014": 5, "2015": 9, "2016": 11, "2017": 11, "2018": 15, "2019": 4, "2020": 4}, "old_citations": {"2012": 66}, "isVisible": false}, "2461833737": {"name": "su chang", "type": "author", "activity": 2, "h_index": 3, "h5_index": 0, "mag_id": "2461833737", "num_publications": 1, "num_citations": 34, "num_publications_5y": 0, "num_citations_5y": 17, "num_publications_10y": 1, "num_citations_10y": 33, "publications_years": {"2009": 1}, "citations_years": {"2010": 3, "2011": 4, "2012": 4, "2013": 5, "2014": 8, "2015": 5, "2016": 2, "2017": 2, "2018": 0, "2019": 0, "2020": 1}, "old_citations": {"2009": 34}, "isVisible": false}, "2501423119": {"name": "jinwook shin", "type": "author", "activity": 5, "h_index": 2, "h5_index": 0, "mag_id": "2501423119", "num_publications": 1, "num_citations": 7, "num_publications_5y": 0, "num_citations_5y": 4, "num_publications_10y": 1, "num_citations_10y": 6, "publications_years": {"2011": 1}, "citations_years": {"2012": 2, "2013": 0, "2014": 1, "2015": 1, "2016": 2, "2017": 0, "2018": 0, "2019": 1}, "old_citations": {"2011": 7}, "isVisible": false}, "2503703497": {"name": "akira yamada", "type": "author", "activity": 16, "h_index": 9, "h5_index": 2, "mag_id": "2503703497", "num_publications": 1, "num_citations": 2, "num_publications_5y": 0, "num_citations_5y": 2, "num_publications_10y": 1, "num_citations_10y": 2, "publications_years": {"2012": 1}, "citations_years": {"2014": 1, "2015": 0, "2016": 0, "2017": 1}, "old_citations": {"2012": 2}, "isVisible": false}, "2590274852": {"name": "guido schwenk", "type": "author", "activity": 9, "h_index": 2, "h5_index": 1, "mag_id": "2590274852", "num_publications": 1, "num_citations": 13, "num_publications_5y": 0, "num_citations_5y": 9, "num_publications_10y": 1, "num_citations_10y": 11, "publications_years": {"2012": 1}, "citations_years": {"2013": 2, "2014": 2, "2015": 3, "2016": 2, "2017": 1, "2018": 1, "2019": 1, "2020": 1}, "old_citations": {"2012": 13}, "isVisible": false}, "2620180323": {"name": "kristof t schutt", "type": "author", "activity": 8, "h_index": 6, "h5_index": 5, "mag_id": "2620180323", "num_publications": 1, "num_citations": 16, "num_publications_5y": 0, "num_citations_5y": 10, "num_publications_10y": 1, "num_citations_10y": 12, "publications_years": {"2012": 1}, "citations_years": {"2012": 1, "2013": 1, "2014": 3, "2015": 2, "2016": 0, "2017": 1, "2018": 4, "2019": 4}, "old_citations": {"2012": 16}, "isVisible": false}, "2655389208": {"name": "ulf brefeld", "type": "author", "activity": 17, "h_index": 18, "h5_index": 3, "mag_id": "2655389208", "num_publications": 1, "num_citations": 39, "num_publications_5y": 0, "num_citations_5y": 25, "num_publications_10y": 1, "num_citations_10y": 33, "publications_years": {"2009": 1}, "citations_years": {"2010": 1, "2011": 1, "2012": 3, "2013": 3, "2014": 5, "2015": 8, "2016": 3, "2017": 5, "2018": 4, "2019": 4, "2020": 2}, "old_citations": {"2009": 39}, "isVisible": false}, "2694288434": {"name": "guofei gu", "type": "author", "activity": 1, "h_index": 1, "h5_index": 0, "mag_id": "2694288434", "num_publications": 1, "num_citations": 2, "num_publications_5y": 0, "num_citations_5y": 2, "num_publications_10y": 1, "num_citations_10y": 2, "publications_years": {"2012": 1}, "citations_years": {"2015": 1, "2016": 0, "2017": 1}, "old_citations": {"2012": 2}, "isVisible": false}, "2706767732": {"name": "chenmou cheng", "type": "author", "activity": 2, "h_index": 2, "h5_index": 0, "mag_id": "2706767732", "num_publications": 1, "num_citations": 2, "num_publications_5y": 0, "num_citations_5y": 1, "num_publications_10y": 1, "num_citations_10y": 1, "publications_years": {"2012": 1}, "citations_years": {"2018": 1, "2019": 1}, "old_citations": {"2012": 2}, "isVisible": false}, "2761231274": {"name": "jorge lucangeli obes", "type": "author", "activity": 7, "h_index": 4, "h5_index": 0, "mag_id": "2761231274", "num_publications": 1, "num_citations": 24, "num_publications_5y": 0, "num_citations_5y": 16, "num_publications_10y": 1, "num_citations_10y": 22, "publications_years": {"2011": 1}, "citations_years": {"2012": 3, "2013": 3, "2014": 2, "2015": 6, "2016": 2, "2017": 4, "2018": 2, "2019": 2}, "old_citations": {"2011": 24}, "isVisible": false}, "2776057859": {"name": "olivier buffet", "type": "author", "activity": 14, "h_index": 10, "h5_index": 1, "mag_id": "2776057859", "num_publications": 1, "num_citations": 3, "num_publications_5y": 0, "num_citations_5y": 0, "num_publications_10y": 1, "num_citations_10y": 2, "publications_years": {"2013": 1}, "citations_years": {"2012": 2, "2013": 0, "2014": 0, "2015": 0, "2016": 0, "2017": 0, "2018": 0, "2019": 1}, "old_citations": {"2013": 3}, "isVisible": false}, "2778341347": {"name": "tad hogg", "type": "author", "activity": 25, "h_index": 15, "h5_index": 1, "mag_id": "2778341347", "num_publications": 1, "num_citations": 5, "num_publications_5y": 0, "num_citations_5y": 1, "num_publications_10y": 1, "num_citations_10y": 5, "publications_years": {"2009": 1}, "citations_years": {"2011": 2, "2012": 2, "2013": 0, "2014": 1}, "old_citations": {"2009": 5}, "isVisible": false}, "2805972962": {"name": "david cock", "type": "author", "activity": 15, "h_index": 9, "h5_index": 2, "mag_id": "2805972962", "num_publications": 1, "num_citations": 2, "num_publications_5y": 0, "num_citations_5y": 1, "num_publications_10y": 1, "num_citations_10y": 2, "publications_years": {"2011": 1}, "citations_years": {"2012": 1, "2013": 0, "2014": 1}, "old_citations": {"2011": 2}, "isVisible": false}, "2807499900": {"name": "justin ma", "type": "author", "activity": 2, "h_index": 8, "h5_index": 0, "mag_id": "2807499900", "num_publications": 1, "num_citations": 22, "num_publications_5y": 0, "num_citations_5y": 13, "num_publications_10y": 1, "num_citations_10y": 18, "publications_years": {"2012": 1}, "citations_years": {"2011": 1, "2012": 0, "2013": 4, "2014": 3, "2015": 6, "2016": 4, "2017": 0, "2018": 0, "2019": 4}, "old_citations": {"2012": 22}, "isVisible": false}, "2974338959": {"name": "pierre leray", "type": "author", "activity": 1, "h_index": 1, "h5_index": 0, "mag_id": "2974338959", "num_publications": 1, "num_citations": 13, "num_publications_5y": 0, "num_citations_5y": 9, "num_publications_10y": 1, "num_citations_10y": 12, "publications_years": {"2011": 1}, "citations_years": {"2013": 3, "2014": 1, "2015": 3, "2016": 3, "2017": 2, "2018": 0, "2019": 1}, "old_citations": {"2011": 13}, "isVisible": false}, "2984697281": {"name": "markus jakobsson", "type": "author", "activity": 1, "h_index": 1, "h5_index": 0, "mag_id": "2984697281", "num_publications": 1, "num_citations": 22, "num_publications_5y": 0, "num_citations_5y": 6, "num_publications_10y": 1, "num_citations_10y": 20, "publications_years": {"2009": 1}, "citations_years": {"2010": 4, "2011": 4, "2012": 3, "2013": 3, "2014": 1, "2015": 1, "2016": 3, "2017": 1, "2018": 0, "2019": 2}, "old_citations": {"2009": 22}, "isVisible": false}}, "countries": {"United States": {"name": "United States", "type": "country", "h5_index": 308, "num_publications": 21, "num_citations": 927, "num_publications_5y": 0, "num_citations_5y": 595, "num_publications_10y": 21, "num_citations_10y": 718, "publications_years": {"2009": 6, "2011": 10, "2012": 5}, "citations_years": {"2010": 12, "2011": 20, "2012": 37, "2013": 54, "2014": 87, "2015": 106, "2016": 87, "2017": 138, "2018": 177, "2019": 166, "2020": 43}, "old_citations": {"2009": 134, "2011": 667, "2012": 126}, "isVisible": false}, "Germany": {"name": "Germany", "type": "country", "h5_index": 139, "num_publications": 7, "num_citations": 629, "num_publications_5y": 0, "num_citations_5y": 413, "num_publications_10y": 7, "num_citations_10y": 453, "publications_years": {"2009": 2, "2012": 3, "2011": 2}, "citations_years": {"2010": 4, "2011": 3, "2012": 12, "2013": 21, "2014": 53, "2015": 60, "2016": 49, "2017": 99, "2018": 152, "2019": 138, "2020": 38}, "old_citations": {"2009": 74, "2012": 55, "2011": 500}, "isVisible": false}, "Canada": {"name": "Canada", "type": "country", "h5_index": 128, "num_publications": 3, "num_citations": 14, "num_publications_5y": 0, "num_citations_5y": 11, "num_publications_10y": 3, "num_citations_10y": 14, "publications_years": {"2011": 2, "2012": 1}, "citations_years": {"2013": 2, "2014": 6, "2015": 2, "2016": 1, "2017": 2, "2012": 1}, "old_citations": {"2011": 12, "2012": 2}, "isVisible": false}, "Iran": {"name": "Iran", "type": "country", "h5_index": 63, "num_publications": 2, "num_citations": 12, "num_publications_5y": 0, "num_citations_5y": 9, "num_publications_10y": 2, "num_citations_10y": 12, "publications_years": {"2011": 2}, "citations_years": {"2013": 2, "2014": 5, "2015": 1, "2016": 1, "2017": 2, "2012": 1}, "old_citations": {"2011": 12}, "isVisible": false}, "Italy": {"name": "Italy", "type": "country", "h5_index": 94, "num_publications": 2, "num_citations": 13, "num_publications_5y": 0, "num_citations_5y": 10, "num_publications_10y": 2, "num_citations_10y": 12, "publications_years": {"2011": 2}, "citations_years": {"2013": 1, "2014": 4, "2015": 2, "2016": 0, "2017": 1, "2018": 3, "2012": 1, "2019": 1}, "old_citations": {"2011": 13}, "isVisible": false}, "Argentina": {"name": "Argentina", "type": "country", "h5_index": 26, "num_publications": 1, "num_citations": 24, "num_publications_5y": 0, "num_citations_5y": 16, "num_publications_10y": 1, "num_citations_10y": 22, "publications_years": {"2011": 1}, "citations_years": {"2012": 3, "2013": 3, "2014": 2, "2015": 6, "2016": 2, "2017": 4, "2018": 2, "2019": 2}, "old_citations": {"2011": 24}, "isVisible": false}, "Australia": {"name": "Australia", "type": "country", "h5_index": 141, "num_publications": 1, "num_citations": 2, "num_publications_5y": 0, "num_citations_5y": 1, "num_publications_10y": 1, "num_citations_10y": 2, "publications_years": {"2011": 1}, "citations_years": {"2012": 1, "2013": 0, "2014": 1}, "old_citations": {"2011": 2}, "isVisible": false}, "France": {"name": "France", "type": "country", "h5_index": 99, "num_publications": 1, "num_citations": 13, "num_publications_5y": 0, "num_citations_5y": 9, "num_publications_10y": 1, "num_citations_10y": 12, "publications_years": {"2011": 1}, "citations_years": {"2013": 3, "2014": 1, "2015": 3, "2016": 3, "2017": 2, "2018": 0, "2019": 1}, "old_citations": {"2011": 13}, "isVisible": false}, "Pakistan": {"name": "Pakistan", "type": "country", "h5_index": 49, "num_publications": 1, "num_citations": 78, "num_publications_5y": 0, "num_citations_5y": 42, "num_publications_10y": 1, "num_citations_10y": 67, "publications_years": {"2009": 1}, "citations_years": {"2008": 1, "2009": 0, "2010": 4, "2011": 8, "2012": 8, "2013": 5, "2014": 10, "2015": 7, "2016": 8, "2017": 7, "2018": 10, "2019": 7, "2020": 3}, "old_citations": {"2009": 78}, "isVisible": false}, "Taiwan": {"name": "Taiwan", "type": "country", "h5_index": 69, "num_publications": 1, "num_citations": 2, "num_publications_5y": 0, "num_citations_5y": 1, "num_publications_10y": 1, "num_citations_10y": 1, "publications_years": {"2012": 1}, "citations_years": {"2018": 1, "2019": 1}, "old_citations": {"2012": 2}, "isVisible": false}}, "industrial_sectors": {"technology": {"name": "technology", "type": "industrial sector", "h5_index": 229, "num_publications": 6, "num_citations": 621, "num_publications_5y": 0, "num_citations_5y": 398, "num_publications_10y": 6, "num_citations_10y": 460, "publications_years": {"2011": 3, "2012": 1, "2009": 2}, "citations_years": {"2012": 22, "2013": 25, "2014": 49, "2015": 62, "2016": 57, "2017": 95, "2018": 135, "2019": 129, "2020": 32, "2011": 11, "2010": 4}, "old_citations": {"2011": 527, "2012": 22, "2009": 72}, "isVisible": false}, "computing_and_it": {"name": "computing_and_it", "type": "industrial sector", "h5_index": 221, "num_publications": 5, "num_citations": 599, "num_publications_5y": 0, "num_citations_5y": 385, "num_publications_10y": 5, "num_citations_10y": 442, "publications_years": {"2011": 3, "2009": 2}, "citations_years": {"2012": 22, "2013": 21, "2014": 46, "2015": 56, "2016": 53, "2017": 95, "2018": 135, "2019": 125, "2020": 32, "2010": 4, "2011": 10}, "old_citations": {"2011": 527, "2009": 72}, "isVisible": false}, "electronics": {"name": "electronics", "type": "industrial sector", "h5_index": 134, "num_publications": 3, "num_citations": 564, "num_publications_5y": 0, "num_citations_5y": 364, "num_publications_10y": 3, "num_citations_10y": 410, "publications_years": {"2011": 2, "2009": 1}, "citations_years": {"2012": 16, "2013": 18, "2014": 38, "2015": 50, "2016": 48, "2017": 93, "2018": 135, "2019": 122, "2020": 32, "2010": 4, "2011": 8}, "old_citations": {"2011": 497, "2009": 67}, "isVisible": false}, "semiconductor": {"name": "semiconductor", "type": "industrial sector", "h5_index": 102, "num_publications": 2, "num_citations": 512, "num_publications_5y": 0, "num_citations_5y": 339, "num_publications_10y": 2, "num_citations_10y": 357, "publications_years": {"2011": 1, "2012": 1}, "citations_years": {"2012": 5, "2013": 12, "2014": 33, "2015": 45, "2016": 43, "2017": 86, "2018": 132, "2019": 123, "2020": 32, "2011": 1}, "old_citations": {"2011": 490, "2012": 22}, "isVisible": false}}}, "conference_comparison": {"computer science": {}}, "topics_dna": {"publications": {}, "citations": {"normalized": {}, "average": {}}}, "info": {"num_publications": 39, "num_citations": 1229.0, "impact_factor": {"2011": 3.4, "2012": 1.1764705882352942, "2013": 1.75}, "publications_years": {"2011": 17, "2012": 11, "2009": 10, "2013": 1}, "citations_years": {"2008": 1, "2009": 0, "2010": 24, "2011": 35, "2012": 62, "2013": 84, "2014": 132, "2015": 146, "2016": 114, "2017": 168, "2018": 212, "2019": 199, "2020": 52}, "old_citations": {"2011": 731, "2012": 187, "2009": 308, "2013": 3}, "h5_index": 0}, "percentile": {"computer science": {"2011": 98, "2012": 94, "2009": 96, "2013": 67}}, "conference_ranking": {"computer science": {"2011": 65, "2012": 221, "2009": 155, "2013": 1401}}, "academia": {"num_publications": 25, "num_citations": 382, "publications_years": {"2009": 6, "2010": 0, "2011": 12, "2012": 7}, "old_citations": {"2009": 202, "2010": 0, "2011": 103, "2012": 77}, "num_publications_5y": 0, "num_citations_5y": 0, "num_publications_10y": 19, "num_citations_10y": 180}, "industry": {"num_publications": 2, "num_citations": 72, "publications_years": {"2009": 2}, "old_citations": {"2009": 72}, "num_publications_5y": 0, "num_citations_5y": 0, "num_publications_10y": 0, "num_citations_10y": 0}, "collaborative": {"num_publications": 3, "num_citations": 542, "publications_years": {"2011": 2, "2012": 1}, "old_citations": {"2011": 520, "2012": 22}, "num_publications_5y": 0, "num_citations_5y": 0, "num_publications_10y": 3, "num_citations_10y": 542}, "conferences": {}, "journals": {}, "organizations": {"publication_overall": ["Technical University of Berlin", "Microsoft (United States)", "University of G\u00f6ttingen", "University of T\u00fcbingen", "Drexel University", "Hewlett-Packard (United States)", "Intel (United States)", "University of Cagliari", "University of California, Berkeley", "University of California, San Diego", "University of Louisiana at Lafayette", "University of Toronto", "Amirkabir University of Technology", "Artois University", "Carnegie Mellon University", "Columbia University", "George Mason University", "Iowa State University", "Kansas State University", "Los Alamos National Laboratory", "Louisiana State University", "National Institute of Standards and Technology", "National Taiwan University", "National University of Computer and Emerging Sciences", "Oak Ridge National Laboratory", "Palo Alto Research Center", "Purdue University West Lafayette", "SRI International", "Sharif University of Technology", "Texas A&M University", "UNSW Sydney", "University of Buenos Aires", "University of Calgary", "University of California, Santa Barbara", "University of Nantes"], "citation_overall": ["Microsoft (United States)", "University of T\u00fcbingen", "Intel (United States)", "University of California, Berkeley", "Technical University of Berlin", "Louisiana State University", "SRI International", "University of California, Santa Barbara", "National University of Computer and Emerging Sciences", "Los Alamos National Laboratory", "University of G\u00f6ttingen", "Hewlett-Packard (United States)", "Iowa State University", "Kansas State University", "University of California, San Diego", "University of Buenos Aires", "Drexel University", "Oak Ridge National Laboratory", "University of Louisiana at Lafayette", "Columbia University", "George Mason University", "Artois University", "University of Cagliari", "University of Nantes", "Palo Alto Research Center", "University of Toronto", "Amirkabir University of Technology", "Carnegie Mellon University", "National Institute of Standards and Technology", "National Taiwan University", "Purdue University West Lafayette", "Sharif University of Technology", "Texas A&M University", "UNSW Sydney", "University of Calgary"], "publication_10_years": ["Technical University of Berlin", "University of G\u00f6ttingen", "Intel (United States)", "Microsoft (United States)", "University of Cagliari", "University of California, Berkeley", "University of California, San Diego", "University of Louisiana at Lafayette", "University of Toronto", "University of T\u00fcbingen", "Amirkabir University of Technology", "Artois University", "Carnegie Mellon University", "Drexel University", "Hewlett-Packard (United States)", "Kansas State University", "Los Alamos National Laboratory", "Louisiana State University", "National Institute of Standards and Technology", "National Taiwan University", "Oak Ridge National Laboratory", "Purdue University West Lafayette", "SRI International", "Sharif University of Technology", "Texas A&M University", "UNSW Sydney", "University of Buenos Aires", "University of Calgary", "University of California, Santa Barbara", "University of Nantes"], "citation_10_years": ["Intel (United States)", "University of California, Berkeley", "University of T\u00fcbingen", "Microsoft (United States)", "Louisiana State University", "SRI International", "University of California, Santa Barbara", "Los Alamos National Laboratory", "Technical University of Berlin", "University of G\u00f6ttingen", "Hewlett-Packard (United States)", "Kansas State University", "University of California, San Diego", "University of Buenos Aires", "Drexel University", "Oak Ridge National Laboratory", "University of Louisiana at Lafayette", "Artois University", "University of Cagliari", "University of Nantes", "University of Toronto", "Amirkabir University of Technology", "Carnegie Mellon University", "National Institute of Standards and Technology", "National Taiwan University", "Purdue University West Lafayette", "Sharif University of Technology", "Texas A&M University", "UNSW Sydney", "University of Calgary"], "publication_5_years": [], "citation_5_years": []}, "countries": {"publication_overall": ["United States", "Germany", "Canada", "Iran", "Italy", "Argentina", "Australia", "France", "Pakistan", "Taiwan"], "citation_overall": ["United States", "Germany", "Pakistan", "Argentina", "Canada", "France", "Italy", "Iran", "Australia", "Taiwan"], "publication_10_years": ["United States", "Germany", "Canada", "Iran", "Italy", "Argentina", "Australia", "France", "Taiwan"], "citation_10_years": ["United States", "Germany", "Argentina", "Canada", "France", "Italy", "Iran", "Australia", "Taiwan"], "publication_5_years": [], "citation_5_years": []}, "topics": {"publication_overall": ["computer science", "computer security", "computer networks", "cryptography", "cryptology", "security of data", "artificial intelligence", "network security", "computer crime", "computer systems", "machine learning", "internet", "intrusion detection", "world wide web", "mathematics", "operating systems", "malwares", "data mining", "engineering", "privacy"], "citation_overall": ["computer science", "computer security", "cryptography", "cryptology", "security of data", "computer crime", "computer networks", "artificial intelligence", "network security", "computer systems", "machine learning", "classification methods", "privacy", "software", "data mining", "pattern recognition", "feature space", "privacy preserving", "online systems", "online learning"], "publication_10_years": ["computer science", "computer networks", "computer security", "artificial intelligence", "cryptography", "cryptology", "security of data", "network security", "computer crime", "computer systems", "machine learning", "internet", "intrusion detection", "mathematics", "malwares", "operating systems", "world wide web", "engineering", "probability", "bayesian networks"], "citation_10_years": ["computer science", "computer networks", "computer security", "security of data", "cryptography", "cryptology", "computer crime", "network security", "artificial intelligence", "computer systems", "machine learning", "classification methods", "software", "privacy", "data mining", "pattern recognition", "online systems", "feature space", "online learning", "security issues"], "publication_5_years": [], "citation_5_years": []}, "main_topics": ["computer science"], "authors": {"publication_overall": ["1912135871", "2226538938", "155308371", "332459836", "1482940668", "1604723759", "2100576291", "2111611200", "2114517990", "2141495286", "2143047568", "2154188784", "2156923792", "2209303800", "2237110490", "2302984154", "22890495", "46298020", "166615085", "177051771", "239661466", "241629895", "261482566", "301936483", "325932619", "353235424", "617941202", "1259251873", "1350735092", "1725132105", "1960000953", "1963977765", "1967715543", "1971243969", "1973903330", "1980377725", "1987261147", "1994511809", "2011339591", "2021639574", "2021877992", "2027770059", "2032964650", "2037808344", "2044569235", "2048719660", "2052173682", "2065849961", "2081037127", "2101098733", "2104409682", "2108700906", "2114357324", "2120593778", "2123871395", "2126319880", "2127260490", "2140981953", "2143573796", "2147508421", "2150780349", "2158413700", "2166779165", "2166929006", "2168727712", "2171030022", "2196645256", "2224992393", "2227791194", "2228868356", "2251358113", "2295842700", "2303709052", "2305816793", "2308698133", "2342704838", "2389047378", "2429580303", "2429668602", "2460925434", "2461833737", "2501423119", "2503703497", "2590274852", "2620180323", "2655389208", "2694288434", "2706767732", "2761231274", "2776057859", "2778341347", "2805972962", "2807499900", "2974338959", "2984697281"], "citation_overall": ["2114517990", "2237110490", "2302984154", "2111611200", "617941202", "239661466", "1987261147", "2389047378", "2429668602", "1912135871", "2226538938", "2027770059", "2120593778", "2143573796", "2305816793", "22890495", "1350735092", "2123871395", "2460925434", "2209303800", "166615085", "2100576291", "2655389208", "2166929006", "2461833737", "2052173682", "2081037127", "2104409682", "2147508421", "2228868356", "1604723759", "1482940668", "2143047568", "1971243969", "2429580303", "1980377725", "2761231274", "2156923792", "325932619", "2807499900", "2984697281", "1963977765", "1973903330", "2171030022", "2224992393", "155308371", "2141495286", "2154188784", "2620180323", "177051771", "261482566", "2021877992", "2251358113", "46298020", "2101098733", "2308698133", "2590274852", "2974338959", "332459836", "2140981953", "1259251873", "1960000953", "2342704838", "241629895", "2032964650", "2158413700", "1994511809", "2011339591", "2044569235", "2108700906", "2126319880", "2501423119", "2778341347", "301936483", "1725132105", "2048719660", "2166779165", "2196645256", "2776057859", "353235424", "1967715543", "2021639574", "2065849961", "2114357324", "2127260490", "2150780349", "2168727712", "2227791194", "2503703497", "2694288434", "2706767732", "2805972962", "2037808344", "2295842700", "2303709052"], "publication_10_years": ["1912135871", "155308371", "332459836", "1482940668", "1604723759", "2100576291", "2111611200", "2114517990", "2141495286", "2143047568", "2154188784", "2237110490", "2302984154", "46298020", "239661466", "241629895", "301936483", "325932619", "353235424", "617941202", "1259251873", "1350735092", "1725132105", "1960000953", "1963977765", "1967715543", "1971243969", "1973903330", "1980377725", "1987261147", "1994511809", "2011339591", "2021639574", "2032964650", "2044569235", "2048719660", "2052173682", "2065849961", "2081037127", "2101098733", "2104409682", "2108700906", "2114357324", "2123871395", "2126319880", "2127260490", "2147508421", "2150780349", "2156923792", "2158413700", "2166779165", "2168727712", "2171030022", "2196645256", "2209303800", "2224992393", "2226538938", "2227791194", "2228868356", "2303709052", "2308698133", "2342704838", "2389047378", "2429580303", "2429668602", "2460925434", "2501423119", "2503703497", "2590274852", "2620180323", "2694288434", "2706767732", "2761231274", "2776057859", "2805972962", "2807499900", "2974338959"], "citation_10_years": ["2114517990", "2237110490", "2302984154", "2111611200", "617941202", "239661466", "1987261147", "2389047378", "2429668602", "1350735092", "2123871395", "2460925434", "1912135871", "2100576291", "2052173682", "2081037127", "2104409682", "2147508421", "2228868356", "1604723759", "1482940668", "2143047568", "1971243969", "2429580303", "1980377725", "2761231274", "325932619", "2156923792", "2807499900", "1963977765", "1973903330", "2171030022", "2224992393", "155308371", "2141495286", "2154188784", "2226538938", "2620180323", "46298020", "2101098733", "2308698133", "2590274852", "2974338959", "332459836", "1259251873", "1960000953", "2209303800", "2342704838", "241629895", "2032964650", "2158413700", "1994511809", "2011339591", "2044569235", "2108700906", "2126319880", "2501423119", "301936483", "1725132105", "2048719660", "2166779165", "2196645256", "2776057859", "353235424", "1967715543", "2021639574", "2065849961", "2114357324", "2127260490", "2150780349", "2168727712", "2227791194", "2503703497", "2694288434", "2706767732", "2805972962", "2303709052"], "publication_5_years": [], "citation_5_years": []}, "industrial_sectors": {"publication_overall": ["technology", "computing_and_it", "electronics", "semiconductor"], "citation_overall": ["technology", "computing_and_it", "electronics", "semiconductor"], "publication_10_years": ["technology", "computing_and_it", "electronics", "semiconductor"], "citation_10_years": ["technology", "computing_and_it", "semiconductor", "electronics"], "publication_5_years": [], "citation_5_years": []}}