{"name": "International Conference on Breast Imaging", "acronym": "ICBI", "type": "conference", "uniqueEntities": {"organizations": {"University of Pennsylvania": {"name": "University of Pennsylvania", "type": "organization", "organization_type": "Education", "h_index": 223, "h5_index": 53, "num_publications": 6, "num_citations": 27, "num_publications_5y": 0, "num_citations_5y": 22, "num_publications_10y": 6, "num_citations_10y": 25, "publications_years": {"2012": 6}, "citations_years": {"2013": 3, "2014": 4, "2015": 9, "2016": 3, "2017": 4, "2018": 2, "2019": 2}, "old_citations": {"2012": 27}, "isVisible": false}, "Center for Devices and Radiological Health": {"name": "Center for Devices and Radiological Health", "type": "organization", "organization_type": "Healthcare", "h_index": 27, "h5_index": 8, "num_publications": 4, "num_citations": 14, "num_publications_5y": 0, "num_citations_5y": 11, "num_publications_10y": 4, "num_citations_10y": 13, "publications_years": {"2012": 4}, "citations_years": {"2013": 2, "2014": 4, "2015": 3, "2016": 2, "2017": 2, "2018": 0, "2019": 1}, "old_citations": {"2012": 14}, "isVisible": false}, "Radboud University Nijmegen Medical Centre": {"name": "Radboud University Nijmegen Medical Centre", "type": "organization", "organization_type": "Healthcare", "h_index": 27, "h5_index": 6, "num_publications": 3, "num_citations": 7, "num_publications_5y": 0, "num_citations_5y": 5, "num_publications_10y": 3, "num_citations_10y": 7, "publications_years": {"2012": 3}, "citations_years": {"2012": 2, "2013": 0, "2014": 3, "2015": 0, "2016": 1, "2017": 0, "2018": 1}, "old_citations": {"2012": 7}, "isVisible": false}, "Delaware State University": {"name": "Delaware State University", "type": "organization", "organization_type": "Education", "h_index": 17, "h5_index": 2, "num_publications": 2, "num_citations": 11, "num_publications_5y": 0, "num_citations_5y": 11, "num_publications_10y": 2, "num_citations_10y": 11, "publications_years": {"2012": 2}, "citations_years": {"2015": 5, "2014": 1, "2016": 2, "2017": 1, "2018": 2}, "old_citations": {"2012": 11}, "isVisible": false}, "University College London": {"name": "University College London", "type": "organization", "organization_type": "Education", "h_index": 203, "h5_index": 68, "num_publications": 2, "num_citations": 11, "num_publications_5y": 0, "num_citations_5y": 7, "num_publications_10y": 2, "num_citations_10y": 11, "publications_years": {"2012": 2}, "citations_years": {"2013": 2, "2014": 4, "2015": 0, "2016": 2, "2012": 2, "2017": 0, "2018": 1}, "old_citations": {"2012": 11}, "isVisible": false}, "University of Chicago": {"name": "University of Chicago", "type": "organization", "organization_type": "Education", "h_index": 141, "h5_index": 41, "num_publications": 2, "num_citations": 5, "num_publications_5y": 0, "num_citations_5y": 3, "num_publications_10y": 2, "num_citations_10y": 4, "publications_years": {"2012": 2}, "citations_years": {"2019": 1, "2013": 1, "2014": 2, "2015": 0, "2016": 0, "2017": 1}, "old_citations": {"2012": 5}, "isVisible": false}, "University of Oxford": {"name": "University of Oxford", "type": "organization", "organization_type": "Education", "h_index": 245, "h5_index": 88, "num_publications": 2, "num_citations": 3, "num_publications_5y": 0, "num_citations_5y": 2, "num_publications_10y": 2, "num_citations_10y": 3, "publications_years": {"2012": 2}, "citations_years": {"2012": 1, "2013": 0, "2014": 0, "2015": 0, "2016": 0, "2017": 1, "2018": 1}, "old_citations": {"2012": 3}, "isVisible": false}, "Aberystwyth University": {"name": "Aberystwyth University", "type": "organization", "organization_type": "Education", "h_index": 61, "h5_index": 15, "num_publications": 1, "num_citations": 16, "num_publications_5y": 0, "num_citations_5y": 10, "num_publications_10y": 1, "num_citations_10y": 15, "publications_years": {"2012": 1}, "citations_years": {"2012": 1, "2013": 4, "2014": 1, "2015": 3, "2016": 3, "2017": 2, "2018": 1, "2019": 1}, "old_citations": {"2012": 16}, "isVisible": false}, "Boca Raton Regional Hospital": {"name": "Boca Raton Regional Hospital", "type": "organization", "organization_type": "Healthcare", "h_index": 1, "h5_index": 0, "num_publications": 1, "num_citations": 0, "num_publications_5y": 0, "num_citations_5y": 0, "num_publications_10y": 1, "num_citations_10y": 0, "publications_years": {"2012": 1}, "citations_years": {}, "old_citations": {"2012": 0}, "isVisible": false}, "Charit\u00e9": {"name": "Charit\u00e9", "type": "organization", "organization_type": "Healthcare", "h_index": 55, "h5_index": 16, "num_publications": 1, "num_citations": 7, "num_publications_5y": 0, "num_citations_5y": 5, "num_publications_10y": 1, "num_citations_10y": 7, "publications_years": {"2012": 1}, "citations_years": {"2012": 2, "2013": 0, "2014": 3, "2015": 0, "2016": 1, "2017": 0, "2018": 1}, "old_citations": {"2012": 7}, "isVisible": false}, "Churchill Hospital": {"name": "Churchill Hospital", "type": "organization", "organization_type": "Healthcare", "h_index": 10, "h5_index": 2, "num_publications": 1, "num_citations": 1, "num_publications_5y": 0, "num_citations_5y": 1, "num_publications_10y": 1, "num_citations_10y": 1, "publications_years": {"2012": 1}, "citations_years": {"2018": 1}, "old_citations": {"2012": 1}, "isVisible": false}, "Duke University": {"name": "Duke University", "type": "organization", "organization_type": "Education", "h_index": 176, "h5_index": 45, "num_publications": 1, "num_citations": 0, "num_publications_5y": 0, "num_citations_5y": 0, "num_publications_10y": 1, "num_citations_10y": 0, "publications_years": {"2012": 1}, "citations_years": {}, "old_citations": {"2012": 0}, "isVisible": false}, "Federal University of Sao Paulo": {"name": "Federal University of Sao Paulo", "type": "organization", "organization_type": "Education", "h_index": 23, "h5_index": 13, "num_publications": 1, "num_citations": 0, "num_publications_5y": 0, "num_citations_5y": 0, "num_publications_10y": 1, "num_citations_10y": 0, "publications_years": {"2012": 1}, "citations_years": {}, "old_citations": {"2012": 0}, "isVisible": false}, "Ghent University": {"name": "Ghent University", "type": "organization", "organization_type": "Education", "h_index": 119, "h5_index": 37, "num_publications": 1, "num_citations": 1, "num_publications_5y": 0, "num_citations_5y": 1, "num_publications_10y": 1, "num_citations_10y": 1, "publications_years": {"2012": 1}, "citations_years": {"2014": 1}, "old_citations": {"2012": 1}, "isVisible": false}, "Norfolk and Norwich University Hospital": {"name": "Norfolk and Norwich University Hospital", "type": "organization", "organization_type": "Healthcare", "h_index": 10, "h5_index": 3, "num_publications": 1, "num_citations": 16, "num_publications_5y": 0, "num_citations_5y": 10, "num_publications_10y": 1, "num_citations_10y": 15, "publications_years": {"2012": 1}, "citations_years": {"2012": 1, "2013": 4, "2014": 1, "2015": 3, "2016": 3, "2017": 2, "2018": 1, "2019": 1}, "old_citations": {"2012": 16}, "isVisible": false}, "Royal Surrey County Hospital": {"name": "Royal Surrey County Hospital", "type": "organization", "organization_type": "Healthcare", "h_index": 8, "h5_index": 5, "num_publications": 1, "num_citations": 3, "num_publications_5y": 0, "num_citations_5y": 2, "num_publications_10y": 1, "num_citations_10y": 3, "publications_years": {"2012": 1}, "citations_years": {"2013": 1, "2014": 2}, "old_citations": {"2012": 3}, "isVisible": false}, "Siemens (Germany)": {"name": "Siemens (Germany)", "type": "organization", "organization_type": "Company", "h_index": 141, "h5_index": 32, "num_publications": 1, "num_citations": 14, "num_publications_5y": 0, "num_citations_5y": 10, "num_publications_10y": 1, "num_citations_10y": 11, "publications_years": {"2012": 1}, "citations_years": {"2013": 1, "2014": 4, "2015": 3, "2016": 1, "2017": 1, "2018": 1, "2019": 3}, "old_citations": {"2012": 14}, "isVisible": false}, "Stony Brook University": {"name": "Stony Brook University", "type": "organization", "organization_type": "Education", "h_index": 132, "h5_index": 38, "num_publications": 1, "num_citations": 3, "num_publications_5y": 0, "num_citations_5y": 1, "num_publications_10y": 1, "num_citations_10y": 1, "publications_years": {"2012": 1}, "citations_years": {"2018": 1, "2019": 2}, "old_citations": {"2012": 3}, "isVisible": false}, "Sunnybrook Health Science Centre": {"name": "Sunnybrook Health Science Centre", "type": "organization", "organization_type": "Healthcare", "h_index": 19, "h5_index": 7, "num_publications": 1, "num_citations": 1, "num_publications_5y": 0, "num_citations_5y": 1, "num_publications_10y": 1, "num_citations_10y": 1, "publications_years": {"2012": 1}, "citations_years": {"2014": 1}, "old_citations": {"2012": 1}, "isVisible": false}, "United States Food and Drug Administration": {"name": "United States Food and Drug Administration", "type": "organization", "organization_type": "Government", "h_index": 23, "h5_index": 9, "num_publications": 1, "num_citations": 3, "num_publications_5y": 0, "num_citations_5y": 1, "num_publications_10y": 1, "num_citations_10y": 2, "publications_years": {"2012": 1}, "citations_years": {"2013": 1, "2014": 0, "2015": 1, "2016": 0, "2017": 0, "2018": 0, "2019": 1}, "old_citations": {"2012": 3}, "isVisible": false}, "University of Arizona": {"name": "University of Arizona", "type": "organization", "organization_type": "Education", "h_index": 165, "h5_index": 36, "num_publications": 1, "num_citations": 5, "num_publications_5y": 0, "num_citations_5y": 4, "num_publications_10y": 1, "num_citations_10y": 5, "publications_years": {"2012": 1}, "citations_years": {"2013": 1, "2014": 2, "2015": 1, "2016": 1}, "old_citations": {"2012": 5}, "isVisible": false}, "University of Massachusetts Medical School": {"name": "University of Massachusetts Medical School", "type": "organization", "organization_type": "Education", "h_index": 30, "h5_index": 16, "num_publications": 1, "num_citations": 1, "num_publications_5y": 0, "num_citations_5y": 1, "num_publications_10y": 1, "num_citations_10y": 1, "publications_years": {"2012": 1}, "citations_years": {"2014": 1}, "old_citations": {"2012": 1}, "isVisible": false}, "University of Michigan\u2013Ann Arbor": {"name": "University of Michigan\u2013Ann Arbor", "type": "organization", "organization_type": "Education", "h_index": 264, "h5_index": 65, "num_publications": 1, "num_citations": 3, "num_publications_5y": 0, "num_citations_5y": 2, "num_publications_10y": 1, "num_citations_10y": 3, "publications_years": {"2012": 1}, "citations_years": {"2013": 1, "2014": 0, "2015": 0, "2016": 1, "2017": 1}, "old_citations": {"2012": 3}, "isVisible": false}, "University of Sheffield": {"name": "University of Sheffield", "type": "organization", "organization_type": "Education", "h_index": 135, "h5_index": 40, "num_publications": 1, "num_citations": 7, "num_publications_5y": 0, "num_citations_5y": 5, "num_publications_10y": 1, "num_citations_10y": 7, "publications_years": {"2012": 1}, "citations_years": {"2012": 2, "2013": 0, "2014": 3, "2015": 0, "2016": 1, "2017": 0, "2018": 1}, "old_citations": {"2012": 7}, "isVisible": false}, "University of Surrey": {"name": "University of Surrey", "type": "organization", "organization_type": "Education", "h_index": 116, "h5_index": 43, "num_publications": 1, "num_citations": 3, "num_publications_5y": 0, "num_citations_5y": 2, "num_publications_10y": 1, "num_citations_10y": 3, "publications_years": {"2012": 1}, "citations_years": {"2013": 1, "2014": 2}, "old_citations": {"2012": 3}, "isVisible": false}}, "topics": {"computer science": {"name": "computer science", "type": "topic", "h_index": 1779, "h5_index": 416, "num_publications": 32, "num_citations": 101, "num_publications_5y": 0, "num_citations_5y": 70, "num_publications_10y": 32, "num_citations_10y": 90, "publications_years": {"2012": 32}, "citations_years": {"2012": 4, "2013": 16, "2014": 22, "2015": 17, "2016": 12, "2017": 11, "2018": 8, "2019": 10, "2020": 1}, "old_citations": {"2012": 101}, "isVisible": false}, "computer imaging and vision": {"name": "computer imaging and vision", "type": "topic", "h_index": 1142, "h5_index": 334, "num_publications": 31, "num_citations": 93, "num_publications_5y": 0, "num_citations_5y": 62, "num_publications_10y": 31, "num_citations_10y": 82, "publications_years": {"2012": 31}, "citations_years": {"2012": 4, "2013": 16, "2014": 21, "2015": 15, "2016": 10, "2017": 10, "2018": 6, "2019": 10, "2020": 1}, "old_citations": {"2012": 93}, "isVisible": false}, "image analysis": {"name": "image analysis", "type": "topic", "h_index": 988, "h5_index": 315, "num_publications": 31, "num_citations": 93, "num_publications_5y": 0, "num_citations_5y": 62, "num_publications_10y": 31, "num_citations_10y": 82, "publications_years": {"2012": 31}, "citations_years": {"2012": 4, "2013": 16, "2014": 21, "2015": 15, "2016": 10, "2017": 10, "2018": 6, "2019": 10, "2020": 1}, "old_citations": {"2012": 93}, "isVisible": false}, "image processing": {"name": "image processing", "type": "topic", "h_index": 1113, "h5_index": 328, "num_publications": 30, "num_citations": 93, "num_publications_5y": 0, "num_citations_5y": 62, "num_publications_10y": 30, "num_citations_10y": 82, "publications_years": {"2012": 30}, "citations_years": {"2012": 4, "2013": 16, "2014": 21, "2015": 15, "2016": 10, "2017": 10, "2018": 6, "2019": 10, "2020": 1}, "old_citations": {"2012": 93}, "isVisible": false}, "bioinformatics": {"name": "bioinformatics", "type": "topic", "h_index": 417, "h5_index": 114, "num_publications": 26, "num_citations": 84, "num_publications_5y": 0, "num_citations_5y": 55, "num_publications_10y": 26, "num_citations_10y": 73, "publications_years": {"2012": 26}, "citations_years": {"2017": 8, "2018": 5, "2013": 15, "2014": 20, "2015": 12, "2016": 10, "2019": 10, "2012": 3, "2020": 1}, "old_citations": {"2012": 84}, "isVisible": false}, "medical images": {"name": "medical images", "type": "topic", "h_index": 275, "h5_index": 95, "num_publications": 26, "num_citations": 84, "num_publications_5y": 0, "num_citations_5y": 55, "num_publications_10y": 26, "num_citations_10y": 73, "publications_years": {"2012": 26}, "citations_years": {"2017": 8, "2018": 5, "2013": 15, "2014": 20, "2015": 12, "2016": 10, "2019": 10, "2012": 3, "2020": 1}, "old_citations": {"2012": 84}, "isVisible": false}, "image quality": {"name": "image quality", "type": "topic", "h_index": 704, "h5_index": 206, "num_publications": 23, "num_citations": 63, "num_publications_5y": 0, "num_citations_5y": 42, "num_publications_10y": 23, "num_citations_10y": 54, "publications_years": {"2012": 23}, "citations_years": {"2012": 1, "2013": 11, "2014": 15, "2015": 12, "2016": 6, "2017": 6, "2018": 3, "2019": 8, "2020": 1}, "old_citations": {"2012": 63}, "isVisible": false}, "image reconstruction": {"name": "image reconstruction", "type": "topic", "h_index": 725, "h5_index": 240, "num_publications": 23, "num_citations": 86, "num_publications_5y": 0, "num_citations_5y": 56, "num_publications_10y": 23, "num_citations_10y": 76, "publications_years": {"2012": 23}, "citations_years": {"2012": 4, "2013": 16, "2014": 21, "2015": 12, "2016": 9, "2017": 9, "2018": 5, "2019": 9, "2020": 1}, "old_citations": {"2012": 86}, "isVisible": false}, "computer systems": {"name": "computer systems", "type": "topic", "h_index": 1595, "h5_index": 367, "num_publications": 20, "num_citations": 58, "num_publications_5y": 0, "num_citations_5y": 41, "num_publications_10y": 20, "num_citations_10y": 56, "publications_years": {"2012": 20}, "citations_years": {"2012": 4, "2013": 11, "2014": 14, "2015": 6, "2016": 10, "2017": 6, "2018": 5, "2019": 2}, "old_citations": {"2012": 58}, "isVisible": false}, "digital mammography": {"name": "digital mammography", "type": "topic", "h_index": 63, "h5_index": 18, "num_publications": 18, "num_citations": 57, "num_publications_5y": 0, "num_citations_5y": 37, "num_publications_10y": 18, "num_citations_10y": 48, "publications_years": {"2012": 18}, "citations_years": {"2013": 11, "2014": 15, "2015": 9, "2016": 6, "2017": 5, "2018": 2, "2019": 8, "2020": 1}, "old_citations": {"2012": 57}, "isVisible": false}, "computer aided diagnosis": {"name": "computer aided diagnosis", "type": "topic", "h_index": 107, "h5_index": 48, "num_publications": 17, "num_citations": 58, "num_publications_5y": 0, "num_citations_5y": 39, "num_publications_10y": 17, "num_citations_10y": 51, "publications_years": {"2012": 17}, "citations_years": {"2017": 6, "2018": 4, "2013": 9, "2014": 15, "2015": 8, "2016": 6, "2019": 6, "2012": 3, "2020": 1}, "old_citations": {"2012": 58}, "isVisible": false}, "imaging systems": {"name": "imaging systems", "type": "topic", "h_index": 614, "h5_index": 207, "num_publications": 17, "num_citations": 55, "num_publications_5y": 0, "num_citations_5y": 34, "num_publications_10y": 17, "num_citations_10y": 49, "publications_years": {"2012": 17}, "citations_years": {"2012": 4, "2013": 11, "2014": 12, "2015": 6, "2016": 5, "2017": 7, "2018": 4, "2019": 5, "2020": 1}, "old_citations": {"2012": 55}, "isVisible": false}, "mathematics": {"name": "mathematics", "type": "topic", "h_index": 1364, "h5_index": 300, "num_publications": 16, "num_citations": 51, "num_publications_5y": 0, "num_citations_5y": 35, "num_publications_10y": 16, "num_citations_10y": 45, "publications_years": {"2012": 16}, "citations_years": {"2012": 1, "2013": 9, "2014": 13, "2015": 8, "2016": 5, "2017": 7, "2018": 2, "2019": 6}, "old_citations": {"2012": 51}, "isVisible": false}, "engineering": {"name": "engineering", "type": "topic", "h_index": 1177, "h5_index": 287, "num_publications": 15, "num_citations": 35, "num_publications_5y": 0, "num_citations_5y": 23, "num_publications_10y": 15, "num_citations_10y": 33, "publications_years": {"2012": 15}, "citations_years": {"2012": 1, "2013": 9, "2014": 7, "2015": 6, "2016": 3, "2017": 5, "2018": 2, "2019": 2}, "old_citations": {"2012": 35}, "isVisible": false}, "artificial intelligence": {"name": "artificial intelligence", "type": "topic", "h_index": 1421, "h5_index": 373, "num_publications": 13, "num_citations": 36, "num_publications_5y": 0, "num_citations_5y": 24, "num_publications_10y": 13, "num_citations_10y": 34, "publications_years": {"2012": 13}, "citations_years": {"2012": 2, "2013": 8, "2014": 5, "2015": 8, "2016": 4, "2017": 5, "2018": 2, "2019": 2}, "old_citations": {"2012": 36}, "isVisible": false}, "mammogram": {"name": "mammogram", "type": "topic", "h_index": 85, "h5_index": 26, "num_publications": 13, "num_citations": 43, "num_publications_5y": 0, "num_citations_5y": 29, "num_publications_10y": 13, "num_citations_10y": 40, "publications_years": {"2012": 13}, "citations_years": {"2017": 5, "2018": 3, "2013": 8, "2014": 11, "2015": 5, "2016": 5, "2019": 2, "2012": 3, "2020": 1}, "old_citations": {"2012": 43}, "isVisible": false}, "x ray screens": {"name": "x ray screens", "type": "topic", "h_index": 87, "h5_index": 27, "num_publications": 13, "num_citations": 43, "num_publications_5y": 0, "num_citations_5y": 29, "num_publications_10y": 13, "num_citations_10y": 40, "publications_years": {"2012": 13}, "citations_years": {"2017": 5, "2018": 3, "2013": 8, "2014": 11, "2015": 5, "2016": 5, "2019": 2, "2012": 3, "2020": 1}, "old_citations": {"2012": 43}, "isVisible": false}, "machine learning": {"name": "machine learning", "type": "topic", "h_index": 1123, "h5_index": 351, "num_publications": 12, "num_citations": 36, "num_publications_5y": 0, "num_citations_5y": 24, "num_publications_10y": 12, "num_citations_10y": 34, "publications_years": {"2012": 12}, "citations_years": {"2012": 2, "2013": 8, "2014": 5, "2015": 8, "2016": 4, "2017": 5, "2018": 2, "2019": 2}, "old_citations": {"2012": 36}, "isVisible": false}, "signal processing": {"name": "signal processing", "type": "topic", "h_index": 1012, "h5_index": 255, "num_publications": 12, "num_citations": 26, "num_publications_5y": 0, "num_citations_5y": 17, "num_publications_10y": 12, "num_citations_10y": 24, "publications_years": {"2012": 12}, "citations_years": {"2012": 1, "2013": 6, "2014": 4, "2015": 5, "2016": 1, "2017": 5, "2018": 2, "2019": 2}, "old_citations": {"2012": 26}, "isVisible": false}, "computer networks": {"name": "computer networks", "type": "topic", "h_index": 1262, "h5_index": 332, "num_publications": 10, "num_citations": 12, "num_publications_5y": 0, "num_citations_5y": 8, "num_publications_10y": 10, "num_citations_10y": 11, "publications_years": {"2012": 10}, "citations_years": {"2012": 1, "2013": 2, "2014": 3, "2015": 0, "2016": 1, "2017": 3, "2019": 1, "2018": 1}, "old_citations": {"2012": 12}, "isVisible": false}, "microcalcifications": {"name": "microcalcifications", "type": "topic", "h_index": 75, "h5_index": 21, "num_publications": 10, "num_citations": 44, "num_publications_5y": 0, "num_citations_5y": 30, "num_publications_10y": 10, "num_citations_10y": 39, "publications_years": {"2012": 10}, "citations_years": {"2017": 5, "2018": 3, "2014": 11, "2013": 8, "2015": 6, "2016": 5, "2019": 4, "2012": 1, "2020": 1}, "old_citations": {"2012": 44}, "isVisible": false}, "mammographic": {"name": "mammographic", "type": "topic", "h_index": 64, "h5_index": 19, "num_publications": 10, "num_citations": 40, "num_publications_5y": 0, "num_citations_5y": 26, "num_publications_10y": 10, "num_citations_10y": 37, "publications_years": {"2012": 10}, "citations_years": {"2013": 8, "2014": 11, "2015": 5, "2016": 4, "2017": 4, "2018": 2, "2019": 2, "2012": 3, "2020": 1}, "old_citations": {"2012": 40}, "isVisible": false}, "digital breast tomosynthesis": {"name": "digital breast tomosynthesis", "type": "topic", "h_index": 13, "h5_index": 8, "num_publications": 8, "num_citations": 39, "num_publications_5y": 0, "num_citations_5y": 25, "num_publications_10y": 8, "num_citations_10y": 32, "publications_years": {"2012": 8}, "citations_years": {"2013": 7, "2014": 8, "2015": 7, "2016": 5, "2017": 3, "2018": 2, "2019": 7}, "old_citations": {"2012": 39}, "isVisible": false}, "image segmentation": {"name": "image segmentation", "type": "topic", "h_index": 870, "h5_index": 282, "num_publications": 9, "num_citations": 39, "num_publications_5y": 0, "num_citations_5y": 24, "num_publications_10y": 9, "num_citations_10y": 35, "publications_years": {"2012": 9}, "citations_years": {"2012": 2, "2013": 9, "2014": 5, "2015": 8, "2016": 4, "2017": 4, "2018": 3, "2019": 4}, "old_citations": {"2012": 39}, "isVisible": false}, "reconstruction": {"name": "reconstruction", "type": "topic", "h_index": 320, "h5_index": 103, "num_publications": 8, "num_citations": 37, "num_publications_5y": 0, "num_citations_5y": 24, "num_publications_10y": 8, "num_citations_10y": 30, "publications_years": {"2012": 8}, "citations_years": {"2013": 6, "2014": 8, "2015": 6, "2016": 4, "2017": 4, "2018": 2, "2019": 7}, "old_citations": {"2012": 37}, "isVisible": false}}, "authors": {"182737850": {"name": "predrag r bakic", "type": "author", "activity": 17, "h_index": 9, "h5_index": 3, "mag_id": "182737850", "num_publications": 5, "num_citations": 22, "num_publications_5y": 0, "num_citations_5y": 19, "num_publications_10y": 5, "num_citations_10y": 21, "publications_years": {"2012": 5}, "citations_years": {"2015": 7, "2014": 4, "2016": 3, "2017": 3, "2018": 2, "2013": 2, "2019": 1}, "old_citations": {"2012": 22}, "isVisible": true}, "2200886080": {"name": "andrew d a maidment", "type": "author", "activity": 21, "h_index": 9, "h5_index": 3, "mag_id": "2200886080", "num_publications": 4, "num_citations": 17, "num_publications_5y": 0, "num_citations_5y": 14, "num_publications_10y": 4, "num_citations_10y": 16, "publications_years": {"2012": 4}, "citations_years": {"2013": 2, "2014": 1, "2015": 7, "2016": 2, "2017": 2, "2018": 2, "2019": 1}, "old_citations": {"2012": 17}, "isVisible": false}, "2461676442": {"name": "nico karssemeijer", "type": "author", "activity": 30, "h_index": 26, "h5_index": 9, "mag_id": "2461676442", "num_publications": 3, "num_citations": 7, "num_publications_5y": 0, "num_citations_5y": 5, "num_publications_10y": 3, "num_citations_10y": 7, "publications_years": {"2012": 3}, "citations_years": {"2012": 2, "2013": 0, "2014": 3, "2015": 0, "2016": 1, "2017": 0, "2018": 1}, "old_citations": {"2012": 7}, "isVisible": false}, "728048312": {"name": "john h hipwell", "type": "author", "activity": 13, "h_index": 7, "h5_index": 0, "mag_id": "728048312", "num_publications": 2, "num_citations": 11, "num_publications_5y": 0, "num_citations_5y": 7, "num_publications_10y": 2, "num_citations_10y": 11, "publications_years": {"2012": 2}, "citations_years": {"2013": 2, "2014": 4, "2015": 0, "2016": 2, "2012": 2, "2017": 0, "2018": 1}, "old_citations": {"2012": 11}, "isVisible": false}, "1212076742": {"name": "james g mainprize", "type": "author", "activity": 23, "h_index": 2, "h5_index": 1, "mag_id": "1212076742", "num_publications": 2, "num_citations": 3, "num_publications_5y": 0, "num_citations_5y": 2, "num_publications_10y": 2, "num_citations_10y": 3, "publications_years": {"2012": 2}, "citations_years": {"2014": 2, "2013": 1}, "old_citations": {"2012": 3}, "isVisible": false}, "1347370656": {"name": "robert m nishikawa", "type": "author", "activity": 29, "h_index": 19, "h5_index": 2, "mag_id": "1347370656", "num_publications": 2, "num_citations": 5, "num_publications_5y": 0, "num_citations_5y": 3, "num_publications_10y": 2, "num_citations_10y": 4, "publications_years": {"2012": 2}, "citations_years": {"2019": 1, "2013": 1, "2014": 2, "2015": 0, "2016": 0, "2017": 1}, "old_citations": {"2012": 5}, "isVisible": false}, "1680611262": {"name": "aldo badano", "type": "author", "activity": 22, "h_index": 10, "h5_index": 2, "mag_id": "1680611262", "num_publications": 2, "num_citations": 3, "num_publications_5y": 0, "num_citations_5y": 2, "num_publications_10y": 2, "num_citations_10y": 3, "publications_years": {"2012": 2}, "citations_years": {"2013": 1, "2014": 1, "2015": 0, "2016": 0, "2017": 1}, "old_citations": {"2012": 3}, "isVisible": false}, "1995943705": {"name": "tom kimpe", "type": "author", "activity": 18, "h_index": 10, "h5_index": 3, "mag_id": "1995943705", "num_publications": 2, "num_citations": 3, "num_publications_5y": 0, "num_citations_5y": 2, "num_publications_10y": 2, "num_citations_10y": 3, "publications_years": {"2012": 2}, "citations_years": {"2017": 1, "2018": 1, "2013": 1}, "old_citations": {"2012": 3}, "isVisible": false}, "2070282831": {"name": "david d pokrajac", "type": "author", "activity": 17, "h_index": 4, "h5_index": 2, "mag_id": "2070282831", "num_publications": 2, "num_citations": 11, "num_publications_5y": 0, "num_citations_5y": 11, "num_publications_10y": 2, "num_citations_10y": 11, "publications_years": {"2012": 2}, "citations_years": {"2015": 5, "2014": 1, "2016": 2, "2017": 1, "2018": 2}, "old_citations": {"2012": 11}, "isVisible": false}, "2075190361": {"name": "christopher tromans", "type": "author", "activity": 12, "h_index": 4, "h5_index": 1, "mag_id": "2075190361", "num_publications": 2, "num_citations": 3, "num_publications_5y": 0, "num_citations_5y": 2, "num_publications_10y": 2, "num_citations_10y": 3, "publications_years": {"2012": 2}, "citations_years": {"2012": 1, "2013": 0, "2014": 0, "2015": 0, "2016": 0, "2017": 1, "2018": 1}, "old_citations": {"2012": 3}, "isVisible": false}, "2097255181": {"name": "christine tanner", "type": "author", "activity": 21, "h_index": 10, "h5_index": 4, "mag_id": "2097255181", "num_publications": 2, "num_citations": 4, "num_publications_5y": 0, "num_citations_5y": 2, "num_publications_10y": 2, "num_citations_10y": 4, "publications_years": {"2012": 2}, "citations_years": {"2013": 2, "2014": 1, "2015": 0, "2016": 1}, "old_citations": {"2012": 4}, "isVisible": false}, "2127910802": {"name": "sir michael brady", "type": "author", "activity": 17, "h_index": 10, "h5_index": 2, "mag_id": "2127910802", "num_publications": 2, "num_citations": 3, "num_publications_5y": 0, "num_citations_5y": 2, "num_publications_10y": 2, "num_citations_10y": 3, "publications_years": {"2012": 2}, "citations_years": {"2012": 1, "2013": 0, "2014": 0, "2015": 0, "2016": 0, "2017": 1, "2018": 1}, "old_citations": {"2012": 3}, "isVisible": false}, "2134022174": {"name": "henkjan j huisman", "type": "author", "activity": 27, "h_index": 9, "h5_index": 4, "mag_id": "2134022174", "num_publications": 2, "num_citations": 7, "num_publications_5y": 0, "num_citations_5y": 5, "num_publications_10y": 2, "num_citations_10y": 7, "publications_years": {"2012": 2}, "citations_years": {"2012": 2, "2013": 0, "2014": 3, "2015": 0, "2016": 1, "2017": 0, "2018": 1}, "old_citations": {"2012": 7}, "isVisible": false}, "2147241102": {"name": "rongping zeng", "type": "author", "activity": 11, "h_index": 3, "h5_index": 1, "mag_id": "2147241102", "num_publications": 2, "num_citations": 9, "num_publications_5y": 0, "num_citations_5y": 6, "num_publications_10y": 2, "num_citations_10y": 7, "publications_years": {"2012": 2}, "citations_years": {"2013": 1, "2014": 1, "2015": 3, "2016": 1, "2017": 1, "2018": 0, "2019": 2}, "old_citations": {"2012": 9}, "isVisible": false}, "2345368152": {"name": "subok park", "type": "author", "activity": 13, "h_index": 5, "h5_index": 0, "mag_id": "2345368152", "num_publications": 2, "num_citations": 11, "num_publications_5y": 0, "num_citations_5y": 9, "num_publications_10y": 2, "num_citations_10y": 10, "publications_years": {"2012": 2}, "citations_years": {"2013": 1, "2014": 3, "2015": 3, "2016": 2, "2017": 1, "2018": 0, "2019": 1}, "old_citations": {"2012": 11}, "isVisible": false}, "2461567593": {"name": "david j hawkes", "type": "author", "activity": 30, "h_index": 40, "h5_index": 4, "mag_id": "2461567593", "num_publications": 2, "num_citations": 11, "num_publications_5y": 0, "num_citations_5y": 7, "num_publications_10y": 2, "num_citations_10y": 11, "publications_years": {"2012": 2}, "citations_years": {"2013": 2, "2014": 4, "2015": 0, "2016": 2, "2012": 2, "2017": 0, "2018": 1}, "old_citations": {"2012": 11}, "isVisible": false}, "2611862176": {"name": "robert j jennings", "type": "author", "activity": 19, "h_index": 3, "h5_index": 0, "mag_id": "2611862176", "num_publications": 2, "num_citations": 3, "num_publications_5y": 0, "num_citations_5y": 1, "num_publications_10y": 2, "num_citations_10y": 2, "publications_years": {"2012": 2}, "citations_years": {"2013": 1, "2014": 0, "2015": 1, "2016": 0, "2017": 0, "2018": 0, "2019": 1}, "old_citations": {"2012": 3}, "isVisible": false}, "2953255144": {"name": "kyle j myers", "type": "author", "activity": 28, "h_index": 5, "h5_index": 1, "mag_id": "2953255144", "num_publications": 2, "num_citations": 11, "num_publications_5y": 0, "num_citations_5y": 9, "num_publications_10y": 2, "num_citations_10y": 10, "publications_years": {"2012": 2}, "citations_years": {"2013": 1, "2014": 3, "2015": 3, "2016": 2, "2017": 1, "2018": 0, "2019": 1}, "old_citations": {"2012": 11}, "isVisible": false}, "20956332": {"name": "homero schiabel", "type": "author", "activity": 25, "h_index": 8, "h5_index": 1, "mag_id": "20956332", "num_publications": 1, "num_citations": 0, "num_publications_5y": 0, "num_citations_5y": 0, "num_publications_10y": 1, "num_citations_10y": 0, "publications_years": {"2012": 1}, "citations_years": {}, "old_citations": {"2012": 0}, "isVisible": false}, "21509920": {"name": "nooshin kiarashi", "type": "author", "activity": 2, "h_index": 1, "h5_index": 0, "mag_id": "21509920", "num_publications": 1, "num_citations": 0, "num_publications_5y": 0, "num_citations_5y": 0, "num_publications_10y": 1, "num_citations_10y": 0, "publications_years": {"2012": 1}, "citations_years": {}, "old_citations": {"2012": 0}, "isVisible": false}, "302542049": {"name": "simon r arridge", "type": "author", "activity": 30, "h_index": 22, "h5_index": 6, "mag_id": "302542049", "num_publications": 1, "num_citations": 4, "num_publications_5y": 0, "num_citations_5y": 2, "num_publications_10y": 1, "num_citations_10y": 4, "publications_years": {"2012": 1}, "citations_years": {"2013": 2, "2014": 1, "2015": 0, "2016": 1}, "old_citations": {"2012": 4}, "isVisible": false}, "308059442": {"name": "an de hauwere", "type": "author", "activity": 7, "h_index": 1, "h5_index": 0, "mag_id": "308059442", "num_publications": 1, "num_citations": 1, "num_publications_5y": 0, "num_citations_5y": 1, "num_publications_10y": 1, "num_citations_10y": 1, "publications_years": {"2012": 1}, "citations_years": {"2014": 1}, "old_citations": {"2012": 1}, "isVisible": false}, "329639111": {"name": "ehsan samei", "type": "author", "activity": 18, "h_index": 7, "h5_index": 4, "mag_id": "329639111", "num_publications": 1, "num_citations": 0, "num_publications_5y": 0, "num_citations_5y": 0, "num_publications_10y": 1, "num_citations_10y": 0, "publications_years": {"2012": 1}, "citations_years": {}, "old_citations": {"2012": 0}, "isVisible": false}, "418359043": {"name": "mario molinara", "type": "author", "activity": 20, "h_index": 7, "h5_index": 4, "mag_id": "418359043", "num_publications": 1, "num_citations": 1, "num_publications_5y": 0, "num_citations_5y": 1, "num_publications_10y": 1, "num_citations_10y": 1, "publications_years": {"2012": 1}, "citations_years": {"2016": 1}, "old_citations": {"2012": 1}, "isVisible": false}, "572302453": {"name": "nassir navab", "type": "author", "activity": 31, "h_index": 58, "h5_index": 26, "mag_id": "572302453", "num_publications": 1, "num_citations": 14, "num_publications_5y": 0, "num_citations_5y": 10, "num_publications_10y": 1, "num_citations_10y": 11, "publications_years": {"2012": 1}, "citations_years": {"2013": 1, "2014": 4, "2015": 3, "2016": 1, "2017": 1, "2018": 1, "2019": 3}, "old_citations": {"2012": 14}, "isVisible": false}, "1249652091": {"name": "reyer zwiggelaar", "type": "author", "activity": 24, "h_index": 16, "h5_index": 6, "mag_id": "1249652091", "num_publications": 1, "num_citations": 16, "num_publications_5y": 0, "num_citations_5y": 10, "num_publications_10y": 1, "num_citations_10y": 15, "publications_years": {"2012": 1}, "citations_years": {"2012": 1, "2013": 4, "2014": 1, "2015": 3, "2016": 3, "2017": 2, "2018": 1, "2019": 1}, "old_citations": {"2012": 16}, "isVisible": false}, "1566338909": {"name": "albert xthona", "type": "author", "activity": 16, "h_index": 4, "h5_index": 1, "mag_id": "1566338909", "num_publications": 1, "num_citations": 2, "num_publications_5y": 0, "num_citations_5y": 2, "num_publications_10y": 1, "num_citations_10y": 2, "publications_years": {"2012": 1}, "citations_years": {"2017": 1, "2018": 1}, "old_citations": {"2012": 2}, "isVisible": false}, "1801261946": {"name": "cedric marchessoux", "type": "author", "activity": 16, "h_index": 5, "h5_index": 0, "mag_id": "1801261946", "num_publications": 1, "num_citations": 1, "num_publications_5y": 0, "num_citations_5y": 0, "num_publications_10y": 1, "num_citations_10y": 1, "publications_years": {"2012": 1}, "citations_years": {"2013": 1}, "old_citations": {"2012": 1}, "isVisible": false}, "1826944226": {"name": "david a scaduto", "type": "author", "activity": 3, "h_index": 2, "h5_index": 0, "mag_id": "1826944226", "num_publications": 1, "num_citations": 3, "num_publications_5y": 0, "num_citations_5y": 1, "num_publications_10y": 1, "num_citations_10y": 1, "publications_years": {"2012": 1}, "citations_years": {"2018": 1, "2019": 2}, "old_citations": {"2012": 3}, "isVisible": false}, "1872863009": {"name": "erika r e denton", "type": "author", "activity": 17, "h_index": 10, "h5_index": 3, "mag_id": "1872863009", "num_publications": 1, "num_citations": 16, "num_publications_5y": 0, "num_citations_5y": 10, "num_publications_10y": 1, "num_citations_10y": 15, "publications_years": {"2012": 1}, "citations_years": {"2012": 1, "2013": 4, "2014": 1, "2015": 3, "2016": 3, "2017": 2, "2018": 1, "2019": 1}, "old_citations": {"2012": 16}, "isVisible": false}, "1902042000": {"name": "raymond j acciavatti", "type": "author", "activity": 9, "h_index": 2, "h5_index": 2, "mag_id": "1902042000", "num_publications": 1, "num_citations": 5, "num_publications_5y": 0, "num_citations_5y": 3, "num_publications_10y": 1, "num_citations_10y": 4, "publications_years": {"2012": 1}, "citations_years": {"2013": 1, "2014": 0, "2015": 2, "2016": 0, "2017": 1, "2018": 0, "2019": 1}, "old_citations": {"2012": 5}, "isVisible": false}, "1923334809": {"name": "ingrid reiser", "type": "author", "activity": 17, "h_index": 4, "h5_index": 2, "mag_id": "1923334809", "num_publications": 1, "num_citations": 4, "num_publications_5y": 0, "num_citations_5y": 3, "num_publications_10y": 1, "num_citations_10y": 4, "publications_years": {"2012": 1}, "citations_years": {"2013": 1, "2014": 2, "2015": 0, "2016": 0, "2017": 1}, "old_citations": {"2012": 4}, "isVisible": false}, "1934629602": {"name": "gabor szekely", "type": "author", "activity": 26, "h_index": 25, "h5_index": 2, "mag_id": "1934629602", "num_publications": 1, "num_citations": 0, "num_publications_5y": 0, "num_citations_5y": 0, "num_publications_10y": 1, "num_citations_10y": 0, "publications_years": {"2012": 1}, "citations_years": {}, "old_citations": {"2012": 0}, "isVisible": false}, "1936032718": {"name": "thomas mertelmeier", "type": "author", "activity": 20, "h_index": 10, "h5_index": 3, "mag_id": "1936032718", "num_publications": 1, "num_citations": 14, "num_publications_5y": 0, "num_citations_5y": 10, "num_publications_10y": 1, "num_citations_10y": 11, "publications_years": {"2012": 1}, "citations_years": {"2013": 1, "2014": 4, "2015": 3, "2016": 1, "2017": 1, "2018": 1, "2019": 3}, "old_citations": {"2012": 14}, "isVisible": false}, "1959700627": {"name": "aili k bloomquist", "type": "author", "activity": 12, "h_index": 2, "h5_index": 0, "mag_id": "1959700627", "num_publications": 1, "num_citations": 2, "num_publications_5y": 0, "num_citations_5y": 1, "num_publications_10y": 1, "num_citations_10y": 2, "publications_years": {"2012": 1}, "citations_years": {"2013": 1, "2014": 1}, "old_citations": {"2012": 2}, "isVisible": false}, "1976620382": {"name": "jan m lesniak", "type": "author", "activity": 2, "h_index": 2, "h5_index": 0, "mag_id": "1976620382", "num_publications": 1, "num_citations": 0, "num_publications_5y": 0, "num_citations_5y": 0, "num_publications_10y": 1, "num_citations_10y": 0, "publications_years": {"2012": 1}, "citations_years": {}, "old_citations": {"2012": 0}, "isVisible": false}, "1979846820": {"name": "thomy mertzanidou", "type": "author", "activity": 8, "h_index": 4, "h5_index": 0, "mag_id": "1979846820", "num_publications": 1, "num_citations": 7, "num_publications_5y": 0, "num_citations_5y": 5, "num_publications_10y": 1, "num_citations_10y": 7, "publications_years": {"2012": 1}, "citations_years": {"2012": 2, "2013": 0, "2014": 3, "2015": 0, "2016": 1, "2017": 0, "2018": 1}, "old_citations": {"2012": 7}, "isVisible": false}, "2000463690": {"name": "claudio marrocco", "type": "author", "activity": 17, "h_index": 6, "h5_index": 4, "mag_id": "2000463690", "num_publications": 1, "num_citations": 1, "num_publications_5y": 0, "num_citations_5y": 1, "num_publications_10y": 1, "num_citations_10y": 1, "publications_years": {"2012": 1}, "citations_years": {"2016": 1}, "old_citations": {"2012": 1}, "isVisible": false}, "2005362760": {"name": "guido van schie", "type": "author", "activity": 4, "h_index": 1, "h5_index": 0, "mag_id": "2005362760", "num_publications": 1, "num_citations": 0, "num_publications_5y": 0, "num_citations_5y": 0, "num_publications_10y": 1, "num_citations_10y": 0, "publications_years": {"2012": 1}, "citations_years": {}, "old_citations": {"2012": 0}, "isVisible": false}, "2006195622": {"name": "lubomir m hadjiiski", "type": "author", "activity": 25, "h_index": 11, "h5_index": 4, "mag_id": "2006195622", "num_publications": 1, "num_citations": 3, "num_publications_5y": 0, "num_citations_5y": 2, "num_publications_10y": 1, "num_citations_10y": 3, "publications_years": {"2012": 1}, "citations_years": {"2013": 1, "2014": 0, "2015": 0, "2016": 1, "2017": 1}, "old_citations": {"2012": 3}, "isVisible": false}, "2016003110": {"name": "joseph h chui", "type": "author", "activity": 1, "h_index": 2, "h5_index": 0, "mag_id": "2016003110", "num_publications": 1, "num_citations": 8, "num_publications_5y": 0, "num_citations_5y": 8, "num_publications_10y": 1, "num_citations_10y": 8, "publications_years": {"2012": 1}, "citations_years": {"2014": 1, "2015": 2, "2016": 2, "2017": 1, "2018": 2}, "old_citations": {"2012": 8}, "isVisible": false}, "2021321568": {"name": "despina kontos", "type": "author", "activity": 18, "h_index": 11, "h5_index": 2, "mag_id": "2021321568", "num_publications": 1, "num_citations": 5, "num_publications_5y": 0, "num_citations_5y": 3, "num_publications_10y": 1, "num_citations_10y": 4, "publications_years": {"2012": 1}, "citations_years": {"2013": 1, "2014": 0, "2015": 2, "2016": 0, "2017": 1, "2018": 0, "2019": 1}, "old_citations": {"2012": 5}, "isVisible": false}, "2025665373": {"name": "martin j yaffe", "type": "author", "activity": 25, "h_index": 5, "h5_index": 1, "mag_id": "2025665373", "num_publications": 1, "num_citations": 1, "num_publications_5y": 0, "num_citations_5y": 1, "num_publications_10y": 1, "num_citations_10y": 1, "publications_years": {"2012": 1}, "citations_years": {"2014": 1}, "old_citations": {"2012": 1}, "isVisible": false}, "2025854513": {"name": "mary cocker", "type": "author", "activity": 3, "h_index": 1, "h5_index": 0, "mag_id": "2025854513", "num_publications": 1, "num_citations": 1, "num_publications_5y": 0, "num_citations_5y": 1, "num_publications_10y": 1, "num_citations_10y": 1, "publications_years": {"2012": 1}, "citations_years": {"2018": 1}, "old_citations": {"2012": 1}, "isVisible": false}, "2049957563": {"name": "francesco tortorella", "type": "author", "activity": 27, "h_index": 13, "h5_index": 4, "mag_id": "2049957563", "num_publications": 1, "num_citations": 1, "num_publications_5y": 0, "num_citations_5y": 1, "num_publications_10y": 1, "num_citations_10y": 1, "publications_years": {"2012": 1}, "citations_years": {"2016": 1}, "old_citations": {"2012": 1}, "isVisible": false}, "2066689609": {"name": "l w nolte", "type": "author", "activity": 27, "h_index": 6, "h5_index": 0, "mag_id": "2066689609", "num_publications": 1, "num_citations": 0, "num_publications_5y": 0, "num_citations_5y": 0, "num_publications_10y": 1, "num_citations_10y": 0, "publications_years": {"2012": 1}, "citations_years": {}, "old_citations": {"2012": 0}, "isVisible": false}, "2090013154": {"name": "simon benten", "type": "author", "activity": 4, "h_index": 1, "h5_index": 0, "mag_id": "2090013154", "num_publications": 1, "num_citations": 0, "num_publications_5y": 0, "num_citations_5y": 0, "num_publications_10y": 1, "num_citations_10y": 0, "publications_years": {"2012": 1}, "citations_years": {}, "old_citations": {"2012": 0}, "isVisible": false}, "2090563317": {"name": "alessandro bria", "type": "author", "activity": 8, "h_index": 7, "h5_index": 5, "mag_id": "2090563317", "num_publications": 1, "num_citations": 1, "num_publications_5y": 0, "num_citations_5y": 1, "num_publications_10y": 1, "num_citations_10y": 1, "publications_years": {"2012": 1}, "citations_years": {"2016": 1}, "old_citations": {"2012": 1}, "isVisible": false}, "2095188282": {"name": "sujata v ghate", "type": "author", "activity": 9, "h_index": 1, "h5_index": 1, "mag_id": "2095188282", "num_publications": 1, "num_citations": 0, "num_publications_5y": 0, "num_citations_5y": 0, "num_publications_10y": 1, "num_citations_10y": 0, "publications_years": {"2012": 1}, "citations_years": {}, "old_citations": {"2012": 0}, "isVisible": false}, "2103164102": {"name": "brad m keller", "type": "author", "activity": 8, "h_index": 5, "h5_index": 0, "mag_id": "2103164102", "num_publications": 1, "num_citations": 5, "num_publications_5y": 0, "num_citations_5y": 3, "num_publications_10y": 1, "num_citations_10y": 4, "publications_years": {"2012": 1}, "citations_years": {"2013": 1, "2014": 0, "2015": 2, "2016": 0, "2017": 1, "2018": 0, "2019": 1}, "old_citations": {"2012": 5}, "isVisible": false}, "2106339104": {"name": "diksha sharma", "type": "author", "activity": 10, "h_index": 3, "h5_index": 1, "mag_id": "2106339104", "num_publications": 1, "num_citations": 3, "num_publications_5y": 0, "num_citations_5y": 2, "num_publications_10y": 1, "num_citations_10y": 3, "publications_years": {"2012": 1}, "citations_years": {"2013": 1, "2014": 1, "2015": 0, "2016": 0, "2017": 1}, "old_citations": {"2012": 3}, "isVisible": false}, "2107326685": {"name": "ali r n avanaki", "type": "author", "activity": 9, "h_index": 4, "h5_index": 2, "mag_id": "2107326685", "num_publications": 1, "num_citations": 1, "num_publications_5y": 0, "num_citations_5y": 0, "num_publications_10y": 1, "num_citations_10y": 1, "publications_years": {"2012": 1}, "citations_years": {"2013": 1}, "old_citations": {"2012": 1}, "isVisible": false}, "2109081155": {"name": "heang ping chan", "type": "author", "activity": 30, "h_index": 12, "h5_index": 2, "mag_id": "2109081155", "num_publications": 1, "num_citations": 3, "num_publications_5y": 0, "num_citations_5y": 2, "num_publications_10y": 1, "num_citations_10y": 3, "publications_years": {"2012": 1}, "citations_years": {"2013": 1, "2014": 0, "2015": 0, "2016": 1, "2017": 1}, "old_citations": {"2012": 3}, "isVisible": false}, "2123913038": {"name": "chuan zhou", "type": "author", "activity": 21, "h_index": 8, "h5_index": 1, "mag_id": "2123913038", "num_publications": 1, "num_citations": 3, "num_publications_5y": 0, "num_citations_5y": 2, "num_publications_10y": 1, "num_citations_10y": 3, "publications_years": {"2012": 1}, "citations_years": {"2013": 1, "2014": 0, "2015": 0, "2016": 1, "2017": 1}, "old_citations": {"2012": 3}, "isVisible": false}, "2125325027": {"name": "stephen j glick", "type": "author", "activity": 31, "h_index": 7, "h5_index": 0, "mag_id": "2125325027", "num_publications": 1, "num_citations": 1, "num_publications_5y": 0, "num_citations_5y": 1, "num_publications_10y": 1, "num_citations_10y": 1, "publications_years": {"2012": 1}, "citations_years": {"2014": 1}, "old_citations": {"2012": 1}, "isVisible": false}, "2130040411": {"name": "andreu badal", "type": "author", "activity": 15, "h_index": 5, "h5_index": 2, "mag_id": "2130040411", "num_publications": 1, "num_citations": 5, "num_publications_5y": 0, "num_citations_5y": 4, "num_publications_10y": 1, "num_citations_10y": 5, "publications_years": {"2012": 1}, "citations_years": {"2013": 1, "2014": 2, "2015": 1, "2016": 1}, "old_citations": {"2012": 5}, "isVisible": false}, "2138448814": {"name": "jaime melendez", "type": "author", "activity": 11, "h_index": 4, "h5_index": 3, "mag_id": "2138448814", "num_publications": 1, "num_citations": 0, "num_publications_5y": 0, "num_citations_5y": 0, "num_publications_10y": 1, "num_citations_10y": 0, "publications_years": {"2012": 1}, "citations_years": {}, "old_citations": {"2012": 0}, "isVisible": false}, "2138728941": {"name": "joseph y lo", "type": "author", "activity": 30, "h_index": 11, "h5_index": 3, "mag_id": "2138728941", "num_publications": 1, "num_citations": 0, "num_publications_5y": 0, "num_citations_5y": 0, "num_publications_10y": 1, "num_citations_10y": 0, "publications_years": {"2012": 1}, "citations_years": {}, "old_citations": {"2012": 0}, "isVisible": false}, "2144778556": {"name": "kenneth c young", "type": "author", "activity": 24, "h_index": 7, "h5_index": 3, "mag_id": "2144778556", "num_publications": 1, "num_citations": 3, "num_publications_5y": 0, "num_citations_5y": 2, "num_publications_10y": 1, "num_citations_10y": 3, "publications_years": {"2012": 1}, "citations_years": {"2013": 1, "2014": 2}, "old_citations": {"2012": 3}, "isVisible": false}, "2144943025": {"name": "beverly a lau", "type": "author", "activity": 1, "h_index": 1, "h5_index": 0, "mag_id": "2144943025", "num_publications": 1, "num_citations": 4, "num_publications_5y": 0, "num_citations_5y": 3, "num_publications_10y": 1, "num_citations_10y": 4, "publications_years": {"2012": 1}, "citations_years": {"2013": 1, "2014": 2, "2015": 0, "2016": 0, "2017": 1}, "old_citations": {"2012": 4}, "isVisible": false}, "2145765714": {"name": "kathy schilling", "type": "author", "activity": 6, "h_index": 3, "h5_index": 0, "mag_id": "2145765714", "num_publications": 1, "num_citations": 0, "num_publications_5y": 0, "num_citations_5y": 0, "num_publications_10y": 1, "num_citations_10y": 0, "publications_years": {"2012": 1}, "citations_years": {}, "old_citations": {"2012": 0}, "isVisible": false}, "2146286139": {"name": "lianghao han", "type": "author", "activity": 14, "h_index": 7, "h5_index": 0, "mag_id": "2146286139", "num_publications": 1, "num_citations": 7, "num_publications_5y": 0, "num_citations_5y": 5, "num_publications_10y": 1, "num_citations_10y": 7, "publications_years": {"2012": 1}, "citations_years": {"2012": 2, "2013": 0, "2014": 3, "2015": 0, "2016": 1, "2017": 0, "2018": 1}, "old_citations": {"2012": 7}, "isVisible": false}, "2146431541": {"name": "regina bitelli medeiros", "type": "author", "activity": 5, "h_index": 2, "h5_index": 0, "mag_id": "2146431541", "num_publications": 1, "num_citations": 0, "num_publications_5y": 0, "num_citations_5y": 0, "num_publications_10y": 1, "num_citations_10y": 0, "publications_years": {"2012": 1}, "citations_years": {}, "old_citations": {"2012": 0}, "isVisible": false}, "2148786880": {"name": "alistair mackenzie", "type": "author", "activity": 12, "h_index": 5, "h5_index": 2, "mag_id": "2148786880", "num_publications": 1, "num_citations": 3, "num_publications_5y": 0, "num_citations_5y": 2, "num_publications_10y": 1, "num_citations_10y": 3, "publications_years": {"2012": 1}, "citations_years": {"2013": 1, "2014": 2}, "old_citations": {"2012": 3}, "isVisible": false}, "2152746925": {"name": "kyle j myers", "type": "author", "activity": 31, "h_index": 4, "h5_index": 1, "mag_id": "2152746925", "num_publications": 1, "num_citations": 3, "num_publications_5y": 0, "num_citations_5y": 1, "num_publications_10y": 1, "num_citations_10y": 2, "publications_years": {"2012": 1}, "citations_years": {"2013": 1, "2014": 0, "2015": 1, "2016": 0, "2017": 0, "2018": 0, "2019": 1}, "old_citations": {"2012": 3}, "isVisible": false}, "2156185040": {"name": "felix ritter", "type": "author", "activity": 17, "h_index": 11, "h5_index": 0, "mag_id": "2156185040", "num_publications": 1, "num_citations": 0, "num_publications_5y": 0, "num_citations_5y": 0, "num_publications_10y": 1, "num_citations_10y": 0, "publications_years": {"2012": 1}, "citations_years": {}, "old_citations": {"2012": 0}, "isVisible": false}, "2157377923": {"name": "james c gee", "type": "author", "activity": 30, "h_index": 28, "h5_index": 5, "mag_id": "2157377923", "num_publications": 1, "num_citations": 5, "num_publications_5y": 0, "num_citations_5y": 3, "num_publications_10y": 1, "num_citations_10y": 4, "publications_years": {"2012": 1}, "citations_years": {"2013": 1, "2014": 0, "2015": 2, "2016": 0, "2017": 1, "2018": 0, "2019": 1}, "old_citations": {"2012": 5}, "isVisible": false}, "2158196441": {"name": "wenda he", "type": "author", "activity": 6, "h_index": 3, "h5_index": 0, "mag_id": "2158196441", "num_publications": 1, "num_citations": 16, "num_publications_5y": 0, "num_citations_5y": 10, "num_publications_10y": 1, "num_citations_10y": 15, "publications_years": {"2012": 1}, "citations_years": {"2012": 1, "2013": 4, "2014": 1, "2015": 3, "2016": 3, "2017": 2, "2018": 1, "2019": 1}, "old_citations": {"2012": 16}, "isVisible": false}, "2159630719": {"name": "yuanjie zheng", "type": "author", "activity": 17, "h_index": 17, "h5_index": 8, "mag_id": "2159630719", "num_publications": 1, "num_citations": 5, "num_publications_5y": 0, "num_citations_5y": 3, "num_publications_10y": 1, "num_citations_10y": 4, "publications_years": {"2012": 1}, "citations_years": {"2013": 1, "2014": 0, "2015": 2, "2016": 0, "2017": 1, "2018": 0, "2019": 1}, "old_citations": {"2012": 5}, "isVisible": false}, "2168469602": {"name": "oliver diaz", "type": "author", "activity": 10, "h_index": 3, "h5_index": 3, "mag_id": "2168469602", "num_publications": 1, "num_citations": 3, "num_publications_5y": 0, "num_citations_5y": 2, "num_publications_10y": 1, "num_citations_10y": 3, "publications_years": {"2012": 1}, "citations_years": {"2013": 1, "2014": 2}, "old_citations": {"2012": 3}, "isVisible": false}, "2240657884": {"name": "stefano young", "type": "author", "activity": 4, "h_index": 2, "h5_index": 0, "mag_id": "2240657884", "num_publications": 1, "num_citations": 5, "num_publications_5y": 0, "num_citations_5y": 4, "num_publications_10y": 1, "num_citations_10y": 5, "publications_years": {"2012": 1}, "citations_years": {"2013": 1, "2014": 2, "2015": 1, "2016": 1}, "old_citations": {"2012": 5}, "isVisible": false}, "2262660366": {"name": "tobias lasser", "type": "author", "activity": 14, "h_index": 5, "h5_index": 3, "mag_id": "2262660366", "num_publications": 1, "num_citations": 14, "num_publications_5y": 0, "num_citations_5y": 10, "num_publications_10y": 1, "num_citations_10y": 11, "publications_years": {"2012": 1}, "citations_years": {"2013": 1, "2014": 4, "2015": 3, "2016": 1, "2017": 1, "2018": 1, "2019": 3}, "old_citations": {"2012": 14}, "isVisible": false}, "2275481732": {"name": "maria a z sousa", "type": "author", "activity": 2, "h_index": 0, "h5_index": 0, "mag_id": "2275481732", "num_publications": 1, "num_citations": 0, "num_publications_5y": 0, "num_citations_5y": 0, "num_publications_10y": 1, "num_citations_10y": 0, "publications_years": {"2012": 1}, "citations_years": {}, "old_citations": {"2012": 0}, "isVisible": false}, "2279454762": {"name": "kenneth j straus", "type": "author", "activity": 1, "h_index": 1, "h5_index": 0, "mag_id": "2279454762", "num_publications": 1, "num_citations": 1, "num_publications_5y": 0, "num_citations_5y": 1, "num_publications_10y": 1, "num_citations_10y": 1, "publications_years": {"2012": 1}, "citations_years": {"2014": 1}, "old_citations": {"2012": 1}, "isVisible": false}, "2283494113": {"name": "gillian egan", "type": "author", "activity": 1, "h_index": 1, "h5_index": 0, "mag_id": "2283494113", "num_publications": 1, "num_citations": 1, "num_publications_5y": 0, "num_citations_5y": 0, "num_publications_10y": 1, "num_citations_10y": 0, "publications_years": {"2012": 1}, "citations_years": {"2020": 1}, "old_citations": {"2012": 1}, "isVisible": false}, "2285730306": {"name": "annabel barnard", "type": "author", "activity": 1, "h_index": 1, "h5_index": 0, "mag_id": "2285730306", "num_publications": 1, "num_citations": 3, "num_publications_5y": 0, "num_citations_5y": 2, "num_publications_10y": 1, "num_citations_10y": 3, "publications_years": {"2012": 1}, "citations_years": {"2013": 1, "2014": 2}, "old_citations": {"2012": 3}, "isVisible": false}, "2294932980": {"name": "feiyu chen", "type": "author", "activity": 1, "h_index": 2, "h5_index": 0, "mag_id": "2294932980", "num_publications": 1, "num_citations": 3, "num_publications_5y": 0, "num_citations_5y": 3, "num_publications_10y": 1, "num_citations_10y": 3, "publications_years": {"2012": 1}, "citations_years": {"2015": 3}, "old_citations": {"2012": 3}, "isVisible": false}, "2306359364": {"name": "joel wang", "type": "author", "activity": 3, "h_index": 2, "h5_index": 0, "mag_id": "2306359364", "num_publications": 1, "num_citations": 0, "num_publications_5y": 0, "num_citations_5y": 0, "num_publications_10y": 1, "num_citations_10y": 0, "publications_years": {"2012": 1}, "citations_years": {}, "old_citations": {"2012": 0}, "isVisible": false}, "2311609728": {"name": "weichung cheng", "type": "author", "activity": 20, "h_index": 11, "h5_index": 0, "mag_id": "2311609728", "num_publications": 1, "num_citations": 0, "num_publications_5y": 0, "num_citations_5y": 0, "num_publications_10y": 1, "num_citations_10y": 0, "publications_years": {"2012": 1}, "citations_years": {}, "old_citations": {"2012": 0}, "isVisible": false}, "2312081428": {"name": "rui peng", "type": "author", "activity": 1, "h_index": 1, "h5_index": 0, "mag_id": "2312081428", "num_publications": 1, "num_citations": 3, "num_publications_5y": 0, "num_citations_5y": 1, "num_publications_10y": 1, "num_citations_10y": 2, "publications_years": {"2012": 1}, "citations_years": {"2013": 1, "2014": 0, "2015": 1, "2016": 0, "2017": 0, "2018": 0, "2019": 1}, "old_citations": {"2012": 3}, "isVisible": false}, "2341782858": {"name": "markus thorsten harz", "type": "author", "activity": 7, "h_index": 3, "h5_index": 0, "mag_id": "2341782858", "num_publications": 1, "num_citations": 0, "num_publications_5y": 0, "num_citations_5y": 0, "num_publications_10y": 1, "num_citations_10y": 0, "publications_years": {"2012": 1}, "citations_years": {}, "old_citations": {"2012": 0}, "isVisible": false}, "2436025700": {"name": "anna jerebko", "type": "author", "activity": 14, "h_index": 8, "h5_index": 2, "mag_id": "2436025700", "num_publications": 1, "num_citations": 14, "num_publications_5y": 0, "num_citations_5y": 10, "num_publications_10y": 1, "num_citations_10y": 11, "publications_years": {"2012": 1}, "citations_years": {"2013": 1, "2014": 4, "2015": 3, "2016": 1, "2017": 1, "2018": 1, "2019": 3}, "old_citations": {"2012": 14}, "isVisible": false}, "2436174659": {"name": "wei zhao", "type": "author", "activity": 14, "h_index": 3, "h5_index": 0, "mag_id": "2436174659", "num_publications": 1, "num_citations": 3, "num_publications_5y": 0, "num_citations_5y": 1, "num_publications_10y": 1, "num_citations_10y": 1, "publications_years": {"2012": 1}, "citations_years": {"2018": 1, "2019": 2}, "old_citations": {"2012": 3}, "isVisible": false}, "2437596251": {"name": "krishnendu saha", "type": "author", "activity": 1, "h_index": 1, "h5_index": 0, "mag_id": "2437596251", "num_publications": 1, "num_citations": 1, "num_publications_5y": 0, "num_citations_5y": 1, "num_publications_10y": 1, "num_citations_10y": 1, "publications_years": {"2012": 1}, "citations_years": {"2014": 1}, "old_citations": {"2012": 1}, "isVisible": false}, "2517634098": {"name": "eugene obryan", "type": "author", "activity": 1, "h_index": 1, "h5_index": 0, "mag_id": "2517634098", "num_publications": 1, "num_citations": 3, "num_publications_5y": 0, "num_citations_5y": 1, "num_publications_10y": 1, "num_citations_10y": 2, "publications_years": {"2012": 1}, "citations_years": {"2013": 1, "2014": 0, "2015": 1, "2016": 0, "2017": 0, "2018": 0, "2019": 1}, "old_citations": {"2012": 3}, "isVisible": false}, "2548582275": {"name": "cecilia marinibettolo", "type": "author", "activity": 3, "h_index": 1, "h5_index": 0, "mag_id": "2548582275", "num_publications": 1, "num_citations": 0, "num_publications_5y": 0, "num_citations_5y": 0, "num_publications_10y": 1, "num_citations_10y": 0, "publications_years": {"2012": 1}, "citations_years": {}, "old_citations": {"2012": 0}, "isVisible": false}, "2576425098": {"name": "heinzotto peitgen", "type": "author", "activity": 24, "h_index": 19, "h5_index": 0, "mag_id": "2576425098", "num_publications": 1, "num_citations": 0, "num_publications_5y": 0, "num_citations_5y": 0, "num_publications_10y": 1, "num_citations_10y": 0, "publications_years": {"2012": 1}, "citations_years": {}, "old_citations": {"2012": 0}, "isVisible": false}, "2590813426": {"name": "yao lu", "type": "author", "activity": 10, "h_index": 2, "h5_index": 0, "mag_id": "2590813426", "num_publications": 1, "num_citations": 3, "num_publications_5y": 0, "num_citations_5y": 2, "num_publications_10y": 1, "num_citations_10y": 3, "publications_years": {"2012": 1}, "citations_years": {"2013": 1, "2014": 0, "2015": 0, "2016": 1, "2017": 1}, "old_citations": {"2012": 3}, "isVisible": false}, "2600618886": {"name": "jun wei", "type": "author", "activity": 18, "h_index": 9, "h5_index": 1, "mag_id": "2600618886", "num_publications": 1, "num_citations": 3, "num_publications_5y": 0, "num_citations_5y": 2, "num_publications_10y": 1, "num_citations_10y": 3, "publications_years": {"2012": 1}, "citations_years": {"2013": 1, "2014": 0, "2015": 0, "2016": 1, "2017": 1}, "old_citations": {"2012": 3}, "isVisible": false}, "2608774482": {"name": "guang yang", "type": "author", "activity": 14, "h_index": 10, "h5_index": 9, "mag_id": "2608774482", "num_publications": 1, "num_citations": 4, "num_publications_5y": 0, "num_citations_5y": 2, "num_publications_10y": 1, "num_citations_10y": 4, "publications_years": {"2012": 1}, "citations_years": {"2013": 2, "2014": 1, "2015": 0, "2016": 1}, "old_citations": {"2012": 4}, "isVisible": false}, "2637245188": {"name": "berkman sahiner", "type": "author", "activity": 16, "h_index": 6, "h5_index": 3, "mag_id": "2637245188", "num_publications": 1, "num_citations": 3, "num_publications_5y": 0, "num_citations_5y": 1, "num_publications_10y": 1, "num_citations_10y": 2, "publications_years": {"2012": 1}, "citations_years": {"2013": 1, "2014": 0, "2015": 1, "2016": 0, "2017": 0, "2018": 0, "2019": 1}, "old_citations": {"2012": 3}, "isVisible": false}, "2648791697": {"name": "xiquan shi", "type": "author", "activity": 1, "h_index": 2, "h5_index": 0, "mag_id": "2648791697", "num_publications": 1, "num_citations": 3, "num_publications_5y": 0, "num_citations_5y": 3, "num_publications_10y": 1, "num_citations_10y": 3, "publications_years": {"2012": 1}, "citations_years": {"2015": 3}, "old_citations": {"2012": 3}, "isVisible": false}, "2676322031": {"name": "ulrich bick", "type": "author", "activity": 19, "h_index": 5, "h5_index": 0, "mag_id": "2676322031", "num_publications": 1, "num_citations": 7, "num_publications_5y": 0, "num_citations_5y": 5, "num_publications_10y": 1, "num_citations_10y": 7, "publications_years": {"2012": 1}, "citations_years": {"2012": 2, "2013": 0, "2014": 3, "2015": 0, "2016": 1, "2017": 0, "2018": 1}, "old_citations": {"2012": 7}, "isVisible": false}, "2710771619": {"name": "yan wang", "type": "author", "activity": 5, "h_index": 4, "h5_index": 0, "mag_id": "2710771619", "num_publications": 1, "num_citations": 5, "num_publications_5y": 0, "num_citations_5y": 3, "num_publications_10y": 1, "num_citations_10y": 4, "publications_years": {"2012": 1}, "citations_years": {"2013": 1, "2014": 0, "2015": 2, "2016": 0, "2017": 1, "2018": 0, "2019": 1}, "old_citations": {"2012": 5}, "isVisible": false}, "2763748216": {"name": "cecilia marinibettolo", "type": "author", "activity": 1, "h_index": 1, "h5_index": 0, "mag_id": "2763748216", "num_publications": 1, "num_citations": 3, "num_publications_5y": 0, "num_citations_5y": 1, "num_publications_10y": 1, "num_citations_10y": 2, "publications_years": {"2012": 1}, "citations_years": {"2013": 1, "2014": 0, "2015": 1, "2016": 0, "2017": 0, "2018": 0, "2019": 1}, "old_citations": {"2012": 3}, "isVisible": false}, "2763755843": {"name": "shiras abdurahman", "type": "author", "activity": 1, "h_index": 1, "h5_index": 0, "mag_id": "2763755843", "num_publications": 1, "num_citations": 14, "num_publications_5y": 0, "num_citations_5y": 10, "num_publications_10y": 1, "num_citations_10y": 11, "publications_years": {"2012": 1}, "citations_years": {"2013": 1, "2014": 4, "2015": 3, "2016": 1, "2017": 1, "2018": 1, "2019": 3}, "old_citations": {"2012": 14}, "isVisible": false}, "2779994432": {"name": "martin j yaffe", "type": "author", "activity": 20, "h_index": 2, "h5_index": 0, "mag_id": "2779994432", "num_publications": 1, "num_citations": 2, "num_publications_5y": 0, "num_citations_5y": 1, "num_publications_10y": 1, "num_citations_10y": 2, "publications_years": {"2012": 1}, "citations_years": {"2013": 1, "2014": 1}, "old_citations": {"2012": 2}, "isVisible": false}, "2793187282": {"name": "hubert thierens", "type": "author", "activity": 7, "h_index": 1, "h5_index": 0, "mag_id": "2793187282", "num_publications": 1, "num_citations": 1, "num_publications_5y": 0, "num_citations_5y": 1, "num_publications_10y": 1, "num_citations_10y": 1, "publications_years": {"2012": 1}, "citations_years": {"2014": 1}, "old_citations": {"2012": 1}, "isVisible": false}, "2800001071": {"name": "rianne hupse", "type": "author", "activity": 3, "h_index": 1, "h5_index": 0, "mag_id": "2800001071", "num_publications": 1, "num_citations": 0, "num_publications_5y": 0, "num_citations_5y": 0, "num_publications_10y": 1, "num_citations_10y": 0, "publications_years": {"2012": 1}, "citations_years": {}, "old_citations": {"2012": 0}, "isVisible": false}, "2835027220": {"name": "clara i sanchez", "type": "author", "activity": 3, "h_index": 3, "h5_index": 0, "mag_id": "2835027220", "num_publications": 1, "num_citations": 0, "num_publications_5y": 0, "num_citations_5y": 0, "num_publications_10y": 1, "num_citations_10y": 0, "publications_years": {"2012": 1}, "citations_years": {}, "old_citations": {"2012": 0}, "isVisible": false}, "2892619368": {"name": "zeike a taylor", "type": "author", "activity": 16, "h_index": 11, "h5_index": 3, "mag_id": "2892619368", "num_publications": 1, "num_citations": 7, "num_publications_5y": 0, "num_citations_5y": 5, "num_publications_10y": 1, "num_citations_10y": 7, "publications_years": {"2012": 1}, "citations_years": {"2012": 2, "2013": 0, "2014": 3, "2015": 0, "2016": 1, "2017": 0, "2018": 1}, "old_citations": {"2012": 7}, "isVisible": false}, "2935855957": {"name": "david r dance", "type": "author", "activity": 30, "h_index": 7, "h5_index": 3, "mag_id": "2935855957", "num_publications": 1, "num_citations": 3, "num_publications_5y": 0, "num_citations_5y": 2, "num_publications_10y": 1, "num_citations_10y": 3, "publications_years": {"2012": 1}, "citations_years": {"2013": 1, "2014": 2}, "old_citations": {"2012": 3}, "isVisible": false}, "2951106453": {"name": "fengshan liu", "type": "author", "activity": 4, "h_index": 2, "h5_index": 0, "mag_id": "2951106453", "num_publications": 1, "num_citations": 3, "num_publications_5y": 0, "num_citations_5y": 3, "num_publications_10y": 1, "num_citations_10y": 3, "publications_years": {"2012": 1}, "citations_years": {"2015": 3}, "old_citations": {"2012": 3}, "isVisible": false}, "2940061580": {"name": "gordon e mawdsley", "type": "author", "activity": 3, "h_index": 2, "h5_index": 0, "mag_id": "2940061580", "num_publications": 1, "num_citations": 2, "num_publications_5y": 0, "num_citations_5y": 1, "num_publications_10y": 1, "num_citations_10y": 2, "publications_years": {"2012": 1}, "citations_years": {"2013": 1, "2014": 1}, "old_citations": {"2012": 2}, "isVisible": false}, "2893837866": {"name": "elizabeth keavey", "type": "author", "activity": 1, "h_index": 1, "h5_index": 0, "mag_id": "2893837866", "num_publications": 1, "num_citations": 1, "num_publications_5y": 0, "num_citations_5y": 0, "num_publications_10y": 1, "num_citations_10y": 0, "publications_years": {"2012": 1}, "citations_years": {"2020": 1}, "old_citations": {"2012": 1}, "isVisible": false}, "2979672565": {"name": "niall phelan", "type": "author", "activity": 1, "h_index": 1, "h5_index": 0, "mag_id": "2979672565", "num_publications": 1, "num_citations": 1, "num_publications_5y": 0, "num_citations_5y": 0, "num_publications_10y": 1, "num_citations_10y": 0, "publications_years": {"2012": 1}, "citations_years": {"2020": 1}, "old_citations": {"2012": 1}, "isVisible": false}}, "countries": {"United States": {"name": "United States", "type": "country", "h5_index": 308, "num_publications": 16, "num_citations": 46, "num_publications_5y": 0, "num_citations_5y": 33, "num_publications_10y": 16, "num_citations_10y": 40, "publications_years": {"2012": 16}, "citations_years": {"2013": 7, "2014": 8, "2015": 11, "2016": 5, "2017": 6, "2018": 3, "2019": 6}, "old_citations": {"2012": 46}, "isVisible": false}, "United Kingdom": {"name": "United Kingdom", "type": "country", "h5_index": 172, "num_publications": 6, "num_citations": 33, "num_publications_5y": 0, "num_citations_5y": 21, "num_publications_10y": 6, "num_citations_10y": 32, "publications_years": {"2012": 6}, "citations_years": {"2012": 4, "2013": 7, "2014": 7, "2015": 3, "2016": 5, "2017": 3, "2018": 3, "2019": 1}, "old_citations": {"2012": 33}, "isVisible": false}, "Netherlands": {"name": "Netherlands", "type": "country", "h5_index": 91, "num_publications": 3, "num_citations": 7, "num_publications_5y": 0, "num_citations_5y": 5, "num_publications_10y": 3, "num_citations_10y": 7, "publications_years": {"2012": 3}, "citations_years": {"2012": 2, "2013": 0, "2014": 3, "2015": 0, "2016": 1, "2017": 0, "2018": 1}, "old_citations": {"2012": 7}, "isVisible": false}, "Germany": {"name": "Germany", "type": "country", "h5_index": 139, "num_publications": 2, "num_citations": 21, "num_publications_5y": 0, "num_citations_5y": 15, "num_publications_10y": 2, "num_citations_10y": 18, "publications_years": {"2012": 2}, "citations_years": {"2013": 1, "2014": 7, "2015": 3, "2016": 2, "2017": 1, "2018": 2, "2019": 3, "2012": 2}, "old_citations": {"2012": 21}, "isVisible": false}, "Belgium": {"name": "Belgium", "type": "country", "h5_index": 72, "num_publications": 1, "num_citations": 1, "num_publications_5y": 0, "num_citations_5y": 1, "num_publications_10y": 1, "num_citations_10y": 1, "publications_years": {"2012": 1}, "citations_years": {"2014": 1}, "old_citations": {"2012": 1}, "isVisible": false}, "Brazil": {"name": "Brazil", "type": "country", "h5_index": 57, "num_publications": 1, "num_citations": 0, "num_publications_5y": 0, "num_citations_5y": 0, "num_publications_10y": 1, "num_citations_10y": 0, "publications_years": {"2012": 1}, "citations_years": {}, "old_citations": {"2012": 0}, "isVisible": false}, "Canada": {"name": "Canada", "type": "country", "h5_index": 128, "num_publications": 1, "num_citations": 1, "num_publications_5y": 0, "num_citations_5y": 1, "num_publications_10y": 1, "num_citations_10y": 1, "publications_years": {"2012": 1}, "citations_years": {"2014": 1}, "old_citations": {"2012": 1}, "isVisible": false}}, "industrial_sectors": {"management": {"name": "management", "type": "industrial sector", "h5_index": 67, "num_publications": 1, "num_citations": 14, "num_publications_5y": 0, "num_citations_5y": 10, "num_publications_10y": 1, "num_citations_10y": 11, "publications_years": {"2012": 1}, "citations_years": {"2013": 1, "2014": 4, "2015": 3, "2016": 1, "2017": 1, "2018": 1, "2019": 3}, "old_citations": {"2012": 14}, "isVisible": false}}}, "conference_comparison": {"computer science": {}}, "topics_dna": {"publications": {}, "citations": {"normalized": {}, "average": {}}}, "info": {"num_publications": 32, "num_citations": 101.0, "impact_factor": {}, "publications_years": {"2012": 32}, "citations_years": {"2012": 4, "2013": 16, "2014": 22, "2015": 17, "2016": 12, "2017": 11, "2018": 8, "2019": 10, "2020": 1}, "old_citations": {"2012": 101}, "h5_index": 0}, "percentile": {"computer science": {"2012": 65}}, "conference_ranking": {"computer science": {"2012": 1492}}, "academia": {"num_publications": 12, "num_citations": 28, "publications_years": {"2012": 12}, "old_citations": {"2012": 28}, "num_publications_5y": 0, "num_citations_5y": 0, "num_publications_10y": 12, "num_citations_10y": 28}, "industry": {"num_publications": 1, "num_citations": 14, "publications_years": {"2012": 1}, "old_citations": {"2012": 14}, "num_publications_5y": 0, "num_citations_5y": 0, "num_publications_10y": 1, "num_citations_10y": 14}, "collaborative": {"num_publications": 0, "num_citations": 0, "publications_years": {}, "old_citations": {}, "num_publications_5y": 0, "num_citations_5y": 0, "num_publications_10y": 0, "num_citations_10y": 0}, "conferences": {}, "journals": {}, "organizations": {"publication_overall": ["University of Pennsylvania", "Center for Devices and Radiological Health", "Radboud University Nijmegen Medical Centre", "Delaware State University", "University College London", "University of Chicago", "University of Oxford", "Aberystwyth University", "Boca Raton Regional Hospital", "Charit\u00e9", "Churchill Hospital", "Duke University", "Federal University of Sao Paulo", "Ghent University", "Norfolk and Norwich University Hospital", "Royal Surrey County Hospital", "Siemens (Germany)", "Stony Brook University", "Sunnybrook Health Science Centre", "United States Food and Drug Administration", "University of Arizona", "University of Massachusetts Medical School", "University of Michigan\u2013Ann Arbor", "University of Sheffield", "University of Surrey"], "citation_overall": ["University of Pennsylvania", "Aberystwyth University", "Norfolk and Norwich University Hospital", "Center for Devices and Radiological Health", "Siemens (Germany)", "Delaware State University", "University College London", "Charit\u00e9", "Radboud University Nijmegen Medical Centre", "University of Sheffield", "University of Arizona", "University of Chicago", "Royal Surrey County Hospital", "Stony Brook University", "United States Food and Drug Administration", "University of Michigan\u2013Ann Arbor", "University of Oxford", "University of Surrey", "Churchill Hospital", "Ghent University", "Sunnybrook Health Science Centre", "University of Massachusetts Medical School", "Boca Raton Regional Hospital", "Duke University", "Federal University of Sao Paulo"], "publication_10_years": ["University of Pennsylvania", "Center for Devices and Radiological Health", "Radboud University Nijmegen Medical Centre", "Delaware State University", "University College London", "University of Chicago", "University of Oxford", "Aberystwyth University", "Boca Raton Regional Hospital", "Charit\u00e9", "Churchill Hospital", "Duke University", "Federal University of Sao Paulo", "Ghent University", "Norfolk and Norwich University Hospital", "Royal Surrey County Hospital", "Siemens (Germany)", "Stony Brook University", "Sunnybrook Health Science Centre", "United States Food and Drug Administration", "University of Arizona", "University of Massachusetts Medical School", "University of Michigan\u2013Ann Arbor", "University of Sheffield", "University of Surrey"], "citation_10_years": ["University of Pennsylvania", "Aberystwyth University", "Norfolk and Norwich University Hospital", "Center for Devices and Radiological Health", "Siemens (Germany)", "Delaware State University", "University College London", "Charit\u00e9", "Radboud University Nijmegen Medical Centre", "University of Sheffield", "University of Arizona", "University of Chicago", "Royal Surrey County Hospital", "Stony Brook University", "United States Food and Drug Administration", "University of Michigan\u2013Ann Arbor", "University of Oxford", "University of Surrey", "Churchill Hospital", "Ghent University", "Sunnybrook Health Science Centre", "University of Massachusetts Medical School", "Boca Raton Regional Hospital", "Duke University", "Federal University of Sao Paulo"], "publication_5_years": [], "citation_5_years": []}, "countries": {"publication_overall": ["United States", "United Kingdom", "Netherlands", "Germany", "Belgium", "Brazil", "Canada"], "citation_overall": ["United States", "United Kingdom", "Germany", "Netherlands", "Belgium", "Canada", "Brazil"], "publication_10_years": ["United States", "United Kingdom", "Netherlands", "Germany", "Belgium", "Brazil", "Canada"], "citation_10_years": ["United States", "United Kingdom", "Germany", "Netherlands", "Belgium", "Canada", "Brazil"], "publication_5_years": [], "citation_5_years": []}, "topics": {"publication_overall": ["computer science", "computer imaging and vision", "image analysis", "image processing", "bioinformatics", "medical images", "image quality", "image reconstruction", "computer systems", "digital mammography", "computer aided diagnosis", "imaging systems", "mathematics", "engineering", "artificial intelligence", "mammogram", "x ray screens", "machine learning", "signal processing", "computer networks"], "citation_overall": ["computer science", "computer imaging and vision", "image analysis", "image processing", "image reconstruction", "bioinformatics", "medical images", "image quality", "computer aided diagnosis", "computer systems", "digital mammography", "imaging systems", "mathematics", "microcalcifications", "mammogram", "x ray screens", "mammographic", "digital breast tomosynthesis", "image segmentation", "reconstruction"], "publication_10_years": ["computer science", "computer imaging and vision", "image analysis", "image processing", "bioinformatics", "medical images", "image quality", "image reconstruction", "computer systems", "digital mammography", "computer aided diagnosis", "imaging systems", "mathematics", "engineering", "artificial intelligence", "mammogram", "x ray screens", "machine learning", "signal processing", "computer networks"], "citation_10_years": ["computer science", "computer imaging and vision", "image analysis", "image processing", "image reconstruction", "bioinformatics", "medical images", "image quality", "computer aided diagnosis", "computer systems", "digital mammography", "imaging systems", "mathematics", "microcalcifications", "mammogram", "x ray screens", "mammographic", "digital breast tomosynthesis", "image segmentation", "reconstruction"], "publication_5_years": [], "citation_5_years": []}, "main_topics": ["computer science"], "authors": {"publication_overall": ["182737850", "2200886080", "2461676442", "728048312", "1212076742", "1347370656", "1680611262", "1995943705", "2070282831", "2075190361", "2097255181", "2127910802", "2134022174", "2147241102", "2345368152", "2461567593", "2611862176", "2953255144", "20956332", "21509920", "302542049", "308059442", "329639111", "418359043", "572302453", "1249652091", "1566338909", "1801261946", "1826944226", "1872863009", "1902042000", "1923334809", "1934629602", "1936032718", "1959700627", "1976620382", "1979846820", "2000463690", "2005362760", "2006195622", "2016003110", "2021321568", "2025665373", "2025854513", "2049957563", "2066689609", "2090013154", "2090563317", "2095188282", "2103164102", "2106339104", "2107326685", "2109081155", "2123913038", "2125325027", "2130040411", "2138448814", "2138728941", "2144778556", "2144943025", "2145765714", "2146286139", "2146431541", "2148786880", "2152746925", "2156185040", "2157377923", "2158196441", "2159630719", "2168469602", "2240657884", "2262660366", "2275481732", "2279454762", "2283494113", "2285730306", "2294932980", "2306359364", "2311609728", "2312081428", "2341782858", "2436025700", "2436174659", "2437596251", "2517634098", "2548582275", "2576425098", "2590813426", "2600618886", "2608774482", "2637245188", "2648791697", "2676322031", "2710771619", "2763748216", "2763755843", "2779994432", "2793187282", "2800001071", "2835027220"], "citation_overall": ["182737850", "2200886080", "1249652091", "1872863009", "2158196441", "572302453", "1936032718", "2262660366", "2436025700", "2763755843", "728048312", "2070282831", "2345368152", "2461567593", "2953255144", "2147241102", "2016003110", "1979846820", "2134022174", "2146286139", "2461676442", "2676322031", "2892619368", "1347370656", "1902042000", "2021321568", "2103164102", "2130040411", "2157377923", "2159630719", "2240657884", "2710771619", "302542049", "1923334809", "2097255181", "2144943025", "2608774482", "1212076742", "1680611262", "1826944226", "1995943705", "2006195622", "2075190361", "2106339104", "2109081155", "2123913038", "2127910802", "2144778556", "2148786880", "2152746925", "2168469602", "2285730306", "2294932980", "2312081428", "2436174659", "2517634098", "2590813426", "2600618886", "2611862176", "2637245188", "2648791697", "2763748216", "2935855957", "2951106453", "1566338909", "1959700627", "2779994432", "2940061580", "308059442", "418359043", "1801261946", "2000463690", "2025665373", "2025854513", "2049957563", "2090563317", "2107326685", "2125325027", "2279454762", "2283494113", "2437596251", "2793187282", "2893837866", "2979672565", "20956332", "21509920", "329639111", "1934629602", "1976620382", "2005362760", "2066689609", "2090013154", "2095188282", "2138448814", "2138728941", "2145765714", "2146431541", "2156185040", "2275481732", "2306359364"], "publication_10_years": ["182737850", "2200886080", "2461676442", "728048312", "1212076742", "1347370656", "1680611262", "1995943705", "2070282831", "2075190361", "2097255181", "2127910802", "2134022174", "2147241102", "2345368152", "2461567593", "2611862176", "2953255144", "20956332", "21509920", "302542049", "308059442", "329639111", "418359043", "572302453", "1249652091", "1566338909", "1801261946", "1826944226", "1872863009", "1902042000", "1923334809", "1934629602", "1936032718", "1959700627", "1976620382", "1979846820", "2000463690", "2005362760", "2006195622", "2016003110", "2021321568", "2025665373", "2025854513", "2049957563", "2066689609", "2090013154", "2090563317", "2095188282", "2103164102", "2106339104", "2107326685", "2109081155", "2123913038", "2125325027", "2130040411", "2138448814", "2138728941", "2144778556", "2144943025", "2145765714", "2146286139", "2146431541", "2148786880", "2152746925", "2156185040", "2157377923", "2158196441", "2159630719", "2168469602", "2240657884", "2262660366", "2275481732", "2279454762", "2283494113", "2285730306", "2294932980", "2306359364", "2311609728", "2312081428", "2341782858", "2436025700", "2436174659", "2437596251", "2517634098", "2548582275", "2576425098", "2590813426", "2600618886", "2608774482", "2637245188", "2648791697", "2676322031", "2710771619", "2763748216", "2763755843", "2779994432", "2793187282", "2800001071", "2835027220"], "citation_10_years": ["182737850", "2200886080", "1249652091", "1872863009", "2158196441", "572302453", "1936032718", "2262660366", "2436025700", "2763755843", "728048312", "2070282831", "2345368152", "2461567593", "2953255144", "2147241102", "2016003110", "1979846820", "2134022174", "2146286139", "2461676442", "2676322031", "2892619368", "1347370656", "1902042000", "2021321568", "2103164102", "2130040411", "2157377923", "2159630719", "2240657884", "2710771619", "302542049", "1923334809", "2097255181", "2144943025", "2608774482", "1212076742", "1680611262", "1826944226", "1995943705", "2006195622", "2075190361", "2106339104", "2109081155", "2123913038", "2127910802", "2144778556", "2148786880", "2152746925", "2168469602", "2285730306", "2294932980", "2312081428", "2436174659", "2517634098", "2590813426", "2600618886", "2611862176", "2637245188", "2648791697", "2763748216", "2935855957", "2951106453", "1566338909", "1959700627", "2779994432", "2940061580", "308059442", "418359043", "1801261946", "2000463690", "2025665373", "2025854513", "2049957563", "2090563317", "2107326685", "2125325027", "2279454762", "2283494113", "2437596251", "2793187282", "2893837866", "2979672565", "20956332", "21509920", "329639111", "1934629602", "1976620382", "2005362760", "2066689609", "2090013154", "2095188282", "2138448814", "2138728941", "2145765714", "2146431541", "2156185040", "2275481732", "2306359364"], "publication_5_years": [], "citation_5_years": []}, "industrial_sectors": {"publication_overall": ["management"], "citation_overall": ["management"], "publication_10_years": ["management"], "citation_10_years": ["management"], "publication_5_years": [], "citation_5_years": []}}