{"name": "International Conference on Electrical Engineering and Software Applications", "acronym": "EESA", "type": "conference", "uniqueEntities": {"organizations": {"Tunis University": {"name": "Tunis University", "type": "organization", "organization_type": "Education", "h_index": 25, "h5_index": 17, "num_publications": 15, "num_citations": 32, "num_publications_5y": 0, "num_citations_5y": 24, "num_publications_10y": 15, "num_citations_10y": 25, "publications_years": {"2013": 15}, "citations_years": {"2015": 10, "2016": 3, "2017": 4, "2018": 3, "2019": 6, "2020": 1, "2013": 1, "2014": 4}, "old_citations": {"2013": 32}, "isVisible": false}, "\u00c9cole Normale Sup\u00e9rieure": {"name": "\u00c9cole Normale Sup\u00e9rieure", "type": "organization", "organization_type": "Other", "h_index": 189, "h5_index": 38, "num_publications": 4, "num_citations": 17, "num_publications_5y": 0, "num_citations_5y": 16, "num_publications_10y": 4, "num_citations_10y": 17, "publications_years": {"2013": 4}, "citations_years": {"2014": 5, "2015": 5, "2016": 2, "2017": 3, "2018": 1, "2013": 1}, "old_citations": {"2013": 17}, "isVisible": false}, "University of Monastir": {"name": "University of Monastir", "type": "organization", "organization_type": "Education", "h_index": 14, "h5_index": 10, "num_publications": 2, "num_citations": 1, "num_publications_5y": 0, "num_citations_5y": 1, "num_publications_10y": 2, "num_citations_10y": 1, "publications_years": {"2013": 2}, "citations_years": {"2016": 1}, "old_citations": {"2013": 1}, "isVisible": false}, "University of Carthage": {"name": "University of Carthage", "type": "organization", "organization_type": "Education", "h_index": 19, "h5_index": 13, "num_publications": 1, "num_citations": 5, "num_publications_5y": 0, "num_citations_5y": 4, "num_publications_10y": 1, "num_citations_10y": 4, "publications_years": {"2013": 1}, "citations_years": {"2014": 1, "2015": 2, "2016": 1, "2017": 0, "2018": 0, "2019": 1}, "old_citations": {"2013": 5}, "isVisible": false}, "University of Sousse": {"name": "University of Sousse", "type": "organization", "organization_type": "Education", "h_index": 18, "h5_index": 10, "num_publications": 1, "num_citations": 1, "num_publications_5y": 0, "num_citations_5y": 1, "num_publications_10y": 1, "num_citations_10y": 1, "publications_years": {"2013": 1}, "citations_years": {"2016": 1}, "old_citations": {"2013": 1}, "isVisible": false}, "University of Toulouse": {"name": "University of Toulouse", "type": "organization", "organization_type": "Education", "h_index": 66, "h5_index": 28, "num_publications": 1, "num_citations": 4, "num_publications_5y": 0, "num_citations_5y": 4, "num_publications_10y": 1, "num_citations_10y": 4, "publications_years": {"2013": 1}, "citations_years": {"2015": 1, "2016": 0, "2017": 1, "2018": 2}, "old_citations": {"2013": 4}, "isVisible": false}}, "topics": {"computer science": {"name": "computer science", "type": "topic", "h_index": 1779, "h5_index": 416, "num_publications": 32, "num_citations": 83, "num_publications_5y": 0, "num_citations_5y": 63, "num_publications_10y": 32, "num_citations_10y": 71, "publications_years": {"2013": 32}, "citations_years": {"2015": 20, "2016": 8, "2017": 13, "2018": 9, "2019": 10, "2020": 2, "2014": 13, "2013": 8}, "old_citations": {"2013": 87}, "isVisible": false}, "computer systems": {"name": "computer systems", "type": "topic", "h_index": 1595, "h5_index": 367, "num_publications": 24, "num_citations": 57, "num_publications_5y": 0, "num_citations_5y": 48, "num_publications_10y": 24, "num_citations_10y": 52, "publications_years": {"2013": 24}, "citations_years": {"2015": 14, "2016": 6, "2017": 9, "2018": 8, "2014": 11, "2013": 4, "2019": 5}, "old_citations": {"2013": 61}, "isVisible": false}, "artificial intelligence": {"name": "artificial intelligence", "type": "topic", "h_index": 1421, "h5_index": 373, "num_publications": 20, "num_citations": 46, "num_publications_5y": 0, "num_citations_5y": 38, "num_publications_10y": 20, "num_citations_10y": 39, "publications_years": {"2013": 20}, "citations_years": {"2015": 12, "2016": 2, "2017": 8, "2018": 6, "2019": 5, "2020": 2, "2014": 10, "2013": 1}, "old_citations": {"2013": 50}, "isVisible": false}, "mathematics": {"name": "mathematics", "type": "topic", "h_index": 1364, "h5_index": 300, "num_publications": 20, "num_citations": 58, "num_publications_5y": 0, "num_citations_5y": 41, "num_publications_10y": 20, "num_citations_10y": 49, "publications_years": {"2013": 20}, "citations_years": {"2015": 15, "2016": 4, "2017": 7, "2018": 6, "2019": 8, "2020": 1, "2014": 9, "2013": 8}, "old_citations": {"2013": 62}, "isVisible": false}, "machine learning": {"name": "machine learning", "type": "topic", "h_index": 1123, "h5_index": 351, "num_publications": 15, "num_citations": 32, "num_publications_5y": 0, "num_citations_5y": 25, "num_publications_10y": 15, "num_citations_10y": 26, "publications_years": {"2013": 15}, "citations_years": {"2015": 7, "2016": 1, "2017": 5, "2018": 4, "2019": 4, "2020": 2, "2014": 8, "2013": 1}, "old_citations": {"2013": 36}, "isVisible": false}, "computer imaging and vision": {"name": "computer imaging and vision", "type": "topic", "h_index": 1142, "h5_index": 334, "num_publications": 14, "num_citations": 47, "num_publications_5y": 0, "num_citations_5y": 33, "num_publications_10y": 14, "num_citations_10y": 39, "publications_years": {"2013": 14}, "citations_years": {"2015": 10, "2016": 2, "2017": 8, "2018": 4, "2019": 6, "2020": 2, "2014": 9, "2013": 6}, "old_citations": {"2013": 51}, "isVisible": false}, "database systems": {"name": "database systems", "type": "topic", "h_index": 1167, "h5_index": 276, "num_publications": 13, "num_citations": 30, "num_publications_5y": 0, "num_citations_5y": 26, "num_publications_10y": 13, "num_citations_10y": 27, "publications_years": {"2013": 13}, "citations_years": {"2015": 7, "2016": 4, "2017": 4, "2018": 7, "2014": 4, "2019": 3, "2013": 1}, "old_citations": {"2013": 34}, "isVisible": false}, "computer networks": {"name": "computer networks", "type": "topic", "h_index": 1262, "h5_index": 332, "num_publications": 11, "num_citations": 27, "num_publications_5y": 0, "num_citations_5y": 22, "num_publications_10y": 11, "num_citations_10y": 24, "publications_years": {"2013": 11}, "citations_years": {"2018": 2, "2017": 5, "2014": 7, "2015": 7, "2016": 1, "2013": 2, "2019": 3}, "old_citations": {"2013": 31}, "isVisible": false}, "engineering": {"name": "engineering", "type": "topic", "h_index": 1177, "h5_index": 287, "num_publications": 11, "num_citations": 21, "num_publications_5y": 0, "num_citations_5y": 18, "num_publications_10y": 11, "num_citations_10y": 21, "publications_years": {"2013": 11}, "citations_years": {"2018": 1, "2017": 5, "2013": 3, "2014": 5, "2015": 5, "2016": 2}, "old_citations": {"2013": 25}, "isVisible": false}, "image processing": {"name": "image processing", "type": "topic", "h_index": 1113, "h5_index": 328, "num_publications": 11, "num_citations": 36, "num_publications_5y": 0, "num_citations_5y": 29, "num_publications_10y": 11, "num_citations_10y": 31, "publications_years": {"2013": 11}, "citations_years": {"2015": 9, "2016": 1, "2017": 7, "2018": 4, "2019": 3, "2020": 2, "2014": 8, "2013": 2}, "old_citations": {"2013": 40}, "isVisible": false}, "signal processing": {"name": "signal processing", "type": "topic", "h_index": 1012, "h5_index": 255, "num_publications": 10, "num_citations": 18, "num_publications_5y": 0, "num_citations_5y": 15, "num_publications_10y": 10, "num_citations_10y": 18, "publications_years": {"2013": 10}, "citations_years": {"2018": 1, "2017": 4, "2013": 3, "2014": 3, "2015": 5, "2016": 2}, "old_citations": {"2013": 22}, "isVisible": false}, "communication systems": {"name": "communication systems", "type": "topic", "h_index": 1092, "h5_index": 254, "num_publications": 9, "num_citations": 24, "num_publications_5y": 0, "num_citations_5y": 21, "num_publications_10y": 9, "num_citations_10y": 23, "publications_years": {"2013": 9}, "citations_years": {"2018": 2, "2017": 5, "2014": 7, "2015": 6, "2016": 1, "2013": 2, "2019": 1}, "old_citations": {"2013": 24}, "isVisible": false}, "linguistics": {"name": "linguistics", "type": "topic", "h_index": 867, "h5_index": 206, "num_publications": 9, "num_citations": 28, "num_publications_5y": 0, "num_citations_5y": 26, "num_publications_10y": 9, "num_citations_10y": 27, "publications_years": {"2013": 9}, "citations_years": {"2015": 7, "2016": 4, "2017": 4, "2018": 8, "2014": 3, "2013": 1, "2019": 1}, "old_citations": {"2013": 28}, "isVisible": false}, "pattern recognition": {"name": "pattern recognition", "type": "topic", "h_index": 922, "h5_index": 287, "num_publications": 9, "num_citations": 25, "num_publications_5y": 0, "num_citations_5y": 20, "num_publications_10y": 9, "num_citations_10y": 21, "publications_years": {"2013": 9}, "citations_years": {"2015": 6, "2016": 1, "2017": 4, "2018": 3, "2019": 2, "2020": 2, "2014": 6, "2013": 1}, "old_citations": {"2013": 29}, "isVisible": false}, "telecommunication systems": {"name": "telecommunication systems", "type": "topic", "h_index": 1187, "h5_index": 277, "num_publications": 9, "num_citations": 24, "num_publications_5y": 0, "num_citations_5y": 21, "num_publications_10y": 9, "num_citations_10y": 23, "publications_years": {"2013": 9}, "citations_years": {"2018": 2, "2017": 5, "2014": 7, "2015": 6, "2016": 1, "2013": 2, "2019": 1}, "old_citations": {"2013": 24}, "isVisible": false}, "wireless telecommunication systems": {"name": "wireless telecommunication systems", "type": "topic", "h_index": 1087, "h5_index": 254, "num_publications": 9, "num_citations": 24, "num_publications_5y": 0, "num_citations_5y": 21, "num_publications_10y": 9, "num_citations_10y": 23, "publications_years": {"2013": 9}, "citations_years": {"2018": 2, "2017": 5, "2014": 7, "2015": 6, "2016": 1, "2013": 2, "2019": 1}, "old_citations": {"2013": 24}, "isVisible": false}, "correlation analysis": {"name": "correlation analysis", "type": "topic", "h_index": 1044, "h5_index": 224, "num_publications": 8, "num_citations": 36, "num_publications_5y": 0, "num_citations_5y": 30, "num_publications_10y": 8, "num_citations_10y": 32, "publications_years": {"2013": 8}, "citations_years": {"2015": 11, "2016": 3, "2017": 5, "2018": 6, "2014": 5, "2013": 2, "2019": 4}, "old_citations": {"2013": 36}, "isVisible": false}, "image analysis": {"name": "image analysis", "type": "topic", "h_index": 988, "h5_index": 315, "num_publications": 8, "num_citations": 24, "num_publications_5y": 0, "num_citations_5y": 18, "num_publications_10y": 8, "num_citations_10y": 19, "publications_years": {"2013": 8}, "citations_years": {"2015": 7, "2016": 1, "2017": 3, "2018": 1, "2019": 3, "2020": 2, "2014": 6, "2013": 1}, "old_citations": {"2013": 28}, "isVisible": false}, "image segmentation": {"name": "image segmentation", "type": "topic", "h_index": 870, "h5_index": 282, "num_publications": 8, "num_citations": 24, "num_publications_5y": 0, "num_citations_5y": 18, "num_publications_10y": 8, "num_citations_10y": 19, "publications_years": {"2013": 8}, "citations_years": {"2015": 7, "2016": 1, "2017": 3, "2018": 1, "2019": 3, "2020": 2, "2014": 6, "2013": 1}, "old_citations": {"2013": 28}, "isVisible": false}, "internet": {"name": "internet", "type": "topic", "h_index": 1102, "h5_index": 245, "num_publications": 8, "num_citations": 11, "num_publications_5y": 0, "num_citations_5y": 8, "num_publications_10y": 8, "num_citations_10y": 8, "publications_years": {"2013": 8}, "citations_years": {"2019": 3, "2015": 3, "2016": 1, "2017": 2, "2018": 1, "2014": 1}, "old_citations": {"2013": 15}, "isVisible": false}, "image quality": {"name": "image quality", "type": "topic", "h_index": 704, "h5_index": 206, "num_publications": 6, "num_citations": 20, "num_publications_5y": 0, "num_citations_5y": 15, "num_publications_10y": 6, "num_citations_10y": 16, "publications_years": {"2013": 6}, "citations_years": {"2015": 5, "2016": 0, "2017": 3, "2018": 1, "2019": 2, "2020": 2, "2014": 6, "2013": 1}, "old_citations": {"2013": 24}, "isVisible": false}, "color image processing": {"name": "color image processing", "type": "topic", "h_index": 538, "h5_index": 171, "num_publications": 4, "num_citations": 19, "num_publications_5y": 0, "num_citations_5y": 14, "num_publications_10y": 4, "num_citations_10y": 15, "publications_years": {"2013": 4}, "citations_years": {"2015": 5, "2016": 0, "2017": 3, "2018": 1, "2019": 2, "2020": 2, "2014": 5, "2013": 1}, "old_citations": {"2013": 23}, "isVisible": false}}, "authors": {"700021278": {"name": "mohamed jemni", "type": "author", "activity": 27, "h_index": 17, "h5_index": 5, "mag_id": "700021278", "num_publications": 10, "num_citations": 24, "num_publications_5y": 0, "num_citations_5y": 16, "num_publications_10y": 10, "num_citations_10y": 21, "publications_years": {"2013": 10}, "citations_years": {"2015": 4, "2016": 1, "2017": 4, "2018": 3, "2014": 4, "2019": 3, "2013": 5}, "old_citations": {"2013": 24}, "isVisible": true}, "2013921825": {"name": "mounir sayadi", "type": "author", "activity": 24, "h_index": 7, "h5_index": 3, "mag_id": "2013921825", "num_publications": 5, "num_citations": 16, "num_publications_5y": 0, "num_citations_5y": 11, "num_publications_10y": 5, "num_citations_10y": 11, "publications_years": {"2013": 5}, "citations_years": {"2015": 4, "2016": 1, "2017": 3, "2018": 1, "2019": 3, "2020": 2, "2014": 2}, "old_citations": {"2013": 16}, "isVisible": true}, "2512609829": {"name": "farhat fnaiech", "type": "author", "activity": 23, "h_index": 13, "h5_index": 4, "mag_id": "2512609829", "num_publications": 4, "num_citations": 19, "num_publications_5y": 0, "num_citations_5y": 14, "num_publications_10y": 4, "num_citations_10y": 15, "publications_years": {"2013": 4}, "citations_years": {"2015": 5, "2016": 0, "2017": 3, "2018": 1, "2019": 2, "2020": 2, "2014": 5, "2013": 1}, "old_citations": {"2013": 19}, "isVisible": false}, "2132811524": {"name": "heithem abbes", "type": "author", "activity": 14, "h_index": 6, "h5_index": 3, "mag_id": "2132811524", "num_publications": 2, "num_citations": 1, "num_publications_5y": 0, "num_citations_5y": 1, "num_publications_10y": 2, "num_citations_10y": 1, "publications_years": {"2013": 2}, "citations_years": {"2014": 1}, "old_citations": {"2013": 1}, "isVisible": false}, "2516162367": {"name": "ramzi farhat", "type": "author", "activity": 13, "h_index": 4, "h5_index": 0, "mag_id": "2516162367", "num_publications": 2, "num_citations": 6, "num_publications_5y": 0, "num_citations_5y": 5, "num_publications_10y": 2, "num_citations_10y": 6, "publications_years": {"2013": 2}, "citations_years": {"2015": 3, "2016": 0, "2017": 1, "2018": 1, "2013": 1, "2014": 0}, "old_citations": {"2013": 6}, "isVisible": false}, "34585664": {"name": "mounir zrigui", "type": "author", "activity": 13, "h_index": 9, "h5_index": 4, "mag_id": "34585664", "num_publications": 1, "num_citations": 1, "num_publications_5y": 0, "num_citations_5y": 1, "num_publications_10y": 1, "num_citations_10y": 1, "publications_years": {"2013": 1}, "citations_years": {"2016": 1}, "old_citations": {"2013": 1}, "isVisible": false}, "256907827": {"name": "hamza alibi", "type": "author", "activity": 1, "h_index": 0, "h5_index": 0, "mag_id": "256907827", "num_publications": 1, "num_citations": 0, "num_publications_5y": 0, "num_citations_5y": 0, "num_publications_10y": 1, "num_citations_10y": 0, "publications_years": {"2013": 1}, "citations_years": {}, "old_citations": {"2013": 0}, "isVisible": false}, "265450761": {"name": "chiheb ben regaya", "type": "author", "activity": 6, "h_index": 3, "h5_index": 2, "mag_id": "265450761", "num_publications": 1, "num_citations": 3, "num_publications_5y": 0, "num_citations_5y": 3, "num_publications_10y": 1, "num_citations_10y": 3, "publications_years": {"2013": 1}, "citations_years": {"2014": 2, "2015": 0, "2016": 0, "2017": 1}, "old_citations": {"2013": 3}, "isVisible": false}, "294477216": {"name": "lotfi tlig", "type": "author", "activity": 10, "h_index": 4, "h5_index": 0, "mag_id": "294477216", "num_publications": 1, "num_citations": 9, "num_publications_5y": 0, "num_citations_5y": 7, "num_publications_10y": 1, "num_citations_10y": 7, "publications_years": {"2013": 1}, "citations_years": {"2014": 2, "2015": 1, "2016": 0, "2017": 3, "2018": 1, "2019": 1, "2020": 1}, "old_citations": {"2013": 9}, "isVisible": false}, "318836636": {"name": "christophe cerin", "type": "author", "activity": 30, "h_index": 10, "h5_index": 3, "mag_id": "318836636", "num_publications": 1, "num_citations": 0, "num_publications_5y": 0, "num_citations_5y": 0, "num_publications_10y": 1, "num_citations_10y": 0, "publications_years": {"2013": 1}, "citations_years": {}, "old_citations": {"2013": 0}, "isVisible": false}, "763146871": {"name": "nawel mensia", "type": "author", "activity": 7, "h_index": 1, "h5_index": 0, "mag_id": "763146871", "num_publications": 1, "num_citations": 0, "num_publications_5y": 0, "num_citations_5y": 0, "num_publications_10y": 1, "num_citations_10y": 0, "publications_years": {"2013": 1}, "citations_years": {}, "old_citations": {"2013": 0}, "isVisible": false}, "1221562873": {"name": "zouhour tmar", "type": "author", "activity": 2, "h_index": 2, "h5_index": 0, "mag_id": "1221562873", "num_publications": 1, "num_citations": 0, "num_publications_5y": 0, "num_citations_5y": 0, "num_publications_10y": 1, "num_citations_10y": 0, "publications_years": {"2013": 1}, "citations_years": {}, "old_citations": {"2013": 0}, "isVisible": false}, "1759972310": {"name": "m boussak", "type": "author", "activity": 26, "h_index": 6, "h5_index": 2, "mag_id": "1759972310", "num_publications": 1, "num_citations": 3, "num_publications_5y": 0, "num_citations_5y": 3, "num_publications_10y": 1, "num_citations_10y": 3, "publications_years": {"2013": 1}, "citations_years": {"2015": 1, "2016": 1, "2017": 1}, "old_citations": {"2013": 3}, "isVisible": false}, "1983359089": {"name": "aymen mouelhi", "type": "author", "activity": 9, "h_index": 5, "h5_index": 2, "mag_id": "1983359089", "num_publications": 1, "num_citations": 3, "num_publications_5y": 0, "num_citations_5y": 1, "num_publications_10y": 1, "num_citations_10y": 1, "publications_years": {"2013": 1}, "citations_years": {"2015": 1, "2016": 0, "2017": 0, "2018": 0, "2019": 1, "2020": 1}, "old_citations": {"2013": 3}, "isVisible": false}, "1996824275": {"name": "abdelmajid jemni", "type": "author", "activity": 7, "h_index": 0, "h5_index": 0, "mag_id": "1996824275", "num_publications": 1, "num_citations": 0, "num_publications_5y": 0, "num_citations_5y": 0, "num_publications_10y": 1, "num_citations_10y": 0, "publications_years": {"2013": 1}, "citations_years": {}, "old_citations": {"2013": 0}, "isVisible": false}, "2001017455": {"name": "faouzi ben ammar", "type": "author", "activity": 1, "h_index": 1, "h5_index": 0, "mag_id": "2001017455", "num_publications": 1, "num_citations": 5, "num_publications_5y": 0, "num_citations_5y": 4, "num_publications_10y": 1, "num_citations_10y": 4, "publications_years": {"2013": 1}, "citations_years": {"2014": 1, "2015": 2, "2016": 1, "2017": 0, "2018": 0, "2019": 1}, "old_citations": {"2013": 5}, "isVisible": false}, "2003175067": {"name": "moufida ksouri", "type": "author", "activity": 14, "h_index": 3, "h5_index": 1, "mag_id": "2003175067", "num_publications": 1, "num_citations": 0, "num_publications_5y": 0, "num_citations_5y": 0, "num_publications_10y": 1, "num_citations_10y": 0, "publications_years": {"2013": 1}, "citations_years": {}, "old_citations": {"2013": 0}, "isVisible": false}, "2018417732": {"name": "abdelkader chaari", "type": "author", "activity": 27, "h_index": 6, "h5_index": 2, "mag_id": "2018417732", "num_publications": 1, "num_citations": 3, "num_publications_5y": 0, "num_citations_5y": 3, "num_publications_10y": 1, "num_citations_10y": 3, "publications_years": {"2013": 1}, "citations_years": {"2014": 2, "2015": 0, "2016": 0, "2017": 1}, "old_citations": {"2013": 3}, "isVisible": false}, "2020518640": {"name": "hassene seddik", "type": "author", "activity": 7, "h_index": 3, "h5_index": 2, "mag_id": "2020518640", "num_publications": 1, "num_citations": 0, "num_publications_5y": 0, "num_citations_5y": 0, "num_publications_10y": 1, "num_citations_10y": 0, "publications_years": {"2013": 1}, "citations_years": {}, "old_citations": {"2013": 0}, "isVisible": false}, "2028352719": {"name": "sami guizani", "type": "author", "activity": 5, "h_index": 2, "h5_index": 0, "mag_id": "2028352719", "num_publications": 1, "num_citations": 5, "num_publications_5y": 0, "num_citations_5y": 4, "num_publications_10y": 1, "num_citations_10y": 4, "publications_years": {"2013": 1}, "citations_years": {"2014": 1, "2015": 2, "2016": 1, "2017": 0, "2018": 0, "2019": 1}, "old_citations": {"2013": 5}, "isVisible": false}, "2054537067": {"name": "mohamed ali cherni", "type": "author", "activity": 11, "h_index": 3, "h5_index": 1, "mag_id": "2054537067", "num_publications": 1, "num_citations": 4, "num_publications_5y": 0, "num_citations_5y": 3, "num_publications_10y": 1, "num_citations_10y": 3, "publications_years": {"2013": 1}, "citations_years": {"2015": 2, "2016": 1, "2017": 0, "2018": 0, "2019": 1}, "old_citations": {"2013": 4}, "isVisible": false}, "2061158957": {"name": "abderrahmen zaafouri", "type": "author", "activity": 7, "h_index": 3, "h5_index": 2, "mag_id": "2061158957", "num_publications": 1, "num_citations": 3, "num_publications_5y": 0, "num_citations_5y": 3, "num_publications_10y": 1, "num_citations_10y": 3, "publications_years": {"2013": 1}, "citations_years": {"2014": 2, "2015": 0, "2016": 0, "2017": 1}, "old_citations": {"2013": 3}, "isVisible": false}, "2070175785": {"name": "yosra bouzid", "type": "author", "activity": 6, "h_index": 4, "h5_index": 1, "mag_id": "2070175785", "num_publications": 1, "num_citations": 2, "num_publications_5y": 0, "num_citations_5y": 0, "num_publications_10y": 1, "num_citations_10y": 0, "publications_years": {"2013": 1}, "citations_years": {"2019": 2}, "old_citations": {"2013": 2}, "isVisible": false}, "2102665040": {"name": "ezzedine ben braiek", "type": "author", "activity": 8, "h_index": 5, "h5_index": 2, "mag_id": "2102665040", "num_publications": 1, "num_citations": 0, "num_publications_5y": 0, "num_citations_5y": 0, "num_publications_10y": 1, "num_citations_10y": 0, "publications_years": {"2013": 1}, "citations_years": {}, "old_citations": {"2013": 0}, "isVisible": false}, "2104811512": {"name": "achraf othman", "type": "author", "activity": 10, "h_index": 3, "h5_index": 1, "mag_id": "2104811512", "num_publications": 1, "num_citations": 0, "num_publications_5y": 0, "num_citations_5y": 0, "num_publications_10y": 1, "num_citations_10y": 0, "publications_years": {"2013": 1}, "citations_years": {}, "old_citations": {"2013": 0}, "isVisible": false}, "2106749581": {"name": "maher jebali", "type": "author", "activity": 2, "h_index": 2, "h5_index": 0, "mag_id": "2106749581", "num_publications": 1, "num_citations": 4, "num_publications_5y": 0, "num_citations_5y": 4, "num_publications_10y": 1, "num_citations_10y": 4, "publications_years": {"2013": 1}, "citations_years": {"2015": 1, "2016": 0, "2017": 1, "2018": 2}, "old_citations": {"2013": 4}, "isVisible": false}, "2110036897": {"name": "mongi moujahed", "type": "author", "activity": 7, "h_index": 3, "h5_index": 2, "mag_id": "2110036897", "num_publications": 1, "num_citations": 3, "num_publications_5y": 0, "num_citations_5y": 3, "num_publications_10y": 1, "num_citations_10y": 3, "publications_years": {"2013": 1}, "citations_years": {"2015": 1, "2016": 1, "2017": 1}, "old_citations": {"2013": 3}, "isVisible": false}, "2115524970": {"name": "selmani anissa", "type": "author", "activity": 1, "h_index": 1, "h5_index": 0, "mag_id": "2115524970", "num_publications": 1, "num_citations": 1, "num_publications_5y": 0, "num_citations_5y": 1, "num_publications_10y": 1, "num_citations_10y": 1, "publications_years": {"2013": 1}, "citations_years": {"2018": 1}, "old_citations": {"2013": 1}, "isVisible": false}, "2159966078": {"name": "amel ben slimane", "type": "author", "activity": 6, "h_index": 2, "h5_index": 1, "mag_id": "2159966078", "num_publications": 1, "num_citations": 1, "num_publications_5y": 0, "num_citations_5y": 1, "num_publications_10y": 1, "num_citations_10y": 1, "publications_years": {"2013": 1}, "citations_years": {"2016": 1}, "old_citations": {"2013": 1}, "isVisible": false}, "2171843483": {"name": "mohamed ali khenissi", "type": "author", "activity": 5, "h_index": 6, "h5_index": 1, "mag_id": "2171843483", "num_publications": 1, "num_citations": 5, "num_publications_5y": 0, "num_citations_5y": 4, "num_publications_10y": 1, "num_citations_10y": 4, "publications_years": {"2013": 1}, "citations_years": {"2014": 1, "2015": 1, "2016": 1, "2017": 1, "2018": 0, "2019": 1}, "old_citations": {"2013": 5}, "isVisible": false}, "2172829458": {"name": "nour ben yahia", "type": "author", "activity": 8, "h_index": 3, "h5_index": 0, "mag_id": "2172829458", "num_publications": 1, "num_citations": 4, "num_publications_5y": 0, "num_citations_5y": 0, "num_publications_10y": 1, "num_citations_10y": 4, "publications_years": {"2013": 1}, "citations_years": {"2013": 4}, "old_citations": {"2013": 4}, "isVisible": false}, "2222082368": {"name": "ben slimene marwa", "type": "author", "activity": 2, "h_index": 2, "h5_index": 0, "mag_id": "2222082368", "num_publications": 1, "num_citations": 2, "num_publications_5y": 0, "num_citations_5y": 2, "num_publications_10y": 1, "num_citations_10y": 2, "publications_years": {"2013": 1}, "citations_years": {"2017": 2}, "old_citations": {"2013": 2}, "isVisible": false}, "2222723771": {"name": "ahmed nejmedine machraoui", "type": "author", "activity": 7, "h_index": 2, "h5_index": 0, "mag_id": "2222723771", "num_publications": 1, "num_citations": 4, "num_publications_5y": 0, "num_citations_5y": 3, "num_publications_10y": 1, "num_citations_10y": 3, "publications_years": {"2013": 1}, "citations_years": {"2015": 2, "2016": 1, "2017": 0, "2018": 0, "2019": 1}, "old_citations": {"2013": 4}, "isVisible": false}, "2223102889": {"name": "bouslehi hamdi", "type": "author", "activity": 1, "h_index": 1, "h5_index": 0, "mag_id": "2223102889", "num_publications": 1, "num_citations": 2, "num_publications_5y": 0, "num_citations_5y": 1, "num_publications_10y": 1, "num_citations_10y": 2, "publications_years": {"2013": 1}, "citations_years": {"2013": 1, "2014": 0, "2015": 0, "2016": 0, "2017": 1}, "old_citations": {"2013": 2}, "isVisible": false}, "2224202639": {"name": "ben fredj mouldi", "type": "author", "activity": 2, "h_index": 2, "h5_index": 0, "mag_id": "2224202639", "num_publications": 1, "num_citations": 2, "num_publications_5y": 0, "num_citations_5y": 2, "num_publications_10y": 1, "num_citations_10y": 2, "publications_years": {"2013": 1}, "citations_years": {"2017": 2}, "old_citations": {"2013": 2}, "isVisible": false}, "2225482573": {"name": "chiha ibtissem", "type": "author", "activity": 1, "h_index": 1, "h5_index": 0, "mag_id": "2225482573", "num_publications": 1, "num_citations": 3, "num_publications_5y": 0, "num_citations_5y": 1, "num_publications_10y": 1, "num_citations_10y": 1, "publications_years": {"2013": 1}, "citations_years": {"2015": 1, "2016": 0, "2017": 0, "2018": 0, "2019": 2}, "old_citations": {"2013": 3}, "isVisible": false}, "2225897658": {"name": "mbarki zouhair", "type": "author", "activity": 1, "h_index": 1, "h5_index": 0, "mag_id": "2225897658", "num_publications": 1, "num_citations": 1, "num_publications_5y": 0, "num_citations_5y": 1, "num_publications_10y": 1, "num_citations_10y": 1, "publications_years": {"2013": 1}, "citations_years": {"2018": 1}, "old_citations": {"2013": 1}, "isVisible": false}, "2225965675": {"name": "liouane nouredine", "type": "author", "activity": 1, "h_index": 1, "h5_index": 0, "mag_id": "2225965675", "num_publications": 1, "num_citations": 3, "num_publications_5y": 0, "num_citations_5y": 1, "num_publications_10y": 1, "num_citations_10y": 1, "publications_years": {"2013": 1}, "citations_years": {"2015": 1, "2016": 0, "2017": 0, "2018": 0, "2019": 2}, "old_citations": {"2013": 3}, "isVisible": false}, "2226459468": {"name": "ahmed elleuch", "type": "author", "activity": 2, "h_index": 1, "h5_index": 0, "mag_id": "2226459468", "num_publications": 1, "num_citations": 0, "num_publications_5y": 0, "num_citations_5y": 0, "num_publications_10y": 1, "num_citations_10y": 0, "publications_years": {"2013": 1}, "citations_years": {}, "old_citations": {"2013": 0}, "isVisible": false}, "2227091880": {"name": "lilia chourou", "type": "author", "activity": 2, "h_index": 1, "h5_index": 0, "mag_id": "2227091880", "num_publications": 1, "num_citations": 0, "num_publications_5y": 0, "num_citations_5y": 0, "num_publications_10y": 1, "num_citations_10y": 0, "publications_years": {"2013": 1}, "citations_years": {}, "old_citations": {"2013": 0}, "isVisible": false}, "2227245798": {"name": "olfa trabelsi", "type": "author", "activity": 3, "h_index": 1, "h5_index": 0, "mag_id": "2227245798", "num_publications": 1, "num_citations": 9, "num_publications_5y": 0, "num_citations_5y": 7, "num_publications_10y": 1, "num_citations_10y": 7, "publications_years": {"2013": 1}, "citations_years": {"2014": 2, "2015": 1, "2016": 0, "2017": 3, "2018": 1, "2019": 1, "2020": 1}, "old_citations": {"2013": 9}, "isVisible": false}, "2227717591": {"name": "abdelmonoem nayli", "type": "author", "activity": 5, "h_index": 1, "h5_index": 0, "mag_id": "2227717591", "num_publications": 1, "num_citations": 5, "num_publications_5y": 0, "num_citations_5y": 4, "num_publications_10y": 1, "num_citations_10y": 4, "publications_years": {"2013": 1}, "citations_years": {"2014": 1, "2015": 2, "2016": 1, "2017": 0, "2018": 0, "2019": 1}, "old_citations": {"2013": 5}, "isVisible": false}, "2228468414": {"name": "farouk baccari", "type": "author", "activity": 1, "h_index": 0, "h5_index": 0, "mag_id": "2228468414", "num_publications": 1, "num_citations": 0, "num_publications_5y": 0, "num_citations_5y": 0, "num_publications_10y": 1, "num_citations_10y": 0, "publications_years": {"2013": 1}, "citations_years": {}, "old_citations": {"2013": 0}, "isVisible": false}, "2229376601": {"name": "dhekra essaidani", "type": "author", "activity": 6, "h_index": 1, "h5_index": 1, "mag_id": "2229376601", "num_publications": 1, "num_citations": 0, "num_publications_5y": 0, "num_citations_5y": 0, "num_publications_10y": 1, "num_citations_10y": 0, "publications_years": {"2013": 1}, "citations_years": {}, "old_citations": {"2013": 0}, "isVisible": false}, "2229626091": {"name": "faten fayala", "type": "author", "activity": 1, "h_index": 0, "h5_index": 0, "mag_id": "2229626091", "num_publications": 1, "num_citations": 0, "num_publications_5y": 0, "num_citations_5y": 0, "num_publications_10y": 1, "num_citations_10y": 0, "publications_years": {"2013": 1}, "citations_years": {}, "old_citations": {"2013": 0}, "isVisible": false}, "2231241676": {"name": "belhassen guettat", "type": "author", "activity": 8, "h_index": 2, "h5_index": 0, "mag_id": "2231241676", "num_publications": 1, "num_citations": 2, "num_publications_5y": 0, "num_citations_5y": 1, "num_publications_10y": 1, "num_citations_10y": 2, "publications_years": {"2013": 1}, "citations_years": {"2013": 1, "2014": 0, "2015": 1}, "old_citations": {"2013": 2}, "isVisible": false}, "2231251390": {"name": "hajer zardoum", "type": "author", "activity": 1, "h_index": 0, "h5_index": 0, "mag_id": "2231251390", "num_publications": 1, "num_citations": 0, "num_publications_5y": 0, "num_citations_5y": 0, "num_publications_10y": 1, "num_citations_10y": 0, "publications_years": {"2013": 1}, "citations_years": {}, "old_citations": {"2013": 0}, "isVisible": false}, "2235840997": {"name": "anis zouaghi", "type": "author", "activity": 11, "h_index": 7, "h5_index": 2, "mag_id": "2235840997", "num_publications": 1, "num_citations": 1, "num_publications_5y": 0, "num_citations_5y": 1, "num_publications_10y": 1, "num_citations_10y": 1, "publications_years": {"2013": 1}, "citations_years": {"2016": 1}, "old_citations": {"2013": 1}, "isVisible": false}, "2235972474": {"name": "seddik hassene", "type": "author", "activity": 5, "h_index": 1, "h5_index": 1, "mag_id": "2235972474", "num_publications": 1, "num_citations": 1, "num_publications_5y": 0, "num_citations_5y": 1, "num_publications_10y": 1, "num_citations_10y": 1, "publications_years": {"2013": 1}, "citations_years": {"2018": 1}, "old_citations": {"2013": 1}, "isVisible": false}, "2255741426": {"name": "rehaoulia habib", "type": "author", "activity": 6, "h_index": 2, "h5_index": 1, "mag_id": "2255741426", "num_publications": 1, "num_citations": 2, "num_publications_5y": 0, "num_citations_5y": 2, "num_publications_10y": 1, "num_citations_10y": 2, "publications_years": {"2013": 1}, "citations_years": {"2017": 2}, "old_citations": {"2013": 2}, "isVisible": false}, "2290344158": {"name": "khlifi mohamed larbi", "type": "author", "activity": 1, "h_index": 1, "h5_index": 0, "mag_id": "2290344158", "num_publications": 1, "num_citations": 2, "num_publications_5y": 0, "num_citations_5y": 2, "num_publications_10y": 1, "num_citations_10y": 2, "publications_years": {"2013": 1}, "citations_years": {"2017": 2}, "old_citations": {"2013": 2}, "isVisible": false}, "2302771956": {"name": "walid saad", "type": "author", "activity": 9, "h_index": 4, "h5_index": 2, "mag_id": "2302771956", "num_publications": 1, "num_citations": 0, "num_publications_5y": 0, "num_citations_5y": 0, "num_publications_10y": 1, "num_citations_10y": 0, "publications_years": {"2013": 1}, "citations_years": {}, "old_citations": {"2013": 0}, "isVisible": false}, "2302929360": {"name": "mehrez boulares", "type": "author", "activity": 10, "h_index": 4, "h5_index": 1, "mag_id": "2302929360", "num_publications": 1, "num_citations": 6, "num_publications_5y": 0, "num_citations_5y": 6, "num_publications_10y": 1, "num_citations_10y": 6, "publications_years": {"2013": 1}, "citations_years": {"2014": 2, "2015": 1, "2016": 0, "2017": 2, "2018": 1}, "old_citations": {"2013": 6}, "isVisible": false}, "2304814118": {"name": "krichi mohamed khalil", "type": "author", "activity": 6, "h_index": 2, "h5_index": 1, "mag_id": "2304814118", "num_publications": 1, "num_citations": 10, "num_publications_5y": 0, "num_citations_5y": 8, "num_publications_10y": 1, "num_citations_10y": 9, "publications_years": {"2013": 1}, "citations_years": {"2013": 1, "2014": 0, "2015": 3, "2016": 2, "2017": 0, "2018": 3, "2019": 1}, "old_citations": {"2013": 10}, "isVisible": false}, "2306037403": {"name": "cherif adnan", "type": "author", "activity": 6, "h_index": 2, "h5_index": 1, "mag_id": "2306037403", "num_publications": 1, "num_citations": 10, "num_publications_5y": 0, "num_citations_5y": 8, "num_publications_10y": 1, "num_citations_10y": 9, "publications_years": {"2013": 1}, "citations_years": {"2013": 1, "2014": 0, "2015": 3, "2016": 2, "2017": 0, "2018": 3, "2019": 1}, "old_citations": {"2013": 10}, "isVisible": false}, "2306607561": {"name": "ezzeddine ben braiek", "type": "author", "activity": 1, "h_index": 1, "h5_index": 0, "mag_id": "2306607561", "num_publications": 1, "num_citations": 7, "num_publications_5y": 0, "num_citations_5y": 6, "num_publications_10y": 1, "num_citations_10y": 7, "publications_years": {"2013": 1}, "citations_years": {"2013": 1, "2014": 3, "2015": 3}, "old_citations": {"2013": 7}, "isVisible": false}, "2311886966": {"name": "kais rouis", "type": "author", "activity": 6, "h_index": 1, "h5_index": 1, "mag_id": "2311886966", "num_publications": 1, "num_citations": 0, "num_publications_5y": 0, "num_citations_5y": 0, "num_publications_10y": 1, "num_citations_10y": 0, "publications_years": {"2013": 1}, "citations_years": {}, "old_citations": {"2013": 0}, "isVisible": false}, "2336487613": {"name": "wajdi ghezaiel", "type": "author", "activity": 7, "h_index": 3, "h5_index": 1, "mag_id": "2336487613", "num_publications": 1, "num_citations": 1, "num_publications_5y": 0, "num_citations_5y": 1, "num_publications_10y": 1, "num_citations_10y": 1, "publications_years": {"2013": 1}, "citations_years": {"2016": 1}, "old_citations": {"2013": 1}, "isVisible": false}, "2340998508": {"name": "ezzdine ben braiek", "type": "author", "activity": 0, "h_index": 0, "h5_index": 0, "mag_id": "2340998508", "num_publications": 1, "num_citations": 0, "num_publications_5y": 0, "num_citations_5y": 0, "num_publications_10y": 1, "num_citations_10y": 0, "publications_years": {"2013": 1}, "citations_years": {}, "old_citations": {"2013": 4}, "isVisible": false}, "2346658659": {"name": "merhbene laroussi", "type": "author", "activity": 1, "h_index": 1, "h5_index": 0, "mag_id": "2346658659", "num_publications": 1, "num_citations": 1, "num_publications_5y": 0, "num_citations_5y": 1, "num_publications_10y": 1, "num_citations_10y": 1, "publications_years": {"2013": 1}, "citations_years": {"2016": 1}, "old_citations": {"2013": 1}, "isVisible": false}, "2435273398": {"name": "mohamed jemli", "type": "author", "activity": 26, "h_index": 5, "h5_index": 1, "mag_id": "2435273398", "num_publications": 1, "num_citations": 3, "num_publications_5y": 0, "num_citations_5y": 3, "num_publications_10y": 1, "num_citations_10y": 3, "publications_years": {"2013": 1}, "citations_years": {"2015": 1, "2016": 1, "2017": 1}, "old_citations": {"2013": 3}, "isVisible": false}, "2442877559": {"name": "ezzedine ben braiek", "type": "author", "activity": 1, "h_index": 1, "h5_index": 0, "mag_id": "2442877559", "num_publications": 1, "num_citations": 1, "num_publications_5y": 0, "num_citations_5y": 1, "num_publications_10y": 1, "num_citations_10y": 1, "publications_years": {"2013": 1}, "citations_years": {"2016": 1}, "old_citations": {"2013": 1}, "isVisible": false}, "2460726415": {"name": "baraa jebali", "type": "author", "activity": 5, "h_index": 1, "h5_index": 0, "mag_id": "2460726415", "num_publications": 1, "num_citations": 4, "num_publications_5y": 0, "num_citations_5y": 4, "num_publications_10y": 1, "num_citations_10y": 4, "publications_years": {"2013": 1}, "citations_years": {"2015": 2, "2016": 0, "2017": 1, "2018": 1}, "old_citations": {"2013": 4}, "isVisible": false}, "2474113167": {"name": "fathi essalmi", "type": "author", "activity": 14, "h_index": 8, "h5_index": 4, "mag_id": "2474113167", "num_publications": 1, "num_citations": 5, "num_publications_5y": 0, "num_citations_5y": 4, "num_publications_10y": 1, "num_citations_10y": 4, "publications_years": {"2013": 1}, "citations_years": {"2014": 1, "2015": 1, "2016": 1, "2017": 1, "2018": 0, "2019": 1}, "old_citations": {"2013": 5}, "isVisible": false}, "2484805842": {"name": "karim hassan", "type": "author", "activity": 1, "h_index": 1, "h5_index": 0, "mag_id": "2484805842", "num_publications": 1, "num_citations": 1, "num_publications_5y": 0, "num_citations_5y": 1, "num_publications_10y": 1, "num_citations_10y": 1, "publications_years": {"2013": 1}, "citations_years": {"2014": 1}, "old_citations": {"2013": 1}, "isVisible": false}, "2625779039": {"name": "sabeur abid", "type": "author", "activity": 1, "h_index": 1, "h5_index": 0, "mag_id": "2625779039", "num_publications": 1, "num_citations": 7, "num_publications_5y": 0, "num_citations_5y": 6, "num_publications_10y": 1, "num_citations_10y": 7, "publications_years": {"2013": 1}, "citations_years": {"2013": 1, "2014": 3, "2015": 3}, "old_citations": {"2013": 7}, "isVisible": false}, "2661147749": {"name": "a kacem", "type": "author", "activity": 1, "h_index": 1, "h5_index": 0, "mag_id": "2661147749", "num_publications": 1, "num_citations": 1, "num_publications_5y": 0, "num_citations_5y": 1, "num_publications_10y": 1, "num_citations_10y": 1, "publications_years": {"2013": 1}, "citations_years": {"2014": 1}, "old_citations": {"2013": 1}, "isVisible": false}, "2662942953": {"name": "n aouadi", "type": "author", "activity": 1, "h_index": 1, "h5_index": 0, "mag_id": "2662942953", "num_publications": 1, "num_citations": 1, "num_publications_5y": 0, "num_citations_5y": 1, "num_publications_10y": 1, "num_citations_10y": 1, "publications_years": {"2013": 1}, "citations_years": {"2014": 1}, "old_citations": {"2013": 1}, "isVisible": false}, "2683685503": {"name": "hassen seddik", "type": "author", "activity": 0, "h_index": 0, "h5_index": 0, "mag_id": "2683685503", "num_publications": 1, "num_citations": 0, "num_publications_5y": 0, "num_citations_5y": 0, "num_publications_10y": 1, "num_citations_10y": 0, "publications_years": {"2013": 1}, "citations_years": {}, "old_citations": {"2013": 4}, "isVisible": false}, "2713981396": {"name": "seddik hassene", "type": "author", "activity": 1, "h_index": 1, "h5_index": 0, "mag_id": "2713981396", "num_publications": 1, "num_citations": 2, "num_publications_5y": 0, "num_citations_5y": 1, "num_publications_10y": 1, "num_citations_10y": 2, "publications_years": {"2013": 1}, "citations_years": {"2013": 1, "2014": 0, "2015": 0, "2016": 0, "2017": 1}, "old_citations": {"2013": 2}, "isVisible": false}, "2754506831": {"name": "xianyi zeng", "type": "author", "activity": 1, "h_index": 0, "h5_index": 0, "mag_id": "2754506831", "num_publications": 1, "num_citations": 0, "num_publications_5y": 0, "num_citations_5y": 0, "num_publications_10y": 1, "num_citations_10y": 0, "publications_years": {"2013": 1}, "citations_years": {}, "old_citations": {"2013": 0}, "isVisible": false}, "2777283510": {"name": "patrice dalle", "type": "author", "activity": 2, "h_index": 1, "h5_index": 0, "mag_id": "2777283510", "num_publications": 1, "num_citations": 4, "num_publications_5y": 0, "num_citations_5y": 4, "num_publications_10y": 1, "num_citations_10y": 4, "publications_years": {"2013": 1}, "citations_years": {"2015": 1, "2016": 0, "2017": 1, "2018": 2}, "old_citations": {"2013": 4}, "isVisible": false}, "2955462511": {"name": "hechmi ben azza", "type": "author", "activity": 11, "h_index": 3, "h5_index": 1, "mag_id": "2955462511", "num_publications": 1, "num_citations": 3, "num_publications_5y": 0, "num_citations_5y": 3, "num_publications_10y": 1, "num_citations_10y": 3, "publications_years": {"2013": 1}, "citations_years": {"2015": 1, "2016": 1, "2017": 1}, "old_citations": {"2013": 3}, "isVisible": false}}, "countries": {"Tunisia": {"name": "Tunisia", "type": "country", "h5_index": 26, "num_publications": 17, "num_citations": 33, "num_publications_5y": 0, "num_citations_5y": 25, "num_publications_10y": 17, "num_citations_10y": 26, "publications_years": {"2013": 17}, "citations_years": {"2015": 10, "2016": 4, "2017": 4, "2018": 3, "2019": 6, "2020": 1, "2013": 1, "2014": 4}, "old_citations": {"2013": 33}, "isVisible": false}, "France": {"name": "France", "type": "country", "h5_index": 99, "num_publications": 5, "num_citations": 21, "num_publications_5y": 0, "num_citations_5y": 20, "num_publications_10y": 5, "num_citations_10y": 21, "publications_years": {"2013": 5}, "citations_years": {"2015": 6, "2016": 2, "2017": 4, "2018": 3, "2014": 5, "2013": 1}, "old_citations": {"2013": 21}, "isVisible": false}}}, "conference_comparison": {"computer science": {}}, "topics_dna": {"publications": {}, "citations": {"normalized": {}, "average": {}}}, "info": {"num_publications": 32, "num_citations": 87.0, "impact_factor": {}, "publications_years": {"2013": 32}, "citations_years": {"2013": 8, "2014": 13, "2015": 20, "2016": 8, "2017": 13, "2018": 9, "2019": 10, "2020": 2}, "old_citations": {"2013": 87}, "h5_index": 0}, "percentile": {"computer science": {"2013": 64}}, "conference_ranking": {"computer science": {"2013": 1502}}, "academia": {"num_publications": 17, "num_citations": 33, "publications_years": {"2013": 17}, "old_citations": {"2013": 33}, "num_publications_5y": 0, "num_citations_5y": 0, "num_publications_10y": 17, "num_citations_10y": 33}, "industry": {"num_publications": 0, "num_citations": 0, "publications_years": {}, "old_citations": {}, "num_publications_5y": 0, "num_citations_5y": 0, "num_publications_10y": 0, "num_citations_10y": 0}, "collaborative": {"num_publications": 0, "num_citations": 0, "publications_years": {}, "old_citations": {}, "num_publications_5y": 0, "num_citations_5y": 0, "num_publications_10y": 0, "num_citations_10y": 0}, "conferences": {}, "journals": {}, "organizations": {"publication_overall": ["Tunis University", "\u00c9cole Normale Sup\u00e9rieure", "University of Monastir", "University of Carthage", "University of Sousse", "University of Toulouse"], "citation_overall": ["Tunis University", "\u00c9cole Normale Sup\u00e9rieure", "University of Carthage", "University of Toulouse", "University of Monastir", "University of Sousse"], "publication_10_years": ["Tunis University", "\u00c9cole Normale Sup\u00e9rieure", "University of Monastir", "University of Carthage", "University of Sousse", "University of Toulouse"], "citation_10_years": ["Tunis University", "\u00c9cole Normale Sup\u00e9rieure", "University of Carthage", "University of Toulouse", "University of Monastir", "University of Sousse"], "publication_5_years": [], "citation_5_years": []}, "countries": {"publication_overall": ["Tunisia", "France"], "citation_overall": ["Tunisia", "France"], "publication_10_years": ["Tunisia", "France"], "citation_10_years": ["Tunisia", "France"], "publication_5_years": [], "citation_5_years": []}, "topics": {"publication_overall": ["computer science", "computer systems", "artificial intelligence", "mathematics", "machine learning", "computer imaging and vision", "database systems", "computer networks", "engineering", "image processing", "signal processing", "communication systems", "linguistics", "pattern recognition", "telecommunication systems", "wireless telecommunication systems", "correlation analysis", "image analysis", "image segmentation", "internet"], "citation_overall": ["computer science", "mathematics", "computer systems", "computer imaging and vision", "artificial intelligence", "image processing", "correlation analysis", "machine learning", "database systems", "computer networks", "pattern recognition", "image analysis", "image segmentation", "linguistics", "engineering", "communication systems", "image quality", "telecommunication systems", "wireless telecommunication systems", "color image processing"], "publication_10_years": ["computer science", "computer systems", "artificial intelligence", "mathematics", "machine learning", "computer imaging and vision", "database systems", "computer networks", "engineering", "image processing", "signal processing", "communication systems", "linguistics", "pattern recognition", "telecommunication systems", "wireless telecommunication systems", "correlation analysis", "image analysis", "image segmentation", "internet"], "citation_10_years": ["computer science", "mathematics", "computer systems", "computer imaging and vision", "artificial intelligence", "image processing", "correlation analysis", "machine learning", "database systems", "computer networks", "pattern recognition", "image analysis", "image segmentation", "linguistics", "engineering", "communication systems", "image quality", "telecommunication systems", "wireless telecommunication systems", "color image processing"], "publication_5_years": [], "citation_5_years": []}, "main_topics": ["computer science"], "authors": {"publication_overall": ["700021278", "2013921825", "2512609829", "2132811524", "2516162367", "34585664", "256907827", "265450761", "294477216", "318836636", "763146871", "1221562873", "1759972310", "1983359089", "1996824275", "2001017455", "2003175067", "2018417732", "2020518640", "2028352719", "2054537067", "2061158957", "2070175785", "2102665040", "2104811512", "2106749581", "2110036897", "2115524970", "2159966078", "2171843483", "2172829458", "2222082368", "2222723771", "2223102889", "2224202639", "2225482573", "2225897658", "2225965675", "2226459468", "2227091880", "2227245798", "2227717591", "2228468414", "2229376601", "2229626091", "2231241676", "2231251390", "2235840997", "2235972474", "2255741426", "2290344158", "2302771956", "2302929360", "2304814118", "2306037403", "2306607561", "2311886966", "2336487613", "2340998508", "2346658659", "2435273398", "2442877559", "2460726415", "2474113167", "2484805842", "2625779039", "2661147749", "2662942953", "2683685503", "2713981396", "2754506831", "2777283510", "2955462511"], "citation_overall": ["700021278", "2512609829", "2013921825", "2304814118", "2306037403", "294477216", "2227245798", "2306607561", "2625779039", "2302929360", "2516162367", "2001017455", "2028352719", "2171843483", "2227717591", "2474113167", "2054537067", "2106749581", "2172829458", "2222723771", "2340998508", "2460726415", "2683685503", "2777283510", "265450761", "1759972310", "1983359089", "2018417732", "2061158957", "2110036897", "2225482573", "2225965675", "2435273398", "2955462511", "2070175785", "2222082368", "2223102889", "2224202639", "2231241676", "2255741426", "2290344158", "2713981396", "34585664", "2115524970", "2132811524", "2159966078", "2225897658", "2235840997", "2235972474", "2336487613", "2346658659", "2442877559", "2484805842", "2661147749", "2662942953", "256907827", "318836636", "763146871", "1221562873", "1996824275", "2003175067", "2020518640", "2102665040", "2104811512", "2226459468", "2227091880", "2228468414", "2229376601", "2229626091", "2231251390", "2302771956", "2311886966", "2754506831"], "publication_10_years": ["700021278", "2013921825", "2512609829", "2132811524", "2516162367", "34585664", "256907827", "265450761", "294477216", "318836636", "763146871", "1221562873", "1759972310", "1983359089", "1996824275", "2001017455", "2003175067", "2018417732", "2020518640", "2028352719", "2054537067", "2061158957", "2070175785", "2102665040", "2104811512", "2106749581", "2110036897", "2115524970", "2159966078", "2171843483", "2172829458", "2222082368", "2222723771", "2223102889", "2224202639", "2225482573", "2225897658", "2225965675", "2226459468", "2227091880", "2227245798", "2227717591", "2228468414", "2229376601", "2229626091", "2231241676", "2231251390", "2235840997", "2235972474", "2255741426", "2290344158", "2302771956", "2302929360", "2304814118", "2306037403", "2306607561", "2311886966", "2336487613", "2340998508", "2346658659", "2435273398", "2442877559", "2460726415", "2474113167", "2484805842", "2625779039", "2661147749", "2662942953", "2683685503", "2713981396", "2754506831", "2777283510", "2955462511"], "citation_10_years": ["700021278", "2512609829", "2013921825", "2304814118", "2306037403", "294477216", "2227245798", "2306607561", "2625779039", "2302929360", "2516162367", "2001017455", "2028352719", "2171843483", "2227717591", "2474113167", "2054537067", "2106749581", "2172829458", "2222723771", "2340998508", "2460726415", "2683685503", "2777283510", "265450761", "1759972310", "1983359089", "2018417732", "2061158957", "2110036897", "2225482573", "2225965675", "2435273398", "2955462511", "2070175785", "2222082368", "2223102889", "2224202639", "2231241676", "2255741426", "2290344158", "2713981396", "34585664", "2115524970", "2132811524", "2159966078", "2225897658", "2235840997", "2235972474", "2336487613", "2346658659", "2442877559", "2484805842", "2661147749", "2662942953", "256907827", "318836636", "763146871", "1221562873", "1996824275", "2003175067", "2020518640", "2102665040", "2104811512", "2226459468", "2227091880", "2228468414", "2229376601", "2229626091", "2231251390", "2302771956", "2311886966", "2754506831"], "publication_5_years": [], "citation_5_years": []}, "industrial_sectors": {"publication_overall": [], "citation_overall": [], "publication_10_years": [], "citation_10_years": [], "publication_5_years": [], "citation_5_years": []}}