{"name": "IEEE Canada International Humanitarian Technology Conference", "acronym": "IHTC", "type": "conference", "uniqueEntities": {"organizations": {"Ryerson University": {"name": "Ryerson University", "type": "organization", "organization_type": "Education", "h_index": 67, "h5_index": 28, "num_publications": 9, "num_citations": 16, "num_publications_5y": 9, "num_citations_5y": 12, "num_publications_10y": 9, "num_citations_10y": 12, "publications_years": {"2017": 7, "2015": 2}, "citations_years": {"2017": 5, "2019": 4, "2018": 6, "2015": 1, "2016": 0}, "old_citations": {"2017": 4, "2015": 12}, "isVisible": false}, "University of Guelph": {"name": "University of Guelph", "type": "organization", "organization_type": "Education", "h_index": 69, "h5_index": 24, "num_publications": 3, "num_citations": 4, "num_publications_5y": 3, "num_citations_5y": 2, "num_publications_10y": 3, "num_citations_10y": 2, "publications_years": {"2017": 2, "2014": 1}, "citations_years": {"2018": 1, "2019": 2, "2017": 1}, "old_citations": {"2017": 2, "2014": 2}, "isVisible": false}, "University of Ottawa": {"name": "University of Ottawa", "type": "organization", "organization_type": "Education", "h_index": 124, "h5_index": 33, "num_publications": 2, "num_citations": 1, "num_publications_5y": 2, "num_citations_5y": 1, "num_publications_10y": 2, "num_citations_10y": 1, "publications_years": {"2015": 2}, "citations_years": {"2018": 1}, "old_citations": {"2015": 1}, "isVisible": false}, "University of Waterloo": {"name": "University of Waterloo", "type": "organization", "organization_type": "Education", "h_index": 185, "h5_index": 58, "num_publications": 2, "num_citations": 6, "num_publications_5y": 2, "num_citations_5y": 3, "num_publications_10y": 2, "num_citations_10y": 3, "publications_years": {"2014": 2}, "citations_years": {"2016": 1, "2017": 2, "2018": 0, "2019": 1, "2020": 2}, "old_citations": {"2014": 6}, "isVisible": false}, "Amrita Vishwa Vidyapeetham University": {"name": "Amrita Vishwa Vidyapeetham University", "type": "organization", "organization_type": "Education", "h_index": 31, "h5_index": 18, "num_publications": 1, "num_citations": 8, "num_publications_5y": 1, "num_citations_5y": 6, "num_publications_10y": 1, "num_citations_10y": 6, "publications_years": {"2014": 1}, "citations_years": {"2017": 3, "2018": 3, "2019": 1, "2020": 1}, "old_citations": {"2014": 8}, "isVisible": false}, "Bharati Vidyapeeth Deemed University": {"name": "Bharati Vidyapeeth Deemed University", "type": "organization", "organization_type": "Education", "h_index": 5, "h5_index": 2, "num_publications": 1, "num_citations": 1, "num_publications_5y": 1, "num_citations_5y": 1, "num_publications_10y": 1, "num_citations_10y": 1, "publications_years": {"2015": 1}, "citations_years": {"2016": 1}, "old_citations": {"2015": 1}, "isVisible": false}, "Birla Institute of Technology and Science, Pilani": {"name": "Birla Institute of Technology and Science, Pilani", "type": "organization", "organization_type": "Education", "h_index": 37, "h5_index": 19, "num_publications": 1, "num_citations": 1, "num_publications_5y": 1, "num_citations_5y": 0, "num_publications_10y": 1, "num_citations_10y": 0, "publications_years": {"2017": 1}, "citations_years": {"2019": 1}, "old_citations": {"2017": 1}, "isVisible": false}, "Defence Research and Development Canada": {"name": "Defence Research and Development Canada", "type": "organization", "organization_type": "Government", "h_index": 29, "h5_index": 6, "num_publications": 1, "num_citations": 0, "num_publications_5y": 1, "num_citations_5y": 0, "num_publications_10y": 1, "num_citations_10y": 0, "publications_years": {"2015": 1}, "citations_years": {}, "old_citations": {"2015": 0}, "isVisible": false}, "Fukuoka University": {"name": "Fukuoka University", "type": "organization", "organization_type": "Education", "h_index": 17, "h5_index": 6, "num_publications": 1, "num_citations": 1, "num_publications_5y": 1, "num_citations_5y": 0, "num_publications_10y": 1, "num_citations_10y": 0, "publications_years": {"2014": 1}, "citations_years": {"2019": 1}, "old_citations": {"2014": 1}, "isVisible": false}, "Hungarian Academy of Sciences": {"name": "Hungarian Academy of Sciences", "type": "organization", "organization_type": "Government", "h_index": 74, "h5_index": 20, "num_publications": 1, "num_citations": 1, "num_publications_5y": 1, "num_citations_5y": 1, "num_publications_10y": 1, "num_citations_10y": 1, "publications_years": {"2014": 1}, "citations_years": {"2017": 1}, "old_citations": {"2014": 1}, "isVisible": false}, "Khalifa University of Science and Technology": {"name": "Khalifa University of Science and Technology", "type": "organization", "organization_type": "Education", "h_index": 40, "h5_index": 30, "num_publications": 1, "num_citations": 0, "num_publications_5y": 1, "num_citations_5y": 0, "num_publications_10y": 1, "num_citations_10y": 0, "publications_years": {"2014": 1}, "citations_years": {}, "old_citations": {"2014": 0}, "isVisible": false}, "King Saud University": {"name": "King Saud University", "type": "organization", "organization_type": "Education", "h_index": 70, "h5_index": 48, "num_publications": 1, "num_citations": 3, "num_publications_5y": 1, "num_citations_5y": 3, "num_publications_10y": 1, "num_citations_10y": 3, "publications_years": {"2014": 1}, "citations_years": {"2015": 2, "2016": 0, "2017": 1}, "old_citations": {"2014": 3}, "isVisible": false}, "Manipal University": {"name": "Manipal University", "type": "organization", "organization_type": "Education", "h_index": 18, "h5_index": 9, "num_publications": 1, "num_citations": 2, "num_publications_5y": 1, "num_citations_5y": 2, "num_publications_10y": 1, "num_citations_10y": 2, "publications_years": {"2014": 1}, "citations_years": {"2017": 2}, "old_citations": {"2014": 2}, "isVisible": false}, "McGill University": {"name": "McGill University", "type": "organization", "organization_type": "Education", "h_index": 142, "h5_index": 47, "num_publications": 1, "num_citations": 4, "num_publications_5y": 1, "num_citations_5y": 4, "num_publications_10y": 1, "num_citations_10y": 4, "publications_years": {"2014": 1}, "citations_years": {"2014": 1, "2015": 1, "2016": 1, "2017": 0, "2018": 1}, "old_citations": {"2014": 4}, "isVisible": false}, "National Institute of Technology Karnataka": {"name": "National Institute of Technology Karnataka", "type": "organization", "organization_type": "Education", "h_index": 25, "h5_index": 13, "num_publications": 1, "num_citations": 1, "num_publications_5y": 1, "num_citations_5y": 1, "num_publications_10y": 1, "num_citations_10y": 1, "publications_years": {"2014": 1}, "citations_years": {"2016": 1}, "old_citations": {"2014": 1}, "isVisible": false}, "National University of Engineering": {"name": "National University of Engineering", "type": "organization", "organization_type": "Education", "h_index": 6, "h5_index": 3, "num_publications": 1, "num_citations": 0, "num_publications_5y": 1, "num_citations_5y": 0, "num_publications_10y": 1, "num_citations_10y": 0, "publications_years": {"2017": 1}, "citations_years": {}, "old_citations": {"2017": 0}, "isVisible": false}, "Rutgers, The State University of New Jersey": {"name": "Rutgers, The State University of New Jersey", "type": "organization", "organization_type": "Education", "h_index": 218, "h5_index": 52, "num_publications": 1, "num_citations": 0, "num_publications_5y": 1, "num_citations_5y": 0, "num_publications_10y": 1, "num_citations_10y": 0, "publications_years": {"2014": 1}, "citations_years": {}, "old_citations": {"2014": 0}, "isVisible": false}, "St. Francis Xavier University": {"name": "St. Francis Xavier University", "type": "organization", "organization_type": "Education", "h_index": 43, "h5_index": 23, "num_publications": 1, "num_citations": 1, "num_publications_5y": 1, "num_citations_5y": 1, "num_publications_10y": 1, "num_citations_10y": 1, "publications_years": {"2015": 1}, "citations_years": {"2018": 1}, "old_citations": {"2015": 1}, "isVisible": false}, "Sunnybrook Health Science Centre": {"name": "Sunnybrook Health Science Centre", "type": "organization", "organization_type": "Healthcare", "h_index": 19, "h5_index": 7, "num_publications": 1, "num_citations": 0, "num_publications_5y": 1, "num_citations_5y": 0, "num_publications_10y": 1, "num_citations_10y": 0, "publications_years": {"2017": 1}, "citations_years": {}, "old_citations": {"2017": 0}, "isVisible": false}, "University of Bradford": {"name": "University of Bradford", "type": "organization", "organization_type": "Education", "h_index": 57, "h5_index": 17, "num_publications": 1, "num_citations": 0, "num_publications_5y": 1, "num_citations_5y": 0, "num_publications_10y": 1, "num_citations_10y": 0, "publications_years": {"2014": 1}, "citations_years": {}, "old_citations": {"2014": 0}, "isVisible": false}, "University of Notre Dame": {"name": "University of Notre Dame", "type": "organization", "organization_type": "Education", "h_index": 122, "h5_index": 39, "num_publications": 1, "num_citations": 0, "num_publications_5y": 1, "num_citations_5y": 0, "num_publications_10y": 1, "num_citations_10y": 0, "publications_years": {"2014": 1}, "citations_years": {}, "old_citations": {"2014": 0}, "isVisible": false}, "University of Ontario Institute of Technology": {"name": "University of Ontario Institute of Technology", "type": "organization", "organization_type": "Education", "h_index": 62, "h5_index": 24, "num_publications": 1, "num_citations": 2, "num_publications_5y": 1, "num_citations_5y": 1, "num_publications_10y": 1, "num_citations_10y": 1, "publications_years": {"2017": 1}, "citations_years": {"2018": 1, "2019": 1}, "old_citations": {"2017": 2}, "isVisible": false}, "University of Sharjah": {"name": "University of Sharjah", "type": "organization", "organization_type": "Education", "h_index": 28, "h5_index": 13, "num_publications": 1, "num_citations": 0, "num_publications_5y": 1, "num_citations_5y": 0, "num_publications_10y": 1, "num_citations_10y": 0, "publications_years": {"2014": 1}, "citations_years": {}, "old_citations": {"2014": 0}, "isVisible": false}, "University of Technology Malaysia": {"name": "University of Technology Malaysia", "type": "organization", "organization_type": "Education", "h_index": 61, "h5_index": 33, "num_publications": 1, "num_citations": 2, "num_publications_5y": 1, "num_citations_5y": 2, "num_publications_10y": 1, "num_citations_10y": 2, "publications_years": {"2014": 1}, "citations_years": {"2016": 1, "2017": 1}, "old_citations": {"2014": 2}, "isVisible": false}, "University of Toronto": {"name": "University of Toronto", "type": "organization", "organization_type": "Education", "h_index": 278, "h5_index": 73, "num_publications": 1, "num_citations": 3, "num_publications_5y": 1, "num_citations_5y": 1, "num_publications_10y": 1, "num_citations_10y": 1, "publications_years": {"2017": 1}, "citations_years": {"2017": 1, "2018": 0, "2019": 2}, "old_citations": {"2017": 3}, "isVisible": false}, "Vellore Institute of Technology University": {"name": "Vellore Institute of Technology University", "type": "organization", "organization_type": "Education", "h_index": 45, "h5_index": 40, "num_publications": 1, "num_citations": 0, "num_publications_5y": 1, "num_citations_5y": 0, "num_publications_10y": 1, "num_citations_10y": 0, "publications_years": {"2014": 1}, "citations_years": {}, "old_citations": {"2014": 0}, "isVisible": false}}, "topics": {"computer science": {"name": "computer science", "type": "topic", "h_index": 1779, "h5_index": 416, "num_publications": 35, "num_citations": 62, "num_publications_5y": 35, "num_citations_5y": 48, "num_publications_10y": 35, "num_citations_10y": 48, "publications_years": {"2014": 19, "2017": 11, "2015": 5}, "citations_years": {"2018": 12, "2019": 11, "2016": 10, "2017": 18, "2020": 3, "2014": 2, "2015": 6}, "old_citations": {"2014": 39, "2017": 9, "2015": 14}, "isVisible": false}, "computer systems": {"name": "computer systems", "type": "topic", "h_index": 1595, "h5_index": 367, "num_publications": 30, "num_citations": 57, "num_publications_5y": 30, "num_citations_5y": 46, "num_publications_10y": 30, "num_citations_10y": 46, "publications_years": {"2014": 18, "2017": 8, "2015": 4}, "citations_years": {"2018": 11, "2019": 8, "2016": 10, "2017": 17, "2020": 3, "2014": 2, "2015": 6}, "old_citations": {"2014": 39, "2017": 5, "2015": 13}, "isVisible": false}, "computer networks": {"name": "computer networks", "type": "topic", "h_index": 1262, "h5_index": 332, "num_publications": 25, "num_citations": 44, "num_publications_5y": 25, "num_citations_5y": 36, "num_publications_10y": 25, "num_citations_10y": 36, "publications_years": {"2014": 14, "2017": 8, "2015": 3}, "citations_years": {"2018": 10, "2019": 7, "2016": 7, "2017": 13, "2015": 5, "2020": 1, "2014": 1}, "old_citations": {"2014": 27, "2017": 5, "2015": 12}, "isVisible": false}, "computer hardware": {"name": "computer hardware", "type": "topic", "h_index": 1150, "h5_index": 279, "num_publications": 22, "num_citations": 36, "num_publications_5y": 22, "num_citations_5y": 30, "num_publications_10y": 22, "num_citations_10y": 30, "publications_years": {"2014": 13, "2017": 7, "2015": 2}, "citations_years": {"2018": 10, "2019": 5, "2016": 5, "2017": 10, "2014": 2, "2015": 3, "2020": 1}, "old_citations": {"2014": 22, "2017": 4, "2015": 10}, "isVisible": false}, "telecommunication systems": {"name": "telecommunication systems", "type": "topic", "h_index": 1187, "h5_index": 277, "num_publications": 22, "num_citations": 38, "num_publications_5y": 22, "num_citations_5y": 31, "num_publications_10y": 22, "num_citations_10y": 31, "publications_years": {"2014": 12, "2017": 7, "2015": 3}, "citations_years": {"2018": 9, "2019": 6, "2016": 5, "2017": 11, "2015": 5, "2020": 1, "2014": 1}, "old_citations": {"2014": 22, "2017": 4, "2015": 12}, "isVisible": false}, "communication systems": {"name": "communication systems", "type": "topic", "h_index": 1092, "h5_index": 254, "num_publications": 21, "num_citations": 35, "num_publications_5y": 21, "num_citations_5y": 28, "num_publications_10y": 21, "num_citations_10y": 28, "publications_years": {"2014": 11, "2017": 7, "2015": 3}, "citations_years": {"2018": 9, "2019": 6, "2016": 5, "2017": 10, "2015": 3, "2020": 1, "2014": 1}, "old_citations": {"2014": 19, "2017": 4, "2015": 12}, "isVisible": false}, "wireless telecommunication systems": {"name": "wireless telecommunication systems", "type": "topic", "h_index": 1087, "h5_index": 254, "num_publications": 21, "num_citations": 35, "num_publications_5y": 21, "num_citations_5y": 28, "num_publications_10y": 21, "num_citations_10y": 28, "publications_years": {"2014": 11, "2017": 7, "2015": 3}, "citations_years": {"2018": 9, "2019": 6, "2016": 5, "2017": 10, "2015": 3, "2020": 1, "2014": 1}, "old_citations": {"2014": 19, "2017": 4, "2015": 12}, "isVisible": false}, "data communication systems": {"name": "data communication systems", "type": "topic", "h_index": 1013, "h5_index": 234, "num_publications": 20, "num_citations": 38, "num_publications_5y": 20, "num_citations_5y": 31, "num_publications_10y": 20, "num_citations_10y": 31, "publications_years": {"2014": 10, "2017": 7, "2015": 3}, "citations_years": {"2018": 9, "2019": 6, "2016": 5, "2017": 11, "2015": 5, "2020": 1, "2014": 1}, "old_citations": {"2014": 22, "2017": 4, "2015": 12}, "isVisible": false}, "engineering": {"name": "engineering", "type": "topic", "h_index": 1177, "h5_index": 287, "num_publications": 20, "num_citations": 31, "num_publications_5y": 20, "num_citations_5y": 21, "num_publications_10y": 20, "num_citations_10y": 21, "publications_years": {"2014": 11, "2017": 8, "2015": 1}, "citations_years": {"2018": 6, "2019": 7, "2017": 9, "2016": 4, "2020": 3, "2014": 1, "2015": 1}, "old_citations": {"2014": 25, "2017": 6, "2015": 0}, "isVisible": false}, "telecommunication networks": {"name": "telecommunication networks", "type": "topic", "h_index": 1116, "h5_index": 258, "num_publications": 20, "num_citations": 38, "num_publications_5y": 20, "num_citations_5y": 31, "num_publications_10y": 20, "num_citations_10y": 31, "publications_years": {"2014": 11, "2017": 7, "2015": 2}, "citations_years": {"2018": 9, "2019": 6, "2016": 5, "2017": 11, "2015": 5, "2020": 1, "2014": 1}, "old_citations": {"2014": 22, "2017": 4, "2015": 12}, "isVisible": false}, "artificial intelligence": {"name": "artificial intelligence", "type": "topic", "h_index": 1421, "h5_index": 373, "num_publications": 18, "num_citations": 24, "num_publications_5y": 18, "num_citations_5y": 15, "num_publications_10y": 18, "num_citations_10y": 15, "publications_years": {"2014": 9, "2017": 5, "2015": 4}, "citations_years": {"2017": 5, "2018": 1, "2019": 7, "2016": 5, "2020": 2, "2015": 3, "2014": 1}, "old_citations": {"2014": 16, "2017": 4, "2015": 4}, "isVisible": false}, "sensors": {"name": "sensors", "type": "topic", "h_index": 960, "h5_index": 229, "num_publications": 18, "num_citations": 34, "num_publications_5y": 18, "num_citations_5y": 28, "num_publications_10y": 18, "num_citations_10y": 28, "publications_years": {"2014": 9, "2017": 7, "2015": 2}, "citations_years": {"2018": 10, "2019": 5, "2017": 9, "2014": 2, "2015": 3, "2016": 4, "2020": 1}, "old_citations": {"2014": 20, "2017": 4, "2015": 10}, "isVisible": false}, "signal processing": {"name": "signal processing", "type": "topic", "h_index": 1012, "h5_index": 255, "num_publications": 18, "num_citations": 28, "num_publications_5y": 18, "num_citations_5y": 20, "num_publications_10y": 18, "num_citations_10y": 20, "publications_years": {"2014": 9, "2017": 8, "2015": 1}, "citations_years": {"2018": 6, "2019": 5, "2017": 8, "2016": 4, "2020": 3, "2014": 1, "2015": 1}, "old_citations": {"2014": 22, "2017": 6, "2015": 0}, "isVisible": false}, "communication channels (information theory)": {"name": "communication channels (information theory)", "type": "topic", "h_index": 925, "h5_index": 216, "num_publications": 16, "num_citations": 22, "num_publications_5y": 16, "num_citations_5y": 17, "num_publications_10y": 16, "num_citations_10y": 17, "publications_years": {"2014": 9, "2017": 6, "2015": 1}, "citations_years": {"2018": 4, "2019": 4, "2016": 4, "2017": 6, "2020": 1, "2014": 1, "2015": 2}, "old_citations": {"2014": 18, "2017": 4, "2015": 0}, "isVisible": false}, "human computer interaction": {"name": "human computer interaction", "type": "topic", "h_index": 934, "h5_index": 215, "num_publications": 14, "num_citations": 37, "num_publications_5y": 14, "num_citations_5y": 31, "num_publications_10y": 14, "num_citations_10y": 31, "publications_years": {"2014": 9, "2017": 3, "2015": 2}, "citations_years": {"2017": 11, "2018": 8, "2019": 5, "2016": 7, "2015": 4, "2020": 1, "2014": 1}, "old_citations": {"2014": 23, "2017": 3, "2015": 11}, "isVisible": false}, "mobile computing": {"name": "mobile computing", "type": "topic", "h_index": 664, "h5_index": 170, "num_publications": 14, "num_citations": 24, "num_publications_5y": 14, "num_citations_5y": 18, "num_publications_10y": 14, "num_citations_10y": 18, "publications_years": {"2014": 9, "2017": 4, "2015": 1}, "citations_years": {"2018": 4, "2019": 5, "2016": 5, "2017": 5, "2015": 3, "2020": 1, "2014": 1}, "old_citations": {"2014": 19, "2017": 3, "2015": 2}, "isVisible": false}, "mobile devices": {"name": "mobile devices", "type": "topic", "h_index": 594, "h5_index": 156, "num_publications": 12, "num_citations": 21, "num_publications_5y": 12, "num_citations_5y": 17, "num_publications_10y": 12, "num_citations_10y": 17, "publications_years": {"2014": 9, "2017": 2, "2015": 1}, "citations_years": {"2016": 5, "2017": 5, "2015": 3, "2018": 3, "2019": 3, "2020": 1, "2014": 1}, "old_citations": {"2014": 19, "2017": 0, "2015": 2}, "isVisible": false}, "telecommunication traffic": {"name": "telecommunication traffic", "type": "topic", "h_index": 1036, "h5_index": 233, "num_publications": 12, "num_citations": 26, "num_publications_5y": 12, "num_citations_5y": 21, "num_publications_10y": 12, "num_citations_10y": 21, "publications_years": {"2014": 6, "2017": 5, "2015": 1}, "citations_years": {"2018": 9, "2019": 4, "2017": 10, "2015": 2, "2016": 0, "2020": 1}, "old_citations": {"2014": 12, "2017": 4, "2015": 10}, "isVisible": false}, "database systems": {"name": "database systems", "type": "topic", "h_index": 1167, "h5_index": 276, "num_publications": 11, "num_citations": 25, "num_publications_5y": 11, "num_citations_5y": 20, "num_publications_10y": 11, "num_citations_10y": 20, "publications_years": {"2014": 7, "2017": 2, "2015": 2}, "citations_years": {"2016": 7, "2017": 5, "2018": 2, "2019": 3, "2020": 2, "2014": 2, "2015": 4}, "old_citations": {"2014": 21, "2017": 1, "2015": 3}, "isVisible": false}, "mobile telecommunication systems": {"name": "mobile telecommunication systems", "type": "topic", "h_index": 732, "h5_index": 170, "num_publications": 11, "num_citations": 21, "num_publications_5y": 11, "num_citations_5y": 16, "num_publications_10y": 11, "num_citations_10y": 16, "publications_years": {"2014": 7, "2017": 4}, "citations_years": {"2018": 4, "2019": 4, "2016": 4, "2017": 5, "2020": 1, "2014": 1, "2015": 2}, "old_citations": {"2014": 18, "2017": 3}, "isVisible": false}, "user interfaces": {"name": "user interfaces", "type": "topic", "h_index": 845, "h5_index": 182, "num_publications": 11, "num_citations": 33, "num_publications_5y": 11, "num_citations_5y": 29, "num_publications_10y": 11, "num_citations_10y": 29, "publications_years": {"2014": 7, "2017": 2, "2015": 2}, "citations_years": {"2016": 7, "2017": 9, "2015": 4, "2019": 3, "2018": 8, "2020": 1, "2014": 1}, "old_citations": {"2014": 22, "2017": 0, "2015": 11}, "isVisible": false}, "software": {"name": "software", "type": "topic", "h_index": 902, "h5_index": 167, "num_publications": 9, "num_citations": 24, "num_publications_5y": 9, "num_citations_5y": 22, "num_publications_10y": 9, "num_citations_10y": 22, "publications_years": {"2014": 7, "2017": 1, "2015": 1}, "citations_years": {"2018": 6, "2019": 2, "2016": 6, "2017": 7, "2014": 1, "2015": 2}, "old_citations": {"2014": 12, "2017": 2, "2015": 10}, "isVisible": false}, "bandwidth": {"name": "bandwidth", "type": "topic", "h_index": 922, "h5_index": 201, "num_publications": 10, "num_citations": 16, "num_publications_5y": 10, "num_citations_5y": 12, "num_publications_10y": 10, "num_citations_10y": 12, "publications_years": {"2014": 5, "2017": 5}, "citations_years": {"2018": 4, "2019": 3, "2017": 6, "2015": 2, "2016": 0, "2020": 1}, "old_citations": {"2014": 12, "2017": 4}, "isVisible": false}, "economics": {"name": "economics", "type": "topic", "h_index": 583, "h5_index": 144, "num_publications": 8, "num_citations": 9, "num_publications_5y": 8, "num_citations_5y": 7, "num_publications_10y": 8, "num_citations_10y": 7, "publications_years": {"2014": 3, "2017": 4, "2015": 1}, "citations_years": {"2016": 1, "2017": 3, "2018": 2, "2019": 2, "2015": 1}, "old_citations": {"2014": 4, "2017": 3, "2015": 2}, "isVisible": false}, "local area networks": {"name": "local area networks", "type": "topic", "h_index": 677, "h5_index": 151, "num_publications": 7, "num_citations": 3, "num_publications_5y": 7, "num_citations_5y": 1, "num_publications_10y": 7, "num_citations_10y": 1, "publications_years": {"2014": 3, "2017": 4}, "citations_years": {"2018": 1, "2019": 2}, "old_citations": {"2014": 0, "2017": 3}, "isVisible": false}, "computer imaging and vision": {"name": "computer imaging and vision", "type": "topic", "h_index": 1142, "h5_index": 334, "num_publications": 10, "num_citations": 22, "num_publications_5y": 10, "num_citations_5y": 15, "num_publications_10y": 10, "num_citations_10y": 15, "publications_years": {"2014": 6, "2017": 3, "2015": 1}, "citations_years": {"2017": 9, "2018": 3, "2019": 4, "2016": 1, "2020": 3, "2015": 2}, "old_citations": {"2014": 18, "2017": 4, "2015": 0}, "isVisible": false}, "data mining": {"name": "data mining", "type": "topic", "h_index": 861, "h5_index": 196, "num_publications": 8, "num_citations": 13, "num_publications_5y": 8, "num_citations_5y": 10, "num_publications_10y": 8, "num_citations_10y": 10, "publications_years": {"2014": 5, "2017": 2, "2015": 1}, "citations_years": {"2017": 2, "2018": 1, "2019": 3, "2016": 4, "2014": 1, "2015": 2}, "old_citations": {"2014": 8, "2017": 4, "2015": 1}, "isVisible": false}, "image processing": {"name": "image processing", "type": "topic", "h_index": 1113, "h5_index": 328, "num_publications": 9, "num_citations": 19, "num_publications_5y": 9, "num_citations_5y": 12, "num_publications_10y": 9, "num_citations_10y": 12, "publications_years": {"2014": 5, "2017": 3, "2015": 1}, "citations_years": {"2017": 8, "2018": 3, "2019": 4, "2016": 1, "2020": 3}, "old_citations": {"2014": 15, "2017": 4, "2015": 0}, "isVisible": false}, "mathematics": {"name": "mathematics", "type": "topic", "h_index": 1364, "h5_index": 300, "num_publications": 8, "num_citations": 8, "num_publications_5y": 8, "num_citations_5y": 6, "num_publications_10y": 8, "num_citations_10y": 6, "publications_years": {"2014": 4, "2017": 3, "2015": 1}, "citations_years": {"2018": 2, "2019": 2, "2017": 1, "2014": 1, "2015": 1, "2016": 1}, "old_citations": {"2014": 4, "2017": 4, "2015": 0}, "isVisible": false}, "signal to noise ratio": {"name": "signal to noise ratio", "type": "topic", "h_index": 821, "h5_index": 194, "num_publications": 9, "num_citations": 8, "num_publications_5y": 9, "num_citations_5y": 6, "num_publications_10y": 9, "num_citations_10y": 6, "publications_years": {"2014": 4, "2017": 4, "2015": 1}, "citations_years": {"2018": 2, "2019": 2, "2017": 1, "2014": 1, "2015": 1, "2016": 1}, "old_citations": {"2014": 4, "2017": 4, "2015": 0}, "isVisible": false}}, "authors": {"2103366860": {"name": "sridhar krishnan", "type": "author", "activity": 25, "h_index": 23, "h5_index": 5, "mag_id": "2103366860", "num_publications": 4, "num_citations": 2, "num_publications_5y": 4, "num_citations_5y": 1, "num_publications_10y": 4, "num_citations_10y": 1, "publications_years": {"2017": 4}, "citations_years": {"2018": 1, "2019": 1}, "old_citations": {"2017": 2}, "isVisible": false}, "1277158253": {"name": "yashodhan athavale", "type": "author", "activity": 10, "h_index": 2, "h5_index": 1, "mag_id": "1277158253", "num_publications": 3, "num_citations": 2, "num_publications_5y": 3, "num_citations_5y": 1, "num_publications_10y": 3, "num_citations_10y": 1, "publications_years": {"2017": 3}, "citations_years": {"2018": 1, "2019": 1}, "old_citations": {"2017": 2}, "isVisible": false}, "2310084607": {"name": "salam ismaeel", "type": "author", "activity": 4, "h_index": 5, "h5_index": 3, "mag_id": "2310084607", "num_publications": 3, "num_citations": 12, "num_publications_5y": 3, "num_citations_5y": 10, "num_publications_10y": 3, "num_citations_10y": 10, "publications_years": {"2017": 1, "2015": 2}, "citations_years": {"2015": 1, "2016": 0, "2017": 4, "2018": 5, "2019": 2}, "old_citations": {"2017": 0, "2015": 12}, "isVisible": false}, "2132197357": {"name": "ali miri", "type": "author", "activity": 16, "h_index": 18, "h5_index": 4, "mag_id": "2132197357", "num_publications": 2, "num_citations": 12, "num_publications_5y": 2, "num_citations_5y": 10, "num_publications_10y": 2, "num_citations_10y": 10, "publications_years": {"2015": 2}, "citations_years": {"2015": 1, "2016": 0, "2017": 4, "2018": 5, "2019": 2}, "old_citations": {"2015": 12}, "isVisible": false}, "2308459833": {"name": "rozita dara", "type": "author", "activity": 18, "h_index": 6, "h5_index": 3, "mag_id": "2308459833", "num_publications": 2, "num_citations": 3, "num_publications_5y": 2, "num_citations_5y": 2, "num_publications_10y": 2, "num_citations_10y": 2, "publications_years": {"2017": 1, "2014": 1}, "citations_years": {"2018": 1, "2017": 1, "2019": 1}, "old_citations": {"2017": 1, "2014": 2}, "isVisible": false}, "125354079": {"name": "qusay h mahmoud", "type": "author", "activity": 22, "h_index": 23, "h5_index": 6, "mag_id": "125354079", "num_publications": 1, "num_citations": 2, "num_publications_5y": 1, "num_citations_5y": 1, "num_publications_10y": 1, "num_citations_10y": 1, "publications_years": {"2017": 1}, "citations_years": {"2018": 1, "2019": 1}, "old_citations": {"2017": 2}, "isVisible": false}, "211217146": {"name": "hosein marzi", "type": "author", "activity": 13, "h_index": 6, "h5_index": 1, "mag_id": "211217146", "num_publications": 1, "num_citations": 1, "num_publications_5y": 1, "num_citations_5y": 1, "num_publications_10y": 1, "num_citations_10y": 1, "publications_years": {"2015": 1}, "citations_years": {"2018": 1}, "old_citations": {"2015": 1}, "isVisible": false}, "212155906": {"name": "atena roshan fekr", "type": "author", "activity": 10, "h_index": 6, "h5_index": 2, "mag_id": "212155906", "num_publications": 1, "num_citations": 4, "num_publications_5y": 1, "num_citations_5y": 4, "num_publications_10y": 1, "num_citations_10y": 4, "publications_years": {"2014": 1}, "citations_years": {"2014": 1, "2015": 1, "2016": 1, "2017": 0, "2018": 1}, "old_citations": {"2014": 4}, "isVisible": false}, "218271669": {"name": "sandor turbucz", "type": "author", "activity": 3, "h_index": 2, "h5_index": 0, "mag_id": "218271669", "num_publications": 1, "num_citations": 1, "num_publications_5y": 1, "num_citations_5y": 1, "num_publications_10y": 1, "num_citations_10y": 1, "publications_years": {"2014": 1}, "citations_years": {"2017": 1}, "old_citations": {"2014": 1}, "isVisible": false}, "248768029": {"name": "vasily g moshnyaga", "type": "author", "activity": 28, "h_index": 12, "h5_index": 3, "mag_id": "248768029", "num_publications": 1, "num_citations": 1, "num_publications_5y": 1, "num_citations_5y": 0, "num_publications_10y": 1, "num_citations_10y": 0, "publications_years": {"2014": 1}, "citations_years": {"2019": 1}, "old_citations": {"2014": 1}, "isVisible": false}, "275487712": {"name": "rajesh kannan megalingam", "type": "author", "activity": 12, "h_index": 8, "h5_index": 4, "mag_id": "275487712", "num_publications": 1, "num_citations": 8, "num_publications_5y": 1, "num_citations_5y": 6, "num_publications_10y": 1, "num_citations_10y": 6, "publications_years": {"2014": 1}, "citations_years": {"2017": 3, "2018": 3, "2019": 1, "2020": 1}, "old_citations": {"2014": 8}, "isVisible": false}, "283444956": {"name": "alexander ferworn", "type": "author", "activity": 21, "h_index": 9, "h5_index": 1, "mag_id": "283444956", "num_publications": 1, "num_citations": 1, "num_publications_5y": 1, "num_citations_5y": 1, "num_publications_10y": 1, "num_citations_10y": 1, "publications_years": {"2017": 1}, "citations_years": {"2017": 1}, "old_citations": {"2017": 1}, "isVisible": false}, "309036809": {"name": "zeljko zilic", "type": "author", "activity": 30, "h_index": 26, "h5_index": 5, "mag_id": "309036809", "num_publications": 1, "num_citations": 4, "num_publications_5y": 1, "num_citations_5y": 4, "num_publications_10y": 1, "num_citations_10y": 4, "publications_years": {"2014": 1}, "citations_years": {"2014": 1, "2015": 1, "2016": 1, "2017": 0, "2018": 1}, "old_citations": {"2014": 4}, "isVisible": false}, "427875757": {"name": "charlie obimbo", "type": "author", "activity": 24, "h_index": 6, "h5_index": 2, "mag_id": "427875757", "num_publications": 1, "num_citations": 1, "num_publications_5y": 1, "num_citations_5y": 1, "num_publications_10y": 1, "num_citations_10y": 1, "publications_years": {"2017": 1}, "citations_years": {"2018": 1}, "old_citations": {"2017": 1}, "isVisible": false}, "713860055": {"name": "alagan anpalagan", "type": "author", "activity": 18, "h_index": 28, "h5_index": 16, "mag_id": "713860055", "num_publications": 1, "num_citations": 1, "num_publications_5y": 1, "num_citations_5y": 0, "num_publications_10y": 1, "num_citations_10y": 0, "publications_years": {"2017": 1}, "citations_years": {"2019": 1}, "old_citations": {"2017": 1}, "isVisible": false}, "847848781": {"name": "lamya albraheem", "type": "author", "activity": 9, "h_index": 4, "h5_index": 2, "mag_id": "847848781", "num_publications": 1, "num_citations": 3, "num_publications_5y": 1, "num_citations_5y": 3, "num_publications_10y": 1, "num_citations_10y": 3, "publications_years": {"2014": 1}, "citations_years": {"2015": 2, "2016": 0, "2017": 1}, "old_citations": {"2014": 3}, "isVisible": false}, "851660079": {"name": "qassim nasir", "type": "author", "activity": 18, "h_index": 8, "h5_index": 2, "mag_id": "851660079", "num_publications": 1, "num_citations": 0, "num_publications_5y": 1, "num_citations_5y": 0, "num_publications_10y": 1, "num_citations_10y": 0, "publications_years": {"2014": 1}, "citations_years": {}, "old_citations": {"2014": 0}, "isVisible": false}, "1756256545": {"name": "saleh r alaraji", "type": "author", "activity": 21, "h_index": 9, "h5_index": 3, "mag_id": "1756256545", "num_publications": 1, "num_citations": 0, "num_publications_5y": 1, "num_citations_5y": 0, "num_publications_10y": 1, "num_citations_10y": 0, "publications_years": {"2014": 1}, "citations_years": {}, "old_citations": {"2014": 0}, "isVisible": false}, "1848728279": {"name": "hassan sbeity", "type": "author", "activity": 6, "h_index": 3, "h5_index": 0, "mag_id": "1848728279", "num_publications": 1, "num_citations": 6, "num_publications_5y": 1, "num_citations_5y": 6, "num_publications_10y": 1, "num_citations_10y": 6, "publications_years": {"2014": 1}, "citations_years": {"2014": 1, "2015": 2, "2016": 3}, "old_citations": {"2014": 6}, "isVisible": false}, "1854131046": {"name": "jarek nabrzyski", "type": "author", "activity": 20, "h_index": 19, "h5_index": 3, "mag_id": "1854131046", "num_publications": 1, "num_citations": 0, "num_publications_5y": 1, "num_citations_5y": 0, "num_publications_10y": 1, "num_citations_10y": 0, "publications_years": {"2014": 1}, "citations_years": {}, "old_citations": {"2014": 0}, "isVisible": false}, "1939694452": {"name": "majid janidarmian", "type": "author", "activity": 11, "h_index": 6, "h5_index": 2, "mag_id": "1939694452", "num_publications": 1, "num_citations": 4, "num_publications_5y": 1, "num_citations_5y": 4, "num_publications_10y": 1, "num_citations_10y": 4, "publications_years": {"2014": 1}, "citations_years": {"2014": 1, "2015": 1, "2016": 1, "2017": 0, "2018": 1}, "old_citations": {"2014": 4}, "isVisible": false}, "1991463551": {"name": "ray e sheriff", "type": "author", "activity": 22, "h_index": 12, "h5_index": 2, "mag_id": "1991463551", "num_publications": 1, "num_citations": 0, "num_publications_5y": 1, "num_citations_5y": 0, "num_publications_10y": 1, "num_citations_10y": 0, "publications_years": {"2014": 1}, "citations_years": {}, "old_citations": {"2014": 0}, "isVisible": false}, "2006658418": {"name": "kahtan mezher", "type": "author", "activity": 30, "h_index": 4, "h5_index": 1, "mag_id": "2006658418", "num_publications": 1, "num_citations": 0, "num_publications_5y": 1, "num_citations_5y": 0, "num_publications_10y": 1, "num_citations_10y": 0, "publications_years": {"2014": 1}, "citations_years": {}, "old_citations": {"2014": 0}, "isVisible": false}, "2036362704": {"name": "sandra gesing", "type": "author", "activity": 11, "h_index": 10, "h5_index": 6, "mag_id": "2036362704", "num_publications": 1, "num_citations": 0, "num_publications_5y": 1, "num_citations_5y": 0, "num_publications_10y": 1, "num_citations_10y": 0, "publications_years": {"2014": 1}, "citations_years": {}, "old_citations": {"2014": 0}, "isVisible": false}, "2053483164": {"name": "hamid mcheick", "type": "author", "activity": 24, "h_index": 8, "h5_index": 2, "mag_id": "2053483164", "num_publications": 1, "num_citations": 6, "num_publications_5y": 1, "num_citations_5y": 6, "num_publications_10y": 1, "num_citations_10y": 6, "publications_years": {"2014": 1}, "citations_years": {"2014": 1, "2015": 2, "2016": 3}, "old_citations": {"2014": 6}, "isVisible": false}, "2056939532": {"name": "daniel gillis", "type": "author", "activity": 7, "h_index": 1, "h5_index": 1, "mag_id": "2056939532", "num_publications": 1, "num_citations": 1, "num_publications_5y": 1, "num_citations_5y": 0, "num_publications_10y": 1, "num_citations_10y": 0, "publications_years": {"2017": 1}, "citations_years": {"2019": 1}, "old_citations": {"2017": 1}, "isVisible": false}, "2088986270": {"name": "eko supriyanto", "type": "author", "activity": 13, "h_index": 9, "h5_index": 3, "mag_id": "2088986270", "num_publications": 1, "num_citations": 2, "num_publications_5y": 1, "num_citations_5y": 2, "num_publications_10y": 1, "num_citations_10y": 2, "publications_years": {"2014": 1}, "citations_years": {"2016": 1, "2017": 1}, "old_citations": {"2014": 2}, "isVisible": false}, "2100293456": {"name": "sina ghanbarzadeh", "type": "author", "activity": 1, "h_index": 0, "h5_index": 0, "mag_id": "2100293456", "num_publications": 1, "num_citations": 0, "num_publications_5y": 1, "num_citations_5y": 0, "num_publications_10y": 1, "num_citations_10y": 0, "publications_years": {"2014": 1}, "citations_years": {}, "old_citations": {"2014": 0}, "isVisible": false}, "2101184505": {"name": "abdul hanan abdullah", "type": "author", "activity": 27, "h_index": 19, "h5_index": 13, "mag_id": "2101184505", "num_publications": 1, "num_citations": 2, "num_publications_5y": 1, "num_citations_5y": 2, "num_publications_10y": 1, "num_citations_10y": 2, "publications_years": {"2014": 1}, "citations_years": {"2016": 1, "2017": 1}, "old_citations": {"2014": 2}, "isVisible": false}, "2106384487": {"name": "irfan alanbagi", "type": "author", "activity": 9, "h_index": 9, "h5_index": 4, "mag_id": "2106384487", "num_publications": 1, "num_citations": 0, "num_publications_5y": 1, "num_citations_5y": 0, "num_publications_10y": 1, "num_citations_10y": 0, "publications_years": {"2015": 1}, "citations_years": {}, "old_citations": {"2015": 0}, "isVisible": false}, "2107509158": {"name": "shantenu jha", "type": "author", "activity": 18, "h_index": 23, "h5_index": 8, "mag_id": "2107509158", "num_publications": 1, "num_citations": 0, "num_publications_5y": 1, "num_citations_5y": 0, "num_publications_10y": 1, "num_citations_10y": 0, "publications_years": {"2014": 1}, "citations_years": {}, "old_citations": {"2014": 0}, "isVisible": false}, "2113302269": {"name": "sophia rahaman", "type": "author", "activity": 6, "h_index": 2, "h5_index": 0, "mag_id": "2113302269", "num_publications": 1, "num_citations": 2, "num_publications_5y": 1, "num_citations_5y": 2, "num_publications_10y": 1, "num_citations_10y": 2, "publications_years": {"2014": 1}, "citations_years": {"2017": 2}, "old_citations": {"2014": 2}, "isVisible": false}, "2113837400": {"name": "mark i boulos", "type": "author", "activity": 2, "h_index": 1, "h5_index": 1, "mag_id": "2113837400", "num_publications": 1, "num_citations": 0, "num_publications_5y": 1, "num_citations_5y": 0, "num_publications_10y": 1, "num_citations_10y": 0, "publications_years": {"2017": 1}, "citations_years": {}, "old_citations": {"2017": 0}, "isVisible": false}, "2118058124": {"name": "alex mihailidis", "type": "author", "activity": 17, "h_index": 15, "h5_index": 6, "mag_id": "2118058124", "num_publications": 1, "num_citations": 3, "num_publications_5y": 1, "num_citations_5y": 1, "num_publications_10y": 1, "num_citations_10y": 1, "publications_years": {"2017": 1}, "citations_years": {"2017": 1, "2018": 0, "2019": 2}, "old_citations": {"2017": 3}, "isVisible": false}, "2153227533": {"name": "karim s karim", "type": "author", "activity": 17, "h_index": 8, "h5_index": 1, "mag_id": "2153227533", "num_publications": 1, "num_citations": 0, "num_publications_5y": 1, "num_citations_5y": 0, "num_publications_10y": 1, "num_citations_10y": 0, "publications_years": {"2014": 1}, "citations_years": {}, "old_citations": {"2014": 0}, "isVisible": false}, "2157072729": {"name": "ahmed o abdul salam", "type": "author", "activity": 6, "h_index": 2, "h5_index": 1, "mag_id": "2157072729", "num_publications": 1, "num_citations": 0, "num_publications_5y": 1, "num_citations_5y": 0, "num_publications_10y": 1, "num_citations_10y": 0, "publications_years": {"2014": 1}, "citations_years": {}, "old_citations": {"2014": 0}, "isVisible": false}, "2168163496": {"name": "marco quispe", "type": "author", "activity": 6, "h_index": 1, "h5_index": 1, "mag_id": "2168163496", "num_publications": 1, "num_citations": 0, "num_publications_5y": 1, "num_citations_5y": 0, "num_publications_10y": 1, "num_citations_10y": 0, "publications_years": {"2017": 1}, "citations_years": {}, "old_citations": {"2017": 0}, "isVisible": false}, "2175873185": {"name": "mate pataki", "type": "author", "activity": 13, "h_index": 5, "h5_index": 0, "mag_id": "2175873185", "num_publications": 1, "num_citations": 1, "num_publications_5y": 1, "num_citations_5y": 1, "num_publications_10y": 1, "num_citations_10y": 1, "publications_years": {"2014": 1}, "citations_years": {"2017": 1}, "old_citations": {"2014": 1}, "isVisible": false}, "2222006508": {"name": "toshin ryu", "type": "author", "activity": 2, "h_index": 1, "h5_index": 0, "mag_id": "2222006508", "num_publications": 1, "num_citations": 1, "num_publications_5y": 1, "num_citations_5y": 0, "num_publications_10y": 1, "num_citations_10y": 0, "publications_years": {"2014": 1}, "citations_years": {"2019": 1}, "old_citations": {"2014": 1}, "isVisible": false}, "2222236308": {"name": "laszlo kovacs", "type": "author", "activity": 28, "h_index": 9, "h5_index": 0, "mag_id": "2222236308", "num_publications": 1, "num_citations": 1, "num_publications_5y": 1, "num_citations_5y": 1, "num_publications_10y": 1, "num_citations_10y": 1, "publications_years": {"2014": 1}, "citations_years": {"2017": 1}, "old_citations": {"2014": 1}, "isVisible": false}, "2222251185": {"name": "pinos eduardo", "type": "author", "activity": 1, "h_index": 1, "h5_index": 0, "mag_id": "2222251185", "num_publications": 1, "num_citations": 3, "num_publications_5y": 1, "num_citations_5y": 3, "num_publications_10y": 1, "num_citations_10y": 3, "publications_years": {"2014": 1}, "citations_years": {"2016": 2, "2017": 1}, "old_citations": {"2014": 3}, "isVisible": false}, "2222731835": {"name": "lama alhammad", "type": "author", "activity": 2, "h_index": 2, "h5_index": 0, "mag_id": "2222731835", "num_publications": 1, "num_citations": 3, "num_publications_5y": 1, "num_citations_5y": 3, "num_publications_10y": 1, "num_citations_10y": 3, "publications_years": {"2014": 1}, "citations_years": {"2015": 2, "2016": 0, "2017": 1}, "old_citations": {"2014": 3}, "isVisible": false}, "2223220819": {"name": "anu thambi", "type": "author", "activity": 1, "h_index": 1, "h5_index": 0, "mag_id": "2223220819", "num_publications": 1, "num_citations": 8, "num_publications_5y": 1, "num_citations_5y": 6, "num_publications_10y": 1, "num_citations_10y": 6, "publications_years": {"2014": 1}, "citations_years": {"2017": 3, "2018": 3, "2019": 1, "2020": 1}, "old_citations": {"2014": 8}, "isVisible": false}, "2223556279": {"name": "anjali gopinath", "type": "author", "activity": 1, "h_index": 1, "h5_index": 0, "mag_id": "2223556279", "num_publications": 1, "num_citations": 8, "num_publications_5y": 1, "num_citations_5y": 6, "num_publications_10y": 1, "num_citations_10y": 6, "publications_years": {"2014": 1}, "citations_years": {"2017": 3, "2018": 3, "2019": 1, "2020": 1}, "old_citations": {"2014": 8}, "isVisible": false}, "2223792871": {"name": "mohamed alameh", "type": "author", "activity": 1, "h_index": 1, "h5_index": 0, "mag_id": "2223792871", "num_publications": 1, "num_citations": 6, "num_publications_5y": 1, "num_citations_5y": 6, "num_publications_10y": 1, "num_citations_10y": 6, "publications_years": {"2014": 1}, "citations_years": {"2014": 1, "2015": 2, "2016": 3}, "old_citations": {"2014": 6}, "isVisible": false}, "2223838864": {"name": "akira hayashida", "type": "author", "activity": 4, "h_index": 2, "h5_index": 1, "mag_id": "2223838864", "num_publications": 1, "num_citations": 1, "num_publications_5y": 1, "num_citations_5y": 0, "num_publications_10y": 1, "num_citations_10y": 0, "publications_years": {"2014": 1}, "citations_years": {"2019": 1}, "old_citations": {"2014": 1}, "isVisible": false}, "2224496784": {"name": "sara alkathiri", "type": "author", "activity": 2, "h_index": 2, "h5_index": 0, "mag_id": "2224496784", "num_publications": 1, "num_citations": 3, "num_publications_5y": 1, "num_citations_5y": 3, "num_publications_10y": 1, "num_citations_10y": 3, "publications_years": {"2014": 1}, "citations_years": {"2015": 2, "2016": 0, "2017": 1}, "old_citations": {"2014": 3}, "isVisible": false}, "2225146216": {"name": "mendez xavier", "type": "author", "activity": 1, "h_index": 1, "h5_index": 0, "mag_id": "2225146216", "num_publications": 1, "num_citations": 3, "num_publications_5y": 1, "num_citations_5y": 3, "num_publications_10y": 1, "num_citations_10y": 3, "publications_years": {"2014": 1}, "citations_years": {"2016": 2, "2017": 1}, "old_citations": {"2014": 3}, "isVisible": false}, "2225267028": {"name": "masheal alshehri", "type": "author", "activity": 2, "h_index": 2, "h5_index": 0, "mag_id": "2225267028", "num_publications": 1, "num_citations": 3, "num_publications_5y": 1, "num_citations_5y": 3, "num_publications_10y": 1, "num_citations_10y": 3, "publications_years": {"2014": 1}, "citations_years": {"2015": 2, "2016": 0, "2017": 1}, "old_citations": {"2014": 3}, "isVisible": false}, "2226026718": {"name": "halima aminu", "type": "author", "activity": 1, "h_index": 1, "h5_index": 0, "mag_id": "2226026718", "num_publications": 1, "num_citations": 2, "num_publications_5y": 1, "num_citations_5y": 2, "num_publications_10y": 1, "num_citations_10y": 2, "publications_years": {"2014": 1}, "citations_years": {"2017": 2}, "old_citations": {"2014": 2}, "isVisible": false}, "2227000445": {"name": "megha nandakumar", "type": "author", "activity": 1, "h_index": 1, "h5_index": 0, "mag_id": "2227000445", "num_publications": 1, "num_citations": 8, "num_publications_5y": 1, "num_citations_5y": 6, "num_publications_10y": 1, "num_citations_10y": 6, "publications_years": {"2014": 1}, "citations_years": {"2017": 3, "2018": 3, "2019": 1, "2020": 1}, "old_citations": {"2014": 8}, "isVisible": false}, "2227155299": {"name": "mihailo milic", "type": "author", "activity": 1, "h_index": 1, "h5_index": 0, "mag_id": "2227155299", "num_publications": 1, "num_citations": 10, "num_publications_5y": 1, "num_citations_5y": 9, "num_publications_10y": 1, "num_citations_10y": 9, "publications_years": {"2015": 1}, "citations_years": {"2017": 4, "2018": 5, "2019": 1}, "old_citations": {"2015": 10}, "isVisible": false}, "2227301108": {"name": "daiki sakamoto", "type": "author", "activity": 1, "h_index": 1, "h5_index": 0, "mag_id": "2227301108", "num_publications": 1, "num_citations": 1, "num_publications_5y": 1, "num_citations_5y": 0, "num_publications_10y": 1, "num_citations_10y": 0, "publications_years": {"2014": 1}, "citations_years": {"2019": 1}, "old_citations": {"2014": 1}, "isVisible": false}, "2227441244": {"name": "tanaka osamu", "type": "author", "activity": 1, "h_index": 1, "h5_index": 0, "mag_id": "2227441244", "num_publications": 1, "num_citations": 1, "num_publications_5y": 1, "num_citations_5y": 0, "num_publications_10y": 1, "num_citations_10y": 0, "publications_years": {"2014": 1}, "citations_years": {"2019": 1}, "old_citations": {"2014": 1}, "isVisible": false}, "2227678878": {"name": "aparna nambissan", "type": "author", "activity": 1, "h_index": 1, "h5_index": 0, "mag_id": "2227678878", "num_publications": 1, "num_citations": 8, "num_publications_5y": 1, "num_citations_5y": 6, "num_publications_10y": 1, "num_citations_10y": 6, "publications_years": {"2014": 1}, "citations_years": {"2017": 3, "2018": 3, "2019": 1, "2020": 1}, "old_citations": {"2014": 8}, "isVisible": false}, "2227842192": {"name": "eduardo pinos", "type": "author", "activity": 1, "h_index": 0, "h5_index": 0, "mag_id": "2227842192", "num_publications": 1, "num_citations": 0, "num_publications_5y": 1, "num_citations_5y": 0, "num_publications_10y": 1, "num_citations_10y": 0, "publications_years": {"2014": 1}, "citations_years": {}, "old_citations": {"2014": 0}, "isVisible": false}, "2227894937": {"name": "nick martyn", "type": "author", "activity": 1, "h_index": 0, "h5_index": 0, "mag_id": "2227894937", "num_publications": 1, "num_citations": 0, "num_publications_5y": 1, "num_citations_5y": 0, "num_publications_10y": 1, "num_citations_10y": 0, "publications_years": {"2015": 1}, "citations_years": {}, "old_citations": {"2015": 0}, "isVisible": false}, "2227930789": {"name": "aditya khandelwal", "type": "author", "activity": 1, "h_index": 0, "h5_index": 0, "mag_id": "2227930789", "num_publications": 1, "num_citations": 0, "num_publications_5y": 1, "num_citations_5y": 0, "num_publications_10y": 1, "num_citations_10y": 0, "publications_years": {"2014": 1}, "citations_years": {}, "old_citations": {"2014": 0}, "isVisible": false}, "2228489852": {"name": "d razafipahatelo", "type": "author", "activity": 1, "h_index": 0, "h5_index": 0, "mag_id": "2228489852", "num_publications": 1, "num_citations": 0, "num_publications_5y": 1, "num_citations_5y": 0, "num_publications_10y": 1, "num_citations_10y": 0, "publications_years": {"2014": 1}, "citations_years": {}, "old_citations": {"2014": 0}, "isVisible": false}, "2228914177": {"name": "dharmendra chourishi", "type": "author", "activity": 1, "h_index": 3, "h5_index": 0, "mag_id": "2228914177", "num_publications": 1, "num_citations": 10, "num_publications_5y": 1, "num_citations_5y": 9, "num_publications_10y": 1, "num_citations_10y": 9, "publications_years": {"2015": 1}, "citations_years": {"2017": 4, "2018": 5, "2019": 1}, "old_citations": {"2015": 10}, "isVisible": false}, "2229421681": {"name": "hessah almotiry", "type": "author", "activity": 2, "h_index": 2, "h5_index": 0, "mag_id": "2229421681", "num_publications": 1, "num_citations": 3, "num_publications_5y": 1, "num_citations_5y": 3, "num_publications_10y": 1, "num_citations_10y": 3, "publications_years": {"2014": 1}, "citations_years": {"2015": 2, "2016": 0, "2017": 1}, "old_citations": {"2014": 3}, "isVisible": false}, "2229527233": {"name": "vvm dileep", "type": "author", "activity": 1, "h_index": 0, "h5_index": 0, "mag_id": "2229527233", "num_publications": 1, "num_citations": 0, "num_publications_5y": 1, "num_citations_5y": 0, "num_publications_10y": 1, "num_citations_10y": 0, "publications_years": {"2014": 1}, "citations_years": {}, "old_citations": {"2014": 0}, "isVisible": false}, "2230784120": {"name": "raghavendra s h", "type": "author", "activity": 1, "h_index": 1, "h5_index": 0, "mag_id": "2230784120", "num_publications": 1, "num_citations": 1, "num_publications_5y": 1, "num_citations_5y": 1, "num_publications_10y": 1, "num_citations_10y": 1, "publications_years": {"2014": 1}, "citations_years": {"2016": 1}, "old_citations": {"2014": 1}, "isVisible": false}, "2231490550": {"name": "hind abahussain", "type": "author", "activity": 2, "h_index": 2, "h5_index": 0, "mag_id": "2231490550", "num_publications": 1, "num_citations": 3, "num_publications_5y": 1, "num_citations_5y": 3, "num_publications_10y": 1, "num_citations_10y": 3, "publications_years": {"2014": 1}, "citations_years": {"2015": 2, "2016": 0, "2017": 1}, "old_citations": {"2014": 3}, "isVisible": false}, "2231596663": {"name": "arash marzi", "type": "author", "activity": 6, "h_index": 2, "h5_index": 0, "mag_id": "2231596663", "num_publications": 1, "num_citations": 1, "num_publications_5y": 1, "num_citations_5y": 1, "num_publications_10y": 1, "num_citations_10y": 1, "publications_years": {"2015": 1}, "citations_years": {"2018": 1}, "old_citations": {"2015": 1}, "isVisible": false}, "2231896457": {"name": "margarita illescas", "type": "author", "activity": 1, "h_index": 0, "h5_index": 0, "mag_id": "2231896457", "num_publications": 1, "num_citations": 0, "num_publications_5y": 1, "num_citations_5y": 0, "num_publications_10y": 1, "num_citations_10y": 0, "publications_years": {"2014": 1}, "citations_years": {}, "old_citations": {"2014": 0}, "isVisible": false}, "2231918188": {"name": "jihad naim", "type": "author", "activity": 1, "h_index": 1, "h5_index": 0, "mag_id": "2231918188", "num_publications": 1, "num_citations": 6, "num_publications_5y": 1, "num_citations_5y": 6, "num_publications_10y": 1, "num_citations_10y": 6, "publications_years": {"2014": 1}, "citations_years": {"2014": 1, "2015": 2, "2016": 3}, "old_citations": {"2014": 6}, "isVisible": false}, "2232413399": {"name": "reem aldosari", "type": "author", "activity": 2, "h_index": 2, "h5_index": 0, "mag_id": "2232413399", "num_publications": 1, "num_citations": 3, "num_publications_5y": 1, "num_citations_5y": 3, "num_publications_10y": 1, "num_citations_10y": 3, "publications_years": {"2014": 1}, "citations_years": {"2015": 2, "2016": 0, "2017": 1}, "old_citations": {"2014": 3}, "isVisible": false}, "2273129061": {"name": "yuki imai", "type": "author", "activity": 1, "h_index": 1, "h5_index": 0, "mag_id": "2273129061", "num_publications": 1, "num_citations": 1, "num_publications_5y": 1, "num_citations_5y": 0, "num_publications_10y": 1, "num_citations_10y": 0, "publications_years": {"2014": 1}, "citations_years": {"2019": 1}, "old_citations": {"2014": 1}, "isVisible": false}, "2275250871": {"name": "katarzyna radecka", "type": "author", "activity": 21, "h_index": 9, "h5_index": 2, "mag_id": "2275250871", "num_publications": 1, "num_citations": 4, "num_publications_5y": 1, "num_citations_5y": 4, "num_publications_10y": 1, "num_citations_10y": 4, "publications_years": {"2014": 1}, "citations_years": {"2014": 1, "2015": 1, "2016": 1, "2017": 0, "2018": 1}, "old_citations": {"2014": 4}, "isVisible": false}, "2285304084": {"name": "mohd soperi mohd zahid", "type": "author", "activity": 8, "h_index": 4, "h5_index": 1, "mag_id": "2285304084", "num_publications": 1, "num_citations": 2, "num_publications_5y": 1, "num_citations_5y": 2, "num_publications_10y": 1, "num_citations_10y": 2, "publications_years": {"2014": 1}, "citations_years": {"2016": 1, "2017": 1}, "old_citations": {"2014": 2}, "isVisible": false}, "2290837374": {"name": "darwin tapia", "type": "author", "activity": 1, "h_index": 0, "h5_index": 0, "mag_id": "2290837374", "num_publications": 1, "num_citations": 0, "num_publications_5y": 1, "num_citations_5y": 0, "num_publications_10y": 1, "num_citations_10y": 0, "publications_years": {"2014": 1}, "citations_years": {}, "old_citations": {"2014": 0}, "isVisible": false}, "2303128662": {"name": "takuma shibata", "type": "author", "activity": 1, "h_index": 1, "h5_index": 0, "mag_id": "2303128662", "num_publications": 1, "num_citations": 1, "num_publications_5y": 1, "num_citations_5y": 0, "num_publications_10y": 1, "num_citations_10y": 0, "publications_years": {"2014": 1}, "citations_years": {"2019": 1}, "old_citations": {"2014": 1}, "isVisible": false}, "2342682029": {"name": "derek rayside", "type": "author", "activity": 22, "h_index": 18, "h5_index": 1, "mag_id": "2342682029", "num_publications": 1, "num_citations": 6, "num_publications_5y": 1, "num_citations_5y": 3, "num_publications_10y": 1, "num_citations_10y": 3, "publications_years": {"2014": 1}, "citations_years": {"2016": 1, "2017": 2, "2018": 0, "2019": 1, "2020": 2}, "old_citations": {"2014": 6}, "isVisible": false}, "2344049843": {"name": "michael lescisin", "type": "author", "activity": 5, "h_index": 2, "h5_index": 2, "mag_id": "2344049843", "num_publications": 1, "num_citations": 2, "num_publications_5y": 1, "num_citations_5y": 1, "num_publications_10y": 1, "num_citations_10y": 1, "publications_years": {"2017": 1}, "citations_years": {"2018": 1, "2019": 1}, "old_citations": {"2017": 2}, "isVisible": false}, "2344223395": {"name": "ruxin na", "type": "author", "activity": 1, "h_index": 1, "h5_index": 0, "mag_id": "2344223395", "num_publications": 1, "num_citations": 6, "num_publications_5y": 1, "num_citations_5y": 3, "num_publications_10y": 1, "num_citations_10y": 3, "publications_years": {"2014": 1}, "citations_years": {"2016": 1, "2017": 2, "2018": 0, "2019": 1, "2020": 2}, "old_citations": {"2014": 6}, "isVisible": false}, "2344901011": {"name": "yangdong liao", "type": "author", "activity": 1, "h_index": 1, "h5_index": 0, "mag_id": "2344901011", "num_publications": 1, "num_citations": 6, "num_publications_5y": 1, "num_citations_5y": 3, "num_publications_10y": 1, "num_citations_10y": 3, "publications_years": {"2014": 1}, "citations_years": {"2016": 1, "2017": 2, "2018": 0, "2019": 1, "2020": 2}, "old_citations": {"2014": 6}, "isVisible": false}, "2439005760": {"name": "suchitra chandar", "type": "author", "activity": 1, "h_index": 0, "h5_index": 0, "mag_id": "2439005760", "num_publications": 1, "num_citations": 0, "num_publications_5y": 1, "num_citations_5y": 0, "num_publications_10y": 1, "num_citations_10y": 0, "publications_years": {"2014": 1}, "citations_years": {}, "old_citations": {"2014": 0}, "isVisible": false}, "2475827385": {"name": "boshra f zopon al bayaty", "type": "author", "activity": 4, "h_index": 1, "h5_index": 0, "mag_id": "2475827385", "num_publications": 1, "num_citations": 1, "num_publications_5y": 1, "num_citations_5y": 1, "num_publications_10y": 1, "num_citations_10y": 1, "publications_years": {"2015": 1}, "citations_years": {"2016": 1}, "old_citations": {"2015": 1}, "isVisible": false}, "2481986150": {"name": "alejandro jose llanos garcia", "type": "author", "activity": 5, "h_index": 1, "h5_index": 0, "mag_id": "2481986150", "num_publications": 1, "num_citations": 0, "num_publications_5y": 1, "num_citations_5y": 0, "num_publications_10y": 1, "num_citations_10y": 0, "publications_years": {"2017": 1}, "citations_years": {}, "old_citations": {"2017": 0}, "isVisible": false}, "2490095229": {"name": "ryan mann", "type": "author", "activity": 1, "h_index": 0, "h5_index": 0, "mag_id": "2490095229", "num_publications": 1, "num_citations": 0, "num_publications_5y": 1, "num_citations_5y": 0, "num_publications_10y": 1, "num_citations_10y": 0, "publications_years": {"2014": 1}, "citations_years": {}, "old_citations": {"2014": 0}, "isVisible": false}, "2492016939": {"name": "christopher c k chan", "type": "author", "activity": 2, "h_index": 1, "h5_index": 1, "mag_id": "2492016939", "num_publications": 1, "num_citations": 1, "num_publications_5y": 1, "num_citations_5y": 1, "num_publications_10y": 1, "num_citations_10y": 1, "publications_years": {"2017": 1}, "citations_years": {"2017": 1}, "old_citations": {"2017": 1}, "isVisible": false}, "2499887732": {"name": "curtis rasmussen", "type": "author", "activity": 1, "h_index": 1, "h5_index": 0, "mag_id": "2499887732", "num_publications": 1, "num_citations": 2, "num_publications_5y": 1, "num_citations_5y": 1, "num_publications_10y": 1, "num_citations_10y": 1, "publications_years": {"2014": 1}, "citations_years": {"2017": 1, "2018": 0, "2019": 1}, "old_citations": {"2014": 2}, "isVisible": false}, "2504667502": {"name": "shashank joshi", "type": "author", "activity": 4, "h_index": 1, "h5_index": 0, "mag_id": "2504667502", "num_publications": 1, "num_citations": 1, "num_publications_5y": 1, "num_citations_5y": 1, "num_publications_10y": 1, "num_citations_10y": 1, "publications_years": {"2015": 1}, "citations_years": {"2016": 1}, "old_citations": {"2015": 1}, "isVisible": false}, "2523782823": {"name": "nitin sharma", "type": "author", "activity": 12, "h_index": 5, "h5_index": 1, "mag_id": "2523782823", "num_publications": 1, "num_citations": 1, "num_publications_5y": 1, "num_citations_5y": 0, "num_publications_10y": 1, "num_citations_10y": 0, "publications_years": {"2017": 1}, "citations_years": {"2019": 1}, "old_citations": {"2017": 1}, "isVisible": false}, "2562846372": {"name": "ali alnoman", "type": "author", "activity": 3, "h_index": 3, "h5_index": 3, "mag_id": "2562846372", "num_publications": 1, "num_citations": 1, "num_publications_5y": 1, "num_citations_5y": 0, "num_publications_10y": 1, "num_citations_10y": 0, "publications_years": {"2017": 1}, "citations_years": {"2019": 1}, "old_citations": {"2017": 1}, "isVisible": false}, "2600625610": {"name": "a n k zaman", "type": "author", "activity": 9, "h_index": 5, "h5_index": 2, "mag_id": "2600625610", "num_publications": 1, "num_citations": 1, "num_publications_5y": 1, "num_citations_5y": 1, "num_publications_10y": 1, "num_citations_10y": 1, "publications_years": {"2017": 1}, "citations_years": {"2018": 1}, "old_citations": {"2017": 1}, "isVisible": false}, "2608307102": {"name": "sreecharan sankaranarayanan", "type": "author", "activity": 6, "h_index": 3, "h5_index": 3, "mag_id": "2608307102", "num_publications": 1, "num_citations": 1, "num_publications_5y": 1, "num_citations_5y": 1, "num_publications_10y": 1, "num_citations_10y": 1, "publications_years": {"2014": 1}, "citations_years": {"2016": 1}, "old_citations": {"2014": 1}, "isVisible": false}, "2631859451": {"name": "deepak kr vashisth", "type": "author", "activity": 1, "h_index": 0, "h5_index": 0, "mag_id": "2631859451", "num_publications": 1, "num_citations": 0, "num_publications_5y": 1, "num_citations_5y": 0, "num_publications_10y": 1, "num_citations_10y": 0, "publications_years": {"2014": 1}, "citations_years": {}, "old_citations": {"2014": 0}, "isVisible": false}, "2641222466": {"name": "peter matetelki", "type": "author", "activity": 8, "h_index": 1, "h5_index": 0, "mag_id": "2641222466", "num_publications": 1, "num_citations": 1, "num_publications_5y": 1, "num_citations_5y": 1, "num_publications_10y": 1, "num_citations_10y": 1, "publications_years": {"2014": 1}, "citations_years": {"2017": 1}, "old_citations": {"2014": 1}, "isVisible": false}, "2680675756": {"name": "hussein hazimeh", "type": "author", "activity": 1, "h_index": 1, "h5_index": 0, "mag_id": "2680675756", "num_publications": 1, "num_citations": 6, "num_publications_5y": 1, "num_citations_5y": 6, "num_publications_10y": 1, "num_citations_10y": 6, "publications_years": {"2014": 1}, "citations_years": {"2014": 1, "2015": 2, "2016": 3}, "old_citations": {"2014": 6}, "isVisible": false}, "2682051208": {"name": "s rakotondraompiana", "type": "author", "activity": 1, "h_index": 0, "h5_index": 0, "mag_id": "2682051208", "num_publications": 1, "num_citations": 0, "num_publications_5y": 1, "num_citations_5y": 0, "num_publications_10y": 1, "num_citations_10y": 0, "publications_years": {"2014": 1}, "citations_years": {}, "old_citations": {"2014": 0}, "isVisible": false}, "2702583048": {"name": "s rakotoniaina", "type": "author", "activity": 1, "h_index": 0, "h5_index": 0, "mag_id": "2702583048", "num_publications": 1, "num_citations": 0, "num_publications_5y": 1, "num_citations_5y": 0, "num_publications_10y": 1, "num_citations_10y": 0, "publications_years": {"2014": 1}, "citations_years": {}, "old_citations": {"2014": 0}, "isVisible": false}, "2729744234": {"name": "michael yodzis", "type": "author", "activity": 1, "h_index": 1, "h5_index": 1, "mag_id": "2729744234", "num_publications": 1, "num_citations": 1, "num_publications_5y": 1, "num_citations_5y": 0, "num_publications_10y": 1, "num_citations_10y": 0, "publications_years": {"2017": 1}, "citations_years": {"2019": 1}, "old_citations": {"2017": 1}, "isVisible": false}, "2736506667": {"name": "armando zaga ttito", "type": "author", "activity": 1, "h_index": 0, "h5_index": 0, "mag_id": "2736506667", "num_publications": 1, "num_citations": 0, "num_publications_5y": 1, "num_citations_5y": 0, "num_publications_10y": 1, "num_citations_10y": 0, "publications_years": {"2017": 1}, "citations_years": {}, "old_citations": {"2017": 0}, "isVisible": false}, "2737561730": {"name": "ronald gilbert chavez rojas", "type": "author", "activity": 3, "h_index": 0, "h5_index": 0, "mag_id": "2737561730", "num_publications": 1, "num_citations": 0, "num_publications_5y": 1, "num_citations_5y": 0, "num_publications_10y": 1, "num_citations_10y": 0, "publications_years": {"2017": 1}, "citations_years": {}, "old_citations": {"2017": 0}, "isVisible": false}, "2738313678": {"name": "zoser sudith quenaya hinojosa", "type": "author", "activity": 1, "h_index": 0, "h5_index": 0, "mag_id": "2738313678", "num_publications": 1, "num_citations": 0, "num_publications_5y": 1, "num_citations_5y": 0, "num_publications_10y": 1, "num_citations_10y": 0, "publications_years": {"2017": 1}, "citations_years": {}, "old_citations": {"2017": 0}, "isVisible": false}, "2761065450": {"name": "carm scarfo", "type": "author", "activity": 1, "h_index": 0, "h5_index": 0, "mag_id": "2761065450", "num_publications": 1, "num_citations": 0, "num_publications_5y": 1, "num_citations_5y": 0, "num_publications_10y": 1, "num_citations_10y": 0, "publications_years": {"2017": 1}, "citations_years": {}, "old_citations": {"2017": 0}, "isVisible": false}, "2761073281": {"name": "ross kett", "type": "author", "activity": 1, "h_index": 1, "h5_index": 1, "mag_id": "2761073281", "num_publications": 1, "num_citations": 1, "num_publications_5y": 1, "num_citations_5y": 0, "num_publications_10y": 1, "num_citations_10y": 0, "publications_years": {"2017": 1}, "citations_years": {"2019": 1}, "old_citations": {"2017": 1}, "isVisible": false}, "2761278285": {"name": "soussan tabari", "type": "author", "activity": 1, "h_index": 0, "h5_index": 0, "mag_id": "2761278285", "num_publications": 1, "num_citations": 0, "num_publications_5y": 1, "num_citations_5y": 0, "num_publications_10y": 1, "num_citations_10y": 0, "publications_years": {"2017": 1}, "citations_years": {}, "old_citations": {"2017": 0}, "isVisible": false}, "2763590701": {"name": "emilie m d jeanbaptiste", "type": "author", "activity": 1, "h_index": 1, "h5_index": 1, "mag_id": "2763590701", "num_publications": 1, "num_citations": 3, "num_publications_5y": 1, "num_citations_5y": 1, "num_publications_10y": 1, "num_citations_10y": 1, "publications_years": {"2017": 1}, "citations_years": {"2017": 1, "2018": 0, "2019": 2}, "old_citations": {"2017": 3}, "isVisible": false}, "2761472615": {"name": "saad ahmed", "type": "author", "activity": 1, "h_index": 1, "h5_index": 1, "mag_id": "2761472615", "num_publications": 1, "num_citations": 2, "num_publications_5y": 1, "num_citations_5y": 1, "num_publications_10y": 1, "num_citations_10y": 1, "publications_years": {"2017": 1}, "citations_years": {"2018": 1, "2019": 1}, "old_citations": {"2017": 2}, "isVisible": false}, "2762385393": {"name": "uzair mayat", "type": "author", "activity": 3, "h_index": 1, "h5_index": 1, "mag_id": "2762385393", "num_publications": 1, "num_citations": 2, "num_publications_5y": 1, "num_citations_5y": 1, "num_publications_10y": 1, "num_citations_10y": 1, "publications_years": {"2017": 1}, "citations_years": {"2018": 1, "2019": 1}, "old_citations": {"2017": 2}, "isVisible": false}, "2763311294": {"name": "fayez qureshi", "type": "author", "activity": 1, "h_index": 1, "h5_index": 1, "mag_id": "2763311294", "num_publications": 1, "num_citations": 2, "num_publications_5y": 1, "num_citations_5y": 1, "num_publications_10y": 1, "num_citations_10y": 1, "publications_years": {"2017": 1}, "citations_years": {"2018": 1, "2019": 1}, "old_citations": {"2017": 2}, "isVisible": false}, "2762059306": {"name": "lee chin", "type": "author", "activity": 1, "h_index": 1, "h5_index": 1, "mag_id": "2762059306", "num_publications": 1, "num_citations": 1, "num_publications_5y": 1, "num_citations_5y": 1, "num_publications_10y": 1, "num_citations_10y": 1, "publications_years": {"2017": 1}, "citations_years": {"2017": 1}, "old_citations": {"2017": 1}, "isVisible": false}, "2762185020": {"name": "devin rose", "type": "author", "activity": 1, "h_index": 1, "h5_index": 1, "mag_id": "2762185020", "num_publications": 1, "num_citations": 1, "num_publications_5y": 1, "num_citations_5y": 0, "num_publications_10y": 1, "num_citations_10y": 0, "publications_years": {"2017": 1}, "citations_years": {"2019": 1}, "old_citations": {"2017": 1}, "isVisible": false}, "2762695450": {"name": "anirudh ravichandran", "type": "author", "activity": 1, "h_index": 1, "h5_index": 1, "mag_id": "2762695450", "num_publications": 1, "num_citations": 1, "num_publications_5y": 1, "num_citations_5y": 0, "num_publications_10y": 1, "num_citations_10y": 0, "publications_years": {"2017": 1}, "citations_years": {"2019": 1}, "old_citations": {"2017": 1}, "isVisible": false}, "2762953450": {"name": "brandon p m edwards", "type": "author", "activity": 1, "h_index": 1, "h5_index": 1, "mag_id": "2762953450", "num_publications": 1, "num_citations": 1, "num_publications_5y": 1, "num_citations_5y": 0, "num_publications_10y": 1, "num_citations_10y": 0, "publications_years": {"2017": 1}, "citations_years": {"2019": 1}, "old_citations": {"2017": 1}, "isVisible": false}, "2763345143": {"name": "justin angevaare", "type": "author", "activity": 1, "h_index": 1, "h5_index": 1, "mag_id": "2763345143", "num_publications": 1, "num_citations": 1, "num_publications_5y": 1, "num_citations_5y": 0, "num_publications_10y": 1, "num_citations_10y": 0, "publications_years": {"2017": 1}, "citations_years": {"2019": 1}, "old_citations": {"2017": 1}, "isVisible": false}, "2761514113": {"name": "ivan santos leon gavino", "type": "author", "activity": 2, "h_index": 0, "h5_index": 0, "mag_id": "2761514113", "num_publications": 1, "num_citations": 0, "num_publications_5y": 1, "num_citations_5y": 0, "num_publications_10y": 1, "num_citations_10y": 0, "publications_years": {"2017": 1}, "citations_years": {}, "old_citations": {"2017": 0}, "isVisible": false}, "2761896402": {"name": "ibukun oluwayomi", "type": "author", "activity": 1, "h_index": 0, "h5_index": 0, "mag_id": "2761896402", "num_publications": 1, "num_citations": 0, "num_publications_5y": 1, "num_citations_5y": 0, "num_publications_10y": 1, "num_citations_10y": 0, "publications_years": {"2017": 1}, "citations_years": {}, "old_citations": {"2017": 0}, "isVisible": false}, "2761924933": {"name": "victor alexandra", "type": "author", "activity": 1, "h_index": 0, "h5_index": 0, "mag_id": "2761924933", "num_publications": 1, "num_citations": 0, "num_publications_5y": 1, "num_citations_5y": 0, "num_publications_10y": 1, "num_citations_10y": 0, "publications_years": {"2017": 1}, "citations_years": {}, "old_citations": {"2017": 0}, "isVisible": false}, "2762056151": {"name": "george k endo", "type": "author", "activity": 1, "h_index": 0, "h5_index": 0, "mag_id": "2762056151", "num_publications": 1, "num_citations": 0, "num_publications_5y": 1, "num_citations_5y": 0, "num_publications_10y": 1, "num_citations_10y": 0, "publications_years": {"2017": 1}, "citations_years": {}, "old_citations": {"2017": 0}, "isVisible": false}, "2762794292": {"name": "mirza kamaludeen", "type": "author", "activity": 1, "h_index": 0, "h5_index": 0, "mag_id": "2762794292", "num_publications": 1, "num_citations": 0, "num_publications_5y": 1, "num_citations_5y": 0, "num_publications_10y": 1, "num_citations_10y": 0, "publications_years": {"2017": 1}, "citations_years": {}, "old_citations": {"2017": 0}, "isVisible": false}, "2763034433": {"name": "toka alnaser", "type": "author", "activity": 1, "h_index": 0, "h5_index": 0, "mag_id": "2763034433", "num_publications": 1, "num_citations": 0, "num_publications_5y": 1, "num_citations_5y": 0, "num_publications_10y": 1, "num_citations_10y": 0, "publications_years": {"2017": 1}, "citations_years": {}, "old_citations": {"2017": 0}, "isVisible": false}, "2763635063": {"name": "susanne tiraci", "type": "author", "activity": 1, "h_index": 0, "h5_index": 0, "mag_id": "2763635063", "num_publications": 1, "num_citations": 0, "num_publications_5y": 1, "num_citations_5y": 0, "num_publications_10y": 1, "num_citations_10y": 0, "publications_years": {"2017": 1}, "citations_years": {}, "old_citations": {"2017": 0}, "isVisible": false}, "2763774805": {"name": "amnyah almahouzi", "type": "author", "activity": 1, "h_index": 0, "h5_index": 0, "mag_id": "2763774805", "num_publications": 1, "num_citations": 0, "num_publications_5y": 1, "num_citations_5y": 0, "num_publications_10y": 1, "num_citations_10y": 0, "publications_years": {"2017": 1}, "citations_years": {}, "old_citations": {"2017": 0}, "isVisible": false}, "2764196535": {"name": "sharadha kolappan", "type": "author", "activity": 1, "h_index": 0, "h5_index": 0, "mag_id": "2764196535", "num_publications": 1, "num_citations": 0, "num_publications_5y": 1, "num_citations_5y": 0, "num_publications_10y": 1, "num_citations_10y": 0, "publications_years": {"2017": 1}, "citations_years": {}, "old_citations": {"2017": 0}, "isVisible": false}, "2806466618": {"name": "brian j murray", "type": "author", "activity": 10, "h_index": 2, "h5_index": 1, "mag_id": "2806466618", "num_publications": 1, "num_citations": 0, "num_publications_5y": 1, "num_citations_5y": 0, "num_publications_10y": 1, "num_citations_10y": 0, "publications_years": {"2017": 1}, "citations_years": {}, "old_citations": {"2017": 0}, "isVisible": false}}, "countries": {"Canada": {"name": "Canada", "type": "country", "h5_index": 128, "num_publications": 19, "num_citations": 36, "num_publications_5y": 19, "num_citations_5y": 24, "num_publications_10y": 19, "num_citations_10y": 24, "publications_years": {"2014": 4, "2017": 11, "2015": 4}, "citations_years": {"2018": 10, "2019": 10, "2017": 9, "2016": 2, "2020": 2, "2014": 1, "2015": 2}, "old_citations": {"2014": 12, "2017": 11, "2015": 13}, "isVisible": false}, "India": {"name": "India", "type": "country", "h5_index": 78, "num_publications": 6, "num_citations": 13, "num_publications_5y": 6, "num_citations_5y": 10, "num_publications_10y": 6, "num_citations_10y": 10, "publications_years": {"2014": 4, "2017": 1, "2015": 1}, "citations_years": {"2017": 5, "2016": 2, "2019": 2, "2018": 3, "2020": 1}, "old_citations": {"2014": 11, "2017": 1, "2015": 1}, "isVisible": false}, "Hungary": {"name": "Hungary", "type": "country", "h5_index": 28, "num_publications": 1, "num_citations": 1, "num_publications_5y": 1, "num_citations_5y": 1, "num_publications_10y": 1, "num_citations_10y": 1, "publications_years": {"2014": 1}, "citations_years": {"2017": 1}, "old_citations": {"2014": 1}, "isVisible": false}, "Japan": {"name": "Japan", "type": "country", "h5_index": 94, "num_publications": 1, "num_citations": 1, "num_publications_5y": 1, "num_citations_5y": 0, "num_publications_10y": 1, "num_citations_10y": 0, "publications_years": {"2014": 1}, "citations_years": {"2019": 1}, "old_citations": {"2014": 1}, "isVisible": false}, "Malaysia": {"name": "Malaysia", "type": "country", "h5_index": 62, "num_publications": 1, "num_citations": 2, "num_publications_5y": 1, "num_citations_5y": 2, "num_publications_10y": 1, "num_citations_10y": 2, "publications_years": {"2014": 1}, "citations_years": {"2016": 1, "2017": 1}, "old_citations": {"2014": 2}, "isVisible": false}, "Peru": {"name": "Peru", "type": "country", "h5_index": 10, "num_publications": 1, "num_citations": 0, "num_publications_5y": 1, "num_citations_5y": 0, "num_publications_10y": 1, "num_citations_10y": 0, "publications_years": {"2017": 1}, "citations_years": {}, "old_citations": {"2017": 0}, "isVisible": false}, "Saudi Arabia": {"name": "Saudi Arabia", "type": "country", "h5_index": 72, "num_publications": 1, "num_citations": 3, "num_publications_5y": 1, "num_citations_5y": 3, "num_publications_10y": 1, "num_citations_10y": 3, "publications_years": {"2014": 1}, "citations_years": {"2015": 2, "2016": 0, "2017": 1}, "old_citations": {"2014": 3}, "isVisible": false}, "United Arab Emirates": {"name": "United Arab Emirates", "type": "country", "h5_index": 39, "num_publications": 1, "num_citations": 0, "num_publications_5y": 1, "num_citations_5y": 0, "num_publications_10y": 1, "num_citations_10y": 0, "publications_years": {"2014": 1}, "citations_years": {}, "old_citations": {"2014": 0}, "isVisible": false}, "United Kingdom": {"name": "United Kingdom", "type": "country", "h5_index": 172, "num_publications": 1, "num_citations": 0, "num_publications_5y": 1, "num_citations_5y": 0, "num_publications_10y": 1, "num_citations_10y": 0, "publications_years": {"2014": 1}, "citations_years": {}, "old_citations": {"2014": 0}, "isVisible": false}, "United States": {"name": "United States", "type": "country", "h5_index": 308, "num_publications": 1, "num_citations": 0, "num_publications_5y": 1, "num_citations_5y": 0, "num_publications_10y": 1, "num_citations_10y": 0, "publications_years": {"2014": 1}, "citations_years": {}, "old_citations": {"2014": 0}, "isVisible": false}}}, "conference_comparison": {"computer science": {}}, "topics_dna": {"publications": {}, "citations": {"normalized": {}, "average": {}}}, "info": {"num_publications": 36, "num_citations": 64.0, "impact_factor": {"2016": 0.4166666666666667, "2017": 0.8}, "publications_years": {"2014": 19, "2017": 12, "2015": 5}, "citations_years": {"2014": 2, "2015": 6, "2016": 10, "2017": 18, "2018": 13, "2019": 12, "2020": 3}, "old_citations": {"2014": 39, "2017": 11, "2015": 14}, "h5_index": 2}, "percentile": {"computer science": {"2014": 62, "2017": 65, "2015": 74}}, "conference_ranking": {"computer science": {"2014": 1589, "2017": 1475, "2015": 1076}}, "academia": {"num_publications": 24, "num_citations": 49, "publications_years": {"2014": 11, "2015": 4, "2016": 0, "2017": 9}, "old_citations": {"2014": 25, "2015": 14, "2016": 0, "2017": 10}, "num_publications_5y": 9, "num_citations_5y": 10, "num_publications_10y": 24, "num_citations_10y": 49}, "industry": {"num_publications": 0, "num_citations": 0, "publications_years": {}, "old_citations": {}, "num_publications_5y": 0, "num_citations_5y": 0, "num_publications_10y": 0, "num_citations_10y": 0}, "collaborative": {"num_publications": 0, "num_citations": 0, "publications_years": {}, "old_citations": {}, "num_publications_5y": 0, "num_citations_5y": 0, "num_publications_10y": 0, "num_citations_10y": 0}, "conferences": {}, "journals": {}, "organizations": {"publication_overall": ["Ryerson University", "University of Guelph", "University of Ottawa", "University of Waterloo", "Amrita Vishwa Vidyapeetham University", "Bharati Vidyapeeth Deemed University", "Birla Institute of Technology and Science, Pilani", "Defence Research and Development Canada", "Fukuoka University", "Hungarian Academy of Sciences", "Khalifa University of Science and Technology", "King Saud University", "Manipal University", "McGill University", "National Institute of Technology Karnataka", "National University of Engineering", "Rutgers, The State University of New Jersey", "St. Francis Xavier University", "Sunnybrook Health Science Centre", "University of Bradford", "University of Notre Dame", "University of Ontario Institute of Technology", "University of Sharjah", "University of Technology Malaysia", "University of Toronto", "Vellore Institute of Technology University"], "citation_overall": ["Ryerson University", "Amrita Vishwa Vidyapeetham University", "University of Waterloo", "McGill University", "University of Guelph", "King Saud University", "University of Toronto", "Manipal University", "University of Ontario Institute of Technology", "University of Technology Malaysia", "Bharati Vidyapeeth Deemed University", "Birla Institute of Technology and Science, Pilani", "Fukuoka University", "Hungarian Academy of Sciences", "National Institute of Technology Karnataka", "St. Francis Xavier University", "University of Ottawa", "Defence Research and Development Canada", "Khalifa University of Science and Technology", "National University of Engineering", "Rutgers, The State University of New Jersey", "Sunnybrook Health Science Centre", "University of Bradford", "University of Notre Dame", "University of Sharjah", "Vellore Institute of Technology University"], "publication_10_years": ["Ryerson University", "University of Guelph", "University of Ottawa", "University of Waterloo", "Amrita Vishwa Vidyapeetham University", "Bharati Vidyapeeth Deemed University", "Birla Institute of Technology and Science, Pilani", "Defence Research and Development Canada", "Fukuoka University", "Hungarian Academy of Sciences", "Khalifa University of Science and Technology", "King Saud University", "Manipal University", "McGill University", "National Institute of Technology Karnataka", "National University of Engineering", "Rutgers, The State University of New Jersey", "St. Francis Xavier University", "Sunnybrook Health Science Centre", "University of Bradford", "University of Notre Dame", "University of Ontario Institute of Technology", "University of Sharjah", "University of Technology Malaysia", "University of Toronto", "Vellore Institute of Technology University"], "citation_10_years": ["Ryerson University", "Amrita Vishwa Vidyapeetham University", "University of Waterloo", "McGill University", "University of Guelph", "King Saud University", "University of Toronto", "Manipal University", "University of Ontario Institute of Technology", "University of Technology Malaysia", "Bharati Vidyapeeth Deemed University", "Birla Institute of Technology and Science, Pilani", "Fukuoka University", "Hungarian Academy of Sciences", "National Institute of Technology Karnataka", "St. Francis Xavier University", "University of Ottawa", "Defence Research and Development Canada", "Khalifa University of Science and Technology", "National University of Engineering", "Rutgers, The State University of New Jersey", "Sunnybrook Health Science Centre", "University of Bradford", "University of Notre Dame", "University of Sharjah", "Vellore Institute of Technology University"], "publication_5_years": ["Ryerson University", "University of Guelph", "Birla Institute of Technology and Science, Pilani", "National University of Engineering", "Sunnybrook Health Science Centre", "University of Ontario Institute of Technology", "University of Toronto"], "citation_5_years": ["Ryerson University", "University of Toronto", "University of Guelph", "University of Ontario Institute of Technology", "Birla Institute of Technology and Science, Pilani", "National University of Engineering", "Sunnybrook Health Science Centre"]}, "countries": {"publication_overall": ["Canada", "India", "Hungary", "Japan", "Malaysia", "Peru", "Saudi Arabia", "United Arab Emirates", "United Kingdom", "United States"], "citation_overall": ["Canada", "India", "Saudi Arabia", "Malaysia", "Hungary", "Japan", "Peru", "United Arab Emirates", "United Kingdom", "United States"], "publication_10_years": ["Canada", "India", "Hungary", "Japan", "Malaysia", "Peru", "Saudi Arabia", "United Arab Emirates", "United Kingdom", "United States"], "citation_10_years": ["Canada", "India", "Saudi Arabia", "Malaysia", "Hungary", "Japan", "Peru", "United Arab Emirates", "United Kingdom", "United States"], "publication_5_years": ["Canada", "India", "Peru"], "citation_5_years": ["Canada", "India", "Peru"]}, "topics": {"publication_overall": ["computer science", "computer systems", "computer networks", "computer hardware", "telecommunication systems", "communication systems", "wireless telecommunication systems", "data communication systems", "engineering", "telecommunication networks", "artificial intelligence", "sensors", "signal processing", "communication channels (information theory)", "human computer interaction", "mobile computing", "mobile devices", "telecommunication traffic", "database systems", "mobile telecommunication systems"], "citation_overall": ["computer science", "computer systems", "computer networks", "data communication systems", "telecommunication networks", "telecommunication systems", "human computer interaction", "computer hardware", "communication systems", "wireless telecommunication systems", "sensors", "user interfaces", "engineering", "signal processing", "telecommunication traffic", "database systems", "artificial intelligence", "mobile computing", "software", "communication channels (information theory)"], "publication_10_years": ["computer science", "computer systems", "computer networks", "computer hardware", "telecommunication systems", "communication systems", "wireless telecommunication systems", "data communication systems", "engineering", "telecommunication networks", "artificial intelligence", "sensors", "signal processing", "communication channels (information theory)", "human computer interaction", "mobile computing", "mobile devices", "telecommunication traffic", "database systems", "mobile telecommunication systems"], "citation_10_years": ["computer science", "computer systems", "computer networks", "data communication systems", "telecommunication networks", "telecommunication systems", "human computer interaction", "computer hardware", "communication systems", "wireless telecommunication systems", "sensors", "user interfaces", "engineering", "signal processing", "telecommunication traffic", "database systems", "artificial intelligence", "mobile computing", "software", "communication channels (information theory)"], "publication_5_years": ["computer science", "computer networks", "computer systems", "engineering", "signal processing", "communication systems", "computer hardware", "data communication systems", "sensors", "telecommunication networks", "telecommunication systems", "wireless telecommunication systems", "communication channels (information theory)", "artificial intelligence", "bandwidth", "telecommunication traffic", "economics", "local area networks", "mobile computing", "mobile telecommunication systems"], "citation_5_years": ["computer science", "engineering", "signal processing", "computer networks", "computer systems", "artificial intelligence", "bandwidth", "communication channels (information theory)", "communication systems", "computer hardware", "computer imaging and vision", "data communication systems", "data mining", "image processing", "mathematics", "sensors", "signal to noise ratio", "telecommunication networks", "telecommunication systems", "telecommunication traffic"]}, "main_topics": ["computer science"], "authors": {"publication_overall": ["2103366860", "1277158253", "2310084607", "2132197357", "2308459833", "125354079", "211217146", "212155906", "218271669", "248768029", "275487712", "283444956", "309036809", "427875757", "713860055", "847848781", "851660079", "1756256545", "1848728279", "1854131046", "1939694452", "1991463551", "2006658418", "2036362704", "2053483164", "2056939532", "2088986270", "2100293456", "2101184505", "2106384487", "2107509158", "2113302269", "2113837400", "2118058124", "2153227533", "2157072729", "2168163496", "2175873185", "2222006508", "2222236308", "2222251185", "2222731835", "2223220819", "2223556279", "2223792871", "2223838864", "2224496784", "2225146216", "2225267028", "2226026718", "2227000445", "2227155299", "2227301108", "2227441244", "2227678878", "2227842192", "2227894937", "2227930789", "2228489852", "2228914177", "2229421681", "2229527233", "2230784120", "2231490550", "2231596663", "2231896457", "2231918188", "2232413399", "2273129061", "2275250871", "2285304084", "2290837374", "2303128662", "2342682029", "2344049843", "2344223395", "2344901011", "2439005760", "2475827385", "2481986150", "2490095229", "2492016939", "2499887732", "2504667502", "2523782823", "2562846372", "2600625610", "2608307102", "2631859451", "2641222466", "2680675756", "2682051208", "2702583048", "2729744234", "2736506667", "2737561730", "2738313678", "2761065450", "2761073281", "2761278285"], "citation_overall": ["2132197357", "2310084607", "2227155299", "2228914177", "275487712", "2223220819", "2223556279", "2227000445", "2227678878", "1848728279", "2053483164", "2223792871", "2231918188", "2342682029", "2344223395", "2344901011", "2680675756", "212155906", "309036809", "1939694452", "2275250871", "847848781", "2118058124", "2222251185", "2222731835", "2224496784", "2225146216", "2225267028", "2229421681", "2231490550", "2232413399", "2308459833", "2763590701", "125354079", "1277158253", "2088986270", "2101184505", "2103366860", "2113302269", "2226026718", "2285304084", "2344049843", "2499887732", "2761472615", "2762385393", "2763311294", "211217146", "218271669", "248768029", "283444956", "427875757", "713860055", "2056939532", "2175873185", "2222006508", "2222236308", "2223838864", "2227301108", "2227441244", "2230784120", "2231596663", "2273129061", "2303128662", "2475827385", "2492016939", "2504667502", "2523782823", "2562846372", "2600625610", "2608307102", "2641222466", "2729744234", "2761073281", "2762059306", "2762185020", "2762695450", "2762953450", "2763345143", "851660079", "1756256545", "1854131046", "1991463551", "2006658418", "2036362704", "2100293456", "2106384487", "2107509158", "2113837400", "2153227533", "2157072729", "2168163496", "2227842192", "2227894937", "2227930789", "2228489852", "2229527233", "2231896457", "2290837374", "2439005760", "2481986150"], "publication_10_years": ["2103366860", "1277158253", "2310084607", "2132197357", "2308459833", "125354079", "211217146", "212155906", "218271669", "248768029", "275487712", "283444956", "309036809", "427875757", "713860055", "847848781", "851660079", "1756256545", "1848728279", "1854131046", "1939694452", "1991463551", "2006658418", "2036362704", "2053483164", "2056939532", "2088986270", "2100293456", "2101184505", "2106384487", "2107509158", "2113302269", "2113837400", "2118058124", "2153227533", "2157072729", "2168163496", "2175873185", "2222006508", "2222236308", "2222251185", "2222731835", "2223220819", "2223556279", "2223792871", "2223838864", "2224496784", "2225146216", "2225267028", "2226026718", "2227000445", "2227155299", "2227301108", "2227441244", "2227678878", "2227842192", "2227894937", "2227930789", "2228489852", "2228914177", "2229421681", "2229527233", "2230784120", "2231490550", "2231596663", "2231896457", "2231918188", "2232413399", "2273129061", "2275250871", "2285304084", "2290837374", "2303128662", "2342682029", "2344049843", "2344223395", "2344901011", "2439005760", "2475827385", "2481986150", "2490095229", "2492016939", "2499887732", "2504667502", "2523782823", "2562846372", "2600625610", "2608307102", "2631859451", "2641222466", "2680675756", "2682051208", "2702583048", "2729744234", "2736506667", "2737561730", "2738313678", "2761065450", "2761073281", "2761278285"], "citation_10_years": ["2132197357", "2310084607", "2227155299", "2228914177", "275487712", "2223220819", "2223556279", "2227000445", "2227678878", "1848728279", "2053483164", "2223792871", "2231918188", "2342682029", "2344223395", "2344901011", "2680675756", "212155906", "309036809", "1939694452", "2275250871", "847848781", "2118058124", "2222251185", "2222731835", "2224496784", "2225146216", "2225267028", "2229421681", "2231490550", "2232413399", "2308459833", "2763590701", "125354079", "1277158253", "2088986270", "2101184505", "2103366860", "2113302269", "2226026718", "2285304084", "2344049843", "2499887732", "2761472615", "2762385393", "2763311294", "211217146", "218271669", "248768029", "283444956", "427875757", "713860055", "2056939532", "2175873185", "2222006508", "2222236308", "2223838864", "2227301108", "2227441244", "2230784120", "2231596663", "2273129061", "2303128662", "2475827385", "2492016939", "2504667502", "2523782823", "2562846372", "2600625610", "2608307102", "2641222466", "2729744234", "2761073281", "2762059306", "2762185020", "2762695450", "2762953450", "2763345143", "851660079", "1756256545", "1854131046", "1991463551", "2006658418", "2036362704", "2100293456", "2106384487", "2107509158", "2113837400", "2153227533", "2157072729", "2168163496", "2227842192", "2227894937", "2227930789", "2228489852", "2229527233", "2231896457", "2290837374", "2439005760", "2481986150"], "publication_5_years": ["2103366860", "1277158253", "125354079", "283444956", "427875757", "713860055", "2056939532", "2113837400", "2118058124", "2168163496", "2308459833", "2310084607", "2344049843", "2481986150", "2492016939", "2523782823", "2562846372", "2600625610", "2729744234", "2736506667", "2737561730", "2738313678", "2761065450", "2761073281", "2761278285", "2761472615", "2761514113", "2761896402", "2761924933", "2762056151", "2762059306", "2762185020", "2762385393", "2762695450", "2762794292", "2762953450", "2763034433", "2763311294", "2763345143", "2763590701", "2763635063", "2763774805", "2764196535", "2806466618"], "citation_5_years": ["2118058124", "2763590701", "125354079", "1277158253", "2103366860", "2344049843", "2761472615", "2762385393", "2763311294", "283444956", "427875757", "713860055", "2056939532", "2308459833", "2492016939", "2523782823", "2562846372", "2600625610", "2729744234", "2761073281", "2762059306", "2762185020", "2762695450", "2762953450", "2763345143", "2113837400", "2168163496", "2310084607", "2481986150", "2736506667", "2737561730", "2738313678", "2761065450", "2761278285", "2761514113", "2761896402", "2761924933", "2762056151", "2762794292", "2763034433", "2763635063", "2763774805", "2764196535", "2806466618"]}, "industrial_sectors": {"publication_overall": [], "citation_overall": [], "publication_10_years": [], "citation_10_years": [], "publication_5_years": [], "citation_5_years": []}}