{"name": "Integrated Communications, Navigation and Surveillance Conference", "acronym": "ICNS", "type": "conference", "uniqueEntities": {"organizations": {"Frequentis (Germany)": {"name": "Frequentis (Germany)", "type": "organization", "organization_type": "Company", "h_index": 5, "h5_index": 3, "num_publications": 5, "num_citations": 27, "num_publications_5y": 3, "num_citations_5y": 20, "num_publications_10y": 5, "num_citations_10y": 23, "publications_years": {"2016": 2, "2015": 1, "2010": 1, "2011": 1}, "citations_years": {"2016": 7, "2017": 6, "2018": 4, "2019": 4, "2011": 1, "2012": 1, "2013": 1, "2014": 1, "2015": 2}, "old_citations": {"2016": 6, "2015": 13, "2010": 3, "2011": 5}, "isVisible": false}, "Mitre (United States)": {"name": "Mitre (United States)", "type": "organization", "organization_type": "Company", "h_index": 102, "h5_index": 13, "num_publications": 4, "num_citations": 25, "num_publications_5y": 1, "num_citations_5y": 12, "num_publications_10y": 4, "num_citations_10y": 22, "publications_years": {"2016": 1, "2012": 2, "2009": 1}, "citations_years": {"2017": 3, "2018": 2, "2019": 2, "2010": 2, "2011": 1, "2012": 4, "2013": 3, "2014": 0, "2015": 3, "2016": 4, "2020": 1}, "old_citations": {"2016": 3, "2012": 2, "2009": 20}, "isVisible": false}, "Eurocontrol": {"name": "Eurocontrol", "type": "organization", "organization_type": "Other", "h_index": 14, "h5_index": 2, "num_publications": 3, "num_citations": 13, "num_publications_5y": 2, "num_citations_5y": 12, "num_publications_10y": 3, "num_citations_10y": 12, "publications_years": {"2015": 2, "2012": 1}, "citations_years": {"2016": 6, "2017": 3, "2018": 3, "2019": 1}, "old_citations": {"2015": 13, "2012": 0}, "isVisible": false}, "George Mason University": {"name": "George Mason University", "type": "organization", "organization_type": "Education", "h_index": 155, "h5_index": 33, "num_publications": 3, "num_citations": 53, "num_publications_5y": 2, "num_citations_5y": 28, "num_publications_10y": 3, "num_citations_10y": 32, "publications_years": {"2016": 2, "2012": 1}, "citations_years": {"2016": 3, "2017": 5, "2018": 16, "2019": 18, "2020": 3, "2012": 1, "2013": 3, "2014": 2, "2015": 2}, "old_citations": {"2016": 44, "2012": 9}, "isVisible": false}, "Massachusetts Institute of Technology": {"name": "Massachusetts Institute of Technology", "type": "organization", "organization_type": "Education", "h_index": 475, "h5_index": 100, "num_publications": 3, "num_citations": 2, "num_publications_5y": 1, "num_citations_5y": 1, "num_publications_10y": 3, "num_citations_10y": 2, "publications_years": {"2010": 1, "2015": 1, "2012": 1}, "citations_years": {"2013": 1, "2016": 1}, "old_citations": {"2010": 1, "2015": 0, "2012": 1}, "isVisible": false}, "Johannes Kepler University of Linz": {"name": "Johannes Kepler University of Linz", "type": "organization", "organization_type": "Education", "h_index": 74, "h5_index": 29, "num_publications": 2, "num_citations": 18, "num_publications_5y": 2, "num_citations_5y": 16, "num_publications_10y": 2, "num_citations_10y": 16, "publications_years": {"2016": 1, "2015": 1}, "citations_years": {"2016": 7, "2017": 5, "2018": 4, "2019": 2}, "old_citations": {"2016": 5, "2015": 13}, "isVisible": false}, "TU Wien": {"name": "TU Wien", "type": "organization", "organization_type": "Education", "h_index": 131, "h5_index": 38, "num_publications": 2, "num_citations": 8, "num_publications_5y": 0, "num_citations_5y": 3, "num_publications_10y": 2, "num_citations_10y": 6, "publications_years": {"2010": 1, "2011": 1}, "citations_years": {"2011": 1, "2012": 1, "2013": 1, "2014": 1, "2015": 2, "2016": 0, "2017": 0, "2018": 0, "2019": 2}, "old_citations": {"2010": 3, "2011": 5}, "isVisible": false}, "Civil Aviation University of China": {"name": "Civil Aviation University of China", "type": "organization", "organization_type": "Education", "h_index": 22, "h5_index": 12, "num_publications": 1, "num_citations": 0, "num_publications_5y": 1, "num_citations_5y": 0, "num_publications_10y": 1, "num_citations_10y": 0, "publications_years": {"2015": 1}, "citations_years": {}, "old_citations": {"2015": 0}, "isVisible": false}, "Federal Aviation Administration": {"name": "Federal Aviation Administration", "type": "organization", "organization_type": "Government", "h_index": 11, "h5_index": 3, "num_publications": 1, "num_citations": 1, "num_publications_5y": 1, "num_citations_5y": 1, "num_publications_10y": 1, "num_citations_10y": 1, "publications_years": {"2015": 1}, "citations_years": {"2017": 1}, "old_citations": {"2015": 1}, "isVisible": false}, "Nanjing University of Aeronautics and Astronautics": {"name": "Nanjing University of Aeronautics and Astronautics", "type": "organization", "organization_type": "Education", "h_index": 55, "h5_index": 31, "num_publications": 1, "num_citations": 5, "num_publications_5y": 1, "num_citations_5y": 5, "num_publications_10y": 1, "num_citations_10y": 5, "publications_years": {"2015": 1}, "citations_years": {"2014": 1, "2015": 1, "2016": 1, "2017": 0, "2018": 2}, "old_citations": {"2015": 5}, "isVisible": false}, "Pennsylvania State University": {"name": "Pennsylvania State University", "type": "organization", "organization_type": "Education", "h_index": 194, "h5_index": 50, "num_publications": 1, "num_citations": 3, "num_publications_5y": 1, "num_citations_5y": 3, "num_publications_10y": 1, "num_citations_10y": 3, "publications_years": {"2015": 1}, "citations_years": {"2016": 2, "2017": 0, "2018": 1}, "old_citations": {"2015": 3}, "isVisible": false}, "The University of Texas at Dallas": {"name": "The University of Texas at Dallas", "type": "organization", "organization_type": "Education", "h_index": 120, "h5_index": 39, "num_publications": 1, "num_citations": 1, "num_publications_5y": 0, "num_citations_5y": 0, "num_publications_10y": 1, "num_citations_10y": 1, "publications_years": {"2010": 1}, "citations_years": {"2011": 1}, "old_citations": {"2010": 1}, "isVisible": false}, "University of Salzburg": {"name": "University of Salzburg", "type": "organization", "organization_type": "Education", "h_index": 51, "h5_index": 21, "num_publications": 1, "num_citations": 3, "num_publications_5y": 0, "num_citations_5y": 2, "num_publications_10y": 1, "num_citations_10y": 3, "publications_years": {"2012": 1}, "citations_years": {"2013": 1, "2014": 1, "2015": 0, "2016": 0, "2017": 1}, "old_citations": {"2012": 3}, "isVisible": false}, "Virginia State University": {"name": "Virginia State University", "type": "organization", "organization_type": "Education", "h_index": 23, "h5_index": 5, "num_publications": 1, "num_citations": 4, "num_publications_5y": 0, "num_citations_5y": 0, "num_publications_10y": 1, "num_citations_10y": 4, "publications_years": {"2011": 1}, "citations_years": {"2011": 1, "2012": 3}, "old_citations": {"2011": 4}, "isVisible": false}, "Wichita State University": {"name": "Wichita State University", "type": "organization", "organization_type": "Education", "h_index": 49, "h5_index": 17, "num_publications": 1, "num_citations": 5, "num_publications_5y": 0, "num_citations_5y": 1, "num_publications_10y": 1, "num_citations_10y": 5, "publications_years": {"2011": 1}, "citations_years": {"2011": 1, "2012": 2, "2013": 1, "2014": 0, "2015": 1}, "old_citations": {"2011": 5}, "isVisible": false}}, "topics": {"computer science": {"name": "computer science", "type": "topic", "h_index": 1779, "h5_index": 416, "num_publications": 45, "num_citations": 170, "num_publications_5y": 15, "num_citations_5y": 96, "num_publications_10y": 40, "num_citations_10y": 136, "publications_years": {"2011": 7, "2015": 8, "2008": 4, "2016": 7, "2012": 10, "2010": 5, "2009": 3, "2007": 1}, "citations_years": {"2013": 13, "2014": 10, "2015": 11, "2016": 22, "2017": 19, "2018": 34, "2019": 29, "2009": 3, "2010": 4, "2011": 6, "2012": 14, "2020": 4, "2008": 1}, "old_citations": {"2011": 25, "2015": 22, "2008": 11, "2016": 65, "2012": 18, "2010": 7, "2009": 20, "2007": 2}, "isVisible": false}, "computer systems": {"name": "computer systems", "type": "topic", "h_index": 1595, "h5_index": 367, "num_publications": 34, "num_citations": 109, "num_publications_5y": 10, "num_citations_5y": 59, "num_publications_10y": 29, "num_citations_10y": 96, "publications_years": {"2015": 6, "2008": 4, "2016": 4, "2011": 4, "2012": 7, "2010": 5, "2009": 3, "2007": 1}, "citations_years": {"2009": 3, "2010": 4, "2011": 5, "2012": 14, "2013": 11, "2014": 8, "2015": 10, "2017": 10, "2018": 17, "2019": 11, "2016": 14, "2008": 1, "2020": 1}, "old_citations": {"2015": 21, "2008": 11, "2016": 19, "2011": 15, "2012": 14, "2010": 7, "2009": 20, "2007": 2}, "isVisible": false}, "computer networks": {"name": "computer networks", "type": "topic", "h_index": 1262, "h5_index": 332, "num_publications": 27, "num_citations": 70, "num_publications_5y": 8, "num_citations_5y": 33, "num_publications_10y": 22, "num_citations_10y": 59, "publications_years": {"2015": 5, "2008": 4, "2016": 3, "2011": 4, "2012": 5, "2010": 4, "2009": 1, "2007": 1}, "citations_years": {"2009": 3, "2010": 2, "2011": 3, "2012": 10, "2013": 8, "2014": 8, "2015": 6, "2018": 11, "2019": 9, "2016": 5, "2017": 3, "2020": 1, "2008": 1}, "old_citations": {"2015": 9, "2008": 11, "2016": 17, "2011": 15, "2012": 12, "2010": 4, "2009": 0, "2007": 2}, "isVisible": false}, "computer hardware": {"name": "computer hardware", "type": "topic", "h_index": 1150, "h5_index": 279, "num_publications": 23, "num_citations": 79, "num_publications_5y": 7, "num_citations_5y": 39, "num_publications_10y": 19, "num_citations_10y": 72, "publications_years": {"2011": 3, "2008": 3, "2016": 2, "2012": 4, "2009": 2, "2010": 3, "2015": 5, "2007": 1}, "citations_years": {"2013": 11, "2014": 7, "2015": 10, "2016": 9, "2017": 7, "2018": 6, "2019": 5, "2009": 3, "2010": 4, "2011": 5, "2012": 10, "2008": 1, "2020": 1}, "old_citations": {"2011": 18, "2008": 8, "2016": 5, "2012": 12, "2009": 20, "2010": 6, "2015": 8, "2007": 2}, "isVisible": false}, "software design": {"name": "software design", "type": "topic", "h_index": 907, "h5_index": 227, "num_publications": 21, "num_citations": 46, "num_publications_5y": 5, "num_citations_5y": 22, "num_publications_10y": 17, "num_citations_10y": 38, "publications_years": {"2008": 3, "2016": 2, "2011": 4, "2012": 2, "2010": 4, "2009": 2, "2015": 3, "2007": 1}, "citations_years": {"2009": 3, "2010": 2, "2011": 3, "2012": 5, "2013": 3, "2014": 3, "2015": 4, "2018": 10, "2019": 7, "2016": 3, "2017": 2, "2008": 1}, "old_citations": {"2008": 10, "2016": 15, "2011": 11, "2012": 0, "2010": 5, "2009": 0, "2015": 3, "2007": 2}, "isVisible": false}, "software engineering": {"name": "software engineering", "type": "topic", "h_index": 964, "h5_index": 236, "num_publications": 21, "num_citations": 46, "num_publications_5y": 5, "num_citations_5y": 22, "num_publications_10y": 17, "num_citations_10y": 38, "publications_years": {"2008": 3, "2016": 2, "2011": 4, "2012": 2, "2010": 4, "2009": 2, "2015": 3, "2007": 1}, "citations_years": {"2009": 3, "2010": 2, "2011": 3, "2012": 5, "2013": 3, "2014": 3, "2015": 4, "2018": 10, "2019": 7, "2016": 3, "2017": 2, "2008": 1}, "old_citations": {"2008": 10, "2016": 15, "2011": 11, "2012": 0, "2010": 5, "2009": 0, "2015": 3, "2007": 2}, "isVisible": false}, "artificial intelligence": {"name": "artificial intelligence", "type": "topic", "h_index": 1421, "h5_index": 373, "num_publications": 20, "num_citations": 98, "num_publications_5y": 9, "num_citations_5y": 57, "num_publications_10y": 18, "num_citations_10y": 71, "publications_years": {"2011": 1, "2015": 4, "2016": 5, "2012": 6, "2010": 2, "2008": 2}, "citations_years": {"2013": 7, "2014": 7, "2015": 5, "2016": 10, "2017": 14, "2018": 21, "2019": 23, "2020": 3, "2012": 5, "2011": 1, "2008": 1, "2009": 0, "2010": 1}, "old_citations": {"2011": 9, "2015": 6, "2016": 54, "2012": 18, "2010": 5, "2008": 6}, "isVisible": false}, "database systems": {"name": "database systems", "type": "topic", "h_index": 1167, "h5_index": 276, "num_publications": 20, "num_citations": 34, "num_publications_5y": 5, "num_citations_5y": 11, "num_publications_10y": 17, "num_citations_10y": 29, "publications_years": {"2015": 3, "2016": 2, "2011": 3, "2010": 4, "2009": 1, "2012": 4, "2008": 2, "2007": 1}, "citations_years": {"2017": 4, "2018": 1, "2019": 4, "2012": 8, "2013": 5, "2014": 3, "2015": 3, "2016": 0, "2011": 2, "2008": 1, "2009": 2, "2010": 1}, "old_citations": {"2015": 0, "2016": 4, "2011": 11, "2010": 6, "2009": 0, "2012": 5, "2008": 6, "2007": 2}, "isVisible": false}, "telecommunication systems": {"name": "telecommunication systems", "type": "topic", "h_index": 1187, "h5_index": 277, "num_publications": 20, "num_citations": 56, "num_publications_5y": 3, "num_citations_5y": 24, "num_publications_10y": 15, "num_citations_10y": 49, "publications_years": {"2015": 2, "2008": 4, "2016": 1, "2011": 4, "2010": 3, "2012": 4, "2009": 1, "2007": 1}, "citations_years": {"2009": 3, "2010": 2, "2011": 3, "2012": 10, "2013": 7, "2014": 7, "2015": 5, "2018": 9, "2019": 6, "2016": 2, "2017": 1, "2008": 1}, "old_citations": {"2015": 3, "2008": 11, "2016": 10, "2011": 15, "2010": 3, "2012": 12, "2009": 0, "2007": 2}, "isVisible": false}, "engineering": {"name": "engineering", "type": "topic", "h_index": 1177, "h5_index": 287, "num_publications": 19, "num_citations": 106, "num_publications_5y": 6, "num_citations_5y": 58, "num_publications_10y": 17, "num_citations_10y": 82, "publications_years": {"2016": 3, "2011": 2, "2010": 4, "2012": 3, "2009": 2, "2015": 3, "2008": 1, "2007": 1}, "citations_years": {"2017": 9, "2018": 28, "2019": 21, "2012": 8, "2011": 4, "2013": 8, "2014": 5, "2015": 7, "2016": 9, "2020": 3, "2010": 2, "2009": 2}, "old_citations": {"2016": 52, "2011": 5, "2010": 6, "2012": 12, "2009": 20, "2015": 8, "2008": 1, "2007": 2}, "isVisible": false}, "internet": {"name": "internet", "type": "topic", "h_index": 1102, "h5_index": 245, "num_publications": 18, "num_citations": 57, "num_publications_5y": 4, "num_citations_5y": 32, "num_publications_10y": 14, "num_citations_10y": 49, "publications_years": {"2015": 3, "2008": 3, "2016": 1, "2011": 4, "2010": 2, "2009": 1, "2012": 3, "2007": 1}, "citations_years": {"2009": 3, "2010": 2, "2011": 2, "2012": 7, "2013": 3, "2014": 4, "2015": 4, "2018": 12, "2019": 7, "2016": 8, "2017": 4, "2008": 1}, "old_citations": {"2015": 16, "2008": 10, "2016": 10, "2011": 11, "2010": 3, "2009": 0, "2012": 5, "2007": 2}, "isVisible": false}, "software architecture": {"name": "software architecture", "type": "topic", "h_index": 821, "h5_index": 210, "num_publications": 18, "num_citations": 39, "num_publications_5y": 5, "num_citations_5y": 21, "num_publications_10y": 15, "num_citations_10y": 31, "publications_years": {"2008": 3, "2016": 2, "2011": 3, "2012": 2, "2010": 4, "2015": 3, "2009": 1}, "citations_years": {"2009": 1, "2010": 2, "2011": 2, "2012": 3, "2013": 2, "2014": 3, "2015": 3, "2018": 10, "2019": 7, "2016": 3, "2017": 2, "2008": 1}, "old_citations": {"2008": 10, "2016": 15, "2011": 6, "2012": 0, "2010": 5, "2015": 3, "2009": 0}, "isVisible": false}, "telecommunication networks": {"name": "telecommunication networks", "type": "topic", "h_index": 1116, "h5_index": 258, "num_publications": 18, "num_citations": 45, "num_publications_5y": 2, "num_citations_5y": 17, "num_publications_10y": 13, "num_citations_10y": 41, "publications_years": {"2015": 2, "2008": 4, "2011": 4, "2010": 2, "2012": 4, "2009": 1, "2007": 1}, "citations_years": {"2009": 3, "2010": 2, "2011": 2, "2012": 10, "2013": 7, "2014": 7, "2015": 5, "2016": 2, "2017": 1, "2018": 2, "2019": 3, "2008": 1}, "old_citations": {"2015": 3, "2008": 11, "2011": 15, "2010": 2, "2012": 12, "2009": 0, "2007": 2}, "isVisible": false}, "bandwidth": {"name": "bandwidth", "type": "topic", "h_index": 922, "h5_index": 201, "num_publications": 16, "num_citations": 35, "num_publications_5y": 2, "num_citations_5y": 13, "num_publications_10y": 11, "num_citations_10y": 32, "publications_years": {"2015": 2, "2008": 4, "2011": 4, "2010": 2, "2012": 2, "2009": 1, "2007": 1}, "citations_years": {"2009": 3, "2010": 2, "2011": 3, "2012": 8, "2013": 3, "2014": 5, "2015": 3, "2016": 2, "2017": 1, "2018": 2, "2019": 2, "2008": 1}, "old_citations": {"2015": 3, "2008": 11, "2011": 15, "2010": 1, "2012": 3, "2009": 0, "2007": 2}, "isVisible": false}, "computer security": {"name": "computer security", "type": "topic", "h_index": 977, "h5_index": 220, "num_publications": 16, "num_citations": 69, "num_publications_5y": 5, "num_citations_5y": 33, "num_publications_10y": 11, "num_citations_10y": 47, "publications_years": {"2015": 2, "2008": 4, "2011": 3, "2016": 3, "2010": 1, "2009": 1, "2012": 1, "2007": 1}, "citations_years": {"2009": 3, "2010": 2, "2011": 2, "2012": 6, "2013": 1, "2014": 3, "2015": 2, "2016": 4, "2017": 7, "2018": 17, "2019": 18, "2020": 3, "2008": 1}, "old_citations": {"2015": 1, "2008": 11, "2011": 9, "2016": 46, "2010": 0, "2009": 0, "2012": 0, "2007": 2}, "isVisible": false}, "telecommunication traffic": {"name": "telecommunication traffic", "type": "topic", "h_index": 1036, "h5_index": 233, "num_publications": 16, "num_citations": 35, "num_publications_5y": 2, "num_citations_5y": 12, "num_publications_10y": 12, "num_citations_10y": 32, "publications_years": {"2015": 2, "2008": 3, "2011": 4, "2010": 2, "2012": 3, "2009": 1, "2007": 1}, "citations_years": {"2009": 3, "2010": 2, "2011": 2, "2012": 9, "2013": 4, "2014": 4, "2015": 3, "2016": 2, "2017": 1, "2018": 2, "2019": 2, "2008": 1}, "old_citations": {"2015": 3, "2008": 10, "2011": 15, "2010": 2, "2012": 3, "2009": 0, "2007": 2}, "isVisible": false}, "mobile robots": {"name": "mobile robots", "type": "topic", "h_index": 575, "h5_index": 146, "num_publications": 15, "num_citations": 64, "num_publications_5y": 1, "num_citations_5y": 28, "num_publications_10y": 13, "num_citations_10y": 57, "publications_years": {"2011": 4, "2008": 2, "2012": 4, "2010": 2, "2015": 1, "2009": 2}, "citations_years": {"2013": 11, "2014": 6, "2015": 9, "2016": 6, "2017": 4, "2018": 3, "2019": 5, "2009": 1, "2010": 4, "2011": 3, "2012": 10, "2008": 1, "2020": 1}, "old_citations": {"2011": 19, "2008": 7, "2012": 13, "2010": 5, "2015": 0, "2009": 20}, "isVisible": false}, "robotics": {"name": "robotics", "type": "topic", "h_index": 677, "h5_index": 171, "num_publications": 15, "num_citations": 64, "num_publications_5y": 1, "num_citations_5y": 28, "num_publications_10y": 13, "num_citations_10y": 57, "publications_years": {"2011": 4, "2008": 2, "2012": 4, "2010": 2, "2015": 1, "2009": 2}, "citations_years": {"2013": 11, "2014": 6, "2015": 9, "2016": 6, "2017": 4, "2018": 3, "2019": 5, "2009": 1, "2010": 4, "2011": 3, "2012": 10, "2008": 1, "2020": 1}, "old_citations": {"2011": 19, "2008": 7, "2012": 13, "2010": 5, "2015": 0, "2009": 20}, "isVisible": false}, "sensors": {"name": "sensors", "type": "topic", "h_index": 960, "h5_index": 229, "num_publications": 15, "num_citations": 36, "num_publications_5y": 5, "num_citations_5y": 18, "num_publications_10y": 12, "num_citations_10y": 34, "publications_years": {"2008": 2, "2011": 1, "2012": 4, "2009": 1, "2015": 4, "2010": 1, "2016": 1, "2007": 1}, "citations_years": {"2009": 3, "2010": 2, "2011": 2, "2012": 5, "2013": 4, "2014": 5, "2015": 4, "2016": 4, "2017": 2, "2018": 3, "2019": 1, "2008": 1}, "old_citations": {"2008": 7, "2011": 4, "2012": 12, "2009": 0, "2015": 8, "2010": 1, "2016": 2, "2007": 2}, "isVisible": false}, "communication systems": {"name": "communication systems", "type": "topic", "h_index": 1092, "h5_index": 254, "num_publications": 14, "num_citations": 47, "num_publications_5y": 2, "num_citations_5y": 22, "num_publications_10y": 10, "num_citations_10y": 42, "publications_years": {"2008": 3, "2016": 1, "2011": 2, "2012": 4, "2010": 2, "2015": 1, "2007": 1}, "citations_years": {"2009": 3, "2010": 1, "2011": 3, "2012": 7, "2013": 6, "2014": 6, "2015": 4, "2018": 9, "2019": 5, "2016": 2, "2017": 1}, "old_citations": {"2008": 8, "2016": 10, "2011": 9, "2012": 12, "2010": 3, "2015": 3, "2007": 2}, "isVisible": false}, "signal processing": {"name": "signal processing", "type": "topic", "h_index": 1012, "h5_index": 255, "num_publications": 14, "num_citations": 97, "num_publications_5y": 5, "num_citations_5y": 51, "num_publications_10y": 12, "num_citations_10y": 73, "publications_years": {"2016": 3, "2011": 1, "2012": 2, "2010": 3, "2008": 1, "2015": 2, "2009": 1, "2007": 1}, "citations_years": {"2017": 8, "2018": 26, "2019": 21, "2011": 4, "2012": 7, "2013": 7, "2014": 3, "2015": 6, "2016": 8, "2020": 3, "2010": 2, "2009": 2}, "old_citations": {"2016": 52, "2011": 4, "2012": 9, "2010": 6, "2008": 1, "2015": 3, "2009": 20, "2007": 2}, "isVisible": false}, "mathematics": {"name": "mathematics", "type": "topic", "h_index": 1364, "h5_index": 300, "num_publications": 12, "num_citations": 73, "num_publications_5y": 5, "num_citations_5y": 42, "num_publications_10y": 11, "num_citations_10y": 52, "publications_years": {"2016": 3, "2012": 4, "2010": 1, "2015": 2, "2011": 1, "2007": 1}, "citations_years": {"2017": 7, "2018": 24, "2019": 19, "2012": 3, "2013": 3, "2014": 3, "2015": 2, "2016": 6, "2011": 2, "2020": 2, "2009": 2}, "old_citations": {"2016": 52, "2012": 14, "2010": 1, "2015": 3, "2011": 1, "2007": 2}, "isVisible": false}, "machine learning": {"name": "machine learning", "type": "topic", "h_index": 1123, "h5_index": 351, "num_publications": 9, "num_citations": 72, "num_publications_5y": 6, "num_citations_5y": 43, "num_publications_10y": 9, "num_citations_10y": 49, "publications_years": {"2011": 1, "2015": 2, "2016": 4, "2012": 2}, "citations_years": {"2013": 5, "2014": 4, "2015": 4, "2016": 6, "2017": 10, "2018": 19, "2019": 20, "2020": 3, "2012": 1}, "old_citations": {"2011": 9, "2015": 5, "2016": 49, "2012": 9}, "isVisible": false}, "security of data": {"name": "security of data", "type": "topic", "h_index": 883, "h5_index": 199, "num_publications": 14, "num_citations": 69, "num_publications_5y": 4, "num_citations_5y": 33, "num_publications_10y": 9, "num_citations_10y": 47, "publications_years": {"2008": 4, "2011": 3, "2016": 3, "2010": 1, "2012": 1, "2015": 1, "2007": 1}, "citations_years": {"2009": 3, "2010": 2, "2011": 2, "2012": 6, "2013": 1, "2014": 3, "2015": 2, "2016": 4, "2017": 7, "2018": 17, "2019": 18, "2020": 3, "2008": 1}, "old_citations": {"2008": 11, "2011": 9, "2016": 46, "2010": 0, "2012": 0, "2015": 1, "2007": 2}, "isVisible": false}, "probability": {"name": "probability", "type": "topic", "h_index": 918, "h5_index": 211, "num_publications": 6, "num_citations": 65, "num_publications_5y": 3, "num_citations_5y": 40, "num_publications_10y": 6, "num_citations_10y": 45, "publications_years": {"2016": 2, "2012": 2, "2010": 1, "2015": 1}, "citations_years": {"2018": 24, "2019": 18, "2012": 1, "2013": 3, "2014": 3, "2015": 2, "2016": 6, "2017": 5, "2011": 1, "2020": 2}, "old_citations": {"2016": 49, "2012": 12, "2010": 1, "2015": 3}, "isVisible": false}, "signal detection": {"name": "signal detection", "type": "topic", "h_index": 720, "h5_index": 185, "num_publications": 6, "num_citations": 59, "num_publications_5y": 3, "num_citations_5y": 33, "num_publications_10y": 5, "num_citations_10y": 40, "publications_years": {"2016": 2, "2011": 1, "2010": 1, "2015": 1, "2007": 1}, "citations_years": {"2018": 24, "2019": 17, "2011": 2, "2012": 3, "2016": 4, "2017": 5, "2020": 2, "2009": 2}, "old_citations": {"2016": 49, "2011": 4, "2010": 1, "2015": 3, "2007": 2}, "isVisible": false}, "data mining": {"name": "data mining", "type": "topic", "h_index": 861, "h5_index": 196, "num_publications": 7, "num_citations": 56, "num_publications_5y": 6, "num_citations_5y": 33, "num_publications_10y": 7, "num_citations_10y": 35, "publications_years": {"2016": 4, "2015": 2, "2012": 1}, "citations_years": {"2017": 8, "2018": 18, "2019": 18, "2016": 5, "2020": 3, "2014": 1, "2015": 1, "2012": 2}, "old_citations": {"2016": 49, "2015": 5, "2012": 2}, "isVisible": false}, "navigation systems": {"name": "navigation systems", "type": "topic", "h_index": 269, "h5_index": 62, "num_publications": 11, "num_citations": 56, "num_publications_5y": 0, "num_citations_5y": 26, "num_publications_10y": 10, "num_citations_10y": 50, "publications_years": {"2011": 4, "2008": 1, "2012": 3, "2010": 1, "2009": 2}, "citations_years": {"2013": 9, "2014": 5, "2015": 9, "2016": 6, "2017": 3, "2018": 3, "2019": 5, "2009": 1, "2010": 3, "2011": 3, "2012": 8, "2020": 1}, "old_citations": {"2011": 19, "2008": 4, "2012": 10, "2010": 3, "2009": 20}, "isVisible": false}, "software": {"name": "software", "type": "topic", "h_index": 902, "h5_index": 167, "num_publications": 13, "num_citations": 55, "num_publications_5y": 4, "num_citations_5y": 30, "num_publications_10y": 12, "num_citations_10y": 47, "publications_years": {"2016": 2, "2011": 3, "2008": 1, "2010": 2, "2012": 2, "2015": 2, "2009": 1}, "citations_years": {"2018": 11, "2019": 7, "2014": 3, "2015": 6, "2016": 7, "2017": 3, "2011": 4, "2012": 5, "2013": 6, "2010": 2, "2020": 1}, "old_citations": {"2016": 12, "2011": 10, "2008": 3, "2010": 4, "2012": 3, "2015": 3, "2009": 20}, "isVisible": false}, "pattern recognition": {"name": "pattern recognition", "type": "topic", "h_index": 922, "h5_index": 287, "num_publications": 5, "num_citations": 50, "num_publications_5y": 3, "num_citations_5y": 29, "num_publications_10y": 5, "num_citations_10y": 33, "publications_years": {"2015": 1, "2012": 2, "2016": 2}, "citations_years": {"2012": 1, "2013": 3, "2014": 2, "2015": 2, "2016": 3, "2017": 6, "2018": 16, "2019": 15, "2020": 2}, "old_citations": {"2015": 0, "2012": 9, "2016": 41}, "isVisible": false}, "clustering algorithms": {"name": "clustering algorithms", "type": "topic", "h_index": 574, "h5_index": 133, "num_publications": 2, "num_citations": 44, "num_publications_5y": 2, "num_citations_5y": 28, "num_publications_10y": 2, "num_citations_10y": 28, "publications_years": {"2015": 1, "2016": 1}, "citations_years": {"2014": 1, "2015": 1, "2016": 3, "2017": 5, "2018": 18, "2019": 14, "2020": 2}, "old_citations": {"2015": 5, "2016": 39}, "isVisible": false}, "neural networks": {"name": "neural networks", "type": "topic", "h_index": 604, "h5_index": 293, "num_publications": 2, "num_citations": 42, "num_publications_5y": 2, "num_citations_5y": 25, "num_publications_10y": 2, "num_citations_10y": 25, "publications_years": {"2016": 2}, "citations_years": {"2017": 7, "2018": 16, "2019": 15, "2016": 2, "2020": 2}, "old_citations": {"2016": 42}, "isVisible": false}, "anomaly detection": {"name": "anomaly detection", "type": "topic", "h_index": 193, "h5_index": 53, "num_publications": 1, "num_citations": 39, "num_publications_5y": 1, "num_citations_5y": 23, "num_publications_10y": 1, "num_citations_10y": 23, "publications_years": {"2016": 1}, "citations_years": {"2016": 2, "2017": 5, "2018": 16, "2019": 14, "2020": 2}, "old_citations": {"2016": 39}, "isVisible": false}, "semantics": {"name": "semantics", "type": "topic", "h_index": 803, "h5_index": 226, "num_publications": 9, "num_citations": 35, "num_publications_5y": 4, "num_citations_5y": 23, "num_publications_10y": 8, "num_citations_10y": 30, "publications_years": {"2016": 3, "2010": 2, "2015": 1, "2011": 1, "2007": 1, "2012": 1}, "citations_years": {"2017": 8, "2018": 4, "2019": 5, "2016": 8, "2012": 2, "2013": 2, "2011": 1, "2014": 1, "2015": 2, "2009": 2}, "old_citations": {"2016": 9, "2010": 5, "2015": 13, "2011": 5, "2007": 2, "2012": 1}, "isVisible": false}, "cryptography": {"name": "cryptography", "type": "topic", "h_index": 761, "h5_index": 179, "num_publications": 10, "num_citations": 25, "num_publications_5y": 3, "num_citations_5y": 9, "num_publications_10y": 5, "num_citations_10y": 19, "publications_years": {"2008": 4, "2011": 1, "2016": 2, "2010": 1, "2015": 1, "2007": 1}, "citations_years": {"2009": 3, "2010": 2, "2011": 1, "2012": 4, "2013": 0, "2014": 3, "2015": 1, "2016": 2, "2017": 2, "2018": 1, "2019": 4, "2020": 1, "2008": 1}, "old_citations": {"2008": 11, "2011": 4, "2016": 7, "2010": 0, "2015": 1, "2007": 2}, "isVisible": false}, "cryptology": {"name": "cryptology", "type": "topic", "h_index": 761, "h5_index": 179, "num_publications": 10, "num_citations": 25, "num_publications_5y": 3, "num_citations_5y": 9, "num_publications_10y": 5, "num_citations_10y": 19, "publications_years": {"2008": 4, "2011": 1, "2016": 2, "2010": 1, "2015": 1, "2007": 1}, "citations_years": {"2009": 3, "2010": 2, "2011": 1, "2012": 4, "2013": 0, "2014": 3, "2015": 1, "2016": 2, "2017": 2, "2018": 1, "2019": 4, "2020": 1, "2008": 1}, "old_citations": {"2008": 11, "2011": 4, "2016": 7, "2010": 0, "2015": 1, "2007": 2}, "isVisible": false}, "human computer interaction": {"name": "human computer interaction", "type": "topic", "h_index": 934, "h5_index": 215, "num_publications": 6, "num_citations": 14, "num_publications_5y": 2, "num_citations_5y": 9, "num_publications_10y": 5, "num_citations_10y": 12, "publications_years": {"2016": 2, "2008": 1, "2012": 3}, "citations_years": {"2016": 1, "2017": 4, "2018": 2, "2019": 2, "2014": 2, "2015": 0, "2013": 1, "2012": 2}, "old_citations": {"2016": 6, "2008": 3, "2012": 5}, "isVisible": false}, "information retrieval": {"name": "information retrieval", "type": "topic", "h_index": 882, "h5_index": 227, "num_publications": 6, "num_citations": 14, "num_publications_5y": 3, "num_citations_5y": 8, "num_publications_10y": 6, "num_citations_10y": 11, "publications_years": {"2015": 1, "2016": 2, "2011": 2, "2009": 1}, "citations_years": {"2017": 4, "2018": 1, "2019": 3, "2012": 2, "2016": 1, "2013": 1, "2014": 1, "2015": 1}, "old_citations": {"2015": 0, "2016": 8, "2011": 6, "2009": 0}, "isVisible": false}, "linguistics": {"name": "linguistics", "type": "topic", "h_index": 867, "h5_index": 206, "num_publications": 8, "num_citations": 33, "num_publications_5y": 3, "num_citations_5y": 19, "num_publications_10y": 6, "num_citations_10y": 26, "publications_years": {"2011": 1, "2016": 2, "2010": 2, "2008": 1, "2015": 1, "2007": 1}, "citations_years": {"2013": 3, "2014": 2, "2015": 2, "2016": 1, "2017": 5, "2018": 9, "2019": 7, "2012": 1, "2011": 1, "2009": 2}, "old_citations": {"2011": 9, "2016": 13, "2010": 5, "2008": 3, "2015": 1, "2007": 2}, "isVisible": false}, "network security": {"name": "network security", "type": "topic", "h_index": 658, "h5_index": 157, "num_publications": 7, "num_citations": 20, "num_publications_5y": 3, "num_citations_5y": 8, "num_publications_10y": 3, "num_citations_10y": 14, "publications_years": {"2008": 3, "2016": 2, "2015": 1, "2007": 1}, "citations_years": {"2009": 3, "2010": 2, "2011": 0, "2012": 1, "2013": 0, "2014": 2, "2015": 1, "2016": 2, "2017": 2, "2018": 1, "2019": 4, "2020": 1, "2008": 1}, "old_citations": {"2008": 10, "2016": 7, "2015": 1, "2007": 2}, "isVisible": false}, "classifiers": {"name": "classifiers", "type": "topic", "h_index": 607, "h5_index": 162, "num_publications": 1, "num_citations": 39, "num_publications_5y": 1, "num_citations_5y": 23, "num_publications_10y": 1, "num_citations_10y": 23, "publications_years": {"2016": 1}, "citations_years": {"2016": 2, "2017": 5, "2018": 16, "2019": 14, "2020": 2}, "old_citations": {"2016": 39}, "isVisible": false}, "computer crime": {"name": "computer crime", "type": "topic", "h_index": 466, "h5_index": 123, "num_publications": 2, "num_citations": 41, "num_publications_5y": 1, "num_citations_5y": 23, "num_publications_10y": 1, "num_citations_10y": 25, "publications_years": {"2016": 1, "2007": 1}, "citations_years": {"2016": 2, "2017": 5, "2018": 16, "2019": 14, "2020": 2, "2009": 2}, "old_citations": {"2016": 39, "2007": 2}, "isVisible": false}, "detection algorithm": {"name": "detection algorithm", "type": "topic", "h_index": 424, "h5_index": 141, "num_publications": 2, "num_citations": 41, "num_publications_5y": 1, "num_citations_5y": 23, "num_publications_10y": 1, "num_citations_10y": 25, "publications_years": {"2016": 1, "2007": 1}, "citations_years": {"2016": 2, "2017": 5, "2018": 16, "2019": 14, "2020": 2, "2009": 2}, "old_citations": {"2016": 39, "2007": 2}, "isVisible": false}, "dimensionality reduction": {"name": "dimensionality reduction", "type": "topic", "h_index": 256, "h5_index": 74, "num_publications": 1, "num_citations": 39, "num_publications_5y": 1, "num_citations_5y": 23, "num_publications_10y": 1, "num_citations_10y": 23, "publications_years": {"2016": 1}, "citations_years": {"2016": 2, "2017": 5, "2018": 16, "2019": 14, "2020": 2}, "old_citations": {"2016": 39}, "isVisible": false}, "discriminant analysis": {"name": "discriminant analysis", "type": "topic", "h_index": 294, "h5_index": 78, "num_publications": 1, "num_citations": 39, "num_publications_5y": 1, "num_citations_5y": 23, "num_publications_10y": 1, "num_citations_10y": 23, "publications_years": {"2016": 1}, "citations_years": {"2016": 2, "2017": 5, "2018": 16, "2019": 14, "2020": 2}, "old_citations": {"2016": 39}, "isVisible": false}}, "authors": {"780529316": {"name": "eduard gringinger", "type": "author", "activity": 10, "h_index": 5, "h5_index": 3, "mag_id": "780529316", "num_publications": 5, "num_citations": 27, "num_publications_5y": 3, "num_citations_5y": 20, "num_publications_10y": 5, "num_citations_10y": 23, "publications_years": {"2016": 2, "2015": 1, "2010": 1, "2011": 1}, "citations_years": {"2016": 7, "2017": 6, "2018": 4, "2019": 4, "2011": 1, "2012": 1, "2013": 1, "2014": 1, "2015": 2}, "old_citations": {"2016": 6, "2015": 13, "2010": 3, "2011": 5}, "isVisible": true}, "2044808268": {"name": "paul comitz", "type": "author", "activity": 9, "h_index": 3, "h5_index": 1, "mag_id": "2044808268", "num_publications": 4, "num_citations": 13, "num_publications_5y": 2, "num_citations_5y": 8, "num_publications_10y": 3, "num_citations_10y": 10, "publications_years": {"2015": 1, "2016": 1, "2010": 1, "2008": 1}, "citations_years": {"2018": 7, "2019": 3, "2012": 1, "2013": 1, "2014": 1}, "old_citations": {"2015": 0, "2016": 10, "2010": 2, "2008": 1}, "isVisible": false}, "2054213392": {"name": "lance sherry", "type": "author", "activity": 16, "h_index": 7, "h5_index": 2, "mag_id": "2054213392", "num_publications": 4, "num_citations": 62, "num_publications_5y": 2, "num_citations_5y": 34, "num_publications_10y": 4, "num_citations_10y": 40, "publications_years": {"2011": 1, "2016": 2, "2012": 1}, "citations_years": {"2013": 5, "2014": 3, "2015": 3, "2016": 4, "2017": 7, "2018": 17, "2019": 19, "2020": 3, "2012": 1}, "old_citations": {"2011": 9, "2016": 44, "2012": 9}, "isVisible": false}, "2104407708": {"name": "dieter eier", "type": "author", "activity": 10, "h_index": 3, "h5_index": 1, "mag_id": "2104407708", "num_publications": 3, "num_citations": 9, "num_publications_5y": 1, "num_citations_5y": 4, "num_publications_10y": 3, "num_citations_10y": 7, "publications_years": {"2016": 1, "2010": 1, "2011": 1}, "citations_years": {"2017": 1, "2011": 1, "2012": 1, "2013": 1, "2014": 1, "2015": 2, "2016": 0, "2018": 0, "2019": 2}, "old_citations": {"2016": 1, "2010": 3, "2011": 5}, "isVisible": false}, "651475416": {"name": "dieter merkl", "type": "author", "activity": 29, "h_index": 23, "h5_index": 1, "mag_id": "651475416", "num_publications": 2, "num_citations": 8, "num_publications_5y": 0, "num_citations_5y": 3, "num_publications_10y": 2, "num_citations_10y": 6, "publications_years": {"2010": 1, "2011": 1}, "citations_years": {"2011": 1, "2012": 1, "2013": 1, "2014": 1, "2015": 2, "2016": 0, "2017": 0, "2018": 0, "2019": 2}, "old_citations": {"2010": 3, "2011": 5}, "isVisible": false}, "2061501660": {"name": "markus klopf", "type": "author", "activity": 7, "h_index": 1, "h5_index": 1, "mag_id": "2061501660", "num_publications": 2, "num_citations": 2, "num_publications_5y": 1, "num_citations_5y": 1, "num_publications_10y": 2, "num_citations_10y": 2, "publications_years": {"2011": 1, "2016": 1}, "citations_years": {"2012": 1, "2017": 1}, "old_citations": {"2011": 1, "2016": 1}, "isVisible": false}, "2222814766": {"name": "felix burgstaller", "type": "author", "activity": 4, "h_index": 4, "h5_index": 4, "mag_id": "2222814766", "num_publications": 2, "num_citations": 18, "num_publications_5y": 2, "num_citations_5y": 16, "num_publications_10y": 2, "num_citations_10y": 16, "publications_years": {"2016": 1, "2015": 1}, "citations_years": {"2016": 7, "2017": 5, "2018": 4, "2019": 2}, "old_citations": {"2016": 5, "2015": 13}, "isVisible": false}, "2228029647": {"name": "anvardh nanduri", "type": "author", "activity": 2, "h_index": 2, "h5_index": 2, "mag_id": "2228029647", "num_publications": 2, "num_citations": 44, "num_publications_5y": 2, "num_citations_5y": 24, "num_publications_10y": 2, "num_citations_10y": 24, "publications_years": {"2016": 2}, "citations_years": {"2016": 3, "2017": 5, "2018": 16, "2019": 17, "2020": 3}, "old_citations": {"2016": 44}, "isVisible": false}, "2228481544": {"name": "dieter steiner", "type": "author", "activity": 3, "h_index": 4, "h5_index": 4, "mag_id": "2228481544", "num_publications": 2, "num_citations": 18, "num_publications_5y": 2, "num_citations_5y": 16, "num_publications_10y": 2, "num_citations_10y": 16, "publications_years": {"2016": 1, "2015": 1}, "citations_years": {"2016": 7, "2017": 5, "2018": 4, "2019": 2}, "old_citations": {"2016": 5, "2015": 13}, "isVisible": false}, "2242930301": {"name": "michael schrefl", "type": "author", "activity": 30, "h_index": 22, "h5_index": 5, "mag_id": "2242930301", "num_publications": 2, "num_citations": 18, "num_publications_5y": 2, "num_citations_5y": 16, "num_publications_10y": 2, "num_citations_10y": 16, "publications_years": {"2016": 1, "2015": 1}, "citations_years": {"2016": 7, "2017": 5, "2018": 4, "2019": 2}, "old_citations": {"2016": 5, "2015": 13}, "isVisible": false}, "248986548": {"name": "remzi seker", "type": "author", "activity": 16, "h_index": 8, "h5_index": 1, "mag_id": "248986548", "num_publications": 1, "num_citations": 2, "num_publications_5y": 1, "num_citations_5y": 2, "num_publications_10y": 1, "num_citations_10y": 2, "publications_years": {"2016": 1}, "citations_years": {"2016": 1, "2017": 1}, "old_citations": {"2016": 2}, "isVisible": false}, "267058691": {"name": "radu f babiceanu", "type": "author", "activity": 15, "h_index": 3, "h5_index": 2, "mag_id": "267058691", "num_publications": 1, "num_citations": 2, "num_publications_5y": 1, "num_citations_5y": 2, "num_publications_10y": 1, "num_citations_10y": 2, "publications_years": {"2016": 1}, "citations_years": {"2016": 1, "2017": 1}, "old_citations": {"2016": 2}, "isVisible": false}, "302143126": {"name": "kajal t claypool", "type": "author", "activity": 23, "h_index": 15, "h5_index": 1, "mag_id": "302143126", "num_publications": 1, "num_citations": 1, "num_publications_5y": 0, "num_citations_5y": 1, "num_publications_10y": 1, "num_citations_10y": 1, "publications_years": {"2012": 1}, "citations_years": {"2016": 1}, "old_citations": {"2012": 1}, "isVisible": false}, "1542733579": {"name": "georg trausmuth", "type": "author", "activity": 2, "h_index": 1, "h5_index": 0, "mag_id": "1542733579", "num_publications": 1, "num_citations": 1, "num_publications_5y": 0, "num_citations_5y": 0, "num_publications_10y": 1, "num_citations_10y": 1, "publications_years": {"2011": 1}, "citations_years": {"2012": 1}, "old_citations": {"2011": 1}, "isVisible": false}, "1607173833": {"name": "john f shortle", "type": "author", "activity": 19, "h_index": 9, "h5_index": 1, "mag_id": "1607173833", "num_publications": 1, "num_citations": 9, "num_publications_5y": 0, "num_citations_5y": 4, "num_publications_10y": 1, "num_citations_10y": 8, "publications_years": {"2012": 1}, "citations_years": {"2012": 1, "2013": 3, "2014": 2, "2015": 2, "2016": 0, "2017": 0, "2018": 0, "2019": 1}, "old_citations": {"2012": 9}, "isVisible": false}, "1967484495": {"name": "steve bliesner", "type": "author", "activity": 6, "h_index": 2, "h5_index": 0, "mag_id": "1967484495", "num_publications": 1, "num_citations": 1, "num_publications_5y": 0, "num_citations_5y": 1, "num_publications_10y": 0, "num_citations_10y": 1, "publications_years": {"2008": 1}, "citations_years": {"2014": 1}, "old_citations": {"2008": 1}, "isVisible": false}, "1976616749": {"name": "mohammadreza aminikashani", "type": "author", "activity": 2, "h_index": 3, "h5_index": 2, "mag_id": "1976616749", "num_publications": 1, "num_citations": 3, "num_publications_5y": 1, "num_citations_5y": 3, "num_publications_10y": 1, "num_citations_10y": 3, "publications_years": {"2015": 1}, "citations_years": {"2016": 2, "2017": 0, "2018": 1}, "old_citations": {"2015": 3}, "isVisible": false}, "1985038679": {"name": "melissa ohsfeldt", "type": "author", "activity": 1, "h_index": 1, "h5_index": 0, "mag_id": "1985038679", "num_publications": 1, "num_citations": 3, "num_publications_5y": 0, "num_citations_5y": 3, "num_publications_10y": 1, "num_citations_10y": 3, "publications_years": {"2012": 1}, "citations_years": {"2014": 1, "2015": 0, "2016": 2}, "old_citations": {"2012": 3}, "isVisible": false}, "1997153820": {"name": "kyle r noth", "type": "author", "activity": 1, "h_index": 0, "h5_index": 0, "mag_id": "1997153820", "num_publications": 1, "num_citations": 0, "num_publications_5y": 0, "num_citations_5y": 0, "num_publications_10y": 1, "num_citations_10y": 0, "publications_years": {"2012": 1}, "citations_years": {}, "old_citations": {"2012": 0}, "isVisible": false}, "2005332039": {"name": "samet ayhan", "type": "author", "activity": 10, "h_index": 2, "h5_index": 0, "mag_id": "2005332039", "num_publications": 1, "num_citations": 0, "num_publications_5y": 1, "num_citations_5y": 0, "num_publications_10y": 1, "num_citations_10y": 0, "publications_years": {"2015": 1}, "citations_years": {}, "old_citations": {"2015": 0}, "isVisible": false}, "2006460012": {"name": "c h rokitansky", "type": "author", "activity": 12, "h_index": 6, "h5_index": 0, "mag_id": "2006460012", "num_publications": 1, "num_citations": 3, "num_publications_5y": 0, "num_citations_5y": 2, "num_publications_10y": 1, "num_citations_10y": 3, "publications_years": {"2012": 1}, "citations_years": {"2013": 1, "2014": 1, "2015": 0, "2016": 0, "2017": 1}, "old_citations": {"2012": 3}, "isVisible": false}, "2043227131": {"name": "thomas graupl", "type": "author", "activity": 12, "h_index": 4, "h5_index": 0, "mag_id": "2043227131", "num_publications": 1, "num_citations": 3, "num_publications_5y": 0, "num_citations_5y": 2, "num_publications_10y": 1, "num_citations_10y": 3, "publications_years": {"2012": 1}, "citations_years": {"2013": 1, "2014": 1, "2015": 0, "2016": 0, "2017": 1}, "old_citations": {"2012": 3}, "isVisible": false}, "2064211948": {"name": "nikos fistas", "type": "author", "activity": 9, "h_index": 0, "h5_index": 0, "mag_id": "2064211948", "num_publications": 1, "num_citations": 0, "num_publications_5y": 1, "num_citations_5y": 0, "num_publications_10y": 1, "num_citations_10y": 0, "publications_years": {"2015": 1}, "citations_years": {}, "old_citations": {"2015": 0}, "isVisible": false}, "2079249363": {"name": "peng deng", "type": "author", "activity": 4, "h_index": 2, "h5_index": 2, "mag_id": "2079249363", "num_publications": 1, "num_citations": 3, "num_publications_5y": 1, "num_citations_5y": 3, "num_publications_10y": 1, "num_citations_10y": 3, "publications_years": {"2015": 1}, "citations_years": {"2016": 2, "2017": 0, "2018": 1}, "old_citations": {"2015": 3}, "isVisible": false}, "2115055915": {"name": "lorrie smith", "type": "author", "activity": 1, "h_index": 1, "h5_index": 0, "mag_id": "2115055915", "num_publications": 1, "num_citations": 2, "num_publications_5y": 0, "num_citations_5y": 0, "num_publications_10y": 1, "num_citations_10y": 2, "publications_years": {"2012": 1}, "citations_years": {"2012": 2}, "old_citations": {"2012": 2}, "isVisible": false}, "2128611756": {"name": "arash yousefi", "type": "author", "activity": 3, "h_index": 4, "h5_index": 0, "mag_id": "2128611756", "num_publications": 1, "num_citations": 9, "num_publications_5y": 0, "num_citations_5y": 4, "num_publications_10y": 1, "num_citations_10y": 8, "publications_years": {"2012": 1}, "citations_years": {"2012": 1, "2013": 3, "2014": 2, "2015": 2, "2016": 0, "2017": 0, "2018": 0, "2019": 1}, "old_citations": {"2012": 9}, "isVisible": false}, "2143759989": {"name": "william baden", "type": "author", "activity": 8, "h_index": 1, "h5_index": 0, "mag_id": "2143759989", "num_publications": 1, "num_citations": 2, "num_publications_5y": 0, "num_citations_5y": 0, "num_publications_10y": 1, "num_citations_10y": 2, "publications_years": {"2012": 1}, "citations_years": {"2012": 2}, "old_citations": {"2012": 2}, "isVisible": false}, "2144885176": {"name": "amarnath jasti", "type": "author", "activity": 9, "h_index": 4, "h5_index": 0, "mag_id": "2144885176", "num_publications": 1, "num_citations": 5, "num_publications_5y": 0, "num_citations_5y": 1, "num_publications_10y": 1, "num_citations_10y": 5, "publications_years": {"2011": 1}, "citations_years": {"2011": 1, "2012": 2, "2013": 1, "2014": 0, "2015": 1}, "old_citations": {"2011": 5}, "isVisible": false}, "2148563855": {"name": "richard xie", "type": "author", "activity": 1, "h_index": 2, "h5_index": 0, "mag_id": "2148563855", "num_publications": 1, "num_citations": 9, "num_publications_5y": 0, "num_citations_5y": 4, "num_publications_10y": 1, "num_citations_10y": 8, "publications_years": {"2012": 1}, "citations_years": {"2012": 1, "2013": 3, "2014": 2, "2015": 2, "2016": 0, "2017": 0, "2018": 0, "2019": 1}, "old_citations": {"2012": 9}, "isVisible": false}, "2152574390": {"name": "dave whitman", "type": "author", "activity": 1, "h_index": 0, "h5_index": 0, "mag_id": "2152574390", "num_publications": 1, "num_citations": 0, "num_publications_5y": 0, "num_citations_5y": 0, "num_publications_10y": 1, "num_citations_10y": 0, "publications_years": {"2010": 1}, "citations_years": {}, "old_citations": {"2010": 0}, "isVisible": false}, "2153701464": {"name": "kamran kiasaleh", "type": "author", "activity": 30, "h_index": 10, "h5_index": 2, "mag_id": "2153701464", "num_publications": 1, "num_citations": 1, "num_publications_5y": 0, "num_citations_5y": 0, "num_publications_10y": 1, "num_citations_10y": 1, "publications_years": {"2010": 1}, "citations_years": {"2011": 1}, "old_citations": {"2010": 1}, "isVisible": false}, "2156446365": {"name": "george hunter", "type": "author", "activity": 14, "h_index": 5, "h5_index": 1, "mag_id": "2156446365", "num_publications": 1, "num_citations": 0, "num_publications_5y": 0, "num_citations_5y": 0, "num_publications_10y": 1, "num_citations_10y": 0, "publications_years": {"2012": 1}, "citations_years": {}, "old_citations": {"2012": 0}, "isVisible": false}, "2160925730": {"name": "ali montazeri", "type": "author", "activity": 5, "h_index": 2, "h5_index": 0, "mag_id": "2160925730", "num_publications": 1, "num_citations": 1, "num_publications_5y": 0, "num_citations_5y": 0, "num_publications_10y": 1, "num_citations_10y": 1, "publications_years": {"2010": 1}, "citations_years": {"2011": 1}, "old_citations": {"2010": 1}, "isVisible": false}, "2204917886": {"name": "bruno miller", "type": "author", "activity": 1, "h_index": 1, "h5_index": 0, "mag_id": "2204917886", "num_publications": 1, "num_citations": 1, "num_publications_5y": 0, "num_citations_5y": 0, "num_publications_10y": 1, "num_citations_10y": 1, "publications_years": {"2011": 1}, "citations_years": {"2011": 1}, "old_citations": {"2011": 1}, "isVisible": false}, "2224536449": {"name": "surya narayan mohapatra", "type": "author", "activity": 4, "h_index": 2, "h5_index": 0, "mag_id": "2224536449", "num_publications": 1, "num_citations": 5, "num_publications_5y": 0, "num_citations_5y": 1, "num_publications_10y": 1, "num_citations_10y": 5, "publications_years": {"2011": 1}, "citations_years": {"2011": 1, "2012": 2, "2013": 1, "2014": 0, "2015": 1}, "old_citations": {"2011": 5}, "isVisible": false}, "2224997080": {"name": "shawn hanegan", "type": "author", "activity": 1, "h_index": 0, "h5_index": 0, "mag_id": "2224997080", "num_publications": 1, "num_citations": 0, "num_publications_5y": 0, "num_citations_5y": 0, "num_publications_10y": 1, "num_citations_10y": 0, "publications_years": {"2012": 1}, "citations_years": {}, "old_citations": {"2012": 0}, "isVisible": false}, "2225290147": {"name": "b jandl", "type": "author", "activity": 1, "h_index": 1, "h5_index": 0, "mag_id": "2225290147", "num_publications": 1, "num_citations": 3, "num_publications_5y": 0, "num_citations_5y": 2, "num_publications_10y": 1, "num_citations_10y": 3, "publications_years": {"2012": 1}, "citations_years": {"2013": 1, "2014": 1, "2015": 0, "2016": 0, "2017": 1}, "old_citations": {"2012": 3}, "isVisible": false}, "2225365851": {"name": "mohammed a alghumgham", "type": "author", "activity": 1, "h_index": 1, "h5_index": 1, "mag_id": "2225365851", "num_publications": 1, "num_citations": 2, "num_publications_5y": 1, "num_citations_5y": 2, "num_publications_10y": 1, "num_citations_10y": 2, "publications_years": {"2016": 1}, "citations_years": {"2016": 1, "2017": 1}, "old_citations": {"2016": 2}, "isVisible": false}, "2225922062": {"name": "junwei gu", "type": "author", "activity": 1, "h_index": 1, "h5_index": 0, "mag_id": "2225922062", "num_publications": 1, "num_citations": 5, "num_publications_5y": 1, "num_citations_5y": 5, "num_publications_10y": 1, "num_citations_10y": 5, "publications_years": {"2015": 1}, "citations_years": {"2014": 1, "2015": 1, "2016": 1, "2017": 0, "2018": 2}, "old_citations": {"2015": 5}, "isVisible": false}, "2228498833": {"name": "ehsan shebani", "type": "author", "activity": 1, "h_index": 1, "h5_index": 0, "mag_id": "2228498833", "num_publications": 1, "num_citations": 4, "num_publications_5y": 0, "num_citations_5y": 0, "num_publications_10y": 1, "num_citations_10y": 4, "publications_years": {"2011": 1}, "citations_years": {"2011": 1, "2012": 3}, "old_citations": {"2011": 4}, "isVisible": false}, "2230489616": {"name": "vic patel", "type": "author", "activity": 1, "h_index": 1, "h5_index": 0, "mag_id": "2230489616", "num_publications": 1, "num_citations": 1, "num_publications_5y": 1, "num_citations_5y": 1, "num_publications_10y": 1, "num_citations_10y": 1, "publications_years": {"2015": 1}, "citations_years": {"2017": 1}, "old_citations": {"2015": 1}, "isVisible": false}, "2231059618": {"name": "linsheng zheng", "type": "author", "activity": 1, "h_index": 0, "h5_index": 0, "mag_id": "2231059618", "num_publications": 1, "num_citations": 0, "num_publications_5y": 1, "num_citations_5y": 0, "num_publications_10y": 1, "num_citations_10y": 0, "publications_years": {"2015": 1}, "citations_years": {}, "old_citations": {"2015": 0}, "isVisible": false}, "2231297715": {"name": "sam van der stricht", "type": "author", "activity": 2, "h_index": 2, "h5_index": 0, "mag_id": "2231297715", "num_publications": 1, "num_citations": 13, "num_publications_5y": 1, "num_citations_5y": 12, "num_publications_10y": 1, "num_citations_10y": 12, "publications_years": {"2015": 1}, "citations_years": {"2016": 6, "2017": 3, "2018": 3, "2019": 1}, "old_citations": {"2015": 13}, "isVisible": false}, "2231478885": {"name": "keith craig", "type": "author", "activity": 2, "h_index": 0, "h5_index": 0, "mag_id": "2231478885", "num_publications": 1, "num_citations": 0, "num_publications_5y": 1, "num_citations_5y": 0, "num_publications_10y": 1, "num_citations_10y": 0, "publications_years": {"2015": 1}, "citations_years": {}, "old_citations": {"2015": 0}, "isVisible": false}, "2250334663": {"name": "diego escala", "type": "author", "activity": 1, "h_index": 0, "h5_index": 0, "mag_id": "2250334663", "num_publications": 1, "num_citations": 0, "num_publications_5y": 0, "num_citations_5y": 0, "num_publications_10y": 1, "num_citations_10y": 0, "publications_years": {"2011": 1}, "citations_years": {}, "old_citations": {"2011": 0}, "isVisible": false}, "2250400073": {"name": "siyuan zhang", "type": "author", "activity": 1, "h_index": 0, "h5_index": 0, "mag_id": "2250400073", "num_publications": 1, "num_citations": 0, "num_publications_5y": 1, "num_citations_5y": 0, "num_publications_10y": 1, "num_citations_10y": 0, "publications_years": {"2015": 1}, "citations_years": {}, "old_citations": {"2015": 0}, "isVisible": false}, "2251087217": {"name": "ravi pendse", "type": "author", "activity": 24, "h_index": 11, "h5_index": 0, "mag_id": "2251087217", "num_publications": 1, "num_citations": 5, "num_publications_5y": 0, "num_citations_5y": 1, "num_publications_10y": 1, "num_citations_10y": 5, "publications_years": {"2011": 1}, "citations_years": {"2011": 1, "2012": 2, "2013": 1, "2014": 0, "2015": 1}, "old_citations": {"2011": 5}, "isVisible": false}, "2265015404": {"name": "s john", "type": "author", "activity": 1, "h_index": 1, "h5_index": 0, "mag_id": "2265015404", "num_publications": 1, "num_citations": 2, "num_publications_5y": 0, "num_citations_5y": 0, "num_publications_10y": 0, "num_citations_10y": 2, "publications_years": {"2007": 1}, "citations_years": {"2009": 2}, "old_citations": {"2007": 2}, "isVisible": false}, "2268135767": {"name": "r lamarche", "type": "author", "activity": 1, "h_index": 1, "h5_index": 0, "mag_id": "2268135767", "num_publications": 1, "num_citations": 3, "num_publications_5y": 0, "num_citations_5y": 2, "num_publications_10y": 0, "num_citations_10y": 2, "publications_years": {"2008": 1}, "citations_years": {"2014": 1, "2015": 0, "2016": 0, "2017": 0, "2018": 1, "2019": 1}, "old_citations": {"2008": 3}, "isVisible": false}, "2274271505": {"name": "zhiyuan shen", "type": "author", "activity": 1, "h_index": 1, "h5_index": 0, "mag_id": "2274271505", "num_publications": 1, "num_citations": 5, "num_publications_5y": 1, "num_citations_5y": 5, "num_publications_10y": 1, "num_citations_10y": 5, "publications_years": {"2015": 1}, "citations_years": {"2014": 1, "2015": 1, "2016": 1, "2017": 0, "2018": 2}, "old_citations": {"2015": 5}, "isVisible": false}, "2288167508": {"name": "adric eckstein", "type": "author", "activity": 6, "h_index": 3, "h5_index": 0, "mag_id": "2288167508", "num_publications": 1, "num_citations": 20, "num_publications_5y": 0, "num_citations_5y": 10, "num_publications_10y": 1, "num_citations_10y": 18, "publications_years": {"2009": 1}, "citations_years": {"2010": 2, "2011": 1, "2012": 2, "2013": 3, "2014": 0, "2015": 3, "2016": 4, "2017": 1, "2018": 2, "2019": 1, "2020": 1}, "old_citations": {"2009": 20}, "isVisible": false}, "2295931240": {"name": "sandra anderson", "type": "author", "activity": 1, "h_index": 0, "h5_index": 0, "mag_id": "2295931240", "num_publications": 1, "num_citations": 0, "num_publications_5y": 0, "num_citations_5y": 0, "num_publications_10y": 1, "num_citations_10y": 0, "publications_years": {"2012": 1}, "citations_years": {}, "old_citations": {"2012": 0}, "isVisible": false}, "2297306292": {"name": "brian wickham", "type": "author", "activity": 5, "h_index": 2, "h5_index": 1, "mag_id": "2297306292", "num_publications": 1, "num_citations": 2, "num_publications_5y": 0, "num_citations_5y": 0, "num_publications_10y": 1, "num_citations_10y": 2, "publications_years": {"2012": 1}, "citations_years": {"2012": 2}, "old_citations": {"2012": 2}, "isVisible": false}, "2302683551": {"name": "laurie litwin", "type": "author", "activity": 1, "h_index": 2, "h5_index": 0, "mag_id": "2302683551", "num_publications": 1, "num_citations": 2, "num_publications_5y": 0, "num_citations_5y": 0, "num_publications_10y": 1, "num_citations_10y": 2, "publications_years": {"2012": 1}, "citations_years": {"2012": 2}, "old_citations": {"2012": 2}, "isVisible": false}, "2304390194": {"name": "stephen augustine", "type": "author", "activity": 10, "h_index": 1, "h5_index": 0, "mag_id": "2304390194", "num_publications": 1, "num_citations": 1, "num_publications_5y": 0, "num_citations_5y": 0, "num_publications_10y": 1, "num_citations_10y": 1, "publications_years": {"2011": 1}, "citations_years": {"2011": 1}, "old_citations": {"2011": 1}, "isVisible": false}, "2306282705": {"name": "poornima balakrishna", "type": "author", "activity": 7, "h_index": 1, "h5_index": 0, "mag_id": "2306282705", "num_publications": 1, "num_citations": 0, "num_publications_5y": 0, "num_citations_5y": 0, "num_publications_10y": 1, "num_citations_10y": 0, "publications_years": {"2012": 1}, "citations_years": {}, "old_citations": {"2012": 0}, "isVisible": false}, "2308972431": {"name": "scott wilson", "type": "author", "activity": 5, "h_index": 3, "h5_index": 2, "mag_id": "2308972431", "num_publications": 1, "num_citations": 13, "num_publications_5y": 1, "num_citations_5y": 12, "num_publications_10y": 1, "num_citations_10y": 12, "publications_years": {"2015": 1}, "citations_years": {"2016": 6, "2017": 3, "2018": 3, "2019": 1}, "old_citations": {"2015": 13}, "isVisible": false}, "2309109405": {"name": "gary gerberick", "type": "author", "activity": 4, "h_index": 2, "h5_index": 0, "mag_id": "2309109405", "num_publications": 1, "num_citations": 0, "num_publications_5y": 1, "num_citations_5y": 0, "num_publications_10y": 1, "num_citations_10y": 0, "publications_years": {"2015": 1}, "citations_years": {}, "old_citations": {"2015": 0}, "isVisible": false}, "2328485852": {"name": "ari chanen", "type": "author", "activity": 1, "h_index": 1, "h5_index": 1, "mag_id": "2328485852", "num_publications": 1, "num_citations": 3, "num_publications_5y": 1, "num_citations_5y": 2, "num_publications_10y": 1, "num_citations_10y": 2, "publications_years": {"2016": 1}, "citations_years": {"2017": 2, "2018": 0, "2019": 1}, "old_citations": {"2016": 3}, "isVisible": false}, "2404310078": {"name": "v ramakrishnan", "type": "author", "activity": 1, "h_index": 1, "h5_index": 0, "mag_id": "2404310078", "num_publications": 1, "num_citations": 2, "num_publications_5y": 0, "num_citations_5y": 0, "num_publications_10y": 0, "num_citations_10y": 2, "publications_years": {"2007": 1}, "citations_years": {"2009": 2}, "old_citations": {"2007": 2}, "isVisible": false}, "2413292550": {"name": "michael p matthews", "type": "author", "activity": 23, "h_index": 0, "h5_index": 0, "mag_id": "2413292550", "num_publications": 1, "num_citations": 0, "num_publications_5y": 1, "num_citations_5y": 0, "num_publications_10y": 1, "num_citations_10y": 0, "publications_years": {"2015": 1}, "citations_years": {}, "old_citations": {"2015": 0}, "isVisible": false}, "2421750979": {"name": "thomas friesacher", "type": "author", "activity": 1, "h_index": 1, "h5_index": 1, "mag_id": "2421750979", "num_publications": 1, "num_citations": 5, "num_publications_5y": 1, "num_citations_5y": 4, "num_publications_10y": 1, "num_citations_10y": 4, "publications_years": {"2016": 1}, "citations_years": {"2016": 1, "2017": 2, "2018": 1, "2019": 1}, "old_citations": {"2016": 5}, "isVisible": false}, "2423463661": {"name": "terry thompson", "type": "author", "activity": 2, "h_index": 2, "h5_index": 0, "mag_id": "2423463661", "num_publications": 1, "num_citations": 1, "num_publications_5y": 0, "num_citations_5y": 0, "num_publications_10y": 1, "num_citations_10y": 1, "publications_years": {"2011": 1}, "citations_years": {"2011": 1}, "old_citations": {"2011": 1}, "isVisible": false}, "2425185734": {"name": "min chen", "type": "author", "activity": 1, "h_index": 0, "h5_index": 0, "mag_id": "2425185734", "num_publications": 1, "num_citations": 0, "num_publications_5y": 1, "num_citations_5y": 0, "num_publications_10y": 1, "num_citations_10y": 0, "publications_years": {"2015": 1}, "citations_years": {}, "old_citations": {"2015": 0}, "isVisible": false}, "2431458925": {"name": "xianying li", "type": "author", "activity": 1, "h_index": 0, "h5_index": 0, "mag_id": "2431458925", "num_publications": 1, "num_citations": 0, "num_publications_5y": 1, "num_citations_5y": 0, "num_publications_10y": 1, "num_citations_10y": 0, "publications_years": {"2015": 1}, "citations_years": {}, "old_citations": {"2015": 0}, "isVisible": false}, "2433558385": {"name": "ping chen", "type": "author", "activity": 1, "h_index": 1, "h5_index": 0, "mag_id": "2433558385", "num_publications": 1, "num_citations": 5, "num_publications_5y": 1, "num_citations_5y": 5, "num_publications_10y": 1, "num_citations_10y": 5, "publications_years": {"2015": 1}, "citations_years": {"2014": 1, "2015": 1, "2016": 1, "2017": 0, "2018": 2}, "old_citations": {"2015": 5}, "isVisible": false}, "2442346601": {"name": "ilko kovacic", "type": "author", "activity": 3, "h_index": 2, "h5_index": 2, "mag_id": "2442346601", "num_publications": 1, "num_citations": 5, "num_publications_5y": 1, "num_citations_5y": 4, "num_publications_10y": 1, "num_citations_10y": 4, "publications_years": {"2016": 1}, "citations_years": {"2016": 1, "2017": 2, "2018": 1, "2019": 1}, "old_citations": {"2016": 5}, "isVisible": false}, "2442856205": {"name": "r a kumar", "type": "author", "activity": 1, "h_index": 1, "h5_index": 0, "mag_id": "2442856205", "num_publications": 1, "num_citations": 2, "num_publications_5y": 0, "num_citations_5y": 0, "num_publications_10y": 0, "num_citations_10y": 2, "publications_years": {"2007": 1}, "citations_years": {"2009": 2}, "old_citations": {"2007": 2}, "isVisible": false}, "2463835540": {"name": "m zavareh", "type": "author", "activity": 1, "h_index": 1, "h5_index": 0, "mag_id": "2463835540", "num_publications": 1, "num_citations": 1, "num_publications_5y": 0, "num_citations_5y": 0, "num_publications_10y": 1, "num_citations_10y": 1, "publications_years": {"2011": 1}, "citations_years": {"2011": 1}, "old_citations": {"2011": 1}, "isVisible": false}, "2489105122": {"name": "michael johnson", "type": "author", "activity": 1, "h_index": 1, "h5_index": 0, "mag_id": "2489105122", "num_publications": 1, "num_citations": 1, "num_publications_5y": 0, "num_citations_5y": 0, "num_publications_10y": 1, "num_citations_10y": 1, "publications_years": {"2011": 1}, "citations_years": {"2011": 1}, "old_citations": {"2011": 1}, "isVisible": false}, "2493105975": {"name": "roger li", "type": "author", "activity": 1, "h_index": 0, "h5_index": 0, "mag_id": "2493105975", "num_publications": 1, "num_citations": 0, "num_publications_5y": 0, "num_citations_5y": 0, "num_publications_10y": 1, "num_citations_10y": 0, "publications_years": {"2009": 1}, "citations_years": {}, "old_citations": {"2009": 0}, "isVisible": false}, "2514502858": {"name": "sameer kulkarni", "type": "author", "activity": 1, "h_index": 1, "h5_index": 0, "mag_id": "2514502858", "num_publications": 1, "num_citations": 9, "num_publications_5y": 0, "num_citations_5y": 6, "num_publications_10y": 1, "num_citations_10y": 8, "publications_years": {"2011": 1}, "citations_years": {"2013": 2, "2014": 1, "2015": 1, "2016": 1, "2017": 2, "2018": 1, "2019": 1}, "old_citations": {"2011": 9}, "isVisible": false}, "2538134424": {"name": "seli agbolosuamison", "type": "author", "activity": 8, "h_index": 2, "h5_index": 1, "mag_id": "2538134424", "num_publications": 1, "num_citations": 2, "num_publications_5y": 0, "num_citations_5y": 0, "num_publications_10y": 1, "num_citations_10y": 2, "publications_years": {"2012": 1}, "citations_years": {"2012": 2}, "old_citations": {"2012": 2}, "isVisible": false}, "2561442603": {"name": "k traw", "type": "author", "activity": 1, "h_index": 1, "h5_index": 0, "mag_id": "2561442603", "num_publications": 1, "num_citations": 3, "num_publications_5y": 0, "num_citations_5y": 0, "num_publications_10y": 0, "num_citations_10y": 2, "publications_years": {"2008": 1}, "citations_years": {"2008": 1, "2009": 0, "2010": 1, "2011": 0, "2012": 1}, "old_citations": {"2008": 3}, "isVisible": false}, "2564818201": {"name": "s yang", "type": "author", "activity": 1, "h_index": 1, "h5_index": 0, "mag_id": "2564818201", "num_publications": 1, "num_citations": 3, "num_publications_5y": 0, "num_citations_5y": 0, "num_publications_10y": 0, "num_citations_10y": 2, "publications_years": {"2008": 1}, "citations_years": {"2008": 1, "2009": 0, "2010": 1, "2011": 0, "2012": 1}, "old_citations": {"2008": 3}, "isVisible": false}, "2579075003": {"name": "rajesh ganesan", "type": "author", "activity": 17, "h_index": 7, "h5_index": 4, "mag_id": "2579075003", "num_publications": 1, "num_citations": 9, "num_publications_5y": 0, "num_citations_5y": 6, "num_publications_10y": 1, "num_citations_10y": 8, "publications_years": {"2011": 1}, "citations_years": {"2013": 2, "2014": 1, "2015": 1, "2016": 1, "2017": 2, "2018": 1, "2019": 1}, "old_citations": {"2011": 9}, "isVisible": false}, "2584952220": {"name": "carol kelly", "type": "author", "activity": 2, "h_index": 0, "h5_index": 0, "mag_id": "2584952220", "num_publications": 1, "num_citations": 0, "num_publications_5y": 1, "num_citations_5y": 0, "num_publications_10y": 1, "num_citations_10y": 0, "publications_years": {"2015": 1}, "citations_years": {}, "old_citations": {"2015": 0}, "isVisible": false}, "2619156751": {"name": "william moser", "type": "author", "activity": 1, "h_index": 1, "h5_index": 0, "mag_id": "2619156751", "num_publications": 1, "num_citations": 1, "num_publications_5y": 0, "num_citations_5y": 0, "num_publications_10y": 1, "num_citations_10y": 1, "publications_years": {"2010": 1}, "citations_years": {"2013": 1}, "old_citations": {"2010": 1}, "isVisible": false}, "2631552543": {"name": "xiaoyun shen", "type": "author", "activity": 1, "h_index": 0, "h5_index": 0, "mag_id": "2631552543", "num_publications": 1, "num_citations": 0, "num_publications_5y": 1, "num_citations_5y": 0, "num_publications_10y": 1, "num_citations_10y": 0, "publications_years": {"2015": 1}, "citations_years": {}, "old_citations": {"2015": 0}, "isVisible": false}, "2663856568": {"name": "dave sweet", "type": "author", "activity": 6, "h_index": 1, "h5_index": 0, "mag_id": "2663856568", "num_publications": 1, "num_citations": 1, "num_publications_5y": 0, "num_citations_5y": 1, "num_publications_10y": 0, "num_citations_10y": 1, "publications_years": {"2008": 1}, "citations_years": {"2014": 1}, "old_citations": {"2008": 1}, "isVisible": false}, "2667062539": {"name": "mike mcgrady", "type": "author", "activity": 1, "h_index": 0, "h5_index": 0, "mag_id": "2667062539", "num_publications": 1, "num_citations": 0, "num_publications_5y": 0, "num_citations_5y": 0, "num_publications_10y": 1, "num_citations_10y": 0, "publications_years": {"2009": 1}, "citations_years": {}, "old_citations": {"2009": 0}, "isVisible": false}, "2680713109": {"name": "bhargav potluri", "type": "author", "activity": 1, "h_index": 1, "h5_index": 0, "mag_id": "2680713109", "num_publications": 1, "num_citations": 5, "num_publications_5y": 0, "num_citations_5y": 1, "num_publications_10y": 1, "num_citations_10y": 5, "publications_years": {"2011": 1}, "citations_years": {"2011": 1, "2012": 2, "2013": 1, "2014": 0, "2015": 1}, "old_citations": {"2011": 5}, "isVisible": false}, "2681734287": {"name": "joseph prete", "type": "author", "activity": 1, "h_index": 0, "h5_index": 0, "mag_id": "2681734287", "num_publications": 1, "num_citations": 0, "num_publications_5y": 0, "num_citations_5y": 0, "num_publications_10y": 1, "num_citations_10y": 0, "publications_years": {"2012": 1}, "citations_years": {}, "old_citations": {"2012": 0}, "isVisible": false}, "2685750636": {"name": "v ramakrishnan", "type": "author", "activity": 1, "h_index": 1, "h5_index": 0, "mag_id": "2685750636", "num_publications": 1, "num_citations": 4, "num_publications_5y": 0, "num_citations_5y": 2, "num_publications_10y": 0, "num_citations_10y": 4, "publications_years": {"2008": 1}, "citations_years": {"2009": 1, "2010": 1, "2011": 0, "2012": 0, "2013": 0, "2014": 1, "2015": 1}, "old_citations": {"2008": 4}, "isVisible": false}, "2687736166": {"name": "s john", "type": "author", "activity": 1, "h_index": 1, "h5_index": 0, "mag_id": "2687736166", "num_publications": 1, "num_citations": 4, "num_publications_5y": 0, "num_citations_5y": 2, "num_publications_10y": 0, "num_citations_10y": 4, "publications_years": {"2008": 1}, "citations_years": {"2009": 1, "2010": 1, "2011": 0, "2012": 0, "2013": 0, "2014": 1, "2015": 1}, "old_citations": {"2008": 4}, "isVisible": false}, "2697126746": {"name": "c wargo", "type": "author", "activity": 1, "h_index": 1, "h5_index": 0, "mag_id": "2697126746", "num_publications": 1, "num_citations": 4, "num_publications_5y": 0, "num_citations_5y": 2, "num_publications_10y": 0, "num_citations_10y": 4, "publications_years": {"2008": 1}, "citations_years": {"2009": 1, "2010": 1, "2011": 0, "2012": 0, "2013": 0, "2014": 1, "2015": 1}, "old_citations": {"2008": 4}, "isVisible": false}, "2704744398": {"name": "aaron kersch", "type": "author", "activity": 1, "h_index": 1, "h5_index": 1, "mag_id": "2704744398", "num_publications": 1, "num_citations": 10, "num_publications_5y": 1, "num_citations_5y": 7, "num_publications_10y": 1, "num_citations_10y": 7, "publications_years": {"2016": 1}, "citations_years": {"2018": 7, "2019": 3}, "old_citations": {"2016": 10}, "isVisible": false}, "2706826478": {"name": "j difelici", "type": "author", "activity": 1, "h_index": 1, "h5_index": 0, "mag_id": "2706826478", "num_publications": 1, "num_citations": 1, "num_publications_5y": 0, "num_citations_5y": 0, "num_publications_10y": 1, "num_citations_10y": 1, "publications_years": {"2011": 1}, "citations_years": {"2011": 1}, "old_citations": {"2011": 1}, "isVisible": false}, "2710243238": {"name": "xinmin tang", "type": "author", "activity": 1, "h_index": 1, "h5_index": 0, "mag_id": "2710243238", "num_publications": 1, "num_citations": 5, "num_publications_5y": 1, "num_citations_5y": 5, "num_publications_10y": 1, "num_citations_10y": 5, "publications_years": {"2015": 1}, "citations_years": {"2014": 1, "2015": 1, "2016": 1, "2017": 0, "2018": 2}, "old_citations": {"2015": 5}, "isVisible": false}, "2717476244": {"name": "meghan brand", "type": "author", "activity": 1, "h_index": 1, "h5_index": 0, "mag_id": "2717476244", "num_publications": 1, "num_citations": 1, "num_publications_5y": 0, "num_citations_5y": 0, "num_publications_10y": 1, "num_citations_10y": 1, "publications_years": {"2011": 1}, "citations_years": {"2011": 1}, "old_citations": {"2011": 1}, "isVisible": false}, "2893320411": {"name": "tom mitchell", "type": "author", "activity": 1, "h_index": 1, "h5_index": 0, "mag_id": "2893320411", "num_publications": 1, "num_citations": 3, "num_publications_5y": 0, "num_citations_5y": 3, "num_publications_10y": 1, "num_citations_10y": 3, "publications_years": {"2012": 1}, "citations_years": {"2014": 1, "2015": 0, "2016": 2}, "old_citations": {"2012": 3}, "isVisible": false}, "2917090468": {"name": "mohsen kavehrad", "type": "author", "activity": 6, "h_index": 4, "h5_index": 2, "mag_id": "2917090468", "num_publications": 1, "num_citations": 3, "num_publications_5y": 1, "num_citations_5y": 3, "num_publications_10y": 1, "num_citations_10y": 3, "publications_years": {"2015": 1}, "citations_years": {"2016": 2, "2017": 0, "2018": 1}, "old_citations": {"2015": 3}, "isVisible": false}, "2966397840": {"name": "b ranjha", "type": "author", "activity": 1, "h_index": 1, "h5_index": 0, "mag_id": "2966397840", "num_publications": 1, "num_citations": 3, "num_publications_5y": 1, "num_citations_5y": 3, "num_publications_10y": 1, "num_citations_10y": 3, "publications_years": {"2015": 1}, "citations_years": {"2016": 2, "2017": 0, "2018": 1}, "old_citations": {"2015": 3}, "isVisible": false}, "2973703013": {"name": "p comitz", "type": "author", "activity": 1, "h_index": 1, "h5_index": 0, "mag_id": "2973703013", "num_publications": 1, "num_citations": 3, "num_publications_5y": 0, "num_citations_5y": 2, "num_publications_10y": 0, "num_citations_10y": 2, "publications_years": {"2008": 1}, "citations_years": {"2014": 1, "2015": 0, "2016": 0, "2017": 0, "2018": 1, "2019": 1}, "old_citations": {"2008": 3}, "isVisible": false}, "2973912916": {"name": "s ayhan", "type": "author", "activity": 1, "h_index": 1, "h5_index": 0, "mag_id": "2973912916", "num_publications": 1, "num_citations": 3, "num_publications_5y": 0, "num_citations_5y": 2, "num_publications_10y": 0, "num_citations_10y": 2, "publications_years": {"2008": 1}, "citations_years": {"2014": 1, "2015": 0, "2016": 0, "2017": 0, "2018": 1, "2019": 1}, "old_citations": {"2008": 3}, "isVisible": false}, "2974417507": {"name": "p comitz", "type": "author", "activity": 1, "h_index": 1, "h5_index": 0, "mag_id": "2974417507", "num_publications": 1, "num_citations": 3, "num_publications_5y": 0, "num_citations_5y": 0, "num_publications_10y": 0, "num_citations_10y": 2, "publications_years": {"2008": 1}, "citations_years": {"2008": 1, "2009": 0, "2010": 1, "2011": 0, "2012": 1}, "old_citations": {"2008": 3}, "isVisible": false}, "2974600531": {"name": "bo redeborn", "type": "author", "activity": 1, "h_index": 0, "h5_index": 0, "mag_id": "2974600531", "num_publications": 1, "num_citations": 0, "num_publications_5y": 0, "num_citations_5y": 0, "num_publications_10y": 1, "num_citations_10y": 0, "publications_years": {"2012": 1}, "citations_years": {}, "old_citations": {"2012": 0}, "isVisible": false}}, "countries": {"United States": {"name": "United States", "type": "country", "h5_index": 308, "num_publications": 15, "num_citations": 94, "num_publications_5y": 6, "num_citations_5y": 46, "num_publications_10y": 15, "num_citations_10y": 70, "publications_years": {"2016": 3, "2011": 2, "2010": 2, "2012": 4, "2015": 3, "2009": 1}, "citations_years": {"2017": 9, "2018": 19, "2019": 20, "2011": 4, "2012": 10, "2016": 10, "2020": 4, "2013": 8, "2014": 2, "2015": 6, "2010": 2}, "old_citations": {"2016": 47, "2011": 9, "2010": 2, "2012": 12, "2015": 4, "2009": 20}, "isVisible": false}, "Austria": {"name": "Austria", "type": "country", "h5_index": 71, "num_publications": 5, "num_citations": 29, "num_publications_5y": 2, "num_citations_5y": 21, "num_publications_10y": 5, "num_citations_10y": 25, "publications_years": {"2016": 1, "2015": 1, "2010": 1, "2011": 1, "2012": 1}, "citations_years": {"2016": 7, "2017": 6, "2018": 4, "2019": 4, "2011": 1, "2012": 1, "2013": 2, "2014": 2, "2015": 2}, "old_citations": {"2016": 5, "2015": 13, "2010": 3, "2011": 5, "2012": 3}, "isVisible": false}, "Germany": {"name": "Germany", "type": "country", "h5_index": 139, "num_publications": 5, "num_citations": 27, "num_publications_5y": 3, "num_citations_5y": 20, "num_publications_10y": 5, "num_citations_10y": 23, "publications_years": {"2016": 2, "2015": 1, "2010": 1, "2011": 1}, "citations_years": {"2016": 7, "2017": 6, "2018": 4, "2019": 4, "2011": 1, "2012": 1, "2013": 1, "2014": 1, "2015": 2}, "old_citations": {"2016": 6, "2015": 13, "2010": 3, "2011": 5}, "isVisible": false}, "France": {"name": "France", "type": "country", "h5_index": 99, "num_publications": 3, "num_citations": 13, "num_publications_5y": 2, "num_citations_5y": 12, "num_publications_10y": 3, "num_citations_10y": 12, "publications_years": {"2015": 2, "2012": 1}, "citations_years": {"2016": 6, "2017": 3, "2018": 3, "2019": 1}, "old_citations": {"2015": 13, "2012": 0}, "isVisible": false}, "China": {"name": "China", "type": "country", "h5_index": 214, "num_publications": 2, "num_citations": 5, "num_publications_5y": 2, "num_citations_5y": 5, "num_publications_10y": 2, "num_citations_10y": 5, "publications_years": {"2015": 2}, "citations_years": {"2014": 1, "2015": 1, "2016": 1, "2017": 0, "2018": 2}, "old_citations": {"2015": 5}, "isVisible": false}}}, "conference_comparison": {"computer science": {}}, "topics_dna": {"publications": {}, "citations": {"normalized": {}, "average": {}}}, "info": {"num_publications": 45, "num_citations": 170.0, "impact_factor": {"2009": 0.6, "2010": 0.5714285714285714, "2011": 0.375, "2012": 0.6666666666666666, "2013": 0.47058823529411764, "2014": 0.4, "2015": 0, "2016": 1.125}, "publications_years": {"2012": 10, "2015": 8, "2011": 7, "2016": 7, "2010": 5, "2008": 4, "2009": 3, "2007": 1}, "citations_years": {"2008": 1, "2009": 3, "2010": 4, "2011": 6, "2012": 14, "2013": 13, "2014": 10, "2015": 11, "2016": 22, "2017": 19, "2018": 34, "2019": 29, "2020": 4}, "old_citations": {"2012": 18, "2015": 22, "2011": 25, "2016": 65, "2010": 7, "2008": 11, "2009": 20, "2007": 2}, "h5_index": 4}, "percentile": {"computer science": {"2012": 57, "2015": 74, "2011": 65, "2016": 96, "2010": 54, "2008": 65, "2009": 76, "2007": 64}}, "conference_ranking": {"computer science": {"2012": 1826, "2015": 1100, "2011": 1471, "2016": 136, "2010": 1923, "2008": 1492, "2009": 993, "2007": 1497}}, "academia": {"num_publications": 13, "num_citations": 76, "publications_years": {"2010": 2, "2011": 2, "2012": 3, "2013": 0, "2014": 0, "2015": 4, "2016": 2}, "old_citations": {"2010": 2, "2011": 9, "2012": 13, "2013": 0, "2014": 0, "2015": 8, "2016": 44}, "num_publications_5y": 2, "num_citations_5y": 44, "num_publications_10y": 11, "num_citations_10y": 74}, "industry": {"num_publications": 5, "num_citations": 26, "publications_years": {"2009": 1, "2010": 0, "2011": 0, "2012": 2, "2013": 0, "2014": 0, "2015": 0, "2016": 2}, "old_citations": {"2009": 20, "2010": 0, "2011": 0, "2012": 2, "2013": 0, "2014": 0, "2015": 0, "2016": 4}, "num_publications_5y": 2, "num_citations_5y": 4, "num_publications_10y": 4, "num_citations_10y": 6}, "collaborative": {"num_publications": 4, "num_citations": 26, "publications_years": {"2010": 1, "2011": 1, "2012": 0, "2013": 0, "2014": 0, "2015": 1, "2016": 1}, "old_citations": {"2010": 3, "2011": 5, "2012": 0, "2013": 0, "2014": 0, "2015": 13, "2016": 5}, "num_publications_5y": 1, "num_citations_5y": 5, "num_publications_10y": 3, "num_citations_10y": 23}, "conferences": {}, "journals": {}, "organizations": {"publication_overall": ["Frequentis (Germany)", "Mitre (United States)", "Eurocontrol", "George Mason University", "Massachusetts Institute of Technology", "Johannes Kepler University of Linz", "TU Wien", "Civil Aviation University of China", "Federal Aviation Administration", "Nanjing University of Aeronautics and Astronautics", "Pennsylvania State University", "The University of Texas at Dallas", "University of Salzburg", "Virginia State University", "Wichita State University"], "citation_overall": ["George Mason University", "Frequentis (Germany)", "Mitre (United States)", "Johannes Kepler University of Linz", "Eurocontrol", "TU Wien", "Nanjing University of Aeronautics and Astronautics", "Wichita State University", "Virginia State University", "Pennsylvania State University", "University of Salzburg", "Massachusetts Institute of Technology", "Federal Aviation Administration", "The University of Texas at Dallas", "Civil Aviation University of China"], "publication_10_years": ["Frequentis (Germany)", "Eurocontrol", "George Mason University", "Mitre (United States)", "Johannes Kepler University of Linz", "Massachusetts Institute of Technology", "Civil Aviation University of China", "Federal Aviation Administration", "Nanjing University of Aeronautics and Astronautics", "Pennsylvania State University", "TU Wien", "University of Salzburg", "Virginia State University", "Wichita State University"], "citation_10_years": ["George Mason University", "Frequentis (Germany)", "Johannes Kepler University of Linz", "Eurocontrol", "Mitre (United States)", "Nanjing University of Aeronautics and Astronautics", "TU Wien", "Wichita State University", "Virginia State University", "Pennsylvania State University", "University of Salzburg", "Federal Aviation Administration", "Massachusetts Institute of Technology", "Civil Aviation University of China"], "publication_5_years": ["Frequentis (Germany)", "George Mason University", "Johannes Kepler University of Linz", "Mitre (United States)"], "citation_5_years": ["George Mason University", "Frequentis (Germany)", "Johannes Kepler University of Linz", "Mitre (United States)"]}, "countries": {"publication_overall": ["United States", "Austria", "Germany", "France", "China"], "citation_overall": ["United States", "Austria", "Germany", "France", "China"], "publication_10_years": ["United States", "Austria", "Germany", "France", "China"], "citation_10_years": ["United States", "Austria", "Germany", "France", "China"], "publication_5_years": ["United States", "Germany", "Austria"], "citation_5_years": ["United States", "Germany", "Austria"]}, "topics": {"publication_overall": ["computer science", "computer systems", "computer networks", "computer hardware", "software design", "software engineering", "artificial intelligence", "database systems", "telecommunication systems", "engineering", "internet", "software architecture", "telecommunication networks", "bandwidth", "computer security", "telecommunication traffic", "mobile robots", "robotics", "sensors", "communication systems"], "citation_overall": ["computer science", "computer systems", "engineering", "artificial intelligence", "signal processing", "computer hardware", "mathematics", "machine learning", "computer networks", "computer security", "security of data", "probability", "mobile robots", "robotics", "signal detection", "internet", "data mining", "navigation systems", "telecommunication systems", "software"], "publication_10_years": ["computer science", "computer systems", "computer networks", "artificial intelligence", "computer hardware", "database systems", "engineering", "internet", "software design", "software engineering", "telecommunication systems", "mathematics", "sensors", "software architecture", "telecommunication networks", "computer security", "machine learning", "mobile robots", "robotics", "software"], "citation_10_years": ["computer science", "artificial intelligence", "engineering", "machine learning", "mathematics", "computer systems", "signal processing", "probability", "computer security", "data mining", "security of data", "signal detection", "computer networks", "pattern recognition", "clustering algorithms", "computer hardware", "internet", "neural networks", "telecommunication systems", "anomaly detection"], "publication_5_years": ["computer science", "artificial intelligence", "computer systems", "data mining", "machine learning", "computer networks", "computer security", "engineering", "mathematics", "security of data", "semantics", "signal processing", "computer hardware", "cryptography", "cryptology", "database systems", "human computer interaction", "information retrieval", "linguistics", "network security"], "citation_5_years": ["computer science", "artificial intelligence", "engineering", "mathematics", "signal processing", "data mining", "machine learning", "probability", "signal detection", "computer security", "security of data", "neural networks", "pattern recognition", "anomaly detection", "classifiers", "clustering algorithms", "computer crime", "detection algorithm", "dimensionality reduction", "discriminant analysis"]}, "main_topics": ["computer science"], "authors": {"publication_overall": ["780529316", "2044808268", "2054213392", "2104407708", "651475416", "2061501660", "2222814766", "2228029647", "2228481544", "2242930301", "248986548", "267058691", "302143126", "1542733579", "1607173833", "1967484495", "1976616749", "1985038679", "1997153820", "2005332039", "2006460012", "2043227131", "2064211948", "2079249363", "2115055915", "2128611756", "2143759989", "2144885176", "2148563855", "2152574390", "2153701464", "2156446365", "2160925730", "2204917886", "2224536449", "2224997080", "2225290147", "2225365851", "2225922062", "2228498833", "2230489616", "2231059618", "2231297715", "2231478885", "2250334663", "2250400073", "2251087217", "2265015404", "2268135767", "2274271505", "2288167508", "2295931240", "2297306292", "2302683551", "2304390194", "2306282705", "2308972431", "2309109405", "2328485852", "2404310078", "2413292550", "2421750979", "2423463661", "2425185734", "2431458925", "2433558385", "2442346601", "2442856205", "2463835540", "2489105122", "2493105975", "2514502858", "2538134424", "2561442603", "2564818201", "2579075003", "2584952220", "2619156751", "2631552543", "2663856568", "2667062539", "2680713109", "2681734287", "2685750636", "2687736166", "2697126746", "2704744398", "2706826478", "2710243238", "2717476244", "2893320411", "2917090468", "2966397840", "2973703013", "2973912916", "2974417507", "2974600531"], "citation_overall": ["2054213392", "2228029647", "780529316", "2288167508", "2222814766", "2228481544", "2242930301", "2044808268", "2231297715", "2308972431", "2704744398", "1607173833", "2104407708", "2128611756", "2148563855", "2514502858", "2579075003", "651475416", "2144885176", "2224536449", "2225922062", "2251087217", "2274271505", "2421750979", "2433558385", "2442346601", "2680713109", "2710243238", "2228498833", "2685750636", "2687736166", "2697126746", "1976616749", "1985038679", "2006460012", "2043227131", "2079249363", "2225290147", "2268135767", "2328485852", "2561442603", "2564818201", "2893320411", "2917090468", "2966397840", "2973703013", "2973912916", "2974417507", "248986548", "267058691", "2061501660", "2115055915", "2143759989", "2225365851", "2265015404", "2297306292", "2302683551", "2404310078", "2442856205", "2538134424", "302143126", "1542733579", "1967484495", "2153701464", "2160925730", "2204917886", "2230489616", "2304390194", "2423463661", "2463835540", "2489105122", "2619156751", "2663856568", "2706826478", "2717476244", "1997153820", "2005332039", "2064211948", "2152574390", "2156446365", "2224997080", "2231059618", "2231478885", "2250334663", "2250400073", "2295931240", "2306282705", "2309109405", "2413292550", "2425185734", "2431458925", "2493105975", "2584952220", "2631552543", "2667062539", "2681734287", "2974600531"], "publication_10_years": ["780529316", "2054213392", "2044808268", "2061501660", "2104407708", "2222814766", "2228029647", "2228481544", "2242930301", "248986548", "267058691", "302143126", "651475416", "1542733579", "1607173833", "1976616749", "1985038679", "1997153820", "2005332039", "2006460012", "2043227131", "2064211948", "2079249363", "2115055915", "2128611756", "2143759989", "2144885176", "2148563855", "2156446365", "2204917886", "2224536449", "2224997080", "2225290147", "2225365851", "2225922062", "2228498833", "2230489616", "2231059618", "2231297715", "2231478885", "2250334663", "2250400073", "2251087217", "2274271505", "2295931240", "2297306292", "2302683551", "2304390194", "2306282705", "2308972431", "2309109405", "2328485852", "2413292550", "2421750979", "2423463661", "2425185734", "2431458925", "2433558385", "2442346601", "2463835540", "2489105122", "2514502858", "2538134424", "2579075003", "2584952220", "2631552543", "2680713109", "2681734287", "2704744398", "2706826478", "2710243238", "2717476244", "2893320411", "2917090468", "2966397840", "2974600531"], "citation_10_years": ["2054213392", "2228029647", "780529316", "2222814766", "2228481544", "2242930301", "2231297715", "2308972431", "2044808268", "2704744398", "1607173833", "2128611756", "2148563855", "2514502858", "2579075003", "2104407708", "651475416", "2144885176", "2224536449", "2225922062", "2251087217", "2274271505", "2421750979", "2433558385", "2442346601", "2680713109", "2710243238", "2228498833", "1976616749", "1985038679", "2006460012", "2043227131", "2079249363", "2225290147", "2328485852", "2893320411", "2917090468", "2966397840", "248986548", "267058691", "2061501660", "2115055915", "2143759989", "2225365851", "2297306292", "2302683551", "2538134424", "302143126", "1542733579", "2204917886", "2230489616", "2304390194", "2423463661", "2463835540", "2489105122", "2706826478", "2717476244", "1997153820", "2005332039", "2064211948", "2156446365", "2224997080", "2231059618", "2231478885", "2250334663", "2250400073", "2295931240", "2306282705", "2309109405", "2413292550", "2425185734", "2431458925", "2584952220", "2631552543", "2681734287", "2974600531"], "publication_5_years": ["780529316", "2054213392", "2228029647", "248986548", "267058691", "2044808268", "2061501660", "2104407708", "2222814766", "2225365851", "2228481544", "2242930301", "2328485852", "2421750979", "2442346601", "2704744398"], "citation_5_years": ["2054213392", "2228029647", "2044808268", "2704744398", "780529316", "2222814766", "2228481544", "2242930301", "2421750979", "2442346601", "2328485852", "248986548", "267058691", "2225365851", "2061501660", "2104407708"]}, "industrial_sectors": {"publication_overall": [], "citation_overall": [], "publication_10_years": [], "citation_10_years": [], "publication_5_years": [], "citation_5_years": []}}