{"name": "International Symposium on Systems and Control in Aeronautics and Astronautics", "acronym": "ISSCAA", "type": "conference", "uniqueEntities": {"organizations": {"Harbin Institute of Technology": {"name": "Harbin Institute of Technology", "type": "organization", "organization_type": "Education", "h_index": 112, "h5_index": 64, "num_publications": 17, "num_citations": 15, "num_publications_5y": 0, "num_citations_5y": 8, "num_publications_10y": 17, "num_citations_10y": 15, "publications_years": {"2010": 17}, "citations_years": {"2016": 5, "2011": 1, "2012": 2, "2013": 4, "2014": 1, "2015": 1, "2017": 0, "2018": 1}, "old_citations": {"2010": 15}, "isVisible": false}, "Chinese Academy of Sciences": {"name": "Chinese Academy of Sciences", "type": "organization", "organization_type": "Government", "h_index": 188, "h5_index": 102, "num_publications": 4, "num_citations": 10, "num_publications_5y": 0, "num_citations_5y": 6, "num_publications_10y": 4, "num_citations_10y": 10, "publications_years": {"2010": 4}, "citations_years": {"2011": 2, "2012": 1, "2013": 1, "2014": 1, "2015": 2, "2016": 1, "2017": 1, "2018": 1}, "old_citations": {"2010": 10}, "isVisible": false}, "Harbin Engineering University": {"name": "Harbin Engineering University", "type": "organization", "organization_type": "Education", "h_index": 41, "h5_index": 27, "num_publications": 4, "num_citations": 6, "num_publications_5y": 0, "num_citations_5y": 2, "num_publications_10y": 4, "num_citations_10y": 6, "publications_years": {"2010": 4}, "citations_years": {"2012": 1, "2013": 3, "2014": 1, "2015": 0, "2016": 1}, "old_citations": {"2010": 6}, "isVisible": false}, "Northwestern Polytechnical University": {"name": "Northwestern Polytechnical University", "type": "organization", "organization_type": "Education", "h_index": 74, "h5_index": 53, "num_publications": 3, "num_citations": 3, "num_publications_5y": 0, "num_citations_5y": 1, "num_publications_10y": 3, "num_citations_10y": 3, "publications_years": {"2010": 3}, "citations_years": {"2012": 1, "2013": 1, "2014": 0, "2015": 0, "2016": 1}, "old_citations": {"2010": 3}, "isVisible": false}, "Shanghai Jiao Tong University": {"name": "Shanghai Jiao Tong University", "type": "organization", "organization_type": "Education", "h_index": 136, "h5_index": 71, "num_publications": 3, "num_citations": 6, "num_publications_5y": 0, "num_citations_5y": 4, "num_publications_10y": 3, "num_citations_10y": 5, "publications_years": {"2010": 3}, "citations_years": {"2019": 1, "2016": 4, "2012": 1, "2013": 0, "2014": 0, "2015": 0}, "old_citations": {"2010": 6}, "isVisible": false}, "Beijing Institute of Technology": {"name": "Beijing Institute of Technology", "type": "organization", "organization_type": "Education", "h_index": 76, "h5_index": 53, "num_publications": 2, "num_citations": 9, "num_publications_5y": 0, "num_citations_5y": 6, "num_publications_10y": 2, "num_citations_10y": 9, "publications_years": {"2010": 2}, "citations_years": {"2011": 1, "2012": 2, "2013": 0, "2014": 0, "2015": 2, "2016": 2, "2017": 1, "2018": 1}, "old_citations": {"2010": 9}, "isVisible": false}, "China Aerospace Science and Technology Corporation": {"name": "China Aerospace Science and Technology Corporation", "type": "organization", "organization_type": "Government", "h_index": 7, "h5_index": 5, "num_publications": 1, "num_citations": 2, "num_publications_5y": 0, "num_citations_5y": 1, "num_publications_10y": 1, "num_citations_10y": 2, "publications_years": {"2010": 1}, "citations_years": {"2013": 1, "2014": 0, "2015": 0, "2016": 1}, "old_citations": {"2010": 2}, "isVisible": false}, "Dalian Maritime University": {"name": "Dalian Maritime University", "type": "organization", "organization_type": "Education", "h_index": 45, "h5_index": 26, "num_publications": 1, "num_citations": 2, "num_publications_5y": 0, "num_citations_5y": 1, "num_publications_10y": 1, "num_citations_10y": 2, "publications_years": {"2010": 1}, "citations_years": {"2011": 1, "2012": 0, "2013": 0, "2014": 0, "2015": 1}, "old_citations": {"2010": 2}, "isVisible": false}, "Dalian University of Technology": {"name": "Dalian University of Technology", "type": "organization", "organization_type": "Education", "h_index": 95, "h5_index": 63, "num_publications": 1, "num_citations": 2, "num_publications_5y": 0, "num_citations_5y": 1, "num_publications_10y": 1, "num_citations_10y": 2, "publications_years": {"2010": 1}, "citations_years": {"2011": 1, "2012": 0, "2013": 0, "2014": 0, "2015": 1}, "old_citations": {"2010": 2}, "isVisible": false}, "Guizhou University": {"name": "Guizhou University", "type": "organization", "organization_type": "Education", "h_index": 18, "h5_index": 11, "num_publications": 1, "num_citations": 1, "num_publications_5y": 0, "num_citations_5y": 1, "num_publications_10y": 1, "num_citations_10y": 1, "publications_years": {"2010": 1}, "citations_years": {"2014": 1}, "old_citations": {"2010": 1}, "isVisible": false}, "Hangzhou Dianzi University": {"name": "Hangzhou Dianzi University", "type": "organization", "organization_type": "Education", "h_index": 52, "h5_index": 34, "num_publications": 1, "num_citations": 0, "num_publications_5y": 0, "num_citations_5y": 0, "num_publications_10y": 1, "num_citations_10y": 0, "publications_years": {"2010": 1}, "citations_years": {}, "old_citations": {"2010": 0}, "isVisible": false}, "Henan University of Science and Technology": {"name": "Henan University of Science and Technology", "type": "organization", "organization_type": "Education", "h_index": 15, "h5_index": 11, "num_publications": 1, "num_citations": 1, "num_publications_5y": 0, "num_citations_5y": 1, "num_publications_10y": 1, "num_citations_10y": 1, "publications_years": {"2010": 1}, "citations_years": {"2014": 1}, "old_citations": {"2010": 1}, "isVisible": false}, "Huazhong University of Science and Technology": {"name": "Huazhong University of Science and Technology", "type": "organization", "organization_type": "Education", "h_index": 119, "h5_index": 66, "num_publications": 1, "num_citations": 4, "num_publications_5y": 0, "num_citations_5y": 2, "num_publications_10y": 1, "num_citations_10y": 4, "publications_years": {"2010": 1}, "citations_years": {"2011": 2, "2012": 0, "2013": 0, "2014": 1, "2015": 0, "2016": 1}, "old_citations": {"2010": 4}, "isVisible": false}, "Jacobs University": {"name": "Jacobs University", "type": "organization", "organization_type": "Education", "h_index": 53, "h5_index": 15, "num_publications": 1, "num_citations": 0, "num_publications_5y": 0, "num_citations_5y": 0, "num_publications_10y": 1, "num_citations_10y": 0, "publications_years": {"2010": 1}, "citations_years": {}, "old_citations": {"2010": 0}, "isVisible": false}, "Nanjing University of Aeronautics and Astronautics": {"name": "Nanjing University of Aeronautics and Astronautics", "type": "organization", "organization_type": "Education", "h_index": 55, "h5_index": 31, "num_publications": 1, "num_citations": 0, "num_publications_5y": 0, "num_citations_5y": 0, "num_publications_10y": 1, "num_citations_10y": 0, "publications_years": {"2010": 1}, "citations_years": {}, "old_citations": {"2010": 0}, "isVisible": false}, "National University of Defense Technology": {"name": "National University of Defense Technology", "type": "organization", "organization_type": "Education", "h_index": 81, "h5_index": 40, "num_publications": 1, "num_citations": 4, "num_publications_5y": 0, "num_citations_5y": 3, "num_publications_10y": 1, "num_citations_10y": 4, "publications_years": {"2010": 1}, "citations_years": {"2013": 1, "2014": 0, "2015": 0, "2016": 1, "2017": 2}, "old_citations": {"2010": 4}, "isVisible": false}, "North China Institute of Science and Technology": {"name": "North China Institute of Science and Technology", "type": "organization", "organization_type": "Education", "h_index": 7, "h5_index": 3, "num_publications": 1, "num_citations": 0, "num_publications_5y": 0, "num_citations_5y": 0, "num_publications_10y": 1, "num_citations_10y": 0, "publications_years": {"2010": 1}, "citations_years": {}, "old_citations": {"2010": 0}, "isVisible": false}, "Northeast Forestry University": {"name": "Northeast Forestry University", "type": "organization", "organization_type": "Education", "h_index": 17, "h5_index": 8, "num_publications": 1, "num_citations": 0, "num_publications_5y": 0, "num_citations_5y": 0, "num_publications_10y": 1, "num_citations_10y": 0, "publications_years": {"2010": 1}, "citations_years": {}, "old_citations": {"2010": 0}, "isVisible": false}, "Ocean University of China": {"name": "Ocean University of China", "type": "organization", "organization_type": "Education", "h_index": 32, "h5_index": 20, "num_publications": 1, "num_citations": 0, "num_publications_5y": 0, "num_citations_5y": 0, "num_publications_10y": 1, "num_citations_10y": 0, "publications_years": {"2010": 1}, "citations_years": {}, "old_citations": {"2010": 0}, "isVisible": false}, "Qiqihar University": {"name": "Qiqihar University", "type": "organization", "organization_type": "Education", "h_index": 10, "h5_index": 7, "num_publications": 1, "num_citations": 0, "num_publications_5y": 0, "num_citations_5y": 0, "num_publications_10y": 1, "num_citations_10y": 0, "publications_years": {"2010": 1}, "citations_years": {}, "old_citations": {"2010": 0}, "isVisible": false}, "RMIT University": {"name": "RMIT University", "type": "organization", "organization_type": "Education", "h_index": 94, "h5_index": 43, "num_publications": 1, "num_citations": 0, "num_publications_5y": 0, "num_citations_5y": 0, "num_publications_10y": 1, "num_citations_10y": 0, "publications_years": {"2010": 1}, "citations_years": {}, "old_citations": {"2010": 0}, "isVisible": false}, "Shantou University": {"name": "Shantou University", "type": "organization", "organization_type": "Education", "h_index": 25, "h5_index": 14, "num_publications": 1, "num_citations": 0, "num_publications_5y": 0, "num_citations_5y": 0, "num_publications_10y": 1, "num_citations_10y": 0, "publications_years": {"2010": 1}, "citations_years": {}, "old_citations": {"2010": 0}, "isVisible": false}, "Southwest Jiaotong University": {"name": "Southwest Jiaotong University", "type": "organization", "organization_type": "Education", "h_index": 62, "h5_index": 40, "num_publications": 1, "num_citations": 0, "num_publications_5y": 0, "num_citations_5y": 0, "num_publications_10y": 1, "num_citations_10y": 0, "publications_years": {"2010": 1}, "citations_years": {}, "old_citations": {"2010": 0}, "isVisible": false}, "Zhengzhou University": {"name": "Zhengzhou University", "type": "organization", "organization_type": "Education", "h_index": 36, "h5_index": 24, "num_publications": 1, "num_citations": 0, "num_publications_5y": 0, "num_citations_5y": 0, "num_publications_10y": 1, "num_citations_10y": 0, "publications_years": {"2010": 1}, "citations_years": {}, "old_citations": {"2010": 0}, "isVisible": false}, "Zhongyuan University of Technology": {"name": "Zhongyuan University of Technology", "type": "organization", "organization_type": "Education", "h_index": 18, "h5_index": 11, "num_publications": 1, "num_citations": 0, "num_publications_5y": 0, "num_citations_5y": 0, "num_publications_10y": 1, "num_citations_10y": 0, "publications_years": {"2010": 1}, "citations_years": {}, "old_citations": {"2010": 0}, "isVisible": false}}, "topics": {"computer science": {"name": "computer science", "type": "topic", "h_index": 1779, "h5_index": 416, "num_publications": 45, "num_citations": 56, "num_publications_5y": 0, "num_citations_5y": 32, "num_publications_10y": 45, "num_citations_10y": 53, "publications_years": {"2010": 45}, "citations_years": {"2016": 15, "2011": 7, "2012": 7, "2013": 7, "2014": 6, "2015": 6, "2017": 3, "2018": 2, "2019": 2, "2020": 1}, "old_citations": {"2010": 56}, "isVisible": false}, "engineering": {"name": "engineering", "type": "topic", "h_index": 1177, "h5_index": 287, "num_publications": 36, "num_citations": 51, "num_publications_5y": 0, "num_citations_5y": 30, "num_publications_10y": 36, "num_citations_10y": 48, "publications_years": {"2010": 36}, "citations_years": {"2016": 13, "2011": 7, "2012": 6, "2013": 5, "2014": 6, "2015": 6, "2017": 3, "2018": 2, "2019": 2, "2020": 1}, "old_citations": {"2010": 51}, "isVisible": false}, "computer systems": {"name": "computer systems", "type": "topic", "h_index": 1595, "h5_index": 367, "num_publications": 34, "num_citations": 41, "num_publications_5y": 0, "num_citations_5y": 22, "num_publications_10y": 34, "num_citations_10y": 38, "publications_years": {"2010": 34}, "citations_years": {"2016": 8, "2011": 6, "2012": 6, "2013": 4, "2014": 5, "2015": 5, "2019": 2, "2017": 3, "2018": 1, "2020": 1}, "old_citations": {"2010": 41}, "isVisible": false}, "signal processing": {"name": "signal processing", "type": "topic", "h_index": 1012, "h5_index": 255, "num_publications": 28, "num_citations": 39, "num_publications_5y": 0, "num_citations_5y": 22, "num_publications_10y": 28, "num_citations_10y": 36, "publications_years": {"2010": 28}, "citations_years": {"2016": 11, "2011": 5, "2012": 4, "2013": 5, "2014": 5, "2015": 3, "2017": 2, "2018": 1, "2019": 2, "2020": 1}, "old_citations": {"2010": 39}, "isVisible": false}, "computer networks": {"name": "computer networks", "type": "topic", "h_index": 1262, "h5_index": 332, "num_publications": 27, "num_citations": 28, "num_publications_5y": 0, "num_citations_5y": 14, "num_publications_10y": 27, "num_citations_10y": 25, "publications_years": {"2010": 27}, "citations_years": {"2016": 6, "2011": 4, "2012": 4, "2013": 3, "2014": 4, "2015": 2, "2019": 2, "2017": 2, "2018": 0, "2020": 1}, "old_citations": {"2010": 28}, "isVisible": false}, "telecommunication systems": {"name": "telecommunication systems", "type": "topic", "h_index": 1187, "h5_index": 277, "num_publications": 26, "num_citations": 27, "num_publications_5y": 0, "num_citations_5y": 14, "num_publications_10y": 26, "num_citations_10y": 24, "publications_years": {"2010": 26}, "citations_years": {"2016": 6, "2011": 4, "2012": 3, "2013": 3, "2014": 4, "2015": 2, "2019": 2, "2017": 2, "2018": 0, "2020": 1}, "old_citations": {"2010": 27}, "isVisible": false}, "computer hardware": {"name": "computer hardware", "type": "topic", "h_index": 1150, "h5_index": 279, "num_publications": 25, "num_citations": 25, "num_publications_5y": 0, "num_citations_5y": 15, "num_publications_10y": 25, "num_citations_10y": 22, "publications_years": {"2010": 25}, "citations_years": {"2011": 4, "2012": 1, "2013": 2, "2014": 4, "2015": 2, "2016": 7, "2019": 2, "2017": 2, "2018": 0, "2020": 1}, "old_citations": {"2010": 25}, "isVisible": false}, "mathematics": {"name": "mathematics", "type": "topic", "h_index": 1364, "h5_index": 300, "num_publications": 25, "num_citations": 26, "num_publications_5y": 0, "num_citations_5y": 15, "num_publications_10y": 25, "num_citations_10y": 25, "publications_years": {"2010": 25}, "citations_years": {"2016": 6, "2011": 5, "2012": 3, "2013": 2, "2014": 3, "2015": 4, "2019": 1, "2017": 1, "2018": 1}, "old_citations": {"2010": 26}, "isVisible": false}, "communication systems": {"name": "communication systems", "type": "topic", "h_index": 1092, "h5_index": 254, "num_publications": 22, "num_citations": 20, "num_publications_5y": 0, "num_citations_5y": 11, "num_publications_10y": 22, "num_citations_10y": 19, "publications_years": {"2010": 22}, "citations_years": {"2016": 6, "2011": 3, "2012": 2, "2013": 3, "2014": 2, "2015": 1, "2019": 1, "2017": 2}, "old_citations": {"2010": 20}, "isVisible": false}, "wireless telecommunication systems": {"name": "wireless telecommunication systems", "type": "topic", "h_index": 1087, "h5_index": 254, "num_publications": 22, "num_citations": 20, "num_publications_5y": 0, "num_citations_5y": 11, "num_publications_10y": 22, "num_citations_10y": 19, "publications_years": {"2010": 22}, "citations_years": {"2016": 6, "2011": 3, "2012": 2, "2013": 3, "2014": 2, "2015": 1, "2019": 1, "2017": 2}, "old_citations": {"2010": 20}, "isVisible": false}, "artificial intelligence": {"name": "artificial intelligence", "type": "topic", "h_index": 1421, "h5_index": 373, "num_publications": 19, "num_citations": 30, "num_publications_5y": 0, "num_citations_5y": 16, "num_publications_10y": 19, "num_citations_10y": 27, "publications_years": {"2010": 19}, "citations_years": {"2016": 4, "2011": 6, "2012": 3, "2013": 2, "2014": 6, "2015": 4, "2019": 2, "2017": 1, "2018": 1, "2020": 1}, "old_citations": {"2010": 30}, "isVisible": false}, "communication channels (information theory)": {"name": "communication channels (information theory)", "type": "topic", "h_index": 925, "h5_index": 216, "num_publications": 19, "num_citations": 16, "num_publications_5y": 0, "num_citations_5y": 9, "num_publications_10y": 19, "num_citations_10y": 15, "publications_years": {"2010": 19}, "citations_years": {"2016": 5, "2011": 1, "2012": 2, "2013": 3, "2014": 1, "2015": 1, "2019": 1, "2017": 2}, "old_citations": {"2010": 16}, "isVisible": false}, "computer imaging and vision": {"name": "computer imaging and vision", "type": "topic", "h_index": 1142, "h5_index": 334, "num_publications": 19, "num_citations": 31, "num_publications_5y": 0, "num_citations_5y": 15, "num_publications_10y": 19, "num_citations_10y": 28, "publications_years": {"2010": 19}, "citations_years": {"2016": 6, "2011": 5, "2012": 4, "2013": 4, "2014": 5, "2015": 3, "2017": 0, "2018": 1, "2019": 2, "2020": 1}, "old_citations": {"2010": 31}, "isVisible": false}, "image processing": {"name": "image processing", "type": "topic", "h_index": 1113, "h5_index": 328, "num_publications": 19, "num_citations": 31, "num_publications_5y": 0, "num_citations_5y": 15, "num_publications_10y": 19, "num_citations_10y": 28, "publications_years": {"2010": 19}, "citations_years": {"2016": 6, "2011": 5, "2012": 4, "2013": 4, "2014": 5, "2015": 3, "2017": 0, "2018": 1, "2019": 2, "2020": 1}, "old_citations": {"2010": 31}, "isVisible": false}, "sensors": {"name": "sensors", "type": "topic", "h_index": 960, "h5_index": 229, "num_publications": 19, "num_citations": 21, "num_publications_5y": 0, "num_citations_5y": 13, "num_publications_10y": 19, "num_citations_10y": 19, "publications_years": {"2010": 19}, "citations_years": {"2011": 3, "2012": 1, "2013": 2, "2014": 3, "2015": 1, "2016": 7, "2017": 2, "2018": 0, "2019": 1, "2020": 1}, "old_citations": {"2010": 21}, "isVisible": false}, "image analysis": {"name": "image analysis", "type": "topic", "h_index": 988, "h5_index": 315, "num_publications": 17, "num_citations": 28, "num_publications_5y": 0, "num_citations_5y": 14, "num_publications_10y": 17, "num_citations_10y": 25, "publications_years": {"2010": 17}, "citations_years": {"2016": 5, "2011": 5, "2012": 3, "2013": 3, "2014": 5, "2015": 3, "2017": 0, "2018": 1, "2019": 2, "2020": 1}, "old_citations": {"2010": 28}, "isVisible": false}, "telecommunication networks": {"name": "telecommunication networks", "type": "topic", "h_index": 1116, "h5_index": 258, "num_publications": 16, "num_citations": 17, "num_publications_5y": 0, "num_citations_5y": 9, "num_publications_10y": 16, "num_citations_10y": 15, "publications_years": {"2010": 16}, "citations_years": {"2016": 3, "2011": 3, "2012": 1, "2013": 2, "2014": 3, "2015": 1, "2017": 2, "2018": 0, "2019": 1, "2020": 1}, "old_citations": {"2010": 17}, "isVisible": false}, "matrix algebra": {"name": "matrix algebra", "type": "topic", "h_index": 771, "h5_index": 183, "num_publications": 13, "num_citations": 20, "num_publications_5y": 0, "num_citations_5y": 12, "num_publications_10y": 13, "num_citations_10y": 19, "publications_years": {"2010": 13}, "citations_years": {"2016": 4, "2014": 2, "2011": 3, "2012": 3, "2013": 1, "2015": 4, "2019": 1, "2017": 1, "2018": 1}, "old_citations": {"2010": 20}, "isVisible": false}, "signal to noise ratio": {"name": "signal to noise ratio", "type": "topic", "h_index": 821, "h5_index": 194, "num_publications": 13, "num_citations": 11, "num_publications_5y": 0, "num_citations_5y": 6, "num_publications_10y": 13, "num_citations_10y": 10, "publications_years": {"2010": 13}, "citations_years": {"2016": 4, "2011": 1, "2012": 2, "2013": 1, "2014": 1, "2015": 1, "2019": 1}, "old_citations": {"2010": 11}, "isVisible": false}, "machine learning": {"name": "machine learning", "type": "topic", "h_index": 1123, "h5_index": 351, "num_publications": 12, "num_citations": 26, "num_publications_5y": 0, "num_citations_5y": 13, "num_publications_10y": 12, "num_citations_10y": 23, "publications_years": {"2010": 12}, "citations_years": {"2011": 5, "2012": 3, "2013": 2, "2014": 5, "2015": 3, "2016": 3, "2019": 2, "2017": 1, "2018": 1, "2020": 1}, "old_citations": {"2010": 26}, "isVisible": false}, "image segmentation": {"name": "image segmentation", "type": "topic", "h_index": 870, "h5_index": 282, "num_publications": 10, "num_citations": 23, "num_publications_5y": 0, "num_citations_5y": 11, "num_publications_10y": 10, "num_citations_10y": 21, "publications_years": {"2010": 10}, "citations_years": {"2011": 4, "2012": 3, "2013": 3, "2014": 4, "2015": 2, "2016": 4, "2017": 0, "2018": 1, "2019": 1, "2020": 1}, "old_citations": {"2010": 23}, "isVisible": false}}, "authors": {"2120081666": {"name": "yuanqing xia", "type": "author", "activity": 15, "h_index": 15, "h5_index": 12, "mag_id": "2120081666", "num_publications": 2, "num_citations": 9, "num_publications_5y": 0, "num_citations_5y": 6, "num_publications_10y": 2, "num_citations_10y": 9, "publications_years": {"2010": 2}, "citations_years": {"2011": 1, "2012": 2, "2013": 0, "2014": 0, "2015": 2, "2016": 2, "2017": 1, "2018": 1}, "old_citations": {"2010": 9}, "isVisible": false}, "2148311955": {"name": "feifei gao", "type": "author", "activity": 17, "h_index": 30, "h5_index": 18, "mag_id": "2148311955", "num_publications": 2, "num_citations": 0, "num_publications_5y": 0, "num_citations_5y": 0, "num_publications_10y": 2, "num_citations_10y": 0, "publications_years": {"2010": 2}, "citations_years": {}, "old_citations": {"2010": 0}, "isVisible": false}, "2222443093": {"name": "tan yazhou", "type": "author", "activity": 2, "h_index": 2, "h5_index": 0, "mag_id": "2222443093", "num_publications": 2, "num_citations": 3, "num_publications_5y": 0, "num_citations_5y": 1, "num_publications_10y": 2, "num_citations_10y": 3, "publications_years": {"2010": 2}, "citations_years": {"2013": 2, "2014": 1}, "old_citations": {"2010": 3}, "isVisible": false}, "2223675839": {"name": "cui ligang", "type": "author", "activity": 1, "h_index": 1, "h5_index": 0, "mag_id": "2223675839", "num_publications": 2, "num_citations": 3, "num_publications_5y": 0, "num_citations_5y": 1, "num_publications_10y": 2, "num_citations_10y": 3, "publications_years": {"2010": 2}, "citations_years": {"2013": 2, "2014": 1}, "old_citations": {"2010": 3}, "isVisible": false}, "2228416326": {"name": "ning hui", "type": "author", "activity": 2, "h_index": 2, "h5_index": 0, "mag_id": "2228416326", "num_publications": 2, "num_citations": 3, "num_publications_5y": 0, "num_citations_5y": 1, "num_publications_10y": 2, "num_citations_10y": 3, "publications_years": {"2010": 2}, "citations_years": {"2013": 2, "2014": 1}, "old_citations": {"2010": 3}, "isVisible": false}, "2558007693": {"name": "xianfu lei", "type": "author", "activity": 12, "h_index": 15, "h5_index": 12, "mag_id": "2558007693", "num_publications": 2, "num_citations": 0, "num_publications_5y": 0, "num_citations_5y": 0, "num_publications_10y": 2, "num_citations_10y": 0, "publications_years": {"2010": 2}, "citations_years": {}, "old_citations": {"2010": 0}, "isVisible": false}, "2652289965": {"name": "yongquan jiang", "type": "author", "activity": 1, "h_index": 0, "h5_index": 0, "mag_id": "2652289965", "num_publications": 2, "num_citations": 0, "num_publications_5y": 0, "num_citations_5y": 0, "num_publications_10y": 2, "num_citations_10y": 0, "publications_years": {"2010": 2}, "citations_years": {}, "old_citations": {"2010": 0}, "isVisible": false}, "2699836032": {"name": "junli chen", "type": "author", "activity": 1, "h_index": 1, "h5_index": 0, "mag_id": "2699836032", "num_publications": 2, "num_citations": 3, "num_publications_5y": 0, "num_citations_5y": 1, "num_publications_10y": 2, "num_citations_10y": 2, "publications_years": {"2010": 2}, "citations_years": {"2019": 1, "2012": 1, "2013": 0, "2014": 0, "2015": 0, "2016": 1}, "old_citations": {"2010": 3}, "isVisible": false}, "2710558495": {"name": "dengping duan", "type": "author", "activity": 6, "h_index": 1, "h5_index": 0, "mag_id": "2710558495", "num_publications": 2, "num_citations": 3, "num_publications_5y": 0, "num_citations_5y": 1, "num_publications_10y": 2, "num_citations_10y": 2, "publications_years": {"2010": 2}, "citations_years": {"2019": 1, "2012": 1, "2013": 0, "2014": 0, "2015": 0, "2016": 1}, "old_citations": {"2010": 3}, "isVisible": false}, "2721919972": {"name": "wu yue", "type": "author", "activity": 1, "h_index": 1, "h5_index": 0, "mag_id": "2721919972", "num_publications": 2, "num_citations": 3, "num_publications_5y": 0, "num_citations_5y": 1, "num_publications_10y": 2, "num_citations_10y": 3, "publications_years": {"2010": 2}, "citations_years": {"2013": 2, "2014": 1}, "old_citations": {"2010": 3}, "isVisible": false}, "2994338453": {"name": "lisheng fan", "type": "author", "activity": 12, "h_index": 19, "h5_index": 15, "mag_id": "2994338453", "num_publications": 2, "num_citations": 0, "num_publications_5y": 0, "num_citations_5y": 0, "num_publications_10y": 2, "num_citations_10y": 0, "publications_years": {"2010": 2}, "citations_years": {}, "old_citations": {"2010": 0}, "isVisible": false}, "96147552": {"name": "zhang fenghui", "type": "author", "activity": 2, "h_index": 1, "h5_index": 0, "mag_id": "96147552", "num_publications": 1, "num_citations": 3, "num_publications_5y": 0, "num_citations_5y": 2, "num_publications_10y": 1, "num_citations_10y": 3, "publications_years": {"2010": 1}, "citations_years": {"2011": 1, "2012": 0, "2013": 0, "2014": 1, "2015": 1}, "old_citations": {"2010": 3}, "isVisible": false}, "130442950": {"name": "cui hutao", "type": "author", "activity": 13, "h_index": 5, "h5_index": 0, "mag_id": "130442950", "num_publications": 1, "num_citations": 7, "num_publications_5y": 0, "num_citations_5y": 4, "num_publications_10y": 1, "num_citations_10y": 7, "publications_years": {"2010": 1}, "citations_years": {"2011": 1, "2012": 1, "2013": 1, "2014": 0, "2015": 1, "2016": 2, "2017": 0, "2018": 1}, "old_citations": {"2010": 7}, "isVisible": false}, "141954304": {"name": "wang changhong", "type": "author", "activity": 24, "h_index": 9, "h5_index": 2, "mag_id": "141954304", "num_publications": 1, "num_citations": 1, "num_publications_5y": 0, "num_citations_5y": 1, "num_publications_10y": 1, "num_citations_10y": 1, "publications_years": {"2010": 1}, "citations_years": {"2016": 1}, "old_citations": {"2010": 1}, "isVisible": false}, "274101335": {"name": "peng fuyuan", "type": "author", "activity": 7, "h_index": 1, "h5_index": 0, "mag_id": "274101335", "num_publications": 1, "num_citations": 4, "num_publications_5y": 0, "num_citations_5y": 2, "num_publications_10y": 1, "num_citations_10y": 4, "publications_years": {"2010": 1}, "citations_years": {"2011": 2, "2012": 0, "2013": 0, "2014": 1, "2015": 0, "2016": 1}, "old_citations": {"2010": 4}, "isVisible": false}, "1268027001": {"name": "wang yanfei", "type": "author", "activity": 16, "h_index": 3, "h5_index": 1, "mag_id": "1268027001", "num_publications": 1, "num_citations": 3, "num_publications_5y": 0, "num_citations_5y": 2, "num_publications_10y": 1, "num_citations_10y": 3, "publications_years": {"2010": 1}, "citations_years": {"2011": 1, "2012": 0, "2013": 0, "2014": 1, "2015": 1}, "old_citations": {"2010": 3}, "isVisible": false}, "1773480595": {"name": "cui pingyuan", "type": "author", "activity": 20, "h_index": 7, "h5_index": 3, "mag_id": "1773480595", "num_publications": 1, "num_citations": 7, "num_publications_5y": 0, "num_citations_5y": 4, "num_publications_10y": 1, "num_citations_10y": 7, "publications_years": {"2010": 1}, "citations_years": {"2011": 1, "2012": 1, "2013": 1, "2014": 0, "2015": 1, "2016": 2, "2017": 0, "2018": 1}, "old_citations": {"2010": 7}, "isVisible": false}, "1856661237": {"name": "han junwei", "type": "author", "activity": 14, "h_index": 2, "h5_index": 1, "mag_id": "1856661237", "num_publications": 1, "num_citations": 0, "num_publications_5y": 0, "num_citations_5y": 0, "num_publications_10y": 1, "num_citations_10y": 0, "publications_years": {"2010": 1}, "citations_years": {}, "old_citations": {"2010": 0}, "isVisible": false}, "1894282214": {"name": "li haitao", "type": "author", "activity": 10, "h_index": 1, "h5_index": 1, "mag_id": "1894282214", "num_publications": 1, "num_citations": 1, "num_publications_5y": 0, "num_citations_5y": 0, "num_publications_10y": 1, "num_citations_10y": 1, "publications_years": {"2010": 1}, "citations_years": {"2013": 1}, "old_citations": {"2010": 1}, "isVisible": false}, "1940769077": {"name": "liu yaqiu", "type": "author", "activity": 16, "h_index": 2, "h5_index": 1, "mag_id": "1940769077", "num_publications": 1, "num_citations": 0, "num_publications_5y": 0, "num_citations_5y": 0, "num_publications_10y": 1, "num_citations_10y": 0, "publications_years": {"2010": 1}, "citations_years": {}, "old_citations": {"2010": 0}, "isVisible": false}, "1972567668": {"name": "jing weipeng", "type": "author", "activity": 10, "h_index": 2, "h5_index": 1, "mag_id": "1972567668", "num_publications": 1, "num_citations": 0, "num_publications_5y": 0, "num_citations_5y": 0, "num_publications_10y": 1, "num_citations_10y": 0, "publications_years": {"2010": 1}, "citations_years": {}, "old_citations": {"2010": 0}, "isVisible": false}, "2001803091": {"name": "ali karsaz", "type": "author", "activity": 17, "h_index": 5, "h5_index": 3, "mag_id": "2001803091", "num_publications": 1, "num_citations": 1, "num_publications_5y": 0, "num_citations_5y": 1, "num_publications_10y": 1, "num_citations_10y": 1, "publications_years": {"2010": 1}, "citations_years": {"2016": 1}, "old_citations": {"2010": 1}, "isVisible": false}, "2057549006": {"name": "hu xiaohui", "type": "author", "activity": 11, "h_index": 5, "h5_index": 1, "mag_id": "2057549006", "num_publications": 1, "num_citations": 0, "num_publications_5y": 0, "num_citations_5y": 0, "num_publications_10y": 1, "num_citations_10y": 0, "publications_years": {"2010": 1}, "citations_years": {}, "old_citations": {"2010": 0}, "isVisible": false}, "2082356461": {"name": "mengyin fu", "type": "author", "activity": 12, "h_index": 12, "h5_index": 5, "mag_id": "2082356461", "num_publications": 1, "num_citations": 6, "num_publications_5y": 0, "num_citations_5y": 4, "num_publications_10y": 1, "num_citations_10y": 6, "publications_years": {"2010": 1}, "citations_years": {"2011": 1, "2012": 1, "2013": 0, "2014": 0, "2015": 1, "2016": 1, "2017": 1, "2018": 1}, "old_citations": {"2010": 6}, "isVisible": false}, "2089972294": {"name": "xu jianfeng", "type": "author", "activity": 11, "h_index": 2, "h5_index": 0, "mag_id": "2089972294", "num_publications": 1, "num_citations": 0, "num_publications_5y": 0, "num_citations_5y": 0, "num_publications_10y": 1, "num_citations_10y": 0, "publications_years": {"2010": 1}, "citations_years": {}, "old_citations": {"2010": 0}, "isVisible": false}, "2091574722": {"name": "dai xuefeng", "type": "author", "activity": 7, "h_index": 1, "h5_index": 0, "mag_id": "2091574722", "num_publications": 1, "num_citations": 0, "num_publications_5y": 0, "num_citations_5y": 0, "num_publications_10y": 1, "num_citations_10y": 0, "publications_years": {"2010": 1}, "citations_years": {}, "old_citations": {"2010": 0}, "isVisible": false}, "2109264123": {"name": "xingqun zhan", "type": "author", "activity": 14, "h_index": 5, "h5_index": 1, "mag_id": "2109264123", "num_publications": 1, "num_citations": 3, "num_publications_5y": 0, "num_citations_5y": 3, "num_publications_10y": 1, "num_citations_10y": 3, "publications_years": {"2010": 1}, "citations_years": {"2016": 3}, "old_citations": {"2010": 3}, "isVisible": false}, "2148146639": {"name": "xiaoguang wan", "type": "author", "activity": 1, "h_index": 1, "h5_index": 0, "mag_id": "2148146639", "num_publications": 1, "num_citations": 3, "num_publications_5y": 0, "num_citations_5y": 3, "num_publications_10y": 1, "num_citations_10y": 3, "publications_years": {"2010": 1}, "citations_years": {"2016": 3}, "old_citations": {"2010": 3}, "isVisible": false}, "2149325268": {"name": "tao chao", "type": "author", "activity": 10, "h_index": 1, "h5_index": 1, "mag_id": "2149325268", "num_publications": 1, "num_citations": 0, "num_publications_5y": 0, "num_citations_5y": 0, "num_publications_10y": 1, "num_citations_10y": 0, "publications_years": {"2010": 1}, "citations_years": {}, "old_citations": {"2010": 0}, "isVisible": false}, "2151864149": {"name": "ruikang li", "type": "author", "activity": 1, "h_index": 1, "h5_index": 0, "mag_id": "2151864149", "num_publications": 1, "num_citations": 0, "num_publications_5y": 0, "num_citations_5y": 0, "num_publications_10y": 1, "num_citations_10y": 0, "publications_years": {"2010": 1}, "citations_years": {}, "old_citations": {"2010": 0}, "isVisible": false}, "2155220660": {"name": "hongyu shi", "type": "author", "activity": 3, "h_index": 3, "h5_index": 0, "mag_id": "2155220660", "num_publications": 1, "num_citations": 0, "num_publications_5y": 0, "num_citations_5y": 0, "num_publications_10y": 1, "num_citations_10y": 0, "publications_years": {"2010": 1}, "citations_years": {}, "old_citations": {"2010": 0}, "isVisible": false}, "2155684279": {"name": "han lei", "type": "author", "activity": 1, "h_index": 0, "h5_index": 0, "mag_id": "2155684279", "num_publications": 1, "num_citations": 0, "num_publications_5y": 0, "num_citations_5y": 0, "num_publications_10y": 1, "num_citations_10y": 0, "publications_years": {"2010": 1}, "citations_years": {}, "old_citations": {"2010": 0}, "isVisible": false}, "2158228491": {"name": "yingjing qian", "type": "author", "activity": 10, "h_index": 0, "h5_index": 0, "mag_id": "2158228491", "num_publications": 1, "num_citations": 0, "num_publications_5y": 0, "num_citations_5y": 0, "num_publications_10y": 1, "num_citations_10y": 0, "publications_years": {"2010": 1}, "citations_years": {}, "old_citations": {"2010": 0}, "isVisible": false}, "2159071428": {"name": "xinghuo yu", "type": "author", "activity": 31, "h_index": 38, "h5_index": 19, "mag_id": "2159071428", "num_publications": 1, "num_citations": 0, "num_publications_5y": 0, "num_citations_5y": 0, "num_publications_10y": 1, "num_citations_10y": 0, "publications_years": {"2010": 1}, "citations_years": {}, "old_citations": {"2010": 0}, "isVisible": false}, "2160053345": {"name": "xiaoqing zhong", "type": "author", "activity": 1, "h_index": 0, "h5_index": 0, "mag_id": "2160053345", "num_publications": 1, "num_citations": 0, "num_publications_5y": 0, "num_citations_5y": 0, "num_publications_10y": 1, "num_citations_10y": 0, "publications_years": {"2010": 1}, "citations_years": {}, "old_citations": {"2010": 0}, "isVisible": false}, "2172062429": {"name": "yong feng", "type": "author", "activity": 20, "h_index": 7, "h5_index": 1, "mag_id": "2172062429", "num_publications": 1, "num_citations": 0, "num_publications_5y": 0, "num_citations_5y": 0, "num_publications_10y": 1, "num_citations_10y": 0, "publications_years": {"2010": 1}, "citations_years": {}, "old_citations": {"2010": 0}, "isVisible": false}, "2222533652": {"name": "wan xiangcheng", "type": "author", "activity": 10, "h_index": 0, "h5_index": 0, "mag_id": "2222533652", "num_publications": 1, "num_citations": 0, "num_publications_5y": 0, "num_citations_5y": 0, "num_publications_10y": 1, "num_citations_10y": 0, "publications_years": {"2010": 1}, "citations_years": {}, "old_citations": {"2010": 0}, "isVisible": false}, "2222942341": {"name": "kou yimin", "type": "author", "activity": 3, "h_index": 1, "h5_index": 0, "mag_id": "2222942341", "num_publications": 1, "num_citations": 1, "num_publications_5y": 0, "num_citations_5y": 1, "num_publications_10y": 1, "num_citations_10y": 1, "publications_years": {"2010": 1}, "citations_years": {"2016": 1}, "old_citations": {"2010": 1}, "isVisible": false}, "2222956982": {"name": "zhenyu lian", "type": "author", "activity": 2, "h_index": 2, "h5_index": 0, "mag_id": "2222956982", "num_publications": 1, "num_citations": 4, "num_publications_5y": 0, "num_citations_5y": 3, "num_publications_10y": 1, "num_citations_10y": 4, "publications_years": {"2010": 1}, "citations_years": {"2013": 1, "2014": 0, "2015": 0, "2016": 1, "2017": 2}, "old_citations": {"2010": 4}, "isVisible": false}, "2223226945": {"name": "feng junhua", "type": "author", "activity": 1, "h_index": 1, "h5_index": 0, "mag_id": "2223226945", "num_publications": 1, "num_citations": 7, "num_publications_5y": 0, "num_citations_5y": 4, "num_publications_10y": 1, "num_citations_10y": 7, "publications_years": {"2010": 1}, "citations_years": {"2011": 1, "2012": 1, "2013": 1, "2014": 0, "2015": 1, "2016": 2, "2017": 0, "2018": 1}, "old_citations": {"2010": 7}, "isVisible": false}, "2223406393": {"name": "yuanmo lin", "type": "author", "activity": 1, "h_index": 0, "h5_index": 0, "mag_id": "2223406393", "num_publications": 1, "num_citations": 0, "num_publications_5y": 0, "num_citations_5y": 0, "num_publications_10y": 1, "num_citations_10y": 0, "publications_years": {"2010": 1}, "citations_years": {}, "old_citations": {"2010": 0}, "isVisible": false}, "2223499977": {"name": "wenyang tang", "type": "author", "activity": 1, "h_index": 1, "h5_index": 0, "mag_id": "2223499977", "num_publications": 1, "num_citations": 0, "num_publications_5y": 0, "num_citations_5y": 0, "num_publications_10y": 1, "num_citations_10y": 0, "publications_years": {"2010": 1}, "citations_years": {}, "old_citations": {"2010": 0}, "isVisible": false}, "2224013393": {"name": "yunkai feng", "type": "author", "activity": 1, "h_index": 0, "h5_index": 0, "mag_id": "2224013393", "num_publications": 1, "num_citations": 0, "num_publications_5y": 0, "num_citations_5y": 0, "num_publications_10y": 1, "num_citations_10y": 0, "publications_years": {"2010": 1}, "citations_years": {}, "old_citations": {"2010": 0}, "isVisible": false}, "2224691795": {"name": "xiaoyang ma", "type": "author", "activity": 1, "h_index": 1, "h5_index": 0, "mag_id": "2224691795", "num_publications": 1, "num_citations": 0, "num_publications_5y": 0, "num_citations_5y": 0, "num_publications_10y": 1, "num_citations_10y": 0, "publications_years": {"2010": 1}, "citations_years": {}, "old_citations": {"2010": 0}, "isVisible": false}, "2225369643": {"name": "ji ciyu", "type": "author", "activity": 1, "h_index": 0, "h5_index": 0, "mag_id": "2225369643", "num_publications": 1, "num_citations": 0, "num_publications_5y": 0, "num_citations_5y": 0, "num_publications_10y": 1, "num_citations_10y": 0, "publications_years": {"2010": 1}, "citations_years": {}, "old_citations": {"2010": 0}, "isVisible": false}, "2225468683": {"name": "zhangjiuling", "type": "author", "activity": 1, "h_index": 0, "h5_index": 0, "mag_id": "2225468683", "num_publications": 1, "num_citations": 0, "num_publications_5y": 0, "num_citations_5y": 0, "num_publications_10y": 1, "num_citations_10y": 0, "publications_years": {"2010": 1}, "citations_years": {}, "old_citations": {"2010": 0}, "isVisible": false}, "2226425469": {"name": "cheng zijian", "type": "author", "activity": 2, "h_index": 1, "h5_index": 0, "mag_id": "2226425469", "num_publications": 1, "num_citations": 0, "num_publications_5y": 0, "num_citations_5y": 0, "num_publications_10y": 1, "num_citations_10y": 0, "publications_years": {"2010": 1}, "citations_years": {}, "old_citations": {"2010": 0}, "isVisible": false}, "2226958104": {"name": "qisheng sui", "type": "author", "activity": 1, "h_index": 1, "h5_index": 0, "mag_id": "2226958104", "num_publications": 1, "num_citations": 1, "num_publications_5y": 0, "num_citations_5y": 0, "num_publications_10y": 1, "num_citations_10y": 1, "publications_years": {"2010": 1}, "citations_years": {"2012": 1}, "old_citations": {"2010": 1}, "isVisible": false}, "2231443997": {"name": "chen ren", "type": "author", "activity": 1, "h_index": 0, "h5_index": 0, "mag_id": "2231443997", "num_publications": 1, "num_citations": 0, "num_publications_5y": 0, "num_citations_5y": 0, "num_publications_10y": 1, "num_citations_10y": 0, "publications_years": {"2010": 1}, "citations_years": {}, "old_citations": {"2010": 0}, "isVisible": false}, "2257075485": {"name": "liqiang xu", "type": "author", "activity": 1, "h_index": 1, "h5_index": 0, "mag_id": "2257075485", "num_publications": 1, "num_citations": 1, "num_publications_5y": 0, "num_citations_5y": 0, "num_publications_10y": 1, "num_citations_10y": 0, "publications_years": {"2010": 1}, "citations_years": {"2019": 1}, "old_citations": {"2010": 1}, "isVisible": false}, "2260424399": {"name": "zhang zhongzhao", "type": "author", "activity": 19, "h_index": 4, "h5_index": 3, "mag_id": "2260424399", "num_publications": 1, "num_citations": 0, "num_publications_5y": 0, "num_citations_5y": 0, "num_publications_10y": 1, "num_citations_10y": 0, "publications_years": {"2010": 1}, "citations_years": {}, "old_citations": {"2010": 0}, "isVisible": false}, "2287512094": {"name": "shaomin li", "type": "author", "activity": 1, "h_index": 1, "h5_index": 0, "mag_id": "2287512094", "num_publications": 1, "num_citations": 1, "num_publications_5y": 0, "num_citations_5y": 0, "num_publications_10y": 1, "num_citations_10y": 1, "publications_years": {"2010": 1}, "citations_years": {"2012": 1}, "old_citations": {"2010": 1}, "isVisible": false}, "2293096822": {"name": "hamid khaloozadeh", "type": "author", "activity": 19, "h_index": 8, "h5_index": 2, "mag_id": "2293096822", "num_publications": 1, "num_citations": 1, "num_publications_5y": 0, "num_citations_5y": 1, "num_publications_10y": 1, "num_citations_10y": 1, "publications_years": {"2010": 1}, "citations_years": {"2016": 1}, "old_citations": {"2010": 1}, "isVisible": false}, "2302824909": {"name": "xiaowei shao", "type": "author", "activity": 1, "h_index": 1, "h5_index": 0, "mag_id": "2302824909", "num_publications": 1, "num_citations": 2, "num_publications_5y": 0, "num_citations_5y": 1, "num_publications_10y": 1, "num_citations_10y": 2, "publications_years": {"2010": 1}, "citations_years": {"2012": 1, "2013": 0, "2014": 0, "2015": 0, "2016": 1}, "old_citations": {"2010": 2}, "isVisible": false}, "2303409729": {"name": "chen dong", "type": "author", "activity": 5, "h_index": 0, "h5_index": 0, "mag_id": "2303409729", "num_publications": 1, "num_citations": 0, "num_publications_5y": 0, "num_citations_5y": 0, "num_publications_10y": 1, "num_citations_10y": 0, "publications_years": {"2010": 1}, "citations_years": {}, "old_citations": {"2010": 0}, "isVisible": false}, "2307155753": {"name": "wu qu", "type": "author", "activity": 7, "h_index": 0, "h5_index": 0, "mag_id": "2307155753", "num_publications": 1, "num_citations": 0, "num_publications_5y": 0, "num_citations_5y": 0, "num_publications_10y": 1, "num_citations_10y": 0, "publications_years": {"2010": 1}, "citations_years": {}, "old_citations": {"2010": 0}, "isVisible": false}, "2307534686": {"name": "peng lai", "type": "author", "activity": 1, "h_index": 0, "h5_index": 0, "mag_id": "2307534686", "num_publications": 1, "num_citations": 0, "num_publications_5y": 0, "num_citations_5y": 0, "num_publications_10y": 1, "num_citations_10y": 0, "publications_years": {"2010": 1}, "citations_years": {}, "old_citations": {"2010": 0}, "isVisible": false}, "2308728811": {"name": "xin chen", "type": "author", "activity": 1, "h_index": 1, "h5_index": 0, "mag_id": "2308728811", "num_publications": 1, "num_citations": 1, "num_publications_5y": 0, "num_citations_5y": 1, "num_publications_10y": 1, "num_citations_10y": 1, "publications_years": {"2010": 1}, "citations_years": {"2014": 1}, "old_citations": {"2010": 1}, "isVisible": false}, "2310678471": {"name": "xie kai", "type": "author", "activity": 1, "h_index": 0, "h5_index": 0, "mag_id": "2310678471", "num_publications": 1, "num_citations": 0, "num_publications_5y": 0, "num_citations_5y": 0, "num_publications_10y": 1, "num_citations_10y": 0, "publications_years": {"2010": 1}, "citations_years": {}, "old_citations": {"2010": 0}, "isVisible": false}, "2420731035": {"name": "zhang kai", "type": "author", "activity": 1, "h_index": 0, "h5_index": 0, "mag_id": "2420731035", "num_publications": 1, "num_citations": 0, "num_publications_5y": 0, "num_citations_5y": 0, "num_publications_10y": 1, "num_citations_10y": 0, "publications_years": {"2010": 1}, "citations_years": {}, "old_citations": {"2010": 0}, "isVisible": false}, "2421802201": {"name": "zhang caihong", "type": "author", "activity": 1, "h_index": 0, "h5_index": 0, "mag_id": "2421802201", "num_publications": 1, "num_citations": 0, "num_publications_5y": 0, "num_citations_5y": 0, "num_publications_10y": 1, "num_citations_10y": 0, "publications_years": {"2010": 1}, "citations_years": {}, "old_citations": {"2010": 0}, "isVisible": false}, "2425116501": {"name": "liu rui", "type": "author", "activity": 3, "h_index": 1, "h5_index": 0, "mag_id": "2425116501", "num_publications": 1, "num_citations": 1, "num_publications_5y": 0, "num_citations_5y": 1, "num_publications_10y": 1, "num_citations_10y": 1, "publications_years": {"2010": 1}, "citations_years": {"2016": 1}, "old_citations": {"2010": 1}, "isVisible": false}, "2426484071": {"name": "yan lan", "type": "author", "activity": 1, "h_index": 1, "h5_index": 0, "mag_id": "2426484071", "num_publications": 1, "num_citations": 2, "num_publications_5y": 0, "num_citations_5y": 1, "num_publications_10y": 1, "num_citations_10y": 2, "publications_years": {"2010": 1}, "citations_years": {"2013": 1, "2014": 0, "2015": 0, "2016": 1}, "old_citations": {"2010": 2}, "isVisible": false}, "2427570811": {"name": "yang guoliang", "type": "author", "activity": 1, "h_index": 1, "h5_index": 0, "mag_id": "2427570811", "num_publications": 1, "num_citations": 4, "num_publications_5y": 0, "num_citations_5y": 2, "num_publications_10y": 1, "num_citations_10y": 4, "publications_years": {"2010": 1}, "citations_years": {"2011": 2, "2012": 0, "2013": 0, "2014": 1, "2015": 0, "2016": 1}, "old_citations": {"2010": 4}, "isVisible": false}, "2427800289": {"name": "zheng zhu", "type": "author", "activity": 3, "h_index": 2, "h5_index": 0, "mag_id": "2427800289", "num_publications": 1, "num_citations": 6, "num_publications_5y": 0, "num_citations_5y": 4, "num_publications_10y": 1, "num_citations_10y": 6, "publications_years": {"2010": 1}, "citations_years": {"2011": 1, "2012": 1, "2013": 0, "2014": 0, "2015": 1, "2016": 1, "2017": 1, "2018": 1}, "old_citations": {"2010": 6}, "isVisible": false}, "2429806552": {"name": "yang xiao", "type": "author", "activity": 1, "h_index": 0, "h5_index": 0, "mag_id": "2429806552", "num_publications": 1, "num_citations": 0, "num_publications_5y": 0, "num_citations_5y": 0, "num_publications_10y": 1, "num_citations_10y": 0, "publications_years": {"2010": 1}, "citations_years": {}, "old_citations": {"2010": 0}, "isVisible": false}, "2440337765": {"name": "chen junli", "type": "author", "activity": 1, "h_index": 0, "h5_index": 0, "mag_id": "2440337765", "num_publications": 1, "num_citations": 0, "num_publications_5y": 0, "num_citations_5y": 0, "num_publications_10y": 1, "num_citations_10y": 0, "publications_years": {"2010": 1}, "citations_years": {}, "old_citations": {"2010": 0}, "isVisible": false}, "2441006455": {"name": "feihu jin", "type": "author", "activity": 1, "h_index": 0, "h5_index": 0, "mag_id": "2441006455", "num_publications": 1, "num_citations": 0, "num_publications_5y": 0, "num_citations_5y": 0, "num_publications_10y": 1, "num_citations_10y": 0, "publications_years": {"2010": 1}, "citations_years": {}, "old_citations": {"2010": 0}, "isVisible": false}, "2444095437": {"name": "jing li", "type": "author", "activity": 1, "h_index": 0, "h5_index": 0, "mag_id": "2444095437", "num_publications": 1, "num_citations": 0, "num_publications_5y": 0, "num_citations_5y": 0, "num_publications_10y": 1, "num_citations_10y": 0, "publications_years": {"2010": 1}, "citations_years": {}, "old_citations": {"2010": 0}, "isVisible": false}, "2444238887": {"name": "ge wang", "type": "author", "activity": 4, "h_index": 2, "h5_index": 0, "mag_id": "2444238887", "num_publications": 1, "num_citations": 3, "num_publications_5y": 0, "num_citations_5y": 2, "num_publications_10y": 1, "num_citations_10y": 3, "publications_years": {"2010": 1}, "citations_years": {"2012": 1, "2013": 0, "2014": 0, "2015": 1, "2016": 1}, "old_citations": {"2010": 3}, "isVisible": false}, "2444380922": {"name": "zhao kun", "type": "author", "activity": 1, "h_index": 1, "h5_index": 0, "mag_id": "2444380922", "num_publications": 1, "num_citations": 4, "num_publications_5y": 0, "num_citations_5y": 2, "num_publications_10y": 1, "num_citations_10y": 4, "publications_years": {"2010": 1}, "citations_years": {"2011": 2, "2012": 0, "2013": 0, "2014": 1, "2015": 0, "2016": 1}, "old_citations": {"2010": 4}, "isVisible": false}, "2444394274": {"name": "wu wei", "type": "author", "activity": 1, "h_index": 0, "h5_index": 0, "mag_id": "2444394274", "num_publications": 1, "num_citations": 0, "num_publications_5y": 0, "num_citations_5y": 0, "num_publications_10y": 1, "num_citations_10y": 0, "publications_years": {"2010": 1}, "citations_years": {}, "old_citations": {"2010": 0}, "isVisible": false}, "2461275389": {"name": "song hongmei", "type": "author", "activity": 1, "h_index": 1, "h5_index": 0, "mag_id": "2461275389", "num_publications": 1, "num_citations": 3, "num_publications_5y": 0, "num_citations_5y": 2, "num_publications_10y": 1, "num_citations_10y": 3, "publications_years": {"2010": 1}, "citations_years": {"2011": 1, "2012": 0, "2013": 0, "2014": 1, "2015": 1}, "old_citations": {"2010": 3}, "isVisible": false}, "2476463765": {"name": "sun yingmei", "type": "author", "activity": 9, "h_index": 0, "h5_index": 0, "mag_id": "2476463765", "num_publications": 1, "num_citations": 0, "num_publications_5y": 0, "num_citations_5y": 0, "num_publications_10y": 1, "num_citations_10y": 0, "publications_years": {"2010": 1}, "citations_years": {}, "old_citations": {"2010": 0}, "isVisible": false}, "2484049104": {"name": "mengmeng yu", "type": "author", "activity": 1, "h_index": 1, "h5_index": 0, "mag_id": "2484049104", "num_publications": 1, "num_citations": 7, "num_publications_5y": 0, "num_citations_5y": 3, "num_publications_10y": 1, "num_citations_10y": 5, "publications_years": {"2010": 1}, "citations_years": {"2011": 1, "2012": 1, "2013": 0, "2014": 2, "2015": 1, "2016": 0, "2017": 0, "2018": 0, "2019": 1, "2020": 1}, "old_citations": {"2010": 7}, "isVisible": false}, "2488128002": {"name": "liu qinghui", "type": "author", "activity": 1, "h_index": 1, "h5_index": 0, "mag_id": "2488128002", "num_publications": 1, "num_citations": 1, "num_publications_5y": 0, "num_citations_5y": 0, "num_publications_10y": 1, "num_citations_10y": 1, "publications_years": {"2010": 1}, "citations_years": {"2013": 1}, "old_citations": {"2010": 1}, "isVisible": false}, "2488359473": {"name": "wei niu", "type": "author", "activity": 1, "h_index": 1, "h5_index": 0, "mag_id": "2488359473", "num_publications": 1, "num_citations": 1, "num_publications_5y": 0, "num_citations_5y": 0, "num_publications_10y": 1, "num_citations_10y": 1, "publications_years": {"2010": 1}, "citations_years": {"2012": 1}, "old_citations": {"2010": 1}, "isVisible": false}, "2489057926": {"name": "yifan xu", "type": "author", "activity": 2, "h_index": 2, "h5_index": 0, "mag_id": "2489057926", "num_publications": 1, "num_citations": 4, "num_publications_5y": 0, "num_citations_5y": 3, "num_publications_10y": 1, "num_citations_10y": 4, "publications_years": {"2010": 1}, "citations_years": {"2013": 1, "2014": 0, "2015": 0, "2016": 1, "2017": 2}, "old_citations": {"2010": 4}, "isVisible": false}, "2498198521": {"name": "wang chunhua", "type": "author", "activity": 3, "h_index": 1, "h5_index": 0, "mag_id": "2498198521", "num_publications": 1, "num_citations": 1, "num_publications_5y": 0, "num_citations_5y": 0, "num_publications_10y": 1, "num_citations_10y": 1, "publications_years": {"2010": 1}, "citations_years": {"2013": 1}, "old_citations": {"2010": 1}, "isVisible": false}, "2500993863": {"name": "zhao jingsong", "type": "author", "activity": 1, "h_index": 0, "h5_index": 0, "mag_id": "2500993863", "num_publications": 1, "num_citations": 0, "num_publications_5y": 0, "num_citations_5y": 0, "num_publications_10y": 1, "num_citations_10y": 0, "publications_years": {"2010": 1}, "citations_years": {}, "old_citations": {"2010": 0}, "isVisible": false}, "2504942215": {"name": "zhipeng wu", "type": "author", "activity": 1, "h_index": 0, "h5_index": 0, "mag_id": "2504942215", "num_publications": 1, "num_citations": 0, "num_publications_5y": 0, "num_citations_5y": 0, "num_publications_10y": 1, "num_citations_10y": 0, "publications_years": {"2010": 1}, "citations_years": {}, "old_citations": {"2010": 0}, "isVisible": false}, "2561279360": {"name": "shitao ji", "type": "author", "activity": 1, "h_index": 1, "h5_index": 0, "mag_id": "2561279360", "num_publications": 1, "num_citations": 2, "num_publications_5y": 0, "num_citations_5y": 1, "num_publications_10y": 1, "num_citations_10y": 2, "publications_years": {"2010": 1}, "citations_years": {"2013": 1, "2014": 0, "2015": 0, "2016": 1}, "old_citations": {"2010": 2}, "isVisible": false}, "2574170703": {"name": "wang guohua", "type": "author", "activity": 15, "h_index": 2, "h5_index": 0, "mag_id": "2574170703", "num_publications": 1, "num_citations": 0, "num_publications_5y": 0, "num_citations_5y": 0, "num_publications_10y": 1, "num_citations_10y": 0, "publications_years": {"2010": 1}, "citations_years": {}, "old_citations": {"2010": 0}, "isVisible": false}, "2581109237": {"name": "li baohua", "type": "author", "activity": 8, "h_index": 4, "h5_index": 2, "mag_id": "2581109237", "num_publications": 1, "num_citations": 1, "num_publications_5y": 0, "num_citations_5y": 1, "num_publications_10y": 1, "num_citations_10y": 1, "publications_years": {"2010": 1}, "citations_years": {"2016": 1}, "old_citations": {"2010": 1}, "isVisible": false}, "2590515920": {"name": "shuo wang", "type": "author", "activity": 19, "h_index": 11, "h5_index": 2, "mag_id": "2590515920", "num_publications": 1, "num_citations": 6, "num_publications_5y": 0, "num_citations_5y": 4, "num_publications_10y": 1, "num_citations_10y": 6, "publications_years": {"2010": 1}, "citations_years": {"2011": 1, "2012": 1, "2013": 0, "2014": 0, "2015": 1, "2016": 1, "2017": 1, "2018": 1}, "old_citations": {"2010": 6}, "isVisible": false}, "2598787662": {"name": "li yajun", "type": "author", "activity": 1, "h_index": 2, "h5_index": 0, "mag_id": "2598787662", "num_publications": 1, "num_citations": 3, "num_publications_5y": 0, "num_citations_5y": 1, "num_publications_10y": 1, "num_citations_10y": 3, "publications_years": {"2010": 1}, "citations_years": {"2012": 1, "2013": 1, "2014": 0, "2015": 0, "2016": 1}, "old_citations": {"2010": 3}, "isVisible": false}, "2601014850": {"name": "huang han", "type": "author", "activity": 1, "h_index": 0, "h5_index": 0, "mag_id": "2601014850", "num_publications": 1, "num_citations": 0, "num_publications_5y": 0, "num_citations_5y": 0, "num_publications_10y": 1, "num_citations_10y": 0, "publications_years": {"2010": 1}, "citations_years": {}, "old_citations": {"2010": 0}, "isVisible": false}, "2627033336": {"name": "hao wanhong", "type": "author", "activity": 1, "h_index": 1, "h5_index": 0, "mag_id": "2627033336", "num_publications": 1, "num_citations": 1, "num_publications_5y": 0, "num_citations_5y": 0, "num_publications_10y": 1, "num_citations_10y": 1, "publications_years": {"2010": 1}, "citations_years": {"2013": 1}, "old_citations": {"2010": 1}, "isVisible": false}, "2627612699": {"name": "changhong wang", "type": "author", "activity": 1, "h_index": 1, "h5_index": 0, "mag_id": "2627612699", "num_publications": 1, "num_citations": 3, "num_publications_5y": 0, "num_citations_5y": 1, "num_publications_10y": 1, "num_citations_10y": 3, "publications_years": {"2010": 1}, "citations_years": {"2012": 1, "2013": 1, "2014": 0, "2015": 0, "2016": 1}, "old_citations": {"2010": 3}, "isVisible": false}, "2629503991": {"name": "lv zhilong", "type": "author", "activity": 1, "h_index": 1, "h5_index": 0, "mag_id": "2629503991", "num_publications": 1, "num_citations": 1, "num_publications_5y": 0, "num_citations_5y": 0, "num_publications_10y": 1, "num_citations_10y": 1, "publications_years": {"2010": 1}, "citations_years": {"2013": 1}, "old_citations": {"2010": 1}, "isVisible": false}, "2630759293": {"name": "junxue liu", "type": "author", "activity": 1, "h_index": 1, "h5_index": 0, "mag_id": "2630759293", "num_publications": 1, "num_citations": 7, "num_publications_5y": 0, "num_citations_5y": 3, "num_publications_10y": 1, "num_citations_10y": 5, "publications_years": {"2010": 1}, "citations_years": {"2011": 1, "2012": 1, "2013": 0, "2014": 2, "2015": 1, "2016": 0, "2017": 0, "2018": 0, "2019": 1, "2020": 1}, "old_citations": {"2010": 7}, "isVisible": false}, "2637069842": {"name": "wuxing jing", "type": "author", "activity": 14, "h_index": 2, "h5_index": 1, "mag_id": "2637069842", "num_publications": 1, "num_citations": 0, "num_publications_5y": 0, "num_citations_5y": 0, "num_publications_10y": 1, "num_citations_10y": 0, "publications_years": {"2010": 1}, "citations_years": {}, "old_citations": {"2010": 0}, "isVisible": false}, "2638377292": {"name": "yongyuan qin", "type": "author", "activity": 1, "h_index": 1, "h5_index": 0, "mag_id": "2638377292", "num_publications": 1, "num_citations": 2, "num_publications_5y": 0, "num_citations_5y": 1, "num_publications_10y": 1, "num_citations_10y": 2, "publications_years": {"2010": 1}, "citations_years": {"2013": 1, "2014": 0, "2015": 0, "2016": 1}, "old_citations": {"2010": 2}, "isVisible": false}, "2639776410": {"name": "songyan wang", "type": "author", "activity": 1, "h_index": 0, "h5_index": 0, "mag_id": "2639776410", "num_publications": 1, "num_citations": 0, "num_publications_5y": 0, "num_citations_5y": 0, "num_publications_10y": 1, "num_citations_10y": 0, "publications_years": {"2010": 1}, "citations_years": {}, "old_citations": {"2010": 0}, "isVisible": false}, "2639836752": {"name": "dan wang", "type": "author", "activity": 3, "h_index": 2, "h5_index": 0, "mag_id": "2639836752", "num_publications": 1, "num_citations": 0, "num_publications_5y": 0, "num_citations_5y": 0, "num_publications_10y": 1, "num_citations_10y": 0, "publications_years": {"2010": 1}, "citations_years": {}, "old_citations": {"2010": 0}, "isVisible": false}, "2640264817": {"name": "m darbandi", "type": "author", "activity": 1, "h_index": 1, "h5_index": 0, "mag_id": "2640264817", "num_publications": 1, "num_citations": 1, "num_publications_5y": 0, "num_citations_5y": 1, "num_publications_10y": 1, "num_citations_10y": 1, "publications_years": {"2010": 1}, "citations_years": {"2016": 1}, "old_citations": {"2010": 1}, "isVisible": false}, "2641507760": {"name": "fang chen", "type": "author", "activity": 1, "h_index": 0, "h5_index": 0, "mag_id": "2641507760", "num_publications": 1, "num_citations": 0, "num_publications_5y": 0, "num_citations_5y": 0, "num_publications_10y": 1, "num_citations_10y": 0, "publications_years": {"2010": 1}, "citations_years": {}, "old_citations": {"2010": 0}, "isVisible": false}, "2642769494": {"name": "zhiwei du", "type": "author", "activity": 1, "h_index": 0, "h5_index": 0, "mag_id": "2642769494", "num_publications": 1, "num_citations": 0, "num_publications_5y": 0, "num_citations_5y": 0, "num_publications_10y": 1, "num_citations_10y": 0, "publications_years": {"2010": 1}, "citations_years": {}, "old_citations": {"2010": 0}, "isVisible": false}, "2643367350": {"name": "xiaojian zhong", "type": "author", "activity": 1, "h_index": 0, "h5_index": 0, "mag_id": "2643367350", "num_publications": 1, "num_citations": 0, "num_publications_5y": 0, "num_citations_5y": 0, "num_publications_10y": 1, "num_citations_10y": 0, "publications_years": {"2010": 1}, "citations_years": {}, "old_citations": {"2010": 0}, "isVisible": false}, "2643523683": {"name": "zhenqiang yang", "type": "author", "activity": 2, "h_index": 2, "h5_index": 0, "mag_id": "2643523683", "num_publications": 1, "num_citations": 2, "num_publications_5y": 0, "num_citations_5y": 1, "num_publications_10y": 1, "num_citations_10y": 2, "publications_years": {"2010": 1}, "citations_years": {"2011": 1, "2012": 0, "2013": 0, "2014": 0, "2015": 1}, "old_citations": {"2010": 2}, "isVisible": false}, "2719835604": {"name": "zhenshen qu", "type": "author", "activity": 1, "h_index": 1, "h5_index": 0, "mag_id": "2719835604", "num_publications": 1, "num_citations": 7, "num_publications_5y": 0, "num_citations_5y": 3, "num_publications_10y": 1, "num_citations_10y": 5, "publications_years": {"2010": 1}, "citations_years": {"2011": 1, "2012": 1, "2013": 0, "2014": 2, "2015": 1, "2016": 0, "2017": 0, "2018": 0, "2019": 1, "2020": 1}, "old_citations": {"2010": 7}, "isVisible": false}, "2644405154": {"name": "renjie he", "type": "author", "activity": 2, "h_index": 2, "h5_index": 0, "mag_id": "2644405154", "num_publications": 1, "num_citations": 4, "num_publications_5y": 0, "num_citations_5y": 3, "num_publications_10y": 1, "num_citations_10y": 4, "publications_years": {"2010": 1}, "citations_years": {"2013": 1, "2014": 0, "2015": 0, "2016": 1, "2017": 2}, "old_citations": {"2010": 4}, "isVisible": false}, "2671808656": {"name": "yuejin tan", "type": "author", "activity": 2, "h_index": 2, "h5_index": 0, "mag_id": "2671808656", "num_publications": 1, "num_citations": 4, "num_publications_5y": 0, "num_citations_5y": 3, "num_publications_10y": 1, "num_citations_10y": 4, "publications_years": {"2010": 1}, "citations_years": {"2013": 1, "2014": 0, "2015": 0, "2016": 1, "2017": 2}, "old_citations": {"2010": 4}, "isVisible": false}, "2677625956": {"name": "jufang li", "type": "author", "activity": 1, "h_index": 1, "h5_index": 0, "mag_id": "2677625956", "num_publications": 1, "num_citations": 4, "num_publications_5y": 0, "num_citations_5y": 3, "num_publications_10y": 1, "num_citations_10y": 4, "publications_years": {"2010": 1}, "citations_years": {"2013": 1, "2014": 0, "2015": 0, "2016": 1, "2017": 2}, "old_citations": {"2010": 4}, "isVisible": false}, "2656082043": {"name": "qiang guo", "type": "author", "activity": 1, "h_index": 1, "h5_index": 0, "mag_id": "2656082043", "num_publications": 1, "num_citations": 3, "num_publications_5y": 0, "num_citations_5y": 1, "num_publications_10y": 1, "num_citations_10y": 3, "publications_years": {"2010": 1}, "citations_years": {"2012": 1, "2013": 1, "2014": 0, "2015": 0, "2016": 1}, "old_citations": {"2010": 3}, "isVisible": false}, "2659663017": {"name": "mengyin fu", "type": "author", "activity": 1, "h_index": 1, "h5_index": 0, "mag_id": "2659663017", "num_publications": 1, "num_citations": 3, "num_publications_5y": 0, "num_citations_5y": 2, "num_publications_10y": 1, "num_citations_10y": 3, "publications_years": {"2010": 1}, "citations_years": {"2012": 1, "2013": 0, "2014": 0, "2015": 1, "2016": 1}, "old_citations": {"2010": 3}, "isVisible": false}, "2675104300": {"name": "wan jian", "type": "author", "activity": 1, "h_index": 1, "h5_index": 0, "mag_id": "2675104300", "num_publications": 1, "num_citations": 3, "num_publications_5y": 0, "num_citations_5y": 1, "num_publications_10y": 1, "num_citations_10y": 3, "publications_years": {"2010": 1}, "citations_years": {"2012": 1, "2013": 1, "2014": 0, "2015": 0, "2016": 1}, "old_citations": {"2010": 3}, "isVisible": false}, "2702560289": {"name": "chuanrun zhai", "type": "author", "activity": 1, "h_index": 1, "h5_index": 0, "mag_id": "2702560289", "num_publications": 1, "num_citations": 3, "num_publications_5y": 0, "num_citations_5y": 3, "num_publications_10y": 1, "num_citations_10y": 3, "publications_years": {"2010": 1}, "citations_years": {"2016": 3}, "old_citations": {"2010": 3}, "isVisible": false}, "2915945373": {"name": "xiaoyun wang", "type": "author", "activity": 1, "h_index": 1, "h5_index": 0, "mag_id": "2915945373", "num_publications": 1, "num_citations": 3, "num_publications_5y": 0, "num_citations_5y": 2, "num_publications_10y": 1, "num_citations_10y": 3, "publications_years": {"2010": 1}, "citations_years": {"2012": 1, "2013": 0, "2014": 0, "2015": 1, "2016": 1}, "old_citations": {"2010": 3}, "isVisible": false}, "2655668857": {"name": "yanhui wan", "type": "author", "activity": 1, "h_index": 1, "h5_index": 0, "mag_id": "2655668857", "num_publications": 1, "num_citations": 2, "num_publications_5y": 0, "num_citations_5y": 1, "num_publications_10y": 1, "num_citations_10y": 2, "publications_years": {"2010": 1}, "citations_years": {"2013": 1, "2014": 0, "2015": 0, "2016": 1}, "old_citations": {"2010": 2}, "isVisible": false}, "2667022871": {"name": "xiaoliang wang", "type": "author", "activity": 1, "h_index": 1, "h5_index": 0, "mag_id": "2667022871", "num_publications": 1, "num_citations": 2, "num_publications_5y": 0, "num_citations_5y": 1, "num_publications_10y": 1, "num_citations_10y": 2, "publications_years": {"2010": 1}, "citations_years": {"2012": 1, "2013": 0, "2014": 0, "2015": 0, "2016": 1}, "old_citations": {"2010": 2}, "isVisible": false}, "2683607725": {"name": "jianjun dang", "type": "author", "activity": 1, "h_index": 1, "h5_index": 0, "mag_id": "2683607725", "num_publications": 1, "num_citations": 2, "num_publications_5y": 0, "num_citations_5y": 1, "num_publications_10y": 1, "num_citations_10y": 2, "publications_years": {"2010": 1}, "citations_years": {"2013": 1, "2014": 0, "2015": 0, "2016": 1}, "old_citations": {"2010": 2}, "isVisible": false}, "2693070997": {"name": "kai zheng", "type": "author", "activity": 8, "h_index": 1, "h5_index": 1, "mag_id": "2693070997", "num_publications": 1, "num_citations": 2, "num_publications_5y": 0, "num_citations_5y": 1, "num_publications_10y": 1, "num_citations_10y": 2, "publications_years": {"2010": 1}, "citations_years": {"2011": 1, "2012": 0, "2013": 0, "2014": 0, "2015": 1}, "old_citations": {"2010": 2}, "isVisible": false}, "2722241021": {"name": "shuanghe yu", "type": "author", "activity": 18, "h_index": 5, "h5_index": 1, "mag_id": "2722241021", "num_publications": 1, "num_citations": 2, "num_publications_5y": 0, "num_citations_5y": 1, "num_publications_10y": 1, "num_citations_10y": 2, "publications_years": {"2010": 1}, "citations_years": {"2011": 1, "2012": 0, "2013": 0, "2014": 0, "2015": 1}, "old_citations": {"2010": 2}, "isVisible": false}, "2755990055": {"name": "siyuan wang", "type": "author", "activity": 1, "h_index": 1, "h5_index": 0, "mag_id": "2755990055", "num_publications": 1, "num_citations": 2, "num_publications_5y": 0, "num_citations_5y": 1, "num_publications_10y": 1, "num_citations_10y": 2, "publications_years": {"2010": 1}, "citations_years": {"2011": 1, "2012": 0, "2013": 0, "2014": 0, "2015": 1}, "old_citations": {"2010": 2}, "isVisible": false}, "2665216127": {"name": "guozhong chen", "type": "author", "activity": 1, "h_index": 1, "h5_index": 0, "mag_id": "2665216127", "num_publications": 1, "num_citations": 1, "num_publications_5y": 0, "num_citations_5y": 0, "num_publications_10y": 1, "num_citations_10y": 0, "publications_years": {"2010": 1}, "citations_years": {"2019": 1}, "old_citations": {"2010": 1}, "isVisible": false}, "2684587982": {"name": "xuejun sha", "type": "author", "activity": 1, "h_index": 1, "h5_index": 0, "mag_id": "2684587982", "num_publications": 1, "num_citations": 1, "num_publications_5y": 0, "num_citations_5y": 1, "num_publications_10y": 1, "num_citations_10y": 1, "publications_years": {"2010": 1}, "citations_years": {"2016": 1}, "old_citations": {"2010": 1}, "isVisible": false}, "2692398845": {"name": "fei long", "type": "author", "activity": 1, "h_index": 1, "h5_index": 0, "mag_id": "2692398845", "num_publications": 1, "num_citations": 1, "num_publications_5y": 0, "num_citations_5y": 1, "num_publications_10y": 1, "num_citations_10y": 1, "publications_years": {"2010": 1}, "citations_years": {"2014": 1}, "old_citations": {"2010": 1}, "isVisible": false}, "2696655397": {"name": "xun tang", "type": "author", "activity": 1, "h_index": 1, "h5_index": 0, "mag_id": "2696655397", "num_publications": 1, "num_citations": 1, "num_publications_5y": 0, "num_citations_5y": 1, "num_publications_10y": 1, "num_citations_10y": 1, "publications_years": {"2010": 1}, "citations_years": {"2016": 1}, "old_citations": {"2010": 1}, "isVisible": false}, "2704582378": {"name": "zhumu fu", "type": "author", "activity": 1, "h_index": 1, "h5_index": 0, "mag_id": "2704582378", "num_publications": 1, "num_citations": 1, "num_publications_5y": 0, "num_citations_5y": 1, "num_publications_10y": 1, "num_citations_10y": 1, "publications_years": {"2010": 1}, "citations_years": {"2014": 1}, "old_citations": {"2010": 1}, "isVisible": false}, "2710027343": {"name": "jianping yuan", "type": "author", "activity": 1, "h_index": 1, "h5_index": 0, "mag_id": "2710027343", "num_publications": 1, "num_citations": 1, "num_publications_5y": 0, "num_citations_5y": 0, "num_publications_10y": 1, "num_citations_10y": 1, "publications_years": {"2010": 1}, "citations_years": {"2012": 1}, "old_citations": {"2010": 1}, "isVisible": false}, "2754077330": {"name": "xiaowei shao", "type": "author", "activity": 1, "h_index": 1, "h5_index": 0, "mag_id": "2754077330", "num_publications": 1, "num_citations": 1, "num_publications_5y": 0, "num_citations_5y": 0, "num_publications_10y": 1, "num_citations_10y": 0, "publications_years": {"2010": 1}, "citations_years": {"2019": 1}, "old_citations": {"2010": 1}, "isVisible": false}, "2915302798": {"name": "nobuyuki kawano", "type": "author", "activity": 1, "h_index": 1, "h5_index": 0, "mag_id": "2915302798", "num_publications": 1, "num_citations": 1, "num_publications_5y": 0, "num_citations_5y": 0, "num_publications_10y": 1, "num_citations_10y": 1, "publications_years": {"2010": 1}, "citations_years": {"2013": 1}, "old_citations": {"2010": 1}, "isVisible": false}}, "countries": {"China": {"name": "China", "type": "country", "h5_index": 214, "num_publications": 38, "num_citations": 48, "num_publications_5y": 0, "num_citations_5y": 28, "num_publications_10y": 38, "num_citations_10y": 47, "publications_years": {"2010": 38}, "citations_years": {"2016": 14, "2011": 6, "2012": 6, "2013": 7, "2014": 4, "2015": 5, "2017": 3, "2018": 2, "2019": 1}, "old_citations": {"2010": 48}, "isVisible": false}, "Australia": {"name": "Australia", "type": "country", "h5_index": 141, "num_publications": 1, "num_citations": 0, "num_publications_5y": 0, "num_citations_5y": 0, "num_publications_10y": 1, "num_citations_10y": 0, "publications_years": {"2010": 1}, "citations_years": {}, "old_citations": {"2010": 0}, "isVisible": false}, "Germany": {"name": "Germany", "type": "country", "h5_index": 139, "num_publications": 1, "num_citations": 0, "num_publications_5y": 0, "num_citations_5y": 0, "num_publications_10y": 1, "num_citations_10y": 0, "publications_years": {"2010": 1}, "citations_years": {}, "old_citations": {"2010": 0}, "isVisible": false}}}, "conference_comparison": {"computer science": {}}, "topics_dna": {"publications": {}, "citations": {"normalized": {}, "average": {}}}, "info": {"num_publications": 45, "num_citations": 56.0, "impact_factor": {}, "publications_years": {"2010": 45}, "citations_years": {"2011": 7, "2012": 7, "2013": 7, "2014": 6, "2015": 6, "2016": 15, "2017": 3, "2018": 2, "2019": 2, "2020": 1}, "old_citations": {"2010": 56}, "h5_index": 0}, "percentile": {"computer science": {"2010": 54}}, "conference_ranking": {"computer science": {"2010": 1942}}, "academia": {"num_publications": 32, "num_citations": 35, "publications_years": {"2010": 32}, "old_citations": {"2010": 35}, "num_publications_5y": 0, "num_citations_5y": 0, "num_publications_10y": 0, "num_citations_10y": 0}, "industry": {"num_publications": 0, "num_citations": 0, "publications_years": {}, "old_citations": {}, "num_publications_5y": 0, "num_citations_5y": 0, "num_publications_10y": 0, "num_citations_10y": 0}, "collaborative": {"num_publications": 0, "num_citations": 0, "publications_years": {}, "old_citations": {}, "num_publications_5y": 0, "num_citations_5y": 0, "num_publications_10y": 0, "num_citations_10y": 0}, "conferences": {}, "journals": {}, "organizations": {"publication_overall": ["Harbin Institute of Technology", "Chinese Academy of Sciences", "Harbin Engineering University", "Northwestern Polytechnical University", "Shanghai Jiao Tong University", "Beijing Institute of Technology", "China Aerospace Science and Technology Corporation", "Dalian Maritime University", "Dalian University of Technology", "Guizhou University", "Hangzhou Dianzi University", "Henan University of Science and Technology", "Huazhong University of Science and Technology", "Jacobs University", "Nanjing University of Aeronautics and Astronautics", "National University of Defense Technology", "North China Institute of Science and Technology", "Northeast Forestry University", "Ocean University of China", "Qiqihar University", "RMIT University", "Shantou University", "Southwest Jiaotong University", "Zhengzhou University", "Zhongyuan University of Technology"], "citation_overall": ["Harbin Institute of Technology", "Chinese Academy of Sciences", "Beijing Institute of Technology", "Harbin Engineering University", "Shanghai Jiao Tong University", "Huazhong University of Science and Technology", "National University of Defense Technology", "Northwestern Polytechnical University", "China Aerospace Science and Technology Corporation", "Dalian Maritime University", "Dalian University of Technology", "Guizhou University", "Henan University of Science and Technology", "Hangzhou Dianzi University", "Jacobs University", "Nanjing University of Aeronautics and Astronautics", "North China Institute of Science and Technology", "Northeast Forestry University", "Ocean University of China", "Qiqihar University", "RMIT University", "Shantou University", "Southwest Jiaotong University", "Zhengzhou University", "Zhongyuan University of Technology"], "publication_10_years": [], "citation_10_years": [], "publication_5_years": [], "citation_5_years": []}, "countries": {"publication_overall": ["China", "Australia", "Germany"], "citation_overall": ["China", "Australia", "Germany"], "publication_10_years": [], "citation_10_years": [], "publication_5_years": [], "citation_5_years": []}, "topics": {"publication_overall": ["computer science", "engineering", "computer systems", "signal processing", "computer networks", "telecommunication systems", "computer hardware", "mathematics", "communication systems", "wireless telecommunication systems", "artificial intelligence", "communication channels (information theory)", "computer imaging and vision", "image processing", "sensors", "image analysis", "telecommunication networks", "matrix algebra", "signal to noise ratio", "machine learning"], "citation_overall": ["computer science", "engineering", "computer systems", "signal processing", "computer imaging and vision", "image processing", "artificial intelligence", "computer networks", "image analysis", "telecommunication systems", "machine learning", "mathematics", "computer hardware", "image segmentation", "sensors", "communication systems", "matrix algebra", "wireless telecommunication systems", "telecommunication networks", "communication channels (information theory)"], "publication_10_years": [], "citation_10_years": [], "publication_5_years": [], "citation_5_years": []}, "main_topics": ["computer science"], "authors": {"publication_overall": ["2120081666", "2148311955", "2222443093", "2223675839", "2228416326", "2558007693", "2652289965", "2699836032", "2710558495", "2721919972", "2994338453", "96147552", "130442950", "141954304", "274101335", "1268027001", "1773480595", "1856661237", "1894282214", "1940769077", "1972567668", "2001803091", "2057549006", "2082356461", "2089972294", "2091574722", "2109264123", "2148146639", "2149325268", "2151864149", "2155220660", "2155684279", "2158228491", "2159071428", "2160053345", "2172062429", "2222533652", "2222942341", "2222956982", "2223226945", "2223406393", "2223499977", "2224013393", "2224691795", "2225369643", "2225468683", "2226425469", "2226958104", "2231443997", "2257075485", "2260424399", "2287512094", "2293096822", "2302824909", "2303409729", "2307155753", "2307534686", "2308728811", "2310678471", "2420731035", "2421802201", "2425116501", "2426484071", "2427570811", "2427800289", "2429806552", "2440337765", "2441006455", "2444095437", "2444238887", "2444380922", "2444394274", "2461275389", "2476463765", "2484049104", "2488128002", "2488359473", "2489057926", "2498198521", "2500993863", "2504942215", "2561279360", "2574170703", "2581109237", "2590515920", "2598787662", "2601014850", "2627033336", "2627612699", "2629503991", "2630759293", "2637069842", "2638377292", "2639776410", "2639836752", "2640264817", "2641507760", "2642769494", "2643367350", "2643523683"], "citation_overall": ["2120081666", "130442950", "1773480595", "2223226945", "2484049104", "2630759293", "2719835604", "2082356461", "2427800289", "2590515920", "274101335", "2222956982", "2427570811", "2444380922", "2489057926", "2644405154", "2671808656", "2677625956", "96147552", "1268027001", "2109264123", "2148146639", "2222443093", "2223675839", "2228416326", "2444238887", "2461275389", "2598787662", "2627612699", "2656082043", "2659663017", "2675104300", "2699836032", "2702560289", "2710558495", "2721919972", "2915945373", "2302824909", "2426484071", "2561279360", "2638377292", "2643523683", "2655668857", "2667022871", "2683607725", "2693070997", "2722241021", "2755990055", "141954304", "1894282214", "2001803091", "2222942341", "2226958104", "2257075485", "2287512094", "2293096822", "2308728811", "2425116501", "2488128002", "2488359473", "2498198521", "2581109237", "2627033336", "2629503991", "2640264817", "2665216127", "2684587982", "2692398845", "2696655397", "2704582378", "2710027343", "2754077330", "2915302798", "1856661237", "1940769077", "1972567668", "2057549006", "2089972294", "2091574722", "2148311955", "2149325268", "2151864149", "2155220660", "2155684279", "2158228491", "2159071428", "2160053345", "2172062429", "2222533652", "2223406393", "2223499977", "2224013393", "2224691795", "2225369643", "2225468683", "2226425469", "2231443997", "2260424399", "2303409729", "2307155753"], "publication_10_years": [], "citation_10_years": [], "publication_5_years": [], "citation_5_years": []}, "industrial_sectors": {"publication_overall": [], "citation_overall": [], "publication_10_years": [], "citation_10_years": [], "publication_5_years": [], "citation_5_years": []}}