{"name": "International Conference on Pragmatic Web", "acronym": "ICPW", "type": "conference", "uniqueEntities": {"organizations": {"University of Alabama in Huntsville": {"name": "University of Alabama in Huntsville", "type": "organization", "organization_type": "Education", "h_index": 51, "h5_index": 13, "num_publications": 4, "num_citations": 9, "num_publications_5y": 0, "num_citations_5y": 4, "num_publications_10y": 0, "num_citations_10y": 9, "publications_years": {"2008": 3, "2007": 1}, "citations_years": {"2013": 3, "2014": 1, "2015": 1, "2016": 2, "2009": 1, "2010": 0, "2011": 1, "2012": 0}, "old_citations": {"2008": 6, "2007": 3}, "isVisible": false}, "Uppsala University": {"name": "Uppsala University", "type": "organization", "organization_type": "Education", "h_index": 111, "h5_index": 30, "num_publications": 3, "num_citations": 6, "num_publications_5y": 0, "num_citations_5y": 1, "num_publications_10y": 0, "num_citations_10y": 2, "publications_years": {"2007": 1, "2008": 2}, "citations_years": {"2007": 1, "2008": 2, "2009": 0, "2010": 0, "2011": 0, "2012": 0, "2013": 1, "2014": 0, "2015": 0, "2016": 0, "2017": 0, "2018": 1, "2019": 0, "2020": 1}, "old_citations": {"2007": 6, "2008": 0}, "isVisible": false}, "Georgia Institute of Technology": {"name": "Georgia Institute of Technology", "type": "organization", "organization_type": "Education", "h_index": 280, "h5_index": 72, "num_publications": 2, "num_citations": 16, "num_publications_5y": 0, "num_citations_5y": 4, "num_publications_10y": 0, "num_citations_10y": 13, "publications_years": {"2008": 1, "2007": 1}, "citations_years": {"2009": 3, "2010": 2, "2011": 2, "2012": 1, "2013": 1, "2014": 1, "2015": 3, "2008": 3}, "old_citations": {"2008": 4, "2007": 12}, "isVisible": false}, "Tilburg University": {"name": "Tilburg University", "type": "organization", "organization_type": "Education", "h_index": 85, "h5_index": 18, "num_publications": 2, "num_citations": 10, "num_publications_5y": 0, "num_citations_5y": 0, "num_publications_10y": 0, "num_citations_10y": 10, "publications_years": {"2008": 1, "2006": 1}, "citations_years": {"2009": 1, "2010": 4, "2011": 1, "2012": 4}, "old_citations": {"2008": 4, "2006": 6}, "isVisible": false}, "University of Gothenburg": {"name": "University of Gothenburg", "type": "organization", "organization_type": "Education", "h_index": 54, "h5_index": 20, "num_publications": 2, "num_citations": 10, "num_publications_5y": 0, "num_citations_5y": 0, "num_publications_10y": 0, "num_citations_10y": 6, "publications_years": {"2007": 1, "2008": 1}, "citations_years": {"2008": 4, "2009": 0, "2010": 2, "2011": 2, "2012": 1, "2013": 1}, "old_citations": {"2007": 6, "2008": 4}, "isVisible": false}, "\u00d6rebro University": {"name": "\u00d6rebro University", "type": "organization", "organization_type": "Education", "h_index": 46, "h5_index": 14, "num_publications": 2, "num_citations": 6, "num_publications_5y": 0, "num_citations_5y": 4, "num_publications_10y": 0, "num_citations_10y": 6, "publications_years": {"2008": 2}, "citations_years": {"2010": 2, "2011": 0, "2012": 0, "2013": 0, "2014": 3, "2015": 1}, "old_citations": {"2008": 13}, "isVisible": false}, "Chalmers University of Technology": {"name": "Chalmers University of Technology", "type": "organization", "organization_type": "Education", "h_index": 117, "h5_index": 35, "num_publications": 1, "num_citations": 6, "num_publications_5y": 0, "num_citations_5y": 0, "num_publications_10y": 0, "num_citations_10y": 2, "publications_years": {"2007": 1}, "citations_years": {"2008": 4, "2009": 0, "2010": 2}, "old_citations": {"2007": 6}, "isVisible": false}, "Freie Universit\u00e4t Berlin": {"name": "Freie Universit\u00e4t Berlin", "type": "organization", "organization_type": "Education", "h_index": 87, "h5_index": 25, "num_publications": 1, "num_citations": 16, "num_publications_5y": 0, "num_citations_5y": 0, "num_publications_10y": 0, "num_citations_10y": 16, "publications_years": {"2008": 1}, "citations_years": {"2009": 3, "2010": 3, "2011": 5, "2012": 2, "2013": 3}, "old_citations": {"2008": 16}, "isVisible": false}, "Furtwangen University": {"name": "Furtwangen University", "type": "organization", "organization_type": "Education", "h_index": 20, "h5_index": 7, "num_publications": 1, "num_citations": 1, "num_publications_5y": 0, "num_citations_5y": 0, "num_publications_10y": 0, "num_citations_10y": 0, "publications_years": {"2006": 1}, "citations_years": {"2006": 1}, "old_citations": {"2006": 1}, "isVisible": false}, "J\u00f6nk\u00f6ping University": {"name": "J\u00f6nk\u00f6ping University", "type": "organization", "organization_type": "Education", "h_index": 32, "h5_index": 8, "num_publications": 1, "num_citations": 6, "num_publications_5y": 0, "num_citations_5y": 1, "num_publications_10y": 0, "num_citations_10y": 2, "publications_years": {"2007": 1}, "citations_years": {"2007": 1, "2008": 2, "2009": 0, "2010": 0, "2011": 0, "2012": 0, "2013": 1, "2014": 0, "2015": 0, "2016": 0, "2017": 0, "2018": 1, "2019": 0, "2020": 1}, "old_citations": {"2007": 6}, "isVisible": false}, "Link\u00f6ping University": {"name": "Link\u00f6ping University", "type": "organization", "organization_type": "Education", "h_index": 116, "h5_index": 38, "num_publications": 1, "num_citations": 5, "num_publications_5y": 0, "num_citations_5y": 1, "num_publications_10y": 0, "num_citations_10y": 4, "publications_years": {"2006": 1}, "citations_years": {"2006": 1, "2007": 0, "2008": 0, "2009": 1, "2010": 1, "2011": 0, "2012": 0, "2013": 1, "2014": 0, "2015": 0, "2016": 1}, "old_citations": {"2006": 5}, "isVisible": false}, "National Academies of Sciences, Engineering, and Medicine": {"name": "National Academies of Sciences, Engineering, and Medicine", "type": "organization", "organization_type": "Government", "h_index": 130, "h5_index": 36, "num_publications": 1, "num_citations": 52, "num_publications_5y": 0, "num_citations_5y": 9, "num_publications_10y": 0, "num_citations_10y": 47, "publications_years": {"2007": 1}, "citations_years": {"2007": 3, "2008": 2, "2009": 7, "2010": 11, "2011": 12, "2012": 5, "2013": 3, "2014": 2, "2015": 5, "2016": 1, "2017": 0, "2018": 1}, "old_citations": {"2007": 52}, "isVisible": false}, "Rutgers, The State University of New Jersey": {"name": "Rutgers, The State University of New Jersey", "type": "organization", "organization_type": "Education", "h_index": 218, "h5_index": 52, "num_publications": 1, "num_citations": 2, "num_publications_5y": 0, "num_citations_5y": 0, "num_publications_10y": 0, "num_citations_10y": 2, "publications_years": {"2006": 1}, "citations_years": {"2010": 1, "2011": 0, "2012": 0, "2013": 1}, "old_citations": {"2006": 2}, "isVisible": false}, "TH K\u00f6ln \u2013 University of Applied Sciences": {"name": "TH K\u00f6ln \u2013 University of Applied Sciences", "type": "organization", "organization_type": "Education", "h_index": 14, "h5_index": 5, "num_publications": 1, "num_citations": 7, "num_publications_5y": 0, "num_citations_5y": 0, "num_publications_10y": 0, "num_citations_10y": 4, "publications_years": {"2007": 1}, "citations_years": {"2008": 3, "2009": 1, "2010": 1, "2011": 1, "2012": 1}, "old_citations": {"2007": 7}, "isVisible": false}, "University of Bor\u00e5s": {"name": "University of Bor\u00e5s", "type": "organization", "organization_type": "Education", "h_index": 21, "h5_index": 8, "num_publications": 1, "num_citations": 8, "num_publications_5y": 0, "num_citations_5y": 3, "num_publications_10y": 0, "num_citations_10y": 4, "publications_years": {"2006": 1}, "citations_years": {"2006": 1, "2007": 0, "2008": 1, "2009": 0, "2010": 0, "2011": 0, "2012": 0, "2013": 1, "2014": 2, "2015": 1, "2016": 0, "2017": 0, "2018": 0, "2019": 2}, "old_citations": {"2006": 8}, "isVisible": false}, "University of Limerick": {"name": "University of Limerick", "type": "organization", "organization_type": "Education", "h_index": 69, "h5_index": 15, "num_publications": 1, "num_citations": 0, "num_publications_5y": 0, "num_citations_5y": 0, "num_publications_10y": 0, "num_citations_10y": 0, "publications_years": {"2006": 1}, "citations_years": {}, "old_citations": {"2006": 0}, "isVisible": false}, "University of L\u00fcbeck": {"name": "University of L\u00fcbeck", "type": "organization", "organization_type": "Education", "h_index": 47, "h5_index": 19, "num_publications": 1, "num_citations": 3, "num_publications_5y": 0, "num_citations_5y": 0, "num_publications_10y": 0, "num_citations_10y": 3, "publications_years": {"2008": 1}, "citations_years": {"2009": 2, "2010": 0, "2011": 0, "2012": 0, "2013": 1}, "old_citations": {"2008": 3}, "isVisible": false}, "University of Manchester": {"name": "University of Manchester", "type": "organization", "organization_type": "Education", "h_index": 171, "h5_index": 38, "num_publications": 1, "num_citations": 8, "num_publications_5y": 0, "num_citations_5y": 1, "num_publications_10y": 0, "num_citations_10y": 7, "publications_years": {"2006": 1}, "citations_years": {"2007": 1, "2008": 0, "2009": 5, "2010": 1, "2011": 0, "2012": 0, "2013": 0, "2014": 0, "2015": 0, "2016": 1}, "old_citations": {"2006": 8}, "isVisible": false}, "University of New Brunswick": {"name": "University of New Brunswick", "type": "organization", "organization_type": "Education", "h_index": 72, "h5_index": 22, "num_publications": 1, "num_citations": 52, "num_publications_5y": 0, "num_citations_5y": 9, "num_publications_10y": 0, "num_citations_10y": 47, "publications_years": {"2007": 1}, "citations_years": {"2007": 3, "2008": 2, "2009": 7, "2010": 11, "2011": 12, "2012": 5, "2013": 3, "2014": 2, "2015": 5, "2016": 1, "2017": 0, "2018": 1}, "old_citations": {"2007": 52}, "isVisible": false}, "University of Sk\u00f6vde": {"name": "University of Sk\u00f6vde", "type": "organization", "organization_type": "Education", "h_index": 40, "h5_index": 13, "num_publications": 1, "num_citations": 6, "num_publications_5y": 0, "num_citations_5y": 0, "num_publications_10y": 0, "num_citations_10y": 2, "publications_years": {"2007": 1}, "citations_years": {"2008": 4, "2009": 0, "2010": 2}, "old_citations": {"2007": 6}, "isVisible": false}, "Utrecht University": {"name": "Utrecht University", "type": "organization", "organization_type": "Education", "h_index": 124, "h5_index": 37, "num_publications": 1, "num_citations": 15, "num_publications_5y": 0, "num_citations_5y": 2, "num_publications_10y": 0, "num_citations_10y": 13, "publications_years": {"2007": 1}, "citations_years": {"2008": 1, "2009": 3, "2010": 2, "2011": 1, "2012": 2, "2013": 3, "2014": 1, "2015": 0, "2016": 1, "2017": 0, "2018": 0, "2019": 1}, "old_citations": {"2007": 15}, "isVisible": false}, "Vrije Universiteit Brussel": {"name": "Vrije Universiteit Brussel", "type": "organization", "organization_type": "Education", "h_index": 76, "h5_index": 23, "num_publications": 1, "num_citations": 5, "num_publications_5y": 0, "num_citations_5y": 2, "num_publications_10y": 0, "num_citations_10y": 3, "publications_years": {"2007": 1}, "citations_years": {"2008": 1, "2009": 0, "2010": 0, "2011": 0, "2012": 0, "2013": 1, "2014": 0, "2015": 1, "2016": 1, "2017": 0, "2018": 0, "2019": 1}, "old_citations": {"2007": 5}, "isVisible": false}}, "topics": {"computer science": {"name": "computer science", "type": "topic", "h_index": 1779, "h5_index": 416, "num_publications": 37, "num_citations": 241, "num_publications_5y": 0, "num_citations_5y": 40, "num_publications_10y": 0, "num_citations_10y": 193, "publications_years": {"2008": 12, "2006": 13, "2007": 12}, "citations_years": {"2009": 36, "2010": 35, "2011": 34, "2012": 20, "2013": 28, "2014": 15, "2015": 15, "2007": 14, "2008": 25, "2016": 7, "2006": 4, "2017": 1, "2018": 2, "2019": 4, "2020": 1}, "old_citations": {"2008": 56, "2006": 66, "2007": 126}, "isVisible": false}, "internet": {"name": "internet", "type": "topic", "h_index": 1102, "h5_index": 245, "num_publications": 26, "num_citations": 178, "num_publications_5y": 0, "num_citations_5y": 28, "num_publications_10y": 0, "num_citations_10y": 140, "publications_years": {"2008": 8, "2006": 10, "2007": 8}, "citations_years": {"2009": 27, "2010": 30, "2011": 24, "2012": 15, "2013": 16, "2014": 12, "2015": 11, "2007": 13, "2008": 19, "2016": 4, "2006": 3, "2017": 0, "2018": 1, "2019": 3}, "old_citations": {"2008": 24, "2006": 64, "2007": 90}, "isVisible": false}, "computer systems": {"name": "computer systems", "type": "topic", "h_index": 1595, "h5_index": 367, "num_publications": 25, "num_citations": 185, "num_publications_5y": 0, "num_citations_5y": 30, "num_publications_10y": 0, "num_citations_10y": 153, "publications_years": {"2008": 8, "2006": 10, "2007": 7}, "citations_years": {"2009": 25, "2010": 32, "2011": 27, "2012": 17, "2013": 22, "2014": 13, "2015": 11, "2006": 4, "2007": 9, "2008": 15, "2016": 4, "2017": 1, "2018": 1, "2019": 4}, "old_citations": {"2008": 43, "2006": 50, "2007": 99}, "isVisible": false}, "world wide web": {"name": "world wide web", "type": "topic", "h_index": 869, "h5_index": 173, "num_publications": 21, "num_citations": 152, "num_publications_5y": 0, "num_citations_5y": 22, "num_publications_10y": 0, "num_citations_10y": 119, "publications_years": {"2008": 7, "2006": 7, "2007": 7}, "citations_years": {"2009": 25, "2010": 27, "2011": 20, "2012": 14, "2007": 13, "2008": 18, "2013": 11, "2014": 9, "2015": 9, "2016": 3, "2006": 1, "2017": 0, "2018": 1, "2019": 1}, "old_citations": {"2008": 20, "2006": 51, "2007": 81}, "isVisible": false}, "human computer interaction": {"name": "human computer interaction", "type": "topic", "h_index": 934, "h5_index": 215, "num_publications": 20, "num_citations": 166, "num_publications_5y": 0, "num_citations_5y": 26, "num_publications_10y": 0, "num_citations_10y": 125, "publications_years": {"2008": 5, "2006": 7, "2007": 8}, "citations_years": {"2009": 27, "2010": 23, "2011": 22, "2012": 12, "2013": 15, "2014": 10, "2015": 11, "2007": 14, "2008": 20, "2016": 3, "2006": 3, "2017": 0, "2018": 2, "2019": 3, "2020": 1}, "old_citations": {"2008": 11, "2006": 52, "2007": 103}, "isVisible": false}, "artificial intelligence": {"name": "artificial intelligence", "type": "topic", "h_index": 1421, "h5_index": 373, "num_publications": 18, "num_citations": 162, "num_publications_5y": 0, "num_citations_5y": 31, "num_publications_10y": 0, "num_citations_10y": 125, "publications_years": {"2008": 5, "2006": 6, "2007": 7}, "citations_years": {"2007": 13, "2008": 20, "2009": 26, "2010": 22, "2011": 20, "2012": 11, "2013": 15, "2014": 11, "2015": 13, "2016": 6, "2006": 2, "2017": 0, "2018": 1, "2019": 2}, "old_citations": {"2008": 25, "2006": 44, "2007": 100}, "isVisible": false}, "information technology": {"name": "information technology", "type": "topic", "h_index": 696, "h5_index": 149, "num_publications": 18, "num_citations": 129, "num_publications_5y": 0, "num_citations_5y": 17, "num_publications_10y": 0, "num_citations_10y": 110, "publications_years": {"2008": 7, "2006": 7, "2007": 4}, "citations_years": {"2009": 23, "2010": 21, "2011": 24, "2012": 10, "2013": 15, "2014": 5, "2015": 7, "2007": 8, "2008": 6, "2016": 3, "2017": 0, "2018": 2, "2019": 2, "2020": 1, "2006": 2}, "old_citations": {"2008": 30, "2006": 32, "2007": 67}, "isVisible": false}, "semantics": {"name": "semantics", "type": "topic", "h_index": 803, "h5_index": 226, "num_publications": 17, "num_citations": 128, "num_publications_5y": 0, "num_citations_5y": 21, "num_publications_10y": 0, "num_citations_10y": 111, "publications_years": {"2008": 5, "2006": 6, "2007": 6}, "citations_years": {"2009": 23, "2010": 24, "2011": 17, "2012": 12, "2013": 14, "2014": 5, "2015": 8, "2007": 4, "2008": 10, "2016": 6, "2017": 1, "2018": 1, "2006": 1, "2019": 2}, "old_citations": {"2008": 20, "2006": 19, "2007": 89}, "isVisible": false}, "user interfaces": {"name": "user interfaces", "type": "topic", "h_index": 845, "h5_index": 182, "num_publications": 16, "num_citations": 128, "num_publications_5y": 0, "num_citations_5y": 18, "num_publications_10y": 0, "num_citations_10y": 96, "publications_years": {"2008": 5, "2006": 6, "2007": 5}, "citations_years": {"2009": 21, "2010": 21, "2011": 18, "2012": 9, "2013": 9, "2014": 6, "2015": 8, "2007": 14, "2008": 15, "2016": 2, "2006": 2, "2017": 0, "2018": 2, "2019": 0, "2020": 1}, "old_citations": {"2008": 11, "2006": 44, "2007": 73}, "isVisible": false}, "computer programming": {"name": "computer programming", "type": "topic", "h_index": 873, "h5_index": 186, "num_publications": 15, "num_citations": 97, "num_publications_5y": 0, "num_citations_5y": 14, "num_publications_10y": 0, "num_citations_10y": 71, "publications_years": {"2006": 5, "2007": 5, "2008": 5}, "citations_years": {"2007": 10, "2008": 14, "2009": 20, "2010": 8, "2011": 11, "2012": 7, "2013": 11, "2014": 6, "2015": 5, "2016": 2, "2006": 1, "2017": 1, "2018": 0, "2019": 1}, "old_citations": {"2006": 44, "2007": 43, "2008": 10}, "isVisible": false}, "information systems": {"name": "information systems", "type": "topic", "h_index": 679, "h5_index": 124, "num_publications": 15, "num_citations": 133, "num_publications_5y": 0, "num_citations_5y": 26, "num_publications_10y": 0, "num_citations_10y": 106, "publications_years": {"2008": 3, "2006": 8, "2007": 4}, "citations_years": {"2009": 14, "2010": 24, "2011": 19, "2012": 11, "2013": 12, "2014": 12, "2015": 10, "2006": 3, "2007": 9, "2008": 13, "2016": 2, "2017": 1, "2018": 1, "2019": 2}, "old_citations": {"2008": 17, "2006": 47, "2007": 76}, "isVisible": false}, "linguistics": {"name": "linguistics", "type": "topic", "h_index": 867, "h5_index": 206, "num_publications": 14, "num_citations": 71, "num_publications_5y": 0, "num_citations_5y": 12, "num_publications_10y": 0, "num_citations_10y": 55, "publications_years": {"2006": 3, "2007": 6, "2008": 5}, "citations_years": {"2007": 4, "2008": 10, "2009": 16, "2010": 8, "2011": 7, "2012": 6, "2013": 6, "2014": 5, "2015": 4, "2016": 3, "2017": 0, "2018": 0, "2019": 2}, "old_citations": {"2006": 17, "2007": 41, "2008": 13}, "isVisible": false}, "computer networks": {"name": "computer networks", "type": "topic", "h_index": 1262, "h5_index": 332, "num_publications": 13, "num_citations": 90, "num_publications_5y": 0, "num_citations_5y": 16, "num_publications_10y": 0, "num_citations_10y": 78, "publications_years": {"2008": 3, "2006": 7, "2007": 3}, "citations_years": {"2009": 12, "2010": 21, "2011": 13, "2012": 9, "2013": 7, "2014": 3, "2015": 7, "2008": 7, "2007": 3, "2016": 4, "2017": 1, "2018": 1, "2006": 2}, "old_citations": {"2008": 14, "2006": 16, "2007": 60}, "isVisible": false}, "software engineering": {"name": "software engineering", "type": "topic", "h_index": 964, "h5_index": 236, "num_publications": 12, "num_citations": 94, "num_publications_5y": 0, "num_citations_5y": 18, "num_publications_10y": 0, "num_citations_10y": 81, "publications_years": {"2008": 2, "2006": 6, "2007": 4}, "citations_years": {"2007": 4, "2008": 6, "2009": 15, "2010": 19, "2011": 14, "2012": 9, "2013": 6, "2014": 5, "2015": 7, "2016": 4, "2017": 1, "2018": 1, "2006": 2, "2019": 1}, "old_citations": {"2008": 13, "2006": 21, "2007": 67}, "isVisible": false}, "software architecture": {"name": "software architecture", "type": "topic", "h_index": 821, "h5_index": 210, "num_publications": 11, "num_citations": 88, "num_publications_5y": 0, "num_citations_5y": 14, "num_publications_10y": 0, "num_citations_10y": 75, "publications_years": {"2008": 1, "2006": 6, "2007": 4}, "citations_years": {"2007": 4, "2008": 6, "2009": 15, "2010": 17, "2011": 14, "2012": 9, "2013": 6, "2014": 2, "2015": 6, "2016": 4, "2017": 1, "2018": 1, "2006": 2, "2019": 1}, "old_citations": {"2008": 7, "2006": 21, "2007": 67}, "isVisible": false}, "software design": {"name": "software design", "type": "topic", "h_index": 907, "h5_index": 227, "num_publications": 11, "num_citations": 88, "num_publications_5y": 0, "num_citations_5y": 14, "num_publications_10y": 0, "num_citations_10y": 75, "publications_years": {"2008": 1, "2006": 6, "2007": 4}, "citations_years": {"2007": 4, "2008": 6, "2009": 15, "2010": 17, "2011": 14, "2012": 9, "2013": 6, "2014": 2, "2015": 6, "2016": 4, "2017": 1, "2018": 1, "2006": 2, "2019": 1}, "old_citations": {"2008": 7, "2006": 21, "2007": 67}, "isVisible": false}, "computer security": {"name": "computer security", "type": "topic", "h_index": 977, "h5_index": 220, "num_publications": 9, "num_citations": 49, "num_publications_5y": 0, "num_citations_5y": 7, "num_publications_10y": 0, "num_citations_10y": 40, "publications_years": {"2008": 4, "2006": 3, "2007": 2}, "citations_years": {"2009": 9, "2010": 7, "2011": 6, "2012": 3, "2013": 8, "2014": 1, "2015": 2, "2007": 1, "2008": 5, "2016": 3, "2017": 0, "2018": 1, "2019": 0, "2020": 1, "2006": 2}, "old_citations": {"2008": 29, "2006": 7, "2007": 13}, "isVisible": false}, "database systems": {"name": "database systems", "type": "topic", "h_index": 1167, "h5_index": 276, "num_publications": 9, "num_citations": 78, "num_publications_5y": 0, "num_citations_5y": 14, "num_publications_10y": 0, "num_citations_10y": 62, "publications_years": {"2008": 6, "2006": 1, "2007": 2}, "citations_years": {"2009": 12, "2010": 12, "2011": 7, "2012": 7, "2013": 10, "2014": 7, "2015": 5, "2006": 1, "2007": 6, "2008": 7, "2016": 2, "2017": 0, "2018": 0, "2019": 2}, "old_citations": {"2008": 32, "2006": 26, "2007": 20}, "isVisible": false}, "information retrieval": {"name": "information retrieval", "type": "topic", "h_index": 882, "h5_index": 227, "num_publications": 9, "num_citations": 81, "num_publications_5y": 0, "num_citations_5y": 9, "num_publications_10y": 0, "num_citations_10y": 60, "publications_years": {"2008": 4, "2006": 2, "2007": 3}, "citations_years": {"2009": 14, "2010": 11, "2011": 8, "2012": 8, "2013": 10, "2014": 4, "2015": 3, "2006": 1, "2007": 7, "2008": 11, "2016": 1, "2017": 0, "2018": 1, "2019": 1, "2020": 1}, "old_citations": {"2008": 26, "2006": 27, "2007": 28}, "isVisible": false}, "semantic web": {"name": "semantic web", "type": "topic", "h_index": 283, "h5_index": 50, "num_publications": 9, "num_citations": 88, "num_publications_5y": 0, "num_citations_5y": 12, "num_publications_10y": 0, "num_citations_10y": 76, "publications_years": {"2006": 3, "2007": 4, "2008": 2}, "citations_years": {"2009": 11, "2007": 3, "2008": 8, "2010": 19, "2011": 16, "2012": 10, "2013": 8, "2014": 3, "2015": 6, "2016": 2, "2017": 0, "2018": 1, "2019": 1}, "old_citations": {"2006": 9, "2007": 72, "2008": 7}, "isVisible": false}, "multiagent system": {"name": "multiagent system", "type": "topic", "h_index": 423, "h5_index": 100, "num_publications": 6, "num_citations": 115, "num_publications_5y": 0, "num_citations_5y": 20, "num_publications_10y": 0, "num_citations_10y": 90, "publications_years": {"2006": 1, "2007": 4, "2008": 1}, "citations_years": {"2006": 1, "2007": 9, "2008": 14, "2009": 15, "2010": 16, "2011": 18, "2012": 11, "2013": 10, "2014": 7, "2015": 10, "2016": 2, "2017": 0, "2018": 1, "2019": 1}, "old_citations": {"2006": 26, "2007": 86, "2008": 3}, "isVisible": false}, "ontology": {"name": "ontology", "type": "topic", "h_index": 444, "h5_index": 98, "num_publications": 8, "num_citations": 83, "num_publications_5y": 0, "num_citations_5y": 13, "num_publications_10y": 0, "num_citations_10y": 74, "publications_years": {"2008": 3, "2006": 2, "2007": 3}, "citations_years": {"2009": 17, "2010": 18, "2011": 12, "2012": 9, "2013": 5, "2014": 2, "2015": 7, "2007": 4, "2008": 4, "2016": 3, "2017": 0, "2018": 1, "2019": 1}, "old_citations": {"2008": 10, "2006": 14, "2007": 59}, "isVisible": false}}, "authors": {"2139462530": {"name": "mikael lind", "type": "author", "activity": 22, "h_index": 12, "h5_index": 1, "mag_id": "2139462530", "num_publications": 5, "num_citations": 12, "num_publications_5y": 0, "num_citations_5y": 3, "num_publications_10y": 0, "num_citations_10y": 8, "publications_years": {"2008": 3, "2007": 1, "2006": 1}, "citations_years": {"2009": 1, "2010": 1, "2011": 1, "2012": 1, "2006": 1, "2007": 0, "2008": 1, "2013": 1, "2014": 2, "2015": 1, "2016": 0, "2017": 0, "2018": 0, "2019": 2}, "old_citations": {"2008": 4, "2007": 0, "2006": 8}, "isVisible": true}, "2240788790": {"name": "harry s delugach", "type": "author", "activity": 26, "h_index": 12, "h5_index": 3, "mag_id": "2240788790", "num_publications": 5, "num_citations": 17, "num_publications_5y": 0, "num_citations_5y": 4, "num_publications_10y": 0, "num_citations_10y": 13, "publications_years": {"2006": 1, "2008": 3, "2007": 1}, "citations_years": {"2007": 3, "2008": 1, "2009": 3, "2010": 1, "2011": 2, "2013": 3, "2014": 1, "2015": 1, "2016": 2, "2012": 0}, "old_citations": {"2006": 8, "2008": 6, "2007": 3}, "isVisible": true}, "1197479470": {"name": "par j agerfalk", "type": "author", "activity": 23, "h_index": 22, "h5_index": 2, "mag_id": "1197479470", "num_publications": 4, "num_citations": 6, "num_publications_5y": 0, "num_citations_5y": 1, "num_publications_10y": 0, "num_citations_10y": 2, "publications_years": {"2007": 1, "2006": 1, "2008": 2}, "citations_years": {"2007": 1, "2008": 2, "2009": 0, "2010": 0, "2011": 0, "2012": 0, "2013": 1, "2014": 0, "2015": 0, "2016": 0, "2017": 0, "2018": 1, "2019": 0, "2020": 1}, "old_citations": {"2007": 6, "2006": 0, "2008": 0}, "isVisible": false}, "1996161158": {"name": "mark aakhus", "type": "author", "activity": 23, "h_index": 4, "h5_index": 2, "mag_id": "1996161158", "num_publications": 3, "num_citations": 7, "num_publications_5y": 0, "num_citations_5y": 1, "num_publications_10y": 0, "num_citations_10y": 6, "publications_years": {"2007": 1, "2008": 1, "2006": 1}, "citations_years": {"2008": 1, "2009": 1, "2011": 1, "2012": 0, "2013": 2, "2014": 0, "2015": 1, "2010": 1}, "old_citations": {"2007": 2, "2008": 3, "2006": 2}, "isVisible": false}, "2113756295": {"name": "hans weigand", "type": "author", "activity": 31, "h_index": 23, "h5_index": 3, "mag_id": "2113756295", "num_publications": 3, "num_citations": 10, "num_publications_5y": 0, "num_citations_5y": 0, "num_publications_10y": 0, "num_citations_10y": 10, "publications_years": {"2008": 1, "2007": 1, "2006": 1}, "citations_years": {"2009": 1, "2010": 4, "2011": 1, "2012": 4}, "old_citations": {"2008": 4, "2007": 0, "2006": 6}, "isVisible": false}, "2123583348": {"name": "simon buckingham shum", "type": "author", "activity": 31, "h_index": 34, "h5_index": 9, "mag_id": "2123583348", "num_publications": 2, "num_citations": 26, "num_publications_5y": 0, "num_citations_5y": 5, "num_publications_10y": 0, "num_citations_10y": 14, "publications_years": {"2006": 1, "2007": 1}, "citations_years": {"2006": 1, "2007": 6, "2008": 5, "2009": 2, "2010": 2, "2011": 1, "2012": 2, "2013": 2, "2014": 3, "2015": 2}, "old_citations": {"2006": 26, "2007": 0}, "isVisible": false}, "2136933177": {"name": "aldo de moor", "type": "author", "activity": 24, "h_index": 15, "h5_index": 0, "mag_id": "2136933177", "num_publications": 2, "num_citations": 10, "num_publications_5y": 0, "num_citations_5y": 2, "num_publications_10y": 0, "num_citations_10y": 10, "publications_years": {"2007": 1, "2006": 1}, "citations_years": {"2011": 4, "2012": 1, "2013": 3, "2014": 1, "2017": 1}, "old_citations": {"2007": 9, "2006": 1}, "isVisible": false}, "2244266493": {"name": "adrian paschke", "type": "author", "activity": 18, "h_index": 25, "h5_index": 3, "mag_id": "2244266493", "num_publications": 2, "num_citations": 68, "num_publications_5y": 0, "num_citations_5y": 9, "num_publications_10y": 0, "num_citations_10y": 63, "publications_years": {"2007": 1, "2008": 1}, "citations_years": {"2007": 3, "2008": 2, "2009": 10, "2010": 14, "2011": 17, "2012": 7, "2013": 6, "2014": 2, "2015": 5, "2016": 1, "2017": 0, "2018": 1}, "old_citations": {"2007": 52, "2008": 16}, "isVisible": false}, "33236997": {"name": "alexander zelitchenko", "type": "author", "activity": 1, "h_index": 1, "h5_index": 0, "mag_id": "33236997", "num_publications": 1, "num_citations": 3, "num_publications_5y": 0, "num_citations_5y": 0, "num_publications_10y": 0, "num_citations_10y": 3, "publications_years": {"2008": 1}, "citations_years": {"2009": 1, "2010": 1, "2011": 0, "2012": 1}, "old_citations": {"2008": 3}, "isVisible": false}, "111259810": {"name": "christian huemer", "type": "author", "activity": 25, "h_index": 13, "h5_index": 3, "mag_id": "111259810", "num_publications": 1, "num_citations": 0, "num_publications_5y": 0, "num_citations_5y": 0, "num_publications_10y": 0, "num_citations_10y": 0, "publications_years": {"2006": 1}, "citations_years": {}, "old_citations": {"2006": 0}, "isVisible": false}, "176577567": {"name": "manuel zacklad", "type": "author", "activity": 20, "h_index": 7, "h5_index": 0, "mag_id": "176577567", "num_publications": 1, "num_citations": 9, "num_publications_5y": 0, "num_citations_5y": 1, "num_publications_10y": 0, "num_citations_10y": 8, "publications_years": {"2007": 1}, "citations_years": {"2008": 1, "2009": 2, "2010": 1, "2011": 2, "2012": 0, "2013": 2, "2014": 1}, "old_citations": {"2007": 9}, "isVisible": false}, "196177411": {"name": "martin christof kindsmuller", "type": "author", "activity": 18, "h_index": 5, "h5_index": 0, "mag_id": "196177411", "num_publications": 1, "num_citations": 3, "num_publications_5y": 0, "num_citations_5y": 0, "num_publications_10y": 0, "num_citations_10y": 3, "publications_years": {"2008": 1}, "citations_years": {"2009": 2, "2010": 0, "2011": 0, "2012": 0, "2013": 1}, "old_citations": {"2008": 3}, "isVisible": false}, "246024643": {"name": "ilja krybus", "type": "author", "activity": 4, "h_index": 1, "h5_index": 0, "mag_id": "246024643", "num_publications": 1, "num_citations": 1, "num_publications_5y": 0, "num_citations_5y": 1, "num_publications_10y": 0, "num_citations_10y": 1, "publications_years": {"2006": 1}, "citations_years": {"2017": 1}, "old_citations": {"2006": 1}, "isVisible": false}, "323628214": {"name": "harold boley", "type": "author", "activity": 29, "h_index": 24, "h5_index": 3, "mag_id": "323628214", "num_publications": 1, "num_citations": 52, "num_publications_5y": 0, "num_citations_5y": 9, "num_publications_10y": 0, "num_citations_10y": 47, "publications_years": {"2007": 1}, "citations_years": {"2007": 3, "2008": 2, "2009": 7, "2010": 11, "2011": 12, "2012": 5, "2013": 3, "2014": 2, "2015": 5, "2016": 1, "2017": 0, "2018": 1}, "old_citations": {"2007": 52}, "isVisible": false}, "326997717": {"name": "michael herczeg", "type": "author", "activity": 30, "h_index": 9, "h5_index": 2, "mag_id": "326997717", "num_publications": 1, "num_citations": 3, "num_publications_5y": 0, "num_citations_5y": 0, "num_publications_10y": 0, "num_citations_10y": 3, "publications_years": {"2008": 1}, "citations_years": {"2009": 2, "2010": 0, "2011": 0, "2012": 0, "2013": 1}, "old_citations": {"2008": 3}, "isVisible": false}, "347341059": {"name": "nikolay mehandjiev", "type": "author", "activity": 16, "h_index": 9, "h5_index": 2, "mag_id": "347341059", "num_publications": 1, "num_citations": 8, "num_publications_5y": 0, "num_citations_5y": 1, "num_publications_10y": 0, "num_citations_10y": 7, "publications_years": {"2006": 1}, "citations_years": {"2007": 1, "2008": 0, "2009": 5, "2010": 1, "2011": 0, "2012": 0, "2013": 0, "2014": 0, "2015": 0, "2016": 1}, "old_citations": {"2006": 8}, "isVisible": false}, "349175383": {"name": "olof torgersson", "type": "author", "activity": 27, "h_index": 10, "h5_index": 4, "mag_id": "349175383", "num_publications": 1, "num_citations": 6, "num_publications_5y": 0, "num_citations_5y": 0, "num_publications_10y": 0, "num_citations_10y": 2, "publications_years": {"2007": 1}, "citations_years": {"2008": 4, "2009": 0, "2010": 2}, "old_citations": {"2007": 6}, "isVisible": false}, "574770096": {"name": "irfan essa", "type": "author", "activity": 30, "h_index": 44, "h5_index": 10, "mag_id": "574770096", "num_publications": 1, "num_citations": 4, "num_publications_5y": 0, "num_citations_5y": 1, "num_publications_10y": 0, "num_citations_10y": 4, "publications_years": {"2008": 1}, "citations_years": {"2009": 1, "2010": 2, "2011": 0, "2012": 0, "2013": 0, "2014": 0, "2015": 1}, "old_citations": {"2008": 4}, "isVisible": false}, "936882767": {"name": "nicklas salomonson", "type": "author", "activity": 8, "h_index": 3, "h5_index": 0, "mag_id": "936882767", "num_publications": 1, "num_citations": 8, "num_publications_5y": 0, "num_citations_5y": 3, "num_publications_10y": 0, "num_citations_10y": 4, "publications_years": {"2006": 1}, "citations_years": {"2006": 1, "2007": 0, "2008": 1, "2009": 0, "2010": 0, "2011": 0, "2012": 0, "2013": 1, "2014": 2, "2015": 1, "2016": 0, "2017": 0, "2018": 0, "2019": 2}, "old_citations": {"2006": 8}, "isVisible": false}, "1248427641": {"name": "goran goldkuhl", "type": "author", "activity": 28, "h_index": 23, "h5_index": 1, "mag_id": "1248427641", "num_publications": 1, "num_citations": 5, "num_publications_5y": 0, "num_citations_5y": 1, "num_publications_10y": 0, "num_citations_10y": 4, "publications_years": {"2006": 1}, "citations_years": {"2006": 1, "2007": 0, "2008": 0, "2009": 1, "2010": 1, "2011": 0, "2012": 0, "2013": 1, "2014": 0, "2015": 0, "2016": 1}, "old_citations": {"2006": 5}, "isVisible": false}, "1276266537": {"name": "goran falkman", "type": "author", "activity": 28, "h_index": 16, "h5_index": 3, "mag_id": "1276266537", "num_publications": 1, "num_citations": 6, "num_publications_5y": 0, "num_citations_5y": 0, "num_publications_10y": 0, "num_citations_10y": 2, "publications_years": {"2007": 1}, "citations_years": {"2008": 4, "2009": 0, "2010": 2}, "old_citations": {"2007": 6}, "isVisible": false}, "1891891777": {"name": "phillip a farrington", "type": "author", "activity": 26, "h_index": 6, "h5_index": 1, "mag_id": "1891891777", "num_publications": 1, "num_citations": 6, "num_publications_5y": 0, "num_citations_5y": 4, "num_publications_10y": 0, "num_citations_10y": 6, "publications_years": {"2008": 1}, "citations_years": {"2013": 2, "2014": 1, "2015": 1, "2016": 2}, "old_citations": {"2008": 6}, "isVisible": false}, "1982742263": {"name": "tiana razafimbelo", "type": "author", "activity": 2, "h_index": 0, "h5_index": 0, "mag_id": "1982742263", "num_publications": 1, "num_citations": 0, "num_publications_5y": 0, "num_citations_5y": 0, "num_publications_10y": 0, "num_citations_10y": 0, "publications_years": {"2006": 1}, "citations_years": {}, "old_citations": {"2006": 0}, "isVisible": false}, "1983164028": {"name": "simon polovina", "type": "author", "activity": 29, "h_index": 8, "h5_index": 2, "mag_id": "1983164028", "num_publications": 1, "num_citations": 0, "num_publications_5y": 0, "num_citations_5y": 0, "num_publications_10y": 0, "num_citations_10y": 0, "publications_years": {"2006": 1}, "citations_years": {}, "old_citations": {"2006": 0}, "isVisible": false}, "1997045506": {"name": "jonas sjostrom", "type": "author", "activity": 17, "h_index": 6, "h5_index": 1, "mag_id": "1997045506", "num_publications": 1, "num_citations": 6, "num_publications_5y": 0, "num_citations_5y": 1, "num_publications_10y": 0, "num_citations_10y": 2, "publications_years": {"2007": 1}, "citations_years": {"2007": 1, "2008": 2, "2009": 0, "2010": 0, "2011": 0, "2012": 0, "2013": 1, "2014": 0, "2015": 0, "2016": 0, "2017": 0, "2018": 1, "2019": 0, "2020": 1}, "old_citations": {"2007": 6}, "isVisible": false}, "2007469840": {"name": "karl kurbel", "type": "author", "activity": 27, "h_index": 10, "h5_index": 1, "mag_id": "2007469840", "num_publications": 1, "num_citations": 1, "num_publications_5y": 0, "num_citations_5y": 1, "num_publications_10y": 0, "num_citations_10y": 1, "publications_years": {"2006": 1}, "citations_years": {"2017": 1}, "old_citations": {"2006": 1}, "isVisible": false}, "2007958803": {"name": "pieter de leenheer", "type": "author", "activity": 14, "h_index": 13, "h5_index": 1, "mag_id": "2007958803", "num_publications": 1, "num_citations": 5, "num_publications_5y": 0, "num_citations_5y": 2, "num_publications_10y": 0, "num_citations_10y": 3, "publications_years": {"2007": 1}, "citations_years": {"2008": 1, "2009": 0, "2010": 0, "2011": 0, "2012": 0, "2013": 1, "2014": 0, "2015": 1, "2016": 1, "2017": 0, "2018": 0, "2019": 1}, "old_citations": {"2007": 5}, "isVisible": false}, "2025272735": {"name": "shamsnaz virani", "type": "author", "activity": 3, "h_index": 4, "h5_index": 0, "mag_id": "2025272735", "num_publications": 1, "num_citations": 6, "num_publications_5y": 0, "num_citations_5y": 4, "num_publications_10y": 0, "num_citations_10y": 6, "publications_years": {"2008": 1}, "citations_years": {"2013": 2, "2014": 1, "2015": 1, "2016": 2}, "old_citations": {"2008": 6}, "isVisible": false}, "2035408826": {"name": "wernher behrendt", "type": "author", "activity": 17, "h_index": 5, "h5_index": 0, "mag_id": "2035408826", "num_publications": 1, "num_citations": 1, "num_publications_5y": 0, "num_citations_5y": 0, "num_publications_10y": 0, "num_citations_10y": 0, "publications_years": {"2006": 1}, "citations_years": {"2006": 1}, "old_citations": {"2006": 1}, "isVisible": false}, "2036822856": {"name": "stijn christiaens", "type": "author", "activity": 6, "h_index": 5, "h5_index": 0, "mag_id": "2036822856", "num_publications": 1, "num_citations": 5, "num_publications_5y": 0, "num_citations_5y": 2, "num_publications_10y": 0, "num_citations_10y": 3, "publications_years": {"2007": 1}, "citations_years": {"2008": 1, "2009": 0, "2010": 0, "2011": 0, "2012": 0, "2013": 1, "2014": 0, "2015": 1, "2016": 1, "2017": 0, "2018": 0, "2019": 1}, "old_citations": {"2007": 5}, "isVisible": false}, "2055373559": {"name": "dawn r utley", "type": "author", "activity": 15, "h_index": 4, "h5_index": 2, "mag_id": "2055373559", "num_publications": 1, "num_citations": 6, "num_publications_5y": 0, "num_citations_5y": 4, "num_publications_10y": 0, "num_citations_10y": 6, "publications_years": {"2008": 1}, "citations_years": {"2013": 2, "2014": 1, "2015": 1, "2016": 2}, "old_citations": {"2008": 6}, "isVisible": false}, "2097655892": {"name": "willemjan van den heuvel", "type": "author", "activity": 23, "h_index": 19, "h5_index": 2, "mag_id": "2097655892", "num_publications": 1, "num_citations": 6, "num_publications_5y": 0, "num_citations_5y": 0, "num_publications_10y": 0, "num_citations_10y": 6, "publications_years": {"2006": 1}, "citations_years": {"2010": 3, "2011": 0, "2012": 3}, "old_citations": {"2006": 6}, "isVisible": false}, "2101595057": {"name": "richard hill", "type": "author", "activity": 18, "h_index": 13, "h5_index": 6, "mag_id": "2101595057", "num_publications": 1, "num_citations": 0, "num_publications_5y": 0, "num_citations_5y": 0, "num_publications_10y": 0, "num_citations_10y": 0, "publications_years": {"2006": 1}, "citations_years": {}, "old_citations": {"2006": 0}, "isVisible": false}, "2105394683": {"name": "robert mosser", "type": "author", "activity": 2, "h_index": 1, "h5_index": 0, "mag_id": "2105394683", "num_publications": 1, "num_citations": 0, "num_publications_5y": 0, "num_citations_5y": 0, "num_publications_10y": 0, "num_citations_10y": 0, "publications_years": {"2006": 1}, "citations_years": {}, "old_citations": {"2006": 0}, "isVisible": false}, "2106434790": {"name": "sandra carpenter", "type": "author", "activity": 11, "h_index": 4, "h5_index": 1, "mag_id": "2106434790", "num_publications": 1, "num_citations": 6, "num_publications_5y": 0, "num_citations_5y": 4, "num_publications_10y": 0, "num_citations_10y": 6, "publications_years": {"2008": 1}, "citations_years": {"2013": 2, "2014": 1, "2015": 1, "2016": 2}, "old_citations": {"2008": 6}, "isVisible": false}, "2109990388": {"name": "marie gustafsson", "type": "author", "activity": 6, "h_index": 4, "h5_index": 0, "mag_id": "2109990388", "num_publications": 1, "num_citations": 6, "num_publications_5y": 0, "num_citations_5y": 0, "num_publications_10y": 0, "num_citations_10y": 2, "publications_years": {"2007": 1}, "citations_years": {"2008": 4, "2009": 0, "2010": 2}, "old_citations": {"2007": 6}, "isVisible": false}, "2112328361": {"name": "jens allwood", "type": "author", "activity": 29, "h_index": 14, "h5_index": 1, "mag_id": "2112328361", "num_publications": 1, "num_citations": 4, "num_publications_5y": 0, "num_citations_5y": 0, "num_publications_10y": 0, "num_citations_10y": 4, "publications_years": {"2008": 1}, "citations_years": {"2011": 2, "2012": 1, "2013": 1}, "old_citations": {"2008": 4}, "isVisible": false}, "2128625188": {"name": "jan l g dietz", "type": "author", "activity": 27, "h_index": 18, "h5_index": 1, "mag_id": "2128625188", "num_publications": 1, "num_citations": 1, "num_publications_5y": 0, "num_citations_5y": 1, "num_publications_10y": 0, "num_citations_10y": 1, "publications_years": {"2006": 1}, "citations_years": {"2017": 1}, "old_citations": {"2006": 1}, "isVisible": false}, "2130869708": {"name": "iain duncan stalker", "type": "author", "activity": 3, "h_index": 5, "h5_index": 0, "mag_id": "2130869708", "num_publications": 1, "num_citations": 8, "num_publications_5y": 0, "num_citations_5y": 1, "num_publications_10y": 0, "num_citations_10y": 7, "publications_years": {"2006": 1}, "citations_years": {"2007": 1, "2008": 0, "2009": 5, "2010": 1, "2011": 0, "2012": 0, "2013": 0, "2014": 0, "2015": 0, "2016": 1}, "old_citations": {"2006": 8}, "isVisible": false}, "2131434768": {"name": "anita de waard", "type": "author", "activity": 16, "h_index": 10, "h5_index": 4, "mag_id": "2131434768", "num_publications": 1, "num_citations": 15, "num_publications_5y": 0, "num_citations_5y": 2, "num_publications_10y": 0, "num_citations_10y": 13, "publications_years": {"2007": 1}, "citations_years": {"2008": 1, "2009": 3, "2010": 2, "2011": 1, "2012": 2, "2013": 3, "2014": 1, "2015": 0, "2016": 1, "2017": 0, "2018": 0, "2019": 1}, "old_citations": {"2007": 15}, "isVisible": false}, "2138528515": {"name": "anders persson", "type": "author", "activity": 15, "h_index": 9, "h5_index": 1, "mag_id": "2138528515", "num_publications": 1, "num_citations": 5, "num_publications_5y": 0, "num_citations_5y": 1, "num_publications_10y": 0, "num_citations_10y": 4, "publications_years": {"2006": 1}, "citations_years": {"2006": 1, "2007": 0, "2008": 0, "2009": 1, "2010": 1, "2011": 0, "2012": 0, "2013": 1, "2014": 0, "2015": 0, "2016": 1}, "old_citations": {"2006": 5}, "isVisible": false}, "2147249464": {"name": "fredrik karlsson", "type": "author", "activity": 22, "h_index": 13, "h5_index": 2, "mag_id": "2147249464", "num_publications": 1, "num_citations": 6, "num_publications_5y": 0, "num_citations_5y": 4, "num_publications_10y": 0, "num_citations_10y": 6, "publications_years": {"2008": 1}, "citations_years": {"2010": 2, "2011": 0, "2012": 0, "2013": 0, "2014": 3, "2015": 1}, "old_citations": {"2008": 6}, "isVisible": false}, "2156903130": {"name": "julie fortune", "type": "author", "activity": 15, "h_index": 4, "h5_index": 1, "mag_id": "2156903130", "num_publications": 1, "num_citations": 6, "num_publications_5y": 0, "num_citations_5y": 4, "num_publications_10y": 0, "num_citations_10y": 6, "publications_years": {"2008": 1}, "citations_years": {"2013": 2, "2014": 1, "2015": 1, "2016": 2}, "old_citations": {"2008": 6}, "isVisible": false}, "2159477686": {"name": "michael h g hoffmann", "type": "author", "activity": 9, "h_index": 3, "h5_index": 0, "mag_id": "2159477686", "num_publications": 1, "num_citations": 12, "num_publications_5y": 0, "num_citations_5y": 3, "num_publications_10y": 0, "num_citations_10y": 9, "publications_years": {"2007": 1}, "citations_years": {"2008": 3, "2009": 2, "2010": 0, "2011": 2, "2012": 1, "2013": 1, "2014": 1, "2015": 2}, "old_citations": {"2007": 12}, "isVisible": false}, "2170346690": {"name": "lhedi zaher", "type": "author", "activity": 10, "h_index": 4, "h5_index": 0, "mag_id": "2170346690", "num_publications": 1, "num_citations": 9, "num_publications_5y": 0, "num_citations_5y": 1, "num_publications_10y": 0, "num_citations_10y": 8, "publications_years": {"2007": 1}, "citations_years": {"2008": 1, "2009": 2, "2010": 1, "2011": 2, "2012": 0, "2013": 2, "2014": 1}, "old_citations": {"2007": 9}, "isVisible": false}, "2223021722": {"name": "miriam greenfeld benovitz", "type": "author", "activity": 1, "h_index": 1, "h5_index": 0, "mag_id": "2223021722", "num_publications": 1, "num_citations": 3, "num_publications_5y": 0, "num_citations_5y": 1, "num_publications_10y": 0, "num_citations_10y": 3, "publications_years": {"2008": 1}, "citations_years": {"2011": 1, "2012": 0, "2013": 1, "2014": 0, "2015": 1}, "old_citations": {"2008": 3}, "isVisible": false}, "2224386079": {"name": "fahri yetim", "type": "author", "activity": 1, "h_index": 1, "h5_index": 0, "mag_id": "2224386079", "num_publications": 1, "num_citations": 7, "num_publications_5y": 0, "num_citations_5y": 0, "num_publications_10y": 0, "num_citations_10y": 4, "publications_years": {"2007": 1}, "citations_years": {"2008": 3, "2009": 1, "2010": 1, "2011": 1, "2012": 1}, "old_citations": {"2007": 7}, "isVisible": false}, "2228896493": {"name": "mats jontell", "type": "author", "activity": 9, "h_index": 2, "h5_index": 0, "mag_id": "2228896493", "num_publications": 1, "num_citations": 6, "num_publications_5y": 0, "num_citations_5y": 0, "num_publications_10y": 0, "num_citations_10y": 2, "publications_years": {"2007": 1}, "citations_years": {"2008": 4, "2009": 0, "2010": 2}, "old_citations": {"2007": 6}, "isVisible": false}, "2245627707": {"name": "jeanpierre cahier", "type": "author", "activity": 18, "h_index": 6, "h5_index": 0, "mag_id": "2245627707", "num_publications": 1, "num_citations": 9, "num_publications_5y": 0, "num_citations_5y": 1, "num_publications_10y": 0, "num_citations_10y": 8, "publications_years": {"2007": 1}, "citations_years": {"2008": 1, "2009": 2, "2010": 1, "2011": 2, "2012": 0, "2013": 2, "2014": 1}, "old_citations": {"2007": 9}, "isVisible": false}, "2249545927": {"name": "letha h etzkorn", "type": "author", "activity": 26, "h_index": 22, "h5_index": 2, "mag_id": "2249545927", "num_publications": 1, "num_citations": 6, "num_publications_5y": 0, "num_citations_5y": 4, "num_publications_10y": 0, "num_citations_10y": 6, "publications_years": {"2008": 1}, "citations_years": {"2013": 2, "2014": 1, "2015": 1, "2016": 2}, "old_citations": {"2008": 6}, "isVisible": false}, "2255666586": {"name": "birgit hofreiter", "type": "author", "activity": 14, "h_index": 9, "h5_index": 0, "mag_id": "2255666586", "num_publications": 1, "num_citations": 0, "num_publications_5y": 0, "num_citations_5y": 0, "num_publications_10y": 0, "num_citations_10y": 0, "publications_years": {"2006": 1}, "citations_years": {}, "old_citations": {"2006": 0}, "isVisible": false}, "2286214061": {"name": "mareike schoop", "type": "author", "activity": 25, "h_index": 13, "h5_index": 1, "mag_id": "2286214061", "num_publications": 1, "num_citations": 1, "num_publications_5y": 0, "num_citations_5y": 1, "num_publications_10y": 0, "num_citations_10y": 1, "publications_years": {"2006": 1}, "citations_years": {"2017": 1}, "old_citations": {"2006": 1}, "isVisible": false}, "2306675710": {"name": "benjamin larry craig", "type": "author", "activity": 3, "h_index": 3, "h5_index": 0, "mag_id": "2306675710", "num_publications": 1, "num_citations": 52, "num_publications_5y": 0, "num_citations_5y": 9, "num_publications_10y": 0, "num_citations_10y": 47, "publications_years": {"2007": 1}, "citations_years": {"2007": 3, "2008": 2, "2009": 7, "2010": 11, "2011": 12, "2012": 5, "2013": 3, "2014": 2, "2015": 5, "2016": 1, "2017": 0, "2018": 1}, "old_citations": {"2007": 52}, "isVisible": false}, "2504189789": {"name": "torsten krohn", "type": "author", "activity": 2, "h_index": 2, "h5_index": 0, "mag_id": "2504189789", "num_publications": 1, "num_citations": 3, "num_publications_5y": 0, "num_citations_5y": 0, "num_publications_10y": 0, "num_citations_10y": 3, "publications_years": {"2008": 1}, "citations_years": {"2009": 2, "2010": 0, "2011": 0, "2012": 0, "2013": 1}, "old_citations": {"2008": 3}, "isVisible": false}, "2580349856": {"name": "johan petersson", "type": "author", "activity": 0, "h_index": 0, "h5_index": 0, "mag_id": "2580349856", "num_publications": 1, "num_citations": 0, "num_publications_5y": 0, "num_citations_5y": 0, "num_publications_10y": 0, "num_citations_10y": 0, "publications_years": {"2008": 1}, "citations_years": {}, "old_citations": {"2008": 7}, "isVisible": false}, "2638594665": {"name": "wolfgang maass", "type": "author", "activity": 26, "h_index": 12, "h5_index": 1, "mag_id": "2638594665", "num_publications": 1, "num_citations": 1, "num_publications_5y": 0, "num_citations_5y": 0, "num_publications_10y": 0, "num_citations_10y": 0, "publications_years": {"2006": 1}, "citations_years": {"2006": 1}, "old_citations": {"2006": 1}, "isVisible": false}, "2654345236": {"name": "thomas kamphusmann", "type": "author", "activity": 1, "h_index": 1, "h5_index": 0, "mag_id": "2654345236", "num_publications": 1, "num_citations": 1, "num_publications_5y": 0, "num_citations_5y": 0, "num_publications_10y": 0, "num_citations_10y": 1, "publications_years": {"2006": 1}, "citations_years": {"2009": 1}, "old_citations": {"2006": 1}, "isVisible": false}, "2695026922": {"name": "alexander kozlenkov", "type": "author", "activity": 4, "h_index": 6, "h5_index": 0, "mag_id": "2695026922", "num_publications": 1, "num_citations": 52, "num_publications_5y": 0, "num_citations_5y": 9, "num_publications_10y": 0, "num_citations_10y": 47, "publications_years": {"2007": 1}, "citations_years": {"2007": 3, "2008": 2, "2009": 7, "2010": 11, "2011": 12, "2012": 5, "2013": 3, "2014": 2, "2015": 5, "2016": 1, "2017": 0, "2018": 1}, "old_citations": {"2007": 52}, "isVisible": false}, "2893893260": {"name": "nicholas diakopoulos", "type": "author", "activity": 19, "h_index": 23, "h5_index": 7, "mag_id": "2893893260", "num_publications": 1, "num_citations": 4, "num_publications_5y": 0, "num_citations_5y": 1, "num_publications_10y": 0, "num_citations_10y": 4, "publications_years": {"2008": 1}, "citations_years": {"2009": 1, "2010": 2, "2011": 0, "2012": 0, "2013": 0, "2014": 0, "2015": 1}, "old_citations": {"2008": 4}, "isVisible": false}}, "countries": {"Sweden": {"name": "Sweden", "type": "country", "h5_index": 82, "num_publications": 9, "num_citations": 35, "num_publications_5y": 0, "num_citations_5y": 9, "num_publications_10y": 0, "num_citations_10y": 22, "publications_years": {"2008": 5, "2007": 2, "2006": 2}, "citations_years": {"2007": 1, "2008": 7, "2009": 1, "2010": 5, "2011": 2, "2012": 1, "2013": 4, "2014": 5, "2015": 2, "2016": 1, "2017": 0, "2018": 1, "2019": 2, "2020": 1, "2006": 2}, "old_citations": {"2008": 17, "2007": 12, "2006": 13}, "isVisible": false}, "United States": {"name": "United States", "type": "country", "h5_index": 308, "num_publications": 8, "num_citations": 79, "num_publications_5y": 0, "num_citations_5y": 17, "num_publications_10y": 0, "num_citations_10y": 71, "publications_years": {"2008": 4, "2007": 3, "2006": 1}, "citations_years": {"2009": 11, "2010": 14, "2011": 15, "2012": 6, "2013": 8, "2014": 4, "2015": 9, "2008": 5, "2007": 3, "2016": 3, "2017": 0, "2018": 1}, "old_citations": {"2008": 10, "2007": 67, "2006": 2}, "isVisible": false}, "Germany": {"name": "Germany", "type": "country", "h5_index": 139, "num_publications": 4, "num_citations": 27, "num_publications_5y": 0, "num_citations_5y": 0, "num_publications_10y": 0, "num_citations_10y": 23, "publications_years": {"2006": 1, "2008": 2, "2007": 1}, "citations_years": {"2006": 1, "2009": 6, "2010": 4, "2011": 6, "2012": 3, "2013": 4, "2008": 3}, "old_citations": {"2006": 1, "2008": 19, "2007": 7}, "isVisible": false}, "Netherlands": {"name": "Netherlands", "type": "country", "h5_index": 91, "num_publications": 3, "num_citations": 25, "num_publications_5y": 0, "num_citations_5y": 2, "num_publications_10y": 0, "num_citations_10y": 23, "publications_years": {"2008": 1, "2006": 1, "2007": 1}, "citations_years": {"2009": 4, "2010": 6, "2011": 2, "2012": 6, "2008": 1, "2013": 3, "2014": 1, "2015": 0, "2016": 1, "2017": 0, "2018": 0, "2019": 1}, "old_citations": {"2008": 4, "2006": 6, "2007": 15}, "isVisible": false}, "Belgium": {"name": "Belgium", "type": "country", "h5_index": 72, "num_publications": 1, "num_citations": 5, "num_publications_5y": 0, "num_citations_5y": 2, "num_publications_10y": 0, "num_citations_10y": 3, "publications_years": {"2007": 1}, "citations_years": {"2008": 1, "2009": 0, "2010": 0, "2011": 0, "2012": 0, "2013": 1, "2014": 0, "2015": 1, "2016": 1, "2017": 0, "2018": 0, "2019": 1}, "old_citations": {"2007": 5}, "isVisible": false}, "Canada": {"name": "Canada", "type": "country", "h5_index": 128, "num_publications": 1, "num_citations": 52, "num_publications_5y": 0, "num_citations_5y": 9, "num_publications_10y": 0, "num_citations_10y": 47, "publications_years": {"2007": 1}, "citations_years": {"2007": 3, "2008": 2, "2009": 7, "2010": 11, "2011": 12, "2012": 5, "2013": 3, "2014": 2, "2015": 5, "2016": 1, "2017": 0, "2018": 1}, "old_citations": {"2007": 52}, "isVisible": false}, "Ireland": {"name": "Ireland", "type": "country", "h5_index": 50, "num_publications": 1, "num_citations": 0, "num_publications_5y": 0, "num_citations_5y": 0, "num_publications_10y": 0, "num_citations_10y": 0, "publications_years": {"2006": 1}, "citations_years": {}, "old_citations": {"2006": 0}, "isVisible": false}, "United Kingdom": {"name": "United Kingdom", "type": "country", "h5_index": 172, "num_publications": 1, "num_citations": 8, "num_publications_5y": 0, "num_citations_5y": 1, "num_publications_10y": 0, "num_citations_10y": 7, "publications_years": {"2006": 1}, "citations_years": {"2007": 1, "2008": 0, "2009": 5, "2010": 1, "2011": 0, "2012": 0, "2013": 0, "2014": 0, "2015": 0, "2016": 1}, "old_citations": {"2006": 8}, "isVisible": false}}}, "conference_comparison": {"computer science": {}}, "topics_dna": {"publications": {}, "citations": {"normalized": {}, "average": {}}}, "info": {"num_publications": 37, "num_citations": 248.0, "impact_factor": {"2008": 1.0}, "publications_years": {"2006": 13, "2007": 12, "2008": 12}, "citations_years": {"2006": 4, "2007": 14, "2008": 25, "2009": 36, "2010": 35, "2011": 34, "2012": 20, "2013": 28, "2014": 15, "2015": 15, "2016": 7, "2017": 1, "2018": 2, "2019": 4, "2020": 1}, "old_citations": {"2006": 66, "2007": 126, "2008": 56}, "h5_index": 0}, "percentile": {"computer science": {"2006": 76, "2007": 84, "2008": 70}}, "conference_ranking": {"computer science": {"2006": 1022, "2007": 666, "2008": 1255}}, "academia": {"num_publications": 23, "num_citations": 128, "publications_years": {"2006": 7, "2007": 7, "2008": 9}, "old_citations": {"2006": 30, "2007": 54, "2008": 44}, "num_publications_5y": 0, "num_citations_5y": 0, "num_publications_10y": 0, "num_citations_10y": 0}, "industry": {"num_publications": 0, "num_citations": 0, "publications_years": {}, "old_citations": {}, "num_publications_5y": 0, "num_citations_5y": 0, "num_publications_10y": 0, "num_citations_10y": 0}, "collaborative": {"num_publications": 0, "num_citations": 0, "publications_years": {}, "old_citations": {}, "num_publications_5y": 0, "num_citations_5y": 0, "num_publications_10y": 0, "num_citations_10y": 0}, "conferences": {}, "journals": {}, "organizations": {"publication_overall": ["University of Alabama in Huntsville", "Uppsala University", "Georgia Institute of Technology", "Tilburg University", "University of Gothenburg", "\u00d6rebro University", "Chalmers University of Technology", "Freie Universit\u00e4t Berlin", "Furtwangen University", "J\u00f6nk\u00f6ping University", "Link\u00f6ping University", "National Academies of Sciences, Engineering, and Medicine", "Rutgers, The State University of New Jersey", "TH K\u00f6ln \u2013 University of Applied Sciences", "University of Bor\u00e5s", "University of Limerick", "University of L\u00fcbeck", "University of Manchester", "University of New Brunswick", "University of Sk\u00f6vde", "Utrecht University", "Vrije Universiteit Brussel"], "citation_overall": ["National Academies of Sciences, Engineering, and Medicine", "University of New Brunswick", "Freie Universit\u00e4t Berlin", "Georgia Institute of Technology", "Utrecht University", "\u00d6rebro University", "Tilburg University", "University of Gothenburg", "University of Alabama in Huntsville", "University of Bor\u00e5s", "University of Manchester", "TH K\u00f6ln \u2013 University of Applied Sciences", "Chalmers University of Technology", "J\u00f6nk\u00f6ping University", "University of Sk\u00f6vde", "Uppsala University", "Link\u00f6ping University", "Vrije Universiteit Brussel", "University of L\u00fcbeck", "Rutgers, The State University of New Jersey", "Furtwangen University", "University of Limerick"], "publication_10_years": [], "citation_10_years": [], "publication_5_years": [], "citation_5_years": []}, "countries": {"publication_overall": ["Sweden", "United States", "Germany", "Netherlands", "Belgium", "Canada", "Ireland", "United Kingdom"], "citation_overall": ["United States", "Canada", "Sweden", "Germany", "Netherlands", "United Kingdom", "Belgium", "Ireland"], "publication_10_years": [], "citation_10_years": [], "publication_5_years": [], "citation_5_years": []}, "topics": {"publication_overall": ["computer science", "internet", "computer systems", "world wide web", "human computer interaction", "artificial intelligence", "information technology", "semantics", "user interfaces", "computer programming", "information systems", "linguistics", "computer networks", "software engineering", "software architecture", "software design", "computer security", "database systems", "information retrieval", "semantic web"], "citation_overall": ["computer science", "computer systems", "internet", "artificial intelligence", "human computer interaction", "world wide web", "information systems", "information technology", "semantics", "user interfaces", "multiagent system", "software engineering", "computer programming", "software architecture", "software design", "computer networks", "semantic web", "ontology", "information retrieval", "database systems"], "publication_10_years": [], "citation_10_years": [], "publication_5_years": [], "citation_5_years": []}, "main_topics": ["computer science"], "authors": {"publication_overall": ["2139462530", "2240788790", "1197479470", "1996161158", "2113756295", "2123583348", "2136933177", "2244266493", "33236997", "111259810", "176577567", "196177411", "246024643", "323628214", "326997717", "347341059", "349175383", "574770096", "936882767", "1248427641", "1276266537", "1891891777", "1982742263", "1983164028", "1997045506", "2007469840", "2007958803", "2025272735", "2035408826", "2036822856", "2055373559", "2097655892", "2101595057", "2105394683", "2106434790", "2109990388", "2112328361", "2128625188", "2130869708", "2131434768", "2138528515", "2147249464", "2156903130", "2159477686", "2170346690", "2223021722", "2224386079", "2228896493", "2245627707", "2249545927", "2255666586", "2286214061", "2306675710", "2504189789", "2580349856", "2638594665", "2654345236", "2695026922", "2893893260"], "citation_overall": ["2244266493", "323628214", "2306675710", "2695026922", "2123583348", "2240788790", "2131434768", "2139462530", "2159477686", "2113756295", "2136933177", "176577567", "2170346690", "2245627707", "347341059", "936882767", "2130869708", "1996161158", "2224386079", "2580349856", "349175383", "1197479470", "1276266537", "1891891777", "1997045506", "2025272735", "2055373559", "2097655892", "2106434790", "2109990388", "2147249464", "2156903130", "2228896493", "2249545927", "1248427641", "2007958803", "2036822856", "2138528515", "574770096", "2112328361", "2893893260", "33236997", "196177411", "326997717", "2223021722", "2504189789", "246024643", "2007469840", "2035408826", "2128625188", "2286214061", "2638594665", "2654345236", "111259810", "1982742263", "1983164028", "2101595057", "2105394683", "2255666586"], "publication_10_years": [], "citation_10_years": [], "publication_5_years": [], "citation_5_years": []}, "industrial_sectors": {"publication_overall": [], "citation_overall": [], "publication_10_years": [], "citation_10_years": [], "publication_5_years": [], "citation_5_years": []}}