{"name": "International Conference on Grounds Penetrating Radar", "acronym": "GPR", "type": "conference", "uniqueEntities": {"organizations": {"Delft University of Technology": {"name": "Delft University of Technology", "type": "organization", "organization_type": "Education", "h_index": 160, "h5_index": 46, "num_publications": 2, "num_citations": 9, "num_publications_5y": 0, "num_citations_5y": 3, "num_publications_10y": 1, "num_citations_10y": 7, "publications_years": {"2004": 1, "2010": 1}, "citations_years": {"2010": 1, "2011": 2, "2012": 1, "2013": 0, "2014": 0, "2015": 1, "2016": 1, "2017": 0, "2018": 1, "2019": 2}, "old_citations": {"2004": 4, "2010": 5}, "isVisible": false}, "Technical University of Crete": {"name": "Technical University of Crete", "type": "organization", "organization_type": "Education", "h_index": 57, "h5_index": 18, "num_publications": 2, "num_citations": 6, "num_publications_5y": 0, "num_citations_5y": 3, "num_publications_10y": 2, "num_citations_10y": 6, "publications_years": {"2010": 2}, "citations_years": {"2011": 3, "2012": 0, "2013": 0, "2014": 0, "2015": 0, "2016": 1, "2017": 0, "2018": 2}, "old_citations": {"2010": 6}, "isVisible": false}, "The Ohio State University": {"name": "The Ohio State University", "type": "organization", "organization_type": "Education", "h_index": 172, "h5_index": 46, "num_publications": 2, "num_citations": 2, "num_publications_5y": 0, "num_citations_5y": 1, "num_publications_10y": 0, "num_citations_10y": 1, "publications_years": {"2004": 2}, "citations_years": {"2005": 1, "2014": 1}, "old_citations": {"2004": 2}, "isVisible": false}, "Bauman Moscow State Technical University": {"name": "Bauman Moscow State Technical University", "type": "organization", "organization_type": "Education", "h_index": 9, "h5_index": 8, "num_publications": 1, "num_citations": 2, "num_publications_5y": 0, "num_citations_5y": 0, "num_publications_10y": 0, "num_citations_10y": 0, "publications_years": {"2004": 1}, "citations_years": {"2003": 1, "2004": 0, "2005": 0, "2006": 0, "2007": 1}, "old_citations": {"2004": 2}, "isVisible": false}, "ETH Zurich": {"name": "ETH Zurich", "type": "organization", "organization_type": "Education", "h_index": 222, "h5_index": 81, "num_publications": 1, "num_citations": 0, "num_publications_5y": 0, "num_citations_5y": 0, "num_publications_10y": 1, "num_citations_10y": 0, "publications_years": {"2010": 1}, "citations_years": {}, "old_citations": {"2010": 0}, "isVisible": false}, "Forschungszentrum J\u00fclich": {"name": "Forschungszentrum J\u00fclich", "type": "organization", "organization_type": "Facility", "h_index": 49, "h5_index": 20, "num_publications": 1, "num_citations": 0, "num_publications_5y": 0, "num_citations_5y": 0, "num_publications_10y": 1, "num_citations_10y": 0, "publications_years": {"2010": 1}, "citations_years": {}, "old_citations": {"2010": 0}, "isVisible": false}, "French National Centre for Scientific Research": {"name": "French National Centre for Scientific Research", "type": "organization", "organization_type": "Government", "h_index": 177, "h5_index": 44, "num_publications": 1, "num_citations": 1, "num_publications_5y": 0, "num_citations_5y": 0, "num_publications_10y": 1, "num_citations_10y": 1, "publications_years": {"2010": 1}, "citations_years": {"2012": 1}, "old_citations": {"2010": 1}, "isVisible": false}, "Karlsruhe Institute of Technology": {"name": "Karlsruhe Institute of Technology", "type": "organization", "organization_type": "Education", "h_index": 156, "h5_index": 37, "num_publications": 1, "num_citations": 2, "num_publications_5y": 0, "num_citations_5y": 0, "num_publications_10y": 0, "num_citations_10y": 0, "publications_years": {"2004": 1}, "citations_years": {"2005": 1, "2006": 0, "2007": 1}, "old_citations": {"2004": 2}, "isVisible": false}, "Moscow Institute of Physics and Technology": {"name": "Moscow Institute of Physics and Technology", "type": "organization", "organization_type": "Education", "h_index": 26, "h5_index": 15, "num_publications": 1, "num_citations": 1, "num_publications_5y": 0, "num_citations_5y": 1, "num_publications_10y": 0, "num_citations_10y": 1, "publications_years": {"2004": 1}, "citations_years": {"2015": 1}, "old_citations": {"2004": 1}, "isVisible": false}, "National Academies of Sciences, Engineering, and Medicine": {"name": "National Academies of Sciences, Engineering, and Medicine", "type": "organization", "organization_type": "Government", "h_index": 130, "h5_index": 36, "num_publications": 1, "num_citations": 8, "num_publications_5y": 0, "num_citations_5y": 5, "num_publications_10y": 1, "num_citations_10y": 8, "publications_years": {"2010": 1}, "citations_years": {"2012": 2, "2013": 1, "2014": 2, "2015": 2, "2016": 1}, "old_citations": {"2010": 8}, "isVisible": false}, "National University of Defense Technology": {"name": "National University of Defense Technology", "type": "organization", "organization_type": "Education", "h_index": 81, "h5_index": 40, "num_publications": 1, "num_citations": 5, "num_publications_5y": 0, "num_citations_5y": 3, "num_publications_10y": 1, "num_citations_10y": 5, "publications_years": {"2010": 1}, "citations_years": {"2011": 1, "2012": 1, "2013": 0, "2014": 0, "2015": 1, "2016": 1, "2017": 1}, "old_citations": {"2010": 5}, "isVisible": false}, "Osaka Electro-Communication University": {"name": "Osaka Electro-Communication University", "type": "organization", "organization_type": "Education", "h_index": 23, "h5_index": 5, "num_publications": 1, "num_citations": 0, "num_publications_5y": 0, "num_citations_5y": 0, "num_publications_10y": 0, "num_citations_10y": 0, "publications_years": {"2004": 1}, "citations_years": {}, "old_citations": {"2004": 0}, "isVisible": false}, "Queensland University of Technology": {"name": "Queensland University of Technology", "type": "organization", "organization_type": "Education", "h_index": 125, "h5_index": 30, "num_publications": 1, "num_citations": 4, "num_publications_5y": 0, "num_citations_5y": 4, "num_publications_10y": 0, "num_citations_10y": 4, "publications_years": {"2004": 1}, "citations_years": {"2014": 1, "2015": 1, "2016": 2}, "old_citations": {"2004": 4}, "isVisible": false}, "Russian Academy of Sciences": {"name": "Russian Academy of Sciences", "type": "organization", "organization_type": "Government", "h_index": 56, "h5_index": 18, "num_publications": 1, "num_citations": 2, "num_publications_5y": 0, "num_citations_5y": 0, "num_publications_10y": 0, "num_citations_10y": 0, "publications_years": {"2004": 1}, "citations_years": {"2003": 1, "2004": 0, "2005": 0, "2006": 0, "2007": 1}, "old_citations": {"2004": 2}, "isVisible": false}, "TOBB University of Economics and Technology": {"name": "TOBB University of Economics and Technology", "type": "organization", "organization_type": "Education", "h_index": 32, "h5_index": 13, "num_publications": 1, "num_citations": 3, "num_publications_5y": 0, "num_citations_5y": 2, "num_publications_10y": 1, "num_citations_10y": 3, "publications_years": {"2010": 1}, "citations_years": {"2013": 1, "2014": 1, "2015": 1}, "old_citations": {"2010": 3}, "isVisible": false}, "Tongji University": {"name": "Tongji University", "type": "organization", "organization_type": "Education", "h_index": 76, "h5_index": 43, "num_publications": 1, "num_citations": 3, "num_publications_5y": 0, "num_citations_5y": 0, "num_publications_10y": 0, "num_citations_10y": 2, "publications_years": {"2004": 1}, "citations_years": {"2005": 1, "2006": 0, "2007": 0, "2008": 0, "2009": 0, "2010": 1, "2011": 1}, "old_citations": {"2004": 3}, "isVisible": false}, "United States Air Force Academy": {"name": "United States Air Force Academy", "type": "organization", "organization_type": "Government", "h_index": 40, "h5_index": 9, "num_publications": 1, "num_citations": 0, "num_publications_5y": 0, "num_citations_5y": 0, "num_publications_10y": 0, "num_citations_10y": 0, "publications_years": {"2004": 1}, "citations_years": {}, "old_citations": {"2004": 0}, "isVisible": false}, "United States Air Force Research Laboratory": {"name": "United States Air Force Research Laboratory", "type": "organization", "organization_type": "Facility", "h_index": 71, "h5_index": 24, "num_publications": 1, "num_citations": 0, "num_publications_5y": 0, "num_citations_5y": 0, "num_publications_10y": 0, "num_citations_10y": 0, "publications_years": {"2004": 1}, "citations_years": {}, "old_citations": {"2004": 0}, "isVisible": false}, "University of Bath": {"name": "University of Bath", "type": "organization", "organization_type": "Education", "h_index": 67, "h5_index": 23, "num_publications": 1, "num_citations": 11, "num_publications_5y": 0, "num_citations_5y": 5, "num_publications_10y": 1, "num_citations_10y": 11, "publications_years": {"2010": 1}, "citations_years": {"2011": 5, "2012": 0, "2013": 1, "2014": 0, "2015": 4, "2016": 0, "2017": 1}, "old_citations": {"2010": 11}, "isVisible": false}, "University of Florence": {"name": "University of Florence", "type": "organization", "organization_type": "Education", "h_index": 82, "h5_index": 24, "num_publications": 1, "num_citations": 18, "num_publications_5y": 0, "num_citations_5y": 10, "num_publications_10y": 0, "num_citations_10y": 12, "publications_years": {"2004": 1}, "citations_years": {"2004": 1, "2005": 0, "2006": 1, "2007": 2, "2008": 2, "2009": 1, "2010": 0, "2011": 0, "2012": 0, "2013": 1, "2014": 0, "2015": 1, "2016": 3, "2017": 2, "2018": 4}, "old_citations": {"2004": 18}, "isVisible": false}, "University of Leeds": {"name": "University of Leeds", "type": "organization", "organization_type": "Education", "h_index": 97, "h5_index": 30, "num_publications": 1, "num_citations": 2, "num_publications_5y": 0, "num_citations_5y": 2, "num_publications_10y": 0, "num_citations_10y": 2, "publications_years": {"2004": 1}, "citations_years": {"2016": 1, "2017": 0, "2018": 1}, "old_citations": {"2004": 2}, "isVisible": false}, "University of Waterloo": {"name": "University of Waterloo", "type": "organization", "organization_type": "Education", "h_index": 185, "h5_index": 58, "num_publications": 1, "num_citations": 2, "num_publications_5y": 0, "num_citations_5y": 2, "num_publications_10y": 0, "num_citations_10y": 2, "publications_years": {"2004": 1}, "citations_years": {"2016": 1, "2017": 0, "2018": 1}, "old_citations": {"2004": 2}, "isVisible": false}, "Vrije Universiteit Brussel": {"name": "Vrije Universiteit Brussel", "type": "organization", "organization_type": "Education", "h_index": 76, "h5_index": 23, "num_publications": 1, "num_citations": 4, "num_publications_5y": 0, "num_citations_5y": 4, "num_publications_10y": 0, "num_citations_10y": 4, "publications_years": {"2004": 1}, "citations_years": {"2014": 1, "2015": 1, "2016": 2}, "old_citations": {"2004": 4}, "isVisible": false}, "\u00c9cole Polytechnique": {"name": "\u00c9cole Polytechnique", "type": "organization", "organization_type": "Education", "h_index": 95, "h5_index": 25, "num_publications": 1, "num_citations": 4, "num_publications_5y": 0, "num_citations_5y": 2, "num_publications_10y": 0, "num_citations_10y": 3, "publications_years": {"2004": 1}, "citations_years": {"2004": 1, "2005": 0, "2006": 0, "2007": 0, "2008": 0, "2009": 0, "2010": 1, "2011": 0, "2012": 0, "2013": 0, "2014": 0, "2015": 0, "2016": 0, "2017": 1, "2018": 1}, "old_citations": {"2004": 4}, "isVisible": false}}, "topics": {"computer hardware": {"name": "computer hardware", "type": "topic", "h_index": 1150, "h5_index": 279, "num_publications": 31, "num_citations": 118, "num_publications_5y": 0, "num_citations_5y": 57, "num_publications_10y": 16, "num_citations_10y": 98, "publications_years": {"2010": 16, "2004": 15}, "citations_years": {"2012": 11, "2013": 6, "2014": 9, "2015": 17, "2016": 12, "2011": 17, "2017": 8, "2010": 4, "2018": 11, "2019": 4, "2005": 3, "2006": 3, "2007": 5, "2008": 2, "2009": 3, "2003": 1, "2004": 2}, "old_citations": {"2010": 64, "2004": 54}, "isVisible": false}, "computer science": {"name": "computer science", "type": "topic", "h_index": 1779, "h5_index": 416, "num_publications": 31, "num_citations": 118, "num_publications_5y": 0, "num_citations_5y": 57, "num_publications_10y": 16, "num_citations_10y": 98, "publications_years": {"2010": 16, "2004": 15}, "citations_years": {"2012": 11, "2013": 6, "2014": 9, "2015": 17, "2016": 12, "2011": 17, "2017": 8, "2010": 4, "2018": 11, "2019": 4, "2005": 3, "2006": 3, "2007": 5, "2008": 2, "2009": 3, "2003": 1, "2004": 2}, "old_citations": {"2010": 64, "2004": 54}, "isVisible": false}, "engineering": {"name": "engineering", "type": "topic", "h_index": 1177, "h5_index": 287, "num_publications": 31, "num_citations": 118, "num_publications_5y": 0, "num_citations_5y": 57, "num_publications_10y": 16, "num_citations_10y": 98, "publications_years": {"2010": 16, "2004": 15}, "citations_years": {"2012": 11, "2013": 6, "2014": 9, "2015": 17, "2016": 12, "2011": 17, "2017": 8, "2010": 4, "2018": 11, "2019": 4, "2005": 3, "2006": 3, "2007": 5, "2008": 2, "2009": 3, "2003": 1, "2004": 2}, "old_citations": {"2010": 64, "2004": 54}, "isVisible": false}, "radar": {"name": "radar", "type": "topic", "h_index": 330, "h5_index": 97, "num_publications": 31, "num_citations": 118, "num_publications_5y": 0, "num_citations_5y": 57, "num_publications_10y": 16, "num_citations_10y": 98, "publications_years": {"2010": 16, "2004": 15}, "citations_years": {"2012": 11, "2013": 6, "2014": 9, "2015": 17, "2016": 12, "2011": 17, "2017": 8, "2010": 4, "2018": 11, "2019": 4, "2005": 3, "2006": 3, "2007": 5, "2008": 2, "2009": 3, "2003": 1, "2004": 2}, "old_citations": {"2010": 64, "2004": 54}, "isVisible": false}, "signal processing": {"name": "signal processing", "type": "topic", "h_index": 1012, "h5_index": 255, "num_publications": 31, "num_citations": 118, "num_publications_5y": 0, "num_citations_5y": 57, "num_publications_10y": 16, "num_citations_10y": 98, "publications_years": {"2010": 16, "2004": 15}, "citations_years": {"2012": 11, "2013": 6, "2014": 9, "2015": 17, "2016": 12, "2011": 17, "2017": 8, "2010": 4, "2018": 11, "2019": 4, "2005": 3, "2006": 3, "2007": 5, "2008": 2, "2009": 3, "2003": 1, "2004": 2}, "old_citations": {"2010": 64, "2004": 54}, "isVisible": false}, "mathematics": {"name": "mathematics", "type": "topic", "h_index": 1364, "h5_index": 300, "num_publications": 28, "num_citations": 101, "num_publications_5y": 0, "num_citations_5y": 51, "num_publications_10y": 13, "num_citations_10y": 82, "publications_years": {"2010": 13, "2004": 15}, "citations_years": {"2012": 10, "2013": 4, "2014": 9, "2015": 13, "2016": 12, "2010": 4, "2011": 10, "2017": 6, "2018": 11, "2019": 3, "2005": 3, "2006": 3, "2007": 5, "2008": 2, "2009": 3, "2003": 1, "2004": 2}, "old_citations": {"2010": 47, "2004": 54}, "isVisible": false}, "ground penetrating radar systems": {"name": "ground penetrating radar systems", "type": "topic", "h_index": 58, "h5_index": 17, "num_publications": 24, "num_citations": 92, "num_publications_5y": 0, "num_citations_5y": 44, "num_publications_10y": 13, "num_citations_10y": 81, "publications_years": {"2010": 13, "2004": 11}, "citations_years": {"2012": 10, "2013": 5, "2014": 9, "2015": 16, "2016": 9, "2011": 17, "2017": 5, "2010": 3, "2018": 5, "2019": 4, "2005": 3, "2006": 2, "2007": 2, "2008": 0, "2009": 2}, "old_citations": {"2010": 62, "2004": 30}, "isVisible": false}, "gpr": {"name": "gpr", "type": "topic", "h_index": 41, "h5_index": 14, "num_publications": 22, "num_citations": 83, "num_publications_5y": 0, "num_citations_5y": 41, "num_publications_10y": 12, "num_citations_10y": 74, "publications_years": {"2010": 12, "2004": 10}, "citations_years": {"2012": 9, "2013": 5, "2014": 9, "2015": 15, "2016": 8, "2011": 15, "2017": 5, "2005": 3, "2006": 2, "2007": 2, "2018": 4, "2019": 2, "2010": 2, "2008": 0, "2009": 2}, "old_citations": {"2010": 57, "2004": 26}, "isVisible": false}, "computer imaging and vision": {"name": "computer imaging and vision", "type": "topic", "h_index": 1142, "h5_index": 334, "num_publications": 20, "num_citations": 74, "num_publications_5y": 0, "num_citations_5y": 37, "num_publications_10y": 9, "num_citations_10y": 60, "publications_years": {"2010": 9, "2004": 11}, "citations_years": {"2012": 9, "2013": 3, "2014": 6, "2015": 6, "2016": 10, "2005": 3, "2006": 1, "2007": 4, "2010": 3, "2011": 7, "2017": 5, "2018": 10, "2019": 1, "2008": 2, "2009": 1, "2003": 1, "2004": 2}, "old_citations": {"2010": 34, "2004": 40}, "isVisible": false}, "computer systems": {"name": "computer systems", "type": "topic", "h_index": 1595, "h5_index": 367, "num_publications": 19, "num_citations": 58, "num_publications_5y": 0, "num_citations_5y": 33, "num_publications_10y": 8, "num_citations_10y": 50, "publications_years": {"2010": 8, "2004": 11}, "citations_years": {"2012": 5, "2013": 2, "2014": 6, "2015": 15, "2016": 7, "2010": 2, "2011": 8, "2017": 2, "2018": 3, "2019": 3, "2005": 2, "2006": 0, "2007": 2, "2003": 1, "2004": 0}, "old_citations": {"2010": 37, "2004": 21}, "isVisible": false}, "image processing": {"name": "image processing", "type": "topic", "h_index": 1113, "h5_index": 328, "num_publications": 19, "num_citations": 72, "num_publications_5y": 0, "num_citations_5y": 37, "num_publications_10y": 9, "num_citations_10y": 60, "publications_years": {"2010": 9, "2004": 10}, "citations_years": {"2012": 9, "2013": 3, "2014": 6, "2015": 6, "2016": 10, "2005": 3, "2006": 1, "2007": 3, "2010": 3, "2011": 7, "2017": 5, "2018": 10, "2019": 1, "2008": 2, "2009": 1, "2004": 2}, "old_citations": {"2010": 34, "2004": 38}, "isVisible": false}, "radar imaging": {"name": "radar imaging", "type": "topic", "h_index": 195, "h5_index": 51, "num_publications": 19, "num_citations": 66, "num_publications_5y": 0, "num_citations_5y": 36, "num_publications_10y": 10, "num_citations_10y": 54, "publications_years": {"2010": 10, "2004": 9}, "citations_years": {"2012": 6, "2013": 3, "2014": 5, "2015": 11, "2016": 9, "2011": 7, "2017": 4, "2005": 2, "2006": 1, "2007": 4, "2018": 7, "2019": 1, "2010": 1, "2003": 1, "2004": 1, "2008": 2, "2009": 1}, "old_citations": {"2010": 34, "2004": 32}, "isVisible": false}, "communication systems": {"name": "communication systems", "type": "topic", "h_index": 1092, "h5_index": 254, "num_publications": 18, "num_citations": 53, "num_publications_5y": 0, "num_citations_5y": 30, "num_publications_10y": 7, "num_citations_10y": 45, "publications_years": {"2010": 7, "2004": 11}, "citations_years": {"2012": 4, "2013": 2, "2014": 6, "2015": 14, "2016": 6, "2010": 2, "2011": 7, "2017": 1, "2018": 3, "2019": 3, "2005": 2, "2006": 0, "2007": 2, "2003": 1, "2004": 0}, "old_citations": {"2010": 32, "2004": 21}, "isVisible": false}, "computer networks": {"name": "computer networks", "type": "topic", "h_index": 1262, "h5_index": 332, "num_publications": 18, "num_citations": 53, "num_publications_5y": 0, "num_citations_5y": 30, "num_publications_10y": 7, "num_citations_10y": 45, "publications_years": {"2010": 7, "2004": 11}, "citations_years": {"2012": 4, "2013": 2, "2014": 6, "2015": 14, "2016": 6, "2010": 2, "2011": 7, "2017": 1, "2018": 3, "2019": 3, "2005": 2, "2006": 0, "2007": 2, "2003": 1, "2004": 0}, "old_citations": {"2010": 32, "2004": 21}, "isVisible": false}, "telecommunication systems": {"name": "telecommunication systems", "type": "topic", "h_index": 1187, "h5_index": 277, "num_publications": 18, "num_citations": 53, "num_publications_5y": 0, "num_citations_5y": 30, "num_publications_10y": 7, "num_citations_10y": 45, "publications_years": {"2010": 7, "2004": 11}, "citations_years": {"2012": 4, "2013": 2, "2014": 6, "2015": 14, "2016": 6, "2010": 2, "2011": 7, "2017": 1, "2018": 3, "2019": 3, "2005": 2, "2006": 0, "2007": 2, "2003": 1, "2004": 0}, "old_citations": {"2010": 32, "2004": 21}, "isVisible": false}, "wireless telecommunication systems": {"name": "wireless telecommunication systems", "type": "topic", "h_index": 1087, "h5_index": 254, "num_publications": 18, "num_citations": 53, "num_publications_5y": 0, "num_citations_5y": 30, "num_publications_10y": 7, "num_citations_10y": 45, "publications_years": {"2010": 7, "2004": 11}, "citations_years": {"2012": 4, "2013": 2, "2014": 6, "2015": 14, "2016": 6, "2010": 2, "2011": 7, "2017": 1, "2018": 3, "2019": 3, "2005": 2, "2006": 0, "2007": 2, "2003": 1, "2004": 0}, "old_citations": {"2010": 32, "2004": 21}, "isVisible": false}, "antennas": {"name": "antennas", "type": "topic", "h_index": 645, "h5_index": 152, "num_publications": 17, "num_citations": 42, "num_publications_5y": 0, "num_citations_5y": 25, "num_publications_10y": 6, "num_citations_10y": 34, "publications_years": {"2010": 6, "2004": 11}, "citations_years": {"2012": 4, "2013": 1, "2014": 6, "2015": 10, "2016": 6, "2010": 2, "2011": 2, "2017": 0, "2018": 3, "2019": 3, "2005": 2, "2006": 0, "2007": 2, "2003": 1, "2004": 0}, "old_citations": {"2010": 21, "2004": 21}, "isVisible": false}, "matrix algebra": {"name": "matrix algebra", "type": "topic", "h_index": 771, "h5_index": 183, "num_publications": 17, "num_citations": 43, "num_publications_5y": 0, "num_citations_5y": 27, "num_publications_10y": 7, "num_citations_10y": 36, "publications_years": {"2010": 7, "2004": 10}, "citations_years": {"2012": 2, "2013": 1, "2014": 6, "2015": 10, "2016": 5, "2010": 3, "2011": 3, "2017": 1, "2018": 5, "2019": 3, "2005": 2, "2006": 0, "2007": 1, "2004": 1, "2008": 0, "2009": 0}, "old_citations": {"2010": 22, "2004": 21}, "isVisible": false}, "radar systems": {"name": "radar systems", "type": "topic", "h_index": 134, "h5_index": 36, "num_publications": 15, "num_citations": 49, "num_publications_5y": 0, "num_citations_5y": 23, "num_publications_10y": 8, "num_citations_10y": 39, "publications_years": {"2010": 8, "2004": 7}, "citations_years": {"2012": 5, "2013": 3, "2014": 3, "2015": 5, "2016": 5, "2011": 6, "2017": 3, "2005": 1, "2006": 1, "2007": 4, "2010": 1, "2018": 7, "2003": 1, "2004": 1, "2008": 2, "2009": 1}, "old_citations": {"2010": 22, "2004": 27}, "isVisible": false}, "communication channels (information theory)": {"name": "communication channels (information theory)", "type": "topic", "h_index": 925, "h5_index": 216, "num_publications": 14, "num_citations": 41, "num_publications_5y": 0, "num_citations_5y": 23, "num_publications_10y": 5, "num_citations_10y": 35, "publications_years": {"2010": 5, "2004": 9}, "citations_years": {"2012": 2, "2010": 2, "2011": 7, "2013": 1, "2014": 4, "2015": 12, "2016": 4, "2017": 1, "2018": 2, "2019": 3, "2005": 2, "2006": 0, "2007": 1}, "old_citations": {"2010": 24, "2004": 17}, "isVisible": false}, "sensors": {"name": "sensors", "type": "topic", "h_index": 960, "h5_index": 229, "num_publications": 8, "num_citations": 56, "num_publications_5y": 0, "num_citations_5y": 32, "num_publications_10y": 3, "num_citations_10y": 45, "publications_years": {"2010": 3, "2004": 5}, "citations_years": {"2011": 6, "2012": 0, "2013": 3, "2014": 4, "2015": 12, "2016": 7, "2017": 4, "2018": 5, "2019": 1, "2010": 1, "2005": 1, "2004": 1, "2006": 3, "2007": 3, "2008": 2, "2009": 3}, "old_citations": {"2010": 21, "2004": 35}, "isVisible": false}, "image analysis": {"name": "image analysis", "type": "topic", "h_index": 988, "h5_index": 315, "num_publications": 13, "num_citations": 52, "num_publications_5y": 0, "num_citations_5y": 29, "num_publications_10y": 7, "num_citations_10y": 42, "publications_years": {"2010": 7, "2004": 6}, "citations_years": {"2012": 5, "2013": 2, "2014": 4, "2015": 6, "2016": 8, "2005": 1, "2006": 1, "2007": 3, "2010": 2, "2011": 3, "2017": 4, "2018": 7, "2019": 1, "2004": 2, "2008": 2, "2009": 1}, "old_citations": {"2010": 20, "2004": 32}, "isVisible": false}, "image reconstruction": {"name": "image reconstruction", "type": "topic", "h_index": 725, "h5_index": 240, "num_publications": 12, "num_citations": 50, "num_publications_5y": 0, "num_citations_5y": 29, "num_publications_10y": 6, "num_citations_10y": 41, "publications_years": {"2010": 6, "2004": 6}, "citations_years": {"2012": 4, "2013": 2, "2014": 4, "2015": 6, "2016": 8, "2005": 1, "2006": 1, "2007": 3, "2010": 2, "2011": 3, "2017": 4, "2018": 7, "2004": 2, "2008": 2, "2009": 1}, "old_citations": {"2010": 18, "2004": 32}, "isVisible": false}}, "authors": {"2109210272": {"name": "chichih chen", "type": "author", "activity": 29, "h_index": 7, "h5_index": 3, "mag_id": "2109210272", "num_publications": 2, "num_citations": 2, "num_publications_5y": 0, "num_citations_5y": 1, "num_publications_10y": 0, "num_citations_10y": 1, "publications_years": {"2004": 2}, "citations_years": {"2005": 1, "2014": 1}, "old_citations": {"2004": 2}, "isVisible": false}, "64135": {"name": "leila aliouane", "type": "author", "activity": 5, "h_index": 4, "h5_index": 0, "mag_id": "64135", "num_publications": 1, "num_citations": 8, "num_publications_5y": 0, "num_citations_5y": 3, "num_publications_10y": 1, "num_citations_10y": 8, "publications_years": {"2010": 1}, "citations_years": {"2012": 4, "2013": 1, "2014": 2, "2015": 0, "2016": 0, "2017": 1}, "old_citations": {"2010": 8}, "isVisible": false}, "17567665": {"name": "alexander yarovoy", "type": "author", "activity": 23, "h_index": 9, "h5_index": 3, "mag_id": "17567665", "num_publications": 1, "num_citations": 4, "num_publications_5y": 0, "num_citations_5y": 1, "num_publications_10y": 0, "num_citations_10y": 2, "publications_years": {"2004": 1}, "citations_years": {"2010": 1, "2011": 0, "2012": 0, "2013": 0, "2014": 0, "2015": 1, "2016": 0, "2017": 0, "2018": 0, "2019": 2}, "old_citations": {"2004": 4}, "isVisible": false}, "394081350": {"name": "c bonopera", "type": "author", "activity": 1, "h_index": 1, "h5_index": 0, "mag_id": "394081350", "num_publications": 1, "num_citations": 8, "num_publications_5y": 0, "num_citations_5y": 2, "num_publications_10y": 0, "num_citations_10y": 5, "publications_years": {"2004": 1}, "citations_years": {"2006": 2, "2007": 1, "2008": 0, "2009": 2, "2010": 0, "2011": 1, "2012": 0, "2013": 0, "2014": 0, "2015": 0, "2016": 1, "2017": 1}, "old_citations": {"2004": 8}, "isVisible": false}, "662759263": {"name": "francesco soldovieri", "type": "author", "activity": 18, "h_index": 7, "h5_index": 2, "mag_id": "662759263", "num_publications": 1, "num_citations": 8, "num_publications_5y": 0, "num_citations_5y": 5, "num_publications_10y": 1, "num_citations_10y": 8, "publications_years": {"2010": 1}, "citations_years": {"2012": 2, "2013": 1, "2014": 2, "2015": 2, "2016": 1}, "old_citations": {"2010": 8}, "isVisible": false}, "1516702735": {"name": "michel chouteau", "type": "author", "activity": 14, "h_index": 4, "h5_index": 1, "mag_id": "1516702735", "num_publications": 1, "num_citations": 4, "num_publications_5y": 0, "num_citations_5y": 2, "num_publications_10y": 0, "num_citations_10y": 3, "publications_years": {"2004": 1}, "citations_years": {"2004": 1, "2005": 0, "2006": 0, "2007": 0, "2008": 0, "2009": 0, "2010": 1, "2011": 0, "2012": 0, "2013": 0, "2014": 0, "2015": 0, "2016": 0, "2017": 1, "2018": 1}, "old_citations": {"2004": 4}, "isVisible": false}, "1537915717": {"name": "m a redfern", "type": "author", "activity": 19, "h_index": 5, "h5_index": 0, "mag_id": "1537915717", "num_publications": 1, "num_citations": 11, "num_publications_5y": 0, "num_citations_5y": 5, "num_publications_10y": 1, "num_citations_10y": 11, "publications_years": {"2010": 1}, "citations_years": {"2011": 5, "2012": 0, "2013": 1, "2014": 0, "2015": 4, "2016": 0, "2017": 1}, "old_citations": {"2010": 11}, "isVisible": false}, "1759056120": {"name": "jens tronicke", "type": "author", "activity": 11, "h_index": 2, "h5_index": 0, "mag_id": "1759056120", "num_publications": 1, "num_citations": 2, "num_publications_5y": 0, "num_citations_5y": 0, "num_publications_10y": 1, "num_citations_10y": 1, "publications_years": {"2010": 1}, "citations_years": {"2012": 1, "2013": 0, "2014": 0, "2015": 0, "2016": 0, "2017": 0, "2018": 0, "2019": 1}, "old_citations": {"2010": 2}, "isVisible": false}, "1911930833": {"name": "p falorni", "type": "author", "activity": 16, "h_index": 2, "h5_index": 1, "mag_id": "1911930833", "num_publications": 1, "num_citations": 18, "num_publications_5y": 0, "num_citations_5y": 10, "num_publications_10y": 0, "num_citations_10y": 12, "publications_years": {"2004": 1}, "citations_years": {"2004": 1, "2005": 0, "2006": 1, "2007": 2, "2008": 2, "2009": 1, "2010": 0, "2011": 0, "2012": 0, "2013": 1, "2014": 0, "2015": 1, "2016": 3, "2017": 2, "2018": 4}, "old_citations": {"2004": 18}, "isVisible": false}, "1915376222": {"name": "w wiesbeck", "type": "author", "activity": 29, "h_index": 19, "h5_index": 1, "mag_id": "1915376222", "num_publications": 1, "num_citations": 2, "num_publications_5y": 0, "num_citations_5y": 0, "num_publications_10y": 0, "num_citations_10y": 0, "publications_years": {"2004": 1}, "citations_years": {"2005": 1, "2006": 0, "2007": 1}, "old_citations": {"2004": 2}, "isVisible": false}, "1957109557": {"name": "urs boniger", "type": "author", "activity": 3, "h_index": 2, "h5_index": 0, "mag_id": "1957109557", "num_publications": 1, "num_citations": 2, "num_publications_5y": 0, "num_citations_5y": 0, "num_publications_10y": 1, "num_citations_10y": 1, "publications_years": {"2010": 1}, "citations_years": {"2012": 1, "2013": 0, "2014": 0, "2015": 0, "2016": 0, "2017": 0, "2018": 0, "2019": 1}, "old_citations": {"2010": 2}, "isVisible": false}, "1969725208": {"name": "laura anitori", "type": "author", "activity": 11, "h_index": 3, "h5_index": 0, "mag_id": "1969725208", "num_publications": 1, "num_citations": 7, "num_publications_5y": 0, "num_citations_5y": 6, "num_publications_10y": 1, "num_citations_10y": 6, "publications_years": {"2010": 1}, "citations_years": {"2014": 1, "2015": 4, "2016": 1, "2017": 0, "2018": 0, "2019": 1}, "old_citations": {"2010": 7}, "isVisible": false}, "1970954412": {"name": "evert slob", "type": "author", "activity": 23, "h_index": 5, "h5_index": 1, "mag_id": "1970954412", "num_publications": 1, "num_citations": 5, "num_publications_5y": 0, "num_citations_5y": 2, "num_publications_10y": 1, "num_citations_10y": 5, "publications_years": {"2010": 1}, "citations_years": {"2011": 2, "2012": 1, "2013": 0, "2014": 0, "2015": 0, "2016": 1, "2017": 0, "2018": 1}, "old_citations": {"2010": 5}, "isVisible": false}, "1972047346": {"name": "l capineri", "type": "author", "activity": 27, "h_index": 4, "h5_index": 2, "mag_id": "1972047346", "num_publications": 1, "num_citations": 18, "num_publications_5y": 0, "num_citations_5y": 10, "num_publications_10y": 0, "num_citations_10y": 12, "publications_years": {"2004": 1}, "citations_years": {"2004": 1, "2005": 0, "2006": 1, "2007": 2, "2008": 2, "2009": 1, "2010": 0, "2011": 0, "2012": 0, "2013": 1, "2014": 0, "2015": 1, "2016": 3, "2017": 2, "2018": 4}, "old_citations": {"2004": 18}, "isVisible": false}, "1976294311": {"name": "michael c wicks", "type": "author", "activity": 30, "h_index": 19, "h5_index": 2, "mag_id": "1976294311", "num_publications": 1, "num_citations": 0, "num_publications_5y": 0, "num_citations_5y": 0, "num_publications_10y": 0, "num_citations_10y": 0, "publications_years": {"2004": 1}, "citations_years": {}, "old_citations": {"2004": 0}, "isVisible": false}, "1984562595": {"name": "kamal belkebir", "type": "author", "activity": 14, "h_index": 1, "h5_index": 0, "mag_id": "1984562595", "num_publications": 1, "num_citations": 1, "num_publications_5y": 0, "num_citations_5y": 0, "num_publications_10y": 1, "num_citations_10y": 1, "publications_years": {"2010": 1}, "citations_years": {"2012": 1}, "old_citations": {"2010": 1}, "isVisible": false}, "1991558982": {"name": "raffaele solimene", "type": "author", "activity": 17, "h_index": 7, "h5_index": 2, "mag_id": "1991558982", "num_publications": 1, "num_citations": 0, "num_publications_5y": 0, "num_citations_5y": 0, "num_publications_10y": 1, "num_citations_10y": 0, "publications_years": {"2010": 1}, "citations_years": {}, "old_citations": {"2010": 0}, "isVisible": false}, "1999834034": {"name": "g a meles", "type": "author", "activity": 7, "h_index": 1, "h5_index": 0, "mag_id": "1999834034", "num_publications": 1, "num_citations": 0, "num_publications_5y": 0, "num_citations_5y": 0, "num_publications_10y": 1, "num_citations_10y": 0, "publications_years": {"2010": 1}, "citations_years": {}, "old_citations": {"2010": 0}, "isVisible": false}, "2009410698": {"name": "anthony l endres", "type": "author", "activity": 1, "h_index": 1, "h5_index": 0, "mag_id": "2009410698", "num_publications": 1, "num_citations": 2, "num_publications_5y": 0, "num_citations_5y": 2, "num_publications_10y": 0, "num_citations_10y": 2, "publications_years": {"2004": 1}, "citations_years": {"2016": 1, "2017": 0, "2018": 1}, "old_citations": {"2004": 2}, "isVisible": false}, "2014105510": {"name": "sidali ouadfeul", "type": "author", "activity": 8, "h_index": 4, "h5_index": 0, "mag_id": "2014105510", "num_publications": 1, "num_citations": 8, "num_publications_5y": 0, "num_citations_5y": 3, "num_publications_10y": 1, "num_citations_10y": 8, "publications_years": {"2010": 1}, "citations_years": {"2012": 4, "2013": 1, "2014": 2, "2015": 0, "2016": 0, "2017": 1}, "old_citations": {"2010": 8}, "isVisible": false}, "2021862582": {"name": "lucio bellomo", "type": "author", "activity": 3, "h_index": 1, "h5_index": 0, "mag_id": "2021862582", "num_publications": 1, "num_citations": 1, "num_publications_5y": 0, "num_citations_5y": 0, "num_publications_10y": 1, "num_citations_10y": 1, "publications_years": {"2010": 1}, "citations_years": {"2012": 1}, "old_citations": {"2010": 1}, "isVisible": false}, "2032001619": {"name": "r musellman", "type": "author", "activity": 1, "h_index": 0, "h5_index": 0, "mag_id": "2032001619", "num_publications": 1, "num_citations": 0, "num_publications_5y": 0, "num_citations_5y": 0, "num_publications_10y": 0, "num_citations_10y": 0, "publications_years": {"2004": 1}, "citations_years": {}, "old_citations": {"2004": 0}, "isVisible": false}, "2032409743": {"name": "marc saillard", "type": "author", "activity": 10, "h_index": 1, "h5_index": 0, "mag_id": "2032409743", "num_publications": 1, "num_citations": 1, "num_publications_5y": 0, "num_citations_5y": 0, "num_publications_10y": 1, "num_citations_10y": 1, "publications_years": {"2010": 1}, "citations_years": {"2012": 1}, "old_citations": {"2010": 1}, "isVisible": false}, "2038732507": {"name": "denis marcotte", "type": "author", "activity": 30, "h_index": 6, "h5_index": 1, "mag_id": "2038732507", "num_publications": 1, "num_citations": 4, "num_publications_5y": 0, "num_citations_5y": 2, "num_publications_10y": 0, "num_citations_10y": 3, "publications_years": {"2004": 1}, "citations_years": {"2004": 1, "2005": 0, "2006": 0, "2007": 0, "2008": 0, "2009": 0, "2010": 1, "2011": 0, "2012": 0, "2013": 0, "2014": 0, "2015": 0, "2016": 0, "2017": 1, "2018": 1}, "old_citations": {"2004": 4}, "isVisible": false}, "2046487927": {"name": "erica utsi", "type": "author", "activity": 1, "h_index": 1, "h5_index": 0, "mag_id": "2046487927", "num_publications": 1, "num_citations": 4, "num_publications_5y": 0, "num_citations_5y": 1, "num_publications_10y": 1, "num_citations_10y": 4, "publications_years": {"2010": 1}, "citations_years": {"2011": 2, "2012": 0, "2013": 1, "2014": 0, "2015": 0, "2016": 0, "2017": 1}, "old_citations": {"2010": 4}, "isVisible": false}, "2054900548": {"name": "lorenzo crocco", "type": "author", "activity": 22, "h_index": 8, "h5_index": 5, "mag_id": "2054900548", "num_publications": 1, "num_citations": 8, "num_publications_5y": 0, "num_citations_5y": 5, "num_publications_10y": 1, "num_citations_10y": 8, "publications_years": {"2010": 1}, "citations_years": {"2012": 2, "2013": 1, "2014": 2, "2015": 2, "2016": 1}, "old_citations": {"2010": 8}, "isVisible": false}, "2055707421": {"name": "j rolig", "type": "author", "activity": 1, "h_index": 1, "h5_index": 0, "mag_id": "2055707421", "num_publications": 1, "num_citations": 4, "num_publications_5y": 0, "num_citations_5y": 3, "num_publications_10y": 0, "num_citations_10y": 4, "publications_years": {"2004": 1}, "citations_years": {"2010": 1, "2011": 0, "2012": 0, "2013": 0, "2014": 1, "2015": 1, "2016": 0, "2017": 0, "2018": 1}, "old_citations": {"2004": 4}, "isVisible": false}, "2069631324": {"name": "l masotti", "type": "author", "activity": 21, "h_index": 8, "h5_index": 0, "mag_id": "2069631324", "num_publications": 1, "num_citations": 18, "num_publications_5y": 0, "num_citations_5y": 10, "num_publications_10y": 0, "num_citations_10y": 12, "publications_years": {"2004": 1}, "citations_years": {"2004": 1, "2005": 0, "2006": 1, "2007": 2, "2008": 2, "2009": 1, "2010": 0, "2011": 0, "2012": 0, "2013": 1, "2014": 0, "2015": 1, "2016": 3, "2017": 2, "2018": 4}, "old_citations": {"2004": 18}, "isVisible": false}, "2097405365": {"name": "douglas lynch", "type": "author", "activity": 1, "h_index": 0, "h5_index": 0, "mag_id": "2097405365", "num_publications": 1, "num_citations": 0, "num_publications_5y": 0, "num_citations_5y": 0, "num_publications_10y": 0, "num_citations_10y": 0, "publications_years": {"2004": 1}, "citations_years": {}, "old_citations": {"2004": 0}, "isVisible": false}, "2102468776": {"name": "tavi murray", "type": "author", "activity": 13, "h_index": 5, "h5_index": 0, "mag_id": "2102468776", "num_publications": 1, "num_citations": 2, "num_publications_5y": 0, "num_citations_5y": 2, "num_publications_10y": 0, "num_citations_10y": 2, "publications_years": {"2004": 1}, "citations_years": {"2016": 1, "2017": 0, "2018": 1}, "old_citations": {"2004": 2}, "isVisible": false}, "2112445829": {"name": "hichem sahli", "type": "author", "activity": 26, "h_index": 16, "h5_index": 6, "mag_id": "2112445829", "num_publications": 1, "num_citations": 4, "num_publications_5y": 0, "num_citations_5y": 4, "num_publications_10y": 0, "num_citations_10y": 4, "publications_years": {"2004": 1}, "citations_years": {"2014": 1, "2015": 1, "2016": 2}, "old_citations": {"2004": 4}, "isVisible": false}, "2122304023": {"name": "sebastien pioch", "type": "author", "activity": 3, "h_index": 1, "h5_index": 0, "mag_id": "2122304023", "num_publications": 1, "num_citations": 1, "num_publications_5y": 0, "num_citations_5y": 0, "num_publications_10y": 1, "num_citations_10y": 1, "publications_years": {"2010": 1}, "citations_years": {"2012": 1}, "old_citations": {"2010": 1}, "isVisible": false}, "2126816114": {"name": "hyoungsun youn", "type": "author", "activity": 10, "h_index": 5, "h5_index": 0, "mag_id": "2126816114", "num_publications": 1, "num_citations": 1, "num_publications_5y": 0, "num_citations_5y": 0, "num_publications_10y": 0, "num_citations_10y": 0, "publications_years": {"2004": 1}, "citations_years": {"2005": 1}, "old_citations": {"2004": 1}, "isVisible": false}, "2148596719": {"name": "luc van kempen", "type": "author", "activity": 1, "h_index": 1, "h5_index": 0, "mag_id": "2148596719", "num_publications": 1, "num_citations": 4, "num_publications_5y": 0, "num_citations_5y": 4, "num_publications_10y": 0, "num_citations_10y": 4, "publications_years": {"2004": 1}, "citations_years": {"2014": 1, "2015": 1, "2016": 2}, "old_citations": {"2004": 4}, "isVisible": false}, "2151993124": {"name": "a g green", "type": "author", "activity": 1, "h_index": 0, "h5_index": 0, "mag_id": "2151993124", "num_publications": 1, "num_citations": 0, "num_publications_5y": 0, "num_citations_5y": 0, "num_publications_10y": 1, "num_citations_10y": 0, "publications_years": {"2010": 1}, "citations_years": {}, "old_citations": {"2010": 0}, "isVisible": false}, "2154806542": {"name": "xiongyao xie", "type": "author", "activity": 15, "h_index": 1, "h5_index": 0, "mag_id": "2154806542", "num_publications": 1, "num_citations": 3, "num_publications_5y": 0, "num_citations_5y": 0, "num_publications_10y": 0, "num_citations_10y": 2, "publications_years": {"2004": 1}, "citations_years": {"2005": 1, "2006": 0, "2007": 0, "2008": 0, "2009": 0, "2010": 1, "2011": 1}, "old_citations": {"2004": 3}, "isVisible": false}, "2162037957": {"name": "satoshi ebihara", "type": "author", "activity": 23, "h_index": 1, "h5_index": 0, "mag_id": "2162037957", "num_publications": 1, "num_citations": 0, "num_publications_5y": 0, "num_citations_5y": 0, "num_publications_10y": 0, "num_citations_10y": 0, "publications_years": {"2004": 1}, "citations_years": {}, "old_citations": {"2004": 0}, "isVisible": false}, "2164044511": {"name": "tee tang", "type": "author", "activity": 11, "h_index": 2, "h5_index": 0, "mag_id": "2164044511", "num_publications": 1, "num_citations": 4, "num_publications_5y": 0, "num_citations_5y": 4, "num_publications_10y": 0, "num_citations_10y": 4, "publications_years": {"2004": 1}, "citations_years": {"2014": 1, "2015": 1, "2016": 2}, "old_citations": {"2004": 4}, "isVisible": false}, "2165200976": {"name": "r pierri", "type": "author", "activity": 25, "h_index": 3, "h5_index": 1, "mag_id": "2165200976", "num_publications": 1, "num_citations": 0, "num_publications_5y": 0, "num_citations_5y": 0, "num_publications_10y": 1, "num_citations_10y": 0, "publications_years": {"2010": 1}, "citations_years": {}, "old_citations": {"2010": 0}, "isVisible": false}, "2165458443": {"name": "ming lee", "type": "author", "activity": 1, "h_index": 1, "h5_index": 0, "mag_id": "2165458443", "num_publications": 1, "num_citations": 1, "num_publications_5y": 0, "num_citations_5y": 1, "num_publications_10y": 0, "num_citations_10y": 1, "publications_years": {"2004": 1}, "citations_years": {"2014": 1}, "old_citations": {"2004": 1}, "isVisible": false}, "2182193900": {"name": "adham naji", "type": "author", "activity": 1, "h_index": 1, "h5_index": 0, "mag_id": "2182193900", "num_publications": 1, "num_citations": 11, "num_publications_5y": 0, "num_citations_5y": 5, "num_publications_10y": 1, "num_citations_10y": 11, "publications_years": {"2010": 1}, "citations_years": {"2011": 5, "2012": 0, "2013": 1, "2014": 0, "2015": 4, "2016": 0, "2017": 1}, "old_citations": {"2010": 11}, "isVisible": false}, "2182585651": {"name": "j d volakis", "type": "author", "activity": 1, "h_index": 1, "h5_index": 0, "mag_id": "2182585651", "num_publications": 1, "num_citations": 1, "num_publications_5y": 0, "num_citations_5y": 1, "num_publications_10y": 0, "num_citations_10y": 1, "publications_years": {"2004": 1}, "citations_years": {"2014": 1}, "old_citations": {"2004": 1}, "isVisible": false}, "2190998457": {"name": "j genello", "type": "author", "activity": 1, "h_index": 0, "h5_index": 0, "mag_id": "2190998457", "num_publications": 1, "num_citations": 0, "num_publications_5y": 0, "num_citations_5y": 0, "num_publications_10y": 0, "num_citations_10y": 0, "publications_years": {"2004": 1}, "citations_years": {}, "old_citations": {"2004": 0}, "isVisible": false}, "2202089476": {"name": "justin e bracken", "type": "author", "activity": 1, "h_index": 0, "h5_index": 0, "mag_id": "2202089476", "num_publications": 1, "num_citations": 0, "num_publications_5y": 0, "num_citations_5y": 0, "num_publications_10y": 0, "num_citations_10y": 0, "publications_years": {"2004": 1}, "citations_years": {}, "old_citations": {"2004": 0}, "isVisible": false}, "2226323880": {"name": "s nikolaos spanoudakis", "type": "author", "activity": 1, "h_index": 1, "h5_index": 0, "mag_id": "2226323880", "num_publications": 1, "num_citations": 6, "num_publications_5y": 0, "num_citations_5y": 3, "num_publications_10y": 1, "num_citations_10y": 6, "publications_years": {"2010": 1}, "citations_years": {"2011": 3, "2012": 0, "2013": 0, "2014": 0, "2015": 0, "2016": 1, "2017": 0, "2018": 2}, "old_citations": {"2010": 6}, "isVisible": false}, "2230458877": {"name": "hao dinh nho", "type": "author", "activity": 1, "h_index": 1, "h5_index": 0, "mag_id": "2230458877", "num_publications": 1, "num_citations": 4, "num_publications_5y": 0, "num_citations_5y": 4, "num_publications_10y": 0, "num_citations_10y": 4, "publications_years": {"2004": 1}, "citations_years": {"2014": 1, "2015": 1, "2016": 2}, "old_citations": {"2004": 4}, "isVisible": false}, "2277924340": {"name": "mario pauli", "type": "author", "activity": 16, "h_index": 3, "h5_index": 0, "mag_id": "2277924340", "num_publications": 1, "num_citations": 2, "num_publications_5y": 0, "num_citations_5y": 0, "num_publications_10y": 0, "num_citations_10y": 0, "publications_years": {"2004": 1}, "citations_years": {"2005": 1, "2006": 0, "2007": 1}, "old_citations": {"2004": 2}, "isVisible": false}, "2290677837": {"name": "jungho kim", "type": "author", "activity": 6, "h_index": 2, "h5_index": 0, "mag_id": "2290677837", "num_publications": 1, "num_citations": 1, "num_publications_5y": 0, "num_citations_5y": 1, "num_publications_10y": 1, "num_citations_10y": 1, "publications_years": {"2010": 1}, "citations_years": {"2018": 1}, "old_citations": {"2010": 1}, "isVisible": false}, "2293296119": {"name": "yonghui zhao", "type": "author", "activity": 1, "h_index": 1, "h5_index": 0, "mag_id": "2293296119", "num_publications": 1, "num_citations": 3, "num_publications_5y": 0, "num_citations_5y": 0, "num_publications_10y": 0, "num_citations_10y": 2, "publications_years": {"2004": 1}, "citations_years": {"2005": 1, "2006": 0, "2007": 0, "2008": 0, "2009": 0, "2010": 1, "2011": 1}, "old_citations": {"2004": 3}, "isVisible": false}, "2297414437": {"name": "j norgard", "type": "author", "activity": 4, "h_index": 2, "h5_index": 0, "mag_id": "2297414437", "num_publications": 1, "num_citations": 0, "num_publications_5y": 0, "num_citations_5y": 0, "num_publications_10y": 0, "num_citations_10y": 0, "publications_years": {"2004": 1}, "citations_years": {}, "old_citations": {"2004": 0}, "isVisible": false}, "2302777368": {"name": "andrea baratonia", "type": "author", "activity": 2, "h_index": 1, "h5_index": 0, "mag_id": "2302777368", "num_publications": 1, "num_citations": 0, "num_publications_5y": 0, "num_citations_5y": 0, "num_publications_10y": 1, "num_citations_10y": 0, "publications_years": {"2010": 1}, "citations_years": {}, "old_citations": {"2010": 0}, "isVisible": false}, "2303159879": {"name": "jim vandamme", "type": "author", "activity": 1, "h_index": 0, "h5_index": 0, "mag_id": "2303159879", "num_publications": 1, "num_citations": 0, "num_publications_5y": 0, "num_citations_5y": 0, "num_publications_10y": 0, "num_citations_10y": 0, "publications_years": {"2004": 1}, "citations_years": {}, "old_citations": {"2004": 0}, "isVisible": false}, "2309649578": {"name": "amine ihamouten", "type": "author", "activity": 10, "h_index": 2, "h5_index": 1, "mag_id": "2309649578", "num_publications": 1, "num_citations": 3, "num_publications_5y": 0, "num_citations_5y": 0, "num_publications_10y": 1, "num_citations_10y": 3, "publications_years": {"2010": 1}, "citations_years": {"2011": 2, "2012": 1}, "old_citations": {"2010": 3}, "isVisible": false}, "2346548861": {"name": "a vafidis", "type": "author", "activity": 1, "h_index": 0, "h5_index": 0, "mag_id": "2346548861", "num_publications": 1, "num_citations": 0, "num_publications_5y": 0, "num_citations_5y": 0, "num_publications_10y": 1, "num_citations_10y": 0, "publications_years": {"2010": 1}, "citations_years": {}, "old_citations": {"2010": 0}, "isVisible": false}, "2365862581": {"name": "m kiso", "type": "author", "activity": 1, "h_index": 0, "h5_index": 0, "mag_id": "2365862581", "num_publications": 1, "num_citations": 0, "num_publications_5y": 0, "num_citations_5y": 0, "num_publications_10y": 0, "num_citations_10y": 0, "publications_years": {"2004": 1}, "citations_years": {}, "old_citations": {"2004": 0}, "isVisible": false}, "2386087287": {"name": "ali cafer gurbuz", "type": "author", "activity": 15, "h_index": 12, "h5_index": 2, "mag_id": "2386087287", "num_publications": 1, "num_citations": 3, "num_publications_5y": 0, "num_citations_5y": 2, "num_publications_10y": 1, "num_citations_10y": 3, "publications_years": {"2010": 1}, "citations_years": {"2013": 1, "2014": 1, "2015": 1}, "old_citations": {"2010": 3}, "isVisible": false}, "2423311355": {"name": "adam d booth", "type": "author", "activity": 1, "h_index": 1, "h5_index": 0, "mag_id": "2423311355", "num_publications": 1, "num_citations": 2, "num_publications_5y": 0, "num_citations_5y": 2, "num_publications_10y": 0, "num_citations_10y": 2, "publications_years": {"2004": 1}, "citations_years": {"2016": 1, "2017": 0, "2018": 1}, "old_citations": {"2004": 2}, "isVisible": false}, "2431423615": {"name": "g pinelli", "type": "author", "activity": 1, "h_index": 1, "h5_index": 0, "mag_id": "2431423615", "num_publications": 1, "num_citations": 18, "num_publications_5y": 0, "num_citations_5y": 10, "num_publications_10y": 0, "num_citations_10y": 12, "publications_years": {"2004": 1}, "citations_years": {"2004": 1, "2005": 0, "2006": 1, "2007": 2, "2008": 2, "2009": 1, "2010": 0, "2011": 0, "2012": 0, "2013": 1, "2014": 0, "2015": 1, "2016": 3, "2017": 2, "2018": 4}, "old_citations": {"2004": 18}, "isVisible": false}, "2467077172": {"name": "xavier derobert", "type": "author", "activity": 12, "h_index": 3, "h5_index": 0, "mag_id": "2467077172", "num_publications": 1, "num_citations": 3, "num_publications_5y": 0, "num_citations_5y": 0, "num_publications_10y": 1, "num_citations_10y": 3, "publications_years": {"2010": 1}, "citations_years": {"2011": 2, "2012": 1}, "old_citations": {"2010": 3}, "isVisible": false}, "2489116119": {"name": "qiwei zhang", "type": "author", "activity": 1, "h_index": 1, "h5_index": 0, "mag_id": "2489116119", "num_publications": 1, "num_citations": 11, "num_publications_5y": 0, "num_citations_5y": 5, "num_publications_10y": 1, "num_citations_10y": 11, "publications_years": {"2010": 1}, "citations_years": {"2011": 5, "2012": 0, "2013": 1, "2014": 0, "2015": 4, "2016": 0, "2017": 1}, "old_citations": {"2010": 11}, "isVisible": false}, "2496201824": {"name": "g de pasquale", "type": "author", "activity": 1, "h_index": 1, "h5_index": 0, "mag_id": "2496201824", "num_publications": 1, "num_citations": 8, "num_publications_5y": 0, "num_citations_5y": 2, "num_publications_10y": 0, "num_citations_10y": 5, "publications_years": {"2004": 1}, "citations_years": {"2006": 2, "2007": 1, "2008": 0, "2009": 2, "2010": 0, "2011": 1, "2012": 0, "2013": 0, "2014": 0, "2015": 0, "2016": 1, "2017": 1}, "old_citations": {"2004": 8}, "isVisible": false}, "2532039241": {"name": "v v chapursky", "type": "author", "activity": 1, "h_index": 1, "h5_index": 0, "mag_id": "2532039241", "num_publications": 1, "num_citations": 2, "num_publications_5y": 0, "num_citations_5y": 0, "num_publications_10y": 0, "num_citations_10y": 0, "publications_years": {"2004": 1}, "citations_years": {"2003": 1, "2004": 0, "2005": 0, "2006": 0, "2007": 1}, "old_citations": {"2004": 2}, "isVisible": false}, "2585478541": {"name": "r d brown", "type": "author", "activity": 17, "h_index": 3, "h5_index": 0, "mag_id": "2585478541", "num_publications": 1, "num_citations": 0, "num_publications_5y": 0, "num_citations_5y": 0, "num_publications_10y": 0, "num_citations_10y": 0, "publications_years": {"2004": 1}, "citations_years": {}, "old_citations": {"2004": 0}, "isVisible": false}, "2587517390": {"name": "n economou", "type": "author", "activity": 10, "h_index": 1, "h5_index": 1, "mag_id": "2587517390", "num_publications": 1, "num_citations": 0, "num_publications_5y": 0, "num_citations_5y": 0, "num_publications_10y": 1, "num_citations_10y": 0, "publications_years": {"2010": 1}, "citations_years": {}, "old_citations": {"2010": 0}, "isVisible": false}, "2594828151": {"name": "i a vasilyev", "type": "author", "activity": 7, "h_index": 1, "h5_index": 0, "mag_id": "2594828151", "num_publications": 1, "num_citations": 2, "num_publications_5y": 0, "num_citations_5y": 0, "num_publications_10y": 0, "num_citations_10y": 0, "publications_years": {"2004": 1}, "citations_years": {"2003": 1, "2004": 0, "2005": 0, "2006": 0, "2007": 1}, "old_citations": {"2004": 2}, "isVisible": false}, "2619558138": {"name": "ilaria catapano", "type": "author", "activity": 13, "h_index": 7, "h5_index": 2, "mag_id": "2619558138", "num_publications": 1, "num_citations": 8, "num_publications_5y": 0, "num_citations_5y": 5, "num_publications_10y": 1, "num_citations_10y": 8, "publications_years": {"2010": 1}, "citations_years": {"2012": 2, "2013": 1, "2014": 2, "2015": 2, "2016": 1}, "old_citations": {"2010": 8}, "isVisible": false}, "2623131996": {"name": "rosario di napoli", "type": "author", "activity": 1, "h_index": 0, "h5_index": 0, "mag_id": "2623131996", "num_publications": 1, "num_citations": 0, "num_publications_5y": 0, "num_citations_5y": 0, "num_publications_10y": 1, "num_citations_10y": 0, "publications_years": {"2010": 1}, "citations_years": {}, "old_citations": {"2010": 0}, "isVisible": false}, "2632608385": {"name": "g pinelli", "type": "author", "activity": 1, "h_index": 1, "h5_index": 0, "mag_id": "2632608385", "num_publications": 1, "num_citations": 8, "num_publications_5y": 0, "num_citations_5y": 2, "num_publications_10y": 0, "num_citations_10y": 5, "publications_years": {"2004": 1}, "citations_years": {"2006": 2, "2007": 1, "2008": 0, "2009": 2, "2010": 0, "2011": 1, "2012": 0, "2013": 0, "2014": 0, "2015": 0, "2016": 1, "2017": 1}, "old_citations": {"2004": 8}, "isVisible": false}, "2635165768": {"name": "takao kobayashi", "type": "author", "activity": 1, "h_index": 1, "h5_index": 0, "mag_id": "2635165768", "num_publications": 1, "num_citations": 1, "num_publications_5y": 0, "num_citations_5y": 1, "num_publications_10y": 1, "num_citations_10y": 1, "publications_years": {"2010": 1}, "citations_years": {"2018": 1}, "old_citations": {"2010": 1}, "isVisible": false}, "2647905779": {"name": "k breiter", "type": "author", "activity": 1, "h_index": 1, "h5_index": 0, "mag_id": "2647905779", "num_publications": 1, "num_citations": 4, "num_publications_5y": 0, "num_citations_5y": 3, "num_publications_10y": 0, "num_citations_10y": 4, "publications_years": {"2004": 1}, "citations_years": {"2010": 1, "2011": 0, "2012": 0, "2013": 0, "2014": 1, "2015": 1, "2016": 0, "2017": 0, "2018": 1}, "old_citations": {"2004": 4}, "isVisible": false}, "2650541203": {"name": "l zhou", "type": "author", "activity": 1, "h_index": 1, "h5_index": 0, "mag_id": "2650541203", "num_publications": 1, "num_citations": 5, "num_publications_5y": 0, "num_citations_5y": 3, "num_publications_10y": 1, "num_citations_10y": 5, "publications_years": {"2010": 1}, "citations_years": {"2011": 1, "2012": 1, "2013": 0, "2014": 0, "2015": 1, "2016": 1, "2017": 1}, "old_citations": {"2010": 5}, "isVisible": false}, "2652850638": {"name": "v i kalinin", "type": "author", "activity": 1, "h_index": 1, "h5_index": 0, "mag_id": "2652850638", "num_publications": 1, "num_citations": 2, "num_publications_5y": 0, "num_citations_5y": 0, "num_publications_10y": 0, "num_citations_10y": 0, "publications_years": {"2004": 1}, "citations_years": {"2003": 1, "2004": 0, "2005": 0, "2006": 0, "2007": 1}, "old_citations": {"2004": 2}, "isVisible": false}, "2653684561": {"name": "g alli", "type": "author", "activity": 1, "h_index": 1, "h5_index": 0, "mag_id": "2653684561", "num_publications": 1, "num_citations": 8, "num_publications_5y": 0, "num_citations_5y": 2, "num_publications_10y": 0, "num_citations_10y": 5, "publications_years": {"2004": 1}, "citations_years": {"2006": 2, "2007": 1, "2008": 0, "2009": 2, "2010": 0, "2011": 1, "2012": 0, "2013": 0, "2014": 0, "2015": 0, "2016": 1, "2017": 1}, "old_citations": {"2004": 8}, "isVisible": false}, "2679352931": {"name": "n chubinsky", "type": "author", "activity": 1, "h_index": 1, "h5_index": 0, "mag_id": "2679352931", "num_publications": 1, "num_citations": 1, "num_publications_5y": 0, "num_citations_5y": 1, "num_publications_10y": 0, "num_citations_10y": 1, "publications_years": {"2004": 1}, "citations_years": {"2015": 1}, "old_citations": {"2004": 1}, "isVisible": false}, "2682401421": {"name": "v n sablin", "type": "author", "activity": 1, "h_index": 1, "h5_index": 0, "mag_id": "2682401421", "num_publications": 1, "num_citations": 2, "num_publications_5y": 0, "num_citations_5y": 0, "num_publications_10y": 0, "num_citations_10y": 0, "publications_years": {"2004": 1}, "citations_years": {"2003": 1, "2004": 0, "2005": 0, "2006": 0, "2007": 1}, "old_citations": {"2004": 2}, "isVisible": false}, "2686816148": {"name": "minhao wan", "type": "author", "activity": 1, "h_index": 1, "h5_index": 0, "mag_id": "2686816148", "num_publications": 1, "num_citations": 3, "num_publications_5y": 0, "num_citations_5y": 0, "num_publications_10y": 0, "num_citations_10y": 2, "publications_years": {"2004": 1}, "citations_years": {"2005": 1, "2006": 0, "2007": 0, "2008": 0, "2009": 0, "2010": 1, "2011": 1}, "old_citations": {"2004": 3}, "isVisible": false}, "2690158895": {"name": "a vafidis", "type": "author", "activity": 1, "h_index": 1, "h5_index": 0, "mag_id": "2690158895", "num_publications": 1, "num_citations": 6, "num_publications_5y": 0, "num_citations_5y": 3, "num_publications_10y": 1, "num_citations_10y": 6, "publications_years": {"2010": 1}, "citations_years": {"2011": 3, "2012": 0, "2013": 0, "2014": 0, "2015": 0, "2016": 1, "2017": 0, "2018": 2}, "old_citations": {"2010": 6}, "isVisible": false}, "2697201575": {"name": "g moussally", "type": "author", "activity": 1, "h_index": 1, "h5_index": 0, "mag_id": "2697201575", "num_publications": 1, "num_citations": 4, "num_publications_5y": 0, "num_citations_5y": 3, "num_publications_10y": 0, "num_citations_10y": 4, "publications_years": {"2004": 1}, "citations_years": {"2010": 1, "2011": 0, "2012": 0, "2013": 0, "2014": 1, "2015": 1, "2016": 0, "2017": 0, "2018": 1}, "old_citations": {"2004": 4}, "isVisible": false}, "2700012584": {"name": "gregory hislop", "type": "author", "activity": 1, "h_index": 1, "h5_index": 0, "mag_id": "2700012584", "num_publications": 1, "num_citations": 4, "num_publications_5y": 0, "num_citations_5y": 4, "num_publications_10y": 0, "num_citations_10y": 4, "publications_years": {"2004": 1}, "citations_years": {"2014": 1, "2015": 1, "2016": 2}, "old_citations": {"2004": 4}, "isVisible": false}, "2754423734": {"name": "seong kon lee", "type": "author", "activity": 1, "h_index": 1, "h5_index": 0, "mag_id": "2754423734", "num_publications": 1, "num_citations": 1, "num_publications_5y": 0, "num_citations_5y": 1, "num_publications_10y": 1, "num_citations_10y": 1, "publications_years": {"2010": 1}, "citations_years": {"2018": 1}, "old_citations": {"2010": 1}, "isVisible": false}, "2777326109": {"name": "j van der kruk", "type": "author", "activity": 9, "h_index": 1, "h5_index": 1, "mag_id": "2777326109", "num_publications": 1, "num_citations": 0, "num_publications_5y": 0, "num_citations_5y": 0, "num_publications_10y": 1, "num_citations_10y": 0, "publications_years": {"2010": 1}, "citations_years": {}, "old_citations": {"2010": 0}, "isVisible": false}, "2780809446": {"name": "stewart greenhalgh", "type": "author", "activity": 10, "h_index": 0, "h5_index": 0, "mag_id": "2780809446", "num_publications": 1, "num_citations": 0, "num_publications_5y": 0, "num_citations_5y": 0, "num_publications_10y": 1, "num_citations_10y": 0, "publications_years": {"2010": 1}, "citations_years": {}, "old_citations": {"2010": 0}, "isVisible": false}, "2793820454": {"name": "jiansheng wu", "type": "author", "activity": 1, "h_index": 1, "h5_index": 0, "mag_id": "2793820454", "num_publications": 1, "num_citations": 3, "num_publications_5y": 0, "num_citations_5y": 0, "num_publications_10y": 0, "num_citations_10y": 2, "publications_years": {"2004": 1}, "citations_years": {"2005": 1, "2006": 0, "2007": 0, "2008": 0, "2009": 0, "2010": 1, "2011": 1}, "old_citations": {"2004": 3}, "isVisible": false}, "2898127166": {"name": "geraldine villain", "type": "author", "activity": 8, "h_index": 2, "h5_index": 0, "mag_id": "2898127166", "num_publications": 1, "num_citations": 3, "num_publications_5y": 0, "num_citations_5y": 0, "num_publications_10y": 1, "num_citations_10y": 3, "publications_years": {"2010": 1}, "citations_years": {"2011": 2, "2012": 1}, "old_citations": {"2010": 3}, "isVisible": false}, "2923130529": {"name": "patrick chaumet", "type": "author", "activity": 13, "h_index": 1, "h5_index": 0, "mag_id": "2923130529", "num_publications": 1, "num_citations": 1, "num_publications_5y": 0, "num_citations_5y": 0, "num_publications_10y": 1, "num_citations_10y": 1, "publications_years": {"2010": 1}, "citations_years": {"2012": 1}, "old_citations": {"2010": 1}, "isVisible": false}, "2940581512": {"name": "daniela deiana", "type": "author", "activity": 1, "h_index": 1, "h5_index": 0, "mag_id": "2940581512", "num_publications": 1, "num_citations": 7, "num_publications_5y": 0, "num_citations_5y": 6, "num_publications_10y": 1, "num_citations_10y": 6, "publications_years": {"2010": 1}, "citations_years": {"2014": 1, "2015": 4, "2016": 1, "2017": 0, "2018": 0, "2019": 1}, "old_citations": {"2010": 7}, "isVisible": false}, "2942174390": {"name": "a sarri", "type": "author", "activity": 1, "h_index": 1, "h5_index": 0, "mag_id": "2942174390", "num_publications": 1, "num_citations": 8, "num_publications_5y": 0, "num_citations_5y": 2, "num_publications_10y": 0, "num_citations_10y": 5, "publications_years": {"2004": 1}, "citations_years": {"2006": 2, "2007": 1, "2008": 0, "2009": 2, "2010": 0, "2011": 1, "2012": 0, "2013": 0, "2014": 0, "2015": 0, "2016": 1, "2017": 1}, "old_citations": {"2004": 8}, "isVisible": false}, "2943285049": {"name": "loreto di donato", "type": "author", "activity": 8, "h_index": 1, "h5_index": 0, "mag_id": "2943285049", "num_publications": 1, "num_citations": 8, "num_publications_5y": 0, "num_citations_5y": 5, "num_publications_10y": 1, "num_citations_10y": 8, "publications_years": {"2010": 1}, "citations_years": {"2012": 2, "2013": 1, "2014": 2, "2015": 2, "2016": 1}, "old_citations": {"2010": 8}, "isVisible": false}, "2974131447": {"name": "c fischer", "type": "author", "activity": 1, "h_index": 1, "h5_index": 0, "mag_id": "2974131447", "num_publications": 1, "num_citations": 2, "num_publications_5y": 0, "num_citations_5y": 0, "num_publications_10y": 0, "num_citations_10y": 0, "publications_years": {"2004": 1}, "citations_years": {"2005": 1, "2006": 0, "2007": 1}, "old_citations": {"2004": 2}, "isVisible": false}, "2974778906": {"name": "e gloaguen", "type": "author", "activity": 2, "h_index": 2, "h5_index": 0, "mag_id": "2974778906", "num_publications": 1, "num_citations": 4, "num_publications_5y": 0, "num_citations_5y": 2, "num_publications_10y": 0, "num_citations_10y": 3, "publications_years": {"2004": 1}, "citations_years": {"2004": 1, "2005": 0, "2006": 0, "2007": 0, "2008": 0, "2009": 0, "2010": 1, "2011": 0, "2012": 0, "2013": 0, "2014": 0, "2015": 0, "2016": 0, "2017": 1, "2018": 1}, "old_citations": {"2004": 4}, "isVisible": false}, "2989070036": {"name": "y su", "type": "author", "activity": 1, "h_index": 1, "h5_index": 0, "mag_id": "2989070036", "num_publications": 1, "num_citations": 5, "num_publications_5y": 0, "num_citations_5y": 3, "num_publications_10y": 1, "num_citations_10y": 5, "publications_years": {"2010": 1}, "citations_years": {"2011": 1, "2012": 1, "2013": 0, "2014": 0, "2015": 1, "2016": 1, "2017": 1}, "old_citations": {"2010": 5}, "isVisible": false}, "2989700339": {"name": "b a kramer", "type": "author", "activity": 1, "h_index": 1, "h5_index": 0, "mag_id": "2989700339", "num_publications": 1, "num_citations": 1, "num_publications_5y": 0, "num_citations_5y": 1, "num_publications_10y": 0, "num_citations_10y": 1, "publications_years": {"2004": 1}, "citations_years": {"2014": 1}, "old_citations": {"2004": 1}, "isVisible": false}, "3001082515": {"name": "steve r pennock", "type": "author", "activity": 8, "h_index": 1, "h5_index": 0, "mag_id": "3001082515", "num_publications": 1, "num_citations": 11, "num_publications_5y": 0, "num_citations_5y": 5, "num_publications_10y": 1, "num_citations_10y": 11, "publications_years": {"2010": 1}, "citations_years": {"2011": 5, "2012": 0, "2013": 1, "2014": 0, "2015": 4, "2016": 0, "2017": 1}, "old_citations": {"2010": 11}, "isVisible": false}}, "countries": {"United States": {"name": "United States", "type": "country", "h5_index": 308, "num_publications": 4, "num_citations": 10, "num_publications_5y": 0, "num_citations_5y": 6, "num_publications_10y": 1, "num_citations_10y": 9, "publications_years": {"2010": 1, "2004": 3}, "citations_years": {"2012": 2, "2013": 1, "2014": 3, "2015": 2, "2016": 1, "2005": 1}, "old_citations": {"2010": 8, "2004": 2}, "isVisible": false}, "China": {"name": "China", "type": "country", "h5_index": 214, "num_publications": 2, "num_citations": 8, "num_publications_5y": 0, "num_citations_5y": 3, "num_publications_10y": 1, "num_citations_10y": 7, "publications_years": {"2010": 1, "2004": 1}, "citations_years": {"2011": 2, "2012": 1, "2013": 0, "2014": 0, "2015": 1, "2016": 1, "2017": 1, "2005": 1, "2006": 0, "2007": 0, "2008": 0, "2009": 0, "2010": 1}, "old_citations": {"2010": 5, "2004": 3}, "isVisible": false}, "France": {"name": "France", "type": "country", "h5_index": 99, "num_publications": 2, "num_citations": 5, "num_publications_5y": 0, "num_citations_5y": 2, "num_publications_10y": 1, "num_citations_10y": 4, "publications_years": {"2010": 1, "2004": 1}, "citations_years": {"2012": 1, "2004": 1, "2005": 0, "2006": 0, "2007": 0, "2008": 0, "2009": 0, "2010": 1, "2011": 0, "2013": 0, "2014": 0, "2015": 0, "2016": 0, "2017": 1, "2018": 1}, "old_citations": {"2010": 1, "2004": 4}, "isVisible": false}, "Germany": {"name": "Germany", "type": "country", "h5_index": 139, "num_publications": 2, "num_citations": 2, "num_publications_5y": 0, "num_citations_5y": 0, "num_publications_10y": 1, "num_citations_10y": 0, "publications_years": {"2004": 1, "2010": 1}, "citations_years": {"2005": 1, "2006": 0, "2007": 1}, "old_citations": {"2004": 2, "2010": 0}, "isVisible": false}, "Greece": {"name": "Greece", "type": "country", "h5_index": 57, "num_publications": 2, "num_citations": 6, "num_publications_5y": 0, "num_citations_5y": 3, "num_publications_10y": 2, "num_citations_10y": 6, "publications_years": {"2010": 2}, "citations_years": {"2011": 3, "2012": 0, "2013": 0, "2014": 0, "2015": 0, "2016": 1, "2017": 0, "2018": 2}, "old_citations": {"2010": 6}, "isVisible": false}, "Netherlands": {"name": "Netherlands", "type": "country", "h5_index": 91, "num_publications": 2, "num_citations": 9, "num_publications_5y": 0, "num_citations_5y": 3, "num_publications_10y": 1, "num_citations_10y": 7, "publications_years": {"2004": 1, "2010": 1}, "citations_years": {"2010": 1, "2011": 2, "2012": 1, "2013": 0, "2014": 0, "2015": 1, "2016": 1, "2017": 0, "2018": 1, "2019": 2}, "old_citations": {"2004": 4, "2010": 5}, "isVisible": false}, "Russia": {"name": "Russia", "type": "country", "h5_index": 45, "num_publications": 2, "num_citations": 3, "num_publications_5y": 0, "num_citations_5y": 1, "num_publications_10y": 0, "num_citations_10y": 1, "publications_years": {"2004": 2}, "citations_years": {"2015": 1, "2003": 1, "2004": 0, "2005": 0, "2006": 0, "2007": 1}, "old_citations": {"2004": 3}, "isVisible": false}, "United Kingdom": {"name": "United Kingdom", "type": "country", "h5_index": 172, "num_publications": 2, "num_citations": 13, "num_publications_5y": 0, "num_citations_5y": 7, "num_publications_10y": 1, "num_citations_10y": 13, "publications_years": {"2010": 1, "2004": 1}, "citations_years": {"2011": 5, "2012": 0, "2013": 1, "2014": 0, "2015": 4, "2016": 1, "2017": 1, "2018": 1}, "old_citations": {"2010": 11, "2004": 2}, "isVisible": false}, "Australia": {"name": "Australia", "type": "country", "h5_index": 141, "num_publications": 1, "num_citations": 4, "num_publications_5y": 0, "num_citations_5y": 4, "num_publications_10y": 0, "num_citations_10y": 4, "publications_years": {"2004": 1}, "citations_years": {"2014": 1, "2015": 1, "2016": 2}, "old_citations": {"2004": 4}, "isVisible": false}, "Belgium": {"name": "Belgium", "type": "country", "h5_index": 72, "num_publications": 1, "num_citations": 4, "num_publications_5y": 0, "num_citations_5y": 4, "num_publications_10y": 0, "num_citations_10y": 4, "publications_years": {"2004": 1}, "citations_years": {"2014": 1, "2015": 1, "2016": 2}, "old_citations": {"2004": 4}, "isVisible": false}, "Canada": {"name": "Canada", "type": "country", "h5_index": 128, "num_publications": 1, "num_citations": 2, "num_publications_5y": 0, "num_citations_5y": 2, "num_publications_10y": 0, "num_citations_10y": 2, "publications_years": {"2004": 1}, "citations_years": {"2016": 1, "2017": 0, "2018": 1}, "old_citations": {"2004": 2}, "isVisible": false}, "Italy": {"name": "Italy", "type": "country", "h5_index": 94, "num_publications": 1, "num_citations": 18, "num_publications_5y": 0, "num_citations_5y": 10, "num_publications_10y": 0, "num_citations_10y": 12, "publications_years": {"2004": 1}, "citations_years": {"2004": 1, "2005": 0, "2006": 1, "2007": 2, "2008": 2, "2009": 1, "2010": 0, "2011": 0, "2012": 0, "2013": 1, "2014": 0, "2015": 1, "2016": 3, "2017": 2, "2018": 4}, "old_citations": {"2004": 18}, "isVisible": false}, "Japan": {"name": "Japan", "type": "country", "h5_index": 94, "num_publications": 1, "num_citations": 0, "num_publications_5y": 0, "num_citations_5y": 0, "num_publications_10y": 0, "num_citations_10y": 0, "publications_years": {"2004": 1}, "citations_years": {}, "old_citations": {"2004": 0}, "isVisible": false}, "Switzerland": {"name": "Switzerland", "type": "country", "h5_index": 102, "num_publications": 1, "num_citations": 0, "num_publications_5y": 0, "num_citations_5y": 0, "num_publications_10y": 1, "num_citations_10y": 0, "publications_years": {"2010": 1}, "citations_years": {}, "old_citations": {"2010": 0}, "isVisible": false}, "Turkey": {"name": "Turkey", "type": "country", "h5_index": 56, "num_publications": 1, "num_citations": 3, "num_publications_5y": 0, "num_citations_5y": 2, "num_publications_10y": 1, "num_citations_10y": 3, "publications_years": {"2010": 1}, "citations_years": {"2013": 1, "2014": 1, "2015": 1}, "old_citations": {"2010": 3}, "isVisible": false}}}, "conference_comparison": {"computer science": {}}, "topics_dna": {"publications": {}, "citations": {"normalized": {}, "average": {}}}, "info": {"num_publications": 31, "num_citations": 118.0, "impact_factor": {"2006": 0.2, "2007": 0, "2008": 0, "2009": 0, "2010": 0}, "publications_years": {"2010": 16, "2004": 15}, "citations_years": {"2003": 1, "2004": 2, "2005": 3, "2006": 3, "2007": 5, "2008": 2, "2009": 3, "2010": 4, "2011": 17, "2012": 11, "2013": 6, "2014": 9, "2015": 17, "2016": 12, "2017": 8, "2018": 11, "2019": 4}, "old_citations": {"2010": 64, "2004": 54}, "h5_index": 0}, "percentile": {"computer science": {"2010": 67, "2004": 77}}, "conference_ranking": {"computer science": {"2010": 1406, "2004": 965}}, "academia": {"num_publications": 17, "num_citations": 70, "publications_years": {"2004": 11, "2005": 0, "2006": 0, "2007": 0, "2008": 0, "2009": 0, "2010": 6}, "old_citations": {"2004": 40, "2005": 0, "2006": 0, "2007": 0, "2008": 0, "2009": 0, "2010": 30}, "num_publications_5y": 0, "num_citations_5y": 0, "num_publications_10y": 0, "num_citations_10y": 0}, "industry": {"num_publications": 0, "num_citations": 0, "publications_years": {}, "old_citations": {}, "num_publications_5y": 0, "num_citations_5y": 0, "num_publications_10y": 0, "num_citations_10y": 0}, "collaborative": {"num_publications": 0, "num_citations": 0, "publications_years": {}, "old_citations": {}, "num_publications_5y": 0, "num_citations_5y": 0, "num_publications_10y": 0, "num_citations_10y": 0}, "conferences": {}, "journals": {}, "organizations": {"publication_overall": ["Delft University of Technology", "Technical University of Crete", "The Ohio State University", "Bauman Moscow State Technical University", "ETH Zurich", "Forschungszentrum J\u00fclich", "French National Centre for Scientific Research", "Karlsruhe Institute of Technology", "Moscow Institute of Physics and Technology", "National Academies of Sciences, Engineering, and Medicine", "National University of Defense Technology", "Osaka Electro-Communication University", "Queensland University of Technology", "Russian Academy of Sciences", "TOBB University of Economics and Technology", "Tongji University", "United States Air Force Academy", "United States Air Force Research Laboratory", "University of Bath", "University of Florence", "University of Leeds", "University of Waterloo", "Vrije Universiteit Brussel", "\u00c9cole Polytechnique"], "citation_overall": ["University of Florence", "University of Bath", "Delft University of Technology", "National Academies of Sciences, Engineering, and Medicine", "Technical University of Crete", "National University of Defense Technology", "Queensland University of Technology", "Vrije Universiteit Brussel", "\u00c9cole Polytechnique", "TOBB University of Economics and Technology", "Tongji University", "Bauman Moscow State Technical University", "Karlsruhe Institute of Technology", "Russian Academy of Sciences", "The Ohio State University", "University of Leeds", "University of Waterloo", "French National Centre for Scientific Research", "Moscow Institute of Physics and Technology", "ETH Zurich", "Forschungszentrum J\u00fclich", "Osaka Electro-Communication University", "United States Air Force Academy", "United States Air Force Research Laboratory"], "publication_10_years": [], "citation_10_years": [], "publication_5_years": [], "citation_5_years": []}, "countries": {"publication_overall": ["United States", "China", "France", "Germany", "Greece", "Netherlands", "Russia", "United Kingdom", "Australia", "Belgium", "Canada", "Italy", "Japan", "Switzerland", "Turkey"], "citation_overall": ["Italy", "United Kingdom", "United States", "Netherlands", "China", "Greece", "France", "Australia", "Belgium", "Russia", "Turkey", "Canada", "Germany", "Japan", "Switzerland"], "publication_10_years": [], "citation_10_years": [], "publication_5_years": [], "citation_5_years": []}, "topics": {"publication_overall": ["computer hardware", "computer science", "engineering", "radar", "signal processing", "mathematics", "ground penetrating radar systems", "gpr", "computer imaging and vision", "computer systems", "image processing", "radar imaging", "communication systems", "computer networks", "telecommunication systems", "wireless telecommunication systems", "antennas", "matrix algebra", "radar systems", "communication channels (information theory)"], "citation_overall": ["computer hardware", "computer science", "engineering", "radar", "signal processing", "mathematics", "ground penetrating radar systems", "gpr", "computer imaging and vision", "image processing", "radar imaging", "computer systems", "sensors", "communication systems", "computer networks", "telecommunication systems", "wireless telecommunication systems", "image analysis", "image reconstruction", "radar systems"], "publication_10_years": [], "citation_10_years": [], "publication_5_years": [], "citation_5_years": []}, "main_topics": ["computer science"], "authors": {"publication_overall": ["2109210272", "64135", "17567665", "394081350", "662759263", "1516702735", "1537915717", "1759056120", "1911930833", "1915376222", "1957109557", "1969725208", "1970954412", "1972047346", "1976294311", "1984562595", "1991558982", "1999834034", "2009410698", "2014105510", "2021862582", "2032001619", "2032409743", "2038732507", "2046487927", "2054900548", "2055707421", "2069631324", "2097405365", "2102468776", "2112445829", "2122304023", "2126816114", "2148596719", "2151993124", "2154806542", "2162037957", "2164044511", "2165200976", "2165458443", "2182193900", "2182585651", "2190998457", "2202089476", "2226323880", "2230458877", "2277924340", "2290677837", "2293296119", "2297414437", "2302777368", "2303159879", "2309649578", "2346548861", "2365862581", "2386087287", "2423311355", "2431423615", "2467077172", "2489116119", "2496201824", "2532039241", "2585478541", "2587517390", "2594828151", "2619558138", "2623131996", "2632608385", "2635165768", "2647905779", "2650541203", "2652850638", "2653684561", "2679352931", "2682401421", "2686816148", "2690158895", "2697201575", "2700012584", "2754423734", "2777326109", "2780809446", "2793820454", "2898127166", "2923130529", "2940581512", "2942174390", "2943285049", "2974131447", "2974778906", "2989070036", "2989700339", "3001082515"], "citation_overall": ["1911930833", "1972047346", "2069631324", "2431423615", "1537915717", "2182193900", "2489116119", "3001082515", "64135", "394081350", "662759263", "2014105510", "2054900548", "2496201824", "2619558138", "2632608385", "2653684561", "2942174390", "2943285049", "1969725208", "2940581512", "2226323880", "2690158895", "1970954412", "2650541203", "2989070036", "17567665", "1516702735", "2038732507", "2046487927", "2055707421", "2112445829", "2148596719", "2164044511", "2230458877", "2647905779", "2697201575", "2700012584", "2974778906", "2154806542", "2293296119", "2309649578", "2386087287", "2467077172", "2686816148", "2793820454", "2898127166", "1759056120", "1915376222", "1957109557", "2009410698", "2102468776", "2109210272", "2277924340", "2423311355", "2532039241", "2594828151", "2652850638", "2682401421", "2974131447", "1984562595", "2021862582", "2032409743", "2122304023", "2126816114", "2165458443", "2182585651", "2290677837", "2635165768", "2679352931", "2754423734", "2923130529", "2989700339", "1976294311", "1991558982", "1999834034", "2032001619", "2097405365", "2151993124", "2162037957", "2165200976", "2190998457", "2202089476", "2297414437", "2302777368", "2303159879", "2346548861", "2365862581", "2585478541", "2587517390", "2623131996", "2777326109", "2780809446"], "publication_10_years": [], "citation_10_years": [], "publication_5_years": [], "citation_5_years": []}, "industrial_sectors": {"publication_overall": [], "citation_overall": [], "publication_10_years": [], "citation_10_years": [], "publication_5_years": [], "citation_5_years": []}}