{"name": "European Simulation Multiconference", "acronym": "ESM", "type": "conference", "uniqueEntities": {"organizations": {"Australian National University": {"name": "Australian National University", "type": "organization", "organization_type": "Education", "h_index": 144, "h5_index": 58, "num_publications": 1, "num_citations": 11, "num_publications_5y": 0, "num_citations_5y": 1, "num_publications_10y": 0, "num_citations_10y": 4, "publications_years": {"2003": 1}, "citations_years": {"2003": 1, "2004": 0, "2005": 1, "2006": 2, "2007": 2, "2008": 1, "2009": 1, "2010": 2, "2011": 0, "2012": 0, "2013": 0, "2014": 1}, "old_citations": {"2003": 11}, "isVisible": false}, "Ca Foscari University of Venice": {"name": "Ca Foscari University of Venice", "type": "organization", "organization_type": "Education", "h_index": 50, "h5_index": 19, "num_publications": 1, "num_citations": 21, "num_publications_5y": 0, "num_citations_5y": 2, "num_publications_10y": 0, "num_citations_10y": 7, "publications_years": {"2001": 1}, "citations_years": {"2002": 3, "2003": 3, "2004": 1, "2005": 4, "2006": 2, "2007": 0, "2008": 1, "2009": 0, "2010": 0, "2011": 2, "2012": 1, "2013": 2, "2014": 2}, "old_citations": {"2001": 21}, "isVisible": false}, "Dalle Molle Institute for Artificial Intelligence Research": {"name": "Dalle Molle Institute for Artificial Intelligence Research", "type": "organization", "organization_type": "Facility", "h_index": 69, "h5_index": 13, "num_publications": 1, "num_citations": 18, "num_publications_5y": 0, "num_citations_5y": 0, "num_publications_10y": 0, "num_citations_10y": 5, "publications_years": {"1997": 1}, "citations_years": {"1998": 2, "1999": 1, "2000": 0, "2001": 1, "2002": 1, "2003": 1, "2004": 1, "2005": 3, "2006": 3, "2007": 0, "2008": 0, "2009": 1, "2010": 0, "2011": 1, "2012": 1, "2013": 2}, "old_citations": {"1997": 18}, "isVisible": false}, "Newcastle University": {"name": "Newcastle University", "type": "organization", "organization_type": "Education", "h_index": 85, "h5_index": 37, "num_publications": 1, "num_citations": 1, "num_publications_5y": 0, "num_citations_5y": 0, "num_publications_10y": 1, "num_citations_10y": 1, "publications_years": {"2009": 1}, "citations_years": {"2013": 1}, "old_citations": {"2009": 1}, "isVisible": false}}, "topics": {"computer science": {"name": "computer science", "type": "topic", "h_index": 1779, "h5_index": 416, "num_publications": 37, "num_citations": 194, "num_publications_5y": 0, "num_citations_5y": 27, "num_publications_10y": 1, "num_citations_10y": 77, "publications_years": {"2003": 3, "1996": 3, "1997": 4, "1995": 2, "1999": 4, "1992": 5, "1994": 3, "2001": 4, "2009": 1, "1993": 2, "1991": 2, "1998": 1, "2004": 1, "2000": 1, "1990": 1}, "citations_years": {"2003": 11, "2004": 9, "2005": 13, "2006": 12, "2007": 8, "2008": 9, "2009": 9, "2010": 9, "2011": 9, "2012": 13, "2013": 10, "2014": 12, "1996": 7, "1997": 5, "1998": 4, "1999": 5, "2000": 9, "2001": 6, "2002": 13, "2015": 6, "2016": 3, "2017": 3, "1991": 2, "1992": 0, "1993": 0, "1994": 0, "1995": 2, "2018": 3, "2019": 1, "2020": 1}, "old_citations": {"2003": 20, "1996": 13, "1997": 20, "1995": 1, "1999": 14, "1992": 8, "1994": 4, "2001": 22, "2009": 1, "1993": 7, "1991": 0, "1998": 77, "2004": 5, "2000": 1, "1990": 1}, "isVisible": false}, "computer systems": {"name": "computer systems", "type": "topic", "h_index": 1595, "h5_index": 367, "num_publications": 34, "num_citations": 193, "num_publications_5y": 0, "num_citations_5y": 27, "num_publications_10y": 1, "num_citations_10y": 77, "publications_years": {"2003": 3, "1996": 3, "1997": 4, "1999": 4, "1992": 5, "1994": 3, "2001": 4, "2009": 1, "1993": 2, "1991": 1, "1998": 1, "2004": 1, "1995": 1, "2000": 1}, "citations_years": {"2003": 11, "2004": 9, "2005": 13, "2006": 12, "2007": 8, "2008": 9, "2009": 9, "2010": 9, "2011": 9, "2012": 13, "2013": 10, "2014": 12, "1996": 7, "1997": 5, "1998": 4, "1999": 5, "2000": 9, "2001": 6, "2002": 13, "2015": 6, "2016": 3, "2017": 3, "1991": 1, "1992": 0, "1993": 0, "1994": 0, "1995": 2, "2018": 3, "2019": 1, "2020": 1}, "old_citations": {"2003": 20, "1996": 13, "1997": 20, "1999": 14, "1992": 8, "1994": 4, "2001": 22, "2009": 1, "1993": 7, "1991": 0, "1998": 77, "2004": 5, "1995": 1, "2000": 1}, "isVisible": false}, "engineering": {"name": "engineering", "type": "topic", "h_index": 1177, "h5_index": 287, "num_publications": 19, "num_citations": 141, "num_publications_5y": 0, "num_citations_5y": 24, "num_publications_10y": 1, "num_citations_10y": 62, "publications_years": {"1996": 2, "1997": 1, "1994": 2, "2001": 4, "1999": 3, "2009": 1, "2003": 1, "1993": 1, "1998": 1, "2004": 1, "1995": 1, "1992": 1}, "citations_years": {"1996": 4, "1997": 2, "1998": 2, "1999": 3, "2000": 9, "2001": 5, "2002": 10, "2003": 8, "2004": 6, "2005": 9, "2006": 7, "2007": 5, "2008": 7, "2009": 6, "2010": 6, "2011": 7, "2012": 12, "2013": 7, "2014": 10, "2015": 5, "2016": 3, "2017": 3, "2018": 3, "2019": 1, "2020": 1}, "old_citations": {"1996": 10, "1997": 2, "1994": 3, "2001": 22, "1999": 14, "2009": 1, "2003": 5, "1993": 0, "1998": 77, "2004": 5, "1995": 1, "1992": 1}, "isVisible": false}, "computer programming": {"name": "computer programming", "type": "topic", "h_index": 873, "h5_index": 186, "num_publications": 15, "num_citations": 164, "num_publications_5y": 0, "num_citations_5y": 26, "num_publications_10y": 0, "num_citations_10y": 69, "publications_years": {"2003": 2, "1996": 1, "1997": 2, "1992": 3, "1999": 2, "2001": 2, "1991": 1, "1998": 1, "1994": 1}, "citations_years": {"2003": 10, "2004": 4, "2005": 12, "2006": 11, "2007": 6, "2008": 7, "2009": 7, "2010": 8, "2011": 9, "2012": 13, "2013": 6, "2014": 11, "1996": 3, "1997": 3, "1998": 4, "1999": 4, "2000": 9, "2001": 6, "2002": 12, "2015": 6, "2016": 3, "2017": 3, "1991": 1, "1992": 0, "1993": 0, "1994": 0, "1995": 1, "2018": 3, "2019": 1, "2020": 1}, "old_citations": {"2003": 16, "1996": 5, "1997": 20, "1992": 7, "1999": 14, "2001": 22, "1991": 0, "1998": 77, "1994": 3}, "isVisible": false}, "mathematics": {"name": "mathematics", "type": "topic", "h_index": 1364, "h5_index": 300, "num_publications": 15, "num_citations": 109, "num_publications_5y": 0, "num_citations_5y": 19, "num_publications_10y": 1, "num_citations_10y": 54, "publications_years": {"1997": 3, "1995": 2, "1994": 1, "2001": 1, "1992": 2, "2009": 1, "2003": 2, "1999": 1, "1993": 1, "1998": 1}, "citations_years": {"1999": 3, "2000": 7, "2001": 4, "2002": 7, "2003": 4, "2004": 3, "2005": 7, "2006": 7, "2007": 4, "2008": 3, "2009": 6, "2010": 7, "2011": 6, "2012": 12, "2013": 4, "2014": 8, "1998": 3, "2015": 3, "2016": 3, "2017": 2, "2018": 3, "2019": 1, "2020": 1, "1996": 1}, "old_citations": {"1997": 20, "1995": 1, "1994": 0, "2001": 0, "1992": 1, "2009": 1, "2003": 9, "1999": 0, "1993": 0, "1998": 77}, "isVisible": false}, "artificial intelligence": {"name": "artificial intelligence", "type": "topic", "h_index": 1421, "h5_index": 373, "num_publications": 14, "num_citations": 78, "num_publications_5y": 0, "num_citations_5y": 6, "num_publications_10y": 0, "num_citations_10y": 25, "publications_years": {"1996": 2, "1997": 2, "1999": 3, "2003": 2, "2001": 1, "1993": 2, "1991": 1, "1994": 1}, "citations_years": {"1996": 5, "1997": 3, "1998": 2, "1999": 3, "2000": 2, "2001": 2, "2002": 4, "2003": 8, "2004": 5, "2005": 7, "2006": 5, "2007": 1, "2008": 5, "2009": 2, "2010": 2, "2011": 5, "2012": 4, "2013": 6, "2014": 3, "2015": 2, "2016": 0, "2017": 1, "1995": 1}, "old_citations": {"1996": 8, "1997": 18, "1999": 14, "2003": 9, "2001": 21, "1993": 7, "1991": 0, "1994": 1}, "isVisible": false}, "computer networks": {"name": "computer networks", "type": "topic", "h_index": 1262, "h5_index": 332, "num_publications": 14, "num_citations": 31, "num_publications_5y": 0, "num_citations_5y": 1, "num_publications_10y": 1, "num_citations_10y": 13, "publications_years": {"1997": 1, "2001": 3, "1992": 2, "2009": 1, "2003": 2, "1999": 1, "1996": 1, "2004": 1, "1995": 1, "1993": 1}, "citations_years": {"2013": 4, "2010": 2, "2011": 2, "2012": 2, "2008": 3, "2003": 1, "2004": 5, "2005": 1, "2006": 1, "2007": 2, "2009": 2, "2002": 1, "1996": 2, "1995": 1, "1997": 1, "1998": 0, "1999": 0, "2000": 0, "2001": 0, "2014": 1}, "old_citations": {"1997": 0, "2001": 1, "1992": 1, "2009": 1, "2003": 9, "1999": 1, "1996": 5, "2004": 5, "1995": 1, "1993": 7}, "isVisible": false}, "software engineering": {"name": "software engineering", "type": "topic", "h_index": 964, "h5_index": 236, "num_publications": 14, "num_citations": 154, "num_publications_5y": 0, "num_citations_5y": 25, "num_publications_10y": 0, "num_citations_10y": 62, "publications_years": {"2003": 1, "1996": 1, "1997": 2, "1992": 1, "1999": 2, "2001": 2, "1991": 1, "1998": 1, "1994": 2, "1990": 1}, "citations_years": {"2003": 10, "2004": 4, "2005": 12, "2006": 11, "2007": 6, "2008": 7, "2009": 7, "2010": 7, "2011": 6, "2012": 11, "2013": 6, "2014": 11, "1996": 3, "1997": 2, "1998": 4, "1999": 5, "2000": 9, "2001": 6, "2002": 10, "2015": 5, "2016": 3, "2017": 3, "2018": 3, "2019": 1, "2020": 1, "1991": 1}, "old_citations": {"2003": 11, "1996": 5, "1997": 20, "1992": 0, "1999": 14, "2001": 22, "1991": 0, "1998": 77, "1994": 4, "1990": 1}, "isVisible": false}, "theoretical computer science": {"name": "theoretical computer science", "type": "topic", "h_index": 883, "h5_index": 203, "num_publications": 14, "num_citations": 55, "num_publications_5y": 0, "num_citations_5y": 7, "num_publications_10y": 0, "num_citations_10y": 19, "publications_years": {"1996": 1, "1997": 1, "1995": 1, "1999": 4, "1992": 3, "2003": 1, "2001": 1, "1993": 1, "1994": 1}, "citations_years": {"1996": 2, "1997": 3, "1998": 0, "1999": 3, "2000": 2, "2001": 1, "2002": 5, "2003": 6, "2004": 2, "2005": 4, "2006": 2, "2007": 0, "2008": 4, "2009": 0, "2010": 1, "2011": 5, "2012": 3, "2013": 3, "2014": 3, "2015": 3, "2016": 0, "2017": 1, "1991": 1, "1992": 0, "1993": 0, "1994": 0, "1995": 1}, "old_citations": {"1996": 5, "1997": 2, "1995": 0, "1999": 14, "1992": 7, "2003": 5, "2001": 21, "1993": 0, "1994": 1}, "isVisible": false}, "object oriented programming": {"name": "object oriented programming", "type": "topic", "h_index": 636, "h5_index": 129, "num_publications": 13, "num_citations": 141, "num_publications_5y": 0, "num_citations_5y": 26, "num_publications_10y": 0, "num_citations_10y": 59, "publications_years": {"2003": 1, "1996": 1, "1997": 1, "1992": 3, "1999": 2, "2001": 2, "1991": 1, "1998": 1, "1994": 1}, "citations_years": {"2003": 9, "2004": 3, "2005": 9, "2006": 8, "2007": 6, "2008": 7, "2009": 6, "2010": 7, "2011": 6, "2012": 10, "2013": 4, "2014": 11, "1996": 3, "1997": 3, "1998": 2, "1999": 3, "2000": 9, "2001": 5, "2002": 11, "2015": 6, "2016": 3, "2017": 3, "1991": 1, "1992": 0, "1993": 0, "1994": 0, "1995": 1, "2018": 3, "2019": 1, "2020": 1}, "old_citations": {"2003": 11, "1996": 5, "1997": 2, "1992": 7, "1999": 14, "2001": 22, "1991": 0, "1998": 77, "1994": 3}, "isVisible": false}, "computer hardware": {"name": "computer hardware", "type": "topic", "h_index": 1150, "h5_index": 279, "num_publications": 12, "num_citations": 88, "num_publications_5y": 0, "num_citations_5y": 7, "num_publications_10y": 1, "num_citations_10y": 30, "publications_years": {"2003": 3, "1996": 1, "1999": 2, "2009": 1, "2001": 2, "1997": 1, "1993": 1, "1992": 1}, "citations_years": {"2003": 9, "2004": 5, "2005": 8, "2006": 7, "2007": 3, "2008": 6, "2009": 3, "2010": 4, "2011": 5, "2012": 4, "2013": 7, "2014": 4, "1996": 3, "1997": 3, "1998": 2, "1999": 2, "2000": 2, "2001": 2, "2002": 5, "2015": 2, "2016": 0, "2017": 1, "1995": 1}, "old_citations": {"2003": 20, "1996": 5, "1999": 14, "2009": 1, "2001": 22, "1997": 18, "1993": 7, "1992": 1}, "isVisible": false}, "graph theory": {"name": "graph theory", "type": "topic", "h_index": 726, "h5_index": 150, "num_publications": 12, "num_citations": 29, "num_publications_5y": 0, "num_citations_5y": 5, "num_publications_10y": 0, "num_citations_10y": 7, "publications_years": {"1996": 1, "1997": 1, "1995": 1, "1999": 4, "1992": 3, "1993": 1, "1994": 1}, "citations_years": {"1996": 2, "1997": 3, "1998": 0, "1999": 3, "2000": 2, "2001": 1, "2002": 2, "2003": 3, "2004": 1, "2005": 0, "2006": 0, "2007": 0, "2008": 3, "2009": 0, "2010": 0, "2011": 1, "2012": 0, "2013": 1, "2014": 1, "2015": 3, "2016": 0, "2017": 1, "1991": 1, "1992": 0, "1993": 0, "1994": 0, "1995": 1}, "old_citations": {"1996": 5, "1997": 2, "1995": 0, "1999": 14, "1992": 7, "1993": 0, "1994": 1}, "isVisible": false}, "hierarchical system": {"name": "hierarchical system", "type": "topic", "h_index": 451, "h5_index": 97, "num_publications": 12, "num_citations": 19, "num_publications_5y": 0, "num_citations_5y": 2, "num_publications_10y": 1, "num_citations_10y": 5, "publications_years": {"1996": 1, "1997": 2, "1999": 1, "1992": 4, "2009": 1, "1991": 1, "1994": 2}, "citations_years": {"1996": 3, "1997": 3, "1998": 1, "1999": 2, "2000": 0, "2001": 1, "2002": 2, "2003": 0, "2004": 0, "2005": 0, "2006": 0, "2007": 0, "2008": 0, "2009": 0, "2010": 0, "2011": 1, "2012": 0, "2013": 2, "2014": 1, "1991": 1, "1992": 0, "1993": 0, "1994": 0, "1995": 1, "2015": 1}, "old_citations": {"1996": 5, "1997": 2, "1999": 0, "1992": 7, "2009": 1, "1991": 0, "1994": 4}, "isVisible": false}, "petri nets": {"name": "petri nets", "type": "topic", "h_index": 333, "h5_index": 64, "num_publications": 11, "num_citations": 29, "num_publications_5y": 0, "num_citations_5y": 5, "num_publications_10y": 0, "num_citations_10y": 7, "publications_years": {"1996": 1, "1997": 1, "1995": 1, "1999": 4, "1993": 1, "1992": 2, "1994": 1}, "citations_years": {"1996": 2, "1997": 3, "1998": 0, "1999": 3, "2000": 2, "2001": 1, "2002": 2, "2003": 3, "2004": 1, "2005": 0, "2006": 0, "2007": 0, "2008": 3, "2009": 0, "2010": 0, "2011": 1, "2012": 0, "2013": 1, "2014": 1, "2015": 3, "2016": 0, "2017": 1, "1991": 1, "1992": 0, "1993": 0, "1994": 0, "1995": 1}, "old_citations": {"1996": 5, "1997": 2, "1995": 0, "1999": 14, "1993": 0, "1992": 7, "1994": 1}, "isVisible": false}, "software design": {"name": "software design", "type": "topic", "h_index": 907, "h5_index": 227, "num_publications": 11, "num_citations": 150, "num_publications_5y": 0, "num_citations_5y": 25, "num_publications_10y": 0, "num_citations_10y": 62, "publications_years": {"2003": 1, "1996": 1, "1997": 2, "1999": 2, "2001": 2, "1991": 1, "1998": 1, "1994": 1}, "citations_years": {"2003": 10, "2004": 4, "2005": 12, "2006": 11, "2007": 6, "2008": 7, "2009": 7, "2010": 7, "2011": 6, "2012": 11, "2013": 6, "2014": 11, "1996": 2, "1997": 2, "1998": 3, "1999": 5, "2000": 9, "2001": 5, "2002": 10, "2015": 5, "2016": 3, "2017": 3, "2018": 3, "2019": 1, "2020": 1}, "old_citations": {"2003": 11, "1996": 5, "1997": 20, "1999": 14, "2001": 22, "1991": 0, "1998": 77, "1994": 1}, "isVisible": false}, "automation": {"name": "automation", "type": "topic", "h_index": 579, "h5_index": 144, "num_publications": 10, "num_citations": 89, "num_publications_5y": 0, "num_citations_5y": 19, "num_publications_10y": 0, "num_citations_10y": 43, "publications_years": {"1996": 1, "1997": 1, "1994": 2, "2001": 1, "1999": 1, "1993": 1, "1998": 1, "1995": 1, "1992": 1}, "citations_years": {"1996": 4, "1997": 2, "1998": 2, "1999": 2, "2000": 7, "2001": 4, "2002": 6, "2003": 2, "2004": 1, "2005": 4, "2006": 4, "2007": 4, "2008": 2, "2009": 5, "2010": 5, "2011": 3, "2012": 9, "2013": 2, "2014": 8, "2015": 3, "2016": 3, "2017": 2, "2018": 3, "2019": 1, "2020": 1}, "old_citations": {"1996": 5, "1997": 2, "1994": 3, "2001": 0, "1999": 0, "1993": 0, "1998": 77, "1995": 1, "1992": 1}, "isVisible": false}, "computer programming languages": {"name": "computer programming languages", "type": "topic", "h_index": 746, "h5_index": 154, "num_publications": 10, "num_citations": 152, "num_publications_5y": 0, "num_citations_5y": 24, "num_publications_10y": 0, "num_citations_10y": 66, "publications_years": {"2003": 2, "1996": 1, "1999": 2, "2001": 2, "1991": 1, "1998": 1, "1997": 1}, "citations_years": {"2003": 10, "2004": 4, "2005": 12, "2006": 11, "2007": 6, "2008": 7, "2009": 7, "2010": 8, "2011": 8, "2012": 13, "2013": 6, "2014": 10, "1996": 2, "1997": 2, "1998": 3, "1999": 3, "2000": 9, "2001": 5, "2002": 10, "2015": 5, "2016": 3, "2017": 3, "2018": 3, "2019": 1, "2020": 1}, "old_citations": {"2003": 16, "1996": 5, "1999": 14, "2001": 22, "1991": 0, "1998": 77, "1997": 18}, "isVisible": false}, "hierarchical model": {"name": "hierarchical model", "type": "topic", "h_index": 360, "h5_index": 82, "num_publications": 10, "num_citations": 12, "num_publications_5y": 0, "num_citations_5y": 1, "num_publications_10y": 1, "num_citations_10y": 3, "publications_years": {"1999": 1, "1997": 1, "1992": 4, "2009": 1, "1991": 1, "1994": 2}, "citations_years": {"2013": 1, "1991": 1, "1992": 0, "1993": 0, "1994": 0, "1995": 1, "1996": 1, "1997": 1, "1998": 1, "1999": 1, "2000": 0, "2001": 1, "2002": 2, "2003": 0, "2004": 0, "2005": 0, "2006": 0, "2007": 0, "2008": 0, "2009": 0, "2010": 0, "2011": 1, "2012": 0, "2014": 0, "2015": 1}, "old_citations": {"1999": 0, "1997": 0, "1992": 7, "2009": 1, "1991": 0, "1994": 4}, "isVisible": false}, "software architecture": {"name": "software architecture", "type": "topic", "h_index": 821, "h5_index": 210, "num_publications": 10, "num_citations": 73, "num_publications_5y": 0, "num_citations_5y": 7, "num_publications_10y": 0, "num_citations_10y": 21, "publications_years": {"2003": 1, "1996": 1, "1997": 2, "1999": 2, "2001": 2, "1991": 1, "1994": 1}, "citations_years": {"2003": 8, "2004": 3, "2005": 8, "2006": 7, "2007": 2, "2008": 5, "2009": 2, "2010": 2, "2011": 3, "2012": 2, "2013": 5, "2014": 4, "1996": 2, "1997": 2, "1998": 2, "1999": 4, "2000": 2, "2001": 2, "2002": 5, "2015": 2, "2016": 0, "2017": 1}, "old_citations": {"2003": 11, "1996": 5, "1997": 20, "1999": 14, "2001": 22, "1991": 0, "1994": 1}, "isVisible": false}, "telecommunication systems": {"name": "telecommunication systems", "type": "topic", "h_index": 1187, "h5_index": 277, "num_publications": 10, "num_citations": 26, "num_publications_5y": 0, "num_citations_5y": 1, "num_publications_10y": 1, "num_citations_10y": 12, "publications_years": {"2001": 2, "2009": 1, "2003": 1, "1999": 1, "1996": 1, "2004": 1, "1995": 1, "1993": 1, "1992": 1}, "citations_years": {"2013": 4, "2010": 1, "2011": 2, "2012": 2, "2008": 2, "2004": 4, "2005": 1, "2006": 1, "2007": 2, "2009": 2, "1996": 2, "1995": 1, "1997": 1, "1998": 0, "1999": 0, "2000": 0, "2001": 0, "2002": 0, "2003": 0, "2014": 1}, "old_citations": {"2001": 0, "2009": 1, "2003": 5, "1999": 1, "1996": 5, "2004": 5, "1995": 1, "1993": 7, "1992": 1}, "isVisible": false}, "linguistics": {"name": "linguistics", "type": "topic", "h_index": 867, "h5_index": 206, "num_publications": 8, "num_citations": 140, "num_publications_5y": 0, "num_citations_5y": 23, "num_publications_10y": 0, "num_citations_10y": 62, "publications_years": {"1996": 1, "1999": 2, "2003": 1, "2001": 1, "1991": 1, "1998": 1, "1997": 1}, "citations_years": {"1996": 2, "1997": 2, "1998": 3, "1999": 3, "2000": 9, "2001": 5, "2002": 9, "2003": 9, "2004": 4, "2005": 11, "2006": 9, "2007": 4, "2008": 6, "2009": 6, "2010": 6, "2011": 8, "2012": 13, "2013": 6, "2014": 9, "2015": 5, "2016": 3, "2017": 3, "2018": 3, "2019": 1, "2020": 1}, "old_citations": {"1996": 5, "1999": 14, "2003": 5, "2001": 21, "1991": 0, "1998": 77, "1997": 18}, "isVisible": false}, "database systems": {"name": "database systems", "type": "topic", "h_index": 1167, "h5_index": 276, "num_publications": 9, "num_citations": 122, "num_publications_5y": 0, "num_citations_5y": 21, "num_publications_10y": 0, "num_citations_10y": 55, "publications_years": {"1996": 1, "1997": 2, "1999": 1, "2003": 1, "1991": 1, "1998": 1, "1995": 1, "1994": 1}, "citations_years": {"1996": 4, "1997": 2, "1998": 4, "1999": 3, "2000": 9, "2001": 6, "2002": 6, "2003": 6, "2004": 3, "2005": 7, "2006": 7, "2007": 4, "2008": 4, "2009": 6, "2010": 6, "2011": 6, "2012": 12, "2013": 4, "2014": 7, "2015": 5, "2016": 3, "2017": 3, "2018": 3, "2019": 1, "2020": 1}, "old_citations": {"1996": 5, "1997": 18, "1999": 13, "2003": 5, "1991": 0, "1998": 77, "1995": 1, "1994": 3}, "isVisible": false}, "object oriented": {"name": "object oriented", "type": "topic", "h_index": 250, "h5_index": 26, "num_publications": 7, "num_citations": 100, "num_publications_5y": 0, "num_citations_5y": 23, "num_publications_10y": 0, "num_citations_10y": 47, "publications_years": {"1997": 1, "1992": 3, "1999": 2, "1998": 1}, "citations_years": {"1999": 3, "2000": 9, "2001": 4, "2002": 7, "2003": 5, "2004": 2, "2005": 4, "2006": 4, "2007": 4, "2008": 5, "2009": 5, "2010": 5, "2011": 4, "2012": 9, "2013": 1, "2014": 8, "2015": 6, "2016": 3, "2017": 3, "1991": 1, "1992": 0, "1993": 0, "1994": 0, "1995": 1, "1996": 0, "1997": 1, "1998": 1, "2018": 3, "2019": 1, "2020": 1}, "old_citations": {"1997": 2, "1992": 7, "1999": 14, "1998": 77}, "isVisible": false}, "information technology": {"name": "information technology", "type": "topic", "h_index": 696, "h5_index": 149, "num_publications": 5, "num_citations": 97, "num_publications_5y": 0, "num_citations_5y": 18, "num_publications_10y": 0, "num_citations_10y": 46, "publications_years": {"1997": 2, "1998": 1, "1995": 1, "2000": 1}, "citations_years": {"1998": 3, "1999": 2, "2000": 7, "2001": 4, "2002": 7, "2003": 3, "2004": 2, "2005": 7, "2006": 7, "2007": 4, "2008": 2, "2009": 6, "2010": 5, "2011": 4, "2012": 10, "2013": 3, "2014": 7, "2015": 3, "2016": 3, "2017": 2, "2018": 3, "2019": 1, "2020": 1, "1996": 1}, "old_citations": {"1997": 18, "1998": 77, "1995": 1, "2000": 1}, "isVisible": false}, "information management": {"name": "information management", "type": "topic", "h_index": 462, "h5_index": 109, "num_publications": 4, "num_citations": 96, "num_publications_5y": 0, "num_citations_5y": 18, "num_publications_10y": 0, "num_citations_10y": 46, "publications_years": {"1997": 2, "1998": 1, "1995": 1}, "citations_years": {"1998": 3, "1999": 2, "2000": 7, "2001": 4, "2002": 6, "2003": 3, "2004": 2, "2005": 7, "2006": 7, "2007": 4, "2008": 2, "2009": 6, "2010": 5, "2011": 4, "2012": 10, "2013": 3, "2014": 7, "2015": 3, "2016": 3, "2017": 2, "2018": 3, "2019": 1, "2020": 1, "1996": 1}, "old_citations": {"1997": 18, "1998": 77, "1995": 1}, "isVisible": false}, "computational linguistics": {"name": "computational linguistics", "type": "topic", "h_index": 668, "h5_index": 175, "num_publications": 3, "num_citations": 95, "num_publications_5y": 0, "num_citations_5y": 21, "num_publications_10y": 0, "num_citations_10y": 49, "publications_years": {"1999": 1, "2003": 1, "1998": 1}, "citations_years": {"1999": 2, "2000": 9, "2001": 4, "2002": 5, "2003": 5, "2004": 2, "2005": 4, "2006": 4, "2007": 4, "2008": 4, "2009": 5, "2010": 6, "2011": 5, "2012": 11, "2013": 1, "2014": 7, "2015": 5, "2016": 3, "2017": 3, "1998": 1, "2018": 3, "2019": 1, "2020": 1}, "old_citations": {"1999": 13, "2003": 5, "1998": 77}, "isVisible": false}, "computer software reusability": {"name": "computer software reusability", "type": "topic", "h_index": 256, "h5_index": 38, "num_publications": 3, "num_citations": 91, "num_publications_5y": 0, "num_citations_5y": 21, "num_publications_10y": 0, "num_citations_10y": 44, "publications_years": {"1999": 1, "1998": 1, "2001": 1}, "citations_years": {"1999": 2, "2000": 9, "2001": 4, "2002": 6, "2003": 5, "2004": 2, "2005": 4, "2006": 4, "2007": 4, "2008": 4, "2009": 5, "2010": 5, "2011": 3, "2012": 9, "2013": 1, "2014": 7, "2015": 5, "2016": 3, "2017": 3, "1998": 1, "2018": 3, "2019": 1, "2020": 1}, "old_citations": {"1999": 13, "1998": 77, "2001": 1}, "isVisible": false}, "modeling languages": {"name": "modeling languages", "type": "topic", "h_index": 195, "h5_index": 31, "num_publications": 2, "num_citations": 90, "num_publications_5y": 0, "num_citations_5y": 21, "num_publications_10y": 0, "num_citations_10y": 44, "publications_years": {"1999": 1, "1998": 1}, "citations_years": {"1999": 2, "2000": 9, "2001": 4, "2002": 5, "2003": 5, "2004": 2, "2005": 4, "2006": 4, "2007": 4, "2008": 4, "2009": 5, "2010": 5, "2011": 3, "2012": 9, "2013": 1, "2014": 7, "2015": 5, "2016": 3, "2017": 3, "1998": 1, "2018": 3, "2019": 1, "2020": 1}, "old_citations": {"1999": 13, "1998": 77}, "isVisible": false}, "reusability": {"name": "reusability", "type": "topic", "h_index": 130, "h5_index": 27, "num_publications": 2, "num_citations": 90, "num_publications_5y": 0, "num_citations_5y": 21, "num_publications_10y": 0, "num_citations_10y": 44, "publications_years": {"1999": 1, "1998": 1}, "citations_years": {"1999": 2, "2000": 9, "2001": 4, "2002": 5, "2003": 5, "2004": 2, "2005": 4, "2006": 4, "2007": 4, "2008": 4, "2009": 5, "2010": 5, "2011": 3, "2012": 9, "2013": 1, "2014": 7, "2015": 5, "2016": 3, "2017": 3, "1998": 1, "2018": 3, "2019": 1, "2020": 1}, "old_citations": {"1999": 13, "1998": 77}, "isVisible": false}}, "authors": {"1997039795": {"name": "jeanfrancois santucci", "type": "author", "activity": 27, "h_index": 6, "h5_index": 1, "mag_id": "1997039795", "num_publications": 2, "num_citations": 2, "num_publications_5y": 0, "num_citations_5y": 1, "num_publications_10y": 0, "num_citations_10y": 1, "publications_years": {"1997": 2}, "citations_years": {"1999": 1, "2000": 0, "2001": 0, "2002": 0, "2003": 0, "2004": 0, "2005": 0, "2006": 0, "2007": 0, "2008": 0, "2009": 0, "2010": 0, "2011": 0, "2012": 0, "2013": 0, "2014": 1}, "old_citations": {"1997": 2}, "isVisible": false}, "2022919621": {"name": "marielle delhom", "type": "author", "activity": 25, "h_index": 4, "h5_index": 0, "mag_id": "2022919621", "num_publications": 2, "num_citations": 2, "num_publications_5y": 0, "num_citations_5y": 1, "num_publications_10y": 0, "num_citations_10y": 1, "publications_years": {"1997": 2}, "citations_years": {"1999": 1, "2000": 0, "2001": 0, "2002": 0, "2003": 0, "2004": 0, "2005": 0, "2006": 0, "2007": 0, "2008": 0, "2009": 0, "2010": 0, "2011": 0, "2012": 0, "2013": 0, "2014": 1}, "old_citations": {"1997": 2}, "isVisible": false}, "2118919604": {"name": "antoine aiello", "type": "author", "activity": 25, "h_index": 6, "h5_index": 0, "mag_id": "2118919604", "num_publications": 2, "num_citations": 2, "num_publications_5y": 0, "num_citations_5y": 1, "num_publications_10y": 0, "num_citations_10y": 1, "publications_years": {"1997": 2}, "citations_years": {"1999": 1, "2000": 0, "2001": 0, "2002": 0, "2003": 0, "2004": 0, "2005": 0, "2006": 0, "2007": 0, "2008": 0, "2009": 0, "2010": 0, "2011": 0, "2012": 0, "2013": 0, "2014": 1}, "old_citations": {"1997": 2}, "isVisible": false}, "2125036519": {"name": "antonio guasch petit", "type": "author", "activity": 2, "h_index": 0, "h5_index": 0, "mag_id": "2125036519", "num_publications": 2, "num_citations": 0, "num_publications_5y": 0, "num_citations_5y": 0, "num_publications_10y": 0, "num_citations_10y": 0, "publications_years": {"1992": 1, "1991": 1}, "citations_years": {}, "old_citations": {"1992": 0, "1991": 0}, "isVisible": false}, "2563217855": {"name": "sven erik mattsson", "type": "author", "activity": 1, "h_index": 1, "h5_index": 0, "mag_id": "2563217855", "num_publications": 2, "num_citations": 1, "num_publications_5y": 0, "num_citations_5y": 0, "num_publications_10y": 0, "num_citations_10y": 0, "publications_years": {"1992": 2}, "citations_years": {"2002": 1}, "old_citations": {"1992": 1}, "isVisible": false}, "2577423206": {"name": "paulantoine bisgambiglia", "type": "author", "activity": 24, "h_index": 7, "h5_index": 1, "mag_id": "2577423206", "num_publications": 2, "num_citations": 2, "num_publications_5y": 0, "num_citations_5y": 1, "num_publications_10y": 0, "num_citations_10y": 1, "publications_years": {"1997": 2}, "citations_years": {"1999": 1, "2000": 0, "2001": 0, "2002": 0, "2003": 0, "2004": 0, "2005": 0, "2006": 0, "2007": 0, "2008": 0, "2009": 0, "2010": 0, "2011": 0, "2012": 0, "2013": 0, "2014": 1}, "old_citations": {"1997": 2}, "isVisible": false}, "809385": {"name": "gerhard hasslinger", "type": "author", "activity": 21, "h_index": 9, "h5_index": 3, "mag_id": "809385", "num_publications": 1, "num_citations": 0, "num_publications_5y": 0, "num_citations_5y": 0, "num_publications_10y": 0, "num_citations_10y": 0, "publications_years": {"2001": 1}, "citations_years": {}, "old_citations": {"2001": 0}, "isVisible": false}, "102567340": {"name": "luis m camarinhamatos", "type": "author", "activity": 28, "h_index": 30, "h5_index": 5, "mag_id": "102567340", "num_publications": 1, "num_citations": 0, "num_publications_5y": 0, "num_citations_5y": 0, "num_publications_10y": 0, "num_citations_10y": 0, "publications_years": {"1999": 1}, "citations_years": {}, "old_citations": {"1999": 0}, "isVisible": false}, "145812240": {"name": "ante munitic", "type": "author", "activity": 25, "h_index": 3, "h5_index": 0, "mag_id": "145812240", "num_publications": 1, "num_citations": 4, "num_publications_5y": 0, "num_citations_5y": 0, "num_publications_10y": 0, "num_citations_10y": 1, "publications_years": {"2003": 1}, "citations_years": {"2003": 1, "2004": 1, "2005": 0, "2006": 0, "2007": 0, "2008": 1, "2009": 0, "2010": 1}, "old_citations": {"2003": 4}, "isVisible": false}, "284557308": {"name": "n a speirs", "type": "author", "activity": 25, "h_index": 7, "h5_index": 0, "mag_id": "284557308", "num_publications": 1, "num_citations": 13, "num_publications_5y": 0, "num_citations_5y": 3, "num_publications_10y": 0, "num_citations_10y": 3, "publications_years": {"1999": 1}, "citations_years": {"1999": 1, "2000": 2, "2001": 1, "2002": 0, "2003": 3, "2004": 1, "2005": 0, "2006": 0, "2007": 0, "2008": 2, "2009": 0, "2010": 0, "2011": 0, "2012": 0, "2013": 0, "2014": 0, "2015": 2, "2016": 0, "2017": 1}, "old_citations": {"1999": 13}, "isVisible": false}, "317343192": {"name": "ramesh sankaranarayana", "type": "author", "activity": 17, "h_index": 9, "h5_index": 3, "mag_id": "317343192", "num_publications": 1, "num_citations": 11, "num_publications_5y": 0, "num_citations_5y": 1, "num_publications_10y": 0, "num_citations_10y": 4, "publications_years": {"2003": 1}, "citations_years": {"2003": 1, "2004": 0, "2005": 1, "2006": 2, "2007": 2, "2008": 1, "2009": 1, "2010": 2, "2011": 0, "2012": 0, "2013": 0, "2014": 1}, "old_citations": {"2003": 11}, "isVisible": false}, "375860696": {"name": "josko dvornik", "type": "author", "activity": 18, "h_index": 2, "h5_index": 0, "mag_id": "375860696", "num_publications": 1, "num_citations": 4, "num_publications_5y": 0, "num_citations_5y": 0, "num_publications_10y": 0, "num_citations_10y": 1, "publications_years": {"2003": 1}, "citations_years": {"2003": 1, "2004": 1, "2005": 0, "2006": 0, "2007": 0, "2008": 1, "2009": 0, "2010": 1}, "old_citations": {"2003": 4}, "isVisible": false}, "383934522": {"name": "fabrizio baiardi", "type": "author", "activity": 31, "h_index": 14, "h5_index": 2, "mag_id": "383934522", "num_publications": 1, "num_citations": 5, "num_publications_5y": 0, "num_citations_5y": 0, "num_publications_10y": 0, "num_citations_10y": 5, "publications_years": {"2003": 1}, "citations_years": {"2010": 1, "2011": 2, "2012": 2}, "old_citations": {"2003": 5}, "isVisible": false}, "424698848": {"name": "patrick burlat", "type": "author", "activity": 24, "h_index": 5, "h5_index": 1, "mag_id": "424698848", "num_publications": 1, "num_citations": 0, "num_publications_5y": 0, "num_citations_5y": 0, "num_publications_10y": 0, "num_citations_10y": 0, "publications_years": {"1997": 1}, "citations_years": {}, "old_citations": {"1997": 0}, "isVisible": false}, "1206170434": {"name": "paolo castelpietra", "type": "author", "activity": 3, "h_index": 1, "h5_index": 0, "mag_id": "1206170434", "num_publications": 1, "num_citations": 1, "num_publications_5y": 0, "num_citations_5y": 0, "num_publications_10y": 0, "num_citations_10y": 0, "publications_years": {"2001": 1}, "citations_years": {"2002": 1}, "old_citations": {"2001": 1}, "isVisible": false}, "1207806889": {"name": "x monfort", "type": "author", "activity": 1, "h_index": 0, "h5_index": 0, "mag_id": "1207806889", "num_publications": 1, "num_citations": 0, "num_publications_5y": 0, "num_citations_5y": 0, "num_publications_10y": 0, "num_citations_10y": 0, "publications_years": {"1992": 1}, "citations_years": {}, "old_citations": {"1992": 0}, "isVisible": false}, "1760735428": {"name": "kamal bechkoum", "type": "author", "activity": 3, "h_index": 3, "h5_index": 0, "mag_id": "1760735428", "num_publications": 1, "num_citations": 0, "num_publications_5y": 0, "num_citations_5y": 0, "num_publications_10y": 0, "num_citations_10y": 0, "publications_years": {"1999": 1}, "citations_years": {}, "old_citations": {"1999": 0}, "isVisible": false}, "2002531205": {"name": "luca ferrucci", "type": "author", "activity": 17, "h_index": 4, "h5_index": 1, "mag_id": "2002531205", "num_publications": 1, "num_citations": 5, "num_publications_5y": 0, "num_citations_5y": 0, "num_publications_10y": 0, "num_citations_10y": 5, "publications_years": {"2003": 1}, "citations_years": {"2010": 1, "2011": 2, "2012": 2}, "old_citations": {"2003": 5}, "isVisible": false}, "2045058881": {"name": "hans vangheluwe", "type": "author", "activity": 30, "h_index": 25, "h5_index": 7, "mag_id": "2045058881", "num_publications": 1, "num_citations": 1, "num_publications_5y": 0, "num_citations_5y": 0, "num_publications_10y": 0, "num_citations_10y": 0, "publications_years": {"1994": 1}, "citations_years": {"1999": 1}, "old_citations": {"1994": 1}, "isVisible": false}, "2086059916": {"name": "john n zigman", "type": "author", "activity": 10, "h_index": 6, "h5_index": 0, "mag_id": "2086059916", "num_publications": 1, "num_citations": 11, "num_publications_5y": 0, "num_citations_5y": 1, "num_publications_10y": 0, "num_citations_10y": 4, "publications_years": {"2003": 1}, "citations_years": {"2003": 1, "2004": 0, "2005": 1, "2006": 2, "2007": 2, "2008": 1, "2009": 1, "2010": 2, "2011": 0, "2012": 0, "2013": 0, "2014": 1}, "old_citations": {"2003": 11}, "isVisible": false}, "2096818365": {"name": "armando walter colombo", "type": "author", "activity": 26, "h_index": 17, "h5_index": 5, "mag_id": "2096818365", "num_publications": 1, "num_citations": 0, "num_publications_5y": 0, "num_citations_5y": 0, "num_publications_10y": 0, "num_citations_10y": 0, "publications_years": {"1999": 1}, "citations_years": {}, "old_citations": {"1999": 0}, "isVisible": false}, "2098348172": {"name": "nigel thomas", "type": "author", "activity": 25, "h_index": 14, "h5_index": 4, "mag_id": "2098348172", "num_publications": 1, "num_citations": 1, "num_publications_5y": 0, "num_citations_5y": 0, "num_publications_10y": 1, "num_citations_10y": 1, "publications_years": {"2009": 1}, "citations_years": {"2013": 1}, "old_citations": {"2009": 1}, "isVisible": false}, "2099194064": {"name": "marieagnes girard", "type": "author", "activity": 22, "h_index": 1, "h5_index": 1, "mag_id": "2099194064", "num_publications": 1, "num_citations": 0, "num_publications_5y": 0, "num_citations_5y": 0, "num_publications_10y": 0, "num_citations_10y": 0, "publications_years": {"1997": 1}, "citations_years": {}, "old_citations": {"1997": 0}, "isVisible": false}, "2099744706": {"name": "johannes lenhard", "type": "author", "activity": 16, "h_index": 8, "h5_index": 2, "mag_id": "2099744706", "num_publications": 1, "num_citations": 5, "num_publications_5y": 0, "num_citations_5y": 0, "num_publications_10y": 0, "num_citations_10y": 2, "publications_years": {"2004": 1}, "citations_years": {"2004": 2, "2005": 0, "2006": 1, "2007": 0, "2008": 0, "2009": 0, "2010": 0, "2011": 0, "2012": 0, "2013": 2}, "old_citations": {"2004": 5}, "isVisible": false}, "2113846178": {"name": "simonetta balsamo", "type": "author", "activity": 30, "h_index": 20, "h5_index": 3, "mag_id": "2113846178", "num_publications": 1, "num_citations": 0, "num_publications_5y": 0, "num_citations_5y": 0, "num_publications_10y": 0, "num_citations_10y": 0, "publications_years": {"1991": 1}, "citations_years": {}, "old_citations": {"1991": 0}, "isVisible": false}, "2114594441": {"name": "paulo cortez", "type": "author", "activity": 25, "h_index": 27, "h5_index": 5, "mag_id": "2114594441", "num_publications": 1, "num_citations": 3, "num_publications_5y": 0, "num_citations_5y": 0, "num_publications_10y": 0, "num_citations_10y": 0, "publications_years": {"1996": 1}, "citations_years": {"1996": 2, "1997": 1}, "old_citations": {"1996": 3}, "isVisible": false}, "2120695760": {"name": "tag gon kim", "type": "author", "activity": 31, "h_index": 18, "h5_index": 4, "mag_id": "2120695760", "num_publications": 1, "num_citations": 1, "num_publications_5y": 0, "num_citations_5y": 0, "num_publications_10y": 0, "num_citations_10y": 0, "publications_years": {"1992": 1}, "citations_years": {"1997": 1}, "old_citations": {"1992": 1}, "isVisible": false}, "2120892189": {"name": "marta simeoni", "type": "author", "activity": 22, "h_index": 13, "h5_index": 0, "mag_id": "2120892189", "num_publications": 1, "num_citations": 21, "num_publications_5y": 0, "num_citations_5y": 2, "num_publications_10y": 0, "num_citations_10y": 7, "publications_years": {"2001": 1}, "citations_years": {"2002": 3, "2003": 3, "2004": 1, "2005": 4, "2006": 2, "2007": 0, "2008": 1, "2009": 0, "2010": 0, "2011": 2, "2012": 1, "2013": 2, "2014": 2}, "old_citations": {"2001": 21}, "isVisible": false}, "2140926535": {"name": "laura ricci", "type": "author", "activity": 31, "h_index": 16, "h5_index": 10, "mag_id": "2140926535", "num_publications": 1, "num_citations": 5, "num_publications_5y": 0, "num_citations_5y": 0, "num_publications_10y": 0, "num_citations_10y": 5, "publications_years": {"2003": 1}, "citations_years": {"2010": 1, "2011": 2, "2012": 2}, "old_citations": {"2003": 5}, "isVisible": false}, "2149311024": {"name": "ali riza kaylan", "type": "author", "activity": 1, "h_index": 1, "h5_index": 0, "mag_id": "2149311024", "num_publications": 1, "num_citations": 18, "num_publications_5y": 0, "num_citations_5y": 0, "num_publications_10y": 0, "num_citations_10y": 5, "publications_years": {"1997": 1}, "citations_years": {"1998": 2, "1999": 1, "2000": 0, "2001": 1, "2002": 1, "2003": 1, "2004": 1, "2005": 3, "2006": 3, "2007": 0, "2008": 0, "2009": 1, "2010": 0, "2011": 1, "2012": 1, "2013": 2}, "old_citations": {"1997": 18}, "isVisible": false}, "2154712571": {"name": "lino costa", "type": "author", "activity": 24, "h_index": 9, "h5_index": 0, "mag_id": "2154712571", "num_publications": 1, "num_citations": 3, "num_publications_5y": 0, "num_citations_5y": 0, "num_publications_10y": 0, "num_citations_10y": 0, "publications_years": {"1996": 1}, "citations_years": {"1996": 2, "1997": 1}, "old_citations": {"1996": 3}, "isVisible": false}, "2155463703": {"name": "liming chen", "type": "author", "activity": 22, "h_index": 21, "h5_index": 7, "mag_id": "2155463703", "num_publications": 1, "num_citations": 0, "num_publications_5y": 0, "num_citations_5y": 0, "num_publications_10y": 0, "num_citations_10y": 0, "publications_years": {"1999": 1}, "citations_years": {}, "old_citations": {"1999": 0}, "isVisible": false}, "2156813763": {"name": "dominique mery", "type": "author", "activity": 21, "h_index": 16, "h5_index": 4, "mag_id": "2156813763", "num_publications": 1, "num_citations": 1, "num_publications_5y": 0, "num_citations_5y": 0, "num_publications_10y": 0, "num_citations_10y": 0, "publications_years": {"1999": 1}, "citations_years": {"2008": 1}, "old_citations": {"1999": 1}, "isVisible": false}, "2160128543": {"name": "gunter kuppers", "type": "author", "activity": 16, "h_index": 5, "h5_index": 0, "mag_id": "2160128543", "num_publications": 1, "num_citations": 5, "num_publications_5y": 0, "num_citations_5y": 0, "num_publications_10y": 0, "num_citations_10y": 2, "publications_years": {"2004": 1}, "citations_years": {"2004": 2, "2005": 0, "2006": 1, "2007": 0, "2008": 0, "2009": 0, "2010": 0, "2011": 0, "2012": 0, "2013": 2}, "old_citations": {"2004": 5}, "isVisible": false}, "2166486128": {"name": "kyou ho lee", "type": "author", "activity": 25, "h_index": 2, "h5_index": 0, "mag_id": "2166486128", "num_publications": 1, "num_citations": 1, "num_publications_5y": 0, "num_citations_5y": 0, "num_publications_10y": 0, "num_citations_10y": 0, "publications_years": {"1992": 1}, "citations_years": {"1997": 1}, "old_citations": {"1992": 1}, "isVisible": false}, "2170234546": {"name": "martin otter", "type": "author", "activity": 27, "h_index": 21, "h5_index": 3, "mag_id": "2170234546", "num_publications": 1, "num_citations": 77, "num_publications_5y": 0, "num_citations_5y": 18, "num_publications_10y": 0, "num_citations_10y": 41, "publications_years": {"1998": 1}, "citations_years": {"1998": 1, "1999": 1, "2000": 7, "2001": 3, "2002": 5, "2003": 2, "2004": 1, "2005": 4, "2006": 4, "2007": 4, "2008": 2, "2009": 5, "2010": 5, "2011": 3, "2012": 9, "2013": 1, "2014": 7, "2015": 3, "2016": 3, "2017": 2, "2018": 3, "2019": 1, "2020": 1}, "old_citations": {"1998": 77}, "isVisible": false}, "2170256453": {"name": "hilding elmqvist", "type": "author", "activity": 30, "h_index": 20, "h5_index": 2, "mag_id": "2170256453", "num_publications": 1, "num_citations": 77, "num_publications_5y": 0, "num_citations_5y": 18, "num_publications_10y": 0, "num_citations_10y": 41, "publications_years": {"1998": 1}, "citations_years": {"1998": 1, "1999": 1, "2000": 7, "2001": 3, "2002": 5, "2003": 2, "2004": 1, "2005": 4, "2006": 4, "2007": 4, "2008": 2, "2009": 5, "2010": 5, "2011": 3, "2012": 9, "2013": 1, "2014": 7, "2015": 3, "2016": 3, "2017": 2, "2018": 3, "2019": 1, "2020": 1}, "old_citations": {"1998": 77}, "isVisible": false}, "2239238652": {"name": "andrea emilio rizzoli", "type": "author", "activity": 28, "h_index": 19, "h5_index": 3, "mag_id": "2239238652", "num_publications": 1, "num_citations": 18, "num_publications_5y": 0, "num_citations_5y": 0, "num_publications_10y": 0, "num_citations_10y": 5, "publications_years": {"1997": 1}, "citations_years": {"1998": 2, "1999": 1, "2000": 0, "2001": 1, "2002": 1, "2003": 1, "2004": 1, "2005": 3, "2006": 3, "2007": 0, "2008": 0, "2009": 1, "2010": 0, "2011": 1, "2012": 1, "2013": 2}, "old_citations": {"1997": 18}, "isVisible": false}, "2277572745": {"name": "s sudati", "type": "author", "activity": 1, "h_index": 0, "h5_index": 0, "mag_id": "2277572745", "num_publications": 1, "num_citations": 0, "num_publications_5y": 0, "num_citations_5y": 0, "num_publications_10y": 0, "num_citations_10y": 0, "publications_years": {"1991": 1}, "citations_years": {}, "old_citations": {"1991": 0}, "isVisible": false}, "2278506292": {"name": "osama younes", "type": "author", "activity": 10, "h_index": 6, "h5_index": 2, "mag_id": "2278506292", "num_publications": 1, "num_citations": 1, "num_publications_5y": 0, "num_citations_5y": 0, "num_publications_10y": 1, "num_citations_10y": 1, "publications_years": {"2009": 1}, "citations_years": {"2013": 1}, "old_citations": {"2009": 1}, "isVisible": false}, "2295622617": {"name": "gianluca bontempi", "type": "author", "activity": 26, "h_index": 32, "h5_index": 5, "mag_id": "2295622617", "num_publications": 1, "num_citations": 18, "num_publications_5y": 0, "num_citations_5y": 0, "num_publications_10y": 0, "num_citations_10y": 5, "publications_years": {"1997": 1}, "citations_years": {"1998": 2, "1999": 1, "2000": 0, "2001": 1, "2002": 1, "2003": 1, "2004": 1, "2005": 3, "2006": 3, "2007": 0, "2008": 0, "2009": 1, "2010": 0, "2011": 1, "2012": 1, "2013": 2}, "old_citations": {"1997": 18}, "isVisible": false}, "2303936701": {"name": "gc vansteenkiste", "type": "author", "activity": 5, "h_index": 4, "h5_index": 0, "mag_id": "2303936701", "num_publications": 1, "num_citations": 1, "num_publications_5y": 0, "num_citations_5y": 0, "num_publications_10y": 0, "num_citations_10y": 0, "publications_years": {"1994": 1}, "citations_years": {"1999": 1}, "old_citations": {"1994": 1}, "isVisible": false}, "2305265234": {"name": "a teilans", "type": "author", "activity": 1, "h_index": 1, "h5_index": 0, "mag_id": "2305265234", "num_publications": 1, "num_citations": 1, "num_publications_5y": 0, "num_citations_5y": 0, "num_publications_10y": 0, "num_citations_10y": 0, "publications_years": {"1994": 1}, "citations_years": {"1999": 1}, "old_citations": {"1994": 1}, "isVisible": false}, "2305568262": {"name": "luca maria gambardella", "type": "author", "activity": 29, "h_index": 47, "h5_index": 5, "mag_id": "2305568262", "num_publications": 1, "num_citations": 18, "num_publications_5y": 0, "num_citations_5y": 0, "num_publications_10y": 0, "num_citations_10y": 5, "publications_years": {"1997": 1}, "citations_years": {"1998": 2, "1999": 1, "2000": 0, "2001": 1, "2002": 1, "2003": 1, "2004": 1, "2005": 3, "2006": 3, "2007": 0, "2008": 0, "2009": 1, "2010": 0, "2011": 1, "2012": 1, "2013": 2}, "old_citations": {"1997": 18}, "isVisible": false}, "2308146905": {"name": "jose manuel machado", "type": "author", "activity": 26, "h_index": 17, "h5_index": 5, "mag_id": "2308146905", "num_publications": 1, "num_citations": 3, "num_publications_5y": 0, "num_citations_5y": 0, "num_publications_10y": 0, "num_citations_10y": 0, "publications_years": {"1996": 1}, "citations_years": {"1996": 2, "1997": 1}, "old_citations": {"1996": 3}, "isVisible": false}, "2321150323": {"name": "yuri merkuryev", "type": "author", "activity": 26, "h_index": 8, "h5_index": 2, "mag_id": "2321150323", "num_publications": 1, "num_citations": 1, "num_publications_5y": 0, "num_citations_5y": 0, "num_publications_10y": 0, "num_citations_10y": 0, "publications_years": {"1994": 1}, "citations_years": {"1999": 1}, "old_citations": {"1994": 1}, "isVisible": false}, "2337660836": {"name": "l donatiello ldonatiello", "type": "author", "activity": 4, "h_index": 1, "h5_index": 0, "mag_id": "2337660836", "num_publications": 1, "num_citations": 0, "num_publications_5y": 0, "num_citations_5y": 0, "num_publications_10y": 0, "num_citations_10y": 0, "publications_years": {"1991": 1}, "citations_years": {}, "old_citations": {"1991": 0}, "isVisible": false}, "2346667691": {"name": "mats andersson", "type": "author", "activity": 1, "h_index": 1, "h5_index": 0, "mag_id": "2346667691", "num_publications": 1, "num_citations": 6, "num_publications_5y": 0, "num_citations_5y": 1, "num_publications_10y": 0, "num_citations_10y": 2, "publications_years": {"1992": 1}, "citations_years": {"1991": 1, "1992": 0, "1993": 0, "1994": 0, "1995": 1, "1996": 0, "1997": 1, "1998": 0, "1999": 0, "2000": 0, "2001": 0, "2002": 1, "2003": 0, "2004": 0, "2005": 0, "2006": 0, "2007": 0, "2008": 0, "2009": 0, "2010": 0, "2011": 1, "2012": 0, "2013": 0, "2014": 0, "2015": 1}, "old_citations": {"1992": 6}, "isVisible": false}, "2357712560": {"name": "bernt nilsson", "type": "author", "activity": 1, "h_index": 1, "h5_index": 0, "mag_id": "2357712560", "num_publications": 1, "num_citations": 3, "num_publications_5y": 0, "num_citations_5y": 0, "num_publications_10y": 0, "num_citations_10y": 0, "publications_years": {"1994": 1}, "citations_years": {"1996": 1, "1997": 0, "1998": 1, "1999": 0, "2000": 0, "2001": 1}, "old_citations": {"1994": 3}, "isVisible": false}, "2395928223": {"name": "c p jobling", "type": "author", "activity": 1, "h_index": 0, "h5_index": 0, "mag_id": "2395928223", "num_publications": 1, "num_citations": 0, "num_publications_5y": 0, "num_citations_5y": 0, "num_publications_10y": 0, "num_citations_10y": 0, "publications_years": {"1992": 1}, "citations_years": {}, "old_citations": {"1992": 0}, "isVisible": false}, "2396482497": {"name": "a bonotti", "type": "author", "activity": 4, "h_index": 2, "h5_index": 0, "mag_id": "2396482497", "num_publications": 1, "num_citations": 5, "num_publications_5y": 0, "num_citations_5y": 0, "num_publications_10y": 0, "num_citations_10y": 5, "publications_years": {"2003": 1}, "citations_years": {"2010": 1, "2011": 2, "2012": 2}, "old_citations": {"2003": 5}, "isVisible": false}, "2402466148": {"name": "s mclaughlin", "type": "author", "activity": 30, "h_index": 25, "h5_index": 5, "mag_id": "2402466148", "num_publications": 1, "num_citations": 5, "num_publications_5y": 0, "num_citations_5y": 0, "num_publications_10y": 0, "num_citations_10y": 1, "publications_years": {"1996": 1}, "citations_years": {"2004": 1, "2005": 1, "2006": 0, "2007": 1, "2008": 1, "2009": 1}, "old_citations": {"1996": 5}, "isVisible": false}, "2422453506": {"name": "axel lehmann", "type": "author", "activity": 2, "h_index": 2, "h5_index": 0, "mag_id": "2422453506", "num_publications": 1, "num_citations": 18, "num_publications_5y": 0, "num_citations_5y": 0, "num_publications_10y": 0, "num_citations_10y": 5, "publications_years": {"1997": 1}, "citations_years": {"1998": 2, "1999": 1, "2000": 0, "2001": 1, "2002": 1, "2003": 1, "2004": 1, "2005": 3, "2006": 3, "2007": 0, "2008": 0, "2009": 1, "2010": 0, "2011": 1, "2012": 1, "2013": 2}, "old_citations": {"1997": 18}, "isVisible": false}, "2424963654": {"name": "jeanpaul gibson", "type": "author", "activity": 3, "h_index": 1, "h5_index": 0, "mag_id": "2424963654", "num_publications": 1, "num_citations": 1, "num_publications_5y": 0, "num_citations_5y": 0, "num_publications_10y": 0, "num_citations_10y": 0, "publications_years": {"1999": 1}, "citations_years": {"2008": 1}, "old_citations": {"1999": 1}, "isVisible": false}, "2462306638": {"name": "markus fiedler", "type": "author", "activity": 22, "h_index": 18, "h5_index": 4, "mag_id": "2462306638", "num_publications": 1, "num_citations": 0, "num_publications_5y": 0, "num_citations_5y": 0, "num_publications_10y": 0, "num_citations_10y": 0, "publications_years": {"2001": 1}, "citations_years": {}, "old_citations": {"2001": 0}, "isVisible": false}, "2509948269": {"name": "elvezia maria cepolina", "type": "author", "activity": 1, "h_index": 0, "h5_index": 0, "mag_id": "2509948269", "num_publications": 1, "num_citations": 0, "num_publications_5y": 0, "num_citations_5y": 0, "num_publications_10y": 0, "num_citations_10y": 0, "publications_years": {"2001": 1}, "citations_years": {}, "old_citations": {"2001": 0}, "isVisible": false}, "2521033716": {"name": "r govaert", "type": "author", "activity": 1, "h_index": 0, "h5_index": 0, "mag_id": "2521033716", "num_publications": 1, "num_citations": 0, "num_publications_5y": 0, "num_citations_5y": 0, "num_publications_10y": 0, "num_citations_10y": 0, "publications_years": {"2001": 1}, "citations_years": {}, "old_citations": {"2001": 0}, "isVisible": false}, "2559613567": {"name": "j martens", "type": "author", "activity": 9, "h_index": 4, "h5_index": 0, "mag_id": "2559613567", "num_publications": 1, "num_citations": 0, "num_publications_5y": 0, "num_citations_5y": 0, "num_publications_10y": 0, "num_citations_10y": 0, "publications_years": {"2001": 1}, "citations_years": {}, "old_citations": {"2001": 0}, "isVisible": false}, "2568267441": {"name": "jose neves", "type": "author", "activity": 30, "h_index": 23, "h5_index": 5, "mag_id": "2568267441", "num_publications": 1, "num_citations": 3, "num_publications_5y": 0, "num_citations_5y": 0, "num_publications_10y": 0, "num_citations_10y": 0, "publications_years": {"1996": 1}, "citations_years": {"1996": 2, "1997": 1}, "old_citations": {"1996": 3}, "isVisible": false}, "2584557800": {"name": "visipkov", "type": "author", "activity": 1, "h_index": 1, "h5_index": 0, "mag_id": "2584557800", "num_publications": 1, "num_citations": 1, "num_publications_5y": 0, "num_citations_5y": 0, "num_publications_10y": 0, "num_citations_10y": 0, "publications_years": {"1994": 1}, "citations_years": {"1999": 1}, "old_citations": {"1994": 1}, "isVisible": false}, "2584579578": {"name": "g merkuryeva", "type": "author", "activity": 1, "h_index": 1, "h5_index": 0, "mag_id": "2584579578", "num_publications": 1, "num_citations": 1, "num_publications_5y": 0, "num_citations_5y": 0, "num_publications_10y": 0, "num_citations_10y": 0, "publications_years": {"1994": 1}, "citations_years": {"1999": 1}, "old_citations": {"1994": 1}, "isVisible": false}, "2609073429": {"name": "yeqiong song", "type": "author", "activity": 24, "h_index": 16, "h5_index": 3, "mag_id": "2609073429", "num_publications": 1, "num_citations": 1, "num_publications_5y": 0, "num_citations_5y": 0, "num_publications_10y": 0, "num_citations_10y": 0, "publications_years": {"2001": 1}, "citations_years": {"2002": 1}, "old_citations": {"2001": 1}, "isVisible": false}, "2616800130": {"name": "maria simonetta balsamo", "type": "author", "activity": 17, "h_index": 6, "h5_index": 0, "mag_id": "2616800130", "num_publications": 1, "num_citations": 21, "num_publications_5y": 0, "num_citations_5y": 2, "num_publications_10y": 0, "num_citations_10y": 7, "publications_years": {"2001": 1}, "citations_years": {"2002": 3, "2003": 3, "2004": 1, "2005": 4, "2006": 2, "2007": 0, "2008": 1, "2009": 0, "2010": 0, "2011": 2, "2012": 1, "2013": 2, "2014": 2}, "old_citations": {"2001": 21}, "isVisible": false}, "2628254065": {"name": "sven erik mattsson", "type": "author", "activity": 28, "h_index": 14, "h5_index": 1, "mag_id": "2628254065", "num_publications": 1, "num_citations": 77, "num_publications_5y": 0, "num_citations_5y": 18, "num_publications_10y": 0, "num_citations_10y": 41, "publications_years": {"1998": 1}, "citations_years": {"1998": 1, "1999": 1, "2000": 7, "2001": 3, "2002": 5, "2003": 2, "2004": 1, "2005": 4, "2006": 4, "2007": 4, "2008": 2, "2009": 5, "2010": 5, "2011": 3, "2012": 9, "2013": 1, "2014": 7, "2015": 3, "2016": 3, "2017": 2, "2018": 3, "2019": 1, "2020": 1}, "old_citations": {"1998": 77}, "isVisible": false}, "2635667293": {"name": "e t peytchev", "type": "author", "activity": 1, "h_index": 1, "h5_index": 0, "mag_id": "2635667293", "num_publications": 1, "num_citations": 1, "num_publications_5y": 0, "num_citations_5y": 0, "num_publications_10y": 0, "num_citations_10y": 0, "publications_years": {"1995": 1}, "citations_years": {"1996": 1}, "old_citations": {"1995": 1}, "isVisible": false}, "2643839985": {"name": "marijo orsulic", "type": "author", "activity": 2, "h_index": 2, "h5_index": 0, "mag_id": "2643839985", "num_publications": 1, "num_citations": 4, "num_publications_5y": 0, "num_citations_5y": 0, "num_publications_10y": 0, "num_citations_10y": 1, "publications_years": {"2003": 1}, "citations_years": {"2003": 1, "2004": 1, "2005": 0, "2006": 0, "2007": 0, "2008": 1, "2009": 0, "2010": 1}, "old_citations": {"2003": 4}, "isVisible": false}, "2660189979": {"name": "r reiner", "type": "author", "activity": 1, "h_index": 1, "h5_index": 0, "mag_id": "2660189979", "num_publications": 1, "num_citations": 7, "num_publications_5y": 0, "num_citations_5y": 1, "num_publications_10y": 0, "num_citations_10y": 3, "publications_years": {"1993": 1}, "citations_years": {"1995": 1, "1996": 1, "1997": 0, "1998": 0, "1999": 0, "2000": 0, "2001": 0, "2002": 0, "2003": 0, "2004": 1, "2005": 0, "2006": 0, "2007": 1, "2008": 0, "2009": 1, "2010": 0, "2011": 0, "2012": 0, "2013": 1, "2014": 1}, "old_citations": {"1993": 7}, "isVisible": false}, "2685893687": {"name": "kasper osterbye", "type": "author", "activity": 1, "h_index": 1, "h5_index": 0, "mag_id": "2685893687", "num_publications": 1, "num_citations": 3, "num_publications_5y": 0, "num_citations_5y": 1, "num_publications_10y": 0, "num_citations_10y": 1, "publications_years": {"1990": 1}, "citations_years": {"1994": 1, "1995": 0, "1996": 0, "1997": 0, "1998": 1, "1999": 0, "2000": 0, "2001": 0, "2002": 0, "2003": 0, "2004": 0, "2005": 0, "2006": 0, "2007": 0, "2008": 0, "2009": 0, "2010": 0, "2011": 0, "2012": 0, "2013": 0, "2014": 1}, "old_citations": {"1990": 3}, "isVisible": false}, "2698363282": {"name": "w weidlich", "type": "author", "activity": 1, "h_index": 1, "h5_index": 0, "mag_id": "2698363282", "num_publications": 1, "num_citations": 7, "num_publications_5y": 0, "num_citations_5y": 1, "num_publications_10y": 0, "num_citations_10y": 3, "publications_years": {"1993": 1}, "citations_years": {"1995": 1, "1996": 1, "1997": 0, "1998": 0, "1999": 0, "2000": 0, "2001": 0, "2002": 0, "2003": 0, "2004": 1, "2005": 0, "2006": 0, "2007": 1, "2008": 0, "2009": 1, "2010": 0, "2011": 0, "2012": 0, "2013": 1, "2014": 1}, "old_citations": {"1993": 7}, "isVisible": false}, "2708613112": {"name": "a dussauchoy", "type": "author", "activity": 2, "h_index": 1, "h5_index": 0, "mag_id": "2708613112", "num_publications": 1, "num_citations": 0, "num_publications_5y": 0, "num_citations_5y": 0, "num_publications_10y": 0, "num_citations_10y": 0, "publications_years": {"1993": 1}, "citations_years": {}, "old_citations": {"1993": 0}, "isVisible": false}, "2717595247": {"name": "yassine mokhtari", "type": "author", "activity": 3, "h_index": 1, "h5_index": 0, "mag_id": "2717595247", "num_publications": 1, "num_citations": 1, "num_publications_5y": 0, "num_citations_5y": 0, "num_publications_10y": 0, "num_citations_10y": 0, "publications_years": {"1999": 1}, "citations_years": {"2008": 1}, "old_citations": {"1999": 1}, "isVisible": false}, "2718204629": {"name": "ferdinand put", "type": "author", "activity": 1, "h_index": 0, "h5_index": 0, "mag_id": "2718204629", "num_publications": 1, "num_citations": 0, "num_publications_5y": 0, "num_citations_5y": 0, "num_publications_10y": 0, "num_citations_10y": 0, "publications_years": {"2001": 1}, "citations_years": {}, "old_citations": {"2001": 0}, "isVisible": false}, "2722717861": {"name": "a bargiela", "type": "author", "activity": 1, "h_index": 1, "h5_index": 0, "mag_id": "2722717861", "num_publications": 1, "num_citations": 1, "num_publications_5y": 0, "num_citations_5y": 0, "num_publications_10y": 0, "num_citations_10y": 0, "publications_years": {"1995": 1}, "citations_years": {"1996": 1}, "old_citations": {"1995": 1}, "isVisible": false}, "2723618741": {"name": "m hilliges", "type": "author", "activity": 1, "h_index": 1, "h5_index": 0, "mag_id": "2723618741", "num_publications": 1, "num_citations": 7, "num_publications_5y": 0, "num_citations_5y": 1, "num_publications_10y": 0, "num_citations_10y": 3, "publications_years": {"1993": 1}, "citations_years": {"1995": 1, "1996": 1, "1997": 0, "1998": 0, "1999": 0, "2000": 0, "2001": 0, "2002": 0, "2003": 0, "2004": 1, "2005": 0, "2006": 0, "2007": 1, "2008": 0, "2009": 1, "2010": 0, "2011": 0, "2012": 0, "2013": 1, "2014": 1}, "old_citations": {"1993": 7}, "isVisible": false}, "2738742863": {"name": "maja krcum", "type": "author", "activity": 1, "h_index": 1, "h5_index": 0, "mag_id": "2738742863", "num_publications": 1, "num_citations": 4, "num_publications_5y": 0, "num_citations_5y": 0, "num_publications_10y": 0, "num_citations_10y": 1, "publications_years": {"2003": 1}, "citations_years": {"2003": 1, "2004": 1, "2005": 0, "2006": 0, "2007": 0, "2008": 1, "2009": 0, "2010": 1}, "old_citations": {"2003": 4}, "isVisible": false}, "2788545715": {"name": "f buonarroti", "type": "author", "activity": 1, "h_index": 1, "h5_index": 0, "mag_id": "2788545715", "num_publications": 1, "num_citations": 5, "num_publications_5y": 0, "num_citations_5y": 0, "num_publications_10y": 0, "num_citations_10y": 5, "publications_years": {"2003": 1}, "citations_years": {"2010": 1, "2011": 2, "2012": 2}, "old_citations": {"2003": 5}, "isVisible": false}, "2791149516": {"name": "won h lee", "type": "author", "activity": 1, "h_index": 1, "h5_index": 0, "mag_id": "2791149516", "num_publications": 1, "num_citations": 1, "num_publications_5y": 0, "num_citations_5y": 0, "num_publications_10y": 0, "num_citations_10y": 0, "publications_years": {"1992": 1}, "citations_years": {"1997": 1}, "old_citations": {"1992": 1}, "isVisible": false}, "2797960791": {"name": "hendrik van landeghem", "type": "author", "activity": 1, "h_index": 1, "h5_index": 0, "mag_id": "2797960791", "num_publications": 1, "num_citations": 1, "num_publications_5y": 0, "num_citations_5y": 0, "num_publications_10y": 0, "num_citations_10y": 0, "publications_years": {"2000": 1}, "citations_years": {"2002": 1}, "old_citations": {"2000": 1}, "isVisible": false}, "2802616343": {"name": "mondher attia", "type": "author", "activity": 1, "h_index": 1, "h5_index": 0, "mag_id": "2802616343", "num_publications": 1, "num_citations": 1, "num_publications_5y": 0, "num_citations_5y": 0, "num_publications_10y": 0, "num_citations_10y": 0, "publications_years": {"2001": 1}, "citations_years": {"2002": 1}, "old_citations": {"2001": 1}, "isVisible": false}, "2803395358": {"name": "l p m benders", "type": "author", "activity": 1, "h_index": 0, "h5_index": 0, "mag_id": "2803395358", "num_publications": 1, "num_citations": 0, "num_publications_5y": 0, "num_citations_5y": 0, "num_publications_10y": 0, "num_citations_10y": 0, "publications_years": {"1995": 1}, "citations_years": {}, "old_citations": {"1995": 0}, "isVisible": false}, "2808664690": {"name": "w elkilani", "type": "author", "activity": 1, "h_index": 1, "h5_index": 0, "mag_id": "2808664690", "num_publications": 1, "num_citations": 1, "num_publications_5y": 0, "num_citations_5y": 0, "num_publications_10y": 1, "num_citations_10y": 1, "publications_years": {"2009": 1}, "citations_years": {"2013": 1}, "old_citations": {"2009": 1}, "isVisible": false}, "2915518077": {"name": "yacine ouzrout", "type": "author", "activity": 1, "h_index": 0, "h5_index": 0, "mag_id": "2915518077", "num_publications": 1, "num_citations": 0, "num_publications_5y": 0, "num_citations_5y": 0, "num_publications_10y": 0, "num_citations_10y": 0, "publications_years": {"1997": 1}, "citations_years": {}, "old_citations": {"1997": 0}, "isVisible": false}, "2942350017": {"name": "francoise simonotlion", "type": "author", "activity": 1, "h_index": 1, "h5_index": 0, "mag_id": "2942350017", "num_publications": 1, "num_citations": 1, "num_publications_5y": 0, "num_citations_5y": 0, "num_publications_10y": 0, "num_citations_10y": 0, "publications_years": {"2001": 1}, "citations_years": {"2002": 1}, "old_citations": {"2001": 1}, "isVisible": false}, "2966362023": {"name": "g r van hauwermeiren", "type": "author", "activity": 1, "h_index": 1, "h5_index": 0, "mag_id": "2966362023", "num_publications": 1, "num_citations": 1, "num_publications_5y": 0, "num_citations_5y": 0, "num_publications_10y": 0, "num_citations_10y": 0, "publications_years": {"1990": 1}, "citations_years": {"1991": 1}, "old_citations": {"1990": 1}, "isVisible": false}, "2971305841": {"name": "jose antonio barata oliveira", "type": "author", "activity": 1, "h_index": 0, "h5_index": 0, "mag_id": "2971305841", "num_publications": 1, "num_citations": 0, "num_publications_5y": 0, "num_citations_5y": 0, "num_publications_10y": 0, "num_citations_10y": 0, "publications_years": {"1999": 1}, "citations_years": {}, "old_citations": {"1999": 0}, "isVisible": false}, "2973568450": {"name": "stephen bates", "type": "author", "activity": 1, "h_index": 1, "h5_index": 0, "mag_id": "2973568450", "num_publications": 1, "num_citations": 5, "num_publications_5y": 0, "num_citations_5y": 0, "num_publications_10y": 0, "num_citations_10y": 1, "publications_years": {"1996": 1}, "citations_years": {"2004": 1, "2005": 1, "2006": 0, "2007": 1, "2008": 1, "2009": 1}, "old_citations": {"1996": 5}, "isVisible": false}, "2973954484": {"name": "janerik stromberg", "type": "author", "activity": 3, "h_index": 0, "h5_index": 0, "mag_id": "2973954484", "num_publications": 1, "num_citations": 0, "num_publications_5y": 0, "num_citations_5y": 0, "num_publications_10y": 0, "num_citations_10y": 0, "publications_years": {"1994": 1}, "citations_years": {}, "old_citations": {"1994": 0}, "isVisible": false}, "2974103515": {"name": "leonardus arief", "type": "author", "activity": 1, "h_index": 1, "h5_index": 0, "mag_id": "2974103515", "num_publications": 1, "num_citations": 13, "num_publications_5y": 0, "num_citations_5y": 3, "num_publications_10y": 0, "num_citations_10y": 3, "publications_years": {"1999": 1}, "citations_years": {"1999": 1, "2000": 2, "2001": 1, "2002": 0, "2003": 3, "2004": 1, "2005": 0, "2006": 0, "2007": 0, "2008": 2, "2009": 0, "2010": 0, "2011": 0, "2012": 0, "2013": 0, "2014": 0, "2015": 2, "2016": 0, "2017": 1}, "old_citations": {"1999": 13}, "isVisible": false}, "2974452669": {"name": "krister forsman", "type": "author", "activity": 3, "h_index": 1, "h5_index": 0, "mag_id": "2974452669", "num_publications": 1, "num_citations": 0, "num_publications_5y": 0, "num_citations_5y": 0, "num_publications_10y": 0, "num_citations_10y": 0, "publications_years": {"1994": 1}, "citations_years": {}, "old_citations": {"1994": 0}, "isVisible": false}, "2974909149": {"name": "anders stenman", "type": "author", "activity": 2, "h_index": 1, "h5_index": 0, "mag_id": "2974909149", "num_publications": 1, "num_citations": 0, "num_publications_5y": 0, "num_citations_5y": 0, "num_publications_10y": 0, "num_citations_10y": 0, "publications_years": {"1994": 1}, "citations_years": {}, "old_citations": {"1994": 0}, "isVisible": false}, "2986462343": {"name": "p mori", "type": "author", "activity": 1, "h_index": 1, "h5_index": 0, "mag_id": "2986462343", "num_publications": 1, "num_citations": 5, "num_publications_5y": 0, "num_citations_5y": 0, "num_publications_10y": 0, "num_citations_10y": 5, "publications_years": {"2003": 1}, "citations_years": {"2010": 1, "2011": 2, "2012": 2}, "old_citations": {"2003": 5}, "isVisible": false}, "2986470016": {"name": "henri pierreval", "type": "author", "activity": 1, "h_index": 0, "h5_index": 0, "mag_id": "2986470016", "num_publications": 1, "num_citations": 0, "num_publications_5y": 0, "num_citations_5y": 0, "num_publications_10y": 0, "num_citations_10y": 0, "publications_years": {"1993": 1}, "citations_years": {}, "old_citations": {"1993": 0}, "isVisible": false}, "2986524643": {"name": "m rakotomalala", "type": "author", "activity": 1, "h_index": 0, "h5_index": 0, "mag_id": "2986524643", "num_publications": 1, "num_citations": 0, "num_publications_5y": 0, "num_citations_5y": 0, "num_publications_10y": 0, "num_citations_10y": 0, "publications_years": {"1993": 1}, "citations_years": {}, "old_citations": {"1993": 0}, "isVisible": false}, "2988974133": {"name": "jarle hulaas", "type": "author", "activity": 1, "h_index": 1, "h5_index": 0, "mag_id": "2988974133", "num_publications": 1, "num_citations": 5, "num_publications_5y": 0, "num_citations_5y": 0, "num_publications_10y": 0, "num_citations_10y": 1, "publications_years": {"1996": 1}, "citations_years": {"1996": 2, "1997": 2, "1998": 0, "1999": 0, "2000": 0, "2001": 0, "2002": 0, "2003": 0, "2004": 0, "2005": 0, "2006": 0, "2007": 0, "2008": 0, "2009": 0, "2010": 0, "2011": 0, "2012": 0, "2013": 1}, "old_citations": {"1996": 5}, "isVisible": false}, "2991386115": {"name": "ronny blomme", "type": "author", "activity": 1, "h_index": 1, "h5_index": 0, "mag_id": "2991386115", "num_publications": 1, "num_citations": 1, "num_publications_5y": 0, "num_citations_5y": 0, "num_publications_10y": 0, "num_citations_10y": 0, "publications_years": {"1990": 1}, "citations_years": {"1991": 1}, "old_citations": {"1990": 1}, "isVisible": false}}, "countries": {"Australia": {"name": "Australia", "type": "country", "h5_index": 141, "num_publications": 1, "num_citations": 11, "num_publications_5y": 0, "num_citations_5y": 1, "num_publications_10y": 0, "num_citations_10y": 4, "publications_years": {"2003": 1}, "citations_years": {"2003": 1, "2004": 0, "2005": 1, "2006": 2, "2007": 2, "2008": 1, "2009": 1, "2010": 2, "2011": 0, "2012": 0, "2013": 0, "2014": 1}, "old_citations": {"2003": 11}, "isVisible": false}, "Italy": {"name": "Italy", "type": "country", "h5_index": 94, "num_publications": 1, "num_citations": 21, "num_publications_5y": 0, "num_citations_5y": 2, "num_publications_10y": 0, "num_citations_10y": 7, "publications_years": {"2001": 1}, "citations_years": {"2002": 3, "2003": 3, "2004": 1, "2005": 4, "2006": 2, "2007": 0, "2008": 1, "2009": 0, "2010": 0, "2011": 2, "2012": 1, "2013": 2, "2014": 2}, "old_citations": {"2001": 21}, "isVisible": false}, "Switzerland": {"name": "Switzerland", "type": "country", "h5_index": 102, "num_publications": 1, "num_citations": 18, "num_publications_5y": 0, "num_citations_5y": 0, "num_publications_10y": 0, "num_citations_10y": 5, "publications_years": {"1997": 1}, "citations_years": {"1998": 2, "1999": 1, "2000": 0, "2001": 1, "2002": 1, "2003": 1, "2004": 1, "2005": 3, "2006": 3, "2007": 0, "2008": 0, "2009": 1, "2010": 0, "2011": 1, "2012": 1, "2013": 2}, "old_citations": {"1997": 18}, "isVisible": false}, "United Kingdom": {"name": "United Kingdom", "type": "country", "h5_index": 172, "num_publications": 1, "num_citations": 1, "num_publications_5y": 0, "num_citations_5y": 0, "num_publications_10y": 1, "num_citations_10y": 1, "publications_years": {"2009": 1}, "citations_years": {"2013": 1}, "old_citations": {"2009": 1}, "isVisible": false}}}, "conference_comparison": {"computer science": {}}, "topics_dna": {"publications": {}, "citations": {"normalized": {}, "average": {}}}, "info": {"num_publications": 39, "num_citations": 197.0, "impact_factor": {"1992": 0.0, "1993": 0.0, "1994": 0.0, "1995": 0.2, "1996": 0.4, "1997": 0.6, "1998": 0.2857142857142857, "1999": 0.6, "2000": 1.8, "2001": 0.2, "2002": 0.8333333333333334, "2003": 0.6, "2004": 0.3333333333333333, "2005": 0.25, "2006": 1.0, "2007": 0, "2008": 0, "2009": 0}, "publications_years": {"1992": 5, "2001": 5, "1997": 4, "1999": 4, "1994": 3, "1996": 3, "2003": 3, "1990": 2, "1991": 2, "1993": 2, "1995": 2, "1998": 1, "2000": 1, "2004": 1, "2009": 1}, "citations_years": {"1991": 2, "1992": 0, "1993": 0, "1994": 1, "1995": 2, "1996": 7, "1997": 5, "1998": 5, "1999": 5, "2000": 9, "2001": 6, "2002": 13, "2003": 11, "2004": 9, "2005": 13, "2006": 12, "2007": 8, "2008": 9, "2009": 9, "2010": 9, "2011": 9, "2012": 13, "2013": 10, "2014": 13, "2015": 6, "2016": 3, "2017": 3, "2018": 3, "2019": 1, "2020": 1}, "old_citations": {"1992": 8, "2001": 22, "1997": 20, "1999": 14, "1994": 4, "1996": 13, "2003": 20, "1990": 4, "1991": 0, "1993": 7, "1995": 1, "1998": 77, "2000": 1, "2004": 5, "2009": 1}, "h5_index": 0}, "percentile": {"computer science": {"1992": 92, "2001": 84, "1997": 89, "1999": 86, "1994": 89, "1996": 90, "2003": 83, "1990": 93, "1991": 20, "1993": 92, "1995": 88, "1998": 99, "2000": 82, "2004": 79, "2009": 55}}, "conference_ranking": {"computer science": {"1992": 319, "2001": 653, "1997": 433, "1999": 560, "1994": 446, "1996": 397, "2003": 693, "1990": 268, "1991": 3414, "1993": 312, "1995": 507, "1998": 37, "2000": 730, "2004": 871, "2009": 1896}}, "academia": {"num_publications": 3, "num_citations": 33, "publications_years": {"2001": 1, "2002": 0, "2003": 1, "2004": 0, "2005": 0, "2006": 0, "2007": 0, "2008": 0, "2009": 1}, "old_citations": {"2001": 21, "2002": 0, "2003": 11, "2004": 0, "2005": 0, "2006": 0, "2007": 0, "2008": 0, "2009": 1}, "num_publications_5y": 0, "num_citations_5y": 0, "num_publications_10y": 0, "num_citations_10y": 0}, "industry": {"num_publications": 0, "num_citations": 0, "publications_years": {}, "old_citations": {}, "num_publications_5y": 0, "num_citations_5y": 0, "num_publications_10y": 0, "num_citations_10y": 0}, "collaborative": {"num_publications": 0, "num_citations": 0, "publications_years": {}, "old_citations": {}, "num_publications_5y": 0, "num_citations_5y": 0, "num_publications_10y": 0, "num_citations_10y": 0}, "conferences": {}, "journals": {}, "organizations": {"publication_overall": ["Australian National University", "Ca Foscari University of Venice", "Dalle Molle Institute for Artificial Intelligence Research", "Newcastle University"], "citation_overall": ["Ca Foscari University of Venice", "Dalle Molle Institute for Artificial Intelligence Research", "Australian National University", "Newcastle University"], "publication_10_years": [], "citation_10_years": [], "publication_5_years": [], "citation_5_years": []}, "countries": {"publication_overall": ["Australia", "Italy", "Switzerland", "United Kingdom"], "citation_overall": ["Italy", "Switzerland", "Australia", "United Kingdom"], "publication_10_years": [], "citation_10_years": [], "publication_5_years": [], "citation_5_years": []}, "topics": {"publication_overall": ["computer science", "computer systems", "engineering", "computer programming", "mathematics", "artificial intelligence", "computer networks", "software engineering", "theoretical computer science", "object oriented programming", "computer hardware", "graph theory", "hierarchical system", "petri nets", "software design", "automation", "computer programming languages", "hierarchical model", "software architecture", "telecommunication systems"], "citation_overall": ["computer science", "computer systems", "computer programming", "software engineering", "computer programming languages", "software design", "engineering", "object oriented programming", "linguistics", "database systems", "mathematics", "object oriented", "information technology", "information management", "computational linguistics", "computer software reusability", "modeling languages", "reusability", "automation", "computer hardware"], "publication_10_years": [], "citation_10_years": [], "publication_5_years": [], "citation_5_years": []}, "main_topics": ["computer science"], "authors": {"publication_overall": ["1997039795", "2022919621", "2118919604", "2125036519", "2563217855", "2577423206", "809385", "102567340", "145812240", "284557308", "317343192", "375860696", "383934522", "424698848", "1206170434", "1207806889", "1760735428", "2002531205", "2045058881", "2086059916", "2096818365", "2098348172", "2099194064", "2099744706", "2113846178", "2114594441", "2120695760", "2120892189", "2140926535", "2149311024", "2154712571", "2155463703", "2156813763", "2160128543", "2166486128", "2170234546", "2170256453", "2239238652", "2277572745", "2278506292", "2295622617", "2303936701", "2305265234", "2305568262", "2308146905", "2321150323", "2337660836", "2346667691", "2357712560", "2395928223", "2396482497", "2402466148", "2422453506", "2424963654", "2462306638", "2509948269", "2521033716", "2559613567", "2568267441", "2584557800", "2584579578", "2609073429", "2616800130", "2628254065", "2635667293", "2643839985", "2660189979", "2685893687", "2698363282", "2708613112", "2717595247", "2718204629", "2722717861", "2723618741", "2738742863", "2788545715", "2791149516", "2797960791", "2802616343", "2803395358", "2808664690", "2915518077", "2942350017", "2966362023", "2971305841", "2973568450", "2973954484", "2974103515", "2974452669", "2974909149", "2986462343", "2986470016", "2986524643", "2988974133", "2991386115"], "citation_overall": ["2170234546", "2170256453", "2628254065", "2120892189", "2616800130", "2149311024", "2239238652", "2295622617", "2305568262", "2422453506", "284557308", "2974103515", "317343192", "2086059916", "2660189979", "2698363282", "2723618741", "2346667691", "383934522", "2002531205", "2099744706", "2140926535", "2160128543", "2396482497", "2402466148", "2788545715", "2973568450", "2986462343", "2988974133", "145812240", "375860696", "2643839985", "2738742863", "2114594441", "2154712571", "2308146905", "2357712560", "2568267441", "2685893687", "1997039795", "2022919621", "2118919604", "2577423206", "1206170434", "2045058881", "2098348172", "2120695760", "2156813763", "2166486128", "2278506292", "2303936701", "2305265234", "2321150323", "2424963654", "2563217855", "2584557800", "2584579578", "2609073429", "2635667293", "2717595247", "2722717861", "2791149516", "2797960791", "2802616343", "2808664690", "2942350017", "2966362023", "2991386115", "809385", "102567340", "424698848", "1207806889", "1760735428", "2096818365", "2099194064", "2113846178", "2125036519", "2155463703", "2277572745", "2337660836", "2395928223", "2462306638", "2509948269", "2521033716", "2559613567", "2708613112", "2718204629", "2803395358", "2915518077", "2971305841", "2973954484", "2974452669", "2974909149", "2986470016", "2986524643"], "publication_10_years": [], "citation_10_years": [], "publication_5_years": [], "citation_5_years": []}, "industrial_sectors": {"publication_overall": [], "citation_overall": [], "publication_10_years": [], "citation_10_years": [], "publication_5_years": [], "citation_5_years": []}}