{"name": "IEEE PhotonicsGlobal", "acronym": "PhotonicsGlobal", "type": "conference", "uniqueEntities": {"organizations": {"Nanyang Technological University": {"name": "Nanyang Technological University", "type": "organization", "organization_type": "Education", "h_index": 200, "h5_index": 78, "num_publications": 3, "num_citations": 7, "num_publications_5y": 0, "num_citations_5y": 4, "num_publications_10y": 0, "num_citations_10y": 5, "publications_years": {"2008": 3}, "citations_years": {"2015": 1, "2016": 0, "2017": 0, "2018": 3, "2019": 2, "2010": 1}, "old_citations": {"2008": 7}, "isVisible": false}, "Korea Advanced Institute of Science and Technology": {"name": "Korea Advanced Institute of Science and Technology", "type": "organization", "organization_type": "Education", "h_index": 154, "h5_index": 47, "num_publications": 2, "num_citations": 23, "num_publications_5y": 0, "num_citations_5y": 8, "num_publications_10y": 0, "num_citations_10y": 22, "publications_years": {"2008": 2}, "citations_years": {"2009": 1, "2010": 2, "2011": 3, "2012": 5, "2013": 3, "2014": 2, "2015": 2, "2016": 2, "2017": 1, "2018": 1, "2019": 1}, "old_citations": {"2008": 23}, "isVisible": false}, "National Chiao Tung University": {"name": "National Chiao Tung University", "type": "organization", "organization_type": "Education", "h_index": 130, "h5_index": 31, "num_publications": 2, "num_citations": 0, "num_publications_5y": 0, "num_citations_5y": 0, "num_publications_10y": 0, "num_citations_10y": 0, "publications_years": {"2008": 2}, "citations_years": {}, "old_citations": {"2008": 0}, "isVisible": false}, "Osaka University": {"name": "Osaka University", "type": "organization", "organization_type": "Education", "h_index": 100, "h5_index": 31, "num_publications": 2, "num_citations": 1, "num_publications_5y": 0, "num_citations_5y": 0, "num_publications_10y": 0, "num_citations_10y": 1, "publications_years": {"2008": 2}, "citations_years": {"2012": 1}, "old_citations": {"2008": 1}, "isVisible": false}, "Peking University": {"name": "Peking University", "type": "organization", "organization_type": "Education", "h_index": 142, "h5_index": 78, "num_publications": 2, "num_citations": 1, "num_publications_5y": 0, "num_citations_5y": 0, "num_publications_10y": 0, "num_citations_10y": 1, "publications_years": {"2008": 2}, "citations_years": {"2011": 1}, "old_citations": {"2008": 1}, "isVisible": false}, "Princeton University": {"name": "Princeton University", "type": "organization", "organization_type": "Education", "h_index": 310, "h5_index": 74, "num_publications": 2, "num_citations": 6, "num_publications_5y": 0, "num_citations_5y": 0, "num_publications_10y": 0, "num_citations_10y": 6, "publications_years": {"2008": 2}, "citations_years": {"2010": 3, "2011": 2, "2012": 1}, "old_citations": {"2008": 6}, "isVisible": false}, "University of California, San Diego": {"name": "University of California, San Diego", "type": "organization", "organization_type": "Education", "h_index": 285, "h5_index": 61, "num_publications": 2, "num_citations": 0, "num_publications_5y": 0, "num_citations_5y": 0, "num_publications_10y": 0, "num_citations_10y": 0, "publications_years": {"2008": 2}, "citations_years": {}, "old_citations": {"2008": 0}, "isVisible": false}, "University of Melbourne": {"name": "University of Melbourne", "type": "organization", "organization_type": "Education", "h_index": 173, "h5_index": 48, "num_publications": 2, "num_citations": 0, "num_publications_5y": 0, "num_citations_5y": 0, "num_publications_10y": 0, "num_citations_10y": 0, "publications_years": {"2008": 2}, "citations_years": {}, "old_citations": {"2008": 0}, "isVisible": false}, "Agency for Science, Technology and Research": {"name": "Agency for Science, Technology and Research", "type": "organization", "organization_type": "Government", "h_index": 84, "h5_index": 37, "num_publications": 1, "num_citations": 2, "num_publications_5y": 0, "num_citations_5y": 0, "num_publications_10y": 0, "num_citations_10y": 2, "publications_years": {"2008": 1}, "citations_years": {"2009": 1, "2010": 1}, "old_citations": {"2008": 2}, "isVisible": false}, "Chongqing University": {"name": "Chongqing University", "type": "organization", "organization_type": "Education", "h_index": 68, "h5_index": 42, "num_publications": 1, "num_citations": 0, "num_publications_5y": 0, "num_citations_5y": 0, "num_publications_10y": 0, "num_citations_10y": 0, "publications_years": {"2008": 1}, "citations_years": {}, "old_citations": {"2008": 0}, "isVisible": false}, "Chulalongkorn University": {"name": "Chulalongkorn University", "type": "organization", "organization_type": "Education", "h_index": 37, "h5_index": 11, "num_publications": 1, "num_citations": 0, "num_publications_5y": 0, "num_citations_5y": 0, "num_publications_10y": 0, "num_citations_10y": 0, "publications_years": {"2008": 1}, "citations_years": {}, "old_citations": {"2008": 0}, "isVisible": false}, "City University of Hong Kong": {"name": "City University of Hong Kong", "type": "organization", "organization_type": "Education", "h_index": 157, "h5_index": 53, "num_publications": 1, "num_citations": 2, "num_publications_5y": 0, "num_citations_5y": 1, "num_publications_10y": 0, "num_citations_10y": 2, "publications_years": {"2008": 1}, "citations_years": {"2011": 1, "2012": 0, "2013": 0, "2014": 0, "2015": 1}, "old_citations": {"2008": 2}, "isVisible": false}, "Edith Cowan University": {"name": "Edith Cowan University", "type": "organization", "organization_type": "Education", "h_index": 55, "h5_index": 14, "num_publications": 1, "num_citations": 0, "num_publications_5y": 0, "num_citations_5y": 0, "num_publications_10y": 0, "num_citations_10y": 0, "publications_years": {"2008": 1}, "citations_years": {}, "old_citations": {"2008": 0}, "isVisible": false}, "Huawei Technologies (China)": {"name": "Huawei Technologies (China)", "type": "organization", "organization_type": "Company", "h_index": 105, "h5_index": 62, "num_publications": 1, "num_citations": 1, "num_publications_5y": 0, "num_citations_5y": 0, "num_publications_10y": 0, "num_citations_10y": 1, "publications_years": {"2008": 1}, "citations_years": {"2010": 1}, "old_citations": {"2008": 1}, "isVisible": false}, "Institute for Infocomm Research": {"name": "Institute for Infocomm Research", "type": "organization", "organization_type": "Facility", "h_index": 118, "h5_index": 33, "num_publications": 1, "num_citations": 3, "num_publications_5y": 0, "num_citations_5y": 0, "num_publications_10y": 0, "num_citations_10y": 3, "publications_years": {"2008": 1}, "citations_years": {"2009": 2, "2010": 0, "2011": 1}, "old_citations": {"2008": 3}, "isVisible": false}, "Johns Hopkins University": {"name": "Johns Hopkins University", "type": "organization", "organization_type": "Education", "h_index": 191, "h5_index": 58, "num_publications": 1, "num_citations": 3, "num_publications_5y": 0, "num_citations_5y": 2, "num_publications_10y": 0, "num_citations_10y": 3, "publications_years": {"2008": 1}, "citations_years": {"2011": 1, "2012": 0, "2013": 0, "2014": 0, "2015": 0, "2016": 0, "2017": 0, "2018": 2}, "old_citations": {"2008": 3}, "isVisible": false}, "Kiel University": {"name": "Kiel University", "type": "organization", "organization_type": "Education", "h_index": 70, "h5_index": 18, "num_publications": 1, "num_citations": 0, "num_publications_5y": 0, "num_citations_5y": 0, "num_publications_10y": 0, "num_citations_10y": 0, "publications_years": {"2008": 1}, "citations_years": {}, "old_citations": {"2008": 0}, "isVisible": false}, "Korea Institute of Science and Technology": {"name": "Korea Institute of Science and Technology", "type": "organization", "organization_type": "Facility", "h_index": 44, "h5_index": 14, "num_publications": 1, "num_citations": 1, "num_publications_5y": 0, "num_citations_5y": 1, "num_publications_10y": 0, "num_citations_10y": 1, "publications_years": {"2008": 1}, "citations_years": {"2016": 1}, "old_citations": {"2008": 1}, "isVisible": false}, "Malaviya National Institute of Technology Jaipur": {"name": "Malaviya National Institute of Technology Jaipur", "type": "organization", "organization_type": "Education", "h_index": 31, "h5_index": 18, "num_publications": 1, "num_citations": 1, "num_publications_5y": 0, "num_citations_5y": 0, "num_publications_10y": 0, "num_citations_10y": 1, "publications_years": {"2008": 1}, "citations_years": {"2009": 1}, "old_citations": {"2008": 1}, "isVisible": false}, "National Sun Yat-sen University": {"name": "National Sun Yat-sen University", "type": "organization", "organization_type": "Education", "h_index": 72, "h5_index": 25, "num_publications": 1, "num_citations": 1, "num_publications_5y": 0, "num_citations_5y": 0, "num_publications_10y": 0, "num_citations_10y": 1, "publications_years": {"2008": 1}, "citations_years": {"2010": 1}, "old_citations": {"2008": 1}, "isVisible": false}, "National Taiwan University of Science and Technology": {"name": "National Taiwan University of Science and Technology", "type": "organization", "organization_type": "Education", "h_index": 93, "h5_index": 27, "num_publications": 1, "num_citations": 0, "num_publications_5y": 0, "num_citations_5y": 0, "num_publications_10y": 0, "num_citations_10y": 0, "publications_years": {"2008": 1}, "citations_years": {}, "old_citations": {"2008": 0}, "isVisible": false}, "National United University": {"name": "National United University", "type": "organization", "organization_type": "Education", "h_index": 29, "h5_index": 6, "num_publications": 1, "num_citations": 0, "num_publications_5y": 0, "num_citations_5y": 0, "num_publications_10y": 0, "num_citations_10y": 0, "publications_years": {"2008": 1}, "citations_years": {}, "old_citations": {"2008": 0}, "isVisible": false}, "Osaka Institute of Technology": {"name": "Osaka Institute of Technology", "type": "organization", "organization_type": "Education", "h_index": 21, "h5_index": 10, "num_publications": 1, "num_citations": 0, "num_publications_5y": 0, "num_citations_5y": 0, "num_publications_10y": 0, "num_citations_10y": 0, "publications_years": {"2008": 1}, "citations_years": {}, "old_citations": {"2008": 0}, "isVisible": false}, "Sepuluh Nopember Institute of Technology": {"name": "Sepuluh Nopember Institute of Technology", "type": "organization", "organization_type": "Education", "h_index": 17, "h5_index": 11, "num_publications": 1, "num_citations": 15, "num_publications_5y": 0, "num_citations_5y": 11, "num_publications_10y": 0, "num_citations_10y": 15, "publications_years": {"2008": 1}, "citations_years": {"2012": 2, "2013": 2, "2014": 3, "2015": 6, "2016": 2}, "old_citations": {"2008": 15}, "isVisible": false}, "Technion \u2013 Israel Institute of Technology": {"name": "Technion \u2013 Israel Institute of Technology", "type": "organization", "organization_type": "Education", "h_index": 195, "h5_index": 42, "num_publications": 1, "num_citations": 3, "num_publications_5y": 0, "num_citations_5y": 2, "num_publications_10y": 0, "num_citations_10y": 3, "publications_years": {"2008": 1}, "citations_years": {"2011": 1, "2012": 0, "2013": 0, "2014": 0, "2015": 0, "2016": 0, "2017": 0, "2018": 2}, "old_citations": {"2008": 3}, "isVisible": false}, "University of Strathclyde": {"name": "University of Strathclyde", "type": "organization", "organization_type": "Education", "h_index": 91, "h5_index": 17, "num_publications": 1, "num_citations": 1, "num_publications_5y": 0, "num_citations_5y": 0, "num_publications_10y": 0, "num_citations_10y": 1, "publications_years": {"2008": 1}, "citations_years": {"2012": 1}, "old_citations": {"2008": 1}, "isVisible": false}, "University of Sydney": {"name": "University of Sydney", "type": "organization", "organization_type": "Education", "h_index": 133, "h5_index": 63, "num_publications": 1, "num_citations": 0, "num_publications_5y": 0, "num_citations_5y": 0, "num_publications_10y": 0, "num_citations_10y": 0, "publications_years": {"2008": 1}, "citations_years": {}, "old_citations": {"2008": 0}, "isVisible": false}, "Waseda University": {"name": "Waseda University", "type": "organization", "organization_type": "Education", "h_index": 71, "h5_index": 24, "num_publications": 1, "num_citations": 1, "num_publications_5y": 0, "num_citations_5y": 0, "num_publications_10y": 0, "num_citations_10y": 1, "publications_years": {"2008": 1}, "citations_years": {"2012": 1}, "old_citations": {"2008": 1}, "isVisible": false}, "Yuan Ze University": {"name": "Yuan Ze University", "type": "organization", "organization_type": "Education", "h_index": 65, "h5_index": 17, "num_publications": 1, "num_citations": 0, "num_publications_5y": 0, "num_citations_5y": 0, "num_publications_10y": 0, "num_citations_10y": 0, "publications_years": {"2008": 1}, "citations_years": {}, "old_citations": {"2008": 0}, "isVisible": false}}, "topics": {"computer science": {"name": "computer science", "type": "topic", "h_index": 1779, "h5_index": 416, "num_publications": 39, "num_citations": 73, "num_publications_5y": 0, "num_citations_5y": 29, "num_publications_10y": 0, "num_citations_10y": 70, "publications_years": {"2008": 39}, "citations_years": {"2013": 7, "2014": 6, "2015": 10, "2016": 6, "2009": 6, "2011": 9, "2010": 9, "2012": 10, "2017": 1, "2018": 6, "2019": 3}, "old_citations": {"2008": 73}, "isVisible": false}, "computer systems": {"name": "computer systems", "type": "topic", "h_index": 1595, "h5_index": 367, "num_publications": 38, "num_citations": 58, "num_publications_5y": 0, "num_citations_5y": 18, "num_publications_10y": 0, "num_citations_10y": 55, "publications_years": {"2008": 38}, "citations_years": {"2013": 5, "2014": 3, "2015": 4, "2016": 4, "2009": 6, "2011": 9, "2010": 9, "2012": 8, "2017": 1, "2018": 6, "2019": 3}, "old_citations": {"2008": 58}, "isVisible": false}, "computer networks": {"name": "computer networks", "type": "topic", "h_index": 1262, "h5_index": 332, "num_publications": 37, "num_citations": 58, "num_publications_5y": 0, "num_citations_5y": 18, "num_publications_10y": 0, "num_citations_10y": 55, "publications_years": {"2008": 37}, "citations_years": {"2013": 5, "2014": 3, "2015": 4, "2016": 4, "2009": 6, "2011": 9, "2010": 9, "2012": 8, "2017": 1, "2018": 6, "2019": 3}, "old_citations": {"2008": 58}, "isVisible": false}, "telecommunication systems": {"name": "telecommunication systems", "type": "topic", "h_index": 1187, "h5_index": 277, "num_publications": 37, "num_citations": 58, "num_publications_5y": 0, "num_citations_5y": 18, "num_publications_10y": 0, "num_citations_10y": 55, "publications_years": {"2008": 37}, "citations_years": {"2013": 5, "2014": 3, "2015": 4, "2016": 4, "2009": 6, "2011": 9, "2010": 9, "2012": 8, "2017": 1, "2018": 6, "2019": 3}, "old_citations": {"2008": 58}, "isVisible": false}, "communication systems": {"name": "communication systems", "type": "topic", "h_index": 1092, "h5_index": 254, "num_publications": 36, "num_citations": 58, "num_publications_5y": 0, "num_citations_5y": 18, "num_publications_10y": 0, "num_citations_10y": 55, "publications_years": {"2008": 36}, "citations_years": {"2013": 5, "2014": 3, "2015": 4, "2016": 4, "2009": 6, "2011": 9, "2010": 9, "2012": 8, "2017": 1, "2018": 6, "2019": 3}, "old_citations": {"2008": 58}, "isVisible": false}, "wireless telecommunication systems": {"name": "wireless telecommunication systems", "type": "topic", "h_index": 1087, "h5_index": 254, "num_publications": 36, "num_citations": 58, "num_publications_5y": 0, "num_citations_5y": 18, "num_publications_10y": 0, "num_citations_10y": 55, "publications_years": {"2008": 36}, "citations_years": {"2013": 5, "2014": 3, "2015": 4, "2016": 4, "2009": 6, "2011": 9, "2010": 9, "2012": 8, "2017": 1, "2018": 6, "2019": 3}, "old_citations": {"2008": 58}, "isVisible": false}, "computer hardware": {"name": "computer hardware", "type": "topic", "h_index": 1150, "h5_index": 279, "num_publications": 35, "num_citations": 57, "num_publications_5y": 0, "num_citations_5y": 18, "num_publications_10y": 0, "num_citations_10y": 54, "publications_years": {"2008": 35}, "citations_years": {"2013": 5, "2014": 3, "2015": 4, "2016": 4, "2011": 9, "2010": 9, "2009": 5, "2012": 8, "2017": 1, "2018": 6, "2019": 3}, "old_citations": {"2008": 57}, "isVisible": false}, "sensors": {"name": "sensors", "type": "topic", "h_index": 960, "h5_index": 229, "num_publications": 35, "num_citations": 57, "num_publications_5y": 0, "num_citations_5y": 18, "num_publications_10y": 0, "num_citations_10y": 54, "publications_years": {"2008": 35}, "citations_years": {"2013": 5, "2014": 3, "2015": 4, "2016": 4, "2011": 9, "2010": 9, "2009": 5, "2012": 8, "2017": 1, "2018": 6, "2019": 3}, "old_citations": {"2008": 57}, "isVisible": false}, "optical fibers": {"name": "optical fibers", "type": "topic", "h_index": 457, "h5_index": 111, "num_publications": 33, "num_citations": 54, "num_publications_5y": 0, "num_citations_5y": 18, "num_publications_10y": 0, "num_citations_10y": 51, "publications_years": {"2008": 33}, "citations_years": {"2013": 5, "2014": 3, "2015": 4, "2016": 4, "2011": 8, "2010": 9, "2009": 3, "2012": 8, "2017": 1, "2018": 6, "2019": 3}, "old_citations": {"2008": 54}, "isVisible": false}, "telecommunication networks": {"name": "telecommunication networks", "type": "topic", "h_index": 1116, "h5_index": 258, "num_publications": 31, "num_citations": 52, "num_publications_5y": 0, "num_citations_5y": 15, "num_publications_10y": 0, "num_citations_10y": 49, "publications_years": {"2008": 31}, "citations_years": {"2013": 4, "2009": 6, "2011": 9, "2010": 8, "2012": 7, "2014": 2, "2015": 4, "2016": 2, "2017": 1, "2018": 6, "2019": 3}, "old_citations": {"2008": 52}, "isVisible": false}, "telecommunication traffic": {"name": "telecommunication traffic", "type": "topic", "h_index": 1036, "h5_index": 233, "num_publications": 31, "num_citations": 52, "num_publications_5y": 0, "num_citations_5y": 15, "num_publications_10y": 0, "num_citations_10y": 49, "publications_years": {"2008": 31}, "citations_years": {"2013": 4, "2009": 6, "2011": 9, "2010": 8, "2012": 7, "2014": 2, "2015": 4, "2016": 2, "2017": 1, "2018": 6, "2019": 3}, "old_citations": {"2008": 52}, "isVisible": false}, "fiber optic networks": {"name": "fiber optic networks", "type": "topic", "h_index": 431, "h5_index": 112, "num_publications": 30, "num_citations": 49, "num_publications_5y": 0, "num_citations_5y": 12, "num_publications_10y": 0, "num_citations_10y": 48, "publications_years": {"2008": 30}, "citations_years": {"2013": 5, "2014": 3, "2015": 3, "2016": 4, "2009": 6, "2011": 8, "2010": 9, "2012": 8, "2017": 1, "2018": 1, "2019": 1}, "old_citations": {"2008": 49}, "isVisible": false}, "communication channels (information theory)": {"name": "communication channels (information theory)", "type": "topic", "h_index": 925, "h5_index": 216, "num_publications": 28, "num_citations": 54, "num_publications_5y": 0, "num_citations_5y": 17, "num_publications_10y": 0, "num_citations_10y": 51, "publications_years": {"2008": 28}, "citations_years": {"2014": 3, "2015": 3, "2016": 4, "2009": 5, "2011": 8, "2010": 9, "2012": 8, "2013": 4, "2017": 1, "2018": 6, "2019": 3}, "old_citations": {"2008": 54}, "isVisible": false}, "engineering": {"name": "engineering", "type": "topic", "h_index": 1177, "h5_index": 287, "num_publications": 25, "num_citations": 50, "num_publications_5y": 0, "num_citations_5y": 17, "num_publications_10y": 0, "num_citations_10y": 47, "publications_years": {"2008": 25}, "citations_years": {"2014": 3, "2015": 3, "2016": 4, "2009": 3, "2010": 9, "2011": 6, "2012": 8, "2013": 4, "2017": 1, "2018": 6, "2019": 3}, "old_citations": {"2008": 50}, "isVisible": false}, "optical materials": {"name": "optical materials", "type": "topic", "h_index": 363, "h5_index": 93, "num_publications": 25, "num_citations": 44, "num_publications_5y": 0, "num_citations_5y": 12, "num_publications_10y": 0, "num_citations_10y": 43, "publications_years": {"2008": 25}, "citations_years": {"2013": 5, "2014": 3, "2015": 3, "2016": 4, "2011": 7, "2010": 8, "2009": 3, "2012": 8, "2017": 1, "2018": 1, "2019": 1}, "old_citations": {"2008": 44}, "isVisible": false}, "wavelength division multiplexing": {"name": "wavelength division multiplexing", "type": "topic", "h_index": 356, "h5_index": 92, "num_publications": 23, "num_citations": 38, "num_publications_5y": 0, "num_citations_5y": 9, "num_publications_10y": 0, "num_citations_10y": 37, "publications_years": {"2008": 23}, "citations_years": {"2013": 4, "2011": 7, "2010": 7, "2009": 3, "2012": 7, "2014": 2, "2015": 3, "2016": 2, "2017": 1, "2018": 1, "2019": 1}, "old_citations": {"2008": 38}, "isVisible": false}, "bandwidth": {"name": "bandwidth", "type": "topic", "h_index": 922, "h5_index": 201, "num_publications": 22, "num_citations": 43, "num_publications_5y": 0, "num_citations_5y": 11, "num_publications_10y": 0, "num_citations_10y": 42, "publications_years": {"2008": 22}, "citations_years": {"2013": 4, "2009": 6, "2011": 9, "2010": 7, "2012": 5, "2014": 2, "2015": 3, "2016": 2, "2017": 1, "2018": 3, "2019": 1}, "old_citations": {"2008": 43}, "isVisible": false}, "signal processing": {"name": "signal processing", "type": "topic", "h_index": 1012, "h5_index": 255, "num_publications": 22, "num_citations": 28, "num_publications_5y": 0, "num_citations_5y": 10, "num_publications_10y": 0, "num_citations_10y": 26, "publications_years": {"2008": 22}, "citations_years": {"2014": 1, "2015": 1, "2016": 3, "2009": 2, "2010": 7, "2011": 3, "2012": 3, "2013": 1, "2017": 0, "2018": 5, "2019": 2}, "old_citations": {"2008": 28}, "isVisible": false}, "packet networks": {"name": "packet networks", "type": "topic", "h_index": 650, "h5_index": 151, "num_publications": 21, "num_citations": 44, "num_publications_5y": 0, "num_citations_5y": 13, "num_publications_10y": 0, "num_citations_10y": 41, "publications_years": {"2008": 21}, "citations_years": {"2013": 4, "2011": 7, "2010": 7, "2009": 3, "2012": 7, "2014": 2, "2015": 4, "2016": 2, "2017": 1, "2018": 4, "2019": 3}, "old_citations": {"2008": 44}, "isVisible": false}, "data communication systems": {"name": "data communication systems", "type": "topic", "h_index": 1013, "h5_index": 234, "num_publications": 18, "num_citations": 38, "num_publications_5y": 0, "num_citations_5y": 10, "num_publications_10y": 0, "num_citations_10y": 37, "publications_years": {"2008": 18}, "citations_years": {"2013": 5, "2010": 6, "2011": 6, "2009": 2, "2012": 8, "2014": 2, "2015": 2, "2016": 2, "2017": 1, "2018": 3, "2019": 1}, "old_citations": {"2008": 38}, "isVisible": false}, "wireless communications": {"name": "wireless communications", "type": "topic", "h_index": 773, "h5_index": 173, "num_publications": 15, "num_citations": 38, "num_publications_5y": 0, "num_citations_5y": 14, "num_publications_10y": 0, "num_citations_10y": 35, "publications_years": {"2008": 15}, "citations_years": {"2011": 6, "2009": 2, "2010": 4, "2012": 6, "2013": 3, "2014": 2, "2015": 4, "2016": 1, "2017": 1, "2018": 6, "2019": 3}, "old_citations": {"2008": 38}, "isVisible": false}}, "authors": {"2141437430": {"name": "wende zhong", "type": "author", "activity": 20, "h_index": 13, "h5_index": 6, "mag_id": "2141437430", "num_publications": 3, "num_citations": 7, "num_publications_5y": 0, "num_citations_5y": 4, "num_publications_10y": 0, "num_citations_10y": 5, "publications_years": {"2008": 3}, "citations_years": {"2015": 1, "2016": 0, "2017": 0, "2018": 3, "2019": 2, "2010": 1}, "old_citations": {"2008": 7}, "isVisible": false}, "252132724": {"name": "paul r prucnal", "type": "author", "activity": 31, "h_index": 22, "h5_index": 7, "mag_id": "252132724", "num_publications": 2, "num_citations": 6, "num_publications_5y": 0, "num_citations_5y": 0, "num_publications_10y": 0, "num_citations_10y": 6, "publications_years": {"2008": 2}, "citations_years": {"2010": 3, "2011": 2, "2012": 1}, "old_citations": {"2008": 6}, "isVisible": false}, "70542366": {"name": "kamal alameh", "type": "author", "activity": 18, "h_index": 4, "h5_index": 1, "mag_id": "70542366", "num_publications": 1, "num_citations": 0, "num_publications_5y": 0, "num_citations_5y": 0, "num_publications_10y": 0, "num_citations_10y": 0, "publications_years": {"2008": 1}, "citations_years": {}, "old_citations": {"2008": 0}, "isVisible": false}, "311004996": {"name": "shozo komaki", "type": "author", "activity": 27, "h_index": 17, "h5_index": 0, "mag_id": "311004996", "num_publications": 1, "num_citations": 1, "num_publications_5y": 0, "num_citations_5y": 0, "num_publications_10y": 0, "num_citations_10y": 1, "publications_years": {"2008": 1}, "citations_years": {"2012": 1}, "old_citations": {"2008": 1}, "isVisible": false}, "313852825": {"name": "jacob b khurgin", "type": "author", "activity": 19, "h_index": 5, "h5_index": 1, "mag_id": "313852825", "num_publications": 1, "num_citations": 3, "num_publications_5y": 0, "num_citations_5y": 2, "num_publications_10y": 0, "num_citations_10y": 3, "publications_years": {"2008": 1}, "citations_years": {"2011": 1, "2012": 0, "2013": 0, "2014": 0, "2015": 0, "2016": 0, "2017": 0, "2018": 2}, "old_citations": {"2008": 3}, "isVisible": false}, "325704305": {"name": "halima elbiaze", "type": "author", "activity": 20, "h_index": 12, "h5_index": 7, "mag_id": "325704305", "num_publications": 1, "num_citations": 1, "num_publications_5y": 0, "num_citations_5y": 0, "num_publications_10y": 0, "num_citations_10y": 1, "publications_years": {"2008": 1}, "citations_years": {"2013": 1}, "old_citations": {"2008": 1}, "isVisible": false}, "716917568": {"name": "benjamin j eggleton", "type": "author", "activity": 24, "h_index": 7, "h5_index": 3, "mag_id": "716917568", "num_publications": 1, "num_citations": 0, "num_publications_5y": 0, "num_citations_5y": 0, "num_publications_10y": 0, "num_citations_10y": 0, "publications_years": {"2008": 1}, "citations_years": {}, "old_citations": {"2008": 0}, "isVisible": false}, "981975789": {"name": "budi juswardy", "type": "author", "activity": 10, "h_index": 2, "h5_index": 1, "mag_id": "981975789", "num_publications": 1, "num_citations": 0, "num_publications_5y": 0, "num_citations_5y": 0, "num_publications_10y": 0, "num_citations_10y": 0, "publications_years": {"2008": 1}, "citations_years": {}, "old_citations": {"2008": 0}, "isVisible": false}, "1269730446": {"name": "nattapong kitsuwan", "type": "author", "activity": 13, "h_index": 5, "h5_index": 3, "mag_id": "1269730446", "num_publications": 1, "num_citations": 0, "num_publications_5y": 0, "num_citations_5y": 0, "num_publications_10y": 0, "num_citations_10y": 0, "publications_years": {"2008": 1}, "citations_years": {}, "old_citations": {"2008": 0}, "isVisible": false}, "1686113183": {"name": "ampalavanapillai nirmalathas", "type": "author", "activity": 22, "h_index": 10, "h5_index": 6, "mag_id": "1686113183", "num_publications": 1, "num_citations": 0, "num_publications_5y": 0, "num_citations_5y": 0, "num_publications_10y": 0, "num_citations_10y": 0, "publications_years": {"2008": 1}, "citations_years": {}, "old_citations": {"2008": 0}, "isVisible": false}, "1768571244": {"name": "ivan glesk", "type": "author", "activity": 26, "h_index": 13, "h5_index": 5, "mag_id": "1768571244", "num_publications": 1, "num_citations": 1, "num_publications_5y": 0, "num_citations_5y": 0, "num_publications_10y": 0, "num_citations_10y": 1, "publications_years": {"2008": 1}, "citations_years": {"2012": 1}, "old_citations": {"2008": 1}, "isVisible": false}, "1924966241": {"name": "stojan radic", "type": "author", "activity": 15, "h_index": 5, "h5_index": 1, "mag_id": "1924966241", "num_publications": 1, "num_citations": 0, "num_publications_5y": 0, "num_citations_5y": 0, "num_publications_10y": 0, "num_citations_10y": 0, "publications_years": {"2008": 1}, "citations_years": {}, "old_citations": {"2008": 0}, "isVisible": false}, "1969070136": {"name": "takurou satou", "type": "author", "activity": 1, "h_index": 1, "h5_index": 0, "mag_id": "1969070136", "num_publications": 1, "num_citations": 1, "num_publications_5y": 0, "num_citations_5y": 0, "num_publications_10y": 0, "num_citations_10y": 1, "publications_years": {"2008": 1}, "citations_years": {"2012": 1}, "old_citations": {"2008": 1}, "isVisible": false}, "1971646742": {"name": "isaac shpantzer", "type": "author", "activity": 17, "h_index": 9, "h5_index": 0, "mag_id": "1971646742", "num_publications": 1, "num_citations": 3, "num_publications_5y": 0, "num_citations_5y": 2, "num_publications_10y": 0, "num_citations_10y": 3, "publications_years": {"2008": 1}, "citations_years": {"2011": 1, "2012": 0, "2013": 0, "2014": 0, "2015": 0, "2016": 0, "2017": 0, "2018": 2}, "old_citations": {"2008": 3}, "isVisible": false}, "1975304700": {"name": "s m idrus", "type": "author", "activity": 15, "h_index": 9, "h5_index": 4, "mag_id": "1975304700", "num_publications": 1, "num_citations": 1, "num_publications_5y": 0, "num_citations_5y": 0, "num_publications_10y": 0, "num_citations_10y": 1, "publications_years": {"2008": 1}, "citations_years": {"2009": 1}, "old_citations": {"2008": 1}, "isVisible": false}, "1977513629": {"name": "kazuhiko wakamori", "type": "author", "activity": 13, "h_index": 8, "h5_index": 0, "mag_id": "1977513629", "num_publications": 1, "num_citations": 1, "num_publications_5y": 0, "num_citations_5y": 0, "num_publications_10y": 0, "num_citations_10y": 1, "publications_years": {"2008": 1}, "citations_years": {"2012": 1}, "old_citations": {"2008": 1}, "isVisible": false}, "1979506198": {"name": "malin premaratne", "type": "author", "activity": 21, "h_index": 8, "h5_index": 2, "mag_id": "1979506198", "num_publications": 1, "num_citations": 0, "num_publications_5y": 0, "num_citations_5y": 0, "num_publications_10y": 0, "num_citations_10y": 0, "publications_years": {"2008": 1}, "citations_years": {}, "old_citations": {"2008": 0}, "isVisible": false}, "1985395616": {"name": "markus kirchberg", "type": "author", "activity": 18, "h_index": 11, "h5_index": 0, "mag_id": "1985395616", "num_publications": 1, "num_citations": 3, "num_publications_5y": 0, "num_citations_5y": 0, "num_publications_10y": 0, "num_citations_10y": 3, "publications_years": {"2008": 1}, "citations_years": {"2009": 2, "2010": 0, "2011": 1}, "old_citations": {"2008": 3}, "isVisible": false}, "1991710730": {"name": "kazunori omae", "type": "author", "activity": 2, "h_index": 1, "h5_index": 0, "mag_id": "1991710730", "num_publications": 1, "num_citations": 1, "num_publications_5y": 0, "num_citations_5y": 0, "num_publications_10y": 0, "num_citations_10y": 1, "publications_years": {"2008": 1}, "citations_years": {"2012": 1}, "old_citations": {"2008": 1}, "isVisible": false}, "1992688252": {"name": "n nadarajah", "type": "author", "activity": 6, "h_index": 4, "h5_index": 0, "mag_id": "1992688252", "num_publications": 1, "num_citations": 0, "num_publications_5y": 0, "num_citations_5y": 0, "num_publications_10y": 0, "num_citations_10y": 0, "publications_years": {"2008": 1}, "citations_years": {}, "old_citations": {"2008": 0}, "isVisible": false}, "2007121567": {"name": "changjoon chae", "type": "author", "activity": 18, "h_index": 7, "h5_index": 0, "mag_id": "2007121567", "num_publications": 1, "num_citations": 0, "num_publications_5y": 0, "num_citations_5y": 0, "num_publications_10y": 0, "num_citations_10y": 0, "publications_years": {"2008": 1}, "citations_years": {}, "old_citations": {"2008": 0}, "isVisible": false}, "2014071887": {"name": "silgu mun", "type": "author", "activity": 10, "h_index": 4, "h5_index": 1, "mag_id": "2014071887", "num_publications": 1, "num_citations": 1, "num_publications_5y": 0, "num_citations_5y": 1, "num_publications_10y": 0, "num_citations_10y": 1, "publications_years": {"2008": 1}, "citations_years": {"2016": 1}, "old_citations": {"2008": 1}, "isVisible": false}, "2021040885": {"name": "yeshaiahu fainman", "type": "author", "activity": 28, "h_index": 7, "h5_index": 2, "mag_id": "2021040885", "num_publications": 1, "num_citations": 0, "num_publications_5y": 0, "num_citations_5y": 0, "num_publications_10y": 0, "num_citations_10y": 0, "publications_years": {"2008": 1}, "citations_years": {}, "old_citations": {"2008": 0}, "isVisible": false}, "2024348787": {"name": "marcus hebel", "type": "author", "activity": 16, "h_index": 3, "h5_index": 3, "mag_id": "2024348787", "num_publications": 1, "num_citations": 3, "num_publications_5y": 0, "num_citations_5y": 3, "num_publications_10y": 0, "num_citations_10y": 3, "publications_years": {"2008": 1}, "citations_years": {"2014": 1, "2015": 0, "2016": 2}, "old_citations": {"2008": 3}, "isVisible": false}, "2025266931": {"name": "j a bolger", "type": "author", "activity": 3, "h_index": 2, "h5_index": 0, "mag_id": "2025266931", "num_publications": 1, "num_citations": 0, "num_publications_5y": 0, "num_citations_5y": 0, "num_publications_10y": 0, "num_citations_10y": 0, "publications_years": {"2008": 1}, "citations_years": {}, "old_citations": {"2008": 0}, "isVisible": false}, "2029346490": {"name": "moshe nazarathy", "type": "author", "activity": 26, "h_index": 9, "h5_index": 1, "mag_id": "2029346490", "num_publications": 1, "num_citations": 3, "num_publications_5y": 0, "num_citations_5y": 2, "num_publications_10y": 0, "num_citations_10y": 3, "publications_years": {"2008": 1}, "citations_years": {"2011": 1, "2012": 0, "2013": 0, "2014": 0, "2015": 0, "2016": 0, "2017": 0, "2018": 2}, "old_citations": {"2008": 3}, "isVisible": false}, "2039224961": {"name": "takeshi higashino", "type": "author", "activity": 13, "h_index": 7, "h5_index": 0, "mag_id": "2039224961", "num_publications": 1, "num_citations": 1, "num_publications_5y": 0, "num_citations_5y": 0, "num_publications_10y": 0, "num_citations_10y": 1, "publications_years": {"2008": 1}, "citations_years": {"2012": 1}, "old_citations": {"2008": 1}, "isVisible": false}, "2045981540": {"name": "christina hebebrand", "type": "author", "activity": 4, "h_index": 2, "h5_index": 0, "mag_id": "2045981540", "num_publications": 1, "num_citations": 0, "num_publications_5y": 0, "num_citations_5y": 0, "num_publications_10y": 0, "num_citations_10y": 0, "publications_years": {"2008": 1}, "citations_years": {}, "old_citations": {"2008": 0}, "isVisible": false}, "2053994872": {"name": "norazan mohd kassim", "type": "author", "activity": 11, "h_index": 2, "h5_index": 0, "mag_id": "2053994872", "num_publications": 1, "num_citations": 1, "num_publications_5y": 0, "num_citations_5y": 0, "num_publications_10y": 0, "num_citations_10y": 1, "publications_years": {"2008": 1}, "citations_years": {"2009": 1}, "old_citations": {"2008": 1}, "isVisible": false}, "2060726191": {"name": "wooi gan yeoh", "type": "author", "activity": 5, "h_index": 6, "h5_index": 0, "mag_id": "2060726191", "num_publications": 1, "num_citations": 2, "num_publications_5y": 0, "num_citations_5y": 0, "num_publications_10y": 0, "num_citations_10y": 2, "publications_years": {"2008": 1}, "citations_years": {"2009": 1, "2010": 1}, "old_citations": {"2008": 2}, "isVisible": false}, "2070993994": {"name": "aulia m t nasution", "type": "author", "activity": 12, "h_index": 2, "h5_index": 1, "mag_id": "2070993994", "num_publications": 1, "num_citations": 15, "num_publications_5y": 0, "num_citations_5y": 11, "num_publications_10y": 0, "num_citations_10y": 15, "publications_years": {"2008": 1}, "citations_years": {"2012": 2, "2013": 2, "2014": 3, "2015": 6, "2016": 2}, "old_citations": {"2008": 15}, "isVisible": false}, "2074197864": {"name": "k kazaura", "type": "author", "activity": 2, "h_index": 3, "h5_index": 0, "mag_id": "2074197864", "num_publications": 1, "num_citations": 1, "num_publications_5y": 0, "num_citations_5y": 0, "num_publications_10y": 0, "num_citations_10y": 1, "publications_years": {"2008": 1}, "citations_years": {"2012": 1}, "old_citations": {"2008": 1}, "isVisible": false}, "2080570936": {"name": "werner rosenkranz", "type": "author", "activity": 20, "h_index": 7, "h5_index": 2, "mag_id": "2080570936", "num_publications": 1, "num_citations": 0, "num_publications_5y": 0, "num_citations_5y": 0, "num_publications_10y": 0, "num_citations_10y": 0, "publications_years": {"2008": 1}, "citations_years": {}, "old_citations": {"2008": 0}, "isVisible": false}, "2082636599": {"name": "vijay janyani", "type": "author", "activity": 16, "h_index": 6, "h5_index": 3, "mag_id": "2082636599", "num_publications": 1, "num_citations": 1, "num_publications_5y": 0, "num_citations_5y": 0, "num_publications_10y": 0, "num_citations_10y": 1, "publications_years": {"2008": 1}, "citations_years": {"2009": 1}, "old_citations": {"2008": 1}, "isVisible": false}, "2087460430": {"name": "konstantin kravtsov", "type": "author", "activity": 5, "h_index": 5, "h5_index": 0, "mag_id": "2087460430", "num_publications": 1, "num_citations": 5, "num_publications_5y": 0, "num_citations_5y": 0, "num_publications_10y": 0, "num_citations_10y": 5, "publications_years": {"2008": 1}, "citations_years": {"2010": 3, "2011": 2}, "old_citations": {"2008": 5}, "isVisible": false}, "2092729593": {"name": "naoto kishi", "type": "author", "activity": 19, "h_index": 5, "h5_index": 0, "mag_id": "2092729593", "num_publications": 1, "num_citations": 0, "num_publications_5y": 0, "num_citations_5y": 0, "num_publications_10y": 0, "num_citations_10y": 0, "publications_years": {"2008": 1}, "citations_years": {}, "old_citations": {"2008": 0}, "isVisible": false}, "2096140086": {"name": "sang bae lee", "type": "author", "activity": 22, "h_index": 6, "h5_index": 0, "mag_id": "2096140086", "num_publications": 1, "num_citations": 1, "num_publications_5y": 0, "num_citations_5y": 1, "num_publications_10y": 0, "num_citations_10y": 1, "publications_years": {"2008": 1}, "citations_years": {"2016": 1}, "old_citations": {"2008": 1}, "isVisible": false}, "2097171193": {"name": "r p yadav", "type": "author", "activity": 13, "h_index": 5, "h5_index": 1, "mag_id": "2097171193", "num_publications": 1, "num_citations": 1, "num_publications_5y": 0, "num_citations_5y": 0, "num_publications_10y": 0, "num_citations_10y": 1, "publications_years": {"2008": 1}, "citations_years": {"2009": 1}, "old_citations": {"2008": 1}, "isVisible": false}, "2097839103": {"name": "takuya nakamura", "type": "author", "activity": 7, "h_index": 2, "h5_index": 0, "mag_id": "2097839103", "num_publications": 1, "num_citations": 1, "num_publications_5y": 0, "num_citations_5y": 0, "num_publications_10y": 0, "num_citations_10y": 1, "publications_years": {"2008": 1}, "citations_years": {"2012": 1}, "old_citations": {"2008": 1}, "isVisible": false}, "2102300691": {"name": "weiguo gong", "type": "author", "activity": 15, "h_index": 6, "h5_index": 0, "mag_id": "2102300691", "num_publications": 1, "num_citations": 0, "num_publications_5y": 0, "num_citations_5y": 0, "num_publications_10y": 0, "num_citations_10y": 0, "publications_years": {"2008": 1}, "citations_years": {}, "old_citations": {"2008": 0}, "isVisible": false}, "2105564246": {"name": "ping shum", "type": "author", "activity": 19, "h_index": 4, "h5_index": 1, "mag_id": "2105564246", "num_publications": 1, "num_citations": 1, "num_publications_5y": 0, "num_citations_5y": 0, "num_publications_10y": 0, "num_citations_10y": 1, "publications_years": {"2008": 1}, "citations_years": {"2010": 1}, "old_citations": {"2008": 1}, "isVisible": false}, "2106725676": {"name": "g c gupta", "type": "author", "activity": 3, "h_index": 1, "h5_index": 0, "mag_id": "2106725676", "num_publications": 1, "num_citations": 1, "num_publications_5y": 0, "num_citations_5y": 0, "num_publications_10y": 0, "num_citations_10y": 1, "publications_years": {"2008": 1}, "citations_years": {"2012": 1}, "old_citations": {"2008": 1}, "isVisible": false}, "2107686970": {"name": "toshiji suzuki", "type": "author", "activity": 7, "h_index": 4, "h5_index": 0, "mag_id": "2107686970", "num_publications": 1, "num_citations": 1, "num_publications_5y": 0, "num_citations_5y": 0, "num_publications_10y": 0, "num_citations_10y": 1, "publications_years": {"2008": 1}, "citations_years": {"2012": 1}, "old_citations": {"2008": 1}, "isVisible": false}, "2110508290": {"name": "rakefet weidenfeld", "type": "author", "activity": 1, "h_index": 1, "h5_index": 0, "mag_id": "2110508290", "num_publications": 1, "num_citations": 3, "num_publications_5y": 0, "num_citations_5y": 2, "num_publications_10y": 0, "num_citations_10y": 3, "publications_years": {"2008": 1}, "citations_years": {"2011": 1, "2012": 0, "2013": 0, "2014": 0, "2015": 0, "2016": 0, "2017": 0, "2018": 2}, "old_citations": {"2008": 3}, "isVisible": false}, "2110991795": {"name": "sien chi", "type": "author", "activity": 20, "h_index": 10, "h5_index": 1, "mag_id": "2110991795", "num_publications": 1, "num_citations": 0, "num_publications_5y": 0, "num_citations_5y": 0, "num_publications_10y": 0, "num_citations_10y": 0, "publications_years": {"2008": 1}, "citations_years": {}, "old_citations": {"2008": 0}, "isVisible": false}, "2112207990": {"name": "zhenxing wang", "type": "author", "activity": 5, "h_index": 7, "h5_index": 0, "mag_id": "2112207990", "num_publications": 1, "num_citations": 5, "num_publications_5y": 0, "num_citations_5y": 0, "num_publications_10y": 0, "num_citations_10y": 5, "publications_years": {"2008": 1}, "citations_years": {"2010": 3, "2011": 2}, "old_citations": {"2008": 5}, "isVisible": false}, "2112787674": {"name": "ivan andonovic", "type": "author", "activity": 31, "h_index": 15, "h5_index": 2, "mag_id": "2112787674", "num_publications": 1, "num_citations": 1, "num_publications_5y": 0, "num_citations_5y": 0, "num_publications_10y": 0, "num_citations_10y": 1, "publications_years": {"2008": 1}, "citations_years": {"2012": 1}, "old_citations": {"2008": 1}, "isVisible": false}, "2114997117": {"name": "yanhua deng", "type": "author", "activity": 11, "h_index": 6, "h5_index": 1, "mag_id": "2114997117", "num_publications": 1, "num_citations": 5, "num_publications_5y": 0, "num_citations_5y": 0, "num_publications_10y": 0, "num_citations_10y": 5, "publications_years": {"2008": 1}, "citations_years": {"2010": 3, "2011": 2}, "old_citations": {"2008": 5}, "isVisible": false}, "2115878201": {"name": "changhee lee", "type": "author", "activity": 26, "h_index": 6, "h5_index": 1, "mag_id": "2115878201", "num_publications": 1, "num_citations": 1, "num_publications_5y": 0, "num_citations_5y": 1, "num_publications_10y": 0, "num_citations_10y": 1, "publications_years": {"2008": 1}, "citations_years": {"2016": 1}, "old_citations": {"2008": 1}, "isVisible": false}, "2118171458": {"name": "zhengbin li", "type": "author", "activity": 12, "h_index": 3, "h5_index": 1, "mag_id": "2118171458", "num_publications": 1, "num_citations": 0, "num_publications_5y": 0, "num_citations_5y": 0, "num_publications_10y": 0, "num_citations_10y": 0, "publications_years": {"2008": 1}, "citations_years": {}, "old_citations": {"2008": 0}, "isVisible": false}, "2119967815": {"name": "s alifah", "type": "author", "activity": 11, "h_index": 1, "h5_index": 0, "mag_id": "2119967815", "num_publications": 1, "num_citations": 1, "num_publications_5y": 0, "num_citations_5y": 0, "num_publications_10y": 0, "num_citations_10y": 1, "publications_years": {"2008": 1}, "citations_years": {"2009": 1}, "old_citations": {"2008": 1}, "isVisible": false}, "2120064614": {"name": "craig michie", "type": "author", "activity": 13, "h_index": 5, "h5_index": 1, "mag_id": "2120064614", "num_publications": 1, "num_citations": 1, "num_publications_5y": 0, "num_citations_5y": 0, "num_publications_10y": 0, "num_citations_10y": 1, "publications_years": {"2008": 1}, "citations_years": {"2012": 1}, "old_citations": {"2008": 1}, "isVisible": false}, "2121684413": {"name": "yong kee yeo", "type": "author", "activity": 4, "h_index": 4, "h5_index": 0, "mag_id": "2121684413", "num_publications": 1, "num_citations": 3, "num_publications_5y": 0, "num_citations_5y": 0, "num_publications_10y": 0, "num_citations_10y": 3, "publications_years": {"2008": 1}, "citations_years": {"2009": 2, "2010": 0, "2011": 1}, "old_citations": {"2008": 3}, "isVisible": false}, "2122003511": {"name": "katsutoshi tsukamoto", "type": "author", "activity": 21, "h_index": 9, "h5_index": 0, "mag_id": "2122003511", "num_publications": 1, "num_citations": 1, "num_publications_5y": 0, "num_citations_5y": 0, "num_publications_10y": 0, "num_citations_10y": 1, "publications_years": {"2008": 1}, "citations_years": {"2012": 1}, "old_citations": {"2008": 1}, "isVisible": false}, "2124318949": {"name": "tetsuya miki", "type": "author", "activity": 16, "h_index": 8, "h5_index": 0, "mag_id": "2124318949", "num_publications": 1, "num_citations": 0, "num_publications_5y": 0, "num_citations_5y": 0, "num_publications_10y": 0, "num_citations_10y": 0, "publications_years": {"2008": 1}, "citations_years": {}, "old_citations": {"2008": 0}, "isVisible": false}, "2124812073": {"name": "yongqi he", "type": "author", "activity": 11, "h_index": 8, "h5_index": 3, "mag_id": "2124812073", "num_publications": 1, "num_citations": 0, "num_publications_5y": 0, "num_citations_5y": 0, "num_publications_10y": 0, "num_citations_10y": 0, "publications_years": {"2008": 1}, "citations_years": {}, "old_citations": {"2008": 0}, "isVisible": false}, "2128362920": {"name": "p s cho", "type": "author", "activity": 10, "h_index": 7, "h5_index": 0, "mag_id": "2128362920", "num_publications": 1, "num_citations": 3, "num_publications_5y": 0, "num_citations_5y": 2, "num_publications_10y": 0, "num_citations_10y": 3, "publications_years": {"2008": 1}, "citations_years": {"2011": 1, "2012": 0, "2013": 0, "2014": 0, "2015": 0, "2016": 0, "2017": 0, "2018": 2}, "old_citations": {"2008": 3}, "isVisible": false}, "2129344382": {"name": "martin levesque", "type": "author", "activity": 10, "h_index": 9, "h5_index": 4, "mag_id": "2129344382", "num_publications": 1, "num_citations": 1, "num_publications_5y": 0, "num_citations_5y": 0, "num_publications_10y": 0, "num_citations_10y": 1, "publications_years": {"2008": 1}, "citations_years": {"2013": 1}, "old_citations": {"2008": 1}, "isVisible": false}, "2134612003": {"name": "f y shih", "type": "author", "activity": 5, "h_index": 3, "h5_index": 0, "mag_id": "2134612003", "num_publications": 1, "num_citations": 0, "num_publications_5y": 0, "num_citations_5y": 0, "num_publications_10y": 0, "num_citations_10y": 0, "publications_years": {"2008": 1}, "citations_years": {}, "old_citations": {"2008": 0}, "isVisible": false}, "2137412765": {"name": "kueichu hsu", "type": "author", "activity": 3, "h_index": 1, "h5_index": 0, "mag_id": "2137412765", "num_publications": 1, "num_citations": 0, "num_publications_5y": 0, "num_citations_5y": 0, "num_publications_10y": 0, "num_citations_10y": 0, "publications_years": {"2008": 1}, "citations_years": {}, "old_citations": {"2008": 0}, "isVisible": false}, "2141830615": {"name": "sammy chan", "type": "author", "activity": 30, "h_index": 32, "h5_index": 13, "mag_id": "2141830615", "num_publications": 1, "num_citations": 2, "num_publications_5y": 0, "num_citations_5y": 1, "num_publications_10y": 0, "num_citations_10y": 2, "publications_years": {"2008": 1}, "citations_years": {"2011": 1, "2012": 0, "2013": 0, "2014": 0, "2015": 1}, "old_citations": {"2008": 2}, "isVisible": false}, "2141964421": {"name": "alam mohammad shah", "type": "author", "activity": 4, "h_index": 3, "h5_index": 0, "mag_id": "2141964421", "num_publications": 1, "num_citations": 1, "num_publications_5y": 0, "num_citations_5y": 0, "num_publications_10y": 0, "num_citations_10y": 1, "publications_years": {"2008": 1}, "citations_years": {"2012": 1}, "old_citations": {"2008": 1}, "isVisible": false}, "2142009467": {"name": "xu shao", "type": "author", "activity": 8, "h_index": 7, "h5_index": 0, "mag_id": "2142009467", "num_publications": 1, "num_citations": 3, "num_publications_5y": 0, "num_citations_5y": 0, "num_publications_10y": 0, "num_citations_10y": 3, "publications_years": {"2008": 1}, "citations_years": {"2009": 2, "2010": 0, "2011": 1}, "old_citations": {"2008": 3}, "isVisible": false}, "2142063241": {"name": "shienkuei liaw", "type": "author", "activity": 21, "h_index": 5, "h5_index": 1, "mag_id": "2142063241", "num_publications": 1, "num_citations": 0, "num_publications_5y": 0, "num_citations_5y": 0, "num_publications_10y": 0, "num_citations_10y": 0, "publications_years": {"2008": 1}, "citations_years": {}, "old_citations": {"2008": 0}, "isVisible": false}, "2142168990": {"name": "weihong li", "type": "author", "activity": 15, "h_index": 4, "h5_index": 0, "mag_id": "2142168990", "num_publications": 1, "num_citations": 0, "num_publications_5y": 0, "num_citations_5y": 0, "num_publications_10y": 0, "num_citations_10y": 0, "publications_years": {"2008": 1}, "citations_years": {}, "old_citations": {"2008": 0}, "isVisible": false}, "2142301679": {"name": "kyunghwan kim", "type": "author", "activity": 2, "h_index": 1, "h5_index": 0, "mag_id": "2142301679", "num_publications": 1, "num_citations": 1, "num_publications_5y": 0, "num_citations_5y": 0, "num_publications_10y": 0, "num_citations_10y": 1, "publications_years": {"2008": 1}, "citations_years": {"2012": 1}, "old_citations": {"2008": 1}, "isVisible": false}, "2145439441": {"name": "e wong", "type": "author", "activity": 1, "h_index": 1, "h5_index": 0, "mag_id": "2145439441", "num_publications": 1, "num_citations": 2, "num_publications_5y": 0, "num_citations_5y": 1, "num_publications_10y": 0, "num_citations_10y": 2, "publications_years": {"2008": 1}, "citations_years": {"2011": 1, "2012": 0, "2013": 0, "2014": 0, "2015": 1}, "old_citations": {"2008": 2}, "isVisible": false}, "2149777922": {"name": "luying zhou", "type": "author", "activity": 12, "h_index": 8, "h5_index": 0, "mag_id": "2149777922", "num_publications": 1, "num_citations": 3, "num_publications_5y": 0, "num_citations_5y": 0, "num_publications_10y": 0, "num_citations_10y": 3, "publications_years": {"2008": 1}, "citations_years": {"2009": 2, "2010": 0, "2011": 1}, "old_citations": {"2008": 3}, "isVisible": false}, "2151308485": {"name": "ming tang", "type": "author", "activity": 16, "h_index": 5, "h5_index": 3, "mag_id": "2151308485", "num_publications": 1, "num_citations": 1, "num_publications_5y": 0, "num_citations_5y": 0, "num_publications_10y": 0, "num_citations_10y": 1, "publications_years": {"2008": 1}, "citations_years": {"2010": 1}, "old_citations": {"2008": 1}, "isVisible": false}, "2152514668": {"name": "dan lei yan", "type": "author", "activity": 10, "h_index": 2, "h5_index": 1, "mag_id": "2152514668", "num_publications": 1, "num_citations": 2, "num_publications_5y": 0, "num_citations_5y": 0, "num_publications_10y": 0, "num_citations_10y": 2, "publications_years": {"2008": 1}, "citations_years": {"2009": 1, "2010": 1}, "old_citations": {"2008": 2}, "isVisible": false}, "2152633321": {"name": "y c chung", "type": "author", "activity": 24, "h_index": 7, "h5_index": 0, "mag_id": "2152633321", "num_publications": 1, "num_citations": 22, "num_publications_5y": 0, "num_citations_5y": 7, "num_publications_10y": 0, "num_citations_10y": 21, "publications_years": {"2008": 1}, "citations_years": {"2009": 1, "2010": 2, "2011": 3, "2012": 5, "2013": 3, "2014": 2, "2015": 2, "2016": 1, "2017": 1, "2018": 1, "2019": 1}, "old_citations": {"2008": 22}, "isVisible": false}, "2152964485": {"name": "hideaki onodera", "type": "author", "activity": 2, "h_index": 1, "h5_index": 0, "mag_id": "2152964485", "num_publications": 1, "num_citations": 1, "num_publications_5y": 0, "num_citations_5y": 0, "num_publications_10y": 0, "num_citations_10y": 1, "publications_years": {"2008": 1}, "citations_years": {"2012": 1}, "old_citations": {"2008": 1}, "isVisible": false}, "2157525149": {"name": "joonyoung kim", "type": "author", "activity": 5, "h_index": 2, "h5_index": 0, "mag_id": "2157525149", "num_publications": 1, "num_citations": 1, "num_publications_5y": 0, "num_citations_5y": 1, "num_publications_10y": 0, "num_citations_10y": 1, "publications_years": {"2008": 1}, "citations_years": {"2016": 1}, "old_citations": {"2008": 1}, "isVisible": false}, "2159854462": {"name": "yufu wu", "type": "author", "activity": 3, "h_index": 2, "h5_index": 0, "mag_id": "2159854462", "num_publications": 1, "num_citations": 0, "num_publications_5y": 0, "num_citations_5y": 0, "num_publications_10y": 0, "num_citations_10y": 0, "publications_years": {"2008": 1}, "citations_years": {}, "old_citations": {"2008": 0}, "isVisible": false}, "2162876296": {"name": "feng xiao", "type": "author", "activity": 4, "h_index": 1, "h5_index": 0, "mag_id": "2162876296", "num_publications": 1, "num_citations": 0, "num_publications_5y": 0, "num_citations_5y": 0, "num_publications_10y": 0, "num_citations_10y": 0, "publications_years": {"2008": 1}, "citations_years": {}, "old_citations": {"2008": 0}, "isVisible": false}, "2162927978": {"name": "xiaohua gu", "type": "author", "activity": 7, "h_index": 3, "h5_index": 0, "mag_id": "2162927978", "num_publications": 1, "num_citations": 0, "num_publications_5y": 0, "num_citations_5y": 0, "num_publications_10y": 0, "num_citations_10y": 0, "publications_years": {"2008": 1}, "citations_years": {}, "old_citations": {"2008": 0}, "isVisible": false}, "2166300621": {"name": "anshi xu", "type": "author", "activity": 18, "h_index": 4, "h5_index": 0, "mag_id": "2166300621", "num_publications": 1, "num_citations": 0, "num_publications_5y": 0, "num_citations_5y": 0, "num_publications_10y": 0, "num_citations_10y": 0, "publications_years": {"2008": 1}, "citations_years": {}, "old_citations": {"2008": 0}, "isVisible": false}, "2169154786": {"name": "mitsuji matsumoto", "type": "author", "activity": 16, "h_index": 9, "h5_index": 0, "mag_id": "2169154786", "num_publications": 1, "num_citations": 1, "num_publications_5y": 0, "num_citations_5y": 0, "num_publications_10y": 0, "num_citations_10y": 1, "publications_years": {"2008": 1}, "citations_years": {"2012": 1}, "old_citations": {"2008": 1}, "isVisible": false}, "2169648935": {"name": "nankuang chen", "type": "author", "activity": 12, "h_index": 1, "h5_index": 0, "mag_id": "2169648935", "num_publications": 1, "num_citations": 0, "num_publications_5y": 0, "num_citations_5y": 0, "num_publications_10y": 0, "num_citations_10y": 0, "publications_years": {"2008": 1}, "citations_years": {}, "old_citations": {"2008": 0}, "isVisible": false}, "2223533961": {"name": "m a f roelens", "type": "author", "activity": 10, "h_index": 2, "h5_index": 0, "mag_id": "2223533961", "num_publications": 1, "num_citations": 0, "num_publications_5y": 0, "num_citations_5y": 0, "num_publications_10y": 0, "num_citations_10y": 0, "publications_years": {"2008": 1}, "citations_years": {}, "old_citations": {"2008": 0}, "isVisible": false}, "2224810804": {"name": "yujuan tong", "type": "author", "activity": 1, "h_index": 0, "h5_index": 0, "mag_id": "2224810804", "num_publications": 1, "num_citations": 0, "num_publications_5y": 0, "num_citations_5y": 0, "num_publications_10y": 0, "num_citations_10y": 0, "publications_years": {"2008": 1}, "citations_years": {}, "old_citations": {"2008": 0}, "isVisible": false}, "2226216557": {"name": "b le huu", "type": "author", "activity": 1, "h_index": 0, "h5_index": 0, "mag_id": "2226216557", "num_publications": 1, "num_citations": 0, "num_publications_5y": 0, "num_citations_5y": 0, "num_publications_10y": 0, "num_citations_10y": 0, "publications_years": {"2008": 1}, "citations_years": {}, "old_citations": {"2008": 0}, "isVisible": false}, "2228637726": {"name": "lek heng ngoh", "type": "author", "activity": 11, "h_index": 8, "h5_index": 0, "mag_id": "2228637726", "num_publications": 1, "num_citations": 3, "num_publications_5y": 0, "num_citations_5y": 0, "num_publications_10y": 0, "num_citations_10y": 3, "publications_years": {"2008": 1}, "citations_years": {"2009": 2, "2010": 0, "2011": 1}, "old_citations": {"2008": 3}, "isVisible": false}, "2230014900": {"name": "e k suryaningtyas", "type": "author", "activity": 1, "h_index": 1, "h5_index": 0, "mag_id": "2230014900", "num_publications": 1, "num_citations": 15, "num_publications_5y": 0, "num_citations_5y": 11, "num_publications_10y": 0, "num_citations_10y": 15, "publications_years": {"2008": 1}, "citations_years": {"2012": 2, "2013": 2, "2014": 3, "2015": 6, "2016": 2}, "old_citations": {"2008": 15}, "isVisible": false}, "2230953949": {"name": "zuhong gui", "type": "author", "activity": 1, "h_index": 0, "h5_index": 0, "mag_id": "2230953949", "num_publications": 1, "num_citations": 0, "num_publications_5y": 0, "num_citations_5y": 0, "num_publications_10y": 0, "num_citations_10y": 0, "publications_years": {"2008": 1}, "citations_years": {}, "old_citations": {"2008": 0}, "isVisible": false}, "2231108631": {"name": "b le nguyen", "type": "author", "activity": 1, "h_index": 0, "h5_index": 0, "mag_id": "2231108631", "num_publications": 1, "num_citations": 0, "num_publications_5y": 0, "num_citations_5y": 0, "num_publications_10y": 0, "num_citations_10y": 0, "publications_years": {"2008": 1}, "citations_years": {}, "old_citations": {"2008": 0}, "isVisible": false}, "2237524326": {"name": "abdulamir ali", "type": "author", "activity": 5, "h_index": 2, "h5_index": 0, "mag_id": "2237524326", "num_publications": 1, "num_citations": 0, "num_publications_5y": 0, "num_citations_5y": 0, "num_publications_10y": 0, "num_citations_10y": 0, "publications_years": {"2008": 1}, "citations_years": {}, "old_citations": {"2008": 0}, "isVisible": false}, "2240726624": {"name": "teck kiong lee", "type": "author", "activity": 3, "h_index": 4, "h5_index": 0, "mag_id": "2240726624", "num_publications": 1, "num_citations": 3, "num_publications_5y": 0, "num_citations_5y": 0, "num_publications_10y": 0, "num_citations_10y": 3, "publications_years": {"2008": 1}, "citations_years": {"2009": 2, "2010": 0, "2011": 1}, "old_citations": {"2008": 3}, "isVisible": false}, "2244219710": {"name": "mable p fok", "type": "author", "activity": 12, "h_index": 6, "h5_index": 1, "mag_id": "2244219710", "num_publications": 1, "num_citations": 5, "num_publications_5y": 0, "num_citations_5y": 0, "num_publications_10y": 0, "num_citations_10y": 5, "publications_years": {"2008": 1}, "citations_years": {"2010": 3, "2011": 2}, "old_citations": {"2008": 5}, "isVisible": false}, "2286123054": {"name": "yehuda meiman", "type": "author", "activity": 14, "h_index": 2, "h5_index": 0, "mag_id": "2286123054", "num_publications": 1, "num_citations": 3, "num_publications_5y": 0, "num_citations_5y": 2, "num_publications_10y": 0, "num_citations_10y": 3, "publications_years": {"2008": 1}, "citations_years": {"2011": 1, "2012": 0, "2013": 0, "2014": 0, "2015": 0, "2016": 0, "2017": 0, "2018": 2}, "old_citations": {"2008": 3}, "isVisible": false}, "2287663296": {"name": "y takushima", "type": "author", "activity": 6, "h_index": 4, "h5_index": 0, "mag_id": "2287663296", "num_publications": 1, "num_citations": 22, "num_publications_5y": 0, "num_citations_5y": 7, "num_publications_10y": 0, "num_citations_10y": 21, "publications_years": {"2008": 1}, "citations_years": {"2009": 1, "2010": 2, "2011": 3, "2012": 5, "2013": 3, "2014": 2, "2015": 2, "2016": 1, "2017": 1, "2018": 1, "2019": 1}, "old_citations": {"2008": 22}, "isVisible": false}, "2293192844": {"name": "r noe", "type": "author", "activity": 25, "h_index": 4, "h5_index": 0, "mag_id": "2293192844", "num_publications": 1, "num_citations": 3, "num_publications_5y": 0, "num_citations_5y": 2, "num_publications_10y": 0, "num_citations_10y": 3, "publications_years": {"2008": 1}, "citations_years": {"2011": 1, "2012": 0, "2013": 0, "2014": 0, "2015": 0, "2016": 0, "2017": 0, "2018": 2}, "old_citations": {"2008": 3}, "isVisible": false}, "2297720099": {"name": "teck yoong chai", "type": "author", "activity": 13, "h_index": 5, "h5_index": 1, "mag_id": "2297720099", "num_publications": 1, "num_citations": 3, "num_publications_5y": 0, "num_citations_5y": 0, "num_publications_10y": 0, "num_citations_10y": 3, "publications_years": {"2008": 1}, "citations_years": {"2009": 2, "2010": 0, "2011": 1}, "old_citations": {"2008": 3}, "isVisible": false}, "2299056090": {"name": "ghanshyam singh", "type": "author", "activity": 13, "h_index": 3, "h5_index": 3, "mag_id": "2299056090", "num_publications": 1, "num_citations": 1, "num_publications_5y": 0, "num_citations_5y": 0, "num_publications_10y": 0, "num_citations_10y": 1, "publications_years": {"2008": 1}, "citations_years": {"2009": 1}, "old_citations": {"2008": 1}, "isVisible": false}, "2304475203": {"name": "v t tu", "type": "author", "activity": 1, "h_index": 0, "h5_index": 0, "mag_id": "2304475203", "num_publications": 1, "num_citations": 0, "num_publications_5y": 0, "num_citations_5y": 0, "num_publications_10y": 0, "num_citations_10y": 0, "publications_years": {"2008": 1}, "citations_years": {}, "old_citations": {"2008": 0}, "isVisible": false}, "2308569272": {"name": "r m jopson", "type": "author", "activity": 4, "h_index": 1, "h5_index": 0, "mag_id": "2308569272", "num_publications": 1, "num_citations": 0, "num_publications_5y": 0, "num_citations_5y": 0, "num_publications_10y": 0, "num_citations_10y": 0, "publications_years": {"2008": 1}, "citations_years": {}, "old_citations": {"2008": 0}, "isVisible": false}, "2308768849": {"name": "shuping peng", "type": "author", "activity": 4, "h_index": 2, "h5_index": 0, "mag_id": "2308768849", "num_publications": 1, "num_citations": 0, "num_publications_5y": 0, "num_citations_5y": 0, "num_publications_10y": 0, "num_citations_10y": 0, "publications_years": {"2008": 1}, "citations_years": {}, "old_citations": {"2008": 0}, "isVisible": false}, "2331106206": {"name": "k mukdasanit", "type": "author", "activity": 1, "h_index": 0, "h5_index": 0, "mag_id": "2331106206", "num_publications": 1, "num_citations": 0, "num_publications_5y": 0, "num_citations_5y": 0, "num_publications_10y": 0, "num_citations_10y": 0, "publications_years": {"2008": 1}, "citations_years": {}, "old_citations": {"2008": 0}, "isVisible": false}, "2346027286": {"name": "d r m williams", "type": "author", "activity": 12, "h_index": 1, "h5_index": 0, "mag_id": "2346027286", "num_publications": 1, "num_citations": 0, "num_publications_5y": 0, "num_citations_5y": 0, "num_publications_10y": 0, "num_citations_10y": 0, "publications_years": {"2008": 1}, "citations_years": {}, "old_citations": {"2008": 0}, "isVisible": false}, "2405776784": {"name": "m k raja", "type": "author", "activity": 1, "h_index": 2, "h5_index": 0, "mag_id": "2405776784", "num_publications": 1, "num_citations": 2, "num_publications_5y": 0, "num_citations_5y": 0, "num_publications_10y": 0, "num_citations_10y": 2, "publications_years": {"2008": 1}, "citations_years": {"2009": 1, "2010": 1}, "old_citations": {"2008": 2}, "isVisible": false}, "2939167052": {"name": "k y cho", "type": "author", "activity": 1, "h_index": 1, "h5_index": 0, "mag_id": "2939167052", "num_publications": 1, "num_citations": 22, "num_publications_5y": 0, "num_citations_5y": 7, "num_publications_10y": 0, "num_citations_10y": 21, "publications_years": {"2008": 1}, "citations_years": {"2009": 1, "2010": 2, "2011": 3, "2012": 5, "2013": 3, "2014": 2, "2015": 2, "2016": 1, "2017": 1, "2018": 1, "2019": 1}, "old_citations": {"2008": 22}, "isVisible": false}, "2647961372": {"name": "tee hiang cheng", "type": "author", "activity": 3, "h_index": 1, "h5_index": 0, "mag_id": "2647961372", "num_publications": 1, "num_citations": 6, "num_publications_5y": 0, "num_citations_5y": 4, "num_publications_10y": 0, "num_citations_10y": 4, "publications_years": {"2008": 1}, "citations_years": {"2015": 1, "2016": 0, "2017": 0, "2018": 3, "2019": 2}, "old_citations": {"2008": 6}, "isVisible": false}, "2654107435": {"name": "kiang huat heng", "type": "author", "activity": 3, "h_index": 1, "h5_index": 0, "mag_id": "2654107435", "num_publications": 1, "num_citations": 6, "num_publications_5y": 0, "num_citations_5y": 4, "num_publications_10y": 0, "num_citations_10y": 4, "publications_years": {"2008": 1}, "citations_years": {"2015": 1, "2016": 0, "2017": 0, "2018": 3, "2019": 2}, "old_citations": {"2008": 6}, "isVisible": false}, "2811468195": {"name": "y he", "type": "author", "activity": 2, "h_index": 1, "h5_index": 0, "mag_id": "2811468195", "num_publications": 1, "num_citations": 6, "num_publications_5y": 0, "num_citations_5y": 4, "num_publications_10y": 0, "num_citations_10y": 4, "publications_years": {"2008": 1}, "citations_years": {"2015": 1, "2016": 0, "2017": 0, "2018": 3, "2019": 2}, "old_citations": {"2008": 6}, "isVisible": false}, "2974477108": {"name": "n liu", "type": "author", "activity": 4, "h_index": 2, "h5_index": 0, "mag_id": "2974477108", "num_publications": 1, "num_citations": 6, "num_publications_5y": 0, "num_citations_5y": 4, "num_publications_10y": 0, "num_citations_10y": 4, "publications_years": {"2008": 1}, "citations_years": {"2015": 1, "2016": 0, "2017": 0, "2018": 3, "2019": 2}, "old_citations": {"2008": 6}, "isVisible": false}, "2694395060": {"name": "c mandel", "type": "author", "activity": 1, "h_index": 1, "h5_index": 0, "mag_id": "2694395060", "num_publications": 1, "num_citations": 3, "num_publications_5y": 0, "num_citations_5y": 0, "num_publications_10y": 0, "num_citations_10y": 3, "publications_years": {"2008": 1}, "citations_years": {"2010": 1, "2011": 0, "2012": 1, "2013": 1}, "old_citations": {"2008": 3}, "isVisible": false}, "2942196092": {"name": "peter lutzmann", "type": "author", "activity": 17, "h_index": 3, "h5_index": 0, "mag_id": "2942196092", "num_publications": 1, "num_citations": 3, "num_publications_5y": 0, "num_citations_5y": 3, "num_publications_10y": 0, "num_citations_10y": 3, "publications_years": {"2008": 1}, "citations_years": {"2014": 1, "2015": 0, "2016": 2}, "old_citations": {"2008": 3}, "isVisible": false}, "2973764599": {"name": "p meissner", "type": "author", "activity": 1, "h_index": 1, "h5_index": 0, "mag_id": "2973764599", "num_publications": 1, "num_citations": 3, "num_publications_5y": 0, "num_citations_5y": 0, "num_publications_10y": 0, "num_citations_10y": 3, "publications_years": {"2008": 1}, "citations_years": {"2010": 1, "2011": 0, "2012": 1, "2013": 1}, "old_citations": {"2008": 3}, "isVisible": false}, "2974292245": {"name": "d goelz", "type": "author", "activity": 1, "h_index": 1, "h5_index": 0, "mag_id": "2974292245", "num_publications": 1, "num_citations": 3, "num_publications_5y": 0, "num_citations_5y": 0, "num_publications_10y": 0, "num_citations_10y": 3, "publications_years": {"2008": 1}, "citations_years": {"2010": 1, "2011": 0, "2012": 1, "2013": 1}, "old_citations": {"2008": 3}, "isVisible": false}, "2974365187": {"name": "r ebert", "type": "author", "activity": 1, "h_index": 1, "h5_index": 0, "mag_id": "2974365187", "num_publications": 1, "num_citations": 3, "num_publications_5y": 0, "num_citations_5y": 3, "num_publications_10y": 0, "num_citations_10y": 3, "publications_years": {"2008": 1}, "citations_years": {"2014": 1, "2015": 0, "2016": 2}, "old_citations": {"2008": 3}, "isVisible": false}, "2469237081": {"name": "wael hosny fouad aly", "type": "author", "activity": 17, "h_index": 5, "h5_index": 2, "mag_id": "2469237081", "num_publications": 1, "num_citations": 1, "num_publications_5y": 0, "num_citations_5y": 0, "num_publications_10y": 0, "num_citations_10y": 1, "publications_years": {"2008": 1}, "citations_years": {"2013": 1}, "old_citations": {"2008": 1}, "isVisible": false}, "2472463887": {"name": "songnian fu", "type": "author", "activity": 14, "h_index": 5, "h5_index": 3, "mag_id": "2472463887", "num_publications": 1, "num_citations": 1, "num_publications_5y": 0, "num_citations_5y": 0, "num_publications_10y": 0, "num_citations_10y": 1, "publications_years": {"2008": 1}, "citations_years": {"2010": 1}, "old_citations": {"2008": 1}, "isVisible": false}, "2481371553": {"name": "yang jing wen", "type": "author", "activity": 1, "h_index": 1, "h5_index": 0, "mag_id": "2481371553", "num_publications": 1, "num_citations": 1, "num_publications_5y": 0, "num_citations_5y": 0, "num_publications_10y": 0, "num_citations_10y": 1, "publications_years": {"2008": 1}, "citations_years": {"2010": 1}, "old_citations": {"2008": 1}, "isVisible": false}, "2566649772": {"name": "a singh", "type": "author", "activity": 1, "h_index": 1, "h5_index": 0, "mag_id": "2566649772", "num_publications": 1, "num_citations": 1, "num_publications_5y": 0, "num_citations_5y": 0, "num_publications_10y": 0, "num_citations_10y": 1, "publications_years": {"2008": 1}, "citations_years": {"2009": 1}, "old_citations": {"2008": 1}, "isVisible": false}, "2637619714": {"name": "linzhen xie", "type": "author", "activity": 1, "h_index": 1, "h5_index": 0, "mag_id": "2637619714", "num_publications": 1, "num_citations": 1, "num_publications_5y": 0, "num_citations_5y": 0, "num_publications_10y": 0, "num_citations_10y": 1, "publications_years": {"2008": 1}, "citations_years": {"2011": 1}, "old_citations": {"2008": 1}, "isVisible": false}, "2663581848": {"name": "wei li", "type": "author", "activity": 1, "h_index": 1, "h5_index": 0, "mag_id": "2663581848", "num_publications": 1, "num_citations": 1, "num_publications_5y": 0, "num_citations_5y": 0, "num_publications_10y": 0, "num_citations_10y": 1, "publications_years": {"2008": 1}, "citations_years": {"2011": 1}, "old_citations": {"2008": 1}, "isVisible": false}, "2681185977": {"name": "zhenrong zhang", "type": "author", "activity": 1, "h_index": 1, "h5_index": 0, "mag_id": "2681185977", "num_publications": 1, "num_citations": 1, "num_publications_5y": 0, "num_citations_5y": 0, "num_publications_10y": 0, "num_citations_10y": 1, "publications_years": {"2008": 1}, "citations_years": {"2011": 1}, "old_citations": {"2008": 1}, "isVisible": false}, "2937391621": {"name": "k sasaki", "type": "author", "activity": 2, "h_index": 1, "h5_index": 0, "mag_id": "2937391621", "num_publications": 1, "num_citations": 1, "num_publications_5y": 0, "num_citations_5y": 0, "num_publications_10y": 0, "num_citations_10y": 1, "publications_years": {"2008": 1}, "citations_years": {"2012": 1}, "old_citations": {"2008": 1}, "isVisible": false}, "2973277091": {"name": "k takahashi", "type": "author", "activity": 1, "h_index": 1, "h5_index": 0, "mag_id": "2973277091", "num_publications": 1, "num_citations": 1, "num_publications_5y": 0, "num_citations_5y": 0, "num_publications_10y": 0, "num_citations_10y": 1, "publications_years": {"2008": 1}, "citations_years": {"2012": 1}, "old_citations": {"2008": 1}, "isVisible": false}, "2973416145": {"name": "yuji aburakawa", "type": "author", "activity": 2, "h_index": 2, "h5_index": 0, "mag_id": "2973416145", "num_publications": 1, "num_citations": 1, "num_publications_5y": 0, "num_citations_5y": 0, "num_publications_10y": 0, "num_citations_10y": 1, "publications_years": {"2008": 1}, "citations_years": {"2012": 1}, "old_citations": {"2008": 1}, "isVisible": false}, "2974782204": {"name": "h taga", "type": "author", "activity": 1, "h_index": 1, "h5_index": 0, "mag_id": "2974782204", "num_publications": 1, "num_citations": 1, "num_publications_5y": 0, "num_citations_5y": 0, "num_publications_10y": 0, "num_citations_10y": 1, "publications_years": {"2008": 1}, "citations_years": {"2010": 1}, "old_citations": {"2008": 1}, "isVisible": false}, "3003079184": {"name": "kwanil lee", "type": "author", "activity": 11, "h_index": 3, "h5_index": 0, "mag_id": "3003079184", "num_publications": 1, "num_citations": 1, "num_publications_5y": 0, "num_citations_5y": 1, "num_publications_10y": 0, "num_citations_10y": 1, "publications_years": {"2008": 1}, "citations_years": {"2016": 1}, "old_citations": {"2008": 1}, "isVisible": false}}, "countries": {"China": {"name": "China", "type": "country", "h5_index": 214, "num_publications": 5, "num_citations": 4, "num_publications_5y": 0, "num_citations_5y": 1, "num_publications_10y": 0, "num_citations_10y": 4, "publications_years": {"2008": 5}, "citations_years": {"2011": 2, "2012": 0, "2013": 0, "2014": 0, "2015": 1, "2010": 1}, "old_citations": {"2008": 4}, "isVisible": false}, "Singapore": {"name": "Singapore", "type": "country", "h5_index": 105, "num_publications": 5, "num_citations": 12, "num_publications_5y": 0, "num_citations_5y": 4, "num_publications_10y": 0, "num_citations_10y": 10, "publications_years": {"2008": 5}, "citations_years": {"2009": 3, "2010": 2, "2015": 1, "2016": 0, "2017": 0, "2018": 3, "2019": 2, "2011": 1}, "old_citations": {"2008": 12}, "isVisible": false}, "United States": {"name": "United States", "type": "country", "h5_index": 308, "num_publications": 5, "num_citations": 9, "num_publications_5y": 0, "num_citations_5y": 2, "num_publications_10y": 0, "num_citations_10y": 9, "publications_years": {"2008": 5}, "citations_years": {"2010": 3, "2011": 3, "2012": 1, "2013": 0, "2014": 0, "2015": 0, "2016": 0, "2017": 0, "2018": 2}, "old_citations": {"2008": 9}, "isVisible": false}, "Australia": {"name": "Australia", "type": "country", "h5_index": 141, "num_publications": 4, "num_citations": 0, "num_publications_5y": 0, "num_citations_5y": 0, "num_publications_10y": 0, "num_citations_10y": 0, "publications_years": {"2008": 4}, "citations_years": {}, "old_citations": {"2008": 0}, "isVisible": false}, "Japan": {"name": "Japan", "type": "country", "h5_index": 94, "num_publications": 3, "num_citations": 1, "num_publications_5y": 0, "num_citations_5y": 0, "num_publications_10y": 0, "num_citations_10y": 1, "publications_years": {"2008": 3}, "citations_years": {"2012": 1}, "old_citations": {"2008": 1}, "isVisible": false}, "Taiwan": {"name": "Taiwan", "type": "country", "h5_index": 69, "num_publications": 3, "num_citations": 1, "num_publications_5y": 0, "num_citations_5y": 0, "num_publications_10y": 0, "num_citations_10y": 1, "publications_years": {"2008": 3}, "citations_years": {"2010": 1}, "old_citations": {"2008": 1}, "isVisible": false}, "South Korea": {"name": "South Korea", "type": "country", "h5_index": 100, "num_publications": 2, "num_citations": 23, "num_publications_5y": 0, "num_citations_5y": 8, "num_publications_10y": 0, "num_citations_10y": 22, "publications_years": {"2008": 2}, "citations_years": {"2009": 1, "2010": 2, "2011": 3, "2012": 5, "2013": 3, "2014": 2, "2015": 2, "2016": 2, "2017": 1, "2018": 1, "2019": 1}, "old_citations": {"2008": 23}, "isVisible": false}, "Germany": {"name": "Germany", "type": "country", "h5_index": 139, "num_publications": 1, "num_citations": 0, "num_publications_5y": 0, "num_citations_5y": 0, "num_publications_10y": 0, "num_citations_10y": 0, "publications_years": {"2008": 1}, "citations_years": {}, "old_citations": {"2008": 0}, "isVisible": false}, "India": {"name": "India", "type": "country", "h5_index": 78, "num_publications": 1, "num_citations": 1, "num_publications_5y": 0, "num_citations_5y": 0, "num_publications_10y": 0, "num_citations_10y": 1, "publications_years": {"2008": 1}, "citations_years": {"2009": 1}, "old_citations": {"2008": 1}, "isVisible": false}, "Indonesia": {"name": "Indonesia", "type": "country", "h5_index": 19, "num_publications": 1, "num_citations": 15, "num_publications_5y": 0, "num_citations_5y": 11, "num_publications_10y": 0, "num_citations_10y": 15, "publications_years": {"2008": 1}, "citations_years": {"2012": 2, "2013": 2, "2014": 3, "2015": 6, "2016": 2}, "old_citations": {"2008": 15}, "isVisible": false}, "Israel": {"name": "Israel", "type": "country", "h5_index": 110, "num_publications": 1, "num_citations": 3, "num_publications_5y": 0, "num_citations_5y": 2, "num_publications_10y": 0, "num_citations_10y": 3, "publications_years": {"2008": 1}, "citations_years": {"2011": 1, "2012": 0, "2013": 0, "2014": 0, "2015": 0, "2016": 0, "2017": 0, "2018": 2}, "old_citations": {"2008": 3}, "isVisible": false}, "Thailand": {"name": "Thailand", "type": "country", "h5_index": 24, "num_publications": 1, "num_citations": 0, "num_publications_5y": 0, "num_citations_5y": 0, "num_publications_10y": 0, "num_citations_10y": 0, "publications_years": {"2008": 1}, "citations_years": {}, "old_citations": {"2008": 0}, "isVisible": false}, "United Kingdom": {"name": "United Kingdom", "type": "country", "h5_index": 172, "num_publications": 1, "num_citations": 1, "num_publications_5y": 0, "num_citations_5y": 0, "num_publications_10y": 0, "num_citations_10y": 1, "publications_years": {"2008": 1}, "citations_years": {"2012": 1}, "old_citations": {"2008": 1}, "isVisible": false}}, "industrial_sectors": {"computing_and_it": {"name": "computing_and_it", "type": "industrial sector", "h5_index": 221, "num_publications": 1, "num_citations": 1, "num_publications_5y": 0, "num_citations_5y": 0, "num_publications_10y": 0, "num_citations_10y": 1, "publications_years": {"2008": 1}, "citations_years": {"2010": 1}, "old_citations": {"2008": 1}, "isVisible": false}, "semiconductor": {"name": "semiconductor", "type": "industrial sector", "h5_index": 102, "num_publications": 1, "num_citations": 1, "num_publications_5y": 0, "num_citations_5y": 0, "num_publications_10y": 0, "num_citations_10y": 1, "publications_years": {"2008": 1}, "citations_years": {"2010": 1}, "old_citations": {"2008": 1}, "isVisible": false}, "technology": {"name": "technology", "type": "industrial sector", "h5_index": 229, "num_publications": 1, "num_citations": 1, "num_publications_5y": 0, "num_citations_5y": 0, "num_publications_10y": 0, "num_citations_10y": 1, "publications_years": {"2008": 1}, "citations_years": {"2010": 1}, "old_citations": {"2008": 1}, "isVisible": false}, "telecommunications": {"name": "telecommunications", "type": "industrial sector", "h5_index": 89, "num_publications": 1, "num_citations": 1, "num_publications_5y": 0, "num_citations_5y": 0, "num_publications_10y": 0, "num_citations_10y": 1, "publications_years": {"2008": 1}, "citations_years": {"2010": 1}, "old_citations": {"2008": 1}, "isVisible": false}}}, "conference_comparison": {"computer science": {}}, "topics_dna": {"publications": {}, "citations": {"normalized": {}, "average": {}}}, "info": {"num_publications": 39, "num_citations": 73.0, "impact_factor": {}, "publications_years": {"2008": 39}, "citations_years": {"2009": 6, "2010": 9, "2011": 9, "2012": 10, "2013": 7, "2014": 6, "2015": 10, "2016": 6, "2017": 1, "2018": 6, "2019": 3}, "old_citations": {"2008": 73}, "h5_index": 0}, "percentile": {"computer science": {"2008": 62}}, "conference_ranking": {"computer science": {"2008": 1594}}, "academia": {"num_publications": 24, "num_citations": 57, "publications_years": {"2008": 24}, "old_citations": {"2008": 57}, "num_publications_5y": 0, "num_citations_5y": 0, "num_publications_10y": 0, "num_citations_10y": 0}, "industry": {"num_publications": 0, "num_citations": 0, "publications_years": {}, "old_citations": {}, "num_publications_5y": 0, "num_citations_5y": 0, "num_publications_10y": 0, "num_citations_10y": 0}, "collaborative": {"num_publications": 1, "num_citations": 1, "publications_years": {"2008": 1}, "old_citations": {"2008": 1}, "num_publications_5y": 0, "num_citations_5y": 0, "num_publications_10y": 0, "num_citations_10y": 0}, "conferences": {}, "journals": {}, "organizations": {"publication_overall": ["Nanyang Technological University", "Korea Advanced Institute of Science and Technology", "National Chiao Tung University", "Osaka University", "Peking University", "Princeton University", "University of California, San Diego", "University of Melbourne", "Agency for Science, Technology and Research", "Chongqing University", "Chulalongkorn University", "City University of Hong Kong", "Edith Cowan University", "Huawei Technologies (China)", "Institute for Infocomm Research", "Johns Hopkins University", "Kiel University", "Korea Institute of Science and Technology", "Malaviya National Institute of Technology Jaipur", "National Sun Yat-sen University", "National Taiwan University of Science and Technology", "National United University", "Osaka Institute of Technology", "Sepuluh Nopember Institute of Technology", "Technion \u2013 Israel Institute of Technology", "University of Strathclyde", "University of Sydney", "Waseda University", "Yuan Ze University"], "citation_overall": ["Korea Advanced Institute of Science and Technology", "Sepuluh Nopember Institute of Technology", "Nanyang Technological University", "Princeton University", "Institute for Infocomm Research", "Johns Hopkins University", "Technion \u2013 Israel Institute of Technology", "Agency for Science, Technology and Research", "City University of Hong Kong", "Huawei Technologies (China)", "Korea Institute of Science and Technology", "Malaviya National Institute of Technology Jaipur", "National Sun Yat-sen University", "Osaka University", "Peking University", "University of Strathclyde", "Waseda University", "Chongqing University", "Chulalongkorn University", "Edith Cowan University", "Kiel University", "National Chiao Tung University", "National Taiwan University of Science and Technology", "National United University", "Osaka Institute of Technology", "University of California, San Diego", "University of Melbourne", "University of Sydney", "Yuan Ze University"], "publication_10_years": [], "citation_10_years": [], "publication_5_years": [], "citation_5_years": []}, "countries": {"publication_overall": ["China", "Singapore", "United States", "Australia", "Japan", "Taiwan", "South Korea", "Germany", "India", "Indonesia", "Israel", "Thailand", "United Kingdom"], "citation_overall": ["South Korea", "Indonesia", "Singapore", "United States", "China", "Israel", "India", "Japan", "Taiwan", "United Kingdom", "Australia", "Germany", "Thailand"], "publication_10_years": [], "citation_10_years": [], "publication_5_years": [], "citation_5_years": []}, "topics": {"publication_overall": ["computer science", "computer systems", "computer networks", "telecommunication systems", "communication systems", "wireless telecommunication systems", "computer hardware", "sensors", "optical fibers", "telecommunication networks", "telecommunication traffic", "fiber optic networks", "communication channels (information theory)", "engineering", "optical materials", "wavelength division multiplexing", "bandwidth", "signal processing", "packet networks", "data communication systems"], "citation_overall": ["computer science", "communication systems", "computer networks", "computer systems", "telecommunication systems", "wireless telecommunication systems", "computer hardware", "sensors", "communication channels (information theory)", "optical fibers", "telecommunication networks", "telecommunication traffic", "engineering", "fiber optic networks", "optical materials", "packet networks", "bandwidth", "data communication systems", "wavelength division multiplexing", "wireless communications"], "publication_10_years": [], "citation_10_years": [], "publication_5_years": [], "citation_5_years": []}, "main_topics": ["computer science"], "authors": {"publication_overall": ["2141437430", "252132724", "70542366", "311004996", "313852825", "325704305", "716917568", "981975789", "1269730446", "1686113183", "1768571244", "1924966241", "1969070136", "1971646742", "1975304700", "1977513629", "1979506198", "1985395616", "1991710730", "1992688252", "2007121567", "2014071887", "2021040885", "2024348787", "2025266931", "2029346490", "2039224961", "2045981540", "2053994872", "2060726191", "2070993994", "2074197864", "2080570936", "2082636599", "2087460430", "2092729593", "2096140086", "2097171193", "2097839103", "2102300691", "2105564246", "2106725676", "2107686970", "2110508290", "2110991795", "2112207990", "2112787674", "2114997117", "2115878201", "2118171458", "2119967815", "2120064614", "2121684413", "2122003511", "2124318949", "2124812073", "2128362920", "2129344382", "2134612003", "2137412765", "2141830615", "2141964421", "2142009467", "2142063241", "2142168990", "2142301679", "2145439441", "2149777922", "2151308485", "2152514668", "2152633321", "2152964485", "2157525149", "2159854462", "2162876296", "2162927978", "2166300621", "2169154786", "2169648935", "2223533961", "2224810804", "2226216557", "2228637726", "2230014900", "2230953949", "2231108631", "2237524326", "2240726624", "2244219710", "2286123054", "2287663296", "2293192844", "2297720099", "2299056090", "2304475203", "2308569272", "2308768849", "2331106206", "2346027286", "2405776784"], "citation_overall": ["2152633321", "2287663296", "2939167052", "2070993994", "2230014900", "2141437430", "252132724", "2647961372", "2654107435", "2811468195", "2974477108", "2087460430", "2112207990", "2114997117", "2244219710", "313852825", "1971646742", "1985395616", "2024348787", "2029346490", "2110508290", "2121684413", "2128362920", "2142009467", "2149777922", "2228637726", "2240726624", "2286123054", "2293192844", "2297720099", "2694395060", "2942196092", "2973764599", "2974292245", "2974365187", "2060726191", "2141830615", "2145439441", "2152514668", "2405776784", "311004996", "325704305", "1768571244", "1969070136", "1975304700", "1977513629", "1991710730", "2014071887", "2039224961", "2053994872", "2074197864", "2082636599", "2096140086", "2097171193", "2097839103", "2105564246", "2106725676", "2107686970", "2112787674", "2115878201", "2119967815", "2120064614", "2122003511", "2129344382", "2141964421", "2142301679", "2151308485", "2152964485", "2157525149", "2169154786", "2299056090", "2469237081", "2472463887", "2481371553", "2566649772", "2637619714", "2663581848", "2681185977", "2937391621", "2973277091", "2973416145", "2974782204", "3003079184", "70542366", "716917568", "981975789", "1269730446", "1686113183", "1924966241", "1979506198", "1992688252", "2007121567", "2021040885", "2025266931", "2045981540", "2080570936", "2092729593", "2102300691", "2110991795", "2118171458"], "publication_10_years": [], "citation_10_years": [], "publication_5_years": [], "citation_5_years": []}, "industrial_sectors": {"publication_overall": ["computing_and_it", "semiconductor", "technology", "telecommunications"], "citation_overall": ["computing_and_it", "semiconductor", "technology", "telecommunications"], "publication_10_years": [], "citation_10_years": [], "publication_5_years": [], "citation_5_years": []}}