{"name": "IEEE Conference on Industrial Automation and Control Emerging Technology Applications", "acronym": "IACETA", "type": "conference", "uniqueEntities": {"organizations": {"National Taiwan Normal University": {"name": "National Taiwan Normal University", "type": "organization", "organization_type": "Education", "h_index": 52, "h5_index": 18, "num_publications": 2, "num_citations": 2, "num_publications_5y": 0, "num_citations_5y": 0, "num_publications_10y": 0, "num_citations_10y": 0, "publications_years": {"1995": 2}, "citations_years": {"2005": 1, "2006": 1}, "old_citations": {"1995": 2}, "isVisible": false}, "National Taiwan Ocean University": {"name": "National Taiwan Ocean University", "type": "organization", "organization_type": "Education", "h_index": 44, "h5_index": 7, "num_publications": 2, "num_citations": 4, "num_publications_5y": 0, "num_citations_5y": 0, "num_publications_10y": 0, "num_citations_10y": 0, "publications_years": {"1995": 2}, "citations_years": {"1995": 1, "1996": 0, "1997": 1, "1998": 1, "1999": 0, "2000": 0, "2001": 0, "2002": 1}, "old_citations": {"1995": 4}, "isVisible": false}, "Chung Yuan Christian University": {"name": "Chung Yuan Christian University", "type": "organization", "organization_type": "Education", "h_index": 53, "h5_index": 12, "num_publications": 1, "num_citations": 1, "num_publications_5y": 0, "num_citations_5y": 0, "num_publications_10y": 0, "num_citations_10y": 0, "publications_years": {"1995": 1}, "citations_years": {"2004": 1}, "old_citations": {"1995": 1}, "isVisible": false}, "Feng Chia University": {"name": "Feng Chia University", "type": "organization", "organization_type": "Education", "h_index": 60, "h5_index": 19, "num_publications": 1, "num_citations": 0, "num_publications_5y": 0, "num_citations_5y": 0, "num_publications_10y": 0, "num_citations_10y": 0, "publications_years": {"1995": 1}, "citations_years": {}, "old_citations": {"1995": 0}, "isVisible": false}, "King Saud University": {"name": "King Saud University", "type": "organization", "organization_type": "Education", "h_index": 70, "h5_index": 48, "num_publications": 1, "num_citations": 0, "num_publications_5y": 0, "num_citations_5y": 0, "num_publications_10y": 0, "num_citations_10y": 0, "publications_years": {"1995": 1}, "citations_years": {}, "old_citations": {"1995": 0}, "isVisible": false}, "Motorola (United States)": {"name": "Motorola (United States)", "type": "organization", "organization_type": "Company", "h_index": 172, "h5_index": 9, "num_publications": 1, "num_citations": 2, "num_publications_5y": 0, "num_citations_5y": 0, "num_publications_10y": 0, "num_citations_10y": 2, "publications_years": {"1995": 1}, "citations_years": {"2010": 1, "2011": 0, "2012": 0, "2013": 1}, "old_citations": {"1995": 2}, "isVisible": false}, "National Cheng Kung University": {"name": "National Cheng Kung University", "type": "organization", "organization_type": "Education", "h_index": 101, "h5_index": 29, "num_publications": 1, "num_citations": 3, "num_publications_5y": 0, "num_citations_5y": 2, "num_publications_10y": 0, "num_citations_10y": 3, "publications_years": {"1995": 1}, "citations_years": {"2013": 1, "2014": 1, "2015": 0, "2016": 1}, "old_citations": {"1995": 3}, "isVisible": false}, "National Chiao Tung University": {"name": "National Chiao Tung University", "type": "organization", "organization_type": "Education", "h_index": 130, "h5_index": 31, "num_publications": 1, "num_citations": 0, "num_publications_5y": 0, "num_citations_5y": 0, "num_publications_10y": 0, "num_citations_10y": 0, "publications_years": {"1995": 1}, "citations_years": {}, "old_citations": {"1995": 0}, "isVisible": false}, "Rensselaer Polytechnic Institute": {"name": "Rensselaer Polytechnic Institute", "type": "organization", "organization_type": "Education", "h_index": 147, "h5_index": 28, "num_publications": 1, "num_citations": 3, "num_publications_5y": 0, "num_citations_5y": 0, "num_publications_10y": 0, "num_citations_10y": 1, "publications_years": {"1995": 1}, "citations_years": {"2002": 1, "2003": 0, "2004": 0, "2005": 0, "2006": 0, "2007": 0, "2008": 0, "2009": 0, "2010": 1, "2011": 0, "2012": 0, "2013": 0, "2014": 0, "2015": 0, "2016": 0, "2017": 0, "2018": 0, "2019": 1}, "old_citations": {"1995": 3}, "isVisible": false}, "Shizuoka University": {"name": "Shizuoka University", "type": "organization", "organization_type": "Education", "h_index": 37, "h5_index": 12, "num_publications": 1, "num_citations": 1, "num_publications_5y": 0, "num_citations_5y": 0, "num_publications_10y": 0, "num_citations_10y": 0, "publications_years": {"1995": 1}, "citations_years": {"2001": 1}, "old_citations": {"1995": 1}, "isVisible": false}, "Tunghai University": {"name": "Tunghai University", "type": "organization", "organization_type": "Education", "h_index": 36, "h5_index": 11, "num_publications": 1, "num_citations": 0, "num_publications_5y": 0, "num_citations_5y": 0, "num_publications_10y": 0, "num_citations_10y": 0, "publications_years": {"1995": 1}, "citations_years": {}, "old_citations": {"1995": 0}, "isVisible": false}}, "topics": {"computer science": {"name": "computer science", "type": "topic", "h_index": 1779, "h5_index": 416, "num_publications": 30, "num_citations": 61, "num_publications_5y": 0, "num_citations_5y": 10, "num_publications_10y": 0, "num_citations_10y": 26, "publications_years": {"1995": 30}, "citations_years": {"2004": 3, "2005": 5, "2006": 3, "2007": 3, "2008": 1, "2009": 1, "2010": 5, "2011": 6, "2012": 1, "2013": 3, "2014": 4, "1995": 1, "1996": 1, "1997": 2, "1998": 1, "1999": 3, "2000": 3, "2001": 1, "2002": 5, "2003": 1, "2015": 0, "2016": 2, "2017": 3, "2018": 1, "2019": 2}, "old_citations": {"1995": 66}, "isVisible": false}, "computer systems": {"name": "computer systems", "type": "topic", "h_index": 1595, "h5_index": 367, "num_publications": 25, "num_citations": 52, "num_publications_5y": 0, "num_citations_5y": 9, "num_publications_10y": 0, "num_citations_10y": 23, "publications_years": {"1995": 25}, "citations_years": {"1995": 1, "1996": 1, "1997": 2, "1998": 1, "1999": 3, "2000": 3, "2001": 1, "2002": 4, "2003": 1, "2004": 2, "2005": 5, "2006": 2, "2007": 1, "2008": 1, "2009": 1, "2010": 3, "2011": 6, "2012": 1, "2013": 3, "2014": 3, "2015": 0, "2016": 2, "2017": 3, "2018": 1, "2019": 1}, "old_citations": {"1995": 57}, "isVisible": false}, "computer networks": {"name": "computer networks", "type": "topic", "h_index": 1262, "h5_index": 332, "num_publications": 18, "num_citations": 30, "num_publications_5y": 0, "num_citations_5y": 6, "num_publications_10y": 0, "num_citations_10y": 15, "publications_years": {"1995": 18}, "citations_years": {"2004": 2, "2005": 2, "2006": 2, "2007": 2, "2008": 0, "2009": 1, "2010": 3, "2011": 4, "2012": 1, "2013": 0, "2014": 3, "2000": 2, "2001": 1, "2002": 1, "2003": 0, "1999": 3, "2015": 0, "2016": 0, "2017": 2, "2018": 1}, "old_citations": {"1995": 35}, "isVisible": false}, "mathematics": {"name": "mathematics", "type": "topic", "h_index": 1364, "h5_index": 300, "num_publications": 17, "num_citations": 28, "num_publications_5y": 0, "num_citations_5y": 8, "num_publications_10y": 0, "num_citations_10y": 16, "publications_years": {"1995": 17}, "citations_years": {"2000": 1, "2001": 0, "2002": 2, "2003": 0, "2004": 0, "2005": 3, "2006": 2, "2007": 0, "2008": 0, "2009": 0, "2010": 4, "2011": 1, "2012": 1, "2013": 2, "2014": 3, "2015": 0, "2016": 1, "2017": 3, "1999": 3, "2018": 1, "2019": 1}, "old_citations": {"1995": 33}, "isVisible": false}, "artificial intelligence": {"name": "artificial intelligence", "type": "topic", "h_index": 1421, "h5_index": 373, "num_publications": 16, "num_citations": 47, "num_publications_5y": 0, "num_citations_5y": 6, "num_publications_10y": 0, "num_citations_10y": 19, "publications_years": {"1995": 16}, "citations_years": {"1995": 1, "1996": 0, "1997": 2, "1998": 1, "1999": 3, "2000": 3, "2001": 0, "2002": 5, "2003": 1, "2004": 1, "2005": 5, "2006": 2, "2007": 1, "2008": 1, "2009": 1, "2010": 4, "2011": 5, "2012": 1, "2013": 2, "2014": 2, "2015": 0, "2016": 1, "2017": 2, "2018": 1, "2019": 2}, "old_citations": {"1995": 52}, "isVisible": false}, "engineering": {"name": "engineering", "type": "topic", "h_index": 1177, "h5_index": 287, "num_publications": 16, "num_citations": 28, "num_publications_5y": 0, "num_citations_5y": 9, "num_publications_10y": 0, "num_citations_10y": 15, "publications_years": {"1995": 16}, "citations_years": {"2004": 2, "2005": 2, "2006": 2, "2007": 2, "2008": 0, "2009": 0, "2010": 3, "2011": 1, "2012": 1, "2013": 1, "2014": 4, "2000": 1, "2001": 1, "2002": 1, "2003": 0, "2015": 0, "2016": 1, "2017": 3, "1999": 2, "2018": 1}, "old_citations": {"1995": 28}, "isVisible": false}, "control systems": {"name": "control systems", "type": "topic", "h_index": 433, "h5_index": 104, "num_publications": 14, "num_citations": 36, "num_publications_5y": 0, "num_citations_5y": 8, "num_publications_10y": 0, "num_citations_10y": 17, "publications_years": {"1995": 14}, "citations_years": {"2014": 2, "2013": 3, "2015": 0, "2016": 2, "1996": 1, "2005": 5, "2006": 1, "2004": 1, "2017": 3, "1999": 3, "2000": 1, "2001": 0, "2002": 2, "2003": 1, "1997": 1, "1998": 0, "2007": 1, "2008": 1, "2009": 0, "2010": 3, "2011": 3, "2012": 0, "2018": 1, "2019": 1}, "old_citations": {"1995": 36}, "isVisible": false}, "computer hardware": {"name": "computer hardware", "type": "topic", "h_index": 1150, "h5_index": 279, "num_publications": 13, "num_citations": 34, "num_publications_5y": 0, "num_citations_5y": 5, "num_publications_10y": 0, "num_citations_10y": 15, "publications_years": {"1995": 13}, "citations_years": {"2004": 1, "2005": 3, "2006": 2, "2007": 3, "2008": 1, "2009": 0, "2010": 4, "2011": 4, "2012": 0, "2013": 2, "2014": 1, "1997": 1, "1998": 0, "1999": 2, "2000": 1, "2001": 1, "2002": 2, "2003": 1, "2015": 0, "2016": 1, "2017": 2, "2018": 1, "2019": 1}, "old_citations": {"1995": 34}, "isVisible": false}, "telecommunication systems": {"name": "telecommunication systems", "type": "topic", "h_index": 1187, "h5_index": 277, "num_publications": 13, "num_citations": 19, "num_publications_5y": 0, "num_citations_5y": 5, "num_publications_10y": 0, "num_citations_10y": 10, "publications_years": {"1995": 13}, "citations_years": {"2000": 1, "2001": 1, "2002": 1, "2003": 0, "2004": 0, "2005": 2, "2006": 1, "2007": 0, "2008": 0, "2009": 0, "2010": 2, "2011": 2, "2012": 1, "2013": 0, "2014": 2, "1999": 3, "2015": 0, "2016": 0, "2017": 2, "2018": 1}, "old_citations": {"1995": 24}, "isVisible": false}, "communication systems": {"name": "communication systems", "type": "topic", "h_index": 1092, "h5_index": 254, "num_publications": 11, "num_citations": 16, "num_publications_5y": 0, "num_citations_5y": 5, "num_publications_10y": 0, "num_citations_10y": 9, "publications_years": {"1995": 11}, "citations_years": {"2000": 1, "2001": 1, "2002": 1, "2003": 0, "2004": 0, "2005": 1, "2006": 1, "2007": 0, "2008": 0, "2009": 0, "2010": 2, "2011": 1, "2012": 1, "2013": 0, "2014": 2, "1999": 2, "2015": 0, "2016": 0, "2017": 2, "2018": 1}, "old_citations": {"1995": 21}, "isVisible": false}, "wireless telecommunication systems": {"name": "wireless telecommunication systems", "type": "topic", "h_index": 1087, "h5_index": 254, "num_publications": 11, "num_citations": 16, "num_publications_5y": 0, "num_citations_5y": 5, "num_publications_10y": 0, "num_citations_10y": 9, "publications_years": {"1995": 11}, "citations_years": {"2000": 1, "2001": 1, "2002": 1, "2003": 0, "2004": 0, "2005": 1, "2006": 1, "2007": 0, "2008": 0, "2009": 0, "2010": 2, "2011": 1, "2012": 1, "2013": 0, "2014": 2, "1999": 2, "2015": 0, "2016": 0, "2017": 2, "2018": 1}, "old_citations": {"1995": 21}, "isVisible": false}, "adaptive control systems": {"name": "adaptive control systems", "type": "topic", "h_index": 496, "h5_index": 131, "num_publications": 10, "num_citations": 20, "num_publications_5y": 0, "num_citations_5y": 7, "num_publications_10y": 0, "num_citations_10y": 12, "publications_years": {"1995": 10}, "citations_years": {"2000": 1, "2001": 0, "2002": 1, "2003": 0, "2004": 1, "2005": 2, "2006": 1, "2007": 0, "2008": 0, "2009": 0, "2010": 2, "2011": 1, "2012": 1, "2013": 1, "2014": 2, "2015": 0, "2016": 1, "2017": 3, "1999": 2, "2018": 1}, "old_citations": {"1995": 20}, "isVisible": false}, "automation": {"name": "automation", "type": "topic", "h_index": 579, "h5_index": 144, "num_publications": 10, "num_citations": 20, "num_publications_5y": 0, "num_citations_5y": 7, "num_publications_10y": 0, "num_citations_10y": 12, "publications_years": {"1995": 10}, "citations_years": {"2000": 1, "2001": 0, "2002": 1, "2003": 0, "2004": 1, "2005": 2, "2006": 1, "2007": 0, "2008": 0, "2009": 0, "2010": 2, "2011": 1, "2012": 1, "2013": 1, "2014": 2, "2015": 0, "2016": 1, "2017": 3, "1999": 2, "2018": 1}, "old_citations": {"1995": 20}, "isVisible": false}, "process control": {"name": "process control", "type": "topic", "h_index": 538, "h5_index": 133, "num_publications": 10, "num_citations": 20, "num_publications_5y": 0, "num_citations_5y": 7, "num_publications_10y": 0, "num_citations_10y": 12, "publications_years": {"1995": 10}, "citations_years": {"2000": 1, "2001": 0, "2002": 1, "2003": 0, "2004": 1, "2005": 2, "2006": 1, "2007": 0, "2008": 0, "2009": 0, "2010": 2, "2011": 1, "2012": 1, "2013": 1, "2014": 2, "2015": 0, "2016": 1, "2017": 3, "1999": 2, "2018": 1}, "old_citations": {"1995": 20}, "isVisible": false}, "robotics": {"name": "robotics", "type": "topic", "h_index": 677, "h5_index": 171, "num_publications": 10, "num_citations": 37, "num_publications_5y": 0, "num_citations_5y": 7, "num_publications_10y": 0, "num_citations_10y": 15, "publications_years": {"1995": 10}, "citations_years": {"2004": 1, "2005": 4, "2006": 2, "2007": 3, "2008": 1, "2009": 0, "2010": 4, "2011": 3, "2012": 0, "2013": 1, "2014": 2, "1996": 1, "2017": 3, "1997": 1, "1998": 0, "1999": 2, "2000": 1, "2001": 0, "2002": 3, "2003": 1, "2015": 0, "2016": 1, "2018": 1, "2019": 2}, "old_citations": {"1995": 37}, "isVisible": false}, "robots": {"name": "robots", "type": "topic", "h_index": 521, "h5_index": 132, "num_publications": 10, "num_citations": 37, "num_publications_5y": 0, "num_citations_5y": 7, "num_publications_10y": 0, "num_citations_10y": 15, "publications_years": {"1995": 10}, "citations_years": {"2004": 1, "2005": 4, "2006": 2, "2007": 3, "2008": 1, "2009": 0, "2010": 4, "2011": 3, "2012": 0, "2013": 1, "2014": 2, "1996": 1, "2017": 3, "1997": 1, "1998": 0, "1999": 2, "2000": 1, "2001": 0, "2002": 3, "2003": 1, "2015": 0, "2016": 1, "2018": 1, "2019": 2}, "old_citations": {"1995": 37}, "isVisible": false}, "sensors": {"name": "sensors", "type": "topic", "h_index": 960, "h5_index": 229, "num_publications": 10, "num_citations": 31, "num_publications_5y": 0, "num_citations_5y": 5, "num_publications_10y": 0, "num_citations_10y": 12, "publications_years": {"1995": 10}, "citations_years": {"2004": 1, "2005": 3, "2006": 2, "2007": 3, "2008": 1, "2009": 0, "2010": 3, "2011": 3, "2012": 0, "2013": 1, "2014": 1, "1997": 1, "1998": 0, "1999": 2, "2000": 1, "2001": 1, "2002": 2, "2003": 1, "2015": 0, "2016": 1, "2017": 2, "2018": 1, "2019": 1}, "old_citations": {"1995": 31}, "isVisible": false}, "matrix algebra": {"name": "matrix algebra", "type": "topic", "h_index": 771, "h5_index": 183, "num_publications": 9, "num_citations": 20, "num_publications_5y": 0, "num_citations_5y": 8, "num_publications_10y": 0, "num_citations_10y": 13, "publications_years": {"1995": 9}, "citations_years": {"2000": 1, "2001": 0, "2002": 1, "2003": 0, "2004": 0, "2005": 2, "2006": 1, "2007": 0, "2008": 0, "2009": 0, "2010": 2, "2011": 1, "2012": 1, "2013": 1, "2014": 3, "2015": 0, "2016": 1, "2017": 3, "1999": 2, "2018": 1}, "old_citations": {"1995": 25}, "isVisible": false}, "linear matrix inequalities": {"name": "linear matrix inequalities", "type": "topic", "h_index": 571, "h5_index": 144, "num_publications": 8, "num_citations": 20, "num_publications_5y": 0, "num_citations_5y": 8, "num_publications_10y": 0, "num_citations_10y": 13, "publications_years": {"1995": 8}, "citations_years": {"2000": 1, "2001": 0, "2002": 1, "2003": 0, "2004": 0, "2005": 2, "2006": 1, "2007": 0, "2008": 0, "2009": 0, "2010": 2, "2011": 1, "2012": 1, "2013": 1, "2014": 3, "2015": 0, "2016": 1, "2017": 3, "1999": 2, "2018": 1}, "old_citations": {"1995": 20}, "isVisible": false}, "machine learning": {"name": "machine learning", "type": "topic", "h_index": 1123, "h5_index": 351, "num_publications": 8, "num_citations": 30, "num_publications_5y": 0, "num_citations_5y": 4, "num_publications_10y": 0, "num_citations_10y": 13, "publications_years": {"1995": 8}, "citations_years": {"2005": 4, "2006": 2, "1997": 1, "1998": 0, "1999": 2, "2000": 1, "2001": 0, "2002": 2, "2003": 1, "2004": 1, "2007": 1, "2008": 1, "2009": 1, "2010": 2, "2011": 5, "2012": 0, "2013": 1, "2014": 0, "2015": 0, "2016": 1, "2017": 2, "2018": 1, "2019": 1}, "old_citations": {"1995": 30}, "isVisible": false}, "mobile robots": {"name": "mobile robots", "type": "topic", "h_index": 575, "h5_index": 146, "num_publications": 7, "num_citations": 34, "num_publications_5y": 0, "num_citations_5y": 6, "num_publications_10y": 0, "num_citations_10y": 14, "publications_years": {"1995": 7}, "citations_years": {"2004": 1, "2005": 3, "2006": 1, "2007": 3, "2008": 1, "2009": 0, "2010": 4, "2011": 3, "2012": 0, "2013": 1, "2014": 2, "1996": 1, "1997": 1, "1998": 0, "1999": 2, "2000": 1, "2001": 0, "2002": 3, "2003": 1, "2015": 0, "2016": 1, "2017": 2, "2018": 1, "2019": 2}, "old_citations": {"1995": 34}, "isVisible": false}, "computer imaging and vision": {"name": "computer imaging and vision", "type": "topic", "h_index": 1142, "h5_index": 334, "num_publications": 7, "num_citations": 21, "num_publications_5y": 0, "num_citations_5y": 1, "num_publications_10y": 0, "num_citations_10y": 8, "publications_years": {"1995": 7}, "citations_years": {"1997": 1, "1998": 0, "1999": 0, "2000": 1, "2001": 0, "2002": 3, "2003": 1, "2004": 1, "2005": 2, "2006": 0, "2007": 1, "2008": 1, "2009": 1, "2010": 1, "2011": 4, "2012": 0, "2013": 1, "2014": 0, "2015": 0, "2016": 1, "2017": 0, "2018": 0, "2019": 2}, "old_citations": {"1995": 26}, "isVisible": false}, "image processing": {"name": "image processing", "type": "topic", "h_index": 1113, "h5_index": 328, "num_publications": 7, "num_citations": 21, "num_publications_5y": 0, "num_citations_5y": 1, "num_publications_10y": 0, "num_citations_10y": 8, "publications_years": {"1995": 7}, "citations_years": {"1997": 1, "1998": 0, "1999": 0, "2000": 1, "2001": 0, "2002": 3, "2003": 1, "2004": 1, "2005": 2, "2006": 0, "2007": 1, "2008": 1, "2009": 1, "2010": 1, "2011": 4, "2012": 0, "2013": 1, "2014": 0, "2015": 0, "2016": 1, "2017": 0, "2018": 0, "2019": 2}, "old_citations": {"1995": 26}, "isVisible": false}, "image analysis": {"name": "image analysis", "type": "topic", "h_index": 988, "h5_index": 315, "num_publications": 6, "num_citations": 17, "num_publications_5y": 0, "num_citations_5y": 1, "num_publications_10y": 0, "num_citations_10y": 5, "publications_years": {"1995": 6}, "citations_years": {"1997": 1, "1998": 0, "1999": 0, "2000": 1, "2001": 0, "2002": 3, "2003": 1, "2004": 0, "2005": 2, "2006": 0, "2007": 1, "2008": 1, "2009": 0, "2010": 1, "2011": 2, "2012": 0, "2013": 1, "2014": 0, "2015": 0, "2016": 1, "2017": 0, "2018": 0, "2019": 2}, "old_citations": {"1995": 22}, "isVisible": false}, "manipulators": {"name": "manipulators", "type": "topic", "h_index": 382, "h5_index": 110, "num_publications": 7, "num_citations": 22, "num_publications_5y": 0, "num_citations_5y": 5, "num_publications_10y": 0, "num_citations_10y": 10, "publications_years": {"1995": 7}, "citations_years": {"2004": 1, "2005": 2, "2006": 2, "2007": 2, "2008": 0, "2009": 0, "2010": 4, "2011": 1, "2012": 0, "2013": 0, "2014": 2, "1996": 1, "1999": 2, "2000": 0, "2001": 0, "2002": 1, "2003": 0, "2015": 0, "2016": 0, "2017": 2, "2018": 1, "2019": 1}, "old_citations": {"1995": 22}, "isVisible": false}}, "authors": {"2117794435": {"name": "muder jeng", "type": "author", "activity": 27, "h_index": 17, "h5_index": 0, "mag_id": "2117794435", "num_publications": 2, "num_citations": 4, "num_publications_5y": 0, "num_citations_5y": 0, "num_publications_10y": 0, "num_citations_10y": 0, "publications_years": {"1995": 2}, "citations_years": {"1995": 1, "1996": 0, "1997": 1, "1998": 1, "1999": 0, "2000": 0, "2001": 0, "2002": 1}, "old_citations": {"1995": 4}, "isVisible": false}, "98607083": {"name": "tomonobu senjyu", "type": "author", "activity": 27, "h_index": 13, "h5_index": 6, "mag_id": "98607083", "num_publications": 1, "num_citations": 6, "num_publications_5y": 0, "num_citations_5y": 1, "num_publications_10y": 0, "num_citations_10y": 2, "publications_years": {"1995": 1}, "citations_years": {"2004": 1, "2005": 0, "2006": 1, "2007": 2, "2008": 0, "2009": 0, "2010": 1, "2011": 0, "2012": 0, "2013": 0, "2014": 1}, "old_citations": {"1995": 6}, "isVisible": false}, "154023052": {"name": "katsumi uezato", "type": "author", "activity": 12, "h_index": 11, "h5_index": 0, "mag_id": "154023052", "num_publications": 1, "num_citations": 6, "num_publications_5y": 0, "num_citations_5y": 1, "num_publications_10y": 0, "num_citations_10y": 2, "publications_years": {"1995": 1}, "citations_years": {"2004": 1, "2005": 0, "2006": 1, "2007": 2, "2008": 0, "2009": 0, "2010": 1, "2011": 0, "2012": 0, "2013": 0, "2014": 1}, "old_citations": {"1995": 6}, "isVisible": false}, "328916758": {"name": "h m shertukde", "type": "author", "activity": 30, "h_index": 1, "h5_index": 0, "mag_id": "328916758", "num_publications": 1, "num_citations": 1, "num_publications_5y": 0, "num_citations_5y": 0, "num_publications_10y": 0, "num_citations_10y": 0, "publications_years": {"1995": 1}, "citations_years": {"2006": 1}, "old_citations": {"1995": 1}, "isVisible": false}, "1891929079": {"name": "claude bergmann", "type": "author", "activity": 7, "h_index": 3, "h5_index": 0, "mag_id": "1891929079", "num_publications": 1, "num_citations": 1, "num_publications_5y": 0, "num_citations_5y": 1, "num_publications_10y": 0, "num_citations_10y": 1, "publications_years": {"1995": 1}, "citations_years": {"2014": 1}, "old_citations": {"1995": 1}, "isVisible": false}, "1898750173": {"name": "s babaci", "type": "author", "activity": 2, "h_index": 1, "h5_index": 0, "mag_id": "1898750173", "num_publications": 1, "num_citations": 1, "num_publications_5y": 0, "num_citations_5y": 0, "num_publications_10y": 0, "num_citations_10y": 0, "publications_years": {"1995": 1}, "citations_years": {"1996": 1}, "old_citations": {"1995": 1}, "isVisible": false}, "1941705577": {"name": "bachir lakehal", "type": "author", "activity": 1, "h_index": 1, "h5_index": 0, "mag_id": "1941705577", "num_publications": 1, "num_citations": 14, "num_publications_5y": 0, "num_citations_5y": 1, "num_publications_10y": 0, "num_citations_10y": 4, "publications_years": {"1995": 1}, "citations_years": {"1997": 1, "1998": 0, "1999": 0, "2000": 1, "2001": 0, "2002": 2, "2003": 1, "2004": 0, "2005": 2, "2006": 0, "2007": 1, "2008": 1, "2009": 0, "2010": 0, "2011": 2, "2012": 0, "2013": 1, "2014": 0, "2015": 0, "2016": 1, "2017": 0, "2018": 0, "2019": 1}, "old_citations": {"1995": 14}, "isVisible": false}, "2000208239": {"name": "peiyung hsiao", "type": "author", "activity": 30, "h_index": 12, "h5_index": 1, "mag_id": "2000208239", "num_publications": 1, "num_citations": 0, "num_publications_5y": 0, "num_citations_5y": 0, "num_publications_10y": 0, "num_citations_10y": 0, "publications_years": {"1995": 1}, "citations_years": {}, "old_citations": {"1995": 0}, "isVisible": false}, "2075880525": {"name": "zongmu yeh", "type": "author", "activity": 22, "h_index": 7, "h5_index": 0, "mag_id": "2075880525", "num_publications": 1, "num_citations": 2, "num_publications_5y": 0, "num_citations_5y": 0, "num_publications_10y": 0, "num_citations_10y": 0, "publications_years": {"1995": 1}, "citations_years": {"2005": 1, "2006": 1}, "old_citations": {"1995": 2}, "isVisible": false}, "2101949368": {"name": "yiengchiang wu", "type": "author", "activity": 15, "h_index": 1, "h5_index": 0, "mag_id": "2101949368", "num_publications": 1, "num_citations": 0, "num_publications_5y": 0, "num_citations_5y": 0, "num_publications_10y": 0, "num_citations_10y": 0, "publications_years": {"1995": 1}, "citations_years": {}, "old_citations": {"1995": 0}, "isVisible": false}, "2110203464": {"name": "b y lee", "type": "author", "activity": 20, "h_index": 1, "h5_index": 0, "mag_id": "2110203464", "num_publications": 1, "num_citations": 1, "num_publications_5y": 0, "num_citations_5y": 0, "num_publications_10y": 0, "num_citations_10y": 0, "publications_years": {"1995": 1}, "citations_years": {"2000": 1}, "old_citations": {"1995": 1}, "isVisible": false}, "2123144620": {"name": "hiroaki ikeda", "type": "author", "activity": 27, "h_index": 9, "h5_index": 1, "mag_id": "2123144620", "num_publications": 1, "num_citations": 1, "num_publications_5y": 0, "num_citations_5y": 0, "num_publications_10y": 0, "num_citations_10y": 0, "publications_years": {"1995": 1}, "citations_years": {"2001": 1}, "old_citations": {"1995": 1}, "isVisible": false}, "2124963587": {"name": "chuan yu chang", "type": "author", "activity": 1, "h_index": 2, "h5_index": 0, "mag_id": "2124963587", "num_publications": 1, "num_citations": 0, "num_publications_5y": 0, "num_citations_5y": 0, "num_publications_10y": 0, "num_citations_10y": 0, "publications_years": {"1995": 1}, "citations_years": {}, "old_citations": {"1995": 0}, "isVisible": false}, "2127389349": {"name": "shengluen chung", "type": "author", "activity": 28, "h_index": 8, "h5_index": 1, "mag_id": "2127389349", "num_publications": 1, "num_citations": 0, "num_publications_5y": 0, "num_citations_5y": 0, "num_publications_10y": 0, "num_citations_10y": 0, "publications_years": {"1995": 1}, "citations_years": {}, "old_citations": {"1995": 0}, "isVisible": false}, "2139816609": {"name": "c b tzeng", "type": "author", "activity": 1, "h_index": 1, "h5_index": 0, "mag_id": "2139816609", "num_publications": 1, "num_citations": 3, "num_publications_5y": 0, "num_citations_5y": 2, "num_publications_10y": 0, "num_citations_10y": 3, "publications_years": {"1995": 1}, "citations_years": {"2013": 1, "2014": 1, "2015": 0, "2016": 1}, "old_citations": {"1995": 3}, "isVisible": false}, "2150044056": {"name": "chijeng chang", "type": "author", "activity": 12, "h_index": 1, "h5_index": 0, "mag_id": "2150044056", "num_publications": 1, "num_citations": 0, "num_publications_5y": 0, "num_citations_5y": 0, "num_publications_10y": 0, "num_citations_10y": 0, "publications_years": {"1995": 1}, "citations_years": {}, "old_citations": {"1995": 0}, "isVisible": false}, "2159700737": {"name": "george vachtsevanos", "type": "author", "activity": 31, "h_index": 22, "h5_index": 2, "mag_id": "2159700737", "num_publications": 1, "num_citations": 0, "num_publications_5y": 0, "num_citations_5y": 0, "num_publications_10y": 0, "num_citations_10y": 0, "publications_years": {"1995": 1}, "citations_years": {}, "old_citations": {"1995": 0}, "isVisible": false}, "2162139733": {"name": "shih chang chen", "type": "author", "activity": 3, "h_index": 2, "h5_index": 0, "mag_id": "2162139733", "num_publications": 1, "num_citations": 4, "num_publications_5y": 0, "num_citations_5y": 0, "num_publications_10y": 0, "num_citations_10y": 0, "publications_years": {"1995": 1}, "citations_years": {"1995": 1, "1996": 0, "1997": 1, "1998": 1, "1999": 0, "2000": 0, "2001": 0, "2002": 1}, "old_citations": {"1995": 4}, "isVisible": false}, "2190720574": {"name": "t shimabukuro", "type": "author", "activity": 1, "h_index": 1, "h5_index": 0, "mag_id": "2190720574", "num_publications": 1, "num_citations": 6, "num_publications_5y": 0, "num_citations_5y": 1, "num_publications_10y": 0, "num_citations_10y": 2, "publications_years": {"1995": 1}, "citations_years": {"2004": 1, "2005": 0, "2006": 1, "2007": 2, "2008": 0, "2009": 0, "2010": 1, "2011": 0, "2012": 0, "2013": 0, "2014": 1}, "old_citations": {"1995": 6}, "isVisible": false}, "2226612870": {"name": "wenfa yang", "type": "author", "activity": 1, "h_index": 1, "h5_index": 0, "mag_id": "2226612870", "num_publications": 1, "num_citations": 4, "num_publications_5y": 0, "num_citations_5y": 1, "num_publications_10y": 0, "num_citations_10y": 2, "publications_years": {"1995": 1}, "citations_years": {"2000": 1, "2001": 0, "2002": 1, "2003": 0, "2004": 0, "2005": 0, "2006": 0, "2007": 0, "2008": 0, "2009": 0, "2010": 0, "2011": 0, "2012": 1, "2013": 0, "2014": 1}, "old_citations": {"1995": 4}, "isVisible": false}, "2229114485": {"name": "ruisong chen", "type": "author", "activity": 1, "h_index": 1, "h5_index": 0, "mag_id": "2229114485", "num_publications": 1, "num_citations": 1, "num_publications_5y": 0, "num_citations_5y": 0, "num_publications_10y": 0, "num_citations_10y": 0, "publications_years": {"1995": 1}, "citations_years": {"2004": 1}, "old_citations": {"1995": 1}, "isVisible": false}, "2229701896": {"name": "c a chang", "type": "author", "activity": 1, "h_index": 0, "h5_index": 0, "mag_id": "2229701896", "num_publications": 1, "num_citations": 0, "num_publications_5y": 0, "num_citations_5y": 0, "num_publications_10y": 0, "num_citations_10y": 0, "publications_years": {"1995": 1}, "citations_years": {}, "old_citations": {"1995": 0}, "isVisible": false}, "2232454854": {"name": "fangjyhperng", "type": "author", "activity": 1, "h_index": 1, "h5_index": 0, "mag_id": "2232454854", "num_publications": 1, "num_citations": 1, "num_publications_5y": 0, "num_citations_5y": 0, "num_publications_10y": 0, "num_citations_10y": 1, "publications_years": {"1995": 1}, "citations_years": {"2011": 1}, "old_citations": {"1995": 1}, "isVisible": false}, "2245380074": {"name": "h yoshida", "type": "author", "activity": 10, "h_index": 8, "h5_index": 0, "mag_id": "2245380074", "num_publications": 1, "num_citations": 1, "num_publications_5y": 0, "num_citations_5y": 0, "num_publications_10y": 0, "num_citations_10y": 0, "publications_years": {"1995": 1}, "citations_years": {"2001": 1}, "old_citations": {"1995": 1}, "isVisible": false}, "2305998694": {"name": "hongdar lin", "type": "author", "activity": 1, "h_index": 0, "h5_index": 0, "mag_id": "2305998694", "num_publications": 1, "num_citations": 0, "num_publications_5y": 0, "num_citations_5y": 0, "num_publications_10y": 0, "num_citations_10y": 0, "publications_years": {"1995": 1}, "citations_years": {}, "old_citations": {"1995": 0}, "isVisible": false}, "2336087302": {"name": "kungchang chang", "type": "author", "activity": 1, "h_index": 0, "h5_index": 0, "mag_id": "2336087302", "num_publications": 1, "num_citations": 0, "num_publications_5y": 0, "num_citations_5y": 0, "num_publications_10y": 0, "num_citations_10y": 0, "publications_years": {"1995": 1}, "citations_years": {}, "old_citations": {"1995": 0}, "isVisible": false}, "2338275249": {"name": "chenyun hsieh", "type": "author", "activity": 1, "h_index": 0, "h5_index": 0, "mag_id": "2338275249", "num_publications": 1, "num_citations": 0, "num_publications_5y": 0, "num_citations_5y": 0, "num_publications_10y": 0, "num_citations_10y": 0, "publications_years": {"1995": 1}, "citations_years": {}, "old_citations": {"1995": 0}, "isVisible": false}, "2341175114": {"name": "yu chen cheng", "type": "author", "activity": 1, "h_index": 0, "h5_index": 0, "mag_id": "2341175114", "num_publications": 1, "num_citations": 0, "num_publications_5y": 0, "num_citations_5y": 0, "num_publications_10y": 0, "num_citations_10y": 0, "publications_years": {"1995": 1}, "citations_years": {}, "old_citations": {"1995": 0}, "isVisible": false}, "2500422452": {"name": "r mcclatchey", "type": "author", "activity": 21, "h_index": 7, "h5_index": 0, "mag_id": "2500422452", "num_publications": 1, "num_citations": 2, "num_publications_5y": 0, "num_citations_5y": 0, "num_publications_10y": 0, "num_citations_10y": 0, "publications_years": {"1995": 1}, "citations_years": {"1999": 1, "2000": 0, "2001": 0, "2002": 0, "2003": 0, "2004": 0, "2005": 1}, "old_citations": {"1995": 2}, "isVisible": false}, "2516072694": {"name": "maxime gautier", "type": "author", "activity": 28, "h_index": 9, "h5_index": 1, "mag_id": "2516072694", "num_publications": 1, "num_citations": 1, "num_publications_5y": 0, "num_citations_5y": 1, "num_publications_10y": 0, "num_citations_10y": 1, "publications_years": {"1995": 1}, "citations_years": {"2014": 1}, "old_citations": {"1995": 1}, "isVisible": false}, "2546153168": {"name": "chingyei chung", "type": "author", "activity": 10, "h_index": 0, "h5_index": 0, "mag_id": "2546153168", "num_publications": 1, "num_citations": 0, "num_publications_5y": 0, "num_citations_5y": 0, "num_publications_10y": 0, "num_citations_10y": 0, "publications_years": {"1995": 1}, "citations_years": {}, "old_citations": {"1995": 0}, "isVisible": false}, "2549658553": {"name": "m natsume", "type": "author", "activity": 1, "h_index": 1, "h5_index": 0, "mag_id": "2549658553", "num_publications": 1, "num_citations": 1, "num_publications_5y": 0, "num_citations_5y": 0, "num_publications_10y": 0, "num_citations_10y": 0, "publications_years": {"1995": 1}, "citations_years": {"2001": 1}, "old_citations": {"1995": 1}, "isVisible": false}, "2561337843": {"name": "z toukal", "type": "author", "activity": 1, "h_index": 1, "h5_index": 0, "mag_id": "2561337843", "num_publications": 1, "num_citations": 1, "num_publications_5y": 0, "num_citations_5y": 0, "num_publications_10y": 0, "num_citations_10y": 0, "publications_years": {"1995": 1}, "citations_years": {"1996": 1}, "old_citations": {"1995": 1}, "isVisible": false}, "2562921695": {"name": "polwhui yang", "type": "author", "activity": 1, "h_index": 0, "h5_index": 0, "mag_id": "2562921695", "num_publications": 1, "num_citations": 0, "num_publications_5y": 0, "num_citations_5y": 0, "num_publications_10y": 0, "num_citations_10y": 0, "publications_years": {"1995": 1}, "citations_years": {}, "old_citations": {"1995": 0}, "isVisible": false}, "2567435000": {"name": "shutung jane", "type": "author", "activity": 1, "h_index": 0, "h5_index": 0, "mag_id": "2567435000", "num_publications": 1, "num_citations": 0, "num_publications_5y": 0, "num_citations_5y": 0, "num_publications_10y": 0, "num_citations_10y": 0, "publications_years": {"1995": 1}, "citations_years": {}, "old_citations": {"1995": 0}, "isVisible": false}, "2572298814": {"name": "linying lai", "type": "author", "activity": 6, "h_index": 1, "h5_index": 0, "mag_id": "2572298814", "num_publications": 1, "num_citations": 1, "num_publications_5y": 0, "num_citations_5y": 0, "num_publications_10y": 0, "num_citations_10y": 0, "publications_years": {"1995": 1}, "citations_years": {"2004": 1}, "old_citations": {"1995": 1}, "isVisible": false}, "2572769109": {"name": "i s liu", "type": "author", "activity": 1, "h_index": 1, "h5_index": 0, "mag_id": "2572769109", "num_publications": 1, "num_citations": 1, "num_publications_5y": 0, "num_citations_5y": 0, "num_publications_10y": 0, "num_citations_10y": 0, "publications_years": {"1995": 1}, "citations_years": {"2000": 1}, "old_citations": {"1995": 1}, "isVisible": false}, "2578475027": {"name": "jinghuh luh", "type": "author", "activity": 1, "h_index": 0, "h5_index": 0, "mag_id": "2578475027", "num_publications": 1, "num_citations": 0, "num_publications_5y": 0, "num_citations_5y": 0, "num_publications_10y": 0, "num_citations_10y": 0, "publications_years": {"1995": 1}, "citations_years": {}, "old_citations": {"1995": 0}, "isVisible": false}, "2613995926": {"name": "s isogai", "type": "author", "activity": 1, "h_index": 1, "h5_index": 0, "mag_id": "2613995926", "num_publications": 1, "num_citations": 1, "num_publications_5y": 0, "num_citations_5y": 0, "num_publications_10y": 0, "num_citations_10y": 0, "publications_years": {"1995": 1}, "citations_years": {"2001": 1}, "old_citations": {"1995": 1}, "isVisible": false}, "2638588043": {"name": "fuchaw yu", "type": "author", "activity": 1, "h_index": 0, "h5_index": 0, "mag_id": "2638588043", "num_publications": 1, "num_citations": 0, "num_publications_5y": 0, "num_citations_5y": 0, "num_publications_10y": 0, "num_citations_10y": 0, "publications_years": {"1995": 1}, "citations_years": {}, "old_citations": {"1995": 0}, "isVisible": false}, "2640832752": {"name": "m s young", "type": "author", "activity": 1, "h_index": 1, "h5_index": 0, "mag_id": "2640832752", "num_publications": 1, "num_citations": 3, "num_publications_5y": 0, "num_citations_5y": 2, "num_publications_10y": 0, "num_citations_10y": 3, "publications_years": {"1995": 1}, "citations_years": {"2013": 1, "2014": 1, "2015": 0, "2016": 1}, "old_citations": {"1995": 3}, "isVisible": false}, "2644545573": {"name": "chwentzeng su", "type": "author", "activity": 0, "h_index": 0, "h5_index": 0, "mag_id": "2644545573", "num_publications": 1, "num_citations": 0, "num_publications_5y": 0, "num_citations_5y": 0, "num_publications_10y": 0, "num_citations_10y": 0, "publications_years": {"1995": 1}, "citations_years": {}, "old_citations": {"1995": 5}, "isVisible": false}, "2646827051": {"name": "h kodera", "type": "author", "activity": 1, "h_index": 1, "h5_index": 0, "mag_id": "2646827051", "num_publications": 1, "num_citations": 1, "num_publications_5y": 0, "num_citations_5y": 0, "num_publications_10y": 0, "num_citations_10y": 0, "publications_years": {"1995": 1}, "citations_years": {"2001": 1}, "old_citations": {"1995": 1}, "isVisible": false}, "2649486675": {"name": "j m le goff", "type": "author", "activity": 1, "h_index": 1, "h5_index": 0, "mag_id": "2649486675", "num_publications": 1, "num_citations": 2, "num_publications_5y": 0, "num_citations_5y": 0, "num_publications_10y": 0, "num_citations_10y": 0, "publications_years": {"1995": 1}, "citations_years": {"1999": 1, "2000": 0, "2001": 0, "2002": 0, "2003": 0, "2004": 0, "2005": 1}, "old_citations": {"1995": 2}, "isVisible": false}, "2650571222": {"name": "y c liu", "type": "author", "activity": 1, "h_index": 1, "h5_index": 0, "mag_id": "2650571222", "num_publications": 1, "num_citations": 3, "num_publications_5y": 0, "num_citations_5y": 2, "num_publications_10y": 0, "num_citations_10y": 3, "publications_years": {"1995": 1}, "citations_years": {"2013": 1, "2014": 1, "2015": 0, "2016": 1}, "old_citations": {"1995": 3}, "isVisible": false}, "2652587225": {"name": "mingfa tsai", "type": "author", "activity": 3, "h_index": 1, "h5_index": 0, "mag_id": "2652587225", "num_publications": 1, "num_citations": 0, "num_publications_5y": 0, "num_citations_5y": 0, "num_publications_10y": 0, "num_citations_10y": 0, "publications_years": {"1995": 1}, "citations_years": {}, "old_citations": {"1995": 0}, "isVisible": false}, "2653657965": {"name": "e i stefanis", "type": "author", "activity": 1, "h_index": 0, "h5_index": 0, "mag_id": "2653657965", "num_publications": 1, "num_citations": 0, "num_publications_5y": 0, "num_citations_5y": 0, "num_publications_10y": 0, "num_citations_10y": 0, "publications_years": {"1995": 1}, "citations_years": {}, "old_citations": {"1995": 0}, "isVisible": false}, "2658515078": {"name": "k hyun", "type": "author", "activity": 1, "h_index": 1, "h5_index": 0, "mag_id": "2658515078", "num_publications": 1, "num_citations": 3, "num_publications_5y": 0, "num_citations_5y": 0, "num_publications_10y": 0, "num_citations_10y": 1, "publications_years": {"1995": 1}, "citations_years": {"2002": 1, "2003": 0, "2004": 0, "2005": 0, "2006": 0, "2007": 0, "2008": 0, "2009": 0, "2010": 1, "2011": 0, "2012": 0, "2013": 0, "2014": 0, "2015": 0, "2016": 0, "2017": 0, "2018": 0, "2019": 1}, "old_citations": {"1995": 3}, "isVisible": false}, "2661907163": {"name": "a m alsuwailem", "type": "author", "activity": 1, "h_index": 0, "h5_index": 0, "mag_id": "2661907163", "num_publications": 1, "num_citations": 0, "num_publications_5y": 0, "num_citations_5y": 0, "num_publications_10y": 0, "num_citations_10y": 0, "publications_years": {"1995": 1}, "citations_years": {}, "old_citations": {"1995": 0}, "isVisible": false}, "2666132297": {"name": "j pontnau", "type": "author", "activity": 2, "h_index": 1, "h5_index": 0, "mag_id": "2666132297", "num_publications": 1, "num_citations": 1, "num_publications_5y": 0, "num_citations_5y": 0, "num_publications_10y": 0, "num_citations_10y": 0, "publications_years": {"1995": 1}, "citations_years": {"1996": 1}, "old_citations": {"1995": 1}, "isVisible": false}, "2668439350": {"name": "y amirat", "type": "author", "activity": 1, "h_index": 1, "h5_index": 0, "mag_id": "2668439350", "num_publications": 1, "num_citations": 14, "num_publications_5y": 0, "num_citations_5y": 1, "num_publications_10y": 0, "num_citations_10y": 4, "publications_years": {"1995": 1}, "citations_years": {"1997": 1, "1998": 0, "1999": 0, "2000": 1, "2001": 0, "2002": 2, "2003": 1, "2004": 0, "2005": 2, "2006": 0, "2007": 1, "2008": 1, "2009": 0, "2010": 0, "2011": 2, "2012": 0, "2013": 1, "2014": 0, "2015": 0, "2016": 1, "2017": 0, "2018": 0, "2019": 1}, "old_citations": {"1995": 14}, "isVisible": false}, "2670025669": {"name": "tarnsea lu", "type": "author", "activity": 1, "h_index": 1, "h5_index": 0, "mag_id": "2670025669", "num_publications": 1, "num_citations": 1, "num_publications_5y": 0, "num_citations_5y": 1, "num_publications_10y": 0, "num_citations_10y": 1, "publications_years": {"1995": 1}, "citations_years": {"2017": 1}, "old_citations": {"1995": 1}, "isVisible": false}, "2672739507": {"name": "y s tarng", "type": "author", "activity": 1, "h_index": 1, "h5_index": 0, "mag_id": "2672739507", "num_publications": 1, "num_citations": 1, "num_publications_5y": 0, "num_citations_5y": 0, "num_publications_10y": 0, "num_citations_10y": 0, "publications_years": {"1995": 1}, "citations_years": {"2000": 1}, "old_citations": {"1995": 1}, "isVisible": false}, "2683793570": {"name": "j theocharis", "type": "author", "activity": 1, "h_index": 0, "h5_index": 0, "mag_id": "2683793570", "num_publications": 1, "num_citations": 0, "num_publications_5y": 0, "num_citations_5y": 0, "num_publications_10y": 0, "num_citations_10y": 0, "publications_years": {"1995": 1}, "citations_years": {}, "old_citations": {"1995": 0}, "isVisible": false}, "2683946264": {"name": "h asada", "type": "author", "activity": 1, "h_index": 1, "h5_index": 0, "mag_id": "2683946264", "num_publications": 1, "num_citations": 1, "num_publications_5y": 0, "num_citations_5y": 0, "num_publications_10y": 0, "num_citations_10y": 0, "publications_years": {"1995": 1}, "citations_years": {"2001": 1}, "old_citations": {"1995": 1}, "isVisible": false}, "2684642812": {"name": "k uezato", "type": "author", "activity": 1, "h_index": 1, "h5_index": 0, "mag_id": "2684642812", "num_publications": 1, "num_citations": 9, "num_publications_5y": 0, "num_citations_5y": 3, "num_publications_10y": 0, "num_citations_10y": 6, "publications_years": {"1995": 1}, "citations_years": {"1999": 2, "2000": 0, "2001": 0, "2002": 0, "2003": 0, "2004": 0, "2005": 1, "2006": 0, "2007": 0, "2008": 0, "2009": 0, "2010": 2, "2011": 1, "2012": 0, "2013": 0, "2014": 0, "2015": 0, "2016": 0, "2017": 2, "2018": 1}, "old_citations": {"1995": 9}, "isVisible": false}, "2688657645": {"name": "l a gerhardt", "type": "author", "activity": 1, "h_index": 1, "h5_index": 0, "mag_id": "2688657645", "num_publications": 1, "num_citations": 3, "num_publications_5y": 0, "num_citations_5y": 0, "num_publications_10y": 0, "num_citations_10y": 1, "publications_years": {"1995": 1}, "citations_years": {"2002": 1, "2003": 0, "2004": 0, "2005": 0, "2006": 0, "2007": 0, "2008": 0, "2009": 0, "2010": 1, "2011": 0, "2012": 0, "2013": 0, "2014": 0, "2015": 0, "2016": 0, "2017": 0, "2018": 0, "2019": 1}, "old_citations": {"1995": 3}, "isVisible": false}, "2703302990": {"name": "y amirat", "type": "author", "activity": 4, "h_index": 2, "h5_index": 0, "mag_id": "2703302990", "num_publications": 1, "num_citations": 1, "num_publications_5y": 0, "num_citations_5y": 0, "num_publications_10y": 0, "num_citations_10y": 0, "publications_years": {"1995": 1}, "citations_years": {"1996": 1}, "old_citations": {"1995": 1}, "isVisible": false}, "2703852524": {"name": "chihmin lin", "type": "author", "activity": 1, "h_index": 1, "h5_index": 0, "mag_id": "2703852524", "num_publications": 1, "num_citations": 1, "num_publications_5y": 0, "num_citations_5y": 1, "num_publications_10y": 0, "num_citations_10y": 1, "publications_years": {"1995": 1}, "citations_years": {"2017": 1}, "old_citations": {"1995": 1}, "isVisible": false}, "2704958787": {"name": "t senjyu", "type": "author", "activity": 1, "h_index": 1, "h5_index": 0, "mag_id": "2704958787", "num_publications": 1, "num_citations": 9, "num_publications_5y": 0, "num_citations_5y": 3, "num_publications_10y": 0, "num_citations_10y": 6, "publications_years": {"1995": 1}, "citations_years": {"1999": 2, "2000": 0, "2001": 0, "2002": 0, "2003": 0, "2004": 0, "2005": 1, "2006": 0, "2007": 0, "2008": 0, "2009": 0, "2010": 2, "2011": 1, "2012": 0, "2013": 0, "2014": 0, "2015": 0, "2016": 0, "2017": 2, "2018": 1}, "old_citations": {"1995": 9}, "isVisible": false}, "2707834758": {"name": "shengluen chung", "type": "author", "activity": 1, "h_index": 1, "h5_index": 0, "mag_id": "2707834758", "num_publications": 1, "num_citations": 4, "num_publications_5y": 0, "num_citations_5y": 1, "num_publications_10y": 0, "num_citations_10y": 2, "publications_years": {"1995": 1}, "citations_years": {"2000": 1, "2001": 0, "2002": 1, "2003": 0, "2004": 0, "2005": 0, "2006": 0, "2007": 0, "2008": 0, "2009": 0, "2010": 0, "2011": 0, "2012": 1, "2013": 0, "2014": 1}, "old_citations": {"1995": 4}, "isVisible": false}, "2708949053": {"name": "jungsing jwo", "type": "author", "activity": 1, "h_index": 0, "h5_index": 0, "mag_id": "2708949053", "num_publications": 1, "num_citations": 0, "num_publications_5y": 0, "num_citations_5y": 0, "num_publications_10y": 0, "num_citations_10y": 0, "publications_years": {"1995": 1}, "citations_years": {}, "old_citations": {"1995": 0}, "isVisible": false}, "2713607356": {"name": "m giurgiu", "type": "author", "activity": 1, "h_index": 1, "h5_index": 0, "mag_id": "2713607356", "num_publications": 1, "num_citations": 4, "num_publications_5y": 0, "num_citations_5y": 0, "num_publications_10y": 0, "num_citations_10y": 3, "publications_years": {"1995": 1}, "citations_years": {"2004": 1, "2005": 0, "2006": 0, "2007": 0, "2008": 0, "2009": 1, "2010": 0, "2011": 2}, "old_citations": {"1995": 4}, "isVisible": false}, "2784425009": {"name": "pierrephilippe robet", "type": "author", "activity": 25, "h_index": 3, "h5_index": 1, "mag_id": "2784425009", "num_publications": 1, "num_citations": 1, "num_publications_5y": 0, "num_citations_5y": 1, "num_publications_10y": 0, "num_citations_10y": 1, "publications_years": {"1995": 1}, "citations_years": {"2014": 1}, "old_citations": {"1995": 1}, "isVisible": false}, "2934283767": {"name": "yingyu tzou", "type": "author", "activity": 6, "h_index": 3, "h5_index": 0, "mag_id": "2934283767", "num_publications": 1, "num_citations": 0, "num_publications_5y": 0, "num_citations_5y": 0, "num_publications_10y": 0, "num_citations_10y": 0, "publications_years": {"1995": 1}, "citations_years": {}, "old_citations": {"1995": 0}, "isVisible": false}, "2941664402": {"name": "j pontnau", "type": "author", "activity": 1, "h_index": 1, "h5_index": 0, "mag_id": "2941664402", "num_publications": 1, "num_citations": 14, "num_publications_5y": 0, "num_citations_5y": 1, "num_publications_10y": 0, "num_citations_10y": 4, "publications_years": {"1995": 1}, "citations_years": {"1997": 1, "1998": 0, "1999": 0, "2000": 1, "2001": 0, "2002": 2, "2003": 1, "2004": 0, "2005": 2, "2006": 0, "2007": 1, "2008": 1, "2009": 0, "2010": 0, "2011": 2, "2012": 0, "2013": 1, "2014": 0, "2015": 0, "2016": 1, "2017": 0, "2018": 0, "2019": 1}, "old_citations": {"1995": 14}, "isVisible": false}, "2973852315": {"name": "r bannatyne", "type": "author", "activity": 1, "h_index": 1, "h5_index": 0, "mag_id": "2973852315", "num_publications": 1, "num_citations": 2, "num_publications_5y": 0, "num_citations_5y": 0, "num_publications_10y": 0, "num_citations_10y": 2, "publications_years": {"1995": 1}, "citations_years": {"2010": 1, "2011": 0, "2012": 0, "2013": 1}, "old_citations": {"1995": 2}, "isVisible": false}}, "countries": {"Taiwan": {"name": "Taiwan", "type": "country", "h5_index": 69, "num_publications": 9, "num_citations": 10, "num_publications_5y": 0, "num_citations_5y": 2, "num_publications_10y": 0, "num_citations_10y": 3, "publications_years": {"1995": 9}, "citations_years": {"1995": 1, "1996": 0, "1997": 1, "1998": 1, "1999": 0, "2000": 0, "2001": 0, "2002": 1, "2013": 1, "2014": 1, "2015": 0, "2016": 1, "2005": 1, "2006": 1, "2004": 1}, "old_citations": {"1995": 10}, "isVisible": false}, "United States": {"name": "United States", "type": "country", "h5_index": 308, "num_publications": 2, "num_citations": 5, "num_publications_5y": 0, "num_citations_5y": 0, "num_publications_10y": 0, "num_citations_10y": 3, "publications_years": {"1995": 2}, "citations_years": {"2010": 2, "2011": 0, "2012": 0, "2013": 1, "2002": 1, "2003": 0, "2004": 0, "2005": 0, "2006": 0, "2007": 0, "2008": 0, "2009": 0, "2014": 0, "2015": 0, "2016": 0, "2017": 0, "2018": 0, "2019": 1}, "old_citations": {"1995": 5}, "isVisible": false}, "Japan": {"name": "Japan", "type": "country", "h5_index": 94, "num_publications": 1, "num_citations": 1, "num_publications_5y": 0, "num_citations_5y": 0, "num_publications_10y": 0, "num_citations_10y": 0, "publications_years": {"1995": 1}, "citations_years": {"2001": 1}, "old_citations": {"1995": 1}, "isVisible": false}, "Saudi Arabia": {"name": "Saudi Arabia", "type": "country", "h5_index": 72, "num_publications": 1, "num_citations": 0, "num_publications_5y": 0, "num_citations_5y": 0, "num_publications_10y": 0, "num_citations_10y": 0, "publications_years": {"1995": 1}, "citations_years": {}, "old_citations": {"1995": 0}, "isVisible": false}}, "industrial_sectors": {"technology": {"name": "technology", "type": "industrial sector", "h5_index": 229, "num_publications": 1, "num_citations": 2, "num_publications_5y": 0, "num_citations_5y": 0, "num_publications_10y": 0, "num_citations_10y": 2, "publications_years": {"1995": 1}, "citations_years": {"2010": 1, "2011": 0, "2012": 0, "2013": 1}, "old_citations": {"1995": 2}, "isVisible": false}, "telecommunications": {"name": "telecommunications", "type": "industrial sector", "h5_index": 89, "num_publications": 1, "num_citations": 2, "num_publications_5y": 0, "num_citations_5y": 0, "num_publications_10y": 0, "num_citations_10y": 2, "publications_years": {"1995": 1}, "citations_years": {"2010": 1, "2011": 0, "2012": 0, "2013": 1}, "old_citations": {"1995": 2}, "isVisible": false}}}, "conference_comparison": {"computer science": {}}, "topics_dna": {"publications": {}, "citations": {"normalized": {}, "average": {}}}, "info": {"num_publications": 30, "num_citations": 66.0, "impact_factor": {}, "publications_years": {"1995": 30}, "citations_years": {"1995": 1, "1996": 1, "1997": 2, "1998": 1, "1999": 3, "2000": 3, "2001": 1, "2002": 5, "2003": 1, "2004": 3, "2005": 5, "2006": 3, "2007": 3, "2008": 1, "2009": 1, "2010": 5, "2011": 6, "2012": 1, "2013": 3, "2014": 4, "2015": 0, "2016": 2, "2017": 3, "2018": 1, "2019": 2}, "old_citations": {"1995": 66}, "h5_index": 0}, "percentile": {"computer science": {"1995": 89}}, "conference_ranking": {"computer science": {"1995": 447}}, "academia": {"num_publications": 12, "num_citations": 14, "publications_years": {"1995": 12}, "old_citations": {"1995": 14}, "num_publications_5y": 0, "num_citations_5y": 0, "num_publications_10y": 0, "num_citations_10y": 0}, "industry": {"num_publications": 1, "num_citations": 2, "publications_years": {"1995": 1}, "old_citations": {"1995": 2}, "num_publications_5y": 0, "num_citations_5y": 0, "num_publications_10y": 0, "num_citations_10y": 0}, "collaborative": {"num_publications": 0, "num_citations": 0, "publications_years": {}, "old_citations": {}, "num_publications_5y": 0, "num_citations_5y": 0, "num_publications_10y": 0, "num_citations_10y": 0}, "conferences": {}, "journals": {}, "organizations": {"publication_overall": ["National Taiwan Normal University", "National Taiwan Ocean University", "Chung Yuan Christian University", "Feng Chia University", "King Saud University", "Motorola (United States)", "National Cheng Kung University", "National Chiao Tung University", "Rensselaer Polytechnic Institute", "Shizuoka University", "Tunghai University"], "citation_overall": ["National Taiwan Ocean University", "National Cheng Kung University", "Rensselaer Polytechnic Institute", "Motorola (United States)", "National Taiwan Normal University", "Chung Yuan Christian University", "Shizuoka University", "Feng Chia University", "King Saud University", "National Chiao Tung University", "Tunghai University"], "publication_10_years": [], "citation_10_years": [], "publication_5_years": [], "citation_5_years": []}, "countries": {"publication_overall": ["Taiwan", "United States", "Japan", "Saudi Arabia"], "citation_overall": ["Taiwan", "United States", "Japan", "Saudi Arabia"], "publication_10_years": [], "citation_10_years": [], "publication_5_years": [], "citation_5_years": []}, "topics": {"publication_overall": ["computer science", "computer systems", "computer networks", "mathematics", "artificial intelligence", "engineering", "control systems", "computer hardware", "telecommunication systems", "communication systems", "wireless telecommunication systems", "adaptive control systems", "automation", "process control", "robotics", "robots", "sensors", "matrix algebra", "linear matrix inequalities", "machine learning"], "citation_overall": ["computer science", "computer systems", "artificial intelligence", "robotics", "robots", "control systems", "computer networks", "computer hardware", "mobile robots", "mathematics", "sensors", "machine learning", "engineering", "computer imaging and vision", "image processing", "matrix algebra", "telecommunication systems", "image analysis", "manipulators", "communication systems"], "publication_10_years": [], "citation_10_years": [], "publication_5_years": [], "citation_5_years": []}, "main_topics": ["computer science"], "authors": {"publication_overall": ["2117794435", "98607083", "154023052", "328916758", "1891929079", "1898750173", "1941705577", "2000208239", "2075880525", "2101949368", "2110203464", "2123144620", "2124963587", "2127389349", "2139816609", "2150044056", "2159700737", "2162139733", "2190720574", "2226612870", "2229114485", "2229701896", "2232454854", "2245380074", "2305998694", "2336087302", "2338275249", "2341175114", "2500422452", "2516072694", "2546153168", "2549658553", "2561337843", "2562921695", "2567435000", "2572298814", "2572769109", "2578475027", "2613995926", "2638588043", "2640832752", "2644545573", "2646827051", "2649486675", "2650571222", "2652587225", "2653657965", "2658515078", "2661907163", "2666132297", "2668439350", "2670025669", "2672739507", "2683793570", "2683946264", "2684642812", "2688657645", "2703302990", "2703852524", "2704958787", "2707834758", "2708949053", "2713607356", "2784425009", "2934283767", "2941664402", "2973852315"], "citation_overall": ["1941705577", "2668439350", "2941664402", "2684642812", "2704958787", "98607083", "154023052", "2190720574", "2644545573", "2117794435", "2162139733", "2226612870", "2707834758", "2713607356", "2139816609", "2640832752", "2650571222", "2658515078", "2688657645", "2075880525", "2500422452", "2649486675", "2973852315", "328916758", "1891929079", "1898750173", "2110203464", "2123144620", "2229114485", "2232454854", "2245380074", "2516072694", "2549658553", "2561337843", "2572298814", "2572769109", "2613995926", "2646827051", "2666132297", "2670025669", "2672739507", "2683946264", "2703302990", "2703852524", "2784425009", "2000208239", "2101949368", "2124963587", "2127389349", "2150044056", "2159700737", "2229701896", "2305998694", "2336087302", "2338275249", "2341175114", "2546153168", "2562921695", "2567435000", "2578475027", "2638588043", "2652587225", "2653657965", "2661907163", "2683793570", "2708949053", "2934283767"], "publication_10_years": [], "citation_10_years": [], "publication_5_years": [], "citation_5_years": []}, "industrial_sectors": {"publication_overall": ["technology", "telecommunications"], "citation_overall": ["technology", "telecommunications"], "publication_10_years": [], "citation_10_years": [], "publication_5_years": [], "citation_5_years": []}}