{"name": "International Conference on Information Quality", "acronym": "ICIQ", "type": "conference", "uniqueEntities": {"organizations": {"KU Leuven": {"name": "KU Leuven", "type": "organization", "organization_type": "Education", "h_index": 183, "h5_index": 52, "num_publications": 4, "num_citations": 16, "num_publications_5y": 3, "num_citations_5y": 9, "num_publications_10y": 4, "num_citations_10y": 13, "publications_years": {"2016": 2, "2017": 1, "2010": 1}, "citations_years": {"2018": 5, "2019": 3, "2017": 1, "2012": 1, "2013": 3, "2014": 1, "2015": 1, "2016": 1}, "old_citations": {"2016": 8, "2017": 1, "2010": 7}, "isVisible": false}, "University of Milano-Bicocca": {"name": "University of Milano-Bicocca", "type": "organization", "organization_type": "Education", "h_index": 48, "h5_index": 22, "num_publications": 3, "num_citations": 11, "num_publications_5y": 0, "num_citations_5y": 6, "num_publications_10y": 2, "num_citations_10y": 6, "publications_years": {"2003": 1, "2009": 1, "2012": 1}, "citations_years": {"2005": 2, "2006": 0, "2007": 2, "2008": 1, "2009": 0, "2010": 0, "2011": 0, "2012": 0, "2013": 0, "2014": 2, "2015": 0, "2016": 3, "2017": 0, "2018": 1}, "old_citations": {"2003": 9, "2009": 0, "2012": 2}, "isVisible": false}, "University of Queensland": {"name": "University of Queensland", "type": "organization", "organization_type": "Education", "h_index": 125, "h5_index": 41, "num_publications": 3, "num_citations": 9, "num_publications_5y": 0, "num_citations_5y": 6, "num_publications_10y": 3, "num_citations_10y": 9, "publications_years": {"2011": 2, "2013": 1}, "citations_years": {"2014": 2, "2013": 3, "2015": 1, "2016": 2, "2017": 1}, "old_citations": {"2011": 7, "2013": 2}, "isVisible": false}, "Polytechnic University of Milan": {"name": "Polytechnic University of Milan", "type": "organization", "organization_type": "Education", "h_index": 126, "h5_index": 42, "num_publications": 2, "num_citations": 17, "num_publications_5y": 0, "num_citations_5y": 3, "num_publications_10y": 1, "num_citations_10y": 17, "publications_years": {"2008": 1, "2009": 1}, "citations_years": {"2009": 1, "2010": 2, "2011": 2, "2012": 3, "2013": 6, "2014": 1, "2015": 2}, "old_citations": {"2008": 11, "2009": 6}, "isVisible": false}, "University of Illinois at Urbana Champaign": {"name": "University of Illinois at Urbana Champaign", "type": "organization", "organization_type": "Education", "h_index": 325, "h5_index": 70, "num_publications": 2, "num_citations": 269, "num_publications_5y": 0, "num_citations_5y": 67, "num_publications_10y": 0, "num_citations_10y": 205, "publications_years": {"2004": 1, "2005": 1}, "citations_years": {"2005": 4, "2006": 3, "2007": 23, "2008": 26, "2009": 25, "2010": 30, "2011": 33, "2012": 25, "2013": 25, "2014": 13, "2015": 21, "2016": 10, "2017": 14, "2018": 9, "2019": 8}, "old_citations": {"2004": 60, "2005": 209}, "isVisible": false}, "University of Milan": {"name": "University of Milan", "type": "organization", "organization_type": "Education", "h_index": 110, "h5_index": 26, "num_publications": 2, "num_citations": 2, "num_publications_5y": 0, "num_citations_5y": 2, "num_publications_10y": 2, "num_citations_10y": 2, "publications_years": {"2009": 1, "2012": 1}, "citations_years": {"2014": 1, "2015": 0, "2016": 0, "2017": 0, "2018": 1}, "old_citations": {"2009": 0, "2012": 2}, "isVisible": false}, "University of Technology Malaysia": {"name": "University of Technology Malaysia", "type": "organization", "organization_type": "Education", "h_index": 61, "h5_index": 33, "num_publications": 2, "num_citations": 7, "num_publications_5y": 0, "num_citations_5y": 4, "num_publications_10y": 2, "num_citations_10y": 7, "publications_years": {"2011": 2}, "citations_years": {"2013": 3, "2014": 0, "2015": 1, "2016": 2, "2017": 1}, "old_citations": {"2011": 7}, "isVisible": false}, "University of Trento": {"name": "University of Trento", "type": "organization", "organization_type": "Education", "h_index": 124, "h5_index": 44, "num_publications": 2, "num_citations": 17, "num_publications_5y": 0, "num_citations_5y": 3, "num_publications_10y": 1, "num_citations_10y": 17, "publications_years": {"2008": 1, "2009": 1}, "citations_years": {"2009": 1, "2010": 2, "2011": 2, "2012": 3, "2013": 6, "2014": 1, "2015": 2}, "old_citations": {"2008": 11, "2009": 6}, "isVisible": false}, "Boston University": {"name": "Boston University", "type": "organization", "organization_type": "Education", "h_index": 172, "h5_index": 42, "num_publications": 1, "num_citations": 0, "num_publications_5y": 0, "num_citations_5y": 0, "num_publications_10y": 1, "num_citations_10y": 0, "publications_years": {"2010": 1}, "citations_years": {}, "old_citations": {"2010": 0}, "isVisible": false}, "Deakin University": {"name": "Deakin University", "type": "organization", "organization_type": "Education", "h_index": 86, "h5_index": 39, "num_publications": 1, "num_citations": 4, "num_publications_5y": 0, "num_citations_5y": 2, "num_publications_10y": 1, "num_citations_10y": 4, "publications_years": {"2011": 1}, "citations_years": {"2013": 2, "2014": 2}, "old_citations": {"2011": 4}, "isVisible": false}, "Edith Cowan University": {"name": "Edith Cowan University", "type": "organization", "organization_type": "Education", "h_index": 55, "h5_index": 14, "num_publications": 1, "num_citations": 6, "num_publications_5y": 0, "num_citations_5y": 4, "num_publications_10y": 1, "num_citations_10y": 5, "publications_years": {"2011": 1}, "citations_years": {"2012": 1, "2013": 0, "2014": 3, "2015": 0, "2016": 0, "2017": 1, "2018": 0, "2019": 1}, "old_citations": {"2011": 6}, "isVisible": false}, "Inserm": {"name": "Inserm", "type": "organization", "organization_type": "Government", "h_index": 74, "h5_index": 24, "num_publications": 1, "num_citations": 10, "num_publications_5y": 0, "num_citations_5y": 3, "num_publications_10y": 0, "num_citations_10y": 7, "publications_years": {"2005": 1}, "citations_years": {"2006": 1, "2007": 1, "2008": 0, "2009": 0, "2010": 2, "2011": 0, "2012": 1, "2013": 1, "2014": 0, "2015": 0, "2016": 2, "2017": 1, "2018": 0, "2019": 0, "2020": 1}, "old_citations": {"2005": 10}, "isVisible": false}, "Karlsruhe Institute of Technology": {"name": "Karlsruhe Institute of Technology", "type": "organization", "organization_type": "Education", "h_index": 156, "h5_index": 37, "num_publications": 1, "num_citations": 4, "num_publications_5y": 0, "num_citations_5y": 3, "num_publications_10y": 1, "num_citations_10y": 4, "publications_years": {"2011": 1}, "citations_years": {"2012": 1, "2013": 0, "2014": 2, "2015": 0, "2016": 0, "2017": 0, "2018": 1}, "old_citations": {"2011": 4}, "isVisible": false}, "National Center for Supercomputing Applications": {"name": "National Center for Supercomputing Applications", "type": "organization", "organization_type": "Facility", "h_index": 53, "h5_index": 11, "num_publications": 1, "num_citations": 209, "num_publications_5y": 0, "num_citations_5y": 47, "num_publications_10y": 0, "num_citations_10y": 160, "publications_years": {"2005": 1}, "citations_years": {"2006": 1, "2007": 19, "2008": 21, "2009": 19, "2010": 27, "2011": 31, "2012": 18, "2013": 18, "2014": 8, "2015": 14, "2016": 8, "2017": 9, "2018": 8, "2019": 8}, "old_citations": {"2005": 209}, "isVisible": false}, "Queensland University of Technology": {"name": "Queensland University of Technology", "type": "organization", "organization_type": "Education", "h_index": 125, "h5_index": 30, "num_publications": 1, "num_citations": 4, "num_publications_5y": 0, "num_citations_5y": 3, "num_publications_10y": 1, "num_citations_10y": 4, "publications_years": {"2010": 1}, "citations_years": {"2012": 1, "2013": 0, "2014": 2, "2015": 0, "2016": 0, "2017": 1}, "old_citations": {"2010": 4}, "isVisible": false}, "The University of Texas at El Paso": {"name": "The University of Texas at El Paso", "type": "organization", "organization_type": "Education", "h_index": 55, "h5_index": 15, "num_publications": 1, "num_citations": 0, "num_publications_5y": 0, "num_citations_5y": 0, "num_publications_10y": 1, "num_citations_10y": 0, "publications_years": {"2010": 1}, "citations_years": {}, "old_citations": {"2010": 0}, "isVisible": false}, "University of Cambridge": {"name": "University of Cambridge", "type": "organization", "organization_type": "Education", "h_index": 250, "h5_index": 62, "num_publications": 1, "num_citations": 4, "num_publications_5y": 0, "num_citations_5y": 3, "num_publications_10y": 1, "num_citations_10y": 4, "publications_years": {"2011": 1}, "citations_years": {"2012": 1, "2013": 0, "2014": 2, "2015": 0, "2016": 0, "2017": 0, "2018": 1}, "old_citations": {"2011": 4}, "isVisible": false}, "University of Modena and Reggio Emilia": {"name": "University of Modena and Reggio Emilia", "type": "organization", "organization_type": "Education", "h_index": 52, "h5_index": 17, "num_publications": 1, "num_citations": 0, "num_publications_5y": 0, "num_citations_5y": 0, "num_publications_10y": 1, "num_citations_10y": 0, "publications_years": {"2009": 1}, "citations_years": {}, "old_citations": {"2009": 0}, "isVisible": false}, "University of South Australia": {"name": "University of South Australia", "type": "organization", "organization_type": "Education", "h_index": 75, "h5_index": 37, "num_publications": 1, "num_citations": 4, "num_publications_5y": 0, "num_citations_5y": 2, "num_publications_10y": 1, "num_citations_10y": 4, "publications_years": {"2011": 1}, "citations_years": {"2013": 2, "2014": 2}, "old_citations": {"2011": 4}, "isVisible": false}, "University of Twente": {"name": "University of Twente", "type": "organization", "organization_type": "Education", "h_index": 122, "h5_index": 27, "num_publications": 1, "num_citations": 2, "num_publications_5y": 0, "num_citations_5y": 1, "num_publications_10y": 1, "num_citations_10y": 2, "publications_years": {"2011": 1}, "citations_years": {"2011": 1, "2012": 0, "2013": 0, "2014": 0, "2015": 0, "2016": 0, "2017": 0, "2018": 1}, "old_citations": {"2011": 2}, "isVisible": false}}, "topics": {"computer science": {"name": "computer science", "type": "topic", "h_index": 1779, "h5_index": 416, "num_publications": 34, "num_citations": 402, "num_publications_5y": 3, "num_citations_5y": 128, "num_publications_10y": 21, "num_citations_10y": 320, "publications_years": {"2010": 4, "2008": 2, "2007": 2, "2011": 7, "2009": 5, "2003": 2, "2004": 2, "2006": 3, "2005": 2, "2016": 2, "2017": 1, "2013": 1, "2012": 1}, "citations_years": {"2012": 38, "2013": 43, "2014": 36, "2015": 28, "2016": 26, "2017": 20, "2009": 29, "2010": 37, "2011": 45, "2018": 18, "2019": 14, "2005": 6, "2006": 4, "2007": 26, "2008": 30, "2020": 2}, "old_citations": {"2010": 11, "2008": 12, "2007": 26, "2011": 25, "2009": 16, "2003": 9, "2004": 61, "2006": 10, "2005": 219, "2016": 8, "2017": 1, "2013": 2, "2012": 2}, "isVisible": false}, "computer systems": {"name": "computer systems", "type": "topic", "h_index": 1595, "h5_index": 367, "num_publications": 34, "num_citations": 402, "num_publications_5y": 3, "num_citations_5y": 128, "num_publications_10y": 21, "num_citations_10y": 320, "publications_years": {"2010": 4, "2008": 2, "2007": 2, "2011": 7, "2009": 5, "2003": 2, "2004": 2, "2006": 3, "2005": 2, "2016": 2, "2017": 1, "2013": 1, "2012": 1}, "citations_years": {"2012": 38, "2013": 43, "2014": 36, "2015": 28, "2016": 26, "2017": 20, "2009": 29, "2010": 37, "2011": 45, "2018": 18, "2019": 14, "2005": 6, "2006": 4, "2007": 26, "2008": 30, "2020": 2}, "old_citations": {"2010": 11, "2008": 12, "2007": 26, "2011": 25, "2009": 16, "2003": 9, "2004": 61, "2006": 10, "2005": 219, "2016": 8, "2017": 1, "2013": 2, "2012": 2}, "isVisible": false}, "database systems": {"name": "database systems", "type": "topic", "h_index": 1167, "h5_index": 276, "num_publications": 31, "num_citations": 386, "num_publications_5y": 3, "num_citations_5y": 121, "num_publications_10y": 20, "num_citations_10y": 306, "publications_years": {"2010": 4, "2008": 2, "2011": 6, "2009": 5, "2003": 2, "2004": 2, "2006": 2, "2005": 2, "2016": 2, "2017": 1, "2007": 1, "2013": 1, "2012": 1}, "citations_years": {"2012": 36, "2013": 42, "2014": 32, "2015": 28, "2016": 24, "2017": 20, "2009": 28, "2010": 37, "2011": 42, "2018": 17, "2005": 6, "2006": 4, "2007": 26, "2008": 29, "2019": 13, "2020": 2}, "old_citations": {"2010": 11, "2008": 12, "2011": 23, "2009": 16, "2003": 9, "2004": 61, "2006": 7, "2005": 219, "2016": 8, "2017": 1, "2007": 15, "2013": 2, "2012": 2}, "isVisible": false}, "information technology": {"name": "information technology", "type": "topic", "h_index": 696, "h5_index": 149, "num_publications": 20, "num_citations": 302, "num_publications_5y": 0, "num_citations_5y": 89, "num_publications_10y": 9, "num_citations_10y": 240, "publications_years": {"2008": 2, "2007": 1, "2009": 3, "2003": 2, "2011": 4, "2006": 3, "2005": 2, "2010": 1, "2012": 1, "2004": 1}, "citations_years": {"2009": 23, "2010": 31, "2011": 37, "2012": 27, "2013": 33, "2014": 26, "2015": 20, "2016": 21, "2017": 12, "2018": 10, "2019": 10, "2005": 2, "2006": 2, "2007": 22, "2008": 25, "2020": 1}, "old_citations": {"2008": 12, "2007": 11, "2009": 10, "2003": 9, "2011": 21, "2006": 10, "2005": 219, "2010": 7, "2012": 2, "2004": 1}, "isVisible": false}, "data handling": {"name": "data handling", "type": "topic", "h_index": 536, "h5_index": 110, "num_publications": 19, "num_citations": 281, "num_publications_5y": 3, "num_citations_5y": 78, "num_publications_10y": 14, "num_citations_10y": 224, "publications_years": {"2010": 4, "2011": 3, "2009": 3, "2005": 2, "2016": 2, "2017": 1, "2007": 1, "2008": 1, "2012": 1, "2004": 1}, "citations_years": {"2012": 25, "2013": 29, "2014": 14, "2015": 18, "2016": 17, "2017": 14, "2018": 15, "2010": 33, "2011": 39, "2006": 2, "2007": 20, "2008": 21, "2009": 20, "2019": 12, "2020": 2}, "old_citations": {"2010": 11, "2011": 9, "2009": 14, "2005": 219, "2016": 8, "2017": 1, "2007": 15, "2008": 1, "2012": 2, "2004": 1}, "isVisible": false}, "data integration": {"name": "data integration", "type": "topic", "h_index": 521, "h5_index": 107, "num_publications": 18, "num_citations": 72, "num_publications_5y": 3, "num_citations_5y": 31, "num_publications_10y": 14, "num_citations_10y": 64, "publications_years": {"2010": 4, "2011": 3, "2009": 3, "2005": 1, "2016": 2, "2017": 1, "2007": 1, "2008": 1, "2012": 1, "2004": 1}, "citations_years": {"2012": 7, "2013": 11, "2014": 6, "2015": 4, "2016": 9, "2017": 5, "2018": 7, "2010": 6, "2011": 8, "2006": 1, "2007": 1, "2008": 0, "2009": 1, "2019": 4, "2020": 2}, "old_citations": {"2010": 11, "2011": 9, "2009": 14, "2005": 10, "2016": 8, "2017": 1, "2007": 15, "2008": 1, "2012": 2, "2004": 1}, "isVisible": false}, "integrated data": {"name": "integrated data", "type": "topic", "h_index": 507, "h5_index": 106, "num_publications": 18, "num_citations": 72, "num_publications_5y": 3, "num_citations_5y": 31, "num_publications_10y": 14, "num_citations_10y": 64, "publications_years": {"2010": 4, "2011": 3, "2009": 3, "2005": 1, "2016": 2, "2017": 1, "2007": 1, "2008": 1, "2012": 1, "2004": 1}, "citations_years": {"2012": 7, "2013": 11, "2014": 6, "2015": 4, "2016": 9, "2017": 5, "2018": 7, "2010": 6, "2011": 8, "2006": 1, "2007": 1, "2008": 0, "2009": 1, "2019": 4, "2020": 2}, "old_citations": {"2010": 11, "2011": 9, "2009": 14, "2005": 10, "2016": 8, "2017": 1, "2007": 15, "2008": 1, "2012": 2, "2004": 1}, "isVisible": false}, "information systems": {"name": "information systems", "type": "topic", "h_index": 679, "h5_index": 124, "num_publications": 17, "num_citations": 280, "num_publications_5y": 0, "num_citations_5y": 81, "num_publications_10y": 9, "num_citations_10y": 222, "publications_years": {"2008": 2, "2009": 3, "2003": 2, "2011": 5, "2006": 3, "2010": 1, "2005": 1}, "citations_years": {"2009": 21, "2010": 29, "2011": 36, "2012": 24, "2013": 31, "2014": 23, "2015": 20, "2005": 2, "2006": 1, "2007": 21, "2008": 25, "2016": 17, "2017": 11, "2018": 10, "2019": 9}, "old_citations": {"2008": 12, "2009": 10, "2003": 9, "2011": 23, "2006": 10, "2010": 7, "2005": 209}, "isVisible": false}, "information management": {"name": "information management", "type": "topic", "h_index": 462, "h5_index": 109, "num_publications": 16, "num_citations": 285, "num_publications_5y": 0, "num_citations_5y": 82, "num_publications_10y": 8, "num_citations_10y": 225, "publications_years": {"2008": 2, "2009": 2, "2003": 2, "2011": 4, "2006": 2, "2005": 2, "2010": 1, "2012": 1}, "citations_years": {"2009": 21, "2010": 31, "2011": 34, "2012": 25, "2013": 32, "2014": 22, "2015": 20, "2005": 2, "2006": 2, "2007": 22, "2008": 24, "2016": 18, "2017": 12, "2018": 10, "2019": 9, "2020": 1}, "old_citations": {"2008": 12, "2009": 8, "2003": 9, "2011": 21, "2006": 7, "2005": 219, "2010": 7, "2012": 2}, "isVisible": false}, "internet": {"name": "internet", "type": "topic", "h_index": 1102, "h5_index": 245, "num_publications": 16, "num_citations": 348, "num_publications_5y": 0, "num_citations_5y": 99, "num_publications_10y": 7, "num_citations_10y": 272, "publications_years": {"2010": 1, "2008": 1, "2007": 2, "2011": 3, "2009": 3, "2003": 1, "2004": 2, "2005": 2, "2006": 1}, "citations_years": {"2012": 34, "2013": 35, "2014": 25, "2015": 26, "2016": 21, "2017": 17, "2009": 28, "2010": 35, "2011": 41, "2018": 10, "2019": 10, "2005": 6, "2006": 4, "2007": 26, "2008": 28, "2020": 2}, "old_citations": {"2010": 4, "2008": 11, "2007": 26, "2011": 6, "2009": 8, "2003": 9, "2004": 61, "2005": 219, "2006": 4}, "isVisible": false}, "data mining": {"name": "data mining", "type": "topic", "h_index": 861, "h5_index": 196, "num_publications": 11, "num_citations": 58, "num_publications_5y": 0, "num_citations_5y": 23, "num_publications_10y": 5, "num_citations_10y": 49, "publications_years": {"2008": 2, "2007": 1, "2009": 2, "2003": 2, "2011": 1, "2005": 1, "2013": 1, "2012": 1}, "citations_years": {"2009": 2, "2010": 4, "2011": 5, "2012": 6, "2013": 9, "2014": 11, "2015": 3, "2016": 7, "2017": 1, "2018": 1, "2019": 1, "2005": 2, "2006": 1, "2007": 3, "2008": 1, "2020": 1}, "old_citations": {"2008": 12, "2007": 11, "2009": 8, "2003": 9, "2011": 4, "2005": 10, "2013": 2, "2012": 2}, "isVisible": false}, "artificial intelligence": {"name": "artificial intelligence", "type": "topic", "h_index": 1421, "h5_index": 373, "num_publications": 9, "num_citations": 32, "num_publications_5y": 2, "num_citations_5y": 17, "num_publications_10y": 6, "num_citations_10y": 27, "publications_years": {"2010": 1, "2011": 1, "2016": 2, "2003": 1, "2007": 1, "2013": 1, "2009": 1, "2008": 1}, "citations_years": {"2012": 3, "2013": 1, "2014": 5, "2015": 1, "2016": 3, "2017": 3, "2018": 5, "2019": 4, "2010": 1, "2011": 5, "2020": 1}, "old_citations": {"2010": 4, "2011": 2, "2016": 8, "2003": 0, "2007": 15, "2013": 2, "2009": 0, "2008": 1}, "isVisible": false}, "data warehouses": {"name": "data warehouses", "type": "topic", "h_index": 241, "h5_index": 47, "num_publications": 9, "num_citations": 45, "num_publications_5y": 0, "num_citations_5y": 17, "num_publications_10y": 4, "num_citations_10y": 37, "publications_years": {"2008": 2, "2009": 2, "2003": 2, "2011": 1, "2005": 1, "2012": 1}, "citations_years": {"2009": 1, "2010": 4, "2011": 3, "2012": 4, "2013": 8, "2014": 7, "2015": 3, "2005": 2, "2006": 1, "2007": 3, "2008": 1, "2016": 5, "2017": 1, "2018": 1, "2019": 0, "2020": 1}, "old_citations": {"2008": 12, "2009": 8, "2003": 9, "2011": 4, "2005": 10, "2012": 2}, "isVisible": false}, "world wide web": {"name": "world wide web", "type": "topic", "h_index": 869, "h5_index": 173, "num_publications": 9, "num_citations": 295, "num_publications_5y": 0, "num_citations_5y": 79, "num_publications_10y": 3, "num_citations_10y": 222, "publications_years": {"2011": 2, "2003": 1, "2004": 2, "2005": 2, "2006": 1, "2009": 1}, "citations_years": {"2016": 17, "2017": 15, "2018": 10, "2005": 6, "2006": 4, "2007": 26, "2008": 28, "2009": 26, "2010": 32, "2011": 33, "2012": 26, "2013": 26, "2014": 15, "2015": 22, "2019": 8, "2020": 1}, "old_citations": {"2011": 2, "2003": 9, "2004": 61, "2005": 219, "2006": 4, "2009": 0}, "isVisible": false}, "computer networks": {"name": "computer networks", "type": "topic", "h_index": 1262, "h5_index": 332, "num_publications": 8, "num_citations": 38, "num_publications_5y": 0, "num_citations_5y": 21, "num_publications_10y": 4, "num_citations_10y": 33, "publications_years": {"2010": 1, "2006": 2, "2011": 2, "2003": 1, "2007": 1, "2013": 1}, "citations_years": {"2012": 5, "2013": 1, "2014": 11, "2015": 2, "2016": 4, "2017": 3, "2008": 2, "2009": 1, "2010": 1, "2011": 4, "2018": 1, "2019": 2, "2020": 1}, "old_citations": {"2010": 4, "2006": 7, "2011": 10, "2003": 0, "2007": 15, "2013": 2}, "isVisible": false}, "computer security": {"name": "computer security", "type": "topic", "h_index": 977, "h5_index": 220, "num_publications": 8, "num_citations": 30, "num_publications_5y": 0, "num_citations_5y": 17, "num_publications_10y": 2, "num_citations_10y": 21, "publications_years": {"2003": 2, "2006": 3, "2011": 2, "2008": 1}, "citations_years": {"2005": 2, "2006": 0, "2007": 2, "2008": 4, "2009": 1, "2010": 0, "2011": 1, "2012": 2, "2013": 0, "2014": 9, "2015": 1, "2016": 5, "2017": 1, "2018": 1, "2019": 1}, "old_citations": {"2003": 9, "2006": 10, "2011": 10, "2008": 1}, "isVisible": false}, "information analysis": {"name": "information analysis", "type": "topic", "h_index": 327, "h5_index": 73, "num_publications": 8, "num_citations": 242, "num_publications_5y": 0, "num_citations_5y": 66, "num_publications_10y": 3, "num_citations_10y": 185, "publications_years": {"2003": 2, "2006": 2, "2011": 3, "2005": 1}, "citations_years": {"2005": 2, "2006": 1, "2007": 21, "2008": 24, "2009": 20, "2010": 27, "2011": 31, "2012": 20, "2013": 21, "2014": 15, "2015": 16, "2016": 15, "2017": 11, "2018": 9, "2019": 9}, "old_citations": {"2003": 9, "2006": 7, "2011": 17, "2005": 209}, "isVisible": false}, "information quality": {"name": "information quality", "type": "topic", "h_index": 103, "h5_index": 24, "num_publications": 8, "num_citations": 242, "num_publications_5y": 0, "num_citations_5y": 66, "num_publications_10y": 3, "num_citations_10y": 185, "publications_years": {"2003": 2, "2006": 2, "2011": 3, "2005": 1}, "citations_years": {"2005": 2, "2006": 1, "2007": 21, "2008": 24, "2009": 20, "2010": 27, "2011": 31, "2012": 20, "2013": 21, "2014": 15, "2015": 16, "2016": 15, "2017": 11, "2018": 9, "2019": 9}, "old_citations": {"2003": 9, "2006": 7, "2011": 17, "2005": 209}, "isVisible": false}, "information retrieval": {"name": "information retrieval", "type": "topic", "h_index": 882, "h5_index": 227, "num_publications": 8, "num_citations": 36, "num_publications_5y": 0, "num_citations_5y": 20, "num_publications_10y": 3, "num_citations_10y": 27, "publications_years": {"2003": 2, "2006": 3, "2011": 2, "2010": 1}, "citations_years": {"2005": 2, "2006": 0, "2007": 2, "2008": 4, "2009": 1, "2010": 0, "2011": 0, "2012": 3, "2013": 3, "2014": 10, "2015": 2, "2016": 6, "2017": 1, "2018": 1, "2019": 1}, "old_citations": {"2003": 9, "2006": 10, "2011": 10, "2010": 7}, "isVisible": false}, "recommender systems": {"name": "recommender systems", "type": "topic", "h_index": 614, "h5_index": 140, "num_publications": 8, "num_citations": 36, "num_publications_5y": 0, "num_citations_5y": 20, "num_publications_10y": 3, "num_citations_10y": 27, "publications_years": {"2003": 2, "2006": 3, "2011": 2, "2010": 1}, "citations_years": {"2005": 2, "2006": 0, "2007": 2, "2008": 4, "2009": 1, "2010": 0, "2011": 0, "2012": 3, "2013": 3, "2014": 10, "2015": 2, "2016": 6, "2017": 1, "2018": 1, "2019": 1}, "old_citations": {"2003": 9, "2006": 10, "2011": 10, "2010": 7}, "isVisible": false}, "semantics": {"name": "semantics", "type": "topic", "h_index": 803, "h5_index": 226, "num_publications": 5, "num_citations": 277, "num_publications_5y": 0, "num_citations_5y": 73, "num_publications_10y": 2, "num_citations_10y": 212, "publications_years": {"2004": 1, "2006": 1, "2011": 1, "2013": 1, "2005": 1}, "citations_years": {"2005": 4, "2006": 3, "2007": 23, "2008": 27, "2009": 25, "2010": 30, "2011": 34, "2012": 25, "2013": 25, "2014": 16, "2015": 22, "2016": 11, "2017": 14, "2018": 10, "2019": 8}, "old_citations": {"2004": 60, "2006": 4, "2011": 2, "2013": 2, "2005": 209}, "isVisible": false}, "mathematics": {"name": "mathematics", "type": "topic", "h_index": 1364, "h5_index": 300, "num_publications": 6, "num_citations": 216, "num_publications_5y": 0, "num_citations_5y": 52, "num_publications_10y": 3, "num_citations_10y": 167, "publications_years": {"2010": 1, "2011": 1, "2003": 1, "2013": 1, "2008": 1, "2005": 1}, "citations_years": {"2012": 19, "2013": 18, "2014": 12, "2015": 14, "2016": 8, "2017": 10, "2011": 32, "2006": 1, "2007": 19, "2008": 21, "2009": 19, "2010": 27, "2018": 8, "2019": 8}, "old_citations": {"2010": 4, "2011": 0, "2003": 0, "2013": 2, "2008": 1, "2005": 209}, "isVisible": false}, "semantic web": {"name": "semantic web", "type": "topic", "h_index": 283, "h5_index": 50, "num_publications": 2, "num_citations": 213, "num_publications_5y": 0, "num_citations_5y": 50, "num_publications_10y": 0, "num_citations_10y": 163, "publications_years": {"2006": 1, "2005": 1}, "citations_years": {"2008": 22, "2009": 19, "2010": 27, "2011": 31, "2012": 18, "2013": 18, "2014": 9, "2015": 15, "2016": 9, "2006": 1, "2007": 19, "2017": 9, "2018": 8, "2019": 8}, "old_citations": {"2006": 4, "2005": 209}, "isVisible": false}, "correlation analysis": {"name": "correlation analysis", "type": "topic", "h_index": 1044, "h5_index": 224, "num_publications": 2, "num_citations": 211, "num_publications_5y": 0, "num_citations_5y": 49, "num_publications_10y": 1, "num_citations_10y": 162, "publications_years": {"2013": 1, "2005": 1}, "citations_years": {"2014": 10, "2006": 1, "2007": 19, "2008": 21, "2009": 19, "2010": 27, "2011": 31, "2012": 18, "2013": 18, "2015": 14, "2016": 8, "2017": 9, "2018": 8, "2019": 8}, "old_citations": {"2013": 2, "2005": 209}, "isVisible": false}, "dbpedia": {"name": "dbpedia", "type": "topic", "h_index": 102, "h5_index": 29, "num_publications": 1, "num_citations": 209, "num_publications_5y": 0, "num_citations_5y": 47, "num_publications_10y": 0, "num_citations_10y": 160, "publications_years": {"2005": 1}, "citations_years": {"2006": 1, "2007": 19, "2008": 21, "2009": 19, "2010": 27, "2011": 31, "2012": 18, "2013": 18, "2014": 8, "2015": 14, "2016": 8, "2017": 9, "2018": 8, "2019": 8}, "old_citations": {"2005": 209}, "isVisible": false}, "linked data": {"name": "linked data", "type": "topic", "h_index": 135, "h5_index": 37, "num_publications": 1, "num_citations": 209, "num_publications_5y": 0, "num_citations_5y": 47, "num_publications_10y": 0, "num_citations_10y": 160, "publications_years": {"2005": 1}, "citations_years": {"2006": 1, "2007": 19, "2008": 21, "2009": 19, "2010": 27, "2011": 31, "2012": 18, "2013": 18, "2014": 8, "2015": 14, "2016": 8, "2017": 9, "2018": 8, "2019": 8}, "old_citations": {"2005": 209}, "isVisible": false}, "social networks": {"name": "social networks", "type": "topic", "h_index": 441, "h5_index": 102, "num_publications": 1, "num_citations": 209, "num_publications_5y": 0, "num_citations_5y": 47, "num_publications_10y": 0, "num_citations_10y": 160, "publications_years": {"2005": 1}, "citations_years": {"2006": 1, "2007": 19, "2008": 21, "2009": 19, "2010": 27, "2011": 31, "2012": 18, "2013": 18, "2014": 8, "2015": 14, "2016": 8, "2017": 9, "2018": 8, "2019": 8}, "old_citations": {"2005": 209}, "isVisible": false}, "social relations": {"name": "social relations", "type": "topic", "h_index": 189, "h5_index": 48, "num_publications": 1, "num_citations": 209, "num_publications_5y": 0, "num_citations_5y": 47, "num_publications_10y": 0, "num_citations_10y": 160, "publications_years": {"2005": 1}, "citations_years": {"2006": 1, "2007": 19, "2008": 21, "2009": 19, "2010": 27, "2011": 31, "2012": 18, "2013": 18, "2014": 8, "2015": 14, "2016": 8, "2017": 9, "2018": 8, "2019": 8}, "old_citations": {"2005": 209}, "isVisible": false}, "social relationships": {"name": "social relationships", "type": "topic", "h_index": 241, "h5_index": 59, "num_publications": 1, "num_citations": 209, "num_publications_5y": 0, "num_citations_5y": 47, "num_publications_10y": 0, "num_citations_10y": 160, "publications_years": {"2005": 1}, "citations_years": {"2006": 1, "2007": 19, "2008": 21, "2009": 19, "2010": 27, "2011": 31, "2012": 18, "2013": 18, "2014": 8, "2015": 14, "2016": 8, "2017": 9, "2018": 8, "2019": 8}, "old_citations": {"2005": 209}, "isVisible": false}, "software design": {"name": "software design", "type": "topic", "h_index": 907, "h5_index": 227, "num_publications": 5, "num_citations": 17, "num_publications_5y": 1, "num_citations_5y": 12, "num_publications_10y": 4, "num_citations_10y": 14, "publications_years": {"2006": 1, "2011": 2, "2016": 1, "2012": 1}, "citations_years": {"2008": 1, "2009": 0, "2010": 0, "2011": 1, "2012": 1, "2013": 0, "2014": 5, "2015": 1, "2016": 1, "2017": 2, "2018": 3, "2019": 2}, "old_citations": {"2006": 4, "2011": 8, "2016": 3, "2012": 2}, "isVisible": false}, "software engineering": {"name": "software engineering", "type": "topic", "h_index": 964, "h5_index": 236, "num_publications": 7, "num_citations": 33, "num_publications_5y": 1, "num_citations_5y": 19, "num_publications_10y": 5, "num_citations_10y": 25, "publications_years": {"2003": 1, "2006": 1, "2011": 2, "2016": 1, "2010": 1, "2012": 1}, "citations_years": {"2005": 2, "2006": 0, "2007": 2, "2008": 2, "2009": 0, "2010": 0, "2011": 1, "2012": 2, "2013": 3, "2014": 7, "2015": 2, "2016": 5, "2017": 2, "2018": 3, "2019": 2}, "old_citations": {"2003": 9, "2006": 4, "2011": 8, "2016": 3, "2010": 7, "2012": 2}, "isVisible": false}, "bandwidth": {"name": "bandwidth", "type": "topic", "h_index": 922, "h5_index": 201, "num_publications": 7, "num_citations": 23, "num_publications_5y": 0, "num_citations_5y": 16, "num_publications_10y": 4, "num_citations_10y": 20, "publications_years": {"2010": 1, "2006": 2, "2011": 2, "2003": 1, "2013": 1}, "citations_years": {"2012": 3, "2013": 0, "2014": 10, "2015": 1, "2016": 2, "2017": 2, "2008": 2, "2009": 1, "2010": 0, "2011": 0, "2018": 1, "2019": 1}, "old_citations": {"2010": 4, "2006": 7, "2011": 10, "2003": 0, "2013": 2}, "isVisible": false}, "software architecture": {"name": "software architecture", "type": "topic", "h_index": 821, "h5_index": 210, "num_publications": 4, "num_citations": 14, "num_publications_5y": 0, "num_citations_5y": 10, "num_publications_10y": 3, "num_citations_10y": 12, "publications_years": {"2006": 1, "2011": 2, "2012": 1}, "citations_years": {"2008": 1, "2009": 0, "2010": 0, "2011": 1, "2012": 1, "2013": 0, "2014": 5, "2015": 1, "2016": 1, "2017": 1, "2018": 2, "2019": 1}, "old_citations": {"2006": 4, "2011": 8, "2012": 2}, "isVisible": false}, "telecommunication networks": {"name": "telecommunication networks", "type": "topic", "h_index": 1116, "h5_index": 258, "num_publications": 7, "num_citations": 23, "num_publications_5y": 0, "num_citations_5y": 16, "num_publications_10y": 4, "num_citations_10y": 20, "publications_years": {"2010": 1, "2006": 2, "2011": 2, "2003": 1, "2013": 1}, "citations_years": {"2012": 3, "2013": 0, "2014": 10, "2015": 1, "2016": 2, "2017": 2, "2008": 2, "2009": 1, "2010": 0, "2011": 0, "2018": 1, "2019": 1}, "old_citations": {"2010": 4, "2006": 7, "2011": 10, "2003": 0, "2013": 2}, "isVisible": false}, "telecommunication systems": {"name": "telecommunication systems", "type": "topic", "h_index": 1187, "h5_index": 277, "num_publications": 8, "num_citations": 38, "num_publications_5y": 0, "num_citations_5y": 21, "num_publications_10y": 4, "num_citations_10y": 33, "publications_years": {"2010": 1, "2006": 2, "2011": 2, "2003": 1, "2007": 1, "2013": 1}, "citations_years": {"2012": 5, "2013": 1, "2014": 11, "2015": 2, "2016": 4, "2017": 3, "2008": 2, "2009": 1, "2010": 1, "2011": 4, "2018": 1, "2019": 2, "2020": 1}, "old_citations": {"2010": 4, "2006": 7, "2011": 10, "2003": 0, "2007": 15, "2013": 2}, "isVisible": false}, "telecommunication traffic": {"name": "telecommunication traffic", "type": "topic", "h_index": 1036, "h5_index": 233, "num_publications": 7, "num_citations": 23, "num_publications_5y": 0, "num_citations_5y": 16, "num_publications_10y": 4, "num_citations_10y": 20, "publications_years": {"2010": 1, "2006": 2, "2011": 2, "2003": 1, "2013": 1}, "citations_years": {"2012": 3, "2013": 0, "2014": 10, "2015": 1, "2016": 2, "2017": 2, "2008": 2, "2009": 1, "2010": 0, "2011": 0, "2018": 1, "2019": 1}, "old_citations": {"2010": 4, "2006": 7, "2011": 10, "2003": 0, "2013": 2}, "isVisible": false}, "computer debugging": {"name": "computer debugging", "type": "topic", "h_index": 271, "h5_index": 55, "num_publications": 1, "num_citations": 3, "num_publications_5y": 1, "num_citations_5y": 2, "num_publications_10y": 1, "num_citations_10y": 2, "publications_years": {"2016": 1}, "citations_years": {"2017": 1, "2018": 1, "2019": 1}, "old_citations": {"2016": 3}, "isVisible": false}, "computer imaging and vision": {"name": "computer imaging and vision", "type": "topic", "h_index": 1142, "h5_index": 334, "num_publications": 3, "num_citations": 20, "num_publications_5y": 1, "num_citations_5y": 9, "num_publications_10y": 2, "num_citations_10y": 18, "publications_years": {"2010": 1, "2017": 1, "2007": 1}, "citations_years": {"2012": 3, "2013": 1, "2014": 3, "2015": 1, "2016": 2, "2017": 2, "2018": 1, "2010": 1, "2011": 4, "2019": 1, "2020": 1}, "old_citations": {"2010": 4, "2017": 1, "2007": 15}, "isVisible": false}, "computer programming": {"name": "computer programming", "type": "topic", "h_index": 873, "h5_index": 186, "num_publications": 5, "num_citations": 25, "num_publications_5y": 1, "num_citations_5y": 12, "num_publications_10y": 2, "num_citations_10y": 21, "publications_years": {"2011": 1, "2006": 1, "2016": 1, "2007": 1, "2004": 1}, "citations_years": {"2016": 4, "2017": 2, "2018": 2, "2008": 1, "2009": 1, "2010": 1, "2011": 4, "2012": 2, "2013": 1, "2014": 2, "2015": 2, "2019": 2, "2020": 1}, "old_citations": {"2011": 2, "2006": 4, "2016": 3, "2007": 15, "2004": 1}, "isVisible": false}, "domain knowledge": {"name": "domain knowledge", "type": "topic", "h_index": 285, "h5_index": 67, "num_publications": 2, "num_citations": 7, "num_publications_5y": 1, "num_citations_5y": 5, "num_publications_10y": 2, "num_citations_10y": 5, "publications_years": {"2016": 1, "2013": 1}, "citations_years": {"2018": 3, "2019": 2, "2014": 2}, "old_citations": {"2016": 5, "2013": 2}, "isVisible": false}, "explicit knowledge": {"name": "explicit knowledge", "type": "topic", "h_index": 212, "h5_index": 49, "num_publications": 1, "num_citations": 5, "num_publications_5y": 1, "num_citations_5y": 3, "num_publications_10y": 1, "num_citations_10y": 3, "publications_years": {"2016": 1}, "citations_years": {"2018": 3, "2019": 2}, "old_citations": {"2016": 5}, "isVisible": false}, "formal framework": {"name": "formal framework", "type": "topic", "h_index": 206, "h5_index": 43, "num_publications": 3, "num_citations": 20, "num_publications_5y": 1, "num_citations_5y": 9, "num_publications_10y": 2, "num_citations_10y": 17, "publications_years": {"2011": 1, "2016": 1, "2007": 1}, "citations_years": {"2016": 3, "2017": 2, "2018": 2, "2019": 2, "2010": 1, "2011": 4, "2012": 2, "2013": 1, "2014": 1, "2015": 1, "2020": 1}, "old_citations": {"2011": 2, "2016": 3, "2007": 15}, "isVisible": false}, "formal logic": {"name": "formal logic", "type": "topic", "h_index": 532, "h5_index": 93, "num_publications": 3, "num_citations": 20, "num_publications_5y": 1, "num_citations_5y": 9, "num_publications_10y": 2, "num_citations_10y": 17, "publications_years": {"2011": 1, "2016": 1, "2007": 1}, "citations_years": {"2016": 3, "2017": 2, "2018": 2, "2019": 2, "2010": 1, "2011": 4, "2012": 2, "2013": 1, "2014": 1, "2015": 1, "2020": 1}, "old_citations": {"2011": 2, "2016": 3, "2007": 15}, "isVisible": false}, "formal methods": {"name": "formal methods", "type": "topic", "h_index": 365, "h5_index": 59, "num_publications": 3, "num_citations": 20, "num_publications_5y": 1, "num_citations_5y": 9, "num_publications_10y": 2, "num_citations_10y": 17, "publications_years": {"2011": 1, "2016": 1, "2007": 1}, "citations_years": {"2016": 3, "2017": 2, "2018": 2, "2019": 2, "2010": 1, "2011": 4, "2012": 2, "2013": 1, "2014": 1, "2015": 1, "2020": 1}, "old_citations": {"2011": 2, "2016": 3, "2007": 15}, "isVisible": false}, "image coding": {"name": "image coding", "type": "topic", "h_index": 759, "h5_index": 203, "num_publications": 3, "num_citations": 20, "num_publications_5y": 1, "num_citations_5y": 9, "num_publications_10y": 2, "num_citations_10y": 18, "publications_years": {"2010": 1, "2017": 1, "2007": 1}, "citations_years": {"2012": 3, "2013": 1, "2014": 3, "2015": 1, "2016": 2, "2017": 2, "2018": 1, "2010": 1, "2011": 4, "2019": 1, "2020": 1}, "old_citations": {"2010": 4, "2017": 1, "2007": 15}, "isVisible": false}, "image processing": {"name": "image processing", "type": "topic", "h_index": 1113, "h5_index": 328, "num_publications": 3, "num_citations": 20, "num_publications_5y": 1, "num_citations_5y": 9, "num_publications_10y": 2, "num_citations_10y": 18, "publications_years": {"2010": 1, "2017": 1, "2007": 1}, "citations_years": {"2012": 3, "2013": 1, "2014": 3, "2015": 1, "2016": 2, "2017": 2, "2018": 1, "2010": 1, "2011": 4, "2019": 1, "2020": 1}, "old_citations": {"2010": 4, "2017": 1, "2007": 15}, "isVisible": false}, "knowledge base": {"name": "knowledge base", "type": "topic", "h_index": 236, "h5_index": 50, "num_publications": 1, "num_citations": 5, "num_publications_5y": 1, "num_citations_5y": 3, "num_publications_10y": 1, "num_citations_10y": 3, "publications_years": {"2016": 1}, "citations_years": {"2018": 3, "2019": 2}, "old_citations": {"2016": 5}, "isVisible": false}, "knowledge based systems": {"name": "knowledge based systems", "type": "topic", "h_index": 660, "h5_index": 129, "num_publications": 4, "num_citations": 11, "num_publications_5y": 1, "num_citations_5y": 8, "num_publications_10y": 4, "num_citations_10y": 9, "publications_years": {"2010": 1, "2016": 1, "2013": 1, "2009": 1}, "citations_years": {"2012": 1, "2013": 0, "2014": 4, "2015": 0, "2016": 0, "2017": 1, "2018": 3, "2019": 2}, "old_citations": {"2010": 4, "2016": 5, "2013": 2, "2009": 0}, "isVisible": false}, "knowledge management": {"name": "knowledge management", "type": "topic", "h_index": 396, "h5_index": 83, "num_publications": 1, "num_citations": 5, "num_publications_5y": 1, "num_citations_5y": 3, "num_publications_10y": 1, "num_citations_10y": 3, "publications_years": {"2016": 1}, "citations_years": {"2018": 3, "2019": 2}, "old_citations": {"2016": 5}, "isVisible": false}, "tacit knowledge": {"name": "tacit knowledge", "type": "topic", "h_index": 197, "h5_index": 46, "num_publications": 1, "num_citations": 5, "num_publications_5y": 1, "num_citations_5y": 3, "num_publications_10y": 1, "num_citations_10y": 3, "publications_years": {"2016": 1}, "citations_years": {"2018": 3, "2019": 2}, "old_citations": {"2016": 5}, "isVisible": false}, "program debugging": {"name": "program debugging", "type": "topic", "h_index": 267, "h5_index": 55, "num_publications": 1, "num_citations": 3, "num_publications_5y": 1, "num_citations_5y": 2, "num_publications_10y": 1, "num_citations_10y": 2, "publications_years": {"2016": 1}, "citations_years": {"2017": 1, "2018": 1, "2019": 1}, "old_citations": {"2016": 3}, "isVisible": false}, "software": {"name": "software", "type": "topic", "h_index": 902, "h5_index": 167, "num_publications": 2, "num_citations": 14, "num_publications_5y": 1, "num_citations_5y": 6, "num_publications_10y": 1, "num_citations_10y": 12, "publications_years": {"2007": 1, "2016": 1}, "citations_years": {"2009": 1, "2010": 0, "2011": 2, "2012": 2, "2013": 1, "2014": 2, "2015": 0, "2016": 2, "2017": 1, "2018": 1, "2019": 2}, "old_citations": {"2007": 11, "2016": 3}, "isVisible": false}}, "authors": {"192351227": {"name": "laure bertiequille", "type": "author", "activity": 20, "h_index": 15, "h5_index": 5, "mag_id": "192351227", "num_publications": 5, "num_citations": 21, "num_publications_5y": 0, "num_citations_5y": 8, "num_publications_10y": 3, "num_citations_10y": 18, "publications_years": {"2011": 1, "2009": 2, "2005": 1, "2008": 1}, "citations_years": {"2016": 3, "2017": 1, "2018": 1, "2010": 4, "2011": 2, "2012": 2, "2013": 2, "2014": 2, "2015": 1, "2006": 1, "2007": 1, "2008": 0, "2009": 0, "2019": 0, "2020": 1}, "old_citations": {"2011": 2, "2009": 8, "2005": 10, "2008": 1}, "isVisible": true}, "2206916075": {"name": "cinzia cappiello", "type": "author", "activity": 17, "h_index": 21, "h5_index": 9, "mag_id": "2206916075", "num_publications": 4, "num_citations": 22, "num_publications_5y": 0, "num_citations_5y": 6, "num_publications_10y": 1, "num_citations_10y": 21, "publications_years": {"2008": 1, "2006": 1, "2009": 1, "2004": 1}, "citations_years": {"2009": 2, "2010": 2, "2011": 2, "2012": 3, "2013": 6, "2014": 2, "2015": 3, "2008": 1, "2016": 1}, "old_citations": {"2008": 11, "2006": 4, "2009": 6, "2004": 1}, "isVisible": false}, "696776449": {"name": "carlo batini", "type": "author", "activity": 31, "h_index": 20, "h5_index": 7, "mag_id": "696776449", "num_publications": 3, "num_citations": 24, "num_publications_5y": 0, "num_citations_5y": 9, "num_publications_10y": 0, "num_citations_10y": 17, "publications_years": {"2003": 2, "2007": 1}, "citations_years": {"2005": 2, "2006": 0, "2007": 2, "2008": 1, "2009": 0, "2010": 1, "2011": 4, "2012": 2, "2013": 1, "2014": 2, "2015": 1, "2016": 5, "2017": 1, "2018": 0, "2019": 1, "2020": 1}, "old_citations": {"2003": 9, "2007": 15}, "isVisible": false}, "1218880500": {"name": "wilfried lemahieu", "type": "author", "activity": 21, "h_index": 9, "h5_index": 5, "mag_id": "1218880500", "num_publications": 3, "num_citations": 9, "num_publications_5y": 3, "num_citations_5y": 6, "num_publications_10y": 3, "num_citations_10y": 6, "publications_years": {"2016": 2, "2017": 1}, "citations_years": {"2018": 5, "2019": 3, "2017": 1}, "old_citations": {"2016": 8, "2017": 1}, "isVisible": false}, "1966312229": {"name": "monique snoeck", "type": "author", "activity": 29, "h_index": 18, "h5_index": 6, "mag_id": "1966312229", "num_publications": 3, "num_citations": 9, "num_publications_5y": 3, "num_citations_5y": 6, "num_publications_10y": 3, "num_citations_10y": 6, "publications_years": {"2016": 2, "2017": 1}, "citations_years": {"2018": 5, "2019": 3, "2017": 1}, "old_citations": {"2016": 8, "2017": 1}, "isVisible": false}, "2483168116": {"name": "sylvaine nugier", "type": "author", "activity": 11, "h_index": 4, "h5_index": 2, "mag_id": "2483168116", "num_publications": 3, "num_citations": 19, "num_publications_5y": 0, "num_citations_5y": 7, "num_publications_10y": 2, "num_citations_10y": 18, "publications_years": {"2007": 1, "2009": 2}, "citations_years": {"2009": 1, "2010": 2, "2011": 3, "2012": 3, "2013": 2, "2014": 4, "2015": 1, "2016": 2, "2017": 0, "2018": 0, "2019": 1}, "old_citations": {"2007": 11, "2009": 8}, "isVisible": false}, "2492654156": {"name": "tom haegemans", "type": "author", "activity": 3, "h_index": 3, "h5_index": 2, "mag_id": "2492654156", "num_publications": 3, "num_citations": 9, "num_publications_5y": 3, "num_citations_5y": 6, "num_publications_10y": 3, "num_citations_10y": 6, "publications_years": {"2016": 2, "2017": 1}, "citations_years": {"2018": 5, "2019": 3, "2017": 1}, "old_citations": {"2016": 8, "2017": 1}, "isVisible": false}, "37938808": {"name": "barbara pernici", "type": "author", "activity": 30, "h_index": 38, "h5_index": 4, "mag_id": "37938808", "num_publications": 2, "num_citations": 5, "num_publications_5y": 0, "num_citations_5y": 3, "num_publications_10y": 0, "num_citations_10y": 4, "publications_years": {"2006": 1, "2004": 1}, "citations_years": {"2008": 1, "2009": 1, "2010": 0, "2011": 0, "2012": 0, "2013": 0, "2014": 1, "2015": 1, "2016": 1}, "old_citations": {"2006": 4, "2004": 1}, "isVisible": false}, "73651482": {"name": "virginie thiongoasdoue", "type": "author", "activity": 6, "h_index": 3, "h5_index": 0, "mag_id": "73651482", "num_publications": 2, "num_citations": 13, "num_publications_5y": 0, "num_citations_5y": 5, "num_publications_10y": 1, "num_citations_10y": 12, "publications_years": {"2007": 1, "2009": 1}, "citations_years": {"2009": 1, "2010": 1, "2011": 2, "2012": 2, "2013": 1, "2014": 3, "2015": 0, "2016": 2, "2017": 0, "2018": 0, "2019": 1}, "old_citations": {"2007": 11, "2009": 2}, "isVisible": false}, "157678263": {"name": "isabelle comynwattiau", "type": "author", "activity": 30, "h_index": 17, "h5_index": 5, "mag_id": "157678263", "num_publications": 2, "num_citations": 8, "num_publications_5y": 0, "num_citations_5y": 3, "num_publications_10y": 2, "num_citations_10y": 8, "publications_years": {"2009": 2}, "citations_years": {"2010": 2, "2011": 1, "2012": 1, "2013": 1, "2014": 2, "2015": 1}, "old_citations": {"2009": 8}, "isVisible": false}, "195367912": {"name": "zoubida kedad", "type": "author", "activity": 23, "h_index": 12, "h5_index": 2, "mag_id": "195367912", "num_publications": 2, "num_citations": 8, "num_publications_5y": 0, "num_citations_5y": 3, "num_publications_10y": 2, "num_citations_10y": 8, "publications_years": {"2009": 2}, "citations_years": {"2010": 2, "2011": 1, "2012": 1, "2013": 1, "2014": 2, "2015": 1}, "old_citations": {"2009": 8}, "isVisible": false}, "206244366": {"name": "besiki stvilia", "type": "author", "activity": 17, "h_index": 19, "h5_index": 3, "mag_id": "206244366", "num_publications": 2, "num_citations": 269, "num_publications_5y": 0, "num_citations_5y": 67, "num_publications_10y": 0, "num_citations_10y": 205, "publications_years": {"2004": 1, "2005": 1}, "citations_years": {"2005": 4, "2006": 3, "2007": 23, "2008": 26, "2009": 25, "2010": 30, "2011": 33, "2012": 25, "2013": 25, "2014": 13, "2015": 21, "2016": 10, "2017": 14, "2018": 9, "2019": 8}, "old_citations": {"2004": 60, "2005": 209}, "isVisible": false}, "281862109": {"name": "michael b twidale", "type": "author", "activity": 30, "h_index": 27, "h5_index": 3, "mag_id": "281862109", "num_publications": 2, "num_citations": 269, "num_publications_5y": 0, "num_citations_5y": 67, "num_publications_10y": 0, "num_citations_10y": 205, "publications_years": {"2004": 1, "2005": 1}, "citations_years": {"2005": 4, "2006": 3, "2007": 23, "2008": 26, "2009": 25, "2010": 30, "2011": 33, "2012": 25, "2013": 25, "2014": 13, "2015": 21, "2016": 10, "2017": 14, "2018": 9, "2019": 8}, "old_citations": {"2004": 60, "2005": 209}, "isVisible": false}, "723888417": {"name": "les gasser", "type": "author", "activity": 23, "h_index": 23, "h5_index": 0, "mag_id": "723888417", "num_publications": 2, "num_citations": 269, "num_publications_5y": 0, "num_citations_5y": 67, "num_publications_10y": 0, "num_citations_10y": 205, "publications_years": {"2004": 1, "2005": 1}, "citations_years": {"2005": 4, "2006": 3, "2007": 23, "2008": 26, "2009": 25, "2010": 30, "2011": 33, "2012": 25, "2013": 25, "2014": 13, "2015": 21, "2016": 10, "2017": 14, "2018": 9, "2019": 8}, "old_citations": {"2004": 60, "2005": 209}, "isVisible": false}, "1125928931": {"name": "andrea maurino", "type": "author", "activity": 21, "h_index": 17, "h5_index": 3, "mag_id": "1125928931", "num_publications": 2, "num_citations": 15, "num_publications_5y": 0, "num_citations_5y": 5, "num_publications_10y": 1, "num_citations_10y": 13, "publications_years": {"2007": 1, "2009": 1}, "citations_years": {"2010": 1, "2011": 4, "2012": 2, "2013": 1, "2014": 1, "2015": 1, "2016": 2, "2017": 1, "2018": 0, "2019": 1, "2020": 1}, "old_citations": {"2007": 15, "2009": 0}, "isVisible": false}, "2003118552": {"name": "mirko cesarini", "type": "author", "activity": 16, "h_index": 10, "h5_index": 4, "mag_id": "2003118552", "num_publications": 2, "num_citations": 5, "num_publications_5y": 0, "num_citations_5y": 4, "num_publications_10y": 1, "num_citations_10y": 4, "publications_years": {"2006": 1, "2012": 1}, "citations_years": {"2008": 1, "2009": 0, "2010": 0, "2011": 0, "2012": 0, "2013": 0, "2014": 3, "2015": 0, "2016": 0, "2017": 0, "2018": 1}, "old_citations": {"2006": 3, "2012": 2}, "isVisible": false}, "2061851337": {"name": "bart baesens", "type": "author", "activity": 21, "h_index": 36, "h5_index": 9, "mag_id": "2061851337", "num_publications": 2, "num_citations": 8, "num_publications_5y": 1, "num_citations_5y": 4, "num_publications_10y": 2, "num_citations_10y": 8, "publications_years": {"2017": 1, "2010": 1}, "citations_years": {"2018": 1, "2012": 1, "2013": 3, "2014": 1, "2015": 1, "2016": 1}, "old_citations": {"2017": 1, "2010": 7}, "isVisible": false}, "2071318386": {"name": "samira sisaidcherfi", "type": "author", "activity": 3, "h_index": 2, "h5_index": 0, "mag_id": "2071318386", "num_publications": 2, "num_citations": 8, "num_publications_5y": 0, "num_citations_5y": 3, "num_publications_10y": 2, "num_citations_10y": 8, "publications_years": {"2009": 2}, "citations_years": {"2010": 2, "2011": 1, "2012": 1, "2013": 1, "2014": 2, "2015": 1}, "old_citations": {"2009": 8}, "isVisible": false}, "2096960360": {"name": "florian daniel", "type": "author", "activity": 18, "h_index": 28, "h5_index": 7, "mag_id": "2096960360", "num_publications": 2, "num_citations": 17, "num_publications_5y": 0, "num_citations_5y": 3, "num_publications_10y": 1, "num_citations_10y": 17, "publications_years": {"2008": 1, "2009": 1}, "citations_years": {"2009": 1, "2010": 2, "2011": 2, "2012": 3, "2013": 6, "2014": 1, "2015": 2}, "old_citations": {"2008": 11, "2009": 6}, "isVisible": false}, "2122552307": {"name": "shazia sadiq", "type": "author", "activity": 22, "h_index": 36, "h5_index": 7, "mag_id": "2122552307", "num_publications": 2, "num_citations": 7, "num_publications_5y": 0, "num_citations_5y": 4, "num_publications_10y": 2, "num_citations_10y": 7, "publications_years": {"2011": 2}, "citations_years": {"2013": 3, "2014": 0, "2015": 1, "2016": 2, "2017": 1}, "old_citations": {"2011": 7}, "isVisible": false}, "2138469044": {"name": "veronika peralta", "type": "author", "activity": 18, "h_index": 8, "h5_index": 3, "mag_id": "2138469044", "num_publications": 2, "num_citations": 8, "num_publications_5y": 0, "num_citations_5y": 3, "num_publications_10y": 2, "num_citations_10y": 8, "publications_years": {"2009": 2}, "citations_years": {"2010": 2, "2011": 1, "2012": 1, "2013": 1, "2014": 2, "2015": 1}, "old_citations": {"2009": 8}, "isVisible": false}, "2145207705": {"name": "fabio casati", "type": "author", "activity": 25, "h_index": 26, "h5_index": 6, "mag_id": "2145207705", "num_publications": 2, "num_citations": 17, "num_publications_5y": 0, "num_citations_5y": 3, "num_publications_10y": 1, "num_citations_10y": 17, "publications_years": {"2008": 1, "2009": 1}, "citations_years": {"2009": 1, "2010": 2, "2011": 2, "2012": 3, "2013": 6, "2014": 1, "2015": 2}, "old_citations": {"2008": 11, "2009": 6}, "isVisible": false}, "2470419409": {"name": "m mezzanzanica", "type": "author", "activity": 20, "h_index": 9, "h5_index": 4, "mag_id": "2470419409", "num_publications": 2, "num_citations": 5, "num_publications_5y": 0, "num_citations_5y": 4, "num_publications_10y": 1, "num_citations_10y": 4, "publications_years": {"2006": 1, "2012": 1}, "citations_years": {"2008": 1, "2009": 0, "2010": 0, "2011": 0, "2012": 0, "2013": 0, "2014": 3, "2015": 0, "2016": 0, "2017": 0, "2018": 1}, "old_citations": {"2006": 3, "2012": 2}, "isVisible": false}, "53516667": {"name": "domenico beneventano", "type": "author", "activity": 29, "h_index": 13, "h5_index": 3, "mag_id": "53516667", "num_publications": 1, "num_citations": 0, "num_publications_5y": 0, "num_citations_5y": 0, "num_publications_10y": 1, "num_citations_10y": 0, "publications_years": {"2009": 1}, "citations_years": {}, "old_citations": {"2009": 0}, "isVisible": false}, "128757622": {"name": "nitin joglekar", "type": "author", "activity": 18, "h_index": 3, "h5_index": 2, "mag_id": "128757622", "num_publications": 1, "num_citations": 0, "num_publications_5y": 0, "num_citations_5y": 0, "num_publications_10y": 1, "num_citations_10y": 0, "publications_years": {"2010": 1}, "citations_years": {}, "old_citations": {"2010": 0}, "isVisible": false}, "335461239": {"name": "nawaf alkharboush", "type": "author", "activity": 3, "h_index": 2, "h5_index": 0, "mag_id": "335461239", "num_publications": 1, "num_citations": 4, "num_publications_5y": 0, "num_citations_5y": 3, "num_publications_10y": 1, "num_citations_10y": 4, "publications_years": {"2010": 1}, "citations_years": {"2012": 1, "2013": 0, "2014": 2, "2015": 0, "2016": 0, "2017": 1}, "old_citations": {"2010": 4}, "isVisible": false}, "386396036": {"name": "cesar guerragarcia", "type": "author", "activity": 10, "h_index": 4, "h5_index": 1, "mag_id": "386396036", "num_publications": 1, "num_citations": 2, "num_publications_5y": 0, "num_citations_5y": 2, "num_publications_10y": 1, "num_citations_10y": 2, "publications_years": {"2011": 1}, "citations_years": {"2016": 1, "2017": 0, "2018": 1}, "old_citations": {"2011": 2}, "isVisible": false}, "389892849": {"name": "craig e tweedie", "type": "author", "activity": 9, "h_index": 3, "h5_index": 1, "mag_id": "389892849", "num_publications": 1, "num_citations": 0, "num_publications_5y": 0, "num_citations_5y": 0, "num_publications_10y": 1, "num_citations_10y": 0, "publications_years": {"2010": 1}, "citations_years": {}, "old_citations": {"2010": 0}, "isVisible": false}, "487550945": {"name": "brigitte laboisse", "type": "author", "activity": 5, "h_index": 1, "h5_index": 0, "mag_id": "487550945", "num_publications": 1, "num_citations": 11, "num_publications_5y": 0, "num_citations_5y": 4, "num_publications_10y": 0, "num_citations_10y": 10, "publications_years": {"2007": 1}, "citations_years": {"2009": 1, "2010": 0, "2011": 2, "2012": 2, "2013": 1, "2014": 2, "2015": 0, "2016": 2, "2017": 0, "2018": 0, "2019": 1}, "old_citations": {"2007": 11}, "isVisible": false}, "677078356": {"name": "yuriy verbitskiy", "type": "author", "activity": 6, "h_index": 2, "h5_index": 0, "mag_id": "677078356", "num_publications": 1, "num_citations": 4, "num_publications_5y": 0, "num_citations_5y": 2, "num_publications_10y": 1, "num_citations_10y": 4, "publications_years": {"2011": 1}, "citations_years": {"2013": 2, "2014": 2}, "old_citations": {"2011": 4}, "isVisible": false}, "725643041": {"name": "gerhard satzger", "type": "author", "activity": 28, "h_index": 7, "h5_index": 3, "mag_id": "725643041", "num_publications": 1, "num_citations": 4, "num_publications_5y": 0, "num_citations_5y": 3, "num_publications_10y": 1, "num_citations_10y": 4, "publications_years": {"2011": 1}, "citations_years": {"2012": 1, "2013": 0, "2014": 2, "2015": 0, "2016": 0, "2017": 0, "2018": 1}, "old_citations": {"2011": 4}, "isVisible": false}, "849898223": {"name": "antoon goderis", "type": "author", "activity": 6, "h_index": 2, "h5_index": 1, "mag_id": "849898223", "num_publications": 1, "num_citations": 3, "num_publications_5y": 1, "num_citations_5y": 2, "num_publications_10y": 1, "num_citations_10y": 2, "publications_years": {"2016": 1}, "citations_years": {"2017": 1, "2018": 1, "2019": 1}, "old_citations": {"2016": 3}, "isVisible": false}, "962034984": {"name": "sarah l shreeves", "type": "author", "activity": 14, "h_index": 9, "h5_index": 0, "mag_id": "962034984", "num_publications": 1, "num_citations": 60, "num_publications_5y": 0, "num_citations_5y": 20, "num_publications_10y": 0, "num_citations_10y": 45, "publications_years": {"2004": 1}, "citations_years": {"2005": 4, "2006": 2, "2007": 4, "2008": 5, "2009": 6, "2010": 3, "2011": 2, "2012": 7, "2013": 7, "2014": 5, "2015": 7, "2016": 2, "2017": 5, "2018": 1}, "old_citations": {"2004": 60}, "isVisible": false}, "1421170436": {"name": "jonas poelmans", "type": "author", "activity": 9, "h_index": 14, "h5_index": 1, "mag_id": "1421170436", "num_publications": 1, "num_citations": 7, "num_publications_5y": 0, "num_citations_5y": 3, "num_publications_10y": 1, "num_citations_10y": 7, "publications_years": {"2010": 1}, "citations_years": {"2012": 1, "2013": 3, "2014": 1, "2015": 1, "2016": 1}, "old_citations": {"2010": 7}, "isVisible": false}, "1888973094": {"name": "oleksiy chayka", "type": "author", "activity": 7, "h_index": 3, "h5_index": 0, "mag_id": "1888973094", "num_publications": 1, "num_citations": 11, "num_publications_5y": 0, "num_citations_5y": 3, "num_publications_10y": 0, "num_citations_10y": 11, "publications_years": {"2008": 1}, "citations_years": {"2009": 1, "2010": 0, "2011": 1, "2012": 2, "2013": 4, "2014": 1, "2015": 2}, "old_citations": {"2008": 11}, "isVisible": false}, "1920547206": {"name": "vimukthi jayawardene", "type": "author", "activity": 4, "h_index": 2, "h5_index": 0, "mag_id": "1920547206", "num_publications": 1, "num_citations": 7, "num_publications_5y": 0, "num_citations_5y": 4, "num_publications_10y": 1, "num_citations_10y": 7, "publications_years": {"2011": 1}, "citations_years": {"2013": 3, "2014": 0, "2015": 1, "2016": 2, "2017": 1}, "old_citations": {"2011": 7}, "isVisible": false}, "1986427685": {"name": "erwin folmer", "type": "author", "activity": 19, "h_index": 5, "h5_index": 2, "mag_id": "1986427685", "num_publications": 1, "num_citations": 2, "num_publications_5y": 0, "num_citations_5y": 1, "num_publications_10y": 1, "num_citations_10y": 2, "publications_years": {"2011": 1}, "citations_years": {"2011": 1, "2012": 0, "2013": 0, "2014": 0, "2015": 0, "2016": 0, "2017": 0, "2018": 1}, "old_citations": {"2011": 2}, "isVisible": false}, "1994567254": {"name": "alexander borek", "type": "author", "activity": 8, "h_index": 4, "h5_index": 0, "mag_id": "1994567254", "num_publications": 1, "num_citations": 4, "num_publications_5y": 0, "num_citations_5y": 3, "num_publications_10y": 1, "num_citations_10y": 4, "publications_years": {"2011": 1}, "citations_years": {"2012": 1, "2013": 0, "2014": 2, "2015": 0, "2016": 0, "2017": 0, "2018": 1}, "old_citations": {"2011": 4}, "isVisible": false}, "1999801547": {"name": "mattias gustavsson", "type": "author", "activity": 1, "h_index": 1, "h5_index": 0, "mag_id": "1999801547", "num_publications": 1, "num_citations": 3, "num_publications_5y": 0, "num_citations_5y": 1, "num_publications_10y": 0, "num_citations_10y": 2, "publications_years": {"2006": 1}, "citations_years": {"2008": 1, "2009": 1, "2010": 0, "2011": 0, "2012": 0, "2013": 0, "2014": 0, "2015": 0, "2016": 1}, "old_citations": {"2006": 3}, "isVisible": false}, "2010554420": {"name": "themis palpanas", "type": "author", "activity": 20, "h_index": 28, "h5_index": 11, "mag_id": "2010554420", "num_publications": 1, "num_citations": 11, "num_publications_5y": 0, "num_citations_5y": 3, "num_publications_10y": 0, "num_citations_10y": 11, "publications_years": {"2008": 1}, "citations_years": {"2009": 1, "2010": 0, "2011": 1, "2012": 2, "2013": 4, "2014": 1, "2015": 2}, "old_citations": {"2008": 11}, "isVisible": false}, "2022163440": {"name": "ajith kumar parlikad", "type": "author", "activity": 16, "h_index": 7, "h5_index": 4, "mag_id": "2022163440", "num_publications": 1, "num_citations": 4, "num_publications_5y": 0, "num_citations_5y": 3, "num_publications_10y": 1, "num_citations_10y": 4, "publications_years": {"2011": 1}, "citations_years": {"2012": 1, "2013": 0, "2014": 2, "2015": 0, "2016": 0, "2017": 0, "2018": 1}, "old_citations": {"2011": 4}, "isVisible": false}, "2028540206": {"name": "naiem khodabandehloo yeganeh", "type": "author", "activity": 7, "h_index": 4, "h5_index": 0, "mag_id": "2028540206", "num_publications": 1, "num_citations": 0, "num_publications_5y": 0, "num_citations_5y": 0, "num_publications_10y": 1, "num_citations_10y": 0, "publications_years": {"2011": 1}, "citations_years": {}, "old_citations": {"2011": 0}, "isVisible": false}, "2038300322": {"name": "mohamed a sharaf", "type": "author", "activity": 18, "h_index": 17, "h5_index": 4, "mag_id": "2038300322", "num_publications": 1, "num_citations": 0, "num_publications_5y": 0, "num_citations_5y": 0, "num_publications_10y": 1, "num_citations_10y": 0, "publications_years": {"2011": 1}, "citations_years": {}, "old_citations": {"2011": 0}, "isVisible": false}, "2040200184": {"name": "marta indulska", "type": "author", "activity": 21, "h_index": 27, "h5_index": 5, "mag_id": "2040200184", "num_publications": 1, "num_citations": 7, "num_publications_5y": 0, "num_citations_5y": 4, "num_publications_10y": 1, "num_citations_10y": 7, "publications_years": {"2011": 1}, "citations_years": {"2013": 3, "2014": 0, "2015": 1, "2016": 2, "2017": 1}, "old_citations": {"2011": 7}, "isVisible": false}, "2043383249": {"name": "roberto boselli", "type": "author", "activity": 16, "h_index": 9, "h5_index": 3, "mag_id": "2043383249", "num_publications": 1, "num_citations": 2, "num_publications_5y": 0, "num_citations_5y": 2, "num_publications_10y": 1, "num_citations_10y": 2, "publications_years": {"2012": 1}, "citations_years": {"2014": 1, "2015": 0, "2016": 0, "2017": 0, "2018": 1}, "old_citations": {"2012": 2}, "isVisible": false}, "2055101454": {"name": "frank stumpe", "type": "author", "activity": 4, "h_index": 2, "h5_index": 1, "mag_id": "2055101454", "num_publications": 1, "num_citations": 3, "num_publications_5y": 1, "num_citations_5y": 2, "num_publications_10y": 1, "num_citations_10y": 2, "publications_years": {"2016": 1}, "citations_years": {"2017": 1, "2018": 1, "2019": 1}, "old_citations": {"2016": 3}, "isVisible": false}, "2057503695": {"name": "virginie thion", "type": "author", "activity": 18, "h_index": 6, "h5_index": 4, "mag_id": "2057503695", "num_publications": 1, "num_citations": 6, "num_publications_5y": 0, "num_citations_5y": 2, "num_publications_10y": 1, "num_citations_10y": 6, "publications_years": {"2009": 1}, "citations_years": {"2010": 1, "2011": 1, "2012": 1, "2013": 1, "2014": 1, "2015": 1}, "old_citations": {"2009": 6}, "isVisible": false}, "2059436065": {"name": "mario piattini", "type": "author", "activity": 26, "h_index": 44, "h5_index": 6, "mag_id": "2059436065", "num_publications": 1, "num_citations": 2, "num_publications_5y": 0, "num_citations_5y": 2, "num_publications_10y": 1, "num_citations_10y": 2, "publications_years": {"2011": 1}, "citations_years": {"2016": 1, "2017": 0, "2018": 1}, "old_citations": {"2011": 2}, "isVisible": false}, "2064598993": {"name": "fabio mercorio", "type": "author", "activity": 11, "h_index": 11, "h5_index": 5, "mag_id": "2064598993", "num_publications": 1, "num_citations": 2, "num_publications_5y": 0, "num_citations_5y": 2, "num_publications_10y": 1, "num_citations_10y": 2, "publications_years": {"2012": 1}, "citations_years": {"2014": 1, "2015": 0, "2016": 0, "2017": 0, "2018": 1}, "old_citations": {"2012": 2}, "isVisible": false}, "2073035685": {"name": "chiara francalanci", "type": "author", "activity": 26, "h_index": 18, "h5_index": 3, "mag_id": "2073035685", "num_publications": 1, "num_citations": 1, "num_publications_5y": 0, "num_citations_5y": 0, "num_publications_10y": 0, "num_citations_10y": 1, "publications_years": {"2004": 1}, "citations_years": {"2009": 1}, "old_citations": {"2004": 1}, "isVisible": false}, "2075150303": {"name": "paolo missier", "type": "author", "activity": 29, "h_index": 27, "h5_index": 7, "mag_id": "2075150303", "num_publications": 1, "num_citations": 0, "num_publications_5y": 0, "num_citations_5y": 0, "num_publications_10y": 0, "num_citations_10y": 0, "publications_years": {"2003": 1}, "citations_years": {}, "old_citations": {"2003": 0}, "isVisible": false}, "2081129572": {"name": "karel dejaeger", "type": "author", "activity": 6, "h_index": 7, "h5_index": 0, "mag_id": "2081129572", "num_publications": 1, "num_citations": 7, "num_publications_5y": 0, "num_citations_5y": 3, "num_publications_10y": 1, "num_citations_10y": 7, "publications_years": {"2010": 1}, "citations_years": {"2012": 1, "2013": 3, "2014": 1, "2015": 1, "2016": 1}, "old_citations": {"2010": 7}, "isVisible": false}, "2106372239": {"name": "daniele barone", "type": "author", "activity": 9, "h_index": 12, "h5_index": 0, "mag_id": "2106372239", "num_publications": 1, "num_citations": 15, "num_publications_5y": 0, "num_citations_5y": 5, "num_publications_10y": 0, "num_citations_10y": 13, "publications_years": {"2007": 1}, "citations_years": {"2010": 1, "2011": 4, "2012": 2, "2013": 1, "2014": 1, "2015": 1, "2016": 2, "2017": 1, "2018": 0, "2019": 1, "2020": 1}, "old_citations": {"2007": 15}, "isVisible": false}, "2122434521": {"name": "yuefeng li", "type": "author", "activity": 21, "h_index": 31, "h5_index": 3, "mag_id": "2122434521", "num_publications": 1, "num_citations": 4, "num_publications_5y": 0, "num_citations_5y": 3, "num_publications_10y": 1, "num_citations_10y": 4, "publications_years": {"2010": 1}, "citations_years": {"2012": 1, "2013": 0, "2014": 2, "2015": 0, "2016": 0, "2017": 1}, "old_citations": {"2010": 4}, "isVisible": false}, "2128012063": {"name": "shirleeann knight", "type": "author", "activity": 14, "h_index": 6, "h5_index": 0, "mag_id": "2128012063", "num_publications": 1, "num_citations": 6, "num_publications_5y": 0, "num_citations_5y": 4, "num_publications_10y": 1, "num_citations_10y": 5, "publications_years": {"2011": 1}, "citations_years": {"2012": 1, "2013": 0, "2014": 3, "2015": 0, "2016": 0, "2017": 1, "2018": 0, "2019": 1}, "old_citations": {"2011": 6}, "isVisible": false}, "2128082184": {"name": "carlos rodriguez", "type": "author", "activity": 14, "h_index": 8, "h5_index": 4, "mag_id": "2128082184", "num_publications": 1, "num_citations": 6, "num_publications_5y": 0, "num_citations_5y": 0, "num_publications_10y": 1, "num_citations_10y": 6, "publications_years": {"2009": 1}, "citations_years": {"2010": 2, "2011": 1, "2012": 1, "2013": 2}, "old_citations": {"2009": 6}, "isVisible": false}, "2137067593": {"name": "ke deng", "type": "author", "activity": 17, "h_index": 16, "h5_index": 6, "mag_id": "2137067593", "num_publications": 1, "num_citations": 0, "num_publications_5y": 0, "num_citations_5y": 0, "num_publications_10y": 1, "num_citations_10y": 0, "publications_years": {"2011": 1}, "citations_years": {}, "old_citations": {"2011": 0}, "isVisible": false}, "2144420726": {"name": "jane hunter", "type": "author", "activity": 23, "h_index": 28, "h5_index": 2, "mag_id": "2144420726", "num_publications": 1, "num_citations": 2, "num_publications_5y": 0, "num_citations_5y": 2, "num_publications_10y": 1, "num_citations_10y": 2, "publications_years": {"2013": 1}, "citations_years": {"2014": 2}, "old_citations": {"2013": 2}, "isVisible": false}, "2144475260": {"name": "william yeoh", "type": "author", "activity": 13, "h_index": 18, "h5_index": 9, "mag_id": "2144475260", "num_publications": 1, "num_citations": 4, "num_publications_5y": 0, "num_citations_5y": 2, "num_publications_10y": 1, "num_citations_10y": 4, "publications_years": {"2011": 1}, "citations_years": {"2013": 2, "2014": 2}, "old_citations": {"2011": 4}, "isVisible": false}, "2147343893": {"name": "timothy w cole", "type": "author", "activity": 30, "h_index": 14, "h5_index": 3, "mag_id": "2147343893", "num_publications": 1, "num_citations": 60, "num_publications_5y": 0, "num_citations_5y": 20, "num_publications_10y": 0, "num_citations_10y": 45, "publications_years": {"2004": 1}, "citations_years": {"2005": 4, "2006": 2, "2007": 4, "2008": 5, "2009": 6, "2010": 3, "2011": 2, "2012": 7, "2013": 7, "2014": 5, "2015": 7, "2016": 2, "2017": 5, "2018": 1}, "old_citations": {"2004": 60}, "isVisible": false}, "2160806256": {"name": "philip woodall", "type": "author", "activity": 15, "h_index": 4, "h5_index": 2, "mag_id": "2160806256", "num_publications": 1, "num_citations": 4, "num_publications_5y": 0, "num_citations_5y": 3, "num_publications_10y": 1, "num_citations_10y": 4, "publications_years": {"2011": 1}, "citations_years": {"2012": 1, "2013": 0, "2014": 2, "2015": 0, "2016": 0, "2017": 0, "2018": 1}, "old_citations": {"2011": 4}, "isVisible": false}, "2161206911": {"name": "ann q gates", "type": "author", "activity": 31, "h_index": 13, "h5_index": 1, "mag_id": "2161206911", "num_publications": 1, "num_citations": 0, "num_publications_5y": 0, "num_citations_5y": 0, "num_publications_10y": 1, "num_citations_10y": 0, "publications_years": {"2010": 1}, "citations_years": {}, "old_citations": {"2010": 0}, "isVisible": false}, "2161871912": {"name": "ismael caballero", "type": "author", "activity": 18, "h_index": 12, "h5_index": 3, "mag_id": "2161871912", "num_publications": 1, "num_citations": 2, "num_publications_5y": 0, "num_citations_5y": 2, "num_publications_10y": 1, "num_citations_10y": 2, "publications_years": {"2011": 1}, "citations_years": {"2016": 1, "2017": 0, "2018": 1}, "old_citations": {"2011": 2}, "isVisible": false}, "2166790520": {"name": "lianli gao", "type": "author", "activity": 10, "h_index": 18, "h5_index": 16, "mag_id": "2166790520", "num_publications": 1, "num_citations": 2, "num_publications_5y": 0, "num_citations_5y": 2, "num_publications_10y": 1, "num_citations_10y": 2, "publications_years": {"2013": 1}, "citations_years": {"2014": 2}, "old_citations": {"2013": 2}, "isVisible": false}, "2169843504": {"name": "irbis gallegos", "type": "author", "activity": 8, "h_index": 2, "h5_index": 0, "mag_id": "2169843504", "num_publications": 1, "num_citations": 0, "num_publications_5y": 0, "num_citations_5y": 0, "num_publications_10y": 1, "num_citations_10y": 0, "publications_years": {"2010": 1}, "citations_years": {}, "old_citations": {"2010": 0}, "isVisible": false}, "2209932332": {"name": "pascal wichmann", "type": "author", "activity": 8, "h_index": 2, "h5_index": 1, "mag_id": "2209932332", "num_publications": 1, "num_citations": 4, "num_publications_5y": 0, "num_citations_5y": 3, "num_publications_10y": 1, "num_citations_10y": 4, "publications_years": {"2011": 1}, "citations_years": {"2012": 1, "2013": 0, "2014": 2, "2015": 0, "2016": 0, "2017": 0, "2018": 1}, "old_citations": {"2011": 4}, "isVisible": false}, "2232823895": {"name": "robert kern", "type": "author", "activity": 6, "h_index": 5, "h5_index": 0, "mag_id": "2232823895", "num_publications": 1, "num_citations": 4, "num_publications_5y": 0, "num_citations_5y": 3, "num_publications_10y": 1, "num_citations_10y": 4, "publications_years": {"2011": 1}, "citations_years": {"2012": 1, "2013": 0, "2014": 2, "2015": 0, "2016": 0, "2017": 0, "2018": 1}, "old_citations": {"2011": 4}, "isVisible": false}, "2239249456": {"name": "linda c smith", "type": "author", "activity": 29, "h_index": 10, "h5_index": 0, "mag_id": "2239249456", "num_publications": 1, "num_citations": 209, "num_publications_5y": 0, "num_citations_5y": 47, "num_publications_10y": 0, "num_citations_10y": 160, "publications_years": {"2005": 1}, "citations_years": {"2006": 1, "2007": 19, "2008": 21, "2009": 19, "2010": 27, "2011": 31, "2012": 18, "2013": 18, "2014": 8, "2015": 14, "2016": 8, "2017": 9, "2018": 8, "2019": 8}, "old_citations": {"2005": 209}, "isVisible": false}, "2276483833": {"name": "dominique duquennoy", "type": "author", "activity": 1, "h_index": 1, "h5_index": 0, "mag_id": "2276483833", "num_publications": 1, "num_citations": 11, "num_publications_5y": 0, "num_citations_5y": 4, "num_publications_10y": 0, "num_citations_10y": 10, "publications_years": {"2007": 1}, "citations_years": {"2009": 1, "2010": 0, "2011": 2, "2012": 2, "2013": 1, "2014": 2, "2015": 0, "2016": 2, "2017": 0, "2018": 0, "2019": 1}, "old_citations": {"2007": 11}, "isVisible": false}, "2427373374": {"name": "edward g anderson", "type": "author", "activity": 29, "h_index": 6, "h5_index": 2, "mag_id": "2427373374", "num_publications": 1, "num_citations": 0, "num_publications_5y": 0, "num_citations_5y": 0, "num_publications_10y": 1, "num_citations_10y": 0, "publications_years": {"2010": 1}, "citations_years": {}, "old_citations": {"2010": 0}, "isVisible": false}, "2469180760": {"name": "g shankaranarayanan", "type": "author", "activity": 20, "h_index": 13, "h5_index": 1, "mag_id": "2469180760", "num_publications": 1, "num_citations": 0, "num_publications_5y": 0, "num_citations_5y": 0, "num_publications_10y": 1, "num_citations_10y": 0, "publications_years": {"2010": 1}, "citations_years": {}, "old_citations": {"2010": 0}, "isVisible": false}, "2489296315": {"name": "fouzia moussouni", "type": "author", "activity": 13, "h_index": 4, "h5_index": 0, "mag_id": "2489296315", "num_publications": 1, "num_citations": 10, "num_publications_5y": 0, "num_citations_5y": 3, "num_publications_10y": 0, "num_citations_10y": 7, "publications_years": {"2005": 1}, "citations_years": {"2006": 1, "2007": 1, "2008": 0, "2009": 0, "2010": 2, "2011": 0, "2012": 1, "2013": 1, "2014": 0, "2015": 0, "2016": 2, "2017": 1, "2018": 0, "2019": 0, "2020": 1}, "old_citations": {"2005": 10}, "isVisible": false}, "2519592844": {"name": "michael reusens", "type": "author", "activity": 2, "h_index": 2, "h5_index": 2, "mag_id": "2519592844", "num_publications": 1, "num_citations": 1, "num_publications_5y": 1, "num_citations_5y": 1, "num_publications_10y": 1, "num_citations_10y": 1, "publications_years": {"2017": 1}, "citations_years": {"2018": 1}, "old_citations": {"2017": 1}, "isVisible": false}, "2567671056": {"name": "monica scannapieco", "type": "author", "activity": 2, "h_index": 1, "h5_index": 0, "mag_id": "2567671056", "num_publications": 1, "num_citations": 0, "num_publications_5y": 0, "num_citations_5y": 0, "num_publications_10y": 1, "num_citations_10y": 0, "publications_years": {"2009": 1}, "citations_years": {}, "old_citations": {"2009": 0}, "isVisible": false}, "2614278454": {"name": "pei li", "type": "author", "activity": 12, "h_index": 5, "h5_index": 0, "mag_id": "2614278454", "num_publications": 1, "num_citations": 0, "num_publications_5y": 0, "num_citations_5y": 0, "num_publications_10y": 1, "num_citations_10y": 0, "publications_years": {"2009": 1}, "citations_years": {}, "old_citations": {"2009": 0}, "isVisible": false}, "2615816742": {"name": "michele mastrella", "type": "author", "activity": 1, "h_index": 1, "h5_index": 0, "mag_id": "2615816742", "num_publications": 1, "num_citations": 15, "num_publications_5y": 0, "num_citations_5y": 5, "num_publications_10y": 0, "num_citations_10y": 13, "publications_years": {"2007": 1}, "citations_years": {"2010": 1, "2011": 4, "2012": 2, "2013": 1, "2014": 1, "2015": 1, "2016": 2, "2017": 1, "2018": 0, "2019": 1, "2020": 1}, "old_citations": {"2007": 15}, "isVisible": false}, "2659940770": {"name": "claudio ruffini", "type": "author", "activity": 1, "h_index": 1, "h5_index": 0, "mag_id": "2659940770", "num_publications": 1, "num_citations": 15, "num_publications_5y": 0, "num_citations_5y": 5, "num_publications_10y": 0, "num_citations_10y": 13, "publications_years": {"2007": 1}, "citations_years": {"2010": 1, "2011": 4, "2012": 2, "2013": 1, "2014": 1, "2015": 1, "2016": 2, "2017": 1, "2018": 0, "2019": 1, "2020": 1}, "old_citations": {"2007": 15}, "isVisible": false}, "2667072033": {"name": "francesco martini", "type": "author", "activity": 2, "h_index": 1, "h5_index": 0, "mag_id": "2667072033", "num_publications": 1, "num_citations": 1, "num_publications_5y": 0, "num_citations_5y": 0, "num_publications_10y": 0, "num_citations_10y": 1, "publications_years": {"2004": 1}, "citations_years": {"2009": 1}, "old_citations": {"2004": 1}, "isVisible": false}, "2696524721": {"name": "p missier", "type": "author", "activity": 1, "h_index": 1, "h5_index": 0, "mag_id": "2696524721", "num_publications": 1, "num_citations": 9, "num_publications_5y": 0, "num_citations_5y": 4, "num_publications_10y": 0, "num_citations_10y": 4, "publications_years": {"2003": 1}, "citations_years": {"2005": 2, "2006": 0, "2007": 2, "2008": 1, "2009": 0, "2010": 0, "2011": 0, "2012": 0, "2013": 0, "2014": 1, "2015": 0, "2016": 3}, "old_citations": {"2003": 9}, "isVisible": false}, "2701164108": {"name": "michael bruenig", "type": "author", "activity": 2, "h_index": 2, "h5_index": 0, "mag_id": "2701164108", "num_publications": 1, "num_citations": 2, "num_publications_5y": 0, "num_citations_5y": 2, "num_publications_10y": 1, "num_citations_10y": 2, "publications_years": {"2013": 1}, "citations_years": {"2014": 2}, "old_citations": {"2013": 2}, "isVisible": false}, "2702331328": {"name": "matteo di gioia", "type": "author", "activity": 2, "h_index": 1, "h5_index": 0, "mag_id": "2702331328", "num_publications": 1, "num_citations": 0, "num_publications_5y": 0, "num_citations_5y": 0, "num_publications_10y": 1, "num_citations_10y": 0, "publications_years": {"2009": 1}, "citations_years": {}, "old_citations": {"2009": 0}, "isVisible": false}, "2735776140": {"name": "soumaya ben hassineguetari", "type": "author", "activity": 3, "h_index": 1, "h5_index": 0, "mag_id": "2735776140", "num_publications": 1, "num_citations": 2, "num_publications_5y": 0, "num_citations_5y": 1, "num_publications_10y": 1, "num_citations_10y": 2, "publications_years": {"2009": 1}, "citations_years": {"2011": 1, "2012": 0, "2013": 0, "2014": 0, "2015": 0, "2016": 1}, "old_citations": {"2009": 2}, "isVisible": false}, "2911280264": {"name": "j van soest", "type": "author", "activity": 1, "h_index": 1, "h5_index": 0, "mag_id": "2911280264", "num_publications": 1, "num_citations": 2, "num_publications_5y": 0, "num_citations_5y": 1, "num_publications_10y": 1, "num_citations_10y": 2, "publications_years": {"2011": 1}, "citations_years": {"2011": 1, "2012": 0, "2013": 0, "2014": 0, "2015": 0, "2016": 0, "2017": 0, "2018": 1}, "old_citations": {"2011": 2}, "isVisible": false}, "2976449653": {"name": "b hamers", "type": "author", "activity": 8, "h_index": 3, "h5_index": 0, "mag_id": "2976449653", "num_publications": 1, "num_citations": 7, "num_publications_5y": 0, "num_citations_5y": 3, "num_publications_10y": 1, "num_citations_10y": 7, "publications_years": {"2010": 1}, "citations_years": {"2012": 1, "2013": 3, "2014": 1, "2015": 1, "2016": 1}, "old_citations": {"2010": 7}, "isVisible": false}}, "countries": {"Australia": {"name": "Australia", "type": "country", "h5_index": 141, "num_publications": 6, "num_citations": 23, "num_publications_5y": 0, "num_citations_5y": 15, "num_publications_10y": 6, "num_citations_10y": 22, "publications_years": {"2010": 1, "2011": 4, "2013": 1}, "citations_years": {"2012": 2, "2013": 5, "2014": 9, "2015": 1, "2016": 2, "2017": 3, "2018": 0, "2019": 1}, "old_citations": {"2010": 4, "2011": 17, "2013": 2}, "isVisible": false}, "Italy": {"name": "Italy", "type": "country", "h5_index": 94, "num_publications": 6, "num_citations": 28, "num_publications_5y": 0, "num_citations_5y": 9, "num_publications_10y": 4, "num_citations_10y": 23, "publications_years": {"2008": 1, "2003": 1, "2009": 3, "2012": 1}, "citations_years": {"2009": 1, "2010": 2, "2011": 2, "2012": 3, "2013": 6, "2014": 3, "2015": 2, "2005": 2, "2006": 0, "2007": 2, "2008": 1, "2016": 3, "2017": 0, "2018": 1}, "old_citations": {"2008": 11, "2003": 9, "2009": 6, "2012": 2}, "isVisible": false}, "Belgium": {"name": "Belgium", "type": "country", "h5_index": 72, "num_publications": 4, "num_citations": 16, "num_publications_5y": 3, "num_citations_5y": 9, "num_publications_10y": 4, "num_citations_10y": 13, "publications_years": {"2016": 2, "2017": 1, "2010": 1}, "citations_years": {"2018": 5, "2019": 3, "2017": 1, "2012": 1, "2013": 3, "2014": 1, "2015": 1, "2016": 1}, "old_citations": {"2016": 8, "2017": 1, "2010": 7}, "isVisible": false}, "United States": {"name": "United States", "type": "country", "h5_index": 308, "num_publications": 4, "num_citations": 269, "num_publications_5y": 0, "num_citations_5y": 67, "num_publications_10y": 2, "num_citations_10y": 205, "publications_years": {"2004": 1, "2010": 2, "2005": 1}, "citations_years": {"2005": 4, "2006": 3, "2007": 23, "2008": 26, "2009": 25, "2010": 30, "2011": 33, "2012": 25, "2013": 25, "2014": 13, "2015": 21, "2016": 10, "2017": 14, "2018": 9, "2019": 8}, "old_citations": {"2004": 60, "2010": 0, "2005": 209}, "isVisible": false}, "Malaysia": {"name": "Malaysia", "type": "country", "h5_index": 62, "num_publications": 2, "num_citations": 7, "num_publications_5y": 0, "num_citations_5y": 4, "num_publications_10y": 2, "num_citations_10y": 7, "publications_years": {"2011": 2}, "citations_years": {"2013": 3, "2014": 0, "2015": 1, "2016": 2, "2017": 1}, "old_citations": {"2011": 7}, "isVisible": false}, "Bulgaria": {"name": "Bulgaria", "type": "country", "h5_index": 17, "num_publications": 1, "num_citations": 209, "num_publications_5y": 0, "num_citations_5y": 47, "num_publications_10y": 0, "num_citations_10y": 160, "publications_years": {"2005": 1}, "citations_years": {"2006": 1, "2007": 19, "2008": 21, "2009": 19, "2010": 27, "2011": 31, "2012": 18, "2013": 18, "2014": 8, "2015": 14, "2016": 8, "2017": 9, "2018": 8, "2019": 8}, "old_citations": {"2005": 209}, "isVisible": false}, "France": {"name": "France", "type": "country", "h5_index": 99, "num_publications": 1, "num_citations": 10, "num_publications_5y": 0, "num_citations_5y": 3, "num_publications_10y": 0, "num_citations_10y": 7, "publications_years": {"2005": 1}, "citations_years": {"2006": 1, "2007": 1, "2008": 0, "2009": 0, "2010": 2, "2011": 0, "2012": 1, "2013": 1, "2014": 0, "2015": 0, "2016": 2, "2017": 1, "2018": 0, "2019": 0, "2020": 1}, "old_citations": {"2005": 10}, "isVisible": false}, "Germany": {"name": "Germany", "type": "country", "h5_index": 139, "num_publications": 1, "num_citations": 4, "num_publications_5y": 0, "num_citations_5y": 3, "num_publications_10y": 1, "num_citations_10y": 4, "publications_years": {"2011": 1}, "citations_years": {"2012": 1, "2013": 0, "2014": 2, "2015": 0, "2016": 0, "2017": 0, "2018": 1}, "old_citations": {"2011": 4}, "isVisible": false}, "Netherlands": {"name": "Netherlands", "type": "country", "h5_index": 91, "num_publications": 1, "num_citations": 2, "num_publications_5y": 0, "num_citations_5y": 1, "num_publications_10y": 1, "num_citations_10y": 2, "publications_years": {"2011": 1}, "citations_years": {"2011": 1, "2012": 0, "2013": 0, "2014": 0, "2015": 0, "2016": 0, "2017": 0, "2018": 1}, "old_citations": {"2011": 2}, "isVisible": false}, "United Kingdom": {"name": "United Kingdom", "type": "country", "h5_index": 172, "num_publications": 1, "num_citations": 4, "num_publications_5y": 0, "num_citations_5y": 3, "num_publications_10y": 1, "num_citations_10y": 4, "publications_years": {"2011": 1}, "citations_years": {"2012": 1, "2013": 0, "2014": 2, "2015": 0, "2016": 0, "2017": 0, "2018": 1}, "old_citations": {"2011": 4}, "isVisible": false}}}, "conference_comparison": {"computer science": {}}, "topics_dna": {"publications": {}, "citations": {"normalized": {}, "average": {}}}, "info": {"num_publications": 35, "num_citations": 402.0, "impact_factor": {"2005": 1.5, "2006": 1.0, "2007": 4.0, "2008": 0.6, "2009": 0.5, "2010": 0.5, "2011": 0.3, "2012": 0.36363636363636365, "2013": 0.625, "2014": 1.5, "2015": 0.0, "2016": 0, "2017": 0.5}, "publications_years": {"2011": 7, "2009": 6, "2010": 4, "2006": 3, "2003": 2, "2004": 2, "2005": 2, "2007": 2, "2008": 2, "2016": 2, "2012": 1, "2013": 1, "2017": 1}, "citations_years": {"2005": 6, "2006": 4, "2007": 26, "2008": 30, "2009": 29, "2010": 37, "2011": 45, "2012": 38, "2013": 43, "2014": 36, "2015": 28, "2016": 26, "2017": 20, "2018": 18, "2019": 14, "2020": 2}, "old_citations": {"2011": 25, "2009": 16, "2010": 11, "2006": 10, "2003": 9, "2004": 61, "2005": 219, "2007": 26, "2008": 12, "2016": 8, "2012": 2, "2013": 2, "2017": 1}, "h5_index": 2}, "percentile": {"computer science": {"2011": 65, "2009": 61, "2010": 61, "2006": 71, "2003": 81, "2004": 94, "2005": 99, "2007": 87, "2008": 75, "2016": 87, "2012": 58, "2013": 60, "2017": 66}}, "conference_ranking": {"computer science": {"2011": 1472, "2009": 1661, "2010": 1661, "2006": 1222, "2003": 802, "2004": 216, "2005": 26, "2007": 532, "2008": 1056, "2016": 554, "2012": 1781, "2013": 1700, "2017": 1414}}, "academia": {"num_publications": 20, "num_citations": 129, "publications_years": {"2003": 1, "2004": 1, "2005": 0, "2006": 0, "2007": 0, "2008": 1, "2009": 3, "2010": 4, "2011": 5, "2012": 1, "2013": 1, "2014": 0, "2015": 0, "2016": 2, "2017": 1}, "old_citations": {"2003": 9, "2004": 60, "2005": 0, "2006": 0, "2007": 0, "2008": 11, "2009": 6, "2010": 11, "2011": 19, "2012": 2, "2013": 2, "2014": 0, "2015": 0, "2016": 8, "2017": 1}, "num_publications_5y": 3, "num_citations_5y": 9, "num_publications_10y": 10, "num_citations_10y": 32}, "industry": {"num_publications": 0, "num_citations": 0, "publications_years": {}, "old_citations": {}, "num_publications_5y": 0, "num_citations_5y": 0, "num_publications_10y": 0, "num_citations_10y": 0}, "collaborative": {"num_publications": 0, "num_citations": 0, "publications_years": {}, "old_citations": {}, "num_publications_5y": 0, "num_citations_5y": 0, "num_publications_10y": 0, "num_citations_10y": 0}, "conferences": {}, "journals": {}, "organizations": {"publication_overall": ["KU Leuven", "University of Milano-Bicocca", "University of Queensland", "Polytechnic University of Milan", "University of Illinois at Urbana Champaign", "University of Milan", "University of Technology Malaysia", "University of Trento", "Boston University", "Deakin University", "Edith Cowan University", "Inserm", "Karlsruhe Institute of Technology", "National Center for Supercomputing Applications", "Queensland University of Technology", "The University of Texas at El Paso", "University of Cambridge", "University of Modena and Reggio Emilia", "University of South Australia", "University of Twente"], "citation_overall": ["University of Illinois at Urbana Champaign", "National Center for Supercomputing Applications", "Polytechnic University of Milan", "University of Trento", "KU Leuven", "University of Milano-Bicocca", "Inserm", "University of Queensland", "University of Technology Malaysia", "Edith Cowan University", "Deakin University", "Karlsruhe Institute of Technology", "Queensland University of Technology", "University of Cambridge", "University of South Australia", "University of Milan", "University of Twente", "Boston University", "The University of Texas at El Paso", "University of Modena and Reggio Emilia"], "publication_10_years": ["KU Leuven", "University of Queensland", "University of Technology Malaysia", "Deakin University", "Edith Cowan University", "Karlsruhe Institute of Technology", "University of Cambridge", "University of Milan", "University of Milano-Bicocca", "University of South Australia", "University of Twente"], "citation_10_years": ["KU Leuven", "University of Queensland", "University of Technology Malaysia", "Edith Cowan University", "Deakin University", "Karlsruhe Institute of Technology", "University of Cambridge", "University of South Australia", "University of Milan", "University of Milano-Bicocca", "University of Twente"], "publication_5_years": ["KU Leuven"], "citation_5_years": ["KU Leuven"]}, "countries": {"publication_overall": ["Australia", "Italy", "Belgium", "United States", "Malaysia", "Bulgaria", "France", "Germany", "Netherlands", "United Kingdom"], "citation_overall": ["United States", "Bulgaria", "Italy", "Australia", "Belgium", "France", "Malaysia", "Germany", "United Kingdom", "Netherlands"], "publication_10_years": ["Australia", "Belgium", "Malaysia", "Germany", "Italy", "Netherlands", "United Kingdom"], "citation_10_years": ["Australia", "Belgium", "Malaysia", "Germany", "United Kingdom", "Italy", "Netherlands"], "publication_5_years": ["Belgium"], "citation_5_years": ["Belgium"]}, "topics": {"publication_overall": ["computer science", "computer systems", "database systems", "information technology", "data handling", "data integration", "integrated data", "information systems", "information management", "internet", "data mining", "artificial intelligence", "data warehouses", "world wide web", "computer networks", "computer security", "information analysis", "information quality", "information retrieval", "recommender systems"], "citation_overall": ["computer science", "computer systems", "database systems", "internet", "information technology", "world wide web", "information management", "data handling", "information systems", "semantics", "information analysis", "information quality", "mathematics", "semantic web", "correlation analysis", "dbpedia", "linked data", "social networks", "social relations", "social relationships"], "publication_10_years": ["computer science", "computer systems", "database systems", "data handling", "data integration", "integrated data", "information management", "information systems", "information technology", "artificial intelligence", "software design", "software engineering", "bandwidth", "computer networks", "data mining", "information analysis", "information quality", "internet", "software architecture", "telecommunication networks"], "citation_10_years": ["computer science", "computer systems", "database systems", "information management", "information systems", "information technology", "data handling", "data integration", "integrated data", "information analysis", "information quality", "software design", "software engineering", "artificial intelligence", "bandwidth", "computer networks", "telecommunication networks", "telecommunication systems", "telecommunication traffic", "computer security"], "publication_5_years": ["computer science", "computer systems", "data handling", "data integration", "database systems", "integrated data", "artificial intelligence", "computer debugging", "computer imaging and vision", "computer programming", "domain knowledge", "explicit knowledge", "formal framework", "formal logic", "formal methods", "image coding", "image processing", "knowledge base", "knowledge based systems", "knowledge management"], "citation_5_years": ["computer science", "computer systems", "data handling", "data integration", "database systems", "integrated data", "artificial intelligence", "domain knowledge", "explicit knowledge", "knowledge base", "knowledge based systems", "knowledge management", "tacit knowledge", "computer debugging", "computer programming", "formal framework", "formal logic", "formal methods", "program debugging", "software"]}, "main_topics": ["computer science"], "authors": {"publication_overall": ["192351227", "2206916075", "696776449", "1218880500", "1966312229", "2483168116", "2492654156", "37938808", "73651482", "157678263", "195367912", "206244366", "281862109", "723888417", "1125928931", "2003118552", "2061851337", "2071318386", "2096960360", "2122552307", "2138469044", "2145207705", "2470419409", "53516667", "128757622", "335461239", "386396036", "389892849", "487550945", "677078356", "725643041", "849898223", "962034984", "1421170436", "1888973094", "1920547206", "1986427685", "1994567254", "1999801547", "2010554420", "2022163440", "2028540206", "2038300322", "2040200184", "2043383249", "2055101454", "2057503695", "2059436065", "2064598993", "2073035685", "2075150303", "2081129572", "2106372239", "2122434521", "2128012063", "2128082184", "2137067593", "2144420726", "2144475260", "2147343893", "2160806256", "2161206911", "2161871912", "2166790520", "2169843504", "2209932332", "2232823895", "2239249456", "2276483833", "2427373374", "2469180760", "2489296315", "2519592844", "2567671056", "2614278454", "2615816742", "2659940770", "2667072033", "2696524721", "2701164108", "2702331328", "2735776140", "2911280264", "2976449653"], "citation_overall": ["206244366", "281862109", "723888417", "2239249456", "962034984", "2147343893", "696776449", "2206916075", "192351227", "2483168116", "2096960360", "2145207705", "1125928931", "2106372239", "2615816742", "2659940770", "73651482", "487550945", "1888973094", "2010554420", "2276483833", "2489296315", "1218880500", "1966312229", "2492654156", "2696524721", "157678263", "195367912", "2061851337", "2071318386", "2138469044", "1421170436", "1920547206", "2040200184", "2081129572", "2122552307", "2976449653", "2057503695", "2128012063", "2128082184", "37938808", "2003118552", "2470419409", "335461239", "677078356", "725643041", "1994567254", "2022163440", "2122434521", "2144475260", "2160806256", "2209932332", "2232823895", "849898223", "1999801547", "2055101454", "386396036", "1986427685", "2043383249", "2059436065", "2064598993", "2144420726", "2161871912", "2166790520", "2701164108", "2735776140", "2911280264", "2073035685", "2519592844", "2667072033", "53516667", "128757622", "389892849", "2028540206", "2038300322", "2075150303", "2137067593", "2161206911", "2169843504", "2427373374", "2469180760", "2567671056", "2614278454", "2702331328"], "publication_10_years": ["1218880500", "1966312229", "2492654156", "2122552307", "192351227", "386396036", "677078356", "725643041", "849898223", "1920547206", "1986427685", "1994567254", "2003118552", "2022163440", "2028540206", "2038300322", "2040200184", "2043383249", "2055101454", "2059436065", "2061851337", "2064598993", "2128012063", "2137067593", "2144420726", "2144475260", "2160806256", "2161871912", "2166790520", "2209932332", "2232823895", "2470419409", "2519592844", "2701164108", "2911280264"], "citation_10_years": ["1218880500", "1966312229", "2492654156", "1920547206", "2040200184", "2122552307", "2128012063", "677078356", "725643041", "1994567254", "2022163440", "2144475260", "2160806256", "2209932332", "2232823895", "849898223", "2055101454", "192351227", "386396036", "1986427685", "2003118552", "2043383249", "2059436065", "2064598993", "2144420726", "2161871912", "2166790520", "2470419409", "2701164108", "2911280264", "2061851337", "2519592844", "2028540206", "2038300322", "2137067593"], "publication_5_years": ["1218880500", "1966312229", "2492654156", "849898223", "2055101454", "2061851337", "2519592844"], "citation_5_years": ["1218880500", "1966312229", "2492654156", "849898223", "2055101454", "2061851337", "2519592844"]}, "industrial_sectors": {"publication_overall": [], "citation_overall": [], "publication_10_years": [], "citation_10_years": [], "publication_5_years": [], "citation_5_years": []}}