{"name": "Trading Agent Design and Analysis", "acronym": "TADA", "type": "conference", "uniqueEntities": {"organizations": {"University of Michigan\u2013Ann Arbor": {"name": "University of Michigan\u2013Ann Arbor", "type": "organization", "organization_type": "Education", "h_index": 264, "h5_index": 65, "num_publications": 4, "num_citations": 16, "num_publications_5y": 1, "num_citations_5y": 1, "num_publications_10y": 1, "num_citations_10y": 3, "publications_years": {"2006": 3, "2015": 1}, "citations_years": {"2005": 2, "2006": 5, "2007": 3, "2008": 1, "2009": 1, "2010": 1, "2018": 1, "2019": 2}, "old_citations": {"2006": 13, "2015": 3}, "isVisible": false}, "University of Minnesota": {"name": "University of Minnesota", "type": "organization", "organization_type": "Education", "h_index": 235, "h5_index": 43, "num_publications": 4, "num_citations": 31, "num_publications_5y": 0, "num_citations_5y": 6, "num_publications_10y": 2, "num_citations_10y": 15, "publications_years": {"2006": 1, "2010": 1, "2013": 1, "2007": 1}, "citations_years": {"2006": 4, "2007": 7, "2008": 4, "2009": 7, "2010": 2, "2014": 2, "2015": 0, "2016": 3, "2017": 0, "2018": 1, "2019": 1}, "old_citations": {"2006": 22, "2010": 0, "2013": 7, "2007": 2}, "isVisible": false}, "Delft University of Technology": {"name": "Delft University of Technology", "type": "organization", "organization_type": "Education", "h_index": 160, "h5_index": 46, "num_publications": 2, "num_citations": 30, "num_publications_5y": 0, "num_citations_5y": 13, "num_publications_10y": 1, "num_citations_10y": 27, "publications_years": {"2010": 1, "2008": 1}, "citations_years": {"2009": 3, "2008": 3, "2010": 1, "2011": 3, "2012": 2, "2013": 5, "2014": 4, "2015": 3, "2016": 6}, "old_citations": {"2010": 1, "2008": 29}, "isVisible": false}, "The University of Texas at El Paso": {"name": "The University of Texas at El Paso", "type": "organization", "organization_type": "Education", "h_index": 55, "h5_index": 15, "num_publications": 2, "num_citations": 8, "num_publications_5y": 1, "num_citations_5y": 5, "num_publications_10y": 2, "num_citations_10y": 5, "publications_years": {"2015": 1, "2013": 1}, "citations_years": {"2018": 2, "2019": 3, "2015": 1, "2016": 1, "2017": 1}, "old_citations": {"2015": 3, "2013": 5}, "isVisible": false}, "University of Nebraska\u2013Lincoln": {"name": "University of Nebraska\u2013Lincoln", "type": "organization", "organization_type": "Education", "h_index": 104, "h5_index": 27, "num_publications": 2, "num_citations": 4, "num_publications_5y": 0, "num_citations_5y": 2, "num_publications_10y": 1, "num_citations_10y": 2, "publications_years": {"2013": 1, "2008": 1}, "citations_years": {"2015": 2, "2008": 1, "2009": 0, "2010": 0, "2011": 0, "2012": 0, "2013": 0, "2014": 0, "2016": 0, "2017": 0, "2018": 0, "2019": 1}, "old_citations": {"2013": 1, "2008": 3}, "isVisible": false}, "City University of New York": {"name": "City University of New York", "type": "organization", "organization_type": "Education", "h_index": 94, "h5_index": 26, "num_publications": 1, "num_citations": 0, "num_publications_5y": 1, "num_citations_5y": 0, "num_publications_10y": 1, "num_citations_10y": 0, "publications_years": {"2015": 1}, "citations_years": {}, "old_citations": {"2015": 0}, "isVisible": false}, "Erasmus University Rotterdam": {"name": "Erasmus University Rotterdam", "type": "organization", "organization_type": "Education", "h_index": 84, "h5_index": 22, "num_publications": 1, "num_citations": 7, "num_publications_5y": 0, "num_citations_5y": 6, "num_publications_10y": 1, "num_citations_10y": 6, "publications_years": {"2013": 1}, "citations_years": {"2014": 2, "2015": 0, "2016": 3, "2017": 0, "2018": 1, "2019": 1}, "old_citations": {"2013": 7}, "isVisible": false}, "International Institute of Information Technology": {"name": "International Institute of Information Technology", "type": "organization", "organization_type": "Education", "h_index": 30, "h5_index": 14, "num_publications": 1, "num_citations": 2, "num_publications_5y": 1, "num_citations_5y": 2, "num_publications_10y": 1, "num_citations_10y": 2, "publications_years": {"2015": 1}, "citations_years": {"2017": 1, "2018": 1}, "old_citations": {"2015": 2}, "isVisible": false}, "Karlsruhe Institute of Technology": {"name": "Karlsruhe Institute of Technology", "type": "organization", "organization_type": "Education", "h_index": 156, "h5_index": 37, "num_publications": 1, "num_citations": 14, "num_publications_5y": 0, "num_citations_5y": 8, "num_publications_10y": 0, "num_citations_10y": 10, "publications_years": {"2007": 1}, "citations_years": {"2007": 1, "2008": 1, "2009": 0, "2010": 0, "2011": 0, "2012": 0, "2013": 2, "2014": 2, "2015": 0, "2016": 2, "2017": 3, "2018": 1, "2019": 2}, "old_citations": {"2007": 14}, "isVisible": false}, "King's College London": {"name": "King's College London", "type": "organization", "organization_type": "Education", "h_index": 110, "h5_index": 41, "num_publications": 1, "num_citations": 0, "num_publications_5y": 1, "num_citations_5y": 0, "num_publications_10y": 1, "num_citations_10y": 0, "publications_years": {"2015": 1}, "citations_years": {}, "old_citations": {"2015": 0}, "isVisible": false}, "New Mexico State University": {"name": "New Mexico State University", "type": "organization", "organization_type": "Education", "h_index": 74, "h5_index": 15, "num_publications": 1, "num_citations": 3, "num_publications_5y": 1, "num_citations_5y": 1, "num_publications_10y": 1, "num_citations_10y": 1, "publications_years": {"2015": 1}, "citations_years": {"2018": 1, "2019": 2}, "old_citations": {"2015": 3}, "isVisible": false}, "Spanish National Research Council": {"name": "Spanish National Research Council", "type": "organization", "organization_type": "Government", "h_index": 100, "h5_index": 31, "num_publications": 1, "num_citations": 2, "num_publications_5y": 0, "num_citations_5y": 0, "num_publications_10y": 0, "num_citations_10y": 1, "publications_years": {"2007": 1}, "citations_years": {"2007": 1, "2008": 0, "2009": 0, "2010": 0, "2011": 0, "2012": 0, "2013": 1}, "old_citations": {"2007": 2}, "isVisible": false}, "University of Edinburgh": {"name": "University of Edinburgh", "type": "organization", "organization_type": "Education", "h_index": 198, "h5_index": 57, "num_publications": 1, "num_citations": 0, "num_publications_5y": 0, "num_citations_5y": 0, "num_publications_10y": 0, "num_citations_10y": 0, "publications_years": {"2007": 1}, "citations_years": {}, "old_citations": {"2007": 0}, "isVisible": false}, "University of Freiburg": {"name": "University of Freiburg", "type": "organization", "organization_type": "Education", "h_index": 131, "h5_index": 45, "num_publications": 1, "num_citations": 12, "num_publications_5y": 0, "num_citations_5y": 8, "num_publications_10y": 1, "num_citations_10y": 8, "publications_years": {"2013": 1}, "citations_years": {"2014": 1, "2015": 0, "2016": 1, "2017": 3, "2018": 3, "2019": 3, "2020": 1}, "old_citations": {"2013": 12}, "isVisible": false}, "University of Liverpool": {"name": "University of Liverpool", "type": "organization", "organization_type": "Education", "h_index": 95, "h5_index": 28, "num_publications": 1, "num_citations": 3, "num_publications_5y": 0, "num_citations_5y": 0, "num_publications_10y": 0, "num_citations_10y": 3, "publications_years": {"2007": 1}, "citations_years": {"2010": 2, "2011": 0, "2012": 1}, "old_citations": {"2007": 3}, "isVisible": false}, "University of Melbourne": {"name": "University of Melbourne", "type": "organization", "organization_type": "Education", "h_index": 173, "h5_index": 48, "num_publications": 1, "num_citations": 0, "num_publications_5y": 0, "num_citations_5y": 0, "num_publications_10y": 0, "num_citations_10y": 0, "publications_years": {"2007": 1}, "citations_years": {}, "old_citations": {"2007": 0}, "isVisible": false}, "University of Southampton": {"name": "University of Southampton", "type": "organization", "organization_type": "Education", "h_index": 148, "h5_index": 38, "num_publications": 1, "num_citations": 3, "num_publications_5y": 0, "num_citations_5y": 0, "num_publications_10y": 0, "num_citations_10y": 3, "publications_years": {"2007": 1}, "citations_years": {"2010": 2, "2011": 0, "2012": 1}, "old_citations": {"2007": 3}, "isVisible": false}, "Utrecht University": {"name": "Utrecht University", "type": "organization", "organization_type": "Education", "h_index": 124, "h5_index": 37, "num_publications": 1, "num_citations": 0, "num_publications_5y": 0, "num_citations_5y": 0, "num_publications_10y": 0, "num_citations_10y": 0, "publications_years": {"2007": 1}, "citations_years": {}, "old_citations": {"2007": 0}, "isVisible": false}, "VU Amsterdam": {"name": "VU Amsterdam", "type": "organization", "organization_type": "Education", "h_index": 129, "h5_index": 32, "num_publications": 1, "num_citations": 0, "num_publications_5y": 0, "num_citations_5y": 0, "num_publications_10y": 1, "num_citations_10y": 0, "publications_years": {"2010": 1}, "citations_years": {}, "old_citations": {"2010": 0}, "isVisible": false}, "\u00c9cole Polytechnique F\u00e9d\u00e9rale de Lausanne": {"name": "\u00c9cole Polytechnique F\u00e9d\u00e9rale de Lausanne", "type": "organization", "organization_type": "Facility", "h_index": 216, "h5_index": 61, "num_publications": 1, "num_citations": 2, "num_publications_5y": 1, "num_citations_5y": 2, "num_publications_10y": 1, "num_citations_10y": 2, "publications_years": {"2015": 1}, "citations_years": {"2017": 1, "2018": 1}, "old_citations": {"2015": 2}, "isVisible": false}}, "topics": {"computer science": {"name": "computer science", "type": "topic", "h_index": 1779, "h5_index": 416, "num_publications": 33, "num_citations": 172, "num_publications_5y": 3, "num_citations_5y": 45, "num_publications_10y": 9, "num_citations_10y": 96, "publications_years": {"2010": 2, "2015": 3, "2007": 6, "2006": 15, "2008": 2, "2013": 4, "2004": 1}, "citations_years": {"2009": 18, "2017": 8, "2018": 8, "2010": 11, "2011": 8, "2012": 5, "2006": 19, "2007": 15, "2008": 22, "2013": 9, "2014": 10, "2015": 6, "2016": 13, "2005": 9, "2019": 10, "2020": 1}, "old_citations": {"2010": 1, "2015": 5, "2007": 23, "2006": 77, "2008": 32, "2013": 25, "2004": 9}, "isVisible": false}, "artificial intelligence": {"name": "artificial intelligence", "type": "topic", "h_index": 1421, "h5_index": 373, "num_publications": 30, "num_citations": 159, "num_publications_5y": 3, "num_citations_5y": 43, "num_publications_10y": 8, "num_citations_10y": 88, "publications_years": {"2010": 2, "2015": 3, "2007": 6, "2006": 14, "2008": 1, "2013": 3, "2004": 1}, "citations_years": {"2009": 16, "2017": 8, "2018": 8, "2010": 9, "2011": 6, "2012": 5, "2006": 18, "2007": 13, "2008": 21, "2013": 9, "2014": 10, "2015": 4, "2016": 13, "2005": 9, "2019": 9, "2020": 1}, "old_citations": {"2010": 1, "2015": 5, "2007": 23, "2006": 68, "2008": 29, "2013": 24, "2004": 9}, "isVisible": false}, "economics": {"name": "economics", "type": "topic", "h_index": 583, "h5_index": 144, "num_publications": 21, "num_citations": 81, "num_publications_5y": 3, "num_citations_5y": 14, "num_publications_10y": 6, "num_citations_10y": 41, "publications_years": {"2010": 1, "2015": 3, "2007": 4, "2006": 10, "2013": 2, "2008": 1}, "citations_years": {"2009": 13, "2017": 2, "2018": 4, "2010": 7, "2011": 4, "2012": 1, "2006": 10, "2007": 9, "2008": 13, "2013": 2, "2005": 3, "2014": 2, "2015": 2, "2016": 4, "2019": 5}, "old_citations": {"2010": 1, "2015": 5, "2007": 9, "2006": 51, "2013": 12, "2008": 3}, "isVisible": false}, "internet": {"name": "internet", "type": "topic", "h_index": 1102, "h5_index": 245, "num_publications": 20, "num_citations": 69, "num_publications_5y": 2, "num_citations_5y": 14, "num_publications_10y": 6, "num_citations_10y": 34, "publications_years": {"2010": 1, "2015": 2, "2007": 4, "2013": 3, "2006": 9, "2008": 1}, "citations_years": {"2009": 7, "2017": 2, "2018": 3, "2010": 6, "2011": 4, "2012": 1, "2015": 3, "2008": 11, "2013": 2, "2005": 5, "2006": 10, "2007": 6, "2014": 2, "2016": 4, "2019": 3}, "old_citations": {"2010": 1, "2015": 2, "2007": 9, "2013": 13, "2006": 41, "2008": 3}, "isVisible": false}, "multiagent system": {"name": "multiagent system", "type": "topic", "h_index": 423, "h5_index": 100, "num_publications": 20, "num_citations": 127, "num_publications_5y": 1, "num_citations_5y": 33, "num_publications_10y": 4, "num_citations_10y": 71, "publications_years": {"2007": 3, "2006": 11, "2008": 1, "2010": 1, "2013": 2, "2004": 1, "2015": 1}, "citations_years": {"2010": 8, "2011": 5, "2012": 5, "2006": 17, "2007": 12, "2008": 13, "2009": 13, "2013": 7, "2014": 9, "2015": 4, "2016": 12, "2005": 8, "2017": 4, "2018": 4, "2019": 6}, "old_citations": {"2007": 17, "2006": 57, "2008": 29, "2010": 0, "2013": 12, "2004": 9, "2015": 3}, "isVisible": false}, "information technology": {"name": "information technology", "type": "topic", "h_index": 696, "h5_index": 149, "num_publications": 19, "num_citations": 75, "num_publications_5y": 2, "num_citations_5y": 13, "num_publications_10y": 5, "num_citations_10y": 37, "publications_years": {"2010": 1, "2015": 2, "2007": 4, "2006": 10, "2013": 2}, "citations_years": {"2009": 8, "2017": 2, "2018": 3, "2010": 7, "2011": 4, "2012": 3, "2008": 11, "2013": 2, "2005": 5, "2006": 13, "2007": 7, "2014": 3, "2015": 1, "2016": 4, "2019": 2}, "old_citations": {"2010": 1, "2015": 2, "2007": 9, "2006": 51, "2013": 12}, "isVisible": false}, "commerce": {"name": "commerce", "type": "topic", "h_index": 443, "h5_index": 129, "num_publications": 17, "num_citations": 48, "num_publications_5y": 3, "num_citations_5y": 8, "num_publications_10y": 5, "num_citations_10y": 26, "publications_years": {"2010": 1, "2015": 3, "2007": 4, "2006": 7, "2008": 1, "2013": 1}, "citations_years": {"2009": 6, "2017": 2, "2018": 3, "2010": 5, "2011": 4, "2012": 1, "2008": 10, "2013": 2, "2006": 3, "2007": 3, "2005": 2, "2014": 0, "2015": 2, "2016": 1, "2019": 4}, "old_citations": {"2010": 1, "2015": 5, "2007": 9, "2006": 25, "2008": 3, "2013": 5}, "isVisible": false}, "e-commerce": {"name": "e-commerce", "type": "topic", "h_index": 477, "h5_index": 96, "num_publications": 17, "num_citations": 62, "num_publications_5y": 2, "num_citations_5y": 12, "num_publications_10y": 5, "num_citations_10y": 30, "publications_years": {"2010": 1, "2015": 2, "2007": 3, "2006": 9, "2013": 2}, "citations_years": {"2009": 6, "2017": 2, "2018": 3, "2010": 6, "2011": 4, "2012": 1, "2005": 5, "2006": 10, "2007": 6, "2008": 9, "2014": 2, "2015": 1, "2016": 4, "2019": 2, "2013": 1}, "old_citations": {"2010": 1, "2015": 2, "2007": 6, "2006": 41, "2013": 12}, "isVisible": false}, "game theory": {"name": "game theory", "type": "topic", "h_index": 337, "h5_index": 80, "num_publications": 16, "num_citations": 47, "num_publications_5y": 3, "num_citations_5y": 9, "num_publications_10y": 5, "num_citations_10y": 21, "publications_years": {"2010": 1, "2015": 3, "2007": 4, "2006": 7, "2013": 1}, "citations_years": {"2009": 4, "2017": 1, "2018": 3, "2010": 4, "2011": 2, "2012": 1, "2005": 4, "2006": 6, "2007": 4, "2008": 9, "2014": 2, "2015": 0, "2016": 3, "2019": 3, "2013": 1}, "old_citations": {"2010": 1, "2015": 5, "2007": 6, "2006": 28, "2013": 7}, "isVisible": false}, "intelligent agents": {"name": "intelligent agents", "type": "topic", "h_index": 320, "h5_index": 80, "num_publications": 15, "num_citations": 118, "num_publications_5y": 1, "num_citations_5y": 33, "num_publications_10y": 4, "num_citations_10y": 68, "publications_years": {"2006": 8, "2008": 1, "2010": 1, "2013": 2, "2004": 1, "2007": 1, "2015": 1}, "citations_years": {"2006": 13, "2007": 12, "2008": 13, "2009": 13, "2010": 6, "2011": 5, "2012": 4, "2013": 7, "2014": 9, "2015": 4, "2016": 12, "2005": 6, "2017": 4, "2018": 4, "2019": 6}, "old_citations": {"2006": 51, "2008": 29, "2010": 0, "2013": 12, "2004": 9, "2007": 14, "2015": 3}, "isVisible": false}, "robotics": {"name": "robotics", "type": "topic", "h_index": 677, "h5_index": 171, "num_publications": 14, "num_citations": 42, "num_publications_5y": 2, "num_citations_5y": 10, "num_publications_10y": 3, "num_citations_10y": 24, "publications_years": {"2010": 1, "2015": 2, "2007": 5, "2006": 6}, "citations_years": {"2009": 4, "2017": 4, "2018": 2, "2010": 3, "2011": 2, "2012": 1, "2008": 10, "2013": 4, "2005": 2, "2006": 2, "2007": 2, "2014": 2, "2015": 0, "2016": 2, "2019": 2}, "old_citations": {"2010": 1, "2015": 2, "2007": 23, "2006": 16}, "isVisible": false}, "computer systems": {"name": "computer systems", "type": "topic", "h_index": 1595, "h5_index": 367, "num_publications": 13, "num_citations": 92, "num_publications_5y": 1, "num_citations_5y": 30, "num_publications_10y": 3, "num_citations_10y": 60, "publications_years": {"2008": 1, "2013": 2, "2006": 6, "2007": 3, "2015": 1}, "citations_years": {"2008": 10, "2009": 7, "2010": 5, "2011": 6, "2012": 4, "2013": 8, "2014": 9, "2015": 4, "2016": 11, "2005": 2, "2006": 8, "2007": 7, "2017": 3, "2018": 3, "2019": 5}, "old_citations": {"2008": 29, "2013": 8, "2006": 35, "2007": 17, "2015": 3}, "isVisible": false}, "robots": {"name": "robots", "type": "topic", "h_index": 521, "h5_index": 132, "num_publications": 13, "num_citations": 39, "num_publications_5y": 2, "num_citations_5y": 10, "num_publications_10y": 3, "num_citations_10y": 22, "publications_years": {"2010": 1, "2015": 2, "2007": 4, "2006": 6}, "citations_years": {"2009": 3, "2017": 4, "2018": 2, "2010": 3, "2011": 2, "2012": 1, "2008": 9, "2005": 2, "2006": 2, "2007": 2, "2013": 3, "2014": 2, "2015": 0, "2016": 2, "2019": 2}, "old_citations": {"2010": 1, "2015": 2, "2007": 20, "2006": 16}, "isVisible": false}, "machine design": {"name": "machine design", "type": "topic", "h_index": 229, "h5_index": 54, "num_publications": 12, "num_citations": 25, "num_publications_5y": 2, "num_citations_5y": 2, "num_publications_10y": 3, "num_citations_10y": 12, "publications_years": {"2010": 1, "2015": 2, "2007": 3, "2006": 6}, "citations_years": {"2009": 3, "2017": 1, "2018": 1, "2010": 3, "2011": 2, "2012": 1, "2008": 8, "2005": 2, "2006": 2, "2007": 1, "2013": 1}, "old_citations": {"2010": 1, "2015": 2, "2007": 6, "2006": 16}, "isVisible": false}, "mechanism design": {"name": "mechanism design", "type": "topic", "h_index": 137, "h5_index": 36, "num_publications": 12, "num_citations": 25, "num_publications_5y": 2, "num_citations_5y": 2, "num_publications_10y": 3, "num_citations_10y": 12, "publications_years": {"2010": 1, "2015": 2, "2007": 3, "2006": 6}, "citations_years": {"2009": 3, "2017": 1, "2018": 1, "2010": 3, "2011": 2, "2012": 1, "2008": 8, "2005": 2, "2006": 2, "2007": 1, "2013": 1}, "old_citations": {"2010": 1, "2015": 2, "2007": 6, "2006": 16}, "isVisible": false}, "software agents": {"name": "software agents", "type": "topic", "h_index": 276, "h5_index": 61, "num_publications": 12, "num_citations": 49, "num_publications_5y": 1, "num_citations_5y": 6, "num_publications_10y": 3, "num_citations_10y": 20, "publications_years": {"2007": 1, "2006": 7, "2010": 1, "2004": 1, "2015": 1, "2013": 1}, "citations_years": {"2010": 5, "2011": 2, "2012": 3, "2008": 6, "2009": 4, "2005": 6, "2006": 9, "2007": 5, "2013": 0, "2014": 1, "2018": 2, "2019": 3, "2015": 1, "2016": 1, "2017": 1}, "old_citations": {"2007": 3, "2006": 29, "2010": 0, "2004": 9, "2015": 3, "2013": 5}, "isVisible": false}, "auction mechanisms": {"name": "auction mechanisms", "type": "topic", "h_index": 96, "h5_index": 24, "num_publications": 10, "num_citations": 22, "num_publications_5y": 2, "num_citations_5y": 2, "num_publications_10y": 2, "num_citations_10y": 11, "publications_years": {"2015": 2, "2007": 3, "2006": 5}, "citations_years": {"2017": 1, "2018": 1, "2010": 3, "2011": 2, "2012": 1, "2008": 8, "2005": 1, "2006": 1, "2007": 1, "2009": 2, "2013": 1}, "old_citations": {"2015": 2, "2007": 6, "2006": 14}, "isVisible": false}, "autonomous agents": {"name": "autonomous agents", "type": "topic", "h_index": 317, "h5_index": 80, "num_publications": 10, "num_citations": 62, "num_publications_5y": 0, "num_citations_5y": 5, "num_publications_10y": 1, "num_citations_10y": 22, "publications_years": {"2006": 7, "2007": 1, "2004": 1, "2013": 1}, "citations_years": {"2006": 14, "2007": 11, "2008": 7, "2009": 10, "2010": 5, "2005": 7, "2011": 0, "2012": 2, "2013": 0, "2014": 1, "2015": 1, "2016": 1, "2017": 1, "2018": 1, "2019": 1}, "old_citations": {"2006": 48, "2007": 0, "2004": 9, "2013": 5}, "isVisible": false}, "engineering": {"name": "engineering", "type": "topic", "h_index": 1177, "h5_index": 287, "num_publications": 10, "num_citations": 71, "num_publications_5y": 2, "num_citations_5y": 30, "num_publications_10y": 6, "num_citations_10y": 43, "publications_years": {"2015": 2, "2006": 3, "2013": 4, "2007": 1}, "citations_years": {"2017": 8, "2018": 8, "2006": 4, "2007": 7, "2008": 7, "2009": 8, "2010": 2, "2015": 2, "2014": 5, "2016": 7, "2019": 9, "2020": 1, "2011": 1, "2012": 0, "2013": 2}, "old_citations": {"2015": 5, "2006": 27, "2013": 25, "2007": 14}, "isVisible": false}, "mathematics": {"name": "mathematics", "type": "topic", "h_index": 1364, "h5_index": 300, "num_publications": 10, "num_citations": 57, "num_publications_5y": 0, "num_citations_5y": 21, "num_publications_10y": 2, "num_citations_10y": 39, "publications_years": {"2010": 1, "2008": 1, "2006": 6, "2013": 1, "2007": 1}, "citations_years": {"2009": 4, "2008": 9, "2010": 2, "2011": 5, "2012": 2, "2013": 5, "2014": 5, "2015": 3, "2016": 7, "2017": 3, "2018": 3, "2019": 3, "2020": 1, "2005": 2, "2006": 3, "2007": 0}, "old_citations": {"2010": 1, "2008": 29, "2006": 15, "2013": 12, "2007": 0}, "isVisible": false}, "bayesian networks": {"name": "bayesian networks", "type": "topic", "h_index": 548, "h5_index": 144, "num_publications": 4, "num_citations": 52, "num_publications_5y": 0, "num_citations_5y": 21, "num_publications_10y": 1, "num_citations_10y": 37, "publications_years": {"2008": 1, "2006": 2, "2013": 1}, "citations_years": {"2008": 9, "2009": 3, "2010": 2, "2011": 4, "2012": 2, "2013": 5, "2014": 5, "2015": 3, "2016": 7, "2017": 3, "2018": 3, "2019": 3, "2020": 1, "2005": 1, "2006": 1, "2007": 0}, "old_citations": {"2008": 29, "2006": 11, "2013": 12}, "isVisible": false}, "probability": {"name": "probability", "type": "topic", "h_index": 918, "h5_index": 211, "num_publications": 4, "num_citations": 52, "num_publications_5y": 0, "num_citations_5y": 21, "num_publications_10y": 1, "num_citations_10y": 38, "publications_years": {"2008": 1, "2006": 2, "2013": 1}, "citations_years": {"2008": 8, "2009": 3, "2010": 2, "2011": 5, "2012": 2, "2013": 5, "2014": 5, "2015": 3, "2016": 7, "2017": 3, "2018": 3, "2019": 3, "2020": 1, "2005": 1, "2006": 1, "2007": 0}, "old_citations": {"2008": 29, "2006": 11, "2013": 12}, "isVisible": false}, "human computer interaction": {"name": "human computer interaction", "type": "topic", "h_index": 934, "h5_index": 215, "num_publications": 6, "num_citations": 50, "num_publications_5y": 1, "num_citations_5y": 16, "num_publications_10y": 1, "num_citations_10y": 31, "publications_years": {"2015": 1, "2008": 2, "2006": 2, "2007": 1}, "citations_years": {"2017": 1, "2018": 1, "2008": 5, "2009": 3, "2010": 2, "2011": 3, "2012": 2, "2013": 5, "2014": 4, "2015": 4, "2016": 6, "2005": 3, "2006": 7, "2007": 3, "2019": 1}, "old_citations": {"2015": 2, "2008": 32, "2006": 16, "2007": 0}, "isVisible": false}, "user interfaces": {"name": "user interfaces", "type": "topic", "h_index": 845, "h5_index": 182, "num_publications": 6, "num_citations": 50, "num_publications_5y": 1, "num_citations_5y": 16, "num_publications_10y": 1, "num_citations_10y": 31, "publications_years": {"2015": 1, "2008": 2, "2006": 2, "2007": 1}, "citations_years": {"2017": 1, "2018": 1, "2008": 5, "2009": 3, "2010": 2, "2011": 3, "2012": 2, "2013": 5, "2014": 4, "2015": 4, "2016": 6, "2005": 3, "2006": 7, "2007": 3, "2019": 1}, "old_citations": {"2015": 2, "2008": 32, "2006": 16, "2007": 0}, "isVisible": false}, "electricity": {"name": "electricity", "type": "topic", "h_index": 643, "h5_index": 148, "num_publications": 6, "num_citations": 43, "num_publications_5y": 2, "num_citations_5y": 29, "num_publications_10y": 5, "num_citations_10y": 31, "publications_years": {"2015": 2, "2013": 3, "2007": 1}, "citations_years": {"2017": 8, "2018": 8, "2014": 5, "2015": 1, "2016": 7, "2019": 9, "2020": 1, "2007": 1, "2008": 1, "2009": 0, "2010": 0, "2011": 0, "2012": 0, "2013": 2}, "old_citations": {"2015": 5, "2013": 24, "2007": 14}, "isVisible": false}, "energy utilization": {"name": "energy utilization", "type": "topic", "h_index": 640, "h5_index": 146, "num_publications": 5, "num_citations": 31, "num_publications_5y": 2, "num_citations_5y": 21, "num_publications_10y": 4, "num_citations_10y": 23, "publications_years": {"2015": 2, "2013": 2, "2007": 1}, "citations_years": {"2017": 5, "2018": 5, "2014": 4, "2015": 1, "2016": 6, "2019": 6, "2007": 1, "2008": 1, "2009": 0, "2010": 0, "2011": 0, "2012": 0, "2013": 2}, "old_citations": {"2015": 5, "2013": 12, "2007": 14}, "isVisible": false}, "machine learning": {"name": "machine learning", "type": "topic", "h_index": 1123, "h5_index": 351, "num_publications": 6, "num_citations": 20, "num_publications_5y": 2, "num_citations_5y": 11, "num_publications_10y": 4, "num_citations_10y": 13, "publications_years": {"2007": 1, "2006": 1, "2013": 2, "2015": 2}, "citations_years": {"2008": 3, "2009": 1, "2010": 0, "2011": 0, "2012": 0, "2013": 1, "2014": 2, "2015": 1, "2016": 4, "2017": 1, "2018": 3, "2019": 4}, "old_citations": {"2007": 3, "2006": 2, "2013": 12, "2015": 3}, "isVisible": false}, "reinforcement learning": {"name": "reinforcement learning", "type": "topic", "h_index": 270, "h5_index": 114, "num_publications": 4, "num_citations": 13, "num_publications_5y": 2, "num_citations_5y": 7, "num_publications_10y": 3, "num_citations_10y": 9, "publications_years": {"2007": 1, "2013": 1, "2015": 2}, "citations_years": {"2008": 1, "2009": 1, "2010": 0, "2011": 0, "2012": 0, "2013": 1, "2014": 2, "2015": 0, "2016": 3, "2017": 0, "2018": 2, "2019": 3}, "old_citations": {"2007": 3, "2013": 7, "2015": 3}, "isVisible": false}, "sales": {"name": "sales", "type": "topic", "h_index": 337, "h5_index": 68, "num_publications": 7, "num_citations": 24, "num_publications_5y": 1, "num_citations_5y": 11, "num_publications_10y": 3, "num_citations_10y": 14, "publications_years": {"2013": 2, "2006": 4, "2015": 1}, "citations_years": {"2014": 2, "2015": 1, "2016": 4, "2017": 1, "2018": 3, "2019": 4, "2005": 1, "2006": 1, "2007": 0, "2008": 4, "2009": 1, "2010": 1, "2011": 1}, "old_citations": {"2013": 12, "2006": 9, "2015": 3}, "isVisible": false}, "communication systems": {"name": "communication systems", "type": "topic", "h_index": 1092, "h5_index": 254, "num_publications": 3, "num_citations": 18, "num_publications_5y": 1, "num_citations_5y": 10, "num_publications_10y": 2, "num_citations_10y": 12, "publications_years": {"2013": 1, "2007": 1, "2015": 1}, "citations_years": {"2015": 1, "2007": 1, "2008": 1, "2009": 0, "2010": 0, "2011": 0, "2012": 0, "2013": 2, "2014": 2, "2016": 2, "2017": 3, "2018": 2, "2019": 4}, "old_citations": {"2013": 1, "2007": 14, "2015": 3}, "isVisible": false}, "computer hardware": {"name": "computer hardware", "type": "topic", "h_index": 1150, "h5_index": 279, "num_publications": 4, "num_citations": 22, "num_publications_5y": 0, "num_citations_5y": 13, "num_publications_10y": 2, "num_citations_10y": 16, "publications_years": {"2013": 2, "2006": 1, "2007": 1}, "citations_years": {"2015": 2, "2008": 2, "2009": 0, "2010": 0, "2011": 1, "2007": 1, "2012": 0, "2013": 2, "2014": 2, "2016": 3, "2017": 4, "2018": 2, "2019": 3}, "old_citations": {"2013": 6, "2006": 2, "2007": 14}, "isVisible": false}, "signal processing": {"name": "signal processing", "type": "topic", "h_index": 1012, "h5_index": 255, "num_publications": 3, "num_citations": 35, "num_publications_5y": 0, "num_citations_5y": 9, "num_publications_10y": 2, "num_citations_10y": 18, "publications_years": {"2006": 1, "2013": 2}, "citations_years": {"2006": 4, "2007": 6, "2008": 3, "2009": 7, "2010": 2, "2015": 1, "2014": 1, "2016": 1, "2017": 3, "2018": 3, "2019": 3, "2020": 1}, "old_citations": {"2006": 22, "2013": 13}, "isVisible": false}, "signal to noise ratio": {"name": "signal to noise ratio", "type": "topic", "h_index": 821, "h5_index": 194, "num_publications": 3, "num_citations": 35, "num_publications_5y": 0, "num_citations_5y": 9, "num_publications_10y": 2, "num_citations_10y": 18, "publications_years": {"2006": 1, "2013": 2}, "citations_years": {"2006": 4, "2007": 6, "2008": 3, "2009": 7, "2010": 2, "2015": 1, "2014": 1, "2016": 1, "2017": 3, "2018": 3, "2019": 3, "2020": 1}, "old_citations": {"2006": 22, "2013": 13}, "isVisible": false}, "covariance function": {"name": "covariance function", "type": "topic", "h_index": 45, "h5_index": 12, "num_publications": 1, "num_citations": 12, "num_publications_5y": 0, "num_citations_5y": 8, "num_publications_10y": 1, "num_citations_10y": 8, "publications_years": {"2013": 1}, "citations_years": {"2014": 1, "2015": 0, "2016": 1, "2017": 3, "2018": 3, "2019": 3, "2020": 1}, "old_citations": {"2013": 12}, "isVisible": false}, "customer behavior": {"name": "customer behavior", "type": "topic", "h_index": 85, "h5_index": 16, "num_publications": 2, "num_citations": 12, "num_publications_5y": 0, "num_citations_5y": 10, "num_publications_10y": 2, "num_citations_10y": 10, "publications_years": {"2013": 2}, "citations_years": {"2014": 2, "2015": 1, "2016": 4, "2017": 1, "2018": 2, "2019": 2}, "old_citations": {"2013": 12}, "isVisible": false}, "electricity demands": {"name": "electricity demands", "type": "topic", "h_index": 46, "h5_index": 19, "num_publications": 1, "num_citations": 12, "num_publications_5y": 0, "num_citations_5y": 8, "num_publications_10y": 1, "num_citations_10y": 8, "publications_years": {"2013": 1}, "citations_years": {"2014": 1, "2015": 0, "2016": 1, "2017": 3, "2018": 3, "2019": 3, "2020": 1}, "old_citations": {"2013": 12}, "isVisible": false}, "energy conservation": {"name": "energy conservation", "type": "topic", "h_index": 266, "h5_index": 73, "num_publications": 2, "num_citations": 12, "num_publications_5y": 0, "num_citations_5y": 10, "num_publications_10y": 2, "num_citations_10y": 10, "publications_years": {"2013": 2}, "citations_years": {"2014": 2, "2015": 1, "2016": 4, "2017": 1, "2018": 2, "2019": 2}, "old_citations": {"2013": 12}, "isVisible": false}}, "authors": {"2112978975": {"name": "nicholas r jennings", "type": "author", "activity": 30, "h_index": 86, "h5_index": 7, "mag_id": "2112978975", "num_publications": 6, "num_citations": 9, "num_publications_5y": 0, "num_citations_5y": 0, "num_publications_10y": 0, "num_citations_10y": 5, "publications_years": {"2007": 2, "2006": 4}, "citations_years": {"2010": 2, "2011": 1, "2012": 1, "2008": 4, "2009": 1}, "old_citations": {"2007": 4, "2006": 5}, "isVisible": true}, "2083274779": {"name": "christopher kiekintveld", "type": "author", "activity": 17, "h_index": 25, "h5_index": 7, "mag_id": "2083274779", "num_publications": 3, "num_citations": 9, "num_publications_5y": 1, "num_citations_5y": 5, "num_publications_10y": 2, "num_citations_10y": 5, "publications_years": {"2006": 1, "2015": 1, "2013": 1}, "citations_years": {"2006": 1, "2018": 2, "2019": 3, "2015": 1, "2016": 1, "2017": 1}, "old_citations": {"2006": 1, "2015": 3, "2013": 5}, "isVisible": false}, "2102222802": {"name": "michael p wellman", "type": "author", "activity": 31, "h_index": 45, "h5_index": 6, "mag_id": "2102222802", "num_publications": 3, "num_citations": 13, "num_publications_5y": 0, "num_citations_5y": 0, "num_publications_10y": 0, "num_citations_10y": 2, "publications_years": {"2006": 3}, "citations_years": {"2005": 2, "2006": 5, "2007": 3, "2008": 1, "2009": 1, "2010": 1}, "old_citations": {"2006": 13}, "isVisible": false}, "2236789276": {"name": "maria gini", "type": "author", "activity": 30, "h_index": 28, "h5_index": 6, "mag_id": "2236789276", "num_publications": 3, "num_citations": 24, "num_publications_5y": 0, "num_citations_5y": 0, "num_publications_10y": 1, "num_citations_10y": 9, "publications_years": {"2006": 1, "2010": 1, "2007": 1}, "citations_years": {"2006": 4, "2007": 7, "2008": 4, "2009": 7, "2010": 2}, "old_citations": {"2006": 22, "2010": 0, "2007": 2}, "isVisible": false}, "2243167870": {"name": "john collins", "type": "author", "activity": 27, "h_index": 19, "h5_index": 2, "mag_id": "2243167870", "num_publications": 3, "num_citations": 31, "num_publications_5y": 0, "num_citations_5y": 6, "num_publications_10y": 1, "num_citations_10y": 15, "publications_years": {"2006": 1, "2013": 1, "2007": 1}, "citations_years": {"2006": 4, "2007": 7, "2008": 4, "2009": 7, "2010": 2, "2014": 2, "2015": 0, "2016": 3, "2017": 0, "2018": 1, "2019": 1}, "old_citations": {"2006": 22, "2013": 7, "2007": 2}, "isVisible": false}, "167091940": {"name": "janyl jumadinova", "type": "author", "activity": 13, "h_index": 4, "h5_index": 0, "mag_id": "167091940", "num_publications": 2, "num_citations": 4, "num_publications_5y": 0, "num_citations_5y": 2, "num_publications_10y": 1, "num_citations_10y": 2, "publications_years": {"2013": 1, "2008": 1}, "citations_years": {"2015": 2, "2008": 1, "2009": 0, "2010": 0, "2011": 0, "2012": 0, "2013": 0, "2014": 0, "2016": 0, "2017": 0, "2018": 0, "2019": 1}, "old_citations": {"2013": 1, "2008": 3}, "isVisible": false}, "824331821": {"name": "perukrishnen vytelingum", "type": "author", "activity": 10, "h_index": 14, "h5_index": 0, "mag_id": "824331821", "num_publications": 2, "num_citations": 4, "num_publications_5y": 0, "num_citations_5y": 0, "num_publications_10y": 0, "num_citations_10y": 2, "publications_years": {"2007": 1, "2006": 1}, "citations_years": {"2008": 2, "2009": 1, "2010": 0, "2011": 1}, "old_citations": {"2007": 1, "2006": 3}, "isVisible": false}, "2099640267": {"name": "prithviraj dasgupta", "type": "author", "activity": 21, "h_index": 15, "h5_index": 5, "mag_id": "2099640267", "num_publications": 2, "num_citations": 4, "num_publications_5y": 0, "num_citations_5y": 2, "num_publications_10y": 1, "num_citations_10y": 2, "publications_years": {"2013": 1, "2008": 1}, "citations_years": {"2015": 2, "2008": 1, "2009": 0, "2010": 0, "2011": 0, "2012": 0, "2013": 0, "2014": 0, "2016": 0, "2017": 0, "2018": 0, "2019": 1}, "old_citations": {"2013": 1, "2008": 3}, "isVisible": false}, "2107388501": {"name": "esther david", "type": "author", "activity": 20, "h_index": 15, "h5_index": 4, "mag_id": "2107388501", "num_publications": 2, "num_citations": 2, "num_publications_5y": 0, "num_citations_5y": 0, "num_publications_10y": 0, "num_citations_10y": 0, "publications_years": {"2006": 2}, "citations_years": {"2008": 2}, "old_citations": {"2006": 2}, "isVisible": false}, "2130828864": {"name": "shaheen fatima", "type": "author", "activity": 22, "h_index": 19, "h5_index": 1, "mag_id": "2130828864", "num_publications": 2, "num_citations": 3, "num_publications_5y": 0, "num_citations_5y": 0, "num_publications_10y": 0, "num_citations_10y": 3, "publications_years": {"2007": 1, "2006": 1}, "citations_years": {"2010": 2, "2011": 0, "2012": 1}, "old_citations": {"2007": 3, "2006": 0}, "isVisible": false}, "2231011470": {"name": "wolfgang ketter", "type": "author", "activity": 17, "h_index": 13, "h5_index": 4, "mag_id": "2231011470", "num_publications": 2, "num_citations": 29, "num_publications_5y": 0, "num_citations_5y": 6, "num_publications_10y": 1, "num_citations_10y": 15, "publications_years": {"2006": 1, "2013": 1}, "citations_years": {"2006": 4, "2007": 6, "2008": 3, "2009": 7, "2010": 2, "2014": 2, "2015": 0, "2016": 3, "2017": 0, "2018": 1, "2019": 1}, "old_citations": {"2006": 22, "2013": 7}, "isVisible": false}, "2345025092": {"name": "michael wooldridge", "type": "author", "activity": 29, "h_index": 70, "h5_index": 7, "mag_id": "2345025092", "num_publications": 2, "num_citations": 3, "num_publications_5y": 0, "num_citations_5y": 0, "num_publications_10y": 0, "num_citations_10y": 3, "publications_years": {"2007": 1, "2006": 1}, "citations_years": {"2010": 2, "2011": 0, "2012": 1}, "old_citations": {"2007": 3, "2006": 0}, "isVisible": false}, "2702174658": {"name": "alex rogers", "type": "author", "activity": 16, "h_index": 37, "h5_index": 2, "mag_id": "2702174658", "num_publications": 2, "num_citations": 2, "num_publications_5y": 0, "num_citations_5y": 0, "num_publications_10y": 0, "num_citations_10y": 0, "publications_years": {"2006": 2}, "citations_years": {"2008": 2}, "old_citations": {"2006": 2}, "isVisible": false}, "80385935": {"name": "konstantina valogianni", "type": "author", "activity": 7, "h_index": 4, "h5_index": 1, "mag_id": "80385935", "num_publications": 1, "num_citations": 7, "num_publications_5y": 0, "num_citations_5y": 6, "num_publications_10y": 1, "num_citations_10y": 6, "publications_years": {"2013": 1}, "citations_years": {"2014": 2, "2015": 0, "2016": 3, "2017": 0, "2018": 1, "2019": 1}, "old_citations": {"2013": 7}, "isVisible": false}, "107646455": {"name": "liz sonenberg", "type": "author", "activity": 31, "h_index": 20, "h5_index": 4, "mag_id": "107646455", "num_publications": 1, "num_citations": 0, "num_publications_5y": 0, "num_citations_5y": 0, "num_publications_10y": 0, "num_citations_10y": 0, "publications_years": {"2007": 1}, "citations_years": {}, "old_citations": {"2007": 0}, "isVisible": false}, "151759273": {"name": "heiko schepperle", "type": "author", "activity": 6, "h_index": 6, "h5_index": 0, "mag_id": "151759273", "num_publications": 1, "num_citations": 14, "num_publications_5y": 0, "num_citations_5y": 8, "num_publications_10y": 0, "num_citations_10y": 10, "publications_years": {"2007": 1}, "citations_years": {"2007": 1, "2008": 1, "2009": 0, "2010": 0, "2011": 0, "2012": 0, "2013": 2, "2014": 2, "2015": 0, "2016": 2, "2017": 3, "2018": 1, "2019": 2}, "old_citations": {"2007": 14}, "isVisible": false}, "188836576": {"name": "maria fasli", "type": "author", "activity": 21, "h_index": 14, "h5_index": 3, "mag_id": "188836576", "num_publications": 1, "num_citations": 1, "num_publications_5y": 0, "num_citations_5y": 0, "num_publications_10y": 0, "num_citations_10y": 0, "publications_years": {"2006": 1}, "citations_years": {"2008": 1}, "old_citations": {"2006": 1}, "isVisible": false}, "220185405": {"name": "paul schrater", "type": "author", "activity": 21, "h_index": 17, "h5_index": 2, "mag_id": "220185405", "num_publications": 1, "num_citations": 22, "num_publications_5y": 0, "num_citations_5y": 0, "num_publications_10y": 0, "num_citations_10y": 9, "publications_years": {"2006": 1}, "citations_years": {"2006": 4, "2007": 6, "2008": 3, "2009": 7, "2010": 2}, "old_citations": {"2006": 22}, "isVisible": false}, "247034719": {"name": "yoram bachrach", "type": "author", "activity": 15, "h_index": 24, "h5_index": 6, "mag_id": "247034719", "num_publications": 1, "num_citations": 2, "num_publications_5y": 0, "num_citations_5y": 0, "num_publications_10y": 0, "num_citations_10y": 0, "publications_years": {"2006": 1}, "citations_years": {"2005": 1, "2006": 1}, "old_citations": {"2006": 2}, "isVisible": false}, "267358967": {"name": "pinar yolum", "type": "author", "activity": 20, "h_index": 19, "h5_index": 4, "mag_id": "267358967", "num_publications": 1, "num_citations": 3, "num_publications_5y": 0, "num_citations_5y": 0, "num_publications_10y": 0, "num_citations_10y": 2, "publications_years": {"2007": 1}, "citations_years": {"2008": 1, "2009": 1, "2010": 0, "2011": 0, "2012": 0, "2013": 1}, "old_citations": {"2007": 3}, "isVisible": false}, "313223763": {"name": "eric sodomka", "type": "author", "activity": 15, "h_index": 5, "h5_index": 2, "mag_id": "313223763", "num_publications": 1, "num_citations": 2, "num_publications_5y": 0, "num_citations_5y": 0, "num_publications_10y": 0, "num_citations_10y": 0, "publications_years": {"2007": 1}, "citations_years": {"2007": 1, "2008": 1}, "old_citations": {"2007": 2}, "isVisible": false}, "345909134": {"name": "jeffrey s rosenschein", "type": "author", "activity": 30, "h_index": 38, "h5_index": 6, "mag_id": "345909134", "num_publications": 1, "num_citations": 2, "num_publications_5y": 0, "num_citations_5y": 0, "num_publications_10y": 0, "num_citations_10y": 0, "publications_years": {"2006": 1}, "citations_years": {"2005": 1, "2006": 1}, "old_citations": {"2006": 2}, "isVisible": false}, "472570005": {"name": "iyad rahwan", "type": "author", "activity": 21, "h_index": 29, "h5_index": 7, "mag_id": "472570005", "num_publications": 1, "num_citations": 0, "num_publications_5y": 0, "num_citations_5y": 0, "num_publications_10y": 0, "num_citations_10y": 0, "publications_years": {"2007": 1}, "citations_years": {}, "old_citations": {"2007": 0}, "isVisible": false}, "691071242": {"name": "frank dignum", "type": "author", "activity": 30, "h_index": 41, "h5_index": 4, "mag_id": "691071242", "num_publications": 1, "num_citations": 0, "num_publications_5y": 0, "num_citations_5y": 0, "num_publications_10y": 0, "num_citations_10y": 0, "publications_years": {"2007": 1}, "citations_years": {}, "old_citations": {"2007": 0}, "isVisible": false}, "698073407": {"name": "j a la poutre", "type": "author", "activity": 10, "h_index": 7, "h5_index": 0, "mag_id": "698073407", "num_publications": 1, "num_citations": 9, "num_publications_5y": 0, "num_citations_5y": 0, "num_publications_10y": 0, "num_citations_10y": 3, "publications_years": {"2006": 1}, "citations_years": {"2005": 1, "2006": 1, "2007": 0, "2008": 4, "2009": 1, "2010": 1, "2011": 1}, "old_citations": {"2006": 9}, "isVisible": false}, "1638885456": {"name": "brett j borghetti", "type": "author", "activity": 24, "h_index": 7, "h5_index": 4, "mag_id": "1638885456", "num_publications": 1, "num_citations": 2, "num_publications_5y": 0, "num_citations_5y": 0, "num_publications_10y": 0, "num_citations_10y": 0, "publications_years": {"2007": 1}, "citations_years": {"2007": 1, "2008": 1}, "old_citations": {"2007": 2}, "isVisible": false}, "1944955062": {"name": "adam m sykulski", "type": "author", "activity": 13, "h_index": 4, "h5_index": 0, "mag_id": "1944955062", "num_publications": 1, "num_citations": 3, "num_publications_5y": 0, "num_citations_5y": 0, "num_publications_10y": 0, "num_citations_10y": 2, "publications_years": {"2006": 1}, "citations_years": {"2008": 1, "2009": 1, "2010": 0, "2011": 1}, "old_citations": {"2006": 3}, "isVisible": false}, "1977227655": {"name": "jesus cerquides", "type": "author", "activity": 22, "h_index": 18, "h5_index": 4, "mag_id": "1977227655", "num_publications": 1, "num_citations": 2, "num_publications_5y": 0, "num_citations_5y": 0, "num_publications_10y": 0, "num_citations_10y": 1, "publications_years": {"2007": 1}, "citations_years": {"2007": 1, "2008": 0, "2009": 0, "2010": 0, "2011": 0, "2012": 0, "2013": 1}, "old_citations": {"2007": 2}, "isVisible": false}, "2003780605": {"name": "martin riedmiller", "type": "author", "activity": 28, "h_index": 34, "h5_index": 8, "mag_id": "2003780605", "num_publications": 1, "num_citations": 12, "num_publications_5y": 0, "num_citations_5y": 8, "num_publications_10y": 1, "num_citations_10y": 8, "publications_years": {"2013": 1}, "citations_years": {"2014": 1, "2015": 0, "2016": 1, "2017": 3, "2018": 3, "2019": 3, "2020": 1}, "old_citations": {"2013": 12}, "isVisible": false}, "2018206504": {"name": "dave cliff", "type": "author", "activity": 29, "h_index": 21, "h5_index": 2, "mag_id": "2018206504", "num_publications": 1, "num_citations": 1, "num_publications_5y": 0, "num_citations_5y": 0, "num_publications_10y": 0, "num_citations_10y": 0, "publications_years": {"2007": 1}, "citations_years": {"2008": 1}, "old_citations": {"2007": 1}, "isVisible": false}, "2026369558": {"name": "l julian schvartzman", "type": "author", "activity": 8, "h_index": 3, "h5_index": 0, "mag_id": "2026369558", "num_publications": 1, "num_citations": 0, "num_publications_5y": 0, "num_citations_5y": 0, "num_publications_10y": 0, "num_citations_10y": 0, "publications_years": {"2006": 1}, "citations_years": {}, "old_citations": {"2006": 0}, "isVisible": false}, "2032270285": {"name": "bryan guillemette", "type": "author", "activity": 2, "h_index": 2, "h5_index": 0, "mag_id": "2032270285", "num_publications": 1, "num_citations": 2, "num_publications_5y": 0, "num_citations_5y": 0, "num_publications_10y": 0, "num_citations_10y": 1, "publications_years": {"2006": 1}, "citations_years": {"2008": 1, "2009": 0, "2010": 0, "2011": 1}, "old_citations": {"2006": 2}, "isVisible": false}, "2034009146": {"name": "boi faltings", "type": "author", "activity": 31, "h_index": 41, "h5_index": 6, "mag_id": "2034009146", "num_publications": 1, "num_citations": 2, "num_publications_5y": 1, "num_citations_5y": 2, "num_publications_10y": 1, "num_citations_10y": 2, "publications_years": {"2015": 1}, "citations_years": {"2017": 1, "2018": 1}, "old_citations": {"2015": 2}, "isVisible": false}, "2034568305": {"name": "michael carl tschantz", "type": "author", "activity": 17, "h_index": 14, "h5_index": 5, "mag_id": "2034568305", "num_publications": 1, "num_citations": 2, "num_publications_5y": 0, "num_citations_5y": 0, "num_publications_10y": 0, "num_citations_10y": 1, "publications_years": {"2006": 1}, "citations_years": {"2008": 1, "2009": 0, "2010": 0, "2011": 1}, "old_citations": {"2006": 2}, "isVisible": false}, "2036215246": {"name": "mark hoogendoorn", "type": "author", "activity": 17, "h_index": 15, "h5_index": 5, "mag_id": "2036215246", "num_publications": 1, "num_citations": 0, "num_publications_5y": 0, "num_citations_5y": 0, "num_publications_10y": 1, "num_citations_10y": 0, "publications_years": {"2010": 1}, "citations_years": {}, "old_citations": {"2010": 0}, "isVisible": false}, "2036429912": {"name": "ramon hollands", "type": "author", "activity": 5, "h_index": 2, "h5_index": 0, "mag_id": "2036429912", "num_publications": 1, "num_citations": 0, "num_publications_5y": 0, "num_citations_5y": 0, "num_publications_10y": 0, "num_citations_10y": 0, "publications_years": {"2007": 1}, "citations_years": {}, "old_citations": {"2007": 0}, "isVisible": false}, "2038761473": {"name": "victor naroditskiy", "type": "author", "activity": 14, "h_index": 11, "h5_index": 0, "mag_id": "2038761473", "num_publications": 1, "num_citations": 2, "num_publications_5y": 0, "num_citations_5y": 0, "num_publications_10y": 0, "num_citations_10y": 1, "publications_years": {"2006": 1}, "citations_years": {"2008": 1, "2009": 0, "2010": 0, "2011": 1}, "old_citations": {"2006": 2}, "isVisible": false}, "2051241129": {"name": "koen v hindriks", "type": "author", "activity": 24, "h_index": 26, "h5_index": 7, "mag_id": "2051241129", "num_publications": 1, "num_citations": 29, "num_publications_5y": 0, "num_citations_5y": 13, "num_publications_10y": 0, "num_citations_10y": 26, "publications_years": {"2008": 1}, "citations_years": {"2008": 3, "2009": 2, "2010": 1, "2011": 3, "2012": 2, "2013": 5, "2014": 4, "2015": 3, "2016": 6}, "old_citations": {"2008": 29}, "isVisible": false}, "2053882790": {"name": "kevin m lochner", "type": "author", "activity": 6, "h_index": 7, "h5_index": 0, "mag_id": "2053882790", "num_publications": 1, "num_citations": 12, "num_publications_5y": 0, "num_citations_5y": 0, "num_publications_10y": 0, "num_citations_10y": 2, "publications_years": {"2006": 1}, "citations_years": {"2005": 2, "2006": 4, "2007": 3, "2008": 1, "2009": 1, "2010": 1}, "old_citations": {"2006": 12}, "isVisible": false}, "2070867630": {"name": "tuomas sandholm", "type": "author", "activity": 29, "h_index": 60, "h5_index": 12, "mag_id": "2070867630", "num_publications": 1, "num_citations": 4, "num_publications_5y": 0, "num_citations_5y": 0, "num_publications_10y": 0, "num_citations_10y": 0, "publications_years": {"2006": 1}, "citations_years": {"2005": 1, "2006": 3}, "old_citations": {"2006": 4}, "isVisible": false}, "2094514015": {"name": "ferdinando fioretto", "type": "author", "activity": 9, "h_index": 10, "h5_index": 8, "mag_id": "2094514015", "num_publications": 1, "num_citations": 3, "num_publications_5y": 1, "num_citations_5y": 1, "num_publications_10y": 1, "num_citations_10y": 1, "publications_years": {"2015": 1}, "citations_years": {"2018": 1, "2019": 2}, "old_citations": {"2015": 3}, "isVisible": false}, "2095733154": {"name": "philippe pasquier", "type": "author", "activity": 18, "h_index": 17, "h5_index": 3, "mag_id": "2095733154", "num_publications": 1, "num_citations": 0, "num_publications_5y": 0, "num_citations_5y": 0, "num_publications_10y": 0, "num_citations_10y": 0, "publications_years": {"2007": 1}, "citations_years": {}, "old_citations": {"2007": 0}, "isVisible": false}, "2096092545": {"name": "daniel m reeves", "type": "author", "activity": 13, "h_index": 19, "h5_index": 0, "mag_id": "2096092545", "num_publications": 1, "num_citations": 12, "num_publications_5y": 0, "num_citations_5y": 0, "num_publications_10y": 0, "num_citations_10y": 2, "publications_years": {"2006": 1}, "citations_years": {"2005": 2, "2006": 4, "2007": 3, "2008": 1, "2009": 1, "2010": 1}, "old_citations": {"2006": 12}, "isVisible": false}, "2097406414": {"name": "felix brandt", "type": "author", "activity": 21, "h_index": 21, "h5_index": 5, "mag_id": "2097406414", "num_publications": 1, "num_citations": 4, "num_publications_5y": 0, "num_citations_5y": 0, "num_publications_10y": 0, "num_citations_10y": 0, "publications_years": {"2006": 1}, "citations_years": {"2005": 1, "2006": 3}, "old_citations": {"2006": 4}, "isVisible": false}, "2097677659": {"name": "jinzhong niu", "type": "author", "activity": 17, "h_index": 8, "h5_index": 0, "mag_id": "2097677659", "num_publications": 1, "num_citations": 0, "num_publications_5y": 1, "num_citations_5y": 0, "num_publications_10y": 1, "num_citations_10y": 0, "publications_years": {"2015": 1}, "citations_years": {}, "old_citations": {"2015": 0}, "isVisible": false}, "2100842339": {"name": "jeremy schiff", "type": "author", "activity": 3, "h_index": 4, "h5_index": 0, "mag_id": "2100842339", "num_publications": 1, "num_citations": 2, "num_publications_5y": 0, "num_citations_5y": 0, "num_publications_10y": 0, "num_citations_10y": 0, "publications_years": {"2006": 1}, "citations_years": {"2008": 2}, "old_citations": {"2006": 2}, "isVisible": false}, "2101135606": {"name": "david c parkes", "type": "author", "activity": 24, "h_index": 44, "h5_index": 10, "mag_id": "2101135606", "num_publications": 1, "num_citations": 9, "num_publications_5y": 0, "num_citations_5y": 0, "num_publications_10y": 0, "num_citations_10y": 2, "publications_years": {"2004": 1}, "citations_years": {"2005": 4, "2006": 1, "2007": 1, "2008": 1, "2009": 1, "2010": 1}, "old_citations": {"2004": 9}, "isVisible": false}, "2105043593": {"name": "wilfred yeung", "type": "author", "activity": 1, "h_index": 1, "h5_index": 0, "mag_id": "2105043593", "num_publications": 1, "num_citations": 9, "num_publications_5y": 0, "num_citations_5y": 0, "num_publications_10y": 0, "num_citations_10y": 2, "publications_years": {"2004": 1}, "citations_years": {"2005": 4, "2006": 1, "2007": 1, "2008": 1, "2009": 1, "2010": 1}, "old_citations": {"2004": 9}, "isVisible": false}, "2105308883": {"name": "rui dong", "type": "author", "activity": 1, "h_index": 1, "h5_index": 0, "mag_id": "2105308883", "num_publications": 1, "num_citations": 9, "num_publications_5y": 0, "num_citations_5y": 0, "num_publications_10y": 0, "num_citations_10y": 2, "publications_years": {"2004": 1}, "citations_years": {"2005": 4, "2006": 1, "2007": 1, "2008": 1, "2009": 1, "2010": 1}, "old_citations": {"2004": 9}, "isVisible": false}, "2105846770": {"name": "minghua he", "type": "author", "activity": 7, "h_index": 9, "h5_index": 0, "mag_id": "2105846770", "num_publications": 1, "num_citations": 3, "num_publications_5y": 0, "num_citations_5y": 0, "num_publications_10y": 0, "num_citations_10y": 2, "publications_years": {"2006": 1}, "citations_years": {"2008": 1, "2009": 1, "2010": 0, "2011": 1}, "old_citations": {"2006": 3}, "isVisible": false}, "2109864667": {"name": "meritxell vinyals", "type": "author", "activity": 12, "h_index": 9, "h5_index": 1, "mag_id": "2109864667", "num_publications": 1, "num_citations": 2, "num_publications_5y": 0, "num_citations_5y": 0, "num_publications_10y": 0, "num_citations_10y": 1, "publications_years": {"2007": 1}, "citations_years": {"2007": 1, "2008": 0, "2009": 0, "2010": 0, "2011": 0, "2012": 0, "2013": 1}, "old_citations": {"2007": 2}, "isVisible": false}, "2109886733": {"name": "rajdeep k dash", "type": "author", "activity": 8, "h_index": 14, "h5_index": 0, "mag_id": "2109886733", "num_publications": 1, "num_citations": 3, "num_publications_5y": 0, "num_citations_5y": 0, "num_publications_10y": 0, "num_citations_10y": 2, "publications_years": {"2006": 1}, "citations_years": {"2008": 1, "2009": 1, "2010": 0, "2011": 1}, "old_citations": {"2006": 3}, "isVisible": false}, "2115869250": {"name": "simon parsons", "type": "author", "activity": 30, "h_index": 42, "h5_index": 4, "mag_id": "2115869250", "num_publications": 1, "num_citations": 0, "num_publications_5y": 1, "num_citations_5y": 0, "num_publications_10y": 1, "num_citations_10y": 0, "publications_years": {"2015": 1}, "citations_years": {}, "old_citations": {"2015": 0}, "isVisible": false}, "2121035284": {"name": "simone forster", "type": "author", "activity": 3, "h_index": 3, "h5_index": 0, "mag_id": "2121035284", "num_publications": 1, "num_citations": 14, "num_publications_5y": 0, "num_citations_5y": 8, "num_publications_10y": 0, "num_citations_10y": 10, "publications_years": {"2007": 1}, "citations_years": {"2007": 1, "2008": 1, "2009": 0, "2010": 0, "2011": 0, "2012": 0, "2013": 2, "2014": 2, "2015": 0, "2016": 2, "2017": 3, "2018": 1, "2019": 2}, "old_citations": {"2007": 14}, "isVisible": false}, "2122497617": {"name": "sarit kraus", "type": "author", "activity": 31, "h_index": 45, "h5_index": 8, "mag_id": "2122497617", "num_publications": 1, "num_citations": 2, "num_publications_5y": 0, "num_citations_5y": 0, "num_publications_10y": 0, "num_citations_10y": 0, "publications_years": {"2006": 1}, "citations_years": {"2008": 2}, "old_citations": {"2006": 2}, "isVisible": false}, "2126718434": {"name": "mathijs de weerdt", "type": "author", "activity": 17, "h_index": 15, "h5_index": 3, "mag_id": "2126718434", "num_publications": 1, "num_citations": 1, "num_publications_5y": 0, "num_citations_5y": 0, "num_publications_10y": 1, "num_citations_10y": 1, "publications_years": {"2010": 1}, "citations_years": {"2009": 1}, "old_citations": {"2010": 1}, "isVisible": false}, "2127677409": {"name": "alok gupta", "type": "author", "activity": 27, "h_index": 22, "h5_index": 3, "mag_id": "2127677409", "num_publications": 1, "num_citations": 22, "num_publications_5y": 0, "num_citations_5y": 0, "num_publications_10y": 0, "num_citations_10y": 9, "publications_years": {"2006": 1}, "citations_years": {"2006": 4, "2007": 6, "2008": 3, "2009": 7, "2010": 2}, "old_citations": {"2006": 22}, "isVisible": false}, "2133795974": {"name": "amy greenwald", "type": "author", "activity": 21, "h_index": 22, "h5_index": 1, "mag_id": "2133795974", "num_publications": 1, "num_citations": 2, "num_publications_5y": 0, "num_citations_5y": 0, "num_publications_10y": 0, "num_citations_10y": 1, "publications_years": {"2006": 1}, "citations_years": {"2008": 1, "2009": 0, "2010": 0, "2011": 1}, "old_citations": {"2006": 2}, "isVisible": false}, "2134576118": {"name": "manuel blum", "type": "author", "activity": 8, "h_index": 6, "h5_index": 3, "mag_id": "2134576118", "num_publications": 1, "num_citations": 12, "num_publications_5y": 0, "num_citations_5y": 8, "num_publications_10y": 1, "num_citations_10y": 8, "publications_years": {"2013": 1}, "citations_years": {"2014": 1, "2015": 0, "2016": 1, "2017": 3, "2018": 3, "2019": 3, "2020": 1}, "old_citations": {"2013": 12}, "isVisible": false}, "2135244353": {"name": "terry tai", "type": "author", "activity": 1, "h_index": 1, "h5_index": 0, "mag_id": "2135244353", "num_publications": 1, "num_citations": 9, "num_publications_5y": 0, "num_citations_5y": 0, "num_publications_10y": 0, "num_citations_10y": 2, "publications_years": {"2004": 1}, "citations_years": {"2005": 4, "2006": 1, "2007": 1, "2008": 1, "2009": 1, "2010": 1}, "old_citations": {"2004": 9}, "isVisible": false}, "2138594064": {"name": "pieter jant hoen", "type": "author", "activity": 7, "h_index": 9, "h5_index": 0, "mag_id": "2138594064", "num_publications": 1, "num_citations": 9, "num_publications_5y": 0, "num_citations_5y": 0, "num_publications_10y": 0, "num_citations_10y": 3, "publications_years": {"2006": 1}, "citations_years": {"2005": 1, "2006": 1, "2007": 0, "2008": 4, "2009": 1, "2010": 1, "2011": 1}, "old_citations": {"2006": 9}, "isVisible": false}, "2144475260": {"name": "william yeoh", "type": "author", "activity": 13, "h_index": 18, "h5_index": 9, "mag_id": "2144475260", "num_publications": 1, "num_citations": 3, "num_publications_5y": 1, "num_citations_5y": 1, "num_publications_10y": 1, "num_citations_10y": 1, "publications_years": {"2015": 1}, "citations_years": {"2018": 1, "2019": 2}, "old_citations": {"2015": 3}, "isVisible": false}, "2170845499": {"name": "jose m vidal", "type": "author", "activity": 26, "h_index": 17, "h5_index": 1, "mag_id": "2170845499", "num_publications": 1, "num_citations": 9, "num_publications_5y": 0, "num_citations_5y": 0, "num_publications_10y": 0, "num_citations_10y": 6, "publications_years": {"2006": 1}, "citations_years": {"2006": 1, "2007": 2, "2008": 0, "2009": 2, "2010": 2, "2011": 2}, "old_citations": {"2006": 9}, "isVisible": false}, "2245547659": {"name": "klemens bohm", "type": "author", "activity": 28, "h_index": 24, "h5_index": 3, "mag_id": "2245547659", "num_publications": 1, "num_citations": 14, "num_publications_5y": 0, "num_citations_5y": 8, "num_publications_10y": 0, "num_citations_10y": 10, "publications_years": {"2007": 1}, "citations_years": {"2007": 1, "2008": 1, "2009": 0, "2010": 0, "2011": 0, "2012": 0, "2013": 2, "2014": 2, "2015": 0, "2016": 2, "2017": 3, "2018": 1, "2019": 2}, "old_citations": {"2007": 14}, "isVisible": false}, "2279767672": {"name": "muralidhar v narumanchi", "type": "author", "activity": 2, "h_index": 1, "h5_index": 0, "mag_id": "2279767672", "num_publications": 1, "num_citations": 9, "num_publications_5y": 0, "num_citations_5y": 0, "num_publications_10y": 0, "num_citations_10y": 6, "publications_years": {"2006": 1}, "citations_years": {"2006": 1, "2007": 2, "2008": 0, "2009": 2, "2010": 2, "2011": 2}, "old_citations": {"2006": 9}, "isVisible": false}, "2283567497": {"name": "rahul suri", "type": "author", "activity": 2, "h_index": 3, "h5_index": 0, "mag_id": "2283567497", "num_publications": 1, "num_citations": 12, "num_publications_5y": 0, "num_citations_5y": 0, "num_publications_10y": 0, "num_citations_10y": 2, "publications_years": {"2006": 1}, "citations_years": {"2005": 2, "2006": 4, "2007": 3, "2008": 1, "2009": 1, "2010": 1}, "old_citations": {"2006": 12}, "isVisible": false}, "2284178237": {"name": "seth bullock", "type": "author", "activity": 27, "h_index": 15, "h5_index": 4, "mag_id": "2284178237", "num_publications": 1, "num_citations": 10, "num_publications_5y": 0, "num_citations_5y": 1, "num_publications_10y": 0, "num_citations_10y": 5, "publications_years": {"2006": 1}, "citations_years": {"2006": 3, "2007": 1, "2008": 1, "2009": 1, "2010": 1, "2011": 0, "2012": 2, "2013": 0, "2014": 1}, "old_citations": {"2006": 10}, "isVisible": false}, "2305697090": {"name": "yevgeniy vorobeychik", "type": "author", "activity": 18, "h_index": 21, "h5_index": 10, "mag_id": "2305697090", "num_publications": 1, "num_citations": 1, "num_publications_5y": 0, "num_citations_5y": 0, "num_publications_10y": 0, "num_citations_10y": 0, "publications_years": {"2006": 1}, "citations_years": {"2006": 1}, "old_citations": {"2006": 1}, "isVisible": false}, "2307607640": {"name": "daniel ladley", "type": "author", "activity": 9, "h_index": 5, "h5_index": 0, "mag_id": "2307607640", "num_publications": 1, "num_citations": 10, "num_publications_5y": 0, "num_citations_5y": 1, "num_publications_10y": 0, "num_citations_10y": 5, "publications_years": {"2006": 1}, "citations_years": {"2006": 3, "2007": 1, "2008": 1, "2009": 1, "2010": 1, "2011": 0, "2012": 2, "2013": 0, "2014": 1}, "old_citations": {"2006": 10}, "isVisible": false}, "2311923681": {"name": "sujit gujar", "type": "author", "activity": 13, "h_index": 9, "h5_index": 4, "mag_id": "2311923681", "num_publications": 1, "num_citations": 2, "num_publications_5y": 1, "num_citations_5y": 2, "num_publications_10y": 1, "num_citations_10y": 2, "publications_years": {"2015": 1}, "citations_years": {"2017": 1, "2018": 1}, "old_citations": {"2015": 2}, "isVisible": false}, "2328398010": {"name": "yingqian zhang", "type": "author", "activity": 23, "h_index": 9, "h5_index": 5, "mag_id": "2328398010", "num_publications": 1, "num_citations": 1, "num_publications_5y": 0, "num_citations_5y": 0, "num_publications_10y": 1, "num_citations_10y": 1, "publications_years": {"2010": 1}, "citations_years": {"2009": 1}, "old_citations": {"2010": 1}, "isVisible": false}, "2397243341": {"name": "carlos gonzalez", "type": "author", "activity": 6, "h_index": 5, "h5_index": 0, "mag_id": "2397243341", "num_publications": 1, "num_citations": 1, "num_publications_5y": 0, "num_citations_5y": 0, "num_publications_10y": 0, "num_citations_10y": 0, "publications_years": {"2006": 1}, "citations_years": {"2008": 1}, "old_citations": {"2006": 1}, "isVisible": false}, "2554348303": {"name": "moinul morshed porag chowdhury", "type": "author", "activity": 4, "h_index": 2, "h5_index": 2, "mag_id": "2554348303", "num_publications": 1, "num_citations": 3, "num_publications_5y": 1, "num_citations_5y": 1, "num_publications_10y": 1, "num_citations_10y": 1, "publications_years": {"2015": 1}, "citations_years": {"2018": 1, "2019": 2}, "old_citations": {"2015": 3}, "isVisible": false}, "2590309161": {"name": "russell y folk", "type": "author", "activity": 1, "h_index": 1, "h5_index": 0, "mag_id": "2590309161", "num_publications": 1, "num_citations": 3, "num_publications_5y": 1, "num_citations_5y": 1, "num_publications_10y": 1, "num_citations_10y": 1, "publications_years": {"2015": 1}, "citations_years": {"2018": 1, "2019": 2}, "old_citations": {"2015": 3}, "isVisible": false}, "2682270088": {"name": "jaime parra", "type": "author", "activity": 1, "h_index": 1, "h5_index": 0, "mag_id": "2682270088", "num_publications": 1, "num_citations": 5, "num_publications_5y": 0, "num_citations_5y": 4, "num_publications_10y": 1, "num_citations_10y": 4, "publications_years": {"2013": 1}, "citations_years": {"2015": 1, "2016": 1, "2017": 1, "2018": 1, "2019": 1}, "old_citations": {"2013": 5}, "isVisible": false}, "2806446151": {"name": "minghua he", "type": "author", "activity": 10, "h_index": 6, "h5_index": 0, "mag_id": "2806446151", "num_publications": 1, "num_citations": 0, "num_publications_5y": 0, "num_citations_5y": 0, "num_publications_10y": 0, "num_citations_10y": 0, "publications_years": {"2006": 1}, "citations_years": {}, "old_citations": {"2006": 0}, "isVisible": false}, "2949600753": {"name": "dmytro tykhonov", "type": "author", "activity": 4, "h_index": 4, "h5_index": 0, "mag_id": "2949600753", "num_publications": 1, "num_citations": 29, "num_publications_5y": 0, "num_citations_5y": 13, "num_publications_10y": 0, "num_citations_10y": 26, "publications_years": {"2008": 1}, "citations_years": {"2008": 3, "2009": 2, "2010": 1, "2011": 3, "2012": 2, "2013": 5, "2014": 4, "2015": 3, "2016": 6}, "old_citations": {"2008": 29}, "isVisible": false}, "2974557907": {"name": "murat sensoy", "type": "author", "activity": 1, "h_index": 1, "h5_index": 0, "mag_id": "2974557907", "num_publications": 1, "num_citations": 3, "num_publications_5y": 0, "num_citations_5y": 0, "num_publications_10y": 0, "num_citations_10y": 2, "publications_years": {"2007": 1}, "citations_years": {"2008": 1, "2009": 1, "2010": 0, "2011": 0, "2012": 0, "2013": 1}, "old_citations": {"2007": 3}, "isVisible": false}}, "countries": {"United States": {"name": "United States", "type": "country", "h5_index": 308, "num_publications": 12, "num_citations": 56, "num_publications_5y": 2, "num_citations_5y": 13, "num_publications_10y": 6, "num_citations_10y": 24, "publications_years": {"2006": 4, "2013": 3, "2010": 1, "2007": 1, "2008": 1, "2015": 2}, "citations_years": {"2006": 9, "2007": 10, "2008": 6, "2009": 8, "2010": 3, "2015": 3, "2005": 2, "2014": 2, "2016": 4, "2017": 1, "2018": 3, "2019": 5, "2011": 0, "2012": 0, "2013": 0}, "old_citations": {"2006": 35, "2013": 13, "2010": 0, "2007": 2, "2008": 3, "2015": 3}, "isVisible": false}, "Netherlands": {"name": "Netherlands", "type": "country", "h5_index": 91, "num_publications": 5, "num_citations": 37, "num_publications_5y": 0, "num_citations_5y": 19, "num_publications_10y": 3, "num_citations_10y": 33, "publications_years": {"2010": 2, "2008": 1, "2007": 1, "2013": 1}, "citations_years": {"2009": 3, "2008": 3, "2010": 1, "2011": 3, "2012": 2, "2013": 5, "2014": 6, "2015": 3, "2016": 9, "2017": 0, "2018": 1, "2019": 1}, "old_citations": {"2010": 1, "2008": 29, "2007": 0, "2013": 7}, "isVisible": false}, "United Kingdom": {"name": "United Kingdom", "type": "country", "h5_index": 172, "num_publications": 3, "num_citations": 3, "num_publications_5y": 1, "num_citations_5y": 0, "num_publications_10y": 1, "num_citations_10y": 3, "publications_years": {"2007": 2, "2015": 1}, "citations_years": {"2010": 2, "2011": 0, "2012": 1}, "old_citations": {"2007": 3, "2015": 0}, "isVisible": false}, "Germany": {"name": "Germany", "type": "country", "h5_index": 139, "num_publications": 2, "num_citations": 26, "num_publications_5y": 0, "num_citations_5y": 16, "num_publications_10y": 1, "num_citations_10y": 18, "publications_years": {"2013": 1, "2007": 1}, "citations_years": {"2014": 3, "2015": 0, "2016": 3, "2017": 6, "2018": 4, "2019": 5, "2020": 1, "2007": 1, "2008": 1, "2009": 0, "2010": 0, "2011": 0, "2012": 0, "2013": 2}, "old_citations": {"2013": 12, "2007": 14}, "isVisible": false}, "Australia": {"name": "Australia", "type": "country", "h5_index": 141, "num_publications": 1, "num_citations": 0, "num_publications_5y": 0, "num_citations_5y": 0, "num_publications_10y": 0, "num_citations_10y": 0, "publications_years": {"2007": 1}, "citations_years": {}, "old_citations": {"2007": 0}, "isVisible": false}, "India": {"name": "India", "type": "country", "h5_index": 78, "num_publications": 1, "num_citations": 2, "num_publications_5y": 1, "num_citations_5y": 2, "num_publications_10y": 1, "num_citations_10y": 2, "publications_years": {"2015": 1}, "citations_years": {"2017": 1, "2018": 1}, "old_citations": {"2015": 2}, "isVisible": false}, "Spain": {"name": "Spain", "type": "country", "h5_index": 91, "num_publications": 1, "num_citations": 2, "num_publications_5y": 0, "num_citations_5y": 0, "num_publications_10y": 0, "num_citations_10y": 1, "publications_years": {"2007": 1}, "citations_years": {"2007": 1, "2008": 0, "2009": 0, "2010": 0, "2011": 0, "2012": 0, "2013": 1}, "old_citations": {"2007": 2}, "isVisible": false}, "Switzerland": {"name": "Switzerland", "type": "country", "h5_index": 102, "num_publications": 1, "num_citations": 2, "num_publications_5y": 1, "num_citations_5y": 2, "num_publications_10y": 1, "num_citations_10y": 2, "publications_years": {"2015": 1}, "citations_years": {"2017": 1, "2018": 1}, "old_citations": {"2015": 2}, "isVisible": false}}}, "conference_comparison": {"computer science": {}}, "topics_dna": {"publications": {}, "citations": {"normalized": {}, "average": {}}}, "info": {"num_publications": 34, "num_citations": 174.0, "impact_factor": {"2006": 1.0, "2007": 0.8, "2008": 0.8181818181818182, "2009": 0.3333333333333333, "2010": 0.5, "2011": 0.0, "2012": 0.0, "2013": 0, "2014": 0.75, "2015": 0.5}, "publications_years": {"2006": 15, "2007": 7, "2013": 4, "2015": 3, "2008": 2, "2010": 2, "2004": 1}, "citations_years": {"2005": 9, "2006": 19, "2007": 16, "2008": 23, "2009": 18, "2010": 11, "2011": 8, "2012": 5, "2013": 9, "2014": 10, "2015": 6, "2016": 13, "2017": 8, "2018": 8, "2019": 10, "2020": 1}, "old_citations": {"2006": 77, "2007": 25, "2013": 25, "2015": 5, "2008": 32, "2010": 1, "2004": 9}, "h5_index": 0}, "percentile": {"computer science": {"2006": 76, "2007": 68, "2013": 83, "2015": 62, "2008": 91, "2010": 52, "2004": 84}}, "conference_ranking": {"computer science": {"2006": 1018, "2007": 1332, "2013": 704, "2015": 1592, "2008": 383, "2010": 2038, "2004": 680}}, "academia": {"num_publications": 18, "num_citations": 115, "publications_years": {"2006": 4, "2007": 4, "2008": 2, "2009": 0, "2010": 2, "2011": 0, "2012": 0, "2013": 4, "2014": 0, "2015": 2}, "old_citations": {"2006": 35, "2007": 19, "2008": 32, "2009": 0, "2010": 1, "2011": 0, "2012": 0, "2013": 25, "2014": 0, "2015": 3}, "num_publications_5y": 0, "num_citations_5y": 0, "num_publications_10y": 6, "num_citations_10y": 28}, "industry": {"num_publications": 0, "num_citations": 0, "publications_years": {}, "old_citations": {}, "num_publications_5y": 0, "num_citations_5y": 0, "num_publications_10y": 0, "num_citations_10y": 0}, "collaborative": {"num_publications": 0, "num_citations": 0, "publications_years": {}, "old_citations": {}, "num_publications_5y": 0, "num_citations_5y": 0, "num_publications_10y": 0, "num_citations_10y": 0}, "conferences": {}, "journals": {}, "organizations": {"publication_overall": ["University of Michigan\u2013Ann Arbor", "University of Minnesota", "Delft University of Technology", "The University of Texas at El Paso", "University of Nebraska\u2013Lincoln", "City University of New York", "Erasmus University Rotterdam", "International Institute of Information Technology", "Karlsruhe Institute of Technology", "King's College London", "New Mexico State University", "Spanish National Research Council", "University of Edinburgh", "University of Freiburg", "University of Liverpool", "University of Melbourne", "University of Southampton", "Utrecht University", "VU Amsterdam", "\u00c9cole Polytechnique F\u00e9d\u00e9rale de Lausanne"], "citation_overall": ["University of Minnesota", "Delft University of Technology", "University of Michigan\u2013Ann Arbor", "Karlsruhe Institute of Technology", "University of Freiburg", "The University of Texas at El Paso", "Erasmus University Rotterdam", "University of Nebraska\u2013Lincoln", "New Mexico State University", "University of Liverpool", "University of Southampton", "International Institute of Information Technology", "Spanish National Research Council", "\u00c9cole Polytechnique F\u00e9d\u00e9rale de Lausanne", "City University of New York", "King's College London", "University of Edinburgh", "University of Melbourne", "Utrecht University", "VU Amsterdam"], "publication_10_years": ["The University of Texas at El Paso", "City University of New York", "Erasmus University Rotterdam", "International Institute of Information Technology", "King's College London", "New Mexico State University", "University of Freiburg", "University of Michigan\u2013Ann Arbor", "University of Minnesota", "University of Nebraska\u2013Lincoln", "\u00c9cole Polytechnique F\u00e9d\u00e9rale de Lausanne"], "citation_10_years": ["University of Freiburg", "The University of Texas at El Paso", "Erasmus University Rotterdam", "University of Minnesota", "New Mexico State University", "University of Michigan\u2013Ann Arbor", "International Institute of Information Technology", "\u00c9cole Polytechnique F\u00e9d\u00e9rale de Lausanne", "University of Nebraska\u2013Lincoln", "City University of New York", "King's College London"], "publication_5_years": [], "citation_5_years": []}, "countries": {"publication_overall": ["United States", "Netherlands", "United Kingdom", "Germany", "Australia", "India", "Spain", "Switzerland"], "citation_overall": ["United States", "Netherlands", "Germany", "United Kingdom", "India", "Spain", "Switzerland", "Australia"], "publication_10_years": ["United States", "Germany", "India", "Netherlands", "Switzerland", "United Kingdom"], "citation_10_years": ["United States", "Germany", "Netherlands", "India", "Switzerland", "United Kingdom"], "publication_5_years": [], "citation_5_years": []}, "topics": {"publication_overall": ["computer science", "artificial intelligence", "economics", "internet", "multiagent system", "information technology", "commerce", "e-commerce", "game theory", "intelligent agents", "robotics", "computer systems", "robots", "machine design", "mechanism design", "software agents", "auction mechanisms", "autonomous agents", "engineering", "mathematics"], "citation_overall": ["computer science", "artificial intelligence", "multiagent system", "intelligent agents", "computer systems", "economics", "information technology", "engineering", "internet", "autonomous agents", "e-commerce", "mathematics", "bayesian networks", "probability", "human computer interaction", "user interfaces", "software agents", "commerce", "game theory", "electricity"], "publication_10_years": ["computer science", "artificial intelligence", "engineering", "economics", "electricity", "internet", "commerce", "e-commerce", "energy utilization", "game theory", "information technology", "machine learning", "computer systems", "intelligent agents", "multiagent system", "reinforcement learning", "sales", "auction mechanisms", "communication systems", "computer hardware"], "citation_10_years": ["computer science", "engineering", "artificial intelligence", "electricity", "economics", "energy utilization", "intelligent agents", "internet", "machine learning", "multiagent system", "sales", "e-commerce", "information technology", "signal processing", "signal to noise ratio", "bayesian networks", "covariance function", "customer behavior", "electricity demands", "energy conservation"], "publication_5_years": [], "citation_5_years": []}, "main_topics": ["computer science"], "authors": {"publication_overall": ["2112978975", "2083274779", "2102222802", "2236789276", "2243167870", "167091940", "824331821", "2099640267", "2107388501", "2130828864", "2231011470", "2345025092", "2702174658", "80385935", "107646455", "151759273", "188836576", "220185405", "247034719", "267358967", "313223763", "345909134", "472570005", "691071242", "698073407", "1638885456", "1944955062", "1977227655", "2003780605", "2018206504", "2026369558", "2032270285", "2034009146", "2034568305", "2036215246", "2036429912", "2038761473", "2051241129", "2053882790", "2070867630", "2094514015", "2095733154", "2096092545", "2097406414", "2097677659", "2100842339", "2101135606", "2105043593", "2105308883", "2105846770", "2109864667", "2109886733", "2115869250", "2121035284", "2122497617", "2126718434", "2127677409", "2133795974", "2134576118", "2135244353", "2138594064", "2144475260", "2170845499", "2245547659", "2279767672", "2283567497", "2284178237", "2305697090", "2307607640", "2311923681", "2328398010", "2397243341", "2554348303", "2590309161", "2682270088", "2806446151", "2949600753", "2974557907"], "citation_overall": ["2243167870", "2051241129", "2231011470", "2949600753", "2236789276", "220185405", "2127677409", "151759273", "2121035284", "2245547659", "2102222802", "2003780605", "2053882790", "2096092545", "2134576118", "2283567497", "2284178237", "2307607640", "698073407", "2083274779", "2101135606", "2105043593", "2105308883", "2112978975", "2135244353", "2138594064", "2170845499", "2279767672", "80385935", "2682270088", "167091940", "824331821", "2070867630", "2097406414", "2099640267", "267358967", "1944955062", "2094514015", "2105846770", "2109886733", "2130828864", "2144475260", "2345025092", "2554348303", "2590309161", "2974557907", "247034719", "313223763", "345909134", "1638885456", "1977227655", "2032270285", "2034009146", "2034568305", "2038761473", "2100842339", "2107388501", "2109864667", "2122497617", "2133795974", "2311923681", "2702174658", "188836576", "2018206504", "2126718434", "2305697090", "2328398010", "2397243341", "107646455", "472570005", "691071242", "2026369558", "2036215246", "2036429912", "2095733154", "2097677659", "2115869250", "2806446151"], "publication_10_years": ["2083274779", "80385935", "167091940", "2003780605", "2034009146", "2094514015", "2097677659", "2099640267", "2115869250", "2134576118", "2144475260", "2231011470", "2243167870", "2311923681", "2554348303", "2590309161", "2682270088"], "citation_10_years": ["2003780605", "2134576118", "2083274779", "80385935", "2231011470", "2243167870", "2682270088", "2094514015", "2144475260", "2554348303", "2590309161", "2034009146", "2311923681", "167091940", "2099640267", "2097677659", "2115869250"], "publication_5_years": [], "citation_5_years": []}, "industrial_sectors": {"publication_overall": [], "citation_overall": [], "publication_10_years": [], "citation_10_years": [], "publication_5_years": [], "citation_5_years": []}}