{"name": "International Symposium on Advanced Control of Industrial Processes", "acronym": "AdCONIP", "type": "conference", "uniqueEntities": {"organizations": {"University of Alberta": {"name": "University of Alberta", "type": "organization", "organization_type": "Education", "h_index": 133, "h5_index": 39, "num_publications": 6, "num_citations": 7, "num_publications_5y": 3, "num_citations_5y": 3, "num_publications_10y": 6, "num_citations_10y": 6, "publications_years": {"2011": 3, "2017": 3}, "citations_years": {"2019": 1, "2012": 1, "2013": 2, "2014": 1, "2015": 1, "2016": 1}, "old_citations": {"2011": 6, "2017": 1}, "isVisible": false}, "Zhejiang University": {"name": "Zhejiang University", "type": "organization", "organization_type": "Education", "h_index": 131, "h5_index": 62, "num_publications": 6, "num_citations": 9, "num_publications_5y": 2, "num_citations_5y": 6, "num_publications_10y": 6, "num_citations_10y": 8, "publications_years": {"2011": 4, "2017": 2}, "citations_years": {"2014": 1, "2012": 1, "2013": 1, "2015": 0, "2016": 1, "2017": 2, "2018": 2, "2019": 1}, "old_citations": {"2011": 8, "2017": 1}, "isVisible": false}, "Kumamoto University": {"name": "Kumamoto University", "type": "organization", "organization_type": "Education", "h_index": 29, "h5_index": 8, "num_publications": 4, "num_citations": 5, "num_publications_5y": 3, "num_citations_5y": 1, "num_publications_10y": 4, "num_citations_10y": 2, "publications_years": {"2011": 1, "2017": 3}, "citations_years": {"2013": 1, "2018": 1, "2019": 3}, "old_citations": {"2011": 1, "2017": 4}, "isVisible": false}, "Fuzhou University": {"name": "Fuzhou University", "type": "organization", "organization_type": "Education", "h_index": 43, "h5_index": 24, "num_publications": 2, "num_citations": 5, "num_publications_5y": 0, "num_citations_5y": 2, "num_publications_10y": 2, "num_citations_10y": 3, "publications_years": {"2011": 2}, "citations_years": {"2015": 1, "2016": 0, "2017": 0, "2018": 1, "2019": 0, "2020": 2, "2013": 1}, "old_citations": {"2011": 5}, "isVisible": false}, "Hiroshima University": {"name": "Hiroshima University", "type": "organization", "organization_type": "Education", "h_index": 55, "h5_index": 13, "num_publications": 2, "num_citations": 2, "num_publications_5y": 2, "num_citations_5y": 0, "num_publications_10y": 2, "num_citations_10y": 0, "publications_years": {"2017": 2}, "citations_years": {"2019": 2}, "old_citations": {"2017": 2}, "isVisible": false}, "Indian Institute of Technology Bombay": {"name": "Indian Institute of Technology Bombay", "type": "organization", "organization_type": "Education", "h_index": 81, "h5_index": 18, "num_publications": 2, "num_citations": 9, "num_publications_5y": 0, "num_citations_5y": 6, "num_publications_10y": 2, "num_citations_10y": 9, "publications_years": {"2011": 2}, "citations_years": {"2014": 2, "2015": 2, "2016": 1, "2017": 0, "2018": 1, "2012": 1, "2013": 2}, "old_citations": {"2011": 9}, "isVisible": false}, "Nanjing University of Science and Technology": {"name": "Nanjing University of Science and Technology", "type": "organization", "organization_type": "Education", "h_index": 71, "h5_index": 44, "num_publications": 2, "num_citations": 5, "num_publications_5y": 0, "num_citations_5y": 2, "num_publications_10y": 2, "num_citations_10y": 3, "publications_years": {"2011": 2}, "citations_years": {"2015": 1, "2016": 0, "2017": 0, "2018": 1, "2019": 0, "2020": 2, "2013": 1}, "old_citations": {"2011": 5}, "isVisible": false}, "Auckland University of Technology": {"name": "Auckland University of Technology", "type": "organization", "organization_type": "Education", "h_index": 56, "h5_index": 20, "num_publications": 1, "num_citations": 1, "num_publications_5y": 1, "num_citations_5y": 1, "num_publications_10y": 1, "num_citations_10y": 1, "publications_years": {"2017": 1}, "citations_years": {"2018": 1}, "old_citations": {"2017": 1}, "isVisible": false}, "Beijing University of Chemical Technology": {"name": "Beijing University of Chemical Technology", "type": "organization", "organization_type": "Education", "h_index": 24, "h5_index": 17, "num_publications": 1, "num_citations": 0, "num_publications_5y": 1, "num_citations_5y": 0, "num_publications_10y": 1, "num_citations_10y": 0, "publications_years": {"2017": 1}, "citations_years": {}, "old_citations": {"2017": 0}, "isVisible": false}, "China University of Petroleum, Beijing": {"name": "China University of Petroleum, Beijing", "type": "organization", "organization_type": "Education", "h_index": 37, "h5_index": 30, "num_publications": 1, "num_citations": 0, "num_publications_5y": 0, "num_citations_5y": 0, "num_publications_10y": 1, "num_citations_10y": 0, "publications_years": {"2011": 1}, "citations_years": {}, "old_citations": {"2011": 0}, "isVisible": false}, "Cork Institute of Technology": {"name": "Cork Institute of Technology", "type": "organization", "organization_type": "Facility", "h_index": 28, "h5_index": 10, "num_publications": 1, "num_citations": 6, "num_publications_5y": 0, "num_citations_5y": 4, "num_publications_10y": 1, "num_citations_10y": 5, "publications_years": {"2011": 1}, "citations_years": {"2013": 1, "2014": 0, "2015": 1, "2016": 0, "2017": 2, "2018": 1, "2019": 0, "2020": 1}, "old_citations": {"2011": 6}, "isVisible": false}, "Dalian University of Technology": {"name": "Dalian University of Technology", "type": "organization", "organization_type": "Education", "h_index": 95, "h5_index": 63, "num_publications": 1, "num_citations": 1, "num_publications_5y": 0, "num_citations_5y": 1, "num_publications_10y": 1, "num_citations_10y": 1, "publications_years": {"2011": 1}, "citations_years": {"2014": 1}, "old_citations": {"2011": 1}, "isVisible": false}, "Donghua University": {"name": "Donghua University", "type": "organization", "organization_type": "Education", "h_index": 42, "h5_index": 18, "num_publications": 1, "num_citations": 0, "num_publications_5y": 0, "num_citations_5y": 0, "num_publications_10y": 1, "num_citations_10y": 0, "publications_years": {"2011": 1}, "citations_years": {}, "old_citations": {"2011": 0}, "isVisible": false}, "French National Centre for Scientific Research": {"name": "French National Centre for Scientific Research", "type": "organization", "organization_type": "Government", "h_index": 177, "h5_index": 44, "num_publications": 1, "num_citations": 5, "num_publications_5y": 0, "num_citations_5y": 3, "num_publications_10y": 1, "num_citations_10y": 5, "publications_years": {"2011": 1}, "citations_years": {"2012": 2, "2013": 0, "2014": 1, "2015": 1, "2016": 0, "2017": 1}, "old_citations": {"2011": 5}, "isVisible": false}, "Harbin Institute of Technology": {"name": "Harbin Institute of Technology", "type": "organization", "organization_type": "Education", "h_index": 112, "h5_index": 64, "num_publications": 1, "num_citations": 0, "num_publications_5y": 0, "num_citations_5y": 0, "num_publications_10y": 1, "num_citations_10y": 0, "publications_years": {"2011": 1}, "citations_years": {}, "old_citations": {"2011": 0}, "isVisible": false}, "Hong Kong University of Science and Technology": {"name": "Hong Kong University of Science and Technology", "type": "organization", "organization_type": "Education", "h_index": 194, "h5_index": 55, "num_publications": 1, "num_citations": 1, "num_publications_5y": 1, "num_citations_5y": 1, "num_publications_10y": 1, "num_citations_10y": 1, "publications_years": {"2017": 1}, "citations_years": {"2018": 1}, "old_citations": {"2017": 1}, "isVisible": false}, "Indian Institute of Technology Madras": {"name": "Indian Institute of Technology Madras", "type": "organization", "organization_type": "Facility", "h_index": 67, "h5_index": 21, "num_publications": 1, "num_citations": 6, "num_publications_5y": 0, "num_citations_5y": 3, "num_publications_10y": 1, "num_citations_10y": 6, "publications_years": {"2011": 1}, "citations_years": {"2012": 1, "2013": 2, "2014": 1, "2015": 1, "2016": 1}, "old_citations": {"2011": 6}, "isVisible": false}, "Jiangnan University": {"name": "Jiangnan University", "type": "organization", "organization_type": "Education", "h_index": 39, "h5_index": 21, "num_publications": 1, "num_citations": 0, "num_publications_5y": 1, "num_citations_5y": 0, "num_publications_10y": 1, "num_citations_10y": 0, "publications_years": {"2017": 1}, "citations_years": {}, "old_citations": {"2017": 0}, "isVisible": false}, "Kyoto University": {"name": "Kyoto University", "type": "organization", "organization_type": "Education", "h_index": 91, "h5_index": 29, "num_publications": 1, "num_citations": 0, "num_publications_5y": 1, "num_citations_5y": 0, "num_publications_10y": 1, "num_citations_10y": 0, "publications_years": {"2017": 1}, "citations_years": {}, "old_citations": {"2017": 0}, "isVisible": false}, "Lanzhou University of Technology": {"name": "Lanzhou University of Technology", "type": "organization", "organization_type": "Education", "h_index": 21, "h5_index": 11, "num_publications": 1, "num_citations": 1, "num_publications_5y": 0, "num_citations_5y": 0, "num_publications_10y": 1, "num_citations_10y": 1, "publications_years": {"2011": 1}, "citations_years": {"2013": 1}, "old_citations": {"2011": 1}, "isVisible": false}, "National Taiwan University": {"name": "National Taiwan University", "type": "organization", "organization_type": "Education", "h_index": 132, "h5_index": 34, "num_publications": 1, "num_citations": 0, "num_publications_5y": 0, "num_citations_5y": 0, "num_publications_10y": 1, "num_citations_10y": 0, "publications_years": {"2011": 1}, "citations_years": {}, "old_citations": {"2011": 0}, "isVisible": false}, "National University of Singapore": {"name": "National University of Singapore", "type": "organization", "organization_type": "Education", "h_index": 219, "h5_index": 81, "num_publications": 1, "num_citations": 2, "num_publications_5y": 0, "num_citations_5y": 1, "num_publications_10y": 1, "num_citations_10y": 2, "publications_years": {"2011": 1}, "citations_years": {"2012": 1, "2013": 0, "2014": 0, "2015": 0, "2016": 0, "2017": 1}, "old_citations": {"2011": 2}, "isVisible": false}, "Northeastern University": {"name": "Northeastern University", "type": "organization", "organization_type": "Education", "h_index": 144, "h5_index": 59, "num_publications": 1, "num_citations": 1, "num_publications_5y": 0, "num_citations_5y": 1, "num_publications_10y": 1, "num_citations_10y": 1, "publications_years": {"2011": 1}, "citations_years": {"2014": 1}, "old_citations": {"2011": 1}, "isVisible": false}, "Shanghai Jiao Tong University": {"name": "Shanghai Jiao Tong University", "type": "organization", "organization_type": "Education", "h_index": 136, "h5_index": 71, "num_publications": 1, "num_citations": 3, "num_publications_5y": 1, "num_citations_5y": 0, "num_publications_10y": 1, "num_citations_10y": 0, "publications_years": {"2017": 1}, "citations_years": {"2019": 1, "2020": 2}, "old_citations": {"2017": 3}, "isVisible": false}, "Syncrude (Canada)": {"name": "Syncrude (Canada)", "type": "organization", "organization_type": "Company", "h_index": 3, "h5_index": 0, "num_publications": 1, "num_citations": 0, "num_publications_5y": 0, "num_citations_5y": 0, "num_publications_10y": 1, "num_citations_10y": 0, "publications_years": {"2011": 1}, "citations_years": {}, "old_citations": {"2011": 0}, "isVisible": false}, "University of Auckland": {"name": "University of Auckland", "type": "organization", "organization_type": "Education", "h_index": 97, "h5_index": 29, "num_publications": 1, "num_citations": 1, "num_publications_5y": 1, "num_citations_5y": 1, "num_publications_10y": 1, "num_citations_10y": 1, "publications_years": {"2017": 1}, "citations_years": {"2018": 1}, "old_citations": {"2017": 1}, "isVisible": false}, "University of British Columbia": {"name": "University of British Columbia", "type": "organization", "organization_type": "Education", "h_index": 210, "h5_index": 56, "num_publications": 1, "num_citations": 6, "num_publications_5y": 0, "num_citations_5y": 3, "num_publications_10y": 1, "num_citations_10y": 6, "publications_years": {"2011": 1}, "citations_years": {"2012": 1, "2013": 2, "2014": 1, "2015": 1, "2016": 1}, "old_citations": {"2011": 6}, "isVisible": false}, "University of Newcastle Australia": {"name": "University of Newcastle Australia", "type": "organization", "organization_type": "Education", "h_index": 78, "h5_index": 28, "num_publications": 1, "num_citations": 5, "num_publications_5y": 0, "num_citations_5y": 4, "num_publications_10y": 1, "num_citations_10y": 5, "publications_years": {"2011": 1}, "citations_years": {"2013": 1, "2014": 0, "2015": 0, "2016": 1, "2017": 2, "2018": 1}, "old_citations": {"2011": 5}, "isVisible": false}, "Zhejiang University of Technology": {"name": "Zhejiang University of Technology", "type": "organization", "organization_type": "Education", "h_index": 45, "h5_index": 30, "num_publications": 1, "num_citations": 0, "num_publications_5y": 0, "num_citations_5y": 0, "num_publications_10y": 1, "num_citations_10y": 0, "publications_years": {"2011": 1}, "citations_years": {}, "old_citations": {"2011": 0}, "isVisible": false}}, "topics": {"computer science": {"name": "computer science", "type": "topic", "h_index": 1779, "h5_index": 416, "num_publications": 30, "num_citations": 47, "num_publications_5y": 11, "num_citations_5y": 25, "num_publications_10y": 30, "num_citations_10y": 36, "publications_years": {"2011": 19, "2017": 11}, "citations_years": {"2014": 5, "2012": 5, "2013": 6, "2015": 5, "2016": 2, "2017": 6, "2018": 7, "2019": 6, "2020": 5}, "old_citations": {"2011": 37, "2017": 10}, "isVisible": false}, "computer systems": {"name": "computer systems", "type": "topic", "h_index": 1595, "h5_index": 367, "num_publications": 26, "num_citations": 38, "num_publications_5y": 10, "num_citations_5y": 22, "num_publications_10y": 26, "num_citations_10y": 28, "publications_years": {"2011": 16, "2017": 10}, "citations_years": {"2014": 4, "2013": 3, "2015": 4, "2016": 1, "2017": 6, "2018": 7, "2019": 5, "2020": 5, "2012": 3}, "old_citations": {"2011": 29, "2017": 9}, "isVisible": false}, "mathematics": {"name": "mathematics", "type": "topic", "h_index": 1364, "h5_index": 300, "num_publications": 26, "num_citations": 46, "num_publications_5y": 10, "num_citations_5y": 24, "num_publications_10y": 26, "num_citations_10y": 35, "publications_years": {"2011": 16, "2017": 10}, "citations_years": {"2014": 5, "2012": 5, "2013": 6, "2015": 5, "2016": 2, "2017": 6, "2018": 6, "2019": 6, "2020": 5}, "old_citations": {"2011": 37, "2017": 9}, "isVisible": false}, "engineering": {"name": "engineering", "type": "topic", "h_index": 1177, "h5_index": 287, "num_publications": 23, "num_citations": 39, "num_publications_5y": 10, "num_citations_5y": 21, "num_publications_10y": 23, "num_citations_10y": 29, "publications_years": {"2011": 13, "2017": 10}, "citations_years": {"2014": 5, "2013": 4, "2015": 5, "2016": 1, "2017": 4, "2018": 6, "2019": 5, "2020": 5, "2012": 4}, "old_citations": {"2011": 29, "2017": 10}, "isVisible": false}, "artificial intelligence": {"name": "artificial intelligence", "type": "topic", "h_index": 1421, "h5_index": 373, "num_publications": 16, "num_citations": 22, "num_publications_5y": 6, "num_citations_5y": 9, "num_publications_10y": 16, "num_citations_10y": 16, "publications_years": {"2011": 10, "2017": 6}, "citations_years": {"2012": 3, "2013": 4, "2014": 3, "2015": 2, "2016": 1, "2017": 1, "2018": 2, "2019": 4, "2020": 2}, "old_citations": {"2011": 15, "2017": 7}, "isVisible": false}, "automation": {"name": "automation", "type": "topic", "h_index": 579, "h5_index": 144, "num_publications": 15, "num_citations": 35, "num_publications_5y": 6, "num_citations_5y": 19, "num_publications_10y": 15, "num_citations_10y": 26, "publications_years": {"2011": 9, "2017": 6}, "citations_years": {"2014": 5, "2013": 4, "2015": 5, "2016": 1, "2017": 3, "2018": 5, "2019": 4, "2020": 5, "2012": 3}, "old_citations": {"2011": 27, "2017": 8}, "isVisible": false}, "process control": {"name": "process control", "type": "topic", "h_index": 538, "h5_index": 133, "num_publications": 14, "num_citations": 29, "num_publications_5y": 6, "num_citations_5y": 15, "num_publications_10y": 14, "num_citations_10y": 21, "publications_years": {"2011": 8, "2017": 6}, "citations_years": {"2014": 5, "2013": 3, "2015": 4, "2016": 1, "2017": 1, "2018": 4, "2019": 4, "2020": 4, "2012": 3}, "old_citations": {"2011": 21, "2017": 8}, "isVisible": false}, "matrix algebra": {"name": "matrix algebra", "type": "topic", "h_index": 771, "h5_index": 183, "num_publications": 13, "num_citations": 26, "num_publications_5y": 5, "num_citations_5y": 13, "num_publications_10y": 13, "num_citations_10y": 19, "publications_years": {"2011": 8, "2017": 5}, "citations_years": {"2012": 4, "2013": 2, "2014": 2, "2015": 3, "2016": 0, "2017": 4, "2018": 4, "2019": 4, "2020": 3}, "old_citations": {"2011": 18, "2017": 8}, "isVisible": false}, "control systems": {"name": "control systems", "type": "topic", "h_index": 433, "h5_index": 104, "num_publications": 11, "num_citations": 21, "num_publications_5y": 5, "num_citations_5y": 10, "num_publications_10y": 11, "num_citations_10y": 12, "publications_years": {"2011": 6, "2017": 5}, "citations_years": {"2013": 2, "2015": 3, "2016": 0, "2017": 2, "2018": 4, "2019": 4, "2020": 5, "2014": 1}, "old_citations": {"2011": 14, "2017": 7}, "isVisible": false}, "correlation analysis": {"name": "correlation analysis", "type": "topic", "h_index": 1044, "h5_index": 224, "num_publications": 11, "num_citations": 20, "num_publications_5y": 6, "num_citations_5y": 10, "num_publications_10y": 11, "num_citations_10y": 14, "publications_years": {"2011": 5, "2017": 6}, "citations_years": {"2015": 2, "2016": 1, "2017": 3, "2018": 3, "2019": 2, "2020": 4, "2013": 2, "2014": 1, "2012": 2}, "old_citations": {"2011": 16, "2017": 4}, "isVisible": false}, "adaptive control systems": {"name": "adaptive control systems", "type": "topic", "h_index": 496, "h5_index": 131, "num_publications": 9, "num_citations": 16, "num_publications_5y": 5, "num_citations_5y": 7, "num_publications_10y": 9, "num_citations_10y": 10, "publications_years": {"2011": 4, "2017": 5}, "citations_years": {"2013": 1, "2012": 2, "2014": 2, "2015": 2, "2016": 0, "2017": 1, "2018": 2, "2019": 4, "2020": 2}, "old_citations": {"2011": 9, "2017": 7}, "isVisible": false}, "linear matrix inequalities": {"name": "linear matrix inequalities", "type": "topic", "h_index": 571, "h5_index": 144, "num_publications": 9, "num_citations": 22, "num_publications_5y": 3, "num_citations_5y": 11, "num_publications_10y": 9, "num_citations_10y": 15, "publications_years": {"2011": 6, "2017": 3}, "citations_years": {"2013": 2, "2012": 2, "2014": 2, "2015": 3, "2016": 0, "2017": 3, "2018": 3, "2019": 4, "2020": 3}, "old_citations": {"2011": 15, "2017": 7}, "isVisible": false}, "numerical model": {"name": "numerical model", "type": "topic", "h_index": 546, "h5_index": 144, "num_publications": 9, "num_citations": 22, "num_publications_5y": 4, "num_citations_5y": 13, "num_publications_10y": 9, "num_citations_10y": 19, "publications_years": {"2011": 5, "2017": 4}, "citations_years": {"2014": 3, "2015": 3, "2016": 2, "2017": 3, "2018": 2, "2019": 1, "2020": 2, "2013": 3, "2012": 3}, "old_citations": {"2011": 21, "2017": 1}, "isVisible": false}, "computer hardware": {"name": "computer hardware", "type": "topic", "h_index": 1150, "h5_index": 279, "num_publications": 8, "num_citations": 5, "num_publications_5y": 4, "num_citations_5y": 3, "num_publications_10y": 8, "num_citations_10y": 5, "publications_years": {"2011": 4, "2017": 4}, "citations_years": {"2012": 2, "2018": 2, "2013": 0, "2014": 0, "2015": 0, "2016": 0, "2017": 1}, "old_citations": {"2011": 3, "2017": 2}, "isVisible": false}, "signal processing": {"name": "signal processing", "type": "topic", "h_index": 1012, "h5_index": 255, "num_publications": 8, "num_citations": 4, "num_publications_5y": 4, "num_citations_5y": 2, "num_publications_10y": 8, "num_citations_10y": 3, "publications_years": {"2011": 4, "2017": 4}, "citations_years": {"2012": 1, "2013": 0, "2014": 0, "2015": 0, "2016": 0, "2017": 1, "2019": 1, "2018": 1}, "old_citations": {"2011": 2, "2017": 2}, "isVisible": false}, "communication systems": {"name": "communication systems", "type": "topic", "h_index": 1092, "h5_index": 254, "num_publications": 7, "num_citations": 6, "num_publications_5y": 3, "num_citations_5y": 5, "num_publications_10y": 7, "num_citations_10y": 6, "publications_years": {"2011": 4, "2017": 3}, "citations_years": {"2013": 1, "2014": 0, "2015": 0, "2016": 1, "2017": 2, "2018": 2}, "old_citations": {"2011": 5, "2017": 1}, "isVisible": false}, "computer networks": {"name": "computer networks", "type": "topic", "h_index": 1262, "h5_index": 332, "num_publications": 7, "num_citations": 6, "num_publications_5y": 3, "num_citations_5y": 5, "num_publications_10y": 7, "num_citations_10y": 6, "publications_years": {"2011": 4, "2017": 3}, "citations_years": {"2013": 1, "2014": 0, "2015": 0, "2016": 1, "2017": 2, "2018": 2}, "old_citations": {"2011": 5, "2017": 1}, "isVisible": false}, "numerical methods": {"name": "numerical methods", "type": "topic", "h_index": 597, "h5_index": 145, "num_publications": 7, "num_citations": 10, "num_publications_5y": 4, "num_citations_5y": 5, "num_publications_10y": 7, "num_citations_10y": 6, "publications_years": {"2011": 3, "2017": 4}, "citations_years": {"2013": 1, "2014": 1, "2015": 0, "2016": 1, "2017": 2, "2018": 1, "2019": 2, "2020": 2}, "old_citations": {"2011": 6, "2017": 4}, "isVisible": false}, "sensors": {"name": "sensors", "type": "topic", "h_index": 960, "h5_index": 229, "num_publications": 7, "num_citations": 5, "num_publications_5y": 3, "num_citations_5y": 3, "num_publications_10y": 7, "num_citations_10y": 5, "publications_years": {"2011": 4, "2017": 3}, "citations_years": {"2012": 2, "2018": 2, "2013": 0, "2014": 0, "2015": 0, "2016": 0, "2017": 1}, "old_citations": {"2011": 3, "2017": 2}, "isVisible": false}, "telecommunication systems": {"name": "telecommunication systems", "type": "topic", "h_index": 1187, "h5_index": 277, "num_publications": 7, "num_citations": 6, "num_publications_5y": 3, "num_citations_5y": 5, "num_publications_10y": 7, "num_citations_10y": 6, "publications_years": {"2011": 4, "2017": 3}, "citations_years": {"2013": 1, "2014": 0, "2015": 0, "2016": 1, "2017": 2, "2018": 2}, "old_citations": {"2011": 5, "2017": 1}, "isVisible": false}, "estimation method": {"name": "estimation method", "type": "topic", "h_index": 358, "h5_index": 96, "num_publications": 6, "num_citations": 12, "num_publications_5y": 3, "num_citations_5y": 7, "num_publications_10y": 6, "num_citations_10y": 12, "publications_years": {"2011": 3, "2017": 3}, "citations_years": {"2014": 3, "2012": 3, "2013": 2, "2015": 2, "2016": 1, "2017": 1}, "old_citations": {"2011": 12, "2017": 0}, "isVisible": false}, "optimization": {"name": "optimization", "type": "topic", "h_index": 666, "h5_index": 160, "num_publications": 6, "num_citations": 11, "num_publications_5y": 3, "num_citations_5y": 5, "num_publications_10y": 6, "num_citations_10y": 6, "publications_years": {"2011": 3, "2017": 3}, "citations_years": {"2015": 2, "2016": 0, "2017": 0, "2018": 2, "2019": 1, "2020": 4, "2014": 1, "2013": 1}, "old_citations": {"2011": 8, "2017": 3}, "isVisible": false}, "probability": {"name": "probability", "type": "topic", "h_index": 918, "h5_index": 211, "num_publications": 4, "num_citations": 11, "num_publications_5y": 1, "num_citations_5y": 7, "num_publications_10y": 4, "num_citations_10y": 8, "publications_years": {"2011": 3, "2017": 1}, "citations_years": {"2014": 1, "2015": 1, "2016": 1, "2017": 2, "2018": 2, "2019": 1, "2020": 2, "2013": 1}, "old_citations": {"2011": 10, "2017": 1}, "isVisible": false}, "control theory": {"name": "control theory", "type": "topic", "h_index": 389, "h5_index": 109, "num_publications": 4, "num_citations": 10, "num_publications_5y": 2, "num_citations_5y": 4, "num_publications_10y": 4, "num_citations_10y": 7, "publications_years": {"2011": 2, "2017": 2}, "citations_years": {"2013": 1, "2012": 2, "2014": 1, "2015": 1, "2016": 0, "2017": 1, "2018": 1, "2019": 3}, "old_citations": {"2011": 6, "2017": 4}, "isVisible": false}, "feedback systems": {"name": "feedback systems", "type": "topic", "h_index": 445, "h5_index": 121, "num_publications": 5, "num_citations": 10, "num_publications_5y": 2, "num_citations_5y": 4, "num_publications_10y": 5, "num_citations_10y": 7, "publications_years": {"2011": 3, "2017": 2}, "citations_years": {"2013": 1, "2012": 2, "2014": 1, "2015": 1, "2016": 0, "2017": 1, "2018": 1, "2019": 3}, "old_citations": {"2011": 6, "2017": 4}, "isVisible": false}, "nonlinear control systems": {"name": "nonlinear control systems", "type": "topic", "h_index": 383, "h5_index": 106, "num_publications": 4, "num_citations": 10, "num_publications_5y": 2, "num_citations_5y": 4, "num_publications_10y": 4, "num_citations_10y": 7, "publications_years": {"2011": 2, "2017": 2}, "citations_years": {"2013": 1, "2012": 2, "2014": 1, "2015": 1, "2016": 0, "2017": 1, "2018": 1, "2019": 3}, "old_citations": {"2011": 6, "2017": 4}, "isVisible": false}, "control system synthesis": {"name": "control system synthesis", "type": "topic", "h_index": 226, "h5_index": 63, "num_publications": 4, "num_citations": 5, "num_publications_5y": 3, "num_citations_5y": 1, "num_publications_10y": 4, "num_citations_10y": 2, "publications_years": {"2011": 1, "2017": 3}, "citations_years": {"2013": 1, "2018": 1, "2019": 3}, "old_citations": {"2011": 1, "2017": 4}, "isVisible": false}, "intelligent control": {"name": "intelligent control", "type": "topic", "h_index": 367, "h5_index": 70, "num_publications": 4, "num_citations": 4, "num_publications_5y": 3, "num_citations_5y": 1, "num_publications_10y": 4, "num_citations_10y": 1, "publications_years": {"2011": 1, "2017": 3}, "citations_years": {"2018": 1, "2019": 3}, "old_citations": {"2011": 0, "2017": 4}, "isVisible": false}, "robotics": {"name": "robotics", "type": "topic", "h_index": 677, "h5_index": 171, "num_publications": 5, "num_citations": 10, "num_publications_5y": 3, "num_citations_5y": 2, "num_publications_10y": 5, "num_citations_10y": 4, "publications_years": {"2011": 2, "2017": 3}, "citations_years": {"2013": 1, "2012": 1, "2014": 0, "2015": 0, "2016": 0, "2017": 1, "2018": 1, "2019": 4, "2020": 2}, "old_citations": {"2011": 3, "2017": 7}, "isVisible": false}, "closed loop control systems": {"name": "closed loop control systems", "type": "topic", "h_index": 111, "h5_index": 34, "num_publications": 2, "num_citations": 4, "num_publications_5y": 2, "num_citations_5y": 1, "num_publications_10y": 2, "num_citations_10y": 1, "publications_years": {"2017": 2}, "citations_years": {"2018": 1, "2019": 3}, "old_citations": {"2017": 4}, "isVisible": false}, "closed-loop control": {"name": "closed-loop control", "type": "topic", "h_index": 83, "h5_index": 22, "num_publications": 2, "num_citations": 4, "num_publications_5y": 2, "num_citations_5y": 1, "num_publications_10y": 2, "num_citations_10y": 1, "publications_years": {"2017": 2}, "citations_years": {"2018": 1, "2019": 3}, "old_citations": {"2017": 4}, "isVisible": false}, "feedback control": {"name": "feedback control", "type": "topic", "h_index": 272, "h5_index": 87, "num_publications": 3, "num_citations": 4, "num_publications_5y": 2, "num_citations_5y": 1, "num_publications_10y": 3, "num_citations_10y": 1, "publications_years": {"2011": 1, "2017": 2}, "citations_years": {"2018": 1, "2019": 3}, "old_citations": {"2011": 0, "2017": 4}, "isVisible": false}, "feedback controller": {"name": "feedback controller", "type": "topic", "h_index": 118, "h5_index": 34, "num_publications": 2, "num_citations": 4, "num_publications_5y": 2, "num_citations_5y": 1, "num_publications_10y": 2, "num_citations_10y": 1, "publications_years": {"2017": 2}, "citations_years": {"2018": 1, "2019": 3}, "old_citations": {"2017": 4}, "isVisible": false}}, "authors": {"2057369397": {"name": "ikuro mizumoto", "type": "author", "activity": 25, "h_index": 8, "h5_index": 2, "mag_id": "2057369397", "num_publications": 4, "num_citations": 5, "num_publications_5y": 3, "num_citations_5y": 1, "num_publications_10y": 4, "num_citations_10y": 2, "publications_years": {"2011": 1, "2017": 3}, "citations_years": {"2013": 1, "2018": 1, "2019": 3}, "old_citations": {"2011": 1, "2017": 4}, "isVisible": false}, "1976447674": {"name": "chao zhao", "type": "author", "activity": 4, "h_index": 2, "h5_index": 0, "mag_id": "1976447674", "num_publications": 2, "num_citations": 5, "num_publications_5y": 0, "num_citations_5y": 2, "num_publications_10y": 2, "num_citations_10y": 3, "publications_years": {"2011": 2}, "citations_years": {"2015": 1, "2016": 0, "2017": 0, "2018": 1, "2019": 0, "2020": 2, "2013": 1}, "old_citations": {"2011": 5}, "isVisible": false}, "2099293393": {"name": "toru yamamoto", "type": "author", "activity": 31, "h_index": 10, "h5_index": 3, "mag_id": "2099293393", "num_publications": 2, "num_citations": 2, "num_publications_5y": 2, "num_citations_5y": 0, "num_publications_10y": 2, "num_citations_10y": 0, "publications_years": {"2017": 2}, "citations_years": {"2019": 2}, "old_citations": {"2017": 2}, "isVisible": false}, "2105750726": {"name": "aimin an", "type": "author", "activity": 9, "h_index": 3, "h5_index": 1, "mag_id": "2105750726", "num_publications": 2, "num_citations": 5, "num_publications_5y": 0, "num_citations_5y": 2, "num_publications_10y": 2, "num_citations_10y": 3, "publications_years": {"2011": 2}, "citations_years": {"2015": 1, "2016": 0, "2017": 0, "2018": 1, "2019": 0, "2020": 2, "2013": 1}, "old_citations": {"2011": 5}, "isVisible": false}, "2108812808": {"name": "sachin c patwardhan", "type": "author", "activity": 16, "h_index": 4, "h5_index": 2, "mag_id": "2108812808", "num_publications": 2, "num_citations": 9, "num_publications_5y": 0, "num_citations_5y": 6, "num_publications_10y": 2, "num_citations_10y": 9, "publications_years": {"2011": 2}, "citations_years": {"2014": 2, "2015": 2, "2016": 1, "2017": 0, "2018": 1, "2012": 1, "2013": 2}, "old_citations": {"2011": 9}, "isVisible": false}, "2110706451": {"name": "qiaoling xu", "type": "author", "activity": 1, "h_index": 2, "h5_index": 0, "mag_id": "2110706451", "num_publications": 2, "num_citations": 5, "num_publications_5y": 0, "num_citations_5y": 2, "num_publications_10y": 2, "num_citations_10y": 3, "publications_years": {"2011": 2}, "citations_years": {"2015": 1, "2016": 0, "2017": 0, "2018": 1, "2019": 0, "2020": 2, "2013": 1}, "old_citations": {"2011": 5}, "isVisible": false}, "2142021032": {"name": "biao huang", "type": "author", "activity": 22, "h_index": 20, "h5_index": 12, "mag_id": "2142021032", "num_publications": 2, "num_citations": 1, "num_publications_5y": 1, "num_citations_5y": 0, "num_publications_10y": 2, "num_citations_10y": 0, "publications_years": {"2011": 1, "2017": 1}, "citations_years": {"2019": 1}, "old_citations": {"2011": 0, "2017": 1}, "isVisible": false}, "2163721350": {"name": "sirish l shah", "type": "author", "activity": 29, "h_index": 19, "h5_index": 4, "mag_id": "2163721350", "num_publications": 2, "num_citations": 6, "num_publications_5y": 1, "num_citations_5y": 3, "num_publications_10y": 2, "num_citations_10y": 6, "publications_years": {"2017": 1, "2011": 1}, "citations_years": {"2012": 1, "2013": 2, "2014": 1, "2015": 1, "2016": 1}, "old_citations": {"2017": 0, "2011": 6}, "isVisible": false}, "2225920072": {"name": "denfeng zhang", "type": "author", "activity": 1, "h_index": 1, "h5_index": 0, "mag_id": "2225920072", "num_publications": 2, "num_citations": 5, "num_publications_5y": 0, "num_citations_5y": 2, "num_publications_10y": 2, "num_citations_10y": 3, "publications_years": {"2011": 2}, "citations_years": {"2015": 1, "2016": 0, "2017": 0, "2018": 1, "2019": 0, "2020": 2, "2013": 1}, "old_citations": {"2011": 5}, "isVisible": false}, "164672984": {"name": "zenta iwai", "type": "author", "activity": 22, "h_index": 9, "h5_index": 0, "mag_id": "164672984", "num_publications": 1, "num_citations": 1, "num_publications_5y": 0, "num_citations_5y": 0, "num_publications_10y": 1, "num_citations_10y": 1, "publications_years": {"2011": 1}, "citations_years": {"2013": 1}, "old_citations": {"2011": 1}, "isVisible": false}, "193070029": {"name": "shima khatibisepehr", "type": "author", "activity": 6, "h_index": 2, "h5_index": 1, "mag_id": "193070029", "num_publications": 1, "num_citations": 0, "num_publications_5y": 0, "num_citations_5y": 0, "num_publications_10y": 1, "num_citations_10y": 0, "publications_years": {"2011": 1}, "citations_years": {}, "old_citations": {"2011": 0}, "isVisible": false}, "372822952": {"name": "m muddu", "type": "author", "activity": 1, "h_index": 1, "h5_index": 0, "mag_id": "372822952", "num_publications": 1, "num_citations": 3, "num_publications_5y": 0, "num_citations_5y": 3, "num_publications_10y": 1, "num_citations_10y": 3, "publications_years": {"2011": 1}, "citations_years": {"2014": 1, "2015": 1, "2016": 0, "2017": 0, "2018": 1}, "old_citations": {"2011": 3}, "isVisible": false}, "382551109": {"name": "r b gopaluni", "type": "author", "activity": 15, "h_index": 4, "h5_index": 0, "mag_id": "382551109", "num_publications": 1, "num_citations": 6, "num_publications_5y": 0, "num_citations_5y": 3, "num_publications_10y": 1, "num_citations_10y": 6, "publications_years": {"2011": 1}, "citations_years": {"2012": 1, "2013": 2, "2014": 1, "2015": 1, "2016": 1}, "old_citations": {"2011": 6}, "isVisible": false}, "1921656420": {"name": "ilung chien", "type": "author", "activity": 2, "h_index": 0, "h5_index": 0, "mag_id": "1921656420", "num_publications": 1, "num_citations": 0, "num_publications_5y": 0, "num_citations_5y": 0, "num_publications_10y": 1, "num_citations_10y": 0, "publications_years": {"2011": 1}, "citations_years": {}, "old_citations": {"2011": 0}, "isVisible": false}, "1966739410": {"name": "minyue fu", "type": "author", "activity": 31, "h_index": 18, "h5_index": 4, "mag_id": "1966739410", "num_publications": 1, "num_citations": 5, "num_publications_5y": 0, "num_citations_5y": 4, "num_publications_10y": 1, "num_citations_10y": 5, "publications_years": {"2011": 1}, "citations_years": {"2013": 1, "2014": 0, "2015": 0, "2016": 1, "2017": 2, "2018": 1}, "old_citations": {"2011": 5}, "isVisible": false}, "1977470313": {"name": "wilson roa", "type": "author", "activity": 5, "h_index": 3, "h5_index": 0, "mag_id": "1977470313", "num_publications": 1, "num_citations": 0, "num_publications_5y": 0, "num_citations_5y": 0, "num_publications_10y": 1, "num_citations_10y": 0, "publications_years": {"2011": 1}, "citations_years": {}, "old_citations": {"2011": 0}, "isVisible": false}, "2024409363": {"name": "yoshihiro ohnishi", "type": "author", "activity": 21, "h_index": 4, "h5_index": 2, "mag_id": "2024409363", "num_publications": 1, "num_citations": 0, "num_publications_5y": 1, "num_citations_5y": 0, "num_publications_10y": 1, "num_citations_10y": 0, "publications_years": {"2017": 1}, "citations_years": {}, "old_citations": {"2017": 0}, "isVisible": false}, "2064477550": {"name": "damian marelli", "type": "author", "activity": 13, "h_index": 4, "h5_index": 2, "mag_id": "2064477550", "num_publications": 1, "num_citations": 5, "num_publications_5y": 0, "num_citations_5y": 4, "num_publications_10y": 1, "num_citations_10y": 5, "publications_years": {"2011": 1}, "citations_years": {"2013": 1, "2014": 0, "2015": 0, "2016": 1, "2017": 2, "2018": 1}, "old_citations": {"2011": 5}, "isVisible": false}, "2072229037": {"name": "shankar narasimhan", "type": "author", "activity": 20, "h_index": 6, "h5_index": 1, "mag_id": "2072229037", "num_publications": 1, "num_citations": 6, "num_publications_5y": 0, "num_citations_5y": 3, "num_publications_10y": 1, "num_citations_10y": 6, "publications_years": {"2011": 1}, "citations_years": {"2012": 1, "2013": 2, "2014": 1, "2015": 1, "2016": 1}, "old_citations": {"2011": 6}, "isVisible": false}, "2078809482": {"name": "jun ji", "type": "author", "activity": 8, "h_index": 2, "h5_index": 0, "mag_id": "2078809482", "num_publications": 1, "num_citations": 1, "num_publications_5y": 0, "num_citations_5y": 0, "num_publications_10y": 1, "num_citations_10y": 1, "publications_years": {"2011": 1}, "citations_years": {"2012": 1}, "old_citations": {"2011": 1}, "isVisible": false}, "2097710297": {"name": "j prakash", "type": "author", "activity": 8, "h_index": 1, "h5_index": 0, "mag_id": "2097710297", "num_publications": 1, "num_citations": 6, "num_publications_5y": 0, "num_citations_5y": 3, "num_publications_10y": 1, "num_citations_10y": 6, "publications_years": {"2011": 1}, "citations_years": {"2012": 1, "2013": 2, "2014": 1, "2015": 1, "2016": 1}, "old_citations": {"2011": 6}, "isVisible": false}, "2099809829": {"name": "takuya kinoshita", "type": "author", "activity": 7, "h_index": 3, "h5_index": 2, "mag_id": "2099809829", "num_publications": 1, "num_citations": 0, "num_publications_5y": 1, "num_citations_5y": 0, "num_publications_10y": 1, "num_citations_10y": 0, "publications_years": {"2017": 1}, "citations_years": {}, "old_citations": {"2017": 0}, "isVisible": false}, "2101914789": {"name": "manabu kano", "type": "author", "activity": 24, "h_index": 9, "h5_index": 4, "mag_id": "2101914789", "num_publications": 1, "num_citations": 0, "num_publications_5y": 1, "num_citations_5y": 0, "num_publications_10y": 1, "num_citations_10y": 0, "publications_years": {"2017": 1}, "citations_years": {}, "old_citations": {"2017": 0}, "isVisible": false}, "2103623588": {"name": "shaoyuan li", "type": "author", "activity": 20, "h_index": 9, "h5_index": 3, "mag_id": "2103623588", "num_publications": 1, "num_citations": 3, "num_publications_5y": 1, "num_citations_5y": 0, "num_publications_10y": 1, "num_citations_10y": 0, "publications_years": {"2017": 1}, "citations_years": {"2019": 1, "2020": 2}, "old_citations": {"2017": 3}, "isVisible": false}, "2111270763": {"name": "haoyeh lee", "type": "author", "activity": 1, "h_index": 0, "h5_index": 0, "mag_id": "2111270763", "num_publications": 1, "num_citations": 0, "num_publications_5y": 0, "num_citations_5y": 0, "num_publications_10y": 1, "num_citations_10y": 0, "publications_years": {"2011": 1}, "citations_years": {}, "old_citations": {"2011": 0}, "isVisible": false}, "2117464348": {"name": "furong gao", "type": "author", "activity": 29, "h_index": 12, "h5_index": 5, "mag_id": "2117464348", "num_publications": 1, "num_citations": 1, "num_publications_5y": 1, "num_citations_5y": 1, "num_publications_10y": 1, "num_citations_10y": 1, "publications_years": {"2017": 1}, "citations_years": {"2018": 1}, "old_citations": {"2017": 1}, "isVisible": false}, "2120022599": {"name": "zhiyong hu", "type": "author", "activity": 1, "h_index": 1, "h5_index": 0, "mag_id": "2120022599", "num_publications": 1, "num_citations": 1, "num_publications_5y": 0, "num_citations_5y": 1, "num_publications_10y": 1, "num_citations_10y": 1, "publications_years": {"2011": 1}, "citations_years": {"2014": 1}, "old_citations": {"2011": 1}, "isVisible": false}, "2120397414": {"name": "hongye su", "type": "author", "activity": 26, "h_index": 15, "h5_index": 8, "mag_id": "2120397414", "num_publications": 1, "num_citations": 1, "num_publications_5y": 0, "num_citations_5y": 0, "num_publications_10y": 1, "num_citations_10y": 0, "publications_years": {"2011": 1}, "citations_years": {"2019": 1}, "old_citations": {"2011": 1}, "isVisible": false}, "2123847253": {"name": "james z xing", "type": "author", "activity": 10, "h_index": 3, "h5_index": 0, "mag_id": "2123847253", "num_publications": 1, "num_citations": 0, "num_publications_5y": 0, "num_citations_5y": 0, "num_publications_10y": 1, "num_citations_10y": 0, "publications_years": {"2011": 1}, "citations_years": {}, "old_citations": {"2011": 0}, "isVisible": false}, "2125933502": {"name": "fadi ibrahim", "type": "author", "activity": 1, "h_index": 0, "h5_index": 0, "mag_id": "2125933502", "num_publications": 1, "num_citations": 0, "num_publications_5y": 0, "num_citations_5y": 0, "num_publications_10y": 1, "num_citations_10y": 0, "publications_years": {"2011": 1}, "citations_years": {}, "old_citations": {"2011": 0}, "isVisible": false}, "2125959521": {"name": "zhe guan", "type": "author", "activity": 7, "h_index": 1, "h5_index": 1, "mag_id": "2125959521", "num_publications": 1, "num_citations": 2, "num_publications_5y": 1, "num_citations_5y": 0, "num_publications_10y": 1, "num_citations_10y": 0, "publications_years": {"2017": 1}, "citations_years": {"2019": 2}, "old_citations": {"2017": 2}, "isVisible": false}, "2135114225": {"name": "shinji hasebe", "type": "author", "activity": 29, "h_index": 6, "h5_index": 0, "mag_id": "2135114225", "num_publications": 1, "num_citations": 0, "num_publications_5y": 1, "num_citations_5y": 0, "num_publications_10y": 1, "num_citations_10y": 0, "publications_years": {"2017": 1}, "citations_years": {}, "old_citations": {"2017": 0}, "isVisible": false}, "2136253873": {"name": "zhonggai zhao", "type": "author", "activity": 7, "h_index": 3, "h5_index": 1, "mag_id": "2136253873", "num_publications": 1, "num_citations": 0, "num_publications_5y": 1, "num_citations_5y": 0, "num_publications_10y": 1, "num_citations_10y": 0, "publications_years": {"2017": 1}, "citations_years": {}, "old_citations": {"2017": 0}, "isVisible": false}, "2140945612": {"name": "liyong xiao", "type": "author", "activity": 3, "h_index": 1, "h5_index": 0, "mag_id": "2140945612", "num_publications": 1, "num_citations": 1, "num_publications_5y": 0, "num_citations_5y": 1, "num_publications_10y": 1, "num_citations_10y": 1, "publications_years": {"2011": 1}, "citations_years": {"2014": 1}, "old_citations": {"2011": 1}, "isVisible": false}, "2142813041": {"name": "sanghong kim", "type": "author", "activity": 2, "h_index": 0, "h5_index": 0, "mag_id": "2142813041", "num_publications": 1, "num_citations": 0, "num_publications_5y": 1, "num_citations_5y": 0, "num_publications_10y": 1, "num_citations_10y": 0, "publications_years": {"2017": 1}, "citations_years": {}, "old_citations": {"2017": 0}, "isVisible": false}, "2150674196": {"name": "xin tai", "type": "author", "activity": 5, "h_index": 2, "h5_index": 0, "mag_id": "2150674196", "num_publications": 1, "num_citations": 5, "num_publications_5y": 0, "num_citations_5y": 4, "num_publications_10y": 1, "num_citations_10y": 5, "publications_years": {"2011": 1}, "citations_years": {"2013": 1, "2014": 0, "2015": 0, "2016": 1, "2017": 2, "2018": 1}, "old_citations": {"2011": 5}, "isVisible": false}, "2154234852": {"name": "yi zheng", "type": "author", "activity": 10, "h_index": 4, "h5_index": 3, "mag_id": "2154234852", "num_publications": 1, "num_citations": 3, "num_publications_5y": 1, "num_citations_5y": 0, "num_publications_10y": 1, "num_citations_10y": 0, "publications_years": {"2017": 1}, "citations_years": {"2019": 1, "2020": 2}, "old_citations": {"2017": 3}, "isVisible": false}, "2154755167": {"name": "liqun shen", "type": "author", "activity": 7, "h_index": 1, "h5_index": 1, "mag_id": "2154755167", "num_publications": 1, "num_citations": 0, "num_publications_5y": 0, "num_citations_5y": 0, "num_publications_10y": 1, "num_citations_10y": 0, "publications_years": {"2011": 1}, "citations_years": {}, "old_citations": {"2011": 0}, "isVisible": false}, "2156100607": {"name": "zukui li", "type": "author", "activity": 11, "h_index": 2, "h5_index": 1, "mag_id": "2156100607", "num_publications": 1, "num_citations": 0, "num_publications_5y": 1, "num_citations_5y": 0, "num_publications_10y": 1, "num_citations_10y": 0, "publications_years": {"2017": 1}, "citations_years": {}, "old_citations": {"2017": 0}, "isVisible": false}, "2156256271": {"name": "yuanlin lin", "type": "author", "activity": 1, "h_index": 0, "h5_index": 0, "mag_id": "2156256271", "num_publications": 1, "num_citations": 0, "num_publications_5y": 0, "num_citations_5y": 0, "num_publications_10y": 1, "num_citations_10y": 0, "publications_years": {"2011": 1}, "citations_years": {}, "old_citations": {"2011": 0}, "isVisible": false}, "2158884351": {"name": "yotaro fujimoto", "type": "author", "activity": 2, "h_index": 2, "h5_index": 0, "mag_id": "2158884351", "num_publications": 1, "num_citations": 1, "num_publications_5y": 0, "num_citations_5y": 0, "num_publications_10y": 1, "num_citations_10y": 1, "publications_years": {"2011": 1}, "citations_years": {"2013": 1}, "old_citations": {"2011": 1}, "isVisible": false}, "2159119416": {"name": "taro takagi", "type": "author", "activity": 8, "h_index": 4, "h5_index": 1, "mag_id": "2159119416", "num_publications": 1, "num_citations": 0, "num_publications_5y": 1, "num_citations_5y": 0, "num_publications_10y": 1, "num_citations_10y": 0, "publications_years": {"2017": 1}, "citations_years": {}, "old_citations": {"2017": 0}, "isVisible": false}, "2159933884": {"name": "hsiaoping huang", "type": "author", "activity": 11, "h_index": 2, "h5_index": 0, "mag_id": "2159933884", "num_publications": 1, "num_citations": 0, "num_publications_5y": 0, "num_citations_5y": 0, "num_publications_10y": 1, "num_citations_10y": 0, "publications_years": {"2011": 1}, "citations_years": {}, "old_citations": {"2011": 0}, "isVisible": false}, "2166203093": {"name": "shin wakitani", "type": "author", "activity": 9, "h_index": 4, "h5_index": 2, "mag_id": "2166203093", "num_publications": 1, "num_citations": 2, "num_publications_5y": 1, "num_citations_5y": 0, "num_publications_10y": 1, "num_citations_10y": 0, "publications_years": {"2017": 1}, "citations_years": {"2019": 2}, "old_citations": {"2017": 2}, "isVisible": false}, "2168932403": {"name": "edgar c tamayo", "type": "author", "activity": 1, "h_index": 0, "h5_index": 0, "mag_id": "2168932403", "num_publications": 1, "num_citations": 0, "num_publications_5y": 0, "num_citations_5y": 0, "num_publications_10y": 1, "num_citations_10y": 0, "publications_years": {"2011": 1}, "citations_years": {}, "old_citations": {"2011": 0}, "isVisible": false}, "2214050427": {"name": "jonathan currie", "type": "author", "activity": 11, "h_index": 4, "h5_index": 1, "mag_id": "2214050427", "num_publications": 1, "num_citations": 1, "num_publications_5y": 1, "num_citations_5y": 1, "num_publications_10y": 1, "num_citations_10y": 1, "publications_years": {"2017": 1}, "citations_years": {"2018": 1}, "old_citations": {"2017": 1}, "isVisible": false}, "2231999363": {"name": "seiya fujii", "type": "author", "activity": 5, "h_index": 3, "h5_index": 2, "mag_id": "2231999363", "num_publications": 1, "num_citations": 2, "num_publications_5y": 1, "num_citations_5y": 1, "num_publications_10y": 1, "num_citations_10y": 1, "publications_years": {"2017": 1}, "citations_years": {"2018": 1, "2019": 1}, "old_citations": {"2017": 2}, "isVisible": false}, "2240558724": {"name": "yan ping hong", "type": "author", "activity": 1, "h_index": 0, "h5_index": 0, "mag_id": "2240558724", "num_publications": 1, "num_citations": 0, "num_publications_5y": 0, "num_citations_5y": 0, "num_publications_10y": 1, "num_citations_10y": 0, "publications_years": {"2011": 1}, "citations_years": {}, "old_citations": {"2011": 0}, "isVisible": false}, "2275766703": {"name": "xiong xiong he", "type": "author", "activity": 1, "h_index": 0, "h5_index": 0, "mag_id": "2275766703", "num_publications": 1, "num_citations": 0, "num_publications_5y": 0, "num_citations_5y": 0, "num_publications_10y": 1, "num_citations_10y": 0, "publications_years": {"2011": 1}, "citations_years": {}, "old_citations": {"2011": 0}, "isVisible": false}, "2281037228": {"name": "mao wang", "type": "author", "activity": 3, "h_index": 1, "h5_index": 0, "mag_id": "2281037228", "num_publications": 1, "num_citations": 0, "num_publications_5y": 0, "num_citations_5y": 0, "num_publications_10y": 1, "num_citations_10y": 0, "publications_years": {"2011": 1}, "citations_years": {}, "old_citations": {"2011": 0}, "isVisible": false}, "2306221521": {"name": "da zheng", "type": "author", "activity": 1, "h_index": 0, "h5_index": 0, "mag_id": "2306221521", "num_publications": 1, "num_citations": 0, "num_publications_5y": 0, "num_citations_5y": 0, "num_publications_10y": 1, "num_citations_10y": 0, "publications_years": {"2011": 1}, "citations_years": {}, "old_citations": {"2011": 0}, "isVisible": false}, "2308974846": {"name": "hugues garnier", "type": "author", "activity": 23, "h_index": 17, "h5_index": 2, "mag_id": "2308974846", "num_publications": 1, "num_citations": 5, "num_publications_5y": 0, "num_citations_5y": 3, "num_publications_10y": 1, "num_citations_10y": 5, "publications_years": {"2011": 1}, "citations_years": {"2012": 2, "2013": 0, "2014": 1, "2015": 1, "2016": 0, "2017": 1}, "old_citations": {"2011": 5}, "isVisible": false}, "2398749716": {"name": "chee siang ho", "type": "author", "activity": 1, "h_index": 1, "h5_index": 0, "mag_id": "2398749716", "num_publications": 1, "num_citations": 2, "num_publications_5y": 0, "num_citations_5y": 1, "num_publications_10y": 1, "num_citations_10y": 2, "publications_years": {"2011": 1}, "citations_years": {"2012": 1, "2013": 0, "2014": 0, "2015": 0, "2016": 0, "2017": 1}, "old_citations": {"2011": 2}, "isVisible": false}, "2428493232": {"name": "yan qin", "type": "author", "activity": 1, "h_index": 1, "h5_index": 1, "mag_id": "2428493232", "num_publications": 1, "num_citations": 1, "num_publications_5y": 1, "num_citations_5y": 1, "num_publications_10y": 1, "num_citations_10y": 1, "publications_years": {"2017": 1}, "citations_years": {"2018": 1}, "old_citations": {"2017": 1}, "isVisible": false}, "2505108326": {"name": "j richalet", "type": "author", "activity": 1, "h_index": 1, "h5_index": 0, "mag_id": "2505108326", "num_publications": 1, "num_citations": 6, "num_publications_5y": 0, "num_citations_5y": 4, "num_publications_10y": 1, "num_citations_10y": 5, "publications_years": {"2011": 1}, "citations_years": {"2013": 1, "2014": 0, "2015": 1, "2016": 0, "2017": 2, "2018": 1, "2019": 0, "2020": 1}, "old_citations": {"2011": 6}, "isVisible": false}, "2562987597": {"name": "jose ragot", "type": "author", "activity": 30, "h_index": 18, "h5_index": 2, "mag_id": "2562987597", "num_publications": 1, "num_citations": 0, "num_publications_5y": 0, "num_citations_5y": 0, "num_publications_10y": 1, "num_citations_10y": 0, "publications_years": {"2011": 1}, "citations_years": {}, "old_citations": {"2011": 0}, "isVisible": false}, "2604156506": {"name": "fei liu", "type": "author", "activity": 13, "h_index": 11, "h5_index": 6, "mag_id": "2604156506", "num_publications": 1, "num_citations": 0, "num_publications_5y": 1, "num_citations_5y": 0, "num_publications_10y": 1, "num_citations_10y": 0, "publications_years": {"2017": 1}, "citations_years": {}, "old_citations": {"2017": 0}, "isVisible": false}, "2618250868": {"name": "wei yu", "type": "author", "activity": 11, "h_index": 3, "h5_index": 1, "mag_id": "2618250868", "num_publications": 1, "num_citations": 1, "num_publications_5y": 1, "num_citations_5y": 1, "num_publications_10y": 1, "num_citations_10y": 1, "publications_years": {"2017": 1}, "citations_years": {"2018": 1}, "old_citations": {"2017": 1}, "isVisible": false}, "2624376054": {"name": "chunhui zhao", "type": "author", "activity": 15, "h_index": 8, "h5_index": 5, "mag_id": "2624376054", "num_publications": 1, "num_citations": 1, "num_publications_5y": 1, "num_citations_5y": 1, "num_publications_10y": 1, "num_citations_10y": 1, "publications_years": {"2017": 1}, "citations_years": {"2018": 1}, "old_citations": {"2017": 1}, "isVisible": false}, "2628917994": {"name": "d odonovan", "type": "author", "activity": 1, "h_index": 1, "h5_index": 0, "mag_id": "2628917994", "num_publications": 1, "num_citations": 6, "num_publications_5y": 0, "num_citations_5y": 4, "num_publications_10y": 1, "num_citations_10y": 5, "publications_years": {"2011": 1}, "citations_years": {"2013": 1, "2014": 0, "2015": 1, "2016": 0, "2017": 2, "2018": 1, "2019": 0, "2020": 1}, "old_citations": {"2011": 6}, "isVisible": false}, "2635766462": {"name": "tianyou chai", "type": "author", "activity": 1, "h_index": 1, "h5_index": 0, "mag_id": "2635766462", "num_publications": 1, "num_citations": 1, "num_publications_5y": 0, "num_citations_5y": 1, "num_publications_10y": 1, "num_citations_10y": 1, "publications_years": {"2011": 1}, "citations_years": {"2014": 1}, "old_citations": {"2011": 1}, "isVisible": false}, "2648081697": {"name": "p loganathan", "type": "author", "activity": 1, "h_index": 1, "h5_index": 0, "mag_id": "2648081697", "num_publications": 1, "num_citations": 2, "num_publications_5y": 0, "num_citations_5y": 1, "num_publications_10y": 1, "num_citations_10y": 2, "publications_years": {"2011": 1}, "citations_years": {"2012": 1, "2013": 0, "2014": 0, "2015": 0, "2016": 0, "2017": 1}, "old_citations": {"2011": 2}, "isVisible": false}, "2650134540": {"name": "zhengyun ren", "type": "author", "activity": 1, "h_index": 0, "h5_index": 0, "mag_id": "2650134540", "num_publications": 1, "num_citations": 0, "num_publications_5y": 0, "num_citations_5y": 0, "num_publications_10y": 1, "num_citations_10y": 0, "publications_years": {"2011": 1}, "citations_years": {}, "old_citations": {"2011": 0}, "isVisible": false}, "2651498884": {"name": "yingwei zhang", "type": "author", "activity": 16, "h_index": 6, "h5_index": 3, "mag_id": "2651498884", "num_publications": 1, "num_citations": 1, "num_publications_5y": 0, "num_citations_5y": 1, "num_publications_10y": 1, "num_citations_10y": 1, "publications_years": {"2011": 1}, "citations_years": {"2014": 1}, "old_citations": {"2011": 1}, "isVisible": false}, "2669130174": {"name": "qinghong shen", "type": "author", "activity": 1, "h_index": 1, "h5_index": 0, "mag_id": "2669130174", "num_publications": 1, "num_citations": 1, "num_publications_5y": 0, "num_citations_5y": 0, "num_publications_10y": 1, "num_citations_10y": 0, "publications_years": {"2011": 1}, "citations_years": {"2019": 1}, "old_citations": {"2011": 1}, "isVisible": false}, "2679040123": {"name": "hao ran lee", "type": "author", "activity": 1, "h_index": 1, "h5_index": 0, "mag_id": "2679040123", "num_publications": 1, "num_citations": 2, "num_publications_5y": 0, "num_citations_5y": 1, "num_publications_10y": 1, "num_citations_10y": 2, "publications_years": {"2011": 1}, "citations_years": {"2012": 1, "2013": 0, "2014": 0, "2015": 0, "2016": 0, "2017": 1}, "old_citations": {"2011": 2}, "isVisible": false}, "2688887023": {"name": "yanling wei", "type": "author", "activity": 1, "h_index": 0, "h5_index": 0, "mag_id": "2688887023", "num_publications": 1, "num_citations": 0, "num_publications_5y": 0, "num_citations_5y": 0, "num_publications_10y": 1, "num_citations_10y": 0, "publications_years": {"2011": 1}, "citations_years": {}, "old_citations": {"2011": 0}, "isVisible": false}, "2695647431": {"name": "s lakshminarayanan", "type": "author", "activity": 1, "h_index": 1, "h5_index": 0, "mag_id": "2695647431", "num_publications": 1, "num_citations": 2, "num_publications_5y": 0, "num_citations_5y": 1, "num_publications_10y": 1, "num_citations_10y": 2, "publications_years": {"2011": 1}, "citations_years": {"2012": 1, "2013": 0, "2014": 0, "2015": 0, "2016": 0, "2017": 1}, "old_citations": {"2011": 2}, "isVisible": false}, "2695813879": {"name": "dazi li", "type": "author", "activity": 3, "h_index": 1, "h5_index": 1, "mag_id": "2695813879", "num_publications": 1, "num_citations": 0, "num_publications_5y": 1, "num_citations_5y": 0, "num_publications_10y": 1, "num_citations_10y": 0, "publications_years": {"2017": 1}, "citations_years": {}, "old_citations": {"2017": 0}, "isVisible": false}, "2718560764": {"name": "yu miao", "type": "author", "activity": 1, "h_index": 1, "h5_index": 0, "mag_id": "2718560764", "num_publications": 1, "num_citations": 1, "num_publications_5y": 0, "num_citations_5y": 1, "num_publications_10y": 1, "num_citations_10y": 1, "publications_years": {"2011": 1}, "citations_years": {"2014": 1}, "old_citations": {"2011": 1}, "isVisible": false}, "2719498688": {"name": "kun chen", "type": "author", "activity": 2, "h_index": 1, "h5_index": 0, "mag_id": "2719498688", "num_publications": 1, "num_citations": 1, "num_publications_5y": 0, "num_citations_5y": 0, "num_publications_10y": 1, "num_citations_10y": 1, "publications_years": {"2011": 1}, "citations_years": {"2012": 1}, "old_citations": {"2011": 1}, "isVisible": false}, "2721811419": {"name": "diancai yang", "type": "author", "activity": 1, "h_index": 1, "h5_index": 0, "mag_id": "2721811419", "num_publications": 1, "num_citations": 1, "num_publications_5y": 0, "num_citations_5y": 0, "num_publications_10y": 1, "num_citations_10y": 1, "publications_years": {"2011": 1}, "citations_years": {"2012": 1}, "old_citations": {"2011": 1}, "isVisible": false}, "2723861016": {"name": "dong ya zhao", "type": "author", "activity": 1, "h_index": 0, "h5_index": 0, "mag_id": "2723861016", "num_publications": 1, "num_citations": 0, "num_publications_5y": 0, "num_citations_5y": 0, "num_publications_10y": 1, "num_citations_10y": 0, "publications_years": {"2011": 1}, "citations_years": {}, "old_citations": {"2011": 0}, "isVisible": false}, "2736383543": {"name": "madhav mantri", "type": "author", "activity": 1, "h_index": 0, "h5_index": 0, "mag_id": "2736383543", "num_publications": 1, "num_citations": 0, "num_publications_5y": 1, "num_citations_5y": 0, "num_publications_10y": 1, "num_citations_10y": 0, "publications_years": {"2017": 1}, "citations_years": {}, "old_citations": {"2017": 0}, "isVisible": false}, "2736399096": {"name": "matthew mitchell", "type": "author", "activity": 1, "h_index": 1, "h5_index": 1, "mag_id": "2736399096", "num_publications": 1, "num_citations": 1, "num_publications_5y": 1, "num_citations_5y": 1, "num_publications_10y": 1, "num_citations_10y": 1, "publications_years": {"2017": 1}, "citations_years": {"2018": 1}, "old_citations": {"2017": 1}, "isVisible": false}, "2737139971": {"name": "minoru ito", "type": "author", "activity": 1, "h_index": 0, "h5_index": 0, "mag_id": "2737139971", "num_publications": 1, "num_citations": 0, "num_publications_5y": 1, "num_citations_5y": 0, "num_publications_10y": 1, "num_citations_10y": 0, "publications_years": {"2017": 1}, "citations_years": {}, "old_citations": {"2017": 0}, "isVisible": false}, "2737501357": {"name": "yaru yang", "type": "author", "activity": 1, "h_index": 1, "h5_index": 1, "mag_id": "2737501357", "num_publications": 1, "num_citations": 3, "num_publications_5y": 1, "num_citations_5y": 0, "num_publications_10y": 1, "num_citations_10y": 0, "publications_years": {"2017": 1}, "citations_years": {"2019": 1, "2020": 2}, "old_citations": {"2017": 3}, "isVisible": false}, "2737699907": {"name": "frost xu", "type": "author", "activity": 1, "h_index": 0, "h5_index": 0, "mag_id": "2737699907", "num_publications": 1, "num_citations": 0, "num_publications_5y": 1, "num_citations_5y": 0, "num_publications_10y": 1, "num_citations_10y": 0, "publications_years": {"2017": 1}, "citations_years": {}, "old_citations": {"2017": 0}, "isVisible": false}, "2738007532": {"name": "pengcheng qi", "type": "author", "activity": 1, "h_index": 0, "h5_index": 0, "mag_id": "2738007532", "num_publications": 1, "num_citations": 0, "num_publications_5y": 1, "num_citations_5y": 0, "num_publications_10y": 1, "num_citations_10y": 0, "publications_years": {"2017": 1}, "citations_years": {}, "old_citations": {"2017": 0}, "isVisible": false}, "2738041143": {"name": "xiao wang", "type": "author", "activity": 1, "h_index": 1, "h5_index": 1, "mag_id": "2738041143", "num_publications": 1, "num_citations": 3, "num_publications_5y": 1, "num_citations_5y": 0, "num_publications_10y": 1, "num_citations_10y": 0, "publications_years": {"2017": 1}, "citations_years": {"2019": 1, "2020": 2}, "old_citations": {"2017": 3}, "isVisible": false}, "2738445731": {"name": "zhiyin liu", "type": "author", "activity": 1, "h_index": 0, "h5_index": 0, "mag_id": "2738445731", "num_publications": 1, "num_citations": 0, "num_publications_5y": 1, "num_citations_5y": 0, "num_publications_10y": 1, "num_citations_10y": 0, "publications_years": {"2017": 1}, "citations_years": {}, "old_citations": {"2017": 0}, "isVisible": false}, "2738646313": {"name": "naoki okayama", "type": "author", "activity": 1, "h_index": 0, "h5_index": 0, "mag_id": "2738646313", "num_publications": 1, "num_citations": 0, "num_publications_5y": 1, "num_citations_5y": 0, "num_publications_10y": 1, "num_citations_10y": 0, "publications_years": {"2017": 1}, "citations_years": {}, "old_citations": {"2017": 0}, "isVisible": false}, "2738856974": {"name": "shunyi zhao", "type": "author", "activity": 1, "h_index": 1, "h5_index": 1, "mag_id": "2738856974", "num_publications": 1, "num_citations": 1, "num_publications_5y": 1, "num_citations_5y": 0, "num_publications_10y": 1, "num_citations_10y": 0, "publications_years": {"2017": 1}, "citations_years": {"2019": 1}, "old_citations": {"2017": 1}, "isVisible": false}, "2739365711": {"name": "qibing jin", "type": "author", "activity": 1, "h_index": 0, "h5_index": 0, "mag_id": "2739365711", "num_publications": 1, "num_citations": 0, "num_publications_5y": 1, "num_citations_5y": 0, "num_publications_10y": 1, "num_citations_10y": 0, "publications_years": {"2017": 1}, "citations_years": {}, "old_citations": {"2017": 0}, "isVisible": false}, "2777519693": {"name": "tao zou", "type": "author", "activity": 9, "h_index": 1, "h5_index": 0, "mag_id": "2777519693", "num_publications": 1, "num_citations": 0, "num_publications_5y": 0, "num_citations_5y": 0, "num_publications_10y": 1, "num_citations_10y": 0, "publications_years": {"2011": 1}, "citations_years": {}, "old_citations": {"2011": 0}, "isVisible": false}, "2806362341": {"name": "isuru a udugama", "type": "author", "activity": 6, "h_index": 1, "h5_index": 1, "mag_id": "2806362341", "num_publications": 1, "num_citations": 1, "num_publications_5y": 1, "num_citations_5y": 1, "num_publications_10y": 1, "num_citations_10y": 1, "publications_years": {"2017": 1}, "citations_years": {"2018": 1}, "old_citations": {"2017": 1}, "isVisible": false}, "2893180762": {"name": "chengliang chen", "type": "author", "activity": 1, "h_index": 0, "h5_index": 0, "mag_id": "2893180762", "num_publications": 1, "num_citations": 0, "num_publications_5y": 0, "num_citations_5y": 0, "num_publications_10y": 1, "num_citations_10y": 0, "publications_years": {"2011": 1}, "citations_years": {}, "old_citations": {"2011": 0}, "isVisible": false}, "2893347182": {"name": "hongye su", "type": "author", "activity": 1, "h_index": 1, "h5_index": 0, "mag_id": "2893347182", "num_publications": 1, "num_citations": 1, "num_publications_5y": 0, "num_citations_5y": 1, "num_publications_10y": 1, "num_citations_10y": 1, "publications_years": {"2011": 1}, "citations_years": {"2014": 1}, "old_citations": {"2011": 1}, "isVisible": false}, "2955743981": {"name": "haiqing wang", "type": "author", "activity": 9, "h_index": 3, "h5_index": 0, "mag_id": "2955743981", "num_publications": 1, "num_citations": 1, "num_publications_5y": 0, "num_citations_5y": 0, "num_publications_10y": 1, "num_citations_10y": 1, "publications_years": {"2011": 1}, "citations_years": {"2012": 1}, "old_citations": {"2011": 1}, "isVisible": false}, "2992509840": {"name": "hiroshi harada", "type": "author", "activity": 27, "h_index": 6, "h5_index": 0, "mag_id": "2992509840", "num_publications": 1, "num_citations": 1, "num_publications_5y": 0, "num_citations_5y": 0, "num_publications_10y": 1, "num_citations_10y": 1, "publications_years": {"2011": 1}, "citations_years": {"2013": 1}, "old_citations": {"2011": 1}, "isVisible": false}}, "countries": {"China": {"name": "China", "type": "country", "h5_index": 214, "num_publications": 15, "num_citations": 18, "num_publications_5y": 5, "num_citations_5y": 9, "num_publications_10y": 15, "num_citations_10y": 12, "publications_years": {"2011": 10, "2017": 5}, "citations_years": {"2014": 2, "2012": 1, "2015": 1, "2016": 1, "2017": 2, "2018": 3, "2019": 2, "2020": 4, "2013": 2}, "old_citations": {"2011": 14, "2017": 4}, "isVisible": false}, "Canada": {"name": "Canada", "type": "country", "h5_index": 128, "num_publications": 6, "num_citations": 7, "num_publications_5y": 3, "num_citations_5y": 3, "num_publications_10y": 6, "num_citations_10y": 6, "publications_years": {"2011": 3, "2017": 3}, "citations_years": {"2019": 1, "2012": 1, "2013": 2, "2014": 1, "2015": 1, "2016": 1}, "old_citations": {"2011": 6, "2017": 1}, "isVisible": false}, "Japan": {"name": "Japan", "type": "country", "h5_index": 94, "num_publications": 6, "num_citations": 5, "num_publications_5y": 5, "num_citations_5y": 1, "num_publications_10y": 6, "num_citations_10y": 2, "publications_years": {"2011": 1, "2017": 5}, "citations_years": {"2013": 1, "2018": 1, "2019": 3}, "old_citations": {"2011": 1, "2017": 4}, "isVisible": false}, "India": {"name": "India", "type": "country", "h5_index": 78, "num_publications": 2, "num_citations": 9, "num_publications_5y": 0, "num_citations_5y": 6, "num_publications_10y": 2, "num_citations_10y": 9, "publications_years": {"2011": 2}, "citations_years": {"2014": 2, "2015": 2, "2016": 1, "2017": 0, "2018": 1, "2012": 1, "2013": 2}, "old_citations": {"2011": 9}, "isVisible": false}, "Australia": {"name": "Australia", "type": "country", "h5_index": 141, "num_publications": 1, "num_citations": 5, "num_publications_5y": 0, "num_citations_5y": 4, "num_publications_10y": 1, "num_citations_10y": 5, "publications_years": {"2011": 1}, "citations_years": {"2013": 1, "2014": 0, "2015": 0, "2016": 1, "2017": 2, "2018": 1}, "old_citations": {"2011": 5}, "isVisible": false}, "France": {"name": "France", "type": "country", "h5_index": 99, "num_publications": 1, "num_citations": 5, "num_publications_5y": 0, "num_citations_5y": 3, "num_publications_10y": 1, "num_citations_10y": 5, "publications_years": {"2011": 1}, "citations_years": {"2012": 2, "2013": 0, "2014": 1, "2015": 1, "2016": 0, "2017": 1}, "old_citations": {"2011": 5}, "isVisible": false}, "Ireland": {"name": "Ireland", "type": "country", "h5_index": 50, "num_publications": 1, "num_citations": 6, "num_publications_5y": 0, "num_citations_5y": 4, "num_publications_10y": 1, "num_citations_10y": 5, "publications_years": {"2011": 1}, "citations_years": {"2013": 1, "2014": 0, "2015": 1, "2016": 0, "2017": 2, "2018": 1, "2019": 0, "2020": 1}, "old_citations": {"2011": 6}, "isVisible": false}, "New Zealand": {"name": "New Zealand", "type": "country", "h5_index": 49, "num_publications": 1, "num_citations": 1, "num_publications_5y": 1, "num_citations_5y": 1, "num_publications_10y": 1, "num_citations_10y": 1, "publications_years": {"2017": 1}, "citations_years": {"2018": 1}, "old_citations": {"2017": 1}, "isVisible": false}, "Singapore": {"name": "Singapore", "type": "country", "h5_index": 105, "num_publications": 1, "num_citations": 2, "num_publications_5y": 0, "num_citations_5y": 1, "num_publications_10y": 1, "num_citations_10y": 2, "publications_years": {"2011": 1}, "citations_years": {"2012": 1, "2013": 0, "2014": 0, "2015": 0, "2016": 0, "2017": 1}, "old_citations": {"2011": 2}, "isVisible": false}, "Taiwan": {"name": "Taiwan", "type": "country", "h5_index": 69, "num_publications": 1, "num_citations": 0, "num_publications_5y": 0, "num_citations_5y": 0, "num_publications_10y": 1, "num_citations_10y": 0, "publications_years": {"2011": 1}, "citations_years": {}, "old_citations": {"2011": 0}, "isVisible": false}, "United States": {"name": "United States", "type": "country", "h5_index": 308, "num_publications": 1, "num_citations": 1, "num_publications_5y": 0, "num_citations_5y": 1, "num_publications_10y": 1, "num_citations_10y": 1, "publications_years": {"2011": 1}, "citations_years": {"2014": 1}, "old_citations": {"2011": 1}, "isVisible": false}}, "industrial_sectors": {"energy": {"name": "energy", "type": "industrial sector", "h5_index": 24, "num_publications": 1, "num_citations": 0, "num_publications_5y": 0, "num_citations_5y": 0, "num_publications_10y": 1, "num_citations_10y": 0, "publications_years": {"2011": 1}, "citations_years": {}, "old_citations": {"2011": 0}, "isVisible": false}, "oil_and_gas_industry": {"name": "oil_and_gas_industry", "type": "industrial sector", "h5_index": 17, "num_publications": 1, "num_citations": 0, "num_publications_5y": 0, "num_citations_5y": 0, "num_publications_10y": 1, "num_citations_10y": 0, "publications_years": {"2011": 1}, "citations_years": {}, "old_citations": {"2011": 0}, "isVisible": false}}}, "conference_comparison": {"computer science": {}}, "topics_dna": {"publications": {}, "citations": {"normalized": {}, "average": {}}}, "info": {"num_publications": 31, "num_citations": 47.0, "impact_factor": {"2013": 0.3157894736842105, "2014": 0, "2015": 0, "2016": 0, "2017": 0}, "publications_years": {"2011": 19, "2017": 12}, "citations_years": {"2012": 5, "2013": 6, "2014": 5, "2015": 5, "2016": 2, "2017": 6, "2018": 7, "2019": 6, "2020": 5}, "old_citations": {"2011": 37, "2017": 10}, "h5_index": 2}, "percentile": {"computer science": {"2011": 56, "2017": 64}}, "conference_ranking": {"computer science": {"2011": 1844, "2017": 1523}}, "academia": {"num_publications": 26, "num_citations": 30, "publications_years": {"2011": 14, "2012": 0, "2013": 0, "2014": 0, "2015": 0, "2016": 0, "2017": 12}, "old_citations": {"2011": 20, "2012": 0, "2013": 0, "2014": 0, "2015": 0, "2016": 0, "2017": 10}, "num_publications_5y": 12, "num_citations_5y": 10, "num_publications_10y": 26, "num_citations_10y": 30}, "industry": {"num_publications": 0, "num_citations": 0, "publications_years": {}, "old_citations": {}, "num_publications_5y": 0, "num_citations_5y": 0, "num_publications_10y": 0, "num_citations_10y": 0}, "collaborative": {"num_publications": 1, "num_citations": 0, "publications_years": {"2011": 1}, "old_citations": {"2011": 0}, "num_publications_5y": 0, "num_citations_5y": 0, "num_publications_10y": 1, "num_citations_10y": 0}, "conferences": {}, "journals": {}, "organizations": {"publication_overall": ["University of Alberta", "Zhejiang University", "Kumamoto University", "Fuzhou University", "Hiroshima University", "Indian Institute of Technology Bombay", "Nanjing University of Science and Technology", "Auckland University of Technology", "Beijing University of Chemical Technology", "China University of Petroleum, Beijing", "Cork Institute of Technology", "Dalian University of Technology", "Donghua University", "French National Centre for Scientific Research", "Harbin Institute of Technology", "Hong Kong University of Science and Technology", "Indian Institute of Technology Madras", "Jiangnan University", "Kyoto University", "Lanzhou University of Technology", "National Taiwan University", "National University of Singapore", "Northeastern University", "Shanghai Jiao Tong University", "Syncrude (Canada)", "University of Auckland", "University of British Columbia", "University of Newcastle Australia", "Zhejiang University of Technology"], "citation_overall": ["Indian Institute of Technology Bombay", "Zhejiang University", "University of Alberta", "Cork Institute of Technology", "Indian Institute of Technology Madras", "University of British Columbia", "French National Centre for Scientific Research", "Fuzhou University", "Kumamoto University", "Nanjing University of Science and Technology", "University of Newcastle Australia", "Shanghai Jiao Tong University", "Hiroshima University", "National University of Singapore", "Auckland University of Technology", "Dalian University of Technology", "Hong Kong University of Science and Technology", "Lanzhou University of Technology", "Northeastern University", "University of Auckland", "Beijing University of Chemical Technology", "China University of Petroleum, Beijing", "Donghua University", "Harbin Institute of Technology", "Jiangnan University", "Kyoto University", "National Taiwan University", "Syncrude (Canada)", "Zhejiang University of Technology"], "publication_10_years": ["University of Alberta", "Zhejiang University", "Kumamoto University", "Fuzhou University", "Hiroshima University", "Indian Institute of Technology Bombay", "Nanjing University of Science and Technology", "Auckland University of Technology", "Beijing University of Chemical Technology", "China University of Petroleum, Beijing", "Cork Institute of Technology", "Dalian University of Technology", "Donghua University", "French National Centre for Scientific Research", "Harbin Institute of Technology", "Hong Kong University of Science and Technology", "Indian Institute of Technology Madras", "Jiangnan University", "Kyoto University", "Lanzhou University of Technology", "National Taiwan University", "National University of Singapore", "Northeastern University", "Shanghai Jiao Tong University", "Syncrude (Canada)", "University of Auckland", "University of British Columbia", "University of Newcastle Australia", "Zhejiang University of Technology"], "citation_10_years": ["Indian Institute of Technology Bombay", "Zhejiang University", "University of Alberta", "Cork Institute of Technology", "Indian Institute of Technology Madras", "University of British Columbia", "French National Centre for Scientific Research", "Fuzhou University", "Kumamoto University", "Nanjing University of Science and Technology", "University of Newcastle Australia", "Shanghai Jiao Tong University", "Hiroshima University", "National University of Singapore", "Auckland University of Technology", "Dalian University of Technology", "Hong Kong University of Science and Technology", "Lanzhou University of Technology", "Northeastern University", "University of Auckland", "Beijing University of Chemical Technology", "China University of Petroleum, Beijing", "Donghua University", "Harbin Institute of Technology", "Jiangnan University", "Kyoto University", "National Taiwan University", "Syncrude (Canada)", "Zhejiang University of Technology"], "publication_5_years": ["Kumamoto University", "University of Alberta", "Hiroshima University", "Zhejiang University", "Auckland University of Technology", "Beijing University of Chemical Technology", "Hong Kong University of Science and Technology", "Jiangnan University", "Kyoto University", "Shanghai Jiao Tong University", "University of Auckland"], "citation_5_years": ["Kumamoto University", "Shanghai Jiao Tong University", "Hiroshima University", "Auckland University of Technology", "Hong Kong University of Science and Technology", "University of Alberta", "University of Auckland", "Zhejiang University", "Beijing University of Chemical Technology", "Jiangnan University", "Kyoto University"]}, "countries": {"publication_overall": ["China", "Canada", "Japan", "India", "Australia", "France", "Ireland", "New Zealand", "Singapore", "Taiwan", "United States"], "citation_overall": ["China", "India", "Canada", "Ireland", "Australia", "France", "Japan", "Singapore", "New Zealand", "United States", "Taiwan"], "publication_10_years": ["China", "Canada", "Japan", "India", "Australia", "France", "Ireland", "New Zealand", "Singapore", "Taiwan", "United States"], "citation_10_years": ["China", "India", "Canada", "Ireland", "Australia", "France", "Japan", "Singapore", "New Zealand", "United States", "Taiwan"], "publication_5_years": ["China", "Japan", "Canada", "New Zealand"], "citation_5_years": ["China", "Japan", "Canada", "New Zealand"]}, "topics": {"publication_overall": ["computer science", "computer systems", "mathematics", "engineering", "artificial intelligence", "automation", "process control", "matrix algebra", "control systems", "correlation analysis", "adaptive control systems", "linear matrix inequalities", "numerical model", "computer hardware", "signal processing", "communication systems", "computer networks", "numerical methods", "sensors", "telecommunication systems"], "citation_overall": ["computer science", "mathematics", "engineering", "computer systems", "automation", "process control", "matrix algebra", "artificial intelligence", "linear matrix inequalities", "numerical model", "control systems", "correlation analysis", "adaptive control systems", "estimation method", "optimization", "probability", "control theory", "feedback systems", "nonlinear control systems", "numerical methods"], "publication_10_years": ["computer science", "computer systems", "mathematics", "engineering", "artificial intelligence", "automation", "process control", "matrix algebra", "control systems", "correlation analysis", "adaptive control systems", "linear matrix inequalities", "numerical model", "computer hardware", "signal processing", "communication systems", "computer networks", "numerical methods", "sensors", "telecommunication systems"], "citation_10_years": ["computer science", "mathematics", "engineering", "computer systems", "automation", "process control", "matrix algebra", "artificial intelligence", "linear matrix inequalities", "numerical model", "control systems", "correlation analysis", "adaptive control systems", "estimation method", "optimization", "probability", "control theory", "feedback systems", "nonlinear control systems", "numerical methods"], "publication_5_years": ["computer science", "computer systems", "engineering", "mathematics", "artificial intelligence", "automation", "correlation analysis", "process control", "adaptive control systems", "control systems", "matrix algebra", "computer hardware", "numerical methods", "numerical model", "signal processing", "communication systems", "computer networks", "control system synthesis", "estimation method", "intelligent control"], "citation_5_years": ["computer science", "engineering", "computer systems", "mathematics", "automation", "matrix algebra", "process control", "adaptive control systems", "artificial intelligence", "control systems", "linear matrix inequalities", "robotics", "closed loop control systems", "closed-loop control", "control system synthesis", "control theory", "correlation analysis", "feedback control", "feedback controller", "feedback systems"]}, "main_topics": ["computer science"], "authors": {"publication_overall": ["2057369397", "1976447674", "2099293393", "2105750726", "2108812808", "2110706451", "2142021032", "2163721350", "2225920072", "164672984", "193070029", "372822952", "382551109", "1921656420", "1966739410", "1977470313", "2024409363", "2064477550", "2072229037", "2078809482", "2097710297", "2099809829", "2101914789", "2103623588", "2111270763", "2117464348", "2120022599", "2120397414", "2123847253", "2125933502", "2125959521", "2135114225", "2136253873", "2140945612", "2142813041", "2150674196", "2154234852", "2154755167", "2156100607", "2156256271", "2158884351", "2159119416", "2159933884", "2166203093", "2168932403", "2214050427", "2231999363", "2240558724", "2275766703", "2281037228", "2306221521", "2308974846", "2398749716", "2428493232", "2505108326", "2562987597", "2604156506", "2618250868", "2624376054", "2628917994", "2635766462", "2648081697", "2650134540", "2651498884", "2669130174", "2679040123", "2688887023", "2695647431", "2695813879", "2718560764", "2719498688", "2721811419", "2723861016", "2736383543", "2736399096", "2737139971", "2737501357", "2737699907", "2738007532", "2738041143", "2738445731", "2738646313", "2738856974", "2739365711", "2777519693", "2806362341", "2893180762", "2893347182", "2955743981", "2992509840"], "citation_overall": ["2108812808", "382551109", "2072229037", "2097710297", "2163721350", "2505108326", "2628917994", "1966739410", "1976447674", "2057369397", "2064477550", "2105750726", "2110706451", "2150674196", "2225920072", "2308974846", "372822952", "2103623588", "2154234852", "2737501357", "2738041143", "2099293393", "2125959521", "2166203093", "2231999363", "2398749716", "2648081697", "2679040123", "2695647431", "164672984", "2078809482", "2117464348", "2120022599", "2120397414", "2140945612", "2142021032", "2158884351", "2214050427", "2428493232", "2618250868", "2624376054", "2635766462", "2651498884", "2669130174", "2718560764", "2719498688", "2721811419", "2736399096", "2738856974", "2806362341", "2893347182", "2955743981", "2992509840", "193070029", "1921656420", "1977470313", "2024409363", "2099809829", "2101914789", "2111270763", "2123847253", "2125933502", "2135114225", "2136253873", "2142813041", "2154755167", "2156100607", "2156256271", "2159119416", "2159933884", "2168932403", "2240558724", "2275766703", "2281037228", "2306221521", "2562987597", "2604156506", "2650134540", "2688887023", "2695813879", "2723861016", "2736383543", "2737139971", "2737699907", "2738007532", "2738445731", "2738646313", "2739365711", "2777519693", "2893180762"], "publication_10_years": ["2057369397", "1976447674", "2099293393", "2105750726", "2108812808", "2110706451", "2142021032", "2163721350", "2225920072", "164672984", "193070029", "372822952", "382551109", "1921656420", "1966739410", "1977470313", "2024409363", "2064477550", "2072229037", "2078809482", "2097710297", "2099809829", "2101914789", "2103623588", "2111270763", "2117464348", "2120022599", "2120397414", "2123847253", "2125933502", "2125959521", "2135114225", "2136253873", "2140945612", "2142813041", "2150674196", "2154234852", "2154755167", "2156100607", "2156256271", "2158884351", "2159119416", "2159933884", "2166203093", "2168932403", "2214050427", "2231999363", "2240558724", "2275766703", "2281037228", "2306221521", "2308974846", "2398749716", "2428493232", "2505108326", "2562987597", "2604156506", "2618250868", "2624376054", "2628917994", "2635766462", "2648081697", "2650134540", "2651498884", "2669130174", "2679040123", "2688887023", "2695647431", "2695813879", "2718560764", "2719498688", "2721811419", "2723861016", "2736383543", "2736399096", "2737139971", "2737501357", "2737699907", "2738007532", "2738041143", "2738445731", "2738646313", "2738856974", "2739365711", "2777519693", "2806362341", "2893180762", "2893347182", "2955743981", "2992509840"], "citation_10_years": ["2108812808", "382551109", "2072229037", "2097710297", "2163721350", "2505108326", "2628917994", "1966739410", "1976447674", "2057369397", "2064477550", "2105750726", "2110706451", "2150674196", "2225920072", "2308974846", "372822952", "2103623588", "2154234852", "2737501357", "2738041143", "2099293393", "2125959521", "2166203093", "2231999363", "2398749716", "2648081697", "2679040123", "2695647431", "164672984", "2078809482", "2117464348", "2120022599", "2120397414", "2140945612", "2142021032", "2158884351", "2214050427", "2428493232", "2618250868", "2624376054", "2635766462", "2651498884", "2669130174", "2718560764", "2719498688", "2721811419", "2736399096", "2738856974", "2806362341", "2893347182", "2955743981", "2992509840", "193070029", "1921656420", "1977470313", "2024409363", "2099809829", "2101914789", "2111270763", "2123847253", "2125933502", "2135114225", "2136253873", "2142813041", "2154755167", "2156100607", "2156256271", "2159119416", "2159933884", "2168932403", "2240558724", "2275766703", "2281037228", "2306221521", "2562987597", "2604156506", "2650134540", "2688887023", "2695813879", "2723861016", "2736383543", "2737139971", "2737699907", "2738007532", "2738445731", "2738646313", "2739365711", "2777519693", "2893180762"], "publication_5_years": ["2057369397", "2099293393", "2024409363", "2099809829", "2101914789", "2103623588", "2117464348", "2125959521", "2135114225", "2136253873", "2142021032", "2142813041", "2154234852", "2156100607", "2159119416", "2163721350", "2166203093", "2214050427", "2231999363", "2428493232", "2604156506", "2618250868", "2624376054", "2695813879", "2736383543", "2736399096", "2737139971", "2737501357", "2737699907", "2738007532", "2738041143", "2738445731", "2738646313", "2738856974", "2739365711", "2806362341"], "citation_5_years": ["2057369397", "2103623588", "2154234852", "2737501357", "2738041143", "2099293393", "2125959521", "2166203093", "2231999363", "2117464348", "2142021032", "2214050427", "2428493232", "2618250868", "2624376054", "2736399096", "2738856974", "2806362341", "2024409363", "2099809829", "2101914789", "2135114225", "2136253873", "2142813041", "2156100607", "2159119416", "2163721350", "2604156506", "2695813879", "2736383543", "2737139971", "2737699907", "2738007532", "2738445731", "2738646313", "2739365711"]}, "industrial_sectors": {"publication_overall": ["energy", "oil_and_gas_industry"], "citation_overall": ["energy", "oil_and_gas_industry"], "publication_10_years": ["energy", "oil_and_gas_industry"], "citation_10_years": ["energy", "oil_and_gas_industry"], "publication_5_years": [], "citation_5_years": []}}