{"name": "International Technology Management Conference", "acronym": "ITMC", "type": "conference", "uniqueEntities": {"organizations": {"Jordan University of Science and Technology": {"name": "Jordan University of Science and Technology", "type": "organization", "organization_type": "Education", "h_index": 55, "h5_index": 32, "num_publications": 4, "num_citations": 15, "num_publications_5y": 4, "num_citations_5y": 13, "num_publications_10y": 4, "num_citations_10y": 13, "publications_years": {"2015": 4}, "citations_years": {"2015": 3, "2016": 4, "2017": 3, "2018": 3, "2019": 2}, "old_citations": {"2015": 15}, "isVisible": false}, "Ajou University": {"name": "Ajou University", "type": "organization", "organization_type": "Education", "h_index": 48, "h5_index": 22, "num_publications": 2, "num_citations": 30, "num_publications_5y": 0, "num_citations_5y": 22, "num_publications_10y": 2, "num_citations_10y": 30, "publications_years": {"2011": 2}, "citations_years": {"2012": 3, "2013": 5, "2014": 7, "2015": 6, "2016": 8, "2017": 1}, "old_citations": {"2011": 30}, "isVisible": false}, "Birla Institute of Technology, Mesra": {"name": "Birla Institute of Technology, Mesra", "type": "organization", "organization_type": "Education", "h_index": 25, "h5_index": 11, "num_publications": 2, "num_citations": 3, "num_publications_5y": 0, "num_citations_5y": 2, "num_publications_10y": 2, "num_citations_10y": 3, "publications_years": {"2011": 2}, "citations_years": {"2012": 1, "2013": 0, "2014": 2}, "old_citations": {"2011": 3}, "isVisible": false}, "Dongguk University": {"name": "Dongguk University", "type": "organization", "organization_type": "Education", "h_index": 45, "h5_index": 14, "num_publications": 2, "num_citations": 4, "num_publications_5y": 0, "num_citations_5y": 3, "num_publications_10y": 2, "num_citations_10y": 4, "publications_years": {"2011": 2}, "citations_years": {"2013": 1, "2014": 1, "2015": 0, "2016": 0, "2017": 1, "2018": 1}, "old_citations": {"2011": 4}, "isVisible": false}, "National Cheng Kung University": {"name": "National Cheng Kung University", "type": "organization", "organization_type": "Education", "h_index": 101, "h5_index": 29, "num_publications": 2, "num_citations": 1, "num_publications_5y": 0, "num_citations_5y": 1, "num_publications_10y": 2, "num_citations_10y": 1, "publications_years": {"2011": 2}, "citations_years": {"2014": 1}, "old_citations": {"2011": 1}, "isVisible": false}, "National Chung Hsing University": {"name": "National Chung Hsing University", "type": "organization", "organization_type": "Education", "h_index": 58, "h5_index": 17, "num_publications": 2, "num_citations": 0, "num_publications_5y": 0, "num_citations_5y": 0, "num_publications_10y": 2, "num_citations_10y": 0, "publications_years": {"2011": 2}, "citations_years": {}, "old_citations": {"2011": 0}, "isVisible": false}, "Amirkabir University of Technology": {"name": "Amirkabir University of Technology", "type": "organization", "organization_type": "Education", "h_index": 66, "h5_index": 25, "num_publications": 1, "num_citations": 4, "num_publications_5y": 0, "num_citations_5y": 3, "num_publications_10y": 1, "num_citations_10y": 4, "publications_years": {"2011": 1}, "citations_years": {"2012": 1, "2013": 0, "2014": 1, "2015": 0, "2016": 1, "2017": 0, "2018": 1}, "old_citations": {"2011": 4}, "isVisible": false}, "Ankara University": {"name": "Ankara University", "type": "organization", "organization_type": "Education", "h_index": 23, "h5_index": 8, "num_publications": 1, "num_citations": 1, "num_publications_5y": 1, "num_citations_5y": 1, "num_publications_10y": 1, "num_citations_10y": 1, "publications_years": {"2015": 1}, "citations_years": {"2017": 1}, "old_citations": {"2015": 1}, "isVisible": false}, "Dalian University of Technology": {"name": "Dalian University of Technology", "type": "organization", "organization_type": "Education", "h_index": 95, "h5_index": 63, "num_publications": 1, "num_citations": 0, "num_publications_5y": 0, "num_citations_5y": 0, "num_publications_10y": 1, "num_citations_10y": 0, "publications_years": {"2012": 1}, "citations_years": {}, "old_citations": {"2012": 0}, "isVisible": false}, "Dayalbagh Educational Institute": {"name": "Dayalbagh Educational Institute", "type": "organization", "organization_type": "Education", "h_index": 14, "h5_index": 6, "num_publications": 1, "num_citations": 0, "num_publications_5y": 0, "num_citations_5y": 0, "num_publications_10y": 1, "num_citations_10y": 0, "publications_years": {"2012": 1}, "citations_years": {}, "old_citations": {"2012": 0}, "isVisible": false}, "George Washington University": {"name": "George Washington University", "type": "organization", "organization_type": "Education", "h_index": 93, "h5_index": 31, "num_publications": 1, "num_citations": 0, "num_publications_5y": 0, "num_citations_5y": 0, "num_publications_10y": 1, "num_citations_10y": 0, "publications_years": {"2011": 1}, "citations_years": {}, "old_citations": {"2011": 0}, "isVisible": false}, "IEEE Computer Society": {"name": "IEEE Computer Society", "type": "organization", "organization_type": "Nonprofit", "h_index": 76, "h5_index": 5, "num_publications": 1, "num_citations": 3, "num_publications_5y": 0, "num_citations_5y": 2, "num_publications_10y": 1, "num_citations_10y": 3, "publications_years": {"2011": 1}, "citations_years": {"2012": 1, "2013": 0, "2014": 2}, "old_citations": {"2011": 3}, "isVisible": false}, "ISG Business School": {"name": "ISG Business School", "type": "organization", "organization_type": "Education", "h_index": 21, "h5_index": 11, "num_publications": 1, "num_citations": 0, "num_publications_5y": 1, "num_citations_5y": 0, "num_publications_10y": 1, "num_citations_10y": 0, "publications_years": {"2015": 1}, "citations_years": {}, "old_citations": {"2015": 0}, "isVisible": false}, "Iran University of Science and Technology": {"name": "Iran University of Science and Technology", "type": "organization", "organization_type": "Education", "h_index": 55, "h5_index": 22, "num_publications": 1, "num_citations": 4, "num_publications_5y": 0, "num_citations_5y": 4, "num_publications_10y": 1, "num_citations_10y": 4, "publications_years": {"2011": 1}, "citations_years": {"2014": 2, "2015": 0, "2016": 0, "2017": 2}, "old_citations": {"2011": 4}, "isVisible": false}, "Islamic Azad University, Tehran": {"name": "Islamic Azad University, Tehran", "type": "organization", "organization_type": "Education", "h_index": 70, "h5_index": 42, "num_publications": 1, "num_citations": 4, "num_publications_5y": 0, "num_citations_5y": 4, "num_publications_10y": 1, "num_citations_10y": 4, "publications_years": {"2011": 1}, "citations_years": {"2014": 2, "2015": 0, "2016": 0, "2017": 2}, "old_citations": {"2011": 4}, "isVisible": false}, "Kainan University": {"name": "Kainan University", "type": "organization", "organization_type": "Education", "h_index": 41, "h5_index": 8, "num_publications": 1, "num_citations": 0, "num_publications_5y": 0, "num_citations_5y": 0, "num_publications_10y": 1, "num_citations_10y": 0, "publications_years": {"2011": 1}, "citations_years": {}, "old_citations": {"2011": 0}, "isVisible": false}, "Lule\u00e5 University of Technology": {"name": "Lule\u00e5 University of Technology", "type": "organization", "organization_type": "Education", "h_index": 57, "h5_index": 36, "num_publications": 1, "num_citations": 0, "num_publications_5y": 0, "num_citations_5y": 0, "num_publications_10y": 1, "num_citations_10y": 0, "publications_years": {"2012": 1}, "citations_years": {}, "old_citations": {"2012": 0}, "isVisible": false}, "Lund University": {"name": "Lund University", "type": "organization", "organization_type": "Education", "h_index": 119, "h5_index": 32, "num_publications": 1, "num_citations": 2, "num_publications_5y": 0, "num_citations_5y": 1, "num_publications_10y": 1, "num_citations_10y": 1, "publications_years": {"2011": 1}, "citations_years": {"2015": 1, "2016": 0, "2017": 0, "2018": 0, "2019": 0, "2020": 1}, "old_citations": {"2011": 2}, "isVisible": false}, "Massachusetts Institute of Technology": {"name": "Massachusetts Institute of Technology", "type": "organization", "organization_type": "Education", "h_index": 475, "h5_index": 100, "num_publications": 1, "num_citations": 0, "num_publications_5y": 0, "num_citations_5y": 0, "num_publications_10y": 1, "num_citations_10y": 0, "publications_years": {"2012": 1}, "citations_years": {}, "old_citations": {"2012": 0}, "isVisible": false}, "Mazandaran University of Science and Technology": {"name": "Mazandaran University of Science and Technology", "type": "organization", "organization_type": "Education", "h_index": 20, "h5_index": 12, "num_publications": 1, "num_citations": 4, "num_publications_5y": 0, "num_citations_5y": 3, "num_publications_10y": 1, "num_citations_10y": 4, "publications_years": {"2011": 1}, "citations_years": {"2012": 1, "2013": 0, "2014": 1, "2015": 0, "2016": 1, "2017": 0, "2018": 1}, "old_citations": {"2011": 4}, "isVisible": false}, "Nagoya Institute of Technology": {"name": "Nagoya Institute of Technology", "type": "organization", "organization_type": "Education", "h_index": 52, "h5_index": 14, "num_publications": 1, "num_citations": 1, "num_publications_5y": 0, "num_citations_5y": 0, "num_publications_10y": 1, "num_citations_10y": 1, "publications_years": {"2011": 1}, "citations_years": {"2012": 1}, "old_citations": {"2011": 1}, "isVisible": false}, "National Chengchi University": {"name": "National Chengchi University", "type": "organization", "organization_type": "Education", "h_index": 50, "h5_index": 13, "num_publications": 1, "num_citations": 0, "num_publications_5y": 0, "num_citations_5y": 0, "num_publications_10y": 1, "num_citations_10y": 0, "publications_years": {"2011": 1}, "citations_years": {}, "old_citations": {"2011": 0}, "isVisible": false}, "National Kaohsiung First University of Science and Technology": {"name": "National Kaohsiung First University of Science and Technology", "type": "organization", "organization_type": "Education", "h_index": 46, "h5_index": 8, "num_publications": 1, "num_citations": 1, "num_publications_5y": 0, "num_citations_5y": 1, "num_publications_10y": 1, "num_citations_10y": 1, "publications_years": {"2011": 1}, "citations_years": {"2014": 1}, "old_citations": {"2011": 1}, "isVisible": false}, "National Taiwan University of Science and Technology": {"name": "National Taiwan University of Science and Technology", "type": "organization", "organization_type": "Education", "h_index": 93, "h5_index": 27, "num_publications": 1, "num_citations": 17, "num_publications_5y": 0, "num_citations_5y": 11, "num_publications_10y": 1, "num_citations_10y": 11, "publications_years": {"2011": 1}, "citations_years": {"2015": 1, "2016": 2, "2017": 4, "2018": 4, "2019": 6}, "old_citations": {"2011": 17}, "isVisible": false}, "National University of Singapore": {"name": "National University of Singapore", "type": "organization", "organization_type": "Education", "h_index": 219, "h5_index": 81, "num_publications": 1, "num_citations": 0, "num_publications_5y": 0, "num_citations_5y": 0, "num_publications_10y": 1, "num_citations_10y": 0, "publications_years": {"2011": 1}, "citations_years": {}, "old_citations": {"2011": 0}, "isVisible": false}, "Salisbury University": {"name": "Salisbury University", "type": "organization", "organization_type": "Education", "h_index": 24, "h5_index": 3, "num_publications": 1, "num_citations": 0, "num_publications_5y": 0, "num_citations_5y": 0, "num_publications_10y": 1, "num_citations_10y": 0, "publications_years": {"2011": 1}, "citations_years": {}, "old_citations": {"2011": 0}, "isVisible": false}, "Shandong University": {"name": "Shandong University", "type": "organization", "organization_type": "Education", "h_index": 68, "h5_index": 38, "num_publications": 1, "num_citations": 1, "num_publications_5y": 0, "num_citations_5y": 1, "num_publications_10y": 1, "num_citations_10y": 1, "publications_years": {"2011": 1}, "citations_years": {"2014": 1}, "old_citations": {"2011": 1}, "isVisible": false}, "Siemens (Germany)": {"name": "Siemens (Germany)", "type": "organization", "organization_type": "Company", "h_index": 141, "h5_index": 32, "num_publications": 1, "num_citations": 8, "num_publications_5y": 0, "num_citations_5y": 6, "num_publications_10y": 1, "num_citations_10y": 8, "publications_years": {"2012": 1}, "citations_years": {"2013": 2, "2014": 4, "2015": 2}, "old_citations": {"2012": 8}, "isVisible": false}, "Singapore Polytechnic": {"name": "Singapore Polytechnic", "type": "organization", "organization_type": "Education", "h_index": 18, "h5_index": 5, "num_publications": 1, "num_citations": 0, "num_publications_5y": 0, "num_citations_5y": 0, "num_publications_10y": 1, "num_citations_10y": 0, "publications_years": {"2011": 1}, "citations_years": {}, "old_citations": {"2011": 0}, "isVisible": false}, "Sz\u00e9chenyi Istv\u00e1n University": {"name": "Sz\u00e9chenyi Istv\u00e1n University", "type": "organization", "organization_type": "Education", "h_index": 18, "h5_index": 6, "num_publications": 1, "num_citations": 1, "num_publications_5y": 0, "num_citations_5y": 1, "num_publications_10y": 1, "num_citations_10y": 1, "publications_years": {"2012": 1}, "citations_years": {"2014": 1}, "old_citations": {"2012": 1}, "isVisible": false}, "Tamkang University": {"name": "Tamkang University", "type": "organization", "organization_type": "Education", "h_index": 58, "h5_index": 15, "num_publications": 1, "num_citations": 17, "num_publications_5y": 0, "num_citations_5y": 11, "num_publications_10y": 1, "num_citations_10y": 11, "publications_years": {"2011": 1}, "citations_years": {"2015": 1, "2016": 2, "2017": 4, "2018": 4, "2019": 6}, "old_citations": {"2011": 17}, "isVisible": false}, "University of Cincinnati": {"name": "University of Cincinnati", "type": "organization", "organization_type": "Education", "h_index": 81, "h5_index": 19, "num_publications": 1, "num_citations": 0, "num_publications_5y": 1, "num_citations_5y": 0, "num_publications_10y": 1, "num_citations_10y": 0, "publications_years": {"2015": 1}, "citations_years": {}, "old_citations": {"2015": 0}, "isVisible": false}, "University of Hyderabad": {"name": "University of Hyderabad", "type": "organization", "organization_type": "Education", "h_index": 30, "h5_index": 13, "num_publications": 1, "num_citations": 0, "num_publications_5y": 1, "num_citations_5y": 0, "num_publications_10y": 1, "num_citations_10y": 0, "publications_years": {"2015": 1}, "citations_years": {}, "old_citations": {"2015": 0}, "isVisible": false}, "University of Louisiana at Lafayette": {"name": "University of Louisiana at Lafayette", "type": "organization", "organization_type": "Education", "h_index": 55, "h5_index": 17, "num_publications": 1, "num_citations": 0, "num_publications_5y": 0, "num_citations_5y": 0, "num_publications_10y": 1, "num_citations_10y": 0, "publications_years": {"2012": 1}, "citations_years": {}, "old_citations": {"2012": 0}, "isVisible": false}, "University of Tokyo": {"name": "University of Tokyo", "type": "organization", "organization_type": "Education", "h_index": 147, "h5_index": 42, "num_publications": 1, "num_citations": 1, "num_publications_5y": 0, "num_citations_5y": 1, "num_publications_10y": 1, "num_citations_10y": 1, "publications_years": {"2011": 1}, "citations_years": {"2018": 1}, "old_citations": {"2011": 1}, "isVisible": false}, "Utah Valley University": {"name": "Utah Valley University", "type": "organization", "organization_type": "Education", "h_index": 15, "h5_index": 5, "num_publications": 1, "num_citations": 2, "num_publications_5y": 0, "num_citations_5y": 2, "num_publications_10y": 1, "num_citations_10y": 2, "publications_years": {"2012": 1}, "citations_years": {"2014": 1, "2015": 1}, "old_citations": {"2012": 2}, "isVisible": false}}, "topics": {"computer science": {"name": "computer science", "type": "topic", "h_index": 1779, "h5_index": 416, "num_publications": 43, "num_citations": 102, "num_publications_5y": 12, "num_citations_5y": 76, "num_publications_10y": 43, "num_citations_10y": 90, "publications_years": {"2015": 12, "2012": 7, "2011": 24}, "citations_years": {"2017": 14, "2013": 8, "2014": 21, "2015": 16, "2018": 10, "2019": 10, "2016": 15, "2012": 6, "2020": 2}, "old_citations": {"2015": 18, "2012": 11, "2011": 73}, "isVisible": false}, "computer systems": {"name": "computer systems", "type": "topic", "h_index": 1595, "h5_index": 367, "num_publications": 38, "num_citations": 97, "num_publications_5y": 11, "num_citations_5y": 72, "num_publications_10y": 38, "num_citations_10y": 85, "publications_years": {"2015": 11, "2012": 6, "2011": 21}, "citations_years": {"2017": 14, "2013": 8, "2014": 17, "2015": 16, "2018": 10, "2019": 10, "2016": 15, "2012": 5, "2020": 2}, "old_citations": {"2015": 18, "2012": 10, "2011": 69}, "isVisible": false}, "artificial intelligence": {"name": "artificial intelligence", "type": "topic", "h_index": 1421, "h5_index": 373, "num_publications": 23, "num_citations": 28, "num_publications_5y": 10, "num_citations_5y": 22, "num_publications_10y": 23, "num_citations_10y": 25, "publications_years": {"2015": 10, "2012": 4, "2011": 9}, "citations_years": {"2017": 5, "2013": 3, "2014": 6, "2015": 6, "2018": 2, "2019": 1, "2016": 3, "2020": 2}, "old_citations": {"2015": 11, "2012": 9, "2011": 8}, "isVisible": false}, "computer networks": {"name": "computer networks", "type": "topic", "h_index": 1262, "h5_index": 332, "num_publications": 20, "num_citations": 76, "num_publications_5y": 4, "num_citations_5y": 54, "num_publications_10y": 20, "num_citations_10y": 66, "publications_years": {"2012": 2, "2011": 14, "2015": 4}, "citations_years": {"2013": 7, "2014": 13, "2015": 11, "2018": 9, "2017": 9, "2019": 10, "2016": 12, "2012": 5}, "old_citations": {"2012": 8, "2011": 60, "2015": 8}, "isVisible": false}, "information technology": {"name": "information technology", "type": "topic", "h_index": 696, "h5_index": 149, "num_publications": 19, "num_citations": 47, "num_publications_5y": 0, "num_citations_5y": 36, "num_publications_10y": 19, "num_citations_10y": 45, "publications_years": {"2011": 16, "2012": 3}, "citations_years": {"2018": 2, "2012": 4, "2013": 5, "2014": 13, "2015": 10, "2016": 8, "2017": 3, "2019": 1, "2020": 1}, "old_citations": {"2011": 44, "2012": 3}, "isVisible": false}, "engineering": {"name": "engineering", "type": "topic", "h_index": 1177, "h5_index": 287, "num_publications": 17, "num_citations": 64, "num_publications_5y": 1, "num_citations_5y": 46, "num_publications_10y": 17, "num_citations_10y": 57, "publications_years": {"2012": 2, "2011": 14, "2015": 1}, "citations_years": {"2013": 6, "2014": 15, "2015": 9, "2018": 6, "2017": 7, "2016": 9, "2019": 7, "2012": 5}, "old_citations": {"2012": 8, "2011": 56, "2015": 0}, "isVisible": false}, "internet": {"name": "internet", "type": "topic", "h_index": 1102, "h5_index": 245, "num_publications": 17, "num_citations": 66, "num_publications_5y": 1, "num_citations_5y": 47, "num_publications_10y": 17, "num_citations_10y": 58, "publications_years": {"2012": 2, "2011": 14, "2015": 1}, "citations_years": {"2013": 8, "2014": 12, "2015": 11, "2018": 6, "2017": 8, "2016": 10, "2019": 7, "2012": 3, "2020": 1}, "old_citations": {"2012": 8, "2011": 57, "2015": 1}, "isVisible": false}, "computer hardware": {"name": "computer hardware", "type": "topic", "h_index": 1150, "h5_index": 279, "num_publications": 16, "num_citations": 70, "num_publications_5y": 3, "num_citations_5y": 49, "num_publications_10y": 16, "num_citations_10y": 60, "publications_years": {"2012": 4, "2011": 9, "2015": 3}, "citations_years": {"2013": 6, "2014": 16, "2015": 11, "2016": 9, "2017": 6, "2018": 7, "2019": 9, "2012": 5, "2020": 1}, "old_citations": {"2012": 10, "2011": 54, "2015": 6}, "isVisible": false}, "mathematics": {"name": "mathematics", "type": "topic", "h_index": 1364, "h5_index": 300, "num_publications": 16, "num_citations": 24, "num_publications_5y": 3, "num_citations_5y": 18, "num_publications_10y": 16, "num_citations_10y": 22, "publications_years": {"2012": 4, "2011": 9, "2015": 3}, "citations_years": {"2013": 2, "2014": 10, "2015": 3, "2017": 4, "2012": 2, "2016": 0, "2018": 1, "2019": 0, "2020": 2}, "old_citations": {"2012": 9, "2011": 14, "2015": 1}, "isVisible": false}, "software engineering": {"name": "software engineering", "type": "topic", "h_index": 964, "h5_index": 236, "num_publications": 16, "num_citations": 14, "num_publications_5y": 2, "num_citations_5y": 11, "num_publications_10y": 16, "num_citations_10y": 14, "publications_years": {"2011": 11, "2012": 3, "2015": 2}, "citations_years": {"2014": 4, "2017": 2, "2012": 2, "2013": 1, "2015": 2, "2016": 2, "2018": 1}, "old_citations": {"2011": 14, "2012": 0, "2015": 0}, "isVisible": false}, "information systems": {"name": "information systems", "type": "topic", "h_index": 679, "h5_index": 124, "num_publications": 15, "num_citations": 28, "num_publications_5y": 3, "num_citations_5y": 19, "num_publications_10y": 15, "num_citations_10y": 20, "publications_years": {"2011": 9, "2012": 3, "2015": 3}, "citations_years": {"2018": 5, "2015": 4, "2016": 4, "2017": 4, "2019": 7, "2014": 2, "2020": 1, "2013": 1}, "old_citations": {"2011": 25, "2012": 2, "2015": 1}, "isVisible": false}, "telecommunication systems": {"name": "telecommunication systems", "type": "topic", "h_index": 1187, "h5_index": 277, "num_publications": 14, "num_citations": 73, "num_publications_5y": 2, "num_citations_5y": 53, "num_publications_10y": 14, "num_citations_10y": 65, "publications_years": {"2012": 1, "2011": 11, "2015": 2}, "citations_years": {"2013": 7, "2014": 13, "2015": 10, "2018": 9, "2017": 9, "2016": 12, "2019": 8, "2012": 5}, "old_citations": {"2012": 8, "2011": 58, "2015": 7}, "isVisible": false}, "software design": {"name": "software design", "type": "topic", "h_index": 907, "h5_index": 227, "num_publications": 13, "num_citations": 14, "num_publications_5y": 1, "num_citations_5y": 11, "num_publications_10y": 13, "num_citations_10y": 14, "publications_years": {"2011": 10, "2012": 2, "2015": 1}, "citations_years": {"2014": 4, "2017": 2, "2012": 2, "2013": 1, "2015": 2, "2016": 2, "2018": 1}, "old_citations": {"2011": 14, "2012": 0, "2015": 0}, "isVisible": false}, "software architecture": {"name": "software architecture", "type": "topic", "h_index": 821, "h5_index": 210, "num_publications": 12, "num_citations": 14, "num_publications_5y": 1, "num_citations_5y": 11, "num_publications_10y": 12, "num_citations_10y": 14, "publications_years": {"2011": 9, "2012": 2, "2015": 1}, "citations_years": {"2014": 4, "2017": 2, "2012": 2, "2013": 1, "2015": 2, "2016": 2, "2018": 1}, "old_citations": {"2011": 14, "2012": 0, "2015": 0}, "isVisible": false}, "telecommunication networks": {"name": "telecommunication networks", "type": "topic", "h_index": 1116, "h5_index": 258, "num_publications": 12, "num_citations": 72, "num_publications_5y": 2, "num_citations_5y": 52, "num_publications_10y": 12, "num_citations_10y": 64, "publications_years": {"2012": 1, "2011": 9, "2015": 2}, "citations_years": {"2013": 7, "2014": 13, "2015": 10, "2017": 9, "2016": 12, "2018": 8, "2019": 8, "2012": 5}, "old_citations": {"2012": 8, "2011": 57, "2015": 7}, "isVisible": false}, "database systems": {"name": "database systems", "type": "topic", "h_index": 1167, "h5_index": 276, "num_publications": 11, "num_citations": 18, "num_publications_5y": 7, "num_citations_5y": 15, "num_publications_10y": 11, "num_citations_10y": 16, "publications_years": {"2015": 7, "2012": 1, "2011": 3}, "citations_years": {"2017": 5, "2015": 4, "2016": 3, "2018": 1, "2019": 0, "2020": 2, "2013": 1, "2014": 2}, "old_citations": {"2015": 10, "2012": 0, "2011": 8}, "isVisible": false}, "sensors": {"name": "sensors", "type": "topic", "h_index": 960, "h5_index": 229, "num_publications": 11, "num_citations": 58, "num_publications_5y": 1, "num_citations_5y": 41, "num_publications_10y": 11, "num_citations_10y": 51, "publications_years": {"2012": 3, "2011": 7, "2015": 1}, "citations_years": {"2013": 6, "2014": 13, "2015": 9, "2016": 9, "2017": 5, "2018": 5, "2019": 7, "2012": 4}, "old_citations": {"2012": 8, "2011": 50, "2015": 0}, "isVisible": false}, "e-commerce": {"name": "e-commerce", "type": "topic", "h_index": 477, "h5_index": 96, "num_publications": 10, "num_citations": 34, "num_publications_5y": 0, "num_citations_5y": 25, "num_publications_10y": 10, "num_citations_10y": 33, "publications_years": {"2011": 10}, "citations_years": {"2018": 1, "2012": 3, "2013": 5, "2014": 7, "2015": 8, "2016": 8, "2017": 1, "2019": 1}, "old_citations": {"2011": 34}, "isVisible": false}, "communication systems": {"name": "communication systems", "type": "topic", "h_index": 1092, "h5_index": 254, "num_publications": 9, "num_citations": 62, "num_publications_5y": 1, "num_citations_5y": 44, "num_publications_10y": 9, "num_citations_10y": 54, "publications_years": {"2012": 1, "2011": 7, "2015": 1}, "citations_years": {"2013": 6, "2014": 12, "2015": 9, "2018": 8, "2016": 9, "2017": 6, "2019": 8, "2012": 4}, "old_citations": {"2012": 8, "2011": 49, "2015": 5}, "isVisible": false}, "data communication systems": {"name": "data communication systems", "type": "topic", "h_index": 1013, "h5_index": 234, "num_publications": 9, "num_citations": 67, "num_publications_5y": 1, "num_citations_5y": 47, "num_publications_10y": 9, "num_citations_10y": 59, "publications_years": {"2012": 1, "2011": 7, "2015": 1}, "citations_years": {"2013": 7, "2014": 13, "2015": 9, "2016": 11, "2017": 6, "2018": 8, "2019": 8, "2012": 5}, "old_citations": {"2012": 8, "2011": 54, "2015": 5}, "isVisible": false}, "wireless telecommunication systems": {"name": "wireless telecommunication systems", "type": "topic", "h_index": 1087, "h5_index": 254, "num_publications": 9, "num_citations": 62, "num_publications_5y": 1, "num_citations_5y": 44, "num_publications_10y": 9, "num_citations_10y": 54, "publications_years": {"2012": 1, "2011": 7, "2015": 1}, "citations_years": {"2013": 6, "2014": 12, "2015": 9, "2018": 8, "2016": 9, "2017": 6, "2019": 8, "2012": 4}, "old_citations": {"2012": 8, "2011": 49, "2015": 5}, "isVisible": false}, "communication channels (information theory)": {"name": "communication channels (information theory)", "type": "topic", "h_index": 925, "h5_index": 216, "num_publications": 8, "num_citations": 57, "num_publications_5y": 0, "num_citations_5y": 41, "num_publications_10y": 8, "num_citations_10y": 51, "publications_years": {"2012": 1, "2011": 7}, "citations_years": {"2013": 6, "2014": 12, "2015": 9, "2018": 6, "2016": 9, "2017": 5, "2019": 6, "2012": 4}, "old_citations": {"2012": 8, "2011": 49}, "isVisible": false}, "mobile telecommunication systems": {"name": "mobile telecommunication systems", "type": "topic", "h_index": 732, "h5_index": 170, "num_publications": 6, "num_citations": 56, "num_publications_5y": 0, "num_citations_5y": 40, "num_publications_10y": 6, "num_citations_10y": 50, "publications_years": {"2012": 1, "2011": 5}, "citations_years": {"2013": 6, "2014": 12, "2015": 9, "2016": 9, "2017": 5, "2018": 5, "2019": 6, "2012": 4}, "old_citations": {"2012": 8, "2011": 48}, "isVisible": false}, "mobile computing": {"name": "mobile computing", "type": "topic", "h_index": 664, "h5_index": 170, "num_publications": 4, "num_citations": 48, "num_publications_5y": 1, "num_citations_5y": 33, "num_publications_10y": 4, "num_citations_10y": 40, "publications_years": {"2011": 3, "2015": 1}, "citations_years": {"2015": 6, "2016": 8, "2017": 6, "2018": 6, "2019": 8, "2012": 3, "2013": 4, "2014": 7}, "old_citations": {"2011": 43, "2015": 5}, "isVisible": false}, "mobile devices": {"name": "mobile devices", "type": "topic", "h_index": 594, "h5_index": 156, "num_publications": 4, "num_citations": 48, "num_publications_5y": 1, "num_citations_5y": 33, "num_publications_10y": 4, "num_citations_10y": 40, "publications_years": {"2011": 3, "2015": 1}, "citations_years": {"2015": 6, "2016": 8, "2017": 6, "2018": 6, "2019": 8, "2012": 3, "2013": 4, "2014": 7}, "old_citations": {"2011": 43, "2015": 5}, "isVisible": false}, "economics": {"name": "economics", "type": "topic", "h_index": 583, "h5_index": 144, "num_publications": 8, "num_citations": 45, "num_publications_5y": 0, "num_citations_5y": 32, "num_publications_10y": 8, "num_citations_10y": 39, "publications_years": {"2011": 6, "2012": 2}, "citations_years": {"2014": 8, "2015": 7, "2016": 8, "2017": 5, "2018": 4, "2019": 6, "2012": 3, "2013": 4}, "old_citations": {"2011": 45, "2012": 0}, "isVisible": false}, "cell phone": {"name": "cell phone", "type": "topic", "h_index": 216, "h5_index": 46, "num_publications": 3, "num_citations": 43, "num_publications_5y": 0, "num_citations_5y": 30, "num_publications_10y": 3, "num_citations_10y": 37, "publications_years": {"2011": 3}, "citations_years": {"2015": 6, "2016": 8, "2017": 5, "2018": 4, "2019": 6, "2012": 3, "2013": 4, "2014": 7}, "old_citations": {"2011": 43}, "isVisible": false}, "cellular telephone systems": {"name": "cellular telephone systems", "type": "topic", "h_index": 398, "h5_index": 107, "num_publications": 3, "num_citations": 43, "num_publications_5y": 0, "num_citations_5y": 30, "num_publications_10y": 3, "num_citations_10y": 37, "publications_years": {"2011": 3}, "citations_years": {"2015": 6, "2016": 8, "2017": 5, "2018": 4, "2019": 6, "2012": 3, "2013": 4, "2014": 7}, "old_citations": {"2011": 43}, "isVisible": false}}, "authors": {"2110125036": {"name": "byungun yoon", "type": "author", "activity": 16, "h_index": 9, "h5_index": 4, "mag_id": "2110125036", "num_publications": 2, "num_citations": 4, "num_publications_5y": 0, "num_citations_5y": 3, "num_publications_10y": 2, "num_citations_10y": 4, "publications_years": {"2011": 2}, "citations_years": {"2013": 1, "2014": 1, "2015": 0, "2016": 0, "2017": 1, "2018": 1}, "old_citations": {"2011": 4}, "isVisible": false}, "2233425816": {"name": "sungjoo lee", "type": "author", "activity": 14, "h_index": 12, "h5_index": 2, "mag_id": "2233425816", "num_publications": 2, "num_citations": 30, "num_publications_5y": 0, "num_citations_5y": 22, "num_publications_10y": 2, "num_citations_10y": 30, "publications_years": {"2011": 2}, "citations_years": {"2012": 3, "2013": 5, "2014": 7, "2015": 6, "2016": 8, "2017": 1}, "old_citations": {"2011": 30}, "isVisible": false}, "2778864094": {"name": "chanwoo cho", "type": "author", "activity": 6, "h_index": 3, "h5_index": 1, "mag_id": "2778864094", "num_publications": 2, "num_citations": 30, "num_publications_5y": 0, "num_citations_5y": 22, "num_publications_10y": 2, "num_citations_10y": 30, "publications_years": {"2011": 2}, "citations_years": {"2012": 3, "2013": 5, "2014": 7, "2015": 6, "2016": 8, "2017": 1}, "old_citations": {"2011": 30}, "isVisible": false}, "88566828": {"name": "leila etaati", "type": "author", "activity": 6, "h_index": 3, "h5_index": 0, "mag_id": "88566828", "num_publications": 1, "num_citations": 4, "num_publications_5y": 0, "num_citations_5y": 4, "num_publications_10y": 1, "num_citations_10y": 4, "publications_years": {"2011": 1}, "citations_years": {"2014": 2, "2015": 0, "2016": 0, "2017": 2}, "old_citations": {"2011": 4}, "isVisible": false}, "322620886": {"name": "mustafa kaiiali", "type": "author", "activity": 12, "h_index": 5, "h5_index": 3, "mag_id": "322620886", "num_publications": 1, "num_citations": 0, "num_publications_5y": 1, "num_citations_5y": 0, "num_publications_10y": 1, "num_citations_10y": 0, "publications_years": {"2015": 1}, "citations_years": {}, "old_citations": {"2015": 0}, "isVisible": false}, "324192949": {"name": "ichiro koshijima", "type": "author", "activity": 18, "h_index": 2, "h5_index": 2, "mag_id": "324192949", "num_publications": 1, "num_citations": 1, "num_publications_5y": 0, "num_citations_5y": 0, "num_publications_10y": 1, "num_citations_10y": 1, "publications_years": {"2011": 1}, "citations_years": {"2012": 1}, "old_citations": {"2011": 1}, "isVisible": false}, "338472734": {"name": "ismail hmeidi", "type": "author", "activity": 23, "h_index": 9, "h5_index": 4, "mag_id": "338472734", "num_publications": 1, "num_citations": 8, "num_publications_5y": 1, "num_citations_5y": 8, "num_publications_10y": 1, "num_citations_10y": 8, "publications_years": {"2015": 1}, "citations_years": {"2015": 3, "2016": 3, "2017": 1, "2018": 1}, "old_citations": {"2015": 8}, "isVisible": false}, "345131722": {"name": "thomas a mazzuchi", "type": "author", "activity": 30, "h_index": 12, "h5_index": 3, "mag_id": "345131722", "num_publications": 1, "num_citations": 0, "num_publications_5y": 0, "num_citations_5y": 0, "num_publications_10y": 1, "num_citations_10y": 0, "publications_years": {"2011": 1}, "citations_years": {}, "old_citations": {"2011": 0}, "isVisible": false}, "374312535": {"name": "ziad a alsharif", "type": "author", "activity": 16, "h_index": 6, "h5_index": 3, "mag_id": "374312535", "num_publications": 1, "num_citations": 5, "num_publications_5y": 1, "num_citations_5y": 3, "num_publications_10y": 1, "num_citations_10y": 3, "publications_years": {"2015": 1}, "citations_years": {"2017": 1, "2018": 2, "2019": 2}, "old_citations": {"2015": 5}, "isVisible": false}, "666245613": {"name": "narjes ben hariz", "type": "author", "activity": 4, "h_index": 1, "h5_index": 0, "mag_id": "666245613", "num_publications": 1, "num_citations": 0, "num_publications_5y": 1, "num_citations_5y": 0, "num_publications_10y": 1, "num_citations_10y": 0, "publications_years": {"2015": 1}, "citations_years": {}, "old_citations": {"2015": 0}, "isVisible": false}, "1029563172": {"name": "peter foldesi", "type": "author", "activity": 13, "h_index": 6, "h5_index": 3, "mag_id": "1029563172", "num_publications": 1, "num_citations": 1, "num_publications_5y": 0, "num_citations_5y": 1, "num_publications_10y": 1, "num_citations_10y": 1, "publications_years": {"2012": 1}, "citations_years": {"2014": 1}, "old_citations": {"2012": 1}, "isVisible": false}, "1249835722": {"name": "farzin taghipourian", "type": "author", "activity": 1, "h_index": 1, "h5_index": 0, "mag_id": "1249835722", "num_publications": 1, "num_citations": 4, "num_publications_5y": 0, "num_citations_5y": 3, "num_publications_10y": 1, "num_citations_10y": 4, "publications_years": {"2011": 1}, "citations_years": {"2012": 1, "2013": 0, "2014": 1, "2015": 0, "2016": 1, "2017": 0, "2018": 1}, "old_citations": {"2011": 4}, "isVisible": false}, "1415182635": {"name": "mohamed mhereeg", "type": "author", "activity": 1, "h_index": 0, "h5_index": 0, "mag_id": "1415182635", "num_publications": 1, "num_citations": 0, "num_publications_5y": 1, "num_citations_5y": 0, "num_publications_10y": 1, "num_citations_10y": 0, "publications_years": {"2015": 1}, "citations_years": {}, "old_citations": {"2015": 0}, "isVisible": false}, "1909633602": {"name": "g s dangayach", "type": "author", "activity": 11, "h_index": 2, "h5_index": 1, "mag_id": "1909633602", "num_publications": 1, "num_citations": 0, "num_publications_5y": 0, "num_citations_5y": 0, "num_publications_10y": 1, "num_citations_10y": 0, "publications_years": {"2011": 1}, "citations_years": {}, "old_citations": {"2011": 0}, "isVisible": false}, "1951929479": {"name": "boutheina ben yaghlane", "type": "author", "activity": 21, "h_index": 6, "h5_index": 2, "mag_id": "1951929479", "num_publications": 1, "num_citations": 0, "num_publications_5y": 1, "num_citations_5y": 0, "num_publications_10y": 1, "num_citations_10y": 0, "publications_years": {"2015": 1}, "citations_years": {}, "old_citations": {"2015": 0}, "isVisible": false}, "1977666792": {"name": "yuya kajikawa", "type": "author", "activity": 13, "h_index": 13, "h5_index": 3, "mag_id": "1977666792", "num_publications": 1, "num_citations": 1, "num_publications_5y": 0, "num_citations_5y": 1, "num_publications_10y": 1, "num_citations_10y": 1, "publications_years": {"2011": 1}, "citations_years": {"2018": 1}, "old_citations": {"2011": 1}, "isVisible": false}, "1984251243": {"name": "junichiro mori", "type": "author", "activity": 17, "h_index": 14, "h5_index": 3, "mag_id": "1984251243", "num_publications": 1, "num_citations": 1, "num_publications_5y": 0, "num_citations_5y": 1, "num_publications_10y": 1, "num_citations_10y": 1, "publications_years": {"2011": 1}, "citations_years": {"2018": 1}, "old_citations": {"2011": 1}, "isVisible": false}, "1986116868": {"name": "michael heiss", "type": "author", "activity": 24, "h_index": 5, "h5_index": 0, "mag_id": "1986116868", "num_publications": 1, "num_citations": 8, "num_publications_5y": 0, "num_citations_5y": 6, "num_publications_10y": 1, "num_citations_10y": 8, "publications_years": {"2012": 1}, "citations_years": {"2013": 2, "2014": 4, "2015": 2}, "old_citations": {"2012": 8}, "isVisible": false}, "1986365644": {"name": "chi jung kuan", "type": "author", "activity": 2, "h_index": 2, "h5_index": 0, "mag_id": "1986365644", "num_publications": 1, "num_citations": 17, "num_publications_5y": 0, "num_citations_5y": 11, "num_publications_10y": 1, "num_citations_10y": 11, "publications_years": {"2011": 1}, "citations_years": {"2015": 1, "2016": 2, "2017": 4, "2018": 4, "2019": 6}, "old_citations": {"2011": 17}, "isVisible": false}, "1996104436": {"name": "csaba tapler", "type": "author", "activity": 3, "h_index": 1, "h5_index": 0, "mag_id": "1996104436", "num_publications": 1, "num_citations": 1, "num_publications_5y": 0, "num_citations_5y": 1, "num_publications_10y": 1, "num_citations_10y": 1, "publications_years": {"2012": 1}, "citations_years": {"2014": 1}, "old_citations": {"2012": 1}, "isVisible": false}, "2000836564": {"name": "seyed mohammad seyedhosseini", "type": "author", "activity": 9, "h_index": 4, "h5_index": 1, "mag_id": "2000836564", "num_publications": 1, "num_citations": 4, "num_publications_5y": 0, "num_citations_5y": 4, "num_publications_10y": 1, "num_citations_10y": 4, "publications_years": {"2011": 1}, "citations_years": {"2014": 2, "2015": 0, "2016": 0, "2017": 2}, "old_citations": {"2011": 4}, "isVisible": false}, "2004090012": {"name": "walter christian kammergruber", "type": "author", "activity": 7, "h_index": 5, "h5_index": 0, "mag_id": "2004090012", "num_publications": 1, "num_citations": 8, "num_publications_5y": 0, "num_citations_5y": 6, "num_publications_10y": 1, "num_citations_10y": 8, "publications_years": {"2012": 1}, "citations_years": {"2013": 2, "2014": 4, "2015": 2}, "old_citations": {"2012": 8}, "isVisible": false}, "2006057191": {"name": "shahram sarkani", "type": "author", "activity": 16, "h_index": 9, "h5_index": 3, "mag_id": "2006057191", "num_publications": 1, "num_citations": 0, "num_publications_5y": 0, "num_citations_5y": 0, "num_publications_10y": 1, "num_citations_10y": 0, "publications_years": {"2011": 1}, "citations_years": {}, "old_citations": {"2011": 0}, "isVisible": false}, "2030771440": {"name": "behzad ghodrati", "type": "author", "activity": 17, "h_index": 4, "h5_index": 2, "mag_id": "2030771440", "num_publications": 1, "num_citations": 0, "num_publications_5y": 0, "num_citations_5y": 0, "num_publications_10y": 1, "num_citations_10y": 0, "publications_years": {"2012": 1}, "citations_years": {}, "old_citations": {"2012": 0}, "isVisible": false}, "2031929333": {"name": "josefin ejlertsson", "type": "author", "activity": 1, "h_index": 1, "h5_index": 0, "mag_id": "2031929333", "num_publications": 1, "num_citations": 2, "num_publications_5y": 0, "num_citations_5y": 1, "num_publications_10y": 1, "num_citations_10y": 1, "publications_years": {"2011": 1}, "citations_years": {"2015": 1, "2016": 0, "2017": 0, "2018": 0, "2019": 0, "2020": 1}, "old_citations": {"2011": 2}, "isVisible": false}, "2048114681": {"name": "russell k thornley", "type": "author", "activity": 1, "h_index": 1, "h5_index": 0, "mag_id": "2048114681", "num_publications": 1, "num_citations": 2, "num_publications_5y": 0, "num_citations_5y": 2, "num_publications_10y": 1, "num_citations_10y": 2, "publications_years": {"2012": 1}, "citations_years": {"2014": 1, "2015": 1}, "old_citations": {"2012": 2}, "isVisible": false}, "2099336711": {"name": "young mo kang", "type": "author", "activity": 1, "h_index": 1, "h5_index": 0, "mag_id": "2099336711", "num_publications": 1, "num_citations": 26, "num_publications_5y": 0, "num_citations_5y": 19, "num_publications_10y": 1, "num_citations_10y": 26, "publications_years": {"2011": 1}, "citations_years": {"2012": 3, "2013": 4, "2014": 7, "2015": 5, "2016": 6, "2017": 1}, "old_citations": {"2011": 26}, "isVisible": false}, "2103980530": {"name": "seonkoo jeong", "type": "author", "activity": 1, "h_index": 1, "h5_index": 0, "mag_id": "2103980530", "num_publications": 1, "num_citations": 2, "num_publications_5y": 0, "num_citations_5y": 1, "num_publications_10y": 1, "num_citations_10y": 2, "publications_years": {"2011": 1}, "citations_years": {"2013": 1, "2014": 0, "2015": 0, "2016": 0, "2017": 1}, "old_citations": {"2011": 2}, "isVisible": false}, "2111595555": {"name": "yujin jeong", "type": "author", "activity": 9, "h_index": 2, "h5_index": 1, "mag_id": "2111595555", "num_publications": 1, "num_citations": 2, "num_publications_5y": 0, "num_citations_5y": 2, "num_publications_10y": 1, "num_citations_10y": 2, "publications_years": {"2011": 1}, "citations_years": {"2014": 1, "2015": 0, "2016": 0, "2017": 0, "2018": 1}, "old_citations": {"2011": 2}, "isVisible": false}, "2115512963": {"name": "nannan wang", "type": "author", "activity": 4, "h_index": 1, "h5_index": 0, "mag_id": "2115512963", "num_publications": 1, "num_citations": 1, "num_publications_5y": 0, "num_citations_5y": 1, "num_publications_10y": 1, "num_citations_10y": 1, "publications_years": {"2011": 1}, "citations_years": {"2014": 1}, "old_citations": {"2011": 1}, "isVisible": false}, "2116465960": {"name": "yunghsin lee", "type": "author", "activity": 2, "h_index": 2, "h5_index": 0, "mag_id": "2116465960", "num_publications": 1, "num_citations": 17, "num_publications_5y": 0, "num_citations_5y": 11, "num_publications_10y": 1, "num_citations_10y": 11, "publications_years": {"2011": 1}, "citations_years": {"2015": 1, "2016": 2, "2017": 4, "2018": 4, "2019": 6}, "old_citations": {"2011": 17}, "isVisible": false}, "2123496442": {"name": "stephen b adams", "type": "author", "activity": 1, "h_index": 0, "h5_index": 0, "mag_id": "2123496442", "num_publications": 1, "num_citations": 0, "num_publications_5y": 0, "num_citations_5y": 0, "num_publications_10y": 1, "num_citations_10y": 0, "publications_years": {"2011": 1}, "citations_years": {}, "old_citations": {"2011": 0}, "isVisible": false}, "2124648999": {"name": "mansour souissi mohamed chaabane", "type": "author", "activity": 1, "h_index": 0, "h5_index": 0, "mag_id": "2124648999", "num_publications": 1, "num_citations": 0, "num_publications_5y": 1, "num_citations_5y": 0, "num_publications_10y": 1, "num_citations_10y": 0, "publications_years": {"2015": 1}, "citations_years": {}, "old_citations": {"2015": 0}, "isVisible": false}, "2124779253": {"name": "yuteng jacky jang", "type": "author", "activity": 6, "h_index": 1, "h5_index": 1, "mag_id": "2124779253", "num_publications": 1, "num_citations": 0, "num_publications_5y": 0, "num_citations_5y": 0, "num_publications_10y": 1, "num_citations_10y": 0, "publications_years": {"2011": 1}, "citations_years": {}, "old_citations": {"2011": 0}, "isVisible": false}, "2125276951": {"name": "soumya banerjee", "type": "author", "activity": 16, "h_index": 9, "h5_index": 3, "mag_id": "2125276951", "num_publications": 1, "num_citations": 0, "num_publications_5y": 0, "num_citations_5y": 0, "num_publications_10y": 1, "num_citations_10y": 0, "publications_years": {"2011": 1}, "citations_years": {}, "old_citations": {"2011": 0}, "isVisible": false}, "2126337623": {"name": "hisashi kashima", "type": "author", "activity": 22, "h_index": 26, "h5_index": 6, "mag_id": "2126337623", "num_publications": 1, "num_citations": 1, "num_publications_5y": 0, "num_citations_5y": 1, "num_publications_10y": 1, "num_citations_10y": 1, "publications_years": {"2011": 1}, "citations_years": {"2018": 1}, "old_citations": {"2011": 1}, "isVisible": false}, "2131421534": {"name": "hassan najadat", "type": "author", "activity": 16, "h_index": 6, "h5_index": 2, "mag_id": "2131421534", "num_publications": 1, "num_citations": 0, "num_publications_5y": 1, "num_citations_5y": 0, "num_publications_10y": 1, "num_citations_10y": 0, "publications_years": {"2015": 1}, "citations_years": {}, "old_citations": {"2015": 0}, "isVisible": false}, "2135796845": {"name": "suren n dwivedi", "type": "author", "activity": 22, "h_index": 4, "h5_index": 0, "mag_id": "2135796845", "num_publications": 1, "num_citations": 0, "num_publications_5y": 0, "num_citations_5y": 0, "num_publications_10y": 1, "num_citations_10y": 0, "publications_years": {"2012": 1}, "citations_years": {}, "old_citations": {"2012": 0}, "isVisible": false}, "2137452548": {"name": "emelie gustafsson", "type": "author", "activity": 1, "h_index": 1, "h5_index": 0, "mag_id": "2137452548", "num_publications": 1, "num_citations": 2, "num_publications_5y": 0, "num_citations_5y": 1, "num_publications_10y": 1, "num_citations_10y": 1, "publications_years": {"2011": 1}, "citations_years": {"2015": 1, "2016": 0, "2017": 0, "2018": 0, "2019": 0, "2020": 1}, "old_citations": {"2011": 2}, "isVisible": false}, "2148573127": {"name": "shuchih ernest chang", "type": "author", "activity": 15, "h_index": 6, "h5_index": 2, "mag_id": "2148573127", "num_publications": 1, "num_citations": 0, "num_publications_5y": 0, "num_citations_5y": 0, "num_publications_10y": 1, "num_citations_10y": 0, "publications_years": {"2011": 1}, "citations_years": {}, "old_citations": {"2011": 0}, "isVisible": false}, "2149522813": {"name": "henrik hagman", "type": "author", "activity": 1, "h_index": 1, "h5_index": 0, "mag_id": "2149522813", "num_publications": 1, "num_citations": 2, "num_publications_5y": 0, "num_citations_5y": 1, "num_publications_10y": 1, "num_citations_10y": 1, "publications_years": {"2011": 1}, "citations_years": {"2015": 1, "2016": 0, "2017": 0, "2018": 0, "2019": 0, "2020": 1}, "old_citations": {"2011": 2}, "isVisible": false}, "2152576136": {"name": "ali sadeghi", "type": "author", "activity": 1, "h_index": 1, "h5_index": 0, "mag_id": "2152576136", "num_publications": 1, "num_citations": 4, "num_publications_5y": 0, "num_citations_5y": 3, "num_publications_10y": 1, "num_citations_10y": 4, "publications_years": {"2011": 1}, "citations_years": {"2012": 1, "2013": 0, "2014": 1, "2015": 0, "2016": 1, "2017": 0, "2018": 1}, "old_citations": {"2011": 4}, "isVisible": false}, "2161167339": {"name": "lily shuilien chen", "type": "author", "activity": 2, "h_index": 3, "h5_index": 0, "mag_id": "2161167339", "num_publications": 1, "num_citations": 17, "num_publications_5y": 0, "num_citations_5y": 11, "num_publications_10y": 1, "num_citations_10y": 11, "publications_years": {"2011": 1}, "citations_years": {"2015": 1, "2016": 2, "2017": 4, "2018": 4, "2019": 6}, "old_citations": {"2011": 17}, "isVisible": false}, "2167700532": {"name": "mohammed i alsaleh", "type": "author", "activity": 11, "h_index": 7, "h5_index": 3, "mag_id": "2167700532", "num_publications": 1, "num_citations": 2, "num_publications_5y": 1, "num_citations_5y": 2, "num_publications_10y": 1, "num_citations_10y": 2, "publications_years": {"2015": 1}, "citations_years": {"2016": 1, "2017": 1}, "old_citations": {"2015": 2}, "isVisible": false}, "2169916683": {"name": "ahmad rawashdeh", "type": "author", "activity": 6, "h_index": 2, "h5_index": 0, "mag_id": "2169916683", "num_publications": 1, "num_citations": 0, "num_publications_5y": 1, "num_citations_5y": 0, "num_publications_10y": 1, "num_citations_10y": 0, "publications_years": {"2015": 1}, "citations_years": {}, "old_citations": {"2015": 0}, "isVisible": false}, "2217134527": {"name": "min xie", "type": "author", "activity": 31, "h_index": 37, "h5_index": 8, "mag_id": "2217134527", "num_publications": 1, "num_citations": 0, "num_publications_5y": 0, "num_citations_5y": 0, "num_publications_10y": 1, "num_citations_10y": 0, "publications_years": {"2011": 1}, "citations_years": {}, "old_citations": {"2011": 0}, "isVisible": false}, "2223235351": {"name": "kumiko shirai", "type": "author", "activity": 1, "h_index": 1, "h5_index": 0, "mag_id": "2223235351", "num_publications": 1, "num_citations": 1, "num_publications_5y": 0, "num_citations_5y": 0, "num_publications_10y": 1, "num_citations_10y": 1, "publications_years": {"2011": 1}, "citations_years": {"2012": 1}, "old_citations": {"2011": 1}, "isVisible": false}, "2225599175": {"name": "sean lockhead", "type": "author", "activity": 1, "h_index": 1, "h5_index": 0, "mag_id": "2225599175", "num_publications": 1, "num_citations": 2, "num_publications_5y": 0, "num_citations_5y": 1, "num_publications_10y": 1, "num_citations_10y": 1, "publications_years": {"2011": 1}, "citations_years": {"2015": 1, "2016": 0, "2017": 0, "2018": 0, "2019": 1}, "old_citations": {"2011": 2}, "isVisible": false}, "2226111805": {"name": "minghsuan robert tsai", "type": "author", "activity": 1, "h_index": 0, "h5_index": 0, "mag_id": "2226111805", "num_publications": 1, "num_citations": 0, "num_publications_5y": 0, "num_citations_5y": 0, "num_publications_10y": 1, "num_citations_10y": 0, "publications_years": {"2011": 1}, "citations_years": {}, "old_citations": {"2011": 0}, "isVisible": false}, "2226933429": {"name": "clemens wiener", "type": "author", "activity": 3, "h_index": 1, "h5_index": 0, "mag_id": "2226933429", "num_publications": 1, "num_citations": 8, "num_publications_5y": 0, "num_citations_5y": 6, "num_publications_10y": 1, "num_citations_10y": 8, "publications_years": {"2012": 1}, "citations_years": {"2013": 2, "2014": 4, "2015": 2}, "old_citations": {"2012": 8}, "isVisible": false}, "2228723909": {"name": "isaac newton acquah", "type": "author", "activity": 3, "h_index": 1, "h5_index": 0, "mag_id": "2228723909", "num_publications": 1, "num_citations": 8, "num_publications_5y": 0, "num_citations_5y": 6, "num_publications_10y": 1, "num_citations_10y": 8, "publications_years": {"2012": 1}, "citations_years": {"2013": 2, "2014": 4, "2015": 2}, "old_citations": {"2012": 8}, "isVisible": false}, "2229875007": {"name": "hannes ullman", "type": "author", "activity": 1, "h_index": 1, "h5_index": 0, "mag_id": "2229875007", "num_publications": 1, "num_citations": 2, "num_publications_5y": 0, "num_citations_5y": 1, "num_publications_10y": 1, "num_citations_10y": 1, "publications_years": {"2011": 1}, "citations_years": {"2015": 1, "2016": 0, "2017": 0, "2018": 0, "2019": 0, "2020": 1}, "old_citations": {"2011": 2}, "isVisible": false}, "2231072031": {"name": "thomas mayerdorfer", "type": "author", "activity": 2, "h_index": 2, "h5_index": 0, "mag_id": "2231072031", "num_publications": 1, "num_citations": 8, "num_publications_5y": 0, "num_citations_5y": 6, "num_publications_10y": 1, "num_citations_10y": 8, "publications_years": {"2012": 1}, "citations_years": {"2013": 2, "2014": 4, "2015": 2}, "old_citations": {"2012": 8}, "isVisible": false}, "2248779112": {"name": "k hans raj", "type": "author", "activity": 28, "h_index": 2, "h5_index": 1, "mag_id": "2248779112", "num_publications": 1, "num_citations": 0, "num_publications_5y": 0, "num_citations_5y": 0, "num_publications_10y": 1, "num_citations_10y": 0, "publications_years": {"2012": 1}, "citations_years": {}, "old_citations": {"2012": 0}, "isVisible": false}, "2250746641": {"name": "luis eugenio carretero diaz", "type": "author", "activity": 1, "h_index": 1, "h5_index": 0, "mag_id": "2250746641", "num_publications": 1, "num_citations": 2, "num_publications_5y": 0, "num_citations_5y": 2, "num_publications_10y": 1, "num_citations_10y": 2, "publications_years": {"2011": 1}, "citations_years": {"2017": 2}, "old_citations": {"2011": 2}, "isVisible": false}, "2259358494": {"name": "behin elahi", "type": "author", "activity": 9, "h_index": 2, "h5_index": 1, "mag_id": "2259358494", "num_publications": 1, "num_citations": 4, "num_publications_5y": 0, "num_citations_5y": 4, "num_publications_10y": 1, "num_citations_10y": 4, "publications_years": {"2011": 1}, "citations_years": {"2014": 2, "2015": 0, "2016": 0, "2017": 2}, "old_citations": {"2011": 4}, "isVisible": false}, "2278124117": {"name": "gulden eleyan", "type": "author", "activity": 8, "h_index": 1, "h5_index": 0, "mag_id": "2278124117", "num_publications": 1, "num_citations": 1, "num_publications_5y": 1, "num_citations_5y": 1, "num_publications_10y": 1, "num_citations_10y": 1, "publications_years": {"2015": 1}, "citations_years": {"2017": 1}, "old_citations": {"2015": 1}, "isVisible": false}, "2279638324": {"name": "c r rao rajeev wankar arun agarwal", "type": "author", "activity": 1, "h_index": 0, "h5_index": 0, "mag_id": "2279638324", "num_publications": 1, "num_citations": 0, "num_publications_5y": 1, "num_citations_5y": 0, "num_publications_10y": 1, "num_citations_10y": 0, "publications_years": {"2015": 1}, "citations_years": {}, "old_citations": {"2015": 0}, "isVisible": false}, "2291777035": {"name": "mohammad shukri salman hatem haddad", "type": "author", "activity": 1, "h_index": 0, "h5_index": 0, "mag_id": "2291777035", "num_publications": 1, "num_citations": 0, "num_publications_5y": 1, "num_citations_5y": 0, "num_publications_10y": 1, "num_citations_10y": 0, "publications_years": {"2015": 1}, "citations_years": {}, "old_citations": {"2015": 0}, "isVisible": false}, "2302748559": {"name": "peter nemeth", "type": "author", "activity": 3, "h_index": 1, "h5_index": 0, "mag_id": "2302748559", "num_publications": 1, "num_citations": 1, "num_publications_5y": 0, "num_citations_5y": 1, "num_publications_10y": 1, "num_citations_10y": 1, "publications_years": {"2012": 1}, "citations_years": {"2014": 1}, "old_citations": {"2012": 1}, "isVisible": false}, "2304002614": {"name": "magnus hellgren", "type": "author", "activity": 1, "h_index": 1, "h5_index": 0, "mag_id": "2304002614", "num_publications": 1, "num_citations": 2, "num_publications_5y": 0, "num_citations_5y": 1, "num_publications_10y": 1, "num_citations_10y": 1, "publications_years": {"2011": 1}, "citations_years": {"2015": 1, "2016": 0, "2017": 0, "2018": 0, "2019": 0, "2020": 1}, "old_citations": {"2011": 2}, "isVisible": false}, "2305149278": {"name": "manfred langen", "type": "author", "activity": 28, "h_index": 4, "h5_index": 0, "mag_id": "2305149278", "num_publications": 1, "num_citations": 8, "num_publications_5y": 0, "num_citations_5y": 6, "num_publications_10y": 1, "num_citations_10y": 8, "publications_years": {"2012": 1}, "citations_years": {"2013": 2, "2014": 4, "2015": 2}, "old_citations": {"2012": 8}, "isVisible": false}, "2317908892": {"name": "sadeq alhamouz", "type": "author", "activity": 1, "h_index": 1, "h5_index": 0, "mag_id": "2317908892", "num_publications": 1, "num_citations": 1, "num_publications_5y": 1, "num_citations_5y": 0, "num_publications_10y": 1, "num_citations_10y": 0, "publications_years": {"2015": 1}, "citations_years": {"2019": 1}, "old_citations": {"2015": 1}, "isVisible": false}, "2333430920": {"name": "mahmoud alayyoub majd alshalabi", "type": "author", "activity": 1, "h_index": 1, "h5_index": 0, "mag_id": "2333430920", "num_publications": 1, "num_citations": 8, "num_publications_5y": 1, "num_citations_5y": 8, "num_publications_10y": 1, "num_citations_10y": 8, "publications_years": {"2015": 1}, "citations_years": {"2015": 3, "2016": 3, "2017": 1, "2018": 1}, "old_citations": {"2015": 8}, "isVisible": false}, "2407328953": {"name": "janos botzheim", "type": "author", "activity": 19, "h_index": 14, "h5_index": 4, "mag_id": "2407328953", "num_publications": 1, "num_citations": 1, "num_publications_5y": 0, "num_citations_5y": 1, "num_publications_10y": 1, "num_citations_10y": 1, "publications_years": {"2012": 1}, "citations_years": {"2014": 1}, "old_citations": {"2012": 1}, "isVisible": false}, "2409635653": {"name": "ehsan teymourian", "type": "author", "activity": 9, "h_index": 7, "h5_index": 4, "mag_id": "2409635653", "num_publications": 1, "num_citations": 4, "num_publications_5y": 0, "num_citations_5y": 3, "num_publications_10y": 1, "num_citations_10y": 4, "publications_years": {"2011": 1}, "citations_years": {"2012": 1, "2013": 0, "2014": 1, "2015": 0, "2016": 1, "2017": 0, "2018": 1}, "old_citations": {"2011": 4}, "isVisible": false}, "2430894984": {"name": "tomio umeda", "type": "author", "activity": 11, "h_index": 1, "h5_index": 0, "mag_id": "2430894984", "num_publications": 1, "num_citations": 1, "num_publications_5y": 0, "num_citations_5y": 0, "num_publications_10y": 1, "num_citations_10y": 1, "publications_years": {"2011": 1}, "citations_years": {"2012": 1}, "old_citations": {"2011": 1}, "isVisible": false}, "2438340226": {"name": "j dasgupta", "type": "author", "activity": 1, "h_index": 1, "h5_index": 0, "mag_id": "2438340226", "num_publications": 1, "num_citations": 3, "num_publications_5y": 0, "num_citations_5y": 2, "num_publications_10y": 1, "num_citations_10y": 3, "publications_years": {"2011": 1}, "citations_years": {"2012": 1, "2013": 0, "2014": 2}, "old_citations": {"2011": 3}, "isVisible": false}, "2440584047": {"name": "gopal agarwal", "type": "author", "activity": 9, "h_index": 0, "h5_index": 0, "mag_id": "2440584047", "num_publications": 1, "num_citations": 0, "num_publications_5y": 0, "num_citations_5y": 0, "num_publications_10y": 1, "num_citations_10y": 0, "publications_years": {"2011": 1}, "citations_years": {}, "old_citations": {"2011": 0}, "isVisible": false}, "2479073925": {"name": "pablo garcia estevez", "type": "author", "activity": 1, "h_index": 1, "h5_index": 0, "mag_id": "2479073925", "num_publications": 1, "num_citations": 2, "num_publications_5y": 0, "num_citations_5y": 2, "num_publications_10y": 1, "num_citations_10y": 2, "publications_years": {"2011": 1}, "citations_years": {"2017": 2}, "old_citations": {"2011": 2}, "isVisible": false}, "2503840762": {"name": "jose m arias", "type": "author", "activity": 1, "h_index": 0, "h5_index": 0, "mag_id": "2503840762", "num_publications": 1, "num_citations": 0, "num_publications_5y": 0, "num_citations_5y": 0, "num_publications_10y": 1, "num_citations_10y": 0, "publications_years": {"2012": 1}, "citations_years": {}, "old_citations": {"2012": 0}, "isVisible": false}, "2505413655": {"name": "partha dey", "type": "author", "activity": 1, "h_index": 0, "h5_index": 0, "mag_id": "2505413655", "num_publications": 1, "num_citations": 0, "num_publications_5y": 0, "num_citations_5y": 0, "num_publications_10y": 1, "num_citations_10y": 0, "publications_years": {"2011": 1}, "citations_years": {}, "old_citations": {"2011": 0}, "isVisible": false}, "2526780836": {"name": "kim davis", "type": "author", "activity": 1, "h_index": 0, "h5_index": 0, "mag_id": "2526780836", "num_publications": 1, "num_citations": 0, "num_publications_5y": 0, "num_citations_5y": 0, "num_publications_10y": 1, "num_citations_10y": 0, "publications_years": {"2011": 1}, "citations_years": {}, "old_citations": {"2011": 0}, "isVisible": false}, "2578680650": {"name": "alaa eleyan", "type": "author", "activity": 3, "h_index": 1, "h5_index": 0, "mag_id": "2578680650", "num_publications": 1, "num_citations": 1, "num_publications_5y": 1, "num_citations_5y": 1, "num_publications_10y": 1, "num_citations_10y": 1, "publications_years": {"2015": 1}, "citations_years": {"2017": 1}, "old_citations": {"2015": 1}, "isVisible": false}, "2583836688": {"name": "jinesh kumar jain", "type": "author", "activity": 1, "h_index": 0, "h5_index": 0, "mag_id": "2583836688", "num_publications": 1, "num_citations": 0, "num_publications_5y": 0, "num_citations_5y": 0, "num_publications_10y": 1, "num_citations_10y": 0, "publications_years": {"2011": 1}, "citations_years": {}, "old_citations": {"2011": 0}, "isVisible": false}, "2598210336": {"name": "huiling cao", "type": "author", "activity": 1, "h_index": 0, "h5_index": 0, "mag_id": "2598210336", "num_publications": 1, "num_citations": 0, "num_publications_5y": 0, "num_citations_5y": 0, "num_publications_10y": 1, "num_citations_10y": 0, "publications_years": {"2012": 1}, "citations_years": {}, "old_citations": {"2012": 0}, "isVisible": false}, "2633147773": {"name": "gerrit van ommering", "type": "author", "activity": 1, "h_index": 1, "h5_index": 0, "mag_id": "2633147773", "num_publications": 1, "num_citations": 1, "num_publications_5y": 0, "num_citations_5y": 1, "num_publications_10y": 1, "num_citations_10y": 1, "publications_years": {"2011": 1}, "citations_years": {"2015": 1}, "old_citations": {"2011": 1}, "isVisible": false}, "2636533810": {"name": "asma tawil", "type": "author", "activity": 1, "h_index": 0, "h5_index": 0, "mag_id": "2636533810", "num_publications": 1, "num_citations": 0, "num_publications_5y": 1, "num_citations_5y": 0, "num_publications_10y": 1, "num_citations_10y": 0, "publications_years": {"2015": 1}, "citations_years": {}, "old_citations": {"2015": 0}, "isVisible": false}, "2638075240": {"name": "ming chao wang", "type": "author", "activity": 1, "h_index": 0, "h5_index": 0, "mag_id": "2638075240", "num_publications": 1, "num_citations": 0, "num_publications_5y": 0, "num_citations_5y": 0, "num_publications_10y": 1, "num_citations_10y": 0, "publications_years": {"2011": 1}, "citations_years": {}, "old_citations": {"2011": 0}, "isVisible": false}, "2638915820": {"name": "rajesh s prabhu gaonkar", "type": "author", "activity": 4, "h_index": 1, "h5_index": 0, "mag_id": "2638915820", "num_publications": 1, "num_citations": 0, "num_publications_5y": 0, "num_citations_5y": 0, "num_publications_10y": 1, "num_citations_10y": 0, "publications_years": {"2011": 1}, "citations_years": {}, "old_citations": {"2011": 0}, "isVisible": false}, "2639335436": {"name": "g sahoo", "type": "author", "activity": 1, "h_index": 1, "h5_index": 0, "mag_id": "2639335436", "num_publications": 1, "num_citations": 3, "num_publications_5y": 0, "num_citations_5y": 2, "num_publications_10y": 1, "num_citations_10y": 3, "publications_years": {"2011": 1}, "citations_years": {"2012": 1, "2013": 0, "2014": 2}, "old_citations": {"2011": 3}, "isVisible": false}, "2649630639": {"name": "r p mohanty", "type": "author", "activity": 2, "h_index": 1, "h5_index": 0, "mag_id": "2649630639", "num_publications": 1, "num_citations": 3, "num_publications_5y": 0, "num_citations_5y": 2, "num_publications_10y": 1, "num_citations_10y": 3, "publications_years": {"2011": 1}, "citations_years": {"2012": 1, "2013": 0, "2014": 2}, "old_citations": {"2011": 3}, "isVisible": false}, "2654061323": {"name": "brian kosinski", "type": "author", "activity": 1, "h_index": 1, "h5_index": 0, "mag_id": "2654061323", "num_publications": 1, "num_citations": 1, "num_publications_5y": 0, "num_citations_5y": 1, "num_publications_10y": 1, "num_citations_10y": 1, "publications_years": {"2011": 1}, "citations_years": {"2015": 1}, "old_citations": {"2011": 1}, "isVisible": false}, "2655288126": {"name": "hsiangling huang", "type": "author", "activity": 1, "h_index": 1, "h5_index": 0, "mag_id": "2655288126", "num_publications": 1, "num_citations": 17, "num_publications_5y": 0, "num_citations_5y": 11, "num_publications_10y": 1, "num_citations_10y": 11, "publications_years": {"2011": 1}, "citations_years": {"2015": 1, "2016": 2, "2017": 4, "2018": 4, "2019": 6}, "old_citations": {"2011": 17}, "isVisible": false}, "2655351776": {"name": "hechun wang", "type": "author", "activity": 1, "h_index": 0, "h5_index": 0, "mag_id": "2655351776", "num_publications": 1, "num_citations": 0, "num_publications_5y": 0, "num_citations_5y": 0, "num_publications_10y": 1, "num_citations_10y": 0, "publications_years": {"2012": 1}, "citations_years": {}, "old_citations": {"2012": 0}, "isVisible": false}, "2659547467": {"name": "larry wray", "type": "author", "activity": 1, "h_index": 1, "h5_index": 0, "mag_id": "2659547467", "num_publications": 1, "num_citations": 1, "num_publications_5y": 0, "num_citations_5y": 1, "num_publications_10y": 1, "num_citations_10y": 1, "publications_years": {"2011": 1}, "citations_years": {"2015": 1}, "old_citations": {"2011": 1}, "isVisible": false}, "2666053145": {"name": "taiyu lee", "type": "author", "activity": 1, "h_index": 0, "h5_index": 0, "mag_id": "2666053145", "num_publications": 1, "num_citations": 0, "num_publications_5y": 0, "num_citations_5y": 0, "num_publications_10y": 1, "num_citations_10y": 0, "publications_years": {"2011": 1}, "citations_years": {}, "old_citations": {"2011": 0}, "isVisible": false}, "2667448479": {"name": "t p chang", "type": "author", "activity": 1, "h_index": 1, "h5_index": 0, "mag_id": "2667448479", "num_publications": 1, "num_citations": 1, "num_publications_5y": 0, "num_citations_5y": 1, "num_publications_10y": 1, "num_citations_10y": 1, "publications_years": {"2011": 1}, "citations_years": {"2014": 1}, "old_citations": {"2011": 1}, "isVisible": false}, "2670715384": {"name": "sirzat kahramanli", "type": "author", "activity": 1, "h_index": 1, "h5_index": 0, "mag_id": "2670715384", "num_publications": 1, "num_citations": 1, "num_publications_5y": 1, "num_citations_5y": 0, "num_publications_10y": 1, "num_citations_10y": 0, "publications_years": {"2015": 1}, "citations_years": {"2020": 1}, "old_citations": {"2015": 1}, "isVisible": false}, "2689522775": {"name": "emrah ugurlu", "type": "author", "activity": 1, "h_index": 0, "h5_index": 0, "mag_id": "2689522775", "num_publications": 1, "num_citations": 0, "num_publications_5y": 1, "num_citations_5y": 0, "num_publications_10y": 1, "num_citations_10y": 0, "publications_years": {"2015": 1}, "citations_years": {}, "old_citations": {"2015": 0}, "isVisible": false}, "2693464293": {"name": "yichia chiu", "type": "author", "activity": 1, "h_index": 0, "h5_index": 0, "mag_id": "2693464293", "num_publications": 1, "num_citations": 0, "num_publications_5y": 0, "num_citations_5y": 0, "num_publications_10y": 1, "num_citations_10y": 0, "publications_years": {"2011": 1}, "citations_years": {}, "old_citations": {"2011": 0}, "isVisible": false}, "2699117840": {"name": "y t tai", "type": "author", "activity": 1, "h_index": 0, "h5_index": 0, "mag_id": "2699117840", "num_publications": 1, "num_citations": 0, "num_publications_5y": 0, "num_citations_5y": 0, "num_publications_10y": 1, "num_citations_10y": 0, "publications_years": {"2011": 1}, "citations_years": {}, "old_citations": {"2011": 0}, "isVisible": false}, "2703555299": {"name": "jingqin su", "type": "author", "activity": 1, "h_index": 0, "h5_index": 0, "mag_id": "2703555299", "num_publications": 1, "num_citations": 0, "num_publications_5y": 0, "num_citations_5y": 0, "num_publications_10y": 1, "num_citations_10y": 0, "publications_years": {"2012": 1}, "citations_years": {}, "old_citations": {"2012": 0}, "isVisible": false}, "2711668912": {"name": "mohammad i alsaleh dana n odeh", "type": "author", "activity": 1, "h_index": 1, "h5_index": 0, "mag_id": "2711668912", "num_publications": 1, "num_citations": 5, "num_publications_5y": 1, "num_citations_5y": 3, "num_publications_10y": 1, "num_citations_10y": 3, "publications_years": {"2015": 1}, "citations_years": {"2017": 1, "2018": 2, "2019": 2}, "old_citations": {"2015": 5}, "isVisible": false}, "2714599422": {"name": "shihchieh fang", "type": "author", "activity": 10, "h_index": 3, "h5_index": 1, "mag_id": "2714599422", "num_publications": 1, "num_citations": 0, "num_publications_5y": 0, "num_citations_5y": 0, "num_publications_10y": 1, "num_citations_10y": 0, "publications_years": {"2011": 1}, "citations_years": {}, "old_citations": {"2011": 0}, "isVisible": false}, "2721595298": {"name": "anil kumar varma", "type": "author", "activity": 1, "h_index": 0, "h5_index": 0, "mag_id": "2721595298", "num_publications": 1, "num_citations": 0, "num_publications_5y": 0, "num_citations_5y": 0, "num_publications_10y": 1, "num_citations_10y": 0, "publications_years": {"2011": 1}, "citations_years": {}, "old_citations": {"2011": 0}, "isVisible": false}, "2723231089": {"name": "rajeev k upadhyay", "type": "author", "activity": 1, "h_index": 0, "h5_index": 0, "mag_id": "2723231089", "num_publications": 1, "num_citations": 0, "num_publications_5y": 0, "num_citations_5y": 0, "num_publications_10y": 1, "num_citations_10y": 0, "publications_years": {"2012": 1}, "citations_years": {}, "old_citations": {"2012": 0}, "isVisible": false}, "2748852759": {"name": "queyjen yeh", "type": "author", "activity": 16, "h_index": 3, "h5_index": 0, "mag_id": "2748852759", "num_publications": 1, "num_citations": 1, "num_publications_5y": 0, "num_citations_5y": 1, "num_publications_10y": 1, "num_citations_10y": 1, "publications_years": {"2011": 1}, "citations_years": {"2014": 1}, "old_citations": {"2011": 1}, "isVisible": false}, "2764748515": {"name": "jose antonio arantes salles", "type": "author", "activity": 1, "h_index": 1, "h5_index": 0, "mag_id": "2764748515", "num_publications": 1, "num_citations": 2, "num_publications_5y": 0, "num_citations_5y": 2, "num_publications_10y": 1, "num_citations_10y": 2, "publications_years": {"2011": 1}, "citations_years": {"2017": 2}, "old_citations": {"2011": 2}, "isVisible": false}, "2976437423": {"name": "jing lin", "type": "author", "activity": 15, "h_index": 4, "h5_index": 3, "mag_id": "2976437423", "num_publications": 1, "num_citations": 0, "num_publications_5y": 0, "num_citations_5y": 0, "num_publications_10y": 1, "num_citations_10y": 0, "publications_years": {"2012": 1}, "citations_years": {}, "old_citations": {"2012": 0}, "isVisible": false}}, "countries": {"United States": {"name": "United States", "type": "country", "h5_index": 308, "num_publications": 7, "num_citations": 5, "num_publications_5y": 1, "num_citations_5y": 4, "num_publications_10y": 7, "num_citations_10y": 5, "publications_years": {"2012": 3, "2011": 3, "2015": 1}, "citations_years": {"2012": 1, "2013": 0, "2014": 3, "2015": 1}, "old_citations": {"2012": 2, "2011": 3, "2015": 0}, "isVisible": false}, "Taiwan": {"name": "Taiwan", "type": "country", "h5_index": 69, "num_publications": 6, "num_citations": 18, "num_publications_5y": 0, "num_citations_5y": 12, "num_publications_10y": 6, "num_citations_10y": 12, "publications_years": {"2011": 6}, "citations_years": {"2015": 1, "2016": 2, "2017": 4, "2018": 4, "2019": 6, "2014": 1}, "old_citations": {"2011": 18}, "isVisible": false}, "India": {"name": "India", "type": "country", "h5_index": 78, "num_publications": 4, "num_citations": 3, "num_publications_5y": 1, "num_citations_5y": 2, "num_publications_10y": 4, "num_citations_10y": 3, "publications_years": {"2011": 2, "2012": 1, "2015": 1}, "citations_years": {"2012": 1, "2013": 0, "2014": 2}, "old_citations": {"2011": 3, "2012": 0, "2015": 0}, "isVisible": false}, "Jordan": {"name": "Jordan", "type": "country", "h5_index": 44, "num_publications": 4, "num_citations": 15, "num_publications_5y": 4, "num_citations_5y": 13, "num_publications_10y": 4, "num_citations_10y": 13, "publications_years": {"2015": 4}, "citations_years": {"2015": 3, "2016": 4, "2017": 3, "2018": 3, "2019": 2}, "old_citations": {"2015": 15}, "isVisible": false}, "South Korea": {"name": "South Korea", "type": "country", "h5_index": 100, "num_publications": 4, "num_citations": 34, "num_publications_5y": 0, "num_citations_5y": 25, "num_publications_10y": 4, "num_citations_10y": 34, "publications_years": {"2011": 4}, "citations_years": {"2012": 3, "2013": 6, "2014": 8, "2015": 6, "2016": 8, "2017": 2, "2018": 1}, "old_citations": {"2011": 34}, "isVisible": false}, "China": {"name": "China", "type": "country", "h5_index": 214, "num_publications": 2, "num_citations": 1, "num_publications_5y": 0, "num_citations_5y": 1, "num_publications_10y": 2, "num_citations_10y": 1, "publications_years": {"2011": 1, "2012": 1}, "citations_years": {"2014": 1}, "old_citations": {"2011": 1, "2012": 0}, "isVisible": false}, "Iran": {"name": "Iran", "type": "country", "h5_index": 63, "num_publications": 2, "num_citations": 8, "num_publications_5y": 0, "num_citations_5y": 7, "num_publications_10y": 2, "num_citations_10y": 8, "publications_years": {"2011": 2}, "citations_years": {"2014": 3, "2015": 0, "2016": 1, "2017": 2, "2012": 1, "2013": 0, "2018": 1}, "old_citations": {"2011": 8}, "isVisible": false}, "Japan": {"name": "Japan", "type": "country", "h5_index": 94, "num_publications": 2, "num_citations": 2, "num_publications_5y": 0, "num_citations_5y": 1, "num_publications_10y": 2, "num_citations_10y": 2, "publications_years": {"2011": 2}, "citations_years": {"2018": 1, "2012": 1}, "old_citations": {"2011": 2}, "isVisible": false}, "Sweden": {"name": "Sweden", "type": "country", "h5_index": 82, "num_publications": 2, "num_citations": 2, "num_publications_5y": 0, "num_citations_5y": 1, "num_publications_10y": 2, "num_citations_10y": 1, "publications_years": {"2012": 1, "2011": 1}, "citations_years": {"2015": 1, "2016": 0, "2017": 0, "2018": 0, "2019": 0, "2020": 1}, "old_citations": {"2012": 0, "2011": 2}, "isVisible": false}, "France": {"name": "France", "type": "country", "h5_index": 99, "num_publications": 1, "num_citations": 0, "num_publications_5y": 1, "num_citations_5y": 0, "num_publications_10y": 1, "num_citations_10y": 0, "publications_years": {"2015": 1}, "citations_years": {}, "old_citations": {"2015": 0}, "isVisible": false}, "Germany": {"name": "Germany", "type": "country", "h5_index": 139, "num_publications": 1, "num_citations": 8, "num_publications_5y": 0, "num_citations_5y": 6, "num_publications_10y": 1, "num_citations_10y": 8, "publications_years": {"2012": 1}, "citations_years": {"2013": 2, "2014": 4, "2015": 2}, "old_citations": {"2012": 8}, "isVisible": false}, "Hungary": {"name": "Hungary", "type": "country", "h5_index": 28, "num_publications": 1, "num_citations": 1, "num_publications_5y": 0, "num_citations_5y": 1, "num_publications_10y": 1, "num_citations_10y": 1, "publications_years": {"2012": 1}, "citations_years": {"2014": 1}, "old_citations": {"2012": 1}, "isVisible": false}, "Singapore": {"name": "Singapore", "type": "country", "h5_index": 105, "num_publications": 1, "num_citations": 0, "num_publications_5y": 0, "num_citations_5y": 0, "num_publications_10y": 1, "num_citations_10y": 0, "publications_years": {"2011": 1}, "citations_years": {}, "old_citations": {"2011": 0}, "isVisible": false}, "Turkey": {"name": "Turkey", "type": "country", "h5_index": 56, "num_publications": 1, "num_citations": 1, "num_publications_5y": 1, "num_citations_5y": 1, "num_publications_10y": 1, "num_citations_10y": 1, "publications_years": {"2015": 1}, "citations_years": {"2017": 1}, "old_citations": {"2015": 1}, "isVisible": false}}, "industrial_sectors": {"management": {"name": "management", "type": "industrial sector", "h5_index": 67, "num_publications": 1, "num_citations": 8, "num_publications_5y": 0, "num_citations_5y": 6, "num_publications_10y": 1, "num_citations_10y": 8, "publications_years": {"2012": 1}, "citations_years": {"2013": 2, "2014": 4, "2015": 2}, "old_citations": {"2012": 8}, "isVisible": false}}}, "conference_comparison": {"computer science": {}}, "topics_dna": {"publications": {}, "citations": {"normalized": {}, "average": {}}}, "info": {"num_publications": 43, "num_citations": 102.0, "impact_factor": {"2013": 0.25806451612903225, "2014": 0.8571428571428571, "2015": 0}, "publications_years": {"2011": 24, "2015": 12, "2012": 7}, "citations_years": {"2012": 6, "2013": 8, "2014": 21, "2015": 16, "2016": 15, "2017": 14, "2018": 10, "2019": 10, "2020": 2}, "old_citations": {"2011": 73, "2015": 18, "2012": 11}, "h5_index": 0}, "percentile": {"computer science": {"2011": 63, "2015": 60, "2012": 56}}, "conference_ranking": {"computer science": {"2011": 1572, "2015": 1666, "2012": 1873}}, "academia": {"num_publications": 33, "num_citations": 84, "publications_years": {"2011": 20, "2012": 6, "2013": 0, "2014": 0, "2015": 7}, "old_citations": {"2011": 65, "2012": 3, "2013": 0, "2014": 0, "2015": 16}, "num_publications_5y": 0, "num_citations_5y": 0, "num_publications_10y": 33, "num_citations_10y": 84}, "industry": {"num_publications": 1, "num_citations": 8, "publications_years": {"2012": 1}, "old_citations": {"2012": 8}, "num_publications_5y": 0, "num_citations_5y": 0, "num_publications_10y": 1, "num_citations_10y": 8}, "collaborative": {"num_publications": 0, "num_citations": 0, "publications_years": {}, "old_citations": {}, "num_publications_5y": 0, "num_citations_5y": 0, "num_publications_10y": 0, "num_citations_10y": 0}, "conferences": {}, "journals": {}, "organizations": {"publication_overall": ["Jordan University of Science and Technology", "Ajou University", "Birla Institute of Technology, Mesra", "Dongguk University", "National Cheng Kung University", "National Chung Hsing University", "Amirkabir University of Technology", "Ankara University", "Dalian University of Technology", "Dayalbagh Educational Institute", "George Washington University", "IEEE Computer Society", "ISG Business School", "Iran University of Science and Technology", "Islamic Azad University, Tehran", "Kainan University", "Lule\u00e5 University of Technology", "Lund University", "Massachusetts Institute of Technology", "Mazandaran University of Science and Technology", "Nagoya Institute of Technology", "National Chengchi University", "National Kaohsiung First University of Science and Technology", "National Taiwan University of Science and Technology", "National University of Singapore", "Salisbury University", "Shandong University", "Siemens (Germany)", "Singapore Polytechnic", "Sz\u00e9chenyi Istv\u00e1n University", "Tamkang University", "University of Cincinnati", "University of Hyderabad", "University of Louisiana at Lafayette", "University of Tokyo", "Utah Valley University"], "citation_overall": ["Ajou University", "National Taiwan University of Science and Technology", "Tamkang University", "Jordan University of Science and Technology", "Siemens (Germany)", "Amirkabir University of Technology", "Dongguk University", "Iran University of Science and Technology", "Islamic Azad University, Tehran", "Mazandaran University of Science and Technology", "Birla Institute of Technology, Mesra", "IEEE Computer Society", "Lund University", "Utah Valley University", "Ankara University", "Nagoya Institute of Technology", "National Cheng Kung University", "National Kaohsiung First University of Science and Technology", "Shandong University", "Sz\u00e9chenyi Istv\u00e1n University", "University of Tokyo", "Dalian University of Technology", "Dayalbagh Educational Institute", "George Washington University", "ISG Business School", "Kainan University", "Lule\u00e5 University of Technology", "Massachusetts Institute of Technology", "National Chengchi University", "National Chung Hsing University", "National University of Singapore", "Salisbury University", "Singapore Polytechnic", "University of Cincinnati", "University of Hyderabad", "University of Louisiana at Lafayette"], "publication_10_years": ["Jordan University of Science and Technology", "Ajou University", "Birla Institute of Technology, Mesra", "Dongguk University", "National Cheng Kung University", "National Chung Hsing University", "Amirkabir University of Technology", "Ankara University", "Dalian University of Technology", "Dayalbagh Educational Institute", "George Washington University", "IEEE Computer Society", "ISG Business School", "Iran University of Science and Technology", "Islamic Azad University, Tehran", "Kainan University", "Lule\u00e5 University of Technology", "Lund University", "Massachusetts Institute of Technology", "Mazandaran University of Science and Technology", "Nagoya Institute of Technology", "National Chengchi University", "National Kaohsiung First University of Science and Technology", "National Taiwan University of Science and Technology", "National University of Singapore", "Salisbury University", "Shandong University", "Siemens (Germany)", "Singapore Polytechnic", "Sz\u00e9chenyi Istv\u00e1n University", "Tamkang University", "University of Cincinnati", "University of Hyderabad", "University of Louisiana at Lafayette", "University of Tokyo", "Utah Valley University"], "citation_10_years": ["Ajou University", "National Taiwan University of Science and Technology", "Tamkang University", "Jordan University of Science and Technology", "Siemens (Germany)", "Amirkabir University of Technology", "Dongguk University", "Iran University of Science and Technology", "Islamic Azad University, Tehran", "Mazandaran University of Science and Technology", "Birla Institute of Technology, Mesra", "IEEE Computer Society", "Lund University", "Utah Valley University", "Ankara University", "Nagoya Institute of Technology", "National Cheng Kung University", "National Kaohsiung First University of Science and Technology", "Shandong University", "Sz\u00e9chenyi Istv\u00e1n University", "University of Tokyo", "Dalian University of Technology", "Dayalbagh Educational Institute", "George Washington University", "ISG Business School", "Kainan University", "Lule\u00e5 University of Technology", "Massachusetts Institute of Technology", "National Chengchi University", "National Chung Hsing University", "National University of Singapore", "Salisbury University", "Singapore Polytechnic", "University of Cincinnati", "University of Hyderabad", "University of Louisiana at Lafayette"], "publication_5_years": [], "citation_5_years": []}, "countries": {"publication_overall": ["United States", "Taiwan", "India", "Jordan", "South Korea", "China", "Iran", "Japan", "Sweden", "France", "Germany", "Hungary", "Singapore", "Turkey"], "citation_overall": ["South Korea", "Taiwan", "Jordan", "Germany", "Iran", "United States", "India", "Japan", "Sweden", "China", "Hungary", "Turkey", "France", "Singapore"], "publication_10_years": ["United States", "Taiwan", "India", "Jordan", "South Korea", "China", "Iran", "Japan", "Sweden", "France", "Germany", "Hungary", "Singapore", "Turkey"], "citation_10_years": ["South Korea", "Taiwan", "Jordan", "Germany", "Iran", "United States", "India", "Japan", "Sweden", "China", "Hungary", "Turkey", "France", "Singapore"], "publication_5_years": [], "citation_5_years": []}, "topics": {"publication_overall": ["computer science", "computer systems", "artificial intelligence", "computer networks", "information technology", "engineering", "internet", "computer hardware", "mathematics", "software engineering", "information systems", "telecommunication systems", "software design", "software architecture", "telecommunication networks", "database systems", "sensors", "e-commerce", "communication systems", "data communication systems"], "citation_overall": ["computer science", "computer systems", "computer networks", "telecommunication systems", "telecommunication networks", "computer hardware", "data communication systems", "internet", "engineering", "communication systems", "wireless telecommunication systems", "sensors", "communication channels (information theory)", "mobile telecommunication systems", "mobile computing", "mobile devices", "information technology", "economics", "cell phone", "cellular telephone systems"], "publication_10_years": ["computer science", "computer systems", "artificial intelligence", "computer networks", "information technology", "engineering", "internet", "computer hardware", "mathematics", "software engineering", "information systems", "telecommunication systems", "software design", "software architecture", "telecommunication networks", "database systems", "sensors", "e-commerce", "communication systems", "data communication systems"], "citation_10_years": ["computer science", "computer systems", "computer networks", "telecommunication systems", "telecommunication networks", "computer hardware", "data communication systems", "internet", "engineering", "communication systems", "wireless telecommunication systems", "sensors", "communication channels (information theory)", "mobile telecommunication systems", "mobile computing", "mobile devices", "information technology", "economics", "cell phone", "cellular telephone systems"], "publication_5_years": [], "citation_5_years": []}, "main_topics": ["computer science"], "authors": {"publication_overall": ["2110125036", "2233425816", "2778864094", "88566828", "322620886", "324192949", "338472734", "345131722", "374312535", "666245613", "1029563172", "1249835722", "1415182635", "1909633602", "1951929479", "1977666792", "1984251243", "1986116868", "1986365644", "1996104436", "2000836564", "2004090012", "2006057191", "2030771440", "2031929333", "2048114681", "2099336711", "2103980530", "2111595555", "2115512963", "2116465960", "2123496442", "2124648999", "2124779253", "2125276951", "2126337623", "2131421534", "2135796845", "2137452548", "2148573127", "2149522813", "2152576136", "2161167339", "2167700532", "2169916683", "2217134527", "2223235351", "2225599175", "2226111805", "2226933429", "2228723909", "2229875007", "2231072031", "2248779112", "2250746641", "2259358494", "2278124117", "2279638324", "2291777035", "2302748559", "2304002614", "2305149278", "2317908892", "2333430920", "2407328953", "2409635653", "2430894984", "2438340226", "2440584047", "2479073925", "2503840762", "2505413655", "2526780836", "2578680650", "2583836688", "2598210336", "2633147773", "2636533810", "2638075240", "2638915820", "2639335436", "2649630639", "2654061323", "2655288126", "2655351776", "2659547467", "2666053145", "2667448479", "2670715384", "2689522775", "2693464293", "2699117840", "2703555299", "2711668912", "2714599422", "2721595298", "2723231089", "2748852759", "2764748515", "2976437423"], "citation_overall": ["2233425816", "2778864094", "2099336711", "1986365644", "2116465960", "2161167339", "2655288126", "338472734", "1986116868", "2004090012", "2226933429", "2228723909", "2231072031", "2305149278", "2333430920", "374312535", "2711668912", "88566828", "1249835722", "2000836564", "2110125036", "2152576136", "2259358494", "2409635653", "2438340226", "2639335436", "2649630639", "2031929333", "2048114681", "2103980530", "2111595555", "2137452548", "2149522813", "2167700532", "2225599175", "2229875007", "2250746641", "2304002614", "2479073925", "2764748515", "324192949", "1029563172", "1977666792", "1984251243", "1996104436", "2115512963", "2126337623", "2223235351", "2278124117", "2302748559", "2317908892", "2407328953", "2430894984", "2578680650", "2633147773", "2654061323", "2659547467", "2667448479", "2670715384", "2748852759", "322620886", "345131722", "666245613", "1415182635", "1909633602", "1951929479", "2006057191", "2030771440", "2123496442", "2124648999", "2124779253", "2125276951", "2131421534", "2135796845", "2148573127", "2169916683", "2217134527", "2226111805", "2248779112", "2279638324", "2291777035", "2440584047", "2503840762", "2505413655", "2526780836", "2583836688", "2598210336", "2636533810", "2638075240", "2638915820", "2655351776", "2666053145", "2689522775", "2693464293", "2699117840", "2703555299", "2714599422", "2721595298", "2723231089", "2976437423"], "publication_10_years": ["2110125036", "2233425816", "2778864094", "88566828", "322620886", "324192949", "338472734", "345131722", "374312535", "666245613", "1029563172", "1249835722", "1415182635", "1909633602", "1951929479", "1977666792", "1984251243", "1986116868", "1986365644", "1996104436", "2000836564", "2004090012", "2006057191", "2030771440", "2031929333", "2048114681", "2099336711", "2103980530", "2111595555", "2115512963", "2116465960", "2123496442", "2124648999", "2124779253", "2125276951", "2126337623", "2131421534", "2135796845", "2137452548", "2148573127", "2149522813", "2152576136", "2161167339", "2167700532", "2169916683", "2217134527", "2223235351", "2225599175", "2226111805", "2226933429", "2228723909", "2229875007", "2231072031", "2248779112", "2250746641", "2259358494", "2278124117", "2279638324", "2291777035", "2302748559", "2304002614", "2305149278", "2317908892", "2333430920", "2407328953", "2409635653", "2430894984", "2438340226", "2440584047", "2479073925", "2503840762", "2505413655", "2526780836", "2578680650", "2583836688", "2598210336", "2633147773", "2636533810", "2638075240", "2638915820", "2639335436", "2649630639", "2654061323", "2655288126", "2655351776", "2659547467", "2666053145", "2667448479", "2670715384", "2689522775", "2693464293", "2699117840", "2703555299", "2711668912", "2714599422", "2721595298", "2723231089", "2748852759", "2764748515", "2976437423"], "citation_10_years": ["2233425816", "2778864094", "2099336711", "1986365644", "2116465960", "2161167339", "2655288126", "338472734", "1986116868", "2004090012", "2226933429", "2228723909", "2231072031", "2305149278", "2333430920", "374312535", "2711668912", "88566828", "1249835722", "2000836564", "2110125036", "2152576136", "2259358494", "2409635653", "2438340226", "2639335436", "2649630639", "2031929333", "2048114681", "2103980530", "2111595555", "2137452548", "2149522813", "2167700532", "2225599175", "2229875007", "2250746641", "2304002614", "2479073925", "2764748515", "324192949", "1029563172", "1977666792", "1984251243", "1996104436", "2115512963", "2126337623", "2223235351", "2278124117", "2302748559", "2317908892", "2407328953", "2430894984", "2578680650", "2633147773", "2654061323", "2659547467", "2667448479", "2670715384", "2748852759", "322620886", "345131722", "666245613", "1415182635", "1909633602", "1951929479", "2006057191", "2030771440", "2123496442", "2124648999", "2124779253", "2125276951", "2131421534", "2135796845", "2148573127", "2169916683", "2217134527", "2226111805", "2248779112", "2279638324", "2291777035", "2440584047", "2503840762", "2505413655", "2526780836", "2583836688", "2598210336", "2636533810", "2638075240", "2638915820", "2655351776", "2666053145", "2689522775", "2693464293", "2699117840", "2703555299", "2714599422", "2721595298", "2723231089", "2976437423"], "publication_5_years": [], "citation_5_years": []}, "industrial_sectors": {"publication_overall": ["management"], "citation_overall": ["management"], "publication_10_years": ["management"], "citation_10_years": ["management"], "publication_5_years": [], "citation_5_years": []}}