{"name": "Workshop on Declarative Aspects of Multicore Programming", "acronym": "DAMP", "type": "conference", "uniqueEntities": {"organizations": {"Microsoft (United States)": {"name": "Microsoft (United States)", "type": "organization", "organization_type": "Company", "h_index": 460, "h5_index": 116, "num_publications": 5, "num_citations": 257, "num_publications_5y": 0, "num_citations_5y": 94, "num_publications_10y": 3, "num_citations_10y": 227, "publications_years": {"2010": 1, "2007": 2, "2009": 2}, "citations_years": {"2012": 32, "2013": 27, "2014": 25, "2015": 24, "2016": 15, "2017": 18, "2018": 12, "2019": 10, "2007": 8, "2008": 11, "2009": 27, "2010": 23, "2011": 24, "2020": 1}, "old_citations": {"2010": 6, "2007": 167, "2009": 84}, "isVisible": false}, "University of Hertfordshire": {"name": "University of Hertfordshire", "type": "organization", "organization_type": "Education", "h_index": 76, "h5_index": 16, "num_publications": 5, "num_citations": 56, "num_publications_5y": 0, "num_citations_5y": 26, "num_publications_10y": 4, "num_citations_10y": 52, "publications_years": {"2009": 1, "2010": 1, "2011": 2, "2007": 1}, "citations_years": {"2011": 5, "2012": 9, "2010": 4, "2013": 7, "2014": 6, "2015": 8, "2016": 3, "2017": 5, "2018": 4, "2019": 4, "2009": 1}, "old_citations": {"2009": 2, "2010": 7, "2011": 33, "2007": 14}, "isVisible": false}, "Intel (United States)": {"name": "Intel (United States)", "type": "organization", "organization_type": "Company", "h_index": 279, "h5_index": 62, "num_publications": 2, "num_citations": 46, "num_publications_5y": 0, "num_citations_5y": 15, "num_publications_10y": 1, "num_citations_10y": 43, "publications_years": {"2007": 1, "2009": 1}, "citations_years": {"2007": 1, "2008": 0, "2009": 5, "2010": 4, "2011": 13, "2012": 3, "2013": 3, "2014": 6, "2015": 4, "2016": 2, "2017": 1, "2018": 2, "2019": 2}, "old_citations": {"2007": 22, "2009": 24}, "isVisible": false}, "National University of Singapore": {"name": "National University of Singapore", "type": "organization", "organization_type": "Education", "h_index": 219, "h5_index": 81, "num_publications": 2, "num_citations": 27, "num_publications_5y": 0, "num_citations_5y": 8, "num_publications_10y": 1, "num_citations_10y": 18, "publications_years": {"2007": 1, "2009": 1}, "citations_years": {"2007": 5, "2008": 3, "2009": 4, "2010": 2, "2011": 2, "2012": 0, "2013": 2, "2014": 0, "2015": 1, "2016": 3, "2017": 1, "2018": 3, "2019": 1}, "old_citations": {"2007": 19, "2009": 8}, "isVisible": false}, "Nvidia (United Kingdom)": {"name": "Nvidia (United Kingdom)", "type": "organization", "organization_type": "Company", "h_index": 102, "h5_index": 54, "num_publications": 2, "num_citations": 168, "num_publications_5y": 0, "num_citations_5y": 103, "num_publications_10y": 2, "num_citations_10y": 156, "publications_years": {"2011": 2}, "citations_years": {"2010": 1, "2011": 7, "2012": 25, "2013": 20, "2014": 27, "2015": 22, "2016": 19, "2017": 20, "2018": 15, "2019": 10, "2020": 2}, "old_citations": {"2011": 168}, "isVisible": false}, "Purdue University West Lafayette": {"name": "Purdue University West Lafayette", "type": "organization", "organization_type": "Education", "h_index": 215, "h5_index": 48, "num_publications": 2, "num_citations": 16, "num_publications_5y": 0, "num_citations_5y": 10, "num_publications_10y": 2, "num_citations_10y": 15, "publications_years": {"2010": 1, "2009": 1}, "citations_years": {"2011": 4, "2012": 1, "2013": 0, "2014": 4, "2015": 1, "2016": 4, "2017": 0, "2018": 1, "2008": 1, "2009": 0, "2010": 0}, "old_citations": {"2010": 12, "2009": 4}, "isVisible": false}, "Toyota Technological Institute At Chicago": {"name": "Toyota Technological Institute At Chicago", "type": "organization", "organization_type": "Education", "h_index": 74, "h5_index": 34, "num_publications": 2, "num_citations": 59, "num_publications_5y": 0, "num_citations_5y": 17, "num_publications_10y": 1, "num_citations_10y": 48, "publications_years": {"2007": 1, "2009": 1}, "citations_years": {"2007": 4, "2008": 6, "2009": 7, "2010": 8, "2011": 6, "2012": 6, "2013": 4, "2014": 4, "2015": 4, "2016": 5, "2017": 0, "2018": 4, "2019": 0, "2020": 1}, "old_citations": {"2007": 55, "2009": 4}, "isVisible": false}, "UNSW Sydney": {"name": "UNSW Sydney", "type": "organization", "organization_type": "Education", "h_index": 146, "h5_index": 56, "num_publications": 2, "num_citations": 324, "num_publications_5y": 0, "num_citations_5y": 145, "num_publications_10y": 1, "num_citations_10y": 292, "publications_years": {"2007": 1, "2011": 1}, "citations_years": {"2007": 7, "2008": 8, "2009": 20, "2010": 16, "2011": 22, "2012": 49, "2013": 40, "2014": 38, "2015": 35, "2016": 25, "2017": 26, "2018": 21, "2019": 14, "2020": 3}, "old_citations": {"2007": 157, "2011": 167}, "isVisible": false}, "University of Cambridge": {"name": "University of Cambridge", "type": "organization", "organization_type": "Education", "h_index": 250, "h5_index": 62, "num_publications": 2, "num_citations": 104, "num_publications_5y": 0, "num_citations_5y": 56, "num_publications_10y": 2, "num_citations_10y": 99, "publications_years": {"2010": 1, "2009": 1}, "citations_years": {"2011": 11, "2012": 13, "2013": 8, "2014": 19, "2015": 11, "2016": 7, "2017": 13, "2018": 6, "2019": 5, "2009": 4, "2010": 7}, "old_citations": {"2010": 28, "2009": 76}, "isVisible": false}, "Carnegie Mellon University": {"name": "Carnegie Mellon University", "type": "organization", "organization_type": "Education", "h_index": 441, "h5_index": 107, "num_publications": 1, "num_citations": 1, "num_publications_5y": 0, "num_citations_5y": 0, "num_publications_10y": 0, "num_citations_10y": 0, "publications_years": {"2007": 1}, "citations_years": {"2008": 1}, "old_citations": {"2007": 1}, "isVisible": false}, "French Institute for Research in Computer Science and Automation": {"name": "French Institute for Research in Computer Science and Automation", "type": "organization", "organization_type": "Government", "h_index": 247, "h5_index": 53, "num_publications": 1, "num_citations": 76, "num_publications_5y": 0, "num_citations_5y": 43, "num_publications_10y": 1, "num_citations_10y": 72, "publications_years": {"2009": 1}, "citations_years": {"2009": 4, "2010": 7, "2011": 6, "2012": 6, "2013": 6, "2014": 12, "2015": 9, "2016": 5, "2017": 12, "2018": 5, "2019": 4}, "old_citations": {"2009": 76}, "isVisible": false}, "Georgia Institute of Technology": {"name": "Georgia Institute of Technology", "type": "organization", "organization_type": "Education", "h_index": 280, "h5_index": 72, "num_publications": 1, "num_citations": 24, "num_publications_5y": 0, "num_citations_5y": 7, "num_publications_10y": 1, "num_citations_10y": 22, "publications_years": {"2009": 1}, "citations_years": {"2009": 1, "2010": 4, "2011": 8, "2012": 2, "2013": 0, "2014": 2, "2015": 2, "2016": 2, "2017": 0, "2018": 1, "2019": 2}, "old_citations": {"2009": 24}, "isVisible": false}, "Heriot-Watt University": {"name": "Heriot-Watt University", "type": "organization", "organization_type": "Education", "h_index": 73, "h5_index": 22, "num_publications": 1, "num_citations": 11, "num_publications_5y": 0, "num_citations_5y": 2, "num_publications_10y": 1, "num_citations_10y": 11, "publications_years": {"2009": 1}, "citations_years": {"2009": 2, "2010": 2, "2011": 1, "2012": 2, "2013": 2, "2014": 2}, "old_citations": {"2009": 11}, "isVisible": false}, "IT University of Copenhagen": {"name": "IT University of Copenhagen", "type": "organization", "organization_type": "Education", "h_index": 74, "h5_index": 24, "num_publications": 1, "num_citations": 8, "num_publications_5y": 0, "num_citations_5y": 5, "num_publications_10y": 1, "num_citations_10y": 7, "publications_years": {"2009": 1}, "citations_years": {"2009": 1, "2010": 0, "2011": 1, "2012": 0, "2013": 0, "2014": 0, "2015": 1, "2016": 3, "2017": 0, "2018": 1, "2019": 1}, "old_citations": {"2009": 8}, "isVisible": false}, "Philipp University of Marburg": {"name": "Philipp University of Marburg", "type": "organization", "organization_type": "Education", "h_index": 55, "h5_index": 11, "num_publications": 1, "num_citations": 11, "num_publications_5y": 0, "num_citations_5y": 2, "num_publications_10y": 1, "num_citations_10y": 11, "publications_years": {"2009": 1}, "citations_years": {"2009": 2, "2010": 2, "2011": 1, "2012": 2, "2013": 2, "2014": 2}, "old_citations": {"2009": 11}, "isVisible": false}, "Rice University": {"name": "Rice University", "type": "organization", "organization_type": "Education", "h_index": 191, "h5_index": 31, "num_publications": 1, "num_citations": 24, "num_publications_5y": 0, "num_citations_5y": 7, "num_publications_10y": 1, "num_citations_10y": 22, "publications_years": {"2009": 1}, "citations_years": {"2009": 1, "2010": 4, "2011": 8, "2012": 2, "2013": 0, "2014": 2, "2015": 2, "2016": 2, "2017": 0, "2018": 1, "2019": 2}, "old_citations": {"2009": 24}, "isVisible": false}, "Technical University of Madrid": {"name": "Technical University of Madrid", "type": "organization", "organization_type": "Education", "h_index": 89, "h5_index": 28, "num_publications": 1, "num_citations": 0, "num_publications_5y": 0, "num_citations_5y": 0, "num_publications_10y": 0, "num_citations_10y": 0, "publications_years": {"2007": 1}, "citations_years": {}, "old_citations": {"2007": 0}, "isVisible": false}, "Texas Tech University": {"name": "Texas Tech University", "type": "organization", "organization_type": "Education", "h_index": 67, "h5_index": 20, "num_publications": 1, "num_citations": 3, "num_publications_5y": 0, "num_citations_5y": 3, "num_publications_10y": 1, "num_citations_10y": 3, "publications_years": {"2010": 1}, "citations_years": {"2016": 1, "2017": 1, "2018": 1}, "old_citations": {"2010": 3}, "isVisible": false}, "Toyota Technological Institute": {"name": "Toyota Technological Institute", "type": "organization", "organization_type": "Education", "h_index": 40, "h5_index": 16, "num_publications": 1, "num_citations": 22, "num_publications_5y": 0, "num_citations_5y": 8, "num_publications_10y": 0, "num_citations_10y": 21, "publications_years": {"2007": 1}, "citations_years": {"2007": 1, "2008": 0, "2009": 4, "2010": 0, "2011": 5, "2012": 1, "2013": 3, "2014": 4, "2015": 2, "2016": 0, "2017": 1, "2018": 1}, "old_citations": {"2007": 22}, "isVisible": false}, "Tufts University": {"name": "Tufts University", "type": "organization", "organization_type": "Education", "h_index": 76, "h5_index": 22, "num_publications": 1, "num_citations": 16, "num_publications_5y": 0, "num_citations_5y": 9, "num_publications_10y": 1, "num_citations_10y": 16, "publications_years": {"2011": 1}, "citations_years": {"2012": 5, "2013": 2, "2014": 1, "2015": 7, "2016": 0, "2017": 1}, "old_citations": {"2011": 16}, "isVisible": false}, "University of Amsterdam": {"name": "University of Amsterdam", "type": "organization", "organization_type": "Education", "h_index": 164, "h5_index": 50, "num_publications": 1, "num_citations": 7, "num_publications_5y": 0, "num_citations_5y": 0, "num_publications_10y": 1, "num_citations_10y": 7, "publications_years": {"2010": 1}, "citations_years": {"2010": 3, "2011": 0, "2012": 2, "2013": 2}, "old_citations": {"2010": 7}, "isVisible": false}, "University of Bamberg": {"name": "University of Bamberg", "type": "organization", "organization_type": "Education", "h_index": 33, "h5_index": 16, "num_publications": 1, "num_citations": 0, "num_publications_5y": 0, "num_citations_5y": 0, "num_publications_10y": 1, "num_citations_10y": 0, "publications_years": {"2011": 1}, "citations_years": {}, "old_citations": {"2011": 0}, "isVisible": false}, "University of Chicago": {"name": "University of Chicago", "type": "organization", "organization_type": "Education", "h_index": 141, "h5_index": 41, "num_publications": 1, "num_citations": 55, "num_publications_5y": 0, "num_citations_5y": 14, "num_publications_10y": 0, "num_citations_10y": 45, "publications_years": {"2007": 1}, "citations_years": {"2007": 4, "2008": 5, "2009": 7, "2010": 8, "2011": 6, "2012": 6, "2013": 4, "2014": 2, "2015": 4, "2016": 4, "2017": 0, "2018": 4, "2019": 0, "2020": 1}, "old_citations": {"2007": 55}, "isVisible": false}, "University of Connecticut": {"name": "University of Connecticut", "type": "organization", "organization_type": "Education", "h_index": 108, "h5_index": 28, "num_publications": 1, "num_citations": 0, "num_publications_5y": 0, "num_citations_5y": 0, "num_publications_10y": 1, "num_citations_10y": 0, "publications_years": {"2010": 1}, "citations_years": {}, "old_citations": {"2010": 0}, "isVisible": false}, "University of Edinburgh": {"name": "University of Edinburgh", "type": "organization", "organization_type": "Education", "h_index": 198, "h5_index": 57, "num_publications": 1, "num_citations": 3, "num_publications_5y": 0, "num_citations_5y": 0, "num_publications_10y": 0, "num_citations_10y": 1, "publications_years": {"2007": 1}, "citations_years": {"2007": 2, "2008": 0, "2009": 0, "2010": 1}, "old_citations": {"2007": 3}, "isVisible": false}, "University of Kassel": {"name": "University of Kassel", "type": "organization", "organization_type": "Education", "h_index": 47, "h5_index": 12, "num_publications": 1, "num_citations": 14, "num_publications_5y": 0, "num_citations_5y": 3, "num_publications_10y": 1, "num_citations_10y": 13, "publications_years": {"2010": 1}, "citations_years": {"2010": 2, "2011": 4, "2012": 2, "2013": 2, "2014": 1, "2015": 0, "2016": 1, "2017": 0, "2018": 1, "2019": 1}, "old_citations": {"2010": 14}, "isVisible": false}, "University of L\u00fcbeck": {"name": "University of L\u00fcbeck", "type": "organization", "organization_type": "Education", "h_index": 47, "h5_index": 19, "num_publications": 1, "num_citations": 14, "num_publications_5y": 0, "num_citations_5y": 8, "num_publications_10y": 0, "num_citations_10y": 14, "publications_years": {"2007": 1}, "citations_years": {"2009": 1, "2010": 1, "2011": 2, "2012": 1, "2013": 1, "2014": 2, "2015": 2, "2016": 1, "2017": 2, "2018": 1}, "old_citations": {"2007": 14}, "isVisible": false}, "University of North Texas": {"name": "University of North Texas", "type": "organization", "organization_type": "Education", "h_index": 86, "h5_index": 31, "num_publications": 1, "num_citations": 4, "num_publications_5y": 0, "num_citations_5y": 1, "num_publications_10y": 1, "num_citations_10y": 4, "publications_years": {"2011": 1}, "citations_years": {"2011": 1, "2012": 2, "2013": 0, "2014": 0, "2015": 0, "2016": 1}, "old_citations": {"2011": 4}, "isVisible": false}, "University of Oxford": {"name": "University of Oxford", "type": "organization", "organization_type": "Education", "h_index": 245, "h5_index": 88, "num_publications": 1, "num_citations": 33, "num_publications_5y": 0, "num_citations_5y": 18, "num_publications_10y": 1, "num_citations_10y": 29, "publications_years": {"2011": 1}, "citations_years": {"2011": 2, "2012": 5, "2013": 4, "2014": 4, "2015": 6, "2016": 2, "2017": 3, "2018": 3, "2019": 4}, "old_citations": {"2011": 33}, "isVisible": false}, "University of Pennsylvania": {"name": "University of Pennsylvania", "type": "organization", "organization_type": "Education", "h_index": 223, "h5_index": 53, "num_publications": 1, "num_citations": 0, "num_publications_5y": 0, "num_citations_5y": 0, "num_publications_10y": 0, "num_citations_10y": 0, "publications_years": {"2007": 1}, "citations_years": {}, "old_citations": {"2007": 0}, "isVisible": false}, "University of St Andrews": {"name": "University of St Andrews", "type": "organization", "organization_type": "Education", "h_index": 73, "h5_index": 17, "num_publications": 1, "num_citations": 11, "num_publications_5y": 0, "num_citations_5y": 2, "num_publications_10y": 1, "num_citations_10y": 11, "publications_years": {"2009": 1}, "citations_years": {"2009": 2, "2010": 2, "2011": 1, "2012": 2, "2013": 2, "2014": 2}, "old_citations": {"2009": 11}, "isVisible": false}, "Yale University": {"name": "Yale University", "type": "organization", "organization_type": "Education", "h_index": 173, "h5_index": 40, "num_publications": 1, "num_citations": 0, "num_publications_5y": 0, "num_citations_5y": 0, "num_publications_10y": 1, "num_citations_10y": 0, "publications_years": {"2010": 1}, "citations_years": {}, "old_citations": {"2010": 0}, "isVisible": false}}, "topics": {"computer science": {"name": "computer science", "type": "topic", "h_index": 1779, "h5_index": 416, "num_publications": 35, "num_citations": 737, "num_publications_5y": 0, "num_citations_5y": 306, "num_publications_10y": 24, "num_citations_10y": 660, "publications_years": {"2009": 6, "2010": 10, "2007": 11, "2011": 8}, "citations_years": {"2011": 79, "2012": 100, "2010": 51, "2013": 79, "2014": 85, "2015": 74, "2016": 54, "2017": 49, "2018": 44, "2007": 20, "2008": 21, "2009": 45, "2019": 32, "2020": 4}, "old_citations": {"2009": 125, "2010": 106, "2007": 282, "2011": 224}, "isVisible": false}, "computer systems": {"name": "computer systems", "type": "topic", "h_index": 1595, "h5_index": 367, "num_publications": 35, "num_citations": 737, "num_publications_5y": 0, "num_citations_5y": 306, "num_publications_10y": 24, "num_citations_10y": 660, "publications_years": {"2009": 6, "2010": 10, "2007": 11, "2011": 8}, "citations_years": {"2011": 79, "2012": 100, "2010": 51, "2013": 79, "2014": 85, "2015": 74, "2016": 54, "2017": 49, "2018": 44, "2007": 20, "2008": 21, "2009": 45, "2019": 32, "2020": 4}, "old_citations": {"2009": 125, "2010": 106, "2007": 282, "2011": 224}, "isVisible": false}, "computer programming": {"name": "computer programming", "type": "topic", "h_index": 873, "h5_index": 186, "num_publications": 34, "num_citations": 661, "num_publications_5y": 0, "num_citations_5y": 263, "num_publications_10y": 23, "num_citations_10y": 588, "publications_years": {"2009": 5, "2010": 10, "2007": 11, "2011": 8}, "citations_years": {"2011": 73, "2012": 94, "2010": 44, "2013": 73, "2014": 73, "2015": 65, "2016": 49, "2017": 37, "2018": 39, "2007": 20, "2008": 21, "2009": 41, "2019": 28, "2020": 4}, "old_citations": {"2009": 49, "2010": 106, "2007": 282, "2011": 224}, "isVisible": false}, "computer programming languages": {"name": "computer programming languages", "type": "topic", "h_index": 746, "h5_index": 154, "num_publications": 34, "num_citations": 661, "num_publications_5y": 0, "num_citations_5y": 263, "num_publications_10y": 23, "num_citations_10y": 588, "publications_years": {"2009": 5, "2010": 10, "2007": 11, "2011": 8}, "citations_years": {"2011": 73, "2012": 94, "2010": 44, "2013": 73, "2014": 73, "2015": 65, "2016": 49, "2017": 37, "2018": 39, "2007": 20, "2008": 21, "2009": 41, "2019": 28, "2020": 4}, "old_citations": {"2009": 49, "2010": 106, "2007": 282, "2011": 224}, "isVisible": false}, "computer hardware": {"name": "computer hardware", "type": "topic", "h_index": 1150, "h5_index": 279, "num_publications": 33, "num_citations": 734, "num_publications_5y": 0, "num_citations_5y": 306, "num_publications_10y": 24, "num_citations_10y": 659, "publications_years": {"2009": 6, "2010": 10, "2007": 9, "2011": 8}, "citations_years": {"2011": 79, "2012": 100, "2010": 50, "2013": 79, "2014": 85, "2015": 74, "2016": 54, "2017": 49, "2018": 44, "2007": 18, "2008": 21, "2009": 45, "2019": 32, "2020": 4}, "old_citations": {"2009": 125, "2010": 106, "2007": 279, "2011": 224}, "isVisible": false}, "distributed computer systems": {"name": "distributed computer systems", "type": "topic", "h_index": 985, "h5_index": 228, "num_publications": 33, "num_citations": 734, "num_publications_5y": 0, "num_citations_5y": 306, "num_publications_10y": 24, "num_citations_10y": 659, "publications_years": {"2009": 6, "2010": 10, "2007": 9, "2011": 8}, "citations_years": {"2011": 79, "2012": 100, "2010": 50, "2013": 79, "2014": 85, "2015": 74, "2016": 54, "2017": 49, "2018": 44, "2007": 18, "2008": 21, "2009": 45, "2019": 32, "2020": 4}, "old_citations": {"2009": 125, "2010": 106, "2007": 279, "2011": 224}, "isVisible": false}, "distributed systems": {"name": "distributed systems", "type": "topic", "h_index": 859, "h5_index": 209, "num_publications": 33, "num_citations": 734, "num_publications_5y": 0, "num_citations_5y": 306, "num_publications_10y": 24, "num_citations_10y": 659, "publications_years": {"2009": 6, "2010": 10, "2007": 9, "2011": 8}, "citations_years": {"2011": 79, "2012": 100, "2010": 50, "2013": 79, "2014": 85, "2015": 74, "2016": 54, "2017": 49, "2018": 44, "2007": 18, "2008": 21, "2009": 45, "2019": 32, "2020": 4}, "old_citations": {"2009": 125, "2010": 106, "2007": 279, "2011": 224}, "isVisible": false}, "microprocessor chips": {"name": "microprocessor chips", "type": "topic", "h_index": 744, "h5_index": 175, "num_publications": 33, "num_citations": 734, "num_publications_5y": 0, "num_citations_5y": 306, "num_publications_10y": 24, "num_citations_10y": 659, "publications_years": {"2009": 6, "2010": 10, "2007": 9, "2011": 8}, "citations_years": {"2011": 79, "2012": 100, "2010": 50, "2013": 79, "2014": 85, "2015": 74, "2016": 54, "2017": 49, "2018": 44, "2007": 18, "2008": 21, "2009": 45, "2019": 32, "2020": 4}, "old_citations": {"2009": 125, "2010": 106, "2007": 279, "2011": 224}, "isVisible": false}, "parallel processing systems": {"name": "parallel processing systems", "type": "topic", "h_index": 845, "h5_index": 208, "num_publications": 33, "num_citations": 734, "num_publications_5y": 0, "num_citations_5y": 306, "num_publications_10y": 24, "num_citations_10y": 659, "publications_years": {"2009": 6, "2010": 10, "2007": 9, "2011": 8}, "citations_years": {"2011": 79, "2012": 100, "2010": 50, "2013": 79, "2014": 85, "2015": 74, "2016": 54, "2017": 49, "2018": 44, "2007": 18, "2008": 21, "2009": 45, "2019": 32, "2020": 4}, "old_citations": {"2009": 125, "2010": 106, "2007": 279, "2011": 224}, "isVisible": false}, "program processors": {"name": "program processors", "type": "topic", "h_index": 613, "h5_index": 151, "num_publications": 33, "num_citations": 734, "num_publications_5y": 0, "num_citations_5y": 306, "num_publications_10y": 24, "num_citations_10y": 659, "publications_years": {"2009": 6, "2010": 10, "2007": 9, "2011": 8}, "citations_years": {"2011": 79, "2012": 100, "2010": 50, "2013": 79, "2014": 85, "2015": 74, "2016": 54, "2017": 49, "2018": 44, "2007": 18, "2008": 21, "2009": 45, "2019": 32, "2020": 4}, "old_citations": {"2009": 125, "2010": 106, "2007": 279, "2011": 224}, "isVisible": false}, "parallel algorithms": {"name": "parallel algorithms", "type": "topic", "h_index": 516, "h5_index": 110, "num_publications": 32, "num_citations": 658, "num_publications_5y": 0, "num_citations_5y": 263, "num_publications_10y": 23, "num_citations_10y": 587, "publications_years": {"2009": 5, "2010": 10, "2007": 9, "2011": 8}, "citations_years": {"2011": 73, "2012": 94, "2010": 43, "2013": 73, "2014": 73, "2015": 65, "2016": 49, "2017": 37, "2018": 39, "2007": 18, "2008": 21, "2009": 41, "2019": 28, "2020": 4}, "old_citations": {"2009": 49, "2010": 106, "2007": 279, "2011": 224}, "isVisible": false}, "parallel architectures": {"name": "parallel architectures", "type": "topic", "h_index": 531, "h5_index": 116, "num_publications": 32, "num_citations": 658, "num_publications_5y": 0, "num_citations_5y": 263, "num_publications_10y": 23, "num_citations_10y": 587, "publications_years": {"2009": 5, "2010": 10, "2007": 9, "2011": 8}, "citations_years": {"2011": 73, "2012": 94, "2010": 43, "2013": 73, "2014": 73, "2015": 65, "2016": 49, "2017": 37, "2018": 39, "2007": 18, "2008": 21, "2009": 41, "2019": 28, "2020": 4}, "old_citations": {"2009": 49, "2010": 106, "2007": 279, "2011": 224}, "isVisible": false}, "parallel programming": {"name": "parallel programming", "type": "topic", "h_index": 425, "h5_index": 94, "num_publications": 30, "num_citations": 621, "num_publications_5y": 0, "num_citations_5y": 249, "num_publications_10y": 21, "num_citations_10y": 551, "publications_years": {"2009": 5, "2010": 8, "2007": 9, "2011": 8}, "citations_years": {"2011": 66, "2012": 86, "2010": 40, "2013": 69, "2014": 66, "2015": 63, "2016": 46, "2017": 36, "2018": 38, "2007": 18, "2008": 21, "2009": 41, "2019": 27, "2020": 4}, "old_citations": {"2009": 49, "2010": 69, "2007": 279, "2011": 224}, "isVisible": false}, "multi core": {"name": "multi core", "type": "topic", "h_index": 425, "h5_index": 85, "num_publications": 24, "num_citations": 654, "num_publications_5y": 0, "num_citations_5y": 270, "num_publications_10y": 17, "num_citations_10y": 586, "publications_years": {"2009": 5, "2010": 8, "2007": 7, "2011": 4}, "citations_years": {"2011": 66, "2012": 84, "2010": 49, "2013": 75, "2016": 44, "2017": 47, "2018": 41, "2007": 17, "2008": 17, "2009": 42, "2014": 75, "2015": 63, "2019": 30, "2020": 4}, "old_citations": {"2009": 117, "2010": 66, "2007": 268, "2011": 203}, "isVisible": false}, "program compilers": {"name": "program compilers", "type": "topic", "h_index": 531, "h5_index": 104, "num_publications": 21, "num_citations": 575, "num_publications_5y": 0, "num_citations_5y": 235, "num_publications_10y": 16, "num_citations_10y": 511, "publications_years": {"2009": 4, "2010": 7, "2007": 5, "2011": 5}, "citations_years": {"2011": 58, "2012": 84, "2010": 36, "2013": 64, "2014": 67, "2015": 55, "2016": 44, "2017": 34, "2018": 35, "2007": 16, "2008": 18, "2009": 34, "2019": 26, "2020": 4}, "old_citations": {"2009": 41, "2010": 83, "2007": 246, "2011": 205}, "isVisible": false}, "embedded systems": {"name": "embedded systems", "type": "topic", "h_index": 799, "h5_index": 168, "num_publications": 19, "num_citations": 427, "num_publications_5y": 0, "num_citations_5y": 159, "num_publications_10y": 16, "num_citations_10y": 383, "publications_years": {"2009": 5, "2010": 8, "2007": 3, "2011": 3}, "citations_years": {"2011": 52, "2012": 57, "2010": 37, "2013": 47, "2014": 48, "2015": 37, "2016": 27, "2017": 26, "2018": 21, "2007": 12, "2008": 12, "2009": 31, "2019": 19, "2020": 1}, "old_citations": {"2009": 117, "2010": 86, "2007": 190, "2011": 34}, "isVisible": false}, "linguistics": {"name": "linguistics", "type": "topic", "h_index": 867, "h5_index": 206, "num_publications": 18, "num_citations": 400, "num_publications_5y": 0, "num_citations_5y": 139, "num_publications_10y": 12, "num_citations_10y": 346, "publications_years": {"2007": 6, "2009": 2, "2010": 4, "2011": 6}, "citations_years": {"2007": 19, "2008": 20, "2009": 38, "2010": 39, "2011": 36, "2012": 51, "2013": 43, "2014": 34, "2015": 40, "2016": 20, "2017": 24, "2018": 21, "2019": 13, "2020": 2}, "old_citations": {"2007": 245, "2009": 87, "2010": 15, "2011": 53}, "isVisible": false}, "multi-core processor": {"name": "multi-core processor", "type": "topic", "h_index": 202, "h5_index": 40, "num_publications": 15, "num_citations": 388, "num_publications_5y": 0, "num_citations_5y": 166, "num_publications_10y": 10, "num_citations_10y": 347, "publications_years": {"2009": 3, "2010": 4, "2007": 5, "2011": 3}, "citations_years": {"2011": 28, "2012": 55, "2010": 25, "2013": 47, "2016": 28, "2017": 31, "2018": 26, "2007": 12, "2008": 12, "2009": 26, "2014": 44, "2015": 37, "2019": 14, "2020": 3}, "old_citations": {"2009": 17, "2010": 10, "2007": 191, "2011": 170}, "isVisible": false}, "software engineering": {"name": "software engineering", "type": "topic", "h_index": 964, "h5_index": 236, "num_publications": 15, "num_citations": 234, "num_publications_5y": 0, "num_citations_5y": 90, "num_publications_10y": 11, "num_citations_10y": 203, "publications_years": {"2009": 4, "2010": 4, "2007": 4, "2011": 3}, "citations_years": {"2011": 26, "2012": 29, "2010": 21, "2013": 22, "2007": 11, "2008": 9, "2009": 15, "2014": 27, "2015": 18, "2016": 18, "2017": 14, "2018": 13, "2019": 10, "2020": 1}, "old_citations": {"2009": 90, "2010": 62, "2007": 77, "2011": 5}, "isVisible": false}, "functional programming": {"name": "functional programming", "type": "topic", "h_index": 204, "h5_index": 36, "num_publications": 14, "num_citations": 470, "num_publications_5y": 0, "num_citations_5y": 187, "num_publications_10y": 11, "num_citations_10y": 413, "publications_years": {"2010": 5, "2007": 3, "2009": 2, "2011": 4}, "citations_years": {"2016": 35, "2017": 29, "2018": 31, "2007": 16, "2008": 16, "2009": 33, "2010": 30, "2011": 41, "2012": 65, "2013": 57, "2014": 49, "2015": 43, "2019": 21, "2020": 4}, "old_citations": {"2010": 50, "2007": 231, "2009": 19, "2011": 170}, "isVisible": false}, "parallelism": {"name": "parallelism", "type": "topic", "h_index": 235, "h5_index": 53, "num_publications": 11, "num_citations": 457, "num_publications_5y": 0, "num_citations_5y": 183, "num_publications_10y": 7, "num_citations_10y": 403, "publications_years": {"2010": 3, "2007": 4, "2009": 1, "2011": 3}, "citations_years": {"2016": 33, "2017": 30, "2018": 29, "2007": 16, "2008": 16, "2009": 33, "2010": 29, "2011": 38, "2012": 65, "2013": 55, "2014": 48, "2015": 43, "2019": 18, "2020": 4}, "old_citations": {"2010": 30, "2007": 245, "2009": 11, "2011": 171}, "isVisible": false}, "haskell": {"name": "haskell", "type": "topic", "h_index": 167, "h5_index": 29, "num_publications": 12, "num_citations": 412, "num_publications_5y": 0, "num_citations_5y": 171, "num_publications_10y": 10, "num_citations_10y": 365, "publications_years": {"2010": 5, "2007": 2, "2009": 2, "2011": 3}, "citations_years": {"2016": 31, "2017": 28, "2018": 26, "2007": 12, "2008": 11, "2009": 26, "2010": 22, "2011": 34, "2012": 59, "2013": 53, "2014": 47, "2015": 39, "2019": 21, "2020": 3}, "old_citations": {"2010": 50, "2007": 176, "2009": 19, "2011": 167}, "isVisible": false}, "engineering": {"name": "engineering", "type": "topic", "h_index": 1177, "h5_index": 287, "num_publications": 9, "num_citations": 245, "num_publications_5y": 0, "num_citations_5y": 135, "num_publications_10y": 8, "num_citations_10y": 230, "publications_years": {"2009": 3, "2011": 5, "2007": 1}, "citations_years": {"2009": 5, "2010": 8, "2011": 20, "2012": 37, "2013": 25, "2014": 34, "2015": 34, "2016": 26, "2017": 23, "2018": 18, "2019": 13, "2020": 2}, "old_citations": {"2009": 43, "2011": 188, "2007": 14}, "isVisible": false}, "gpu": {"name": "gpu", "type": "topic", "h_index": 379, "h5_index": 118, "num_publications": 8, "num_citations": 241, "num_publications_5y": 0, "num_citations_5y": 135, "num_publications_10y": 8, "num_citations_10y": 224, "publications_years": {"2010": 2, "2009": 1, "2011": 5}, "citations_years": {"2010": 6, "2011": 10, "2012": 40, "2013": 31, "2009": 2, "2014": 36, "2015": 36, "2016": 21, "2017": 24, "2018": 18, "2019": 15, "2020": 2}, "old_citations": {"2010": 13, "2009": 11, "2011": 217}, "isVisible": false}, "cuda": {"name": "cuda", "type": "topic", "h_index": 189, "h5_index": 64, "num_publications": 5, "num_citations": 223, "num_publications_5y": 0, "num_citations_5y": 133, "num_publications_10y": 5, "num_citations_10y": 206, "publications_years": {"2010": 1, "2011": 4}, "citations_years": {"2012": 36, "2013": 27, "2014": 34, "2015": 36, "2016": 21, "2017": 24, "2018": 18, "2019": 15, "2011": 9, "2010": 1, "2020": 2}, "old_citations": {"2010": 6, "2011": 217}, "isVisible": false}, "database systems": {"name": "database systems", "type": "topic", "h_index": 1167, "h5_index": 276, "num_publications": 13, "num_citations": 122, "num_publications_5y": 0, "num_citations_5y": 29, "num_publications_10y": 8, "num_citations_10y": 96, "publications_years": {"2010": 1, "2007": 5, "2009": 3, "2011": 4}, "citations_years": {"2010": 17, "2011": 12, "2012": 13, "2013": 10, "2007": 12, "2008": 12, "2009": 15, "2014": 6, "2015": 5, "2016": 10, "2017": 1, "2018": 7, "2019": 1, "2020": 1}, "old_citations": {"2010": 7, "2007": 87, "2009": 23, "2011": 5}, "isVisible": false}, "gpus": {"name": "gpus", "type": "topic", "h_index": 171, "h5_index": 59, "num_publications": 5, "num_citations": 223, "num_publications_5y": 0, "num_citations_5y": 133, "num_publications_10y": 5, "num_citations_10y": 206, "publications_years": {"2010": 1, "2011": 4}, "citations_years": {"2012": 36, "2013": 27, "2014": 34, "2015": 36, "2016": 21, "2017": 24, "2018": 18, "2019": 15, "2011": 9, "2010": 1, "2020": 2}, "old_citations": {"2010": 6, "2011": 217}, "isVisible": false}, "graphics processing unit": {"name": "graphics processing unit", "type": "topic", "h_index": 232, "h5_index": 72, "num_publications": 5, "num_citations": 223, "num_publications_5y": 0, "num_citations_5y": 133, "num_publications_10y": 5, "num_citations_10y": 206, "publications_years": {"2010": 1, "2011": 4}, "citations_years": {"2012": 36, "2013": 27, "2014": 34, "2015": 36, "2016": 21, "2017": 24, "2018": 18, "2019": 15, "2011": 9, "2010": 1, "2020": 2}, "old_citations": {"2010": 6, "2011": 217}, "isVisible": false}, "parallel computing": {"name": "parallel computing", "type": "topic", "h_index": 288, "h5_index": 66, "num_publications": 10, "num_citations": 238, "num_publications_5y": 0, "num_citations_5y": 132, "num_publications_10y": 6, "num_citations_10y": 220, "publications_years": {"2009": 1, "2007": 4, "2011": 4, "2010": 1}, "citations_years": {"2009": 6, "2010": 4, "2011": 16, "2012": 33, "2013": 29, "2014": 37, "2008": 1, "2007": 1, "2015": 30, "2016": 20, "2017": 25, "2018": 20, "2019": 14, "2020": 2}, "old_citations": {"2009": 11, "2007": 24, "2011": 203, "2010": 0}, "isVisible": false}}, "authors": {"1974525757": {"name": "clemens grelck", "type": "author", "activity": 23, "h_index": 17, "h5_index": 1, "mag_id": "1974525757", "num_publications": 3, "num_citations": 23, "num_publications_5y": 0, "num_citations_5y": 8, "num_publications_10y": 2, "num_citations_10y": 23, "publications_years": {"2009": 1, "2010": 1, "2007": 1}, "citations_years": {"2011": 3, "2012": 4, "2010": 4, "2013": 3, "2009": 1, "2014": 2, "2015": 2, "2016": 1, "2017": 2, "2018": 1}, "old_citations": {"2009": 2, "2010": 7, "2007": 14}, "isVisible": false}, "2006924737": {"name": "svenbodo scholz", "type": "author", "activity": 26, "h_index": 16, "h5_index": 2, "mag_id": "2006924737", "num_publications": 3, "num_citations": 49, "num_publications_5y": 0, "num_citations_5y": 26, "num_publications_10y": 2, "num_citations_10y": 45, "publications_years": {"2009": 1, "2011": 1, "2007": 1}, "citations_years": {"2011": 5, "2012": 7, "2013": 5, "2014": 6, "2015": 8, "2016": 3, "2017": 5, "2018": 4, "2019": 4, "2009": 1, "2010": 1}, "old_citations": {"2009": 2, "2011": 33, "2007": 14}, "isVisible": false}, "86224307": {"name": "martin sulzmann", "type": "author", "activity": 21, "h_index": 18, "h5_index": 0, "mag_id": "86224307", "num_publications": 2, "num_citations": 27, "num_publications_5y": 0, "num_citations_5y": 8, "num_publications_10y": 1, "num_citations_10y": 18, "publications_years": {"2007": 1, "2009": 1}, "citations_years": {"2007": 5, "2008": 3, "2009": 4, "2010": 2, "2011": 2, "2012": 0, "2013": 2, "2014": 0, "2015": 1, "2016": 3, "2017": 1, "2018": 3, "2019": 1}, "old_citations": {"2007": 19, "2009": 8}, "isVisible": false}, "210727077": {"name": "lukasz ziarek", "type": "author", "activity": 16, "h_index": 14, "h5_index": 6, "mag_id": "210727077", "num_publications": 2, "num_citations": 16, "num_publications_5y": 0, "num_citations_5y": 10, "num_publications_10y": 2, "num_citations_10y": 15, "publications_years": {"2010": 1, "2009": 1}, "citations_years": {"2011": 4, "2012": 1, "2013": 0, "2014": 4, "2015": 1, "2016": 4, "2017": 0, "2018": 1, "2008": 1, "2009": 0, "2010": 0}, "old_citations": {"2010": 12, "2009": 4}, "isVisible": false}, "724299231": {"name": "umut a acar", "type": "author", "activity": 22, "h_index": 24, "h5_index": 5, "mag_id": "724299231", "num_publications": 2, "num_citations": 26, "num_publications_5y": 0, "num_citations_5y": 11, "num_publications_10y": 1, "num_citations_10y": 24, "publications_years": {"2007": 1, "2009": 1}, "citations_years": {"2007": 1, "2008": 1, "2009": 4, "2010": 0, "2011": 5, "2012": 1, "2013": 3, "2014": 6, "2015": 2, "2016": 1, "2017": 1, "2018": 1}, "old_citations": {"2007": 22, "2009": 4}, "isVisible": false}, "2107696875": {"name": "edmund s l lam", "type": "author", "activity": 11, "h_index": 6, "h5_index": 1, "mag_id": "2107696875", "num_publications": 2, "num_citations": 27, "num_publications_5y": 0, "num_citations_5y": 8, "num_publications_10y": 1, "num_citations_10y": 18, "publications_years": {"2007": 1, "2009": 1}, "citations_years": {"2007": 5, "2008": 3, "2009": 4, "2010": 2, "2011": 2, "2012": 0, "2013": 2, "2014": 0, "2015": 1, "2016": 3, "2017": 1, "2018": 3, "2019": 1}, "old_citations": {"2007": 19, "2009": 8}, "isVisible": false}, "2125744624": {"name": "simon marlow", "type": "author", "activity": 25, "h_index": 25, "h5_index": 0, "mag_id": "2125744624", "num_publications": 2, "num_citations": 165, "num_publications_5y": 0, "num_citations_5y": 48, "num_publications_10y": 1, "num_citations_10y": 144, "publications_years": {"2007": 1, "2009": 1}, "citations_years": {"2007": 7, "2008": 8, "2009": 21, "2010": 15, "2011": 16, "2012": 24, "2013": 20, "2014": 11, "2015": 14, "2016": 10, "2017": 6, "2018": 7, "2019": 5, "2020": 1}, "old_citations": {"2007": 157, "2009": 8}, "isVisible": false}, "2141982898": {"name": "suresh jagannathan", "type": "author", "activity": 30, "h_index": 33, "h5_index": 6, "mag_id": "2141982898", "num_publications": 2, "num_citations": 16, "num_publications_5y": 0, "num_citations_5y": 10, "num_publications_10y": 2, "num_citations_10y": 15, "publications_years": {"2010": 1, "2009": 1}, "citations_years": {"2011": 4, "2012": 1, "2013": 0, "2014": 4, "2015": 1, "2016": 4, "2017": 0, "2018": 1, "2008": 1, "2009": 0, "2010": 0}, "old_citations": {"2010": 12, "2009": 4}, "isVisible": false}, "2144620468": {"name": "manuel m t chakravarty", "type": "author", "activity": 27, "h_index": 21, "h5_index": 1, "mag_id": "2144620468", "num_publications": 2, "num_citations": 324, "num_publications_5y": 0, "num_citations_5y": 145, "num_publications_10y": 1, "num_citations_10y": 292, "publications_years": {"2007": 1, "2011": 1}, "citations_years": {"2007": 7, "2008": 8, "2009": 20, "2010": 16, "2011": 22, "2012": 49, "2013": 40, "2014": 38, "2015": 35, "2016": 25, "2017": 26, "2018": 21, "2019": 14, "2020": 3}, "old_citations": {"2007": 157, "2011": 167}, "isVisible": false}, "2162636634": {"name": "gabriele keller", "type": "author", "activity": 22, "h_index": 19, "h5_index": 3, "mag_id": "2162636634", "num_publications": 2, "num_citations": 324, "num_publications_5y": 0, "num_citations_5y": 145, "num_publications_10y": 1, "num_citations_10y": 292, "publications_years": {"2007": 1, "2011": 1}, "citations_years": {"2007": 7, "2008": 8, "2009": 20, "2010": 16, "2011": 22, "2012": 49, "2013": 40, "2014": 38, "2015": 35, "2016": 25, "2017": 26, "2018": 21, "2019": 14, "2020": 3}, "old_citations": {"2007": 157, "2011": 167}, "isVisible": false}, "2268913824": {"name": "manuel v hermenegildo", "type": "author", "activity": 30, "h_index": 39, "h5_index": 5, "mag_id": "2268913824", "num_publications": 2, "num_citations": 1, "num_publications_5y": 0, "num_citations_5y": 0, "num_publications_10y": 0, "num_citations_10y": 1, "publications_years": {"2007": 2}, "citations_years": {"2010": 1}, "old_citations": {"2007": 1}, "isVisible": false}, "2668625909": {"name": "matthew fluet", "type": "author", "activity": 22, "h_index": 15, "h5_index": 1, "mag_id": "2668625909", "num_publications": 2, "num_citations": 59, "num_publications_5y": 0, "num_citations_5y": 17, "num_publications_10y": 1, "num_citations_10y": 48, "publications_years": {"2007": 1, "2009": 1}, "citations_years": {"2007": 4, "2008": 6, "2009": 7, "2010": 8, "2011": 6, "2012": 6, "2013": 4, "2014": 4, "2015": 4, "2016": 5, "2017": 0, "2018": 4, "2019": 0, "2020": 1}, "old_citations": {"2007": 55, "2009": 4}, "isVisible": false}, "76926217": {"name": "jade alglave", "type": "author", "activity": 10, "h_index": 17, "h5_index": 4, "mag_id": "76926217", "num_publications": 1, "num_citations": 76, "num_publications_5y": 0, "num_citations_5y": 43, "num_publications_10y": 1, "num_citations_10y": 72, "publications_years": {"2009": 1}, "citations_years": {"2009": 4, "2010": 7, "2011": 6, "2012": 6, "2013": 6, "2014": 12, "2015": 9, "2016": 5, "2017": 12, "2018": 5, "2019": 4}, "old_citations": {"2009": 76}, "isVisible": false}, "107875864": {"name": "roman leshchinskiy", "type": "author", "activity": 12, "h_index": 8, "h5_index": 1, "mag_id": "107875864", "num_publications": 1, "num_citations": 157, "num_publications_5y": 0, "num_citations_5y": 43, "num_publications_10y": 0, "num_citations_10y": 137, "publications_years": {"2007": 1}, "citations_years": {"2007": 7, "2008": 8, "2009": 20, "2010": 15, "2011": 15, "2012": 24, "2013": 20, "2014": 11, "2015": 13, "2016": 7, "2017": 6, "2018": 6, "2019": 4, "2020": 1}, "old_citations": {"2007": 157}, "isVisible": false}, "163000670": {"name": "alan mycroft", "type": "author", "activity": 28, "h_index": 20, "h5_index": 3, "mag_id": "163000670", "num_publications": 1, "num_citations": 28, "num_publications_5y": 0, "num_citations_5y": 13, "num_publications_10y": 1, "num_citations_10y": 27, "publications_years": {"2010": 1}, "citations_years": {"2011": 5, "2012": 7, "2013": 2, "2014": 7, "2015": 2, "2016": 2, "2017": 1, "2018": 1, "2019": 1}, "old_citations": {"2010": 28}, "isVisible": false}, "270422400": {"name": "zoran budimlic", "type": "author", "activity": 22, "h_index": 14, "h5_index": 3, "mag_id": "270422400", "num_publications": 1, "num_citations": 24, "num_publications_5y": 0, "num_citations_5y": 7, "num_publications_10y": 1, "num_citations_10y": 22, "publications_years": {"2009": 1}, "citations_years": {"2009": 1, "2010": 4, "2011": 8, "2012": 2, "2013": 0, "2014": 2, "2015": 2, "2016": 2, "2017": 0, "2018": 1, "2019": 2}, "old_citations": {"2009": 24}, "isVisible": false}, "294112711": {"name": "brad nemanich", "type": "author", "activity": 5, "h_index": 3, "h5_index": 0, "mag_id": "294112711", "num_publications": 1, "num_citations": 3, "num_publications_5y": 0, "num_citations_5y": 3, "num_publications_10y": 1, "num_citations_10y": 3, "publications_years": {"2010": 1}, "citations_years": {"2016": 1, "2017": 1, "2018": 1}, "old_citations": {"2010": 3}, "isVisible": false}, "324107302": {"name": "john reppy", "type": "author", "activity": 29, "h_index": 26, "h5_index": 2, "mag_id": "324107302", "num_publications": 1, "num_citations": 55, "num_publications_5y": 0, "num_citations_5y": 14, "num_publications_10y": 0, "num_citations_10y": 45, "publications_years": {"2007": 1}, "citations_years": {"2007": 4, "2008": 5, "2009": 7, "2010": 8, "2011": 6, "2012": 6, "2013": 4, "2014": 2, "2015": 4, "2016": 4, "2017": 0, "2018": 4, "2019": 0, "2020": 1}, "old_citations": {"2007": 55}, "isVisible": false}, "689480282": {"name": "francesco zappa nardelli", "type": "author", "activity": 19, "h_index": 21, "h5_index": 2, "mag_id": "689480282", "num_publications": 1, "num_citations": 76, "num_publications_5y": 0, "num_citations_5y": 43, "num_publications_10y": 1, "num_citations_10y": 72, "publications_years": {"2009": 1}, "citations_years": {"2009": 4, "2010": 7, "2011": 6, "2012": 6, "2013": 6, "2014": 12, "2015": 9, "2016": 5, "2017": 12, "2018": 5, "2019": 4}, "old_citations": {"2009": 76}, "isVisible": false}, "709064994": {"name": "anwar ghuloum", "type": "author", "activity": 9, "h_index": 14, "h5_index": 0, "mag_id": "709064994", "num_publications": 1, "num_citations": 22, "num_publications_5y": 0, "num_citations_5y": 8, "num_publications_10y": 0, "num_citations_10y": 21, "publications_years": {"2007": 1}, "citations_years": {"2007": 1, "2008": 0, "2009": 4, "2010": 0, "2011": 5, "2012": 1, "2013": 3, "2014": 4, "2015": 2, "2016": 0, "2017": 1, "2018": 1}, "old_citations": {"2007": 22}, "isVisible": false}, "1416695844": {"name": "frank penczek", "type": "author", "activity": 7, "h_index": 6, "h5_index": 0, "mag_id": "1416695844", "num_publications": 1, "num_citations": 7, "num_publications_5y": 0, "num_citations_5y": 0, "num_publications_10y": 1, "num_citations_10y": 7, "publications_years": {"2010": 1}, "citations_years": {"2010": 3, "2011": 0, "2012": 2, "2013": 2}, "old_citations": {"2010": 7}, "isVisible": false}, "1418425099": {"name": "trevor l mcdonell", "type": "author", "activity": 8, "h_index": 4, "h5_index": 2, "mag_id": "1418425099", "num_publications": 1, "num_citations": 167, "num_publications_5y": 0, "num_citations_5y": 102, "num_publications_10y": 1, "num_citations_10y": 155, "publications_years": {"2011": 1}, "citations_years": {"2010": 1, "2011": 7, "2012": 25, "2013": 20, "2014": 27, "2015": 22, "2016": 18, "2017": 20, "2018": 15, "2019": 10, "2020": 2}, "old_citations": {"2011": 167}, "isVisible": false}, "1505617513": {"name": "aparna chandramowlishwaran", "type": "author", "activity": 13, "h_index": 10, "h5_index": 3, "mag_id": "1505617513", "num_publications": 1, "num_citations": 24, "num_publications_5y": 0, "num_citations_5y": 7, "num_publications_10y": 1, "num_citations_10y": 22, "publications_years": {"2009": 1}, "citations_years": {"2009": 1, "2010": 4, "2011": 8, "2012": 2, "2013": 0, "2014": 2, "2015": 2, "2016": 2, "2017": 0, "2018": 1, "2019": 2}, "old_citations": {"2009": 24}, "isVisible": false}, "1510075581": {"name": "jukka julku", "type": "author", "activity": 5, "h_index": 3, "h5_index": 0, "mag_id": "1510075581", "num_publications": 1, "num_citations": 7, "num_publications_5y": 0, "num_citations_5y": 0, "num_publications_10y": 1, "num_citations_10y": 7, "publications_years": {"2010": 1}, "citations_years": {"2010": 3, "2011": 0, "2012": 2, "2013": 2}, "old_citations": {"2010": 7}, "isVisible": false}, "1967913477": {"name": "vinod grover", "type": "author", "activity": 21, "h_index": 22, "h5_index": 4, "mag_id": "1967913477", "num_publications": 1, "num_citations": 167, "num_publications_5y": 0, "num_citations_5y": 102, "num_publications_10y": 1, "num_citations_10y": 155, "publications_years": {"2011": 1}, "citations_years": {"2010": 1, "2011": 7, "2012": 25, "2013": 20, "2014": 27, "2015": 22, "2016": 18, "2017": 20, "2018": 15, "2019": 10, "2020": 2}, "old_citations": {"2011": 167}, "isVisible": false}, "1969031365": {"name": "daniel spoonhower", "type": "author", "activity": 13, "h_index": 8, "h5_index": 0, "mag_id": "1969031365", "num_publications": 1, "num_citations": 1, "num_publications_5y": 0, "num_citations_5y": 0, "num_publications_10y": 0, "num_citations_10y": 0, "publications_years": {"2007": 1}, "citations_years": {"2008": 1}, "old_citations": {"2007": 1}, "isVisible": false}, "1974004211": {"name": "mustafa aswad", "type": "author", "activity": 2, "h_index": 3, "h5_index": 0, "mag_id": "1974004211", "num_publications": 1, "num_citations": 11, "num_publications_5y": 0, "num_citations_5y": 2, "num_publications_10y": 1, "num_citations_10y": 11, "publications_years": {"2009": 1}, "citations_years": {"2009": 2, "2010": 2, "2011": 1, "2012": 2, "2013": 2, "2014": 2}, "old_citations": {"2009": 11}, "isVisible": false}, "1994212081": {"name": "steve zdancewic", "type": "author", "activity": 22, "h_index": 38, "h5_index": 6, "mag_id": "1994212081", "num_publications": 1, "num_citations": 0, "num_publications_5y": 0, "num_citations_5y": 0, "num_publications_10y": 0, "num_citations_10y": 0, "publications_years": {"2007": 1}, "citations_years": {}, "old_citations": {"2007": 0}, "isVisible": false}, "1999308727": {"name": "stephan herhut", "type": "author", "activity": 11, "h_index": 8, "h5_index": 0, "mag_id": "1999308727", "num_publications": 1, "num_citations": 2, "num_publications_5y": 0, "num_citations_5y": 0, "num_publications_10y": 1, "num_citations_10y": 2, "publications_years": {"2009": 1}, "citations_years": {"2011": 1, "2012": 1}, "old_citations": {"2009": 2}, "isVisible": false}, "2007630652": {"name": "jost berthold", "type": "author", "activity": 14, "h_index": 8, "h5_index": 1, "mag_id": "2007630652", "num_publications": 1, "num_citations": 11, "num_publications_5y": 0, "num_citations_5y": 2, "num_publications_10y": 1, "num_citations_10y": 11, "publications_years": {"2009": 1}, "citations_years": {"2009": 2, "2010": 2, "2011": 1, "2012": 2, "2013": 2, "2014": 2}, "old_citations": {"2009": 11}, "isVisible": false}, "2026582897": {"name": "samin ishtiaq", "type": "author", "activity": 18, "h_index": 10, "h5_index": 3, "mag_id": "2026582897", "num_publications": 1, "num_citations": 76, "num_publications_5y": 0, "num_citations_5y": 43, "num_publications_10y": 1, "num_citations_10y": 72, "publications_years": {"2009": 1}, "citations_years": {"2009": 4, "2010": 7, "2011": 6, "2012": 6, "2013": 6, "2014": 12, "2015": 9, "2016": 5, "2017": 12, "2018": 5, "2019": 4}, "old_citations": {"2009": 76}, "isVisible": false}, "2031028931": {"name": "greg michaelson", "type": "author", "activity": 31, "h_index": 13, "h5_index": 3, "mag_id": "2031028931", "num_publications": 1, "num_citations": 11, "num_publications_5y": 0, "num_citations_5y": 2, "num_publications_10y": 1, "num_citations_10y": 11, "publications_years": {"2009": 1}, "citations_years": {"2009": 2, "2010": 2, "2011": 1, "2012": 2, "2013": 2, "2014": 2}, "old_citations": {"2009": 11}, "isVisible": false}, "2044799559": {"name": "phil trinder", "type": "author", "activity": 30, "h_index": 13, "h5_index": 5, "mag_id": "2044799559", "num_publications": 1, "num_citations": 11, "num_publications_5y": 0, "num_citations_5y": 2, "num_publications_10y": 1, "num_citations_10y": 11, "publications_years": {"2009": 1}, "citations_years": {"2009": 2, "2010": 2, "2011": 1, "2012": 2, "2013": 2, "2014": 2}, "old_citations": {"2009": 11}, "isVisible": false}, "2046589041": {"name": "zhijing g mou", "type": "author", "activity": 1, "h_index": 0, "h5_index": 0, "mag_id": "2046589041", "num_publications": 1, "num_citations": 0, "num_publications_5y": 0, "num_citations_5y": 0, "num_publications_10y": 1, "num_citations_10y": 0, "publications_years": {"2010": 1}, "citations_years": {}, "old_citations": {"2010": 0}, "isVisible": false}, "2048025547": {"name": "alex shafarenko", "type": "author", "activity": 21, "h_index": 11, "h5_index": 1, "mag_id": "2048025547", "num_publications": 1, "num_citations": 0, "num_publications_5y": 0, "num_citations_5y": 0, "num_publications_10y": 1, "num_citations_10y": 0, "publications_years": {"2011": 1}, "citations_years": {}, "old_citations": {"2011": 0}, "isVisible": false}, "2050816106": {"name": "geoff lowney", "type": "author", "activity": 18, "h_index": 9, "h5_index": 1, "mag_id": "2050816106", "num_publications": 1, "num_citations": 24, "num_publications_5y": 0, "num_citations_5y": 7, "num_publications_10y": 1, "num_citations_10y": 22, "publications_years": {"2009": 1}, "citations_years": {"2009": 1, "2010": 4, "2011": 8, "2012": 2, "2013": 0, "2014": 2, "2015": 2, "2016": 2, "2017": 0, "2018": 1, "2019": 2}, "old_citations": {"2009": 24}, "isVisible": false}, "2050835401": {"name": "michael mendler", "type": "author", "activity": 28, "h_index": 12, "h5_index": 3, "mag_id": "2050835401", "num_publications": 1, "num_citations": 0, "num_publications_5y": 0, "num_citations_5y": 0, "num_publications_10y": 1, "num_citations_10y": 0, "publications_years": {"2011": 1}, "citations_years": {}, "old_citations": {"2011": 0}, "isVisible": false}, "2050934916": {"name": "magnus o myreen", "type": "author", "activity": 15, "h_index": 18, "h5_index": 5, "mag_id": "2050934916", "num_publications": 1, "num_citations": 76, "num_publications_5y": 0, "num_citations_5y": 43, "num_publications_10y": 1, "num_citations_10y": 72, "publications_years": {"2009": 1}, "citations_years": {"2009": 4, "2010": 7, "2011": 6, "2012": 6, "2013": 6, "2014": 12, "2015": 9, "2016": 5, "2017": 12, "2018": 5, "2019": 4}, "old_citations": {"2009": 76}, "isVisible": false}, "2063172183": {"name": "k c sivaramakrishnan", "type": "author", "activity": 11, "h_index": 9, "h5_index": 5, "mag_id": "2063172183", "num_publications": 1, "num_citations": 12, "num_publications_5y": 0, "num_citations_5y": 7, "num_publications_10y": 1, "num_citations_10y": 12, "publications_years": {"2010": 1}, "citations_years": {"2011": 4, "2012": 1, "2013": 0, "2014": 2, "2015": 1, "2016": 3, "2017": 0, "2018": 1}, "old_citations": {"2010": 12}, "isVisible": false}, "2083541332": {"name": "peter sewell", "type": "author", "activity": 24, "h_index": 37, "h5_index": 9, "mag_id": "2083541332", "num_publications": 1, "num_citations": 76, "num_publications_5y": 0, "num_citations_5y": 43, "num_publications_10y": 1, "num_citations_10y": 72, "publications_years": {"2009": 1}, "citations_years": {"2009": 4, "2010": 7, "2011": 6, "2012": 6, "2013": 6, "2014": 12, "2015": 9, "2016": 5, "2017": 12, "2018": 5, "2019": 4}, "old_citations": {"2009": 76}, "isVisible": false}, "2095841411": {"name": "manuel carro linares", "type": "author", "activity": 27, "h_index": 5, "h5_index": 0, "mag_id": "2095841411", "num_publications": 1, "num_citations": 1, "num_publications_5y": 0, "num_citations_5y": 0, "num_publications_10y": 0, "num_citations_10y": 1, "publications_years": {"2007": 1}, "citations_years": {"2010": 1}, "old_citations": {"2007": 1}, "isVisible": false}, "2099595286": {"name": "anthony fox", "type": "author", "activity": 24, "h_index": 10, "h5_index": 4, "mag_id": "2099595286", "num_publications": 1, "num_citations": 76, "num_publications_5y": 0, "num_citations_5y": 43, "num_publications_10y": 1, "num_citations_10y": 72, "publications_years": {"2009": 1}, "citations_years": {"2009": 4, "2010": 7, "2011": 6, "2012": 6, "2013": 6, "2014": 12, "2015": 9, "2016": 5, "2017": 12, "2018": 5, "2019": 4}, "old_citations": {"2009": 76}, "isVisible": false}, "2100968844": {"name": "adam shaw", "type": "author", "activity": 10, "h_index": 6, "h5_index": 1, "mag_id": "2100968844", "num_publications": 1, "num_citations": 55, "num_publications_5y": 0, "num_citations_5y": 14, "num_publications_10y": 0, "num_citations_10y": 45, "publications_years": {"2007": 1}, "citations_years": {"2007": 4, "2008": 5, "2009": 7, "2010": 8, "2011": 6, "2012": 6, "2013": 4, "2014": 2, "2015": 4, "2016": 4, "2017": 0, "2018": 4, "2019": 0, "2020": 1}, "old_citations": {"2007": 55}, "isVisible": false}, "2101205135": {"name": "yingqi xiao", "type": "author", "activity": 6, "h_index": 4, "h5_index": 0, "mag_id": "2101205135", "num_publications": 1, "num_citations": 55, "num_publications_5y": 0, "num_citations_5y": 14, "num_publications_10y": 0, "num_citations_10y": 45, "publications_years": {"2007": 1}, "citations_years": {"2007": 4, "2008": 5, "2009": 7, "2010": 8, "2011": 6, "2012": 6, "2013": 4, "2014": 2, "2015": 4, "2016": 4, "2017": 0, "2018": 4, "2019": 0, "2020": 1}, "old_citations": {"2007": 55}, "isVisible": false}, "2102690350": {"name": "sean lee", "type": "author", "activity": 8, "h_index": 4, "h5_index": 1, "mag_id": "2102690350", "num_publications": 1, "num_citations": 167, "num_publications_5y": 0, "num_citations_5y": 102, "num_publications_10y": 1, "num_citations_10y": 155, "publications_years": {"2011": 1}, "citations_years": {"2010": 1, "2011": 7, "2012": 25, "2013": 20, "2014": 27, "2015": 22, "2016": 18, "2017": 20, "2018": 15, "2019": 10, "2020": 2}, "old_citations": {"2011": 167}, "isVisible": false}, "2105628737": {"name": "jorge a navas", "type": "author", "activity": 14, "h_index": 14, "h5_index": 2, "mag_id": "2105628737", "num_publications": 1, "num_citations": 1, "num_publications_5y": 0, "num_citations_5y": 0, "num_publications_10y": 0, "num_citations_10y": 1, "publications_years": {"2007": 1}, "citations_years": {"2010": 1}, "old_citations": {"2007": 1}, "isVisible": false}, "2111352627": {"name": "pedro lopez garcia", "type": "author", "activity": 26, "h_index": 4, "h5_index": 0, "mag_id": "2111352627", "num_publications": 1, "num_citations": 1, "num_publications_5y": 0, "num_citations_5y": 0, "num_publications_10y": 0, "num_citations_10y": 1, "publications_years": {"2007": 1}, "citations_years": {"2010": 1}, "old_citations": {"2007": 1}, "isVisible": false}, "2113561125": {"name": "laurent michel", "type": "author", "activity": 28, "h_index": 20, "h5_index": 3, "mag_id": "2113561125", "num_publications": 1, "num_citations": 0, "num_publications_5y": 0, "num_citations_5y": 0, "num_publications_10y": 1, "num_citations_10y": 0, "publications_years": {"2010": 1}, "citations_years": {}, "old_citations": {"2010": 0}, "isVisible": false}, "2115406253": {"name": "michael lesniak", "type": "author", "activity": 3, "h_index": 2, "h5_index": 0, "mag_id": "2115406253", "num_publications": 1, "num_citations": 14, "num_publications_5y": 0, "num_citations_5y": 3, "num_publications_10y": 1, "num_citations_10y": 13, "publications_years": {"2010": 1}, "citations_years": {"2010": 2, "2011": 4, "2012": 2, "2013": 2, "2014": 1, "2015": 0, "2016": 1, "2017": 0, "2018": 1, "2019": 1}, "old_citations": {"2010": 14}, "isVisible": false}, "2115752987": {"name": "francisco bueno carrillo", "type": "author", "activity": 23, "h_index": 7, "h5_index": 0, "mag_id": "2115752987", "num_publications": 1, "num_citations": 1, "num_publications_5y": 0, "num_citations_5y": 0, "num_publications_10y": 0, "num_citations_10y": 1, "publications_years": {"2007": 1}, "citations_years": {"2010": 1}, "old_citations": {"2007": 1}, "isVisible": false}, "2120918653": {"name": "francesco ricca", "type": "author", "activity": 18, "h_index": 23, "h5_index": 9, "mag_id": "2120918653", "num_publications": 1, "num_citations": 9, "num_publications_5y": 0, "num_citations_5y": 1, "num_publications_10y": 1, "num_citations_10y": 9, "publications_years": {"2010": 1}, "citations_years": {"2010": 3, "2011": 2, "2012": 1, "2013": 2, "2014": 0, "2015": 0, "2016": 1}, "old_citations": {"2010": 9}, "isVisible": false}, "2121149389": {"name": "mohan rajagopalan", "type": "author", "activity": 14, "h_index": 14, "h5_index": 0, "mag_id": "2121149389", "num_publications": 1, "num_citations": 22, "num_publications_5y": 0, "num_citations_5y": 8, "num_publications_10y": 0, "num_citations_10y": 21, "publications_years": {"2007": 1}, "citations_years": {"2007": 1, "2008": 0, "2009": 4, "2010": 0, "2011": 5, "2012": 1, "2013": 3, "2014": 4, "2015": 2, "2016": 0, "2017": 1, "2018": 1}, "old_citations": {"2007": 22}, "isVisible": false}, "2129753207": {"name": "dominic orchard", "type": "author", "activity": 13, "h_index": 9, "h5_index": 4, "mag_id": "2129753207", "num_publications": 1, "num_citations": 28, "num_publications_5y": 0, "num_citations_5y": 13, "num_publications_10y": 1, "num_citations_10y": 27, "publications_years": {"2010": 1}, "citations_years": {"2011": 5, "2012": 7, "2013": 2, "2014": 7, "2015": 2, "2016": 2, "2017": 1, "2018": 1, "2019": 1}, "old_citations": {"2010": 28}, "isVisible": false}, "2130034569": {"name": "susmit sarkar", "type": "author", "activity": 16, "h_index": 19, "h5_index": 5, "mag_id": "2130034569", "num_publications": 1, "num_citations": 76, "num_publications_5y": 0, "num_citations_5y": 43, "num_publications_10y": 1, "num_citations_10y": 72, "publications_years": {"2009": 1}, "citations_years": {"2009": 4, "2010": 7, "2011": 6, "2012": 6, "2013": 6, "2014": 12, "2015": 9, "2016": 5, "2017": 12, "2018": 5, "2019": 4}, "old_citations": {"2009": 76}, "isVisible": false}, "2132080322": {"name": "joe duffy", "type": "author", "activity": 6, "h_index": 4, "h5_index": 0, "mag_id": "2132080322", "num_publications": 1, "num_citations": 10, "num_publications_5y": 0, "num_citations_5y": 0, "num_publications_10y": 0, "num_citations_10y": 6, "publications_years": {"2007": 1}, "citations_years": {"2007": 1, "2008": 3, "2009": 2, "2010": 1, "2011": 2, "2012": 1}, "old_citations": {"2007": 10}, "isVisible": false}, "2133455440": {"name": "kevin hammond", "type": "author", "activity": 30, "h_index": 22, "h5_index": 4, "mag_id": "2133455440", "num_publications": 1, "num_citations": 11, "num_publications_5y": 0, "num_citations_5y": 2, "num_publications_10y": 1, "num_citations_10y": 11, "publications_years": {"2009": 1}, "citations_years": {"2009": 2, "2010": 2, "2011": 1, "2012": 2, "2013": 2, "2014": 2}, "old_citations": {"2009": 11}, "isVisible": false}, "2135481784": {"name": "e mera", "type": "author", "activity": 10, "h_index": 6, "h5_index": 0, "mag_id": "2135481784", "num_publications": 1, "num_citations": 1, "num_publications_5y": 0, "num_citations_5y": 0, "num_publications_10y": 0, "num_citations_10y": 1, "publications_years": {"2007": 1}, "citations_years": {"2010": 1}, "old_citations": {"2007": 1}, "isVisible": false}, "2136914149": {"name": "abdallah al zain", "type": "author", "activity": 13, "h_index": 5, "h5_index": 0, "mag_id": "2136914149", "num_publications": 1, "num_citations": 11, "num_publications_5y": 0, "num_citations_5y": 2, "num_publications_10y": 1, "num_citations_10y": 11, "publications_years": {"2009": 1}, "citations_years": {"2009": 2, "2010": 2, "2011": 1, "2012": 2, "2013": 2, "2014": 2}, "old_citations": {"2009": 11}, "isVisible": false}, "2142246817": {"name": "simon jones", "type": "author", "activity": 31, "h_index": 55, "h5_index": 8, "mag_id": "2142246817", "num_publications": 1, "num_citations": 157, "num_publications_5y": 0, "num_citations_5y": 43, "num_publications_10y": 0, "num_citations_10y": 137, "publications_years": {"2007": 1}, "citations_years": {"2007": 7, "2008": 8, "2009": 20, "2010": 15, "2011": 15, "2012": 24, "2013": 20, "2014": 11, "2015": 13, "2016": 7, "2017": 6, "2018": 6, "2019": 4, "2020": 1}, "old_citations": {"2007": 157}, "isVisible": false}, "2143228130": {"name": "matthew a hammer", "type": "author", "activity": 16, "h_index": 12, "h5_index": 3, "mag_id": "2143228130", "num_publications": 1, "num_citations": 22, "num_publications_5y": 0, "num_citations_5y": 8, "num_publications_10y": 0, "num_citations_10y": 21, "publications_years": {"2007": 1}, "citations_years": {"2007": 1, "2008": 0, "2009": 4, "2010": 0, "2011": 5, "2012": 1, "2013": 3, "2014": 4, "2015": 2, "2016": 0, "2017": 1, "2018": 1}, "old_citations": {"2007": 22}, "isVisible": false}, "2150990535": {"name": "austin robison", "type": "author", "activity": 5, "h_index": 3, "h5_index": 0, "mag_id": "2150990535", "num_publications": 1, "num_citations": 1, "num_publications_5y": 0, "num_citations_5y": 1, "num_publications_10y": 1, "num_citations_10y": 1, "publications_years": {"2011": 1}, "citations_years": {"2016": 1}, "old_citations": {"2011": 1}, "isVisible": false}, "2153775914": {"name": "amadeo casas", "type": "author", "activity": 10, "h_index": 5, "h5_index": 0, "mag_id": "2153775914", "num_publications": 1, "num_citations": 1, "num_publications_5y": 0, "num_citations_5y": 0, "num_publications_10y": 0, "num_citations_10y": 1, "publications_years": {"2007": 1}, "citations_years": {"2010": 1}, "old_citations": {"2007": 1}, "isVisible": false}, "2159432867": {"name": "paul hudak", "type": "author", "activity": 29, "h_index": 30, "h5_index": 1, "mag_id": "2159432867", "num_publications": 1, "num_citations": 0, "num_publications_5y": 0, "num_citations_5y": 0, "num_publications_10y": 1, "num_citations_10y": 0, "publications_years": {"2010": 1}, "citations_years": {}, "old_citations": {"2010": 0}, "isVisible": false}, "2163819680": {"name": "makarius wenzel", "type": "author", "activity": 14, "h_index": 14, "h5_index": 2, "mag_id": "2163819680", "num_publications": 1, "num_citations": 27, "num_publications_5y": 0, "num_citations_5y": 7, "num_publications_10y": 1, "num_citations_10y": 23, "publications_years": {"2010": 1}, "citations_years": {"2011": 5, "2012": 5, "2013": 6, "2014": 4, "2015": 2, "2016": 1, "2017": 0, "2018": 0, "2019": 4}, "old_citations": {"2010": 27}, "isVisible": false}, "2164197688": {"name": "vivek sarkar", "type": "author", "activity": 31, "h_index": 46, "h5_index": 8, "mag_id": "2164197688", "num_publications": 1, "num_citations": 24, "num_publications_5y": 0, "num_citations_5y": 7, "num_publications_10y": 1, "num_citations_10y": 22, "publications_years": {"2009": 1}, "citations_years": {"2009": 1, "2010": 4, "2011": 8, "2012": 2, "2013": 0, "2014": 2, "2015": 2, "2016": 2, "2017": 0, "2018": 1, "2019": 2}, "old_citations": {"2009": 24}, "isVisible": false}, "2166323481": {"name": "simona perri", "type": "author", "activity": 22, "h_index": 16, "h5_index": 7, "mag_id": "2166323481", "num_publications": 1, "num_citations": 9, "num_publications_5y": 0, "num_citations_5y": 1, "num_publications_10y": 1, "num_citations_10y": 9, "publications_years": {"2010": 1}, "citations_years": {"2010": 3, "2011": 2, "2012": 1, "2013": 2, "2014": 0, "2015": 0, "2016": 1}, "old_citations": {"2010": 9}, "isVisible": false}, "2167313072": {"name": "daniel e cooke", "type": "author", "activity": 24, "h_index": 9, "h5_index": 0, "mag_id": "2167313072", "num_publications": 1, "num_citations": 3, "num_publications_5y": 0, "num_citations_5y": 3, "num_publications_10y": 1, "num_citations_10y": 3, "publications_years": {"2010": 1}, "citations_years": {"2016": 1, "2017": 1, "2018": 1}, "old_citations": {"2010": 3}, "isVisible": false}, "2169764815": {"name": "joaquin aguado", "type": "author", "activity": 16, "h_index": 4, "h5_index": 2, "mag_id": "2169764815", "num_publications": 1, "num_citations": 0, "num_publications_5y": 0, "num_citations_5y": 0, "num_publications_10y": 1, "num_citations_10y": 0, "publications_years": {"2011": 1}, "citations_years": {}, "old_citations": {"2011": 0}, "isVisible": false}, "2197332100": {"name": "jeyarajan thiyagalingam", "type": "author", "activity": 20, "h_index": 9, "h5_index": 3, "mag_id": "2197332100", "num_publications": 1, "num_citations": 33, "num_publications_5y": 0, "num_citations_5y": 18, "num_publications_10y": 1, "num_citations_10y": 29, "publications_years": {"2011": 1}, "citations_years": {"2011": 2, "2012": 5, "2013": 4, "2014": 4, "2015": 6, "2016": 2, "2017": 3, "2018": 3, "2019": 4}, "old_citations": {"2011": 33}, "isVisible": false}, "2222868243": {"name": "j nelson rushtom", "type": "author", "activity": 1, "h_index": 1, "h5_index": 0, "mag_id": "2222868243", "num_publications": 1, "num_citations": 3, "num_publications_5y": 0, "num_citations_5y": 3, "num_publications_10y": 1, "num_citations_10y": 3, "publications_years": {"2010": 1}, "citations_years": {"2016": 1, "2017": 1, "2018": 1}, "old_citations": {"2010": 3}, "isVisible": false}, "2230888449": {"name": "leo treggiari", "type": "author", "activity": 1, "h_index": 2, "h5_index": 0, "mag_id": "2230888449", "num_publications": 1, "num_citations": 24, "num_publications_5y": 0, "num_citations_5y": 7, "num_publications_10y": 1, "num_citations_10y": 22, "publications_years": {"2009": 1}, "citations_years": {"2009": 1, "2010": 4, "2011": 8, "2012": 2, "2013": 0, "2014": 2, "2015": 2, "2016": 2, "2017": 0, "2018": 1, "2019": 2}, "old_citations": {"2009": 24}, "isVisible": false}, "2231092856": {"name": "max bolingbroke", "type": "author", "activity": 1, "h_index": 1, "h5_index": 0, "mag_id": "2231092856", "num_publications": 1, "num_citations": 28, "num_publications_5y": 0, "num_citations_5y": 13, "num_publications_10y": 1, "num_citations_10y": 27, "publications_years": {"2010": 1}, "citations_years": {"2011": 5, "2012": 7, "2013": 2, "2014": 7, "2015": 2, "2016": 2, "2017": 1, "2018": 1, "2019": 1}, "old_citations": {"2010": 28}, "isVisible": false}, "2237739757": {"name": "jing guo", "type": "author", "activity": 4, "h_index": 4, "h5_index": 0, "mag_id": "2237739757", "num_publications": 1, "num_citations": 33, "num_publications_5y": 0, "num_citations_5y": 18, "num_publications_10y": 1, "num_citations_10y": 29, "publications_years": {"2011": 1}, "citations_years": {"2011": 2, "2012": 5, "2013": 4, "2014": 4, "2015": 6, "2016": 2, "2017": 3, "2018": 3, "2019": 4}, "old_citations": {"2011": 33}, "isVisible": false}, "2286296125": {"name": "sam lindley", "type": "author", "activity": 17, "h_index": 18, "h5_index": 8, "mag_id": "2286296125", "num_publications": 1, "num_citations": 3, "num_publications_5y": 0, "num_citations_5y": 0, "num_publications_10y": 0, "num_citations_10y": 1, "publications_years": {"2007": 1}, "citations_years": {"2007": 2, "2008": 0, "2009": 0, "2010": 1}, "old_citations": {"2007": 3}, "isVisible": false}, "2295942198": {"name": "satnam singh", "type": "author", "activity": 26, "h_index": 21, "h5_index": 1, "mag_id": "2295942198", "num_publications": 1, "num_citations": 6, "num_publications_5y": 0, "num_citations_5y": 3, "num_publications_10y": 1, "num_citations_10y": 5, "publications_years": {"2010": 1}, "citations_years": {"2012": 1, "2013": 1, "2014": 2, "2015": 1, "2016": 0, "2017": 0, "2018": 0, "2019": 1}, "old_citations": {"2010": 6}, "isVisible": false}, "2343183261": {"name": "paul tarau", "type": "author", "activity": 30, "h_index": 16, "h5_index": 3, "mag_id": "2343183261", "num_publications": 1, "num_citations": 4, "num_publications_5y": 0, "num_citations_5y": 1, "num_publications_10y": 1, "num_citations_10y": 4, "publications_years": {"2011": 1}, "citations_years": {"2011": 1, "2012": 2, "2013": 0, "2014": 0, "2015": 0, "2016": 1}, "old_citations": {"2011": 4}, "isVisible": false}, "2423929432": {"name": "raghavendra prasad", "type": "author", "activity": 1, "h_index": 1, "h5_index": 0, "mag_id": "2423929432", "num_publications": 1, "num_citations": 12, "num_publications_5y": 0, "num_citations_5y": 7, "num_publications_10y": 1, "num_citations_10y": 12, "publications_years": {"2010": 1}, "citations_years": {"2011": 4, "2012": 1, "2013": 0, "2014": 2, "2015": 1, "2016": 3, "2017": 0, "2018": 1}, "old_citations": {"2010": 12}, "isVisible": false}, "2632683863": {"name": "marco sirianni", "type": "author", "activity": 5, "h_index": 4, "h5_index": 0, "mag_id": "2632683863", "num_publications": 1, "num_citations": 9, "num_publications_5y": 0, "num_citations_5y": 1, "num_publications_10y": 1, "num_citations_10y": 9, "publications_years": {"2010": 1}, "citations_years": {"2010": 3, "2011": 2, "2012": 1, "2013": 2, "2014": 0, "2015": 0, "2016": 1}, "old_citations": {"2010": 9}, "isVisible": false}, "2644061539": {"name": "bradford larsen", "type": "author", "activity": 5, "h_index": 3, "h5_index": 0, "mag_id": "2644061539", "num_publications": 1, "num_citations": 16, "num_publications_5y": 0, "num_citations_5y": 9, "num_publications_10y": 1, "num_citations_10y": 16, "publications_years": {"2011": 1}, "citations_years": {"2012": 5, "2013": 2, "2014": 1, "2015": 7, "2016": 0, "2017": 1}, "old_citations": {"2011": 16}, "isVisible": false}, "2676907578": {"name": "hai liu", "type": "author", "activity": 6, "h_index": 4, "h5_index": 0, "mag_id": "2676907578", "num_publications": 1, "num_citations": 0, "num_publications_5y": 0, "num_citations_5y": 0, "num_publications_10y": 1, "num_citations_10y": 0, "publications_years": {"2010": 1}, "citations_years": {}, "old_citations": {"2010": 0}, "isVisible": false}, "2715276194": {"name": "david c j matthews", "type": "author", "activity": 1, "h_index": 1, "h5_index": 0, "mag_id": "2715276194", "num_publications": 1, "num_citations": 27, "num_publications_5y": 0, "num_citations_5y": 7, "num_publications_10y": 1, "num_citations_10y": 23, "publications_years": {"2010": 1}, "citations_years": {"2011": 5, "2012": 5, "2013": 6, "2014": 4, "2015": 2, "2016": 1, "2017": 0, "2018": 0, "2019": 4}, "old_citations": {"2010": 27}, "isVisible": false}, "2799503817": {"name": "frederic peschanski", "type": "author", "activity": 19, "h_index": 5, "h5_index": 0, "mag_id": "2799503817", "num_publications": 1, "num_citations": 3, "num_publications_5y": 0, "num_citations_5y": 2, "num_publications_10y": 1, "num_citations_10y": 3, "publications_years": {"2011": 1}, "citations_years": {"2011": 1, "2012": 0, "2013": 0, "2014": 0, "2015": 0, "2016": 0, "2017": 1, "2018": 1}, "old_citations": {"2011": 3}, "isVisible": false}, "2922000770": {"name": "mike rainey", "type": "author", "activity": 14, "h_index": 10, "h5_index": 3, "mag_id": "2922000770", "num_publications": 1, "num_citations": 55, "num_publications_5y": 0, "num_citations_5y": 14, "num_publications_10y": 0, "num_citations_10y": 45, "publications_years": {"2007": 1}, "citations_years": {"2007": 4, "2008": 5, "2009": 7, "2010": 8, "2011": 6, "2012": 6, "2013": 4, "2014": 2, "2015": 4, "2016": 4, "2017": 0, "2018": 4, "2019": 0, "2020": 1}, "old_citations": {"2007": 55}, "isVisible": false}, "2952141343": {"name": "kathleen knobe", "type": "author", "activity": 15, "h_index": 6, "h5_index": 0, "mag_id": "2952141343", "num_publications": 1, "num_citations": 24, "num_publications_5y": 0, "num_citations_5y": 7, "num_publications_10y": 1, "num_citations_10y": 22, "publications_years": {"2009": 1}, "citations_years": {"2009": 1, "2010": 4, "2011": 8, "2012": 2, "2013": 0, "2014": 2, "2015": 2, "2016": 2, "2017": 0, "2018": 1, "2019": 2}, "old_citations": {"2009": 24}, "isVisible": false}}, "countries": {"United States": {"name": "United States", "type": "country", "h5_index": 308, "num_publications": 17, "num_citations": 398, "num_publications_5y": 0, "num_citations_5y": 146, "num_publications_10y": 11, "num_citations_10y": 353, "publications_years": {"2010": 5, "2007": 6, "2011": 2, "2009": 4}, "citations_years": {"2011": 48, "2012": 49, "2013": 36, "2014": 38, "2015": 40, "2016": 27, "2017": 21, "2018": 20, "2019": 12, "2007": 13, "2008": 18, "2009": 39, "2010": 35, "2020": 2}, "old_citations": {"2010": 21, "2007": 245, "2011": 20, "2009": 112}, "isVisible": false}, "United Kingdom": {"name": "United Kingdom", "type": "country", "h5_index": 172, "num_publications": 11, "num_citations": 342, "num_publications_5y": 0, "num_citations_5y": 187, "num_publications_10y": 9, "num_citations_10y": 319, "publications_years": {"2009": 3, "2010": 2, "2011": 4, "2007": 2}, "citations_years": {"2011": 24, "2012": 49, "2010": 15, "2013": 37, "2009": 7, "2014": 54, "2015": 41, "2016": 29, "2017": 38, "2018": 25, "2019": 19, "2007": 2, "2008": 0, "2020": 2}, "old_citations": {"2009": 89, "2010": 35, "2011": 201, "2007": 17}, "isVisible": false}, "Germany": {"name": "Germany", "type": "country", "h5_index": 139, "num_publications": 4, "num_citations": 39, "num_publications_5y": 0, "num_citations_5y": 13, "num_publications_10y": 3, "num_citations_10y": 38, "publications_years": {"2009": 1, "2011": 1, "2010": 1, "2007": 1}, "citations_years": {"2009": 3, "2010": 5, "2011": 7, "2012": 5, "2013": 5, "2014": 5, "2015": 2, "2016": 2, "2017": 2, "2018": 2, "2019": 1}, "old_citations": {"2009": 11, "2011": 0, "2010": 14, "2007": 14}, "isVisible": false}, "Australia": {"name": "Australia", "type": "country", "h5_index": 141, "num_publications": 2, "num_citations": 324, "num_publications_5y": 0, "num_citations_5y": 145, "num_publications_10y": 1, "num_citations_10y": 292, "publications_years": {"2007": 1, "2011": 1}, "citations_years": {"2007": 7, "2008": 8, "2009": 20, "2010": 16, "2011": 22, "2012": 49, "2013": 40, "2014": 38, "2015": 35, "2016": 25, "2017": 26, "2018": 21, "2019": 14, "2020": 3}, "old_citations": {"2007": 157, "2011": 167}, "isVisible": false}, "Singapore": {"name": "Singapore", "type": "country", "h5_index": 105, "num_publications": 2, "num_citations": 27, "num_publications_5y": 0, "num_citations_5y": 8, "num_publications_10y": 1, "num_citations_10y": 18, "publications_years": {"2007": 1, "2009": 1}, "citations_years": {"2007": 5, "2008": 3, "2009": 4, "2010": 2, "2011": 2, "2012": 0, "2013": 2, "2014": 0, "2015": 1, "2016": 3, "2017": 1, "2018": 3, "2019": 1}, "old_citations": {"2007": 19, "2009": 8}, "isVisible": false}, "Denmark": {"name": "Denmark", "type": "country", "h5_index": 65, "num_publications": 1, "num_citations": 8, "num_publications_5y": 0, "num_citations_5y": 5, "num_publications_10y": 1, "num_citations_10y": 7, "publications_years": {"2009": 1}, "citations_years": {"2009": 1, "2010": 0, "2011": 1, "2012": 0, "2013": 0, "2014": 0, "2015": 1, "2016": 3, "2017": 0, "2018": 1, "2019": 1}, "old_citations": {"2009": 8}, "isVisible": false}, "France": {"name": "France", "type": "country", "h5_index": 99, "num_publications": 1, "num_citations": 76, "num_publications_5y": 0, "num_citations_5y": 43, "num_publications_10y": 1, "num_citations_10y": 72, "publications_years": {"2009": 1}, "citations_years": {"2009": 4, "2010": 7, "2011": 6, "2012": 6, "2013": 6, "2014": 12, "2015": 9, "2016": 5, "2017": 12, "2018": 5, "2019": 4}, "old_citations": {"2009": 76}, "isVisible": false}, "Japan": {"name": "Japan", "type": "country", "h5_index": 94, "num_publications": 1, "num_citations": 22, "num_publications_5y": 0, "num_citations_5y": 8, "num_publications_10y": 0, "num_citations_10y": 21, "publications_years": {"2007": 1}, "citations_years": {"2007": 1, "2008": 0, "2009": 4, "2010": 0, "2011": 5, "2012": 1, "2013": 3, "2014": 4, "2015": 2, "2016": 0, "2017": 1, "2018": 1}, "old_citations": {"2007": 22}, "isVisible": false}, "Netherlands": {"name": "Netherlands", "type": "country", "h5_index": 91, "num_publications": 1, "num_citations": 7, "num_publications_5y": 0, "num_citations_5y": 0, "num_publications_10y": 1, "num_citations_10y": 7, "publications_years": {"2010": 1}, "citations_years": {"2010": 3, "2011": 0, "2012": 2, "2013": 2}, "old_citations": {"2010": 7}, "isVisible": false}, "Spain": {"name": "Spain", "type": "country", "h5_index": 91, "num_publications": 1, "num_citations": 0, "num_publications_5y": 0, "num_citations_5y": 0, "num_publications_10y": 0, "num_citations_10y": 0, "publications_years": {"2007": 1}, "citations_years": {}, "old_citations": {"2007": 0}, "isVisible": false}}, "industrial_sectors": {"technology": {"name": "technology", "type": "industrial sector", "h5_index": 229, "num_publications": 9, "num_citations": 471, "num_publications_5y": 0, "num_citations_5y": 212, "num_publications_10y": 6, "num_citations_10y": 426, "publications_years": {"2010": 1, "2007": 3, "2009": 3, "2011": 2}, "citations_years": {"2012": 60, "2013": 50, "2014": 58, "2015": 50, "2016": 36, "2017": 39, "2018": 29, "2019": 22, "2007": 9, "2008": 11, "2009": 32, "2010": 28, "2011": 44, "2020": 3}, "old_citations": {"2010": 6, "2007": 189, "2009": 108, "2011": 168}, "isVisible": false}, "computing_and_it": {"name": "computing_and_it", "type": "industrial sector", "h5_index": 221, "num_publications": 7, "num_citations": 425, "num_publications_5y": 0, "num_citations_5y": 197, "num_publications_10y": 5, "num_citations_10y": 383, "publications_years": {"2010": 1, "2007": 2, "2009": 2, "2011": 2}, "citations_years": {"2012": 57, "2013": 47, "2014": 52, "2015": 46, "2016": 34, "2017": 38, "2018": 27, "2019": 20, "2007": 8, "2008": 11, "2009": 27, "2010": 24, "2011": 31, "2020": 3}, "old_citations": {"2010": 6, "2007": 167, "2009": 84, "2011": 168}, "isVisible": false}, "electronics": {"name": "electronics", "type": "industrial sector", "h5_index": 134, "num_publications": 7, "num_citations": 425, "num_publications_5y": 0, "num_citations_5y": 197, "num_publications_10y": 5, "num_citations_10y": 383, "publications_years": {"2010": 1, "2007": 2, "2009": 2, "2011": 2}, "citations_years": {"2012": 57, "2013": 47, "2014": 52, "2015": 46, "2016": 34, "2017": 38, "2018": 27, "2019": 20, "2007": 8, "2008": 11, "2009": 27, "2010": 24, "2011": 31, "2020": 3}, "old_citations": {"2010": 6, "2007": 167, "2009": 84, "2011": 168}, "isVisible": false}, "semiconductor": {"name": "semiconductor", "type": "industrial sector", "h5_index": 102, "num_publications": 4, "num_citations": 214, "num_publications_5y": 0, "num_citations_5y": 118, "num_publications_10y": 3, "num_citations_10y": 199, "publications_years": {"2007": 1, "2009": 1, "2011": 2}, "citations_years": {"2007": 1, "2008": 0, "2009": 5, "2010": 5, "2011": 20, "2012": 28, "2013": 23, "2014": 33, "2015": 26, "2016": 21, "2017": 21, "2018": 17, "2019": 12, "2020": 2}, "old_citations": {"2007": 22, "2009": 24, "2011": 168}, "isVisible": false}}}, "conference_comparison": {"computer science": {}}, "topics_dna": {"publications": {}, "citations": {"normalized": {}, "average": {}}}, "info": {"num_publications": 35, "num_citations": 737.0, "impact_factor": {"2009": 3.3636363636363638, "2010": 2.1666666666666665, "2011": 2.3125}, "publications_years": {"2007": 11, "2010": 10, "2011": 8, "2009": 6}, "citations_years": {"2007": 20, "2008": 21, "2009": 45, "2010": 51, "2011": 79, "2012": 100, "2013": 79, "2014": 85, "2015": 74, "2016": 54, "2017": 49, "2018": 44, "2019": 32, "2020": 4}, "old_citations": {"2007": 282, "2010": 106, "2011": 224, "2009": 125}, "h5_index": 0}, "percentile": {"computer science": {"2007": 94, "2010": 86, "2011": 97, "2009": 93}}, "conference_ranking": {"computer science": {"2007": 227, "2010": 580, "2011": 128, "2009": 270}}, "academia": {"num_publications": 21, "num_citations": 215, "publications_years": {"2007": 7, "2008": 0, "2009": 2, "2010": 7, "2011": 5}, "old_citations": {"2007": 92, "2008": 0, "2009": 6, "2010": 64, "2011": 53}, "num_publications_5y": 0, "num_citations_5y": 0, "num_publications_10y": 5, "num_citations_10y": 53}, "industry": {"num_publications": 3, "num_citations": 17, "publications_years": {"2007": 1, "2008": 0, "2009": 0, "2010": 1, "2011": 1}, "old_citations": {"2007": 10, "2008": 0, "2009": 0, "2010": 6, "2011": 1}, "num_publications_5y": 0, "num_citations_5y": 0, "num_publications_10y": 1, "num_citations_10y": 1}, "collaborative": {"num_publications": 6, "num_citations": 454, "publications_years": {"2007": 2, "2008": 0, "2009": 3, "2010": 0, "2011": 1}, "old_citations": {"2007": 179, "2008": 0, "2009": 108, "2010": 0, "2011": 167}, "num_publications_5y": 0, "num_citations_5y": 0, "num_publications_10y": 1, "num_citations_10y": 167}, "conferences": {}, "journals": {}, "organizations": {"publication_overall": ["Microsoft (United States)", "University of Hertfordshire", "Intel (United States)", "National University of Singapore", "Nvidia (United Kingdom)", "Purdue University West Lafayette", "Toyota Technological Institute At Chicago", "UNSW Sydney", "University of Cambridge", "Carnegie Mellon University", "French Institute for Research in Computer Science and Automation", "Georgia Institute of Technology", "Heriot-Watt University", "IT University of Copenhagen", "Philipp University of Marburg", "Rice University", "Technical University of Madrid", "Texas Tech University", "Toyota Technological Institute", "Tufts University", "University of Amsterdam", "University of Bamberg", "University of Chicago", "University of Connecticut", "University of Edinburgh", "University of Kassel", "University of L\u00fcbeck", "University of North Texas", "University of Oxford", "University of Pennsylvania", "University of St Andrews", "Yale University"], "citation_overall": ["UNSW Sydney", "Microsoft (United States)", "Nvidia (United Kingdom)", "University of Cambridge", "French Institute for Research in Computer Science and Automation", "Toyota Technological Institute At Chicago", "University of Hertfordshire", "University of Chicago", "Intel (United States)", "University of Oxford", "National University of Singapore", "Georgia Institute of Technology", "Rice University", "Toyota Technological Institute", "Purdue University West Lafayette", "Tufts University", "University of Kassel", "University of L\u00fcbeck", "Heriot-Watt University", "Philipp University of Marburg", "University of St Andrews", "IT University of Copenhagen", "University of Amsterdam", "University of North Texas", "Texas Tech University", "University of Edinburgh", "Carnegie Mellon University", "Technical University of Madrid", "University of Bamberg", "University of Connecticut", "University of Pennsylvania", "Yale University"], "publication_10_years": ["Nvidia (United Kingdom)", "University of Hertfordshire", "Tufts University", "UNSW Sydney", "University of Bamberg", "University of North Texas", "University of Oxford"], "citation_10_years": ["Nvidia (United Kingdom)", "UNSW Sydney", "University of Hertfordshire", "University of Oxford", "Tufts University", "University of North Texas", "University of Bamberg"], "publication_5_years": [], "citation_5_years": []}, "countries": {"publication_overall": ["United States", "United Kingdom", "Germany", "Australia", "Singapore", "Denmark", "France", "Japan", "Netherlands", "Spain"], "citation_overall": ["United States", "United Kingdom", "Australia", "France", "Germany", "Singapore", "Japan", "Denmark", "Netherlands", "Spain"], "publication_10_years": ["United Kingdom", "United States", "Australia", "Germany"], "citation_10_years": ["United Kingdom", "Australia", "United States", "Germany"], "publication_5_years": [], "citation_5_years": []}, "topics": {"publication_overall": ["computer science", "computer systems", "computer programming", "computer programming languages", "computer hardware", "distributed computer systems", "distributed systems", "microprocessor chips", "parallel processing systems", "program processors", "parallel algorithms", "parallel architectures", "parallel programming", "multi core", "program compilers", "embedded systems", "linguistics", "multi-core processor", "software engineering", "functional programming"], "citation_overall": ["computer science", "computer systems", "computer hardware", "distributed computer systems", "distributed systems", "microprocessor chips", "parallel processing systems", "program processors", "computer programming", "computer programming languages", "parallel algorithms", "parallel architectures", "multi core", "parallel programming", "program compilers", "functional programming", "parallelism", "embedded systems", "haskell", "linguistics"], "publication_10_years": ["computer hardware", "computer programming", "computer programming languages", "computer science", "computer systems", "distributed computer systems", "distributed systems", "microprocessor chips", "parallel algorithms", "parallel architectures", "parallel processing systems", "parallel programming", "program processors", "linguistics", "engineering", "gpu", "program compilers", "cuda", "database systems", "functional programming"], "citation_10_years": ["computer hardware", "computer programming", "computer programming languages", "computer science", "computer systems", "distributed computer systems", "distributed systems", "microprocessor chips", "parallel algorithms", "parallel architectures", "parallel processing systems", "parallel programming", "program processors", "cuda", "gpu", "gpus", "graphics processing unit", "program compilers", "multi core", "parallel computing"], "publication_5_years": [], "citation_5_years": []}, "main_topics": ["computer science"], "authors": {"publication_overall": ["1974525757", "2006924737", "86224307", "210727077", "724299231", "2107696875", "2125744624", "2141982898", "2144620468", "2162636634", "2268913824", "2668625909", "76926217", "107875864", "163000670", "270422400", "294112711", "324107302", "689480282", "709064994", "1416695844", "1418425099", "1505617513", "1510075581", "1967913477", "1969031365", "1974004211", "1994212081", "1999308727", "2007630652", "2026582897", "2031028931", "2044799559", "2046589041", "2048025547", "2050816106", "2050835401", "2050934916", "2063172183", "2083541332", "2095841411", "2099595286", "2100968844", "2101205135", "2102690350", "2105628737", "2111352627", "2113561125", "2115406253", "2115752987", "2120918653", "2121149389", "2129753207", "2130034569", "2132080322", "2133455440", "2135481784", "2136914149", "2142246817", "2143228130", "2150990535", "2153775914", "2159432867", "2163819680", "2164197688", "2166323481", "2167313072", "2169764815", "2197332100", "2222868243", "2230888449", "2231092856", "2237739757", "2286296125", "2295942198", "2343183261", "2423929432", "2632683863", "2644061539", "2676907578", "2715276194", "2799503817", "2922000770", "2952141343"], "citation_overall": ["2144620468", "2162636634", "1418425099", "1967913477", "2102690350", "2125744624", "107875864", "2142246817", "76926217", "689480282", "2026582897", "2050934916", "2083541332", "2099595286", "2130034569", "2668625909", "324107302", "2100968844", "2101205135", "2922000770", "2006924737", "2197332100", "2237739757", "163000670", "2129753207", "2231092856", "86224307", "2107696875", "2163819680", "2715276194", "724299231", "270422400", "1505617513", "2050816106", "2164197688", "2230888449", "2952141343", "1974525757", "709064994", "2121149389", "2143228130", "210727077", "2141982898", "2644061539", "2115406253", "2063172183", "2423929432", "1974004211", "2007630652", "2031028931", "2044799559", "2133455440", "2136914149", "2132080322", "2120918653", "2166323481", "2632683863", "1416695844", "1510075581", "2295942198", "2343183261", "294112711", "2167313072", "2222868243", "2286296125", "2799503817", "1999308727", "1969031365", "2095841411", "2105628737", "2111352627", "2115752987", "2135481784", "2150990535", "2153775914", "2268913824", "1994212081", "2046589041", "2048025547", "2050835401", "2113561125", "2159432867", "2169764815", "2676907578"], "publication_10_years": ["1418425099", "1967913477", "2006924737", "2048025547", "2050835401", "2102690350", "2144620468", "2150990535", "2162636634", "2169764815", "2197332100", "2237739757", "2343183261", "2644061539", "2799503817"], "citation_10_years": ["1418425099", "1967913477", "2102690350", "2144620468", "2162636634", "2006924737", "2197332100", "2237739757", "2644061539", "2343183261", "2799503817", "2150990535", "2048025547", "2050835401", "2169764815"], "publication_5_years": [], "citation_5_years": []}, "industrial_sectors": {"publication_overall": ["technology", "computing_and_it", "electronics", "semiconductor"], "citation_overall": ["technology", "computing_and_it", "electronics", "semiconductor"], "publication_10_years": ["computing_and_it", "electronics", "semiconductor", "technology"], "citation_10_years": ["computing_and_it", "electronics", "semiconductor", "technology"], "publication_5_years": [], "citation_5_years": []}}