{"name": "IEEE Workshop on Electrical Machines Design, Control and Diagnosis", "acronym": "WEMDCD", "type": "conference", "uniqueEntities": {"organizations": {"University of Nottingham": {"name": "University of Nottingham", "type": "organization", "organization_type": "Education", "h_index": 139, "h5_index": 37, "num_publications": 6, "num_citations": 59, "num_publications_5y": 1, "num_citations_5y": 41, "num_publications_10y": 2, "num_citations_10y": 42, "publications_years": {"2019": 4, "2013": 1, "2017": 1}, "citations_years": {"2019": 15, "2013": 1, "2014": 8, "2015": 6, "2016": 5, "2017": 8, "2018": 14, "2020": 2}, "old_citations": {"2019": 3, "2013": 41, "2017": 15}, "isVisible": false}, "Aalto University": {"name": "Aalto University", "type": "organization", "organization_type": "Education", "h_index": 101, "h5_index": 49, "num_publications": 2, "num_citations": 16, "num_publications_5y": 1, "num_citations_5y": 13, "num_publications_10y": 2, "num_citations_10y": 15, "publications_years": {"2015": 1, "2013": 1}, "citations_years": {"2015": 4, "2016": 5, "2017": 0, "2018": 1, "2019": 1, "2013": 2, "2014": 3}, "old_citations": {"2015": 7, "2013": 9}, "isVisible": false}, "Democritus University of Thrace": {"name": "Democritus University of Thrace", "type": "organization", "organization_type": "Education", "h_index": 49, "h5_index": 20, "num_publications": 2, "num_citations": 0, "num_publications_5y": 0, "num_citations_5y": 0, "num_publications_10y": 0, "num_citations_10y": 0, "publications_years": {"2019": 2}, "citations_years": {}, "old_citations": {"2019": 0}, "isVisible": false}, "National Technical University of Athens": {"name": "National Technical University of Athens", "type": "organization", "organization_type": "Education", "h_index": 91, "h5_index": 27, "num_publications": 2, "num_citations": 0, "num_publications_5y": 0, "num_citations_5y": 0, "num_publications_10y": 0, "num_citations_10y": 0, "publications_years": {"2019": 2}, "citations_years": {}, "old_citations": {"2019": 0}, "isVisible": false}, "Stellenbosch University": {"name": "Stellenbosch University", "type": "organization", "organization_type": "Education", "h_index": 48, "h5_index": 17, "num_publications": 2, "num_citations": 1, "num_publications_5y": 1, "num_citations_5y": 1, "num_publications_10y": 1, "num_citations_10y": 1, "publications_years": {"2019": 1, "2015": 1}, "citations_years": {"2016": 1}, "old_citations": {"2019": 0, "2015": 1}, "isVisible": false}, "University of Nottingham Ningbo China": {"name": "University of Nottingham Ningbo China", "type": "organization", "organization_type": "Education", "h_index": 26, "h5_index": 15, "num_publications": 2, "num_citations": 2, "num_publications_5y": 0, "num_citations_5y": 0, "num_publications_10y": 0, "num_citations_10y": 0, "publications_years": {"2019": 2}, "citations_years": {"2019": 2}, "old_citations": {"2019": 2}, "isVisible": false}, "University of Padua": {"name": "University of Padua", "type": "organization", "organization_type": "Education", "h_index": 107, "h5_index": 40, "num_publications": 2, "num_citations": 21, "num_publications_5y": 1, "num_citations_5y": 17, "num_publications_10y": 2, "num_citations_10y": 17, "publications_years": {"2013": 1, "2015": 1}, "citations_years": {"2014": 1, "2015": 2, "2016": 5, "2017": 6, "2018": 3, "2019": 4}, "old_citations": {"2013": 17, "2015": 4}, "isVisible": false}, "University of Patras": {"name": "University of Patras", "type": "organization", "organization_type": "Education", "h_index": 86, "h5_index": 20, "num_publications": 2, "num_citations": 0, "num_publications_5y": 0, "num_citations_5y": 0, "num_publications_10y": 0, "num_citations_10y": 0, "publications_years": {"2019": 2}, "citations_years": {}, "old_citations": {"2019": 0}, "isVisible": false}, "Aristotle University of Thessaloniki": {"name": "Aristotle University of Thessaloniki", "type": "organization", "organization_type": "Education", "h_index": 93, "h5_index": 34, "num_publications": 1, "num_citations": 0, "num_publications_5y": 0, "num_citations_5y": 0, "num_publications_10y": 0, "num_citations_10y": 0, "publications_years": {"2019": 1}, "citations_years": {}, "old_citations": {"2019": 0}, "isVisible": false}, "Hydro-Qu\u00e9bec": {"name": "Hydro-Qu\u00e9bec", "type": "organization", "organization_type": "Government", "h_index": 17, "h5_index": 5, "num_publications": 1, "num_citations": 0, "num_publications_5y": 0, "num_citations_5y": 0, "num_publications_10y": 0, "num_citations_10y": 0, "publications_years": {"2019": 1}, "citations_years": {}, "old_citations": {"2019": 0}, "isVisible": false}, "Polytechnic University of Turin": {"name": "Polytechnic University of Turin", "type": "organization", "organization_type": "Education", "h_index": 108, "h5_index": 31, "num_publications": 1, "num_citations": 0, "num_publications_5y": 0, "num_citations_5y": 0, "num_publications_10y": 0, "num_citations_10y": 0, "publications_years": {"2019": 1}, "citations_years": {}, "old_citations": {"2019": 0}, "isVisible": false}, "TU Wien": {"name": "TU Wien", "type": "organization", "organization_type": "Education", "h_index": 131, "h5_index": 38, "num_publications": 1, "num_citations": 0, "num_publications_5y": 0, "num_citations_5y": 0, "num_publications_10y": 0, "num_citations_10y": 0, "publications_years": {"2019": 1}, "citations_years": {}, "old_citations": {"2019": 0}, "isVisible": false}, "Technical University of Cluj-Napoca": {"name": "Technical University of Cluj-Napoca", "type": "organization", "organization_type": "Education", "h_index": 26, "h5_index": 11, "num_publications": 1, "num_citations": 0, "num_publications_5y": 0, "num_citations_5y": 0, "num_publications_10y": 0, "num_citations_10y": 0, "publications_years": {"2019": 1}, "citations_years": {}, "old_citations": {"2019": 0}, "isVisible": false}, "The University of Texas at Dallas": {"name": "The University of Texas at Dallas", "type": "organization", "organization_type": "Education", "h_index": 120, "h5_index": 39, "num_publications": 1, "num_citations": 4, "num_publications_5y": 0, "num_citations_5y": 3, "num_publications_10y": 1, "num_citations_10y": 4, "publications_years": {"2013": 1}, "citations_years": {"2013": 1, "2014": 2, "2015": 0, "2016": 1}, "old_citations": {"2013": 4}, "isVisible": false}, "Tokyo Institute of Technology": {"name": "Tokyo Institute of Technology", "type": "organization", "organization_type": "Education", "h_index": 104, "h5_index": 29, "num_publications": 1, "num_citations": 6, "num_publications_5y": 1, "num_citations_5y": 5, "num_publications_10y": 1, "num_citations_10y": 5, "publications_years": {"2015": 1}, "citations_years": {"2017": 3, "2018": 2, "2019": 1}, "old_citations": {"2015": 6}, "isVisible": false}, "University of Agder": {"name": "University of Agder", "type": "organization", "organization_type": "Education", "h_index": 30, "h5_index": 13, "num_publications": 1, "num_citations": 0, "num_publications_5y": 0, "num_citations_5y": 0, "num_publications_10y": 0, "num_citations_10y": 0, "publications_years": {"2019": 1}, "citations_years": {}, "old_citations": {"2019": 0}, "isVisible": false}, "University of Erlangen-Nuremberg": {"name": "University of Erlangen-Nuremberg", "type": "organization", "organization_type": "Education", "h_index": 104, "h5_index": 38, "num_publications": 1, "num_citations": 0, "num_publications_5y": 0, "num_citations_5y": 0, "num_publications_10y": 0, "num_citations_10y": 0, "publications_years": {"2019": 1}, "citations_years": {}, "old_citations": {"2019": 0}, "isVisible": false}, "University of Kocaeli": {"name": "University of Kocaeli", "type": "organization", "organization_type": "Education", "h_index": 34, "h5_index": 8, "num_publications": 1, "num_citations": 0, "num_publications_5y": 1, "num_citations_5y": 0, "num_publications_10y": 1, "num_citations_10y": 0, "publications_years": {"2015": 1}, "citations_years": {}, "old_citations": {"2015": 0}, "isVisible": false}, "University of Nottingham Malaysia Campus": {"name": "University of Nottingham Malaysia Campus", "type": "organization", "organization_type": "Education", "h_index": 23, "h5_index": 9, "num_publications": 1, "num_citations": 0, "num_publications_5y": 0, "num_citations_5y": 0, "num_publications_10y": 0, "num_citations_10y": 0, "publications_years": {"2019": 1}, "citations_years": {}, "old_citations": {"2019": 0}, "isVisible": false}, "University of Oviedo": {"name": "University of Oviedo", "type": "organization", "organization_type": "Education", "h_index": 53, "h5_index": 19, "num_publications": 1, "num_citations": 7, "num_publications_5y": 1, "num_citations_5y": 6, "num_publications_10y": 1, "num_citations_10y": 6, "publications_years": {"2015": 1}, "citations_years": {"2015": 2, "2016": 3, "2017": 0, "2018": 1, "2019": 1}, "old_citations": {"2015": 7}, "isVisible": false}, "University of Pavia": {"name": "University of Pavia", "type": "organization", "organization_type": "Education", "h_index": 66, "h5_index": 19, "num_publications": 1, "num_citations": 0, "num_publications_5y": 0, "num_citations_5y": 0, "num_publications_10y": 0, "num_citations_10y": 0, "publications_years": {"2019": 1}, "citations_years": {}, "old_citations": {"2019": 0}, "isVisible": false}, "York University": {"name": "York University", "type": "organization", "organization_type": "Education", "h_index": 114, "h5_index": 28, "num_publications": 1, "num_citations": 0, "num_publications_5y": 0, "num_citations_5y": 0, "num_publications_10y": 0, "num_citations_10y": 0, "publications_years": {"2019": 1}, "citations_years": {}, "old_citations": {"2019": 0}, "isVisible": false}, "Y\u0131ld\u0131z Technical University": {"name": "Y\u0131ld\u0131z Technical University", "type": "organization", "organization_type": "Education", "h_index": 40, "h5_index": 14, "num_publications": 1, "num_citations": 0, "num_publications_5y": 1, "num_citations_5y": 0, "num_publications_10y": 1, "num_citations_10y": 0, "publications_years": {"2015": 1}, "citations_years": {}, "old_citations": {"2015": 0}, "isVisible": false}}, "topics": {"computer science": {"name": "computer science", "type": "topic", "h_index": 1779, "h5_index": 416, "num_publications": 31, "num_citations": 111, "num_publications_5y": 7, "num_citations_5y": 84, "num_publications_10y": 11, "num_citations_10y": 88, "publications_years": {"2019": 20, "2013": 4, "2017": 1, "2015": 6}, "citations_years": {"2019": 21, "2013": 4, "2014": 14, "2015": 12, "2016": 18, "2017": 19, "2018": 21, "2020": 2}, "old_citations": {"2019": 3, "2013": 71, "2017": 15, "2015": 22}, "isVisible": false}, "computer systems": {"name": "computer systems", "type": "topic", "h_index": 1595, "h5_index": 367, "num_publications": 28, "num_citations": 105, "num_publications_5y": 6, "num_citations_5y": 79, "num_publications_10y": 10, "num_citations_10y": 83, "publications_years": {"2019": 18, "2013": 4, "2017": 1, "2015": 5}, "citations_years": {"2019": 20, "2013": 4, "2014": 14, "2015": 12, "2016": 18, "2017": 16, "2018": 19, "2020": 2}, "old_citations": {"2019": 3, "2013": 71, "2017": 15, "2015": 16}, "isVisible": false}, "mathematics": {"name": "mathematics", "type": "topic", "h_index": 1364, "h5_index": 300, "num_publications": 24, "num_citations": 83, "num_publications_5y": 5, "num_citations_5y": 61, "num_publications_10y": 8, "num_citations_10y": 65, "publications_years": {"2019": 16, "2013": 3, "2017": 1, "2015": 4}, "citations_years": {"2013": 4, "2014": 13, "2015": 10, "2016": 13, "2017": 9, "2018": 16, "2019": 16, "2020": 2}, "old_citations": {"2019": 2, "2013": 54, "2017": 15, "2015": 12}, "isVisible": false}, "computer hardware": {"name": "computer hardware", "type": "topic", "h_index": 1150, "h5_index": 279, "num_publications": 22, "num_citations": 83, "num_publications_5y": 5, "num_citations_5y": 64, "num_publications_10y": 8, "num_citations_10y": 66, "publications_years": {"2019": 14, "2013": 3, "2015": 5}, "citations_years": {"2019": 15, "2013": 2, "2014": 11, "2015": 10, "2016": 15, "2017": 17, "2018": 11, "2020": 2}, "old_citations": {"2019": 3, "2013": 62, "2015": 18}, "isVisible": false}, "computer networks": {"name": "computer networks", "type": "topic", "h_index": 1262, "h5_index": 332, "num_publications": 21, "num_citations": 57, "num_publications_5y": 6, "num_citations_5y": 41, "num_publications_10y": 8, "num_citations_10y": 42, "publications_years": {"2019": 13, "2017": 1, "2015": 5, "2013": 2}, "citations_years": {"2019": 15, "2018": 15, "2015": 4, "2016": 10, "2017": 9, "2014": 3, "2013": 1}, "old_citations": {"2019": 3, "2017": 15, "2015": 18, "2013": 21}, "isVisible": false}, "engineering": {"name": "engineering", "type": "topic", "h_index": 1177, "h5_index": 287, "num_publications": 19, "num_citations": 34, "num_publications_5y": 5, "num_citations_5y": 26, "num_publications_10y": 7, "num_citations_10y": 29, "publications_years": {"2019": 12, "2015": 5, "2013": 2}, "citations_years": {"2019": 5, "2015": 4, "2016": 8, "2017": 5, "2018": 4, "2013": 3, "2014": 5}, "old_citations": {"2019": 3, "2015": 18, "2013": 13}, "isVisible": false}, "sensors": {"name": "sensors", "type": "topic", "h_index": 960, "h5_index": 229, "num_publications": 16, "num_citations": 82, "num_publications_5y": 5, "num_citations_5y": 64, "num_publications_10y": 8, "num_citations_10y": 66, "publications_years": {"2019": 8, "2013": 3, "2015": 5}, "citations_years": {"2013": 2, "2014": 11, "2015": 10, "2016": 15, "2017": 17, "2018": 11, "2019": 14, "2020": 2}, "old_citations": {"2019": 2, "2013": 62, "2015": 18}, "isVisible": false}, "telecommunication systems": {"name": "telecommunication systems", "type": "topic", "h_index": 1187, "h5_index": 277, "num_publications": 16, "num_citations": 39, "num_publications_5y": 4, "num_citations_5y": 27, "num_publications_10y": 5, "num_citations_10y": 27, "publications_years": {"2019": 11, "2017": 1, "2013": 1, "2015": 3}, "citations_years": {"2018": 12, "2019": 12, "2014": 1, "2015": 2, "2016": 6, "2017": 6}, "old_citations": {"2019": 2, "2017": 15, "2013": 17, "2015": 5}, "isVisible": false}, "communication systems": {"name": "communication systems", "type": "topic", "h_index": 1092, "h5_index": 254, "num_publications": 14, "num_citations": 39, "num_publications_5y": 4, "num_citations_5y": 27, "num_publications_10y": 5, "num_citations_10y": 27, "publications_years": {"2019": 9, "2017": 1, "2013": 1, "2015": 3}, "citations_years": {"2018": 12, "2019": 12, "2014": 1, "2015": 2, "2016": 6, "2017": 6}, "old_citations": {"2019": 2, "2017": 15, "2013": 17, "2015": 5}, "isVisible": false}, "wireless telecommunication systems": {"name": "wireless telecommunication systems", "type": "topic", "h_index": 1087, "h5_index": 254, "num_publications": 14, "num_citations": 39, "num_publications_5y": 4, "num_citations_5y": 27, "num_publications_10y": 5, "num_citations_10y": 27, "publications_years": {"2019": 9, "2017": 1, "2013": 1, "2015": 3}, "citations_years": {"2018": 12, "2019": 12, "2014": 1, "2015": 2, "2016": 6, "2017": 6}, "old_citations": {"2019": 2, "2017": 15, "2013": 17, "2015": 5}, "isVisible": false}, "robotics": {"name": "robotics", "type": "topic", "h_index": 677, "h5_index": 171, "num_publications": 13, "num_citations": 78, "num_publications_5y": 3, "num_citations_5y": 62, "num_publications_10y": 6, "num_citations_10y": 64, "publications_years": {"2019": 7, "2013": 3, "2015": 3}, "citations_years": {"2019": 12, "2013": 2, "2014": 11, "2015": 10, "2016": 15, "2017": 16, "2018": 10, "2020": 2}, "old_citations": {"2019": 1, "2013": 62, "2015": 15}, "isVisible": false}, "mobile robots": {"name": "mobile robots", "type": "topic", "h_index": 575, "h5_index": 146, "num_publications": 12, "num_citations": 78, "num_publications_5y": 3, "num_citations_5y": 62, "num_publications_10y": 6, "num_citations_10y": 64, "publications_years": {"2019": 6, "2013": 3, "2015": 3}, "citations_years": {"2019": 12, "2013": 2, "2014": 11, "2015": 10, "2016": 15, "2017": 16, "2018": 10, "2020": 2}, "old_citations": {"2019": 1, "2013": 62, "2015": 15}, "isVisible": false}, "robots": {"name": "robots", "type": "topic", "h_index": 521, "h5_index": 132, "num_publications": 12, "num_citations": 77, "num_publications_5y": 3, "num_citations_5y": 62, "num_publications_10y": 6, "num_citations_10y": 64, "publications_years": {"2019": 6, "2013": 3, "2015": 3}, "citations_years": {"2013": 2, "2014": 11, "2015": 10, "2016": 15, "2017": 16, "2018": 10, "2019": 11, "2020": 2}, "old_citations": {"2019": 0, "2013": 62, "2015": 15}, "isVisible": false}, "distributed computer systems": {"name": "distributed computer systems", "type": "topic", "h_index": 985, "h5_index": 228, "num_publications": 11, "num_citations": 26, "num_publications_5y": 2, "num_citations_5y": 15, "num_publications_10y": 3, "num_citations_10y": 16, "publications_years": {"2019": 8, "2017": 1, "2015": 1, "2013": 1}, "citations_years": {"2019": 10, "2018": 10, "2016": 2, "2017": 1, "2013": 1, "2014": 2, "2015": 0}, "old_citations": {"2019": 3, "2017": 15, "2015": 4, "2013": 4}, "isVisible": false}, "manipulators": {"name": "manipulators", "type": "topic", "h_index": 382, "h5_index": 110, "num_publications": 11, "num_citations": 77, "num_publications_5y": 3, "num_citations_5y": 62, "num_publications_10y": 6, "num_citations_10y": 64, "publications_years": {"2019": 5, "2013": 3, "2015": 3}, "citations_years": {"2013": 2, "2014": 11, "2015": 10, "2016": 15, "2017": 16, "2018": 10, "2019": 11, "2020": 2}, "old_citations": {"2019": 0, "2013": 62, "2015": 15}, "isVisible": false}, "motion control": {"name": "motion control", "type": "topic", "h_index": 175, "h5_index": 48, "num_publications": 11, "num_citations": 77, "num_publications_5y": 3, "num_citations_5y": 62, "num_publications_10y": 6, "num_citations_10y": 64, "publications_years": {"2019": 5, "2013": 3, "2015": 3}, "citations_years": {"2013": 2, "2014": 11, "2015": 10, "2016": 15, "2017": 16, "2018": 10, "2019": 11, "2020": 2}, "old_citations": {"2019": 0, "2013": 62, "2015": 15}, "isVisible": false}, "motion planning": {"name": "motion planning", "type": "topic", "h_index": 356, "h5_index": 106, "num_publications": 11, "num_citations": 77, "num_publications_5y": 3, "num_citations_5y": 62, "num_publications_10y": 6, "num_citations_10y": 64, "publications_years": {"2019": 5, "2013": 3, "2015": 3}, "citations_years": {"2013": 2, "2014": 11, "2015": 10, "2016": 15, "2017": 16, "2018": 10, "2019": 11, "2020": 2}, "old_citations": {"2019": 0, "2013": 62, "2015": 15}, "isVisible": false}, "finite element method": {"name": "finite element method", "type": "topic", "h_index": 144, "h5_index": 30, "num_publications": 9, "num_citations": 22, "num_publications_5y": 3, "num_citations_5y": 13, "num_publications_10y": 3, "num_citations_10y": 13, "publications_years": {"2019": 6, "2017": 1, "2015": 2}, "citations_years": {"2018": 10, "2019": 9, "2016": 2, "2017": 1}, "old_citations": {"2019": 2, "2017": 15, "2015": 5}, "isVisible": false}, "matrix algebra": {"name": "matrix algebra", "type": "topic", "h_index": 771, "h5_index": 183, "num_publications": 9, "num_citations": 61, "num_publications_5y": 2, "num_citations_5y": 48, "num_publications_10y": 5, "num_citations_10y": 52, "publications_years": {"2019": 4, "2013": 3, "2015": 2}, "citations_years": {"2013": 4, "2014": 13, "2015": 10, "2016": 11, "2017": 8, "2018": 6, "2019": 7, "2020": 2}, "old_citations": {"2019": 0, "2013": 54, "2015": 7}, "isVisible": false}, "software engineering": {"name": "software engineering", "type": "topic", "h_index": 964, "h5_index": 236, "num_publications": 9, "num_citations": 5, "num_publications_5y": 0, "num_citations_5y": 3, "num_publications_10y": 1, "num_citations_10y": 4, "publications_years": {"2019": 8, "2013": 1}, "citations_years": {"2019": 1, "2013": 1, "2014": 2, "2015": 0, "2016": 1}, "old_citations": {"2019": 1, "2013": 4}, "isVisible": false}, "position control": {"name": "position control", "type": "topic", "h_index": 129, "h5_index": 33, "num_publications": 7, "num_citations": 69, "num_publications_5y": 2, "num_citations_5y": 55, "num_publications_10y": 4, "num_citations_10y": 56, "publications_years": {"2019": 3, "2013": 2, "2015": 2}, "citations_years": {"2013": 1, "2014": 9, "2015": 10, "2016": 13, "2017": 14, "2018": 9, "2019": 11, "2020": 2}, "old_citations": {"2019": 0, "2013": 58, "2015": 11}, "isVisible": false}, "servomotors": {"name": "servomotors", "type": "topic", "h_index": 86, "h5_index": 25, "num_publications": 6, "num_citations": 69, "num_publications_5y": 2, "num_citations_5y": 55, "num_publications_10y": 4, "num_citations_10y": 56, "publications_years": {"2013": 2, "2019": 2, "2015": 2}, "citations_years": {"2013": 1, "2014": 9, "2015": 10, "2016": 13, "2017": 14, "2018": 9, "2019": 11, "2020": 2}, "old_citations": {"2013": 58, "2019": 0, "2015": 11}, "isVisible": false}, "linear matrix inequalities": {"name": "linear matrix inequalities", "type": "topic", "h_index": 571, "h5_index": 144, "num_publications": 8, "num_citations": 61, "num_publications_5y": 2, "num_citations_5y": 48, "num_publications_10y": 5, "num_citations_10y": 52, "publications_years": {"2019": 3, "2013": 3, "2015": 2}, "citations_years": {"2013": 4, "2014": 13, "2015": 10, "2016": 11, "2017": 8, "2018": 6, "2019": 7, "2020": 2}, "old_citations": {"2019": 0, "2013": 54, "2015": 7}, "isVisible": false}, "control systems": {"name": "control systems", "type": "topic", "h_index": 433, "h5_index": 104, "num_publications": 7, "num_citations": 49, "num_publications_5y": 2, "num_citations_5y": 39, "num_publications_10y": 4, "num_citations_10y": 41, "publications_years": {"2019": 3, "2013": 2, "2015": 2}, "citations_years": {"2013": 2, "2014": 10, "2015": 6, "2016": 7, "2017": 10, "2018": 6, "2019": 6, "2020": 2}, "old_citations": {"2019": 0, "2013": 45, "2015": 4}, "isVisible": false}, "switching control": {"name": "switching control", "type": "topic", "h_index": 280, "h5_index": 62, "num_publications": 6, "num_citations": 45, "num_publications_5y": 1, "num_citations_5y": 35, "num_publications_10y": 3, "num_citations_10y": 37, "publications_years": {"2019": 3, "2013": 2, "2015": 1}, "citations_years": {"2013": 2, "2014": 10, "2015": 6, "2016": 6, "2017": 8, "2018": 5, "2019": 6, "2020": 2}, "old_citations": {"2019": 0, "2013": 45, "2015": 0}, "isVisible": false}, "switching systems": {"name": "switching systems", "type": "topic", "h_index": 292, "h5_index": 67, "num_publications": 6, "num_citations": 45, "num_publications_5y": 1, "num_citations_5y": 35, "num_publications_10y": 3, "num_citations_10y": 37, "publications_years": {"2019": 3, "2013": 2, "2015": 1}, "citations_years": {"2013": 2, "2014": 10, "2015": 6, "2016": 6, "2017": 8, "2018": 5, "2019": 6, "2020": 2}, "old_citations": {"2019": 0, "2013": 45, "2015": 0}, "isVisible": false}, "target position": {"name": "target position", "type": "topic", "h_index": 155, "h5_index": 40, "num_publications": 3, "num_citations": 45, "num_publications_5y": 0, "num_citations_5y": 35, "num_publications_10y": 2, "num_citations_10y": 37, "publications_years": {"2019": 1, "2013": 2}, "citations_years": {"2013": 2, "2014": 10, "2015": 6, "2016": 6, "2017": 8, "2018": 5, "2019": 6, "2020": 2}, "old_citations": {"2019": 0, "2013": 45}, "isVisible": false}, "artificial intelligence": {"name": "artificial intelligence", "type": "topic", "h_index": 1421, "h5_index": 373, "num_publications": 8, "num_citations": 2, "num_publications_5y": 1, "num_citations_5y": 1, "num_publications_10y": 1, "num_citations_10y": 1, "publications_years": {"2019": 7, "2015": 1}, "citations_years": {"2019": 1, "2016": 1}, "old_citations": {"2019": 1, "2015": 1}, "isVisible": false}, "computer imaging and vision": {"name": "computer imaging and vision", "type": "topic", "h_index": 1142, "h5_index": 334, "num_publications": 7, "num_citations": 1, "num_publications_5y": 0, "num_citations_5y": 0, "num_publications_10y": 0, "num_citations_10y": 0, "publications_years": {"2019": 7}, "citations_years": {"2019": 1}, "old_citations": {"2019": 1}, "isVisible": false}, "correlation analysis": {"name": "correlation analysis", "type": "topic", "h_index": 1044, "h5_index": 224, "num_publications": 7, "num_citations": 0, "num_publications_5y": 0, "num_citations_5y": 0, "num_publications_10y": 0, "num_citations_10y": 0, "publications_years": {"2019": 7}, "citations_years": {}, "old_citations": {"2019": 0}, "isVisible": false}, "distributed systems": {"name": "distributed systems", "type": "topic", "h_index": 859, "h5_index": 209, "num_publications": 8, "num_citations": 22, "num_publications_5y": 2, "num_citations_5y": 12, "num_publications_10y": 2, "num_citations_10y": 12, "publications_years": {"2019": 6, "2017": 1, "2015": 1}, "citations_years": {"2019": 10, "2018": 10, "2016": 1, "2017": 1}, "old_citations": {"2019": 3, "2017": 15, "2015": 4}, "isVisible": false}, "image processing": {"name": "image processing", "type": "topic", "h_index": 1113, "h5_index": 328, "num_publications": 7, "num_citations": 1, "num_publications_5y": 0, "num_citations_5y": 0, "num_publications_10y": 0, "num_citations_10y": 0, "publications_years": {"2019": 7}, "citations_years": {"2019": 1}, "old_citations": {"2019": 1}, "isVisible": false}, "parallel processing systems": {"name": "parallel processing systems", "type": "topic", "h_index": 845, "h5_index": 208, "num_publications": 8, "num_citations": 22, "num_publications_5y": 2, "num_citations_5y": 12, "num_publications_10y": 2, "num_citations_10y": 12, "publications_years": {"2019": 6, "2017": 1, "2015": 1}, "citations_years": {"2019": 10, "2018": 10, "2016": 1, "2017": 1}, "old_citations": {"2019": 3, "2017": 15, "2015": 4}, "isVisible": false}, "parallel machine": {"name": "parallel machine", "type": "topic", "h_index": 155, "h5_index": 24, "num_publications": 5, "num_citations": 22, "num_publications_5y": 2, "num_citations_5y": 12, "num_publications_10y": 2, "num_citations_10y": 12, "publications_years": {"2019": 3, "2017": 1, "2015": 1}, "citations_years": {"2019": 10, "2018": 10, "2016": 1, "2017": 1}, "old_citations": {"2019": 3, "2017": 15, "2015": 4}, "isVisible": false}, "antennas": {"name": "antennas", "type": "topic", "h_index": 645, "h5_index": 152, "num_publications": 8, "num_citations": 36, "num_publications_5y": 3, "num_citations_5y": 26, "num_publications_10y": 4, "num_citations_10y": 26, "publications_years": {"2019": 4, "2017": 1, "2013": 1, "2015": 2}, "citations_years": {"2018": 12, "2019": 10, "2014": 1, "2015": 2, "2016": 5, "2017": 6}, "old_citations": {"2019": 0, "2017": 15, "2013": 17, "2015": 4}, "isVisible": false}, "electromagnetic": {"name": "electromagnetic", "type": "topic", "h_index": 156, "h5_index": 39, "num_publications": 5, "num_citations": 15, "num_publications_5y": 1, "num_citations_5y": 9, "num_publications_10y": 1, "num_citations_10y": 9, "publications_years": {"2019": 4, "2017": 1}, "citations_years": {"2018": 9, "2019": 6}, "old_citations": {"2019": 0, "2017": 15}, "isVisible": false}, "electromagnetism": {"name": "electromagnetism", "type": "topic", "h_index": 173, "h5_index": 41, "num_publications": 8, "num_citations": 36, "num_publications_5y": 3, "num_citations_5y": 26, "num_publications_10y": 4, "num_citations_10y": 26, "publications_years": {"2019": 4, "2017": 1, "2013": 1, "2015": 2}, "citations_years": {"2018": 12, "2019": 10, "2014": 1, "2015": 2, "2016": 5, "2017": 6}, "old_citations": {"2019": 0, "2017": 15, "2013": 17, "2015": 4}, "isVisible": false}, "electromagnets": {"name": "electromagnets", "type": "topic", "h_index": 59, "h5_index": 15, "num_publications": 5, "num_citations": 36, "num_publications_5y": 3, "num_citations_5y": 26, "num_publications_10y": 4, "num_citations_10y": 26, "publications_years": {"2019": 1, "2017": 1, "2013": 1, "2015": 2}, "citations_years": {"2018": 12, "2019": 10, "2014": 1, "2015": 2, "2016": 5, "2017": 6}, "old_citations": {"2019": 0, "2017": 15, "2013": 17, "2015": 4}, "isVisible": false}, "geometry": {"name": "geometry", "type": "topic", "h_index": 364, "h5_index": 92, "num_publications": 2, "num_citations": 15, "num_publications_5y": 1, "num_citations_5y": 9, "num_publications_10y": 1, "num_citations_10y": 9, "publications_years": {"2019": 1, "2017": 1}, "citations_years": {"2018": 9, "2019": 6}, "old_citations": {"2019": 0, "2017": 15}, "isVisible": false}, "finite element analysis": {"name": "finite element analysis", "type": "topic", "h_index": 111, "h5_index": 25, "num_publications": 7, "num_citations": 7, "num_publications_5y": 2, "num_citations_5y": 4, "num_publications_10y": 2, "num_citations_10y": 4, "publications_years": {"2019": 5, "2015": 2}, "citations_years": {"2016": 2, "2017": 1, "2018": 1, "2019": 3}, "old_citations": {"2019": 2, "2015": 5}, "isVisible": false}}, "authors": {"1758476885": {"name": "chris gerada", "type": "author", "activity": 16, "h_index": 6, "h5_index": 3, "mag_id": "1758476885", "num_publications": 5, "num_citations": 59, "num_publications_5y": 1, "num_citations_5y": 41, "num_publications_10y": 2, "num_citations_10y": 42, "publications_years": {"2019": 3, "2013": 1, "2017": 1}, "citations_years": {"2019": 15, "2013": 1, "2014": 8, "2015": 6, "2016": 5, "2017": 8, "2018": 14, "2020": 2}, "old_citations": {"2019": 3, "2013": 41, "2017": 15}, "isVisible": true}, "2234141116": {"name": "paolo giangrande", "type": "author", "activity": 8, "h_index": 6, "h5_index": 5, "mag_id": "2234141116", "num_publications": 4, "num_citations": 59, "num_publications_5y": 1, "num_citations_5y": 41, "num_publications_10y": 2, "num_citations_10y": 42, "publications_years": {"2019": 2, "2013": 1, "2017": 1}, "citations_years": {"2019": 15, "2013": 1, "2014": 8, "2015": 6, "2016": 5, "2017": 8, "2018": 14, "2020": 2}, "old_citations": {"2019": 3, "2013": 41, "2017": 15}, "isVisible": false}, "2109892489": {"name": "michael galea", "type": "author", "activity": 4, "h_index": 5, "h5_index": 5, "mag_id": "2109892489", "num_publications": 3, "num_citations": 18, "num_publications_5y": 1, "num_citations_5y": 9, "num_publications_10y": 1, "num_citations_10y": 9, "publications_years": {"2019": 2, "2017": 1}, "citations_years": {"2019": 9, "2018": 9}, "old_citations": {"2019": 3, "2017": 15}, "isVisible": false}, "2113756086": {"name": "m j kamper", "type": "author", "activity": 26, "h_index": 5, "h5_index": 2, "mag_id": "2113756086", "num_publications": 2, "num_citations": 1, "num_publications_5y": 1, "num_citations_5y": 1, "num_publications_10y": 1, "num_citations_10y": 1, "publications_years": {"2019": 1, "2015": 1}, "citations_years": {"2016": 1}, "old_citations": {"2019": 0, "2015": 1}, "isVisible": false}, "2139021462": {"name": "nicola bianchi", "type": "author", "activity": 22, "h_index": 9, "h5_index": 3, "mag_id": "2139021462", "num_publications": 2, "num_citations": 21, "num_publications_5y": 1, "num_citations_5y": 17, "num_publications_10y": 2, "num_citations_10y": 17, "publications_years": {"2013": 1, "2015": 1}, "citations_years": {"2014": 1, "2015": 2, "2016": 5, "2017": 6, "2018": 3, "2019": 4}, "old_citations": {"2013": 17, "2015": 4}, "isVisible": false}, "2335971803": {"name": "ioannis d chasiotis", "type": "author", "activity": 4, "h_index": 3, "h5_index": 3, "mag_id": "2335971803", "num_publications": 2, "num_citations": 0, "num_publications_5y": 0, "num_citations_5y": 0, "num_publications_10y": 0, "num_citations_10y": 0, "publications_years": {"2019": 2}, "citations_years": {}, "old_citations": {"2019": 0}, "isVisible": false}, "2338293196": {"name": "yannis l karnavas", "type": "author", "activity": 12, "h_index": 3, "h5_index": 3, "mag_id": "2338293196", "num_publications": 2, "num_citations": 0, "num_publications_5y": 0, "num_citations_5y": 0, "num_publications_10y": 0, "num_citations_10y": 0, "publications_years": {"2019": 2}, "citations_years": {}, "old_citations": {"2019": 0}, "isVisible": false}, "2511463507": {"name": "marko hinkkanen", "type": "author", "activity": 19, "h_index": 7, "h5_index": 2, "mag_id": "2511463507", "num_publications": 2, "num_citations": 16, "num_publications_5y": 1, "num_citations_5y": 13, "num_publications_10y": 2, "num_citations_10y": 15, "publications_years": {"2015": 1, "2013": 1}, "citations_years": {"2015": 4, "2016": 5, "2017": 0, "2018": 1, "2019": 1, "2013": 2, "2014": 3}, "old_citations": {"2015": 7, "2013": 9}, "isVisible": false}, "2536232767": {"name": "michele degano", "type": "author", "activity": 8, "h_index": 5, "h5_index": 2, "mag_id": "2536232767", "num_publications": 2, "num_citations": 15, "num_publications_5y": 1, "num_citations_5y": 9, "num_publications_10y": 1, "num_citations_10y": 9, "publications_years": {"2019": 1, "2017": 1}, "citations_years": {"2018": 9, "2019": 6}, "old_citations": {"2019": 0, "2017": 15}, "isVisible": false}, "2706121200": {"name": "antonios g kladas", "type": "author", "activity": 14, "h_index": 3, "h5_index": 0, "mag_id": "2706121200", "num_publications": 2, "num_citations": 0, "num_publications_5y": 0, "num_citations_5y": 0, "num_publications_10y": 0, "num_citations_10y": 0, "publications_years": {"2019": 2}, "citations_years": {}, "old_citations": {"2019": 0}, "isVisible": false}, "2801946104": {"name": "vincenzo madonna", "type": "author", "activity": 3, "h_index": 4, "h5_index": 4, "mag_id": "2801946104", "num_publications": 2, "num_citations": 3, "num_publications_5y": 0, "num_citations_5y": 0, "num_publications_10y": 0, "num_citations_10y": 0, "publications_years": {"2019": 2}, "citations_years": {"2019": 3}, "old_citations": {"2019": 3}, "isVisible": false}, "2949493990": {"name": "he zhang", "type": "author", "activity": 2, "h_index": 1, "h5_index": 1, "mag_id": "2949493990", "num_publications": 2, "num_citations": 2, "num_publications_5y": 0, "num_citations_5y": 0, "num_publications_10y": 0, "num_citations_10y": 0, "publications_years": {"2019": 2}, "citations_years": {"2019": 2}, "old_citations": {"2019": 2}, "isVisible": false}, "755083285": {"name": "afshin rezaeizare", "type": "author", "activity": 1, "h_index": 0, "h5_index": 0, "mag_id": "755083285", "num_publications": 1, "num_citations": 0, "num_publications_5y": 0, "num_citations_5y": 0, "num_publications_10y": 0, "num_citations_10y": 0, "publications_years": {"2019": 1}, "citations_years": {}, "old_citations": {"2019": 0}, "isVisible": false}, "1577130817": {"name": "babak fahimi", "type": "author", "activity": 20, "h_index": 9, "h5_index": 4, "mag_id": "1577130817", "num_publications": 1, "num_citations": 4, "num_publications_5y": 0, "num_citations_5y": 3, "num_publications_10y": 1, "num_citations_10y": 4, "publications_years": {"2013": 1}, "citations_years": {"2013": 1, "2014": 2, "2015": 0, "2016": 1}, "old_citations": {"2013": 4}, "isVisible": false}, "1656967521": {"name": "e d mitronikas", "type": "author", "activity": 24, "h_index": 2, "h5_index": 2, "mag_id": "1656967521", "num_publications": 1, "num_citations": 0, "num_publications_5y": 0, "num_citations_5y": 0, "num_publications_10y": 0, "num_citations_10y": 0, "publications_years": {"2019": 1}, "citations_years": {}, "old_citations": {"2019": 0}, "isVisible": false}, "1875873317": {"name": "lucia frosini", "type": "author", "activity": 21, "h_index": 4, "h5_index": 0, "mag_id": "1875873317", "num_publications": 1, "num_citations": 0, "num_publications_5y": 0, "num_citations_5y": 0, "num_publications_10y": 0, "num_citations_10y": 0, "publications_years": {"2019": 1}, "citations_years": {}, "old_citations": {"2019": 0}, "isVisible": false}, "1891382739": {"name": "manfred schrodl", "type": "author", "activity": 4, "h_index": 1, "h5_index": 1, "mag_id": "1891382739", "num_publications": 1, "num_citations": 0, "num_publications_5y": 0, "num_citations_5y": 0, "num_publications_10y": 0, "num_citations_10y": 0, "publications_years": {"2019": 1}, "citations_years": {}, "old_citations": {"2019": 0}, "isVisible": false}, "2030503042": {"name": "david gerada", "type": "author", "activity": 2, "h_index": 1, "h5_index": 1, "mag_id": "2030503042", "num_publications": 1, "num_citations": 0, "num_publications_5y": 0, "num_citations_5y": 0, "num_publications_10y": 0, "num_citations_10y": 0, "publications_years": {"2019": 1}, "citations_years": {}, "old_citations": {"2019": 0}, "isVisible": false}, "2039151884": {"name": "kyohei kiyota", "type": "author", "activity": 2, "h_index": 3, "h5_index": 0, "mag_id": "2039151884", "num_publications": 1, "num_citations": 6, "num_publications_5y": 1, "num_citations_5y": 5, "num_publications_10y": 1, "num_citations_10y": 5, "publications_years": {"2015": 1}, "citations_years": {"2017": 3, "2018": 2, "2019": 1}, "old_citations": {"2015": 6}, "isVisible": false}, "2061351305": {"name": "c mademlis", "type": "author", "activity": 18, "h_index": 2, "h5_index": 2, "mag_id": "2061351305", "num_publications": 1, "num_citations": 0, "num_publications_5y": 0, "num_citations_5y": 0, "num_publications_10y": 0, "num_citations_10y": 0, "publications_years": {"2019": 1}, "citations_years": {}, "old_citations": {"2019": 0}, "isVisible": false}, "2076473615": {"name": "serhiy bozhko", "type": "author", "activity": 9, "h_index": 4, "h5_index": 2, "mag_id": "2076473615", "num_publications": 1, "num_citations": 0, "num_publications_5y": 0, "num_citations_5y": 0, "num_publications_10y": 0, "num_citations_10y": 0, "publications_years": {"2019": 1}, "citations_years": {}, "old_citations": {"2019": 0}, "isVisible": false}, "2081608371": {"name": "antonio t alexandridis", "type": "author", "activity": 15, "h_index": 5, "h5_index": 2, "mag_id": "2081608371", "num_publications": 1, "num_citations": 0, "num_publications_5y": 0, "num_citations_5y": 0, "num_publications_10y": 0, "num_citations_10y": 0, "publications_years": {"2019": 1}, "citations_years": {}, "old_citations": {"2019": 0}, "isVisible": false}, "2081694845": {"name": "huynh van khang", "type": "author", "activity": 7, "h_index": 3, "h5_index": 3, "mag_id": "2081694845", "num_publications": 1, "num_citations": 0, "num_publications_5y": 0, "num_citations_5y": 0, "num_publications_10y": 0, "num_citations_10y": 0, "publications_years": {"2019": 1}, "citations_years": {}, "old_citations": {"2019": 0}, "isVisible": false}, "2088306658": {"name": "paolo guglielmi", "type": "author", "activity": 22, "h_index": 8, "h5_index": 1, "mag_id": "2088306658", "num_publications": 1, "num_citations": 0, "num_publications_5y": 0, "num_citations_5y": 0, "num_publications_10y": 0, "num_citations_10y": 0, "publications_years": {"2019": 1}, "citations_years": {}, "old_citations": {"2019": 0}, "isVisible": false}, "2100233751": {"name": "matthias hofer", "type": "author", "activity": 5, "h_index": 2, "h5_index": 2, "mag_id": "2100233751", "num_publications": 1, "num_citations": 0, "num_publications_5y": 0, "num_citations_5y": 0, "num_publications_10y": 0, "num_citations_10y": 0, "publications_years": {"2019": 1}, "citations_years": {}, "old_citations": {"2019": 0}, "isVisible": false}, "2101778257": {"name": "xiaochen zhang", "type": "author", "activity": 10, "h_index": 1, "h5_index": 0, "mag_id": "2101778257", "num_publications": 1, "num_citations": 0, "num_publications_5y": 0, "num_citations_5y": 0, "num_publications_10y": 0, "num_citations_10y": 0, "publications_years": {"2019": 1}, "citations_years": {}, "old_citations": {"2019": 0}, "isVisible": false}, "2106212329": {"name": "j bottomley", "type": "author", "activity": 2, "h_index": 2, "h5_index": 0, "mag_id": "2106212329", "num_publications": 1, "num_citations": 41, "num_publications_5y": 0, "num_citations_5y": 32, "num_publications_10y": 1, "num_citations_10y": 33, "publications_years": {"2013": 1}, "citations_years": {"2013": 1, "2014": 8, "2015": 6, "2016": 5, "2017": 8, "2018": 5, "2019": 6, "2020": 2}, "old_citations": {"2013": 41}, "isVisible": false}, "2129082046": {"name": "ingo hahn", "type": "author", "activity": 8, "h_index": 2, "h5_index": 1, "mag_id": "2129082046", "num_publications": 1, "num_citations": 0, "num_publications_5y": 0, "num_citations_5y": 0, "num_publications_10y": 0, "num_citations_10y": 0, "publications_years": {"2019": 1}, "citations_years": {}, "old_citations": {"2019": 0}, "isVisible": false}, "2153051344": {"name": "zengcai qu", "type": "author", "activity": 1, "h_index": 1, "h5_index": 0, "mag_id": "2153051344", "num_publications": 1, "num_citations": 7, "num_publications_5y": 1, "num_citations_5y": 6, "num_publications_10y": 1, "num_citations_10y": 6, "publications_years": {"2015": 1}, "citations_years": {"2015": 2, "2016": 3, "2017": 0, "2018": 1, "2019": 1}, "old_citations": {"2015": 7}, "isVisible": false}, "2160571845": {"name": "claudia martis", "type": "author", "activity": 23, "h_index": 7, "h5_index": 4, "mag_id": "2160571845", "num_publications": 1, "num_citations": 0, "num_publications_5y": 0, "num_citations_5y": 0, "num_publications_10y": 0, "num_citations_10y": 0, "publications_years": {"2019": 1}, "citations_years": {}, "old_citations": {"2019": 0}, "isVisible": false}, "2169382636": {"name": "fernando briz", "type": "author", "activity": 29, "h_index": 4, "h5_index": 2, "mag_id": "2169382636", "num_publications": 1, "num_citations": 7, "num_publications_5y": 1, "num_citations_5y": 6, "num_publications_10y": 1, "num_citations_10y": 6, "publications_years": {"2015": 1}, "citations_years": {"2015": 2, "2016": 3, "2017": 0, "2018": 1, "2019": 1}, "old_citations": {"2015": 7}, "isVisible": false}, "2218597678": {"name": "hanafy mahmoud", "type": "author", "activity": 4, "h_index": 1, "h5_index": 0, "mag_id": "2218597678", "num_publications": 1, "num_citations": 4, "num_publications_5y": 1, "num_citations_5y": 3, "num_publications_10y": 1, "num_citations_10y": 3, "publications_years": {"2015": 1}, "citations_years": {"2016": 1, "2017": 1, "2018": 1, "2019": 1}, "old_citations": {"2015": 4}, "isVisible": false}, "2222987424": {"name": "michela diana", "type": "author", "activity": 2, "h_index": 1, "h5_index": 1, "mag_id": "2222987424", "num_publications": 1, "num_citations": 0, "num_publications_5y": 0, "num_citations_5y": 0, "num_publications_10y": 0, "num_citations_10y": 0, "publications_years": {"2019": 1}, "citations_years": {}, "old_citations": {"2019": 0}, "isVisible": false}, "2224043739": {"name": "alessandro galassini", "type": "author", "activity": 2, "h_index": 1, "h5_index": 1, "mag_id": "2224043739", "num_publications": 1, "num_citations": 0, "num_publications_5y": 0, "num_citations_5y": 0, "num_publications_10y": 0, "num_citations_10y": 0, "publications_years": {"2019": 1}, "citations_years": {}, "old_citations": {"2019": 0}, "isVisible": false}, "2225742546": {"name": "murat ayaz", "type": "author", "activity": 14, "h_index": 3, "h5_index": 1, "mag_id": "2225742546", "num_publications": 1, "num_citations": 0, "num_publications_5y": 1, "num_citations_5y": 0, "num_publications_10y": 1, "num_citations_10y": 0, "publications_years": {"2015": 1}, "citations_years": {}, "old_citations": {"2015": 0}, "isVisible": false}, "2226330585": {"name": "hafiz asad ali awan", "type": "author", "activity": 5, "h_index": 1, "h5_index": 0, "mag_id": "2226330585", "num_publications": 1, "num_citations": 7, "num_publications_5y": 1, "num_citations_5y": 6, "num_publications_10y": 1, "num_citations_10y": 6, "publications_years": {"2015": 1}, "citations_years": {"2015": 2, "2016": 3, "2017": 0, "2018": 1, "2019": 1}, "old_citations": {"2015": 7}, "isVisible": false}, "2229180287": {"name": "arezki merkhouf", "type": "author", "activity": 4, "h_index": 0, "h5_index": 0, "mag_id": "2229180287", "num_publications": 1, "num_citations": 0, "num_publications_5y": 0, "num_citations_5y": 0, "num_publications_10y": 0, "num_citations_10y": 0, "publications_years": {"2019": 1}, "citations_years": {}, "old_citations": {"2019": 0}, "isVisible": false}, "2394579428": {"name": "andrew t loubser", "type": "author", "activity": 6, "h_index": 1, "h5_index": 0, "mag_id": "2394579428", "num_publications": 1, "num_citations": 1, "num_publications_5y": 1, "num_citations_5y": 1, "num_publications_10y": 1, "num_citations_10y": 1, "publications_years": {"2015": 1}, "citations_years": {"2016": 1}, "old_citations": {"2015": 1}, "isVisible": false}, "2408881517": {"name": "akira chiba", "type": "author", "activity": 24, "h_index": 4, "h5_index": 0, "mag_id": "2408881517", "num_publications": 1, "num_citations": 6, "num_publications_5y": 1, "num_citations_5y": 5, "num_publications_10y": 1, "num_citations_10y": 5, "publications_years": {"2015": 1}, "citations_years": {"2017": 3, "2018": 2, "2019": 1}, "old_citations": {"2015": 6}, "isVisible": false}, "2465863959": {"name": "r bojoi", "type": "author", "activity": 20, "h_index": 6, "h5_index": 1, "mag_id": "2465863959", "num_publications": 1, "num_citations": 41, "num_publications_5y": 0, "num_citations_5y": 32, "num_publications_10y": 1, "num_citations_10y": 33, "publications_years": {"2013": 1}, "citations_years": {"2013": 1, "2014": 8, "2015": 6, "2016": 5, "2017": 8, "2018": 5, "2019": 6, "2020": 2}, "old_citations": {"2013": 41}, "isVisible": false}, "2491918500": {"name": "erkan mese", "type": "author", "activity": 18, "h_index": 3, "h5_index": 0, "mag_id": "2491918500", "num_publications": 1, "num_citations": 0, "num_publications_5y": 1, "num_citations_5y": 0, "num_publications_10y": 1, "num_citations_10y": 0, "publications_years": {"2015": 1}, "citations_years": {}, "old_citations": {"2015": 0}, "isVisible": false}, "2510427899": {"name": "toni tuovinen", "type": "author", "activity": 9, "h_index": 3, "h5_index": 0, "mag_id": "2510427899", "num_publications": 1, "num_citations": 7, "num_publications_5y": 1, "num_citations_5y": 6, "num_publications_10y": 1, "num_citations_10y": 6, "publications_years": {"2015": 1}, "citations_years": {"2015": 2, "2016": 3, "2017": 0, "2018": 1, "2019": 1}, "old_citations": {"2015": 7}, "isVisible": false}, "2533352075": {"name": "a altimimy", "type": "author", "activity": 2, "h_index": 2, "h5_index": 2, "mag_id": "2533352075", "num_publications": 1, "num_citations": 15, "num_publications_5y": 1, "num_citations_5y": 9, "num_publications_10y": 1, "num_citations_10y": 9, "publications_years": {"2017": 1}, "citations_years": {"2018": 9, "2019": 6}, "old_citations": {"2017": 15}, "isVisible": false}, "2541444809": {"name": "nikolaos jabbour", "type": "author", "activity": 2, "h_index": 2, "h5_index": 2, "mag_id": "2541444809", "num_publications": 1, "num_citations": 0, "num_publications_5y": 0, "num_citations_5y": 0, "num_publications_10y": 0, "num_citations_10y": 0, "publications_years": {"2019": 1}, "citations_years": {}, "old_citations": {"2019": 0}, "isVisible": false}, "2555136045": {"name": "stefano nuzzo", "type": "author", "activity": 3, "h_index": 2, "h5_index": 2, "mag_id": "2555136045", "num_publications": 1, "num_citations": 1, "num_publications_5y": 0, "num_citations_5y": 0, "num_publications_10y": 0, "num_citations_10y": 0, "publications_years": {"2019": 1}, "citations_years": {"2019": 1}, "old_citations": {"2019": 1}, "isVisible": false}, "2575549413": {"name": "zeyuan xu", "type": "author", "activity": 2, "h_index": 1, "h5_index": 1, "mag_id": "2575549413", "num_publications": 1, "num_citations": 0, "num_publications_5y": 0, "num_citations_5y": 0, "num_publications_10y": 0, "num_citations_10y": 0, "publications_years": {"2019": 1}, "citations_years": {}, "old_citations": {"2019": 0}, "isVisible": false}, "2624990633": {"name": "c spagnolo", "type": "author", "activity": 1, "h_index": 1, "h5_index": 1, "mag_id": "2624990633", "num_publications": 1, "num_citations": 1, "num_publications_5y": 0, "num_citations_5y": 0, "num_publications_10y": 0, "num_citations_10y": 0, "publications_years": {"2019": 1}, "citations_years": {"2019": 1}, "old_citations": {"2019": 1}, "isVisible": false}, "2626313705": {"name": "m mabhula", "type": "author", "activity": 1, "h_index": 0, "h5_index": 0, "mag_id": "2626313705", "num_publications": 1, "num_citations": 0, "num_publications_5y": 0, "num_citations_5y": 0, "num_publications_10y": 0, "num_citations_10y": 0, "publications_years": {"2019": 1}, "citations_years": {}, "old_citations": {"2019": 0}, "isVisible": false}, "2632303911": {"name": "jing li", "type": "author", "activity": 5, "h_index": 2, "h5_index": 1, "mag_id": "2632303911", "num_publications": 1, "num_citations": 0, "num_publications_5y": 0, "num_citations_5y": 0, "num_publications_10y": 0, "num_citations_10y": 0, "publications_years": {"2019": 1}, "citations_years": {}, "old_citations": {"2019": 0}, "isVisible": false}, "2655033664": {"name": "m c di piazza", "type": "author", "activity": 1, "h_index": 1, "h5_index": 0, "mag_id": "2655033664", "num_publications": 1, "num_citations": 4, "num_publications_5y": 1, "num_citations_5y": 4, "num_publications_10y": 1, "num_citations_10y": 4, "publications_years": {"2015": 1}, "citations_years": {"2016": 1, "2017": 2, "2018": 1}, "old_citations": {"2015": 4}, "isVisible": false}, "2679274620": {"name": "wei wang", "type": "author", "activity": 7, "h_index": 4, "h5_index": 1, "mag_id": "2679274620", "num_publications": 1, "num_citations": 4, "num_publications_5y": 0, "num_citations_5y": 3, "num_publications_10y": 1, "num_citations_10y": 4, "publications_years": {"2013": 1}, "citations_years": {"2013": 1, "2014": 2, "2015": 0, "2016": 1}, "old_citations": {"2013": 4}, "isVisible": false}, "2700964622": {"name": "panos c papageorgiou", "type": "author", "activity": 8, "h_index": 1, "h5_index": 1, "mag_id": "2700964622", "num_publications": 1, "num_citations": 0, "num_publications_5y": 0, "num_citations_5y": 0, "num_publications_10y": 0, "num_citations_10y": 0, "publications_years": {"2019": 1}, "citations_years": {}, "old_citations": {"2019": 0}, "isVisible": false}, "2734774892": {"name": "weiduo zhao", "type": "author", "activity": 1, "h_index": 1, "h5_index": 1, "mag_id": "2734774892", "num_publications": 1, "num_citations": 2, "num_publications_5y": 0, "num_citations_5y": 0, "num_publications_10y": 0, "num_citations_10y": 0, "publications_years": {"2019": 1}, "citations_years": {"2019": 2}, "old_citations": {"2019": 2}, "isVisible": false}, "2742809407": {"name": "mario nikowitz", "type": "author", "activity": 3, "h_index": 2, "h5_index": 2, "mag_id": "2742809407", "num_publications": 1, "num_citations": 0, "num_publications_5y": 0, "num_citations_5y": 0, "num_publications_10y": 0, "num_citations_10y": 0, "publications_years": {"2019": 1}, "citations_years": {}, "old_citations": {"2019": 0}, "isVisible": false}, "2763166185": {"name": "evangelos tsioumas", "type": "author", "activity": 2, "h_index": 2, "h5_index": 2, "mag_id": "2763166185", "num_publications": 1, "num_citations": 0, "num_publications_5y": 0, "num_citations_5y": 0, "num_publications_10y": 0, "num_citations_10y": 0, "publications_years": {"2019": 1}, "citations_years": {}, "old_citations": {"2019": 0}, "isVisible": false}, "2763645035": {"name": "dimitrios a papathanasopoulos", "type": "author", "activity": 2, "h_index": 1, "h5_index": 1, "mag_id": "2763645035", "num_publications": 1, "num_citations": 0, "num_publications_5y": 0, "num_citations_5y": 0, "num_publications_10y": 0, "num_citations_10y": 0, "publications_years": {"2019": 1}, "citations_years": {}, "old_citations": {"2019": 0}, "isVisible": false}, "2771295486": {"name": "soleiman rahmani", "type": "author", "activity": 3, "h_index": 0, "h5_index": 0, "mag_id": "2771295486", "num_publications": 1, "num_citations": 0, "num_publications_5y": 0, "num_citations_5y": 0, "num_publications_10y": 0, "num_citations_10y": 0, "publications_years": {"2019": 1}, "citations_years": {}, "old_citations": {"2019": 0}, "isVisible": false}, "2792230830": {"name": "alessandro la ganga", "type": "author", "activity": 4, "h_index": 1, "h5_index": 1, "mag_id": "2792230830", "num_publications": 1, "num_citations": 0, "num_publications_5y": 0, "num_citations_5y": 0, "num_publications_10y": 0, "num_citations_10y": 0, "publications_years": {"2019": 1}, "citations_years": {}, "old_citations": {"2019": 0}, "isVisible": false}, "2803184040": {"name": "m pucci", "type": "author", "activity": 18, "h_index": 6, "h5_index": 1, "mag_id": "2803184040", "num_publications": 1, "num_citations": 4, "num_publications_5y": 1, "num_citations_5y": 4, "num_publications_10y": 1, "num_citations_10y": 4, "publications_years": {"2015": 1}, "citations_years": {"2016": 1, "2017": 2, "2018": 1}, "old_citations": {"2015": 4}, "isVisible": false}, "2806032244": {"name": "chuan liu", "type": "author", "activity": 1, "h_index": 0, "h5_index": 0, "mag_id": "2806032244", "num_publications": 1, "num_citations": 0, "num_publications_5y": 0, "num_citations_5y": 0, "num_publications_10y": 0, "num_citations_10y": 0, "publications_years": {"2019": 1}, "citations_years": {}, "old_citations": {"2019": 0}, "isVisible": false}, "2885790644": {"name": "witold pawlus", "type": "author", "activity": 7, "h_index": 0, "h5_index": 0, "mag_id": "2885790644", "num_publications": 1, "num_citations": 0, "num_publications_5y": 0, "num_citations_5y": 0, "num_publications_10y": 0, "num_citations_10y": 0, "publications_years": {"2019": 1}, "citations_years": {}, "old_citations": {"2019": 0}, "isVisible": false}, "2894223003": {"name": "giampaolo buticchi", "type": "author", "activity": 5, "h_index": 2, "h5_index": 2, "mag_id": "2894223003", "num_publications": 1, "num_citations": 2, "num_publications_5y": 0, "num_citations_5y": 0, "num_publications_10y": 0, "num_citations_10y": 0, "publications_years": {"2019": 1}, "citations_years": {"2019": 2}, "old_citations": {"2019": 2}, "isVisible": false}, "2912458793": {"name": "markos koseoglou", "type": "author", "activity": 2, "h_index": 2, "h5_index": 2, "mag_id": "2912458793", "num_publications": 1, "num_citations": 0, "num_publications_5y": 0, "num_citations_5y": 0, "num_publications_10y": 0, "num_citations_10y": 0, "publications_years": {"2019": 1}, "citations_years": {}, "old_citations": {"2019": 0}, "isVisible": false}, "2964788483": {"name": "shabnam ruzbehi", "type": "author", "activity": 1, "h_index": 0, "h5_index": 0, "mag_id": "2964788483", "num_publications": 1, "num_citations": 0, "num_publications_5y": 0, "num_citations_5y": 0, "num_publications_10y": 0, "num_citations_10y": 0, "publications_years": {"2019": 1}, "citations_years": {}, "old_citations": {"2019": 0}, "isVisible": false}, "2974055197": {"name": "l harnefors", "type": "author", "activity": 1, "h_index": 1, "h5_index": 0, "mag_id": "2974055197", "num_publications": 1, "num_citations": 9, "num_publications_5y": 0, "num_citations_5y": 7, "num_publications_10y": 1, "num_citations_10y": 9, "publications_years": {"2013": 1}, "citations_years": {"2013": 2, "2014": 3, "2015": 2, "2016": 2}, "old_citations": {"2013": 9}, "isVisible": false}, "2982291833": {"name": "john ch dermentzoglou", "type": "author", "activity": 1, "h_index": 0, "h5_index": 0, "mag_id": "2982291833", "num_publications": 1, "num_citations": 0, "num_publications_5y": 0, "num_citations_5y": 0, "num_publications_10y": 0, "num_citations_10y": 0, "publications_years": {"2019": 1}, "citations_years": {}, "old_citations": {"2019": 0}, "isVisible": false}, "2982297268": {"name": "dimitrios papagiannis", "type": "author", "activity": 1, "h_index": 0, "h5_index": 0, "mag_id": "2982297268", "num_publications": 1, "num_citations": 0, "num_publications_5y": 0, "num_citations_5y": 0, "num_publications_10y": 0, "num_citations_10y": 0, "publications_years": {"2019": 1}, "citations_years": {}, "old_citations": {"2019": 0}, "isVisible": false}, "2982345858": {"name": "s c maria pechlivanidou", "type": "author", "activity": 1, "h_index": 0, "h5_index": 0, "mag_id": "2982345858", "num_publications": 1, "num_citations": 0, "num_publications_5y": 0, "num_citations_5y": 0, "num_publications_10y": 0, "num_citations_10y": 0, "publications_years": {"2019": 1}, "citations_years": {}, "old_citations": {"2019": 0}, "isVisible": false}, "2982357329": {"name": "stylianos i dimadis", "type": "author", "activity": 1, "h_index": 0, "h5_index": 0, "mag_id": "2982357329", "num_publications": 1, "num_citations": 0, "num_publications_5y": 0, "num_citations_5y": 0, "num_publications_10y": 0, "num_citations_10y": 0, "publications_years": {"2019": 1}, "citations_years": {}, "old_citations": {"2019": 0}, "isVisible": false}, "2982363473": {"name": "c millet", "type": "author", "activity": 1, "h_index": 0, "h5_index": 0, "mag_id": "2982363473", "num_publications": 1, "num_citations": 0, "num_publications_5y": 0, "num_citations_5y": 0, "num_publications_10y": 0, "num_citations_10y": 0, "publications_years": {"2019": 1}, "citations_years": {}, "old_citations": {"2019": 0}, "isVisible": false}, "2982406955": {"name": "arild bergesen husebo", "type": "author", "activity": 1, "h_index": 0, "h5_index": 0, "mag_id": "2982406955", "num_publications": 1, "num_citations": 0, "num_publications_5y": 0, "num_citations_5y": 0, "num_publications_10y": 0, "num_citations_10y": 0, "publications_years": {"2019": 1}, "citations_years": {}, "old_citations": {"2019": 0}, "isVisible": false}, "2982426791": {"name": "adriancotnel pop", "type": "author", "activity": 1, "h_index": 0, "h5_index": 0, "mag_id": "2982426791", "num_publications": 1, "num_citations": 0, "num_publications_5y": 0, "num_citations_5y": 0, "num_publications_10y": 0, "num_citations_10y": 0, "publications_years": {"2019": 1}, "citations_years": {}, "old_citations": {"2019": 0}, "isVisible": false}, "2982446898": {"name": "h abbas", "type": "author", "activity": 1, "h_index": 0, "h5_index": 0, "mag_id": "2982446898", "num_publications": 1, "num_citations": 0, "num_publications_5y": 0, "num_citations_5y": 0, "num_publications_10y": 0, "num_citations_10y": 0, "publications_years": {"2019": 1}, "citations_years": {}, "old_citations": {"2019": 0}, "isVisible": false}, "2982513453": {"name": "jacopo colussi", "type": "author", "activity": 2, "h_index": 1, "h5_index": 1, "mag_id": "2982513453", "num_publications": 1, "num_citations": 0, "num_publications_5y": 0, "num_citations_5y": 0, "num_publications_10y": 0, "num_citations_10y": 0, "publications_years": {"2019": 1}, "citations_years": {}, "old_citations": {"2019": 0}, "isVisible": false}, "2982515640": {"name": "j pedneaultdesroches", "type": "author", "activity": 1, "h_index": 0, "h5_index": 0, "mag_id": "2982515640", "num_publications": 1, "num_citations": 0, "num_publications_5y": 0, "num_citations_5y": 0, "num_publications_10y": 0, "num_citations_10y": 0, "publications_years": {"2019": 1}, "citations_years": {}, "old_citations": {"2019": 0}, "isVisible": false}, "2982528128": {"name": "azlia a rahman", "type": "author", "activity": 1, "h_index": 0, "h5_index": 0, "mag_id": "2982528128", "num_publications": 1, "num_citations": 0, "num_publications_5y": 0, "num_citations_5y": 0, "num_publications_10y": 0, "num_citations_10y": 0, "publications_years": {"2019": 1}, "citations_years": {}, "old_citations": {"2019": 0}, "isVisible": false}, "2982535901": {"name": "s bernier", "type": "author", "activity": 1, "h_index": 0, "h5_index": 0, "mag_id": "2982535901", "num_publications": 1, "num_citations": 0, "num_publications_5y": 0, "num_citations_5y": 0, "num_publications_10y": 0, "num_citations_10y": 0, "publications_years": {"2019": 1}, "citations_years": {}, "old_citations": {"2019": 0}, "isVisible": false}, "2982638209": {"name": "maria raluca raia", "type": "author", "activity": 1, "h_index": 0, "h5_index": 0, "mag_id": "2982638209", "num_publications": 1, "num_citations": 0, "num_publications_5y": 0, "num_citations_5y": 0, "num_publications_10y": 0, "num_citations_10y": 0, "publications_years": {"2019": 1}, "citations_years": {}, "old_citations": {"2019": 0}, "isVisible": false}, "2982647482": {"name": "d s raptis", "type": "author", "activity": 1, "h_index": 0, "h5_index": 0, "mag_id": "2982647482", "num_publications": 1, "num_citations": 0, "num_publications_5y": 0, "num_citations_5y": 0, "num_publications_10y": 0, "num_citations_10y": 0, "publications_years": {"2019": 1}, "citations_years": {}, "old_citations": {"2019": 0}, "isVisible": false}, "2982665300": {"name": "j cave", "type": "author", "activity": 1, "h_index": 0, "h5_index": 0, "mag_id": "2982665300", "num_publications": 1, "num_citations": 0, "num_publications_5y": 0, "num_citations_5y": 0, "num_publications_10y": 0, "num_citations_10y": 0, "publications_years": {"2019": 1}, "citations_years": {}, "old_citations": {"2019": 0}, "isVisible": false}, "2982674621": {"name": "o kokoko", "type": "author", "activity": 1, "h_index": 0, "h5_index": 0, "mag_id": "2982674621", "num_publications": 1, "num_citations": 0, "num_publications_5y": 0, "num_citations_5y": 0, "num_publications_10y": 0, "num_citations_10y": 0, "publications_years": {"2019": 1}, "citations_years": {}, "old_citations": {"2019": 0}, "isVisible": false}, "2982690024": {"name": "nektarios galiatsatos", "type": "author", "activity": 1, "h_index": 0, "h5_index": 0, "mag_id": "2982690024", "num_publications": 1, "num_citations": 0, "num_publications_5y": 0, "num_citations_5y": 0, "num_publications_10y": 0, "num_citations_10y": 0, "publications_years": {"2019": 1}, "citations_years": {}, "old_citations": {"2019": 0}, "isVisible": false}, "3006868283": {"name": "m pastorelli", "type": "author", "activity": 1, "h_index": 1, "h5_index": 0, "mag_id": "3006868283", "num_publications": 1, "num_citations": 41, "num_publications_5y": 0, "num_citations_5y": 32, "num_publications_10y": 1, "num_citations_10y": 33, "publications_years": {"2013": 1}, "citations_years": {"2013": 1, "2014": 8, "2015": 6, "2016": 5, "2017": 8, "2018": 5, "2019": 6, "2020": 2}, "old_citations": {"2013": 41}, "isVisible": false}}, "countries": {"Greece": {"name": "Greece", "type": "country", "h5_index": 57, "num_publications": 7, "num_citations": 0, "num_publications_5y": 0, "num_citations_5y": 0, "num_publications_10y": 0, "num_citations_10y": 0, "publications_years": {"2019": 7}, "citations_years": {}, "old_citations": {"2019": 0}, "isVisible": false}, "United Kingdom": {"name": "United Kingdom", "type": "country", "h5_index": 172, "num_publications": 6, "num_citations": 59, "num_publications_5y": 1, "num_citations_5y": 41, "num_publications_10y": 2, "num_citations_10y": 42, "publications_years": {"2019": 4, "2013": 1, "2017": 1}, "citations_years": {"2019": 15, "2013": 1, "2014": 8, "2015": 6, "2016": 5, "2017": 8, "2018": 14, "2020": 2}, "old_citations": {"2019": 3, "2013": 41, "2017": 15}, "isVisible": false}, "Italy": {"name": "Italy", "type": "country", "h5_index": 94, "num_publications": 4, "num_citations": 21, "num_publications_5y": 1, "num_citations_5y": 17, "num_publications_10y": 2, "num_citations_10y": 17, "publications_years": {"2019": 2, "2013": 1, "2015": 1}, "citations_years": {"2014": 1, "2015": 2, "2016": 5, "2017": 6, "2018": 3, "2019": 4}, "old_citations": {"2019": 0, "2013": 17, "2015": 4}, "isVisible": false}, "Canada": {"name": "Canada", "type": "country", "h5_index": 128, "num_publications": 2, "num_citations": 0, "num_publications_5y": 0, "num_citations_5y": 0, "num_publications_10y": 0, "num_citations_10y": 0, "publications_years": {"2019": 2}, "citations_years": {}, "old_citations": {"2019": 0}, "isVisible": false}, "China": {"name": "China", "type": "country", "h5_index": 214, "num_publications": 2, "num_citations": 2, "num_publications_5y": 0, "num_citations_5y": 0, "num_publications_10y": 0, "num_citations_10y": 0, "publications_years": {"2019": 2}, "citations_years": {"2019": 2}, "old_citations": {"2019": 2}, "isVisible": false}, "Finland": {"name": "Finland", "type": "country", "h5_index": 68, "num_publications": 2, "num_citations": 16, "num_publications_5y": 1, "num_citations_5y": 13, "num_publications_10y": 2, "num_citations_10y": 15, "publications_years": {"2015": 1, "2013": 1}, "citations_years": {"2015": 4, "2016": 5, "2017": 0, "2018": 1, "2019": 1, "2013": 2, "2014": 3}, "old_citations": {"2015": 7, "2013": 9}, "isVisible": false}, "South Africa": {"name": "South Africa", "type": "country", "h5_index": 38, "num_publications": 2, "num_citations": 1, "num_publications_5y": 1, "num_citations_5y": 1, "num_publications_10y": 1, "num_citations_10y": 1, "publications_years": {"2019": 1, "2015": 1}, "citations_years": {"2016": 1}, "old_citations": {"2019": 0, "2015": 1}, "isVisible": false}, "Austria": {"name": "Austria", "type": "country", "h5_index": 71, "num_publications": 1, "num_citations": 0, "num_publications_5y": 0, "num_citations_5y": 0, "num_publications_10y": 0, "num_citations_10y": 0, "publications_years": {"2019": 1}, "citations_years": {}, "old_citations": {"2019": 0}, "isVisible": false}, "Germany": {"name": "Germany", "type": "country", "h5_index": 139, "num_publications": 1, "num_citations": 0, "num_publications_5y": 0, "num_citations_5y": 0, "num_publications_10y": 0, "num_citations_10y": 0, "publications_years": {"2019": 1}, "citations_years": {}, "old_citations": {"2019": 0}, "isVisible": false}, "Japan": {"name": "Japan", "type": "country", "h5_index": 94, "num_publications": 1, "num_citations": 6, "num_publications_5y": 1, "num_citations_5y": 5, "num_publications_10y": 1, "num_citations_10y": 5, "publications_years": {"2015": 1}, "citations_years": {"2017": 3, "2018": 2, "2019": 1}, "old_citations": {"2015": 6}, "isVisible": false}, "Malaysia": {"name": "Malaysia", "type": "country", "h5_index": 62, "num_publications": 1, "num_citations": 0, "num_publications_5y": 0, "num_citations_5y": 0, "num_publications_10y": 0, "num_citations_10y": 0, "publications_years": {"2019": 1}, "citations_years": {}, "old_citations": {"2019": 0}, "isVisible": false}, "Norway": {"name": "Norway", "type": "country", "h5_index": 56, "num_publications": 1, "num_citations": 0, "num_publications_5y": 0, "num_citations_5y": 0, "num_publications_10y": 0, "num_citations_10y": 0, "publications_years": {"2019": 1}, "citations_years": {}, "old_citations": {"2019": 0}, "isVisible": false}, "Romania": {"name": "Romania", "type": "country", "h5_index": 27, "num_publications": 1, "num_citations": 0, "num_publications_5y": 0, "num_citations_5y": 0, "num_publications_10y": 0, "num_citations_10y": 0, "publications_years": {"2019": 1}, "citations_years": {}, "old_citations": {"2019": 0}, "isVisible": false}, "Spain": {"name": "Spain", "type": "country", "h5_index": 91, "num_publications": 1, "num_citations": 7, "num_publications_5y": 1, "num_citations_5y": 6, "num_publications_10y": 1, "num_citations_10y": 6, "publications_years": {"2015": 1}, "citations_years": {"2015": 2, "2016": 3, "2017": 0, "2018": 1, "2019": 1}, "old_citations": {"2015": 7}, "isVisible": false}, "Turkey": {"name": "Turkey", "type": "country", "h5_index": 56, "num_publications": 1, "num_citations": 0, "num_publications_5y": 1, "num_citations_5y": 0, "num_publications_10y": 1, "num_citations_10y": 0, "publications_years": {"2015": 1}, "citations_years": {}, "old_citations": {"2015": 0}, "isVisible": false}, "United States": {"name": "United States", "type": "country", "h5_index": 308, "num_publications": 1, "num_citations": 4, "num_publications_5y": 0, "num_citations_5y": 3, "num_publications_10y": 1, "num_citations_10y": 4, "publications_years": {"2013": 1}, "citations_years": {"2013": 1, "2014": 2, "2015": 0, "2016": 1}, "old_citations": {"2013": 4}, "isVisible": false}}}, "conference_comparison": {"computer science": {}}, "topics_dna": {"publications": {}, "citations": {"normalized": {}, "average": {}}}, "info": {"num_publications": 32, "num_citations": 111.0, "impact_factor": {"2015": 2.5, "2016": 1.0, "2017": 1.0, "2018": 9.0, "2019": 6.0}, "publications_years": {"2019": 21, "2015": 6, "2013": 4, "2017": 1}, "citations_years": {"2013": 4, "2014": 14, "2015": 12, "2016": 18, "2017": 19, "2018": 21, "2019": 21, "2020": 2}, "old_citations": {"2019": 3, "2015": 22, "2013": 71, "2017": 15}, "h5_index": 2}, "percentile": {"computer science": {"2019": 78, "2015": 81, "2013": 96, "2017": 99}}, "conference_ranking": {"computer science": {"2019": 917, "2015": 800, "2013": 163, "2017": 36}}, "academia": {"num_publications": 26, "num_citations": 104, "publications_years": {"2013": 4, "2014": 0, "2015": 5, "2016": 0, "2017": 1, "2018": 0, "2019": 16}, "old_citations": {"2013": 71, "2014": 0, "2015": 18, "2016": 0, "2017": 15, "2018": 0, "2019": 0}, "num_publications_5y": 17, "num_citations_5y": 15, "num_publications_10y": 26, "num_citations_10y": 104}, "industry": {"num_publications": 0, "num_citations": 0, "publications_years": {}, "old_citations": {}, "num_publications_5y": 0, "num_citations_5y": 0, "num_publications_10y": 0, "num_citations_10y": 0}, "collaborative": {"num_publications": 0, "num_citations": 0, "publications_years": {}, "old_citations": {}, "num_publications_5y": 0, "num_citations_5y": 0, "num_publications_10y": 0, "num_citations_10y": 0}, "conferences": {}, "journals": {}, "organizations": {"publication_overall": ["University of Nottingham", "Aalto University", "Democritus University of Thrace", "National Technical University of Athens", "Stellenbosch University", "University of Nottingham Ningbo China", "University of Padua", "University of Patras", "Aristotle University of Thessaloniki", "Hydro-Qu\u00e9bec", "Polytechnic University of Turin", "TU Wien", "Technical University of Cluj-Napoca", "The University of Texas at Dallas", "Tokyo Institute of Technology", "University of Agder", "University of Erlangen-Nuremberg", "University of Kocaeli", "University of Nottingham Malaysia Campus", "University of Oviedo", "University of Pavia", "York University", "Y\u0131ld\u0131z Technical University"], "citation_overall": ["University of Nottingham", "University of Padua", "Aalto University", "University of Oviedo", "Tokyo Institute of Technology", "The University of Texas at Dallas", "University of Nottingham Ningbo China", "Stellenbosch University", "Aristotle University of Thessaloniki", "Democritus University of Thrace", "Hydro-Qu\u00e9bec", "National Technical University of Athens", "Polytechnic University of Turin", "TU Wien", "Technical University of Cluj-Napoca", "University of Agder", "University of Erlangen-Nuremberg", "University of Kocaeli", "University of Nottingham Malaysia Campus", "University of Patras", "University of Pavia", "York University", "Y\u0131ld\u0131z Technical University"], "publication_10_years": ["University of Nottingham", "Aalto University", "Democritus University of Thrace", "National Technical University of Athens", "Stellenbosch University", "University of Nottingham Ningbo China", "University of Padua", "University of Patras", "Aristotle University of Thessaloniki", "Hydro-Qu\u00e9bec", "Polytechnic University of Turin", "TU Wien", "Technical University of Cluj-Napoca", "The University of Texas at Dallas", "Tokyo Institute of Technology", "University of Agder", "University of Erlangen-Nuremberg", "University of Kocaeli", "University of Nottingham Malaysia Campus", "University of Oviedo", "University of Pavia", "York University", "Y\u0131ld\u0131z Technical University"], "citation_10_years": ["University of Nottingham", "University of Padua", "Aalto University", "University of Oviedo", "Tokyo Institute of Technology", "The University of Texas at Dallas", "University of Nottingham Ningbo China", "Stellenbosch University", "Aristotle University of Thessaloniki", "Democritus University of Thrace", "Hydro-Qu\u00e9bec", "National Technical University of Athens", "Polytechnic University of Turin", "TU Wien", "Technical University of Cluj-Napoca", "University of Agder", "University of Erlangen-Nuremberg", "University of Kocaeli", "University of Nottingham Malaysia Campus", "University of Patras", "University of Pavia", "York University", "Y\u0131ld\u0131z Technical University"], "publication_5_years": ["University of Nottingham", "Democritus University of Thrace", "National Technical University of Athens", "University of Nottingham Ningbo China", "University of Patras", "Aristotle University of Thessaloniki", "Hydro-Qu\u00e9bec", "Polytechnic University of Turin", "Stellenbosch University", "TU Wien", "Technical University of Cluj-Napoca", "University of Agder", "University of Erlangen-Nuremberg", "University of Nottingham Malaysia Campus", "University of Pavia", "York University"], "citation_5_years": ["University of Nottingham", "University of Nottingham Ningbo China", "Aristotle University of Thessaloniki", "Democritus University of Thrace", "Hydro-Qu\u00e9bec", "National Technical University of Athens", "Polytechnic University of Turin", "Stellenbosch University", "TU Wien", "Technical University of Cluj-Napoca", "University of Agder", "University of Erlangen-Nuremberg", "University of Nottingham Malaysia Campus", "University of Patras", "University of Pavia", "York University"]}, "countries": {"publication_overall": ["Greece", "United Kingdom", "Italy", "Canada", "China", "Finland", "South Africa", "Austria", "Germany", "Japan", "Malaysia", "Norway", "Romania", "Spain", "Turkey", "United States"], "citation_overall": ["United Kingdom", "Italy", "Finland", "Spain", "Japan", "United States", "China", "South Africa", "Austria", "Canada", "Germany", "Greece", "Malaysia", "Norway", "Romania", "Turkey"], "publication_10_years": ["Greece", "United Kingdom", "Italy", "Canada", "China", "Finland", "South Africa", "Austria", "Germany", "Japan", "Malaysia", "Norway", "Romania", "Spain", "Turkey", "United States"], "citation_10_years": ["United Kingdom", "Italy", "Finland", "Spain", "Japan", "United States", "China", "South Africa", "Austria", "Canada", "Germany", "Greece", "Malaysia", "Norway", "Romania", "Turkey"], "publication_5_years": ["Greece", "United Kingdom", "Canada", "China", "Italy", "Austria", "Germany", "Malaysia", "Norway", "Romania", "South Africa"], "citation_5_years": ["United Kingdom", "China", "Austria", "Canada", "Germany", "Greece", "Italy", "Malaysia", "Norway", "Romania", "South Africa"]}, "topics": {"publication_overall": ["computer science", "computer systems", "mathematics", "computer hardware", "computer networks", "engineering", "sensors", "telecommunication systems", "communication systems", "wireless telecommunication systems", "robotics", "mobile robots", "robots", "distributed computer systems", "manipulators", "motion control", "motion planning", "finite element method", "matrix algebra", "software engineering"], "citation_overall": ["computer science", "computer systems", "computer hardware", "mathematics", "sensors", "mobile robots", "robotics", "manipulators", "motion control", "motion planning", "robots", "position control", "servomotors", "linear matrix inequalities", "matrix algebra", "computer networks", "control systems", "switching control", "switching systems", "target position"], "publication_10_years": ["computer science", "computer systems", "mathematics", "computer hardware", "computer networks", "engineering", "sensors", "telecommunication systems", "communication systems", "wireless telecommunication systems", "robotics", "mobile robots", "robots", "distributed computer systems", "manipulators", "motion control", "motion planning", "finite element method", "matrix algebra", "software engineering"], "citation_10_years": ["computer science", "computer systems", "computer hardware", "mathematics", "sensors", "mobile robots", "robotics", "manipulators", "motion control", "motion planning", "robots", "position control", "servomotors", "linear matrix inequalities", "matrix algebra", "computer networks", "control systems", "switching control", "switching systems", "target position"], "publication_5_years": ["computer science", "computer systems", "mathematics", "computer hardware", "computer networks", "engineering", "telecommunication systems", "communication systems", "wireless telecommunication systems", "distributed computer systems", "sensors", "software engineering", "artificial intelligence", "computer imaging and vision", "correlation analysis", "distributed systems", "finite element method", "image processing", "parallel processing systems", "robotics"], "citation_5_years": ["computer networks", "computer science", "computer systems", "distributed computer systems", "distributed systems", "parallel machine", "parallel processing systems", "communication systems", "finite element method", "mathematics", "telecommunication systems", "wireless telecommunication systems", "antennas", "electromagnetic", "electromagnetism", "electromagnets", "geometry", "computer hardware", "engineering", "finite element analysis"]}, "main_topics": ["computer science"], "authors": {"publication_overall": ["1758476885", "2234141116", "2109892489", "2113756086", "2139021462", "2335971803", "2338293196", "2511463507", "2536232767", "2706121200", "2801946104", "2949493990", "755083285", "1577130817", "1656967521", "1875873317", "1891382739", "2030503042", "2039151884", "2061351305", "2076473615", "2081608371", "2081694845", "2088306658", "2100233751", "2101778257", "2106212329", "2129082046", "2153051344", "2160571845", "2169382636", "2218597678", "2222987424", "2224043739", "2225742546", "2226330585", "2229180287", "2394579428", "2408881517", "2465863959", "2491918500", "2510427899", "2533352075", "2541444809", "2555136045", "2575549413", "2624990633", "2626313705", "2632303911", "2655033664", "2679274620", "2700964622", "2734774892", "2742809407", "2763166185", "2763645035", "2771295486", "2792230830", "2803184040", "2806032244", "2885790644", "2894223003", "2912458793", "2964788483", "2974055197", "2982291833", "2982297268", "2982345858", "2982357329", "2982363473", "2982406955", "2982426791", "2982446898", "2982513453", "2982515640", "2982528128", "2982535901", "2982638209", "2982647482", "2982665300", "2982674621", "2982690024", "3006868283"], "citation_overall": ["1758476885", "2234141116", "2106212329", "2465863959", "3006868283", "2139021462", "2109892489", "2511463507", "2533352075", "2536232767", "2974055197", "2153051344", "2169382636", "2226330585", "2510427899", "2039151884", "2408881517", "1577130817", "2218597678", "2655033664", "2679274620", "2803184040", "2801946104", "2734774892", "2894223003", "2949493990", "2113756086", "2394579428", "2555136045", "2624990633", "755083285", "1656967521", "1875873317", "1891382739", "2030503042", "2061351305", "2076473615", "2081608371", "2081694845", "2088306658", "2100233751", "2101778257", "2129082046", "2160571845", "2222987424", "2224043739", "2225742546", "2229180287", "2335971803", "2338293196", "2491918500", "2541444809", "2575549413", "2626313705", "2632303911", "2700964622", "2706121200", "2742809407", "2763166185", "2763645035", "2771295486", "2792230830", "2806032244", "2885790644", "2912458793", "2964788483", "2982291833", "2982297268", "2982345858", "2982357329", "2982363473", "2982406955", "2982426791", "2982446898", "2982513453", "2982515640", "2982528128", "2982535901", "2982638209", "2982647482", "2982665300", "2982674621", "2982690024"], "publication_10_years": ["1758476885", "2234141116", "2109892489", "2113756086", "2139021462", "2335971803", "2338293196", "2511463507", "2536232767", "2706121200", "2801946104", "2949493990", "755083285", "1577130817", "1656967521", "1875873317", "1891382739", "2030503042", "2039151884", "2061351305", "2076473615", "2081608371", "2081694845", "2088306658", "2100233751", "2101778257", "2106212329", "2129082046", "2153051344", "2160571845", "2169382636", "2218597678", "2222987424", "2224043739", "2225742546", "2226330585", "2229180287", "2394579428", "2408881517", "2465863959", "2491918500", "2510427899", "2533352075", "2541444809", "2555136045", "2575549413", "2624990633", "2626313705", "2632303911", "2655033664", "2679274620", "2700964622", "2734774892", "2742809407", "2763166185", "2763645035", "2771295486", "2792230830", "2803184040", "2806032244", "2885790644", "2894223003", "2912458793", "2964788483", "2974055197", "2982291833", "2982297268", "2982345858", "2982357329", "2982363473", "2982406955", "2982426791", "2982446898", "2982513453", "2982515640", "2982528128", "2982535901", "2982638209", "2982647482", "2982665300", "2982674621", "2982690024", "3006868283"], "citation_10_years": ["1758476885", "2234141116", "2106212329", "2465863959", "3006868283", "2139021462", "2109892489", "2511463507", "2533352075", "2536232767", "2974055197", "2153051344", "2169382636", "2226330585", "2510427899", "2039151884", "2408881517", "1577130817", "2218597678", "2655033664", "2679274620", "2803184040", "2801946104", "2734774892", "2894223003", "2949493990", "2113756086", "2394579428", "2555136045", "2624990633", "755083285", "1656967521", "1875873317", "1891382739", "2030503042", "2061351305", "2076473615", "2081608371", "2081694845", "2088306658", "2100233751", "2101778257", "2129082046", "2160571845", "2222987424", "2224043739", "2225742546", "2229180287", "2335971803", "2338293196", "2491918500", "2541444809", "2575549413", "2626313705", "2632303911", "2700964622", "2706121200", "2742809407", "2763166185", "2763645035", "2771295486", "2792230830", "2806032244", "2885790644", "2912458793", "2964788483", "2982291833", "2982297268", "2982345858", "2982357329", "2982363473", "2982406955", "2982426791", "2982446898", "2982513453", "2982515640", "2982528128", "2982535901", "2982638209", "2982647482", "2982665300", "2982674621", "2982690024"], "publication_5_years": ["1758476885", "2109892489", "2234141116", "2335971803", "2338293196", "2536232767", "2706121200", "2801946104", "2949493990", "755083285", "1656967521", "1875873317", "1891382739", "2030503042", "2061351305", "2076473615", "2081608371", "2081694845", "2088306658", "2100233751", "2101778257", "2113756086", "2129082046", "2160571845", "2222987424", "2224043739", "2229180287", "2533352075", "2541444809", "2555136045", "2575549413", "2624990633", "2626313705", "2632303911", "2700964622", "2734774892", "2742809407", "2763166185", "2763645035", "2771295486", "2792230830", "2806032244", "2885790644", "2894223003", "2912458793", "2964788483", "2982291833", "2982297268", "2982345858", "2982357329", "2982363473", "2982406955", "2982426791", "2982446898", "2982513453", "2982515640", "2982528128", "2982535901", "2982638209", "2982647482", "2982665300", "2982674621", "2982690024"], "citation_5_years": ["1758476885", "2109892489", "2234141116", "2533352075", "2536232767", "2801946104", "2734774892", "2894223003", "2949493990", "2555136045", "2624990633", "755083285", "1656967521", "1875873317", "1891382739", "2030503042", "2061351305", "2076473615", "2081608371", "2081694845", "2088306658", "2100233751", "2101778257", "2113756086", "2129082046", "2160571845", "2222987424", "2224043739", "2229180287", "2335971803", "2338293196", "2541444809", "2575549413", "2626313705", "2632303911", "2700964622", "2706121200", "2742809407", "2763166185", "2763645035", "2771295486", "2792230830", "2806032244", "2885790644", "2912458793", "2964788483", "2982291833", "2982297268", "2982345858", "2982357329", "2982363473", "2982406955", "2982426791", "2982446898", "2982513453", "2982515640", "2982528128", "2982535901", "2982638209", "2982647482", "2982665300", "2982674621", "2982690024"]}, "industrial_sectors": {"publication_overall": [], "citation_overall": [], "publication_10_years": [], "citation_10_years": [], "publication_5_years": [], "citation_5_years": []}}