{"name": "Workshop on Hot topics in Middleboxes and Network Function Virtualization", "acronym": "HotMiddlebox", "type": "conference", "uniqueEntities": {"organizations": {"Polytechnic University of Bucharest": {"name": "Polytechnic University of Bucharest", "type": "organization", "organization_type": "Education", "h_index": 40, "h5_index": 20, "num_publications": 5, "num_citations": 47, "num_publications_5y": 3, "num_citations_5y": 38, "num_publications_10y": 5, "num_citations_10y": 38, "publications_years": {"2016": 1, "2013": 2, "2015": 2}, "citations_years": {"2017": 12, "2018": 3, "2019": 9, "2014": 3, "2015": 6, "2016": 14}, "old_citations": {"2016": 8, "2013": 30, "2015": 9}, "isVisible": false}, "Universit\u00e9 Catholique de Louvain": {"name": "Universit\u00e9 Catholique de Louvain", "type": "organization", "organization_type": "Education", "h_index": 113, "h5_index": 28, "num_publications": 3, "num_citations": 65, "num_publications_5y": 0, "num_citations_5y": 56, "num_publications_10y": 3, "num_citations_10y": 56, "publications_years": {"2013": 3}, "citations_years": {"2014": 5, "2015": 13, "2016": 22, "2017": 11, "2018": 5, "2019": 7, "2020": 2}, "old_citations": {"2013": 65}, "isVisible": false}, "Duke University": {"name": "Duke University", "type": "organization", "organization_type": "Education", "h_index": 176, "h5_index": 45, "num_publications": 2, "num_citations": 8, "num_publications_5y": 2, "num_citations_5y": 5, "num_publications_10y": 2, "num_citations_10y": 5, "publications_years": {"2015": 2}, "citations_years": {"2019": 2, "2016": 1, "2017": 4, "2018": 0, "2020": 1}, "old_citations": {"2015": 8}, "isVisible": false}, "IBM (United States)": {"name": "IBM (United States)", "type": "organization", "organization_type": "Company", "h_index": 421, "h5_index": 72, "num_publications": 2, "num_citations": 55, "num_publications_5y": 2, "num_citations_5y": 48, "num_publications_10y": 2, "num_citations_10y": 48, "publications_years": {"2015": 2}, "citations_years": {"2016": 16, "2017": 20, "2018": 11, "2019": 7, "2015": 1}, "old_citations": {"2015": 55}, "isVisible": false}, "Microsoft (United States)": {"name": "Microsoft (United States)", "type": "organization", "organization_type": "Company", "h_index": 460, "h5_index": 116, "num_publications": 2, "num_citations": 7, "num_publications_5y": 2, "num_citations_5y": 6, "num_publications_10y": 2, "num_citations_10y": 6, "publications_years": {"2016": 2}, "citations_years": {"2016": 1, "2017": 2, "2018": 3, "2019": 0, "2020": 1}, "old_citations": {"2016": 7}, "isVisible": false}, "University of Li\u00e8ge": {"name": "University of Li\u00e8ge", "type": "organization", "organization_type": "Education", "h_index": 70, "h5_index": 21, "num_publications": 2, "num_citations": 30, "num_publications_5y": 1, "num_citations_5y": 20, "num_publications_10y": 2, "num_citations_10y": 20, "publications_years": {"2013": 1, "2016": 1}, "citations_years": {"2014": 1, "2015": 2, "2016": 4, "2017": 7, "2018": 6, "2019": 7, "2020": 3}, "old_citations": {"2013": 14, "2016": 16}, "isVisible": false}, "University of Wisconsin\u2013Madison": {"name": "University of Wisconsin\u2013Madison", "type": "organization", "organization_type": "Education", "h_index": 261, "h5_index": 43, "num_publications": 2, "num_citations": 30, "num_publications_5y": 2, "num_citations_5y": 26, "num_publications_10y": 2, "num_citations_10y": 26, "publications_years": {"2016": 1, "2015": 1}, "citations_years": {"2017": 4, "2018": 11, "2019": 4, "2016": 11}, "old_citations": {"2016": 5, "2015": 25}, "isVisible": false}, "Alcatel-Lucent (France)": {"name": "Alcatel-Lucent (France)", "type": "organization", "organization_type": "Company", "h_index": 204, "h5_index": 14, "num_publications": 1, "num_citations": 6, "num_publications_5y": 1, "num_citations_5y": 4, "num_publications_10y": 1, "num_citations_10y": 4, "publications_years": {"2015": 1}, "citations_years": {"2015": 1, "2016": 0, "2017": 2, "2018": 1, "2019": 1, "2020": 1}, "old_citations": {"2015": 6}, "isVisible": false}, "Carlos III University of Madrid": {"name": "Carlos III University of Madrid", "type": "organization", "organization_type": "Education", "h_index": 68, "h5_index": 28, "num_publications": 1, "num_citations": 14, "num_publications_5y": 0, "num_citations_5y": 12, "num_publications_10y": 1, "num_citations_10y": 12, "publications_years": {"2013": 1}, "citations_years": {"2015": 3, "2016": 5, "2017": 3, "2018": 1, "2019": 2}, "old_citations": {"2013": 14}, "isVisible": false}, "Commonwealth Scientific and Industrial Research Organisation": {"name": "Commonwealth Scientific and Industrial Research Organisation", "type": "organization", "organization_type": "Government", "h_index": 118, "h5_index": 46, "num_publications": 1, "num_citations": 16, "num_publications_5y": 1, "num_citations_5y": 10, "num_publications_10y": 1, "num_citations_10y": 10, "publications_years": {"2016": 1}, "citations_years": {"2017": 6, "2018": 4, "2019": 4, "2020": 2}, "old_citations": {"2016": 16}, "isVisible": false}, "Cornell University": {"name": "Cornell University", "type": "organization", "organization_type": "Education", "h_index": 294, "h5_index": 73, "num_publications": 1, "num_citations": 20, "num_publications_5y": 1, "num_citations_5y": 15, "num_publications_10y": 1, "num_citations_10y": 15, "publications_years": {"2015": 1}, "citations_years": {"2016": 5, "2017": 6, "2018": 4, "2019": 5}, "old_citations": {"2015": 20}, "isVisible": false}, "George Washington University": {"name": "George Washington University", "type": "organization", "organization_type": "Education", "h_index": 93, "h5_index": 31, "num_publications": 1, "num_citations": 80, "num_publications_5y": 1, "num_citations_5y": 43, "num_publications_10y": 1, "num_citations_10y": 43, "publications_years": {"2016": 1}, "citations_years": {"2016": 7, "2017": 14, "2018": 22, "2019": 31, "2020": 6}, "old_citations": {"2016": 80}, "isVisible": false}, "Hebrew University of Jerusalem": {"name": "Hebrew University of Jerusalem", "type": "organization", "organization_type": "Education", "h_index": 173, "h5_index": 32, "num_publications": 1, "num_citations": 17, "num_publications_5y": 1, "num_citations_5y": 15, "num_publications_10y": 1, "num_citations_10y": 15, "publications_years": {"2015": 1}, "citations_years": {"2016": 7, "2017": 5, "2018": 3, "2019": 2}, "old_citations": {"2015": 17}, "isVisible": false}, "Interdisciplinary Center Herzliya": {"name": "Interdisciplinary Center Herzliya", "type": "organization", "organization_type": "Nonprofit", "h_index": 39, "h5_index": 13, "num_publications": 1, "num_citations": 17, "num_publications_5y": 1, "num_citations_5y": 15, "num_publications_10y": 1, "num_citations_10y": 15, "publications_years": {"2015": 1}, "citations_years": {"2016": 7, "2017": 5, "2018": 3, "2019": 2}, "old_citations": {"2015": 17}, "isVisible": false}, "Lancaster University": {"name": "Lancaster University", "type": "organization", "organization_type": "Education", "h_index": 132, "h5_index": 49, "num_publications": 1, "num_citations": 14, "num_publications_5y": 0, "num_citations_5y": 10, "num_publications_10y": 1, "num_citations_10y": 10, "publications_years": {"2013": 1}, "citations_years": {"2014": 1, "2015": 2, "2016": 4, "2017": 1, "2018": 2, "2019": 3, "2020": 1}, "old_citations": {"2013": 14}, "isVisible": false}, "Royal Institute of Technology": {"name": "Royal Institute of Technology", "type": "organization", "organization_type": "Education", "h_index": 120, "h5_index": 45, "num_publications": 1, "num_citations": 21, "num_publications_5y": 1, "num_citations_5y": 16, "num_publications_10y": 1, "num_citations_10y": 16, "publications_years": {"2015": 1}, "citations_years": {"2016": 10, "2017": 2, "2018": 4, "2019": 2, "2020": 3}, "old_citations": {"2015": 21}, "isVisible": false}, "Stony Brook University": {"name": "Stony Brook University", "type": "organization", "organization_type": "Education", "h_index": 132, "h5_index": 38, "num_publications": 1, "num_citations": 26, "num_publications_5y": 0, "num_citations_5y": 20, "num_publications_10y": 1, "num_citations_10y": 20, "publications_years": {"2013": 1}, "citations_years": {"2014": 5, "2015": 4, "2016": 5, "2017": 2, "2018": 4, "2019": 6}, "old_citations": {"2013": 26}, "isVisible": false}, "University College London": {"name": "University College London", "type": "organization", "organization_type": "Education", "h_index": 203, "h5_index": 68, "num_publications": 1, "num_citations": 16, "num_publications_5y": 1, "num_citations_5y": 10, "num_publications_10y": 1, "num_citations_10y": 10, "publications_years": {"2016": 1}, "citations_years": {"2017": 6, "2018": 4, "2019": 4, "2020": 2}, "old_citations": {"2016": 16}, "isVisible": false}, "University at Buffalo, State University of New York": {"name": "University at Buffalo, State University of New York", "type": "organization", "organization_type": "Education", "h_index": 114, "h5_index": 36, "num_publications": 1, "num_citations": 41, "num_publications_5y": 1, "num_citations_5y": 21, "num_publications_10y": 1, "num_citations_10y": 21, "publications_years": {"2015": 1}, "citations_years": {"2016": 3, "2017": 11, "2018": 7, "2019": 16, "2020": 4}, "old_citations": {"2015": 41}, "isVisible": false}, "University of California, Berkeley": {"name": "University of California, Berkeley", "type": "organization", "organization_type": "Education", "h_index": 452, "h5_index": 107, "num_publications": 1, "num_citations": 10, "num_publications_5y": 1, "num_citations_5y": 7, "num_publications_10y": 1, "num_citations_10y": 7, "publications_years": {"2015": 1}, "citations_years": {"2016": 2, "2017": 5, "2018": 0, "2019": 3}, "old_citations": {"2015": 10}, "isVisible": false}, "University of California, Riverside": {"name": "University of California, Riverside", "type": "organization", "organization_type": "Education", "h_index": 142, "h5_index": 39, "num_publications": 1, "num_citations": 80, "num_publications_5y": 1, "num_citations_5y": 43, "num_publications_10y": 1, "num_citations_10y": 43, "publications_years": {"2016": 1}, "citations_years": {"2016": 7, "2017": 14, "2018": 22, "2019": 31, "2020": 6}, "old_citations": {"2016": 80}, "isVisible": false}, "University of Cambridge": {"name": "University of Cambridge", "type": "organization", "organization_type": "Education", "h_index": 250, "h5_index": 62, "num_publications": 1, "num_citations": 4, "num_publications_5y": 1, "num_citations_5y": 3, "num_publications_10y": 1, "num_citations_10y": 3, "publications_years": {"2016": 1}, "citations_years": {"2016": 1, "2017": 1, "2018": 1, "2019": 0, "2020": 1}, "old_citations": {"2016": 4}, "isVisible": false}, "University of Colorado Boulder": {"name": "University of Colorado Boulder", "type": "organization", "organization_type": "Education", "h_index": 182, "h5_index": 37, "num_publications": 1, "num_citations": 43, "num_publications_5y": 1, "num_citations_5y": 38, "num_publications_10y": 1, "num_citations_10y": 38, "publications_years": {"2015": 1}, "citations_years": {"2016": 11, "2017": 18, "2018": 9, "2019": 5}, "old_citations": {"2015": 43}, "isVisible": false}, "University of Massachusetts Amherst": {"name": "University of Massachusetts Amherst", "type": "organization", "organization_type": "Education", "h_index": 225, "h5_index": 50, "num_publications": 1, "num_citations": 29, "num_publications_5y": 1, "num_citations_5y": 19, "num_publications_10y": 1, "num_citations_10y": 19, "publications_years": {"2016": 1}, "citations_years": {"2017": 9, "2018": 10, "2019": 10}, "old_citations": {"2016": 29}, "isVisible": false}, "University of Missouri\u2013Kansas City": {"name": "University of Missouri\u2013Kansas City", "type": "organization", "organization_type": "Education", "h_index": 42, "h5_index": 16, "num_publications": 1, "num_citations": 2, "num_publications_5y": 1, "num_citations_5y": 2, "num_publications_10y": 1, "num_citations_10y": 2, "publications_years": {"2015": 1}, "citations_years": {"2016": 1, "2017": 0, "2018": 1}, "old_citations": {"2015": 2}, "isVisible": false}, "University of North Carolina at Chapel Hill": {"name": "University of North Carolina at Chapel Hill", "type": "organization", "organization_type": "Education", "h_index": 189, "h5_index": 47, "num_publications": 1, "num_citations": 26, "num_publications_5y": 0, "num_citations_5y": 20, "num_publications_10y": 1, "num_citations_10y": 20, "publications_years": {"2013": 1}, "citations_years": {"2014": 5, "2015": 4, "2016": 5, "2017": 2, "2018": 4, "2019": 6}, "old_citations": {"2013": 26}, "isVisible": false}, "University of Rome Tor Vergata": {"name": "University of Rome Tor Vergata", "type": "organization", "organization_type": "Education", "h_index": 61, "h5_index": 21, "num_publications": 1, "num_citations": 14, "num_publications_5y": 1, "num_citations_5y": 10, "num_publications_10y": 1, "num_citations_10y": 10, "publications_years": {"2016": 1}, "citations_years": {"2016": 2, "2017": 7, "2018": 1, "2019": 3, "2020": 1}, "old_citations": {"2016": 14}, "isVisible": false}}, "topics": {"computer networks": {"name": "computer networks", "type": "topic", "h_index": 1262, "h5_index": 332, "num_publications": 31, "num_citations": 539, "num_publications_5y": 23, "num_citations_5y": 398, "num_publications_10y": 31, "num_citations_10y": 398, "publications_years": {"2015": 13, "2016": 10, "2013": 8}, "citations_years": {"2016": 114, "2017": 131, "2018": 107, "2019": 118, "2020": 23, "2014": 17, "2015": 29}, "old_citations": {"2015": 213, "2016": 177, "2013": 149}, "isVisible": false}, "computer science": {"name": "computer science", "type": "topic", "h_index": 1779, "h5_index": 416, "num_publications": 31, "num_citations": 539, "num_publications_5y": 23, "num_citations_5y": 398, "num_publications_10y": 31, "num_citations_10y": 398, "publications_years": {"2015": 13, "2016": 10, "2013": 8}, "citations_years": {"2016": 114, "2017": 131, "2018": 107, "2019": 118, "2020": 23, "2014": 17, "2015": 29}, "old_citations": {"2015": 213, "2016": 177, "2013": 149}, "isVisible": false}, "computer systems": {"name": "computer systems", "type": "topic", "h_index": 1595, "h5_index": 367, "num_publications": 31, "num_citations": 539, "num_publications_5y": 23, "num_citations_5y": 398, "num_publications_10y": 31, "num_citations_10y": 398, "publications_years": {"2015": 13, "2016": 10, "2013": 8}, "citations_years": {"2016": 114, "2017": 131, "2018": 107, "2019": 118, "2020": 23, "2014": 17, "2015": 29}, "old_citations": {"2015": 213, "2016": 177, "2013": 149}, "isVisible": false}, "telecommunication networks": {"name": "telecommunication networks", "type": "topic", "h_index": 1116, "h5_index": 258, "num_publications": 30, "num_citations": 513, "num_publications_5y": 23, "num_citations_5y": 378, "num_publications_10y": 30, "num_citations_10y": 378, "publications_years": {"2015": 13, "2016": 10, "2013": 7}, "citations_years": {"2016": 109, "2017": 129, "2018": 103, "2019": 112, "2020": 23, "2014": 12, "2015": 25}, "old_citations": {"2015": 213, "2016": 177, "2013": 123}, "isVisible": false}, "telecommunication systems": {"name": "telecommunication systems", "type": "topic", "h_index": 1187, "h5_index": 277, "num_publications": 30, "num_citations": 513, "num_publications_5y": 23, "num_citations_5y": 378, "num_publications_10y": 30, "num_citations_10y": 378, "publications_years": {"2015": 13, "2016": 10, "2013": 7}, "citations_years": {"2016": 109, "2017": 129, "2018": 103, "2019": 112, "2020": 23, "2014": 12, "2015": 25}, "old_citations": {"2015": 213, "2016": 177, "2013": 123}, "isVisible": false}, "telecommunication traffic": {"name": "telecommunication traffic", "type": "topic", "h_index": 1036, "h5_index": 233, "num_publications": 26, "num_citations": 451, "num_publications_5y": 19, "num_citations_5y": 342, "num_publications_10y": 26, "num_citations_10y": 342, "publications_years": {"2015": 11, "2016": 8, "2013": 7}, "citations_years": {"2016": 103, "2017": 110, "2018": 92, "2019": 91, "2020": 18, "2014": 12, "2015": 25}, "old_citations": {"2015": 170, "2016": 158, "2013": 123}, "isVisible": false}, "communication systems": {"name": "communication systems", "type": "topic", "h_index": 1092, "h5_index": 254, "num_publications": 24, "num_citations": 442, "num_publications_5y": 18, "num_citations_5y": 332, "num_publications_10y": 24, "num_citations_10y": 332, "publications_years": {"2015": 10, "2016": 8, "2013": 6}, "citations_years": {"2016": 100, "2017": 108, "2018": 91, "2019": 93, "2020": 17, "2014": 11, "2015": 22}, "old_citations": {"2015": 163, "2016": 168, "2013": 111}, "isVisible": false}, "wireless telecommunication systems": {"name": "wireless telecommunication systems", "type": "topic", "h_index": 1087, "h5_index": 254, "num_publications": 24, "num_citations": 442, "num_publications_5y": 18, "num_citations_5y": 332, "num_publications_10y": 24, "num_citations_10y": 332, "publications_years": {"2015": 10, "2016": 8, "2013": 6}, "citations_years": {"2016": 100, "2017": 108, "2018": 91, "2019": 93, "2020": 17, "2014": 11, "2015": 22}, "old_citations": {"2015": 163, "2016": 168, "2013": 111}, "isVisible": false}, "internet": {"name": "internet", "type": "topic", "h_index": 1102, "h5_index": 245, "num_publications": 23, "num_citations": 391, "num_publications_5y": 17, "num_citations_5y": 278, "num_publications_10y": 23, "num_citations_10y": 278, "publications_years": {"2016": 9, "2013": 6, "2015": 8}, "citations_years": {"2017": 89, "2018": 82, "2019": 92, "2016": 76, "2020": 21, "2014": 9, "2015": 22}, "old_citations": {"2016": 161, "2013": 107, "2015": 123}, "isVisible": false}, "bandwidth": {"name": "bandwidth", "type": "topic", "h_index": 922, "h5_index": 201, "num_publications": 22, "num_citations": 387, "num_publications_5y": 15, "num_citations_5y": 294, "num_publications_10y": 22, "num_citations_10y": 294, "publications_years": {"2015": 9, "2016": 6, "2013": 7}, "citations_years": {"2016": 86, "2017": 95, "2018": 77, "2019": 80, "2020": 13, "2014": 12, "2015": 24}, "old_citations": {"2015": 132, "2016": 132, "2013": 123}, "isVisible": false}, "data communication systems": {"name": "data communication systems", "type": "topic", "h_index": 1013, "h5_index": 234, "num_publications": 21, "num_citations": 362, "num_publications_5y": 15, "num_citations_5y": 274, "num_publications_10y": 21, "num_citations_10y": 274, "publications_years": {"2015": 10, "2016": 5, "2013": 6}, "citations_years": {"2016": 91, "2017": 92, "2018": 66, "2019": 71, "2020": 17, "2014": 8, "2015": 17}, "old_citations": {"2015": 158, "2016": 114, "2013": 90}, "isVisible": false}, "distributed computer systems": {"name": "distributed computer systems", "type": "topic", "h_index": 985, "h5_index": 228, "num_publications": 21, "num_citations": 396, "num_publications_5y": 16, "num_citations_5y": 280, "num_publications_10y": 21, "num_citations_10y": 280, "publications_years": {"2016": 6, "2013": 5, "2015": 10}, "citations_years": {"2016": 73, "2017": 99, "2018": 81, "2019": 96, "2020": 20, "2014": 12, "2015": 15}, "old_citations": {"2016": 148, "2013": 84, "2015": 164}, "isVisible": false}, "computer security": {"name": "computer security", "type": "topic", "h_index": 977, "h5_index": 220, "num_publications": 20, "num_citations": 265, "num_publications_5y": 14, "num_citations_5y": 211, "num_publications_10y": 20, "num_citations_10y": 211, "publications_years": {"2015": 9, "2016": 5, "2013": 6}, "citations_years": {"2016": 64, "2017": 69, "2018": 39, "2019": 46, "2020": 8, "2014": 16, "2015": 23}, "old_citations": {"2015": 109, "2016": 33, "2013": 123}, "isVisible": false}, "security of data": {"name": "security of data", "type": "topic", "h_index": 883, "h5_index": 199, "num_publications": 20, "num_citations": 265, "num_publications_5y": 14, "num_citations_5y": 211, "num_publications_10y": 20, "num_citations_10y": 211, "publications_years": {"2015": 9, "2016": 5, "2013": 6}, "citations_years": {"2016": 64, "2017": 69, "2018": 39, "2019": 46, "2020": 8, "2014": 16, "2015": 23}, "old_citations": {"2015": 109, "2016": 33, "2013": 123}, "isVisible": false}, "network architecture": {"name": "network architecture", "type": "topic", "h_index": 747, "h5_index": 266, "num_publications": 19, "num_citations": 371, "num_publications_5y": 17, "num_citations_5y": 266, "num_publications_10y": 19, "num_citations_10y": 266, "publications_years": {"2015": 12, "2016": 5, "2013": 2}, "citations_years": {"2016": 79, "2017": 92, "2018": 79, "2019": 89, "2020": 16, "2015": 12, "2014": 4}, "old_citations": {"2015": 206, "2016": 118, "2013": 47}, "isVisible": false}, "computer hardware": {"name": "computer hardware", "type": "topic", "h_index": 1150, "h5_index": 279, "num_publications": 18, "num_citations": 333, "num_publications_5y": 12, "num_citations_5y": 255, "num_publications_10y": 18, "num_citations_10y": 255, "publications_years": {"2015": 9, "2016": 3, "2013": 6}, "citations_years": {"2016": 86, "2017": 72, "2018": 66, "2019": 66, "2020": 12, "2014": 13, "2015": 18}, "old_citations": {"2015": 143, "2016": 88, "2013": 102}, "isVisible": false}, "cryptography": {"name": "cryptography", "type": "topic", "h_index": 761, "h5_index": 179, "num_publications": 17, "num_citations": 237, "num_publications_5y": 12, "num_citations_5y": 187, "num_publications_10y": 17, "num_citations_10y": 187, "publications_years": {"2015": 8, "2016": 4, "2013": 5}, "citations_years": {"2016": 52, "2017": 62, "2018": 38, "2019": 43, "2020": 7, "2014": 15, "2015": 20}, "old_citations": {"2015": 99, "2016": 33, "2013": 105}, "isVisible": false}, "cryptology": {"name": "cryptology", "type": "topic", "h_index": 761, "h5_index": 179, "num_publications": 17, "num_citations": 237, "num_publications_5y": 12, "num_citations_5y": 187, "num_publications_10y": 17, "num_citations_10y": 187, "publications_years": {"2015": 8, "2016": 4, "2013": 5}, "citations_years": {"2016": 52, "2017": 62, "2018": 38, "2019": 43, "2020": 7, "2014": 15, "2015": 20}, "old_citations": {"2015": 99, "2016": 33, "2013": 105}, "isVisible": false}, "internet protocols": {"name": "internet protocols", "type": "topic", "h_index": 808, "h5_index": 165, "num_publications": 17, "num_citations": 289, "num_publications_5y": 13, "num_citations_5y": 211, "num_publications_10y": 17, "num_citations_10y": 211, "publications_years": {"2015": 9, "2016": 4, "2013": 4}, "citations_years": {"2016": 72, "2017": 61, "2018": 60, "2019": 63, "2020": 15, "2014": 7, "2015": 11}, "old_citations": {"2015": 115, "2016": 110, "2013": 64}, "isVisible": false}, "network security": {"name": "network security", "type": "topic", "h_index": 658, "h5_index": 157, "num_publications": 17, "num_citations": 237, "num_publications_5y": 12, "num_citations_5y": 187, "num_publications_10y": 17, "num_citations_10y": 187, "publications_years": {"2015": 8, "2016": 4, "2013": 5}, "citations_years": {"2016": 52, "2017": 62, "2018": 38, "2019": 43, "2020": 7, "2014": 15, "2015": 20}, "old_citations": {"2015": 99, "2016": 33, "2013": 105}, "isVisible": false}, "routers": {"name": "routers", "type": "topic", "h_index": 752, "h5_index": 160, "num_publications": 14, "num_citations": 344, "num_publications_5y": 8, "num_citations_5y": 258, "num_publications_10y": 14, "num_citations_10y": 258, "publications_years": {"2015": 4, "2016": 4, "2013": 6}, "citations_years": {"2016": 75, "2017": 79, "2018": 73, "2019": 75, "2020": 11, "2014": 11, "2015": 20}, "old_citations": {"2015": 105, "2016": 128, "2013": 111}, "isVisible": false}, "cloud computing": {"name": "cloud computing", "type": "topic", "h_index": 514, "h5_index": 140, "num_publications": 15, "num_citations": 287, "num_publications_5y": 14, "num_citations_5y": 195, "num_publications_10y": 15, "num_citations_10y": 195, "publications_years": {"2016": 7, "2013": 1, "2015": 7}, "citations_years": {"2016": 46, "2017": 79, "2018": 65, "2019": 76, "2020": 16, "2014": 1, "2015": 4}, "old_citations": {"2016": 147, "2013": 12, "2015": 128}, "isVisible": false}, "virtualizations": {"name": "virtualizations", "type": "topic", "h_index": 360, "h5_index": 113, "num_publications": 14, "num_citations": 284, "num_publications_5y": 13, "num_citations_5y": 192, "num_publications_10y": 14, "num_citations_10y": 192, "publications_years": {"2016": 6, "2013": 1, "2015": 7}, "citations_years": {"2016": 46, "2017": 78, "2018": 63, "2019": 76, "2020": 16, "2014": 1, "2015": 4}, "old_citations": {"2016": 144, "2013": 12, "2015": 128}, "isVisible": false}, "distributed systems": {"name": "distributed systems", "type": "topic", "h_index": 859, "h5_index": 209, "num_publications": 14, "num_citations": 281, "num_publications_5y": 9, "num_citations_5y": 208, "num_publications_10y": 14, "num_citations_10y": 208, "publications_years": {"2016": 5, "2013": 5, "2015": 4}, "citations_years": {"2016": 57, "2017": 66, "2018": 59, "2019": 62, "2020": 11, "2014": 12, "2015": 14}, "old_citations": {"2016": 119, "2013": 84, "2015": 78}, "isVisible": false}, "parallel processing systems": {"name": "parallel processing systems", "type": "topic", "h_index": 845, "h5_index": 208, "num_publications": 14, "num_citations": 281, "num_publications_5y": 9, "num_citations_5y": 208, "num_publications_10y": 14, "num_citations_10y": 208, "publications_years": {"2016": 5, "2013": 5, "2015": 4}, "citations_years": {"2016": 57, "2017": 66, "2018": 59, "2019": 62, "2020": 11, "2014": 12, "2015": 14}, "old_citations": {"2016": 119, "2013": 84, "2015": 78}, "isVisible": false}, "virtual machines": {"name": "virtual machines", "type": "topic", "h_index": 360, "h5_index": 109, "num_publications": 10, "num_citations": 239, "num_publications_5y": 9, "num_citations_5y": 156, "num_publications_10y": 10, "num_citations_10y": 156, "publications_years": {"2016": 6, "2013": 1, "2015": 3}, "citations_years": {"2016": 26, "2017": 70, "2018": 56, "2019": 70, "2020": 13, "2014": 1, "2015": 3}, "old_citations": {"2016": 142, "2013": 12, "2015": 85}, "isVisible": false}, "communication": {"name": "communication", "type": "topic", "h_index": 886, "h5_index": 209, "num_publications": 8, "num_citations": 216, "num_publications_5y": 6, "num_citations_5y": 146, "num_publications_10y": 8, "num_citations_10y": 146, "publications_years": {"2016": 4, "2013": 2, "2015": 2}, "citations_years": {"2016": 29, "2017": 60, "2018": 50, "2019": 59, "2020": 11, "2015": 6, "2014": 1}, "old_citations": {"2016": 139, "2013": 28, "2015": 49}, "isVisible": false}, "software": {"name": "software", "type": "topic", "h_index": 902, "h5_index": 167, "num_publications": 13, "num_citations": 253, "num_publications_5y": 11, "num_citations_5y": 162, "num_publications_10y": 13, "num_citations_10y": 162, "publications_years": {"2016": 5, "2013": 2, "2015": 6}, "citations_years": {"2017": 57, "2018": 55, "2019": 75, "2016": 41, "2020": 16, "2014": 4, "2015": 5}, "old_citations": {"2016": 133, "2013": 30, "2015": 90}, "isVisible": false}}, "authors": {"223441212": {"name": "costin raiciu", "type": "author", "activity": 17, "h_index": 23, "h5_index": 7, "mag_id": "223441212", "num_publications": 5, "num_citations": 47, "num_publications_5y": 3, "num_citations_5y": 38, "num_publications_10y": 5, "num_citations_10y": 38, "publications_years": {"2016": 1, "2013": 2, "2015": 2}, "citations_years": {"2017": 12, "2018": 3, "2019": 9, "2014": 3, "2015": 6, "2016": 14}, "old_citations": {"2016": 8, "2013": 30, "2015": 9}, "isVisible": true}, "2090259494": {"name": "christoph paasch", "type": "author", "activity": 20, "h_index": 10, "h5_index": 2, "mag_id": "2090259494", "num_publications": 3, "num_citations": 65, "num_publications_5y": 0, "num_citations_5y": 56, "num_publications_10y": 3, "num_citations_10y": 56, "publications_years": {"2013": 3}, "citations_years": {"2014": 5, "2015": 13, "2016": 22, "2017": 11, "2018": 5, "2019": 7, "2020": 2}, "old_citations": {"2013": 65}, "isVisible": false}, "2169722657": {"name": "felipe huici", "type": "author", "activity": 16, "h_index": 17, "h5_index": 6, "mag_id": "2169722657", "num_publications": 3, "num_citations": 34, "num_publications_5y": 2, "num_citations_5y": 30, "num_publications_10y": 3, "num_citations_10y": 30, "publications_years": {"2013": 1, "2016": 1, "2015": 1}, "citations_years": {"2014": 1, "2015": 3, "2016": 9, "2017": 15, "2018": 2, "2019": 3, "2020": 1}, "old_citations": {"2013": 12, "2016": 14, "2015": 8}, "isVisible": false}, "283887120": {"name": "laurent mathy", "type": "author", "activity": 26, "h_index": 23, "h5_index": 3, "mag_id": "283887120", "num_publications": 2, "num_citations": 30, "num_publications_5y": 1, "num_citations_5y": 20, "num_publications_10y": 2, "num_citations_10y": 20, "publications_years": {"2013": 1, "2016": 1}, "citations_years": {"2014": 1, "2015": 2, "2016": 4, "2017": 7, "2018": 6, "2019": 7, "2020": 3}, "old_citations": {"2013": 14, "2016": 16}, "isVisible": false}, "335328349": {"name": "simon kuenzer", "type": "author", "activity": 7, "h_index": 5, "h5_index": 4, "mag_id": "335328349", "num_publications": 2, "num_citations": 26, "num_publications_5y": 1, "num_citations_5y": 22, "num_publications_10y": 2, "num_citations_10y": 22, "publications_years": {"2013": 1, "2016": 1}, "citations_years": {"2014": 1, "2015": 3, "2016": 5, "2017": 11, "2018": 2, "2019": 3, "2020": 1}, "old_citations": {"2013": 12, "2016": 14}, "isVisible": false}, "372738348": {"name": "olivier bonaventure", "type": "author", "activity": 29, "h_index": 36, "h5_index": 8, "mag_id": "372738348", "num_publications": 2, "num_citations": 51, "num_publications_5y": 0, "num_citations_5y": 44, "num_publications_10y": 2, "num_citations_10y": 44, "publications_years": {"2013": 2}, "citations_years": {"2014": 5, "2015": 10, "2016": 17, "2017": 8, "2018": 4, "2019": 5, "2020": 2}, "old_citations": {"2013": 51}, "isVisible": false}, "2064860162": {"name": "vladimir olteanu", "type": "author", "activity": 9, "h_index": 6, "h5_index": 3, "mag_id": "2064860162", "num_publications": 2, "num_citations": 16, "num_publications_5y": 2, "num_citations_5y": 14, "num_publications_10y": 2, "num_citations_10y": 14, "publications_years": {"2016": 1, "2015": 1}, "citations_years": {"2017": 8, "2018": 2, "2019": 2, "2016": 4}, "old_citations": {"2016": 8, "2015": 8}, "isVisible": false}, "2078547862": {"name": "gregory detal", "type": "author", "activity": 9, "h_index": 8, "h5_index": 1, "mag_id": "2078547862", "num_publications": 2, "num_citations": 51, "num_publications_5y": 0, "num_citations_5y": 44, "num_publications_10y": 2, "num_citations_10y": 44, "publications_years": {"2013": 2}, "citations_years": {"2014": 5, "2015": 10, "2016": 17, "2017": 8, "2018": 4, "2019": 5, "2020": 2}, "old_citations": {"2013": 51}, "isVisible": false}, "2230270435": {"name": "aaron gemberjacobson", "type": "author", "activity": 6, "h_index": 9, "h5_index": 4, "mag_id": "2230270435", "num_publications": 2, "num_citations": 30, "num_publications_5y": 2, "num_citations_5y": 26, "num_publications_10y": 2, "num_citations_10y": 26, "publications_years": {"2016": 1, "2015": 1}, "citations_years": {"2017": 4, "2018": 11, "2019": 4, "2016": 11}, "old_citations": {"2016": 5, "2015": 25}, "isVisible": false}, "2230613528": {"name": "theophilus benson", "type": "author", "activity": 12, "h_index": 21, "h5_index": 9, "mag_id": "2230613528", "num_publications": 2, "num_citations": 8, "num_publications_5y": 2, "num_citations_5y": 5, "num_publications_10y": 2, "num_citations_10y": 5, "publications_years": {"2015": 2}, "citations_years": {"2019": 2, "2016": 1, "2017": 4, "2018": 0, "2020": 1}, "old_citations": {"2015": 8}, "isVisible": false}, "2286288562": {"name": "aditya akella", "type": "author", "activity": 19, "h_index": 47, "h5_index": 12, "mag_id": "2286288562", "num_publications": 2, "num_citations": 30, "num_publications_5y": 2, "num_citations_5y": 26, "num_publications_10y": 2, "num_citations_10y": 26, "publications_years": {"2016": 1, "2015": 1}, "citations_years": {"2017": 4, "2018": 11, "2019": 4, "2016": 11}, "old_citations": {"2016": 5, "2015": 25}, "isVisible": false}, "25066944": {"name": "stefano salsano", "type": "author", "activity": 26, "h_index": 24, "h5_index": 7, "mag_id": "25066944", "num_publications": 1, "num_citations": 14, "num_publications_5y": 1, "num_citations_5y": 10, "num_publications_10y": 1, "num_citations_10y": 10, "publications_years": {"2016": 1}, "citations_years": {"2016": 2, "2017": 7, "2018": 1, "2019": 3, "2020": 1}, "old_citations": {"2016": 14}, "isVisible": false}, "47502860": {"name": "marcelo bagnulo", "type": "author", "activity": 23, "h_index": 17, "h5_index": 4, "mag_id": "47502860", "num_publications": 1, "num_citations": 14, "num_publications_5y": 0, "num_citations_5y": 12, "num_publications_10y": 1, "num_citations_10y": 12, "publications_years": {"2013": 1}, "citations_years": {"2015": 3, "2016": 5, "2017": 3, "2018": 1, "2019": 2}, "old_citations": {"2013": 14}, "isVisible": false}, "221486981": {"name": "emiliano de cristofaro", "type": "author", "activity": 15, "h_index": 28, "h5_index": 19, "mag_id": "221486981", "num_publications": 1, "num_citations": 16, "num_publications_5y": 1, "num_citations_5y": 10, "num_publications_10y": 1, "num_citations_10y": 10, "publications_years": {"2016": 1}, "citations_years": {"2017": 6, "2018": 4, "2019": 4, "2020": 2}, "old_citations": {"2016": 16}, "isVisible": false}, "221962823": {"name": "benjamin hesmans", "type": "author", "activity": 7, "h_index": 8, "h5_index": 3, "mag_id": "221962823", "num_publications": 1, "num_citations": 33, "num_publications_5y": 0, "num_citations_5y": 27, "num_publications_10y": 1, "num_citations_10y": 27, "publications_years": {"2013": 1}, "citations_years": {"2014": 4, "2015": 7, "2016": 7, "2017": 6, "2018": 3, "2019": 5, "2020": 1}, "old_citations": {"2013": 33}, "isVisible": false}, "231947972": {"name": "anat bremlerbarr", "type": "author", "activity": 23, "h_index": 19, "h5_index": 6, "mag_id": "231947972", "num_publications": 1, "num_citations": 17, "num_publications_5y": 1, "num_citations_5y": 15, "num_publications_10y": 1, "num_citations_10y": 15, "publications_years": {"2015": 1}, "citations_years": {"2016": 7, "2017": 5, "2018": 3, "2019": 2}, "old_citations": {"2015": 17}, "isVisible": false}, "236287991": {"name": "yotam harchol", "type": "author", "activity": 9, "h_index": 7, "h5_index": 4, "mag_id": "236287991", "num_publications": 1, "num_citations": 17, "num_publications_5y": 1, "num_citations_5y": 15, "num_publications_10y": 1, "num_citations_10y": 15, "publications_years": {"2015": 1}, "citations_years": {"2016": 7, "2017": 5, "2018": 3, "2019": 2}, "old_citations": {"2015": 17}, "isVisible": false}, "252313521": {"name": "erich m nahum", "type": "author", "activity": 26, "h_index": 27, "h5_index": 4, "mag_id": "252313521", "num_publications": 1, "num_citations": 12, "num_publications_5y": 1, "num_citations_5y": 10, "num_publications_10y": 1, "num_citations_10y": 10, "publications_years": {"2015": 1}, "citations_years": {"2015": 1, "2016": 5, "2017": 2, "2018": 2, "2019": 2}, "old_citations": {"2015": 12}, "isVisible": false}, "262783724": {"name": "florian wohlfart", "type": "author", "activity": 6, "h_index": 11, "h5_index": 3, "mag_id": "262783724", "num_publications": 1, "num_citations": 16, "num_publications_5y": 0, "num_citations_5y": 14, "num_publications_10y": 1, "num_citations_10y": 14, "publications_years": {"2013": 1}, "citations_years": {"2014": 2, "2015": 2, "2016": 3, "2017": 4, "2018": 3, "2019": 2}, "old_citations": {"2013": 16}, "isVisible": false}, "337970636": {"name": "abhishek dwaraki", "type": "author", "activity": 11, "h_index": 5, "h5_index": 1, "mag_id": "337970636", "num_publications": 1, "num_citations": 29, "num_publications_5y": 1, "num_citations_5y": 19, "num_publications_10y": 1, "num_citations_10y": 19, "publications_years": {"2016": 1}, "citations_years": {"2017": 9, "2018": 10, "2019": 10}, "old_citations": {"2016": 29}, "isVisible": false}, "687754284": {"name": "rafael laufer", "type": "author", "activity": 14, "h_index": 16, "h5_index": 5, "mag_id": "687754284", "num_publications": 1, "num_citations": 18, "num_publications_5y": 1, "num_citations_5y": 13, "num_publications_10y": 1, "num_citations_10y": 13, "publications_years": {"2016": 1}, "citations_years": {"2016": 2, "2017": 3, "2018": 8, "2019": 4, "2020": 1}, "old_citations": {"2016": 18}, "isVisible": false}, "716133098": {"name": "vern paxson", "type": "author", "activity": 27, "h_index": 79, "h5_index": 14, "mag_id": "716133098", "num_publications": 1, "num_citations": 10, "num_publications_5y": 1, "num_citations_5y": 7, "num_publications_10y": 1, "num_citations_10y": 7, "publications_years": {"2015": 1}, "citations_years": {"2016": 2, "2017": 5, "2018": 0, "2019": 3}, "old_citations": {"2015": 10}, "isVisible": false}, "896382207": {"name": "anandatirtha nandugudi", "type": "author", "activity": 4, "h_index": 5, "h5_index": 2, "mag_id": "896382207", "num_publications": 1, "num_citations": 18, "num_publications_5y": 1, "num_citations_5y": 13, "num_publications_10y": 1, "num_citations_10y": 13, "publications_years": {"2016": 1}, "citations_years": {"2016": 2, "2017": 3, "2018": 8, "2019": 4, "2020": 1}, "old_citations": {"2016": 18}, "isVisible": false}, "1520953178": {"name": "markulf kohlweiss", "type": "author", "activity": 17, "h_index": 28, "h5_index": 7, "mag_id": "1520953178", "num_publications": 1, "num_citations": 4, "num_publications_5y": 1, "num_citations_5y": 3, "num_publications_10y": 1, "num_citations_10y": 3, "publications_years": {"2016": 1}, "citations_years": {"2016": 1, "2017": 1, "2018": 1, "2019": 0, "2020": 1}, "old_citations": {"2016": 4}, "isVisible": false}, "1901219069": {"name": "lorina negreanu", "type": "author", "activity": 10, "h_index": 5, "h5_index": 3, "mag_id": "1901219069", "num_publications": 1, "num_citations": 16, "num_publications_5y": 0, "num_citations_5y": 12, "num_publications_10y": 1, "num_citations_10y": 12, "publications_years": {"2013": 1}, "citations_years": {"2014": 3, "2015": 3, "2016": 5, "2017": 1, "2018": 0, "2019": 4}, "old_citations": {"2013": 16}, "isVisible": false}, "1975301898": {"name": "narseo vallinarodriguez", "type": "author", "activity": 12, "h_index": 17, "h5_index": 11, "mag_id": "1975301898", "num_publications": 1, "num_citations": 10, "num_publications_5y": 1, "num_citations_5y": 7, "num_publications_10y": 1, "num_citations_10y": 7, "publications_years": {"2015": 1}, "citations_years": {"2016": 2, "2017": 5, "2018": 0, "2019": 3}, "old_citations": {"2015": 10}, "isVisible": false}, "1976017946": {"name": "nik sultana", "type": "author", "activity": 5, "h_index": 4, "h5_index": 3, "mag_id": "1976017946", "num_publications": 1, "num_citations": 4, "num_publications_5y": 1, "num_citations_5y": 3, "num_publications_10y": 1, "num_citations_10y": 3, "publications_years": {"2016": 1}, "citations_years": {"2016": 1, "2017": 1, "2018": 1, "2019": 0, "2020": 1}, "old_citations": {"2016": 4}, "isVisible": false}, "1978504893": {"name": "srikanth sundaresan", "type": "author", "activity": 11, "h_index": 18, "h5_index": 8, "mag_id": "1978504893", "num_publications": 1, "num_citations": 10, "num_publications_5y": 1, "num_citations_5y": 7, "num_publications_10y": 1, "num_citations_10y": 7, "publications_years": {"2015": 1}, "citations_years": {"2016": 2, "2017": 5, "2018": 0, "2019": 3}, "old_citations": {"2015": 10}, "isVisible": false}, "1994385719": {"name": "cyril soldani", "type": "author", "activity": 14, "h_index": 4, "h5_index": 3, "mag_id": "1994385719", "num_publications": 1, "num_citations": 16, "num_publications_5y": 1, "num_citations_5y": 10, "num_publications_10y": 1, "num_citations_10y": 10, "publications_years": {"2016": 1}, "citations_years": {"2017": 6, "2018": 4, "2019": 4, "2020": 2}, "old_citations": {"2016": 16}, "isVisible": false}, "2004245999": {"name": "mohamed ali kaafar", "type": "author", "activity": 19, "h_index": 26, "h5_index": 11, "mag_id": "2004245999", "num_publications": 1, "num_citations": 16, "num_publications_5y": 1, "num_citations_5y": 10, "num_publications_10y": 1, "num_citations_10y": 10, "publications_years": {"2016": 1}, "citations_years": {"2017": 6, "2018": 4, "2019": 4, "2020": 2}, "old_citations": {"2016": 16}, "isVisible": false}, "2016432970": {"name": "jitendra padhye", "type": "author", "activity": 25, "h_index": 46, "h5_index": 7, "mag_id": "2016432970", "num_publications": 1, "num_citations": 3, "num_publications_5y": 1, "num_citations_5y": 3, "num_publications_10y": 1, "num_citations_10y": 3, "publications_years": {"2016": 1}, "citations_years": {"2017": 1, "2018": 2}, "old_citations": {"2016": 3}, "isVisible": false}, "2031739455": {"name": "hassan jameel asghar", "type": "author", "activity": 12, "h_index": 9, "h5_index": 4, "mag_id": "2031739455", "num_publications": 1, "num_citations": 16, "num_publications_5y": 1, "num_citations_5y": 10, "num_publications_10y": 1, "num_citations_10y": 10, "publications_years": {"2016": 1}, "citations_years": {"2017": 6, "2018": 4, "2019": 4, "2020": 2}, "old_citations": {"2016": 16}, "isVisible": false}, "2038268358": {"name": "nicola blefari melazzi", "type": "author", "activity": 14, "h_index": 6, "h5_index": 3, "mag_id": "2038268358", "num_publications": 1, "num_citations": 14, "num_publications_5y": 1, "num_citations_5y": 10, "num_publications_10y": 1, "num_citations_10y": 10, "publications_years": {"2016": 1}, "citations_years": {"2016": 2, "2017": 7, "2018": 1, "2019": 3, "2020": 1}, "old_citations": {"2016": 14}, "isVisible": false}, "2039303972": {"name": "mehdi bezahaf", "type": "author", "activity": 8, "h_index": 1, "h5_index": 0, "mag_id": "2039303972", "num_publications": 1, "num_citations": 14, "num_publications_5y": 0, "num_citations_5y": 10, "num_publications_10y": 1, "num_citations_10y": 10, "publications_years": {"2013": 1}, "citations_years": {"2014": 1, "2015": 2, "2016": 4, "2017": 1, "2018": 2, "2019": 3, "2020": 1}, "old_citations": {"2013": 14}, "isVisible": false}, "2040462121": {"name": "george varghese", "type": "author", "activity": 28, "h_index": 69, "h5_index": 4, "mag_id": "2040462121", "num_publications": 1, "num_citations": 3, "num_publications_5y": 1, "num_citations_5y": 3, "num_publications_10y": 1, "num_citations_10y": 3, "publications_years": {"2016": 1}, "citations_years": {"2017": 1, "2018": 2}, "old_citations": {"2016": 3}, "isVisible": false}, "2043843826": {"name": "seyed kaveh fayazbakhsh", "type": "author", "activity": 2, "h_index": 4, "h5_index": 0, "mag_id": "2043843826", "num_publications": 1, "num_citations": 26, "num_publications_5y": 0, "num_citations_5y": 20, "num_publications_10y": 1, "num_citations_10y": 20, "publications_years": {"2013": 1}, "citations_years": {"2014": 5, "2015": 4, "2016": 5, "2017": 2, "2018": 4, "2019": 6}, "old_citations": {"2013": 26}, "isVisible": false}, "2060344939": {"name": "giuseppe siracusano", "type": "author", "activity": 6, "h_index": 8, "h5_index": 5, "mag_id": "2060344939", "num_publications": 1, "num_citations": 14, "num_publications_5y": 1, "num_citations_5y": 10, "num_publications_10y": 1, "num_citations_10y": 10, "publications_years": {"2016": 1}, "citations_years": {"2016": 2, "2017": 7, "2018": 1, "2019": 3, "2020": 1}, "old_citations": {"2016": 14}, "isVisible": false}, "2067526950": {"name": "maroun touma", "type": "author", "activity": 22, "h_index": 8, "h5_index": 2, "mag_id": "2067526950", "num_publications": 1, "num_citations": 12, "num_publications_5y": 1, "num_citations_5y": 10, "num_publications_10y": 1, "num_citations_10y": 10, "publications_years": {"2015": 1}, "citations_years": {"2015": 1, "2016": 5, "2017": 2, "2018": 2, "2019": 2}, "old_citations": {"2015": 12}, "isVisible": false}, "2071987325": {"name": "andrey gushchin", "type": "author", "activity": 4, "h_index": 5, "h5_index": 3, "mag_id": "2071987325", "num_publications": 1, "num_citations": 20, "num_publications_5y": 1, "num_citations_5y": 15, "num_publications_10y": 1, "num_citations_10y": 15, "publications_years": {"2015": 1}, "citations_years": {"2016": 5, "2017": 6, "2018": 4, "2019": 5}, "old_citations": {"2015": 20}, "isVisible": false}, "2098421587": {"name": "zilong ye", "type": "author", "activity": 7, "h_index": 9, "h5_index": 6, "mag_id": "2098421587", "num_publications": 1, "num_citations": 41, "num_publications_5y": 1, "num_citations_5y": 21, "num_publications_10y": 1, "num_citations_10y": 21, "publications_years": {"2015": 1}, "citations_years": {"2016": 3, "2017": 11, "2018": 7, "2019": 16, "2020": 4}, "old_citations": {"2015": 41}, "isVisible": false}, "2103562123": {"name": "franck le", "type": "author", "activity": 20, "h_index": 13, "h5_index": 8, "mag_id": "2103562123", "num_publications": 1, "num_citations": 12, "num_publications_5y": 1, "num_citations_5y": 10, "num_publications_10y": 1, "num_citations_10y": 10, "publications_years": {"2015": 1}, "citations_years": {"2015": 1, "2016": 5, "2017": 2, "2018": 2, "2019": 2}, "old_citations": {"2015": 12}, "isVisible": false}, "2103862135": {"name": "anwar walid", "type": "author", "activity": 15, "h_index": 11, "h5_index": 7, "mag_id": "2103862135", "num_publications": 1, "num_citations": 20, "num_publications_5y": 1, "num_citations_5y": 15, "num_publications_10y": 1, "num_citations_10y": 15, "publications_years": {"2015": 1}, "citations_years": {"2016": 5, "2017": 6, "2018": 4, "2019": 5}, "old_citations": {"2015": 20}, "isVisible": false}, "2106574098": {"name": "diego perino", "type": "author", "activity": 13, "h_index": 18, "h5_index": 6, "mag_id": "2106574098", "num_publications": 1, "num_citations": 18, "num_publications_5y": 1, "num_citations_5y": 13, "num_publications_10y": 1, "num_citations_10y": 13, "publications_years": {"2016": 1}, "citations_years": {"2016": 2, "2017": 3, "2018": 8, "2019": 4, "2020": 1}, "old_citations": {"2016": 18}, "isVisible": false}, "2112500926": {"name": "h k park", "type": "author", "activity": 6, "h_index": 6, "h5_index": 0, "mag_id": "2112500926", "num_publications": 1, "num_citations": 2, "num_publications_5y": 1, "num_citations_5y": 2, "num_publications_10y": 1, "num_citations_10y": 2, "publications_years": {"2015": 1}, "citations_years": {"2016": 1, "2017": 0, "2018": 1}, "old_citations": {"2015": 2}, "isVisible": false}, "2114156951": {"name": "eric keller", "type": "author", "activity": 20, "h_index": 23, "h5_index": 7, "mag_id": "2114156951", "num_publications": 1, "num_citations": 43, "num_publications_5y": 1, "num_citations_5y": 38, "num_publications_10y": 1, "num_citations_10y": 38, "publications_years": {"2015": 1}, "citations_years": {"2016": 11, "2017": 18, "2018": 9, "2019": 5}, "old_citations": {"2015": 43}, "isVisible": false}, "2114555486": {"name": "tilman wolf", "type": "author", "activity": 22, "h_index": 27, "h5_index": 3, "mag_id": "2114555486", "num_publications": 1, "num_citations": 29, "num_publications_5y": 1, "num_citations_5y": 19, "num_publications_10y": 1, "num_citations_10y": 19, "publications_years": {"2016": 1}, "citations_years": {"2017": 9, "2018": 10, "2019": 10}, "old_citations": {"2016": 29}, "isVisible": false}, "2114691006": {"name": "chunming qiao", "type": "author", "activity": 29, "h_index": 56, "h5_index": 7, "mag_id": "2114691006", "num_publications": 1, "num_citations": 41, "num_publications_5y": 1, "num_citations_5y": 21, "num_publications_10y": 1, "num_citations_10y": 21, "publications_years": {"2015": 1}, "citations_years": {"2016": 3, "2017": 11, "2018": 7, "2019": 16, "2020": 4}, "old_citations": {"2015": 41}, "isVisible": false}, "2121414538": {"name": "taesang choi", "type": "author", "activity": 20, "h_index": 8, "h5_index": 2, "mag_id": "2121414538", "num_publications": 1, "num_citations": 2, "num_publications_5y": 1, "num_citations_5y": 2, "num_publications_10y": 1, "num_citations_10y": 2, "publications_years": {"2015": 1}, "citations_years": {"2016": 1, "2017": 0, "2018": 1}, "old_citations": {"2015": 2}, "isVisible": false}, "2125905192": {"name": "christian kreibich", "type": "author", "activity": 18, "h_index": 27, "h5_index": 3, "mag_id": "2125905192", "num_publications": 1, "num_citations": 10, "num_publications_5y": 1, "num_citations_5y": 7, "num_publications_10y": 1, "num_citations_10y": 7, "publications_years": {"2015": 1}, "citations_years": {"2016": 2, "2017": 5, "2018": 0, "2019": 3}, "old_citations": {"2015": 10}, "isVisible": false}, "2127992992": {"name": "georg carle", "type": "author", "activity": 31, "h_index": 24, "h5_index": 11, "mag_id": "2127992992", "num_publications": 1, "num_citations": 16, "num_publications_5y": 0, "num_citations_5y": 14, "num_publications_10y": 1, "num_citations_10y": 14, "publications_years": {"2013": 1}, "citations_years": {"2014": 2, "2015": 2, "2016": 3, "2017": 4, "2018": 3, "2019": 2}, "old_citations": {"2013": 16}, "isVisible": false}, "2128661168": {"name": "richard han", "type": "author", "activity": 25, "h_index": 38, "h5_index": 5, "mag_id": "2128661168", "num_publications": 1, "num_citations": 43, "num_publications_5y": 1, "num_citations_5y": 38, "num_publications_10y": 1, "num_citations_10y": 38, "publications_years": {"2015": 1}, "citations_years": {"2016": 11, "2017": 18, "2018": 9, "2019": 5}, "old_citations": {"2015": 43}, "isVisible": false}, "2131314374": {"name": "david hay", "type": "author", "activity": 16, "h_index": 18, "h5_index": 5, "mag_id": "2131314374", "num_publications": 1, "num_citations": 17, "num_publications_5y": 1, "num_citations_5y": 15, "num_publications_10y": 1, "num_citations_10y": 15, "publications_years": {"2015": 1}, "citations_years": {"2016": 7, "2017": 5, "2018": 3, "2019": 2}, "old_citations": {"2015": 17}, "isVisible": false}, "2133259603": {"name": "k k ramakrishnan", "type": "author", "activity": 31, "h_index": 56, "h5_index": 11, "mag_id": "2133259603", "num_publications": 1, "num_citations": 80, "num_publications_5y": 1, "num_citations_5y": 43, "num_publications_10y": 1, "num_citations_10y": 43, "publications_years": {"2016": 1}, "citations_years": {"2016": 7, "2017": 14, "2018": 22, "2019": 31, "2020": 6}, "old_citations": {"2016": 80}, "isVisible": false}, "2137211123": {"name": "kui ren", "type": "author", "activity": 18, "h_index": 58, "h5_index": 24, "mag_id": "2137211123", "num_publications": 1, "num_citations": 41, "num_publications_5y": 1, "num_citations_5y": 21, "num_publications_10y": 1, "num_citations_10y": 21, "publications_years": {"2015": 1}, "citations_years": {"2016": 3, "2017": 11, "2018": 7, "2019": 16, "2020": 4}, "old_citations": {"2015": 41}, "isVisible": false}, "2138931428": {"name": "matei popovici", "type": "author", "activity": 10, "h_index": 6, "h5_index": 4, "mag_id": "2138931428", "num_publications": 1, "num_citations": 16, "num_publications_5y": 0, "num_citations_5y": 12, "num_publications_10y": 1, "num_citations_10y": 12, "publications_years": {"2013": 1}, "citations_years": {"2014": 3, "2015": 3, "2016": 5, "2017": 1, "2018": 0, "2019": 4}, "old_citations": {"2013": 16}, "isVisible": false}, "2142929050": {"name": "dinesh verma", "type": "author", "activity": 30, "h_index": 32, "h5_index": 6, "mag_id": "2142929050", "num_publications": 1, "num_citations": 12, "num_publications_5y": 1, "num_citations_5y": 10, "num_publications_10y": 1, "num_citations_10y": 10, "publications_years": {"2015": 1}, "citations_years": {"2015": 1, "2016": 5, "2017": 2, "2018": 2, "2019": 2}, "old_citations": {"2015": 12}, "isVisible": false}, "2151233986": {"name": "roberto bifulco", "type": "author", "activity": 11, "h_index": 13, "h5_index": 6, "mag_id": "2151233986", "num_publications": 1, "num_citations": 14, "num_publications_5y": 1, "num_citations_5y": 10, "num_publications_10y": 1, "num_citations_10y": 10, "publications_years": {"2016": 1}, "citations_years": {"2016": 2, "2017": 7, "2018": 1, "2019": 3, "2020": 1}, "old_citations": {"2016": 14}, "isVisible": false}, "2152864523": {"name": "andreas muller", "type": "author", "activity": 6, "h_index": 7, "h5_index": 0, "mag_id": "2152864523", "num_publications": 1, "num_citations": 16, "num_publications_5y": 0, "num_citations_5y": 14, "num_publications_10y": 1, "num_citations_10y": 14, "publications_years": {"2013": 1}, "citations_years": {"2014": 2, "2015": 2, "2016": 3, "2017": 4, "2018": 3, "2019": 2}, "old_citations": {"2013": 16}, "isVisible": false}, "2159577711": {"name": "mohamed h ahmed", "type": "author", "activity": 23, "h_index": 26, "h5_index": 12, "mag_id": "2159577711", "num_publications": 1, "num_citations": 12, "num_publications_5y": 0, "num_citations_5y": 12, "num_publications_10y": 1, "num_citations_10y": 12, "publications_years": {"2013": 1}, "citations_years": {"2014": 1, "2015": 3, "2016": 3, "2017": 4, "2018": 1}, "old_citations": {"2013": 12}, "isVisible": false}, "2184792984": {"name": "baekyoung choi", "type": "author", "activity": 21, "h_index": 17, "h5_index": 6, "mag_id": "2184792984", "num_publications": 1, "num_citations": 2, "num_publications_5y": 1, "num_citations_5y": 2, "num_publications_10y": 1, "num_citations_10y": 2, "publications_years": {"2015": 1}, "citations_years": {"2016": 1, "2017": 0, "2018": 1}, "old_citations": {"2015": 2}, "isVisible": false}, "2193562398": {"name": "vijay k gurbani", "type": "author", "activity": 25, "h_index": 15, "h5_index": 2, "mag_id": "2193562398", "num_publications": 1, "num_citations": 6, "num_publications_5y": 1, "num_citations_5y": 4, "num_publications_10y": 1, "num_citations_10y": 4, "publications_years": {"2015": 1}, "citations_years": {"2015": 1, "2016": 0, "2017": 2, "2018": 1, "2019": 1, "2020": 1}, "old_citations": {"2015": 6}, "isVisible": false}, "2198148421": {"name": "danny raz", "type": "author", "activity": 31, "h_index": 29, "h5_index": 7, "mag_id": "2198148421", "num_publications": 1, "num_citations": 0, "num_publications_5y": 1, "num_citations_5y": 0, "num_publications_10y": 1, "num_citations_10y": 0, "publications_years": {"2016": 1}, "citations_years": {}, "old_citations": {"2016": 0}, "isVisible": false}, "2205614089": {"name": "luca melis", "type": "author", "activity": 5, "h_index": 11, "h5_index": 10, "mag_id": "2205614089", "num_publications": 1, "num_citations": 16, "num_publications_5y": 1, "num_citations_5y": 10, "num_publications_10y": 1, "num_citations_10y": 10, "publications_years": {"2016": 1}, "citations_years": {"2017": 6, "2018": 4, "2019": 4, "2020": 2}, "old_citations": {"2016": 16}, "isVisible": false}, "2206980126": {"name": "massimo gallo", "type": "author", "activity": 11, "h_index": 16, "h5_index": 7, "mag_id": "2206980126", "num_publications": 1, "num_citations": 18, "num_publications_5y": 1, "num_citations_5y": 13, "num_publications_10y": 1, "num_citations_10y": 13, "publications_years": {"2016": 1}, "citations_years": {"2016": 2, "2017": 3, "2018": 8, "2019": 4, "2020": 1}, "old_citations": {"2016": 18}, "isVisible": false}, "2222150821": {"name": "catalin nicutar", "type": "author", "activity": 1, "h_index": 1, "h5_index": 0, "mag_id": "2222150821", "num_publications": 1, "num_citations": 14, "num_publications_5y": 0, "num_citations_5y": 12, "num_publications_10y": 1, "num_citations_10y": 12, "publications_years": {"2013": 1}, "citations_years": {"2015": 3, "2016": 5, "2017": 3, "2018": 1, "2019": 2}, "old_citations": {"2013": 14}, "isVisible": false}, "2222797341": {"name": "daniel firestone", "type": "author", "activity": 7, "h_index": 8, "h5_index": 5, "mag_id": "2222797341", "num_publications": 1, "num_citations": 3, "num_publications_5y": 1, "num_citations_5y": 3, "num_publications_10y": 1, "num_citations_10y": 3, "publications_years": {"2016": 1}, "citations_years": {"2017": 1, "2018": 2}, "old_citations": {"2016": 3}, "isVisible": false}, "2223819573": {"name": "murad kablan", "type": "author", "activity": 3, "h_index": 3, "h5_index": 1, "mag_id": "2223819573", "num_publications": 1, "num_citations": 43, "num_publications_5y": 1, "num_citations_5y": 38, "num_publications_10y": 1, "num_citations_10y": 38, "publications_years": {"2015": 1}, "citations_years": {"2016": 11, "2017": 18, "2018": 9, "2019": 5}, "old_citations": {"2015": 43}, "isVisible": false}, "2224879897": {"name": "blake caldwell", "type": "author", "activity": 5, "h_index": 2, "h5_index": 1, "mag_id": "2224879897", "num_publications": 1, "num_citations": 43, "num_publications_5y": 1, "num_citations_5y": 38, "num_publications_10y": 1, "num_citations_10y": 38, "publications_years": {"2015": 1}, "citations_years": {"2016": 11, "2017": 18, "2018": 9, "2019": 5}, "old_citations": {"2015": 43}, "isVisible": false}, "2226482751": {"name": "xiujiao gao", "type": "author", "activity": 7, "h_index": 6, "h5_index": 1, "mag_id": "2226482751", "num_publications": 1, "num_citations": 41, "num_publications_5y": 1, "num_citations_5y": 21, "num_publications_10y": 1, "num_citations_10y": 21, "publications_years": {"2015": 1}, "citations_years": {"2016": 3, "2017": 11, "2018": 7, "2019": 16, "2020": 4}, "old_citations": {"2015": 41}, "isVisible": false}, "2227045488": {"name": "thomas fossati", "type": "author", "activity": 1, "h_index": 1, "h5_index": 0, "mag_id": "2227045488", "num_publications": 1, "num_citations": 6, "num_publications_5y": 1, "num_citations_5y": 4, "num_publications_10y": 1, "num_citations_10y": 4, "publications_years": {"2015": 1}, "citations_years": {"2015": 1, "2016": 0, "2017": 2, "2018": 1, "2019": 1, "2020": 1}, "old_citations": {"2015": 6}, "isVisible": false}, "2227133614": {"name": "junaid khalid", "type": "author", "activity": 9, "h_index": 9, "h5_index": 4, "mag_id": "2227133614", "num_publications": 1, "num_citations": 5, "num_publications_5y": 1, "num_citations_5y": 3, "num_publications_10y": 1, "num_citations_10y": 3, "publications_years": {"2016": 1}, "citations_years": {"2017": 1, "2018": 2, "2019": 2}, "old_citations": {"2016": 5}, "isVisible": false}, "2227544887": {"name": "jingyuan fan", "type": "author", "activity": 5, "h_index": 5, "h5_index": 3, "mag_id": "2227544887", "num_publications": 1, "num_citations": 41, "num_publications_5y": 1, "num_citations_5y": 21, "num_publications_10y": 1, "num_citations_10y": 21, "publications_years": {"2015": 1}, "citations_years": {"2016": 3, "2017": 11, "2018": 7, "2019": 16, "2020": 4}, "old_citations": {"2015": 41}, "isVisible": false}, "2227736104": {"name": "guyue liu", "type": "author", "activity": 7, "h_index": 8, "h5_index": 5, "mag_id": "2227736104", "num_publications": 1, "num_citations": 80, "num_publications_5y": 1, "num_citations_5y": 43, "num_publications_10y": 1, "num_citations_10y": 43, "publications_years": {"2016": 1}, "citations_years": {"2016": 7, "2017": 14, "2018": 22, "2019": 31, "2020": 6}, "old_citations": {"2016": 80}, "isVisible": false}, "2229602875": {"name": "vasilis pappas", "type": "author", "activity": 1, "h_index": 1, "h5_index": 0, "mag_id": "2229602875", "num_publications": 1, "num_citations": 12, "num_publications_5y": 1, "num_citations_5y": 10, "num_publications_10y": 1, "num_citations_10y": 10, "publications_years": {"2015": 1}, "citations_years": {"2015": 1, "2016": 5, "2017": 2, "2018": 2, "2019": 2}, "old_citations": {"2015": 12}, "isVisible": false}, "2229796955": {"name": "babu kothandaraman", "type": "author", "activity": 1, "h_index": 1, "h5_index": 0, "mag_id": "2229796955", "num_publications": 1, "num_citations": 21, "num_publications_5y": 1, "num_citations_5y": 16, "num_publications_10y": 1, "num_citations_10y": 16, "publications_years": {"2015": 1}, "citations_years": {"2016": 10, "2017": 2, "2018": 4, "2019": 2, "2020": 3}, "old_citations": {"2015": 21}, "isVisible": false}, "2231410604": {"name": "daehee kim", "type": "author", "activity": 9, "h_index": 5, "h5_index": 2, "mag_id": "2231410604", "num_publications": 1, "num_citations": 2, "num_publications_5y": 1, "num_citations_5y": 2, "num_publications_10y": 1, "num_citations_10y": 2, "publications_years": {"2015": 1}, "citations_years": {"2016": 1, "2017": 0, "2018": 1}, "old_citations": {"2015": 2}, "isVisible": false}, "2235621593": {"name": "joao martins", "type": "author", "activity": 3, "h_index": 6, "h5_index": 0, "mag_id": "2235621593", "num_publications": 1, "num_citations": 12, "num_publications_5y": 0, "num_citations_5y": 12, "num_publications_10y": 1, "num_citations_10y": 12, "publications_years": {"2013": 1}, "citations_years": {"2014": 1, "2015": 3, "2016": 3, "2017": 4, "2018": 1}, "old_citations": {"2013": 12}, "isVisible": false}, "2239360628": {"name": "fabien duchene", "type": "author", "activity": 8, "h_index": 6, "h5_index": 3, "mag_id": "2239360628", "num_publications": 1, "num_citations": 33, "num_publications_5y": 0, "num_citations_5y": 27, "num_publications_10y": 1, "num_citations_10y": 27, "publications_years": {"2013": 1}, "citations_years": {"2014": 4, "2015": 7, "2016": 7, "2017": 6, "2018": 3, "2019": 5, "2020": 1}, "old_citations": {"2013": 33}, "isVisible": false}, "2246238692": {"name": "timothy wood", "type": "author", "activity": 17, "h_index": 32, "h5_index": 8, "mag_id": "2246238692", "num_publications": 1, "num_citations": 80, "num_publications_5y": 1, "num_citations_5y": 43, "num_publications_10y": 1, "num_citations_10y": 43, "publications_years": {"2016": 1}, "citations_years": {"2016": 7, "2017": 14, "2018": 22, "2019": 31, "2020": 6}, "old_citations": {"2016": 80}, "isVisible": false}, "2260712038": {"name": "michael k reiter", "type": "author", "activity": 29, "h_index": 69, "h5_index": 14, "mag_id": "2260712038", "num_publications": 1, "num_citations": 26, "num_publications_5y": 0, "num_citations_5y": 20, "num_publications_10y": 1, "num_citations_10y": 20, "publications_years": {"2013": 1}, "citations_years": {"2014": 5, "2015": 4, "2016": 5, "2017": 2, "2018": 4, "2019": 6}, "old_citations": {"2013": 26}, "isVisible": false}, "2293201185": {"name": "vyas sekar", "type": "author", "activity": 18, "h_index": 45, "h5_index": 15, "mag_id": "2293201185", "num_publications": 1, "num_citations": 26, "num_publications_5y": 0, "num_citations_5y": 20, "num_publications_10y": 1, "num_citations_10y": 20, "publications_years": {"2013": 1}, "citations_years": {"2014": 5, "2015": 4, "2016": 5, "2017": 2, "2018": 4, "2019": 6}, "old_citations": {"2013": 26}, "isVisible": false}, "2310357601": {"name": "hani jamjoom", "type": "author", "activity": 21, "h_index": 20, "h5_index": 6, "mag_id": "2310357601", "num_publications": 1, "num_citations": 43, "num_publications_5y": 1, "num_citations_5y": 38, "num_publications_10y": 1, "num_citations_10y": 38, "publications_years": {"2015": 1}, "citations_years": {"2016": 11, "2017": 18, "2018": 9, "2019": 5}, "old_citations": {"2015": 43}, "isVisible": false}, "2311739382": {"name": "sejun song", "type": "author", "activity": 11, "h_index": 7, "h5_index": 3, "mag_id": "2311739382", "num_publications": 1, "num_citations": 2, "num_publications_5y": 1, "num_citations_5y": 2, "num_publications_10y": 1, "num_citations_10y": 2, "publications_years": {"2015": 1}, "citations_years": {"2016": 1, "2017": 0, "2018": 1}, "old_citations": {"2015": 2}, "isVisible": false}, "2325703751": {"name": "abdul alim", "type": "author", "activity": 2, "h_index": 1, "h5_index": 0, "mag_id": "2325703751", "num_publications": 1, "num_citations": 14, "num_publications_5y": 0, "num_citations_5y": 10, "num_publications_10y": 1, "num_citations_10y": 10, "publications_years": {"2013": 1}, "citations_years": {"2014": 1, "2015": 2, "2016": 4, "2017": 1, "2018": 2, "2019": 3, "2020": 1}, "old_citations": {"2013": 14}, "isVisible": false}, "2407008874": {"name": "pontus skoldstrom", "type": "author", "activity": 10, "h_index": 10, "h5_index": 5, "mag_id": "2407008874", "num_publications": 1, "num_citations": 21, "num_publications_5y": 1, "num_citations_5y": 16, "num_publications_10y": 1, "num_citations_10y": 16, "publications_years": {"2015": 1}, "citations_years": {"2016": 10, "2017": 2, "2018": 4, "2019": 2, "2020": 3}, "old_citations": {"2015": 21}, "isVisible": false}, "2433271268": {"name": "zhenyu zhou", "type": "author", "activity": 5, "h_index": 2, "h5_index": 1, "mag_id": "2433271268", "num_publications": 1, "num_citations": 7, "num_publications_5y": 1, "num_citations_5y": 5, "num_publications_10y": 1, "num_citations_10y": 5, "publications_years": {"2015": 1}, "citations_years": {"2016": 1, "2017": 4, "2018": 0, "2019": 1, "2020": 1}, "old_citations": {"2015": 7}, "isVisible": false}, "2469209240": {"name": "vladimir kolesnikov", "type": "author", "activity": 18, "h_index": 23, "h5_index": 5, "mag_id": "2469209240", "num_publications": 1, "num_citations": 6, "num_publications_5y": 1, "num_citations_5y": 4, "num_publications_10y": 1, "num_citations_10y": 4, "publications_years": {"2015": 1}, "citations_years": {"2015": 1, "2016": 0, "2017": 2, "2018": 1, "2019": 1, "2020": 1}, "old_citations": {"2015": 6}, "isVisible": false}, "2483302919": {"name": "phillip lopreiato", "type": "author", "activity": 1, "h_index": 1, "h5_index": 1, "mag_id": "2483302919", "num_publications": 1, "num_citations": 80, "num_publications_5y": 1, "num_citations_5y": 43, "num_publications_10y": 1, "num_citations_10y": 43, "publications_years": {"2016": 1}, "citations_years": {"2016": 7, "2017": 14, "2018": 22, "2019": 31, "2020": 6}, "old_citations": {"2016": 80}, "isVisible": false}, "2484515061": {"name": "khoa to", "type": "author", "activity": 1, "h_index": 2, "h5_index": 2, "mag_id": "2484515061", "num_publications": 1, "num_citations": 3, "num_publications_5y": 1, "num_citations_5y": 3, "num_publications_10y": 1, "num_citations_10y": 3, "publications_years": {"2016": 1}, "citations_years": {"2017": 1, "2018": 2}, "old_citations": {"2016": 3}, "isVisible": false}, "2495768107": {"name": "neel shah", "type": "author", "activity": 3, "h_index": 2, "h5_index": 2, "mag_id": "2495768107", "num_publications": 1, "num_citations": 80, "num_publications_5y": 1, "num_citations_5y": 43, "num_publications_10y": 1, "num_citations_10y": 43, "publications_years": {"2016": 1}, "citations_years": {"2016": 7, "2017": 14, "2018": 22, "2019": 31, "2020": 6}, "old_citations": {"2016": 80}, "isVisible": false}, "2497795742": {"name": "mark coatsworth", "type": "author", "activity": 1, "h_index": 1, "h5_index": 1, "mag_id": "2497795742", "num_publications": 1, "num_citations": 5, "num_publications_5y": 1, "num_citations_5y": 3, "num_publications_10y": 1, "num_citations_10y": 3, "publications_years": {"2016": 1}, "citations_years": {"2017": 1, "2018": 2, "2019": 2}, "old_citations": {"2016": 5}, "isVisible": false}, "2499268101": {"name": "gregoire todeschi", "type": "author", "activity": 1, "h_index": 2, "h5_index": 2, "mag_id": "2499268101", "num_publications": 1, "num_citations": 80, "num_publications_5y": 1, "num_citations_5y": 43, "num_publications_10y": 1, "num_citations_10y": 43, "publications_years": {"2016": 1}, "citations_years": {"2016": 7, "2017": 14, "2018": 22, "2019": 31, "2020": 6}, "old_citations": {"2016": 80}, "isVisible": false}, "2506761743": {"name": "wenhui zhang", "type": "author", "activity": 1, "h_index": 2, "h5_index": 2, "mag_id": "2506761743", "num_publications": 1, "num_citations": 80, "num_publications_5y": 1, "num_citations_5y": 43, "num_publications_10y": 1, "num_citations_10y": 43, "publications_years": {"2016": 1}, "citations_years": {"2016": 7, "2017": 14, "2018": 22, "2019": 31, "2020": 6}, "old_citations": {"2016": 80}, "isVisible": false}, "2576671778": {"name": "andrew w moore", "type": "author", "activity": 25, "h_index": 25, "h5_index": 8, "mag_id": "2576671778", "num_publications": 1, "num_citations": 4, "num_publications_5y": 1, "num_citations_5y": 3, "num_publications_10y": 1, "num_citations_10y": 3, "publications_years": {"2016": 1}, "citations_years": {"2016": 1, "2017": 1, "2018": 1, "2019": 0, "2020": 1}, "old_citations": {"2016": 4}, "isVisible": false}, "2631065284": {"name": "chaowen guan", "type": "author", "activity": 6, "h_index": 9, "h5_index": 5, "mag_id": "2631065284", "num_publications": 1, "num_citations": 41, "num_publications_5y": 1, "num_citations_5y": 21, "num_publications_10y": 1, "num_citations_10y": 21, "publications_years": {"2015": 1}, "citations_years": {"2016": 3, "2017": 11, "2018": 7, "2019": 16, "2020": 4}, "old_citations": {"2015": 41}, "isVisible": false}, "2664585899": {"name": "wei zhang", "type": "author", "activity": 10, "h_index": 11, "h5_index": 6, "mag_id": "2664585899", "num_publications": 1, "num_citations": 80, "num_publications_5y": 1, "num_citations_5y": 43, "num_publications_10y": 1, "num_citations_10y": 43, "publications_years": {"2016": 1}, "citations_years": {"2016": 7, "2017": 14, "2018": 22, "2019": 31, "2020": 6}, "old_citations": {"2016": 80}, "isVisible": false}, "2670786753": {"name": "manxing du", "type": "author", "activity": 1, "h_index": 1, "h5_index": 0, "mag_id": "2670786753", "num_publications": 1, "num_citations": 21, "num_publications_5y": 1, "num_citations_5y": 16, "num_publications_10y": 1, "num_citations_10y": 16, "publications_years": {"2015": 1}, "citations_years": {"2016": 10, "2017": 2, "2018": 4, "2019": 2, "2020": 3}, "old_citations": {"2015": 21}, "isVisible": false}, "2677074191": {"name": "radu stoenescu", "type": "author", "activity": 7, "h_index": 4, "h5_index": 3, "mag_id": "2677074191", "num_publications": 1, "num_citations": 16, "num_publications_5y": 0, "num_citations_5y": 12, "num_publications_10y": 1, "num_citations_10y": 12, "publications_years": {"2013": 1}, "citations_years": {"2014": 3, "2015": 3, "2016": 5, "2017": 1, "2018": 0, "2019": 4}, "old_citations": {"2013": 16}, "isVisible": false}, "2914601517": {"name": "dongsu han", "type": "author", "activity": 1, "h_index": 0, "h5_index": 0, "mag_id": "2914601517", "num_publications": 1, "num_citations": 0, "num_publications_5y": 1, "num_citations_5y": 0, "num_publications_10y": 1, "num_citations_10y": 0, "publications_years": {"2016": 1}, "citations_years": {}, "old_citations": {"2016": 0}, "isVisible": false}, "2920997266": {"name": "ao tang", "type": "author", "activity": 13, "h_index": 18, "h5_index": 3, "mag_id": "2920997266", "num_publications": 1, "num_citations": 20, "num_publications_5y": 1, "num_citations_5y": 15, "num_publications_10y": 1, "num_citations_10y": 15, "publications_years": {"2015": 1}, "citations_years": {"2016": 5, "2017": 6, "2018": 4, "2019": 5}, "old_citations": {"2015": 20}, "isVisible": false}}, "countries": {"United States": {"name": "United States", "type": "country", "h5_index": 308, "num_publications": 15, "num_citations": 308, "num_publications_5y": 14, "num_citations_5y": 212, "num_publications_10y": 15, "num_citations_10y": 212, "publications_years": {"2015": 9, "2016": 5, "2013": 1}, "citations_years": {"2016": 52, "2017": 77, "2018": 73, "2019": 84, "2020": 12, "2015": 5, "2014": 5}, "old_citations": {"2015": 161, "2016": 121, "2013": 26}, "isVisible": false}, "Belgium": {"name": "Belgium", "type": "country", "h5_index": 72, "num_publications": 5, "num_citations": 95, "num_publications_5y": 1, "num_citations_5y": 76, "num_publications_10y": 5, "num_citations_10y": 76, "publications_years": {"2013": 4, "2016": 1}, "citations_years": {"2014": 6, "2015": 15, "2016": 26, "2017": 18, "2018": 11, "2019": 14, "2020": 5}, "old_citations": {"2013": 79, "2016": 16}, "isVisible": false}, "Romania": {"name": "Romania", "type": "country", "h5_index": 27, "num_publications": 5, "num_citations": 47, "num_publications_5y": 3, "num_citations_5y": 38, "num_publications_10y": 5, "num_citations_10y": 38, "publications_years": {"2016": 1, "2013": 2, "2015": 2}, "citations_years": {"2017": 12, "2018": 3, "2019": 9, "2014": 3, "2015": 6, "2016": 14}, "old_citations": {"2016": 8, "2013": 30, "2015": 9}, "isVisible": false}, "United Kingdom": {"name": "United Kingdom", "type": "country", "h5_index": 172, "num_publications": 3, "num_citations": 34, "num_publications_5y": 2, "num_citations_5y": 23, "num_publications_10y": 3, "num_citations_10y": 23, "publications_years": {"2016": 2, "2013": 1}, "citations_years": {"2016": 5, "2017": 8, "2018": 7, "2019": 7, "2020": 4, "2014": 1, "2015": 2}, "old_citations": {"2016": 20, "2013": 14}, "isVisible": false}, "Australia": {"name": "Australia", "type": "country", "h5_index": 141, "num_publications": 1, "num_citations": 16, "num_publications_5y": 1, "num_citations_5y": 10, "num_publications_10y": 1, "num_citations_10y": 10, "publications_years": {"2016": 1}, "citations_years": {"2017": 6, "2018": 4, "2019": 4, "2020": 2}, "old_citations": {"2016": 16}, "isVisible": false}, "France": {"name": "France", "type": "country", "h5_index": 99, "num_publications": 1, "num_citations": 6, "num_publications_5y": 1, "num_citations_5y": 4, "num_publications_10y": 1, "num_citations_10y": 4, "publications_years": {"2015": 1}, "citations_years": {"2015": 1, "2016": 0, "2017": 2, "2018": 1, "2019": 1, "2020": 1}, "old_citations": {"2015": 6}, "isVisible": false}, "Israel": {"name": "Israel", "type": "country", "h5_index": 110, "num_publications": 1, "num_citations": 17, "num_publications_5y": 1, "num_citations_5y": 15, "num_publications_10y": 1, "num_citations_10y": 15, "publications_years": {"2015": 1}, "citations_years": {"2016": 7, "2017": 5, "2018": 3, "2019": 2}, "old_citations": {"2015": 17}, "isVisible": false}, "Italy": {"name": "Italy", "type": "country", "h5_index": 94, "num_publications": 1, "num_citations": 14, "num_publications_5y": 1, "num_citations_5y": 10, "num_publications_10y": 1, "num_citations_10y": 10, "publications_years": {"2016": 1}, "citations_years": {"2016": 2, "2017": 7, "2018": 1, "2019": 3, "2020": 1}, "old_citations": {"2016": 14}, "isVisible": false}, "Spain": {"name": "Spain", "type": "country", "h5_index": 91, "num_publications": 1, "num_citations": 14, "num_publications_5y": 0, "num_citations_5y": 12, "num_publications_10y": 1, "num_citations_10y": 12, "publications_years": {"2013": 1}, "citations_years": {"2015": 3, "2016": 5, "2017": 3, "2018": 1, "2019": 2}, "old_citations": {"2013": 14}, "isVisible": false}, "Sweden": {"name": "Sweden", "type": "country", "h5_index": 82, "num_publications": 1, "num_citations": 21, "num_publications_5y": 1, "num_citations_5y": 16, "num_publications_10y": 1, "num_citations_10y": 16, "publications_years": {"2015": 1}, "citations_years": {"2016": 10, "2017": 2, "2018": 4, "2019": 2, "2020": 3}, "old_citations": {"2015": 21}, "isVisible": false}}, "industrial_sectors": {"computing_and_it": {"name": "computing_and_it", "type": "industrial sector", "h5_index": 221, "num_publications": 5, "num_citations": 68, "num_publications_5y": 5, "num_citations_5y": 58, "num_publications_10y": 5, "num_citations_10y": 58, "publications_years": {"2016": 2, "2015": 3}, "citations_years": {"2016": 17, "2017": 24, "2018": 15, "2019": 8, "2020": 2, "2015": 2}, "old_citations": {"2016": 7, "2015": 61}, "isVisible": false}, "technology": {"name": "technology", "type": "industrial sector", "h5_index": 229, "num_publications": 5, "num_citations": 68, "num_publications_5y": 5, "num_citations_5y": 58, "num_publications_10y": 5, "num_citations_10y": 58, "publications_years": {"2016": 2, "2015": 3}, "citations_years": {"2016": 17, "2017": 24, "2018": 15, "2019": 8, "2020": 2, "2015": 2}, "old_citations": {"2016": 7, "2015": 61}, "isVisible": false}, "electronics": {"name": "electronics", "type": "industrial sector", "h5_index": 134, "num_publications": 2, "num_citations": 7, "num_publications_5y": 2, "num_citations_5y": 6, "num_publications_10y": 2, "num_citations_10y": 6, "publications_years": {"2016": 2}, "citations_years": {"2016": 1, "2017": 2, "2018": 3, "2019": 0, "2020": 1}, "old_citations": {"2016": 7}, "isVisible": false}, "information_technology": {"name": "information_technology", "type": "industrial sector", "h5_index": 74, "num_publications": 2, "num_citations": 55, "num_publications_5y": 2, "num_citations_5y": 48, "num_publications_10y": 2, "num_citations_10y": 48, "publications_years": {"2015": 2}, "citations_years": {"2016": 16, "2017": 20, "2018": 11, "2019": 7, "2015": 1}, "old_citations": {"2015": 55}, "isVisible": false}, "telecommunications": {"name": "telecommunications", "type": "industrial sector", "h5_index": 89, "num_publications": 1, "num_citations": 6, "num_publications_5y": 1, "num_citations_5y": 4, "num_publications_10y": 1, "num_citations_10y": 4, "publications_years": {"2015": 1}, "citations_years": {"2015": 1, "2016": 0, "2017": 2, "2018": 1, "2019": 1, "2020": 1}, "old_citations": {"2015": 6}, "isVisible": false}}}, "conference_comparison": {"computer science": {}}, "topics_dna": {"publications": {}, "citations": {"normalized": {}, "average": {}}}, "info": {"num_publications": 31, "num_citations": 539.0, "impact_factor": {"2015": 3.375, "2016": 4.615384615384615}, "publications_years": {"2015": 13, "2016": 10, "2013": 8}, "citations_years": {"2014": 17, "2015": 29, "2016": 114, "2017": 131, "2018": 107, "2019": 118, "2020": 23}, "old_citations": {"2015": 213, "2016": 177, "2013": 149}, "h5_index": 6}, "percentile": {"computer science": {"2015": 98, "2016": 99, "2013": 96}}, "conference_ranking": {"computer science": {"2015": 84, "2016": 42, "2013": 145}}, "academia": {"num_publications": 18, "num_citations": 271, "publications_years": {"2013": 6, "2014": 0, "2015": 8, "2016": 4}, "old_citations": {"2013": 121, "2014": 0, "2015": 94, "2016": 56}, "num_publications_5y": 4, "num_citations_5y": 56, "num_publications_10y": 18, "num_citations_10y": 271}, "industry": {"num_publications": 3, "num_citations": 21, "publications_years": {"2015": 2, "2016": 1}, "old_citations": {"2015": 18, "2016": 3}, "num_publications_5y": 1, "num_citations_5y": 3, "num_publications_10y": 3, "num_citations_10y": 21}, "collaborative": {"num_publications": 2, "num_citations": 47, "publications_years": {"2015": 1, "2016": 1}, "old_citations": {"2015": 43, "2016": 4}, "num_publications_5y": 1, "num_citations_5y": 4, "num_publications_10y": 2, "num_citations_10y": 47}, "conferences": {}, "journals": {}, "organizations": {"publication_overall": ["Polytechnic University of Bucharest", "Universit\u00e9 Catholique de Louvain", "Duke University", "IBM (United States)", "Microsoft (United States)", "University of Li\u00e8ge", "University of Wisconsin\u2013Madison", "Alcatel-Lucent (France)", "Carlos III University of Madrid", "Commonwealth Scientific and Industrial Research Organisation", "Cornell University", "George Washington University", "Hebrew University of Jerusalem", "Interdisciplinary Center Herzliya", "Lancaster University", "Royal Institute of Technology", "Stony Brook University", "University College London", "University at Buffalo, State University of New York", "University of California, Berkeley", "University of California, Riverside", "University of Cambridge", "University of Colorado Boulder", "University of Massachusetts Amherst", "University of Missouri\u2013Kansas City", "University of North Carolina at Chapel Hill", "University of Rome Tor Vergata"], "citation_overall": ["George Washington University", "University of California, Riverside", "Universit\u00e9 Catholique de Louvain", "IBM (United States)", "Polytechnic University of Bucharest", "University of Colorado Boulder", "University at Buffalo, State University of New York", "University of Li\u00e8ge", "University of Wisconsin\u2013Madison", "University of Massachusetts Amherst", "Stony Brook University", "University of North Carolina at Chapel Hill", "Royal Institute of Technology", "Cornell University", "Hebrew University of Jerusalem", "Interdisciplinary Center Herzliya", "Commonwealth Scientific and Industrial Research Organisation", "University College London", "Carlos III University of Madrid", "Lancaster University", "University of Rome Tor Vergata", "University of California, Berkeley", "Duke University", "Microsoft (United States)", "Alcatel-Lucent (France)", "University of Cambridge", "University of Missouri\u2013Kansas City"], "publication_10_years": ["Polytechnic University of Bucharest", "Universit\u00e9 Catholique de Louvain", "Duke University", "IBM (United States)", "Microsoft (United States)", "University of Li\u00e8ge", "University of Wisconsin\u2013Madison", "Alcatel-Lucent (France)", "Carlos III University of Madrid", "Commonwealth Scientific and Industrial Research Organisation", "Cornell University", "George Washington University", "Hebrew University of Jerusalem", "Interdisciplinary Center Herzliya", "Lancaster University", "Royal Institute of Technology", "Stony Brook University", "University College London", "University at Buffalo, State University of New York", "University of California, Berkeley", "University of California, Riverside", "University of Cambridge", "University of Colorado Boulder", "University of Massachusetts Amherst", "University of Missouri\u2013Kansas City", "University of North Carolina at Chapel Hill", "University of Rome Tor Vergata"], "citation_10_years": ["George Washington University", "University of California, Riverside", "Universit\u00e9 Catholique de Louvain", "IBM (United States)", "Polytechnic University of Bucharest", "University of Colorado Boulder", "University at Buffalo, State University of New York", "University of Li\u00e8ge", "University of Wisconsin\u2013Madison", "University of Massachusetts Amherst", "Stony Brook University", "University of North Carolina at Chapel Hill", "Royal Institute of Technology", "Cornell University", "Hebrew University of Jerusalem", "Interdisciplinary Center Herzliya", "Commonwealth Scientific and Industrial Research Organisation", "University College London", "Carlos III University of Madrid", "Lancaster University", "University of Rome Tor Vergata", "University of California, Berkeley", "Duke University", "Microsoft (United States)", "Alcatel-Lucent (France)", "University of Cambridge", "University of Missouri\u2013Kansas City"], "publication_5_years": ["Microsoft (United States)", "Commonwealth Scientific and Industrial Research Organisation", "George Washington University", "Polytechnic University of Bucharest", "University College London", "University of California, Riverside", "University of Cambridge", "University of Li\u00e8ge", "University of Massachusetts Amherst", "University of Rome Tor Vergata", "University of Wisconsin\u2013Madison"], "citation_5_years": ["George Washington University", "University of California, Riverside", "University of Massachusetts Amherst", "Commonwealth Scientific and Industrial Research Organisation", "University College London", "University of Li\u00e8ge", "University of Rome Tor Vergata", "Polytechnic University of Bucharest", "Microsoft (United States)", "University of Wisconsin\u2013Madison", "University of Cambridge"]}, "countries": {"publication_overall": ["United States", "Belgium", "Romania", "United Kingdom", "Australia", "France", "Israel", "Italy", "Spain", "Sweden"], "citation_overall": ["United States", "Belgium", "Romania", "United Kingdom", "Sweden", "Israel", "Australia", "Italy", "Spain", "France"], "publication_10_years": ["United States", "Belgium", "Romania", "United Kingdom", "Australia", "France", "Israel", "Italy", "Spain", "Sweden"], "citation_10_years": ["United States", "Belgium", "Romania", "United Kingdom", "Sweden", "Israel", "Australia", "Italy", "Spain", "France"], "publication_5_years": ["United States", "United Kingdom", "Australia", "Belgium", "Italy", "Romania"], "citation_5_years": ["United States", "United Kingdom", "Australia", "Belgium", "Italy", "Romania"]}, "topics": {"publication_overall": ["computer networks", "computer science", "computer systems", "telecommunication networks", "telecommunication systems", "telecommunication traffic", "communication systems", "wireless telecommunication systems", "internet", "bandwidth", "data communication systems", "distributed computer systems", "computer security", "security of data", "network architecture", "computer hardware", "cryptography", "cryptology", "internet protocols", "network security"], "citation_overall": ["computer networks", "computer science", "computer systems", "telecommunication networks", "telecommunication systems", "telecommunication traffic", "communication systems", "wireless telecommunication systems", "distributed computer systems", "internet", "bandwidth", "network architecture", "data communication systems", "routers", "computer hardware", "internet protocols", "cloud computing", "virtualizations", "distributed systems", "parallel processing systems"], "publication_10_years": ["computer networks", "computer science", "computer systems", "telecommunication networks", "telecommunication systems", "telecommunication traffic", "communication systems", "wireless telecommunication systems", "internet", "bandwidth", "data communication systems", "distributed computer systems", "computer security", "security of data", "network architecture", "computer hardware", "cryptography", "cryptology", "internet protocols", "network security"], "citation_10_years": ["computer networks", "computer science", "computer systems", "telecommunication networks", "telecommunication systems", "telecommunication traffic", "communication systems", "wireless telecommunication systems", "distributed computer systems", "internet", "bandwidth", "network architecture", "data communication systems", "routers", "computer hardware", "internet protocols", "cloud computing", "virtualizations", "distributed systems", "parallel processing systems"], "publication_5_years": ["computer networks", "computer science", "computer systems", "telecommunication networks", "telecommunication systems", "internet", "communication systems", "telecommunication traffic", "wireless telecommunication systems", "cloud computing", "bandwidth", "distributed computer systems", "virtual machines", "virtualizations", "computer security", "data communication systems", "distributed systems", "network architecture", "parallel processing systems", "security of data"], "citation_5_years": ["computer networks", "computer science", "computer systems", "telecommunication networks", "telecommunication systems", "communication systems", "wireless telecommunication systems", "internet", "telecommunication traffic", "distributed computer systems", "cloud computing", "virtualizations", "virtual machines", "communication", "software", "bandwidth", "routers", "distributed systems", "parallel processing systems", "network architecture"]}, "main_topics": ["computer science"], "authors": {"publication_overall": ["223441212", "2090259494", "2169722657", "283887120", "335328349", "372738348", "2064860162", "2078547862", "2230270435", "2230613528", "2286288562", "25066944", "47502860", "221486981", "221962823", "231947972", "236287991", "252313521", "262783724", "337970636", "687754284", "716133098", "896382207", "1520953178", "1901219069", "1975301898", "1976017946", "1978504893", "1994385719", "2004245999", "2016432970", "2031739455", "2038268358", "2039303972", "2040462121", "2043843826", "2060344939", "2067526950", "2071987325", "2098421587", "2103562123", "2103862135", "2106574098", "2112500926", "2114156951", "2114555486", "2114691006", "2121414538", "2125905192", "2127992992", "2128661168", "2131314374", "2133259603", "2137211123", "2138931428", "2142929050", "2151233986", "2152864523", "2159577711", "2184792984", "2193562398", "2198148421", "2205614089", "2206980126", "2222150821", "2222797341", "2223819573", "2224879897", "2226482751", "2227045488", "2227133614", "2227544887", "2227736104", "2229602875", "2229796955", "2231410604", "2235621593", "2239360628", "2246238692", "2260712038", "2293201185", "2310357601", "2311739382", "2325703751", "2407008874", "2433271268", "2469209240", "2483302919", "2484515061", "2495768107", "2497795742", "2499268101", "2506761743", "2576671778", "2631065284", "2664585899", "2670786753", "2677074191", "2914601517", "2920997266"], "citation_overall": ["2133259603", "2227736104", "2246238692", "2483302919", "2495768107", "2499268101", "2506761743", "2664585899", "2090259494", "372738348", "2078547862", "223441212", "2114156951", "2128661168", "2223819573", "2224879897", "2310357601", "2098421587", "2114691006", "2137211123", "2226482751", "2227544887", "2631065284", "2169722657", "221962823", "2239360628", "283887120", "2230270435", "2286288562", "337970636", "2114555486", "335328349", "2043843826", "2260712038", "2293201185", "2229796955", "2407008874", "2670786753", "2071987325", "2103862135", "2920997266", "687754284", "896382207", "2106574098", "2206980126", "231947972", "236287991", "2131314374", "221486981", "262783724", "1901219069", "1994385719", "2004245999", "2031739455", "2064860162", "2127992992", "2138931428", "2152864523", "2205614089", "2677074191", "25066944", "47502860", "2038268358", "2039303972", "2060344939", "2151233986", "2222150821", "2325703751", "252313521", "2067526950", "2103562123", "2142929050", "2159577711", "2229602875", "2235621593", "716133098", "1975301898", "1978504893", "2125905192", "2230613528", "2433271268", "2193562398", "2227045488", "2469209240", "2227133614", "2497795742", "1520953178", "1976017946", "2576671778", "2016432970", "2040462121", "2222797341", "2484515061", "2112500926", "2121414538", "2184792984", "2231410604", "2311739382", "2198148421", "2914601517"], "publication_10_years": ["223441212", "2090259494", "2169722657", "283887120", "335328349", "372738348", "2064860162", "2078547862", "2230270435", "2230613528", "2286288562", "25066944", "47502860", "221486981", "221962823", "231947972", "236287991", "252313521", "262783724", "337970636", "687754284", "716133098", "896382207", "1520953178", "1901219069", "1975301898", "1976017946", "1978504893", "1994385719", "2004245999", "2016432970", "2031739455", "2038268358", "2039303972", "2040462121", "2043843826", "2060344939", "2067526950", "2071987325", "2098421587", "2103562123", "2103862135", "2106574098", "2112500926", "2114156951", "2114555486", "2114691006", "2121414538", "2125905192", "2127992992", "2128661168", "2131314374", "2133259603", "2137211123", "2138931428", "2142929050", "2151233986", "2152864523", "2159577711", "2184792984", "2193562398", "2198148421", "2205614089", "2206980126", "2222150821", "2222797341", "2223819573", "2224879897", "2226482751", "2227045488", "2227133614", "2227544887", "2227736104", "2229602875", "2229796955", "2231410604", "2235621593", "2239360628", "2246238692", "2260712038", "2293201185", "2310357601", "2311739382", "2325703751", "2407008874", "2433271268", "2469209240", "2483302919", "2484515061", "2495768107", "2497795742", "2499268101", "2506761743", "2576671778", "2631065284", "2664585899", "2670786753", "2677074191", "2914601517", "2920997266"], "citation_10_years": ["2133259603", "2227736104", "2246238692", "2483302919", "2495768107", "2499268101", "2506761743", "2664585899", "2090259494", "372738348", "2078547862", "223441212", "2114156951", "2128661168", "2223819573", "2224879897", "2310357601", "2098421587", "2114691006", "2137211123", "2226482751", "2227544887", "2631065284", "2169722657", "221962823", "2239360628", "283887120", "2230270435", "2286288562", "337970636", "2114555486", "335328349", "2043843826", "2260712038", "2293201185", "2229796955", "2407008874", "2670786753", "2071987325", "2103862135", "2920997266", "687754284", "896382207", "2106574098", "2206980126", "231947972", "236287991", "2131314374", "221486981", "262783724", "1901219069", "1994385719", "2004245999", "2031739455", "2064860162", "2127992992", "2138931428", "2152864523", "2205614089", "2677074191", "25066944", "47502860", "2038268358", "2039303972", "2060344939", "2151233986", "2222150821", "2325703751", "252313521", "2067526950", "2103562123", "2142929050", "2159577711", "2229602875", "2235621593", "716133098", "1975301898", "1978504893", "2125905192", "2230613528", "2433271268", "2193562398", "2227045488", "2469209240", "2227133614", "2497795742", "1520953178", "1976017946", "2576671778", "2016432970", "2040462121", "2222797341", "2484515061", "2112500926", "2121414538", "2184792984", "2231410604", "2311739382", "2198148421", "2914601517"], "publication_5_years": ["25066944", "221486981", "223441212", "283887120", "335328349", "337970636", "687754284", "896382207", "1520953178", "1976017946", "1994385719", "2004245999", "2016432970", "2031739455", "2038268358", "2040462121", "2060344939", "2064860162", "2106574098", "2114555486", "2133259603", "2151233986", "2169722657", "2198148421", "2205614089", "2206980126", "2222797341", "2227133614", "2227736104", "2230270435", "2246238692", "2286288562", "2483302919", "2484515061", "2495768107", "2497795742", "2499268101", "2506761743", "2576671778", "2664585899", "2914601517"], "citation_5_years": ["2133259603", "2227736104", "2246238692", "2483302919", "2495768107", "2499268101", "2506761743", "2664585899", "337970636", "2114555486", "687754284", "896382207", "2106574098", "2206980126", "221486981", "283887120", "1994385719", "2004245999", "2031739455", "2205614089", "25066944", "335328349", "2038268358", "2060344939", "2151233986", "2169722657", "223441212", "2064860162", "2227133614", "2230270435", "2286288562", "2497795742", "1520953178", "1976017946", "2576671778", "2016432970", "2040462121", "2222797341", "2484515061", "2198148421", "2914601517"]}, "industrial_sectors": {"publication_overall": ["computing_and_it", "technology", "electronics", "information_technology", "telecommunications"], "citation_overall": ["computing_and_it", "technology", "information_technology", "electronics", "telecommunications"], "publication_10_years": ["computing_and_it", "technology", "electronics", "information_technology", "telecommunications"], "citation_10_years": ["computing_and_it", "technology", "information_technology", "electronics", "telecommunications"], "publication_5_years": ["computing_and_it", "electronics", "technology"], "citation_5_years": ["computing_and_it", "electronics", "technology"]}}