{"name": "IEEE Power, Communication and Information Technology Conference", "acronym": "PCITC", "type": "conference", "uniqueEntities": {"organizations": {"Siksha O Anusandhan University": {"name": "Siksha O Anusandhan University", "type": "organization", "organization_type": "Education", "h_index": 22, "h5_index": 14, "num_publications": 8, "num_citations": 10, "num_publications_5y": 8, "num_citations_5y": 4, "num_publications_10y": 8, "num_citations_10y": 4, "publications_years": {"2015": 8}, "citations_years": {"2019": 4, "2020": 2, "2017": 2, "2018": 2}, "old_citations": {"2015": 10}, "isVisible": false}, "Indian Institute of Technology Bhubaneswar": {"name": "Indian Institute of Technology Bhubaneswar", "type": "organization", "organization_type": "Education", "h_index": 22, "h5_index": 16, "num_publications": 3, "num_citations": 1, "num_publications_5y": 3, "num_citations_5y": 1, "num_publications_10y": 3, "num_citations_10y": 1, "publications_years": {"2015": 3}, "citations_years": {"2018": 1}, "old_citations": {"2015": 1}, "isVisible": false}, "Jadavpur University": {"name": "Jadavpur University", "type": "organization", "organization_type": "Education", "h_index": 60, "h5_index": 21, "num_publications": 3, "num_citations": 6, "num_publications_5y": 3, "num_citations_5y": 5, "num_publications_10y": 3, "num_citations_10y": 5, "publications_years": {"2015": 3}, "citations_years": {"2018": 4, "2016": 1, "2017": 0, "2019": 0, "2020": 1}, "old_citations": {"2015": 6}, "isVisible": false}, "Andhra University": {"name": "Andhra University", "type": "organization", "organization_type": "Education", "h_index": 16, "h5_index": 9, "num_publications": 2, "num_citations": 2, "num_publications_5y": 2, "num_citations_5y": 2, "num_publications_10y": 2, "num_citations_10y": 2, "publications_years": {"2015": 2}, "citations_years": {"2018": 2}, "old_citations": {"2015": 2}, "isVisible": false}, "KIIT University": {"name": "KIIT University", "type": "organization", "organization_type": "Education", "h_index": 23, "h5_index": 16, "num_publications": 2, "num_citations": 5, "num_publications_5y": 2, "num_citations_5y": 3, "num_publications_10y": 2, "num_citations_10y": 3, "publications_years": {"2015": 2}, "citations_years": {"2015": 1, "2016": 1, "2017": 1, "2018": 0, "2019": 1, "2020": 1}, "old_citations": {"2015": 5}, "isVisible": false}, "National Institute of Technology Rourkela": {"name": "National Institute of Technology Rourkela", "type": "organization", "organization_type": "Education", "h_index": 38, "h5_index": 20, "num_publications": 2, "num_citations": 0, "num_publications_5y": 2, "num_citations_5y": 0, "num_publications_10y": 2, "num_citations_10y": 0, "publications_years": {"2015": 2}, "citations_years": {}, "old_citations": {"2015": 1}, "isVisible": false}, "DAV University": {"name": "DAV University", "type": "organization", "organization_type": "Education", "h_index": 6, "h5_index": 5, "num_publications": 1, "num_citations": 2, "num_publications_5y": 1, "num_citations_5y": 2, "num_publications_10y": 1, "num_citations_10y": 2, "publications_years": {"2015": 1}, "citations_years": {"2017": 2}, "old_citations": {"2015": 2}, "isVisible": false}, "GITAM University": {"name": "GITAM University", "type": "organization", "organization_type": "Education", "h_index": 12, "h5_index": 7, "num_publications": 1, "num_citations": 0, "num_publications_5y": 1, "num_citations_5y": 0, "num_publications_10y": 1, "num_citations_10y": 0, "publications_years": {"2015": 1}, "citations_years": {}, "old_citations": {"2015": 0}, "isVisible": false}, "Guru Ghasidas Vishwavidyalaya": {"name": "Guru Ghasidas Vishwavidyalaya", "type": "organization", "organization_type": "Education", "h_index": 10, "h5_index": 5, "num_publications": 1, "num_citations": 0, "num_publications_5y": 1, "num_citations_5y": 0, "num_publications_10y": 1, "num_citations_10y": 0, "publications_years": {"2015": 1}, "citations_years": {}, "old_citations": {"2015": 0}, "isVisible": false}, "Indian Institute of Technology Kharagpur": {"name": "Indian Institute of Technology Kharagpur", "type": "organization", "organization_type": "Education", "h_index": 72, "h5_index": 31, "num_publications": 1, "num_citations": 1, "num_publications_5y": 1, "num_citations_5y": 1, "num_publications_10y": 1, "num_citations_10y": 1, "publications_years": {"2015": 1}, "citations_years": {"2018": 1}, "old_citations": {"2015": 1}, "isVisible": false}, "Indira Gandhi Institute of Technology": {"name": "Indira Gandhi Institute of Technology", "type": "organization", "organization_type": "Education", "h_index": 13, "h5_index": 6, "num_publications": 1, "num_citations": 1, "num_publications_5y": 1, "num_citations_5y": 1, "num_publications_10y": 1, "num_citations_10y": 1, "publications_years": {"2015": 1}, "citations_years": {"2018": 1}, "old_citations": {"2015": 1}, "isVisible": false}, "Korea Advanced Institute of Science and Technology": {"name": "Korea Advanced Institute of Science and Technology", "type": "organization", "organization_type": "Education", "h_index": 154, "h5_index": 47, "num_publications": 1, "num_citations": 0, "num_publications_5y": 1, "num_citations_5y": 0, "num_publications_10y": 1, "num_citations_10y": 0, "publications_years": {"2015": 1}, "citations_years": {}, "old_citations": {"2015": 0}, "isVisible": false}, "Malaviya National Institute of Technology Jaipur": {"name": "Malaviya National Institute of Technology Jaipur", "type": "organization", "organization_type": "Education", "h_index": 31, "h5_index": 18, "num_publications": 1, "num_citations": 3, "num_publications_5y": 1, "num_citations_5y": 1, "num_publications_10y": 1, "num_citations_10y": 1, "publications_years": {"2015": 1}, "citations_years": {"2018": 1, "2019": 1, "2020": 1}, "old_citations": {"2015": 3}, "isVisible": false}, "Shahrekord University": {"name": "Shahrekord University", "type": "organization", "organization_type": "Education", "h_index": 12, "h5_index": 10, "num_publications": 1, "num_citations": 2, "num_publications_5y": 1, "num_citations_5y": 2, "num_publications_10y": 1, "num_citations_10y": 2, "publications_years": {"2015": 1}, "citations_years": {"2015": 2}, "old_citations": {"2015": 2}, "isVisible": false}, "Tata Consultancy Services (India)": {"name": "Tata Consultancy Services (India)", "type": "organization", "organization_type": "Company", "h_index": 40, "h5_index": 14, "num_publications": 1, "num_citations": 0, "num_publications_5y": 1, "num_citations_5y": 0, "num_publications_10y": 1, "num_citations_10y": 0, "publications_years": {"2015": 1}, "citations_years": {}, "old_citations": {"2015": 0}, "isVisible": false}}, "topics": {"computer science": {"name": "computer science", "type": "topic", "h_index": 1779, "h5_index": 416, "num_publications": 37, "num_citations": 46, "num_publications_5y": 37, "num_citations_5y": 30, "num_publications_10y": 37, "num_citations_10y": 30, "publications_years": {"2015": 37}, "citations_years": {"2018": 13, "2019": 10, "2020": 6, "2015": 3, "2016": 4, "2017": 10}, "old_citations": {"2015": 47}, "isVisible": false}, "computer systems": {"name": "computer systems", "type": "topic", "h_index": 1595, "h5_index": 367, "num_publications": 28, "num_citations": 34, "num_publications_5y": 28, "num_citations_5y": 24, "num_publications_10y": 28, "num_citations_10y": 24, "publications_years": {"2015": 28}, "citations_years": {"2018": 10, "2019": 7, "2020": 3, "2015": 3, "2016": 4, "2017": 7}, "old_citations": {"2015": 35}, "isVisible": false}, "artificial intelligence": {"name": "artificial intelligence", "type": "topic", "h_index": 1421, "h5_index": 373, "num_publications": 27, "num_citations": 30, "num_publications_5y": 27, "num_citations_5y": 18, "num_publications_10y": 27, "num_citations_10y": 18, "publications_years": {"2015": 27}, "citations_years": {"2018": 8, "2019": 7, "2020": 5, "2015": 1, "2016": 1, "2017": 8}, "old_citations": {"2015": 31}, "isVisible": false}, "engineering": {"name": "engineering", "type": "topic", "h_index": 1177, "h5_index": 287, "num_publications": 26, "num_citations": 33, "num_publications_5y": 26, "num_citations_5y": 22, "num_publications_10y": 26, "num_citations_10y": 22, "publications_years": {"2015": 26}, "citations_years": {"2018": 9, "2015": 3, "2016": 4, "2017": 6, "2019": 7, "2020": 4}, "old_citations": {"2015": 34}, "isVisible": false}, "machine learning": {"name": "machine learning", "type": "topic", "h_index": 1123, "h5_index": 351, "num_publications": 23, "num_citations": 27, "num_publications_5y": 23, "num_citations_5y": 15, "num_publications_10y": 23, "num_citations_10y": 15, "publications_years": {"2015": 23}, "citations_years": {"2018": 5, "2019": 7, "2020": 5, "2015": 1, "2016": 1, "2017": 8}, "old_citations": {"2015": 28}, "isVisible": false}, "mathematics": {"name": "mathematics", "type": "topic", "h_index": 1364, "h5_index": 300, "num_publications": 23, "num_citations": 32, "num_publications_5y": 23, "num_citations_5y": 21, "num_publications_10y": 23, "num_citations_10y": 21, "publications_years": {"2015": 23}, "citations_years": {"2018": 11, "2019": 6, "2020": 5, "2015": 3, "2016": 4, "2017": 3}, "old_citations": {"2015": 32}, "isVisible": false}, "computer networks": {"name": "computer networks", "type": "topic", "h_index": 1262, "h5_index": 332, "num_publications": 20, "num_citations": 23, "num_publications_5y": 20, "num_citations_5y": 16, "num_publications_10y": 20, "num_citations_10y": 16, "publications_years": {"2015": 20}, "citations_years": {"2018": 8, "2019": 6, "2017": 3, "2016": 3, "2020": 1, "2015": 2}, "old_citations": {"2015": 24}, "isVisible": false}, "signal processing": {"name": "signal processing", "type": "topic", "h_index": 1012, "h5_index": 255, "num_publications": 20, "num_citations": 25, "num_publications_5y": 20, "num_citations_5y": 17, "num_publications_10y": 20, "num_citations_10y": 17, "publications_years": {"2015": 20}, "citations_years": {"2018": 6, "2015": 3, "2016": 4, "2017": 4, "2019": 5, "2020": 3}, "old_citations": {"2015": 26}, "isVisible": false}, "computer hardware": {"name": "computer hardware", "type": "topic", "h_index": 1150, "h5_index": 279, "num_publications": 17, "num_citations": 19, "num_publications_5y": 17, "num_citations_5y": 13, "num_publications_10y": 17, "num_citations_10y": 13, "publications_years": {"2015": 17}, "citations_years": {"2018": 6, "2019": 5, "2017": 3, "2020": 1, "2016": 2, "2015": 2}, "old_citations": {"2015": 19}, "isVisible": false}, "neural networks": {"name": "neural networks", "type": "topic", "h_index": 604, "h5_index": 293, "num_publications": 14, "num_citations": 12, "num_publications_5y": 14, "num_citations_5y": 5, "num_publications_10y": 14, "num_citations_10y": 5, "publications_years": {"2015": 14}, "citations_years": {"2019": 5, "2020": 2, "2017": 3, "2018": 2}, "old_citations": {"2015": 12}, "isVisible": false}, "sensors": {"name": "sensors", "type": "topic", "h_index": 960, "h5_index": 229, "num_publications": 13, "num_citations": 16, "num_publications_5y": 13, "num_citations_5y": 10, "num_publications_10y": 13, "num_citations_10y": 10, "publications_years": {"2015": 13}, "citations_years": {"2019": 5, "2018": 4, "2017": 2, "2020": 1, "2016": 2, "2015": 2}, "old_citations": {"2015": 16}, "isVisible": false}, "telecommunication systems": {"name": "telecommunication systems", "type": "topic", "h_index": 1187, "h5_index": 277, "num_publications": 13, "num_citations": 19, "num_publications_5y": 13, "num_citations_5y": 14, "num_publications_10y": 13, "num_citations_10y": 14, "publications_years": {"2015": 13}, "citations_years": {"2018": 7, "2019": 4, "2017": 2, "2016": 3, "2020": 1, "2015": 2}, "old_citations": {"2015": 20}, "isVisible": false}, "communication systems": {"name": "communication systems", "type": "topic", "h_index": 1092, "h5_index": 254, "num_publications": 12, "num_citations": 19, "num_publications_5y": 12, "num_citations_5y": 14, "num_publications_10y": 12, "num_citations_10y": 14, "publications_years": {"2015": 12}, "citations_years": {"2018": 7, "2019": 4, "2017": 2, "2016": 3, "2020": 1, "2015": 2}, "old_citations": {"2015": 20}, "isVisible": false}, "computer imaging and vision": {"name": "computer imaging and vision", "type": "topic", "h_index": 1142, "h5_index": 334, "num_publications": 12, "num_citations": 10, "num_publications_5y": 12, "num_citations_5y": 5, "num_publications_10y": 12, "num_citations_10y": 5, "publications_years": {"2015": 12}, "citations_years": {"2015": 1, "2016": 1, "2017": 1, "2018": 2, "2019": 3, "2020": 2}, "old_citations": {"2015": 11}, "isVisible": false}, "image processing": {"name": "image processing", "type": "topic", "h_index": 1113, "h5_index": 328, "num_publications": 12, "num_citations": 10, "num_publications_5y": 12, "num_citations_5y": 5, "num_publications_10y": 12, "num_citations_10y": 5, "publications_years": {"2015": 12}, "citations_years": {"2015": 1, "2016": 1, "2017": 1, "2018": 2, "2019": 3, "2020": 2}, "old_citations": {"2015": 11}, "isVisible": false}, "wireless telecommunication systems": {"name": "wireless telecommunication systems", "type": "topic", "h_index": 1087, "h5_index": 254, "num_publications": 12, "num_citations": 19, "num_publications_5y": 12, "num_citations_5y": 14, "num_publications_10y": 12, "num_citations_10y": 14, "publications_years": {"2015": 12}, "citations_years": {"2018": 7, "2019": 4, "2017": 2, "2016": 3, "2020": 1, "2015": 2}, "old_citations": {"2015": 20}, "isVisible": false}, "signal to noise ratio": {"name": "signal to noise ratio", "type": "topic", "h_index": 821, "h5_index": 194, "num_publications": 10, "num_citations": 16, "num_publications_5y": 10, "num_citations_5y": 11, "num_publications_10y": 10, "num_citations_10y": 11, "publications_years": {"2015": 10}, "citations_years": {"2018": 5, "2019": 3, "2020": 2, "2016": 3, "2017": 1, "2015": 2}, "old_citations": {"2015": 17}, "isVisible": false}, "telecommunication networks": {"name": "telecommunication networks", "type": "topic", "h_index": 1116, "h5_index": 258, "num_publications": 10, "num_citations": 17, "num_publications_5y": 10, "num_citations_5y": 13, "num_publications_10y": 10, "num_citations_10y": 13, "publications_years": {"2015": 10}, "citations_years": {"2018": 7, "2019": 3, "2016": 3, "2017": 1, "2020": 1, "2015": 2}, "old_citations": {"2015": 17}, "isVisible": false}, "correlation analysis": {"name": "correlation analysis", "type": "topic", "h_index": 1044, "h5_index": 224, "num_publications": 9, "num_citations": 16, "num_publications_5y": 9, "num_citations_5y": 11, "num_publications_10y": 9, "num_citations_10y": 11, "publications_years": {"2015": 9}, "citations_years": {"2018": 6, "2019": 2, "2020": 3, "2015": 3, "2016": 1, "2017": 1}, "old_citations": {"2015": 16}, "isVisible": false}, "image analysis": {"name": "image analysis", "type": "topic", "h_index": 988, "h5_index": 315, "num_publications": 9, "num_citations": 9, "num_publications_5y": 9, "num_citations_5y": 5, "num_publications_10y": 9, "num_citations_10y": 5, "publications_years": {"2015": 9}, "citations_years": {"2015": 1, "2016": 1, "2017": 1, "2018": 2, "2019": 2, "2020": 2}, "old_citations": {"2015": 10}, "isVisible": false}, "signal detection": {"name": "signal detection", "type": "topic", "h_index": 720, "h5_index": 185, "num_publications": 7, "num_citations": 17, "num_publications_5y": 7, "num_citations_5y": 12, "num_publications_10y": 7, "num_citations_10y": 12, "publications_years": {"2015": 7}, "citations_years": {"2015": 3, "2016": 4, "2017": 2, "2018": 3, "2019": 3, "2020": 2}, "old_citations": {"2015": 18}, "isVisible": false}, "communication channels (information theory)": {"name": "communication channels (information theory)", "type": "topic", "h_index": 925, "h5_index": 216, "num_publications": 8, "num_citations": 14, "num_publications_5y": 8, "num_citations_5y": 11, "num_publications_10y": 8, "num_citations_10y": 11, "publications_years": {"2015": 8}, "citations_years": {"2018": 5, "2016": 3, "2017": 1, "2019": 2, "2020": 1, "2015": 2}, "old_citations": {"2015": 15}, "isVisible": false}, "data mining": {"name": "data mining", "type": "topic", "h_index": 861, "h5_index": 196, "num_publications": 6, "num_citations": 15, "num_publications_5y": 6, "num_citations_5y": 10, "num_publications_10y": 6, "num_citations_10y": 10, "publications_years": {"2015": 6}, "citations_years": {"2018": 3, "2019": 3, "2020": 2, "2017": 5, "2016": 2}, "old_citations": {"2015": 15}, "isVisible": false}, "optimization": {"name": "optimization", "type": "topic", "h_index": 666, "h5_index": 160, "num_publications": 7, "num_citations": 15, "num_publications_5y": 7, "num_citations_5y": 11, "num_publications_10y": 7, "num_citations_10y": 11, "publications_years": {"2015": 7}, "citations_years": {"2018": 7, "2019": 1, "2020": 3, "2017": 1, "2016": 1, "2015": 2}, "old_citations": {"2015": 15}, "isVisible": false}}, "authors": {"1931870073": {"name": "ranjeeta bisoi", "type": "author", "activity": 10, "h_index": 3, "h5_index": 1, "mag_id": "1931870073", "num_publications": 5, "num_citations": 5, "num_publications_5y": 5, "num_citations_5y": 3, "num_publications_10y": 5, "num_citations_10y": 3, "publications_years": {"2015": 5}, "citations_years": {"2017": 1, "2018": 2, "2019": 1, "2020": 1}, "old_citations": {"2015": 5}, "isVisible": true}, "2576244611": {"name": "p k dash", "type": "author", "activity": 29, "h_index": 18, "h5_index": 1, "mag_id": "2576244611", "num_publications": 5, "num_citations": 8, "num_publications_5y": 5, "num_citations_5y": 4, "num_publications_10y": 5, "num_citations_10y": 4, "publications_years": {"2015": 5}, "citations_years": {"2017": 2, "2018": 2, "2019": 3, "2020": 1}, "old_citations": {"2015": 8}, "isVisible": true}, "2132788263": {"name": "g panda", "type": "author", "activity": 28, "h_index": 23, "h5_index": 4, "mag_id": "2132788263", "num_publications": 2, "num_citations": 0, "num_publications_5y": 2, "num_citations_5y": 0, "num_publications_10y": 2, "num_citations_10y": 0, "publications_years": {"2015": 2}, "citations_years": {}, "old_citations": {"2015": 0}, "isVisible": false}, "2490176053": {"name": "sujit kumar dash", "type": "author", "activity": 5, "h_index": 1, "h5_index": 0, "mag_id": "2490176053", "num_publications": 2, "num_citations": 2, "num_publications_5y": 2, "num_citations_5y": 1, "num_publications_10y": 2, "num_citations_10y": 1, "publications_years": {"2015": 2}, "citations_years": {"2017": 1, "2018": 0, "2019": 1}, "old_citations": {"2015": 2}, "isVisible": false}, "2630538145": {"name": "t r jyothsna", "type": "author", "activity": 1, "h_index": 1, "h5_index": 0, "mag_id": "2630538145", "num_publications": 2, "num_citations": 2, "num_publications_5y": 2, "num_citations_5y": 2, "num_publications_10y": 2, "num_citations_10y": 2, "publications_years": {"2015": 2}, "citations_years": {"2018": 2}, "old_citations": {"2015": 2}, "isVisible": false}, "237961923": {"name": "vasundhara", "type": "author", "activity": 8, "h_index": 3, "h5_index": 2, "mag_id": "237961923", "num_publications": 1, "num_citations": 0, "num_publications_5y": 1, "num_citations_5y": 0, "num_publications_10y": 1, "num_citations_10y": 0, "publications_years": {"2015": 1}, "citations_years": {}, "old_citations": {"2015": 0}, "isVisible": false}, "1368526366": {"name": "hemanta kumar palo", "type": "author", "activity": 6, "h_index": 6, "h5_index": 4, "mag_id": "1368526366", "num_publications": 1, "num_citations": 0, "num_publications_5y": 1, "num_citations_5y": 0, "num_publications_10y": 1, "num_citations_10y": 0, "publications_years": {"2015": 1}, "citations_years": {}, "old_citations": {"2015": 0}, "isVisible": false}, "1506854484": {"name": "dwiti krishna bebarta", "type": "author", "activity": 8, "h_index": 2, "h5_index": 1, "mag_id": "1506854484", "num_publications": 1, "num_citations": 0, "num_publications_5y": 1, "num_citations_5y": 0, "num_publications_10y": 1, "num_citations_10y": 0, "publications_years": {"2015": 1}, "citations_years": {}, "old_citations": {"2015": 0}, "isVisible": false}, "1652386878": {"name": "iti saha misra", "type": "author", "activity": 19, "h_index": 9, "h5_index": 3, "mag_id": "1652386878", "num_publications": 1, "num_citations": 1, "num_publications_5y": 1, "num_citations_5y": 1, "num_publications_10y": 1, "num_citations_10y": 1, "publications_years": {"2015": 1}, "citations_years": {"2018": 1}, "old_citations": {"2015": 1}, "isVisible": false}, "1846364862": {"name": "urmila bhanja", "type": "author", "activity": 21, "h_index": 4, "h5_index": 2, "mag_id": "1846364862", "num_publications": 1, "num_citations": 1, "num_publications_5y": 1, "num_citations_5y": 1, "num_publications_10y": 1, "num_citations_10y": 1, "publications_years": {"2015": 1}, "citations_years": {"2018": 1}, "old_citations": {"2015": 1}, "isVisible": false}, "1943220576": {"name": "joyashree bag", "type": "author", "activity": 7, "h_index": 3, "h5_index": 1, "mag_id": "1943220576", "num_publications": 1, "num_citations": 0, "num_publications_5y": 1, "num_citations_5y": 0, "num_publications_10y": 1, "num_citations_10y": 0, "publications_years": {"2015": 1}, "citations_years": {}, "old_citations": {"2015": 0}, "isVisible": false}, "1969112523": {"name": "a srikrishna", "type": "author", "activity": 11, "h_index": 2, "h5_index": 1, "mag_id": "1969112523", "num_publications": 1, "num_citations": 0, "num_publications_5y": 1, "num_citations_5y": 0, "num_publications_10y": 1, "num_citations_10y": 0, "publications_years": {"2015": 1}, "citations_years": {}, "old_citations": {"2015": 0}, "isVisible": false}, "1975332515": {"name": "ruchira naskar", "type": "author", "activity": 10, "h_index": 5, "h5_index": 4, "mag_id": "1975332515", "num_publications": 1, "num_citations": 0, "num_publications_5y": 1, "num_citations_5y": 0, "num_publications_10y": 1, "num_citations_10y": 0, "publications_years": {"2015": 1}, "citations_years": {}, "old_citations": {"2015": 1}, "isVisible": false}, "1994941846": {"name": "babita majhi", "type": "author", "activity": 13, "h_index": 11, "h5_index": 1, "mag_id": "1994941846", "num_publications": 1, "num_citations": 0, "num_publications_5y": 1, "num_citations_5y": 0, "num_publications_10y": 1, "num_citations_10y": 0, "publications_years": {"2015": 1}, "citations_years": {}, "old_citations": {"2015": 0}, "isVisible": false}, "2022838724": {"name": "ajit kumar rout", "type": "author", "activity": 10, "h_index": 3, "h5_index": 0, "mag_id": "2022838724", "num_publications": 1, "num_citations": 3, "num_publications_5y": 1, "num_citations_5y": 1, "num_publications_10y": 1, "num_citations_10y": 1, "publications_years": {"2015": 1}, "citations_years": {"2018": 1, "2019": 1, "2020": 1}, "old_citations": {"2015": 3}, "isVisible": false}, "2063664133": {"name": "rajashree dash", "type": "author", "activity": 9, "h_index": 5, "h5_index": 2, "mag_id": "2063664133", "num_publications": 1, "num_citations": 3, "num_publications_5y": 1, "num_citations_5y": 1, "num_publications_10y": 1, "num_citations_10y": 1, "publications_years": {"2015": 1}, "citations_years": {"2017": 1, "2018": 0, "2019": 2}, "old_citations": {"2015": 3}, "isVisible": false}, "2076803699": {"name": "pradyut kumar biswal", "type": "author", "activity": 11, "h_index": 3, "h5_index": 3, "mag_id": "2076803699", "num_publications": 1, "num_citations": 0, "num_publications_5y": 1, "num_citations_5y": 0, "num_publications_10y": 1, "num_citations_10y": 0, "publications_years": {"2015": 1}, "citations_years": {}, "old_citations": {"2015": 0}, "isVisible": false}, "2077558884": {"name": "n b puhan", "type": "author", "activity": 15, "h_index": 9, "h5_index": 4, "mag_id": "2077558884", "num_publications": 1, "num_citations": 0, "num_publications_5y": 1, "num_citations_5y": 0, "num_publications_10y": 1, "num_citations_10y": 0, "publications_years": {"2015": 1}, "citations_years": {}, "old_citations": {"2015": 0}, "isVisible": false}, "2119293156": {"name": "biswa ranjan swain", "type": "author", "activity": 2, "h_index": 3, "h5_index": 0, "mag_id": "2119293156", "num_publications": 1, "num_citations": 0, "num_publications_5y": 1, "num_citations_5y": 0, "num_publications_10y": 1, "num_citations_10y": 0, "publications_years": {"2015": 1}, "citations_years": {}, "old_citations": {"2015": 0}, "isVisible": false}, "2124267718": {"name": "niranjan kumar ray", "type": "author", "activity": 11, "h_index": 6, "h5_index": 4, "mag_id": "2124267718", "num_publications": 1, "num_citations": 5, "num_publications_5y": 1, "num_citations_5y": 3, "num_publications_10y": 1, "num_citations_10y": 3, "publications_years": {"2015": 1}, "citations_years": {"2016": 2, "2017": 1, "2018": 0, "2019": 2}, "old_citations": {"2015": 5}, "isVisible": false}, "2132857925": {"name": "sudipta chattopadhyay", "type": "author", "activity": 13, "h_index": 6, "h5_index": 3, "mag_id": "2132857925", "num_publications": 1, "num_citations": 5, "num_publications_5y": 1, "num_citations_5y": 4, "num_publications_10y": 1, "num_citations_10y": 4, "publications_years": {"2015": 1}, "citations_years": {"2016": 1, "2017": 0, "2018": 3, "2019": 0, "2020": 1}, "old_citations": {"2015": 5}, "isVisible": false}, "2138072967": {"name": "snehamoy dhar", "type": "author", "activity": 1, "h_index": 1, "h5_index": 0, "mag_id": "2138072967", "num_publications": 1, "num_citations": 2, "num_publications_5y": 1, "num_citations_5y": 0, "num_publications_10y": 1, "num_citations_10y": 0, "publications_years": {"2015": 1}, "citations_years": {"2019": 1, "2020": 1}, "old_citations": {"2015": 2}, "isVisible": false}, "2151269175": {"name": "rajiv kumar mishra", "type": "author", "activity": 4, "h_index": 2, "h5_index": 1, "mag_id": "2151269175", "num_publications": 1, "num_citations": 0, "num_publications_5y": 1, "num_citations_5y": 0, "num_publications_10y": 1, "num_citations_10y": 0, "publications_years": {"2015": 1}, "citations_years": {}, "old_citations": {"2015": 0}, "isVisible": false}, "2157569862": {"name": "hyungyu ryu", "type": "author", "activity": 1, "h_index": 1, "h5_index": 0, "mag_id": "2157569862", "num_publications": 1, "num_citations": 0, "num_publications_5y": 1, "num_citations_5y": 0, "num_publications_10y": 1, "num_citations_10y": 0, "publications_years": {"2015": 1}, "citations_years": {}, "old_citations": {"2015": 0}, "isVisible": false}, "2163557076": {"name": "rashmi ranjan sahoo", "type": "author", "activity": 5, "h_index": 4, "h5_index": 0, "mag_id": "2163557076", "num_publications": 1, "num_citations": 0, "num_publications_5y": 1, "num_citations_5y": 0, "num_publications_10y": 1, "num_citations_10y": 0, "publications_years": {"2015": 1}, "citations_years": {}, "old_citations": {"2015": 0}, "isVisible": false}, "2167042099": {"name": "pushpalata pujari", "type": "author", "activity": 7, "h_index": 2, "h5_index": 1, "mag_id": "2167042099", "num_publications": 1, "num_citations": 0, "num_publications_5y": 1, "num_citations_5y": 0, "num_publications_10y": 1, "num_citations_10y": 0, "publications_years": {"2015": 1}, "citations_years": {}, "old_citations": {"2015": 0}, "isVisible": false}, "2171997397": {"name": "mihir narayan mohanty", "type": "author", "activity": 12, "h_index": 7, "h5_index": 5, "mag_id": "2171997397", "num_publications": 1, "num_citations": 0, "num_publications_5y": 1, "num_citations_5y": 0, "num_publications_10y": 1, "num_citations_10y": 0, "publications_years": {"2015": 1}, "citations_years": {}, "old_citations": {"2015": 0}, "isVisible": false}, "2204218384": {"name": "sumant kumar mohapatra", "type": "author", "activity": 6, "h_index": 3, "h5_index": 1, "mag_id": "2204218384", "num_publications": 1, "num_citations": 0, "num_publications_5y": 1, "num_citations_5y": 0, "num_publications_10y": 1, "num_citations_10y": 0, "publications_years": {"2015": 1}, "citations_years": {}, "old_citations": {"2015": 0}, "isVisible": false}, "2222134334": {"name": "biswajit sahu", "type": "author", "activity": 7, "h_index": 1, "h5_index": 0, "mag_id": "2222134334", "num_publications": 1, "num_citations": 2, "num_publications_5y": 1, "num_citations_5y": 2, "num_publications_10y": 1, "num_citations_10y": 2, "publications_years": {"2015": 1}, "citations_years": {"2017": 2}, "old_citations": {"2015": 2}, "isVisible": false}, "2222200532": {"name": "sukant behera", "type": "author", "activity": 4, "h_index": 1, "h5_index": 0, "mag_id": "2222200532", "num_publications": 1, "num_citations": 0, "num_publications_5y": 1, "num_citations_5y": 0, "num_publications_10y": 1, "num_citations_10y": 0, "publications_years": {"2015": 1}, "citations_years": {}, "old_citations": {"2015": 0}, "isVisible": false}, "2223588954": {"name": "abhaya kumar samal", "type": "author", "activity": 6, "h_index": 1, "h5_index": 1, "mag_id": "2223588954", "num_publications": 1, "num_citations": 1, "num_publications_5y": 1, "num_citations_5y": 1, "num_publications_10y": 1, "num_citations_10y": 1, "publications_years": {"2015": 1}, "citations_years": {"2018": 1}, "old_citations": {"2015": 1}, "isVisible": false}, "2225812869": {"name": "tirtha majumder", "type": "author", "activity": 5, "h_index": 1, "h5_index": 0, "mag_id": "2225812869", "num_publications": 1, "num_citations": 0, "num_publications_5y": 1, "num_citations_5y": 0, "num_publications_10y": 1, "num_citations_10y": 0, "publications_years": {"2015": 1}, "citations_years": {}, "old_citations": {"2015": 0}, "isVisible": false}, "2228432849": {"name": "subhabrata banerjee", "type": "author", "activity": 6, "h_index": 3, "h5_index": 3, "mag_id": "2228432849", "num_publications": 1, "num_citations": 5, "num_publications_5y": 1, "num_citations_5y": 4, "num_publications_10y": 1, "num_citations_10y": 4, "publications_years": {"2015": 1}, "citations_years": {"2016": 1, "2017": 0, "2018": 3, "2019": 0, "2020": 1}, "old_citations": {"2015": 5}, "isVisible": false}, "2231704773": {"name": "sibasankar sahoo", "type": "author", "activity": 1, "h_index": 0, "h5_index": 0, "mag_id": "2231704773", "num_publications": 1, "num_citations": 0, "num_publications_5y": 1, "num_citations_5y": 0, "num_publications_10y": 1, "num_citations_10y": 0, "publications_years": {"2015": 1}, "citations_years": {}, "old_citations": {"2015": 0}, "isVisible": false}, "2232429283": {"name": "akshaya kumar dash", "type": "author", "activity": 5, "h_index": 1, "h5_index": 0, "mag_id": "2232429283", "num_publications": 1, "num_citations": 1, "num_publications_5y": 1, "num_citations_5y": 1, "num_publications_10y": 1, "num_citations_10y": 1, "publications_years": {"2015": 1}, "citations_years": {"2018": 1}, "old_citations": {"2015": 1}, "isVisible": false}, "2255415453": {"name": "manoranjan das", "type": "author", "activity": 9, "h_index": 2, "h5_index": 1, "mag_id": "2255415453", "num_publications": 1, "num_citations": 1, "num_publications_5y": 1, "num_citations_5y": 1, "num_publications_10y": 1, "num_citations_10y": 1, "publications_years": {"2015": 1}, "citations_years": {"2018": 1}, "old_citations": {"2015": 1}, "isVisible": false}, "2265201679": {"name": "harpreet singh", "type": "author", "activity": 2, "h_index": 2, "h5_index": 1, "mag_id": "2265201679", "num_publications": 1, "num_citations": 2, "num_publications_5y": 1, "num_citations_5y": 2, "num_publications_10y": 1, "num_citations_10y": 2, "publications_years": {"2015": 1}, "citations_years": {"2017": 2}, "old_citations": {"2015": 2}, "isVisible": false}, "2284396573": {"name": "mahesh chandra", "type": "author", "activity": 11, "h_index": 10, "h5_index": 5, "mag_id": "2284396573", "num_publications": 1, "num_citations": 0, "num_publications_5y": 1, "num_citations_5y": 0, "num_publications_10y": 1, "num_citations_10y": 0, "publications_years": {"2015": 1}, "citations_years": {}, "old_citations": {"2015": 0}, "isVisible": false}, "2288012647": {"name": "satyasis mishra", "type": "author", "activity": 8, "h_index": 3, "h5_index": 2, "mag_id": "2288012647", "num_publications": 1, "num_citations": 1, "num_publications_5y": 1, "num_citations_5y": 1, "num_publications_10y": 1, "num_citations_10y": 1, "publications_years": {"2015": 1}, "citations_years": {"2018": 1}, "old_citations": {"2015": 1}, "isVisible": false}, "2292966120": {"name": "benudhar sahu", "type": "author", "activity": 15, "h_index": 4, "h5_index": 1, "mag_id": "2292966120", "num_publications": 1, "num_citations": 1, "num_publications_5y": 1, "num_citations_5y": 1, "num_publications_10y": 1, "num_citations_10y": 1, "publications_years": {"2015": 1}, "citations_years": {"2018": 1}, "old_citations": {"2015": 1}, "isVisible": false}, "2294009028": {"name": "makan zamanipour", "type": "author", "activity": 3, "h_index": 1, "h5_index": 1, "mag_id": "2294009028", "num_publications": 1, "num_citations": 2, "num_publications_5y": 1, "num_citations_5y": 2, "num_publications_10y": 1, "num_citations_10y": 2, "publications_years": {"2015": 1}, "citations_years": {"2015": 2}, "old_citations": {"2015": 2}, "isVisible": false}, "2302618515": {"name": "chetna kaushal", "type": "author", "activity": 1, "h_index": 1, "h5_index": 0, "mag_id": "2302618515", "num_publications": 1, "num_citations": 2, "num_publications_5y": 1, "num_citations_5y": 2, "num_publications_10y": 1, "num_citations_10y": 2, "publications_years": {"2015": 1}, "citations_years": {"2017": 2}, "old_citations": {"2015": 2}, "isVisible": false}, "2302902821": {"name": "sushil kumar mahapatra", "type": "author", "activity": 4, "h_index": 2, "h5_index": 1, "mag_id": "2302902821", "num_publications": 1, "num_citations": 0, "num_publications_5y": 1, "num_citations_5y": 0, "num_publications_10y": 1, "num_citations_10y": 0, "publications_years": {"2015": 1}, "citations_years": {}, "old_citations": {"2015": 0}, "isVisible": false}, "2303722128": {"name": "mohammadali mohammadi", "type": "author", "activity": 12, "h_index": 10, "h5_index": 6, "mag_id": "2303722128", "num_publications": 1, "num_citations": 2, "num_publications_5y": 1, "num_citations_5y": 2, "num_publications_10y": 1, "num_citations_10y": 2, "publications_years": {"2015": 1}, "citations_years": {"2015": 2}, "old_citations": {"2015": 2}, "isVisible": false}, "2304406156": {"name": "rajesh k mishra", "type": "author", "activity": 1, "h_index": 0, "h5_index": 0, "mag_id": "2304406156", "num_publications": 1, "num_citations": 0, "num_publications_5y": 1, "num_citations_5y": 0, "num_publications_10y": 1, "num_citations_10y": 0, "publications_years": {"2015": 1}, "citations_years": {}, "old_citations": {"2015": 0}, "isVisible": false}, "2305454254": {"name": "prachitara satapathy", "type": "author", "activity": 6, "h_index": 1, "h5_index": 0, "mag_id": "2305454254", "num_publications": 1, "num_citations": 2, "num_publications_5y": 1, "num_citations_5y": 0, "num_publications_10y": 1, "num_citations_10y": 0, "publications_years": {"2015": 1}, "citations_years": {"2019": 1, "2020": 1}, "old_citations": {"2015": 2}, "isVisible": false}, "2306248434": {"name": "vaddempudi koteswara rao", "type": "author", "activity": 1, "h_index": 0, "h5_index": 0, "mag_id": "2306248434", "num_publications": 1, "num_citations": 0, "num_publications_5y": 1, "num_citations_5y": 0, "num_publications_10y": 1, "num_citations_10y": 0, "publications_years": {"2015": 1}, "citations_years": {}, "old_citations": {"2015": 0}, "isVisible": false}, "2307278596": {"name": "soumya p senapaty", "type": "author", "activity": 1, "h_index": 0, "h5_index": 0, "mag_id": "2307278596", "num_publications": 1, "num_citations": 0, "num_publications_5y": 1, "num_citations_5y": 0, "num_publications_10y": 1, "num_citations_10y": 0, "publications_years": {"2015": 1}, "citations_years": {}, "old_citations": {"2015": 0}, "isVisible": false}, "2307773955": {"name": "sambita dalal", "type": "author", "activity": 1, "h_index": 1, "h5_index": 0, "mag_id": "2307773955", "num_publications": 1, "num_citations": 1, "num_publications_5y": 1, "num_citations_5y": 0, "num_publications_10y": 1, "num_citations_10y": 0, "publications_years": {"2015": 1}, "citations_years": {"2019": 1}, "old_citations": {"2015": 1}, "isVisible": false}, "2307883896": {"name": "rahul bastia", "type": "author", "activity": 1, "h_index": 0, "h5_index": 0, "mag_id": "2307883896", "num_publications": 1, "num_citations": 0, "num_publications_5y": 1, "num_citations_5y": 0, "num_publications_10y": 1, "num_citations_10y": 0, "publications_years": {"2015": 1}, "citations_years": {}, "old_citations": {"2015": 0}, "isVisible": false}, "2307971634": {"name": "ch sri hari priya", "type": "author", "activity": 1, "h_index": 0, "h5_index": 0, "mag_id": "2307971634", "num_publications": 1, "num_citations": 0, "num_publications_5y": 1, "num_citations_5y": 0, "num_publications_10y": 1, "num_citations_10y": 0, "publications_years": {"2015": 1}, "citations_years": {}, "old_citations": {"2015": 0}, "isVisible": false}, "2308160322": {"name": "rupashree sahu", "type": "author", "activity": 1, "h_index": 1, "h5_index": 0, "mag_id": "2308160322", "num_publications": 1, "num_citations": 1, "num_publications_5y": 1, "num_citations_5y": 1, "num_publications_10y": 1, "num_citations_10y": 1, "publications_years": {"2015": 1}, "citations_years": {"2017": 1}, "old_citations": {"2015": 1}, "isVisible": false}, "2308201804": {"name": "awadhesh kumar yadav", "type": "author", "activity": 0, "h_index": 0, "h5_index": 0, "mag_id": "2308201804", "num_publications": 1, "num_citations": 0, "num_publications_5y": 1, "num_citations_5y": 0, "num_publications_10y": 1, "num_citations_10y": 0, "publications_years": {"2015": 1}, "citations_years": {}, "old_citations": {"2015": 1}, "isVisible": false}, "2308364444": {"name": "swaraj sha", "type": "author", "activity": 5, "h_index": 2, "h5_index": 2, "mag_id": "2308364444", "num_publications": 1, "num_citations": 1, "num_publications_5y": 1, "num_citations_5y": 1, "num_publications_10y": 1, "num_citations_10y": 1, "publications_years": {"2015": 1}, "citations_years": {"2018": 1}, "old_citations": {"2015": 1}, "isVisible": false}, "2308968158": {"name": "abhinav sinha", "type": "author", "activity": 9, "h_index": 3, "h5_index": 2, "mag_id": "2308968158", "num_publications": 1, "num_citations": 0, "num_publications_5y": 1, "num_citations_5y": 0, "num_publications_10y": 1, "num_citations_10y": 0, "publications_years": {"2015": 1}, "citations_years": {}, "old_citations": {"2015": 0}, "isVisible": false}, "2309404938": {"name": "l p mishra", "type": "author", "activity": 1, "h_index": 0, "h5_index": 0, "mag_id": "2309404938", "num_publications": 1, "num_citations": 0, "num_publications_5y": 1, "num_citations_5y": 0, "num_publications_10y": 1, "num_citations_10y": 0, "publications_years": {"2015": 1}, "citations_years": {}, "old_citations": {"2015": 0}, "isVisible": false}, "2310087942": {"name": "vikram panigrahi", "type": "author", "activity": 1, "h_index": 0, "h5_index": 0, "mag_id": "2310087942", "num_publications": 1, "num_citations": 0, "num_publications_5y": 1, "num_citations_5y": 0, "num_publications_10y": 1, "num_citations_10y": 0, "publications_years": {"2015": 1}, "citations_years": {}, "old_citations": {"2015": 0}, "isVisible": false}, "2344095362": {"name": "sangeeta yadav", "type": "author", "activity": 1, "h_index": 1, "h5_index": 0, "mag_id": "2344095362", "num_publications": 1, "num_citations": 3, "num_publications_5y": 1, "num_citations_5y": 1, "num_publications_10y": 1, "num_citations_10y": 1, "publications_years": {"2015": 1}, "citations_years": {"2018": 1, "2019": 1, "2020": 1}, "old_citations": {"2015": 3}, "isVisible": false}, "2413436817": {"name": "prasanta kumar manohari", "type": "author", "activity": 3, "h_index": 3, "h5_index": 2, "mag_id": "2413436817", "num_publications": 1, "num_citations": 5, "num_publications_5y": 1, "num_citations_5y": 3, "num_publications_10y": 1, "num_citations_10y": 3, "publications_years": {"2015": 1}, "citations_years": {"2016": 2, "2017": 1, "2018": 0, "2019": 2}, "old_citations": {"2015": 5}, "isVisible": false}, "2426127913": {"name": "s k padhi", "type": "author", "activity": 1, "h_index": 0, "h5_index": 0, "mag_id": "2426127913", "num_publications": 1, "num_citations": 0, "num_publications_5y": 1, "num_citations_5y": 0, "num_publications_10y": 1, "num_citations_10y": 0, "publications_years": {"2015": 1}, "citations_years": {}, "old_citations": {"2015": 0}, "isVisible": false}, "2432618469": {"name": "s k padhi", "type": "author", "activity": 1, "h_index": 1, "h5_index": 0, "mag_id": "2432618469", "num_publications": 1, "num_citations": 2, "num_publications_5y": 1, "num_citations_5y": 2, "num_publications_10y": 1, "num_citations_10y": 2, "publications_years": {"2015": 1}, "citations_years": {"2017": 2}, "old_citations": {"2015": 2}, "isVisible": false}, "2434004205": {"name": "dongsoo har", "type": "author", "activity": 14, "h_index": 7, "h5_index": 2, "mag_id": "2434004205", "num_publications": 1, "num_citations": 0, "num_publications_5y": 1, "num_citations_5y": 0, "num_publications_10y": 1, "num_citations_10y": 0, "publications_years": {"2015": 1}, "citations_years": {}, "old_citations": {"2015": 0}, "isVisible": false}, "2472439783": {"name": "karnati lavanya", "type": "author", "activity": 1, "h_index": 0, "h5_index": 0, "mag_id": "2472439783", "num_publications": 1, "num_citations": 0, "num_publications_5y": 1, "num_citations_5y": 0, "num_publications_10y": 1, "num_citations_10y": 0, "publications_years": {"2015": 1}, "citations_years": {}, "old_citations": {"2015": 0}, "isVisible": false}, "2483601752": {"name": "s chakravarty", "type": "author", "activity": 8, "h_index": 4, "h5_index": 2, "mag_id": "2483601752", "num_publications": 1, "num_citations": 3, "num_publications_5y": 1, "num_citations_5y": 2, "num_publications_10y": 1, "num_citations_10y": 2, "publications_years": {"2015": 1}, "citations_years": {"2018": 2, "2019": 0, "2020": 1}, "old_citations": {"2015": 3}, "isVisible": false}, "2505352838": {"name": "rakhi saha", "type": "author", "activity": 1, "h_index": 1, "h5_index": 0, "mag_id": "2505352838", "num_publications": 1, "num_citations": 1, "num_publications_5y": 1, "num_citations_5y": 0, "num_publications_10y": 1, "num_citations_10y": 0, "publications_years": {"2015": 1}, "citations_years": {"2019": 1}, "old_citations": {"2015": 1}, "isVisible": false}, "2581337320": {"name": "prakash chandra jena", "type": "author", "activity": 4, "h_index": 1, "h5_index": 0, "mag_id": "2581337320", "num_publications": 1, "num_citations": 1, "num_publications_5y": 1, "num_citations_5y": 1, "num_publications_10y": 1, "num_citations_10y": 1, "publications_years": {"2015": 1}, "citations_years": {"2018": 1}, "old_citations": {"2015": 1}, "isVisible": false}, "2598747533": {"name": "satyasai jagannath nanda", "type": "author", "activity": 13, "h_index": 10, "h5_index": 5, "mag_id": "2598747533", "num_publications": 1, "num_citations": 3, "num_publications_5y": 1, "num_citations_5y": 1, "num_publications_10y": 1, "num_citations_10y": 1, "publications_years": {"2015": 1}, "citations_years": {"2018": 1, "2019": 1, "2020": 1}, "old_citations": {"2015": 3}, "isVisible": false}, "2602942062": {"name": "gaurav singh", "type": "author", "activity": 3, "h_index": 1, "h5_index": 1, "mag_id": "2602942062", "num_publications": 1, "num_citations": 0, "num_publications_5y": 1, "num_citations_5y": 0, "num_publications_10y": 1, "num_citations_10y": 0, "publications_years": {"2015": 1}, "citations_years": {}, "old_citations": {"2015": 0}, "isVisible": false}, "2606060517": {"name": "subir kumar sarkar", "type": "author", "activity": 24, "h_index": 10, "h5_index": 4, "mag_id": "2606060517", "num_publications": 1, "num_citations": 0, "num_publications_5y": 1, "num_citations_5y": 0, "num_publications_10y": 1, "num_citations_10y": 0, "publications_years": {"2015": 1}, "citations_years": {}, "old_citations": {"2015": 0}, "isVisible": false}, "2629325613": {"name": "rizwan khan", "type": "author", "activity": 1, "h_index": 1, "h5_index": 0, "mag_id": "2629325613", "num_publications": 1, "num_citations": 2, "num_publications_5y": 1, "num_citations_5y": 2, "num_publications_10y": 1, "num_citations_10y": 2, "publications_years": {"2015": 1}, "citations_years": {"2017": 2}, "old_citations": {"2015": 2}, "isVisible": false}, "2630513411": {"name": "a k parida", "type": "author", "activity": 1, "h_index": 1, "h5_index": 0, "mag_id": "2630513411", "num_publications": 1, "num_citations": 1, "num_publications_5y": 1, "num_citations_5y": 1, "num_publications_10y": 1, "num_citations_10y": 1, "publications_years": {"2015": 1}, "citations_years": {"2018": 1}, "old_citations": {"2015": 1}, "isVisible": false}, "2641595667": {"name": "badrinarayan sahu", "type": "author", "activity": 3, "h_index": 1, "h5_index": 0, "mag_id": "2641595667", "num_publications": 1, "num_citations": 0, "num_publications_5y": 1, "num_citations_5y": 0, "num_publications_10y": 1, "num_citations_10y": 0, "publications_years": {"2015": 1}, "citations_years": {}, "old_citations": {"2015": 0}, "isVisible": false}, "2649999748": {"name": "p kanungo", "type": "author", "activity": 19, "h_index": 5, "h5_index": 2, "mag_id": "2649999748", "num_publications": 1, "num_citations": 5, "num_publications_5y": 1, "num_citations_5y": 3, "num_publications_10y": 1, "num_citations_10y": 3, "publications_years": {"2015": 1}, "citations_years": {"2015": 1, "2016": 1, "2017": 1, "2018": 0, "2019": 1, "2020": 1}, "old_citations": {"2015": 5}, "isVisible": false}, "2655465913": {"name": "deepika patel", "type": "author", "activity": 1, "h_index": 1, "h5_index": 0, "mag_id": "2655465913", "num_publications": 1, "num_citations": 2, "num_publications_5y": 1, "num_citations_5y": 1, "num_publications_10y": 1, "num_citations_10y": 1, "publications_years": {"2015": 1}, "citations_years": {"2017": 1, "2018": 0, "2019": 1}, "old_citations": {"2015": 2}, "isVisible": false}, "2657236235": {"name": "s behera", "type": "author", "activity": 1, "h_index": 1, "h5_index": 0, "mag_id": "2657236235", "num_publications": 1, "num_citations": 2, "num_publications_5y": 1, "num_citations_5y": 2, "num_publications_10y": 1, "num_citations_10y": 2, "publications_years": {"2015": 1}, "citations_years": {"2017": 2}, "old_citations": {"2015": 2}, "isVisible": false}, "2662553008": {"name": "ankita tondwalkar", "type": "author", "activity": 1, "h_index": 0, "h5_index": 0, "mag_id": "2662553008", "num_publications": 1, "num_citations": 0, "num_publications_5y": 1, "num_citations_5y": 0, "num_publications_10y": 1, "num_citations_10y": 0, "publications_years": {"2015": 1}, "citations_years": {}, "old_citations": {"2015": 0}, "isVisible": false}, "2663818694": {"name": "puspanjali mohapatra", "type": "author", "activity": 7, "h_index": 3, "h5_index": 2, "mag_id": "2663818694", "num_publications": 1, "num_citations": 3, "num_publications_5y": 1, "num_citations_5y": 2, "num_publications_10y": 1, "num_citations_10y": 2, "publications_years": {"2015": 1}, "citations_years": {"2018": 2, "2019": 0, "2020": 1}, "old_citations": {"2015": 3}, "isVisible": false}, "2667906634": {"name": "t t yetayew", "type": "author", "activity": 1, "h_index": 1, "h5_index": 0, "mag_id": "2667906634", "num_publications": 1, "num_citations": 2, "num_publications_5y": 1, "num_citations_5y": 2, "num_publications_10y": 1, "num_citations_10y": 2, "publications_years": {"2015": 1}, "citations_years": {"2018": 2}, "old_citations": {"2015": 2}, "isVisible": false}, "2676056342": {"name": "asit kumar subudhi", "type": "author", "activity": 1, "h_index": 1, "h5_index": 0, "mag_id": "2676056342", "num_publications": 1, "num_citations": 1, "num_publications_5y": 1, "num_citations_5y": 1, "num_publications_10y": 1, "num_citations_10y": 1, "publications_years": {"2015": 1}, "citations_years": {"2017": 1}, "old_citations": {"2015": 1}, "isVisible": false}, "2692677967": {"name": "aritra chatterjee", "type": "author", "activity": 5, "h_index": 2, "h5_index": 2, "mag_id": "2692677967", "num_publications": 1, "num_citations": 1, "num_publications_5y": 1, "num_citations_5y": 1, "num_publications_10y": 1, "num_citations_10y": 1, "publications_years": {"2015": 1}, "citations_years": {"2018": 1}, "old_citations": {"2015": 1}, "isVisible": false}, "2701703880": {"name": "m ebraheem", "type": "author", "activity": 1, "h_index": 0, "h5_index": 0, "mag_id": "2701703880", "num_publications": 1, "num_citations": 0, "num_publications_5y": 1, "num_citations_5y": 0, "num_publications_10y": 1, "num_citations_10y": 0, "publications_years": {"2015": 1}, "citations_years": {}, "old_citations": {"2015": 0}, "isVisible": false}, "2704052133": {"name": "okram dharmapandit", "type": "author", "activity": 1, "h_index": 0, "h5_index": 0, "mag_id": "2704052133", "num_publications": 1, "num_citations": 0, "num_publications_5y": 1, "num_citations_5y": 0, "num_publications_10y": 1, "num_citations_10y": 0, "publications_years": {"2015": 1}, "citations_years": {}, "old_citations": {"2015": 0}, "isVisible": false}, "2710134320": {"name": "p aditya kiran", "type": "author", "activity": 1, "h_index": 0, "h5_index": 0, "mag_id": "2710134320", "num_publications": 1, "num_citations": 0, "num_publications_5y": 1, "num_citations_5y": 0, "num_publications_10y": 1, "num_citations_10y": 0, "publications_years": {"2015": 1}, "citations_years": {}, "old_citations": {"2015": 0}, "isVisible": false}, "2721326079": {"name": "subhendu kumar pani", "type": "author", "activity": 10, "h_index": 4, "h5_index": 2, "mag_id": "2721326079", "num_publications": 1, "num_citations": 1, "num_publications_5y": 1, "num_citations_5y": 1, "num_publications_10y": 1, "num_citations_10y": 1, "publications_years": {"2015": 1}, "citations_years": {"2018": 1}, "old_citations": {"2015": 1}, "isVisible": false}, "2734703005": {"name": "suchita singh", "type": "author", "activity": 1, "h_index": 1, "h5_index": 0, "mag_id": "2734703005", "num_publications": 1, "num_citations": 0, "num_publications_5y": 1, "num_citations_5y": 0, "num_publications_10y": 1, "num_citations_10y": 0, "publications_years": {"2015": 1}, "citations_years": {}, "old_citations": {"2015": 0}, "isVisible": false}, "2765690018": {"name": "pragyan p das", "type": "author", "activity": 4, "h_index": 1, "h5_index": 1, "mag_id": "2765690018", "num_publications": 1, "num_citations": 1, "num_publications_5y": 1, "num_citations_5y": 1, "num_publications_10y": 1, "num_citations_10y": 1, "publications_years": {"2015": 1}, "citations_years": {"2017": 1}, "old_citations": {"2015": 1}, "isVisible": false}, "2807362054": {"name": "t kar", "type": "author", "activity": 6, "h_index": 2, "h5_index": 2, "mag_id": "2807362054", "num_publications": 1, "num_citations": 5, "num_publications_5y": 1, "num_citations_5y": 3, "num_publications_10y": 1, "num_citations_10y": 3, "publications_years": {"2015": 1}, "citations_years": {"2015": 1, "2016": 1, "2017": 1, "2018": 0, "2019": 1, "2020": 1}, "old_citations": {"2015": 5}, "isVisible": false}, "2930181580": {"name": "p k sahu", "type": "author", "activity": 18, "h_index": 9, "h5_index": 4, "mag_id": "2930181580", "num_publications": 1, "num_citations": 0, "num_publications_5y": 1, "num_citations_5y": 0, "num_publications_10y": 1, "num_citations_10y": 0, "publications_years": {"2015": 1}, "citations_years": {}, "old_citations": {"2015": 0}, "isVisible": false}}, "countries": {"India": {"name": "India", "type": "country", "h5_index": 78, "num_publications": 23, "num_citations": 30, "num_publications_5y": 23, "num_citations_5y": 19, "num_publications_10y": 23, "num_citations_10y": 19, "publications_years": {"2015": 23}, "citations_years": {"2018": 11, "2015": 1, "2016": 2, "2017": 5, "2019": 6, "2020": 5}, "old_citations": {"2015": 31}, "isVisible": false}, "Iran": {"name": "Iran", "type": "country", "h5_index": 63, "num_publications": 1, "num_citations": 2, "num_publications_5y": 1, "num_citations_5y": 2, "num_publications_10y": 1, "num_citations_10y": 2, "publications_years": {"2015": 1}, "citations_years": {"2015": 2}, "old_citations": {"2015": 2}, "isVisible": false}, "South Korea": {"name": "South Korea", "type": "country", "h5_index": 100, "num_publications": 1, "num_citations": 0, "num_publications_5y": 1, "num_citations_5y": 0, "num_publications_10y": 1, "num_citations_10y": 0, "publications_years": {"2015": 1}, "citations_years": {}, "old_citations": {"2015": 0}, "isVisible": false}}, "industrial_sectors": {"computing_and_it": {"name": "computing_and_it", "type": "industrial sector", "h5_index": 221, "num_publications": 1, "num_citations": 0, "num_publications_5y": 1, "num_citations_5y": 0, "num_publications_10y": 1, "num_citations_10y": 0, "publications_years": {"2015": 1}, "citations_years": {}, "old_citations": {"2015": 0}, "isVisible": false}, "technology": {"name": "technology", "type": "industrial sector", "h5_index": 229, "num_publications": 1, "num_citations": 0, "num_publications_5y": 1, "num_citations_5y": 0, "num_publications_10y": 1, "num_citations_10y": 0, "publications_years": {"2015": 1}, "citations_years": {}, "old_citations": {"2015": 0}, "isVisible": false}}}, "conference_comparison": {"computer science": {}}, "topics_dna": {"publications": {}, "citations": {"normalized": {}, "average": {}}}, "info": {"num_publications": 37, "num_citations": 47.0, "impact_factor": {}, "publications_years": {"2015": 37}, "citations_years": {"2015": 3, "2016": 4, "2017": 10, "2018": 13, "2019": 10, "2020": 6}, "old_citations": {"2015": 47}, "h5_index": 0}, "percentile": {"computer science": {"2015": 58}}, "conference_ranking": {"computer science": {"2015": 1759}}, "academia": {"num_publications": 24, "num_citations": 33, "publications_years": {"2015": 24}, "old_citations": {"2015": 33}, "num_publications_5y": 0, "num_citations_5y": 0, "num_publications_10y": 24, "num_citations_10y": 33}, "industry": {"num_publications": 0, "num_citations": 0, "publications_years": {}, "old_citations": {}, "num_publications_5y": 0, "num_citations_5y": 0, "num_publications_10y": 0, "num_citations_10y": 0}, "collaborative": {"num_publications": 1, "num_citations": 0, "publications_years": {"2015": 1}, "old_citations": {"2015": 0}, "num_publications_5y": 0, "num_citations_5y": 0, "num_publications_10y": 1, "num_citations_10y": 0}, "conferences": {}, "journals": {}, "organizations": {"publication_overall": ["Siksha O Anusandhan University", "Indian Institute of Technology Bhubaneswar", "Jadavpur University", "Andhra University", "KIIT University", "National Institute of Technology Rourkela", "DAV University", "GITAM University", "Guru Ghasidas Vishwavidyalaya", "Indian Institute of Technology Kharagpur", "Indira Gandhi Institute of Technology", "Korea Advanced Institute of Science and Technology", "Malaviya National Institute of Technology Jaipur", "Shahrekord University", "Tata Consultancy Services (India)"], "citation_overall": ["Siksha O Anusandhan University", "Jadavpur University", "KIIT University", "Malaviya National Institute of Technology Jaipur", "Andhra University", "DAV University", "Shahrekord University", "Indian Institute of Technology Bhubaneswar", "Indian Institute of Technology Kharagpur", "Indira Gandhi Institute of Technology", "National Institute of Technology Rourkela", "GITAM University", "Guru Ghasidas Vishwavidyalaya", "Korea Advanced Institute of Science and Technology", "Tata Consultancy Services (India)"], "publication_10_years": ["Siksha O Anusandhan University", "Indian Institute of Technology Bhubaneswar", "Jadavpur University", "Andhra University", "KIIT University", "National Institute of Technology Rourkela", "DAV University", "GITAM University", "Guru Ghasidas Vishwavidyalaya", "Indian Institute of Technology Kharagpur", "Indira Gandhi Institute of Technology", "Korea Advanced Institute of Science and Technology", "Malaviya National Institute of Technology Jaipur", "Shahrekord University", "Tata Consultancy Services (India)"], "citation_10_years": ["Siksha O Anusandhan University", "Jadavpur University", "KIIT University", "Malaviya National Institute of Technology Jaipur", "Andhra University", "DAV University", "Shahrekord University", "Indian Institute of Technology Bhubaneswar", "Indian Institute of Technology Kharagpur", "Indira Gandhi Institute of Technology", "National Institute of Technology Rourkela", "GITAM University", "Guru Ghasidas Vishwavidyalaya", "Korea Advanced Institute of Science and Technology", "Tata Consultancy Services (India)"], "publication_5_years": [], "citation_5_years": []}, "countries": {"publication_overall": ["India", "Iran", "South Korea"], "citation_overall": ["India", "Iran", "South Korea"], "publication_10_years": ["India", "Iran", "South Korea"], "citation_10_years": ["India", "Iran", "South Korea"], "publication_5_years": [], "citation_5_years": []}, "topics": {"publication_overall": ["computer science", "computer systems", "artificial intelligence", "engineering", "machine learning", "mathematics", "computer networks", "signal processing", "computer hardware", "neural networks", "sensors", "telecommunication systems", "communication systems", "computer imaging and vision", "image processing", "wireless telecommunication systems", "signal to noise ratio", "telecommunication networks", "correlation analysis", "image analysis"], "citation_overall": ["computer science", "computer systems", "engineering", "mathematics", "artificial intelligence", "machine learning", "signal processing", "computer networks", "communication systems", "telecommunication systems", "wireless telecommunication systems", "computer hardware", "signal detection", "signal to noise ratio", "telecommunication networks", "correlation analysis", "sensors", "communication channels (information theory)", "data mining", "optimization"], "publication_10_years": ["computer science", "computer systems", "artificial intelligence", "engineering", "machine learning", "mathematics", "computer networks", "signal processing", "computer hardware", "neural networks", "sensors", "telecommunication systems", "communication systems", "computer imaging and vision", "image processing", "wireless telecommunication systems", "signal to noise ratio", "telecommunication networks", "correlation analysis", "image analysis"], "citation_10_years": ["computer science", "computer systems", "engineering", "mathematics", "artificial intelligence", "machine learning", "signal processing", "computer networks", "communication systems", "telecommunication systems", "wireless telecommunication systems", "computer hardware", "signal detection", "signal to noise ratio", "telecommunication networks", "correlation analysis", "sensors", "communication channels (information theory)", "data mining", "optimization"], "publication_5_years": [], "citation_5_years": []}, "main_topics": ["computer science"], "authors": {"publication_overall": ["1931870073", "2576244611", "2132788263", "2490176053", "2630538145", "237961923", "1368526366", "1506854484", "1652386878", "1846364862", "1943220576", "1969112523", "1975332515", "1994941846", "2022838724", "2063664133", "2076803699", "2077558884", "2119293156", "2124267718", "2132857925", "2138072967", "2151269175", "2157569862", "2163557076", "2167042099", "2171997397", "2204218384", "2222134334", "2222200532", "2223588954", "2225812869", "2228432849", "2231704773", "2232429283", "2255415453", "2265201679", "2284396573", "2288012647", "2292966120", "2294009028", "2302618515", "2302902821", "2303722128", "2304406156", "2305454254", "2306248434", "2307278596", "2307773955", "2307883896", "2307971634", "2308160322", "2308201804", "2308364444", "2308968158", "2309404938", "2310087942", "2344095362", "2413436817", "2426127913", "2432618469", "2434004205", "2472439783", "2483601752", "2505352838", "2581337320", "2598747533", "2602942062", "2606060517", "2629325613", "2630513411", "2641595667", "2649999748", "2655465913", "2657236235", "2662553008", "2663818694", "2667906634", "2676056342", "2692677967", "2701703880", "2704052133", "2710134320", "2721326079", "2734703005", "2765690018", "2807362054", "2930181580"], "citation_overall": ["2576244611", "1931870073", "2124267718", "2132857925", "2228432849", "2413436817", "2649999748", "2807362054", "2022838724", "2063664133", "2344095362", "2483601752", "2598747533", "2663818694", "2138072967", "2222134334", "2265201679", "2294009028", "2302618515", "2303722128", "2305454254", "2432618469", "2490176053", "2629325613", "2630538145", "2655465913", "2657236235", "2667906634", "1652386878", "1846364862", "1975332515", "2223588954", "2232429283", "2255415453", "2288012647", "2292966120", "2307773955", "2308160322", "2308201804", "2308364444", "2505352838", "2581337320", "2630513411", "2676056342", "2692677967", "2721326079", "2765690018", "237961923", "1368526366", "1506854484", "1943220576", "1969112523", "1994941846", "2076803699", "2077558884", "2119293156", "2132788263", "2151269175", "2157569862", "2163557076", "2167042099", "2171997397", "2204218384", "2222200532", "2225812869", "2231704773", "2284396573", "2302902821", "2304406156", "2306248434", "2307278596", "2307883896", "2307971634", "2308968158", "2309404938", "2310087942", "2426127913", "2434004205", "2472439783", "2602942062", "2606060517", "2641595667", "2662553008", "2701703880", "2704052133", "2710134320", "2734703005", "2930181580"], "publication_10_years": ["1931870073", "2576244611", "2132788263", "2490176053", "2630538145", "237961923", "1368526366", "1506854484", "1652386878", "1846364862", "1943220576", "1969112523", "1975332515", "1994941846", "2022838724", "2063664133", "2076803699", "2077558884", "2119293156", "2124267718", "2132857925", "2138072967", "2151269175", "2157569862", "2163557076", "2167042099", "2171997397", "2204218384", "2222134334", "2222200532", "2223588954", "2225812869", "2228432849", "2231704773", "2232429283", "2255415453", "2265201679", "2284396573", "2288012647", "2292966120", "2294009028", "2302618515", "2302902821", "2303722128", "2304406156", "2305454254", "2306248434", "2307278596", "2307773955", "2307883896", "2307971634", "2308160322", "2308201804", "2308364444", "2308968158", "2309404938", "2310087942", "2344095362", "2413436817", "2426127913", "2432618469", "2434004205", "2472439783", "2483601752", "2505352838", "2581337320", "2598747533", "2602942062", "2606060517", "2629325613", "2630513411", "2641595667", "2649999748", "2655465913", "2657236235", "2662553008", "2663818694", "2667906634", "2676056342", "2692677967", "2701703880", "2704052133", "2710134320", "2721326079", "2734703005", "2765690018", "2807362054", "2930181580"], "citation_10_years": ["2576244611", "1931870073", "2124267718", "2132857925", "2228432849", "2413436817", "2649999748", "2807362054", "2022838724", "2063664133", "2344095362", "2483601752", "2598747533", "2663818694", "2138072967", "2222134334", "2265201679", "2294009028", "2302618515", "2303722128", "2305454254", "2432618469", "2490176053", "2629325613", "2630538145", "2655465913", "2657236235", "2667906634", "1652386878", "1846364862", "1975332515", "2223588954", "2232429283", "2255415453", "2288012647", "2292966120", "2307773955", "2308160322", "2308201804", "2308364444", "2505352838", "2581337320", "2630513411", "2676056342", "2692677967", "2721326079", "2765690018", "237961923", "1368526366", "1506854484", "1943220576", "1969112523", "1994941846", "2076803699", "2077558884", "2119293156", "2132788263", "2151269175", "2157569862", "2163557076", "2167042099", "2171997397", "2204218384", "2222200532", "2225812869", "2231704773", "2284396573", "2302902821", "2304406156", "2306248434", "2307278596", "2307883896", "2307971634", "2308968158", "2309404938", "2310087942", "2426127913", "2434004205", "2472439783", "2602942062", "2606060517", "2641595667", "2662553008", "2701703880", "2704052133", "2710134320", "2734703005", "2930181580"], "publication_5_years": [], "citation_5_years": []}, "industrial_sectors": {"publication_overall": ["computing_and_it", "technology"], "citation_overall": ["computing_and_it", "technology"], "publication_10_years": ["computing_and_it", "technology"], "citation_10_years": ["computing_and_it", "technology"], "publication_5_years": [], "citation_5_years": []}}