{"name": "International Conference of European University Information Systems on Changing Universities", "acronym": "EUISCU", "type": "conference", "uniqueEntities": {"organizations": {"University of \u00c9vora": {"name": "University of \u00c9vora", "type": "organization", "organization_type": "Education", "h_index": 25, "h5_index": 6, "num_publications": 1, "num_citations": 0, "num_publications_5y": 0, "num_citations_5y": 0, "num_publications_10y": 0, "num_citations_10y": 0, "publications_years": {"2001": 1}, "citations_years": {}, "old_citations": {"2001": 0}, "isVisible": false}}, "topics": {"computer science": {"name": "computer science", "type": "topic", "h_index": 1779, "h5_index": 416, "num_publications": 50, "num_citations": 31, "num_publications_5y": 0, "num_citations_5y": 0, "num_publications_10y": 0, "num_citations_10y": 7, "publications_years": {"2001": 50}, "citations_years": {"2011": 4, "2012": 1, "2007": 4, "2002": 5, "2003": 3, "2004": 0, "2005": 2, "2006": 5, "2008": 2, "2009": 0, "2010": 2, "2001": 3}, "old_citations": {"2001": 32}, "isVisible": false}, "computer systems": {"name": "computer systems", "type": "topic", "h_index": 1595, "h5_index": 367, "num_publications": 42, "num_citations": 26, "num_publications_5y": 0, "num_citations_5y": 0, "num_publications_10y": 0, "num_citations_10y": 7, "publications_years": {"2001": 42}, "citations_years": {"2011": 4, "2012": 1, "2007": 4, "2002": 3, "2003": 3, "2004": 0, "2005": 2, "2006": 3, "2008": 2, "2009": 0, "2010": 2, "2001": 2}, "old_citations": {"2001": 27}, "isVisible": false}, "education": {"name": "education", "type": "topic", "h_index": 639, "h5_index": 124, "num_publications": 36, "num_citations": 26, "num_publications_5y": 0, "num_citations_5y": 0, "num_publications_10y": 0, "num_citations_10y": 7, "publications_years": {"2001": 36}, "citations_years": {"2011": 4, "2012": 1, "2007": 4, "2002": 4, "2003": 3, "2004": 0, "2005": 2, "2006": 3, "2008": 2, "2009": 0, "2010": 2, "2001": 1}, "old_citations": {"2001": 27}, "isVisible": false}, "university": {"name": "university", "type": "topic", "h_index": 384, "h5_index": 70, "num_publications": 30, "num_citations": 18, "num_publications_5y": 0, "num_citations_5y": 0, "num_publications_10y": 0, "num_citations_10y": 6, "publications_years": {"2001": 30}, "citations_years": {"2011": 3, "2012": 1, "2007": 3, "2002": 3, "2003": 1, "2004": 0, "2005": 1, "2006": 2, "2008": 2, "2009": 0, "2010": 2}, "old_citations": {"2001": 19}, "isVisible": false}, "information systems": {"name": "information systems", "type": "topic", "h_index": 679, "h5_index": 124, "num_publications": 24, "num_citations": 23, "num_publications_5y": 0, "num_citations_5y": 0, "num_publications_10y": 0, "num_citations_10y": 6, "publications_years": {"2001": 24}, "citations_years": {"2011": 3, "2012": 1, "2007": 4, "2002": 3, "2003": 2, "2004": 0, "2005": 2, "2006": 3, "2008": 2, "2009": 0, "2010": 2, "2001": 1}, "old_citations": {"2001": 24}, "isVisible": false}, "computer networks": {"name": "computer networks", "type": "topic", "h_index": 1262, "h5_index": 332, "num_publications": 22, "num_citations": 11, "num_publications_5y": 0, "num_citations_5y": 0, "num_publications_10y": 0, "num_citations_10y": 0, "publications_years": {"2001": 22}, "citations_years": {"2007": 2, "2008": 1, "2001": 2, "2002": 2, "2003": 0, "2004": 0, "2005": 0, "2006": 4}, "old_citations": {"2001": 12}, "isVisible": false}, "internet": {"name": "internet", "type": "topic", "h_index": 1102, "h5_index": 245, "num_publications": 21, "num_citations": 14, "num_publications_5y": 0, "num_citations_5y": 0, "num_publications_10y": 0, "num_citations_10y": 1, "publications_years": {"2001": 21}, "citations_years": {"2007": 2, "2008": 1, "2003": 2, "2004": 0, "2005": 0, "2006": 5, "2009": 0, "2010": 0, "2011": 1, "2001": 2, "2002": 1}, "old_citations": {"2001": 15}, "isVisible": false}, "telecommunication systems": {"name": "telecommunication systems", "type": "topic", "h_index": 1187, "h5_index": 277, "num_publications": 17, "num_citations": 6, "num_publications_5y": 0, "num_citations_5y": 0, "num_publications_10y": 0, "num_citations_10y": 0, "publications_years": {"2001": 17}, "citations_years": {"2007": 2, "2008": 1, "2001": 1, "2006": 2}, "old_citations": {"2001": 6}, "isVisible": false}, "information technology": {"name": "information technology", "type": "topic", "h_index": 696, "h5_index": 149, "num_publications": 16, "num_citations": 10, "num_publications_5y": 0, "num_citations_5y": 0, "num_publications_10y": 0, "num_citations_10y": 5, "publications_years": {"2001": 16}, "citations_years": {"2011": 3, "2012": 1, "2008": 1, "2007": 2, "2009": 0, "2010": 1, "2006": 2}, "old_citations": {"2001": 11}, "isVisible": false}, "computer security": {"name": "computer security", "type": "topic", "h_index": 977, "h5_index": 220, "num_publications": 15, "num_citations": 6, "num_publications_5y": 0, "num_citations_5y": 0, "num_publications_10y": 0, "num_citations_10y": 0, "publications_years": {"2001": 15}, "citations_years": {"2008": 1, "2003": 1, "2002": 1, "2006": 2, "2007": 1}, "old_citations": {"2001": 7}, "isVisible": false}, "curricula": {"name": "curricula", "type": "topic", "h_index": 409, "h5_index": 78, "num_publications": 15, "num_citations": 20, "num_publications_5y": 0, "num_citations_5y": 0, "num_publications_10y": 0, "num_citations_10y": 4, "publications_years": {"2001": 15}, "citations_years": {"2011": 2, "2012": 1, "2007": 3, "2002": 3, "2003": 2, "2004": 0, "2005": 2, "2006": 3, "2008": 2, "2009": 0, "2010": 1, "2001": 1}, "old_citations": {"2001": 21}, "isVisible": false}, "telecommunication networks": {"name": "telecommunication networks", "type": "topic", "h_index": 1116, "h5_index": 258, "num_publications": 15, "num_citations": 6, "num_publications_5y": 0, "num_citations_5y": 0, "num_publications_10y": 0, "num_citations_10y": 0, "publications_years": {"2001": 15}, "citations_years": {"2007": 2, "2008": 1, "2001": 1, "2006": 2}, "old_citations": {"2001": 6}, "isVisible": false}, "database systems": {"name": "database systems", "type": "topic", "h_index": 1167, "h5_index": 276, "num_publications": 14, "num_citations": 7, "num_publications_5y": 0, "num_citations_5y": 0, "num_publications_10y": 0, "num_citations_10y": 5, "publications_years": {"2001": 14}, "citations_years": {"2011": 3, "2012": 1, "2003": 1, "2007": 1, "2008": 0, "2009": 0, "2010": 1}, "old_citations": {"2001": 7}, "isVisible": false}, "telecommunication traffic": {"name": "telecommunication traffic", "type": "topic", "h_index": 1036, "h5_index": 233, "num_publications": 14, "num_citations": 6, "num_publications_5y": 0, "num_citations_5y": 0, "num_publications_10y": 0, "num_citations_10y": 0, "publications_years": {"2001": 14}, "citations_years": {"2007": 2, "2008": 1, "2001": 1, "2006": 2}, "old_citations": {"2001": 6}, "isVisible": false}, "e-learning": {"name": "e-learning", "type": "topic", "h_index": 392, "h5_index": 80, "num_publications": 12, "num_citations": 19, "num_publications_5y": 0, "num_citations_5y": 0, "num_publications_10y": 0, "num_citations_10y": 4, "publications_years": {"2001": 12}, "citations_years": {"2011": 2, "2012": 1, "2007": 3, "2002": 3, "2003": 2, "2004": 0, "2005": 2, "2006": 3, "2008": 1, "2009": 0, "2010": 1, "2001": 1}, "old_citations": {"2001": 19}, "isVisible": false}, "communication systems": {"name": "communication systems", "type": "topic", "h_index": 1092, "h5_index": 254, "num_publications": 11, "num_citations": 3, "num_publications_5y": 0, "num_citations_5y": 0, "num_publications_10y": 0, "num_citations_10y": 0, "publications_years": {"2001": 11}, "citations_years": {"2007": 1, "2008": 1, "2001": 1}, "old_citations": {"2001": 3}, "isVisible": false}, "computer hardware": {"name": "computer hardware", "type": "topic", "h_index": 1150, "h5_index": 279, "num_publications": 11, "num_citations": 2, "num_publications_5y": 0, "num_citations_5y": 0, "num_publications_10y": 0, "num_citations_10y": 0, "publications_years": {"2001": 11}, "citations_years": {"2007": 1, "2008": 1}, "old_citations": {"2001": 2}, "isVisible": false}, "human computer interaction": {"name": "human computer interaction", "type": "topic", "h_index": 934, "h5_index": 215, "num_publications": 11, "num_citations": 9, "num_publications_5y": 0, "num_citations_5y": 0, "num_publications_10y": 0, "num_citations_10y": 1, "publications_years": {"2001": 11}, "citations_years": {"2002": 3, "2003": 1, "2004": 0, "2005": 2, "2006": 0, "2007": 1, "2008": 1, "2009": 0, "2010": 1}, "old_citations": {"2001": 9}, "isVisible": false}, "security of data": {"name": "security of data", "type": "topic", "h_index": 883, "h5_index": 199, "num_publications": 11, "num_citations": 5, "num_publications_5y": 0, "num_citations_5y": 0, "num_publications_10y": 0, "num_citations_10y": 0, "publications_years": {"2001": 11}, "citations_years": {"2008": 1, "2002": 1, "2006": 2, "2007": 1}, "old_citations": {"2001": 6}, "isVisible": false}, "wireless telecommunication systems": {"name": "wireless telecommunication systems", "type": "topic", "h_index": 1087, "h5_index": 254, "num_publications": 11, "num_citations": 3, "num_publications_5y": 0, "num_citations_5y": 0, "num_publications_10y": 0, "num_citations_10y": 0, "publications_years": {"2001": 11}, "citations_years": {"2007": 1, "2008": 1, "2001": 1}, "old_citations": {"2001": 3}, "isVisible": false}, "bandwidth": {"name": "bandwidth", "type": "topic", "h_index": 922, "h5_index": 201, "num_publications": 10, "num_citations": 10, "num_publications_5y": 0, "num_citations_5y": 0, "num_publications_10y": 0, "num_citations_10y": 0, "publications_years": {"2001": 10}, "citations_years": {"2007": 2, "2008": 1, "2001": 2, "2002": 1, "2003": 0, "2004": 0, "2005": 0, "2006": 4}, "old_citations": {"2001": 10}, "isVisible": false}, "education technology": {"name": "education technology", "type": "topic", "h_index": 166, "h5_index": 35, "num_publications": 5, "num_citations": 10, "num_publications_5y": 0, "num_citations_5y": 0, "num_publications_10y": 0, "num_citations_10y": 3, "publications_years": {"2001": 5}, "citations_years": {"2011": 1, "2012": 1, "2002": 2, "2003": 0, "2004": 0, "2005": 1, "2006": 2, "2007": 1, "2008": 1, "2009": 0, "2010": 1}, "old_citations": {"2001": 10}, "isVisible": false}, "educational technology": {"name": "educational technology", "type": "topic", "h_index": 176, "h5_index": 36, "num_publications": 5, "num_citations": 10, "num_publications_5y": 0, "num_citations_5y": 0, "num_publications_10y": 0, "num_citations_10y": 3, "publications_years": {"2001": 5}, "citations_years": {"2011": 1, "2012": 1, "2002": 2, "2003": 0, "2004": 0, "2005": 1, "2006": 2, "2007": 1, "2008": 1, "2009": 0, "2010": 1}, "old_citations": {"2001": 10}, "isVisible": false}, "learning environments": {"name": "learning environments", "type": "topic", "h_index": 269, "h5_index": 59, "num_publications": 4, "num_citations": 10, "num_publications_5y": 0, "num_citations_5y": 0, "num_publications_10y": 0, "num_citations_10y": 3, "publications_years": {"2001": 4}, "citations_years": {"2011": 1, "2012": 1, "2002": 3, "2003": 0, "2004": 0, "2005": 2, "2006": 0, "2007": 1, "2008": 1, "2009": 0, "2010": 1}, "old_citations": {"2001": 10}, "isVisible": false}, "computer aided instruction": {"name": "computer aided instruction", "type": "topic", "h_index": 269, "h5_index": 51, "num_publications": 3, "num_citations": 8, "num_publications_5y": 0, "num_citations_5y": 0, "num_publications_10y": 0, "num_citations_10y": 1, "publications_years": {"2001": 3}, "citations_years": {"2002": 3, "2003": 0, "2004": 0, "2005": 2, "2006": 0, "2007": 1, "2008": 1, "2009": 0, "2010": 1}, "old_citations": {"2001": 8}, "isVisible": false}, "distance education": {"name": "distance education", "type": "topic", "h_index": 183, "h5_index": 51, "num_publications": 4, "num_citations": 8, "num_publications_5y": 0, "num_citations_5y": 0, "num_publications_10y": 0, "num_citations_10y": 1, "publications_years": {"2001": 4}, "citations_years": {"2007": 2, "2003": 2, "2004": 0, "2005": 0, "2006": 3, "2008": 0, "2009": 0, "2010": 0, "2011": 1}, "old_citations": {"2001": 8}, "isVisible": false}, "network architecture": {"name": "network architecture", "type": "topic", "h_index": 747, "h5_index": 266, "num_publications": 7, "num_citations": 8, "num_publications_5y": 0, "num_citations_5y": 0, "num_publications_10y": 0, "num_citations_10y": 0, "publications_years": {"2001": 7}, "citations_years": {"2001": 2, "2002": 1, "2003": 0, "2004": 0, "2005": 0, "2006": 4, "2007": 1}, "old_citations": {"2001": 8}, "isVisible": false}, "online systems": {"name": "online systems", "type": "topic", "h_index": 535, "h5_index": 136, "num_publications": 6, "num_citations": 8, "num_publications_5y": 0, "num_citations_5y": 0, "num_publications_10y": 0, "num_citations_10y": 1, "publications_years": {"2001": 6}, "citations_years": {"2001": 1, "2003": 2, "2004": 0, "2005": 0, "2006": 3, "2007": 1, "2008": 0, "2009": 0, "2010": 0, "2011": 1}, "old_citations": {"2001": 8}, "isVisible": false}, "web based learning": {"name": "web based learning", "type": "topic", "h_index": 91, "h5_index": 13, "num_publications": 2, "num_citations": 8, "num_publications_5y": 0, "num_citations_5y": 0, "num_publications_10y": 0, "num_citations_10y": 1, "publications_years": {"2001": 2}, "citations_years": {"2002": 3, "2003": 0, "2004": 0, "2005": 2, "2006": 0, "2007": 1, "2008": 1, "2009": 0, "2010": 1}, "old_citations": {"2001": 8}, "isVisible": false}}, "authors": {"229365224": {"name": "erkki sutinen", "type": "author", "activity": 22, "h_index": 22, "h5_index": 2, "mag_id": "229365224", "num_publications": 2, "num_citations": 5, "num_publications_5y": 0, "num_citations_5y": 0, "num_publications_10y": 0, "num_citations_10y": 1, "publications_years": {"2001": 2}, "citations_years": {"2002": 2, "2003": 0, "2004": 0, "2005": 1, "2006": 0, "2007": 0, "2008": 1, "2009": 0, "2010": 1}, "old_citations": {"2001": 5}, "isVisible": false}, "265405548": {"name": "iva hollanova", "type": "author", "activity": 1, "h_index": 0, "h5_index": 0, "mag_id": "265405548", "num_publications": 2, "num_citations": 0, "num_publications_5y": 0, "num_citations_5y": 0, "num_publications_10y": 0, "num_citations_10y": 0, "publications_years": {"2001": 2}, "citations_years": {}, "old_citations": {"2001": 0}, "isVisible": false}, "2251436585": {"name": "jan pazdziora", "type": "author", "activity": 2, "h_index": 1, "h5_index": 0, "mag_id": "2251436585", "num_publications": 2, "num_citations": 0, "num_publications_5y": 0, "num_citations_5y": 0, "num_publications_10y": 0, "num_citations_10y": 0, "publications_years": {"2001": 2}, "citations_years": {}, "old_citations": {"2001": 0}, "isVisible": false}, "2285768661": {"name": "michal brandejs", "type": "author", "activity": 22, "h_index": 5, "h5_index": 0, "mag_id": "2285768661", "num_publications": 2, "num_citations": 0, "num_publications_5y": 0, "num_citations_5y": 0, "num_publications_10y": 0, "num_citations_10y": 0, "publications_years": {"2001": 2}, "citations_years": {}, "old_citations": {"2001": 0}, "isVisible": false}, "2331559763": {"name": "eva hladka", "type": "author", "activity": 25, "h_index": 5, "h5_index": 1, "mag_id": "2331559763", "num_publications": 2, "num_citations": 0, "num_publications_5y": 0, "num_citations_5y": 0, "num_publications_10y": 0, "num_citations_10y": 0, "publications_years": {"2001": 2}, "citations_years": {}, "old_citations": {"2001": 0}, "isVisible": false}, "2531944326": {"name": "mirka misakova", "type": "author", "activity": 1, "h_index": 0, "h5_index": 0, "mag_id": "2531944326", "num_publications": 2, "num_citations": 0, "num_publications_5y": 0, "num_citations_5y": 0, "num_publications_10y": 0, "num_citations_10y": 0, "publications_years": {"2001": 2}, "citations_years": {}, "old_citations": {"2001": 0}, "isVisible": false}, "11338106": {"name": "susanne naegelejackson", "type": "author", "activity": 10, "h_index": 3, "h5_index": 0, "mag_id": "11338106", "num_publications": 1, "num_citations": 4, "num_publications_5y": 0, "num_citations_5y": 0, "num_publications_10y": 0, "num_citations_10y": 0, "publications_years": {"2001": 1}, "citations_years": {"2001": 1, "2002": 1, "2003": 0, "2004": 0, "2005": 0, "2006": 2}, "old_citations": {"2001": 4}, "isVisible": false}, "132464337": {"name": "peter holleczek", "type": "author", "activity": 11, "h_index": 4, "h5_index": 0, "mag_id": "132464337", "num_publications": 1, "num_citations": 4, "num_publications_5y": 0, "num_citations_5y": 0, "num_publications_10y": 0, "num_citations_10y": 0, "publications_years": {"2001": 1}, "citations_years": {"2001": 1, "2002": 1, "2003": 0, "2004": 0, "2005": 0, "2006": 2}, "old_citations": {"2001": 4}, "isVisible": false}, "140608244": {"name": "natasa zabkar", "type": "author", "activity": 7, "h_index": 2, "h5_index": 0, "mag_id": "140608244", "num_publications": 1, "num_citations": 0, "num_publications_5y": 0, "num_citations_5y": 0, "num_publications_10y": 0, "num_citations_10y": 0, "publications_years": {"2001": 1}, "citations_years": {}, "old_citations": {"2001": 1}, "isVisible": false}, "169832050": {"name": "anne tchounikine", "type": "author", "activity": 20, "h_index": 11, "h5_index": 0, "mag_id": "169832050", "num_publications": 1, "num_citations": 1, "num_publications_5y": 0, "num_citations_5y": 0, "num_publications_10y": 0, "num_citations_10y": 1, "publications_years": {"2001": 1}, "citations_years": {"2011": 1}, "old_citations": {"2001": 1}, "isVisible": false}, "348858100": {"name": "thomas m warschko", "type": "author", "activity": 10, "h_index": 7, "h5_index": 0, "mag_id": "348858100", "num_publications": 1, "num_citations": 0, "num_publications_5y": 0, "num_citations_5y": 0, "num_publications_10y": 0, "num_citations_10y": 0, "publications_years": {"2001": 1}, "citations_years": {}, "old_citations": {"2001": 0}, "isVisible": false}, "1123174592": {"name": "jarkko suhonen", "type": "author", "activity": 20, "h_index": 10, "h5_index": 4, "mag_id": "1123174592", "num_publications": 1, "num_citations": 5, "num_publications_5y": 0, "num_citations_5y": 0, "num_publications_10y": 0, "num_citations_10y": 1, "publications_years": {"2001": 1}, "citations_years": {"2002": 2, "2003": 0, "2004": 0, "2005": 1, "2006": 0, "2007": 0, "2008": 1, "2009": 0, "2010": 1}, "old_citations": {"2001": 5}, "isVisible": false}, "1240965712": {"name": "erich strohmaier", "type": "author", "activity": 24, "h_index": 10, "h5_index": 0, "mag_id": "1240965712", "num_publications": 1, "num_citations": 0, "num_publications_5y": 0, "num_citations_5y": 0, "num_publications_10y": 0, "num_citations_10y": 0, "publications_years": {"2001": 1}, "citations_years": {}, "old_citations": {"2001": 0}, "isVisible": false}, "1857448547": {"name": "heikki topi", "type": "author", "activity": 29, "h_index": 14, "h5_index": 1, "mag_id": "1857448547", "num_publications": 1, "num_citations": 0, "num_publications_5y": 0, "num_citations_5y": 0, "num_publications_10y": 0, "num_citations_10y": 0, "publications_years": {"2001": 1}, "citations_years": {}, "old_citations": {"2001": 0}, "isVisible": false}, "1868883008": {"name": "pierangela mazzon", "type": "author", "activity": 3, "h_index": 0, "h5_index": 0, "mag_id": "1868883008", "num_publications": 1, "num_citations": 0, "num_publications_5y": 0, "num_citations_5y": 0, "num_publications_10y": 0, "num_citations_10y": 0, "publications_years": {"2001": 1}, "citations_years": {}, "old_citations": {"2001": 0}, "isVisible": false}, "1963650318": {"name": "arto haataja", "type": "author", "activity": 1, "h_index": 3, "h5_index": 0, "mag_id": "1963650318", "num_publications": 1, "num_citations": 5, "num_publications_5y": 0, "num_citations_5y": 0, "num_publications_10y": 0, "num_citations_10y": 1, "publications_years": {"2001": 1}, "citations_years": {"2002": 2, "2003": 0, "2004": 0, "2005": 1, "2006": 0, "2007": 0, "2008": 1, "2009": 0, "2010": 1}, "old_citations": {"2001": 5}, "isVisible": false}, "1964647547": {"name": "kenneth s blackney", "type": "author", "activity": 1, "h_index": 0, "h5_index": 0, "mag_id": "1964647547", "num_publications": 1, "num_citations": 0, "num_publications_5y": 0, "num_citations_5y": 0, "num_publications_10y": 0, "num_citations_10y": 0, "publications_years": {"2001": 1}, "citations_years": {}, "old_citations": {"2001": 0}, "isVisible": false}, "1966902444": {"name": "peter bogatencov", "type": "author", "activity": 18, "h_index": 1, "h5_index": 1, "mag_id": "1966902444", "num_publications": 1, "num_citations": 0, "num_publications_5y": 0, "num_citations_5y": 0, "num_publications_10y": 0, "num_citations_10y": 0, "publications_years": {"2001": 1}, "citations_years": {}, "old_citations": {"2001": 0}, "isVisible": false}, "1987802528": {"name": "serge aumont", "type": "author", "activity": 1, "h_index": 0, "h5_index": 0, "mag_id": "1987802528", "num_publications": 1, "num_citations": 0, "num_publications_5y": 0, "num_citations_5y": 0, "num_publications_10y": 0, "num_citations_10y": 0, "publications_years": {"2001": 1}, "citations_years": {}, "old_citations": {"2001": 0}, "isVisible": false}, "2000672867": {"name": "bjoern feustel", "type": "author", "activity": 1, "h_index": 2, "h5_index": 0, "mag_id": "2000672867", "num_publications": 1, "num_citations": 0, "num_publications_5y": 0, "num_citations_5y": 0, "num_publications_10y": 0, "num_citations_10y": 0, "publications_years": {"2001": 1}, "citations_years": {}, "old_citations": {"2001": 0}, "isVisible": false}, "2010426092": {"name": "elisabetta marinoni", "type": "author", "activity": 3, "h_index": 0, "h5_index": 0, "mag_id": "2010426092", "num_publications": 1, "num_citations": 0, "num_publications_5y": 0, "num_citations_5y": 0, "num_publications_10y": 0, "num_citations_10y": 0, "publications_years": {"2001": 1}, "citations_years": {}, "old_citations": {"2001": 0}, "isVisible": false}, "2017250984": {"name": "jorma kajava", "type": "author", "activity": 12, "h_index": 3, "h5_index": 0, "mag_id": "2017250984", "num_publications": 1, "num_citations": 0, "num_publications_5y": 0, "num_citations_5y": 0, "num_publications_10y": 0, "num_citations_10y": 0, "publications_years": {"2001": 1}, "citations_years": {}, "old_citations": {"2001": 0}, "isVisible": false}, "2032494115": {"name": "andreas karpati", "type": "author", "activity": 6, "h_index": 3, "h5_index": 0, "mag_id": "2032494115", "num_publications": 1, "num_citations": 0, "num_publications_5y": 0, "num_citations_5y": 0, "num_publications_10y": 0, "num_citations_10y": 0, "publications_years": {"2001": 1}, "citations_years": {}, "old_citations": {"2001": 0}, "isVisible": false}, "2037658064": {"name": "antonella zane", "type": "author", "activity": 19, "h_index": 0, "h5_index": 0, "mag_id": "2037658064", "num_publications": 1, "num_citations": 0, "num_publications_5y": 0, "num_citations_5y": 0, "num_publications_10y": 0, "num_citations_10y": 0, "publications_years": {"2001": 1}, "citations_years": {}, "old_citations": {"2001": 0}, "isVisible": false}, "2041995591": {"name": "viljan mahnic", "type": "author", "activity": 19, "h_index": 6, "h5_index": 0, "mag_id": "2041995591", "num_publications": 1, "num_citations": 0, "num_publications_5y": 0, "num_citations_5y": 0, "num_publications_10y": 0, "num_citations_10y": 0, "publications_years": {"2001": 1}, "citations_years": {}, "old_citations": {"2001": 1}, "isVisible": false}, "2067365043": {"name": "hans werner meuer", "type": "author", "activity": 24, "h_index": 5, "h5_index": 0, "mag_id": "2067365043", "num_publications": 1, "num_citations": 0, "num_publications_5y": 0, "num_citations_5y": 0, "num_publications_10y": 0, "num_citations_10y": 0, "publications_years": {"2001": 1}, "citations_years": {}, "old_citations": {"2001": 0}, "isVisible": false}, "2076518593": {"name": "torsten rack", "type": "author", "activity": 4, "h_index": 3, "h5_index": 0, "mag_id": "2076518593", "num_publications": 1, "num_citations": 0, "num_publications_5y": 0, "num_citations_5y": 0, "num_publications_10y": 0, "num_citations_10y": 0, "publications_years": {"2001": 1}, "citations_years": {}, "old_citations": {"2001": 0}, "isVisible": false}, "2077973609": {"name": "grigore secrieru", "type": "author", "activity": 15, "h_index": 0, "h5_index": 0, "mag_id": "2077973609", "num_publications": 1, "num_citations": 0, "num_publications_5y": 0, "num_citations_5y": 0, "num_publications_10y": 0, "num_citations_10y": 0, "publications_years": {"2001": 1}, "citations_years": {}, "old_citations": {"2001": 0}, "isVisible": false}, "2084099446": {"name": "marja kuittinen", "type": "author", "activity": 11, "h_index": 9, "h5_index": 0, "mag_id": "2084099446", "num_publications": 1, "num_citations": 0, "num_publications_5y": 0, "num_citations_5y": 0, "num_publications_10y": 0, "num_citations_10y": 0, "publications_years": {"2001": 1}, "citations_years": {}, "old_citations": {"2001": 0}, "isVisible": false}, "2097337370": {"name": "roberta sato", "type": "author", "activity": 3, "h_index": 0, "h5_index": 0, "mag_id": "2097337370", "num_publications": 1, "num_citations": 0, "num_publications_5y": 0, "num_citations_5y": 0, "num_publications_10y": 0, "num_citations_10y": 0, "publications_years": {"2001": 1}, "citations_years": {}, "old_citations": {"2001": 0}, "isVisible": false}, "2102629421": {"name": "stefan gradmann", "type": "author", "activity": 21, "h_index": 6, "h5_index": 0, "mag_id": "2102629421", "num_publications": 1, "num_citations": 0, "num_publications_5y": 0, "num_citations_5y": 0, "num_publications_10y": 0, "num_citations_10y": 0, "publications_years": {"2001": 1}, "citations_years": {}, "old_citations": {"2001": 0}, "isVisible": false}, "2110388375": {"name": "salvador abreu", "type": "author", "activity": 28, "h_index": 12, "h5_index": 2, "mag_id": "2110388375", "num_publications": 1, "num_citations": 0, "num_publications_5y": 0, "num_citations_5y": 0, "num_publications_10y": 0, "num_citations_10y": 0, "publications_years": {"2001": 1}, "citations_years": {}, "old_citations": {"2001": 0}, "isVisible": false}, "2110685014": {"name": "andre flory", "type": "author", "activity": 24, "h_index": 6, "h5_index": 1, "mag_id": "2110685014", "num_publications": 1, "num_citations": 1, "num_publications_5y": 0, "num_citations_5y": 0, "num_publications_10y": 0, "num_citations_10y": 1, "publications_years": {"2001": 1}, "citations_years": {"2011": 1}, "old_citations": {"2001": 1}, "isVisible": false}, "2120912615": {"name": "thomas c schmidt", "type": "author", "activity": 22, "h_index": 22, "h5_index": 11, "mag_id": "2120912615", "num_publications": 1, "num_citations": 0, "num_publications_5y": 0, "num_citations_5y": 0, "num_publications_10y": 0, "num_citations_10y": 0, "publications_years": {"2001": 1}, "citations_years": {}, "old_citations": {"2001": 0}, "isVisible": false}, "2127564798": {"name": "fidel garcia", "type": "author", "activity": 1, "h_index": 0, "h5_index": 0, "mag_id": "2127564798", "num_publications": 1, "num_citations": 0, "num_publications_5y": 0, "num_citations_5y": 0, "num_publications_10y": 0, "num_citations_10y": 0, "publications_years": {"2001": 1}, "citations_years": {}, "old_citations": {"2001": 0}, "isVisible": false}, "2136309220": {"name": "gabriel david", "type": "author", "activity": 29, "h_index": 9, "h5_index": 0, "mag_id": "2136309220", "num_publications": 1, "num_citations": 1, "num_publications_5y": 0, "num_citations_5y": 0, "num_publications_10y": 0, "num_citations_10y": 0, "publications_years": {"2001": 1}, "citations_years": {"2008": 1}, "old_citations": {"2001": 1}, "isVisible": false}, "2137959613": {"name": "donata pieri", "type": "author", "activity": 3, "h_index": 0, "h5_index": 0, "mag_id": "2137959613", "num_publications": 1, "num_citations": 0, "num_publications_5y": 0, "num_citations_5y": 0, "num_publications_10y": 0, "num_citations_10y": 0, "publications_years": {"2001": 1}, "citations_years": {}, "old_citations": {"2001": 0}, "isVisible": false}, "2147296418": {"name": "antonio ocon", "type": "author", "activity": 1, "h_index": 0, "h5_index": 0, "mag_id": "2147296418", "num_publications": 1, "num_citations": 0, "num_publications_5y": 0, "num_citations_5y": 0, "num_publications_10y": 0, "num_citations_10y": 0, "publications_years": {"2001": 1}, "citations_years": {}, "old_citations": {"2001": 0}, "isVisible": false}, "2151371919": {"name": "brigitte nomine", "type": "author", "activity": 1, "h_index": 0, "h5_index": 0, "mag_id": "2151371919", "num_publications": 1, "num_citations": 0, "num_publications_5y": 0, "num_citations_5y": 0, "num_publications_10y": 0, "num_citations_10y": 0, "publications_years": {"2001": 1}, "citations_years": {}, "old_citations": {"2001": 0}, "isVisible": false}, "2252952670": {"name": "joachim m blum", "type": "author", "activity": 6, "h_index": 6, "h5_index": 0, "mag_id": "2252952670", "num_publications": 1, "num_citations": 0, "num_publications_5y": 0, "num_citations_5y": 0, "num_publications_10y": 0, "num_citations_10y": 0, "publications_years": {"2001": 1}, "citations_years": {}, "old_citations": {"2001": 0}, "isVisible": false}, "2264345844": {"name": "monica ortolan", "type": "author", "activity": 1, "h_index": 0, "h5_index": 0, "mag_id": "2264345844", "num_publications": 1, "num_citations": 0, "num_publications_5y": 0, "num_citations_5y": 0, "num_publications_10y": 0, "num_citations_10y": 0, "publications_years": {"2001": 1}, "citations_years": {}, "old_citations": {"2001": 0}, "isVisible": false}, "2274863154": {"name": "tero rantala", "type": "author", "activity": 1, "h_index": 0, "h5_index": 0, "mag_id": "2274863154", "num_publications": 1, "num_citations": 0, "num_publications_5y": 0, "num_citations_5y": 0, "num_publications_10y": 0, "num_citations_10y": 0, "publications_years": {"2001": 1}, "citations_years": {}, "old_citations": {"2001": 0}, "isVisible": false}, "2276055504": {"name": "jean xech", "type": "author", "activity": 1, "h_index": 0, "h5_index": 0, "mag_id": "2276055504", "num_publications": 1, "num_citations": 0, "num_publications_5y": 0, "num_citations_5y": 0, "num_publications_10y": 0, "num_citations_10y": 0, "publications_years": {"2001": 1}, "citations_years": {}, "old_citations": {"2001": 0}, "isVisible": false}, "2276217413": {"name": "juhani paananen", "type": "author", "activity": 1, "h_index": 0, "h5_index": 0, "mag_id": "2276217413", "num_publications": 1, "num_citations": 0, "num_publications_5y": 0, "num_citations_5y": 0, "num_publications_10y": 0, "num_citations_10y": 0, "publications_years": {"2001": 1}, "citations_years": {}, "old_citations": {"2001": 0}, "isVisible": false}, "2276918729": {"name": "matthias fay", "type": "author", "activity": 1, "h_index": 0, "h5_index": 0, "mag_id": "2276918729", "num_publications": 1, "num_citations": 0, "num_publications_5y": 0, "num_citations_5y": 0, "num_publications_10y": 0, "num_citations_10y": 0, "publications_years": {"2001": 1}, "citations_years": {}, "old_citations": {"2001": 0}, "isVisible": false}, "2277397776": {"name": "tapani lehtila", "type": "author", "activity": 1, "h_index": 0, "h5_index": 0, "mag_id": "2277397776", "num_publications": 1, "num_citations": 0, "num_publications_5y": 0, "num_citations_5y": 0, "num_publications_10y": 0, "num_citations_10y": 0, "publications_years": {"2001": 1}, "citations_years": {}, "old_citations": {"2001": 0}, "isVisible": false}, "2277657337": {"name": "sigrun fredenucci", "type": "author", "activity": 1, "h_index": 0, "h5_index": 0, "mag_id": "2277657337", "num_publications": 1, "num_citations": 0, "num_publications_5y": 0, "num_citations_5y": 0, "num_publications_10y": 0, "num_citations_10y": 0, "publications_years": {"2001": 1}, "citations_years": {}, "old_citations": {"2001": 0}, "isVisible": false}, "2277769621": {"name": "ollive franck", "type": "author", "activity": 1, "h_index": 1, "h5_index": 0, "mag_id": "2277769621", "num_publications": 1, "num_citations": 1, "num_publications_5y": 0, "num_citations_5y": 0, "num_publications_10y": 0, "num_citations_10y": 0, "publications_years": {"2001": 1}, "citations_years": {"2002": 1}, "old_citations": {"2001": 1}, "isVisible": false}, "2277949562": {"name": "stasys martisius", "type": "author", "activity": 1, "h_index": 0, "h5_index": 0, "mag_id": "2277949562", "num_publications": 1, "num_citations": 0, "num_publications_5y": 0, "num_citations_5y": 0, "num_publications_10y": 0, "num_citations_10y": 0, "publications_years": {"2001": 1}, "citations_years": {}, "old_citations": {"2001": 0}, "isVisible": false}, "2278576662": {"name": "wolfgang schmid", "type": "author", "activity": 1, "h_index": 0, "h5_index": 0, "mag_id": "2278576662", "num_publications": 1, "num_citations": 0, "num_publications_5y": 0, "num_citations_5y": 0, "num_publications_10y": 0, "num_citations_10y": 0, "publications_years": {"2001": 1}, "citations_years": {}, "old_citations": {"2001": 0}, "isVisible": false}, "2278701474": {"name": "soile harjala", "type": "author", "activity": 1, "h_index": 0, "h5_index": 0, "mag_id": "2278701474", "num_publications": 1, "num_citations": 0, "num_publications_5y": 0, "num_citations_5y": 0, "num_publications_10y": 0, "num_citations_10y": 0, "publications_years": {"2001": 1}, "citations_years": {}, "old_citations": {"2001": 0}, "isVisible": false}, "2286570809": {"name": "annick bernard", "type": "author", "activity": 1, "h_index": 0, "h5_index": 0, "mag_id": "2286570809", "num_publications": 1, "num_citations": 0, "num_publications_5y": 0, "num_citations_5y": 0, "num_publications_10y": 0, "num_citations_10y": 0, "publications_years": {"2001": 1}, "citations_years": {}, "old_citations": {"2001": 0}, "isVisible": false}, "2300092357": {"name": "luis alvarez", "type": "author", "activity": 1, "h_index": 0, "h5_index": 0, "mag_id": "2300092357", "num_publications": 1, "num_citations": 0, "num_publications_5y": 0, "num_citations_5y": 0, "num_publications_10y": 0, "num_citations_10y": 0, "publications_years": {"2001": 1}, "citations_years": {}, "old_citations": {"2001": 0}, "isVisible": false}, "2320611936": {"name": "roman sulovec", "type": "author", "activity": 1, "h_index": 0, "h5_index": 0, "mag_id": "2320611936", "num_publications": 1, "num_citations": 0, "num_publications_5y": 0, "num_citations_5y": 0, "num_publications_10y": 0, "num_citations_10y": 0, "publications_years": {"2001": 1}, "citations_years": {}, "old_citations": {"2001": 0}, "isVisible": false}, "2332885524": {"name": "jacky thibault", "type": "author", "activity": 1, "h_index": 0, "h5_index": 0, "mag_id": "2332885524", "num_publications": 1, "num_citations": 0, "num_publications_5y": 0, "num_citations_5y": 0, "num_publications_10y": 0, "num_citations_10y": 0, "publications_years": {"2001": 1}, "citations_years": {}, "old_citations": {"2001": 0}, "isVisible": false}, "2359255137": {"name": "oliver salaun", "type": "author", "activity": 1, "h_index": 0, "h5_index": 0, "mag_id": "2359255137", "num_publications": 1, "num_citations": 0, "num_publications_5y": 0, "num_citations_5y": 0, "num_publications_10y": 0, "num_citations_10y": 0, "publications_years": {"2001": 1}, "citations_years": {}, "old_citations": {"2001": 0}, "isVisible": false}, "2399094734": {"name": "alexander hertz", "type": "author", "activity": 1, "h_index": 0, "h5_index": 0, "mag_id": "2399094734", "num_publications": 1, "num_citations": 0, "num_publications_5y": 0, "num_citations_5y": 0, "num_publications_10y": 0, "num_citations_10y": 0, "publications_years": {"2001": 1}, "citations_years": {}, "old_citations": {"2001": 0}, "isVisible": false}, "2406840139": {"name": "tomas kamrad", "type": "author", "activity": 1, "h_index": 0, "h5_index": 0, "mag_id": "2406840139", "num_publications": 1, "num_citations": 0, "num_publications_5y": 0, "num_citations_5y": 0, "num_publications_10y": 0, "num_citations_10y": 0, "publications_years": {"2001": 1}, "citations_years": {}, "old_citations": {"2001": 0}, "isVisible": false}, "2431110325": {"name": "john townsend", "type": "author", "activity": 1, "h_index": 1, "h5_index": 0, "mag_id": "2431110325", "num_publications": 1, "num_citations": 2, "num_publications_5y": 0, "num_citations_5y": 0, "num_publications_10y": 0, "num_citations_10y": 2, "publications_years": {"2001": 1}, "citations_years": {"2011": 1, "2012": 1}, "old_citations": {"2001": 2}, "isVisible": false}, "2467342189": {"name": "stoned elipot", "type": "author", "activity": 1, "h_index": 0, "h5_index": 0, "mag_id": "2467342189", "num_publications": 1, "num_citations": 0, "num_publications_5y": 0, "num_citations_5y": 0, "num_publications_10y": 0, "num_citations_10y": 0, "publications_years": {"2001": 1}, "citations_years": {}, "old_citations": {"2001": 0}, "isVisible": false}, "2468952492": {"name": "johanne revheim", "type": "author", "activity": 1, "h_index": 1, "h5_index": 0, "mag_id": "2468952492", "num_publications": 1, "num_citations": 1, "num_publications_5y": 0, "num_citations_5y": 0, "num_publications_10y": 0, "num_citations_10y": 0, "publications_years": {"2001": 1}, "citations_years": {"2003": 1}, "old_citations": {"2001": 1}, "isVisible": false}, "2475032654": {"name": "michael graeve", "type": "author", "activity": 1, "h_index": 1, "h5_index": 0, "mag_id": "2475032654", "num_publications": 1, "num_citations": 4, "num_publications_5y": 0, "num_citations_5y": 0, "num_publications_10y": 0, "num_citations_10y": 0, "publications_years": {"2001": 1}, "citations_years": {"2001": 1, "2002": 1, "2003": 0, "2004": 0, "2005": 0, "2006": 2}, "old_citations": {"2001": 4}, "isVisible": false}, "2475808052": {"name": "claire babanoury", "type": "author", "activity": 1, "h_index": 0, "h5_index": 0, "mag_id": "2475808052", "num_publications": 1, "num_citations": 0, "num_publications_5y": 0, "num_citations_5y": 0, "num_publications_10y": 0, "num_citations_10y": 0, "publications_years": {"2001": 1}, "citations_years": {}, "old_citations": {"2001": 0}, "isVisible": false}, "2477280869": {"name": "joel greenberg", "type": "author", "activity": 1, "h_index": 1, "h5_index": 0, "mag_id": "2477280869", "num_publications": 1, "num_citations": 1, "num_publications_5y": 0, "num_citations_5y": 0, "num_publications_10y": 0, "num_citations_10y": 0, "publications_years": {"2001": 1}, "citations_years": {"2007": 1}, "old_citations": {"2001": 1}, "isVisible": false}, "2481378832": {"name": "iveta kremenova", "type": "author", "activity": 1, "h_index": 0, "h5_index": 0, "mag_id": "2481378832", "num_publications": 1, "num_citations": 0, "num_publications_5y": 0, "num_citations_5y": 0, "num_publications_10y": 0, "num_citations_10y": 0, "publications_years": {"2001": 1}, "citations_years": {}, "old_citations": {"2001": 0}, "isVisible": false}, "2490610942": {"name": "pierre soupirot", "type": "author", "activity": 1, "h_index": 1, "h5_index": 0, "mag_id": "2490610942", "num_publications": 1, "num_citations": 1, "num_publications_5y": 0, "num_citations_5y": 0, "num_publications_10y": 0, "num_citations_10y": 1, "publications_years": {"2001": 1}, "citations_years": {"2011": 1}, "old_citations": {"2001": 1}, "isVisible": false}, "2551432823": {"name": "helle lilleorg", "type": "author", "activity": 1, "h_index": 0, "h5_index": 0, "mag_id": "2551432823", "num_publications": 1, "num_citations": 0, "num_publications_5y": 0, "num_citations_5y": 0, "num_publications_10y": 0, "num_citations_10y": 0, "publications_years": {"2001": 1}, "citations_years": {}, "old_citations": {"2001": 0}, "isVisible": false}, "2556397396": {"name": "peeter kukk", "type": "author", "activity": 1, "h_index": 0, "h5_index": 0, "mag_id": "2556397396", "num_publications": 1, "num_citations": 0, "num_publications_5y": 0, "num_citations_5y": 0, "num_publications_10y": 0, "num_citations_10y": 0, "publications_years": {"2001": 1}, "citations_years": {}, "old_citations": {"2001": 0}, "isVisible": false}, "2557239357": {"name": "anne boyer", "type": "author", "activity": 1, "h_index": 0, "h5_index": 0, "mag_id": "2557239357", "num_publications": 1, "num_citations": 0, "num_publications_5y": 0, "num_citations_5y": 0, "num_publications_10y": 0, "num_citations_10y": 0, "publications_years": {"2001": 1}, "citations_years": {}, "old_citations": {"2001": 0}, "isVisible": false}, "2569662405": {"name": "doris guhl", "type": "author", "activity": 1, "h_index": 1, "h5_index": 0, "mag_id": "2569662405", "num_publications": 1, "num_citations": 3, "num_publications_5y": 0, "num_citations_5y": 0, "num_publications_10y": 0, "num_citations_10y": 0, "publications_years": {"2001": 1}, "citations_years": {"2006": 2, "2007": 1}, "old_citations": {"2001": 3}, "isVisible": false}, "2570447929": {"name": "klaus j bredel", "type": "author", "activity": 1, "h_index": 1, "h5_index": 0, "mag_id": "2570447929", "num_publications": 1, "num_citations": 3, "num_publications_5y": 0, "num_citations_5y": 0, "num_publications_10y": 0, "num_citations_10y": 0, "publications_years": {"2001": 1}, "citations_years": {"2006": 2, "2007": 1}, "old_citations": {"2001": 3}, "isVisible": false}, "2571695076": {"name": "jeanpaul gautier", "type": "author", "activity": 1, "h_index": 0, "h5_index": 0, "mag_id": "2571695076", "num_publications": 1, "num_citations": 0, "num_publications_5y": 0, "num_citations_5y": 0, "num_publications_10y": 0, "num_citations_10y": 0, "publications_years": {"2001": 1}, "citations_years": {}, "old_citations": {"2001": 0}, "isVisible": false}, "2579102557": {"name": "mika kivilompolo", "type": "author", "activity": 1, "h_index": 0, "h5_index": 0, "mag_id": "2579102557", "num_publications": 1, "num_citations": 0, "num_publications_5y": 0, "num_citations_5y": 0, "num_publications_10y": 0, "num_citations_10y": 0, "publications_years": {"2001": 1}, "citations_years": {}, "old_citations": {"2001": 0}, "isVisible": false}, "2582570013": {"name": "mikael linden", "type": "author", "activity": 3, "h_index": 0, "h5_index": 0, "mag_id": "2582570013", "num_publications": 1, "num_citations": 0, "num_publications_5y": 0, "num_citations_5y": 0, "num_publications_10y": 0, "num_citations_10y": 0, "publications_years": {"2001": 1}, "citations_years": {}, "old_citations": {"2001": 0}, "isVisible": false}, "2618582521": {"name": "manuel j galan", "type": "author", "activity": 8, "h_index": 3, "h5_index": 0, "mag_id": "2618582521", "num_publications": 1, "num_citations": 0, "num_publications_5y": 0, "num_citations_5y": 0, "num_publications_10y": 0, "num_citations_10y": 0, "publications_years": {"2001": 1}, "citations_years": {}, "old_citations": {"2001": 0}, "isVisible": false}, "2625055559": {"name": "janne kanner", "type": "author", "activity": 1, "h_index": 0, "h5_index": 0, "mag_id": "2625055559", "num_publications": 1, "num_citations": 0, "num_publications_5y": 0, "num_citations_5y": 0, "num_publications_10y": 0, "num_citations_10y": 0, "publications_years": {"2001": 1}, "citations_years": {}, "old_citations": {"2001": 0}, "isVisible": false}, "2627340774": {"name": "martin malcik", "type": "author", "activity": 1, "h_index": 0, "h5_index": 0, "mag_id": "2627340774", "num_publications": 1, "num_citations": 0, "num_publications_5y": 0, "num_citations_5y": 0, "num_publications_10y": 0, "num_citations_10y": 0, "publications_years": {"2001": 1}, "citations_years": {}, "old_citations": {"2001": 0}, "isVisible": false}, "2627957421": {"name": "stylianos hatzipanagos", "type": "author", "activity": 1, "h_index": 1, "h5_index": 0, "mag_id": "2627957421", "num_publications": 1, "num_citations": 3, "num_publications_5y": 0, "num_citations_5y": 0, "num_publications_10y": 0, "num_citations_10y": 0, "publications_years": {"2001": 1}, "citations_years": {"2002": 1, "2003": 0, "2004": 0, "2005": 1, "2006": 0, "2007": 1}, "old_citations": {"2001": 3}, "isVisible": false}, "2637019715": {"name": "jeanclaude girard", "type": "author", "activity": 1, "h_index": 0, "h5_index": 0, "mag_id": "2637019715", "num_publications": 1, "num_citations": 0, "num_publications_5y": 0, "num_citations_5y": 0, "num_publications_10y": 0, "num_citations_10y": 0, "publications_years": {"2001": 1}, "citations_years": {}, "old_citations": {"2001": 0}, "isVisible": false}, "2639350103": {"name": "joaquim godinho", "type": "author", "activity": 1, "h_index": 0, "h5_index": 0, "mag_id": "2639350103", "num_publications": 1, "num_citations": 0, "num_publications_5y": 0, "num_citations_5y": 0, "num_publications_10y": 0, "num_citations_10y": 0, "publications_years": {"2001": 1}, "citations_years": {}, "old_citations": {"2001": 0}, "isVisible": false}, "2639855442": {"name": "amos lakos", "type": "author", "activity": 1, "h_index": 0, "h5_index": 0, "mag_id": "2639855442", "num_publications": 1, "num_citations": 0, "num_publications_5y": 0, "num_citations_5y": 0, "num_publications_10y": 0, "num_citations_10y": 0, "publications_years": {"2001": 1}, "citations_years": {}, "old_citations": {"2001": 0}, "isVisible": false}, "2641529609": {"name": "yves epelboin", "type": "author", "activity": 1, "h_index": 0, "h5_index": 0, "mag_id": "2641529609", "num_publications": 1, "num_citations": 0, "num_publications_5y": 0, "num_citations_5y": 0, "num_publications_10y": 0, "num_citations_10y": 0, "publications_years": {"2001": 1}, "citations_years": {}, "old_citations": {"2001": 0}, "isVisible": false}, "2656167250": {"name": "jeanclaude stettler", "type": "author", "activity": 1, "h_index": 1, "h5_index": 0, "mag_id": "2656167250", "num_publications": 1, "num_citations": 3, "num_publications_5y": 0, "num_citations_5y": 0, "num_publications_10y": 0, "num_citations_10y": 0, "publications_years": {"2001": 1}, "citations_years": {"2006": 2, "2007": 1}, "old_citations": {"2001": 3}, "isVisible": false}, "2656717651": {"name": "bruno mabboux", "type": "author", "activity": 1, "h_index": 0, "h5_index": 0, "mag_id": "2656717651", "num_publications": 1, "num_citations": 0, "num_publications_5y": 0, "num_citations_5y": 0, "num_publications_10y": 0, "num_citations_10y": 0, "publications_years": {"2001": 1}, "citations_years": {}, "old_citations": {"2001": 0}, "isVisible": false}, "2661558733": {"name": "milan petrik", "type": "author", "activity": 1, "h_index": 0, "h5_index": 0, "mag_id": "2661558733", "num_publications": 1, "num_citations": 0, "num_publications_5y": 0, "num_citations_5y": 0, "num_publications_10y": 0, "num_citations_10y": 0, "publications_years": {"2001": 1}, "citations_years": {}, "old_citations": {"2001": 0}, "isVisible": false}, "2667326384": {"name": "jostein h hauge", "type": "author", "activity": 1, "h_index": 1, "h5_index": 0, "mag_id": "2667326384", "num_publications": 1, "num_citations": 1, "num_publications_5y": 0, "num_citations_5y": 0, "num_publications_10y": 0, "num_citations_10y": 0, "publications_years": {"2001": 1}, "citations_years": {"2003": 1}, "old_citations": {"2001": 1}, "isVisible": false}, "2669031477": {"name": "claus peter buszello", "type": "author", "activity": 1, "h_index": 0, "h5_index": 0, "mag_id": "2669031477", "num_publications": 1, "num_citations": 0, "num_publications_5y": 0, "num_citations_5y": 0, "num_publications_10y": 0, "num_citations_10y": 0, "publications_years": {"2001": 1}, "citations_years": {}, "old_citations": {"2001": 0}, "isVisible": false}, "2676839364": {"name": "alan hogg", "type": "author", "activity": 1, "h_index": 0, "h5_index": 0, "mag_id": "2676839364", "num_publications": 1, "num_citations": 0, "num_publications_5y": 0, "num_citations_5y": 0, "num_publications_10y": 0, "num_citations_10y": 0, "publications_years": {"2001": 1}, "citations_years": {}, "old_citations": {"2001": 0}, "isVisible": false}, "2679222352": {"name": "jeanfrancois desnos", "type": "author", "activity": 1, "h_index": 0, "h5_index": 0, "mag_id": "2679222352", "num_publications": 1, "num_citations": 0, "num_publications_5y": 0, "num_citations_5y": 0, "num_publications_10y": 0, "num_citations_10y": 0, "publications_years": {"2001": 1}, "citations_years": {}, "old_citations": {"2001": 0}, "isVisible": false}, "2680017562": {"name": "n enlund", "type": "author", "activity": 1, "h_index": 1, "h5_index": 0, "mag_id": "2680017562", "num_publications": 1, "num_citations": 4, "num_publications_5y": 0, "num_citations_5y": 0, "num_publications_10y": 0, "num_citations_10y": 1, "publications_years": {"2001": 1}, "citations_years": {"2003": 2, "2004": 0, "2005": 0, "2006": 1, "2007": 0, "2008": 0, "2009": 0, "2010": 0, "2011": 1}, "old_citations": {"2001": 4}, "isVisible": false}, "2680508087": {"name": "andrew rothery", "type": "author", "activity": 1, "h_index": 0, "h5_index": 0, "mag_id": "2680508087", "num_publications": 1, "num_citations": 0, "num_publications_5y": 0, "num_citations_5y": 0, "num_publications_10y": 0, "num_citations_10y": 0, "publications_years": {"2001": 1}, "citations_years": {}, "old_citations": {"2001": 0}, "isVisible": false}, "2681528671": {"name": "linas stabingis", "type": "author", "activity": 1, "h_index": 0, "h5_index": 0, "mag_id": "2681528671", "num_publications": 1, "num_citations": 0, "num_publications_5y": 0, "num_citations_5y": 0, "num_publications_10y": 0, "num_citations_10y": 0, "publications_years": {"2001": 1}, "citations_years": {}, "old_citations": {"2001": 0}, "isVisible": false}, "2704276053": {"name": "gregory d palmer", "type": "author", "activity": 1, "h_index": 0, "h5_index": 0, "mag_id": "2704276053", "num_publications": 1, "num_citations": 0, "num_publications_5y": 0, "num_citations_5y": 0, "num_publications_10y": 0, "num_citations_10y": 0, "publications_years": {"2001": 1}, "citations_years": {}, "old_citations": {"2001": 0}, "isVisible": false}, "2710709790": {"name": "annu jauhiainen", "type": "author", "activity": 1, "h_index": 0, "h5_index": 0, "mag_id": "2710709790", "num_publications": 1, "num_citations": 0, "num_publications_5y": 0, "num_citations_5y": 0, "num_publications_10y": 0, "num_citations_10y": 0, "publications_years": {"2001": 1}, "citations_years": {}, "old_citations": {"2001": 0}, "isVisible": false}, "2711760220": {"name": "cecile ohm", "type": "author", "activity": 1, "h_index": 1, "h5_index": 0, "mag_id": "2711760220", "num_publications": 1, "num_citations": 1, "num_publications_5y": 0, "num_citations_5y": 0, "num_publications_10y": 0, "num_citations_10y": 0, "publications_years": {"2001": 1}, "citations_years": {"2003": 1}, "old_citations": {"2001": 1}, "isVisible": false}, "2712531001": {"name": "john a bielec", "type": "author", "activity": 1, "h_index": 0, "h5_index": 0, "mag_id": "2712531001", "num_publications": 1, "num_citations": 0, "num_publications_5y": 0, "num_citations_5y": 0, "num_publications_10y": 0, "num_citations_10y": 0, "publications_years": {"2001": 1}, "citations_years": {}, "old_citations": {"2001": 0}, "isVisible": false}, "2719639001": {"name": "anne hannaford", "type": "author", "activity": 1, "h_index": 0, "h5_index": 0, "mag_id": "2719639001", "num_publications": 1, "num_citations": 0, "num_publications_5y": 0, "num_citations_5y": 0, "num_publications_10y": 0, "num_citations_10y": 0, "publications_years": {"2001": 1}, "citations_years": {}, "old_citations": {"2001": 0}, "isVisible": false}, "2723332746": {"name": "marko turpeinen", "type": "author", "activity": 1, "h_index": 0, "h5_index": 0, "mag_id": "2723332746", "num_publications": 1, "num_citations": 0, "num_publications_5y": 0, "num_citations_5y": 0, "num_publications_10y": 0, "num_citations_10y": 0, "publications_years": {"2001": 1}, "citations_years": {}, "old_citations": {"2001": 0}, "isVisible": false}, "2776687250": {"name": "maria antonia carravilla", "type": "author", "activity": 22, "h_index": 3, "h5_index": 1, "mag_id": "2776687250", "num_publications": 1, "num_citations": 1, "num_publications_5y": 0, "num_citations_5y": 0, "num_publications_10y": 0, "num_citations_10y": 0, "publications_years": {"2001": 1}, "citations_years": {"2008": 1}, "old_citations": {"2001": 1}, "isVisible": false}, "2779672377": {"name": "o zaikin", "type": "author", "activity": 1, "h_index": 1, "h5_index": 0, "mag_id": "2779672377", "num_publications": 1, "num_citations": 4, "num_publications_5y": 0, "num_citations_5y": 0, "num_publications_10y": 0, "num_citations_10y": 1, "publications_years": {"2001": 1}, "citations_years": {"2003": 2, "2004": 0, "2005": 0, "2006": 1, "2007": 0, "2008": 0, "2009": 0, "2010": 0, "2011": 1}, "old_citations": {"2001": 4}, "isVisible": false}, "2973600385": {"name": "e kushtina", "type": "author", "activity": 1, "h_index": 1, "h5_index": 0, "mag_id": "2973600385", "num_publications": 1, "num_citations": 4, "num_publications_5y": 0, "num_citations_5y": 0, "num_publications_10y": 0, "num_citations_10y": 1, "publications_years": {"2001": 1}, "citations_years": {"2003": 2, "2004": 0, "2005": 0, "2006": 1, "2007": 0, "2008": 0, "2009": 0, "2010": 0, "2011": 1}, "old_citations": {"2001": 4}, "isVisible": false}, "2983143436": {"name": "viljan mahnic", "type": "author", "activity": 3, "h_index": 2, "h5_index": 0, "mag_id": "2983143436", "num_publications": 1, "num_citations": 3, "num_publications_5y": 0, "num_citations_5y": 0, "num_publications_10y": 0, "num_citations_10y": 2, "publications_years": {"2001": 1}, "citations_years": {"2007": 1, "2008": 0, "2009": 0, "2010": 1, "2011": 1}, "old_citations": {"2001": 3}, "isVisible": false}, "2986216539": {"name": "igor rozanc", "type": "author", "activity": 1, "h_index": 2, "h5_index": 0, "mag_id": "2986216539", "num_publications": 1, "num_citations": 3, "num_publications_5y": 0, "num_citations_5y": 0, "num_publications_10y": 0, "num_citations_10y": 2, "publications_years": {"2001": 1}, "citations_years": {"2007": 1, "2008": 0, "2009": 0, "2010": 1, "2011": 1}, "old_citations": {"2001": 3}, "isVisible": false}, "2955317444": {"name": "ligia maria ribeiro", "type": "author", "activity": 10, "h_index": 2, "h5_index": 0, "mag_id": "2955317444", "num_publications": 1, "num_citations": 1, "num_publications_5y": 0, "num_citations_5y": 0, "num_publications_10y": 0, "num_citations_10y": 0, "publications_years": {"2001": 1}, "citations_years": {"2008": 1}, "old_citations": {"2001": 1}, "isVisible": false}, "2986611865": {"name": "ursula hilgers", "type": "author", "activity": 1, "h_index": 1, "h5_index": 0, "mag_id": "2986611865", "num_publications": 1, "num_citations": 1, "num_publications_5y": 0, "num_citations_5y": 0, "num_publications_10y": 0, "num_citations_10y": 0, "publications_years": {"2001": 1}, "citations_years": {"2001": 1}, "old_citations": {"2001": 1}, "isVisible": false}, "2986989866": {"name": "wolfgang coy", "type": "author", "activity": 1, "h_index": 1, "h5_index": 0, "mag_id": "2986989866", "num_publications": 1, "num_citations": 1, "num_publications_5y": 0, "num_citations_5y": 0, "num_publications_10y": 0, "num_citations_10y": 0, "publications_years": {"2001": 1}, "citations_years": {"2001": 1}, "old_citations": {"2001": 1}, "isVisible": false}, "2987075058": {"name": "uwe pirr", "type": "author", "activity": 1, "h_index": 1, "h5_index": 0, "mag_id": "2987075058", "num_publications": 1, "num_citations": 1, "num_publications_5y": 0, "num_citations_5y": 0, "num_publications_10y": 0, "num_citations_10y": 0, "publications_years": {"2001": 1}, "citations_years": {"2001": 1}, "old_citations": {"2001": 1}, "isVisible": false}, "2988668430": {"name": "richard hofmann", "type": "author", "activity": 4, "h_index": 1, "h5_index": 0, "mag_id": "2988668430", "num_publications": 1, "num_citations": 1, "num_publications_5y": 0, "num_citations_5y": 0, "num_publications_10y": 0, "num_citations_10y": 0, "publications_years": {"2001": 1}, "citations_years": {"2001": 1}, "old_citations": {"2001": 1}, "isVisible": false}}, "countries": {"Portugal": {"name": "Portugal", "type": "country", "h5_index": 44, "num_publications": 1, "num_citations": 0, "num_publications_5y": 0, "num_citations_5y": 0, "num_publications_10y": 0, "num_citations_10y": 0, "publications_years": {"2001": 1}, "citations_years": {}, "old_citations": {"2001": 0}, "isVisible": false}}}, "conference_comparison": {"computer science": {}}, "topics_dna": {"publications": {}, "citations": {"normalized": {}, "average": {}}}, "info": {"num_publications": 50, "num_citations": 32.0, "impact_factor": {}, "publications_years": {"2001": 50}, "citations_years": {"2001": 3, "2002": 5, "2003": 3, "2004": 0, "2005": 2, "2006": 5, "2007": 4, "2008": 2, "2009": 0, "2010": 2, "2011": 4, "2012": 1}, "old_citations": {"2001": 32}, "h5_index": 0}, "percentile": {"computer science": {"2001": 80}}, "conference_ranking": {"computer science": {"2001": 812}}, "academia": {"num_publications": 1, "num_citations": 0, "publications_years": {"2001": 1}, "old_citations": {"2001": 0}, "num_publications_5y": 0, "num_citations_5y": 0, "num_publications_10y": 0, "num_citations_10y": 0}, "industry": {"num_publications": 0, "num_citations": 0, "publications_years": {}, "old_citations": {}, "num_publications_5y": 0, "num_citations_5y": 0, "num_publications_10y": 0, "num_citations_10y": 0}, "collaborative": {"num_publications": 0, "num_citations": 0, "publications_years": {}, "old_citations": {}, "num_publications_5y": 0, "num_citations_5y": 0, "num_publications_10y": 0, "num_citations_10y": 0}, "conferences": {}, "journals": {}, "organizations": {"publication_overall": ["University of \u00c9vora"], "citation_overall": ["University of \u00c9vora"], "publication_10_years": [], "citation_10_years": [], "publication_5_years": [], "citation_5_years": []}, "countries": {"publication_overall": ["Portugal"], "citation_overall": ["Portugal"], "publication_10_years": [], "citation_10_years": [], "publication_5_years": [], "citation_5_years": []}, "topics": {"publication_overall": ["computer science", "computer systems", "education", "university", "information systems", "computer networks", "internet", "telecommunication systems", "information technology", "computer security", "curricula", "telecommunication networks", "database systems", "telecommunication traffic", "e-learning", "communication systems", "computer hardware", "human computer interaction", "security of data", "wireless telecommunication systems"], "citation_overall": ["computer science", "computer systems", "education", "information systems", "curricula", "e-learning", "university", "internet", "computer networks", "information technology", "bandwidth", "education technology", "educational technology", "learning environments", "human computer interaction", "computer aided instruction", "distance education", "network architecture", "online systems", "web based learning"], "publication_10_years": [], "citation_10_years": [], "publication_5_years": [], "citation_5_years": []}, "main_topics": ["computer science"], "authors": {"publication_overall": ["229365224", "265405548", "2251436585", "2285768661", "2331559763", "2531944326", "11338106", "132464337", "140608244", "169832050", "348858100", "1123174592", "1240965712", "1857448547", "1868883008", "1963650318", "1964647547", "1966902444", "1987802528", "2000672867", "2010426092", "2017250984", "2032494115", "2037658064", "2041995591", "2067365043", "2076518593", "2077973609", "2084099446", "2097337370", "2102629421", "2110388375", "2110685014", "2120912615", "2127564798", "2136309220", "2137959613", "2147296418", "2151371919", "2252952670", "2264345844", "2274863154", "2276055504", "2276217413", "2276918729", "2277397776", "2277657337", "2277769621", "2277949562", "2278576662", "2278701474", "2286570809", "2300092357", "2320611936", "2332885524", "2359255137", "2399094734", "2406840139", "2431110325", "2467342189", "2468952492", "2475032654", "2475808052", "2477280869", "2481378832", "2490610942", "2551432823", "2556397396", "2557239357", "2569662405", "2570447929", "2571695076", "2579102557", "2582570013", "2618582521", "2625055559", "2627340774", "2627957421", "2637019715", "2639350103", "2639855442", "2641529609", "2656167250", "2656717651", "2661558733", "2667326384", "2669031477", "2676839364", "2679222352", "2680017562", "2680508087", "2681528671", "2704276053", "2710709790", "2711760220", "2712531001", "2719639001", "2723332746", "2776687250", "2779672377"], "citation_overall": ["229365224", "1123174592", "1963650318", "11338106", "132464337", "2475032654", "2680017562", "2779672377", "2973600385", "2569662405", "2570447929", "2627957421", "2656167250", "2983143436", "2986216539", "2431110325", "140608244", "169832050", "2041995591", "2110685014", "2136309220", "2277769621", "2468952492", "2477280869", "2490610942", "2667326384", "2711760220", "2776687250", "2955317444", "2986611865", "2986989866", "2987075058", "2988668430", "265405548", "348858100", "1240965712", "1857448547", "1868883008", "1964647547", "1966902444", "1987802528", "2000672867", "2010426092", "2017250984", "2032494115", "2037658064", "2067365043", "2076518593", "2077973609", "2084099446", "2097337370", "2102629421", "2110388375", "2120912615", "2127564798", "2137959613", "2147296418", "2151371919", "2251436585", "2252952670", "2264345844", "2274863154", "2276055504", "2276217413", "2276918729", "2277397776", "2277657337", "2277949562", "2278576662", "2278701474", "2285768661", "2286570809", "2300092357", "2320611936", "2331559763", "2332885524", "2359255137", "2399094734", "2406840139", "2467342189", "2475808052", "2481378832", "2531944326", "2551432823", "2556397396", "2557239357", "2571695076", "2579102557", "2582570013", "2618582521", "2625055559", "2627340774", "2637019715", "2639350103", "2639855442", "2641529609", "2656717651", "2661558733", "2669031477", "2676839364"], "publication_10_years": [], "citation_10_years": [], "publication_5_years": [], "citation_5_years": []}, "industrial_sectors": {"publication_overall": [], "citation_overall": [], "publication_10_years": [], "citation_10_years": [], "publication_5_years": [], "citation_5_years": []}}