{"name": "Italian Conference on Computational Logic", "acronym": "CILC", "type": "conference", "uniqueEntities": {"organizations": {"University of Ferrara": {"name": "University of Ferrara", "type": "organization", "organization_type": "Education", "h_index": 45, "h5_index": 15, "num_publications": 7, "num_citations": 44, "num_publications_5y": 0, "num_citations_5y": 28, "num_publications_10y": 7, "num_citations_10y": 40, "publications_years": {"2010": 1, "2013": 3, "2012": 2, "2011": 1}, "citations_years": {"2011": 2, "2012": 3, "2013": 7, "2014": 4, "2015": 12, "2016": 4, "2017": 5, "2018": 3, "2019": 4}, "old_citations": {"2010": 5, "2013": 30, "2012": 6, "2011": 3}, "isVisible": false}, "University of Genoa": {"name": "University of Genoa", "type": "organization", "organization_type": "Education", "h_index": 59, "h5_index": 21, "num_publications": 7, "num_citations": 19, "num_publications_5y": 3, "num_citations_5y": 13, "num_publications_10y": 4, "num_citations_10y": 15, "publications_years": {"2019": 3, "2014": 2, "2010": 1, "2015": 1}, "citations_years": {"2019": 3, "2010": 1, "2011": 0, "2012": 1, "2013": 0, "2014": 1, "2015": 3, "2016": 1, "2017": 5, "2018": 3, "2020": 1}, "old_citations": {"2019": 1, "2014": 11, "2010": 3, "2015": 4}, "isVisible": false}, "University of Perugia": {"name": "University of Perugia", "type": "organization", "organization_type": "Education", "h_index": 44, "h5_index": 21, "num_publications": 7, "num_citations": 27, "num_publications_5y": 3, "num_citations_5y": 9, "num_publications_10y": 6, "num_citations_10y": 26, "publications_years": {"2010": 3, "2014": 1, "2019": 1, "2015": 1, "2016": 1}, "citations_years": {"2009": 1, "2010": 1, "2011": 6, "2012": 2, "2013": 7, "2014": 1, "2015": 3, "2016": 1, "2017": 3, "2019": 1, "2018": 1}, "old_citations": {"2010": 29, "2014": 1, "2019": 1, "2015": 0, "2016": 1}, "isVisible": false}, "University of Bari Aldo Moro": {"name": "University of Bari Aldo Moro", "type": "organization", "organization_type": "Education", "h_index": 50, "h5_index": 19, "num_publications": 5, "num_citations": 3, "num_publications_5y": 1, "num_citations_5y": 2, "num_publications_10y": 2, "num_citations_10y": 3, "publications_years": {"2013": 1, "2019": 3, "2016": 1}, "citations_years": {"2013": 1, "2014": 0, "2015": 0, "2016": 0, "2017": 0, "2018": 2}, "old_citations": {"2013": 3, "2019": 0, "2016": 0}, "isVisible": false}, "University of Turin": {"name": "University of Turin", "type": "organization", "organization_type": "Education", "h_index": 71, "h5_index": 26, "num_publications": 5, "num_citations": 10, "num_publications_5y": 4, "num_citations_5y": 6, "num_publications_10y": 5, "num_citations_10y": 6, "publications_years": {"2015": 1, "2016": 1, "2010": 1, "2018": 2}, "citations_years": {"2015": 2, "2016": 2, "2017": 0, "2018": 2, "2019": 4}, "old_citations": {"2015": 5, "2016": 1, "2010": 0, "2018": 4}, "isVisible": false}, "University of Udine": {"name": "University of Udine", "type": "organization", "organization_type": "Education", "h_index": 60, "h5_index": 18, "num_publications": 5, "num_citations": 25, "num_publications_5y": 3, "num_citations_5y": 19, "num_publications_10y": 5, "num_citations_10y": 25, "publications_years": {"2010": 1, "2013": 1, "2017": 1, "2016": 2}, "citations_years": {"2009": 1, "2010": 0, "2011": 3, "2012": 0, "2013": 2, "2014": 4, "2015": 6, "2016": 5, "2017": 3, "2018": 1}, "old_citations": {"2010": 6, "2013": 17, "2017": 0, "2016": 2}, "isVisible": false}, "National Academies of Sciences, Engineering, and Medicine": {"name": "National Academies of Sciences, Engineering, and Medicine", "type": "organization", "organization_type": "Government", "h_index": 130, "h5_index": 36, "num_publications": 4, "num_citations": 4, "num_publications_5y": 2, "num_citations_5y": 3, "num_publications_10y": 4, "num_citations_10y": 3, "publications_years": {"2015": 2, "2010": 2}, "citations_years": {"2016": 1, "2017": 0, "2018": 2, "2019": 1}, "old_citations": {"2015": 4, "2010": 0}, "isVisible": false}, "University of Calabria": {"name": "University of Calabria", "type": "organization", "organization_type": "Education", "h_index": 58, "h5_index": 29, "num_publications": 4, "num_citations": 29, "num_publications_5y": 0, "num_citations_5y": 10, "num_publications_10y": 1, "num_citations_10y": 24, "publications_years": {"2019": 3, "2010": 1}, "citations_years": {"2019": 4, "2011": 5, "2012": 6, "2013": 3, "2014": 4, "2015": 3, "2016": 1, "2017": 0, "2018": 2, "2020": 1}, "old_citations": {"2019": 1, "2010": 28}, "isVisible": false}, "University of L'Aquila": {"name": "University of L'Aquila", "type": "organization", "organization_type": "Education", "h_index": 50, "h5_index": 14, "num_publications": 4, "num_citations": 19, "num_publications_5y": 0, "num_citations_5y": 6, "num_publications_10y": 1, "num_citations_10y": 18, "publications_years": {"2019": 3, "2010": 1}, "citations_years": {"2019": 1, "2010": 1, "2011": 3, "2012": 2, "2013": 6, "2014": 1, "2015": 3, "2016": 1, "2017": 0, "2018": 1}, "old_citations": {"2019": 1, "2010": 18}, "isVisible": false}, "University of Milan": {"name": "University of Milan", "type": "organization", "organization_type": "Education", "h_index": 110, "h5_index": 26, "num_publications": 4, "num_citations": 4, "num_publications_5y": 4, "num_citations_5y": 1, "num_publications_10y": 4, "num_citations_10y": 1, "publications_years": {"2018": 2, "2015": 1, "2014": 1}, "citations_years": {"2018": 1, "2019": 2, "2020": 1}, "old_citations": {"2018": 1, "2015": 0, "2014": 3}, "isVisible": false}, "University of Bologna": {"name": "University of Bologna", "type": "organization", "organization_type": "Education", "h_index": 141, "h5_index": 36, "num_publications": 3, "num_citations": 36, "num_publications_5y": 0, "num_citations_5y": 18, "num_publications_10y": 3, "num_citations_10y": 33, "publications_years": {"2010": 2, "2011": 1}, "citations_years": {"2010": 1, "2011": 4, "2012": 6, "2013": 4, "2014": 5, "2015": 4, "2016": 2, "2017": 4, "2018": 3, "2019": 3}, "old_citations": {"2010": 32, "2011": 4}, "isVisible": false}, "University of Rome Tor Vergata": {"name": "University of Rome Tor Vergata", "type": "organization", "organization_type": "Education", "h_index": 61, "h5_index": 21, "num_publications": 3, "num_citations": 5, "num_publications_5y": 0, "num_citations_5y": 1, "num_publications_10y": 3, "num_citations_10y": 3, "publications_years": {"2010": 2, "2013": 1}, "citations_years": {"2011": 1, "2012": 1, "2013": 0, "2014": 1, "2015": 0, "2016": 0, "2017": 0, "2018": 0, "2019": 2}, "old_citations": {"2010": 0, "2013": 5}, "isVisible": false}, "University of Chieti-Pescara": {"name": "University of Chieti-Pescara", "type": "organization", "organization_type": "Education", "h_index": 19, "h5_index": 6, "num_publications": 2, "num_citations": 5, "num_publications_5y": 0, "num_citations_5y": 1, "num_publications_10y": 2, "num_citations_10y": 3, "publications_years": {"2010": 1, "2013": 1}, "citations_years": {"2011": 1, "2012": 1, "2013": 0, "2014": 1, "2015": 0, "2016": 0, "2017": 0, "2018": 0, "2019": 2}, "old_citations": {"2010": 0, "2013": 5}, "isVisible": false}, "University of Eastern Piedmont Amadeo Avogadro": {"name": "University of Eastern Piedmont Amadeo Avogadro", "type": "organization", "organization_type": "Education", "h_index": 14, "h5_index": 5, "num_publications": 2, "num_citations": 1, "num_publications_5y": 1, "num_citations_5y": 1, "num_publications_10y": 2, "num_citations_10y": 1, "publications_years": {"2016": 1, "2010": 1}, "citations_years": {"2018": 1}, "old_citations": {"2016": 1, "2010": 0}, "isVisible": false}, "University of Insubria": {"name": "University of Insubria", "type": "organization", "organization_type": "Education", "h_index": 31, "h5_index": 11, "num_publications": 2, "num_citations": 1, "num_publications_5y": 2, "num_citations_5y": 0, "num_publications_10y": 2, "num_citations_10y": 0, "publications_years": {"2015": 1, "2018": 1}, "citations_years": {"2020": 1}, "old_citations": {"2015": 0, "2018": 1}, "isVisible": false}, "Brooklyn College": {"name": "Brooklyn College", "type": "organization", "organization_type": "Education", "h_index": 27, "h5_index": 8, "num_publications": 1, "num_citations": 17, "num_publications_5y": 0, "num_citations_5y": 16, "num_publications_10y": 1, "num_citations_10y": 17, "publications_years": {"2013": 1}, "citations_years": {"2013": 1, "2014": 4, "2015": 6, "2016": 5, "2017": 1}, "old_citations": {"2013": 17}, "isVisible": false}, "Free University of Bozen-Bolzano": {"name": "Free University of Bozen-Bolzano", "type": "organization", "organization_type": "Education", "h_index": 65, "h5_index": 25, "num_publications": 1, "num_citations": 2, "num_publications_5y": 1, "num_citations_5y": 1, "num_publications_10y": 1, "num_citations_10y": 1, "publications_years": {"2014": 1}, "citations_years": {"2015": 1, "2016": 0, "2017": 0, "2018": 0, "2019": 1}, "old_citations": {"2014": 2}, "isVisible": false}, "IMT Institute for Advanced Studies Lucca": {"name": "IMT Institute for Advanced Studies Lucca", "type": "organization", "organization_type": "Education", "h_index": 39, "h5_index": 12, "num_publications": 1, "num_citations": 5, "num_publications_5y": 0, "num_citations_5y": 1, "num_publications_10y": 1, "num_citations_10y": 3, "publications_years": {"2013": 1}, "citations_years": {"2011": 1, "2012": 1, "2013": 0, "2014": 1, "2015": 0, "2016": 0, "2017": 0, "2018": 0, "2019": 2}, "old_citations": {"2013": 5}, "isVisible": false}, "Instituto Polit\u00e9cnico Nacional": {"name": "Instituto Polit\u00e9cnico Nacional", "type": "organization", "organization_type": "Education", "h_index": 72, "h5_index": 25, "num_publications": 1, "num_citations": 0, "num_publications_5y": 1, "num_citations_5y": 0, "num_publications_10y": 1, "num_citations_10y": 0, "publications_years": {"2014": 1}, "citations_years": {}, "old_citations": {"2014": 0}, "isVisible": false}, "New Mexico State University": {"name": "New Mexico State University", "type": "organization", "organization_type": "Education", "h_index": 74, "h5_index": 15, "num_publications": 1, "num_citations": 6, "num_publications_5y": 0, "num_citations_5y": 1, "num_publications_10y": 1, "num_citations_10y": 6, "publications_years": {"2010": 1}, "citations_years": {"2009": 1, "2010": 0, "2011": 3, "2012": 0, "2013": 1, "2014": 0, "2015": 0, "2016": 0, "2017": 1}, "old_citations": {"2010": 6}, "isVisible": false}, "Nova Southeastern University": {"name": "Nova Southeastern University", "type": "organization", "organization_type": "Education", "h_index": 36, "h5_index": 10, "num_publications": 1, "num_citations": 5, "num_publications_5y": 0, "num_citations_5y": 0, "num_publications_10y": 1, "num_citations_10y": 5, "publications_years": {"2010": 1}, "citations_years": {"2011": 2, "2012": 2, "2013": 1}, "old_citations": {"2010": 5}, "isVisible": false}, "Polytechnic University of Bari": {"name": "Polytechnic University of Bari", "type": "organization", "organization_type": "Education", "h_index": 17, "h5_index": 9, "num_publications": 1, "num_citations": 0, "num_publications_5y": 1, "num_citations_5y": 0, "num_publications_10y": 1, "num_citations_10y": 0, "publications_years": {"2014": 1}, "citations_years": {}, "old_citations": {"2014": 0}, "isVisible": false}, "Universidade Nova de Lisboa": {"name": "Universidade Nova de Lisboa", "type": "organization", "organization_type": "Education", "h_index": 58, "h5_index": 20, "num_publications": 1, "num_citations": 6, "num_publications_5y": 0, "num_citations_5y": 6, "num_publications_10y": 1, "num_citations_10y": 6, "publications_years": {"2013": 1}, "citations_years": {"2014": 1, "2015": 4, "2016": 1}, "old_citations": {"2013": 6}, "isVisible": false}, "Universita della Svizzera Italiana": {"name": "Universita della Svizzera Italiana", "type": "organization", "organization_type": "Education", "h_index": 81, "h5_index": 33, "num_publications": 1, "num_citations": 3, "num_publications_5y": 1, "num_citations_5y": 1, "num_publications_10y": 1, "num_citations_10y": 1, "publications_years": {"2014": 1}, "citations_years": {"2018": 1, "2019": 2}, "old_citations": {"2014": 3}, "isVisible": false}, "University of Malaga": {"name": "University of Malaga", "type": "organization", "organization_type": "Education", "h_index": 72, "h5_index": 23, "num_publications": 1, "num_citations": 0, "num_publications_5y": 1, "num_citations_5y": 0, "num_publications_10y": 1, "num_citations_10y": 0, "publications_years": {"2017": 1}, "citations_years": {}, "old_citations": {"2017": 0}, "isVisible": false}, "University of Murcia": {"name": "University of Murcia", "type": "organization", "organization_type": "Education", "h_index": 66, "h5_index": 20, "num_publications": 1, "num_citations": 0, "num_publications_5y": 1, "num_citations_5y": 0, "num_publications_10y": 1, "num_citations_10y": 0, "publications_years": {"2017": 1}, "citations_years": {}, "old_citations": {"2017": 0}, "isVisible": false}, "University of Salerno": {"name": "University of Salerno", "type": "organization", "organization_type": "Education", "h_index": 67, "h5_index": 29, "num_publications": 1, "num_citations": 9, "num_publications_5y": 0, "num_citations_5y": 7, "num_publications_10y": 1, "num_citations_10y": 8, "publications_years": {"2010": 1}, "citations_years": {"2011": 1, "2012": 0, "2013": 0, "2014": 0, "2015": 2, "2016": 2, "2017": 2, "2018": 1, "2019": 1}, "old_citations": {"2010": 9}, "isVisible": false}, "University of Verona": {"name": "University of Verona", "type": "organization", "organization_type": "Education", "h_index": 58, "h5_index": 20, "num_publications": 1, "num_citations": 0, "num_publications_5y": 0, "num_citations_5y": 0, "num_publications_10y": 1, "num_citations_10y": 0, "publications_years": {"2013": 1}, "citations_years": {}, "old_citations": {"2013": 0}, "isVisible": false}, "Vita-Salute San Raffaele University": {"name": "Vita-Salute San Raffaele University", "type": "organization", "organization_type": "Education", "h_index": 14, "h5_index": 7, "num_publications": 1, "num_citations": 3, "num_publications_5y": 1, "num_citations_5y": 1, "num_publications_10y": 1, "num_citations_10y": 1, "publications_years": {"2014": 1}, "citations_years": {"2018": 1, "2019": 2}, "old_citations": {"2014": 3}, "isVisible": false}}, "topics": {"computer science": {"name": "computer science", "type": "topic", "h_index": 1779, "h5_index": 416, "num_publications": 47, "num_citations": 200, "num_publications_5y": 18, "num_citations_5y": 112, "num_publications_10y": 40, "num_citations_10y": 176, "publications_years": {"2010": 11, "2013": 7, "2019": 6, "2014": 6, "2015": 4, "2017": 1, "2018": 3, "2012": 2, "2016": 4, "2011": 2, "2004": 1}, "citations_years": {"2009": 1, "2010": 3, "2011": 19, "2012": 18, "2013": 23, "2014": 20, "2015": 36, "2016": 18, "2017": 20, "2019": 20, "2018": 18, "2020": 3, "2004": 1, "2005": 0, "2006": 0, "2007": 0, "2008": 0}, "old_citations": {"2010": 103, "2013": 55, "2019": 2, "2014": 17, "2015": 9, "2017": 0, "2018": 1, "2012": 6, "2016": 3, "2011": 7, "2004": 2}, "isVisible": false}, "artificial intelligence": {"name": "artificial intelligence", "type": "topic", "h_index": 1421, "h5_index": 373, "num_publications": 45, "num_citations": 199, "num_publications_5y": 17, "num_citations_5y": 111, "num_publications_10y": 39, "num_citations_10y": 175, "publications_years": {"2010": 11, "2013": 7, "2019": 5, "2014": 6, "2015": 4, "2017": 1, "2018": 3, "2012": 2, "2016": 3, "2011": 2, "2004": 1}, "citations_years": {"2009": 1, "2010": 3, "2011": 19, "2012": 18, "2013": 23, "2014": 20, "2015": 36, "2016": 18, "2017": 20, "2019": 20, "2018": 17, "2020": 3, "2004": 1, "2005": 0, "2006": 0, "2007": 0, "2008": 0}, "old_citations": {"2010": 103, "2013": 55, "2019": 2, "2014": 17, "2015": 9, "2017": 0, "2018": 1, "2012": 6, "2016": 2, "2011": 7, "2004": 2}, "isVisible": false}, "formal logic": {"name": "formal logic", "type": "topic", "h_index": 532, "h5_index": 93, "num_publications": 34, "num_citations": 156, "num_publications_5y": 10, "num_citations_5y": 74, "num_publications_10y": 29, "num_citations_10y": 136, "publications_years": {"2010": 10, "2019": 4, "2014": 3, "2013": 6, "2017": 1, "2015": 2, "2012": 2, "2011": 1, "2016": 2, "2018": 2, "2004": 1}, "citations_years": {"2009": 1, "2010": 3, "2011": 19, "2012": 18, "2013": 21, "2014": 13, "2015": 24, "2016": 10, "2017": 14, "2019": 17, "2018": 13, "2020": 2, "2004": 1, "2005": 0, "2006": 0, "2007": 0, "2008": 0}, "old_citations": {"2010": 98, "2019": 1, "2014": 6, "2013": 38, "2017": 0, "2015": 0, "2012": 6, "2011": 3, "2016": 1, "2018": 1, "2004": 2}, "isVisible": false}, "computer programming": {"name": "computer programming", "type": "topic", "h_index": 873, "h5_index": 186, "num_publications": 32, "num_citations": 165, "num_publications_5y": 11, "num_citations_5y": 84, "num_publications_10y": 29, "num_citations_10y": 145, "publications_years": {"2010": 9, "2019": 3, "2014": 4, "2013": 5, "2015": 3, "2017": 1, "2018": 2, "2012": 2, "2011": 2, "2016": 1}, "citations_years": {"2009": 1, "2010": 2, "2011": 18, "2012": 18, "2013": 22, "2014": 16, "2015": 28, "2016": 10, "2017": 17, "2019": 17, "2018": 13, "2020": 3}, "old_citations": {"2010": 89, "2019": 1, "2014": 17, "2013": 38, "2015": 5, "2017": 0, "2018": 1, "2012": 6, "2011": 7, "2016": 1}, "isVisible": false}, "computer programming languages": {"name": "computer programming languages", "type": "topic", "h_index": 746, "h5_index": 154, "num_publications": 30, "num_citations": 157, "num_publications_5y": 9, "num_citations_5y": 78, "num_publications_10y": 27, "num_citations_10y": 139, "publications_years": {"2010": 9, "2019": 3, "2014": 3, "2013": 5, "2017": 1, "2018": 2, "2015": 2, "2012": 2, "2011": 2, "2016": 1}, "citations_years": {"2009": 1, "2010": 2, "2011": 18, "2012": 18, "2013": 22, "2014": 16, "2015": 26, "2016": 8, "2017": 17, "2019": 15, "2018": 11, "2020": 3}, "old_citations": {"2010": 89, "2019": 1, "2014": 14, "2013": 38, "2017": 0, "2018": 1, "2015": 0, "2012": 6, "2011": 7, "2016": 1}, "isVisible": false}, "computer systems": {"name": "computer systems", "type": "topic", "h_index": 1595, "h5_index": 367, "num_publications": 29, "num_citations": 151, "num_publications_5y": 10, "num_citations_5y": 77, "num_publications_10y": 26, "num_citations_10y": 131, "publications_years": {"2010": 9, "2014": 5, "2018": 2, "2019": 3, "2013": 3, "2012": 2, "2011": 2, "2016": 2, "2015": 1}, "citations_years": {"2009": 1, "2010": 1, "2011": 17, "2012": 15, "2013": 20, "2014": 15, "2015": 24, "2016": 9, "2017": 19, "2018": 10, "2019": 17, "2020": 3}, "old_citations": {"2010": 95, "2014": 17, "2018": 1, "2019": 0, "2013": 29, "2012": 6, "2011": 7, "2016": 1, "2015": 0}, "isVisible": false}, "linguistics": {"name": "linguistics", "type": "topic", "h_index": 867, "h5_index": 206, "num_publications": 27, "num_citations": 143, "num_publications_5y": 8, "num_citations_5y": 75, "num_publications_10y": 24, "num_citations_10y": 126, "publications_years": {"2019": 3, "2010": 8, "2013": 6, "2018": 2, "2015": 2, "2016": 4, "2011": 2}, "citations_years": {"2019": 16, "2011": 16, "2012": 17, "2013": 17, "2014": 15, "2015": 23, "2016": 11, "2017": 11, "2018": 15, "2020": 1, "2010": 1}, "old_citations": {"2019": 2, "2010": 89, "2013": 38, "2018": 0, "2015": 4, "2016": 3, "2011": 7}, "isVisible": false}, "theoretical computer science": {"name": "theoretical computer science", "type": "topic", "h_index": 883, "h5_index": 203, "num_publications": 27, "num_citations": 156, "num_publications_5y": 7, "num_citations_5y": 87, "num_publications_10y": 25, "num_citations_10y": 139, "publications_years": {"2013": 7, "2019": 2, "2010": 9, "2015": 3, "2012": 1, "2016": 3, "2011": 1, "2018": 1}, "citations_years": {"2013": 18, "2014": 17, "2015": 28, "2016": 16, "2017": 11, "2019": 16, "2011": 16, "2012": 17, "2018": 15, "2020": 1, "2010": 1}, "old_citations": {"2013": 55, "2019": 2, "2010": 94, "2015": 4, "2012": 1, "2016": 2, "2011": 3, "2018": 0}, "isVisible": false}, "logic programming": {"name": "logic programming", "type": "topic", "h_index": 351, "h5_index": 72, "num_publications": 26, "num_citations": 134, "num_publications_5y": 7, "num_citations_5y": 59, "num_publications_10y": 23, "num_citations_10y": 118, "publications_years": {"2010": 9, "2019": 3, "2014": 2, "2013": 4, "2017": 1, "2015": 2, "2012": 2, "2011": 1, "2016": 1, "2018": 1}, "citations_years": {"2009": 1, "2010": 2, "2011": 18, "2012": 18, "2013": 20, "2014": 11, "2015": 19, "2016": 7, "2017": 11, "2019": 14, "2018": 11, "2020": 2}, "old_citations": {"2010": 89, "2019": 1, "2014": 3, "2013": 30, "2017": 0, "2015": 0, "2012": 6, "2011": 3, "2016": 1, "2018": 1}, "isVisible": false}, "semantics": {"name": "semantics", "type": "topic", "h_index": 803, "h5_index": 226, "num_publications": 26, "num_citations": 144, "num_publications_5y": 7, "num_citations_5y": 73, "num_publications_10y": 22, "num_citations_10y": 129, "publications_years": {"2010": 8, "2019": 4, "2013": 5, "2014": 1, "2015": 2, "2016": 3, "2012": 1, "2011": 1, "2018": 1}, "citations_years": {"2009": 1, "2010": 1, "2011": 18, "2012": 16, "2013": 20, "2014": 12, "2015": 23, "2016": 11, "2017": 12, "2019": 14, "2018": 15, "2020": 1}, "old_citations": {"2010": 95, "2019": 2, "2013": 33, "2014": 0, "2015": 4, "2016": 2, "2012": 5, "2011": 3, "2018": 0}, "isVisible": false}, "formal languages and automata theory": {"name": "formal languages and automata theory", "type": "topic", "h_index": 546, "h5_index": 122, "num_publications": 24, "num_citations": 120, "num_publications_5y": 7, "num_citations_5y": 58, "num_publications_10y": 22, "num_citations_10y": 107, "publications_years": {"2019": 2, "2010": 9, "2013": 5, "2015": 3, "2012": 1, "2016": 3, "2018": 1}, "citations_years": {"2019": 12, "2011": 16, "2012": 16, "2013": 16, "2014": 12, "2015": 18, "2016": 9, "2017": 7, "2018": 12, "2020": 1, "2010": 1}, "old_citations": {"2019": 2, "2010": 94, "2013": 22, "2015": 4, "2012": 1, "2016": 2, "2018": 0}, "isVisible": false}, "formal languages": {"name": "formal languages", "type": "topic", "h_index": 475, "h5_index": 93, "num_publications": 21, "num_citations": 119, "num_publications_5y": 6, "num_citations_5y": 58, "num_publications_10y": 19, "num_citations_10y": 106, "publications_years": {"2019": 2, "2010": 8, "2013": 5, "2015": 2, "2016": 3, "2018": 1}, "citations_years": {"2019": 12, "2011": 16, "2012": 16, "2013": 15, "2014": 12, "2015": 18, "2016": 9, "2017": 7, "2018": 12, "2020": 1, "2010": 1}, "old_citations": {"2019": 2, "2010": 89, "2013": 22, "2015": 4, "2016": 2, "2018": 0}, "isVisible": false}, "mathematics": {"name": "mathematics", "type": "topic", "h_index": 1364, "h5_index": 300, "num_publications": 18, "num_citations": 77, "num_publications_5y": 5, "num_citations_5y": 54, "num_publications_10y": 17, "num_citations_10y": 70, "publications_years": {"2013": 5, "2017": 1, "2010": 4, "2012": 2, "2011": 1, "2016": 1, "2018": 2, "2015": 1, "2004": 1}, "citations_years": {"2013": 9, "2014": 8, "2015": 20, "2016": 11, "2017": 9, "2018": 6, "2011": 3, "2012": 3, "2019": 5, "2004": 1, "2005": 0, "2006": 0, "2007": 0, "2008": 0, "2009": 0, "2010": 1, "2020": 1}, "old_citations": {"2013": 50, "2017": 0, "2010": 19, "2012": 6, "2011": 3, "2016": 1, "2018": 1, "2015": 0, "2004": 2}, "isVisible": false}, "knowledge based systems": {"name": "knowledge based systems", "type": "topic", "h_index": 660, "h5_index": 129, "num_publications": 17, "num_citations": 66, "num_publications_5y": 3, "num_citations_5y": 40, "num_publications_10y": 12, "num_citations_10y": 62, "publications_years": {"2010": 4, "2013": 5, "2019": 5, "2016": 2, "2018": 1}, "citations_years": {"2009": 1, "2010": 1, "2011": 7, "2012": 3, "2013": 10, "2014": 9, "2015": 16, "2016": 8, "2017": 3, "2019": 4, "2018": 4}, "old_citations": {"2010": 24, "2013": 39, "2019": 2, "2016": 1, "2018": 0}, "isVisible": false}, "ontology": {"name": "ontology", "type": "topic", "h_index": 444, "h5_index": 98, "num_publications": 17, "num_citations": 105, "num_publications_5y": 6, "num_citations_5y": 52, "num_publications_10y": 15, "num_citations_10y": 95, "publications_years": {"2019": 2, "2010": 4, "2013": 4, "2015": 2, "2016": 3, "2012": 1, "2018": 1}, "citations_years": {"2019": 9, "2011": 12, "2012": 13, "2013": 17, "2014": 11, "2015": 17, "2016": 7, "2017": 6, "2018": 11, "2020": 1, "2010": 1}, "old_citations": {"2019": 2, "2010": 75, "2013": 17, "2015": 4, "2016": 2, "2012": 5, "2018": 0}, "isVisible": false}, "software engineering": {"name": "software engineering", "type": "topic", "h_index": 964, "h5_index": 236, "num_publications": 15, "num_citations": 72, "num_publications_5y": 8, "num_citations_5y": 45, "num_publications_10y": 15, "num_citations_10y": 60, "publications_years": {"2014": 4, "2015": 2, "2018": 2, "2010": 5, "2013": 2}, "citations_years": {"2017": 12, "2015": 15, "2016": 7, "2018": 5, "2011": 6, "2012": 6, "2013": 3, "2014": 6, "2019": 10, "2020": 2}, "old_citations": {"2014": 17, "2015": 5, "2018": 1, "2010": 38, "2013": 11}, "isVisible": false}, "reasoning": {"name": "reasoning", "type": "topic", "h_index": 315, "h5_index": 78, "num_publications": 14, "num_citations": 100, "num_publications_5y": 4, "num_citations_5y": 50, "num_publications_10y": 12, "num_citations_10y": 90, "publications_years": {"2019": 2, "2010": 4, "2013": 4, "2015": 2, "2016": 2}, "citations_years": {"2019": 9, "2011": 12, "2012": 13, "2013": 14, "2014": 11, "2015": 16, "2016": 7, "2017": 5, "2018": 11, "2020": 1, "2010": 1}, "old_citations": {"2019": 2, "2010": 75, "2013": 17, "2015": 4, "2016": 2}, "isVisible": false}, "software design": {"name": "software design", "type": "topic", "h_index": 907, "h5_index": 227, "num_publications": 14, "num_citations": 72, "num_publications_5y": 7, "num_citations_5y": 45, "num_publications_10y": 14, "num_citations_10y": 60, "publications_years": {"2014": 4, "2015": 2, "2010": 5, "2013": 2, "2018": 1}, "citations_years": {"2017": 12, "2015": 15, "2016": 7, "2018": 5, "2011": 6, "2012": 6, "2013": 3, "2014": 6, "2019": 10, "2020": 2}, "old_citations": {"2014": 17, "2015": 5, "2010": 38, "2013": 11, "2018": 1}, "isVisible": false}, "embedded systems": {"name": "embedded systems", "type": "topic", "h_index": 799, "h5_index": 168, "num_publications": 13, "num_citations": 79, "num_publications_5y": 5, "num_citations_5y": 39, "num_publications_10y": 13, "num_citations_10y": 67, "publications_years": {"2010": 6, "2012": 1, "2015": 1, "2014": 3, "2013": 1, "2018": 1}, "citations_years": {"2011": 9, "2012": 8, "2013": 10, "2014": 6, "2015": 12, "2016": 5, "2017": 11, "2018": 5, "2019": 10, "2010": 1, "2020": 2}, "old_citations": {"2010": 56, "2012": 1, "2015": 0, "2014": 16, "2013": 5, "2018": 1}, "isVisible": false}, "knowledge representation": {"name": "knowledge representation", "type": "topic", "h_index": 301, "h5_index": 58, "num_publications": 13, "num_citations": 43, "num_publications_5y": 2, "num_citations_5y": 22, "num_publications_10y": 9, "num_citations_10y": 41, "publications_years": {"2010": 4, "2019": 4, "2013": 3, "2018": 1, "2016": 1}, "citations_years": {"2009": 1, "2010": 1, "2011": 6, "2012": 2, "2013": 9, "2014": 4, "2015": 10, "2016": 3, "2017": 2, "2019": 2, "2018": 3}, "old_citations": {"2010": 24, "2019": 2, "2013": 17, "2018": 0, "2016": 0}, "isVisible": false}, "database systems": {"name": "database systems", "type": "topic", "h_index": 1167, "h5_index": 276, "num_publications": 12, "num_citations": 81, "num_publications_5y": 2, "num_citations_5y": 45, "num_publications_10y": 10, "num_citations_10y": 71, "publications_years": {"2010": 3, "2014": 2, "2019": 2, "2013": 2, "2012": 1, "2011": 2}, "citations_years": {"2009": 1, "2010": 0, "2011": 8, "2012": 7, "2013": 10, "2014": 10, "2015": 15, "2016": 4, "2017": 11, "2018": 5, "2019": 8, "2020": 2}, "old_citations": {"2010": 34, "2014": 11, "2019": 0, "2013": 24, "2012": 5, "2011": 7}, "isVisible": false}, "graph theory": {"name": "graph theory", "type": "topic", "h_index": 726, "h5_index": 150, "num_publications": 7, "num_citations": 79, "num_publications_5y": 0, "num_citations_5y": 51, "num_publications_10y": 7, "num_citations_10y": 69, "publications_years": {"2013": 3, "2010": 3, "2011": 1}, "citations_years": {"2013": 5, "2014": 9, "2015": 15, "2016": 11, "2017": 10, "2018": 6, "2019": 10, "2011": 6, "2012": 7}, "old_citations": {"2013": 38, "2010": 38, "2011": 3}, "isVisible": false}, "logic programs": {"name": "logic programs", "type": "topic", "h_index": 127, "h5_index": 18, "num_publications": 13, "num_citations": 77, "num_publications_5y": 0, "num_citations_5y": 30, "num_publications_10y": 10, "num_citations_10y": 66, "publications_years": {"2019": 3, "2010": 6, "2013": 2, "2012": 1, "2011": 1}, "citations_years": {"2019": 10, "2011": 11, "2012": 12, "2013": 12, "2014": 7, "2015": 10, "2016": 4, "2017": 3, "2018": 6, "2020": 1, "2010": 1}, "old_citations": {"2019": 1, "2010": 51, "2013": 21, "2012": 1, "2011": 3}, "isVisible": false}, "distributed computer systems": {"name": "distributed computer systems", "type": "topic", "h_index": 985, "h5_index": 228, "num_publications": 10, "num_citations": 69, "num_publications_5y": 4, "num_citations_5y": 38, "num_publications_10y": 9, "num_citations_10y": 63, "publications_years": {"2014": 2, "2010": 5, "2018": 1, "2019": 1, "2016": 1}, "citations_years": {"2017": 13, "2011": 8, "2012": 7, "2013": 9, "2014": 5, "2015": 11, "2016": 5, "2018": 4, "2019": 5, "2010": 1, "2020": 1}, "old_citations": {"2014": 12, "2010": 61, "2018": 0, "2019": 0, "2016": 1}, "isVisible": false}, "correlation analysis": {"name": "correlation analysis", "type": "topic", "h_index": 1044, "h5_index": 224, "num_publications": 6, "num_citations": 52, "num_publications_5y": 0, "num_citations_5y": 37, "num_publications_10y": 6, "num_citations_10y": 48, "publications_years": {"2013": 3, "2010": 1, "2012": 1, "2011": 1}, "citations_years": {"2013": 6, "2014": 6, "2015": 15, "2016": 8, "2017": 5, "2011": 2, "2012": 3, "2018": 3, "2019": 4}, "old_citations": {"2013": 39, "2010": 5, "2012": 5, "2011": 3}, "isVisible": false}, "engineering": {"name": "engineering", "type": "topic", "h_index": 1177, "h5_index": 287, "num_publications": 10, "num_citations": 50, "num_publications_5y": 2, "num_citations_5y": 35, "num_publications_10y": 10, "num_citations_10y": 41, "publications_years": {"2015": 1, "2013": 3, "2010": 3, "2012": 1, "2011": 1, "2014": 1}, "citations_years": {"2015": 11, "2016": 6, "2017": 10, "2018": 5, "2013": 2, "2014": 3, "2019": 8, "2011": 2, "2012": 2, "2020": 1}, "old_citations": {"2015": 5, "2013": 21, "2010": 9, "2012": 1, "2011": 3, "2014": 11}, "isVisible": false}, "probability": {"name": "probability", "type": "topic", "h_index": 918, "h5_index": 211, "num_publications": 10, "num_citations": 41, "num_publications_5y": 1, "num_citations_5y": 24, "num_publications_10y": 10, "num_citations_10y": 37, "publications_years": {"2013": 3, "2010": 3, "2012": 2, "2011": 1, "2018": 1}, "citations_years": {"2013": 8, "2014": 3, "2015": 8, "2016": 3, "2017": 5, "2018": 5, "2011": 2, "2012": 3, "2019": 4}, "old_citations": {"2013": 27, "2010": 10, "2012": 6, "2011": 3, "2018": 0}, "isVisible": false}, "computer hardware": {"name": "computer hardware", "type": "topic", "h_index": 1150, "h5_index": 279, "num_publications": 11, "num_citations": 40, "num_publications_5y": 4, "num_citations_5y": 17, "num_publications_10y": 9, "num_citations_10y": 33, "publications_years": {"2014": 1, "2017": 1, "2010": 3, "2012": 1, "2019": 1, "2016": 1, "2013": 1, "2004": 1, "2018": 1}, "citations_years": {"2017": 6, "2013": 4, "2011": 5, "2012": 6, "2014": 4, "2015": 3, "2016": 2, "2018": 2, "2019": 5, "2004": 1, "2005": 0, "2006": 0, "2007": 0, "2008": 0, "2009": 0, "2010": 1, "2020": 1}, "old_citations": {"2014": 1, "2017": 0, "2010": 34, "2012": 1, "2019": 0, "2016": 1, "2013": 5, "2004": 2, "2018": 1}, "isVisible": false}, "modal logic": {"name": "modal logic", "type": "topic", "h_index": 212, "h5_index": 26, "num_publications": 7, "num_citations": 13, "num_publications_5y": 3, "num_citations_5y": 8, "num_publications_10y": 5, "num_citations_10y": 10, "publications_years": {"2010": 2, "2019": 1, "2016": 1, "2018": 2, "2004": 1}, "citations_years": {"2011": 1, "2012": 0, "2013": 0, "2014": 0, "2015": 2, "2016": 2, "2017": 3, "2018": 1, "2019": 1, "2004": 1, "2005": 0, "2006": 0, "2007": 0, "2008": 0, "2009": 0, "2010": 1, "2020": 1}, "old_citations": {"2010": 9, "2019": 0, "2016": 1, "2018": 1, "2004": 2}, "isVisible": false}, "answer set": {"name": "answer set", "type": "topic", "h_index": 98, "h5_index": 17, "num_publications": 6, "num_citations": 19, "num_publications_5y": 0, "num_citations_5y": 6, "num_publications_10y": 3, "num_citations_10y": 18, "publications_years": {"2019": 3, "2010": 3}, "citations_years": {"2019": 1, "2010": 1, "2011": 3, "2012": 2, "2013": 6, "2014": 1, "2015": 3, "2016": 1, "2017": 0, "2018": 1}, "old_citations": {"2019": 1, "2010": 18}, "isVisible": false}, "boolean functions": {"name": "boolean functions", "type": "topic", "h_index": 296, "h5_index": 60, "num_publications": 6, "num_citations": 5, "num_publications_5y": 3, "num_citations_5y": 1, "num_publications_10y": 5, "num_citations_10y": 3, "publications_years": {"2017": 1, "2010": 1, "2012": 1, "2016": 1, "2004": 1, "2018": 1}, "citations_years": {"2013": 1, "2017": 1, "2004": 1, "2005": 0, "2006": 0, "2007": 0, "2008": 0, "2009": 0, "2010": 1, "2020": 1}, "old_citations": {"2017": 0, "2010": 5, "2012": 1, "2016": 1, "2004": 2, "2018": 1}, "isVisible": false}, "domain knowledge": {"name": "domain knowledge", "type": "topic", "h_index": 285, "h5_index": 67, "num_publications": 3, "num_citations": 19, "num_publications_5y": 1, "num_citations_5y": 17, "num_publications_10y": 2, "num_citations_10y": 18, "publications_years": {"2013": 1, "2019": 1, "2016": 1}, "citations_years": {"2013": 1, "2014": 4, "2015": 6, "2016": 5, "2017": 1, "2019": 1, "2018": 1}, "old_citations": {"2013": 17, "2019": 1, "2016": 1}, "isVisible": false}, "dynamic logic": {"name": "dynamic logic", "type": "topic", "h_index": 191, "h5_index": 25, "num_publications": 5, "num_citations": 13, "num_publications_5y": 2, "num_citations_5y": 8, "num_publications_10y": 4, "num_citations_10y": 10, "publications_years": {"2010": 2, "2016": 1, "2004": 1, "2018": 1}, "citations_years": {"2011": 1, "2012": 0, "2013": 0, "2014": 0, "2015": 2, "2016": 2, "2017": 3, "2018": 1, "2019": 1, "2004": 1, "2005": 0, "2006": 0, "2007": 0, "2008": 0, "2009": 0, "2010": 1, "2020": 1}, "old_citations": {"2010": 9, "2016": 1, "2004": 2, "2018": 1}, "isVisible": false}, "explicit knowledge": {"name": "explicit knowledge", "type": "topic", "h_index": 212, "h5_index": 49, "num_publications": 2, "num_citations": 2, "num_publications_5y": 1, "num_citations_5y": 1, "num_publications_10y": 1, "num_citations_10y": 1, "publications_years": {"2019": 1, "2016": 1}, "citations_years": {"2019": 1, "2018": 1}, "old_citations": {"2019": 1, "2016": 1}, "isVisible": false}}, "authors": {"179935869": {"name": "fabrizio riguzzi", "type": "author", "activity": 23, "h_index": 18, "h5_index": 5, "mag_id": "179935869", "num_publications": 6, "num_citations": 38, "num_publications_5y": 0, "num_citations_5y": 22, "num_publications_10y": 6, "num_citations_10y": 34, "publications_years": {"2010": 1, "2013": 2, "2012": 2, "2011": 1}, "citations_years": {"2011": 2, "2012": 3, "2013": 7, "2014": 3, "2015": 8, "2016": 3, "2017": 5, "2018": 3, "2019": 4}, "old_citations": {"2010": 5, "2013": 24, "2012": 6, "2011": 3}, "isVisible": true}, "300695800": {"name": "francesca a lisi", "type": "author", "activity": 22, "h_index": 12, "h5_index": 1, "mag_id": "300695800", "num_publications": 4, "num_citations": 0, "num_publications_5y": 1, "num_citations_5y": 0, "num_publications_10y": 1, "num_citations_10y": 0, "publications_years": {"2019": 3, "2016": 1}, "citations_years": {}, "old_citations": {"2019": 0, "2016": 0}, "isVisible": false}, "318207047": {"name": "agostino dovier", "type": "author", "activity": 28, "h_index": 18, "h5_index": 3, "mag_id": "318207047", "num_publications": 4, "num_citations": 25, "num_publications_5y": 2, "num_citations_5y": 19, "num_publications_10y": 4, "num_citations_10y": 25, "publications_years": {"2010": 1, "2013": 1, "2016": 2}, "citations_years": {"2009": 1, "2010": 0, "2011": 3, "2012": 0, "2013": 2, "2014": 4, "2015": 6, "2016": 5, "2017": 3, "2018": 1}, "old_citations": {"2010": 6, "2013": 17, "2016": 2}, "isVisible": false}, "346630983": {"name": "viviana mascardi", "type": "author", "activity": 24, "h_index": 17, "h5_index": 6, "mag_id": "346630983", "num_publications": 4, "num_citations": 18, "num_publications_5y": 3, "num_citations_5y": 13, "num_publications_10y": 4, "num_citations_10y": 15, "publications_years": {"2014": 2, "2010": 1, "2015": 1}, "citations_years": {"2010": 1, "2011": 0, "2012": 1, "2013": 0, "2014": 1, "2015": 3, "2016": 1, "2017": 5, "2018": 3, "2019": 2, "2020": 1}, "old_citations": {"2014": 11, "2010": 3, "2015": 4}, "isVisible": false}, "1992312691": {"name": "andrea formisano", "type": "author", "activity": 23, "h_index": 11, "h5_index": 3, "mag_id": "1992312691", "num_publications": 4, "num_citations": 26, "num_publications_5y": 1, "num_citations_5y": 8, "num_publications_10y": 3, "num_citations_10y": 25, "publications_years": {"2010": 2, "2019": 1, "2016": 1}, "citations_years": {"2009": 1, "2010": 1, "2011": 6, "2012": 2, "2013": 7, "2014": 1, "2015": 3, "2016": 1, "2017": 2, "2019": 1, "2018": 1}, "old_citations": {"2010": 24, "2019": 1, "2016": 1}, "isVisible": false}, "2068700840": {"name": "stefania costantini", "type": "author", "activity": 30, "h_index": 13, "h5_index": 3, "mag_id": "2068700840", "num_publications": 4, "num_citations": 19, "num_publications_5y": 0, "num_citations_5y": 6, "num_publications_10y": 1, "num_citations_10y": 18, "publications_years": {"2019": 3, "2010": 1}, "citations_years": {"2019": 1, "2010": 1, "2011": 3, "2012": 2, "2013": 6, "2014": 1, "2015": 3, "2016": 1, "2017": 0, "2018": 1}, "old_citations": {"2019": 1, "2010": 18}, "isVisible": false}, "2120918653": {"name": "francesco ricca", "type": "author", "activity": 18, "h_index": 23, "h5_index": 9, "mag_id": "2120918653", "num_publications": 4, "num_citations": 29, "num_publications_5y": 0, "num_citations_5y": 10, "num_publications_10y": 1, "num_citations_10y": 24, "publications_years": {"2019": 3, "2010": 1}, "citations_years": {"2019": 4, "2011": 5, "2012": 6, "2013": 3, "2014": 4, "2015": 3, "2016": 1, "2017": 0, "2018": 2, "2020": 1}, "old_citations": {"2019": 1, "2010": 28}, "isVisible": false}, "68937908": {"name": "daniela briola", "type": "author", "activity": 13, "h_index": 7, "h5_index": 3, "mag_id": "68937908", "num_publications": 3, "num_citations": 15, "num_publications_5y": 3, "num_citations_5y": 12, "num_publications_10y": 3, "num_citations_10y": 12, "publications_years": {"2014": 2, "2015": 1}, "citations_years": {"2016": 1, "2017": 5, "2018": 2, "2019": 2, "2014": 1, "2015": 3, "2020": 1}, "old_citations": {"2014": 11, "2015": 4}, "isVisible": false}, "261246586": {"name": "alberto pettorossi", "type": "author", "activity": 30, "h_index": 17, "h5_index": 4, "mag_id": "261246586", "num_publications": 3, "num_citations": 5, "num_publications_5y": 0, "num_citations_5y": 1, "num_publications_10y": 3, "num_citations_10y": 3, "publications_years": {"2010": 2, "2013": 1}, "citations_years": {"2011": 1, "2012": 1, "2013": 0, "2014": 1, "2015": 0, "2016": 0, "2017": 0, "2018": 0, "2019": 2}, "old_citations": {"2010": 0, "2013": 5}, "isVisible": false}, "337921378": {"name": "stefano bistarelli", "type": "author", "activity": 26, "h_index": 20, "h5_index": 7, "mag_id": "337921378", "num_publications": 3, "num_citations": 1, "num_publications_5y": 2, "num_citations_5y": 1, "num_publications_10y": 3, "num_citations_10y": 1, "publications_years": {"2014": 1, "2010": 1, "2015": 1}, "citations_years": {"2017": 1}, "old_citations": {"2014": 1, "2010": 5, "2015": 0}, "isVisible": false}, "939357643": {"name": "valerio senni", "type": "author", "activity": 11, "h_index": 6, "h5_index": 0, "mag_id": "939357643", "num_publications": 3, "num_citations": 5, "num_publications_5y": 0, "num_citations_5y": 1, "num_publications_10y": 3, "num_citations_10y": 3, "publications_years": {"2010": 2, "2013": 1}, "citations_years": {"2011": 1, "2012": 1, "2013": 0, "2014": 1, "2015": 0, "2016": 0, "2017": 0, "2018": 0, "2019": 2}, "old_citations": {"2010": 0, "2013": 5}, "isVisible": false}, "2101674066": {"name": "maurizio proietti", "type": "author", "activity": 30, "h_index": 17, "h5_index": 4, "mag_id": "2101674066", "num_publications": 3, "num_citations": 5, "num_publications_5y": 0, "num_citations_5y": 1, "num_publications_10y": 3, "num_citations_10y": 3, "publications_years": {"2010": 2, "2013": 1}, "citations_years": {"2011": 1, "2012": 1, "2013": 0, "2014": 1, "2015": 0, "2016": 0, "2017": 0, "2018": 0, "2019": 2}, "old_citations": {"2010": 0, "2013": 5}, "isVisible": false}, "2151831802": {"name": "carmine dodaro", "type": "author", "activity": 10, "h_index": 11, "h5_index": 8, "mag_id": "2151831802", "num_publications": 3, "num_citations": 1, "num_publications_5y": 0, "num_citations_5y": 0, "num_publications_10y": 0, "num_citations_10y": 0, "publications_years": {"2019": 3}, "citations_years": {"2019": 1}, "old_citations": {"2019": 1}, "isVisible": false}, "2310186662": {"name": "evelina lamma", "type": "author", "activity": 30, "h_index": 22, "h5_index": 4, "mag_id": "2310186662", "num_publications": 3, "num_citations": 19, "num_publications_5y": 0, "num_citations_5y": 15, "num_publications_10y": 3, "num_citations_10y": 19, "publications_years": {"2013": 2, "2012": 1}, "citations_years": {"2013": 4, "2014": 3, "2015": 8, "2016": 2, "2017": 2}, "old_citations": {"2013": 14, "2012": 5}, "isVisible": false}, "2593572777": {"name": "alberto martelli", "type": "author", "activity": 30, "h_index": 18, "h5_index": 1, "mag_id": "2593572777", "num_publications": 3, "num_citations": 3, "num_publications_5y": 1, "num_citations_5y": 1, "num_publications_10y": 2, "num_citations_10y": 2, "publications_years": {"2016": 1, "2010": 1, "2004": 1}, "citations_years": {"2018": 1, "2004": 1, "2005": 0, "2006": 0, "2007": 0, "2008": 0, "2009": 0, "2010": 1}, "old_citations": {"2016": 1, "2010": 0, "2004": 2}, "isVisible": false}, "2735539703": {"name": "bernardo cuteri", "type": "author", "activity": 3, "h_index": 3, "h5_index": 3, "mag_id": "2735539703", "num_publications": 3, "num_citations": 1, "num_publications_5y": 0, "num_citations_5y": 0, "num_publications_10y": 0, "num_citations_10y": 0, "publications_years": {"2019": 3}, "citations_years": {"2019": 1}, "old_citations": {"2019": 1}, "isVisible": false}, "719103437": {"name": "gian luca pozzato", "type": "author", "activity": 17, "h_index": 10, "h5_index": 4, "mag_id": "719103437", "num_publications": 2, "num_citations": 4, "num_publications_5y": 2, "num_citations_5y": 0, "num_publications_10y": 2, "num_citations_10y": 0, "publications_years": {"2018": 2}, "citations_years": {"2019": 4}, "old_citations": {"2018": 4}, "isVisible": false}, "1825717081": {"name": "fabio fioravanti", "type": "author", "activity": 21, "h_index": 12, "h5_index": 4, "mag_id": "1825717081", "num_publications": 2, "num_citations": 5, "num_publications_5y": 0, "num_citations_5y": 1, "num_publications_10y": 2, "num_citations_10y": 3, "publications_years": {"2010": 1, "2013": 1}, "citations_years": {"2011": 1, "2012": 1, "2013": 0, "2014": 1, "2015": 0, "2016": 0, "2017": 0, "2018": 0, "2019": 2}, "old_citations": {"2010": 0, "2013": 5}, "isVisible": false}, "1981808379": {"name": "laura giordano", "type": "author", "activity": 30, "h_index": 19, "h5_index": 3, "mag_id": "1981808379", "num_publications": 2, "num_citations": 1, "num_publications_5y": 1, "num_citations_5y": 1, "num_publications_10y": 2, "num_citations_10y": 1, "publications_years": {"2016": 1, "2010": 1}, "citations_years": {"2018": 1}, "old_citations": {"2016": 1, "2010": 0}, "isVisible": false}, "2002592677": {"name": "cristina baroglio", "type": "author", "activity": 28, "h_index": 20, "h5_index": 3, "mag_id": "2002592677", "num_publications": 2, "num_citations": 7, "num_publications_5y": 1, "num_citations_5y": 5, "num_publications_10y": 1, "num_citations_10y": 6, "publications_years": {"2015": 1, "2004": 1}, "citations_years": {"2015": 2, "2016": 2, "2017": 0, "2018": 1, "2004": 1, "2005": 0, "2006": 0, "2007": 0, "2008": 0, "2009": 0, "2010": 1}, "old_citations": {"2015": 5, "2004": 2}, "isVisible": false}, "2036277265": {"name": "elena bellodi", "type": "author", "activity": 10, "h_index": 12, "h5_index": 4, "mag_id": "2036277265", "num_publications": 2, "num_citations": 13, "num_publications_5y": 0, "num_citations_5y": 9, "num_publications_10y": 2, "num_citations_10y": 13, "publications_years": {"2013": 1, "2012": 1}, "citations_years": {"2013": 4, "2014": 2, "2015": 4, "2016": 1, "2017": 2}, "old_citations": {"2013": 8, "2012": 5}, "isVisible": false}, "2097229627": {"name": "davide ancona", "type": "author", "activity": 24, "h_index": 19, "h5_index": 6, "mag_id": "2097229627", "num_publications": 2, "num_citations": 11, "num_publications_5y": 2, "num_citations_5y": 9, "num_publications_10y": 2, "num_citations_10y": 9, "publications_years": {"2014": 2}, "citations_years": {"2014": 1, "2015": 3, "2016": 0, "2017": 5, "2018": 0, "2019": 1, "2020": 1}, "old_citations": {"2014": 11}, "isVisible": false}, "2112253845": {"name": "matteo baldoni", "type": "author", "activity": 27, "h_index": 23, "h5_index": 3, "mag_id": "2112253845", "num_publications": 2, "num_citations": 7, "num_publications_5y": 1, "num_citations_5y": 5, "num_publications_10y": 1, "num_citations_10y": 6, "publications_years": {"2015": 1, "2004": 1}, "citations_years": {"2015": 2, "2016": 2, "2017": 0, "2018": 1, "2004": 1, "2005": 0, "2006": 0, "2007": 0, "2008": 0, "2009": 0, "2010": 1}, "old_citations": {"2015": 5, "2004": 2}, "isVisible": false}, "2142354296": {"name": "guido fiorino", "type": "author", "activity": 18, "h_index": 4, "h5_index": 1, "mag_id": "2142354296", "num_publications": 2, "num_citations": 1, "num_publications_5y": 2, "num_citations_5y": 0, "num_publications_10y": 2, "num_citations_10y": 0, "publications_years": {"2015": 1, "2018": 1}, "citations_years": {"2020": 1}, "old_citations": {"2015": 0, "2018": 1}, "isVisible": false}, "2142686606": {"name": "mauro ferrari", "type": "author", "activity": 24, "h_index": 7, "h5_index": 1, "mag_id": "2142686606", "num_publications": 2, "num_citations": 1, "num_publications_5y": 2, "num_citations_5y": 0, "num_publications_10y": 2, "num_citations_10y": 0, "publications_years": {"2015": 1, "2018": 1}, "citations_years": {"2020": 1}, "old_citations": {"2015": 0, "2018": 1}, "isVisible": false}, "2170454102": {"name": "camillo fiorentini", "type": "author", "activity": 20, "h_index": 7, "h5_index": 1, "mag_id": "2170454102", "num_publications": 2, "num_citations": 1, "num_publications_5y": 2, "num_citations_5y": 0, "num_publications_10y": 2, "num_citations_10y": 0, "publications_years": {"2015": 1, "2018": 1}, "citations_years": {"2020": 1}, "old_citations": {"2015": 0, "2018": 1}, "isVisible": false}, "2263906729": {"name": "marco montali", "type": "author", "activity": 16, "h_index": 27, "h5_index": 10, "mag_id": "2263906729", "num_publications": 2, "num_citations": 31, "num_publications_5y": 1, "num_citations_5y": 15, "num_publications_10y": 2, "num_citations_10y": 27, "publications_years": {"2010": 1, "2014": 1}, "citations_years": {"2011": 4, "2012": 5, "2013": 3, "2014": 3, "2015": 4, "2016": 2, "2017": 4, "2018": 2, "2019": 4}, "old_citations": {"2010": 29, "2014": 2}, "isVisible": false}, "2307803847": {"name": "daniele theseider dupre", "type": "author", "activity": 30, "h_index": 15, "h5_index": 3, "mag_id": "2307803847", "num_publications": 2, "num_citations": 1, "num_publications_5y": 1, "num_citations_5y": 1, "num_publications_10y": 2, "num_citations_10y": 1, "publications_years": {"2016": 1, "2010": 1}, "citations_years": {"2018": 1}, "old_citations": {"2016": 1, "2010": 0}, "isVisible": false}, "57737970": {"name": "marco gavanelli", "type": "author", "activity": 22, "h_index": 18, "h5_index": 2, "mag_id": "57737970", "num_publications": 1, "num_citations": 6, "num_publications_5y": 0, "num_citations_5y": 6, "num_publications_10y": 1, "num_citations_10y": 6, "publications_years": {"2013": 1}, "citations_years": {"2014": 1, "2015": 4, "2016": 1}, "old_citations": {"2013": 6}, "isVisible": false}, "179587917": {"name": "giorgio gosti", "type": "author", "activity": 11, "h_index": 2, "h5_index": 1, "mag_id": "179587917", "num_publications": 1, "num_citations": 0, "num_publications_5y": 0, "num_citations_5y": 0, "num_publications_10y": 1, "num_citations_10y": 0, "publications_years": {"2010": 1}, "citations_years": {}, "old_citations": {"2010": 5}, "isVisible": false}, "185015260": {"name": "silvio ghilardi", "type": "author", "activity": 20, "h_index": 16, "h5_index": 3, "mag_id": "185015260", "num_publications": 1, "num_citations": 3, "num_publications_5y": 1, "num_citations_5y": 1, "num_publications_10y": 1, "num_citations_10y": 1, "publications_years": {"2014": 1}, "citations_years": {"2018": 1, "2019": 2}, "old_citations": {"2014": 3}, "isVisible": false}, "196058451": {"name": "eugenio di sciascio", "type": "author", "activity": 23, "h_index": 27, "h5_index": 9, "mag_id": "196058451", "num_publications": 1, "num_citations": 0, "num_publications_5y": 1, "num_citations_5y": 0, "num_publications_10y": 1, "num_citations_10y": 0, "publications_years": {"2014": 1}, "citations_years": {}, "old_citations": {"2014": 0}, "isVisible": false}, "253045466": {"name": "alberto policriti", "type": "author", "activity": 31, "h_index": 14, "h5_index": 3, "mag_id": "253045466", "num_publications": 1, "num_citations": 1, "num_publications_5y": 1, "num_citations_5y": 1, "num_publications_10y": 1, "num_citations_10y": 1, "publications_years": {"2016": 1}, "citations_years": {"2017": 1}, "old_citations": {"2016": 1}, "isVisible": false}, "259283517": {"name": "federico capuzzimati", "type": "author", "activity": 8, "h_index": 7, "h5_index": 2, "mag_id": "259283517", "num_publications": 1, "num_citations": 5, "num_publications_5y": 1, "num_citations_5y": 5, "num_publications_10y": 1, "num_citations_10y": 5, "publications_years": {"2015": 1}, "citations_years": {"2015": 2, "2016": 2, "2017": 0, "2018": 1}, "old_citations": {"2015": 5}, "isVisible": false}, "263023790": {"name": "roberto micalizio", "type": "author", "activity": 16, "h_index": 9, "h5_index": 4, "mag_id": "263023790", "num_publications": 1, "num_citations": 5, "num_publications_5y": 1, "num_citations_5y": 5, "num_publications_10y": 1, "num_citations_10y": 5, "publications_years": {"2015": 1}, "citations_years": {"2015": 2, "2016": 2, "2017": 0, "2018": 1}, "old_citations": {"2015": 5}, "isVisible": false}, "267187831": {"name": "angela locoro", "type": "author", "activity": 13, "h_index": 9, "h5_index": 3, "mag_id": "267187831", "num_publications": 1, "num_citations": 3, "num_publications_5y": 0, "num_citations_5y": 1, "num_publications_10y": 1, "num_citations_10y": 3, "publications_years": {"2010": 1}, "citations_years": {"2010": 1, "2011": 0, "2012": 1, "2013": 0, "2014": 0, "2015": 0, "2016": 0, "2017": 0, "2018": 1}, "old_citations": {"2010": 3}, "isVisible": false}, "293404760": {"name": "riccardo zese", "type": "author", "activity": 8, "h_index": 8, "h5_index": 4, "mag_id": "293404760", "num_publications": 1, "num_citations": 8, "num_publications_5y": 0, "num_citations_5y": 7, "num_publications_10y": 1, "num_citations_10y": 8, "publications_years": {"2013": 1}, "citations_years": {"2013": 1, "2014": 2, "2015": 3, "2016": 1, "2017": 1}, "old_citations": {"2013": 8}, "isVisible": false}, "310458393": {"name": "paolo torroni", "type": "author", "activity": 22, "h_index": 25, "h5_index": 5, "mag_id": "310458393", "num_publications": 1, "num_citations": 29, "num_publications_5y": 0, "num_citations_5y": 14, "num_publications_10y": 1, "num_citations_10y": 26, "publications_years": {"2010": 1}, "citations_years": {"2011": 4, "2012": 5, "2013": 3, "2014": 3, "2015": 3, "2016": 2, "2017": 4, "2018": 2, "2019": 3}, "old_citations": {"2010": 29}, "isVisible": false}, "315400071": {"name": "alberto momigliano", "type": "author", "activity": 30, "h_index": 14, "h5_index": 2, "mag_id": "315400071", "num_publications": 1, "num_citations": 0, "num_publications_5y": 1, "num_citations_5y": 0, "num_publications_10y": 1, "num_citations_10y": 0, "publications_years": {"2018": 1}, "citations_years": {}, "old_citations": {"2018": 0}, "isVisible": false}, "339007039": {"name": "guido sciavicco", "type": "author", "activity": 14, "h_index": 11, "h5_index": 2, "mag_id": "339007039", "num_publications": 1, "num_citations": 0, "num_publications_5y": 1, "num_citations_5y": 0, "num_publications_10y": 1, "num_citations_10y": 0, "publications_years": {"2017": 1}, "citations_years": {}, "old_citations": {"2017": 0}, "isVisible": false}, "669130765": {"name": "maria paola bonacina", "type": "author", "activity": 30, "h_index": 12, "h5_index": 2, "mag_id": "669130765", "num_publications": 1, "num_citations": 0, "num_publications_5y": 0, "num_citations_5y": 0, "num_publications_10y": 1, "num_citations_10y": 0, "publications_years": {"2013": 1}, "citations_years": {}, "old_citations": {"2013": 0}, "isVisible": false}, "708809703": {"name": "enrico pontelli", "type": "author", "activity": 29, "h_index": 24, "h5_index": 7, "mag_id": "708809703", "num_publications": 1, "num_citations": 6, "num_publications_5y": 0, "num_citations_5y": 1, "num_publications_10y": 1, "num_citations_10y": 6, "publications_years": {"2010": 1}, "citations_years": {"2009": 1, "2010": 0, "2011": 3, "2012": 0, "2013": 1, "2014": 0, "2015": 0, "2016": 0, "2017": 1}, "old_citations": {"2010": 6}, "isVisible": false}, "1047631767": {"name": "salvatore iiritano", "type": "author", "activity": 4, "h_index": 5, "h5_index": 0, "mag_id": "1047631767", "num_publications": 1, "num_citations": 28, "num_publications_5y": 0, "num_citations_5y": 10, "num_publications_10y": 1, "num_citations_10y": 24, "publications_years": {"2010": 1}, "citations_years": {"2011": 5, "2012": 6, "2013": 3, "2014": 4, "2015": 3, "2016": 1, "2017": 0, "2018": 2, "2019": 3, "2020": 1}, "old_citations": {"2010": 28}, "isVisible": false}, "1365520453": {"name": "natasha sharygina", "type": "author", "activity": 20, "h_index": 24, "h5_index": 5, "mag_id": "1365520453", "num_publications": 1, "num_citations": 3, "num_publications_5y": 1, "num_citations_5y": 1, "num_publications_10y": 1, "num_citations_10y": 1, "publications_years": {"2014": 1}, "citations_years": {"2018": 1, "2019": 2}, "old_citations": {"2014": 3}, "isVisible": false}, "1548462108": {"name": "salvatore maria ielpa", "type": "author", "activity": 2, "h_index": 2, "h5_index": 0, "mag_id": "1548462108", "num_publications": 1, "num_citations": 28, "num_publications_5y": 0, "num_citations_5y": 10, "num_publications_10y": 1, "num_citations_10y": 24, "publications_years": {"2010": 1}, "citations_years": {"2011": 5, "2012": 6, "2013": 3, "2014": 4, "2015": 3, "2016": 1, "2017": 0, "2018": 2, "2019": 3, "2020": 1}, "old_citations": {"2010": 28}, "isVisible": false}, "1970347819": {"name": "stefano ferilli", "type": "author", "activity": 24, "h_index": 18, "h5_index": 3, "mag_id": "1970347819", "num_publications": 1, "num_citations": 3, "num_publications_5y": 0, "num_citations_5y": 2, "num_publications_10y": 1, "num_citations_10y": 3, "publications_years": {"2013": 1}, "citations_years": {"2013": 1, "2014": 0, "2015": 0, "2016": 0, "2017": 0, "2018": 2}, "old_citations": {"2013": 3}, "isVisible": false}, "1975973554": {"name": "angelo ferrando", "type": "author", "activity": 7, "h_index": 6, "h5_index": 5, "mag_id": "1975973554", "num_publications": 1, "num_citations": 4, "num_publications_5y": 1, "num_citations_5y": 3, "num_publications_10y": 1, "num_citations_10y": 3, "publications_years": {"2015": 1}, "citations_years": {"2016": 1, "2017": 0, "2018": 2, "2019": 1}, "old_citations": {"2015": 4}, "isVisible": false}, "1979387801": {"name": "viviana patti", "type": "author", "activity": 23, "h_index": 20, "h5_index": 10, "mag_id": "1979387801", "num_publications": 1, "num_citations": 2, "num_publications_5y": 0, "num_citations_5y": 0, "num_publications_10y": 0, "num_citations_10y": 1, "publications_years": {"2004": 1}, "citations_years": {"2004": 1, "2005": 0, "2006": 0, "2007": 0, "2008": 0, "2009": 0, "2010": 1}, "old_citations": {"2004": 2}, "isVisible": false}, "1987600604": {"name": "diego calvanese", "type": "author", "activity": 27, "h_index": 59, "h5_index": 11, "mag_id": "1987600604", "num_publications": 1, "num_citations": 2, "num_publications_5y": 1, "num_citations_5y": 1, "num_publications_10y": 1, "num_citations_10y": 1, "publications_years": {"2014": 1}, "citations_years": {"2015": 1, "2016": 0, "2017": 0, "2018": 0, "2019": 1}, "old_citations": {"2014": 2}, "isVisible": false}, "1988918878": {"name": "federico chesani", "type": "author", "activity": 17, "h_index": 19, "h5_index": 4, "mag_id": "1988918878", "num_publications": 1, "num_citations": 29, "num_publications_5y": 0, "num_citations_5y": 14, "num_publications_10y": 1, "num_citations_10y": 26, "publications_years": {"2010": 1}, "citations_years": {"2011": 4, "2012": 5, "2013": 3, "2014": 3, "2015": 3, "2016": 2, "2017": 4, "2018": 2, "2019": 3}, "old_citations": {"2010": 29}, "isVisible": false}, "1989698359": {"name": "francesco santini", "type": "author", "activity": 15, "h_index": 15, "h5_index": 6, "mag_id": "1989698359", "num_publications": 1, "num_citations": 0, "num_publications_5y": 1, "num_citations_5y": 0, "num_publications_10y": 1, "num_citations_10y": 0, "publications_years": {"2015": 1}, "citations_years": {}, "old_citations": {"2015": 0}, "isVisible": false}, "1994503406": {"name": "matteo spiotta", "type": "author", "activity": 7, "h_index": 4, "h5_index": 1, "mag_id": "1994503406", "num_publications": 1, "num_citations": 1, "num_publications_5y": 1, "num_citations_5y": 1, "num_publications_10y": 1, "num_citations_10y": 1, "publications_years": {"2016": 1}, "citations_years": {"2018": 1}, "old_citations": {"2016": 1}, "isVisible": false}, "2013714079": {"name": "silvia giannini", "type": "author", "activity": 7, "h_index": 5, "h5_index": 3, "mag_id": "2013714079", "num_publications": 1, "num_citations": 0, "num_publications_5y": 1, "num_citations_5y": 0, "num_publications_10y": 1, "num_citations_10y": 0, "publications_years": {"2014": 1}, "citations_years": {}, "old_citations": {"2014": 0}, "isVisible": false}, "2041871214": {"name": "giorgio delzanno", "type": "author", "activity": 27, "h_index": 24, "h5_index": 3, "mag_id": "2041871214", "num_publications": 1, "num_citations": 4, "num_publications_5y": 1, "num_citations_5y": 3, "num_publications_10y": 1, "num_citations_10y": 3, "publications_years": {"2015": 1}, "citations_years": {"2016": 1, "2017": 0, "2018": 2, "2019": 1}, "old_citations": {"2015": 4}, "isVisible": false}, "2047061645": {"name": "alessandro solimando", "type": "author", "activity": 7, "h_index": 9, "h5_index": 4, "mag_id": "2047061645", "num_publications": 1, "num_citations": 4, "num_publications_5y": 1, "num_citations_5y": 3, "num_publications_10y": 1, "num_citations_10y": 3, "publications_years": {"2015": 1}, "citations_years": {"2016": 1, "2017": 0, "2018": 2, "2019": 1}, "old_citations": {"2015": 4}, "isVisible": false}, "2088700644": {"name": "antonella dimasi", "type": "author", "activity": 1, "h_index": 1, "h5_index": 0, "mag_id": "2088700644", "num_publications": 1, "num_citations": 28, "num_publications_5y": 0, "num_citations_5y": 10, "num_publications_10y": 1, "num_citations_10y": 24, "publications_years": {"2010": 1}, "citations_years": {"2011": 5, "2012": 6, "2013": 3, "2014": 4, "2015": 3, "2016": 1, "2017": 0, "2018": 2, "2019": 3, "2020": 1}, "old_citations": {"2010": 28}, "isVisible": false}, "2092647523": {"name": "marco faella", "type": "author", "activity": 17, "h_index": 15, "h5_index": 1, "mag_id": "2092647523", "num_publications": 1, "num_citations": 9, "num_publications_5y": 0, "num_citations_5y": 7, "num_publications_10y": 1, "num_citations_10y": 8, "publications_years": {"2010": 1}, "citations_years": {"2011": 1, "2012": 0, "2013": 0, "2014": 0, "2015": 2, "2016": 2, "2017": 2, "2018": 1, "2019": 1}, "old_citations": {"2010": 9}, "isVisible": false}, "2095655210": {"name": "a dal palu", "type": "author", "activity": 14, "h_index": 2, "h5_index": 1, "mag_id": "2095655210", "num_publications": 1, "num_citations": 1, "num_publications_5y": 1, "num_citations_5y": 1, "num_publications_10y": 1, "num_citations_10y": 1, "publications_years": {"2016": 1}, "citations_years": {"2017": 1}, "old_citations": {"2016": 1}, "isVisible": false}, "2096852765": {"name": "giovanni grasso", "type": "author", "activity": 15, "h_index": 15, "h5_index": 1, "mag_id": "2096852765", "num_publications": 1, "num_citations": 28, "num_publications_5y": 0, "num_citations_5y": 10, "num_publications_10y": 1, "num_citations_10y": 24, "publications_years": {"2010": 1}, "citations_years": {"2011": 5, "2012": 6, "2013": 3, "2014": 4, "2015": 3, "2016": 1, "2017": 0, "2018": 2, "2019": 3, "2020": 1}, "old_citations": {"2010": 28}, "isVisible": false}, "2101926452": {"name": "marco manna", "type": "author", "activity": 16, "h_index": 13, "h5_index": 5, "mag_id": "2101926452", "num_publications": 1, "num_citations": 28, "num_publications_5y": 0, "num_citations_5y": 10, "num_publications_10y": 1, "num_citations_10y": 24, "publications_years": {"2010": 1}, "citations_years": {"2011": 5, "2012": 6, "2013": 3, "2014": 4, "2015": 3, "2016": 1, "2017": 0, "2018": 2, "2019": 3, "2020": 1}, "old_citations": {"2010": 28}, "isVisible": false}, "2105245263": {"name": "margherita napoli", "type": "author", "activity": 28, "h_index": 11, "h5_index": 0, "mag_id": "2105245263", "num_publications": 1, "num_citations": 9, "num_publications_5y": 0, "num_citations_5y": 7, "num_publications_10y": 1, "num_citations_10y": 8, "publications_years": {"2010": 1}, "citations_years": {"2011": 1, "2012": 0, "2013": 0, "2014": 0, "2015": 2, "2016": 2, "2017": 2, "2018": 1, "2019": 1}, "old_citations": {"2010": 9}, "isVisible": false}, "2107847746": {"name": "simona colucci", "type": "author", "activity": 17, "h_index": 15, "h5_index": 3, "mag_id": "2107847746", "num_publications": 1, "num_citations": 0, "num_publications_5y": 1, "num_citations_5y": 0, "num_publications_10y": 1, "num_citations_10y": 0, "publications_years": {"2014": 1}, "citations_years": {}, "old_citations": {"2014": 0}, "isVisible": false}, "2108524983": {"name": "fabio rossi", "type": "author", "activity": 11, "h_index": 5, "h5_index": 1, "mag_id": "2108524983", "num_publications": 1, "num_citations": 0, "num_publications_5y": 1, "num_citations_5y": 0, "num_publications_10y": 1, "num_citations_10y": 0, "publications_years": {"2015": 1}, "citations_years": {}, "old_citations": {"2015": 0}, "isVisible": false}, "2109165337": {"name": "nengfa zhou", "type": "author", "activity": 29, "h_index": 14, "h5_index": 3, "mag_id": "2109165337", "num_publications": 1, "num_citations": 17, "num_publications_5y": 0, "num_citations_5y": 16, "num_publications_10y": 1, "num_citations_10y": 17, "publications_years": {"2013": 1}, "citations_years": {"2013": 1, "2014": 4, "2015": 6, "2016": 5, "2017": 1}, "old_citations": {"2013": 17}, "isVisible": false}, "2113802512": {"name": "giuseppe de giacomo", "type": "author", "activity": 29, "h_index": 55, "h5_index": 7, "mag_id": "2113802512", "num_publications": 1, "num_citations": 2, "num_publications_5y": 1, "num_citations_5y": 1, "num_publications_10y": 1, "num_citations_10y": 1, "publications_years": {"2014": 1}, "citations_years": {"2015": 1, "2016": 0, "2017": 0, "2018": 0, "2019": 1}, "old_citations": {"2014": 2}, "isVisible": false}, "2116413287": {"name": "mimmo parente", "type": "author", "activity": 23, "h_index": 10, "h5_index": 5, "mag_id": "2116413287", "num_publications": 1, "num_citations": 9, "num_publications_5y": 0, "num_citations_5y": 7, "num_publications_10y": 1, "num_citations_10y": 8, "publications_years": {"2010": 1}, "citations_years": {"2011": 1, "2012": 0, "2013": 0, "2014": 0, "2015": 2, "2016": 2, "2017": 2, "2018": 1, "2019": 1}, "old_citations": {"2010": 9}, "isVisible": false}, "2119964904": {"name": "paola mello", "type": "author", "activity": 31, "h_index": 27, "h5_index": 4, "mag_id": "2119964904", "num_publications": 1, "num_citations": 29, "num_publications_5y": 0, "num_citations_5y": 14, "num_publications_10y": 1, "num_citations_10y": 26, "publications_years": {"2010": 1}, "citations_years": {"2011": 4, "2012": 5, "2013": 3, "2014": 3, "2015": 3, "2016": 2, "2017": 4, "2018": 2, "2019": 3}, "old_citations": {"2010": 29}, "isVisible": false}, "2122134999": {"name": "marco alberti", "type": "author", "activity": 18, "h_index": 17, "h5_index": 3, "mag_id": "2122134999", "num_publications": 1, "num_citations": 6, "num_publications_5y": 0, "num_citations_5y": 6, "num_publications_10y": 1, "num_citations_10y": 6, "publications_years": {"2013": 1}, "citations_years": {"2014": 1, "2015": 4, "2016": 1}, "old_citations": {"2013": 6}, "isVisible": false}, "2131226182": {"name": "michele bozzano", "type": "author", "activity": 4, "h_index": 3, "h5_index": 0, "mag_id": "2131226182", "num_publications": 1, "num_citations": 3, "num_publications_5y": 0, "num_citations_5y": 1, "num_publications_10y": 1, "num_citations_10y": 3, "publications_years": {"2010": 1}, "citations_years": {"2010": 1, "2011": 0, "2012": 1, "2013": 0, "2014": 0, "2015": 0, "2016": 0, "2017": 0, "2018": 1}, "old_citations": {"2010": 3}, "isVisible": false}, "2134974295": {"name": "fulvio rotella", "type": "author", "activity": 5, "h_index": 5, "h5_index": 0, "mag_id": "2134974295", "num_publications": 1, "num_citations": 3, "num_publications_5y": 0, "num_citations_5y": 2, "num_publications_10y": 1, "num_citations_10y": 3, "publications_years": {"2013": 1}, "citations_years": {"2013": 1, "2014": 0, "2015": 0, "2016": 0, "2017": 0, "2018": 2}, "old_citations": {"2013": 3}, "isVisible": false}, "2136352443": {"name": "maurizio martelli", "type": "author", "activity": 30, "h_index": 13, "h5_index": 0, "mag_id": "2136352443", "num_publications": 1, "num_citations": 3, "num_publications_5y": 0, "num_citations_5y": 1, "num_publications_10y": 1, "num_citations_10y": 3, "publications_years": {"2010": 1}, "citations_years": {"2010": 1, "2011": 0, "2012": 1, "2013": 0, "2014": 0, "2015": 0, "2016": 0, "2017": 0, "2018": 1}, "old_citations": {"2010": 3}, "isVisible": false}, "2160834519": {"name": "jacopo mauro", "type": "author", "activity": 13, "h_index": 12, "h5_index": 6, "mag_id": "2160834519", "num_publications": 1, "num_citations": 4, "num_publications_5y": 0, "num_citations_5y": 3, "num_publications_10y": 1, "num_citations_10y": 4, "publications_years": {"2011": 1}, "citations_years": {"2013": 1, "2014": 2, "2015": 1}, "old_citations": {"2011": 4}, "isVisible": false}, "2250193160": {"name": "francesco m donini", "type": "author", "activity": 30, "h_index": 29, "h5_index": 2, "mag_id": "2250193160", "num_publications": 1, "num_citations": 0, "num_publications_5y": 1, "num_citations_5y": 0, "num_publications_10y": 1, "num_citations_10y": 0, "publications_years": {"2014": 1}, "citations_years": {}, "old_citations": {"2014": 0}, "isVisible": false}, "2290170918": {"name": "francesco alberti", "type": "author", "activity": 8, "h_index": 10, "h5_index": 2, "mag_id": "2290170918", "num_publications": 1, "num_citations": 3, "num_publications_5y": 1, "num_citations_5y": 1, "num_publications_10y": 1, "num_citations_10y": 1, "publications_years": {"2014": 1}, "citations_years": {"2018": 1, "2019": 2}, "old_citations": {"2014": 3}, "isVisible": false}, "2291248690": {"name": "terrance swift", "type": "author", "activity": 25, "h_index": 23, "h5_index": 0, "mag_id": "2291248690", "num_publications": 1, "num_citations": 5, "num_publications_5y": 0, "num_citations_5y": 0, "num_publications_10y": 1, "num_citations_10y": 5, "publications_years": {"2010": 1}, "citations_years": {"2011": 2, "2012": 2, "2013": 1}, "old_citations": {"2010": 5}, "isVisible": false}, "2294234114": {"name": "maurizio gabbrielli", "type": "author", "activity": 29, "h_index": 17, "h5_index": 4, "mag_id": "2294234114", "num_publications": 1, "num_citations": 4, "num_publications_5y": 0, "num_citations_5y": 3, "num_publications_10y": 1, "num_citations_10y": 4, "publications_years": {"2011": 1}, "citations_years": {"2013": 1, "2014": 2, "2015": 1}, "old_citations": {"2011": 4}, "isVisible": false}, "2304802699": {"name": "andrea corradi", "type": "author", "activity": 7, "h_index": 4, "h5_index": 2, "mag_id": "2304802699", "num_publications": 1, "num_citations": 4, "num_publications_5y": 1, "num_citations_5y": 3, "num_publications_10y": 1, "num_citations_10y": 3, "publications_years": {"2015": 1}, "citations_years": {"2016": 1, "2017": 0, "2018": 2, "2019": 1}, "old_citations": {"2015": 4}, "isVisible": false}, "2341663243": {"name": "carlo taticchi", "type": "author", "activity": 6, "h_index": 3, "h5_index": 3, "mag_id": "2341663243", "num_publications": 1, "num_citations": 0, "num_publications_5y": 1, "num_citations_5y": 0, "num_publications_10y": 1, "num_citations_10y": 0, "publications_years": {"2015": 1}, "citations_years": {}, "old_citations": {"2015": 0}, "isVisible": false}, "2396124625": {"name": "federico frassetto", "type": "author", "activity": 1, "h_index": 1, "h5_index": 0, "mag_id": "2396124625", "num_publications": 1, "num_citations": 4, "num_publications_5y": 1, "num_citations_5y": 3, "num_publications_10y": 1, "num_citations_10y": 3, "publications_years": {"2015": 1}, "citations_years": {"2016": 1, "2017": 0, "2018": 2, "2019": 1}, "old_citations": {"2015": 4}, "isVisible": false}, "2402257339": {"name": "davide petturiti", "type": "author", "activity": 9, "h_index": 3, "h5_index": 2, "mag_id": "2402257339", "num_publications": 1, "num_citations": 18, "num_publications_5y": 0, "num_citations_5y": 6, "num_publications_10y": 1, "num_citations_10y": 18, "publications_years": {"2010": 1}, "citations_years": {"2010": 1, "2011": 3, "2012": 2, "2013": 6, "2014": 1, "2015": 3, "2016": 1, "2017": 0, "2018": 1}, "old_citations": {"2010": 18}, "isVisible": false}, "2402309694": {"name": "marco oreggia", "type": "author", "activity": 4, "h_index": 2, "h5_index": 1, "mag_id": "2402309694", "num_publications": 1, "num_citations": 4, "num_publications_5y": 1, "num_citations_5y": 3, "num_publications_10y": 1, "num_citations_10y": 3, "publications_years": {"2015": 1}, "citations_years": {"2016": 1, "2017": 0, "2018": 2, "2019": 1}, "old_citations": {"2015": 4}, "isVisible": false}, "2404322115": {"name": "raffaele olivieri", "type": "author", "activity": 5, "h_index": 1, "h5_index": 0, "mag_id": "2404322115", "num_publications": 1, "num_citations": 0, "num_publications_5y": 0, "num_citations_5y": 0, "num_publications_10y": 0, "num_citations_10y": 0, "publications_years": {"2019": 1}, "citations_years": {}, "old_citations": {"2019": 0}, "isVisible": false}, "2405166695": {"name": "silvio beux", "type": "author", "activity": 2, "h_index": 2, "h5_index": 1, "mag_id": "2405166695", "num_publications": 1, "num_citations": 4, "num_publications_5y": 1, "num_citations_5y": 3, "num_publications_10y": 1, "num_citations_10y": 3, "publications_years": {"2015": 1}, "citations_years": {"2016": 1, "2017": 0, "2018": 2, "2019": 1}, "old_citations": {"2015": 4}, "isVisible": false}, "2414564264": {"name": "giovanna guerrini", "type": "author", "activity": 27, "h_index": 19, "h5_index": 3, "mag_id": "2414564264", "num_publications": 1, "num_citations": 4, "num_publications_5y": 1, "num_citations_5y": 3, "num_publications_10y": 1, "num_citations_10y": 3, "publications_years": {"2015": 1}, "citations_years": {"2016": 1, "2017": 0, "2018": 2, "2019": 1}, "old_citations": {"2015": 4}, "isVisible": false}, "2434752702": {"name": "nicola leone", "type": "author", "activity": 30, "h_index": 40, "h5_index": 9, "mag_id": "2434752702", "num_publications": 1, "num_citations": 28, "num_publications_5y": 0, "num_citations_5y": 10, "num_publications_10y": 1, "num_citations_10y": 24, "publications_years": {"2010": 1}, "citations_years": {"2011": 5, "2012": 6, "2013": 3, "2014": 4, "2015": 3, "2016": 1, "2017": 0, "2018": 2, "2019": 3, "2020": 1}, "old_citations": {"2010": 28}, "isVisible": false}, "2555856262": {"name": "massimo morara", "type": "author", "activity": 1, "h_index": 2, "h5_index": 0, "mag_id": "2555856262", "num_publications": 1, "num_citations": 4, "num_publications_5y": 0, "num_citations_5y": 3, "num_publications_10y": 1, "num_citations_10y": 4, "publications_years": {"2011": 1}, "citations_years": {"2013": 1, "2014": 2, "2015": 1}, "old_citations": {"2011": 4}, "isVisible": false}, "2572597154": {"name": "luciano dereani", "type": "author", "activity": 1, "h_index": 1, "h5_index": 1, "mag_id": "2572597154", "num_publications": 1, "num_citations": 1, "num_publications_5y": 1, "num_citations_5y": 1, "num_publications_10y": 1, "num_citations_10y": 1, "publications_years": {"2016": 1}, "citations_years": {"2018": 1}, "old_citations": {"2016": 1}, "isVisible": false}, "2574795939": {"name": "federica tabacco", "type": "author", "activity": 1, "h_index": 1, "h5_index": 1, "mag_id": "2574795939", "num_publications": 1, "num_citations": 1, "num_publications_5y": 1, "num_citations_5y": 1, "num_publications_10y": 1, "num_citations_10y": 1, "publications_years": {"2016": 1}, "citations_years": {"2018": 1}, "old_citations": {"2016": 1}, "isVisible": false}, "2577282410": {"name": "maria concetta brocato", "type": "author", "activity": 1, "h_index": 1, "h5_index": 1, "mag_id": "2577282410", "num_publications": 1, "num_citations": 1, "num_publications_5y": 1, "num_citations_5y": 1, "num_publications_10y": 1, "num_citations_10y": 1, "publications_years": {"2016": 1}, "citations_years": {"2018": 1}, "old_citations": {"2016": 1}, "isVisible": false}, "2578903081": {"name": "paolo benoli", "type": "author", "activity": 1, "h_index": 1, "h5_index": 1, "mag_id": "2578903081", "num_publications": 1, "num_citations": 1, "num_publications_5y": 1, "num_citations_5y": 1, "num_publications_10y": 1, "num_citations_10y": 1, "publications_years": {"2016": 1}, "citations_years": {"2018": 1}, "old_citations": {"2016": 1}, "isVisible": false}, "2672633608": {"name": "francesca pozzi", "type": "author", "activity": 5, "h_index": 1, "h5_index": 1, "mag_id": "2672633608", "num_publications": 1, "num_citations": 4, "num_publications_5y": 1, "num_citations_5y": 3, "num_publications_10y": 1, "num_citations_10y": 3, "publications_years": {"2015": 1}, "citations_years": {"2016": 1, "2017": 0, "2018": 2, "2019": 1}, "old_citations": {"2015": 4}, "isVisible": false}, "2678811768": {"name": "paolo piersanti", "type": "author", "activity": 1, "h_index": 1, "h5_index": 0, "mag_id": "2678811768", "num_publications": 1, "num_citations": 1, "num_publications_5y": 1, "num_citations_5y": 1, "num_publications_10y": 1, "num_citations_10y": 1, "publications_years": {"2014": 1}, "citations_years": {"2017": 1}, "old_citations": {"2014": 1}, "isVisible": false}, "2779190017": {"name": "armando tacchella", "type": "author", "activity": 3, "h_index": 2, "h5_index": 1, "mag_id": "2779190017", "num_publications": 1, "num_citations": 4, "num_publications_5y": 1, "num_citations_5y": 3, "num_publications_10y": 1, "num_citations_10y": 3, "publications_years": {"2015": 1}, "citations_years": {"2016": 1, "2017": 0, "2018": 2, "2019": 1}, "old_citations": {"2015": 4}, "isVisible": false}, "2786016283": {"name": "patrick taillibert", "type": "author", "activity": 14, "h_index": 1, "h5_index": 1, "mag_id": "2786016283", "num_publications": 1, "num_citations": 0, "num_publications_5y": 1, "num_citations_5y": 0, "num_publications_10y": 1, "num_citations_10y": 0, "publications_years": {"2014": 1}, "citations_years": {}, "old_citations": {"2014": 0}, "isVisible": false}, "2791930860": {"name": "emilio munoz velasco", "type": "author", "activity": 1, "h_index": 0, "h5_index": 0, "mag_id": "2791930860", "num_publications": 1, "num_citations": 0, "num_publications_5y": 1, "num_citations_5y": 0, "num_publications_10y": 1, "num_citations_10y": 0, "publications_years": {"2017": 1}, "citations_years": {}, "old_citations": {"2017": 0}, "isVisible": false}, "2793624884": {"name": "ionel eduard stan", "type": "author", "activity": 3, "h_index": 0, "h5_index": 0, "mag_id": "2793624884", "num_publications": 1, "num_citations": 0, "num_publications_5y": 1, "num_citations_5y": 0, "num_publications_10y": 1, "num_citations_10y": 0, "publications_years": {"2017": 1}, "citations_years": {}, "old_citations": {"2017": 0}, "isVisible": false}, "2798718014": {"name": "amal el fallahseghrouchni", "type": "author", "activity": 3, "h_index": 0, "h5_index": 0, "mag_id": "2798718014", "num_publications": 1, "num_citations": 0, "num_publications_5y": 1, "num_citations_5y": 0, "num_publications_10y": 1, "num_citations_10y": 0, "publications_years": {"2014": 1}, "citations_years": {}, "old_citations": {"2014": 0}, "isVisible": false}, "2798989699": {"name": "enrico pontelli", "type": "author", "activity": 27, "h_index": 1, "h5_index": 1, "mag_id": "2798989699", "num_publications": 1, "num_citations": 1, "num_publications_5y": 1, "num_citations_5y": 1, "num_publications_10y": 1, "num_citations_10y": 1, "publications_years": {"2016": 1}, "citations_years": {"2017": 1}, "old_citations": {"2016": 1}, "isVisible": false}, "2886739184": {"name": "antonio lieto", "type": "author", "activity": 6, "h_index": 2, "h5_index": 2, "mag_id": "2886739184", "num_publications": 1, "num_citations": 4, "num_publications_5y": 1, "num_citations_5y": 0, "num_publications_10y": 1, "num_citations_10y": 0, "publications_years": {"2018": 1}, "citations_years": {"2019": 4}, "old_citations": {"2018": 4}, "isVisible": false}, "2892495728": {"name": "abeer dyoub", "type": "author", "activity": 2, "h_index": 1, "h5_index": 1, "mag_id": "2892495728", "num_publications": 1, "num_citations": 0, "num_publications_5y": 0, "num_citations_5y": 0, "num_publications_10y": 0, "num_citations_10y": 0, "publications_years": {"2019": 1}, "citations_years": {}, "old_citations": {"2019": 0}, "isVisible": false}, "2894287135": {"name": "alberto valese", "type": "author", "activity": 1, "h_index": 1, "h5_index": 1, "mag_id": "2894287135", "num_publications": 1, "num_citations": 4, "num_publications_5y": 1, "num_citations_5y": 0, "num_publications_10y": 1, "num_citations_10y": 0, "publications_years": {"2018": 1}, "citations_years": {"2019": 4}, "old_citations": {"2018": 4}, "isVisible": false}, "2951391524": {"name": "irene benedetti", "type": "author", "activity": 1, "h_index": 1, "h5_index": 0, "mag_id": "2951391524", "num_publications": 1, "num_citations": 1, "num_publications_5y": 1, "num_citations_5y": 1, "num_publications_10y": 1, "num_citations_10y": 1, "publications_years": {"2014": 1}, "citations_years": {"2017": 1}, "old_citations": {"2014": 1}, "isVisible": false}, "2893836340": {"name": "francesco komauli", "type": "author", "activity": 1, "h_index": 0, "h5_index": 0, "mag_id": "2893836340", "num_publications": 1, "num_citations": 0, "num_publications_5y": 1, "num_citations_5y": 0, "num_publications_10y": 1, "num_citations_10y": 0, "publications_years": {"2018": 1}, "citations_years": {}, "old_citations": {"2018": 0}, "isVisible": false}}, "countries": {"Italy": {"name": "Italy", "type": "country", "h5_index": 94, "num_publications": 48, "num_citations": 202, "num_publications_5y": 19, "num_citations_5y": 112, "num_publications_10y": 41, "num_citations_10y": 175, "publications_years": {"2019": 7, "2010": 11, "2013": 7, "2014": 6, "2015": 4, "2017": 1, "2018": 4, "2012": 2, "2016": 4, "2011": 2}, "citations_years": {"2009": 1, "2010": 2, "2011": 19, "2012": 18, "2013": 23, "2014": 20, "2015": 36, "2016": 18, "2017": 20, "2019": 24, "2018": 18, "2020": 3}, "old_citations": {"2019": 2, "2010": 103, "2013": 55, "2014": 17, "2015": 9, "2017": 0, "2018": 5, "2012": 6, "2016": 3, "2011": 7}, "isVisible": false}, "United States": {"name": "United States", "type": "country", "h5_index": 308, "num_publications": 7, "num_citations": 32, "num_publications_5y": 2, "num_citations_5y": 20, "num_publications_10y": 7, "num_citations_10y": 31, "publications_years": {"2010": 4, "2013": 1, "2015": 2}, "citations_years": {"2009": 1, "2010": 0, "2011": 5, "2012": 2, "2013": 3, "2014": 4, "2015": 6, "2016": 6, "2017": 2, "2018": 2, "2019": 1}, "old_citations": {"2010": 11, "2013": 17, "2015": 4}, "isVisible": false}, "Mexico": {"name": "Mexico", "type": "country", "h5_index": 35, "num_publications": 1, "num_citations": 0, "num_publications_5y": 1, "num_citations_5y": 0, "num_publications_10y": 1, "num_citations_10y": 0, "publications_years": {"2014": 1}, "citations_years": {}, "old_citations": {"2014": 0}, "isVisible": false}, "Portugal": {"name": "Portugal", "type": "country", "h5_index": 44, "num_publications": 1, "num_citations": 6, "num_publications_5y": 0, "num_citations_5y": 6, "num_publications_10y": 1, "num_citations_10y": 6, "publications_years": {"2013": 1}, "citations_years": {"2014": 1, "2015": 4, "2016": 1}, "old_citations": {"2013": 6}, "isVisible": false}, "Spain": {"name": "Spain", "type": "country", "h5_index": 91, "num_publications": 1, "num_citations": 0, "num_publications_5y": 1, "num_citations_5y": 0, "num_publications_10y": 1, "num_citations_10y": 0, "publications_years": {"2017": 1}, "citations_years": {}, "old_citations": {"2017": 0}, "isVisible": false}, "Switzerland": {"name": "Switzerland", "type": "country", "h5_index": 102, "num_publications": 1, "num_citations": 3, "num_publications_5y": 1, "num_citations_5y": 1, "num_publications_10y": 1, "num_citations_10y": 1, "publications_years": {"2014": 1}, "citations_years": {"2018": 1, "2019": 2}, "old_citations": {"2014": 3}, "isVisible": false}}}, "conference_comparison": {"computer science": {}}, "topics_dna": {"publications": {}, "citations": {"normalized": {}, "average": {}}}, "info": {"num_publications": 49, "num_citations": 209.0, "impact_factor": {"2006": 0.0, "2007": 0, "2008": 0, "2009": 0, "2010": 0, "2011": 1.8, "2012": 1.4166666666666667, "2013": 1.25, "2014": 1.0, "2015": 1.6153846153846154, "2016": 0.3, "2017": 0.125, "2018": 0.4, "2019": 0.8}, "publications_years": {"2010": 11, "2013": 7, "2019": 7, "2014": 6, "2015": 4, "2016": 4, "2018": 4, "2011": 2, "2012": 2, "2004": 1, "2017": 1}, "citations_years": {"2004": 1, "2005": 0, "2006": 0, "2007": 0, "2008": 0, "2009": 1, "2010": 3, "2011": 19, "2012": 18, "2013": 23, "2014": 20, "2015": 36, "2016": 18, "2017": 20, "2018": 18, "2019": 24, "2020": 3}, "old_citations": {"2010": 103, "2013": 55, "2019": 2, "2014": 17, "2015": 9, "2016": 3, "2018": 5, "2011": 7, "2012": 6, "2004": 2, "2017": 0}, "h5_index": 1}, "percentile": {"computer science": {"2010": 85, "2013": 87, "2019": 85, "2014": 69, "2015": 69, "2016": 56, "2018": 83, "2011": 64, "2012": 64, "2004": 74, "2017": 20}}, "conference_ranking": {"computer science": {"2010": 640, "2013": 527, "2019": 620, "2014": 1309, "2015": 1318, "2016": 1875, "2018": 689, "2011": 1496, "2012": 1536, "2004": 1076, "2017": 3411}}, "academia": {"num_publications": 44, "num_citations": 203, "publications_years": {"2010": 9, "2011": 2, "2012": 2, "2013": 7, "2014": 6, "2015": 2, "2016": 4, "2017": 1, "2018": 4, "2019": 7}, "old_citations": {"2010": 103, "2011": 7, "2012": 6, "2013": 55, "2014": 17, "2015": 5, "2016": 3, "2017": 0, "2018": 5, "2019": 2}, "num_publications_5y": 16, "num_citations_5y": 10, "num_publications_10y": 35, "num_citations_10y": 100}, "industry": {"num_publications": 0, "num_citations": 0, "publications_years": {}, "old_citations": {}, "num_publications_5y": 0, "num_citations_5y": 0, "num_publications_10y": 0, "num_citations_10y": 0}, "collaborative": {"num_publications": 0, "num_citations": 0, "publications_years": {}, "old_citations": {}, "num_publications_5y": 0, "num_citations_5y": 0, "num_publications_10y": 0, "num_citations_10y": 0}, "conferences": {}, "journals": {}, "organizations": {"publication_overall": ["University of Ferrara", "University of Genoa", "University of Perugia", "University of Bari Aldo Moro", "University of Turin", "University of Udine", "National Academies of Sciences, Engineering, and Medicine", "University of Calabria", "University of L'Aquila", "University of Milan", "University of Bologna", "University of Rome Tor Vergata", "University of Chieti-Pescara", "University of Eastern Piedmont Amadeo Avogadro", "University of Insubria", "Brooklyn College", "Free University of Bozen-Bolzano", "IMT Institute for Advanced Studies Lucca", "Instituto Polit\u00e9cnico Nacional", "New Mexico State University", "Nova Southeastern University", "Polytechnic University of Bari", "Universidade Nova de Lisboa", "Universita della Svizzera Italiana", "University of Malaga", "University of Murcia", "University of Salerno", "University of Verona", "Vita-Salute San Raffaele University"], "citation_overall": ["University of Ferrara", "University of Bologna", "University of Perugia", "University of Calabria", "University of Udine", "University of Genoa", "University of L'Aquila", "Brooklyn College", "University of Turin", "University of Salerno", "New Mexico State University", "Universidade Nova de Lisboa", "IMT Institute for Advanced Studies Lucca", "Nova Southeastern University", "University of Chieti-Pescara", "University of Rome Tor Vergata", "National Academies of Sciences, Engineering, and Medicine", "University of Milan", "Universita della Svizzera Italiana", "University of Bari Aldo Moro", "Vita-Salute San Raffaele University", "Free University of Bozen-Bolzano", "University of Eastern Piedmont Amadeo Avogadro", "University of Insubria", "Instituto Polit\u00e9cnico Nacional", "Polytechnic University of Bari", "University of Malaga", "University of Murcia", "University of Verona"], "publication_10_years": ["University of Ferrara", "University of Genoa", "University of Bari Aldo Moro", "University of Milan", "University of Perugia", "University of Turin", "University of Udine", "University of Calabria", "University of L'Aquila", "National Academies of Sciences, Engineering, and Medicine", "University of Insubria", "Brooklyn College", "Free University of Bozen-Bolzano", "IMT Institute for Advanced Studies Lucca", "Instituto Polit\u00e9cnico Nacional", "Polytechnic University of Bari", "Universidade Nova de Lisboa", "Universita della Svizzera Italiana", "University of Bologna", "University of Chieti-Pescara", "University of Eastern Piedmont Amadeo Avogadro", "University of Malaga", "University of Murcia", "University of Rome Tor Vergata", "University of Verona", "Vita-Salute San Raffaele University"], "citation_10_years": ["University of Ferrara", "University of Udine", "Brooklyn College", "University of Genoa", "University of Turin", "Universidade Nova de Lisboa", "IMT Institute for Advanced Studies Lucca", "University of Chieti-Pescara", "University of Rome Tor Vergata", "National Academies of Sciences, Engineering, and Medicine", "University of Bologna", "University of Milan", "Universita della Svizzera Italiana", "University of Bari Aldo Moro", "University of Perugia", "Vita-Salute San Raffaele University", "Free University of Bozen-Bolzano", "University of Calabria", "University of Eastern Piedmont Amadeo Avogadro", "University of Insubria", "University of L'Aquila", "Instituto Polit\u00e9cnico Nacional", "Polytechnic University of Bari", "University of Malaga", "University of Murcia", "University of Verona"], "publication_5_years": ["University of Bari Aldo Moro", "University of Calabria", "University of Genoa", "University of L'Aquila", "University of Turin", "University of Udine", "University of Milan", "University of Perugia", "University of Eastern Piedmont Amadeo Avogadro", "University of Insubria", "University of Malaga", "University of Murcia"], "citation_5_years": ["University of Turin", "University of Perugia", "University of Udine", "University of Calabria", "University of Eastern Piedmont Amadeo Avogadro", "University of Genoa", "University of Insubria", "University of L'Aquila", "University of Milan", "University of Bari Aldo Moro", "University of Malaga", "University of Murcia"]}, "countries": {"publication_overall": ["Italy", "United States", "Mexico", "Portugal", "Spain", "Switzerland"], "citation_overall": ["Italy", "United States", "Portugal", "Switzerland", "Mexico", "Spain"], "publication_10_years": ["Italy", "United States", "Mexico", "Portugal", "Spain", "Switzerland"], "citation_10_years": ["Italy", "United States", "Portugal", "Switzerland", "Mexico", "Spain"], "publication_5_years": ["Italy", "Spain"], "citation_5_years": ["Italy", "Spain"]}, "topics": {"publication_overall": ["computer science", "artificial intelligence", "formal logic", "computer programming", "computer programming languages", "computer systems", "linguistics", "theoretical computer science", "logic programming", "semantics", "formal languages and automata theory", "formal languages", "mathematics", "knowledge based systems", "ontology", "software engineering", "reasoning", "software design", "embedded systems", "knowledge representation"], "citation_overall": ["computer science", "artificial intelligence", "computer programming", "theoretical computer science", "computer programming languages", "computer systems", "formal logic", "semantics", "linguistics", "logic programming", "formal languages and automata theory", "formal languages", "ontology", "reasoning", "mathematics", "database systems", "embedded systems", "graph theory", "logic programs", "distributed computer systems"], "publication_10_years": ["computer science", "artificial intelligence", "computer programming", "formal logic", "computer programming languages", "computer systems", "linguistics", "semantics", "theoretical computer science", "logic programming", "formal languages and automata theory", "formal languages", "knowledge based systems", "mathematics", "ontology", "reasoning", "software engineering", "database systems", "knowledge representation", "software design"], "citation_10_years": ["computer science", "artificial intelligence", "computer programming", "computer programming languages", "theoretical computer science", "computer systems", "mathematics", "formal logic", "linguistics", "semantics", "correlation analysis", "database systems", "logic programming", "knowledge based systems", "engineering", "graph theory", "probability", "software design", "software engineering", "formal languages and automata theory"], "publication_5_years": ["computer science", "artificial intelligence", "formal logic", "linguistics", "knowledge based systems", "semantics", "computer programming", "computer programming languages", "computer systems", "formal languages", "formal languages and automata theory", "knowledge representation", "logic programming", "ontology", "theoretical computer science", "computer hardware", "mathematics", "modal logic", "reasoning", "answer set"], "citation_5_years": ["computer science", "artificial intelligence", "linguistics", "formal languages", "formal languages and automata theory", "ontology", "reasoning", "semantics", "theoretical computer science", "computer programming", "computer programming languages", "formal logic", "knowledge based systems", "logic programming", "boolean functions", "computer hardware", "computer systems", "domain knowledge", "dynamic logic", "explicit knowledge"]}, "main_topics": ["computer science"], "authors": {"publication_overall": ["179935869", "300695800", "318207047", "346630983", "1992312691", "2068700840", "2120918653", "68937908", "261246586", "337921378", "939357643", "2101674066", "2151831802", "2310186662", "2593572777", "2735539703", "719103437", "1825717081", "1981808379", "2002592677", "2036277265", "2097229627", "2112253845", "2142354296", "2142686606", "2170454102", "2263906729", "2307803847", "57737970", "179587917", "185015260", "196058451", "253045466", "259283517", "263023790", "267187831", "293404760", "310458393", "315400071", "339007039", "669130765", "708809703", "1047631767", "1365520453", "1548462108", "1970347819", "1975973554", "1979387801", "1987600604", "1988918878", "1989698359", "1994503406", "2013714079", "2041871214", "2047061645", "2088700644", "2092647523", "2095655210", "2096852765", "2101926452", "2105245263", "2107847746", "2108524983", "2109165337", "2113802512", "2116413287", "2119964904", "2122134999", "2131226182", "2134974295", "2136352443", "2160834519", "2250193160", "2290170918", "2291248690", "2294234114", "2304802699", "2341663243", "2396124625", "2402257339", "2402309694", "2404322115", "2405166695", "2414564264", "2434752702", "2555856262", "2572597154", "2574795939", "2577282410", "2578903081", "2672633608", "2678811768", "2779190017", "2786016283", "2791930860", "2793624884", "2798718014", "2798989699", "2886739184", "2892495728"], "citation_overall": ["179935869", "2263906729", "310458393", "1988918878", "2119964904", "2120918653", "1047631767", "1548462108", "2088700644", "2096852765", "2101926452", "2434752702", "1992312691", "318207047", "2068700840", "2310186662", "346630983", "2402257339", "2109165337", "68937908", "2036277265", "2097229627", "2092647523", "2105245263", "2116413287", "293404760", "2002592677", "2112253845", "57737970", "337921378", "708809703", "2122134999", "179587917", "259283517", "261246586", "263023790", "939357643", "1825717081", "2101674066", "2291248690", "719103437", "1975973554", "2041871214", "2047061645", "2160834519", "2294234114", "2304802699", "2396124625", "2402309694", "2405166695", "2414564264", "2555856262", "2672633608", "2779190017", "2886739184", "2894287135", "185015260", "267187831", "1365520453", "1970347819", "2131226182", "2134974295", "2136352443", "2290170918", "2593572777", "1979387801", "1987600604", "2113802512", "253045466", "1981808379", "1994503406", "2095655210", "2142354296", "2142686606", "2151831802", "2170454102", "2307803847", "2572597154", "2574795939", "2577282410", "2578903081", "2678811768", "2735539703", "2798989699", "2951391524", "196058451", "300695800", "315400071", "339007039", "669130765", "1989698359", "2013714079", "2107847746", "2108524983", "2250193160", "2341663243", "2404322115", "2786016283", "2791930860", "2793624884"], "publication_10_years": ["179935869", "300695800", "68937908", "318207047", "346630983", "2068700840", "2120918653", "2151831802", "2310186662", "2735539703", "337921378", "719103437", "1992312691", "2036277265", "2097229627", "2142354296", "2142686606", "2170454102", "57737970", "185015260", "196058451", "253045466", "259283517", "261246586", "263023790", "293404760", "315400071", "339007039", "669130765", "939357643", "1365520453", "1825717081", "1970347819", "1975973554", "1981808379", "1987600604", "1989698359", "1994503406", "2002592677", "2013714079", "2041871214", "2047061645", "2095655210", "2101674066", "2107847746", "2108524983", "2109165337", "2112253845", "2113802512", "2122134999", "2134974295", "2160834519", "2250193160", "2263906729", "2290170918", "2294234114", "2304802699", "2307803847", "2341663243", "2396124625", "2402309694", "2404322115", "2405166695", "2414564264", "2555856262", "2572597154", "2574795939", "2577282410", "2578903081", "2593572777", "2672633608", "2678811768", "2779190017", "2786016283", "2791930860", "2793624884", "2798718014", "2798989699", "2886739184", "2892495728", "2893836340", "2894287135", "2951391524"], "citation_10_years": ["179935869", "318207047", "2310186662", "2109165337", "68937908", "346630983", "2036277265", "2097229627", "293404760", "57737970", "2122134999", "259283517", "261246586", "263023790", "939357643", "1825717081", "2002592677", "2101674066", "2112253845", "719103437", "1975973554", "2041871214", "2047061645", "2160834519", "2294234114", "2304802699", "2396124625", "2402309694", "2405166695", "2414564264", "2555856262", "2672633608", "2779190017", "2886739184", "2894287135", "185015260", "1365520453", "1970347819", "2134974295", "2290170918", "1987600604", "1992312691", "2113802512", "2263906729", "253045466", "337921378", "1981808379", "1994503406", "2068700840", "2095655210", "2120918653", "2142354296", "2142686606", "2151831802", "2170454102", "2307803847", "2572597154", "2574795939", "2577282410", "2578903081", "2593572777", "2678811768", "2735539703", "2798989699", "2951391524", "196058451", "300695800", "315400071", "339007039", "669130765", "1989698359", "2013714079", "2107847746", "2108524983", "2250193160", "2341663243", "2404322115", "2786016283", "2791930860", "2793624884", "2798718014", "2892495728", "2893836340"], "publication_5_years": ["300695800", "2068700840", "2120918653", "2151831802", "2735539703", "318207047", "719103437", "1992312691", "253045466", "315400071", "339007039", "1981808379", "1994503406", "2095655210", "2142354296", "2142686606", "2170454102", "2307803847", "2404322115", "2572597154", "2574795939", "2577282410", "2578903081", "2593572777", "2791930860", "2793624884", "2798989699", "2886739184", "2892495728", "2893836340", "2894287135"], "citation_5_years": ["719103437", "2886739184", "2894287135", "318207047", "1992312691", "253045466", "1981808379", "1994503406", "2068700840", "2095655210", "2120918653", "2142354296", "2142686606", "2151831802", "2170454102", "2307803847", "2572597154", "2574795939", "2577282410", "2578903081", "2593572777", "2735539703", "2798989699", "300695800", "315400071", "339007039", "2404322115", "2791930860", "2793624884", "2892495728", "2893836340"]}, "industrial_sectors": {"publication_overall": [], "citation_overall": [], "publication_10_years": [], "citation_10_years": [], "publication_5_years": [], "citation_5_years": []}}