{"name": "Business Process Modeling, Development and Support", "acronym": "BPMDS", "type": "conference", "uniqueEntities": {"organizations": {"KU Leuven": {"name": "KU Leuven", "type": "organization", "organization_type": "Education", "h_index": 183, "h5_index": 52, "num_publications": 3, "num_citations": 47, "num_publications_5y": 1, "num_citations_5y": 21, "num_publications_10y": 2, "num_citations_10y": 35, "publications_years": {"2006": 1, "2011": 1, "2017": 1}, "citations_years": {"2006": 1, "2007": 1, "2008": 2, "2009": 4, "2010": 2, "2011": 2, "2012": 3, "2013": 3, "2014": 4, "2015": 1, "2016": 2, "2017": 5, "2018": 9, "2019": 8}, "old_citations": {"2006": 34, "2011": 0, "2017": 13}, "isVisible": false}, "Eindhoven University of Technology": {"name": "Eindhoven University of Technology", "type": "organization", "organization_type": "Education", "h_index": 159, "h5_index": 40, "num_publications": 2, "num_citations": 5, "num_publications_5y": 2, "num_citations_5y": 3, "num_publications_10y": 2, "num_citations_10y": 3, "publications_years": {"2016": 2}, "citations_years": {"2018": 2, "2019": 1, "2020": 1, "2017": 1}, "old_citations": {"2016": 5}, "isVisible": false}, "Ghent University": {"name": "Ghent University", "type": "organization", "organization_type": "Education", "h_index": 119, "h5_index": 37, "num_publications": 2, "num_citations": 6, "num_publications_5y": 1, "num_citations_5y": 5, "num_publications_10y": 2, "num_citations_10y": 5, "publications_years": {"2011": 1, "2016": 1}, "citations_years": {"2017": 2, "2018": 3, "2019": 1}, "old_citations": {"2011": 0, "2016": 6}, "isVisible": false}, "Universidade Federal do Esp\u00edrito Santo": {"name": "Universidade Federal do Esp\u00edrito Santo", "type": "organization", "organization_type": "Education", "h_index": 35, "h5_index": 14, "num_publications": 2, "num_citations": 13, "num_publications_5y": 2, "num_citations_5y": 12, "num_publications_10y": 2, "num_citations_10y": 12, "publications_years": {"2016": 2}, "citations_years": {"2017": 2, "2018": 3, "2019": 1, "2015": 5, "2016": 2}, "old_citations": {"2016": 13}, "isVisible": false}, "University of Duisburg-Essen": {"name": "University of Duisburg-Essen", "type": "organization", "organization_type": "Education", "h_index": 73, "h5_index": 23, "num_publications": 2, "num_citations": 3, "num_publications_5y": 2, "num_citations_5y": 2, "num_publications_10y": 2, "num_citations_10y": 2, "publications_years": {"2017": 1, "2016": 1}, "citations_years": {"2016": 1, "2017": 0, "2018": 1, "2019": 1}, "old_citations": {"2017": 0, "2016": 3}, "isVisible": false}, "University of Haifa": {"name": "University of Haifa", "type": "organization", "organization_type": "Education", "h_index": 75, "h5_index": 17, "num_publications": 2, "num_citations": 16, "num_publications_5y": 2, "num_citations_5y": 11, "num_publications_10y": 2, "num_citations_10y": 11, "publications_years": {"2016": 2}, "citations_years": {"2016": 2, "2017": 6, "2018": 3, "2019": 4, "2020": 1}, "old_citations": {"2016": 16}, "isVisible": false}, "VU Amsterdam": {"name": "VU Amsterdam", "type": "organization", "organization_type": "Education", "h_index": 129, "h5_index": 32, "num_publications": 2, "num_citations": 8, "num_publications_5y": 2, "num_citations_5y": 5, "num_publications_10y": 2, "num_citations_10y": 5, "publications_years": {"2016": 2}, "citations_years": {"2019": 3, "2016": 2, "2017": 1, "2018": 2}, "old_citations": {"2016": 8}, "isVisible": false}, "Federal University of Bahia": {"name": "Federal University of Bahia", "type": "organization", "organization_type": "Education", "h_index": 29, "h5_index": 12, "num_publications": 1, "num_citations": 1, "num_publications_5y": 1, "num_citations_5y": 0, "num_publications_10y": 1, "num_citations_10y": 0, "publications_years": {"2016": 1}, "citations_years": {"2019": 1}, "old_citations": {"2016": 1}, "isVisible": false}, "French National Centre for Scientific Research": {"name": "French National Centre for Scientific Research", "type": "organization", "organization_type": "Government", "h_index": 177, "h5_index": 44, "num_publications": 1, "num_citations": 1, "num_publications_5y": 1, "num_citations_5y": 0, "num_publications_10y": 1, "num_citations_10y": 0, "publications_years": {"2018": 1}, "citations_years": {"2019": 1}, "old_citations": {"2018": 1}, "isVisible": false}, "Ho Chi Minh City University of Technology": {"name": "Ho Chi Minh City University of Technology", "type": "organization", "organization_type": "Education", "h_index": 23, "h5_index": 12, "num_publications": 1, "num_citations": 3, "num_publications_5y": 1, "num_citations_5y": 2, "num_publications_10y": 1, "num_citations_10y": 2, "publications_years": {"2016": 1}, "citations_years": {"2016": 1, "2017": 1, "2018": 0, "2019": 1}, "old_citations": {"2016": 3}, "isVisible": false}, "Norwegian University of Science and Technology": {"name": "Norwegian University of Science and Technology", "type": "organization", "organization_type": "Education", "h_index": 101, "h5_index": 35, "num_publications": 1, "num_citations": 1, "num_publications_5y": 1, "num_citations_5y": 1, "num_publications_10y": 1, "num_citations_10y": 1, "publications_years": {"2016": 1}, "citations_years": {"2016": 1}, "old_citations": {"2016": 1}, "isVisible": false}, "Polytechnic University of Milan": {"name": "Polytechnic University of Milan", "type": "organization", "organization_type": "Education", "h_index": 126, "h5_index": 42, "num_publications": 1, "num_citations": 7, "num_publications_5y": 1, "num_citations_5y": 6, "num_publications_10y": 1, "num_citations_10y": 6, "publications_years": {"2016": 1}, "citations_years": {"2017": 5, "2018": 1, "2019": 1}, "old_citations": {"2016": 7}, "isVisible": false}, "Riga Technical University": {"name": "Riga Technical University", "type": "organization", "organization_type": "Education", "h_index": 17, "h5_index": 7, "num_publications": 1, "num_citations": 6, "num_publications_5y": 0, "num_citations_5y": 1, "num_publications_10y": 0, "num_citations_10y": 6, "publications_years": {"2008": 1}, "citations_years": {"2009": 2, "2010": 1, "2011": 2, "2012": 0, "2013": 0, "2014": 0, "2015": 0, "2016": 0, "2017": 0, "2018": 1}, "old_citations": {"2008": 6}, "isVisible": false}, "Stockholm University": {"name": "Stockholm University", "type": "organization", "organization_type": "Education", "h_index": 67, "h5_index": 23, "num_publications": 1, "num_citations": 1, "num_publications_5y": 1, "num_citations_5y": 1, "num_publications_10y": 1, "num_citations_10y": 1, "publications_years": {"2017": 1}, "citations_years": {"2018": 1}, "old_citations": {"2017": 1}, "isVisible": false}, "TU Dresden": {"name": "TU Dresden", "type": "organization", "organization_type": "Education", "h_index": 101, "h5_index": 32, "num_publications": 1, "num_citations": 17, "num_publications_5y": 1, "num_citations_5y": 9, "num_publications_10y": 1, "num_citations_10y": 9, "publications_years": {"2016": 1}, "citations_years": {"2017": 2, "2018": 7, "2019": 6, "2020": 2}, "old_citations": {"2016": 17}, "isVisible": false}, "Universidad de Los Andes": {"name": "Universidad de Los Andes", "type": "organization", "organization_type": "Education", "h_index": 37, "h5_index": 22, "num_publications": 1, "num_citations": 2, "num_publications_5y": 1, "num_citations_5y": 2, "num_publications_10y": 1, "num_citations_10y": 2, "publications_years": {"2016": 1}, "citations_years": {"2018": 2}, "old_citations": {"2016": 2}, "isVisible": false}, "University of Banja Luka": {"name": "University of Banja Luka", "type": "organization", "organization_type": "Education", "h_index": 13, "h5_index": 8, "num_publications": 1, "num_citations": 3, "num_publications_5y": 1, "num_citations_5y": 3, "num_publications_10y": 1, "num_citations_10y": 3, "publications_years": {"2016": 1}, "citations_years": {"2016": 1, "2017": 2}, "old_citations": {"2016": 3}, "isVisible": false}, "University of Manchester": {"name": "University of Manchester", "type": "organization", "organization_type": "Education", "h_index": 171, "h5_index": 38, "num_publications": 1, "num_citations": 1, "num_publications_5y": 0, "num_citations_5y": 0, "num_publications_10y": 1, "num_citations_10y": 1, "publications_years": {"2009": 1}, "citations_years": {"2009": 1}, "old_citations": {"2009": 1}, "isVisible": false}, "University of Maribor": {"name": "University of Maribor", "type": "organization", "organization_type": "Education", "h_index": 53, "h5_index": 22, "num_publications": 1, "num_citations": 3, "num_publications_5y": 1, "num_citations_5y": 3, "num_publications_10y": 1, "num_citations_10y": 3, "publications_years": {"2016": 1}, "citations_years": {"2017": 3}, "old_citations": {"2016": 3}, "isVisible": false}, "University of Minho": {"name": "University of Minho", "type": "organization", "organization_type": "Education", "h_index": 59, "h5_index": 21, "num_publications": 1, "num_citations": 1, "num_publications_5y": 1, "num_citations_5y": 0, "num_publications_10y": 1, "num_citations_10y": 0, "publications_years": {"2016": 1}, "citations_years": {"2019": 1}, "old_citations": {"2016": 1}, "isVisible": false}, "University of Santiago de Compostela": {"name": "University of Santiago de Compostela", "type": "organization", "organization_type": "Education", "h_index": 39, "h5_index": 15, "num_publications": 1, "num_citations": 3, "num_publications_5y": 1, "num_citations_5y": 2, "num_publications_10y": 1, "num_citations_10y": 2, "publications_years": {"2016": 1}, "citations_years": {"2017": 1, "2018": 1, "2019": 1}, "old_citations": {"2016": 3}, "isVisible": false}, "University of Seville": {"name": "University of Seville", "type": "organization", "organization_type": "Education", "h_index": 68, "h5_index": 25, "num_publications": 1, "num_citations": 1, "num_publications_5y": 1, "num_citations_5y": 0, "num_publications_10y": 1, "num_citations_10y": 0, "publications_years": {"2016": 1}, "citations_years": {"2019": 1}, "old_citations": {"2016": 1}, "isVisible": false}, "University of Stuttgart": {"name": "University of Stuttgart", "type": "organization", "organization_type": "Education", "h_index": 113, "h5_index": 32, "num_publications": 1, "num_citations": 4, "num_publications_5y": 1, "num_citations_5y": 3, "num_publications_10y": 1, "num_citations_10y": 3, "publications_years": {"2017": 1}, "citations_years": {"2017": 2, "2018": 1, "2019": 1}, "old_citations": {"2017": 4}, "isVisible": false}, "University of Trento": {"name": "University of Trento", "type": "organization", "organization_type": "Education", "h_index": 124, "h5_index": 44, "num_publications": 1, "num_citations": 34, "num_publications_5y": 1, "num_citations_5y": 30, "num_publications_10y": 1, "num_citations_10y": 30, "publications_years": {"2014": 1}, "citations_years": {"2014": 5, "2015": 4, "2016": 9, "2017": 3, "2018": 9, "2019": 2, "2020": 2}, "old_citations": {"2014": 34}, "isVisible": false}, "University of Vienna": {"name": "University of Vienna", "type": "organization", "organization_type": "Education", "h_index": 99, "h5_index": 27, "num_publications": 1, "num_citations": 4, "num_publications_5y": 1, "num_citations_5y": 3, "num_publications_10y": 1, "num_citations_10y": 3, "publications_years": {"2016": 1}, "citations_years": {"2016": 1, "2017": 1, "2018": 1, "2019": 0, "2020": 1}, "old_citations": {"2016": 4}, "isVisible": false}, "Universit\u00e4t Innsbruck": {"name": "Universit\u00e4t Innsbruck", "type": "organization", "organization_type": "Education", "h_index": 78, "h5_index": 23, "num_publications": 1, "num_citations": 0, "num_publications_5y": 1, "num_citations_5y": 0, "num_publications_10y": 1, "num_citations_10y": 0, "publications_years": {"2017": 1}, "citations_years": {}, "old_citations": {"2017": 0}, "isVisible": false}, "Utrecht University": {"name": "Utrecht University", "type": "organization", "organization_type": "Education", "h_index": 124, "h5_index": 37, "num_publications": 1, "num_citations": 34, "num_publications_5y": 1, "num_citations_5y": 30, "num_publications_10y": 1, "num_citations_10y": 30, "publications_years": {"2014": 1}, "citations_years": {"2014": 5, "2015": 4, "2016": 9, "2017": 3, "2018": 9, "2019": 2, "2020": 2}, "old_citations": {"2014": 34}, "isVisible": false}}, "topics": {"computer science": {"name": "computer science", "type": "topic", "h_index": 1779, "h5_index": 416, "num_publications": 35, "num_citations": 197, "num_publications_5y": 30, "num_citations_5y": 127, "num_publications_10y": 33, "num_citations_10y": 150, "publications_years": {"2016": 24, "2008": 1, "2009": 1, "2006": 1, "2018": 1, "2011": 2, "2017": 4, "2014": 1}, "citations_years": {"2016": 24, "2017": 38, "2018": 45, "2019": 36, "2009": 7, "2010": 3, "2011": 6, "2012": 4, "2013": 3, "2014": 10, "2015": 10, "2006": 1, "2007": 1, "2008": 2, "2020": 7}, "old_citations": {"2016": 97, "2008": 6, "2009": 1, "2006": 34, "2018": 1, "2011": 6, "2017": 18, "2014": 34}, "isVisible": false}, "computer systems": {"name": "computer systems", "type": "topic", "h_index": 1595, "h5_index": 367, "num_publications": 35, "num_citations": 197, "num_publications_5y": 30, "num_citations_5y": 127, "num_publications_10y": 33, "num_citations_10y": 150, "publications_years": {"2016": 24, "2008": 1, "2009": 1, "2006": 1, "2018": 1, "2011": 2, "2017": 4, "2014": 1}, "citations_years": {"2016": 24, "2017": 38, "2018": 45, "2019": 36, "2009": 7, "2010": 3, "2011": 6, "2012": 4, "2013": 3, "2014": 10, "2015": 10, "2006": 1, "2007": 1, "2008": 2, "2020": 7}, "old_citations": {"2016": 97, "2008": 6, "2009": 1, "2006": 34, "2018": 1, "2011": 6, "2017": 18, "2014": 34}, "isVisible": false}, "information systems": {"name": "information systems", "type": "topic", "h_index": 679, "h5_index": 124, "num_publications": 28, "num_citations": 165, "num_publications_5y": 23, "num_citations_5y": 104, "num_publications_10y": 26, "num_citations_10y": 127, "publications_years": {"2016": 19, "2008": 1, "2009": 1, "2006": 1, "2018": 1, "2011": 2, "2017": 2, "2014": 1}, "citations_years": {"2017": 31, "2016": 20, "2018": 38, "2019": 27, "2009": 7, "2010": 3, "2011": 6, "2012": 4, "2013": 3, "2014": 10, "2015": 5, "2006": 1, "2007": 1, "2008": 2, "2020": 7}, "old_citations": {"2016": 78, "2008": 6, "2009": 1, "2006": 34, "2018": 1, "2011": 6, "2017": 5, "2014": 34}, "isVisible": false}, "business process": {"name": "business process", "type": "topic", "h_index": 359, "h5_index": 60, "num_publications": 26, "num_citations": 158, "num_publications_5y": 22, "num_citations_5y": 101, "num_publications_10y": 24, "num_citations_10y": 121, "publications_years": {"2016": 19, "2008": 1, "2009": 1, "2006": 1, "2018": 1, "2011": 1, "2017": 1, "2014": 1}, "citations_years": {"2017": 31, "2016": 20, "2018": 36, "2019": 26, "2009": 7, "2010": 3, "2011": 4, "2012": 3, "2013": 3, "2014": 9, "2015": 5, "2006": 1, "2007": 1, "2008": 2, "2020": 7}, "old_citations": {"2016": 78, "2008": 6, "2009": 1, "2006": 34, "2018": 1, "2011": 0, "2017": 4, "2014": 34}, "isVisible": false}, "software engineering": {"name": "software engineering", "type": "topic", "h_index": 964, "h5_index": 236, "num_publications": 24, "num_citations": 156, "num_publications_5y": 22, "num_citations_5y": 106, "num_publications_10y": 23, "num_citations_10y": 120, "publications_years": {"2016": 20, "2006": 1, "2018": 1, "2011": 1, "2014": 1}, "citations_years": {"2016": 21, "2017": 31, "2018": 35, "2019": 26, "2006": 1, "2007": 1, "2008": 2, "2009": 4, "2010": 2, "2011": 2, "2012": 3, "2013": 3, "2014": 9, "2015": 10, "2020": 6}, "old_citations": {"2016": 87, "2006": 34, "2018": 1, "2011": 0, "2014": 34}, "isVisible": false}, "information technology": {"name": "information technology", "type": "topic", "h_index": 696, "h5_index": 149, "num_publications": 21, "num_citations": 142, "num_publications_5y": 17, "num_citations_5y": 93, "num_publications_10y": 20, "num_citations_10y": 111, "publications_years": {"2016": 14, "2009": 1, "2006": 1, "2011": 2, "2017": 2, "2014": 1}, "citations_years": {"2017": 28, "2016": 16, "2018": 34, "2019": 21, "2009": 5, "2006": 1, "2007": 1, "2008": 2, "2010": 2, "2011": 4, "2012": 4, "2013": 3, "2014": 10, "2015": 5, "2020": 6}, "old_citations": {"2016": 62, "2009": 1, "2006": 34, "2011": 6, "2017": 5, "2014": 34}, "isVisible": false}, "database systems": {"name": "database systems", "type": "topic", "h_index": 1167, "h5_index": 276, "num_publications": 20, "num_citations": 143, "num_publications_5y": 18, "num_citations_5y": 97, "num_publications_10y": 19, "num_citations_10y": 111, "publications_years": {"2016": 16, "2006": 1, "2011": 1, "2017": 1, "2014": 1}, "citations_years": {"2016": 17, "2017": 31, "2018": 35, "2019": 21, "2006": 1, "2007": 1, "2008": 2, "2009": 4, "2010": 2, "2011": 2, "2012": 3, "2013": 3, "2014": 9, "2015": 5, "2020": 7}, "old_citations": {"2016": 71, "2006": 34, "2011": 0, "2017": 4, "2014": 34}, "isVisible": false}, "engineering": {"name": "engineering", "type": "topic", "h_index": 1177, "h5_index": 287, "num_publications": 20, "num_citations": 138, "num_publications_5y": 18, "num_citations_5y": 89, "num_publications_10y": 19, "num_citations_10y": 103, "publications_years": {"2016": 14, "2006": 1, "2018": 1, "2011": 1, "2017": 2, "2014": 1}, "citations_years": {"2016": 17, "2017": 27, "2006": 1, "2007": 1, "2008": 2, "2009": 4, "2010": 2, "2011": 2, "2012": 3, "2013": 3, "2014": 9, "2015": 5, "2018": 31, "2019": 26, "2020": 5}, "old_citations": {"2016": 56, "2006": 34, "2018": 1, "2011": 0, "2017": 13, "2014": 34}, "isVisible": false}, "theoretical computer science": {"name": "theoretical computer science", "type": "topic", "h_index": 883, "h5_index": 203, "num_publications": 18, "num_citations": 122, "num_publications_5y": 16, "num_citations_5y": 80, "num_publications_10y": 17, "num_citations_10y": 94, "publications_years": {"2016": 12, "2006": 1, "2018": 1, "2011": 1, "2017": 2, "2014": 1}, "citations_years": {"2006": 1, "2007": 1, "2008": 2, "2009": 4, "2010": 2, "2011": 2, "2012": 3, "2013": 3, "2014": 9, "2015": 10, "2016": 19, "2017": 15, "2018": 27, "2019": 20, "2020": 4}, "old_citations": {"2016": 40, "2006": 34, "2018": 1, "2011": 0, "2017": 13, "2014": 34}, "isVisible": false}, "administrative data processing": {"name": "administrative data processing", "type": "topic", "h_index": 224, "h5_index": 38, "num_publications": 16, "num_citations": 129, "num_publications_5y": 14, "num_citations_5y": 86, "num_publications_10y": 15, "num_citations_10y": 100, "publications_years": {"2016": 12, "2006": 1, "2011": 1, "2017": 1, "2014": 1}, "citations_years": {"2017": 27, "2016": 15, "2018": 30, "2019": 19, "2006": 1, "2007": 1, "2008": 2, "2009": 4, "2010": 2, "2011": 2, "2012": 3, "2013": 3, "2014": 9, "2015": 5, "2020": 6}, "old_citations": {"2016": 57, "2006": 34, "2011": 0, "2017": 4, "2014": 34}, "isVisible": false}, "enterprise resource management": {"name": "enterprise resource management", "type": "topic", "h_index": 169, "h5_index": 32, "num_publications": 16, "num_citations": 129, "num_publications_5y": 14, "num_citations_5y": 86, "num_publications_10y": 15, "num_citations_10y": 100, "publications_years": {"2016": 12, "2006": 1, "2011": 1, "2017": 1, "2014": 1}, "citations_years": {"2017": 27, "2016": 15, "2018": 30, "2019": 19, "2006": 1, "2007": 1, "2008": 2, "2009": 4, "2010": 2, "2011": 2, "2012": 3, "2013": 3, "2014": 9, "2015": 5, "2020": 6}, "old_citations": {"2016": 57, "2006": 34, "2011": 0, "2017": 4, "2014": 34}, "isVisible": false}, "information management": {"name": "information management", "type": "topic", "h_index": 462, "h5_index": 109, "num_publications": 16, "num_citations": 129, "num_publications_5y": 14, "num_citations_5y": 86, "num_publications_10y": 15, "num_citations_10y": 100, "publications_years": {"2016": 12, "2006": 1, "2011": 1, "2017": 1, "2014": 1}, "citations_years": {"2017": 27, "2016": 15, "2018": 30, "2019": 19, "2006": 1, "2007": 1, "2008": 2, "2009": 4, "2010": 2, "2011": 2, "2012": 3, "2013": 3, "2014": 9, "2015": 5, "2020": 6}, "old_citations": {"2016": 57, "2006": 34, "2011": 0, "2017": 4, "2014": 34}, "isVisible": false}, "management information systems": {"name": "management information systems", "type": "topic", "h_index": 355, "h5_index": 51, "num_publications": 16, "num_citations": 129, "num_publications_5y": 14, "num_citations_5y": 86, "num_publications_10y": 15, "num_citations_10y": 100, "publications_years": {"2016": 12, "2006": 1, "2011": 1, "2017": 1, "2014": 1}, "citations_years": {"2017": 27, "2016": 15, "2018": 30, "2019": 19, "2006": 1, "2007": 1, "2008": 2, "2009": 4, "2010": 2, "2011": 2, "2012": 3, "2013": 3, "2014": 9, "2015": 5, "2020": 6}, "old_citations": {"2016": 57, "2006": 34, "2011": 0, "2017": 4, "2014": 34}, "isVisible": false}, "graph theory": {"name": "graph theory", "type": "topic", "h_index": 726, "h5_index": 150, "num_publications": 15, "num_citations": 75, "num_publications_5y": 13, "num_citations_5y": 44, "num_publications_10y": 14, "num_citations_10y": 58, "publications_years": {"2016": 12, "2006": 1, "2018": 1, "2011": 1}, "citations_years": {"2006": 1, "2007": 1, "2008": 2, "2009": 4, "2010": 2, "2011": 2, "2012": 3, "2013": 3, "2014": 4, "2015": 6, "2016": 10, "2017": 9, "2018": 15, "2019": 11, "2020": 2}, "old_citations": {"2016": 40, "2006": 34, "2018": 1, "2011": 0}, "isVisible": false}, "bpm": {"name": "bpm", "type": "topic", "h_index": 210, "h5_index": 40, "num_publications": 14, "num_citations": 122, "num_publications_5y": 12, "num_citations_5y": 82, "num_publications_10y": 12, "num_citations_10y": 101, "publications_years": {"2016": 9, "2008": 1, "2006": 1, "2018": 1, "2017": 1, "2014": 1}, "citations_years": {"2017": 27, "2016": 17, "2018": 24, "2019": 15, "2009": 6, "2010": 3, "2011": 4, "2012": 3, "2013": 3, "2014": 9, "2015": 5, "2006": 1, "2007": 1, "2008": 2, "2020": 2}, "old_citations": {"2016": 43, "2008": 6, "2006": 34, "2018": 1, "2017": 4, "2014": 34}, "isVisible": false}, "business process modeling (bpm)": {"name": "business process modeling (bpm)", "type": "topic", "h_index": 191, "h5_index": 38, "num_publications": 14, "num_citations": 122, "num_publications_5y": 12, "num_citations_5y": 82, "num_publications_10y": 12, "num_citations_10y": 101, "publications_years": {"2016": 9, "2008": 1, "2006": 1, "2018": 1, "2017": 1, "2014": 1}, "citations_years": {"2017": 27, "2016": 17, "2018": 24, "2019": 15, "2009": 6, "2010": 3, "2011": 4, "2012": 3, "2013": 3, "2014": 9, "2015": 5, "2006": 1, "2007": 1, "2008": 2, "2020": 2}, "old_citations": {"2016": 43, "2008": 6, "2006": 34, "2018": 1, "2017": 4, "2014": 34}, "isVisible": false}, "business process management": {"name": "business process management", "type": "topic", "h_index": 176, "h5_index": 29, "num_publications": 13, "num_citations": 82, "num_publications_5y": 10, "num_citations_5y": 55, "num_publications_10y": 12, "num_citations_10y": 61, "publications_years": {"2008": 1, "2009": 1, "2016": 7, "2018": 1, "2011": 1, "2017": 1, "2014": 1}, "citations_years": {"2009": 3, "2010": 1, "2011": 2, "2012": 0, "2013": 0, "2014": 5, "2015": 4, "2016": 11, "2017": 13, "2018": 22, "2019": 15, "2020": 6}, "old_citations": {"2008": 6, "2009": 1, "2016": 36, "2018": 1, "2011": 0, "2017": 4, "2014": 34}, "isVisible": false}, "petri nets": {"name": "petri nets", "type": "topic", "h_index": 333, "h5_index": 64, "num_publications": 13, "num_citations": 62, "num_publications_5y": 11, "num_citations_5y": 32, "num_publications_10y": 12, "num_citations_10y": 46, "publications_years": {"2016": 10, "2006": 1, "2018": 1, "2011": 1}, "citations_years": {"2006": 1, "2007": 1, "2008": 2, "2009": 4, "2010": 2, "2011": 2, "2012": 3, "2013": 3, "2014": 4, "2015": 1, "2016": 8, "2017": 7, "2018": 12, "2019": 10, "2020": 2}, "old_citations": {"2016": 27, "2006": 34, "2018": 1, "2011": 0}, "isVisible": false}, "software design": {"name": "software design", "type": "topic", "h_index": 907, "h5_index": 227, "num_publications": 13, "num_citations": 79, "num_publications_5y": 13, "num_citations_5y": 58, "num_publications_10y": 13, "num_citations_10y": 58, "publications_years": {"2016": 12, "2014": 1}, "citations_years": {"2016": 12, "2017": 10, "2019": 15, "2018": 22, "2020": 6, "2014": 5, "2015": 9}, "old_citations": {"2016": 45, "2014": 34}, "isVisible": false}, "automation": {"name": "automation", "type": "topic", "h_index": 579, "h5_index": 144, "num_publications": 12, "num_citations": 82, "num_publications_5y": 10, "num_citations_5y": 47, "num_publications_10y": 11, "num_citations_10y": 61, "publications_years": {"2016": 9, "2006": 1, "2018": 1, "2011": 1}, "citations_years": {"2017": 18, "2006": 1, "2007": 1, "2008": 2, "2009": 4, "2010": 2, "2011": 2, "2012": 3, "2013": 3, "2014": 4, "2015": 1, "2016": 6, "2018": 18, "2019": 15, "2020": 2}, "old_citations": {"2016": 47, "2006": 34, "2018": 1, "2011": 0}, "isVisible": false}, "computer programming": {"name": "computer programming", "type": "topic", "h_index": 873, "h5_index": 186, "num_publications": 10, "num_citations": 119, "num_publications_5y": 9, "num_citations_5y": 80, "num_publications_10y": 9, "num_citations_10y": 94, "publications_years": {"2016": 8, "2006": 1, "2014": 1}, "citations_years": {"2016": 16, "2017": 17, "2018": 28, "2019": 16, "2006": 1, "2007": 1, "2008": 2, "2009": 4, "2010": 2, "2011": 2, "2012": 3, "2013": 3, "2014": 9, "2015": 10, "2020": 5}, "old_citations": {"2016": 51, "2006": 34, "2014": 34}, "isVisible": false}, "object oriented programming": {"name": "object oriented programming", "type": "topic", "h_index": 636, "h5_index": 129, "num_publications": 9, "num_citations": 118, "num_publications_5y": 8, "num_citations_5y": 80, "num_publications_10y": 8, "num_citations_10y": 94, "publications_years": {"2016": 7, "2006": 1, "2014": 1}, "citations_years": {"2016": 16, "2017": 17, "2018": 28, "2019": 15, "2006": 1, "2007": 1, "2008": 2, "2009": 4, "2010": 2, "2011": 2, "2012": 3, "2013": 3, "2014": 9, "2015": 10, "2020": 5}, "old_citations": {"2016": 50, "2006": 34, "2014": 34}, "isVisible": false}, "internet": {"name": "internet", "type": "topic", "h_index": 1102, "h5_index": 245, "num_publications": 9, "num_citations": 104, "num_publications_5y": 7, "num_citations_5y": 67, "num_publications_10y": 8, "num_citations_10y": 82, "publications_years": {"2016": 5, "2009": 1, "2006": 1, "2014": 1, "2017": 1}, "citations_years": {"2016": 14, "2017": 11, "2018": 28, "2019": 14, "2009": 5, "2006": 1, "2007": 1, "2008": 2, "2010": 2, "2011": 2, "2012": 3, "2013": 3, "2014": 9, "2015": 5, "2020": 4}, "old_citations": {"2016": 34, "2009": 1, "2006": 34, "2014": 34, "2017": 1}, "isVisible": false}, "computer networks": {"name": "computer networks", "type": "topic", "h_index": 1262, "h5_index": 332, "num_publications": 12, "num_citations": 99, "num_publications_5y": 11, "num_citations_5y": 72, "num_publications_10y": 12, "num_citations_10y": 73, "publications_years": {"2016": 8, "2009": 1, "2017": 2, "2014": 1}, "citations_years": {"2016": 14, "2017": 18, "2018": 26, "2019": 21, "2009": 1, "2020": 5, "2014": 5, "2015": 9}, "old_citations": {"2016": 51, "2009": 1, "2017": 13, "2014": 34}, "isVisible": false}, "bpmn": {"name": "bpmn", "type": "topic", "h_index": 65, "h5_index": 17, "num_publications": 8, "num_citations": 97, "num_publications_5y": 7, "num_citations_5y": 68, "num_publications_10y": 7, "num_citations_10y": 82, "publications_years": {"2016": 5, "2006": 1, "2017": 1, "2014": 1}, "citations_years": {"2017": 21, "2016": 14, "2018": 19, "2019": 9, "2006": 1, "2007": 1, "2008": 2, "2009": 4, "2010": 2, "2011": 2, "2012": 3, "2013": 3, "2014": 9, "2015": 5, "2020": 2}, "old_citations": {"2016": 25, "2006": 34, "2017": 4, "2014": 34}, "isVisible": false}, "computer hardware": {"name": "computer hardware", "type": "topic", "h_index": 1150, "h5_index": 279, "num_publications": 9, "num_citations": 89, "num_publications_5y": 9, "num_citations_5y": 64, "num_publications_10y": 9, "num_citations_10y": 64, "publications_years": {"2016": 6, "2017": 2, "2014": 1}, "citations_years": {"2016": 12, "2017": 18, "2018": 25, "2019": 20, "2020": 5, "2014": 5, "2015": 4}, "old_citations": {"2016": 42, "2017": 13, "2014": 34}, "isVisible": false}, "telecommunication networks": {"name": "telecommunication networks", "type": "topic", "h_index": 1116, "h5_index": 258, "num_publications": 8, "num_citations": 87, "num_publications_5y": 7, "num_citations_5y": 63, "num_publications_10y": 8, "num_citations_10y": 64, "publications_years": {"2016": 4, "2009": 1, "2017": 2, "2014": 1}, "citations_years": {"2016": 11, "2017": 18, "2018": 25, "2019": 19, "2009": 1, "2020": 4, "2014": 5, "2015": 4}, "old_citations": {"2016": 39, "2009": 1, "2017": 13, "2014": 34}, "isVisible": false}, "telecommunication systems": {"name": "telecommunication systems", "type": "topic", "h_index": 1187, "h5_index": 277, "num_publications": 8, "num_citations": 87, "num_publications_5y": 7, "num_citations_5y": 63, "num_publications_10y": 8, "num_citations_10y": 64, "publications_years": {"2016": 4, "2009": 1, "2017": 2, "2014": 1}, "citations_years": {"2016": 11, "2017": 18, "2018": 25, "2019": 19, "2009": 1, "2020": 4, "2014": 5, "2015": 4}, "old_citations": {"2016": 39, "2009": 1, "2017": 13, "2014": 34}, "isVisible": false}, "embedded systems": {"name": "embedded systems", "type": "topic", "h_index": 799, "h5_index": 168, "num_publications": 10, "num_citations": 84, "num_publications_5y": 10, "num_citations_5y": 62, "num_publications_10y": 10, "num_citations_10y": 62, "publications_years": {"2016": 7, "2017": 2, "2014": 1}, "citations_years": {"2016": 12, "2017": 13, "2019": 18, "2018": 23, "2020": 4, "2014": 5, "2015": 9}, "old_citations": {"2016": 37, "2017": 13, "2014": 34}, "isVisible": false}, "communication systems": {"name": "communication systems", "type": "topic", "h_index": 1092, "h5_index": 254, "num_publications": 6, "num_citations": 52, "num_publications_5y": 6, "num_citations_5y": 33, "num_publications_10y": 6, "num_citations_10y": 33, "publications_years": {"2016": 4, "2017": 2}, "citations_years": {"2016": 2, "2017": 15, "2018": 16, "2019": 17, "2020": 2}, "old_citations": {"2016": 39, "2017": 13}, "isVisible": false}, "wireless telecommunication systems": {"name": "wireless telecommunication systems", "type": "topic", "h_index": 1087, "h5_index": 254, "num_publications": 6, "num_citations": 52, "num_publications_5y": 6, "num_citations_5y": 33, "num_publications_10y": 6, "num_citations_10y": 33, "publications_years": {"2016": 4, "2017": 2}, "citations_years": {"2016": 2, "2017": 15, "2018": 16, "2019": 17, "2020": 2}, "old_citations": {"2016": 39, "2017": 13}, "isVisible": false}}, "authors": {"2138467178": {"name": "hajo a reijers", "type": "author", "activity": 23, "h_index": 42, "h5_index": 12, "mag_id": "2138467178", "num_publications": 3, "num_citations": 10, "num_publications_5y": 3, "num_citations_5y": 6, "num_publications_10y": 3, "num_citations_10y": 6, "publications_years": {"2016": 3}, "citations_years": {"2018": 3, "2019": 3, "2020": 1, "2016": 2, "2017": 1}, "old_citations": {"2016": 10}, "isVisible": false}, "153925120": {"name": "jan vanthienen", "type": "author", "activity": 31, "h_index": 33, "h5_index": 11, "mag_id": "153925120", "num_publications": 2, "num_citations": 47, "num_publications_5y": 1, "num_citations_5y": 21, "num_publications_10y": 1, "num_citations_10y": 35, "publications_years": {"2006": 1, "2017": 1}, "citations_years": {"2006": 1, "2007": 1, "2008": 2, "2009": 4, "2010": 2, "2011": 2, "2012": 3, "2013": 3, "2014": 4, "2015": 1, "2016": 2, "2017": 5, "2018": 9, "2019": 8}, "old_citations": {"2006": 34, "2017": 13}, "isVisible": false}, "305913891": {"name": "fabian pittke", "type": "author", "activity": 6, "h_index": 7, "h5_index": 2, "mag_id": "305913891", "num_publications": 2, "num_citations": 8, "num_publications_5y": 2, "num_citations_5y": 5, "num_publications_10y": 2, "num_citations_10y": 5, "publications_years": {"2016": 2}, "citations_years": {"2019": 3, "2016": 2, "2017": 1, "2018": 2}, "old_citations": {"2016": 8}, "isVisible": false}, "1983458687": {"name": "jan mendling", "type": "author", "activity": 19, "h_index": 55, "h5_index": 15, "mag_id": "1983458687", "num_publications": 2, "num_citations": 8, "num_publications_5y": 2, "num_citations_5y": 5, "num_publications_10y": 2, "num_citations_10y": 5, "publications_years": {"2016": 2}, "citations_years": {"2019": 3, "2016": 2, "2017": 1, "2018": 2}, "old_citations": {"2016": 8}, "isVisible": false}, "34489098": {"name": "uwe assmann", "type": "author", "activity": 14, "h_index": 5, "h5_index": 2, "mag_id": "34489098", "num_publications": 1, "num_citations": 17, "num_publications_5y": 1, "num_citations_5y": 9, "num_publications_10y": 1, "num_citations_10y": 9, "publications_years": {"2016": 1}, "citations_years": {"2017": 2, "2018": 7, "2019": 6, "2020": 2}, "old_citations": {"2016": 17}, "isVisible": false}, "125855633": {"name": "gregor polancic", "type": "author", "activity": 17, "h_index": 8, "h5_index": 2, "mag_id": "125855633", "num_publications": 1, "num_citations": 3, "num_publications_5y": 1, "num_citations_5y": 3, "num_publications_10y": 1, "num_citations_10y": 3, "publications_years": {"2016": 1}, "citations_years": {"2017": 3}, "old_citations": {"2016": 3}, "isVisible": false}, "130246841": {"name": "drazen brdjanin", "type": "author", "activity": 15, "h_index": 6, "h5_index": 3, "mag_id": "130246841", "num_publications": 1, "num_citations": 3, "num_publications_5y": 1, "num_citations_5y": 3, "num_publications_10y": 1, "num_citations_10y": 3, "publications_years": {"2016": 1}, "citations_years": {"2016": 1, "2017": 2}, "old_citations": {"2016": 3}, "isVisible": false}, "134801423": {"name": "selmin nurcan", "type": "author", "activity": 30, "h_index": 23, "h5_index": 4, "mag_id": "134801423", "num_publications": 1, "num_citations": 5, "num_publications_5y": 1, "num_citations_5y": 3, "num_publications_10y": 1, "num_citations_10y": 3, "publications_years": {"2016": 1}, "citations_years": {"2016": 1, "2017": 2, "2018": 0, "2019": 2}, "old_citations": {"2016": 5}, "isVisible": false}, "143288021": {"name": "wided guedria", "type": "author", "activity": 12, "h_index": 6, "h5_index": 1, "mag_id": "143288021", "num_publications": 1, "num_citations": 6, "num_publications_5y": 0, "num_citations_5y": 2, "num_publications_10y": 1, "num_citations_10y": 5, "publications_years": {"2011": 1}, "citations_years": {"2011": 2, "2012": 1, "2013": 0, "2014": 1, "2015": 0, "2016": 0, "2017": 0, "2018": 1, "2019": 1}, "old_citations": {"2011": 6}, "isVisible": false}, "144895361": {"name": "mattia salnitri", "type": "author", "activity": 9, "h_index": 7, "h5_index": 5, "mag_id": "144895361", "num_publications": 1, "num_citations": 34, "num_publications_5y": 1, "num_citations_5y": 30, "num_publications_10y": 1, "num_citations_10y": 30, "publications_years": {"2014": 1}, "citations_years": {"2014": 5, "2015": 4, "2016": 9, "2017": 3, "2018": 9, "2019": 2, "2020": 2}, "old_citations": {"2014": 34}, "isVisible": false}, "150896723": {"name": "arava tsoury", "type": "author", "activity": 10, "h_index": 3, "h5_index": 2, "mag_id": "150896723", "num_publications": 1, "num_citations": 3, "num_publications_5y": 1, "num_citations_5y": 1, "num_publications_10y": 1, "num_citations_10y": 1, "publications_years": {"2016": 1}, "citations_years": {"2018": 1, "2019": 1, "2020": 1}, "old_citations": {"2016": 3}, "isVisible": false}, "172506942": {"name": "stijn goedertier", "type": "author", "activity": 12, "h_index": 14, "h5_index": 0, "mag_id": "172506942", "num_publications": 1, "num_citations": 34, "num_publications_5y": 0, "num_citations_5y": 15, "num_publications_10y": 0, "num_citations_10y": 29, "publications_years": {"2006": 1}, "citations_years": {"2006": 1, "2007": 1, "2008": 2, "2009": 4, "2010": 2, "2011": 2, "2012": 3, "2013": 3, "2014": 4, "2015": 1, "2016": 2, "2017": 2, "2018": 6, "2019": 1}, "old_citations": {"2006": 34}, "isVisible": false}, "225424607": {"name": "iris reinhartzberger", "type": "author", "activity": 20, "h_index": 16, "h5_index": 3, "mag_id": "225424607", "num_publications": 1, "num_citations": 3, "num_publications_5y": 1, "num_citations_5y": 1, "num_publications_10y": 1, "num_citations_10y": 1, "publications_years": {"2016": 1}, "citations_years": {"2018": 1, "2019": 1, "2020": 1}, "old_citations": {"2016": 3}, "isVisible": false}, "235878137": {"name": "udo kannengiesser", "type": "author", "activity": 18, "h_index": 10, "h5_index": 4, "mag_id": "235878137", "num_publications": 1, "num_citations": 3, "num_publications_5y": 1, "num_citations_5y": 3, "num_publications_10y": 1, "num_citations_10y": 3, "publications_years": {"2016": 1}, "citations_years": {"2017": 2, "2018": 1}, "old_citations": {"2016": 3}, "isVisible": false}, "263345012": {"name": "banu aysolmaz", "type": "author", "activity": 11, "h_index": 5, "h5_index": 3, "mag_id": "263345012", "num_publications": 1, "num_citations": 1, "num_publications_5y": 1, "num_citations_5y": 0, "num_publications_10y": 1, "num_citations_10y": 0, "publications_years": {"2016": 1}, "citations_years": {"2019": 1}, "old_citations": {"2016": 1}, "isVisible": false}, "270949118": {"name": "wil m p van der aalst", "type": "author", "activity": 28, "h_index": 82, "h5_index": 17, "mag_id": "270949118", "num_publications": 1, "num_citations": 2, "num_publications_5y": 1, "num_citations_5y": 1, "num_publications_10y": 1, "num_citations_10y": 1, "publications_years": {"2016": 1}, "citations_years": {"2018": 1, "2019": 0, "2020": 1}, "old_citations": {"2016": 2}, "isVisible": false}, "275672002": {"name": "john guerson", "type": "author", "activity": 3, "h_index": 4, "h5_index": 2, "mag_id": "275672002", "num_publications": 1, "num_citations": 7, "num_publications_5y": 1, "num_citations_5y": 7, "num_publications_10y": 1, "num_citations_10y": 7, "publications_years": {"2016": 1}, "citations_years": {"2015": 5, "2016": 2}, "old_citations": {"2016": 7}, "isVisible": false}, "285425672": {"name": "marigianna skouradaki", "type": "author", "activity": 6, "h_index": 5, "h5_index": 4, "mag_id": "285425672", "num_publications": 1, "num_citations": 4, "num_publications_5y": 1, "num_citations_5y": 3, "num_publications_10y": 1, "num_citations_10y": 3, "publications_years": {"2017": 1}, "citations_years": {"2017": 2, "2018": 1, "2019": 1}, "old_citations": {"2017": 4}, "isVisible": false}, "390620748": {"name": "paolo giorgini", "type": "author", "activity": 25, "h_index": 42, "h5_index": 7, "mag_id": "390620748", "num_publications": 1, "num_citations": 34, "num_publications_5y": 1, "num_citations_5y": 30, "num_publications_10y": 1, "num_citations_10y": 30, "publications_years": {"2014": 1}, "citations_years": {"2014": 5, "2015": 4, "2016": 9, "2017": 3, "2018": 9, "2019": 2, "2020": 2}, "old_citations": {"2014": 34}, "isVisible": false}, "685355900": {"name": "ricardo de almeida falbo", "type": "author", "activity": 22, "h_index": 17, "h5_index": 6, "mag_id": "685355900", "num_publications": 1, "num_citations": 6, "num_publications_5y": 1, "num_citations_5y": 5, "num_publications_10y": 1, "num_citations_10y": 5, "publications_years": {"2016": 1}, "citations_years": {"2017": 2, "2018": 3, "2019": 1}, "old_citations": {"2016": 6}, "isVisible": false}, "716314097": {"name": "ilia bider", "type": "author", "activity": 23, "h_index": 12, "h5_index": 4, "mag_id": "716314097", "num_publications": 1, "num_citations": 1, "num_publications_5y": 1, "num_citations_5y": 1, "num_publications_10y": 1, "num_citations_10y": 1, "publications_years": {"2017": 1}, "citations_years": {"2018": 1}, "old_citations": {"2017": 1}, "isVisible": false}, "737834871": {"name": "luciano baresi", "type": "author", "activity": 28, "h_index": 36, "h5_index": 8, "mag_id": "737834871", "num_publications": 1, "num_citations": 7, "num_publications_5y": 1, "num_citations_5y": 6, "num_publications_10y": 1, "num_citations_10y": 6, "publications_years": {"2016": 1}, "citations_years": {"2017": 5, "2018": 1, "2019": 1}, "old_citations": {"2016": 7}, "isVisible": false}, "812635942": {"name": "ana ivanchikj", "type": "author", "activity": 6, "h_index": 5, "h5_index": 4, "mag_id": "812635942", "num_publications": 1, "num_citations": 4, "num_publications_5y": 1, "num_citations_5y": 3, "num_publications_10y": 1, "num_citations_10y": 3, "publications_years": {"2017": 1}, "citations_years": {"2017": 2, "2018": 1, "2019": 1}, "old_citations": {"2017": 4}, "isVisible": false}, "1246307506": {"name": "irit hadar", "type": "author", "activity": 17, "h_index": 14, "h5_index": 6, "mag_id": "1246307506", "num_publications": 1, "num_citations": 13, "num_publications_5y": 1, "num_citations_5y": 10, "num_publications_10y": 1, "num_citations_10y": 10, "publications_years": {"2016": 1}, "citations_years": {"2016": 2, "2017": 6, "2018": 2, "2019": 3}, "old_citations": {"2016": 13}, "isVisible": false}, "1796619753": {"name": "roland ukor", "type": "author", "activity": 1, "h_index": 2, "h5_index": 0, "mag_id": "1796619753", "num_publications": 1, "num_citations": 1, "num_publications_5y": 0, "num_citations_5y": 0, "num_publications_10y": 1, "num_citations_10y": 1, "publications_years": {"2009": 1}, "citations_years": {"2009": 1}, "old_citations": {"2009": 1}, "isVisible": false}, "1827895071": {"name": "vincenzo ferme", "type": "author", "activity": 9, "h_index": 10, "h5_index": 5, "mag_id": "1827895071", "num_publications": 1, "num_citations": 4, "num_publications_5y": 1, "num_citations_5y": 3, "num_publications_10y": 1, "num_citations_10y": 3, "publications_years": {"2017": 1}, "citations_years": {"2017": 2, "2018": 1, "2019": 1}, "old_citations": {"2017": 4}, "isVisible": false}, "1900472609": {"name": "borja vazquezbarreiros", "type": "author", "activity": 3, "h_index": 5, "h5_index": 3, "mag_id": "1900472609", "num_publications": 1, "num_citations": 3, "num_publications_5y": 1, "num_citations_5y": 2, "num_publications_10y": 1, "num_citations_10y": 2, "publications_years": {"2016": 1}, "citations_years": {"2017": 1, "2018": 1, "2019": 1}, "old_citations": {"2016": 3}, "isVisible": false}, "1955757010": {"name": "pnina soffer", "type": "author", "activity": 21, "h_index": 24, "h5_index": 5, "mag_id": "1955757010", "num_publications": 1, "num_citations": 3, "num_publications_5y": 1, "num_citations_5y": 1, "num_publications_10y": 1, "num_citations_10y": 1, "publications_years": {"2016": 1}, "citations_years": {"2018": 1, "2019": 1, "2020": 1}, "old_citations": {"2016": 3}, "isVisible": false}, "1962710637": {"name": "yannick naudet", "type": "author", "activity": 15, "h_index": 10, "h5_index": 2, "mag_id": "1962710637", "num_publications": 1, "num_citations": 6, "num_publications_5y": 0, "num_citations_5y": 2, "num_publications_10y": 1, "num_citations_10y": 5, "publications_years": {"2011": 1}, "citations_years": {"2011": 2, "2012": 1, "2013": 0, "2014": 1, "2015": 0, "2016": 0, "2017": 0, "2018": 1, "2019": 1}, "old_citations": {"2011": 6}, "isVisible": false}, "1966312229": {"name": "monique snoeck", "type": "author", "activity": 29, "h_index": 18, "h5_index": 6, "mag_id": "1966312229", "num_publications": 1, "num_citations": 0, "num_publications_5y": 0, "num_citations_5y": 0, "num_publications_10y": 1, "num_citations_10y": 0, "publications_years": {"2011": 1}, "citations_years": {}, "old_citations": {"2011": 0}, "isVisible": false}, "1967899552": {"name": "ronny seiger", "type": "author", "activity": 9, "h_index": 8, "h5_index": 5, "mag_id": "1967899552", "num_publications": 1, "num_citations": 17, "num_publications_5y": 1, "num_citations_5y": 9, "num_publications_10y": 1, "num_citations_10y": 9, "publications_years": {"2016": 1}, "citations_years": {"2017": 2, "2018": 7, "2019": 6, "2020": 2}, "old_citations": {"2016": 17}, "isVisible": false}, "1971991369": {"name": "giancarlo guizzardi", "type": "author", "activity": 22, "h_index": 31, "h5_index": 10, "mag_id": "1971991369", "num_publications": 1, "num_citations": 6, "num_publications_5y": 1, "num_citations_5y": 5, "num_publications_10y": 1, "num_citations_10y": 5, "publications_years": {"2016": 1}, "citations_years": {"2017": 2, "2018": 3, "2019": 1}, "old_citations": {"2016": 6}, "isVisible": false}, "1976053395": {"name": "anna zamansky", "type": "author", "activity": 16, "h_index": 9, "h5_index": 5, "mag_id": "1976053395", "num_publications": 1, "num_citations": 13, "num_publications_5y": 1, "num_citations_5y": 10, "num_publications_10y": 1, "num_citations_10y": 10, "publications_years": {"2016": 1}, "citations_years": {"2016": 2, "2017": 6, "2018": 2, "2019": 3}, "old_citations": {"2016": 13}, "isVisible": false}, "2000218747": {"name": "andrea burattin", "type": "author", "activity": 9, "h_index": 13, "h5_index": 5, "mag_id": "2000218747", "num_publications": 1, "num_citations": 0, "num_publications_5y": 1, "num_citations_5y": 0, "num_publications_10y": 1, "num_citations_10y": 0, "publications_years": {"2017": 1}, "citations_years": {}, "old_citations": {"2017": 0}, "isVisible": false}, "2005850882": {"name": "john krogstie", "type": "author", "activity": 29, "h_index": 30, "h5_index": 9, "mag_id": "2005850882", "num_publications": 1, "num_citations": 1, "num_publications_5y": 1, "num_citations_5y": 1, "num_publications_10y": 1, "num_citations_10y": 1, "publications_years": {"2016": 1}, "citations_years": {"2016": 1}, "old_citations": {"2016": 1}, "isVisible": false}, "2014405324": {"name": "henrik leopold", "type": "author", "activity": 10, "h_index": 19, "h5_index": 9, "mag_id": "2014405324", "num_publications": 1, "num_citations": 7, "num_publications_5y": 1, "num_citations_5y": 5, "num_publications_10y": 1, "num_citations_10y": 5, "publications_years": {"2016": 1}, "citations_years": {"2016": 2, "2017": 1, "2018": 2, "2019": 2}, "old_citations": {"2016": 7}, "isVisible": false}, "2015831002": {"name": "richard heininger", "type": "author", "activity": 3, "h_index": 3, "h5_index": 3, "mag_id": "2015831002", "num_publications": 1, "num_citations": 3, "num_publications_5y": 1, "num_citations_5y": 3, "num_publications_10y": 1, "num_citations_10y": 3, "publications_years": {"2016": 1}, "citations_years": {"2017": 2, "2018": 1}, "old_citations": {"2016": 3}, "isVisible": false}, "2020110388": {"name": "pieter hens", "type": "author", "activity": 8, "h_index": 5, "h5_index": 0, "mag_id": "2020110388", "num_publications": 1, "num_citations": 0, "num_publications_5y": 0, "num_citations_5y": 0, "num_publications_10y": 1, "num_citations_10y": 0, "publications_years": {"2011": 1}, "citations_years": {}, "old_citations": {"2011": 0}, "isVisible": false}, "2042241510": {"name": "johannes de smedt", "type": "author", "activity": 7, "h_index": 11, "h5_index": 10, "mag_id": "2042241510", "num_publications": 1, "num_citations": 13, "num_publications_5y": 1, "num_citations_5y": 6, "num_publications_10y": 1, "num_citations_10y": 6, "publications_years": {"2017": 1}, "citations_years": {"2017": 3, "2018": 3, "2019": 7}, "old_citations": {"2017": 13}, "isVisible": false}, "2048010815": {"name": "diana borrego", "type": "author", "activity": 15, "h_index": 6, "h5_index": 1, "mag_id": "2048010815", "num_publications": 1, "num_citations": 1, "num_publications_5y": 1, "num_citations_5y": 0, "num_publications_10y": 1, "num_citations_10y": 0, "publications_years": {"2016": 1}, "citations_years": {"2019": 1}, "old_citations": {"2016": 1}, "isVisible": false}, "2051348084": {"name": "rafael m gasca", "type": "author", "activity": 23, "h_index": 10, "h5_index": 3, "mag_id": "2051348084", "num_publications": 1, "num_citations": 1, "num_publications_5y": 1, "num_citations_5y": 0, "num_publications_10y": 1, "num_citations_10y": 0, "publications_years": {"2016": 1}, "citations_years": {"2019": 1}, "old_citations": {"2016": 1}, "isVisible": false}, "2055902379": {"name": "erik perjons", "type": "author", "activity": 21, "h_index": 12, "h5_index": 3, "mag_id": "2055902379", "num_publications": 1, "num_citations": 1, "num_publications_5y": 1, "num_citations_5y": 1, "num_publications_10y": 1, "num_citations_10y": 1, "publications_years": {"2017": 1}, "citations_years": {"2018": 1}, "old_citations": {"2017": 1}, "isVisible": false}, "2062119686": {"name": "maria teresa gomezlopez", "type": "author", "activity": 17, "h_index": 8, "h5_index": 3, "mag_id": "2062119686", "num_publications": 1, "num_citations": 1, "num_publications_5y": 1, "num_citations_5y": 0, "num_publications_10y": 1, "num_citations_10y": 0, "publications_years": {"2016": 1}, "citations_years": {"2019": 1}, "old_citations": {"2016": 1}, "isVisible": false}, "2071186473": {"name": "r ceballos", "type": "author", "activity": 18, "h_index": 7, "h5_index": 1, "mag_id": "2071186473", "num_publications": 1, "num_citations": 1, "num_publications_5y": 1, "num_citations_5y": 0, "num_publications_10y": 1, "num_citations_10y": 0, "publications_years": {"2016": 1}, "citations_years": {"2019": 1}, "old_citations": {"2016": 1}, "isVisible": false}, "2086939094": {"name": "fabiano dalpiaz", "type": "author", "activity": 14, "h_index": 21, "h5_index": 10, "mag_id": "2086939094", "num_publications": 1, "num_citations": 34, "num_publications_5y": 1, "num_citations_5y": 30, "num_publications_10y": 1, "num_citations_10y": 30, "publications_years": {"2014": 1}, "citations_years": {"2014": 5, "2015": 4, "2016": 9, "2017": 3, "2018": 9, "2019": 2, "2020": 2}, "old_citations": {"2014": 34}, "isVisible": false}, "2096096788": {"name": "andy carpenter", "type": "author", "activity": 25, "h_index": 3, "h5_index": 0, "mag_id": "2096096788", "num_publications": 1, "num_citations": 1, "num_publications_5y": 0, "num_citations_5y": 0, "num_publications_10y": 1, "num_citations_10y": 1, "publications_years": {"2009": 1}, "citations_years": {"2009": 1}, "old_citations": {"2009": 1}, "isVisible": false}, "2096267445": {"name": "manu de backer", "type": "author", "activity": 15, "h_index": 12, "h5_index": 1, "mag_id": "2096267445", "num_publications": 1, "num_citations": 0, "num_publications_5y": 0, "num_citations_5y": 0, "num_publications_10y": 1, "num_citations_10y": 0, "publications_years": {"2011": 1}, "citations_years": {}, "old_citations": {"2011": 0}, "isVisible": false}, "2097025704": {"name": "antonio esposito", "type": "author", "activity": 8, "h_index": 9, "h5_index": 4, "mag_id": "2097025704", "num_publications": 1, "num_citations": 1, "num_publications_5y": 1, "num_citations_5y": 1, "num_publications_10y": 1, "num_citations_10y": 1, "publications_years": {"2016": 1}, "citations_years": {"2016": 1}, "old_citations": {"2016": 1}, "isVisible": false}, "2101052408": {"name": "ricardo j machado", "type": "author", "activity": 23, "h_index": 13, "h5_index": 4, "mag_id": "2101052408", "num_publications": 1, "num_citations": 1, "num_publications_5y": 1, "num_citations_5y": 0, "num_publications_10y": 1, "num_citations_10y": 0, "publications_years": {"2016": 1}, "citations_years": {"2019": 1}, "old_citations": {"2016": 1}, "isVisible": false}, "2102976038": {"name": "dirk van der linden", "type": "author", "activity": 9, "h_index": 6, "h5_index": 5, "mag_id": "2102976038", "num_publications": 1, "num_citations": 13, "num_publications_5y": 1, "num_citations_5y": 10, "num_publications_10y": 1, "num_citations_10y": 10, "publications_years": {"2016": 1}, "citations_years": {"2016": 2, "2017": 6, "2018": 2, "2019": 3}, "old_citations": {"2016": 13}, "isVisible": false}, "2103303678": {"name": "kristof bohmer", "type": "author", "activity": 6, "h_index": 3, "h5_index": 3, "mag_id": "2103303678", "num_publications": 1, "num_citations": 4, "num_publications_5y": 1, "num_citations_5y": 3, "num_publications_10y": 1, "num_citations_10y": 3, "publications_years": {"2016": 1}, "citations_years": {"2016": 1, "2017": 1, "2018": 1, "2019": 0, "2020": 1}, "old_citations": {"2016": 4}, "isVisible": false}, "2109468842": {"name": "steffen huber", "type": "author", "activity": 11, "h_index": 7, "h5_index": 6, "mag_id": "2109468842", "num_publications": 1, "num_citations": 17, "num_publications_5y": 1, "num_citations_5y": 9, "num_publications_10y": 1, "num_citations_10y": 9, "publications_years": {"2016": 1}, "citations_years": {"2017": 2, "2018": 7, "2019": 6, "2020": 2}, "old_citations": {"2016": 17}, "isVisible": false}, "2118952872": {"name": "monalessa perini barcellos", "type": "author", "activity": 11, "h_index": 9, "h5_index": 4, "mag_id": "2118952872", "num_publications": 1, "num_citations": 6, "num_publications_5y": 1, "num_citations_5y": 5, "num_publications_10y": 1, "num_citations_10y": 5, "publications_years": {"2016": 1}, "citations_years": {"2017": 2, "2018": 3, "2019": 1}, "old_citations": {"2016": 6}, "isVisible": false}, "2126010305": {"name": "manuel mucientes", "type": "author", "activity": 22, "h_index": 16, "h5_index": 5, "mag_id": "2126010305", "num_publications": 1, "num_citations": 3, "num_publications_5y": 1, "num_citations_5y": 2, "num_publications_10y": 1, "num_citations_10y": 2, "publications_years": {"2016": 1}, "citations_years": {"2017": 1, "2018": 1, "2019": 1}, "old_citations": {"2016": 3}, "isVisible": false}, "2127483189": {"name": "frank leymann", "type": "author", "activity": 31, "h_index": 54, "h5_index": 11, "mag_id": "2127483189", "num_publications": 1, "num_citations": 4, "num_publications_5y": 1, "num_citations_5y": 3, "num_publications_10y": 1, "num_citations_10y": 3, "publications_years": {"2017": 1}, "citations_years": {"2017": 2, "2018": 1, "2019": 1}, "old_citations": {"2017": 4}, "isVisible": false}, "2128435406": {"name": "pierluigi plebani", "type": "author", "activity": 18, "h_index": 16, "h5_index": 7, "mag_id": "2128435406", "num_publications": 1, "num_citations": 7, "num_publications_5y": 1, "num_citations_5y": 6, "num_publications_10y": 1, "num_citations_10y": 6, "publications_years": {"2016": 1}, "citations_years": {"2017": 5, "2018": 1, "2019": 1}, "old_citations": {"2016": 7}, "isVisible": false}, "2133985302": {"name": "manuel lama", "type": "author", "activity": 21, "h_index": 15, "h5_index": 4, "mag_id": "2133985302", "num_publications": 1, "num_citations": 3, "num_publications_5y": 1, "num_citations_5y": 2, "num_publications_10y": 1, "num_citations_10y": 2, "publications_years": {"2016": 1}, "citations_years": {"2017": 1, "2018": 1, "2019": 1}, "old_citations": {"2016": 3}, "isVisible": false}, "2135219257": {"name": "jorge villalobos", "type": "author", "activity": 19, "h_index": 8, "h5_index": 2, "mag_id": "2135219257", "num_publications": 1, "num_citations": 2, "num_publications_5y": 1, "num_citations_5y": 2, "num_publications_10y": 1, "num_citations_10y": 2, "publications_years": {"2016": 1}, "citations_years": {"2018": 2}, "old_citations": {"2016": 2}, "isVisible": false}, "2137484348": {"name": "cesare pautasso", "type": "author", "activity": 21, "h_index": 24, "h5_index": 8, "mag_id": "2137484348", "num_publications": 1, "num_citations": 4, "num_publications_5y": 1, "num_citations_5y": 3, "num_publications_10y": 1, "num_citations_10y": 3, "publications_years": {"2017": 1}, "citations_years": {"2017": 2, "2018": 1, "2019": 1}, "old_citations": {"2017": 4}, "isVisible": false}, "2138711510": {"name": "han van der aa", "type": "author", "activity": 7, "h_index": 7, "h5_index": 7, "mag_id": "2138711510", "num_publications": 1, "num_citations": 7, "num_publications_5y": 1, "num_citations_5y": 5, "num_publications_10y": 1, "num_citations_10y": 5, "publications_years": {"2016": 1}, "citations_years": {"2016": 2, "2017": 1, "2018": 2, "2019": 2}, "old_citations": {"2016": 7}, "isVisible": false}, "2139661896": {"name": "joao paulo a almeida", "type": "author", "activity": 19, "h_index": 21, "h5_index": 7, "mag_id": "2139661896", "num_publications": 1, "num_citations": 7, "num_publications_5y": 1, "num_citations_5y": 7, "num_publications_10y": 1, "num_citations_10y": 7, "publications_years": {"2016": 1}, "citations_years": {"2015": 5, "2016": 2}, "old_citations": {"2016": 7}, "isVisible": false}, "2143064211": {"name": "mario e sanchez", "type": "author", "activity": 12, "h_index": 7, "h5_index": 2, "mag_id": "2143064211", "num_publications": 1, "num_citations": 2, "num_publications_5y": 1, "num_citations_5y": 2, "num_publications_10y": 1, "num_citations_10y": 2, "publications_years": {"2016": 1}, "citations_years": {"2018": 2}, "old_citations": {"2016": 2}, "isVisible": false}, "2149913376": {"name": "gregor jost", "type": "author", "activity": 9, "h_index": 4, "h5_index": 2, "mag_id": "2149913376", "num_publications": 1, "num_citations": 3, "num_publications_5y": 1, "num_citations_5y": 3, "num_publications_10y": 1, "num_citations_10y": 3, "publications_years": {"2016": 1}, "citations_years": {"2017": 3}, "old_citations": {"2016": 3}, "isVisible": false}, "2150767914": {"name": "alexander bock", "type": "author", "activity": 5, "h_index": 5, "h5_index": 3, "mag_id": "2150767914", "num_publications": 1, "num_citations": 3, "num_publications_5y": 1, "num_citations_5y": 2, "num_publications_10y": 1, "num_citations_10y": 2, "publications_years": {"2016": 1}, "citations_years": {"2016": 1, "2017": 0, "2018": 1, "2019": 1}, "old_citations": {"2016": 3}, "isVisible": false}, "2154212433": {"name": "carlos e salgado", "type": "author", "activity": 7, "h_index": 4, "h5_index": 2, "mag_id": "2154212433", "num_publications": 1, "num_citations": 1, "num_publications_5y": 1, "num_citations_5y": 0, "num_publications_10y": 1, "num_citations_10y": 0, "publications_years": {"2016": 1}, "citations_years": {"2019": 1}, "old_citations": {"2016": 1}, "isVisible": false}, "2161618242": {"name": "barbara weber", "type": "author", "activity": 17, "h_index": 36, "h5_index": 7, "mag_id": "2161618242", "num_publications": 1, "num_citations": 0, "num_publications_5y": 1, "num_citations_5y": 0, "num_publications_10y": 1, "num_citations_10y": 0, "publications_years": {"2017": 1}, "citations_years": {}, "old_citations": {"2017": 0}, "isVisible": false}, "2164877724": {"name": "rita suzana pitangueira maciel", "type": "author", "activity": 16, "h_index": 9, "h5_index": 3, "mag_id": "2164877724", "num_publications": 1, "num_citations": 1, "num_publications_5y": 1, "num_citations_5y": 0, "num_publications_10y": 1, "num_citations_10y": 0, "publications_years": {"2016": 1}, "citations_years": {"2019": 1}, "old_citations": {"2016": 1}, "isVisible": false}, "2169456843": {"name": "stefanie rinderlema", "type": "author", "activity": 13, "h_index": 23, "h5_index": 9, "mag_id": "2169456843", "num_publications": 1, "num_citations": 4, "num_publications_5y": 1, "num_citations_5y": 3, "num_publications_10y": 1, "num_citations_10y": 3, "publications_years": {"2016": 1}, "citations_years": {"2016": 1, "2017": 1, "2018": 1, "2019": 0, "2020": 1}, "old_citations": {"2016": 4}, "isVisible": false}, "2170257771": {"name": "hector florez", "type": "author", "activity": 9, "h_index": 6, "h5_index": 2, "mag_id": "2170257771", "num_publications": 1, "num_citations": 2, "num_publications_5y": 1, "num_citations_5y": 2, "num_publications_10y": 1, "num_citations_10y": 2, "publications_years": {"2016": 1}, "citations_years": {"2018": 2}, "old_citations": {"2016": 2}, "isVisible": false}, "2177266509": {"name": "frederik gailly", "type": "author", "activity": 17, "h_index": 12, "h5_index": 4, "mag_id": "2177266509", "num_publications": 1, "num_citations": 6, "num_publications_5y": 1, "num_citations_5y": 5, "num_publications_10y": 1, "num_citations_10y": 5, "publications_years": {"2016": 1}, "citations_years": {"2017": 2, "2018": 3, "2019": 1}, "old_citations": {"2016": 6}, "isVisible": false}, "2195483145": {"name": "slavko maric", "type": "author", "activity": 21, "h_index": 7, "h5_index": 3, "mag_id": "2195483145", "num_publications": 1, "num_citations": 3, "num_publications_5y": 1, "num_citations_5y": 3, "num_publications_10y": 1, "num_citations_10y": 3, "publications_years": {"2016": 1}, "citations_years": {"2016": 1, "2017": 2}, "old_citations": {"2016": 3}, "isVisible": false}, "2234181221": {"name": "glaice kelly quirino", "type": "author", "activity": 6, "h_index": 4, "h5_index": 2, "mag_id": "2234181221", "num_publications": 1, "num_citations": 6, "num_publications_5y": 1, "num_citations_5y": 5, "num_publications_10y": 1, "num_citations_10y": 5, "publications_years": {"2016": 1}, "citations_years": {"2017": 2, "2018": 3, "2019": 1}, "old_citations": {"2016": 6}, "isVisible": false}, "2259328705": {"name": "geert poels", "type": "author", "activity": 25, "h_index": 24, "h5_index": 5, "mag_id": "2259328705", "num_publications": 1, "num_citations": 0, "num_publications_5y": 0, "num_citations_5y": 0, "num_publications_10y": 1, "num_citations_10y": 0, "publications_years": {"2011": 1}, "citations_years": {}, "old_citations": {"2011": 0}, "isVisible": false}, "2262514506": {"name": "maria das gracas da silva teixeira", "type": "author", "activity": 4, "h_index": 1, "h5_index": 1, "mag_id": "2262514506", "num_publications": 1, "num_citations": 6, "num_publications_5y": 1, "num_citations_5y": 5, "num_publications_10y": 1, "num_citations_10y": 5, "publications_years": {"2016": 1}, "citations_years": {"2017": 2, "2018": 3, "2019": 1}, "old_citations": {"2016": 6}, "isVisible": false}, "2278166505": {"name": "giovanni meroni", "type": "author", "activity": 5, "h_index": 5, "h5_index": 5, "mag_id": "2278166505", "num_publications": 1, "num_citations": 7, "num_publications_5y": 1, "num_citations_5y": 6, "num_publications_10y": 1, "num_citations_10y": 6, "publications_years": {"2016": 1}, "citations_years": {"2017": 5, "2018": 1, "2019": 1}, "old_citations": {"2016": 7}, "isVisible": false}, "2280139276": {"name": "beniamino di martino", "type": "author", "activity": 26, "h_index": 21, "h5_index": 4, "mag_id": "2280139276", "num_publications": 1, "num_citations": 1, "num_publications_5y": 1, "num_citations_5y": 1, "num_publications_10y": 1, "num_citations_10y": 1, "publications_years": {"2016": 1}, "citations_years": {"2016": 1}, "old_citations": {"2016": 1}, "isVisible": false}, "2295829627": {"name": "thaiminh truong", "type": "author", "activity": 5, "h_index": 1, "h5_index": 1, "mag_id": "2295829627", "num_publications": 1, "num_citations": 3, "num_publications_5y": 1, "num_citations_5y": 2, "num_publications_10y": 1, "num_citations_10y": 2, "publications_years": {"2016": 1}, "citations_years": {"2016": 1, "2017": 1, "2018": 0, "2019": 1}, "old_citations": {"2016": 3}, "isVisible": false}, "2298156228": {"name": "david chen", "type": "author", "activity": 26, "h_index": 15, "h5_index": 2, "mag_id": "2298156228", "num_publications": 1, "num_citations": 6, "num_publications_5y": 0, "num_citations_5y": 2, "num_publications_10y": 1, "num_citations_10y": 5, "publications_years": {"2011": 1}, "citations_years": {"2011": 2, "2012": 1, "2013": 0, "2014": 1, "2015": 0, "2016": 0, "2017": 0, "2018": 1, "2019": 1}, "old_citations": {"2011": 6}, "isVisible": false}, "2340213494": {"name": "mohamed garoui", "type": "author", "activity": 8, "h_index": 1, "h5_index": 1, "mag_id": "2340213494", "num_publications": 1, "num_citations": 0, "num_publications_5y": 1, "num_citations_5y": 0, "num_publications_10y": 1, "num_citations_10y": 0, "publications_years": {"2016": 1}, "citations_years": {}, "old_citations": {"2016": 0}, "isVisible": false}, "2343348034": {"name": "stefania nacchia", "type": "author", "activity": 5, "h_index": 3, "h5_index": 3, "mag_id": "2343348034", "num_publications": 1, "num_citations": 1, "num_publications_5y": 1, "num_citations_5y": 1, "num_publications_10y": 1, "num_citations_10y": 1, "publications_years": {"2016": 1}, "citations_years": {"2016": 1}, "old_citations": {"2016": 1}, "isVisible": false}, "2344328344": {"name": "salvatore augusto maisto", "type": "author", "activity": 5, "h_index": 3, "h5_index": 3, "mag_id": "2344328344", "num_publications": 1, "num_citations": 1, "num_publications_5y": 1, "num_citations_5y": 1, "num_publications_10y": 1, "num_citations_10y": 1, "publications_years": {"2016": 1}, "citations_years": {"2016": 1}, "old_citations": {"2016": 1}, "isVisible": false}, "2395246197": {"name": "sebastiaan j van zelst", "type": "author", "activity": 6, "h_index": 7, "h5_index": 7, "mag_id": "2395246197", "num_publications": 1, "num_citations": 3, "num_publications_5y": 1, "num_citations_5y": 2, "num_publications_10y": 1, "num_citations_10y": 2, "publications_years": {"2016": 1}, "citations_years": {"2017": 1, "2018": 1, "2019": 1}, "old_citations": {"2016": 3}, "isVisible": false}, "2404800929": {"name": "snorre fossland", "type": "author", "activity": 2, "h_index": 1, "h5_index": 1, "mag_id": "2404800929", "num_publications": 1, "num_citations": 1, "num_publications_5y": 1, "num_citations_5y": 1, "num_publications_10y": 1, "num_citations_10y": 1, "publications_years": {"2016": 1}, "citations_years": {"2016": 1}, "old_citations": {"2016": 1}, "isVisible": false}, "2481228728": {"name": "zvjezdan spasic pavkovic", "type": "author", "activity": 1, "h_index": 1, "h5_index": 1, "mag_id": "2481228728", "num_publications": 1, "num_citations": 3, "num_publications_5y": 1, "num_citations_5y": 3, "num_publications_10y": 1, "num_citations_10y": 3, "publications_years": {"2016": 1}, "citations_years": {"2016": 1, "2017": 2}, "old_citations": {"2016": 3}, "isVisible": false}, "2481266504": {"name": "adriatik nikaj", "type": "author", "activity": 5, "h_index": 4, "h5_index": 4, "mag_id": "2481266504", "num_publications": 1, "num_citations": 1, "num_publications_5y": 1, "num_citations_5y": 0, "num_publications_10y": 1, "num_citations_10y": 0, "publications_years": {"2016": 1}, "citations_years": {"2019": 1}, "old_citations": {"2016": 1}, "isVisible": false}, "2482687068": {"name": "e gonzalez lopez de murillas", "type": "author", "activity": 4, "h_index": 2, "h5_index": 2, "mag_id": "2482687068", "num_publications": 1, "num_citations": 2, "num_publications_5y": 1, "num_citations_5y": 1, "num_publications_10y": 1, "num_citations_10y": 1, "publications_years": {"2016": 1}, "citations_years": {"2018": 1, "2019": 0, "2020": 1}, "old_citations": {"2016": 2}, "isVisible": false}, "2482918572": {"name": "peter heisig", "type": "author", "activity": 4, "h_index": 3, "h5_index": 3, "mag_id": "2482918572", "num_publications": 1, "num_citations": 17, "num_publications_5y": 1, "num_citations_5y": 9, "num_publications_10y": 1, "num_citations_10y": 9, "publications_years": {"2016": 1}, "citations_years": {"2017": 2, "2018": 7, "2019": 6, "2020": 2}, "old_citations": {"2016": 17}, "isVisible": false}, "2493479154": {"name": "afef awadid", "type": "author", "activity": 4, "h_index": 3, "h5_index": 3, "mag_id": "2493479154", "num_publications": 1, "num_citations": 5, "num_publications_5y": 1, "num_citations_5y": 3, "num_publications_10y": 1, "num_citations_10y": 3, "publications_years": {"2016": 1}, "citations_years": {"2016": 1, "2017": 2, "2018": 0, "2019": 2}, "old_citations": {"2016": 5}, "isVisible": false}, "2497010259": {"name": "joos c a m buijs", "type": "author", "activity": 8, "h_index": 6, "h5_index": 5, "mag_id": "2497010259", "num_publications": 1, "num_citations": 3, "num_publications_5y": 1, "num_citations_5y": 2, "num_publications_10y": 1, "num_citations_10y": 2, "publications_years": {"2016": 1}, "citations_years": {"2017": 1, "2018": 1, "2019": 1}, "old_citations": {"2016": 3}, "isVisible": false}, "2506282948": {"name": "manuel raffel", "type": "author", "activity": 4, "h_index": 3, "h5_index": 3, "mag_id": "2506282948", "num_publications": 1, "num_citations": 7, "num_publications_5y": 1, "num_citations_5y": 5, "num_publications_10y": 1, "num_citations_10y": 5, "publications_years": {"2016": 1}, "citations_years": {"2016": 2, "2017": 1, "2018": 2, "2019": 2}, "old_citations": {"2016": 7}, "isVisible": false}, "2512433552": {"name": "ali yaldiz", "type": "author", "activity": 4, "h_index": 1, "h5_index": 1, "mag_id": "2512433552", "num_publications": 1, "num_citations": 1, "num_publications_5y": 1, "num_citations_5y": 0, "num_publications_10y": 1, "num_citations_10y": 0, "publications_years": {"2016": 1}, "citations_years": {"2019": 1}, "old_citations": {"2016": 1}, "isVisible": false}, "2558456487": {"name": "jens gulden", "type": "author", "activity": 14, "h_index": 5, "h5_index": 3, "mag_id": "2558456487", "num_publications": 1, "num_citations": 0, "num_publications_5y": 1, "num_citations_5y": 0, "num_publications_10y": 1, "num_citations_10y": 0, "publications_years": {"2017": 1}, "citations_years": {}, "old_citations": {"2017": 0}, "isVisible": false}, "2573016364": {"name": "lamson le", "type": "author", "activity": 5, "h_index": 1, "h5_index": 1, "mag_id": "2573016364", "num_publications": 1, "num_citations": 3, "num_publications_5y": 1, "num_citations_5y": 2, "num_publications_10y": 1, "num_citations_10y": 2, "publications_years": {"2016": 1}, "citations_years": {"2016": 1, "2017": 1, "2018": 0, "2019": 1}, "old_citations": {"2016": 3}, "isVisible": false}, "2600970222": {"name": "ornela cela", "type": "author", "activity": 2, "h_index": 1, "h5_index": 1, "mag_id": "2600970222", "num_publications": 1, "num_citations": 1, "num_publications_5y": 1, "num_citations_5y": 0, "num_publications_10y": 1, "num_citations_10y": 0, "publications_years": {"2018": 1}, "citations_years": {"2019": 1}, "old_citations": {"2018": 1}, "isVisible": false}, "2614636723": {"name": "j\u0101nis mak\u0146a", "type": "author", "activity": 8, "h_index": 1, "h5_index": 0, "mag_id": "2614636723", "num_publications": 1, "num_citations": 6, "num_publications_5y": 0, "num_citations_5y": 1, "num_publications_10y": 0, "num_citations_10y": 6, "publications_years": {"2008": 1}, "citations_years": {"2009": 2, "2010": 1, "2011": 2, "2012": 0, "2013": 0, "2014": 0, "2015": 0, "2016": 0, "2017": 0, "2018": 1}, "old_citations": {"2008": 6}, "isVisible": false}, "2617817123": {"name": "j\u016blija stecjuka", "type": "author", "activity": 4, "h_index": 2, "h5_index": 0, "mag_id": "2617817123", "num_publications": 1, "num_citations": 6, "num_publications_5y": 0, "num_citations_5y": 1, "num_publications_10y": 0, "num_citations_10y": 6, "publications_years": {"2008": 1}, "citations_years": {"2009": 2, "2010": 1, "2011": 2, "2012": 0, "2013": 0, "2014": 0, "2015": 0, "2016": 0, "2017": 0, "2018": 1}, "old_citations": {"2008": 6}, "isVisible": false}, "2673774127": {"name": "m\u0101r\u012bte kirikova", "type": "author", "activity": 22, "h_index": 2, "h5_index": 1, "mag_id": "2673774127", "num_publications": 1, "num_citations": 6, "num_publications_5y": 0, "num_citations_5y": 1, "num_publications_10y": 0, "num_citations_10y": 6, "publications_years": {"2008": 1}, "citations_years": {"2009": 2, "2010": 1, "2011": 2, "2012": 0, "2013": 0, "2014": 0, "2015": 0, "2016": 0, "2017": 0, "2018": 1}, "old_citations": {"2008": 6}, "isVisible": false}, "2675166841": {"name": "stefan schedl", "type": "author", "activity": 1, "h_index": 1, "h5_index": 1, "mag_id": "2675166841", "num_publications": 1, "num_citations": 3, "num_publications_5y": 1, "num_citations_5y": 3, "num_publications_10y": 1, "num_citations_10y": 3, "publications_years": {"2016": 1}, "citations_years": {"2017": 2, "2018": 1}, "old_citations": {"2016": 3}, "isVisible": false}, "2710814998": {"name": "tobias grunder", "type": "author", "activity": 1, "h_index": 1, "h5_index": 1, "mag_id": "2710814998", "num_publications": 1, "num_citations": 3, "num_publications_5y": 1, "num_citations_5y": 3, "num_publications_10y": 1, "num_citations_10y": 3, "publications_years": {"2016": 1}, "citations_years": {"2017": 2, "2018": 1}, "old_citations": {"2016": 3}, "isVisible": false}, "2725850757": {"name": "faruk hasic", "type": "author", "activity": 4, "h_index": 7, "h5_index": 7, "mag_id": "2725850757", "num_publications": 1, "num_citations": 13, "num_publications_5y": 1, "num_citations_5y": 6, "num_publications_10y": 1, "num_citations_10y": 6, "publications_years": {"2017": 1}, "citations_years": {"2017": 3, "2018": 3, "2019": 7}, "old_citations": {"2017": 13}, "isVisible": false}, "2777367896": {"name": "dominique rieu", "type": "author", "activity": 12, "h_index": 2, "h5_index": 1, "mag_id": "2777367896", "num_publications": 1, "num_citations": 1, "num_publications_5y": 1, "num_citations_5y": 0, "num_publications_10y": 1, "num_citations_10y": 0, "publications_years": {"2018": 1}, "citations_years": {"2019": 1}, "old_citations": {"2018": 1}, "isVisible": false}, "2793499561": {"name": "mathias weske", "type": "author", "activity": 6, "h_index": 4, "h5_index": 4, "mag_id": "2793499561", "num_publications": 1, "num_citations": 1, "num_publications_5y": 1, "num_citations_5y": 0, "num_publications_10y": 1, "num_citations_10y": 0, "publications_years": {"2016": 1}, "citations_years": {"2019": 1}, "old_citations": {"2016": 1}, "isVisible": false}, "2934684671": {"name": "agnes front", "type": "author", "activity": 6, "h_index": 2, "h5_index": 1, "mag_id": "2934684671", "num_publications": 1, "num_citations": 1, "num_publications_5y": 1, "num_citations_5y": 0, "num_publications_10y": 1, "num_citations_10y": 0, "publications_years": {"2018": 1}, "citations_years": {"2019": 1}, "old_citations": {"2018": 1}, "isVisible": false}}, "countries": {"Netherlands": {"name": "Netherlands", "type": "country", "h5_index": 91, "num_publications": 5, "num_citations": 47, "num_publications_5y": 5, "num_citations_5y": 38, "num_publications_10y": 5, "num_citations_10y": 38, "publications_years": {"2014": 1, "2016": 4}, "citations_years": {"2014": 5, "2015": 4, "2016": 11, "2017": 5, "2018": 13, "2019": 6, "2020": 3}, "old_citations": {"2014": 34, "2016": 13}, "isVisible": false}, "Belgium": {"name": "Belgium", "type": "country", "h5_index": 72, "num_publications": 4, "num_citations": 53, "num_publications_5y": 2, "num_citations_5y": 26, "num_publications_10y": 3, "num_citations_10y": 40, "publications_years": {"2006": 1, "2011": 1, "2017": 1, "2016": 1}, "citations_years": {"2006": 1, "2007": 1, "2008": 2, "2009": 4, "2010": 2, "2011": 2, "2012": 3, "2013": 3, "2014": 4, "2015": 1, "2016": 2, "2017": 7, "2018": 12, "2019": 9}, "old_citations": {"2006": 34, "2011": 0, "2017": 13, "2016": 6}, "isVisible": false}, "Germany": {"name": "Germany", "type": "country", "h5_index": 139, "num_publications": 4, "num_citations": 24, "num_publications_5y": 4, "num_citations_5y": 14, "num_publications_10y": 4, "num_citations_10y": 14, "publications_years": {"2017": 2, "2016": 2}, "citations_years": {"2017": 4, "2018": 9, "2019": 8, "2020": 2, "2016": 1}, "old_citations": {"2017": 4, "2016": 20}, "isVisible": false}, "Brazil": {"name": "Brazil", "type": "country", "h5_index": 57, "num_publications": 3, "num_citations": 14, "num_publications_5y": 3, "num_citations_5y": 12, "num_publications_10y": 3, "num_citations_10y": 12, "publications_years": {"2016": 3}, "citations_years": {"2019": 2, "2017": 2, "2018": 3, "2015": 5, "2016": 2}, "old_citations": {"2016": 14}, "isVisible": false}, "Austria": {"name": "Austria", "type": "country", "h5_index": 71, "num_publications": 2, "num_citations": 4, "num_publications_5y": 2, "num_citations_5y": 3, "num_publications_10y": 2, "num_citations_10y": 3, "publications_years": {"2017": 1, "2016": 1}, "citations_years": {"2016": 1, "2017": 1, "2018": 1, "2019": 0, "2020": 1}, "old_citations": {"2017": 0, "2016": 4}, "isVisible": false}, "Israel": {"name": "Israel", "type": "country", "h5_index": 110, "num_publications": 2, "num_citations": 16, "num_publications_5y": 2, "num_citations_5y": 11, "num_publications_10y": 2, "num_citations_10y": 11, "publications_years": {"2016": 2}, "citations_years": {"2016": 2, "2017": 6, "2018": 3, "2019": 4, "2020": 1}, "old_citations": {"2016": 16}, "isVisible": false}, "Italy": {"name": "Italy", "type": "country", "h5_index": 94, "num_publications": 2, "num_citations": 41, "num_publications_5y": 2, "num_citations_5y": 36, "num_publications_10y": 2, "num_citations_10y": 36, "publications_years": {"2014": 1, "2016": 1}, "citations_years": {"2014": 5, "2015": 4, "2016": 9, "2017": 8, "2018": 10, "2019": 3, "2020": 2}, "old_citations": {"2014": 34, "2016": 7}, "isVisible": false}, "Spain": {"name": "Spain", "type": "country", "h5_index": 91, "num_publications": 2, "num_citations": 4, "num_publications_5y": 2, "num_citations_5y": 2, "num_publications_10y": 2, "num_citations_10y": 2, "publications_years": {"2016": 2}, "citations_years": {"2019": 2, "2017": 1, "2018": 1}, "old_citations": {"2016": 4}, "isVisible": false}, "Bosnia and Herzegovina": {"name": "Bosnia and Herzegovina", "type": "country", "h5_index": 17, "num_publications": 1, "num_citations": 3, "num_publications_5y": 1, "num_citations_5y": 3, "num_publications_10y": 1, "num_citations_10y": 3, "publications_years": {"2016": 1}, "citations_years": {"2016": 1, "2017": 2}, "old_citations": {"2016": 3}, "isVisible": false}, "Colombia": {"name": "Colombia", "type": "country", "h5_index": 30, "num_publications": 1, "num_citations": 2, "num_publications_5y": 1, "num_citations_5y": 2, "num_publications_10y": 1, "num_citations_10y": 2, "publications_years": {"2016": 1}, "citations_years": {"2018": 2}, "old_citations": {"2016": 2}, "isVisible": false}, "France": {"name": "France", "type": "country", "h5_index": 99, "num_publications": 1, "num_citations": 1, "num_publications_5y": 1, "num_citations_5y": 0, "num_publications_10y": 1, "num_citations_10y": 0, "publications_years": {"2018": 1}, "citations_years": {"2019": 1}, "old_citations": {"2018": 1}, "isVisible": false}, "Latvia": {"name": "Latvia", "type": "country", "h5_index": 18, "num_publications": 1, "num_citations": 6, "num_publications_5y": 0, "num_citations_5y": 1, "num_publications_10y": 0, "num_citations_10y": 6, "publications_years": {"2008": 1}, "citations_years": {"2009": 2, "2010": 1, "2011": 2, "2012": 0, "2013": 0, "2014": 0, "2015": 0, "2016": 0, "2017": 0, "2018": 1}, "old_citations": {"2008": 6}, "isVisible": false}, "Norway": {"name": "Norway", "type": "country", "h5_index": 56, "num_publications": 1, "num_citations": 1, "num_publications_5y": 1, "num_citations_5y": 1, "num_publications_10y": 1, "num_citations_10y": 1, "publications_years": {"2016": 1}, "citations_years": {"2016": 1}, "old_citations": {"2016": 1}, "isVisible": false}, "Portugal": {"name": "Portugal", "type": "country", "h5_index": 44, "num_publications": 1, "num_citations": 1, "num_publications_5y": 1, "num_citations_5y": 0, "num_publications_10y": 1, "num_citations_10y": 0, "publications_years": {"2016": 1}, "citations_years": {"2019": 1}, "old_citations": {"2016": 1}, "isVisible": false}, "Slovenia": {"name": "Slovenia", "type": "country", "h5_index": 36, "num_publications": 1, "num_citations": 3, "num_publications_5y": 1, "num_citations_5y": 3, "num_publications_10y": 1, "num_citations_10y": 3, "publications_years": {"2016": 1}, "citations_years": {"2017": 3}, "old_citations": {"2016": 3}, "isVisible": false}, "Sweden": {"name": "Sweden", "type": "country", "h5_index": 82, "num_publications": 1, "num_citations": 1, "num_publications_5y": 1, "num_citations_5y": 1, "num_publications_10y": 1, "num_citations_10y": 1, "publications_years": {"2017": 1}, "citations_years": {"2018": 1}, "old_citations": {"2017": 1}, "isVisible": false}, "United Kingdom": {"name": "United Kingdom", "type": "country", "h5_index": 172, "num_publications": 1, "num_citations": 1, "num_publications_5y": 0, "num_citations_5y": 0, "num_publications_10y": 1, "num_citations_10y": 1, "publications_years": {"2009": 1}, "citations_years": {"2009": 1}, "old_citations": {"2009": 1}, "isVisible": false}, "Vietnam": {"name": "Vietnam", "type": "country", "h5_index": 30, "num_publications": 1, "num_citations": 3, "num_publications_5y": 1, "num_citations_5y": 2, "num_publications_10y": 1, "num_citations_10y": 2, "publications_years": {"2016": 1}, "citations_years": {"2016": 1, "2017": 1, "2018": 0, "2019": 1}, "old_citations": {"2016": 3}, "isVisible": false}}}, "conference_comparison": {"computer science": {}}, "topics_dna": {"publications": {}, "citations": {"normalized": {}, "average": {}}}, "info": {"num_publications": 35, "num_citations": 197.0, "impact_factor": {"2008": 2.0, "2009": 2.0, "2010": 0.5, "2011": 0.0, "2012": 0.5, "2013": 0.0, "2014": 0, "2015": 4.0, "2016": 9.0, "2017": 1.1666666666666667, "2018": 1.0}, "publications_years": {"2016": 24, "2017": 4, "2011": 2, "2006": 1, "2008": 1, "2009": 1, "2014": 1, "2018": 1}, "citations_years": {"2006": 1, "2007": 1, "2008": 2, "2009": 7, "2010": 3, "2011": 6, "2012": 4, "2013": 3, "2014": 10, "2015": 10, "2016": 24, "2017": 38, "2018": 45, "2019": 36, "2020": 7}, "old_citations": {"2016": 97, "2017": 18, "2011": 6, "2006": 34, "2008": 6, "2009": 1, "2014": 34, "2018": 1}, "h5_index": 6}, "percentile": {"computer science": {"2016": 87, "2017": 93, "2011": 62, "2006": 96, "2008": 75, "2009": 55, "2014": 98, "2018": 79}}, "conference_ranking": {"computer science": {"2016": 537, "2017": 277, "2011": 1589, "2006": 155, "2008": 1055, "2009": 1898, "2014": 46, "2018": 875}}, "academia": {"num_publications": 27, "num_citations": 174, "publications_years": {"2006": 1, "2007": 0, "2008": 1, "2009": 1, "2010": 0, "2011": 1, "2012": 0, "2013": 0, "2014": 1, "2015": 0, "2016": 18, "2017": 4}, "old_citations": {"2006": 34, "2007": 0, "2008": 6, "2009": 1, "2010": 0, "2011": 0, "2012": 0, "2013": 0, "2014": 34, "2015": 0, "2016": 81, "2017": 18}, "num_publications_5y": 22, "num_citations_5y": 99, "num_publications_10y": 24, "num_citations_10y": 133}, "industry": {"num_publications": 0, "num_citations": 0, "publications_years": {}, "old_citations": {}, "num_publications_5y": 0, "num_citations_5y": 0, "num_publications_10y": 0, "num_citations_10y": 0}, "collaborative": {"num_publications": 0, "num_citations": 0, "publications_years": {}, "old_citations": {}, "num_publications_5y": 0, "num_citations_5y": 0, "num_publications_10y": 0, "num_citations_10y": 0}, "conferences": {}, "journals": {}, "organizations": {"publication_overall": ["KU Leuven", "Eindhoven University of Technology", "Ghent University", "Universidade Federal do Esp\u00edrito Santo", "University of Duisburg-Essen", "University of Haifa", "VU Amsterdam", "Federal University of Bahia", "French National Centre for Scientific Research", "Ho Chi Minh City University of Technology", "Norwegian University of Science and Technology", "Polytechnic University of Milan", "Riga Technical University", "Stockholm University", "TU Dresden", "Universidad de Los Andes", "University of Banja Luka", "University of Manchester", "University of Maribor", "University of Minho", "University of Santiago de Compostela", "University of Seville", "University of Stuttgart", "University of Trento", "University of Vienna", "Universit\u00e4t Innsbruck", "Utrecht University"], "citation_overall": ["KU Leuven", "University of Trento", "Utrecht University", "TU Dresden", "University of Haifa", "Universidade Federal do Esp\u00edrito Santo", "VU Amsterdam", "Polytechnic University of Milan", "Ghent University", "Riga Technical University", "Eindhoven University of Technology", "University of Stuttgart", "University of Vienna", "Ho Chi Minh City University of Technology", "University of Banja Luka", "University of Duisburg-Essen", "University of Maribor", "University of Santiago de Compostela", "Universidad de Los Andes", "Federal University of Bahia", "French National Centre for Scientific Research", "Norwegian University of Science and Technology", "Stockholm University", "University of Manchester", "University of Minho", "University of Seville", "Universit\u00e4t Innsbruck"], "publication_10_years": ["Eindhoven University of Technology", "Ghent University", "KU Leuven", "Universidade Federal do Esp\u00edrito Santo", "University of Duisburg-Essen", "University of Haifa", "VU Amsterdam", "Federal University of Bahia", "French National Centre for Scientific Research", "Ho Chi Minh City University of Technology", "Norwegian University of Science and Technology", "Polytechnic University of Milan", "Stockholm University", "TU Dresden", "Universidad de Los Andes", "University of Banja Luka", "University of Maribor", "University of Minho", "University of Santiago de Compostela", "University of Seville", "University of Stuttgart", "University of Trento", "University of Vienna", "Universit\u00e4t Innsbruck", "Utrecht University"], "citation_10_years": ["University of Trento", "Utrecht University", "TU Dresden", "University of Haifa", "KU Leuven", "Universidade Federal do Esp\u00edrito Santo", "VU Amsterdam", "Polytechnic University of Milan", "Ghent University", "Eindhoven University of Technology", "University of Stuttgart", "University of Vienna", "Ho Chi Minh City University of Technology", "University of Banja Luka", "University of Duisburg-Essen", "University of Maribor", "University of Santiago de Compostela", "Universidad de Los Andes", "Federal University of Bahia", "French National Centre for Scientific Research", "Norwegian University of Science and Technology", "Stockholm University", "University of Minho", "University of Seville", "Universit\u00e4t Innsbruck"], "publication_5_years": ["Eindhoven University of Technology", "Universidade Federal do Esp\u00edrito Santo", "University of Duisburg-Essen", "University of Haifa", "VU Amsterdam", "Federal University of Bahia", "French National Centre for Scientific Research", "Ghent University", "Ho Chi Minh City University of Technology", "KU Leuven", "Norwegian University of Science and Technology", "Polytechnic University of Milan", "Stockholm University", "TU Dresden", "Universidad de Los Andes", "University of Banja Luka", "University of Maribor", "University of Minho", "University of Santiago de Compostela", "University of Seville", "University of Stuttgart", "University of Vienna", "Universit\u00e4t Innsbruck"], "citation_5_years": ["TU Dresden", "University of Haifa", "KU Leuven", "Universidade Federal do Esp\u00edrito Santo", "VU Amsterdam", "Polytechnic University of Milan", "Ghent University", "Eindhoven University of Technology", "University of Stuttgart", "University of Vienna", "Ho Chi Minh City University of Technology", "University of Banja Luka", "University of Duisburg-Essen", "University of Maribor", "University of Santiago de Compostela", "Universidad de Los Andes", "Federal University of Bahia", "French National Centre for Scientific Research", "Norwegian University of Science and Technology", "Stockholm University", "University of Minho", "University of Seville", "Universit\u00e4t Innsbruck"]}, "countries": {"publication_overall": ["Netherlands", "Belgium", "Germany", "Brazil", "Austria", "Israel", "Italy", "Spain", "Bosnia and Herzegovina", "Colombia", "France", "Latvia", "Norway", "Portugal", "Slovenia", "Sweden", "United Kingdom", "Vietnam"], "citation_overall": ["Belgium", "Netherlands", "Italy", "Germany", "Israel", "Brazil", "Latvia", "Austria", "Spain", "Bosnia and Herzegovina", "Slovenia", "Vietnam", "Colombia", "France", "Norway", "Portugal", "Sweden", "United Kingdom"], "publication_10_years": ["Netherlands", "Germany", "Belgium", "Brazil", "Austria", "Israel", "Italy", "Spain", "Bosnia and Herzegovina", "Colombia", "France", "Norway", "Portugal", "Slovenia", "Sweden", "Vietnam"], "citation_10_years": ["Netherlands", "Italy", "Germany", "Belgium", "Israel", "Brazil", "Austria", "Spain", "Bosnia and Herzegovina", "Slovenia", "Vietnam", "Colombia", "France", "Norway", "Portugal", "Sweden"], "publication_5_years": ["Germany", "Netherlands", "Brazil", "Austria", "Belgium", "Israel", "Spain", "Bosnia and Herzegovina", "Colombia", "France", "Italy", "Norway", "Portugal", "Slovenia", "Sweden", "Vietnam"], "citation_5_years": ["Germany", "Belgium", "Israel", "Brazil", "Netherlands", "Italy", "Austria", "Spain", "Bosnia and Herzegovina", "Slovenia", "Vietnam", "Colombia", "France", "Norway", "Portugal", "Sweden"]}, "topics": {"publication_overall": ["computer science", "computer systems", "information systems", "business process", "software engineering", "information technology", "database systems", "engineering", "theoretical computer science", "administrative data processing", "enterprise resource management", "information management", "management information systems", "graph theory", "bpm", "business process modeling (bpm)", "business process management", "petri nets", "software design", "automation"], "citation_overall": ["computer science", "computer systems", "information systems", "business process", "software engineering", "database systems", "information technology", "engineering", "administrative data processing", "enterprise resource management", "information management", "management information systems", "bpm", "business process modeling (bpm)", "theoretical computer science", "computer programming", "object oriented programming", "internet", "computer networks", "bpmn"], "publication_10_years": ["computer science", "computer systems", "information systems", "business process", "software engineering", "database systems", "engineering", "information technology", "theoretical computer science", "administrative data processing", "enterprise resource management", "information management", "management information systems", "graph theory", "software design", "bpm", "business process modeling (bpm)", "petri nets", "automation", "business process management"], "citation_10_years": ["computer science", "computer systems", "information systems", "software engineering", "business process", "database systems", "information technology", "engineering", "computer networks", "administrative data processing", "enterprise resource management", "information management", "management information systems", "computer hardware", "theoretical computer science", "telecommunication networks", "telecommunication systems", "computer programming", "embedded systems", "object oriented programming"], "publication_5_years": ["computer science", "computer systems", "information systems", "business process", "software engineering", "database systems", "engineering", "information technology", "theoretical computer science", "administrative data processing", "enterprise resource management", "graph theory", "information management", "management information systems", "software design", "bpm", "business process modeling (bpm)", "petri nets", "automation", "computer networks"], "citation_5_years": ["computer science", "computer systems", "software engineering", "information systems", "business process", "database systems", "engineering", "information technology", "computer networks", "administrative data processing", "enterprise resource management", "information management", "management information systems", "computer hardware", "theoretical computer science", "communication systems", "telecommunication networks", "telecommunication systems", "wireless telecommunication systems", "computer programming"]}, "main_topics": ["computer science"], "authors": {"publication_overall": ["2138467178", "153925120", "305913891", "1983458687", "34489098", "125855633", "130246841", "134801423", "143288021", "144895361", "150896723", "172506942", "225424607", "235878137", "263345012", "270949118", "275672002", "285425672", "390620748", "685355900", "716314097", "737834871", "812635942", "1246307506", "1796619753", "1827895071", "1900472609", "1955757010", "1962710637", "1966312229", "1967899552", "1971991369", "1976053395", "2000218747", "2005850882", "2014405324", "2015831002", "2020110388", "2042241510", "2048010815", "2051348084", "2055902379", "2062119686", "2071186473", "2086939094", "2096096788", "2096267445", "2097025704", "2101052408", "2102976038", "2103303678", "2109468842", "2118952872", "2126010305", "2127483189", "2128435406", "2133985302", "2135219257", "2137484348", "2138711510", "2139661896", "2143064211", "2149913376", "2150767914", "2154212433", "2161618242", "2164877724", "2169456843", "2170257771", "2177266509", "2195483145", "2234181221", "2259328705", "2262514506", "2278166505", "2280139276", "2295829627", "2298156228", "2340213494", "2343348034", "2344328344", "2395246197", "2404800929", "2481228728", "2481266504", "2482687068", "2482918572", "2493479154", "2497010259", "2506282948", "2512433552", "2558456487", "2573016364", "2600970222", "2614636723", "2617817123", "2673774127", "2675166841", "2710814998", "2725850757"], "citation_overall": ["153925120", "144895361", "172506942", "390620748", "2086939094", "34489098", "1967899552", "2109468842", "2482918572", "1246307506", "1976053395", "2042241510", "2102976038", "2725850757", "2138467178", "305913891", "1983458687", "275672002", "737834871", "2014405324", "2128435406", "2138711510", "2139661896", "2278166505", "2506282948", "143288021", "685355900", "1962710637", "1971991369", "2118952872", "2177266509", "2234181221", "2262514506", "2298156228", "2614636723", "2617817123", "2673774127", "134801423", "2493479154", "285425672", "812635942", "1827895071", "2103303678", "2127483189", "2137484348", "2169456843", "125855633", "130246841", "150896723", "225424607", "235878137", "1900472609", "1955757010", "2015831002", "2126010305", "2133985302", "2149913376", "2150767914", "2195483145", "2295829627", "2395246197", "2481228728", "2497010259", "2573016364", "2675166841", "2710814998", "270949118", "2135219257", "2143064211", "2170257771", "2482687068", "263345012", "716314097", "1796619753", "2005850882", "2048010815", "2051348084", "2055902379", "2062119686", "2071186473", "2096096788", "2097025704", "2101052408", "2154212433", "2164877724", "2280139276", "2343348034", "2344328344", "2404800929", "2481266504", "2512433552", "2600970222", "2777367896", "2793499561", "2934684671", "1966312229", "2000218747", "2020110388", "2096267445", "2161618242"], "publication_10_years": ["2138467178", "305913891", "1983458687", "34489098", "125855633", "130246841", "134801423", "143288021", "144895361", "150896723", "153925120", "225424607", "235878137", "263345012", "270949118", "275672002", "285425672", "390620748", "685355900", "716314097", "737834871", "812635942", "1246307506", "1827895071", "1900472609", "1955757010", "1962710637", "1966312229", "1967899552", "1971991369", "1976053395", "2000218747", "2005850882", "2014405324", "2015831002", "2020110388", "2042241510", "2048010815", "2051348084", "2055902379", "2062119686", "2071186473", "2086939094", "2096267445", "2097025704", "2101052408", "2102976038", "2103303678", "2109468842", "2118952872", "2126010305", "2127483189", "2128435406", "2133985302", "2135219257", "2137484348", "2138711510", "2139661896", "2143064211", "2149913376", "2150767914", "2154212433", "2161618242", "2164877724", "2169456843", "2170257771", "2177266509", "2195483145", "2234181221", "2259328705", "2262514506", "2278166505", "2280139276", "2295829627", "2298156228", "2340213494", "2343348034", "2344328344", "2395246197", "2404800929", "2481228728", "2481266504", "2482687068", "2482918572", "2493479154", "2497010259", "2506282948", "2512433552", "2558456487", "2573016364", "2600970222", "2675166841", "2710814998", "2725850757", "2777367896", "2793499561", "2934684671"], "citation_10_years": ["144895361", "390620748", "2086939094", "34489098", "1967899552", "2109468842", "2482918572", "153925120", "1246307506", "1976053395", "2042241510", "2102976038", "2725850757", "2138467178", "305913891", "1983458687", "275672002", "737834871", "2014405324", "2128435406", "2138711510", "2139661896", "2278166505", "2506282948", "143288021", "685355900", "1962710637", "1971991369", "2118952872", "2177266509", "2234181221", "2262514506", "2298156228", "134801423", "2493479154", "285425672", "812635942", "1827895071", "2103303678", "2127483189", "2137484348", "2169456843", "125855633", "130246841", "150896723", "225424607", "235878137", "1900472609", "1955757010", "2015831002", "2126010305", "2133985302", "2149913376", "2150767914", "2195483145", "2295829627", "2395246197", "2481228728", "2497010259", "2573016364", "2675166841", "2710814998", "270949118", "2135219257", "2143064211", "2170257771", "2482687068", "263345012", "716314097", "2005850882", "2048010815", "2051348084", "2055902379", "2062119686", "2071186473", "2097025704", "2101052408", "2154212433", "2164877724", "2280139276", "2343348034", "2344328344", "2404800929", "2481266504", "2512433552", "2600970222", "2777367896", "2793499561", "2934684671", "1966312229", "2000218747", "2020110388", "2096267445", "2161618242", "2259328705", "2340213494", "2558456487"], "publication_5_years": ["2138467178", "305913891", "1983458687", "34489098", "125855633", "130246841", "134801423", "150896723", "153925120", "225424607", "235878137", "263345012", "270949118", "275672002", "285425672", "685355900", "716314097", "737834871", "812635942", "1246307506", "1827895071", "1900472609", "1955757010", "1967899552", "1971991369", "1976053395", "2000218747", "2005850882", "2014405324", "2015831002", "2042241510", "2048010815", "2051348084", "2055902379", "2062119686", "2071186473", "2097025704", "2101052408", "2102976038", "2103303678", "2109468842", "2118952872", "2126010305", "2127483189", "2128435406", "2133985302", "2135219257", "2137484348", "2138711510", "2139661896", "2143064211", "2149913376", "2150767914", "2154212433", "2161618242", "2164877724", "2169456843", "2170257771", "2177266509", "2195483145", "2234181221", "2262514506", "2278166505", "2280139276", "2295829627", "2340213494", "2343348034", "2344328344", "2395246197", "2404800929", "2481228728", "2481266504", "2482687068", "2482918572", "2493479154", "2497010259", "2506282948", "2512433552", "2558456487", "2573016364", "2600970222", "2675166841", "2710814998", "2725850757", "2777367896", "2793499561", "2934684671"], "citation_5_years": ["34489098", "1967899552", "2109468842", "2482918572", "153925120", "1246307506", "1976053395", "2042241510", "2102976038", "2725850757", "2138467178", "305913891", "1983458687", "275672002", "737834871", "2014405324", "2128435406", "2138711510", "2139661896", "2278166505", "2506282948", "685355900", "1971991369", "2118952872", "2177266509", "2234181221", "2262514506", "134801423", "2493479154", "285425672", "812635942", "1827895071", "2103303678", "2127483189", "2137484348", "2169456843", "125855633", "130246841", "150896723", "225424607", "235878137", "1900472609", "1955757010", "2015831002", "2126010305", "2133985302", "2149913376", "2150767914", "2195483145", "2295829627", "2395246197", "2481228728", "2497010259", "2573016364", "2675166841", "2710814998", "270949118", "2135219257", "2143064211", "2170257771", "2482687068", "263345012", "716314097", "2005850882", "2048010815", "2051348084", "2055902379", "2062119686", "2071186473", "2097025704", "2101052408", "2154212433", "2164877724", "2280139276", "2343348034", "2344328344", "2404800929", "2481266504", "2512433552", "2600970222", "2777367896", "2793499561", "2934684671", "2000218747", "2161618242", "2340213494", "2558456487"]}, "industrial_sectors": {"publication_overall": [], "citation_overall": [], "publication_10_years": [], "citation_10_years": [], "publication_5_years": [], "citation_5_years": []}}