{"name": "International Conference on Information Photonics", "acronym": "ICIP", "type": "conference", "uniqueEntities": {"organizations": {"Beijing University of Posts and Telecommunications": {"name": "Beijing University of Posts and Telecommunications", "type": "organization", "organization_type": "Education", "h_index": 107, "h5_index": 59, "num_publications": 11, "num_citations": 12, "num_publications_5y": 0, "num_citations_5y": 3, "num_publications_10y": 11, "num_citations_10y": 12, "publications_years": {"2011": 11}, "citations_years": {"2013": 5, "2012": 4, "2014": 1, "2016": 2}, "old_citations": {"2011": 12}, "isVisible": false}, "Agency for Science, Technology and Research": {"name": "Agency for Science, Technology and Research", "type": "organization", "organization_type": "Government", "h_index": 84, "h5_index": 37, "num_publications": 1, "num_citations": 6, "num_publications_5y": 0, "num_citations_5y": 3, "num_publications_10y": 1, "num_citations_10y": 3, "publications_years": {"2011": 1}, "citations_years": {"2015": 2, "2016": 1, "2017": 0, "2018": 0, "2019": 2, "2020": 1}, "old_citations": {"2011": 6}, "isVisible": false}, "Aletheia University": {"name": "Aletheia University", "type": "organization", "organization_type": "Education", "h_index": 22, "h5_index": 7, "num_publications": 1, "num_citations": 0, "num_publications_5y": 0, "num_citations_5y": 0, "num_publications_10y": 1, "num_citations_10y": 0, "publications_years": {"2011": 1}, "citations_years": {}, "old_citations": {"2011": 0}, "isVisible": false}, "Chinese University of Hong Kong": {"name": "Chinese University of Hong Kong", "type": "organization", "organization_type": "Education", "h_index": 190, "h5_index": 79, "num_publications": 1, "num_citations": 0, "num_publications_5y": 0, "num_citations_5y": 0, "num_publications_10y": 1, "num_citations_10y": 0, "publications_years": {"2011": 1}, "citations_years": {}, "old_citations": {"2011": 0}, "isVisible": false}, "Eindhoven University of Technology": {"name": "Eindhoven University of Technology", "type": "organization", "organization_type": "Education", "h_index": 159, "h5_index": 40, "num_publications": 1, "num_citations": 1, "num_publications_5y": 0, "num_citations_5y": 0, "num_publications_10y": 1, "num_citations_10y": 1, "publications_years": {"2011": 1}, "citations_years": {"2011": 1}, "old_citations": {"2011": 1}, "isVisible": false}, "Feng Chia University": {"name": "Feng Chia University", "type": "organization", "organization_type": "Education", "h_index": 60, "h5_index": 19, "num_publications": 1, "num_citations": 1, "num_publications_5y": 0, "num_citations_5y": 0, "num_publications_10y": 1, "num_citations_10y": 1, "publications_years": {"2011": 1}, "citations_years": {"2012": 1}, "old_citations": {"2011": 1}, "isVisible": false}, "Hong Kong Productivity Council": {"name": "Hong Kong Productivity Council", "type": "organization", "organization_type": "Other", "h_index": 4, "h5_index": 2, "num_publications": 1, "num_citations": 4, "num_publications_5y": 0, "num_citations_5y": 0, "num_publications_10y": 1, "num_citations_10y": 4, "publications_years": {"2011": 1}, "citations_years": {"2012": 3, "2013": 1}, "old_citations": {"2011": 4}, "isVisible": false}, "ITRI International": {"name": "ITRI International", "type": "organization", "organization_type": "Facility", "h_index": 63, "h5_index": 12, "num_publications": 1, "num_citations": 4, "num_publications_5y": 0, "num_citations_5y": 0, "num_publications_10y": 1, "num_citations_10y": 4, "publications_years": {"2011": 1}, "citations_years": {"2012": 3, "2013": 1}, "old_citations": {"2011": 4}, "isVisible": false}, "Institute for Infocomm Research": {"name": "Institute for Infocomm Research", "type": "organization", "organization_type": "Facility", "h_index": 118, "h5_index": 33, "num_publications": 1, "num_citations": 2, "num_publications_5y": 0, "num_citations_5y": 1, "num_publications_10y": 1, "num_citations_10y": 2, "publications_years": {"2011": 1}, "citations_years": {"2013": 1, "2014": 0, "2015": 0, "2016": 0, "2017": 0, "2018": 1}, "old_citations": {"2011": 2}, "isVisible": false}, "Karlsruhe Institute of Technology": {"name": "Karlsruhe Institute of Technology", "type": "organization", "organization_type": "Education", "h_index": 156, "h5_index": 37, "num_publications": 1, "num_citations": 0, "num_publications_5y": 0, "num_citations_5y": 0, "num_publications_10y": 1, "num_citations_10y": 0, "publications_years": {"2011": 1}, "citations_years": {}, "old_citations": {"2011": 0}, "isVisible": false}, "McGill University": {"name": "McGill University", "type": "organization", "organization_type": "Education", "h_index": 142, "h5_index": 47, "num_publications": 1, "num_citations": 0, "num_publications_5y": 0, "num_citations_5y": 0, "num_publications_10y": 1, "num_citations_10y": 0, "publications_years": {"2011": 1}, "citations_years": {}, "old_citations": {"2011": 0}, "isVisible": false}, "Nanchang Hangkong University": {"name": "Nanchang Hangkong University", "type": "organization", "organization_type": "Education", "h_index": 17, "h5_index": 10, "num_publications": 1, "num_citations": 0, "num_publications_5y": 0, "num_citations_5y": 0, "num_publications_10y": 1, "num_citations_10y": 0, "publications_years": {"2011": 1}, "citations_years": {}, "old_citations": {"2011": 0}, "isVisible": false}, "National Chiao Tung University": {"name": "National Chiao Tung University", "type": "organization", "organization_type": "Education", "h_index": 130, "h5_index": 31, "num_publications": 1, "num_citations": 4, "num_publications_5y": 0, "num_citations_5y": 0, "num_publications_10y": 1, "num_citations_10y": 4, "publications_years": {"2011": 1}, "citations_years": {"2012": 3, "2013": 1}, "old_citations": {"2011": 4}, "isVisible": false}, "National Taiwan Normal University": {"name": "National Taiwan Normal University", "type": "organization", "organization_type": "Education", "h_index": 52, "h5_index": 18, "num_publications": 1, "num_citations": 1, "num_publications_5y": 0, "num_citations_5y": 0, "num_publications_10y": 1, "num_citations_10y": 1, "publications_years": {"2011": 1}, "citations_years": {"2012": 1}, "old_citations": {"2011": 1}, "isVisible": false}, "Oracle (United States)": {"name": "Oracle (United States)", "type": "organization", "organization_type": "Company", "h_index": 116, "h5_index": 19, "num_publications": 1, "num_citations": 0, "num_publications_5y": 0, "num_citations_5y": 0, "num_publications_10y": 1, "num_citations_10y": 0, "publications_years": {"2011": 1}, "citations_years": {}, "old_citations": {"2011": 0}, "isVisible": false}, "Osaka University": {"name": "Osaka University", "type": "organization", "organization_type": "Education", "h_index": 100, "h5_index": 31, "num_publications": 1, "num_citations": 3, "num_publications_5y": 0, "num_citations_5y": 3, "num_publications_10y": 1, "num_citations_10y": 3, "publications_years": {"2011": 1}, "citations_years": {"2014": 2, "2015": 1}, "old_citations": {"2011": 3}, "isVisible": false}, "Polytechnic University of Milan": {"name": "Polytechnic University of Milan", "type": "organization", "organization_type": "Education", "h_index": 126, "h5_index": 42, "num_publications": 1, "num_citations": 1, "num_publications_5y": 0, "num_citations_5y": 0, "num_publications_10y": 1, "num_citations_10y": 1, "publications_years": {"2011": 1}, "citations_years": {"2012": 1}, "old_citations": {"2011": 1}, "isVisible": false}, "Princeton University": {"name": "Princeton University", "type": "organization", "organization_type": "Education", "h_index": 310, "h5_index": 74, "num_publications": 1, "num_citations": 5, "num_publications_5y": 0, "num_citations_5y": 3, "num_publications_10y": 1, "num_citations_10y": 5, "publications_years": {"2011": 1}, "citations_years": {"2010": 1, "2011": 0, "2012": 0, "2013": 1, "2014": 0, "2015": 0, "2016": 1, "2017": 1, "2018": 1}, "old_citations": {"2011": 5}, "isVisible": false}, "St. John's University": {"name": "St. John's University", "type": "organization", "organization_type": "Education", "h_index": 44, "h5_index": 19, "num_publications": 1, "num_citations": 1, "num_publications_5y": 0, "num_citations_5y": 0, "num_publications_10y": 1, "num_citations_10y": 1, "publications_years": {"2011": 1}, "citations_years": {"2012": 1}, "old_citations": {"2011": 1}, "isVisible": false}, "Swinburne University of Technology": {"name": "Swinburne University of Technology", "type": "organization", "organization_type": "Education", "h_index": 83, "h5_index": 37, "num_publications": 1, "num_citations": 1, "num_publications_5y": 0, "num_citations_5y": 0, "num_publications_10y": 1, "num_citations_10y": 1, "publications_years": {"2011": 1}, "citations_years": {"2011": 1}, "old_citations": {"2011": 1}, "isVisible": false}, "Technical University of Denmark": {"name": "Technical University of Denmark", "type": "organization", "organization_type": "Education", "h_index": 106, "h5_index": 36, "num_publications": 1, "num_citations": 2, "num_publications_5y": 0, "num_citations_5y": 1, "num_publications_10y": 1, "num_citations_10y": 2, "publications_years": {"2011": 1}, "citations_years": {"2012": 1, "2013": 0, "2014": 1}, "old_citations": {"2011": 2}, "isVisible": false}, "Universitat Polit\u00e8cnica de Val\u00e8ncia": {"name": "Universitat Polit\u00e8cnica de Val\u00e8ncia", "type": "organization", "organization_type": "Education", "h_index": 83, "h5_index": 31, "num_publications": 1, "num_citations": 2, "num_publications_5y": 0, "num_citations_5y": 1, "num_publications_10y": 1, "num_citations_10y": 2, "publications_years": {"2011": 1}, "citations_years": {"2012": 1, "2013": 0, "2014": 0, "2015": 0, "2016": 0, "2017": 0, "2018": 1}, "old_citations": {"2011": 2}, "isVisible": false}, "University of Padua": {"name": "University of Padua", "type": "organization", "organization_type": "Education", "h_index": 107, "h5_index": 40, "num_publications": 1, "num_citations": 0, "num_publications_5y": 0, "num_citations_5y": 0, "num_publications_10y": 1, "num_citations_10y": 0, "publications_years": {"2011": 1}, "citations_years": {}, "old_citations": {"2011": 0}, "isVisible": false}, "University of Sydney": {"name": "University of Sydney", "type": "organization", "organization_type": "Education", "h_index": 133, "h5_index": 63, "num_publications": 1, "num_citations": 0, "num_publications_5y": 0, "num_citations_5y": 0, "num_publications_10y": 1, "num_citations_10y": 0, "publications_years": {"2011": 1}, "citations_years": {}, "old_citations": {"2011": 0}, "isVisible": false}, "VTT Technical Research Centre of Finland": {"name": "VTT Technical Research Centre of Finland", "type": "organization", "organization_type": "Nonprofit", "h_index": 49, "h5_index": 20, "num_publications": 1, "num_citations": 0, "num_publications_5y": 0, "num_citations_5y": 0, "num_publications_10y": 1, "num_citations_10y": 0, "publications_years": {"2011": 1}, "citations_years": {}, "old_citations": {"2011": 0}, "isVisible": false}, "Vrije Universiteit Brussel": {"name": "Vrije Universiteit Brussel", "type": "organization", "organization_type": "Education", "h_index": 76, "h5_index": 23, "num_publications": 1, "num_citations": 0, "num_publications_5y": 0, "num_citations_5y": 0, "num_publications_10y": 1, "num_citations_10y": 0, "publications_years": {"2011": 1}, "citations_years": {}, "old_citations": {"2011": 0}, "isVisible": false}}, "topics": {"computer science": {"name": "computer science", "type": "topic", "h_index": 1779, "h5_index": 416, "num_publications": 34, "num_citations": 41, "num_publications_5y": 0, "num_citations_5y": 15, "num_publications_10y": 34, "num_citations_10y": 38, "publications_years": {"2011": 34}, "citations_years": {"2013": 8, "2015": 3, "2016": 4, "2017": 1, "2018": 3, "2019": 2, "2020": 1, "2012": 12, "2011": 2, "2014": 4, "2010": 1}, "old_citations": {"2011": 41}, "isVisible": false}, "computer networks": {"name": "computer networks", "type": "topic", "h_index": 1262, "h5_index": 332, "num_publications": 33, "num_citations": 41, "num_publications_5y": 0, "num_citations_5y": 15, "num_publications_10y": 33, "num_citations_10y": 38, "publications_years": {"2011": 33}, "citations_years": {"2013": 8, "2015": 3, "2016": 4, "2017": 1, "2018": 3, "2019": 2, "2020": 1, "2012": 12, "2011": 2, "2014": 4, "2010": 1}, "old_citations": {"2011": 41}, "isVisible": false}, "computer systems": {"name": "computer systems", "type": "topic", "h_index": 1595, "h5_index": 367, "num_publications": 33, "num_citations": 41, "num_publications_5y": 0, "num_citations_5y": 15, "num_publications_10y": 33, "num_citations_10y": 38, "publications_years": {"2011": 33}, "citations_years": {"2013": 8, "2015": 3, "2016": 4, "2017": 1, "2018": 3, "2019": 2, "2020": 1, "2012": 12, "2011": 2, "2014": 4, "2010": 1}, "old_citations": {"2011": 41}, "isVisible": false}, "telecommunication systems": {"name": "telecommunication systems", "type": "topic", "h_index": 1187, "h5_index": 277, "num_publications": 31, "num_citations": 41, "num_publications_5y": 0, "num_citations_5y": 15, "num_publications_10y": 31, "num_citations_10y": 38, "publications_years": {"2011": 31}, "citations_years": {"2013": 8, "2015": 3, "2016": 4, "2017": 1, "2018": 3, "2019": 2, "2020": 1, "2012": 12, "2011": 2, "2014": 4, "2010": 1}, "old_citations": {"2011": 41}, "isVisible": false}, "communication systems": {"name": "communication systems", "type": "topic", "h_index": 1092, "h5_index": 254, "num_publications": 28, "num_citations": 29, "num_publications_5y": 0, "num_citations_5y": 9, "num_publications_10y": 28, "num_citations_10y": 29, "publications_years": {"2011": 28}, "citations_years": {"2013": 7, "2012": 11, "2011": 2, "2014": 4, "2015": 1, "2016": 2, "2017": 0, "2018": 2}, "old_citations": {"2011": 29}, "isVisible": false}, "computer hardware": {"name": "computer hardware", "type": "topic", "h_index": 1150, "h5_index": 279, "num_publications": 28, "num_citations": 36, "num_publications_5y": 0, "num_citations_5y": 10, "num_publications_10y": 28, "num_citations_10y": 33, "publications_years": {"2011": 28}, "citations_years": {"2013": 8, "2015": 2, "2016": 2, "2017": 1, "2018": 3, "2019": 2, "2020": 1, "2012": 12, "2011": 2, "2010": 1, "2014": 2}, "old_citations": {"2011": 36}, "isVisible": false}, "wireless telecommunication systems": {"name": "wireless telecommunication systems", "type": "topic", "h_index": 1087, "h5_index": 254, "num_publications": 28, "num_citations": 29, "num_publications_5y": 0, "num_citations_5y": 9, "num_publications_10y": 28, "num_citations_10y": 29, "publications_years": {"2011": 28}, "citations_years": {"2013": 7, "2012": 11, "2011": 2, "2014": 4, "2015": 1, "2016": 2, "2017": 0, "2018": 2}, "old_citations": {"2011": 29}, "isVisible": false}, "sensors": {"name": "sensors", "type": "topic", "h_index": 960, "h5_index": 229, "num_publications": 26, "num_citations": 34, "num_publications_5y": 0, "num_citations_5y": 9, "num_publications_10y": 26, "num_citations_10y": 31, "publications_years": {"2011": 26}, "citations_years": {"2013": 7, "2015": 2, "2016": 2, "2017": 1, "2018": 2, "2019": 2, "2020": 1, "2012": 12, "2011": 2, "2010": 1, "2014": 2}, "old_citations": {"2011": 34}, "isVisible": false}, "telecommunication networks": {"name": "telecommunication networks", "type": "topic", "h_index": 1116, "h5_index": 258, "num_publications": 26, "num_citations": 38, "num_publications_5y": 0, "num_citations_5y": 14, "num_publications_10y": 26, "num_citations_10y": 35, "publications_years": {"2011": 26}, "citations_years": {"2013": 7, "2015": 3, "2016": 4, "2017": 1, "2018": 2, "2019": 2, "2020": 1, "2012": 11, "2011": 2, "2014": 4, "2010": 1}, "old_citations": {"2011": 38}, "isVisible": false}, "telecommunication traffic": {"name": "telecommunication traffic", "type": "topic", "h_index": 1036, "h5_index": 233, "num_publications": 25, "num_citations": 38, "num_publications_5y": 0, "num_citations_5y": 14, "num_publications_10y": 25, "num_citations_10y": 35, "publications_years": {"2011": 25}, "citations_years": {"2013": 7, "2015": 3, "2016": 4, "2017": 1, "2018": 2, "2019": 2, "2020": 1, "2012": 11, "2011": 2, "2014": 4, "2010": 1}, "old_citations": {"2011": 38}, "isVisible": false}, "bandwidth": {"name": "bandwidth", "type": "topic", "h_index": 922, "h5_index": 201, "num_publications": 24, "num_citations": 30, "num_publications_5y": 0, "num_citations_5y": 11, "num_publications_10y": 24, "num_citations_10y": 27, "publications_years": {"2011": 24}, "citations_years": {"2013": 6, "2015": 2, "2016": 4, "2017": 1, "2018": 2, "2019": 2, "2020": 1, "2012": 7, "2011": 2, "2010": 1, "2014": 2}, "old_citations": {"2011": 30}, "isVisible": false}, "fiber optic networks": {"name": "fiber optic networks", "type": "topic", "h_index": 431, "h5_index": 112, "num_publications": 23, "num_citations": 32, "num_publications_5y": 0, "num_citations_5y": 10, "num_publications_10y": 23, "num_citations_10y": 29, "publications_years": {"2011": 23}, "citations_years": {"2013": 7, "2015": 2, "2016": 4, "2017": 1, "2018": 1, "2019": 2, "2020": 1, "2012": 11, "2010": 1, "2011": 0, "2014": 2}, "old_citations": {"2011": 32}, "isVisible": false}, "optical fibers": {"name": "optical fibers", "type": "topic", "h_index": 457, "h5_index": 111, "num_publications": 23, "num_citations": 32, "num_publications_5y": 0, "num_citations_5y": 9, "num_publications_10y": 23, "num_citations_10y": 29, "publications_years": {"2011": 23}, "citations_years": {"2013": 7, "2015": 2, "2016": 2, "2017": 1, "2018": 2, "2019": 2, "2020": 1, "2012": 12, "2010": 1, "2011": 0, "2014": 2}, "old_citations": {"2011": 32}, "isVisible": false}, "engineering": {"name": "engineering", "type": "topic", "h_index": 1177, "h5_index": 287, "num_publications": 21, "num_citations": 28, "num_publications_5y": 0, "num_citations_5y": 10, "num_publications_10y": 21, "num_citations_10y": 28, "publications_years": {"2011": 21}, "citations_years": {"2013": 8, "2012": 7, "2011": 2, "2014": 4, "2015": 1, "2010": 1, "2016": 1, "2017": 1, "2018": 3}, "old_citations": {"2011": 28}, "isVisible": false}, "communication channels (information theory)": {"name": "communication channels (information theory)", "type": "topic", "h_index": 925, "h5_index": 216, "num_publications": 19, "num_citations": 26, "num_publications_5y": 0, "num_citations_5y": 9, "num_publications_10y": 19, "num_citations_10y": 26, "publications_years": {"2011": 19}, "citations_years": {"2013": 7, "2012": 8, "2011": 2, "2014": 4, "2015": 1, "2016": 2, "2017": 0, "2018": 2}, "old_citations": {"2011": 26}, "isVisible": false}, "data communication systems": {"name": "data communication systems", "type": "topic", "h_index": 1013, "h5_index": 234, "num_publications": 19, "num_citations": 26, "num_publications_5y": 0, "num_citations_5y": 8, "num_publications_10y": 19, "num_citations_10y": 26, "publications_years": {"2011": 19}, "citations_years": {"2013": 6, "2012": 10, "2011": 2, "2014": 4, "2015": 1, "2016": 2, "2017": 0, "2018": 1}, "old_citations": {"2011": 26}, "isVisible": false}, "computer imaging and vision": {"name": "computer imaging and vision", "type": "topic", "h_index": 1142, "h5_index": 334, "num_publications": 16, "num_citations": 20, "num_publications_5y": 0, "num_citations_5y": 9, "num_publications_10y": 16, "num_citations_10y": 17, "publications_years": {"2011": 16}, "citations_years": {"2015": 2, "2016": 2, "2017": 1, "2018": 3, "2019": 2, "2020": 1, "2012": 5, "2010": 1, "2011": 0, "2013": 2, "2014": 1}, "old_citations": {"2011": 20}, "isVisible": false}, "image processing": {"name": "image processing", "type": "topic", "h_index": 1113, "h5_index": 328, "num_publications": 16, "num_citations": 20, "num_publications_5y": 0, "num_citations_5y": 9, "num_publications_10y": 16, "num_citations_10y": 17, "publications_years": {"2011": 16}, "citations_years": {"2015": 2, "2016": 2, "2017": 1, "2018": 3, "2019": 2, "2020": 1, "2012": 5, "2010": 1, "2011": 0, "2013": 2, "2014": 1}, "old_citations": {"2011": 20}, "isVisible": false}, "signal processing": {"name": "signal processing", "type": "topic", "h_index": 1012, "h5_index": 255, "num_publications": 16, "num_citations": 21, "num_publications_5y": 0, "num_citations_5y": 10, "num_publications_10y": 16, "num_citations_10y": 21, "publications_years": {"2011": 16}, "citations_years": {"2012": 6, "2011": 1, "2014": 4, "2015": 1, "2010": 1, "2013": 3, "2016": 1, "2017": 1, "2018": 3}, "old_citations": {"2011": 21}, "isVisible": false}, "wavelength division multiplexing": {"name": "wavelength division multiplexing", "type": "topic", "h_index": 356, "h5_index": 92, "num_publications": 16, "num_citations": 22, "num_publications_5y": 0, "num_citations_5y": 4, "num_publications_10y": 16, "num_citations_10y": 22, "publications_years": {"2011": 16}, "citations_years": {"2013": 7, "2012": 10, "2010": 1, "2011": 0, "2014": 1, "2015": 0, "2016": 1, "2017": 1, "2018": 1}, "old_citations": {"2011": 22}, "isVisible": false}, "optical materials": {"name": "optical materials", "type": "topic", "h_index": 363, "h5_index": 93, "num_publications": 14, "num_citations": 21, "num_publications_5y": 0, "num_citations_5y": 4, "num_publications_10y": 14, "num_citations_10y": 21, "publications_years": {"2011": 14}, "citations_years": {"2013": 7, "2012": 9, "2010": 1, "2011": 0, "2014": 1, "2015": 0, "2016": 1, "2017": 1, "2018": 1}, "old_citations": {"2011": 21}, "isVisible": false}}, "authors": {"2125077268": {"name": "yongli zhao", "type": "author", "activity": 13, "h_index": 19, "h5_index": 11, "mag_id": "2125077268", "num_publications": 4, "num_citations": 3, "num_publications_5y": 0, "num_citations_5y": 0, "num_publications_10y": 4, "num_citations_10y": 3, "publications_years": {"2011": 4}, "citations_years": {"2013": 1, "2012": 2}, "old_citations": {"2011": 3}, "isVisible": false}, "2170529404": {"name": "xue chen", "type": "author", "activity": 12, "h_index": 8, "h5_index": 4, "mag_id": "2170529404", "num_publications": 4, "num_citations": 3, "num_publications_5y": 0, "num_citations_5y": 1, "num_publications_10y": 4, "num_citations_10y": 3, "publications_years": {"2011": 4}, "citations_years": {"2012": 2, "2014": 1}, "old_citations": {"2011": 3}, "isVisible": false}, "2335576855": {"name": "jie zhang", "type": "author", "activity": 21, "h_index": 22, "h5_index": 13, "mag_id": "2335576855", "num_publications": 4, "num_citations": 0, "num_publications_5y": 0, "num_citations_5y": 0, "num_publications_10y": 4, "num_citations_10y": 0, "publications_years": {"2011": 4}, "citations_years": {}, "old_citations": {"2011": 0}, "isVisible": false}, "2300669094": {"name": "lifang zhang", "type": "author", "activity": 3, "h_index": 2, "h5_index": 0, "mag_id": "2300669094", "num_publications": 3, "num_citations": 3, "num_publications_5y": 0, "num_citations_5y": 0, "num_publications_10y": 3, "num_citations_10y": 3, "publications_years": {"2011": 3}, "citations_years": {"2013": 1, "2012": 2}, "old_citations": {"2011": 3}, "isVisible": false}, "2500208926": {"name": "min zhang", "type": "author", "activity": 17, "h_index": 7, "h5_index": 5, "mag_id": "2500208926", "num_publications": 3, "num_citations": 3, "num_publications_5y": 0, "num_citations_5y": 0, "num_publications_10y": 3, "num_citations_10y": 3, "publications_years": {"2011": 3}, "citations_years": {"2013": 1, "2012": 2}, "old_citations": {"2011": 3}, "isVisible": false}, "1965416650": {"name": "jiuyu xie", "type": "author", "activity": 3, "h_index": 2, "h5_index": 0, "mag_id": "1965416650", "num_publications": 2, "num_citations": 2, "num_publications_5y": 0, "num_citations_5y": 0, "num_publications_10y": 2, "num_citations_10y": 2, "publications_years": {"2011": 2}, "citations_years": {"2012": 2}, "old_citations": {"2011": 2}, "isVisible": false}, "2231581117": {"name": "linna xia", "type": "author", "activity": 1, "h_index": 0, "h5_index": 0, "mag_id": "2231581117", "num_publications": 2, "num_citations": 0, "num_publications_5y": 0, "num_citations_5y": 0, "num_publications_10y": 2, "num_citations_10y": 0, "publications_years": {"2011": 2}, "citations_years": {}, "old_citations": {"2011": 0}, "isVisible": false}, "2294607384": {"name": "shengwei meng", "type": "author", "activity": 2, "h_index": 1, "h5_index": 0, "mag_id": "2294607384", "num_publications": 2, "num_citations": 3, "num_publications_5y": 0, "num_citations_5y": 0, "num_publications_10y": 2, "num_citations_10y": 3, "publications_years": {"2011": 2}, "citations_years": {"2013": 1, "2012": 2}, "old_citations": {"2011": 3}, "isVisible": false}, "2692477747": {"name": "hai huang", "type": "author", "activity": 3, "h_index": 2, "h5_index": 0, "mag_id": "2692477747", "num_publications": 2, "num_citations": 0, "num_publications_5y": 0, "num_citations_5y": 0, "num_publications_10y": 2, "num_citations_10y": 0, "publications_years": {"2011": 2}, "citations_years": {}, "old_citations": {"2011": 0}, "isVisible": false}, "69330685": {"name": "christof debaes", "type": "author", "activity": 14, "h_index": 3, "h5_index": 0, "mag_id": "69330685", "num_publications": 1, "num_citations": 0, "num_publications_5y": 0, "num_citations_5y": 0, "num_publications_10y": 1, "num_citations_10y": 0, "publications_years": {"2011": 1}, "citations_years": {}, "old_citations": {"2011": 0}, "isVisible": false}, "96090735": {"name": "victor garciamunoz", "type": "author", "activity": 1, "h_index": 1, "h5_index": 0, "mag_id": "96090735", "num_publications": 1, "num_citations": 2, "num_publications_5y": 0, "num_citations_5y": 1, "num_publications_10y": 1, "num_citations_10y": 2, "publications_years": {"2011": 1}, "citations_years": {"2012": 1, "2013": 0, "2014": 0, "2015": 0, "2016": 0, "2017": 0, "2018": 1}, "old_citations": {"2011": 2}, "isVisible": false}, "252132724": {"name": "paul r prucnal", "type": "author", "activity": 31, "h_index": 22, "h5_index": 7, "mag_id": "252132724", "num_publications": 1, "num_citations": 5, "num_publications_5y": 0, "num_citations_5y": 3, "num_publications_10y": 1, "num_citations_10y": 5, "publications_years": {"2011": 1}, "citations_years": {"2010": 1, "2011": 0, "2012": 0, "2013": 1, "2014": 0, "2015": 0, "2016": 1, "2017": 1, "2018": 1}, "old_citations": {"2011": 5}, "isVisible": false}, "285317484": {"name": "jon lexau", "type": "author", "activity": 20, "h_index": 10, "h5_index": 1, "mag_id": "285317484", "num_publications": 1, "num_citations": 0, "num_publications_5y": 0, "num_citations_5y": 0, "num_publications_10y": 1, "num_citations_10y": 0, "publications_years": {"2011": 1}, "citations_years": {}, "old_citations": {"2011": 0}, "isVisible": false}, "317660079": {"name": "arne leinse", "type": "author", "activity": 18, "h_index": 2, "h5_index": 2, "mag_id": "317660079", "num_publications": 1, "num_citations": 1, "num_publications_5y": 0, "num_citations_5y": 0, "num_publications_10y": 1, "num_citations_10y": 1, "publications_years": {"2011": 1}, "citations_years": {"2011": 1}, "old_citations": {"2011": 1}, "isVisible": false}, "411661769": {"name": "ji yuefeng", "type": "author", "activity": 17, "h_index": 7, "h5_index": 2, "mag_id": "411661769", "num_publications": 1, "num_citations": 1, "num_publications_5y": 0, "num_citations_5y": 0, "num_publications_10y": 1, "num_citations_10y": 1, "publications_years": {"2011": 1}, "citations_years": {"2012": 1}, "old_citations": {"2011": 1}, "isVisible": false}, "716952683": {"name": "ashok v krishnamoorthy", "type": "author", "activity": 26, "h_index": 17, "h5_index": 1, "mag_id": "716952683", "num_publications": 1, "num_citations": 0, "num_publications_5y": 0, "num_citations_5y": 0, "num_publications_10y": 1, "num_citations_10y": 0, "publications_years": {"2011": 1}, "citations_years": {}, "old_citations": {"2011": 0}, "isVisible": false}, "1297480181": {"name": "giampiero naletto", "type": "author", "activity": 15, "h_index": 4, "h5_index": 1, "mag_id": "1297480181", "num_publications": 1, "num_citations": 0, "num_publications_5y": 0, "num_citations_5y": 0, "num_publications_10y": 1, "num_citations_10y": 0, "publications_years": {"2011": 1}, "citations_years": {}, "old_citations": {"2011": 0}, "isVisible": false}, "1372729382": {"name": "h leeuwis", "type": "author", "activity": 1, "h_index": 1, "h5_index": 0, "mag_id": "1372729382", "num_publications": 1, "num_citations": 1, "num_publications_5y": 0, "num_citations_5y": 0, "num_publications_10y": 1, "num_citations_10y": 1, "publications_years": {"2011": 1}, "citations_years": {"2011": 1}, "old_citations": {"2011": 1}, "isVisible": false}, "1642339763": {"name": "r a minasian", "type": "author", "activity": 19, "h_index": 2, "h5_index": 1, "mag_id": "1642339763", "num_publications": 1, "num_citations": 0, "num_publications_5y": 0, "num_citations_5y": 0, "num_publications_10y": 1, "num_citations_10y": 0, "publications_years": {"2011": 1}, "citations_years": {}, "old_citations": {"2011": 0}, "isVisible": false}, "1651768166": {"name": "david rosenbluth", "type": "author", "activity": 2, "h_index": 2, "h5_index": 0, "mag_id": "1651768166", "num_publications": 1, "num_citations": 5, "num_publications_5y": 0, "num_citations_5y": 3, "num_publications_10y": 1, "num_citations_10y": 5, "publications_years": {"2011": 1}, "citations_years": {"2010": 1, "2011": 0, "2012": 0, "2013": 1, "2014": 0, "2015": 0, "2016": 1, "2017": 1, "2018": 1}, "old_citations": {"2011": 5}, "isVisible": false}, "1758567304": {"name": "michael galili", "type": "author", "activity": 13, "h_index": 3, "h5_index": 2, "mag_id": "1758567304", "num_publications": 1, "num_citations": 2, "num_publications_5y": 0, "num_citations_5y": 1, "num_publications_10y": 1, "num_citations_10y": 2, "publications_years": {"2011": 1}, "citations_years": {"2012": 1, "2013": 0, "2014": 1}, "old_citations": {"2011": 2}, "isVisible": false}, "1758918682": {"name": "timo aalto", "type": "author", "activity": 8, "h_index": 1, "h5_index": 0, "mag_id": "1758918682", "num_publications": 1, "num_citations": 0, "num_publications_5y": 0, "num_citations_5y": 0, "num_publications_10y": 1, "num_citations_10y": 0, "publications_years": {"2011": 1}, "citations_years": {}, "old_citations": {"2011": 0}, "isVisible": false}, "1857083672": {"name": "a ruizalba", "type": "author", "activity": 1, "h_index": 1, "h5_index": 0, "mag_id": "1857083672", "num_publications": 1, "num_citations": 2, "num_publications_5y": 0, "num_citations_5y": 1, "num_publications_10y": 1, "num_citations_10y": 2, "publications_years": {"2011": 1}, "citations_years": {"2012": 1, "2013": 0, "2014": 0, "2015": 0, "2016": 0, "2017": 0, "2018": 1}, "old_citations": {"2011": 2}, "isVisible": false}, "1863231049": {"name": "jens niegemann", "type": "author", "activity": 1, "h_index": 0, "h5_index": 0, "mag_id": "1863231049", "num_publications": 1, "num_citations": 0, "num_publications_5y": 0, "num_citations_5y": 0, "num_publications_10y": 1, "num_citations_10y": 0, "publications_years": {"2011": 1}, "citations_years": {}, "old_citations": {"2011": 0}, "isVisible": false}, "1866744876": {"name": "harm j s dorren", "type": "author", "activity": 18, "h_index": 6, "h5_index": 0, "mag_id": "1866744876", "num_publications": 1, "num_citations": 1, "num_publications_5y": 0, "num_citations_5y": 0, "num_publications_10y": 1, "num_citations_10y": 1, "publications_years": {"2011": 1}, "citations_years": {"2011": 1}, "old_citations": {"2011": 1}, "isVisible": false}, "1963945614": {"name": "o raz", "type": "author", "activity": 15, "h_index": 5, "h5_index": 1, "mag_id": "1963945614", "num_publications": 1, "num_citations": 1, "num_publications_5y": 0, "num_citations_5y": 0, "num_publications_10y": 1, "num_citations_10y": 1, "publications_years": {"2011": 1}, "citations_years": {"2011": 1}, "old_citations": {"2011": 1}, "isVisible": false}, "1967412567": {"name": "alberto dallarche", "type": "author", "activity": 5, "h_index": 1, "h5_index": 0, "mag_id": "1967412567", "num_publications": 1, "num_citations": 0, "num_publications_5y": 0, "num_citations_5y": 0, "num_publications_10y": 1, "num_citations_10y": 0, "publications_years": {"2011": 1}, "citations_years": {}, "old_citations": {"2011": 0}, "isVisible": false}, "1969655430": {"name": "paolo villoresi", "type": "author", "activity": 9, "h_index": 3, "h5_index": 1, "mag_id": "1969655430", "num_publications": 1, "num_citations": 0, "num_publications_5y": 0, "num_citations_5y": 0, "num_publications_10y": 1, "num_citations_10y": 0, "publications_years": {"2011": 1}, "citations_years": {}, "old_citations": {"2011": 0}, "isVisible": false}, "1998466406": {"name": "ivan capraro", "type": "author", "activity": 5, "h_index": 1, "h5_index": 0, "mag_id": "1998466406", "num_publications": 1, "num_citations": 0, "num_publications_5y": 0, "num_citations_5y": 0, "num_publications_10y": 1, "num_citations_10y": 0, "publications_years": {"2011": 1}, "citations_years": {}, "old_citations": {"2011": 0}, "isVisible": false}, "2011104887": {"name": "s di lucente", "type": "author", "activity": 4, "h_index": 5, "h5_index": 0, "mag_id": "2011104887", "num_publications": 1, "num_citations": 1, "num_publications_5y": 0, "num_citations_5y": 0, "num_publications_10y": 1, "num_citations_10y": 1, "publications_years": {"2011": 1}, "citations_years": {"2011": 1}, "old_citations": {"2011": 1}, "isVisible": false}, "2022676921": {"name": "ivan shubin", "type": "author", "activity": 5, "h_index": 5, "h5_index": 0, "mag_id": "2022676921", "num_publications": 1, "num_citations": 0, "num_publications_5y": 0, "num_citations_5y": 0, "num_publications_10y": 1, "num_citations_10y": 0, "publications_years": {"2011": 1}, "citations_years": {}, "old_citations": {"2011": 0}, "isVisible": false}, "2032395091": {"name": "leif katsuo oxenlowe", "type": "author", "activity": 19, "h_index": 6, "h5_index": 3, "mag_id": "2032395091", "num_publications": 1, "num_citations": 2, "num_publications_5y": 0, "num_citations_5y": 1, "num_publications_10y": 1, "num_citations_10y": 2, "publications_years": {"2011": 1}, "citations_years": {"2012": 1, "2013": 0, "2014": 1}, "old_citations": {"2011": 2}, "isVisible": false}, "2042109455": {"name": "jin yao", "type": "author", "activity": 3, "h_index": 2, "h5_index": 0, "mag_id": "2042109455", "num_publications": 1, "num_citations": 0, "num_publications_5y": 0, "num_citations_5y": 0, "num_publications_10y": 1, "num_citations_10y": 0, "publications_years": {"2011": 1}, "citations_years": {}, "old_citations": {"2011": 0}, "isVisible": false}, "2042160556": {"name": "michael vervaeke", "type": "author", "activity": 15, "h_index": 0, "h5_index": 0, "mag_id": "2042160556", "num_publications": 1, "num_citations": 0, "num_publications_5y": 0, "num_citations_5y": 0, "num_publications_10y": 1, "num_citations_10y": 0, "publications_years": {"2011": 1}, "citations_years": {}, "old_citations": {"2011": 0}, "isVisible": false}, "2051706827": {"name": "odile liboironladouceur", "type": "author", "activity": 17, "h_index": 7, "h5_index": 3, "mag_id": "2051706827", "num_publications": 1, "num_citations": 0, "num_publications_5y": 0, "num_citations_5y": 0, "num_publications_10y": 1, "num_citations_10y": 0, "publications_years": {"2011": 1}, "citations_years": {}, "old_citations": {"2011": 0}, "isVisible": false}, "2052754444": {"name": "antonio canciamilla", "type": "author", "activity": 4, "h_index": 1, "h5_index": 0, "mag_id": "2052754444", "num_publications": 1, "num_citations": 1, "num_publications_5y": 0, "num_citations_5y": 0, "num_publications_10y": 1, "num_citations_10y": 1, "publications_years": {"2011": 1}, "citations_years": {"2012": 1}, "old_citations": {"2011": 1}, "isVisible": false}, "2058232034": {"name": "e palushani", "type": "author", "activity": 4, "h_index": 2, "h5_index": 0, "mag_id": "2058232034", "num_publications": 1, "num_citations": 2, "num_publications_5y": 0, "num_citations_5y": 1, "num_publications_10y": 1, "num_citations_10y": 2, "publications_years": {"2011": 1}, "citations_years": {"2012": 1, "2013": 0, "2014": 1}, "old_citations": {"2011": 2}, "isVisible": false}, "2058747841": {"name": "hiren thacker", "type": "author", "activity": 8, "h_index": 4, "h5_index": 0, "mag_id": "2058747841", "num_publications": 1, "num_citations": 0, "num_publications_5y": 0, "num_citations_5y": 0, "num_publications_10y": 1, "num_citations_10y": 0, "publications_years": {"2011": 1}, "citations_years": {}, "old_citations": {"2011": 0}, "isVisible": false}, "2062435150": {"name": "francesco morichetti", "type": "author", "activity": 15, "h_index": 2, "h5_index": 2, "mag_id": "2062435150", "num_publications": 1, "num_citations": 1, "num_publications_5y": 0, "num_citations_5y": 0, "num_publications_10y": 1, "num_citations_10y": 1, "publications_years": {"2011": 1}, "citations_years": {"2012": 1}, "old_citations": {"2011": 1}, "isVisible": false}, "2077579129": {"name": "andrea tomaello", "type": "author", "activity": 2, "h_index": 1, "h5_index": 0, "mag_id": "2077579129", "num_publications": 1, "num_citations": 0, "num_publications_5y": 0, "num_citations_5y": 0, "num_publications_10y": 1, "num_citations_10y": 0, "publications_years": {"2011": 1}, "citations_years": {}, "old_citations": {"2011": 0}, "isVisible": false}, "2081635938": {"name": "phyu phyu mar yi lwin", "type": "author", "activity": 3, "h_index": 3, "h5_index": 0, "mag_id": "2081635938", "num_publications": 1, "num_citations": 6, "num_publications_5y": 0, "num_citations_5y": 3, "num_publications_10y": 1, "num_citations_10y": 3, "publications_years": {"2011": 1}, "citations_years": {"2015": 2, "2016": 1, "2017": 0, "2018": 0, "2019": 2, "2020": 1}, "old_citations": {"2011": 6}, "isVisible": false}, "2082703533": {"name": "kenichi kitayama", "type": "author", "activity": 29, "h_index": 21, "h5_index": 5, "mag_id": "2082703533", "num_publications": 1, "num_citations": 3, "num_publications_5y": 0, "num_citations_5y": 3, "num_publications_10y": 1, "num_citations_10y": 3, "publications_years": {"2011": 1}, "citations_years": {"2014": 2, "2015": 1}, "old_citations": {"2011": 3}, "isVisible": false}, "2087460430": {"name": "konstantin kravtsov", "type": "author", "activity": 5, "h_index": 5, "h5_index": 0, "mag_id": "2087460430", "num_publications": 1, "num_citations": 5, "num_publications_5y": 0, "num_citations_5y": 3, "num_publications_10y": 1, "num_citations_10y": 5, "publications_years": {"2011": 1}, "citations_years": {"2010": 1, "2011": 0, "2012": 0, "2013": 1, "2014": 0, "2015": 0, "2016": 1, "2017": 1, "2018": 1}, "old_citations": {"2011": 5}, "isVisible": false}, "2097884596": {"name": "huadong li", "type": "author", "activity": 2, "h_index": 1, "h5_index": 0, "mag_id": "2097884596", "num_publications": 1, "num_citations": 0, "num_publications_5y": 0, "num_citations_5y": 0, "num_publications_10y": 1, "num_citations_10y": 0, "publications_years": {"2011": 1}, "citations_years": {}, "old_citations": {"2011": 0}, "isVisible": false}, "2101033651": {"name": "runhong tang", "type": "author", "activity": 2, "h_index": 1, "h5_index": 0, "mag_id": "2101033651", "num_publications": 1, "num_citations": 0, "num_publications_5y": 0, "num_citations_5y": 0, "num_publications_10y": 1, "num_citations_10y": 0, "publications_years": {"2011": 1}, "citations_years": {}, "old_citations": {"2011": 0}, "isVisible": false}, "2103234165": {"name": "wanyi gu", "type": "author", "activity": 17, "h_index": 12, "h5_index": 2, "mag_id": "2103234165", "num_publications": 1, "num_citations": 0, "num_publications_5y": 0, "num_citations_5y": 0, "num_publications_10y": 1, "num_citations_10y": 0, "publications_years": {"2011": 1}, "citations_years": {}, "old_citations": {"2011": 0}, "isVisible": false}, "2104609506": {"name": "jintong lin", "type": "author", "activity": 17, "h_index": 6, "h5_index": 0, "mag_id": "2104609506", "num_publications": 1, "num_citations": 5, "num_publications_5y": 0, "num_citations_5y": 0, "num_publications_10y": 1, "num_citations_10y": 5, "publications_years": {"2011": 1}, "citations_years": {"2012": 1, "2013": 4}, "old_citations": {"2011": 5}, "isVisible": false}, "2105168312": {"name": "zhengfeng qian", "type": "author", "activity": 3, "h_index": 1, "h5_index": 0, "mag_id": "2105168312", "num_publications": 1, "num_citations": 0, "num_publications_5y": 0, "num_citations_5y": 0, "num_publications_10y": 1, "num_citations_10y": 0, "publications_years": {"2011": 1}, "citations_years": {}, "old_citations": {"2011": 0}, "isVisible": false}, "2107038195": {"name": "jing xu", "type": "author", "activity": 5, "h_index": 2, "h5_index": 0, "mag_id": "2107038195", "num_publications": 1, "num_citations": 2, "num_publications_5y": 0, "num_citations_5y": 1, "num_publications_10y": 1, "num_citations_10y": 2, "publications_years": {"2011": 1}, "citations_years": {"2012": 1, "2013": 0, "2014": 1}, "old_citations": {"2011": 2}, "isVisible": false}, "2109483556": {"name": "waldimar amaya", "type": "author", "activity": 11, "h_index": 2, "h5_index": 0, "mag_id": "2109483556", "num_publications": 1, "num_citations": 2, "num_publications_5y": 0, "num_citations_5y": 1, "num_publications_10y": 1, "num_citations_10y": 2, "publications_years": {"2011": 1}, "citations_years": {"2012": 1, "2013": 0, "2014": 0, "2015": 0, "2016": 0, "2017": 0, "2018": 1}, "old_citations": {"2011": 2}, "isVisible": false}, "2109807870": {"name": "dinesh patil", "type": "author", "activity": 4, "h_index": 6, "h5_index": 0, "mag_id": "2109807870", "num_publications": 1, "num_citations": 0, "num_publications_5y": 0, "num_citations_5y": 0, "num_publications_10y": 1, "num_citations_10y": 0, "publications_years": {"2011": 1}, "citations_years": {}, "old_citations": {"2011": 0}, "isVisible": false}, "2111927520": {"name": "xiaoqiang sun", "type": "author", "activity": 2, "h_index": 2, "h5_index": 0, "mag_id": "2111927520", "num_publications": 1, "num_citations": 5, "num_publications_5y": 0, "num_citations_5y": 0, "num_publications_10y": 1, "num_citations_10y": 5, "publications_years": {"2011": 1}, "citations_years": {"2012": 1, "2013": 4}, "old_citations": {"2011": 5}, "isVisible": false}, "2111969667": {"name": "kannan raj", "type": "author", "activity": 12, "h_index": 5, "h5_index": 0, "mag_id": "2111969667", "num_publications": 1, "num_citations": 0, "num_publications_5y": 0, "num_citations_5y": 0, "num_publications_10y": 1, "num_citations_10y": 0, "publications_years": {"2011": 1}, "citations_years": {}, "old_citations": {"2011": 0}, "isVisible": false}, "2113345447": {"name": "xiaoke yi", "type": "author", "activity": 16, "h_index": 1, "h5_index": 1, "mag_id": "2113345447", "num_publications": 1, "num_citations": 0, "num_publications_5y": 0, "num_citations_5y": 0, "num_publications_10y": 1, "num_citations_10y": 0, "publications_years": {"2011": 1}, "citations_years": {}, "old_citations": {"2011": 0}, "isVisible": false}, "2114199687": {"name": "sai chen", "type": "author", "activity": 7, "h_index": 2, "h5_index": 0, "mag_id": "2114199687", "num_publications": 1, "num_citations": 0, "num_publications_5y": 0, "num_citations_5y": 0, "num_publications_10y": 1, "num_citations_10y": 0, "publications_years": {"2011": 1}, "citations_years": {}, "old_citations": {"2011": 0}, "isVisible": false}, "2116240605": {"name": "xuewu xu", "type": "author", "activity": 12, "h_index": 4, "h5_index": 0, "mag_id": "2116240605", "num_publications": 1, "num_citations": 6, "num_publications_5y": 0, "num_citations_5y": 3, "num_publications_10y": 1, "num_citations_10y": 3, "publications_years": {"2011": 1}, "citations_years": {"2015": 2, "2016": 1, "2017": 0, "2018": 0, "2019": 2, "2020": 1}, "old_citations": {"2011": 6}, "isVisible": false}, "2117732269": {"name": "changyuan yu", "type": "author", "activity": 15, "h_index": 9, "h5_index": 2, "mag_id": "2117732269", "num_publications": 1, "num_citations": 2, "num_publications_5y": 0, "num_citations_5y": 1, "num_publications_10y": 1, "num_citations_10y": 2, "publications_years": {"2011": 1}, "citations_years": {"2013": 1, "2014": 0, "2015": 0, "2016": 0, "2017": 0, "2018": 1}, "old_citations": {"2011": 2}, "isVisible": false}, "2119188886": {"name": "yuechao pan", "type": "author", "activity": 11, "h_index": 8, "h5_index": 3, "mag_id": "2119188886", "num_publications": 1, "num_citations": 6, "num_publications_5y": 0, "num_citations_5y": 3, "num_publications_10y": 1, "num_citations_10y": 3, "publications_years": {"2011": 1}, "citations_years": {"2015": 2, "2016": 1, "2017": 0, "2018": 0, "2019": 2, "2020": 1}, "old_citations": {"2011": 6}, "isVisible": false}, "2123536300": {"name": "j capmany", "type": "author", "activity": 25, "h_index": 4, "h5_index": 2, "mag_id": "2123536300", "num_publications": 1, "num_citations": 2, "num_publications_5y": 0, "num_citations_5y": 1, "num_publications_10y": 1, "num_citations_10y": 2, "publications_years": {"2011": 1}, "citations_years": {"2012": 1, "2013": 0, "2014": 0, "2015": 0, "2016": 0, "2017": 0, "2018": 1}, "old_citations": {"2011": 2}, "isVisible": false}, "2130908070": {"name": "jian niu", "type": "author", "activity": 1, "h_index": 1, "h5_index": 0, "mag_id": "2130908070", "num_publications": 1, "num_citations": 5, "num_publications_5y": 0, "num_citations_5y": 0, "num_publications_10y": 1, "num_citations_10y": 5, "publications_years": {"2011": 1}, "citations_years": {"2012": 1, "2013": 4}, "old_citations": {"2011": 5}, "isVisible": false}, "2132936151": {"name": "ying luo", "type": "author", "activity": 3, "h_index": 1, "h5_index": 0, "mag_id": "2132936151", "num_publications": 1, "num_citations": 0, "num_publications_5y": 0, "num_citations_5y": 0, "num_publications_10y": 1, "num_citations_10y": 0, "publications_years": {"2011": 1}, "citations_years": {}, "old_citations": {"2011": 0}, "isVisible": false}, "2140110040": {"name": "j mora", "type": "author", "activity": 14, "h_index": 2, "h5_index": 1, "mag_id": "2140110040", "num_publications": 1, "num_citations": 2, "num_publications_5y": 0, "num_citations_5y": 1, "num_publications_10y": 1, "num_citations_10y": 2, "publications_years": {"2011": 1}, "citations_years": {"2012": 1, "2013": 0, "2014": 0, "2015": 0, "2016": 0, "2017": 0, "2018": 1}, "old_citations": {"2011": 2}, "isVisible": false}, "2140515968": {"name": "j e cunningham", "type": "author", "activity": 16, "h_index": 9, "h5_index": 0, "mag_id": "2140515968", "num_publications": 1, "num_citations": 0, "num_publications_5y": 0, "num_citations_5y": 0, "num_publications_10y": 1, "num_citations_10y": 0, "publications_years": {"2011": 1}, "citations_years": {}, "old_citations": {"2011": 0}, "isVisible": false}, "2142901997": {"name": "richard diehl", "type": "author", "activity": 1, "h_index": 0, "h5_index": 0, "mag_id": "2142901997", "num_publications": 1, "num_citations": 0, "num_publications_5y": 0, "num_citations_5y": 0, "num_publications_10y": 1, "num_citations_10y": 0, "publications_years": {"2011": 1}, "citations_years": {}, "old_citations": {"2011": 0}, "isVisible": false}, "2143476926": {"name": "m j michael wale", "type": "author", "activity": 20, "h_index": 2, "h5_index": 1, "mag_id": "2143476926", "num_publications": 1, "num_citations": 0, "num_publications_5y": 0, "num_citations_5y": 0, "num_publications_10y": 1, "num_citations_10y": 0, "publications_years": {"2011": 1}, "citations_years": {}, "old_citations": {"2011": 0}, "isVisible": false}, "2145146158": {"name": "frankie liu", "type": "author", "activity": 10, "h_index": 8, "h5_index": 0, "mag_id": "2145146158", "num_publications": 1, "num_citations": 0, "num_publications_5y": 0, "num_citations_5y": 0, "num_publications_10y": 1, "num_citations_10y": 0, "publications_years": {"2011": 1}, "citations_years": {}, "old_citations": {"2011": 0}, "isVisible": false}, "2153090166": {"name": "kun xu", "type": "author", "activity": 19, "h_index": 19, "h5_index": 10, "mag_id": "2153090166", "num_publications": 1, "num_citations": 5, "num_publications_5y": 0, "num_citations_5y": 0, "num_publications_10y": 1, "num_citations_10y": 5, "publications_years": {"2011": 1}, "citations_years": {"2012": 1, "2013": 4}, "old_citations": {"2011": 5}, "isVisible": false}, "2158982552": {"name": "xuezhe zheng", "type": "author", "activity": 17, "h_index": 10, "h5_index": 0, "mag_id": "2158982552", "num_publications": 1, "num_citations": 0, "num_publications_5y": 0, "num_citations_5y": 0, "num_publications_10y": 1, "num_citations_10y": 0, "publications_years": {"2011": 1}, "citations_years": {}, "old_citations": {"2011": 0}, "isVisible": false}, "2162225555": {"name": "kurt busch", "type": "author", "activity": 7, "h_index": 1, "h5_index": 1, "mag_id": "2162225555", "num_publications": 1, "num_citations": 0, "num_publications_5y": 0, "num_citations_5y": 0, "num_publications_10y": 1, "num_citations_10y": 0, "publications_years": {"2011": 1}, "citations_years": {}, "old_citations": {"2011": 0}, "isVisible": false}, "2172057046": {"name": "warren j gross", "type": "author", "activity": 23, "h_index": 34, "h5_index": 17, "mag_id": "2172057046", "num_publications": 1, "num_citations": 0, "num_publications_5y": 0, "num_citations_5y": 0, "num_publications_10y": 1, "num_citations_10y": 0, "publications_years": {"2011": 1}, "citations_years": {}, "old_citations": {"2011": 0}, "isVisible": false}, "2214865601": {"name": "yoni nazarathy", "type": "author", "activity": 13, "h_index": 6, "h5_index": 1, "mag_id": "2214865601", "num_publications": 1, "num_citations": 1, "num_publications_5y": 0, "num_citations_5y": 0, "num_publications_10y": 1, "num_citations_10y": 1, "publications_years": {"2011": 1}, "citations_years": {"2011": 1}, "old_citations": {"2011": 1}, "isVisible": false}, "2222182725": {"name": "a martinez", "type": "author", "activity": 17, "h_index": 3, "h5_index": 1, "mag_id": "2222182725", "num_publications": 1, "num_citations": 2, "num_publications_5y": 0, "num_citations_5y": 1, "num_publications_10y": 1, "num_citations_10y": 2, "publications_years": {"2011": 1}, "citations_years": {"2012": 1, "2013": 0, "2014": 0, "2015": 0, "2016": 0, "2017": 0, "2018": 1}, "old_citations": {"2011": 2}, "isVisible": false}, "2231163872": {"name": "pinghsien tsai", "type": "author", "activity": 1, "h_index": 0, "h5_index": 0, "mag_id": "2231163872", "num_publications": 1, "num_citations": 0, "num_publications_5y": 0, "num_citations_5y": 0, "num_publications_10y": 1, "num_citations_10y": 0, "publications_years": {"2011": 1}, "citations_years": {}, "old_citations": {"2011": 0}, "isVisible": false}, "2232319043": {"name": "a p shebentovskiy", "type": "author", "activity": 1, "h_index": 0, "h5_index": 0, "mag_id": "2232319043", "num_publications": 1, "num_citations": 0, "num_publications_5y": 0, "num_citations_5y": 0, "num_publications_10y": 1, "num_citations_10y": 0, "publications_years": {"2011": 1}, "citations_years": {}, "old_citations": {"2011": 0}, "isVisible": false}, "2235005317": {"name": "jingjing wang", "type": "author", "activity": 3, "h_index": 2, "h5_index": 0, "mag_id": "2235005317", "num_publications": 1, "num_citations": 0, "num_publications_5y": 0, "num_citations_5y": 0, "num_publications_10y": 1, "num_citations_10y": 0, "publications_years": {"2011": 1}, "citations_years": {}, "old_citations": {"2011": 0}, "isVisible": false}, "2238531609": {"name": "michael konig", "type": "author", "activity": 1, "h_index": 0, "h5_index": 0, "mag_id": "2238531609", "num_publications": 1, "num_citations": 0, "num_publications_5y": 0, "num_citations_5y": 0, "num_publications_10y": 1, "num_citations_10y": 0, "publications_years": {"2011": 1}, "citations_years": {}, "old_citations": {"2011": 0}, "isVisible": false}, "2240803760": {"name": "xian zhou", "type": "author", "activity": 5, "h_index": 5, "h5_index": 0, "mag_id": "2240803760", "num_publications": 1, "num_citations": 1, "num_publications_5y": 0, "num_citations_5y": 1, "num_publications_10y": 1, "num_citations_10y": 1, "publications_years": {"2011": 1}, "citations_years": {"2014": 1}, "old_citations": {"2011": 1}, "isVisible": false}, "2244219710": {"name": "mable p fok", "type": "author", "activity": 12, "h_index": 6, "h5_index": 1, "mag_id": "2244219710", "num_publications": 1, "num_citations": 5, "num_publications_5y": 0, "num_citations_5y": 3, "num_publications_10y": 1, "num_citations_10y": 5, "publications_years": {"2011": 1}, "citations_years": {"2010": 1, "2011": 0, "2012": 0, "2013": 1, "2014": 0, "2015": 0, "2016": 1, "2017": 1, "2018": 1}, "old_citations": {"2011": 5}, "isVisible": false}, "2246653068": {"name": "andrea melloni", "type": "author", "activity": 18, "h_index": 3, "h5_index": 2, "mag_id": "2246653068", "num_publications": 1, "num_citations": 1, "num_publications_5y": 0, "num_citations_5y": 0, "num_publications_10y": 1, "num_citations_10y": 1, "publications_years": {"2011": 1}, "citations_years": {"2012": 1}, "old_citations": {"2011": 1}, "isVisible": false}, "2252809188": {"name": "kirankumar r hiremath", "type": "author", "activity": 9, "h_index": 0, "h5_index": 0, "mag_id": "2252809188", "num_publications": 1, "num_citations": 0, "num_publications_5y": 0, "num_citations_5y": 0, "num_publications_10y": 1, "num_citations_10y": 0, "publications_years": {"2011": 1}, "citations_years": {}, "old_citations": {"2011": 0}, "isVisible": false}, "2285033395": {"name": "m n sakib", "type": "author", "activity": 14, "h_index": 4, "h5_index": 1, "mag_id": "2285033395", "num_publications": 1, "num_citations": 0, "num_publications_5y": 0, "num_citations_5y": 0, "num_publications_10y": 1, "num_citations_10y": 0, "publications_years": {"2011": 1}, "citations_years": {}, "old_citations": {"2011": 0}, "isVisible": false}, "2295092870": {"name": "jing wu", "type": "author", "activity": 18, "h_index": 14, "h5_index": 0, "mag_id": "2295092870", "num_publications": 1, "num_citations": 5, "num_publications_5y": 0, "num_citations_5y": 0, "num_publications_10y": 1, "num_citations_10y": 5, "publications_years": {"2011": 1}, "citations_years": {"2012": 1, "2013": 4}, "old_citations": {"2011": 5}, "isVisible": false}, "2302876127": {"name": "k w cheung", "type": "author", "activity": 25, "h_index": 10, "h5_index": 0, "mag_id": "2302876127", "num_publications": 1, "num_citations": 0, "num_publications_5y": 0, "num_citations_5y": 0, "num_publications_10y": 1, "num_citations_10y": 0, "publications_years": {"2011": 1}, "citations_years": {}, "old_citations": {"2011": 0}, "isVisible": false}, "2304115011": {"name": "jiawei han", "type": "author", "activity": 1, "h_index": 0, "h5_index": 0, "mag_id": "2304115011", "num_publications": 1, "num_citations": 0, "num_publications_5y": 0, "num_citations_5y": 0, "num_publications_10y": 1, "num_citations_10y": 0, "publications_years": {"2011": 1}, "citations_years": {}, "old_citations": {"2011": 0}, "isVisible": false}, "2304309812": {"name": "chiungliang chen", "type": "author", "activity": 1, "h_index": 0, "h5_index": 0, "mag_id": "2304309812", "num_publications": 1, "num_citations": 0, "num_publications_5y": 0, "num_citations_5y": 0, "num_publications_10y": 1, "num_citations_10y": 0, "publications_years": {"2011": 1}, "citations_years": {}, "old_citations": {"2011": 0}, "isVisible": false}, "2305538239": {"name": "jurgen van erps", "type": "author", "activity": 5, "h_index": 1, "h5_index": 0, "mag_id": "2305538239", "num_publications": 1, "num_citations": 0, "num_publications_5y": 0, "num_citations_5y": 0, "num_publications_10y": 1, "num_citations_10y": 0, "publications_years": {"2011": 1}, "citations_years": {}, "old_citations": {"2011": 0}, "isVisible": false}, "2307277587": {"name": "yuan gu", "type": "author", "activity": 1, "h_index": 1, "h5_index": 0, "mag_id": "2307277587", "num_publications": 1, "num_citations": 1, "num_publications_5y": 0, "num_citations_5y": 0, "num_publications_10y": 1, "num_citations_10y": 1, "publications_years": {"2011": 1}, "citations_years": {"2013": 1}, "old_citations": {"2011": 1}, "isVisible": false}, "2308041424": {"name": "li hui", "type": "author", "activity": 14, "h_index": 5, "h5_index": 1, "mag_id": "2308041424", "num_publications": 1, "num_citations": 1, "num_publications_5y": 0, "num_citations_5y": 0, "num_publications_10y": 1, "num_citations_10y": 1, "publications_years": {"2011": 1}, "citations_years": {"2012": 1}, "old_citations": {"2011": 1}, "isVisible": false}, "2309793502": {"name": "d roncelli", "type": "author", "activity": 1, "h_index": 1, "h5_index": 0, "mag_id": "2309793502", "num_publications": 1, "num_citations": 1, "num_publications_5y": 0, "num_citations_5y": 0, "num_publications_10y": 1, "num_citations_10y": 1, "publications_years": {"2011": 1}, "citations_years": {"2012": 1}, "old_citations": {"2011": 1}, "isVisible": false}, "2311320150": {"name": "a t clausen", "type": "author", "activity": 19, "h_index": 3, "h5_index": 1, "mag_id": "2311320150", "num_publications": 1, "num_citations": 2, "num_publications_5y": 0, "num_citations_5y": 1, "num_publications_10y": 1, "num_citations_10y": 2, "publications_years": {"2011": 1}, "citations_years": {"2012": 1, "2013": 0, "2014": 1}, "old_citations": {"2011": 2}, "isVisible": false}, "2313521800": {"name": "z x tang", "type": "author", "activity": 1, "h_index": 1, "h5_index": 0, "mag_id": "2313521800", "num_publications": 1, "num_citations": 5, "num_publications_5y": 0, "num_citations_5y": 0, "num_publications_10y": 1, "num_citations_10y": 5, "publications_years": {"2011": 1}, "citations_years": {"2012": 1, "2013": 4}, "old_citations": {"2011": 5}, "isVisible": false}, "2406907796": {"name": "c w chow", "type": "author", "activity": 15, "h_index": 9, "h5_index": 3, "mag_id": "2406907796", "num_publications": 1, "num_citations": 4, "num_publications_5y": 0, "num_citations_5y": 0, "num_publications_10y": 1, "num_citations_10y": 4, "publications_years": {"2011": 1}, "citations_years": {"2012": 3, "2013": 1}, "old_citations": {"2011": 4}, "isVisible": false}, "2430303703": {"name": "hui ding", "type": "author", "activity": 6, "h_index": 4, "h5_index": 1, "mag_id": "2430303703", "num_publications": 1, "num_citations": 0, "num_publications_5y": 0, "num_citations_5y": 0, "num_publications_10y": 1, "num_citations_10y": 0, "publications_years": {"2011": 1}, "citations_years": {}, "old_citations": {"2011": 0}, "isVisible": false}, "2433632633": {"name": "xiaobo meng", "type": "author", "activity": 3, "h_index": 1, "h5_index": 0, "mag_id": "2433632633", "num_publications": 1, "num_citations": 1, "num_publications_5y": 0, "num_citations_5y": 1, "num_publications_10y": 1, "num_citations_10y": 1, "publications_years": {"2011": 1}, "citations_years": {"2014": 1}, "old_citations": {"2011": 1}, "isVisible": false}, "2442221278": {"name": "a borst", "type": "author", "activity": 1, "h_index": 1, "h5_index": 0, "mag_id": "2442221278", "num_publications": 1, "num_citations": 1, "num_publications_5y": 0, "num_citations_5y": 0, "num_publications_10y": 1, "num_citations_10y": 1, "publications_years": {"2011": 1}, "citations_years": {"2011": 1}, "old_citations": {"2011": 1}, "isVisible": false}, "2444397758": {"name": "yu n zakharov", "type": "author", "activity": 1, "h_index": 0, "h5_index": 0, "mag_id": "2444397758", "num_publications": 1, "num_citations": 0, "num_publications_5y": 0, "num_citations_5y": 0, "num_publications_10y": 1, "num_citations_10y": 0, "publications_years": {"2011": 1}, "citations_years": {}, "old_citations": {"2011": 0}, "isVisible": false}, "2462628511": {"name": "hugo thienpont", "type": "author", "activity": 27, "h_index": 6, "h5_index": 1, "mag_id": "2462628511", "num_publications": 1, "num_citations": 0, "num_publications_5y": 0, "num_citations_5y": 0, "num_publications_10y": 1, "num_citations_10y": 0, "publications_years": {"2011": 1}, "citations_years": {}, "old_citations": {"2011": 0}, "isVisible": false}, "2471042124": {"name": "ron ho", "type": "author", "activity": 12, "h_index": 12, "h5_index": 1, "mag_id": "2471042124", "num_publications": 1, "num_citations": 0, "num_publications_5y": 0, "num_citations_5y": 0, "num_publications_10y": 1, "num_citations_10y": 0, "publications_years": {"2011": 1}, "citations_years": {}, "old_citations": {"2011": 0}, "isVisible": false}, "2472983915": {"name": "n calabretta", "type": "author", "activity": 21, "h_index": 15, "h5_index": 6, "mag_id": "2472983915", "num_publications": 1, "num_citations": 1, "num_publications_5y": 0, "num_citations_5y": 0, "num_publications_10y": 1, "num_citations_10y": 1, "publications_years": {"2011": 1}, "citations_years": {"2011": 1}, "old_citations": {"2011": 1}, "isVisible": false}, "2476374775": {"name": "rentao gu", "type": "author", "activity": 14, "h_index": 8, "h5_index": 4, "mag_id": "2476374775", "num_publications": 1, "num_citations": 2, "num_publications_5y": 0, "num_citations_5y": 2, "num_publications_10y": 1, "num_citations_10y": 2, "publications_years": {"2011": 1}, "citations_years": {"2016": 2}, "old_citations": {"2011": 2}, "isVisible": false}, "2959023762": {"name": "xinan liang", "type": "author", "activity": 4, "h_index": 2, "h5_index": 0, "mag_id": "2959023762", "num_publications": 1, "num_citations": 6, "num_publications_5y": 0, "num_citations_5y": 3, "num_publications_10y": 1, "num_citations_10y": 3, "publications_years": {"2011": 1}, "citations_years": {"2015": 2, "2016": 1, "2017": 0, "2018": 0, "2019": 2, "2020": 1}, "old_citations": {"2011": 6}, "isVisible": false}, "2643685920": {"name": "z s gong", "type": "author", "activity": 1, "h_index": 1, "h5_index": 0, "mag_id": "2643685920", "num_publications": 1, "num_citations": 5, "num_publications_5y": 0, "num_citations_5y": 0, "num_publications_10y": 1, "num_citations_10y": 5, "publications_years": {"2011": 1}, "citations_years": {"2012": 1, "2013": 4}, "old_citations": {"2011": 5}, "isVisible": false}, "2686274390": {"name": "yajie li", "type": "author", "activity": 10, "h_index": 3, "h5_index": 3, "mag_id": "2686274390", "num_publications": 1, "num_citations": 5, "num_publications_5y": 0, "num_citations_5y": 0, "num_publications_10y": 1, "num_citations_10y": 5, "publications_years": {"2011": 1}, "citations_years": {"2012": 1, "2013": 4}, "old_citations": {"2011": 5}, "isVisible": false}, "2600985651": {"name": "y f liu", "type": "author", "activity": 3, "h_index": 1, "h5_index": 0, "mag_id": "2600985651", "num_publications": 1, "num_citations": 4, "num_publications_5y": 0, "num_citations_5y": 0, "num_publications_10y": 1, "num_citations_10y": 4, "publications_years": {"2011": 1}, "citations_years": {"2012": 3, "2013": 1}, "old_citations": {"2011": 4}, "isVisible": false}, "2602704659": {"name": "yang liu", "type": "author", "activity": 10, "h_index": 2, "h5_index": 0, "mag_id": "2602704659", "num_publications": 1, "num_citations": 4, "num_publications_5y": 0, "num_citations_5y": 0, "num_publications_10y": 1, "num_citations_10y": 4, "publications_years": {"2011": 1}, "citations_years": {"2012": 3, "2013": 1}, "old_citations": {"2011": 4}, "isVisible": false}, "2880619557": {"name": "chienhung yeh", "type": "author", "activity": 14, "h_index": 8, "h5_index": 2, "mag_id": "2880619557", "num_publications": 1, "num_citations": 4, "num_publications_5y": 0, "num_citations_5y": 0, "num_publications_10y": 1, "num_citations_10y": 4, "publications_years": {"2011": 1}, "citations_years": {"2012": 3, "2013": 1}, "old_citations": {"2011": 4}, "isVisible": false}, "2595393354": {"name": "hao hu", "type": "author", "activity": 8, "h_index": 2, "h5_index": 0, "mag_id": "2595393354", "num_publications": 1, "num_citations": 2, "num_publications_5y": 0, "num_citations_5y": 1, "num_publications_10y": 1, "num_citations_10y": 2, "publications_years": {"2011": 1}, "citations_years": {"2012": 1, "2013": 0, "2014": 1}, "old_citations": {"2011": 2}, "isVisible": false}, "2596530343": {"name": "h c h mulvad", "type": "author", "activity": 6, "h_index": 2, "h5_index": 0, "mag_id": "2596530343", "num_publications": 1, "num_citations": 2, "num_publications_5y": 0, "num_citations_5y": 1, "num_publications_10y": 1, "num_citations_10y": 2, "publications_years": {"2011": 1}, "citations_years": {"2012": 1, "2013": 0, "2014": 1}, "old_citations": {"2011": 2}, "isVisible": false}, "2621142012": {"name": "hua ji", "type": "author", "activity": 5, "h_index": 2, "h5_index": 0, "mag_id": "2621142012", "num_publications": 1, "num_citations": 2, "num_publications_5y": 0, "num_citations_5y": 1, "num_publications_10y": 1, "num_citations_10y": 2, "publications_years": {"2011": 1}, "citations_years": {"2012": 1, "2013": 0, "2014": 1}, "old_citations": {"2011": 2}, "isVisible": false}, "2699922959": {"name": "lin zhang", "type": "author", "activity": 2, "h_index": 2, "h5_index": 0, "mag_id": "2699922959", "num_publications": 1, "num_citations": 2, "num_publications_5y": 0, "num_citations_5y": 2, "num_publications_10y": 1, "num_citations_10y": 2, "publications_years": {"2011": 1}, "citations_years": {"2016": 2}, "old_citations": {"2011": 2}, "isVisible": false}, "2719446990": {"name": "p jeppesen", "type": "author", "activity": 11, "h_index": 6, "h5_index": 0, "mag_id": "2719446990", "num_publications": 1, "num_citations": 2, "num_publications_5y": 0, "num_citations_5y": 1, "num_publications_10y": 1, "num_citations_10y": 2, "publications_years": {"2011": 1}, "citations_years": {"2012": 1, "2013": 0, "2014": 1}, "old_citations": {"2011": 2}, "isVisible": false}, "2779777214": {"name": "yuefeng ji", "type": "author", "activity": 22, "h_index": 16, "h5_index": 9, "mag_id": "2779777214", "num_publications": 1, "num_citations": 2, "num_publications_5y": 0, "num_citations_5y": 2, "num_publications_10y": 1, "num_citations_10y": 2, "publications_years": {"2011": 1}, "citations_years": {"2016": 2}, "old_citations": {"2011": 2}, "isVisible": false}, "2805883268": {"name": "wei chen", "type": "author", "activity": 11, "h_index": 7, "h5_index": 5, "mag_id": "2805883268", "num_publications": 1, "num_citations": 2, "num_publications_5y": 0, "num_citations_5y": 1, "num_publications_10y": 1, "num_citations_10y": 2, "publications_years": {"2011": 1}, "citations_years": {"2013": 1, "2014": 0, "2015": 0, "2016": 0, "2017": 0, "2018": 1}, "old_citations": {"2011": 2}, "isVisible": false}, "3004630931": {"name": "francois chin", "type": "author", "activity": 6, "h_index": 2, "h5_index": 0, "mag_id": "3004630931", "num_publications": 1, "num_citations": 2, "num_publications_5y": 0, "num_citations_5y": 1, "num_publications_10y": 1, "num_citations_10y": 2, "publications_years": {"2011": 1}, "citations_years": {"2013": 1, "2014": 0, "2015": 0, "2016": 0, "2017": 0, "2018": 1}, "old_citations": {"2011": 2}, "isVisible": false}, "3013603142": {"name": "yuen sam kwok", "type": "author", "activity": 1, "h_index": 1, "h5_index": 0, "mag_id": "3013603142", "num_publications": 1, "num_citations": 2, "num_publications_5y": 0, "num_citations_5y": 1, "num_publications_10y": 1, "num_citations_10y": 2, "publications_years": {"2011": 1}, "citations_years": {"2013": 1, "2014": 0, "2015": 0, "2016": 0, "2017": 0, "2018": 1}, "old_citations": {"2011": 2}, "isVisible": false}, "2525241957": {"name": "chau jern cheng", "type": "author", "activity": 27, "h_index": 4, "h5_index": 1, "mag_id": "2525241957", "num_publications": 1, "num_citations": 1, "num_publications_5y": 0, "num_citations_5y": 0, "num_publications_10y": 1, "num_citations_10y": 1, "publications_years": {"2011": 1}, "citations_years": {"2012": 1}, "old_citations": {"2011": 1}, "isVisible": false}, "2559434983": {"name": "sicong liu", "type": "author", "activity": 2, "h_index": 2, "h5_index": 0, "mag_id": "2559434983", "num_publications": 1, "num_citations": 1, "num_publications_5y": 0, "num_citations_5y": 1, "num_publications_10y": 1, "num_citations_10y": 1, "publications_years": {"2011": 1}, "citations_years": {"2014": 1}, "old_citations": {"2011": 1}, "isVisible": false}, "2589168496": {"name": "c ferrari", "type": "author", "activity": 5, "h_index": 1, "h5_index": 0, "mag_id": "2589168496", "num_publications": 1, "num_citations": 1, "num_publications_5y": 0, "num_citations_5y": 0, "num_publications_10y": 1, "num_citations_10y": 1, "publications_years": {"2011": 1}, "citations_years": {"2012": 1}, "old_citations": {"2011": 1}, "isVisible": false}, "2630423997": {"name": "a prak", "type": "author", "activity": 1, "h_index": 1, "h5_index": 0, "mag_id": "2630423997", "num_publications": 1, "num_citations": 1, "num_publications_5y": 0, "num_citations_5y": 0, "num_publications_10y": 1, "num_citations_10y": 1, "publications_years": {"2011": 1}, "citations_years": {"2011": 1}, "old_citations": {"2011": 1}, "isVisible": false}, "2661421918": {"name": "hongxiang wang", "type": "author", "activity": 14, "h_index": 5, "h5_index": 3, "mag_id": "2661421918", "num_publications": 1, "num_citations": 1, "num_publications_5y": 0, "num_citations_5y": 0, "num_publications_10y": 1, "num_citations_10y": 1, "publications_years": {"2011": 1}, "citations_years": {"2013": 1}, "old_citations": {"2011": 1}, "isVisible": false}, "2670719324": {"name": "gao yuan", "type": "author", "activity": 1, "h_index": 1, "h5_index": 0, "mag_id": "2670719324", "num_publications": 1, "num_citations": 1, "num_publications_5y": 0, "num_citations_5y": 0, "num_publications_10y": 1, "num_citations_10y": 1, "publications_years": {"2011": 1}, "citations_years": {"2012": 1}, "old_citations": {"2011": 1}, "isVisible": false}, "2711851079": {"name": "lichien lin", "type": "author", "activity": 1, "h_index": 1, "h5_index": 0, "mag_id": "2711851079", "num_publications": 1, "num_citations": 1, "num_publications_5y": 0, "num_citations_5y": 0, "num_publications_10y": 1, "num_citations_10y": 1, "publications_years": {"2011": 1}, "citations_years": {"2012": 1}, "old_citations": {"2011": 1}, "isVisible": false}, "2874284793": {"name": "hanyen tu", "type": "author", "activity": 7, "h_index": 1, "h5_index": 1, "mag_id": "2874284793", "num_publications": 1, "num_citations": 1, "num_publications_5y": 0, "num_citations_5y": 0, "num_publications_10y": 1, "num_citations_10y": 1, "publications_years": {"2011": 1}, "citations_years": {"2012": 1}, "old_citations": {"2011": 1}, "isVisible": false}, "2973546339": {"name": "r g heideman", "type": "author", "activity": 1, "h_index": 1, "h5_index": 0, "mag_id": "2973546339", "num_publications": 1, "num_citations": 1, "num_publications_5y": 0, "num_citations_5y": 0, "num_publications_10y": 1, "num_citations_10y": 1, "publications_years": {"2011": 1}, "citations_years": {"2011": 1}, "old_citations": {"2011": 1}, "isVisible": false}, "2974621832": {"name": "yita lee", "type": "author", "activity": 1, "h_index": 1, "h5_index": 0, "mag_id": "2974621832", "num_publications": 1, "num_citations": 1, "num_publications_5y": 0, "num_citations_5y": 0, "num_publications_10y": 1, "num_citations_10y": 1, "publications_years": {"2011": 1}, "citations_years": {"2012": 1}, "old_citations": {"2011": 1}, "isVisible": false}}, "countries": {"China": {"name": "China", "type": "country", "h5_index": 214, "num_publications": 14, "num_citations": 16, "num_publications_5y": 0, "num_citations_5y": 3, "num_publications_10y": 14, "num_citations_10y": 16, "publications_years": {"2011": 14}, "citations_years": {"2013": 6, "2012": 7, "2014": 1, "2016": 2}, "old_citations": {"2011": 16}, "isVisible": false}, "Taiwan": {"name": "Taiwan", "type": "country", "h5_index": 69, "num_publications": 4, "num_citations": 6, "num_publications_5y": 0, "num_citations_5y": 0, "num_publications_10y": 4, "num_citations_10y": 6, "publications_years": {"2011": 4}, "citations_years": {"2012": 5, "2013": 1}, "old_citations": {"2011": 6}, "isVisible": false}, "United States": {"name": "United States", "type": "country", "h5_index": 308, "num_publications": 4, "num_citations": 10, "num_publications_5y": 0, "num_citations_5y": 3, "num_publications_10y": 4, "num_citations_10y": 10, "publications_years": {"2011": 4}, "citations_years": {"2012": 4, "2010": 1, "2011": 0, "2013": 2, "2014": 0, "2015": 0, "2016": 1, "2017": 1, "2018": 1}, "old_citations": {"2011": 10}, "isVisible": false}, "Australia": {"name": "Australia", "type": "country", "h5_index": 141, "num_publications": 2, "num_citations": 1, "num_publications_5y": 0, "num_citations_5y": 0, "num_publications_10y": 2, "num_citations_10y": 1, "publications_years": {"2011": 2}, "citations_years": {"2011": 1}, "old_citations": {"2011": 1}, "isVisible": false}, "Italy": {"name": "Italy", "type": "country", "h5_index": 94, "num_publications": 2, "num_citations": 1, "num_publications_5y": 0, "num_citations_5y": 0, "num_publications_10y": 2, "num_citations_10y": 1, "publications_years": {"2011": 2}, "citations_years": {"2012": 1}, "old_citations": {"2011": 1}, "isVisible": false}, "Singapore": {"name": "Singapore", "type": "country", "h5_index": 105, "num_publications": 2, "num_citations": 8, "num_publications_5y": 0, "num_citations_5y": 4, "num_publications_10y": 2, "num_citations_10y": 5, "publications_years": {"2011": 2}, "citations_years": {"2015": 2, "2016": 1, "2017": 0, "2018": 1, "2019": 2, "2020": 1, "2013": 1, "2014": 0}, "old_citations": {"2011": 8}, "isVisible": false}, "Belgium": {"name": "Belgium", "type": "country", "h5_index": 72, "num_publications": 1, "num_citations": 0, "num_publications_5y": 0, "num_citations_5y": 0, "num_publications_10y": 1, "num_citations_10y": 0, "publications_years": {"2011": 1}, "citations_years": {}, "old_citations": {"2011": 0}, "isVisible": false}, "Canada": {"name": "Canada", "type": "country", "h5_index": 128, "num_publications": 1, "num_citations": 0, "num_publications_5y": 0, "num_citations_5y": 0, "num_publications_10y": 1, "num_citations_10y": 0, "publications_years": {"2011": 1}, "citations_years": {}, "old_citations": {"2011": 0}, "isVisible": false}, "Denmark": {"name": "Denmark", "type": "country", "h5_index": 65, "num_publications": 1, "num_citations": 2, "num_publications_5y": 0, "num_citations_5y": 1, "num_publications_10y": 1, "num_citations_10y": 2, "publications_years": {"2011": 1}, "citations_years": {"2012": 1, "2013": 0, "2014": 1}, "old_citations": {"2011": 2}, "isVisible": false}, "Finland": {"name": "Finland", "type": "country", "h5_index": 68, "num_publications": 1, "num_citations": 0, "num_publications_5y": 0, "num_citations_5y": 0, "num_publications_10y": 1, "num_citations_10y": 0, "publications_years": {"2011": 1}, "citations_years": {}, "old_citations": {"2011": 0}, "isVisible": false}, "Germany": {"name": "Germany", "type": "country", "h5_index": 139, "num_publications": 1, "num_citations": 0, "num_publications_5y": 0, "num_citations_5y": 0, "num_publications_10y": 1, "num_citations_10y": 0, "publications_years": {"2011": 1}, "citations_years": {}, "old_citations": {"2011": 0}, "isVisible": false}, "Japan": {"name": "Japan", "type": "country", "h5_index": 94, "num_publications": 1, "num_citations": 3, "num_publications_5y": 0, "num_citations_5y": 3, "num_publications_10y": 1, "num_citations_10y": 3, "publications_years": {"2011": 1}, "citations_years": {"2014": 2, "2015": 1}, "old_citations": {"2011": 3}, "isVisible": false}, "Netherlands": {"name": "Netherlands", "type": "country", "h5_index": 91, "num_publications": 1, "num_citations": 1, "num_publications_5y": 0, "num_citations_5y": 0, "num_publications_10y": 1, "num_citations_10y": 1, "publications_years": {"2011": 1}, "citations_years": {"2011": 1}, "old_citations": {"2011": 1}, "isVisible": false}, "Spain": {"name": "Spain", "type": "country", "h5_index": 91, "num_publications": 1, "num_citations": 2, "num_publications_5y": 0, "num_citations_5y": 1, "num_publications_10y": 1, "num_citations_10y": 2, "publications_years": {"2011": 1}, "citations_years": {"2012": 1, "2013": 0, "2014": 0, "2015": 0, "2016": 0, "2017": 0, "2018": 1}, "old_citations": {"2011": 2}, "isVisible": false}}, "industrial_sectors": {"computing_and_it": {"name": "computing_and_it", "type": "industrial sector", "h5_index": 221, "num_publications": 1, "num_citations": 0, "num_publications_5y": 0, "num_citations_5y": 0, "num_publications_10y": 1, "num_citations_10y": 0, "publications_years": {"2011": 1}, "citations_years": {}, "old_citations": {"2011": 0}, "isVisible": false}, "technology": {"name": "technology", "type": "industrial sector", "h5_index": 229, "num_publications": 1, "num_citations": 0, "num_publications_5y": 0, "num_citations_5y": 0, "num_publications_10y": 1, "num_citations_10y": 0, "publications_years": {"2011": 1}, "citations_years": {}, "old_citations": {"2011": 0}, "isVisible": false}}}, "conference_comparison": {"computer science": {}}, "topics_dna": {"publications": {}, "citations": {"normalized": {}, "average": {}}}, "info": {"num_publications": 34, "num_citations": 41.0, "impact_factor": {}, "publications_years": {"2011": 34}, "citations_years": {"2010": 1, "2011": 2, "2012": 12, "2013": 8, "2014": 4, "2015": 3, "2016": 4, "2017": 1, "2018": 3, "2019": 2, "2020": 1}, "old_citations": {"2011": 41}, "h5_index": 0}, "percentile": {"computer science": {"2011": 54}}, "conference_ranking": {"computer science": {"2011": 1953}}, "academia": {"num_publications": 21, "num_citations": 21, "publications_years": {"2011": 21}, "old_citations": {"2011": 21}, "num_publications_5y": 0, "num_citations_5y": 0, "num_publications_10y": 21, "num_citations_10y": 21}, "industry": {"num_publications": 1, "num_citations": 0, "publications_years": {"2011": 1}, "old_citations": {"2011": 0}, "num_publications_5y": 0, "num_citations_5y": 0, "num_publications_10y": 1, "num_citations_10y": 0}, "collaborative": {"num_publications": 0, "num_citations": 0, "publications_years": {}, "old_citations": {}, "num_publications_5y": 0, "num_citations_5y": 0, "num_publications_10y": 0, "num_citations_10y": 0}, "conferences": {}, "journals": {}, "organizations": {"publication_overall": ["Beijing University of Posts and Telecommunications", "Agency for Science, Technology and Research", "Aletheia University", "Chinese University of Hong Kong", "Eindhoven University of Technology", "Feng Chia University", "Hong Kong Productivity Council", "ITRI International", "Institute for Infocomm Research", "Karlsruhe Institute of Technology", "McGill University", "Nanchang Hangkong University", "National Chiao Tung University", "National Taiwan Normal University", "Oracle (United States)", "Osaka University", "Polytechnic University of Milan", "Princeton University", "St. John's University", "Swinburne University of Technology", "Technical University of Denmark", "Universitat Polit\u00e8cnica de Val\u00e8ncia", "University of Padua", "University of Sydney", "VTT Technical Research Centre of Finland", "Vrije Universiteit Brussel"], "citation_overall": ["Beijing University of Posts and Telecommunications", "Agency for Science, Technology and Research", "Princeton University", "Hong Kong Productivity Council", "ITRI International", "National Chiao Tung University", "Osaka University", "Institute for Infocomm Research", "Technical University of Denmark", "Universitat Polit\u00e8cnica de Val\u00e8ncia", "Eindhoven University of Technology", "Feng Chia University", "National Taiwan Normal University", "Polytechnic University of Milan", "St. John's University", "Swinburne University of Technology", "Aletheia University", "Chinese University of Hong Kong", "Karlsruhe Institute of Technology", "McGill University", "Nanchang Hangkong University", "Oracle (United States)", "University of Padua", "University of Sydney", "VTT Technical Research Centre of Finland", "Vrije Universiteit Brussel"], "publication_10_years": ["Beijing University of Posts and Telecommunications", "Agency for Science, Technology and Research", "Aletheia University", "Chinese University of Hong Kong", "Eindhoven University of Technology", "Feng Chia University", "Hong Kong Productivity Council", "ITRI International", "Institute for Infocomm Research", "Karlsruhe Institute of Technology", "McGill University", "Nanchang Hangkong University", "National Chiao Tung University", "National Taiwan Normal University", "Oracle (United States)", "Osaka University", "Polytechnic University of Milan", "Princeton University", "St. John's University", "Swinburne University of Technology", "Technical University of Denmark", "Universitat Polit\u00e8cnica de Val\u00e8ncia", "University of Padua", "University of Sydney", "VTT Technical Research Centre of Finland", "Vrije Universiteit Brussel"], "citation_10_years": ["Beijing University of Posts and Telecommunications", "Agency for Science, Technology and Research", "Princeton University", "Hong Kong Productivity Council", "ITRI International", "National Chiao Tung University", "Osaka University", "Institute for Infocomm Research", "Technical University of Denmark", "Universitat Polit\u00e8cnica de Val\u00e8ncia", "Eindhoven University of Technology", "Feng Chia University", "National Taiwan Normal University", "Polytechnic University of Milan", "St. John's University", "Swinburne University of Technology", "Aletheia University", "Chinese University of Hong Kong", "Karlsruhe Institute of Technology", "McGill University", "Nanchang Hangkong University", "Oracle (United States)", "University of Padua", "University of Sydney", "VTT Technical Research Centre of Finland", "Vrije Universiteit Brussel"], "publication_5_years": [], "citation_5_years": []}, "countries": {"publication_overall": ["China", "Taiwan", "United States", "Australia", "Italy", "Singapore", "Belgium", "Canada", "Denmark", "Finland", "Germany", "Japan", "Netherlands", "Spain"], "citation_overall": ["China", "United States", "Singapore", "Taiwan", "Japan", "Denmark", "Spain", "Australia", "Italy", "Netherlands", "Belgium", "Canada", "Finland", "Germany"], "publication_10_years": ["China", "Taiwan", "United States", "Australia", "Italy", "Singapore", "Belgium", "Canada", "Denmark", "Finland", "Germany", "Japan", "Netherlands", "Spain"], "citation_10_years": ["China", "United States", "Singapore", "Taiwan", "Japan", "Denmark", "Spain", "Australia", "Italy", "Netherlands", "Belgium", "Canada", "Finland", "Germany"], "publication_5_years": [], "citation_5_years": []}, "topics": {"publication_overall": ["computer science", "computer networks", "computer systems", "telecommunication systems", "communication systems", "computer hardware", "wireless telecommunication systems", "sensors", "telecommunication networks", "telecommunication traffic", "bandwidth", "fiber optic networks", "optical fibers", "engineering", "communication channels (information theory)", "data communication systems", "computer imaging and vision", "image processing", "signal processing", "wavelength division multiplexing"], "citation_overall": ["computer networks", "computer science", "computer systems", "telecommunication systems", "telecommunication networks", "telecommunication traffic", "computer hardware", "sensors", "fiber optic networks", "optical fibers", "bandwidth", "communication systems", "wireless telecommunication systems", "engineering", "communication channels (information theory)", "data communication systems", "wavelength division multiplexing", "optical materials", "signal processing", "computer imaging and vision"], "publication_10_years": ["computer science", "computer networks", "computer systems", "telecommunication systems", "communication systems", "computer hardware", "wireless telecommunication systems", "sensors", "telecommunication networks", "telecommunication traffic", "bandwidth", "fiber optic networks", "optical fibers", "engineering", "communication channels (information theory)", "data communication systems", "computer imaging and vision", "image processing", "signal processing", "wavelength division multiplexing"], "citation_10_years": ["computer networks", "computer science", "computer systems", "telecommunication systems", "telecommunication networks", "telecommunication traffic", "computer hardware", "sensors", "fiber optic networks", "optical fibers", "bandwidth", "communication systems", "wireless telecommunication systems", "engineering", "communication channels (information theory)", "data communication systems", "wavelength division multiplexing", "optical materials", "signal processing", "computer imaging and vision"], "publication_5_years": [], "citation_5_years": []}, "main_topics": ["computer science"], "authors": {"publication_overall": ["2125077268", "2170529404", "2335576855", "2300669094", "2500208926", "1965416650", "2231581117", "2294607384", "2692477747", "69330685", "96090735", "252132724", "285317484", "317660079", "411661769", "716952683", "1297480181", "1372729382", "1642339763", "1651768166", "1758567304", "1758918682", "1857083672", "1863231049", "1866744876", "1963945614", "1967412567", "1969655430", "1998466406", "2011104887", "2022676921", "2032395091", "2042109455", "2042160556", "2051706827", "2052754444", "2058232034", "2058747841", "2062435150", "2077579129", "2081635938", "2082703533", "2087460430", "2097884596", "2101033651", "2103234165", "2104609506", "2105168312", "2107038195", "2109483556", "2109807870", "2111927520", "2111969667", "2113345447", "2114199687", "2116240605", "2117732269", "2119188886", "2123536300", "2130908070", "2132936151", "2140110040", "2140515968", "2142901997", "2143476926", "2145146158", "2153090166", "2158982552", "2162225555", "2172057046", "2214865601", "2222182725", "2231163872", "2232319043", "2235005317", "2238531609", "2240803760", "2244219710", "2246653068", "2252809188", "2285033395", "2295092870", "2302876127", "2304115011", "2304309812", "2305538239", "2307277587", "2308041424", "2309793502", "2311320150", "2313521800", "2406907796", "2430303703", "2433632633", "2442221278", "2444397758", "2462628511", "2471042124", "2472983915", "2476374775"], "citation_overall": ["2081635938", "2116240605", "2119188886", "2959023762", "252132724", "1651768166", "2087460430", "2104609506", "2111927520", "2130908070", "2153090166", "2244219710", "2295092870", "2313521800", "2643685920", "2686274390", "2406907796", "2600985651", "2602704659", "2880619557", "2082703533", "2125077268", "2170529404", "2294607384", "2300669094", "2500208926", "96090735", "1758567304", "1857083672", "1965416650", "2032395091", "2058232034", "2107038195", "2109483556", "2117732269", "2123536300", "2140110040", "2222182725", "2311320150", "2476374775", "2595393354", "2596530343", "2621142012", "2699922959", "2719446990", "2779777214", "2805883268", "3004630931", "3013603142", "317660079", "411661769", "1372729382", "1866744876", "1963945614", "2011104887", "2052754444", "2062435150", "2214865601", "2240803760", "2246653068", "2307277587", "2308041424", "2309793502", "2433632633", "2442221278", "2472983915", "2525241957", "2559434983", "2589168496", "2630423997", "2661421918", "2670719324", "2711851079", "2874284793", "2973546339", "2974621832", "69330685", "285317484", "716952683", "1297480181", "1642339763", "1758918682", "1863231049", "1967412567", "1969655430", "1998466406", "2022676921", "2042109455", "2042160556", "2051706827", "2058747841", "2077579129", "2097884596", "2101033651", "2103234165", "2105168312", "2109807870", "2111969667", "2113345447", "2114199687"], "publication_10_years": ["2125077268", "2170529404", "2335576855", "2300669094", "2500208926", "1965416650", "2231581117", "2294607384", "2692477747", "69330685", "96090735", "252132724", "285317484", "317660079", "411661769", "716952683", "1297480181", "1372729382", "1642339763", "1651768166", "1758567304", "1758918682", "1857083672", "1863231049", "1866744876", "1963945614", "1967412567", "1969655430", "1998466406", "2011104887", "2022676921", "2032395091", "2042109455", "2042160556", "2051706827", "2052754444", "2058232034", "2058747841", "2062435150", "2077579129", "2081635938", "2082703533", "2087460430", "2097884596", "2101033651", "2103234165", "2104609506", "2105168312", "2107038195", "2109483556", "2109807870", "2111927520", "2111969667", "2113345447", "2114199687", "2116240605", "2117732269", "2119188886", "2123536300", "2130908070", "2132936151", "2140110040", "2140515968", "2142901997", "2143476926", "2145146158", "2153090166", "2158982552", "2162225555", "2172057046", "2214865601", "2222182725", "2231163872", "2232319043", "2235005317", "2238531609", "2240803760", "2244219710", "2246653068", "2252809188", "2285033395", "2295092870", "2302876127", "2304115011", "2304309812", "2305538239", "2307277587", "2308041424", "2309793502", "2311320150", "2313521800", "2406907796", "2430303703", "2433632633", "2442221278", "2444397758", "2462628511", "2471042124", "2472983915", "2476374775"], "citation_10_years": ["2081635938", "2116240605", "2119188886", "2959023762", "252132724", "1651768166", "2087460430", "2104609506", "2111927520", "2130908070", "2153090166", "2244219710", "2295092870", "2313521800", "2643685920", "2686274390", "2406907796", "2600985651", "2602704659", "2880619557", "2082703533", "2125077268", "2170529404", "2294607384", "2300669094", "2500208926", "96090735", "1758567304", "1857083672", "1965416650", "2032395091", "2058232034", "2107038195", "2109483556", "2117732269", "2123536300", "2140110040", "2222182725", "2311320150", "2476374775", "2595393354", "2596530343", "2621142012", "2699922959", "2719446990", "2779777214", "2805883268", "3004630931", "3013603142", "317660079", "411661769", "1372729382", "1866744876", "1963945614", "2011104887", "2052754444", "2062435150", "2214865601", "2240803760", "2246653068", "2307277587", "2308041424", "2309793502", "2433632633", "2442221278", "2472983915", "2525241957", "2559434983", "2589168496", "2630423997", "2661421918", "2670719324", "2711851079", "2874284793", "2973546339", "2974621832", "69330685", "285317484", "716952683", "1297480181", "1642339763", "1758918682", "1863231049", "1967412567", "1969655430", "1998466406", "2022676921", "2042109455", "2042160556", "2051706827", "2058747841", "2077579129", "2097884596", "2101033651", "2103234165", "2105168312", "2109807870", "2111969667", "2113345447", "2114199687"], "publication_5_years": [], "citation_5_years": []}, "industrial_sectors": {"publication_overall": ["computing_and_it", "technology"], "citation_overall": ["computing_and_it", "technology"], "publication_10_years": ["computing_and_it", "technology"], "citation_10_years": ["computing_and_it", "technology"], "publication_5_years": [], "citation_5_years": []}}