{"name": "International Conference Agreement Technologies", "acronym": "AT", "type": "conference", "uniqueEntities": {"organizations": {"Spanish National Research Council": {"name": "Spanish National Research Council", "type": "organization", "organization_type": "Government", "h_index": 100, "h5_index": 31, "num_publications": 6, "num_citations": 18, "num_publications_5y": 3, "num_citations_5y": 11, "num_publications_10y": 6, "num_citations_10y": 14, "publications_years": {"2016": 1, "2012": 2, "2013": 1, "2015": 1, "2018": 1}, "citations_years": {"2013": 3, "2014": 1, "2015": 5, "2016": 3, "2017": 2, "2018": 0, "2019": 3, "2020": 1}, "old_citations": {"2016": 0, "2012": 9, "2013": 6, "2015": 0, "2018": 3}, "isVisible": false}, "University of Aberdeen": {"name": "University of Aberdeen", "type": "organization", "organization_type": "Education", "h_index": 71, "h5_index": 19, "num_publications": 4, "num_citations": 7, "num_publications_5y": 3, "num_citations_5y": 4, "num_publications_10y": 4, "num_citations_10y": 5, "publications_years": {"2018": 3, "2013": 1}, "citations_years": {"2019": 2, "2013": 1, "2014": 1, "2015": 3}, "old_citations": {"2018": 2, "2013": 5}, "isVisible": false}, "King's College London": {"name": "King's College London", "type": "organization", "organization_type": "Education", "h_index": 110, "h5_index": 41, "num_publications": 3, "num_citations": 1, "num_publications_5y": 3, "num_citations_5y": 1, "num_publications_10y": 3, "num_citations_10y": 1, "publications_years": {"2017": 1, "2015": 2}, "citations_years": {"2017": 1}, "old_citations": {"2017": 0, "2015": 1}, "isVisible": false}, "Goldsmiths University of London": {"name": "Goldsmiths University of London", "type": "organization", "organization_type": "Education", "h_index": 37, "h5_index": 17, "num_publications": 2, "num_citations": 9, "num_publications_5y": 0, "num_citations_5y": 5, "num_publications_10y": 2, "num_citations_10y": 8, "publications_years": {"2012": 2}, "citations_years": {"2013": 3, "2014": 0, "2015": 2, "2016": 2, "2017": 1, "2018": 0, "2019": 1}, "old_citations": {"2012": 9}, "isVisible": false}, "Nagoya Institute of Technology": {"name": "Nagoya Institute of Technology", "type": "organization", "organization_type": "Education", "h_index": 52, "h5_index": 14, "num_publications": 2, "num_citations": 4, "num_publications_5y": 2, "num_citations_5y": 0, "num_publications_10y": 2, "num_citations_10y": 0, "publications_years": {"2018": 2}, "citations_years": {"2019": 3, "2020": 1}, "old_citations": {"2018": 4}, "isVisible": false}, "Paul Sabatier University": {"name": "Paul Sabatier University", "type": "organization", "organization_type": "Education", "h_index": 64, "h5_index": 13, "num_publications": 2, "num_citations": 9, "num_publications_5y": 0, "num_citations_5y": 5, "num_publications_10y": 2, "num_citations_10y": 8, "publications_years": {"2012": 2}, "citations_years": {"2013": 3, "2014": 0, "2015": 2, "2016": 2, "2017": 1, "2018": 0, "2019": 1}, "old_citations": {"2012": 9}, "isVisible": false}, "Universitat Polit\u00e8cnica de Val\u00e8ncia": {"name": "Universitat Polit\u00e8cnica de Val\u00e8ncia", "type": "organization", "organization_type": "Education", "h_index": 83, "h5_index": 31, "num_publications": 2, "num_citations": 2, "num_publications_5y": 1, "num_citations_5y": 2, "num_publications_10y": 2, "num_citations_10y": 2, "publications_years": {"2013": 1, "2018": 1}, "citations_years": {"2015": 1, "2016": 0, "2017": 1}, "old_citations": {"2013": 2, "2018": 0}, "isVisible": false}, "University of Luxembourg": {"name": "University of Luxembourg", "type": "organization", "organization_type": "Education", "h_index": 84, "h5_index": 37, "num_publications": 2, "num_citations": 3, "num_publications_5y": 0, "num_citations_5y": 1, "num_publications_10y": 2, "num_citations_10y": 3, "publications_years": {"2012": 2}, "citations_years": {"2013": 2, "2014": 0, "2015": 1}, "old_citations": {"2012": 3}, "isVisible": false}, "Bournemouth University": {"name": "Bournemouth University", "type": "organization", "organization_type": "Education", "h_index": 55, "h5_index": 21, "num_publications": 1, "num_citations": 1, "num_publications_5y": 1, "num_citations_5y": 1, "num_publications_10y": 1, "num_citations_10y": 1, "publications_years": {"2015": 1}, "citations_years": {"2017": 1}, "old_citations": {"2015": 1}, "isVisible": false}, "Carnegie Mellon University": {"name": "Carnegie Mellon University", "type": "organization", "organization_type": "Education", "h_index": 441, "h5_index": 107, "num_publications": 1, "num_citations": 5, "num_publications_5y": 0, "num_citations_5y": 4, "num_publications_10y": 1, "num_citations_10y": 5, "publications_years": {"2013": 1}, "citations_years": {"2013": 1, "2014": 1, "2015": 3}, "old_citations": {"2013": 5}, "isVisible": false}, "Delft University of Technology": {"name": "Delft University of Technology", "type": "organization", "organization_type": "Education", "h_index": 160, "h5_index": 46, "num_publications": 1, "num_citations": 3, "num_publications_5y": 1, "num_citations_5y": 0, "num_publications_10y": 1, "num_citations_10y": 0, "publications_years": {"2018": 1}, "citations_years": {"2019": 2, "2020": 1}, "old_citations": {"2018": 3}, "isVisible": false}, "French Institute for Research in Computer Science and Automation": {"name": "French Institute for Research in Computer Science and Automation", "type": "organization", "organization_type": "Government", "h_index": 247, "h5_index": 53, "num_publications": 1, "num_citations": 0, "num_publications_5y": 0, "num_citations_5y": 0, "num_publications_10y": 1, "num_citations_10y": 0, "publications_years": {"2012": 1}, "citations_years": {}, "old_citations": {"2012": 0}, "isVisible": false}, "IBM (United States)": {"name": "IBM (United States)", "type": "organization", "organization_type": "Company", "h_index": 421, "h5_index": 72, "num_publications": 1, "num_citations": 5, "num_publications_5y": 0, "num_citations_5y": 4, "num_publications_10y": 1, "num_citations_10y": 5, "publications_years": {"2013": 1}, "citations_years": {"2013": 1, "2014": 1, "2015": 3}, "old_citations": {"2013": 5}, "isVisible": false}, "King Juan Carlos University": {"name": "King Juan Carlos University", "type": "organization", "organization_type": "Education", "h_index": 51, "h5_index": 20, "num_publications": 1, "num_citations": 1, "num_publications_5y": 1, "num_citations_5y": 0, "num_publications_10y": 1, "num_citations_10y": 0, "publications_years": {"2018": 1}, "citations_years": {"2019": 1}, "old_citations": {"2018": 1}, "isVisible": false}, "Polish Academy of Sciences": {"name": "Polish Academy of Sciences", "type": "organization", "organization_type": "Government", "h_index": 64, "h5_index": 26, "num_publications": 1, "num_citations": 0, "num_publications_5y": 0, "num_citations_5y": 0, "num_publications_10y": 1, "num_citations_10y": 0, "publications_years": {"2012": 1}, "citations_years": {}, "old_citations": {"2012": 0}, "isVisible": false}, "Polytechnic University of Milan": {"name": "Polytechnic University of Milan", "type": "organization", "organization_type": "Education", "h_index": 126, "h5_index": 42, "num_publications": 1, "num_citations": 2, "num_publications_5y": 1, "num_citations_5y": 0, "num_publications_10y": 1, "num_citations_10y": 0, "publications_years": {"2018": 1}, "citations_years": {"2019": 2}, "old_citations": {"2018": 2}, "isVisible": false}, "Radboud University Nijmegen": {"name": "Radboud University Nijmegen", "type": "organization", "organization_type": "Education", "h_index": 104, "h5_index": 36, "num_publications": 1, "num_citations": 3, "num_publications_5y": 0, "num_citations_5y": 1, "num_publications_10y": 1, "num_citations_10y": 3, "publications_years": {"2012": 1}, "citations_years": {"2013": 2, "2014": 0, "2015": 1}, "old_citations": {"2012": 3}, "isVisible": false}, "Robert Gordon University": {"name": "Robert Gordon University", "type": "organization", "organization_type": "Education", "h_index": 36, "h5_index": 12, "num_publications": 1, "num_citations": 0, "num_publications_5y": 1, "num_citations_5y": 0, "num_publications_10y": 1, "num_citations_10y": 0, "publications_years": {"2018": 1}, "citations_years": {}, "old_citations": {"2018": 0}, "isVisible": false}, "Tokyo University of Agriculture and Technology": {"name": "Tokyo University of Agriculture and Technology", "type": "organization", "organization_type": "Education", "h_index": 36, "h5_index": 15, "num_publications": 1, "num_citations": 3, "num_publications_5y": 1, "num_citations_5y": 0, "num_publications_10y": 1, "num_citations_10y": 0, "publications_years": {"2018": 1}, "citations_years": {"2019": 2, "2020": 1}, "old_citations": {"2018": 3}, "isVisible": false}, "Universidad Nacional del Sur": {"name": "Universidad Nacional del Sur", "type": "organization", "organization_type": "Education", "h_index": 29, "h5_index": 9, "num_publications": 1, "num_citations": 4, "num_publications_5y": 0, "num_citations_5y": 4, "num_publications_10y": 1, "num_citations_10y": 4, "publications_years": {"2013": 1}, "citations_years": {"2014": 3, "2015": 1}, "old_citations": {"2013": 4}, "isVisible": false}, "Universita della Svizzera Italiana": {"name": "Universita della Svizzera Italiana", "type": "organization", "organization_type": "Education", "h_index": 81, "h5_index": 33, "num_publications": 1, "num_citations": 2, "num_publications_5y": 1, "num_citations_5y": 0, "num_publications_10y": 1, "num_citations_10y": 0, "publications_years": {"2018": 1}, "citations_years": {"2019": 2}, "old_citations": {"2018": 2}, "isVisible": false}, "University of Barcelona": {"name": "University of Barcelona", "type": "organization", "organization_type": "Education", "h_index": 67, "h5_index": 23, "num_publications": 1, "num_citations": 0, "num_publications_5y": 1, "num_citations_5y": 0, "num_publications_10y": 1, "num_citations_10y": 0, "publications_years": {"2016": 1}, "citations_years": {}, "old_citations": {"2016": 0}, "isVisible": false}, "University of Liverpool": {"name": "University of Liverpool", "type": "organization", "organization_type": "Education", "h_index": 95, "h5_index": 28, "num_publications": 1, "num_citations": 0, "num_publications_5y": 0, "num_citations_5y": 0, "num_publications_10y": 1, "num_citations_10y": 0, "publications_years": {"2013": 1}, "citations_years": {}, "old_citations": {"2013": 0}, "isVisible": false}, "University of London": {"name": "University of London", "type": "organization", "organization_type": "Education", "h_index": 105, "h5_index": 16, "num_publications": 1, "num_citations": 0, "num_publications_5y": 1, "num_citations_5y": 0, "num_publications_10y": 1, "num_citations_10y": 0, "publications_years": {"2017": 1}, "citations_years": {}, "old_citations": {"2017": 0}, "isVisible": false}, "University of Oxford": {"name": "University of Oxford", "type": "organization", "organization_type": "Education", "h_index": 245, "h5_index": 88, "num_publications": 1, "num_citations": 0, "num_publications_5y": 0, "num_citations_5y": 0, "num_publications_10y": 1, "num_citations_10y": 0, "publications_years": {"2013": 1}, "citations_years": {}, "old_citations": {"2013": 0}, "isVisible": false}, "University of Porto": {"name": "University of Porto", "type": "organization", "organization_type": "Education", "h_index": 76, "h5_index": 27, "num_publications": 1, "num_citations": 2, "num_publications_5y": 1, "num_citations_5y": 0, "num_publications_10y": 1, "num_citations_10y": 0, "publications_years": {"2018": 1}, "citations_years": {"2019": 1, "2020": 1}, "old_citations": {"2018": 2}, "isVisible": false}, "University of Sydney": {"name": "University of Sydney", "type": "organization", "organization_type": "Education", "h_index": 133, "h5_index": 63, "num_publications": 1, "num_citations": 3, "num_publications_5y": 1, "num_citations_5y": 0, "num_publications_10y": 1, "num_citations_10y": 0, "publications_years": {"2018": 1}, "citations_years": {"2019": 2, "2020": 1}, "old_citations": {"2018": 3}, "isVisible": false}, "University of Toulouse": {"name": "University of Toulouse", "type": "organization", "organization_type": "Education", "h_index": 66, "h5_index": 28, "num_publications": 1, "num_citations": 14, "num_publications_5y": 1, "num_citations_5y": 11, "num_publications_10y": 1, "num_citations_10y": 11, "publications_years": {"2017": 1}, "citations_years": {"2016": 4, "2017": 3, "2018": 4, "2019": 3}, "old_citations": {"2017": 14}, "isVisible": false}, "University of Turin": {"name": "University of Turin", "type": "organization", "organization_type": "Education", "h_index": 71, "h5_index": 26, "num_publications": 1, "num_citations": 0, "num_publications_5y": 0, "num_citations_5y": 0, "num_publications_10y": 1, "num_citations_10y": 0, "publications_years": {"2012": 1}, "citations_years": {}, "old_citations": {"2012": 0}, "isVisible": false}, "Utrecht University": {"name": "Utrecht University", "type": "organization", "organization_type": "Education", "h_index": 124, "h5_index": 37, "num_publications": 1, "num_citations": 2, "num_publications_5y": 1, "num_citations_5y": 0, "num_publications_10y": 1, "num_citations_10y": 0, "publications_years": {"2018": 1}, "citations_years": {"2019": 1, "2020": 1}, "old_citations": {"2018": 2}, "isVisible": false}, "\u00c9cole Normale Sup\u00e9rieure": {"name": "\u00c9cole Normale Sup\u00e9rieure", "type": "organization", "organization_type": "Other", "h_index": 189, "h5_index": 38, "num_publications": 1, "num_citations": 0, "num_publications_5y": 0, "num_citations_5y": 0, "num_publications_10y": 1, "num_citations_10y": 0, "publications_years": {"2012": 1}, "citations_years": {}, "old_citations": {"2012": 0}, "isVisible": false}, "\u00d6rebro University": {"name": "\u00d6rebro University", "type": "organization", "organization_type": "Education", "h_index": 46, "h5_index": 14, "num_publications": 1, "num_citations": 1, "num_publications_5y": 1, "num_citations_5y": 1, "num_publications_10y": 1, "num_citations_10y": 1, "publications_years": {"2015": 1}, "citations_years": {"2017": 1}, "old_citations": {"2015": 1}, "isVisible": false}, "\u00d6zye\u011fin University": {"name": "\u00d6zye\u011fin University", "type": "organization", "organization_type": "Education", "h_index": 34, "h5_index": 17, "num_publications": 1, "num_citations": 3, "num_publications_5y": 1, "num_citations_5y": 0, "num_publications_10y": 1, "num_citations_10y": 0, "publications_years": {"2018": 1}, "citations_years": {"2019": 2, "2020": 1}, "old_citations": {"2018": 3}, "isVisible": false}}, "topics": {"computer science": {"name": "computer science", "type": "topic", "h_index": 1779, "h5_index": 416, "num_publications": 35, "num_citations": 74, "num_publications_5y": 24, "num_citations_5y": 44, "num_publications_10y": 35, "num_citations_10y": 50, "publications_years": {"2017": 3, "2018": 16, "2015": 4, "2016": 1, "2012": 5, "2013": 6}, "citations_years": {"2017": 8, "2019": 18, "2013": 6, "2014": 5, "2015": 12, "2016": 12, "2018": 7, "2020": 6}, "old_citations": {"2017": 14, "2018": 21, "2015": 2, "2016": 0, "2012": 16, "2013": 21}, "isVisible": false}, "computer systems": {"name": "computer systems", "type": "topic", "h_index": 1595, "h5_index": 367, "num_publications": 30, "num_citations": 69, "num_publications_5y": 20, "num_citations_5y": 44, "num_publications_10y": 30, "num_citations_10y": 50, "publications_years": {"2017": 3, "2015": 3, "2016": 1, "2018": 13, "2012": 4, "2013": 6}, "citations_years": {"2017": 8, "2019": 14, "2013": 6, "2014": 5, "2015": 12, "2016": 12, "2018": 7, "2020": 5}, "old_citations": {"2017": 14, "2015": 2, "2016": 0, "2018": 16, "2012": 16, "2013": 21}, "isVisible": false}, "artificial intelligence": {"name": "artificial intelligence", "type": "topic", "h_index": 1421, "h5_index": 373, "num_publications": 26, "num_citations": 63, "num_publications_5y": 18, "num_citations_5y": 38, "num_publications_10y": 26, "num_citations_10y": 44, "publications_years": {"2017": 2, "2018": 12, "2015": 3, "2016": 1, "2012": 3, "2013": 5}, "citations_years": {"2017": 7, "2013": 6, "2014": 4, "2015": 9, "2016": 11, "2018": 7, "2019": 14, "2020": 5}, "old_citations": {"2017": 14, "2018": 16, "2015": 2, "2016": 0, "2012": 16, "2013": 15}, "isVisible": false}, "computer networks": {"name": "computer networks", "type": "topic", "h_index": 1262, "h5_index": 332, "num_publications": 20, "num_citations": 47, "num_publications_5y": 15, "num_citations_5y": 28, "num_publications_10y": 20, "num_citations_10y": 31, "publications_years": {"2017": 3, "2016": 1, "2012": 3, "2013": 2, "2018": 10, "2015": 1}, "citations_years": {"2013": 3, "2014": 1, "2015": 6, "2016": 8, "2017": 6, "2018": 7, "2019": 11, "2020": 5}, "old_citations": {"2017": 14, "2016": 0, "2012": 10, "2013": 8, "2018": 14, "2015": 1}, "isVisible": false}, "multiagent system": {"name": "multiagent system", "type": "topic", "h_index": 423, "h5_index": 100, "num_publications": 20, "num_citations": 52, "num_publications_5y": 14, "num_citations_5y": 31, "num_publications_10y": 20, "num_citations_10y": 35, "publications_years": {"2017": 2, "2015": 3, "2012": 2, "2013": 4, "2018": 9}, "citations_years": {"2017": 6, "2013": 4, "2014": 4, "2015": 7, "2016": 7, "2018": 7, "2019": 12, "2020": 5}, "old_citations": {"2017": 14, "2015": 2, "2012": 10, "2013": 11, "2018": 15}, "isVisible": false}, "internet": {"name": "internet", "type": "topic", "h_index": 1102, "h5_index": 245, "num_publications": 19, "num_citations": 37, "num_publications_5y": 11, "num_citations_5y": 26, "num_publications_10y": 19, "num_citations_10y": 30, "publications_years": {"2018": 7, "2015": 3, "2012": 4, "2013": 4, "2017": 1}, "citations_years": {"2017": 3, "2019": 6, "2013": 4, "2014": 5, "2015": 10, "2016": 7, "2018": 1, "2020": 1}, "old_citations": {"2018": 6, "2015": 2, "2012": 10, "2013": 19, "2017": 0}, "isVisible": false}, "telecommunication systems": {"name": "telecommunication systems", "type": "topic", "h_index": 1187, "h5_index": 277, "num_publications": 17, "num_citations": 39, "num_publications_5y": 13, "num_citations_5y": 22, "num_publications_10y": 17, "num_citations_10y": 25, "publications_years": {"2017": 3, "2016": 1, "2012": 3, "2013": 1, "2018": 8, "2015": 1}, "citations_years": {"2013": 3, "2014": 0, "2015": 3, "2016": 7, "2017": 5, "2018": 7, "2019": 9, "2020": 5}, "old_citations": {"2017": 14, "2016": 0, "2012": 10, "2013": 2, "2018": 12, "2015": 1}, "isVisible": false}, "telecommunication networks": {"name": "telecommunication networks", "type": "topic", "h_index": 1116, "h5_index": 258, "num_publications": 16, "num_citations": 37, "num_publications_5y": 12, "num_citations_5y": 22, "num_publications_10y": 16, "num_citations_10y": 25, "publications_years": {"2017": 3, "2016": 1, "2012": 3, "2013": 1, "2018": 7, "2015": 1}, "citations_years": {"2013": 3, "2014": 0, "2015": 3, "2016": 7, "2017": 5, "2018": 7, "2019": 8, "2020": 4}, "old_citations": {"2017": 14, "2016": 0, "2012": 10, "2013": 2, "2018": 10, "2015": 1}, "isVisible": false}, "communication systems": {"name": "communication systems", "type": "topic", "h_index": 1092, "h5_index": 254, "num_publications": 15, "num_citations": 38, "num_publications_5y": 11, "num_citations_5y": 21, "num_publications_10y": 15, "num_citations_10y": 24, "publications_years": {"2017": 2, "2016": 1, "2012": 3, "2013": 1, "2018": 8}, "citations_years": {"2013": 3, "2014": 0, "2015": 3, "2016": 7, "2017": 4, "2018": 7, "2019": 9, "2020": 5}, "old_citations": {"2017": 14, "2016": 0, "2012": 10, "2013": 2, "2018": 12}, "isVisible": false}, "wireless telecommunication systems": {"name": "wireless telecommunication systems", "type": "topic", "h_index": 1087, "h5_index": 254, "num_publications": 15, "num_citations": 38, "num_publications_5y": 11, "num_citations_5y": 21, "num_publications_10y": 15, "num_citations_10y": 24, "publications_years": {"2017": 2, "2016": 1, "2012": 3, "2013": 1, "2018": 8}, "citations_years": {"2013": 3, "2014": 0, "2015": 3, "2016": 7, "2017": 4, "2018": 7, "2019": 9, "2020": 5}, "old_citations": {"2017": 14, "2016": 0, "2012": 10, "2013": 2, "2018": 12}, "isVisible": false}, "data communication systems": {"name": "data communication systems", "type": "topic", "h_index": 1013, "h5_index": 234, "num_publications": 14, "num_citations": 38, "num_publications_5y": 10, "num_citations_5y": 22, "num_publications_10y": 14, "num_citations_10y": 25, "publications_years": {"2017": 2, "2012": 3, "2013": 1, "2018": 7, "2015": 1}, "citations_years": {"2013": 3, "2014": 0, "2015": 3, "2016": 7, "2017": 5, "2018": 7, "2019": 9, "2020": 4}, "old_citations": {"2017": 14, "2012": 10, "2013": 2, "2018": 11, "2015": 1}, "isVisible": false}, "intelligent agents": {"name": "intelligent agents", "type": "topic", "h_index": 320, "h5_index": 80, "num_publications": 14, "num_citations": 30, "num_publications_5y": 10, "num_citations_5y": 14, "num_publications_10y": 14, "num_citations_10y": 18, "publications_years": {"2017": 1, "2012": 2, "2013": 2, "2018": 8, "2015": 1}, "citations_years": {"2013": 4, "2014": 1, "2015": 6, "2016": 3, "2017": 1, "2018": 3, "2019": 8, "2020": 4}, "old_citations": {"2017": 0, "2012": 10, "2013": 7, "2018": 13, "2015": 0}, "isVisible": false}, "world wide web": {"name": "world wide web", "type": "topic", "h_index": 869, "h5_index": 173, "num_publications": 12, "num_citations": 34, "num_publications_5y": 4, "num_citations_5y": 25, "num_publications_10y": 12, "num_citations_10y": 29, "publications_years": {"2012": 4, "2013": 4, "2018": 3, "2015": 1}, "citations_years": {"2013": 4, "2014": 5, "2015": 10, "2016": 7, "2017": 2, "2018": 1, "2019": 5}, "old_citations": {"2012": 10, "2013": 19, "2018": 4, "2015": 1}, "isVisible": false}, "database systems": {"name": "database systems", "type": "topic", "h_index": 1167, "h5_index": 276, "num_publications": 11, "num_citations": 21, "num_publications_5y": 8, "num_citations_5y": 12, "num_publications_10y": 11, "num_citations_10y": 15, "publications_years": {"2018": 6, "2012": 1, "2015": 1, "2013": 2, "2017": 1}, "citations_years": {"2019": 5, "2013": 3, "2014": 4, "2015": 5, "2016": 1, "2017": 2, "2018": 0, "2020": 1}, "old_citations": {"2018": 5, "2012": 6, "2015": 1, "2013": 9, "2017": 0}, "isVisible": false}, "communication channels (information theory)": {"name": "communication channels (information theory)", "type": "topic", "h_index": 925, "h5_index": 216, "num_publications": 10, "num_citations": 19, "num_publications_5y": 8, "num_citations_5y": 8, "num_publications_10y": 10, "num_citations_10y": 10, "publications_years": {"2017": 1, "2016": 1, "2012": 1, "2013": 1, "2018": 6}, "citations_years": {"2013": 2, "2014": 0, "2015": 2, "2016": 2, "2017": 1, "2018": 3, "2019": 5, "2020": 4}, "old_citations": {"2017": 0, "2016": 0, "2012": 7, "2013": 2, "2018": 10}, "isVisible": false}, "distributed computer systems": {"name": "distributed computer systems", "type": "topic", "h_index": 985, "h5_index": 228, "num_publications": 10, "num_citations": 18, "num_publications_5y": 8, "num_citations_5y": 9, "num_publications_10y": 10, "num_citations_10y": 11, "publications_years": {"2017": 2, "2012": 1, "2013": 1, "2018": 5, "2015": 1}, "citations_years": {"2013": 2, "2014": 0, "2015": 2, "2016": 2, "2017": 2, "2018": 3, "2019": 5, "2020": 2}, "old_citations": {"2017": 0, "2012": 7, "2013": 2, "2018": 8, "2015": 1}, "isVisible": false}, "engineering": {"name": "engineering", "type": "topic", "h_index": 1177, "h5_index": 287, "num_publications": 10, "num_citations": 22, "num_publications_5y": 9, "num_citations_5y": 12, "num_publications_10y": 10, "num_citations_10y": 12, "publications_years": {"2015": 1, "2016": 1, "2018": 6, "2012": 1, "2017": 1}, "citations_years": {"2017": 4, "2019": 7, "2020": 3, "2016": 4, "2018": 4}, "old_citations": {"2015": 1, "2016": 0, "2018": 7, "2012": 0, "2017": 14}, "isVisible": false}, "semantics": {"name": "semantics", "type": "topic", "h_index": 803, "h5_index": 226, "num_publications": 10, "num_citations": 25, "num_publications_5y": 4, "num_citations_5y": 16, "num_publications_10y": 10, "num_citations_10y": 18, "publications_years": {"2018": 4, "2012": 2, "2013": 4}, "citations_years": {"2013": 2, "2014": 3, "2015": 4, "2016": 5, "2017": 1, "2018": 3, "2019": 5, "2020": 2}, "old_citations": {"2018": 8, "2012": 7, "2013": 10}, "isVisible": false}, "computer programming": {"name": "computer programming", "type": "topic", "h_index": 873, "h5_index": 186, "num_publications": 9, "num_citations": 25, "num_publications_5y": 4, "num_citations_5y": 17, "num_publications_10y": 9, "num_citations_10y": 19, "publications_years": {"2016": 1, "2012": 2, "2013": 3, "2018": 3}, "citations_years": {"2013": 2, "2014": 4, "2015": 6, "2016": 3, "2017": 2, "2018": 2, "2019": 5, "2020": 1}, "old_citations": {"2016": 0, "2012": 7, "2013": 12, "2018": 6}, "isVisible": false}, "information technology": {"name": "information technology", "type": "topic", "h_index": 696, "h5_index": 149, "num_publications": 9, "num_citations": 9, "num_publications_5y": 7, "num_citations_5y": 5, "num_publications_10y": 9, "num_citations_10y": 6, "publications_years": {"2018": 4, "2012": 1, "2015": 2, "2017": 1, "2013": 1}, "citations_years": {"2019": 2, "2017": 1, "2020": 1, "2013": 1, "2014": 1, "2015": 3}, "old_citations": {"2018": 3, "2012": 0, "2015": 1, "2017": 0, "2013": 5}, "isVisible": false}, "software engineering": {"name": "software engineering", "type": "topic", "h_index": 964, "h5_index": 236, "num_publications": 8, "num_citations": 35, "num_publications_5y": 3, "num_citations_5y": 26, "num_publications_10y": 8, "num_citations_10y": 29, "publications_years": {"2018": 2, "2012": 2, "2013": 3, "2017": 1}, "citations_years": {"2013": 3, "2014": 2, "2015": 7, "2016": 7, "2017": 4, "2018": 6, "2019": 5, "2020": 1}, "old_citations": {"2018": 3, "2012": 7, "2013": 11, "2017": 14}, "isVisible": false}, "communication": {"name": "communication", "type": "topic", "h_index": 886, "h5_index": 209, "num_publications": 7, "num_citations": 34, "num_publications_5y": 4, "num_citations_5y": 21, "num_publications_10y": 7, "num_citations_10y": 24, "publications_years": {"2012": 2, "2018": 3, "2017": 1, "2013": 1}, "citations_years": {"2013": 3, "2014": 1, "2015": 4, "2016": 6, "2017": 3, "2018": 7, "2019": 7, "2020": 3}, "old_citations": {"2012": 7, "2018": 8, "2017": 14, "2013": 5}, "isVisible": false}, "mobile computing": {"name": "mobile computing", "type": "topic", "h_index": 664, "h5_index": 170, "num_publications": 9, "num_citations": 34, "num_publications_5y": 6, "num_citations_5y": 21, "num_publications_10y": 9, "num_citations_10y": 24, "publications_years": {"2017": 2, "2012": 2, "2013": 1, "2018": 4}, "citations_years": {"2013": 3, "2014": 0, "2015": 3, "2016": 7, "2017": 4, "2018": 7, "2019": 7, "2020": 3}, "old_citations": {"2017": 14, "2012": 10, "2013": 2, "2018": 8}, "isVisible": false}, "software design": {"name": "software design", "type": "topic", "h_index": 907, "h5_index": 227, "num_publications": 7, "num_citations": 32, "num_publications_5y": 2, "num_citations_5y": 25, "num_publications_10y": 7, "num_citations_10y": 28, "publications_years": {"2018": 1, "2012": 2, "2013": 3, "2017": 1}, "citations_years": {"2013": 3, "2014": 2, "2015": 7, "2016": 7, "2017": 4, "2018": 5, "2019": 4}, "old_citations": {"2018": 0, "2012": 7, "2013": 11, "2017": 14}, "isVisible": false}, "formal logic": {"name": "formal logic", "type": "topic", "h_index": 532, "h5_index": 93, "num_publications": 8, "num_citations": 31, "num_publications_5y": 4, "num_citations_5y": 23, "num_publications_10y": 8, "num_citations_10y": 24, "publications_years": {"2016": 1, "2013": 4, "2018": 2, "2017": 1}, "citations_years": {"2015": 5, "2016": 4, "2017": 4, "2018": 6, "2019": 5, "2020": 2, "2014": 4, "2013": 1}, "old_citations": {"2016": 0, "2013": 11, "2018": 6, "2017": 14}, "isVisible": false}, "mathematics": {"name": "mathematics", "type": "topic", "h_index": 1364, "h5_index": 300, "num_publications": 9, "num_citations": 25, "num_publications_5y": 9, "num_citations_5y": 12, "num_publications_10y": 9, "num_citations_10y": 12, "publications_years": {"2016": 1, "2018": 7, "2017": 1}, "citations_years": {"2018": 5, "2019": 9, "2020": 4, "2016": 4, "2017": 3}, "old_citations": {"2016": 0, "2018": 11, "2017": 14}, "isVisible": false}, "mobile telecommunication systems": {"name": "mobile telecommunication systems", "type": "topic", "h_index": 732, "h5_index": 170, "num_publications": 9, "num_citations": 19, "num_publications_5y": 7, "num_citations_5y": 8, "num_publications_10y": 9, "num_citations_10y": 10, "publications_years": {"2017": 1, "2012": 1, "2013": 1, "2018": 6}, "citations_years": {"2013": 2, "2014": 0, "2015": 2, "2016": 2, "2017": 1, "2018": 3, "2019": 5, "2020": 4}, "old_citations": {"2017": 0, "2012": 7, "2013": 2, "2018": 10}, "isVisible": false}, "computer hardware": {"name": "computer hardware", "type": "topic", "h_index": 1150, "h5_index": 279, "num_publications": 7, "num_citations": 18, "num_publications_5y": 7, "num_citations_5y": 12, "num_publications_10y": 7, "num_citations_10y": 12, "publications_years": {"2016": 1, "2018": 4, "2017": 1, "2015": 1}, "citations_years": {"2019": 5, "2020": 1, "2016": 4, "2017": 4, "2018": 4}, "old_citations": {"2016": 0, "2018": 3, "2017": 14, "2015": 1}, "isVisible": false}, "computer security": {"name": "computer security", "type": "topic", "h_index": 977, "h5_index": 220, "num_publications": 4, "num_citations": 17, "num_publications_5y": 4, "num_citations_5y": 11, "num_publications_10y": 4, "num_citations_10y": 11, "publications_years": {"2017": 1, "2018": 3}, "citations_years": {"2016": 4, "2017": 3, "2018": 4, "2019": 6}, "old_citations": {"2017": 14, "2018": 3}, "isVisible": false}, "cryptography": {"name": "cryptography", "type": "topic", "h_index": 761, "h5_index": 179, "num_publications": 4, "num_citations": 17, "num_publications_5y": 4, "num_citations_5y": 11, "num_publications_10y": 4, "num_citations_10y": 11, "publications_years": {"2017": 1, "2018": 3}, "citations_years": {"2016": 4, "2017": 3, "2018": 4, "2019": 6}, "old_citations": {"2017": 14, "2018": 3}, "isVisible": false}, "cryptology": {"name": "cryptology", "type": "topic", "h_index": 761, "h5_index": 179, "num_publications": 4, "num_citations": 17, "num_publications_5y": 4, "num_citations_5y": 11, "num_publications_10y": 4, "num_citations_10y": 11, "publications_years": {"2017": 1, "2018": 3}, "citations_years": {"2016": 4, "2017": 3, "2018": 4, "2019": 6}, "old_citations": {"2017": 14, "2018": 3}, "isVisible": false}, "security of data": {"name": "security of data", "type": "topic", "h_index": 883, "h5_index": 199, "num_publications": 4, "num_citations": 17, "num_publications_5y": 4, "num_citations_5y": 11, "num_publications_10y": 4, "num_citations_10y": 11, "publications_years": {"2017": 1, "2018": 3}, "citations_years": {"2016": 4, "2017": 3, "2018": 4, "2019": 6}, "old_citations": {"2017": 14, "2018": 3}, "isVisible": false}}, "authors": {"2112340046": {"name": "dave de jonge", "type": "author", "activity": 9, "h_index": 5, "h5_index": 3, "mag_id": "2112340046", "num_publications": 4, "num_citations": 18, "num_publications_5y": 1, "num_citations_5y": 11, "num_publications_10y": 4, "num_citations_10y": 14, "publications_years": {"2012": 2, "2013": 1, "2018": 1}, "citations_years": {"2013": 3, "2014": 1, "2015": 5, "2016": 3, "2017": 2, "2018": 0, "2019": 3, "2020": 1}, "old_citations": {"2012": 9, "2013": 6, "2018": 3}, "isVisible": false}, "2251690017": {"name": "carles sierra", "type": "author", "activity": 29, "h_index": 40, "h5_index": 3, "mag_id": "2251690017", "num_publications": 4, "num_citations": 15, "num_publications_5y": 1, "num_citations_5y": 11, "num_publications_10y": 4, "num_citations_10y": 14, "publications_years": {"2012": 2, "2013": 1, "2015": 1}, "citations_years": {"2013": 3, "2014": 1, "2015": 5, "2016": 3, "2017": 2, "2018": 0, "2019": 1}, "old_citations": {"2012": 9, "2013": 6, "2015": 0}, "isVisible": false}, "1968144242": {"name": "nir oren", "type": "author", "activity": 19, "h_index": 19, "h5_index": 5, "mag_id": "1968144242", "num_publications": 3, "num_citations": 7, "num_publications_5y": 2, "num_citations_5y": 4, "num_publications_10y": 3, "num_citations_10y": 5, "publications_years": {"2018": 2, "2013": 1}, "citations_years": {"2019": 2, "2013": 1, "2014": 1, "2015": 3}, "old_citations": {"2018": 2, "2013": 5}, "isVisible": false}, "2063919281": {"name": "michael luck", "type": "author", "activity": 27, "h_index": 43, "h5_index": 4, "mag_id": "2063919281", "num_publications": 3, "num_citations": 0, "num_publications_5y": 3, "num_citations_5y": 0, "num_publications_10y": 3, "num_citations_10y": 0, "publications_years": {"2017": 2, "2015": 1}, "citations_years": {}, "old_citations": {"2017": 0, "2015": 0}, "isVisible": false}, "2096885202": {"name": "simon miles", "type": "author", "activity": 20, "h_index": 32, "h5_index": 5, "mag_id": "2096885202", "num_publications": 3, "num_citations": 0, "num_publications_5y": 3, "num_citations_5y": 0, "num_publications_10y": 3, "num_citations_10y": 0, "publications_years": {"2017": 2, "2015": 1}, "citations_years": {}, "old_citations": {"2017": 0, "2015": 0}, "isVisible": false}, "2307316253": {"name": "nardine osman", "type": "author", "activity": 14, "h_index": 8, "h5_index": 2, "mag_id": "2307316253", "num_publications": 3, "num_citations": 9, "num_publications_5y": 1, "num_citations_5y": 5, "num_publications_10y": 3, "num_citations_10y": 8, "publications_years": {"2012": 2, "2015": 1}, "citations_years": {"2013": 3, "2014": 0, "2015": 2, "2016": 2, "2017": 1, "2018": 0, "2019": 1}, "old_citations": {"2012": 9, "2015": 0}, "isVisible": false}, "122669167": {"name": "tim baarslag", "type": "author", "activity": 9, "h_index": 12, "h5_index": 8, "mag_id": "122669167", "num_publications": 2, "num_citations": 5, "num_publications_5y": 2, "num_citations_5y": 0, "num_publications_10y": 2, "num_citations_10y": 0, "publications_years": {"2018": 2}, "citations_years": {"2019": 3, "2020": 2}, "old_citations": {"2018": 5}, "isVisible": false}, "248769468": {"name": "leila amgoud", "type": "author", "activity": 23, "h_index": 27, "h5_index": 6, "mag_id": "248769468", "num_publications": 2, "num_citations": 9, "num_publications_5y": 0, "num_citations_5y": 5, "num_publications_10y": 2, "num_citations_10y": 8, "publications_years": {"2012": 2}, "citations_years": {"2013": 3, "2014": 0, "2015": 2, "2016": 2, "2017": 1, "2018": 0, "2019": 1}, "old_citations": {"2012": 9}, "isVisible": false}, "329923621": {"name": "mark dinverno", "type": "author", "activity": 31, "h_index": 27, "h5_index": 2, "mag_id": "329923621", "num_publications": 2, "num_citations": 9, "num_publications_5y": 0, "num_citations_5y": 5, "num_publications_10y": 2, "num_citations_10y": 8, "publications_years": {"2012": 2}, "citations_years": {"2013": 3, "2014": 0, "2015": 2, "2016": 2, "2017": 1, "2018": 0, "2019": 1}, "old_citations": {"2012": 9}, "isVisible": false}, "1211699754": {"name": "holger billhardt", "type": "author", "activity": 22, "h_index": 13, "h5_index": 3, "mag_id": "1211699754", "num_publications": 2, "num_citations": 2, "num_publications_5y": 2, "num_citations_5y": 0, "num_publications_10y": 2, "num_citations_10y": 0, "publications_years": {"2018": 2}, "citations_years": {"2019": 1, "2020": 1}, "old_citations": {"2018": 2}, "isVisible": false}, "1552874613": {"name": "matthew yeeking", "type": "author", "activity": 13, "h_index": 6, "h5_index": 3, "mag_id": "1552874613", "num_publications": 2, "num_citations": 9, "num_publications_5y": 0, "num_citations_5y": 5, "num_publications_10y": 2, "num_citations_10y": 8, "publications_years": {"2012": 2}, "citations_years": {"2013": 3, "2014": 0, "2015": 2, "2016": 2, "2017": 1, "2018": 0, "2019": 1}, "old_citations": {"2012": 9}, "isVisible": false}, "1972808723": {"name": "alison r panisson", "type": "author", "activity": 5, "h_index": 6, "h5_index": 3, "mag_id": "1972808723", "num_publications": 2, "num_citations": 6, "num_publications_5y": 2, "num_citations_5y": 2, "num_publications_10y": 2, "num_citations_10y": 2, "publications_years": {"2018": 2}, "citations_years": {"2018": 2, "2019": 2, "2020": 2}, "old_citations": {"2018": 6}, "isVisible": false}, "2055690051": {"name": "peter mcburney", "type": "author", "activity": 21, "h_index": 36, "h5_index": 3, "mag_id": "2055690051", "num_publications": 2, "num_citations": 6, "num_publications_5y": 2, "num_citations_5y": 2, "num_publications_10y": 2, "num_citations_10y": 2, "publications_years": {"2018": 2}, "citations_years": {"2018": 2, "2019": 2, "2020": 2}, "old_citations": {"2018": 6}, "isVisible": false}, "2070721120": {"name": "roberto confalonieri", "type": "author", "activity": 16, "h_index": 7, "h5_index": 4, "mag_id": "2070721120", "num_publications": 2, "num_citations": 9, "num_publications_5y": 0, "num_citations_5y": 5, "num_publications_10y": 2, "num_citations_10y": 8, "publications_years": {"2012": 2}, "citations_years": {"2013": 3, "2014": 0, "2015": 2, "2016": 2, "2017": 1, "2018": 0, "2019": 1}, "old_citations": {"2012": 9}, "isVisible": false}, "2073985099": {"name": "katina hazelden", "type": "author", "activity": 4, "h_index": 3, "h5_index": 0, "mag_id": "2073985099", "num_publications": 2, "num_citations": 9, "num_publications_5y": 0, "num_citations_5y": 5, "num_publications_10y": 2, "num_citations_10y": 8, "publications_years": {"2012": 2}, "citations_years": {"2013": 3, "2014": 0, "2015": 2, "2016": 2, "2017": 1, "2018": 0, "2019": 1}, "old_citations": {"2012": 9}, "isVisible": false}, "2082615088": {"name": "henri prade", "type": "author", "activity": 30, "h_index": 47, "h5_index": 7, "mag_id": "2082615088", "num_publications": 2, "num_citations": 9, "num_publications_5y": 0, "num_citations_5y": 5, "num_publications_10y": 2, "num_citations_10y": 8, "publications_years": {"2012": 2}, "citations_years": {"2013": 3, "2014": 0, "2015": 2, "2016": 2, "2017": 1, "2018": 0, "2019": 1}, "old_citations": {"2012": 9}, "isVisible": false}, "2100493601": {"name": "antoine zimmermann", "type": "author", "activity": 14, "h_index": 13, "h5_index": 6, "mag_id": "2100493601", "num_publications": 2, "num_citations": 7, "num_publications_5y": 0, "num_citations_5y": 4, "num_publications_10y": 2, "num_citations_10y": 6, "publications_years": {"2012": 2}, "citations_years": {"2013": 2, "2014": 0, "2015": 1, "2016": 2, "2017": 0, "2018": 1, "2019": 1}, "old_citations": {"2012": 7}, "isVisible": false}, "2115869250": {"name": "simon parsons", "type": "author", "activity": 30, "h_index": 42, "h5_index": 4, "mag_id": "2115869250", "num_publications": 2, "num_citations": 6, "num_publications_5y": 2, "num_citations_5y": 2, "num_publications_10y": 2, "num_citations_10y": 2, "publications_years": {"2018": 2}, "citations_years": {"2018": 2, "2019": 2, "2020": 2}, "old_citations": {"2018": 6}, "isVisible": false}, "2124170260": {"name": "leendert van der torre", "type": "author", "activity": 28, "h_index": 34, "h5_index": 5, "mag_id": "2124170260", "num_publications": 2, "num_citations": 3, "num_publications_5y": 0, "num_citations_5y": 1, "num_publications_10y": 2, "num_citations_10y": 3, "publications_years": {"2012": 2}, "citations_years": {"2013": 2, "2014": 0, "2015": 1}, "old_citations": {"2012": 3}, "isVisible": false}, "2148810801": {"name": "alberto fernandez", "type": "author", "activity": 19, "h_index": 14, "h5_index": 3, "mag_id": "2148810801", "num_publications": 2, "num_citations": 2, "num_publications_5y": 2, "num_citations_5y": 0, "num_publications_10y": 2, "num_citations_10y": 0, "publications_years": {"2018": 2}, "citations_years": {"2019": 1, "2020": 1}, "old_citations": {"2018": 2}, "isVisible": false}, "2161042714": {"name": "wamberto vasconcelos", "type": "author", "activity": 27, "h_index": 22, "h5_index": 2, "mag_id": "2161042714", "num_publications": 2, "num_citations": 1, "num_publications_5y": 2, "num_citations_5y": 0, "num_publications_10y": 2, "num_citations_10y": 0, "publications_years": {"2018": 2}, "citations_years": {"2019": 1}, "old_citations": {"2018": 1}, "isVisible": false}, "2617214115": {"name": "valeriia haberland", "type": "author", "activity": 8, "h_index": 3, "h5_index": 2, "mag_id": "2617214115", "num_publications": 2, "num_citations": 0, "num_publications_5y": 2, "num_citations_5y": 0, "num_publications_10y": 2, "num_citations_10y": 0, "publications_years": {"2017": 2}, "citations_years": {}, "old_citations": {"2017": 0}, "isVisible": false}, "2667035442": {"name": "rafael h bordini", "type": "author", "activity": 23, "h_index": 31, "h5_index": 4, "mag_id": "2667035442", "num_publications": 2, "num_citations": 6, "num_publications_5y": 2, "num_citations_5y": 2, "num_publications_10y": 2, "num_citations_10y": 2, "publications_years": {"2018": 2}, "citations_years": {"2018": 2, "2019": 2, "2020": 2}, "old_citations": {"2018": 6}, "isVisible": false}, "2888798846": {"name": "stefan sarkadi", "type": "author", "activity": 1, "h_index": 3, "h5_index": 3, "mag_id": "2888798846", "num_publications": 2, "num_citations": 6, "num_publications_5y": 2, "num_citations_5y": 2, "num_publications_10y": 2, "num_citations_10y": 2, "publications_years": {"2018": 2}, "citations_years": {"2018": 2, "2019": 2, "2020": 2}, "old_citations": {"2018": 6}, "isVisible": false}, "73012180": {"name": "nicolas troquard", "type": "author", "activity": 14, "h_index": 10, "h5_index": 3, "mag_id": "73012180", "num_publications": 1, "num_citations": 0, "num_publications_5y": 0, "num_citations_5y": 0, "num_publications_10y": 1, "num_citations_10y": 0, "publications_years": {"2013": 1}, "citations_years": {}, "old_citations": {"2013": 0}, "isVisible": false}, "85652889": {"name": "carlos ivan chesnevar", "type": "author", "activity": 26, "h_index": 20, "h5_index": 1, "mag_id": "85652889", "num_publications": 1, "num_citations": 4, "num_publications_5y": 0, "num_citations_5y": 4, "num_publications_10y": 1, "num_citations_10y": 4, "publications_years": {"2013": 1}, "citations_years": {"2014": 3, "2015": 1}, "old_citations": {"2013": 4}, "isVisible": false}, "99171964": {"name": "diana marosin", "type": "author", "activity": 6, "h_index": 5, "h5_index": 2, "mag_id": "99171964", "num_publications": 1, "num_citations": 3, "num_publications_5y": 0, "num_citations_5y": 1, "num_publications_10y": 1, "num_citations_10y": 3, "publications_years": {"2012": 1}, "citations_years": {"2013": 2, "2014": 0, "2015": 1}, "old_citations": {"2012": 3}, "isVisible": false}, "113820988": {"name": "olivier boissier", "type": "author", "activity": 28, "h_index": 20, "h5_index": 6, "mag_id": "113820988", "num_publications": 1, "num_citations": 7, "num_publications_5y": 0, "num_citations_5y": 4, "num_publications_10y": 1, "num_citations_10y": 6, "publications_years": {"2012": 1}, "citations_years": {"2013": 2, "2014": 0, "2015": 1, "2016": 2, "2017": 0, "2018": 1, "2019": 1}, "old_citations": {"2012": 7}, "isVisible": false}, "157915158": {"name": "vicente botti", "type": "author", "activity": 28, "h_index": 21, "h5_index": 2, "mag_id": "157915158", "num_publications": 1, "num_citations": 2, "num_publications_5y": 0, "num_citations_5y": 2, "num_publications_10y": 1, "num_citations_10y": 2, "publications_years": {"2013": 1}, "citations_years": {"2015": 1, "2016": 0, "2017": 1}, "old_citations": {"2013": 2}, "isVisible": false}, "178768489": {"name": "zafeiris kokkinogenis", "type": "author", "activity": 10, "h_index": 5, "h5_index": 2, "mag_id": "178768489", "num_publications": 1, "num_citations": 2, "num_publications_5y": 1, "num_citations_5y": 0, "num_publications_10y": 1, "num_citations_10y": 0, "publications_years": {"2018": 1}, "citations_years": {"2019": 1, "2020": 1}, "old_citations": {"2018": 2}, "isVisible": false}, "282375660": {"name": "nicoletta fornara", "type": "author", "activity": 19, "h_index": 14, "h5_index": 2, "mag_id": "282375660", "num_publications": 1, "num_citations": 2, "num_publications_5y": 1, "num_citations_5y": 0, "num_publications_10y": 1, "num_citations_10y": 0, "publications_years": {"2018": 1}, "citations_years": {"2019": 2}, "old_citations": {"2018": 2}, "isVisible": false}, "1198231807": {"name": "alexandram ad alina zarafin", "type": "author", "activity": 1, "h_index": 1, "h5_index": 0, "mag_id": "1198231807", "num_publications": 1, "num_citations": 7, "num_publications_5y": 0, "num_citations_5y": 4, "num_publications_10y": 1, "num_citations_10y": 6, "publications_years": {"2012": 1}, "citations_years": {"2013": 2, "2014": 0, "2015": 1, "2016": 2, "2017": 0, "2018": 1, "2019": 1}, "old_citations": {"2012": 7}, "isVisible": false}, "1701786986": {"name": "shun shiramatsu", "type": "author", "activity": 15, "h_index": 6, "h5_index": 2, "mag_id": "1701786986", "num_publications": 1, "num_citations": 1, "num_publications_5y": 1, "num_citations_5y": 0, "num_publications_10y": 1, "num_citations_10y": 0, "publications_years": {"2018": 1}, "citations_years": {"2019": 1}, "old_citations": {"2018": 1}, "isVisible": false}, "1890029116": {"name": "marin lujak", "type": "author", "activity": 11, "h_index": 8, "h5_index": 4, "mag_id": "1890029116", "num_publications": 1, "num_citations": 0, "num_publications_5y": 1, "num_citations_5y": 0, "num_publications_10y": 1, "num_citations_10y": 0, "publications_years": {"2018": 1}, "citations_years": {}, "old_citations": {"2018": 0}, "isVisible": false}, "1928926416": {"name": "reyhan aydogan", "type": "author", "activity": 14, "h_index": 9, "h5_index": 3, "mag_id": "1928926416", "num_publications": 1, "num_citations": 3, "num_publications_5y": 1, "num_citations_5y": 0, "num_publications_10y": 1, "num_citations_10y": 0, "publications_years": {"2018": 1}, "citations_years": {"2019": 2, "2020": 1}, "old_citations": {"2018": 3}, "isVisible": false}, "1945924562": {"name": "pedro m dorey", "type": "author", "activity": 14, "h_index": 6, "h5_index": 2, "mag_id": "1945924562", "num_publications": 1, "num_citations": 2, "num_publications_5y": 1, "num_citations_5y": 0, "num_publications_10y": 1, "num_citations_10y": 0, "publications_years": {"2018": 1}, "citations_years": {"2019": 1, "2020": 1}, "old_citations": {"2018": 2}, "isVisible": false}, "1975496208": {"name": "andreas herzig", "type": "author", "activity": 31, "h_index": 26, "h5_index": 6, "mag_id": "1975496208", "num_publications": 1, "num_citations": 14, "num_publications_5y": 1, "num_citations_5y": 11, "num_publications_10y": 1, "num_citations_10y": 11, "publications_years": {"2017": 1}, "citations_years": {"2016": 4, "2017": 3, "2018": 4, "2019": 3}, "old_citations": {"2017": 14}, "isVisible": false}, "1989348731": {"name": "serena villata", "type": "author", "activity": 14, "h_index": 20, "h5_index": 9, "mag_id": "1989348731", "num_publications": 1, "num_citations": 0, "num_publications_5y": 0, "num_citations_5y": 0, "num_publications_10y": 1, "num_citations_10y": 0, "publications_years": {"2012": 1}, "citations_years": {}, "old_citations": {"2012": 0}, "isVisible": false}, "2002208782": {"name": "guido boella", "type": "author", "activity": 25, "h_index": 29, "h5_index": 5, "mag_id": "2002208782", "num_publications": 1, "num_citations": 0, "num_publications_5y": 0, "num_citations_5y": 0, "num_publications_10y": 1, "num_citations_10y": 0, "publications_years": {"2012": 1}, "citations_years": {}, "old_citations": {"2012": 0}, "isVisible": false}, "2016708809": {"name": "catholijn m jonker", "type": "author", "activity": 29, "h_index": 34, "h5_index": 7, "mag_id": "2016708809", "num_publications": 1, "num_citations": 3, "num_publications_5y": 1, "num_citations_5y": 0, "num_publications_10y": 1, "num_citations_10y": 0, "publications_years": {"2018": 1}, "citations_years": {"2019": 2, "2020": 1}, "old_citations": {"2018": 3}, "isVisible": false}, "2026708028": {"name": "katarzyna musial", "type": "author", "activity": 15, "h_index": 16, "h5_index": 2, "mag_id": "2026708028", "num_publications": 1, "num_citations": 1, "num_publications_5y": 1, "num_citations_5y": 1, "num_publications_10y": 1, "num_citations_10y": 1, "publications_years": {"2015": 1}, "citations_years": {"2017": 1}, "old_citations": {"2015": 1}, "isVisible": false}, "2042656952": {"name": "sascha ossowski", "type": "author", "activity": 25, "h_index": 20, "h5_index": 4, "mag_id": "2042656952", "num_publications": 1, "num_citations": 1, "num_publications_5y": 1, "num_citations_5y": 0, "num_publications_10y": 1, "num_citations_10y": 0, "publications_years": {"2018": 1}, "citations_years": {"2019": 1}, "old_citations": {"2018": 1}, "isVisible": false}, "2054966800": {"name": "carlos carrascosa", "type": "author", "activity": 25, "h_index": 15, "h5_index": 6, "mag_id": "2054966800", "num_publications": 1, "num_citations": 0, "num_publications_5y": 1, "num_citations_5y": 0, "num_publications_10y": 1, "num_citations_10y": 0, "publications_years": {"2018": 1}, "citations_years": {}, "old_citations": {"2018": 0}, "isVisible": false}, "2056802613": {"name": "jorg rothe", "type": "author", "activity": 25, "h_index": 20, "h5_index": 5, "mag_id": "2056802613", "num_publications": 1, "num_citations": 0, "num_publications_5y": 1, "num_citations_5y": 0, "num_publications_10y": 1, "num_citations_10y": 0, "publications_years": {"2018": 1}, "citations_years": {}, "old_citations": {"2018": 0}, "isVisible": false}, "2069129026": {"name": "katsuhide fujita", "type": "author", "activity": 13, "h_index": 11, "h5_index": 3, "mag_id": "2069129026", "num_publications": 1, "num_citations": 3, "num_publications_5y": 1, "num_citations_5y": 0, "num_publications_10y": 1, "num_citations_10y": 0, "publications_years": {"2018": 1}, "citations_years": {"2019": 2, "2020": 1}, "old_citations": {"2018": 3}, "isVisible": false}, "2082166982": {"name": "chatschik bisdikian", "type": "author", "activity": 24, "h_index": 24, "h5_index": 0, "mag_id": "2082166982", "num_publications": 1, "num_citations": 5, "num_publications_5y": 0, "num_citations_5y": 4, "num_publications_10y": 1, "num_citations_10y": 5, "publications_years": {"2013": 1}, "citations_years": {"2013": 1, "2014": 1, "2015": 3}, "old_citations": {"2013": 5}, "isVisible": false}, "2083019262": {"name": "marco colombetti", "type": "author", "activity": 27, "h_index": 21, "h5_index": 2, "mag_id": "2083019262", "num_publications": 1, "num_citations": 2, "num_publications_5y": 1, "num_citations_5y": 0, "num_publications_10y": 1, "num_citations_10y": 0, "publications_years": {"2018": 1}, "citations_years": {"2019": 2}, "old_citations": {"2018": 2}, "isVisible": false}, "2106214946": {"name": "wiebe van der hoek", "type": "author", "activity": 29, "h_index": 30, "h5_index": 3, "mag_id": "2106214946", "num_publications": 1, "num_citations": 0, "num_publications_5y": 0, "num_citations_5y": 0, "num_publications_10y": 1, "num_citations_10y": 0, "publications_years": {"2013": 1}, "citations_years": {}, "old_citations": {"2013": 0}, "isVisible": false}, "2108328683": {"name": "patricia gutierrez", "type": "author", "activity": 10, "h_index": 7, "h5_index": 1, "mag_id": "2108328683", "num_publications": 1, "num_citations": 0, "num_publications_5y": 1, "num_citations_5y": 0, "num_publications_10y": 1, "num_citations_10y": 0, "publications_years": {"2015": 1}, "citations_years": {}, "old_citations": {"2015": 0}, "isVisible": false}, "2108891769": {"name": "yuqing tang", "type": "author", "activity": 12, "h_index": 7, "h5_index": 1, "mag_id": "2108891769", "num_publications": 1, "num_citations": 5, "num_publications_5y": 0, "num_citations_5y": 4, "num_publications_10y": 1, "num_citations_10y": 5, "publications_years": {"2013": 1}, "citations_years": {"2013": 1, "2014": 1, "2015": 3}, "old_citations": {"2013": 5}, "isVisible": false}, "2110064655": {"name": "miguel angel rodriguezgarcia", "type": "author", "activity": 8, "h_index": 7, "h5_index": 4, "mag_id": "2110064655", "num_publications": 1, "num_citations": 1, "num_publications_5y": 1, "num_citations_5y": 0, "num_publications_10y": 1, "num_citations_10y": 0, "publications_years": {"2018": 1}, "citations_years": {"2019": 1}, "old_citations": {"2018": 1}, "isVisible": false}, "2117854920": {"name": "patrice caire", "type": "author", "activity": 23, "h_index": 7, "h5_index": 1, "mag_id": "2117854920", "num_publications": 1, "num_citations": 0, "num_publications_5y": 0, "num_citations_5y": 0, "num_publications_10y": 1, "num_citations_10y": 0, "publications_years": {"2012": 1}, "citations_years": {}, "old_citations": {"2012": 0}, "isVisible": false}, "2128303144": {"name": "jesper nilsson", "type": "author", "activity": 1, "h_index": 1, "h5_index": 0, "mag_id": "2128303144", "num_publications": 1, "num_citations": 1, "num_publications_5y": 1, "num_citations_5y": 1, "num_publications_10y": 1, "num_citations_10y": 1, "publications_years": {"2015": 1}, "citations_years": {"2017": 1}, "old_citations": {"2015": 1}, "isVisible": false}, "2128467596": {"name": "miguel rebollo", "type": "author", "activity": 23, "h_index": 12, "h5_index": 2, "mag_id": "2128467596", "num_publications": 1, "num_citations": 0, "num_publications_5y": 1, "num_citations_5y": 0, "num_publications_10y": 1, "num_citations_10y": 0, "publications_years": {"2018": 1}, "citations_years": {}, "old_citations": {"2018": 0}, "isVisible": false}, "2134580445": {"name": "takayuki ito", "type": "author", "activity": 31, "h_index": 19, "h5_index": 4, "mag_id": "2134580445", "num_publications": 1, "num_citations": 3, "num_publications_5y": 1, "num_citations_5y": 0, "num_publications_10y": 1, "num_citations_10y": 0, "publications_years": {"2018": 1}, "citations_years": {"2019": 2, "2020": 1}, "old_citations": {"2018": 3}, "isVisible": false}, "2144225741": {"name": "zijie cong", "type": "author", "activity": 6, "h_index": 4, "h5_index": 0, "mag_id": "2144225741", "num_publications": 1, "num_citations": 4, "num_publications_5y": 0, "num_citations_5y": 4, "num_publications_10y": 1, "num_citations_10y": 4, "publications_years": {"2013": 1}, "citations_years": {"2015": 1, "2016": 3}, "old_citations": {"2013": 4}, "isVisible": false}, "2147415287": {"name": "miguel a teixeira", "type": "author", "activity": 3, "h_index": 1, "h5_index": 1, "mag_id": "2147415287", "num_publications": 1, "num_citations": 2, "num_publications_5y": 1, "num_citations_5y": 0, "num_publications_10y": 1, "num_citations_10y": 0, "publications_years": {"2018": 1}, "citations_years": {"2019": 1, "2020": 1}, "old_citations": {"2018": 2}, "isVisible": false}, "2152713718": {"name": "stella heras", "type": "author", "activity": 15, "h_index": 9, "h5_index": 3, "mag_id": "2152713718", "num_publications": 1, "num_citations": 2, "num_publications_5y": 0, "num_citations_5y": 2, "num_publications_10y": 1, "num_citations_10y": 2, "publications_years": {"2013": 1}, "citations_years": {"2015": 1, "2016": 0, "2017": 1}, "old_citations": {"2013": 2}, "isVisible": false}, "2162501773": {"name": "vicente julian", "type": "author", "activity": 22, "h_index": 19, "h5_index": 6, "mag_id": "2162501773", "num_publications": 1, "num_citations": 2, "num_publications_5y": 0, "num_citations_5y": 2, "num_publications_10y": 1, "num_citations_10y": 2, "publications_years": {"2013": 1}, "citations_years": {"2015": 1, "2016": 0, "2017": 1}, "old_citations": {"2013": 2}, "isVisible": false}, "2169669566": {"name": "maite lopezsanchez", "type": "author", "activity": 23, "h_index": 12, "h5_index": 3, "mag_id": "2169669566", "num_publications": 1, "num_citations": 0, "num_publications_5y": 1, "num_citations_5y": 0, "num_publications_10y": 1, "num_citations_10y": 0, "publications_years": {"2016": 1}, "citations_years": {}, "old_citations": {"2016": 0}, "isVisible": false}, "2169918548": {"name": "bruno rosell", "type": "author", "activity": 12, "h_index": 4, "h5_index": 0, "mag_id": "2169918548", "num_publications": 1, "num_citations": 6, "num_publications_5y": 0, "num_citations_5y": 6, "num_publications_10y": 1, "num_citations_10y": 6, "publications_years": {"2013": 1}, "citations_years": {"2014": 1, "2015": 3, "2016": 1, "2017": 1}, "old_citations": {"2013": 6}, "isVisible": false}, "2222791853": {"name": "akira kamiya", "type": "author", "activity": 1, "h_index": 1, "h5_index": 1, "mag_id": "2222791853", "num_publications": 1, "num_citations": 1, "num_publications_5y": 1, "num_citations_5y": 0, "num_publications_10y": 1, "num_citations_10y": 0, "publications_years": {"2018": 1}, "citations_years": {"2019": 1}, "old_citations": {"2018": 1}, "isVisible": false}, "2240879353": {"name": "juan a rodriguezaguilar", "type": "author", "activity": 22, "h_index": 27, "h5_index": 3, "mag_id": "2240879353", "num_publications": 1, "num_citations": 0, "num_publications_5y": 1, "num_citations_5y": 0, "num_publications_10y": 1, "num_citations_10y": 0, "publications_years": {"2016": 1}, "citations_years": {}, "old_citations": {"2016": 0}, "isVisible": false}, "2275085245": {"name": "chris haynes", "type": "author", "activity": 5, "h_index": 2, "h5_index": 1, "mag_id": "2275085245", "num_publications": 1, "num_citations": 0, "num_publications_5y": 1, "num_citations_5y": 0, "num_publications_10y": 1, "num_citations_10y": 0, "publications_years": {"2015": 1}, "citations_years": {}, "old_citations": {"2015": 0}, "isVisible": false}, "2277865722": {"name": "alex handrik proper", "type": "author", "activity": 1, "h_index": 1, "h5_index": 0, "mag_id": "2277865722", "num_publications": 1, "num_citations": 3, "num_publications_5y": 0, "num_citations_5y": 1, "num_publications_10y": 1, "num_citations_10y": 3, "publications_years": {"2012": 1}, "citations_years": {"2013": 2, "2014": 0, "2015": 1}, "old_citations": {"2012": 3}, "isVisible": false}, "2287633006": {"name": "ralf bruns", "type": "author", "activity": 29, "h_index": 8, "h5_index": 2, "mag_id": "2287633006", "num_publications": 1, "num_citations": 1, "num_publications_5y": 1, "num_citations_5y": 0, "num_publications_10y": 1, "num_citations_10y": 0, "publications_years": {"2018": 1}, "citations_years": {"2019": 1}, "old_citations": {"2018": 1}, "isVisible": false}, "2302953143": {"name": "franziska klugl", "type": "author", "activity": 21, "h_index": 17, "h5_index": 2, "mag_id": "2302953143", "num_publications": 1, "num_citations": 1, "num_publications_5y": 1, "num_citations_5y": 1, "num_publications_10y": 1, "num_citations_10y": 1, "publications_years": {"2015": 1}, "citations_years": {"2017": 1}, "old_citations": {"2015": 1}, "isVisible": false}, "2305319064": {"name": "federico cerutti", "type": "author", "activity": 12, "h_index": 12, "h5_index": 6, "mag_id": "2305319064", "num_publications": 1, "num_citations": 5, "num_publications_5y": 0, "num_citations_5y": 4, "num_publications_10y": 1, "num_citations_10y": 5, "publications_years": {"2013": 1}, "citations_years": {"2013": 1, "2014": 1, "2015": 3}, "old_citations": {"2013": 5}, "isVisible": false}, "2319420197": {"name": "maria paula gonzalez", "type": "author", "activity": 13, "h_index": 8, "h5_index": 1, "mag_id": "2319420197", "num_publications": 1, "num_citations": 4, "num_publications_5y": 0, "num_citations_5y": 4, "num_publications_10y": 1, "num_citations_10y": 4, "publications_years": {"2013": 1}, "citations_years": {"2014": 3, "2015": 1}, "old_citations": {"2013": 4}, "isVisible": false}, "2324290336": {"name": "nikolaos g paterakis", "type": "author", "activity": 5, "h_index": 5, "h5_index": 2, "mag_id": "2324290336", "num_publications": 1, "num_citations": 2, "num_publications_5y": 1, "num_citations_5y": 0, "num_publications_10y": 1, "num_citations_10y": 0, "publications_years": {"2018": 1}, "citations_years": {"2019": 1, "2020": 1}, "old_citations": {"2018": 2}, "isVisible": false}, "2330016018": {"name": "faustine maffre", "type": "author", "activity": 4, "h_index": 5, "h5_index": 5, "mag_id": "2330016018", "num_publications": 1, "num_citations": 14, "num_publications_5y": 1, "num_citations_5y": 11, "num_publications_10y": 1, "num_citations_10y": 11, "publications_years": {"2017": 1}, "citations_years": {"2016": 4, "2017": 3, "2018": 4, "2019": 3}, "old_citations": {"2017": 14}, "isVisible": false}, "2343562992": {"name": "benno kuckuck", "type": "author", "activity": 2, "h_index": 1, "h5_index": 1, "mag_id": "2343562992", "num_publications": 1, "num_citations": 0, "num_publications_5y": 1, "num_citations_5y": 0, "num_publications_10y": 1, "num_citations_10y": 0, "publications_years": {"2018": 1}, "citations_years": {}, "old_citations": {"2018": 0}, "isVisible": false}, "2343987542": {"name": "jurgen dunkel", "type": "author", "activity": 17, "h_index": 9, "h5_index": 3, "mag_id": "2343987542", "num_publications": 1, "num_citations": 1, "num_publications_5y": 1, "num_citations_5y": 0, "num_publications_10y": 1, "num_citations_10y": 0, "publications_years": {"2018": 1}, "citations_years": {"2019": 1}, "old_citations": {"2018": 1}, "isVisible": false}, "2345025092": {"name": "michael wooldridge", "type": "author", "activity": 29, "h_index": 70, "h5_index": 7, "mag_id": "2345025092", "num_publications": 1, "num_citations": 0, "num_publications_5y": 0, "num_citations_5y": 0, "num_publications_10y": 1, "num_citations_10y": 0, "publications_years": {"2013": 1}, "citations_years": {}, "old_citations": {"2013": 0}, "isVisible": false}, "2407436888": {"name": "jeroen keppens", "type": "author", "activity": 24, "h_index": 12, "h5_index": 2, "mag_id": "2407436888", "num_publications": 1, "num_citations": 1, "num_publications_5y": 1, "num_citations_5y": 1, "num_publications_10y": 1, "num_citations_10y": 1, "publications_years": {"2015": 1}, "citations_years": {"2017": 1}, "old_citations": {"2015": 1}, "isVisible": false}, "2408222537": {"name": "alberto palomares", "type": "author", "activity": 15, "h_index": 7, "h5_index": 1, "mag_id": "2408222537", "num_publications": 1, "num_citations": 0, "num_publications_5y": 1, "num_citations_5y": 0, "num_publications_10y": 1, "num_citations_10y": 0, "publications_years": {"2018": 1}, "citations_years": {}, "old_citations": {"2018": 0}, "isVisible": false}, "2424688344": {"name": "arnaud doniec", "type": "author", "activity": 15, "h_index": 10, "h5_index": 2, "mag_id": "2424688344", "num_publications": 1, "num_citations": 0, "num_publications_5y": 1, "num_citations_5y": 0, "num_publications_10y": 1, "num_citations_10y": 0, "publications_years": {"2018": 1}, "citations_years": {}, "old_citations": {"2018": 0}, "isVisible": false}, "2464545356": {"name": "santhilata kuppili venkata", "type": "author", "activity": 5, "h_index": 1, "h5_index": 0, "mag_id": "2464545356", "num_publications": 1, "num_citations": 1, "num_publications_5y": 1, "num_citations_5y": 1, "num_publications_10y": 1, "num_citations_10y": 1, "publications_years": {"2015": 1}, "citations_years": {"2017": 1}, "old_citations": {"2015": 1}, "isVisible": false}, "2476411972": {"name": "pawel szmeja", "type": "author", "activity": 8, "h_index": 7, "h5_index": 6, "mag_id": "2476411972", "num_publications": 1, "num_citations": 0, "num_publications_5y": 0, "num_citations_5y": 0, "num_publications_10y": 1, "num_citations_10y": 0, "publications_years": {"2012": 1}, "citations_years": {}, "old_citations": {"2012": 0}, "isVisible": false}, "2558015611": {"name": "michael kaisers", "type": "author", "activity": 13, "h_index": 11, "h5_index": 5, "mag_id": "2558015611", "num_publications": 1, "num_citations": 2, "num_publications_5y": 1, "num_citations_5y": 0, "num_publications_10y": 1, "num_citations_10y": 0, "publications_years": {"2018": 1}, "citations_years": {"2019": 1, "2020": 1}, "old_citations": {"2018": 2}, "isVisible": false}, "2590986003": {"name": "ana gabriela maguitman", "type": "author", "activity": 25, "h_index": 23, "h5_index": 2, "mag_id": "2590986003", "num_publications": 1, "num_citations": 4, "num_publications_5y": 0, "num_citations_5y": 4, "num_publications_10y": 1, "num_citations_10y": 4, "publications_years": {"2013": 1}, "citations_years": {"2014": 3, "2015": 1}, "old_citations": {"2013": 4}, "isVisible": false}, "2605500780": {"name": "jordi ganzerripoll", "type": "author", "activity": 1, "h_index": 0, "h5_index": 0, "mag_id": "2605500780", "num_publications": 1, "num_citations": 0, "num_publications_5y": 1, "num_citations_5y": 0, "num_publications_10y": 1, "num_citations_10y": 0, "publications_years": {"2016": 1}, "citations_years": {}, "old_citations": {"2016": 0}, "isVisible": false}, "2618548452": {"name": "jeremias dotterl", "type": "author", "activity": 3, "h_index": 2, "h5_index": 2, "mag_id": "2618548452", "num_publications": 1, "num_citations": 1, "num_publications_5y": 1, "num_citations_5y": 0, "num_publications_10y": 1, "num_citations_10y": 0, "publications_years": {"2018": 1}, "citations_years": {"2019": 1}, "old_citations": {"2018": 1}, "isVisible": false}, "2631197404": {"name": "alberto fernandez gil", "type": "author", "activity": 1, "h_index": 2, "h5_index": 0, "mag_id": "2631197404", "num_publications": 1, "num_citations": 4, "num_publications_5y": 0, "num_citations_5y": 4, "num_publications_10y": 1, "num_citations_10y": 4, "publications_years": {"2013": 1}, "citations_years": {"2015": 1, "2016": 3}, "old_citations": {"2013": 4}, "isVisible": false}, "2798919592": {"name": "juan afanador", "type": "author", "activity": 3, "h_index": 1, "h5_index": 1, "mag_id": "2798919592", "num_publications": 1, "num_citations": 1, "num_publications_5y": 1, "num_citations_5y": 0, "num_publications_10y": 1, "num_citations_10y": 0, "publications_years": {"2018": 1}, "citations_years": {"2019": 1}, "old_citations": {"2018": 1}, "isVisible": false}, "2808744362": {"name": "sandra timon", "type": "author", "activity": 1, "h_index": 1, "h5_index": 1, "mag_id": "2808744362", "num_publications": 1, "num_citations": 1, "num_publications_5y": 1, "num_citations_5y": 0, "num_publications_10y": 1, "num_citations_10y": 0, "publications_years": {"2018": 1}, "citations_years": {"2020": 1}, "old_citations": {"2018": 1}, "isVisible": false}, "2808843186": {"name": "carlos ruiz", "type": "author", "activity": 1, "h_index": 1, "h5_index": 1, "mag_id": "2808843186", "num_publications": 1, "num_citations": 1, "num_publications_5y": 1, "num_citations_5y": 0, "num_publications_10y": 1, "num_citations_10y": 0, "publications_years": {"2018": 1}, "citations_years": {"2020": 1}, "old_citations": {"2018": 1}, "isVisible": false}, "2809726336": {"name": "kathrin grosse", "type": "author", "activity": 4, "h_index": 3, "h5_index": 0, "mag_id": "2809726336", "num_publications": 1, "num_citations": 4, "num_publications_5y": 0, "num_citations_5y": 4, "num_publications_10y": 1, "num_citations_10y": 4, "publications_years": {"2013": 1}, "citations_years": {"2014": 3, "2015": 1}, "old_citations": {"2013": 4}, "isVisible": false}, "2914365536": {"name": "dimitrios tsimpoukis", "type": "author", "activity": 1, "h_index": 1, "h5_index": 1, "mag_id": "2914365536", "num_publications": 1, "num_citations": 2, "num_publications_5y": 1, "num_citations_5y": 0, "num_publications_10y": 1, "num_citations_10y": 0, "publications_years": {"2018": 1}, "citations_years": {"2019": 1, "2020": 1}, "old_citations": {"2018": 2}, "isVisible": false}, "2926723508": {"name": "ivan bernabe", "type": "author", "activity": 1, "h_index": 1, "h5_index": 1, "mag_id": "2926723508", "num_publications": 1, "num_citations": 1, "num_publications_5y": 1, "num_citations_5y": 0, "num_publications_10y": 1, "num_citations_10y": 0, "publications_years": {"2018": 1}, "citations_years": {"2020": 1}, "old_citations": {"2018": 1}, "isVisible": false}, "2932346724": {"name": "alessia chiappa", "type": "author", "activity": 1, "h_index": 1, "h5_index": 1, "mag_id": "2932346724", "num_publications": 1, "num_citations": 2, "num_publications_5y": 1, "num_citations_5y": 0, "num_publications_10y": 1, "num_citations_10y": 0, "publications_years": {"2018": 1}, "citations_years": {"2019": 2}, "old_citations": {"2018": 2}, "isVisible": false}, "2933035558": {"name": "ko kitagawa", "type": "author", "activity": 1, "h_index": 1, "h5_index": 1, "mag_id": "2933035558", "num_publications": 1, "num_citations": 1, "num_publications_5y": 1, "num_citations_5y": 0, "num_publications_10y": 1, "num_citations_10y": 0, "publications_years": {"2018": 1}, "citations_years": {"2019": 1}, "old_citations": {"2018": 1}, "isVisible": false}, "2934447534": {"name": "athanasios panaretos", "type": "author", "activity": 1, "h_index": 0, "h5_index": 0, "mag_id": "2934447534", "num_publications": 1, "num_citations": 0, "num_publications_5y": 1, "num_citations_5y": 0, "num_publications_10y": 1, "num_citations_10y": 0, "publications_years": {"2018": 1}, "citations_years": {}, "old_citations": {"2018": 0}, "isVisible": false}, "2935115662": {"name": "oscar sanchez", "type": "author", "activity": 3, "h_index": 1, "h5_index": 1, "mag_id": "2935115662", "num_publications": 1, "num_citations": 1, "num_publications_5y": 1, "num_citations_5y": 0, "num_publications_10y": 1, "num_citations_10y": 0, "publications_years": {"2018": 1}, "citations_years": {"2020": 1}, "old_citations": {"2018": 1}, "isVisible": false}, "2943692914": {"name": "david corsar", "type": "author", "activity": 2, "h_index": 0, "h5_index": 0, "mag_id": "2943692914", "num_publications": 1, "num_citations": 0, "num_publications_5y": 1, "num_citations_5y": 0, "num_publications_10y": 1, "num_citations_10y": 0, "publications_years": {"2018": 1}, "citations_years": {}, "old_citations": {"2018": 0}, "isVisible": false}, "2950539175": {"name": "samuel r cauvin", "type": "author", "activity": 1, "h_index": 1, "h5_index": 1, "mag_id": "2950539175", "num_publications": 1, "num_citations": 1, "num_publications_5y": 1, "num_citations_5y": 0, "num_publications_10y": 1, "num_citations_10y": 0, "publications_years": {"2018": 1}, "citations_years": {"2019": 1}, "old_citations": {"2018": 1}, "isVisible": false}, "2996850354": {"name": "murilo s baptista", "type": "author", "activity": 13, "h_index": 9, "h5_index": 6, "mag_id": "2996850354", "num_publications": 1, "num_citations": 1, "num_publications_5y": 1, "num_citations_5y": 0, "num_publications_10y": 1, "num_citations_10y": 0, "publications_years": {"2018": 1}, "citations_years": {"2019": 1}, "old_citations": {"2018": 1}, "isVisible": false}}, "countries": {"United Kingdom": {"name": "United Kingdom", "type": "country", "h5_index": 172, "num_publications": 11, "num_citations": 17, "num_publications_5y": 7, "num_citations_5y": 10, "num_publications_10y": 11, "num_citations_10y": 14, "publications_years": {"2017": 2, "2018": 3, "2012": 2, "2013": 2, "2015": 2}, "citations_years": {"2019": 3, "2013": 4, "2014": 1, "2015": 5, "2016": 2, "2017": 2, "2018": 0}, "old_citations": {"2017": 0, "2018": 2, "2012": 9, "2013": 5, "2015": 1}, "isVisible": false}, "Spain": {"name": "Spain", "type": "country", "h5_index": 91, "num_publications": 9, "num_citations": 21, "num_publications_5y": 5, "num_citations_5y": 13, "num_publications_10y": 9, "num_citations_10y": 16, "publications_years": {"2016": 1, "2012": 2, "2013": 2, "2015": 1, "2018": 3}, "citations_years": {"2013": 3, "2014": 1, "2015": 6, "2016": 3, "2017": 3, "2018": 0, "2019": 4, "2020": 1}, "old_citations": {"2016": 0, "2012": 9, "2013": 8, "2015": 0, "2018": 4}, "isVisible": false}, "France": {"name": "France", "type": "country", "h5_index": 99, "num_publications": 5, "num_citations": 23, "num_publications_5y": 1, "num_citations_5y": 16, "num_publications_10y": 5, "num_citations_10y": 19, "publications_years": {"2012": 4, "2017": 1}, "citations_years": {"2013": 3, "2014": 0, "2015": 2, "2016": 6, "2017": 4, "2018": 4, "2019": 4}, "old_citations": {"2012": 9, "2017": 14}, "isVisible": false}, "Netherlands": {"name": "Netherlands", "type": "country", "h5_index": 91, "num_publications": 3, "num_citations": 8, "num_publications_5y": 2, "num_citations_5y": 1, "num_publications_10y": 3, "num_citations_10y": 3, "publications_years": {"2018": 2, "2012": 1}, "citations_years": {"2019": 3, "2020": 2, "2013": 2, "2014": 0, "2015": 1}, "old_citations": {"2018": 5, "2012": 3}, "isVisible": false}, "Italy": {"name": "Italy", "type": "country", "h5_index": 94, "num_publications": 2, "num_citations": 2, "num_publications_5y": 1, "num_citations_5y": 0, "num_publications_10y": 2, "num_citations_10y": 0, "publications_years": {"2012": 1, "2018": 1}, "citations_years": {"2019": 2}, "old_citations": {"2012": 0, "2018": 2}, "isVisible": false}, "Japan": {"name": "Japan", "type": "country", "h5_index": 94, "num_publications": 2, "num_citations": 4, "num_publications_5y": 2, "num_citations_5y": 0, "num_publications_10y": 2, "num_citations_10y": 0, "publications_years": {"2018": 2}, "citations_years": {"2019": 3, "2020": 1}, "old_citations": {"2018": 4}, "isVisible": false}, "Luxembourg": {"name": "Luxembourg", "type": "country", "h5_index": 37, "num_publications": 2, "num_citations": 3, "num_publications_5y": 0, "num_citations_5y": 1, "num_publications_10y": 2, "num_citations_10y": 3, "publications_years": {"2012": 2}, "citations_years": {"2013": 2, "2014": 0, "2015": 1}, "old_citations": {"2012": 3}, "isVisible": false}, "Argentina": {"name": "Argentina", "type": "country", "h5_index": 26, "num_publications": 1, "num_citations": 4, "num_publications_5y": 0, "num_citations_5y": 4, "num_publications_10y": 1, "num_citations_10y": 4, "publications_years": {"2013": 1}, "citations_years": {"2014": 3, "2015": 1}, "old_citations": {"2013": 4}, "isVisible": false}, "Australia": {"name": "Australia", "type": "country", "h5_index": 141, "num_publications": 1, "num_citations": 3, "num_publications_5y": 1, "num_citations_5y": 0, "num_publications_10y": 1, "num_citations_10y": 0, "publications_years": {"2018": 1}, "citations_years": {"2019": 2, "2020": 1}, "old_citations": {"2018": 3}, "isVisible": false}, "Poland": {"name": "Poland", "type": "country", "h5_index": 46, "num_publications": 1, "num_citations": 0, "num_publications_5y": 0, "num_citations_5y": 0, "num_publications_10y": 1, "num_citations_10y": 0, "publications_years": {"2012": 1}, "citations_years": {}, "old_citations": {"2012": 0}, "isVisible": false}, "Portugal": {"name": "Portugal", "type": "country", "h5_index": 44, "num_publications": 1, "num_citations": 2, "num_publications_5y": 1, "num_citations_5y": 0, "num_publications_10y": 1, "num_citations_10y": 0, "publications_years": {"2018": 1}, "citations_years": {"2019": 1, "2020": 1}, "old_citations": {"2018": 2}, "isVisible": false}, "Sweden": {"name": "Sweden", "type": "country", "h5_index": 82, "num_publications": 1, "num_citations": 1, "num_publications_5y": 1, "num_citations_5y": 1, "num_publications_10y": 1, "num_citations_10y": 1, "publications_years": {"2015": 1}, "citations_years": {"2017": 1}, "old_citations": {"2015": 1}, "isVisible": false}, "Switzerland": {"name": "Switzerland", "type": "country", "h5_index": 102, "num_publications": 1, "num_citations": 2, "num_publications_5y": 1, "num_citations_5y": 0, "num_publications_10y": 1, "num_citations_10y": 0, "publications_years": {"2018": 1}, "citations_years": {"2019": 2}, "old_citations": {"2018": 2}, "isVisible": false}, "Turkey": {"name": "Turkey", "type": "country", "h5_index": 56, "num_publications": 1, "num_citations": 3, "num_publications_5y": 1, "num_citations_5y": 0, "num_publications_10y": 1, "num_citations_10y": 0, "publications_years": {"2018": 1}, "citations_years": {"2019": 2, "2020": 1}, "old_citations": {"2018": 3}, "isVisible": false}, "United States": {"name": "United States", "type": "country", "h5_index": 308, "num_publications": 1, "num_citations": 5, "num_publications_5y": 0, "num_citations_5y": 4, "num_publications_10y": 1, "num_citations_10y": 5, "publications_years": {"2013": 1}, "citations_years": {"2013": 1, "2014": 1, "2015": 3}, "old_citations": {"2013": 5}, "isVisible": false}}, "industrial_sectors": {"computing_and_it": {"name": "computing_and_it", "type": "industrial sector", "h5_index": 221, "num_publications": 1, "num_citations": 5, "num_publications_5y": 0, "num_citations_5y": 4, "num_publications_10y": 1, "num_citations_10y": 5, "publications_years": {"2013": 1}, "citations_years": {"2013": 1, "2014": 1, "2015": 3}, "old_citations": {"2013": 5}, "isVisible": false}, "information_technology": {"name": "information_technology", "type": "industrial sector", "h5_index": 74, "num_publications": 1, "num_citations": 5, "num_publications_5y": 0, "num_citations_5y": 4, "num_publications_10y": 1, "num_citations_10y": 5, "publications_years": {"2013": 1}, "citations_years": {"2013": 1, "2014": 1, "2015": 3}, "old_citations": {"2013": 5}, "isVisible": false}, "technology": {"name": "technology", "type": "industrial sector", "h5_index": 229, "num_publications": 1, "num_citations": 5, "num_publications_5y": 0, "num_citations_5y": 4, "num_publications_10y": 1, "num_citations_10y": 5, "publications_years": {"2013": 1}, "citations_years": {"2013": 1, "2014": 1, "2015": 3}, "old_citations": {"2013": 5}, "isVisible": false}}}, "conference_comparison": {"computer science": {}}, "topics_dna": {"publications": {}, "citations": {"normalized": {}, "average": {}}}, "info": {"num_publications": 36, "num_citations": 77.0, "impact_factor": {"2014": 0.45454545454545453, "2015": 1.8, "2016": 0.0, "2017": 0.4, "2018": 1.0}, "publications_years": {"2018": 16, "2012": 6, "2013": 6, "2015": 4, "2017": 3, "2016": 1}, "citations_years": {"2013": 8, "2014": 5, "2015": 13, "2016": 12, "2017": 8, "2018": 7, "2019": 18, "2020": 6}, "old_citations": {"2018": 21, "2012": 19, "2013": 21, "2015": 2, "2017": 14, "2016": 0}, "h5_index": 3}, "percentile": {"computer science": {"2018": 84, "2012": 65, "2013": 74, "2015": 52, "2017": 93, "2016": 16}}, "conference_ranking": {"computer science": {"2018": 655, "2012": 1486, "2013": 1074, "2015": 2012, "2017": 267, "2016": 3572}}, "academia": {"num_publications": 19, "num_citations": 35, "publications_years": {"2012": 1, "2013": 3, "2014": 0, "2015": 3, "2016": 0, "2017": 3, "2018": 9}, "old_citations": {"2012": 3, "2013": 6, "2014": 0, "2015": 2, "2016": 0, "2017": 14, "2018": 10}, "num_publications_5y": 12, "num_citations_5y": 24, "num_publications_10y": 19, "num_citations_10y": 35}, "industry": {"num_publications": 0, "num_citations": 0, "publications_years": {}, "old_citations": {}, "num_publications_5y": 0, "num_citations_5y": 0, "num_publications_10y": 0, "num_citations_10y": 0}, "collaborative": {"num_publications": 1, "num_citations": 5, "publications_years": {"2013": 1}, "old_citations": {"2013": 5}, "num_publications_5y": 0, "num_citations_5y": 0, "num_publications_10y": 1, "num_citations_10y": 5}, "conferences": {}, "journals": {}, "organizations": {"publication_overall": ["Spanish National Research Council", "University of Aberdeen", "King's College London", "Goldsmiths University of London", "Nagoya Institute of Technology", "Paul Sabatier University", "Universitat Polit\u00e8cnica de Val\u00e8ncia", "University of Luxembourg", "Bournemouth University", "Carnegie Mellon University", "Delft University of Technology", "French Institute for Research in Computer Science and Automation", "IBM (United States)", "King Juan Carlos University", "Polish Academy of Sciences", "Polytechnic University of Milan", "Radboud University Nijmegen", "Robert Gordon University", "Tokyo University of Agriculture and Technology", "Universidad Nacional del Sur", "Universita della Svizzera Italiana", "University of Barcelona", "University of Liverpool", "University of London", "University of Oxford", "University of Porto", "University of Sydney", "University of Toulouse", "University of Turin", "Utrecht University", "\u00c9cole Normale Sup\u00e9rieure", "\u00d6rebro University", "\u00d6zye\u011fin University"], "citation_overall": ["Spanish National Research Council", "University of Toulouse", "Goldsmiths University of London", "Paul Sabatier University", "University of Aberdeen", "Carnegie Mellon University", "IBM (United States)", "Nagoya Institute of Technology", "Universidad Nacional del Sur", "Delft University of Technology", "Radboud University Nijmegen", "Tokyo University of Agriculture and Technology", "University of Luxembourg", "University of Sydney", "\u00d6zye\u011fin University", "Polytechnic University of Milan", "Universita della Svizzera Italiana", "Universitat Polit\u00e8cnica de Val\u00e8ncia", "University of Porto", "Utrecht University", "Bournemouth University", "King Juan Carlos University", "King's College London", "\u00d6rebro University", "French Institute for Research in Computer Science and Automation", "Polish Academy of Sciences", "Robert Gordon University", "University of Barcelona", "University of Liverpool", "University of London", "University of Oxford", "University of Turin", "\u00c9cole Normale Sup\u00e9rieure"], "publication_10_years": ["Spanish National Research Council", "University of Aberdeen", "King's College London", "Goldsmiths University of London", "Nagoya Institute of Technology", "Paul Sabatier University", "Universitat Polit\u00e8cnica de Val\u00e8ncia", "University of Luxembourg", "Bournemouth University", "Carnegie Mellon University", "Delft University of Technology", "French Institute for Research in Computer Science and Automation", "IBM (United States)", "King Juan Carlos University", "Polish Academy of Sciences", "Polytechnic University of Milan", "Radboud University Nijmegen", "Robert Gordon University", "Tokyo University of Agriculture and Technology", "Universidad Nacional del Sur", "Universita della Svizzera Italiana", "University of Barcelona", "University of Liverpool", "University of London", "University of Oxford", "University of Porto", "University of Sydney", "University of Toulouse", "University of Turin", "Utrecht University", "\u00c9cole Normale Sup\u00e9rieure", "\u00d6rebro University", "\u00d6zye\u011fin University"], "citation_10_years": ["Spanish National Research Council", "University of Toulouse", "Goldsmiths University of London", "Paul Sabatier University", "University of Aberdeen", "Carnegie Mellon University", "IBM (United States)", "Nagoya Institute of Technology", "Universidad Nacional del Sur", "Delft University of Technology", "Radboud University Nijmegen", "Tokyo University of Agriculture and Technology", "University of Luxembourg", "University of Sydney", "\u00d6zye\u011fin University", "Polytechnic University of Milan", "Universita della Svizzera Italiana", "Universitat Polit\u00e8cnica de Val\u00e8ncia", "University of Porto", "Utrecht University", "Bournemouth University", "King Juan Carlos University", "King's College London", "\u00d6rebro University", "French Institute for Research in Computer Science and Automation", "Polish Academy of Sciences", "Robert Gordon University", "University of Barcelona", "University of Liverpool", "University of London", "University of Oxford", "University of Turin", "\u00c9cole Normale Sup\u00e9rieure"], "publication_5_years": ["University of Aberdeen", "Nagoya Institute of Technology", "Spanish National Research Council", "Delft University of Technology", "King Juan Carlos University", "King's College London", "Polytechnic University of Milan", "Robert Gordon University", "Tokyo University of Agriculture and Technology", "Universita della Svizzera Italiana", "Universitat Polit\u00e8cnica de Val\u00e8ncia", "University of Barcelona", "University of London", "University of Porto", "University of Sydney", "University of Toulouse", "Utrecht University", "\u00d6zye\u011fin University"], "citation_5_years": ["University of Toulouse", "Nagoya Institute of Technology", "Delft University of Technology", "Spanish National Research Council", "Tokyo University of Agriculture and Technology", "University of Sydney", "\u00d6zye\u011fin University", "Polytechnic University of Milan", "Universita della Svizzera Italiana", "University of Aberdeen", "University of Porto", "Utrecht University", "King Juan Carlos University", "King's College London", "Robert Gordon University", "Universitat Polit\u00e8cnica de Val\u00e8ncia", "University of Barcelona", "University of London"]}, "countries": {"publication_overall": ["United Kingdom", "Spain", "France", "Netherlands", "Italy", "Japan", "Luxembourg", "Argentina", "Australia", "Poland", "Portugal", "Sweden", "Switzerland", "Turkey", "United States"], "citation_overall": ["France", "Spain", "United Kingdom", "Netherlands", "United States", "Argentina", "Japan", "Australia", "Luxembourg", "Turkey", "Italy", "Portugal", "Switzerland", "Sweden", "Poland"], "publication_10_years": ["United Kingdom", "Spain", "France", "Netherlands", "Italy", "Japan", "Luxembourg", "Argentina", "Australia", "Poland", "Portugal", "Sweden", "Switzerland", "Turkey", "United States"], "citation_10_years": ["France", "Spain", "United Kingdom", "Netherlands", "United States", "Argentina", "Japan", "Australia", "Luxembourg", "Turkey", "Italy", "Portugal", "Switzerland", "Sweden", "Poland"], "publication_5_years": ["United Kingdom", "Spain", "Japan", "Netherlands", "Australia", "France", "Italy", "Portugal", "Switzerland", "Turkey"], "citation_5_years": ["France", "Netherlands", "Japan", "Spain", "Australia", "Turkey", "Italy", "Portugal", "Switzerland", "United Kingdom"]}, "topics": {"publication_overall": ["computer science", "computer systems", "artificial intelligence", "computer networks", "multiagent system", "internet", "telecommunication systems", "telecommunication networks", "communication systems", "wireless telecommunication systems", "data communication systems", "intelligent agents", "world wide web", "database systems", "communication channels (information theory)", "distributed computer systems", "engineering", "semantics", "computer programming", "information technology"], "citation_overall": ["computer science", "computer systems", "artificial intelligence", "multiagent system", "computer networks", "telecommunication systems", "communication systems", "data communication systems", "wireless telecommunication systems", "internet", "telecommunication networks", "software engineering", "communication", "mobile computing", "world wide web", "software design", "formal logic", "intelligent agents", "computer programming", "mathematics"], "publication_10_years": ["computer science", "computer systems", "artificial intelligence", "computer networks", "multiagent system", "internet", "telecommunication systems", "telecommunication networks", "communication systems", "wireless telecommunication systems", "data communication systems", "intelligent agents", "world wide web", "database systems", "communication channels (information theory)", "distributed computer systems", "engineering", "semantics", "computer programming", "information technology"], "citation_10_years": ["computer science", "computer systems", "artificial intelligence", "multiagent system", "computer networks", "telecommunication systems", "communication systems", "data communication systems", "wireless telecommunication systems", "internet", "telecommunication networks", "software engineering", "communication", "mobile computing", "world wide web", "software design", "formal logic", "intelligent agents", "computer programming", "mathematics"], "publication_5_years": ["computer science", "computer systems", "artificial intelligence", "computer networks", "telecommunication systems", "communication systems", "multiagent system", "telecommunication networks", "wireless telecommunication systems", "data communication systems", "intelligent agents", "mathematics", "communication channels (information theory)", "engineering", "internet", "database systems", "distributed computer systems", "mobile telecommunication systems", "computer hardware", "mobile computing"], "citation_5_years": ["computer science", "artificial intelligence", "computer systems", "multiagent system", "computer networks", "communication systems", "telecommunication systems", "wireless telecommunication systems", "data communication systems", "mathematics", "telecommunication networks", "communication", "mobile computing", "engineering", "formal logic", "computer hardware", "computer security", "cryptography", "cryptology", "security of data"]}, "main_topics": ["computer science"], "authors": {"publication_overall": ["2112340046", "2251690017", "1968144242", "2063919281", "2096885202", "2307316253", "122669167", "248769468", "329923621", "1211699754", "1552874613", "1972808723", "2055690051", "2070721120", "2073985099", "2082615088", "2100493601", "2115869250", "2124170260", "2148810801", "2161042714", "2617214115", "2667035442", "2888798846", "73012180", "85652889", "99171964", "113820988", "157915158", "178768489", "282375660", "1198231807", "1701786986", "1890029116", "1928926416", "1945924562", "1975496208", "1989348731", "2002208782", "2016708809", "2026708028", "2042656952", "2054966800", "2056802613", "2069129026", "2082166982", "2083019262", "2106214946", "2108328683", "2108891769", "2110064655", "2117854920", "2128303144", "2128467596", "2134580445", "2144225741", "2147415287", "2152713718", "2162501773", "2169669566", "2169918548", "2222791853", "2240879353", "2275085245", "2277865722", "2287633006", "2302953143", "2305319064", "2319420197", "2324290336", "2330016018", "2343562992", "2343987542", "2345025092", "2407436888", "2408222537", "2424688344", "2464545356", "2476411972", "2558015611", "2590986003", "2605500780", "2618548452", "2631197404", "2798919592", "2808744362", "2808843186", "2809726336", "2914365536", "2926723508", "2932346724", "2933035558", "2934447534", "2935115662", "2943692914", "2950539175", "2996850354"], "citation_overall": ["2112340046", "2251690017", "1975496208", "2330016018", "248769468", "329923621", "1552874613", "2070721120", "2073985099", "2082615088", "2307316253", "113820988", "1198231807", "1968144242", "2100493601", "1972808723", "2055690051", "2115869250", "2169918548", "2667035442", "2888798846", "122669167", "2082166982", "2108891769", "2305319064", "85652889", "2144225741", "2319420197", "2590986003", "2631197404", "2809726336", "99171964", "1928926416", "2016708809", "2069129026", "2124170260", "2134580445", "2277865722", "157915158", "178768489", "282375660", "1211699754", "1945924562", "2083019262", "2147415287", "2148810801", "2152713718", "2162501773", "2324290336", "2558015611", "2914365536", "2932346724", "1701786986", "2026708028", "2042656952", "2110064655", "2128303144", "2161042714", "2222791853", "2287633006", "2302953143", "2343987542", "2407436888", "2464545356", "2618548452", "2798919592", "2808744362", "2808843186", "2926723508", "2933035558", "2935115662", "2950539175", "2996850354", "73012180", "1890029116", "1989348731", "2002208782", "2054966800", "2056802613", "2063919281", "2096885202", "2106214946", "2108328683", "2117854920", "2128467596", "2169669566", "2240879353", "2275085245", "2343562992", "2345025092", "2408222537", "2424688344", "2476411972", "2605500780", "2617214115", "2934447534", "2943692914"], "publication_10_years": ["2112340046", "2251690017", "1968144242", "2063919281", "2096885202", "2307316253", "122669167", "248769468", "329923621", "1211699754", "1552874613", "1972808723", "2055690051", "2070721120", "2073985099", "2082615088", "2100493601", "2115869250", "2124170260", "2148810801", "2161042714", "2617214115", "2667035442", "2888798846", "73012180", "85652889", "99171964", "113820988", "157915158", "178768489", "282375660", "1198231807", "1701786986", "1890029116", "1928926416", "1945924562", "1975496208", "1989348731", "2002208782", "2016708809", "2026708028", "2042656952", "2054966800", "2056802613", "2069129026", "2082166982", "2083019262", "2106214946", "2108328683", "2108891769", "2110064655", "2117854920", "2128303144", "2128467596", "2134580445", "2144225741", "2147415287", "2152713718", "2162501773", "2169669566", "2169918548", "2222791853", "2240879353", "2275085245", "2277865722", "2287633006", "2302953143", "2305319064", "2319420197", "2324290336", "2330016018", "2343562992", "2343987542", "2345025092", "2407436888", "2408222537", "2424688344", "2464545356", "2476411972", "2558015611", "2590986003", "2605500780", "2618548452", "2631197404", "2798919592", "2808744362", "2808843186", "2809726336", "2914365536", "2926723508", "2932346724", "2933035558", "2934447534", "2935115662", "2943692914", "2950539175", "2996850354"], "citation_10_years": ["2112340046", "2251690017", "1975496208", "2330016018", "248769468", "329923621", "1552874613", "2070721120", "2073985099", "2082615088", "2307316253", "113820988", "1198231807", "1968144242", "2100493601", "1972808723", "2055690051", "2115869250", "2169918548", "2667035442", "2888798846", "122669167", "2082166982", "2108891769", "2305319064", "85652889", "2144225741", "2319420197", "2590986003", "2631197404", "2809726336", "99171964", "1928926416", "2016708809", "2069129026", "2124170260", "2134580445", "2277865722", "157915158", "178768489", "282375660", "1211699754", "1945924562", "2083019262", "2147415287", "2148810801", "2152713718", "2162501773", "2324290336", "2558015611", "2914365536", "2932346724", "1701786986", "2026708028", "2042656952", "2110064655", "2128303144", "2161042714", "2222791853", "2287633006", "2302953143", "2343987542", "2407436888", "2464545356", "2618548452", "2798919592", "2808744362", "2808843186", "2926723508", "2933035558", "2935115662", "2950539175", "2996850354", "73012180", "1890029116", "1989348731", "2002208782", "2054966800", "2056802613", "2063919281", "2096885202", "2106214946", "2108328683", "2117854920", "2128467596", "2169669566", "2240879353", "2275085245", "2343562992", "2345025092", "2408222537", "2424688344", "2476411972", "2605500780", "2617214115", "2934447534", "2943692914"], "publication_5_years": ["122669167", "1211699754", "1968144242", "1972808723", "2055690051", "2063919281", "2096885202", "2115869250", "2148810801", "2161042714", "2617214115", "2667035442", "2888798846", "178768489", "282375660", "1701786986", "1890029116", "1928926416", "1945924562", "1975496208", "2016708809", "2042656952", "2054966800", "2056802613", "2069129026", "2083019262", "2110064655", "2112340046", "2128467596", "2134580445", "2147415287", "2169669566", "2222791853", "2240879353", "2287633006", "2324290336", "2330016018", "2343562992", "2343987542", "2408222537", "2424688344", "2558015611", "2605500780", "2618548452", "2798919592", "2808744362", "2808843186", "2914365536", "2926723508", "2932346724", "2933035558", "2934447534", "2935115662", "2943692914", "2950539175", "2996850354"], "citation_5_years": ["1975496208", "2330016018", "1972808723", "2055690051", "2115869250", "2667035442", "2888798846", "122669167", "1928926416", "2016708809", "2069129026", "2112340046", "2134580445", "178768489", "282375660", "1211699754", "1945924562", "1968144242", "2083019262", "2147415287", "2148810801", "2324290336", "2558015611", "2914365536", "2932346724", "1701786986", "2042656952", "2110064655", "2161042714", "2222791853", "2287633006", "2343987542", "2618548452", "2798919592", "2808744362", "2808843186", "2926723508", "2933035558", "2935115662", "2950539175", "2996850354", "1890029116", "2054966800", "2056802613", "2063919281", "2096885202", "2128467596", "2169669566", "2240879353", "2343562992", "2408222537", "2424688344", "2605500780", "2617214115", "2934447534", "2943692914"]}, "industrial_sectors": {"publication_overall": ["computing_and_it", "information_technology", "technology"], "citation_overall": ["computing_and_it", "information_technology", "technology"], "publication_10_years": ["computing_and_it", "information_technology", "technology"], "citation_10_years": ["computing_and_it", "information_technology", "technology"], "publication_5_years": [], "citation_5_years": []}}