{"name": "International Conference on Recent Advances in Microwave Theory and Applications", "acronym": "ICRAMTA", "type": "conference", "uniqueEntities": {"organizations": {"Malaviya National Institute of Technology Jaipur": {"name": "Malaviya National Institute of Technology Jaipur", "type": "organization", "organization_type": "Education", "h_index": 31, "h5_index": 18, "num_publications": 5, "num_citations": 3, "num_publications_5y": 0, "num_citations_5y": 0, "num_publications_10y": 0, "num_citations_10y": 3, "publications_years": {"2008": 5}, "citations_years": {"2010": 2, "2011": 0, "2012": 0, "2013": 1}, "old_citations": {"2008": 3}, "isVisible": false}, "Birla Institute of Technology and Science, Pilani": {"name": "Birla Institute of Technology and Science, Pilani", "type": "organization", "organization_type": "Education", "h_index": 37, "h5_index": 19, "num_publications": 3, "num_citations": 4, "num_publications_5y": 0, "num_citations_5y": 2, "num_publications_10y": 0, "num_citations_10y": 2, "publications_years": {"2008": 3}, "citations_years": {"2019": 2, "2014": 2}, "old_citations": {"2008": 4}, "isVisible": false}, "Jadavpur University": {"name": "Jadavpur University", "type": "organization", "organization_type": "Education", "h_index": 60, "h5_index": 21, "num_publications": 3, "num_citations": 3, "num_publications_5y": 0, "num_citations_5y": 1, "num_publications_10y": 0, "num_citations_10y": 3, "publications_years": {"2008": 3}, "citations_years": {"2010": 1, "2013": 1, "2014": 0, "2015": 0, "2016": 1}, "old_citations": {"2008": 3}, "isVisible": false}, "Jaypee University of Information Technology": {"name": "Jaypee University of Information Technology", "type": "organization", "organization_type": "Education", "h_index": 25, "h5_index": 15, "num_publications": 2, "num_citations": 2, "num_publications_5y": 0, "num_citations_5y": 0, "num_publications_10y": 0, "num_citations_10y": 1, "publications_years": {"2008": 2}, "citations_years": {"2011": 1, "2019": 1}, "old_citations": {"2008": 2}, "isVisible": false}, "Sathyabama Institute of Science and Technology": {"name": "Sathyabama Institute of Science and Technology", "type": "organization", "organization_type": "Education", "h_index": 17, "h5_index": 10, "num_publications": 2, "num_citations": 1, "num_publications_5y": 0, "num_citations_5y": 1, "num_publications_10y": 0, "num_citations_10y": 1, "publications_years": {"2008": 2}, "citations_years": {"2014": 1}, "old_citations": {"2008": 1}, "isVisible": false}, "Accenture (Switzerland)": {"name": "Accenture (Switzerland)", "type": "organization", "organization_type": "Company", "h_index": 112, "h5_index": 14, "num_publications": 1, "num_citations": 1, "num_publications_5y": 0, "num_citations_5y": 0, "num_publications_10y": 0, "num_citations_10y": 1, "publications_years": {"2008": 1}, "citations_years": {"2011": 1}, "old_citations": {"2008": 1}, "isVisible": false}, "Amirkabir University of Technology": {"name": "Amirkabir University of Technology", "type": "organization", "organization_type": "Education", "h_index": 66, "h5_index": 25, "num_publications": 1, "num_citations": 2, "num_publications_5y": 0, "num_citations_5y": 0, "num_publications_10y": 0, "num_citations_10y": 2, "publications_years": {"2008": 1}, "citations_years": {"2010": 1, "2011": 0, "2012": 1}, "old_citations": {"2008": 2}, "isVisible": false}, "Amity University": {"name": "Amity University", "type": "organization", "organization_type": "Education", "h_index": 25, "h5_index": 16, "num_publications": 1, "num_citations": 2, "num_publications_5y": 0, "num_citations_5y": 0, "num_publications_10y": 0, "num_citations_10y": 2, "publications_years": {"2008": 1}, "citations_years": {"2012": 1, "2013": 1}, "old_citations": {"2008": 2}, "isVisible": false}, "Berhampur University": {"name": "Berhampur University", "type": "organization", "organization_type": "Education", "h_index": 14, "h5_index": 3, "num_publications": 1, "num_citations": 0, "num_publications_5y": 0, "num_citations_5y": 0, "num_publications_10y": 0, "num_citations_10y": 0, "publications_years": {"2008": 1}, "citations_years": {}, "old_citations": {"2008": 0}, "isVisible": false}, "Defence Research and Development Organisation": {"name": "Defence Research and Development Organisation", "type": "organization", "organization_type": "Government", "h_index": 18, "h5_index": 8, "num_publications": 1, "num_citations": 0, "num_publications_5y": 0, "num_citations_5y": 0, "num_publications_10y": 0, "num_citations_10y": 0, "publications_years": {"2008": 1}, "citations_years": {}, "old_citations": {"2008": 0}, "isVisible": false}, "Gulbarga University": {"name": "Gulbarga University", "type": "organization", "organization_type": "Education", "h_index": 13, "h5_index": 3, "num_publications": 1, "num_citations": 4, "num_publications_5y": 0, "num_citations_5y": 3, "num_publications_10y": 0, "num_citations_10y": 4, "publications_years": {"2008": 1}, "citations_years": {"2009": 1, "2010": 0, "2011": 0, "2012": 0, "2013": 0, "2014": 1, "2015": 0, "2016": 0, "2017": 0, "2018": 2}, "old_citations": {"2008": 4}, "isVisible": false}, "Indian Institute of Technology Kanpur": {"name": "Indian Institute of Technology Kanpur", "type": "organization", "organization_type": "Education", "h_index": 70, "h5_index": 26, "num_publications": 1, "num_citations": 2, "num_publications_5y": 0, "num_citations_5y": 1, "num_publications_10y": 0, "num_citations_10y": 2, "publications_years": {"2008": 1}, "citations_years": {"2009": 1, "2010": 0, "2011": 0, "2012": 0, "2013": 0, "2014": 1}, "old_citations": {"2008": 2}, "isVisible": false}, "Indian Institute of Technology Kharagpur": {"name": "Indian Institute of Technology Kharagpur", "type": "organization", "organization_type": "Education", "h_index": 72, "h5_index": 31, "num_publications": 1, "num_citations": 0, "num_publications_5y": 0, "num_citations_5y": 0, "num_publications_10y": 0, "num_citations_10y": 0, "publications_years": {"2008": 1}, "citations_years": {}, "old_citations": {"2008": 0}, "isVisible": false}, "Indian Space Research Organisation": {"name": "Indian Space Research Organisation", "type": "organization", "organization_type": "Government", "h_index": 16, "h5_index": 8, "num_publications": 1, "num_citations": 0, "num_publications_5y": 0, "num_citations_5y": 0, "num_publications_10y": 0, "num_citations_10y": 0, "publications_years": {"2008": 1}, "citations_years": {}, "old_citations": {"2008": 0}, "isVisible": false}, "Intel (United States)": {"name": "Intel (United States)", "type": "organization", "organization_type": "Company", "h_index": 279, "h5_index": 62, "num_publications": 1, "num_citations": 1, "num_publications_5y": 0, "num_citations_5y": 0, "num_publications_10y": 0, "num_citations_10y": 1, "publications_years": {"2008": 1}, "citations_years": {"2011": 1}, "old_citations": {"2008": 1}, "isVisible": false}, "Jaypee Institute of Information Technology": {"name": "Jaypee Institute of Information Technology", "type": "organization", "organization_type": "Education", "h_index": 22, "h5_index": 13, "num_publications": 1, "num_citations": 1, "num_publications_5y": 0, "num_citations_5y": 0, "num_publications_10y": 0, "num_citations_10y": 0, "publications_years": {"2008": 1}, "citations_years": {"2019": 1}, "old_citations": {"2008": 1}, "isVisible": false}, "King University": {"name": "King University", "type": "organization", "organization_type": "Education", "h_index": 5, "h5_index": 0, "num_publications": 1, "num_citations": 1, "num_publications_5y": 0, "num_citations_5y": 0, "num_publications_10y": 0, "num_citations_10y": 1, "publications_years": {"2008": 1}, "citations_years": {"2013": 1}, "old_citations": {"2008": 1}, "isVisible": false}, "National Institute of Standards and Technology": {"name": "National Institute of Standards and Technology", "type": "organization", "organization_type": "Government", "h_index": 116, "h5_index": 29, "num_publications": 1, "num_citations": 1, "num_publications_5y": 0, "num_citations_5y": 0, "num_publications_10y": 0, "num_citations_10y": 1, "publications_years": {"2008": 1}, "citations_years": {"2010": 1}, "old_citations": {"2008": 1}, "isVisible": false}, "National Institute of Technology Tiruchirappalli": {"name": "National Institute of Technology Tiruchirappalli", "type": "organization", "organization_type": "Education", "h_index": 27, "h5_index": 13, "num_publications": 1, "num_citations": 0, "num_publications_5y": 0, "num_citations_5y": 0, "num_publications_10y": 0, "num_citations_10y": 0, "publications_years": {"2008": 1}, "citations_years": {}, "old_citations": {"2008": 0}, "isVisible": false}, "San Diego State University": {"name": "San Diego State University", "type": "organization", "organization_type": "Education", "h_index": 72, "h5_index": 25, "num_publications": 1, "num_citations": 0, "num_publications_5y": 0, "num_citations_5y": 0, "num_publications_10y": 0, "num_citations_10y": 0, "publications_years": {"2008": 1}, "citations_years": {}, "old_citations": {"2008": 0}, "isVisible": false}, "Sikkim Manipal University": {"name": "Sikkim Manipal University", "type": "organization", "organization_type": "Education", "h_index": 14, "h5_index": 7, "num_publications": 1, "num_citations": 2, "num_publications_5y": 0, "num_citations_5y": 1, "num_publications_10y": 0, "num_citations_10y": 2, "publications_years": {"2008": 1}, "citations_years": {"2013": 1, "2014": 0, "2015": 0, "2016": 1}, "old_citations": {"2008": 2}, "isVisible": false}, "University of Arkansas at Fayetteville": {"name": "University of Arkansas at Fayetteville", "type": "organization", "organization_type": "Education", "h_index": 66, "h5_index": 20, "num_publications": 1, "num_citations": 0, "num_publications_5y": 0, "num_citations_5y": 0, "num_publications_10y": 0, "num_citations_10y": 0, "publications_years": {"2008": 1}, "citations_years": {}, "old_citations": {"2008": 0}, "isVisible": false}, "University of Illinois at Chicago": {"name": "University of Illinois at Chicago", "type": "organization", "organization_type": "Education", "h_index": 142, "h5_index": 35, "num_publications": 1, "num_citations": 3, "num_publications_5y": 0, "num_citations_5y": 0, "num_publications_10y": 0, "num_citations_10y": 3, "publications_years": {"2008": 1}, "citations_years": {"2010": 3}, "old_citations": {"2008": 3}, "isVisible": false}}, "topics": {"computer science": {"name": "computer science", "type": "topic", "h_index": 1779, "h5_index": 416, "num_publications": 42, "num_citations": 50, "num_publications_5y": 0, "num_citations_5y": 19, "num_publications_10y": 0, "num_citations_10y": 45, "publications_years": {"2008": 42}, "citations_years": {"2010": 9, "2019": 5, "2012": 2, "2013": 5, "2009": 4, "2011": 6, "2014": 6, "2015": 4, "2016": 3, "2017": 4, "2018": 2}, "old_citations": {"2008": 50}, "isVisible": false}, "computer networks": {"name": "computer networks", "type": "topic", "h_index": 1262, "h5_index": 332, "num_publications": 40, "num_citations": 49, "num_publications_5y": 0, "num_citations_5y": 19, "num_publications_10y": 0, "num_citations_10y": 44, "publications_years": {"2008": 40}, "citations_years": {"2010": 8, "2019": 5, "2012": 2, "2013": 5, "2009": 4, "2011": 6, "2014": 6, "2015": 4, "2016": 3, "2017": 4, "2018": 2}, "old_citations": {"2008": 49}, "isVisible": false}, "computer systems": {"name": "computer systems", "type": "topic", "h_index": 1595, "h5_index": 367, "num_publications": 40, "num_citations": 49, "num_publications_5y": 0, "num_citations_5y": 19, "num_publications_10y": 0, "num_citations_10y": 44, "publications_years": {"2008": 40}, "citations_years": {"2010": 8, "2019": 5, "2012": 2, "2013": 5, "2009": 4, "2011": 6, "2014": 6, "2015": 4, "2016": 3, "2017": 4, "2018": 2}, "old_citations": {"2008": 49}, "isVisible": false}, "engineering": {"name": "engineering", "type": "topic", "h_index": 1177, "h5_index": 287, "num_publications": 40, "num_citations": 49, "num_publications_5y": 0, "num_citations_5y": 19, "num_publications_10y": 0, "num_citations_10y": 44, "publications_years": {"2008": 40}, "citations_years": {"2010": 8, "2019": 5, "2012": 2, "2013": 5, "2009": 4, "2011": 6, "2014": 6, "2015": 4, "2016": 3, "2017": 4, "2018": 2}, "old_citations": {"2008": 49}, "isVisible": false}, "communication systems": {"name": "communication systems", "type": "topic", "h_index": 1092, "h5_index": 254, "num_publications": 39, "num_citations": 49, "num_publications_5y": 0, "num_citations_5y": 19, "num_publications_10y": 0, "num_citations_10y": 44, "publications_years": {"2008": 39}, "citations_years": {"2010": 8, "2019": 5, "2012": 2, "2013": 5, "2009": 4, "2011": 6, "2014": 6, "2015": 4, "2016": 3, "2017": 4, "2018": 2}, "old_citations": {"2008": 49}, "isVisible": false}, "signal processing": {"name": "signal processing", "type": "topic", "h_index": 1012, "h5_index": 255, "num_publications": 39, "num_citations": 48, "num_publications_5y": 0, "num_citations_5y": 19, "num_publications_10y": 0, "num_citations_10y": 43, "publications_years": {"2008": 39}, "citations_years": {"2010": 8, "2019": 5, "2012": 2, "2013": 5, "2009": 4, "2011": 5, "2014": 6, "2015": 4, "2016": 3, "2017": 4, "2018": 2}, "old_citations": {"2008": 48}, "isVisible": false}, "telecommunication systems": {"name": "telecommunication systems", "type": "topic", "h_index": 1187, "h5_index": 277, "num_publications": 39, "num_citations": 49, "num_publications_5y": 0, "num_citations_5y": 19, "num_publications_10y": 0, "num_citations_10y": 44, "publications_years": {"2008": 39}, "citations_years": {"2010": 8, "2019": 5, "2012": 2, "2013": 5, "2009": 4, "2011": 6, "2014": 6, "2015": 4, "2016": 3, "2017": 4, "2018": 2}, "old_citations": {"2008": 49}, "isVisible": false}, "wireless telecommunication systems": {"name": "wireless telecommunication systems", "type": "topic", "h_index": 1087, "h5_index": 254, "num_publications": 39, "num_citations": 49, "num_publications_5y": 0, "num_citations_5y": 19, "num_publications_10y": 0, "num_citations_10y": 44, "publications_years": {"2008": 39}, "citations_years": {"2010": 8, "2019": 5, "2012": 2, "2013": 5, "2009": 4, "2011": 6, "2014": 6, "2015": 4, "2016": 3, "2017": 4, "2018": 2}, "old_citations": {"2008": 49}, "isVisible": false}, "communication channels (information theory)": {"name": "communication channels (information theory)", "type": "topic", "h_index": 925, "h5_index": 216, "num_publications": 36, "num_citations": 47, "num_publications_5y": 0, "num_citations_5y": 18, "num_publications_10y": 0, "num_citations_10y": 42, "publications_years": {"2008": 36}, "citations_years": {"2010": 8, "2019": 5, "2012": 2, "2013": 5, "2009": 3, "2011": 6, "2014": 5, "2015": 4, "2016": 3, "2017": 4, "2018": 2}, "old_citations": {"2008": 47}, "isVisible": false}, "mathematics": {"name": "mathematics", "type": "topic", "h_index": 1364, "h5_index": 300, "num_publications": 36, "num_citations": 46, "num_publications_5y": 0, "num_citations_5y": 18, "num_publications_10y": 0, "num_citations_10y": 41, "publications_years": {"2008": 36}, "citations_years": {"2010": 8, "2019": 5, "2012": 2, "2013": 5, "2009": 3, "2011": 5, "2014": 5, "2015": 4, "2016": 3, "2017": 4, "2018": 2}, "old_citations": {"2008": 46}, "isVisible": false}, "signal to noise ratio": {"name": "signal to noise ratio", "type": "topic", "h_index": 821, "h5_index": 194, "num_publications": 35, "num_citations": 46, "num_publications_5y": 0, "num_citations_5y": 18, "num_publications_10y": 0, "num_citations_10y": 41, "publications_years": {"2008": 35}, "citations_years": {"2010": 8, "2019": 5, "2012": 2, "2013": 5, "2009": 3, "2011": 5, "2014": 5, "2015": 4, "2016": 3, "2017": 4, "2018": 2}, "old_citations": {"2008": 46}, "isVisible": false}, "antennas": {"name": "antennas", "type": "topic", "h_index": 645, "h5_index": 152, "num_publications": 28, "num_citations": 36, "num_publications_5y": 0, "num_citations_5y": 17, "num_publications_10y": 0, "num_citations_10y": 33, "publications_years": {"2008": 28}, "citations_years": {"2010": 6, "2012": 1, "2013": 2, "2009": 3, "2011": 4, "2014": 5, "2015": 4, "2016": 2, "2017": 4, "2018": 2, "2019": 3}, "old_citations": {"2008": 36}, "isVisible": false}, "matrix algebra": {"name": "matrix algebra", "type": "topic", "h_index": 771, "h5_index": 183, "num_publications": 25, "num_citations": 37, "num_publications_5y": 0, "num_citations_5y": 17, "num_publications_10y": 0, "num_citations_10y": 33, "publications_years": {"2008": 25}, "citations_years": {"2010": 6, "2019": 4, "2012": 1, "2013": 3, "2009": 3, "2011": 3, "2014": 5, "2015": 4, "2016": 2, "2017": 4, "2018": 2}, "old_citations": {"2008": 37}, "isVisible": false}, "computer hardware": {"name": "computer hardware", "type": "topic", "h_index": 1150, "h5_index": 279, "num_publications": 24, "num_citations": 22, "num_publications_5y": 0, "num_citations_5y": 5, "num_publications_10y": 0, "num_citations_10y": 21, "publications_years": {"2008": 24}, "citations_years": {"2012": 2, "2013": 2, "2010": 6, "2011": 4, "2009": 2, "2014": 1, "2015": 1, "2016": 2, "2017": 1, "2018": 0, "2019": 1}, "old_citations": {"2008": 22}, "isVisible": false}, "telecommunication networks": {"name": "telecommunication networks", "type": "topic", "h_index": 1116, "h5_index": 258, "num_publications": 24, "num_citations": 36, "num_publications_5y": 0, "num_citations_5y": 14, "num_publications_10y": 0, "num_citations_10y": 31, "publications_years": {"2008": 24}, "citations_years": {"2019": 5, "2012": 2, "2013": 3, "2009": 2, "2010": 6, "2011": 4, "2014": 4, "2015": 4, "2016": 3, "2017": 3, "2018": 0}, "old_citations": {"2008": 36}, "isVisible": false}, "bandwidth": {"name": "bandwidth", "type": "topic", "h_index": 922, "h5_index": 201, "num_publications": 23, "num_citations": 30, "num_publications_5y": 0, "num_citations_5y": 14, "num_publications_10y": 0, "num_citations_10y": 27, "publications_years": {"2008": 23}, "citations_years": {"2010": 5, "2019": 3, "2012": 1, "2013": 3, "2009": 2, "2011": 2, "2014": 5, "2015": 3, "2016": 2, "2017": 2, "2018": 2}, "old_citations": {"2008": 30}, "isVisible": false}, "probability": {"name": "probability", "type": "topic", "h_index": 918, "h5_index": 211, "num_publications": 22, "num_citations": 22, "num_publications_5y": 0, "num_citations_5y": 7, "num_publications_10y": 0, "num_citations_10y": 18, "publications_years": {"2008": 22}, "citations_years": {"2019": 4, "2012": 1, "2013": 3, "2011": 5, "2010": 2, "2014": 2, "2015": 1, "2016": 2, "2017": 2, "2018": 0}, "old_citations": {"2008": 22}, "isVisible": false}, "antenna arrays": {"name": "antenna arrays", "type": "topic", "h_index": 373, "h5_index": 89, "num_publications": 21, "num_citations": 33, "num_publications_5y": 0, "num_citations_5y": 17, "num_publications_10y": 0, "num_citations_10y": 31, "publications_years": {"2008": 21}, "citations_years": {"2010": 5, "2012": 1, "2013": 2, "2009": 3, "2011": 3, "2014": 5, "2015": 4, "2016": 2, "2017": 4, "2018": 2, "2019": 2}, "old_citations": {"2008": 33}, "isVisible": false}, "bit error rate": {"name": "bit error rate", "type": "topic", "h_index": 619, "h5_index": 143, "num_publications": 20, "num_citations": 20, "num_publications_5y": 0, "num_citations_5y": 7, "num_publications_10y": 0, "num_citations_10y": 18, "publications_years": {"2008": 20}, "citations_years": {"2012": 1, "2013": 3, "2011": 5, "2010": 2, "2014": 2, "2015": 1, "2016": 2, "2017": 2, "2018": 0, "2019": 2}, "old_citations": {"2008": 20}, "isVisible": false}, "signal detection": {"name": "signal detection", "type": "topic", "h_index": 720, "h5_index": 185, "num_publications": 20, "num_citations": 18, "num_publications_5y": 0, "num_citations_5y": 6, "num_publications_10y": 0, "num_citations_10y": 16, "publications_years": {"2008": 20}, "citations_years": {"2012": 1, "2013": 2, "2011": 5, "2010": 2, "2014": 2, "2015": 1, "2016": 1, "2017": 2, "2018": 0, "2019": 2}, "old_citations": {"2008": 18}, "isVisible": false}, "telecommunication traffic": {"name": "telecommunication traffic", "type": "topic", "h_index": 1036, "h5_index": 233, "num_publications": 20, "num_citations": 26, "num_publications_5y": 0, "num_citations_5y": 10, "num_publications_10y": 0, "num_citations_10y": 22, "publications_years": {"2008": 20}, "citations_years": {"2019": 4, "2012": 1, "2013": 3, "2009": 1, "2010": 5, "2011": 2, "2014": 3, "2015": 3, "2016": 2, "2017": 2, "2018": 0}, "old_citations": {"2008": 26}, "isVisible": false}, "directional patterns (antenna)": {"name": "directional patterns (antenna)", "type": "topic", "h_index": 259, "h5_index": 75, "num_publications": 18, "num_citations": 24, "num_publications_5y": 0, "num_citations_5y": 14, "num_publications_10y": 0, "num_citations_10y": 23, "publications_years": {"2008": 18}, "citations_years": {"2010": 3, "2012": 1, "2013": 2, "2009": 2, "2011": 1, "2014": 5, "2015": 3, "2016": 1, "2017": 3, "2018": 2, "2019": 1}, "old_citations": {"2008": 24}, "isVisible": false}, "microwaves": {"name": "microwaves", "type": "topic", "h_index": 198, "h5_index": 60, "num_publications": 14, "num_citations": 24, "num_publications_5y": 0, "num_citations_5y": 13, "num_publications_10y": 0, "num_citations_10y": 23, "publications_years": {"2008": 14}, "citations_years": {"2010": 5, "2012": 1, "2013": 2, "2009": 2, "2011": 0, "2014": 5, "2015": 3, "2016": 1, "2017": 2, "2018": 2, "2019": 1}, "old_citations": {"2008": 24}, "isVisible": false}, "radio": {"name": "radio", "type": "topic", "h_index": 658, "h5_index": 156, "num_publications": 13, "num_citations": 23, "num_publications_5y": 0, "num_citations_5y": 9, "num_publications_10y": 0, "num_citations_10y": 20, "publications_years": {"2008": 13}, "citations_years": {"2019": 3, "2009": 1, "2010": 3, "2011": 4, "2012": 0, "2013": 3, "2014": 1, "2015": 3, "2016": 2, "2017": 3, "2018": 0}, "old_citations": {"2008": 23}, "isVisible": false}}, "authors": {"2148024339": {"name": "mohammad salim", "type": "author", "activity": 13, "h_index": 2, "h5_index": 1, "mag_id": "2148024339", "num_publications": 4, "num_citations": 3, "num_publications_5y": 0, "num_citations_5y": 0, "num_publications_10y": 0, "num_citations_10y": 3, "publications_years": {"2008": 4}, "citations_years": {"2010": 2, "2011": 0, "2012": 0, "2013": 1}, "old_citations": {"2008": 3}, "isVisible": false}, "2302789539": {"name": "g singh", "type": "author", "activity": 14, "h_index": 12, "h5_index": 9, "mag_id": "2302789539", "num_publications": 2, "num_citations": 2, "num_publications_5y": 0, "num_citations_5y": 0, "num_publications_10y": 0, "num_citations_10y": 1, "publications_years": {"2008": 2}, "citations_years": {"2011": 1, "2019": 1}, "old_citations": {"2008": 2}, "isVisible": false}, "2919199576": {"name": "t jayanthy", "type": "author", "activity": 8, "h_index": 2, "h5_index": 0, "mag_id": "2919199576", "num_publications": 2, "num_citations": 1, "num_publications_5y": 0, "num_citations_5y": 1, "num_publications_10y": 0, "num_citations_10y": 1, "publications_years": {"2008": 2}, "citations_years": {"2014": 1}, "old_citations": {"2008": 1}, "isVisible": false}, "365820696": {"name": "l thulasimani", "type": "author", "activity": 1, "h_index": 0, "h5_index": 0, "mag_id": "365820696", "num_publications": 1, "num_citations": 0, "num_publications_5y": 0, "num_citations_5y": 0, "num_publications_10y": 0, "num_citations_10y": 0, "publications_years": {"2008": 1}, "citations_years": {}, "old_citations": {"2008": 0}, "isVisible": false}, "370101764": {"name": "g m pushpanjali", "type": "author", "activity": 3, "h_index": 2, "h5_index": 0, "mag_id": "370101764", "num_publications": 1, "num_citations": 4, "num_publications_5y": 0, "num_citations_5y": 3, "num_publications_10y": 0, "num_citations_10y": 4, "publications_years": {"2008": 1}, "citations_years": {"2009": 1, "2010": 0, "2011": 0, "2012": 0, "2013": 0, "2014": 1, "2015": 0, "2016": 0, "2017": 0, "2018": 2}, "old_citations": {"2008": 4}, "isVisible": false}, "395040206": {"name": "c puttamadappa", "type": "author", "activity": 8, "h_index": 4, "h5_index": 0, "mag_id": "395040206", "num_publications": 1, "num_citations": 2, "num_publications_5y": 0, "num_citations_5y": 1, "num_publications_10y": 0, "num_citations_10y": 2, "publications_years": {"2008": 1}, "citations_years": {"2013": 1, "2014": 0, "2015": 0, "2016": 1}, "old_citations": {"2008": 2}, "isVisible": false}, "427264395": {"name": "s k satnoor", "type": "author", "activity": 3, "h_index": 2, "h5_index": 0, "mag_id": "427264395", "num_publications": 1, "num_citations": 4, "num_publications_5y": 0, "num_citations_5y": 3, "num_publications_10y": 0, "num_citations_10y": 4, "publications_years": {"2008": 1}, "citations_years": {"2009": 1, "2010": 0, "2011": 0, "2012": 0, "2013": 0, "2014": 1, "2015": 0, "2016": 0, "2017": 0, "2018": 2}, "old_citations": {"2008": 4}, "isVisible": false}, "1009587458": {"name": "s n mulgi", "type": "author", "activity": 9, "h_index": 2, "h5_index": 0, "mag_id": "1009587458", "num_publications": 1, "num_citations": 4, "num_publications_5y": 0, "num_citations_5y": 3, "num_publications_10y": 0, "num_citations_10y": 4, "publications_years": {"2008": 1}, "citations_years": {"2009": 1, "2010": 0, "2011": 0, "2012": 0, "2013": 0, "2014": 1, "2015": 0, "2016": 0, "2017": 0, "2018": 2}, "old_citations": {"2008": 4}, "isVisible": false}, "1755691601": {"name": "e logashanmugam", "type": "author", "activity": 12, "h_index": 4, "h5_index": 2, "mag_id": "1755691601", "num_publications": 1, "num_citations": 1, "num_publications_5y": 0, "num_citations_5y": 1, "num_publications_10y": 0, "num_citations_10y": 1, "publications_years": {"2008": 1}, "citations_years": {"2014": 1}, "old_citations": {"2008": 1}, "isVisible": false}, "1765723453": {"name": "laxmi shrivastava", "type": "author", "activity": 11, "h_index": 7, "h5_index": 1, "mag_id": "1765723453", "num_publications": 1, "num_citations": 1, "num_publications_5y": 0, "num_citations_5y": 0, "num_publications_10y": 0, "num_citations_10y": 1, "publications_years": {"2008": 1}, "citations_years": {"2011": 1}, "old_citations": {"2008": 1}, "isVisible": false}, "1956435719": {"name": "norbahiah misran", "type": "author", "activity": 13, "h_index": 13, "h5_index": 4, "mag_id": "1956435719", "num_publications": 1, "num_citations": 11, "num_publications_5y": 0, "num_citations_5y": 7, "num_publications_10y": 0, "num_citations_10y": 10, "publications_years": {"2008": 1}, "citations_years": {"2009": 1, "2010": 1, "2011": 0, "2012": 0, "2013": 1, "2014": 1, "2015": 3, "2016": 1, "2017": 2, "2018": 0, "2019": 1}, "old_citations": {"2008": 11}, "isVisible": false}, "1970777071": {"name": "m n shakib", "type": "author", "activity": 10, "h_index": 6, "h5_index": 1, "mag_id": "1970777071", "num_publications": 1, "num_citations": 11, "num_publications_5y": 0, "num_citations_5y": 7, "num_publications_10y": 0, "num_citations_10y": 10, "publications_years": {"2008": 1}, "citations_years": {"2009": 1, "2010": 1, "2011": 0, "2012": 0, "2013": 1, "2014": 1, "2015": 3, "2016": 1, "2017": 2, "2018": 0, "2019": 1}, "old_citations": {"2008": 11}, "isVisible": false}, "2039509516": {"name": "r b konda", "type": "author", "activity": 3, "h_index": 2, "h5_index": 0, "mag_id": "2039509516", "num_publications": 1, "num_citations": 4, "num_publications_5y": 0, "num_citations_5y": 3, "num_publications_10y": 0, "num_citations_10y": 4, "publications_years": {"2008": 1}, "citations_years": {"2009": 1, "2010": 0, "2011": 0, "2012": 0, "2013": 0, "2014": 1, "2015": 0, "2016": 0, "2017": 0, "2018": 2}, "old_citations": {"2008": 4}, "isVisible": false}, "2040793400": {"name": "a taneja", "type": "author", "activity": 1, "h_index": 1, "h5_index": 0, "mag_id": "2040793400", "num_publications": 1, "num_citations": 1, "num_publications_5y": 0, "num_citations_5y": 0, "num_publications_10y": 0, "num_citations_10y": 1, "publications_years": {"2008": 1}, "citations_years": {"2011": 1}, "old_citations": {"2008": 1}, "isVisible": false}, "2081093828": {"name": "baharudin yatim", "type": "author", "activity": 5, "h_index": 6, "h5_index": 0, "mag_id": "2081093828", "num_publications": 1, "num_citations": 11, "num_publications_5y": 0, "num_citations_5y": 7, "num_publications_10y": 0, "num_citations_10y": 10, "publications_years": {"2008": 1}, "citations_years": {"2009": 1, "2010": 1, "2011": 0, "2012": 0, "2013": 1, "2014": 1, "2015": 3, "2016": 1, "2017": 2, "2018": 0, "2019": 1}, "old_citations": {"2008": 11}, "isVisible": false}, "2086148344": {"name": "nisha gupta", "type": "author", "activity": 19, "h_index": 2, "h5_index": 2, "mag_id": "2086148344", "num_publications": 1, "num_citations": 0, "num_publications_5y": 0, "num_citations_5y": 0, "num_publications_10y": 0, "num_citations_10y": 0, "publications_years": {"2008": 1}, "citations_years": {}, "old_citations": {"2008": 0}, "isVisible": false}, "2097171193": {"name": "r p yadav", "type": "author", "activity": 13, "h_index": 5, "h5_index": 1, "mag_id": "2097171193", "num_publications": 1, "num_citations": 0, "num_publications_5y": 0, "num_citations_5y": 0, "num_publications_10y": 0, "num_citations_10y": 0, "publications_years": {"2008": 1}, "citations_years": {}, "old_citations": {"2008": 0}, "isVisible": false}, "2101372900": {"name": "g g k varma", "type": "author", "activity": 1, "h_index": 0, "h5_index": 0, "mag_id": "2101372900", "num_publications": 1, "num_citations": 0, "num_publications_5y": 0, "num_citations_5y": 0, "num_publications_10y": 0, "num_citations_10y": 0, "publications_years": {"2008": 1}, "citations_years": {}, "old_citations": {"2008": 0}, "isVisible": false}, "2103807666": {"name": "vijay k nair", "type": "author", "activity": 12, "h_index": 3, "h5_index": 0, "mag_id": "2103807666", "num_publications": 1, "num_citations": 1, "num_publications_5y": 0, "num_citations_5y": 0, "num_publications_10y": 0, "num_citations_10y": 1, "publications_years": {"2008": 1}, "citations_years": {"2011": 1}, "old_citations": {"2008": 1}, "isVisible": false}, "2108497611": {"name": "vivek k dwivedi", "type": "author", "activity": 13, "h_index": 2, "h5_index": 1, "mag_id": "2108497611", "num_publications": 1, "num_citations": 1, "num_publications_5y": 0, "num_citations_5y": 0, "num_publications_10y": 0, "num_citations_10y": 0, "publications_years": {"2008": 1}, "citations_years": {"2019": 1}, "old_citations": {"2008": 1}, "isVisible": false}, "2124063261": {"name": "sarita singh bhadauria", "type": "author", "activity": 12, "h_index": 8, "h5_index": 0, "mag_id": "2124063261", "num_publications": 1, "num_citations": 1, "num_publications_5y": 0, "num_citations_5y": 0, "num_publications_10y": 0, "num_citations_10y": 1, "publications_years": {"2008": 1}, "citations_years": {"2011": 1}, "old_citations": {"2008": 1}, "isVisible": false}, "2125550013": {"name": "a r harish", "type": "author", "activity": 2, "h_index": 2, "h5_index": 0, "mag_id": "2125550013", "num_publications": 1, "num_citations": 2, "num_publications_5y": 0, "num_citations_5y": 1, "num_publications_10y": 0, "num_citations_10y": 2, "publications_years": {"2008": 1}, "citations_years": {"2009": 1, "2010": 0, "2011": 0, "2012": 0, "2013": 0, "2014": 1}, "old_citations": {"2008": 2}, "isVisible": false}, "2134449250": {"name": "r k mishra", "type": "author", "activity": 2, "h_index": 2, "h5_index": 0, "mag_id": "2134449250", "num_publications": 1, "num_citations": 0, "num_publications_5y": 0, "num_citations_5y": 0, "num_publications_10y": 0, "num_citations_10y": 0, "publications_years": {"2008": 1}, "citations_years": {}, "old_citations": {"2008": 0}, "isVisible": false}, "2142877323": {"name": "s r biradar", "type": "author", "activity": 13, "h_index": 6, "h5_index": 1, "mag_id": "2142877323", "num_publications": 1, "num_citations": 2, "num_publications_5y": 0, "num_citations_5y": 1, "num_publications_10y": 0, "num_citations_10y": 2, "publications_years": {"2008": 1}, "citations_years": {"2013": 1, "2014": 0, "2015": 0, "2016": 1}, "old_citations": {"2008": 2}, "isVisible": false}, "2164926530": {"name": "mohammad tariqul islam", "type": "author", "activity": 17, "h_index": 15, "h5_index": 8, "mag_id": "2164926530", "num_publications": 1, "num_citations": 11, "num_publications_5y": 0, "num_citations_5y": 7, "num_publications_10y": 0, "num_citations_10y": 10, "publications_years": {"2008": 1}, "citations_years": {"2009": 1, "2010": 1, "2011": 0, "2012": 0, "2013": 1, "2014": 1, "2015": 3, "2016": 1, "2017": 2, "2018": 0, "2019": 1}, "old_citations": {"2008": 11}, "isVisible": false}, "2183194524": {"name": "j mukherjee", "type": "author", "activity": 1, "h_index": 0, "h5_index": 0, "mag_id": "2183194524", "num_publications": 1, "num_citations": 0, "num_publications_5y": 0, "num_citations_5y": 0, "num_publications_10y": 0, "num_citations_10y": 0, "publications_years": {"2008": 1}, "citations_years": {}, "old_citations": {"2008": 0}, "isVisible": false}, "2191140285": {"name": "prabodh chander sharma", "type": "author", "activity": 1, "h_index": 1, "h5_index": 0, "mag_id": "2191140285", "num_publications": 1, "num_citations": 2, "num_publications_5y": 0, "num_citations_5y": 2, "num_publications_10y": 0, "num_citations_10y": 2, "publications_years": {"2008": 1}, "citations_years": {"2014": 2}, "old_citations": {"2008": 2}, "isVisible": false}, "2223671697": {"name": "abdolali abdipour", "type": "author", "activity": 17, "h_index": 6, "h5_index": 3, "mag_id": "2223671697", "num_publications": 1, "num_citations": 2, "num_publications_5y": 0, "num_citations_5y": 0, "num_publications_10y": 0, "num_citations_10y": 2, "publications_years": {"2008": 1}, "citations_years": {"2010": 1, "2011": 0, "2012": 1}, "old_citations": {"2008": 2}, "isVisible": false}, "2224299181": {"name": "v sarala", "type": "author", "activity": 1, "h_index": 0, "h5_index": 0, "mag_id": "2224299181", "num_publications": 1, "num_citations": 0, "num_publications_5y": 0, "num_citations_5y": 0, "num_publications_10y": 0, "num_citations_10y": 0, "publications_years": {"2008": 1}, "citations_years": {}, "old_citations": {"2008": 0}, "isVisible": false}, "2226537792": {"name": "k shrivastava", "type": "author", "activity": 1, "h_index": 0, "h5_index": 0, "mag_id": "2226537792", "num_publications": 1, "num_citations": 0, "num_publications_5y": 0, "num_citations_5y": 0, "num_publications_10y": 0, "num_citations_10y": 0, "publications_years": {"2008": 1}, "citations_years": {}, "old_citations": {"2008": 0}, "isVisible": false}, "2227770208": {"name": "b kasyap ramkrishnan", "type": "author", "activity": 1, "h_index": 1, "h5_index": 0, "mag_id": "2227770208", "num_publications": 1, "num_citations": 6, "num_publications_5y": 0, "num_citations_5y": 3, "num_publications_10y": 0, "num_citations_10y": 5, "publications_years": {"2008": 1}, "citations_years": {"2011": 2, "2012": 0, "2013": 0, "2014": 0, "2015": 1, "2016": 1, "2017": 1, "2018": 0, "2019": 1}, "old_citations": {"2008": 6}, "isVisible": false}, "2229103372": {"name": "r dak", "type": "author", "activity": 1, "h_index": 0, "h5_index": 0, "mag_id": "2229103372", "num_publications": 1, "num_citations": 0, "num_publications_5y": 0, "num_citations_5y": 0, "num_publications_10y": 0, "num_citations_10y": 0, "publications_years": {"2008": 1}, "citations_years": {}, "old_citations": {"2008": 0}, "isVisible": false}, "2229340275": {"name": "nand k meena", "type": "author", "activity": 13, "h_index": 4, "h5_index": 3, "mag_id": "2229340275", "num_publications": 1, "num_citations": 2, "num_publications_5y": 0, "num_citations_5y": 1, "num_publications_10y": 0, "num_citations_10y": 2, "publications_years": {"2008": 1}, "citations_years": {"2009": 1, "2010": 0, "2011": 0, "2012": 0, "2013": 0, "2014": 1}, "old_citations": {"2008": 2}, "isVisible": false}, "2232048075": {"name": "g v r k rao", "type": "author", "activity": 6, "h_index": 0, "h5_index": 0, "mag_id": "2232048075", "num_publications": 1, "num_citations": 0, "num_publications_5y": 0, "num_citations_5y": 0, "num_publications_10y": 0, "num_citations_10y": 0, "publications_years": {"2008": 1}, "citations_years": {}, "old_citations": {"2008": 0}, "isVisible": false}, "2246401110": {"name": "madhu gupta", "type": "author", "activity": 14, "h_index": 3, "h5_index": 0, "mag_id": "2246401110", "num_publications": 1, "num_citations": 0, "num_publications_5y": 0, "num_citations_5y": 0, "num_publications_10y": 0, "num_citations_10y": 0, "publications_years": {"2008": 1}, "citations_years": {}, "old_citations": {"2008": 0}, "isVisible": false}, "2313331303": {"name": "a phophalia", "type": "author", "activity": 1, "h_index": 1, "h5_index": 0, "mag_id": "2313331303", "num_publications": 1, "num_citations": 2, "num_publications_5y": 0, "num_citations_5y": 0, "num_publications_10y": 0, "num_citations_10y": 0, "publications_years": {"2008": 1}, "citations_years": {"2019": 2}, "old_citations": {"2008": 2}, "isVisible": false}, "2313357725": {"name": "a bohra", "type": "author", "activity": 1, "h_index": 0, "h5_index": 0, "mag_id": "2313357725", "num_publications": 1, "num_citations": 0, "num_publications_5y": 0, "num_citations_5y": 0, "num_publications_10y": 0, "num_citations_10y": 0, "publications_years": {"2008": 1}, "citations_years": {}, "old_citations": {"2008": 0}, "isVisible": false}, "2318299617": {"name": "y akhtar", "type": "author", "activity": 1, "h_index": 0, "h5_index": 0, "mag_id": "2318299617", "num_publications": 1, "num_citations": 0, "num_publications_5y": 0, "num_citations_5y": 0, "num_publications_10y": 0, "num_citations_10y": 0, "publications_years": {"2008": 1}, "citations_years": {}, "old_citations": {"2008": 0}, "isVisible": false}, "2323813671": {"name": "s shrimal", "type": "author", "activity": 1, "h_index": 1, "h5_index": 0, "mag_id": "2323813671", "num_publications": 1, "num_citations": 2, "num_publications_5y": 0, "num_citations_5y": 0, "num_publications_10y": 0, "num_citations_10y": 2, "publications_years": {"2008": 1}, "citations_years": {"2010": 1, "2011": 0, "2012": 0, "2013": 1}, "old_citations": {"2008": 2}, "isVisible": false}, "2324686793": {"name": "mohamed ismaeel", "type": "author", "activity": 1, "h_index": 1, "h5_index": 0, "mag_id": "2324686793", "num_publications": 1, "num_citations": 1, "num_publications_5y": 0, "num_citations_5y": 1, "num_publications_10y": 0, "num_citations_10y": 1, "publications_years": {"2008": 1}, "citations_years": {"2014": 1}, "old_citations": {"2008": 1}, "isVisible": false}, "2420740324": {"name": "d sharma", "type": "author", "activity": 1, "h_index": 1, "h5_index": 0, "mag_id": "2420740324", "num_publications": 1, "num_citations": 2, "num_publications_5y": 0, "num_citations_5y": 2, "num_publications_10y": 0, "num_citations_10y": 2, "publications_years": {"2008": 1}, "citations_years": {"2014": 2}, "old_citations": {"2008": 2}, "isVisible": false}, "2435574360": {"name": "s b sharma", "type": "author", "activity": 1, "h_index": 0, "h5_index": 0, "mag_id": "2435574360", "num_publications": 1, "num_citations": 0, "num_publications_5y": 0, "num_citations_5y": 0, "num_publications_10y": 0, "num_citations_10y": 0, "publications_years": {"2008": 1}, "citations_years": {}, "old_citations": {"2008": 0}, "isVisible": false}, "2438287484": {"name": "k p ray", "type": "author", "activity": 1, "h_index": 0, "h5_index": 0, "mag_id": "2438287484", "num_publications": 1, "num_citations": 0, "num_publications_5y": 0, "num_citations_5y": 0, "num_publications_10y": 0, "num_citations_10y": 0, "publications_years": {"2008": 1}, "citations_years": {}, "old_citations": {"2008": 0}, "isVisible": false}, "2439667269": {"name": "k p ray", "type": "author", "activity": 1, "h_index": 1, "h5_index": 0, "mag_id": "2439667269", "num_publications": 1, "num_citations": 6, "num_publications_5y": 0, "num_citations_5y": 3, "num_publications_10y": 0, "num_citations_10y": 5, "publications_years": {"2008": 1}, "citations_years": {"2011": 2, "2012": 0, "2013": 0, "2014": 0, "2015": 1, "2016": 1, "2017": 1, "2018": 0, "2019": 1}, "old_citations": {"2008": 6}, "isVisible": false}, "2444593943": {"name": "a l krishna", "type": "author", "activity": 1, "h_index": 1, "h5_index": 0, "mag_id": "2444593943", "num_publications": 1, "num_citations": 2, "num_publications_5y": 0, "num_citations_5y": 2, "num_publications_10y": 0, "num_citations_10y": 2, "publications_years": {"2008": 1}, "citations_years": {"2014": 2}, "old_citations": {"2008": 2}, "isVisible": false}, "2475888077": {"name": "m rafie", "type": "author", "activity": 1, "h_index": 1, "h5_index": 0, "mag_id": "2475888077", "num_publications": 1, "num_citations": 2, "num_publications_5y": 0, "num_citations_5y": 0, "num_publications_10y": 0, "num_citations_10y": 2, "publications_years": {"2008": 1}, "citations_years": {"2010": 1, "2011": 0, "2012": 1}, "old_citations": {"2008": 2}, "isVisible": false}, "2478365509": {"name": "r k kulkarni", "type": "author", "activity": 1, "h_index": 1, "h5_index": 0, "mag_id": "2478365509", "num_publications": 1, "num_citations": 6, "num_publications_5y": 0, "num_citations_5y": 3, "num_publications_10y": 0, "num_citations_10y": 5, "publications_years": {"2008": 1}, "citations_years": {"2011": 2, "2012": 0, "2013": 0, "2014": 0, "2015": 1, "2016": 1, "2017": 1, "2018": 0, "2019": 1}, "old_citations": {"2008": 6}, "isVisible": false}, "2478860170": {"name": "s sharma", "type": "author", "activity": 1, "h_index": 0, "h5_index": 0, "mag_id": "2478860170", "num_publications": 1, "num_citations": 0, "num_publications_5y": 0, "num_citations_5y": 0, "num_publications_10y": 0, "num_citations_10y": 0, "publications_years": {"2008": 1}, "citations_years": {}, "old_citations": {"2008": 0}, "isVisible": false}, "2501630266": {"name": "h tandon", "type": "author", "activity": 1, "h_index": 1, "h5_index": 0, "mag_id": "2501630266", "num_publications": 1, "num_citations": 1, "num_publications_5y": 0, "num_citations_5y": 0, "num_publications_10y": 0, "num_citations_10y": 1, "publications_years": {"2008": 1}, "citations_years": {"2011": 1}, "old_citations": {"2008": 1}, "isVisible": false}, "2543061942": {"name": "a aggarwal", "type": "author", "activity": 1, "h_index": 1, "h5_index": 0, "mag_id": "2543061942", "num_publications": 1, "num_citations": 1, "num_publications_5y": 0, "num_citations_5y": 0, "num_publications_10y": 0, "num_citations_10y": 1, "publications_years": {"2008": 1}, "citations_years": {"2011": 1}, "old_citations": {"2008": 1}, "isVisible": false}, "2544083459": {"name": "p pathak", "type": "author", "activity": 1, "h_index": 1, "h5_index": 0, "mag_id": "2544083459", "num_publications": 1, "num_citations": 2, "num_publications_5y": 0, "num_citations_5y": 0, "num_publications_10y": 0, "num_citations_10y": 2, "publications_years": {"2008": 1}, "citations_years": {"2012": 1, "2013": 1}, "old_citations": {"2008": 2}, "isVisible": false}, "2567789434": {"name": "s nagori", "type": "author", "activity": 1, "h_index": 1, "h5_index": 0, "mag_id": "2567789434", "num_publications": 1, "num_citations": 2, "num_publications_5y": 0, "num_citations_5y": 1, "num_publications_10y": 0, "num_citations_10y": 2, "publications_years": {"2008": 1}, "citations_years": {"2011": 1, "2012": 0, "2013": 0, "2014": 0, "2015": 0, "2016": 0, "2017": 1}, "old_citations": {"2008": 2}, "isVisible": false}, "2568174157": {"name": "g s raghuwanshi", "type": "author", "activity": 1, "h_index": 1, "h5_index": 0, "mag_id": "2568174157", "num_publications": 1, "num_citations": 2, "num_publications_5y": 0, "num_citations_5y": 1, "num_publications_10y": 0, "num_citations_10y": 2, "publications_years": {"2008": 1}, "citations_years": {"2009": 1, "2010": 0, "2011": 0, "2012": 0, "2013": 0, "2014": 1}, "old_citations": {"2008": 2}, "isVisible": false}, "2568273974": {"name": "h c pandey", "type": "author", "activity": 1, "h_index": 1, "h5_index": 0, "mag_id": "2568273974", "num_publications": 1, "num_citations": 2, "num_publications_5y": 0, "num_citations_5y": 2, "num_publications_10y": 0, "num_citations_10y": 2, "publications_years": {"2008": 1}, "citations_years": {"2014": 2}, "old_citations": {"2008": 2}, "isVisible": false}, "2570430683": {"name": "s joshi", "type": "author", "activity": 1, "h_index": 1, "h5_index": 0, "mag_id": "2570430683", "num_publications": 1, "num_citations": 2, "num_publications_5y": 0, "num_citations_5y": 1, "num_publications_10y": 0, "num_citations_10y": 2, "publications_years": {"2008": 1}, "citations_years": {"2011": 1, "2012": 0, "2013": 0, "2014": 0, "2015": 0, "2016": 0, "2017": 1}, "old_citations": {"2008": 2}, "isVisible": false}, "2601294052": {"name": "m madheswaran", "type": "author", "activity": 1, "h_index": 1, "h5_index": 0, "mag_id": "2601294052", "num_publications": 1, "num_citations": 1, "num_publications_5y": 0, "num_citations_5y": 0, "num_publications_10y": 0, "num_citations_10y": 1, "publications_years": {"2008": 1}, "citations_years": {"2013": 1}, "old_citations": {"2008": 1}, "isVisible": false}, "2606060517": {"name": "subir kumar sarkar", "type": "author", "activity": 24, "h_index": 10, "h5_index": 4, "mag_id": "2606060517", "num_publications": 1, "num_citations": 2, "num_publications_5y": 0, "num_citations_5y": 1, "num_publications_10y": 0, "num_citations_10y": 2, "publications_years": {"2008": 1}, "citations_years": {"2013": 1, "2014": 0, "2015": 0, "2016": 1}, "old_citations": {"2008": 2}, "isVisible": false}, "2632457293": {"name": "n agrawal", "type": "author", "activity": 1, "h_index": 1, "h5_index": 0, "mag_id": "2632457293", "num_publications": 1, "num_citations": 0, "num_publications_5y": 0, "num_citations_5y": 0, "num_publications_10y": 0, "num_citations_10y": 0, "publications_years": {"2008": 1}, "citations_years": {}, "old_citations": {"2008": 0}, "isVisible": false}, "2634896979": {"name": "h m agrawal", "type": "author", "activity": 1, "h_index": 1, "h5_index": 0, "mag_id": "2634896979", "num_publications": 1, "num_citations": 2, "num_publications_5y": 0, "num_citations_5y": 1, "num_publications_10y": 0, "num_citations_10y": 2, "publications_years": {"2008": 1}, "citations_years": {"2011": 1, "2012": 0, "2013": 0, "2014": 0, "2015": 0, "2016": 0, "2017": 1}, "old_citations": {"2008": 2}, "isVisible": false}, "2639743184": {"name": "r saluja", "type": "author", "activity": 1, "h_index": 1, "h5_index": 0, "mag_id": "2639743184", "num_publications": 1, "num_citations": 2, "num_publications_5y": 0, "num_citations_5y": 2, "num_publications_10y": 0, "num_citations_10y": 2, "publications_years": {"2008": 1}, "citations_years": {"2014": 2}, "old_citations": {"2008": 2}, "isVisible": false}, "2640898635": {"name": "m madheswaran", "type": "author", "activity": 1, "h_index": 0, "h5_index": 0, "mag_id": "2640898635", "num_publications": 1, "num_citations": 0, "num_publications_5y": 0, "num_citations_5y": 0, "num_publications_10y": 0, "num_citations_10y": 0, "publications_years": {"2008": 1}, "citations_years": {}, "old_citations": {"2008": 0}, "isVisible": false}, "2643302104": {"name": "d c dube", "type": "author", "activity": 1, "h_index": 0, "h5_index": 0, "mag_id": "2643302104", "num_publications": 1, "num_citations": 0, "num_publications_5y": 0, "num_citations_5y": 0, "num_publications_10y": 0, "num_citations_10y": 0, "publications_years": {"2008": 1}, "citations_years": {}, "old_citations": {"2008": 0}, "isVisible": false}, "2643439109": {"name": "r garg", "type": "author", "activity": 1, "h_index": 0, "h5_index": 0, "mag_id": "2643439109", "num_publications": 1, "num_citations": 0, "num_publications_5y": 0, "num_citations_5y": 0, "num_publications_10y": 0, "num_citations_10y": 0, "publications_years": {"2008": 1}, "citations_years": {}, "old_citations": {"2008": 0}, "isVisible": false}, "2647992580": {"name": "k bansal", "type": "author", "activity": 1, "h_index": 1, "h5_index": 0, "mag_id": "2647992580", "num_publications": 1, "num_citations": 2, "num_publications_5y": 0, "num_citations_5y": 1, "num_publications_10y": 0, "num_citations_10y": 2, "publications_years": {"2008": 1}, "citations_years": {"2011": 1, "2012": 0, "2013": 0, "2014": 0, "2015": 0, "2016": 0, "2017": 1}, "old_citations": {"2008": 2}, "isVisible": false}, "2650349681": {"name": "b gupta", "type": "author", "activity": 1, "h_index": 1, "h5_index": 0, "mag_id": "2650349681", "num_publications": 1, "num_citations": 1, "num_publications_5y": 0, "num_citations_5y": 0, "num_publications_10y": 0, "num_citations_10y": 1, "publications_years": {"2008": 1}, "citations_years": {"2010": 1}, "old_citations": {"2008": 1}, "isVisible": false}, "2670925960": {"name": "t purusothaman", "type": "author", "activity": 1, "h_index": 1, "h5_index": 0, "mag_id": "2670925960", "num_publications": 1, "num_citations": 1, "num_publications_5y": 0, "num_citations_5y": 0, "num_publications_10y": 0, "num_citations_10y": 1, "publications_years": {"2008": 1}, "citations_years": {"2013": 1}, "old_citations": {"2008": 1}, "isVisible": false}, "2679926885": {"name": "g mathur", "type": "author", "activity": 1, "h_index": 0, "h5_index": 0, "mag_id": "2679926885", "num_publications": 1, "num_citations": 0, "num_publications_5y": 0, "num_citations_5y": 0, "num_publications_10y": 0, "num_citations_10y": 0, "publications_years": {"2008": 1}, "citations_years": {}, "old_citations": {"2008": 0}, "isVisible": false}, "2681877426": {"name": "s manikandan", "type": "author", "activity": 1, "h_index": 1, "h5_index": 0, "mag_id": "2681877426", "num_publications": 1, "num_citations": 1, "num_publications_5y": 0, "num_citations_5y": 0, "num_publications_10y": 0, "num_citations_10y": 1, "publications_years": {"2008": 1}, "citations_years": {"2013": 1}, "old_citations": {"2008": 1}, "isVisible": false}, "2686245009": {"name": "r ranjan", "type": "author", "activity": 1, "h_index": 1, "h5_index": 0, "mag_id": "2686245009", "num_publications": 1, "num_citations": 2, "num_publications_5y": 0, "num_citations_5y": 0, "num_publications_10y": 0, "num_citations_10y": 0, "publications_years": {"2008": 1}, "citations_years": {"2019": 2}, "old_citations": {"2008": 2}, "isVisible": false}, "2688278704": {"name": "v g borkar", "type": "author", "activity": 1, "h_index": 0, "h5_index": 0, "mag_id": "2688278704", "num_publications": 1, "num_citations": 0, "num_publications_5y": 0, "num_citations_5y": 0, "num_publications_10y": 0, "num_citations_10y": 0, "publications_years": {"2008": 1}, "citations_years": {}, "old_citations": {"2008": 0}, "isVisible": false}, "2707735617": {"name": "s pattanaik", "type": "author", "activity": 1, "h_index": 0, "h5_index": 0, "mag_id": "2707735617", "num_publications": 1, "num_citations": 0, "num_publications_5y": 0, "num_citations_5y": 0, "num_publications_10y": 0, "num_citations_10y": 0, "publications_years": {"2008": 1}, "citations_years": {}, "old_citations": {"2008": 0}, "isVisible": false}, "2707914674": {"name": "karl varian", "type": "author", "activity": 1, "h_index": 0, "h5_index": 0, "mag_id": "2707914674", "num_publications": 1, "num_citations": 0, "num_publications_5y": 0, "num_citations_5y": 0, "num_publications_10y": 0, "num_citations_10y": 0, "publications_years": {"2008": 1}, "citations_years": {}, "old_citations": {"2008": 0}, "isVisible": false}, "2721037421": {"name": "k charan", "type": "author", "activity": 1, "h_index": 1, "h5_index": 0, "mag_id": "2721037421", "num_publications": 1, "num_citations": 1, "num_publications_5y": 0, "num_citations_5y": 0, "num_publications_10y": 0, "num_citations_10y": 1, "publications_years": {"2008": 1}, "citations_years": {"2010": 1}, "old_citations": {"2008": 1}, "isVisible": false}, "2846586787": {"name": "d s kumar", "type": "author", "activity": 6, "h_index": 2, "h5_index": 0, "mag_id": "2846586787", "num_publications": 1, "num_citations": 0, "num_publications_5y": 0, "num_citations_5y": 0, "num_publications_10y": 0, "num_citations_10y": 0, "publications_years": {"2008": 1}, "citations_years": {}, "old_citations": {"2008": 0}, "isVisible": false}, "2893384937": {"name": "p v hunagund", "type": "author", "activity": 9, "h_index": 1, "h5_index": 0, "mag_id": "2893384937", "num_publications": 1, "num_citations": 4, "num_publications_5y": 0, "num_citations_5y": 3, "num_publications_10y": 0, "num_citations_10y": 4, "publications_years": {"2008": 1}, "citations_years": {"2009": 1, "2010": 0, "2011": 0, "2012": 0, "2013": 0, "2014": 1, "2015": 0, "2016": 0, "2017": 0, "2018": 2}, "old_citations": {"2008": 4}, "isVisible": false}, "2902684774": {"name": "pawan kumar", "type": "author", "activity": 12, "h_index": 2, "h5_index": 1, "mag_id": "2902684774", "num_publications": 1, "num_citations": 1, "num_publications_5y": 0, "num_citations_5y": 0, "num_publications_10y": 0, "num_citations_10y": 0, "publications_years": {"2008": 1}, "citations_years": {"2019": 1}, "old_citations": {"2008": 1}, "isVisible": false}, "2918568869": {"name": "s maheswari", "type": "author", "activity": 1, "h_index": 0, "h5_index": 0, "mag_id": "2918568869", "num_publications": 1, "num_citations": 0, "num_publications_5y": 0, "num_citations_5y": 0, "num_publications_10y": 0, "num_citations_10y": 0, "publications_years": {"2008": 1}, "citations_years": {}, "old_citations": {"2008": 0}, "isVisible": false}, "2963715616": {"name": "p k khanna", "type": "author", "activity": 1, "h_index": 1, "h5_index": 0, "mag_id": "2963715616", "num_publications": 1, "num_citations": 2, "num_publications_5y": 0, "num_citations_5y": 2, "num_publications_10y": 0, "num_citations_10y": 2, "publications_years": {"2008": 1}, "citations_years": {"2014": 2}, "old_citations": {"2008": 2}, "isVisible": false}, "2973232503": {"name": "w m boerner", "type": "author", "activity": 1, "h_index": 1, "h5_index": 0, "mag_id": "2973232503", "num_publications": 1, "num_citations": 3, "num_publications_5y": 0, "num_citations_5y": 0, "num_publications_10y": 0, "num_citations_10y": 3, "publications_years": {"2008": 1}, "citations_years": {"2010": 3}, "old_citations": {"2008": 3}, "isVisible": false}, "2973301273": {"name": "i s misra", "type": "author", "activity": 1, "h_index": 0, "h5_index": 0, "mag_id": "2973301273", "num_publications": 1, "num_citations": 0, "num_publications_5y": 0, "num_citations_5y": 0, "num_publications_10y": 0, "num_citations_10y": 0, "publications_years": {"2008": 1}, "citations_years": {}, "old_citations": {"2008": 0}, "isVisible": false}, "2973341008": {"name": "k vyas", "type": "author", "activity": 1, "h_index": 1, "h5_index": 0, "mag_id": "2973341008", "num_publications": 1, "num_citations": 1, "num_publications_5y": 0, "num_citations_5y": 0, "num_publications_10y": 0, "num_citations_10y": 1, "publications_years": {"2008": 1}, "citations_years": {"2010": 1}, "old_citations": {"2008": 1}, "isVisible": false}, "2973342170": {"name": "s m elghazaly", "type": "author", "activity": 1, "h_index": 0, "h5_index": 0, "mag_id": "2973342170", "num_publications": 1, "num_citations": 0, "num_publications_5y": 0, "num_citations_5y": 0, "num_publications_10y": 0, "num_citations_10y": 0, "publications_years": {"2008": 1}, "citations_years": {}, "old_citations": {"2008": 0}, "isVisible": false}, "2973400969": {"name": "k venugopalan", "type": "author", "activity": 1, "h_index": 1, "h5_index": 0, "mag_id": "2973400969", "num_publications": 1, "num_citations": 1, "num_publications_5y": 0, "num_citations_5y": 0, "num_publications_10y": 0, "num_citations_10y": 1, "publications_years": {"2008": 1}, "citations_years": {"2009": 1}, "old_citations": {"2008": 1}, "isVisible": false}, "2973817927": {"name": "a k verma", "type": "author", "activity": 1, "h_index": 1, "h5_index": 0, "mag_id": "2973817927", "num_publications": 1, "num_citations": 2, "num_publications_5y": 0, "num_citations_5y": 1, "num_publications_10y": 0, "num_citations_10y": 2, "publications_years": {"2008": 1}, "citations_years": {"2009": 1, "2010": 0, "2011": 0, "2012": 0, "2013": 0, "2014": 1}, "old_citations": {"2008": 2}, "isVisible": false}, "2973871444": {"name": "s joshi", "type": "author", "activity": 1, "h_index": 0, "h5_index": 0, "mag_id": "2973871444", "num_publications": 1, "num_citations": 0, "num_publications_5y": 0, "num_citations_5y": 0, "num_publications_10y": 0, "num_citations_10y": 0, "publications_years": {"2008": 1}, "citations_years": {}, "old_citations": {"2008": 0}, "isVisible": false}, "2974056207": {"name": "s sabharwal", "type": "author", "activity": 1, "h_index": 1, "h5_index": 0, "mag_id": "2974056207", "num_publications": 1, "num_citations": 1, "num_publications_5y": 0, "num_citations_5y": 0, "num_publications_10y": 0, "num_citations_10y": 1, "publications_years": {"2008": 1}, "citations_years": {"2010": 1}, "old_citations": {"2008": 1}, "isVisible": false}, "2974260265": {"name": "s sancheti", "type": "author", "activity": 1, "h_index": 0, "h5_index": 0, "mag_id": "2974260265", "num_publications": 1, "num_citations": 0, "num_publications_5y": 0, "num_citations_5y": 0, "num_publications_10y": 0, "num_citations_10y": 0, "publications_years": {"2008": 1}, "citations_years": {}, "old_citations": {"2008": 0}, "isVisible": false}, "2974271793": {"name": "n agrawal", "type": "author", "activity": 1, "h_index": 1, "h5_index": 0, "mag_id": "2974271793", "num_publications": 1, "num_citations": 1, "num_publications_5y": 0, "num_citations_5y": 0, "num_publications_10y": 0, "num_citations_10y": 1, "publications_years": {"2008": 1}, "citations_years": {"2009": 1}, "old_citations": {"2008": 1}, "isVisible": false}, "2974384384": {"name": "m bhattacharya", "type": "author", "activity": 1, "h_index": 1, "h5_index": 0, "mag_id": "2974384384", "num_publications": 1, "num_citations": 1, "num_publications_5y": 0, "num_citations_5y": 0, "num_publications_10y": 0, "num_citations_10y": 1, "publications_years": {"2008": 1}, "citations_years": {"2010": 1}, "old_citations": {"2008": 1}, "isVisible": false}, "2974421769": {"name": "s kumari", "type": "author", "activity": 1, "h_index": 0, "h5_index": 0, "mag_id": "2974421769", "num_publications": 1, "num_citations": 0, "num_publications_5y": 0, "num_citations_5y": 0, "num_publications_10y": 0, "num_citations_10y": 0, "publications_years": {"2008": 1}, "citations_years": {}, "old_citations": {"2008": 0}, "isVisible": false}, "2974432436": {"name": "a noor", "type": "author", "activity": 1, "h_index": 1, "h5_index": 0, "mag_id": "2974432436", "num_publications": 1, "num_citations": 1, "num_publications_5y": 0, "num_citations_5y": 0, "num_publications_10y": 0, "num_citations_10y": 1, "publications_years": {"2008": 1}, "citations_years": {"2010": 1}, "old_citations": {"2008": 1}, "isVisible": false}, "2974489664": {"name": "s rawat", "type": "author", "activity": 1, "h_index": 1, "h5_index": 0, "mag_id": "2974489664", "num_publications": 1, "num_citations": 2, "num_publications_5y": 0, "num_citations_5y": 0, "num_publications_10y": 0, "num_citations_10y": 2, "publications_years": {"2008": 1}, "citations_years": {"2012": 1, "2013": 1}, "old_citations": {"2008": 2}, "isVisible": false}, "2974497810": {"name": "a k panda", "type": "author", "activity": 1, "h_index": 1, "h5_index": 0, "mag_id": "2974497810", "num_publications": 1, "num_citations": 1, "num_publications_5y": 0, "num_citations_5y": 0, "num_publications_10y": 0, "num_citations_10y": 1, "publications_years": {"2008": 1}, "citations_years": {"2010": 1}, "old_citations": {"2008": 1}, "isVisible": false}, "2974564283": {"name": "h sarma", "type": "author", "activity": 1, "h_index": 1, "h5_index": 0, "mag_id": "2974564283", "num_publications": 1, "num_citations": 2, "num_publications_5y": 0, "num_citations_5y": 1, "num_publications_10y": 0, "num_citations_10y": 2, "publications_years": {"2008": 1}, "citations_years": {"2013": 1, "2014": 0, "2015": 0, "2016": 1}, "old_citations": {"2008": 2}, "isVisible": false}, "2974595142": {"name": "a ghosh", "type": "author", "activity": 1, "h_index": 0, "h5_index": 0, "mag_id": "2974595142", "num_publications": 1, "num_citations": 0, "num_publications_5y": 0, "num_citations_5y": 0, "num_publications_10y": 0, "num_citations_10y": 0, "publications_years": {"2008": 1}, "citations_years": {}, "old_citations": {"2008": 0}, "isVisible": false}, "2974695372": {"name": "a agarwal", "type": "author", "activity": 1, "h_index": 1, "h5_index": 0, "mag_id": "2974695372", "num_publications": 1, "num_citations": 2, "num_publications_5y": 0, "num_citations_5y": 1, "num_publications_10y": 0, "num_citations_10y": 2, "publications_years": {"2008": 1}, "citations_years": {"2009": 1, "2010": 0, "2011": 0, "2012": 0, "2013": 0, "2014": 1}, "old_citations": {"2008": 2}, "isVisible": false}, "2974705037": {"name": "c k ghosh", "type": "author", "activity": 1, "h_index": 0, "h5_index": 0, "mag_id": "2974705037", "num_publications": 1, "num_citations": 0, "num_publications_5y": 0, "num_citations_5y": 0, "num_publications_10y": 0, "num_citations_10y": 0, "publications_years": {"2008": 1}, "citations_years": {}, "old_citations": {"2008": 0}, "isVisible": false}, "2974866622": {"name": "k venugopalan", "type": "author", "activity": 1, "h_index": 1, "h5_index": 0, "mag_id": "2974866622", "num_publications": 1, "num_citations": 0, "num_publications_5y": 0, "num_citations_5y": 0, "num_publications_10y": 0, "num_citations_10y": 0, "publications_years": {"2008": 1}, "citations_years": {}, "old_citations": {"2008": 0}, "isVisible": false}, "2974875153": {"name": "s pal", "type": "author", "activity": 1, "h_index": 0, "h5_index": 0, "mag_id": "2974875153", "num_publications": 1, "num_citations": 0, "num_publications_5y": 0, "num_citations_5y": 0, "num_publications_10y": 0, "num_citations_10y": 0, "publications_years": {"2008": 1}, "citations_years": {}, "old_citations": {"2008": 0}, "isVisible": false}, "2986440002": {"name": "g moradi", "type": "author", "activity": 1, "h_index": 1, "h5_index": 0, "mag_id": "2986440002", "num_publications": 1, "num_citations": 2, "num_publications_5y": 0, "num_citations_5y": 0, "num_publications_10y": 0, "num_citations_10y": 2, "publications_years": {"2008": 1}, "citations_years": {"2010": 1, "2011": 0, "2012": 1}, "old_citations": {"2008": 2}, "isVisible": false}, "3002458849": {"name": "amit singh", "type": "author", "activity": 13, "h_index": 17, "h5_index": 14, "mag_id": "3002458849", "num_publications": 1, "num_citations": 1, "num_publications_5y": 0, "num_citations_5y": 0, "num_publications_10y": 0, "num_citations_10y": 1, "publications_years": {"2008": 1}, "citations_years": {"2011": 1}, "old_citations": {"2008": 1}, "isVisible": false}}, "countries": {"India": {"name": "India", "type": "country", "h5_index": 78, "num_publications": 23, "num_citations": 21, "num_publications_5y": 0, "num_citations_5y": 8, "num_publications_10y": 0, "num_citations_10y": 18, "publications_years": {"2008": 23}, "citations_years": {"2010": 3, "2019": 3, "2012": 1, "2013": 3, "2014": 5, "2011": 1, "2009": 2, "2015": 0, "2016": 1, "2017": 0, "2018": 2}, "old_citations": {"2008": 21}, "isVisible": false}, "United States": {"name": "United States", "type": "country", "h5_index": 308, "num_publications": 6, "num_citations": 6, "num_publications_5y": 0, "num_citations_5y": 0, "num_publications_10y": 0, "num_citations_10y": 6, "publications_years": {"2008": 6}, "citations_years": {"2010": 4, "2011": 1, "2013": 1}, "old_citations": {"2008": 6}, "isVisible": false}, "Iran": {"name": "Iran", "type": "country", "h5_index": 63, "num_publications": 1, "num_citations": 2, "num_publications_5y": 0, "num_citations_5y": 0, "num_publications_10y": 0, "num_citations_10y": 2, "publications_years": {"2008": 1}, "citations_years": {"2010": 1, "2011": 0, "2012": 1}, "old_citations": {"2008": 2}, "isVisible": false}, "Switzerland": {"name": "Switzerland", "type": "country", "h5_index": 102, "num_publications": 1, "num_citations": 1, "num_publications_5y": 0, "num_citations_5y": 0, "num_publications_10y": 0, "num_citations_10y": 1, "publications_years": {"2008": 1}, "citations_years": {"2011": 1}, "old_citations": {"2008": 1}, "isVisible": false}}, "industrial_sectors": {"technology": {"name": "technology", "type": "industrial sector", "h5_index": 229, "num_publications": 2, "num_citations": 2, "num_publications_5y": 0, "num_citations_5y": 0, "num_publications_10y": 0, "num_citations_10y": 2, "publications_years": {"2008": 2}, "citations_years": {"2011": 2}, "old_citations": {"2008": 2}, "isVisible": false}, "computing_and_it": {"name": "computing_and_it", "type": "industrial sector", "h5_index": 221, "num_publications": 1, "num_citations": 1, "num_publications_5y": 0, "num_citations_5y": 0, "num_publications_10y": 0, "num_citations_10y": 1, "publications_years": {"2008": 1}, "citations_years": {"2011": 1}, "old_citations": {"2008": 1}, "isVisible": false}, "semiconductor": {"name": "semiconductor", "type": "industrial sector", "h5_index": 102, "num_publications": 1, "num_citations": 1, "num_publications_5y": 0, "num_citations_5y": 0, "num_publications_10y": 0, "num_citations_10y": 1, "publications_years": {"2008": 1}, "citations_years": {"2011": 1}, "old_citations": {"2008": 1}, "isVisible": false}}}, "conference_comparison": {"computer science": {}}, "topics_dna": {"publications": {}, "citations": {"normalized": {}, "average": {}}}, "info": {"num_publications": 42, "num_citations": 50.0, "impact_factor": {}, "publications_years": {"2008": 42}, "citations_years": {"2009": 4, "2010": 9, "2011": 6, "2012": 2, "2013": 5, "2014": 6, "2015": 4, "2016": 3, "2017": 4, "2018": 2, "2019": 5}, "old_citations": {"2008": 50}, "h5_index": 0}, "percentile": {"computer science": {"2008": 61}}, "conference_ranking": {"computer science": {"2008": 1655}}, "academia": {"num_publications": 25, "num_citations": 26, "publications_years": {"2008": 25}, "old_citations": {"2008": 26}, "num_publications_5y": 0, "num_citations_5y": 0, "num_publications_10y": 0, "num_citations_10y": 0}, "industry": {"num_publications": 1, "num_citations": 1, "publications_years": {"2008": 1}, "old_citations": {"2008": 1}, "num_publications_5y": 0, "num_citations_5y": 0, "num_publications_10y": 0, "num_citations_10y": 0}, "collaborative": {"num_publications": 1, "num_citations": 1, "publications_years": {"2008": 1}, "old_citations": {"2008": 1}, "num_publications_5y": 0, "num_citations_5y": 0, "num_publications_10y": 0, "num_citations_10y": 0}, "conferences": {}, "journals": {}, "organizations": {"publication_overall": ["Malaviya National Institute of Technology Jaipur", "Birla Institute of Technology and Science, Pilani", "Jadavpur University", "Jaypee University of Information Technology", "Sathyabama Institute of Science and Technology", "Accenture (Switzerland)", "Amirkabir University of Technology", "Amity University", "Berhampur University", "Defence Research and Development Organisation", "Gulbarga University", "Indian Institute of Technology Kanpur", "Indian Institute of Technology Kharagpur", "Indian Space Research Organisation", "Intel (United States)", "Jaypee Institute of Information Technology", "King University", "National Institute of Standards and Technology", "National Institute of Technology Tiruchirappalli", "San Diego State University", "Sikkim Manipal University", "University of Arkansas at Fayetteville", "University of Illinois at Chicago"], "citation_overall": ["Birla Institute of Technology and Science, Pilani", "Gulbarga University", "Jadavpur University", "Malaviya National Institute of Technology Jaipur", "University of Illinois at Chicago", "Amirkabir University of Technology", "Amity University", "Indian Institute of Technology Kanpur", "Jaypee University of Information Technology", "Sikkim Manipal University", "Accenture (Switzerland)", "Intel (United States)", "Jaypee Institute of Information Technology", "King University", "National Institute of Standards and Technology", "Sathyabama Institute of Science and Technology", "Berhampur University", "Defence Research and Development Organisation", "Indian Institute of Technology Kharagpur", "Indian Space Research Organisation", "National Institute of Technology Tiruchirappalli", "San Diego State University", "University of Arkansas at Fayetteville"], "publication_10_years": [], "citation_10_years": [], "publication_5_years": [], "citation_5_years": []}, "countries": {"publication_overall": ["India", "United States", "Iran", "Switzerland"], "citation_overall": ["India", "United States", "Iran", "Switzerland"], "publication_10_years": [], "citation_10_years": [], "publication_5_years": [], "citation_5_years": []}, "topics": {"publication_overall": ["computer science", "computer networks", "computer systems", "engineering", "communication systems", "signal processing", "telecommunication systems", "wireless telecommunication systems", "communication channels (information theory)", "mathematics", "signal to noise ratio", "antennas", "matrix algebra", "computer hardware", "telecommunication networks", "bandwidth", "probability", "antenna arrays", "bit error rate", "signal detection"], "citation_overall": ["computer science", "communication systems", "computer networks", "computer systems", "engineering", "telecommunication systems", "wireless telecommunication systems", "signal processing", "communication channels (information theory)", "mathematics", "signal to noise ratio", "matrix algebra", "antennas", "telecommunication networks", "antenna arrays", "bandwidth", "telecommunication traffic", "directional patterns (antenna)", "microwaves", "radio"], "publication_10_years": [], "citation_10_years": [], "publication_5_years": [], "citation_5_years": []}, "main_topics": ["computer science"], "authors": {"publication_overall": ["2148024339", "2302789539", "2919199576", "365820696", "370101764", "395040206", "427264395", "1009587458", "1755691601", "1765723453", "1956435719", "1970777071", "2039509516", "2040793400", "2081093828", "2086148344", "2097171193", "2101372900", "2103807666", "2108497611", "2124063261", "2125550013", "2134449250", "2142877323", "2164926530", "2183194524", "2191140285", "2223671697", "2224299181", "2226537792", "2227770208", "2229103372", "2229340275", "2232048075", "2246401110", "2313331303", "2313357725", "2318299617", "2323813671", "2324686793", "2420740324", "2435574360", "2438287484", "2439667269", "2444593943", "2475888077", "2478365509", "2478860170", "2501630266", "2543061942", "2544083459", "2567789434", "2568174157", "2568273974", "2570430683", "2601294052", "2606060517", "2632457293", "2634896979", "2639743184", "2640898635", "2643302104", "2643439109", "2647992580", "2650349681", "2670925960", "2679926885", "2681877426", "2686245009", "2688278704", "2707735617", "2707914674", "2721037421", "2846586787", "2893384937", "2902684774", "2918568869", "2963715616", "2973232503", "2973301273", "2973341008", "2973342170", "2973400969", "2973817927", "2973871444", "2974056207", "2974260265", "2974271793", "2974384384", "2974421769", "2974432436", "2974489664", "2974497810", "2974564283", "2974595142", "2974695372", "2974705037", "2974866622", "2974875153", "2986440002"], "citation_overall": ["1956435719", "1970777071", "2081093828", "2164926530", "2227770208", "2439667269", "2478365509", "370101764", "427264395", "1009587458", "2039509516", "2893384937", "2148024339", "2973232503", "395040206", "2125550013", "2142877323", "2191140285", "2223671697", "2229340275", "2302789539", "2313331303", "2323813671", "2420740324", "2444593943", "2475888077", "2544083459", "2567789434", "2568174157", "2568273974", "2570430683", "2606060517", "2634896979", "2639743184", "2647992580", "2686245009", "2963715616", "2973817927", "2974489664", "2974564283", "2974695372", "2986440002", "1755691601", "1765723453", "2040793400", "2103807666", "2108497611", "2124063261", "2324686793", "2501630266", "2543061942", "2601294052", "2650349681", "2670925960", "2681877426", "2721037421", "2902684774", "2919199576", "2973341008", "2973400969", "2974056207", "2974271793", "2974384384", "2974432436", "2974497810", "3002458849", "365820696", "2086148344", "2097171193", "2101372900", "2134449250", "2183194524", "2224299181", "2226537792", "2229103372", "2232048075", "2246401110", "2313357725", "2318299617", "2435574360", "2438287484", "2478860170", "2632457293", "2640898635", "2643302104", "2643439109", "2679926885", "2688278704", "2707735617", "2707914674", "2846586787", "2918568869", "2973301273", "2973342170", "2973871444", "2974260265", "2974421769", "2974595142", "2974705037", "2974866622"], "publication_10_years": [], "citation_10_years": [], "publication_5_years": [], "citation_5_years": []}, "industrial_sectors": {"publication_overall": ["technology", "computing_and_it", "semiconductor"], "citation_overall": ["technology", "computing_and_it", "semiconductor"], "publication_10_years": [], "citation_10_years": [], "publication_5_years": [], "citation_5_years": []}}