{"name": "International Conference on Statistics in Science, Business and Engineering", "acronym": "ICSSBE", "type": "conference", "uniqueEntities": {"organizations": {"Universiti Teknologi MARA": {"name": "Universiti Teknologi MARA", "type": "organization", "organization_type": "Education", "h_index": 27, "h5_index": 11, "num_publications": 12, "num_citations": 30, "num_publications_5y": 0, "num_citations_5y": 22, "num_publications_10y": 12, "num_citations_10y": 24, "publications_years": {"2012": 12}, "citations_years": {"2016": 5, "2017": 2, "2018": 6, "2019": 6, "2015": 5, "2013": 2, "2014": 4}, "old_citations": {"2012": 30}, "isVisible": false}, "National University of Malaysia": {"name": "National University of Malaysia", "type": "organization", "organization_type": "Education", "h_index": 44, "h5_index": 21, "num_publications": 3, "num_citations": 7, "num_publications_5y": 0, "num_citations_5y": 6, "num_publications_10y": 3, "num_citations_10y": 6, "publications_years": {"2012": 3}, "citations_years": {"2019": 1, "2014": 2, "2015": 3, "2016": 0, "2017": 1}, "old_citations": {"2012": 7}, "isVisible": false}, "Sepuluh Nopember Institute of Technology": {"name": "Sepuluh Nopember Institute of Technology", "type": "organization", "organization_type": "Education", "h_index": 17, "h5_index": 11, "num_publications": 3, "num_citations": 17, "num_publications_5y": 0, "num_citations_5y": 12, "num_publications_10y": 3, "num_citations_10y": 16, "publications_years": {"2012": 3}, "citations_years": {"2012": 1, "2013": 3, "2014": 2, "2015": 2, "2016": 3, "2017": 3, "2018": 2, "2019": 0, "2020": 1}, "old_citations": {"2012": 17}, "isVisible": false}, "Payame Noor University": {"name": "Payame Noor University", "type": "organization", "organization_type": "Education", "h_index": 20, "h5_index": 12, "num_publications": 2, "num_citations": 2, "num_publications_5y": 0, "num_citations_5y": 1, "num_publications_10y": 2, "num_citations_10y": 1, "publications_years": {"2012": 2}, "citations_years": {"2020": 1, "2018": 1}, "old_citations": {"2012": 2}, "isVisible": false}, "Universiti Malaysia Sarawak": {"name": "Universiti Malaysia Sarawak", "type": "organization", "organization_type": "Education", "h_index": 22, "h5_index": 8, "num_publications": 2, "num_citations": 4, "num_publications_5y": 0, "num_citations_5y": 3, "num_publications_10y": 2, "num_citations_10y": 4, "publications_years": {"2012": 2}, "citations_years": {"2013": 1, "2014": 1, "2015": 1, "2016": 0, "2017": 0, "2018": 1}, "old_citations": {"2012": 4}, "isVisible": false}, "Universiti Sains Malaysia": {"name": "Universiti Sains Malaysia", "type": "organization", "organization_type": "Education", "h_index": 49, "h5_index": 22, "num_publications": 2, "num_citations": 3, "num_publications_5y": 0, "num_citations_5y": 1, "num_publications_10y": 2, "num_citations_10y": 3, "publications_years": {"2012": 2}, "citations_years": {"2013": 2, "2014": 0, "2015": 0, "2016": 1}, "old_citations": {"2012": 3}, "isVisible": false}, "University of Kuala Lumpur": {"name": "University of Kuala Lumpur", "type": "organization", "organization_type": "Education", "h_index": 22, "h5_index": 12, "num_publications": 2, "num_citations": 0, "num_publications_5y": 0, "num_citations_5y": 0, "num_publications_10y": 2, "num_citations_10y": 0, "publications_years": {"2012": 2}, "citations_years": {}, "old_citations": {"2012": 0}, "isVisible": false}, "University of Malaya": {"name": "University of Malaya", "type": "organization", "organization_type": "Education", "h_index": 66, "h5_index": 39, "num_publications": 2, "num_citations": 0, "num_publications_5y": 0, "num_citations_5y": 0, "num_publications_10y": 2, "num_citations_10y": 0, "publications_years": {"2012": 2}, "citations_years": {}, "old_citations": {"2012": 0}, "isVisible": false}, "Bandung Institute of Technology": {"name": "Bandung Institute of Technology", "type": "organization", "organization_type": "Education", "h_index": 19, "h5_index": 10, "num_publications": 1, "num_citations": 0, "num_publications_5y": 0, "num_citations_5y": 0, "num_publications_10y": 1, "num_citations_10y": 0, "publications_years": {"2012": 1}, "citations_years": {}, "old_citations": {"2012": 0}, "isVisible": false}, "Centro Universit\u00e1rio da FEI": {"name": "Centro Universit\u00e1rio da FEI", "type": "organization", "organization_type": "Education", "h_index": 15, "h5_index": 4, "num_publications": 1, "num_citations": 4, "num_publications_5y": 0, "num_citations_5y": 3, "num_publications_10y": 1, "num_citations_10y": 4, "publications_years": {"2012": 1}, "citations_years": {"2013": 1, "2014": 1, "2015": 1, "2016": 0, "2017": 0, "2018": 1}, "old_citations": {"2012": 4}, "isVisible": false}, "Imperial College London": {"name": "Imperial College London", "type": "organization", "organization_type": "Education", "h_index": 180, "h5_index": 75, "num_publications": 1, "num_citations": 4, "num_publications_5y": 0, "num_citations_5y": 3, "num_publications_10y": 1, "num_citations_10y": 4, "publications_years": {"2012": 1}, "citations_years": {"2013": 1, "2014": 1, "2015": 1, "2016": 0, "2017": 0, "2018": 1}, "old_citations": {"2012": 4}, "isVisible": false}, "International Islamic University Malaysia": {"name": "International Islamic University Malaysia", "type": "organization", "organization_type": "Education", "h_index": 34, "h5_index": 12, "num_publications": 1, "num_citations": 0, "num_publications_5y": 0, "num_citations_5y": 0, "num_publications_10y": 1, "num_citations_10y": 0, "publications_years": {"2012": 1}, "citations_years": {}, "old_citations": {"2012": 0}, "isVisible": false}, "MIMOS (Malaysia)": {"name": "MIMOS (Malaysia)", "type": "organization", "organization_type": "Company", "h_index": 18, "h5_index": 7, "num_publications": 1, "num_citations": 0, "num_publications_5y": 0, "num_citations_5y": 0, "num_publications_10y": 1, "num_citations_10y": 0, "publications_years": {"2012": 1}, "citations_years": {}, "old_citations": {"2012": 0}, "isVisible": false}, "Syarif Hidayatullah State Islamic University Jakarta": {"name": "Syarif Hidayatullah State Islamic University Jakarta", "type": "organization", "organization_type": "Education", "h_index": 6, "h5_index": 4, "num_publications": 1, "num_citations": 0, "num_publications_5y": 0, "num_citations_5y": 0, "num_publications_10y": 1, "num_citations_10y": 0, "publications_years": {"2012": 1}, "citations_years": {}, "old_citations": {"2012": 0}, "isVisible": false}, "Technical University of Malaysia Malacca": {"name": "Technical University of Malaysia Malacca", "type": "organization", "organization_type": "Education", "h_index": 24, "h5_index": 17, "num_publications": 1, "num_citations": 0, "num_publications_5y": 0, "num_citations_5y": 0, "num_publications_10y": 1, "num_citations_10y": 0, "publications_years": {"2012": 1}, "citations_years": {}, "old_citations": {"2012": 0}, "isVisible": false}, "Tenaga Nasional Berhad (Malaysia)": {"name": "Tenaga Nasional Berhad (Malaysia)", "type": "organization", "organization_type": "Company", "h_index": 5, "h5_index": 3, "num_publications": 1, "num_citations": 0, "num_publications_5y": 0, "num_citations_5y": 0, "num_publications_10y": 1, "num_citations_10y": 0, "publications_years": {"2012": 1}, "citations_years": {}, "old_citations": {"2012": 0}, "isVisible": false}, "Universiti Malaysia Perlis": {"name": "Universiti Malaysia Perlis", "type": "organization", "organization_type": "Education", "h_index": 29, "h5_index": 10, "num_publications": 1, "num_citations": 1, "num_publications_5y": 0, "num_citations_5y": 1, "num_publications_10y": 1, "num_citations_10y": 1, "publications_years": {"2012": 1}, "citations_years": {"2015": 1}, "old_citations": {"2012": 1}, "isVisible": false}, "Universiti Putra Malaysia": {"name": "Universiti Putra Malaysia", "type": "organization", "organization_type": "Education", "h_index": 42, "h5_index": 19, "num_publications": 1, "num_citations": 4, "num_publications_5y": 0, "num_citations_5y": 3, "num_publications_10y": 1, "num_citations_10y": 3, "publications_years": {"2012": 1}, "citations_years": {"2015": 1, "2016": 2, "2017": 0, "2018": 0, "2019": 1}, "old_citations": {"2012": 4}, "isVisible": false}, "Universiti Teknologi Petronas": {"name": "Universiti Teknologi Petronas", "type": "organization", "organization_type": "Education", "h_index": 31, "h5_index": 17, "num_publications": 1, "num_citations": 0, "num_publications_5y": 0, "num_citations_5y": 0, "num_publications_10y": 1, "num_citations_10y": 0, "publications_years": {"2012": 1}, "citations_years": {}, "old_citations": {"2012": 0}, "isVisible": false}, "Universiti Tenaga Nasional": {"name": "Universiti Tenaga Nasional", "type": "organization", "organization_type": "Education", "h_index": 23, "h5_index": 14, "num_publications": 1, "num_citations": 0, "num_publications_5y": 0, "num_citations_5y": 0, "num_publications_10y": 1, "num_citations_10y": 0, "publications_years": {"2012": 1}, "citations_years": {}, "old_citations": {"2012": 0}, "isVisible": false}, "University of Alabama, Tuscaloosa": {"name": "University of Alabama, Tuscaloosa", "type": "organization", "organization_type": "Education", "h_index": 75, "h5_index": 21, "num_publications": 1, "num_citations": 12, "num_publications_5y": 0, "num_citations_5y": 8, "num_publications_10y": 1, "num_citations_10y": 9, "publications_years": {"2012": 1}, "citations_years": {"2013": 1, "2014": 0, "2015": 1, "2016": 5, "2017": 2, "2018": 0, "2019": 2, "2020": 1}, "old_citations": {"2012": 12}, "isVisible": false}, "University of Applied Science and Technology": {"name": "University of Applied Science and Technology", "type": "organization", "organization_type": "Education", "h_index": 6, "h5_index": 3, "num_publications": 1, "num_citations": 1, "num_publications_5y": 0, "num_citations_5y": 1, "num_publications_10y": 1, "num_citations_10y": 1, "publications_years": {"2012": 1}, "citations_years": {"2018": 1}, "old_citations": {"2012": 1}, "isVisible": false}, "University of Babylon": {"name": "University of Babylon", "type": "organization", "organization_type": "Education", "h_index": 12, "h5_index": 9, "num_publications": 1, "num_citations": 3, "num_publications_5y": 0, "num_citations_5y": 1, "num_publications_10y": 1, "num_citations_10y": 3, "publications_years": {"2012": 1}, "citations_years": {"2013": 2, "2014": 0, "2015": 0, "2016": 1}, "old_citations": {"2012": 3}, "isVisible": false}, "University of Nottingham Malaysia Campus": {"name": "University of Nottingham Malaysia Campus", "type": "organization", "organization_type": "Education", "h_index": 23, "h5_index": 9, "num_publications": 1, "num_citations": 0, "num_publications_5y": 0, "num_citations_5y": 0, "num_publications_10y": 1, "num_citations_10y": 0, "publications_years": {"2012": 1}, "citations_years": {}, "old_citations": {"2012": 0}, "isVisible": false}, "University of Technology Malaysia": {"name": "University of Technology Malaysia", "type": "organization", "organization_type": "Education", "h_index": 61, "h5_index": 33, "num_publications": 1, "num_citations": 15, "num_publications_5y": 0, "num_citations_5y": 10, "num_publications_10y": 1, "num_citations_10y": 14, "publications_years": {"2012": 1}, "citations_years": {"2012": 1, "2013": 3, "2014": 1, "2015": 2, "2016": 2, "2017": 3, "2018": 2, "2019": 0, "2020": 1}, "old_citations": {"2012": 15}, "isVisible": false}, "University of Zanjan": {"name": "University of Zanjan", "type": "organization", "organization_type": "Education", "h_index": 18, "h5_index": 8, "num_publications": 1, "num_citations": 1, "num_publications_5y": 0, "num_citations_5y": 1, "num_publications_10y": 1, "num_citations_10y": 1, "publications_years": {"2012": 1}, "citations_years": {"2018": 1}, "old_citations": {"2012": 1}, "isVisible": false}}, "topics": {"computer science": {"name": "computer science", "type": "topic", "h_index": 1779, "h5_index": 416, "num_publications": 37, "num_citations": 92, "num_publications_5y": 0, "num_citations_5y": 66, "num_publications_10y": 37, "num_citations_10y": 77, "publications_years": {"2012": 37}, "citations_years": {"2016": 19, "2017": 9, "2018": 11, "2019": 12, "2015": 17, "2013": 10, "2014": 10, "2012": 1, "2020": 3}, "old_citations": {"2012": 92}, "isVisible": false}, "computer systems": {"name": "computer systems", "type": "topic", "h_index": 1595, "h5_index": 367, "num_publications": 30, "num_citations": 56, "num_publications_5y": 0, "num_citations_5y": 42, "num_publications_10y": 30, "num_citations_10y": 47, "publications_years": {"2012": 30}, "citations_years": {"2015": 13, "2016": 14, "2017": 3, "2018": 5, "2019": 7, "2014": 7, "2013": 5, "2020": 2}, "old_citations": {"2012": 56}, "isVisible": false}, "mathematics": {"name": "mathematics", "type": "topic", "h_index": 1364, "h5_index": 300, "num_publications": 21, "num_citations": 29, "num_publications_5y": 0, "num_citations_5y": 20, "num_publications_10y": 21, "num_citations_10y": 22, "publications_years": {"2012": 21}, "citations_years": {"2013": 2, "2014": 6, "2015": 7, "2016": 6, "2017": 0, "2018": 1, "2019": 6, "2020": 1}, "old_citations": {"2012": 29}, "isVisible": false}, "correlation analysis": {"name": "correlation analysis", "type": "topic", "h_index": 1044, "h5_index": 224, "num_publications": 15, "num_citations": 29, "num_publications_5y": 0, "num_citations_5y": 20, "num_publications_10y": 15, "num_citations_10y": 22, "publications_years": {"2012": 15}, "citations_years": {"2013": 2, "2014": 6, "2015": 7, "2016": 6, "2017": 0, "2018": 1, "2019": 6, "2020": 1}, "old_citations": {"2012": 29}, "isVisible": false}, "artificial intelligence": {"name": "artificial intelligence", "type": "topic", "h_index": 1421, "h5_index": 373, "num_publications": 14, "num_citations": 50, "num_publications_5y": 0, "num_citations_5y": 33, "num_publications_10y": 14, "num_citations_10y": 43, "publications_years": {"2012": 14}, "citations_years": {"2013": 9, "2014": 5, "2015": 6, "2016": 12, "2017": 5, "2018": 5, "2019": 4, "2012": 1, "2020": 3}, "old_citations": {"2012": 50}, "isVisible": false}, "computer networks": {"name": "computer networks", "type": "topic", "h_index": 1262, "h5_index": 332, "num_publications": 14, "num_citations": 17, "num_publications_5y": 0, "num_citations_5y": 11, "num_publications_10y": 14, "num_citations_10y": 13, "publications_years": {"2012": 14}, "citations_years": {"2016": 3, "2017": 0, "2018": 1, "2019": 4, "2014": 3, "2015": 4, "2013": 2}, "old_citations": {"2012": 17}, "isVisible": false}, "engineering": {"name": "engineering", "type": "topic", "h_index": 1177, "h5_index": 287, "num_publications": 14, "num_citations": 32, "num_publications_5y": 0, "num_citations_5y": 23, "num_publications_10y": 14, "num_citations_10y": 29, "publications_years": {"2012": 14}, "citations_years": {"2012": 1, "2013": 5, "2014": 3, "2015": 5, "2016": 8, "2017": 3, "2018": 4, "2019": 2, "2020": 1}, "old_citations": {"2012": 32}, "isVisible": false}, "computer hardware": {"name": "computer hardware", "type": "topic", "h_index": 1150, "h5_index": 279, "num_publications": 12, "num_citations": 20, "num_publications_5y": 0, "num_citations_5y": 14, "num_publications_10y": 12, "num_citations_10y": 17, "publications_years": {"2012": 12}, "citations_years": {"2014": 4, "2015": 5, "2016": 2, "2017": 1, "2018": 2, "2019": 3, "2013": 3}, "old_citations": {"2012": 20}, "isVisible": false}, "computer imaging and vision": {"name": "computer imaging and vision", "type": "topic", "h_index": 1142, "h5_index": 334, "num_publications": 12, "num_citations": 33, "num_publications_5y": 0, "num_citations_5y": 23, "num_publications_10y": 12, "num_citations_10y": 29, "publications_years": {"2012": 12}, "citations_years": {"2016": 4, "2017": 3, "2018": 6, "2019": 4, "2013": 6, "2014": 5, "2015": 5}, "old_citations": {"2012": 33}, "isVisible": false}, "image processing": {"name": "image processing", "type": "topic", "h_index": 1113, "h5_index": 328, "num_publications": 12, "num_citations": 33, "num_publications_5y": 0, "num_citations_5y": 23, "num_publications_10y": 12, "num_citations_10y": 29, "publications_years": {"2012": 12}, "citations_years": {"2016": 4, "2017": 3, "2018": 6, "2019": 4, "2013": 6, "2014": 5, "2015": 5}, "old_citations": {"2012": 33}, "isVisible": false}, "machine learning": {"name": "machine learning", "type": "topic", "h_index": 1123, "h5_index": 351, "num_publications": 11, "num_citations": 49, "num_publications_5y": 0, "num_citations_5y": 33, "num_publications_10y": 11, "num_citations_10y": 43, "publications_years": {"2012": 11}, "citations_years": {"2013": 9, "2014": 5, "2015": 6, "2016": 12, "2017": 5, "2018": 5, "2019": 4, "2012": 1, "2020": 2}, "old_citations": {"2012": 49}, "isVisible": false}, "telecommunication systems": {"name": "telecommunication systems", "type": "topic", "h_index": 1187, "h5_index": 277, "num_publications": 11, "num_citations": 8, "num_publications_5y": 0, "num_citations_5y": 5, "num_publications_10y": 11, "num_citations_10y": 7, "publications_years": {"2012": 11}, "citations_years": {"2014": 1, "2013": 2, "2015": 2, "2016": 2, "2017": 0, "2018": 0, "2019": 1}, "old_citations": {"2012": 8}, "isVisible": false}, "database systems": {"name": "database systems", "type": "topic", "h_index": 1167, "h5_index": 276, "num_publications": 10, "num_citations": 31, "num_publications_5y": 0, "num_citations_5y": 22, "num_publications_10y": 10, "num_citations_10y": 26, "publications_years": {"2012": 10}, "citations_years": {"2019": 4, "2014": 5, "2015": 9, "2016": 4, "2017": 1, "2018": 3, "2013": 4, "2020": 1}, "old_citations": {"2012": 31}, "isVisible": false}, "computer programming": {"name": "computer programming", "type": "topic", "h_index": 873, "h5_index": 186, "num_publications": 9, "num_citations": 16, "num_publications_5y": 0, "num_citations_5y": 10, "num_publications_10y": 9, "num_citations_10y": 14, "publications_years": {"2012": 9}, "citations_years": {"2012": 1, "2013": 3, "2014": 1, "2015": 2, "2016": 2, "2017": 3, "2018": 2, "2019": 0, "2020": 2}, "old_citations": {"2012": 16}, "isVisible": false}, "telecommunication networks": {"name": "telecommunication networks", "type": "topic", "h_index": 1116, "h5_index": 258, "num_publications": 9, "num_citations": 7, "num_publications_5y": 0, "num_citations_5y": 4, "num_publications_10y": 9, "num_citations_10y": 6, "publications_years": {"2012": 9}, "citations_years": {"2014": 1, "2013": 2, "2015": 1, "2016": 2, "2017": 0, "2018": 0, "2019": 1}, "old_citations": {"2012": 7}, "isVisible": false}, "bandwidth": {"name": "bandwidth", "type": "topic", "h_index": 922, "h5_index": 201, "num_publications": 8, "num_citations": 4, "num_publications_5y": 0, "num_citations_5y": 2, "num_publications_10y": 8, "num_citations_10y": 4, "publications_years": {"2012": 8}, "citations_years": {"2014": 1, "2013": 2, "2015": 0, "2016": 1}, "old_citations": {"2012": 4}, "isVisible": false}, "communication systems": {"name": "communication systems", "type": "topic", "h_index": 1092, "h5_index": 254, "num_publications": 8, "num_citations": 5, "num_publications_5y": 0, "num_citations_5y": 3, "num_publications_10y": 8, "num_citations_10y": 5, "publications_years": {"2012": 8}, "citations_years": {"2014": 1, "2013": 2, "2015": 1, "2016": 1}, "old_citations": {"2012": 5}, "isVisible": false}, "education": {"name": "education", "type": "topic", "h_index": 639, "h5_index": 124, "num_publications": 8, "num_citations": 10, "num_publications_5y": 0, "num_citations_5y": 9, "num_publications_10y": 8, "num_citations_10y": 10, "publications_years": {"2012": 8}, "citations_years": {"2015": 2, "2016": 2, "2017": 0, "2018": 3, "2014": 2, "2013": 1}, "old_citations": {"2012": 10}, "isVisible": false}, "probability": {"name": "probability", "type": "topic", "h_index": 918, "h5_index": 211, "num_publications": 8, "num_citations": 1, "num_publications_5y": 0, "num_citations_5y": 1, "num_publications_10y": 8, "num_citations_10y": 1, "publications_years": {"2012": 8}, "citations_years": {"2014": 1}, "old_citations": {"2012": 1}, "isVisible": false}, "sensors": {"name": "sensors", "type": "topic", "h_index": 960, "h5_index": 229, "num_publications": 8, "num_citations": 20, "num_publications_5y": 0, "num_citations_5y": 14, "num_publications_10y": 8, "num_citations_10y": 17, "publications_years": {"2012": 8}, "citations_years": {"2014": 4, "2015": 5, "2016": 2, "2017": 1, "2018": 2, "2019": 3, "2013": 3}, "old_citations": {"2012": 20}, "isVisible": false}, "data mining": {"name": "data mining", "type": "topic", "h_index": 861, "h5_index": 196, "num_publications": 6, "num_citations": 26, "num_publications_5y": 0, "num_citations_5y": 20, "num_publications_10y": 6, "num_citations_10y": 22, "publications_years": {"2012": 6}, "citations_years": {"2013": 2, "2014": 3, "2015": 6, "2016": 7, "2017": 3, "2018": 1, "2019": 2, "2020": 2}, "old_citations": {"2012": 26}, "isVisible": false}, "neural networks": {"name": "neural networks", "type": "topic", "h_index": 604, "h5_index": 293, "num_publications": 5, "num_citations": 26, "num_publications_5y": 0, "num_citations_5y": 19, "num_publications_10y": 5, "num_citations_10y": 24, "publications_years": {"2012": 5}, "citations_years": {"2012": 1, "2013": 4, "2014": 3, "2015": 4, "2016": 6, "2017": 3, "2018": 3, "2019": 1, "2020": 1}, "old_citations": {"2012": 26}, "isVisible": false}, "image analysis": {"name": "image analysis", "type": "topic", "h_index": 988, "h5_index": 315, "num_publications": 7, "num_citations": 24, "num_publications_5y": 0, "num_citations_5y": 17, "num_publications_10y": 7, "num_citations_10y": 21, "publications_years": {"2012": 7}, "citations_years": {"2016": 4, "2017": 3, "2018": 4, "2019": 3, "2013": 4, "2014": 2, "2015": 4}, "old_citations": {"2012": 24}, "isVisible": false}, "classifiers": {"name": "classifiers", "type": "topic", "h_index": 607, "h5_index": 162, "num_publications": 4, "num_citations": 21, "num_publications_5y": 0, "num_citations_5y": 16, "num_publications_10y": 4, "num_citations_10y": 18, "publications_years": {"2012": 4}, "citations_years": {"2016": 8, "2017": 2, "2018": 1, "2013": 2, "2014": 2, "2015": 3, "2019": 2, "2020": 1}, "old_citations": {"2012": 21}, "isVisible": false}, "signal processing": {"name": "signal processing", "type": "topic", "h_index": 1012, "h5_index": 255, "num_publications": 8, "num_citations": 21, "num_publications_5y": 0, "num_citations_5y": 16, "num_publications_10y": 8, "num_citations_10y": 20, "publications_years": {"2012": 8}, "citations_years": {"2012": 1, "2013": 3, "2014": 3, "2015": 3, "2016": 4, "2017": 3, "2018": 3, "2019": 0, "2020": 1}, "old_citations": {"2012": 21}, "isVisible": false}, "decision trees": {"name": "decision trees", "type": "topic", "h_index": 317, "h5_index": 86, "num_publications": 3, "num_citations": 19, "num_publications_5y": 0, "num_citations_5y": 14, "num_publications_10y": 3, "num_citations_10y": 16, "publications_years": {"2012": 3}, "citations_years": {"2013": 2, "2014": 2, "2015": 3, "2016": 7, "2017": 2, "2018": 0, "2019": 2, "2020": 1}, "old_citations": {"2012": 19}, "isVisible": false}, "image segmentation": {"name": "image segmentation", "type": "topic", "h_index": 870, "h5_index": 282, "num_publications": 4, "num_citations": 19, "num_publications_5y": 0, "num_citations_5y": 13, "num_publications_10y": 4, "num_citations_10y": 16, "publications_years": {"2012": 4}, "citations_years": {"2016": 3, "2017": 3, "2018": 4, "2019": 3, "2013": 3, "2014": 1, "2015": 2}, "old_citations": {"2012": 19}, "isVisible": false}, "electricity": {"name": "electricity", "type": "topic", "h_index": 643, "h5_index": 148, "num_publications": 3, "num_citations": 18, "num_publications_5y": 0, "num_citations_5y": 11, "num_publications_10y": 3, "num_citations_10y": 17, "publications_years": {"2012": 3}, "citations_years": {"2012": 1, "2013": 5, "2014": 1, "2015": 2, "2016": 3, "2017": 3, "2018": 2, "2019": 0, "2020": 1}, "old_citations": {"2012": 18}, "isVisible": false}}, "authors": {"2089950663": {"name": "alireza pakgohar", "type": "author", "activity": 3, "h_index": 2, "h5_index": 0, "mag_id": "2089950663", "num_publications": 2, "num_citations": 2, "num_publications_5y": 0, "num_citations_5y": 1, "num_publications_10y": 2, "num_citations_10y": 1, "publications_years": {"2012": 2}, "citations_years": {"2020": 1, "2018": 1}, "old_citations": {"2012": 2}, "isVisible": false}, "2159279837": {"name": "suhartono", "type": "author", "activity": 13, "h_index": 5, "h5_index": 2, "mag_id": "2159279837", "num_publications": 2, "num_citations": 17, "num_publications_5y": 0, "num_citations_5y": 12, "num_publications_10y": 2, "num_citations_10y": 16, "publications_years": {"2012": 2}, "citations_years": {"2012": 1, "2013": 3, "2014": 2, "2015": 2, "2016": 3, "2017": 3, "2018": 2, "2019": 0, "2020": 1}, "old_citations": {"2012": 17}, "isVisible": false}, "2246601673": {"name": "p d abd aziz", "type": "author", "activity": 4, "h_index": 1, "h5_index": 0, "mag_id": "2246601673", "num_publications": 2, "num_citations": 8, "num_publications_5y": 0, "num_citations_5y": 6, "num_publications_10y": 2, "num_citations_10y": 7, "publications_years": {"2012": 2}, "citations_years": {"2013": 1, "2014": 1, "2015": 2, "2016": 1, "2017": 1, "2018": 1, "2019": 1}, "old_citations": {"2012": 8}, "isVisible": false}, "2288557605": {"name": "f z hamidon", "type": "author", "activity": 6, "h_index": 2, "h5_index": 0, "mag_id": "2288557605", "num_publications": 2, "num_citations": 8, "num_publications_5y": 0, "num_citations_5y": 6, "num_publications_10y": 2, "num_citations_10y": 7, "publications_years": {"2012": 2}, "citations_years": {"2013": 1, "2014": 1, "2015": 2, "2016": 1, "2017": 1, "2018": 1, "2019": 1}, "old_citations": {"2012": 8}, "isVisible": false}, "2305364287": {"name": "n h mohd yunus", "type": "author", "activity": 2, "h_index": 1, "h5_index": 0, "mag_id": "2305364287", "num_publications": 2, "num_citations": 8, "num_publications_5y": 0, "num_citations_5y": 6, "num_publications_10y": 2, "num_citations_10y": 7, "publications_years": {"2012": 2}, "citations_years": {"2013": 1, "2014": 1, "2015": 2, "2016": 1, "2017": 1, "2018": 1, "2019": 1}, "old_citations": {"2012": 8}, "isVisible": false}, "176473981": {"name": "zuraida khairudin", "type": "author", "activity": 3, "h_index": 2, "h5_index": 0, "mag_id": "176473981", "num_publications": 1, "num_citations": 5, "num_publications_5y": 0, "num_citations_5y": 4, "num_publications_10y": 1, "num_citations_10y": 5, "publications_years": {"2012": 1}, "citations_years": {"2013": 1, "2014": 1, "2015": 2, "2016": 1}, "old_citations": {"2012": 5}, "isVisible": false}, "244788610": {"name": "jaceylynn minoi", "type": "author", "activity": 13, "h_index": 4, "h5_index": 2, "mag_id": "244788610", "num_publications": 1, "num_citations": 4, "num_publications_5y": 0, "num_citations_5y": 3, "num_publications_10y": 1, "num_citations_10y": 4, "publications_years": {"2012": 1}, "citations_years": {"2013": 1, "2014": 1, "2015": 1, "2016": 0, "2017": 0, "2018": 1}, "old_citations": {"2012": 4}, "isVisible": false}, "562821504": {"name": "faris mahdi alwan", "type": "author", "activity": 4, "h_index": 2, "h5_index": 0, "mag_id": "562821504", "num_publications": 1, "num_citations": 3, "num_publications_5y": 0, "num_citations_5y": 1, "num_publications_10y": 1, "num_citations_10y": 3, "publications_years": {"2012": 1}, "citations_years": {"2013": 2, "2014": 0, "2015": 0, "2016": 1}, "old_citations": {"2012": 3}, "isVisible": false}, "635235194": {"name": "s dzulkifly", "type": "author", "activity": 1, "h_index": 0, "h5_index": 0, "mag_id": "635235194", "num_publications": 1, "num_citations": 0, "num_publications_5y": 0, "num_citations_5y": 0, "num_publications_10y": 1, "num_citations_10y": 0, "publications_years": {"2012": 1}, "citations_years": {}, "old_citations": {"2012": 0}, "isVisible": false}, "1796550629": {"name": "sutawanir darwis", "type": "author", "activity": 5, "h_index": 1, "h5_index": 0, "mag_id": "1796550629", "num_publications": 1, "num_citations": 0, "num_publications_5y": 0, "num_citations_5y": 0, "num_publications_10y": 1, "num_citations_10y": 0, "publications_years": {"2012": 1}, "citations_years": {}, "old_citations": {"2012": 0}, "isVisible": false}, "1871887661": {"name": "u hashim", "type": "author", "activity": 19, "h_index": 5, "h5_index": 1, "mag_id": "1871887661", "num_publications": 1, "num_citations": 1, "num_publications_5y": 0, "num_citations_5y": 1, "num_publications_10y": 1, "num_citations_10y": 1, "publications_years": {"2012": 1}, "citations_years": {"2015": 1}, "old_citations": {"2012": 1}, "isVisible": false}, "1912073094": {"name": "muhammad rozi malim", "type": "author", "activity": 14, "h_index": 2, "h5_index": 0, "mag_id": "1912073094", "num_publications": 1, "num_citations": 0, "num_publications_5y": 0, "num_citations_5y": 0, "num_publications_10y": 1, "num_citations_10y": 0, "publications_years": {"2012": 1}, "citations_years": {}, "old_citations": {"2012": 0}, "isVisible": false}, "1971100307": {"name": "adam baharum", "type": "author", "activity": 8, "h_index": 3, "h5_index": 1, "mag_id": "1971100307", "num_publications": 1, "num_citations": 3, "num_publications_5y": 0, "num_citations_5y": 1, "num_publications_10y": 1, "num_citations_10y": 3, "publications_years": {"2012": 1}, "citations_years": {"2013": 2, "2014": 0, "2015": 0, "2016": 1}, "old_citations": {"2012": 3}, "isVisible": false}, "1992626318": {"name": "purhadi", "type": "author", "activity": 6, "h_index": 0, "h5_index": 0, "mag_id": "1992626318", "num_publications": 1, "num_citations": 0, "num_publications_5y": 0, "num_citations_5y": 0, "num_publications_10y": 1, "num_citations_10y": 0, "publications_years": {"2012": 1}, "citations_years": {}, "old_citations": {"2012": 0}, "isVisible": false}, "2005598138": {"name": "bahisham yunus", "type": "author", "activity": 9, "h_index": 1, "h5_index": 0, "mag_id": "2005598138", "num_publications": 1, "num_citations": 0, "num_publications_5y": 0, "num_citations_5y": 0, "num_publications_10y": 1, "num_citations_10y": 0, "publications_years": {"2012": 1}, "citations_years": {}, "old_citations": {"2012": 0}, "isVisible": false}, "2014066818": {"name": "lamia abednoor muhammed", "type": "author", "activity": 7, "h_index": 2, "h5_index": 1, "mag_id": "2014066818", "num_publications": 1, "num_citations": 12, "num_publications_5y": 0, "num_citations_5y": 8, "num_publications_10y": 1, "num_citations_10y": 9, "publications_years": {"2012": 1}, "citations_years": {"2013": 1, "2014": 0, "2015": 1, "2016": 5, "2017": 2, "2018": 0, "2019": 2, "2020": 1}, "old_citations": {"2012": 12}, "isVisible": false}, "2035439640": {"name": "noraini noordin", "type": "author", "activity": 8, "h_index": 0, "h5_index": 0, "mag_id": "2035439640", "num_publications": 1, "num_citations": 0, "num_publications_5y": 0, "num_citations_5y": 0, "num_publications_10y": 1, "num_citations_10y": 0, "publications_years": {"2012": 1}, "citations_years": {}, "old_citations": {"2012": 0}, "isVisible": false}, "2039160392": {"name": "duncan fyfe gillies", "type": "author", "activity": 29, "h_index": 11, "h5_index": 2, "mag_id": "2039160392", "num_publications": 1, "num_citations": 4, "num_publications_5y": 0, "num_citations_5y": 3, "num_publications_10y": 1, "num_citations_10y": 4, "publications_years": {"2012": 1}, "citations_years": {"2013": 1, "2014": 1, "2015": 1, "2016": 0, "2017": 0, "2018": 1}, "old_citations": {"2012": 4}, "isVisible": false}, "2062894544": {"name": "aminuddin musa", "type": "author", "activity": 2, "h_index": 1, "h5_index": 0, "mag_id": "2062894544", "num_publications": 1, "num_citations": 0, "num_publications_5y": 0, "num_citations_5y": 0, "num_publications_10y": 1, "num_citations_10y": 0, "publications_years": {"2012": 1}, "citations_years": {}, "old_citations": {"2012": 0}, "isVisible": false}, "2064938960": {"name": "siti salmah yasiran", "type": "author", "activity": 6, "h_index": 2, "h5_index": 0, "mag_id": "2064938960", "num_publications": 1, "num_citations": 8, "num_publications_5y": 0, "num_citations_5y": 6, "num_publications_10y": 1, "num_citations_10y": 6, "publications_years": {"2012": 1}, "citations_years": {"2016": 1, "2017": 2, "2018": 3, "2019": 2}, "old_citations": {"2012": 8}, "isVisible": false}, "2065107664": {"name": "noor amila wan abdullah zawawi", "type": "author", "activity": 9, "h_index": 2, "h5_index": 2, "mag_id": "2065107664", "num_publications": 1, "num_citations": 0, "num_publications_5y": 0, "num_citations_5y": 0, "num_publications_10y": 1, "num_citations_10y": 0, "publications_years": {"2012": 1}, "citations_years": {}, "old_citations": {"2012": 0}, "isVisible": false}, "2093342164": {"name": "abdul kadir jumaat", "type": "author", "activity": 4, "h_index": 2, "h5_index": 0, "mag_id": "2093342164", "num_publications": 1, "num_citations": 8, "num_publications_5y": 0, "num_citations_5y": 6, "num_publications_10y": 1, "num_citations_10y": 6, "publications_years": {"2012": 1}, "citations_years": {"2016": 1, "2017": 2, "2018": 3, "2019": 2}, "old_citations": {"2012": 8}, "isVisible": false}, "2096035047": {"name": "nina fitriyati", "type": "author", "activity": 9, "h_index": 0, "h5_index": 0, "mag_id": "2096035047", "num_publications": 1, "num_citations": 0, "num_publications_5y": 0, "num_citations_5y": 0, "num_publications_10y": 1, "num_citations_10y": 0, "publications_years": {"2012": 1}, "citations_years": {}, "old_citations": {"2012": 0}, "isVisible": false}, "2097990475": {"name": "m sjahid akbar", "type": "author", "activity": 1, "h_index": 1, "h5_index": 0, "mag_id": "2097990475", "num_publications": 1, "num_citations": 15, "num_publications_5y": 0, "num_citations_5y": 10, "num_publications_10y": 1, "num_citations_10y": 14, "publications_years": {"2012": 1}, "citations_years": {"2012": 1, "2013": 3, "2014": 1, "2015": 2, "2016": 2, "2017": 3, "2018": 2, "2019": 0, "2020": 1}, "old_citations": {"2012": 15}, "isVisible": false}, "2098574635": {"name": "hock lye koh", "type": "author", "activity": 3, "h_index": 1, "h5_index": 0, "mag_id": "2098574635", "num_publications": 1, "num_citations": 0, "num_publications_5y": 0, "num_citations_5y": 0, "num_publications_10y": 1, "num_citations_10y": 0, "publications_years": {"2012": 1}, "citations_years": {}, "old_citations": {"2012": 0}, "isVisible": false}, "2099563606": {"name": "tijjani adam", "type": "author", "activity": 3, "h_index": 2, "h5_index": 0, "mag_id": "2099563606", "num_publications": 1, "num_citations": 1, "num_publications_5y": 0, "num_citations_5y": 1, "num_publications_10y": 1, "num_citations_10y": 1, "publications_years": {"2012": 1}, "citations_years": {"2015": 1}, "old_citations": {"2012": 1}, "isVisible": false}, "2101042531": {"name": "nurzalina harun", "type": "author", "activity": 6, "h_index": 1, "h5_index": 1, "mag_id": "2101042531", "num_publications": 1, "num_citations": 0, "num_publications_5y": 0, "num_citations_5y": 0, "num_publications_10y": 1, "num_citations_10y": 0, "publications_years": {"2012": 1}, "citations_years": {}, "old_citations": {"2012": 0}, "isVisible": false}, "2101898502": {"name": "heri kuswanto", "type": "author", "activity": 14, "h_index": 4, "h5_index": 2, "mag_id": "2101898502", "num_publications": 1, "num_citations": 2, "num_publications_5y": 0, "num_citations_5y": 2, "num_publications_10y": 1, "num_citations_10y": 2, "publications_years": {"2012": 1}, "citations_years": {"2014": 1, "2015": 0, "2016": 1}, "old_citations": {"2012": 2}, "isVisible": false}, "2102348311": {"name": "ibrahim mohamed", "type": "author", "activity": 18, "h_index": 2, "h5_index": 1, "mag_id": "2102348311", "num_publications": 1, "num_citations": 5, "num_publications_5y": 0, "num_citations_5y": 5, "num_publications_10y": 1, "num_citations_10y": 5, "publications_years": {"2012": 1}, "citations_years": {"2014": 1, "2015": 3, "2016": 0, "2017": 1}, "old_citations": {"2012": 5}, "isVisible": false}, "2104663924": {"name": "khaizuran abdullah", "type": "author", "activity": 12, "h_index": 5, "h5_index": 1, "mag_id": "2104663924", "num_publications": 1, "num_citations": 0, "num_publications_5y": 0, "num_citations_5y": 0, "num_publications_10y": 1, "num_citations_10y": 0, "publications_years": {"2012": 1}, "citations_years": {}, "old_citations": {"2012": 0}, "isVisible": false}, "2107640665": {"name": "wan eny zarina wan abdul rahman", "type": "author", "activity": 8, "h_index": 2, "h5_index": 0, "mag_id": "2107640665", "num_publications": 1, "num_citations": 8, "num_publications_5y": 0, "num_citations_5y": 6, "num_publications_10y": 1, "num_citations_10y": 6, "publications_years": {"2012": 1}, "citations_years": {"2016": 1, "2017": 2, "2018": 3, "2019": 2}, "old_citations": {"2012": 8}, "isVisible": false}, "2112192678": {"name": "mohadeseh khalili", "type": "author", "activity": 3, "h_index": 2, "h5_index": 0, "mag_id": "2112192678", "num_publications": 1, "num_citations": 1, "num_publications_5y": 0, "num_citations_5y": 0, "num_publications_10y": 1, "num_citations_10y": 0, "publications_years": {"2012": 1}, "citations_years": {"2020": 1}, "old_citations": {"2012": 1}, "isVisible": false}, "2114065677": {"name": "mohd shahir liew", "type": "author", "activity": 10, "h_index": 3, "h5_index": 2, "mag_id": "2114065677", "num_publications": 1, "num_citations": 0, "num_publications_5y": 0, "num_citations_5y": 0, "num_publications_10y": 1, "num_citations_10y": 0, "publications_years": {"2012": 1}, "citations_years": {}, "old_citations": {"2012": 0}, "isVisible": false}, "2114298291": {"name": "hezlin aryani abd rahman", "type": "author", "activity": 5, "h_index": 3, "h5_index": 1, "mag_id": "2114298291", "num_publications": 1, "num_citations": 5, "num_publications_5y": 0, "num_citations_5y": 4, "num_publications_10y": 1, "num_citations_10y": 5, "publications_years": {"2012": 1}, "citations_years": {"2013": 1, "2014": 1, "2015": 2, "2016": 1}, "old_citations": {"2012": 5}, "isVisible": false}, "2117161375": {"name": "mohd iqbal ridwan", "type": "author", "activity": 2, "h_index": 1, "h5_index": 0, "mag_id": "2117161375", "num_publications": 1, "num_citations": 0, "num_publications_5y": 0, "num_citations_5y": 0, "num_publications_10y": 1, "num_citations_10y": 0, "publications_years": {"2012": 1}, "citations_years": {}, "old_citations": {"2012": 0}, "isVisible": false}, "2120163134": {"name": "ruhizan mohammad yasin", "type": "author", "activity": 10, "h_index": 3, "h5_index": 0, "mag_id": "2120163134", "num_publications": 1, "num_citations": 1, "num_publications_5y": 0, "num_citations_5y": 1, "num_publications_10y": 1, "num_citations_10y": 1, "publications_years": {"2012": 1}, "citations_years": {"2014": 1}, "old_citations": {"2012": 1}, "isVisible": false}, "2121614910": {"name": "halina hassan", "type": "author", "activity": 8, "h_index": 1, "h5_index": 1, "mag_id": "2121614910", "num_publications": 1, "num_citations": 0, "num_publications_5y": 0, "num_citations_5y": 0, "num_publications_10y": 1, "num_citations_10y": 0, "publications_years": {"2012": 1}, "citations_years": {}, "old_citations": {"2012": 0}, "isVisible": false}, "2123415357": {"name": "neo kian sen", "type": "author", "activity": 1, "h_index": 0, "h5_index": 0, "mag_id": "2123415357", "num_publications": 1, "num_citations": 0, "num_publications_5y": 0, "num_citations_5y": 0, "num_publications_10y": 1, "num_citations_10y": 0, "publications_years": {"2012": 1}, "citations_years": {}, "old_citations": {"2012": 0}, "isVisible": false}, "2125272996": {"name": "ruzanita mat rani", "type": "author", "activity": 9, "h_index": 1, "h5_index": 1, "mag_id": "2125272996", "num_publications": 1, "num_citations": 1, "num_publications_5y": 0, "num_citations_5y": 0, "num_publications_10y": 1, "num_citations_10y": 0, "publications_years": {"2012": 1}, "citations_years": {"2019": 1}, "old_citations": {"2012": 1}, "isVisible": false}, "2125658113": {"name": "zaileha md ali", "type": "author", "activity": 1, "h_index": 0, "h5_index": 0, "mag_id": "2125658113", "num_publications": 1, "num_citations": 0, "num_publications_5y": 0, "num_citations_5y": 0, "num_publications_10y": 1, "num_citations_10y": 0, "publications_years": {"2012": 1}, "citations_years": {}, "old_citations": {"2012": 0}, "isVisible": false}, "2126105405": {"name": "wahidah hashim", "type": "author", "activity": 16, "h_index": 4, "h5_index": 1, "mag_id": "2126105405", "num_publications": 1, "num_citations": 0, "num_publications_5y": 0, "num_citations_5y": 0, "num_publications_10y": 1, "num_citations_10y": 0, "publications_years": {"2012": 1}, "citations_years": {}, "old_citations": {"2012": 0}, "isVisible": false}, "2129912248": {"name": "heng buai chin", "type": "author", "activity": 1, "h_index": 0, "h5_index": 0, "mag_id": "2129912248", "num_publications": 1, "num_citations": 0, "num_publications_5y": 0, "num_citations_5y": 0, "num_publications_10y": 1, "num_citations_10y": 0, "publications_years": {"2012": 1}, "citations_years": {}, "old_citations": {"2012": 0}, "isVisible": false}, "2139535714": {"name": "muhammad hisyam lee", "type": "author", "activity": 21, "h_index": 9, "h5_index": 3, "mag_id": "2139535714", "num_publications": 1, "num_citations": 15, "num_publications_5y": 0, "num_citations_5y": 10, "num_publications_10y": 1, "num_citations_10y": 14, "publications_years": {"2012": 1}, "citations_years": {"2012": 1, "2013": 3, "2014": 1, "2015": 2, "2016": 2, "2017": 3, "2018": 2, "2019": 0, "2020": 1}, "old_citations": {"2012": 15}, "isVisible": false}, "2139819820": {"name": "agus yodi gunawan", "type": "author", "activity": 3, "h_index": 0, "h5_index": 0, "mag_id": "2139819820", "num_publications": 1, "num_citations": 0, "num_publications_5y": 0, "num_citations_5y": 0, "num_publications_10y": 1, "num_citations_10y": 0, "publications_years": {"2012": 1}, "citations_years": {}, "old_citations": {"2012": 0}, "isVisible": false}, "2141715219": {"name": "yap bee wah", "type": "author", "activity": 11, "h_index": 4, "h5_index": 2, "mag_id": "2141715219", "num_publications": 1, "num_citations": 5, "num_publications_5y": 0, "num_citations_5y": 4, "num_publications_10y": 1, "num_citations_10y": 5, "publications_years": {"2012": 1}, "citations_years": {"2013": 1, "2014": 1, "2015": 2, "2016": 1}, "old_citations": {"2012": 5}, "isVisible": false}, "2145292600": {"name": "marina ismail", "type": "author", "activity": 10, "h_index": 5, "h5_index": 1, "mag_id": "2145292600", "num_publications": 1, "num_citations": 0, "num_publications_5y": 0, "num_citations_5y": 0, "num_publications_10y": 1, "num_citations_10y": 0, "publications_years": {"2012": 1}, "citations_years": {}, "old_citations": {"2012": 0}, "isVisible": false}, "2146922346": {"name": "n a abd ghafar", "type": "author", "activity": 1, "h_index": 0, "h5_index": 0, "mag_id": "2146922346", "num_publications": 1, "num_citations": 0, "num_publications_5y": 0, "num_citations_5y": 0, "num_publications_10y": 1, "num_citations_10y": 0, "publications_years": {"2012": 1}, "citations_years": {}, "old_citations": {"2012": 0}, "isVisible": false}, "2147617317": {"name": "adibah shuib", "type": "author", "activity": 9, "h_index": 3, "h5_index": 1, "mag_id": "2147617317", "num_publications": 1, "num_citations": 0, "num_publications_5y": 0, "num_citations_5y": 0, "num_publications_10y": 1, "num_citations_10y": 0, "publications_years": {"2012": 1}, "citations_years": {}, "old_citations": {"2012": 0}, "isVisible": false}, "2147631280": {"name": "aminah abdul malek", "type": "author", "activity": 8, "h_index": 2, "h5_index": 0, "mag_id": "2147631280", "num_publications": 1, "num_citations": 8, "num_publications_5y": 0, "num_citations_5y": 6, "num_publications_10y": 1, "num_citations_10y": 6, "publications_years": {"2012": 1}, "citations_years": {"2016": 1, "2017": 2, "2018": 3, "2019": 2}, "old_citations": {"2012": 8}, "isVisible": false}, "2152489300": {"name": "muzalna mohd jusoh", "type": "author", "activity": 1, "h_index": 1, "h5_index": 0, "mag_id": "2152489300", "num_publications": 1, "num_citations": 0, "num_publications_5y": 0, "num_citations_5y": 0, "num_publications_10y": 1, "num_citations_10y": 0, "publications_years": {"2012": 1}, "citations_years": {}, "old_citations": {"2012": 0}, "isVisible": false}, "2152801725": {"name": "mohammad said zainol", "type": "author", "activity": 5, "h_index": 0, "h5_index": 0, "mag_id": "2152801725", "num_publications": 1, "num_citations": 0, "num_publications_5y": 0, "num_citations_5y": 0, "num_publications_10y": 1, "num_citations_10y": 0, "publications_years": {"2012": 1}, "citations_years": {}, "old_citations": {"2012": 0}, "isVisible": false}, "2155238537": {"name": "su yean teh", "type": "author", "activity": 3, "h_index": 1, "h5_index": 0, "mag_id": "2155238537", "num_publications": 1, "num_citations": 0, "num_publications_5y": 0, "num_citations_5y": 0, "num_publications_10y": 1, "num_citations_10y": 0, "publications_years": {"2012": 1}, "citations_years": {}, "old_citations": {"2012": 0}, "isVisible": false}, "2155728071": {"name": "faridah abdul halim", "type": "author", "activity": 8, "h_index": 1, "h5_index": 1, "mag_id": "2155728071", "num_publications": 1, "num_citations": 0, "num_publications_5y": 0, "num_citations_5y": 0, "num_publications_10y": 1, "num_citations_10y": 0, "publications_years": {"2012": 1}, "citations_years": {}, "old_citations": {"2012": 0}, "isVisible": false}, "2164983439": {"name": "lazim abdullah", "type": "author", "activity": 11, "h_index": 8, "h5_index": 4, "mag_id": "2164983439", "num_publications": 1, "num_citations": 3, "num_publications_5y": 0, "num_citations_5y": 2, "num_publications_10y": 1, "num_citations_10y": 2, "publications_years": {"2012": 1}, "citations_years": {"2015": 1, "2016": 1, "2017": 0, "2018": 0, "2019": 1}, "old_citations": {"2012": 3}, "isVisible": false}, "2167717435": {"name": "wan rosmanira ismail", "type": "author", "activity": 14, "h_index": 2, "h5_index": 1, "mag_id": "2167717435", "num_publications": 1, "num_citations": 1, "num_publications_5y": 0, "num_citations_5y": 0, "num_publications_10y": 1, "num_citations_10y": 0, "publications_years": {"2012": 1}, "citations_years": {"2019": 1}, "old_citations": {"2012": 1}, "isVisible": false}, "2168488325": {"name": "rini marwati", "type": "author", "activity": 1, "h_index": 0, "h5_index": 0, "mag_id": "2168488325", "num_publications": 1, "num_citations": 0, "num_publications_5y": 0, "num_citations_5y": 0, "num_publications_10y": 1, "num_citations_10y": 0, "publications_years": {"2012": 1}, "citations_years": {}, "old_citations": {"2012": 0}, "isVisible": false}, "2171658169": {"name": "suriana alias", "type": "author", "activity": 6, "h_index": 0, "h5_index": 0, "mag_id": "2171658169", "num_publications": 1, "num_citations": 0, "num_publications_5y": 0, "num_citations_5y": 0, "num_publications_10y": 1, "num_citations_10y": 0, "publications_years": {"2012": 1}, "citations_years": {}, "old_citations": {"2012": 0}, "isVisible": false}, "2200436453": {"name": "habshah midi", "type": "author", "activity": 12, "h_index": 4, "h5_index": 2, "mag_id": "2200436453", "num_publications": 1, "num_citations": 4, "num_publications_5y": 0, "num_citations_5y": 3, "num_publications_10y": 1, "num_citations_10y": 3, "publications_years": {"2012": 1}, "citations_years": {"2015": 1, "2016": 2, "2017": 0, "2018": 0, "2019": 1}, "old_citations": {"2012": 4}, "isVisible": false}, "2223088713": {"name": "elia suziana binti mohamad", "type": "author", "activity": 1, "h_index": 1, "h5_index": 0, "mag_id": "2223088713", "num_publications": 1, "num_citations": 5, "num_publications_5y": 0, "num_citations_5y": 5, "num_publications_10y": 1, "num_citations_10y": 5, "publications_years": {"2012": 1}, "citations_years": {"2014": 1, "2015": 3, "2016": 0, "2017": 1}, "old_citations": {"2012": 5}, "isVisible": false}, "2223479470": {"name": "b saibon", "type": "author", "activity": 8, "h_index": 0, "h5_index": 0, "mag_id": "2223479470", "num_publications": 1, "num_citations": 0, "num_publications_5y": 0, "num_citations_5y": 0, "num_publications_10y": 1, "num_citations_10y": 0, "publications_years": {"2012": 1}, "citations_years": {}, "old_citations": {"2012": 0}, "isVisible": false}, "2224152434": {"name": "dwi ayu lusia", "type": "author", "activity": 1, "h_index": 1, "h5_index": 0, "mag_id": "2224152434", "num_publications": 1, "num_citations": 2, "num_publications_5y": 0, "num_citations_5y": 2, "num_publications_10y": 1, "num_citations_10y": 2, "publications_years": {"2012": 1}, "citations_years": {"2014": 1, "2015": 0, "2016": 1}, "old_citations": {"2012": 2}, "isVisible": false}, "2224233622": {"name": "ria faulina", "type": "author", "activity": 1, "h_index": 1, "h5_index": 0, "mag_id": "2224233622", "num_publications": 1, "num_citations": 2, "num_publications_5y": 0, "num_citations_5y": 2, "num_publications_10y": 1, "num_citations_10y": 2, "publications_years": {"2012": 1}, "citations_years": {"2014": 1, "2015": 0, "2016": 1}, "old_citations": {"2012": 2}, "isVisible": false}, "2225448883": {"name": "norzariza zulkefly", "type": "author", "activity": 1, "h_index": 0, "h5_index": 0, "mag_id": "2225448883", "num_publications": 1, "num_citations": 0, "num_publications_5y": 0, "num_citations_5y": 0, "num_publications_10y": 1, "num_citations_10y": 0, "publications_years": {"2012": 1}, "citations_years": {}, "old_citations": {"2012": 0}, "isVisible": false}, "2226400477": {"name": "hamid nilsaz dezfouli", "type": "author", "activity": 1, "h_index": 1, "h5_index": 0, "mag_id": "2226400477", "num_publications": 1, "num_citations": 2, "num_publications_5y": 0, "num_citations_5y": 1, "num_publications_10y": 1, "num_citations_10y": 1, "publications_years": {"2012": 1}, "citations_years": {"2016": 1, "2017": 0, "2018": 0, "2019": 1}, "old_citations": {"2012": 2}, "isVisible": false}, "2226613880": {"name": "nur niswah naslina mohd azid maarof", "type": "author", "activity": 1, "h_index": 1, "h5_index": 0, "mag_id": "2226613880", "num_publications": 1, "num_citations": 7, "num_publications_5y": 0, "num_citations_5y": 5, "num_publications_10y": 1, "num_citations_10y": 5, "publications_years": {"2012": 1}, "citations_years": {"2014": 2, "2015": 2, "2016": 0, "2017": 0, "2018": 1, "2019": 2}, "old_citations": {"2012": 7}, "isVisible": false}, "2227198536": {"name": "puzziawati ab ghani", "type": "author", "activity": 1, "h_index": 1, "h5_index": 0, "mag_id": "2227198536", "num_publications": 1, "num_citations": 3, "num_publications_5y": 0, "num_citations_5y": 1, "num_publications_10y": 1, "num_citations_10y": 2, "publications_years": {"2012": 1}, "citations_years": {"2013": 1, "2014": 1, "2015": 0, "2016": 0, "2017": 0, "2018": 0, "2019": 1}, "old_citations": {"2012": 3}, "isVisible": false}, "2229533102": {"name": "ummu mardhiah abdul jalil", "type": "author", "activity": 7, "h_index": 1, "h5_index": 0, "mag_id": "2229533102", "num_publications": 1, "num_citations": 8, "num_publications_5y": 0, "num_citations_5y": 6, "num_publications_10y": 1, "num_citations_10y": 6, "publications_years": {"2012": 1}, "citations_years": {"2016": 1, "2017": 2, "2018": 3, "2019": 2}, "old_citations": {"2012": 8}, "isVisible": false}, "2229652771": {"name": "carlos eduardo thomaz", "type": "author", "activity": 22, "h_index": 10, "h5_index": 2, "mag_id": "2229652771", "num_publications": 1, "num_citations": 4, "num_publications_5y": 0, "num_citations_5y": 3, "num_publications_10y": 1, "num_citations_10y": 4, "publications_years": {"2012": 1}, "citations_years": {"2013": 1, "2014": 1, "2015": 1, "2016": 0, "2017": 0, "2018": 1}, "old_citations": {"2012": 4}, "isVisible": false}, "2230112543": {"name": "sze jeeu fong", "type": "author", "activity": 1, "h_index": 0, "h5_index": 0, "mag_id": "2230112543", "num_publications": 1, "num_citations": 0, "num_publications_5y": 0, "num_citations_5y": 0, "num_publications_10y": 1, "num_citations_10y": 0, "publications_years": {"2012": 1}, "citations_years": {}, "old_citations": {"2012": 0}, "isVisible": false}, "2231452453": {"name": "norin rahayu shamsudin", "type": "author", "activity": 1, "h_index": 1, "h5_index": 0, "mag_id": "2231452453", "num_publications": 1, "num_citations": 7, "num_publications_5y": 0, "num_citations_5y": 5, "num_publications_10y": 1, "num_citations_10y": 5, "publications_years": {"2012": 1}, "citations_years": {"2014": 2, "2015": 2, "2016": 0, "2017": 0, "2018": 1, "2019": 2}, "old_citations": {"2012": 7}, "isVisible": false}, "2231857562": {"name": "ahmad hj aziz", "type": "author", "activity": 1, "h_index": 1, "h5_index": 0, "mag_id": "2231857562", "num_publications": 1, "num_citations": 4, "num_publications_5y": 0, "num_citations_5y": 4, "num_publications_10y": 1, "num_citations_10y": 4, "publications_years": {"2012": 1}, "citations_years": {"2015": 1, "2016": 2, "2017": 0, "2018": 1}, "old_citations": {"2012": 4}, "isVisible": false}, "2231970561": {"name": "azlina abdul hadi", "type": "author", "activity": 1, "h_index": 1, "h5_index": 0, "mag_id": "2231970561", "num_publications": 1, "num_citations": 7, "num_publications_5y": 0, "num_citations_5y": 5, "num_publications_10y": 1, "num_citations_10y": 5, "publications_years": {"2012": 1}, "citations_years": {"2014": 2, "2015": 2, "2016": 0, "2017": 0, "2018": 1, "2019": 2}, "old_citations": {"2012": 7}, "isVisible": false}, "2232242860": {"name": "umi hanim mazlan", "type": "author", "activity": 7, "h_index": 2, "h5_index": 1, "mag_id": "2232242860", "num_publications": 1, "num_citations": 2, "num_publications_5y": 0, "num_citations_5y": 2, "num_publications_10y": 1, "num_citations_10y": 2, "publications_years": {"2012": 1}, "citations_years": {"2016": 1, "2017": 0, "2018": 1}, "old_citations": {"2012": 2}, "isVisible": false}, "2232293677": {"name": "zaenab kareem abood alammar", "type": "author", "activity": 1, "h_index": 0, "h5_index": 0, "mag_id": "2232293677", "num_publications": 1, "num_citations": 0, "num_publications_5y": 0, "num_citations_5y": 0, "num_publications_10y": 1, "num_citations_10y": 0, "publications_years": {"2012": 1}, "citations_years": {}, "old_citations": {"2012": 0}, "isVisible": false}, "2232549725": {"name": "pooi ah hin", "type": "author", "activity": 1, "h_index": 0, "h5_index": 0, "mag_id": "2232549725", "num_publications": 1, "num_citations": 0, "num_publications_5y": 0, "num_citations_5y": 0, "num_publications_10y": 1, "num_citations_10y": 0, "publications_years": {"2012": 1}, "citations_years": {}, "old_citations": {"2012": 0}, "isVisible": false}, "2296076965": {"name": "ahamefule happy john", "type": "author", "activity": 4, "h_index": 2, "h5_index": 0, "mag_id": "2296076965", "num_publications": 1, "num_citations": 4, "num_publications_5y": 0, "num_citations_5y": 3, "num_publications_10y": 1, "num_citations_10y": 3, "publications_years": {"2012": 1}, "citations_years": {"2015": 1, "2016": 2, "2017": 0, "2018": 0, "2019": 1}, "old_citations": {"2012": 4}, "isVisible": false}, "2300461673": {"name": "bambang widjanarko otok", "type": "author", "activity": 7, "h_index": 1, "h5_index": 0, "mag_id": "2300461673", "num_publications": 1, "num_citations": 2, "num_publications_5y": 0, "num_citations_5y": 2, "num_publications_10y": 1, "num_citations_10y": 2, "publications_years": {"2012": 1}, "citations_years": {"2014": 1, "2015": 0, "2016": 1}, "old_citations": {"2012": 2}, "isVisible": false}, "2307578441": {"name": "sohel rana", "type": "author", "activity": 9, "h_index": 2, "h5_index": 1, "mag_id": "2307578441", "num_publications": 1, "num_citations": 4, "num_publications_5y": 0, "num_citations_5y": 3, "num_publications_10y": 1, "num_citations_10y": 3, "publications_years": {"2012": 1}, "citations_years": {"2015": 1, "2016": 2, "2017": 0, "2018": 0, "2019": 1}, "old_citations": {"2012": 4}, "isVisible": false}, "2313701194": {"name": "ahmad faris ismail", "type": "author", "activity": 24, "h_index": 6, "h5_index": 2, "mag_id": "2313701194", "num_publications": 1, "num_citations": 0, "num_publications_5y": 0, "num_citations_5y": 0, "num_publications_10y": 1, "num_citations_10y": 0, "publications_years": {"2012": 1}, "citations_years": {}, "old_citations": {"2012": 0}, "isVisible": false}, "2313721958": {"name": "elizabeth selvamani g arul", "type": "author", "activity": 1, "h_index": 0, "h5_index": 0, "mag_id": "2313721958", "num_publications": 1, "num_citations": 0, "num_publications_5y": 0, "num_citations_5y": 0, "num_publications_10y": 1, "num_citations_10y": 0, "publications_years": {"2012": 1}, "citations_years": {}, "old_citations": {"2012": 0}, "isVisible": false}, "2323413128": {"name": "mohd omar", "type": "author", "activity": 19, "h_index": 3, "h5_index": 1, "mag_id": "2323413128", "num_publications": 1, "num_citations": 0, "num_publications_5y": 0, "num_citations_5y": 0, "num_publications_10y": 1, "num_citations_10y": 0, "publications_years": {"2012": 1}, "citations_years": {}, "old_citations": {"2012": 0}, "isVisible": false}, "2332050072": {"name": "nurul naimy wan", "type": "author", "activity": 2, "h_index": 0, "h5_index": 0, "mag_id": "2332050072", "num_publications": 1, "num_citations": 0, "num_publications_5y": 0, "num_citations_5y": 0, "num_publications_10y": 1, "num_citations_10y": 0, "publications_years": {"2012": 1}, "citations_years": {}, "old_citations": {"2012": 0}, "isVisible": false}, "2342961305": {"name": "kerk lee yen", "type": "author", "activity": 1, "h_index": 0, "h5_index": 0, "mag_id": "2342961305", "num_publications": 1, "num_citations": 0, "num_publications_5y": 0, "num_citations_5y": 0, "num_publications_10y": 1, "num_citations_10y": 0, "publications_years": {"2012": 1}, "citations_years": {}, "old_citations": {"2012": 0}, "isVisible": false}, "2345753790": {"name": "adriana ismail", "type": "author", "activity": 1, "h_index": 1, "h5_index": 0, "mag_id": "2345753790", "num_publications": 1, "num_citations": 7, "num_publications_5y": 0, "num_citations_5y": 5, "num_publications_10y": 1, "num_citations_10y": 5, "publications_years": {"2012": 1}, "citations_years": {"2014": 2, "2015": 2, "2016": 0, "2017": 0, "2018": 1, "2019": 2}, "old_citations": {"2012": 7}, "isVisible": false}, "2424132920": {"name": "wai kiat tan", "type": "author", "activity": 1, "h_index": 0, "h5_index": 0, "mag_id": "2424132920", "num_publications": 1, "num_citations": 0, "num_publications_5y": 0, "num_citations_5y": 0, "num_publications_10y": 1, "num_citations_10y": 0, "publications_years": {"2012": 1}, "citations_years": {}, "old_citations": {"2012": 0}, "isVisible": false}, "2429949088": {"name": "na kai lun", "type": "author", "activity": 6, "h_index": 1, "h5_index": 1, "mag_id": "2429949088", "num_publications": 1, "num_citations": 0, "num_publications_5y": 0, "num_citations_5y": 0, "num_publications_10y": 1, "num_citations_10y": 0, "publications_years": {"2012": 1}, "citations_years": {}, "old_citations": {"2012": 0}, "isVisible": false}, "2435047341": {"name": "amir masoud rahimi", "type": "author", "activity": 6, "h_index": 1, "h5_index": 1, "mag_id": "2435047341", "num_publications": 1, "num_citations": 1, "num_publications_5y": 0, "num_citations_5y": 1, "num_publications_10y": 1, "num_citations_10y": 1, "publications_years": {"2012": 1}, "citations_years": {"2018": 1}, "old_citations": {"2012": 1}, "isVisible": false}, "2463468457": {"name": "nik nairan abdullah", "type": "author", "activity": 3, "h_index": 2, "h5_index": 0, "mag_id": "2463468457", "num_publications": 1, "num_citations": 5, "num_publications_5y": 0, "num_citations_5y": 4, "num_publications_10y": 1, "num_citations_10y": 5, "publications_years": {"2012": 1}, "citations_years": {"2013": 1, "2014": 1, "2015": 2, "2016": 1}, "old_citations": {"2012": 5}, "isVisible": false}, "2466034016": {"name": "nurnadiah zamri", "type": "author", "activity": 7, "h_index": 3, "h5_index": 1, "mag_id": "2466034016", "num_publications": 1, "num_citations": 3, "num_publications_5y": 0, "num_citations_5y": 2, "num_publications_10y": 1, "num_citations_10y": 2, "publications_years": {"2012": 1}, "citations_years": {"2015": 1, "2016": 1, "2017": 0, "2018": 0, "2019": 1}, "old_citations": {"2012": 3}, "isVisible": false}, "2482398401": {"name": "sutikno", "type": "author", "activity": 10, "h_index": 2, "h5_index": 0, "mag_id": "2482398401", "num_publications": 1, "num_citations": 2, "num_publications_5y": 0, "num_citations_5y": 2, "num_publications_10y": 1, "num_citations_10y": 2, "publications_years": {"2012": 1}, "citations_years": {"2014": 1, "2015": 0, "2016": 1}, "old_citations": {"2012": 2}, "isVisible": false}, "2491396617": {"name": "puteh saad", "type": "author", "activity": 1, "h_index": 1, "h5_index": 0, "mag_id": "2491396617", "num_publications": 1, "num_citations": 2, "num_publications_5y": 0, "num_citations_5y": 2, "num_publications_10y": 1, "num_citations_10y": 2, "publications_years": {"2012": 1}, "citations_years": {"2016": 1, "2017": 0, "2018": 1}, "old_citations": {"2012": 2}, "isVisible": false}, "2500535178": {"name": "indah puspitasari", "type": "author", "activity": 1, "h_index": 1, "h5_index": 0, "mag_id": "2500535178", "num_publications": 1, "num_citations": 15, "num_publications_5y": 0, "num_citations_5y": 10, "num_publications_10y": 1, "num_citations_10y": 14, "publications_years": {"2012": 1}, "citations_years": {"2012": 1, "2013": 3, "2014": 1, "2015": 2, "2016": 2, "2017": 3, "2018": 2, "2019": 0, "2020": 1}, "old_citations": {"2012": 15}, "isVisible": false}, "2517713658": {"name": "mohamed azam mohamed adil", "type": "author", "activity": 1, "h_index": 0, "h5_index": 0, "mag_id": "2517713658", "num_publications": 1, "num_citations": 0, "num_publications_5y": 0, "num_citations_5y": 0, "num_publications_10y": 1, "num_citations_10y": 0, "publications_years": {"2012": 1}, "citations_years": {}, "old_citations": {"2012": 0}, "isVisible": false}, "2550266991": {"name": "nur amalina bt shamsudin", "type": "author", "activity": 1, "h_index": 0, "h5_index": 0, "mag_id": "2550266991", "num_publications": 1, "num_citations": 0, "num_publications_5y": 0, "num_citations_5y": 0, "num_publications_10y": 1, "num_citations_10y": 0, "publications_years": {"2012": 1}, "citations_years": {}, "old_citations": {"2012": 0}, "isVisible": false}, "2555048820": {"name": "nor aizura zulkifli", "type": "author", "activity": 1, "h_index": 1, "h5_index": 0, "mag_id": "2555048820", "num_publications": 1, "num_citations": 3, "num_publications_5y": 0, "num_citations_5y": 1, "num_publications_10y": 1, "num_citations_10y": 2, "publications_years": {"2012": 1}, "citations_years": {"2013": 1, "2014": 1, "2015": 0, "2016": 0, "2017": 0, "2018": 0, "2019": 1}, "old_citations": {"2012": 3}, "isVisible": false}, "2590881397": {"name": "nur idalisa norddin", "type": "author", "activity": 1, "h_index": 1, "h5_index": 0, "mag_id": "2590881397", "num_publications": 1, "num_citations": 4, "num_publications_5y": 0, "num_citations_5y": 4, "num_publications_10y": 1, "num_citations_10y": 4, "publications_years": {"2012": 1}, "citations_years": {"2015": 1, "2016": 2, "2017": 0, "2018": 1}, "old_citations": {"2012": 4}, "isVisible": false}, "2599418520": {"name": "khalipah ibrahim", "type": "author", "activity": 1, "h_index": 1, "h5_index": 0, "mag_id": "2599418520", "num_publications": 1, "num_citations": 4, "num_publications_5y": 0, "num_citations_5y": 4, "num_publications_10y": 1, "num_citations_10y": 4, "publications_years": {"2012": 1}, "citations_years": {"2015": 1, "2016": 2, "2017": 0, "2018": 1}, "old_citations": {"2012": 4}, "isVisible": false}, "2602381075": {"name": "mojtaba kazemi", "type": "author", "activity": 1, "h_index": 1, "h5_index": 0, "mag_id": "2602381075", "num_publications": 1, "num_citations": 1, "num_publications_5y": 0, "num_citations_5y": 1, "num_publications_10y": 1, "num_citations_10y": 1, "publications_years": {"2012": 1}, "citations_years": {"2018": 1}, "old_citations": {"2012": 1}, "isVisible": false}, "2619889748": {"name": "m f md salleh", "type": "author", "activity": 1, "h_index": 0, "h5_index": 0, "mag_id": "2619889748", "num_publications": 1, "num_citations": 0, "num_publications_5y": 0, "num_citations_5y": 0, "num_publications_10y": 1, "num_citations_10y": 0, "publications_years": {"2012": 1}, "citations_years": {}, "old_citations": {"2012": 0}, "isVisible": false}, "2630106093": {"name": "sze san nah", "type": "author", "activity": 1, "h_index": 0, "h5_index": 0, "mag_id": "2630106093", "num_publications": 1, "num_citations": 0, "num_publications_5y": 0, "num_citations_5y": 0, "num_publications_10y": 1, "num_citations_10y": 0, "publications_years": {"2012": 1}, "citations_years": {}, "old_citations": {"2012": 0}, "isVisible": false}, "3002917756": {"name": "nornadiah mohd razali", "type": "author", "activity": 1, "h_index": 1, "h5_index": 0, "mag_id": "3002917756", "num_publications": 1, "num_citations": 7, "num_publications_5y": 0, "num_citations_5y": 5, "num_publications_10y": 1, "num_citations_10y": 5, "publications_years": {"2012": 1}, "citations_years": {"2014": 2, "2015": 2, "2016": 0, "2017": 0, "2018": 1, "2019": 2}, "old_citations": {"2012": 7}, "isVisible": false}, "2699563144": {"name": "shahrul aiman soelar", "type": "author", "activity": 1, "h_index": 1, "h5_index": 0, "mag_id": "2699563144", "num_publications": 1, "num_citations": 3, "num_publications_5y": 0, "num_citations_5y": 1, "num_publications_10y": 1, "num_citations_10y": 2, "publications_years": {"2012": 1}, "citations_years": {"2013": 1, "2014": 1, "2015": 0, "2016": 0, "2017": 0, "2018": 0, "2019": 1}, "old_citations": {"2012": 3}, "isVisible": false}, "2735689160": {"name": "saad talib hasson", "type": "author", "activity": 8, "h_index": 2, "h5_index": 1, "mag_id": "2735689160", "num_publications": 1, "num_citations": 3, "num_publications_5y": 0, "num_citations_5y": 1, "num_publications_10y": 1, "num_citations_10y": 3, "publications_years": {"2012": 1}, "citations_years": {"2013": 2, "2014": 0, "2015": 0, "2016": 1}, "old_citations": {"2012": 3}, "isVisible": false}, "2943413383": {"name": "mohamad adam bujang", "type": "author", "activity": 1, "h_index": 1, "h5_index": 0, "mag_id": "2943413383", "num_publications": 1, "num_citations": 3, "num_publications_5y": 0, "num_citations_5y": 1, "num_publications_10y": 1, "num_citations_10y": 2, "publications_years": {"2012": 1}, "citations_years": {"2013": 1, "2014": 1, "2015": 0, "2016": 0, "2017": 0, "2018": 0, "2019": 1}, "old_citations": {"2012": 3}, "isVisible": false}, "2940674429": {"name": "mohd rizam abu bakar", "type": "author", "activity": 1, "h_index": 1, "h5_index": 0, "mag_id": "2940674429", "num_publications": 1, "num_citations": 2, "num_publications_5y": 0, "num_citations_5y": 1, "num_publications_10y": 1, "num_citations_10y": 1, "publications_years": {"2012": 1}, "citations_years": {"2016": 1, "2017": 0, "2018": 0, "2019": 1}, "old_citations": {"2012": 2}, "isVisible": false}, "2665724547": {"name": "nazeri mohammad", "type": "author", "activity": 1, "h_index": 1, "h5_index": 0, "mag_id": "2665724547", "num_publications": 1, "num_citations": 1, "num_publications_5y": 0, "num_citations_5y": 1, "num_publications_10y": 1, "num_citations_10y": 1, "publications_years": {"2012": 1}, "citations_years": {"2014": 1}, "old_citations": {"2012": 1}, "isVisible": false}}, "countries": {"Malaysia": {"name": "Malaysia", "type": "country", "h5_index": 62, "num_publications": 26, "num_citations": 63, "num_publications_5y": 0, "num_citations_5y": 46, "num_publications_10y": 26, "num_citations_10y": 55, "publications_years": {"2012": 26}, "citations_years": {"2016": 10, "2017": 6, "2018": 9, "2019": 7, "2015": 13, "2013": 8, "2014": 8, "2012": 1, "2020": 1}, "old_citations": {"2012": 63}, "isVisible": false}, "Indonesia": {"name": "Indonesia", "type": "country", "h5_index": 19, "num_publications": 4, "num_citations": 17, "num_publications_5y": 0, "num_citations_5y": 12, "num_publications_10y": 4, "num_citations_10y": 16, "publications_years": {"2012": 4}, "citations_years": {"2012": 1, "2013": 3, "2014": 2, "2015": 2, "2016": 3, "2017": 3, "2018": 2, "2019": 0, "2020": 1}, "old_citations": {"2012": 17}, "isVisible": false}, "Iran": {"name": "Iran", "type": "country", "h5_index": 63, "num_publications": 2, "num_citations": 2, "num_publications_5y": 0, "num_citations_5y": 1, "num_publications_10y": 2, "num_citations_10y": 1, "publications_years": {"2012": 2}, "citations_years": {"2020": 1, "2018": 1}, "old_citations": {"2012": 2}, "isVisible": false}, "Brazil": {"name": "Brazil", "type": "country", "h5_index": 57, "num_publications": 1, "num_citations": 4, "num_publications_5y": 0, "num_citations_5y": 3, "num_publications_10y": 1, "num_citations_10y": 4, "publications_years": {"2012": 1}, "citations_years": {"2013": 1, "2014": 1, "2015": 1, "2016": 0, "2017": 0, "2018": 1}, "old_citations": {"2012": 4}, "isVisible": false}, "Iraq": {"name": "Iraq", "type": "country", "h5_index": 23, "num_publications": 1, "num_citations": 3, "num_publications_5y": 0, "num_citations_5y": 1, "num_publications_10y": 1, "num_citations_10y": 3, "publications_years": {"2012": 1}, "citations_years": {"2013": 2, "2014": 0, "2015": 0, "2016": 1}, "old_citations": {"2012": 3}, "isVisible": false}, "United Kingdom": {"name": "United Kingdom", "type": "country", "h5_index": 172, "num_publications": 1, "num_citations": 4, "num_publications_5y": 0, "num_citations_5y": 3, "num_publications_10y": 1, "num_citations_10y": 4, "publications_years": {"2012": 1}, "citations_years": {"2013": 1, "2014": 1, "2015": 1, "2016": 0, "2017": 0, "2018": 1}, "old_citations": {"2012": 4}, "isVisible": false}, "United States": {"name": "United States", "type": "country", "h5_index": 308, "num_publications": 1, "num_citations": 12, "num_publications_5y": 0, "num_citations_5y": 8, "num_publications_10y": 1, "num_citations_10y": 9, "publications_years": {"2012": 1}, "citations_years": {"2013": 1, "2014": 0, "2015": 1, "2016": 5, "2017": 2, "2018": 0, "2019": 2, "2020": 1}, "old_citations": {"2012": 12}, "isVisible": false}}, "industrial_sectors": {"energy": {"name": "energy", "type": "industrial sector", "h5_index": 24, "num_publications": 1, "num_citations": 0, "num_publications_5y": 0, "num_citations_5y": 0, "num_publications_10y": 1, "num_citations_10y": 0, "publications_years": {"2012": 1}, "citations_years": {}, "old_citations": {"2012": 0}, "isVisible": false}}}, "conference_comparison": {"computer science": {}}, "topics_dna": {"publications": {}, "citations": {"normalized": {}, "average": {}}}, "info": {"num_publications": 37, "num_citations": 92.0, "impact_factor": {}, "publications_years": {"2012": 37}, "citations_years": {"2012": 1, "2013": 10, "2014": 10, "2015": 17, "2016": 19, "2017": 9, "2018": 11, "2019": 12, "2020": 3}, "old_citations": {"2012": 92}, "h5_index": 0}, "percentile": {"computer science": {"2012": 61}}, "conference_ranking": {"computer science": {"2012": 1659}}, "academia": {"num_publications": 29, "num_citations": 77, "publications_years": {"2012": 29}, "old_citations": {"2012": 77}, "num_publications_5y": 0, "num_citations_5y": 0, "num_publications_10y": 29, "num_citations_10y": 77}, "industry": {"num_publications": 0, "num_citations": 0, "publications_years": {}, "old_citations": {}, "num_publications_5y": 0, "num_citations_5y": 0, "num_publications_10y": 0, "num_citations_10y": 0}, "collaborative": {"num_publications": 2, "num_citations": 0, "publications_years": {"2012": 2}, "old_citations": {"2012": 0}, "num_publications_5y": 0, "num_citations_5y": 0, "num_publications_10y": 2, "num_citations_10y": 0}, "conferences": {}, "journals": {}, "organizations": {"publication_overall": ["Universiti Teknologi MARA", "National University of Malaysia", "Sepuluh Nopember Institute of Technology", "Payame Noor University", "Universiti Malaysia Sarawak", "Universiti Sains Malaysia", "University of Kuala Lumpur", "University of Malaya", "Bandung Institute of Technology", "Centro Universit\u00e1rio da FEI", "Imperial College London", "International Islamic University Malaysia", "MIMOS (Malaysia)", "Syarif Hidayatullah State Islamic University Jakarta", "Technical University of Malaysia Malacca", "Tenaga Nasional Berhad (Malaysia)", "Universiti Malaysia Perlis", "Universiti Putra Malaysia", "Universiti Teknologi Petronas", "Universiti Tenaga Nasional", "University of Alabama, Tuscaloosa", "University of Applied Science and Technology", "University of Babylon", "University of Nottingham Malaysia Campus", "University of Technology Malaysia", "University of Zanjan"], "citation_overall": ["Universiti Teknologi MARA", "Sepuluh Nopember Institute of Technology", "University of Technology Malaysia", "University of Alabama, Tuscaloosa", "National University of Malaysia", "Centro Universit\u00e1rio da FEI", "Imperial College London", "Universiti Malaysia Sarawak", "Universiti Putra Malaysia", "Universiti Sains Malaysia", "University of Babylon", "Payame Noor University", "Universiti Malaysia Perlis", "University of Applied Science and Technology", "University of Zanjan", "Bandung Institute of Technology", "International Islamic University Malaysia", "MIMOS (Malaysia)", "Syarif Hidayatullah State Islamic University Jakarta", "Technical University of Malaysia Malacca", "Tenaga Nasional Berhad (Malaysia)", "Universiti Teknologi Petronas", "Universiti Tenaga Nasional", "University of Kuala Lumpur", "University of Malaya", "University of Nottingham Malaysia Campus"], "publication_10_years": ["Universiti Teknologi MARA", "National University of Malaysia", "Sepuluh Nopember Institute of Technology", "Payame Noor University", "Universiti Malaysia Sarawak", "Universiti Sains Malaysia", "University of Kuala Lumpur", "University of Malaya", "Bandung Institute of Technology", "Centro Universit\u00e1rio da FEI", "Imperial College London", "International Islamic University Malaysia", "MIMOS (Malaysia)", "Syarif Hidayatullah State Islamic University Jakarta", "Technical University of Malaysia Malacca", "Tenaga Nasional Berhad (Malaysia)", "Universiti Malaysia Perlis", "Universiti Putra Malaysia", "Universiti Teknologi Petronas", "Universiti Tenaga Nasional", "University of Alabama, Tuscaloosa", "University of Applied Science and Technology", "University of Babylon", "University of Nottingham Malaysia Campus", "University of Technology Malaysia", "University of Zanjan"], "citation_10_years": ["Universiti Teknologi MARA", "Sepuluh Nopember Institute of Technology", "University of Technology Malaysia", "University of Alabama, Tuscaloosa", "National University of Malaysia", "Centro Universit\u00e1rio da FEI", "Imperial College London", "Universiti Malaysia Sarawak", "Universiti Putra Malaysia", "Universiti Sains Malaysia", "University of Babylon", "Payame Noor University", "Universiti Malaysia Perlis", "University of Applied Science and Technology", "University of Zanjan", "Bandung Institute of Technology", "International Islamic University Malaysia", "MIMOS (Malaysia)", "Syarif Hidayatullah State Islamic University Jakarta", "Technical University of Malaysia Malacca", "Tenaga Nasional Berhad (Malaysia)", "Universiti Teknologi Petronas", "Universiti Tenaga Nasional", "University of Kuala Lumpur", "University of Malaya", "University of Nottingham Malaysia Campus"], "publication_5_years": [], "citation_5_years": []}, "countries": {"publication_overall": ["Malaysia", "Indonesia", "Iran", "Brazil", "Iraq", "United Kingdom", "United States"], "citation_overall": ["Malaysia", "Indonesia", "United States", "Brazil", "United Kingdom", "Iraq", "Iran"], "publication_10_years": ["Malaysia", "Indonesia", "Iran", "Brazil", "Iraq", "United Kingdom", "United States"], "citation_10_years": ["Malaysia", "Indonesia", "United States", "Brazil", "United Kingdom", "Iraq", "Iran"], "publication_5_years": [], "citation_5_years": []}, "topics": {"publication_overall": ["computer science", "computer systems", "mathematics", "correlation analysis", "artificial intelligence", "computer networks", "engineering", "computer hardware", "computer imaging and vision", "image processing", "machine learning", "telecommunication systems", "database systems", "computer programming", "telecommunication networks", "bandwidth", "communication systems", "education", "probability", "sensors"], "citation_overall": ["computer science", "computer systems", "artificial intelligence", "machine learning", "computer imaging and vision", "image processing", "engineering", "database systems", "correlation analysis", "mathematics", "data mining", "neural networks", "image analysis", "classifiers", "signal processing", "computer hardware", "sensors", "decision trees", "image segmentation", "electricity"], "publication_10_years": ["computer science", "computer systems", "mathematics", "correlation analysis", "artificial intelligence", "computer networks", "engineering", "computer hardware", "computer imaging and vision", "image processing", "machine learning", "telecommunication systems", "database systems", "computer programming", "telecommunication networks", "bandwidth", "communication systems", "education", "probability", "sensors"], "citation_10_years": ["computer science", "computer systems", "artificial intelligence", "machine learning", "computer imaging and vision", "image processing", "engineering", "database systems", "correlation analysis", "mathematics", "data mining", "neural networks", "image analysis", "classifiers", "signal processing", "computer hardware", "sensors", "decision trees", "image segmentation", "electricity"], "publication_5_years": [], "citation_5_years": []}, "main_topics": ["computer science"], "authors": {"publication_overall": ["2089950663", "2159279837", "2246601673", "2288557605", "2305364287", "176473981", "244788610", "562821504", "635235194", "1796550629", "1871887661", "1912073094", "1971100307", "1992626318", "2005598138", "2014066818", "2035439640", "2039160392", "2062894544", "2064938960", "2065107664", "2093342164", "2096035047", "2097990475", "2098574635", "2099563606", "2101042531", "2101898502", "2102348311", "2104663924", "2107640665", "2112192678", "2114065677", "2114298291", "2117161375", "2120163134", "2121614910", "2123415357", "2125272996", "2125658113", "2126105405", "2129912248", "2139535714", "2139819820", "2141715219", "2145292600", "2146922346", "2147617317", "2147631280", "2152489300", "2152801725", "2155238537", "2155728071", "2164983439", "2167717435", "2168488325", "2171658169", "2200436453", "2223088713", "2223479470", "2224152434", "2224233622", "2225448883", "2226400477", "2226613880", "2227198536", "2229533102", "2229652771", "2230112543", "2231452453", "2231857562", "2231970561", "2232242860", "2232293677", "2232549725", "2296076965", "2300461673", "2307578441", "2313701194", "2313721958", "2323413128", "2332050072", "2342961305", "2345753790", "2424132920", "2429949088", "2435047341", "2463468457", "2466034016", "2482398401", "2491396617", "2500535178", "2517713658", "2550266991", "2555048820", "2590881397", "2599418520", "2602381075", "2619889748", "2630106093"], "citation_overall": ["2159279837", "2097990475", "2139535714", "2500535178", "2014066818", "2064938960", "2093342164", "2107640665", "2147631280", "2229533102", "2246601673", "2288557605", "2305364287", "2226613880", "2231452453", "2231970561", "2345753790", "3002917756", "176473981", "2102348311", "2114298291", "2141715219", "2223088713", "2463468457", "244788610", "2039160392", "2200436453", "2229652771", "2231857562", "2296076965", "2307578441", "2590881397", "2599418520", "562821504", "1971100307", "2164983439", "2227198536", "2466034016", "2555048820", "2699563144", "2735689160", "2943413383", "2089950663", "2101898502", "2224152434", "2224233622", "2226400477", "2232242860", "2300461673", "2482398401", "2491396617", "2940674429", "1871887661", "2099563606", "2112192678", "2120163134", "2125272996", "2167717435", "2435047341", "2602381075", "2665724547", "635235194", "1796550629", "1912073094", "1992626318", "2005598138", "2035439640", "2062894544", "2065107664", "2096035047", "2098574635", "2101042531", "2104663924", "2114065677", "2117161375", "2121614910", "2123415357", "2125658113", "2126105405", "2129912248", "2139819820", "2145292600", "2146922346", "2147617317", "2152489300", "2152801725", "2155238537", "2155728071", "2168488325", "2171658169", "2223479470", "2225448883", "2230112543", "2232293677", "2232549725", "2313701194", "2313721958", "2323413128", "2332050072", "2342961305"], "publication_10_years": ["2089950663", "2159279837", "2246601673", "2288557605", "2305364287", "176473981", "244788610", "562821504", "635235194", "1796550629", "1871887661", "1912073094", "1971100307", "1992626318", "2005598138", "2014066818", "2035439640", "2039160392", "2062894544", "2064938960", "2065107664", "2093342164", "2096035047", "2097990475", "2098574635", "2099563606", "2101042531", "2101898502", "2102348311", "2104663924", "2107640665", "2112192678", "2114065677", "2114298291", "2117161375", "2120163134", "2121614910", "2123415357", "2125272996", "2125658113", "2126105405", "2129912248", "2139535714", "2139819820", "2141715219", "2145292600", "2146922346", "2147617317", "2147631280", "2152489300", "2152801725", "2155238537", "2155728071", "2164983439", "2167717435", "2168488325", "2171658169", "2200436453", "2223088713", "2223479470", "2224152434", "2224233622", "2225448883", "2226400477", "2226613880", "2227198536", "2229533102", "2229652771", "2230112543", "2231452453", "2231857562", "2231970561", "2232242860", "2232293677", "2232549725", "2296076965", "2300461673", "2307578441", "2313701194", "2313721958", "2323413128", "2332050072", "2342961305", "2345753790", "2424132920", "2429949088", "2435047341", "2463468457", "2466034016", "2482398401", "2491396617", "2500535178", "2517713658", "2550266991", "2555048820", "2590881397", "2599418520", "2602381075", "2619889748", "2630106093"], "citation_10_years": ["2159279837", "2097990475", "2139535714", "2500535178", "2014066818", "2064938960", "2093342164", "2107640665", "2147631280", "2229533102", "2246601673", "2288557605", "2305364287", "2226613880", "2231452453", "2231970561", "2345753790", "3002917756", "176473981", "2102348311", "2114298291", "2141715219", "2223088713", "2463468457", "244788610", "2039160392", "2200436453", "2229652771", "2231857562", "2296076965", "2307578441", "2590881397", "2599418520", "562821504", "1971100307", "2164983439", "2227198536", "2466034016", "2555048820", "2699563144", "2735689160", "2943413383", "2089950663", "2101898502", "2224152434", "2224233622", "2226400477", "2232242860", "2300461673", "2482398401", "2491396617", "2940674429", "1871887661", "2099563606", "2112192678", "2120163134", "2125272996", "2167717435", "2435047341", "2602381075", "2665724547", "635235194", "1796550629", "1912073094", "1992626318", "2005598138", "2035439640", "2062894544", "2065107664", "2096035047", "2098574635", "2101042531", "2104663924", "2114065677", "2117161375", "2121614910", "2123415357", "2125658113", "2126105405", "2129912248", "2139819820", "2145292600", "2146922346", "2147617317", "2152489300", "2152801725", "2155238537", "2155728071", "2168488325", "2171658169", "2223479470", "2225448883", "2230112543", "2232293677", "2232549725", "2313701194", "2313721958", "2323413128", "2332050072", "2342961305"], "publication_5_years": [], "citation_5_years": []}, "industrial_sectors": {"publication_overall": ["energy"], "citation_overall": ["energy"], "publication_10_years": ["energy"], "citation_10_years": ["energy"], "publication_5_years": [], "citation_5_years": []}}