{"name": "International Conference on Infrared and Millimeter Waves", "acronym": "IMW", "type": "conference", "uniqueEntities": {"organizations": {"City University of Hong Kong": {"name": "City University of Hong Kong", "type": "organization", "organization_type": "Education", "h_index": 157, "h5_index": 53, "num_publications": 2, "num_citations": 9, "num_publications_5y": 0, "num_citations_5y": 1, "num_publications_10y": 0, "num_citations_10y": 5, "publications_years": {"2000": 2}, "citations_years": {"2007": 2, "2008": 0, "2009": 0, "2010": 1, "2011": 1, "2012": 0, "2013": 2, "2014": 1, "2015": 0, "2016": 0, "2017": 0, "2018": 0, "2019": 2}, "old_citations": {"2000": 9}, "isVisible": false}, "Defence Science and Technology Group": {"name": "Defence Science and Technology Group", "type": "organization", "organization_type": "Nonprofit", "h_index": 45, "h5_index": 4, "num_publications": 2, "num_citations": 1, "num_publications_5y": 0, "num_citations_5y": 0, "num_publications_10y": 0, "num_citations_10y": 0, "publications_years": {"1991": 2}, "citations_years": {"2000": 1}, "old_citations": {"1991": 1}, "isVisible": false}, "Tsinghua University": {"name": "Tsinghua University", "type": "organization", "organization_type": "Education", "h_index": 193, "h5_index": 102, "num_publications": 2, "num_citations": 5, "num_publications_5y": 0, "num_citations_5y": 0, "num_publications_10y": 0, "num_citations_10y": 0, "publications_years": {"2000": 2}, "citations_years": {"2001": 2, "2002": 0, "2003": 0, "2004": 1, "2005": 0, "2006": 0, "2007": 0, "2008": 1, "2000": 1}, "old_citations": {"2000": 5}, "isVisible": false}, "University of Science and Technology of China": {"name": "University of Science and Technology of China", "type": "organization", "organization_type": "Education", "h_index": 120, "h5_index": 58, "num_publications": 2, "num_citations": 0, "num_publications_5y": 0, "num_citations_5y": 0, "num_publications_10y": 0, "num_citations_10y": 0, "publications_years": {"1991": 1, "1993": 1}, "citations_years": {}, "old_citations": {"1991": 0, "1993": 0}, "isVisible": false}, "Georgia Institute of Technology": {"name": "Georgia Institute of Technology", "type": "organization", "organization_type": "Education", "h_index": 280, "h5_index": 72, "num_publications": 1, "num_citations": 0, "num_publications_5y": 0, "num_citations_5y": 0, "num_publications_10y": 0, "num_citations_10y": 0, "publications_years": {"1991": 1}, "citations_years": {}, "old_citations": {"1991": 0}, "isVisible": false}, "Lawrence Livermore National Laboratory": {"name": "Lawrence Livermore National Laboratory", "type": "organization", "organization_type": "Facility", "h_index": 105, "h5_index": 26, "num_publications": 1, "num_citations": 2, "num_publications_5y": 0, "num_citations_5y": 0, "num_publications_10y": 0, "num_citations_10y": 0, "publications_years": {"1999": 1}, "citations_years": {"2004": 1, "2005": 1}, "old_citations": {"1999": 2}, "isVisible": false}, "Max Planck Society": {"name": "Max Planck Society", "type": "organization", "organization_type": "Nonprofit", "h_index": 248, "h5_index": 87, "num_publications": 1, "num_citations": 0, "num_publications_5y": 0, "num_citations_5y": 0, "num_publications_10y": 0, "num_citations_10y": 0, "publications_years": {"2003": 1}, "citations_years": {}, "old_citations": {"2003": 0}, "isVisible": false}, "Texas A&M University": {"name": "Texas A&M University", "type": "organization", "organization_type": "Education", "h_index": 161, "h5_index": 40, "num_publications": 1, "num_citations": 1, "num_publications_5y": 0, "num_citations_5y": 0, "num_publications_10y": 0, "num_citations_10y": 0, "publications_years": {"1991": 1}, "citations_years": {"1992": 1}, "old_citations": {"1991": 1}, "isVisible": false}, "University College London": {"name": "University College London", "type": "organization", "organization_type": "Education", "h_index": 203, "h5_index": 68, "num_publications": 1, "num_citations": 0, "num_publications_5y": 0, "num_citations_5y": 0, "num_publications_10y": 0, "num_citations_10y": 0, "publications_years": {"1990": 1}, "citations_years": {}, "old_citations": {"1990": 0}, "isVisible": false}, "University of California, Davis": {"name": "University of California, Davis", "type": "organization", "organization_type": "Education", "h_index": 175, "h5_index": 49, "num_publications": 1, "num_citations": 0, "num_publications_5y": 0, "num_citations_5y": 0, "num_publications_10y": 0, "num_citations_10y": 0, "publications_years": {"2000": 1}, "citations_years": {}, "old_citations": {"2000": 0}, "isVisible": false}, "University of California, Los Angeles": {"name": "University of California, Los Angeles", "type": "organization", "organization_type": "Education", "h_index": 287, "h5_index": 56, "num_publications": 1, "num_citations": 0, "num_publications_5y": 0, "num_citations_5y": 0, "num_publications_10y": 0, "num_citations_10y": 0, "publications_years": {"1991": 1}, "citations_years": {}, "old_citations": {"1991": 0}, "isVisible": false}, "Zhejiang University": {"name": "Zhejiang University", "type": "organization", "organization_type": "Education", "h_index": 131, "h5_index": 62, "num_publications": 1, "num_citations": 2, "num_publications_5y": 0, "num_citations_5y": 1, "num_publications_10y": 0, "num_citations_10y": 1, "publications_years": {"2000": 1}, "citations_years": {"2001": 1, "2002": 0, "2003": 0, "2004": 0, "2005": 0, "2006": 0, "2007": 0, "2008": 0, "2009": 0, "2010": 0, "2011": 0, "2012": 0, "2013": 0, "2014": 0, "2015": 1}, "old_citations": {"2000": 2}, "isVisible": false}}, "topics": {"computer science": {"name": "computer science", "type": "topic", "h_index": 1779, "h5_index": 416, "num_publications": 36, "num_citations": 27, "num_publications_5y": 7, "num_citations_5y": 2, "num_publications_10y": 7, "num_citations_10y": 7, "publications_years": {"2017": 7, "1991": 6, "2002": 3, "2000": 11, "1990": 5, "1993": 2, "2003": 1, "1999": 1}, "citations_years": {"2000": 3, "2004": 4, "2001": 3, "2002": 1, "2003": 0, "2005": 1, "2006": 0, "2007": 3, "2008": 1, "2009": 0, "2010": 1, "2011": 2, "2012": 0, "2013": 2, "2014": 1, "2015": 1, "2016": 0, "2017": 0, "2018": 0, "2019": 2, "1992": 1, "1991": 1}, "old_citations": {"2017": 0, "1991": 2, "2002": 3, "2000": 19, "1990": 1, "1993": 0, "2003": 0, "1999": 2}, "isVisible": false}, "computer networks": {"name": "computer networks", "type": "topic", "h_index": 1262, "h5_index": 332, "num_publications": 31, "num_citations": 25, "num_publications_5y": 6, "num_citations_5y": 2, "num_publications_10y": 6, "num_citations_10y": 7, "publications_years": {"2017": 6, "1991": 5, "2002": 2, "2000": 10, "1990": 5, "1993": 1, "2003": 1, "1999": 1}, "citations_years": {"2000": 3, "2004": 4, "2001": 3, "2002": 0, "2003": 0, "2005": 1, "2006": 0, "2007": 3, "2008": 1, "2009": 0, "2010": 1, "2011": 2, "2012": 0, "2013": 2, "2014": 1, "2015": 1, "2016": 0, "2017": 0, "2018": 0, "2019": 2, "1991": 1}, "old_citations": {"2017": 0, "1991": 1, "2002": 3, "2000": 18, "1990": 1, "1993": 0, "2003": 0, "1999": 2}, "isVisible": false}, "computer systems": {"name": "computer systems", "type": "topic", "h_index": 1595, "h5_index": 367, "num_publications": 30, "num_citations": 23, "num_publications_5y": 6, "num_citations_5y": 1, "num_publications_10y": 6, "num_citations_10y": 6, "publications_years": {"2017": 6, "1991": 5, "2002": 2, "2000": 9, "1990": 5, "1993": 1, "2003": 1, "1999": 1}, "citations_years": {"2000": 3, "2004": 4, "2001": 2, "2002": 0, "2003": 0, "2005": 1, "2006": 0, "2007": 3, "2008": 1, "2011": 2, "2009": 0, "2010": 1, "2012": 0, "2013": 2, "2014": 1, "2015": 0, "2016": 0, "2017": 0, "2018": 0, "2019": 2, "1991": 1}, "old_citations": {"2017": 0, "1991": 1, "2002": 3, "2000": 16, "1990": 1, "1993": 0, "2003": 0, "1999": 2}, "isVisible": false}, "engineering": {"name": "engineering", "type": "topic", "h_index": 1177, "h5_index": 287, "num_publications": 29, "num_citations": 23, "num_publications_5y": 4, "num_citations_5y": 2, "num_publications_10y": 4, "num_citations_10y": 7, "publications_years": {"2002": 1, "2000": 10, "2017": 4, "1991": 6, "1990": 4, "1993": 2, "2003": 1, "1999": 1}, "citations_years": {"2004": 3, "2001": 3, "2002": 0, "2003": 0, "2005": 1, "2006": 0, "2007": 2, "2008": 1, "2000": 2, "2009": 0, "2010": 1, "2011": 2, "2012": 0, "2013": 2, "2014": 1, "2015": 1, "2016": 0, "2017": 0, "2018": 0, "2019": 2, "1992": 1, "1991": 1}, "old_citations": {"2002": 1, "2000": 18, "2017": 0, "1991": 1, "1990": 1, "1993": 0, "2003": 0, "1999": 2}, "isVisible": false}, "telecommunication systems": {"name": "telecommunication systems", "type": "topic", "h_index": 1187, "h5_index": 277, "num_publications": 28, "num_citations": 22, "num_publications_5y": 5, "num_citations_5y": 1, "num_publications_10y": 5, "num_citations_10y": 6, "publications_years": {"1991": 5, "2000": 9, "2017": 5, "1990": 5, "1993": 1, "2003": 1, "1999": 1, "2002": 1}, "citations_years": {"2000": 3, "2001": 2, "2002": 0, "2003": 0, "2004": 3, "2005": 1, "2006": 0, "2007": 3, "2008": 1, "2011": 2, "2009": 0, "2010": 1, "2012": 0, "2013": 2, "2014": 1, "2015": 0, "2016": 0, "2017": 0, "2018": 0, "2019": 2, "1991": 1}, "old_citations": {"1991": 1, "2000": 16, "2017": 0, "1990": 1, "1993": 0, "2003": 0, "1999": 2, "2002": 2}, "isVisible": false}, "signal processing": {"name": "signal processing", "type": "topic", "h_index": 1012, "h5_index": 255, "num_publications": 27, "num_citations": 23, "num_publications_5y": 4, "num_citations_5y": 2, "num_publications_10y": 4, "num_citations_10y": 7, "publications_years": {"2002": 1, "2000": 10, "2017": 4, "1991": 5, "1990": 4, "2003": 1, "1999": 1, "1993": 1}, "citations_years": {"2004": 3, "2001": 3, "2002": 0, "2003": 0, "2005": 1, "2006": 0, "2007": 2, "2008": 1, "2000": 2, "2009": 0, "2010": 1, "2011": 2, "2012": 0, "2013": 2, "2014": 1, "2015": 1, "2016": 0, "2017": 0, "2018": 0, "2019": 2, "1992": 1, "1991": 1}, "old_citations": {"2002": 1, "2000": 18, "2017": 0, "1991": 1, "1990": 1, "2003": 0, "1999": 2, "1993": 0}, "isVisible": false}, "computer hardware": {"name": "computer hardware", "type": "topic", "h_index": 1150, "h5_index": 279, "num_publications": 23, "num_citations": 22, "num_publications_5y": 5, "num_citations_5y": 2, "num_publications_10y": 5, "num_citations_10y": 7, "publications_years": {"2017": 5, "2002": 2, "2000": 8, "1990": 2, "1991": 3, "1993": 2, "1999": 1}, "citations_years": {"2004": 3, "2001": 3, "2002": 0, "2003": 0, "2005": 1, "2006": 0, "2007": 2, "2008": 1, "2000": 2, "2009": 0, "2010": 1, "2011": 2, "2012": 0, "2013": 2, "2014": 1, "2015": 1, "2016": 0, "2017": 0, "2018": 0, "2019": 2, "1991": 1}, "old_citations": {"2017": 0, "2002": 1, "2000": 18, "1990": 1, "1991": 0, "1993": 0, "1999": 2}, "isVisible": false}, "communication systems": {"name": "communication systems", "type": "topic", "h_index": 1092, "h5_index": 254, "num_publications": 22, "num_citations": 20, "num_publications_5y": 3, "num_citations_5y": 1, "num_publications_10y": 3, "num_citations_10y": 6, "publications_years": {"1991": 4, "2000": 9, "2017": 3, "1990": 4, "2003": 1, "1999": 1}, "citations_years": {"2000": 3, "2001": 2, "2002": 0, "2003": 0, "2004": 2, "2005": 1, "2006": 0, "2007": 2, "2008": 1, "2011": 2, "2009": 0, "2010": 1, "2012": 0, "2013": 2, "2014": 1, "2015": 0, "2016": 0, "2017": 0, "2018": 0, "2019": 2, "1991": 1}, "old_citations": {"1991": 1, "2000": 16, "2017": 0, "1990": 1, "2003": 0, "1999": 2}, "isVisible": false}, "wireless telecommunication systems": {"name": "wireless telecommunication systems", "type": "topic", "h_index": 1087, "h5_index": 254, "num_publications": 22, "num_citations": 20, "num_publications_5y": 3, "num_citations_5y": 1, "num_publications_10y": 3, "num_citations_10y": 6, "publications_years": {"1991": 4, "2000": 9, "2017": 3, "1990": 4, "2003": 1, "1999": 1}, "citations_years": {"2000": 3, "2001": 2, "2002": 0, "2003": 0, "2004": 2, "2005": 1, "2006": 0, "2007": 2, "2008": 1, "2011": 2, "2009": 0, "2010": 1, "2012": 0, "2013": 2, "2014": 1, "2015": 0, "2016": 0, "2017": 0, "2018": 0, "2019": 2, "1991": 1}, "old_citations": {"1991": 1, "2000": 16, "2017": 0, "1990": 1, "2003": 0, "1999": 2}, "isVisible": false}, "mathematics": {"name": "mathematics", "type": "topic", "h_index": 1364, "h5_index": 300, "num_publications": 21, "num_citations": 8, "num_publications_5y": 3, "num_citations_5y": 0, "num_publications_10y": 3, "num_citations_10y": 1, "publications_years": {"2000": 7, "1991": 5, "1990": 4, "2017": 3, "2003": 1, "2002": 1}, "citations_years": {"2001": 2, "2002": 1, "2003": 0, "2004": 1, "2005": 0, "2006": 0, "2007": 0, "2008": 1, "2000": 1, "2011": 1, "1992": 1}, "old_citations": {"2000": 7, "1991": 1, "1990": 0, "2017": 0, "2003": 0, "2002": 0}, "isVisible": false}, "communication channels (information theory)": {"name": "communication channels (information theory)", "type": "topic", "h_index": 925, "h5_index": 216, "num_publications": 19, "num_citations": 11, "num_publications_5y": 3, "num_citations_5y": 0, "num_publications_10y": 3, "num_citations_10y": 1, "publications_years": {"1991": 4, "2000": 7, "2017": 3, "1990": 3, "2003": 1, "1999": 1}, "citations_years": {"2000": 3, "2001": 2, "2002": 0, "2003": 0, "2004": 2, "2005": 1, "2006": 0, "2007": 0, "2008": 1, "2011": 1, "1991": 1}, "old_citations": {"1991": 1, "2000": 7, "2017": 0, "1990": 1, "2003": 0, "1999": 2}, "isVisible": false}, "sensors": {"name": "sensors", "type": "topic", "h_index": 960, "h5_index": 229, "num_publications": 18, "num_citations": 18, "num_publications_5y": 4, "num_citations_5y": 2, "num_publications_10y": 4, "num_citations_10y": 7, "publications_years": {"2017": 4, "2002": 2, "1990": 2, "1991": 3, "1993": 2, "2000": 4, "1999": 1}, "citations_years": {"2004": 2, "2001": 2, "2002": 0, "2003": 0, "2005": 1, "2006": 0, "2007": 2, "2008": 1, "2009": 0, "2010": 1, "2011": 2, "2012": 0, "2013": 2, "2014": 1, "2015": 1, "2016": 0, "2017": 0, "2018": 0, "2019": 2, "1991": 1}, "old_citations": {"2017": 0, "2002": 1, "1990": 1, "1991": 0, "1993": 0, "2000": 14, "1999": 2}, "isVisible": false}, "signal to noise ratio": {"name": "signal to noise ratio", "type": "topic", "h_index": 821, "h5_index": 194, "num_publications": 18, "num_citations": 10, "num_publications_5y": 3, "num_citations_5y": 0, "num_publications_10y": 3, "num_citations_10y": 1, "publications_years": {"2000": 7, "2017": 3, "1991": 3, "1990": 3, "2003": 1, "1999": 1}, "citations_years": {"2001": 2, "2002": 0, "2003": 0, "2004": 2, "2005": 1, "2006": 0, "2007": 0, "2008": 1, "2000": 2, "2011": 1, "1991": 1}, "old_citations": {"2000": 7, "2017": 0, "1991": 0, "1990": 1, "2003": 0, "1999": 2}, "isVisible": false}, "telecommunication networks": {"name": "telecommunication networks", "type": "topic", "h_index": 1116, "h5_index": 258, "num_publications": 18, "num_citations": 20, "num_publications_5y": 4, "num_citations_5y": 1, "num_publications_10y": 4, "num_citations_10y": 6, "publications_years": {"1991": 4, "2017": 4, "1990": 2, "1993": 1, "2000": 6, "2002": 1}, "citations_years": {"2000": 3, "2001": 2, "2002": 0, "2003": 0, "2004": 2, "2005": 0, "2006": 0, "2007": 3, "2008": 1, "2011": 2, "2009": 0, "2010": 1, "2012": 0, "2013": 2, "2014": 1, "2015": 0, "2016": 0, "2017": 0, "2018": 0, "2019": 2, "1991": 1}, "old_citations": {"1991": 1, "2017": 0, "1990": 1, "1993": 0, "2000": 16, "2002": 2}, "isVisible": false}, "antennas": {"name": "antennas", "type": "topic", "h_index": 645, "h5_index": 152, "num_publications": 16, "num_citations": 16, "num_publications_5y": 3, "num_citations_5y": 1, "num_publications_10y": 3, "num_citations_10y": 6, "publications_years": {"2000": 8, "2017": 3, "1991": 3, "1990": 1, "2003": 1}, "citations_years": {"2001": 2, "2002": 0, "2003": 0, "2004": 1, "2005": 0, "2006": 0, "2007": 2, "2008": 1, "2000": 2, "2011": 2, "2009": 0, "2010": 1, "2012": 0, "2013": 2, "2014": 1, "2015": 0, "2016": 0, "2017": 0, "2018": 0, "2019": 2}, "old_citations": {"2000": 16, "2017": 0, "1991": 0, "1990": 0, "2003": 0}, "isVisible": false}, "bandwidth": {"name": "bandwidth", "type": "topic", "h_index": 922, "h5_index": 201, "num_publications": 14, "num_citations": 16, "num_publications_5y": 2, "num_citations_5y": 1, "num_publications_10y": 2, "num_citations_10y": 6, "publications_years": {"2000": 6, "2017": 2, "1991": 2, "1990": 4}, "citations_years": {"2001": 2, "2002": 0, "2003": 0, "2004": 1, "2005": 0, "2006": 0, "2007": 2, "2008": 1, "2000": 1, "2011": 2, "2009": 0, "2010": 1, "2012": 0, "2013": 2, "2014": 1, "2015": 0, "2016": 0, "2017": 0, "2018": 0, "2019": 2, "1991": 1}, "old_citations": {"2000": 15, "2017": 0, "1991": 0, "1990": 1}, "isVisible": false}, "computer imaging and vision": {"name": "computer imaging and vision", "type": "topic", "h_index": 1142, "h5_index": 334, "num_publications": 14, "num_citations": 9, "num_publications_5y": 4, "num_citations_5y": 1, "num_publications_10y": 4, "num_citations_10y": 2, "publications_years": {"1991": 4, "2017": 4, "2000": 4, "1993": 1, "1990": 1}, "citations_years": {"2000": 2, "2001": 2, "2002": 0, "2003": 0, "2004": 1, "2005": 0, "2006": 0, "2007": 0, "2008": 0, "2009": 0, "2010": 0, "2011": 1, "2012": 0, "2013": 0, "2014": 0, "2015": 1, "1992": 1, "1991": 1}, "old_citations": {"1991": 2, "2017": 0, "2000": 6, "1993": 0, "1990": 1}, "isVisible": false}, "image processing": {"name": "image processing", "type": "topic", "h_index": 1113, "h5_index": 328, "num_publications": 14, "num_citations": 9, "num_publications_5y": 4, "num_citations_5y": 1, "num_publications_10y": 4, "num_citations_10y": 2, "publications_years": {"1991": 4, "2017": 4, "2000": 4, "1993": 1, "1990": 1}, "citations_years": {"2000": 2, "2001": 2, "2002": 0, "2003": 0, "2004": 1, "2005": 0, "2006": 0, "2007": 0, "2008": 0, "2009": 0, "2010": 0, "2011": 1, "2012": 0, "2013": 0, "2014": 0, "2015": 1, "1992": 1, "1991": 1}, "old_citations": {"1991": 2, "2017": 0, "2000": 6, "1993": 0, "1990": 1}, "isVisible": false}, "image analysis": {"name": "image analysis", "type": "topic", "h_index": 988, "h5_index": 315, "num_publications": 12, "num_citations": 8, "num_publications_5y": 3, "num_citations_5y": 1, "num_publications_10y": 3, "num_citations_10y": 1, "publications_years": {"1991": 4, "2017": 3, "2000": 3, "1993": 1, "1990": 1}, "citations_years": {"2000": 2, "2001": 2, "2002": 0, "2003": 0, "2004": 1, "2005": 0, "2006": 0, "2007": 0, "2008": 0, "2009": 0, "2010": 0, "2011": 0, "2012": 0, "2013": 0, "2014": 0, "2015": 1, "1992": 1, "1991": 1}, "old_citations": {"1991": 2, "2017": 0, "2000": 5, "1993": 0, "1990": 1}, "isVisible": false}, "matrix algebra": {"name": "matrix algebra", "type": "topic", "h_index": 771, "h5_index": 183, "num_publications": 12, "num_citations": 5, "num_publications_5y": 2, "num_citations_5y": 0, "num_publications_10y": 2, "num_citations_10y": 0, "publications_years": {"1991": 3, "2000": 4, "1990": 1, "2017": 2, "2003": 1, "2002": 1}, "citations_years": {"2001": 2, "2002": 0, "2003": 0, "2004": 1, "2005": 0, "2006": 0, "2007": 0, "2008": 1, "2000": 1}, "old_citations": {"1991": 0, "2000": 5, "1990": 0, "2017": 0, "2003": 0, "2002": 0}, "isVisible": false}, "computer aided design": {"name": "computer aided design", "type": "topic", "h_index": 485, "h5_index": 107, "num_publications": 7, "num_citations": 12, "num_publications_5y": 0, "num_citations_5y": 1, "num_publications_10y": 0, "num_citations_10y": 6, "publications_years": {"2000": 5, "1990": 1, "1993": 1}, "citations_years": {"2000": 1, "2011": 2, "2007": 2, "2008": 0, "2009": 0, "2010": 1, "2012": 0, "2013": 2, "2014": 1, "2015": 0, "2016": 0, "2017": 0, "2018": 0, "2019": 2, "2002": 1}, "old_citations": {"2000": 12, "1990": 0, "1993": 0}, "isVisible": false}, "electric network analysis": {"name": "electric network analysis", "type": "topic", "h_index": 264, "h5_index": 61, "num_publications": 6, "num_citations": 12, "num_publications_5y": 1, "num_citations_5y": 1, "num_publications_10y": 1, "num_citations_10y": 5, "publications_years": {"1993": 1, "2017": 1, "2000": 3, "2002": 1}, "citations_years": {"2000": 1, "2007": 3, "2008": 0, "2009": 0, "2010": 1, "2011": 1, "2012": 0, "2013": 2, "2014": 1, "2015": 0, "2016": 0, "2017": 0, "2018": 0, "2019": 2, "2004": 1, "2005": 0, "2006": 0}, "old_citations": {"1993": 0, "2017": 0, "2000": 10, "2002": 2}, "isVisible": false}, "electric network topology": {"name": "electric network topology", "type": "topic", "h_index": 307, "h5_index": 70, "num_publications": 6, "num_citations": 12, "num_publications_5y": 1, "num_citations_5y": 1, "num_publications_10y": 1, "num_citations_10y": 5, "publications_years": {"1993": 1, "2017": 1, "2000": 3, "2002": 1}, "citations_years": {"2000": 1, "2007": 3, "2008": 0, "2009": 0, "2010": 1, "2011": 1, "2012": 0, "2013": 2, "2014": 1, "2015": 0, "2016": 0, "2017": 0, "2018": 0, "2019": 2, "2004": 1, "2005": 0, "2006": 0}, "old_citations": {"1993": 0, "2017": 0, "2000": 10, "2002": 2}, "isVisible": false}, "microwaves": {"name": "microwaves", "type": "topic", "h_index": 198, "h5_index": 60, "num_publications": 7, "num_citations": 12, "num_publications_5y": 1, "num_citations_5y": 1, "num_publications_10y": 1, "num_citations_10y": 5, "publications_years": {"2000": 3, "1991": 2, "2017": 1, "1999": 1}, "citations_years": {"2007": 2, "2008": 0, "2009": 0, "2010": 1, "2011": 1, "2012": 0, "2013": 2, "2014": 1, "2015": 0, "2016": 0, "2017": 0, "2018": 0, "2019": 2, "2004": 1, "2005": 1, "1992": 1}, "old_citations": {"2000": 9, "1991": 1, "2017": 0, "1999": 2}, "isVisible": false}, "network topology": {"name": "network topology", "type": "topic", "h_index": 375, "h5_index": 79, "num_publications": 6, "num_citations": 12, "num_publications_5y": 1, "num_citations_5y": 1, "num_publications_10y": 1, "num_citations_10y": 5, "publications_years": {"1993": 1, "2017": 1, "2000": 3, "2002": 1}, "citations_years": {"2000": 1, "2007": 3, "2008": 0, "2009": 0, "2010": 1, "2011": 1, "2012": 0, "2013": 2, "2014": 1, "2015": 0, "2016": 0, "2017": 0, "2018": 0, "2019": 2, "2004": 1, "2005": 0, "2006": 0}, "old_citations": {"1993": 0, "2017": 0, "2000": 10, "2002": 2}, "isVisible": false}, "field programmable gate arrays (fpga)": {"name": "field programmable gate arrays (fpga)", "type": "topic", "h_index": 594, "h5_index": 149, "num_publications": 2, "num_citations": 10, "num_publications_5y": 0, "num_citations_5y": 1, "num_publications_10y": 0, "num_citations_10y": 5, "publications_years": {"2000": 2}, "citations_years": {"2000": 1, "2007": 2, "2008": 0, "2009": 0, "2010": 1, "2011": 1, "2012": 0, "2013": 2, "2014": 1, "2015": 0, "2016": 0, "2017": 0, "2018": 0, "2019": 2}, "old_citations": {"2000": 10}, "isVisible": false}, "computer security": {"name": "computer security", "type": "topic", "h_index": 977, "h5_index": 220, "num_publications": 7, "num_citations": 2, "num_publications_5y": 4, "num_citations_5y": 0, "num_publications_10y": 4, "num_citations_10y": 0, "publications_years": {"2017": 4, "2002": 1, "2000": 1, "1990": 1}, "citations_years": {"2004": 1, "1991": 1}, "old_citations": {"2017": 0, "2002": 1, "2000": 0, "1990": 1}, "isVisible": false}, "cryptography": {"name": "cryptography", "type": "topic", "h_index": 761, "h5_index": 179, "num_publications": 6, "num_citations": 2, "num_publications_5y": 4, "num_citations_5y": 0, "num_publications_10y": 4, "num_citations_10y": 0, "publications_years": {"2017": 4, "2002": 1, "1990": 1}, "citations_years": {"2004": 1, "1991": 1}, "old_citations": {"2017": 0, "2002": 1, "1990": 1}, "isVisible": false}, "cryptology": {"name": "cryptology", "type": "topic", "h_index": 761, "h5_index": 179, "num_publications": 6, "num_citations": 2, "num_publications_5y": 4, "num_citations_5y": 0, "num_publications_10y": 4, "num_citations_10y": 0, "publications_years": {"2017": 4, "2002": 1, "1990": 1}, "citations_years": {"2004": 1, "1991": 1}, "old_citations": {"2017": 0, "2002": 1, "1990": 1}, "isVisible": false}, "artificial intelligence": {"name": "artificial intelligence", "type": "topic", "h_index": 1421, "h5_index": 373, "num_publications": 10, "num_citations": 6, "num_publications_5y": 3, "num_citations_5y": 1, "num_publications_10y": 3, "num_citations_10y": 1, "publications_years": {"2017": 3, "2002": 3, "1991": 2, "2000": 2}, "citations_years": {"2004": 2, "2001": 1, "2002": 1, "2003": 0, "2005": 0, "2006": 0, "2007": 1, "2008": 0, "2009": 0, "2010": 0, "2011": 0, "2012": 0, "2013": 0, "2014": 0, "2015": 1}, "old_citations": {"2017": 0, "2002": 3, "1991": 0, "2000": 3}, "isVisible": false}, "acoustic arrays": {"name": "acoustic arrays", "type": "topic", "h_index": 55, "h5_index": 17, "num_publications": 1, "num_citations": 0, "num_publications_5y": 1, "num_citations_5y": 0, "num_publications_10y": 1, "num_citations_10y": 0, "publications_years": {"2017": 1}, "citations_years": {}, "old_citations": {"2017": 0}, "isVisible": false}, "acoustic noise": {"name": "acoustic noise", "type": "topic", "h_index": 214, "h5_index": 51, "num_publications": 3, "num_citations": 2, "num_publications_5y": 1, "num_citations_5y": 0, "num_publications_10y": 1, "num_citations_10y": 0, "publications_years": {"2017": 1, "2000": 1, "1999": 1}, "citations_years": {"2004": 1, "2005": 1}, "old_citations": {"2017": 0, "2000": 0, "1999": 2}, "isVisible": false}, "antenna accessories": {"name": "antenna accessories", "type": "topic", "h_index": 199, "h5_index": 54, "num_publications": 3, "num_citations": 0, "num_publications_5y": 1, "num_citations_5y": 0, "num_publications_10y": 1, "num_citations_10y": 0, "publications_years": {"1990": 1, "2017": 1, "2003": 1}, "citations_years": {}, "old_citations": {"1990": 0, "2017": 0, "2003": 0}, "isVisible": false}, "antenna arrays": {"name": "antenna arrays", "type": "topic", "h_index": 373, "h5_index": 89, "num_publications": 9, "num_citations": 2, "num_publications_5y": 2, "num_citations_5y": 0, "num_publications_10y": 2, "num_citations_10y": 0, "publications_years": {"1991": 3, "1990": 1, "2000": 2, "2017": 2, "2003": 1}, "citations_years": {"2001": 1, "2002": 0, "2003": 0, "2004": 0, "2005": 0, "2006": 0, "2007": 0, "2008": 1}, "old_citations": {"1991": 0, "1990": 0, "2000": 2, "2017": 0, "2003": 0}, "isVisible": false}, "antenna design": {"name": "antenna design", "type": "topic", "h_index": 49, "h5_index": 16, "num_publications": 1, "num_citations": 0, "num_publications_5y": 1, "num_citations_5y": 0, "num_publications_10y": 1, "num_citations_10y": 0, "publications_years": {"2017": 1}, "citations_years": {}, "old_citations": {"2017": 0}, "isVisible": false}, "antenna element": {"name": "antenna element", "type": "topic", "h_index": 162, "h5_index": 46, "num_publications": 3, "num_citations": 0, "num_publications_5y": 1, "num_citations_5y": 0, "num_publications_10y": 1, "num_citations_10y": 0, "publications_years": {"1990": 1, "2017": 1, "2003": 1}, "citations_years": {}, "old_citations": {"1990": 0, "2017": 0, "2003": 0}, "isVisible": false}, "antenna gains": {"name": "antenna gains", "type": "topic", "h_index": 39, "h5_index": 15, "num_publications": 1, "num_citations": 0, "num_publications_5y": 1, "num_citations_5y": 0, "num_publications_10y": 1, "num_citations_10y": 0, "publications_years": {"2017": 1}, "citations_years": {}, "old_citations": {"2017": 0}, "isVisible": false}, "antenna phased arrays": {"name": "antenna phased arrays", "type": "topic", "h_index": 100, "h5_index": 22, "num_publications": 3, "num_citations": 0, "num_publications_5y": 2, "num_citations_5y": 0, "num_publications_10y": 2, "num_citations_10y": 0, "publications_years": {"1991": 1, "2017": 2}, "citations_years": {}, "old_citations": {"1991": 0, "2017": 0}, "isVisible": false}, "antenna systems": {"name": "antenna systems", "type": "topic", "h_index": 143, "h5_index": 35, "num_publications": 2, "num_citations": 0, "num_publications_5y": 1, "num_citations_5y": 0, "num_publications_10y": 1, "num_citations_10y": 0, "publications_years": {"2017": 1, "2003": 1}, "citations_years": {}, "old_citations": {"2017": 0, "2003": 0}, "isVisible": false}, "architecture designs": {"name": "architecture designs", "type": "topic", "h_index": 483, "h5_index": 145, "num_publications": 5, "num_citations": 3, "num_publications_5y": 2, "num_citations_5y": 0, "num_publications_10y": 2, "num_citations_10y": 0, "publications_years": {"2017": 2, "2002": 2, "1991": 1}, "citations_years": {"2004": 2, "2005": 0, "2006": 0, "2007": 1}, "old_citations": {"2017": 0, "2002": 3, "1991": 0}, "isVisible": false}, "array antennas": {"name": "array antennas", "type": "topic", "h_index": 104, "h5_index": 30, "num_publications": 2, "num_citations": 0, "num_publications_5y": 1, "num_citations_5y": 0, "num_publications_10y": 1, "num_citations_10y": 0, "publications_years": {"2017": 1, "2003": 1}, "citations_years": {}, "old_citations": {"2017": 0, "2003": 0}, "isVisible": false}, "background subtraction": {"name": "background subtraction", "type": "topic", "h_index": 191, "h5_index": 54, "num_publications": 1, "num_citations": 0, "num_publications_5y": 1, "num_citations_5y": 0, "num_publications_10y": 1, "num_citations_10y": 0, "publications_years": {"2017": 1}, "citations_years": {}, "old_citations": {"2017": 0}, "isVisible": false}, "bit error rate": {"name": "bit error rate", "type": "topic", "h_index": 619, "h5_index": 143, "num_publications": 5, "num_citations": 1, "num_publications_5y": 1, "num_citations_5y": 0, "num_publications_10y": 1, "num_citations_10y": 1, "publications_years": {"1991": 1, "1990": 2, "2017": 1, "2000": 1}, "citations_years": {"2011": 1}, "old_citations": {"1991": 0, "1990": 0, "2017": 0, "2000": 1}, "isVisible": false}, "broadband": {"name": "broadband", "type": "topic", "h_index": 197, "h5_index": 43, "num_publications": 1, "num_citations": 0, "num_publications_5y": 1, "num_citations_5y": 0, "num_publications_10y": 1, "num_citations_10y": 0, "publications_years": {"2017": 1}, "citations_years": {}, "old_citations": {"2017": 0}, "isVisible": false}, "broadband networks": {"name": "broadband networks", "type": "topic", "h_index": 398, "h5_index": 97, "num_publications": 4, "num_citations": 1, "num_publications_5y": 1, "num_citations_5y": 0, "num_publications_10y": 1, "num_citations_10y": 1, "publications_years": {"2017": 1, "1991": 2, "2000": 1}, "citations_years": {"2011": 1}, "old_citations": {"2017": 0, "1991": 0, "2000": 1}, "isVisible": false}, "channel capacity": {"name": "channel capacity", "type": "topic", "h_index": 464, "h5_index": 115, "num_publications": 2, "num_citations": 0, "num_publications_5y": 1, "num_citations_5y": 0, "num_publications_10y": 1, "num_citations_10y": 0, "publications_years": {"1990": 1, "2017": 1}, "citations_years": {}, "old_citations": {"1990": 0, "2017": 0}, "isVisible": false}, "communication": {"name": "communication", "type": "topic", "h_index": 886, "h5_index": 209, "num_publications": 3, "num_citations": 1, "num_publications_5y": 1, "num_citations_5y": 0, "num_publications_10y": 1, "num_citations_10y": 0, "publications_years": {"1991": 1, "1990": 1, "2017": 1}, "citations_years": {"2000": 1}, "old_citations": {"1991": 1, "1990": 0, "2017": 0}, "isVisible": false}}, "authors": {"71357766": {"name": "feng zhenghe", "type": "author", "activity": 24, "h_index": 4, "h5_index": 1, "mag_id": "71357766", "num_publications": 2, "num_citations": 5, "num_publications_5y": 0, "num_citations_5y": 0, "num_publications_10y": 0, "num_citations_10y": 0, "publications_years": {"2000": 2}, "citations_years": {"2001": 2, "2002": 0, "2003": 0, "2004": 1, "2005": 0, "2006": 0, "2007": 0, "2008": 1, "2000": 1}, "old_citations": {"2000": 5}, "isVisible": false}, "1900218122": {"name": "chen yaqin", "type": "author", "activity": 2, "h_index": 2, "h5_index": 0, "mag_id": "1900218122", "num_publications": 2, "num_citations": 5, "num_publications_5y": 0, "num_citations_5y": 0, "num_publications_10y": 0, "num_citations_10y": 0, "publications_years": {"2000": 2}, "citations_years": {"2001": 2, "2002": 0, "2003": 0, "2004": 1, "2005": 0, "2006": 0, "2007": 0, "2008": 1, "2000": 1}, "old_citations": {"2000": 5}, "isVisible": false}, "2138159193": {"name": "shanjia xu", "type": "author", "activity": 3, "h_index": 0, "h5_index": 0, "mag_id": "2138159193", "num_publications": 2, "num_citations": 0, "num_publications_5y": 0, "num_citations_5y": 0, "num_publications_10y": 0, "num_citations_10y": 0, "publications_years": {"1991": 1, "1993": 1}, "citations_years": {}, "old_citations": {"1991": 0, "1993": 0}, "isVisible": false}, "2223356354": {"name": "liang liwan", "type": "author", "activity": 1, "h_index": 2, "h5_index": 0, "mag_id": "2223356354", "num_publications": 2, "num_citations": 5, "num_publications_5y": 0, "num_citations_5y": 0, "num_publications_10y": 0, "num_citations_10y": 0, "publications_years": {"2000": 2}, "citations_years": {"2001": 2, "2002": 0, "2003": 0, "2004": 1, "2005": 0, "2006": 0, "2007": 0, "2008": 1, "2000": 1}, "old_citations": {"2000": 5}, "isVisible": false}, "2226754669": {"name": "pan weifeng", "type": "author", "activity": 1, "h_index": 2, "h5_index": 0, "mag_id": "2226754669", "num_publications": 2, "num_citations": 5, "num_publications_5y": 0, "num_citations_5y": 0, "num_publications_10y": 0, "num_citations_10y": 0, "publications_years": {"2000": 2}, "citations_years": {"2001": 2, "2002": 0, "2003": 0, "2004": 1, "2005": 0, "2006": 0, "2007": 0, "2008": 1, "2000": 1}, "old_citations": {"2000": 5}, "isVisible": false}, "2617378642": {"name": "li yang", "type": "author", "activity": 2, "h_index": 2, "h5_index": 0, "mag_id": "2617378642", "num_publications": 2, "num_citations": 5, "num_publications_5y": 0, "num_citations_5y": 0, "num_publications_10y": 0, "num_citations_10y": 0, "publications_years": {"2000": 2}, "citations_years": {"2001": 2, "2002": 0, "2003": 0, "2004": 1, "2005": 0, "2006": 0, "2007": 0, "2008": 1, "2000": 1}, "old_citations": {"2000": 5}, "isVisible": false}, "2774241331": {"name": "nick fourikis", "type": "author", "activity": 1, "h_index": 1, "h5_index": 0, "mag_id": "2774241331", "num_publications": 2, "num_citations": 1, "num_publications_5y": 0, "num_citations_5y": 0, "num_publications_10y": 0, "num_citations_10y": 0, "publications_years": {"1991": 2}, "citations_years": {"2000": 1}, "old_citations": {"1991": 1}, "isVisible": false}, "226853073": {"name": "g s nusinovich", "type": "author", "activity": 1, "h_index": 1, "h5_index": 0, "mag_id": "226853073", "num_publications": 1, "num_citations": 1, "num_publications_5y": 0, "num_citations_5y": 0, "num_publications_10y": 0, "num_citations_10y": 0, "publications_years": {"2002": 1}, "citations_years": {"2004": 1}, "old_citations": {"2002": 1}, "isVisible": false}, "1967898396": {"name": "h kumric", "type": "author", "activity": 1, "h_index": 0, "h5_index": 0, "mag_id": "1967898396", "num_publications": 1, "num_citations": 0, "num_publications_5y": 0, "num_citations_5y": 0, "num_publications_10y": 0, "num_citations_10y": 0, "publications_years": {"2003": 1}, "citations_years": {}, "old_citations": {"2003": 0}, "isVisible": false}, "1980986305": {"name": "o klaas", "type": "author", "activity": 9, "h_index": 4, "h5_index": 0, "mag_id": "1980986305", "num_publications": 1, "num_citations": 0, "num_publications_5y": 0, "num_citations_5y": 0, "num_publications_10y": 0, "num_citations_10y": 0, "publications_years": {"2002": 1}, "citations_years": {}, "old_citations": {"2002": 0}, "isVisible": false}, "2000588347": {"name": "k felch", "type": "author", "activity": 16, "h_index": 1, "h5_index": 0, "mag_id": "2000588347", "num_publications": 1, "num_citations": 1, "num_publications_5y": 0, "num_citations_5y": 0, "num_publications_10y": 0, "num_citations_10y": 0, "publications_years": {"2002": 1}, "citations_years": {"2004": 1}, "old_citations": {"2002": 1}, "isVisible": false}, "2031400378": {"name": "k schworer", "type": "author", "activity": 1, "h_index": 0, "h5_index": 0, "mag_id": "2031400378", "num_publications": 1, "num_citations": 0, "num_publications_5y": 0, "num_citations_5y": 0, "num_publications_10y": 0, "num_citations_10y": 0, "publications_years": {"2003": 1}, "citations_years": {}, "old_citations": {"2003": 0}, "isVisible": false}, "2058237403": {"name": "jeanfrancois remacle", "type": "author", "activity": 24, "h_index": 13, "h5_index": 3, "mag_id": "2058237403", "num_publications": 1, "num_citations": 0, "num_publications_5y": 0, "num_citations_5y": 0, "num_publications_10y": 0, "num_citations_10y": 0, "publications_years": {"2002": 1}, "citations_years": {}, "old_citations": {"2002": 0}, "isVisible": false}, "2081286601": {"name": "b plaum", "type": "author", "activity": 16, "h_index": 0, "h5_index": 0, "mag_id": "2081286601", "num_publications": 1, "num_citations": 0, "num_publications_5y": 0, "num_citations_5y": 0, "num_publications_10y": 0, "num_citations_10y": 0, "publications_years": {"2003": 1}, "citations_years": {}, "old_citations": {"2003": 0}, "isVisible": false}, "2099040145": {"name": "c liang", "type": "author", "activity": 1, "h_index": 0, "h5_index": 0, "mag_id": "2099040145", "num_publications": 1, "num_citations": 0, "num_publications_5y": 0, "num_citations_5y": 0, "num_publications_10y": 0, "num_citations_10y": 0, "publications_years": {"2000": 1}, "citations_years": {}, "old_citations": {"2000": 0}, "isVisible": false}, "2120444511": {"name": "m yeddulla", "type": "author", "activity": 1, "h_index": 1, "h5_index": 0, "mag_id": "2120444511", "num_publications": 1, "num_citations": 1, "num_publications_5y": 0, "num_citations_5y": 0, "num_publications_10y": 0, "num_citations_10y": 0, "publications_years": {"2002": 1}, "citations_years": {"2004": 1}, "old_citations": {"2002": 1}, "isVisible": false}, "2123692201": {"name": "t itoh", "type": "author", "activity": 30, "h_index": 8, "h5_index": 1, "mag_id": "2123692201", "num_publications": 1, "num_citations": 0, "num_publications_5y": 0, "num_citations_5y": 0, "num_publications_10y": 0, "num_citations_10y": 0, "publications_years": {"1991": 1}, "citations_years": {}, "old_citations": {"1991": 0}, "isVisible": false}, "2125058721": {"name": "g g denisov", "type": "author", "activity": 10, "h_index": 1, "h5_index": 0, "mag_id": "2125058721", "num_publications": 1, "num_citations": 0, "num_publications_5y": 0, "num_citations_5y": 0, "num_publications_10y": 0, "num_citations_10y": 0, "publications_years": {"2003": 1}, "citations_years": {}, "old_citations": {"2003": 0}, "isVisible": false}, "2128386737": {"name": "mark s shephard", "type": "author", "activity": 28, "h_index": 24, "h5_index": 3, "mag_id": "2128386737", "num_publications": 1, "num_citations": 0, "num_publications_5y": 0, "num_citations_5y": 0, "num_publications_10y": 0, "num_citations_10y": 0, "publications_years": {"2002": 1}, "citations_years": {}, "old_citations": {"2002": 0}, "isVisible": false}, "2130089642": {"name": "thuc bui", "type": "author", "activity": 11, "h_index": 1, "h5_index": 0, "mag_id": "2130089642", "num_publications": 1, "num_citations": 0, "num_publications_5y": 0, "num_citations_5y": 0, "num_publications_10y": 0, "num_citations_10y": 0, "publications_years": {"2002": 1}, "citations_years": {}, "old_citations": {"2002": 0}, "isVisible": false}, "2143859296": {"name": "w kasparek", "type": "author", "activity": 16, "h_index": 1, "h5_index": 0, "mag_id": "2143859296", "num_publications": 1, "num_citations": 0, "num_publications_5y": 0, "num_citations_5y": 0, "num_publications_10y": 0, "num_citations_10y": 0, "publications_years": {"2003": 1}, "citations_years": {}, "old_citations": {"2003": 0}, "isVisible": false}, "2177647984": {"name": "w vogler", "type": "author", "activity": 2, "h_index": 1, "h5_index": 0, "mag_id": "2177647984", "num_publications": 1, "num_citations": 0, "num_publications_5y": 0, "num_citations_5y": 0, "num_publications_10y": 0, "num_citations_10y": 0, "publications_years": {"2002": 1}, "citations_years": {}, "old_citations": {"2002": 0}, "isVisible": false}, "2199077324": {"name": "l ives", "type": "author", "activity": 11, "h_index": 1, "h5_index": 0, "mag_id": "2199077324", "num_publications": 1, "num_citations": 0, "num_publications_5y": 0, "num_citations_5y": 0, "num_publications_10y": 0, "num_citations_10y": 0, "publications_years": {"2002": 1}, "citations_years": {}, "old_citations": {"2002": 0}, "isVisible": false}, "2224806142": {"name": "v l christie", "type": "author", "activity": 1, "h_index": 1, "h5_index": 0, "mag_id": "2224806142", "num_publications": 1, "num_citations": 2, "num_publications_5y": 0, "num_citations_5y": 0, "num_publications_10y": 0, "num_citations_10y": 0, "publications_years": {"2002": 1}, "citations_years": {"2004": 1, "2005": 0, "2006": 0, "2007": 1}, "old_citations": {"2002": 2}, "isVisible": false}, "2226013369": {"name": "c w domiers", "type": "author", "activity": 1, "h_index": 0, "h5_index": 0, "mag_id": "2226013369", "num_publications": 1, "num_citations": 0, "num_publications_5y": 0, "num_citations_5y": 0, "num_publications_10y": 0, "num_citations_10y": 0, "publications_years": {"2000": 1}, "citations_years": {}, "old_citations": {"2000": 0}, "isVisible": false}, "2303314849": {"name": "cam nguyen", "type": "author", "activity": 27, "h_index": 3, "h5_index": 1, "mag_id": "2303314849", "num_publications": 1, "num_citations": 1, "num_publications_5y": 0, "num_citations_5y": 0, "num_publications_10y": 0, "num_citations_10y": 0, "publications_years": {"1991": 1}, "citations_years": {"1992": 1}, "old_citations": {"1991": 1}, "isVisible": false}, "2305535701": {"name": "t m antonsen", "type": "author", "activity": 19, "h_index": 3, "h5_index": 1, "mag_id": "2305535701", "num_publications": 1, "num_citations": 1, "num_publications_5y": 0, "num_citations_5y": 0, "num_publications_10y": 0, "num_citations_10y": 0, "publications_years": {"2002": 1}, "citations_years": {"2004": 1}, "old_citations": {"2002": 1}, "isVisible": false}, "2328114844": {"name": "k ohkubo", "type": "author", "activity": 1, "h_index": 0, "h5_index": 0, "mag_id": "2328114844", "num_publications": 1, "num_citations": 0, "num_publications_5y": 0, "num_citations_5y": 0, "num_publications_10y": 0, "num_citations_10y": 0, "publications_years": {"2003": 1}, "citations_years": {}, "old_citations": {"2003": 0}, "isVisible": false}, "2343810642": {"name": "d wagner", "type": "author", "activity": 17, "h_index": 1, "h5_index": 0, "mag_id": "2343810642", "num_publications": 1, "num_citations": 0, "num_publications_5y": 0, "num_citations_5y": 0, "num_publications_10y": 0, "num_citations_10y": 0, "publications_years": {"2003": 1}, "citations_years": {}, "old_citations": {"2003": 0}, "isVisible": false}, "2488177034": {"name": "shao jianguang", "type": "author", "activity": 1, "h_index": 0, "h5_index": 0, "mag_id": "2488177034", "num_publications": 1, "num_citations": 0, "num_publications_5y": 0, "num_citations_5y": 0, "num_publications_10y": 0, "num_citations_10y": 0, "publications_years": {"2000": 1}, "citations_years": {}, "old_citations": {"2000": 0}, "isVisible": false}, "2499072195": {"name": "shu rong", "type": "author", "activity": 19, "h_index": 4, "h5_index": 2, "mag_id": "2499072195", "num_publications": 1, "num_citations": 1, "num_publications_5y": 0, "num_citations_5y": 0, "num_publications_10y": 0, "num_citations_10y": 1, "publications_years": {"2000": 1}, "citations_years": {"2011": 1}, "old_citations": {"2000": 1}, "isVisible": false}, "2531266442": {"name": "n balakrishnan", "type": "author", "activity": 29, "h_index": 13, "h5_index": 1, "mag_id": "2531266442", "num_publications": 1, "num_citations": 2, "num_publications_5y": 0, "num_citations_5y": 0, "num_publications_10y": 0, "num_citations_10y": 0, "publications_years": {"2002": 1}, "citations_years": {"2004": 1, "2005": 0, "2006": 0, "2007": 1}, "old_citations": {"2002": 2}, "isVisible": false}, "2574440460": {"name": "a singh", "type": "author", "activity": 1, "h_index": 1, "h5_index": 0, "mag_id": "2574440460", "num_publications": 1, "num_citations": 1, "num_publications_5y": 0, "num_citations_5y": 0, "num_publications_10y": 0, "num_citations_10y": 0, "publications_years": {"2000": 1}, "citations_years": {"2002": 1}, "old_citations": {"2000": 1}, "isVisible": false}, "2575177259": {"name": "g c burnett", "type": "author", "activity": 1, "h_index": 1, "h5_index": 0, "mag_id": "2575177259", "num_publications": 1, "num_citations": 2, "num_publications_5y": 0, "num_citations_5y": 0, "num_publications_10y": 0, "num_citations_10y": 0, "publications_years": {"1999": 1}, "citations_years": {"2004": 1, "2005": 1}, "old_citations": {"1999": 2}, "isVisible": false}, "2575620840": {"name": "c robey", "type": "author", "activity": 1, "h_index": 1, "h5_index": 0, "mag_id": "2575620840", "num_publications": 1, "num_citations": 1, "num_publications_5y": 0, "num_citations_5y": 0, "num_publications_10y": 0, "num_citations_10y": 0, "publications_years": {"2000": 1}, "citations_years": {"2002": 1}, "old_citations": {"2000": 1}, "isVisible": false}, "2576972485": {"name": "k schunemann", "type": "author", "activity": 1, "h_index": 1, "h5_index": 0, "mag_id": "2576972485", "num_publications": 1, "num_citations": 1, "num_publications_5y": 0, "num_citations_5y": 0, "num_publications_10y": 0, "num_citations_10y": 0, "publications_years": {"2000": 1}, "citations_years": {"2000": 1}, "old_citations": {"2000": 1}, "isVisible": false}, "2578074687": {"name": "t barnes", "type": "author", "activity": 1, "h_index": 1, "h5_index": 0, "mag_id": "2578074687", "num_publications": 1, "num_citations": 2, "num_publications_5y": 0, "num_citations_5y": 0, "num_publications_10y": 0, "num_citations_10y": 0, "publications_years": {"1999": 1}, "citations_years": {"2004": 1, "2005": 1}, "old_citations": {"1999": 2}, "isVisible": false}, "2579604196": {"name": "j f holzrichter", "type": "author", "activity": 1, "h_index": 1, "h5_index": 0, "mag_id": "2579604196", "num_publications": 1, "num_citations": 2, "num_publications_5y": 0, "num_citations_5y": 0, "num_publications_10y": 0, "num_citations_10y": 0, "publications_years": {"1999": 1}, "citations_years": {"2004": 1, "2005": 1}, "old_citations": {"1999": 2}, "isVisible": false}, "2588035128": {"name": "j goldstein", "type": "author", "activity": 1, "h_index": 1, "h5_index": 0, "mag_id": "2588035128", "num_publications": 1, "num_citations": 1, "num_publications_5y": 0, "num_citations_5y": 0, "num_publications_10y": 0, "num_citations_10y": 0, "publications_years": {"2000": 1}, "citations_years": {"2002": 1}, "old_citations": {"2000": 1}, "isVisible": false}, "2589675858": {"name": "lalit kumar", "type": "author", "activity": 11, "h_index": 2, "h5_index": 0, "mag_id": "2589675858", "num_publications": 1, "num_citations": 2, "num_publications_5y": 0, "num_citations_5y": 0, "num_publications_10y": 0, "num_citations_10y": 0, "publications_years": {"2002": 1}, "citations_years": {"2004": 1, "2005": 0, "2006": 0, "2007": 1}, "old_citations": {"2002": 2}, "isVisible": false}, "2614963881": {"name": "w k zhang", "type": "author", "activity": 1, "h_index": 0, "h5_index": 0, "mag_id": "2614963881", "num_publications": 1, "num_citations": 0, "num_publications_5y": 0, "num_citations_5y": 0, "num_publications_10y": 0, "num_citations_10y": 0, "publications_years": {"2000": 1}, "citations_years": {}, "old_citations": {"2000": 0}, "isVisible": false}, "2629476143": {"name": "g gantenbein", "type": "author", "activity": 11, "h_index": 1, "h5_index": 0, "mag_id": "2629476143", "num_publications": 1, "num_citations": 0, "num_publications_5y": 0, "num_citations_5y": 0, "num_publications_10y": 0, "num_citations_10y": 0, "publications_years": {"2003": 1}, "citations_years": {}, "old_citations": {"2003": 0}, "isVisible": false}, "2630206726": {"name": "jin long", "type": "author", "activity": 1, "h_index": 0, "h5_index": 0, "mag_id": "2630206726", "num_publications": 1, "num_citations": 0, "num_publications_5y": 0, "num_citations_5y": 0, "num_publications_10y": 0, "num_citations_10y": 0, "publications_years": {"2000": 1}, "citations_years": {}, "old_citations": {"2000": 0}, "isVisible": false}, "2639283534": {"name": "hu yihua", "type": "author", "activity": 1, "h_index": 1, "h5_index": 0, "mag_id": "2639283534", "num_publications": 1, "num_citations": 1, "num_publications_5y": 0, "num_citations_5y": 0, "num_publications_10y": 0, "num_citations_10y": 1, "publications_years": {"2000": 1}, "citations_years": {"2011": 1}, "old_citations": {"2000": 1}, "isVisible": false}, "2641684158": {"name": "d datta", "type": "author", "activity": 2, "h_index": 1, "h5_index": 0, "mag_id": "2641684158", "num_publications": 1, "num_citations": 0, "num_publications_5y": 0, "num_citations_5y": 0, "num_publications_10y": 0, "num_citations_10y": 0, "publications_years": {"2002": 1}, "citations_years": {}, "old_citations": {"2002": 0}, "isVisible": false}, "2647870338": {"name": "k k mei", "type": "author", "activity": 1, "h_index": 1, "h5_index": 0, "mag_id": "2647870338", "num_publications": 1, "num_citations": 9, "num_publications_5y": 0, "num_citations_5y": 1, "num_publications_10y": 0, "num_citations_10y": 5, "publications_years": {"2000": 1}, "citations_years": {"2007": 2, "2008": 0, "2009": 0, "2010": 1, "2011": 1, "2012": 0, "2013": 2, "2014": 1, "2015": 0, "2016": 0, "2017": 0, "2018": 0, "2019": 2}, "old_citations": {"2000": 9}, "isVisible": false}, "2663073956": {"name": "leili hu", "type": "author", "activity": 1, "h_index": 1, "h5_index": 0, "mag_id": "2663073956", "num_publications": 1, "num_citations": 2, "num_publications_5y": 0, "num_citations_5y": 1, "num_publications_10y": 0, "num_citations_10y": 1, "publications_years": {"2000": 1}, "citations_years": {"2001": 1, "2002": 0, "2003": 0, "2004": 0, "2005": 0, "2006": 0, "2007": 0, "2008": 0, "2009": 0, "2010": 0, "2011": 0, "2012": 0, "2013": 0, "2014": 0, "2015": 1}, "old_citations": {"2000": 2}, "isVisible": false}, "2670687075": {"name": "y w liu", "type": "author", "activity": 1, "h_index": 0, "h5_index": 0, "mag_id": "2670687075", "num_publications": 1, "num_citations": 0, "num_publications_5y": 0, "num_citations_5y": 0, "num_publications_10y": 0, "num_citations_10y": 0, "publications_years": {"2000": 1}, "citations_years": {}, "old_citations": {"2000": 0}, "isVisible": false}, "2683495618": {"name": "r wacker", "type": "author", "activity": 1, "h_index": 0, "h5_index": 0, "mag_id": "2683495618", "num_publications": 1, "num_citations": 0, "num_publications_5y": 0, "num_citations_5y": 0, "num_publications_10y": 0, "num_citations_10y": 0, "publications_years": {"2003": 1}, "citations_years": {}, "old_citations": {"2003": 0}, "isVisible": false}, "2694967119": {"name": "m beal", "type": "author", "activity": 1, "h_index": 0, "h5_index": 0, "mag_id": "2694967119", "num_publications": 1, "num_citations": 0, "num_publications_5y": 0, "num_citations_5y": 0, "num_publications_10y": 0, "num_citations_10y": 0, "publications_years": {"2002": 1}, "citations_years": {}, "old_citations": {"2002": 0}, "isVisible": false}, "2720212703": {"name": "yuqing chen", "type": "author", "activity": 1, "h_index": 1, "h5_index": 0, "mag_id": "2720212703", "num_publications": 1, "num_citations": 2, "num_publications_5y": 0, "num_citations_5y": 1, "num_publications_10y": 0, "num_citations_10y": 1, "publications_years": {"2000": 1}, "citations_years": {"2001": 1, "2002": 0, "2003": 0, "2004": 0, "2005": 0, "2006": 0, "2007": 0, "2008": 0, "2009": 0, "2010": 0, "2011": 0, "2012": 0, "2013": 0, "2014": 0, "2015": 1}, "old_citations": {"2000": 2}, "isVisible": false}, "2764684146": {"name": "m grunert", "type": "author", "activity": 1, "h_index": 0, "h5_index": 0, "mag_id": "2764684146", "num_publications": 1, "num_citations": 0, "num_publications_5y": 0, "num_citations_5y": 0, "num_publications_10y": 0, "num_citations_10y": 0, "publications_years": {"2003": 1}, "citations_years": {}, "old_citations": {"2003": 0}, "isVisible": false}, "2771077033": {"name": "a r jha", "type": "author", "activity": 1, "h_index": 0, "h5_index": 0, "mag_id": "2771077033", "num_publications": 1, "num_citations": 0, "num_publications_5y": 1, "num_citations_5y": 0, "num_publications_10y": 1, "num_citations_10y": 0, "publications_years": {"2017": 1}, "citations_years": {}, "old_citations": {"2017": 0}, "isVisible": false}, "2771404145": {"name": "t graubner", "type": "author", "activity": 1, "h_index": 0, "h5_index": 0, "mag_id": "2771404145", "num_publications": 1, "num_citations": 0, "num_publications_5y": 1, "num_citations_5y": 0, "num_publications_10y": 1, "num_citations_10y": 0, "publications_years": {"2017": 1}, "citations_years": {}, "old_citations": {"2017": 0}, "isVisible": false}, "2771431628": {"name": "a jostingmeier", "type": "author", "activity": 1, "h_index": 0, "h5_index": 0, "mag_id": "2771431628", "num_publications": 1, "num_citations": 0, "num_publications_5y": 1, "num_citations_5y": 0, "num_publications_10y": 1, "num_citations_10y": 0, "publications_years": {"2017": 1}, "citations_years": {}, "old_citations": {"2017": 0}, "isVisible": false}, "2772434804": {"name": "b j rubin", "type": "author", "activity": 1, "h_index": 0, "h5_index": 0, "mag_id": "2772434804", "num_publications": 1, "num_citations": 0, "num_publications_5y": 0, "num_citations_5y": 0, "num_publications_10y": 0, "num_citations_10y": 0, "publications_years": {"1990": 1}, "citations_years": {}, "old_citations": {"1990": 0}, "isVisible": false}, "2772674107": {"name": "a mobius", "type": "author", "activity": 1, "h_index": 0, "h5_index": 0, "mag_id": "2772674107", "num_publications": 1, "num_citations": 0, "num_publications_5y": 1, "num_citations_5y": 0, "num_publications_10y": 1, "num_citations_10y": 0, "publications_years": {"2017": 1}, "citations_years": {}, "old_citations": {"2017": 0}, "isVisible": false}, "2772904240": {"name": "moises cases", "type": "author", "activity": 1, "h_index": 0, "h5_index": 0, "mag_id": "2772904240", "num_publications": 1, "num_citations": 0, "num_publications_5y": 0, "num_citations_5y": 0, "num_publications_10y": 0, "num_citations_10y": 0, "publications_years": {"1990": 1}, "citations_years": {}, "old_citations": {"1990": 0}, "isVisible": false}, "2772933924": {"name": "r s cole", "type": "author", "activity": 1, "h_index": 0, "h5_index": 0, "mag_id": "2772933924", "num_publications": 1, "num_citations": 0, "num_publications_5y": 0, "num_citations_5y": 0, "num_publications_10y": 0, "num_citations_10y": 0, "publications_years": {"1990": 1}, "citations_years": {}, "old_citations": {"1990": 0}, "isVisible": false}, "2773548995": {"name": "z b maricic", "type": "author", "activity": 1, "h_index": 0, "h5_index": 0, "mag_id": "2773548995", "num_publications": 1, "num_citations": 0, "num_publications_5y": 0, "num_citations_5y": 0, "num_publications_10y": 0, "num_citations_10y": 0, "publications_years": {"1993": 1}, "citations_years": {}, "old_citations": {"1993": 0}, "isVisible": false}, "2773845837": {"name": "n fourikis", "type": "author", "activity": 1, "h_index": 0, "h5_index": 0, "mag_id": "2773845837", "num_publications": 1, "num_citations": 0, "num_publications_5y": 1, "num_citations_5y": 0, "num_publications_10y": 1, "num_citations_10y": 0, "publications_years": {"2017": 1}, "citations_years": {}, "old_citations": {"2017": 0}, "isVisible": false}, "2773932205": {"name": "ke gong", "type": "author", "activity": 1, "h_index": 0, "h5_index": 0, "mag_id": "2773932205", "num_publications": 1, "num_citations": 0, "num_publications_5y": 0, "num_citations_5y": 0, "num_publications_10y": 0, "num_citations_10y": 0, "publications_years": {"1991": 1}, "citations_years": {}, "old_citations": {"1991": 0}, "isVisible": false}, "2773965508": {"name": "p e latham", "type": "author", "activity": 1, "h_index": 0, "h5_index": 0, "mag_id": "2773965508", "num_publications": 1, "num_citations": 0, "num_publications_5y": 0, "num_citations_5y": 0, "num_publications_10y": 0, "num_citations_10y": 0, "publications_years": {"1990": 1}, "citations_years": {}, "old_citations": {"1990": 0}, "isVisible": false}, "2774335273": {"name": "jill i butterfield", "type": "author", "activity": 1, "h_index": 0, "h5_index": 0, "mag_id": "2774335273", "num_publications": 1, "num_citations": 0, "num_publications_5y": 0, "num_citations_5y": 0, "num_publications_10y": 0, "num_citations_10y": 0, "publications_years": {"1991": 1}, "citations_years": {}, "old_citations": {"1991": 0}, "isVisible": false}, "2774681754": {"name": "p r winning", "type": "author", "activity": 1, "h_index": 1, "h5_index": 0, "mag_id": "2774681754", "num_publications": 1, "num_citations": 1, "num_publications_5y": 0, "num_citations_5y": 0, "num_publications_10y": 0, "num_citations_10y": 0, "publications_years": {"1990": 1}, "citations_years": {"1991": 1}, "old_citations": {"1990": 1}, "isVisible": false}, "2775344647": {"name": "k jacobs", "type": "author", "activity": 1, "h_index": 0, "h5_index": 0, "mag_id": "2775344647", "num_publications": 1, "num_citations": 0, "num_publications_5y": 1, "num_citations_5y": 0, "num_publications_10y": 1, "num_citations_10y": 0, "publications_years": {"2017": 1}, "citations_years": {}, "old_citations": {"2017": 0}, "isVisible": false}, "2775767678": {"name": "yu d samorodov", "type": "author", "activity": 1, "h_index": 0, "h5_index": 0, "mag_id": "2775767678", "num_publications": 1, "num_citations": 0, "num_publications_5y": 1, "num_citations_5y": 0, "num_publications_10y": 1, "num_citations_10y": 0, "publications_years": {"2017": 1}, "citations_years": {}, "old_citations": {"2017": 0}, "isVisible": false}, "2805347590": {"name": "w y li", "type": "author", "activity": 1, "h_index": 0, "h5_index": 0, "mag_id": "2805347590", "num_publications": 1, "num_citations": 0, "num_publications_5y": 0, "num_citations_5y": 0, "num_publications_10y": 0, "num_citations_10y": 0, "publications_years": {"2000": 1}, "citations_years": {}, "old_citations": {"2000": 0}, "isVisible": false}, "2938123561": {"name": "n c luhmann", "type": "author", "activity": 1, "h_index": 0, "h5_index": 0, "mag_id": "2938123561", "num_publications": 1, "num_citations": 0, "num_publications_5y": 0, "num_citations_5y": 0, "num_publications_10y": 0, "num_citations_10y": 0, "publications_years": {"2000": 1}, "citations_years": {}, "old_citations": {"2000": 0}, "isVisible": false}, "2938910190": {"name": "s a rosenau", "type": "author", "activity": 1, "h_index": 0, "h5_index": 0, "mag_id": "2938910190", "num_publications": 1, "num_citations": 0, "num_publications_5y": 0, "num_citations_5y": 0, "num_publications_10y": 0, "num_citations_10y": 0, "publications_years": {"2000": 1}, "citations_years": {}, "old_citations": {"2000": 0}, "isVisible": false}, "2951974653": {"name": "a vlasov", "type": "author", "activity": 1, "h_index": 1, "h5_index": 0, "mag_id": "2951974653", "num_publications": 1, "num_citations": 1, "num_publications_5y": 0, "num_citations_5y": 0, "num_publications_10y": 0, "num_citations_10y": 0, "publications_years": {"2002": 1}, "citations_years": {"2004": 1}, "old_citations": {"2002": 1}, "isVisible": false}, "2972426298": {"name": "s v kuzikov", "type": "author", "activity": 1, "h_index": 0, "h5_index": 0, "mag_id": "2972426298", "num_publications": 1, "num_citations": 0, "num_publications_5y": 0, "num_citations_5y": 0, "num_publications_10y": 0, "num_citations_10y": 0, "publications_years": {"2003": 1}, "citations_years": {}, "old_citations": {"2003": 0}, "isVisible": false}, "2974505644": {"name": "v l granatstein", "type": "author", "activity": 1, "h_index": 1, "h5_index": 0, "mag_id": "2974505644", "num_publications": 1, "num_citations": 1, "num_publications_5y": 0, "num_citations_5y": 0, "num_publications_10y": 0, "num_citations_10y": 0, "publications_years": {"2000": 1}, "citations_years": {"2002": 1}, "old_citations": {"2000": 1}, "isVisible": false}, "2974844120": {"name": "s r cauffman", "type": "author", "activity": 1, "h_index": 1, "h5_index": 0, "mag_id": "2974844120", "num_publications": 1, "num_citations": 1, "num_publications_5y": 0, "num_citations_5y": 0, "num_publications_10y": 0, "num_citations_10y": 0, "publications_years": {"2002": 1}, "citations_years": {"2004": 1}, "old_citations": {"2002": 1}, "isVisible": false}, "2983852705": {"name": "xue yongqi", "type": "author", "activity": 1, "h_index": 1, "h5_index": 0, "mag_id": "2983852705", "num_publications": 1, "num_citations": 1, "num_publications_5y": 0, "num_citations_5y": 0, "num_publications_10y": 0, "num_citations_10y": 1, "publications_years": {"2000": 1}, "citations_years": {"2011": 1}, "old_citations": {"2000": 1}, "isVisible": false}, "2985615779": {"name": "k k mei", "type": "author", "activity": 1, "h_index": 0, "h5_index": 0, "mag_id": "2985615779", "num_publications": 1, "num_citations": 0, "num_publications_5y": 0, "num_citations_5y": 0, "num_publications_10y": 0, "num_citations_10y": 0, "publications_years": {"2000": 1}, "citations_years": {}, "old_citations": {"2000": 0}, "isVisible": false}, "2985985983": {"name": "xu ruimin", "type": "author", "activity": 1, "h_index": 0, "h5_index": 0, "mag_id": "2985985983", "num_publications": 1, "num_citations": 0, "num_publications_5y": 0, "num_citations_5y": 0, "num_publications_10y": 0, "num_citations_10y": 0, "publications_years": {"2000": 1}, "citations_years": {}, "old_citations": {"2000": 0}, "isVisible": false}, "2986899232": {"name": "liu shuzhang", "type": "author", "activity": 1, "h_index": 0, "h5_index": 0, "mag_id": "2986899232", "num_publications": 1, "num_citations": 0, "num_publications_5y": 0, "num_citations_5y": 0, "num_publications_10y": 0, "num_citations_10y": 0, "publications_years": {"2000": 1}, "citations_years": {}, "old_citations": {"2000": 0}, "isVisible": false}}, "countries": {"China": {"name": "China", "type": "country", "h5_index": 214, "num_publications": 7, "num_citations": 16, "num_publications_5y": 0, "num_citations_5y": 2, "num_publications_10y": 0, "num_citations_10y": 6, "publications_years": {"1991": 1, "2000": 5, "1993": 1}, "citations_years": {"2001": 3, "2002": 0, "2003": 0, "2004": 1, "2005": 0, "2006": 0, "2007": 2, "2008": 1, "2000": 1, "2009": 0, "2010": 1, "2011": 1, "2012": 0, "2013": 2, "2014": 1, "2015": 1, "2016": 0, "2017": 0, "2018": 0, "2019": 2}, "old_citations": {"1991": 0, "2000": 16, "1993": 0}, "isVisible": false}, "United States": {"name": "United States", "type": "country", "h5_index": 308, "num_publications": 5, "num_citations": 3, "num_publications_5y": 0, "num_citations_5y": 0, "num_publications_10y": 0, "num_citations_10y": 0, "publications_years": {"2000": 1, "1991": 3, "1999": 1}, "citations_years": {"2004": 1, "2005": 1, "1992": 1}, "old_citations": {"2000": 0, "1991": 1, "1999": 2}, "isVisible": false}, "Australia": {"name": "Australia", "type": "country", "h5_index": 141, "num_publications": 2, "num_citations": 1, "num_publications_5y": 0, "num_citations_5y": 0, "num_publications_10y": 0, "num_citations_10y": 0, "publications_years": {"1991": 2}, "citations_years": {"2000": 1}, "old_citations": {"1991": 1}, "isVisible": false}, "Germany": {"name": "Germany", "type": "country", "h5_index": 139, "num_publications": 1, "num_citations": 0, "num_publications_5y": 0, "num_citations_5y": 0, "num_publications_10y": 0, "num_citations_10y": 0, "publications_years": {"2003": 1}, "citations_years": {}, "old_citations": {"2003": 0}, "isVisible": false}, "United Kingdom": {"name": "United Kingdom", "type": "country", "h5_index": 172, "num_publications": 1, "num_citations": 0, "num_publications_5y": 0, "num_citations_5y": 0, "num_publications_10y": 0, "num_citations_10y": 0, "publications_years": {"1990": 1}, "citations_years": {}, "old_citations": {"1990": 0}, "isVisible": false}}}, "conference_comparison": {"computer science": {}}, "topics_dna": {"publications": {}, "citations": {"normalized": {}, "average": {}}}, "info": {"num_publications": 37, "num_citations": 27.0, "impact_factor": {"1992": 0.08333333333333333, "1993": 0.0, "1994": 0.0, "1995": 0.0, "1996": 0, "1997": 0, "1998": 0, "1999": 0, "2000": 0.0, "2001": 0.25, "2002": 0.09090909090909091, "2003": 0.0, "2004": 0.5, "2005": 0.0, "2006": 0, "2007": 0, "2008": 0, "2009": 0, "2010": 0, "2011": 0, "2012": 0, "2013": 0, "2014": 0, "2015": 0, "2016": 0, "2017": 0}, "publications_years": {"2000": 11, "1991": 7, "2017": 7, "1990": 5, "2002": 3, "1993": 2, "1999": 1, "2003": 1}, "citations_years": {"1991": 1, "1992": 1, "1993": 0, "1994": 0, "1995": 0, "1996": 0, "1997": 0, "1998": 0, "1999": 0, "2000": 3, "2001": 3, "2002": 1, "2003": 0, "2004": 4, "2005": 1, "2006": 0, "2007": 3, "2008": 1, "2009": 0, "2010": 1, "2011": 2, "2012": 0, "2013": 2, "2014": 1, "2015": 1, "2016": 0, "2017": 0, "2018": 0, "2019": 2}, "old_citations": {"2000": 19, "1991": 2, "2017": 0, "1990": 1, "2002": 3, "1993": 0, "1999": 2, "2003": 0}, "h5_index": 0}, "percentile": {"computer science": {"2000": 84, "1991": 91, "2017": 17, "1990": 92, "2002": 78, "1993": 19, "1999": 85, "2003": 18}}, "conference_ranking": {"computer science": {"2000": 682, "1991": 348, "2017": 3514, "1990": 314, "2002": 897, "1993": 3435, "1999": 611, "2003": 3473}}, "academia": {"num_publications": 12, "num_citations": 17, "publications_years": {"1990": 1, "1991": 4, "1992": 0, "1993": 1, "1994": 0, "1995": 0, "1996": 0, "1997": 0, "1998": 0, "1999": 0, "2000": 6}, "old_citations": {"1990": 0, "1991": 1, "1992": 0, "1993": 0, "1994": 0, "1995": 0, "1996": 0, "1997": 0, "1998": 0, "1999": 0, "2000": 16}, "num_publications_5y": 0, "num_citations_5y": 0, "num_publications_10y": 0, "num_citations_10y": 0}, "industry": {"num_publications": 0, "num_citations": 0, "publications_years": {}, "old_citations": {}, "num_publications_5y": 0, "num_citations_5y": 0, "num_publications_10y": 0, "num_citations_10y": 0}, "collaborative": {"num_publications": 0, "num_citations": 0, "publications_years": {}, "old_citations": {}, "num_publications_5y": 0, "num_citations_5y": 0, "num_publications_10y": 0, "num_citations_10y": 0}, "conferences": {}, "journals": {}, "organizations": {"publication_overall": ["City University of Hong Kong", "Defence Science and Technology Group", "Tsinghua University", "University of Science and Technology of China", "Georgia Institute of Technology", "Lawrence Livermore National Laboratory", "Max Planck Society", "Texas A&M University", "University College London", "University of California, Davis", "University of California, Los Angeles", "Zhejiang University"], "citation_overall": ["City University of Hong Kong", "Tsinghua University", "Lawrence Livermore National Laboratory", "Zhejiang University", "Defence Science and Technology Group", "Texas A&M University", "Georgia Institute of Technology", "Max Planck Society", "University College London", "University of California, Davis", "University of California, Los Angeles", "University of Science and Technology of China"], "publication_10_years": [], "citation_10_years": [], "publication_5_years": [], "citation_5_years": []}, "countries": {"publication_overall": ["China", "United States", "Australia", "Germany", "United Kingdom"], "citation_overall": ["China", "United States", "Australia", "Germany", "United Kingdom"], "publication_10_years": [], "citation_10_years": [], "publication_5_years": [], "citation_5_years": []}, "topics": {"publication_overall": ["computer science", "computer networks", "computer systems", "engineering", "telecommunication systems", "signal processing", "computer hardware", "communication systems", "wireless telecommunication systems", "mathematics", "communication channels (information theory)", "sensors", "signal to noise ratio", "telecommunication networks", "antennas", "bandwidth", "computer imaging and vision", "image processing", "image analysis", "matrix algebra"], "citation_overall": ["computer science", "computer networks", "computer systems", "engineering", "signal processing", "computer hardware", "telecommunication systems", "communication systems", "telecommunication networks", "wireless telecommunication systems", "sensors", "antennas", "bandwidth", "computer aided design", "electric network analysis", "electric network topology", "microwaves", "network topology", "communication channels (information theory)", "field programmable gate arrays (fpga)"], "publication_10_years": ["computer science", "computer networks", "computer systems", "computer hardware", "telecommunication systems", "computer imaging and vision", "computer security", "cryptography", "cryptology", "engineering", "image processing", "sensors", "signal processing", "telecommunication networks", "antennas", "artificial intelligence", "communication channels (information theory)", "communication systems", "image analysis", "mathematics"], "citation_10_years": ["acoustic arrays", "acoustic noise", "antenna accessories", "antenna arrays", "antenna design", "antenna element", "antenna gains", "antenna phased arrays", "antenna systems", "antennas", "architecture designs", "array antennas", "artificial intelligence", "background subtraction", "bandwidth", "bit error rate", "broadband", "broadband networks", "channel capacity", "communication"], "publication_5_years": ["computer science", "computer networks", "computer systems", "computer hardware", "telecommunication systems", "computer imaging and vision", "computer security", "cryptography", "cryptology", "engineering", "image processing", "sensors", "signal processing", "telecommunication networks", "antennas", "artificial intelligence", "communication channels (information theory)", "communication systems", "image analysis", "mathematics"], "citation_5_years": ["acoustic arrays", "acoustic noise", "antenna accessories", "antenna arrays", "antenna design", "antenna element", "antenna gains", "antenna phased arrays", "antenna systems", "antennas", "architecture designs", "array antennas", "artificial intelligence", "background subtraction", "bandwidth", "bit error rate", "broadband", "broadband networks", "channel capacity", "communication"]}, "main_topics": ["computer science"], "authors": {"publication_overall": ["71357766", "1900218122", "2138159193", "2223356354", "2226754669", "2617378642", "2774241331", "226853073", "1967898396", "1980986305", "2000588347", "2031400378", "2058237403", "2081286601", "2099040145", "2120444511", "2123692201", "2125058721", "2128386737", "2130089642", "2143859296", "2177647984", "2199077324", "2224806142", "2226013369", "2303314849", "2305535701", "2328114844", "2343810642", "2488177034", "2499072195", "2531266442", "2574440460", "2575177259", "2575620840", "2576972485", "2578074687", "2579604196", "2588035128", "2589675858", "2614963881", "2629476143", "2630206726", "2639283534", "2641684158", "2647870338", "2663073956", "2670687075", "2683495618", "2694967119", "2720212703", "2764684146", "2771077033", "2771404145", "2771431628", "2772434804", "2772674107", "2772904240", "2772933924", "2773548995", "2773845837", "2773932205", "2773965508", "2774335273", "2774681754", "2775344647", "2775767678", "2805347590", "2938123561", "2938910190", "2951974653", "2972426298", "2974505644", "2974844120", "2983852705", "2985615779", "2985985983", "2986899232"], "citation_overall": ["2647870338", "71357766", "1900218122", "2223356354", "2226754669", "2617378642", "2224806142", "2531266442", "2575177259", "2578074687", "2579604196", "2589675858", "2663073956", "2720212703", "226853073", "2000588347", "2120444511", "2303314849", "2305535701", "2499072195", "2574440460", "2575620840", "2576972485", "2588035128", "2639283534", "2774241331", "2774681754", "2951974653", "2974505644", "2974844120", "2983852705", "1967898396", "1980986305", "2031400378", "2058237403", "2081286601", "2099040145", "2123692201", "2125058721", "2128386737", "2130089642", "2138159193", "2143859296", "2177647984", "2199077324", "2226013369", "2328114844", "2343810642", "2488177034", "2614963881", "2629476143", "2630206726", "2641684158", "2670687075", "2683495618", "2694967119", "2764684146", "2771077033", "2771404145", "2771431628", "2772434804", "2772674107", "2772904240", "2772933924", "2773548995", "2773845837", "2773932205", "2773965508", "2774335273", "2775344647", "2775767678", "2805347590", "2938123561", "2938910190", "2972426298", "2985615779", "2985985983", "2986899232"], "publication_10_years": ["2771077033", "2771404145", "2771431628", "2772674107", "2773845837", "2775344647", "2775767678"], "citation_10_years": ["2771077033", "2771404145", "2771431628", "2772674107", "2773845837", "2775344647", "2775767678"], "publication_5_years": ["2771077033", "2771404145", "2771431628", "2772674107", "2773845837", "2775344647", "2775767678"], "citation_5_years": ["2771077033", "2771404145", "2771431628", "2772674107", "2773845837", "2775344647", "2775767678"]}, "industrial_sectors": {"publication_overall": [], "citation_overall": [], "publication_10_years": [], "citation_10_years": [], "publication_5_years": [], "citation_5_years": []}}