{"name": "International Conference on Mathematical Foundations of Programming Semantics", "acronym": "MFPS", "type": "conference", "uniqueEntities": {"organizations": {"University of Oxford": {"name": "University of Oxford", "type": "organization", "organization_type": "Education", "h_index": 245, "h5_index": 88, "num_publications": 5, "num_citations": 48, "num_publications_5y": 0, "num_citations_5y": 1, "num_publications_10y": 0, "num_citations_10y": 10, "publications_years": {"1990": 3, "1993": 2}, "citations_years": {"1990": 1, "1991": 8, "1992": 7, "1993": 4, "1994": 5, "1995": 3, "1996": 1, "1997": 0, "1998": 1, "1999": 4, "2000": 0, "2001": 0, "2002": 1, "2003": 0, "2004": 1, "2005": 0, "2006": 0, "2007": 0, "2008": 1, "2009": 2, "2010": 2, "2011": 1, "2012": 1, "2013": 3, "2014": 0, "2015": 1, "1989": 1}, "old_citations": {"1990": 54, "1993": 7}, "isVisible": false}, "Carnegie Mellon University": {"name": "Carnegie Mellon University", "type": "organization", "organization_type": "Education", "h_index": 441, "h5_index": 107, "num_publications": 3, "num_citations": 91, "num_publications_5y": 0, "num_citations_5y": 7, "num_publications_10y": 0, "num_citations_10y": 12, "publications_years": {"1993": 1, "1991": 2}, "citations_years": {"1993": 10, "1992": 6, "1994": 5, "1995": 6, "1996": 1, "1997": 2, "1998": 2, "1999": 6, "2000": 8, "2001": 3, "2002": 5, "2003": 7, "2004": 3, "2005": 6, "2006": 2, "2007": 2, "2008": 5, "2009": 1, "2010": 0, "2011": 1, "2012": 1, "2013": 2, "2014": 0, "2015": 3, "2016": 1, "2017": 1, "2018": 2}, "old_citations": {"1993": 1, "1991": 90}, "isVisible": false}, "Cornell University": {"name": "Cornell University", "type": "organization", "organization_type": "Education", "h_index": 294, "h5_index": 73, "num_publications": 2, "num_citations": 10, "num_publications_5y": 0, "num_citations_5y": 2, "num_publications_10y": 0, "num_citations_10y": 4, "publications_years": {"1990": 1, "1991": 1}, "citations_years": {"1994": 1, "1995": 2, "1996": 0, "1997": 2, "1998": 0, "1999": 1, "2000": 0, "2001": 0, "2002": 0, "2003": 0, "2004": 0, "2005": 0, "2006": 0, "2007": 0, "2008": 0, "2009": 0, "2010": 0, "2011": 1, "2012": 0, "2013": 1, "2014": 0, "2015": 2}, "old_citations": {"1990": 2, "1991": 8}, "isVisible": false}, "IBM (United States)": {"name": "IBM (United States)", "type": "organization", "organization_type": "Company", "h_index": 421, "h5_index": 72, "num_publications": 2, "num_citations": 12, "num_publications_5y": 0, "num_citations_5y": 0, "num_publications_10y": 0, "num_citations_10y": 0, "publications_years": {"1991": 2}, "citations_years": {"1991": 2, "1992": 1, "1993": 0, "1994": 1, "1995": 2, "1996": 2, "1997": 0, "1998": 1, "1999": 2, "2000": 0, "2001": 0, "2002": 0, "2003": 1}, "old_citations": {"1991": 17}, "isVisible": false}, "Kansas State University": {"name": "Kansas State University", "type": "organization", "organization_type": "Education", "h_index": 77, "h5_index": 14, "num_publications": 2, "num_citations": 30, "num_publications_5y": 0, "num_citations_5y": 3, "num_publications_10y": 0, "num_citations_10y": 7, "publications_years": {"1993": 2}, "citations_years": {"1994": 1, "1995": 1, "1996": 4, "1997": 1, "1998": 3, "1999": 0, "2000": 0, "2001": 2, "2002": 1, "2003": 1, "2004": 3, "2005": 2, "2006": 0, "2007": 2, "2008": 2, "2009": 1, "2010": 1, "2011": 0, "2012": 2, "2013": 0, "2014": 0, "2015": 2, "2016": 0, "2017": 1}, "old_citations": {"1993": 30}, "isVisible": false}, "University of Sussex": {"name": "University of Sussex", "type": "organization", "organization_type": "Education", "h_index": 106, "h5_index": 29, "num_publications": 2, "num_citations": 10, "num_publications_5y": 0, "num_citations_5y": 2, "num_publications_10y": 0, "num_citations_10y": 3, "publications_years": {"1993": 1, "1990": 1}, "citations_years": {"1994": 1, "1995": 2, "1996": 0, "1997": 0, "1998": 0, "1999": 0, "2000": 0, "2001": 0, "2002": 0, "2003": 0, "2004": 0, "2005": 0, "2006": 1, "2007": 0, "2008": 0, "2009": 0, "2010": 0, "2011": 0, "2012": 0, "2013": 1, "2014": 1, "2015": 0, "2016": 1, "2017": 0, "2018": 0, "2019": 1, "1991": 1, "1992": 0, "1993": 1}, "old_citations": {"1993": 4, "1990": 6}, "isVisible": false}, "Williams College": {"name": "Williams College", "type": "organization", "organization_type": "Education", "h_index": 43, "h5_index": 6, "num_publications": 2, "num_citations": 31, "num_publications_5y": 0, "num_citations_5y": 1, "num_publications_10y": 0, "num_citations_10y": 1, "publications_years": {"1993": 1, "1991": 1}, "citations_years": {"1993": 5, "1994": 5, "1995": 4, "1996": 2, "1997": 2, "1998": 1, "1999": 1, "2000": 0, "2001": 1, "2002": 0, "2003": 2, "2004": 0, "2005": 0, "2006": 4, "2007": 0, "2008": 0, "2009": 0, "2010": 0, "2011": 0, "2012": 0, "2013": 0, "2014": 0, "2015": 0, "2016": 1, "1992": 3}, "old_citations": {"1993": 8, "1991": 23}, "isVisible": false}, "Aalborg University": {"name": "Aalborg University", "type": "organization", "organization_type": "Education", "h_index": 132, "h5_index": 41, "num_publications": 1, "num_citations": 32, "num_publications_5y": 0, "num_citations_5y": 3, "num_publications_10y": 0, "num_citations_10y": 12, "publications_years": {"1993": 1}, "citations_years": {"1993": 1, "1994": 0, "1995": 4, "1996": 3, "1997": 0, "1998": 2, "1999": 2, "2000": 1, "2001": 0, "2002": 1, "2003": 0, "2004": 1, "2005": 0, "2006": 1, "2007": 1, "2008": 0, "2009": 0, "2010": 1, "2011": 1, "2012": 4, "2013": 3, "2014": 2, "2015": 0, "2016": 0, "2017": 1, "2018": 0, "2019": 2, "2020": 1}, "old_citations": {"1993": 32}, "isVisible": false}, "Aarhus University": {"name": "Aarhus University", "type": "organization", "organization_type": "Education", "h_index": 128, "h5_index": 31, "num_publications": 1, "num_citations": 17, "num_publications_5y": 0, "num_citations_5y": 2, "num_publications_10y": 0, "num_citations_10y": 4, "publications_years": {"1993": 1}, "citations_years": {"1994": 1, "1995": 0, "1996": 2, "1997": 0, "1998": 3, "1999": 0, "2000": 0, "2001": 1, "2002": 0, "2003": 1, "2004": 1, "2005": 1, "2006": 0, "2007": 1, "2008": 2, "2009": 1, "2010": 1, "2011": 0, "2012": 0, "2013": 0, "2014": 0, "2015": 1, "2016": 0, "2017": 1}, "old_citations": {"1993": 17}, "isVisible": false}, "City College of New York": {"name": "City College of New York", "type": "organization", "organization_type": "Education", "h_index": 50, "h5_index": 19, "num_publications": 1, "num_citations": 11, "num_publications_5y": 0, "num_citations_5y": 0, "num_publications_10y": 0, "num_citations_10y": 1, "publications_years": {"1993": 1}, "citations_years": {"1996": 2, "1997": 1, "1998": 1, "1999": 1, "2000": 0, "2001": 0, "2002": 2, "2003": 1, "2004": 1, "2005": 0, "2006": 0, "2007": 0, "2008": 1, "2009": 0, "2010": 1}, "old_citations": {"1993": 11}, "isVisible": false}, "Colgate University": {"name": "Colgate University", "type": "organization", "organization_type": "Education", "h_index": 25, "h5_index": 8, "num_publications": 1, "num_citations": 39, "num_publications_5y": 0, "num_citations_5y": 12, "num_publications_10y": 0, "num_citations_10y": 22, "publications_years": {"1993": 1}, "citations_years": {"1994": 1, "1995": 1, "1996": 1, "1997": 0, "1998": 2, "1999": 1, "2000": 0, "2001": 0, "2002": 3, "2003": 1, "2004": 1, "2005": 0, "2006": 0, "2007": 2, "2008": 2, "2009": 2, "2010": 1, "2011": 2, "2012": 2, "2013": 3, "2014": 1, "2015": 6, "2016": 2, "2017": 1, "2018": 2, "2019": 2}, "old_citations": {"1993": 39}, "isVisible": false}, "French Institute for Research in Computer Science and Automation": {"name": "French Institute for Research in Computer Science and Automation", "type": "organization", "organization_type": "Government", "h_index": 247, "h5_index": 53, "num_publications": 1, "num_citations": 7, "num_publications_5y": 0, "num_citations_5y": 0, "num_publications_10y": 0, "num_citations_10y": 0, "publications_years": {"1991": 1}, "citations_years": {"1991": 1, "1992": 1, "1993": 0, "1994": 1, "1995": 1, "1996": 0, "1997": 2, "1998": 0, "1999": 0, "2000": 0, "2001": 1}, "old_citations": {"1991": 7}, "isVisible": false}, "Northeastern University": {"name": "Northeastern University", "type": "organization", "organization_type": "Education", "h_index": 144, "h5_index": 59, "num_publications": 1, "num_citations": 36, "num_publications_5y": 0, "num_citations_5y": 0, "num_publications_10y": 0, "num_citations_10y": 0, "publications_years": {"1991": 1}, "citations_years": {"1991": 1, "1992": 4, "1993": 3, "1994": 3, "1995": 2, "1996": 0, "1997": 2, "1998": 1, "1999": 3, "2000": 0, "2001": 5, "2002": 3, "2003": 3, "2004": 1, "2005": 1, "2006": 0, "2007": 2, "2008": 1, "2009": 0, "2010": 0, "2011": 0, "2012": 0, "2013": 0, "2014": 0, "2015": 0, "2016": 0, "2017": 0, "2018": 0, "2019": 1}, "old_citations": {"1991": 36}, "isVisible": false}, "Rice University": {"name": "Rice University", "type": "organization", "organization_type": "Education", "h_index": 191, "h5_index": 31, "num_publications": 1, "num_citations": 4, "num_publications_5y": 0, "num_citations_5y": 0, "num_publications_10y": 0, "num_citations_10y": 1, "publications_years": {"1991": 1}, "citations_years": {"1992": 1, "1993": 0, "1994": 0, "1995": 0, "1996": 0, "1997": 0, "1998": 0, "1999": 0, "2000": 0, "2001": 0, "2002": 0, "2003": 0, "2004": 1, "2005": 1, "2006": 0, "2007": 0, "2008": 0, "2009": 0, "2010": 1}, "old_citations": {"1991": 4}, "isVisible": false}, "Saarland University": {"name": "Saarland University", "type": "organization", "organization_type": "Education", "h_index": 118, "h5_index": 33, "num_publications": 1, "num_citations": 0, "num_publications_5y": 0, "num_citations_5y": 0, "num_publications_10y": 0, "num_citations_10y": 0, "publications_years": {"1993": 1}, "citations_years": {}, "old_citations": {"1993": 10}, "isVisible": false}, "Sapienza University of Rome": {"name": "Sapienza University of Rome", "type": "organization", "organization_type": "Education", "h_index": 131, "h5_index": 39, "num_publications": 1, "num_citations": 6, "num_publications_5y": 0, "num_citations_5y": 0, "num_publications_10y": 0, "num_citations_10y": 2, "publications_years": {"1991": 1}, "citations_years": {"1991": 1, "1992": 2, "1993": 0, "1994": 0, "1995": 0, "1996": 0, "1997": 0, "1998": 0, "1999": 1, "2000": 0, "2001": 0, "2002": 0, "2003": 0, "2004": 0, "2005": 0, "2006": 0, "2007": 0, "2008": 0, "2009": 0, "2010": 1, "2011": 1}, "old_citations": {"1991": 6}, "isVisible": false}, "Stevens Institute of Technology": {"name": "Stevens Institute of Technology", "type": "organization", "organization_type": "Education", "h_index": 96, "h5_index": 29, "num_publications": 1, "num_citations": 8, "num_publications_5y": 0, "num_citations_5y": 0, "num_publications_10y": 0, "num_citations_10y": 0, "publications_years": {"1991": 1}, "citations_years": {"1993": 2, "1994": 0, "1995": 0, "1996": 0, "1997": 0, "1998": 0, "1999": 1, "2000": 2, "2001": 2, "2002": 1}, "old_citations": {"1991": 8}, "isVisible": false}, "Tulane University": {"name": "Tulane University", "type": "organization", "organization_type": "Education", "h_index": 46, "h5_index": 10, "num_publications": 1, "num_citations": 12, "num_publications_5y": 0, "num_citations_5y": 0, "num_publications_10y": 0, "num_citations_10y": 0, "publications_years": {"1991": 1}, "citations_years": {"1991": 2, "1992": 1, "1993": 0, "1994": 1, "1995": 2, "1996": 2, "1997": 0, "1998": 1, "1999": 2, "2000": 0, "2001": 0, "2002": 0, "2003": 1}, "old_citations": {"1991": 12}, "isVisible": false}, "University of Cambridge": {"name": "University of Cambridge", "type": "organization", "organization_type": "Education", "h_index": 250, "h5_index": 62, "num_publications": 1, "num_citations": 29, "num_publications_5y": 0, "num_citations_5y": 1, "num_publications_10y": 0, "num_citations_10y": 7, "publications_years": {"1993": 1}, "citations_years": {"1994": 2, "1995": 1, "1996": 1, "1997": 3, "1998": 3, "1999": 3, "2000": 1, "2001": 0, "2002": 1, "2003": 1, "2004": 2, "2005": 2, "2006": 0, "2007": 1, "2008": 0, "2009": 1, "2010": 2, "2011": 1, "2012": 1, "2013": 1, "2014": 0, "2015": 0, "2016": 0, "2017": 1, "2018": 0, "2019": 1}, "old_citations": {"1993": 29}, "isVisible": false}, "University of Edinburgh": {"name": "University of Edinburgh", "type": "organization", "organization_type": "Education", "h_index": 198, "h5_index": 57, "num_publications": 1, "num_citations": 15, "num_publications_5y": 0, "num_citations_5y": 3, "num_publications_10y": 0, "num_citations_10y": 6, "publications_years": {"1993": 1}, "citations_years": {"1995": 1, "1996": 2, "1997": 0, "1998": 0, "1999": 1, "2000": 1, "2001": 1, "2002": 0, "2003": 0, "2004": 0, "2005": 0, "2006": 0, "2007": 1, "2008": 0, "2009": 2, "2010": 0, "2011": 0, "2012": 1, "2013": 0, "2014": 0, "2015": 0, "2016": 0, "2017": 0, "2018": 3, "2019": 2}, "old_citations": {"1993": 15}, "isVisible": false}, "University of Glasgow": {"name": "University of Glasgow", "type": "organization", "organization_type": "Education", "h_index": 129, "h5_index": 33, "num_publications": 1, "num_citations": 133, "num_publications_5y": 0, "num_citations_5y": 12, "num_publications_10y": 0, "num_citations_10y": 45, "publications_years": {"1993": 1}, "citations_years": {"1992": 1, "1993": 1, "1994": 3, "1995": 4, "1996": 4, "1997": 9, "1998": 4, "1999": 7, "2000": 7, "2001": 2, "2002": 4, "2003": 7, "2004": 5, "2005": 9, "2006": 6, "2007": 5, "2008": 9, "2009": 10, "2010": 8, "2011": 5, "2012": 6, "2013": 4, "2014": 3, "2015": 4, "2016": 4, "2017": 1, "2018": 0, "2019": 1}, "old_citations": {"1993": 133}, "isVisible": false}, "University of Leicester": {"name": "University of Leicester", "type": "organization", "organization_type": "Education", "h_index": 78, "h5_index": 25, "num_publications": 1, "num_citations": 8, "num_publications_5y": 0, "num_citations_5y": 2, "num_publications_10y": 0, "num_citations_10y": 4, "publications_years": {"1991": 1}, "citations_years": {"1995": 2, "1996": 0, "1997": 1, "1998": 0, "1999": 1, "2000": 0, "2001": 0, "2002": 0, "2003": 0, "2004": 0, "2005": 0, "2006": 0, "2007": 0, "2008": 0, "2009": 0, "2010": 0, "2011": 1, "2012": 0, "2013": 1, "2014": 0, "2015": 2}, "old_citations": {"1991": 8}, "isVisible": false}, "University of Milan": {"name": "University of Milan", "type": "organization", "organization_type": "Education", "h_index": 110, "h5_index": 26, "num_publications": 1, "num_citations": 6, "num_publications_5y": 0, "num_citations_5y": 0, "num_publications_10y": 0, "num_citations_10y": 2, "publications_years": {"1991": 1}, "citations_years": {"1991": 1, "1992": 2, "1993": 0, "1994": 0, "1995": 0, "1996": 0, "1997": 0, "1998": 0, "1999": 1, "2000": 0, "2001": 0, "2002": 0, "2003": 0, "2004": 0, "2005": 0, "2006": 0, "2007": 0, "2008": 0, "2009": 0, "2010": 1, "2011": 1}, "old_citations": {"1991": 6}, "isVisible": false}, "University of York": {"name": "University of York", "type": "organization", "organization_type": "Education", "h_index": 113, "h5_index": 27, "num_publications": 1, "num_citations": 4, "num_publications_5y": 0, "num_citations_5y": 0, "num_publications_10y": 0, "num_citations_10y": 0, "publications_years": {"1993": 1}, "citations_years": {"1994": 1, "1995": 0, "1996": 0, "1997": 0, "1998": 0, "1999": 3}, "old_citations": {"1993": 4}, "isVisible": false}, "Uppsala University": {"name": "Uppsala University", "type": "organization", "organization_type": "Education", "h_index": 111, "h5_index": 30, "num_publications": 1, "num_citations": 32, "num_publications_5y": 0, "num_citations_5y": 3, "num_publications_10y": 0, "num_citations_10y": 12, "publications_years": {"1993": 1}, "citations_years": {"1993": 1, "1994": 0, "1995": 4, "1996": 3, "1997": 0, "1998": 2, "1999": 2, "2000": 1, "2001": 0, "2002": 1, "2003": 0, "2004": 1, "2005": 0, "2006": 1, "2007": 1, "2008": 0, "2009": 0, "2010": 1, "2011": 1, "2012": 4, "2013": 3, "2014": 2, "2015": 0, "2016": 0, "2017": 1, "2018": 0, "2019": 2, "2020": 1}, "old_citations": {"1993": 32}, "isVisible": false}, "\u00c9cole Normale Sup\u00e9rieure": {"name": "\u00c9cole Normale Sup\u00e9rieure", "type": "organization", "organization_type": "Other", "h_index": 189, "h5_index": 38, "num_publications": 1, "num_citations": 41, "num_publications_5y": 0, "num_citations_5y": 2, "num_publications_10y": 0, "num_citations_10y": 12, "publications_years": {"1993": 1}, "citations_years": {"1994": 3, "1995": 2, "1996": 1, "1997": 1, "1998": 0, "1999": 1, "2000": 1, "2001": 1, "2002": 3, "2003": 2, "2004": 2, "2005": 6, "2006": 1, "2007": 4, "2008": 1, "2009": 5, "2010": 2, "2011": 1, "2012": 1, "2013": 1, "2014": 0, "2015": 0, "2016": 0, "2017": 0, "2018": 2}, "old_citations": {"1993": 41}, "isVisible": false}}, "topics": {"computer science": {"name": "computer science", "type": "topic", "h_index": 1779, "h5_index": 416, "num_publications": 40, "num_citations": 672, "num_publications_5y": 0, "num_citations_5y": 57, "num_publications_10y": 0, "num_citations_10y": 162, "publications_years": {"1990": 5, "1993": 19, "1991": 16}, "citations_years": {"1990": 1, "1991": 15, "1992": 27, "1993": 34, "1994": 43, "1995": 45, "1996": 29, "1997": 31, "1998": 24, "1999": 37, "2000": 26, "2001": 21, "2002": 25, "2003": 28, "2004": 21, "2005": 28, "2006": 16, "2007": 22, "2008": 24, "2009": 25, "2010": 22, "2011": 17, "2012": 21, "2013": 20, "2014": 10, "2015": 19, "2016": 12, "2017": 6, "2018": 10, "2019": 11, "2020": 1, "1989": 1}, "old_citations": {"1990": 62, "1993": 375, "1991": 265}, "isVisible": false}, "computer programming": {"name": "computer programming", "type": "topic", "h_index": 873, "h5_index": 186, "num_publications": 33, "num_citations": 597, "num_publications_5y": 0, "num_citations_5y": 52, "num_publications_10y": 0, "num_citations_10y": 145, "publications_years": {"1990": 4, "1991": 15, "1993": 14}, "citations_years": {"1990": 1, "1991": 14, "1992": 27, "1993": 29, "1994": 39, "1995": 43, "1996": 26, "1997": 29, "1998": 23, "1999": 33, "2000": 22, "2001": 18, "2002": 19, "2003": 24, "2004": 18, "2005": 22, "2006": 13, "2007": 18, "2008": 22, "2009": 20, "2010": 19, "2011": 16, "2012": 20, "2013": 18, "2014": 9, "2015": 19, "2016": 10, "2017": 6, "2018": 8, "2019": 10, "2020": 1, "1989": 1}, "old_citations": {"1990": 56, "1991": 257, "1993": 304}, "isVisible": false}, "computer programming languages": {"name": "computer programming languages", "type": "topic", "h_index": 746, "h5_index": 154, "num_publications": 33, "num_citations": 597, "num_publications_5y": 0, "num_citations_5y": 52, "num_publications_10y": 0, "num_citations_10y": 145, "publications_years": {"1990": 4, "1991": 15, "1993": 14}, "citations_years": {"1990": 1, "1991": 14, "1992": 27, "1993": 29, "1994": 39, "1995": 43, "1996": 26, "1997": 29, "1998": 23, "1999": 33, "2000": 22, "2001": 18, "2002": 19, "2003": 24, "2004": 18, "2005": 22, "2006": 13, "2007": 18, "2008": 22, "2009": 20, "2010": 19, "2011": 16, "2012": 20, "2013": 18, "2014": 9, "2015": 19, "2016": 10, "2017": 6, "2018": 8, "2019": 10, "2020": 1, "1989": 1}, "old_citations": {"1990": 56, "1991": 257, "1993": 304}, "isVisible": false}, "computer systems": {"name": "computer systems", "type": "topic", "h_index": 1595, "h5_index": 367, "num_publications": 30, "num_citations": 541, "num_publications_5y": 0, "num_citations_5y": 38, "num_publications_10y": 0, "num_citations_10y": 122, "publications_years": {"1990": 4, "1993": 12, "1991": 14}, "citations_years": {"1990": 1, "1991": 14, "1992": 26, "1993": 28, "1994": 38, "1995": 42, "1996": 22, "1997": 27, "1998": 15, "1999": 30, "2000": 22, "2001": 18, "2002": 18, "2003": 22, "2004": 15, "2005": 24, "2006": 11, "2007": 18, "2008": 19, "2009": 21, "2010": 16, "2011": 14, "2012": 18, "2013": 15, "2014": 8, "2015": 12, "2016": 7, "2017": 3, "2018": 8, "2019": 7, "2020": 1, "1989": 1}, "old_citations": {"1990": 56, "1993": 262, "1991": 253}, "isVisible": false}, "artificial intelligence": {"name": "artificial intelligence", "type": "topic", "h_index": 1421, "h5_index": 373, "num_publications": 26, "num_citations": 439, "num_publications_5y": 0, "num_citations_5y": 41, "num_publications_10y": 0, "num_citations_10y": 116, "publications_years": {"1990": 3, "1993": 12, "1991": 11}, "citations_years": {"1990": 1, "1991": 11, "1992": 19, "1993": 21, "1994": 26, "1995": 29, "1996": 19, "1997": 21, "1998": 17, "1999": 22, "2000": 14, "2001": 14, "2002": 14, "2003": 16, "2004": 13, "2005": 14, "2006": 12, "2007": 14, "2008": 17, "2009": 16, "2010": 15, "2011": 14, "2012": 15, "2013": 15, "2014": 8, "2015": 16, "2016": 10, "2017": 4, "2018": 3, "2019": 7, "2020": 1, "1989": 1}, "old_citations": {"1990": 54, "1993": 265, "1991": 150}, "isVisible": false}, "theoretical computer science": {"name": "theoretical computer science", "type": "topic", "h_index": 883, "h5_index": 203, "num_publications": 25, "num_citations": 377, "num_publications_5y": 0, "num_citations_5y": 35, "num_publications_10y": 0, "num_citations_10y": 81, "publications_years": {"1990": 3, "1991": 9, "1993": 13}, "citations_years": {"1990": 1, "1991": 7, "1992": 18, "1993": 21, "1994": 27, "1995": 29, "1996": 17, "1997": 11, "1998": 12, "1999": 23, "2000": 12, "2001": 13, "2002": 16, "2003": 18, "2004": 11, "2005": 16, "2006": 9, "2007": 14, "2008": 11, "2009": 11, "2010": 7, "2011": 6, "2012": 12, "2013": 10, "2014": 3, "2015": 14, "2016": 5, "2017": 4, "2018": 9, "2019": 9, "2020": 1}, "old_citations": {"1990": 30, "1991": 179, "1993": 188}, "isVisible": false}, "formal languages and automata theory": {"name": "formal languages and automata theory", "type": "topic", "h_index": 546, "h5_index": 122, "num_publications": 20, "num_citations": 318, "num_publications_5y": 0, "num_citations_5y": 32, "num_publications_10y": 0, "num_citations_10y": 68, "publications_years": {"1990": 3, "1991": 9, "1993": 8}, "citations_years": {"1990": 1, "1991": 7, "1992": 18, "1993": 18, "1994": 20, "1995": 24, "1996": 15, "1997": 10, "1998": 12, "1999": 21, "2000": 10, "2001": 12, "2002": 13, "2003": 15, "2004": 9, "2005": 10, "2006": 7, "2007": 10, "2008": 10, "2009": 6, "2010": 5, "2011": 5, "2012": 11, "2013": 9, "2014": 3, "2015": 14, "2016": 4, "2017": 4, "2018": 7, "2019": 7, "2020": 1}, "old_citations": {"1990": 30, "1991": 179, "1993": 129}, "isVisible": false}, "formal logic": {"name": "formal logic", "type": "topic", "h_index": 532, "h5_index": 93, "num_publications": 20, "num_citations": 401, "num_publications_5y": 0, "num_citations_5y": 38, "num_publications_10y": 0, "num_citations_10y": 108, "publications_years": {"1990": 3, "1991": 9, "1993": 8}, "citations_years": {"1990": 1, "1991": 10, "1992": 17, "1993": 18, "1994": 23, "1995": 26, "1996": 15, "1997": 18, "1998": 16, "1999": 21, "2000": 14, "2001": 13, "2002": 13, "2003": 15, "2004": 11, "2005": 13, "2006": 11, "2007": 13, "2008": 17, "2009": 16, "2010": 14, "2011": 12, "2012": 13, "2013": 15, "2014": 7, "2015": 15, "2016": 9, "2017": 4, "2018": 3, "2019": 6, "2020": 1, "1989": 1}, "old_citations": {"1990": 54, "1991": 130, "1993": 237}, "isVisible": false}, "linguistics": {"name": "linguistics", "type": "topic", "h_index": 867, "h5_index": 206, "num_publications": 19, "num_citations": 438, "num_publications_5y": 0, "num_citations_5y": 42, "num_publications_10y": 0, "num_citations_10y": 115, "publications_years": {"1990": 2, "1991": 7, "1993": 10}, "citations_years": {"1990": 1, "1991": 4, "1992": 16, "1993": 20, "1994": 23, "1995": 26, "1996": 14, "1997": 18, "1998": 18, "1999": 28, "2000": 17, "2001": 12, "2002": 17, "2003": 22, "2004": 13, "2005": 19, "2006": 13, "2007": 14, "2008": 19, "2009": 15, "2010": 16, "2011": 11, "2012": 17, "2013": 14, "2014": 7, "2015": 17, "2016": 8, "2017": 6, "2018": 4, "2019": 8, "2020": 1}, "old_citations": {"1990": 28, "1991": 162, "1993": 268}, "isVisible": false}, "semantics": {"name": "semantics", "type": "topic", "h_index": 803, "h5_index": 226, "num_publications": 19, "num_citations": 351, "num_publications_5y": 0, "num_citations_5y": 33, "num_publications_10y": 0, "num_citations_10y": 90, "publications_years": {"1990": 2, "1991": 5, "1993": 12}, "citations_years": {"1990": 1, "1991": 5, "1992": 13, "1993": 15, "1994": 21, "1995": 20, "1996": 15, "1997": 19, "1998": 14, "1999": 20, "2000": 9, "2001": 12, "2002": 11, "2003": 16, "2004": 11, "2005": 13, "2006": 11, "2007": 12, "2008": 14, "2009": 16, "2010": 13, "2011": 8, "2012": 11, "2013": 9, "2014": 4, "2015": 12, "2016": 8, "2017": 4, "2018": 5, "2019": 9}, "old_citations": {"1990": 28, "1991": 76, "1993": 262}, "isVisible": false}, "mathematics": {"name": "mathematics", "type": "topic", "h_index": 1364, "h5_index": 300, "num_publications": 17, "num_citations": 262, "num_publications_5y": 0, "num_citations_5y": 27, "num_publications_10y": 0, "num_citations_10y": 70, "publications_years": {"1993": 9, "1991": 6, "1990": 2}, "citations_years": {"1994": 17, "1995": 17, "1996": 6, "1997": 5, "1998": 6, "1999": 11, "2000": 12, "2001": 7, "2002": 14, "2003": 11, "2004": 9, "2005": 14, "2006": 5, "2007": 9, "2008": 9, "2009": 10, "2010": 8, "2011": 7, "2012": 8, "2013": 10, "2014": 4, "2015": 10, "2016": 5, "2017": 2, "2018": 6, "2019": 4, "1993": 16, "1992": 12, "1991": 7, "1989": 1, "1990": 0}, "old_citations": {"1993": 120, "1991": 120, "1990": 32}, "isVisible": false}, "software engineering": {"name": "software engineering", "type": "topic", "h_index": 964, "h5_index": 236, "num_publications": 16, "num_citations": 186, "num_publications_5y": 0, "num_citations_5y": 10, "num_publications_10y": 0, "num_citations_10y": 34, "publications_years": {"1990": 2, "1991": 9, "1993": 5}, "citations_years": {"1994": 15, "1995": 21, "1996": 8, "1997": 8, "1998": 7, "1999": 13, "1993": 11, "2000": 7, "2001": 9, "2002": 6, "2003": 5, "2004": 3, "2005": 2, "2006": 1, "2007": 5, "2008": 3, "2009": 3, "2010": 3, "2011": 6, "2012": 4, "2013": 8, "2014": 3, "2015": 3, "2016": 2, "2017": 1, "2018": 1, "2019": 3, "2020": 1, "1991": 10, "1992": 13, "1989": 1, "1990": 0}, "old_citations": {"1990": 39, "1991": 122, "1993": 45}, "isVisible": false}, "computer hardware": {"name": "computer hardware", "type": "topic", "h_index": 1150, "h5_index": 279, "num_publications": 14, "num_citations": 93, "num_publications_5y": 0, "num_citations_5y": 8, "num_publications_10y": 0, "num_citations_10y": 24, "publications_years": {"1990": 2, "1993": 7, "1991": 5}, "citations_years": {"1994": 4, "1995": 9, "1996": 8, "1997": 4, "1998": 3, "1999": 6, "1993": 7, "2000": 1, "2001": 2, "2002": 2, "2003": 1, "2004": 5, "2005": 2, "2006": 3, "2007": 2, "2008": 0, "2009": 0, "2010": 3, "2011": 3, "2012": 6, "2013": 4, "2014": 4, "2015": 1, "2016": 2, "2017": 1, "2018": 0, "2019": 3, "2020": 1, "1992": 4, "1991": 2}, "old_citations": {"1990": 19, "1993": 65, "1991": 37}, "isVisible": false}, "distributed computer systems": {"name": "distributed computer systems", "type": "topic", "h_index": 985, "h5_index": 228, "num_publications": 14, "num_citations": 216, "num_publications_5y": 0, "num_citations_5y": 16, "num_publications_10y": 0, "num_citations_10y": 34, "publications_years": {"1990": 1, "1991": 9, "1993": 4}, "citations_years": {"1994": 15, "1995": 20, "1996": 7, "1997": 9, "1998": 6, "1999": 13, "2000": 13, "2001": 12, "2002": 8, "2003": 12, "2004": 4, "2005": 8, "2006": 2, "2007": 7, "2008": 7, "2009": 4, "2010": 3, "2011": 4, "2012": 4, "2013": 3, "2014": 2, "2015": 4, "2016": 3, "2017": 1, "2018": 6, "2019": 4, "1993": 15, "1991": 5, "1992": 15}, "old_citations": {"1990": 13, "1991": 200, "1993": 21}, "isVisible": false}, "distributed systems": {"name": "distributed systems", "type": "topic", "h_index": 859, "h5_index": 209, "num_publications": 14, "num_citations": 216, "num_publications_5y": 0, "num_citations_5y": 16, "num_publications_10y": 0, "num_citations_10y": 34, "publications_years": {"1990": 1, "1991": 9, "1993": 4}, "citations_years": {"1994": 15, "1995": 20, "1996": 7, "1997": 9, "1998": 6, "1999": 13, "2000": 13, "2001": 12, "2002": 8, "2003": 12, "2004": 4, "2005": 8, "2006": 2, "2007": 7, "2008": 7, "2009": 4, "2010": 3, "2011": 4, "2012": 4, "2013": 3, "2014": 2, "2015": 4, "2016": 3, "2017": 1, "2018": 6, "2019": 4, "1993": 15, "1991": 5, "1992": 15}, "old_citations": {"1990": 13, "1991": 200, "1993": 21}, "isVisible": false}, "embedded systems": {"name": "embedded systems", "type": "topic", "h_index": 799, "h5_index": 168, "num_publications": 14, "num_citations": 173, "num_publications_5y": 0, "num_citations_5y": 10, "num_publications_10y": 0, "num_citations_10y": 34, "publications_years": {"1990": 2, "1991": 8, "1993": 4}, "citations_years": {"1994": 13, "1995": 20, "1996": 7, "1997": 8, "1998": 7, "1999": 12, "1993": 8, "2000": 5, "2001": 7, "2002": 5, "2003": 5, "2004": 3, "2005": 2, "2006": 1, "2007": 5, "2008": 3, "2009": 3, "2010": 3, "2011": 6, "2012": 4, "2013": 8, "2014": 3, "2015": 3, "2016": 2, "2017": 1, "2018": 1, "2019": 3, "2020": 1, "1991": 10, "1992": 13, "1989": 1, "1990": 0}, "old_citations": {"1990": 39, "1991": 114, "1993": 40}, "isVisible": false}, "parallel processing systems": {"name": "parallel processing systems", "type": "topic", "h_index": 845, "h5_index": 208, "num_publications": 14, "num_citations": 216, "num_publications_5y": 0, "num_citations_5y": 16, "num_publications_10y": 0, "num_citations_10y": 34, "publications_years": {"1990": 1, "1991": 9, "1993": 4}, "citations_years": {"1994": 15, "1995": 20, "1996": 7, "1997": 9, "1998": 6, "1999": 13, "2000": 13, "2001": 12, "2002": 8, "2003": 12, "2004": 4, "2005": 8, "2006": 2, "2007": 7, "2008": 7, "2009": 4, "2010": 3, "2011": 4, "2012": 4, "2013": 3, "2014": 2, "2015": 4, "2016": 3, "2017": 1, "2018": 6, "2019": 4, "1993": 15, "1991": 5, "1992": 15}, "old_citations": {"1990": 13, "1991": 200, "1993": 21}, "isVisible": false}, "formal methods": {"name": "formal methods", "type": "topic", "h_index": 365, "h5_index": 59, "num_publications": 13, "num_citations": 167, "num_publications_5y": 0, "num_citations_5y": 12, "num_publications_10y": 0, "num_citations_10y": 36, "publications_years": {"1990": 3, "1991": 4, "1993": 6}, "citations_years": {"1990": 1, "1991": 8, "1992": 11, "1993": 12, "1994": 15, "1995": 17, "1996": 10, "1997": 5, "1998": 9, "1999": 7, "2000": 5, "2001": 3, "2002": 2, "2003": 4, "2004": 3, "2005": 2, "2006": 5, "2007": 4, "2008": 4, "2009": 4, "2010": 4, "2011": 4, "2012": 5, "2013": 7, "2014": 3, "2015": 3, "2016": 3, "2017": 2, "2018": 1, "2019": 2, "2020": 1, "1989": 1}, "old_citations": {"1990": 54, "1991": 68, "1993": 65}, "isVisible": false}, "database systems": {"name": "database systems", "type": "topic", "h_index": 1167, "h5_index": 276, "num_publications": 12, "num_citations": 331, "num_publications_5y": 0, "num_citations_5y": 24, "num_publications_10y": 0, "num_citations_10y": 84, "publications_years": {"1991": 6, "1993": 5, "1990": 1}, "citations_years": {"1991": 3, "1992": 11, "1993": 13, "1994": 22, "1995": 23, "1996": 12, "1997": 20, "1998": 10, "1999": 17, "2000": 13, "2001": 11, "2002": 11, "2003": 14, "2004": 9, "2005": 17, "2006": 9, "2007": 14, "2008": 13, "2009": 16, "2010": 12, "2011": 11, "2012": 11, "2013": 10, "2014": 6, "2015": 7, "2016": 6, "2017": 2, "2018": 3, "2019": 4, "2020": 1}, "old_citations": {"1991": 117, "1993": 212, "1990": 2}, "isVisible": false}, "software design": {"name": "software design", "type": "topic", "h_index": 907, "h5_index": 227, "num_publications": 12, "num_citations": 144, "num_publications_5y": 0, "num_citations_5y": 7, "num_publications_10y": 0, "num_citations_10y": 22, "publications_years": {"1990": 2, "1991": 9, "1993": 1}, "citations_years": {"1991": 10, "1992": 13, "1993": 9, "1994": 12, "1995": 15, "1996": 4, "1997": 8, "1998": 5, "1999": 8, "2000": 6, "2001": 9, "2002": 5, "2003": 5, "2004": 2, "2005": 2, "2006": 0, "2007": 4, "2008": 3, "2009": 3, "2010": 2, "2011": 5, "2012": 0, "2013": 5, "2014": 1, "2015": 3, "2016": 2, "2017": 0, "2018": 1, "2019": 1, "1989": 1, "1990": 0}, "old_citations": {"1990": 39, "1991": 122, "1993": 3}, "isVisible": false}, "automata theory": {"name": "automata theory", "type": "topic", "h_index": 432, "h5_index": 93, "num_publications": 11, "num_citations": 250, "num_publications_5y": 0, "num_citations_5y": 28, "num_publications_10y": 0, "num_citations_10y": 60, "publications_years": {"1993": 4, "1990": 1, "1991": 6}, "citations_years": {"1994": 12, "1995": 19, "1996": 10, "1997": 8, "1998": 8, "1999": 16, "2000": 10, "2001": 10, "2002": 13, "2003": 12, "2004": 8, "2005": 9, "2006": 3, "2007": 9, "2008": 8, "2009": 5, "2010": 3, "2011": 5, "2012": 10, "2013": 9, "2014": 3, "2015": 12, "2016": 3, "2017": 3, "2018": 7, "2019": 7, "1993": 11, "2020": 1, "1992": 12, "1991": 4}, "old_citations": {"1993": 99, "1990": 2, "1991": 149}, "isVisible": false}, "computational linguistics": {"name": "computational linguistics", "type": "topic", "h_index": 668, "h5_index": 175, "num_publications": 4, "num_citations": 202, "num_publications_5y": 0, "num_citations_5y": 15, "num_publications_10y": 0, "num_citations_10y": 57, "publications_years": {"1993": 3, "1991": 1}, "citations_years": {"1992": 5, "1993": 6, "1994": 6, "1995": 10, "1996": 7, "1997": 11, "1998": 7, "1999": 12, "2000": 8, "2001": 7, "2002": 8, "2003": 10, "2004": 7, "2005": 10, "2006": 7, "2007": 8, "2008": 10, "2009": 10, "2010": 9, "2011": 6, "2012": 10, "2013": 7, "2014": 5, "2015": 4, "2016": 4, "2017": 2, "2018": 0, "2019": 4, "2020": 1, "1991": 1}, "old_citations": {"1993": 166, "1991": 36}, "isVisible": false}, "functional programming": {"name": "functional programming", "type": "topic", "h_index": 204, "h5_index": 36, "num_publications": 7, "num_citations": 200, "num_publications_5y": 0, "num_citations_5y": 21, "num_publications_10y": 0, "num_citations_10y": 47, "publications_years": {"1993": 3, "1991": 4}, "citations_years": {"1994": 12, "1995": 11, "1996": 2, "1997": 6, "1998": 8, "1999": 13, "2000": 9, "2001": 8, "2002": 12, "2003": 12, "2004": 7, "2005": 10, "2006": 2, "2007": 7, "2008": 8, "2009": 4, "2010": 6, "2011": 4, "2012": 6, "2013": 6, "2014": 2, "2015": 9, "2016": 3, "2017": 3, "2018": 4, "2019": 5, "1992": 10, "1993": 10, "1991": 1}, "old_citations": {"1993": 72, "1991": 128}, "isVisible": false}}, "authors": {"2000875120": {"name": "shai geva", "type": "author", "activity": 3, "h_index": 2, "h5_index": 0, "mag_id": "2000875120", "num_publications": 2, "num_citations": 9, "num_publications_5y": 0, "num_citations_5y": 0, "num_publications_10y": 0, "num_citations_10y": 0, "publications_years": {"1993": 1, "1991": 1}, "citations_years": {"1993": 3, "1992": 1, "1994": 0, "1995": 1, "1996": 1, "1997": 1, "1998": 0, "1999": 0, "2000": 0, "2001": 1, "2002": 0, "2003": 0, "2004": 1}, "old_citations": {"1993": 1, "1991": 8}, "isVisible": false}, "2043604325": {"name": "kim b bruce", "type": "author", "activity": 29, "h_index": 23, "h5_index": 3, "mag_id": "2043604325", "num_publications": 2, "num_citations": 31, "num_publications_5y": 0, "num_citations_5y": 1, "num_publications_10y": 0, "num_citations_10y": 1, "publications_years": {"1993": 1, "1991": 1}, "citations_years": {"1993": 5, "1994": 5, "1995": 4, "1996": 2, "1997": 2, "1998": 1, "1999": 1, "2000": 0, "2001": 1, "2002": 0, "2003": 2, "2004": 0, "2005": 0, "2006": 4, "2007": 0, "2008": 0, "2009": 0, "2010": 0, "2011": 0, "2012": 0, "2013": 0, "2014": 0, "2015": 0, "2016": 1, "1992": 3}, "old_citations": {"1993": 8, "1991": 23}, "isVisible": false}, "2102799057": {"name": "alan jeffrey", "type": "author", "activity": 29, "h_index": 21, "h5_index": 3, "mag_id": "2102799057", "num_publications": 2, "num_citations": 9, "num_publications_5y": 0, "num_citations_5y": 0, "num_publications_10y": 0, "num_citations_10y": 0, "publications_years": {"1993": 2}, "citations_years": {"1994": 2, "1995": 2, "1996": 0, "1997": 0, "1998": 0, "1999": 1, "2000": 1, "2001": 0, "2002": 0, "2003": 0, "2004": 0, "2005": 0, "2006": 0, "2007": 0, "2008": 0, "2009": 0, "2010": 0, "2011": 0, "2012": 0, "2013": 0, "2014": 0, "2015": 0, "2016": 0, "2017": 0, "2018": 0, "2019": 1, "1993": 2}, "old_citations": {"1993": 9}, "isVisible": false}, "2115786145": {"name": "stephen brookes", "type": "author", "activity": 28, "h_index": 8, "h5_index": 2, "mag_id": "2115786145", "num_publications": 2, "num_citations": 9, "num_publications_5y": 0, "num_citations_5y": 0, "num_publications_10y": 0, "num_citations_10y": 0, "publications_years": {"1993": 1, "1991": 1}, "citations_years": {"1993": 3, "1992": 1, "1994": 0, "1995": 1, "1996": 1, "1997": 1, "1998": 0, "1999": 0, "2000": 0, "2001": 1, "2002": 0, "2003": 0, "2004": 1}, "old_citations": {"1993": 1, "1991": 8}, "isVisible": false}, "2136932367": {"name": "steve schneider", "type": "author", "activity": 30, "h_index": 29, "h5_index": 4, "mag_id": "2136932367", "num_publications": 2, "num_citations": 3, "num_publications_5y": 0, "num_citations_5y": 0, "num_publications_10y": 0, "num_citations_10y": 1, "publications_years": {"1990": 1, "1993": 1}, "citations_years": {"1995": 2, "1996": 0, "1997": 0, "1998": 0, "1999": 0, "2000": 0, "2001": 0, "2002": 0, "2003": 0, "2004": 0, "2005": 0, "2006": 0, "2007": 0, "2008": 0, "2009": 0, "2010": 0, "2011": 0, "2012": 0, "2013": 1}, "old_citations": {"1990": 13, "1993": 3}, "isVisible": false}, "97134358": {"name": "olivier danvy", "type": "author", "activity": 30, "h_index": 28, "h5_index": 1, "mag_id": "97134358", "num_publications": 1, "num_citations": 17, "num_publications_5y": 0, "num_citations_5y": 2, "num_publications_10y": 0, "num_citations_10y": 4, "publications_years": {"1993": 1}, "citations_years": {"1994": 1, "1995": 0, "1996": 2, "1997": 0, "1998": 3, "1999": 0, "2000": 0, "2001": 1, "2002": 0, "2003": 1, "2004": 1, "2005": 1, "2006": 0, "2007": 1, "2008": 2, "2009": 1, "2010": 1, "2011": 0, "2012": 0, "2013": 0, "2014": 0, "2015": 1, "2016": 0, "2017": 1}, "old_citations": {"1993": 17}, "isVisible": false}, "239433383": {"name": "stefano kasangian", "type": "author", "activity": 30, "h_index": 5, "h5_index": 1, "mag_id": "239433383", "num_publications": 1, "num_citations": 6, "num_publications_5y": 0, "num_citations_5y": 0, "num_publications_10y": 0, "num_citations_10y": 2, "publications_years": {"1991": 1}, "citations_years": {"1991": 1, "1992": 2, "1993": 0, "1994": 0, "1995": 0, "1996": 0, "1997": 0, "1998": 0, "1999": 1, "2000": 0, "2001": 0, "2002": 0, "2003": 0, "2004": 0, "2005": 0, "2006": 0, "2007": 0, "2008": 0, "2009": 0, "2010": 1, "2011": 1}, "old_citations": {"1991": 6}, "isVisible": false}, "279913708": {"name": "davide sangiorgi", "type": "author", "activity": 30, "h_index": 28, "h5_index": 2, "mag_id": "279913708", "num_publications": 1, "num_citations": 15, "num_publications_5y": 0, "num_citations_5y": 3, "num_publications_10y": 0, "num_citations_10y": 6, "publications_years": {"1993": 1}, "citations_years": {"1995": 1, "1996": 2, "1997": 0, "1998": 0, "1999": 1, "2000": 1, "2001": 1, "2002": 0, "2003": 0, "2004": 0, "2005": 0, "2006": 0, "2007": 1, "2008": 0, "2009": 2, "2010": 0, "2011": 0, "2012": 1, "2013": 0, "2014": 0, "2015": 0, "2016": 0, "2017": 0, "2018": 3, "2019": 2}, "old_citations": {"1993": 15}, "isVisible": false}, "310684297": {"name": "frank j oles", "type": "author", "activity": 19, "h_index": 13, "h5_index": 0, "mag_id": "310684297", "num_publications": 1, "num_citations": 12, "num_publications_5y": 0, "num_citations_5y": 0, "num_publications_10y": 0, "num_citations_10y": 0, "publications_years": {"1991": 1}, "citations_years": {"1991": 2, "1992": 1, "1993": 0, "1994": 1, "1995": 2, "1996": 2, "1997": 0, "1998": 1, "1999": 2, "2000": 0, "2001": 0, "2002": 0, "2003": 1}, "old_citations": {"1991": 12}, "isVisible": false}, "712653741": {"name": "hussein zedan", "type": "author", "activity": 29, "h_index": 17, "h5_index": 1, "mag_id": "712653741", "num_publications": 1, "num_citations": 4, "num_publications_5y": 0, "num_citations_5y": 0, "num_publications_10y": 0, "num_citations_10y": 0, "publications_years": {"1993": 1}, "citations_years": {"1994": 1, "1995": 0, "1996": 0, "1997": 0, "1998": 0, "1999": 3}, "old_citations": {"1993": 4}, "isVisible": false}, "1517450116": {"name": "jon barwise", "type": "author", "activity": 27, "h_index": 12, "h5_index": 2, "mag_id": "1517450116", "num_publications": 1, "num_citations": 14, "num_publications_5y": 0, "num_citations_5y": 1, "num_publications_10y": 0, "num_citations_10y": 2, "publications_years": {"1991": 1}, "citations_years": {"1993": 2, "1994": 3, "1995": 2, "1996": 2, "1997": 2, "1998": 1, "1999": 0, "2000": 0, "2001": 0, "2002": 0, "2003": 0, "2004": 0, "2005": 0, "2006": 0, "2007": 0, "2008": 0, "2009": 0, "2010": 0, "2011": 1, "2012": 0, "2013": 0, "2014": 1}, "old_citations": {"1991": 14}, "isVisible": false}, "1971317241": {"name": "reinhold heckmann", "type": "author", "activity": 26, "h_index": 15, "h5_index": 0, "mag_id": "1971317241", "num_publications": 1, "num_citations": 0, "num_publications_5y": 0, "num_citations_5y": 0, "num_publications_10y": 0, "num_citations_10y": 0, "publications_years": {"1993": 1}, "citations_years": {}, "old_citations": {"1993": 10}, "isVisible": false}, "1981077923": {"name": "john hatcliff", "type": "author", "activity": 28, "h_index": 33, "h5_index": 3, "mag_id": "1981077923", "num_publications": 1, "num_citations": 17, "num_publications_5y": 0, "num_citations_5y": 2, "num_publications_10y": 0, "num_citations_10y": 4, "publications_years": {"1993": 1}, "citations_years": {"1994": 1, "1995": 0, "1996": 2, "1997": 0, "1998": 3, "1999": 0, "2000": 0, "2001": 1, "2002": 0, "2003": 1, "2004": 1, "2005": 1, "2006": 0, "2007": 1, "2008": 2, "2009": 1, "2010": 1, "2011": 0, "2012": 0, "2013": 0, "2014": 0, "2015": 1, "2016": 0, "2017": 1}, "old_citations": {"1993": 17}, "isVisible": false}, "1984790753": {"name": "anna labella", "type": "author", "activity": 30, "h_index": 7, "h5_index": 1, "mag_id": "1984790753", "num_publications": 1, "num_citations": 6, "num_publications_5y": 0, "num_citations_5y": 0, "num_publications_10y": 0, "num_citations_10y": 2, "publications_years": {"1991": 1}, "citations_years": {"1991": 1, "1992": 2, "1993": 0, "1994": 0, "1995": 0, "1996": 0, "1997": 0, "1998": 0, "1999": 1, "2000": 0, "2001": 0, "2002": 0, "2003": 0, "2004": 0, "2005": 0, "2006": 0, "2007": 0, "2008": 0, "2009": 0, "2010": 1, "2011": 1}, "old_citations": {"1991": 6}, "isVisible": false}, "2020154163": {"name": "pierrelouis curien", "type": "author", "activity": 29, "h_index": 14, "h5_index": 1, "mag_id": "2020154163", "num_publications": 1, "num_citations": 41, "num_publications_5y": 0, "num_citations_5y": 2, "num_publications_10y": 0, "num_citations_10y": 12, "publications_years": {"1993": 1}, "citations_years": {"1994": 3, "1995": 2, "1996": 1, "1997": 1, "1998": 0, "1999": 1, "2000": 1, "2001": 1, "2002": 3, "2003": 2, "2004": 2, "2005": 6, "2006": 1, "2007": 4, "2008": 1, "2009": 5, "2010": 2, "2011": 1, "2012": 1, "2013": 1, "2014": 0, "2015": 0, "2016": 0, "2017": 0, "2018": 2}, "old_citations": {"1993": 41}, "isVisible": false}, "2021889967": {"name": "zoltan esik", "type": "author", "activity": 27, "h_index": 9, "h5_index": 0, "mag_id": "2021889967", "num_publications": 1, "num_citations": 8, "num_publications_5y": 0, "num_citations_5y": 0, "num_publications_10y": 0, "num_citations_10y": 0, "publications_years": {"1991": 1}, "citations_years": {"1993": 2, "1994": 0, "1995": 0, "1996": 0, "1997": 0, "1998": 0, "1999": 1, "2000": 2, "2001": 2, "2002": 1}, "old_citations": {"1991": 8}, "isVisible": false}, "2035163501": {"name": "radha jagadeesan", "type": "author", "activity": 30, "h_index": 26, "h5_index": 3, "mag_id": "2035163501", "num_publications": 1, "num_citations": 2, "num_publications_5y": 0, "num_citations_5y": 0, "num_publications_10y": 0, "num_citations_10y": 0, "publications_years": {"1990": 1}, "citations_years": {"1994": 1, "1995": 0, "1996": 0, "1997": 1}, "old_citations": {"1990": 2}, "isVisible": false}, "2053951891": {"name": "luca aceto", "type": "author", "activity": 29, "h_index": 16, "h5_index": 6, "mag_id": "2053951891", "num_publications": 1, "num_citations": 7, "num_publications_5y": 0, "num_citations_5y": 0, "num_publications_10y": 0, "num_citations_10y": 0, "publications_years": {"1991": 1}, "citations_years": {"1991": 1, "1992": 1, "1993": 0, "1994": 1, "1995": 1, "1996": 0, "1997": 2, "1998": 0, "1999": 0, "2000": 0, "2001": 1}, "old_citations": {"1991": 7}, "isVisible": false}, "2060729710": {"name": "philip wadler", "type": "author", "activity": 31, "h_index": 45, "h5_index": 6, "mag_id": "2060729710", "num_publications": 1, "num_citations": 133, "num_publications_5y": 0, "num_citations_5y": 12, "num_publications_10y": 0, "num_citations_10y": 45, "publications_years": {"1993": 1}, "citations_years": {"1992": 1, "1993": 1, "1994": 3, "1995": 4, "1996": 4, "1997": 9, "1998": 4, "1999": 7, "2000": 7, "2001": 2, "2002": 4, "2003": 7, "2004": 5, "2005": 9, "2006": 6, "2007": 5, "2008": 9, "2009": 10, "2010": 8, "2011": 5, "2012": 6, "2013": 4, "2014": 3, "2015": 4, "2016": 4, "2017": 1, "2018": 0, "2019": 1}, "old_citations": {"1993": 133}, "isVisible": false}, "2084879063": {"name": "philip s mulry", "type": "author", "activity": 26, "h_index": 3, "h5_index": 0, "mag_id": "2084879063", "num_publications": 1, "num_citations": 39, "num_publications_5y": 0, "num_citations_5y": 12, "num_publications_10y": 0, "num_citations_10y": 22, "publications_years": {"1993": 1}, "citations_years": {"1994": 1, "1995": 1, "1996": 1, "1997": 0, "1998": 2, "1999": 1, "2000": 0, "2001": 0, "2002": 3, "2003": 1, "2004": 1, "2005": 0, "2006": 0, "2007": 2, "2008": 2, "2009": 2, "2010": 1, "2011": 2, "2012": 2, "2013": 3, "2014": 1, "2015": 6, "2016": 2, "2017": 1, "2018": 2, "2019": 2}, "old_citations": {"1993": 39}, "isVisible": false}, "2085352590": {"name": "allen stoughton", "type": "author", "activity": 1, "h_index": 1, "h5_index": 0, "mag_id": "2085352590", "num_publications": 1, "num_citations": 6, "num_publications_5y": 0, "num_citations_5y": 2, "num_publications_10y": 0, "num_citations_10y": 3, "publications_years": {"1990": 1}, "citations_years": {"1991": 1, "1992": 0, "1993": 1, "1994": 0, "1995": 0, "1996": 0, "1997": 0, "1998": 0, "1999": 0, "2000": 0, "2001": 0, "2002": 0, "2003": 0, "2004": 0, "2005": 0, "2006": 1, "2007": 0, "2008": 0, "2009": 0, "2010": 0, "2011": 0, "2012": 0, "2013": 1, "2014": 1, "2015": 0, "2016": 1}, "old_citations": {"1990": 6}, "isVisible": false}, "2088714450": {"name": "ralph kopperman", "type": "author", "activity": 15, "h_index": 6, "h5_index": 0, "mag_id": "2088714450", "num_publications": 1, "num_citations": 11, "num_publications_5y": 0, "num_citations_5y": 0, "num_publications_10y": 0, "num_citations_10y": 1, "publications_years": {"1993": 1}, "citations_years": {"1996": 2, "1997": 1, "1998": 1, "1999": 1, "2000": 0, "2001": 0, "2002": 2, "2003": 1, "2004": 1, "2005": 0, "2006": 0, "2007": 0, "2008": 1, "2009": 0, "2010": 1}, "old_citations": {"1993": 11}, "isVisible": false}, "2089844416": {"name": "giuseppe rosolini", "type": "author", "activity": 18, "h_index": 6, "h5_index": 0, "mag_id": "2089844416", "num_publications": 1, "num_citations": 6, "num_publications_5y": 0, "num_citations_5y": 0, "num_publications_10y": 0, "num_citations_10y": 0, "publications_years": {"1991": 1}, "citations_years": {"1991": 1, "1992": 0, "1993": 0, "1994": 1, "1995": 0, "1996": 0, "1997": 1, "1998": 0, "1999": 1, "2000": 0, "2001": 1, "2002": 0, "2003": 0, "2004": 0, "2005": 0, "2006": 0, "2007": 0, "2008": 1}, "old_citations": {"1991": 6}, "isVisible": false}, "2106794147": {"name": "jim davies", "type": "author", "activity": 30, "h_index": 18, "h5_index": 0, "mag_id": "2106794147", "num_publications": 1, "num_citations": 0, "num_publications_5y": 0, "num_citations_5y": 0, "num_publications_10y": 0, "num_citations_10y": 0, "publications_years": {"1990": 1}, "citations_years": {}, "old_citations": {"1990": 13}, "isVisible": false}, "2116490702": {"name": "j j m m rutten", "type": "author", "activity": 30, "h_index": 22, "h5_index": 2, "mag_id": "2116490702", "num_publications": 1, "num_citations": 0, "num_publications_5y": 0, "num_citations_5y": 0, "num_publications_10y": 0, "num_citations_10y": 0, "publications_years": {"1991": 1}, "citations_years": {}, "old_citations": {"1991": 2}, "isVisible": false}, "2121322035": {"name": "g m reed", "type": "author", "activity": 13, "h_index": 4, "h5_index": 0, "mag_id": "2121322035", "num_publications": 1, "num_citations": 26, "num_publications_5y": 0, "num_citations_5y": 0, "num_publications_10y": 0, "num_citations_10y": 6, "publications_years": {"1990": 1}, "citations_years": {"1989": 1, "1990": 0, "1991": 5, "1992": 4, "1993": 2, "1994": 3, "1995": 1, "1996": 0, "1997": 0, "1998": 1, "1999": 0, "2000": 0, "2001": 0, "2002": 1, "2003": 0, "2004": 1, "2005": 0, "2006": 0, "2007": 0, "2008": 1, "2009": 2, "2010": 1, "2011": 1, "2012": 0, "2013": 2}, "old_citations": {"1990": 26}, "isVisible": false}, "2124415778": {"name": "wang yi", "type": "author", "activity": 31, "h_index": 47, "h5_index": 8, "mag_id": "2124415778", "num_publications": 1, "num_citations": 32, "num_publications_5y": 0, "num_citations_5y": 3, "num_publications_10y": 0, "num_citations_10y": 12, "publications_years": {"1993": 1}, "citations_years": {"1993": 1, "1994": 0, "1995": 4, "1996": 3, "1997": 0, "1998": 2, "1999": 2, "2000": 1, "2001": 0, "2002": 1, "2003": 0, "2004": 1, "2005": 0, "2006": 1, "2007": 1, "2008": 0, "2009": 0, "2010": 1, "2011": 1, "2012": 4, "2013": 3, "2014": 2, "2015": 0, "2016": 0, "2017": 1, "2018": 0, "2019": 2, "2020": 1}, "old_citations": {"1993": 32}, "isVisible": false}, "2146581609": {"name": "kim guldstrand larsen", "type": "author", "activity": 31, "h_index": 58, "h5_index": 8, "mag_id": "2146581609", "num_publications": 1, "num_citations": 32, "num_publications_5y": 0, "num_citations_5y": 3, "num_publications_10y": 0, "num_citations_10y": 12, "publications_years": {"1993": 1}, "citations_years": {"1993": 1, "1994": 0, "1995": 4, "1996": 3, "1997": 0, "1998": 2, "1999": 2, "2000": 1, "2001": 0, "2002": 1, "2003": 0, "2004": 1, "2005": 0, "2006": 1, "2007": 1, "2008": 0, "2009": 0, "2010": 1, "2011": 1, "2012": 4, "2013": 3, "2014": 2, "2015": 0, "2016": 0, "2017": 1, "2018": 0, "2019": 2, "2020": 1}, "old_citations": {"1993": 32}, "isVisible": false}, "2156109015": {"name": "marta kwiatkowska", "type": "author", "activity": 30, "h_index": 49, "h5_index": 14, "mag_id": "2156109015", "num_publications": 1, "num_citations": 8, "num_publications_5y": 0, "num_citations_5y": 2, "num_publications_10y": 0, "num_citations_10y": 4, "publications_years": {"1991": 1}, "citations_years": {"1995": 2, "1996": 0, "1997": 1, "1998": 0, "1999": 1, "2000": 0, "2001": 0, "2002": 0, "2003": 0, "2004": 0, "2005": 0, "2006": 0, "2007": 0, "2008": 0, "2009": 0, "2010": 0, "2011": 1, "2012": 0, "2013": 1, "2014": 0, "2015": 2}, "old_citations": {"1991": 8}, "isVisible": false}, "2158463219": {"name": "bard bloom", "type": "author", "activity": 6, "h_index": 8, "h5_index": 0, "mag_id": "2158463219", "num_publications": 1, "num_citations": 8, "num_publications_5y": 0, "num_citations_5y": 2, "num_publications_10y": 0, "num_citations_10y": 4, "publications_years": {"1991": 1}, "citations_years": {"1995": 2, "1996": 0, "1997": 1, "1998": 0, "1999": 1, "2000": 0, "2001": 0, "2002": 0, "2003": 0, "2004": 0, "2005": 0, "2006": 0, "2007": 0, "2008": 0, "2009": 0, "2010": 0, "2011": 1, "2012": 0, "2013": 1, "2014": 0, "2015": 2}, "old_citations": {"1991": 8}, "isVisible": false}, "2164902142": {"name": "stephen l bloom", "type": "author", "activity": 19, "h_index": 5, "h5_index": 0, "mag_id": "2164902142", "num_publications": 1, "num_citations": 8, "num_publications_5y": 0, "num_citations_5y": 0, "num_publications_10y": 0, "num_citations_10y": 0, "publications_years": {"1991": 1}, "citations_years": {"1993": 2, "1994": 0, "1995": 0, "1996": 0, "1997": 0, "1998": 0, "1999": 1, "2000": 2, "2001": 2, "2002": 1}, "old_citations": {"1991": 8}, "isVisible": false}, "2165119604": {"name": "andrew m pitts", "type": "author", "activity": 31, "h_index": 22, "h5_index": 1, "mag_id": "2165119604", "num_publications": 1, "num_citations": 29, "num_publications_5y": 0, "num_citations_5y": 1, "num_publications_10y": 0, "num_citations_10y": 7, "publications_years": {"1993": 1}, "citations_years": {"1994": 2, "1995": 1, "1996": 1, "1997": 3, "1998": 3, "1999": 3, "2000": 1, "2001": 0, "2002": 1, "2003": 1, "2004": 2, "2005": 2, "2006": 0, "2007": 1, "2008": 0, "2009": 1, "2010": 2, "2011": 1, "2012": 1, "2013": 1, "2014": 0, "2015": 0, "2016": 0, "2017": 1, "2018": 0, "2019": 1}, "old_citations": {"1993": 29}, "isVisible": false}, "2205718329": {"name": "g michele pinna", "type": "author", "activity": 28, "h_index": 8, "h5_index": 2, "mag_id": "2205718329", "num_publications": 1, "num_citations": 1, "num_publications_5y": 0, "num_citations_5y": 0, "num_publications_10y": 0, "num_citations_10y": 0, "publications_years": {"1993": 1}, "citations_years": {"1995": 1}, "old_citations": {"1993": 1}, "isVisible": false}, "2274705173": {"name": "eike best", "type": "author", "activity": 29, "h_index": 18, "h5_index": 3, "mag_id": "2274705173", "num_publications": 1, "num_citations": 5, "num_publications_5y": 0, "num_citations_5y": 0, "num_publications_10y": 0, "num_citations_10y": 0, "publications_years": {"1993": 1}, "citations_years": {"1993": 1, "1994": 2, "1995": 1, "1996": 1}, "old_citations": {"1993": 5}, "isVisible": false}, "2277689821": {"name": "jonathan crabtree", "type": "author", "activity": 1, "h_index": 1, "h5_index": 0, "mag_id": "2277689821", "num_publications": 1, "num_citations": 8, "num_publications_5y": 0, "num_citations_5y": 1, "num_publications_10y": 0, "num_citations_10y": 1, "publications_years": {"1993": 1}, "citations_years": {"1993": 1, "1994": 0, "1995": 1, "1996": 1, "1997": 0, "1998": 0, "1999": 0, "2000": 0, "2001": 0, "2002": 0, "2003": 1, "2004": 0, "2005": 0, "2006": 3, "2007": 0, "2008": 0, "2009": 0, "2010": 0, "2011": 0, "2012": 0, "2013": 0, "2014": 0, "2015": 0, "2016": 1}, "old_citations": {"1993": 8}, "isVisible": false}, "2279312039": {"name": "gerlad kanapathy", "type": "author", "activity": 1, "h_index": 1, "h5_index": 0, "mag_id": "2279312039", "num_publications": 1, "num_citations": 8, "num_publications_5y": 0, "num_citations_5y": 1, "num_publications_10y": 0, "num_citations_10y": 1, "publications_years": {"1993": 1}, "citations_years": {"1993": 1, "1994": 0, "1995": 1, "1996": 1, "1997": 0, "1998": 0, "1999": 0, "2000": 0, "2001": 0, "2002": 0, "2003": 1, "2004": 0, "2005": 0, "2006": 3, "2007": 0, "2008": 0, "2009": 0, "2010": 0, "2011": 0, "2012": 0, "2013": 0, "2014": 0, "2015": 0, "2016": 1}, "old_citations": {"1993": 8}, "isVisible": false}, "2286254347": {"name": "john gateley", "type": "author", "activity": 1, "h_index": 1, "h5_index": 0, "mag_id": "2286254347", "num_publications": 1, "num_citations": 4, "num_publications_5y": 0, "num_citations_5y": 0, "num_publications_10y": 0, "num_citations_10y": 1, "publications_years": {"1991": 1}, "citations_years": {"1992": 1, "1993": 0, "1994": 0, "1995": 0, "1996": 0, "1997": 0, "1998": 0, "1999": 0, "2000": 0, "2001": 0, "2002": 0, "2003": 0, "2004": 1, "2005": 1, "2006": 0, "2007": 0, "2008": 0, "2009": 0, "2010": 1}, "old_citations": {"1991": 4}, "isVisible": false}, "2303035752": {"name": "mitchell wand", "type": "author", "activity": 29, "h_index": 21, "h5_index": 2, "mag_id": "2303035752", "num_publications": 1, "num_citations": 36, "num_publications_5y": 0, "num_citations_5y": 0, "num_publications_10y": 0, "num_citations_10y": 0, "publications_years": {"1991": 1}, "citations_years": {"1991": 1, "1992": 4, "1993": 3, "1994": 3, "1995": 2, "1996": 0, "1997": 2, "1998": 1, "1999": 3, "2000": 0, "2001": 5, "2002": 3, "2003": 3, "2004": 1, "2005": 1, "2006": 0, "2007": 2, "2008": 1, "2009": 0, "2010": 0, "2011": 0, "2012": 0, "2013": 0, "2014": 0, "2015": 0, "2016": 0, "2017": 0, "2018": 0, "2019": 1}, "old_citations": {"1991": 36}, "isVisible": false}, "2311389942": {"name": "geoff barrett", "type": "author", "activity": 2, "h_index": 2, "h5_index": 0, "mag_id": "2311389942", "num_publications": 1, "num_citations": 15, "num_publications_5y": 0, "num_citations_5y": 1, "num_publications_10y": 0, "num_citations_10y": 3, "publications_years": {"1990": 1}, "citations_years": {"1990": 1, "1991": 3, "1992": 3, "1993": 2, "1994": 1, "1995": 0, "1996": 1, "1997": 0, "1998": 0, "1999": 1, "2000": 0, "2001": 0, "2002": 0, "2003": 0, "2004": 0, "2005": 0, "2006": 0, "2007": 0, "2008": 0, "2009": 0, "2010": 1, "2011": 0, "2012": 1, "2013": 0, "2014": 0, "2015": 1}, "old_citations": {"1990": 15}, "isVisible": false}, "2403193723": {"name": "john c reynolds", "type": "author", "activity": 22, "h_index": 18, "h5_index": 0, "mag_id": "2403193723", "num_publications": 1, "num_citations": 82, "num_publications_5y": 0, "num_citations_5y": 7, "num_publications_10y": 0, "num_citations_10y": 12, "publications_years": {"1991": 1}, "citations_years": {"1992": 5, "1993": 7, "1994": 5, "1995": 5, "1996": 0, "1997": 1, "1998": 2, "1999": 6, "2000": 8, "2001": 2, "2002": 5, "2003": 7, "2004": 2, "2005": 6, "2006": 2, "2007": 2, "2008": 5, "2009": 1, "2010": 0, "2011": 1, "2012": 1, "2013": 2, "2014": 0, "2015": 3, "2016": 1, "2017": 1, "2018": 2}, "old_citations": {"1991": 82}, "isVisible": false}, "2487314315": {"name": "david scholefield", "type": "author", "activity": 5, "h_index": 6, "h5_index": 0, "mag_id": "2487314315", "num_publications": 1, "num_citations": 4, "num_publications_5y": 0, "num_citations_5y": 0, "num_publications_10y": 0, "num_citations_10y": 0, "publications_years": {"1993": 1}, "citations_years": {"1994": 1, "1995": 0, "1996": 0, "1997": 0, "1998": 0, "1999": 3}, "old_citations": {"1993": 4}, "isVisible": false}, "2563161566": {"name": "neal nelson", "type": "author", "activity": 1, "h_index": 1, "h5_index": 0, "mag_id": "2563161566", "num_publications": 1, "num_citations": 6, "num_publications_5y": 0, "num_citations_5y": 1, "num_publications_10y": 0, "num_citations_10y": 5, "publications_years": {"1991": 1}, "citations_years": {"2001": 1, "2002": 0, "2003": 0, "2004": 0, "2005": 0, "2006": 0, "2007": 0, "2008": 0, "2009": 0, "2010": 2, "2011": 0, "2012": 2, "2013": 0, "2014": 1}, "old_citations": {"1991": 6}, "isVisible": false}, "2577197900": {"name": "michael w mislove", "type": "author", "activity": 29, "h_index": 8, "h5_index": 1, "mag_id": "2577197900", "num_publications": 1, "num_citations": 12, "num_publications_5y": 0, "num_citations_5y": 0, "num_publications_10y": 0, "num_citations_10y": 0, "publications_years": {"1991": 1}, "citations_years": {"1991": 2, "1992": 1, "1993": 0, "1994": 1, "1995": 2, "1996": 2, "1997": 0, "1998": 1, "1999": 2, "2000": 0, "2001": 0, "2002": 0, "2003": 1}, "old_citations": {"1991": 12}, "isVisible": false}, "2598711678": {"name": "axel poigne", "type": "author", "activity": 4, "h_index": 3, "h5_index": 0, "mag_id": "2598711678", "num_publications": 1, "num_citations": 1, "num_publications_5y": 0, "num_citations_5y": 0, "num_publications_10y": 0, "num_citations_10y": 0, "publications_years": {"1993": 1}, "citations_years": {"1995": 1}, "old_citations": {"1993": 1}, "isVisible": false}, "2658056579": {"name": "hansgunther lindegoers", "type": "author", "activity": 1, "h_index": 1, "h5_index": 0, "mag_id": "2658056579", "num_publications": 1, "num_citations": 5, "num_publications_5y": 0, "num_citations_5y": 0, "num_publications_10y": 0, "num_citations_10y": 0, "publications_years": {"1993": 1}, "citations_years": {"1993": 1, "1994": 2, "1995": 1, "1996": 1}, "old_citations": {"1993": 5}, "isVisible": false}, "2666547066": {"name": "nicolas mercouroff", "type": "author", "activity": 1, "h_index": 1, "h5_index": 0, "mag_id": "2666547066", "num_publications": 1, "num_citations": 38, "num_publications_5y": 0, "num_citations_5y": 5, "num_publications_10y": 0, "num_citations_10y": 9, "publications_years": {"1991": 1}, "citations_years": {"1992": 1, "1993": 2, "1994": 4, "1995": 5, "1996": 2, "1997": 3, "1998": 2, "1999": 0, "2000": 4, "2001": 1, "2002": 0, "2003": 1, "2004": 0, "2005": 1, "2006": 0, "2007": 2, "2008": 1, "2009": 1, "2010": 0, "2011": 2, "2012": 0, "2013": 1, "2014": 1, "2015": 1, "2016": 2, "2017": 0, "2018": 1}, "old_citations": {"1991": 38}, "isVisible": false}, "2679300239": {"name": "qingming ma", "type": "author", "activity": 1, "h_index": 1, "h5_index": 0, "mag_id": "2679300239", "num_publications": 1, "num_citations": 82, "num_publications_5y": 0, "num_citations_5y": 7, "num_publications_10y": 0, "num_citations_10y": 12, "publications_years": {"1991": 1}, "citations_years": {"1992": 5, "1993": 7, "1994": 5, "1995": 5, "1996": 0, "1997": 1, "1998": 2, "1999": 6, "2000": 8, "2001": 2, "2002": 5, "2003": 7, "2004": 2, "2005": 6, "2006": 2, "2007": 2, "2008": 5, "2009": 1, "2010": 0, "2011": 1, "2012": 1, "2013": 2, "2014": 0, "2015": 3, "2016": 1, "2017": 1, "2018": 2}, "old_citations": {"1991": 82}, "isVisible": false}, "2684487451": {"name": "bruce f duba", "type": "author", "activity": 3, "h_index": 3, "h5_index": 0, "mag_id": "2684487451", "num_publications": 1, "num_citations": 4, "num_publications_5y": 0, "num_citations_5y": 0, "num_publications_10y": 0, "num_citations_10y": 1, "publications_years": {"1991": 1}, "citations_years": {"1992": 1, "1993": 0, "1994": 0, "1995": 0, "1996": 0, "1997": 0, "1998": 0, "1999": 0, "2000": 0, "2001": 0, "2002": 0, "2003": 0, "2004": 1, "2005": 1, "2006": 0, "2007": 0, "2008": 0, "2009": 0, "2010": 1}, "old_citations": {"1991": 4}, "isVisible": false}, "2708404230": {"name": "allen stoughton", "type": "author", "activity": 10, "h_index": 3, "h5_index": 0, "mag_id": "2708404230", "num_publications": 1, "num_citations": 13, "num_publications_5y": 0, "num_citations_5y": 1, "num_publications_10y": 0, "num_citations_10y": 3, "publications_years": {"1993": 1}, "citations_years": {"1995": 1, "1996": 2, "1997": 1, "1998": 0, "1999": 0, "2000": 0, "2001": 1, "2002": 1, "2003": 0, "2004": 2, "2005": 1, "2006": 0, "2007": 1, "2008": 0, "2009": 0, "2010": 0, "2011": 0, "2012": 2, "2013": 0, "2014": 0, "2015": 1}, "old_citations": {"1993": 13}, "isVisible": false}, "2777027666": {"name": "he jifeng", "type": "author", "activity": 14, "h_index": 11, "h5_index": 0, "mag_id": "2777027666", "num_publications": 1, "num_citations": 4, "num_publications_5y": 0, "num_citations_5y": 0, "num_publications_10y": 0, "num_citations_10y": 0, "publications_years": {"1993": 1}, "citations_years": {"1994": 1, "1995": 0, "1996": 0, "1997": 0, "1998": 0, "1999": 3}, "old_citations": {"1993": 4}, "isVisible": false}, "2779963417": {"name": "nils klarlund", "type": "author", "activity": 1, "h_index": 1, "h5_index": 0, "mag_id": "2779963417", "num_publications": 1, "num_citations": 0, "num_publications_5y": 0, "num_citations_5y": 0, "num_publications_10y": 0, "num_citations_10y": 0, "publications_years": {"1991": 1}, "citations_years": {}, "old_citations": {"1991": 5}, "isVisible": false}, "2781298865": {"name": "bob flagg", "type": "author", "activity": 1, "h_index": 1, "h5_index": 0, "mag_id": "2781298865", "num_publications": 1, "num_citations": 11, "num_publications_5y": 0, "num_citations_5y": 0, "num_publications_10y": 0, "num_citations_10y": 1, "publications_years": {"1993": 1}, "citations_years": {"1996": 2, "1997": 1, "1998": 1, "1999": 1, "2000": 0, "2001": 0, "2002": 2, "2003": 1, "2004": 1, "2005": 0, "2006": 0, "2007": 0, "2008": 1, "2009": 0, "2010": 1}, "old_citations": {"1993": 11}, "isVisible": false}, "2973381426": {"name": "antonio bucciarelli", "type": "author", "activity": 1, "h_index": 1, "h5_index": 0, "mag_id": "2973381426", "num_publications": 1, "num_citations": 4, "num_publications_5y": 0, "num_citations_5y": 1, "num_publications_10y": 0, "num_citations_10y": 1, "publications_years": {"1993": 1}, "citations_years": {"2003": 1, "2004": 0, "2005": 0, "2006": 1, "2007": 0, "2008": 0, "2009": 0, "2010": 0, "2011": 0, "2012": 0, "2013": 0, "2014": 0, "2015": 0, "2016": 1, "2017": 0, "2018": 0, "2019": 1}, "old_citations": {"1993": 4}, "isVisible": false}}, "countries": {"United States": {"name": "United States", "type": "country", "h5_index": 308, "num_publications": 16, "num_citations": 272, "num_publications_5y": 0, "num_citations_5y": 25, "num_publications_10y": 0, "num_citations_10y": 48, "publications_years": {"1993": 6, "1991": 9, "1990": 1}, "citations_years": {"1994": 17, "1995": 18, "1996": 12, "1997": 10, "1998": 11, "1999": 16, "2000": 10, "2001": 13, "2002": 15, "2003": 16, "2004": 10, "2005": 10, "2006": 6, "2007": 8, "2008": 11, "2009": 4, "2010": 4, "2011": 4, "2012": 5, "2013": 6, "2014": 1, "2015": 13, "2016": 4, "2017": 3, "2018": 4, "2019": 3, "1992": 15, "1993": 20, "1991": 3}, "old_citations": {"1993": 89, "1991": 186, "1990": 2}, "isVisible": false}, "United Kingdom": {"name": "United Kingdom", "type": "country", "h5_index": 172, "num_publications": 11, "num_citations": 243, "num_publications_5y": 0, "num_citations_5y": 21, "num_publications_10y": 0, "num_citations_10y": 75, "publications_years": {"1990": 4, "1993": 6, "1991": 1}, "citations_years": {"1990": 1, "1991": 9, "1992": 8, "1993": 6, "1994": 11, "1995": 13, "1996": 8, "1997": 13, "1998": 8, "1999": 16, "2000": 9, "2001": 3, "2002": 6, "2003": 8, "2004": 8, "2005": 11, "2006": 7, "2007": 7, "2008": 10, "2009": 15, "2010": 12, "2011": 8, "2012": 9, "2013": 10, "2014": 4, "2015": 7, "2016": 5, "2017": 2, "2018": 3, "2019": 5, "1989": 1}, "old_citations": {"1990": 60, "1993": 188, "1991": 8}, "isVisible": false}, "Denmark": {"name": "Denmark", "type": "country", "h5_index": 65, "num_publications": 2, "num_citations": 49, "num_publications_5y": 0, "num_citations_5y": 5, "num_publications_10y": 0, "num_citations_10y": 16, "publications_years": {"1993": 2}, "citations_years": {"1994": 1, "1995": 4, "1996": 5, "1997": 0, "1998": 5, "1999": 2, "2000": 1, "2001": 1, "2002": 1, "2003": 1, "2004": 2, "2005": 1, "2006": 1, "2007": 2, "2008": 2, "2009": 1, "2010": 2, "2011": 1, "2012": 4, "2013": 3, "2014": 2, "2015": 1, "2016": 0, "2017": 2, "1993": 1, "2018": 0, "2019": 2, "2020": 1}, "old_citations": {"1993": 49}, "isVisible": false}, "France": {"name": "France", "type": "country", "h5_index": 99, "num_publications": 2, "num_citations": 48, "num_publications_5y": 0, "num_citations_5y": 2, "num_publications_10y": 0, "num_citations_10y": 12, "publications_years": {"1993": 1, "1991": 1}, "citations_years": {"1994": 4, "1995": 3, "1996": 1, "1997": 3, "1998": 0, "1999": 1, "2000": 1, "2001": 2, "2002": 3, "2003": 2, "2004": 2, "2005": 6, "2006": 1, "2007": 4, "2008": 1, "2009": 5, "2010": 2, "2011": 1, "2012": 1, "2013": 1, "2014": 0, "2015": 0, "2016": 0, "2017": 0, "2018": 2, "1991": 1, "1992": 1, "1993": 0}, "old_citations": {"1993": 41, "1991": 7}, "isVisible": false}, "Germany": {"name": "Germany", "type": "country", "h5_index": 139, "num_publications": 1, "num_citations": 0, "num_publications_5y": 0, "num_citations_5y": 0, "num_publications_10y": 0, "num_citations_10y": 0, "publications_years": {"1993": 1}, "citations_years": {}, "old_citations": {"1993": 10}, "isVisible": false}, "Italy": {"name": "Italy", "type": "country", "h5_index": 94, "num_publications": 1, "num_citations": 6, "num_publications_5y": 0, "num_citations_5y": 0, "num_publications_10y": 0, "num_citations_10y": 2, "publications_years": {"1991": 1}, "citations_years": {"1991": 1, "1992": 2, "1993": 0, "1994": 0, "1995": 0, "1996": 0, "1997": 0, "1998": 0, "1999": 1, "2000": 0, "2001": 0, "2002": 0, "2003": 0, "2004": 0, "2005": 0, "2006": 0, "2007": 0, "2008": 0, "2009": 0, "2010": 1, "2011": 1}, "old_citations": {"1991": 6}, "isVisible": false}, "Sweden": {"name": "Sweden", "type": "country", "h5_index": 82, "num_publications": 1, "num_citations": 32, "num_publications_5y": 0, "num_citations_5y": 3, "num_publications_10y": 0, "num_citations_10y": 12, "publications_years": {"1993": 1}, "citations_years": {"1993": 1, "1994": 0, "1995": 4, "1996": 3, "1997": 0, "1998": 2, "1999": 2, "2000": 1, "2001": 0, "2002": 1, "2003": 0, "2004": 1, "2005": 0, "2006": 1, "2007": 1, "2008": 0, "2009": 0, "2010": 1, "2011": 1, "2012": 4, "2013": 3, "2014": 2, "2015": 0, "2016": 0, "2017": 1, "2018": 0, "2019": 2, "2020": 1}, "old_citations": {"1993": 32}, "isVisible": false}}, "industrial_sectors": {"computing_and_it": {"name": "computing_and_it", "type": "industrial sector", "h5_index": 221, "num_publications": 2, "num_citations": 12, "num_publications_5y": 0, "num_citations_5y": 0, "num_publications_10y": 0, "num_citations_10y": 0, "publications_years": {"1991": 2}, "citations_years": {"1991": 2, "1992": 1, "1993": 0, "1994": 1, "1995": 2, "1996": 2, "1997": 0, "1998": 1, "1999": 2, "2000": 0, "2001": 0, "2002": 0, "2003": 1}, "old_citations": {"1991": 17}, "isVisible": false}, "information_technology": {"name": "information_technology", "type": "industrial sector", "h5_index": 74, "num_publications": 2, "num_citations": 12, "num_publications_5y": 0, "num_citations_5y": 0, "num_publications_10y": 0, "num_citations_10y": 0, "publications_years": {"1991": 2}, "citations_years": {"1991": 2, "1992": 1, "1993": 0, "1994": 1, "1995": 2, "1996": 2, "1997": 0, "1998": 1, "1999": 2, "2000": 0, "2001": 0, "2002": 0, "2003": 1}, "old_citations": {"1991": 17}, "isVisible": false}, "technology": {"name": "technology", "type": "industrial sector", "h5_index": 229, "num_publications": 2, "num_citations": 12, "num_publications_5y": 0, "num_citations_5y": 0, "num_publications_10y": 0, "num_citations_10y": 0, "publications_years": {"1991": 2}, "citations_years": {"1991": 2, "1992": 1, "1993": 0, "1994": 1, "1995": 2, "1996": 2, "1997": 0, "1998": 1, "1999": 2, "2000": 0, "2001": 0, "2002": 0, "2003": 1}, "old_citations": {"1991": 17}, "isVisible": false}}}, "conference_comparison": {"computer science": {}}, "topics_dna": {"publications": {}, "citations": {"normalized": {}, "average": {}}}, "info": {"num_publications": 40, "num_citations": 702.0, "impact_factor": {"1992": 1.4444444444444444, "1993": 1.5714285714285714}, "publications_years": {"1993": 19, "1991": 16, "1990": 5}, "citations_years": {"1989": 1, "1990": 1, "1991": 15, "1992": 27, "1993": 34, "1994": 43, "1995": 45, "1996": 29, "1997": 31, "1998": 24, "1999": 37, "2000": 26, "2001": 21, "2002": 25, "2003": 28, "2004": 21, "2005": 28, "2006": 16, "2007": 22, "2008": 24, "2009": 25, "2010": 22, "2011": 17, "2012": 21, "2013": 20, "2014": 10, "2015": 19, "2016": 12, "2017": 6, "2018": 10, "2019": 11, "2020": 1}, "old_citations": {"1993": 375, "1991": 265, "1990": 62}, "h5_index": 0}, "percentile": {"computer science": {"1993": 97, "1991": 97, "1990": 97}}, "conference_ranking": {"computer science": {"1993": 109, "1991": 97, "1990": 114}}, "academia": {"num_publications": 27, "num_citations": 556, "publications_years": {"1990": 5, "1991": 8, "1992": 0, "1993": 14}, "old_citations": {"1990": 62, "1991": 175, "1992": 0, "1993": 319}, "num_publications_5y": 0, "num_citations_5y": 0, "num_publications_10y": 0, "num_citations_10y": 0}, "industry": {"num_publications": 1, "num_citations": 5, "publications_years": {"1991": 1}, "old_citations": {"1991": 5}, "num_publications_5y": 0, "num_citations_5y": 0, "num_publications_10y": 0, "num_citations_10y": 0}, "collaborative": {"num_publications": 1, "num_citations": 12, "publications_years": {"1991": 1}, "old_citations": {"1991": 12}, "num_publications_5y": 0, "num_citations_5y": 0, "num_publications_10y": 0, "num_citations_10y": 0}, "conferences": {}, "journals": {}, "organizations": {"publication_overall": ["University of Oxford", "Carnegie Mellon University", "Cornell University", "IBM (United States)", "Kansas State University", "University of Sussex", "Williams College", "Aalborg University", "Aarhus University", "City College of New York", "Colgate University", "French Institute for Research in Computer Science and Automation", "Northeastern University", "Rice University", "Saarland University", "Sapienza University of Rome", "Stevens Institute of Technology", "Tulane University", "University of Cambridge", "University of Edinburgh", "University of Glasgow", "University of Leicester", "University of Milan", "University of York", "Uppsala University", "\u00c9cole Normale Sup\u00e9rieure"], "citation_overall": ["University of Glasgow", "Carnegie Mellon University", "University of Oxford", "\u00c9cole Normale Sup\u00e9rieure", "Colgate University", "Northeastern University", "Aalborg University", "Uppsala University", "Williams College", "Kansas State University", "University of Cambridge", "Aarhus University", "IBM (United States)", "University of Edinburgh", "Tulane University", "City College of New York", "Cornell University", "Saarland University", "University of Sussex", "Stevens Institute of Technology", "University of Leicester", "French Institute for Research in Computer Science and Automation", "Sapienza University of Rome", "University of Milan", "Rice University", "University of York"], "publication_10_years": [], "citation_10_years": [], "publication_5_years": [], "citation_5_years": []}, "countries": {"publication_overall": ["United States", "United Kingdom", "Denmark", "France", "Germany", "Italy", "Sweden"], "citation_overall": ["United States", "United Kingdom", "Denmark", "France", "Sweden", "Germany", "Italy"], "publication_10_years": [], "citation_10_years": [], "publication_5_years": [], "citation_5_years": []}, "topics": {"publication_overall": ["computer science", "computer programming", "computer programming languages", "computer systems", "artificial intelligence", "theoretical computer science", "formal languages and automata theory", "formal logic", "linguistics", "semantics", "mathematics", "software engineering", "computer hardware", "distributed computer systems", "distributed systems", "embedded systems", "parallel processing systems", "formal methods", "database systems", "software design"], "citation_overall": ["computer science", "computer programming", "computer programming languages", "computer systems", "artificial intelligence", "linguistics", "formal logic", "theoretical computer science", "semantics", "formal languages and automata theory", "database systems", "mathematics", "automata theory", "distributed computer systems", "distributed systems", "parallel processing systems", "software engineering", "computational linguistics", "functional programming", "embedded systems"], "publication_10_years": [], "citation_10_years": [], "publication_5_years": [], "citation_5_years": []}, "main_topics": ["computer science"], "authors": {"publication_overall": ["2000875120", "2043604325", "2102799057", "2115786145", "2136932367", "97134358", "239433383", "279913708", "310684297", "712653741", "1517450116", "1971317241", "1981077923", "1984790753", "2020154163", "2021889967", "2035163501", "2053951891", "2060729710", "2084879063", "2085352590", "2088714450", "2089844416", "2106794147", "2116490702", "2121322035", "2124415778", "2146581609", "2156109015", "2158463219", "2164902142", "2165119604", "2205718329", "2274705173", "2277689821", "2279312039", "2286254347", "2303035752", "2311389942", "2403193723", "2487314315", "2563161566", "2577197900", "2598711678", "2658056579", "2666547066", "2679300239", "2684487451", "2708404230", "2777027666", "2779963417", "2781298865", "2973381426"], "citation_overall": ["2060729710", "2403193723", "2679300239", "2020154163", "2084879063", "2666547066", "2303035752", "2124415778", "2146581609", "2043604325", "2165119604", "2121322035", "97134358", "1981077923", "2136932367", "279913708", "2311389942", "1517450116", "2106794147", "2708404230", "310684297", "2577197900", "2088714450", "2781298865", "1971317241", "2000875120", "2102799057", "2115786145", "2021889967", "2156109015", "2158463219", "2164902142", "2277689821", "2279312039", "2053951891", "239433383", "1984790753", "2085352590", "2089844416", "2563161566", "2274705173", "2658056579", "2779963417", "712653741", "2286254347", "2487314315", "2684487451", "2777027666", "2973381426", "2035163501", "2116490702", "2205718329", "2598711678"], "publication_10_years": [], "citation_10_years": [], "publication_5_years": [], "citation_5_years": []}, "industrial_sectors": {"publication_overall": ["computing_and_it", "information_technology", "technology"], "citation_overall": ["computing_and_it", "information_technology", "technology"], "publication_10_years": [], "citation_10_years": [], "publication_5_years": [], "citation_5_years": []}}