{"name": "Application of Conversion Research Results for International Cooperation", "acronym": "SIBCONVERS", "type": "conference", "uniqueEntities": {"organizations": {"Tomsk State University of Control Systems and Radio-Electronics": {"name": "Tomsk State University of Control Systems and Radio-Electronics", "type": "organization", "organization_type": "Education", "h_index": 6, "h5_index": 6, "num_publications": 8, "num_citations": 0, "num_publications_5y": 0, "num_citations_5y": 0, "num_publications_10y": 0, "num_citations_10y": 0, "publications_years": {"1999": 8}, "citations_years": {}, "old_citations": {"1999": 0}, "isVisible": false}, "Tomsk State University": {"name": "Tomsk State University", "type": "organization", "organization_type": "Education", "h_index": 19, "h5_index": 7, "num_publications": 6, "num_citations": 1, "num_publications_5y": 0, "num_citations_5y": 0, "num_publications_10y": 0, "num_citations_10y": 0, "publications_years": {"1999": 6}, "citations_years": {"2007": 1}, "old_citations": {"1999": 1}, "isVisible": false}, "Yaroslavl State University": {"name": "Yaroslavl State University", "type": "organization", "organization_type": "Education", "h_index": 8, "h5_index": 4, "num_publications": 2, "num_citations": 0, "num_publications_5y": 0, "num_citations_5y": 0, "num_publications_10y": 0, "num_citations_10y": 0, "publications_years": {"1999": 2}, "citations_years": {}, "old_citations": {"1999": 0}, "isVisible": false}, "Russian Academy of Sciences": {"name": "Russian Academy of Sciences", "type": "organization", "organization_type": "Government", "h_index": 56, "h5_index": 18, "num_publications": 1, "num_citations": 1, "num_publications_5y": 0, "num_citations_5y": 0, "num_publications_10y": 0, "num_citations_10y": 1, "publications_years": {"1999": 1}, "citations_years": {"2010": 1}, "old_citations": {"1999": 1}, "isVisible": false}}, "topics": {"computer science": {"name": "computer science", "type": "topic", "h_index": 1779, "h5_index": 416, "num_publications": 35, "num_citations": 10, "num_publications_5y": 0, "num_citations_5y": 0, "num_publications_10y": 0, "num_citations_10y": 2, "publications_years": {"1999": 35}, "citations_years": {"2005": 2, "2006": 2, "2007": 2, "2008": 1, "2009": 1, "2000": 1, "2010": 1}, "old_citations": {"1999": 10}, "isVisible": false}, "computer systems": {"name": "computer systems", "type": "topic", "h_index": 1595, "h5_index": 367, "num_publications": 24, "num_citations": 9, "num_publications_5y": 0, "num_citations_5y": 0, "num_publications_10y": 0, "num_citations_10y": 2, "publications_years": {"1999": 24}, "citations_years": {"2005": 2, "2006": 2, "2007": 2, "2008": 1, "2009": 1, "2010": 1}, "old_citations": {"1999": 9}, "isVisible": false}, "mathematics": {"name": "mathematics", "type": "topic", "h_index": 1364, "h5_index": 300, "num_publications": 24, "num_citations": 9, "num_publications_5y": 0, "num_citations_5y": 0, "num_publications_10y": 0, "num_citations_10y": 2, "publications_years": {"1999": 24}, "citations_years": {"2005": 2, "2006": 2, "2007": 2, "2008": 1, "2009": 1, "2010": 1}, "old_citations": {"1999": 9}, "isVisible": false}, "computer networks": {"name": "computer networks", "type": "topic", "h_index": 1262, "h5_index": 332, "num_publications": 19, "num_citations": 8, "num_publications_5y": 0, "num_citations_5y": 0, "num_publications_10y": 0, "num_citations_10y": 2, "publications_years": {"1999": 19}, "citations_years": {"2005": 2, "2006": 2, "2007": 1, "2008": 1, "2009": 1, "2010": 1}, "old_citations": {"1999": 8}, "isVisible": false}, "engineering": {"name": "engineering", "type": "topic", "h_index": 1177, "h5_index": 287, "num_publications": 15, "num_citations": 8, "num_publications_5y": 0, "num_citations_5y": 0, "num_publications_10y": 0, "num_citations_10y": 2, "publications_years": {"1999": 15}, "citations_years": {"2005": 2, "2006": 2, "2007": 1, "2008": 1, "2009": 1, "2010": 1}, "old_citations": {"1999": 8}, "isVisible": false}, "telecommunication systems": {"name": "telecommunication systems", "type": "topic", "h_index": 1187, "h5_index": 277, "num_publications": 14, "num_citations": 8, "num_publications_5y": 0, "num_citations_5y": 0, "num_publications_10y": 0, "num_citations_10y": 2, "publications_years": {"1999": 14}, "citations_years": {"2005": 2, "2006": 2, "2007": 1, "2008": 1, "2009": 1, "2010": 1}, "old_citations": {"1999": 8}, "isVisible": false}, "artificial intelligence": {"name": "artificial intelligence", "type": "topic", "h_index": 1421, "h5_index": 373, "num_publications": 13, "num_citations": 1, "num_publications_5y": 0, "num_citations_5y": 0, "num_publications_10y": 0, "num_citations_10y": 0, "publications_years": {"1999": 13}, "citations_years": {"2007": 1}, "old_citations": {"1999": 1}, "isVisible": false}, "signal processing": {"name": "signal processing", "type": "topic", "h_index": 1012, "h5_index": 255, "num_publications": 13, "num_citations": 8, "num_publications_5y": 0, "num_citations_5y": 0, "num_publications_10y": 0, "num_citations_10y": 2, "publications_years": {"1999": 13}, "citations_years": {"2005": 2, "2006": 2, "2007": 1, "2008": 1, "2009": 1, "2010": 1}, "old_citations": {"1999": 8}, "isVisible": false}, "communication systems": {"name": "communication systems", "type": "topic", "h_index": 1092, "h5_index": 254, "num_publications": 12, "num_citations": 8, "num_publications_5y": 0, "num_citations_5y": 0, "num_publications_10y": 0, "num_citations_10y": 2, "publications_years": {"1999": 12}, "citations_years": {"2005": 2, "2006": 2, "2007": 1, "2008": 1, "2009": 1, "2010": 1}, "old_citations": {"1999": 8}, "isVisible": false}, "computer hardware": {"name": "computer hardware", "type": "topic", "h_index": 1150, "h5_index": 279, "num_publications": 12, "num_citations": 8, "num_publications_5y": 0, "num_citations_5y": 0, "num_publications_10y": 0, "num_citations_10y": 1, "publications_years": {"1999": 12}, "citations_years": {"2005": 2, "2006": 2, "2007": 1, "2008": 1, "2009": 1, "2000": 1}, "old_citations": {"1999": 8}, "isVisible": false}, "wireless telecommunication systems": {"name": "wireless telecommunication systems", "type": "topic", "h_index": 1087, "h5_index": 254, "num_publications": 12, "num_citations": 8, "num_publications_5y": 0, "num_citations_5y": 0, "num_publications_10y": 0, "num_citations_10y": 2, "publications_years": {"1999": 12}, "citations_years": {"2005": 2, "2006": 2, "2007": 1, "2008": 1, "2009": 1, "2010": 1}, "old_citations": {"1999": 8}, "isVisible": false}, "communication channels (information theory)": {"name": "communication channels (information theory)", "type": "topic", "h_index": 925, "h5_index": 216, "num_publications": 11, "num_citations": 8, "num_publications_5y": 0, "num_citations_5y": 0, "num_publications_10y": 0, "num_citations_10y": 2, "publications_years": {"1999": 11}, "citations_years": {"2005": 2, "2006": 2, "2007": 1, "2008": 1, "2009": 1, "2010": 1}, "old_citations": {"1999": 8}, "isVisible": false}, "matrix algebra": {"name": "matrix algebra", "type": "topic", "h_index": 771, "h5_index": 183, "num_publications": 10, "num_citations": 8, "num_publications_5y": 0, "num_citations_5y": 0, "num_publications_10y": 0, "num_citations_10y": 1, "publications_years": {"1999": 10}, "citations_years": {"2005": 2, "2006": 2, "2007": 2, "2008": 1, "2009": 1}, "old_citations": {"1999": 8}, "isVisible": false}, "probability": {"name": "probability", "type": "topic", "h_index": 918, "h5_index": 211, "num_publications": 9, "num_citations": 8, "num_publications_5y": 0, "num_citations_5y": 0, "num_publications_10y": 0, "num_citations_10y": 2, "publications_years": {"1999": 9}, "citations_years": {"2005": 2, "2006": 2, "2007": 1, "2008": 1, "2009": 1, "2010": 1}, "old_citations": {"1999": 8}, "isVisible": false}, "bandwidth": {"name": "bandwidth", "type": "topic", "h_index": 922, "h5_index": 201, "num_publications": 8, "num_citations": 1, "num_publications_5y": 0, "num_citations_5y": 0, "num_publications_10y": 0, "num_citations_10y": 1, "publications_years": {"1999": 8}, "citations_years": {"2010": 1}, "old_citations": {"1999": 1}, "isVisible": false}, "antennas": {"name": "antennas", "type": "topic", "h_index": 645, "h5_index": 152, "num_publications": 7, "num_citations": 8, "num_publications_5y": 0, "num_citations_5y": 0, "num_publications_10y": 0, "num_citations_10y": 2, "publications_years": {"1999": 7}, "citations_years": {"2005": 2, "2006": 2, "2007": 1, "2008": 1, "2009": 1, "2010": 1}, "old_citations": {"1999": 8}, "isVisible": false}, "computer security": {"name": "computer security", "type": "topic", "h_index": 977, "h5_index": 220, "num_publications": 7, "num_citations": 1, "num_publications_5y": 0, "num_citations_5y": 0, "num_publications_10y": 0, "num_citations_10y": 1, "publications_years": {"1999": 7}, "citations_years": {"2010": 1}, "old_citations": {"1999": 1}, "isVisible": false}, "signal to noise ratio": {"name": "signal to noise ratio", "type": "topic", "h_index": 821, "h5_index": 194, "num_publications": 7, "num_citations": 8, "num_publications_5y": 0, "num_citations_5y": 0, "num_publications_10y": 0, "num_citations_10y": 2, "publications_years": {"1999": 7}, "citations_years": {"2005": 2, "2006": 2, "2007": 1, "2008": 1, "2009": 1, "2010": 1}, "old_citations": {"1999": 8}, "isVisible": false}, "computer imaging and vision": {"name": "computer imaging and vision", "type": "topic", "h_index": 1142, "h5_index": 334, "num_publications": 6, "num_citations": 0, "num_publications_5y": 0, "num_citations_5y": 0, "num_publications_10y": 0, "num_citations_10y": 0, "publications_years": {"1999": 6}, "citations_years": {}, "old_citations": {"1999": 0}, "isVisible": false}, "correlation analysis": {"name": "correlation analysis", "type": "topic", "h_index": 1044, "h5_index": 224, "num_publications": 6, "num_citations": 0, "num_publications_5y": 0, "num_citations_5y": 0, "num_publications_10y": 0, "num_citations_10y": 0, "publications_years": {"1999": 6}, "citations_years": {}, "old_citations": {"1999": 0}, "isVisible": false}, "bit error rate": {"name": "bit error rate", "type": "topic", "h_index": 619, "h5_index": 143, "num_publications": 5, "num_citations": 8, "num_publications_5y": 0, "num_citations_5y": 0, "num_publications_10y": 0, "num_citations_10y": 2, "publications_years": {"1999": 5}, "citations_years": {"2005": 2, "2006": 2, "2007": 1, "2008": 1, "2009": 1, "2010": 1}, "old_citations": {"1999": 8}, "isVisible": false}, "fading (radio)": {"name": "fading (radio)", "type": "topic", "h_index": 576, "h5_index": 133, "num_publications": 4, "num_citations": 8, "num_publications_5y": 0, "num_citations_5y": 0, "num_publications_10y": 0, "num_citations_10y": 2, "publications_years": {"1999": 4}, "citations_years": {"2005": 2, "2006": 2, "2007": 1, "2008": 1, "2009": 1, "2010": 1}, "old_citations": {"1999": 8}, "isVisible": false}, "signal detection": {"name": "signal detection", "type": "topic", "h_index": 720, "h5_index": 185, "num_publications": 5, "num_citations": 8, "num_publications_5y": 0, "num_citations_5y": 0, "num_publications_10y": 0, "num_citations_10y": 2, "publications_years": {"1999": 5}, "citations_years": {"2005": 2, "2006": 2, "2007": 1, "2008": 1, "2009": 1, "2010": 1}, "old_citations": {"1999": 8}, "isVisible": false}, "airborne radars": {"name": "airborne radars", "type": "topic", "h_index": 50, "h5_index": 13, "num_publications": 2, "num_citations": 7, "num_publications_5y": 0, "num_citations_5y": 0, "num_publications_10y": 0, "num_citations_10y": 1, "publications_years": {"1999": 2}, "citations_years": {"2005": 2, "2006": 2, "2007": 1, "2008": 1, "2009": 1}, "old_citations": {"1999": 7}, "isVisible": false}, "antenna arrays": {"name": "antenna arrays", "type": "topic", "h_index": 373, "h5_index": 89, "num_publications": 4, "num_citations": 7, "num_publications_5y": 0, "num_citations_5y": 0, "num_publications_10y": 0, "num_citations_10y": 1, "publications_years": {"1999": 4}, "citations_years": {"2005": 2, "2006": 2, "2007": 1, "2008": 1, "2009": 1}, "old_citations": {"1999": 7}, "isVisible": false}}, "authors": {"2222707151": {"name": "n a dyadkov", "type": "author", "activity": 1, "h_index": 0, "h5_index": 0, "mag_id": "2222707151", "num_publications": 2, "num_citations": 0, "num_publications_5y": 0, "num_citations_5y": 0, "num_publications_10y": 0, "num_citations_10y": 0, "publications_years": {"1999": 2}, "citations_years": {}, "old_citations": {"1999": 0}, "isVisible": false}, "395599118": {"name": "s g sharshunov", "type": "author", "activity": 1, "h_index": 0, "h5_index": 0, "mag_id": "395599118", "num_publications": 1, "num_citations": 0, "num_publications_5y": 0, "num_citations_5y": 0, "num_publications_10y": 0, "num_citations_10y": 0, "publications_years": {"1999": 1}, "citations_years": {}, "old_citations": {"1999": 0}, "isVisible": false}, "1763622104": {"name": "s v starodubov", "type": "author", "activity": 1, "h_index": 0, "h5_index": 0, "mag_id": "1763622104", "num_publications": 1, "num_citations": 0, "num_publications_5y": 0, "num_citations_5y": 0, "num_publications_10y": 0, "num_citations_10y": 0, "publications_years": {"1999": 1}, "citations_years": {}, "old_citations": {"1999": 0}, "isVisible": false}, "1967157933": {"name": "dmitri p adamov", "type": "author", "activity": 1, "h_index": 1, "h5_index": 0, "mag_id": "1967157933", "num_publications": 1, "num_citations": 0, "num_publications_5y": 0, "num_citations_5y": 0, "num_publications_10y": 0, "num_citations_10y": 0, "publications_years": {"1999": 1}, "citations_years": {}, "old_citations": {"1999": 0}, "isVisible": false}, "1967713727": {"name": "a a shelupanov", "type": "author", "activity": 1, "h_index": 0, "h5_index": 0, "mag_id": "1967713727", "num_publications": 1, "num_citations": 0, "num_publications_5y": 0, "num_citations_5y": 0, "num_publications_10y": 0, "num_citations_10y": 0, "publications_years": {"1999": 1}, "citations_years": {}, "old_citations": {"1999": 0}, "isVisible": false}, "1984157793": {"name": "a g komkov", "type": "author", "activity": 1, "h_index": 0, "h5_index": 0, "mag_id": "1984157793", "num_publications": 1, "num_citations": 0, "num_publications_5y": 0, "num_citations_5y": 0, "num_publications_10y": 0, "num_citations_10y": 0, "publications_years": {"1999": 1}, "citations_years": {}, "old_citations": {"1999": 0}, "isVisible": false}, "1985455040": {"name": "alexey s karyakin", "type": "author", "activity": 1, "h_index": 1, "h5_index": 0, "mag_id": "1985455040", "num_publications": 1, "num_citations": 0, "num_publications_5y": 0, "num_citations_5y": 0, "num_publications_10y": 0, "num_citations_10y": 0, "publications_years": {"1999": 1}, "citations_years": {}, "old_citations": {"1999": 0}, "isVisible": false}, "1996747141": {"name": "n m fedotov", "type": "author", "activity": 1, "h_index": 0, "h5_index": 0, "mag_id": "1996747141", "num_publications": 1, "num_citations": 0, "num_publications_5y": 0, "num_citations_5y": 0, "num_publications_10y": 0, "num_citations_10y": 0, "publications_years": {"1999": 1}, "citations_years": {}, "old_citations": {"1999": 0}, "isVisible": false}, "2015201264": {"name": "s s bondarchuk", "type": "author", "activity": 1, "h_index": 0, "h5_index": 0, "mag_id": "2015201264", "num_publications": 1, "num_citations": 0, "num_publications_5y": 0, "num_citations_5y": 0, "num_publications_10y": 0, "num_citations_10y": 0, "publications_years": {"1999": 1}, "citations_years": {}, "old_citations": {"1999": 0}, "isVisible": false}, "2164049412": {"name": "m yu zakharov", "type": "author", "activity": 1, "h_index": 0, "h5_index": 0, "mag_id": "2164049412", "num_publications": 1, "num_citations": 0, "num_publications_5y": 0, "num_citations_5y": 0, "num_publications_10y": 0, "num_citations_10y": 0, "publications_years": {"1999": 1}, "citations_years": {}, "old_citations": {"1999": 0}, "isVisible": false}, "2177029015": {"name": "alexandre z fazliev", "type": "author", "activity": 17, "h_index": 2, "h5_index": 0, "mag_id": "2177029015", "num_publications": 1, "num_citations": 0, "num_publications_5y": 0, "num_citations_5y": 0, "num_publications_10y": 0, "num_citations_10y": 0, "publications_years": {"1999": 1}, "citations_years": {}, "old_citations": {"1999": 0}, "isVisible": false}, "2222475881": {"name": "b v lezhankin", "type": "author", "activity": 1, "h_index": 0, "h5_index": 0, "mag_id": "2222475881", "num_publications": 1, "num_citations": 0, "num_publications_5y": 0, "num_citations_5y": 0, "num_publications_10y": 0, "num_citations_10y": 0, "publications_years": {"1999": 1}, "citations_years": {}, "old_citations": {"1999": 0}, "isVisible": false}, "2222854146": {"name": "a n manichkin", "type": "author", "activity": 1, "h_index": 0, "h5_index": 0, "mag_id": "2222854146", "num_publications": 1, "num_citations": 0, "num_publications_5y": 0, "num_citations_5y": 0, "num_publications_10y": 0, "num_citations_10y": 0, "publications_years": {"1999": 1}, "citations_years": {}, "old_citations": {"1999": 0}, "isVisible": false}, "2223032798": {"name": "d v riabovanov", "type": "author", "activity": 1, "h_index": 0, "h5_index": 0, "mag_id": "2223032798", "num_publications": 1, "num_citations": 0, "num_publications_5y": 0, "num_citations_5y": 0, "num_publications_10y": 0, "num_citations_10y": 0, "publications_years": {"1999": 1}, "citations_years": {}, "old_citations": {"1999": 0}, "isVisible": false}, "2223584592": {"name": "a yu ahlerstin", "type": "author", "activity": 1, "h_index": 0, "h5_index": 0, "mag_id": "2223584592", "num_publications": 1, "num_citations": 0, "num_publications_5y": 0, "num_citations_5y": 0, "num_publications_10y": 0, "num_citations_10y": 0, "publications_years": {"1999": 1}, "citations_years": {}, "old_citations": {"1999": 0}, "isVisible": false}, "2223630839": {"name": "a i shushakov", "type": "author", "activity": 1, "h_index": 0, "h5_index": 0, "mag_id": "2223630839", "num_publications": 1, "num_citations": 0, "num_publications_5y": 0, "num_citations_5y": 0, "num_publications_10y": 0, "num_citations_10y": 0, "publications_years": {"1999": 1}, "citations_years": {}, "old_citations": {"1999": 0}, "isVisible": false}, "2224740757": {"name": "t v vasiltsov", "type": "author", "activity": 1, "h_index": 0, "h5_index": 0, "mag_id": "2224740757", "num_publications": 1, "num_citations": 0, "num_publications_5y": 0, "num_citations_5y": 0, "num_publications_10y": 0, "num_citations_10y": 0, "publications_years": {"1999": 1}, "citations_years": {}, "old_citations": {"1999": 0}, "isVisible": false}, "2224971133": {"name": "a v pachkunov", "type": "author", "activity": 1, "h_index": 0, "h5_index": 0, "mag_id": "2224971133", "num_publications": 1, "num_citations": 0, "num_publications_5y": 0, "num_citations_5y": 0, "num_publications_10y": 0, "num_citations_10y": 0, "publications_years": {"1999": 1}, "citations_years": {}, "old_citations": {"1999": 0}, "isVisible": false}, "2225121321": {"name": "s v nikulov", "type": "author", "activity": 1, "h_index": 0, "h5_index": 0, "mag_id": "2225121321", "num_publications": 1, "num_citations": 0, "num_publications_5y": 0, "num_citations_5y": 0, "num_publications_10y": 0, "num_citations_10y": 0, "publications_years": {"1999": 1}, "citations_years": {}, "old_citations": {"1999": 0}, "isVisible": false}, "2226042552": {"name": "v y kislov", "type": "author", "activity": 1, "h_index": 1, "h5_index": 0, "mag_id": "2226042552", "num_publications": 1, "num_citations": 1, "num_publications_5y": 0, "num_citations_5y": 0, "num_publications_10y": 0, "num_citations_10y": 1, "publications_years": {"1999": 1}, "citations_years": {"2010": 1}, "old_citations": {"1999": 1}, "isVisible": false}, "2226139321": {"name": "a m tereshkov", "type": "author", "activity": 1, "h_index": 0, "h5_index": 0, "mag_id": "2226139321", "num_publications": 1, "num_citations": 0, "num_publications_5y": 0, "num_citations_5y": 0, "num_publications_10y": 0, "num_citations_10y": 0, "publications_years": {"1999": 1}, "citations_years": {}, "old_citations": {"1999": 0}, "isVisible": false}, "2226187295": {"name": "t n zaichenko", "type": "author", "activity": 1, "h_index": 0, "h5_index": 0, "mag_id": "2226187295", "num_publications": 1, "num_citations": 0, "num_publications_5y": 0, "num_citations_5y": 0, "num_publications_10y": 0, "num_citations_10y": 0, "publications_years": {"1999": 1}, "citations_years": {}, "old_citations": {"1999": 0}, "isVisible": false}, "2227004273": {"name": "v g vajenin", "type": "author", "activity": 1, "h_index": 0, "h5_index": 0, "mag_id": "2227004273", "num_publications": 1, "num_citations": 0, "num_publications_5y": 0, "num_citations_5y": 0, "num_publications_10y": 0, "num_citations_10y": 0, "publications_years": {"1999": 1}, "citations_years": {}, "old_citations": {"1999": 0}, "isVisible": false}, "2227474965": {"name": "l s pryschepa", "type": "author", "activity": 1, "h_index": 0, "h5_index": 0, "mag_id": "2227474965", "num_publications": 1, "num_citations": 0, "num_publications_5y": 0, "num_citations_5y": 0, "num_publications_10y": 0, "num_citations_10y": 0, "publications_years": {"1999": 1}, "citations_years": {}, "old_citations": {"1999": 0}, "isVisible": false}, "2227621781": {"name": "n d maijutin", "type": "author", "activity": 1, "h_index": 0, "h5_index": 0, "mag_id": "2227621781", "num_publications": 1, "num_citations": 0, "num_publications_5y": 0, "num_citations_5y": 0, "num_publications_10y": 0, "num_citations_10y": 0, "publications_years": {"1999": 1}, "citations_years": {}, "old_citations": {"1999": 0}, "isVisible": false}, "2227633381": {"name": "a l timofeyev", "type": "author", "activity": 1, "h_index": 0, "h5_index": 0, "mag_id": "2227633381", "num_publications": 1, "num_citations": 0, "num_publications_5y": 0, "num_citations_5y": 0, "num_publications_10y": 0, "num_citations_10y": 0, "publications_years": {"1999": 1}, "citations_years": {}, "old_citations": {"1999": 0}, "isVisible": false}, "2227664586": {"name": "a v varyenov", "type": "author", "activity": 1, "h_index": 0, "h5_index": 0, "mag_id": "2227664586", "num_publications": 1, "num_citations": 0, "num_publications_5y": 0, "num_citations_5y": 0, "num_publications_10y": 0, "num_citations_10y": 0, "publications_years": {"1999": 1}, "citations_years": {}, "old_citations": {"1999": 0}, "isVisible": false}, "2228286058": {"name": "a a schelupanov", "type": "author", "activity": 1, "h_index": 0, "h5_index": 0, "mag_id": "2228286058", "num_publications": 1, "num_citations": 0, "num_publications_5y": 0, "num_citations_5y": 0, "num_publications_10y": 0, "num_citations_10y": 0, "publications_years": {"1999": 1}, "citations_years": {}, "old_citations": {"1999": 0}, "isVisible": false}, "2228443279": {"name": "a s bockov", "type": "author", "activity": 1, "h_index": 0, "h5_index": 0, "mag_id": "2228443279", "num_publications": 1, "num_citations": 0, "num_publications_5y": 0, "num_citations_5y": 0, "num_publications_10y": 0, "num_citations_10y": 0, "publications_years": {"1999": 1}, "citations_years": {}, "old_citations": {"1999": 0}, "isVisible": false}, "2228946213": {"name": "n i voitovitch", "type": "author", "activity": 1, "h_index": 0, "h5_index": 0, "mag_id": "2228946213", "num_publications": 1, "num_citations": 0, "num_publications_5y": 0, "num_citations_5y": 0, "num_publications_10y": 0, "num_citations_10y": 0, "publications_years": {"1999": 1}, "citations_years": {}, "old_citations": {"1999": 0}, "isVisible": false}, "2229554056": {"name": "s v sai", "type": "author", "activity": 1, "h_index": 0, "h5_index": 0, "mag_id": "2229554056", "num_publications": 1, "num_citations": 0, "num_publications_5y": 0, "num_citations_5y": 0, "num_publications_10y": 0, "num_citations_10y": 0, "publications_years": {"1999": 1}, "citations_years": {}, "old_citations": {"1999": 0}, "isVisible": false}, "2229607732": {"name": "v m zyuzkov", "type": "author", "activity": 1, "h_index": 0, "h5_index": 0, "mag_id": "2229607732", "num_publications": 1, "num_citations": 0, "num_publications_5y": 0, "num_citations_5y": 0, "num_publications_10y": 0, "num_citations_10y": 0, "publications_years": {"1999": 1}, "citations_years": {}, "old_citations": {"1999": 0}, "isVisible": false}, "2230423854": {"name": "a n maljutin", "type": "author", "activity": 1, "h_index": 0, "h5_index": 0, "mag_id": "2230423854", "num_publications": 1, "num_citations": 0, "num_publications_5y": 0, "num_citations_5y": 0, "num_publications_10y": 0, "num_citations_10y": 0, "publications_years": {"1999": 1}, "citations_years": {}, "old_citations": {"1999": 0}, "isVisible": false}, "2230573927": {"name": "s g tolonzakov", "type": "author", "activity": 1, "h_index": 0, "h5_index": 0, "mag_id": "2230573927", "num_publications": 1, "num_citations": 0, "num_publications_5y": 0, "num_citations_5y": 0, "num_publications_10y": 0, "num_citations_10y": 0, "publications_years": {"1999": 1}, "citations_years": {}, "old_citations": {"1999": 0}, "isVisible": false}, "2232337091": {"name": "n yu khabibulina", "type": "author", "activity": 1, "h_index": 0, "h5_index": 0, "mag_id": "2232337091", "num_publications": 1, "num_citations": 0, "num_publications_5y": 0, "num_citations_5y": 0, "num_publications_10y": 0, "num_citations_10y": 0, "publications_years": {"1999": 1}, "citations_years": {}, "old_citations": {"1999": 0}, "isVisible": false}, "2298903686": {"name": "olga b rodimova", "type": "author", "activity": 2, "h_index": 0, "h5_index": 0, "mag_id": "2298903686", "num_publications": 1, "num_citations": 0, "num_publications_5y": 0, "num_citations_5y": 0, "num_publications_10y": 0, "num_citations_10y": 0, "publications_years": {"1999": 1}, "citations_years": {}, "old_citations": {"1999": 0}, "isVisible": false}, "2336569280": {"name": "g v dementieva", "type": "author", "activity": 1, "h_index": 0, "h5_index": 0, "mag_id": "2336569280", "num_publications": 1, "num_citations": 0, "num_publications_5y": 0, "num_citations_5y": 0, "num_publications_10y": 0, "num_citations_10y": 0, "publications_years": {"1999": 1}, "citations_years": {}, "old_citations": {"1999": 0}, "isVisible": false}, "2339803506": {"name": "m i kuryatchy", "type": "author", "activity": 1, "h_index": 0, "h5_index": 0, "mag_id": "2339803506", "num_publications": 1, "num_citations": 0, "num_publications_5y": 0, "num_citations_5y": 0, "num_publications_10y": 0, "num_citations_10y": 0, "publications_years": {"1999": 1}, "citations_years": {}, "old_citations": {"1999": 0}, "isVisible": false}, "2345598505": {"name": "a x krenev", "type": "author", "activity": 1, "h_index": 0, "h5_index": 0, "mag_id": "2345598505", "num_publications": 1, "num_citations": 0, "num_publications_5y": 0, "num_citations_5y": 0, "num_publications_10y": 0, "num_citations_10y": 0, "publications_years": {"1999": 1}, "citations_years": {}, "old_citations": {"1999": 0}, "isVisible": false}, "2345625551": {"name": "e g cyganok", "type": "author", "activity": 1, "h_index": 0, "h5_index": 0, "mag_id": "2345625551", "num_publications": 1, "num_citations": 0, "num_publications_5y": 0, "num_citations_5y": 0, "num_publications_10y": 0, "num_citations_10y": 0, "publications_years": {"1999": 1}, "citations_years": {}, "old_citations": {"1999": 0}, "isVisible": false}, "2345714164": {"name": "n i lashkov", "type": "author", "activity": 1, "h_index": 0, "h5_index": 0, "mag_id": "2345714164", "num_publications": 1, "num_citations": 0, "num_publications_5y": 0, "num_citations_5y": 0, "num_publications_10y": 0, "num_citations_10y": 0, "publications_years": {"1999": 1}, "citations_years": {}, "old_citations": {"1999": 0}, "isVisible": false}, "2346858315": {"name": "m g foursov", "type": "author", "activity": 1, "h_index": 0, "h5_index": 0, "mag_id": "2346858315", "num_publications": 1, "num_citations": 0, "num_publications_5y": 0, "num_citations_5y": 0, "num_publications_10y": 0, "num_citations_10y": 0, "publications_years": {"1999": 1}, "citations_years": {}, "old_citations": {"1999": 0}, "isVisible": false}, "2431889811": {"name": "g n jakushevitch", "type": "author", "activity": 1, "h_index": 0, "h5_index": 0, "mag_id": "2431889811", "num_publications": 1, "num_citations": 0, "num_publications_5y": 0, "num_citations_5y": 0, "num_publications_10y": 0, "num_citations_10y": 0, "publications_years": {"1999": 1}, "citations_years": {}, "old_citations": {"1999": 0}, "isVisible": false}, "2432921494": {"name": "a g sokolov", "type": "author", "activity": 1, "h_index": 0, "h5_index": 0, "mag_id": "2432921494", "num_publications": 1, "num_citations": 0, "num_publications_5y": 0, "num_citations_5y": 0, "num_publications_10y": 0, "num_citations_10y": 0, "publications_years": {"1999": 1}, "citations_years": {}, "old_citations": {"1999": 0}, "isVisible": false}, "2439619849": {"name": "a v komarov", "type": "author", "activity": 1, "h_index": 1, "h5_index": 0, "mag_id": "2439619849", "num_publications": 1, "num_citations": 1, "num_publications_5y": 0, "num_citations_5y": 0, "num_publications_10y": 0, "num_citations_10y": 0, "publications_years": {"1999": 1}, "citations_years": {"2000": 1}, "old_citations": {"1999": 1}, "isVisible": false}, "2441341662": {"name": "v m dmitriev", "type": "author", "activity": 1, "h_index": 0, "h5_index": 0, "mag_id": "2441341662", "num_publications": 1, "num_citations": 0, "num_publications_5y": 0, "num_citations_5y": 0, "num_publications_10y": 0, "num_citations_10y": 0, "publications_years": {"1999": 1}, "citations_years": {}, "old_citations": {"1999": 0}, "isVisible": false}, "2468246349": {"name": "a a svetlakov", "type": "author", "activity": 1, "h_index": 0, "h5_index": 0, "mag_id": "2468246349", "num_publications": 1, "num_citations": 0, "num_publications_5y": 0, "num_citations_5y": 0, "num_publications_10y": 0, "num_citations_10y": 0, "publications_years": {"1999": 1}, "citations_years": {}, "old_citations": {"1999": 0}, "isVisible": false}, "2497765872": {"name": "v i kalinin", "type": "author", "activity": 1, "h_index": 1, "h5_index": 0, "mag_id": "2497765872", "num_publications": 1, "num_citations": 1, "num_publications_5y": 0, "num_citations_5y": 0, "num_publications_10y": 0, "num_citations_10y": 1, "publications_years": {"1999": 1}, "citations_years": {"2010": 1}, "old_citations": {"1999": 1}, "isVisible": false}, "2506318820": {"name": "e v kurbatova", "type": "author", "activity": 1, "h_index": 0, "h5_index": 0, "mag_id": "2506318820", "num_publications": 1, "num_citations": 0, "num_publications_5y": 0, "num_citations_5y": 0, "num_publications_10y": 0, "num_citations_10y": 0, "publications_years": {"1999": 1}, "citations_years": {}, "old_citations": {"1999": 0}, "isVisible": false}, "2517678971": {"name": "z alla", "type": "author", "activity": 1, "h_index": 0, "h5_index": 0, "mag_id": "2517678971", "num_publications": 1, "num_citations": 0, "num_publications_5y": 0, "num_citations_5y": 0, "num_publications_10y": 0, "num_citations_10y": 0, "publications_years": {"1999": 1}, "citations_years": {}, "old_citations": {"1999": 0}, "isVisible": false}, "2517792040": {"name": "a i oferkin", "type": "author", "activity": 1, "h_index": 0, "h5_index": 0, "mag_id": "2517792040", "num_publications": 1, "num_citations": 0, "num_publications_5y": 0, "num_citations_5y": 0, "num_publications_10y": 0, "num_citations_10y": 0, "publications_years": {"1999": 1}, "citations_years": {}, "old_citations": {"1999": 0}, "isVisible": false}, "2563958638": {"name": "p alexander", "type": "author", "activity": 1, "h_index": 0, "h5_index": 0, "mag_id": "2563958638", "num_publications": 1, "num_citations": 0, "num_publications_5y": 0, "num_citations_5y": 0, "num_publications_10y": 0, "num_citations_10y": 0, "publications_years": {"1999": 1}, "citations_years": {}, "old_citations": {"1999": 0}, "isVisible": false}, "2568129279": {"name": "m s roitman", "type": "author", "activity": 1, "h_index": 1, "h5_index": 0, "mag_id": "2568129279", "num_publications": 1, "num_citations": 1, "num_publications_5y": 0, "num_citations_5y": 0, "num_publications_10y": 0, "num_citations_10y": 0, "publications_years": {"1999": 1}, "citations_years": {"2000": 1}, "old_citations": {"1999": 1}, "isVisible": false}, "2577484838": {"name": "v v grishaev", "type": "author", "activity": 1, "h_index": 0, "h5_index": 0, "mag_id": "2577484838", "num_publications": 1, "num_citations": 0, "num_publications_5y": 0, "num_citations_5y": 0, "num_publications_10y": 0, "num_citations_10y": 0, "publications_years": {"1999": 1}, "citations_years": {}, "old_citations": {"1999": 0}, "isVisible": false}, "2579174587": {"name": "v l kim", "type": "author", "activity": 1, "h_index": 1, "h5_index": 0, "mag_id": "2579174587", "num_publications": 1, "num_citations": 1, "num_publications_5y": 0, "num_citations_5y": 0, "num_publications_10y": 0, "num_citations_10y": 0, "publications_years": {"1999": 1}, "citations_years": {"2000": 1}, "old_citations": {"1999": 1}, "isVisible": false}, "2597020296": {"name": "sergey a mikhailov", "type": "author", "activity": 1, "h_index": 1, "h5_index": 0, "mag_id": "2597020296", "num_publications": 1, "num_citations": 0, "num_publications_5y": 0, "num_citations_5y": 0, "num_publications_10y": 0, "num_citations_10y": 0, "publications_years": {"1999": 1}, "citations_years": {}, "old_citations": {"1999": 0}, "isVisible": false}, "2629975183": {"name": "v v kruchinin", "type": "author", "activity": 1, "h_index": 0, "h5_index": 0, "mag_id": "2629975183", "num_publications": 1, "num_citations": 0, "num_publications_5y": 0, "num_citations_5y": 0, "num_publications_10y": 0, "num_citations_10y": 0, "publications_years": {"1999": 1}, "citations_years": {}, "old_citations": {"1999": 0}, "isVisible": false}, "2630878764": {"name": "e p gordov", "type": "author", "activity": 18, "h_index": 3, "h5_index": 2, "mag_id": "2630878764", "num_publications": 1, "num_citations": 0, "num_publications_5y": 0, "num_citations_5y": 0, "num_publications_10y": 0, "num_citations_10y": 0, "publications_years": {"1999": 1}, "citations_years": {}, "old_citations": {"1999": 0}, "isVisible": false}, "2633312595": {"name": "a a shelupanov", "type": "author", "activity": 1, "h_index": 0, "h5_index": 0, "mag_id": "2633312595", "num_publications": 1, "num_citations": 0, "num_publications_5y": 0, "num_citations_5y": 0, "num_publications_10y": 0, "num_citations_10y": 0, "publications_years": {"1999": 1}, "citations_years": {}, "old_citations": {"1999": 0}, "isVisible": false}, "2636778344": {"name": "i j immoreev", "type": "author", "activity": 1, "h_index": 1, "h5_index": 0, "mag_id": "2636778344", "num_publications": 1, "num_citations": 7, "num_publications_5y": 0, "num_citations_5y": 0, "num_publications_10y": 0, "num_citations_10y": 1, "publications_years": {"1999": 1}, "citations_years": {"2005": 2, "2006": 2, "2007": 1, "2008": 1, "2009": 1}, "old_citations": {"1999": 7}, "isVisible": false}, "2642098048": {"name": "yu a nifontov", "type": "author", "activity": 1, "h_index": 0, "h5_index": 0, "mag_id": "2642098048", "num_publications": 1, "num_citations": 0, "num_publications_5y": 0, "num_citations_5y": 0, "num_publications_10y": 0, "num_citations_10y": 0, "publications_years": {"1999": 1}, "citations_years": {}, "old_citations": {"1999": 0}, "isVisible": false}, "2647514633": {"name": "s a kalinin", "type": "author", "activity": 1, "h_index": 0, "h5_index": 0, "mag_id": "2647514633", "num_publications": 1, "num_citations": 0, "num_publications_5y": 0, "num_citations_5y": 0, "num_publications_10y": 0, "num_citations_10y": 0, "publications_years": {"1999": 1}, "citations_years": {}, "old_citations": {"1999": 0}, "isVisible": false}, "2649155515": {"name": "j d taylor", "type": "author", "activity": 1, "h_index": 1, "h5_index": 0, "mag_id": "2649155515", "num_publications": 1, "num_citations": 7, "num_publications_5y": 0, "num_citations_5y": 0, "num_publications_10y": 0, "num_citations_10y": 1, "publications_years": {"1999": 1}, "citations_years": {"2005": 2, "2006": 2, "2007": 1, "2008": 1, "2009": 1}, "old_citations": {"1999": 7}, "isVisible": false}, "2652842637": {"name": "a v arhipov", "type": "author", "activity": 1, "h_index": 0, "h5_index": 0, "mag_id": "2652842637", "num_publications": 1, "num_citations": 0, "num_publications_5y": 0, "num_citations_5y": 0, "num_publications_10y": 0, "num_citations_10y": 0, "publications_years": {"1999": 1}, "citations_years": {}, "old_citations": {"1999": 0}, "isVisible": false}, "2654967748": {"name": "o v stoukatch", "type": "author", "activity": 1, "h_index": 1, "h5_index": 0, "mag_id": "2654967748", "num_publications": 1, "num_citations": 1, "num_publications_5y": 0, "num_citations_5y": 0, "num_publications_10y": 0, "num_citations_10y": 0, "publications_years": {"1999": 1}, "citations_years": {"2007": 1}, "old_citations": {"1999": 1}, "isVisible": false}, "2655966247": {"name": "v v negrul", "type": "author", "activity": 1, "h_index": 0, "h5_index": 0, "mag_id": "2655966247", "num_publications": 1, "num_citations": 0, "num_publications_5y": 0, "num_citations_5y": 0, "num_publications_10y": 0, "num_citations_10y": 0, "publications_years": {"1999": 1}, "citations_years": {}, "old_citations": {"1999": 0}, "isVisible": false}, "2657462509": {"name": "g s sharygin", "type": "author", "activity": 1, "h_index": 0, "h5_index": 0, "mag_id": "2657462509", "num_publications": 1, "num_citations": 0, "num_publications_5y": 0, "num_citations_5y": 0, "num_publications_10y": 0, "num_citations_10y": 0, "publications_years": {"1999": 1}, "citations_years": {}, "old_citations": {"1999": 0}, "isVisible": false}, "2664318658": {"name": "s s bondarchuk", "type": "author", "activity": 1, "h_index": 0, "h5_index": 0, "mag_id": "2664318658", "num_publications": 1, "num_citations": 0, "num_publications_5y": 0, "num_citations_5y": 0, "num_publications_10y": 0, "num_citations_10y": 0, "publications_years": {"1999": 1}, "citations_years": {}, "old_citations": {"1999": 0}, "isVisible": false}, "2664797175": {"name": "z alla", "type": "author", "activity": 1, "h_index": 0, "h5_index": 0, "mag_id": "2664797175", "num_publications": 1, "num_citations": 0, "num_publications_5y": 0, "num_citations_5y": 0, "num_publications_10y": 0, "num_citations_10y": 0, "publications_years": {"1999": 1}, "citations_years": {}, "old_citations": {"1999": 0}, "isVisible": false}, "2666784140": {"name": "v a bondar", "type": "author", "activity": 1, "h_index": 0, "h5_index": 0, "mag_id": "2666784140", "num_publications": 1, "num_citations": 0, "num_publications_5y": 0, "num_citations_5y": 0, "num_publications_10y": 0, "num_citations_10y": 0, "publications_years": {"1999": 1}, "citations_years": {}, "old_citations": {"1999": 0}, "isVisible": false}, "2668103737": {"name": "v h vaizov", "type": "author", "activity": 1, "h_index": 0, "h5_index": 0, "mag_id": "2668103737", "num_publications": 1, "num_citations": 0, "num_publications_5y": 0, "num_citations_5y": 0, "num_publications_10y": 0, "num_citations_10y": 0, "publications_years": {"1999": 1}, "citations_years": {}, "old_citations": {"1999": 0}, "isVisible": false}, "2669465623": {"name": "b a panchenko", "type": "author", "activity": 1, "h_index": 0, "h5_index": 0, "mag_id": "2669465623", "num_publications": 1, "num_citations": 0, "num_publications_5y": 0, "num_citations_5y": 0, "num_publications_10y": 0, "num_citations_10y": 0, "publications_years": {"1999": 1}, "citations_years": {}, "old_citations": {"1999": 0}, "isVisible": false}, "2671735394": {"name": "v a timofeev", "type": "author", "activity": 1, "h_index": 0, "h5_index": 0, "mag_id": "2671735394", "num_publications": 1, "num_citations": 0, "num_publications_5y": 0, "num_citations_5y": 0, "num_publications_10y": 0, "num_citations_10y": 0, "publications_years": {"1999": 1}, "citations_years": {}, "old_citations": {"1999": 0}, "isVisible": false}, "2673021999": {"name": "a h sultanov", "type": "author", "activity": 1, "h_index": 0, "h5_index": 0, "mag_id": "2673021999", "num_publications": 1, "num_citations": 0, "num_publications_5y": 0, "num_citations_5y": 0, "num_publications_10y": 0, "num_citations_10y": 0, "publications_years": {"1999": 1}, "citations_years": {}, "old_citations": {"1999": 0}, "isVisible": false}, "2674463021": {"name": "b m mironov", "type": "author", "activity": 1, "h_index": 0, "h5_index": 0, "mag_id": "2674463021", "num_publications": 1, "num_citations": 0, "num_publications_5y": 0, "num_citations_5y": 0, "num_publications_10y": 0, "num_citations_10y": 0, "publications_years": {"1999": 1}, "citations_years": {}, "old_citations": {"1999": 0}, "isVisible": false}, "2683418128": {"name": "n m fedotov", "type": "author", "activity": 1, "h_index": 0, "h5_index": 0, "mag_id": "2683418128", "num_publications": 1, "num_citations": 0, "num_publications_5y": 0, "num_citations_5y": 0, "num_publications_10y": 0, "num_citations_10y": 0, "publications_years": {"1999": 1}, "citations_years": {}, "old_citations": {"1999": 0}, "isVisible": false}, "2690341612": {"name": "n milyaev", "type": "author", "activity": 1, "h_index": 0, "h5_index": 0, "mag_id": "2690341612", "num_publications": 1, "num_citations": 0, "num_publications_5y": 0, "num_citations_5y": 0, "num_publications_10y": 0, "num_citations_10y": 0, "publications_years": {"1999": 1}, "citations_years": {}, "old_citations": {"1999": 0}, "isVisible": false}, "2697443717": {"name": "m p silich", "type": "author", "activity": 1, "h_index": 0, "h5_index": 0, "mag_id": "2697443717", "num_publications": 1, "num_citations": 0, "num_publications_5y": 0, "num_citations_5y": 0, "num_publications_10y": 0, "num_citations_10y": 0, "publications_years": {"1999": 1}, "citations_years": {}, "old_citations": {"1999": 0}, "isVisible": false}, "2703903997": {"name": "v v kruchinin", "type": "author", "activity": 1, "h_index": 0, "h5_index": 0, "mag_id": "2703903997", "num_publications": 1, "num_citations": 0, "num_publications_5y": 0, "num_citations_5y": 0, "num_publications_10y": 0, "num_citations_10y": 0, "publications_years": {"1999": 1}, "citations_years": {}, "old_citations": {"1999": 0}, "isVisible": false}, "2704304170": {"name": "n i korolev", "type": "author", "activity": 1, "h_index": 0, "h5_index": 0, "mag_id": "2704304170", "num_publications": 1, "num_citations": 0, "num_publications_5y": 0, "num_citations_5y": 0, "num_publications_10y": 0, "num_citations_10y": 0, "publications_years": {"1999": 1}, "citations_years": {}, "old_citations": {"1999": 0}, "isVisible": false}, "2705012466": {"name": "s n vladimirov", "type": "author", "activity": 1, "h_index": 0, "h5_index": 0, "mag_id": "2705012466", "num_publications": 1, "num_citations": 0, "num_publications_5y": 0, "num_citations_5y": 0, "num_publications_10y": 0, "num_citations_10y": 0, "publications_years": {"1999": 1}, "citations_years": {}, "old_citations": {"1999": 0}, "isVisible": false}, "2709948657": {"name": "a a shilin", "type": "author", "activity": 1, "h_index": 0, "h5_index": 0, "mag_id": "2709948657", "num_publications": 1, "num_citations": 0, "num_publications_5y": 0, "num_citations_5y": 0, "num_publications_10y": 0, "num_citations_10y": 0, "publications_years": {"1999": 1}, "citations_years": {}, "old_citations": {"1999": 0}, "isVisible": false}, "2718061808": {"name": "l i babak", "type": "author", "activity": 1, "h_index": 0, "h5_index": 0, "mag_id": "2718061808", "num_publications": 1, "num_citations": 0, "num_publications_5y": 0, "num_citations_5y": 0, "num_publications_10y": 0, "num_citations_10y": 0, "publications_years": {"1999": 1}, "citations_years": {}, "old_citations": {"1999": 0}, "isVisible": false}, "2723836498": {"name": "a a shelupanov", "type": "author", "activity": 1, "h_index": 0, "h5_index": 0, "mag_id": "2723836498", "num_publications": 1, "num_citations": 0, "num_publications_5y": 0, "num_citations_5y": 0, "num_publications_10y": 0, "num_citations_10y": 0, "publications_years": {"1999": 1}, "citations_years": {}, "old_citations": {"1999": 0}, "isVisible": false}}, "countries": {"Russia": {"name": "Russia", "type": "country", "h5_index": 45, "num_publications": 17, "num_citations": 2, "num_publications_5y": 0, "num_citations_5y": 0, "num_publications_10y": 0, "num_citations_10y": 1, "publications_years": {"1999": 17}, "citations_years": {"2010": 1, "2007": 1}, "old_citations": {"1999": 2}, "isVisible": false}}}, "conference_comparison": {"computer science": {}}, "topics_dna": {"publications": {}, "citations": {"normalized": {}, "average": {}}}, "info": {"num_publications": 38, "num_citations": 10.0, "impact_factor": {}, "publications_years": {"1999": 38}, "citations_years": {"2000": 1, "2001": 0, "2002": 0, "2003": 0, "2004": 0, "2005": 2, "2006": 2, "2007": 2, "2008": 1, "2009": 1, "2010": 1}, "old_citations": {"1999": 10}, "h5_index": 0}, "percentile": {"computer science": {"1999": 84}}, "conference_ranking": {"computer science": {"1999": 682}}, "academia": {"num_publications": 16, "num_citations": 1, "publications_years": {"1999": 16}, "old_citations": {"1999": 1}, "num_publications_5y": 0, "num_citations_5y": 0, "num_publications_10y": 0, "num_citations_10y": 0}, "industry": {"num_publications": 0, "num_citations": 0, "publications_years": {}, "old_citations": {}, "num_publications_5y": 0, "num_citations_5y": 0, "num_publications_10y": 0, "num_citations_10y": 0}, "collaborative": {"num_publications": 0, "num_citations": 0, "publications_years": {}, "old_citations": {}, "num_publications_5y": 0, "num_citations_5y": 0, "num_publications_10y": 0, "num_citations_10y": 0}, "conferences": {}, "journals": {}, "organizations": {"publication_overall": ["Tomsk State University of Control Systems and Radio-Electronics", "Tomsk State University", "Yaroslavl State University", "Russian Academy of Sciences"], "citation_overall": ["Russian Academy of Sciences", "Tomsk State University", "Tomsk State University of Control Systems and Radio-Electronics", "Yaroslavl State University"], "publication_10_years": [], "citation_10_years": [], "publication_5_years": [], "citation_5_years": []}, "countries": {"publication_overall": ["Russia"], "citation_overall": ["Russia"], "publication_10_years": [], "citation_10_years": [], "publication_5_years": [], "citation_5_years": []}, "topics": {"publication_overall": ["computer science", "computer systems", "mathematics", "computer networks", "engineering", "telecommunication systems", "artificial intelligence", "signal processing", "communication systems", "computer hardware", "wireless telecommunication systems", "communication channels (information theory)", "matrix algebra", "probability", "bandwidth", "antennas", "computer security", "signal to noise ratio", "computer imaging and vision", "correlation analysis"], "citation_overall": ["computer science", "computer systems", "mathematics", "antennas", "bit error rate", "communication channels (information theory)", "communication systems", "computer hardware", "computer networks", "engineering", "fading (radio)", "matrix algebra", "probability", "signal detection", "signal processing", "signal to noise ratio", "telecommunication systems", "wireless telecommunication systems", "airborne radars", "antenna arrays"], "publication_10_years": [], "citation_10_years": [], "publication_5_years": [], "citation_5_years": []}, "main_topics": ["computer science"], "authors": {"publication_overall": ["2222707151", "395599118", "1763622104", "1967157933", "1967713727", "1984157793", "1985455040", "1996747141", "2015201264", "2164049412", "2177029015", "2222475881", "2222854146", "2223032798", "2223584592", "2223630839", "2224740757", "2224971133", "2225121321", "2226042552", "2226139321", "2226187295", "2227004273", "2227474965", "2227621781", "2227633381", "2227664586", "2228286058", "2228443279", "2228946213", "2229554056", "2229607732", "2230423854", "2230573927", "2232337091", "2298903686", "2336569280", "2339803506", "2345598505", "2345625551", "2345714164", "2346858315", "2431889811", "2432921494", "2439619849", "2441341662", "2468246349", "2497765872", "2506318820", "2517678971", "2517792040", "2563958638", "2568129279", "2577484838", "2579174587", "2597020296", "2629975183", "2630878764", "2633312595", "2636778344", "2642098048", "2647514633", "2649155515", "2652842637", "2654967748", "2655966247", "2657462509", "2664318658", "2664797175", "2666784140", "2668103737", "2669465623", "2671735394", "2673021999", "2674463021", "2683418128", "2690341612", "2697443717", "2703903997", "2704304170", "2705012466", "2709948657", "2718061808", "2723836498"], "citation_overall": ["2636778344", "2649155515", "2226042552", "2439619849", "2497765872", "2568129279", "2579174587", "2654967748", "395599118", "1763622104", "1967157933", "1967713727", "1984157793", "1985455040", "1996747141", "2015201264", "2164049412", "2177029015", "2222475881", "2222707151", "2222854146", "2223032798", "2223584592", "2223630839", "2224740757", "2224971133", "2225121321", "2226139321", "2226187295", "2227004273", "2227474965", "2227621781", "2227633381", "2227664586", "2228286058", "2228443279", "2228946213", "2229554056", "2229607732", "2230423854", "2230573927", "2232337091", "2298903686", "2336569280", "2339803506", "2345598505", "2345625551", "2345714164", "2346858315", "2431889811", "2432921494", "2441341662", "2468246349", "2506318820", "2517678971", "2517792040", "2563958638", "2577484838", "2597020296", "2629975183", "2630878764", "2633312595", "2642098048", "2647514633", "2652842637", "2655966247", "2657462509", "2664318658", "2664797175", "2666784140", "2668103737", "2669465623", "2671735394", "2673021999", "2674463021", "2683418128", "2690341612", "2697443717", "2703903997", "2704304170", "2705012466", "2709948657", "2718061808", "2723836498"], "publication_10_years": [], "citation_10_years": [], "publication_5_years": [], "citation_5_years": []}, "industrial_sectors": {"publication_overall": [], "citation_overall": [], "publication_10_years": [], "citation_10_years": [], "publication_5_years": [], "citation_5_years": []}}