{"name": "Mathematical Methods for Curves and Surfaces", "acronym": "MMCS", "type": "conference", "uniqueEntities": {"organizations": {"Johannes Kepler University of Linz": {"name": "Johannes Kepler University of Linz", "type": "organization", "organization_type": "Education", "h_index": 74, "h5_index": 29, "num_publications": 3, "num_citations": 32, "num_publications_5y": 2, "num_citations_5y": 21, "num_publications_10y": 3, "num_citations_10y": 21, "publications_years": {"2016": 2, "2012": 1}, "citations_years": {"2015": 5, "2016": 0, "2017": 9, "2018": 7, "2019": 5, "2020": 6}, "old_citations": {"2016": 1, "2012": 31}, "isVisible": false}, "SINTEF": {"name": "SINTEF", "type": "organization", "organization_type": "Facility", "h_index": 69, "h5_index": 19, "num_publications": 3, "num_citations": 34, "num_publications_5y": 0, "num_citations_5y": 20, "num_publications_10y": 1, "num_citations_10y": 22, "publications_years": {"2008": 2, "2012": 1}, "citations_years": {"2012": 1, "2013": 1, "2014": 0, "2015": 5, "2016": 0, "2017": 9, "2018": 6, "2019": 6, "2020": 6}, "old_citations": {"2008": 3, "2012": 31}, "isVisible": false}, "Aix-Marseille University": {"name": "Aix-Marseille University", "type": "organization", "organization_type": "Education", "h_index": 50, "h5_index": 18, "num_publications": 2, "num_citations": 2, "num_publications_5y": 1, "num_citations_5y": 1, "num_publications_10y": 2, "num_citations_10y": 1, "publications_years": {"2016": 1, "2012": 1}, "citations_years": {"2019": 1, "2016": 1}, "old_citations": {"2016": 1, "2012": 1}, "isVisible": false}, "Max Planck Society": {"name": "Max Planck Society", "type": "organization", "organization_type": "Nonprofit", "h_index": 248, "h5_index": 87, "num_publications": 2, "num_citations": 8, "num_publications_5y": 0, "num_citations_5y": 6, "num_publications_10y": 1, "num_citations_10y": 6, "publications_years": {"2001": 1, "2012": 1}, "citations_years": {"2014": 1, "2015": 1, "2016": 4, "2017": 0, "2018": 0, "2019": 2}, "old_citations": {"2001": 4, "2012": 8}, "isVisible": false}, "University of Florida": {"name": "University of Florida", "type": "organization", "organization_type": "Education", "h_index": 152, "h5_index": 38, "num_publications": 2, "num_citations": 12, "num_publications_5y": 0, "num_citations_5y": 6, "num_publications_10y": 1, "num_citations_10y": 12, "publications_years": {"2012": 1, "2008": 1}, "citations_years": {"2013": 3, "2014": 1, "2015": 0, "2016": 2, "2017": 3, "2009": 1, "2010": 1, "2011": 0, "2012": 1}, "old_citations": {"2012": 6, "2008": 6}, "isVisible": false}, "University of Oslo": {"name": "University of Oslo", "type": "organization", "organization_type": "Education", "h_index": 100, "h5_index": 39, "num_publications": 2, "num_citations": 5, "num_publications_5y": 1, "num_citations_5y": 5, "num_publications_10y": 2, "num_citations_10y": 5, "publications_years": {"2012": 1, "2016": 1}, "citations_years": {"2014": 1, "2015": 1, "2016": 1, "2017": 1, "2018": 1}, "old_citations": {"2012": 4, "2016": 1}, "isVisible": false}, "Arizona State University": {"name": "Arizona State University", "type": "organization", "organization_type": "Education", "h_index": 169, "h5_index": 56, "num_publications": 1, "num_citations": 12, "num_publications_5y": 0, "num_citations_5y": 1, "num_publications_10y": 0, "num_citations_10y": 5, "publications_years": {"2001": 1}, "citations_years": {"2003": 1, "2004": 2, "2005": 1, "2006": 2, "2007": 1, "2008": 0, "2009": 1, "2010": 1, "2011": 1, "2012": 1, "2013": 0, "2014": 0, "2015": 0, "2016": 0, "2017": 1}, "old_citations": {"2001": 12}, "isVisible": false}, "Charles University": {"name": "Charles University", "type": "organization", "organization_type": "Education", "h_index": 63, "h5_index": 21, "num_publications": 1, "num_citations": 2, "num_publications_5y": 0, "num_citations_5y": 1, "num_publications_10y": 1, "num_citations_10y": 1, "publications_years": {"2012": 1}, "citations_years": {"2018": 1, "2019": 1}, "old_citations": {"2012": 2}, "isVisible": false}, "French Institute for Research in Computer Science and Automation": {"name": "French Institute for Research in Computer Science and Automation", "type": "organization", "organization_type": "Government", "h_index": 247, "h5_index": 53, "num_publications": 1, "num_citations": 2, "num_publications_5y": 0, "num_citations_5y": 2, "num_publications_10y": 1, "num_citations_10y": 2, "publications_years": {"2012": 1}, "citations_years": {"2014": 1, "2015": 1}, "old_citations": {"2012": 2}, "isVisible": false}, "Grenoble Institute of Technology": {"name": "Grenoble Institute of Technology", "type": "organization", "organization_type": "Education", "h_index": 33, "h5_index": 14, "num_publications": 1, "num_citations": 0, "num_publications_5y": 0, "num_citations_5y": 0, "num_publications_10y": 0, "num_citations_10y": 0, "publications_years": {"2008": 1}, "citations_years": {}, "old_citations": {"2008": 0}, "isVisible": false}, "Institut de Radioprotection et de S\u00fbret\u00e9 Nucl\u00e9aire": {"name": "Institut de Radioprotection et de S\u00fbret\u00e9 Nucl\u00e9aire", "type": "organization", "organization_type": "Government", "h_index": 12, "h5_index": 3, "num_publications": 1, "num_citations": 1, "num_publications_5y": 0, "num_citations_5y": 1, "num_publications_10y": 1, "num_citations_10y": 1, "publications_years": {"2012": 1}, "citations_years": {"2016": 1}, "old_citations": {"2012": 1}, "isVisible": false}, "KU Leuven": {"name": "KU Leuven", "type": "organization", "organization_type": "Education", "h_index": 183, "h5_index": 52, "num_publications": 1, "num_citations": 15, "num_publications_5y": 0, "num_citations_5y": 12, "num_publications_10y": 1, "num_citations_10y": 12, "publications_years": {"2012": 1}, "citations_years": {"2015": 2, "2016": 7, "2017": 3, "2018": 0, "2019": 2, "2020": 1}, "old_citations": {"2012": 15}, "isVisible": false}, "National Institute of Advanced Industrial Science and Technology": {"name": "National Institute of Advanced Industrial Science and Technology", "type": "organization", "organization_type": "Government", "h_index": 89, "h5_index": 23, "num_publications": 1, "num_citations": 0, "num_publications_5y": 1, "num_citations_5y": 0, "num_publications_10y": 1, "num_citations_10y": 0, "publications_years": {"2016": 1}, "citations_years": {}, "old_citations": {"2016": 0}, "isVisible": false}, "National Institute of Standards and Technology": {"name": "National Institute of Standards and Technology", "type": "organization", "organization_type": "Government", "h_index": 116, "h5_index": 29, "num_publications": 1, "num_citations": 1, "num_publications_5y": 0, "num_citations_5y": 1, "num_publications_10y": 0, "num_citations_10y": 1, "publications_years": {"2008": 1}, "citations_years": {"2015": 1}, "old_citations": {"2008": 1}, "isVisible": false}, "Siemens (Germany)": {"name": "Siemens (Germany)", "type": "organization", "organization_type": "Company", "h_index": 141, "h5_index": 32, "num_publications": 1, "num_citations": 1, "num_publications_5y": 0, "num_citations_5y": 0, "num_publications_10y": 1, "num_citations_10y": 1, "publications_years": {"2012": 1}, "citations_years": {"2013": 1}, "old_citations": {"2012": 1}, "isVisible": false}, "Technical University of Denmark": {"name": "Technical University of Denmark", "type": "organization", "organization_type": "Education", "h_index": 106, "h5_index": 36, "num_publications": 1, "num_citations": 31, "num_publications_5y": 0, "num_citations_5y": 20, "num_publications_10y": 1, "num_citations_10y": 20, "publications_years": {"2012": 1}, "citations_years": {"2015": 5, "2016": 0, "2017": 9, "2018": 6, "2019": 5, "2020": 6}, "old_citations": {"2012": 31}, "isVisible": false}, "Technion \u2013 Israel Institute of Technology": {"name": "Technion \u2013 Israel Institute of Technology", "type": "organization", "organization_type": "Education", "h_index": 195, "h5_index": 42, "num_publications": 1, "num_citations": 4, "num_publications_5y": 1, "num_citations_5y": 0, "num_publications_10y": 1, "num_citations_10y": 0, "publications_years": {"2016": 1}, "citations_years": {"2019": 3, "2020": 1}, "old_citations": {"2016": 4}, "isVisible": false}, "University of Bath": {"name": "University of Bath", "type": "organization", "organization_type": "Education", "h_index": 67, "h5_index": 23, "num_publications": 1, "num_citations": 0, "num_publications_5y": 0, "num_citations_5y": 0, "num_publications_10y": 0, "num_citations_10y": 0, "publications_years": {"2001": 1}, "citations_years": {}, "old_citations": {"2001": 0}, "isVisible": false}, "University of Cambridge": {"name": "University of Cambridge", "type": "organization", "organization_type": "Education", "h_index": 250, "h5_index": 62, "num_publications": 1, "num_citations": 0, "num_publications_5y": 0, "num_citations_5y": 0, "num_publications_10y": 1, "num_citations_10y": 0, "publications_years": {"2012": 1}, "citations_years": {}, "old_citations": {"2012": 0}, "isVisible": false}, "University of Huddersfield": {"name": "University of Huddersfield", "type": "organization", "organization_type": "Education", "h_index": 42, "h5_index": 16, "num_publications": 1, "num_citations": 0, "num_publications_5y": 0, "num_citations_5y": 0, "num_publications_10y": 0, "num_citations_10y": 0, "publications_years": {"2001": 1}, "citations_years": {}, "old_citations": {"2001": 0}, "isVisible": false}, "University of Milan": {"name": "University of Milan", "type": "organization", "organization_type": "Education", "h_index": 110, "h5_index": 26, "num_publications": 1, "num_citations": 6, "num_publications_5y": 0, "num_citations_5y": 3, "num_publications_10y": 1, "num_citations_10y": 4, "publications_years": {"2012": 1}, "citations_years": {"2013": 1, "2014": 1, "2015": 0, "2016": 0, "2017": 1, "2018": 1, "2019": 1, "2020": 1}, "old_citations": {"2012": 6}, "isVisible": false}, "University of Passau": {"name": "University of Passau", "type": "organization", "organization_type": "Education", "h_index": 69, "h5_index": 24, "num_publications": 1, "num_citations": 1, "num_publications_5y": 0, "num_citations_5y": 0, "num_publications_10y": 1, "num_citations_10y": 1, "publications_years": {"2012": 1}, "citations_years": {"2013": 1}, "old_citations": {"2012": 1}, "isVisible": false}, "University of Waterloo": {"name": "University of Waterloo", "type": "organization", "organization_type": "Education", "h_index": 185, "h5_index": 58, "num_publications": 1, "num_citations": 3, "num_publications_5y": 0, "num_citations_5y": 0, "num_publications_10y": 0, "num_citations_10y": 2, "publications_years": {"2001": 1}, "citations_years": {"2005": 1, "2006": 0, "2007": 0, "2008": 0, "2009": 0, "2010": 2}, "old_citations": {"2001": 3}, "isVisible": false}, "Vilnius University": {"name": "Vilnius University", "type": "organization", "organization_type": "Education", "h_index": 23, "h5_index": 10, "num_publications": 1, "num_citations": 6, "num_publications_5y": 0, "num_citations_5y": 2, "num_publications_10y": 0, "num_citations_10y": 6, "publications_years": {"2008": 1}, "citations_years": {"2009": 1, "2010": 1, "2011": 0, "2012": 1, "2013": 1, "2014": 0, "2015": 0, "2016": 1, "2017": 1}, "old_citations": {"2008": 6}, "isVisible": false}}, "topics": {"computer science": {"name": "computer science", "type": "topic", "h_index": 1779, "h5_index": 416, "num_publications": 37, "num_citations": 172, "num_publications_5y": 4, "num_citations_5y": 61, "num_publications_10y": 16, "num_citations_10y": 92, "publications_years": {"2008": 4, "2016": 4, "2012": 12, "1998": 10, "2001": 6, "2000": 1}, "citations_years": {"2015": 12, "2013": 6, "2014": 5, "2016": 17, "2017": 18, "1999": 2, "2000": 3, "2001": 9, "2002": 12, "2003": 2, "2004": 4, "2005": 6, "2006": 6, "2007": 4, "2008": 4, "2009": 10, "2019": 17, "2018": 9, "2010": 10, "2020": 11, "2011": 1, "2012": 4}, "old_citations": {"2008": 10, "2016": 6, "2012": 78, "1998": 60, "2001": 22, "2000": 0}, "isVisible": false}, "mathematics": {"name": "mathematics", "type": "topic", "h_index": 1364, "h5_index": 300, "num_publications": 26, "num_citations": 89, "num_publications_5y": 3, "num_citations_5y": 43, "num_publications_10y": 12, "num_citations_10y": 59, "publications_years": {"2016": 3, "2012": 9, "2008": 3, "1998": 7, "2001": 3, "2000": 1}, "citations_years": {"2013": 6, "2014": 4, "2015": 7, "2016": 10, "2017": 14, "2002": 3, "2019": 15, "2018": 8, "2020": 8, "2009": 3, "2010": 4, "2011": 0, "2012": 3, "2006": 3, "2007": 0, "2008": 0, "2003": 0, "2004": 0, "2005": 0, "2001": 1}, "old_citations": {"2016": 5, "2012": 59, "2008": 9, "1998": 13, "2001": 7, "2000": 0}, "isVisible": false}, "computer imaging and vision": {"name": "computer imaging and vision", "type": "topic", "h_index": 1142, "h5_index": 334, "num_publications": 20, "num_citations": 53, "num_publications_5y": 3, "num_citations_5y": 22, "num_publications_10y": 10, "num_citations_10y": 35, "publications_years": {"2016": 3, "2012": 7, "1998": 3, "2001": 5, "2008": 1, "2000": 1}, "citations_years": {"2013": 4, "2014": 4, "2015": 3, "2016": 10, "2017": 5, "2002": 1, "2019": 6, "2005": 2, "2006": 4, "2007": 1, "2008": 0, "2009": 2, "2010": 4, "2011": 1, "2012": 2, "2018": 0, "2020": 1, "2003": 1, "2004": 2}, "old_citations": {"2016": 5, "2012": 22, "1998": 2, "2001": 22, "2008": 6, "2000": 0}, "isVisible": false}, "computer systems": {"name": "computer systems", "type": "topic", "h_index": 1595, "h5_index": 367, "num_publications": 19, "num_citations": 72, "num_publications_5y": 0, "num_citations_5y": 35, "num_publications_10y": 8, "num_citations_10y": 50, "publications_years": {"2008": 4, "2012": 8, "1998": 4, "2001": 3}, "citations_years": {"2015": 6, "2013": 5, "2014": 4, "2016": 16, "2017": 8, "2002": 4, "2005": 2, "2006": 0, "2007": 1, "2008": 1, "2009": 3, "2010": 5, "2018": 1, "2019": 6, "2020": 3, "2011": 0, "2012": 2, "1999": 1, "2000": 0, "2001": 3, "2003": 0, "2004": 1}, "old_citations": {"2008": 10, "2012": 42, "1998": 17, "2001": 7}, "isVisible": false}, "image processing": {"name": "image processing", "type": "topic", "h_index": 1113, "h5_index": 328, "num_publications": 19, "num_citations": 53, "num_publications_5y": 3, "num_citations_5y": 22, "num_publications_10y": 9, "num_citations_10y": 35, "publications_years": {"2016": 3, "2012": 6, "1998": 3, "2001": 5, "2008": 1, "2000": 1}, "citations_years": {"2013": 4, "2014": 4, "2015": 3, "2016": 10, "2017": 5, "2002": 1, "2019": 6, "2005": 2, "2006": 4, "2007": 1, "2008": 0, "2009": 2, "2010": 4, "2011": 1, "2012": 2, "2018": 0, "2020": 1, "2003": 1, "2004": 2}, "old_citations": {"2016": 5, "2012": 22, "1998": 2, "2001": 22, "2008": 6, "2000": 0}, "isVisible": false}, "computer aided design": {"name": "computer aided design", "type": "topic", "h_index": 485, "h5_index": 107, "num_publications": 17, "num_citations": 113, "num_publications_5y": 2, "num_citations_5y": 46, "num_publications_10y": 7, "num_citations_10y": 63, "publications_years": {"2008": 3, "2012": 5, "1998": 2, "2001": 4, "2016": 2, "2000": 1}, "citations_years": {"2015": 10, "2014": 2, "2016": 10, "2017": 16, "1999": 1, "2000": 1, "2001": 4, "2002": 7, "2003": 2, "2004": 3, "2005": 3, "2006": 4, "2007": 2, "2008": 1, "2009": 6, "2010": 6, "2013": 2, "2018": 8, "2019": 12, "2020": 10, "2011": 1, "2012": 2}, "old_citations": {"2008": 7, "2012": 58, "1998": 25, "2001": 18, "2016": 5, "2000": 0}, "isVisible": false}, "artificial intelligence": {"name": "artificial intelligence", "type": "topic", "h_index": 1421, "h5_index": 373, "num_publications": 13, "num_citations": 28, "num_publications_5y": 1, "num_citations_5y": 15, "num_publications_10y": 6, "num_citations_10y": 25, "publications_years": {"2012": 5, "2001": 3, "2008": 1, "2016": 1, "1998": 3}, "citations_years": {"2013": 3, "2014": 3, "2015": 3, "2016": 4, "2017": 4, "2005": 1, "2006": 1, "2007": 0, "2008": 0, "2009": 1, "2010": 4, "2011": 0, "2012": 2, "2018": 1, "2019": 0, "2020": 1}, "old_citations": {"2012": 14, "2001": 3, "2008": 6, "2016": 1, "1998": 4}, "isVisible": false}, "engineering": {"name": "engineering", "type": "topic", "h_index": 1177, "h5_index": 287, "num_publications": 12, "num_citations": 47, "num_publications_5y": 1, "num_citations_5y": 11, "num_publications_10y": 6, "num_citations_10y": 23, "publications_years": {"2012": 5, "1998": 5, "2001": 1, "2016": 1}, "citations_years": {"2013": 4, "2014": 3, "2015": 1, "2016": 2, "2017": 4, "1999": 1, "2000": 1, "2001": 4, "2002": 8, "2003": 1, "2004": 1, "2005": 1, "2006": 1, "2007": 1, "2008": 1, "2009": 4, "2019": 3, "2018": 1, "2020": 1, "2010": 3, "2011": 0, "2012": 1}, "old_citations": {"2012": 17, "1998": 29, "2001": 0, "2016": 1}, "isVisible": false}, "human computer interaction": {"name": "human computer interaction", "type": "topic", "h_index": 934, "h5_index": 215, "num_publications": 11, "num_citations": 39, "num_publications_5y": 0, "num_citations_5y": 20, "num_publications_10y": 5, "num_citations_10y": 28, "publications_years": {"2008": 1, "2012": 5, "2001": 3, "1998": 2}, "citations_years": {"2015": 5, "2013": 2, "2014": 4, "2016": 7, "2017": 4, "2005": 2, "2006": 2, "2007": 1, "2008": 0, "2009": 1, "2010": 3, "2018": 0, "2019": 2, "2020": 1, "2003": 1, "2004": 2, "2011": 1, "2012": 1}, "old_citations": {"2008": 1, "2012": 22, "2001": 15, "1998": 1}, "isVisible": false}, "splines": {"name": "splines", "type": "topic", "h_index": 218, "h5_index": 40, "num_publications": 11, "num_citations": 73, "num_publications_5y": 2, "num_citations_5y": 41, "num_publications_10y": 6, "num_citations_10y": 45, "publications_years": {"2008": 1, "2012": 4, "2001": 3, "2016": 2, "2000": 1}, "citations_years": {"2015": 10, "2014": 1, "2016": 9, "2017": 14, "2018": 7, "2019": 10, "2020": 9, "2006": 4, "2007": 1, "2008": 0, "2009": 1, "2010": 1, "2011": 1, "2012": 1, "2013": 0, "2003": 1, "2004": 2, "2005": 1}, "old_citations": {"2008": 1, "2012": 52, "2001": 15, "2016": 5, "2000": 0}, "isVisible": false}, "computer hardware": {"name": "computer hardware", "type": "topic", "h_index": 1150, "h5_index": 279, "num_publications": 9, "num_citations": 34, "num_publications_5y": 1, "num_citations_5y": 20, "num_publications_10y": 5, "num_citations_10y": 29, "publications_years": {"2012": 4, "2008": 3, "2001": 1, "2016": 1}, "citations_years": {"2013": 5, "2014": 4, "2015": 2, "2016": 7, "2017": 5, "2018": 2, "2019": 4, "2020": 1, "2009": 1, "2010": 1, "2011": 0, "2012": 2}, "old_citations": {"2012": 24, "2008": 9, "2001": 4, "2016": 1}, "isVisible": false}, "distributed computer systems": {"name": "distributed computer systems", "type": "topic", "h_index": 985, "h5_index": 228, "num_publications": 9, "num_citations": 30, "num_publications_5y": 0, "num_citations_5y": 19, "num_publications_10y": 5, "num_citations_10y": 24, "publications_years": {"2012": 5, "2008": 2, "2001": 1, "1998": 1}, "citations_years": {"2013": 4, "2014": 4, "2015": 3, "2016": 7, "2017": 4, "2018": 1, "2019": 4, "2020": 2, "2012": 1}, "old_citations": {"2012": 26, "2008": 3, "2001": 4, "1998": 1}, "isVisible": false}, "user interfaces": {"name": "user interfaces", "type": "topic", "h_index": 845, "h5_index": 182, "num_publications": 9, "num_citations": 37, "num_publications_5y": 0, "num_citations_5y": 19, "num_publications_10y": 4, "num_citations_10y": 27, "publications_years": {"2008": 1, "2012": 4, "2001": 3, "1998": 1}, "citations_years": {"2015": 4, "2013": 2, "2014": 4, "2016": 7, "2017": 4, "2005": 2, "2006": 2, "2007": 1, "2008": 0, "2009": 1, "2010": 3, "2018": 0, "2019": 2, "2003": 1, "2004": 2, "2011": 1, "2012": 1}, "old_citations": {"2008": 1, "2012": 20, "2001": 15, "1998": 1}, "isVisible": false}, "computer networks": {"name": "computer networks", "type": "topic", "h_index": 1262, "h5_index": 332, "num_publications": 8, "num_citations": 17, "num_publications_5y": 1, "num_citations_5y": 5, "num_publications_10y": 4, "num_citations_10y": 10, "publications_years": {"1998": 1, "2016": 1, "2012": 3, "2001": 2, "2008": 1}, "citations_years": {"2002": 1, "2019": 4, "2018": 2, "2005": 1, "2006": 0, "2007": 0, "2008": 0, "2009": 0, "2010": 2, "2016": 1, "2013": 2, "2014": 1, "2015": 0, "2017": 1, "2020": 1, "2012": 1}, "old_citations": {"1998": 1, "2016": 1, "2012": 9, "2001": 3, "2008": 3}, "isVisible": false}, "database systems": {"name": "database systems", "type": "topic", "h_index": 1167, "h5_index": 276, "num_publications": 8, "num_citations": 34, "num_publications_5y": 0, "num_citations_5y": 8, "num_publications_10y": 3, "num_citations_10y": 19, "publications_years": {"2008": 2, "2001": 2, "2012": 3, "1998": 1}, "citations_years": {"2015": 2, "2005": 2, "2006": 0, "2007": 1, "2008": 1, "2009": 3, "2010": 5, "2016": 2, "2013": 2, "2014": 1, "2017": 2, "2018": 1, "2019": 1, "2020": 2, "2011": 0, "2012": 1, "1999": 1, "2000": 0, "2001": 3, "2002": 3, "2003": 0, "2004": 1}, "old_citations": {"2008": 7, "2001": 3, "2012": 9, "1998": 15}, "isVisible": false}, "distributed systems": {"name": "distributed systems", "type": "topic", "h_index": 859, "h5_index": 209, "num_publications": 8, "num_citations": 24, "num_publications_5y": 0, "num_citations_5y": 16, "num_publications_10y": 4, "num_citations_10y": 20, "publications_years": {"2012": 4, "2008": 2, "2001": 1, "1998": 1}, "citations_years": {"2013": 3, "2014": 3, "2015": 3, "2016": 7, "2017": 3, "2012": 1, "2018": 0, "2019": 3, "2020": 1}, "old_citations": {"2012": 20, "2008": 3, "2001": 4, "1998": 1}, "isVisible": false}, "image analysis": {"name": "image analysis", "type": "topic", "h_index": 988, "h5_index": 315, "num_publications": 8, "num_citations": 26, "num_publications_5y": 0, "num_citations_5y": 15, "num_publications_10y": 4, "num_citations_10y": 23, "publications_years": {"2012": 4, "2001": 2, "2008": 1, "1998": 1}, "citations_years": {"2013": 3, "2014": 3, "2015": 2, "2016": 7, "2017": 3, "2005": 1, "2006": 0, "2007": 0, "2008": 0, "2009": 1, "2010": 3, "2011": 0, "2012": 1, "2018": 0, "2019": 2}, "old_citations": {"2012": 17, "2001": 7, "2008": 6, "1998": 0}, "isVisible": false}, "microprocessor chips": {"name": "microprocessor chips", "type": "topic", "h_index": 744, "h5_index": 175, "num_publications": 8, "num_citations": 33, "num_publications_5y": 0, "num_citations_5y": 19, "num_publications_10y": 4, "num_citations_10y": 28, "publications_years": {"2012": 4, "2008": 3, "2001": 1}, "citations_years": {"2013": 5, "2014": 4, "2015": 2, "2016": 7, "2017": 5, "2018": 1, "2019": 4, "2020": 1, "2009": 1, "2010": 1, "2011": 0, "2012": 2}, "old_citations": {"2012": 24, "2008": 9, "2001": 4}, "isVisible": false}, "parallel processing systems": {"name": "parallel processing systems", "type": "topic", "h_index": 845, "h5_index": 208, "num_publications": 8, "num_citations": 24, "num_publications_5y": 0, "num_citations_5y": 16, "num_publications_10y": 4, "num_citations_10y": 20, "publications_years": {"2012": 4, "2008": 2, "2001": 1, "1998": 1}, "citations_years": {"2013": 3, "2014": 3, "2015": 3, "2016": 7, "2017": 3, "2012": 1, "2018": 0, "2019": 3, "2020": 1}, "old_citations": {"2012": 20, "2008": 3, "2001": 4, "1998": 1}, "isVisible": false}, "theoretical computer science": {"name": "theoretical computer science", "type": "topic", "h_index": 883, "h5_index": 203, "num_publications": 8, "num_citations": 29, "num_publications_5y": 1, "num_citations_5y": 4, "num_publications_10y": 3, "num_citations_10y": 12, "publications_years": {"2016": 1, "2012": 2, "2001": 2, "1998": 3}, "citations_years": {"2018": 2, "2019": 2, "2005": 3, "2006": 2, "2007": 1, "2008": 2, "2009": 2, "2010": 4, "2013": 1, "2014": 1, "2015": 0, "2016": 0, "2017": 1, "2020": 2, "2001": 2, "2011": 0, "2012": 1, "2000": 2, "2002": 1, "2003": 0, "2004": 0}, "old_citations": {"2016": 0, "2012": 8, "2001": 7, "1998": 18}, "isVisible": false}, "geometry": {"name": "geometry", "type": "topic", "h_index": 364, "h5_index": 92, "num_publications": 6, "num_citations": 58, "num_publications_5y": 1, "num_citations_5y": 22, "num_publications_10y": 4, "num_citations_10y": 24, "publications_years": {"1998": 2, "2012": 3, "2016": 1}, "citations_years": {"1999": 1, "2000": 1, "2001": 4, "2002": 6, "2003": 1, "2004": 1, "2005": 1, "2006": 0, "2007": 1, "2008": 1, "2009": 2, "2018": 7, "2019": 9, "2020": 8, "2015": 6, "2016": 0, "2017": 9}, "old_citations": {"1998": 19, "2012": 35, "2016": 4}, "isVisible": false}, "nurbs": {"name": "nurbs", "type": "topic", "h_index": 86, "h5_index": 18, "num_publications": 3, "num_citations": 49, "num_publications_5y": 0, "num_citations_5y": 33, "num_publications_10y": 2, "num_citations_10y": 33, "publications_years": {"2012": 2, "2001": 1}, "citations_years": {"2015": 7, "2016": 8, "2017": 12, "2018": 6, "2019": 7, "2020": 7, "2006": 2, "2007": 0, "2008": 0, "2009": 0, "2010": 0, "2011": 0, "2012": 0, "2013": 0, "2014": 0}, "old_citations": {"2012": 46, "2001": 3}, "isVisible": false}, "correlation analysis": {"name": "correlation analysis", "type": "topic", "h_index": 1044, "h5_index": 224, "num_publications": 6, "num_citations": 47, "num_publications_5y": 0, "num_citations_5y": 26, "num_publications_10y": 2, "num_citations_10y": 34, "publications_years": {"2012": 2, "2008": 1, "1998": 3}, "citations_years": {"2013": 3, "2014": 1, "2015": 5, "2016": 2, "2017": 12, "2009": 1, "2010": 2, "2011": 0, "2012": 2, "2018": 6, "2019": 5, "2020": 6, "2001": 1, "2006": 1, "2007": 0, "2008": 0}, "old_citations": {"2012": 37, "2008": 6, "1998": 4}, "isVisible": false}, "isogeometric analysis": {"name": "isogeometric analysis", "type": "topic", "h_index": 20, "h5_index": 10, "num_publications": 2, "num_citations": 46, "num_publications_5y": 0, "num_citations_5y": 32, "num_publications_10y": 2, "num_citations_10y": 32, "publications_years": {"2012": 2}, "citations_years": {"2015": 7, "2016": 7, "2017": 12, "2018": 6, "2019": 7, "2020": 7}, "old_citations": {"2012": 46}, "isVisible": false}, "optimization": {"name": "optimization", "type": "topic", "h_index": 666, "h5_index": 160, "num_publications": 3, "num_citations": 42, "num_publications_5y": 0, "num_citations_5y": 26, "num_publications_10y": 2, "num_citations_10y": 28, "publications_years": {"2012": 2, "1998": 1}, "citations_years": {"2014": 1, "2015": 6, "2016": 4, "2017": 9, "2018": 6, "2019": 7, "2020": 6, "2006": 1, "2007": 0, "2008": 0, "2009": 0, "2010": 1, "2011": 0, "2012": 1}, "old_citations": {"2012": 39, "1998": 3}, "isVisible": false}, "optimization problems": {"name": "optimization problems", "type": "topic", "h_index": 593, "h5_index": 142, "num_publications": 4, "num_citations": 41, "num_publications_5y": 0, "num_citations_5y": 22, "num_publications_10y": 1, "num_citations_10y": 28, "publications_years": {"2008": 1, "2012": 1, "1998": 2}, "citations_years": {"2009": 1, "2010": 2, "2011": 0, "2012": 2, "2013": 1, "2014": 0, "2015": 5, "2016": 1, "2017": 10, "2018": 6, "2019": 5, "2020": 6, "2001": 1, "2006": 1, "2007": 0, "2008": 0}, "old_citations": {"2008": 6, "2012": 31, "1998": 4}, "isVisible": false}, "topology": {"name": "topology", "type": "topic", "h_index": 438, "h5_index": 99, "num_publications": 6, "num_citations": 40, "num_publications_5y": 1, "num_citations_5y": 25, "num_publications_10y": 5, "num_citations_10y": 25, "publications_years": {"2016": 1, "2012": 4, "2001": 1}, "citations_years": {"2018": 7, "2019": 6, "2014": 1, "2015": 7, "2006": 2, "2007": 0, "2008": 0, "2009": 0, "2010": 0, "2011": 0, "2012": 0, "2013": 0, "2016": 1, "2017": 9, "2020": 7}, "old_citations": {"2016": 0, "2012": 37, "2001": 3}, "isVisible": false}, "numerical methods": {"name": "numerical methods", "type": "topic", "h_index": 597, "h5_index": 145, "num_publications": 4, "num_citations": 39, "num_publications_5y": 0, "num_citations_5y": 25, "num_publications_10y": 3, "num_citations_10y": 27, "publications_years": {"2012": 3, "2008": 1}, "citations_years": {"2014": 1, "2015": 6, "2016": 2, "2017": 10, "2012": 1, "2013": 1, "2018": 6, "2019": 6, "2020": 6}, "old_citations": {"2012": 36, "2008": 3}, "isVisible": false}, "cubic spline": {"name": "cubic spline", "type": "topic", "h_index": 101, "h5_index": 17, "num_publications": 6, "num_citations": 34, "num_publications_5y": 2, "num_citations_5y": 15, "num_publications_10y": 4, "num_citations_10y": 19, "publications_years": {"2012": 2, "2016": 2, "2000": 1, "2001": 1}, "citations_years": {"2015": 3, "2016": 7, "2017": 4, "2018": 1, "2019": 5, "2020": 3, "2003": 1, "2004": 2, "2005": 1, "2006": 2, "2007": 1, "2008": 0, "2009": 1, "2010": 1, "2011": 1, "2012": 1, "2013": 0, "2014": 0}, "old_citations": {"2012": 17, "2016": 5, "2000": 0, "2001": 12}, "isVisible": false}, "field programmable gate arrays (fpga)": {"name": "field programmable gate arrays (fpga)", "type": "topic", "h_index": 594, "h5_index": 149, "num_publications": 5, "num_citations": 20, "num_publications_5y": 1, "num_citations_5y": 12, "num_publications_10y": 4, "num_citations_10y": 17, "publications_years": {"2012": 3, "2008": 1, "2016": 1}, "citations_years": {"2013": 4, "2014": 3, "2015": 1, "2016": 2, "2017": 4, "2018": 2, "2019": 2, "2020": 1, "2012": 1}, "old_citations": {"2012": 16, "2008": 3, "2016": 1}, "isVisible": false}, "image reconstruction": {"name": "image reconstruction", "type": "topic", "h_index": 725, "h5_index": 240, "num_publications": 7, "num_citations": 23, "num_publications_5y": 0, "num_citations_5y": 15, "num_publications_10y": 4, "num_citations_10y": 21, "publications_years": {"2012": 4, "2001": 1, "2008": 1, "1998": 1}, "citations_years": {"2013": 3, "2014": 3, "2015": 2, "2016": 7, "2017": 3, "2009": 1, "2010": 1, "2011": 0, "2012": 1, "2018": 0, "2019": 2}, "old_citations": {"2012": 17, "2001": 4, "2008": 6, "1998": 0}, "isVisible": false}, "numerical model": {"name": "numerical model", "type": "topic", "h_index": 546, "h5_index": 144, "num_publications": 3, "num_citations": 32, "num_publications_5y": 1, "num_citations_5y": 21, "num_publications_10y": 3, "num_citations_10y": 21, "publications_years": {"2016": 1, "2012": 2}, "citations_years": {"2016": 1, "2015": 5, "2017": 9, "2018": 6, "2019": 5, "2020": 6}, "old_citations": {"2016": 0, "2012": 32}, "isVisible": false}, "constrained optimization": {"name": "constrained optimization", "type": "topic", "h_index": 166, "h5_index": 43, "num_publications": 1, "num_citations": 31, "num_publications_5y": 0, "num_citations_5y": 20, "num_publications_10y": 1, "num_citations_10y": 20, "publications_years": {"2012": 1}, "citations_years": {"2015": 5, "2016": 0, "2017": 9, "2018": 6, "2019": 5, "2020": 6}, "old_citations": {"2012": 31}, "isVisible": false}, "constrained optimization problems": {"name": "constrained optimization problems", "type": "topic", "h_index": 111, "h5_index": 31, "num_publications": 1, "num_citations": 31, "num_publications_5y": 0, "num_citations_5y": 20, "num_publications_10y": 1, "num_citations_10y": 20, "publications_years": {"2012": 1}, "citations_years": {"2015": 5, "2016": 0, "2017": 9, "2018": 6, "2019": 5, "2020": 6}, "old_citations": {"2012": 31}, "isVisible": false}, "differential equations": {"name": "differential equations", "type": "topic", "h_index": 407, "h5_index": 109, "num_publications": 1, "num_citations": 31, "num_publications_5y": 0, "num_citations_5y": 20, "num_publications_10y": 1, "num_citations_10y": 20, "publications_years": {"2012": 1}, "citations_years": {"2015": 5, "2016": 0, "2017": 9, "2018": 6, "2019": 5, "2020": 6}, "old_citations": {"2012": 31}, "isVisible": false}, "numerical example": {"name": "numerical example", "type": "topic", "h_index": 190, "h5_index": 66, "num_publications": 1, "num_citations": 31, "num_publications_5y": 0, "num_citations_5y": 20, "num_publications_10y": 1, "num_citations_10y": 20, "publications_years": {"2012": 1}, "citations_years": {"2015": 5, "2016": 0, "2017": 9, "2018": 6, "2019": 5, "2020": 6}, "old_citations": {"2012": 31}, "isVisible": false}, "parameterization": {"name": "parameterization", "type": "topic", "h_index": 190, "h5_index": 61, "num_publications": 2, "num_citations": 31, "num_publications_5y": 1, "num_citations_5y": 20, "num_publications_10y": 2, "num_citations_10y": 20, "publications_years": {"2016": 1, "2012": 1}, "citations_years": {"2015": 5, "2016": 0, "2017": 9, "2018": 6, "2019": 5, "2020": 6}, "old_citations": {"2016": 0, "2012": 31}, "isVisible": false}, "partial differential equations": {"name": "partial differential equations", "type": "topic", "h_index": 157, "h5_index": 30, "num_publications": 2, "num_citations": 34, "num_publications_5y": 0, "num_citations_5y": 20, "num_publications_10y": 1, "num_citations_10y": 22, "publications_years": {"2008": 1, "2012": 1}, "citations_years": {"2012": 1, "2013": 1, "2014": 0, "2015": 5, "2016": 0, "2017": 9, "2018": 6, "2019": 6, "2020": 6}, "old_citations": {"2008": 3, "2012": 31}, "isVisible": false}, "adaptive algorithms": {"name": "adaptive algorithms", "type": "topic", "h_index": 506, "h5_index": 100, "num_publications": 4, "num_citations": 5, "num_publications_5y": 1, "num_citations_5y": 1, "num_publications_10y": 1, "num_citations_10y": 3, "publications_years": {"2008": 1, "2016": 1, "1998": 2}, "citations_years": {"2018": 1, "2001": 1, "2006": 1, "2007": 0, "2008": 0, "2009": 0, "2010": 1, "2011": 0, "2012": 1}, "old_citations": {"2008": 0, "2016": 1, "1998": 4}, "isVisible": false}, "adaptive filtering": {"name": "adaptive filtering", "type": "topic", "h_index": 242, "h5_index": 61, "num_publications": 1, "num_citations": 1, "num_publications_5y": 1, "num_citations_5y": 0, "num_publications_10y": 1, "num_citations_10y": 0, "publications_years": {"2016": 1}, "citations_years": {"2019": 1}, "old_citations": {"2016": 1}, "isVisible": false}, "b spline curve": {"name": "b spline curve", "type": "topic", "h_index": 75, "h5_index": 14, "num_publications": 1, "num_citations": 4, "num_publications_5y": 1, "num_citations_5y": 0, "num_publications_10y": 1, "num_citations_10y": 0, "publications_years": {"2016": 1}, "citations_years": {"2019": 3, "2020": 1}, "old_citations": {"2016": 4}, "isVisible": false}, "comb filters": {"name": "comb filters", "type": "topic", "h_index": 57, "h5_index": 6, "num_publications": 1, "num_citations": 1, "num_publications_5y": 1, "num_citations_5y": 0, "num_publications_10y": 1, "num_citations_10y": 0, "publications_years": {"2016": 1}, "citations_years": {"2019": 1}, "old_citations": {"2016": 1}, "isVisible": false}, "combinatorial mathematics": {"name": "combinatorial mathematics", "type": "topic", "h_index": 295, "h5_index": 55, "num_publications": 2, "num_citations": 3, "num_publications_5y": 1, "num_citations_5y": 0, "num_publications_10y": 1, "num_citations_10y": 2, "publications_years": {"2016": 1, "1998": 1}, "citations_years": {"2006": 1, "2007": 0, "2008": 0, "2009": 0, "2010": 1, "2011": 0, "2012": 1}, "old_citations": {"2016": 0, "1998": 3}, "isVisible": false}, "combinatorial problems": {"name": "combinatorial problems", "type": "topic", "h_index": 288, "h5_index": 55, "num_publications": 2, "num_citations": 3, "num_publications_5y": 1, "num_citations_5y": 0, "num_publications_10y": 1, "num_citations_10y": 2, "publications_years": {"2016": 1, "1998": 1}, "citations_years": {"2006": 1, "2007": 0, "2008": 0, "2009": 0, "2010": 1, "2011": 0, "2012": 1}, "old_citations": {"2016": 0, "1998": 3}, "isVisible": false}, "communication": {"name": "communication", "type": "topic", "h_index": 886, "h5_index": 209, "num_publications": 2, "num_citations": 2, "num_publications_5y": 1, "num_citations_5y": 1, "num_publications_10y": 2, "num_citations_10y": 1, "publications_years": {"2016": 1, "2012": 1}, "citations_years": {"2019": 1, "2016": 1}, "old_citations": {"2016": 1, "2012": 1}, "isVisible": false}, "computer security": {"name": "computer security", "type": "topic", "h_index": 977, "h5_index": 220, "num_publications": 2, "num_citations": 2, "num_publications_5y": 1, "num_citations_5y": 1, "num_publications_10y": 2, "num_citations_10y": 1, "publications_years": {"2016": 1, "2012": 1}, "citations_years": {"2019": 1, "2016": 1}, "old_citations": {"2016": 1, "2012": 1}, "isVisible": false}, "control point": {"name": "control point", "type": "topic", "h_index": 162, "h5_index": 30, "num_publications": 4, "num_citations": 11, "num_publications_5y": 1, "num_citations_5y": 5, "num_publications_10y": 2, "num_citations_10y": 5, "publications_years": {"2012": 1, "2001": 2, "2016": 1}, "citations_years": {"2014": 1, "2015": 1, "2016": 2, "2017": 1, "2019": 3, "2020": 1, "2006": 2, "2007": 0, "2008": 0, "2009": 0, "2010": 0, "2011": 0, "2012": 0, "2013": 0}, "old_citations": {"2012": 4, "2001": 3, "2016": 4}, "isVisible": false}, "cryptography": {"name": "cryptography", "type": "topic", "h_index": 761, "h5_index": 179, "num_publications": 2, "num_citations": 2, "num_publications_5y": 1, "num_citations_5y": 1, "num_publications_10y": 2, "num_citations_10y": 1, "publications_years": {"2016": 1, "2012": 1}, "citations_years": {"2019": 1, "2016": 1}, "old_citations": {"2016": 1, "2012": 1}, "isVisible": false}, "curve fitting": {"name": "curve fitting", "type": "topic", "h_index": 186, "h5_index": 35, "num_publications": 6, "num_citations": 20, "num_publications_5y": 1, "num_citations_5y": 6, "num_publications_10y": 3, "num_citations_10y": 10, "publications_years": {"2012": 2, "2001": 2, "2016": 1, "1998": 1}, "citations_years": {"2014": 1, "2015": 1, "2016": 2, "2017": 1, "2018": 1, "2019": 5, "2020": 1, "2006": 2, "2007": 0, "2008": 0, "2009": 2, "2010": 2, "2011": 0, "2012": 0, "2013": 0, "2002": 2, "2003": 0, "2004": 0, "2005": 0}, "old_citations": {"2012": 6, "2001": 3, "2016": 4, "1998": 7}, "isVisible": false}, "image coding": {"name": "image coding", "type": "topic", "h_index": 759, "h5_index": 203, "num_publications": 4, "num_citations": 11, "num_publications_5y": 1, "num_citations_5y": 5, "num_publications_10y": 2, "num_citations_10y": 5, "publications_years": {"2012": 1, "2001": 2, "2016": 1}, "citations_years": {"2014": 1, "2015": 1, "2016": 2, "2017": 1, "2019": 3, "2020": 1, "2006": 2, "2007": 0, "2008": 0, "2009": 0, "2010": 0, "2011": 0, "2012": 0, "2013": 0}, "old_citations": {"2012": 4, "2001": 3, "2016": 4}, "isVisible": false}, "spline curve": {"name": "spline curve", "type": "topic", "h_index": 44, "h5_index": 9, "num_publications": 1, "num_citations": 4, "num_publications_5y": 1, "num_citations_5y": 0, "num_publications_10y": 1, "num_citations_10y": 0, "publications_years": {"2016": 1}, "citations_years": {"2019": 3, "2020": 1}, "old_citations": {"2016": 4}, "isVisible": false}}, "authors": {"1153833123": {"name": "jacques liandrat", "type": "author", "activity": 26, "h_index": 1, "h5_index": 1, "mag_id": "1153833123", "num_publications": 2, "num_citations": 2, "num_publications_5y": 1, "num_citations_5y": 1, "num_publications_10y": 2, "num_citations_10y": 1, "publications_years": {"2016": 1, "2012": 1}, "citations_years": {"2019": 1, "2016": 1}, "old_citations": {"2016": 1, "2012": 1}, "isVisible": false}, "1975734115": {"name": "jean baccou", "type": "author", "activity": 11, "h_index": 2, "h5_index": 1, "mag_id": "1975734115", "num_publications": 2, "num_citations": 2, "num_publications_5y": 1, "num_citations_5y": 1, "num_publications_10y": 2, "num_citations_10y": 1, "publications_years": {"2016": 1, "2012": 1}, "citations_years": {"2019": 1, "2016": 1}, "old_citations": {"2016": 1, "2012": 1}, "isVisible": false}, "2084967519": {"name": "jon m hjelmervik", "type": "author", "activity": 13, "h_index": 7, "h5_index": 2, "mag_id": "2084967519", "num_publications": 2, "num_citations": 4, "num_publications_5y": 0, "num_citations_5y": 4, "num_publications_10y": 1, "num_citations_10y": 4, "publications_years": {"2012": 1, "2008": 1}, "citations_years": {"2014": 1, "2015": 1, "2016": 1, "2017": 1}, "old_citations": {"2012": 4, "2008": 0}, "isVisible": false}, "2096888528": {"name": "jorg peters", "type": "author", "activity": 30, "h_index": 16, "h5_index": 4, "mag_id": "2096888528", "num_publications": 2, "num_citations": 12, "num_publications_5y": 0, "num_citations_5y": 6, "num_publications_10y": 1, "num_citations_10y": 12, "publications_years": {"2012": 1, "2008": 1}, "citations_years": {"2013": 3, "2014": 1, "2015": 0, "2016": 2, "2017": 3, "2009": 1, "2010": 1, "2011": 0, "2012": 1}, "old_citations": {"2012": 6, "2008": 6}, "isVisible": false}, "2167767097": {"name": "jens gravesen", "type": "author", "activity": 20, "h_index": 2, "h5_index": 0, "mag_id": "2167767097", "num_publications": 2, "num_citations": 33, "num_publications_5y": 0, "num_citations_5y": 21, "num_publications_10y": 1, "num_citations_10y": 22, "publications_years": {"2012": 1, "1998": 1}, "citations_years": {"2015": 5, "2016": 0, "2017": 9, "2018": 6, "2019": 5, "2020": 6, "2012": 1, "2013": 0, "2014": 1}, "old_citations": {"2012": 31, "1998": 2}, "isVisible": false}, "6128969": {"name": "oleg volpin", "type": "author", "activity": 2, "h_index": 1, "h5_index": 0, "mag_id": "6128969", "num_publications": 1, "num_citations": 0, "num_publications_5y": 0, "num_citations_5y": 0, "num_publications_10y": 0, "num_citations_10y": 0, "publications_years": {"1998": 1}, "citations_years": {}, "old_citations": {"1998": 0}, "isVisible": false}, "7681201": {"name": "michel bercovier", "type": "author", "activity": 17, "h_index": 8, "h5_index": 0, "mag_id": "7681201", "num_publications": 1, "num_citations": 0, "num_publications_5y": 0, "num_citations_5y": 0, "num_publications_10y": 0, "num_citations_10y": 0, "publications_years": {"1998": 1}, "citations_years": {}, "old_citations": {"1998": 0}, "isVisible": false}, "121265243": {"name": "marc stamminger", "type": "author", "activity": 26, "h_index": 17, "h5_index": 8, "mag_id": "121265243", "num_publications": 1, "num_citations": 1, "num_publications_5y": 0, "num_citations_5y": 1, "num_publications_10y": 0, "num_citations_10y": 1, "publications_years": {"1998": 1}, "citations_years": {"2016": 1}, "old_citations": {"1998": 1}, "isVisible": false}, "121664665": {"name": "ulrich schwanecke", "type": "author", "activity": 19, "h_index": 7, "h5_index": 3, "mag_id": "121664665", "num_publications": 1, "num_citations": 0, "num_publications_5y": 0, "num_citations_5y": 0, "num_publications_10y": 0, "num_citations_10y": 0, "publications_years": {"2001": 1}, "citations_years": {}, "old_citations": {"2001": 4}, "isVisible": false}, "122613598": {"name": "loay alkafafi", "type": "author", "activity": 1, "h_index": 1, "h5_index": 0, "mag_id": "122613598", "num_publications": 1, "num_citations": 1, "num_publications_5y": 0, "num_citations_5y": 0, "num_publications_10y": 1, "num_citations_10y": 1, "publications_years": {"2012": 1}, "citations_years": {"2013": 1}, "old_citations": {"2012": 1}, "isVisible": false}, "178861238": {"name": "andre r brodtkorb", "type": "author", "activity": 14, "h_index": 7, "h5_index": 1, "mag_id": "178861238", "num_publications": 1, "num_citations": 3, "num_publications_5y": 0, "num_citations_5y": 0, "num_publications_10y": 0, "num_citations_10y": 2, "publications_years": {"2008": 1}, "citations_years": {"2012": 1, "2013": 1, "2014": 0, "2015": 0, "2016": 0, "2017": 0, "2018": 0, "2019": 1}, "old_citations": {"2008": 3}, "isVisible": false}, "203817544": {"name": "pavel surynek", "type": "author", "activity": 17, "h_index": 10, "h5_index": 5, "mag_id": "203817544", "num_publications": 1, "num_citations": 0, "num_publications_5y": 1, "num_citations_5y": 0, "num_publications_10y": 1, "num_citations_10y": 0, "publications_years": {"2016": 1}, "citations_years": {}, "old_citations": {"2016": 0}, "isVisible": false}, "213850259": {"name": "holger theisel", "type": "author", "activity": 26, "h_index": 30, "h5_index": 6, "mag_id": "213850259", "num_publications": 1, "num_citations": 8, "num_publications_5y": 0, "num_citations_5y": 6, "num_publications_10y": 1, "num_citations_10y": 6, "publications_years": {"2012": 1}, "citations_years": {"2014": 1, "2015": 1, "2016": 4, "2017": 0, "2018": 0, "2019": 2}, "old_citations": {"2012": 8}, "isVisible": false}, "232270263": {"name": "hendrik speleers", "type": "author", "activity": 10, "h_index": 2, "h5_index": 1, "mag_id": "232270263", "num_publications": 1, "num_citations": 15, "num_publications_5y": 0, "num_citations_5y": 12, "num_publications_10y": 1, "num_citations_10y": 12, "publications_years": {"2012": 1}, "citations_years": {"2015": 2, "2016": 7, "2017": 3, "2018": 0, "2019": 2, "2020": 1}, "old_citations": {"2012": 15}, "isVisible": false}, "366422399": {"name": "vincent charvillat", "type": "author", "activity": 24, "h_index": 12, "h5_index": 5, "mag_id": "366422399", "num_publications": 1, "num_citations": 2, "num_publications_5y": 0, "num_citations_5y": 2, "num_publications_10y": 1, "num_citations_10y": 2, "publications_years": {"2012": 1}, "citations_years": {"2014": 1, "2015": 1}, "old_citations": {"2012": 2}, "isVisible": false}, "559697678": {"name": "tamas varady", "type": "author", "activity": 31, "h_index": 10, "h5_index": 1, "mag_id": "559697678", "num_publications": 1, "num_citations": 14, "num_publications_5y": 0, "num_citations_5y": 0, "num_publications_10y": 0, "num_citations_10y": 3, "publications_years": {"1998": 1}, "citations_years": {"2000": 2, "2001": 1, "2002": 1, "2003": 0, "2004": 0, "2005": 2, "2006": 1, "2007": 1, "2008": 2, "2009": 2, "2010": 1, "2011": 0, "2012": 0, "2013": 0, "2014": 0, "2015": 0, "2016": 0, "2017": 0, "2018": 0, "2019": 0, "2020": 1}, "old_citations": {"1998": 14}, "isVisible": false}, "874128076": {"name": "eva bla\u017ekova", "type": "author", "activity": 1, "h_index": 1, "h5_index": 0, "mag_id": "874128076", "num_publications": 1, "num_citations": 2, "num_publications_5y": 0, "num_citations_5y": 1, "num_publications_10y": 1, "num_citations_10y": 1, "publications_years": {"2012": 1}, "citations_years": {"2018": 1, "2019": 1}, "old_citations": {"2012": 2}, "isVisible": false}, "1000551008": {"name": "peter nortoft", "type": "author", "activity": 1, "h_index": 1, "h5_index": 0, "mag_id": "1000551008", "num_publications": 1, "num_citations": 31, "num_publications_5y": 0, "num_citations_5y": 20, "num_publications_10y": 1, "num_citations_10y": 20, "publications_years": {"2012": 1}, "citations_years": {"2015": 5, "2016": 0, "2017": 9, "2018": 6, "2019": 5, "2020": 6}, "old_citations": {"2012": 31}, "isVisible": false}, "1241368558": {"name": "tanya matskewich", "type": "author", "activity": 21, "h_index": 4, "h5_index": 1, "mag_id": "1241368558", "num_publications": 1, "num_citations": 0, "num_publications_5y": 0, "num_citations_5y": 0, "num_publications_10y": 0, "num_citations_10y": 0, "publications_years": {"1998": 1}, "citations_years": {}, "old_citations": {"1998": 0}, "isVisible": false}, "1843005327": {"name": "e mainar", "type": "author", "activity": 21, "h_index": 1, "h5_index": 0, "mag_id": "1843005327", "num_publications": 1, "num_citations": 1, "num_publications_5y": 0, "num_citations_5y": 0, "num_publications_10y": 0, "num_citations_10y": 0, "publications_years": {"1998": 1}, "citations_years": {"2001": 1}, "old_citations": {"1998": 1}, "isVisible": false}, "1903835757": {"name": "frederic boudon", "type": "author", "activity": 13, "h_index": 8, "h5_index": 0, "mag_id": "1903835757", "num_publications": 1, "num_citations": 2, "num_publications_5y": 0, "num_citations_5y": 2, "num_publications_10y": 1, "num_citations_10y": 2, "publications_years": {"2012": 1}, "citations_years": {"2014": 1, "2015": 1}, "old_citations": {"2012": 2}, "isVisible": false}, "1926216839": {"name": "ulrich dietz", "type": "author", "activity": 1, "h_index": 1, "h5_index": 0, "mag_id": "1926216839", "num_publications": 1, "num_citations": 18, "num_publications_5y": 0, "num_citations_5y": 0, "num_publications_10y": 0, "num_citations_10y": 2, "publications_years": {"1998": 1}, "citations_years": {"1999": 1, "2000": 1, "2001": 4, "2002": 5, "2003": 1, "2004": 1, "2005": 1, "2006": 0, "2007": 1, "2008": 1, "2009": 2}, "old_citations": {"1998": 18}, "isVisible": false}, "1926607344": {"name": "m bozzini", "type": "author", "activity": 19, "h_index": 3, "h5_index": 0, "mag_id": "1926607344", "num_publications": 1, "num_citations": 6, "num_publications_5y": 0, "num_citations_5y": 3, "num_publications_10y": 1, "num_citations_10y": 4, "publications_years": {"2012": 1}, "citations_years": {"2013": 1, "2014": 1, "2015": 0, "2016": 0, "2017": 1, "2018": 1, "2019": 1, "2020": 1}, "old_citations": {"2012": 6}, "isVisible": false}, "1968620285": {"name": "milvia rossini", "type": "author", "activity": 4, "h_index": 2, "h5_index": 0, "mag_id": "1968620285", "num_publications": 1, "num_citations": 6, "num_publications_5y": 0, "num_citations_5y": 3, "num_publications_10y": 1, "num_citations_10y": 4, "publications_years": {"2012": 1}, "citations_years": {"2013": 1, "2014": 1, "2015": 0, "2016": 0, "2017": 1, "2018": 1, "2019": 1, "2020": 1}, "old_citations": {"2012": 6}, "isVisible": false}, "1985366706": {"name": "leif kobbelt", "type": "author", "activity": 26, "h_index": 54, "h5_index": 10, "mag_id": "1985366706", "num_publications": 1, "num_citations": 0, "num_publications_5y": 0, "num_citations_5y": 0, "num_publications_10y": 0, "num_citations_10y": 0, "publications_years": {"2001": 1}, "citations_years": {}, "old_citations": {"2001": 4}, "isVisible": false}, "1987154148": {"name": "janick martinez esturo", "type": "author", "activity": 10, "h_index": 4, "h5_index": 0, "mag_id": "1987154148", "num_publications": 1, "num_citations": 8, "num_publications_5y": 0, "num_citations_5y": 6, "num_publications_10y": 1, "num_citations_10y": 6, "publications_years": {"2012": 1}, "citations_years": {"2014": 1, "2015": 1, "2016": 4, "2017": 0, "2018": 0, "2019": 2}, "old_citations": {"2012": 8}, "isVisible": false}, "1998847866": {"name": "gerald farin", "type": "author", "activity": 24, "h_index": 13, "h5_index": 0, "mag_id": "1998847866", "num_publications": 1, "num_citations": 12, "num_publications_5y": 0, "num_citations_5y": 1, "num_publications_10y": 0, "num_citations_10y": 5, "publications_years": {"2001": 1}, "citations_years": {"2003": 1, "2004": 2, "2005": 1, "2006": 2, "2007": 1, "2008": 0, "2009": 1, "2010": 1, "2011": 1, "2012": 1, "2013": 0, "2014": 0, "2015": 0, "2016": 0, "2017": 1}, "old_citations": {"2001": 12}, "isVisible": false}, "2035070196": {"name": "christian rossl", "type": "author", "activity": 21, "h_index": 16, "h5_index": 2, "mag_id": "2035070196", "num_publications": 1, "num_citations": 8, "num_publications_5y": 0, "num_citations_5y": 6, "num_publications_10y": 1, "num_citations_10y": 6, "publications_years": {"2012": 1}, "citations_years": {"2014": 1, "2015": 1, "2016": 4, "2017": 0, "2018": 0, "2019": 2}, "old_citations": {"2012": 8}, "isVisible": false}, "2038284079": {"name": "andreas wiegmann", "type": "author", "activity": 8, "h_index": 2, "h5_index": 0, "mag_id": "2038284079", "num_publications": 1, "num_citations": 2, "num_publications_5y": 0, "num_citations_5y": 1, "num_publications_10y": 1, "num_citations_10y": 1, "publications_years": {"2012": 1}, "citations_years": {"2015": 1, "2016": 0, "2017": 0, "2018": 0, "2019": 0, "2020": 1}, "old_citations": {"2012": 2}, "isVisible": false}, "2046790257": {"name": "kestutis karciauskas", "type": "author", "activity": 13, "h_index": 4, "h5_index": 2, "mag_id": "2046790257", "num_publications": 1, "num_citations": 6, "num_publications_5y": 0, "num_citations_5y": 2, "num_publications_10y": 0, "num_citations_10y": 6, "publications_years": {"2008": 1}, "citations_years": {"2009": 1, "2010": 1, "2011": 0, "2012": 1, "2013": 1, "2014": 0, "2015": 0, "2016": 1, "2017": 1}, "old_citations": {"2008": 6}, "isVisible": false}, "2050825142": {"name": "rida t farouki", "type": "author", "activity": 19, "h_index": 5, "h5_index": 0, "mag_id": "2050825142", "num_publications": 1, "num_citations": 7, "num_publications_5y": 0, "num_citations_5y": 0, "num_publications_10y": 0, "num_citations_10y": 4, "publications_years": {"1998": 1}, "citations_years": {"2002": 2, "2003": 0, "2004": 0, "2005": 0, "2006": 0, "2007": 0, "2008": 0, "2009": 2, "2010": 2, "2011": 0, "2012": 0, "2013": 0, "2014": 0, "2015": 0, "2016": 0, "2017": 0, "2018": 0, "2019": 1}, "old_citations": {"1998": 7}, "isVisible": false}, "2062865441": {"name": "licia lenarduzzi", "type": "author", "activity": 17, "h_index": 2, "h5_index": 0, "mag_id": "2062865441", "num_publications": 1, "num_citations": 6, "num_publications_5y": 0, "num_citations_5y": 3, "num_publications_10y": 1, "num_citations_10y": 4, "publications_years": {"2012": 1}, "citations_years": {"2013": 1, "2014": 1, "2015": 0, "2016": 0, "2017": 1, "2018": 1, "2019": 1, "2020": 1}, "old_citations": {"2012": 6}, "isVisible": false}, "2068318334": {"name": "derek j paddon", "type": "author", "activity": 14, "h_index": 5, "h5_index": 0, "mag_id": "2068318334", "num_publications": 1, "num_citations": 0, "num_publications_5y": 0, "num_citations_5y": 0, "num_publications_10y": 0, "num_citations_10y": 0, "publications_years": {"2001": 1}, "citations_years": {}, "old_citations": {"2001": 0}, "isVisible": false}, "2068867301": {"name": "gershon elber", "type": "author", "activity": 30, "h_index": 21, "h5_index": 2, "mag_id": "2068867301", "num_publications": 1, "num_citations": 4, "num_publications_5y": 1, "num_citations_5y": 0, "num_publications_10y": 1, "num_citations_10y": 0, "publications_years": {"2016": 1}, "citations_years": {"2019": 3, "2020": 1}, "old_citations": {"2016": 4}, "isVisible": false}, "2074187482": {"name": "young in yeo", "type": "author", "activity": 5, "h_index": 5, "h5_index": 0, "mag_id": "2074187482", "num_publications": 1, "num_citations": 6, "num_publications_5y": 0, "num_citations_5y": 4, "num_publications_10y": 1, "num_citations_10y": 6, "publications_years": {"2012": 1}, "citations_years": {"2013": 2, "2014": 1, "2015": 0, "2016": 1, "2017": 2}, "old_citations": {"2012": 6}, "isVisible": false}, "2100879428": {"name": "dangmanh nguyen", "type": "author", "activity": 6, "h_index": 3, "h5_index": 0, "mag_id": "2100879428", "num_publications": 1, "num_citations": 31, "num_publications_5y": 0, "num_citations_5y": 20, "num_publications_10y": 1, "num_citations_10y": 20, "publications_years": {"2012": 1}, "citations_years": {"2015": 5, "2016": 0, "2017": 9, "2018": 6, "2019": 5, "2020": 6}, "old_citations": {"2012": 31}, "isVisible": false}, "2104455210": {"name": "tomas sauer", "type": "author", "activity": 8, "h_index": 2, "h5_index": 0, "mag_id": "2104455210", "num_publications": 1, "num_citations": 1, "num_publications_5y": 0, "num_citations_5y": 0, "num_publications_10y": 1, "num_citations_10y": 1, "publications_years": {"2012": 1}, "citations_years": {"2013": 1}, "old_citations": {"2012": 1}, "isVisible": false}, "2105530458": {"name": "carsten hamm", "type": "author", "activity": 16, "h_index": 5, "h5_index": 1, "mag_id": "2105530458", "num_publications": 1, "num_citations": 1, "num_publications_5y": 0, "num_citations_5y": 0, "num_publications_10y": 1, "num_citations_10y": 1, "publications_years": {"2012": 1}, "citations_years": {"2013": 1}, "old_citations": {"2012": 1}, "isVisible": false}, "2112843913": {"name": "trond runar hagen", "type": "author", "activity": 9, "h_index": 9, "h5_index": 0, "mag_id": "2112843913", "num_publications": 1, "num_citations": 3, "num_publications_5y": 0, "num_citations_5y": 0, "num_publications_10y": 0, "num_citations_10y": 2, "publications_years": {"2008": 1}, "citations_years": {"2012": 1, "2013": 1, "2014": 0, "2015": 0, "2016": 0, "2017": 0, "2018": 0, "2019": 1}, "old_citations": {"2008": 3}, "isVisible": false}, "2121647118": {"name": "francesca pelosi", "type": "author", "activity": 3, "h_index": 1, "h5_index": 0, "mag_id": "2121647118", "num_publications": 1, "num_citations": 15, "num_publications_5y": 0, "num_citations_5y": 12, "num_publications_10y": 1, "num_citations_10y": 12, "publications_years": {"2012": 1}, "citations_years": {"2015": 2, "2016": 7, "2017": 3, "2018": 0, "2019": 2, "2020": 1}, "old_citations": {"2012": 15}, "isVisible": false}, "2128550729": {"name": "jeanclaude leon", "type": "author", "activity": 14, "h_index": 6, "h5_index": 0, "mag_id": "2128550729", "num_publications": 1, "num_citations": 0, "num_publications_5y": 0, "num_citations_5y": 0, "num_publications_10y": 0, "num_citations_10y": 0, "publications_years": {"2008": 1}, "citations_years": {}, "old_citations": {"2008": 0}, "isVisible": false}, "2128782269": {"name": "john c mason", "type": "author", "activity": 19, "h_index": 2, "h5_index": 0, "mag_id": "2128782269", "num_publications": 1, "num_citations": 3, "num_publications_5y": 0, "num_citations_5y": 0, "num_publications_10y": 0, "num_citations_10y": 2, "publications_years": {"1998": 1}, "citations_years": {"2006": 1, "2007": 0, "2008": 0, "2009": 0, "2010": 1, "2011": 0, "2012": 1}, "old_citations": {"1998": 3}, "isVisible": false}, "2132204623": {"name": "zbyn\u011bk sir", "type": "author", "activity": 6, "h_index": 2, "h5_index": 0, "mag_id": "2132204623", "num_publications": 1, "num_citations": 2, "num_publications_5y": 0, "num_citations_5y": 1, "num_publications_10y": 1, "num_citations_10y": 1, "publications_years": {"2012": 1}, "citations_years": {"2018": 1, "2019": 1}, "old_citations": {"2012": 2}, "isVisible": false}, "2135052836": {"name": "hanspeter seidel", "type": "author", "activity": 30, "h_index": 83, "h5_index": 13, "mag_id": "2135052836", "num_publications": 1, "num_citations": 1, "num_publications_5y": 0, "num_citations_5y": 1, "num_publications_10y": 0, "num_citations_10y": 1, "publications_years": {"1998": 1}, "citations_years": {"2016": 1}, "old_citations": {"1998": 1}, "isVisible": false}, "2135707751": {"name": "justus heimann", "type": "author", "activity": 1, "h_index": 0, "h5_index": 0, "mag_id": "2135707751", "num_publications": 1, "num_citations": 0, "num_publications_5y": 0, "num_citations_5y": 0, "num_publications_10y": 0, "num_citations_10y": 0, "publications_years": {"1998": 1}, "citations_years": {}, "old_citations": {"1998": 0}, "isVisible": false}, "2140021106": {"name": "jerome guenard", "type": "author", "activity": 5, "h_index": 2, "h5_index": 0, "mag_id": "2140021106", "num_publications": 1, "num_citations": 2, "num_publications_5y": 0, "num_citations_5y": 2, "num_publications_10y": 1, "num_citations_10y": 2, "publications_years": {"2012": 1}, "citations_years": {"2014": 1, "2015": 1}, "old_citations": {"2012": 2}, "isVisible": false}, "2141618831": {"name": "qiming wang", "type": "author", "activity": 21, "h_index": 5, "h5_index": 1, "mag_id": "2141618831", "num_publications": 1, "num_citations": 1, "num_publications_5y": 0, "num_citations_5y": 1, "num_publications_10y": 0, "num_citations_10y": 1, "publications_years": {"2008": 1}, "citations_years": {"2015": 1}, "old_citations": {"2008": 1}, "isVisible": false}, "2143926093": {"name": "malcolm a sabin", "type": "author", "activity": 18, "h_index": 7, "h5_index": 0, "mag_id": "2143926093", "num_publications": 1, "num_citations": 0, "num_publications_5y": 0, "num_citations_5y": 0, "num_publications_10y": 1, "num_citations_10y": 0, "publications_years": {"2012": 1}, "citations_years": {}, "old_citations": {"2012": 0}, "isVisible": false}, "2145439847": {"name": "m g cox", "type": "author", "activity": 27, "h_index": 8, "h5_index": 1, "mag_id": "2145439847", "num_publications": 1, "num_citations": 3, "num_publications_5y": 0, "num_citations_5y": 0, "num_publications_10y": 0, "num_citations_10y": 2, "publications_years": {"1998": 1}, "citations_years": {"2006": 1, "2007": 0, "2008": 0, "2009": 0, "2010": 1, "2011": 0, "2012": 1}, "old_citations": {"1998": 3}, "isVisible": false}, "2156066187": {"name": "geraldine morin", "type": "author", "activity": 19, "h_index": 9, "h5_index": 5, "mag_id": "2156066187", "num_publications": 1, "num_citations": 2, "num_publications_5y": 0, "num_citations_5y": 2, "num_publications_10y": 1, "num_citations_10y": 2, "publications_years": {"2012": 1}, "citations_years": {"2014": 1, "2015": 1}, "old_citations": {"2012": 2}, "isVisible": false}, "2156311764": {"name": "bonita v saunders", "type": "author", "activity": 20, "h_index": 4, "h5_index": 1, "mag_id": "2156311764", "num_publications": 1, "num_citations": 1, "num_publications_5y": 0, "num_citations_5y": 1, "num_publications_10y": 0, "num_citations_10y": 1, "publications_years": {"2008": 1}, "citations_years": {"2015": 1}, "old_citations": {"2008": 1}, "isVisible": false}, "2166102936": {"name": "claire p willis", "type": "author", "activity": 15, "h_index": 4, "h5_index": 0, "mag_id": "2166102936", "num_publications": 1, "num_citations": 0, "num_publications_5y": 0, "num_citations_5y": 0, "num_publications_10y": 0, "num_citations_10y": 0, "publications_years": {"2001": 1}, "citations_years": {}, "old_citations": {"2001": 0}, "isVisible": false}, "2171066048": {"name": "zhaoying lu", "type": "author", "activity": 2, "h_index": 1, "h5_index": 0, "mag_id": "2171066048", "num_publications": 1, "num_citations": 0, "num_publications_5y": 0, "num_citations_5y": 0, "num_publications_10y": 0, "num_citations_10y": 0, "publications_years": {"2001": 1}, "citations_years": {}, "old_citations": {"2001": 0}, "isVisible": false}, "2237445521": {"name": "hans hagen", "type": "author", "activity": 31, "h_index": 33, "h5_index": 4, "mag_id": "2237445521", "num_publications": 1, "num_citations": 2, "num_publications_5y": 0, "num_citations_5y": 1, "num_publications_10y": 1, "num_citations_10y": 1, "publications_years": {"2012": 1}, "citations_years": {"2015": 1, "2016": 0, "2017": 0, "2018": 0, "2019": 0, "2020": 1}, "old_citations": {"2012": 2}, "isVisible": false}, "2259397630": {"name": "carla manni", "type": "author", "activity": 5, "h_index": 2, "h5_index": 1, "mag_id": "2259397630", "num_publications": 1, "num_citations": 15, "num_publications_5y": 0, "num_citations_5y": 12, "num_publications_10y": 1, "num_citations_10y": 12, "publications_years": {"2012": 1}, "citations_years": {"2015": 2, "2016": 7, "2017": 3, "2018": 0, "2019": 2, "2020": 1}, "old_citations": {"2012": 15}, "isVisible": false}, "2280555868": {"name": "marryat ma", "type": "author", "activity": 1, "h_index": 1, "h5_index": 0, "mag_id": "2280555868", "num_publications": 1, "num_citations": 3, "num_publications_5y": 0, "num_citations_5y": 0, "num_publications_10y": 0, "num_citations_10y": 2, "publications_years": {"2001": 1}, "citations_years": {"2005": 1, "2006": 0, "2007": 0, "2008": 0, "2009": 0, "2010": 2}, "old_citations": {"2001": 3}, "isVisible": false}, "2294404602": {"name": "stephen mann", "type": "author", "activity": 30, "h_index": 8, "h5_index": 0, "mag_id": "2294404602", "num_publications": 1, "num_citations": 3, "num_publications_5y": 0, "num_citations_5y": 0, "num_publications_10y": 0, "num_citations_10y": 2, "publications_years": {"2001": 1}, "citations_years": {"2005": 1, "2006": 0, "2007": 0, "2008": 0, "2009": 0, "2010": 2}, "old_citations": {"2001": 3}, "isVisible": false}, "2296409307": {"name": "anton evgrafov", "type": "author", "activity": 20, "h_index": 4, "h5_index": 1, "mag_id": "2296409307", "num_publications": 1, "num_citations": 31, "num_publications_5y": 0, "num_citations_5y": 20, "num_publications_10y": 1, "num_citations_10y": 20, "publications_years": {"2012": 1}, "citations_years": {"2015": 5, "2016": 0, "2017": 9, "2018": 6, "2019": 5, "2020": 6}, "old_citations": {"2012": 31}, "isVisible": false}, "2314678398": {"name": "dominik mokris", "type": "author", "activity": 1, "h_index": 1, "h5_index": 1, "mag_id": "2314678398", "num_publications": 1, "num_citations": 1, "num_publications_5y": 1, "num_citations_5y": 1, "num_publications_10y": 1, "num_citations_10y": 1, "publications_years": {"2016": 1}, "citations_years": {"2018": 1}, "old_citations": {"2016": 1}, "isVisible": false}, "2394858206": {"name": "dongjoe shin", "type": "author", "activity": 25, "h_index": 3, "h5_index": 1, "mag_id": "2394858206", "num_publications": 1, "num_citations": 0, "num_publications_5y": 0, "num_citations_5y": 0, "num_publications_10y": 1, "num_citations_10y": 0, "publications_years": {"2012": 1}, "citations_years": {}, "old_citations": {"2012": 0}, "isVisible": false}, "2395656791": {"name": "sven linden", "type": "author", "activity": 1, "h_index": 1, "h5_index": 0, "mag_id": "2395656791", "num_publications": 1, "num_citations": 2, "num_publications_5y": 0, "num_citations_5y": 1, "num_publications_10y": 1, "num_citations_10y": 1, "publications_years": {"2012": 1}, "citations_years": {"2015": 1, "2016": 0, "2017": 0, "2018": 0, "2019": 0, "2020": 1}, "old_citations": {"2012": 2}, "isVisible": false}, "2428034981": {"name": "sagar bhandare", "type": "author", "activity": 1, "h_index": 1, "h5_index": 0, "mag_id": "2428034981", "num_publications": 1, "num_citations": 6, "num_publications_5y": 0, "num_citations_5y": 4, "num_publications_10y": 1, "num_citations_10y": 6, "publications_years": {"2012": 1}, "citations_years": {"2013": 2, "2014": 1, "2015": 0, "2016": 1, "2017": 2}, "old_citations": {"2012": 6}, "isVisible": false}, "2481968114": {"name": "phillipp slusallk", "type": "author", "activity": 1, "h_index": 1, "h5_index": 0, "mag_id": "2481968114", "num_publications": 1, "num_citations": 1, "num_publications_5y": 0, "num_citations_5y": 1, "num_publications_10y": 0, "num_citations_10y": 1, "publications_years": {"1998": 1}, "citations_years": {"2016": 1}, "old_citations": {"1998": 1}, "isVisible": false}, "2482160021": {"name": "a b forbes", "type": "author", "activity": 27, "h_index": 8, "h5_index": 1, "mag_id": "2482160021", "num_publications": 1, "num_citations": 3, "num_publications_5y": 0, "num_citations_5y": 0, "num_publications_10y": 0, "num_citations_10y": 2, "publications_years": {"1998": 1}, "citations_years": {"2006": 1, "2007": 0, "2008": 0, "2009": 0, "2010": 1, "2011": 0, "2012": 1}, "old_citations": {"1998": 3}, "isVisible": false}, "2489456689": {"name": "j m pena", "type": "author", "activity": 14, "h_index": 1, "h5_index": 0, "mag_id": "2489456689", "num_publications": 1, "num_citations": 1, "num_publications_5y": 0, "num_citations_5y": 0, "num_publications_10y": 0, "num_citations_10y": 0, "publications_years": {"1998": 1}, "citations_years": {"2001": 1}, "old_citations": {"1998": 1}, "isVisible": false}, "2491770657": {"name": "d a turner", "type": "author", "activity": 3, "h_index": 1, "h5_index": 0, "mag_id": "2491770657", "num_publications": 1, "num_citations": 3, "num_publications_5y": 0, "num_citations_5y": 0, "num_publications_10y": 0, "num_citations_10y": 2, "publications_years": {"1998": 1}, "citations_years": {"2006": 1, "2007": 0, "2008": 0, "2009": 0, "2010": 1, "2011": 0, "2012": 1}, "old_citations": {"1998": 3}, "isVisible": false}, "2512872514": {"name": "gabor lukacs", "type": "author", "activity": 8, "h_index": 2, "h5_index": 0, "mag_id": "2512872514", "num_publications": 1, "num_citations": 15, "num_publications_5y": 0, "num_citations_5y": 0, "num_publications_10y": 0, "num_citations_10y": 4, "publications_years": {"1998": 1}, "citations_years": {"1999": 1, "2000": 0, "2001": 3, "2002": 3, "2003": 0, "2004": 1, "2005": 1, "2006": 0, "2007": 1, "2008": 1, "2009": 2, "2010": 2}, "old_citations": {"1998": 15}, "isVisible": false}, "2569238749": {"name": "josef hoschek", "type": "author", "activity": 3, "h_index": 2, "h5_index": 0, "mag_id": "2569238749", "num_publications": 1, "num_citations": 18, "num_publications_5y": 0, "num_citations_5y": 0, "num_publications_10y": 0, "num_citations_10y": 2, "publications_years": {"1998": 1}, "citations_years": {"1999": 1, "2000": 1, "2001": 4, "2002": 5, "2003": 1, "2004": 1, "2005": 1, "2006": 0, "2007": 1, "2008": 1, "2009": 2}, "old_citations": {"1998": 18}, "isVisible": false}, "2574660447": {"name": "zhiyong xie", "type": "author", "activity": 1, "h_index": 1, "h5_index": 0, "mag_id": "2574660447", "num_publications": 1, "num_citations": 12, "num_publications_5y": 0, "num_citations_5y": 1, "num_publications_10y": 0, "num_citations_10y": 5, "publications_years": {"2001": 1}, "citations_years": {"2003": 1, "2004": 2, "2005": 1, "2006": 2, "2007": 1, "2008": 0, "2009": 1, "2010": 1, "2011": 1, "2012": 1, "2013": 0, "2014": 0, "2015": 0, "2016": 0, "2017": 1}, "old_citations": {"2001": 12}, "isVisible": false}, "2617930083": {"name": "chris m hoffmann", "type": "author", "activity": 1, "h_index": 1, "h5_index": 0, "mag_id": "2617930083", "num_publications": 1, "num_citations": 14, "num_publications_5y": 0, "num_citations_5y": 0, "num_publications_10y": 0, "num_citations_10y": 3, "publications_years": {"1998": 1}, "citations_years": {"2000": 2, "2001": 1, "2002": 1, "2003": 0, "2004": 0, "2005": 2, "2006": 1, "2007": 1, "2008": 2, "2009": 2, "2010": 1, "2011": 0, "2012": 0, "2013": 0, "2014": 0, "2015": 0, "2016": 0, "2017": 0, "2018": 0, "2019": 0, "2020": 1}, "old_citations": {"1998": 14}, "isVisible": false}, "2629921377": {"name": "i j anderson", "type": "author", "activity": 5, "h_index": 1, "h5_index": 0, "mag_id": "2629921377", "num_publications": 1, "num_citations": 3, "num_publications_5y": 0, "num_citations_5y": 0, "num_publications_10y": 0, "num_citations_10y": 2, "publications_years": {"1998": 1}, "citations_years": {"2006": 1, "2007": 0, "2008": 0, "2009": 0, "2010": 1, "2011": 0, "2012": 1}, "old_citations": {"1998": 3}, "isVisible": false}, "2634482859": {"name": "vincent rossignol", "type": "author", "activity": 1, "h_index": 1, "h5_index": 0, "mag_id": "2634482859", "num_publications": 1, "num_citations": 0, "num_publications_5y": 0, "num_citations_5y": 0, "num_publications_10y": 0, "num_citations_10y": 0, "publications_years": {"2000": 1}, "citations_years": {}, "old_citations": {"2000": 0}, "isVisible": false}, "2648252350": {"name": "d a turner", "type": "author", "activity": 1, "h_index": 0, "h5_index": 0, "mag_id": "2648252350", "num_publications": 1, "num_citations": 0, "num_publications_5y": 0, "num_citations_5y": 0, "num_publications_10y": 0, "num_citations_10y": 0, "publications_years": {"2001": 1}, "citations_years": {}, "old_citations": {"2001": 0}, "isVisible": false}, "2672057549": {"name": "wilhelm wilke", "type": "author", "activity": 1, "h_index": 1, "h5_index": 0, "mag_id": "2672057549", "num_publications": 1, "num_citations": 18, "num_publications_5y": 0, "num_citations_5y": 0, "num_publications_10y": 0, "num_citations_10y": 2, "publications_years": {"1998": 1}, "citations_years": {"1999": 1, "2000": 1, "2001": 4, "2002": 5, "2003": 1, "2004": 1, "2005": 1, "2006": 0, "2007": 1, "2008": 1, "2009": 2}, "old_citations": {"1998": 18}, "isVisible": false}, "2674690186": {"name": "tony d derose", "type": "author", "activity": 1, "h_index": 1, "h5_index": 0, "mag_id": "2674690186", "num_publications": 1, "num_citations": 3, "num_publications_5y": 0, "num_citations_5y": 1, "num_publications_10y": 0, "num_citations_10y": 1, "publications_years": {"2001": 1}, "citations_years": {"2006": 2, "2007": 0, "2008": 0, "2009": 0, "2010": 0, "2011": 0, "2012": 0, "2013": 0, "2014": 0, "2015": 0, "2016": 1}, "old_citations": {"2001": 3}, "isVisible": false}, "2690123443": {"name": "joanne rampersad", "type": "author", "activity": 1, "h_index": 1, "h5_index": 0, "mag_id": "2690123443", "num_publications": 1, "num_citations": 7, "num_publications_5y": 0, "num_citations_5y": 0, "num_publications_10y": 0, "num_citations_10y": 4, "publications_years": {"1998": 1}, "citations_years": {"2002": 2, "2003": 0, "2004": 0, "2005": 0, "2006": 0, "2007": 0, "2008": 0, "2009": 2, "2010": 2, "2011": 0, "2012": 0, "2013": 0, "2014": 0, "2015": 0, "2016": 0, "2017": 0, "2018": 0, "2019": 1}, "old_citations": {"1998": 7}, "isVisible": false}, "2702137912": {"name": "ron kimmel", "type": "author", "activity": 1, "h_index": 1, "h5_index": 0, "mag_id": "2702137912", "num_publications": 1, "num_citations": 1, "num_publications_5y": 0, "num_citations_5y": 0, "num_publications_10y": 0, "num_citations_10y": 0, "publications_years": {"1998": 1}, "citations_years": {"2002": 1}, "old_citations": {"1998": 1}, "isVisible": false}, "2713967978": {"name": "marc daniel", "type": "author", "activity": 1, "h_index": 1, "h5_index": 0, "mag_id": "2713967978", "num_publications": 1, "num_citations": 0, "num_publications_5y": 0, "num_citations_5y": 0, "num_publications_10y": 0, "num_citations_10y": 0, "publications_years": {"2000": 1}, "citations_years": {}, "old_citations": {"2000": 0}, "isVisible": false}, "2721821167": {"name": "laszlo andor", "type": "author", "activity": 1, "h_index": 1, "h5_index": 0, "mag_id": "2721821167", "num_publications": 1, "num_citations": 15, "num_publications_5y": 0, "num_citations_5y": 0, "num_publications_10y": 0, "num_citations_10y": 4, "publications_years": {"1998": 1}, "citations_years": {"1999": 1, "2000": 0, "2001": 3, "2002": 3, "2003": 0, "2004": 1, "2005": 1, "2006": 0, "2007": 1, "2008": 1, "2009": 2, "2010": 2}, "old_citations": {"1998": 15}, "isVisible": false}, "2723802302": {"name": "geir westgaard", "type": "author", "activity": 1, "h_index": 0, "h5_index": 0, "mag_id": "2723802302", "num_publications": 1, "num_citations": 0, "num_publications_5y": 0, "num_citations_5y": 0, "num_publications_10y": 0, "num_citations_10y": 0, "publications_years": {"1998": 1}, "citations_years": {}, "old_citations": {"1998": 0}, "isVisible": false}, "2766000947": {"name": "zhiqing kui", "type": "author", "activity": 1, "h_index": 1, "h5_index": 1, "mag_id": "2766000947", "num_publications": 1, "num_citations": 1, "num_publications_5y": 1, "num_citations_5y": 0, "num_publications_10y": 1, "num_citations_10y": 0, "publications_years": {"2016": 1}, "citations_years": {"2019": 1}, "old_citations": {"2016": 1}, "isVisible": false}, "2790900144": {"name": "andrea bressan", "type": "author", "activity": 1, "h_index": 1, "h5_index": 1, "mag_id": "2790900144", "num_publications": 1, "num_citations": 1, "num_publications_5y": 1, "num_citations_5y": 1, "num_publications_10y": 1, "num_citations_10y": 1, "publications_years": {"2016": 1}, "citations_years": {"2018": 1}, "old_citations": {"2016": 1}, "isVisible": false}, "2807301391": {"name": "n dodson", "type": "author", "activity": 3, "h_index": 0, "h5_index": 0, "mag_id": "2807301391", "num_publications": 1, "num_citations": 0, "num_publications_5y": 0, "num_citations_5y": 0, "num_publications_10y": 1, "num_citations_10y": 0, "publications_years": {"2012": 1}, "citations_years": {}, "old_citations": {"2012": 0}, "isVisible": false}, "2973412967": {"name": "jiri kosinka", "type": "author", "activity": 4, "h_index": 2, "h5_index": 0, "mag_id": "2973412967", "num_publications": 1, "num_citations": 0, "num_publications_5y": 0, "num_citations_5y": 0, "num_publications_10y": 1, "num_citations_10y": 0, "publications_years": {"2012": 1}, "citations_years": {}, "old_citations": {"2012": 0}, "isVisible": false}, "2973754701": {"name": "xiaoyun si", "type": "author", "activity": 1, "h_index": 1, "h5_index": 0, "mag_id": "2973754701", "num_publications": 1, "num_citations": 1, "num_publications_5y": 0, "num_citations_5y": 1, "num_publications_10y": 1, "num_citations_10y": 1, "publications_years": {"2012": 1}, "citations_years": {"2016": 1}, "old_citations": {"2012": 1}, "isVisible": false}, "2974075988": {"name": "j c mason", "type": "author", "activity": 1, "h_index": 0, "h5_index": 0, "mag_id": "2974075988", "num_publications": 1, "num_citations": 0, "num_publications_5y": 0, "num_citations_5y": 0, "num_publications_10y": 0, "num_citations_10y": 0, "publications_years": {"2001": 1}, "citations_years": {}, "old_citations": {"2001": 0}, "isVisible": false}, "2974456565": {"name": "a crampton", "type": "author", "activity": 1, "h_index": 0, "h5_index": 0, "mag_id": "2974456565", "num_publications": 1, "num_citations": 0, "num_publications_5y": 0, "num_citations_5y": 0, "num_publications_10y": 0, "num_citations_10y": 0, "publications_years": {"2001": 1}, "citations_years": {}, "old_citations": {"2001": 0}, "isVisible": false}, "3006004717": {"name": "petra surynkova", "type": "author", "activity": 1, "h_index": 0, "h5_index": 0, "mag_id": "3006004717", "num_publications": 1, "num_citations": 0, "num_publications_5y": 1, "num_citations_5y": 0, "num_publications_10y": 1, "num_citations_10y": 0, "publications_years": {"2016": 1}, "citations_years": {}, "old_citations": {"2016": 0}, "isVisible": false}}, "countries": {"Norway": {"name": "Norway", "type": "country", "h5_index": 56, "num_publications": 5, "num_citations": 39, "num_publications_5y": 1, "num_citations_5y": 25, "num_publications_10y": 3, "num_citations_10y": 27, "publications_years": {"2012": 2, "2008": 2, "2016": 1}, "citations_years": {"2014": 1, "2015": 6, "2016": 1, "2017": 10, "2012": 1, "2013": 1, "2018": 7, "2019": 6, "2020": 6}, "old_citations": {"2012": 35, "2008": 3, "2016": 1}, "isVisible": false}, "France": {"name": "France", "type": "country", "h5_index": 99, "num_publications": 4, "num_citations": 4, "num_publications_5y": 1, "num_citations_5y": 3, "num_publications_10y": 3, "num_citations_10y": 3, "publications_years": {"2008": 1, "2016": 1, "2012": 2}, "citations_years": {"2019": 1, "2016": 1, "2014": 1, "2015": 1}, "old_citations": {"2008": 0, "2016": 1, "2012": 3}, "isVisible": false}, "United States": {"name": "United States", "type": "country", "h5_index": 308, "num_publications": 4, "num_citations": 25, "num_publications_5y": 0, "num_citations_5y": 8, "num_publications_10y": 1, "num_citations_10y": 18, "publications_years": {"2008": 2, "2012": 1, "2001": 1}, "citations_years": {"2015": 1, "2013": 3, "2014": 1, "2016": 2, "2017": 4, "2009": 2, "2010": 2, "2011": 1, "2012": 2, "2003": 1, "2004": 2, "2005": 1, "2006": 2, "2007": 1, "2008": 0}, "old_citations": {"2008": 7, "2012": 6, "2001": 12}, "isVisible": false}, "Austria": {"name": "Austria", "type": "country", "h5_index": 71, "num_publications": 3, "num_citations": 32, "num_publications_5y": 2, "num_citations_5y": 21, "num_publications_10y": 3, "num_citations_10y": 21, "publications_years": {"2016": 2, "2012": 1}, "citations_years": {"2015": 5, "2016": 0, "2017": 9, "2018": 7, "2019": 5, "2020": 6}, "old_citations": {"2016": 1, "2012": 31}, "isVisible": false}, "Germany": {"name": "Germany", "type": "country", "h5_index": 139, "num_publications": 3, "num_citations": 9, "num_publications_5y": 0, "num_citations_5y": 6, "num_publications_10y": 2, "num_citations_10y": 7, "publications_years": {"2012": 2, "2001": 1}, "citations_years": {"2013": 1, "2014": 1, "2015": 1, "2016": 4, "2017": 0, "2018": 0, "2019": 2}, "old_citations": {"2012": 9, "2001": 4}, "isVisible": false}, "United Kingdom": {"name": "United Kingdom", "type": "country", "h5_index": 172, "num_publications": 3, "num_citations": 0, "num_publications_5y": 0, "num_citations_5y": 0, "num_publications_10y": 1, "num_citations_10y": 0, "publications_years": {"2001": 2, "2012": 1}, "citations_years": {}, "old_citations": {"2001": 0, "2012": 0}, "isVisible": false}, "Belgium": {"name": "Belgium", "type": "country", "h5_index": 72, "num_publications": 1, "num_citations": 15, "num_publications_5y": 0, "num_citations_5y": 12, "num_publications_10y": 1, "num_citations_10y": 12, "publications_years": {"2012": 1}, "citations_years": {"2015": 2, "2016": 7, "2017": 3, "2018": 0, "2019": 2, "2020": 1}, "old_citations": {"2012": 15}, "isVisible": false}, "Canada": {"name": "Canada", "type": "country", "h5_index": 128, "num_publications": 1, "num_citations": 3, "num_publications_5y": 0, "num_citations_5y": 0, "num_publications_10y": 0, "num_citations_10y": 2, "publications_years": {"2001": 1}, "citations_years": {"2005": 1, "2006": 0, "2007": 0, "2008": 0, "2009": 0, "2010": 2}, "old_citations": {"2001": 3}, "isVisible": false}, "Czechia": {"name": "Czechia", "type": "country", "h5_index": 43, "num_publications": 1, "num_citations": 2, "num_publications_5y": 0, "num_citations_5y": 1, "num_publications_10y": 1, "num_citations_10y": 1, "publications_years": {"2012": 1}, "citations_years": {"2018": 1, "2019": 1}, "old_citations": {"2012": 2}, "isVisible": false}, "Denmark": {"name": "Denmark", "type": "country", "h5_index": 65, "num_publications": 1, "num_citations": 31, "num_publications_5y": 0, "num_citations_5y": 20, "num_publications_10y": 1, "num_citations_10y": 20, "publications_years": {"2012": 1}, "citations_years": {"2015": 5, "2016": 0, "2017": 9, "2018": 6, "2019": 5, "2020": 6}, "old_citations": {"2012": 31}, "isVisible": false}, "Israel": {"name": "Israel", "type": "country", "h5_index": 110, "num_publications": 1, "num_citations": 4, "num_publications_5y": 1, "num_citations_5y": 0, "num_publications_10y": 1, "num_citations_10y": 0, "publications_years": {"2016": 1}, "citations_years": {"2019": 3, "2020": 1}, "old_citations": {"2016": 4}, "isVisible": false}, "Italy": {"name": "Italy", "type": "country", "h5_index": 94, "num_publications": 1, "num_citations": 6, "num_publications_5y": 0, "num_citations_5y": 3, "num_publications_10y": 1, "num_citations_10y": 4, "publications_years": {"2012": 1}, "citations_years": {"2013": 1, "2014": 1, "2015": 0, "2016": 0, "2017": 1, "2018": 1, "2019": 1, "2020": 1}, "old_citations": {"2012": 6}, "isVisible": false}, "Japan": {"name": "Japan", "type": "country", "h5_index": 94, "num_publications": 1, "num_citations": 0, "num_publications_5y": 1, "num_citations_5y": 0, "num_publications_10y": 1, "num_citations_10y": 0, "publications_years": {"2016": 1}, "citations_years": {}, "old_citations": {"2016": 0}, "isVisible": false}, "Lithuania": {"name": "Lithuania", "type": "country", "h5_index": 19, "num_publications": 1, "num_citations": 6, "num_publications_5y": 0, "num_citations_5y": 2, "num_publications_10y": 0, "num_citations_10y": 6, "publications_years": {"2008": 1}, "citations_years": {"2009": 1, "2010": 1, "2011": 0, "2012": 1, "2013": 1, "2014": 0, "2015": 0, "2016": 1, "2017": 1}, "old_citations": {"2008": 6}, "isVisible": false}}, "industrial_sectors": {"management": {"name": "management", "type": "industrial sector", "h5_index": 67, "num_publications": 1, "num_citations": 1, "num_publications_5y": 0, "num_citations_5y": 0, "num_publications_10y": 1, "num_citations_10y": 1, "publications_years": {"2012": 1}, "citations_years": {"2013": 1}, "old_citations": {"2012": 1}, "isVisible": false}}}, "conference_comparison": {"computer science": {}}, "topics_dna": {"publications": {}, "citations": {"normalized": {}, "average": {}}}, "info": {"num_publications": 38, "num_citations": 178.0, "impact_factor": {"2000": 0.2727272727272727, "2001": 0.0, "2002": 0.0, "2003": 0.2, "2004": 0, "2005": 0, "2006": 0, "2007": 0, "2008": 0, "2009": 0.25, "2010": 0.25, "2011": 0, "2012": 0, "2013": 0.3333333333333333, "2014": 0.4166666666666667, "2015": 0, "2016": 0}, "publications_years": {"2012": 12, "1998": 11, "2001": 6, "2008": 4, "2016": 4, "2000": 1}, "citations_years": {"1999": 2, "2000": 3, "2001": 9, "2002": 12, "2003": 2, "2004": 4, "2005": 6, "2006": 6, "2007": 4, "2008": 4, "2009": 10, "2010": 10, "2011": 1, "2012": 5, "2013": 6, "2014": 6, "2015": 12, "2016": 17, "2017": 18, "2018": 9, "2019": 17, "2020": 11}, "old_citations": {"2012": 78, "1998": 62, "2001": 22, "2008": 10, "2016": 6, "2000": 0}, "h5_index": 1}, "percentile": {"computer science": {"2012": 81, "1998": 89, "2001": 84, "2008": 64, "2016": 65, "2000": 19}}, "conference_ranking": {"computer science": {"2012": 797, "1998": 462, "2001": 682, "2008": 1520, "2016": 1485, "2000": 3446}}, "academia": {"num_publications": 14, "num_citations": 60, "publications_years": {"2001": 4, "2002": 0, "2003": 0, "2004": 0, "2005": 0, "2006": 0, "2007": 0, "2008": 1, "2009": 0, "2010": 0, "2011": 0, "2012": 6, "2013": 0, "2014": 0, "2015": 0, "2016": 3}, "old_citations": {"2001": 15, "2002": 0, "2003": 0, "2004": 0, "2005": 0, "2006": 0, "2007": 0, "2008": 6, "2009": 0, "2010": 0, "2011": 0, "2012": 33, "2013": 0, "2014": 0, "2015": 0, "2016": 6}, "num_publications_5y": 3, "num_citations_5y": 6, "num_publications_10y": 9, "num_citations_10y": 39}, "industry": {"num_publications": 0, "num_citations": 0, "publications_years": {}, "old_citations": {}, "num_publications_5y": 0, "num_citations_5y": 0, "num_publications_10y": 0, "num_citations_10y": 0}, "collaborative": {"num_publications": 1, "num_citations": 1, "publications_years": {"2012": 1}, "old_citations": {"2012": 1}, "num_publications_5y": 0, "num_citations_5y": 0, "num_publications_10y": 1, "num_citations_10y": 1}, "conferences": {}, "journals": {}, "organizations": {"publication_overall": ["Johannes Kepler University of Linz", "SINTEF", "Aix-Marseille University", "Max Planck Society", "University of Florida", "University of Oslo", "Arizona State University", "Charles University", "French Institute for Research in Computer Science and Automation", "Grenoble Institute of Technology", "Institut de Radioprotection et de S\u00fbret\u00e9 Nucl\u00e9aire", "KU Leuven", "National Institute of Advanced Industrial Science and Technology", "National Institute of Standards and Technology", "Siemens (Germany)", "Technical University of Denmark", "Technion \u2013 Israel Institute of Technology", "University of Bath", "University of Cambridge", "University of Huddersfield", "University of Milan", "University of Passau", "University of Waterloo", "Vilnius University"], "citation_overall": ["SINTEF", "Johannes Kepler University of Linz", "Technical University of Denmark", "KU Leuven", "Arizona State University", "Max Planck Society", "University of Florida", "University of Milan", "Vilnius University", "University of Oslo", "Technion \u2013 Israel Institute of Technology", "University of Waterloo", "Aix-Marseille University", "Charles University", "French Institute for Research in Computer Science and Automation", "Institut de Radioprotection et de S\u00fbret\u00e9 Nucl\u00e9aire", "National Institute of Standards and Technology", "Siemens (Germany)", "University of Passau", "Grenoble Institute of Technology", "National Institute of Advanced Industrial Science and Technology", "University of Bath", "University of Cambridge", "University of Huddersfield"], "publication_10_years": ["Johannes Kepler University of Linz", "Aix-Marseille University", "University of Oslo", "Charles University", "French Institute for Research in Computer Science and Automation", "Institut de Radioprotection et de S\u00fbret\u00e9 Nucl\u00e9aire", "KU Leuven", "Max Planck Society", "National Institute of Advanced Industrial Science and Technology", "SINTEF", "Siemens (Germany)", "Technical University of Denmark", "Technion \u2013 Israel Institute of Technology", "University of Cambridge", "University of Florida", "University of Milan", "University of Passau"], "citation_10_years": ["Johannes Kepler University of Linz", "SINTEF", "Technical University of Denmark", "KU Leuven", "Max Planck Society", "University of Florida", "University of Milan", "University of Oslo", "Technion \u2013 Israel Institute of Technology", "Aix-Marseille University", "Charles University", "French Institute for Research in Computer Science and Automation", "Institut de Radioprotection et de S\u00fbret\u00e9 Nucl\u00e9aire", "Siemens (Germany)", "University of Passau", "National Institute of Advanced Industrial Science and Technology", "University of Cambridge"], "publication_5_years": ["Johannes Kepler University of Linz", "Aix-Marseille University", "National Institute of Advanced Industrial Science and Technology", "Technion \u2013 Israel Institute of Technology", "University of Oslo"], "citation_5_years": ["Technion \u2013 Israel Institute of Technology", "Aix-Marseille University", "Johannes Kepler University of Linz", "University of Oslo", "National Institute of Advanced Industrial Science and Technology"]}, "countries": {"publication_overall": ["Norway", "France", "United States", "Austria", "Germany", "United Kingdom", "Belgium", "Canada", "Czechia", "Denmark", "Israel", "Italy", "Japan", "Lithuania"], "citation_overall": ["Norway", "Austria", "Denmark", "United States", "Belgium", "Germany", "Italy", "Lithuania", "France", "Israel", "Canada", "Czechia", "Japan", "United Kingdom"], "publication_10_years": ["Austria", "France", "Norway", "Germany", "Belgium", "Czechia", "Denmark", "Israel", "Italy", "Japan", "United Kingdom", "United States"], "citation_10_years": ["Norway", "Austria", "Denmark", "Belgium", "Germany", "Italy", "United States", "France", "Israel", "Czechia", "Japan", "United Kingdom"], "publication_5_years": ["Austria", "France", "Israel", "Japan", "Norway"], "citation_5_years": ["Israel", "Austria", "France", "Norway", "Japan"]}, "topics": {"publication_overall": ["computer science", "mathematics", "computer imaging and vision", "computer systems", "image processing", "computer aided design", "artificial intelligence", "engineering", "human computer interaction", "splines", "computer hardware", "distributed computer systems", "user interfaces", "computer networks", "database systems", "distributed systems", "image analysis", "microprocessor chips", "parallel processing systems", "theoretical computer science"], "citation_overall": ["computer science", "computer aided design", "mathematics", "computer systems", "splines", "geometry", "computer imaging and vision", "image processing", "nurbs", "correlation analysis", "engineering", "isogeometric analysis", "optimization", "optimization problems", "topology", "human computer interaction", "numerical methods", "computer hardware", "microprocessor chips", "user interfaces"], "publication_10_years": ["computer science", "mathematics", "computer imaging and vision", "image processing", "computer systems", "computer aided design", "artificial intelligence", "engineering", "splines", "computer hardware", "distributed computer systems", "human computer interaction", "topology", "computer networks", "cubic spline", "distributed systems", "field programmable gate arrays (fpga)", "geometry", "image analysis", "image reconstruction"], "citation_10_years": ["computer science", "mathematics", "computer aided design", "splines", "isogeometric analysis", "nurbs", "computer systems", "geometry", "optimization", "correlation analysis", "topology", "numerical methods", "numerical model", "constrained optimization", "constrained optimization problems", "differential equations", "numerical example", "optimization problems", "parameterization", "partial differential equations"], "publication_5_years": ["computer science", "computer imaging and vision", "image processing", "mathematics", "computer aided design", "cubic spline", "splines", "adaptive algorithms", "adaptive filtering", "artificial intelligence", "b spline curve", "comb filters", "combinatorial mathematics", "combinatorial problems", "communication", "computer hardware", "computer networks", "computer security", "control point", "cryptography"], "citation_5_years": ["computer science", "computer aided design", "computer imaging and vision", "cubic spline", "image processing", "mathematics", "splines", "b spline curve", "control point", "curve fitting", "geometry", "image coding", "spline curve", "adaptive algorithms", "adaptive filtering", "artificial intelligence", "comb filters", "communication", "computer hardware", "computer networks"]}, "main_topics": ["computer science"], "authors": {"publication_overall": ["1153833123", "1975734115", "2084967519", "2096888528", "2167767097", "6128969", "7681201", "121265243", "121664665", "122613598", "178861238", "203817544", "213850259", "232270263", "366422399", "559697678", "874128076", "1000551008", "1241368558", "1843005327", "1903835757", "1926216839", "1926607344", "1968620285", "1985366706", "1987154148", "1998847866", "2035070196", "2038284079", "2046790257", "2050825142", "2062865441", "2068318334", "2068867301", "2074187482", "2100879428", "2104455210", "2105530458", "2112843913", "2121647118", "2128550729", "2128782269", "2132204623", "2135052836", "2135707751", "2140021106", "2141618831", "2143926093", "2145439847", "2156066187", "2156311764", "2166102936", "2171066048", "2237445521", "2259397630", "2280555868", "2294404602", "2296409307", "2314678398", "2394858206", "2395656791", "2428034981", "2481968114", "2482160021", "2489456689", "2491770657", "2512872514", "2569238749", "2574660447", "2617930083", "2629921377", "2634482859", "2648252350", "2672057549", "2674690186", "2690123443", "2702137912", "2713967978", "2721821167", "2723802302", "2766000947", "2790900144", "2807301391", "2973412967", "2973754701", "2974075988", "2974456565", "3006004717"], "citation_overall": ["2167767097", "1000551008", "2100879428", "2296409307", "1926216839", "2569238749", "2672057549", "232270263", "2121647118", "2259397630", "2512872514", "2721821167", "559697678", "2617930083", "1998847866", "2096888528", "2574660447", "213850259", "1987154148", "2035070196", "2050825142", "2690123443", "1926607344", "1968620285", "2046790257", "2062865441", "2074187482", "2428034981", "121664665", "1985366706", "2068867301", "2084967519", "178861238", "2112843913", "2128782269", "2145439847", "2280555868", "2294404602", "2482160021", "2491770657", "2629921377", "2674690186", "366422399", "874128076", "1153833123", "1903835757", "1975734115", "2038284079", "2132204623", "2140021106", "2156066187", "2237445521", "2395656791", "121265243", "122613598", "1843005327", "2104455210", "2105530458", "2135052836", "2141618831", "2156311764", "2314678398", "2481968114", "2489456689", "2702137912", "2766000947", "2790900144", "2973754701", "6128969", "7681201", "203817544", "1241368558", "2068318334", "2128550729", "2135707751", "2143926093", "2166102936", "2171066048", "2394858206", "2634482859", "2648252350", "2713967978", "2723802302", "2807301391", "2973412967", "2974075988", "2974456565", "3006004717"], "publication_10_years": ["1153833123", "1975734115", "122613598", "203817544", "213850259", "232270263", "366422399", "874128076", "1000551008", "1903835757", "1926607344", "1968620285", "1987154148", "2035070196", "2038284079", "2062865441", "2068867301", "2074187482", "2084967519", "2096888528", "2100879428", "2104455210", "2105530458", "2121647118", "2132204623", "2140021106", "2143926093", "2156066187", "2167767097", "2237445521", "2259397630", "2296409307", "2314678398", "2394858206", "2395656791", "2428034981", "2766000947", "2790900144", "2807301391", "2973412967", "2973754701", "3006004717"], "citation_10_years": ["1000551008", "2100879428", "2167767097", "2296409307", "232270263", "2121647118", "2259397630", "213850259", "1987154148", "2035070196", "1926607344", "1968620285", "2062865441", "2074187482", "2096888528", "2428034981", "2068867301", "2084967519", "366422399", "874128076", "1153833123", "1903835757", "1975734115", "2038284079", "2132204623", "2140021106", "2156066187", "2237445521", "2395656791", "122613598", "2104455210", "2105530458", "2314678398", "2766000947", "2790900144", "2973754701", "203817544", "2143926093", "2394858206", "2807301391", "2973412967", "3006004717"], "publication_5_years": ["203817544", "1153833123", "1975734115", "2068867301", "2314678398", "2766000947", "2790900144", "3006004717"], "citation_5_years": ["2068867301", "1153833123", "1975734115", "2314678398", "2766000947", "2790900144", "203817544", "3006004717"]}, "industrial_sectors": {"publication_overall": ["management"], "citation_overall": ["management"], "publication_10_years": ["management"], "citation_10_years": ["management"], "publication_5_years": [], "citation_5_years": []}}