{"name": "Mustererkennung , Mustererkennung im Dienste der Gesundheit, DAGM-Symposium", "acronym": "MMDG", "type": "conference", "uniqueEntities": {"topics": {"computer science": {"name": "computer science", "type": "topic", "h_index": 1779, "h5_index": 416, "num_publications": 22, "num_citations": 81, "num_publications_5y": 0, "num_citations_5y": 1, "num_publications_10y": 0, "num_citations_10y": 10, "publications_years": {"1993": 22}, "citations_years": {"1999": 4, "2000": 0, "2001": 2, "2002": 5, "1995": 13, "1996": 9, "1997": 4, "1998": 2, "2003": 4, "2004": 3, "2005": 5, "2006": 5, "2007": 1, "2008": 4, "2009": 2, "2010": 0, "2011": 2, "2012": 4, "1994": 7, "1993": 2, "2013": 1, "2014": 1, "2015": 0, "2016": 0, "2017": 0, "2018": 0, "2019": 1}, "old_citations": {"1993": 81}, "isVisible": false}, "computer imaging and vision": {"name": "computer imaging and vision", "type": "topic", "h_index": 1142, "h5_index": 334, "num_publications": 15, "num_citations": 58, "num_publications_5y": 0, "num_citations_5y": 1, "num_publications_10y": 0, "num_citations_10y": 10, "publications_years": {"1993": 15}, "citations_years": {"1999": 2, "2000": 0, "2001": 1, "2002": 5, "1995": 6, "1996": 1, "1997": 4, "1998": 1, "2003": 4, "2004": 3, "2005": 5, "2006": 5, "2007": 1, "2008": 4, "2009": 2, "2010": 0, "2011": 2, "2012": 4, "1993": 1, "1994": 4, "2013": 1, "2014": 1, "2015": 0, "2016": 0, "2017": 0, "2018": 0, "2019": 1}, "old_citations": {"1993": 58}, "isVisible": false}, "image processing": {"name": "image processing", "type": "topic", "h_index": 1113, "h5_index": 328, "num_publications": 15, "num_citations": 58, "num_publications_5y": 0, "num_citations_5y": 1, "num_publications_10y": 0, "num_citations_10y": 10, "publications_years": {"1993": 15}, "citations_years": {"1999": 2, "2000": 0, "2001": 1, "2002": 5, "1995": 6, "1996": 1, "1997": 4, "1998": 1, "2003": 4, "2004": 3, "2005": 5, "2006": 5, "2007": 1, "2008": 4, "2009": 2, "2010": 0, "2011": 2, "2012": 4, "1993": 1, "1994": 4, "2013": 1, "2014": 1, "2015": 0, "2016": 0, "2017": 0, "2018": 0, "2019": 1}, "old_citations": {"1993": 58}, "isVisible": false}, "mathematics": {"name": "mathematics", "type": "topic", "h_index": 1364, "h5_index": 300, "num_publications": 13, "num_citations": 21, "num_publications_5y": 0, "num_citations_5y": 0, "num_publications_10y": 0, "num_citations_10y": 1, "publications_years": {"1993": 13}, "citations_years": {"1999": 4, "2000": 0, "2001": 1, "2002": 1, "1996": 2, "1997": 6, "1998": 2, "1994": 3, "1995": 1, "2003": 0, "2004": 0, "2005": 0, "2006": 0, "2007": 0, "2008": 0, "2009": 0, "2010": 0, "2011": 1}, "old_citations": {"1993": 21}, "isVisible": false}, "image analysis": {"name": "image analysis", "type": "topic", "h_index": 988, "h5_index": 315, "num_publications": 11, "num_citations": 54, "num_publications_5y": 0, "num_citations_5y": 1, "num_publications_10y": 0, "num_citations_10y": 10, "publications_years": {"1993": 11}, "citations_years": {"1995": 6, "1996": 1, "1997": 3, "1998": 1, "1999": 1, "2000": 0, "2001": 1, "2002": 4, "2003": 4, "2004": 3, "2005": 5, "2006": 5, "2007": 1, "2008": 4, "2009": 2, "2010": 0, "2011": 2, "2012": 4, "1993": 1, "1994": 3, "2013": 1, "2014": 1, "2015": 0, "2016": 0, "2017": 0, "2018": 0, "2019": 1}, "old_citations": {"1993": 54}, "isVisible": false}, "artificial intelligence": {"name": "artificial intelligence", "type": "topic", "h_index": 1421, "h5_index": 373, "num_publications": 10, "num_citations": 54, "num_publications_5y": 0, "num_citations_5y": 1, "num_publications_10y": 0, "num_citations_10y": 8, "publications_years": {"1993": 10}, "citations_years": {"1995": 5, "1996": 5, "1997": 2, "1998": 1, "1999": 1, "2000": 0, "2001": 2, "2002": 4, "2003": 4, "2004": 3, "2005": 5, "2006": 5, "2007": 1, "2008": 4, "2009": 2, "2010": 0, "2011": 1, "2012": 3, "1993": 1, "1994": 2, "2013": 1, "2014": 1, "2015": 0, "2016": 0, "2017": 0, "2018": 0, "2019": 1}, "old_citations": {"1993": 54}, "isVisible": false}, "image segmentation": {"name": "image segmentation", "type": "topic", "h_index": 870, "h5_index": 282, "num_publications": 10, "num_citations": 54, "num_publications_5y": 0, "num_citations_5y": 1, "num_publications_10y": 0, "num_citations_10y": 10, "publications_years": {"1993": 10}, "citations_years": {"1995": 6, "1996": 1, "1997": 3, "1998": 1, "1999": 1, "2000": 0, "2001": 1, "2002": 4, "2003": 4, "2004": 3, "2005": 5, "2006": 5, "2007": 1, "2008": 4, "2009": 2, "2010": 0, "2011": 2, "2012": 4, "1993": 1, "1994": 3, "2013": 1, "2014": 1, "2015": 0, "2016": 0, "2017": 0, "2018": 0, "2019": 1}, "old_citations": {"1993": 54}, "isVisible": false}, "machine learning": {"name": "machine learning", "type": "topic", "h_index": 1123, "h5_index": 351, "num_publications": 9, "num_citations": 51, "num_publications_5y": 0, "num_citations_5y": 1, "num_publications_10y": 0, "num_citations_10y": 8, "publications_years": {"1993": 9}, "citations_years": {"1996": 4, "1997": 2, "1998": 1, "1999": 1, "2000": 0, "2001": 2, "2002": 4, "2003": 4, "2004": 3, "2005": 5, "2006": 5, "2007": 1, "2008": 4, "2009": 2, "2010": 0, "2011": 1, "2012": 3, "1993": 1, "1994": 2, "1995": 3, "2013": 1, "2014": 1, "2015": 0, "2016": 0, "2017": 0, "2018": 0, "2019": 1}, "old_citations": {"1993": 51}, "isVisible": false}, "computer systems": {"name": "computer systems", "type": "topic", "h_index": 1595, "h5_index": 367, "num_publications": 8, "num_citations": 21, "num_publications_5y": 0, "num_citations_5y": 0, "num_publications_10y": 0, "num_citations_10y": 1, "publications_years": {"1993": 8}, "citations_years": {"1995": 8, "1996": 4, "1997": 1, "1998": 1, "1999": 1, "2000": 0, "2001": 0, "2002": 0, "2003": 0, "2004": 0, "2005": 0, "2006": 0, "2007": 0, "2008": 0, "2009": 0, "2010": 0, "2011": 0, "2012": 1, "1993": 1, "1994": 4}, "old_citations": {"1993": 21}, "isVisible": false}, "pattern recognition": {"name": "pattern recognition", "type": "topic", "h_index": 922, "h5_index": 287, "num_publications": 8, "num_citations": 51, "num_publications_5y": 0, "num_citations_5y": 1, "num_publications_10y": 0, "num_citations_10y": 8, "publications_years": {"1993": 8}, "citations_years": {"1996": 4, "1997": 2, "1998": 1, "1999": 1, "2000": 0, "2001": 2, "2002": 4, "2003": 4, "2004": 3, "2005": 5, "2006": 5, "2007": 1, "2008": 4, "2009": 2, "2010": 0, "2011": 1, "2012": 3, "1993": 1, "1994": 2, "1995": 3, "2013": 1, "2014": 1, "2015": 0, "2016": 0, "2017": 0, "2018": 0, "2019": 1}, "old_citations": {"1993": 51}, "isVisible": false}, "computer networks": {"name": "computer networks", "type": "topic", "h_index": 1262, "h5_index": 332, "num_publications": 5, "num_citations": 15, "num_publications_5y": 0, "num_citations_5y": 0, "num_publications_10y": 0, "num_citations_10y": 0, "publications_years": {"1993": 5}, "citations_years": {"1996": 6, "1997": 0, "1998": 1, "1999": 1, "2000": 0, "2001": 1, "1993": 1, "1994": 2, "1995": 3}, "old_citations": {"1993": 15}, "isVisible": false}, "image coding": {"name": "image coding", "type": "topic", "h_index": 759, "h5_index": 203, "num_publications": 5, "num_citations": 5, "num_publications_5y": 0, "num_citations_5y": 0, "num_publications_10y": 0, "num_citations_10y": 0, "publications_years": {"1993": 5}, "citations_years": {"1995": 2, "1994": 2, "1996": 0, "1997": 1}, "old_citations": {"1993": 5}, "isVisible": false}, "computer hardware": {"name": "computer hardware", "type": "topic", "h_index": 1150, "h5_index": 279, "num_publications": 4, "num_citations": 10, "num_publications_5y": 0, "num_citations_5y": 0, "num_publications_10y": 0, "num_citations_10y": 2, "publications_years": {"1993": 4}, "citations_years": {"1995": 4, "1996": 2, "1997": 1, "1998": 0, "1999": 0, "2000": 0, "2001": 0, "2002": 1, "2003": 0, "2004": 0, "2005": 0, "2006": 0, "2007": 0, "2008": 0, "2009": 1, "2010": 0, "2011": 0, "2012": 1}, "old_citations": {"1993": 10}, "isVisible": false}, "correlation analysis": {"name": "correlation analysis", "type": "topic", "h_index": 1044, "h5_index": 224, "num_publications": 4, "num_citations": 11, "num_publications_5y": 0, "num_citations_5y": 0, "num_publications_10y": 0, "num_citations_10y": 0, "publications_years": {"1993": 4}, "citations_years": {"1994": 1, "1995": 1, "1996": 0, "1997": 4, "1998": 2, "1999": 3}, "old_citations": {"1993": 11}, "isVisible": false}, "database systems": {"name": "database systems", "type": "topic", "h_index": 1167, "h5_index": 276, "num_publications": 4, "num_citations": 14, "num_publications_5y": 0, "num_citations_5y": 0, "num_publications_10y": 0, "num_citations_10y": 0, "publications_years": {"1993": 4}, "citations_years": {"1993": 1, "1994": 3, "1995": 4, "1996": 4, "1997": 0, "1998": 1, "1999": 1}, "old_citations": {"1993": 14}, "isVisible": false}, "engineering": {"name": "engineering", "type": "topic", "h_index": 1177, "h5_index": 287, "num_publications": 4, "num_citations": 5, "num_publications_5y": 0, "num_citations_5y": 0, "num_publications_10y": 0, "num_citations_10y": 0, "publications_years": {"1993": 4}, "citations_years": {"1995": 2, "1996": 1, "1994": 1, "1997": 1}, "old_citations": {"1993": 5}, "isVisible": false}, "network architecture": {"name": "network architecture", "type": "topic", "h_index": 747, "h5_index": 266, "num_publications": 4, "num_citations": 15, "num_publications_5y": 0, "num_citations_5y": 0, "num_publications_10y": 0, "num_citations_10y": 0, "publications_years": {"1993": 4}, "citations_years": {"1996": 6, "1997": 0, "1998": 1, "1999": 1, "2000": 0, "2001": 1, "1993": 1, "1994": 2, "1995": 3}, "old_citations": {"1993": 15}, "isVisible": false}, "signal processing": {"name": "signal processing", "type": "topic", "h_index": 1012, "h5_index": 255, "num_publications": 4, "num_citations": 5, "num_publications_5y": 0, "num_citations_5y": 0, "num_publications_10y": 0, "num_citations_10y": 0, "publications_years": {"1993": 4}, "citations_years": {"1995": 2, "1996": 1, "1994": 1, "1997": 1}, "old_citations": {"1993": 5}, "isVisible": false}, "automatic segmentations": {"name": "automatic segmentations", "type": "topic", "h_index": 148, "h5_index": 64, "num_publications": 3, "num_citations": 40, "num_publications_5y": 0, "num_citations_5y": 1, "num_publications_10y": 0, "num_citations_10y": 6, "publications_years": {"1993": 3}, "citations_years": {"1993": 1, "1994": 1, "1995": 2, "1996": 0, "1997": 1, "1998": 1, "1999": 1, "2000": 0, "2001": 1, "2002": 3, "2003": 4, "2004": 3, "2005": 5, "2006": 5, "2007": 1, "2008": 4, "2009": 1, "2010": 0, "2011": 1, "2012": 2, "2013": 1, "2014": 1, "2015": 0, "2016": 0, "2017": 0, "2018": 0, "2019": 1}, "old_citations": {"1993": 40}, "isVisible": false}, "color image processing": {"name": "color image processing", "type": "topic", "h_index": 538, "h5_index": 171, "num_publications": 3, "num_citations": 42, "num_publications_5y": 0, "num_citations_5y": 1, "num_publications_10y": 0, "num_citations_10y": 7, "publications_years": {"1993": 3}, "citations_years": {"1995": 3, "1996": 0, "1997": 1, "1998": 1, "1999": 1, "2000": 0, "2001": 1, "2002": 3, "2003": 4, "2004": 3, "2005": 5, "2006": 5, "2007": 1, "2008": 4, "2009": 1, "2010": 0, "2011": 1, "2012": 3, "1993": 1, "1994": 1, "2013": 1, "2014": 1, "2015": 0, "2016": 0, "2017": 0, "2018": 0, "2019": 1}, "old_citations": {"1993": 42}, "isVisible": false}, "object recognition": {"name": "object recognition", "type": "topic", "h_index": 636, "h5_index": 229, "num_publications": 3, "num_citations": 45, "num_publications_5y": 0, "num_citations_5y": 1, "num_publications_10y": 0, "num_citations_10y": 8, "publications_years": {"1993": 3}, "citations_years": {"1996": 1, "1997": 2, "1998": 1, "1999": 1, "2000": 0, "2001": 1, "2002": 4, "2003": 4, "2004": 3, "2005": 5, "2006": 5, "2007": 1, "2008": 4, "2009": 2, "2010": 0, "2011": 1, "2012": 3, "1993": 1, "1994": 1, "1995": 2, "2013": 1, "2014": 1, "2015": 0, "2016": 0, "2017": 0, "2018": 0, "2019": 1}, "old_citations": {"1993": 45}, "isVisible": false}, "image quality": {"name": "image quality", "type": "topic", "h_index": 704, "h5_index": 206, "num_publications": 3, "num_citations": 42, "num_publications_5y": 0, "num_citations_5y": 1, "num_publications_10y": 0, "num_citations_10y": 7, "publications_years": {"1993": 3}, "citations_years": {"1995": 3, "1996": 0, "1997": 1, "1998": 1, "1999": 1, "2000": 0, "2001": 1, "2002": 3, "2003": 4, "2004": 3, "2005": 5, "2006": 5, "2007": 1, "2008": 4, "2009": 1, "2010": 0, "2011": 1, "2012": 3, "1993": 1, "1994": 1, "2013": 1, "2014": 1, "2015": 0, "2016": 0, "2017": 0, "2018": 0, "2019": 1}, "old_citations": {"1993": 42}, "isVisible": false}, "color difference": {"name": "color difference", "type": "topic", "h_index": 125, "h5_index": 21, "num_publications": 2, "num_citations": 41, "num_publications_5y": 0, "num_citations_5y": 1, "num_publications_10y": 0, "num_citations_10y": 7, "publications_years": {"1993": 2}, "citations_years": {"1995": 3, "1996": 0, "1997": 1, "1998": 1, "1999": 1, "2000": 0, "2001": 1, "2002": 3, "2003": 4, "2004": 3, "2005": 5, "2006": 5, "2007": 1, "2008": 4, "2009": 1, "2010": 0, "2011": 1, "2012": 3, "1993": 1, "1994": 0, "2013": 1, "2014": 1, "2015": 0, "2016": 0, "2017": 0, "2018": 0, "2019": 1}, "old_citations": {"1993": 41}, "isVisible": false}, "computer security": {"name": "computer security", "type": "topic", "h_index": 977, "h5_index": 220, "num_publications": 2, "num_citations": 41, "num_publications_5y": 0, "num_citations_5y": 1, "num_publications_10y": 0, "num_citations_10y": 6, "publications_years": {"1993": 2}, "citations_years": {"1995": 3, "1996": 1, "1993": 1, "1994": 0, "1997": 1, "1998": 1, "1999": 1, "2000": 0, "2001": 1, "2002": 3, "2003": 4, "2004": 3, "2005": 5, "2006": 5, "2007": 1, "2008": 4, "2009": 1, "2010": 0, "2011": 1, "2012": 2, "2013": 1, "2014": 1, "2015": 0, "2016": 0, "2017": 0, "2018": 0, "2019": 1}, "old_citations": {"1993": 41}, "isVisible": false}, "object segmentation": {"name": "object segmentation", "type": "topic", "h_index": 196, "h5_index": 83, "num_publications": 2, "num_citations": 40, "num_publications_5y": 0, "num_citations_5y": 1, "num_publications_10y": 0, "num_citations_10y": 6, "publications_years": {"1993": 2}, "citations_years": {"1993": 1, "1994": 1, "1995": 2, "1996": 0, "1997": 1, "1998": 1, "1999": 1, "2000": 0, "2001": 1, "2002": 3, "2003": 4, "2004": 3, "2005": 5, "2006": 5, "2007": 1, "2008": 4, "2009": 1, "2010": 0, "2011": 1, "2012": 2, "2013": 1, "2014": 1, "2015": 0, "2016": 0, "2017": 0, "2018": 0, "2019": 1}, "old_citations": {"1993": 40}, "isVisible": false}, "segmentation methods": {"name": "segmentation methods", "type": "topic", "h_index": 248, "h5_index": 87, "num_publications": 3, "num_citations": 40, "num_publications_5y": 0, "num_citations_5y": 1, "num_publications_10y": 0, "num_citations_10y": 6, "publications_years": {"1993": 3}, "citations_years": {"1993": 1, "1994": 1, "1995": 2, "1996": 0, "1997": 1, "1998": 1, "1999": 1, "2000": 0, "2001": 1, "2002": 3, "2003": 4, "2004": 3, "2005": 5, "2006": 5, "2007": 1, "2008": 4, "2009": 1, "2010": 0, "2011": 1, "2012": 2, "2013": 1, "2014": 1, "2015": 0, "2016": 0, "2017": 0, "2018": 0, "2019": 1}, "old_citations": {"1993": 40}, "isVisible": false}, "color images": {"name": "color images", "type": "topic", "h_index": 520, "h5_index": 170, "num_publications": 2, "num_citations": 39, "num_publications_5y": 0, "num_citations_5y": 1, "num_publications_10y": 0, "num_citations_10y": 6, "publications_years": {"1993": 2}, "citations_years": {"1993": 1, "1994": 1, "1995": 1, "1996": 0, "1997": 1, "1998": 1, "1999": 1, "2000": 0, "2001": 1, "2002": 3, "2003": 4, "2004": 3, "2005": 5, "2006": 5, "2007": 1, "2008": 4, "2009": 1, "2010": 0, "2011": 1, "2012": 2, "2013": 1, "2014": 1, "2015": 0, "2016": 0, "2017": 0, "2018": 0, "2019": 1}, "old_citations": {"1993": 39}, "isVisible": false}, "background subtraction": {"name": "background subtraction", "type": "topic", "h_index": 191, "h5_index": 54, "num_publications": 1, "num_citations": 38, "num_publications_5y": 0, "num_citations_5y": 1, "num_publications_10y": 0, "num_citations_10y": 6, "publications_years": {"1993": 1}, "citations_years": {"1993": 1, "1994": 0, "1995": 1, "1996": 0, "1997": 1, "1998": 1, "1999": 1, "2000": 0, "2001": 1, "2002": 3, "2003": 4, "2004": 3, "2005": 5, "2006": 5, "2007": 1, "2008": 4, "2009": 1, "2010": 0, "2011": 1, "2012": 2, "2013": 1, "2014": 1, "2015": 0, "2016": 0, "2017": 0, "2018": 0, "2019": 1}, "old_citations": {"1993": 38}, "isVisible": false}, "color classification": {"name": "color classification", "type": "topic", "h_index": 29, "h5_index": 4, "num_publications": 1, "num_citations": 38, "num_publications_5y": 0, "num_citations_5y": 1, "num_publications_10y": 0, "num_citations_10y": 6, "publications_years": {"1993": 1}, "citations_years": {"1993": 1, "1994": 0, "1995": 1, "1996": 0, "1997": 1, "1998": 1, "1999": 1, "2000": 0, "2001": 1, "2002": 3, "2003": 4, "2004": 3, "2005": 5, "2006": 5, "2007": 1, "2008": 4, "2009": 1, "2010": 0, "2011": 1, "2012": 2, "2013": 1, "2014": 1, "2015": 0, "2016": 0, "2017": 0, "2018": 0, "2019": 1}, "old_citations": {"1993": 38}, "isVisible": false}, "color component": {"name": "color component", "type": "topic", "h_index": 168, "h5_index": 39, "num_publications": 1, "num_citations": 38, "num_publications_5y": 0, "num_citations_5y": 1, "num_publications_10y": 0, "num_citations_10y": 6, "publications_years": {"1993": 1}, "citations_years": {"1993": 1, "1994": 0, "1995": 1, "1996": 0, "1997": 1, "1998": 1, "1999": 1, "2000": 0, "2001": 1, "2002": 3, "2003": 4, "2004": 3, "2005": 5, "2006": 5, "2007": 1, "2008": 4, "2009": 1, "2010": 0, "2011": 1, "2012": 2, "2013": 1, "2014": 1, "2015": 0, "2016": 0, "2017": 0, "2018": 0, "2019": 1}, "old_citations": {"1993": 38}, "isVisible": false}}, "authors": {"98586808": {"name": "thomas tolxdorff", "type": "author", "activity": 21, "h_index": 5, "h5_index": 0, "mag_id": "98586808", "num_publications": 2, "num_citations": 5, "num_publications_5y": 0, "num_citations_5y": 0, "num_publications_10y": 0, "num_citations_10y": 0, "publications_years": {"1993": 2}, "citations_years": {"1994": 2, "1995": 0, "1996": 0, "1997": 0, "1998": 1, "1999": 2}, "old_citations": {"1993": 5}, "isVisible": false}, "280701752": {"name": "walter g kropatsch", "type": "author", "activity": 30, "h_index": 14, "h5_index": 3, "mag_id": "280701752", "num_publications": 2, "num_citations": 0, "num_publications_5y": 0, "num_citations_5y": 0, "num_publications_10y": 0, "num_citations_10y": 0, "publications_years": {"1993": 2}, "citations_years": {}, "old_citations": {"1993": 0}, "isVisible": false}, "1761619106": {"name": "thomas schindewolf", "type": "author", "activity": 1, "h_index": 1, "h5_index": 0, "mag_id": "1761619106", "num_publications": 2, "num_citations": 6, "num_publications_5y": 0, "num_citations_5y": 0, "num_publications_10y": 0, "num_citations_10y": 0, "publications_years": {"1993": 2}, "citations_years": {"1997": 4, "1994": 1, "1995": 0, "1996": 0, "1998": 0, "1999": 0, "2000": 0, "2001": 0, "2002": 0, "2003": 0, "2004": 0, "2005": 0, "2006": 1}, "old_citations": {"1993": 6}, "isVisible": false}, "1922013106": {"name": "manfred joswig", "type": "author", "activity": 10, "h_index": 6, "h5_index": 0, "mag_id": "1922013106", "num_publications": 2, "num_citations": 0, "num_publications_5y": 0, "num_citations_5y": 0, "num_publications_10y": 0, "num_citations_10y": 0, "publications_years": {"1993": 2}, "citations_years": {}, "old_citations": {"1993": 0}, "isVisible": false}, "1966880082": {"name": "r albert", "type": "author", "activity": 1, "h_index": 1, "h5_index": 0, "mag_id": "1966880082", "num_publications": 2, "num_citations": 6, "num_publications_5y": 0, "num_citations_5y": 0, "num_publications_10y": 0, "num_citations_10y": 0, "publications_years": {"1993": 2}, "citations_years": {"1997": 4, "1994": 1, "1995": 0, "1996": 0, "1998": 0, "1999": 0, "2000": 0, "2001": 0, "2002": 0, "2003": 0, "2004": 0, "2005": 0, "2006": 1}, "old_citations": {"1993": 6}, "isVisible": false}, "2030686812": {"name": "gerhard sagerer", "type": "author", "activity": 28, "h_index": 30, "h5_index": 1, "mag_id": "2030686812", "num_publications": 2, "num_citations": 20, "num_publications_5y": 0, "num_citations_5y": 0, "num_publications_10y": 0, "num_citations_10y": 0, "publications_years": {"1993": 2}, "citations_years": {"1993": 1, "1994": 2, "1995": 5, "1996": 5, "1997": 2, "1998": 3, "1999": 2}, "old_citations": {"1993": 20}, "isVisible": false}, "2096075103": {"name": "georg hartmann", "type": "author", "activity": 11, "h_index": 7, "h5_index": 0, "mag_id": "2096075103", "num_publications": 2, "num_citations": 5, "num_publications_5y": 0, "num_citations_5y": 0, "num_publications_10y": 0, "num_citations_10y": 0, "publications_years": {"1993": 2}, "citations_years": {"1995": 1, "1996": 1, "1997": 1, "1998": 0, "1999": 2}, "old_citations": {"1993": 5}, "isVisible": false}, "2096993994": {"name": "h harms", "type": "author", "activity": 1, "h_index": 1, "h5_index": 0, "mag_id": "2096993994", "num_publications": 2, "num_citations": 6, "num_publications_5y": 0, "num_citations_5y": 0, "num_publications_10y": 0, "num_citations_10y": 0, "publications_years": {"1993": 2}, "citations_years": {"1997": 4, "1994": 1, "1995": 0, "1996": 0, "1998": 0, "1999": 0, "2000": 0, "2001": 0, "2002": 0, "2003": 0, "2004": 0, "2005": 0, "2006": 1}, "old_citations": {"1993": 6}, "isVisible": false}, "2159837319": {"name": "hans burkhardt", "type": "author", "activity": 23, "h_index": 22, "h5_index": 0, "mag_id": "2159837319", "num_publications": 2, "num_citations": 2, "num_publications_5y": 0, "num_citations_5y": 0, "num_publications_10y": 0, "num_citations_10y": 0, "publications_years": {"1993": 2}, "citations_years": {"1995": 2}, "old_citations": {"1993": 2}, "isVisible": false}, "2310609957": {"name": "an luo", "type": "author", "activity": 5, "h_index": 1, "h5_index": 0, "mag_id": "2310609957", "num_publications": 2, "num_citations": 2, "num_publications_5y": 0, "num_citations_5y": 0, "num_publications_10y": 0, "num_citations_10y": 0, "publications_years": {"1993": 2}, "citations_years": {"1995": 2}, "old_citations": {"1993": 2}, "isVisible": false}, "2510715328": {"name": "k bohndorf", "type": "author", "activity": 1, "h_index": 2, "h5_index": 0, "mag_id": "2510715328", "num_publications": 2, "num_citations": 5, "num_publications_5y": 0, "num_citations_5y": 0, "num_publications_10y": 0, "num_citations_10y": 0, "publications_years": {"1993": 2}, "citations_years": {"1994": 2, "1995": 0, "1996": 0, "1997": 0, "1998": 1, "1999": 2}, "old_citations": {"1993": 5}, "isVisible": false}, "2688825736": {"name": "gabriele lohmann", "type": "author", "activity": 1, "h_index": 1, "h5_index": 0, "mag_id": "2688825736", "num_publications": 2, "num_citations": 7, "num_publications_5y": 0, "num_citations_5y": 0, "num_publications_10y": 0, "num_citations_10y": 0, "publications_years": {"1993": 2}, "citations_years": {"1993": 1, "1994": 2, "1995": 2, "1996": 1, "1997": 0, "1998": 0, "1999": 0, "2000": 0, "2001": 0, "2002": 0, "2003": 0, "2004": 0, "2005": 0, "2006": 0, "2007": 1}, "old_citations": {"1993": 7}, "isVisible": false}, "2715952937": {"name": "erich pelikan", "type": "author", "activity": 5, "h_index": 2, "h5_index": 0, "mag_id": "2715952937", "num_publications": 2, "num_citations": 5, "num_publications_5y": 0, "num_citations_5y": 0, "num_publications_10y": 0, "num_citations_10y": 0, "publications_years": {"1993": 2}, "citations_years": {"1994": 2, "1995": 0, "1996": 0, "1997": 0, "1998": 1, "1999": 2}, "old_citations": {"1993": 5}, "isVisible": false}, "492030": {"name": "ralph neuneier", "type": "author", "activity": 16, "h_index": 12, "h5_index": 0, "mag_id": "492030", "num_publications": 1, "num_citations": 0, "num_publications_5y": 0, "num_citations_5y": 0, "num_publications_10y": 0, "num_citations_10y": 0, "publications_years": {"1993": 1}, "citations_years": {}, "old_citations": {"1993": 0}, "isVisible": false}, "35075524": {"name": "martin schlang", "type": "author", "activity": 20, "h_index": 2, "h5_index": 0, "mag_id": "35075524", "num_publications": 1, "num_citations": 0, "num_publications_5y": 0, "num_citations_5y": 0, "num_publications_10y": 0, "num_citations_10y": 0, "publications_years": {"1993": 1}, "citations_years": {}, "old_citations": {"1993": 0}, "isVisible": false}, "216373294": {"name": "franz kummert", "type": "author", "activity": 29, "h_index": 14, "h5_index": 4, "mag_id": "216373294", "num_publications": 1, "num_citations": 12, "num_publications_5y": 0, "num_citations_5y": 0, "num_publications_10y": 0, "num_citations_10y": 0, "publications_years": {"1993": 1}, "citations_years": {"1993": 1, "1994": 2, "1995": 3, "1996": 4, "1997": 0, "1998": 1, "1999": 1}, "old_citations": {"1993": 12}, "isVisible": false}, "244528124": {"name": "herbert suesse", "type": "author", "activity": 17, "h_index": 6, "h5_index": 0, "mag_id": "244528124", "num_publications": 1, "num_citations": 1, "num_publications_5y": 0, "num_citations_5y": 0, "num_publications_10y": 0, "num_citations_10y": 0, "publications_years": {"1993": 1}, "citations_years": {"1998": 1}, "old_citations": {"1993": 1}, "isVisible": false}, "351258361": {"name": "b baumung", "type": "author", "activity": 1, "h_index": 0, "h5_index": 0, "mag_id": "351258361", "num_publications": 1, "num_citations": 0, "num_publications_5y": 0, "num_citations_5y": 0, "num_publications_10y": 0, "num_citations_10y": 0, "publications_years": {"1993": 1}, "citations_years": {}, "old_citations": {"1993": 0}, "isVisible": false}, "367551089": {"name": "ulrich buker", "type": "author", "activity": 15, "h_index": 3, "h5_index": 0, "mag_id": "367551089", "num_publications": 1, "num_citations": 2, "num_publications_5y": 0, "num_citations_5y": 0, "num_publications_10y": 0, "num_citations_10y": 0, "publications_years": {"1993": 1}, "citations_years": {"1995": 1, "1996": 0, "1997": 0, "1998": 0, "1999": 1}, "old_citations": {"1993": 2}, "isVisible": false}, "423020105": {"name": "b lauerbach", "type": "author", "activity": 1, "h_index": 0, "h5_index": 0, "mag_id": "423020105", "num_publications": 1, "num_citations": 0, "num_publications_5y": 0, "num_citations_5y": 0, "num_publications_10y": 0, "num_citations_10y": 0, "publications_years": {"1993": 1}, "citations_years": {}, "old_citations": {"1993": 0}, "isVisible": false}, "619404099": {"name": "m eiselt", "type": "author", "activity": 16, "h_index": 6, "h5_index": 0, "mag_id": "619404099", "num_publications": 1, "num_citations": 3, "num_publications_5y": 0, "num_citations_5y": 0, "num_publications_10y": 0, "num_citations_10y": 0, "publications_years": {"1993": 1}, "citations_years": {"1996": 2, "1997": 0, "1998": 0, "1999": 0, "2000": 0, "2001": 1}, "old_citations": {"1993": 3}, "isVisible": false}, "662579795": {"name": "siegbert drue", "type": "author", "activity": 11, "h_index": 5, "h5_index": 0, "mag_id": "662579795", "num_publications": 1, "num_citations": 3, "num_publications_5y": 0, "num_citations_5y": 0, "num_publications_10y": 0, "num_citations_10y": 0, "publications_years": {"1993": 1}, "citations_years": {"1996": 1, "1997": 1, "1998": 0, "1999": 1}, "old_citations": {"1993": 3}, "isVisible": false}, "673423508": {"name": "h siegfried stiehl", "type": "author", "activity": 27, "h_index": 10, "h5_index": 2, "mag_id": "673423508", "num_publications": 1, "num_citations": 0, "num_publications_5y": 0, "num_citations_5y": 0, "num_publications_10y": 0, "num_citations_10y": 0, "publications_years": {"1993": 1}, "citations_years": {}, "old_citations": {"1993": 0}, "isVisible": false}, "721992076": {"name": "eberhard mandler", "type": "author", "activity": 6, "h_index": 6, "h5_index": 0, "mag_id": "721992076", "num_publications": 1, "num_citations": 8, "num_publications_5y": 0, "num_citations_5y": 0, "num_publications_10y": 0, "num_citations_10y": 0, "publications_years": {"1993": 1}, "citations_years": {"1997": 4, "1998": 2, "1999": 2}, "old_citations": {"1993": 8}, "isVisible": false}, "1896636059": {"name": "a doering", "type": "author", "activity": 7, "h_index": 3, "h5_index": 0, "mag_id": "1896636059", "num_publications": 1, "num_citations": 3, "num_publications_5y": 0, "num_citations_5y": 0, "num_publications_10y": 0, "num_citations_10y": 0, "publications_years": {"1993": 1}, "citations_years": {"1996": 2, "1997": 0, "1998": 0, "1999": 0, "2000": 0, "2001": 1}, "old_citations": {"1993": 3}, "isVisible": false}, "1934629602": {"name": "gabor szekely", "type": "author", "activity": 26, "h_index": 25, "h5_index": 2, "mag_id": "1934629602", "num_publications": 1, "num_citations": 2, "num_publications_5y": 0, "num_citations_5y": 0, "num_publications_10y": 0, "num_citations_10y": 0, "publications_years": {"1993": 1}, "citations_years": {"1994": 1, "1995": 0, "1996": 0, "1997": 1}, "old_citations": {"1993": 2}, "isVisible": false}, "1956205722": {"name": "eckart hundt", "type": "author", "activity": 15, "h_index": 3, "h5_index": 0, "mag_id": "1956205722", "num_publications": 1, "num_citations": 0, "num_publications_5y": 0, "num_citations_5y": 0, "num_publications_10y": 0, "num_citations_10y": 0, "publications_years": {"1993": 1}, "citations_years": {}, "old_citations": {"1993": 0}, "isVisible": false}, "1963661146": {"name": "t pomierski", "type": "author", "activity": 3, "h_index": 2, "h5_index": 0, "mag_id": "1963661146", "num_publications": 1, "num_citations": 0, "num_publications_5y": 0, "num_citations_5y": 0, "num_publications_10y": 0, "num_citations_10y": 0, "publications_years": {"1993": 1}, "citations_years": {}, "old_citations": {"1993": 0}, "isVisible": false}, "1971251582": {"name": "dietrich meyerebrecht", "type": "author", "activity": 27, "h_index": 11, "h5_index": 1, "mag_id": "1971251582", "num_publications": 1, "num_citations": 3, "num_publications_5y": 0, "num_citations_5y": 0, "num_publications_10y": 0, "num_citations_10y": 1, "publications_years": {"1993": 1}, "citations_years": {"1994": 1, "1995": 0, "1996": 0, "1997": 1, "1998": 0, "1999": 0, "2000": 0, "2001": 0, "2002": 0, "2003": 0, "2004": 0, "2005": 0, "2006": 0, "2007": 0, "2008": 0, "2009": 0, "2010": 0, "2011": 1}, "old_citations": {"1993": 3}, "isVisible": false}, "1995823792": {"name": "r effert", "type": "author", "activity": 2, "h_index": 2, "h5_index": 0, "mag_id": "1995823792", "num_publications": 1, "num_citations": 3, "num_publications_5y": 0, "num_citations_5y": 0, "num_publications_10y": 0, "num_citations_10y": 1, "publications_years": {"1993": 1}, "citations_years": {"1994": 1, "1995": 0, "1996": 0, "1997": 1, "1998": 0, "1999": 0, "2000": 0, "2001": 0, "2002": 0, "2003": 0, "2004": 0, "2005": 0, "2006": 0, "2007": 0, "2008": 0, "2009": 0, "2010": 0, "2011": 1}, "old_citations": {"1993": 3}, "isVisible": false}, "1996858318": {"name": "axel pinz", "type": "author", "activity": 31, "h_index": 28, "h5_index": 11, "mag_id": "1996858318", "num_publications": 1, "num_citations": 3, "num_publications_5y": 0, "num_citations_5y": 0, "num_publications_10y": 0, "num_citations_10y": 0, "publications_years": {"1993": 1}, "citations_years": {"1995": 2, "1996": 1}, "old_citations": {"1993": 3}, "isVisible": false}, "1998387194": {"name": "olaf kubler", "type": "author", "activity": 9, "h_index": 11, "h5_index": 0, "mag_id": "1998387194", "num_publications": 1, "num_citations": 2, "num_publications_5y": 0, "num_citations_5y": 0, "num_publications_10y": 0, "num_citations_10y": 0, "publications_years": {"1993": 1}, "citations_years": {"1994": 1, "1995": 0, "1996": 0, "1997": 1}, "old_citations": {"1993": 2}, "isVisible": false}, "2002400972": {"name": "robert kutka", "type": "author", "activity": 23, "h_index": 6, "h5_index": 0, "mag_id": "2002400972", "num_publications": 1, "num_citations": 1, "num_publications_5y": 0, "num_citations_5y": 0, "num_publications_10y": 0, "num_citations_10y": 0, "publications_years": {"1993": 1}, "citations_years": {"1996": 1}, "old_citations": {"1993": 1}, "isVisible": false}, "2023381227": {"name": "eeri kask", "type": "author", "activity": 10, "h_index": 1, "h5_index": 0, "mag_id": "2023381227", "num_publications": 1, "num_citations": 0, "num_publications_5y": 0, "num_citations_5y": 0, "num_publications_10y": 0, "num_citations_10y": 0, "publications_years": {"1993": 1}, "citations_years": {}, "old_citations": {"1993": 0}, "isVisible": false}, "2030594515": {"name": "f reisner", "type": "author", "activity": 1, "h_index": 0, "h5_index": 0, "mag_id": "2030594515", "num_publications": 1, "num_citations": 0, "num_publications_5y": 0, "num_citations_5y": 0, "num_publications_10y": 0, "num_citations_10y": 0, "publications_years": {"1993": 1}, "citations_years": {}, "old_citations": {"1993": 0}, "isVisible": false}, "2032122550": {"name": "gosta h granlund", "type": "author", "activity": 20, "h_index": 15, "h5_index": 0, "mag_id": "2032122550", "num_publications": 1, "num_citations": 1, "num_publications_5y": 0, "num_citations_5y": 0, "num_publications_10y": 0, "num_citations_10y": 0, "publications_years": {"1993": 1}, "citations_years": {"1994": 1}, "old_citations": {"1993": 1}, "isVisible": false}, "2042596748": {"name": "a kaupp", "type": "author", "activity": 2, "h_index": 2, "h5_index": 0, "mag_id": "2042596748", "num_publications": 1, "num_citations": 3, "num_publications_5y": 0, "num_citations_5y": 0, "num_publications_10y": 0, "num_citations_10y": 1, "publications_years": {"1993": 1}, "citations_years": {"1994": 1, "1995": 0, "1996": 0, "1997": 1, "1998": 0, "1999": 0, "2000": 0, "2001": 0, "2002": 0, "2003": 0, "2004": 0, "2005": 0, "2006": 0, "2007": 0, "2008": 0, "2009": 0, "2010": 0, "2011": 1}, "old_citations": {"1993": 3}, "isVisible": false}, "2052710319": {"name": "peter regelbrietzmann", "type": "author", "activity": 17, "h_index": 7, "h5_index": 0, "mag_id": "2052710319", "num_publications": 1, "num_citations": 8, "num_publications_5y": 0, "num_citations_5y": 0, "num_publications_10y": 0, "num_citations_10y": 0, "publications_years": {"1993": 1}, "citations_years": {"1997": 4, "1998": 2, "1999": 2}, "old_citations": {"1993": 8}, "isVisible": false}, "2066921112": {"name": "wlodzimierz kasprzak", "type": "author", "activity": 27, "h_index": 11, "h5_index": 2, "mag_id": "2066921112", "num_publications": 1, "num_citations": 0, "num_publications_5y": 0, "num_citations_5y": 0, "num_publications_10y": 0, "num_citations_10y": 0, "publications_years": {"1993": 1}, "citations_years": {}, "old_citations": {"1993": 0}, "isVisible": false}, "2074533385": {"name": "d hoyer", "type": "author", "activity": 24, "h_index": 8, "h5_index": 1, "mag_id": "2074533385", "num_publications": 1, "num_citations": 3, "num_publications_5y": 0, "num_citations_5y": 0, "num_publications_10y": 0, "num_citations_10y": 0, "publications_years": {"1993": 1}, "citations_years": {"1996": 2, "1997": 0, "1998": 0, "1999": 0, "2000": 0, "2001": 1}, "old_citations": {"1993": 3}, "isVisible": false}, "2093344641": {"name": "alfred kaltenmeier", "type": "author", "activity": 15, "h_index": 8, "h5_index": 0, "mag_id": "2093344641", "num_publications": 1, "num_citations": 8, "num_publications_5y": 0, "num_citations_5y": 0, "num_publications_10y": 0, "num_citations_10y": 0, "publications_years": {"1993": 1}, "citations_years": {"1997": 4, "1998": 2, "1999": 2}, "old_citations": {"1993": 8}, "isVisible": false}, "2096317939": {"name": "karl rohr", "type": "author", "activity": 28, "h_index": 18, "h5_index": 4, "mag_id": "2096317939", "num_publications": 1, "num_citations": 1, "num_publications_5y": 0, "num_citations_5y": 0, "num_publications_10y": 0, "num_citations_10y": 0, "publications_years": {"1993": 1}, "citations_years": {"1997": 1}, "old_citations": {"1993": 1}, "isVisible": false}, "2098747177": {"name": "andrew j worth", "type": "author", "activity": 17, "h_index": 7, "h5_index": 0, "mag_id": "2098747177", "num_publications": 1, "num_citations": 0, "num_publications_5y": 0, "num_citations_5y": 0, "num_publications_10y": 0, "num_citations_10y": 0, "publications_years": {"1993": 1}, "citations_years": {}, "old_citations": {"1993": 0}, "isVisible": false}, "2100069631": {"name": "stefan posch", "type": "author", "activity": 28, "h_index": 10, "h5_index": 2, "mag_id": "2100069631", "num_publications": 1, "num_citations": 12, "num_publications_5y": 0, "num_citations_5y": 0, "num_publications_10y": 0, "num_citations_10y": 0, "publications_years": {"1993": 1}, "citations_years": {"1993": 1, "1994": 2, "1995": 3, "1996": 4, "1997": 0, "1998": 1, "1999": 1}, "old_citations": {"1993": 12}, "isVisible": false}, "2101322202": {"name": "herbert witte", "type": "author", "activity": 25, "h_index": 13, "h5_index": 4, "mag_id": "2101322202", "num_publications": 1, "num_citations": 3, "num_publications_5y": 0, "num_citations_5y": 0, "num_publications_10y": 0, "num_citations_10y": 0, "publications_years": {"1993": 1}, "citations_years": {"1996": 2, "1997": 0, "1998": 0, "1999": 0, "2000": 0, "2001": 1}, "old_citations": {"1993": 3}, "isVisible": false}, "2105617761": {"name": "andrea meyering", "type": "author", "activity": 2, "h_index": 4, "h5_index": 0, "mag_id": "2105617761", "num_publications": 1, "num_citations": 12, "num_publications_5y": 0, "num_citations_5y": 0, "num_publications_10y": 0, "num_citations_10y": 0, "publications_years": {"1993": 1}, "citations_years": {"1993": 1, "1994": 2, "1995": 3, "1996": 4, "1997": 0, "1998": 1, "1999": 1}, "old_citations": {"1993": 12}, "isVisible": false}, "2111543249": {"name": "c black", "type": "author", "activity": 1, "h_index": 0, "h5_index": 0, "mag_id": "2111543249", "num_publications": 1, "num_citations": 0, "num_publications_5y": 0, "num_citations_5y": 0, "num_publications_10y": 0, "num_citations_10y": 0, "publications_years": {"1993": 1}, "citations_years": {}, "old_citations": {"1993": 0}, "isVisible": false}, "2114361001": {"name": "helge ritter", "type": "author", "activity": 31, "h_index": 37, "h5_index": 5, "mag_id": "2114361001", "num_publications": 1, "num_citations": 12, "num_publications_5y": 0, "num_citations_5y": 0, "num_publications_10y": 0, "num_citations_10y": 0, "publications_years": {"1993": 1}, "citations_years": {"1993": 1, "1994": 2, "1995": 3, "1996": 4, "1997": 0, "1998": 1, "1999": 1}, "old_citations": {"1993": 12}, "isVisible": false}, "2122202884": {"name": "l altamirano robles", "type": "author", "activity": 3, "h_index": 2, "h5_index": 0, "mag_id": "2122202884", "num_publications": 1, "num_citations": 6, "num_publications_5y": 0, "num_citations_5y": 0, "num_publications_10y": 0, "num_citations_10y": 0, "publications_years": {"1993": 1}, "citations_years": {"1993": 1, "1994": 1, "1995": 2, "1996": 1, "1997": 0, "1998": 0, "1999": 0, "2000": 0, "2001": 0, "2002": 0, "2003": 0, "2004": 0, "2005": 0, "2006": 0, "2007": 1}, "old_citations": {"1993": 6}, "isVisible": false}, "2129074962": {"name": "heinrich niemann", "type": "author", "activity": 24, "h_index": 32, "h5_index": 0, "mag_id": "2129074962", "num_publications": 1, "num_citations": 1, "num_publications_5y": 0, "num_citations_5y": 0, "num_publications_10y": 0, "num_citations_10y": 0, "publications_years": {"1993": 1}, "citations_years": {"1995": 1}, "old_citations": {"1993": 1}, "isVisible": false}, "2133083528": {"name": "horstmichael gross", "type": "author", "activity": 29, "h_index": 24, "h5_index": 6, "mag_id": "2133083528", "num_publications": 1, "num_citations": 0, "num_publications_5y": 0, "num_citations_5y": 0, "num_publications_10y": 0, "num_citations_10y": 0, "publications_years": {"1993": 1}, "citations_years": {}, "old_citations": {"1993": 0}, "isVisible": false}, "2138280970": {"name": "gerald sommer", "type": "author", "activity": 25, "h_index": 22, "h5_index": 1, "mag_id": "2138280970", "num_publications": 1, "num_citations": 0, "num_publications_5y": 0, "num_citations_5y": 0, "num_publications_10y": 0, "num_citations_10y": 0, "publications_years": {"1993": 1}, "citations_years": {}, "old_citations": {"1993": 0}, "isVisible": false}, "2142966380": {"name": "ulrich eckhardt", "type": "author", "activity": 11, "h_index": 4, "h5_index": 0, "mag_id": "2142966380", "num_publications": 1, "num_citations": 0, "num_publications_5y": 0, "num_citations_5y": 0, "num_publications_10y": 0, "num_citations_10y": 0, "publications_years": {"1993": 1}, "citations_years": {}, "old_citations": {"1993": 0}, "isVisible": false}, "2158631190": {"name": "hartmut heinrich", "type": "author", "activity": 17, "h_index": 2, "h5_index": 0, "mag_id": "2158631190", "num_publications": 1, "num_citations": 2, "num_publications_5y": 0, "num_citations_5y": 0, "num_publications_10y": 0, "num_citations_10y": 0, "publications_years": {"1993": 1}, "citations_years": {"1999": 1, "2000": 0, "2001": 0, "2002": 1}, "old_citations": {"1993": 2}, "isVisible": false}, "2165961942": {"name": "david n kennedy", "type": "author", "activity": 30, "h_index": 17, "h5_index": 7, "mag_id": "2165961942", "num_publications": 1, "num_citations": 0, "num_publications_5y": 0, "num_citations_5y": 0, "num_publications_10y": 0, "num_citations_10y": 0, "publications_years": {"1993": 1}, "citations_years": {}, "old_citations": {"1993": 0}, "isVisible": false}, "2167994421": {"name": "klaus voss", "type": "author", "activity": 14, "h_index": 4, "h5_index": 0, "mag_id": "2167994421", "num_publications": 1, "num_citations": 1, "num_publications_5y": 0, "num_citations_5y": 0, "num_publications_10y": 0, "num_citations_10y": 0, "publications_years": {"1993": 1}, "citations_years": {"1998": 1}, "old_citations": {"1993": 1}, "isVisible": false}, "2182248209": {"name": "werner schneider", "type": "author", "activity": 16, "h_index": 3, "h5_index": 0, "mag_id": "2182248209", "num_publications": 1, "num_citations": 3, "num_publications_5y": 0, "num_citations_5y": 0, "num_publications_10y": 0, "num_citations_10y": 0, "publications_years": {"1993": 1}, "citations_years": {"1995": 2, "1996": 1}, "old_citations": {"1993": 3}, "isVisible": false}, "2191181116": {"name": "lutz priese", "type": "author", "activity": 24, "h_index": 9, "h5_index": 0, "mag_id": "2191181116", "num_publications": 1, "num_citations": 38, "num_publications_5y": 0, "num_citations_5y": 1, "num_publications_10y": 0, "num_citations_10y": 6, "publications_years": {"1993": 1}, "citations_years": {"1993": 1, "1994": 0, "1995": 1, "1996": 0, "1997": 1, "1998": 1, "1999": 1, "2000": 0, "2001": 1, "2002": 3, "2003": 4, "2004": 3, "2005": 5, "2006": 5, "2007": 1, "2008": 4, "2009": 1, "2010": 0, "2011": 1, "2012": 2, "2013": 1, "2014": 1, "2015": 0, "2016": 0, "2017": 0, "2018": 0, "2019": 1}, "old_citations": {"1993": 38}, "isVisible": false}, "2194938673": {"name": "gert griesbach", "type": "author", "activity": 1, "h_index": 1, "h5_index": 0, "mag_id": "2194938673", "num_publications": 1, "num_citations": 3, "num_publications_5y": 0, "num_citations_5y": 0, "num_publications_10y": 0, "num_citations_10y": 0, "publications_years": {"1993": 1}, "citations_years": {"1996": 2, "1997": 0, "1998": 0, "1999": 0, "2000": 0, "2001": 1}, "old_citations": {"1993": 3}, "isVisible": false}, "2195296034": {"name": "heiko neumann", "type": "author", "activity": 28, "h_index": 22, "h5_index": 4, "mag_id": "2195296034", "num_publications": 1, "num_citations": 0, "num_publications_5y": 0, "num_citations_5y": 0, "num_publications_10y": 0, "num_citations_10y": 0, "publications_years": {"1993": 1}, "citations_years": {}, "old_citations": {"1993": 0}, "isVisible": false}, "2241417008": {"name": "wolfgang eckstein", "type": "author", "activity": 16, "h_index": 6, "h5_index": 0, "mag_id": "2241417008", "num_publications": 1, "num_citations": 6, "num_publications_5y": 0, "num_citations_5y": 0, "num_publications_10y": 0, "num_citations_10y": 0, "publications_years": {"1993": 1}, "citations_years": {"1993": 1, "1994": 1, "1995": 2, "1996": 1, "1997": 0, "1998": 0, "1999": 0, "2000": 0, "2001": 0, "2002": 0, "2003": 0, "2004": 0, "2005": 0, "2006": 0, "2007": 1}, "old_citations": {"1993": 6}, "isVisible": false}, "2274086031": {"name": "h meier", "type": "author", "activity": 1, "h_index": 1, "h5_index": 0, "mag_id": "2274086031", "num_publications": 1, "num_citations": 2, "num_publications_5y": 0, "num_citations_5y": 0, "num_publications_10y": 0, "num_citations_10y": 0, "publications_years": {"1993": 1}, "citations_years": {"1996": 2}, "old_citations": {"1993": 2}, "isVisible": false}, "2275145244": {"name": "hubert ausermeier", "type": "author", "activity": 1, "h_index": 1, "h5_index": 0, "mag_id": "2275145244", "num_publications": 1, "num_citations": 2, "num_publications_5y": 0, "num_citations_5y": 0, "num_publications_10y": 0, "num_citations_10y": 0, "publications_years": {"1993": 1}, "citations_years": {"1995": 1, "1996": 0, "1997": 0, "1998": 0, "1999": 1}, "old_citations": {"1993": 2}, "isVisible": false}, "2276616170": {"name": "u meyergruhl", "type": "author", "activity": 1, "h_index": 1, "h5_index": 0, "mag_id": "2276616170", "num_publications": 1, "num_citations": 6, "num_publications_5y": 0, "num_citations_5y": 0, "num_publications_10y": 0, "num_citations_10y": 0, "publications_years": {"1993": 1}, "citations_years": {"1993": 1, "1994": 1, "1995": 2, "1996": 1, "1997": 0, "1998": 0, "1999": 0, "2000": 0, "2001": 0, "2002": 0, "2003": 0, "2004": 0, "2005": 0, "2006": 0, "2007": 1}, "old_citations": {"1993": 6}, "isVisible": false}, "2279143828": {"name": "b nigbur", "type": "author", "activity": 1, "h_index": 0, "h5_index": 0, "mag_id": "2279143828", "num_publications": 1, "num_citations": 0, "num_publications_5y": 0, "num_citations_5y": 0, "num_publications_10y": 0, "num_citations_10y": 0, "publications_years": {"1993": 1}, "citations_years": {}, "old_citations": {"1993": 0}, "isVisible": false}, "2279335897": {"name": "sabine zehetbauer", "type": "author", "activity": 1, "h_index": 1, "h5_index": 0, "mag_id": "2279335897", "num_publications": 1, "num_citations": 5, "num_publications_5y": 0, "num_citations_5y": 0, "num_publications_10y": 0, "num_citations_10y": 0, "publications_years": {"1993": 1}, "citations_years": {"1995": 2, "1996": 3}, "old_citations": {"1993": 5}, "isVisible": false}, "2281103384": {"name": "gerhard zimmermann", "type": "author", "activity": 23, "h_index": 6, "h5_index": 0, "mag_id": "2281103384", "num_publications": 1, "num_citations": 3, "num_publications_5y": 0, "num_citations_5y": 0, "num_publications_10y": 0, "num_citations_10y": 0, "publications_years": {"1993": 1}, "citations_years": {"1994": 2, "1995": 0, "1996": 0, "1997": 1}, "old_citations": {"1993": 3}, "isVisible": false}, "2296178707": {"name": "sebastian stier", "type": "author", "activity": 3, "h_index": 2, "h5_index": 0, "mag_id": "2296178707", "num_publications": 1, "num_citations": 1, "num_publications_5y": 0, "num_citations_5y": 0, "num_publications_10y": 0, "num_citations_10y": 0, "publications_years": {"1993": 1}, "citations_years": {"1996": 1}, "old_citations": {"1993": 1}, "isVisible": false}, "2302703509": {"name": "boris flach", "type": "author", "activity": 27, "h_index": 4, "h5_index": 2, "mag_id": "2302703509", "num_publications": 1, "num_citations": 0, "num_publications_5y": 0, "num_citations_5y": 0, "num_publications_10y": 0, "num_citations_10y": 0, "publications_years": {"1993": 1}, "citations_years": {}, "old_citations": {"1993": 0}, "isVisible": false}, "2302946035": {"name": "enno littmann", "type": "author", "activity": 9, "h_index": 8, "h5_index": 0, "mag_id": "2302946035", "num_publications": 1, "num_citations": 12, "num_publications_5y": 0, "num_citations_5y": 0, "num_publications_10y": 0, "num_citations_10y": 0, "publications_years": {"1993": 1}, "citations_years": {"1993": 1, "1994": 2, "1995": 3, "1996": 4, "1997": 0, "1998": 1, "1999": 1}, "old_citations": {"1993": 12}, "isVisible": false}, "2303078366": {"name": "j h builtjes", "type": "author", "activity": 4, "h_index": 2, "h5_index": 0, "mag_id": "2303078366", "num_publications": 1, "num_citations": 0, "num_publications_5y": 0, "num_citations_5y": 0, "num_publications_10y": 0, "num_citations_10y": 0, "publications_years": {"1993": 1}, "citations_years": {}, "old_citations": {"1993": 0}, "isVisible": false}, "2304814329": {"name": "dieter willersinn", "type": "author", "activity": 3, "h_index": 2, "h5_index": 0, "mag_id": "2304814329", "num_publications": 1, "num_citations": 0, "num_publications_5y": 0, "num_citations_5y": 0, "num_publications_10y": 0, "num_citations_10y": 0, "publications_years": {"1993": 1}, "citations_years": {}, "old_citations": {"1993": 0}, "isVisible": false}, "2305403786": {"name": "volker rehrmann", "type": "author", "activity": 9, "h_index": 6, "h5_index": 0, "mag_id": "2305403786", "num_publications": 1, "num_citations": 38, "num_publications_5y": 0, "num_citations_5y": 1, "num_publications_10y": 0, "num_citations_10y": 6, "publications_years": {"1993": 1}, "citations_years": {"1993": 1, "1994": 0, "1995": 1, "1996": 0, "1997": 1, "1998": 1, "1999": 1, "2000": 0, "2001": 1, "2002": 3, "2003": 4, "2004": 3, "2005": 5, "2006": 5, "2007": 1, "2008": 4, "2009": 1, "2010": 0, "2011": 1, "2012": 2, "2013": 1, "2014": 1, "2015": 0, "2016": 0, "2017": 0, "2018": 0, "2019": 1}, "old_citations": {"1993": 38}, "isVisible": false}, "2310120441": {"name": "renate bartl", "type": "author", "activity": 3, "h_index": 2, "h5_index": 0, "mag_id": "2310120441", "num_publications": 1, "num_citations": 3, "num_publications_5y": 0, "num_citations_5y": 0, "num_publications_10y": 0, "num_citations_10y": 0, "publications_years": {"1993": 1}, "citations_years": {"1995": 2, "1996": 1}, "old_citations": {"1993": 3}, "isVisible": false}, "2314973757": {"name": "u dreher", "type": "author", "activity": 1, "h_index": 0, "h5_index": 0, "mag_id": "2314973757", "num_publications": 1, "num_citations": 0, "num_publications_5y": 0, "num_citations_5y": 0, "num_publications_10y": 0, "num_citations_10y": 0, "publications_years": {"1993": 1}, "citations_years": {}, "old_citations": {"1993": 0}, "isVisible": false}, "2315429309": {"name": "r osterland", "type": "author", "activity": 1, "h_index": 0, "h5_index": 0, "mag_id": "2315429309", "num_publications": 1, "num_citations": 0, "num_publications_5y": 0, "num_citations_5y": 0, "num_publications_10y": 0, "num_citations_10y": 0, "publications_years": {"1993": 1}, "citations_years": {}, "old_citations": {"1993": 0}, "isVisible": false}, "2329936526": {"name": "t leditzky", "type": "author", "activity": 1, "h_index": 0, "h5_index": 0, "mag_id": "2329936526", "num_publications": 1, "num_citations": 0, "num_publications_5y": 0, "num_citations_5y": 0, "num_publications_10y": 0, "num_citations_10y": 0, "publications_years": {"1993": 1}, "citations_years": {}, "old_citations": {"1993": 0}, "isVisible": false}, "2346230563": {"name": "fritz class", "type": "author", "activity": 16, "h_index": 8, "h5_index": 0, "mag_id": "2346230563", "num_publications": 1, "num_citations": 8, "num_publications_5y": 0, "num_citations_5y": 0, "num_publications_10y": 0, "num_citations_10y": 0, "publications_years": {"1993": 1}, "citations_years": {"1997": 4, "1998": 2, "1999": 2}, "old_citations": {"1993": 8}, "isVisible": false}, "2401159163": {"name": "ernst gunter schukattalamazzini", "type": "author", "activity": 19, "h_index": 11, "h5_index": 0, "mag_id": "2401159163", "num_publications": 1, "num_citations": 1, "num_publications_5y": 0, "num_citations_5y": 0, "num_publications_10y": 0, "num_citations_10y": 0, "publications_years": {"1993": 1}, "citations_years": {"1995": 1}, "old_citations": {"1993": 1}, "isVisible": false}, "2435597105": {"name": "robert l ogniewicz", "type": "author", "activity": 1, "h_index": 1, "h5_index": 0, "mag_id": "2435597105", "num_publications": 1, "num_citations": 2, "num_publications_5y": 0, "num_citations_5y": 0, "num_publications_10y": 0, "num_citations_10y": 0, "publications_years": {"1993": 1}, "citations_years": {"1994": 1, "1995": 0, "1996": 0, "1997": 1}, "old_citations": {"1993": 2}, "isVisible": false}, "2441549347": {"name": "miroslaw galicki", "type": "author", "activity": 27, "h_index": 10, "h5_index": 1, "mag_id": "2441549347", "num_publications": 1, "num_citations": 3, "num_publications_5y": 0, "num_citations_5y": 0, "num_publications_10y": 0, "num_citations_10y": 0, "publications_years": {"1993": 1}, "citations_years": {"1996": 2, "1997": 0, "1998": 0, "1999": 0, "2000": 0, "2001": 1}, "old_citations": {"1993": 3}, "isVisible": false}, "2469441912": {"name": "markus michaelis", "type": "author", "activity": 7, "h_index": 5, "h5_index": 0, "mag_id": "2469441912", "num_publications": 1, "num_citations": 0, "num_publications_5y": 0, "num_citations_5y": 0, "num_publications_10y": 0, "num_citations_10y": 0, "publications_years": {"1993": 1}, "citations_years": {}, "old_citations": {"1993": 0}, "isVisible": false}, "2470407533": {"name": "andreas busch", "type": "author", "activity": 1, "h_index": 0, "h5_index": 0, "mag_id": "2470407533", "num_publications": 1, "num_citations": 0, "num_publications_5y": 0, "num_citations_5y": 0, "num_publications_10y": 0, "num_citations_10y": 0, "publications_years": {"1993": 1}, "citations_years": {}, "old_citations": {"1993": 0}, "isVisible": false}, "2474477312": {"name": "w efenberger", "type": "author", "activity": 4, "h_index": 2, "h5_index": 0, "mag_id": "2474477312", "num_publications": 1, "num_citations": 2, "num_publications_5y": 0, "num_citations_5y": 0, "num_publications_10y": 0, "num_citations_10y": 0, "publications_years": {"1993": 1}, "citations_years": {"1996": 2}, "old_citations": {"1993": 2}, "isVisible": false}, "2500410053": {"name": "k gartner", "type": "author", "activity": 1, "h_index": 0, "h5_index": 0, "mag_id": "2500410053", "num_publications": 1, "num_citations": 0, "num_publications_5y": 0, "num_citations_5y": 0, "num_publications_10y": 0, "num_citations_10y": 0, "publications_years": {"1993": 1}, "citations_years": {}, "old_citations": {"1993": 0}, "isVisible": false}, "2505697512": {"name": "d mori", "type": "author", "activity": 5, "h_index": 1, "h5_index": 0, "mag_id": "2505697512", "num_publications": 1, "num_citations": 0, "num_publications_5y": 0, "num_citations_5y": 0, "num_publications_10y": 0, "num_citations_10y": 0, "publications_years": {"1993": 1}, "citations_years": {}, "old_citations": {"1993": 0}, "isVisible": false}, "2506432050": {"name": "joachim glogler", "type": "author", "activity": 1, "h_index": 1, "h5_index": 0, "mag_id": "2506432050", "num_publications": 1, "num_citations": 8, "num_publications_5y": 0, "num_citations_5y": 0, "num_publications_10y": 0, "num_citations_10y": 0, "publications_years": {"1993": 1}, "citations_years": {"1997": 4, "1998": 2, "1999": 2}, "old_citations": {"1993": 8}, "isVisible": false}, "2510264820": {"name": "roman koutny", "type": "author", "activity": 1, "h_index": 1, "h5_index": 0, "mag_id": "2510264820", "num_publications": 1, "num_citations": 3, "num_publications_5y": 0, "num_citations_5y": 0, "num_publications_10y": 0, "num_citations_10y": 0, "publications_years": {"1993": 1}, "citations_years": {"1999": 2, "2000": 0, "2001": 0, "2002": 0, "2003": 1}, "old_citations": {"1993": 3}, "isVisible": false}, "2510719416": {"name": "v muller", "type": "author", "activity": 1, "h_index": 1, "h5_index": 0, "mag_id": "2510719416", "num_publications": 1, "num_citations": 1, "num_publications_5y": 0, "num_citations_5y": 0, "num_publications_10y": 0, "num_citations_10y": 0, "publications_years": {"1993": 1}, "citations_years": {"1996": 1}, "old_citations": {"1993": 1}, "isVisible": false}, "2526419832": {"name": "w pomrehn", "type": "author", "activity": 1, "h_index": 0, "h5_index": 0, "mag_id": "2526419832", "num_publications": 1, "num_citations": 0, "num_publications_5y": 0, "num_citations_5y": 0, "num_publications_10y": 0, "num_citations_10y": 0, "publications_years": {"1993": 1}, "citations_years": {}, "old_citations": {"1993": 0}, "isVisible": false}, "2544695306": {"name": "t netzsch", "type": "author", "activity": 1, "h_index": 1, "h5_index": 0, "mag_id": "2544695306", "num_publications": 1, "num_citations": 5, "num_publications_5y": 0, "num_citations_5y": 0, "num_publications_10y": 0, "num_citations_10y": 2, "publications_years": {"1993": 1}, "citations_years": {"1996": 1, "1997": 1, "1998": 0, "1999": 0, "2000": 0, "2001": 0, "2002": 1, "2003": 0, "2004": 0, "2005": 0, "2006": 0, "2007": 0, "2008": 0, "2009": 1, "2010": 0, "2011": 0, "2012": 1}, "old_citations": {"1993": 5}, "isVisible": false}, "2558064779": {"name": "wilhelm stolz", "type": "author", "activity": 11, "h_index": 2, "h5_index": 0, "mag_id": "2558064779", "num_publications": 1, "num_citations": 5, "num_publications_5y": 0, "num_citations_5y": 0, "num_publications_10y": 0, "num_citations_10y": 0, "publications_years": {"1993": 1}, "citations_years": {"1994": 1, "1995": 0, "1996": 0, "1997": 3, "1998": 0, "1999": 0, "2000": 0, "2001": 0, "2002": 0, "2003": 0, "2004": 0, "2005": 0, "2006": 1}, "old_citations": {"1993": 5}, "isVisible": false}, "2561249654": {"name": "s perz", "type": "author", "activity": 1, "h_index": 0, "h5_index": 0, "mag_id": "2561249654", "num_publications": 1, "num_citations": 0, "num_publications_5y": 0, "num_citations_5y": 0, "num_publications_10y": 0, "num_citations_10y": 0, "publications_years": {"1993": 1}, "citations_years": {}, "old_citations": {"1993": 0}, "isVisible": false}, "2575893771": {"name": "lothar wieske", "type": "author", "activity": 1, "h_index": 0, "h5_index": 0, "mag_id": "2575893771", "num_publications": 1, "num_citations": 0, "num_publications_5y": 0, "num_citations_5y": 0, "num_publications_10y": 0, "num_citations_10y": 0, "publications_years": {"1993": 1}, "citations_years": {}, "old_citations": {"1993": 0}, "isVisible": false}, "2585123134": {"name": "klaus abrahamfuchs", "type": "author", "activity": 20, "h_index": 10, "h5_index": 0, "mag_id": "2585123134", "num_publications": 1, "num_citations": 0, "num_publications_5y": 0, "num_citations_5y": 0, "num_publications_10y": 0, "num_citations_10y": 0, "publications_years": {"1993": 1}, "citations_years": {}, "old_citations": {"1993": 0}, "isVisible": false}, "2590367551": {"name": "w abmayr", "type": "author", "activity": 6, "h_index": 2, "h5_index": 0, "mag_id": "2590367551", "num_publications": 1, "num_citations": 5, "num_publications_5y": 0, "num_citations_5y": 0, "num_publications_10y": 0, "num_citations_10y": 0, "publications_years": {"1993": 1}, "citations_years": {"1994": 1, "1995": 0, "1996": 0, "1997": 3, "1998": 0, "1999": 0, "2000": 0, "2001": 0, "2002": 0, "2003": 0, "2004": 0, "2005": 0, "2006": 1}, "old_citations": {"1993": 5}, "isVisible": false}, "2614821704": {"name": "r riemer", "type": "author", "activity": 1, "h_index": 1, "h5_index": 0, "mag_id": "2614821704", "num_publications": 1, "num_citations": 6, "num_publications_5y": 0, "num_citations_5y": 0, "num_publications_10y": 0, "num_citations_10y": 0, "publications_years": {"1993": 1}, "citations_years": {"1993": 1, "1994": 1, "1995": 2, "1996": 1, "1997": 0, "1998": 0, "1999": 0, "2000": 0, "2001": 0, "2002": 0, "2003": 0, "2004": 0, "2005": 0, "2006": 0, "2007": 1}, "old_citations": {"1993": 6}, "isVisible": false}, "2616989668": {"name": "walter anheier", "type": "author", "activity": 1, "h_index": 0, "h5_index": 0, "mag_id": "2616989668", "num_publications": 1, "num_citations": 0, "num_publications_5y": 0, "num_citations_5y": 0, "num_publications_10y": 0, "num_citations_10y": 0, "publications_years": {"1993": 1}, "citations_years": {}, "old_citations": {"1993": 0}, "isVisible": false}, "2627902608": {"name": "j wunderwald", "type": "author", "activity": 1, "h_index": 1, "h5_index": 0, "mag_id": "2627902608", "num_publications": 1, "num_citations": 6, "num_publications_5y": 0, "num_citations_5y": 0, "num_publications_10y": 0, "num_citations_10y": 0, "publications_years": {"1993": 1}, "citations_years": {"1993": 1, "1994": 1, "1995": 2, "1996": 1, "1997": 0, "1998": 0, "1999": 0, "2000": 0, "2001": 0, "2002": 0, "2003": 0, "2004": 0, "2005": 0, "2006": 0, "2007": 1}, "old_citations": {"1993": 6}, "isVisible": false}, "2633421513": {"name": "h g grundmann", "type": "author", "activity": 1, "h_index": 0, "h5_index": 0, "mag_id": "2633421513", "num_publications": 1, "num_citations": 0, "num_publications_5y": 0, "num_citations_5y": 0, "num_publications_10y": 0, "num_citations_10y": 0, "publications_years": {"1993": 1}, "citations_years": {}, "old_citations": {"1993": 0}, "isVisible": false}, "2660099551": {"name": "torsten caesar", "type": "author", "activity": 5, "h_index": 2, "h5_index": 0, "mag_id": "2660099551", "num_publications": 1, "num_citations": 8, "num_publications_5y": 0, "num_citations_5y": 0, "num_publications_10y": 0, "num_citations_10y": 0, "publications_years": {"1993": 1}, "citations_years": {"1997": 4, "1998": 2, "1999": 2}, "old_citations": {"1993": 8}, "isVisible": false}, "2713772850": {"name": "uwe meyergruhl", "type": "author", "activity": 1, "h_index": 1, "h5_index": 0, "mag_id": "2713772850", "num_publications": 1, "num_citations": 5, "num_publications_5y": 0, "num_citations_5y": 0, "num_publications_10y": 0, "num_citations_10y": 0, "publications_years": {"1993": 1}, "citations_years": {"1995": 2, "1996": 3}, "old_citations": {"1993": 5}, "isVisible": false}, "2806553307": {"name": "bernd jahne", "type": "author", "activity": 1, "h_index": 1, "h5_index": 0, "mag_id": "2806553307", "num_publications": 1, "num_citations": 5, "num_publications_5y": 0, "num_citations_5y": 0, "num_publications_10y": 0, "num_citations_10y": 2, "publications_years": {"1993": 1}, "citations_years": {"1996": 1, "1997": 1, "1998": 0, "1999": 0, "2000": 0, "2001": 0, "2002": 1, "2003": 0, "2004": 0, "2005": 0, "2006": 0, "2007": 0, "2008": 0, "2009": 1, "2010": 0, "2011": 0, "2012": 1}, "old_citations": {"1993": 5}, "isVisible": false}, "2641295616": {"name": "k o krauter", "type": "author", "activity": 3, "h_index": 3, "h5_index": 0, "mag_id": "2641295616", "num_publications": 1, "num_citations": 3, "num_publications_5y": 0, "num_citations_5y": 0, "num_publications_10y": 0, "num_citations_10y": 0, "publications_years": {"1993": 1}, "citations_years": {"1996": 1, "1997": 1, "1998": 0, "1999": 1}, "old_citations": {"1993": 3}, "isVisible": false}, "2642346009": {"name": "h wiemers", "type": "author", "activity": 2, "h_index": 2, "h5_index": 0, "mag_id": "2642346009", "num_publications": 1, "num_citations": 3, "num_publications_5y": 0, "num_citations_5y": 0, "num_publications_10y": 0, "num_citations_10y": 0, "publications_years": {"1993": 1}, "citations_years": {"1996": 1, "1997": 1, "1998": 0, "1999": 1}, "old_citations": {"1993": 3}, "isVisible": false}, "2658031921": {"name": "t nobis", "type": "author", "activity": 1, "h_index": 1, "h5_index": 0, "mag_id": "2658031921", "num_publications": 1, "num_citations": 3, "num_publications_5y": 0, "num_citations_5y": 0, "num_publications_10y": 0, "num_citations_10y": 0, "publications_years": {"1993": 1}, "citations_years": {"1994": 1, "1995": 0, "1996": 0, "1997": 0, "1998": 1, "1999": 1}, "old_citations": {"1993": 3}, "isVisible": false}, "2665151266": {"name": "stefan lanser", "type": "author", "activity": 1, "h_index": 1, "h5_index": 0, "mag_id": "2665151266", "num_publications": 1, "num_citations": 3, "num_publications_5y": 0, "num_citations_5y": 0, "num_publications_10y": 0, "num_citations_10y": 1, "publications_years": {"1993": 1}, "citations_years": {"1995": 2, "1996": 0, "1997": 0, "1998": 0, "1999": 0, "2000": 0, "2001": 0, "2002": 0, "2003": 0, "2004": 0, "2005": 0, "2006": 0, "2007": 0, "2008": 0, "2009": 0, "2010": 0, "2011": 0, "2012": 1}, "old_citations": {"1993": 3}, "isVisible": false}, "2665886140": {"name": "gangolf mittelhauser", "type": "author", "activity": 1, "h_index": 1, "h5_index": 0, "mag_id": "2665886140", "num_publications": 1, "num_citations": 3, "num_publications_5y": 0, "num_citations_5y": 0, "num_publications_10y": 0, "num_citations_10y": 0, "publications_years": {"1993": 1}, "citations_years": {"1994": 2, "1995": 0, "1996": 0, "1997": 1}, "old_citations": {"1993": 3}, "isVisible": false}, "2680359627": {"name": "jost bernasch", "type": "author", "activity": 1, "h_index": 1, "h5_index": 0, "mag_id": "2680359627", "num_publications": 1, "num_citations": 3, "num_publications_5y": 0, "num_citations_5y": 0, "num_publications_10y": 0, "num_citations_10y": 0, "publications_years": {"1993": 1}, "citations_years": {"1999": 2, "2000": 0, "2001": 0, "2002": 0, "2003": 1}, "old_citations": {"1993": 3}, "isVisible": false}, "2705419393": {"name": "frank weiler", "type": "author", "activity": 1, "h_index": 1, "h5_index": 0, "mag_id": "2705419393", "num_publications": 1, "num_citations": 3, "num_publications_5y": 0, "num_citations_5y": 0, "num_publications_10y": 0, "num_citations_10y": 0, "publications_years": {"1993": 1}, "citations_years": {"1994": 1, "1995": 0, "1996": 0, "1997": 0, "1998": 1, "1999": 1}, "old_citations": {"1993": 3}, "isVisible": false}, "2965358299": {"name": "jens dorschel", "type": "author", "activity": 27, "h_index": 1, "h5_index": 0, "mag_id": "2965358299", "num_publications": 1, "num_citations": 3, "num_publications_5y": 0, "num_citations_5y": 0, "num_publications_10y": 0, "num_citations_10y": 0, "publications_years": {"1993": 1}, "citations_years": {"1996": 2, "1997": 0, "1998": 0, "1999": 0, "2000": 0, "2001": 1}, "old_citations": {"1993": 3}, "isVisible": false}, "2973253363": {"name": "elmar seidenberg", "type": "author", "activity": 1, "h_index": 1, "h5_index": 0, "mag_id": "2973253363", "num_publications": 1, "num_citations": 3, "num_publications_5y": 0, "num_citations_5y": 0, "num_publications_10y": 0, "num_citations_10y": 0, "publications_years": {"1993": 1}, "citations_years": {"1996": 1, "1997": 1, "1998": 0, "1999": 1}, "old_citations": {"1993": 3}, "isVisible": false}, "2973685433": {"name": "thomas martin lehmann", "type": "author", "activity": 14, "h_index": 3, "h5_index": 0, "mag_id": "2973685433", "num_publications": 1, "num_citations": 3, "num_publications_5y": 0, "num_citations_5y": 0, "num_publications_10y": 0, "num_citations_10y": 1, "publications_years": {"1993": 1}, "citations_years": {"1994": 1, "1995": 0, "1996": 0, "1997": 1, "1998": 0, "1999": 0, "2000": 0, "2001": 0, "2002": 0, "2003": 0, "2004": 0, "2005": 0, "2006": 0, "2007": 0, "2008": 0, "2009": 0, "2010": 0, "2011": 1}, "old_citations": {"1993": 3}, "isVisible": false}, "2645526805": {"name": "bernd klauer", "type": "author", "activity": 1, "h_index": 1, "h5_index": 0, "mag_id": "2645526805", "num_publications": 1, "num_citations": 2, "num_publications_5y": 0, "num_citations_5y": 0, "num_publications_10y": 0, "num_citations_10y": 0, "publications_years": {"1993": 1}, "citations_years": {"1995": 2}, "old_citations": {"1993": 2}, "isVisible": false}, "2652601914": {"name": "axel fenske", "type": "author", "activity": 1, "h_index": 1, "h5_index": 0, "mag_id": "2652601914", "num_publications": 1, "num_citations": 2, "num_publications_5y": 0, "num_citations_5y": 0, "num_publications_10y": 0, "num_citations_10y": 0, "publications_years": {"1993": 1}, "citations_years": {"2003": 1, "2004": 0, "2005": 1}, "old_citations": {"1993": 2}, "isVisible": false}, "2653564580": {"name": "s ahmad", "type": "author", "activity": 1, "h_index": 1, "h5_index": 0, "mag_id": "2653564580", "num_publications": 1, "num_citations": 2, "num_publications_5y": 0, "num_citations_5y": 0, "num_publications_10y": 0, "num_citations_10y": 0, "publications_years": {"1993": 1}, "citations_years": {"1994": 1, "1995": 1}, "old_citations": {"1993": 2}, "isVisible": false}, "2654073403": {"name": "r schuster", "type": "author", "activity": 1, "h_index": 1, "h5_index": 0, "mag_id": "2654073403", "num_publications": 1, "num_citations": 2, "num_publications_5y": 0, "num_citations_5y": 0, "num_publications_10y": 0, "num_citations_10y": 0, "publications_years": {"1993": 1}, "citations_years": {"1994": 1, "1995": 1}, "old_citations": {"1993": 2}, "isVisible": false}, "2660585455": {"name": "hartmut dickhaus", "type": "author", "activity": 1, "h_index": 1, "h5_index": 0, "mag_id": "2660585455", "num_publications": 1, "num_citations": 2, "num_publications_5y": 0, "num_citations_5y": 0, "num_publications_10y": 0, "num_citations_10y": 0, "publications_years": {"1993": 1}, "citations_years": {"1999": 1, "2000": 0, "2001": 0, "2002": 1}, "old_citations": {"1993": 2}, "isVisible": false}, "2675668807": {"name": "u klauck", "type": "author", "activity": 1, "h_index": 1, "h5_index": 0, "mag_id": "2675668807", "num_publications": 1, "num_citations": 2, "num_publications_5y": 0, "num_citations_5y": 0, "num_publications_10y": 0, "num_citations_10y": 0, "publications_years": {"1993": 1}, "citations_years": {"1999": 1, "2000": 0, "2001": 0, "2002": 1}, "old_citations": {"1993": 2}, "isVisible": false}, "2697947531": {"name": "lampros tsinas", "type": "author", "activity": 1, "h_index": 1, "h5_index": 0, "mag_id": "2697947531", "num_publications": 1, "num_citations": 2, "num_publications_5y": 0, "num_citations_5y": 0, "num_publications_10y": 0, "num_citations_10y": 0, "publications_years": {"1993": 1}, "citations_years": {"1996": 2}, "old_citations": {"1993": 2}, "isVisible": false}, "2703997355": {"name": "frank vogelsang", "type": "author", "activity": 3, "h_index": 1, "h5_index": 0, "mag_id": "2703997355", "num_publications": 1, "num_citations": 2, "num_publications_5y": 0, "num_citations_5y": 0, "num_publications_10y": 0, "num_citations_10y": 0, "publications_years": {"1993": 1}, "citations_years": {"1994": 1, "1995": 0, "1996": 0, "1997": 0, "1998": 0, "1999": 1}, "old_citations": {"1993": 2}, "isVisible": false}, "2709728573": {"name": "barbel mertsching", "type": "author", "activity": 3, "h_index": 2, "h5_index": 0, "mag_id": "2709728573", "num_publications": 1, "num_citations": 2, "num_publications_5y": 0, "num_citations_5y": 0, "num_publications_10y": 0, "num_citations_10y": 0, "publications_years": {"1993": 1}, "citations_years": {"1995": 1, "1996": 0, "1997": 0, "1998": 0, "1999": 1}, "old_citations": {"1993": 2}, "isVisible": false}, "2716328284": {"name": "olaf munkelt", "type": "author", "activity": 1, "h_index": 1, "h5_index": 0, "mag_id": "2716328284", "num_publications": 1, "num_citations": 2, "num_publications_5y": 0, "num_citations_5y": 0, "num_publications_10y": 0, "num_citations_10y": 0, "publications_years": {"1993": 1}, "citations_years": {"1994": 2}, "old_citations": {"1993": 2}, "isVisible": false}, "2973264916": {"name": "michael egmontpetersen", "type": "author", "activity": 1, "h_index": 1, "h5_index": 0, "mag_id": "2973264916", "num_publications": 1, "num_citations": 2, "num_publications_5y": 0, "num_citations_5y": 0, "num_publications_10y": 0, "num_citations_10y": 0, "publications_years": {"1993": 1}, "citations_years": {"1994": 1, "1995": 0, "1996": 0, "1997": 0, "1998": 0, "1999": 1}, "old_citations": {"1993": 2}, "isVisible": false}, "2641258250": {"name": "m kilger", "type": "author", "activity": 1, "h_index": 1, "h5_index": 0, "mag_id": "2641258250", "num_publications": 1, "num_citations": 1, "num_publications_5y": 0, "num_citations_5y": 0, "num_publications_10y": 0, "num_citations_10y": 0, "publications_years": {"1993": 1}, "citations_years": {"1995": 1}, "old_citations": {"1993": 1}, "isVisible": false}, "2682315306": {"name": "j g muller", "type": "author", "activity": 1, "h_index": 1, "h5_index": 0, "mag_id": "2682315306", "num_publications": 1, "num_citations": 1, "num_publications_5y": 0, "num_citations_5y": 0, "num_publications_10y": 0, "num_citations_10y": 0, "publications_years": {"1993": 1}, "citations_years": {"1997": 1}, "old_citations": {"1993": 1}, "isVisible": false}, "2699156255": {"name": "g schmid", "type": "author", "activity": 1, "h_index": 1, "h5_index": 0, "mag_id": "2699156255", "num_publications": 1, "num_citations": 1, "num_publications_5y": 0, "num_citations_5y": 0, "num_publications_10y": 0, "num_citations_10y": 0, "publications_years": {"1993": 1}, "citations_years": {"1995": 1}, "old_citations": {"1993": 1}, "isVisible": false}}}, "conference_comparison": {"computer science": {}, "color image processing": {"1165869400": {"num_publications": 2169, "num_citations": 10913.0, "impact_factor": {}, "publications_years": {"2003": 164, "2016": 142, "2018": 138, "2005": 124, "2007": 112, "1999": 111, "2019": 110, "2008": 108, "2012": 85, "2011": 83, "2017": 83, "2002": 70, "2010": 65, "2000": 64, "2013": 62, "1996": 61, "2001": 61, "2006": 61, "1993": 59, "2004": 59, "1997": 58, "1998": 56, "1994": 55, "2009": 53, "1995": 51, "2015": 44, "2014": 30}, "citations_years": {"1994": 6, "1995": 26, "1996": 39, "1997": 78, "1998": 169, "1999": 272, "2000": 191, "2001": 280, "2002": 381, "2003": 354, "2004": 369, "2005": 484, "2006": 528, "2007": 525, "2008": 542, "2009": 567, "2010": 649, "2011": 613, "2012": 581, "2013": 646, "2014": 666, "2015": 575, "2016": 561, "2017": 533, "2018": 491, "2019": 610, "2020": 177}, "old_citations": {"2003": 802, "2016": 288, "2018": 119, "2005": 648, "2007": 531, "1999": 923, "2019": 4, "2008": 402, "2012": 406, "2011": 313, "2017": 155, "2002": 886, "2010": 309, "2000": 574, "2013": 160, "1996": 709, "2001": 398, "2006": 310, "1993": 216, "2004": 528, "1997": 696, "1998": 734, "1994": 187, "2009": 197, "1995": 250, "2015": 125, "2014": 43}, "conference_id": 1165869400, "conference_name": "Color Imaging Conference", "conference_acronym": "CIC"}, "1188462236": {"num_publications": 594, "num_citations": 3972.0, "impact_factor": {}, "publications_years": {"2000": 58, "2002": 54, "2010": 53, "2012": 53, "2008": 51, "2006": 47, "2004": 44, "2016": 44, "1996": 43, "2014": 43, "1998": 42, "2018": 37, "1994": 25}, "citations_years": {"1994": 3, "1995": 6, "1996": 4, "1997": 11, "1998": 21, "1999": 21, "2000": 44, "2001": 48, "2002": 91, "2003": 92, "2004": 137, "2005": 156, "2006": 167, "2007": 204, "2008": 196, "2009": 234, "2010": 222, "2011": 246, "2012": 235, "2013": 297, "2014": 301, "2015": 285, "2016": 242, "2017": 255, "2018": 207, "2019": 188, "2020": 59}, "old_citations": {"2000": 551, "2002": 601, "2010": 277, "2012": 339, "2008": 400, "2006": 511, "2004": 371, "2016": 136, "1996": 194, "2014": 137, "1998": 289, "2018": 31, "1994": 135}, "conference_id": 1188462236, "conference_name": "Southwest Symposium on Image Analysis and Interpretation", "conference_acronym": "SSIAI"}, "2754059319": {"num_publications": 548, "num_citations": 2338.0, "impact_factor": {}, "publications_years": {"2006": 136, "2008": 107, "2002": 87, "2004": 68, "2007": 60, "2010": 46, "2012": 44}, "citations_years": {"2002": 19, "2003": 58, "2004": 49, "2005": 74, "2006": 96, "2007": 112, "2008": 195, "2009": 200, "2010": 212, "2011": 219, "2012": 188, "2013": 179, "2014": 196, "2015": 147, "2016": 114, "2017": 94, "2018": 64, "2019": 77, "2020": 20}, "old_citations": {"2006": 716, "2008": 374, "2002": 439, "2004": 329, "2007": 270, "2010": 122, "2012": 88}, "conference_id": 2754059319, "conference_name": "International Conference on Computer Graphics, Imaging and Visualisation", "conference_acronym": "CGIV"}, "2754186878": {"num_publications": 275, "num_citations": 4599.0, "impact_factor": {}, "publications_years": {"2000": 49, "1997": 40, "2008": 40, "2005": 37, "1999": 32, "2003": 25, "2004": 24, "1998": 15, "2001": 12, "2018": 1}, "citations_years": {"1996": 4, "1997": 18, "1998": 65, "1999": 102, "2000": 131, "2001": 170, "2002": 168, "2003": 216, "2004": 245, "2005": 251, "2006": 245, "2007": 257, "2008": 305, "2009": 283, "2010": 297, "2011": 258, "2012": 290, "2013": 267, "2014": 241, "2015": 210, "2016": 189, "2017": 135, "2018": 109, "2019": 122, "2020": 21}, "old_citations": {"2000": 749, "1997": 834, "2008": 305, "2005": 596, "1999": 734, "2003": 292, "2004": 292, "1998": 623, "2001": 174, "2018": 0}, "conference_id": 2754186878, "conference_name": "Human Vision and Electronic Imaging Conference", "conference_acronym": "HVEI"}, "1174826432": {"num_publications": 259, "num_citations": 6326.0, "impact_factor": {}, "publications_years": {"2000": 22, "2010": 21, "2018": 20, "2002": 19, "2006": 18, "2011": 18, "2007": 17, "2016": 17, "2014": 16, "2004": 15, "2017": 14, "2019": 14, "2008": 13, "2013": 11, "2012": 10, "2009": 7, "2015": 7}, "citations_years": {"1999": 1, "2000": 13, "2001": 58, "2002": 110, "2003": 146, "2004": 225, "2005": 256, "2006": 304, "2007": 310, "2008": 287, "2009": 338, "2010": 519, "2011": 455, "2012": 430, "2013": 647, "2014": 365, "2015": 383, "2016": 380, "2017": 383, "2018": 339, "2019": 314, "2020": 63}, "old_citations": {"2000": 1134, "2010": 498, "2018": 23, "2002": 1148, "2006": 672, "2011": 303, "2007": 709, "2016": 72, "2014": 68, "2004": 968, "2017": 62, "2019": 6, "2008": 229, "2013": 36, "2012": 164, "2009": 213, "2015": 21}, "conference_id": 1174826432, "conference_name": "Non-Photorealistic Animation and Rendering", "conference_acronym": "NPAR"}, "1133222229": {"num_publications": 134, "num_citations": 412.0, "impact_factor": {}, "publications_years": {"2013": 25, "2019": 25, "2017": 23, "2009": 21, "2015": 21, "2011": 19}, "citations_years": {"2009": 3, "2010": 13, "2011": 17, "2012": 24, "2013": 43, "2014": 53, "2015": 59, "2016": 38, "2017": 61, "2018": 38, "2019": 51, "2020": 12}, "old_citations": {"2013": 90, "2019": 10, "2017": 33, "2009": 97, "2015": 63, "2011": 119}, "conference_id": 1133222229, "conference_name": "Computational Color Imaging Workshop", "conference_acronym": "CCIW"}}}, "topics_dna": {"publications": {"automatic segmentations": 0.04702671750245711, "color image processing": 0.01011669624098963, "image segmentation": 0.001234463765578286, "network architecture": -0.01352264019152077, "image coding": -0.01741191334685339, "pattern recognition": -0.0275299432442466, "image quality": -0.03161560740846195, "correlation analysis": -0.04741559025931932, "image processing": -0.04995284514267634, "machine learning": -0.05458437580549816, "image analysis": -0.06578665126083161, "computer imaging and vision": -0.08772582447929, "mathematics": -0.1204316788995083, "database systems": -0.1740036229693286, "artificial intelligence": -0.2013424989496601, "engineering": -0.3444858598815568, "computer hardware": -0.3927122976904634, "computer networks": -0.4618608122934942, "computer science": -0.5953936322314946, "computer systems": -0.664115790249957}, "citations": {"normalized": {"color difference": 0.2909840580757024, "automatic segmentations": 0.2838159431423013, "object segmentation": 0.2829912486538677, "segmentation methods": 0.2801829981577212, "color classification": 0.2713958589842369, "object recognition": 0.2698255005757209, "background subtraction": 0.2682490023794848, "color component": 0.267383981585496, "color image processing": 0.2581203824694414, "image segmentation": 0.241125937315684, "color images": 0.2395365668642469, "image quality": 0.2088308297059637, "pattern recognition": 0.2083675938803939, "image analysis": 0.1688787480385779, "machine learning": 0.1350414745791114, "image processing": 0.1313249438206481, "computer imaging and vision": 0.09887034060190086, "computer security": 0.06572753369902201, "artificial intelligence": -0.06504338057300524, "computer science": -0.4044867843330341}, "average": {"color difference": 0.2909840580757024, "automatic segmentations": 0.2838159431423013, "object segmentation": 0.2829912486538677, "segmentation methods": 0.2801829981577212, "color classification": 0.2713958589842369, "object recognition": 0.2698255005757209, "background subtraction": 0.2682490023794848, "color component": 0.267383981585496, "color image processing": 0.2581203824694414, "image segmentation": 0.241125937315684, "color images": 0.2395365668642469, "image quality": 0.2088308297059637, "pattern recognition": 0.2083675938803939, "image analysis": 0.1688787480385779, "machine learning": 0.1350414745791114, "image processing": 0.1313249438206481, "computer imaging and vision": 0.09887034060190086, "computer security": 0.06572753369902201, "artificial intelligence": -0.06504338057300524, "computer science": -0.4044867843330341}}}, "info": {"num_publications": 62, "num_citations": 140.0, "impact_factor": {}, "publications_years": {"1993": 62}, "citations_years": {"1993": 3, "1994": 15, "1995": 22, "1996": 18, "1997": 17, "1998": 8, "1999": 12, "2000": 0, "2001": 2, "2002": 5, "2003": 6, "2004": 3, "2005": 6, "2006": 6, "2007": 2, "2008": 4, "2009": 2, "2010": 0, "2011": 2, "2012": 4, "2013": 1, "2014": 1, "2015": 0, "2016": 0, "2017": 0, "2018": 0, "2019": 1}, "old_citations": {"1993": 140}, "h5_index": 0}, "percentile": {"computer science": {"1993": 91}, "color image processing": {"1993": 71}}, "conference_ranking": {"computer science": {"1993": 352}, "color image processing": {"1993": 2}}, "academia": {"num_publications": 0, "num_citations": 0, "publications_years": {}, "old_citations": {}, "num_publications_5y": 0, "num_citations_5y": 0, "num_publications_10y": 0, "num_citations_10y": 0}, "industry": {"num_publications": 0, "num_citations": 0, "publications_years": {}, "old_citations": {}, "num_publications_5y": 0, "num_citations_5y": 0, "num_publications_10y": 0, "num_citations_10y": 0}, "collaborative": {"num_publications": 0, "num_citations": 0, "publications_years": {}, "old_citations": {}, "num_publications_5y": 0, "num_citations_5y": 0, "num_publications_10y": 0, "num_citations_10y": 0}, "conferences": {}, "journals": {}, "organizations": {"publication_overall": [], "citation_overall": [], "publication_10_years": [], "citation_10_years": [], "publication_5_years": [], "citation_5_years": []}, "countries": {"publication_overall": [], "citation_overall": [], "publication_10_years": [], "citation_10_years": [], "publication_5_years": [], "citation_5_years": []}, "topics": {"publication_overall": ["computer science", "computer imaging and vision", "image processing", "mathematics", "image analysis", "artificial intelligence", "image segmentation", "machine learning", "computer systems", "pattern recognition", "computer networks", "image coding", "computer hardware", "correlation analysis", "database systems", "engineering", "network architecture", "signal processing", "automatic segmentations", "color image processing"], "citation_overall": ["computer science", "computer imaging and vision", "image processing", "artificial intelligence", "image analysis", "image segmentation", "machine learning", "pattern recognition", "object recognition", "color image processing", "image quality", "color difference", "computer security", "automatic segmentations", "object segmentation", "segmentation methods", "color images", "background subtraction", "color classification", "color component"], "publication_10_years": [], "citation_10_years": [], "publication_5_years": [], "citation_5_years": []}, "main_topics": ["computer science", "color image processing"], "authors": {"publication_overall": ["98586808", "280701752", "1761619106", "1922013106", "1966880082", "2030686812", "2096075103", "2096993994", "2159837319", "2310609957", "2510715328", "2688825736", "2715952937", "492030", "35075524", "216373294", "244528124", "351258361", "367551089", "423020105", "619404099", "662579795", "673423508", "721992076", "1896636059", "1934629602", "1956205722", "1963661146", "1971251582", "1995823792", "1996858318", "1998387194", "2002400972", "2023381227", "2030594515", "2032122550", "2042596748", "2052710319", "2066921112", "2074533385", "2093344641", "2096317939", "2098747177", "2100069631", "2101322202", "2105617761", "2111543249", "2114361001", "2122202884", "2129074962", "2133083528", "2138280970", "2142966380", "2158631190", "2165961942", "2167994421", "2182248209", "2191181116", "2194938673", "2195296034", "2241417008", "2274086031", "2275145244", "2276616170", "2279143828", "2279335897", "2281103384", "2296178707", "2302703509", "2302946035", "2303078366", "2304814329", "2305403786", "2310120441", "2314973757", "2315429309", "2329936526", "2346230563", "2401159163", "2435597105", "2441549347", "2469441912", "2470407533", "2474477312", "2500410053", "2505697512", "2506432050", "2510264820", "2510719416", "2526419832", "2544695306", "2558064779", "2561249654", "2575893771", "2585123134", "2590367551", "2614821704", "2616989668", "2627902608", "2633421513"], "citation_overall": ["2191181116", "2305403786", "2030686812", "216373294", "2100069631", "2105617761", "2114361001", "2302946035", "721992076", "2052710319", "2093344641", "2346230563", "2506432050", "2660099551", "2688825736", "1761619106", "1966880082", "2096993994", "2122202884", "2241417008", "2276616170", "2614821704", "2627902608", "98586808", "2096075103", "2279335897", "2510715328", "2544695306", "2558064779", "2590367551", "2713772850", "2715952937", "2806553307", "619404099", "662579795", "1896636059", "1971251582", "1995823792", "1996858318", "2042596748", "2074533385", "2101322202", "2182248209", "2194938673", "2281103384", "2310120441", "2441549347", "2510264820", "2641295616", "2642346009", "2658031921", "2665151266", "2665886140", "2680359627", "2705419393", "2965358299", "2973253363", "2973685433", "367551089", "1934629602", "1998387194", "2158631190", "2159837319", "2274086031", "2275145244", "2310609957", "2435597105", "2474477312", "2645526805", "2652601914", "2653564580", "2654073403", "2660585455", "2675668807", "2697947531", "2703997355", "2709728573", "2716328284", "2973264916", "244528124", "2002400972", "2032122550", "2096317939", "2129074962", "2167994421", "2296178707", "2401159163", "2510719416", "2641258250", "2682315306", "2699156255", "492030", "35075524", "280701752", "351258361", "423020105", "673423508", "1922013106", "1956205722", "1963661146"], "publication_10_years": [], "citation_10_years": [], "publication_5_years": [], "citation_5_years": []}, "industrial_sectors": {"publication_overall": [], "citation_overall": [], "publication_10_years": [], "citation_10_years": [], "publication_5_years": [], "citation_5_years": []}}