{"name": "North Atlantic Test Workshop", "acronym": "NATW", "type": "conference", "uniqueEntities": {"organizations": {"Auburn University": {"name": "Auburn University", "type": "organization", "organization_type": "Education", "h_index": 86, "h5_index": 31, "num_publications": 3, "num_citations": 8, "num_publications_5y": 2, "num_citations_5y": 5, "num_publications_10y": 2, "num_citations_10y": 5, "publications_years": {"2019": 1, "2016": 1, "2014": 1}, "citations_years": {"2019": 2, "2020": 1, "2017": 2, "2016": 1, "2018": 2}, "old_citations": {"2019": 2, "2016": 1, "2014": 5}, "isVisible": false}, "Southern Methodist University": {"name": "Southern Methodist University", "type": "organization", "organization_type": "Education", "h_index": 72, "h5_index": 17, "num_publications": 3, "num_citations": 7, "num_publications_5y": 3, "num_citations_5y": 6, "num_publications_10y": 3, "num_citations_10y": 6, "publications_years": {"2014": 1, "2017": 1, "2018": 1}, "citations_years": {"2018": 5, "2019": 1, "2017": 1}, "old_citations": {"2014": 2, "2017": 5, "2018": 0}, "isVisible": false}, "Texas A&M University": {"name": "Texas A&M University", "type": "organization", "organization_type": "Education", "h_index": 161, "h5_index": 40, "num_publications": 3, "num_citations": 1, "num_publications_5y": 3, "num_citations_5y": 1, "num_publications_10y": 3, "num_citations_10y": 1, "publications_years": {"2014": 2, "2015": 1}, "citations_years": {"2017": 1}, "old_citations": {"2014": 0, "2015": 1}, "isVisible": false}, "Mentor Graphics (Hungary)": {"name": "Mentor Graphics (Hungary)", "type": "organization", "organization_type": "Company", "h_index": 58, "h5_index": 10, "num_publications": 2, "num_citations": 4, "num_publications_5y": 2, "num_citations_5y": 3, "num_publications_10y": 2, "num_citations_10y": 3, "publications_years": {"2017": 1, "2015": 1}, "citations_years": {"2015": 1, "2016": 1, "2017": 1, "2018": 0, "2019": 1}, "old_citations": {"2017": 0, "2015": 4}, "isVisible": false}, "Old Dominion University": {"name": "Old Dominion University", "type": "organization", "organization_type": "Education", "h_index": 78, "h5_index": 25, "num_publications": 2, "num_citations": 0, "num_publications_5y": 0, "num_citations_5y": 0, "num_publications_10y": 0, "num_citations_10y": 0, "publications_years": {"2019": 2}, "citations_years": {}, "old_citations": {"2019": 0}, "isVisible": false}, "Ain Shams University": {"name": "Ain Shams University", "type": "organization", "organization_type": "Education", "h_index": 34, "h5_index": 15, "num_publications": 1, "num_citations": 4, "num_publications_5y": 1, "num_citations_5y": 3, "num_publications_10y": 1, "num_citations_10y": 3, "publications_years": {"2015": 1}, "citations_years": {"2015": 1, "2016": 1, "2017": 1, "2018": 0, "2019": 1}, "old_citations": {"2015": 4}, "isVisible": false}, "Arizona State University": {"name": "Arizona State University", "type": "organization", "organization_type": "Education", "h_index": 169, "h5_index": 56, "num_publications": 1, "num_citations": 0, "num_publications_5y": 1, "num_citations_5y": 0, "num_publications_10y": 1, "num_citations_10y": 0, "publications_years": {"2018": 1}, "citations_years": {}, "old_citations": {"2018": 0}, "isVisible": false}, "BAE Systems (Sweden)": {"name": "BAE Systems (Sweden)", "type": "organization", "organization_type": "Company", "h_index": 47, "h5_index": 9, "num_publications": 1, "num_citations": 0, "num_publications_5y": 0, "num_citations_5y": 0, "num_publications_10y": 0, "num_citations_10y": 0, "publications_years": {"2019": 1}, "citations_years": {}, "old_citations": {"2019": 0}, "isVisible": false}, "Clarkson University": {"name": "Clarkson University", "type": "organization", "organization_type": "Education", "h_index": 51, "h5_index": 17, "num_publications": 1, "num_citations": 0, "num_publications_5y": 1, "num_citations_5y": 0, "num_publications_10y": 1, "num_citations_10y": 0, "publications_years": {"2018": 1}, "citations_years": {}, "old_citations": {"2018": 0}, "isVisible": false}, "GlobalFoundries (United States)": {"name": "GlobalFoundries (United States)", "type": "organization", "organization_type": "Company", "h_index": 29, "h5_index": 10, "num_publications": 1, "num_citations": 0, "num_publications_5y": 0, "num_citations_5y": 0, "num_publications_10y": 0, "num_citations_10y": 0, "publications_years": {"2019": 1}, "citations_years": {}, "old_citations": {"2019": 0}, "isVisible": false}, "IBM (United States)": {"name": "IBM (United States)", "type": "organization", "organization_type": "Company", "h_index": 421, "h5_index": 72, "num_publications": 1, "num_citations": 0, "num_publications_5y": 0, "num_citations_5y": 0, "num_publications_10y": 0, "num_citations_10y": 0, "publications_years": {"2019": 1}, "citations_years": {}, "old_citations": {"2019": 0}, "isVisible": false}, "Kuwait University": {"name": "Kuwait University", "type": "organization", "organization_type": "Education", "h_index": 57, "h5_index": 16, "num_publications": 1, "num_citations": 0, "num_publications_5y": 0, "num_citations_5y": 0, "num_publications_10y": 1, "num_citations_10y": 0, "publications_years": {"2009": 1}, "citations_years": {}, "old_citations": {"2009": 0}, "isVisible": false}, "Los Angeles Harbor College": {"name": "Los Angeles Harbor College", "type": "organization", "organization_type": "Education", "h_index": 11, "h5_index": 3, "num_publications": 1, "num_citations": 0, "num_publications_5y": 1, "num_citations_5y": 0, "num_publications_10y": 1, "num_citations_10y": 0, "publications_years": {"2016": 1}, "citations_years": {}, "old_citations": {"2016": 0}, "isVisible": false}, "McMaster University": {"name": "McMaster University", "type": "organization", "organization_type": "Education", "h_index": 96, "h5_index": 29, "num_publications": 1, "num_citations": 1, "num_publications_5y": 1, "num_citations_5y": 1, "num_publications_10y": 1, "num_citations_10y": 1, "publications_years": {"2015": 1}, "citations_years": {"2016": 1}, "old_citations": {"2015": 1}, "isVisible": false}, "NXP (Netherlands)": {"name": "NXP (Netherlands)", "type": "organization", "organization_type": "Company", "h_index": 61, "h5_index": 14, "num_publications": 1, "num_citations": 0, "num_publications_5y": 1, "num_citations_5y": 0, "num_publications_10y": 1, "num_citations_10y": 0, "publications_years": {"2018": 1}, "citations_years": {}, "old_citations": {"2018": 0}, "isVisible": false}, "Qualcomm (United Kingdom)": {"name": "Qualcomm (United Kingdom)", "type": "organization", "organization_type": "Company", "h_index": 165, "h5_index": 37, "num_publications": 1, "num_citations": 0, "num_publications_5y": 1, "num_citations_5y": 0, "num_publications_10y": 1, "num_citations_10y": 0, "publications_years": {"2018": 1}, "citations_years": {}, "old_citations": {"2018": 0}, "isVisible": false}, "Roche (Switzerland)": {"name": "Roche (Switzerland)", "type": "organization", "organization_type": "Company", "h_index": 55, "h5_index": 17, "num_publications": 1, "num_citations": 2, "num_publications_5y": 1, "num_citations_5y": 1, "num_publications_10y": 1, "num_citations_10y": 1, "publications_years": {"2018": 1}, "citations_years": {"2018": 1, "2019": 1}, "old_citations": {"2018": 2}, "isVisible": false}, "Siemens (Germany)": {"name": "Siemens (Germany)", "type": "organization", "organization_type": "Company", "h_index": 141, "h5_index": 32, "num_publications": 1, "num_citations": 0, "num_publications_5y": 1, "num_citations_5y": 0, "num_publications_10y": 1, "num_citations_10y": 0, "publications_years": {"2018": 1}, "citations_years": {}, "old_citations": {"2018": 0}, "isVisible": false}, "University of Connecticut": {"name": "University of Connecticut", "type": "organization", "organization_type": "Education", "h_index": 108, "h5_index": 28, "num_publications": 1, "num_citations": 13, "num_publications_5y": 1, "num_citations_5y": 9, "num_publications_10y": 1, "num_citations_10y": 9, "publications_years": {"2014": 1}, "citations_years": {"2014": 1, "2015": 2, "2016": 1, "2017": 3, "2018": 2, "2019": 4}, "old_citations": {"2014": 13}, "isVisible": false}, "University of Massachusetts Amherst": {"name": "University of Massachusetts Amherst", "type": "organization", "organization_type": "Education", "h_index": 225, "h5_index": 50, "num_publications": 1, "num_citations": 1, "num_publications_5y": 1, "num_citations_5y": 1, "num_publications_10y": 1, "num_citations_10y": 1, "publications_years": {"2016": 1}, "citations_years": {"2017": 1}, "old_citations": {"2016": 1}, "isVisible": false}, "University of South Carolina": {"name": "University of South Carolina", "type": "organization", "organization_type": "Education", "h_index": 95, "h5_index": 25, "num_publications": 1, "num_citations": 2, "num_publications_5y": 1, "num_citations_5y": 1, "num_publications_10y": 1, "num_citations_10y": 1, "publications_years": {"2018": 1}, "citations_years": {"2018": 1, "2019": 1}, "old_citations": {"2018": 2}, "isVisible": false}}, "topics": {"computer science": {"name": "computer science", "type": "topic", "h_index": 1779, "h5_index": 416, "num_publications": 32, "num_citations": 45, "num_publications_5y": 25, "num_citations_5y": 32, "num_publications_10y": 26, "num_citations_10y": 32, "publications_years": {"2014": 10, "2018": 7, "2019": 6, "2017": 2, "2009": 1, "2016": 3, "2015": 3}, "citations_years": {"2014": 1, "2015": 4, "2016": 5, "2017": 10, "2018": 12, "2019": 12, "2020": 1}, "old_citations": {"2014": 26, "2018": 4, "2019": 2, "2017": 5, "2009": 0, "2016": 2, "2015": 6}, "isVisible": false}, "computer hardware": {"name": "computer hardware", "type": "topic", "h_index": 1150, "h5_index": 279, "num_publications": 29, "num_citations": 39, "num_publications_5y": 23, "num_citations_5y": 27, "num_publications_10y": 24, "num_citations_10y": 27, "publications_years": {"2014": 9, "2018": 7, "2019": 5, "2017": 2, "2009": 1, "2016": 3, "2015": 2}, "citations_years": {"2014": 1, "2015": 2, "2016": 3, "2017": 9, "2018": 12, "2019": 11, "2020": 1}, "old_citations": {"2014": 24, "2018": 4, "2019": 2, "2017": 5, "2009": 0, "2016": 2, "2015": 2}, "isVisible": false}, "computer systems": {"name": "computer systems", "type": "topic", "h_index": 1595, "h5_index": 367, "num_publications": 29, "num_citations": 39, "num_publications_5y": 23, "num_citations_5y": 26, "num_publications_10y": 24, "num_citations_10y": 26, "publications_years": {"2014": 10, "2018": 7, "2019": 5, "2009": 1, "2016": 2, "2017": 1, "2015": 3}, "citations_years": {"2014": 1, "2015": 4, "2016": 5, "2017": 8, "2018": 8, "2019": 12, "2020": 1}, "old_citations": {"2014": 26, "2018": 4, "2019": 2, "2009": 0, "2016": 1, "2017": 0, "2015": 6}, "isVisible": false}, "microprocessor chips": {"name": "microprocessor chips", "type": "topic", "h_index": 744, "h5_index": 175, "num_publications": 25, "num_citations": 19, "num_publications_5y": 20, "num_citations_5y": 12, "num_publications_10y": 21, "num_citations_10y": 12, "publications_years": {"2018": 6, "2014": 8, "2019": 4, "2009": 1, "2016": 3, "2017": 1, "2015": 2}, "citations_years": {"2018": 5, "2019": 6, "2020": 1, "2017": 5, "2016": 2}, "old_citations": {"2018": 2, "2014": 11, "2019": 2, "2009": 0, "2016": 2, "2017": 0, "2015": 2}, "isVisible": false}, "computer networks": {"name": "computer networks", "type": "topic", "h_index": 1262, "h5_index": 332, "num_publications": 21, "num_citations": 23, "num_publications_5y": 17, "num_citations_5y": 15, "num_publications_10y": 17, "num_citations_10y": 15, "publications_years": {"2018": 5, "2014": 6, "2019": 4, "2016": 2, "2017": 1, "2015": 3}, "citations_years": {"2018": 6, "2019": 7, "2020": 1, "2017": 5, "2016": 3, "2015": 1}, "old_citations": {"2018": 4, "2014": 9, "2019": 2, "2016": 2, "2017": 0, "2015": 6}, "isVisible": false}, "field programmable gate arrays (fpga)": {"name": "field programmable gate arrays (fpga)", "type": "topic", "h_index": 594, "h5_index": 149, "num_publications": 20, "num_citations": 21, "num_publications_5y": 17, "num_citations_5y": 14, "num_publications_10y": 17, "num_citations_10y": 14, "publications_years": {"2018": 6, "2014": 7, "2019": 3, "2017": 2, "2016": 1, "2015": 1}, "citations_years": {"2018": 9, "2019": 6, "2020": 1, "2017": 4, "2016": 1}, "old_citations": {"2018": 2, "2014": 11, "2019": 2, "2017": 5, "2016": 0, "2015": 1}, "isVisible": false}, "telecommunication systems": {"name": "telecommunication systems", "type": "topic", "h_index": 1187, "h5_index": 277, "num_publications": 19, "num_citations": 22, "num_publications_5y": 16, "num_citations_5y": 14, "num_publications_10y": 16, "num_citations_10y": 14, "publications_years": {"2018": 5, "2014": 6, "2019": 3, "2017": 1, "2016": 1, "2015": 3}, "citations_years": {"2018": 6, "2019": 7, "2020": 1, "2017": 4, "2016": 3, "2015": 1}, "old_citations": {"2018": 4, "2014": 9, "2019": 2, "2017": 0, "2016": 1, "2015": 6}, "isVisible": false}, "engineering": {"name": "engineering", "type": "topic", "h_index": 1177, "h5_index": 287, "num_publications": 18, "num_citations": 22, "num_publications_5y": 14, "num_citations_5y": 15, "num_publications_10y": 15, "num_citations_10y": 15, "publications_years": {"2018": 5, "2014": 5, "2019": 3, "2017": 2, "2009": 1, "2016": 2}, "citations_years": {"2018": 10, "2019": 6, "2020": 1, "2017": 4, "2016": 1}, "old_citations": {"2018": 4, "2014": 9, "2019": 2, "2017": 5, "2009": 0, "2016": 2}, "isVisible": false}, "communication systems": {"name": "communication systems", "type": "topic", "h_index": 1092, "h5_index": 254, "num_publications": 16, "num_citations": 15, "num_publications_5y": 13, "num_citations_5y": 9, "num_publications_10y": 13, "num_citations_10y": 9, "publications_years": {"2018": 4, "2014": 6, "2019": 3, "2017": 1, "2016": 1, "2015": 1}, "citations_years": {"2018": 5, "2019": 5, "2020": 1, "2017": 3, "2016": 1}, "old_citations": {"2018": 2, "2014": 9, "2019": 2, "2017": 0, "2016": 1, "2015": 1}, "isVisible": false}, "mathematics": {"name": "mathematics", "type": "topic", "h_index": 1364, "h5_index": 300, "num_publications": 16, "num_citations": 13, "num_publications_5y": 12, "num_citations_5y": 10, "num_publications_10y": 13, "num_citations_10y": 10, "publications_years": {"2018": 3, "2014": 4, "2019": 3, "2009": 1, "2016": 2, "2017": 1, "2015": 2}, "citations_years": {"2018": 4, "2019": 3, "2017": 4, "2016": 2}, "old_citations": {"2018": 2, "2014": 7, "2019": 0, "2009": 0, "2016": 2, "2017": 0, "2015": 2}, "isVisible": false}, "telecommunication networks": {"name": "telecommunication networks", "type": "topic", "h_index": 1116, "h5_index": 258, "num_publications": 16, "num_citations": 20, "num_publications_5y": 13, "num_citations_5y": 13, "num_publications_10y": 13, "num_citations_10y": 13, "publications_years": {"2014": 6, "2019": 3, "2018": 3, "2016": 1, "2015": 3}, "citations_years": {"2018": 5, "2019": 6, "2020": 1, "2017": 4, "2016": 3, "2015": 1}, "old_citations": {"2014": 9, "2019": 2, "2018": 2, "2016": 1, "2015": 6}, "isVisible": false}, "vlsi circuits": {"name": "vlsi circuits", "type": "topic", "h_index": 374, "h5_index": 78, "num_publications": 16, "num_citations": 13, "num_publications_5y": 12, "num_citations_5y": 8, "num_publications_10y": 13, "num_citations_10y": 8, "publications_years": {"2018": 4, "2014": 6, "2019": 3, "2009": 1, "2016": 1, "2015": 1}, "citations_years": {"2018": 4, "2019": 4, "2020": 1, "2017": 3, "2016": 1}, "old_citations": {"2018": 2, "2014": 7, "2019": 2, "2009": 0, "2016": 1, "2015": 1}, "isVisible": false}, "wireless telecommunication systems": {"name": "wireless telecommunication systems", "type": "topic", "h_index": 1087, "h5_index": 254, "num_publications": 16, "num_citations": 15, "num_publications_5y": 13, "num_citations_5y": 9, "num_publications_10y": 13, "num_citations_10y": 9, "publications_years": {"2018": 4, "2014": 6, "2019": 3, "2017": 1, "2016": 1, "2015": 1}, "citations_years": {"2018": 5, "2019": 5, "2020": 1, "2017": 3, "2016": 1}, "old_citations": {"2018": 2, "2014": 9, "2019": 2, "2017": 0, "2016": 1, "2015": 1}, "isVisible": false}, "computer aided design": {"name": "computer aided design", "type": "topic", "h_index": 485, "h5_index": 107, "num_publications": 15, "num_citations": 13, "num_publications_5y": 11, "num_citations_5y": 8, "num_publications_10y": 12, "num_citations_10y": 8, "publications_years": {"2018": 4, "2014": 5, "2019": 3, "2009": 1, "2016": 1, "2015": 1}, "citations_years": {"2018": 4, "2019": 4, "2020": 1, "2017": 3, "2016": 1}, "old_citations": {"2018": 2, "2014": 7, "2019": 2, "2009": 0, "2016": 1, "2015": 1}, "isVisible": false}, "distributed computer systems": {"name": "distributed computer systems", "type": "topic", "h_index": 985, "h5_index": 228, "num_publications": 15, "num_citations": 8, "num_publications_5y": 12, "num_citations_5y": 6, "num_publications_10y": 12, "num_citations_10y": 6, "publications_years": {"2018": 3, "2014": 6, "2019": 3, "2016": 2, "2015": 1}, "citations_years": {"2018": 1, "2019": 2, "2017": 2, "2016": 2, "2015": 1}, "old_citations": {"2018": 0, "2014": 6, "2019": 0, "2016": 1, "2015": 1}, "isVisible": false}, "integrated circuit layout": {"name": "integrated circuit layout", "type": "topic", "h_index": 303, "h5_index": 73, "num_publications": 15, "num_citations": 13, "num_publications_5y": 11, "num_citations_5y": 8, "num_publications_10y": 12, "num_citations_10y": 8, "publications_years": {"2018": 4, "2014": 5, "2019": 3, "2009": 1, "2016": 1, "2015": 1}, "citations_years": {"2018": 4, "2019": 4, "2020": 1, "2017": 3, "2016": 1}, "old_citations": {"2018": 2, "2014": 7, "2019": 2, "2009": 0, "2016": 1, "2015": 1}, "isVisible": false}, "sensors": {"name": "sensors", "type": "topic", "h_index": 960, "h5_index": 229, "num_publications": 15, "num_citations": 28, "num_publications_5y": 12, "num_citations_5y": 18, "num_publications_10y": 12, "num_citations_10y": 18, "publications_years": {"2014": 5, "2019": 3, "2018": 5, "2016": 2}, "citations_years": {"2014": 1, "2015": 2, "2016": 2, "2017": 6, "2018": 7, "2019": 9, "2020": 1}, "old_citations": {"2014": 20, "2019": 2, "2018": 4, "2016": 2}, "isVisible": false}, "integrated circuit testing": {"name": "integrated circuit testing", "type": "topic", "h_index": 236, "h5_index": 45, "num_publications": 14, "num_citations": 12, "num_publications_5y": 10, "num_citations_5y": 7, "num_publications_10y": 11, "num_citations_10y": 7, "publications_years": {"2018": 4, "2014": 5, "2019": 3, "2009": 1, "2015": 1}, "citations_years": {"2018": 4, "2019": 4, "2020": 1, "2017": 2, "2016": 1}, "old_citations": {"2018": 2, "2014": 7, "2019": 2, "2009": 0, "2015": 1}, "isVisible": false}, "distributed systems": {"name": "distributed systems", "type": "topic", "h_index": 859, "h5_index": 209, "num_publications": 13, "num_citations": 5, "num_publications_5y": 10, "num_citations_5y": 4, "num_publications_10y": 10, "num_citations_10y": 4, "publications_years": {"2018": 3, "2014": 5, "2019": 3, "2016": 1, "2015": 1}, "citations_years": {"2016": 2, "2015": 1, "2017": 1, "2018": 0, "2019": 1}, "old_citations": {"2018": 0, "2014": 4, "2019": 0, "2016": 0, "2015": 1}, "isVisible": false}, "parallel processing systems": {"name": "parallel processing systems", "type": "topic", "h_index": 845, "h5_index": 208, "num_publications": 13, "num_citations": 5, "num_publications_5y": 10, "num_citations_5y": 4, "num_publications_10y": 10, "num_citations_10y": 4, "publications_years": {"2018": 3, "2014": 5, "2019": 3, "2016": 1, "2015": 1}, "citations_years": {"2016": 2, "2015": 1, "2017": 1, "2018": 0, "2019": 1}, "old_citations": {"2018": 0, "2014": 4, "2019": 0, "2016": 0, "2015": 1}, "isVisible": false}, "integrated circuits": {"name": "integrated circuits", "type": "topic", "h_index": 276, "h5_index": 59, "num_publications": 6, "num_citations": 19, "num_publications_5y": 6, "num_citations_5y": 14, "num_publications_10y": 6, "num_citations_10y": 14, "publications_years": {"2014": 3, "2018": 1, "2016": 2}, "citations_years": {"2014": 1, "2015": 2, "2016": 2, "2017": 5, "2018": 4, "2019": 5}, "old_citations": {"2014": 18, "2018": 0, "2016": 1}, "isVisible": false}, "artificial intelligence": {"name": "artificial intelligence", "type": "topic", "h_index": 1421, "h5_index": 373, "num_publications": 11, "num_citations": 16, "num_publications_5y": 9, "num_citations_5y": 14, "num_publications_10y": 9, "num_citations_10y": 14, "publications_years": {"2014": 2, "2017": 1, "2019": 2, "2018": 2, "2016": 1, "2015": 3}, "citations_years": {"2018": 5, "2019": 2, "2017": 4, "2016": 3, "2015": 2}, "old_citations": {"2014": 4, "2017": 5, "2019": 0, "2018": 0, "2016": 1, "2015": 6}, "isVisible": false}, "logic gates": {"name": "logic gates", "type": "topic", "h_index": 294, "h5_index": 60, "num_publications": 9, "num_citations": 15, "num_publications_5y": 8, "num_citations_5y": 11, "num_publications_10y": 8, "num_citations_10y": 11, "publications_years": {"2014": 3, "2019": 1, "2017": 1, "2018": 3, "2015": 1}, "citations_years": {"2018": 7, "2019": 3, "2020": 1, "2017": 3, "2016": 1}, "old_citations": {"2014": 7, "2019": 2, "2017": 5, "2018": 0, "2015": 1}, "isVisible": false}, "internet": {"name": "internet", "type": "topic", "h_index": 1102, "h5_index": 245, "num_publications": 4, "num_citations": 14, "num_publications_5y": 3, "num_citations_5y": 10, "num_publications_10y": 3, "num_citations_10y": 10, "publications_years": {"2014": 2, "2019": 1, "2016": 1}, "citations_years": {"2014": 1, "2015": 2, "2016": 1, "2017": 4, "2018": 2, "2019": 4}, "old_citations": {"2014": 13, "2019": 0, "2016": 1}, "isVisible": false}, "business models": {"name": "business models", "type": "topic", "h_index": 148, "h5_index": 37, "num_publications": 1, "num_citations": 13, "num_publications_5y": 1, "num_citations_5y": 9, "num_publications_10y": 1, "num_citations_10y": 9, "publications_years": {"2014": 1}, "citations_years": {"2014": 1, "2015": 2, "2016": 1, "2017": 3, "2018": 2, "2019": 4}, "old_citations": {"2014": 13}, "isVisible": false}, "business process": {"name": "business process", "type": "topic", "h_index": 359, "h5_index": 60, "num_publications": 1, "num_citations": 13, "num_publications_5y": 1, "num_citations_5y": 9, "num_publications_10y": 1, "num_citations_10y": 9, "publications_years": {"2014": 1}, "citations_years": {"2014": 1, "2015": 2, "2016": 1, "2017": 3, "2018": 2, "2019": 4}, "old_citations": {"2014": 13}, "isVisible": false}, "communication": {"name": "communication", "type": "topic", "h_index": 886, "h5_index": 209, "num_publications": 2, "num_citations": 13, "num_publications_5y": 2, "num_citations_5y": 9, "num_publications_10y": 2, "num_citations_10y": 9, "publications_years": {"2014": 2}, "citations_years": {"2014": 1, "2015": 2, "2016": 1, "2017": 3, "2018": 2, "2019": 4}, "old_citations": {"2014": 13}, "isVisible": false}, "signal processing": {"name": "signal processing", "type": "topic", "h_index": 1012, "h5_index": 255, "num_publications": 11, "num_citations": 9, "num_publications_5y": 9, "num_citations_5y": 7, "num_publications_10y": 9, "num_citations_10y": 7, "publications_years": {"2018": 4, "2014": 3, "2017": 2, "2019": 2}, "citations_years": {"2017": 1, "2018": 6, "2019": 2}, "old_citations": {"2018": 2, "2014": 2, "2017": 5, "2019": 0}, "isVisible": false}, "bandwidth": {"name": "bandwidth", "type": "topic", "h_index": 922, "h5_index": 201, "num_publications": 11, "num_citations": 6, "num_publications_5y": 8, "num_citations_5y": 3, "num_publications_10y": 8, "num_citations_10y": 3, "publications_years": {"2018": 2, "2019": 3, "2014": 3, "2017": 1, "2016": 1, "2015": 1}, "citations_years": {"2019": 2, "2020": 1, "2018": 1, "2017": 2}, "old_citations": {"2018": 0, "2019": 2, "2014": 2, "2017": 0, "2016": 1, "2015": 1}, "isVisible": false}, "computer security": {"name": "computer security", "type": "topic", "h_index": 977, "h5_index": 220, "num_publications": 8, "num_citations": 12, "num_publications_5y": 5, "num_citations_5y": 10, "num_publications_10y": 6, "num_citations_10y": 10, "publications_years": {"2018": 2, "2017": 1, "2019": 2, "2009": 1, "2015": 2}, "citations_years": {"2018": 5, "2019": 2, "2017": 2, "2016": 2, "2015": 1}, "old_citations": {"2018": 2, "2017": 5, "2019": 0, "2009": 0, "2015": 5}, "isVisible": false}, "cryptography": {"name": "cryptography", "type": "topic", "h_index": 761, "h5_index": 179, "num_publications": 8, "num_citations": 12, "num_publications_5y": 5, "num_citations_5y": 10, "num_publications_10y": 6, "num_citations_10y": 10, "publications_years": {"2018": 2, "2017": 1, "2019": 2, "2009": 1, "2015": 2}, "citations_years": {"2018": 5, "2019": 2, "2017": 2, "2016": 2, "2015": 1}, "old_citations": {"2018": 2, "2017": 5, "2019": 0, "2009": 0, "2015": 5}, "isVisible": false}, "cryptology": {"name": "cryptology", "type": "topic", "h_index": 761, "h5_index": 179, "num_publications": 8, "num_citations": 12, "num_publications_5y": 5, "num_citations_5y": 10, "num_publications_10y": 6, "num_citations_10y": 10, "publications_years": {"2018": 2, "2017": 1, "2019": 2, "2009": 1, "2015": 2}, "citations_years": {"2018": 5, "2019": 2, "2017": 2, "2016": 2, "2015": 1}, "old_citations": {"2018": 2, "2017": 5, "2019": 0, "2009": 0, "2015": 5}, "isVisible": false}, "authentication": {"name": "authentication", "type": "topic", "h_index": 615, "h5_index": 135, "num_publications": 2, "num_citations": 5, "num_publications_5y": 1, "num_citations_5y": 5, "num_publications_10y": 1, "num_citations_10y": 5, "publications_years": {"2017": 1, "2019": 1}, "citations_years": {"2017": 1, "2018": 4}, "old_citations": {"2017": 5, "2019": 0}, "isVisible": false}, "differential power analysis": {"name": "differential power analysis", "type": "topic", "h_index": 84, "h5_index": 17, "num_publications": 1, "num_citations": 5, "num_publications_5y": 1, "num_citations_5y": 5, "num_publications_10y": 1, "num_citations_10y": 5, "publications_years": {"2017": 1}, "citations_years": {"2017": 1, "2018": 4}, "old_citations": {"2017": 5}, "isVisible": false}, "dpa attacks": {"name": "dpa attacks", "type": "topic", "h_index": 63, "h5_index": 14, "num_publications": 1, "num_citations": 5, "num_publications_5y": 1, "num_citations_5y": 5, "num_publications_10y": 1, "num_citations_10y": 5, "publications_years": {"2017": 1}, "citations_years": {"2017": 1, "2018": 4}, "old_citations": {"2017": 5}, "isVisible": false}}, "authors": {"1990330707": {"name": "ramesh c tekumalla", "type": "author", "activity": 4, "h_index": 5, "h5_index": 0, "mag_id": "1990330707", "num_publications": 3, "num_citations": 4, "num_publications_5y": 3, "num_citations_5y": 2, "num_publications_10y": 3, "num_citations_10y": 2, "publications_years": {"2014": 3}, "citations_years": {"2018": 1, "2019": 2, "2017": 1}, "old_citations": {"2014": 4}, "isVisible": false}, "2124432933": {"name": "jennifer dworak", "type": "author", "activity": 22, "h_index": 12, "h5_index": 3, "mag_id": "2124432933", "num_publications": 3, "num_citations": 7, "num_publications_5y": 3, "num_citations_5y": 6, "num_publications_10y": 3, "num_citations_10y": 6, "publications_years": {"2014": 1, "2017": 1, "2018": 1}, "citations_years": {"2018": 5, "2019": 1, "2017": 1}, "old_citations": {"2014": 2, "2017": 5, "2018": 0}, "isVisible": false}, "2146318055": {"name": "vishwani d agrawal", "type": "author", "activity": 31, "h_index": 34, "h5_index": 2, "mag_id": "2146318055", "num_publications": 3, "num_citations": 8, "num_publications_5y": 2, "num_citations_5y": 5, "num_publications_10y": 2, "num_citations_10y": 5, "publications_years": {"2019": 1, "2016": 1, "2014": 1}, "citations_years": {"2019": 2, "2020": 1, "2017": 2, "2016": 1, "2018": 2}, "old_citations": {"2019": 2, "2016": 1, "2014": 5}, "isVisible": false}, "3001460844": {"name": "d m h walker", "type": "author", "activity": 17, "h_index": 8, "h5_index": 0, "mag_id": "3001460844", "num_publications": 3, "num_citations": 1, "num_publications_5y": 3, "num_citations_5y": 1, "num_publications_10y": 3, "num_citations_10y": 1, "publications_years": {"2014": 2, "2015": 1}, "citations_years": {"2017": 1}, "old_citations": {"2014": 0, "2015": 1}, "isVisible": false}, "1580043605": {"name": "muralidharan venkatasubramanian", "type": "author", "activity": 6, "h_index": 2, "h5_index": 1, "mag_id": "1580043605", "num_publications": 2, "num_citations": 6, "num_publications_5y": 2, "num_citations_5y": 5, "num_publications_10y": 2, "num_citations_10y": 5, "publications_years": {"2016": 1, "2014": 1}, "citations_years": {"2017": 2, "2016": 1, "2018": 2, "2019": 1}, "old_citations": {"2016": 1, "2014": 5}, "isVisible": false}, "2118060348": {"name": "swati chakraborty", "type": "author", "activity": 2, "h_index": 1, "h5_index": 0, "mag_id": "2118060348", "num_publications": 2, "num_citations": 1, "num_publications_5y": 2, "num_citations_5y": 1, "num_publications_10y": 2, "num_citations_10y": 1, "publications_years": {"2014": 1, "2015": 1}, "citations_years": {"2017": 1}, "old_citations": {"2014": 0, "2015": 1}, "isVisible": false}, "2127359170": {"name": "yukun gao", "type": "author", "activity": 2, "h_index": 1, "h5_index": 0, "mag_id": "2127359170", "num_publications": 2, "num_citations": 0, "num_publications_5y": 2, "num_citations_5y": 0, "num_publications_10y": 2, "num_citations_10y": 0, "publications_years": {"2014": 2}, "citations_years": {}, "old_citations": {"2014": 0}, "isVisible": false}, "2150710916": {"name": "prakash krishnamoorthy", "type": "author", "activity": 4, "h_index": 3, "h5_index": 0, "mag_id": "2150710916", "num_publications": 2, "num_citations": 4, "num_publications_5y": 2, "num_citations_5y": 2, "num_publications_10y": 2, "num_citations_10y": 2, "publications_years": {"2014": 2}, "citations_years": {"2018": 1, "2019": 2, "2017": 1}, "old_citations": {"2014": 4}, "isVisible": false}, "2222654500": {"name": "weize yu", "type": "author", "activity": 5, "h_index": 6, "h5_index": 4, "mag_id": "2222654500", "num_publications": 2, "num_citations": 0, "num_publications_5y": 0, "num_citations_5y": 0, "num_publications_10y": 0, "num_citations_10y": 0, "publications_years": {"2019": 2}, "citations_years": {}, "old_citations": {"2019": 0}, "isVisible": false}, "2338451536": {"name": "fanchen zhang", "type": "author", "activity": 6, "h_index": 2, "h5_index": 1, "mag_id": "2338451536", "num_publications": 2, "num_citations": 2, "num_publications_5y": 2, "num_citations_5y": 1, "num_publications_10y": 2, "num_citations_10y": 1, "publications_years": {"2014": 1, "2018": 1}, "citations_years": {"2018": 1, "2019": 1}, "old_citations": {"2014": 2, "2018": 0}, "isVisible": false}, "2631145985": {"name": "tengteng zhang", "type": "author", "activity": 3, "h_index": 2, "h5_index": 0, "mag_id": "2631145985", "num_publications": 2, "num_citations": 0, "num_publications_5y": 2, "num_citations_5y": 0, "num_publications_10y": 2, "num_citations_10y": 0, "publications_years": {"2014": 2}, "citations_years": {}, "old_citations": {"2014": 0}, "isVisible": false}, "2911300440": {"name": "yiming wen", "type": "author", "activity": 2, "h_index": 1, "h5_index": 1, "mag_id": "2911300440", "num_publications": 2, "num_citations": 0, "num_publications_5y": 0, "num_citations_5y": 0, "num_publications_10y": 0, "num_citations_10y": 0, "publications_years": {"2019": 2}, "citations_years": {}, "old_citations": {"2019": 0}, "isVisible": false}, "236455989": {"name": "sule ozev", "type": "author", "activity": 22, "h_index": 21, "h5_index": 4, "mag_id": "236455989", "num_publications": 1, "num_citations": 0, "num_publications_5y": 1, "num_citations_5y": 0, "num_publications_10y": 1, "num_citations_10y": 0, "publications_years": {"2018": 1}, "citations_years": {}, "old_citations": {"2018": 0}, "isVisible": false}, "349439337": {"name": "patrick tounsi", "type": "author", "activity": 14, "h_index": 2, "h5_index": 1, "mag_id": "349439337", "num_publications": 1, "num_citations": 2, "num_publications_5y": 1, "num_citations_5y": 1, "num_publications_10y": 1, "num_citations_10y": 1, "publications_years": {"2018": 1}, "citations_years": {"2018": 1, "2019": 1}, "old_citations": {"2018": 2}, "isVisible": false}, "370446870": {"name": "a virazel", "type": "author", "activity": 23, "h_index": 18, "h5_index": 4, "mag_id": "370446870", "num_publications": 1, "num_citations": 2, "num_publications_5y": 1, "num_citations_5y": 2, "num_publications_10y": 1, "num_citations_10y": 2, "publications_years": {"2014": 1}, "citations_years": {"2015": 1, "2016": 1}, "old_citations": {"2014": 2}, "isVisible": false}, "673119823": {"name": "nicola nicolici", "type": "author", "activity": 21, "h_index": 26, "h5_index": 3, "mag_id": "673119823", "num_publications": 1, "num_citations": 1, "num_publications_5y": 1, "num_citations_5y": 1, "num_publications_10y": 1, "num_citations_10y": 1, "publications_years": {"2015": 1}, "citations_years": {"2016": 1}, "old_citations": {"2015": 1}, "isVisible": false}, "1028547934": {"name": "pascal nsame", "type": "author", "activity": 12, "h_index": 1, "h5_index": 0, "mag_id": "1028547934", "num_publications": 1, "num_citations": 0, "num_publications_5y": 1, "num_citations_5y": 0, "num_publications_10y": 1, "num_citations_10y": 0, "publications_years": {"2014": 1}, "citations_years": {}, "old_citations": {"2014": 0}, "isVisible": false}, "1514943864": {"name": "ozgur sinanoglu", "type": "author", "activity": 20, "h_index": 24, "h5_index": 15, "mag_id": "1514943864", "num_publications": 1, "num_citations": 0, "num_publications_5y": 0, "num_citations_5y": 0, "num_publications_10y": 1, "num_citations_10y": 0, "publications_years": {"2009": 1}, "citations_years": {}, "old_citations": {"2009": 0}, "isVisible": false}, "1899532626": {"name": "lorenzo ciampolini", "type": "author", "activity": 8, "h_index": 4, "h5_index": 3, "mag_id": "1899532626", "num_publications": 1, "num_citations": 0, "num_publications_5y": 1, "num_citations_5y": 0, "num_publications_10y": 1, "num_citations_10y": 0, "publications_years": {"2016": 1}, "citations_years": {}, "old_citations": {"2016": 0}, "isVisible": false}, "1980834134": {"name": "ryan jurasek", "type": "author", "activity": 7, "h_index": 2, "h5_index": 0, "mag_id": "1980834134", "num_publications": 1, "num_citations": 0, "num_publications_5y": 1, "num_citations_5y": 0, "num_publications_10y": 1, "num_citations_10y": 0, "publications_years": {"2018": 1}, "citations_years": {}, "old_citations": {"2018": 0}, "isVisible": false}, "1982494342": {"name": "franco stellari", "type": "author", "activity": 17, "h_index": 8, "h5_index": 1, "mag_id": "1982494342", "num_publications": 1, "num_citations": 0, "num_publications_5y": 0, "num_citations_5y": 0, "num_publications_10y": 0, "num_citations_10y": 0, "publications_years": {"2019": 1}, "citations_years": {}, "old_citations": {"2019": 0}, "isVisible": false}, "2027676696": {"name": "luigi dilillo", "type": "author", "activity": 16, "h_index": 11, "h5_index": 2, "mag_id": "2027676696", "num_publications": 1, "num_citations": 2, "num_publications_5y": 1, "num_citations_5y": 2, "num_publications_10y": 1, "num_citations_10y": 2, "publications_years": {"2014": 1}, "citations_years": {"2015": 1, "2016": 1}, "old_citations": {"2014": 2}, "isVisible": false}, "2070194378": {"name": "sobeeh almukhaizim", "type": "author", "activity": 13, "h_index": 11, "h5_index": 0, "mag_id": "2070194378", "num_publications": 1, "num_citations": 0, "num_publications_5y": 0, "num_citations_5y": 0, "num_publications_10y": 1, "num_citations_10y": 0, "publications_years": {"2009": 1}, "citations_years": {}, "old_citations": {"2009": 0}, "isVisible": false}, "2078872483": {"name": "david turgis", "type": "author", "activity": 19, "h_index": 4, "h5_index": 3, "mag_id": "2078872483", "num_publications": 1, "num_citations": 0, "num_publications_5y": 1, "num_citations_5y": 0, "num_publications_10y": 1, "num_citations_10y": 0, "publications_years": {"2016": 1}, "citations_years": {}, "old_citations": {"2016": 0}, "isVisible": false}, "2105363892": {"name": "uma srinivasan", "type": "author", "activity": 15, "h_index": 3, "h5_index": 0, "mag_id": "2105363892", "num_publications": 1, "num_citations": 0, "num_publications_5y": 0, "num_citations_5y": 0, "num_publications_10y": 0, "num_citations_10y": 0, "publications_years": {"2019": 1}, "citations_years": {}, "old_citations": {"2019": 0}, "isVisible": false}, "2107432752": {"name": "micah thornton", "type": "author", "activity": 14, "h_index": 3, "h5_index": 1, "mag_id": "2107432752", "num_publications": 1, "num_citations": 2, "num_publications_5y": 1, "num_citations_5y": 1, "num_publications_10y": 1, "num_citations_10y": 1, "publications_years": {"2014": 1}, "citations_years": {"2018": 1, "2019": 1}, "old_citations": {"2014": 2}, "isVisible": false}, "2111588147": {"name": "sandip kundu", "type": "author", "activity": 30, "h_index": 28, "h5_index": 5, "mag_id": "2111588147", "num_publications": 1, "num_citations": 1, "num_publications_5y": 1, "num_citations_5y": 1, "num_publications_10y": 1, "num_citations_10y": 1, "publications_years": {"2016": 1}, "citations_years": {"2017": 1}, "old_citations": {"2016": 1}, "isVisible": false}, "2117932680": {"name": "a bosio", "type": "author", "activity": 15, "h_index": 12, "h5_index": 5, "mag_id": "2117932680", "num_publications": 1, "num_citations": 2, "num_publications_5y": 1, "num_citations_5y": 2, "num_publications_10y": 1, "num_citations_10y": 2, "publications_years": {"2014": 1}, "citations_years": {"2015": 1, "2016": 1}, "old_citations": {"2014": 2}, "isVisible": false}, "2121745896": {"name": "p bernardi", "type": "author", "activity": 17, "h_index": 16, "h5_index": 3, "mag_id": "2121745896", "num_publications": 1, "num_citations": 2, "num_publications_5y": 1, "num_citations_5y": 2, "num_publications_10y": 1, "num_citations_10y": 2, "publications_years": {"2014": 1}, "citations_years": {"2015": 1, "2016": 1}, "old_citations": {"2014": 2}, "isVisible": false}, "2130277347": {"name": "spencer k millican", "type": "author", "activity": 9, "h_index": 3, "h5_index": 2, "mag_id": "2130277347", "num_publications": 1, "num_citations": 2, "num_publications_5y": 0, "num_citations_5y": 0, "num_publications_10y": 0, "num_citations_10y": 0, "publications_years": {"2019": 1}, "citations_years": {"2019": 1, "2020": 1}, "old_citations": {"2019": 2}, "isVisible": false}, "2137212797": {"name": "p girard", "type": "author", "activity": 30, "h_index": 31, "h5_index": 4, "mag_id": "2137212797", "num_publications": 1, "num_citations": 2, "num_publications_5y": 1, "num_citations_5y": 2, "num_publications_10y": 1, "num_citations_10y": 2, "publications_years": {"2014": 1}, "citations_years": {"2015": 1, "2016": 1}, "old_citations": {"2014": 2}, "isVisible": false}, "2146162090": {"name": "ayman m wahba", "type": "author", "activity": 25, "h_index": 7, "h5_index": 2, "mag_id": "2146162090", "num_publications": 1, "num_citations": 4, "num_publications_5y": 1, "num_citations_5y": 3, "num_publications_10y": 1, "num_citations_10y": 3, "publications_years": {"2015": 1}, "citations_years": {"2015": 1, "2016": 1, "2017": 1, "2018": 0, "2019": 1}, "old_citations": {"2015": 4}, "isVisible": false}, "2146582068": {"name": "md tauhidur rahman", "type": "author", "activity": 3, "h_index": 9, "h5_index": 1, "mag_id": "2146582068", "num_publications": 1, "num_citations": 13, "num_publications_5y": 1, "num_citations_5y": 9, "num_publications_10y": 1, "num_citations_10y": 9, "publications_years": {"2014": 1}, "citations_years": {"2014": 1, "2015": 2, "2016": 1, "2017": 3, "2018": 2, "2019": 4}, "old_citations": {"2014": 13}, "isVisible": false}, "2152209967": {"name": "peilin song", "type": "author", "activity": 22, "h_index": 13, "h5_index": 1, "mag_id": "2152209967", "num_publications": 1, "num_citations": 0, "num_publications_5y": 0, "num_citations_5y": 0, "num_publications_10y": 0, "num_citations_10y": 0, "publications_years": {"2019": 1}, "citations_years": {}, "old_citations": {"2019": 0}, "isVisible": false}, "2152217567": {"name": "quihang shi", "type": "author", "activity": 1, "h_index": 2, "h5_index": 0, "mag_id": "2152217567", "num_publications": 1, "num_citations": 13, "num_publications_5y": 1, "num_citations_5y": 9, "num_publications_10y": 1, "num_citations_10y": 9, "publications_years": {"2014": 1}, "citations_years": {"2014": 1, "2015": 2, "2016": 1, "2017": 3, "2018": 2, "2019": 4}, "old_citations": {"2014": 13}, "isVisible": false}, "2160523507": {"name": "y savaria", "type": "author", "activity": 30, "h_index": 21, "h5_index": 5, "mag_id": "2160523507", "num_publications": 1, "num_citations": 0, "num_publications_5y": 1, "num_citations_5y": 0, "num_publications_10y": 1, "num_citations_10y": 0, "publications_years": {"2014": 1}, "citations_years": {}, "old_citations": {"2014": 0}, "isVisible": false}, "2196954048": {"name": "g ghibaudo", "type": "author", "activity": 27, "h_index": 7, "h5_index": 1, "mag_id": "2196954048", "num_publications": 1, "num_citations": 0, "num_publications_5y": 1, "num_citations_5y": 0, "num_publications_10y": 1, "num_citations_10y": 0, "publications_years": {"2016": 1}, "citations_years": {}, "old_citations": {"2016": 0}, "isVisible": false}, "2197753368": {"name": "gustavo k contreras", "type": "author", "activity": 5, "h_index": 6, "h5_index": 3, "mag_id": "2197753368", "num_publications": 1, "num_citations": 13, "num_publications_5y": 1, "num_citations_5y": 9, "num_publications_10y": 1, "num_citations_10y": 9, "publications_years": {"2014": 1}, "citations_years": {"2014": 1, "2015": 2, "2016": 1, "2017": 3, "2018": 2, "2019": 4}, "old_citations": {"2014": 13}, "isVisible": false}, "2198607828": {"name": "domenic forte", "type": "author", "activity": 11, "h_index": 21, "h5_index": 11, "mag_id": "2198607828", "num_publications": 1, "num_citations": 13, "num_publications_5y": 1, "num_citations_5y": 9, "num_publications_10y": 1, "num_citations_10y": 9, "publications_years": {"2014": 1}, "citations_years": {"2014": 1, "2015": 2, "2016": 1, "2017": 3, "2018": 2, "2019": 4}, "old_citations": {"2014": 13}, "isVisible": false}, "2222099679": {"name": "brice lhomme", "type": "author", "activity": 7, "h_index": 0, "h5_index": 0, "mag_id": "2222099679", "num_publications": 1, "num_citations": 0, "num_publications_5y": 1, "num_citations_5y": 0, "num_publications_10y": 1, "num_citations_10y": 0, "publications_years": {"2016": 1}, "citations_years": {}, "old_citations": {"2016": 0}, "isVisible": false}, "2224166106": {"name": "hazem said", "type": "author", "activity": 15, "h_index": 3, "h5_index": 1, "mag_id": "2224166106", "num_publications": 1, "num_citations": 4, "num_publications_5y": 1, "num_citations_5y": 3, "num_publications_10y": 1, "num_citations_10y": 3, "publications_years": {"2015": 1}, "citations_years": {"2015": 1, "2016": 1, "2017": 1, "2018": 0, "2019": 1}, "old_citations": {"2015": 4}, "isVisible": false}, "2225363642": {"name": "amin vali", "type": "author", "activity": 4, "h_index": 2, "h5_index": 2, "mag_id": "2225363642", "num_publications": 1, "num_citations": 1, "num_publications_5y": 1, "num_citations_5y": 1, "num_publications_10y": 1, "num_citations_10y": 1, "publications_years": {"2015": 1}, "citations_years": {"2016": 1}, "old_citations": {"2015": 1}, "isVisible": false}, "2225815431": {"name": "yann carminati", "type": "author", "activity": 7, "h_index": 0, "h5_index": 0, "mag_id": "2225815431", "num_publications": 1, "num_citations": 0, "num_publications_5y": 1, "num_citations_5y": 0, "num_publications_10y": 1, "num_citations_10y": 0, "publications_years": {"2016": 1}, "citations_years": {}, "old_citations": {"2016": 0}, "isVisible": false}, "2252187596": {"name": "guy bois", "type": "author", "activity": 30, "h_index": 15, "h5_index": 2, "mag_id": "2252187596", "num_publications": 1, "num_citations": 0, "num_publications_5y": 1, "num_citations_5y": 0, "num_publications_10y": 1, "num_citations_10y": 0, "publications_years": {"2014": 1}, "citations_years": {}, "old_citations": {"2014": 0}, "isVisible": false}, "2265132803": {"name": "chad allen adams", "type": "author", "activity": 18, "h_index": 9, "h5_index": 0, "mag_id": "2265132803", "num_publications": 1, "num_citations": 0, "num_publications_5y": 0, "num_citations_5y": 0, "num_publications_10y": 0, "num_citations_10y": 0, "publications_years": {"2019": 1}, "citations_years": {}, "old_citations": {"2019": 0}, "isVisible": false}, "2281998863": {"name": "daniel w engels", "type": "author", "activity": 10, "h_index": 6, "h5_index": 5, "mag_id": "2281998863", "num_publications": 1, "num_citations": 5, "num_publications_5y": 1, "num_citations_5y": 5, "num_publications_10y": 1, "num_citations_10y": 5, "publications_years": {"2017": 1}, "citations_years": {"2017": 1, "2018": 4}, "old_citations": {"2017": 5}, "isVisible": false}, "2296603379": {"name": "olivier callen", "type": "author", "activity": 11, "h_index": 1, "h5_index": 0, "mag_id": "2296603379", "num_publications": 1, "num_citations": 0, "num_publications_5y": 1, "num_citations_5y": 0, "num_publications_10y": 1, "num_citations_10y": 0, "publications_years": {"2016": 1}, "citations_years": {}, "old_citations": {"2016": 0}, "isVisible": false}, "2302276785": {"name": "phong t tran", "type": "author", "activity": 12, "h_index": 1, "h5_index": 1, "mag_id": "2302276785", "num_publications": 1, "num_citations": 0, "num_publications_5y": 0, "num_citations_5y": 0, "num_publications_10y": 0, "num_citations_10y": 0, "publications_years": {"2019": 1}, "citations_years": {}, "old_citations": {"2019": 0}, "isVisible": false}, "2339002419": {"name": "donald labrecque", "type": "author", "activity": 1, "h_index": 0, "h5_index": 0, "mag_id": "2339002419", "num_publications": 1, "num_citations": 0, "num_publications_5y": 1, "num_citations_5y": 0, "num_publications_10y": 1, "num_citations_10y": 0, "publications_years": {"2018": 1}, "citations_years": {}, "old_citations": {"2018": 0}, "isVisible": false}, "2404721445": {"name": "aviansh mendhalkar", "type": "author", "activity": 1, "h_index": 0, "h5_index": 0, "mag_id": "2404721445", "num_publications": 1, "num_citations": 0, "num_publications_5y": 1, "num_citations_5y": 0, "num_publications_10y": 1, "num_citations_10y": 0, "publications_years": {"2014": 1}, "citations_years": {}, "old_citations": {"2014": 0}, "isVisible": false}, "2430135231": {"name": "wolfgang hokenmaier", "type": "author", "activity": 15, "h_index": 2, "h5_index": 0, "mag_id": "2430135231", "num_publications": 1, "num_citations": 0, "num_publications_5y": 1, "num_citations_5y": 0, "num_publications_10y": 1, "num_citations_10y": 0, "publications_years": {"2018": 1}, "citations_years": {}, "old_citations": {"2018": 0}, "isVisible": false}, "2434754540": {"name": "a touati", "type": "author", "activity": 5, "h_index": 2, "h5_index": 2, "mag_id": "2434754540", "num_publications": 1, "num_citations": 2, "num_publications_5y": 1, "num_citations_5y": 2, "num_publications_10y": 1, "num_citations_10y": 2, "publications_years": {"2014": 1}, "citations_years": {"2015": 1, "2016": 1}, "old_citations": {"2014": 2}, "isVisible": false}, "2460951704": {"name": "william v huott", "type": "author", "activity": 28, "h_index": 15, "h5_index": 1, "mag_id": "2460951704", "num_publications": 1, "num_citations": 0, "num_publications_5y": 0, "num_citations_5y": 0, "num_publications_10y": 0, "num_citations_10y": 0, "publications_years": {"2019": 1}, "citations_years": {}, "old_citations": {"2019": 0}, "isVisible": false}, "2479741523": {"name": "surbhi bansal", "type": "author", "activity": 1, "h_index": 0, "h5_index": 0, "mag_id": "2479741523", "num_publications": 1, "num_citations": 0, "num_publications_5y": 1, "num_citations_5y": 0, "num_publications_10y": 1, "num_citations_10y": 0, "publications_years": {"2014": 1}, "citations_years": {}, "old_citations": {"2014": 0}, "isVisible": false}, "2483499896": {"name": "darren l anand", "type": "author", "activity": 6, "h_index": 2, "h5_index": 1, "mag_id": "2483499896", "num_publications": 1, "num_citations": 0, "num_publications_5y": 0, "num_citations_5y": 0, "num_publications_10y": 0, "num_citations_10y": 0, "publications_years": {"2019": 1}, "citations_years": {}, "old_citations": {"2019": 0}, "isVisible": false}, "2488480842": {"name": "saurabh gupta", "type": "author", "activity": 5, "h_index": 2, "h5_index": 2, "mag_id": "2488480842", "num_publications": 1, "num_citations": 5, "num_publications_5y": 1, "num_citations_5y": 5, "num_publications_10y": 1, "num_citations_10y": 5, "publications_years": {"2017": 1}, "citations_years": {"2017": 1, "2018": 4}, "old_citations": {"2017": 5}, "isVisible": false}, "2495984559": {"name": "aida todrisanial", "type": "author", "activity": 9, "h_index": 6, "h5_index": 3, "mag_id": "2495984559", "num_publications": 1, "num_citations": 2, "num_publications_5y": 1, "num_citations_5y": 2, "num_publications_10y": 1, "num_citations_10y": 2, "publications_years": {"2014": 1}, "citations_years": {"2015": 1, "2016": 1}, "old_citations": {"2014": 2}, "isVisible": false}, "2561147753": {"name": "david bonciani", "type": "author", "activity": 1, "h_index": 0, "h5_index": 0, "mag_id": "2561147753", "num_publications": 1, "num_citations": 0, "num_publications_5y": 1, "num_citations_5y": 0, "num_publications_10y": 1, "num_citations_10y": 0, "publications_years": {"2016": 1}, "citations_years": {}, "old_citations": {"2016": 0}, "isVisible": false}, "2565274672": {"name": "nazmul islam", "type": "author", "activity": 4, "h_index": 4, "h5_index": 4, "mag_id": "2565274672", "num_publications": 1, "num_citations": 1, "num_publications_5y": 1, "num_citations_5y": 1, "num_publications_10y": 1, "num_citations_10y": 1, "publications_years": {"2016": 1}, "citations_years": {"2017": 1}, "old_citations": {"2016": 1}, "isVisible": false}, "2565917310": {"name": "guillaume guirleo", "type": "author", "activity": 1, "h_index": 0, "h5_index": 0, "mag_id": "2565917310", "num_publications": 1, "num_citations": 0, "num_publications_5y": 1, "num_citations_5y": 0, "num_publications_10y": 1, "num_citations_10y": 0, "publications_years": {"2016": 1}, "citations_years": {}, "old_citations": {"2016": 0}, "isVisible": false}, "2567330551": {"name": "joseph nguyen", "type": "author", "activity": 1, "h_index": 1, "h5_index": 1, "mag_id": "2567330551", "num_publications": 1, "num_citations": 0, "num_publications_5y": 1, "num_citations_5y": 0, "num_publications_10y": 1, "num_citations_10y": 0, "publications_years": {"2016": 1}, "citations_years": {}, "old_citations": {"2016": 0}, "isVisible": false}, "2567646015": {"name": "yi sun", "type": "author", "activity": 4, "h_index": 1, "h5_index": 1, "mag_id": "2567646015", "num_publications": 1, "num_citations": 0, "num_publications_5y": 1, "num_citations_5y": 0, "num_publications_10y": 1, "num_citations_10y": 0, "publications_years": {"2018": 1}, "citations_years": {}, "old_citations": {"2018": 0}, "isVisible": false}, "2568754307": {"name": "mohamed hanafy", "type": "author", "activity": 6, "h_index": 2, "h5_index": 1, "mag_id": "2568754307", "num_publications": 1, "num_citations": 4, "num_publications_5y": 1, "num_citations_5y": 3, "num_publications_10y": 1, "num_citations_10y": 3, "publications_years": {"2015": 1}, "citations_years": {"2015": 1, "2016": 1, "2017": 1, "2018": 0, "2019": 1}, "old_citations": {"2015": 4}, "isVisible": false}, "2584096974": {"name": "yu huang", "type": "author", "activity": 18, "h_index": 18, "h5_index": 2, "mag_id": "2584096974", "num_publications": 1, "num_citations": 0, "num_publications_5y": 1, "num_citations_5y": 0, "num_publications_10y": 1, "num_citations_10y": 0, "publications_years": {"2017": 1}, "citations_years": {}, "old_citations": {"2017": 0}, "isVisible": false}, "2588801187": {"name": "eric d huntschroeder", "type": "author", "activity": 5, "h_index": 2, "h5_index": 1, "mag_id": "2588801187", "num_publications": 1, "num_citations": 0, "num_publications_5y": 0, "num_citations_5y": 0, "num_publications_10y": 0, "num_citations_10y": 0, "publications_years": {"2019": 1}, "citations_years": {}, "old_citations": {"2019": 0}, "isVisible": false}, "2613942344": {"name": "a boyer", "type": "author", "activity": 7, "h_index": 2, "h5_index": 1, "mag_id": "2613942344", "num_publications": 1, "num_citations": 2, "num_publications_5y": 1, "num_citations_5y": 1, "num_publications_10y": 1, "num_citations_10y": 1, "publications_years": {"2018": 1}, "citations_years": {"2018": 1, "2019": 1}, "old_citations": {"2018": 2}, "isVisible": false}, "2638220042": {"name": "mehmet ince", "type": "author", "activity": 3, "h_index": 0, "h5_index": 0, "mag_id": "2638220042", "num_publications": 1, "num_citations": 0, "num_publications_5y": 1, "num_citations_5y": 0, "num_publications_10y": 1, "num_citations_10y": 0, "publications_years": {"2018": 1}, "citations_years": {}, "old_citations": {"2018": 0}, "isVisible": false}, "2651426370": {"name": "al crouch", "type": "author", "activity": 13, "h_index": 6, "h5_index": 2, "mag_id": "2651426370", "num_publications": 1, "num_citations": 5, "num_publications_5y": 1, "num_citations_5y": 5, "num_publications_10y": 1, "num_citations_10y": 5, "publications_years": {"2017": 1}, "citations_years": {"2017": 1, "2018": 4}, "old_citations": {"2017": 5}, "isVisible": false}, "2764171561": {"name": "michael a ziegerhofer", "type": "author", "activity": 13, "h_index": 2, "h5_index": 1, "mag_id": "2764171561", "num_publications": 1, "num_citations": 0, "num_publications_5y": 0, "num_citations_5y": 0, "num_publications_10y": 0, "num_citations_10y": 0, "publications_years": {"2019": 1}, "citations_years": {}, "old_citations": {"2019": 0}, "isVisible": false}, "2769247633": {"name": "ender yilmaz", "type": "author", "activity": 3, "h_index": 1, "h5_index": 1, "mag_id": "2769247633", "num_publications": 1, "num_citations": 0, "num_publications_5y": 1, "num_citations_5y": 0, "num_publications_10y": 1, "num_citations_10y": 0, "publications_years": {"2018": 1}, "citations_years": {}, "old_citations": {"2018": 0}, "isVisible": false}, "2808869052": {"name": "chen liu", "type": "author", "activity": 1, "h_index": 0, "h5_index": 0, "mag_id": "2808869052", "num_publications": 1, "num_citations": 0, "num_publications_5y": 1, "num_citations_5y": 0, "num_publications_10y": 1, "num_citations_10y": 0, "publications_years": {"2018": 1}, "citations_years": {}, "old_citations": {"2018": 0}, "isVisible": false}, "2808919151": {"name": "hui jiang", "type": "author", "activity": 2, "h_index": 0, "h5_index": 0, "mag_id": "2808919151", "num_publications": 1, "num_citations": 0, "num_publications_5y": 1, "num_citations_5y": 0, "num_publications_10y": 1, "num_citations_10y": 0, "publications_years": {"2018": 1}, "citations_years": {}, "old_citations": {"2018": 0}, "isVisible": false}, "2808932161": {"name": "timothy m platt", "type": "author", "activity": 1, "h_index": 0, "h5_index": 0, "mag_id": "2808932161", "num_publications": 1, "num_citations": 0, "num_publications_5y": 1, "num_citations_5y": 0, "num_publications_10y": 1, "num_citations_10y": 0, "publications_years": {"2018": 1}, "citations_years": {}, "old_citations": {"2018": 0}, "isVisible": false}, "2809086428": {"name": "wei jiang", "type": "author", "activity": 1, "h_index": 1, "h5_index": 1, "mag_id": "2809086428", "num_publications": 1, "num_citations": 2, "num_publications_5y": 1, "num_citations_5y": 1, "num_publications_10y": 1, "num_citations_10y": 1, "publications_years": {"2018": 1}, "citations_years": {"2018": 1, "2019": 1}, "old_citations": {"2018": 2}, "isVisible": false}, "2809238226": {"name": "lester patrick", "type": "author", "activity": 1, "h_index": 0, "h5_index": 0, "mag_id": "2809238226", "num_publications": 1, "num_citations": 0, "num_publications_5y": 1, "num_citations_5y": 0, "num_publications_10y": 1, "num_citations_10y": 0, "publications_years": {"2018": 1}, "citations_years": {}, "old_citations": {"2018": 0}, "isVisible": false}, "2809305767": {"name": "ryan pennucci", "type": "author", "activity": 1, "h_index": 0, "h5_index": 0, "mag_id": "2809305767", "num_publications": 1, "num_citations": 0, "num_publications_5y": 1, "num_citations_5y": 0, "num_publications_10y": 1, "num_citations_10y": 0, "publications_years": {"2018": 1}, "citations_years": {}, "old_citations": {"2018": 0}, "isVisible": false}, "2809360526": {"name": "arnaud viard", "type": "author", "activity": 1, "h_index": 1, "h5_index": 1, "mag_id": "2809360526", "num_publications": 1, "num_citations": 2, "num_publications_5y": 1, "num_citations_5y": 1, "num_publications_10y": 1, "num_citations_10y": 1, "publications_years": {"2018": 1}, "citations_years": {"2018": 1, "2019": 1}, "old_citations": {"2018": 2}, "isVisible": false}, "2809379660": {"name": "david kinney", "type": "author", "activity": 1, "h_index": 0, "h5_index": 0, "mag_id": "2809379660", "num_publications": 1, "num_citations": 0, "num_publications_5y": 1, "num_citations_5y": 0, "num_publications_10y": 1, "num_citations_10y": 0, "publications_years": {"2018": 1}, "citations_years": {}, "old_citations": {"2018": 0}, "isVisible": false}, "2809387883": {"name": "guoan wang", "type": "author", "activity": 1, "h_index": 1, "h5_index": 1, "mag_id": "2809387883", "num_publications": 1, "num_citations": 2, "num_publications_5y": 1, "num_citations_5y": 1, "num_publications_10y": 1, "num_citations_10y": 1, "publications_years": {"2018": 1}, "citations_years": {"2018": 1, "2019": 1}, "old_citations": {"2018": 2}, "isVisible": false}, "2809410714": {"name": "rahul singhal", "type": "author", "activity": 2, "h_index": 0, "h5_index": 0, "mag_id": "2809410714", "num_publications": 1, "num_citations": 0, "num_publications_5y": 1, "num_citations_5y": 0, "num_publications_10y": 1, "num_citations_10y": 0, "publications_years": {"2018": 1}, "citations_years": {}, "old_citations": {"2018": 0}, "isVisible": false}, "2809448809": {"name": "subhash baraiya", "type": "author", "activity": 1, "h_index": 0, "h5_index": 0, "mag_id": "2809448809", "num_publications": 1, "num_citations": 0, "num_publications_5y": 1, "num_citations_5y": 0, "num_publications_10y": 1, "num_citations_10y": 0, "publications_years": {"2018": 1}, "citations_years": {}, "old_citations": {"2018": 0}, "isVisible": false}, "2809540941": {"name": "jacob bucci", "type": "author", "activity": 1, "h_index": 0, "h5_index": 0, "mag_id": "2809540941", "num_publications": 1, "num_citations": 0, "num_publications_5y": 1, "num_citations_5y": 0, "num_publications_10y": 1, "num_citations_10y": 0, "publications_years": {"2018": 1}, "citations_years": {}, "old_citations": {"2018": 0}, "isVisible": false}, "2809553838": {"name": "imtiaz ahmed", "type": "author", "activity": 1, "h_index": 0, "h5_index": 0, "mag_id": "2809553838", "num_publications": 1, "num_citations": 0, "num_publications_5y": 1, "num_citations_5y": 0, "num_publications_10y": 1, "num_citations_10y": 0, "publications_years": {"2018": 1}, "citations_years": {}, "old_citations": {"2018": 0}, "isVisible": false}, "2809586802": {"name": "nabil el belghiti alaoui", "type": "author", "activity": 2, "h_index": 1, "h5_index": 1, "mag_id": "2809586802", "num_publications": 1, "num_citations": 2, "num_publications_5y": 1, "num_citations_5y": 1, "num_publications_10y": 1, "num_citations_10y": 1, "publications_years": {"2018": 1}, "citations_years": {"2018": 1, "2019": 1}, "old_citations": {"2018": 2}, "isVisible": false}, "2899503768": {"name": "michael roberge", "type": "author", "activity": 2, "h_index": 1, "h5_index": 1, "mag_id": "2899503768", "num_publications": 1, "num_citations": 0, "num_publications_5y": 0, "num_citations_5y": 0, "num_publications_10y": 0, "num_citations_10y": 0, "publications_years": {"2019": 1}, "citations_years": {}, "old_citations": {"2019": 0}, "isVisible": false}, "2914824031": {"name": "matthew deming", "type": "author", "activity": 1, "h_index": 0, "h5_index": 0, "mag_id": "2914824031", "num_publications": 1, "num_citations": 0, "num_publications_5y": 0, "num_citations_5y": 0, "num_publications_10y": 0, "num_citations_10y": 0, "publications_years": {"2019": 1}, "citations_years": {}, "old_citations": {"2019": 0}, "isVisible": false}, "2923310534": {"name": "mohammad tehranipoor", "type": "author", "activity": 10, "h_index": 19, "h5_index": 0, "mag_id": "2923310534", "num_publications": 1, "num_citations": 13, "num_publications_5y": 1, "num_citations_5y": 9, "num_publications_10y": 1, "num_citations_10y": 9, "publications_years": {"2014": 1}, "citations_years": {"2014": 1, "2015": 2, "2016": 1, "2017": 3, "2018": 2, "2019": 4}, "old_citations": {"2014": 13}, "isVisible": false}, "2956355234": {"name": "soham roy", "type": "author", "activity": 2, "h_index": 1, "h5_index": 1, "mag_id": "2956355234", "num_publications": 1, "num_citations": 2, "num_publications_5y": 0, "num_citations_5y": 0, "num_publications_10y": 0, "num_citations_10y": 0, "publications_years": {"2019": 1}, "citations_years": {"2019": 1, "2020": 1}, "old_citations": {"2019": 2}, "isVisible": false}, "2956417825": {"name": "mark fosberry", "type": "author", "activity": 1, "h_index": 0, "h5_index": 0, "mag_id": "2956417825", "num_publications": 1, "num_citations": 0, "num_publications_5y": 0, "num_citations_5y": 0, "num_publications_10y": 0, "num_citations_10y": 0, "publications_years": {"2019": 1}, "citations_years": {}, "old_citations": {"2019": 0}, "isVisible": false}, "2956747697": {"name": "edward hwang", "type": "author", "activity": 1, "h_index": 0, "h5_index": 0, "mag_id": "2956747697", "num_publications": 1, "num_citations": 0, "num_publications_5y": 0, "num_citations_5y": 0, "num_publications_10y": 0, "num_citations_10y": 0, "publications_years": {"2019": 1}, "citations_years": {}, "old_citations": {"2019": 0}, "isVisible": false}, "2957028541": {"name": "aaron cummings", "type": "author", "activity": 1, "h_index": 0, "h5_index": 0, "mag_id": "2957028541", "num_publications": 1, "num_citations": 0, "num_publications_5y": 0, "num_citations_5y": 0, "num_publications_10y": 0, "num_citations_10y": 0, "publications_years": {"2019": 1}, "citations_years": {}, "old_citations": {"2019": 0}, "isVisible": false}, "2957446493": {"name": "dave albert", "type": "author", "activity": 1, "h_index": 0, "h5_index": 0, "mag_id": "2957446493", "num_publications": 1, "num_citations": 0, "num_publications_5y": 0, "num_citations_5y": 0, "num_publications_10y": 0, "num_citations_10y": 0, "publications_years": {"2019": 1}, "citations_years": {}, "old_citations": {"2019": 0}, "isVisible": false}, "2960681252": {"name": "ben mcmahon", "type": "author", "activity": 1, "h_index": 0, "h5_index": 0, "mag_id": "2960681252", "num_publications": 1, "num_citations": 0, "num_publications_5y": 0, "num_citations_5y": 0, "num_publications_10y": 0, "num_citations_10y": 0, "publications_years": {"2019": 1}, "citations_years": {}, "old_citations": {"2019": 0}, "isVisible": false}, "2960951491": {"name": "pete freiburger", "type": "author", "activity": 1, "h_index": 0, "h5_index": 0, "mag_id": "2960951491", "num_publications": 1, "num_citations": 0, "num_publications_5y": 0, "num_citations_5y": 0, "num_publications_10y": 0, "num_citations_10y": 0, "publications_years": {"2019": 1}, "citations_years": {}, "old_citations": {"2019": 0}, "isVisible": false}, "2962441913": {"name": "brandon stiene", "type": "author", "activity": 2, "h_index": 1, "h5_index": 1, "mag_id": "2962441913", "num_publications": 1, "num_citations": 2, "num_publications_5y": 0, "num_citations_5y": 0, "num_publications_10y": 0, "num_citations_10y": 0, "publications_years": {"2019": 1}, "citations_years": {"2019": 1, "2020": 1}, "old_citations": {"2019": 2}, "isVisible": false}}, "countries": {"United States": {"name": "United States", "type": "country", "h5_index": 308, "num_publications": 19, "num_citations": 32, "num_publications_5y": 14, "num_citations_5y": 23, "num_publications_10y": 14, "num_citations_10y": 23, "publications_years": {"2014": 5, "2018": 4, "2019": 5, "2017": 1, "2016": 3, "2015": 1}, "citations_years": {"2014": 1, "2015": 2, "2016": 2, "2017": 8, "2018": 10, "2019": 8, "2020": 1}, "old_citations": {"2014": 20, "2018": 2, "2019": 2, "2017": 5, "2016": 2, "2015": 1}, "isVisible": false}, "Hungary": {"name": "Hungary", "type": "country", "h5_index": 28, "num_publications": 2, "num_citations": 4, "num_publications_5y": 2, "num_citations_5y": 3, "num_publications_10y": 2, "num_citations_10y": 3, "publications_years": {"2017": 1, "2015": 1}, "citations_years": {"2015": 1, "2016": 1, "2017": 1, "2018": 0, "2019": 1}, "old_citations": {"2017": 0, "2015": 4}, "isVisible": false}, "Canada": {"name": "Canada", "type": "country", "h5_index": 128, "num_publications": 1, "num_citations": 1, "num_publications_5y": 1, "num_citations_5y": 1, "num_publications_10y": 1, "num_citations_10y": 1, "publications_years": {"2015": 1}, "citations_years": {"2016": 1}, "old_citations": {"2015": 1}, "isVisible": false}, "Egypt": {"name": "Egypt", "type": "country", "h5_index": 47, "num_publications": 1, "num_citations": 4, "num_publications_5y": 1, "num_citations_5y": 3, "num_publications_10y": 1, "num_citations_10y": 3, "publications_years": {"2015": 1}, "citations_years": {"2015": 1, "2016": 1, "2017": 1, "2018": 0, "2019": 1}, "old_citations": {"2015": 4}, "isVisible": false}, "Germany": {"name": "Germany", "type": "country", "h5_index": 139, "num_publications": 1, "num_citations": 0, "num_publications_5y": 1, "num_citations_5y": 0, "num_publications_10y": 1, "num_citations_10y": 0, "publications_years": {"2018": 1}, "citations_years": {}, "old_citations": {"2018": 0}, "isVisible": false}, "Kuwait": {"name": "Kuwait", "type": "country", "h5_index": 20, "num_publications": 1, "num_citations": 0, "num_publications_5y": 0, "num_citations_5y": 0, "num_publications_10y": 1, "num_citations_10y": 0, "publications_years": {"2009": 1}, "citations_years": {}, "old_citations": {"2009": 0}, "isVisible": false}, "Netherlands": {"name": "Netherlands", "type": "country", "h5_index": 91, "num_publications": 1, "num_citations": 0, "num_publications_5y": 1, "num_citations_5y": 0, "num_publications_10y": 1, "num_citations_10y": 0, "publications_years": {"2018": 1}, "citations_years": {}, "old_citations": {"2018": 0}, "isVisible": false}, "Sweden": {"name": "Sweden", "type": "country", "h5_index": 82, "num_publications": 1, "num_citations": 0, "num_publications_5y": 0, "num_citations_5y": 0, "num_publications_10y": 0, "num_citations_10y": 0, "publications_years": {"2019": 1}, "citations_years": {}, "old_citations": {"2019": 0}, "isVisible": false}, "Switzerland": {"name": "Switzerland", "type": "country", "h5_index": 102, "num_publications": 1, "num_citations": 2, "num_publications_5y": 1, "num_citations_5y": 1, "num_publications_10y": 1, "num_citations_10y": 1, "publications_years": {"2018": 1}, "citations_years": {"2018": 1, "2019": 1}, "old_citations": {"2018": 2}, "isVisible": false}, "United Kingdom": {"name": "United Kingdom", "type": "country", "h5_index": 172, "num_publications": 1, "num_citations": 0, "num_publications_5y": 1, "num_citations_5y": 0, "num_publications_10y": 1, "num_citations_10y": 0, "publications_years": {"2018": 1}, "citations_years": {}, "old_citations": {"2018": 0}, "isVisible": false}}, "industrial_sectors": {"technology": {"name": "technology", "type": "industrial sector", "h5_index": 229, "num_publications": 6, "num_citations": 4, "num_publications_5y": 4, "num_citations_5y": 3, "num_publications_10y": 4, "num_citations_10y": 3, "publications_years": {"2018": 2, "2019": 2, "2017": 1, "2015": 1}, "citations_years": {"2015": 1, "2016": 1, "2017": 1, "2018": 0, "2019": 1}, "old_citations": {"2018": 0, "2019": 0, "2017": 0, "2015": 4}, "isVisible": false}, "computing_and_it": {"name": "computing_and_it", "type": "industrial sector", "h5_index": 221, "num_publications": 3, "num_citations": 4, "num_publications_5y": 2, "num_citations_5y": 3, "num_publications_10y": 2, "num_citations_10y": 3, "publications_years": {"2019": 1, "2017": 1, "2015": 1}, "citations_years": {"2015": 1, "2016": 1, "2017": 1, "2018": 0, "2019": 1}, "old_citations": {"2019": 0, "2017": 0, "2015": 4}, "isVisible": false}, "electronics": {"name": "electronics", "type": "industrial sector", "h5_index": 134, "num_publications": 3, "num_citations": 4, "num_publications_5y": 3, "num_citations_5y": 3, "num_publications_10y": 3, "num_citations_10y": 3, "publications_years": {"2018": 1, "2017": 1, "2015": 1}, "citations_years": {"2015": 1, "2016": 1, "2017": 1, "2018": 0, "2019": 1}, "old_citations": {"2018": 0, "2017": 0, "2015": 4}, "isVisible": false}, "semiconductor": {"name": "semiconductor", "type": "industrial sector", "h5_index": 102, "num_publications": 2, "num_citations": 0, "num_publications_5y": 1, "num_citations_5y": 0, "num_publications_10y": 1, "num_citations_10y": 0, "publications_years": {"2018": 1, "2019": 1}, "citations_years": {}, "old_citations": {"2018": 0, "2019": 0}, "isVisible": false}, "health_care": {"name": "health_care", "type": "industrial sector", "h5_index": 46, "num_publications": 1, "num_citations": 2, "num_publications_5y": 1, "num_citations_5y": 1, "num_publications_10y": 1, "num_citations_10y": 1, "publications_years": {"2018": 1}, "citations_years": {"2018": 1, "2019": 1}, "old_citations": {"2018": 2}, "isVisible": false}, "information_technology": {"name": "information_technology", "type": "industrial sector", "h5_index": 74, "num_publications": 1, "num_citations": 0, "num_publications_5y": 0, "num_citations_5y": 0, "num_publications_10y": 0, "num_citations_10y": 0, "publications_years": {"2019": 1}, "citations_years": {}, "old_citations": {"2019": 0}, "isVisible": false}, "management": {"name": "management", "type": "industrial sector", "h5_index": 67, "num_publications": 1, "num_citations": 0, "num_publications_5y": 1, "num_citations_5y": 0, "num_publications_10y": 1, "num_citations_10y": 0, "publications_years": {"2018": 1}, "citations_years": {}, "old_citations": {"2018": 0}, "isVisible": false}, "telecommunications": {"name": "telecommunications", "type": "industrial sector", "h5_index": 89, "num_publications": 1, "num_citations": 0, "num_publications_5y": 1, "num_citations_5y": 0, "num_publications_10y": 1, "num_citations_10y": 0, "publications_years": {"2018": 1}, "citations_years": {}, "old_citations": {"2018": 0}, "isVisible": false}}}, "conference_comparison": {"computer science": {}}, "topics_dna": {"publications": {}, "citations": {"normalized": {}, "average": {}}}, "info": {"num_publications": 32, "num_citations": 45.0, "impact_factor": {"2011": 0.0, "2012": 0, "2013": 0, "2014": 0, "2015": 0.3, "2016": 0.38461538461538464, "2017": 0.6666666666666666, "2018": 0.8, "2019": 0.2222222222222222}, "publications_years": {"2014": 10, "2018": 7, "2019": 6, "2015": 3, "2016": 3, "2017": 2, "2009": 1}, "citations_years": {"2014": 1, "2015": 4, "2016": 5, "2017": 10, "2018": 12, "2019": 12, "2020": 1}, "old_citations": {"2014": 26, "2018": 4, "2019": 2, "2015": 6, "2016": 2, "2017": 5, "2009": 0}, "h5_index": 2}, "percentile": {"computer science": {"2014": 67, "2018": 70, "2019": 87, "2015": 66, "2016": 55, "2017": 85, "2009": 15}}, "conference_ranking": {"computer science": {"2014": 1389, "2018": 1247, "2019": 552, "2015": 1447, "2016": 1910, "2017": 636, "2009": 3613}}, "academia": {"num_publications": 18, "num_citations": 33, "publications_years": {"2009": 1, "2010": 0, "2011": 0, "2012": 0, "2013": 0, "2014": 5, "2015": 2, "2016": 3, "2017": 1, "2018": 3, "2019": 3}, "old_citations": {"2009": 0, "2010": 0, "2011": 0, "2012": 0, "2013": 0, "2014": 20, "2015": 2, "2016": 2, "2017": 5, "2018": 2, "2019": 2}, "num_publications_5y": 10, "num_citations_5y": 11, "num_publications_10y": 17, "num_citations_10y": 33}, "industry": {"num_publications": 5, "num_citations": 2, "publications_years": {"2017": 1, "2018": 2, "2019": 2}, "old_citations": {"2017": 0, "2018": 2, "2019": 0}, "num_publications_5y": 5, "num_citations_5y": 2, "num_publications_10y": 5, "num_citations_10y": 2}, "collaborative": {"num_publications": 2, "num_citations": 4, "publications_years": {"2015": 1, "2016": 0, "2017": 0, "2018": 1}, "old_citations": {"2015": 4, "2016": 0, "2017": 0, "2018": 0}, "num_publications_5y": 1, "num_citations_5y": 0, "num_publications_10y": 2, "num_citations_10y": 4}, "conferences": {}, "journals": {}, "organizations": {"publication_overall": ["Auburn University", "Southern Methodist University", "Texas A&M University", "Mentor Graphics (Hungary)", "Old Dominion University", "Ain Shams University", "Arizona State University", "BAE Systems (Sweden)", "Clarkson University", "GlobalFoundries (United States)", "IBM (United States)", "Kuwait University", "Los Angeles Harbor College", "McMaster University", "NXP (Netherlands)", "Qualcomm (United Kingdom)", "Roche (Switzerland)", "Siemens (Germany)", "University of Connecticut", "University of Massachusetts Amherst", "University of South Carolina"], "citation_overall": ["University of Connecticut", "Auburn University", "Southern Methodist University", "Ain Shams University", "Mentor Graphics (Hungary)", "Roche (Switzerland)", "University of South Carolina", "McMaster University", "Texas A&M University", "University of Massachusetts Amherst", "Arizona State University", "BAE Systems (Sweden)", "Clarkson University", "GlobalFoundries (United States)", "IBM (United States)", "Kuwait University", "Los Angeles Harbor College", "NXP (Netherlands)", "Old Dominion University", "Qualcomm (United Kingdom)", "Siemens (Germany)"], "publication_10_years": ["Auburn University", "Southern Methodist University", "Texas A&M University", "Mentor Graphics (Hungary)", "Old Dominion University", "Ain Shams University", "Arizona State University", "BAE Systems (Sweden)", "Clarkson University", "GlobalFoundries (United States)", "IBM (United States)", "Los Angeles Harbor College", "McMaster University", "NXP (Netherlands)", "Qualcomm (United Kingdom)", "Roche (Switzerland)", "Siemens (Germany)", "University of Connecticut", "University of Massachusetts Amherst", "University of South Carolina"], "citation_10_years": ["University of Connecticut", "Auburn University", "Southern Methodist University", "Ain Shams University", "Mentor Graphics (Hungary)", "Roche (Switzerland)", "University of South Carolina", "McMaster University", "Texas A&M University", "University of Massachusetts Amherst", "Arizona State University", "BAE Systems (Sweden)", "Clarkson University", "GlobalFoundries (United States)", "IBM (United States)", "Los Angeles Harbor College", "NXP (Netherlands)", "Old Dominion University", "Qualcomm (United Kingdom)", "Siemens (Germany)"], "publication_5_years": ["Auburn University", "Old Dominion University", "Southern Methodist University", "Arizona State University", "BAE Systems (Sweden)", "Clarkson University", "GlobalFoundries (United States)", "IBM (United States)", "Los Angeles Harbor College", "Mentor Graphics (Hungary)", "NXP (Netherlands)", "Qualcomm (United Kingdom)", "Roche (Switzerland)", "Siemens (Germany)", "University of Massachusetts Amherst", "University of South Carolina"], "citation_5_years": ["Southern Methodist University", "Auburn University", "Roche (Switzerland)", "University of South Carolina", "University of Massachusetts Amherst", "Arizona State University", "BAE Systems (Sweden)", "Clarkson University", "GlobalFoundries (United States)", "IBM (United States)", "Los Angeles Harbor College", "Mentor Graphics (Hungary)", "NXP (Netherlands)", "Old Dominion University", "Qualcomm (United Kingdom)", "Siemens (Germany)"]}, "countries": {"publication_overall": ["United States", "Hungary", "Canada", "Egypt", "Germany", "Kuwait", "Netherlands", "Sweden", "Switzerland", "United Kingdom"], "citation_overall": ["United States", "Egypt", "Hungary", "Switzerland", "Canada", "Germany", "Kuwait", "Netherlands", "Sweden", "United Kingdom"], "publication_10_years": ["United States", "Hungary", "Canada", "Egypt", "Germany", "Netherlands", "Sweden", "Switzerland", "United Kingdom"], "citation_10_years": ["United States", "Egypt", "Hungary", "Switzerland", "Canada", "Germany", "Netherlands", "Sweden", "United Kingdom"], "publication_5_years": ["United States", "Germany", "Hungary", "Netherlands", "Sweden", "Switzerland", "United Kingdom"], "citation_5_years": ["United States", "Switzerland", "Germany", "Hungary", "Netherlands", "Sweden", "United Kingdom"]}, "topics": {"publication_overall": ["computer science", "computer hardware", "computer systems", "microprocessor chips", "computer networks", "field programmable gate arrays (fpga)", "telecommunication systems", "engineering", "communication systems", "mathematics", "telecommunication networks", "vlsi circuits", "wireless telecommunication systems", "computer aided design", "distributed computer systems", "integrated circuit layout", "sensors", "integrated circuit testing", "distributed systems", "parallel processing systems"], "citation_overall": ["computer science", "computer hardware", "computer systems", "sensors", "computer networks", "engineering", "telecommunication systems", "field programmable gate arrays (fpga)", "telecommunication networks", "integrated circuits", "microprocessor chips", "artificial intelligence", "communication systems", "logic gates", "wireless telecommunication systems", "internet", "business models", "business process", "communication", "computer aided design"], "publication_10_years": ["computer science", "computer hardware", "computer systems", "microprocessor chips", "computer networks", "field programmable gate arrays (fpga)", "telecommunication systems", "engineering", "communication systems", "telecommunication networks", "wireless telecommunication systems", "distributed computer systems", "mathematics", "sensors", "vlsi circuits", "computer aided design", "integrated circuit layout", "distributed systems", "integrated circuit testing", "parallel processing systems"], "citation_10_years": ["computer science", "computer hardware", "computer systems", "sensors", "computer networks", "engineering", "telecommunication systems", "field programmable gate arrays (fpga)", "telecommunication networks", "integrated circuits", "microprocessor chips", "artificial intelligence", "communication systems", "logic gates", "wireless telecommunication systems", "internet", "business models", "business process", "communication", "computer aided design"], "publication_5_years": ["computer science", "computer hardware", "computer systems", "microprocessor chips", "computer networks", "engineering", "field programmable gate arrays (fpga)", "sensors", "telecommunication systems", "communication systems", "mathematics", "wireless telecommunication systems", "computer aided design", "distributed computer systems", "integrated circuit layout", "signal processing", "vlsi circuits", "bandwidth", "distributed systems", "integrated circuit testing"], "citation_5_years": ["computer hardware", "computer science", "engineering", "field programmable gate arrays (fpga)", "computer networks", "sensors", "computer security", "computer systems", "cryptography", "cryptology", "logic gates", "signal processing", "telecommunication systems", "artificial intelligence", "microprocessor chips", "authentication", "communication systems", "computer aided design", "differential power analysis", "dpa attacks"]}, "main_topics": ["computer science"], "authors": {"publication_overall": ["1990330707", "2124432933", "2146318055", "3001460844", "1580043605", "2118060348", "2127359170", "2150710916", "2222654500", "2338451536", "2631145985", "2911300440", "236455989", "349439337", "370446870", "673119823", "1028547934", "1514943864", "1899532626", "1980834134", "1982494342", "2027676696", "2070194378", "2078872483", "2105363892", "2107432752", "2111588147", "2117932680", "2121745896", "2130277347", "2137212797", "2146162090", "2146582068", "2152209967", "2152217567", "2160523507", "2196954048", "2197753368", "2198607828", "2222099679", "2224166106", "2225363642", "2225815431", "2252187596", "2265132803", "2281998863", "2296603379", "2302276785", "2339002419", "2404721445", "2430135231", "2434754540", "2460951704", "2479741523", "2483499896", "2488480842", "2495984559", "2561147753", "2565274672", "2565917310", "2567330551", "2567646015", "2568754307", "2584096974", "2588801187", "2613942344", "2638220042", "2651426370", "2764171561", "2769247633", "2808869052", "2808919151", "2808932161", "2809086428", "2809238226", "2809305767", "2809360526", "2809379660", "2809387883", "2809410714", "2809448809", "2809540941", "2809553838", "2809586802", "2899503768", "2914824031", "2923310534", "2956355234", "2956417825", "2956747697", "2957028541", "2957446493", "2960681252", "2960951491", "2962441913"], "citation_overall": ["2146582068", "2152217567", "2197753368", "2198607828", "2923310534", "2146318055", "2124432933", "1580043605", "2281998863", "2488480842", "2651426370", "1990330707", "2146162090", "2150710916", "2224166106", "2568754307", "349439337", "370446870", "2027676696", "2107432752", "2117932680", "2121745896", "2130277347", "2137212797", "2338451536", "2434754540", "2495984559", "2613942344", "2809086428", "2809360526", "2809387883", "2809586802", "2956355234", "2962441913", "673119823", "2111588147", "2118060348", "2225363642", "2565274672", "3001460844", "236455989", "1028547934", "1514943864", "1899532626", "1980834134", "1982494342", "2070194378", "2078872483", "2105363892", "2127359170", "2152209967", "2160523507", "2196954048", "2222099679", "2222654500", "2225815431", "2252187596", "2265132803", "2296603379", "2302276785", "2339002419", "2404721445", "2430135231", "2460951704", "2479741523", "2483499896", "2561147753", "2565917310", "2567330551", "2567646015", "2584096974", "2588801187", "2631145985", "2638220042", "2764171561", "2769247633", "2808869052", "2808919151", "2808932161", "2809238226", "2809305767", "2809379660", "2809410714", "2809448809", "2809540941", "2809553838", "2899503768", "2911300440", "2914824031", "2956417825", "2956747697", "2957028541", "2957446493", "2960681252", "2960951491"], "publication_10_years": ["1990330707", "2124432933", "2146318055", "3001460844", "1580043605", "2118060348", "2127359170", "2150710916", "2222654500", "2338451536", "2631145985", "2911300440", "236455989", "349439337", "370446870", "673119823", "1028547934", "1899532626", "1980834134", "1982494342", "2027676696", "2078872483", "2105363892", "2107432752", "2111588147", "2117932680", "2121745896", "2130277347", "2137212797", "2146162090", "2146582068", "2152209967", "2152217567", "2160523507", "2196954048", "2197753368", "2198607828", "2222099679", "2224166106", "2225363642", "2225815431", "2252187596", "2265132803", "2281998863", "2296603379", "2302276785", "2339002419", "2404721445", "2430135231", "2434754540", "2460951704", "2479741523", "2483499896", "2488480842", "2495984559", "2561147753", "2565274672", "2565917310", "2567330551", "2567646015", "2568754307", "2584096974", "2588801187", "2613942344", "2638220042", "2651426370", "2764171561", "2769247633", "2808869052", "2808919151", "2808932161", "2809086428", "2809238226", "2809305767", "2809360526", "2809379660", "2809387883", "2809410714", "2809448809", "2809540941", "2809553838", "2809586802", "2899503768", "2914824031", "2923310534", "2956355234", "2956417825", "2956747697", "2957028541", "2957446493", "2960681252", "2960951491", "2962441913"], "citation_10_years": ["2146582068", "2152217567", "2197753368", "2198607828", "2923310534", "2146318055", "2124432933", "1580043605", "2281998863", "2488480842", "2651426370", "1990330707", "2146162090", "2150710916", "2224166106", "2568754307", "349439337", "370446870", "2027676696", "2107432752", "2117932680", "2121745896", "2130277347", "2137212797", "2338451536", "2434754540", "2495984559", "2613942344", "2809086428", "2809360526", "2809387883", "2809586802", "2956355234", "2962441913", "673119823", "2111588147", "2118060348", "2225363642", "2565274672", "3001460844", "236455989", "1028547934", "1899532626", "1980834134", "1982494342", "2078872483", "2105363892", "2127359170", "2152209967", "2160523507", "2196954048", "2222099679", "2222654500", "2225815431", "2252187596", "2265132803", "2296603379", "2302276785", "2339002419", "2404721445", "2430135231", "2460951704", "2479741523", "2483499896", "2561147753", "2565917310", "2567330551", "2567646015", "2584096974", "2588801187", "2631145985", "2638220042", "2764171561", "2769247633", "2808869052", "2808919151", "2808932161", "2809238226", "2809305767", "2809379660", "2809410714", "2809448809", "2809540941", "2809553838", "2899503768", "2911300440", "2914824031", "2956417825", "2956747697", "2957028541", "2957446493", "2960681252", "2960951491"], "publication_5_years": ["2124432933", "2146318055", "2222654500", "2911300440", "236455989", "349439337", "1580043605", "1899532626", "1980834134", "1982494342", "2078872483", "2105363892", "2111588147", "2130277347", "2152209967", "2196954048", "2222099679", "2225815431", "2265132803", "2281998863", "2296603379", "2302276785", "2338451536", "2339002419", "2430135231", "2460951704", "2483499896", "2488480842", "2561147753", "2565274672", "2565917310", "2567330551", "2567646015", "2584096974", "2588801187", "2613942344", "2638220042", "2651426370", "2764171561", "2769247633", "2808869052", "2808919151", "2808932161", "2809086428", "2809238226", "2809305767", "2809360526", "2809379660", "2809387883", "2809410714", "2809448809", "2809540941", "2809553838", "2809586802", "2899503768", "2914824031", "2956355234", "2956417825", "2956747697", "2957028541", "2957446493", "2960681252", "2960951491", "2962441913"], "citation_5_years": ["2124432933", "2281998863", "2488480842", "2651426370", "2146318055", "349439337", "2130277347", "2613942344", "2809086428", "2809360526", "2809387883", "2809586802", "2956355234", "2962441913", "1580043605", "2111588147", "2565274672", "236455989", "1899532626", "1980834134", "1982494342", "2078872483", "2105363892", "2152209967", "2196954048", "2222099679", "2222654500", "2225815431", "2265132803", "2296603379", "2302276785", "2338451536", "2339002419", "2430135231", "2460951704", "2483499896", "2561147753", "2565917310", "2567330551", "2567646015", "2584096974", "2588801187", "2638220042", "2764171561", "2769247633", "2808869052", "2808919151", "2808932161", "2809238226", "2809305767", "2809379660", "2809410714", "2809448809", "2809540941", "2809553838", "2899503768", "2911300440", "2914824031", "2956417825", "2956747697", "2957028541", "2957446493", "2960681252", "2960951491"]}, "industrial_sectors": {"publication_overall": ["technology", "computing_and_it", "electronics", "semiconductor", "health_care", "information_technology", "management", "telecommunications"], "citation_overall": ["computing_and_it", "electronics", "technology", "health_care", "information_technology", "management", "semiconductor", "telecommunications"], "publication_10_years": ["technology", "computing_and_it", "electronics", "semiconductor", "health_care", "information_technology", "management", "telecommunications"], "citation_10_years": ["computing_and_it", "electronics", "technology", "health_care", "information_technology", "management", "semiconductor", "telecommunications"], "publication_5_years": ["technology", "computing_and_it", "electronics", "semiconductor", "health_care", "information_technology", "management", "telecommunications"], "citation_5_years": ["health_care", "computing_and_it", "electronics", "information_technology", "management", "semiconductor", "technology", "telecommunications"]}}