{"name": "Reconfigurable Architectures Workshop", "acronym": "RAW", "type": "conference", "uniqueEntities": {"organizations": {"Karlsruhe Institute of Technology": {"name": "Karlsruhe Institute of Technology", "type": "organization", "organization_type": "Education", "h_index": 156, "h5_index": 37, "num_publications": 4, "num_citations": 34, "num_publications_5y": 0, "num_citations_5y": 29, "num_publications_10y": 4, "num_citations_10y": 33, "publications_years": {"2011": 2, "2013": 2}, "citations_years": {"2013": 4, "2014": 8, "2015": 8, "2016": 8, "2017": 4, "2018": 1, "2019": 0, "2020": 1}, "old_citations": {"2011": 20, "2013": 14}, "isVisible": false}, "Polytechnic University of Milan": {"name": "Polytechnic University of Milan", "type": "organization", "organization_type": "Education", "h_index": 126, "h5_index": 42, "num_publications": 2, "num_citations": 5, "num_publications_5y": 0, "num_citations_5y": 3, "num_publications_10y": 2, "num_citations_10y": 5, "publications_years": {"2012": 1, "2011": 1}, "citations_years": {"2012": 1, "2013": 1, "2014": 0, "2015": 2, "2016": 1}, "old_citations": {"2012": 0, "2011": 5}, "isVisible": false}, "Ruhr University Bochum": {"name": "Ruhr University Bochum", "type": "organization", "organization_type": "Education", "h_index": 100, "h5_index": 24, "num_publications": 2, "num_citations": 7, "num_publications_5y": 0, "num_citations_5y": 7, "num_publications_10y": 2, "num_citations_10y": 7, "publications_years": {"2013": 2}, "citations_years": {"2014": 2, "2015": 2, "2016": 2, "2017": 1}, "old_citations": {"2013": 7}, "isVisible": false}, "Federal University of Rio Grande do Sul": {"name": "Federal University of Rio Grande do Sul", "type": "organization", "organization_type": "Education", "h_index": 65, "h5_index": 19, "num_publications": 1, "num_citations": 1, "num_publications_5y": 0, "num_citations_5y": 0, "num_publications_10y": 1, "num_citations_10y": 1, "publications_years": {"2011": 1}, "citations_years": {"2013": 1}, "old_citations": {"2011": 1}, "isVisible": false}, "Massachusetts Institute of Technology": {"name": "Massachusetts Institute of Technology", "type": "organization", "organization_type": "Education", "h_index": 475, "h5_index": 100, "num_publications": 1, "num_citations": 5, "num_publications_5y": 0, "num_citations_5y": 3, "num_publications_10y": 1, "num_citations_10y": 5, "publications_years": {"2011": 1}, "citations_years": {"2012": 1, "2013": 1, "2014": 0, "2015": 2, "2016": 1}, "old_citations": {"2011": 5}, "isVisible": false}, "National Chung Cheng University": {"name": "National Chung Cheng University", "type": "organization", "organization_type": "Education", "h_index": 80, "h5_index": 17, "num_publications": 1, "num_citations": 2, "num_publications_5y": 0, "num_citations_5y": 2, "num_publications_10y": 1, "num_citations_10y": 2, "publications_years": {"2013": 1}, "citations_years": {"2014": 1, "2015": 0, "2016": 0, "2017": 1}, "old_citations": {"2013": 2}, "isVisible": false}, "National Taitung University": {"name": "National Taitung University", "type": "organization", "organization_type": "Education", "h_index": 18, "h5_index": 7, "num_publications": 1, "num_citations": 2, "num_publications_5y": 0, "num_citations_5y": 2, "num_publications_10y": 1, "num_citations_10y": 2, "publications_years": {"2013": 1}, "citations_years": {"2014": 1, "2015": 0, "2016": 0, "2017": 1}, "old_citations": {"2013": 2}, "isVisible": false}, "National Technical University of Athens": {"name": "National Technical University of Athens", "type": "organization", "organization_type": "Education", "h_index": 91, "h5_index": 27, "num_publications": 1, "num_citations": 7, "num_publications_5y": 0, "num_citations_5y": 7, "num_publications_10y": 1, "num_citations_10y": 7, "publications_years": {"2013": 1}, "citations_years": {"2014": 2, "2015": 2, "2016": 2, "2017": 1}, "old_citations": {"2013": 7}, "isVisible": false}, "Pontif\u00edcia Universidade Cat\u00f3lica de Minas Gerais": {"name": "Pontif\u00edcia Universidade Cat\u00f3lica de Minas Gerais", "type": "organization", "organization_type": "Education", "h_index": 23, "h5_index": 9, "num_publications": 1, "num_citations": 1, "num_publications_5y": 0, "num_citations_5y": 0, "num_publications_10y": 1, "num_citations_10y": 1, "publications_years": {"2011": 1}, "citations_years": {"2013": 1}, "old_citations": {"2011": 1}, "isVisible": false}, "UNSW Sydney": {"name": "UNSW Sydney", "type": "organization", "organization_type": "Education", "h_index": 146, "h5_index": 56, "num_publications": 1, "num_citations": 1, "num_publications_5y": 0, "num_citations_5y": 0, "num_publications_10y": 1, "num_citations_10y": 1, "publications_years": {"2013": 1}, "citations_years": {"2013": 1}, "old_citations": {"2013": 1}, "isVisible": false}, "University of British Columbia": {"name": "University of British Columbia", "type": "organization", "organization_type": "Education", "h_index": 210, "h5_index": 56, "num_publications": 1, "num_citations": 3, "num_publications_5y": 0, "num_citations_5y": 3, "num_publications_10y": 1, "num_citations_10y": 3, "publications_years": {"2013": 1}, "citations_years": {"2015": 1, "2016": 1, "2017": 0, "2018": 1}, "old_citations": {"2013": 3}, "isVisible": false}, "University of California, Irvine": {"name": "University of California, Irvine", "type": "organization", "organization_type": "Education", "h_index": 214, "h5_index": 50, "num_publications": 1, "num_citations": 0, "num_publications_5y": 0, "num_citations_5y": 0, "num_publications_10y": 1, "num_citations_10y": 0, "publications_years": {"2011": 1}, "citations_years": {}, "old_citations": {"2011": 0}, "isVisible": false}, "University of Erlangen-Nuremberg": {"name": "University of Erlangen-Nuremberg", "type": "organization", "organization_type": "Education", "h_index": 104, "h5_index": 38, "num_publications": 1, "num_citations": 7, "num_publications_5y": 0, "num_citations_5y": 7, "num_publications_10y": 1, "num_citations_10y": 7, "publications_years": {"2013": 1}, "citations_years": {"2014": 2, "2015": 0, "2016": 3, "2017": 1, "2018": 1}, "old_citations": {"2013": 7}, "isVisible": false}, "University of Florida": {"name": "University of Florida", "type": "organization", "organization_type": "Education", "h_index": 152, "h5_index": 38, "num_publications": 1, "num_citations": 19, "num_publications_5y": 0, "num_citations_5y": 12, "num_publications_10y": 1, "num_citations_10y": 17, "publications_years": {"2011": 1}, "citations_years": {"2011": 2, "2012": 1, "2013": 2, "2014": 3, "2015": 2, "2016": 3, "2017": 2, "2018": 2, "2019": 2}, "old_citations": {"2011": 19}, "isVisible": false}, "University of Paderborn": {"name": "University of Paderborn", "type": "organization", "organization_type": "Education", "h_index": 83, "h5_index": 24, "num_publications": 1, "num_citations": 0, "num_publications_5y": 0, "num_citations_5y": 0, "num_publications_10y": 1, "num_citations_10y": 0, "publications_years": {"2012": 1}, "citations_years": {}, "old_citations": {"2012": 0}, "isVisible": false}, "University of Porto": {"name": "University of Porto", "type": "organization", "organization_type": "Education", "h_index": 76, "h5_index": 27, "num_publications": 1, "num_citations": 0, "num_publications_5y": 0, "num_citations_5y": 0, "num_publications_10y": 1, "num_citations_10y": 0, "publications_years": {"2011": 1}, "citations_years": {}, "old_citations": {"2011": 0}, "isVisible": false}, "University of Southern California": {"name": "University of Southern California", "type": "organization", "organization_type": "Education", "h_index": 278, "h5_index": 73, "num_publications": 1, "num_citations": 1, "num_publications_5y": 0, "num_citations_5y": 1, "num_publications_10y": 1, "num_citations_10y": 1, "publications_years": {"2013": 1}, "citations_years": {"2017": 1}, "old_citations": {"2013": 1}, "isVisible": false}, "University of Vienna": {"name": "University of Vienna", "type": "organization", "organization_type": "Education", "h_index": 99, "h5_index": 27, "num_publications": 1, "num_citations": 1, "num_publications_5y": 0, "num_citations_5y": 0, "num_publications_10y": 1, "num_citations_10y": 1, "publications_years": {"2011": 1}, "citations_years": {"2011": 1}, "old_citations": {"2011": 1}, "isVisible": false}}, "topics": {"computer science": {"name": "computer science", "type": "topic", "h_index": 1779, "h5_index": 416, "num_publications": 21, "num_citations": 73, "num_publications_5y": 5, "num_citations_5y": 50, "num_publications_10y": 19, "num_citations_10y": 64, "publications_years": {"2011": 6, "2017": 4, "2013": 7, "2012": 1, "2018": 1, "2005": 1, "1995": 1}, "citations_years": {"2013": 9, "2014": 12, "2015": 13, "2016": 13, "2017": 8, "2018": 4, "2019": 2, "2020": 1, "2012": 2, "2011": 3, "1994": 1, "1995": 2, "1996": 1, "1997": 0, "1998": 2}, "old_citations": {"2011": 46, "2017": 0, "2013": 21, "2012": 0, "2018": 0, "2005": 0, "1995": 6}, "isVisible": false}, "computer systems": {"name": "computer systems", "type": "topic", "h_index": 1595, "h5_index": 367, "num_publications": 19, "num_citations": 73, "num_publications_5y": 3, "num_citations_5y": 50, "num_publications_10y": 17, "num_citations_10y": 64, "publications_years": {"2011": 6, "2017": 2, "2013": 7, "2012": 1, "2018": 1, "2005": 1, "1995": 1}, "citations_years": {"2013": 9, "2014": 12, "2015": 13, "2016": 13, "2017": 8, "2018": 4, "2019": 2, "2020": 1, "2012": 2, "2011": 3, "1994": 1, "1995": 2, "1996": 1, "1997": 0, "1998": 2}, "old_citations": {"2011": 46, "2017": 0, "2013": 21, "2012": 0, "2018": 0, "2005": 0, "1995": 6}, "isVisible": false}, "computer hardware": {"name": "computer hardware", "type": "topic", "h_index": 1150, "h5_index": 279, "num_publications": 15, "num_citations": 73, "num_publications_5y": 0, "num_citations_5y": 50, "num_publications_10y": 13, "num_citations_10y": 64, "publications_years": {"2011": 6, "2013": 7, "2005": 1, "1995": 1}, "citations_years": {"2013": 9, "2014": 12, "2015": 13, "2016": 13, "2017": 8, "2018": 4, "2019": 2, "2020": 1, "2012": 2, "2011": 3, "1994": 1, "1995": 2, "1996": 1, "1997": 0, "1998": 2}, "old_citations": {"2011": 46, "2013": 21, "2005": 0, "1995": 6}, "isVisible": false}, "field programmable gate arrays (fpga)": {"name": "field programmable gate arrays (fpga)", "type": "topic", "h_index": 594, "h5_index": 149, "num_publications": 14, "num_citations": 67, "num_publications_5y": 0, "num_citations_5y": 50, "num_publications_10y": 13, "num_citations_10y": 64, "publications_years": {"2011": 6, "2013": 7, "2005": 1}, "citations_years": {"2013": 9, "2014": 12, "2015": 13, "2016": 13, "2017": 8, "2018": 4, "2019": 2, "2020": 1, "2012": 2, "2011": 3}, "old_citations": {"2011": 46, "2013": 21, "2005": 0}, "isVisible": false}, "computer networks": {"name": "computer networks", "type": "topic", "h_index": 1262, "h5_index": 332, "num_publications": 12, "num_citations": 66, "num_publications_5y": 1, "num_citations_5y": 47, "num_publications_10y": 11, "num_citations_10y": 57, "publications_years": {"2011": 4, "2013": 6, "2017": 1, "1995": 1}, "citations_years": {"2013": 6, "2014": 12, "2015": 11, "2016": 12, "2017": 8, "2018": 4, "2019": 2, "2020": 1, "2011": 3, "2012": 1, "1994": 1, "1995": 2, "1996": 1, "1997": 0, "1998": 2}, "old_citations": {"2011": 40, "2013": 20, "2017": 0, "1995": 6}, "isVisible": false}, "embedded systems": {"name": "embedded systems", "type": "topic", "h_index": 799, "h5_index": 168, "num_publications": 12, "num_citations": 59, "num_publications_5y": 0, "num_citations_5y": 44, "num_publications_10y": 11, "num_citations_10y": 56, "publications_years": {"2011": 5, "2013": 6, "2005": 1}, "citations_years": {"2013": 8, "2014": 12, "2015": 10, "2016": 11, "2017": 8, "2018": 3, "2019": 2, "2020": 1, "2011": 3, "2012": 1}, "old_citations": {"2011": 41, "2013": 18, "2005": 0}, "isVisible": false}, "microprocessor chips": {"name": "microprocessor chips", "type": "topic", "h_index": 744, "h5_index": 175, "num_publications": 11, "num_citations": 70, "num_publications_5y": 0, "num_citations_5y": 47, "num_publications_10y": 10, "num_citations_10y": 61, "publications_years": {"2011": 5, "2013": 5, "1995": 1}, "citations_years": {"2013": 9, "2014": 12, "2015": 12, "2016": 12, "2017": 8, "2018": 3, "2019": 2, "2020": 1, "2012": 2, "2011": 3, "1994": 1, "1995": 2, "1996": 1, "1997": 0, "1998": 2}, "old_citations": {"2011": 46, "2013": 18, "1995": 6}, "isVisible": false}, "reconfigurable architectures": {"name": "reconfigurable architectures", "type": "topic", "h_index": 199, "h5_index": 49, "num_publications": 11, "num_citations": 56, "num_publications_5y": 0, "num_citations_5y": 39, "num_publications_10y": 10, "num_citations_10y": 53, "publications_years": {"2011": 6, "2013": 4, "2005": 1}, "citations_years": {"2013": 9, "2014": 10, "2015": 12, "2016": 9, "2017": 6, "2018": 2, "2019": 2, "2020": 1, "2012": 2, "2011": 3}, "old_citations": {"2011": 46, "2013": 10, "2005": 0}, "isVisible": false}, "distributed computer systems": {"name": "distributed computer systems", "type": "topic", "h_index": 985, "h5_index": 228, "num_publications": 9, "num_citations": 43, "num_publications_5y": 0, "num_citations_5y": 28, "num_publications_10y": 8, "num_citations_10y": 36, "publications_years": {"2011": 4, "2013": 3, "2012": 1, "1995": 1}, "citations_years": {"2013": 6, "2014": 7, "2015": 8, "2016": 7, "2017": 5, "2018": 1, "2019": 0, "2020": 1, "2012": 1, "2011": 1, "1994": 1, "1995": 2, "1996": 1, "1997": 0, "1998": 2}, "old_citations": {"2011": 27, "2013": 10, "2012": 0, "1995": 6}, "isVisible": false}, "distributed systems": {"name": "distributed systems", "type": "topic", "h_index": 859, "h5_index": 209, "num_publications": 9, "num_citations": 43, "num_publications_5y": 0, "num_citations_5y": 28, "num_publications_10y": 8, "num_citations_10y": 36, "publications_years": {"2011": 4, "2013": 3, "2012": 1, "1995": 1}, "citations_years": {"2013": 6, "2014": 7, "2015": 8, "2016": 7, "2017": 5, "2018": 1, "2019": 0, "2020": 1, "2012": 1, "2011": 1, "1994": 1, "1995": 2, "1996": 1, "1997": 0, "1998": 2}, "old_citations": {"2011": 27, "2013": 10, "2012": 0, "1995": 6}, "isVisible": false}, "parallel processing systems": {"name": "parallel processing systems", "type": "topic", "h_index": 845, "h5_index": 208, "num_publications": 9, "num_citations": 43, "num_publications_5y": 0, "num_citations_5y": 28, "num_publications_10y": 8, "num_citations_10y": 36, "publications_years": {"2011": 4, "2013": 3, "2012": 1, "1995": 1}, "citations_years": {"2013": 6, "2014": 7, "2015": 8, "2016": 7, "2017": 5, "2018": 1, "2019": 0, "2020": 1, "2012": 1, "2011": 1, "1994": 1, "1995": 2, "1996": 1, "1997": 0, "1998": 2}, "old_citations": {"2011": 27, "2013": 10, "2012": 0, "1995": 6}, "isVisible": false}, "bandwidth": {"name": "bandwidth", "type": "topic", "h_index": 922, "h5_index": 201, "num_publications": 8, "num_citations": 64, "num_publications_5y": 0, "num_citations_5y": 45, "num_publications_10y": 7, "num_citations_10y": 55, "publications_years": {"2011": 3, "2013": 4, "1995": 1}, "citations_years": {"2013": 6, "2014": 11, "2015": 11, "2016": 12, "2017": 7, "2018": 4, "2019": 2, "2020": 1, "2011": 3, "2012": 1, "1994": 1, "1995": 2, "1996": 1, "1997": 0, "1998": 2}, "old_citations": {"2011": 40, "2013": 18, "1995": 6}, "isVisible": false}, "reconfigurable hardware": {"name": "reconfigurable hardware", "type": "topic", "h_index": 130, "h5_index": 26, "num_publications": 8, "num_citations": 25, "num_publications_5y": 0, "num_citations_5y": 17, "num_publications_10y": 7, "num_citations_10y": 24, "publications_years": {"2011": 4, "2013": 3, "2005": 1}, "citations_years": {"2013": 6, "2014": 5, "2015": 6, "2016": 3, "2017": 3, "2018": 0, "2019": 0, "2020": 1, "2011": 1}, "old_citations": {"2011": 22, "2013": 3, "2005": 0}, "isVisible": false}, "telecommunication networks": {"name": "telecommunication networks", "type": "topic", "h_index": 1116, "h5_index": 258, "num_publications": 8, "num_citations": 64, "num_publications_5y": 0, "num_citations_5y": 45, "num_publications_10y": 7, "num_citations_10y": 55, "publications_years": {"2011": 3, "2013": 4, "1995": 1}, "citations_years": {"2013": 6, "2014": 11, "2015": 11, "2016": 12, "2017": 7, "2018": 4, "2019": 2, "2020": 1, "2011": 3, "2012": 1, "1994": 1, "1995": 2, "1996": 1, "1997": 0, "1998": 2}, "old_citations": {"2011": 40, "2013": 18, "1995": 6}, "isVisible": false}, "telecommunication systems": {"name": "telecommunication systems", "type": "topic", "h_index": 1187, "h5_index": 277, "num_publications": 8, "num_citations": 64, "num_publications_5y": 0, "num_citations_5y": 45, "num_publications_10y": 7, "num_citations_10y": 55, "publications_years": {"2011": 3, "2013": 4, "1995": 1}, "citations_years": {"2013": 6, "2014": 11, "2015": 11, "2016": 12, "2017": 7, "2018": 4, "2019": 2, "2020": 1, "2011": 3, "2012": 1, "1994": 1, "1995": 2, "1996": 1, "1997": 0, "1998": 2}, "old_citations": {"2011": 40, "2013": 18, "1995": 6}, "isVisible": false}, "telecommunication traffic": {"name": "telecommunication traffic", "type": "topic", "h_index": 1036, "h5_index": 233, "num_publications": 8, "num_citations": 64, "num_publications_5y": 0, "num_citations_5y": 45, "num_publications_10y": 7, "num_citations_10y": 55, "publications_years": {"2011": 3, "2013": 4, "1995": 1}, "citations_years": {"2013": 6, "2014": 11, "2015": 11, "2016": 12, "2017": 7, "2018": 4, "2019": 2, "2020": 1, "2011": 3, "2012": 1, "1994": 1, "1995": 2, "1996": 1, "1997": 0, "1998": 2}, "old_citations": {"2011": 40, "2013": 18, "1995": 6}, "isVisible": false}, "network architecture": {"name": "network architecture", "type": "topic", "h_index": 747, "h5_index": 266, "num_publications": 7, "num_citations": 41, "num_publications_5y": 0, "num_citations_5y": 30, "num_publications_10y": 6, "num_citations_10y": 34, "publications_years": {"2011": 2, "2013": 4, "1995": 1}, "citations_years": {"2013": 4, "2014": 8, "2015": 8, "2016": 8, "2017": 5, "2018": 1, "2019": 0, "2020": 1, "1994": 1, "1995": 2, "1996": 1, "1997": 0, "1998": 2}, "old_citations": {"2011": 20, "2013": 15, "1995": 6}, "isVisible": false}, "routers": {"name": "routers", "type": "topic", "h_index": 752, "h5_index": 160, "num_publications": 7, "num_citations": 63, "num_publications_5y": 0, "num_citations_5y": 45, "num_publications_10y": 6, "num_citations_10y": 54, "publications_years": {"2011": 2, "2013": 4, "1995": 1}, "citations_years": {"2013": 6, "2014": 11, "2015": 11, "2016": 12, "2017": 7, "2018": 4, "2019": 2, "2020": 1, "2011": 2, "2012": 1, "1994": 1, "1995": 2, "1996": 1, "1997": 0, "1998": 2}, "old_citations": {"2011": 39, "2013": 18, "1995": 6}, "isVisible": false}, "software engineering": {"name": "software engineering", "type": "topic", "h_index": 964, "h5_index": 236, "num_publications": 7, "num_citations": 25, "num_publications_5y": 0, "num_citations_5y": 18, "num_publications_10y": 6, "num_citations_10y": 23, "publications_years": {"2011": 2, "2013": 4, "2005": 1}, "citations_years": {"2017": 4, "2014": 4, "2015": 3, "2016": 4, "2011": 2, "2012": 1, "2013": 2, "2018": 3, "2019": 2}, "old_citations": {"2011": 19, "2013": 6, "2005": 0}, "isVisible": false}, "computer programming": {"name": "computer programming", "type": "topic", "h_index": 873, "h5_index": 186, "num_publications": 6, "num_citations": 28, "num_publications_5y": 0, "num_citations_5y": 19, "num_publications_10y": 6, "num_citations_10y": 26, "publications_years": {"2011": 4, "2013": 2}, "citations_years": {"2011": 3, "2012": 1, "2013": 3, "2014": 5, "2015": 2, "2016": 6, "2017": 3, "2018": 3, "2019": 2}, "old_citations": {"2011": 21, "2013": 7}, "isVisible": false}, "fpgas": {"name": "fpgas", "type": "topic", "h_index": 146, "h5_index": 36, "num_publications": 4, "num_citations": 51, "num_publications_5y": 0, "num_citations_5y": 37, "num_publications_10y": 4, "num_citations_10y": 48, "publications_years": {"2011": 3, "2013": 1}, "citations_years": {"2013": 7, "2014": 9, "2015": 12, "2016": 9, "2017": 5, "2018": 2, "2019": 2, "2020": 1, "2012": 2, "2011": 2}, "old_citations": {"2011": 44, "2013": 7}, "isVisible": false}, "software": {"name": "software", "type": "topic", "h_index": 902, "h5_index": 167, "num_publications": 3, "num_citations": 41, "num_publications_5y": 0, "num_citations_5y": 29, "num_publications_10y": 3, "num_citations_10y": 38, "publications_years": {"2011": 2, "2013": 1}, "citations_years": {"2013": 6, "2014": 8, "2015": 8, "2016": 6, "2017": 5, "2018": 2, "2019": 2, "2020": 1, "2011": 2, "2012": 1}, "old_citations": {"2011": 39, "2013": 2}, "isVisible": false}, "application specific integrated circuits": {"name": "application specific integrated circuits", "type": "topic", "h_index": 247, "h5_index": 55, "num_publications": 3, "num_citations": 40, "num_publications_5y": 0, "num_citations_5y": 27, "num_publications_10y": 3, "num_citations_10y": 37, "publications_years": {"2011": 2, "2013": 1}, "citations_years": {"2013": 7, "2014": 7, "2015": 8, "2016": 6, "2017": 4, "2018": 2, "2019": 2, "2020": 1, "2011": 2, "2012": 1}, "old_citations": {"2011": 39, "2013": 1}, "isVisible": false}, "program processors": {"name": "program processors", "type": "topic", "h_index": 613, "h5_index": 151, "num_publications": 6, "num_citations": 32, "num_publications_5y": 0, "num_citations_5y": 25, "num_publications_10y": 6, "num_citations_10y": 31, "publications_years": {"2011": 3, "2013": 3}, "citations_years": {"2013": 5, "2014": 7, "2015": 6, "2016": 6, "2017": 5, "2018": 1, "2019": 0, "2020": 1, "2011": 1}, "old_citations": {"2011": 22, "2013": 10}, "isVisible": false}, "programmable logic controllers": {"name": "programmable logic controllers", "type": "topic", "h_index": 224, "h5_index": 43, "num_publications": 2, "num_citations": 39, "num_publications_5y": 0, "num_citations_5y": 27, "num_publications_10y": 2, "num_citations_10y": 36, "publications_years": {"2011": 2}, "citations_years": {"2013": 6, "2014": 7, "2015": 8, "2016": 6, "2017": 4, "2018": 2, "2019": 2, "2020": 1, "2011": 2, "2012": 1}, "old_citations": {"2011": 39}, "isVisible": false}, "engineering": {"name": "engineering", "type": "topic", "h_index": 1177, "h5_index": 287, "num_publications": 6, "num_citations": 26, "num_publications_5y": 3, "num_citations_5y": 19, "num_publications_10y": 5, "num_citations_10y": 24, "publications_years": {"2017": 1, "2018": 2, "2011": 1, "2013": 1, "2005": 1}, "citations_years": {"2011": 2, "2012": 1, "2013": 2, "2014": 5, "2015": 2, "2016": 6, "2017": 3, "2018": 3, "2019": 2}, "old_citations": {"2017": 0, "2018": 0, "2011": 19, "2013": 7, "2005": 0}, "isVisible": false}, "education": {"name": "education", "type": "topic", "h_index": 639, "h5_index": 124, "num_publications": 2, "num_citations": 0, "num_publications_5y": 2, "num_citations_5y": 0, "num_publications_10y": 2, "num_citations_10y": 0, "publications_years": {"2018": 1, "2017": 1}, "citations_years": {}, "old_citations": {"2018": 0, "2017": 0}, "isVisible": false}, "signal processing": {"name": "signal processing", "type": "topic", "h_index": 1012, "h5_index": 255, "num_publications": 5, "num_citations": 26, "num_publications_5y": 2, "num_citations_5y": 19, "num_publications_10y": 4, "num_citations_10y": 24, "publications_years": {"2017": 1, "2011": 1, "2013": 1, "2018": 1, "2005": 1}, "citations_years": {"2011": 2, "2012": 1, "2013": 2, "2014": 5, "2015": 2, "2016": 6, "2017": 3, "2018": 3, "2019": 2}, "old_citations": {"2017": 0, "2011": 19, "2013": 7, "2018": 0, "2005": 0}, "isVisible": false}, "adaptive control systems": {"name": "adaptive control systems", "type": "topic", "h_index": 496, "h5_index": 131, "num_publications": 1, "num_citations": 0, "num_publications_5y": 1, "num_citations_5y": 0, "num_publications_10y": 1, "num_citations_10y": 0, "publications_years": {"2018": 1}, "citations_years": {}, "old_citations": {"2018": 0}, "isVisible": false}, "analog signals": {"name": "analog signals", "type": "topic", "h_index": 125, "h5_index": 18, "num_publications": 1, "num_citations": 0, "num_publications_5y": 1, "num_citations_5y": 0, "num_publications_10y": 1, "num_citations_10y": 0, "publications_years": {"2018": 1}, "citations_years": {}, "old_citations": {"2018": 0}, "isVisible": false}, "authentication": {"name": "authentication", "type": "topic", "h_index": 615, "h5_index": 135, "num_publications": 1, "num_citations": 0, "num_publications_5y": 1, "num_citations_5y": 0, "num_publications_10y": 1, "num_citations_10y": 0, "publications_years": {"2017": 1}, "citations_years": {}, "old_citations": {"2017": 0}, "isVisible": false}, "automation": {"name": "automation", "type": "topic", "h_index": 579, "h5_index": 144, "num_publications": 1, "num_citations": 0, "num_publications_5y": 1, "num_citations_5y": 0, "num_publications_10y": 1, "num_citations_10y": 0, "publications_years": {"2018": 1}, "citations_years": {}, "old_citations": {"2018": 0}, "isVisible": false}, "collaborative activities": {"name": "collaborative activities", "type": "topic", "h_index": 154, "h5_index": 30, "num_publications": 1, "num_citations": 0, "num_publications_5y": 1, "num_citations_5y": 0, "num_publications_10y": 1, "num_citations_10y": 0, "publications_years": {"2017": 1}, "citations_years": {}, "old_citations": {"2017": 0}, "isVisible": false}, "collaborative learning": {"name": "collaborative learning", "type": "topic", "h_index": 199, "h5_index": 39, "num_publications": 1, "num_citations": 0, "num_publications_5y": 1, "num_citations_5y": 0, "num_publications_10y": 1, "num_citations_10y": 0, "publications_years": {"2017": 1}, "citations_years": {}, "old_citations": {"2017": 0}, "isVisible": false}, "collaborative work": {"name": "collaborative work", "type": "topic", "h_index": 197, "h5_index": 32, "num_publications": 1, "num_citations": 0, "num_publications_5y": 1, "num_citations_5y": 0, "num_publications_10y": 1, "num_citations_10y": 0, "publications_years": {"2017": 1}, "citations_years": {}, "old_citations": {"2017": 0}, "isVisible": false}, "computer imaging and vision": {"name": "computer imaging and vision", "type": "topic", "h_index": 1142, "h5_index": 334, "num_publications": 2, "num_citations": 1, "num_publications_5y": 1, "num_citations_5y": 0, "num_publications_10y": 2, "num_citations_10y": 1, "publications_years": {"2017": 1, "2013": 1}, "citations_years": {"2013": 1}, "old_citations": {"2017": 0, "2013": 1}, "isVisible": false}, "computer security": {"name": "computer security", "type": "topic", "h_index": 977, "h5_index": 220, "num_publications": 3, "num_citations": 9, "num_publications_5y": 1, "num_citations_5y": 9, "num_publications_10y": 3, "num_citations_10y": 9, "publications_years": {"2013": 2, "2017": 1}, "citations_years": {"2014": 3, "2015": 2, "2016": 2, "2017": 2}, "old_citations": {"2013": 9, "2017": 0}, "isVisible": false}, "control systems": {"name": "control systems", "type": "topic", "h_index": 433, "h5_index": 104, "num_publications": 1, "num_citations": 0, "num_publications_5y": 1, "num_citations_5y": 0, "num_publications_10y": 1, "num_citations_10y": 0, "publications_years": {"2017": 1}, "citations_years": {}, "old_citations": {"2017": 0}, "isVisible": false}, "control theory": {"name": "control theory", "type": "topic", "h_index": 389, "h5_index": 109, "num_publications": 1, "num_citations": 0, "num_publications_5y": 1, "num_citations_5y": 0, "num_publications_10y": 1, "num_citations_10y": 0, "publications_years": {"2018": 1}, "citations_years": {}, "old_citations": {"2018": 0}, "isVisible": false}, "cooperative works": {"name": "cooperative works", "type": "topic", "h_index": 144, "h5_index": 18, "num_publications": 1, "num_citations": 0, "num_publications_5y": 1, "num_citations_5y": 0, "num_publications_10y": 1, "num_citations_10y": 0, "publications_years": {"2017": 1}, "citations_years": {}, "old_citations": {"2017": 0}, "isVisible": false}, "cryptography": {"name": "cryptography", "type": "topic", "h_index": 761, "h5_index": 179, "num_publications": 2, "num_citations": 2, "num_publications_5y": 1, "num_citations_5y": 2, "num_publications_10y": 2, "num_citations_10y": 2, "publications_years": {"2013": 1, "2017": 1}, "citations_years": {"2014": 1, "2015": 0, "2016": 0, "2017": 1}, "old_citations": {"2013": 2, "2017": 0}, "isVisible": false}, "cryptology": {"name": "cryptology", "type": "topic", "h_index": 761, "h5_index": 179, "num_publications": 2, "num_citations": 2, "num_publications_5y": 1, "num_citations_5y": 2, "num_publications_10y": 2, "num_citations_10y": 2, "publications_years": {"2013": 1, "2017": 1}, "citations_years": {"2014": 1, "2015": 0, "2016": 0, "2017": 1}, "old_citations": {"2013": 2, "2017": 0}, "isVisible": false}, "digital signal processing": {"name": "digital signal processing", "type": "topic", "h_index": 435, "h5_index": 97, "num_publications": 4, "num_citations": 26, "num_publications_5y": 1, "num_citations_5y": 19, "num_publications_10y": 3, "num_citations_10y": 24, "publications_years": {"2011": 1, "2013": 1, "2018": 1, "2005": 1}, "citations_years": {"2011": 2, "2012": 1, "2013": 2, "2014": 5, "2015": 2, "2016": 6, "2017": 3, "2018": 3, "2019": 2}, "old_citations": {"2011": 19, "2013": 7, "2018": 0, "2005": 0}, "isVisible": false}, "digital signal processors": {"name": "digital signal processors", "type": "topic", "h_index": 216, "h5_index": 33, "num_publications": 2, "num_citations": 0, "num_publications_5y": 1, "num_citations_5y": 0, "num_publications_10y": 1, "num_citations_10y": 0, "publications_years": {"2018": 1, "2005": 1}, "citations_years": {}, "old_citations": {"2018": 0, "2005": 0}, "isVisible": false}, "digital signals": {"name": "digital signals", "type": "topic", "h_index": 182, "h5_index": 30, "num_publications": 1, "num_citations": 0, "num_publications_5y": 1, "num_citations_5y": 0, "num_publications_10y": 1, "num_citations_10y": 0, "publications_years": {"2018": 1}, "citations_years": {}, "old_citations": {"2018": 0}, "isVisible": false}}, "authors": {"2096062985": {"name": "jurgen becker", "type": "author", "activity": 26, "h_index": 31, "h5_index": 4, "mag_id": "2096062985", "num_publications": 4, "num_citations": 34, "num_publications_5y": 0, "num_citations_5y": 29, "num_publications_10y": 4, "num_citations_10y": 33, "publications_years": {"2011": 2, "2013": 2}, "citations_years": {"2013": 4, "2014": 8, "2015": 8, "2016": 8, "2017": 4, "2018": 1, "2019": 0, "2020": 1}, "old_citations": {"2011": 20, "2013": 14}, "isVisible": false}, "2806885013": {"name": "hannah travis", "type": "author", "activity": 2, "h_index": 0, "h5_index": 0, "mag_id": "2806885013", "num_publications": 3, "num_citations": 0, "num_publications_5y": 3, "num_citations_5y": 0, "num_publications_10y": 3, "num_citations_10y": 0, "publications_years": {"2017": 2, "2018": 1}, "citations_years": {}, "old_citations": {"2017": 0, "2018": 0}, "isVisible": false}, "715692513": {"name": "d sciuto", "type": "author", "activity": 30, "h_index": 32, "h5_index": 5, "mag_id": "715692513", "num_publications": 2, "num_citations": 5, "num_publications_5y": 0, "num_citations_5y": 3, "num_publications_10y": 2, "num_citations_10y": 5, "publications_years": {"2012": 1, "2011": 1}, "citations_years": {"2012": 1, "2013": 1, "2014": 0, "2015": 2, "2016": 1}, "old_citations": {"2012": 0, "2011": 5}, "isVisible": false}, "2145996750": {"name": "michael hubner", "type": "author", "activity": 18, "h_index": 19, "h5_index": 5, "mag_id": "2145996750", "num_publications": 2, "num_citations": 27, "num_publications_5y": 0, "num_citations_5y": 22, "num_publications_10y": 2, "num_citations_10y": 26, "publications_years": {"2011": 1, "2013": 1}, "citations_years": {"2013": 4, "2014": 6, "2015": 8, "2016": 5, "2017": 3, "2018": 0, "2019": 0, "2020": 1}, "old_citations": {"2011": 20, "2013": 7}, "isVisible": false}, "2805185595": {"name": "kaiya peralta", "type": "author", "activity": 2, "h_index": 0, "h5_index": 0, "mag_id": "2805185595", "num_publications": 2, "num_citations": 0, "num_publications_5y": 2, "num_citations_5y": 0, "num_publications_10y": 2, "num_citations_10y": 0, "publications_years": {"2017": 1, "2018": 1}, "citations_years": {}, "old_citations": {"2017": 0, "2018": 0}, "isVisible": false}, "2807984353": {"name": "bryce youngson", "type": "author", "activity": 2, "h_index": 0, "h5_index": 0, "mag_id": "2807984353", "num_publications": 2, "num_citations": 0, "num_publications_5y": 2, "num_citations_5y": 0, "num_publications_10y": 2, "num_citations_10y": 0, "publications_years": {"2018": 1, "2017": 1}, "citations_years": {}, "old_citations": {"2018": 0, "2017": 0}, "isVisible": false}, "2922061532": {"name": "casey wieber", "type": "author", "activity": 1, "h_index": 0, "h5_index": 0, "mag_id": "2922061532", "num_publications": 2, "num_citations": 0, "num_publications_5y": 2, "num_citations_5y": 0, "num_publications_10y": 2, "num_citations_10y": 0, "publications_years": {"2018": 2}, "citations_years": {}, "old_citations": {"2018": 0}, "isVisible": false}, "132046190": {"name": "kostas siozios", "type": "author", "activity": 17, "h_index": 11, "h5_index": 3, "mag_id": "132046190", "num_publications": 1, "num_citations": 7, "num_publications_5y": 0, "num_citations_5y": 7, "num_publications_10y": 1, "num_citations_10y": 7, "publications_years": {"2013": 1}, "citations_years": {"2014": 2, "2015": 2, "2016": 2, "2017": 1}, "old_citations": {"2013": 7}, "isVisible": false}, "213682241": {"name": "jan heisswolf", "type": "author", "activity": 7, "h_index": 7, "h5_index": 1, "mag_id": "213682241", "num_publications": 1, "num_citations": 7, "num_publications_5y": 0, "num_citations_5y": 7, "num_publications_10y": 1, "num_citations_10y": 7, "publications_years": {"2013": 1}, "citations_years": {"2014": 2, "2015": 0, "2016": 3, "2017": 1, "2018": 1}, "old_citations": {"2013": 7}, "isVisible": false}, "238751153": {"name": "johan vounckx", "type": "author", "activity": 13, "h_index": 7, "h5_index": 0, "mag_id": "238751153", "num_publications": 1, "num_citations": 6, "num_publications_5y": 0, "num_citations_5y": 0, "num_publications_10y": 0, "num_citations_10y": 0, "publications_years": {"1995": 1}, "citations_years": {"1994": 1, "1995": 2, "1996": 1, "1997": 0, "1998": 2}, "old_citations": {"1995": 6}, "isVisible": false}, "290254348": {"name": "etienne nguepi zeutebouo", "type": "author", "activity": 2, "h_index": 2, "h5_index": 0, "mag_id": "290254348", "num_publications": 1, "num_citations": 20, "num_publications_5y": 0, "num_citations_5y": 15, "num_publications_10y": 1, "num_citations_10y": 19, "publications_years": {"2011": 1}, "citations_years": {"2013": 4, "2014": 4, "2015": 6, "2016": 3, "2017": 2, "2018": 0, "2019": 0, "2020": 1}, "old_citations": {"2011": 20}, "isVisible": false}, "400102574": {"name": "rudi cuyvers", "type": "author", "activity": 7, "h_index": 4, "h5_index": 0, "mag_id": "400102574", "num_publications": 1, "num_citations": 6, "num_publications_5y": 0, "num_citations_5y": 0, "num_publications_10y": 0, "num_citations_10y": 0, "publications_years": {"1995": 1}, "citations_years": {"1994": 1, "1995": 2, "1996": 1, "1997": 0, "1998": 2}, "old_citations": {"1995": 6}, "isVisible": false}, "460547672": {"name": "walter stechele", "type": "author", "activity": 23, "h_index": 16, "h5_index": 3, "mag_id": "460547672", "num_publications": 1, "num_citations": 1, "num_publications_5y": 0, "num_citations_5y": 0, "num_publications_10y": 1, "num_citations_10y": 1, "publications_years": {"2013": 1}, "citations_years": {"2013": 1}, "old_citations": {"2013": 1}, "isVisible": false}, "649626390": {"name": "marco d santambrogio", "type": "author", "activity": 24, "h_index": 24, "h5_index": 9, "mag_id": "649626390", "num_publications": 1, "num_citations": 5, "num_publications_5y": 0, "num_citations_5y": 3, "num_publications_10y": 1, "num_citations_10y": 5, "publications_years": {"2011": 1}, "citations_years": {"2012": 1, "2013": 1, "2014": 0, "2015": 2, "2016": 1}, "old_citations": {"2011": 5}, "isVisible": false}, "1010028034": {"name": "gaston cambon", "type": "author", "activity": 12, "h_index": 4, "h5_index": 0, "mag_id": "1010028034", "num_publications": 1, "num_citations": 0, "num_publications_5y": 0, "num_citations_5y": 0, "num_publications_10y": 0, "num_citations_10y": 0, "publications_years": {"2005": 1}, "citations_years": {}, "old_citations": {"2005": 0}, "isVisible": false}, "1231365660": {"name": "aurang zaib", "type": "author", "activity": 6, "h_index": 6, "h5_index": 1, "mag_id": "1231365660", "num_publications": 1, "num_citations": 7, "num_publications_5y": 0, "num_citations_5y": 7, "num_publications_10y": 1, "num_citations_10y": 7, "publications_years": {"2013": 1}, "citations_years": {"2014": 2, "2015": 0, "2016": 3, "2017": 1, "2018": 1}, "old_citations": {"2013": 7}, "isVisible": false}, "1521501491": {"name": "aravind dasu", "type": "author", "activity": 15, "h_index": 7, "h5_index": 0, "mag_id": "1521501491", "num_publications": 1, "num_citations": 0, "num_publications_5y": 0, "num_citations_5y": 0, "num_publications_10y": 1, "num_citations_10y": 0, "publications_years": {"2011": 1}, "citations_years": {}, "old_citations": {"2011": 0}, "isVisible": false}, "1957764320": {"name": "diana goehringer", "type": "author", "activity": 6, "h_index": 1, "h5_index": 1, "mag_id": "1957764320", "num_publications": 1, "num_citations": 0, "num_publications_5y": 0, "num_citations_5y": 0, "num_publications_10y": 1, "num_citations_10y": 0, "publications_years": {"2013": 1}, "citations_years": {}, "old_citations": {"2013": 0}, "isVisible": false}, "1977400439": {"name": "mateus beck rutzig", "type": "author", "activity": 14, "h_index": 8, "h5_index": 2, "mag_id": "1977400439", "num_publications": 1, "num_citations": 1, "num_publications_5y": 0, "num_citations_5y": 0, "num_publications_10y": 1, "num_citations_10y": 1, "publications_years": {"2011": 1}, "citations_years": {"2013": 1}, "old_citations": {"2011": 1}, "isVisible": false}, "1982581369": {"name": "mario porrmann", "type": "author", "activity": 23, "h_index": 22, "h5_index": 4, "mag_id": "1982581369", "num_publications": 1, "num_citations": 0, "num_publications_5y": 0, "num_citations_5y": 0, "num_publications_10y": 1, "num_citations_10y": 0, "publications_years": {"2012": 1}, "citations_years": {}, "old_citations": {"2012": 0}, "isVisible": false}, "1988816017": {"name": "manfred mucke", "type": "author", "activity": 8, "h_index": 4, "h5_index": 1, "mag_id": "1988816017", "num_publications": 1, "num_citations": 1, "num_publications_5y": 0, "num_citations_5y": 0, "num_publications_10y": 1, "num_citations_10y": 1, "publications_years": {"2011": 1}, "citations_years": {"2011": 1}, "old_citations": {"2011": 1}, "isVisible": false}, "1991423812": {"name": "paoann hsiung", "type": "author", "activity": 24, "h_index": 17, "h5_index": 3, "mag_id": "1991423812", "num_publications": 1, "num_citations": 2, "num_publications_5y": 0, "num_citations_5y": 2, "num_publications_10y": 1, "num_citations_10y": 2, "publications_years": {"2013": 1}, "citations_years": {"2014": 1, "2015": 0, "2016": 0, "2017": 1}, "old_citations": {"2013": 2}, "isVisible": false}, "1995587059": {"name": "wilfried n gansterer", "type": "author", "activity": 22, "h_index": 14, "h5_index": 3, "mag_id": "1995587059", "num_publications": 1, "num_citations": 1, "num_publications_5y": 0, "num_citations_5y": 0, "num_publications_10y": 1, "num_citations_10y": 1, "publications_years": {"2011": 1}, "citations_years": {"2011": 1}, "old_citations": {"2011": 1}, "isVisible": false}, "1999562812": {"name": "steven j e wilton", "type": "author", "activity": 28, "h_index": 31, "h5_index": 4, "mag_id": "1999562812", "num_publications": 1, "num_citations": 3, "num_publications_5y": 0, "num_citations_5y": 3, "num_publications_10y": 1, "num_citations_10y": 3, "publications_years": {"2013": 1}, "citations_years": {"2015": 1, "2016": 1, "2017": 0, "2018": 1}, "old_citations": {"2013": 3}, "isVisible": false}, "2008059451": {"name": "andreas herkersdorf", "type": "author", "activity": 30, "h_index": 21, "h5_index": 4, "mag_id": "2008059451", "num_publications": 1, "num_citations": 7, "num_publications_5y": 0, "num_citations_5y": 7, "num_publications_10y": 1, "num_citations_10y": 7, "publications_years": {"2013": 1}, "citations_years": {"2014": 2, "2015": 0, "2016": 3, "2017": 1, "2018": 1}, "old_citations": {"2013": 7}, "isVisible": false}, "2008884277": {"name": "philippe o a navaux", "type": "author", "activity": 31, "h_index": 19, "h5_index": 8, "mag_id": "2008884277", "num_publications": 1, "num_citations": 1, "num_publications_5y": 0, "num_citations_5y": 0, "num_publications_10y": 1, "num_citations_10y": 1, "publications_years": {"2011": 1}, "citations_years": {"2013": 1}, "old_citations": {"2011": 1}, "isVisible": false}, "2017911276": {"name": "jurgen teich", "type": "author", "activity": 31, "h_index": 39, "h5_index": 9, "mag_id": "2017911276", "num_publications": 1, "num_citations": 7, "num_publications_5y": 0, "num_citations_5y": 7, "num_publications_10y": 1, "num_citations_10y": 7, "publications_years": {"2013": 1}, "citations_years": {"2014": 2, "2015": 0, "2016": 3, "2017": 1, "2018": 1}, "old_citations": {"2013": 7}, "isVisible": false}, "2036233100": {"name": "gianluca durelli", "type": "author", "activity": 7, "h_index": 7, "h5_index": 4, "mag_id": "2036233100", "num_publications": 1, "num_citations": 0, "num_publications_5y": 0, "num_citations_5y": 0, "num_publications_10y": 1, "num_citations_10y": 0, "publications_years": {"2012": 1}, "citations_years": {}, "old_citations": {"2012": 0}, "isVisible": false}, "2038893388": {"name": "oliver diessel", "type": "author", "activity": 24, "h_index": 12, "h5_index": 5, "mag_id": "2038893388", "num_publications": 1, "num_citations": 1, "num_publications_5y": 0, "num_citations_5y": 0, "num_publications_10y": 1, "num_citations_10y": 1, "publications_years": {"2013": 1}, "citations_years": {"2013": 1}, "old_citations": {"2013": 1}, "isVisible": false}, "2059145305": {"name": "felipe madruga", "type": "author", "activity": 3, "h_index": 3, "h5_index": 0, "mag_id": "2059145305", "num_publications": 1, "num_citations": 1, "num_publications_5y": 0, "num_citations_5y": 0, "num_publications_10y": 1, "num_citations_10y": 1, "publications_years": {"2011": 1}, "citations_years": {"2013": 1}, "old_citations": {"2011": 1}, "isVisible": false}, "2066191952": {"name": "andreas weichslgartner", "type": "author", "activity": 8, "h_index": 7, "h5_index": 5, "mag_id": "2066191952", "num_publications": 1, "num_citations": 7, "num_publications_5y": 0, "num_citations_5y": 7, "num_publications_10y": 1, "num_citations_10y": 7, "publications_years": {"2013": 1}, "citations_years": {"2014": 2, "2015": 0, "2016": 3, "2017": 1, "2018": 1}, "old_citations": {"2013": 7}, "isVisible": false}, "2067091152": {"name": "diana gohringer", "type": "author", "activity": 15, "h_index": 14, "h5_index": 7, "mag_id": "2067091152", "num_publications": 1, "num_citations": 20, "num_publications_5y": 0, "num_citations_5y": 15, "num_publications_10y": 1, "num_citations_10y": 19, "publications_years": {"2011": 1}, "citations_years": {"2013": 4, "2014": 4, "2015": 6, "2016": 3, "2017": 2, "2018": 0, "2019": 0, "2020": 1}, "old_citations": {"2011": 20}, "isVisible": false}, "2071482216": {"name": "peter figuli", "type": "author", "activity": 7, "h_index": 6, "h5_index": 2, "mag_id": "2071482216", "num_publications": 1, "num_citations": 7, "num_publications_5y": 0, "num_citations_5y": 7, "num_publications_10y": 1, "num_citations_10y": 7, "publications_years": {"2013": 1}, "citations_years": {"2014": 2, "2015": 2, "2016": 2, "2017": 1}, "old_citations": {"2013": 7}, "isVisible": false}, "2088826626": {"name": "viktor k prasanna", "type": "author", "activity": 31, "h_index": 53, "h5_index": 9, "mag_id": "2088826626", "num_publications": 1, "num_citations": 1, "num_publications_5y": 0, "num_citations_5y": 1, "num_publications_10y": 1, "num_citations_10y": 1, "publications_years": {"2013": 1}, "citations_years": {"2017": 1}, "old_citations": {"2013": 1}, "isVisible": false}, "2106748168": {"name": "alan d george", "type": "author", "activity": 26, "h_index": 23, "h5_index": 4, "mag_id": "2106748168", "num_publications": 1, "num_citations": 19, "num_publications_5y": 0, "num_citations_5y": 12, "num_publications_10y": 1, "num_citations_10y": 17, "publications_years": {"2011": 1}, "citations_years": {"2011": 2, "2012": 1, "2013": 2, "2014": 3, "2015": 2, "2016": 3, "2017": 2, "2018": 2, "2019": 2}, "old_citations": {"2011": 19}, "isVisible": false}, "2106812101": {"name": "marco a z alves", "type": "author", "activity": 12, "h_index": 10, "h5_index": 6, "mag_id": "2106812101", "num_publications": 1, "num_citations": 1, "num_publications_5y": 0, "num_citations_5y": 0, "num_publications_10y": 1, "num_citations_10y": 1, "publications_years": {"2011": 1}, "citations_years": {"2013": 1}, "old_citations": {"2011": 1}, "isVisible": false}, "2110535030": {"name": "nicolas maillard", "type": "author", "activity": 15, "h_index": 9, "h5_index": 0, "mag_id": "2110535030", "num_publications": 1, "num_citations": 1, "num_publications_5y": 0, "num_citations_5y": 0, "num_publications_10y": 1, "num_citations_10y": 1, "publications_years": {"2011": 1}, "citations_years": {"2013": 1}, "old_citations": {"2011": 1}, "isVisible": false}, "2113300668": {"name": "chunhsian huang", "type": "author", "activity": 16, "h_index": 12, "h5_index": 2, "mag_id": "2113300668", "num_publications": 1, "num_citations": 2, "num_publications_5y": 0, "num_citations_5y": 2, "num_publications_10y": 1, "num_citations_10y": 2, "publications_years": {"2013": 1}, "citations_years": {"2014": 1, "2015": 0, "2016": 0, "2017": 1}, "old_citations": {"2013": 2}, "isVisible": false}, "2114527781": {"name": "geert deconinck", "type": "author", "activity": 28, "h_index": 21, "h5_index": 5, "mag_id": "2114527781", "num_publications": 1, "num_citations": 6, "num_publications_5y": 0, "num_citations_5y": 0, "num_publications_10y": 0, "num_citations_10y": 0, "publications_years": {"1995": 1}, "citations_years": {"1994": 1, "1995": 2, "1996": 1, "1997": 0, "1998": 2}, "old_citations": {"1995": 6}, "isVisible": false}, "2116678611": {"name": "greg stitt", "type": "author", "activity": 20, "h_index": 22, "h5_index": 3, "mag_id": "2116678611", "num_publications": 1, "num_citations": 19, "num_publications_5y": 0, "num_citations_5y": 12, "num_publications_10y": 1, "num_citations_10y": 17, "publications_years": {"2011": 1}, "citations_years": {"2011": 2, "2012": 1, "2013": 2, "2014": 3, "2015": 2, "2016": 3, "2017": 2, "2018": 2, "2019": 2}, "old_citations": {"2011": 19}, "isVisible": false}, "2118523140": {"name": "henrique c freitas", "type": "author", "activity": 18, "h_index": 8, "h5_index": 4, "mag_id": "2118523140", "num_publications": 1, "num_citations": 1, "num_publications_5y": 0, "num_citations_5y": 0, "num_publications_10y": 1, "num_citations_10y": 1, "publications_years": {"2011": 1}, "citations_years": {"2013": 1}, "old_citations": {"2011": 1}, "isVisible": false}, "2126237477": {"name": "lionel torres", "type": "author", "activity": 26, "h_index": 15, "h5_index": 6, "mag_id": "2126237477", "num_publications": 1, "num_citations": 0, "num_publications_5y": 0, "num_citations_5y": 0, "num_publications_10y": 0, "num_citations_10y": 0, "publications_years": {"2005": 1}, "citations_years": {}, "old_citations": {"2005": 0}, "isVisible": false}, "2128000220": {"name": "thomas wild", "type": "author", "activity": 28, "h_index": 11, "h5_index": 2, "mag_id": "2128000220", "num_publications": 1, "num_citations": 7, "num_publications_5y": 0, "num_citations_5y": 7, "num_publications_10y": 1, "num_citations_10y": 7, "publications_years": {"2013": 1}, "citations_years": {"2014": 2, "2015": 0, "2016": 3, "2017": 1, "2018": 1}, "old_citations": {"2013": 7}, "isVisible": false}, "2129515058": {"name": "lingkan gong", "type": "author", "activity": 8, "h_index": 4, "h5_index": 2, "mag_id": "2129515058", "num_publications": 1, "num_citations": 1, "num_publications_5y": 0, "num_citations_5y": 0, "num_publications_10y": 1, "num_citations_10y": 1, "publications_years": {"2013": 1}, "citations_years": {"2013": 1}, "old_citations": {"2013": 1}, "isVisible": false}, "2134391791": {"name": "ralf konig", "type": "author", "activity": 10, "h_index": 6, "h5_index": 0, "mag_id": "2134391791", "num_publications": 1, "num_citations": 7, "num_publications_5y": 0, "num_citations_5y": 7, "num_publications_10y": 1, "num_citations_10y": 7, "publications_years": {"2013": 1}, "citations_years": {"2014": 2, "2015": 0, "2016": 3, "2017": 1, "2018": 1}, "old_citations": {"2013": 7}, "isVisible": false}, "2144139264": {"name": "joao m p cardoso", "type": "author", "activity": 25, "h_index": 21, "h5_index": 7, "mag_id": "2144139264", "num_publications": 1, "num_citations": 0, "num_publications_5y": 0, "num_citations_5y": 0, "num_publications_10y": 1, "num_citations_10y": 0, "publications_years": {"2011": 1}, "citations_years": {}, "old_citations": {"2011": 0}, "isVisible": false}, "2157481769": {"name": "luigi carro", "type": "author", "activity": 27, "h_index": 30, "h5_index": 6, "mag_id": "2157481769", "num_publications": 1, "num_citations": 1, "num_publications_5y": 0, "num_citations_5y": 0, "num_publications_10y": 1, "num_citations_10y": 1, "publications_years": {"2011": 1}, "citations_years": {"2013": 1}, "old_citations": {"2011": 1}, "isVisible": false}, "2169305992": {"name": "johny paul", "type": "author", "activity": 7, "h_index": 4, "h5_index": 1, "mag_id": "2169305992", "num_publications": 1, "num_citations": 1, "num_publications_5y": 0, "num_citations_5y": 0, "num_publications_10y": 1, "num_citations_10y": 1, "publications_years": {"2013": 1}, "citations_years": {"2013": 1}, "old_citations": {"2013": 1}, "isVisible": false}, "2224957473": {"name": "thilan ganegedara", "type": "author", "activity": 5, "h_index": 7, "h5_index": 0, "mag_id": "2224957473", "num_publications": 1, "num_citations": 1, "num_publications_5y": 0, "num_citations_5y": 1, "num_publications_10y": 1, "num_citations_10y": 1, "publications_years": {"2013": 1}, "citations_years": {"2017": 1}, "old_citations": {"2013": 1}, "isVisible": false}, "2225436879": {"name": "joydip das", "type": "author", "activity": 5, "h_index": 5, "h5_index": 0, "mag_id": "2225436879", "num_publications": 1, "num_citations": 3, "num_publications_5y": 0, "num_citations_5y": 3, "num_publications_10y": 1, "num_citations_10y": 3, "publications_years": {"2013": 1}, "citations_years": {"2015": 1, "2016": 1, "2017": 0, "2018": 1}, "old_citations": {"2013": 3}, "isVisible": false}, "2227684969": {"name": "dimitrios soudris", "type": "author", "activity": 30, "h_index": 20, "h5_index": 8, "mag_id": "2227684969", "num_publications": 1, "num_citations": 7, "num_publications_5y": 0, "num_citations_5y": 7, "num_publications_10y": 1, "num_citations_10y": 7, "publications_years": {"2013": 1}, "citations_years": {"2014": 2, "2015": 2, "2016": 2, "2017": 1}, "old_citations": {"2013": 7}, "isVisible": false}, "2227833635": {"name": "f cresci", "type": "author", "activity": 1, "h_index": 0, "h5_index": 0, "mag_id": "2227833635", "num_publications": 1, "num_citations": 0, "num_publications_5y": 0, "num_citations_5y": 0, "num_publications_10y": 1, "num_citations_10y": 0, "publications_years": {"2012": 1}, "citations_years": {}, "old_citations": {"2012": 0}, "isVisible": false}, "2235237591": {"name": "eli bozorgzadeh", "type": "author", "activity": 15, "h_index": 8, "h5_index": 5, "mag_id": "2235237591", "num_publications": 1, "num_citations": 0, "num_publications_5y": 0, "num_citations_5y": 0, "num_publications_10y": 1, "num_citations_10y": 0, "publications_years": {"2011": 1}, "citations_years": {}, "old_citations": {"2011": 0}, "isVisible": false}, "2242119240": {"name": "john curreri", "type": "author", "activity": 7, "h_index": 6, "h5_index": 0, "mag_id": "2242119240", "num_publications": 1, "num_citations": 19, "num_publications_5y": 0, "num_citations_5y": 12, "num_publications_10y": 1, "num_citations_10y": 17, "publications_years": {"2011": 1}, "citations_years": {"2011": 2, "2012": 1, "2013": 2, "2014": 3, "2015": 2, "2016": 3, "2017": 2, "2018": 2, "2019": 2}, "old_citations": {"2011": 19}, "isVisible": false}, "2295146938": {"name": "a montone", "type": "author", "activity": 5, "h_index": 4, "h5_index": 0, "mag_id": "2295146938", "num_publications": 1, "num_citations": 5, "num_publications_5y": 0, "num_citations_5y": 3, "num_publications_10y": 1, "num_citations_10y": 5, "publications_years": {"2011": 1}, "citations_years": {"2012": 1, "2013": 1, "2014": 0, "2015": 2, "2016": 1}, "old_citations": {"2011": 5}, "isVisible": false}, "2297635754": {"name": "antonio carlos schneider beck", "type": "author", "activity": 16, "h_index": 11, "h5_index": 6, "mag_id": "2297635754", "num_publications": 1, "num_citations": 1, "num_publications_5y": 0, "num_citations_5y": 0, "num_publications_10y": 1, "num_citations_10y": 1, "publications_years": {"2011": 1}, "citations_years": {"2013": 1}, "old_citations": {"2011": 1}, "isVisible": false}, "2304315899": {"name": "f redaelli", "type": "author", "activity": 4, "h_index": 5, "h5_index": 0, "mag_id": "2304315899", "num_publications": 1, "num_citations": 5, "num_publications_5y": 0, "num_citations_5y": 3, "num_publications_10y": 1, "num_citations_10y": 5, "publications_years": {"2011": 1}, "citations_years": {"2012": 1, "2013": 1, "2014": 0, "2015": 2, "2016": 1}, "old_citations": {"2011": 5}, "isVisible": false}, "2304898896": {"name": "michel robert", "type": "author", "activity": 26, "h_index": 9, "h5_index": 1, "mag_id": "2304898896", "num_publications": 1, "num_citations": 0, "num_publications_5y": 0, "num_citations_5y": 0, "num_publications_10y": 0, "num_citations_10y": 0, "publications_years": {"2005": 1}, "citations_years": {}, "old_citations": {"2005": 0}, "isVisible": false}, "2306306472": {"name": "gilles sassatelli", "type": "author", "activity": 21, "h_index": 19, "h5_index": 4, "mag_id": "2306306472", "num_publications": 1, "num_citations": 0, "num_publications_5y": 0, "num_citations_5y": 0, "num_publications_10y": 0, "num_citations_10y": 0, "publications_years": {"2005": 1}, "citations_years": {}, "old_citations": {"2005": 0}, "isVisible": false}, "2423939080": {"name": "harry sidiropoulos", "type": "author", "activity": 9, "h_index": 4, "h5_index": 2, "mag_id": "2423939080", "num_publications": 1, "num_citations": 7, "num_publications_5y": 0, "num_citations_5y": 7, "num_publications_10y": 1, "num_citations_10y": 7, "publications_years": {"2013": 1}, "citations_years": {"2014": 2, "2015": 2, "2016": 2, "2017": 1}, "old_citations": {"2013": 7}, "isVisible": false}, "2427667568": {"name": "rudy lauwereins", "type": "author", "activity": 28, "h_index": 29, "h5_index": 3, "mag_id": "2427667568", "num_publications": 1, "num_citations": 6, "num_publications_5y": 0, "num_citations_5y": 0, "num_publications_10y": 0, "num_citations_10y": 0, "publications_years": {"1995": 1}, "citations_years": {"1994": 1, "1995": 2, "1996": 1, "1997": 0, "1998": 2}, "old_citations": {"1995": 6}, "isVisible": false}, "2618405772": {"name": "lauren klammer", "type": "author", "activity": 1, "h_index": 0, "h5_index": 0, "mag_id": "2618405772", "num_publications": 1, "num_citations": 0, "num_publications_5y": 1, "num_citations_5y": 0, "num_publications_10y": 1, "num_citations_10y": 0, "publications_years": {"2017": 1}, "citations_years": {}, "old_citations": {"2017": 0}, "isVisible": false}, "2619230436": {"name": "takuto doshiro", "type": "author", "activity": 1, "h_index": 0, "h5_index": 0, "mag_id": "2619230436", "num_publications": 1, "num_citations": 0, "num_publications_5y": 1, "num_citations_5y": 0, "num_publications_10y": 1, "num_citations_10y": 0, "publications_years": {"2017": 1}, "citations_years": {}, "old_citations": {"2017": 0}, "isVisible": false}, "2619632800": {"name": "corryn n haynes", "type": "author", "activity": 1, "h_index": 0, "h5_index": 0, "mag_id": "2619632800", "num_publications": 1, "num_citations": 0, "num_publications_5y": 1, "num_citations_5y": 0, "num_publications_10y": 1, "num_citations_10y": 0, "publications_years": {"2017": 1}, "citations_years": {}, "old_citations": {"2017": 0}, "isVisible": false}, "2622929930": {"name": "jordan d crough", "type": "author", "activity": 1, "h_index": 0, "h5_index": 0, "mag_id": "2622929930", "num_publications": 1, "num_citations": 0, "num_publications_5y": 1, "num_citations_5y": 0, "num_publications_10y": 1, "num_citations_10y": 0, "publications_years": {"2017": 1}, "citations_years": {}, "old_citations": {"2017": 0}, "isVisible": false}, "2661741252": {"name": "rene cumplido", "type": "author", "activity": 1, "h_index": 0, "h5_index": 0, "mag_id": "2661741252", "num_publications": 1, "num_citations": 0, "num_publications_5y": 0, "num_citations_5y": 0, "num_publications_10y": 1, "num_citations_10y": 0, "publications_years": {"2013": 1}, "citations_years": {}, "old_citations": {"2013": 0}, "isVisible": false}, "2740141803": {"name": "santambrogio", "type": "author", "activity": 1, "h_index": 0, "h5_index": 0, "mag_id": "2740141803", "num_publications": 1, "num_citations": 0, "num_publications_5y": 0, "num_citations_5y": 0, "num_publications_10y": 1, "num_citations_10y": 0, "publications_years": {"2012": 1}, "citations_years": {}, "old_citations": {"2012": 0}, "isVisible": false}, "2771256548": {"name": "allyson c evans", "type": "author", "activity": 1, "h_index": 0, "h5_index": 0, "mag_id": "2771256548", "num_publications": 1, "num_citations": 0, "num_publications_5y": 1, "num_citations_5y": 0, "num_publications_10y": 1, "num_citations_10y": 0, "publications_years": {"2017": 1}, "citations_years": {}, "old_citations": {"2017": 0}, "isVisible": false}, "2773108579": {"name": "kelly chiu", "type": "author", "activity": 1, "h_index": 0, "h5_index": 0, "mag_id": "2773108579", "num_publications": 1, "num_citations": 0, "num_publications_5y": 1, "num_citations_5y": 0, "num_publications_10y": 1, "num_citations_10y": 0, "publications_years": {"2017": 1}, "citations_years": {}, "old_citations": {"2017": 0}, "isVisible": false}, "2774045480": {"name": "brandon facon", "type": "author", "activity": 1, "h_index": 0, "h5_index": 0, "mag_id": "2774045480", "num_publications": 1, "num_citations": 0, "num_publications_5y": 1, "num_citations_5y": 0, "num_publications_10y": 1, "num_citations_10y": 0, "publications_years": {"2017": 1}, "citations_years": {}, "old_citations": {"2017": 0}, "isVisible": false}, "2806217561": {"name": "blake silva", "type": "author", "activity": 1, "h_index": 0, "h5_index": 0, "mag_id": "2806217561", "num_publications": 1, "num_citations": 0, "num_publications_5y": 1, "num_citations_5y": 0, "num_publications_10y": 1, "num_citations_10y": 0, "publications_years": {"2017": 1}, "citations_years": {}, "old_citations": {"2017": 0}, "isVisible": false}, "2808050567": {"name": "elvis li", "type": "author", "activity": 1, "h_index": 0, "h5_index": 0, "mag_id": "2808050567", "num_publications": 1, "num_citations": 0, "num_publications_5y": 1, "num_citations_5y": 0, "num_publications_10y": 1, "num_citations_10y": 0, "publications_years": {"2017": 1}, "citations_years": {}, "old_citations": {"2017": 0}, "isVisible": false}, "2808132078": {"name": "john duch", "type": "author", "activity": 1, "h_index": 0, "h5_index": 0, "mag_id": "2808132078", "num_publications": 1, "num_citations": 0, "num_publications_5y": 1, "num_citations_5y": 0, "num_publications_10y": 1, "num_citations_10y": 0, "publications_years": {"2017": 1}, "citations_years": {}, "old_citations": {"2017": 0}, "isVisible": false}, "2808676828": {"name": "nathan torres", "type": "author", "activity": 1, "h_index": 0, "h5_index": 0, "mag_id": "2808676828", "num_publications": 1, "num_citations": 0, "num_publications_5y": 1, "num_citations_5y": 0, "num_publications_10y": 1, "num_citations_10y": 0, "publications_years": {"2017": 1}, "citations_years": {}, "old_citations": {"2017": 0}, "isVisible": false}, "2809203610": {"name": "stevie elzinga", "type": "author", "activity": 1, "h_index": 0, "h5_index": 0, "mag_id": "2809203610", "num_publications": 1, "num_citations": 0, "num_publications_5y": 1, "num_citations_5y": 0, "num_publications_10y": 1, "num_citations_10y": 0, "publications_years": {"2017": 1}, "citations_years": {}, "old_citations": {"2017": 0}, "isVisible": false}, "2921039461": {"name": "mary maclane", "type": "author", "activity": 1, "h_index": 0, "h5_index": 0, "mag_id": "2921039461", "num_publications": 1, "num_citations": 0, "num_publications_5y": 1, "num_citations_5y": 0, "num_publications_10y": 1, "num_citations_10y": 0, "publications_years": {"2018": 1}, "citations_years": {}, "old_citations": {"2018": 0}, "isVisible": false}, "2921810513": {"name": "kelli johnson", "type": "author", "activity": 1, "h_index": 0, "h5_index": 0, "mag_id": "2921810513", "num_publications": 1, "num_citations": 0, "num_publications_5y": 1, "num_citations_5y": 0, "num_publications_10y": 1, "num_citations_10y": 0, "publications_years": {"2018": 1}, "citations_years": {}, "old_citations": {"2018": 0}, "isVisible": false}, "2921918283": {"name": "kat schroeder", "type": "author", "activity": 1, "h_index": 0, "h5_index": 0, "mag_id": "2921918283", "num_publications": 1, "num_citations": 0, "num_publications_5y": 1, "num_citations_5y": 0, "num_publications_10y": 1, "num_citations_10y": 0, "publications_years": {"2018": 1}, "citations_years": {}, "old_citations": {"2018": 0}, "isVisible": false}, "2922187472": {"name": "nick imbriale", "type": "author", "activity": 1, "h_index": 0, "h5_index": 0, "mag_id": "2922187472", "num_publications": 1, "num_citations": 0, "num_publications_5y": 1, "num_citations_5y": 0, "num_publications_10y": 1, "num_citations_10y": 0, "publications_years": {"2018": 1}, "citations_years": {}, "old_citations": {"2018": 0}, "isVisible": false}, "2922286386": {"name": "aliza ackerman", "type": "author", "activity": 1, "h_index": 0, "h5_index": 0, "mag_id": "2922286386", "num_publications": 1, "num_citations": 0, "num_publications_5y": 1, "num_citations_5y": 0, "num_publications_10y": 1, "num_citations_10y": 0, "publications_years": {"2018": 1}, "citations_years": {}, "old_citations": {"2018": 0}, "isVisible": false}, "2942509717": {"name": "j j moothart", "type": "author", "activity": 1, "h_index": 0, "h5_index": 0, "mag_id": "2942509717", "num_publications": 1, "num_citations": 0, "num_publications_5y": 1, "num_citations_5y": 0, "num_publications_10y": 1, "num_citations_10y": 0, "publications_years": {"2017": 1}, "citations_years": {}, "old_citations": {"2017": 0}, "isVisible": false}, "2943723038": {"name": "kimie lewis", "type": "author", "activity": 1, "h_index": 1, "h5_index": 1, "mag_id": "2943723038", "num_publications": 1, "num_citations": 3, "num_publications_5y": 1, "num_citations_5y": 2, "num_publications_10y": 1, "num_citations_10y": 2, "publications_years": {"2017": 1}, "citations_years": {"2016": 1, "2017": 1, "2018": 0, "2019": 0, "2020": 1}, "old_citations": {"2017": 3}, "isVisible": false}, "2952958297": {"name": "anita velasquez", "type": "author", "activity": 1, "h_index": 0, "h5_index": 0, "mag_id": "2952958297", "num_publications": 1, "num_citations": 0, "num_publications_5y": 1, "num_citations_5y": 0, "num_publications_10y": 1, "num_citations_10y": 0, "publications_years": {"2018": 1}, "citations_years": {}, "old_citations": {"2018": 0}, "isVisible": false}, "2969706081": {"name": "thang huynh viet", "type": "author", "activity": 1, "h_index": 1, "h5_index": 0, "mag_id": "2969706081", "num_publications": 1, "num_citations": 1, "num_publications_5y": 0, "num_citations_5y": 0, "num_publications_10y": 1, "num_citations_10y": 1, "publications_years": {"2011": 1}, "citations_years": {"2011": 1}, "old_citations": {"2011": 1}, "isVisible": false}, "3001373088": {"name": "pascal benoit", "type": "author", "activity": 18, "h_index": 9, "h5_index": 1, "mag_id": "3001373088", "num_publications": 1, "num_citations": 0, "num_publications_5y": 0, "num_citations_5y": 0, "num_publications_10y": 0, "num_citations_10y": 0, "publications_years": {"2005": 1}, "citations_years": {}, "old_citations": {"2005": 0}, "isVisible": false}}, "countries": {"Germany": {"name": "Germany", "type": "country", "h5_index": 139, "num_publications": 6, "num_citations": 34, "num_publications_5y": 0, "num_citations_5y": 29, "num_publications_10y": 6, "num_citations_10y": 33, "publications_years": {"2011": 2, "2013": 3, "2012": 1}, "citations_years": {"2013": 4, "2014": 8, "2015": 8, "2016": 8, "2017": 4, "2018": 1, "2019": 0, "2020": 1}, "old_citations": {"2011": 20, "2013": 14, "2012": 0}, "isVisible": false}, "United States": {"name": "United States", "type": "country", "h5_index": 308, "num_publications": 4, "num_citations": 25, "num_publications_5y": 0, "num_citations_5y": 16, "num_publications_10y": 4, "num_citations_10y": 23, "publications_years": {"2011": 3, "2013": 1}, "citations_years": {"2017": 3, "2012": 2, "2013": 3, "2014": 3, "2015": 4, "2016": 4, "2011": 2, "2018": 2, "2019": 2}, "old_citations": {"2011": 24, "2013": 1}, "isVisible": false}, "Italy": {"name": "Italy", "type": "country", "h5_index": 94, "num_publications": 2, "num_citations": 5, "num_publications_5y": 0, "num_citations_5y": 3, "num_publications_10y": 2, "num_citations_10y": 5, "publications_years": {"2012": 1, "2011": 1}, "citations_years": {"2012": 1, "2013": 1, "2014": 0, "2015": 2, "2016": 1}, "old_citations": {"2012": 0, "2011": 5}, "isVisible": false}, "Australia": {"name": "Australia", "type": "country", "h5_index": 141, "num_publications": 1, "num_citations": 1, "num_publications_5y": 0, "num_citations_5y": 0, "num_publications_10y": 1, "num_citations_10y": 1, "publications_years": {"2013": 1}, "citations_years": {"2013": 1}, "old_citations": {"2013": 1}, "isVisible": false}, "Austria": {"name": "Austria", "type": "country", "h5_index": 71, "num_publications": 1, "num_citations": 1, "num_publications_5y": 0, "num_citations_5y": 0, "num_publications_10y": 1, "num_citations_10y": 1, "publications_years": {"2011": 1}, "citations_years": {"2011": 1}, "old_citations": {"2011": 1}, "isVisible": false}, "Brazil": {"name": "Brazil", "type": "country", "h5_index": 57, "num_publications": 1, "num_citations": 1, "num_publications_5y": 0, "num_citations_5y": 0, "num_publications_10y": 1, "num_citations_10y": 1, "publications_years": {"2011": 1}, "citations_years": {"2013": 1}, "old_citations": {"2011": 1}, "isVisible": false}, "Canada": {"name": "Canada", "type": "country", "h5_index": 128, "num_publications": 1, "num_citations": 3, "num_publications_5y": 0, "num_citations_5y": 3, "num_publications_10y": 1, "num_citations_10y": 3, "publications_years": {"2013": 1}, "citations_years": {"2015": 1, "2016": 1, "2017": 0, "2018": 1}, "old_citations": {"2013": 3}, "isVisible": false}, "Greece": {"name": "Greece", "type": "country", "h5_index": 57, "num_publications": 1, "num_citations": 7, "num_publications_5y": 0, "num_citations_5y": 7, "num_publications_10y": 1, "num_citations_10y": 7, "publications_years": {"2013": 1}, "citations_years": {"2014": 2, "2015": 2, "2016": 2, "2017": 1}, "old_citations": {"2013": 7}, "isVisible": false}, "Portugal": {"name": "Portugal", "type": "country", "h5_index": 44, "num_publications": 1, "num_citations": 0, "num_publications_5y": 0, "num_citations_5y": 0, "num_publications_10y": 1, "num_citations_10y": 0, "publications_years": {"2011": 1}, "citations_years": {}, "old_citations": {"2011": 0}, "isVisible": false}, "Taiwan": {"name": "Taiwan", "type": "country", "h5_index": 69, "num_publications": 1, "num_citations": 2, "num_publications_5y": 0, "num_citations_5y": 2, "num_publications_10y": 1, "num_citations_10y": 2, "publications_years": {"2013": 1}, "citations_years": {"2014": 1, "2015": 0, "2016": 0, "2017": 1}, "old_citations": {"2013": 2}, "isVisible": false}}}, "conference_comparison": {"computer science": {}}, "topics_dna": {"publications": {}, "citations": {"normalized": {}, "average": {}}}, "info": {"num_publications": 44, "num_citations": 76.0, "impact_factor": {"1997": 0.0, "1998": 0, "1999": 0, "2000": 0, "2001": 0, "2002": 0, "2003": 0, "2004": 0, "2005": 0, "2006": 0.0, "2007": 0.0, "2008": 0, "2009": 0, "2010": 0, "2011": 0, "2012": 0.3333333333333333, "2013": 1.1428571428571428, "2014": 0.625, "2015": 0.42857142857142855, "2016": 0, "2017": 0, "2018": 0.0}, "publications_years": {"2017": 17, "2018": 11, "2013": 7, "2011": 6, "1995": 1, "2005": 1, "2012": 1}, "citations_years": {"1994": 1, "1995": 2, "1996": 1, "1997": 0, "1998": 2, "1999": 0, "2000": 0, "2001": 0, "2002": 0, "2003": 0, "2004": 0, "2005": 0, "2006": 0, "2007": 0, "2008": 0, "2009": 0, "2010": 0, "2011": 3, "2012": 2, "2013": 9, "2014": 12, "2015": 13, "2016": 14, "2017": 9, "2018": 4, "2019": 2, "2020": 2}, "old_citations": {"2017": 3, "2018": 0, "2013": 21, "2011": 46, "1995": 6, "2005": 0, "2012": 0}, "h5_index": 1}, "percentile": {"computer science": {"2017": 56, "2018": 19, "2013": 67, "2011": 82, "1995": 92, "2005": 20, "2012": 17}}, "conference_ranking": {"computer science": {"2017": 1877, "2018": 3434, "2013": 1400, "2011": 755, "1995": 321, "2005": 3406, "2012": 3512}}, "academia": {"num_publications": 13, "num_citations": 60, "publications_years": {"2011": 6, "2012": 1, "2013": 6}, "old_citations": {"2011": 46, "2012": 0, "2013": 14}, "num_publications_5y": 0, "num_citations_5y": 0, "num_publications_10y": 13, "num_citations_10y": 60}, "industry": {"num_publications": 0, "num_citations": 0, "publications_years": {}, "old_citations": {}, "num_publications_5y": 0, "num_citations_5y": 0, "num_publications_10y": 0, "num_citations_10y": 0}, "collaborative": {"num_publications": 0, "num_citations": 0, "publications_years": {}, "old_citations": {}, "num_publications_5y": 0, "num_citations_5y": 0, "num_publications_10y": 0, "num_citations_10y": 0}, "conferences": {}, "journals": {}, "organizations": {"publication_overall": ["Karlsruhe Institute of Technology", "Polytechnic University of Milan", "Ruhr University Bochum", "Federal University of Rio Grande do Sul", "Massachusetts Institute of Technology", "National Chung Cheng University", "National Taitung University", "National Technical University of Athens", "Pontif\u00edcia Universidade Cat\u00f3lica de Minas Gerais", "UNSW Sydney", "University of British Columbia", "University of California, Irvine", "University of Erlangen-Nuremberg", "University of Florida", "University of Paderborn", "University of Porto", "University of Southern California", "University of Vienna"], "citation_overall": ["Karlsruhe Institute of Technology", "University of Florida", "National Technical University of Athens", "Ruhr University Bochum", "University of Erlangen-Nuremberg", "Massachusetts Institute of Technology", "Polytechnic University of Milan", "University of British Columbia", "National Chung Cheng University", "National Taitung University", "Federal University of Rio Grande do Sul", "Pontif\u00edcia Universidade Cat\u00f3lica de Minas Gerais", "UNSW Sydney", "University of Southern California", "University of Vienna", "University of California, Irvine", "University of Paderborn", "University of Porto"], "publication_10_years": ["Karlsruhe Institute of Technology", "Polytechnic University of Milan", "Ruhr University Bochum", "Federal University of Rio Grande do Sul", "Massachusetts Institute of Technology", "National Chung Cheng University", "National Taitung University", "National Technical University of Athens", "Pontif\u00edcia Universidade Cat\u00f3lica de Minas Gerais", "UNSW Sydney", "University of British Columbia", "University of California, Irvine", "University of Erlangen-Nuremberg", "University of Florida", "University of Paderborn", "University of Porto", "University of Southern California", "University of Vienna"], "citation_10_years": ["Karlsruhe Institute of Technology", "University of Florida", "National Technical University of Athens", "Ruhr University Bochum", "University of Erlangen-Nuremberg", "Massachusetts Institute of Technology", "Polytechnic University of Milan", "University of British Columbia", "National Chung Cheng University", "National Taitung University", "Federal University of Rio Grande do Sul", "Pontif\u00edcia Universidade Cat\u00f3lica de Minas Gerais", "UNSW Sydney", "University of Southern California", "University of Vienna", "University of California, Irvine", "University of Paderborn", "University of Porto"], "publication_5_years": [], "citation_5_years": []}, "countries": {"publication_overall": ["Germany", "United States", "Italy", "Australia", "Austria", "Brazil", "Canada", "Greece", "Portugal", "Taiwan"], "citation_overall": ["Germany", "United States", "Greece", "Italy", "Canada", "Taiwan", "Australia", "Austria", "Brazil", "Portugal"], "publication_10_years": ["Germany", "United States", "Italy", "Australia", "Austria", "Brazil", "Canada", "Greece", "Portugal", "Taiwan"], "citation_10_years": ["Germany", "United States", "Greece", "Italy", "Canada", "Taiwan", "Australia", "Austria", "Brazil", "Portugal"], "publication_5_years": [], "citation_5_years": []}, "topics": {"publication_overall": ["computer science", "computer systems", "computer hardware", "field programmable gate arrays (fpga)", "computer networks", "embedded systems", "microprocessor chips", "reconfigurable architectures", "distributed computer systems", "distributed systems", "parallel processing systems", "bandwidth", "reconfigurable hardware", "telecommunication networks", "telecommunication systems", "telecommunication traffic", "network architecture", "routers", "software engineering", "computer programming"], "citation_overall": ["computer hardware", "computer science", "computer systems", "microprocessor chips", "field programmable gate arrays (fpga)", "computer networks", "bandwidth", "telecommunication networks", "telecommunication systems", "telecommunication traffic", "routers", "embedded systems", "reconfigurable architectures", "fpgas", "distributed computer systems", "distributed systems", "parallel processing systems", "network architecture", "software", "application specific integrated circuits"], "publication_10_years": ["computer science", "computer systems", "computer hardware", "field programmable gate arrays (fpga)", "computer networks", "embedded systems", "microprocessor chips", "reconfigurable architectures", "distributed computer systems", "distributed systems", "parallel processing systems", "bandwidth", "reconfigurable hardware", "telecommunication networks", "telecommunication systems", "telecommunication traffic", "computer programming", "network architecture", "program processors", "routers"], "citation_10_years": ["computer hardware", "computer science", "computer systems", "field programmable gate arrays (fpga)", "microprocessor chips", "computer networks", "embedded systems", "bandwidth", "telecommunication networks", "telecommunication systems", "telecommunication traffic", "routers", "reconfigurable architectures", "fpgas", "software", "application specific integrated circuits", "programmable logic controllers", "distributed computer systems", "distributed systems", "parallel processing systems"], "publication_5_years": ["computer science", "computer systems", "engineering", "education", "signal processing", "adaptive control systems", "analog signals", "authentication", "automation", "collaborative activities", "collaborative learning", "collaborative work", "computer imaging and vision", "computer networks", "computer security", "control systems", "control theory", "cooperative works", "cryptography", "cryptology"], "citation_5_years": ["adaptive control systems", "analog signals", "authentication", "automation", "collaborative activities", "collaborative learning", "collaborative work", "computer imaging and vision", "computer networks", "computer science", "computer security", "computer systems", "control systems", "control theory", "cooperative works", "cryptography", "cryptology", "digital signal processing", "digital signal processors", "digital signals"]}, "main_topics": ["computer science"], "authors": {"publication_overall": ["2096062985", "2806885013", "715692513", "2145996750", "2805185595", "2807984353", "2922061532", "132046190", "213682241", "238751153", "290254348", "400102574", "460547672", "649626390", "1010028034", "1231365660", "1521501491", "1957764320", "1977400439", "1982581369", "1988816017", "1991423812", "1995587059", "1999562812", "2008059451", "2008884277", "2017911276", "2036233100", "2038893388", "2059145305", "2066191952", "2067091152", "2071482216", "2088826626", "2106748168", "2106812101", "2110535030", "2113300668", "2114527781", "2116678611", "2118523140", "2126237477", "2128000220", "2129515058", "2134391791", "2144139264", "2157481769", "2169305992", "2224957473", "2225436879", "2227684969", "2227833635", "2235237591", "2242119240", "2295146938", "2297635754", "2304315899", "2304898896", "2306306472", "2423939080", "2427667568", "2618405772", "2619230436", "2619632800", "2622929930", "2661741252", "2740141803", "2771256548", "2773108579", "2774045480", "2806217561", "2808050567", "2808132078", "2808676828", "2809203610", "2921039461", "2921810513", "2921918283", "2922187472", "2922286386", "2942509717", "2943723038", "2952958297", "2969706081", "3001373088"], "citation_overall": ["2096062985", "2145996750", "290254348", "2067091152", "2106748168", "2116678611", "2242119240", "132046190", "213682241", "1231365660", "2008059451", "2017911276", "2066191952", "2071482216", "2128000220", "2134391791", "2227684969", "2423939080", "238751153", "400102574", "2114527781", "2427667568", "649626390", "715692513", "2295146938", "2304315899", "1999562812", "2225436879", "2943723038", "1991423812", "2113300668", "460547672", "1977400439", "1988816017", "1995587059", "2008884277", "2038893388", "2059145305", "2088826626", "2106812101", "2110535030", "2118523140", "2129515058", "2157481769", "2169305992", "2224957473", "2297635754", "2969706081", "1010028034", "1521501491", "1957764320", "1982581369", "2036233100", "2126237477", "2144139264", "2227833635", "2235237591", "2304898896", "2306306472", "2618405772", "2619230436", "2619632800", "2622929930", "2661741252", "2740141803", "2771256548", "2773108579", "2774045480", "2805185595", "2806217561", "2806885013", "2807984353", "2808050567", "2808132078", "2808676828", "2809203610", "2921039461", "2921810513", "2921918283", "2922061532", "2922187472", "2922286386", "2942509717", "2952958297", "3001373088"], "publication_10_years": ["2096062985", "2806885013", "715692513", "2145996750", "2805185595", "2807984353", "2922061532", "132046190", "213682241", "290254348", "460547672", "649626390", "1231365660", "1521501491", "1957764320", "1977400439", "1982581369", "1988816017", "1991423812", "1995587059", "1999562812", "2008059451", "2008884277", "2017911276", "2036233100", "2038893388", "2059145305", "2066191952", "2067091152", "2071482216", "2088826626", "2106748168", "2106812101", "2110535030", "2113300668", "2116678611", "2118523140", "2128000220", "2129515058", "2134391791", "2144139264", "2157481769", "2169305992", "2224957473", "2225436879", "2227684969", "2227833635", "2235237591", "2242119240", "2295146938", "2297635754", "2304315899", "2423939080", "2618405772", "2619230436", "2619632800", "2622929930", "2661741252", "2740141803", "2771256548", "2773108579", "2774045480", "2806217561", "2808050567", "2808132078", "2808676828", "2809203610", "2921039461", "2921810513", "2921918283", "2922187472", "2922286386", "2942509717", "2943723038", "2952958297", "2969706081"], "citation_10_years": ["2096062985", "2145996750", "290254348", "2067091152", "2106748168", "2116678611", "2242119240", "132046190", "213682241", "1231365660", "2008059451", "2017911276", "2066191952", "2071482216", "2128000220", "2134391791", "2227684969", "2423939080", "649626390", "715692513", "2295146938", "2304315899", "1999562812", "2225436879", "2943723038", "1991423812", "2113300668", "460547672", "1977400439", "1988816017", "1995587059", "2008884277", "2038893388", "2059145305", "2088826626", "2106812101", "2110535030", "2118523140", "2129515058", "2157481769", "2169305992", "2224957473", "2297635754", "2969706081", "1521501491", "1957764320", "1982581369", "2036233100", "2144139264", "2227833635", "2235237591", "2618405772", "2619230436", "2619632800", "2622929930", "2661741252", "2740141803", "2771256548", "2773108579", "2774045480", "2805185595", "2806217561", "2806885013", "2807984353", "2808050567", "2808132078", "2808676828", "2809203610", "2921039461", "2921810513", "2921918283", "2922061532", "2922187472", "2922286386", "2942509717", "2952958297"], "publication_5_years": ["2806885013", "2805185595", "2807984353", "2922061532", "2618405772", "2619230436", "2619632800", "2622929930", "2771256548", "2773108579", "2774045480", "2806217561", "2808050567", "2808132078", "2808676828", "2809203610", "2921039461", "2921810513", "2921918283", "2922187472", "2922286386", "2942509717", "2943723038", "2952958297"], "citation_5_years": ["2943723038", "2618405772", "2619230436", "2619632800", "2622929930", "2771256548", "2773108579", "2774045480", "2805185595", "2806217561", "2806885013", "2807984353", "2808050567", "2808132078", "2808676828", "2809203610", "2921039461", "2921810513", "2921918283", "2922061532", "2922187472", "2922286386", "2942509717", "2952958297"]}, "industrial_sectors": {"publication_overall": [], "citation_overall": [], "publication_10_years": [], "citation_10_years": [], "publication_5_years": [], "citation_5_years": []}}