{"name": "DoD HPCMP Users Group Conference", "acronym": "DoD HPCMP", "type": "conference", "uniqueEntities": {"organizations": {"United States Air Force Research Laboratory": {"name": "United States Air Force Research Laboratory", "type": "organization", "organization_type": "Facility", "h_index": 71, "h5_index": 24, "num_publications": 8, "num_citations": 21, "num_publications_5y": 0, "num_citations_5y": 3, "num_publications_10y": 0, "num_citations_10y": 19, "publications_years": {"2008": 8}, "citations_years": {"2008": 2, "2012": 2, "2013": 1, "2014": 1, "2015": 1, "2016": 1, "2009": 10, "2010": 2, "2011": 1}, "old_citations": {"2008": 21}, "isVisible": false}, "Massachusetts Institute of Technology": {"name": "Massachusetts Institute of Technology", "type": "organization", "organization_type": "Education", "h_index": 475, "h5_index": 100, "num_publications": 4, "num_citations": 22, "num_publications_5y": 0, "num_citations_5y": 5, "num_publications_10y": 0, "num_citations_10y": 19, "publications_years": {"2008": 4}, "citations_years": {"2008": 3, "2009": 2, "2010": 3, "2011": 1, "2012": 8, "2013": 0, "2014": 1, "2015": 2, "2016": 1, "2017": 0, "2018": 1}, "old_citations": {"2008": 22}, "isVisible": false}, "Arizona State University": {"name": "Arizona State University", "type": "organization", "organization_type": "Education", "h_index": 169, "h5_index": 56, "num_publications": 3, "num_citations": 7, "num_publications_5y": 0, "num_citations_5y": 3, "num_publications_10y": 0, "num_citations_10y": 6, "publications_years": {"2004": 1, "2008": 2}, "citations_years": {"2009": 3, "2010": 0, "2011": 0, "2012": 0, "2013": 0, "2014": 0, "2015": 1, "2016": 1, "2017": 0, "2018": 1, "2019": 1}, "old_citations": {"2004": 3, "2008": 4}, "isVisible": false}, "United States Army Research Laboratory": {"name": "United States Army Research Laboratory", "type": "organization", "organization_type": "Government", "h_index": 74, "h5_index": 33, "num_publications": 3, "num_citations": 13, "num_publications_5y": 0, "num_citations_5y": 2, "num_publications_10y": 0, "num_citations_10y": 13, "publications_years": {"2008": 3}, "citations_years": {"2009": 1, "2010": 5, "2011": 3, "2012": 2, "2013": 0, "2014": 1, "2015": 0, "2016": 0, "2017": 1}, "old_citations": {"2008": 13}, "isVisible": false}, "Office of the Secretary of Defense": {"name": "Office of the Secretary of Defense", "type": "organization", "organization_type": "Government", "h_index": 5, "h5_index": 1, "num_publications": 2, "num_citations": 3, "num_publications_5y": 0, "num_citations_5y": 2, "num_publications_10y": 0, "num_citations_10y": 3, "publications_years": {"2008": 2}, "citations_years": {"2012": 1, "2013": 0, "2014": 1, "2015": 0, "2016": 1}, "old_citations": {"2008": 3}, "isVisible": false}, "United States Air Force Academy": {"name": "United States Air Force Academy", "type": "organization", "organization_type": "Government", "h_index": 40, "h5_index": 9, "num_publications": 2, "num_citations": 5, "num_publications_5y": 0, "num_citations_5y": 1, "num_publications_10y": 0, "num_citations_10y": 5, "publications_years": {"2004": 1, "2008": 1}, "citations_years": {"2009": 3, "2010": 1, "2011": 0, "2012": 0, "2013": 0, "2014": 0, "2015": 0, "2016": 0, "2017": 0, "2018": 1}, "old_citations": {"2004": 3, "2008": 2}, "isVisible": false}, "United States Naval Research Laboratory": {"name": "United States Naval Research Laboratory", "type": "organization", "organization_type": "Facility", "h_index": 105, "h5_index": 19, "num_publications": 2, "num_citations": 1, "num_publications_5y": 0, "num_citations_5y": 1, "num_publications_10y": 0, "num_citations_10y": 1, "publications_years": {"2008": 2}, "citations_years": {"2015": 1}, "old_citations": {"2008": 1}, "isVisible": false}, "University of Tennessee at Knoxville": {"name": "University of Tennessee at Knoxville", "type": "organization", "organization_type": "Education", "h_index": 125, "h5_index": 29, "num_publications": 2, "num_citations": 24, "num_publications_5y": 0, "num_citations_5y": 3, "num_publications_10y": 0, "num_citations_10y": 23, "publications_years": {"2008": 2}, "citations_years": {"2009": 2, "2010": 8, "2011": 6, "2012": 2, "2013": 2, "2014": 1, "2015": 0, "2016": 1, "2017": 1, "2008": 1}, "old_citations": {"2008": 24}, "isVisible": false}, "Ames Research Center": {"name": "Ames Research Center", "type": "organization", "organization_type": "Facility", "h_index": 114, "h5_index": 19, "num_publications": 1, "num_citations": 9, "num_publications_5y": 0, "num_citations_5y": 0, "num_publications_10y": 0, "num_citations_10y": 8, "publications_years": {"2008": 1}, "citations_years": {"2008": 1, "2009": 1, "2010": 4, "2011": 3}, "old_citations": {"2008": 9}, "isVisible": false}, "Binghamton University": {"name": "Binghamton University", "type": "organization", "organization_type": "Education", "h_index": 109, "h5_index": 28, "num_publications": 1, "num_citations": 2, "num_publications_5y": 0, "num_citations_5y": 0, "num_publications_10y": 0, "num_citations_10y": 2, "publications_years": {"2008": 1}, "citations_years": {"2010": 1, "2011": 0, "2012": 1}, "old_citations": {"2008": 2}, "isVisible": false}, "California Polytechnic State University": {"name": "California Polytechnic State University", "type": "organization", "organization_type": "Education", "h_index": 32, "h5_index": 11, "num_publications": 1, "num_citations": 3, "num_publications_5y": 0, "num_citations_5y": 1, "num_publications_10y": 0, "num_citations_10y": 3, "publications_years": {"2004": 1}, "citations_years": {"2009": 2, "2010": 0, "2011": 0, "2012": 0, "2013": 0, "2014": 0, "2015": 0, "2016": 0, "2017": 0, "2018": 1}, "old_citations": {"2004": 3}, "isVisible": false}, "Carnegie Mellon University": {"name": "Carnegie Mellon University", "type": "organization", "organization_type": "Education", "h_index": 441, "h5_index": 107, "num_publications": 1, "num_citations": 0, "num_publications_5y": 0, "num_citations_5y": 0, "num_publications_10y": 0, "num_citations_10y": 0, "publications_years": {"2008": 1}, "citations_years": {}, "old_citations": {"2008": 0}, "isVisible": false}, "Mississippi State University": {"name": "Mississippi State University", "type": "organization", "organization_type": "Education", "h_index": 80, "h5_index": 18, "num_publications": 1, "num_citations": 0, "num_publications_5y": 0, "num_citations_5y": 0, "num_publications_10y": 0, "num_citations_10y": 0, "publications_years": {"2008": 1}, "citations_years": {}, "old_citations": {"2008": 0}, "isVisible": false}, "Pennsylvania State University": {"name": "Pennsylvania State University", "type": "organization", "organization_type": "Education", "h_index": 194, "h5_index": 50, "num_publications": 1, "num_citations": 3, "num_publications_5y": 0, "num_citations_5y": 0, "num_publications_10y": 0, "num_citations_10y": 3, "publications_years": {"2008": 1}, "citations_years": {"2012": 2, "2013": 1}, "old_citations": {"2008": 3}, "isVisible": false}, "SUNY Polytechnic Institute": {"name": "SUNY Polytechnic Institute", "type": "organization", "organization_type": "Education", "h_index": 9, "h5_index": 0, "num_publications": 1, "num_citations": 2, "num_publications_5y": 0, "num_citations_5y": 0, "num_publications_10y": 0, "num_citations_10y": 2, "publications_years": {"2008": 1}, "citations_years": {"2010": 1, "2011": 0, "2012": 1}, "old_citations": {"2008": 2}, "isVisible": false}, "State University of New York": {"name": "State University of New York", "type": "organization", "organization_type": "Education", "h_index": 128, "h5_index": 33, "num_publications": 1, "num_citations": 2, "num_publications_5y": 0, "num_citations_5y": 0, "num_publications_10y": 0, "num_citations_10y": 0, "publications_years": {"2008": 1}, "citations_years": {"2008": 2}, "old_citations": {"2008": 2}, "isVisible": false}, "Swedish Defence Research Agency": {"name": "Swedish Defence Research Agency", "type": "organization", "organization_type": "Government", "h_index": 27, "h5_index": 6, "num_publications": 1, "num_citations": 2, "num_publications_5y": 0, "num_citations_5y": 0, "num_publications_10y": 0, "num_citations_10y": 2, "publications_years": {"2008": 1}, "citations_years": {"2009": 1, "2010": 1}, "old_citations": {"2008": 2}, "isVisible": false}, "United States Army Corps of Engineers": {"name": "United States Army Corps of Engineers", "type": "organization", "organization_type": "Government", "h_index": 17, "h5_index": 7, "num_publications": 1, "num_citations": 1, "num_publications_5y": 0, "num_citations_5y": 0, "num_publications_10y": 0, "num_citations_10y": 1, "publications_years": {"2008": 1}, "citations_years": {"2012": 1}, "old_citations": {"2008": 1}, "isVisible": false}, "United States Naval Academy": {"name": "United States Naval Academy", "type": "organization", "organization_type": "Education", "h_index": 45, "h5_index": 16, "num_publications": 1, "num_citations": 3, "num_publications_5y": 0, "num_citations_5y": 0, "num_publications_10y": 0, "num_citations_10y": 3, "publications_years": {"2008": 1}, "citations_years": {"2009": 1, "2010": 2}, "old_citations": {"2008": 3}, "isVisible": false}}, "topics": {"computer science": {"name": "computer science", "type": "topic", "h_index": 1779, "h5_index": 416, "num_publications": 36, "num_citations": 109, "num_publications_5y": 0, "num_citations_5y": 17, "num_publications_10y": 0, "num_citations_10y": 101, "publications_years": {"2008": 35, "2004": 1}, "citations_years": {"2009": 22, "2010": 26, "2011": 14, "2012": 17, "2013": 5, "2014": 5, "2008": 7, "2015": 4, "2016": 4, "2017": 2, "2018": 2, "2019": 1}, "old_citations": {"2008": 106, "2004": 3}, "isVisible": false}, "computer systems": {"name": "computer systems", "type": "topic", "h_index": 1595, "h5_index": 367, "num_publications": 33, "num_citations": 105, "num_publications_5y": 0, "num_citations_5y": 16, "num_publications_10y": 0, "num_citations_10y": 97, "publications_years": {"2008": 32, "2004": 1}, "citations_years": {"2009": 20, "2010": 25, "2011": 14, "2012": 17, "2013": 5, "2014": 5, "2008": 7, "2015": 3, "2016": 4, "2017": 2, "2018": 2, "2019": 1}, "old_citations": {"2008": 102, "2004": 3}, "isVisible": false}, "computer hardware": {"name": "computer hardware", "type": "topic", "h_index": 1150, "h5_index": 279, "num_publications": 32, "num_citations": 102, "num_publications_5y": 0, "num_citations_5y": 15, "num_publications_10y": 0, "num_citations_10y": 94, "publications_years": {"2008": 31, "2004": 1}, "citations_years": {"2009": 21, "2012": 16, "2013": 4, "2014": 4, "2008": 7, "2010": 24, "2011": 14, "2015": 4, "2016": 3, "2017": 2, "2018": 2, "2019": 1}, "old_citations": {"2008": 99, "2004": 3}, "isVisible": false}, "distributed computer systems": {"name": "distributed computer systems", "type": "topic", "h_index": 985, "h5_index": 228, "num_publications": 27, "num_citations": 100, "num_publications_5y": 0, "num_citations_5y": 14, "num_publications_10y": 0, "num_citations_10y": 92, "publications_years": {"2008": 26, "2004": 1}, "citations_years": {"2010": 25, "2011": 14, "2012": 16, "2013": 5, "2014": 4, "2008": 7, "2009": 18, "2015": 3, "2016": 3, "2017": 2, "2018": 2, "2019": 1}, "old_citations": {"2008": 97, "2004": 3}, "isVisible": false}, "distributed systems": {"name": "distributed systems", "type": "topic", "h_index": 859, "h5_index": 209, "num_publications": 27, "num_citations": 100, "num_publications_5y": 0, "num_citations_5y": 14, "num_publications_10y": 0, "num_citations_10y": 92, "publications_years": {"2008": 26, "2004": 1}, "citations_years": {"2010": 25, "2011": 14, "2012": 16, "2013": 5, "2014": 4, "2008": 7, "2009": 18, "2015": 3, "2016": 3, "2017": 2, "2018": 2, "2019": 1}, "old_citations": {"2008": 97, "2004": 3}, "isVisible": false}, "parallel processing systems": {"name": "parallel processing systems", "type": "topic", "h_index": 845, "h5_index": 208, "num_publications": 27, "num_citations": 100, "num_publications_5y": 0, "num_citations_5y": 14, "num_publications_10y": 0, "num_citations_10y": 92, "publications_years": {"2008": 26, "2004": 1}, "citations_years": {"2010": 25, "2011": 14, "2012": 16, "2013": 5, "2014": 4, "2008": 7, "2009": 18, "2015": 3, "2016": 3, "2017": 2, "2018": 2, "2019": 1}, "old_citations": {"2008": 97, "2004": 3}, "isVisible": false}, "parallel architectures": {"name": "parallel architectures", "type": "topic", "h_index": 531, "h5_index": 116, "num_publications": 26, "num_citations": 97, "num_publications_5y": 0, "num_citations_5y": 14, "num_publications_10y": 0, "num_citations_10y": 90, "publications_years": {"2008": 25, "2004": 1}, "citations_years": {"2010": 24, "2011": 13, "2012": 16, "2013": 5, "2014": 4, "2008": 6, "2009": 18, "2015": 3, "2016": 3, "2017": 2, "2018": 2, "2019": 1}, "old_citations": {"2008": 94, "2004": 3}, "isVisible": false}, "microprocessor chips": {"name": "microprocessor chips", "type": "topic", "h_index": 744, "h5_index": 175, "num_publications": 25, "num_citations": 95, "num_publications_5y": 0, "num_citations_5y": 13, "num_publications_10y": 0, "num_citations_10y": 87, "publications_years": {"2008": 25}, "citations_years": {"2012": 16, "2013": 4, "2014": 4, "2008": 7, "2009": 16, "2010": 24, "2011": 14, "2015": 3, "2016": 3, "2017": 2, "2018": 1, "2019": 1}, "old_citations": {"2008": 95}, "isVisible": false}, "program processors": {"name": "program processors", "type": "topic", "h_index": 613, "h5_index": 151, "num_publications": 25, "num_citations": 95, "num_publications_5y": 0, "num_citations_5y": 13, "num_publications_10y": 0, "num_citations_10y": 87, "publications_years": {"2008": 25}, "citations_years": {"2012": 16, "2013": 4, "2014": 4, "2008": 7, "2009": 16, "2010": 24, "2011": 14, "2015": 3, "2016": 3, "2017": 2, "2018": 1, "2019": 1}, "old_citations": {"2008": 95}, "isVisible": false}, "mathematics": {"name": "mathematics", "type": "topic", "h_index": 1364, "h5_index": 300, "num_publications": 19, "num_citations": 75, "num_publications_5y": 0, "num_citations_5y": 11, "num_publications_10y": 0, "num_citations_10y": 71, "publications_years": {"2008": 18, "2004": 1}, "citations_years": {"2012": 11, "2013": 4, "2008": 4, "2009": 16, "2010": 19, "2011": 10, "2014": 3, "2015": 2, "2016": 2, "2017": 2, "2018": 2}, "old_citations": {"2008": 72, "2004": 3}, "isVisible": false}, "parallel algorithms": {"name": "parallel algorithms", "type": "topic", "h_index": 516, "h5_index": 110, "num_publications": 18, "num_citations": 76, "num_publications_5y": 0, "num_citations_5y": 13, "num_publications_10y": 0, "num_citations_10y": 69, "publications_years": {"2008": 17, "2004": 1}, "citations_years": {"2010": 19, "2011": 12, "2012": 13, "2013": 3, "2014": 4, "2008": 6, "2009": 9, "2015": 2, "2016": 3, "2017": 2, "2018": 2, "2019": 1}, "old_citations": {"2008": 73, "2004": 3}, "isVisible": false}, "computer programming": {"name": "computer programming", "type": "topic", "h_index": 873, "h5_index": 186, "num_publications": 17, "num_citations": 74, "num_publications_5y": 0, "num_citations_5y": 12, "num_publications_10y": 0, "num_citations_10y": 66, "publications_years": {"2008": 17}, "citations_years": {"2010": 19, "2011": 13, "2012": 12, "2013": 3, "2014": 4, "2008": 7, "2009": 7, "2015": 2, "2016": 3, "2017": 2, "2018": 1, "2019": 1}, "old_citations": {"2008": 74}, "isVisible": false}, "computer networks": {"name": "computer networks", "type": "topic", "h_index": 1262, "h5_index": 332, "num_publications": 16, "num_citations": 31, "num_publications_5y": 0, "num_citations_5y": 3, "num_publications_10y": 0, "num_citations_10y": 28, "publications_years": {"2008": 16}, "citations_years": {"2009": 13, "2008": 2, "2010": 7, "2012": 3, "2013": 1, "2014": 1, "2015": 0, "2016": 2, "2011": 1, "2017": 0, "2018": 0, "2019": 1}, "old_citations": {"2008": 31}, "isVisible": false}, "computer programming languages": {"name": "computer programming languages", "type": "topic", "h_index": 746, "h5_index": 154, "num_publications": 16, "num_citations": 72, "num_publications_5y": 0, "num_citations_5y": 12, "num_publications_10y": 0, "num_citations_10y": 64, "publications_years": {"2008": 16}, "citations_years": {"2014": 4, "2008": 7, "2009": 7, "2010": 18, "2011": 13, "2012": 12, "2013": 2, "2015": 2, "2016": 3, "2017": 2, "2018": 1, "2019": 1}, "old_citations": {"2008": 72}, "isVisible": false}, "engineering": {"name": "engineering", "type": "topic", "h_index": 1177, "h5_index": 287, "num_publications": 15, "num_citations": 41, "num_publications_5y": 0, "num_citations_5y": 7, "num_publications_10y": 0, "num_citations_10y": 36, "publications_years": {"2008": 14, "2004": 1}, "citations_years": {"2012": 6, "2013": 2, "2008": 5, "2009": 13, "2010": 5, "2011": 3, "2014": 1, "2015": 3, "2016": 1, "2017": 0, "2018": 2}, "old_citations": {"2008": 38, "2004": 3}, "isVisible": false}, "software": {"name": "software", "type": "topic", "h_index": 902, "h5_index": 167, "num_publications": 14, "num_citations": 47, "num_publications_5y": 0, "num_citations_5y": 4, "num_publications_10y": 0, "num_citations_10y": 43, "publications_years": {"2008": 14}, "citations_years": {"2010": 13, "2011": 8, "2012": 7, "2013": 3, "2008": 4, "2009": 8, "2014": 1, "2015": 1, "2016": 1, "2017": 1}, "old_citations": {"2008": 47}, "isVisible": false}, "parallel programming": {"name": "parallel programming", "type": "topic", "h_index": 425, "h5_index": 94, "num_publications": 13, "num_citations": 69, "num_publications_5y": 0, "num_citations_5y": 12, "num_publications_10y": 0, "num_citations_10y": 62, "publications_years": {"2008": 13}, "citations_years": {"2014": 4, "2008": 6, "2009": 7, "2010": 17, "2011": 12, "2012": 12, "2013": 2, "2015": 2, "2016": 3, "2017": 2, "2018": 1, "2019": 1}, "old_citations": {"2008": 69}, "isVisible": false}, "signal processing": {"name": "signal processing", "type": "topic", "h_index": 1012, "h5_index": 255, "num_publications": 13, "num_citations": 29, "num_publications_5y": 0, "num_citations_5y": 7, "num_publications_10y": 0, "num_citations_10y": 25, "publications_years": {"2008": 12, "2004": 1}, "citations_years": {"2012": 6, "2013": 1, "2008": 4, "2009": 7, "2010": 3, "2011": 1, "2014": 1, "2015": 3, "2016": 1, "2017": 0, "2018": 2}, "old_citations": {"2008": 26, "2004": 3}, "isVisible": false}, "hpc": {"name": "hpc", "type": "topic", "h_index": 112, "h5_index": 33, "num_publications": 12, "num_citations": 48, "num_publications_5y": 0, "num_citations_5y": 8, "num_publications_10y": 0, "num_citations_10y": 44, "publications_years": {"2008": 12}, "citations_years": {"2012": 8, "2013": 3, "2008": 4, "2009": 6, "2010": 13, "2011": 6, "2014": 2, "2015": 2, "2016": 2, "2017": 1, "2018": 1}, "old_citations": {"2008": 48}, "isVisible": false}, "telecommunication systems": {"name": "telecommunication systems", "type": "topic", "h_index": 1187, "h5_index": 277, "num_publications": 12, "num_citations": 25, "num_publications_5y": 0, "num_citations_5y": 2, "num_publications_10y": 0, "num_citations_10y": 25, "publications_years": {"2008": 12}, "citations_years": {"2009": 13, "2010": 6, "2012": 2, "2013": 1, "2014": 1, "2015": 0, "2016": 1, "2011": 1}, "old_citations": {"2008": 25}, "isVisible": false}, "multi core": {"name": "multi core", "type": "topic", "h_index": 425, "h5_index": 85, "num_publications": 11, "num_citations": 68, "num_publications_5y": 0, "num_citations_5y": 9, "num_publications_10y": 0, "num_citations_10y": 63, "publications_years": {"2008": 11}, "citations_years": {"2009": 14, "2010": 17, "2011": 10, "2012": 10, "2013": 3, "2014": 2, "2015": 2, "2016": 3, "2017": 1, "2008": 4, "2018": 1, "2019": 1}, "old_citations": {"2008": 68}, "isVisible": false}, "embedded systems": {"name": "embedded systems", "type": "topic", "h_index": 799, "h5_index": 168, "num_publications": 9, "num_citations": 57, "num_publications_5y": 0, "num_citations_5y": 8, "num_publications_10y": 0, "num_citations_10y": 53, "publications_years": {"2008": 9}, "citations_years": {"2009": 10, "2010": 15, "2011": 9, "2012": 9, "2013": 2, "2014": 2, "2015": 2, "2016": 2, "2017": 1, "2008": 4, "2018": 1}, "old_citations": {"2008": 57}, "isVisible": false}, "field programmable gate arrays (fpga)": {"name": "field programmable gate arrays (fpga)", "type": "topic", "h_index": 594, "h5_index": 149, "num_publications": 5, "num_citations": 47, "num_publications_5y": 0, "num_citations_5y": 9, "num_publications_10y": 0, "num_citations_10y": 45, "publications_years": {"2008": 5}, "citations_years": {"2009": 4, "2010": 14, "2011": 9, "2012": 7, "2013": 2, "2014": 3, "2015": 1, "2016": 2, "2017": 2, "2008": 2, "2018": 1}, "old_citations": {"2008": 47}, "isVisible": false}, "fpgas": {"name": "fpgas", "type": "topic", "h_index": 146, "h5_index": 36, "num_publications": 5, "num_citations": 47, "num_publications_5y": 0, "num_citations_5y": 9, "num_publications_10y": 0, "num_citations_10y": 45, "publications_years": {"2008": 5}, "citations_years": {"2009": 4, "2010": 14, "2011": 9, "2012": 7, "2013": 2, "2014": 3, "2015": 1, "2016": 2, "2017": 2, "2008": 2, "2018": 1}, "old_citations": {"2008": 47}, "isVisible": false}, "reconfigurable architectures": {"name": "reconfigurable architectures", "type": "topic", "h_index": 199, "h5_index": 49, "num_publications": 5, "num_citations": 47, "num_publications_5y": 0, "num_citations_5y": 9, "num_publications_10y": 0, "num_citations_10y": 45, "publications_years": {"2008": 5}, "citations_years": {"2009": 4, "2010": 14, "2011": 9, "2012": 7, "2013": 2, "2014": 3, "2015": 1, "2016": 2, "2017": 2, "2008": 2, "2018": 1}, "old_citations": {"2008": 47}, "isVisible": false}}, "authors": {"387790867": {"name": "scott spetka", "type": "author", "activity": 19, "h_index": 3, "h5_index": 0, "mag_id": "387790867", "num_publications": 3, "num_citations": 4, "num_publications_5y": 0, "num_citations_5y": 0, "num_publications_10y": 0, "num_citations_10y": 2, "publications_years": {"2008": 3}, "citations_years": {"2008": 2, "2010": 1, "2011": 0, "2012": 1}, "old_citations": {"2008": 4}, "isVisible": false}, "2136544356": {"name": "sanjeev mohindra", "type": "author", "activity": 13, "h_index": 5, "h5_index": 3, "mag_id": "2136544356", "num_publications": 3, "num_citations": 22, "num_publications_5y": 0, "num_citations_5y": 5, "num_publications_10y": 0, "num_citations_10y": 19, "publications_years": {"2008": 3}, "citations_years": {"2008": 3, "2009": 2, "2010": 3, "2011": 1, "2012": 8, "2013": 0, "2014": 1, "2015": 2, "2016": 1, "2017": 0, "2018": 1}, "old_citations": {"2008": 22}, "isVisible": false}, "2163465178": {"name": "r linderman", "type": "author", "activity": 8, "h_index": 3, "h5_index": 0, "mag_id": "2163465178", "num_publications": 3, "num_citations": 11, "num_publications_5y": 0, "num_citations_5y": 0, "num_publications_10y": 0, "num_citations_10y": 9, "publications_years": {"2008": 3}, "citations_years": {"2008": 2, "2009": 6, "2010": 1, "2011": 1, "2012": 0, "2013": 1}, "old_citations": {"2008": 11}, "isVisible": false}, "297944661": {"name": "susan emeny", "type": "author", "activity": 2, "h_index": 2, "h5_index": 0, "mag_id": "297944661", "num_publications": 2, "num_citations": 2, "num_publications_5y": 0, "num_citations_5y": 0, "num_publications_10y": 0, "num_citations_10y": 0, "publications_years": {"2008": 2}, "citations_years": {"2008": 2}, "old_citations": {"2008": 2}, "isVisible": false}, "1142359320": {"name": "dale r shires", "type": "author", "activity": 28, "h_index": 8, "h5_index": 2, "mag_id": "1142359320", "num_publications": 2, "num_citations": 10, "num_publications_5y": 0, "num_citations_5y": 2, "num_publications_10y": 0, "num_citations_10y": 10, "publications_years": {"2008": 2}, "citations_years": {"2010": 3, "2011": 3, "2012": 2, "2013": 0, "2014": 1, "2015": 0, "2016": 0, "2017": 1}, "old_citations": {"2008": 10}, "isVisible": false}, "1984681428": {"name": "gil speyer", "type": "author", "activity": 17, "h_index": 2, "h5_index": 1, "mag_id": "1984681428", "num_publications": 2, "num_citations": 4, "num_publications_5y": 0, "num_citations_5y": 2, "num_publications_10y": 0, "num_citations_10y": 3, "publications_years": {"2008": 2}, "citations_years": {"2009": 1, "2010": 0, "2011": 0, "2012": 0, "2013": 0, "2014": 0, "2015": 1, "2016": 1, "2017": 0, "2018": 0, "2019": 1}, "old_citations": {"2008": 4}, "isVisible": false}, "1999787624": {"name": "nadya t bliss", "type": "author", "activity": 11, "h_index": 9, "h5_index": 0, "mag_id": "1999787624", "num_publications": 2, "num_citations": 15, "num_publications_5y": 0, "num_citations_5y": 4, "num_publications_10y": 0, "num_citations_10y": 13, "publications_years": {"2008": 2}, "citations_years": {"2010": 3, "2011": 1, "2012": 4, "2008": 2, "2009": 1, "2013": 0, "2014": 1, "2015": 1, "2016": 1, "2017": 0, "2018": 1}, "old_citations": {"2008": 15}, "isVisible": false}, "2115453865": {"name": "ryan haney", "type": "author", "activity": 4, "h_index": 3, "h5_index": 0, "mag_id": "2115453865", "num_publications": 2, "num_citations": 20, "num_publications_5y": 0, "num_citations_5y": 5, "num_publications_10y": 0, "num_citations_10y": 17, "publications_years": {"2008": 2}, "citations_years": {"2008": 3, "2009": 2, "2010": 2, "2011": 1, "2012": 7, "2013": 0, "2014": 1, "2015": 2, "2016": 1, "2017": 0, "2018": 1}, "old_citations": {"2008": 20}, "isVisible": false}, "2133226851": {"name": "eric r mark", "type": "author", "activity": 8, "h_index": 2, "h5_index": 0, "mag_id": "2133226851", "num_publications": 2, "num_citations": 3, "num_publications_5y": 0, "num_citations_5y": 0, "num_publications_10y": 0, "num_citations_10y": 3, "publications_years": {"2008": 2}, "citations_years": {"2009": 1, "2010": 2}, "old_citations": {"2008": 3}, "isVisible": false}, "2226877556": {"name": "george o ramseyer", "type": "author", "activity": 10, "h_index": 3, "h5_index": 0, "mag_id": "2226877556", "num_publications": 2, "num_citations": 2, "num_publications_5y": 0, "num_citations_5y": 0, "num_publications_10y": 0, "num_citations_10y": 0, "publications_years": {"2008": 2}, "citations_years": {"2008": 2}, "old_citations": {"2008": 2}, "isVisible": false}, "2658948918": {"name": "j daly", "type": "author", "activity": 1, "h_index": 2, "h5_index": 0, "mag_id": "2658948918", "num_publications": 2, "num_citations": 20, "num_publications_5y": 0, "num_citations_5y": 5, "num_publications_10y": 0, "num_citations_10y": 17, "publications_years": {"2008": 2}, "citations_years": {"2008": 3, "2009": 2, "2010": 2, "2011": 1, "2012": 7, "2013": 0, "2014": 1, "2015": 2, "2016": 1, "2017": 0, "2018": 1}, "old_citations": {"2008": 20}, "isVisible": false}, "288512535": {"name": "jack dongarra", "type": "author", "activity": 31, "h_index": 86, "h5_index": 13, "mag_id": "288512535", "num_publications": 1, "num_citations": 21, "num_publications_5y": 0, "num_citations_5y": 3, "num_publications_10y": 0, "num_citations_10y": 21, "publications_years": {"2008": 1}, "citations_years": {"2009": 2, "2010": 7, "2011": 5, "2012": 2, "2013": 2, "2014": 1, "2015": 0, "2016": 1, "2017": 1}, "old_citations": {"2008": 21}, "isVisible": false}, "402602253": {"name": "jeanphilippe blaudeau", "type": "author", "activity": 5, "h_index": 1, "h5_index": 0, "mag_id": "402602253", "num_publications": 1, "num_citations": 0, "num_publications_5y": 0, "num_citations_5y": 0, "num_publications_10y": 0, "num_citations_10y": 0, "publications_years": {"2008": 1}, "citations_years": {}, "old_citations": {"2008": 0}, "isVisible": false}, "411324294": {"name": "stanimire tomov", "type": "author", "activity": 18, "h_index": 25, "h5_index": 10, "mag_id": "411324294", "num_publications": 1, "num_citations": 21, "num_publications_5y": 0, "num_citations_5y": 3, "num_publications_10y": 0, "num_citations_10y": 21, "publications_years": {"2008": 1}, "citations_years": {"2009": 2, "2010": 7, "2011": 5, "2012": 2, "2013": 2, "2014": 1, "2015": 0, "2016": 1, "2017": 1}, "old_citations": {"2008": 21}, "isVisible": false}, "413578817": {"name": "j p boris", "type": "author", "activity": 26, "h_index": 9, "h5_index": 0, "mag_id": "413578817", "num_publications": 1, "num_citations": 1, "num_publications_5y": 0, "num_citations_5y": 1, "num_publications_10y": 0, "num_citations_10y": 1, "publications_years": {"2008": 1}, "citations_years": {"2015": 1}, "old_citations": {"2008": 1}, "isVisible": false}, "1151497841": {"name": "r akis", "type": "author", "activity": 11, "h_index": 2, "h5_index": 0, "mag_id": "1151497841", "num_publications": 1, "num_citations": 2, "num_publications_5y": 0, "num_citations_5y": 1, "num_publications_10y": 0, "num_citations_10y": 1, "publications_years": {"2008": 1}, "citations_years": {"2016": 1, "2017": 0, "2018": 0, "2019": 1}, "old_citations": {"2008": 2}, "isVisible": false}, "1224178022": {"name": "michael p kinzel", "type": "author", "activity": 16, "h_index": 3, "h5_index": 1, "mag_id": "1224178022", "num_publications": 1, "num_citations": 3, "num_publications_5y": 0, "num_citations_5y": 0, "num_publications_10y": 0, "num_citations_10y": 3, "publications_years": {"2008": 1}, "citations_years": {"2012": 2, "2013": 1}, "old_citations": {"2008": 3}, "isVisible": false}, "1228353559": {"name": "brian j henz", "type": "author", "activity": 17, "h_index": 5, "h5_index": 1, "mag_id": "1228353559", "num_publications": 1, "num_citations": 10, "num_publications_5y": 0, "num_citations_5y": 2, "num_publications_10y": 0, "num_citations_10y": 10, "publications_years": {"2008": 1}, "citations_years": {"2010": 3, "2011": 3, "2012": 2, "2013": 0, "2014": 1, "2015": 0, "2016": 0, "2017": 1}, "old_citations": {"2008": 10}, "isVisible": false}, "1243477443": {"name": "nela zavaljevski", "type": "author", "activity": 6, "h_index": 3, "h5_index": 0, "mag_id": "1243477443", "num_publications": 1, "num_citations": 1, "num_publications_5y": 0, "num_citations_5y": 1, "num_publications_10y": 0, "num_citations_10y": 1, "publications_years": {"2008": 1}, "citations_years": {"2014": 1}, "old_citations": {"2008": 1}, "isVisible": false}, "1438265318": {"name": "o j eslinger", "type": "author", "activity": 14, "h_index": 3, "h5_index": 0, "mag_id": "1438265318", "num_publications": 1, "num_citations": 1, "num_publications_5y": 0, "num_citations_5y": 0, "num_publications_10y": 0, "num_citations_10y": 1, "publications_years": {"2008": 1}, "citations_years": {"2012": 1}, "old_citations": {"2008": 1}, "isVisible": false}, "1715058840": {"name": "brian guilfoos", "type": "author", "activity": 12, "h_index": 2, "h5_index": 1, "mag_id": "1715058840", "num_publications": 1, "num_citations": 1, "num_publications_5y": 0, "num_citations_5y": 0, "num_publications_10y": 0, "num_citations_10y": 1, "publications_years": {"2008": 1}, "citations_years": {"2009": 1}, "old_citations": {"2008": 1}, "isVisible": false}, "1976620213": {"name": "philippe r spalart", "type": "author", "activity": 24, "h_index": 9, "h5_index": 1, "mag_id": "1976620213", "num_publications": 1, "num_citations": 3, "num_publications_5y": 0, "num_citations_5y": 1, "num_publications_10y": 0, "num_citations_10y": 3, "publications_years": {"2004": 1}, "citations_years": {"2009": 2, "2010": 0, "2011": 0, "2012": 0, "2013": 0, "2014": 0, "2015": 0, "2016": 0, "2017": 0, "2018": 1}, "old_citations": {"2004": 3}, "isVisible": false}, "1976654137": {"name": "e schamiloglu", "type": "author", "activity": 23, "h_index": 5, "h5_index": 1, "mag_id": "1976654137", "num_publications": 1, "num_citations": 1, "num_publications_5y": 0, "num_citations_5y": 0, "num_publications_10y": 0, "num_citations_10y": 1, "publications_years": {"2008": 1}, "citations_years": {"2009": 1}, "old_citations": {"2008": 1}, "isVisible": false}, "1990919272": {"name": "unamay oreilly", "type": "author", "activity": 29, "h_index": 28, "h5_index": 6, "mag_id": "1990919272", "num_publications": 1, "num_citations": 2, "num_publications_5y": 0, "num_citations_5y": 0, "num_publications_10y": 0, "num_citations_10y": 2, "publications_years": {"2008": 1}, "citations_years": {"2010": 1, "2011": 0, "2012": 1}, "old_citations": {"2008": 2}, "isVisible": false}, "2002968053": {"name": "keith obenschain", "type": "author", "activity": 10, "h_index": 2, "h5_index": 0, "mag_id": "2002968053", "num_publications": 1, "num_citations": 1, "num_publications_5y": 0, "num_citations_5y": 1, "num_publications_10y": 0, "num_citations_10y": 1, "publications_years": {"2008": 1}, "citations_years": {"2015": 1}, "old_citations": {"2008": 1}, "isVisible": false}, "2027326930": {"name": "s sacco", "type": "author", "activity": 1, "h_index": 1, "h5_index": 0, "mag_id": "2027326930", "num_publications": 1, "num_citations": 13, "num_publications_5y": 0, "num_citations_5y": 4, "num_publications_10y": 0, "num_citations_10y": 11, "publications_years": {"2008": 1}, "citations_years": {"2008": 2, "2009": 1, "2010": 2, "2011": 1, "2012": 3, "2013": 0, "2014": 1, "2015": 1, "2016": 1, "2017": 0, "2018": 1}, "old_citations": {"2008": 13}, "isVisible": false}, "2075327668": {"name": "marco lanzagorta", "type": "author", "activity": 23, "h_index": 4, "h5_index": 1, "mag_id": "2075327668", "num_publications": 1, "num_citations": 0, "num_publications_5y": 0, "num_citations_5y": 0, "num_publications_10y": 0, "num_citations_10y": 0, "publications_years": {"2008": 1}, "citations_years": {}, "old_citations": {"2008": 0}, "isVisible": false}, "2079969273": {"name": "allen d malony", "type": "author", "activity": 31, "h_index": 31, "h5_index": 5, "mag_id": "2079969273", "num_publications": 1, "num_citations": 3, "num_publications_5y": 0, "num_citations_5y": 0, "num_publications_10y": 0, "num_citations_10y": 2, "publications_years": {"2008": 1}, "citations_years": {"2008": 1, "2009": 0, "2010": 1, "2011": 1}, "old_citations": {"2008": 3}, "isVisible": false}, "2104769146": {"name": "robert rosenberg", "type": "author", "activity": 23, "h_index": 5, "h5_index": 1, "mag_id": "2104769146", "num_publications": 1, "num_citations": 1, "num_publications_5y": 0, "num_citations_5y": 1, "num_publications_10y": 0, "num_citations_10y": 1, "publications_years": {"2008": 1}, "citations_years": {"2015": 1}, "old_citations": {"2008": 1}, "isVisible": false}, "2118407196": {"name": "k l cartwright", "type": "author", "activity": 13, "h_index": 1, "h5_index": 0, "mag_id": "2118407196", "num_publications": 1, "num_citations": 1, "num_publications_5y": 0, "num_citations_5y": 0, "num_publications_10y": 0, "num_citations_10y": 1, "publications_years": {"2008": 1}, "citations_years": {"2009": 1}, "old_citations": {"2008": 1}, "isVisible": false}, "2121458375": {"name": "k k liu", "type": "author", "activity": 1, "h_index": 1, "h5_index": 0, "mag_id": "2121458375", "num_publications": 1, "num_citations": 3, "num_publications_5y": 0, "num_citations_5y": 0, "num_publications_10y": 0, "num_citations_10y": 3, "publications_years": {"2008": 1}, "citations_years": {"2009": 1, "2010": 2}, "old_citations": {"2008": 3}, "isVisible": false}, "2122301014": {"name": "jules w lindau", "type": "author", "activity": 18, "h_index": 3, "h5_index": 0, "mag_id": "2122301014", "num_publications": 1, "num_citations": 3, "num_publications_5y": 0, "num_citations_5y": 0, "num_publications_10y": 0, "num_citations_10y": 3, "publications_years": {"2008": 1}, "citations_years": {"2012": 2, "2013": 1}, "old_citations": {"2008": 3}, "isVisible": false}, "2125264007": {"name": "kam wan", "type": "author", "activity": 3, "h_index": 1, "h5_index": 0, "mag_id": "2125264007", "num_publications": 1, "num_citations": 0, "num_publications_5y": 0, "num_citations_5y": 0, "num_publications_10y": 0, "num_citations_10y": 0, "publications_years": {"2008": 1}, "citations_years": {}, "old_citations": {"2008": 0}, "isVisible": false}, "2130703471": {"name": "gopal patnaik", "type": "author", "activity": 24, "h_index": 5, "h5_index": 0, "mag_id": "2130703471", "num_publications": 1, "num_citations": 1, "num_publications_5y": 0, "num_citations_5y": 1, "num_publications_10y": 0, "num_citations_10y": 1, "publications_years": {"2008": 1}, "citations_years": {"2015": 1}, "old_citations": {"2008": 1}, "isVisible": false}, "2132440911": {"name": "v natoli", "type": "author", "activity": 1, "h_index": 1, "h5_index": 0, "mag_id": "2132440911", "num_publications": 1, "num_citations": 21, "num_publications_5y": 0, "num_citations_5y": 3, "num_publications_10y": 0, "num_citations_10y": 21, "publications_years": {"2008": 1}, "citations_years": {"2009": 2, "2010": 7, "2011": 5, "2012": 2, "2013": 2, "2014": 1, "2015": 0, "2016": 1, "2017": 1}, "old_citations": {"2008": 21}, "isVisible": false}, "2133633478": {"name": "scot tucker", "type": "author", "activity": 5, "h_index": 3, "h5_index": 0, "mag_id": "2133633478", "num_publications": 1, "num_citations": 2, "num_publications_5y": 0, "num_citations_5y": 0, "num_publications_10y": 0, "num_citations_10y": 0, "publications_years": {"2008": 1}, "citations_years": {"2008": 2}, "old_citations": {"2008": 2}, "isVisible": false}, "2133644482": {"name": "dan stanzione", "type": "author", "activity": 24, "h_index": 15, "h5_index": 4, "mag_id": "2133644482", "num_publications": 1, "num_citations": 2, "num_publications_5y": 0, "num_citations_5y": 1, "num_publications_10y": 0, "num_citations_10y": 2, "publications_years": {"2008": 1}, "citations_years": {"2009": 1, "2010": 0, "2011": 0, "2012": 0, "2013": 0, "2014": 0, "2015": 1}, "old_citations": {"2008": 2}, "isVisible": false}, "2134683116": {"name": "gregory d peterson", "type": "author", "activity": 26, "h_index": 21, "h5_index": 1, "mag_id": "2134683116", "num_publications": 1, "num_citations": 21, "num_publications_5y": 0, "num_citations_5y": 3, "num_publications_10y": 0, "num_citations_10y": 21, "publications_years": {"2008": 1}, "citations_years": {"2009": 2, "2010": 7, "2011": 5, "2012": 2, "2013": 2, "2014": 1, "2015": 0, "2016": 1, "2017": 1}, "old_citations": {"2008": 21}, "isVisible": false}, "2136907378": {"name": "jeremy kepner", "type": "author", "activity": 25, "h_index": 26, "h5_index": 12, "mag_id": "2136907378", "num_publications": 1, "num_citations": 13, "num_publications_5y": 0, "num_citations_5y": 4, "num_publications_10y": 0, "num_citations_10y": 11, "publications_years": {"2008": 1}, "citations_years": {"2008": 2, "2009": 1, "2010": 2, "2011": 1, "2012": 3, "2013": 0, "2014": 1, "2015": 1, "2016": 1, "2017": 0, "2018": 1}, "old_citations": {"2008": 13}, "isVisible": false}, "2138335368": {"name": "john vines", "type": "author", "activity": 8, "h_index": 2, "h5_index": 0, "mag_id": "2138335368", "num_publications": 1, "num_citations": 0, "num_publications_5y": 0, "num_citations_5y": 0, "num_publications_10y": 0, "num_citations_10y": 0, "publications_years": {"2008": 1}, "citations_years": {}, "old_citations": {"2008": 0}, "isVisible": false}, "2138866970": {"name": "edward rutledge", "type": "author", "activity": 13, "h_index": 3, "h5_index": 0, "mag_id": "2138866970", "num_publications": 1, "num_citations": 13, "num_publications_5y": 0, "num_citations_5y": 4, "num_publications_10y": 0, "num_citations_10y": 11, "publications_years": {"2008": 1}, "citations_years": {"2008": 2, "2009": 1, "2010": 2, "2011": 1, "2012": 3, "2013": 0, "2014": 1, "2015": 1, "2016": 1, "2017": 0, "2018": 1}, "old_citations": {"2008": 13}, "isVisible": false}, "2143063412": {"name": "robert j moorhead", "type": "author", "activity": 28, "h_index": 13, "h5_index": 1, "mag_id": "2143063412", "num_publications": 1, "num_citations": 0, "num_publications_5y": 0, "num_citations_5y": 0, "num_publications_10y": 0, "num_citations_10y": 0, "publications_years": {"2008": 1}, "citations_years": {}, "old_citations": {"2008": 0}, "isVisible": false}, "2149044134": {"name": "s barnes", "type": "author", "activity": 1, "h_index": 0, "h5_index": 0, "mag_id": "2149044134", "num_publications": 1, "num_citations": 0, "num_publications_5y": 0, "num_citations_5y": 0, "num_publications_10y": 0, "num_citations_10y": 0, "publications_years": {"2008": 1}, "citations_years": {}, "old_citations": {"2008": 0}, "isVisible": false}, "2153165853": {"name": "kyle d squires", "type": "author", "activity": 17, "h_index": 5, "h5_index": 0, "mag_id": "2153165853", "num_publications": 1, "num_citations": 3, "num_publications_5y": 0, "num_citations_5y": 1, "num_publications_10y": 0, "num_citations_10y": 3, "publications_years": {"2004": 1}, "citations_years": {"2009": 2, "2010": 0, "2011": 0, "2012": 0, "2013": 0, "2014": 0, "2015": 0, "2016": 0, "2017": 0, "2018": 1}, "old_citations": {"2004": 3}, "isVisible": false}, "2154070419": {"name": "robert f kunz", "type": "author", "activity": 14, "h_index": 4, "h5_index": 0, "mag_id": "2154070419", "num_publications": 1, "num_citations": 3, "num_publications_5y": 0, "num_citations_5y": 0, "num_publications_10y": 0, "num_citations_10y": 3, "publications_years": {"2008": 1}, "citations_years": {"2012": 2, "2013": 1}, "old_citations": {"2008": 3}, "isVisible": false}, "2159697824": {"name": "james r forsythe", "type": "author", "activity": 7, "h_index": 5, "h5_index": 0, "mag_id": "2159697824", "num_publications": 1, "num_citations": 3, "num_publications_5y": 0, "num_citations_5y": 1, "num_publications_10y": 0, "num_citations_10y": 3, "publications_years": {"2004": 1}, "citations_years": {"2009": 2, "2010": 0, "2011": 0, "2012": 0, "2013": 0, "2014": 0, "2015": 0, "2016": 0, "2017": 0, "2018": 1}, "old_citations": {"2004": 3}, "isVisible": false}, "2160606975": {"name": "jerry clarke", "type": "author", "activity": 13, "h_index": 5, "h5_index": 0, "mag_id": "2160606975", "num_publications": 1, "num_citations": 0, "num_publications_5y": 0, "num_citations_5y": 0, "num_publications_10y": 0, "num_citations_10y": 0, "publications_years": {"2008": 1}, "citations_years": {}, "old_citations": {"2008": 0}, "isVisible": false}, "2161329119": {"name": "shawn t brown", "type": "author", "activity": 15, "h_index": 4, "h5_index": 1, "mag_id": "2161329119", "num_publications": 1, "num_citations": 0, "num_publications_5y": 0, "num_citations_5y": 0, "num_publications_10y": 0, "num_citations_10y": 0, "publications_years": {"2008": 1}, "citations_years": {}, "old_citations": {"2008": 0}, "isVisible": false}, "2163427928": {"name": "russell m cummings", "type": "author", "activity": 26, "h_index": 8, "h5_index": 3, "mag_id": "2163427928", "num_publications": 1, "num_citations": 3, "num_publications_5y": 0, "num_citations_5y": 1, "num_publications_10y": 0, "num_citations_10y": 3, "publications_years": {"2004": 1}, "citations_years": {"2009": 2, "2010": 0, "2011": 0, "2012": 0, "2013": 0, "2014": 0, "2015": 0, "2016": 0, "2017": 0, "2018": 1}, "old_citations": {"2004": 3}, "isVisible": false}, "2164600836": {"name": "hahn kim", "type": "author", "activity": 8, "h_index": 7, "h5_index": 0, "mag_id": "2164600836", "num_publications": 1, "num_citations": 13, "num_publications_5y": 0, "num_citations_5y": 4, "num_publications_10y": 0, "num_citations_10y": 11, "publications_years": {"2008": 1}, "citations_years": {"2008": 2, "2009": 1, "2010": 2, "2011": 1, "2012": 3, "2013": 0, "2014": 1, "2015": 1, "2016": 1, "2017": 0, "2018": 1}, "old_citations": {"2008": 13}, "isVisible": false}, "2164716478": {"name": "d cronk", "type": "author", "activity": 12, "h_index": 3, "h5_index": 0, "mag_id": "2164716478", "num_publications": 1, "num_citations": 3, "num_publications_5y": 0, "num_citations_5y": 0, "num_publications_10y": 0, "num_citations_10y": 2, "publications_years": {"2008": 1}, "citations_years": {"2008": 1, "2009": 0, "2010": 1, "2011": 1}, "old_citations": {"2008": 3}, "isVisible": false}, "2176533867": {"name": "sameer shende", "type": "author", "activity": 24, "h_index": 21, "h5_index": 3, "mag_id": "2176533867", "num_publications": 1, "num_citations": 3, "num_publications_5y": 0, "num_citations_5y": 0, "num_publications_10y": 0, "num_citations_10y": 2, "publications_years": {"2008": 1}, "citations_years": {"2008": 1, "2009": 0, "2010": 1, "2011": 1}, "old_citations": {"2008": 3}, "isVisible": false}, "2200317390": {"name": "dennis fitzgerald", "type": "author", "activity": 16, "h_index": 3, "h5_index": 0, "mag_id": "2200317390", "num_publications": 1, "num_citations": 2, "num_publications_5y": 0, "num_citations_5y": 0, "num_publications_10y": 0, "num_citations_10y": 0, "publications_years": {"2008": 1}, "citations_years": {"2008": 2}, "old_citations": {"2008": 2}, "isVisible": false}, "2213916464": {"name": "miguel valenciano", "type": "author", "activity": 4, "h_index": 1, "h5_index": 0, "mag_id": "2213916464", "num_publications": 1, "num_citations": 1, "num_publications_5y": 0, "num_citations_5y": 0, "num_publications_10y": 0, "num_citations_10y": 1, "publications_years": {"2008": 1}, "citations_years": {"2012": 1}, "old_citations": {"2008": 1}, "isVisible": false}, "2223079961": {"name": "sean ziegeler", "type": "author", "activity": 11, "h_index": 2, "h5_index": 0, "mag_id": "2223079961", "num_publications": 1, "num_citations": 0, "num_publications_5y": 0, "num_citations_5y": 0, "num_publications_10y": 0, "num_citations_10y": 0, "publications_years": {"2008": 1}, "citations_years": {}, "old_citations": {"2008": 0}, "isVisible": false}, "2268771539": {"name": "jose unpingco", "type": "author", "activity": 8, "h_index": 2, "h5_index": 0, "mag_id": "2268771539", "num_publications": 1, "num_citations": 1, "num_publications_5y": 0, "num_citations_5y": 0, "num_publications_10y": 0, "num_citations_10y": 1, "publications_years": {"2008": 1}, "citations_years": {"2009": 1}, "old_citations": {"2008": 1}, "isVisible": false}, "2282143742": {"name": "h hadzimujic", "type": "author", "activity": 1, "h_index": 1, "h5_index": 0, "mag_id": "2282143742", "num_publications": 1, "num_citations": 2, "num_publications_5y": 0, "num_citations_5y": 0, "num_publications_10y": 0, "num_citations_10y": 2, "publications_years": {"2008": 1}, "citations_years": {"2010": 1, "2011": 0, "2012": 1}, "old_citations": {"2008": 2}, "isVisible": false}, "2283820408": {"name": "s peek", "type": "author", "activity": 1, "h_index": 1, "h5_index": 0, "mag_id": "2283820408", "num_publications": 1, "num_citations": 2, "num_publications_5y": 0, "num_citations_5y": 0, "num_publications_10y": 0, "num_citations_10y": 2, "publications_years": {"2008": 1}, "citations_years": {"2010": 1, "2011": 0, "2012": 1}, "old_citations": {"2008": 2}, "isVisible": false}, "2303058444": {"name": "joel p martin", "type": "author", "activity": 7, "h_index": 2, "h5_index": 0, "mag_id": "2303058444", "num_publications": 1, "num_citations": 0, "num_publications_5y": 0, "num_citations_5y": 0, "num_publications_10y": 0, "num_citations_10y": 0, "publications_years": {"2008": 1}, "citations_years": {}, "old_citations": {"2008": 0}, "isVisible": false}, "2308968306": {"name": "m r lambrecht", "type": "author", "activity": 1, "h_index": 1, "h5_index": 0, "mag_id": "2308968306", "num_publications": 1, "num_citations": 1, "num_publications_5y": 0, "num_citations_5y": 0, "num_publications_10y": 0, "num_citations_10y": 1, "publications_years": {"2008": 1}, "citations_years": {"2009": 1}, "old_citations": {"2008": 1}, "isVisible": false}, "2310390520": {"name": "scott a morton", "type": "author", "activity": 13, "h_index": 9, "h5_index": 0, "mag_id": "2310390520", "num_publications": 1, "num_citations": 3, "num_publications_5y": 0, "num_citations_5y": 1, "num_publications_10y": 0, "num_citations_10y": 3, "publications_years": {"2004": 1}, "citations_years": {"2009": 2, "2010": 0, "2011": 0, "2012": 0, "2013": 0, "2014": 0, "2015": 0, "2016": 0, "2017": 0, "2018": 1}, "old_citations": {"2004": 3}, "isVisible": false}, "2386929568": {"name": "stephen m goodnick", "type": "author", "activity": 29, "h_index": 6, "h5_index": 0, "mag_id": "2386929568", "num_publications": 1, "num_citations": 2, "num_publications_5y": 0, "num_citations_5y": 1, "num_publications_10y": 0, "num_citations_10y": 2, "publications_years": {"2008": 1}, "citations_years": {"2009": 1, "2010": 0, "2011": 0, "2012": 0, "2013": 0, "2014": 0, "2015": 1}, "old_citations": {"2008": 2}, "isVisible": false}, "2405478750": {"name": "m lasinski", "type": "author", "activity": 1, "h_index": 0, "h5_index": 0, "mag_id": "2405478750", "num_publications": 1, "num_citations": 0, "num_publications_5y": 0, "num_citations_5y": 0, "num_publications_10y": 0, "num_citations_10y": 0, "publications_years": {"2008": 1}, "citations_years": {}, "old_citations": {"2008": 0}, "isVisible": false}, "2409514355": {"name": "j crino", "type": "author", "activity": 1, "h_index": 0, "h5_index": 0, "mag_id": "2409514355", "num_publications": 1, "num_citations": 0, "num_publications_5y": 0, "num_citations_5y": 0, "num_publications_10y": 0, "num_citations_10y": 0, "publications_years": {"2008": 1}, "citations_years": {}, "old_citations": {"2008": 0}, "isVisible": false}, "2429615514": {"name": "carl e baum", "type": "author", "activity": 5, "h_index": 2, "h5_index": 0, "mag_id": "2429615514", "num_publications": 1, "num_citations": 1, "num_publications_5y": 0, "num_citations_5y": 0, "num_publications_10y": 0, "num_citations_10y": 1, "publications_years": {"2008": 1}, "citations_years": {"2009": 1}, "old_citations": {"2008": 1}, "isVisible": false}, "2429757263": {"name": "david c fritts", "type": "author", "activity": 3, "h_index": 1, "h5_index": 0, "mag_id": "2429757263", "num_publications": 1, "num_citations": 0, "num_publications_5y": 0, "num_citations_5y": 0, "num_publications_10y": 0, "num_citations_10y": 0, "publications_years": {"2008": 1}, "citations_years": {}, "old_citations": {"2008": 0}, "isVisible": false}, "2431076346": {"name": "wendell anderson", "type": "author", "activity": 10, "h_index": 4, "h5_index": 0, "mag_id": "2431076346", "num_publications": 1, "num_citations": 0, "num_publications_5y": 0, "num_citations_5y": 0, "num_publications_10y": 0, "num_citations_10y": 0, "publications_years": {"2008": 1}, "citations_years": {}, "old_citations": {"2008": 0}, "isVisible": false}, "2438117582": {"name": "j c renteria", "type": "author", "activity": 1, "h_index": 1, "h5_index": 0, "mag_id": "2438117582", "num_publications": 1, "num_citations": 3, "num_publications_5y": 0, "num_citations_5y": 0, "num_publications_10y": 0, "num_citations_10y": 3, "publications_years": {"2008": 1}, "citations_years": {"2009": 1, "2010": 2}, "old_citations": {"2008": 3}, "isVisible": false}, "2438313438": {"name": "song jun park", "type": "author", "activity": 13, "h_index": 3, "h5_index": 0, "mag_id": "2438313438", "num_publications": 1, "num_citations": 10, "num_publications_5y": 0, "num_citations_5y": 2, "num_publications_10y": 0, "num_citations_10y": 10, "publications_years": {"2008": 1}, "citations_years": {"2010": 3, "2011": 3, "2012": 2, "2013": 0, "2014": 1, "2015": 0, "2016": 0, "2017": 1}, "old_citations": {"2008": 10}, "isVisible": false}, "2470134017": {"name": "kenneth e wurtzler", "type": "author", "activity": 3, "h_index": 3, "h5_index": 0, "mag_id": "2470134017", "num_publications": 1, "num_citations": 3, "num_publications_5y": 0, "num_citations_5y": 1, "num_publications_10y": 0, "num_citations_10y": 3, "publications_years": {"2004": 1}, "citations_years": {"2009": 2, "2010": 0, "2011": 0, "2012": 0, "2013": 0, "2014": 0, "2015": 0, "2016": 0, "2017": 0, "2018": 1}, "old_citations": {"2004": 3}, "isVisible": false}, "2480805374": {"name": "m xu", "type": "author", "activity": 1, "h_index": 1, "h5_index": 0, "mag_id": "2480805374", "num_publications": 1, "num_citations": 1, "num_publications_5y": 0, "num_citations_5y": 1, "num_publications_10y": 0, "num_citations_10y": 1, "publications_years": {"2008": 1}, "citations_years": {"2015": 1}, "old_citations": {"2008": 1}, "isVisible": false}, "2482028935": {"name": "m marzilli", "type": "author", "activity": 1, "h_index": 1, "h5_index": 0, "mag_id": "2482028935", "num_publications": 1, "num_citations": 13, "num_publications_5y": 0, "num_citations_5y": 4, "num_publications_10y": 0, "num_citations_10y": 11, "publications_years": {"2008": 1}, "citations_years": {"2008": 2, "2009": 1, "2010": 2, "2011": 1, "2012": 3, "2013": 0, "2014": 1, "2015": 1, "2016": 1, "2017": 0, "2018": 1}, "old_citations": {"2008": 13}, "isVisible": false}, "2608559746": {"name": "e mack", "type": "author", "activity": 1, "h_index": 1, "h5_index": 0, "mag_id": "2608559746", "num_publications": 1, "num_citations": 2, "num_publications_5y": 0, "num_citations_5y": 1, "num_publications_10y": 0, "num_citations_10y": 1, "publications_years": {"2008": 1}, "citations_years": {"2016": 1, "2017": 0, "2018": 0, "2019": 1}, "old_citations": {"2008": 2}, "isVisible": false}, "2610910191": {"name": "laura humphrey", "type": "author", "activity": 4, "h_index": 1, "h5_index": 0, "mag_id": "2610910191", "num_publications": 1, "num_citations": 1, "num_publications_5y": 0, "num_citations_5y": 0, "num_publications_10y": 0, "num_citations_10y": 1, "publications_years": {"2008": 1}, "citations_years": {"2009": 1}, "old_citations": {"2008": 1}, "isVisible": false}, "2651379657": {"name": "s fawaz", "type": "author", "activity": 1, "h_index": 1, "h5_index": 0, "mag_id": "2651379657", "num_publications": 1, "num_citations": 2, "num_publications_5y": 0, "num_citations_5y": 0, "num_publications_10y": 0, "num_citations_10y": 2, "publications_years": {"2008": 1}, "citations_years": {"2009": 1, "2010": 1}, "old_citations": {"2008": 2}, "isVisible": false}, "2659839887": {"name": "denis b kholodar", "type": "author", "activity": 4, "h_index": 2, "h5_index": 0, "mag_id": "2659839887", "num_publications": 1, "num_citations": 3, "num_publications_5y": 0, "num_citations_5y": 1, "num_publications_10y": 0, "num_citations_10y": 3, "publications_years": {"2004": 1}, "citations_years": {"2009": 2, "2010": 0, "2011": 0, "2012": 0, "2013": 0, "2014": 0, "2015": 0, "2016": 0, "2017": 0, "2018": 1}, "old_citations": {"2004": 3}, "isVisible": false}, "2663125483": {"name": "a yau", "type": "author", "activity": 1, "h_index": 0, "h5_index": 0, "mag_id": "2663125483", "num_publications": 1, "num_citations": 0, "num_publications_5y": 0, "num_citations_5y": 0, "num_publications_10y": 0, "num_citations_10y": 0, "publications_years": {"2008": 1}, "citations_years": {}, "old_citations": {"2008": 0}, "isVisible": false}, "2754120378": {"name": "b h elton", "type": "author", "activity": 1, "h_index": 1, "h5_index": 0, "mag_id": "2754120378", "num_publications": 1, "num_citations": 2, "num_publications_5y": 0, "num_citations_5y": 0, "num_publications_10y": 0, "num_citations_10y": 2, "publications_years": {"2008": 1}, "citations_years": {"2009": 2}, "old_citations": {"2008": 2}, "isVisible": false}, "2889673374": {"name": "g kedziora", "type": "author", "activity": 1, "h_index": 0, "h5_index": 0, "mag_id": "2889673374", "num_publications": 1, "num_citations": 0, "num_publications_5y": 0, "num_citations_5y": 0, "num_publications_10y": 0, "num_citations_10y": 0, "publications_years": {"2008": 1}, "citations_years": {}, "old_citations": {"2008": 0}, "isVisible": false}, "2889785921": {"name": "v w ross", "type": "author", "activity": 1, "h_index": 1, "h5_index": 0, "mag_id": "2889785921", "num_publications": 1, "num_citations": 3, "num_publications_5y": 0, "num_citations_5y": 2, "num_publications_10y": 0, "num_citations_10y": 3, "publications_years": {"2008": 1}, "citations_years": {"2012": 1, "2013": 0, "2014": 1, "2015": 0, "2016": 1}, "old_citations": {"2008": 3}, "isVisible": false}, "2890827241": {"name": "n a romero", "type": "author", "activity": 1, "h_index": 0, "h5_index": 0, "mag_id": "2890827241", "num_publications": 1, "num_citations": 0, "num_publications_5y": 0, "num_citations_5y": 0, "num_publications_10y": 0, "num_citations_10y": 0, "publications_years": {"2008": 1}, "citations_years": {}, "old_citations": {"2008": 0}, "isVisible": false}, "2890896582": {"name": "j allred", "type": "author", "activity": 1, "h_index": 1, "h5_index": 0, "mag_id": "2890896582", "num_publications": 1, "num_citations": 21, "num_publications_5y": 0, "num_citations_5y": 3, "num_publications_10y": 0, "num_citations_10y": 21, "publications_years": {"2008": 1}, "citations_years": {"2009": 2, "2010": 7, "2011": 5, "2012": 2, "2013": 2, "2014": 1, "2015": 0, "2016": 1, "2017": 1}, "old_citations": {"2008": 21}, "isVisible": false}, "2890934108": {"name": "j c chaves", "type": "author", "activity": 1, "h_index": 1, "h5_index": 0, "mag_id": "2890934108", "num_publications": 1, "num_citations": 1, "num_publications_5y": 0, "num_citations_5y": 0, "num_publications_10y": 0, "num_citations_10y": 1, "publications_years": {"2008": 1}, "citations_years": {"2009": 1}, "old_citations": {"2008": 1}, "isVisible": false}, "2891159075": {"name": "t e smetek", "type": "author", "activity": 1, "h_index": 0, "h5_index": 0, "mag_id": "2891159075", "num_publications": 1, "num_citations": 0, "num_publications_5y": 0, "num_citations_5y": 0, "num_publications_10y": 0, "num_citations_10y": 0, "publications_years": {"2008": 1}, "citations_years": {}, "old_citations": {"2008": 0}, "isVisible": false}, "2973319788": {"name": "j unpingco", "type": "author", "activity": 1, "h_index": 1, "h5_index": 0, "mag_id": "2973319788", "num_publications": 1, "num_citations": 2, "num_publications_5y": 0, "num_citations_5y": 0, "num_publications_10y": 0, "num_citations_10y": 2, "publications_years": {"2008": 1}, "citations_years": {"2010": 1, "2011": 0, "2012": 0, "2013": 1}, "old_citations": {"2008": 2}, "isVisible": false}, "2973454023": {"name": "v thomas", "type": "author", "activity": 1, "h_index": 1, "h5_index": 0, "mag_id": "2973454023", "num_publications": 1, "num_citations": 3, "num_publications_5y": 0, "num_citations_5y": 2, "num_publications_10y": 0, "num_citations_10y": 3, "publications_years": {"2008": 1}, "citations_years": {"2012": 1, "2013": 0, "2014": 1, "2015": 0, "2016": 1}, "old_citations": {"2008": 3}, "isVisible": false}, "2973463736": {"name": "n freed", "type": "author", "activity": 1, "h_index": 1, "h5_index": 0, "mag_id": "2973463736", "num_publications": 1, "num_citations": 2, "num_publications_5y": 0, "num_citations_5y": 1, "num_publications_10y": 0, "num_citations_10y": 1, "publications_years": {"2008": 1}, "citations_years": {"2016": 1, "2017": 0, "2018": 0, "2019": 1}, "old_citations": {"2008": 2}, "isVisible": false}, "2973660086": {"name": "j h unpingco", "type": "author", "activity": 1, "h_index": 0, "h5_index": 0, "mag_id": "2973660086", "num_publications": 1, "num_citations": 0, "num_publications_5y": 0, "num_citations_5y": 0, "num_publications_10y": 0, "num_citations_10y": 0, "publications_years": {"2008": 1}, "citations_years": {}, "old_citations": {"2008": 0}, "isVisible": false}, "2973739674": {"name": "a wissink", "type": "author", "activity": 1, "h_index": 1, "h5_index": 0, "mag_id": "2973739674", "num_publications": 1, "num_citations": 9, "num_publications_5y": 0, "num_citations_5y": 0, "num_publications_10y": 0, "num_citations_10y": 8, "publications_years": {"2008": 1}, "citations_years": {"2008": 1, "2009": 1, "2010": 4, "2011": 3}, "old_citations": {"2008": 9}, "isVisible": false}, "2973966800": {"name": "j eversole", "type": "author", "activity": 1, "h_index": 0, "h5_index": 0, "mag_id": "2973966800", "num_publications": 1, "num_citations": 0, "num_publications_5y": 0, "num_citations_5y": 0, "num_publications_10y": 0, "num_citations_10y": 0, "publications_years": {"2008": 1}, "citations_years": {}, "old_citations": {"2008": 0}, "isVisible": false}, "2974042682": {"name": "p sotirelis", "type": "author", "activity": 1, "h_index": 1, "h5_index": 0, "mag_id": "2974042682", "num_publications": 1, "num_citations": 2, "num_publications_5y": 0, "num_citations_5y": 1, "num_publications_10y": 0, "num_citations_10y": 2, "publications_years": {"2008": 1}, "citations_years": {"2009": 1, "2010": 0, "2011": 0, "2012": 0, "2013": 0, "2014": 0, "2015": 1}, "old_citations": {"2008": 2}, "isVisible": false}, "2974159642": {"name": "j werne", "type": "author", "activity": 1, "h_index": 0, "h5_index": 0, "mag_id": "2974159642", "num_publications": 1, "num_citations": 0, "num_publications_5y": 0, "num_citations_5y": 0, "num_publications_10y": 0, "num_citations_10y": 0, "publications_years": {"2008": 1}, "citations_years": {}, "old_citations": {"2008": 0}, "isVisible": false}, "2974303488": {"name": "k m magde", "type": "author", "activity": 1, "h_index": 1, "h5_index": 0, "mag_id": "2974303488", "num_publications": 1, "num_citations": 2, "num_publications_5y": 0, "num_citations_5y": 0, "num_publications_10y": 0, "num_citations_10y": 2, "publications_years": {"2008": 1}, "citations_years": {"2009": 2}, "old_citations": {"2008": 2}, "isVisible": false}, "2974328827": {"name": "j s ayubimoak", "type": "author", "activity": 2, "h_index": 1, "h5_index": 0, "mag_id": "2974328827", "num_publications": 1, "num_citations": 2, "num_publications_5y": 0, "num_citations_5y": 1, "num_publications_10y": 0, "num_citations_10y": 2, "publications_years": {"2008": 1}, "citations_years": {"2009": 1, "2010": 0, "2011": 0, "2012": 0, "2013": 0, "2014": 0, "2015": 1}, "old_citations": {"2008": 2}, "isVisible": false}, "2974515704": {"name": "b andersson", "type": "author", "activity": 1, "h_index": 1, "h5_index": 0, "mag_id": "2974515704", "num_publications": 1, "num_citations": 2, "num_publications_5y": 0, "num_citations_5y": 0, "num_publications_10y": 0, "num_citations_10y": 2, "publications_years": {"2008": 1}, "citations_years": {"2009": 1, "2010": 1}, "old_citations": {"2008": 2}, "isVisible": false}, "2974695564": {"name": "d stanzione", "type": "author", "activity": 1, "h_index": 1, "h5_index": 0, "mag_id": "2974695564", "num_publications": 1, "num_citations": 2, "num_publications_5y": 0, "num_citations_5y": 1, "num_publications_10y": 0, "num_citations_10y": 1, "publications_years": {"2008": 1}, "citations_years": {"2016": 1, "2017": 0, "2018": 0, "2019": 1}, "old_citations": {"2008": 2}, "isVisible": false}, "2974781667": {"name": "d richie", "type": "author", "activity": 1, "h_index": 1, "h5_index": 0, "mag_id": "2974781667", "num_publications": 1, "num_citations": 21, "num_publications_5y": 0, "num_citations_5y": 3, "num_publications_10y": 0, "num_citations_10y": 21, "publications_years": {"2008": 1}, "citations_years": {"2009": 2, "2010": 7, "2011": 5, "2012": 2, "2013": 2, "2014": 1, "2015": 0, "2016": 1, "2017": 1}, "old_citations": {"2008": 21}, "isVisible": false}, "2974782771": {"name": "j unpingco", "type": "author", "activity": 1, "h_index": 0, "h5_index": 0, "mag_id": "2974782771", "num_publications": 1, "num_citations": 0, "num_publications_5y": 0, "num_citations_5y": 0, "num_publications_10y": 0, "num_citations_10y": 0, "publications_years": {"2008": 1}, "citations_years": {}, "old_citations": {"2008": 0}, "isVisible": false}, "2974837728": {"name": "ling wang", "type": "author", "activity": 1, "h_index": 0, "h5_index": 0, "mag_id": "2974837728", "num_publications": 1, "num_citations": 0, "num_publications_5y": 0, "num_citations_5y": 0, "num_publications_10y": 0, "num_citations_10y": 0, "publications_years": {"2008": 1}, "citations_years": {}, "old_citations": {"2008": 0}, "isVisible": false}, "2974901170": {"name": "t lund", "type": "author", "activity": 1, "h_index": 0, "h5_index": 0, "mag_id": "2974901170", "num_publications": 1, "num_citations": 0, "num_publications_5y": 0, "num_citations_5y": 0, "num_publications_10y": 0, "num_citations_10y": 0, "publications_years": {"2008": 1}, "citations_years": {}, "old_citations": {"2008": 0}, "isVisible": false}, "2985242059": {"name": "s shende", "type": "author", "activity": 1, "h_index": 1, "h5_index": 0, "mag_id": "2985242059", "num_publications": 1, "num_citations": 9, "num_publications_5y": 0, "num_citations_5y": 0, "num_publications_10y": 0, "num_citations_10y": 8, "publications_years": {"2008": 1}, "citations_years": {"2008": 1, "2009": 1, "2010": 4, "2011": 3}, "old_citations": {"2008": 9}, "isVisible": false}, "2983603531": {"name": "g schrader", "type": "author", "activity": 1, "h_index": 1, "h5_index": 0, "mag_id": "2983603531", "num_publications": 1, "num_citations": 7, "num_publications_5y": 0, "num_citations_5y": 1, "num_publications_10y": 0, "num_citations_10y": 6, "publications_years": {"2008": 1}, "citations_years": {"2008": 1, "2009": 1, "2010": 0, "2011": 0, "2012": 4, "2013": 0, "2014": 0, "2015": 1}, "old_citations": {"2008": 7}, "isVisible": false}, "2983095156": {"name": "c b cameron", "type": "author", "activity": 1, "h_index": 1, "h5_index": 0, "mag_id": "2983095156", "num_publications": 1, "num_citations": 3, "num_publications_5y": 0, "num_citations_5y": 0, "num_publications_10y": 0, "num_citations_10y": 3, "publications_years": {"2008": 1}, "citations_years": {"2009": 1, "2010": 2}, "old_citations": {"2008": 3}, "isVisible": false}, "2983337367": {"name": "t billingsley", "type": "author", "activity": 1, "h_index": 1, "h5_index": 0, "mag_id": "2983337367", "num_publications": 1, "num_citations": 3, "num_publications_5y": 0, "num_citations_5y": 1, "num_publications_10y": 0, "num_citations_10y": 3, "publications_years": {"2004": 1}, "citations_years": {"2009": 2, "2010": 0, "2011": 0, "2012": 0, "2013": 0, "2014": 0, "2015": 0, "2016": 0, "2017": 0, "2018": 1}, "old_citations": {"2004": 3}, "isVisible": false}, "2983759571": {"name": "a a sarkady", "type": "author", "activity": 1, "h_index": 1, "h5_index": 0, "mag_id": "2983759571", "num_publications": 1, "num_citations": 3, "num_publications_5y": 0, "num_citations_5y": 0, "num_publications_10y": 0, "num_citations_10y": 3, "publications_years": {"2008": 1}, "citations_years": {"2009": 1, "2010": 2}, "old_citations": {"2008": 3}, "isVisible": false}, "2989112818": {"name": "a morris", "type": "author", "activity": 1, "h_index": 1, "h5_index": 0, "mag_id": "2989112818", "num_publications": 1, "num_citations": 3, "num_publications_5y": 0, "num_citations_5y": 0, "num_publications_10y": 0, "num_citations_10y": 2, "publications_years": {"2008": 1}, "citations_years": {"2008": 1, "2009": 0, "2010": 1, "2011": 1}, "old_citations": {"2008": 3}, "isVisible": false}, "2985712273": {"name": "c flynn", "type": "author", "activity": 1, "h_index": 1, "h5_index": 0, "mag_id": "2985712273", "num_publications": 1, "num_citations": 2, "num_publications_5y": 0, "num_citations_5y": 0, "num_publications_10y": 0, "num_citations_10y": 2, "publications_years": {"2008": 1}, "citations_years": {"2010": 1, "2011": 0, "2012": 1}, "old_citations": {"2008": 2}, "isVisible": false}, "2974912219": {"name": "v desai", "type": "author", "activity": 1, "h_index": 1, "h5_index": 0, "mag_id": "2974912219", "num_publications": 1, "num_citations": 1, "num_publications_5y": 0, "num_citations_5y": 1, "num_publications_10y": 0, "num_citations_10y": 1, "publications_years": {"2008": 1}, "citations_years": {"2014": 1}, "old_citations": {"2008": 1}, "isVisible": false}, "2984167186": {"name": "w anderson", "type": "author", "activity": 1, "h_index": 1, "h5_index": 0, "mag_id": "2984167186", "num_publications": 1, "num_citations": 1, "num_publications_5y": 0, "num_citations_5y": 1, "num_publications_10y": 0, "num_citations_10y": 1, "publications_years": {"2008": 1}, "citations_years": {"2015": 1}, "old_citations": {"2008": 1}, "isVisible": false}, "2984858643": {"name": "chenggang yu", "type": "author", "activity": 1, "h_index": 1, "h5_index": 0, "mag_id": "2984858643", "num_publications": 1, "num_citations": 1, "num_publications_5y": 0, "num_citations_5y": 1, "num_publications_10y": 0, "num_citations_10y": 1, "publications_years": {"2008": 1}, "citations_years": {"2014": 1}, "old_citations": {"2008": 1}, "isVisible": false}, "2985592995": {"name": "j reifman", "type": "author", "activity": 1, "h_index": 1, "h5_index": 0, "mag_id": "2985592995", "num_publications": 1, "num_citations": 1, "num_publications_5y": 0, "num_citations_5y": 1, "num_publications_10y": 0, "num_citations_10y": 1, "publications_years": {"2008": 1}, "citations_years": {"2014": 1}, "old_citations": {"2008": 1}, "isVisible": false}, "2986277363": {"name": "d l smith", "type": "author", "activity": 1, "h_index": 1, "h5_index": 0, "mag_id": "2986277363", "num_publications": 1, "num_citations": 1, "num_publications_5y": 0, "num_citations_5y": 0, "num_publications_10y": 0, "num_citations_10y": 1, "publications_years": {"2008": 1}, "citations_years": {"2012": 1}, "old_citations": {"2008": 1}, "isVisible": false}, "2988625070": {"name": "j b allen", "type": "author", "activity": 1, "h_index": 1, "h5_index": 0, "mag_id": "2988625070", "num_publications": 1, "num_citations": 1, "num_publications_5y": 0, "num_citations_5y": 0, "num_publications_10y": 0, "num_citations_10y": 1, "publications_years": {"2008": 1}, "citations_years": {"2012": 1}, "old_citations": {"2008": 1}, "isVisible": false}}, "countries": {"United States": {"name": "United States", "type": "country", "h5_index": 308, "num_publications": 29, "num_citations": 104, "num_publications_5y": 0, "num_citations_5y": 16, "num_publications_10y": 0, "num_citations_10y": 96, "publications_years": {"2008": 28, "2004": 1}, "citations_years": {"2012": 17, "2013": 4, "2008": 7, "2009": 20, "2010": 25, "2011": 14, "2014": 4, "2015": 4, "2016": 4, "2017": 2, "2018": 2, "2019": 1}, "old_citations": {"2008": 101, "2004": 3}, "isVisible": false}, "Sweden": {"name": "Sweden", "type": "country", "h5_index": 82, "num_publications": 1, "num_citations": 2, "num_publications_5y": 0, "num_citations_5y": 0, "num_publications_10y": 0, "num_citations_10y": 2, "publications_years": {"2008": 1}, "citations_years": {"2009": 1, "2010": 1}, "old_citations": {"2008": 2}, "isVisible": false}}}, "conference_comparison": {"computer science": {}}, "topics_dna": {"publications": {}, "citations": {"normalized": {}, "average": {}}}, "info": {"num_publications": 36, "num_citations": 109.0, "impact_factor": {"2006": 0.0, "2007": 0, "2008": 0}, "publications_years": {"2008": 35, "2004": 1}, "citations_years": {"2008": 7, "2009": 22, "2010": 26, "2011": 14, "2012": 17, "2013": 5, "2014": 5, "2015": 4, "2016": 4, "2017": 2, "2018": 2, "2019": 1}, "old_citations": {"2008": 106, "2004": 3}, "h5_index": 0}, "percentile": {"computer science": {"2008": 66, "2004": 76}}, "conference_ranking": {"computer science": {"2008": 1444, "2004": 1009}}, "academia": {"num_publications": 10, "num_citations": 41, "publications_years": {"2008": 10}, "old_citations": {"2008": 41}, "num_publications_5y": 0, "num_citations_5y": 0, "num_publications_10y": 0, "num_citations_10y": 0}, "industry": {"num_publications": 0, "num_citations": 0, "publications_years": {}, "old_citations": {}, "num_publications_5y": 0, "num_citations_5y": 0, "num_publications_10y": 0, "num_citations_10y": 0}, "collaborative": {"num_publications": 0, "num_citations": 0, "publications_years": {}, "old_citations": {}, "num_publications_5y": 0, "num_citations_5y": 0, "num_publications_10y": 0, "num_citations_10y": 0}, "conferences": {}, "journals": {}, "organizations": {"publication_overall": ["United States Air Force Research Laboratory", "Massachusetts Institute of Technology", "Arizona State University", "United States Army Research Laboratory", "Office of the Secretary of Defense", "United States Air Force Academy", "United States Naval Research Laboratory", "University of Tennessee at Knoxville", "Ames Research Center", "Binghamton University", "California Polytechnic State University", "Carnegie Mellon University", "Mississippi State University", "Pennsylvania State University", "SUNY Polytechnic Institute", "State University of New York", "Swedish Defence Research Agency", "United States Army Corps of Engineers", "United States Naval Academy"], "citation_overall": ["University of Tennessee at Knoxville", "Massachusetts Institute of Technology", "United States Air Force Research Laboratory", "United States Army Research Laboratory", "Ames Research Center", "Arizona State University", "United States Air Force Academy", "California Polytechnic State University", "Office of the Secretary of Defense", "Pennsylvania State University", "United States Naval Academy", "Binghamton University", "SUNY Polytechnic Institute", "State University of New York", "Swedish Defence Research Agency", "United States Army Corps of Engineers", "United States Naval Research Laboratory", "Carnegie Mellon University", "Mississippi State University"], "publication_10_years": [], "citation_10_years": [], "publication_5_years": [], "citation_5_years": []}, "countries": {"publication_overall": ["United States", "Sweden"], "citation_overall": ["United States", "Sweden"], "publication_10_years": [], "citation_10_years": [], "publication_5_years": [], "citation_5_years": []}, "topics": {"publication_overall": ["computer science", "computer systems", "computer hardware", "distributed computer systems", "distributed systems", "parallel processing systems", "parallel architectures", "microprocessor chips", "program processors", "mathematics", "parallel algorithms", "computer programming", "computer networks", "computer programming languages", "engineering", "software", "parallel programming", "signal processing", "hpc", "telecommunication systems"], "citation_overall": ["computer science", "computer systems", "computer hardware", "distributed computer systems", "distributed systems", "parallel processing systems", "parallel architectures", "microprocessor chips", "program processors", "parallel algorithms", "mathematics", "computer programming", "computer programming languages", "parallel programming", "multi core", "embedded systems", "hpc", "field programmable gate arrays (fpga)", "fpgas", "reconfigurable architectures"], "publication_10_years": [], "citation_10_years": [], "publication_5_years": [], "citation_5_years": []}, "main_topics": ["computer science"], "authors": {"publication_overall": ["387790867", "2136544356", "2163465178", "297944661", "1142359320", "1984681428", "1999787624", "2115453865", "2133226851", "2226877556", "2658948918", "288512535", "402602253", "411324294", "413578817", "1151497841", "1224178022", "1228353559", "1243477443", "1438265318", "1715058840", "1976620213", "1976654137", "1990919272", "2002968053", "2027326930", "2075327668", "2079969273", "2104769146", "2118407196", "2121458375", "2122301014", "2125264007", "2130703471", "2132440911", "2133633478", "2133644482", "2134683116", "2136907378", "2138335368", "2138866970", "2143063412", "2149044134", "2153165853", "2154070419", "2159697824", "2160606975", "2161329119", "2163427928", "2164600836", "2164716478", "2176533867", "2200317390", "2213916464", "2223079961", "2268771539", "2282143742", "2283820408", "2303058444", "2308968306", "2310390520", "2386929568", "2405478750", "2409514355", "2429615514", "2429757263", "2431076346", "2438117582", "2438313438", "2470134017", "2480805374", "2482028935", "2608559746", "2610910191", "2651379657", "2659839887", "2663125483", "2754120378", "2889673374", "2889785921", "2890827241", "2890896582", "2890934108", "2891159075", "2973319788", "2973454023", "2973463736", "2973660086", "2973739674", "2973966800", "2974042682", "2974159642", "2974303488", "2974328827", "2974515704", "2974695564", "2974781667", "2974782771", "2974837728", "2974901170"], "citation_overall": ["2136544356", "288512535", "411324294", "2132440911", "2134683116", "2890896582", "2974781667", "2115453865", "2658948918", "1999787624", "2027326930", "2136907378", "2138866970", "2164600836", "2482028935", "2163465178", "1142359320", "1228353559", "2438313438", "2973739674", "2985242059", "2983603531", "387790867", "1984681428", "1224178022", "1976620213", "2079969273", "2121458375", "2122301014", "2133226851", "2153165853", "2154070419", "2159697824", "2163427928", "2164716478", "2176533867", "2310390520", "2438117582", "2470134017", "2659839887", "2889785921", "2973454023", "2983095156", "2983337367", "2983759571", "2989112818", "297944661", "1151497841", "1990919272", "2133633478", "2133644482", "2200317390", "2226877556", "2282143742", "2283820408", "2386929568", "2608559746", "2651379657", "2754120378", "2973319788", "2973463736", "2974042682", "2974303488", "2974328827", "2974515704", "2974695564", "2985712273", "413578817", "1243477443", "1438265318", "1715058840", "1976654137", "2002968053", "2104769146", "2118407196", "2130703471", "2213916464", "2268771539", "2308968306", "2429615514", "2480805374", "2610910191", "2890934108", "2974912219", "2984167186", "2984858643", "2985592995", "2986277363", "2988625070", "402602253", "2075327668", "2125264007", "2138335368", "2143063412", "2149044134", "2160606975", "2161329119", "2223079961", "2303058444", "2405478750"], "publication_10_years": [], "citation_10_years": [], "publication_5_years": [], "citation_5_years": []}, "industrial_sectors": {"publication_overall": [], "citation_overall": [], "publication_10_years": [], "citation_10_years": [], "publication_5_years": [], "citation_5_years": []}}