{"name": "National Postgraduate Conference", "acronym": "NPC", "type": "conference", "uniqueEntities": {"organizations": {"Universiti Teknologi Petronas": {"name": "Universiti Teknologi Petronas", "type": "organization", "organization_type": "Education", "h_index": 31, "h5_index": 17, "num_publications": 29, "num_citations": 132, "num_publications_5y": 0, "num_citations_5y": 88, "num_publications_10y": 29, "num_citations_10y": 122, "publications_years": {"2011": 29}, "citations_years": {"2014": 21, "2015": 24, "2017": 16, "2016": 17, "2012": 13, "2013": 20, "2018": 10, "2019": 6, "2020": 4, "2011": 1}, "old_citations": {"2011": 132}, "isVisible": false}, "COMSATS University Islamabad": {"name": "COMSATS University Islamabad", "type": "organization", "organization_type": "Education", "h_index": 51, "h5_index": 36, "num_publications": 1, "num_citations": 4, "num_publications_5y": 0, "num_citations_5y": 3, "num_publications_10y": 1, "num_citations_10y": 4, "publications_years": {"2011": 1}, "citations_years": {"2012": 1, "2013": 0, "2014": 1, "2015": 0, "2016": 0, "2017": 0, "2018": 2}, "old_citations": {"2011": 4}, "isVisible": false}, "International Islamic University Malaysia": {"name": "International Islamic University Malaysia", "type": "organization", "organization_type": "Education", "h_index": 34, "h5_index": 12, "num_publications": 1, "num_citations": 1, "num_publications_5y": 0, "num_citations_5y": 1, "num_publications_10y": 1, "num_citations_10y": 1, "publications_years": {"2011": 1}, "citations_years": {"2014": 1}, "old_citations": {"2011": 1}, "isVisible": false}, "MIMOS (Malaysia)": {"name": "MIMOS (Malaysia)", "type": "organization", "organization_type": "Company", "h_index": 18, "h5_index": 7, "num_publications": 1, "num_citations": 12, "num_publications_5y": 0, "num_citations_5y": 7, "num_publications_10y": 1, "num_citations_10y": 10, "publications_years": {"2011": 1}, "citations_years": {"2012": 2, "2013": 1, "2014": 2, "2015": 3, "2016": 1, "2017": 1, "2018": 0, "2019": 1, "2020": 1}, "old_citations": {"2011": 12}, "isVisible": false}, "Universiti Malaysia Perlis": {"name": "Universiti Malaysia Perlis", "type": "organization", "organization_type": "Education", "h_index": 29, "h5_index": 10, "num_publications": 1, "num_citations": 0, "num_publications_5y": 0, "num_citations_5y": 0, "num_publications_10y": 1, "num_citations_10y": 0, "publications_years": {"2011": 1}, "citations_years": {}, "old_citations": {"2011": 0}, "isVisible": false}, "University of Karachi": {"name": "University of Karachi", "type": "organization", "organization_type": "Education", "h_index": 10, "h5_index": 4, "num_publications": 1, "num_citations": 11, "num_publications_5y": 0, "num_citations_5y": 9, "num_publications_10y": 1, "num_citations_10y": 11, "publications_years": {"2011": 1}, "citations_years": {"2012": 1, "2013": 1, "2014": 1, "2015": 3, "2016": 3, "2017": 1, "2018": 1}, "old_citations": {"2011": 11}, "isVisible": false}, "University of Technology Malaysia": {"name": "University of Technology Malaysia", "type": "organization", "organization_type": "Education", "h_index": 61, "h5_index": 33, "num_publications": 1, "num_citations": 1, "num_publications_5y": 0, "num_citations_5y": 1, "num_publications_10y": 1, "num_citations_10y": 1, "publications_years": {"2011": 1}, "citations_years": {"2014": 1}, "old_citations": {"2011": 1}, "isVisible": false}}, "topics": {"computer science": {"name": "computer science", "type": "topic", "h_index": 1779, "h5_index": 416, "num_publications": 37, "num_citations": 146, "num_publications_5y": 0, "num_citations_5y": 96, "num_publications_10y": 36, "num_citations_10y": 136, "publications_years": {"2011": 36, "2004": 1}, "citations_years": {"2014": 23, "2015": 27, "2012": 15, "2013": 23, "2016": 20, "2017": 16, "2018": 10, "2019": 6, "2020": 4, "2011": 2}, "old_citations": {"2011": 146, "2004": 0}, "isVisible": false}, "computer systems": {"name": "computer systems", "type": "topic", "h_index": 1595, "h5_index": 367, "num_publications": 30, "num_citations": 109, "num_publications_5y": 0, "num_citations_5y": 72, "num_publications_10y": 29, "num_citations_10y": 101, "publications_years": {"2011": 29, "2004": 1}, "citations_years": {"2014": 20, "2015": 20, "2017": 10, "2016": 15, "2012": 12, "2013": 15, "2018": 7, "2019": 5, "2020": 3, "2011": 2}, "old_citations": {"2011": 109, "2004": 0}, "isVisible": false}, "artificial intelligence": {"name": "artificial intelligence", "type": "topic", "h_index": 1421, "h5_index": 373, "num_publications": 19, "num_citations": 90, "num_publications_5y": 0, "num_citations_5y": 57, "num_publications_10y": 19, "num_citations_10y": 83, "publications_years": {"2011": 19}, "citations_years": {"2014": 13, "2015": 15, "2012": 7, "2013": 17, "2016": 13, "2017": 9, "2018": 7, "2019": 4, "2011": 2, "2020": 3}, "old_citations": {"2011": 90}, "isVisible": false}, "computer networks": {"name": "computer networks", "type": "topic", "h_index": 1262, "h5_index": 332, "num_publications": 17, "num_citations": 76, "num_publications_5y": 0, "num_citations_5y": 50, "num_publications_10y": 17, "num_citations_10y": 72, "publications_years": {"2011": 17}, "citations_years": {"2014": 11, "2015": 17, "2016": 8, "2017": 9, "2012": 12, "2013": 9, "2018": 5, "2019": 3, "2020": 1, "2011": 1}, "old_citations": {"2011": 76}, "isVisible": false}, "computer hardware": {"name": "computer hardware", "type": "topic", "h_index": 1150, "h5_index": 279, "num_publications": 14, "num_citations": 60, "num_publications_5y": 0, "num_citations_5y": 41, "num_publications_10y": 14, "num_citations_10y": 57, "publications_years": {"2011": 14}, "citations_years": {"2014": 8, "2015": 12, "2016": 9, "2017": 10, "2012": 7, "2013": 8, "2018": 2, "2019": 2, "2020": 1, "2011": 1}, "old_citations": {"2011": 60}, "isVisible": false}, "telecommunication systems": {"name": "telecommunication systems", "type": "topic", "h_index": 1187, "h5_index": 277, "num_publications": 14, "num_citations": 59, "num_publications_5y": 0, "num_citations_5y": 38, "num_publications_10y": 14, "num_citations_10y": 55, "publications_years": {"2011": 14}, "citations_years": {"2014": 9, "2015": 13, "2016": 7, "2012": 8, "2013": 8, "2017": 6, "2018": 3, "2019": 3, "2020": 1, "2011": 1}, "old_citations": {"2011": 59}, "isVisible": false}, "telecommunication networks": {"name": "telecommunication networks", "type": "topic", "h_index": 1116, "h5_index": 258, "num_publications": 13, "num_citations": 57, "num_publications_5y": 0, "num_citations_5y": 36, "num_publications_10y": 13, "num_citations_10y": 53, "publications_years": {"2011": 13}, "citations_years": {"2016": 7, "2012": 8, "2013": 8, "2014": 8, "2015": 12, "2017": 6, "2018": 3, "2019": 3, "2020": 1, "2011": 1}, "old_citations": {"2011": 57}, "isVisible": false}, "internet": {"name": "internet", "type": "topic", "h_index": 1102, "h5_index": 245, "num_publications": 12, "num_citations": 65, "num_publications_5y": 0, "num_citations_5y": 40, "num_publications_10y": 12, "num_citations_10y": 61, "publications_years": {"2011": 12}, "citations_years": {"2014": 11, "2015": 11, "2017": 5, "2012": 7, "2013": 13, "2016": 9, "2018": 4, "2019": 2, "2020": 2, "2011": 1}, "old_citations": {"2011": 65}, "isVisible": false}, "machine learning": {"name": "machine learning", "type": "topic", "h_index": 1123, "h5_index": 351, "num_publications": 12, "num_citations": 70, "num_publications_5y": 0, "num_citations_5y": 45, "num_publications_10y": 12, "num_citations_10y": 64, "publications_years": {"2011": 12}, "citations_years": {"2014": 12, "2015": 12, "2012": 7, "2013": 11, "2016": 12, "2017": 4, "2018": 5, "2019": 3, "2020": 3, "2011": 1}, "old_citations": {"2011": 70}, "isVisible": false}, "sensors": {"name": "sensors", "type": "topic", "h_index": 960, "h5_index": 229, "num_publications": 12, "num_citations": 54, "num_publications_5y": 0, "num_citations_5y": 36, "num_publications_10y": 12, "num_citations_10y": 51, "publications_years": {"2011": 12}, "citations_years": {"2014": 7, "2015": 10, "2016": 8, "2012": 6, "2013": 8, "2017": 9, "2018": 2, "2019": 2, "2020": 1, "2011": 1}, "old_citations": {"2011": 54}, "isVisible": false}, "software engineering": {"name": "software engineering", "type": "topic", "h_index": 964, "h5_index": 236, "num_publications": 12, "num_citations": 33, "num_publications_5y": 0, "num_citations_5y": 20, "num_publications_10y": 12, "num_citations_10y": 32, "publications_years": {"2011": 12}, "citations_years": {"2017": 3, "2014": 6, "2015": 5, "2016": 3, "2013": 5, "2011": 2, "2012": 5, "2018": 3, "2019": 1}, "old_citations": {"2011": 33}, "isVisible": false}, "communication systems": {"name": "communication systems", "type": "topic", "h_index": 1092, "h5_index": 254, "num_publications": 11, "num_citations": 47, "num_publications_5y": 0, "num_citations_5y": 28, "num_publications_10y": 11, "num_citations_10y": 43, "publications_years": {"2011": 11}, "citations_years": {"2014": 7, "2015": 10, "2016": 4, "2012": 8, "2013": 6, "2017": 4, "2018": 3, "2019": 3, "2020": 1, "2011": 1}, "old_citations": {"2011": 47}, "isVisible": false}, "engineering": {"name": "engineering", "type": "topic", "h_index": 1177, "h5_index": 287, "num_publications": 11, "num_citations": 38, "num_publications_5y": 0, "num_citations_5y": 24, "num_publications_10y": 11, "num_citations_10y": 34, "publications_years": {"2011": 11}, "citations_years": {"2014": 4, "2015": 9, "2012": 4, "2013": 6, "2016": 3, "2017": 7, "2018": 1, "2019": 3, "2020": 1}, "old_citations": {"2011": 38}, "isVisible": false}, "telecommunication traffic": {"name": "telecommunication traffic", "type": "topic", "h_index": 1036, "h5_index": 233, "num_publications": 11, "num_citations": 44, "num_publications_5y": 0, "num_citations_5y": 30, "num_publications_10y": 11, "num_citations_10y": 40, "publications_years": {"2011": 11}, "citations_years": {"2016": 7, "2012": 4, "2013": 6, "2014": 5, "2015": 11, "2017": 6, "2018": 1, "2019": 3, "2020": 1}, "old_citations": {"2011": 44}, "isVisible": false}, "wireless telecommunication systems": {"name": "wireless telecommunication systems", "type": "topic", "h_index": 1087, "h5_index": 254, "num_publications": 11, "num_citations": 47, "num_publications_5y": 0, "num_citations_5y": 28, "num_publications_10y": 11, "num_citations_10y": 43, "publications_years": {"2011": 11}, "citations_years": {"2014": 7, "2015": 10, "2016": 4, "2012": 8, "2013": 6, "2017": 4, "2018": 3, "2019": 3, "2020": 1, "2011": 1}, "old_citations": {"2011": 47}, "isVisible": false}, "computer imaging and vision": {"name": "computer imaging and vision", "type": "topic", "h_index": 1142, "h5_index": 334, "num_publications": 10, "num_citations": 36, "num_publications_5y": 0, "num_citations_5y": 22, "num_publications_10y": 10, "num_citations_10y": 34, "publications_years": {"2011": 10}, "citations_years": {"2014": 7, "2015": 7, "2012": 5, "2013": 6, "2016": 4, "2017": 2, "2018": 2, "2019": 1, "2020": 1, "2011": 1}, "old_citations": {"2011": 36}, "isVisible": false}, "image processing": {"name": "image processing", "type": "topic", "h_index": 1113, "h5_index": 328, "num_publications": 10, "num_citations": 36, "num_publications_5y": 0, "num_citations_5y": 22, "num_publications_10y": 10, "num_citations_10y": 34, "publications_years": {"2011": 10}, "citations_years": {"2014": 7, "2015": 7, "2012": 5, "2013": 6, "2016": 4, "2017": 2, "2018": 2, "2019": 1, "2020": 1, "2011": 1}, "old_citations": {"2011": 36}, "isVisible": false}, "mathematics": {"name": "mathematics", "type": "topic", "h_index": 1364, "h5_index": 300, "num_publications": 10, "num_citations": 35, "num_publications_5y": 0, "num_citations_5y": 23, "num_publications_10y": 10, "num_citations_10y": 34, "publications_years": {"2011": 10}, "citations_years": {"2014": 7, "2015": 8, "2012": 5, "2013": 5, "2016": 4, "2017": 2, "2018": 2, "2019": 1, "2011": 1}, "old_citations": {"2011": 35}, "isVisible": false}, "software architecture": {"name": "software architecture", "type": "topic", "h_index": 821, "h5_index": 210, "num_publications": 10, "num_citations": 24, "num_publications_5y": 0, "num_citations_5y": 12, "num_publications_10y": 10, "num_citations_10y": 23, "publications_years": {"2011": 10}, "citations_years": {"2017": 2, "2013": 5, "2011": 2, "2012": 4, "2014": 4, "2015": 3, "2016": 2, "2018": 1, "2019": 1}, "old_citations": {"2011": 24}, "isVisible": false}, "software design": {"name": "software design", "type": "topic", "h_index": 907, "h5_index": 227, "num_publications": 10, "num_citations": 24, "num_publications_5y": 0, "num_citations_5y": 12, "num_publications_10y": 10, "num_citations_10y": 23, "publications_years": {"2011": 10}, "citations_years": {"2017": 2, "2013": 5, "2011": 2, "2012": 4, "2014": 4, "2015": 3, "2016": 2, "2018": 1, "2019": 1}, "old_citations": {"2011": 24}, "isVisible": false}, "data communication systems": {"name": "data communication systems", "type": "topic", "h_index": 1013, "h5_index": 234, "num_publications": 9, "num_citations": 42, "num_publications_5y": 0, "num_citations_5y": 23, "num_publications_10y": 9, "num_citations_10y": 39, "publications_years": {"2011": 9}, "citations_years": {"2012": 9, "2016": 4, "2013": 6, "2014": 6, "2015": 7, "2017": 3, "2018": 3, "2019": 2, "2020": 1, "2011": 1}, "old_citations": {"2011": 42}, "isVisible": false}, "database systems": {"name": "database systems", "type": "topic", "h_index": 1167, "h5_index": 276, "num_publications": 8, "num_citations": 41, "num_publications_5y": 0, "num_citations_5y": 24, "num_publications_10y": 8, "num_citations_10y": 37, "publications_years": {"2011": 8}, "citations_years": {"2017": 2, "2012": 6, "2013": 6, "2014": 8, "2015": 5, "2016": 7, "2018": 2, "2019": 2, "2020": 2, "2011": 1}, "old_citations": {"2011": 41}, "isVisible": false}, "internet protocols": {"name": "internet protocols", "type": "topic", "h_index": 808, "h5_index": 165, "num_publications": 7, "num_citations": 37, "num_publications_5y": 0, "num_citations_5y": 25, "num_publications_10y": 7, "num_citations_10y": 34, "publications_years": {"2011": 7}, "citations_years": {"2016": 6, "2012": 3, "2013": 6, "2014": 5, "2015": 8, "2017": 5, "2018": 1, "2019": 2, "2020": 1}, "old_citations": {"2011": 37}, "isVisible": false}, "computer security": {"name": "computer security", "type": "topic", "h_index": 977, "h5_index": 220, "num_publications": 7, "num_citations": 36, "num_publications_5y": 0, "num_citations_5y": 22, "num_publications_10y": 7, "num_citations_10y": 33, "publications_years": {"2011": 7}, "citations_years": {"2012": 5, "2013": 6, "2014": 4, "2015": 8, "2016": 5, "2017": 3, "2018": 2, "2019": 1, "2020": 2}, "old_citations": {"2011": 36}, "isVisible": false}}, "authors": {"2240436336": {"name": "vijanth s asirvadam", "type": "author", "activity": 18, "h_index": 9, "h5_index": 3, "mag_id": "2240436336", "num_publications": 4, "num_citations": 8, "num_publications_5y": 0, "num_citations_5y": 6, "num_publications_10y": 4, "num_citations_10y": 8, "publications_years": {"2011": 4}, "citations_years": {"2014": 1, "2015": 3, "2016": 1, "2017": 1, "2012": 2, "2013": 0}, "old_citations": {"2011": 8}, "isVisible": false}, "2108474495": {"name": "abas md said", "type": "author", "activity": 18, "h_index": 9, "h5_index": 3, "mag_id": "2108474495", "num_publications": 3, "num_citations": 7, "num_publications_5y": 0, "num_citations_5y": 4, "num_publications_10y": 3, "num_citations_10y": 6, "publications_years": {"2011": 3}, "citations_years": {"2016": 1, "2013": 1, "2014": 1, "2015": 0, "2017": 0, "2018": 2, "2019": 0, "2020": 1, "2012": 1}, "old_citations": {"2011": 7}, "isVisible": false}, "2111304482": {"name": "aamir saeed malik", "type": "author", "activity": 21, "h_index": 17, "h5_index": 10, "mag_id": "2111304482", "num_publications": 3, "num_citations": 15, "num_publications_5y": 0, "num_citations_5y": 10, "num_publications_10y": 3, "num_citations_10y": 15, "publications_years": {"2011": 3}, "citations_years": {"2014": 1, "2015": 4, "2012": 1, "2013": 4, "2016": 2, "2017": 3}, "old_citations": {"2011": 15}, "isVisible": false}, "2138236163": {"name": "mohd fadzil hassan", "type": "author", "activity": 12, "h_index": 10, "h5_index": 3, "mag_id": "2138236163", "num_publications": 3, "num_citations": 3, "num_publications_5y": 0, "num_citations_5y": 1, "num_publications_10y": 3, "num_citations_10y": 3, "publications_years": {"2011": 3}, "citations_years": {"2013": 1, "2012": 1, "2014": 0, "2015": 1}, "old_citations": {"2011": 3}, "isVisible": false}, "2169940730": {"name": "wan fatimah wan ahmad", "type": "author", "activity": 12, "h_index": 10, "h5_index": 2, "mag_id": "2169940730", "num_publications": 3, "num_citations": 14, "num_publications_5y": 0, "num_citations_5y": 10, "num_publications_10y": 3, "num_citations_10y": 14, "publications_years": {"2011": 3}, "citations_years": {"2013": 4, "2014": 2, "2015": 3, "2016": 2, "2017": 2, "2018": 1}, "old_citations": {"2011": 14}, "isVisible": false}, "2045746792": {"name": "baharum baharudin", "type": "author", "activity": 12, "h_index": 11, "h5_index": 1, "mag_id": "2045746792", "num_publications": 2, "num_citations": 26, "num_publications_5y": 0, "num_citations_5y": 17, "num_publications_10y": 2, "num_citations_10y": 22, "publications_years": {"2011": 2}, "citations_years": {"2014": 5, "2015": 3, "2016": 6, "2012": 1, "2013": 4, "2017": 1, "2018": 2, "2019": 2, "2020": 2}, "old_citations": {"2011": 26}, "isVisible": false}, "2106257235": {"name": "dayang rohaya awang rambli", "type": "author", "activity": 19, "h_index": 9, "h5_index": 2, "mag_id": "2106257235", "num_publications": 2, "num_citations": 0, "num_publications_5y": 0, "num_citations_5y": 0, "num_publications_10y": 2, "num_citations_10y": 0, "publications_years": {"2011": 2}, "citations_years": {}, "old_citations": {"2011": 0}, "isVisible": false}, "2117023062": {"name": "suziah sulaiman", "type": "author", "activity": 19, "h_index": 11, "h5_index": 1, "mag_id": "2117023062", "num_publications": 2, "num_citations": 4, "num_publications_5y": 0, "num_citations_5y": 3, "num_publications_10y": 2, "num_citations_10y": 4, "publications_years": {"2011": 2}, "citations_years": {"2012": 1, "2013": 0, "2014": 1, "2015": 0, "2016": 0, "2017": 0, "2018": 2}, "old_citations": {"2011": 4}, "isVisible": false}, "2129239913": {"name": "azween abdullah", "type": "author", "activity": 14, "h_index": 15, "h5_index": 3, "mag_id": "2129239913", "num_publications": 2, "num_citations": 7, "num_publications_5y": 0, "num_citations_5y": 5, "num_publications_10y": 2, "num_citations_10y": 6, "publications_years": {"2011": 2}, "citations_years": {"2013": 1, "2014": 1, "2015": 1, "2016": 0, "2017": 1, "2018": 2, "2019": 1}, "old_citations": {"2011": 7}, "isVisible": false}, "2131754675": {"name": "mahamat issa hassan", "type": "author", "activity": 7, "h_index": 4, "h5_index": 0, "mag_id": "2131754675", "num_publications": 2, "num_citations": 16, "num_publications_5y": 0, "num_citations_5y": 8, "num_publications_10y": 2, "num_citations_10y": 15, "publications_years": {"2011": 2}, "citations_years": {"2013": 3, "2014": 3, "2015": 2, "2016": 0, "2017": 1, "2018": 2, "2019": 1, "2011": 1, "2012": 3}, "old_citations": {"2011": 16}, "isVisible": false}, "2160071840": {"name": "jafreezal jaafar", "type": "author", "activity": 14, "h_index": 10, "h5_index": 3, "mag_id": "2160071840", "num_publications": 2, "num_citations": 12, "num_publications_5y": 0, "num_citations_5y": 10, "num_publications_10y": 2, "num_citations_10y": 12, "publications_years": {"2011": 2}, "citations_years": {"2017": 2, "2012": 1, "2013": 1, "2014": 1, "2015": 3, "2016": 3, "2018": 1}, "old_citations": {"2011": 12}, "isVisible": false}, "169590593": {"name": "irshad ahmed sumra", "type": "author", "activity": 6, "h_index": 6, "h5_index": 0, "mag_id": "169590593", "num_publications": 1, "num_citations": 12, "num_publications_5y": 0, "num_citations_5y": 7, "num_publications_10y": 1, "num_citations_10y": 10, "publications_years": {"2011": 1}, "citations_years": {"2012": 2, "2013": 1, "2014": 2, "2015": 3, "2016": 1, "2017": 1, "2018": 0, "2019": 1, "2020": 1}, "old_citations": {"2011": 12}, "isVisible": false}, "196532249": {"name": "huzaifa tawfeig", "type": "author", "activity": 1, "h_index": 1, "h5_index": 0, "mag_id": "196532249", "num_publications": 1, "num_citations": 1, "num_publications_5y": 0, "num_citations_5y": 0, "num_publications_10y": 1, "num_citations_10y": 1, "publications_years": {"2011": 1}, "citations_years": {"2012": 1}, "old_citations": {"2011": 1}, "isVisible": false}, "626566403": {"name": "abiodun musa aibinu", "type": "author", "activity": 13, "h_index": 9, "h5_index": 4, "mag_id": "626566403", "num_publications": 1, "num_citations": 1, "num_publications_5y": 0, "num_citations_5y": 1, "num_publications_10y": 1, "num_citations_10y": 1, "publications_years": {"2011": 1}, "citations_years": {"2014": 1}, "old_citations": {"2011": 1}, "isVisible": false}, "685851533": {"name": "hamada r h alabsi", "type": "author", "activity": 10, "h_index": 4, "h5_index": 1, "mag_id": "685851533", "num_publications": 1, "num_citations": 7, "num_publications_5y": 0, "num_citations_5y": 5, "num_publications_10y": 1, "num_citations_10y": 6, "publications_years": {"2011": 1}, "citations_years": {"2013": 1, "2014": 1, "2015": 1, "2016": 0, "2017": 1, "2018": 2, "2019": 1}, "old_citations": {"2011": 7}, "isVisible": false}, "705244612": {"name": "micheal drieberg", "type": "author", "activity": 17, "h_index": 8, "h5_index": 3, "mag_id": "705244612", "num_publications": 1, "num_citations": 6, "num_publications_5y": 0, "num_citations_5y": 3, "num_publications_10y": 1, "num_citations_10y": 6, "publications_years": {"2011": 1}, "citations_years": {"2012": 1, "2013": 2, "2014": 0, "2015": 1, "2016": 1, "2017": 1}, "old_citations": {"2011": 6}, "isVisible": false}, "1224106789": {"name": "kamaluddeen usman danyaro", "type": "author", "activity": 8, "h_index": 2, "h5_index": 0, "mag_id": "1224106789", "num_publications": 1, "num_citations": 1, "num_publications_5y": 0, "num_citations_5y": 1, "num_publications_10y": 1, "num_citations_10y": 1, "publications_years": {"2011": 1}, "citations_years": {"2017": 1}, "old_citations": {"2011": 1}, "isVisible": false}, "1737417990": {"name": "brahim belhaouari samir", "type": "author", "activity": 9, "h_index": 9, "h5_index": 2, "mag_id": "1737417990", "num_publications": 1, "num_citations": 7, "num_publications_5y": 0, "num_citations_5y": 5, "num_publications_10y": 1, "num_citations_10y": 6, "publications_years": {"2011": 1}, "citations_years": {"2013": 1, "2014": 1, "2015": 1, "2016": 1, "2017": 1, "2018": 1, "2019": 1}, "old_citations": {"2011": 7}, "isVisible": false}, "1961549145": {"name": "sazali yaacob", "type": "author", "activity": 19, "h_index": 9, "h5_index": 3, "mag_id": "1961549145", "num_publications": 1, "num_citations": 0, "num_publications_5y": 0, "num_citations_5y": 0, "num_publications_10y": 1, "num_citations_10y": 0, "publications_years": {"2011": 1}, "citations_years": {}, "old_citations": {"2011": 0}, "isVisible": false}, "1997212592": {"name": "sheikh tahir bakhsh", "type": "author", "activity": 10, "h_index": 8, "h5_index": 4, "mag_id": "1997212592", "num_publications": 1, "num_citations": 1, "num_publications_5y": 0, "num_citations_5y": 1, "num_publications_10y": 1, "num_citations_10y": 1, "publications_years": {"2011": 1}, "citations_years": {"2016": 1}, "old_citations": {"2011": 1}, "isVisible": false}, "2001047925": {"name": "jahanzeb anwer", "type": "author", "activity": 8, "h_index": 5, "h5_index": 1, "mag_id": "2001047925", "num_publications": 1, "num_citations": 5, "num_publications_5y": 0, "num_citations_5y": 5, "num_publications_10y": 1, "num_citations_10y": 5, "publications_years": {"2011": 1}, "citations_years": {"2014": 1, "2015": 2, "2016": 1, "2017": 1}, "old_citations": {"2011": 5}, "isVisible": false}, "2006396464": {"name": "rini akmeliawati", "type": "author", "activity": 21, "h_index": 9, "h5_index": 2, "mag_id": "2006396464", "num_publications": 1, "num_citations": 1, "num_publications_5y": 0, "num_citations_5y": 1, "num_publications_10y": 1, "num_citations_10y": 1, "publications_years": {"2011": 1}, "citations_years": {"2014": 1}, "old_citations": {"2011": 1}, "isVisible": false}, "2032397883": {"name": "alan oxley", "type": "author", "activity": 6, "h_index": 10, "h5_index": 0, "mag_id": "2032397883", "num_publications": 1, "num_citations": 3, "num_publications_5y": 0, "num_citations_5y": 2, "num_publications_10y": 1, "num_citations_10y": 3, "publications_years": {"2011": 1}, "citations_years": {"2012": 1, "2013": 0, "2014": 1, "2015": 1}, "old_citations": {"2011": 3}, "isVisible": false}, "2042122019": {"name": "p d d dominic", "type": "author", "activity": 11, "h_index": 9, "h5_index": 2, "mag_id": "2042122019", "num_publications": 1, "num_citations": 4, "num_publications_5y": 0, "num_citations_5y": 3, "num_publications_10y": 1, "num_citations_10y": 4, "publications_years": {"2011": 1}, "citations_years": {"2012": 1, "2013": 0, "2014": 1, "2015": 1, "2016": 0, "2017": 0, "2018": 1}, "old_citations": {"2011": 4}, "isVisible": false}, "2058466900": {"name": "raymond boon whee heng", "type": "author", "activity": 1, "h_index": 0, "h5_index": 0, "mag_id": "2058466900", "num_publications": 1, "num_citations": 0, "num_publications_5y": 0, "num_citations_5y": 0, "num_publications_10y": 1, "num_citations_10y": 0, "publications_years": {"2011": 1}, "citations_years": {}, "old_citations": {"2011": 0}, "isVisible": false}, "2058687707": {"name": "madzlan napiah", "type": "author", "activity": 7, "h_index": 4, "h5_index": 0, "mag_id": "2058687707", "num_publications": 1, "num_citations": 7, "num_publications_5y": 0, "num_citations_5y": 5, "num_publications_10y": 1, "num_citations_10y": 6, "publications_years": {"2011": 1}, "citations_years": {"2013": 1, "2014": 1, "2015": 1, "2016": 1, "2017": 1, "2018": 1, "2019": 1}, "old_citations": {"2011": 7}, "isVisible": false}, "2079791261": {"name": "mohd noh karsiti", "type": "author", "activity": 29, "h_index": 5, "h5_index": 2, "mag_id": "2079791261", "num_publications": 1, "num_citations": 7, "num_publications_5y": 0, "num_citations_5y": 5, "num_publications_10y": 1, "num_citations_10y": 6, "publications_years": {"2011": 1}, "citations_years": {"2013": 1, "2014": 1, "2015": 1, "2016": 1, "2017": 1, "2018": 1, "2019": 1}, "old_citations": {"2011": 7}, "isVisible": false}, "2084870659": {"name": "mai babiker adm", "type": "author", "activity": 2, "h_index": 2, "h5_index": 0, "mag_id": "2084870659", "num_publications": 1, "num_citations": 2, "num_publications_5y": 0, "num_citations_5y": 0, "num_publications_10y": 1, "num_citations_10y": 1, "publications_years": {"2011": 1}, "citations_years": {"2013": 1, "2014": 0, "2015": 0, "2016": 0, "2017": 0, "2018": 0, "2019": 0, "2020": 1}, "old_citations": {"2011": 2}, "isVisible": false}, "2098589936": {"name": "muhammad aman sheikh", "type": "author", "activity": 9, "h_index": 3, "h5_index": 2, "mag_id": "2098589936", "num_publications": 1, "num_citations": 6, "num_publications_5y": 0, "num_citations_5y": 3, "num_publications_10y": 1, "num_citations_10y": 6, "publications_years": {"2011": 1}, "citations_years": {"2012": 1, "2013": 2, "2014": 0, "2015": 1, "2016": 1, "2017": 1}, "old_citations": {"2011": 6}, "isVisible": false}, "2101184505": {"name": "abdul hanan abdullah", "type": "author", "activity": 27, "h_index": 19, "h5_index": 13, "mag_id": "2101184505", "num_publications": 1, "num_citations": 1, "num_publications_5y": 0, "num_citations_5y": 1, "num_publications_10y": 1, "num_citations_10y": 1, "publications_years": {"2011": 1}, "citations_years": {"2014": 1}, "old_citations": {"2011": 1}, "isVisible": false}, "2102955881": {"name": "noohul basheer zain ali", "type": "author", "activity": 17, "h_index": 7, "h5_index": 2, "mag_id": "2102955881", "num_publications": 1, "num_citations": 6, "num_publications_5y": 0, "num_citations_5y": 3, "num_publications_10y": 1, "num_citations_10y": 6, "publications_years": {"2011": 1}, "citations_years": {"2012": 1, "2013": 2, "2014": 0, "2015": 1, "2016": 1, "2017": 1}, "old_citations": {"2011": 6}, "isVisible": false}, "2102972425": {"name": "nor hisham hamid", "type": "author", "activity": 14, "h_index": 7, "h5_index": 3, "mag_id": "2102972425", "num_publications": 1, "num_citations": 5, "num_publications_5y": 0, "num_citations_5y": 5, "num_publications_10y": 1, "num_citations_10y": 5, "publications_years": {"2011": 1}, "citations_years": {"2014": 1, "2015": 2, "2016": 1, "2017": 1}, "old_citations": {"2011": 5}, "isVisible": false}, "2114065677": {"name": "mohd shahir liew", "type": "author", "activity": 10, "h_index": 3, "h5_index": 2, "mag_id": "2114065677", "num_publications": 1, "num_citations": 1, "num_publications_5y": 0, "num_citations_5y": 1, "num_publications_10y": 1, "num_citations_10y": 1, "publications_years": {"2011": 1}, "citations_years": {"2017": 1}, "old_citations": {"2011": 1}, "isVisible": false}, "2122376798": {"name": "wong peng wen", "type": "author", "activity": 1, "h_index": 1, "h5_index": 0, "mag_id": "2122376798", "num_publications": 1, "num_citations": 1, "num_publications_5y": 0, "num_citations_5y": 0, "num_publications_10y": 1, "num_citations_10y": 0, "publications_years": {"2011": 1}, "citations_years": {"2019": 1}, "old_citations": {"2011": 1}, "isVisible": false}, "2128618688": {"name": "norshakirah aziz", "type": "author", "activity": 9, "h_index": 2, "h5_index": 2, "mag_id": "2128618688", "num_publications": 1, "num_citations": 4, "num_publications_5y": 0, "num_citations_5y": 3, "num_publications_10y": 1, "num_citations_10y": 4, "publications_years": {"2011": 1}, "citations_years": {"2012": 1, "2013": 0, "2014": 1, "2015": 1, "2016": 0, "2017": 0, "2018": 1}, "old_citations": {"2011": 4}, "isVisible": false}, "2131136402": {"name": "maher assaad", "type": "author", "activity": 13, "h_index": 3, "h5_index": 1, "mag_id": "2131136402", "num_publications": 1, "num_citations": 2, "num_publications_5y": 0, "num_citations_5y": 0, "num_publications_10y": 1, "num_citations_10y": 2, "publications_years": {"2011": 1}, "citations_years": {"2011": 1, "2012": 0, "2013": 1}, "old_citations": {"2011": 2}, "isVisible": false}, "2134749013": {"name": "mohammed bakri bashir", "type": "author", "activity": 7, "h_index": 5, "h5_index": 2, "mag_id": "2134749013", "num_publications": 1, "num_citations": 1, "num_publications_5y": 0, "num_citations_5y": 1, "num_publications_10y": 1, "num_citations_10y": 1, "publications_years": {"2011": 1}, "citations_years": {"2014": 1}, "old_citations": {"2011": 1}, "isVisible": false}, "2135886549": {"name": "muzafar khan", "type": "author", "activity": 12, "h_index": 4, "h5_index": 2, "mag_id": "2135886549", "num_publications": 1, "num_citations": 4, "num_publications_5y": 0, "num_citations_5y": 3, "num_publications_10y": 1, "num_citations_10y": 4, "publications_years": {"2011": 1}, "citations_years": {"2012": 1, "2013": 0, "2014": 1, "2015": 0, "2016": 0, "2017": 0, "2018": 2}, "old_citations": {"2011": 4}, "isVisible": false}, "2137399789": {"name": "yasir salih", "type": "author", "activity": 8, "h_index": 5, "h5_index": 0, "mag_id": "2137399789", "num_publications": 1, "num_citations": 8, "num_publications_5y": 0, "num_citations_5y": 5, "num_publications_10y": 1, "num_citations_10y": 8, "publications_years": {"2011": 1}, "citations_years": {"2012": 1, "2013": 2, "2014": 0, "2015": 3, "2016": 2}, "old_citations": {"2011": 8}, "isVisible": false}, "2144030512": {"name": "winda astuti", "type": "author", "activity": 14, "h_index": 1, "h5_index": 0, "mag_id": "2144030512", "num_publications": 1, "num_citations": 1, "num_publications_5y": 0, "num_citations_5y": 1, "num_publications_10y": 1, "num_citations_10y": 1, "publications_years": {"2011": 1}, "citations_years": {"2014": 1}, "old_citations": {"2011": 1}, "isVisible": false}, "2144585309": {"name": "rustam asnawi", "type": "author", "activity": 4, "h_index": 3, "h5_index": 0, "mag_id": "2144585309", "num_publications": 1, "num_citations": 0, "num_publications_5y": 0, "num_citations_5y": 0, "num_publications_10y": 1, "num_citations_10y": 0, "publications_years": {"2011": 1}, "citations_years": {}, "old_citations": {"2011": 0}, "isVisible": false}, "2145275468": {"name": "momoh jimoh eyiomika salami", "type": "author", "activity": 16, "h_index": 13, "h5_index": 2, "mag_id": "2145275468", "num_publications": 1, "num_citations": 1, "num_publications_5y": 0, "num_citations_5y": 1, "num_publications_10y": 1, "num_citations_10y": 1, "publications_years": {"2011": 1}, "citations_years": {"2014": 1}, "old_citations": {"2011": 1}, "isVisible": false}, "2149346026": {"name": "jamalullail ab manan", "type": "author", "activity": 13, "h_index": 11, "h5_index": 0, "mag_id": "2149346026", "num_publications": 1, "num_citations": 12, "num_publications_5y": 0, "num_citations_5y": 7, "num_publications_10y": 1, "num_citations_10y": 10, "publications_years": {"2011": 1}, "citations_years": {"2012": 2, "2013": 1, "2014": 2, "2015": 3, "2016": 1, "2017": 1, "2018": 0, "2019": 1, "2020": 1}, "old_citations": {"2011": 12}, "isVisible": false}, "2149423410": {"name": "syazwan noordin", "type": "author", "activity": 2, "h_index": 3, "h5_index": 0, "mag_id": "2149423410", "num_publications": 1, "num_citations": 3, "num_publications_5y": 0, "num_citations_5y": 1, "num_publications_10y": 1, "num_citations_10y": 3, "publications_years": {"2011": 1}, "citations_years": {"2013": 2, "2014": 0, "2015": 0, "2016": 0, "2017": 0, "2018": 1}, "old_citations": {"2011": 3}, "isVisible": false}, "2150038676": {"name": "nordin saad", "type": "author", "activity": 14, "h_index": 8, "h5_index": 4, "mag_id": "2150038676", "num_publications": 1, "num_citations": 1, "num_publications_5y": 0, "num_citations_5y": 0, "num_publications_10y": 1, "num_citations_10y": 1, "publications_years": {"2011": 1}, "citations_years": {"2012": 1}, "old_citations": {"2011": 1}, "isVisible": false}, "2151391523": {"name": "ahmad rauf subhani", "type": "author", "activity": 8, "h_index": 5, "h5_index": 3, "mag_id": "2151391523", "num_publications": 1, "num_citations": 5, "num_publications_5y": 0, "num_citations_5y": 3, "num_publications_10y": 1, "num_citations_10y": 5, "publications_years": {"2011": 1}, "citations_years": {"2013": 2, "2014": 0, "2015": 0, "2016": 0, "2017": 3}, "old_citations": {"2011": 5}, "isVisible": false}, "2158110564": {"name": "sohail safdar", "type": "author", "activity": 11, "h_index": 5, "h5_index": 0, "mag_id": "2158110564", "num_publications": 1, "num_citations": 1, "num_publications_5y": 0, "num_citations_5y": 0, "num_publications_10y": 1, "num_citations_10y": 1, "publications_years": {"2011": 1}, "citations_years": {"2013": 1}, "old_citations": {"2011": 1}, "isVisible": false}, "2160651328": {"name": "mohd zuki yusoff", "type": "author", "activity": 12, "h_index": 6, "h5_index": 2, "mag_id": "2160651328", "num_publications": 1, "num_citations": 3, "num_publications_5y": 0, "num_citations_5y": 3, "num_publications_10y": 1, "num_citations_10y": 3, "publications_years": {"2011": 1}, "citations_years": {"2015": 2, "2016": 0, "2017": 1}, "old_citations": {"2011": 3}, "isVisible": false}, "2161531919": {"name": "zuraini hanim zaini", "type": "author", "activity": 2, "h_index": 2, "h5_index": 0, "mag_id": "2161531919", "num_publications": 1, "num_citations": 11, "num_publications_5y": 0, "num_citations_5y": 9, "num_publications_10y": 1, "num_citations_10y": 11, "publications_years": {"2011": 1}, "citations_years": {"2013": 2, "2014": 2, "2015": 3, "2016": 2, "2017": 2}, "old_citations": {"2011": 11}, "isVisible": false}, "2165904380": {"name": "maythem k abbas", "type": "author", "activity": 10, "h_index": 2, "h5_index": 1, "mag_id": "2165904380", "num_publications": 1, "num_citations": 7, "num_publications_5y": 0, "num_citations_5y": 5, "num_publications_10y": 1, "num_citations_10y": 6, "publications_years": {"2011": 1}, "citations_years": {"2013": 1, "2014": 1, "2015": 1, "2016": 1, "2017": 1, "2018": 1, "2019": 1}, "old_citations": {"2011": 7}, "isVisible": false}, "2168238752": {"name": "mohammed abdalla osman mukhtar", "type": "author", "activity": 6, "h_index": 2, "h5_index": 0, "mag_id": "2168238752", "num_publications": 1, "num_citations": 0, "num_publications_5y": 0, "num_citations_5y": 0, "num_publications_10y": 1, "num_citations_10y": 0, "publications_years": {"2011": 1}, "citations_years": {}, "old_citations": {"2011": 0}, "isVisible": false}, "2172055945": {"name": "ahmad kamil mahmood", "type": "author", "activity": 20, "h_index": 11, "h5_index": 2, "mag_id": "2172055945", "num_publications": 1, "num_citations": 3, "num_publications_5y": 0, "num_citations_5y": 2, "num_publications_10y": 1, "num_citations_10y": 3, "publications_years": {"2011": 1}, "citations_years": {"2012": 1, "2013": 0, "2014": 1, "2015": 1}, "old_citations": {"2011": 3}, "isVisible": false}, "2193108863": {"name": "rohiza ahmad", "type": "author", "activity": 13, "h_index": 7, "h5_index": 2, "mag_id": "2193108863", "num_publications": 1, "num_citations": 4, "num_publications_5y": 0, "num_citations_5y": 3, "num_publications_10y": 1, "num_citations_10y": 4, "publications_years": {"2011": 1}, "citations_years": {"2012": 1, "2013": 0, "2014": 1, "2015": 1, "2016": 0, "2017": 0, "2018": 1}, "old_citations": {"2011": 4}, "isVisible": false}, "2219683682": {"name": "alan g downe", "type": "author", "activity": 4, "h_index": 4, "h5_index": 0, "mag_id": "2219683682", "num_publications": 1, "num_citations": 0, "num_publications_5y": 0, "num_citations_5y": 0, "num_publications_10y": 1, "num_citations_10y": 0, "publications_years": {"2011": 1}, "citations_years": {}, "old_citations": {"2011": 0}, "isVisible": false}, "2225761707": {"name": "mohamad izuddin nordin", "type": "author", "activity": 2, "h_index": 3, "h5_index": 0, "mag_id": "2225761707", "num_publications": 1, "num_citations": 9, "num_publications_5y": 0, "num_citations_5y": 3, "num_publications_10y": 1, "num_citations_10y": 9, "publications_years": {"2011": 1}, "citations_years": {"2011": 1, "2012": 3, "2013": 2, "2014": 2, "2015": 1}, "old_citations": {"2011": 9}, "isVisible": false}, "2226175992": {"name": "syed faisal ali", "type": "author", "activity": 2, "h_index": 2, "h5_index": 0, "mag_id": "2226175992", "num_publications": 1, "num_citations": 2, "num_publications_5y": 0, "num_citations_5y": 2, "num_publications_10y": 1, "num_citations_10y": 2, "publications_years": {"2011": 1}, "citations_years": {"2014": 1, "2015": 1}, "old_citations": {"2011": 2}, "isVisible": false}, "2227101481": {"name": "m ridhwan tamjis", "type": "author", "activity": 2, "h_index": 0, "h5_index": 0, "mag_id": "2227101481", "num_publications": 1, "num_citations": 0, "num_publications_5y": 0, "num_citations_5y": 0, "num_publications_10y": 1, "num_citations_10y": 0, "publications_years": {"2011": 1}, "citations_years": {}, "old_citations": {"2011": 0}, "isVisible": false}, "2227379578": {"name": "fazalemalik", "type": "author", "activity": 6, "h_index": 3, "h5_index": 0, "mag_id": "2227379578", "num_publications": 1, "num_citations": 3, "num_publications_5y": 0, "num_citations_5y": 3, "num_publications_10y": 1, "num_citations_10y": 3, "publications_years": {"2011": 1}, "citations_years": {"2014": 2, "2015": 0, "2016": 1}, "old_citations": {"2011": 3}, "isVisible": false}, "2227816639": {"name": "israel yohannes bayou", "type": "author", "activity": 1, "h_index": 1, "h5_index": 0, "mag_id": "2227816639", "num_publications": 1, "num_citations": 2, "num_publications_5y": 0, "num_citations_5y": 0, "num_publications_10y": 1, "num_citations_10y": 2, "publications_years": {"2011": 1}, "citations_years": {"2011": 1, "2012": 0, "2013": 1}, "old_citations": {"2011": 2}, "isVisible": false}, "2228133766": {"name": "jawad huamyun", "type": "author", "activity": 1, "h_index": 1, "h5_index": 0, "mag_id": "2228133766", "num_publications": 1, "num_citations": 3, "num_publications_5y": 0, "num_citations_5y": 3, "num_publications_10y": 1, "num_citations_10y": 3, "publications_years": {"2011": 1}, "citations_years": {"2014": 1, "2015": 0, "2016": 1, "2017": 1}, "old_citations": {"2011": 3}, "isVisible": false}, "2228225250": {"name": "siti zarinah mohd yusof", "type": "author", "activity": 1, "h_index": 1, "h5_index": 0, "mag_id": "2228225250", "num_publications": 1, "num_citations": 0, "num_publications_5y": 0, "num_citations_5y": 0, "num_publications_10y": 1, "num_citations_10y": 0, "publications_years": {"2011": 1}, "citations_years": {}, "old_citations": {"2011": 0}, "isVisible": false}, "2228268444": {"name": "jafreezal jaffar", "type": "author", "activity": 1, "h_index": 1, "h5_index": 0, "mag_id": "2228268444", "num_publications": 1, "num_citations": 2, "num_publications_5y": 0, "num_citations_5y": 2, "num_publications_10y": 1, "num_citations_10y": 2, "publications_years": {"2011": 1}, "citations_years": {"2014": 1, "2015": 1}, "old_citations": {"2011": 2}, "isVisible": false}, "2231757530": {"name": "a jumail", "type": "author", "activity": 1, "h_index": 0, "h5_index": 0, "mag_id": "2231757530", "num_publications": 1, "num_citations": 0, "num_publications_5y": 0, "num_citations_5y": 0, "num_publications_10y": 1, "num_citations_10y": 0, "publications_years": {"2011": 1}, "citations_years": {}, "old_citations": {"2011": 0}, "isVisible": false}, "2232170472": {"name": "a nazri abdullah", "type": "author", "activity": 2, "h_index": 0, "h5_index": 0, "mag_id": "2232170472", "num_publications": 1, "num_citations": 0, "num_publications_5y": 0, "num_citations_5y": 0, "num_publications_10y": 1, "num_citations_10y": 0, "publications_years": {"2011": 1}, "citations_years": {}, "old_citations": {"2011": 0}, "isVisible": false}, "2232517202": {"name": "paul raj m pandian", "type": "author", "activity": 1, "h_index": 0, "h5_index": 0, "mag_id": "2232517202", "num_publications": 1, "num_citations": 0, "num_publications_5y": 0, "num_citations_5y": 0, "num_publications_10y": 1, "num_citations_10y": 0, "publications_years": {"2011": 1}, "citations_years": {}, "old_citations": {"2011": 0}, "isVisible": false}, "2275504917": {"name": "usman khalid", "type": "author", "activity": 9, "h_index": 5, "h5_index": 0, "mag_id": "2275504917", "num_publications": 1, "num_citations": 5, "num_publications_5y": 0, "num_citations_5y": 5, "num_publications_10y": 1, "num_citations_10y": 5, "publications_years": {"2011": 1}, "citations_years": {"2014": 1, "2015": 2, "2016": 1, "2017": 1}, "old_citations": {"2011": 5}, "isVisible": false}, "2278244733": {"name": "a m salma", "type": "author", "activity": 1, "h_index": 1, "h5_index": 0, "mag_id": "2278244733", "num_publications": 1, "num_citations": 1, "num_publications_5y": 0, "num_citations_5y": 1, "num_publications_10y": 1, "num_citations_10y": 1, "publications_years": {"2011": 1}, "citations_years": {"2014": 1}, "old_citations": {"2011": 1}, "isVisible": false}, "2295390655": {"name": "narinderjit singh", "type": "author", "activity": 8, "h_index": 5, "h5_index": 0, "mag_id": "2295390655", "num_publications": 1, "num_citations": 5, "num_publications_5y": 0, "num_citations_5y": 5, "num_publications_10y": 1, "num_citations_10y": 5, "publications_years": {"2011": 1}, "citations_years": {"2014": 1, "2015": 2, "2016": 1, "2017": 1}, "old_citations": {"2011": 5}, "isVisible": false}, "2303119237": {"name": "m h md khir", "type": "author", "activity": 9, "h_index": 3, "h5_index": 1, "mag_id": "2303119237", "num_publications": 1, "num_citations": 3, "num_publications_5y": 0, "num_citations_5y": 2, "num_publications_10y": 1, "num_citations_10y": 3, "publications_years": {"2011": 1}, "citations_years": {"2012": 1, "2013": 0, "2014": 1, "2015": 0, "2016": 0, "2017": 1}, "old_citations": {"2011": 3}, "isVisible": false}, "2304040003": {"name": "nasrullah armi", "type": "author", "activity": 11, "h_index": 4, "h5_index": 1, "mag_id": "2304040003", "num_publications": 1, "num_citations": 3, "num_publications_5y": 0, "num_citations_5y": 3, "num_publications_10y": 1, "num_citations_10y": 3, "publications_years": {"2011": 1}, "citations_years": {"2015": 2, "2016": 0, "2017": 1}, "old_citations": {"2011": 3}, "isVisible": false}, "2305540101": {"name": "adil yousif", "type": "author", "activity": 9, "h_index": 7, "h5_index": 3, "mag_id": "2305540101", "num_publications": 1, "num_citations": 1, "num_publications_5y": 0, "num_citations_5y": 1, "num_publications_10y": 1, "num_citations_10y": 1, "publications_years": {"2011": 1}, "citations_years": {"2014": 1}, "old_citations": {"2011": 1}, "isVisible": false}, "2399113399": {"name": "n m saad", "type": "author", "activity": 14, "h_index": 8, "h5_index": 2, "mag_id": "2399113399", "num_publications": 1, "num_citations": 3, "num_publications_5y": 0, "num_citations_5y": 3, "num_publications_10y": 1, "num_citations_10y": 3, "publications_years": {"2011": 1}, "citations_years": {"2015": 2, "2016": 0, "2017": 1}, "old_citations": {"2011": 3}, "isVisible": false}, "2421483677": {"name": "aurangzeb khan", "type": "author", "activity": 12, "h_index": 10, "h5_index": 6, "mag_id": "2421483677", "num_publications": 1, "num_citations": 23, "num_publications_5y": 0, "num_citations_5y": 14, "num_publications_10y": 1, "num_citations_10y": 19, "publications_years": {"2011": 1}, "citations_years": {"2012": 1, "2013": 4, "2014": 3, "2015": 3, "2016": 5, "2017": 1, "2018": 2, "2019": 2, "2020": 2}, "old_citations": {"2011": 23}, "isVisible": false}, "2440357833": {"name": "sohail khalid", "type": "author", "activity": 9, "h_index": 1, "h5_index": 0, "mag_id": "2440357833", "num_publications": 1, "num_citations": 1, "num_publications_5y": 0, "num_citations_5y": 0, "num_publications_10y": 1, "num_citations_10y": 0, "publications_years": {"2011": 1}, "citations_years": {"2019": 1}, "old_citations": {"2011": 1}, "isVisible": false}, "2440713419": {"name": "rehan akbar", "type": "author", "activity": 12, "h_index": 6, "h5_index": 2, "mag_id": "2440713419", "num_publications": 1, "num_citations": 1, "num_publications_5y": 0, "num_citations_5y": 0, "num_publications_10y": 1, "num_citations_10y": 1, "publications_years": {"2011": 1}, "citations_years": {"2013": 1}, "old_citations": {"2011": 1}, "isVisible": false}, "2548666999": {"name": "mohamad radzi bin ahmad", "type": "author", "activity": 1, "h_index": 1, "h5_index": 0, "mag_id": "2548666999", "num_publications": 1, "num_citations": 3, "num_publications_5y": 0, "num_citations_5y": 2, "num_publications_10y": 1, "num_citations_10y": 3, "publications_years": {"2011": 1}, "citations_years": {"2012": 1, "2013": 0, "2014": 1, "2015": 0, "2016": 0, "2017": 1}, "old_citations": {"2011": 3}, "isVisible": false}, "2575140777": {"name": "rajeswari mukesh", "type": "author", "activity": 1, "h_index": 1, "h5_index": 0, "mag_id": "2575140777", "num_publications": 1, "num_citations": 1, "num_publications_5y": 0, "num_citations_5y": 1, "num_publications_10y": 1, "num_citations_10y": 1, "publications_years": {"2011": 1}, "citations_years": {"2016": 1}, "old_citations": {"2011": 1}, "isVisible": false}, "2591553236": {"name": "muhammad aasim qureshi", "type": "author", "activity": 9, "h_index": 5, "h5_index": 0, "mag_id": "2591553236", "num_publications": 1, "num_citations": 1, "num_publications_5y": 0, "num_citations_5y": 0, "num_publications_10y": 1, "num_citations_10y": 1, "publications_years": {"2011": 1}, "citations_years": {"2013": 1}, "old_citations": {"2011": 1}, "isVisible": false}, "2627965669": {"name": "fazaleamin", "type": "author", "activity": 10, "h_index": 6, "h5_index": 3, "mag_id": "2627965669", "num_publications": 1, "num_citations": 3, "num_publications_5y": 0, "num_citations_5y": 2, "num_publications_10y": 1, "num_citations_10y": 3, "publications_years": {"2011": 1}, "citations_years": {"2012": 1, "2013": 0, "2014": 1, "2015": 1}, "old_citations": {"2011": 3}, "isVisible": false}, "2654600427": {"name": "zazilah may", "type": "author", "activity": 1, "h_index": 1, "h5_index": 0, "mag_id": "2654600427", "num_publications": 1, "num_citations": 8, "num_publications_5y": 0, "num_citations_5y": 5, "num_publications_10y": 1, "num_citations_10y": 8, "publications_years": {"2011": 1}, "citations_years": {"2012": 1, "2013": 2, "2014": 0, "2015": 3, "2016": 2}, "old_citations": {"2011": 8}, "isVisible": false}, "2657660686": {"name": "h saima", "type": "author", "activity": 2, "h_index": 3, "h5_index": 0, "mag_id": "2657660686", "num_publications": 1, "num_citations": 11, "num_publications_5y": 0, "num_citations_5y": 9, "num_publications_10y": 1, "num_citations_10y": 11, "publications_years": {"2011": 1}, "citations_years": {"2012": 1, "2013": 1, "2014": 1, "2015": 3, "2016": 3, "2017": 1, "2018": 1}, "old_citations": {"2011": 11}, "isVisible": false}, "2661339799": {"name": "m gough", "type": "author", "activity": 1, "h_index": 0, "h5_index": 0, "mag_id": "2661339799", "num_publications": 1, "num_citations": 0, "num_publications_5y": 0, "num_citations_5y": 0, "num_publications_10y": 0, "num_citations_10y": 0, "publications_years": {"2004": 1}, "citations_years": {}, "old_citations": {"2004": 0}, "isVisible": false}, "2663163448": {"name": "likun xia", "type": "author", "activity": 7, "h_index": 5, "h5_index": 2, "mag_id": "2663163448", "num_publications": 1, "num_citations": 5, "num_publications_5y": 0, "num_citations_5y": 3, "num_publications_10y": 1, "num_citations_10y": 5, "publications_years": {"2011": 1}, "citations_years": {"2013": 2, "2014": 0, "2015": 0, "2016": 0, "2017": 3}, "old_citations": {"2011": 5}, "isVisible": false}, "2674157424": {"name": "j sylvia grace", "type": "author", "activity": 1, "h_index": 1, "h5_index": 0, "mag_id": "2674157424", "num_publications": 1, "num_citations": 1, "num_publications_5y": 0, "num_citations_5y": 1, "num_publications_10y": 1, "num_citations_10y": 1, "publications_years": {"2011": 1}, "citations_years": {"2016": 1}, "old_citations": {"2011": 1}, "isVisible": false}, "2677768370": {"name": "t a jillani", "type": "author", "activity": 1, "h_index": 2, "h5_index": 0, "mag_id": "2677768370", "num_publications": 1, "num_citations": 11, "num_publications_5y": 0, "num_citations_5y": 9, "num_publications_10y": 1, "num_citations_10y": 11, "publications_years": {"2011": 1}, "citations_years": {"2012": 1, "2013": 1, "2014": 1, "2015": 3, "2016": 3, "2017": 1, "2018": 1}, "old_citations": {"2011": 11}, "isVisible": false}, "2709431001": {"name": "aaamir saeed malik", "type": "author", "activity": 1, "h_index": 1, "h5_index": 0, "mag_id": "2709431001", "num_publications": 1, "num_citations": 3, "num_publications_5y": 0, "num_citations_5y": 3, "num_publications_10y": 1, "num_citations_10y": 3, "publications_years": {"2011": 1}, "citations_years": {"2014": 1, "2015": 0, "2016": 1, "2017": 1}, "old_citations": {"2011": 3}, "isVisible": false}, "2799236166": {"name": "muhammad tahir", "type": "author", "activity": 19, "h_index": 7, "h5_index": 3, "mag_id": "2799236166", "num_publications": 1, "num_citations": 4, "num_publications_5y": 0, "num_citations_5y": 3, "num_publications_10y": 1, "num_citations_10y": 4, "publications_years": {"2011": 1}, "citations_years": {"2012": 1, "2013": 0, "2014": 1, "2015": 0, "2016": 0, "2017": 0, "2018": 2}, "old_citations": {"2011": 4}, "isVisible": false}, "2919183559": {"name": "h mohamed saleem", "type": "author", "activity": 1, "h_index": 1, "h5_index": 0, "mag_id": "2919183559", "num_publications": 1, "num_citations": 2, "num_publications_5y": 0, "num_citations_5y": 1, "num_publications_10y": 1, "num_citations_10y": 2, "publications_years": {"2011": 1}, "citations_years": {"2012": 1, "2013": 0, "2014": 0, "2015": 1}, "old_citations": {"2011": 2}, "isVisible": false}, "2953307933": {"name": "s belhaouari", "type": "author", "activity": 1, "h_index": 2, "h5_index": 0, "mag_id": "2953307933", "num_publications": 1, "num_citations": 11, "num_publications_5y": 0, "num_citations_5y": 9, "num_publications_10y": 1, "num_citations_10y": 11, "publications_years": {"2011": 1}, "citations_years": {"2012": 1, "2013": 1, "2014": 1, "2015": 3, "2016": 3, "2017": 1, "2018": 1}, "old_citations": {"2011": 11}, "isVisible": false}, "2956105060": {"name": "azrai abdullah", "type": "author", "activity": 5, "h_index": 3, "h5_index": 0, "mag_id": "2956105060", "num_publications": 1, "num_citations": 1, "num_publications_5y": 0, "num_citations_5y": 0, "num_publications_10y": 1, "num_citations_10y": 1, "publications_years": {"2011": 1}, "citations_years": {"2013": 1}, "old_citations": {"2011": 1}, "isVisible": false}, "2971093094": {"name": "sabeen tahir", "type": "author", "activity": 3, "h_index": 3, "h5_index": 0, "mag_id": "2971093094", "num_publications": 1, "num_citations": 1, "num_publications_5y": 0, "num_citations_5y": 1, "num_publications_10y": 1, "num_citations_10y": 1, "publications_years": {"2011": 1}, "citations_years": {"2016": 1}, "old_citations": {"2011": 1}, "isVisible": false}, "2994453248": {"name": "halabi hasbullah", "type": "author", "activity": 12, "h_index": 16, "h5_index": 0, "mag_id": "2994453248", "num_publications": 1, "num_citations": 12, "num_publications_5y": 0, "num_citations_5y": 7, "num_publications_10y": 1, "num_citations_10y": 10, "publications_years": {"2011": 1}, "citations_years": {"2012": 2, "2013": 1, "2014": 2, "2015": 3, "2016": 1, "2017": 1, "2018": 0, "2019": 1, "2020": 1}, "old_citations": {"2011": 12}, "isVisible": false}}, "countries": {"Malaysia": {"name": "Malaysia", "type": "country", "h5_index": 62, "num_publications": 32, "num_citations": 134, "num_publications_5y": 0, "num_citations_5y": 90, "num_publications_10y": 32, "num_citations_10y": 124, "publications_years": {"2011": 32}, "citations_years": {"2014": 23, "2015": 24, "2017": 16, "2016": 17, "2012": 13, "2013": 20, "2018": 10, "2019": 6, "2020": 4, "2011": 1}, "old_citations": {"2011": 134}, "isVisible": false}, "Pakistan": {"name": "Pakistan", "type": "country", "h5_index": 49, "num_publications": 2, "num_citations": 15, "num_publications_5y": 0, "num_citations_5y": 12, "num_publications_10y": 2, "num_citations_10y": 15, "publications_years": {"2011": 2}, "citations_years": {"2012": 2, "2013": 1, "2014": 2, "2015": 3, "2016": 3, "2017": 1, "2018": 3}, "old_citations": {"2011": 15}, "isVisible": false}}}, "conference_comparison": {"computer science": {}}, "topics_dna": {"publications": {}, "citations": {"normalized": {}, "average": {}}}, "info": {"num_publications": 37, "num_citations": 146.0, "impact_factor": {"2006": 0.0, "2007": 0, "2008": 0, "2009": 0, "2010": 0, "2011": 0}, "publications_years": {"2011": 36, "2004": 1}, "citations_years": {"2011": 2, "2012": 15, "2013": 23, "2014": 23, "2015": 27, "2016": 20, "2017": 16, "2018": 10, "2019": 6, "2020": 4}, "old_citations": {"2011": 146, "2004": 0}, "h5_index": 0}, "percentile": {"computer science": {"2011": 69, "2004": 18}}, "conference_ranking": {"computer science": {"2011": 1313, "2004": 3493}}, "academia": {"num_publications": 31, "num_citations": 122, "publications_years": {"2011": 31}, "old_citations": {"2011": 122}, "num_publications_5y": 0, "num_citations_5y": 0, "num_publications_10y": 31, "num_citations_10y": 122}, "industry": {"num_publications": 0, "num_citations": 0, "publications_years": {}, "old_citations": {}, "num_publications_5y": 0, "num_citations_5y": 0, "num_publications_10y": 0, "num_citations_10y": 0}, "collaborative": {"num_publications": 1, "num_citations": 12, "publications_years": {"2011": 1}, "old_citations": {"2011": 12}, "num_publications_5y": 0, "num_citations_5y": 0, "num_publications_10y": 1, "num_citations_10y": 12}, "conferences": {}, "journals": {}, "organizations": {"publication_overall": ["Universiti Teknologi Petronas", "COMSATS University Islamabad", "International Islamic University Malaysia", "MIMOS (Malaysia)", "Universiti Malaysia Perlis", "University of Karachi", "University of Technology Malaysia"], "citation_overall": ["Universiti Teknologi Petronas", "MIMOS (Malaysia)", "University of Karachi", "COMSATS University Islamabad", "International Islamic University Malaysia", "University of Technology Malaysia", "Universiti Malaysia Perlis"], "publication_10_years": ["Universiti Teknologi Petronas", "COMSATS University Islamabad", "International Islamic University Malaysia", "MIMOS (Malaysia)", "Universiti Malaysia Perlis", "University of Karachi", "University of Technology Malaysia"], "citation_10_years": ["Universiti Teknologi Petronas", "MIMOS (Malaysia)", "University of Karachi", "COMSATS University Islamabad", "International Islamic University Malaysia", "University of Technology Malaysia", "Universiti Malaysia Perlis"], "publication_5_years": [], "citation_5_years": []}, "countries": {"publication_overall": ["Malaysia", "Pakistan"], "citation_overall": ["Malaysia", "Pakistan"], "publication_10_years": ["Malaysia", "Pakistan"], "citation_10_years": ["Malaysia", "Pakistan"], "publication_5_years": [], "citation_5_years": []}, "topics": {"publication_overall": ["computer science", "computer systems", "artificial intelligence", "computer networks", "computer hardware", "telecommunication systems", "telecommunication networks", "internet", "machine learning", "sensors", "software engineering", "communication systems", "engineering", "telecommunication traffic", "wireless telecommunication systems", "computer imaging and vision", "image processing", "mathematics", "software architecture", "software design"], "citation_overall": ["computer science", "computer systems", "artificial intelligence", "computer networks", "machine learning", "internet", "computer hardware", "telecommunication systems", "telecommunication networks", "sensors", "communication systems", "wireless telecommunication systems", "telecommunication traffic", "data communication systems", "database systems", "engineering", "internet protocols", "computer imaging and vision", "computer security", "image processing"], "publication_10_years": ["computer science", "computer systems", "artificial intelligence", "computer networks", "computer hardware", "telecommunication systems", "telecommunication networks", "internet", "machine learning", "sensors", "software engineering", "communication systems", "engineering", "telecommunication traffic", "wireless telecommunication systems", "computer imaging and vision", "image processing", "mathematics", "software architecture", "software design"], "citation_10_years": ["computer science", "computer systems", "artificial intelligence", "computer networks", "machine learning", "internet", "computer hardware", "telecommunication systems", "telecommunication networks", "sensors", "communication systems", "wireless telecommunication systems", "telecommunication traffic", "data communication systems", "database systems", "engineering", "internet protocols", "computer imaging and vision", "computer security", "image processing"], "publication_5_years": [], "citation_5_years": []}, "main_topics": ["computer science"], "authors": {"publication_overall": ["2240436336", "2108474495", "2111304482", "2138236163", "2169940730", "2045746792", "2106257235", "2117023062", "2129239913", "2131754675", "2160071840", "169590593", "196532249", "626566403", "685851533", "705244612", "1224106789", "1737417990", "1961549145", "1997212592", "2001047925", "2006396464", "2032397883", "2042122019", "2058466900", "2058687707", "2079791261", "2084870659", "2098589936", "2101184505", "2102955881", "2102972425", "2114065677", "2122376798", "2128618688", "2131136402", "2134749013", "2135886549", "2137399789", "2144030512", "2144585309", "2145275468", "2149346026", "2149423410", "2150038676", "2151391523", "2158110564", "2160651328", "2161531919", "2165904380", "2168238752", "2172055945", "2193108863", "2219683682", "2225761707", "2226175992", "2227101481", "2227379578", "2227816639", "2228133766", "2228225250", "2228268444", "2231757530", "2232170472", "2232517202", "2275504917", "2278244733", "2295390655", "2303119237", "2304040003", "2305540101", "2399113399", "2421483677", "2440357833", "2440713419", "2548666999", "2575140777", "2591553236", "2627965669", "2654600427", "2657660686", "2661339799", "2663163448", "2674157424", "2677768370", "2709431001", "2799236166", "2919183559", "2953307933", "2956105060", "2971093094", "2994453248"], "citation_overall": ["2045746792", "2421483677", "2131754675", "2111304482", "2169940730", "169590593", "2149346026", "2160071840", "2994453248", "2161531919", "2657660686", "2677768370", "2953307933", "2225761707", "2137399789", "2240436336", "2654600427", "685851533", "1737417990", "2058687707", "2079791261", "2108474495", "2129239913", "2165904380", "705244612", "2098589936", "2102955881", "2001047925", "2102972425", "2151391523", "2275504917", "2295390655", "2663163448", "2042122019", "2117023062", "2128618688", "2135886549", "2193108863", "2799236166", "2032397883", "2138236163", "2149423410", "2160651328", "2172055945", "2227379578", "2228133766", "2303119237", "2304040003", "2399113399", "2548666999", "2627965669", "2709431001", "2084870659", "2131136402", "2226175992", "2227816639", "2228268444", "2919183559", "196532249", "626566403", "1224106789", "1997212592", "2006396464", "2101184505", "2114065677", "2122376798", "2134749013", "2144030512", "2145275468", "2150038676", "2158110564", "2278244733", "2305540101", "2440357833", "2440713419", "2575140777", "2591553236", "2674157424", "2956105060", "2971093094", "1961549145", "2058466900", "2106257235", "2144585309", "2168238752", "2219683682", "2227101481", "2228225250", "2231757530", "2232170472", "2232517202", "2661339799"], "publication_10_years": ["2240436336", "2108474495", "2111304482", "2138236163", "2169940730", "2045746792", "2106257235", "2117023062", "2129239913", "2131754675", "2160071840", "169590593", "196532249", "626566403", "685851533", "705244612", "1224106789", "1737417990", "1961549145", "1997212592", "2001047925", "2006396464", "2032397883", "2042122019", "2058466900", "2058687707", "2079791261", "2084870659", "2098589936", "2101184505", "2102955881", "2102972425", "2114065677", "2122376798", "2128618688", "2131136402", "2134749013", "2135886549", "2137399789", "2144030512", "2144585309", "2145275468", "2149346026", "2149423410", "2150038676", "2151391523", "2158110564", "2160651328", "2161531919", "2165904380", "2168238752", "2172055945", "2193108863", "2219683682", "2225761707", "2226175992", "2227101481", "2227379578", "2227816639", "2228133766", "2228225250", "2228268444", "2231757530", "2232170472", "2232517202", "2275504917", "2278244733", "2295390655", "2303119237", "2304040003", "2305540101", "2399113399", "2421483677", "2440357833", "2440713419", "2548666999", "2575140777", "2591553236", "2627965669", "2654600427", "2657660686", "2663163448", "2674157424", "2677768370", "2709431001", "2799236166", "2919183559", "2953307933", "2956105060", "2971093094", "2994453248"], "citation_10_years": ["2045746792", "2421483677", "2131754675", "2111304482", "2169940730", "169590593", "2149346026", "2160071840", "2994453248", "2161531919", "2657660686", "2677768370", "2953307933", "2225761707", "2137399789", "2240436336", "2654600427", "685851533", "1737417990", "2058687707", "2079791261", "2108474495", "2129239913", "2165904380", "705244612", "2098589936", "2102955881", "2001047925", "2102972425", "2151391523", "2275504917", "2295390655", "2663163448", "2042122019", "2117023062", "2128618688", "2135886549", "2193108863", "2799236166", "2032397883", "2138236163", "2149423410", "2160651328", "2172055945", "2227379578", "2228133766", "2303119237", "2304040003", "2399113399", "2548666999", "2627965669", "2709431001", "2084870659", "2131136402", "2226175992", "2227816639", "2228268444", "2919183559", "196532249", "626566403", "1224106789", "1997212592", "2006396464", "2101184505", "2114065677", "2122376798", "2134749013", "2144030512", "2145275468", "2150038676", "2158110564", "2278244733", "2305540101", "2440357833", "2440713419", "2575140777", "2591553236", "2674157424", "2956105060", "2971093094", "1961549145", "2058466900", "2106257235", "2144585309", "2168238752", "2219683682", "2227101481", "2228225250", "2231757530", "2232170472", "2232517202"], "publication_5_years": [], "citation_5_years": []}, "industrial_sectors": {"publication_overall": [], "citation_overall": [], "publication_10_years": [], "citation_10_years": [], "publication_5_years": [], "citation_5_years": []}}