{"name": "Workshop on Computational Approaches to Code Switching", "acronym": "CACS", "type": "conference", "uniqueEntities": {"organizations": {"George Washington University": {"name": "George Washington University", "type": "organization", "organization_type": "Education", "h_index": 93, "h5_index": 31, "num_publications": 5, "num_citations": 79, "num_publications_5y": 5, "num_citations_5y": 62, "num_publications_10y": 5, "num_citations_10y": 62, "publications_years": {"2014": 3, "2016": 2}, "citations_years": {"2014": 12, "2015": 10, "2016": 12, "2017": 17, "2018": 11, "2019": 14, "2020": 3}, "old_citations": {"2014": 74, "2016": 5}, "isVisible": false}, "Columbia University": {"name": "Columbia University", "type": "organization", "organization_type": "Education", "h_index": 249, "h5_index": 61, "num_publications": 4, "num_citations": 77, "num_publications_5y": 4, "num_citations_5y": 60, "num_publications_10y": 4, "num_citations_10y": 60, "publications_years": {"2014": 3, "2016": 1}, "citations_years": {"2014": 12, "2015": 10, "2016": 12, "2017": 16, "2018": 10, "2019": 14, "2020": 3}, "old_citations": {"2014": 74, "2016": 3}, "isVisible": false}, "Dublin City University": {"name": "Dublin City University", "type": "organization", "organization_type": "Education", "h_index": 80, "h5_index": 27, "num_publications": 4, "num_citations": 115, "num_publications_5y": 4, "num_citations_5y": 81, "num_publications_10y": 4, "num_citations_10y": 82, "publications_years": {"2016": 2, "2014": 2}, "citations_years": {"2018": 33, "2019": 26, "2020": 7, "2013": 1, "2014": 3, "2015": 12, "2016": 19, "2017": 14}, "old_citations": {"2016": 16, "2014": 99}, "isVisible": false}, "Jadavpur University": {"name": "Jadavpur University", "type": "organization", "organization_type": "Education", "h_index": 60, "h5_index": 21, "num_publications": 3, "num_citations": 14, "num_publications_5y": 3, "num_citations_5y": 10, "num_publications_10y": 3, "num_citations_10y": 10, "publications_years": {"2016": 3}, "citations_years": {"2018": 8, "2017": 2, "2019": 4}, "old_citations": {"2016": 14}, "isVisible": false}, "University of Washington": {"name": "University of Washington", "type": "organization", "organization_type": "Education", "h_index": 312, "h5_index": 71, "num_publications": 3, "num_citations": 19, "num_publications_5y": 3, "num_citations_5y": 14, "num_publications_10y": 3, "num_citations_10y": 14, "publications_years": {"2016": 3}, "citations_years": {"2018": 9, "2019": 5, "2017": 5}, "old_citations": {"2016": 19}, "isVisible": false}, "Carnegie Mellon University": {"name": "Carnegie Mellon University", "type": "organization", "organization_type": "Education", "h_index": 441, "h5_index": 107, "num_publications": 2, "num_citations": 16, "num_publications_5y": 2, "num_citations_5y": 14, "num_publications_10y": 2, "num_citations_10y": 14, "publications_years": {"2014": 2}, "citations_years": {"2014": 5, "2015": 1, "2016": 3, "2017": 2, "2018": 3, "2019": 2}, "old_citations": {"2014": 16}, "isVisible": false}, "Howard University": {"name": "Howard University", "type": "organization", "organization_type": "Education", "h_index": 27, "h5_index": 14, "num_publications": 2, "num_citations": 10, "num_publications_5y": 2, "num_citations_5y": 6, "num_publications_10y": 2, "num_citations_10y": 6, "publications_years": {"2016": 2}, "citations_years": {"2018": 5, "2019": 4, "2017": 1}, "old_citations": {"2016": 10}, "isVisible": false}, "McGill University": {"name": "McGill University", "type": "organization", "organization_type": "Education", "h_index": 142, "h5_index": 47, "num_publications": 2, "num_citations": 8, "num_publications_5y": 2, "num_citations_5y": 7, "num_publications_10y": 2, "num_citations_10y": 7, "publications_years": {"2014": 1, "2016": 1}, "citations_years": {"2015": 2, "2016": 3, "2017": 1, "2018": 1, "2019": 1}, "old_citations": {"2014": 6, "2016": 2}, "isVisible": false}, "Microsoft (United States)": {"name": "Microsoft (United States)", "type": "organization", "organization_type": "Company", "h_index": 460, "h5_index": 116, "num_publications": 2, "num_citations": 61, "num_publications_5y": 2, "num_citations_5y": 46, "num_publications_10y": 2, "num_citations_10y": 46, "publications_years": {"2014": 2}, "citations_years": {"2014": 3, "2015": 6, "2016": 15, "2017": 12, "2018": 10, "2019": 13, "2020": 2}, "old_citations": {"2014": 61}, "isVisible": false}, "University of Alabama at Birmingham": {"name": "University of Alabama at Birmingham", "type": "organization", "organization_type": "Education", "h_index": 57, "h5_index": 24, "num_publications": 2, "num_citations": 54, "num_publications_5y": 2, "num_citations_5y": 38, "num_publications_10y": 2, "num_citations_10y": 38, "publications_years": {"2016": 1, "2014": 1}, "citations_years": {"2017": 9, "2018": 12, "2019": 15, "2014": 8, "2015": 5, "2016": 4, "2020": 1}, "old_citations": {"2016": 10, "2014": 44}, "isVisible": false}, "University of Houston": {"name": "University of Houston", "type": "organization", "organization_type": "Education", "h_index": 107, "h5_index": 37, "num_publications": 2, "num_citations": 13, "num_publications_5y": 2, "num_citations_5y": 8, "num_publications_10y": 2, "num_citations_10y": 8, "publications_years": {"2016": 2}, "citations_years": {"2017": 3, "2018": 5, "2019": 4, "2020": 1}, "old_citations": {"2016": 13}, "isVisible": false}, "Ghent University": {"name": "Ghent University", "type": "organization", "organization_type": "Education", "h_index": 119, "h5_index": 37, "num_publications": 1, "num_citations": 11, "num_publications_5y": 1, "num_citations_5y": 4, "num_publications_10y": 1, "num_citations_10y": 4, "publications_years": {"2016": 1}, "citations_years": {"2017": 3, "2018": 1, "2019": 5, "2020": 2}, "old_citations": {"2016": 11}, "isVisible": false}, "HRL Laboratories (United States)": {"name": "HRL Laboratories (United States)", "type": "organization", "organization_type": "Company", "h_index": 58, "h5_index": 12, "num_publications": 1, "num_citations": 6, "num_publications_5y": 1, "num_citations_5y": 6, "num_publications_10y": 1, "num_citations_10y": 6, "publications_years": {"2014": 1}, "citations_years": {"2015": 2, "2016": 3, "2017": 1}, "old_citations": {"2014": 6}, "isVisible": false}, "Hong Kong University of Science and Technology": {"name": "Hong Kong University of Science and Technology", "type": "organization", "organization_type": "Education", "h_index": 194, "h5_index": 55, "num_publications": 1, "num_citations": 44, "num_publications_5y": 1, "num_citations_5y": 32, "num_publications_10y": 1, "num_citations_10y": 32, "publications_years": {"2014": 1}, "citations_years": {"2014": 8, "2015": 5, "2016": 4, "2017": 8, "2018": 7, "2019": 11, "2020": 1}, "old_citations": {"2014": 44}, "isVisible": false}, "Indian Institute of Technology Patna": {"name": "Indian Institute of Technology Patna", "type": "organization", "organization_type": "Education", "h_index": 23, "h5_index": 15, "num_publications": 1, "num_citations": 0, "num_publications_5y": 1, "num_citations_5y": 0, "num_publications_10y": 1, "num_citations_10y": 0, "publications_years": {"2016": 1}, "citations_years": {}, "old_citations": {"2016": 0}, "isVisible": false}, "Indiana University": {"name": "Indiana University", "type": "organization", "organization_type": "Education", "h_index": 109, "h5_index": 29, "num_publications": 1, "num_citations": 4, "num_publications_5y": 1, "num_citations_5y": 3, "num_publications_10y": 1, "num_citations_10y": 3, "publications_years": {"2014": 1}, "citations_years": {"2014": 1, "2015": 1, "2016": 0, "2017": 0, "2018": 1, "2019": 0, "2020": 1}, "old_citations": {"2014": 4}, "isVisible": false}, "International Institute of Information Technology, Hyderabad": {"name": "International Institute of Information Technology, Hyderabad", "type": "organization", "organization_type": "Education", "h_index": 53, "h5_index": 30, "num_publications": 1, "num_citations": 8, "num_publications_5y": 1, "num_citations_5y": 6, "num_publications_10y": 1, "num_citations_10y": 6, "publications_years": {"2014": 1}, "citations_years": {"2014": 1, "2015": 1, "2016": 2, "2017": 1, "2018": 1, "2019": 1, "2020": 1}, "old_citations": {"2014": 8}, "isVisible": false}, "Karlsruhe Institute of Technology": {"name": "Karlsruhe Institute of Technology", "type": "organization", "organization_type": "Education", "h_index": 156, "h5_index": 37, "num_publications": 1, "num_citations": 4, "num_publications_5y": 1, "num_citations_5y": 4, "num_publications_10y": 1, "num_citations_10y": 4, "publications_years": {"2014": 1}, "citations_years": {"2016": 3, "2017": 0, "2018": 1}, "old_citations": {"2014": 4}, "isVisible": false}, "Ludwig Maximilian University of Munich": {"name": "Ludwig Maximilian University of Munich", "type": "organization", "organization_type": "Education", "h_index": 137, "h5_index": 37, "num_publications": 1, "num_citations": 4, "num_publications_5y": 1, "num_citations_5y": 4, "num_publications_10y": 1, "num_citations_10y": 4, "publications_years": {"2014": 1}, "citations_years": {"2016": 3, "2017": 0, "2018": 1}, "old_citations": {"2014": 4}, "isVisible": false}, "New York University": {"name": "New York University", "type": "organization", "organization_type": "Education", "h_index": 228, "h5_index": 59, "num_publications": 1, "num_citations": 12, "num_publications_5y": 1, "num_citations_5y": 10, "num_publications_10y": 1, "num_citations_10y": 10, "publications_years": {"2014": 1}, "citations_years": {"2014": 2, "2015": 2, "2016": 3, "2017": 2, "2018": 1, "2019": 1, "2020": 1}, "old_citations": {"2014": 12}, "isVisible": false}, "Norwegian University of Science and Technology": {"name": "Norwegian University of Science and Technology", "type": "organization", "organization_type": "Education", "h_index": 101, "h5_index": 35, "num_publications": 1, "num_citations": 0, "num_publications_5y": 1, "num_citations_5y": 0, "num_publications_10y": 1, "num_citations_10y": 0, "publications_years": {"2016": 1}, "citations_years": {}, "old_citations": {"2016": 0}, "isVisible": false}, "Tel Aviv University": {"name": "Tel Aviv University", "type": "organization", "organization_type": "Education", "h_index": 157, "h5_index": 44, "num_publications": 1, "num_citations": 7, "num_publications_5y": 1, "num_citations_5y": 7, "num_publications_10y": 1, "num_citations_10y": 7, "publications_years": {"2014": 1}, "citations_years": {"2016": 4, "2017": 1, "2018": 2}, "old_citations": {"2014": 7}, "isVisible": false}, "The University of Texas at Austin": {"name": "The University of Texas at Austin", "type": "organization", "organization_type": "Education", "h_index": 268, "h5_index": 65, "num_publications": 1, "num_citations": 8, "num_publications_5y": 1, "num_citations_5y": 7, "num_publications_10y": 1, "num_citations_10y": 7, "publications_years": {"2016": 1}, "citations_years": {"2017": 3, "2018": 4, "2019": 1}, "old_citations": {"2016": 8}, "isVisible": false}, "Tilburg University": {"name": "Tilburg University", "type": "organization", "organization_type": "Education", "h_index": 85, "h5_index": 18, "num_publications": 1, "num_citations": 6, "num_publications_5y": 1, "num_citations_5y": 4, "num_publications_10y": 1, "num_citations_10y": 4, "publications_years": {"2014": 1}, "citations_years": {"2015": 1, "2016": 1, "2017": 0, "2018": 2, "2019": 2}, "old_citations": {"2014": 6}, "isVisible": false}, "University of North Texas": {"name": "University of North Texas", "type": "organization", "organization_type": "Education", "h_index": 86, "h5_index": 31, "num_publications": 1, "num_citations": 89, "num_publications_5y": 1, "num_citations_5y": 62, "num_publications_10y": 1, "num_citations_10y": 63, "publications_years": {"2014": 1}, "citations_years": {"2013": 1, "2014": 2, "2015": 10, "2016": 16, "2017": 12, "2018": 22, "2019": 20, "2020": 6}, "old_citations": {"2014": 89}, "isVisible": false}, "University of Stuttgart": {"name": "University of Stuttgart", "type": "organization", "organization_type": "Education", "h_index": 113, "h5_index": 32, "num_publications": 1, "num_citations": 11, "num_publications_5y": 1, "num_citations_5y": 4, "num_publications_10y": 1, "num_citations_10y": 4, "publications_years": {"2016": 1}, "citations_years": {"2017": 3, "2018": 1, "2019": 5, "2020": 2}, "old_citations": {"2016": 11}, "isVisible": false}, "University of Twente": {"name": "University of Twente", "type": "organization", "organization_type": "Education", "h_index": 122, "h5_index": 27, "num_publications": 1, "num_citations": 6, "num_publications_5y": 1, "num_citations_5y": 4, "num_publications_10y": 1, "num_citations_10y": 4, "publications_years": {"2014": 1}, "citations_years": {"2015": 1, "2016": 1, "2017": 0, "2018": 2, "2019": 2}, "old_citations": {"2014": 6}, "isVisible": false}, "University of T\u00fcbingen": {"name": "University of T\u00fcbingen", "type": "organization", "organization_type": "Education", "h_index": 97, "h5_index": 30, "num_publications": 1, "num_citations": 2, "num_publications_5y": 1, "num_citations_5y": 0, "num_publications_10y": 1, "num_citations_10y": 0, "publications_years": {"2016": 1}, "citations_years": {"2019": 2}, "old_citations": {"2016": 2}, "isVisible": false}, "University of Zurich": {"name": "University of Zurich", "type": "organization", "organization_type": "Education", "h_index": 118, "h5_index": 44, "num_publications": 1, "num_citations": 4, "num_publications_5y": 1, "num_citations_5y": 3, "num_publications_10y": 1, "num_citations_10y": 3, "publications_years": {"2014": 1}, "citations_years": {"2016": 2, "2017": 0, "2018": 1, "2019": 1}, "old_citations": {"2014": 4}, "isVisible": false}}, "topics": {"computer science": {"name": "computer science", "type": "topic", "h_index": 1779, "h5_index": 416, "num_publications": 31, "num_citations": 368, "num_publications_5y": 31, "num_citations_5y": 275, "num_publications_10y": 31, "num_citations_10y": 276, "publications_years": {"2016": 14, "2014": 17}, "citations_years": {"2018": 87, "2019": 77, "2020": 15, "2016": 65, "2017": 61, "2014": 26, "2015": 36, "2013": 1}, "old_citations": {"2016": 72, "2014": 296}, "isVisible": false}, "computer systems": {"name": "computer systems", "type": "topic", "h_index": 1595, "h5_index": 367, "num_publications": 25, "num_citations": 325, "num_publications_5y": 25, "num_citations_5y": 243, "num_publications_10y": 25, "num_citations_10y": 244, "publications_years": {"2016": 10, "2014": 15}, "citations_years": {"2018": 72, "2019": 67, "2020": 14, "2016": 58, "2017": 55, "2014": 24, "2015": 34, "2013": 1}, "old_citations": {"2016": 48, "2014": 277}, "isVisible": false}, "linguistics": {"name": "linguistics", "type": "topic", "h_index": 867, "h5_index": 206, "num_publications": 24, "num_citations": 318, "num_publications_5y": 24, "num_citations_5y": 235, "num_publications_10y": 24, "num_citations_10y": 236, "publications_years": {"2016": 9, "2014": 15}, "citations_years": {"2018": 69, "2019": 68, "2020": 14, "2016": 58, "2017": 49, "2014": 25, "2015": 34, "2013": 1}, "old_citations": {"2016": 39, "2014": 279}, "isVisible": false}, "artificial intelligence": {"name": "artificial intelligence", "type": "topic", "h_index": 1421, "h5_index": 373, "num_publications": 20, "num_citations": 272, "num_publications_5y": 20, "num_citations_5y": 208, "num_publications_10y": 20, "num_citations_10y": 209, "publications_years": {"2016": 6, "2014": 14}, "citations_years": {"2018": 62, "2019": 52, "2020": 11, "2016": 54, "2017": 38, "2014": 25, "2015": 29, "2013": 1}, "old_citations": {"2016": 26, "2014": 246}, "isVisible": false}, "communication": {"name": "communication", "type": "topic", "h_index": 886, "h5_index": 209, "num_publications": 19, "num_citations": 260, "num_publications_5y": 19, "num_citations_5y": 195, "num_publications_10y": 19, "num_citations_10y": 196, "publications_years": {"2014": 11, "2016": 8}, "citations_years": {"2014": 22, "2015": 27, "2016": 43, "2017": 46, "2018": 57, "2019": 52, "2020": 12, "2013": 1}, "old_citations": {"2014": 221, "2016": 39}, "isVisible": false}, "computer programming": {"name": "computer programming", "type": "topic", "h_index": 873, "h5_index": 186, "num_publications": 18, "num_citations": 170, "num_publications_5y": 18, "num_citations_5y": 132, "num_publications_10y": 18, "num_citations_10y": 132, "publications_years": {"2014": 10, "2016": 8}, "citations_years": {"2014": 19, "2015": 17, "2016": 29, "2017": 33, "2018": 34, "2019": 34, "2020": 4}, "old_citations": {"2014": 132, "2016": 38}, "isVisible": false}, "information theory": {"name": "information theory", "type": "topic", "h_index": 652, "h5_index": 148, "num_publications": 18, "num_citations": 171, "num_publications_5y": 18, "num_citations_5y": 133, "num_publications_10y": 18, "num_citations_10y": 133, "publications_years": {"2014": 10, "2016": 8}, "citations_years": {"2014": 20, "2015": 17, "2016": 27, "2017": 34, "2018": 35, "2019": 32, "2020": 6}, "old_citations": {"2014": 132, "2016": 39}, "isVisible": false}, "semantics": {"name": "semantics", "type": "topic", "h_index": 803, "h5_index": 226, "num_publications": 18, "num_citations": 247, "num_publications_5y": 18, "num_citations_5y": 185, "num_publications_10y": 18, "num_citations_10y": 186, "publications_years": {"2016": 6, "2014": 12}, "citations_years": {"2018": 52, "2019": 50, "2020": 11, "2016": 47, "2017": 35, "2014": 24, "2015": 27, "2013": 1}, "old_citations": {"2016": 18, "2014": 229}, "isVisible": false}, "binary codes": {"name": "binary codes", "type": "topic", "h_index": 227, "h5_index": 54, "num_publications": 17, "num_citations": 167, "num_publications_5y": 17, "num_citations_5y": 130, "num_publications_10y": 17, "num_citations_10y": 130, "publications_years": {"2014": 9, "2016": 8}, "citations_years": {"2014": 19, "2015": 16, "2016": 27, "2017": 34, "2018": 34, "2019": 32, "2020": 5}, "old_citations": {"2014": 128, "2016": 39}, "isVisible": false}, "computer programming languages": {"name": "computer programming languages", "type": "topic", "h_index": 746, "h5_index": 154, "num_publications": 17, "num_citations": 168, "num_publications_5y": 17, "num_citations_5y": 132, "num_publications_10y": 17, "num_citations_10y": 132, "publications_years": {"2014": 10, "2016": 7}, "citations_years": {"2014": 19, "2015": 17, "2016": 29, "2017": 33, "2018": 34, "2019": 32, "2020": 4}, "old_citations": {"2014": 132, "2016": 36}, "isVisible": false}, "natural language processing": {"name": "natural language processing", "type": "topic", "h_index": 660, "h5_index": 182, "num_publications": 17, "num_citations": 245, "num_publications_5y": 17, "num_citations_5y": 185, "num_publications_10y": 17, "num_citations_10y": 186, "publications_years": {"2016": 5, "2014": 12}, "citations_years": {"2018": 52, "2019": 48, "2020": 11, "2016": 47, "2017": 35, "2014": 24, "2015": 27, "2013": 1}, "old_citations": {"2016": 16, "2014": 229}, "isVisible": false}, "natural languages": {"name": "natural languages", "type": "topic", "h_index": 664, "h5_index": 185, "num_publications": 17, "num_citations": 245, "num_publications_5y": 17, "num_citations_5y": 185, "num_publications_10y": 17, "num_citations_10y": 186, "publications_years": {"2016": 5, "2014": 12}, "citations_years": {"2018": 52, "2019": 48, "2020": 11, "2016": 47, "2017": 35, "2014": 24, "2015": 27, "2013": 1}, "old_citations": {"2016": 16, "2014": 229}, "isVisible": false}, "code generation": {"name": "code generation", "type": "topic", "h_index": 207, "h5_index": 40, "num_publications": 16, "num_citations": 164, "num_publications_5y": 16, "num_citations_5y": 128, "num_publications_10y": 16, "num_citations_10y": 128, "publications_years": {"2014": 9, "2016": 7}, "citations_years": {"2014": 19, "2015": 16, "2016": 27, "2017": 32, "2018": 34, "2019": 32, "2020": 4}, "old_citations": {"2014": 128, "2016": 36}, "isVisible": false}, "distributed computer systems": {"name": "distributed computer systems", "type": "topic", "h_index": 985, "h5_index": 228, "num_publications": 16, "num_citations": 164, "num_publications_5y": 16, "num_citations_5y": 128, "num_publications_10y": 16, "num_citations_10y": 128, "publications_years": {"2014": 9, "2016": 7}, "citations_years": {"2014": 19, "2015": 16, "2016": 27, "2017": 32, "2018": 34, "2019": 32, "2020": 4}, "old_citations": {"2014": 128, "2016": 36}, "isVisible": false}, "distributed systems": {"name": "distributed systems", "type": "topic", "h_index": 859, "h5_index": 209, "num_publications": 16, "num_citations": 164, "num_publications_5y": 16, "num_citations_5y": 128, "num_publications_10y": 16, "num_citations_10y": 128, "publications_years": {"2014": 9, "2016": 7}, "citations_years": {"2014": 19, "2015": 16, "2016": 27, "2017": 32, "2018": 34, "2019": 32, "2020": 4}, "old_citations": {"2014": 128, "2016": 36}, "isVisible": false}, "parallel processing systems": {"name": "parallel processing systems", "type": "topic", "h_index": 845, "h5_index": 208, "num_publications": 16, "num_citations": 164, "num_publications_5y": 16, "num_citations_5y": 128, "num_publications_10y": 16, "num_citations_10y": 128, "publications_years": {"2014": 9, "2016": 7}, "citations_years": {"2014": 19, "2015": 16, "2016": 27, "2017": 32, "2018": 34, "2019": 32, "2020": 4}, "old_citations": {"2014": 128, "2016": 36}, "isVisible": false}, "program compilers": {"name": "program compilers", "type": "topic", "h_index": 531, "h5_index": 104, "num_publications": 16, "num_citations": 164, "num_publications_5y": 16, "num_citations_5y": 128, "num_publications_10y": 16, "num_citations_10y": 128, "publications_years": {"2014": 9, "2016": 7}, "citations_years": {"2014": 19, "2015": 16, "2016": 27, "2017": 32, "2018": 34, "2019": 32, "2020": 4}, "old_citations": {"2014": 128, "2016": 36}, "isVisible": false}, "database systems": {"name": "database systems", "type": "topic", "h_index": 1167, "h5_index": 276, "num_publications": 15, "num_citations": 231, "num_publications_5y": 15, "num_citations_5y": 176, "num_publications_10y": 15, "num_citations_10y": 177, "publications_years": {"2014": 11, "2016": 4}, "citations_years": {"2016": 44, "2017": 35, "2018": 50, "2014": 22, "2015": 25, "2019": 45, "2020": 9, "2013": 1}, "old_citations": {"2014": 217, "2016": 14}, "isVisible": false}, "computational linguistics": {"name": "computational linguistics", "type": "topic", "h_index": 668, "h5_index": 175, "num_publications": 14, "num_citations": 227, "num_publications_5y": 14, "num_citations_5y": 174, "num_publications_10y": 14, "num_citations_10y": 175, "publications_years": {"2014": 11, "2016": 3}, "citations_years": {"2016": 44, "2017": 35, "2018": 48, "2014": 22, "2015": 25, "2019": 43, "2020": 9, "2013": 1}, "old_citations": {"2014": 217, "2016": 10}, "isVisible": false}, "mathematics": {"name": "mathematics", "type": "topic", "h_index": 1364, "h5_index": 300, "num_publications": 12, "num_citations": 131, "num_publications_5y": 12, "num_citations_5y": 100, "num_publications_10y": 12, "num_citations_10y": 100, "publications_years": {"2014": 7, "2016": 5}, "citations_years": {"2014": 18, "2015": 13, "2016": 19, "2017": 23, "2018": 27, "2019": 26, "2020": 5}, "old_citations": {"2014": 104, "2016": 27}, "isVisible": false}, "internet": {"name": "internet", "type": "topic", "h_index": 1102, "h5_index": 245, "num_publications": 10, "num_citations": 181, "num_publications_5y": 10, "num_citations_5y": 131, "num_publications_10y": 10, "num_citations_10y": 132, "publications_years": {"2016": 4, "2014": 6}, "citations_years": {"2018": 43, "2019": 38, "2020": 11, "2014": 6, "2015": 19, "2016": 33, "2017": 30, "2013": 1}, "old_citations": {"2016": 25, "2014": 156}, "isVisible": false}, "world wide web": {"name": "world wide web", "type": "topic", "h_index": 869, "h5_index": 173, "num_publications": 10, "num_citations": 181, "num_publications_5y": 10, "num_citations_5y": 131, "num_publications_10y": 10, "num_citations_10y": 132, "publications_years": {"2016": 4, "2014": 6}, "citations_years": {"2018": 43, "2019": 38, "2020": 11, "2014": 6, "2015": 19, "2016": 33, "2017": 30, "2013": 1}, "old_citations": {"2016": 25, "2014": 156}, "isVisible": false}, "social media": {"name": "social media", "type": "topic", "h_index": 272, "h5_index": 77, "num_publications": 9, "num_citations": 179, "num_publications_5y": 9, "num_citations_5y": 131, "num_publications_10y": 9, "num_citations_10y": 132, "publications_years": {"2016": 3, "2014": 6}, "citations_years": {"2018": 43, "2019": 36, "2020": 11, "2014": 6, "2015": 19, "2016": 33, "2017": 30, "2013": 1}, "old_citations": {"2016": 23, "2014": 156}, "isVisible": false}, "social networks": {"name": "social networks", "type": "topic", "h_index": 441, "h5_index": 102, "num_publications": 8, "num_citations": 173, "num_publications_5y": 8, "num_citations_5y": 128, "num_publications_10y": 8, "num_citations_10y": 129, "publications_years": {"2014": 6, "2016": 2}, "citations_years": {"2014": 6, "2015": 19, "2016": 33, "2017": 30, "2018": 40, "2019": 34, "2020": 10, "2013": 1}, "old_citations": {"2014": 156, "2016": 17}, "isVisible": false}, "machine learning": {"name": "machine learning", "type": "topic", "h_index": 1123, "h5_index": 351, "num_publications": 11, "num_citations": 169, "num_publications_5y": 11, "num_citations_5y": 129, "num_publications_10y": 11, "num_citations_10y": 130, "publications_years": {"2014": 8, "2016": 3}, "citations_years": {"2016": 39, "2017": 21, "2018": 42, "2014": 9, "2015": 18, "2019": 30, "2020": 9, "2013": 1}, "old_citations": {"2014": 157, "2016": 12}, "isVisible": false}, "software engineering": {"name": "software engineering", "type": "topic", "h_index": 964, "h5_index": 236, "num_publications": 12, "num_citations": 119, "num_publications_5y": 12, "num_citations_5y": 90, "num_publications_10y": 12, "num_citations_10y": 90, "publications_years": {"2016": 7, "2014": 5}, "citations_years": {"2017": 24, "2018": 28, "2015": 10, "2016": 18, "2019": 26, "2014": 10, "2020": 3}, "old_citations": {"2016": 36, "2014": 83}, "isVisible": false}, "source codes": {"name": "source codes", "type": "topic", "h_index": 332, "h5_index": 86, "num_publications": 12, "num_citations": 119, "num_publications_5y": 12, "num_citations_5y": 90, "num_publications_10y": 12, "num_citations_10y": 90, "publications_years": {"2016": 7, "2014": 5}, "citations_years": {"2017": 24, "2018": 28, "2015": 10, "2016": 18, "2019": 26, "2014": 10, "2020": 3}, "old_citations": {"2016": 36, "2014": 83}, "isVisible": false}, "linear matrix inequalities": {"name": "linear matrix inequalities", "type": "topic", "h_index": 571, "h5_index": 144, "num_publications": 5, "num_citations": 29, "num_publications_5y": 5, "num_citations_5y": 21, "num_publications_10y": 5, "num_citations_10y": 21, "publications_years": {"2016": 4, "2014": 1}, "citations_years": {"2017": 8, "2018": 8, "2019": 6, "2015": 2, "2016": 3, "2020": 2}, "old_citations": {"2016": 23, "2014": 6}, "isVisible": false}}, "authors": {"2124289572": {"name": "mona diab", "type": "author", "activity": 22, "h_index": 33, "h5_index": 6, "mag_id": "2124289572", "num_publications": 4, "num_citations": 67, "num_publications_5y": 4, "num_citations_5y": 52, "num_publications_10y": 4, "num_citations_10y": 52, "publications_years": {"2014": 2, "2016": 2}, "citations_years": {"2014": 10, "2015": 8, "2016": 9, "2017": 15, "2018": 10, "2019": 13, "2020": 2}, "old_citations": {"2014": 62, "2016": 5}, "isVisible": false}, "143758417": {"name": "thamar solorio", "type": "author", "activity": 19, "h_index": 16, "h5_index": 8, "mag_id": "143758417", "num_publications": 3, "num_citations": 57, "num_publications_5y": 3, "num_citations_5y": 40, "num_publications_10y": 3, "num_citations_10y": 40, "publications_years": {"2016": 2, "2014": 1}, "citations_years": {"2017": 11, "2018": 12, "2019": 15, "2020": 2, "2014": 8, "2015": 5, "2016": 4}, "old_citations": {"2016": 13, "2014": 44}, "isVisible": false}, "2101415595": {"name": "dipankar das", "type": "author", "activity": 22, "h_index": 13, "h5_index": 6, "mag_id": "2101415595", "num_publications": 3, "num_citations": 14, "num_publications_5y": 3, "num_citations_5y": 10, "num_publications_10y": 3, "num_citations_10y": 10, "publications_years": {"2016": 3}, "citations_years": {"2018": 8, "2017": 2, "2019": 4}, "old_citations": {"2016": 14}, "isVisible": false}, "2102489688": {"name": "jennifer foster", "type": "author", "activity": 16, "h_index": 19, "h5_index": 3, "mag_id": "2102489688", "num_publications": 3, "num_citations": 105, "num_publications_5y": 3, "num_citations_5y": 75, "num_publications_10y": 3, "num_citations_10y": 76, "publications_years": {"2016": 1, "2014": 2}, "citations_years": {"2018": 28, "2019": 22, "2020": 7, "2013": 1, "2014": 3, "2015": 12, "2016": 19, "2017": 13}, "old_citations": {"2016": 6, "2014": 99}, "isVisible": false}, "2162557111": {"name": "joachim wagner", "type": "author", "activity": 16, "h_index": 12, "h5_index": 1, "mag_id": "2162557111", "num_publications": 3, "num_citations": 105, "num_publications_5y": 3, "num_citations_5y": 75, "num_publications_10y": 3, "num_citations_10y": 76, "publications_years": {"2016": 1, "2014": 2}, "citations_years": {"2018": 28, "2019": 22, "2020": 7, "2013": 1, "2014": 3, "2015": 12, "2016": 19, "2017": 13}, "old_citations": {"2016": 6, "2014": 99}, "isVisible": false}, "2252233035": {"name": "mohamed albadrashiny", "type": "author", "activity": 12, "h_index": 10, "h5_index": 3, "mag_id": "2252233035", "num_publications": 3, "num_citations": 32, "num_publications_5y": 3, "num_citations_5y": 28, "num_publications_10y": 3, "num_citations_10y": 28, "publications_years": {"2014": 2, "2016": 1}, "citations_years": {"2014": 4, "2015": 5, "2016": 8, "2017": 7, "2018": 4, "2019": 3, "2020": 1}, "old_citations": {"2014": 30, "2016": 2}, "isVisible": false}, "2528400514": {"name": "utsab barman", "type": "author", "activity": 9, "h_index": 5, "h5_index": 2, "mag_id": "2528400514", "num_publications": 3, "num_citations": 105, "num_publications_5y": 3, "num_citations_5y": 75, "num_publications_10y": 3, "num_citations_10y": 76, "publications_years": {"2016": 1, "2014": 2}, "citations_years": {"2018": 28, "2019": 22, "2020": 7, "2013": 1, "2014": 3, "2015": 12, "2016": 19, "2017": 13}, "old_citations": {"2016": 6, "2014": 99}, "isVisible": false}, "21209263": {"name": "laura kallmeyer", "type": "author", "activity": 24, "h_index": 14, "h5_index": 4, "mag_id": "21209263", "num_publications": 2, "num_citations": 12, "num_publications_5y": 2, "num_citations_5y": 6, "num_publications_10y": 2, "num_citations_10y": 6, "publications_years": {"2016": 2}, "citations_years": {"2019": 6, "2017": 1, "2018": 5}, "old_citations": {"2016": 12}, "isVisible": false}, "1269697726": {"name": "younes samih", "type": "author", "activity": 9, "h_index": 7, "h5_index": 5, "mag_id": "1269697726", "num_publications": 2, "num_citations": 12, "num_publications_5y": 2, "num_citations_5y": 6, "num_publications_10y": 2, "num_citations_10y": 6, "publications_years": {"2016": 2}, "citations_years": {"2019": 6, "2017": 1, "2018": 5}, "old_citations": {"2016": 12}, "isVisible": false}, "1970029907": {"name": "mohamed f chouikha", "type": "author", "activity": 28, "h_index": 6, "h5_index": 2, "mag_id": "1970029907", "num_publications": 2, "num_citations": 10, "num_publications_5y": 2, "num_citations_5y": 6, "num_publications_10y": 2, "num_citations_10y": 6, "publications_years": {"2016": 2}, "citations_years": {"2018": 5, "2019": 4, "2017": 1}, "old_citations": {"2016": 10}, "isVisible": false}, "1983359683": {"name": "julia hirschberg", "type": "author", "activity": 30, "h_index": 49, "h5_index": 6, "mag_id": "1983359683", "num_publications": 2, "num_citations": 47, "num_publications_5y": 2, "num_citations_5y": 34, "num_publications_10y": 2, "num_citations_10y": 34, "publications_years": {"2016": 1, "2014": 1}, "citations_years": {"2017": 10, "2018": 7, "2019": 11, "2020": 2, "2014": 8, "2015": 5, "2016": 4}, "old_citations": {"2016": 3, "2014": 44}, "isVisible": false}, "2026971652": {"name": "ngoc thang vu", "type": "author", "activity": 12, "h_index": 19, "h5_index": 9, "mag_id": "2026971652", "num_publications": 2, "num_citations": 15, "num_publications_5y": 2, "num_citations_5y": 8, "num_publications_10y": 2, "num_citations_10y": 8, "publications_years": {"2014": 1, "2016": 1}, "citations_years": {"2016": 3, "2017": 3, "2018": 2, "2019": 5, "2020": 2}, "old_citations": {"2014": 4, "2016": 11}, "isVisible": false}, "2031698089": {"name": "kalika bali", "type": "author", "activity": 16, "h_index": 14, "h5_index": 4, "mag_id": "2031698089", "num_publications": 2, "num_citations": 61, "num_publications_5y": 2, "num_citations_5y": 46, "num_publications_10y": 2, "num_citations_10y": 46, "publications_years": {"2014": 2}, "citations_years": {"2014": 3, "2015": 6, "2016": 15, "2017": 12, "2018": 10, "2019": 13, "2020": 2}, "old_citations": {"2014": 61}, "isVisible": false}, "2070743323": {"name": "abdelati hawwari", "type": "author", "activity": 8, "h_index": 7, "h5_index": 3, "mag_id": "2070743323", "num_publications": 2, "num_citations": 47, "num_publications_5y": 2, "num_citations_5y": 34, "num_publications_10y": 2, "num_citations_10y": 34, "publications_years": {"2016": 1, "2014": 1}, "citations_years": {"2017": 10, "2018": 7, "2019": 11, "2020": 2, "2014": 8, "2015": 5, "2016": 4}, "old_citations": {"2016": 3, "2014": 44}, "isVisible": false}, "2129752654": {"name": "yogarshi vyas", "type": "author", "activity": 6, "h_index": 7, "h5_index": 4, "mag_id": "2129752654", "num_publications": 2, "num_citations": 61, "num_publications_5y": 2, "num_citations_5y": 46, "num_publications_10y": 2, "num_citations_10y": 46, "publications_years": {"2014": 2}, "citations_years": {"2014": 3, "2015": 6, "2016": 15, "2017": 12, "2018": 10, "2019": 13, "2020": 2}, "old_citations": {"2014": 61}, "isVisible": false}, "2134070957": {"name": "suraj maharjan", "type": "author", "activity": 8, "h_index": 8, "h5_index": 6, "mag_id": "2134070957", "num_publications": 2, "num_citations": 54, "num_publications_5y": 2, "num_citations_5y": 38, "num_publications_10y": 2, "num_citations_10y": 38, "publications_years": {"2016": 1, "2014": 1}, "citations_years": {"2017": 9, "2018": 12, "2019": 15, "2014": 8, "2015": 5, "2016": 4, "2020": 1}, "old_citations": {"2016": 10, "2014": 44}, "isVisible": false}, "2162966668": {"name": "monojit choudhury", "type": "author", "activity": 18, "h_index": 17, "h5_index": 5, "mag_id": "2162966668", "num_publications": 2, "num_citations": 61, "num_publications_5y": 2, "num_citations_5y": 46, "num_publications_10y": 2, "num_citations_10y": 46, "publications_years": {"2014": 2}, "citations_years": {"2014": 3, "2015": 6, "2016": 15, "2017": 12, "2018": 10, "2019": 13, "2020": 2}, "old_citations": {"2014": 61}, "isVisible": false}, "2250272102": {"name": "prajwol shrestha", "type": "author", "activity": 3, "h_index": 2, "h5_index": 1, "mag_id": "2250272102", "num_publications": 2, "num_citations": 6, "num_publications_5y": 2, "num_citations_5y": 5, "num_publications_10y": 2, "num_citations_10y": 5, "publications_years": {"2014": 1, "2016": 1}, "citations_years": {"2015": 1, "2016": 2, "2017": 1, "2018": 1, "2019": 1}, "old_citations": {"2014": 4, "2016": 2}, "isVisible": false}, "2251124897": {"name": "fahad alghamdi", "type": "author", "activity": 6, "h_index": 3, "h5_index": 3, "mag_id": "2251124897", "num_publications": 2, "num_citations": 47, "num_publications_5y": 2, "num_citations_5y": 34, "num_publications_10y": 2, "num_citations_10y": 34, "publications_years": {"2016": 1, "2014": 1}, "citations_years": {"2017": 10, "2018": 7, "2019": 11, "2020": 2, "2014": 8, "2015": 5, "2016": 4}, "old_citations": {"2016": 3, "2014": 44}, "isVisible": false}, "2528165606": {"name": "rouzbeh a shirvani", "type": "author", "activity": 5, "h_index": 3, "h5_index": 3, "mag_id": "2528165606", "num_publications": 2, "num_citations": 10, "num_publications_5y": 2, "num_citations_5y": 6, "num_publications_10y": 2, "num_citations_10y": 6, "publications_years": {"2016": 2}, "citations_years": {"2018": 5, "2019": 4, "2017": 1}, "old_citations": {"2016": 10}, "isVisible": false}, "2562239796": {"name": "arunavha chanda", "type": "author", "activity": 1, "h_index": 2, "h5_index": 2, "mag_id": "2562239796", "num_publications": 2, "num_citations": 6, "num_publications_5y": 2, "num_citations_5y": 4, "num_publications_10y": 2, "num_citations_10y": 4, "publications_years": {"2016": 2}, "citations_years": {"2018": 3, "2017": 1, "2019": 2}, "old_citations": {"2016": 6}, "isVisible": false}, "2562280576": {"name": "mario piergallini", "type": "author", "activity": 1, "h_index": 2, "h5_index": 2, "mag_id": "2562280576", "num_publications": 2, "num_citations": 10, "num_publications_5y": 2, "num_citations_5y": 6, "num_publications_10y": 2, "num_citations_10y": 6, "publications_years": {"2016": 2}, "citations_years": {"2018": 5, "2019": 4, "2017": 1}, "old_citations": {"2016": 10}, "isVisible": false}, "2564555999": {"name": "gauri shankar gautam", "type": "author", "activity": 1, "h_index": 2, "h5_index": 2, "mag_id": "2564555999", "num_publications": 2, "num_citations": 10, "num_publications_5y": 2, "num_citations_5y": 6, "num_publications_10y": 2, "num_citations_10y": 6, "publications_years": {"2016": 2}, "citations_years": {"2018": 5, "2019": 4, "2017": 1}, "old_citations": {"2016": 10}, "isVisible": false}, "2588592365": {"name": "chandan mazumdar", "type": "author", "activity": 1, "h_index": 2, "h5_index": 2, "mag_id": "2588592365", "num_publications": 2, "num_citations": 6, "num_publications_5y": 2, "num_citations_5y": 4, "num_publications_10y": 2, "num_citations_10y": 4, "publications_years": {"2016": 2}, "citations_years": {"2018": 3, "2017": 1, "2019": 2}, "old_citations": {"2016": 6}, "isVisible": false}, "2991780597": {"name": "wolfgang maier", "type": "author", "activity": 13, "h_index": 10, "h5_index": 3, "mag_id": "2991780597", "num_publications": 2, "num_citations": 6, "num_publications_5y": 2, "num_citations_5y": 3, "num_publications_10y": 2, "num_citations_10y": 3, "publications_years": {"2014": 1, "2016": 1}, "citations_years": {"2014": 1, "2015": 1, "2016": 0, "2017": 0, "2018": 1, "2019": 2, "2020": 1}, "old_citations": {"2014": 4, "2016": 2}, "isVisible": false}, "3739129": {"name": "bjorn gamback", "type": "author", "activity": 30, "h_index": 15, "h5_index": 4, "mag_id": "3739129", "num_publications": 1, "num_citations": 0, "num_publications_5y": 1, "num_citations_5y": 0, "num_publications_10y": 1, "num_citations_10y": 0, "publications_years": {"2016": 1}, "citations_years": {}, "old_citations": {"2016": 0}, "isVisible": false}, "97617712": {"name": "heba elfardy", "type": "author", "activity": 8, "h_index": 8, "h5_index": 2, "mag_id": "97617712", "num_publications": 1, "num_citations": 18, "num_publications_5y": 1, "num_citations_5y": 16, "num_publications_10y": 1, "num_citations_10y": 16, "publications_years": {"2014": 1}, "citations_years": {"2014": 2, "2015": 3, "2016": 5, "2017": 4, "2018": 2, "2019": 2}, "old_citations": {"2014": 18}, "isVisible": false}, "1186672756": {"name": "utpal kumar sikdar", "type": "author", "activity": 8, "h_index": 7, "h5_index": 2, "mag_id": "1186672756", "num_publications": 1, "num_citations": 0, "num_publications_5y": 1, "num_citations_5y": 0, "num_publications_10y": 1, "num_citations_10y": 0, "publications_years": {"2016": 1}, "citations_years": {}, "old_citations": {"2016": 0}, "isVisible": false}, "1228126434": {"name": "aaron jaech", "type": "author", "activity": 8, "h_index": 9, "h5_index": 7, "mag_id": "1228126434", "num_publications": 1, "num_citations": 9, "num_publications_5y": 1, "num_citations_5y": 8, "num_publications_10y": 1, "num_citations_10y": 8, "publications_years": {"2016": 1}, "citations_years": {"2017": 4, "2018": 4, "2019": 1}, "old_citations": {"2016": 9}, "isVisible": false}, "1416262672": {"name": "a seza dogruoz", "type": "author", "activity": 5, "h_index": 5, "h5_index": 1, "mag_id": "1416262672", "num_publications": 1, "num_citations": 6, "num_publications_5y": 1, "num_citations_5y": 4, "num_publications_10y": 1, "num_citations_10y": 4, "publications_years": {"2014": 1}, "citations_years": {"2015": 1, "2016": 1, "2017": 0, "2018": 2, "2019": 2}, "old_citations": {"2014": 6}, "isVisible": false}, "1418764031": {"name": "evangelos e papalexakis", "type": "author", "activity": 11, "h_index": 20, "h5_index": 9, "mag_id": "1418764031", "num_publications": 1, "num_citations": 6, "num_publications_5y": 1, "num_citations_5y": 4, "num_publications_10y": 1, "num_citations_10y": 4, "publications_years": {"2014": 1}, "citations_years": {"2015": 1, "2016": 1, "2017": 0, "2018": 2, "2019": 2}, "old_citations": {"2014": 6}, "isVisible": false}, "1941256502": {"name": "paul rodrigues", "type": "author", "activity": 9, "h_index": 4, "h5_index": 0, "mag_id": "1941256502", "num_publications": 1, "num_citations": 4, "num_publications_5y": 1, "num_citations_5y": 3, "num_publications_10y": 1, "num_citations_10y": 3, "publications_years": {"2014": 1}, "citations_years": {"2014": 1, "2015": 1, "2016": 0, "2017": 0, "2018": 1, "2019": 0, "2020": 1}, "old_citations": {"2014": 4}, "isVisible": false}, "1992828192": {"name": "ramy eskander", "type": "author", "activity": 8, "h_index": 11, "h5_index": 4, "mag_id": "1992828192", "num_publications": 1, "num_citations": 12, "num_publications_5y": 1, "num_citations_5y": 10, "num_publications_10y": 1, "num_citations_10y": 10, "publications_years": {"2014": 1}, "citations_years": {"2014": 2, "2015": 2, "2016": 3, "2017": 2, "2018": 1, "2019": 1, "2020": 1}, "old_citations": {"2014": 12}, "isVisible": false}, "2016553074": {"name": "waleed ammar", "type": "author", "activity": 12, "h_index": 13, "h5_index": 9, "mag_id": "2016553074", "num_publications": 1, "num_citations": 10, "num_publications_5y": 1, "num_citations_5y": 10, "num_publications_10y": 1, "num_citations_10y": 10, "publications_years": {"2014": 1}, "citations_years": {"2014": 5, "2015": 0, "2016": 2, "2017": 2, "2018": 1}, "old_citations": {"2014": 10}, "isVisible": false}, "2025107431": {"name": "nizar habash", "type": "author", "activity": 22, "h_index": 36, "h5_index": 8, "mag_id": "2025107431", "num_publications": 1, "num_citations": 12, "num_publications_5y": 1, "num_citations_5y": 10, "num_publications_10y": 1, "num_citations_10y": 10, "publications_years": {"2014": 1}, "citations_years": {"2014": 2, "2015": 2, "2016": 3, "2017": 2, "2018": 1, "2019": 1, "2020": 1}, "old_citations": {"2014": 12}, "isVisible": false}, "2042484151": {"name": "owen rambow", "type": "author", "activity": 30, "h_index": 35, "h5_index": 6, "mag_id": "2042484151", "num_publications": 1, "num_citations": 12, "num_publications_5y": 1, "num_citations_5y": 10, "num_publications_10y": 1, "num_citations_10y": 10, "publications_years": {"2014": 1}, "citations_years": {"2014": 2, "2015": 2, "2016": 3, "2017": 2, "2018": 1, "2019": 1, "2020": 1}, "old_citations": {"2014": 12}, "isVisible": false}, "2046206377": {"name": "mari ostendorf", "type": "author", "activity": 30, "h_index": 43, "h5_index": 10, "mag_id": "2046206377", "num_publications": 1, "num_citations": 9, "num_publications_5y": 1, "num_citations_5y": 8, "num_publications_10y": 1, "num_citations_10y": 8, "publications_years": {"2016": 1}, "citations_years": {"2017": 4, "2018": 4, "2019": 1}, "old_citations": {"2016": 9}, "isVisible": false}, "2083876843": {"name": "derek ruths", "type": "author", "activity": 21, "h_index": 18, "h5_index": 5, "mag_id": "2083876843", "num_publications": 1, "num_citations": 6, "num_publications_5y": 1, "num_citations_5y": 6, "num_publications_10y": 1, "num_citations_10y": 6, "publications_years": {"2014": 1}, "citations_years": {"2015": 2, "2016": 3, "2017": 1}, "old_citations": {"2014": 6}, "isVisible": false}, "2083907791": {"name": "ozlem cetinoglu", "type": "author", "activity": 16, "h_index": 9, "h5_index": 3, "mag_id": "2083907791", "num_publications": 1, "num_citations": 11, "num_publications_5y": 1, "num_citations_5y": 4, "num_publications_10y": 1, "num_citations_10y": 4, "publications_years": {"2016": 1}, "citations_years": {"2017": 3, "2018": 1, "2019": 5, "2020": 2}, "old_citations": {"2016": 11}, "isVisible": false}, "2092798602": {"name": "martin volk", "type": "author", "activity": 29, "h_index": 18, "h5_index": 3, "mag_id": "2092798602", "num_publications": 1, "num_citations": 4, "num_publications_5y": 1, "num_citations_5y": 3, "num_publications_10y": 1, "num_citations_10y": 3, "publications_years": {"2014": 1}, "citations_years": {"2016": 2, "2017": 0, "2018": 1, "2019": 1}, "old_citations": {"2014": 4}, "isVisible": false}, "2096944554": {"name": "pascale fung", "type": "author", "activity": 30, "h_index": 31, "h5_index": 11, "mag_id": "2096944554", "num_publications": 1, "num_citations": 44, "num_publications_5y": 1, "num_citations_5y": 32, "num_publications_10y": 1, "num_citations_10y": 32, "publications_years": {"2014": 1}, "citations_years": {"2014": 8, "2015": 5, "2016": 4, "2017": 8, "2018": 7, "2019": 11, "2020": 1}, "old_citations": {"2014": 44}, "isVisible": false}, "2101206518": {"name": "riyaz ahmad bhat", "type": "author", "activity": 8, "h_index": 5, "h5_index": 3, "mag_id": "2101206518", "num_publications": 1, "num_citations": 8, "num_publications_5y": 1, "num_citations_5y": 6, "num_publications_10y": 1, "num_citations_10y": 6, "publications_years": {"2014": 1}, "citations_years": {"2014": 1, "2015": 1, "2016": 2, "2017": 1, "2018": 1, "2019": 1, "2020": 1}, "old_citations": {"2014": 8}, "isVisible": false}, "2103107082": {"name": "naman jain", "type": "author", "activity": 5, "h_index": 3, "h5_index": 0, "mag_id": "2103107082", "num_publications": 1, "num_citations": 8, "num_publications_5y": 1, "num_citations_5y": 6, "num_publications_10y": 1, "num_citations_10y": 6, "publications_years": {"2014": 1}, "citations_years": {"2014": 1, "2015": 1, "2016": 2, "2017": 1, "2018": 1, "2019": 1, "2020": 1}, "old_citations": {"2014": 8}, "isVisible": false}, "2106280918": {"name": "barbara e bullock", "type": "author", "activity": 17, "h_index": 4, "h5_index": 3, "mag_id": "2106280918", "num_publications": 1, "num_citations": 8, "num_publications_5y": 1, "num_citations_5y": 7, "num_publications_10y": 1, "num_citations_10y": 7, "publications_years": {"2016": 1}, "citations_years": {"2017": 3, "2018": 4, "2019": 1}, "old_citations": {"2016": 8}, "isVisible": false}, "2107832746": {"name": "mohammed attia", "type": "author", "activity": 14, "h_index": 12, "h5_index": 5, "mag_id": "2107832746", "num_publications": 1, "num_citations": 10, "num_publications_5y": 1, "num_citations_5y": 6, "num_publications_10y": 1, "num_citations_10y": 6, "publications_years": {"2016": 1}, "citations_years": {"2017": 1, "2018": 5, "2019": 4}, "old_citations": {"2016": 10}, "isVisible": false}, "2107950509": {"name": "david jurgens", "type": "author", "activity": 16, "h_index": 18, "h5_index": 8, "mag_id": "2107950509", "num_publications": 1, "num_citations": 6, "num_publications_5y": 1, "num_citations_5y": 6, "num_publications_10y": 1, "num_citations_10y": 6, "publications_years": {"2014": 1}, "citations_years": {"2015": 2, "2016": 3, "2017": 1}, "old_citations": {"2014": 6}, "isVisible": false}, "2109636840": {"name": "mahmoud ghoneim", "type": "author", "activity": 7, "h_index": 4, "h5_index": 2, "mag_id": "2109636840", "num_publications": 1, "num_citations": 44, "num_publications_5y": 1, "num_citations_5y": 32, "num_publications_10y": 1, "num_citations_10y": 32, "publications_years": {"2014": 1}, "citations_years": {"2014": 8, "2015": 5, "2016": 4, "2017": 8, "2018": 7, "2019": 11, "2020": 1}, "old_citations": {"2014": 44}, "isVisible": false}, "2112184148": {"name": "dong nguyen", "type": "author", "activity": 12, "h_index": 9, "h5_index": 3, "mag_id": "2112184148", "num_publications": 1, "num_citations": 6, "num_publications_5y": 1, "num_citations_5y": 4, "num_publications_10y": 1, "num_citations_10y": 4, "publications_years": {"2014": 1}, "citations_years": {"2015": 1, "2016": 1, "2017": 0, "2018": 2, "2019": 2}, "old_citations": {"2014": 6}, "isVisible": false}, "2117302210": {"name": "almeida jacqueline toribio", "type": "author", "activity": 25, "h_index": 4, "h5_index": 3, "mag_id": "2117302210", "num_publications": 1, "num_citations": 8, "num_publications_5y": 1, "num_citations_5y": 7, "num_publications_10y": 1, "num_citations_10y": 7, "publications_years": {"2016": 1}, "citations_years": {"2017": 3, "2018": 4, "2019": 1}, "old_citations": {"2016": 8}, "isVisible": false}, "2119216958": {"name": "chris dyer", "type": "author", "activity": 15, "h_index": 46, "h5_index": 20, "mag_id": "2119216958", "num_publications": 1, "num_citations": 10, "num_publications_5y": 1, "num_citations_5y": 10, "num_publications_10y": 1, "num_citations_10y": 10, "publications_years": {"2014": 1}, "citations_years": {"2014": 5, "2015": 0, "2016": 2, "2017": 2, "2018": 1}, "old_citations": {"2014": 10}, "isVisible": false}, "2121720112": {"name": "kfir bar", "type": "author", "activity": 11, "h_index": 5, "h5_index": 1, "mag_id": "2121720112", "num_publications": 1, "num_citations": 7, "num_publications_5y": 1, "num_citations_5y": 7, "num_publications_10y": 1, "num_citations_10y": 7, "publications_years": {"2014": 1}, "citations_years": {"2016": 4, "2017": 1, "2018": 2}, "old_citations": {"2014": 7}, "isVisible": false}, "2122566196": {"name": "nachum dershowitz", "type": "author", "activity": 30, "h_index": 21, "h5_index": 3, "mag_id": "2122566196", "num_publications": 1, "num_citations": 7, "num_publications_5y": 1, "num_citations_5y": 7, "num_publications_10y": 1, "num_citations_10y": 7, "publications_years": {"2014": 1}, "citations_years": {"2016": 4, "2017": 1, "2018": 2}, "old_citations": {"2014": 7}, "isVisible": false}, "2133231644": {"name": "steven bethard", "type": "author", "activity": 18, "h_index": 27, "h5_index": 9, "mag_id": "2133231644", "num_publications": 1, "num_citations": 44, "num_publications_5y": 1, "num_citations_5y": 32, "num_publications_10y": 1, "num_citations_10y": 32, "publications_years": {"2014": 1}, "citations_years": {"2014": 8, "2015": 5, "2016": 4, "2017": 8, "2018": 7, "2019": 11, "2020": 1}, "old_citations": {"2014": 44}, "isVisible": false}, "2141485797": {"name": "tanja schultz", "type": "author", "activity": 29, "h_index": 43, "h5_index": 7, "mag_id": "2141485797", "num_publications": 1, "num_citations": 4, "num_publications_5y": 1, "num_citations_5y": 4, "num_publications_10y": 1, "num_citations_10y": 4, "publications_years": {"2014": 1}, "citations_years": {"2016": 3, "2017": 0, "2018": 1}, "old_citations": {"2014": 4}, "isVisible": false}, "2142531117": {"name": "simon clematide", "type": "author", "activity": 19, "h_index": 14, "h5_index": 4, "mag_id": "2142531117", "num_publications": 1, "num_citations": 4, "num_publications_5y": 1, "num_citations_5y": 3, "num_publications_10y": 1, "num_citations_10y": 3, "publications_years": {"2014": 1}, "citations_years": {"2016": 2, "2017": 0, "2018": 1, "2019": 1}, "old_citations": {"2014": 4}, "isVisible": false}, "2144426879": {"name": "chucheng lin", "type": "author", "activity": 2, "h_index": 3, "h5_index": 0, "mag_id": "2144426879", "num_publications": 1, "num_citations": 10, "num_publications_5y": 1, "num_citations_5y": 10, "num_publications_10y": 1, "num_citations_10y": 10, "publications_years": {"2014": 1}, "citations_years": {"2014": 5, "2015": 0, "2016": 2, "2017": 2, "2018": 1}, "old_citations": {"2014": 10}, "isVisible": false}, "2148676791": {"name": "jackie chi kit cheung", "type": "author", "activity": 12, "h_index": 9, "h5_index": 7, "mag_id": "2148676791", "num_publications": 1, "num_citations": 2, "num_publications_5y": 1, "num_citations_5y": 1, "num_publications_10y": 1, "num_citations_10y": 1, "publications_years": {"2016": 1}, "citations_years": {"2018": 1, "2019": 1}, "old_citations": {"2016": 2}, "isVisible": false}, "2152972109": {"name": "lori levin", "type": "author", "activity": 30, "h_index": 21, "h5_index": 3, "mag_id": "2152972109", "num_publications": 1, "num_citations": 10, "num_publications_5y": 1, "num_citations_5y": 10, "num_publications_10y": 1, "num_citations_10y": 10, "publications_years": {"2014": 1}, "citations_years": {"2014": 5, "2015": 0, "2016": 2, "2017": 2, "2018": 1}, "old_citations": {"2014": 10}, "isVisible": false}, "2161113996": {"name": "sarah schulz", "type": "author", "activity": 8, "h_index": 5, "h5_index": 4, "mag_id": "2161113996", "num_publications": 1, "num_citations": 11, "num_publications_5y": 1, "num_citations_5y": 4, "num_publications_10y": 1, "num_citations_10y": 4, "publications_years": {"2016": 1}, "citations_years": {"2017": 3, "2018": 1, "2019": 5, "2020": 2}, "old_citations": {"2016": 11}, "isVisible": false}, "2170027333": {"name": "eric baucom", "type": "author", "activity": 5, "h_index": 4, "h5_index": 0, "mag_id": "2170027333", "num_publications": 1, "num_citations": 4, "num_publications_5y": 1, "num_citations_5y": 3, "num_publications_10y": 1, "num_citations_10y": 3, "publications_years": {"2014": 1}, "citations_years": {"2014": 1, "2015": 1, "2016": 0, "2017": 0, "2018": 1, "2019": 0, "2020": 1}, "old_citations": {"2014": 4}, "isVisible": false}, "2174139395": {"name": "victor soto", "type": "author", "activity": 10, "h_index": 8, "h5_index": 3, "mag_id": "2174139395", "num_publications": 1, "num_citations": 3, "num_publications_5y": 1, "num_citations_5y": 2, "num_publications_10y": 1, "num_citations_10y": 2, "publications_years": {"2016": 1}, "citations_years": {"2017": 2, "2018": 0, "2019": 0, "2020": 1}, "old_citations": {"2016": 3}, "isVisible": false}, "2174845493": {"name": "levi king", "type": "author", "activity": 6, "h_index": 3, "h5_index": 1, "mag_id": "2174845493", "num_publications": 1, "num_citations": 4, "num_publications_5y": 1, "num_citations_5y": 3, "num_publications_10y": 1, "num_citations_10y": 3, "publications_years": {"2014": 1}, "citations_years": {"2014": 1, "2015": 1, "2016": 0, "2017": 0, "2018": 1, "2019": 0, "2020": 1}, "old_citations": {"2014": 4}, "isVisible": false}, "2176702980": {"name": "stefan dimitrov", "type": "author", "activity": 7, "h_index": 4, "h5_index": 1, "mag_id": "2176702980", "num_publications": 1, "num_citations": 6, "num_publications_5y": 1, "num_citations_5y": 6, "num_publications_10y": 1, "num_citations_10y": 6, "publications_years": {"2014": 1}, "citations_years": {"2015": 2, "2016": 3, "2017": 1}, "old_citations": {"2014": 6}, "isVisible": false}, "2250878368": {"name": "marine carpuat", "type": "author", "activity": 1, "h_index": 1, "h5_index": 0, "mag_id": "2250878368", "num_publications": 1, "num_citations": 9, "num_publications_5y": 1, "num_citations_5y": 6, "num_publications_10y": 1, "num_citations_10y": 6, "publications_years": {"2014": 1}, "citations_years": {"2014": 1, "2015": 2, "2016": 0, "2017": 1, "2018": 2, "2019": 3}, "old_citations": {"2014": 9}, "isVisible": false}, "2250998000": {"name": "noah a smith", "type": "author", "activity": 21, "h_index": 56, "h5_index": 21, "mag_id": "2250998000", "num_publications": 1, "num_citations": 9, "num_publications_5y": 1, "num_citations_5y": 8, "num_publications_10y": 1, "num_citations_10y": 8, "publications_years": {"2016": 1}, "citations_years": {"2017": 4, "2018": 4, "2019": 1}, "old_citations": {"2016": 9}, "isVisible": false}, "2251250034": {"name": "sandra kubler", "type": "author", "activity": 22, "h_index": 16, "h5_index": 4, "mag_id": "2251250034", "num_publications": 1, "num_citations": 4, "num_publications_5y": 1, "num_citations_5y": 3, "num_publications_10y": 1, "num_citations_10y": 3, "publications_years": {"2014": 1}, "citations_years": {"2014": 1, "2015": 1, "2016": 0, "2017": 0, "2018": 1, "2019": 0, "2020": 1}, "old_citations": {"2014": 4}, "isVisible": false}, "2251637952": {"name": "dan whyatt", "type": "author", "activity": 1, "h_index": 1, "h5_index": 0, "mag_id": "2251637952", "num_publications": 1, "num_citations": 4, "num_publications_5y": 1, "num_citations_5y": 3, "num_publications_10y": 1, "num_citations_10y": 3, "publications_years": {"2014": 1}, "citations_years": {"2014": 1, "2015": 1, "2016": 0, "2017": 0, "2018": 1, "2019": 0, "2020": 1}, "old_citations": {"2014": 4}, "isVisible": false}, "2269209178": {"name": "george mulcaire", "type": "author", "activity": 1, "h_index": 6, "h5_index": 6, "mag_id": "2269209178", "num_publications": 1, "num_citations": 9, "num_publications_5y": 1, "num_citations_5y": 8, "num_publications_10y": 1, "num_citations_10y": 8, "publications_years": {"2016": 1}, "citations_years": {"2017": 4, "2018": 4, "2019": 1}, "old_citations": {"2016": 9}, "isVisible": false}, "2272928325": {"name": "grzegorz chrupala", "type": "author", "activity": 17, "h_index": 15, "h5_index": 6, "mag_id": "2272928325", "num_publications": 1, "num_citations": 10, "num_publications_5y": 1, "num_citations_5y": 10, "num_publications_10y": 1, "num_citations_10y": 10, "publications_years": {"2014": 1}, "citations_years": {"2014": 1, "2015": 2, "2016": 3, "2017": 1, "2018": 3}, "old_citations": {"2014": 10}, "isVisible": false}, "2303139543": {"name": "gokul chittaranjan", "type": "author", "activity": 8, "h_index": 3, "h5_index": 0, "mag_id": "2303139543", "num_publications": 1, "num_citations": 23, "num_publications_5y": 1, "num_citations_5y": 20, "num_publications_10y": 1, "num_citations_10y": 20, "publications_years": {"2014": 1}, "citations_years": {"2014": 2, "2015": 2, "2016": 8, "2017": 3, "2018": 5, "2019": 3}, "old_citations": {"2014": 23}, "isVisible": false}, "2304585843": {"name": "jatin sharma", "type": "author", "activity": 2, "h_index": 3, "h5_index": 0, "mag_id": "2304585843", "num_publications": 1, "num_citations": 38, "num_publications_5y": 1, "num_citations_5y": 26, "num_publications_10y": 1, "num_citations_10y": 26, "publications_years": {"2014": 1}, "citations_years": {"2014": 1, "2015": 4, "2016": 7, "2017": 9, "2018": 5, "2019": 10, "2020": 2}, "old_citations": {"2014": 38}, "isVisible": false}, "2396781761": {"name": "souvick ghosh", "type": "author", "activity": 6, "h_index": 5, "h5_index": 5, "mag_id": "2396781761", "num_publications": 1, "num_citations": 8, "num_publications_5y": 1, "num_citations_5y": 6, "num_publications_10y": 1, "num_citations_10y": 6, "publications_years": {"2016": 1}, "citations_years": {"2017": 1, "2018": 5, "2019": 2}, "old_citations": {"2016": 8}, "isVisible": false}, "2489519543": {"name": "satanu ghosh", "type": "author", "activity": 5, "h_index": 2, "h5_index": 2, "mag_id": "2489519543", "num_publications": 1, "num_citations": 8, "num_publications_5y": 1, "num_citations_5y": 6, "num_publications_10y": 1, "num_citations_10y": 6, "publications_years": {"2016": 1}, "citations_years": {"2017": 1, "2018": 5, "2019": 2}, "old_citations": {"2016": 8}, "isVisible": false}, "2508288936": {"name": "jacqueline serigos", "type": "author", "activity": 3, "h_index": 3, "h5_index": 3, "mag_id": "2508288936", "num_publications": 1, "num_citations": 8, "num_publications_5y": 1, "num_citations_5y": 7, "num_publications_10y": 1, "num_citations_10y": 7, "publications_years": {"2016": 1}, "citations_years": {"2017": 3, "2018": 4, "2019": 1}, "old_citations": {"2016": 8}, "isVisible": false}, "2562923695": {"name": "giovanni molina", "type": "author", "activity": 4, "h_index": 2, "h5_index": 2, "mag_id": "2562923695", "num_publications": 1, "num_citations": 3, "num_publications_5y": 1, "num_citations_5y": 2, "num_publications_10y": 1, "num_citations_10y": 2, "publications_years": {"2016": 1}, "citations_years": {"2017": 2, "2018": 0, "2019": 0, "2020": 1}, "old_citations": {"2016": 3}, "isVisible": false}, "2563251831": {"name": "gualberto a guzman", "type": "author", "activity": 3, "h_index": 3, "h5_index": 3, "mag_id": "2563251831", "num_publications": 1, "num_citations": 8, "num_publications_5y": 1, "num_citations_5y": 7, "num_publications_10y": 1, "num_citations_10y": 7, "publications_years": {"2016": 1}, "citations_years": {"2017": 3, "2018": 4, "2019": 1}, "old_citations": {"2016": 8}, "isVisible": false}, "2567211445": {"name": "meng xuan xia", "type": "author", "activity": 1, "h_index": 1, "h5_index": 1, "mag_id": "2567211445", "num_publications": 1, "num_citations": 2, "num_publications_5y": 1, "num_citations_5y": 1, "num_publications_10y": 1, "num_citations_10y": 1, "publications_years": {"2016": 1}, "citations_years": {"2018": 1, "2019": 1}, "old_citations": {"2016": 2}, "isVisible": false}, "2628816407": {"name": "alison chang", "type": "author", "activity": 4, "h_index": 2, "h5_index": 2, "mag_id": "2628816407", "num_publications": 1, "num_citations": 44, "num_publications_5y": 1, "num_citations_5y": 32, "num_publications_10y": 1, "num_citations_10y": 32, "publications_years": {"2014": 1}, "citations_years": {"2014": 8, "2015": 5, "2016": 4, "2017": 8, "2018": 7, "2019": 11, "2020": 1}, "old_citations": {"2014": 44}, "isVisible": false}, "2654152638": {"name": "elizabeth blair", "type": "author", "activity": 2, "h_index": 2, "h5_index": 0, "mag_id": "2654152638", "num_publications": 1, "num_citations": 44, "num_publications_5y": 1, "num_citations_5y": 32, "num_publications_10y": 1, "num_citations_10y": 32, "publications_years": {"2014": 1}, "citations_years": {"2014": 8, "2015": 5, "2016": 4, "2017": 8, "2018": 7, "2019": 11, "2020": 1}, "old_citations": {"2014": 44}, "isVisible": false}, "2657717867": {"name": "timur gilmanov", "type": "author", "activity": 3, "h_index": 2, "h5_index": 0, "mag_id": "2657717867", "num_publications": 1, "num_citations": 4, "num_publications_5y": 1, "num_citations_5y": 3, "num_publications_10y": 1, "num_citations_10y": 3, "publications_years": {"2014": 1}, "citations_years": {"2014": 1, "2015": 1, "2016": 0, "2017": 0, "2018": 1, "2019": 0, "2020": 1}, "old_citations": {"2014": 4}, "isVisible": false}, "2707160719": {"name": "meng xuan xia", "type": "author", "activity": 1, "h_index": 1, "h5_index": 1, "mag_id": "2707160719", "num_publications": 1, "num_citations": 4, "num_publications_5y": 1, "num_citations_5y": 3, "num_publications_10y": 1, "num_citations_10y": 3, "publications_years": {"2016": 1}, "citations_years": {"2017": 1, "2018": 2, "2019": 1}, "old_citations": {"2016": 4}, "isVisible": false}, "2786422224": {"name": "amitava das", "type": "author", "activity": 14, "h_index": 12, "h5_index": 5, "mag_id": "2786422224", "num_publications": 1, "num_citations": 89, "num_publications_5y": 1, "num_citations_5y": 62, "num_publications_10y": 1, "num_citations_10y": 63, "publications_years": {"2014": 1}, "citations_years": {"2013": 1, "2014": 2, "2015": 10, "2016": 16, "2017": 12, "2018": 22, "2019": 20, "2020": 6}, "old_citations": {"2014": 89}, "isVisible": false}}, "countries": {"United States": {"name": "United States", "type": "country", "h5_index": 308, "num_publications": 17, "num_citations": 292, "num_publications_5y": 17, "num_citations_5y": 220, "num_publications_10y": 17, "num_citations_10y": 221, "publications_years": {"2014": 10, "2016": 7}, "citations_years": {"2014": 23, "2015": 30, "2016": 49, "2017": 53, "2018": 65, "2019": 59, "2020": 12, "2013": 1}, "old_citations": {"2014": 250, "2016": 42}, "isVisible": false}, "India": {"name": "India", "type": "country", "h5_index": 78, "num_publications": 5, "num_citations": 22, "num_publications_5y": 5, "num_citations_5y": 16, "num_publications_10y": 5, "num_citations_10y": 16, "publications_years": {"2016": 4, "2014": 1}, "citations_years": {"2018": 9, "2017": 3, "2019": 5, "2014": 1, "2015": 1, "2016": 2, "2020": 1}, "old_citations": {"2016": 14, "2014": 8}, "isVisible": false}, "Ireland": {"name": "Ireland", "type": "country", "h5_index": 50, "num_publications": 4, "num_citations": 115, "num_publications_5y": 4, "num_citations_5y": 81, "num_publications_10y": 4, "num_citations_10y": 82, "publications_years": {"2016": 2, "2014": 2}, "citations_years": {"2018": 33, "2019": 26, "2020": 7, "2013": 1, "2014": 3, "2015": 12, "2016": 19, "2017": 14}, "old_citations": {"2016": 16, "2014": 99}, "isVisible": false}, "Germany": {"name": "Germany", "type": "country", "h5_index": 139, "num_publications": 3, "num_citations": 17, "num_publications_5y": 3, "num_citations_5y": 8, "num_publications_10y": 3, "num_citations_10y": 8, "publications_years": {"2014": 1, "2016": 2}, "citations_years": {"2016": 3, "2017": 3, "2018": 2, "2019": 7, "2020": 2}, "old_citations": {"2014": 4, "2016": 13}, "isVisible": false}, "Canada": {"name": "Canada", "type": "country", "h5_index": 128, "num_publications": 2, "num_citations": 8, "num_publications_5y": 2, "num_citations_5y": 7, "num_publications_10y": 2, "num_citations_10y": 7, "publications_years": {"2014": 1, "2016": 1}, "citations_years": {"2015": 2, "2016": 3, "2017": 1, "2018": 1, "2019": 1}, "old_citations": {"2014": 6, "2016": 2}, "isVisible": false}, "Belgium": {"name": "Belgium", "type": "country", "h5_index": 72, "num_publications": 1, "num_citations": 11, "num_publications_5y": 1, "num_citations_5y": 4, "num_publications_10y": 1, "num_citations_10y": 4, "publications_years": {"2016": 1}, "citations_years": {"2017": 3, "2018": 1, "2019": 5, "2020": 2}, "old_citations": {"2016": 11}, "isVisible": false}, "China": {"name": "China", "type": "country", "h5_index": 214, "num_publications": 1, "num_citations": 44, "num_publications_5y": 1, "num_citations_5y": 32, "num_publications_10y": 1, "num_citations_10y": 32, "publications_years": {"2014": 1}, "citations_years": {"2014": 8, "2015": 5, "2016": 4, "2017": 8, "2018": 7, "2019": 11, "2020": 1}, "old_citations": {"2014": 44}, "isVisible": false}, "Israel": {"name": "Israel", "type": "country", "h5_index": 110, "num_publications": 1, "num_citations": 7, "num_publications_5y": 1, "num_citations_5y": 7, "num_publications_10y": 1, "num_citations_10y": 7, "publications_years": {"2014": 1}, "citations_years": {"2016": 4, "2017": 1, "2018": 2}, "old_citations": {"2014": 7}, "isVisible": false}, "Netherlands": {"name": "Netherlands", "type": "country", "h5_index": 91, "num_publications": 1, "num_citations": 6, "num_publications_5y": 1, "num_citations_5y": 4, "num_publications_10y": 1, "num_citations_10y": 4, "publications_years": {"2014": 1}, "citations_years": {"2015": 1, "2016": 1, "2017": 0, "2018": 2, "2019": 2}, "old_citations": {"2014": 6}, "isVisible": false}, "Norway": {"name": "Norway", "type": "country", "h5_index": 56, "num_publications": 1, "num_citations": 0, "num_publications_5y": 1, "num_citations_5y": 0, "num_publications_10y": 1, "num_citations_10y": 0, "publications_years": {"2016": 1}, "citations_years": {}, "old_citations": {"2016": 0}, "isVisible": false}, "Switzerland": {"name": "Switzerland", "type": "country", "h5_index": 102, "num_publications": 1, "num_citations": 4, "num_publications_5y": 1, "num_citations_5y": 3, "num_publications_10y": 1, "num_citations_10y": 3, "publications_years": {"2014": 1}, "citations_years": {"2016": 2, "2017": 0, "2018": 1, "2019": 1}, "old_citations": {"2014": 4}, "isVisible": false}}, "industrial_sectors": {"computing_and_it": {"name": "computing_and_it", "type": "industrial sector", "h5_index": 221, "num_publications": 2, "num_citations": 61, "num_publications_5y": 2, "num_citations_5y": 46, "num_publications_10y": 2, "num_citations_10y": 46, "publications_years": {"2014": 2}, "citations_years": {"2014": 3, "2015": 6, "2016": 15, "2017": 12, "2018": 10, "2019": 13, "2020": 2}, "old_citations": {"2014": 61}, "isVisible": false}, "electronics": {"name": "electronics", "type": "industrial sector", "h5_index": 134, "num_publications": 2, "num_citations": 61, "num_publications_5y": 2, "num_citations_5y": 46, "num_publications_10y": 2, "num_citations_10y": 46, "publications_years": {"2014": 2}, "citations_years": {"2014": 3, "2015": 6, "2016": 15, "2017": 12, "2018": 10, "2019": 13, "2020": 2}, "old_citations": {"2014": 61}, "isVisible": false}, "technology": {"name": "technology", "type": "industrial sector", "h5_index": 229, "num_publications": 2, "num_citations": 61, "num_publications_5y": 2, "num_citations_5y": 46, "num_publications_10y": 2, "num_citations_10y": 46, "publications_years": {"2014": 2}, "citations_years": {"2014": 3, "2015": 6, "2016": 15, "2017": 12, "2018": 10, "2019": 13, "2020": 2}, "old_citations": {"2014": 61}, "isVisible": false}}}, "conference_comparison": {"computer science": {}}, "topics_dna": {"publications": {}, "citations": {"normalized": {}, "average": {}}}, "info": {"num_publications": 34, "num_citations": 379.0, "impact_factor": {"2016": 3.823529411764706}, "publications_years": {"2014": 17, "2016": 17}, "citations_years": {"2013": 1, "2014": 26, "2015": 36, "2016": 65, "2017": 64, "2018": 91, "2019": 80, "2020": 16}, "old_citations": {"2014": 296, "2016": 83}, "h5_index": 6}, "percentile": {"computer science": {"2014": 97, "2016": 90}}, "conference_ranking": {"computer science": {"2014": 124, "2016": 417}}, "academia": {"num_publications": 25, "num_citations": 246, "publications_years": {"2014": 11, "2015": 0, "2016": 14}, "old_citations": {"2014": 172, "2015": 0, "2016": 74}, "num_publications_5y": 14, "num_citations_5y": 74, "num_publications_10y": 25, "num_citations_10y": 246}, "industry": {"num_publications": 2, "num_citations": 61, "publications_years": {"2014": 2}, "old_citations": {"2014": 61}, "num_publications_5y": 0, "num_citations_5y": 0, "num_publications_10y": 2, "num_citations_10y": 61}, "collaborative": {"num_publications": 1, "num_citations": 6, "publications_years": {"2014": 1}, "old_citations": {"2014": 6}, "num_publications_5y": 0, "num_citations_5y": 0, "num_publications_10y": 1, "num_citations_10y": 6}, "conferences": {}, "journals": {}, "organizations": {"publication_overall": ["George Washington University", "Columbia University", "Dublin City University", "Jadavpur University", "University of Washington", "Carnegie Mellon University", "Howard University", "McGill University", "Microsoft (United States)", "University of Alabama at Birmingham", "University of Houston", "Ghent University", "HRL Laboratories (United States)", "Hong Kong University of Science and Technology", "Indian Institute of Technology Patna", "Indiana University", "International Institute of Information Technology, Hyderabad", "Karlsruhe Institute of Technology", "Ludwig Maximilian University of Munich", "New York University", "Norwegian University of Science and Technology", "Tel Aviv University", "The University of Texas at Austin", "Tilburg University", "University of North Texas", "University of Stuttgart", "University of Twente", "University of T\u00fcbingen", "University of Zurich"], "citation_overall": ["Dublin City University", "University of North Texas", "George Washington University", "Columbia University", "Microsoft (United States)", "University of Alabama at Birmingham", "Hong Kong University of Science and Technology", "University of Washington", "Carnegie Mellon University", "Jadavpur University", "University of Houston", "New York University", "Ghent University", "University of Stuttgart", "Howard University", "International Institute of Information Technology, Hyderabad", "McGill University", "The University of Texas at Austin", "Tel Aviv University", "HRL Laboratories (United States)", "Tilburg University", "University of Twente", "Indiana University", "Karlsruhe Institute of Technology", "Ludwig Maximilian University of Munich", "University of Zurich", "University of T\u00fcbingen", "Indian Institute of Technology Patna", "Norwegian University of Science and Technology"], "publication_10_years": ["George Washington University", "Columbia University", "Dublin City University", "Jadavpur University", "University of Washington", "Carnegie Mellon University", "Howard University", "McGill University", "Microsoft (United States)", "University of Alabama at Birmingham", "University of Houston", "Ghent University", "HRL Laboratories (United States)", "Hong Kong University of Science and Technology", "Indian Institute of Technology Patna", "Indiana University", "International Institute of Information Technology, Hyderabad", "Karlsruhe Institute of Technology", "Ludwig Maximilian University of Munich", "New York University", "Norwegian University of Science and Technology", "Tel Aviv University", "The University of Texas at Austin", "Tilburg University", "University of North Texas", "University of Stuttgart", "University of Twente", "University of T\u00fcbingen", "University of Zurich"], "citation_10_years": ["Dublin City University", "University of North Texas", "George Washington University", "Columbia University", "Microsoft (United States)", "University of Alabama at Birmingham", "Hong Kong University of Science and Technology", "University of Washington", "Carnegie Mellon University", "Jadavpur University", "University of Houston", "New York University", "Ghent University", "University of Stuttgart", "Howard University", "International Institute of Information Technology, Hyderabad", "McGill University", "The University of Texas at Austin", "Tel Aviv University", "HRL Laboratories (United States)", "Tilburg University", "University of Twente", "Indiana University", "Karlsruhe Institute of Technology", "Ludwig Maximilian University of Munich", "University of Zurich", "University of T\u00fcbingen", "Indian Institute of Technology Patna", "Norwegian University of Science and Technology"], "publication_5_years": ["Jadavpur University", "University of Washington", "Dublin City University", "George Washington University", "Howard University", "University of Houston", "Columbia University", "Ghent University", "Indian Institute of Technology Patna", "McGill University", "Norwegian University of Science and Technology", "The University of Texas at Austin", "University of Alabama at Birmingham", "University of Stuttgart", "University of T\u00fcbingen"], "citation_5_years": ["University of Washington", "Dublin City University", "Jadavpur University", "University of Houston", "Ghent University", "University of Stuttgart", "Howard University", "University of Alabama at Birmingham", "The University of Texas at Austin", "George Washington University", "Columbia University", "McGill University", "University of T\u00fcbingen", "Indian Institute of Technology Patna", "Norwegian University of Science and Technology"]}, "countries": {"publication_overall": ["United States", "India", "Ireland", "Germany", "Canada", "Belgium", "China", "Israel", "Netherlands", "Norway", "Switzerland"], "citation_overall": ["United States", "Ireland", "China", "India", "Germany", "Belgium", "Canada", "Israel", "Netherlands", "Switzerland", "Norway"], "publication_10_years": ["United States", "India", "Ireland", "Germany", "Canada", "Belgium", "China", "Israel", "Netherlands", "Norway", "Switzerland"], "citation_10_years": ["United States", "Ireland", "China", "India", "Germany", "Belgium", "Canada", "Israel", "Netherlands", "Switzerland", "Norway"], "publication_5_years": ["United States", "India", "Germany", "Ireland", "Belgium", "Canada", "Norway"], "citation_5_years": ["United States", "Ireland", "India", "Germany", "Belgium", "Canada", "Norway"]}, "topics": {"publication_overall": ["computer science", "computer systems", "linguistics", "artificial intelligence", "communication", "computer programming", "information theory", "semantics", "binary codes", "computer programming languages", "natural language processing", "natural languages", "code generation", "distributed computer systems", "distributed systems", "parallel processing systems", "program compilers", "database systems", "computational linguistics", "mathematics"], "citation_overall": ["computer science", "computer systems", "linguistics", "artificial intelligence", "communication", "semantics", "natural language processing", "natural languages", "database systems", "computational linguistics", "internet", "world wide web", "social media", "social networks", "information theory", "computer programming", "machine learning", "computer programming languages", "binary codes", "code generation"], "publication_10_years": ["computer science", "computer systems", "linguistics", "artificial intelligence", "communication", "computer programming", "information theory", "semantics", "binary codes", "computer programming languages", "natural language processing", "natural languages", "code generation", "distributed computer systems", "distributed systems", "parallel processing systems", "program compilers", "database systems", "computational linguistics", "mathematics"], "citation_10_years": ["computer science", "computer systems", "linguistics", "artificial intelligence", "communication", "semantics", "natural language processing", "natural languages", "database systems", "computational linguistics", "internet", "world wide web", "social media", "social networks", "information theory", "computer programming", "machine learning", "computer programming languages", "binary codes", "code generation"], "publication_5_years": ["computer science", "computer systems", "linguistics", "binary codes", "communication", "computer programming", "information theory", "code generation", "computer programming languages", "distributed computer systems", "distributed systems", "parallel processing systems", "program compilers", "software engineering", "source codes", "artificial intelligence", "semantics", "mathematics", "natural language processing", "natural languages"], "citation_5_years": ["computer science", "computer systems", "binary codes", "communication", "information theory", "linguistics", "computer programming", "code generation", "computer programming languages", "distributed computer systems", "distributed systems", "parallel processing systems", "program compilers", "software engineering", "source codes", "mathematics", "artificial intelligence", "internet", "world wide web", "linear matrix inequalities"]}, "main_topics": ["computer science"], "authors": {"publication_overall": ["2124289572", "143758417", "2101415595", "2102489688", "2162557111", "2252233035", "2528400514", "21209263", "1269697726", "1970029907", "1983359683", "2026971652", "2031698089", "2070743323", "2129752654", "2134070957", "2162966668", "2250272102", "2251124897", "2528165606", "2562239796", "2562280576", "2564555999", "2588592365", "2991780597", "3739129", "97617712", "1186672756", "1228126434", "1416262672", "1418764031", "1941256502", "1992828192", "2016553074", "2025107431", "2042484151", "2046206377", "2083876843", "2083907791", "2092798602", "2096944554", "2101206518", "2103107082", "2106280918", "2107832746", "2107950509", "2109636840", "2112184148", "2117302210", "2119216958", "2121720112", "2122566196", "2133231644", "2141485797", "2142531117", "2144426879", "2148676791", "2152972109", "2161113996", "2170027333", "2174139395", "2174845493", "2176702980", "2250878368", "2250998000", "2251250034", "2251637952", "2269209178", "2272928325", "2303139543", "2304585843", "2396781761", "2489519543", "2508288936", "2562923695", "2563251831", "2567211445", "2628816407", "2654152638", "2657717867", "2707160719", "2786422224"], "citation_overall": ["2102489688", "2162557111", "2528400514", "2786422224", "2124289572", "2031698089", "2129752654", "2162966668", "143758417", "2134070957", "1983359683", "2070743323", "2251124897", "2096944554", "2109636840", "2133231644", "2628816407", "2654152638", "2304585843", "2252233035", "2303139543", "97617712", "2026971652", "2101415595", "21209263", "1269697726", "1992828192", "2025107431", "2042484151", "2083907791", "2161113996", "1970029907", "2016553074", "2107832746", "2119216958", "2144426879", "2152972109", "2272928325", "2528165606", "2562280576", "2564555999", "1228126434", "2046206377", "2250878368", "2250998000", "2269209178", "2101206518", "2103107082", "2106280918", "2117302210", "2396781761", "2489519543", "2508288936", "2563251831", "2121720112", "2122566196", "1416262672", "1418764031", "2083876843", "2107950509", "2112184148", "2176702980", "2250272102", "2562239796", "2588592365", "2991780597", "1941256502", "2092798602", "2141485797", "2142531117", "2170027333", "2174845493", "2251250034", "2251637952", "2657717867", "2707160719", "2174139395", "2562923695", "2148676791", "2567211445", "3739129", "1186672756"], "publication_10_years": ["2124289572", "143758417", "2101415595", "2102489688", "2162557111", "2252233035", "2528400514", "21209263", "1269697726", "1970029907", "1983359683", "2026971652", "2031698089", "2070743323", "2129752654", "2134070957", "2162966668", "2250272102", "2251124897", "2528165606", "2562239796", "2562280576", "2564555999", "2588592365", "2991780597", "3739129", "97617712", "1186672756", "1228126434", "1416262672", "1418764031", "1941256502", "1992828192", "2016553074", "2025107431", "2042484151", "2046206377", "2083876843", "2083907791", "2092798602", "2096944554", "2101206518", "2103107082", "2106280918", "2107832746", "2107950509", "2109636840", "2112184148", "2117302210", "2119216958", "2121720112", "2122566196", "2133231644", "2141485797", "2142531117", "2144426879", "2148676791", "2152972109", "2161113996", "2170027333", "2174139395", "2174845493", "2176702980", "2250878368", "2250998000", "2251250034", "2251637952", "2269209178", "2272928325", "2303139543", "2304585843", "2396781761", "2489519543", "2508288936", "2562923695", "2563251831", "2567211445", "2628816407", "2654152638", "2657717867", "2707160719", "2786422224"], "citation_10_years": ["2102489688", "2162557111", "2528400514", "2786422224", "2124289572", "2031698089", "2129752654", "2162966668", "143758417", "2134070957", "1983359683", "2070743323", "2251124897", "2096944554", "2109636840", "2133231644", "2628816407", "2654152638", "2304585843", "2252233035", "2303139543", "97617712", "2026971652", "2101415595", "21209263", "1269697726", "1992828192", "2025107431", "2042484151", "2083907791", "2161113996", "1970029907", "2016553074", "2107832746", "2119216958", "2144426879", "2152972109", "2272928325", "2528165606", "2562280576", "2564555999", "1228126434", "2046206377", "2250878368", "2250998000", "2269209178", "2101206518", "2103107082", "2106280918", "2117302210", "2396781761", "2489519543", "2508288936", "2563251831", "2121720112", "2122566196", "1416262672", "1418764031", "2083876843", "2107950509", "2112184148", "2176702980", "2250272102", "2562239796", "2588592365", "2991780597", "1941256502", "2092798602", "2141485797", "2142531117", "2170027333", "2174845493", "2251250034", "2251637952", "2657717867", "2707160719", "2174139395", "2562923695", "2148676791", "2567211445", "3739129", "1186672756"], "publication_5_years": ["2101415595", "21209263", "143758417", "1269697726", "1970029907", "2124289572", "2528165606", "2562239796", "2562280576", "2564555999", "2588592365", "3739129", "1186672756", "1228126434", "1983359683", "2026971652", "2046206377", "2070743323", "2083907791", "2102489688", "2106280918", "2107832746", "2117302210", "2134070957", "2148676791", "2161113996", "2162557111", "2174139395", "2250272102", "2250998000", "2251124897", "2252233035", "2269209178", "2396781761", "2489519543", "2508288936", "2528400514", "2562923695", "2563251831", "2567211445", "2707160719", "2991780597"], "citation_5_years": ["2101415595", "143758417", "21209263", "1269697726", "2026971652", "2083907791", "2161113996", "1970029907", "2107832746", "2134070957", "2528165606", "2562280576", "2564555999", "1228126434", "2046206377", "2250998000", "2269209178", "2106280918", "2117302210", "2396781761", "2489519543", "2508288936", "2563251831", "2102489688", "2162557111", "2528400514", "2562239796", "2588592365", "2124289572", "2707160719", "1983359683", "2070743323", "2174139395", "2251124897", "2562923695", "2148676791", "2250272102", "2252233035", "2567211445", "2991780597", "3739129", "1186672756"]}, "industrial_sectors": {"publication_overall": ["computing_and_it", "electronics", "technology"], "citation_overall": ["computing_and_it", "electronics", "technology"], "publication_10_years": ["computing_and_it", "electronics", "technology"], "citation_10_years": ["computing_and_it", "electronics", "technology"], "publication_5_years": [], "citation_5_years": []}}