{"name": "General Purpose Processing on Graphics Processing Units", "acronym": "GPGPU", "type": "conference", "uniqueEntities": {"organizations": {"Northeastern University": {"name": "Northeastern University", "type": "organization", "organization_type": "Education", "h_index": 144, "h5_index": 59, "num_publications": 5, "num_citations": 125, "num_publications_5y": 0, "num_citations_5y": 43, "num_publications_10y": 5, "num_citations_10y": 119, "publications_years": {"2011": 2, "2009": 3}, "citations_years": {"2012": 25, "2013": 18, "2014": 19, "2015": 11, "2016": 5, "2017": 6, "2018": 2, "2019": 6, "2010": 10, "2011": 20, "2009": 3}, "old_citations": {"2011": 46, "2009": 79}, "isVisible": false}, "University of Illinois at Urbana Champaign": {"name": "University of Illinois at Urbana Champaign", "type": "organization", "organization_type": "Education", "h_index": 325, "h5_index": 70, "num_publications": 4, "num_citations": 88, "num_publications_5y": 0, "num_citations_5y": 31, "num_publications_10y": 4, "num_citations_10y": 88, "publications_years": {"2009": 3, "2011": 1}, "citations_years": {"2009": 8, "2010": 11, "2011": 12, "2012": 11, "2013": 15, "2014": 11, "2015": 7, "2016": 6, "2017": 5, "2018": 2}, "old_citations": {"2009": 72, "2011": 16}, "isVisible": false}, "Advanced Micro Devices (Canada)": {"name": "Advanced Micro Devices (Canada)", "type": "organization", "organization_type": "Company", "h_index": 103, "h5_index": 16, "num_publications": 3, "num_citations": 116, "num_publications_5y": 0, "num_citations_5y": 56, "num_publications_10y": 3, "num_citations_10y": 106, "publications_years": {"2009": 1, "2011": 2}, "citations_years": {"2010": 5, "2011": 8, "2012": 11, "2013": 26, "2014": 22, "2015": 12, "2016": 9, "2017": 7, "2018": 6, "2019": 8, "2020": 2}, "old_citations": {"2009": 73, "2011": 43}, "isVisible": false}, "Nvidia (United Kingdom)": {"name": "Nvidia (United Kingdom)", "type": "organization", "organization_type": "Company", "h_index": 102, "h5_index": 54, "num_publications": 2, "num_citations": 521, "num_publications_5y": 0, "num_citations_5y": 218, "num_publications_10y": 2, "num_citations_10y": 490, "publications_years": {"2009": 2}, "citations_years": {"2009": 11, "2010": 50, "2011": 66, "2012": 73, "2013": 72, "2014": 60, "2015": 62, "2016": 39, "2017": 30, "2018": 27, "2019": 27, "2020": 4}, "old_citations": {"2009": 521}, "isVisible": false}, "University of Toronto": {"name": "University of Toronto", "type": "organization", "organization_type": "Education", "h_index": 278, "h5_index": 73, "num_publications": 2, "num_citations": 282, "num_publications_5y": 0, "num_citations_5y": 143, "num_publications_10y": 2, "num_citations_10y": 265, "publications_years": {"2009": 1, "2011": 1}, "citations_years": {"2009": 2, "2010": 14, "2011": 28, "2012": 37, "2013": 41, "2014": 35, "2015": 38, "2016": 23, "2017": 23, "2018": 24, "2019": 14, "2020": 3}, "old_citations": {"2009": 135, "2011": 147}, "isVisible": false}, "Alma College": {"name": "Alma College", "type": "organization", "organization_type": "Education", "h_index": 11, "h5_index": 0, "num_publications": 1, "num_citations": 4, "num_publications_5y": 0, "num_citations_5y": 2, "num_publications_10y": 1, "num_citations_10y": 4, "publications_years": {"2011": 1}, "citations_years": {"2012": 1, "2013": 1, "2014": 2}, "old_citations": {"2011": 4}, "isVisible": false}, "Boston University": {"name": "Boston University", "type": "organization", "organization_type": "Education", "h_index": 172, "h5_index": 42, "num_publications": 1, "num_citations": 43, "num_publications_5y": 0, "num_citations_5y": 18, "num_publications_10y": 1, "num_citations_10y": 42, "publications_years": {"2009": 1}, "citations_years": {"2009": 1, "2010": 10, "2011": 7, "2012": 2, "2013": 4, "2014": 7, "2015": 6, "2016": 2, "2017": 1, "2018": 2, "2019": 0, "2020": 1}, "old_citations": {"2009": 43}, "isVisible": false}, "Chalmers University of Technology": {"name": "Chalmers University of Technology", "type": "organization", "organization_type": "Education", "h_index": 117, "h5_index": 35, "num_publications": 1, "num_citations": 29, "num_publications_5y": 0, "num_citations_5y": 9, "num_publications_10y": 0, "num_citations_10y": 26, "publications_years": {"2007": 1}, "citations_years": {"2008": 3, "2009": 7, "2010": 1, "2011": 3, "2012": 5, "2013": 1, "2014": 3, "2015": 5, "2016": 1}, "old_citations": {"2007": 29}, "isVisible": false}, "Eindhoven University of Technology": {"name": "Eindhoven University of Technology", "type": "organization", "organization_type": "Education", "h_index": 159, "h5_index": 40, "num_publications": 1, "num_citations": 34, "num_publications_5y": 0, "num_citations_5y": 20, "num_publications_10y": 1, "num_citations_10y": 33, "publications_years": {"2011": 1}, "citations_years": {"2011": 2, "2012": 5, "2013": 6, "2014": 7, "2015": 4, "2016": 4, "2017": 3, "2018": 2, "2019": 1}, "old_citations": {"2011": 34}, "isVisible": false}, "Georgia Institute of Technology": {"name": "Georgia Institute of Technology", "type": "organization", "organization_type": "Education", "h_index": 280, "h5_index": 72, "num_publications": 1, "num_citations": 44, "num_publications_5y": 0, "num_citations_5y": 24, "num_publications_10y": 1, "num_citations_10y": 41, "publications_years": {"2011": 1}, "citations_years": {"2011": 2, "2012": 7, "2013": 8, "2014": 8, "2015": 6, "2016": 2, "2017": 5, "2018": 3, "2019": 3}, "old_citations": {"2011": 44}, "isVisible": false}, "Harvard University": {"name": "Harvard University", "type": "organization", "organization_type": "Education", "h_index": 250, "h5_index": 71, "num_publications": 1, "num_citations": 42, "num_publications_5y": 0, "num_citations_5y": 11, "num_publications_10y": 1, "num_citations_10y": 41, "publications_years": {"2009": 1}, "citations_years": {"2009": 2, "2010": 5, "2011": 10, "2012": 10, "2013": 3, "2014": 5, "2015": 2, "2016": 1, "2017": 2, "2018": 1, "2019": 1}, "old_citations": {"2009": 42}, "isVisible": false}, "Iowa State University": {"name": "Iowa State University", "type": "organization", "organization_type": "Education", "h_index": 125, "h5_index": 31, "num_publications": 1, "num_citations": 16, "num_publications_5y": 0, "num_citations_5y": 8, "num_publications_10y": 1, "num_citations_10y": 16, "publications_years": {"2011": 1}, "citations_years": {"2012": 4, "2013": 4, "2014": 2, "2015": 5, "2016": 1}, "old_citations": {"2011": 16}, "isVisible": false}, "Oak Ridge National Laboratory": {"name": "Oak Ridge National Laboratory", "type": "organization", "organization_type": "Facility", "h_index": 106, "h5_index": 30, "num_publications": 1, "num_citations": 36, "num_publications_5y": 0, "num_citations_5y": 15, "num_publications_10y": 1, "num_citations_10y": 33, "publications_years": {"2011": 1}, "citations_years": {"2011": 6, "2012": 6, "2013": 6, "2014": 3, "2015": 3, "2016": 2, "2017": 5, "2018": 2, "2019": 2, "2020": 1}, "old_citations": {"2011": 36}, "isVisible": false}, "University of Bologna": {"name": "University of Bologna", "type": "organization", "organization_type": "Education", "h_index": 141, "h5_index": 36, "num_publications": 1, "num_citations": 10, "num_publications_5y": 0, "num_citations_5y": 8, "num_publications_10y": 1, "num_citations_10y": 10, "publications_years": {"2012": 1}, "citations_years": {"2013": 2, "2014": 3, "2015": 2, "2016": 1, "2017": 2}, "old_citations": {"2012": 10}, "isVisible": false}, "University of California, Davis": {"name": "University of California, Davis", "type": "organization", "organization_type": "Education", "h_index": 175, "h5_index": 49, "num_publications": 1, "num_citations": 36, "num_publications_5y": 0, "num_citations_5y": 17, "num_publications_10y": 1, "num_citations_10y": 33, "publications_years": {"2011": 1}, "citations_years": {"2011": 2, "2012": 6, "2013": 8, "2014": 4, "2015": 3, "2016": 4, "2017": 2, "2018": 4, "2019": 3}, "old_citations": {"2011": 36}, "isVisible": false}, "University of Central Florida": {"name": "University of Central Florida", "type": "organization", "organization_type": "Education", "h_index": 135, "h5_index": 45, "num_publications": 1, "num_citations": 73, "num_publications_5y": 0, "num_citations_5y": 31, "num_publications_10y": 1, "num_citations_10y": 66, "publications_years": {"2009": 1}, "citations_years": {"2010": 5, "2011": 7, "2012": 6, "2013": 17, "2014": 12, "2015": 6, "2016": 5, "2017": 3, "2018": 5, "2019": 5, "2020": 2}, "old_citations": {"2009": 73}, "isVisible": false}, "University of Edinburgh": {"name": "University of Edinburgh", "type": "organization", "organization_type": "Education", "h_index": 198, "h5_index": 57, "num_publications": 1, "num_citations": 40, "num_publications_5y": 0, "num_citations_5y": 24, "num_publications_10y": 1, "num_citations_10y": 36, "publications_years": {"2011": 1}, "citations_years": {"2010": 1, "2011": 1, "2012": 2, "2013": 8, "2014": 6, "2015": 5, "2016": 5, "2017": 5, "2018": 3, "2019": 3, "2020": 1}, "old_citations": {"2011": 40}, "isVisible": false}, "University of Notre Dame": {"name": "University of Notre Dame", "type": "organization", "organization_type": "Education", "h_index": 122, "h5_index": 39, "num_publications": 1, "num_citations": 20, "num_publications_5y": 0, "num_citations_5y": 6, "num_publications_10y": 1, "num_citations_10y": 20, "publications_years": {"2009": 1}, "citations_years": {"2010": 7, "2011": 5, "2012": 2, "2013": 0, "2014": 2, "2015": 2, "2016": 1, "2017": 0, "2018": 1}, "old_citations": {"2009": 20}, "isVisible": false}, "University of Virginia": {"name": "University of Virginia", "type": "organization", "organization_type": "Education", "h_index": 179, "h5_index": 36, "num_publications": 1, "num_citations": 27, "num_publications_5y": 0, "num_citations_5y": 18, "num_publications_10y": 1, "num_citations_10y": 24, "publications_years": {"2011": 1}, "citations_years": {"2012": 1, "2013": 5, "2014": 9, "2015": 6, "2016": 2, "2017": 1, "2018": 0, "2019": 3}, "old_citations": {"2011": 27}, "isVisible": false}, "\u00c9cole Polytechnique F\u00e9d\u00e9rale de Lausanne": {"name": "\u00c9cole Polytechnique F\u00e9d\u00e9rale de Lausanne", "type": "organization", "organization_type": "Facility", "h_index": 216, "h5_index": 61, "num_publications": 1, "num_citations": 10, "num_publications_5y": 0, "num_citations_5y": 8, "num_publications_10y": 1, "num_citations_10y": 10, "publications_years": {"2012": 1}, "citations_years": {"2013": 2, "2014": 3, "2015": 2, "2016": 1, "2017": 2}, "old_citations": {"2012": 10}, "isVisible": false}}, "topics": {"computer hardware": {"name": "computer hardware", "type": "topic", "h_index": 1150, "h5_index": 279, "num_publications": 30, "num_citations": 1578, "num_publications_5y": 0, "num_citations_5y": 705, "num_publications_10y": 28, "num_citations_10y": 1492, "publications_years": {"2009": 13, "2011": 13, "2007": 2, "2010": 1, "2012": 1}, "citations_years": {"2010": 111, "2011": 186, "2012": 222, "2013": 235, "2014": 218, "2015": 177, "2016": 119, "2017": 102, "2018": 89, "2019": 71, "2020": 12, "2009": 33, "2008": 3}, "old_citations": {"2009": 988, "2011": 483, "2007": 29, "2010": 68, "2012": 10}, "isVisible": false}, "computer science": {"name": "computer science", "type": "topic", "h_index": 1779, "h5_index": 416, "num_publications": 30, "num_citations": 1578, "num_publications_5y": 0, "num_citations_5y": 705, "num_publications_10y": 28, "num_citations_10y": 1492, "publications_years": {"2009": 13, "2011": 13, "2007": 2, "2010": 1, "2012": 1}, "citations_years": {"2010": 111, "2011": 186, "2012": 222, "2013": 235, "2014": 218, "2015": 177, "2016": 119, "2017": 102, "2018": 89, "2019": 71, "2020": 12, "2009": 33, "2008": 3}, "old_citations": {"2009": 988, "2011": 483, "2007": 29, "2010": 68, "2012": 10}, "isVisible": false}, "computer systems": {"name": "computer systems", "type": "topic", "h_index": 1595, "h5_index": 367, "num_publications": 30, "num_citations": 1578, "num_publications_5y": 0, "num_citations_5y": 705, "num_publications_10y": 28, "num_citations_10y": 1492, "publications_years": {"2009": 13, "2011": 13, "2007": 2, "2010": 1, "2012": 1}, "citations_years": {"2010": 111, "2011": 186, "2012": 222, "2013": 235, "2014": 218, "2015": 177, "2016": 119, "2017": 102, "2018": 89, "2019": 71, "2020": 12, "2009": 33, "2008": 3}, "old_citations": {"2009": 988, "2011": 483, "2007": 29, "2010": 68, "2012": 10}, "isVisible": false}, "distributed computer systems": {"name": "distributed computer systems", "type": "topic", "h_index": 985, "h5_index": 228, "num_publications": 30, "num_citations": 1578, "num_publications_5y": 0, "num_citations_5y": 705, "num_publications_10y": 28, "num_citations_10y": 1492, "publications_years": {"2009": 13, "2011": 13, "2007": 2, "2010": 1, "2012": 1}, "citations_years": {"2010": 111, "2011": 186, "2012": 222, "2013": 235, "2014": 218, "2015": 177, "2016": 119, "2017": 102, "2018": 89, "2019": 71, "2020": 12, "2009": 33, "2008": 3}, "old_citations": {"2009": 988, "2011": 483, "2007": 29, "2010": 68, "2012": 10}, "isVisible": false}, "distributed systems": {"name": "distributed systems", "type": "topic", "h_index": 859, "h5_index": 209, "num_publications": 30, "num_citations": 1578, "num_publications_5y": 0, "num_citations_5y": 705, "num_publications_10y": 28, "num_citations_10y": 1492, "publications_years": {"2009": 13, "2011": 13, "2007": 2, "2010": 1, "2012": 1}, "citations_years": {"2010": 111, "2011": 186, "2012": 222, "2013": 235, "2014": 218, "2015": 177, "2016": 119, "2017": 102, "2018": 89, "2019": 71, "2020": 12, "2009": 33, "2008": 3}, "old_citations": {"2009": 988, "2011": 483, "2007": 29, "2010": 68, "2012": 10}, "isVisible": false}, "gpu": {"name": "gpu", "type": "topic", "h_index": 379, "h5_index": 118, "num_publications": 30, "num_citations": 1578, "num_publications_5y": 0, "num_citations_5y": 705, "num_publications_10y": 28, "num_citations_10y": 1492, "publications_years": {"2009": 13, "2011": 13, "2007": 2, "2010": 1, "2012": 1}, "citations_years": {"2010": 111, "2011": 186, "2012": 222, "2013": 235, "2014": 218, "2015": 177, "2016": 119, "2017": 102, "2018": 89, "2019": 71, "2020": 12, "2009": 33, "2008": 3}, "old_citations": {"2009": 988, "2011": 483, "2007": 29, "2010": 68, "2012": 10}, "isVisible": false}, "microprocessor chips": {"name": "microprocessor chips", "type": "topic", "h_index": 744, "h5_index": 175, "num_publications": 30, "num_citations": 1578, "num_publications_5y": 0, "num_citations_5y": 705, "num_publications_10y": 28, "num_citations_10y": 1492, "publications_years": {"2009": 13, "2011": 13, "2007": 2, "2010": 1, "2012": 1}, "citations_years": {"2010": 111, "2011": 186, "2012": 222, "2013": 235, "2014": 218, "2015": 177, "2016": 119, "2017": 102, "2018": 89, "2019": 71, "2020": 12, "2009": 33, "2008": 3}, "old_citations": {"2009": 988, "2011": 483, "2007": 29, "2010": 68, "2012": 10}, "isVisible": false}, "parallel processing systems": {"name": "parallel processing systems", "type": "topic", "h_index": 845, "h5_index": 208, "num_publications": 30, "num_citations": 1578, "num_publications_5y": 0, "num_citations_5y": 705, "num_publications_10y": 28, "num_citations_10y": 1492, "publications_years": {"2009": 13, "2011": 13, "2007": 2, "2010": 1, "2012": 1}, "citations_years": {"2010": 111, "2011": 186, "2012": 222, "2013": 235, "2014": 218, "2015": 177, "2016": 119, "2017": 102, "2018": 89, "2019": 71, "2020": 12, "2009": 33, "2008": 3}, "old_citations": {"2009": 988, "2011": 483, "2007": 29, "2010": 68, "2012": 10}, "isVisible": false}, "program processors": {"name": "program processors", "type": "topic", "h_index": 613, "h5_index": 151, "num_publications": 30, "num_citations": 1578, "num_publications_5y": 0, "num_citations_5y": 705, "num_publications_10y": 28, "num_citations_10y": 1492, "publications_years": {"2009": 13, "2011": 13, "2007": 2, "2010": 1, "2012": 1}, "citations_years": {"2010": 111, "2011": 186, "2012": 222, "2013": 235, "2014": 218, "2015": 177, "2016": 119, "2017": 102, "2018": 89, "2019": 71, "2020": 12, "2009": 33, "2008": 3}, "old_citations": {"2009": 988, "2011": 483, "2007": 29, "2010": 68, "2012": 10}, "isVisible": false}, "computer programming": {"name": "computer programming", "type": "topic", "h_index": 873, "h5_index": 186, "num_publications": 29, "num_citations": 1542, "num_publications_5y": 0, "num_citations_5y": 688, "num_publications_10y": 27, "num_citations_10y": 1459, "publications_years": {"2009": 13, "2011": 12, "2007": 2, "2010": 1, "2012": 1}, "citations_years": {"2010": 111, "2011": 184, "2012": 216, "2013": 227, "2014": 214, "2015": 174, "2016": 115, "2017": 100, "2018": 85, "2019": 68, "2020": 12, "2009": 33, "2008": 3}, "old_citations": {"2009": 988, "2011": 447, "2007": 29, "2010": 68, "2012": 10}, "isVisible": false}, "computer programming languages": {"name": "computer programming languages", "type": "topic", "h_index": 746, "h5_index": 154, "num_publications": 29, "num_citations": 1542, "num_publications_5y": 0, "num_citations_5y": 688, "num_publications_10y": 27, "num_citations_10y": 1459, "publications_years": {"2009": 13, "2011": 12, "2007": 2, "2010": 1, "2012": 1}, "citations_years": {"2010": 111, "2011": 184, "2012": 216, "2013": 227, "2014": 214, "2015": 174, "2016": 115, "2017": 100, "2018": 85, "2019": 68, "2020": 12, "2009": 33, "2008": 3}, "old_citations": {"2009": 988, "2011": 447, "2007": 29, "2010": 68, "2012": 10}, "isVisible": false}, "parallel architectures": {"name": "parallel architectures", "type": "topic", "h_index": 531, "h5_index": 116, "num_publications": 29, "num_citations": 1542, "num_publications_5y": 0, "num_citations_5y": 688, "num_publications_10y": 27, "num_citations_10y": 1459, "publications_years": {"2009": 13, "2011": 12, "2007": 2, "2010": 1, "2012": 1}, "citations_years": {"2010": 111, "2011": 184, "2012": 216, "2013": 227, "2014": 214, "2015": 174, "2016": 115, "2017": 100, "2018": 85, "2019": 68, "2020": 12, "2009": 33, "2008": 3}, "old_citations": {"2009": 988, "2011": 447, "2007": 29, "2010": 68, "2012": 10}, "isVisible": false}, "parallel algorithms": {"name": "parallel algorithms", "type": "topic", "h_index": 516, "h5_index": 110, "num_publications": 28, "num_citations": 1498, "num_publications_5y": 0, "num_citations_5y": 664, "num_publications_10y": 26, "num_citations_10y": 1418, "publications_years": {"2009": 13, "2011": 11, "2007": 2, "2010": 1, "2012": 1}, "citations_years": {"2010": 111, "2011": 182, "2012": 209, "2013": 219, "2014": 206, "2015": 168, "2016": 113, "2017": 95, "2018": 82, "2019": 65, "2020": 12, "2009": 33, "2008": 3}, "old_citations": {"2009": 988, "2011": 403, "2007": 29, "2010": 68, "2012": 10}, "isVisible": false}, "parallel programming": {"name": "parallel programming", "type": "topic", "h_index": 425, "h5_index": 94, "num_publications": 28, "num_citations": 1498, "num_publications_5y": 0, "num_citations_5y": 664, "num_publications_10y": 26, "num_citations_10y": 1418, "publications_years": {"2009": 13, "2011": 11, "2007": 2, "2010": 1, "2012": 1}, "citations_years": {"2010": 111, "2011": 182, "2012": 209, "2013": 219, "2014": 206, "2015": 168, "2016": 113, "2017": 95, "2018": 82, "2019": 65, "2020": 12, "2009": 33, "2008": 3}, "old_citations": {"2009": 988, "2011": 403, "2007": 29, "2010": 68, "2012": 10}, "isVisible": false}, "cuda": {"name": "cuda", "type": "topic", "h_index": 189, "h5_index": 64, "num_publications": 27, "num_citations": 1498, "num_publications_5y": 0, "num_citations_5y": 664, "num_publications_10y": 25, "num_citations_10y": 1418, "publications_years": {"2009": 12, "2011": 11, "2007": 2, "2010": 1, "2012": 1}, "citations_years": {"2010": 111, "2011": 182, "2012": 209, "2013": 219, "2014": 206, "2015": 168, "2016": 113, "2017": 95, "2018": 82, "2019": 65, "2020": 12, "2009": 33, "2008": 3}, "old_citations": {"2009": 988, "2011": 403, "2007": 29, "2010": 68, "2012": 10}, "isVisible": false}, "graphics processing unit": {"name": "graphics processing unit", "type": "topic", "h_index": 232, "h5_index": 72, "num_publications": 27, "num_citations": 1498, "num_publications_5y": 0, "num_citations_5y": 664, "num_publications_10y": 25, "num_citations_10y": 1418, "publications_years": {"2009": 12, "2011": 11, "2007": 2, "2010": 1, "2012": 1}, "citations_years": {"2010": 111, "2011": 182, "2012": 209, "2013": 219, "2014": 206, "2015": 168, "2016": 113, "2017": 95, "2018": 82, "2019": 65, "2020": 12, "2009": 33, "2008": 3}, "old_citations": {"2009": 988, "2011": 403, "2007": 29, "2010": 68, "2012": 10}, "isVisible": false}, "gpus": {"name": "gpus", "type": "topic", "h_index": 171, "h5_index": 59, "num_publications": 22, "num_citations": 1343, "num_publications_5y": 0, "num_citations_5y": 596, "num_publications_10y": 21, "num_citations_10y": 1270, "publications_years": {"2009": 10, "2011": 10, "2007": 1, "2012": 1}, "citations_years": {"2010": 102, "2011": 163, "2012": 189, "2013": 195, "2014": 177, "2015": 150, "2016": 105, "2017": 90, "2018": 74, "2019": 61, "2020": 12, "2009": 25}, "old_citations": {"2009": 957, "2011": 376, "2007": 0, "2012": 10}, "isVisible": false}, "mathematics": {"name": "mathematics", "type": "topic", "h_index": 1364, "h5_index": 300, "num_publications": 18, "num_citations": 1038, "num_publications_5y": 0, "num_citations_5y": 480, "num_publications_10y": 17, "num_citations_10y": 968, "publications_years": {"2009": 9, "2011": 7, "2010": 1, "2007": 1}, "citations_years": {"2010": 64, "2011": 118, "2012": 139, "2013": 152, "2014": 148, "2015": 111, "2016": 82, "2017": 66, "2018": 73, "2019": 60, "2020": 10, "2009": 15}, "old_citations": {"2009": 660, "2011": 310, "2010": 68, "2007": 0}, "isVisible": false}, "gpgpu": {"name": "gpgpu", "type": "topic", "h_index": 122, "h5_index": 34, "num_publications": 14, "num_citations": 665, "num_publications_5y": 0, "num_citations_5y": 299, "num_publications_10y": 13, "num_citations_10y": 627, "publications_years": {"2009": 5, "2011": 7, "2007": 1, "2010": 1}, "citations_years": {"2010": 38, "2011": 77, "2012": 100, "2013": 102, "2014": 94, "2015": 71, "2016": 45, "2017": 47, "2018": 42, "2019": 29, "2020": 6, "2008": 3, "2009": 11}, "old_citations": {"2009": 296, "2011": 272, "2007": 29, "2010": 68}, "isVisible": false}, "parallel computing": {"name": "parallel computing", "type": "topic", "h_index": 288, "h5_index": 66, "num_publications": 14, "num_citations": 665, "num_publications_5y": 0, "num_citations_5y": 299, "num_publications_10y": 13, "num_citations_10y": 627, "publications_years": {"2009": 5, "2011": 7, "2007": 1, "2010": 1}, "citations_years": {"2010": 38, "2011": 77, "2012": 100, "2013": 102, "2014": 94, "2015": 71, "2016": 45, "2017": 47, "2018": 42, "2019": 29, "2020": 6, "2008": 3, "2009": 11}, "old_citations": {"2009": 296, "2011": 272, "2007": 29, "2010": 68}, "isVisible": false}, "cpu": {"name": "cpu", "type": "topic", "h_index": 276, "h5_index": 73, "num_publications": 9, "num_citations": 679, "num_publications_5y": 0, "num_citations_5y": 287, "num_publications_10y": 8, "num_citations_10y": 646, "publications_years": {"2009": 4, "2011": 3, "2007": 1, "2012": 1}, "citations_years": {"2009": 17, "2010": 67, "2011": 86, "2012": 95, "2013": 94, "2014": 82, "2015": 79, "2016": 55, "2017": 39, "2018": 32, "2019": 29, "2020": 4}, "old_citations": {"2009": 596, "2011": 73, "2007": 0, "2012": 10}, "isVisible": false}, "embedded systems": {"name": "embedded systems", "type": "topic", "h_index": 799, "h5_index": 168, "num_publications": 12, "num_citations": 491, "num_publications_5y": 0, "num_citations_5y": 222, "num_publications_10y": 12, "num_citations_10y": 467, "publications_years": {"2009": 3, "2011": 7, "2010": 1, "2012": 1}, "citations_years": {"2010": 21, "2011": 55, "2012": 70, "2013": 97, "2014": 82, "2015": 54, "2016": 28, "2017": 34, "2018": 24, "2019": 20, "2020": 4, "2009": 2}, "old_citations": {"2009": 208, "2011": 205, "2010": 68, "2012": 10}, "isVisible": false}}, "authors": {"2283028827": {"name": "david kaeli", "type": "author", "activity": 30, "h_index": 31, "h5_index": 9, "mag_id": "2283028827", "num_publications": 5, "num_citations": 125, "num_publications_5y": 0, "num_citations_5y": 43, "num_publications_10y": 5, "num_citations_10y": 119, "publications_years": {"2011": 2, "2009": 3}, "citations_years": {"2012": 25, "2013": 18, "2014": 19, "2015": 11, "2016": 5, "2017": 6, "2018": 2, "2019": 6, "2010": 10, "2011": 20, "2009": 3}, "old_citations": {"2011": 46, "2009": 79}, "isVisible": true}, "282641971": {"name": "ulf assarsson", "type": "author", "activity": 21, "h_index": 20, "h5_index": 3, "mag_id": "282641971", "num_publications": 2, "num_citations": 29, "num_publications_5y": 0, "num_citations_5y": 9, "num_publications_10y": 0, "num_citations_10y": 26, "publications_years": {"2007": 2}, "citations_years": {"2008": 3, "2009": 7, "2010": 1, "2011": 3, "2012": 5, "2013": 1, "2014": 3, "2015": 5, "2016": 1}, "old_citations": {"2007": 29}, "isVisible": false}, "988563514": {"name": "miriam leeser", "type": "author", "activity": 31, "h_index": 22, "h5_index": 6, "mag_id": "988563514", "num_publications": 2, "num_citations": 37, "num_publications_5y": 0, "num_citations_5y": 8, "num_publications_10y": 2, "num_citations_10y": 36, "publications_years": {"2009": 2}, "citations_years": {"2010": 5, "2011": 7, "2012": 10, "2013": 5, "2014": 2, "2015": 2, "2016": 1, "2017": 2, "2018": 1, "2019": 1, "2009": 1}, "old_citations": {"2009": 37}, "isVisible": false}, "1183556006": {"name": "wenmei w hwu", "type": "author", "activity": 31, "h_index": 55, "h5_index": 11, "mag_id": "1183556006", "num_publications": 2, "num_citations": 55, "num_publications_5y": 0, "num_citations_5y": 16, "num_publications_10y": 2, "num_citations_10y": 55, "publications_years": {"2009": 2}, "citations_years": {"2009": 6, "2010": 9, "2011": 11, "2012": 4, "2013": 9, "2014": 6, "2015": 2, "2016": 4, "2017": 3, "2018": 1}, "old_citations": {"2009": 55}, "isVisible": false}, "1909355737": {"name": "norman rubin", "type": "author", "activity": 24, "h_index": 11, "h5_index": 1, "mag_id": "1909355737", "num_publications": 2, "num_citations": 43, "num_publications_5y": 0, "num_citations_5y": 25, "num_publications_10y": 2, "num_citations_10y": 40, "publications_years": {"2011": 2}, "citations_years": {"2012": 5, "2013": 9, "2014": 10, "2015": 6, "2016": 4, "2017": 4, "2018": 1, "2019": 3, "2011": 1}, "old_citations": {"2011": 43}, "isVisible": false}, "1970482700": {"name": "perhaad mistry", "type": "author", "activity": 11, "h_index": 12, "h5_index": 0, "mag_id": "1970482700", "num_publications": 2, "num_citations": 38, "num_publications_5y": 0, "num_citations_5y": 21, "num_publications_10y": 2, "num_citations_10y": 35, "publications_years": {"2011": 1, "2009": 1}, "citations_years": {"2012": 3, "2013": 8, "2014": 10, "2015": 7, "2016": 2, "2017": 2, "2018": 0, "2019": 3, "2009": 1, "2010": 0, "2011": 2}, "old_citations": {"2011": 27, "2009": 11}, "isVisible": false}, "2096541677": {"name": "tarek s abdelrahman", "type": "author", "activity": 28, "h_index": 16, "h5_index": 2, "mag_id": "2096541677", "num_publications": 2, "num_citations": 282, "num_publications_5y": 0, "num_citations_5y": 143, "num_publications_10y": 2, "num_citations_10y": 265, "publications_years": {"2009": 1, "2011": 1}, "citations_years": {"2009": 2, "2010": 14, "2011": 28, "2012": 37, "2013": 41, "2014": 35, "2015": 38, "2016": 23, "2017": 23, "2018": 24, "2019": 14, "2020": 3}, "old_citations": {"2009": 135, "2011": 147}, "isVisible": false}, "2102312068": {"name": "tianyi david han", "type": "author", "activity": 9, "h_index": 7, "h5_index": 1, "mag_id": "2102312068", "num_publications": 2, "num_citations": 282, "num_publications_5y": 0, "num_citations_5y": 143, "num_publications_10y": 2, "num_citations_10y": 265, "publications_years": {"2009": 1, "2011": 1}, "citations_years": {"2009": 2, "2010": 14, "2011": 28, "2012": 37, "2013": 41, "2014": 35, "2015": 38, "2016": 23, "2017": 23, "2018": 24, "2019": 14, "2020": 3}, "old_citations": {"2009": 135, "2011": 147}, "isVisible": false}, "146893937": {"name": "erik sintorn", "type": "author", "activity": 14, "h_index": 10, "h5_index": 3, "mag_id": "146893937", "num_publications": 1, "num_citations": 0, "num_publications_5y": 0, "num_citations_5y": 0, "num_publications_10y": 0, "num_citations_10y": 0, "publications_years": {"2007": 1}, "citations_years": {}, "old_citations": {"2007": 0}, "isVisible": false}, "159144305": {"name": "klara nahrstedt", "type": "author", "activity": 28, "h_index": 69, "h5_index": 10, "mag_id": "159144305", "num_publications": 1, "num_citations": 0, "num_publications_5y": 0, "num_citations_5y": 0, "num_publications_10y": 1, "num_citations_10y": 0, "publications_years": {"2009": 1}, "citations_years": {}, "old_citations": {"2009": 0}, "isVisible": false}, "173135194": {"name": "dana schaa", "type": "author", "activity": 10, "h_index": 12, "h5_index": 1, "mag_id": "173135194", "num_publications": 1, "num_citations": 19, "num_publications_5y": 0, "num_citations_5y": 6, "num_publications_10y": 1, "num_citations_10y": 18, "publications_years": {"2011": 1}, "citations_years": {"2011": 3, "2012": 4, "2013": 5, "2014": 3, "2015": 1, "2016": 1, "2017": 1, "2018": 0, "2019": 1}, "old_citations": {"2011": 19}, "isVisible": false}, "260079519": {"name": "kirby l vandivort", "type": "author", "activity": 8, "h_index": 8, "h5_index": 1, "mag_id": "260079519", "num_publications": 1, "num_citations": 55, "num_publications_5y": 0, "num_citations_5y": 16, "num_publications_10y": 1, "num_citations_10y": 55, "publications_years": {"2009": 1}, "citations_years": {"2009": 6, "2010": 9, "2011": 11, "2012": 4, "2013": 9, "2014": 6, "2015": 2, "2016": 4, "2017": 3, "2018": 1}, "old_citations": {"2009": 55}, "isVisible": false}, "263760002": {"name": "dylan w roeh", "type": "author", "activity": 1, "h_index": 2, "h5_index": 0, "mag_id": "263760002", "num_publications": 1, "num_citations": 17, "num_publications_5y": 0, "num_citations_5y": 7, "num_publications_10y": 1, "num_citations_10y": 17, "publications_years": {"2009": 1}, "citations_years": {"2009": 2, "2010": 2, "2011": 1, "2012": 3, "2013": 2, "2014": 3, "2015": 0, "2016": 1, "2017": 2, "2018": 1}, "old_citations": {"2009": 17}, "isVisible": false}, "283282457": {"name": "kyle spafford", "type": "author", "activity": 9, "h_index": 8, "h5_index": 0, "mag_id": "283282457", "num_publications": 1, "num_citations": 36, "num_publications_5y": 0, "num_citations_5y": 15, "num_publications_10y": 1, "num_citations_10y": 33, "publications_years": {"2011": 1}, "citations_years": {"2011": 6, "2012": 6, "2013": 6, "2014": 3, "2015": 3, "2016": 2, "2017": 5, "2018": 2, "2019": 2, "2020": 1}, "old_citations": {"2011": 36}, "isVisible": false}, "285617995": {"name": "martin c herbordt", "type": "author", "activity": 31, "h_index": 18, "h5_index": 7, "mag_id": "285617995", "num_publications": 1, "num_citations": 43, "num_publications_5y": 0, "num_citations_5y": 18, "num_publications_10y": 1, "num_citations_10y": 42, "publications_years": {"2009": 1}, "citations_years": {"2009": 1, "2010": 10, "2011": 7, "2012": 2, "2013": 4, "2014": 7, "2015": 6, "2016": 2, "2017": 1, "2018": 2, "2019": 0, "2020": 1}, "old_citations": {"2009": 43}, "isVisible": false}, "341213942": {"name": "kim hazelwood", "type": "author", "activity": 18, "h_index": 22, "h5_index": 4, "mag_id": "341213942", "num_publications": 1, "num_citations": 27, "num_publications_5y": 0, "num_citations_5y": 18, "num_publications_10y": 1, "num_citations_10y": 24, "publications_years": {"2011": 1}, "citations_years": {"2012": 1, "2013": 5, "2014": 9, "2015": 6, "2016": 2, "2017": 1, "2018": 0, "2019": 3}, "old_citations": {"2011": 27}, "isVisible": false}, "706495960": {"name": "volodymyr kindratenko", "type": "author", "activity": 25, "h_index": 17, "h5_index": 0, "mag_id": "706495960", "num_publications": 1, "num_citations": 17, "num_publications_5y": 0, "num_citations_5y": 7, "num_publications_10y": 1, "num_citations_10y": 17, "publications_years": {"2009": 1}, "citations_years": {"2009": 2, "2010": 2, "2011": 1, "2012": 3, "2013": 2, "2014": 3, "2015": 0, "2016": 1, "2017": 2, "2018": 1}, "old_citations": {"2009": 17}, "isVisible": false}, "1075820015": {"name": "jay b brockman", "type": "author", "activity": 26, "h_index": 20, "h5_index": 1, "mag_id": "1075820015", "num_publications": 1, "num_citations": 20, "num_publications_5y": 0, "num_citations_5y": 6, "num_publications_10y": 1, "num_citations_10y": 20, "publications_years": {"2009": 1}, "citations_years": {"2010": 7, "2011": 5, "2012": 2, "2013": 0, "2014": 2, "2015": 2, "2016": 1, "2017": 0, "2018": 1}, "old_citations": {"2009": 20}, "isVisible": false}, "1503830126": {"name": "albert sidelnik", "type": "author", "activity": 11, "h_index": 14, "h5_index": 1, "mag_id": "1503830126", "num_publications": 1, "num_citations": 0, "num_publications_5y": 0, "num_citations_5y": 0, "num_publications_10y": 1, "num_citations_10y": 0, "publications_years": {"2009": 1}, "citations_years": {}, "old_citations": {"2009": 0}, "isVisible": false}, "1608827034": {"name": "bharat sukhwani", "type": "author", "activity": 12, "h_index": 11, "h5_index": 3, "mag_id": "1608827034", "num_publications": 1, "num_citations": 43, "num_publications_5y": 0, "num_citations_5y": 18, "num_publications_10y": 1, "num_citations_10y": 42, "publications_years": {"2009": 1}, "citations_years": {"2009": 1, "2010": 10, "2011": 7, "2012": 2, "2013": 4, "2014": 7, "2015": 6, "2016": 2, "2017": 1, "2018": 2, "2019": 0, "2020": 1}, "old_citations": {"2009": 43}, "isVisible": false}, "1822483960": {"name": "david e wohlford", "type": "author", "activity": 7, "h_index": 5, "h5_index": 0, "mag_id": "1822483960", "num_publications": 1, "num_citations": 68, "num_publications_5y": 0, "num_citations_5y": 32, "num_publications_10y": 1, "num_citations_10y": 67, "publications_years": {"2010": 1}, "citations_years": {"2010": 1, "2011": 9, "2012": 10, "2013": 15, "2014": 14, "2015": 4, "2016": 4, "2017": 3, "2018": 7, "2019": 1}, "old_citations": {"2010": 68}, "isVisible": false}, "1902291549": {"name": "cedric bastoul", "type": "author", "activity": 18, "h_index": 17, "h5_index": 0, "mag_id": "1902291549", "num_publications": 1, "num_citations": 68, "num_publications_5y": 0, "num_citations_5y": 32, "num_publications_10y": 1, "num_citations_10y": 67, "publications_years": {"2010": 1}, "citations_years": {"2010": 1, "2011": 9, "2012": 10, "2013": 15, "2014": 14, "2015": 4, "2016": 4, "2017": 3, "2018": 7, "2019": 1}, "old_citations": {"2010": 68}, "isVisible": false}, "1970086321": {"name": "cedric nugteren", "type": "author", "activity": 9, "h_index": 11, "h5_index": 2, "mag_id": "1970086321", "num_publications": 1, "num_citations": 34, "num_publications_5y": 0, "num_citations_5y": 20, "num_publications_10y": 1, "num_citations_10y": 33, "publications_years": {"2011": 1}, "citations_years": {"2011": 2, "2012": 5, "2013": 6, "2014": 7, "2015": 4, "2016": 4, "2017": 3, "2018": 2, "2019": 1}, "old_citations": {"2011": 34}, "isVisible": false}, "1976757878": {"name": "bart mesman", "type": "author", "activity": 20, "h_index": 17, "h5_index": 1, "mag_id": "1976757878", "num_publications": 1, "num_citations": 34, "num_publications_5y": 0, "num_citations_5y": 20, "num_publications_10y": 1, "num_citations_10y": 33, "publications_years": {"2011": 1}, "citations_years": {"2011": 2, "2012": 5, "2013": 6, "2014": 7, "2015": 4, "2016": 4, "2017": 3, "2018": 2, "2019": 1}, "old_citations": {"2011": 34}, "isVisible": false}, "1977964955": {"name": "nicolas vasilache", "type": "author", "activity": 16, "h_index": 22, "h5_index": 3, "mag_id": "1977964955", "num_publications": 1, "num_citations": 68, "num_publications_5y": 0, "num_citations_5y": 32, "num_publications_10y": 1, "num_citations_10y": 67, "publications_years": {"2010": 1}, "citations_years": {"2010": 1, "2011": 9, "2012": 10, "2013": 15, "2014": 14, "2015": 4, "2016": 4, "2017": 3, "2018": 7, "2019": 1}, "old_citations": {"2010": 68}, "isVisible": false}, "1980371435": {"name": "henk corporaal", "type": "author", "activity": 31, "h_index": 31, "h5_index": 8, "mag_id": "1980371435", "num_publications": 1, "num_citations": 34, "num_publications_5y": 0, "num_citations_5y": 20, "num_publications_10y": 1, "num_citations_10y": 33, "publications_years": {"2011": 1}, "citations_years": {"2011": 2, "2012": 5, "2013": 6, "2014": 7, "2015": 4, "2016": 4, "2017": 3, "2018": 2, "2019": 1}, "old_citations": {"2011": 34}, "isVisible": false}, "1983980497": {"name": "klaus schulten", "type": "author", "activity": 28, "h_index": 32, "h5_index": 6, "mag_id": "1983980497", "num_publications": 1, "num_citations": 55, "num_publications_5y": 0, "num_citations_5y": 16, "num_publications_10y": 1, "num_citations_10y": 55, "publications_years": {"2009": 1}, "citations_years": {"2009": 6, "2010": 9, "2011": 11, "2012": 4, "2013": 9, "2014": 6, "2015": 2, "2016": 4, "2017": 3, "2018": 1}, "old_citations": {"2009": 55}, "isVisible": false}, "1984042107": {"name": "karsten schwan", "type": "author", "activity": 29, "h_index": 50, "h5_index": 8, "mag_id": "1984042107", "num_publications": 1, "num_citations": 44, "num_publications_5y": 0, "num_citations_5y": 24, "num_publications_10y": 1, "num_citations_10y": 41, "publications_years": {"2011": 1}, "citations_years": {"2011": 2, "2012": 7, "2013": 8, "2014": 8, "2015": 6, "2016": 2, "2017": 5, "2018": 3, "2019": 3}, "old_citations": {"2011": 44}, "isVisible": false}, "1998164592": {"name": "muthu baskaran", "type": "author", "activity": 13, "h_index": 15, "h5_index": 4, "mag_id": "1998164592", "num_publications": 1, "num_citations": 68, "num_publications_5y": 0, "num_citations_5y": 32, "num_publications_10y": 1, "num_citations_10y": 67, "publications_years": {"2010": 1}, "citations_years": {"2010": 1, "2011": 9, "2012": 10, "2013": 15, "2014": 14, "2015": 4, "2016": 4, "2017": 3, "2018": 7, "2019": 1}, "old_citations": {"2010": 68}, "isVisible": false}, "2013475279": {"name": "arun k somani", "type": "author", "activity": 31, "h_index": 40, "h5_index": 4, "mag_id": "2013475279", "num_publications": 1, "num_citations": 16, "num_publications_5y": 0, "num_citations_5y": 8, "num_publications_10y": 1, "num_citations_10y": 16, "publications_years": {"2011": 1}, "citations_years": {"2012": 4, "2013": 4, "2014": 2, "2015": 5, "2016": 1}, "old_citations": {"2011": 16}, "isVisible": false}, "2029956318": {"name": "david atienza", "type": "author", "activity": 19, "h_index": 33, "h5_index": 7, "mag_id": "2029956318", "num_publications": 1, "num_citations": 10, "num_publications_5y": 0, "num_citations_5y": 8, "num_publications_10y": 1, "num_citations_10y": 10, "publications_years": {"2012": 1}, "citations_years": {"2013": 2, "2014": 3, "2015": 2, "2016": 1, "2017": 2}, "old_citations": {"2012": 10}, "isVisible": false}, "2030385978": {"name": "chris gregg", "type": "author", "activity": 10, "h_index": 5, "h5_index": 1, "mag_id": "2030385978", "num_publications": 1, "num_citations": 27, "num_publications_5y": 0, "num_citations_5y": 18, "num_publications_10y": 1, "num_citations_10y": 24, "publications_years": {"2011": 1}, "citations_years": {"2012": 1, "2013": 5, "2014": 9, "2015": 6, "2016": 2, "2017": 1, "2018": 0, "2019": 3}, "old_citations": {"2011": 27}, "isVisible": false}, "2043239539": {"name": "andrea marongiu", "type": "author", "activity": 15, "h_index": 15, "h5_index": 7, "mag_id": "2043239539", "num_publications": 1, "num_citations": 10, "num_publications_5y": 0, "num_citations_5y": 8, "num_publications_10y": 1, "num_citations_10y": 10, "publications_years": {"2012": 1}, "citations_years": {"2013": 2, "2014": 3, "2015": 2, "2016": 1, "2017": 2}, "old_citations": {"2012": 10}, "isVisible": false}, "2051811896": {"name": "shivani raghav", "type": "author", "activity": 6, "h_index": 4, "h5_index": 0, "mag_id": "2051811896", "num_publications": 1, "num_citations": 10, "num_publications_5y": 0, "num_citations_5y": 8, "num_publications_10y": 1, "num_citations_10y": 10, "publications_years": {"2012": 1}, "citations_years": {"2013": 2, "2014": 3, "2015": 2, "2016": 1, "2017": 2}, "old_citations": {"2012": 10}, "isVisible": false}, "2054437942": {"name": "luca benini", "type": "author", "activity": 28, "h_index": 81, "h5_index": 21, "mag_id": "2054437942", "num_publications": 1, "num_citations": 10, "num_publications_5y": 0, "num_citations_5y": 8, "num_publications_10y": 1, "num_citations_10y": 10, "publications_years": {"2012": 1}, "citations_years": {"2013": 2, "2014": 3, "2015": 2, "2016": 1, "2017": 2}, "old_citations": {"2012": 10}, "isVisible": false}, "2093513829": {"name": "nicolas holzschuch", "type": "author", "activity": 26, "h_index": 16, "h5_index": 1, "mag_id": "2093513829", "num_publications": 1, "num_citations": 29, "num_publications_5y": 0, "num_citations_5y": 9, "num_publications_10y": 0, "num_citations_10y": 26, "publications_years": {"2007": 1}, "citations_years": {"2008": 3, "2009": 7, "2010": 1, "2011": 3, "2012": 5, "2013": 1, "2014": 3, "2015": 5, "2016": 1}, "old_citations": {"2007": 29}, "isVisible": false}, "2096171172": {"name": "christian pinto", "type": "author", "activity": 9, "h_index": 9, "h5_index": 5, "mag_id": "2096171172", "num_publications": 1, "num_citations": 10, "num_publications_5y": 0, "num_citations_5y": 8, "num_publications_10y": 1, "num_citations_10y": 10, "publications_years": {"2012": 1}, "citations_years": {"2013": 2, "2014": 3, "2015": 2, "2016": 1, "2017": 2}, "old_citations": {"2012": 10}, "isVisible": false}, "2099129933": {"name": "david j hardy", "type": "author", "activity": 17, "h_index": 9, "h5_index": 2, "mag_id": "2099129933", "num_publications": 1, "num_citations": 55, "num_publications_5y": 0, "num_citations_5y": 16, "num_publications_10y": 1, "num_citations_10y": 55, "publications_years": {"2009": 1}, "citations_years": {"2009": 6, "2010": 9, "2011": 11, "2012": 4, "2013": 9, "2014": 6, "2015": 2, "2016": 4, "2017": 3, "2018": 1}, "old_citations": {"2009": 55}, "isVisible": false}, "2100495616": {"name": "jeremy s meredith", "type": "author", "activity": 18, "h_index": 18, "h5_index": 5, "mag_id": "2100495616", "num_publications": 1, "num_citations": 36, "num_publications_5y": 0, "num_citations_5y": 15, "num_publications_10y": 1, "num_citations_10y": 33, "publications_years": {"2011": 1}, "citations_years": {"2011": 6, "2012": 6, "2013": 6, "2014": 3, "2015": 3, "2016": 2, "2017": 5, "2018": 2, "2019": 2, "2020": 1}, "old_citations": {"2011": 36}, "isVisible": false}, "2107078383": {"name": "martino ruggiero", "type": "author", "activity": 15, "h_index": 15, "h5_index": 0, "mag_id": "2107078383", "num_publications": 1, "num_citations": 10, "num_publications_5y": 0, "num_citations_5y": 8, "num_publications_10y": 1, "num_citations_10y": 10, "publications_years": {"2012": 1}, "citations_years": {"2013": 2, "2014": 3, "2015": 2, "2016": 1, "2017": 2}, "old_citations": {"2012": 10}, "isVisible": false}, "2118081206": {"name": "andrew miller", "type": "author", "activity": 17, "h_index": 26, "h5_index": 18, "mag_id": "2118081206", "num_publications": 1, "num_citations": 23, "num_publications_5y": 0, "num_citations_5y": 14, "num_publications_10y": 1, "num_citations_10y": 22, "publications_years": {"2011": 1}, "citations_years": {"2012": 6, "2013": 2, "2014": 4, "2015": 3, "2016": 2, "2017": 5, "2018": 0, "2019": 1}, "old_citations": {"2011": 23}, "isVisible": false}, "2118729091": {"name": "benoit meister", "type": "author", "activity": 20, "h_index": 12, "h5_index": 3, "mag_id": "2118729091", "num_publications": 1, "num_citations": 68, "num_publications_5y": 0, "num_citations_5y": 32, "num_publications_10y": 1, "num_citations_10y": 67, "publications_years": {"2010": 1}, "citations_years": {"2010": 1, "2011": 9, "2012": 10, "2013": 15, "2014": 14, "2015": 4, "2016": 4, "2017": 3, "2018": 7, "2019": 1}, "old_citations": {"2010": 68}, "isVisible": false}, "2122099291": {"name": "john e stone", "type": "author", "activity": 24, "h_index": 23, "h5_index": 6, "mag_id": "2122099291", "num_publications": 1, "num_citations": 55, "num_publications_5y": 0, "num_citations_5y": 16, "num_publications_10y": 1, "num_citations_10y": 55, "publications_years": {"2009": 1}, "citations_years": {"2009": 6, "2010": 9, "2011": 11, "2012": 4, "2013": 9, "2014": 6, "2015": 2, "2016": 4, "2017": 3, "2018": 1}, "old_citations": {"2009": 55}, "isVisible": false}, "2123005755": {"name": "david padua", "type": "author", "activity": 30, "h_index": 46, "h5_index": 4, "mag_id": "2123005755", "num_publications": 1, "num_citations": 0, "num_publications_5y": 0, "num_citations_5y": 0, "num_publications_10y": 1, "num_citations_10y": 0, "publications_years": {"2009": 1}, "citations_years": {}, "old_citations": {"2009": 0}, "isVisible": false}, "2125991845": {"name": "synho do", "type": "author", "activity": 16, "h_index": 9, "h5_index": 4, "mag_id": "2125991845", "num_publications": 1, "num_citations": 42, "num_publications_5y": 0, "num_citations_5y": 11, "num_publications_10y": 1, "num_citations_10y": 41, "publications_years": {"2009": 1}, "citations_years": {"2009": 2, "2010": 5, "2011": 10, "2012": 10, "2013": 3, "2014": 5, "2015": 2, "2016": 1, "2017": 2, "2018": 1, "2019": 1}, "old_citations": {"2009": 42}, "isVisible": false}, "2126659342": {"name": "naila farooqui", "type": "author", "activity": 16, "h_index": 6, "h5_index": 3, "mag_id": "2126659342", "num_publications": 1, "num_citations": 44, "num_publications_5y": 0, "num_citations_5y": 24, "num_publications_10y": 1, "num_citations_10y": 41, "publications_years": {"2011": 1}, "citations_years": {"2011": 2, "2012": 7, "2013": 8, "2014": 8, "2015": 6, "2016": 2, "2017": 5, "2018": 3, "2019": 3}, "old_citations": {"2011": 44}, "isVisible": false}, "2128526687": {"name": "ijui sung", "type": "author", "activity": 10, "h_index": 7, "h5_index": 1, "mag_id": "2128526687", "num_publications": 1, "num_citations": 0, "num_publications_5y": 0, "num_citations_5y": 0, "num_publications_10y": 1, "num_citations_10y": 0, "publications_years": {"2009": 1}, "citations_years": {}, "old_citations": {"2009": 0}, "isVisible": false}, "2134196235": {"name": "andrew kerr", "type": "author", "activity": 4, "h_index": 9, "h5_index": 0, "mag_id": "2134196235", "num_publications": 1, "num_citations": 44, "num_publications_5y": 0, "num_citations_5y": 24, "num_publications_10y": 1, "num_citations_10y": 41, "publications_years": {"2011": 1}, "citations_years": {"2011": 2, "2012": 7, "2013": 8, "2014": 8, "2015": 6, "2016": 2, "2017": 5, "2018": 3, "2019": 3}, "old_citations": {"2011": 44}, "isVisible": false}, "2138199993": {"name": "david roger", "type": "author", "activity": 4, "h_index": 3, "h5_index": 0, "mag_id": "2138199993", "num_publications": 1, "num_citations": 29, "num_publications_5y": 0, "num_citations_5y": 9, "num_publications_10y": 0, "num_citations_10y": 26, "publications_years": {"2007": 1}, "citations_years": {"2008": 3, "2009": 7, "2010": 1, "2011": 3, "2012": 5, "2013": 1, "2014": 3, "2015": 5, "2016": 1}, "old_citations": {"2007": 29}, "isVisible": false}, "2149382046": {"name": "sanjay j patel", "type": "author", "activity": 27, "h_index": 38, "h5_index": 1, "mag_id": "2149382046", "num_publications": 1, "num_citations": 0, "num_publications_5y": 0, "num_citations_5y": 0, "num_publications_10y": 1, "num_citations_10y": 0, "publications_years": {"2009": 1}, "citations_years": {}, "old_citations": {"2009": 0}, "isVisible": false}, "2150105899": {"name": "john d owens", "type": "author", "activity": 23, "h_index": 44, "h5_index": 8, "mag_id": "2150105899", "num_publications": 1, "num_citations": 36, "num_publications_5y": 0, "num_citations_5y": 17, "num_publications_10y": 1, "num_citations_10y": 33, "publications_years": {"2011": 1}, "citations_years": {"2011": 2, "2012": 6, "2013": 8, "2014": 4, "2015": 3, "2016": 4, "2017": 2, "2018": 4, "2019": 3}, "old_citations": {"2011": 36}, "isVisible": false}, "2150211270": {"name": "wanmin wu", "type": "author", "activity": 11, "h_index": 17, "h5_index": 2, "mag_id": "2150211270", "num_publications": 1, "num_citations": 0, "num_publications_5y": 0, "num_citations_5y": 0, "num_publications_10y": 1, "num_citations_10y": 0, "publications_years": {"2009": 1}, "citations_years": {}, "old_citations": {"2009": 0}, "isVisible": false}, "2154057729": {"name": "peter bui", "type": "author", "activity": 9, "h_index": 6, "h5_index": 0, "mag_id": "2154057729", "num_publications": 1, "num_citations": 20, "num_publications_5y": 0, "num_citations_5y": 6, "num_publications_10y": 1, "num_citations_10y": 20, "publications_years": {"2009": 1}, "citations_years": {"2010": 7, "2011": 5, "2012": 2, "2013": 0, "2014": 2, "2015": 2, "2016": 1, "2017": 0, "2018": 1}, "old_citations": {"2009": 20}, "isVisible": false}, "2156422441": {"name": "huiyang zhou", "type": "author", "activity": 23, "h_index": 25, "h5_index": 7, "mag_id": "2156422441", "num_publications": 1, "num_citations": 73, "num_publications_5y": 0, "num_citations_5y": 31, "num_publications_10y": 1, "num_citations_10y": 66, "publications_years": {"2009": 1}, "citations_years": {"2010": 5, "2011": 7, "2012": 6, "2013": 17, "2014": 12, "2015": 6, "2016": 5, "2017": 3, "2018": 5, "2019": 5, "2020": 2}, "old_citations": {"2009": 73}, "isVisible": false}, "2161073217": {"name": "andrew davidson", "type": "author", "activity": 8, "h_index": 12, "h5_index": 4, "mag_id": "2161073217", "num_publications": 1, "num_citations": 36, "num_publications_5y": 0, "num_citations_5y": 17, "num_publications_10y": 1, "num_citations_10y": 33, "publications_years": {"2011": 1}, "citations_years": {"2011": 2, "2012": 6, "2013": 8, "2014": 4, "2015": 3, "2016": 4, "2017": 2, "2018": 4, "2019": 3}, "old_citations": {"2011": 36}, "isVisible": false}, "2162262175": {"name": "sudhakar yalamanchili", "type": "author", "activity": 29, "h_index": 28, "h5_index": 6, "mag_id": "2162262175", "num_publications": 1, "num_citations": 44, "num_publications_5y": 0, "num_citations_5y": 24, "num_publications_10y": 1, "num_citations_10y": 41, "publications_years": {"2011": 1}, "citations_years": {"2011": 2, "2012": 7, "2013": 8, "2014": 8, "2015": 6, "2016": 2, "2017": 5, "2018": 3, "2019": 3}, "old_citations": {"2011": 44}, "isVisible": false}, "2163772145": {"name": "mark a richards", "type": "author", "activity": 19, "h_index": 7, "h5_index": 0, "mag_id": "2163772145", "num_publications": 1, "num_citations": 45, "num_publications_5y": 0, "num_citations_5y": 19, "num_publications_10y": 1, "num_citations_10y": 42, "publications_years": {"2009": 1}, "citations_years": {"2009": 1, "2010": 0, "2011": 12, "2012": 6, "2013": 4, "2014": 9, "2015": 4, "2016": 4, "2017": 0, "2018": 2, "2019": 3}, "old_citations": {"2009": 45}, "isVisible": false}, "2165234532": {"name": "jeffrey s vetter", "type": "author", "activity": 28, "h_index": 42, "h5_index": 11, "mag_id": "2165234532", "num_publications": 1, "num_citations": 36, "num_publications_5y": 0, "num_citations_5y": 15, "num_publications_10y": 1, "num_citations_10y": 33, "publications_years": {"2011": 1}, "citations_years": {"2011": 6, "2012": 6, "2013": 6, "2014": 3, "2015": 3, "2016": 2, "2017": 5, "2018": 2, "2019": 2, "2020": 1}, "old_citations": {"2011": 36}, "isVisible": false}, "2168161180": {"name": "brett m bode", "type": "author", "activity": 19, "h_index": 9, "h5_index": 2, "mag_id": "2168161180", "num_publications": 1, "num_citations": 16, "num_publications_5y": 0, "num_citations_5y": 8, "num_publications_10y": 1, "num_citations_10y": 16, "publications_years": {"2011": 1}, "citations_years": {"2012": 4, "2013": 4, "2014": 2, "2015": 5, "2016": 1}, "old_citations": {"2011": 16}, "isVisible": false}, "2168777639": {"name": "robert j brunner", "type": "author", "activity": 23, "h_index": 9, "h5_index": 3, "mag_id": "2168777639", "num_publications": 1, "num_citations": 17, "num_publications_5y": 0, "num_citations_5y": 7, "num_publications_10y": 1, "num_citations_10y": 17, "publications_years": {"2009": 1}, "citations_years": {"2009": 2, "2010": 2, "2011": 1, "2012": 3, "2013": 2, "2014": 3, "2015": 0, "2016": 1, "2017": 2, "2018": 1}, "old_citations": {"2009": 17}, "isVisible": false}, "2170953427": {"name": "dominik grewe", "type": "author", "activity": 8, "h_index": 9, "h5_index": 1, "mag_id": "2170953427", "num_publications": 1, "num_citations": 40, "num_publications_5y": 0, "num_citations_5y": 24, "num_publications_10y": 1, "num_citations_10y": 36, "publications_years": {"2011": 1}, "citations_years": {"2010": 1, "2011": 1, "2012": 2, "2013": 8, "2014": 6, "2015": 5, "2016": 5, "2017": 5, "2018": 3, "2019": 3, "2020": 1}, "old_citations": {"2011": 40}, "isVisible": false}, "2197300578": {"name": "jan saam", "type": "author", "activity": 5, "h_index": 3, "h5_index": 0, "mag_id": "2197300578", "num_publications": 1, "num_citations": 55, "num_publications_5y": 0, "num_citations_5y": 16, "num_publications_10y": 1, "num_citations_10y": 55, "publications_years": {"2009": 1}, "citations_years": {"2009": 6, "2010": 9, "2011": 11, "2012": 4, "2013": 9, "2014": 6, "2015": 2, "2016": 4, "2017": 3, "2018": 1}, "old_citations": {"2009": 55}, "isVisible": false}, "2225812125": {"name": "molly a oneil", "type": "author", "activity": 5, "h_index": 4, "h5_index": 0, "mag_id": "2225812125", "num_publications": 1, "num_citations": 41, "num_publications_5y": 0, "num_citations_5y": 24, "num_publications_10y": 1, "num_citations_10y": 39, "publications_years": {"2011": 1}, "citations_years": {"2010": 1, "2011": 3, "2012": 8, "2013": 3, "2014": 8, "2015": 6, "2016": 7, "2017": 1, "2018": 2, "2019": 2}, "old_citations": {"2011": 41}, "isVisible": false}, "2231174271": {"name": "massimiliano fatica", "type": "author", "activity": 11, "h_index": 9, "h5_index": 2, "mag_id": "2231174271", "num_publications": 1, "num_citations": 118, "num_publications_5y": 0, "num_citations_5y": 52, "num_publications_10y": 1, "num_citations_10y": 116, "publications_years": {"2009": 1}, "citations_years": {"2009": 3, "2010": 16, "2011": 11, "2012": 21, "2013": 13, "2014": 8, "2015": 18, "2016": 14, "2017": 10, "2018": 2, "2019": 1, "2020": 1}, "old_citations": {"2009": 118}, "isVisible": false}, "2231221247": {"name": "andrew thall", "type": "author", "activity": 1, "h_index": 1, "h5_index": 0, "mag_id": "2231221247", "num_publications": 1, "num_citations": 4, "num_publications_5y": 0, "num_citations_5y": 2, "num_publications_10y": 1, "num_citations_10y": 4, "publications_years": {"2011": 1}, "citations_years": {"2012": 1, "2013": 1, "2014": 2}, "old_citations": {"2011": 4}, "isVisible": false}, "2240166792": {"name": "maria jesus garzaran", "type": "author", "activity": 22, "h_index": 17, "h5_index": 5, "mag_id": "2240166792", "num_publications": 1, "num_citations": 0, "num_publications_5y": 0, "num_citations_5y": 0, "num_publications_10y": 1, "num_citations_10y": 0, "publications_years": {"2009": 1}, "citations_years": {}, "old_citations": {"2009": 0}, "isVisible": false}, "2301273242": {"name": "lizandro solanoquinde", "type": "author", "activity": 12, "h_index": 4, "h5_index": 1, "mag_id": "2301273242", "num_publications": 1, "num_citations": 16, "num_publications_5y": 0, "num_citations_5y": 8, "num_publications_10y": 1, "num_citations_10y": 16, "publications_years": {"2011": 1}, "citations_years": {"2012": 4, "2013": 4, "2014": 2, "2015": 5, "2016": 1}, "old_citations": {"2011": 16}, "isVisible": false}, "2302935075": {"name": "gregory diamos", "type": "author", "activity": 12, "h_index": 22, "h5_index": 9, "mag_id": "2302935075", "num_publications": 1, "num_citations": 44, "num_publications_5y": 0, "num_citations_5y": 24, "num_publications_10y": 1, "num_citations_10y": 41, "publications_years": {"2011": 1}, "citations_years": {"2011": 2, "2012": 7, "2013": 8, "2014": 8, "2015": 6, "2016": 2, "2017": 5, "2018": 3, "2019": 3}, "old_citations": {"2011": 44}, "isVisible": false}, "2307182692": {"name": "paulius micikevicius", "type": "author", "activity": 12, "h_index": 5, "h5_index": 4, "mag_id": "2307182692", "num_publications": 1, "num_citations": 403, "num_publications_5y": 0, "num_citations_5y": 166, "num_publications_10y": 1, "num_citations_10y": 374, "publications_years": {"2009": 1}, "citations_years": {"2009": 8, "2010": 34, "2011": 55, "2012": 52, "2013": 59, "2014": 52, "2015": 44, "2016": 25, "2017": 20, "2018": 25, "2019": 26, "2020": 3}, "old_citations": {"2009": 403}, "isVisible": false}, "2346009207": {"name": "balaji dhanasekaran", "type": "author", "activity": 1, "h_index": 1, "h5_index": 0, "mag_id": "2346009207", "num_publications": 1, "num_citations": 16, "num_publications_5y": 0, "num_citations_5y": 7, "num_publications_10y": 1, "num_citations_10y": 16, "publications_years": {"2011": 1}, "citations_years": {"2011": 1, "2012": 4, "2013": 4, "2014": 1, "2015": 0, "2016": 2, "2017": 3, "2018": 1}, "old_citations": {"2011": 16}, "isVisible": false}, "2437210995": {"name": "joseph l mundy", "type": "author", "activity": 30, "h_index": 27, "h5_index": 3, "mag_id": "2437210995", "num_publications": 1, "num_citations": 23, "num_publications_5y": 0, "num_citations_5y": 14, "num_publications_10y": 1, "num_citations_10y": 22, "publications_years": {"2011": 1}, "citations_years": {"2012": 6, "2013": 2, "2014": 4, "2015": 3, "2016": 2, "2017": 5, "2018": 0, "2019": 1}, "old_citations": {"2011": 23}, "isVisible": false}, "2467734633": {"name": "martin burtscher", "type": "author", "activity": 22, "h_index": 32, "h5_index": 4, "mag_id": "2467734633", "num_publications": 1, "num_citations": 41, "num_publications_5y": 0, "num_citations_5y": 24, "num_publications_10y": 1, "num_citations_10y": 39, "publications_years": {"2011": 1}, "citations_years": {"2010": 1, "2011": 3, "2012": 8, "2013": 3, "2014": 8, "2015": 6, "2016": 7, "2017": 1, "2018": 2, "2019": 2}, "old_citations": {"2011": 41}, "isVisible": false}, "2506417281": {"name": "martin dimitrov", "type": "author", "activity": 11, "h_index": 10, "h5_index": 1, "mag_id": "2506417281", "num_publications": 1, "num_citations": 73, "num_publications_5y": 0, "num_citations_5y": 31, "num_publications_10y": 1, "num_citations_10y": 66, "publications_years": {"2009": 1}, "citations_years": {"2010": 5, "2011": 7, "2012": 6, "2013": 17, "2014": 12, "2015": 6, "2016": 5, "2017": 3, "2018": 5, "2019": 5, "2020": 2}, "old_citations": {"2009": 73}, "isVisible": false}, "2561668166": {"name": "allen leung", "type": "author", "activity": 11, "h_index": 6, "h5_index": 0, "mag_id": "2561668166", "num_publications": 1, "num_citations": 68, "num_publications_5y": 0, "num_citations_5y": 32, "num_publications_10y": 1, "num_citations_10y": 67, "publications_years": {"2010": 1}, "citations_years": {"2010": 1, "2011": 9, "2012": 10, "2013": 15, "2014": 14, "2015": 4, "2016": 4, "2017": 3, "2018": 7, "2019": 1}, "old_citations": {"2010": 68}, "isVisible": false}, "2593593308": {"name": "z j wang", "type": "author", "activity": 26, "h_index": 6, "h5_index": 2, "mag_id": "2593593308", "num_publications": 1, "num_citations": 16, "num_publications_5y": 0, "num_citations_5y": 8, "num_publications_10y": 1, "num_citations_10y": 16, "publications_years": {"2011": 1}, "citations_years": {"2012": 4, "2013": 4, "2014": 2, "2015": 5, "2016": 1}, "old_citations": {"2011": 16}, "isVisible": false}, "2618090325": {"name": "anton lokhmotov", "type": "author", "activity": 1, "h_index": 1, "h5_index": 0, "mag_id": "2618090325", "num_publications": 1, "num_citations": 40, "num_publications_5y": 0, "num_citations_5y": 24, "num_publications_10y": 1, "num_citations_10y": 36, "publications_years": {"2011": 1}, "citations_years": {"2010": 1, "2011": 1, "2012": 2, "2013": 8, "2014": 6, "2015": 5, "2016": 5, "2017": 5, "2018": 3, "2019": 3, "2020": 1}, "old_citations": {"2011": 40}, "isVisible": false}, "2691495121": {"name": "rodrigo dominguez", "type": "author", "activity": 4, "h_index": 4, "h5_index": 0, "mag_id": "2691495121", "num_publications": 1, "num_citations": 19, "num_publications_5y": 0, "num_citations_5y": 6, "num_publications_10y": 1, "num_citations_10y": 18, "publications_years": {"2011": 1}, "citations_years": {"2011": 3, "2012": 4, "2013": 5, "2014": 3, "2015": 1, "2016": 1, "2017": 1, "2018": 0, "2019": 1}, "old_citations": {"2011": 19}, "isVisible": false}, "2749974731": {"name": "gertjan van den braak", "type": "author", "activity": 7, "h_index": 7, "h5_index": 2, "mag_id": "2749974731", "num_publications": 1, "num_citations": 34, "num_publications_5y": 0, "num_citations_5y": 20, "num_publications_10y": 1, "num_citations_10y": 33, "publications_years": {"2011": 1}, "citations_years": {"2011": 2, "2012": 5, "2013": 6, "2014": 7, "2015": 4, "2016": 4, "2017": 3, "2018": 2, "2019": 1}, "old_citations": {"2011": 34}, "isVisible": false}, "2760903253": {"name": "richard lethin", "type": "author", "activity": 28, "h_index": 14, "h5_index": 4, "mag_id": "2760903253", "num_publications": 1, "num_citations": 68, "num_publications_5y": 0, "num_citations_5y": 32, "num_publications_10y": 1, "num_citations_10y": 67, "publications_years": {"2010": 1}, "citations_years": {"2010": 1, "2011": 9, "2012": 10, "2013": 15, "2014": 14, "2015": 4, "2016": 4, "2017": 3, "2018": 7, "2019": 1}, "old_citations": {"2010": 68}, "isVisible": false}, "2816691287": {"name": "dan campbell", "type": "author", "activity": 14, "h_index": 5, "h5_index": 0, "mag_id": "2816691287", "num_publications": 1, "num_citations": 45, "num_publications_5y": 0, "num_citations_5y": 19, "num_publications_10y": 1, "num_citations_10y": 42, "publications_years": {"2009": 1}, "citations_years": {"2009": 1, "2010": 0, "2011": 12, "2012": 6, "2013": 4, "2014": 9, "2015": 4, "2016": 4, "2017": 0, "2018": 2, "2019": 3}, "old_citations": {"2009": 45}, "isVisible": false}, "2868250488": {"name": "mike mantor", "type": "author", "activity": 13, "h_index": 10, "h5_index": 1, "mag_id": "2868250488", "num_publications": 1, "num_citations": 73, "num_publications_5y": 0, "num_citations_5y": 31, "num_publications_10y": 1, "num_citations_10y": 66, "publications_years": {"2009": 1}, "citations_years": {"2010": 5, "2011": 7, "2012": 6, "2013": 17, "2014": 12, "2015": 6, "2016": 5, "2017": 3, "2018": 5, "2019": 5, "2020": 2}, "old_citations": {"2009": 73}, "isVisible": false}, "2892821071": {"name": "byunghyun jang", "type": "author", "activity": 6, "h_index": 6, "h5_index": 0, "mag_id": "2892821071", "num_publications": 1, "num_citations": 42, "num_publications_5y": 0, "num_citations_5y": 11, "num_publications_10y": 1, "num_citations_10y": 41, "publications_years": {"2009": 1}, "citations_years": {"2009": 2, "2010": 5, "2011": 10, "2012": 10, "2013": 3, "2014": 5, "2015": 2, "2016": 1, "2017": 2, "2018": 1, "2019": 1}, "old_citations": {"2009": 42}, "isVisible": false}, "2952566752": {"name": "vishal jain", "type": "author", "activity": 10, "h_index": 2, "h5_index": 0, "mag_id": "2952566752", "num_publications": 1, "num_citations": 23, "num_publications_5y": 0, "num_citations_5y": 14, "num_publications_10y": 1, "num_citations_10y": 22, "publications_years": {"2011": 1}, "citations_years": {"2012": 6, "2013": 2, "2014": 4, "2015": 3, "2016": 2, "2017": 5, "2018": 0, "2019": 1}, "old_citations": {"2011": 23}, "isVisible": false}, "2986284538": {"name": "andrew kerr", "type": "author", "activity": 1, "h_index": 1, "h5_index": 0, "mag_id": "2986284538", "num_publications": 1, "num_citations": 45, "num_publications_5y": 0, "num_citations_5y": 19, "num_publications_10y": 1, "num_citations_10y": 42, "publications_years": {"2009": 1}, "citations_years": {"2009": 1, "2010": 0, "2011": 12, "2012": 6, "2013": 4, "2014": 9, "2015": 4, "2016": 4, "2017": 0, "2018": 2, "2019": 3}, "old_citations": {"2009": 45}, "isVisible": false}, "3011136330": {"name": "homer pien", "type": "author", "activity": 8, "h_index": 6, "h5_index": 0, "mag_id": "3011136330", "num_publications": 1, "num_citations": 42, "num_publications_5y": 0, "num_citations_5y": 11, "num_publications_10y": 1, "num_citations_10y": 41, "publications_years": {"2009": 1}, "citations_years": {"2009": 2, "2010": 5, "2011": 10, "2012": 10, "2013": 3, "2014": 5, "2015": 2, "2016": 1, "2017": 2, "2018": 1, "2019": 1}, "old_citations": {"2009": 42}, "isVisible": false}, "3013337266": {"name": "sherman braganza", "type": "author", "activity": 1, "h_index": 1, "h5_index": 0, "mag_id": "3013337266", "num_publications": 1, "num_citations": 11, "num_publications_5y": 0, "num_citations_5y": 3, "num_publications_10y": 1, "num_citations_10y": 11, "publications_years": {"2009": 1}, "citations_years": {"2009": 1, "2010": 0, "2011": 2, "2012": 2, "2013": 3, "2014": 1, "2015": 1, "2016": 0, "2017": 1}, "old_citations": {"2009": 11}, "isVisible": false}}, "countries": {"United States": {"name": "United States", "type": "country", "h5_index": 308, "num_publications": 16, "num_citations": 469, "num_publications_5y": 0, "num_citations_5y": 187, "num_publications_10y": 16, "num_citations_10y": 446, "publications_years": {"2009": 9, "2011": 7}, "citations_years": {"2010": 43, "2011": 61, "2012": 66, "2013": 77, "2014": 68, "2015": 44, "2016": 27, "2017": 27, "2018": 21, "2019": 19, "2020": 4, "2009": 12}, "old_citations": {"2009": 287, "2011": 182}, "isVisible": false}, "Canada": {"name": "Canada", "type": "country", "h5_index": 128, "num_publications": 5, "num_citations": 398, "num_publications_5y": 0, "num_citations_5y": 199, "num_publications_10y": 5, "num_citations_10y": 371, "publications_years": {"2009": 2, "2011": 3}, "citations_years": {"2010": 19, "2011": 36, "2012": 48, "2013": 67, "2014": 57, "2015": 50, "2016": 32, "2017": 30, "2018": 30, "2019": 22, "2020": 5, "2009": 2}, "old_citations": {"2009": 208, "2011": 190}, "isVisible": false}, "United Kingdom": {"name": "United Kingdom", "type": "country", "h5_index": 172, "num_publications": 3, "num_citations": 561, "num_publications_5y": 0, "num_citations_5y": 242, "num_publications_10y": 3, "num_citations_10y": 526, "publications_years": {"2009": 2, "2011": 1}, "citations_years": {"2009": 11, "2010": 51, "2011": 67, "2012": 75, "2013": 80, "2014": 66, "2015": 67, "2016": 44, "2017": 35, "2018": 30, "2019": 30, "2020": 5}, "old_citations": {"2009": 521, "2011": 40}, "isVisible": false}, "Italy": {"name": "Italy", "type": "country", "h5_index": 94, "num_publications": 1, "num_citations": 10, "num_publications_5y": 0, "num_citations_5y": 8, "num_publications_10y": 1, "num_citations_10y": 10, "publications_years": {"2012": 1}, "citations_years": {"2013": 2, "2014": 3, "2015": 2, "2016": 1, "2017": 2}, "old_citations": {"2012": 10}, "isVisible": false}, "Netherlands": {"name": "Netherlands", "type": "country", "h5_index": 91, "num_publications": 1, "num_citations": 34, "num_publications_5y": 0, "num_citations_5y": 20, "num_publications_10y": 1, "num_citations_10y": 33, "publications_years": {"2011": 1}, "citations_years": {"2011": 2, "2012": 5, "2013": 6, "2014": 7, "2015": 4, "2016": 4, "2017": 3, "2018": 2, "2019": 1}, "old_citations": {"2011": 34}, "isVisible": false}, "Sweden": {"name": "Sweden", "type": "country", "h5_index": 82, "num_publications": 1, "num_citations": 29, "num_publications_5y": 0, "num_citations_5y": 9, "num_publications_10y": 0, "num_citations_10y": 26, "publications_years": {"2007": 1}, "citations_years": {"2008": 3, "2009": 7, "2010": 1, "2011": 3, "2012": 5, "2013": 1, "2014": 3, "2015": 5, "2016": 1}, "old_citations": {"2007": 29}, "isVisible": false}, "Switzerland": {"name": "Switzerland", "type": "country", "h5_index": 102, "num_publications": 1, "num_citations": 10, "num_publications_5y": 0, "num_citations_5y": 8, "num_publications_10y": 1, "num_citations_10y": 10, "publications_years": {"2012": 1}, "citations_years": {"2013": 2, "2014": 3, "2015": 2, "2016": 1, "2017": 2}, "old_citations": {"2012": 10}, "isVisible": false}}, "industrial_sectors": {"semiconductor": {"name": "semiconductor", "type": "industrial sector", "h5_index": 102, "num_publications": 5, "num_citations": 637, "num_publications_5y": 0, "num_citations_5y": 274, "num_publications_10y": 5, "num_citations_10y": 596, "publications_years": {"2009": 3, "2011": 2}, "citations_years": {"2010": 55, "2011": 74, "2012": 84, "2013": 98, "2014": 82, "2015": 74, "2016": 48, "2017": 37, "2018": 33, "2019": 35, "2020": 6, "2009": 11}, "old_citations": {"2009": 594, "2011": 43}, "isVisible": false}, "technology": {"name": "technology", "type": "industrial sector", "h5_index": 229, "num_publications": 5, "num_citations": 637, "num_publications_5y": 0, "num_citations_5y": 274, "num_publications_10y": 5, "num_citations_10y": 596, "publications_years": {"2009": 3, "2011": 2}, "citations_years": {"2010": 55, "2011": 74, "2012": 84, "2013": 98, "2014": 82, "2015": 74, "2016": 48, "2017": 37, "2018": 33, "2019": 35, "2020": 6, "2009": 11}, "old_citations": {"2009": 594, "2011": 43}, "isVisible": false}, "computing_and_it": {"name": "computing_and_it", "type": "industrial sector", "h5_index": 221, "num_publications": 2, "num_citations": 521, "num_publications_5y": 0, "num_citations_5y": 218, "num_publications_10y": 2, "num_citations_10y": 490, "publications_years": {"2009": 2}, "citations_years": {"2009": 11, "2010": 50, "2011": 66, "2012": 73, "2013": 72, "2014": 60, "2015": 62, "2016": 39, "2017": 30, "2018": 27, "2019": 27, "2020": 4}, "old_citations": {"2009": 521}, "isVisible": false}, "electronics": {"name": "electronics", "type": "industrial sector", "h5_index": 134, "num_publications": 2, "num_citations": 521, "num_publications_5y": 0, "num_citations_5y": 218, "num_publications_10y": 2, "num_citations_10y": 490, "publications_years": {"2009": 2}, "citations_years": {"2009": 11, "2010": 50, "2011": 66, "2012": 73, "2013": 72, "2014": 60, "2015": 62, "2016": 39, "2017": 30, "2018": 27, "2019": 27, "2020": 4}, "old_citations": {"2009": 521}, "isVisible": false}}}, "conference_comparison": {"computer science": {}}, "topics_dna": {"publications": {}, "citations": {"normalized": {}, "average": {}}}, "info": {"num_publications": 30, "num_citations": 1578.0, "impact_factor": {"2009": 3.5, "2010": 8.23076923076923, "2011": 11.571428571428571, "2012": 5.5}, "publications_years": {"2009": 13, "2011": 13, "2007": 2, "2010": 1, "2012": 1}, "citations_years": {"2008": 3, "2009": 33, "2010": 111, "2011": 186, "2012": 222, "2013": 235, "2014": 218, "2015": 177, "2016": 119, "2017": 102, "2018": 89, "2019": 71, "2020": 12}, "old_citations": {"2009": 988, "2011": 483, "2007": 29, "2010": 68, "2012": 10}, "h5_index": 0}, "percentile": {"computer science": {"2009": 99, "2011": 98, "2007": 89, "2010": 99, "2012": 88}}, "conference_ranking": {"computer science": {"2009": 37, "2011": 85, "2007": 465, "2010": 30, "2012": 476}}, "academia": {"num_publications": 17, "num_citations": 663, "publications_years": {"2007": 1, "2008": 0, "2009": 8, "2010": 0, "2011": 8}, "old_citations": {"2007": 29, "2008": 0, "2009": 294, "2010": 0, "2011": 340}, "num_publications_5y": 0, "num_citations_5y": 0, "num_publications_10y": 8, "num_citations_10y": 340}, "industry": {"num_publications": 3, "num_citations": 537, "publications_years": {"2009": 2, "2010": 0, "2011": 1}, "old_citations": {"2009": 521, "2010": 0, "2011": 16}, "num_publications_5y": 0, "num_citations_5y": 0, "num_publications_10y": 1, "num_citations_10y": 16}, "collaborative": {"num_publications": 2, "num_citations": 100, "publications_years": {"2009": 1, "2010": 0, "2011": 1}, "old_citations": {"2009": 73, "2010": 0, "2011": 27}, "num_publications_5y": 0, "num_citations_5y": 0, "num_publications_10y": 1, "num_citations_10y": 27}, "conferences": {}, "journals": {}, "organizations": {"publication_overall": ["Northeastern University", "University of Illinois at Urbana Champaign", "Advanced Micro Devices (Canada)", "Nvidia (United Kingdom)", "University of Toronto", "Alma College", "Boston University", "Chalmers University of Technology", "Eindhoven University of Technology", "Georgia Institute of Technology", "Harvard University", "Iowa State University", "Oak Ridge National Laboratory", "University of Bologna", "University of California, Davis", "University of Central Florida", "University of Edinburgh", "University of Notre Dame", "University of Virginia", "\u00c9cole Polytechnique F\u00e9d\u00e9rale de Lausanne"], "citation_overall": ["Nvidia (United Kingdom)", "University of Toronto", "Northeastern University", "Advanced Micro Devices (Canada)", "University of Illinois at Urbana Champaign", "University of Central Florida", "Georgia Institute of Technology", "Boston University", "Harvard University", "University of Edinburgh", "Oak Ridge National Laboratory", "University of California, Davis", "Eindhoven University of Technology", "Chalmers University of Technology", "University of Virginia", "University of Notre Dame", "Iowa State University", "University of Bologna", "\u00c9cole Polytechnique F\u00e9d\u00e9rale de Lausanne", "Alma College"], "publication_10_years": ["Advanced Micro Devices (Canada)", "Northeastern University", "Alma College", "Eindhoven University of Technology", "Georgia Institute of Technology", "Iowa State University", "Oak Ridge National Laboratory", "University of Bologna", "University of California, Davis", "University of Edinburgh", "University of Illinois at Urbana Champaign", "University of Toronto", "University of Virginia", "\u00c9cole Polytechnique F\u00e9d\u00e9rale de Lausanne"], "citation_10_years": ["University of Toronto", "Northeastern University", "Georgia Institute of Technology", "Advanced Micro Devices (Canada)", "University of Edinburgh", "Oak Ridge National Laboratory", "University of California, Davis", "Eindhoven University of Technology", "University of Virginia", "Iowa State University", "University of Illinois at Urbana Champaign", "University of Bologna", "\u00c9cole Polytechnique F\u00e9d\u00e9rale de Lausanne", "Alma College"], "publication_5_years": [], "citation_5_years": []}, "countries": {"publication_overall": ["United States", "Canada", "United Kingdom", "Italy", "Netherlands", "Sweden", "Switzerland"], "citation_overall": ["United Kingdom", "United States", "Canada", "Netherlands", "Sweden", "Italy", "Switzerland"], "publication_10_years": ["United States", "Canada", "Italy", "Netherlands", "Switzerland", "United Kingdom"], "citation_10_years": ["Canada", "United States", "United Kingdom", "Netherlands", "Italy", "Switzerland"], "publication_5_years": [], "citation_5_years": []}, "topics": {"publication_overall": ["computer hardware", "computer science", "computer systems", "distributed computer systems", "distributed systems", "gpu", "microprocessor chips", "parallel processing systems", "program processors", "computer programming", "computer programming languages", "parallel architectures", "parallel algorithms", "parallel programming", "cuda", "graphics processing unit", "gpus", "mathematics", "gpgpu", "parallel computing"], "citation_overall": ["computer hardware", "computer science", "computer systems", "distributed computer systems", "distributed systems", "gpu", "microprocessor chips", "parallel processing systems", "program processors", "computer programming", "computer programming languages", "parallel architectures", "cuda", "graphics processing unit", "parallel algorithms", "parallel programming", "gpus", "mathematics", "cpu", "gpgpu"], "publication_10_years": ["computer hardware", "computer science", "computer systems", "distributed computer systems", "distributed systems", "gpu", "microprocessor chips", "parallel processing systems", "program processors", "computer programming", "computer programming languages", "parallel architectures", "cuda", "graphics processing unit", "parallel algorithms", "parallel programming", "gpus", "embedded systems", "gpgpu", "mathematics"], "citation_10_years": ["computer hardware", "computer science", "computer systems", "distributed computer systems", "distributed systems", "gpu", "microprocessor chips", "parallel processing systems", "program processors", "computer programming", "computer programming languages", "parallel architectures", "cuda", "graphics processing unit", "parallel algorithms", "parallel programming", "gpus", "mathematics", "gpgpu", "parallel computing"], "publication_5_years": [], "citation_5_years": []}, "main_topics": ["computer science"], "authors": {"publication_overall": ["2283028827", "282641971", "988563514", "1183556006", "1909355737", "1970482700", "2096541677", "2102312068", "146893937", "159144305", "173135194", "260079519", "263760002", "283282457", "285617995", "341213942", "706495960", "1075820015", "1503830126", "1608827034", "1822483960", "1902291549", "1970086321", "1976757878", "1977964955", "1980371435", "1983980497", "1984042107", "1998164592", "2013475279", "2029956318", "2030385978", "2043239539", "2051811896", "2054437942", "2093513829", "2096171172", "2099129933", "2100495616", "2107078383", "2118081206", "2118729091", "2122099291", "2123005755", "2125991845", "2126659342", "2128526687", "2134196235", "2138199993", "2149382046", "2150105899", "2150211270", "2154057729", "2156422441", "2161073217", "2162262175", "2163772145", "2165234532", "2168161180", "2168777639", "2170953427", "2197300578", "2225812125", "2231174271", "2231221247", "2240166792", "2301273242", "2302935075", "2307182692", "2346009207", "2437210995", "2467734633", "2506417281", "2561668166", "2593593308", "2618090325", "2691495121", "2749974731", "2760903253", "2816691287", "2868250488", "2892821071", "2952566752", "2986284538", "3011136330", "3013337266"], "citation_overall": ["2307182692", "2096541677", "2102312068", "2283028827", "2231174271", "2156422441", "2506417281", "2868250488", "1822483960", "1902291549", "1977964955", "1998164592", "2118729091", "2561668166", "2760903253", "260079519", "1183556006", "1983980497", "2099129933", "2122099291", "2197300578", "2163772145", "2816691287", "2986284538", "1984042107", "2126659342", "2134196235", "2162262175", "2302935075", "285617995", "1608827034", "1909355737", "2125991845", "2892821071", "3011136330", "2225812125", "2467734633", "2170953427", "2618090325", "1970482700", "988563514", "283282457", "2100495616", "2150105899", "2161073217", "2165234532", "1970086321", "1976757878", "1980371435", "2749974731", "282641971", "2093513829", "2138199993", "341213942", "2030385978", "2118081206", "2437210995", "2952566752", "1075820015", "2154057729", "173135194", "2691495121", "263760002", "706495960", "2168777639", "2013475279", "2168161180", "2301273242", "2346009207", "2593593308", "3013337266", "2029956318", "2043239539", "2051811896", "2054437942", "2096171172", "2107078383", "2231221247", "146893937", "159144305", "1503830126", "2123005755", "2128526687", "2149382046", "2150211270", "2240166792"], "publication_10_years": ["1909355737", "2283028827", "173135194", "283282457", "341213942", "1970086321", "1970482700", "1976757878", "1980371435", "1984042107", "2013475279", "2029956318", "2030385978", "2043239539", "2051811896", "2054437942", "2096171172", "2096541677", "2100495616", "2102312068", "2107078383", "2118081206", "2126659342", "2134196235", "2150105899", "2161073217", "2162262175", "2165234532", "2168161180", "2170953427", "2225812125", "2231221247", "2301273242", "2302935075", "2346009207", "2437210995", "2467734633", "2593593308", "2618090325", "2691495121", "2749974731", "2952566752"], "citation_10_years": ["2096541677", "2102312068", "2283028827", "1984042107", "2126659342", "2134196235", "2162262175", "2302935075", "1909355737", "2225812125", "2467734633", "2170953427", "2618090325", "283282457", "2100495616", "2150105899", "2161073217", "2165234532", "1970086321", "1976757878", "1980371435", "2749974731", "341213942", "1970482700", "2030385978", "2118081206", "2437210995", "2952566752", "173135194", "2691495121", "2013475279", "2168161180", "2301273242", "2346009207", "2593593308", "2029956318", "2043239539", "2051811896", "2054437942", "2096171172", "2107078383", "2231221247"], "publication_5_years": [], "citation_5_years": []}, "industrial_sectors": {"publication_overall": ["semiconductor", "technology", "computing_and_it", "electronics"], "citation_overall": ["semiconductor", "technology", "computing_and_it", "electronics"], "publication_10_years": ["semiconductor", "technology"], "citation_10_years": ["semiconductor", "technology"], "publication_5_years": [], "citation_5_years": []}}