{"name": "International Conference on Music and Artificial Intelligence", "acronym": "ICMAI", "type": "conference", "uniqueEntities": {"organizations": {"University of Amsterdam": {"name": "University of Amsterdam", "type": "organization", "organization_type": "Education", "h_index": 164, "h5_index": 50, "num_publications": 2, "num_citations": 9, "num_publications_5y": 0, "num_citations_5y": 1, "num_publications_10y": 0, "num_citations_10y": 3, "publications_years": {"2002": 2}, "citations_years": {"2002": 1, "2003": 0, "2004": 1, "2005": 0, "2006": 1, "2007": 1, "2008": 0, "2009": 0, "2010": 0, "2011": 1, "2012": 0, "2013": 1, "2014": 0, "2015": 0, "2016": 1, "2017": 0, "2018": 0, "2019": 2}, "old_citations": {"2002": 9}, "isVisible": false}, "Xiangtan University": {"name": "Xiangtan University", "type": "organization", "organization_type": "Education", "h_index": 26, "h5_index": 21, "num_publications": 2, "num_citations": 1, "num_publications_5y": 2, "num_citations_5y": 1, "num_publications_10y": 2, "num_citations_10y": 1, "publications_years": {"2018": 2}, "citations_years": {"2018": 1}, "old_citations": {"2018": 1}, "isVisible": false}, "Anyang University": {"name": "Anyang University", "type": "organization", "organization_type": "Education", "h_index": 11, "h5_index": 6, "num_publications": 1, "num_citations": 0, "num_publications_5y": 1, "num_citations_5y": 0, "num_publications_10y": 1, "num_citations_10y": 0, "publications_years": {"2018": 1}, "citations_years": {}, "old_citations": {"2018": 0}, "isVisible": false}, "Aristotle University of Thessaloniki": {"name": "Aristotle University of Thessaloniki", "type": "organization", "organization_type": "Education", "h_index": 93, "h5_index": 34, "num_publications": 1, "num_citations": 8, "num_publications_5y": 0, "num_citations_5y": 0, "num_publications_10y": 0, "num_citations_10y": 1, "publications_years": {"2002": 1}, "citations_years": {"2002": 1, "2003": 0, "2004": 2, "2005": 2, "2006": 1, "2007": 1, "2008": 0, "2009": 1}, "old_citations": {"2002": 8}, "isVisible": false}, "Austrian Research Institute for Artificial Intelligence": {"name": "Austrian Research Institute for Artificial Intelligence", "type": "organization", "organization_type": "Facility", "h_index": 42, "h5_index": 9, "num_publications": 1, "num_citations": 24, "num_publications_5y": 0, "num_citations_5y": 0, "num_publications_10y": 0, "num_citations_10y": 1, "publications_years": {"2002": 1}, "citations_years": {"2002": 1, "2003": 6, "2004": 4, "2005": 7, "2006": 2, "2007": 1, "2008": 0, "2009": 0, "2010": 0, "2011": 0, "2012": 1, "2013": 0, "2014": 0, "2015": 0, "2016": 0, "2017": 0, "2018": 0, "2019": 1, "2020": 1}, "old_citations": {"2002": 24}, "isVisible": false}, "Ben-Gurion University of the Negev": {"name": "Ben-Gurion University of the Negev", "type": "organization", "organization_type": "Education", "h_index": 105, "h5_index": 30, "num_publications": 1, "num_citations": 0, "num_publications_5y": 0, "num_citations_5y": 0, "num_publications_10y": 0, "num_citations_10y": 0, "publications_years": {"2002": 1}, "citations_years": {}, "old_citations": {"2002": 0}, "isVisible": false}, "Carnegie Mellon University": {"name": "Carnegie Mellon University", "type": "organization", "organization_type": "Education", "h_index": 441, "h5_index": 107, "num_publications": 1, "num_citations": 40, "num_publications_5y": 0, "num_citations_5y": 1, "num_publications_10y": 0, "num_citations_10y": 9, "publications_years": {"2002": 1}, "citations_years": {"2002": 2, "2003": 2, "2004": 5, "2005": 8, "2006": 6, "2007": 4, "2008": 4, "2009": 3, "2010": 1, "2011": 2, "2012": 2, "2013": 0, "2014": 0, "2015": 1}, "old_citations": {"2002": 40}, "isVisible": false}, "Central University of Finance and Economics": {"name": "Central University of Finance and Economics", "type": "organization", "organization_type": "Education", "h_index": 20, "h5_index": 12, "num_publications": 1, "num_citations": 0, "num_publications_5y": 1, "num_citations_5y": 0, "num_publications_10y": 1, "num_citations_10y": 0, "publications_years": {"2018": 1}, "citations_years": {}, "old_citations": {"2018": 0}, "isVisible": false}, "Chongqing University": {"name": "Chongqing University", "type": "organization", "organization_type": "Education", "h_index": 68, "h5_index": 42, "num_publications": 1, "num_citations": 0, "num_publications_5y": 1, "num_citations_5y": 0, "num_publications_10y": 1, "num_citations_10y": 0, "publications_years": {"2018": 1}, "citations_years": {}, "old_citations": {"2018": 0}, "isVisible": false}, "Chongqing University of Technology": {"name": "Chongqing University of Technology", "type": "organization", "organization_type": "Education", "h_index": 17, "h5_index": 13, "num_publications": 1, "num_citations": 0, "num_publications_5y": 1, "num_citations_5y": 0, "num_publications_10y": 1, "num_citations_10y": 0, "publications_years": {"2018": 1}, "citations_years": {}, "old_citations": {"2018": 0}, "isVisible": false}, "Huizhou University": {"name": "Huizhou University", "type": "organization", "organization_type": "Education", "h_index": 12, "h5_index": 10, "num_publications": 1, "num_citations": 0, "num_publications_5y": 1, "num_citations_5y": 0, "num_publications_10y": 1, "num_citations_10y": 0, "publications_years": {"2018": 1}, "citations_years": {}, "old_citations": {"2018": 0}, "isVisible": false}, "Karlsruhe Institute of Technology": {"name": "Karlsruhe Institute of Technology", "type": "organization", "organization_type": "Education", "h_index": 156, "h5_index": 37, "num_publications": 1, "num_citations": 7, "num_publications_5y": 0, "num_citations_5y": 1, "num_publications_10y": 0, "num_citations_10y": 1, "publications_years": {"2002": 1}, "citations_years": {"2002": 1, "2003": 0, "2004": 1, "2005": 1, "2006": 0, "2007": 0, "2008": 3, "2009": 0, "2010": 0, "2011": 0, "2012": 0, "2013": 0, "2014": 0, "2015": 1}, "old_citations": {"2002": 7}, "isVisible": false}, "Keio University": {"name": "Keio University", "type": "organization", "organization_type": "Education", "h_index": 73, "h5_index": 22, "num_publications": 1, "num_citations": 11, "num_publications_5y": 0, "num_citations_5y": 0, "num_publications_10y": 0, "num_citations_10y": 1, "publications_years": {"2002": 1}, "citations_years": {"2003": 1, "2004": 2, "2005": 3, "2006": 0, "2007": 1, "2008": 2, "2009": 0, "2010": 1, "2011": 0, "2012": 0, "2013": 0, "2014": 0, "2015": 0, "2016": 0, "2017": 0, "2018": 0, "2019": 1}, "old_citations": {"2002": 11}, "isVisible": false}, "Liaoning Technical University": {"name": "Liaoning Technical University", "type": "organization", "organization_type": "Education", "h_index": 12, "h5_index": 6, "num_publications": 1, "num_citations": 0, "num_publications_5y": 1, "num_citations_5y": 0, "num_publications_10y": 1, "num_citations_10y": 0, "publications_years": {"2018": 1}, "citations_years": {}, "old_citations": {"2018": 0}, "isVisible": false}, "Minzu University of China": {"name": "Minzu University of China", "type": "organization", "organization_type": "Education", "h_index": 15, "h5_index": 12, "num_publications": 1, "num_citations": 0, "num_publications_5y": 1, "num_citations_5y": 0, "num_publications_10y": 1, "num_citations_10y": 0, "publications_years": {"2018": 1}, "citations_years": {}, "old_citations": {"2018": 0}, "isVisible": false}, "Multimedia University": {"name": "Multimedia University", "type": "organization", "organization_type": "Education", "h_index": 51, "h5_index": 15, "num_publications": 1, "num_citations": 13, "num_publications_5y": 0, "num_citations_5y": 1, "num_publications_10y": 0, "num_citations_10y": 7, "publications_years": {"2002": 1}, "citations_years": {"2004": 2, "2005": 1, "2006": 1, "2007": 1, "2008": 0, "2009": 3, "2010": 0, "2011": 1, "2012": 1, "2013": 1, "2014": 0, "2015": 1, "2016": 0, "2017": 0, "2018": 0, "2019": 1}, "old_citations": {"2002": 13}, "isVisible": false}, "National and Kapodistrian University of Athens": {"name": "National and Kapodistrian University of Athens", "type": "organization", "organization_type": "Education", "h_index": 100, "h5_index": 27, "num_publications": 1, "num_citations": 8, "num_publications_5y": 0, "num_citations_5y": 0, "num_publications_10y": 0, "num_citations_10y": 1, "publications_years": {"2002": 1}, "citations_years": {"2002": 1, "2003": 0, "2004": 2, "2005": 2, "2006": 1, "2007": 1, "2008": 0, "2009": 1}, "old_citations": {"2002": 8}, "isVisible": false}, "Pompeu Fabra University": {"name": "Pompeu Fabra University", "type": "organization", "organization_type": "Education", "h_index": 85, "h5_index": 30, "num_publications": 1, "num_citations": 69, "num_publications_5y": 0, "num_citations_5y": 12, "num_publications_10y": 0, "num_citations_10y": 32, "publications_years": {"2002": 1}, "citations_years": {"2002": 2, "2003": 6, "2004": 10, "2005": 7, "2006": 2, "2007": 3, "2008": 5, "2009": 7, "2010": 2, "2011": 3, "2012": 3, "2013": 5, "2014": 0, "2015": 6, "2016": 4, "2017": 1, "2018": 1, "2019": 1, "2020": 1}, "old_citations": {"2002": 69}, "isVisible": false}, "Shanghai Jiao Tong University": {"name": "Shanghai Jiao Tong University", "type": "organization", "organization_type": "Education", "h_index": 136, "h5_index": 71, "num_publications": 1, "num_citations": 3, "num_publications_5y": 1, "num_citations_5y": 0, "num_publications_10y": 1, "num_citations_10y": 0, "publications_years": {"2018": 1}, "citations_years": {"2019": 3}, "old_citations": {"2018": 3}, "isVisible": false}, "Southwest University": {"name": "Southwest University", "type": "organization", "organization_type": "Education", "h_index": 50, "h5_index": 37, "num_publications": 1, "num_citations": 1, "num_publications_5y": 1, "num_citations_5y": 0, "num_publications_10y": 1, "num_citations_10y": 0, "publications_years": {"2018": 1}, "citations_years": {"2019": 1}, "old_citations": {"2018": 1}, "isVisible": false}, "Tianjin Normal University": {"name": "Tianjin Normal University", "type": "organization", "organization_type": "Education", "h_index": 18, "h5_index": 12, "num_publications": 1, "num_citations": 0, "num_publications_5y": 1, "num_citations_5y": 0, "num_publications_10y": 1, "num_citations_10y": 0, "publications_years": {"2018": 1}, "citations_years": {}, "old_citations": {"2018": 0}, "isVisible": false}, "University of Cambridge": {"name": "University of Cambridge", "type": "organization", "organization_type": "Education", "h_index": 250, "h5_index": 62, "num_publications": 1, "num_citations": 0, "num_publications_5y": 0, "num_citations_5y": 0, "num_publications_10y": 0, "num_citations_10y": 0, "publications_years": {"2002": 1}, "citations_years": {}, "old_citations": {"2002": 0}, "isVisible": false}, "University of Defence": {"name": "University of Defence", "type": "organization", "organization_type": "Education", "h_index": 23, "h5_index": 14, "num_publications": 1, "num_citations": 0, "num_publications_5y": 1, "num_citations_5y": 0, "num_publications_10y": 1, "num_citations_10y": 0, "publications_years": {"2018": 1}, "citations_years": {}, "old_citations": {"2018": 0}, "isVisible": false}, "University of Leeds": {"name": "University of Leeds", "type": "organization", "organization_type": "Education", "h_index": 97, "h5_index": 30, "num_publications": 1, "num_citations": 6, "num_publications_5y": 0, "num_citations_5y": 1, "num_publications_10y": 0, "num_citations_10y": 3, "publications_years": {"2002": 1}, "citations_years": {"2006": 1, "2007": 0, "2008": 0, "2009": 0, "2010": 0, "2011": 1, "2012": 0, "2013": 1, "2014": 0, "2015": 0, "2016": 1, "2017": 0, "2018": 0, "2019": 2}, "old_citations": {"2002": 6}, "isVisible": false}, "University of Rochester": {"name": "University of Rochester", "type": "organization", "organization_type": "Education", "h_index": 170, "h5_index": 40, "num_publications": 1, "num_citations": 25, "num_publications_5y": 0, "num_citations_5y": 6, "num_publications_10y": 0, "num_citations_10y": 10, "publications_years": {"2002": 1}, "citations_years": {"2004": 2, "2005": 2, "2006": 3, "2007": 1, "2008": 3, "2009": 2, "2010": 0, "2011": 0, "2012": 1, "2013": 1, "2014": 2, "2015": 1, "2016": 1, "2017": 2, "2018": 0, "2019": 3, "2020": 1}, "old_citations": {"2002": 25}, "isVisible": false}, "University of Southern California": {"name": "University of Southern California", "type": "organization", "organization_type": "Education", "h_index": 278, "h5_index": 73, "num_publications": 1, "num_citations": 53, "num_publications_5y": 0, "num_citations_5y": 13, "num_publications_10y": 0, "num_citations_10y": 36, "publications_years": {"2002": 1}, "citations_years": {"2003": 2, "2004": 1, "2005": 3, "2006": 4, "2007": 3, "2008": 4, "2009": 5, "2010": 6, "2011": 2, "2012": 3, "2013": 7, "2014": 6, "2015": 2, "2016": 3, "2017": 2}, "old_citations": {"2002": 53}, "isVisible": false}, "University of Waterloo": {"name": "University of Waterloo", "type": "organization", "organization_type": "Education", "h_index": 185, "h5_index": 58, "num_publications": 1, "num_citations": 1, "num_publications_5y": 1, "num_citations_5y": 0, "num_publications_10y": 1, "num_citations_10y": 0, "publications_years": {"2018": 1}, "citations_years": {"2019": 1}, "old_citations": {"2018": 1}, "isVisible": false}, "Xi'an Jiaotong University": {"name": "Xi'an Jiaotong University", "type": "organization", "organization_type": "Education", "h_index": 108, "h5_index": 57, "num_publications": 1, "num_citations": 0, "num_publications_5y": 1, "num_citations_5y": 0, "num_publications_10y": 1, "num_citations_10y": 0, "publications_years": {"2018": 1}, "citations_years": {}, "old_citations": {"2018": 0}, "isVisible": false}, "Yunnan University": {"name": "Yunnan University", "type": "organization", "organization_type": "Education", "h_index": 30, "h5_index": 20, "num_publications": 1, "num_citations": 1, "num_publications_5y": 1, "num_citations_5y": 0, "num_publications_10y": 1, "num_citations_10y": 0, "publications_years": {"2018": 1}, "citations_years": {"2020": 1}, "old_citations": {"2018": 1}, "isVisible": false}}, "topics": {"computer science": {"name": "computer science", "type": "topic", "h_index": 1779, "h5_index": 416, "num_publications": 34, "num_citations": 371, "num_publications_5y": 16, "num_citations_5y": 61, "num_publications_10y": 16, "num_citations_10y": 164, "publications_years": {"2018": 16, "2002": 18}, "citations_years": {"2019": 14, "2020": 5, "2018": 7, "2002": 12, "2003": 21, "2004": 37, "2005": 41, "2006": 30, "2007": 20, "2008": 27, "2009": 27, "2010": 20, "2011": 15, "2012": 15, "2013": 26, "2014": 10, "2015": 14, "2016": 17, "2017": 13}, "old_citations": {"2018": 6, "2002": 365}, "isVisible": false}, "artificial intelligence": {"name": "artificial intelligence", "type": "topic", "h_index": 1421, "h5_index": 373, "num_publications": 30, "num_citations": 346, "num_publications_5y": 13, "num_citations_5y": 56, "num_publications_10y": 13, "num_citations_10y": 150, "publications_years": {"2018": 13, "2002": 17}, "citations_years": {"2019": 14, "2018": 7, "2002": 11, "2003": 19, "2004": 33, "2005": 41, "2006": 30, "2007": 19, "2008": 25, "2009": 26, "2010": 18, "2011": 14, "2012": 13, "2013": 23, "2014": 10, "2015": 13, "2016": 15, "2017": 11, "2020": 4}, "old_citations": {"2018": 5, "2002": 341}, "isVisible": false}, "computer systems": {"name": "computer systems", "type": "topic", "h_index": 1595, "h5_index": 367, "num_publications": 23, "num_citations": 235, "num_publications_5y": 11, "num_citations_5y": 39, "num_publications_10y": 11, "num_citations_10y": 107, "publications_years": {"2018": 11, "2002": 12}, "citations_years": {"2019": 12, "2018": 2, "2003": 16, "2004": 26, "2005": 24, "2006": 15, "2007": 12, "2008": 14, "2009": 19, "2010": 12, "2011": 8, "2012": 11, "2013": 18, "2014": 8, "2015": 11, "2016": 11, "2017": 7, "2020": 3, "2002": 6}, "old_citations": {"2018": 5, "2002": 230}, "isVisible": false}, "mathematics": {"name": "mathematics", "type": "topic", "h_index": 1364, "h5_index": 300, "num_publications": 19, "num_citations": 202, "num_publications_5y": 10, "num_citations_5y": 45, "num_publications_10y": 10, "num_citations_10y": 113, "publications_years": {"2018": 10, "2002": 9}, "citations_years": {"2020": 3, "2018": 5, "2003": 4, "2004": 15, "2005": 15, "2006": 18, "2007": 8, "2008": 16, "2009": 17, "2010": 15, "2011": 9, "2012": 9, "2013": 18, "2014": 10, "2015": 7, "2016": 11, "2017": 12, "2019": 5, "2002": 5}, "old_citations": {"2018": 2, "2002": 200}, "isVisible": false}, "machine learning": {"name": "machine learning", "type": "topic", "h_index": 1123, "h5_index": 351, "num_publications": 18, "num_citations": 123, "num_publications_5y": 11, "num_citations_5y": 13, "num_publications_10y": 11, "num_citations_10y": 38, "publications_years": {"2018": 11, "2002": 7}, "citations_years": {"2019": 7, "2018": 2, "2007": 7, "2002": 4, "2003": 13, "2004": 18, "2005": 21, "2006": 6, "2008": 7, "2009": 8, "2010": 5, "2011": 3, "2012": 4, "2013": 5, "2014": 0, "2015": 6, "2016": 4, "2017": 1, "2020": 2}, "old_citations": {"2018": 5, "2002": 118}, "isVisible": false}, "correlation analysis": {"name": "correlation analysis", "type": "topic", "h_index": 1044, "h5_index": 224, "num_publications": 13, "num_citations": 182, "num_publications_5y": 6, "num_citations_5y": 43, "num_publications_10y": 6, "num_citations_10y": 105, "publications_years": {"2018": 6, "2002": 7}, "citations_years": {"2020": 3, "2018": 5, "2003": 4, "2004": 12, "2005": 13, "2006": 17, "2007": 7, "2008": 13, "2009": 14, "2010": 15, "2011": 8, "2012": 8, "2013": 17, "2014": 10, "2015": 5, "2016": 11, "2017": 12, "2019": 4, "2002": 4}, "old_citations": {"2018": 2, "2002": 180}, "isVisible": false}, "computer hardware": {"name": "computer hardware", "type": "topic", "h_index": 1150, "h5_index": 279, "num_publications": 11, "num_citations": 116, "num_publications_5y": 3, "num_citations_5y": 14, "num_publications_10y": 3, "num_citations_10y": 46, "publications_years": {"2018": 3, "2002": 8}, "citations_years": {"2019": 6, "2003": 9, "2004": 12, "2005": 16, "2006": 8, "2007": 9, "2008": 6, "2009": 9, "2010": 7, "2011": 3, "2012": 5, "2013": 8, "2014": 6, "2015": 3, "2016": 3, "2017": 2, "2002": 3, "2018": 0, "2020": 1}, "old_citations": {"2018": 3, "2002": 113}, "isVisible": false}, "computer imaging and vision": {"name": "computer imaging and vision", "type": "topic", "h_index": 1142, "h5_index": 334, "num_publications": 11, "num_citations": 192, "num_publications_5y": 4, "num_citations_5y": 32, "num_publications_10y": 4, "num_citations_10y": 86, "publications_years": {"2018": 4, "2002": 7}, "citations_years": {"2002": 7, "2003": 8, "2004": 20, "2005": 24, "2006": 18, "2007": 9, "2008": 16, "2009": 16, "2010": 10, "2011": 10, "2012": 7, "2013": 11, "2014": 2, "2015": 9, "2016": 9, "2017": 7, "2018": 5, "2019": 2, "2020": 2}, "old_citations": {"2018": 0, "2002": 192}, "isVisible": false}, "engineering": {"name": "engineering", "type": "topic", "h_index": 1177, "h5_index": 287, "num_publications": 11, "num_citations": 115, "num_publications_5y": 5, "num_citations_5y": 16, "num_publications_10y": 5, "num_citations_10y": 54, "publications_years": {"2018": 5, "2002": 6}, "citations_years": {"2018": 1, "2002": 3, "2003": 4, "2004": 10, "2005": 14, "2006": 12, "2007": 9, "2008": 8, "2009": 12, "2010": 7, "2011": 5, "2012": 6, "2013": 8, "2014": 6, "2015": 4, "2016": 3, "2017": 2, "2019": 1}, "old_citations": {"2018": 1, "2002": 114}, "isVisible": false}, "image processing": {"name": "image processing", "type": "topic", "h_index": 1113, "h5_index": 328, "num_publications": 10, "num_citations": 130, "num_publications_5y": 4, "num_citations_5y": 14, "num_publications_10y": 4, "num_citations_10y": 45, "publications_years": {"2018": 4, "2002": 6}, "citations_years": {"2002": 6, "2003": 8, "2004": 18, "2005": 20, "2006": 10, "2007": 9, "2008": 12, "2009": 11, "2010": 5, "2011": 5, "2012": 5, "2013": 5, "2014": 0, "2015": 8, "2016": 4, "2017": 1, "2018": 1, "2019": 1, "2020": 1}, "old_citations": {"2018": 0, "2002": 130}, "isVisible": false}, "linguistics": {"name": "linguistics", "type": "topic", "h_index": 867, "h5_index": 206, "num_publications": 9, "num_citations": 60, "num_publications_5y": 3, "num_citations_5y": 2, "num_publications_10y": 3, "num_citations_10y": 13, "publications_years": {"2002": 6, "2018": 3}, "citations_years": {"2002": 3, "2003": 3, "2004": 8, "2005": 11, "2006": 7, "2007": 6, "2008": 6, "2009": 3, "2010": 2, "2011": 3, "2012": 2, "2013": 1, "2014": 0, "2015": 1, "2016": 1, "2017": 0, "2018": 0, "2019": 3}, "old_citations": {"2002": 60, "2018": 0}, "isVisible": false}, "signal processing": {"name": "signal processing", "type": "topic", "h_index": 1012, "h5_index": 255, "num_publications": 9, "num_citations": 102, "num_publications_5y": 4, "num_citations_5y": 15, "num_publications_10y": 4, "num_citations_10y": 47, "publications_years": {"2018": 4, "2002": 5}, "citations_years": {"2018": 1, "2002": 3, "2003": 4, "2004": 8, "2005": 13, "2006": 11, "2007": 8, "2008": 8, "2009": 9, "2010": 7, "2011": 4, "2012": 5, "2013": 7, "2014": 6, "2015": 3, "2016": 3, "2017": 2}, "old_citations": {"2018": 1, "2002": 101}, "isVisible": false}, "computer networks": {"name": "computer networks", "type": "topic", "h_index": 1262, "h5_index": 332, "num_publications": 8, "num_citations": 65, "num_publications_5y": 5, "num_citations_5y": 14, "num_publications_10y": 5, "num_citations_10y": 39, "publications_years": {"2018": 5, "2002": 3}, "citations_years": {"2019": 3, "2018": 1, "2003": 2, "2004": 2, "2005": 5, "2006": 5, "2007": 4, "2008": 4, "2009": 5, "2010": 8, "2011": 2, "2012": 3, "2013": 7, "2014": 6, "2015": 2, "2016": 3, "2017": 2, "2002": 1}, "old_citations": {"2018": 4, "2002": 61}, "isVisible": false}, "image analysis": {"name": "image analysis", "type": "topic", "h_index": 988, "h5_index": 315, "num_publications": 8, "num_citations": 89, "num_publications_5y": 4, "num_citations_5y": 13, "num_publications_10y": 4, "num_citations_10y": 36, "publications_years": {"2018": 4, "2002": 4}, "citations_years": {"2002": 4, "2003": 6, "2004": 13, "2005": 12, "2006": 4, "2007": 4, "2008": 8, "2009": 8, "2010": 4, "2011": 3, "2012": 3, "2013": 5, "2014": 0, "2015": 7, "2016": 4, "2017": 1, "2018": 1, "2019": 1, "2020": 1}, "old_citations": {"2018": 0, "2002": 89}, "isVisible": false}, "internet": {"name": "internet", "type": "topic", "h_index": 1102, "h5_index": 245, "num_publications": 8, "num_citations": 63, "num_publications_5y": 4, "num_citations_5y": 2, "num_publications_10y": 4, "num_citations_10y": 18, "publications_years": {"2018": 4, "2002": 4}, "citations_years": {"2019": 4, "2020": 1, "2002": 2, "2003": 2, "2004": 7, "2005": 11, "2006": 8, "2007": 6, "2008": 4, "2009": 6, "2010": 3, "2011": 3, "2012": 3, "2013": 1, "2014": 0, "2015": 2, "2016": 0, "2017": 0, "2018": 0}, "old_citations": {"2018": 4, "2002": 59}, "isVisible": false}, "knowledge based systems": {"name": "knowledge based systems", "type": "topic", "h_index": 660, "h5_index": 129, "num_publications": 8, "num_citations": 87, "num_publications_5y": 4, "num_citations_5y": 20, "num_publications_10y": 4, "num_citations_10y": 50, "publications_years": {"2018": 4, "2002": 4}, "citations_years": {"2018": 5, "2004": 6, "2005": 8, "2006": 9, "2007": 2, "2008": 6, "2009": 8, "2010": 6, "2011": 6, "2012": 3, "2013": 7, "2014": 2, "2015": 2, "2016": 5, "2017": 6, "2019": 3, "2003": 1, "2002": 1, "2020": 1}, "old_citations": {"2018": 1, "2002": 86}, "isVisible": false}, "classification methods": {"name": "classification methods", "type": "topic", "h_index": 551, "h5_index": 185, "num_publications": 7, "num_citations": 102, "num_publications_5y": 4, "num_citations_5y": 18, "num_publications_10y": 4, "num_citations_10y": 48, "publications_years": {"2018": 4, "2002": 3}, "citations_years": {"2018": 2, "2002": 4, "2003": 8, "2004": 16, "2005": 9, "2006": 3, "2007": 5, "2008": 7, "2009": 9, "2010": 4, "2011": 4, "2012": 5, "2013": 8, "2014": 0, "2015": 7, "2016": 6, "2017": 3, "2019": 1, "2020": 1}, "old_citations": {"2018": 1, "2002": 101}, "isVisible": false}, "probability": {"name": "probability", "type": "topic", "h_index": 918, "h5_index": 211, "num_publications": 7, "num_citations": 36, "num_publications_5y": 4, "num_citations_5y": 8, "num_publications_10y": 4, "num_citations_10y": 12, "publications_years": {"2018": 4, "2002": 3}, "citations_years": {"2018": 1, "2004": 4, "2005": 3, "2006": 3, "2007": 2, "2008": 6, "2009": 2, "2010": 0, "2011": 0, "2012": 1, "2013": 1, "2014": 2, "2015": 2, "2016": 1, "2017": 2, "2019": 3, "2020": 1, "2002": 2, "2003": 0}, "old_citations": {"2018": 1, "2002": 35}, "isVisible": false}, "theoretical computer science": {"name": "theoretical computer science", "type": "topic", "h_index": 883, "h5_index": 203, "num_publications": 7, "num_citations": 30, "num_publications_5y": 3, "num_citations_5y": 1, "num_publications_10y": 3, "num_citations_10y": 4, "publications_years": {"2018": 3, "2002": 4}, "citations_years": {"2006": 3, "2007": 1, "2008": 0, "2009": 0, "2010": 0, "2011": 1, "2012": 1, "2013": 1, "2014": 0, "2015": 0, "2016": 1, "2017": 0, "2018": 0, "2019": 3, "2002": 1, "2003": 6, "2004": 4, "2005": 7, "2020": 1}, "old_citations": {"2018": 0, "2002": 30}, "isVisible": false}, "computer programming": {"name": "computer programming", "type": "topic", "h_index": 873, "h5_index": 186, "num_publications": 6, "num_citations": 12, "num_publications_5y": 3, "num_citations_5y": 1, "num_publications_10y": 3, "num_citations_10y": 2, "publications_years": {"2018": 3, "2002": 3}, "citations_years": {"2018": 1, "2003": 1, "2004": 2, "2005": 3, "2006": 0, "2007": 1, "2008": 2, "2009": 0, "2010": 1, "2011": 0, "2012": 0, "2013": 0, "2014": 0, "2015": 0, "2016": 0, "2017": 0, "2019": 1}, "old_citations": {"2018": 1, "2002": 11}, "isVisible": false}, "software design": {"name": "software design", "type": "topic", "h_index": 907, "h5_index": 227, "num_publications": 4, "num_citations": 132, "num_publications_5y": 1, "num_citations_5y": 31, "num_publications_10y": 1, "num_citations_10y": 74, "publications_years": {"2002": 3, "2018": 1}, "citations_years": {"2018": 6, "2002": 3, "2003": 6, "2004": 12, "2005": 11, "2006": 10, "2007": 3, "2008": 9, "2009": 12, "2010": 7, "2011": 8, "2012": 5, "2013": 11, "2014": 2, "2015": 7, "2016": 9, "2017": 7, "2019": 2, "2020": 2}, "old_citations": {"2002": 131, "2018": 1}, "isVisible": false}, "software engineering": {"name": "software engineering", "type": "topic", "h_index": 964, "h5_index": 236, "num_publications": 4, "num_citations": 132, "num_publications_5y": 1, "num_citations_5y": 31, "num_publications_10y": 1, "num_citations_10y": 74, "publications_years": {"2002": 3, "2018": 1}, "citations_years": {"2018": 6, "2002": 3, "2003": 6, "2004": 12, "2005": 11, "2006": 10, "2007": 3, "2008": 9, "2009": 12, "2010": 7, "2011": 8, "2012": 5, "2013": 11, "2014": 2, "2015": 7, "2016": 9, "2017": 7, "2019": 2, "2020": 2}, "old_citations": {"2002": 131, "2018": 1}, "isVisible": false}, "semantics": {"name": "semantics", "type": "topic", "h_index": 803, "h5_index": 226, "num_publications": 6, "num_citations": 122, "num_publications_5y": 1, "num_citations_5y": 20, "num_publications_10y": 1, "num_citations_10y": 54, "publications_years": {"2002": 5, "2018": 1}, "citations_years": {"2002": 4, "2003": 3, "2004": 10, "2005": 15, "2006": 15, "2007": 6, "2008": 10, "2009": 8, "2010": 7, "2011": 8, "2012": 4, "2013": 7, "2014": 2, "2015": 2, "2016": 6, "2017": 6, "2018": 4, "2019": 4, "2020": 1}, "old_citations": {"2002": 122, "2018": 0}, "isVisible": false}, "sensors": {"name": "sensors", "type": "topic", "h_index": 960, "h5_index": 229, "num_publications": 6, "num_citations": 97, "num_publications_5y": 1, "num_citations_5y": 13, "num_publications_10y": 1, "num_citations_10y": 39, "publications_years": {"2018": 1, "2002": 5}, "citations_years": {"2003": 9, "2004": 9, "2005": 15, "2006": 7, "2007": 7, "2008": 6, "2009": 6, "2010": 7, "2011": 2, "2012": 4, "2013": 7, "2014": 6, "2015": 2, "2016": 3, "2017": 2, "2002": 2, "2018": 0, "2019": 2, "2020": 1}, "old_citations": {"2018": 0, "2002": 97}, "isVisible": false}, "information retrieval": {"name": "information retrieval", "type": "topic", "h_index": 882, "h5_index": 227, "num_publications": 4, "num_citations": 93, "num_publications_5y": 1, "num_citations_5y": 17, "num_publications_10y": 1, "num_citations_10y": 46, "publications_years": {"2002": 3, "2018": 1}, "citations_years": {"2002": 3, "2003": 8, "2004": 14, "2005": 7, "2006": 2, "2007": 4, "2008": 7, "2009": 8, "2010": 4, "2011": 4, "2012": 5, "2013": 8, "2014": 0, "2015": 7, "2016": 6, "2017": 3, "2018": 1, "2019": 1, "2020": 1}, "old_citations": {"2002": 93, "2018": 0}, "isVisible": false}, "pattern recognition": {"name": "pattern recognition", "type": "topic", "h_index": 922, "h5_index": 287, "num_publications": 6, "num_citations": 83, "num_publications_5y": 2, "num_citations_5y": 12, "num_publications_10y": 2, "num_citations_10y": 35, "publications_years": {"2018": 2, "2002": 4}, "citations_years": {"2007": 5, "2002": 3, "2003": 6, "2004": 12, "2005": 11, "2006": 4, "2008": 5, "2009": 8, "2010": 4, "2011": 3, "2012": 3, "2013": 5, "2014": 0, "2015": 6, "2016": 4, "2017": 1, "2018": 1, "2019": 1, "2020": 1}, "old_citations": {"2018": 0, "2002": 83}, "isVisible": false}, "neural networks": {"name": "neural networks", "type": "topic", "h_index": 604, "h5_index": 293, "num_publications": 6, "num_citations": 4, "num_publications_5y": 5, "num_citations_5y": 1, "num_publications_10y": 5, "num_citations_10y": 1, "publications_years": {"2018": 5, "2002": 1}, "citations_years": {"2019": 3, "2018": 1}, "old_citations": {"2018": 4, "2002": 0}, "isVisible": false}, "communication systems": {"name": "communication systems", "type": "topic", "h_index": 1092, "h5_index": 254, "num_publications": 5, "num_citations": 57, "num_publications_5y": 4, "num_citations_5y": 14, "num_publications_10y": 4, "num_citations_10y": 37, "publications_years": {"2018": 4, "2002": 1}, "citations_years": {"2019": 3, "2018": 1, "2003": 2, "2004": 1, "2005": 3, "2006": 4, "2007": 3, "2008": 4, "2009": 5, "2010": 6, "2011": 2, "2012": 3, "2013": 7, "2014": 6, "2015": 2, "2016": 3, "2017": 2}, "old_citations": {"2018": 4, "2002": 53}, "isVisible": false}, "computer security": {"name": "computer security", "type": "topic", "h_index": 977, "h5_index": 220, "num_publications": 6, "num_citations": 44, "num_publications_5y": 4, "num_citations_5y": 1, "num_publications_10y": 4, "num_citations_10y": 9, "publications_years": {"2018": 4, "2002": 2}, "citations_years": {"2020": 1, "2002": 3, "2003": 2, "2004": 6, "2005": 8, "2006": 6, "2007": 5, "2008": 4, "2009": 3, "2010": 1, "2011": 2, "2012": 2, "2013": 0, "2014": 0, "2015": 1}, "old_citations": {"2018": 1, "2002": 43}, "isVisible": false}, "economics": {"name": "economics", "type": "topic", "h_index": 583, "h5_index": 144, "num_publications": 4, "num_citations": 2, "num_publications_5y": 4, "num_citations_5y": 0, "num_publications_10y": 4, "num_citations_10y": 0, "publications_years": {"2018": 4}, "citations_years": {"2019": 1, "2020": 1}, "old_citations": {"2018": 2}, "isVisible": false}, "communication channels (information theory)": {"name": "communication channels (information theory)", "type": "topic", "h_index": 925, "h5_index": 216, "num_publications": 4, "num_citations": 57, "num_publications_5y": 3, "num_citations_5y": 14, "num_publications_10y": 3, "num_citations_10y": 37, "publications_years": {"2018": 3, "2002": 1}, "citations_years": {"2019": 3, "2018": 1, "2003": 2, "2004": 1, "2005": 3, "2006": 4, "2007": 3, "2008": 4, "2009": 5, "2010": 6, "2011": 2, "2012": 3, "2013": 7, "2014": 6, "2015": 2, "2016": 3, "2017": 2}, "old_citations": {"2018": 4, "2002": 53}, "isVisible": false}, "online learning": {"name": "online learning", "type": "topic", "h_index": 325, "h5_index": 108, "num_publications": 3, "num_citations": 28, "num_publications_5y": 2, "num_citations_5y": 6, "num_publications_10y": 2, "num_citations_10y": 15, "publications_years": {"2018": 2, "2002": 1}, "citations_years": {"2019": 3, "2018": 1, "2002": 1, "2003": 2, "2004": 4, "2005": 0, "2006": 0, "2007": 1, "2008": 2, "2009": 1, "2010": 2, "2011": 1, "2012": 2, "2013": 3, "2014": 0, "2015": 1, "2016": 2, "2017": 2}, "old_citations": {"2018": 4, "2002": 24}, "isVisible": false}, "online systems": {"name": "online systems", "type": "topic", "h_index": 535, "h5_index": 136, "num_publications": 5, "num_citations": 28, "num_publications_5y": 3, "num_citations_5y": 6, "num_publications_10y": 3, "num_citations_10y": 15, "publications_years": {"2018": 3, "2002": 2}, "citations_years": {"2019": 3, "2018": 1, "2002": 1, "2003": 2, "2004": 4, "2005": 0, "2006": 0, "2007": 1, "2008": 2, "2009": 1, "2010": 2, "2011": 1, "2012": 2, "2013": 3, "2014": 0, "2015": 1, "2016": 2, "2017": 2}, "old_citations": {"2018": 4, "2002": 24}, "isVisible": false}, "telecommunication networks": {"name": "telecommunication networks", "type": "topic", "h_index": 1116, "h5_index": 258, "num_publications": 2, "num_citations": 4, "num_publications_5y": 2, "num_citations_5y": 1, "num_publications_10y": 2, "num_citations_10y": 1, "publications_years": {"2018": 2}, "citations_years": {"2019": 3, "2018": 1}, "old_citations": {"2018": 4}, "isVisible": false}, "telecommunication systems": {"name": "telecommunication systems", "type": "topic", "h_index": 1187, "h5_index": 277, "num_publications": 5, "num_citations": 57, "num_publications_5y": 4, "num_citations_5y": 14, "num_publications_10y": 4, "num_citations_10y": 37, "publications_years": {"2018": 4, "2002": 1}, "citations_years": {"2019": 3, "2018": 1, "2003": 2, "2004": 1, "2005": 3, "2006": 4, "2007": 3, "2008": 4, "2009": 5, "2010": 6, "2011": 2, "2012": 3, "2013": 7, "2014": 6, "2015": 2, "2016": 3, "2017": 2}, "old_citations": {"2018": 4, "2002": 53}, "isVisible": false}, "wireless telecommunication systems": {"name": "wireless telecommunication systems", "type": "topic", "h_index": 1087, "h5_index": 254, "num_publications": 5, "num_citations": 57, "num_publications_5y": 4, "num_citations_5y": 14, "num_publications_10y": 4, "num_citations_10y": 37, "publications_years": {"2018": 4, "2002": 1}, "citations_years": {"2019": 3, "2018": 1, "2003": 2, "2004": 1, "2005": 3, "2006": 4, "2007": 3, "2008": 4, "2009": 5, "2010": 6, "2011": 2, "2012": 3, "2013": 7, "2014": 6, "2015": 2, "2016": 3, "2017": 2}, "old_citations": {"2018": 4, "2002": 53}, "isVisible": false}, "world wide web": {"name": "world wide web", "type": "topic", "h_index": 869, "h5_index": 173, "num_publications": 6, "num_citations": 57, "num_publications_5y": 4, "num_citations_5y": 2, "num_publications_10y": 4, "num_citations_10y": 16, "publications_years": {"2018": 4, "2002": 2}, "citations_years": {"2019": 4, "2020": 1, "2002": 2, "2003": 2, "2004": 7, "2005": 9, "2006": 7, "2007": 5, "2008": 4, "2009": 6, "2010": 1, "2011": 3, "2012": 3, "2013": 1, "2014": 0, "2015": 2, "2016": 0, "2017": 0, "2018": 0}, "old_citations": {"2018": 4, "2002": 53}, "isVisible": false}, "data communication systems": {"name": "data communication systems", "type": "topic", "h_index": 1013, "h5_index": 234, "num_publications": 1, "num_citations": 3, "num_publications_5y": 1, "num_citations_5y": 0, "num_publications_10y": 1, "num_citations_10y": 0, "publications_years": {"2018": 1}, "citations_years": {"2019": 3}, "old_citations": {"2018": 3}, "isVisible": false}, "deep learning": {"name": "deep learning", "type": "topic", "h_index": 260, "h5_index": 185, "num_publications": 2, "num_citations": 3, "num_publications_5y": 2, "num_citations_5y": 0, "num_publications_10y": 2, "num_citations_10y": 0, "publications_years": {"2018": 2}, "citations_years": {"2019": 3}, "old_citations": {"2018": 3}, "isVisible": false}, "mobile computing": {"name": "mobile computing", "type": "topic", "h_index": 664, "h5_index": 170, "num_publications": 1, "num_citations": 3, "num_publications_5y": 1, "num_citations_5y": 0, "num_publications_10y": 1, "num_citations_10y": 0, "publications_years": {"2018": 1}, "citations_years": {"2019": 3}, "old_citations": {"2018": 3}, "isVisible": false}, "mobile devices": {"name": "mobile devices", "type": "topic", "h_index": 594, "h5_index": 156, "num_publications": 1, "num_citations": 3, "num_publications_5y": 1, "num_citations_5y": 0, "num_publications_10y": 1, "num_citations_10y": 0, "publications_years": {"2018": 1}, "citations_years": {"2019": 3}, "old_citations": {"2018": 3}, "isVisible": false}}, "authors": {"2808759517": {"name": "meiyi li", "type": "author", "activity": 1, "h_index": 1, "h5_index": 1, "mag_id": "2808759517", "num_publications": 2, "num_citations": 1, "num_publications_5y": 2, "num_citations_5y": 1, "num_publications_10y": 2, "num_citations_10y": 1, "publications_years": {"2018": 2}, "citations_years": {"2018": 1}, "old_citations": {"2018": 1}, "isVisible": false}, "2808782197": {"name": "qingshuai sun", "type": "author", "activity": 1, "h_index": 1, "h5_index": 1, "mag_id": "2808782197", "num_publications": 2, "num_citations": 1, "num_publications_5y": 2, "num_citations_5y": 1, "num_publications_10y": 2, "num_citations_10y": 1, "publications_years": {"2018": 2}, "citations_years": {"2018": 1}, "old_citations": {"2018": 1}, "isVisible": false}, "1918571": {"name": "aggelos pikrakis", "type": "author", "activity": 24, "h_index": 14, "h5_index": 3, "mag_id": "1918571", "num_publications": 1, "num_citations": 8, "num_publications_5y": 0, "num_citations_5y": 0, "num_publications_10y": 0, "num_citations_10y": 1, "publications_years": {"2002": 1}, "citations_years": {"2002": 1, "2003": 0, "2004": 2, "2005": 2, "2006": 1, "2007": 1, "2008": 0, "2009": 1}, "old_citations": {"2002": 8}, "isVisible": false}, "73357511": {"name": "rens bod", "type": "author", "activity": 27, "h_index": 22, "h5_index": 2, "mag_id": "73357511", "num_publications": 1, "num_citations": 6, "num_publications_5y": 0, "num_citations_5y": 1, "num_publications_10y": 0, "num_citations_10y": 3, "publications_years": {"2002": 1}, "citations_years": {"2006": 1, "2007": 0, "2008": 0, "2009": 0, "2010": 0, "2011": 1, "2012": 0, "2013": 1, "2014": 0, "2015": 0, "2016": 1, "2017": 0, "2018": 0, "2019": 2}, "old_citations": {"2002": 6}, "isVisible": false}, "128335373": {"name": "roger b dannenberg", "type": "author", "activity": 30, "h_index": 30, "h5_index": 2, "mag_id": "128335373", "num_publications": 1, "num_citations": 40, "num_publications_5y": 0, "num_citations_5y": 1, "num_publications_10y": 0, "num_citations_10y": 9, "publications_years": {"2002": 1}, "citations_years": {"2002": 2, "2003": 2, "2004": 5, "2005": 8, "2006": 6, "2007": 4, "2008": 4, "2009": 3, "2010": 1, "2011": 2, "2012": 2, "2013": 0, "2014": 0, "2015": 1}, "old_citations": {"2002": 40}, "isVisible": false}, "1237862239": {"name": "werner goebl", "type": "author", "activity": 19, "h_index": 12, "h5_index": 1, "mag_id": "1237862239", "num_publications": 1, "num_citations": 24, "num_publications_5y": 0, "num_citations_5y": 0, "num_publications_10y": 0, "num_citations_10y": 1, "publications_years": {"2002": 1}, "citations_years": {"2002": 1, "2003": 6, "2004": 4, "2005": 7, "2006": 2, "2007": 1, "2008": 0, "2009": 0, "2010": 0, "2011": 0, "2012": 1, "2013": 0, "2014": 0, "2015": 0, "2016": 0, "2017": 0, "2018": 0, "2019": 1, "2020": 1}, "old_citations": {"2002": 24}, "isVisible": false}, "1779395000": {"name": "dimitris kamarotos", "type": "author", "activity": 11, "h_index": 4, "h5_index": 0, "mag_id": "1779395000", "num_publications": 1, "num_citations": 8, "num_publications_5y": 0, "num_citations_5y": 0, "num_publications_10y": 0, "num_citations_10y": 1, "publications_years": {"2002": 1}, "citations_years": {"2002": 1, "2003": 0, "2004": 2, "2005": 2, "2006": 1, "2007": 1, "2008": 0, "2009": 1}, "old_citations": {"2002": 8}, "isVisible": false}, "1964335307": {"name": "gerhard widmer", "type": "author", "activity": 28, "h_index": 35, "h5_index": 12, "mag_id": "1964335307", "num_publications": 1, "num_citations": 24, "num_publications_5y": 0, "num_citations_5y": 0, "num_publications_10y": 0, "num_citations_10y": 1, "publications_years": {"2002": 1}, "citations_years": {"2002": 1, "2003": 6, "2004": 4, "2005": 7, "2006": 2, "2007": 1, "2008": 0, "2009": 0, "2010": 0, "2011": 0, "2012": 1, "2013": 0, "2014": 0, "2015": 0, "2016": 0, "2017": 0, "2018": 0, "2019": 1, "2020": 1}, "old_citations": {"2002": 24}, "isVisible": false}, "2002643269": {"name": "sergios theodoridis", "type": "author", "activity": 30, "h_index": 29, "h5_index": 4, "mag_id": "2002643269", "num_publications": 1, "num_citations": 8, "num_publications_5y": 0, "num_citations_5y": 0, "num_publications_10y": 0, "num_citations_10y": 1, "publications_years": {"2002": 1}, "citations_years": {"2002": 1, "2003": 0, "2004": 2, "2005": 2, "2006": 1, "2007": 1, "2008": 0, "2009": 1}, "old_citations": {"2002": 8}, "isVisible": false}, "2002785440": {"name": "david temperley", "type": "author", "activity": 24, "h_index": 12, "h5_index": 2, "mag_id": "2002785440", "num_publications": 1, "num_citations": 25, "num_publications_5y": 0, "num_citations_5y": 6, "num_publications_10y": 0, "num_citations_10y": 10, "publications_years": {"2002": 1}, "citations_years": {"2004": 2, "2005": 2, "2006": 3, "2007": 1, "2008": 3, "2009": 2, "2010": 0, "2011": 0, "2012": 1, "2013": 1, "2014": 2, "2015": 1, "2016": 1, "2017": 2, "2018": 0, "2019": 3, "2020": 1}, "old_citations": {"2002": 25}, "isVisible": false}, "2084467731": {"name": "zhuang miao", "type": "author", "activity": 10, "h_index": 3, "h5_index": 3, "mag_id": "2084467731", "num_publications": 1, "num_citations": 0, "num_publications_5y": 1, "num_citations_5y": 0, "num_publications_10y": 1, "num_citations_10y": 0, "publications_years": {"2018": 1}, "citations_years": {}, "old_citations": {"2018": 0}, "isVisible": false}, "2106609747": {"name": "perfecto herrera", "type": "author", "activity": 21, "h_index": 27, "h5_index": 3, "mag_id": "2106609747", "num_publications": 1, "num_citations": 69, "num_publications_5y": 0, "num_citations_5y": 12, "num_publications_10y": 0, "num_citations_10y": 32, "publications_years": {"2002": 1}, "citations_years": {"2002": 2, "2003": 6, "2004": 10, "2005": 7, "2006": 2, "2007": 3, "2008": 5, "2009": 7, "2010": 2, "2011": 3, "2012": 3, "2013": 5, "2014": 0, "2015": 6, "2016": 4, "2017": 1, "2018": 1, "2019": 1, "2020": 1}, "old_citations": {"2002": 69}, "isVisible": false}, "2107156430": {"name": "belinda thom", "type": "author", "activity": 8, "h_index": 8, "h5_index": 0, "mag_id": "2107156430", "num_publications": 1, "num_citations": 7, "num_publications_5y": 0, "num_citations_5y": 1, "num_publications_10y": 0, "num_citations_10y": 1, "publications_years": {"2002": 1}, "citations_years": {"2002": 1, "2003": 0, "2004": 1, "2005": 1, "2006": 0, "2007": 0, "2008": 3, "2009": 0, "2010": 0, "2011": 0, "2012": 0, "2013": 0, "2014": 0, "2015": 1}, "old_citations": {"2002": 7}, "isVisible": false}, "2109982906": {"name": "jiabao wang", "type": "author", "activity": 8, "h_index": 3, "h5_index": 3, "mag_id": "2109982906", "num_publications": 1, "num_citations": 0, "num_publications_5y": 1, "num_citations_5y": 0, "num_publications_10y": 1, "num_citations_10y": 0, "publications_years": {"2018": 1}, "citations_years": {}, "old_citations": {"2018": 0}, "isVisible": false}, "2117411073": {"name": "yafei zhang", "type": "author", "activity": 11, "h_index": 7, "h5_index": 3, "mag_id": "2117411073", "num_publications": 1, "num_citations": 0, "num_publications_5y": 1, "num_citations_5y": 0, "num_publications_10y": 1, "num_citations_10y": 0, "publications_years": {"2018": 1}, "citations_years": {}, "old_citations": {"2018": 0}, "isVisible": false}, "2129186553": {"name": "tomonobu ozaki", "type": "author", "activity": 24, "h_index": 6, "h5_index": 2, "mag_id": "2129186553", "num_publications": 1, "num_citations": 11, "num_publications_5y": 0, "num_citations_5y": 0, "num_publications_10y": 0, "num_citations_10y": 1, "publications_years": {"2002": 1}, "citations_years": {"2003": 1, "2004": 2, "2005": 3, "2006": 0, "2007": 1, "2008": 2, "2009": 0, "2010": 1, "2011": 0, "2012": 0, "2013": 0, "2014": 0, "2015": 0, "2016": 0, "2017": 0, "2018": 0, "2019": 1}, "old_citations": {"2002": 11}, "isVisible": false}, "2134774967": {"name": "fabien gouyon", "type": "author", "activity": 19, "h_index": 21, "h5_index": 1, "mag_id": "2134774967", "num_publications": 1, "num_citations": 69, "num_publications_5y": 0, "num_citations_5y": 12, "num_publications_10y": 0, "num_citations_10y": 32, "publications_years": {"2002": 1}, "citations_years": {"2002": 2, "2003": 6, "2004": 10, "2005": 7, "2006": 2, "2007": 3, "2008": 5, "2009": 7, "2010": 2, "2011": 3, "2012": 3, "2013": 5, "2014": 0, "2015": 6, "2016": 4, "2017": 1, "2018": 1, "2019": 1, "2020": 1}, "old_citations": {"2002": 69}, "isVisible": false}, "2135792278": {"name": "mira balaban", "type": "author", "activity": 28, "h_index": 10, "h5_index": 1, "mag_id": "2135792278", "num_publications": 1, "num_citations": 0, "num_publications_5y": 0, "num_citations_5y": 0, "num_publications_10y": 0, "num_citations_10y": 0, "publications_years": {"2002": 1}, "citations_years": {}, "old_citations": {"2002": 0}, "isVisible": false}, "2143340629": {"name": "darrell conklin", "type": "author", "activity": 30, "h_index": 16, "h5_index": 3, "mag_id": "2143340629", "num_publications": 1, "num_citations": 62, "num_publications_5y": 0, "num_citations_5y": 18, "num_publications_10y": 0, "num_citations_10y": 41, "publications_years": {"2002": 1}, "citations_years": {"2002": 1, "2003": 0, "2004": 2, "2005": 4, "2006": 8, "2007": 0, "2008": 4, "2009": 5, "2010": 5, "2011": 5, "2012": 2, "2013": 6, "2014": 2, "2015": 1, "2016": 5, "2017": 6, "2018": 4, "2019": 1, "2020": 1}, "old_citations": {"2002": 62}, "isVisible": false}, "2162841773": {"name": "minyi guo", "type": "author", "activity": 23, "h_index": 35, "h5_index": 20, "mag_id": "2162841773", "num_publications": 1, "num_citations": 3, "num_publications_5y": 1, "num_citations_5y": 0, "num_publications_10y": 1, "num_citations_10y": 0, "publications_years": {"2018": 1}, "citations_years": {"2019": 3}, "old_citations": {"2018": 3}, "isVisible": false}, "2167200648": {"name": "karin hothker", "type": "author", "activity": 4, "h_index": 3, "h5_index": 0, "mag_id": "2167200648", "num_publications": 1, "num_citations": 7, "num_publications_5y": 0, "num_citations_5y": 1, "num_publications_10y": 0, "num_citations_10y": 1, "publications_years": {"2002": 1}, "citations_years": {"2002": 1, "2003": 0, "2004": 1, "2005": 1, "2006": 0, "2007": 0, "2008": 3, "2009": 0, "2010": 0, "2011": 0, "2012": 0, "2013": 0, "2014": 0, "2015": 1}, "old_citations": {"2002": 7}, "isVisible": false}, "2177744527": {"name": "dirkjan povel", "type": "author", "activity": 2, "h_index": 2, "h5_index": 0, "mag_id": "2177744527", "num_publications": 1, "num_citations": 5, "num_publications_5y": 0, "num_citations_5y": 0, "num_publications_10y": 0, "num_citations_10y": 2, "publications_years": {"2002": 1}, "citations_years": {"2005": 2, "2006": 1, "2007": 0, "2008": 0, "2009": 0, "2010": 2}, "old_citations": {"2002": 5}, "isVisible": false}, "2215360492": {"name": "somnuk phonamnuaisuk", "type": "author", "activity": 20, "h_index": 13, "h5_index": 0, "mag_id": "2215360492", "num_publications": 1, "num_citations": 13, "num_publications_5y": 0, "num_citations_5y": 1, "num_publications_10y": 0, "num_citations_10y": 7, "publications_years": {"2002": 1}, "citations_years": {"2004": 2, "2005": 1, "2006": 1, "2007": 1, "2008": 0, "2009": 3, "2010": 0, "2011": 1, "2012": 1, "2013": 1, "2014": 0, "2015": 1, "2016": 0, "2017": 0, "2018": 0, "2019": 1}, "old_citations": {"2002": 13}, "isVisible": false}, "2224723803": {"name": "elaine chew", "type": "author", "activity": 18, "h_index": 15, "h5_index": 5, "mag_id": "2224723803", "num_publications": 1, "num_citations": 53, "num_publications_5y": 0, "num_citations_5y": 13, "num_publications_10y": 0, "num_citations_10y": 36, "publications_years": {"2002": 1}, "citations_years": {"2003": 2, "2004": 1, "2005": 3, "2006": 4, "2007": 3, "2008": 4, "2009": 5, "2010": 6, "2011": 2, "2012": 3, "2013": 7, "2014": 6, "2015": 2, "2016": 3, "2017": 2}, "old_citations": {"2002": 53}, "isVisible": false}, "2239016892": {"name": "eduardo miranda", "type": "author", "activity": 27, "h_index": 24, "h5_index": 3, "mag_id": "2239016892", "num_publications": 1, "num_citations": 14, "num_publications_5y": 0, "num_citations_5y": 2, "num_publications_10y": 0, "num_citations_10y": 5, "publications_years": {"2002": 1}, "citations_years": {"2002": 2, "2003": 2, "2004": 1, "2005": 1, "2006": 1, "2007": 2, "2008": 0, "2009": 0, "2010": 1, "2011": 0, "2012": 0, "2013": 2, "2014": 0, "2015": 0, "2016": 1, "2017": 0, "2018": 1}, "old_citations": {"2002": 14}, "isVisible": false}, "2284353942": {"name": "quan chen", "type": "author", "activity": 14, "h_index": 13, "h5_index": 4, "mag_id": "2284353942", "num_publications": 1, "num_citations": 3, "num_publications_5y": 1, "num_citations_5y": 0, "num_publications_10y": 1, "num_citations_10y": 0, "publications_years": {"2018": 1}, "citations_years": {"2019": 3}, "old_citations": {"2018": 3}, "isVisible": false}, "2289321790": {"name": "soh igarashi", "type": "author", "activity": 1, "h_index": 1, "h5_index": 0, "mag_id": "2289321790", "num_publications": 1, "num_citations": 11, "num_publications_5y": 0, "num_citations_5y": 0, "num_publications_10y": 0, "num_citations_10y": 1, "publications_years": {"2002": 1}, "citations_years": {"2003": 1, "2004": 2, "2005": 3, "2006": 0, "2007": 1, "2008": 2, "2009": 0, "2010": 1, "2011": 0, "2012": 0, "2013": 0, "2014": 0, "2015": 0, "2016": 0, "2017": 0, "2018": 0, "2019": 1}, "old_citations": {"2002": 11}, "isVisible": false}, "2311019129": {"name": "ning hu", "type": "author", "activity": 4, "h_index": 11, "h5_index": 0, "mag_id": "2311019129", "num_publications": 1, "num_citations": 40, "num_publications_5y": 0, "num_citations_5y": 1, "num_publications_10y": 0, "num_citations_10y": 9, "publications_years": {"2002": 1}, "citations_years": {"2002": 2, "2003": 2, "2004": 5, "2005": 8, "2006": 6, "2007": 4, "2008": 4, "2009": 3, "2010": 1, "2011": 2, "2012": 2, "2013": 0, "2014": 0, "2015": 1}, "old_citations": {"2002": 40}, "isVisible": false}, "2334813022": {"name": "yang li", "type": "author", "activity": 13, "h_index": 6, "h5_index": 3, "mag_id": "2334813022", "num_publications": 1, "num_citations": 0, "num_publications_5y": 1, "num_citations_5y": 0, "num_publications_10y": 1, "num_citations_10y": 0, "publications_years": {"2018": 1}, "citations_years": {}, "old_citations": {"2018": 0}, "isVisible": false}, "2432207086": {"name": "hang li", "type": "author", "activity": 6, "h_index": 3, "h5_index": 3, "mag_id": "2432207086", "num_publications": 1, "num_citations": 0, "num_publications_5y": 1, "num_citations_5y": 0, "num_publications_10y": 1, "num_citations_10y": 0, "publications_years": {"2018": 1}, "citations_years": {}, "old_citations": {"2018": 0}, "isVisible": false}, "2473627365": {"name": "simon dixon", "type": "author", "activity": 28, "h_index": 33, "h5_index": 8, "mag_id": "2473627365", "num_publications": 1, "num_citations": 24, "num_publications_5y": 0, "num_citations_5y": 0, "num_publications_10y": 0, "num_citations_10y": 1, "publications_years": {"2002": 1}, "citations_years": {"2002": 1, "2003": 6, "2004": 4, "2005": 7, "2006": 2, "2007": 1, "2008": 0, "2009": 0, "2010": 0, "2011": 0, "2012": 1, "2013": 0, "2014": 0, "2015": 0, "2016": 0, "2017": 0, "2018": 0, "2019": 1, "2020": 1}, "old_citations": {"2002": 24}, "isVisible": false}, "2484618392": {"name": "alexandre yeterian", "type": "author", "activity": 1, "h_index": 1, "h5_index": 0, "mag_id": "2484618392", "num_publications": 1, "num_citations": 69, "num_publications_5y": 0, "num_citations_5y": 12, "num_publications_10y": 0, "num_citations_10y": 32, "publications_years": {"2002": 1}, "citations_years": {"2002": 2, "2003": 6, "2004": 10, "2005": 7, "2006": 2, "2007": 3, "2008": 5, "2009": 7, "2010": 2, "2011": 3, "2012": 3, "2013": 5, "2014": 0, "2015": 6, "2016": 4, "2017": 1, "2018": 1, "2019": 1, "2020": 1}, "old_citations": {"2002": 69}, "isVisible": false}, "2484928444": {"name": "christian spevak", "type": "author", "activity": 1, "h_index": 2, "h5_index": 0, "mag_id": "2484928444", "num_publications": 1, "num_citations": 7, "num_publications_5y": 0, "num_citations_5y": 1, "num_publications_10y": 0, "num_citations_10y": 1, "publications_years": {"2002": 1}, "citations_years": {"2002": 1, "2003": 0, "2004": 1, "2005": 1, "2006": 0, "2007": 0, "2008": 3, "2009": 0, "2010": 0, "2011": 0, "2012": 0, "2013": 0, "2014": 0, "2015": 1}, "old_citations": {"2002": 7}, "isVisible": false}, "2505713308": {"name": "francois pachet", "type": "author", "activity": 29, "h_index": 29, "h5_index": 8, "mag_id": "2505713308", "num_publications": 1, "num_citations": 24, "num_publications_5y": 0, "num_citations_5y": 5, "num_publications_10y": 0, "num_citations_10y": 14, "publications_years": {"2002": 1}, "citations_years": {"2002": 1, "2003": 2, "2004": 4, "2005": 0, "2006": 0, "2007": 1, "2008": 2, "2009": 1, "2010": 2, "2011": 1, "2012": 2, "2013": 3, "2014": 0, "2015": 1, "2016": 2, "2017": 2}, "old_citations": {"2002": 24}, "isVisible": false}, "2547088112": {"name": "yixin sun", "type": "author", "activity": 3, "h_index": 0, "h5_index": 0, "mag_id": "2547088112", "num_publications": 1, "num_citations": 0, "num_publications_5y": 1, "num_citations_5y": 0, "num_publications_10y": 1, "num_citations_10y": 0, "publications_years": {"2018": 1}, "citations_years": {}, "old_citations": {"2018": 0}, "isVisible": false}, "2556261857": {"name": "yichen song", "type": "author", "activity": 1, "h_index": 0, "h5_index": 0, "mag_id": "2556261857", "num_publications": 1, "num_citations": 0, "num_publications_5y": 1, "num_citations_5y": 0, "num_publications_10y": 1, "num_citations_10y": 0, "publications_years": {"2018": 1}, "citations_years": {}, "old_citations": {"2018": 0}, "isVisible": false}, "2604849020": {"name": "koichi furukawa", "type": "author", "activity": 25, "h_index": 8, "h5_index": 0, "mag_id": "2604849020", "num_publications": 1, "num_citations": 11, "num_publications_5y": 0, "num_citations_5y": 0, "num_publications_10y": 0, "num_citations_10y": 1, "publications_years": {"2002": 1}, "citations_years": {"2003": 1, "2004": 2, "2005": 3, "2006": 0, "2007": 1, "2008": 2, "2009": 0, "2010": 1, "2011": 0, "2012": 0, "2013": 0, "2014": 0, "2015": 0, "2016": 0, "2017": 0, "2018": 0, "2019": 1}, "old_citations": {"2002": 11}, "isVisible": false}, "2610246581": {"name": "yong quan", "type": "author", "activity": 1, "h_index": 0, "h5_index": 0, "mag_id": "2610246581", "num_publications": 1, "num_citations": 0, "num_publications_5y": 1, "num_citations_5y": 0, "num_publications_10y": 1, "num_citations_10y": 0, "publications_years": {"2018": 1}, "citations_years": {}, "old_citations": {"2018": 0}, "isVisible": false}, "2650396150": {"name": "xing wang", "type": "author", "activity": 9, "h_index": 1, "h5_index": 1, "mag_id": "2650396150", "num_publications": 1, "num_citations": 0, "num_publications_5y": 1, "num_citations_5y": 0, "num_publications_10y": 1, "num_citations_10y": 0, "publications_years": {"2018": 1}, "citations_years": {}, "old_citations": {"2018": 0}, "isVisible": false}, "2662947846": {"name": "aiping li", "type": "author", "activity": 1, "h_index": 0, "h5_index": 0, "mag_id": "2662947846", "num_publications": 1, "num_citations": 0, "num_publications_5y": 1, "num_citations_5y": 0, "num_publications_10y": 1, "num_citations_10y": 0, "publications_years": {"2018": 1}, "citations_years": {}, "old_citations": {"2018": 0}, "isVisible": false}, "2759887900": {"name": "ji chen", "type": "author", "activity": 4, "h_index": 0, "h5_index": 0, "mag_id": "2759887900", "num_publications": 1, "num_citations": 0, "num_publications_5y": 1, "num_citations_5y": 0, "num_publications_10y": 1, "num_citations_10y": 0, "publications_years": {"2018": 1}, "citations_years": {}, "old_citations": {"2018": 0}, "isVisible": false}, "2794621397": {"name": "nanzhi wang", "type": "author", "activity": 2, "h_index": 1, "h5_index": 1, "mag_id": "2794621397", "num_publications": 1, "num_citations": 1, "num_publications_5y": 1, "num_citations_5y": 0, "num_publications_10y": 1, "num_citations_10y": 0, "publications_years": {"2018": 1}, "citations_years": {"2019": 1}, "old_citations": {"2018": 1}, "isVisible": false}, "2794852732": {"name": "linlong xiao", "type": "author", "activity": 2, "h_index": 1, "h5_index": 1, "mag_id": "2794852732", "num_publications": 1, "num_citations": 1, "num_publications_5y": 1, "num_citations_5y": 0, "num_publications_10y": 1, "num_citations_10y": 0, "publications_years": {"2018": 1}, "citations_years": {"2019": 1}, "old_citations": {"2018": 1}, "isVisible": false}, "2795073054": {"name": "lin li", "type": "author", "activity": 2, "h_index": 1, "h5_index": 1, "mag_id": "2795073054", "num_publications": 1, "num_citations": 1, "num_publications_5y": 1, "num_citations_5y": 0, "num_publications_10y": 1, "num_citations_10y": 0, "publications_years": {"2018": 1}, "citations_years": {"2019": 1}, "old_citations": {"2018": 1}, "isVisible": false}, "2795260365": {"name": "guocai yang", "type": "author", "activity": 3, "h_index": 1, "h5_index": 1, "mag_id": "2795260365", "num_publications": 1, "num_citations": 1, "num_publications_5y": 1, "num_citations_5y": 0, "num_publications_10y": 1, "num_citations_10y": 0, "publications_years": {"2018": 1}, "citations_years": {"2019": 1}, "old_citations": {"2018": 1}, "isVisible": false}, "2808720395": {"name": "qu dan", "type": "author", "activity": 1, "h_index": 0, "h5_index": 0, "mag_id": "2808720395", "num_publications": 1, "num_citations": 0, "num_publications_5y": 1, "num_citations_5y": 0, "num_publications_10y": 1, "num_citations_10y": 0, "publications_years": {"2018": 1}, "citations_years": {}, "old_citations": {"2018": 0}, "isVisible": false}, "2808783926": {"name": "chuqi liu", "type": "author", "activity": 1, "h_index": 0, "h5_index": 0, "mag_id": "2808783926", "num_publications": 1, "num_citations": 0, "num_publications_5y": 1, "num_citations_5y": 0, "num_publications_10y": 1, "num_citations_10y": 0, "publications_years": {"2018": 1}, "citations_years": {}, "old_citations": {"2018": 0}, "isVisible": false}, "2808785132": {"name": "qing zhou", "type": "author", "activity": 1, "h_index": 0, "h5_index": 0, "mag_id": "2808785132", "num_publications": 1, "num_citations": 0, "num_publications_5y": 1, "num_citations_5y": 0, "num_publications_10y": 1, "num_citations_10y": 0, "publications_years": {"2018": 1}, "citations_years": {}, "old_citations": {"2018": 0}, "isVisible": false}, "2808830292": {"name": "ping wang", "type": "author", "activity": 1, "h_index": 0, "h5_index": 0, "mag_id": "2808830292", "num_publications": 1, "num_citations": 0, "num_publications_5y": 1, "num_citations_5y": 0, "num_publications_10y": 1, "num_citations_10y": 0, "publications_years": {"2018": 1}, "citations_years": {}, "old_citations": {"2018": 0}, "isVisible": false}, "2808834497": {"name": "ziping zhao", "type": "author", "activity": 1, "h_index": 0, "h5_index": 0, "mag_id": "2808834497", "num_publications": 1, "num_citations": 0, "num_publications_5y": 1, "num_citations_5y": 0, "num_publications_10y": 1, "num_citations_10y": 0, "publications_years": {"2018": 1}, "citations_years": {}, "old_citations": {"2018": 0}, "isVisible": false}, "2808835200": {"name": "wenwen tian", "type": "author", "activity": 1, "h_index": 0, "h5_index": 0, "mag_id": "2808835200", "num_publications": 1, "num_citations": 0, "num_publications_5y": 1, "num_citations_5y": 0, "num_publications_10y": 1, "num_citations_10y": 0, "publications_years": {"2018": 1}, "citations_years": {}, "old_citations": {"2018": 0}, "isVisible": false}, "2808899660": {"name": "dewang li", "type": "author", "activity": 1, "h_index": 0, "h5_index": 0, "mag_id": "2808899660", "num_publications": 1, "num_citations": 0, "num_publications_5y": 1, "num_citations_5y": 0, "num_publications_10y": 1, "num_citations_10y": 0, "publications_years": {"2018": 1}, "citations_years": {}, "old_citations": {"2018": 0}, "isVisible": false}, "2808984285": {"name": "changfei wang", "type": "author", "activity": 1, "h_index": 0, "h5_index": 0, "mag_id": "2808984285", "num_publications": 1, "num_citations": 0, "num_publications_5y": 1, "num_citations_5y": 0, "num_publications_10y": 1, "num_citations_10y": 0, "publications_years": {"2018": 1}, "citations_years": {}, "old_citations": {"2018": 0}, "isVisible": false}, "2808999780": {"name": "jixuan shi", "type": "author", "activity": 1, "h_index": 0, "h5_index": 0, "mag_id": "2808999780", "num_publications": 1, "num_citations": 0, "num_publications_5y": 1, "num_citations_5y": 0, "num_publications_10y": 1, "num_citations_10y": 0, "publications_years": {"2018": 1}, "citations_years": {}, "old_citations": {"2018": 0}, "isVisible": false}, "2809019132": {"name": "hongxiang zhang", "type": "author", "activity": 1, "h_index": 1, "h5_index": 1, "mag_id": "2809019132", "num_publications": 1, "num_citations": 1, "num_publications_5y": 1, "num_citations_5y": 0, "num_publications_10y": 1, "num_citations_10y": 0, "publications_years": {"2018": 1}, "citations_years": {"2020": 1}, "old_citations": {"2018": 1}, "isVisible": false}, "2809025879": {"name": "xiaoliang tang", "type": "author", "activity": 1, "h_index": 0, "h5_index": 0, "mag_id": "2809025879", "num_publications": 1, "num_citations": 0, "num_publications_5y": 1, "num_citations_5y": 0, "num_publications_10y": 1, "num_citations_10y": 0, "publications_years": {"2018": 1}, "citations_years": {}, "old_citations": {"2018": 0}, "isVisible": false}, "2809043297": {"name": "mei chen", "type": "author", "activity": 1, "h_index": 0, "h5_index": 0, "mag_id": "2809043297", "num_publications": 1, "num_citations": 0, "num_publications_5y": 1, "num_citations_5y": 0, "num_publications_10y": 1, "num_citations_10y": 0, "publications_years": {"2018": 1}, "citations_years": {}, "old_citations": {"2018": 0}, "isVisible": false}, "2809059111": {"name": "xingde duan", "type": "author", "activity": 1, "h_index": 0, "h5_index": 0, "mag_id": "2809059111", "num_publications": 1, "num_citations": 0, "num_publications_5y": 1, "num_citations_5y": 0, "num_publications_10y": 1, "num_citations_10y": 0, "publications_years": {"2018": 1}, "citations_years": {}, "old_citations": {"2018": 0}, "isVisible": false}, "2809060562": {"name": "zijian ji", "type": "author", "activity": 1, "h_index": 0, "h5_index": 0, "mag_id": "2809060562", "num_publications": 1, "num_citations": 0, "num_publications_5y": 1, "num_citations_5y": 0, "num_publications_10y": 1, "num_citations_10y": 0, "publications_years": {"2018": 1}, "citations_years": {}, "old_citations": {"2018": 0}, "isVisible": false}, "2809118237": {"name": "wenjun quan", "type": "author", "activity": 1, "h_index": 0, "h5_index": 0, "mag_id": "2809118237", "num_publications": 1, "num_citations": 0, "num_publications_5y": 1, "num_citations_5y": 0, "num_publications_10y": 1, "num_citations_10y": 0, "publications_years": {"2018": 1}, "citations_years": {}, "old_citations": {"2018": 0}, "isVisible": false}, "2809185861": {"name": "hai nan", "type": "author", "activity": 1, "h_index": 0, "h5_index": 0, "mag_id": "2809185861", "num_publications": 1, "num_citations": 0, "num_publications_5y": 1, "num_citations_5y": 0, "num_publications_10y": 1, "num_citations_10y": 0, "publications_years": {"2018": 1}, "citations_years": {}, "old_citations": {"2018": 0}, "isVisible": false}, "2809202992": {"name": "yan junna", "type": "author", "activity": 1, "h_index": 0, "h5_index": 0, "mag_id": "2809202992", "num_publications": 1, "num_citations": 0, "num_publications_5y": 1, "num_citations_5y": 0, "num_publications_10y": 1, "num_citations_10y": 0, "publications_years": {"2018": 1}, "citations_years": {}, "old_citations": {"2018": 0}, "isVisible": false}, "2809231705": {"name": "jiuxiang jin", "type": "author", "activity": 1, "h_index": 0, "h5_index": 0, "mag_id": "2809231705", "num_publications": 1, "num_citations": 0, "num_publications_5y": 1, "num_citations_5y": 0, "num_publications_10y": 1, "num_citations_10y": 0, "publications_years": {"2018": 1}, "citations_years": {}, "old_citations": {"2018": 0}, "isVisible": false}, "2809274443": {"name": "yue zhou", "type": "author", "activity": 1, "h_index": 1, "h5_index": 1, "mag_id": "2809274443", "num_publications": 1, "num_citations": 1, "num_publications_5y": 1, "num_citations_5y": 0, "num_publications_10y": 1, "num_citations_10y": 0, "publications_years": {"2018": 1}, "citations_years": {"2019": 1}, "old_citations": {"2018": 1}, "isVisible": false}, "2809280655": {"name": "maoguang wang", "type": "author", "activity": 1, "h_index": 0, "h5_index": 0, "mag_id": "2809280655", "num_publications": 1, "num_citations": 0, "num_publications_5y": 1, "num_citations_5y": 0, "num_publications_10y": 1, "num_citations_10y": 0, "publications_years": {"2018": 1}, "citations_years": {}, "old_citations": {"2018": 0}, "isVisible": false}, "2809282169": {"name": "lizhen wang", "type": "author", "activity": 1, "h_index": 1, "h5_index": 1, "mag_id": "2809282169", "num_publications": 1, "num_citations": 1, "num_publications_5y": 1, "num_citations_5y": 0, "num_publications_10y": 1, "num_citations_10y": 0, "publications_years": {"2018": 1}, "citations_years": {"2020": 1}, "old_citations": {"2018": 1}, "isVisible": false}, "2809289685": {"name": "shangyan dong", "type": "author", "activity": 1, "h_index": 0, "h5_index": 0, "mag_id": "2809289685", "num_publications": 1, "num_citations": 0, "num_publications_5y": 1, "num_citations_5y": 0, "num_publications_10y": 1, "num_citations_10y": 0, "publications_years": {"2018": 1}, "citations_years": {}, "old_citations": {"2018": 0}, "isVisible": false}, "2809293060": {"name": "na li", "type": "author", "activity": 1, "h_index": 0, "h5_index": 0, "mag_id": "2809293060", "num_publications": 1, "num_citations": 0, "num_publications_5y": 1, "num_citations_5y": 0, "num_publications_10y": 1, "num_citations_10y": 0, "publications_years": {"2018": 1}, "citations_years": {}, "old_citations": {"2018": 0}, "isVisible": false}, "2809295959": {"name": "min guo", "type": "author", "activity": 1, "h_index": 0, "h5_index": 0, "mag_id": "2809295959", "num_publications": 1, "num_citations": 0, "num_publications_5y": 1, "num_citations_5y": 0, "num_publications_10y": 1, "num_citations_10y": 0, "publications_years": {"2018": 1}, "citations_years": {}, "old_citations": {"2018": 0}, "isVisible": false}, "2809303539": {"name": "ahmad arib alfarisy", "type": "author", "activity": 1, "h_index": 1, "h5_index": 1, "mag_id": "2809303539", "num_publications": 1, "num_citations": 3, "num_publications_5y": 1, "num_citations_5y": 0, "num_publications_10y": 1, "num_citations_10y": 0, "publications_years": {"2018": 1}, "citations_years": {"2019": 3}, "old_citations": {"2018": 3}, "isVisible": false}, "2809315087": {"name": "yuanying zhao", "type": "author", "activity": 1, "h_index": 0, "h5_index": 0, "mag_id": "2809315087", "num_publications": 1, "num_citations": 0, "num_publications_5y": 1, "num_citations_5y": 0, "num_publications_10y": 1, "num_citations_10y": 0, "publications_years": {"2018": 1}, "citations_years": {}, "old_citations": {"2018": 0}, "isVisible": false}, "2809336883": {"name": "long xingyan", "type": "author", "activity": 1, "h_index": 0, "h5_index": 0, "mag_id": "2809336883", "num_publications": 1, "num_citations": 0, "num_publications_5y": 1, "num_citations_5y": 0, "num_publications_10y": 1, "num_citations_10y": 0, "publications_years": {"2018": 1}, "citations_years": {}, "old_citations": {"2018": 0}, "isVisible": false}, "2809368414": {"name": "weibiao cai", "type": "author", "activity": 1, "h_index": 1, "h5_index": 1, "mag_id": "2809368414", "num_publications": 1, "num_citations": 1, "num_publications_5y": 1, "num_citations_5y": 1, "num_publications_10y": 1, "num_citations_10y": 1, "publications_years": {"2018": 1}, "citations_years": {"2018": 1}, "old_citations": {"2018": 1}, "isVisible": false}, "2809432428": {"name": "jiayu yu", "type": "author", "activity": 1, "h_index": 0, "h5_index": 0, "mag_id": "2809432428", "num_publications": 1, "num_citations": 0, "num_publications_5y": 1, "num_citations_5y": 0, "num_publications_10y": 1, "num_citations_10y": 0, "publications_years": {"2018": 1}, "citations_years": {}, "old_citations": {"2018": 0}, "isVisible": false}, "2809437075": {"name": "liu qian", "type": "author", "activity": 1, "h_index": 0, "h5_index": 0, "mag_id": "2809437075", "num_publications": 1, "num_citations": 0, "num_publications_5y": 1, "num_citations_5y": 0, "num_publications_10y": 1, "num_citations_10y": 0, "publications_years": {"2018": 1}, "citations_years": {}, "old_citations": {"2018": 0}, "isVisible": false}, "2809438660": {"name": "yanbin chen", "type": "author", "activity": 1, "h_index": 0, "h5_index": 0, "mag_id": "2809438660", "num_publications": 1, "num_citations": 0, "num_publications_5y": 1, "num_citations_5y": 0, "num_publications_10y": 1, "num_citations_10y": 0, "publications_years": {"2018": 1}, "citations_years": {}, "old_citations": {"2018": 0}, "isVisible": false}, "2809546494": {"name": "yongcheng wu", "type": "author", "activity": 1, "h_index": 0, "h5_index": 0, "mag_id": "2809546494", "num_publications": 1, "num_citations": 0, "num_publications_5y": 1, "num_citations_5y": 0, "num_publications_10y": 1, "num_citations_10y": 0, "publications_years": {"2018": 1}, "citations_years": {}, "old_citations": {"2018": 0}, "isVisible": false}, "2809621003": {"name": "chao li", "type": "author", "activity": 1, "h_index": 0, "h5_index": 0, "mag_id": "2809621003", "num_publications": 1, "num_citations": 0, "num_publications_5y": 1, "num_citations_5y": 0, "num_publications_10y": 1, "num_citations_10y": 0, "publications_years": {"2018": 1}, "citations_years": {}, "old_citations": {"2018": 0}, "isVisible": false}, "2906703086": {"name": "neta spiro", "type": "author", "activity": 1, "h_index": 1, "h5_index": 0, "mag_id": "2906703086", "num_publications": 1, "num_citations": 3, "num_publications_5y": 0, "num_citations_5y": 0, "num_publications_10y": 0, "num_citations_10y": 0, "publications_years": {"2002": 1}, "citations_years": {"2002": 1, "2003": 0, "2004": 1, "2005": 0, "2006": 0, "2007": 1}, "old_citations": {"2002": 3}, "isVisible": false}, "2913432423": {"name": "antonio camurri", "type": "author", "activity": 1, "h_index": 1, "h5_index": 0, "mag_id": "2913432423", "num_publications": 1, "num_citations": 1, "num_publications_5y": 0, "num_citations_5y": 0, "num_publications_10y": 0, "num_citations_10y": 0, "publications_years": {"2002": 1}, "citations_years": {"2007": 1}, "old_citations": {"2002": 1}, "isVisible": false}, "3011315826": {"name": "tim horton", "type": "author", "activity": 1, "h_index": 0, "h5_index": 0, "mag_id": "3011315826", "num_publications": 1, "num_citations": 0, "num_publications_5y": 0, "num_citations_5y": 0, "num_publications_10y": 0, "num_citations_10y": 0, "publications_years": {"2002": 1}, "citations_years": {}, "old_citations": {"2002": 0}, "isVisible": false}}, "countries": {"China": {"name": "China", "type": "country", "h5_index": 214, "num_publications": 11, "num_citations": 6, "num_publications_5y": 11, "num_citations_5y": 1, "num_publications_10y": 11, "num_citations_10y": 1, "publications_years": {"2018": 11}, "citations_years": {"2019": 4, "2020": 1, "2018": 1}, "old_citations": {"2018": 6}, "isVisible": false}, "United States": {"name": "United States", "type": "country", "h5_index": 308, "num_publications": 3, "num_citations": 118, "num_publications_5y": 0, "num_citations_5y": 20, "num_publications_10y": 0, "num_citations_10y": 55, "publications_years": {"2002": 3}, "citations_years": {"2002": 2, "2003": 4, "2004": 8, "2005": 13, "2006": 13, "2007": 8, "2008": 11, "2009": 10, "2010": 7, "2011": 4, "2012": 6, "2013": 8, "2014": 8, "2015": 4, "2016": 4, "2017": 4, "2018": 0, "2019": 3, "2020": 1}, "old_citations": {"2002": 118}, "isVisible": false}, "Netherlands": {"name": "Netherlands", "type": "country", "h5_index": 91, "num_publications": 2, "num_citations": 9, "num_publications_5y": 0, "num_citations_5y": 1, "num_publications_10y": 0, "num_citations_10y": 3, "publications_years": {"2002": 2}, "citations_years": {"2002": 1, "2003": 0, "2004": 1, "2005": 0, "2006": 1, "2007": 1, "2008": 0, "2009": 0, "2010": 0, "2011": 1, "2012": 0, "2013": 1, "2014": 0, "2015": 0, "2016": 1, "2017": 0, "2018": 0, "2019": 2}, "old_citations": {"2002": 9}, "isVisible": false}, "United Kingdom": {"name": "United Kingdom", "type": "country", "h5_index": 172, "num_publications": 2, "num_citations": 6, "num_publications_5y": 0, "num_citations_5y": 1, "num_publications_10y": 0, "num_citations_10y": 3, "publications_years": {"2002": 2}, "citations_years": {"2006": 1, "2007": 0, "2008": 0, "2009": 0, "2010": 0, "2011": 1, "2012": 0, "2013": 1, "2014": 0, "2015": 0, "2016": 1, "2017": 0, "2018": 0, "2019": 2}, "old_citations": {"2002": 6}, "isVisible": false}, "Austria": {"name": "Austria", "type": "country", "h5_index": 71, "num_publications": 1, "num_citations": 24, "num_publications_5y": 0, "num_citations_5y": 0, "num_publications_10y": 0, "num_citations_10y": 1, "publications_years": {"2002": 1}, "citations_years": {"2002": 1, "2003": 6, "2004": 4, "2005": 7, "2006": 2, "2007": 1, "2008": 0, "2009": 0, "2010": 0, "2011": 0, "2012": 1, "2013": 0, "2014": 0, "2015": 0, "2016": 0, "2017": 0, "2018": 0, "2019": 1, "2020": 1}, "old_citations": {"2002": 24}, "isVisible": false}, "Canada": {"name": "Canada", "type": "country", "h5_index": 128, "num_publications": 1, "num_citations": 1, "num_publications_5y": 1, "num_citations_5y": 0, "num_publications_10y": 1, "num_citations_10y": 0, "publications_years": {"2018": 1}, "citations_years": {"2019": 1}, "old_citations": {"2018": 1}, "isVisible": false}, "Czechia": {"name": "Czechia", "type": "country", "h5_index": 43, "num_publications": 1, "num_citations": 0, "num_publications_5y": 1, "num_citations_5y": 0, "num_publications_10y": 1, "num_citations_10y": 0, "publications_years": {"2018": 1}, "citations_years": {}, "old_citations": {"2018": 0}, "isVisible": false}, "Germany": {"name": "Germany", "type": "country", "h5_index": 139, "num_publications": 1, "num_citations": 7, "num_publications_5y": 0, "num_citations_5y": 1, "num_publications_10y": 0, "num_citations_10y": 1, "publications_years": {"2002": 1}, "citations_years": {"2002": 1, "2003": 0, "2004": 1, "2005": 1, "2006": 0, "2007": 0, "2008": 3, "2009": 0, "2010": 0, "2011": 0, "2012": 0, "2013": 0, "2014": 0, "2015": 1}, "old_citations": {"2002": 7}, "isVisible": false}, "Greece": {"name": "Greece", "type": "country", "h5_index": 57, "num_publications": 1, "num_citations": 8, "num_publications_5y": 0, "num_citations_5y": 0, "num_publications_10y": 0, "num_citations_10y": 1, "publications_years": {"2002": 1}, "citations_years": {"2002": 1, "2003": 0, "2004": 2, "2005": 2, "2006": 1, "2007": 1, "2008": 0, "2009": 1}, "old_citations": {"2002": 8}, "isVisible": false}, "Israel": {"name": "Israel", "type": "country", "h5_index": 110, "num_publications": 1, "num_citations": 0, "num_publications_5y": 0, "num_citations_5y": 0, "num_publications_10y": 0, "num_citations_10y": 0, "publications_years": {"2002": 1}, "citations_years": {}, "old_citations": {"2002": 0}, "isVisible": false}, "Japan": {"name": "Japan", "type": "country", "h5_index": 94, "num_publications": 1, "num_citations": 11, "num_publications_5y": 0, "num_citations_5y": 0, "num_publications_10y": 0, "num_citations_10y": 1, "publications_years": {"2002": 1}, "citations_years": {"2003": 1, "2004": 2, "2005": 3, "2006": 0, "2007": 1, "2008": 2, "2009": 0, "2010": 1, "2011": 0, "2012": 0, "2013": 0, "2014": 0, "2015": 0, "2016": 0, "2017": 0, "2018": 0, "2019": 1}, "old_citations": {"2002": 11}, "isVisible": false}, "Malaysia": {"name": "Malaysia", "type": "country", "h5_index": 62, "num_publications": 1, "num_citations": 13, "num_publications_5y": 0, "num_citations_5y": 1, "num_publications_10y": 0, "num_citations_10y": 7, "publications_years": {"2002": 1}, "citations_years": {"2004": 2, "2005": 1, "2006": 1, "2007": 1, "2008": 0, "2009": 3, "2010": 0, "2011": 1, "2012": 1, "2013": 1, "2014": 0, "2015": 1, "2016": 0, "2017": 0, "2018": 0, "2019": 1}, "old_citations": {"2002": 13}, "isVisible": false}, "South Korea": {"name": "South Korea", "type": "country", "h5_index": 100, "num_publications": 1, "num_citations": 0, "num_publications_5y": 1, "num_citations_5y": 0, "num_publications_10y": 1, "num_citations_10y": 0, "publications_years": {"2018": 1}, "citations_years": {}, "old_citations": {"2018": 0}, "isVisible": false}, "Spain": {"name": "Spain", "type": "country", "h5_index": 91, "num_publications": 1, "num_citations": 69, "num_publications_5y": 0, "num_citations_5y": 12, "num_publications_10y": 0, "num_citations_10y": 32, "publications_years": {"2002": 1}, "citations_years": {"2002": 2, "2003": 6, "2004": 10, "2005": 7, "2006": 2, "2007": 3, "2008": 5, "2009": 7, "2010": 2, "2011": 3, "2012": 3, "2013": 5, "2014": 0, "2015": 6, "2016": 4, "2017": 1, "2018": 1, "2019": 1, "2020": 1}, "old_citations": {"2002": 69}, "isVisible": false}}}, "conference_comparison": {"computer science": {}}, "topics_dna": {"publications": {}, "citations": {"normalized": {}, "average": {}}}, "info": {"num_publications": 35, "num_citations": 371.0, "impact_factor": {"2004": 2.0555555555555554, "2005": 0, "2006": 0, "2007": 0, "2008": 0, "2009": 0, "2010": 0, "2011": 0, "2012": 0, "2013": 0, "2014": 0, "2015": 0, "2016": 0, "2017": 0, "2018": 0}, "publications_years": {"2002": 18, "2018": 17}, "citations_years": {"2002": 12, "2003": 21, "2004": 37, "2005": 41, "2006": 30, "2007": 20, "2008": 27, "2009": 27, "2010": 20, "2011": 15, "2012": 15, "2013": 26, "2014": 10, "2015": 14, "2016": 17, "2017": 13, "2018": 7, "2019": 14, "2020": 5}, "old_citations": {"2002": 365, "2018": 6}, "h5_index": 1}, "percentile": {"computer science": {"2002": 92, "2018": 64}}, "conference_ranking": {"computer science": {"2002": 319, "2018": 1512}}, "academia": {"num_publications": 25, "num_citations": 241, "publications_years": {"2002": 12, "2003": 0, "2004": 0, "2005": 0, "2006": 0, "2007": 0, "2008": 0, "2009": 0, "2010": 0, "2011": 0, "2012": 0, "2013": 0, "2014": 0, "2015": 0, "2016": 0, "2017": 0, "2018": 13}, "old_citations": {"2002": 235, "2003": 0, "2004": 0, "2005": 0, "2006": 0, "2007": 0, "2008": 0, "2009": 0, "2010": 0, "2011": 0, "2012": 0, "2013": 0, "2014": 0, "2015": 0, "2016": 0, "2017": 0, "2018": 6}, "num_publications_5y": 13, "num_citations_5y": 6, "num_publications_10y": 13, "num_citations_10y": 6}, "industry": {"num_publications": 0, "num_citations": 0, "publications_years": {}, "old_citations": {}, "num_publications_5y": 0, "num_citations_5y": 0, "num_publications_10y": 0, "num_citations_10y": 0}, "collaborative": {"num_publications": 0, "num_citations": 0, "publications_years": {}, "old_citations": {}, "num_publications_5y": 0, "num_citations_5y": 0, "num_publications_10y": 0, "num_citations_10y": 0}, "conferences": {}, "journals": {}, "organizations": {"publication_overall": ["University of Amsterdam", "Xiangtan University", "Anyang University", "Aristotle University of Thessaloniki", "Austrian Research Institute for Artificial Intelligence", "Ben-Gurion University of the Negev", "Carnegie Mellon University", "Central University of Finance and Economics", "Chongqing University", "Chongqing University of Technology", "Huizhou University", "Karlsruhe Institute of Technology", "Keio University", "Liaoning Technical University", "Minzu University of China", "Multimedia University", "National and Kapodistrian University of Athens", "Pompeu Fabra University", "Shanghai Jiao Tong University", "Southwest University", "Tianjin Normal University", "University of Cambridge", "University of Defence", "University of Leeds", "University of Rochester", "University of Southern California", "University of Waterloo", "Xi'an Jiaotong University", "Yunnan University"], "citation_overall": ["Pompeu Fabra University", "University of Southern California", "Carnegie Mellon University", "University of Rochester", "Austrian Research Institute for Artificial Intelligence", "Multimedia University", "Keio University", "University of Amsterdam", "Aristotle University of Thessaloniki", "National and Kapodistrian University of Athens", "Karlsruhe Institute of Technology", "University of Leeds", "Shanghai Jiao Tong University", "Southwest University", "University of Waterloo", "Xiangtan University", "Yunnan University", "Anyang University", "Ben-Gurion University of the Negev", "Central University of Finance and Economics", "Chongqing University", "Chongqing University of Technology", "Huizhou University", "Liaoning Technical University", "Minzu University of China", "Tianjin Normal University", "University of Cambridge", "University of Defence", "Xi'an Jiaotong University"], "publication_10_years": ["Xiangtan University", "Anyang University", "Central University of Finance and Economics", "Chongqing University", "Chongqing University of Technology", "Huizhou University", "Liaoning Technical University", "Minzu University of China", "Shanghai Jiao Tong University", "Southwest University", "Tianjin Normal University", "University of Defence", "University of Waterloo", "Xi'an Jiaotong University", "Yunnan University"], "citation_10_years": ["Shanghai Jiao Tong University", "Southwest University", "University of Waterloo", "Xiangtan University", "Yunnan University", "Anyang University", "Central University of Finance and Economics", "Chongqing University", "Chongqing University of Technology", "Huizhou University", "Liaoning Technical University", "Minzu University of China", "Tianjin Normal University", "University of Defence", "Xi'an Jiaotong University"], "publication_5_years": ["Xiangtan University", "Anyang University", "Central University of Finance and Economics", "Chongqing University", "Chongqing University of Technology", "Huizhou University", "Liaoning Technical University", "Minzu University of China", "Shanghai Jiao Tong University", "Southwest University", "Tianjin Normal University", "University of Defence", "University of Waterloo", "Xi'an Jiaotong University", "Yunnan University"], "citation_5_years": ["Shanghai Jiao Tong University", "Southwest University", "University of Waterloo", "Xiangtan University", "Yunnan University", "Anyang University", "Central University of Finance and Economics", "Chongqing University", "Chongqing University of Technology", "Huizhou University", "Liaoning Technical University", "Minzu University of China", "Tianjin Normal University", "University of Defence", "Xi'an Jiaotong University"]}, "countries": {"publication_overall": ["China", "United States", "Netherlands", "United Kingdom", "Austria", "Canada", "Czechia", "Germany", "Greece", "Israel", "Japan", "Malaysia", "South Korea", "Spain"], "citation_overall": ["United States", "Spain", "Austria", "Malaysia", "Japan", "Netherlands", "Greece", "Germany", "China", "United Kingdom", "Canada", "Czechia", "Israel", "South Korea"], "publication_10_years": ["China", "Canada", "Czechia", "South Korea"], "citation_10_years": ["China", "Canada", "Czechia", "South Korea"], "publication_5_years": ["China", "Canada", "Czechia", "South Korea"], "citation_5_years": ["China", "Canada", "Czechia", "South Korea"]}, "topics": {"publication_overall": ["computer science", "artificial intelligence", "computer systems", "mathematics", "machine learning", "correlation analysis", "computer hardware", "computer imaging and vision", "engineering", "image processing", "linguistics", "signal processing", "computer networks", "image analysis", "internet", "knowledge based systems", "classification methods", "probability", "theoretical computer science", "computer programming"], "citation_overall": ["computer science", "artificial intelligence", "computer systems", "mathematics", "computer imaging and vision", "correlation analysis", "software design", "software engineering", "image processing", "machine learning", "semantics", "computer hardware", "engineering", "classification methods", "signal processing", "sensors", "information retrieval", "image analysis", "knowledge based systems", "pattern recognition"], "publication_10_years": ["computer science", "artificial intelligence", "computer systems", "machine learning", "mathematics", "correlation analysis", "computer networks", "engineering", "neural networks", "classification methods", "communication systems", "computer imaging and vision", "computer security", "economics", "image analysis", "image processing", "internet", "knowledge based systems", "probability", "signal processing"], "citation_10_years": ["computer science", "artificial intelligence", "computer systems", "machine learning", "communication channels (information theory)", "communication systems", "computer networks", "internet", "neural networks", "online learning", "online systems", "telecommunication networks", "telecommunication systems", "wireless telecommunication systems", "world wide web", "computer hardware", "data communication systems", "deep learning", "mobile computing", "mobile devices"], "publication_5_years": ["computer science", "artificial intelligence", "computer systems", "machine learning", "mathematics", "correlation analysis", "computer networks", "engineering", "neural networks", "classification methods", "communication systems", "computer imaging and vision", "computer security", "economics", "image analysis", "image processing", "internet", "knowledge based systems", "probability", "signal processing"], "citation_5_years": ["computer science", "artificial intelligence", "computer systems", "machine learning", "communication channels (information theory)", "communication systems", "computer networks", "internet", "neural networks", "online learning", "online systems", "telecommunication networks", "telecommunication systems", "wireless telecommunication systems", "world wide web", "computer hardware", "data communication systems", "deep learning", "mobile computing", "mobile devices"]}, "main_topics": ["computer science"], "authors": {"publication_overall": ["2808759517", "2808782197", "1918571", "73357511", "128335373", "1237862239", "1779395000", "1964335307", "2002643269", "2002785440", "2084467731", "2106609747", "2107156430", "2109982906", "2117411073", "2129186553", "2134774967", "2135792278", "2143340629", "2162841773", "2167200648", "2177744527", "2215360492", "2224723803", "2239016892", "2284353942", "2289321790", "2311019129", "2334813022", "2432207086", "2473627365", "2484618392", "2484928444", "2505713308", "2547088112", "2556261857", "2604849020", "2610246581", "2650396150", "2662947846", "2759887900", "2794621397", "2794852732", "2795073054", "2795260365", "2808720395", "2808783926", "2808785132", "2808830292", "2808834497", "2808835200", "2808899660", "2808984285", "2808999780", "2809019132", "2809025879", "2809043297", "2809059111", "2809060562", "2809118237", "2809185861", "2809202992", "2809231705", "2809274443", "2809280655", "2809282169", "2809289685", "2809293060", "2809295959", "2809303539", "2809315087", "2809336883", "2809368414", "2809432428", "2809437075", "2809438660", "2809546494", "2809621003", "2906703086", "2913432423", "3011315826"], "citation_overall": ["2106609747", "2134774967", "2484618392", "2143340629", "2224723803", "128335373", "2311019129", "2002785440", "1237862239", "1964335307", "2473627365", "2505713308", "2239016892", "2215360492", "2129186553", "2289321790", "2604849020", "1918571", "1779395000", "2002643269", "2107156430", "2167200648", "2484928444", "73357511", "2177744527", "2162841773", "2284353942", "2809303539", "2906703086", "2794621397", "2794852732", "2795073054", "2795260365", "2808759517", "2808782197", "2809019132", "2809274443", "2809282169", "2809368414", "2913432423", "2084467731", "2109982906", "2117411073", "2135792278", "2334813022", "2432207086", "2547088112", "2556261857", "2610246581", "2650396150", "2662947846", "2759887900", "2808720395", "2808783926", "2808785132", "2808830292", "2808834497", "2808835200", "2808899660", "2808984285", "2808999780", "2809025879", "2809043297", "2809059111", "2809060562", "2809118237", "2809185861", "2809202992", "2809231705", "2809280655", "2809289685", "2809293060", "2809295959", "2809315087", "2809336883", "2809432428", "2809437075", "2809438660", "2809546494", "2809621003", "3011315826"], "publication_10_years": ["2808759517", "2808782197", "2084467731", "2109982906", "2117411073", "2162841773", "2284353942", "2334813022", "2432207086", "2547088112", "2556261857", "2610246581", "2650396150", "2662947846", "2759887900", "2794621397", "2794852732", "2795073054", "2795260365", "2808720395", "2808783926", "2808785132", "2808830292", "2808834497", "2808835200", "2808899660", "2808984285", "2808999780", "2809019132", "2809025879", "2809043297", "2809059111", "2809060562", "2809118237", "2809185861", "2809202992", "2809231705", "2809274443", "2809280655", "2809282169", "2809289685", "2809293060", "2809295959", "2809303539", "2809315087", "2809336883", "2809368414", "2809432428", "2809437075", "2809438660", "2809546494", "2809621003"], "citation_10_years": ["2162841773", "2284353942", "2809303539", "2794621397", "2794852732", "2795073054", "2795260365", "2808759517", "2808782197", "2809019132", "2809274443", "2809282169", "2809368414", "2084467731", "2109982906", "2117411073", "2334813022", "2432207086", "2547088112", "2556261857", "2610246581", "2650396150", "2662947846", "2759887900", "2808720395", "2808783926", "2808785132", "2808830292", "2808834497", "2808835200", "2808899660", "2808984285", "2808999780", "2809025879", "2809043297", "2809059111", "2809060562", "2809118237", "2809185861", "2809202992", "2809231705", "2809280655", "2809289685", "2809293060", "2809295959", "2809315087", "2809336883", "2809432428", "2809437075", "2809438660", "2809546494", "2809621003"], "publication_5_years": ["2808759517", "2808782197", "2084467731", "2109982906", "2117411073", "2162841773", "2284353942", "2334813022", "2432207086", "2547088112", "2556261857", "2610246581", "2650396150", "2662947846", "2759887900", "2794621397", "2794852732", "2795073054", "2795260365", "2808720395", "2808783926", "2808785132", "2808830292", "2808834497", "2808835200", "2808899660", "2808984285", "2808999780", "2809019132", "2809025879", "2809043297", "2809059111", "2809060562", "2809118237", "2809185861", "2809202992", "2809231705", "2809274443", "2809280655", "2809282169", "2809289685", "2809293060", "2809295959", "2809303539", "2809315087", "2809336883", "2809368414", "2809432428", "2809437075", "2809438660", "2809546494", "2809621003"], "citation_5_years": ["2162841773", "2284353942", "2809303539", "2794621397", "2794852732", "2795073054", "2795260365", "2808759517", "2808782197", "2809019132", "2809274443", "2809282169", "2809368414", "2084467731", "2109982906", "2117411073", "2334813022", "2432207086", "2547088112", "2556261857", "2610246581", "2650396150", "2662947846", "2759887900", "2808720395", "2808783926", "2808785132", "2808830292", "2808834497", "2808835200", "2808899660", "2808984285", "2808999780", "2809025879", "2809043297", "2809059111", "2809060562", "2809118237", "2809185861", "2809202992", "2809231705", "2809280655", "2809289685", "2809293060", "2809295959", "2809315087", "2809336883", "2809432428", "2809437075", "2809438660", "2809546494", "2809621003"]}, "industrial_sectors": {"publication_overall": [], "citation_overall": [], "publication_10_years": [], "citation_10_years": [], "publication_5_years": [], "citation_5_years": []}}