{"name": "International Conference Physics and Control", "acronym": "ICPC", "type": "conference", "uniqueEntities": {"organizations": {"Russian Academy of Sciences": {"name": "Russian Academy of Sciences", "type": "organization", "organization_type": "Government", "h_index": 56, "h5_index": 18, "num_publications": 3, "num_citations": 9, "num_publications_5y": 0, "num_citations_5y": 1, "num_publications_10y": 0, "num_citations_10y": 8, "publications_years": {"2005": 3}, "citations_years": {"2007": 1, "2008": 0, "2009": 1, "2010": 3, "2011": 1, "2012": 2, "2018": 1}, "old_citations": {"2005": 9}, "isVisible": false}, "Saint Petersburg State University": {"name": "Saint Petersburg State University", "type": "organization", "organization_type": "Education", "h_index": 61, "h5_index": 16, "num_publications": 2, "num_citations": 3, "num_publications_5y": 0, "num_citations_5y": 3, "num_publications_10y": 0, "num_citations_10y": 3, "publications_years": {"2005": 2}, "citations_years": {"2014": 1, "2015": 1, "2016": 0, "2017": 1}, "old_citations": {"2005": 3}, "isVisible": false}, "K.N.Toosi University of Technology": {"name": "K.N.Toosi University of Technology", "type": "organization", "organization_type": "Education", "h_index": 42, "h5_index": 17, "num_publications": 1, "num_citations": 6, "num_publications_5y": 0, "num_citations_5y": 0, "num_publications_10y": 0, "num_citations_10y": 2, "publications_years": {"2005": 1}, "citations_years": {"2006": 2, "2007": 1, "2008": 1, "2009": 2}, "old_citations": {"2005": 6}, "isVisible": false}, "Tohoku University": {"name": "Tohoku University", "type": "organization", "organization_type": "Education", "h_index": 84, "h5_index": 32, "num_publications": 1, "num_citations": 3, "num_publications_5y": 0, "num_citations_5y": 1, "num_publications_10y": 0, "num_citations_10y": 1, "publications_years": {"2003": 1}, "citations_years": {"2004": 1, "2005": 1, "2006": 0, "2007": 0, "2008": 0, "2009": 0, "2010": 0, "2011": 0, "2012": 0, "2013": 0, "2014": 0, "2015": 0, "2016": 1}, "old_citations": {"2003": 3}, "isVisible": false}, "University of Potsdam": {"name": "University of Potsdam", "type": "organization", "organization_type": "Education", "h_index": 67, "h5_index": 17, "num_publications": 1, "num_citations": 4, "num_publications_5y": 0, "num_citations_5y": 1, "num_publications_10y": 0, "num_citations_10y": 3, "publications_years": {"2005": 1}, "citations_years": {"2008": 1, "2009": 2, "2010": 0, "2011": 0, "2012": 0, "2013": 0, "2014": 0, "2015": 1}, "old_citations": {"2005": 4}, "isVisible": false}, "Woods Hole Oceanographic Institution": {"name": "Woods Hole Oceanographic Institution", "type": "organization", "organization_type": "Nonprofit", "h_index": 30, "h5_index": 10, "num_publications": 1, "num_citations": 7, "num_publications_5y": 0, "num_citations_5y": 1, "num_publications_10y": 0, "num_citations_10y": 2, "publications_years": {"2003": 1}, "citations_years": {"2004": 3, "2005": 1, "2006": 1, "2007": 0, "2008": 0, "2009": 0, "2010": 0, "2011": 0, "2012": 0, "2013": 1, "2014": 1}, "old_citations": {"2003": 7}, "isVisible": false}}, "topics": {"computer science": {"name": "computer science", "type": "topic", "h_index": 1779, "h5_index": 416, "num_publications": 31, "num_citations": 81, "num_publications_5y": 0, "num_citations_5y": 19, "num_publications_10y": 1, "num_citations_10y": 51, "publications_years": {"2005": 24, "2003": 5, "2010": 1, "2007": 1}, "citations_years": {"2008": 9, "2009": 11, "2010": 11, "2011": 4, "2012": 3, "2013": 3, "2014": 5, "2015": 3, "2004": 4, "2005": 2, "2006": 5, "2007": 9, "2016": 7, "2017": 3, "2018": 1, "2019": 1}, "old_citations": {"2005": 66, "2003": 14, "2010": 1, "2007": 0}, "isVisible": false}, "computer systems": {"name": "computer systems", "type": "topic", "h_index": 1595, "h5_index": 367, "num_publications": 30, "num_citations": 81, "num_publications_5y": 0, "num_citations_5y": 19, "num_publications_10y": 1, "num_citations_10y": 51, "publications_years": {"2005": 23, "2003": 5, "2010": 1, "2007": 1}, "citations_years": {"2008": 9, "2009": 11, "2010": 11, "2011": 4, "2012": 3, "2013": 3, "2014": 5, "2015": 3, "2004": 4, "2005": 2, "2006": 5, "2007": 9, "2016": 7, "2017": 3, "2018": 1, "2019": 1}, "old_citations": {"2005": 66, "2003": 14, "2010": 1, "2007": 0}, "isVisible": false}, "engineering": {"name": "engineering", "type": "topic", "h_index": 1177, "h5_index": 287, "num_publications": 23, "num_citations": 71, "num_publications_5y": 0, "num_citations_5y": 15, "num_publications_10y": 1, "num_citations_10y": 44, "publications_years": {"2005": 18, "2003": 3, "2010": 1, "2007": 1}, "citations_years": {"2008": 9, "2009": 10, "2010": 10, "2011": 3, "2012": 3, "2013": 3, "2014": 4, "2015": 3, "2004": 4, "2005": 2, "2006": 4, "2007": 7, "2016": 5, "2017": 3, "2018": 0, "2019": 1}, "old_citations": {"2005": 58, "2003": 12, "2010": 1, "2007": 0}, "isVisible": false}, "mathematics": {"name": "mathematics", "type": "topic", "h_index": 1364, "h5_index": 300, "num_publications": 21, "num_citations": 49, "num_publications_5y": 0, "num_citations_5y": 12, "num_publications_10y": 1, "num_citations_10y": 34, "publications_years": {"2005": 19, "2010": 1, "2007": 1}, "citations_years": {"2008": 8, "2009": 10, "2010": 8, "2011": 2, "2012": 1, "2013": 1, "2014": 2, "2015": 3, "2016": 4, "2017": 3, "2006": 3, "2007": 3, "2018": 0, "2019": 1}, "old_citations": {"2005": 48, "2010": 1, "2007": 0}, "isVisible": false}, "computer hardware": {"name": "computer hardware", "type": "topic", "h_index": 1150, "h5_index": 279, "num_publications": 17, "num_citations": 35, "num_publications_5y": 0, "num_citations_5y": 11, "num_publications_10y": 1, "num_citations_10y": 19, "publications_years": {"2003": 3, "2005": 12, "2010": 1, "2007": 1}, "citations_years": {"2004": 4, "2005": 2, "2006": 2, "2007": 6, "2008": 2, "2009": 1, "2010": 2, "2011": 1, "2012": 2, "2013": 2, "2014": 3, "2015": 2, "2016": 3, "2017": 2, "2018": 1}, "old_citations": {"2003": 12, "2005": 22, "2010": 1, "2007": 0}, "isVisible": false}, "computer networks": {"name": "computer networks", "type": "topic", "h_index": 1262, "h5_index": 332, "num_publications": 16, "num_citations": 57, "num_publications_5y": 0, "num_citations_5y": 9, "num_publications_10y": 0, "num_citations_10y": 34, "publications_years": {"2005": 12, "2003": 3, "2007": 1}, "citations_years": {"2004": 4, "2005": 2, "2006": 2, "2007": 7, "2008": 7, "2009": 6, "2010": 10, "2011": 3, "2012": 3, "2013": 3, "2014": 3, "2015": 0, "2016": 5, "2017": 1, "2018": 0, "2019": 1}, "old_citations": {"2005": 45, "2003": 12, "2007": 0}, "isVisible": false}, "linear matrix inequalities": {"name": "linear matrix inequalities", "type": "topic", "h_index": 571, "h5_index": 144, "num_publications": 15, "num_citations": 39, "num_publications_5y": 0, "num_citations_5y": 6, "num_publications_10y": 1, "num_citations_10y": 26, "publications_years": {"2005": 13, "2010": 1, "2007": 1}, "citations_years": {"2015": 1, "2006": 3, "2007": 3, "2008": 6, "2009": 8, "2010": 8, "2011": 2, "2012": 1, "2013": 1, "2014": 1, "2016": 2, "2017": 2, "2018": 0, "2019": 1}, "old_citations": {"2005": 38, "2010": 1, "2007": 0}, "isVisible": false}, "matrix algebra": {"name": "matrix algebra", "type": "topic", "h_index": 771, "h5_index": 183, "num_publications": 15, "num_citations": 39, "num_publications_5y": 0, "num_citations_5y": 6, "num_publications_10y": 1, "num_citations_10y": 26, "publications_years": {"2005": 13, "2010": 1, "2007": 1}, "citations_years": {"2015": 1, "2006": 3, "2007": 3, "2008": 6, "2009": 8, "2010": 8, "2011": 2, "2012": 1, "2013": 1, "2014": 1, "2016": 2, "2017": 2, "2018": 0, "2019": 1}, "old_citations": {"2005": 38, "2010": 1, "2007": 0}, "isVisible": false}, "adaptive control systems": {"name": "adaptive control systems", "type": "topic", "h_index": 496, "h5_index": 131, "num_publications": 13, "num_citations": 41, "num_publications_5y": 0, "num_citations_5y": 5, "num_publications_10y": 1, "num_citations_10y": 29, "publications_years": {"2005": 11, "2010": 1, "2007": 1}, "citations_years": {"2015": 1, "2006": 2, "2007": 3, "2008": 6, "2009": 8, "2010": 10, "2011": 2, "2012": 3, "2013": 1, "2014": 1, "2016": 1, "2017": 2, "2018": 0, "2019": 1}, "old_citations": {"2005": 40, "2010": 1, "2007": 0}, "isVisible": false}, "automation": {"name": "automation", "type": "topic", "h_index": 579, "h5_index": 144, "num_publications": 13, "num_citations": 41, "num_publications_5y": 0, "num_citations_5y": 5, "num_publications_10y": 1, "num_citations_10y": 29, "publications_years": {"2005": 11, "2010": 1, "2007": 1}, "citations_years": {"2015": 1, "2006": 2, "2007": 3, "2008": 6, "2009": 8, "2010": 10, "2011": 2, "2012": 3, "2013": 1, "2014": 1, "2016": 1, "2017": 2, "2018": 0, "2019": 1}, "old_citations": {"2005": 40, "2010": 1, "2007": 0}, "isVisible": false}, "control systems": {"name": "control systems", "type": "topic", "h_index": 433, "h5_index": 104, "num_publications": 13, "num_citations": 26, "num_publications_5y": 0, "num_citations_5y": 4, "num_publications_10y": 1, "num_citations_10y": 18, "publications_years": {"2005": 11, "2010": 1, "2007": 1}, "citations_years": {"2008": 5, "2009": 7, "2010": 4, "2011": 2, "2012": 1, "2013": 0, "2014": 0, "2015": 2, "2006": 1, "2007": 2, "2017": 1, "2016": 1}, "old_citations": {"2005": 25, "2010": 1, "2007": 0}, "isVisible": false}, "process control": {"name": "process control", "type": "topic", "h_index": 538, "h5_index": 133, "num_publications": 13, "num_citations": 41, "num_publications_5y": 0, "num_citations_5y": 5, "num_publications_10y": 1, "num_citations_10y": 29, "publications_years": {"2005": 11, "2010": 1, "2007": 1}, "citations_years": {"2015": 1, "2006": 2, "2007": 3, "2008": 6, "2009": 8, "2010": 10, "2011": 2, "2012": 3, "2013": 1, "2014": 1, "2016": 1, "2017": 2, "2018": 0, "2019": 1}, "old_citations": {"2005": 40, "2010": 1, "2007": 0}, "isVisible": false}, "feedback systems": {"name": "feedback systems", "type": "topic", "h_index": 445, "h5_index": 121, "num_publications": 12, "num_citations": 40, "num_publications_5y": 0, "num_citations_5y": 7, "num_publications_10y": 1, "num_citations_10y": 28, "publications_years": {"2005": 10, "2010": 1, "2007": 1}, "citations_years": {"2008": 7, "2009": 9, "2010": 8, "2011": 2, "2012": 1, "2013": 1, "2014": 1, "2015": 2, "2006": 2, "2007": 2, "2016": 2, "2017": 2, "2018": 0, "2019": 1}, "old_citations": {"2005": 39, "2010": 1, "2007": 0}, "isVisible": false}, "telecommunication systems": {"name": "telecommunication systems", "type": "topic", "h_index": 1187, "h5_index": 277, "num_publications": 12, "num_citations": 47, "num_publications_5y": 0, "num_citations_5y": 7, "num_publications_10y": 0, "num_citations_10y": 26, "publications_years": {"2003": 3, "2005": 9}, "citations_years": {"2004": 4, "2005": 2, "2006": 2, "2007": 7, "2008": 6, "2009": 5, "2010": 6, "2011": 3, "2012": 3, "2013": 2, "2014": 2, "2015": 0, "2016": 5}, "old_citations": {"2003": 12, "2005": 35}, "isVisible": false}, "communication systems": {"name": "communication systems", "type": "topic", "h_index": 1092, "h5_index": 254, "num_publications": 11, "num_citations": 46, "num_publications_5y": 0, "num_citations_5y": 7, "num_publications_10y": 0, "num_citations_10y": 26, "publications_years": {"2003": 3, "2005": 8}, "citations_years": {"2004": 4, "2005": 2, "2006": 2, "2007": 6, "2008": 6, "2009": 5, "2010": 6, "2011": 3, "2012": 3, "2013": 2, "2014": 2, "2015": 0, "2016": 5}, "old_citations": {"2003": 12, "2005": 34}, "isVisible": false}, "wireless telecommunication systems": {"name": "wireless telecommunication systems", "type": "topic", "h_index": 1087, "h5_index": 254, "num_publications": 11, "num_citations": 46, "num_publications_5y": 0, "num_citations_5y": 7, "num_publications_10y": 0, "num_citations_10y": 26, "publications_years": {"2003": 3, "2005": 8}, "citations_years": {"2004": 4, "2005": 2, "2006": 2, "2007": 6, "2008": 6, "2009": 5, "2010": 6, "2011": 3, "2012": 3, "2013": 2, "2014": 2, "2015": 0, "2016": 5}, "old_citations": {"2003": 12, "2005": 34}, "isVisible": false}, "bandwidth": {"name": "bandwidth", "type": "topic", "h_index": 922, "h5_index": 201, "num_publications": 10, "num_citations": 43, "num_publications_5y": 0, "num_citations_5y": 6, "num_publications_10y": 0, "num_citations_10y": 23, "publications_years": {"2003": 3, "2005": 7}, "citations_years": {"2004": 4, "2005": 2, "2006": 2, "2007": 6, "2008": 6, "2009": 5, "2010": 5, "2011": 2, "2012": 3, "2013": 2, "2014": 2, "2015": 0, "2016": 4}, "old_citations": {"2003": 12, "2005": 31}, "isVisible": false}, "numerical methods": {"name": "numerical methods", "type": "topic", "h_index": 597, "h5_index": 145, "num_publications": 10, "num_citations": 36, "num_publications_5y": 0, "num_citations_5y": 5, "num_publications_10y": 1, "num_citations_10y": 24, "publications_years": {"2005": 8, "2010": 1, "2007": 1}, "citations_years": {"2008": 7, "2009": 9, "2010": 7, "2011": 1, "2012": 1, "2013": 1, "2014": 1, "2015": 1, "2006": 2, "2007": 2, "2016": 1, "2017": 2, "2018": 0, "2019": 1}, "old_citations": {"2005": 35, "2010": 1, "2007": 0}, "isVisible": false}, "sensors": {"name": "sensors", "type": "topic", "h_index": 960, "h5_index": 229, "num_publications": 10, "num_citations": 29, "num_publications_5y": 0, "num_citations_5y": 6, "num_publications_10y": 0, "num_citations_10y": 14, "publications_years": {"2003": 3, "2005": 6, "2007": 1}, "citations_years": {"2004": 4, "2005": 2, "2006": 2, "2007": 5, "2008": 2, "2009": 1, "2010": 2, "2011": 1, "2012": 2, "2013": 2, "2014": 2, "2015": 0, "2016": 3, "2018": 1}, "old_citations": {"2003": 12, "2005": 17, "2007": 0}, "isVisible": false}, "signal processing": {"name": "signal processing", "type": "topic", "h_index": 1012, "h5_index": 255, "num_publications": 10, "num_citations": 25, "num_publications_5y": 0, "num_citations_5y": 7, "num_publications_10y": 0, "num_citations_10y": 12, "publications_years": {"2003": 3, "2005": 7}, "citations_years": {"2004": 4, "2005": 2, "2006": 2, "2007": 4, "2008": 1, "2009": 0, "2010": 1, "2011": 2, "2012": 0, "2013": 2, "2014": 3, "2015": 1, "2016": 2, "2017": 1}, "old_citations": {"2003": 12, "2005": 13}, "isVisible": false}, "telecommunication networks": {"name": "telecommunication networks", "type": "topic", "h_index": 1116, "h5_index": 258, "num_publications": 10, "num_citations": 44, "num_publications_5y": 0, "num_citations_5y": 6, "num_publications_10y": 0, "num_citations_10y": 23, "publications_years": {"2003": 3, "2005": 7}, "citations_years": {"2004": 4, "2005": 2, "2006": 2, "2007": 7, "2008": 6, "2009": 5, "2010": 5, "2011": 2, "2012": 3, "2013": 2, "2014": 2, "2015": 0, "2016": 4}, "old_citations": {"2003": 12, "2005": 32}, "isVisible": false}, "telecommunication traffic": {"name": "telecommunication traffic", "type": "topic", "h_index": 1036, "h5_index": 233, "num_publications": 8, "num_citations": 43, "num_publications_5y": 0, "num_citations_5y": 6, "num_publications_10y": 0, "num_citations_10y": 23, "publications_years": {"2003": 3, "2005": 5}, "citations_years": {"2004": 4, "2005": 2, "2006": 2, "2007": 6, "2008": 6, "2009": 5, "2010": 5, "2011": 2, "2012": 3, "2013": 2, "2014": 2, "2015": 0, "2016": 4}, "old_citations": {"2003": 12, "2005": 31}, "isVisible": false}, "local area networks": {"name": "local area networks", "type": "topic", "h_index": 677, "h5_index": 151, "num_publications": 7, "num_citations": 41, "num_publications_5y": 0, "num_citations_5y": 5, "num_publications_10y": 0, "num_citations_10y": 22, "publications_years": {"2003": 2, "2005": 5}, "citations_years": {"2004": 4, "2005": 2, "2006": 2, "2007": 6, "2008": 5, "2009": 5, "2010": 5, "2011": 2, "2012": 3, "2013": 2, "2014": 1, "2015": 0, "2016": 4}, "old_citations": {"2003": 10, "2005": 31}, "isVisible": false}, "differential equations": {"name": "differential equations", "type": "topic", "h_index": 407, "h5_index": 109, "num_publications": 9, "num_citations": 36, "num_publications_5y": 0, "num_citations_5y": 5, "num_publications_10y": 1, "num_citations_10y": 24, "publications_years": {"2005": 7, "2010": 1, "2007": 1}, "citations_years": {"2008": 7, "2009": 9, "2010": 7, "2011": 1, "2012": 1, "2013": 1, "2014": 1, "2015": 1, "2006": 2, "2007": 2, "2016": 1, "2017": 2, "2018": 0, "2019": 1}, "old_citations": {"2005": 35, "2010": 1, "2007": 0}, "isVisible": false}}, "authors": {"377617322": {"name": "p yu guzenko", "type": "author", "activity": 1, "h_index": 1, "h5_index": 0, "mag_id": "377617322", "num_publications": 1, "num_citations": 2, "num_publications_5y": 0, "num_citations_5y": 0, "num_publications_10y": 0, "num_citations_10y": 2, "publications_years": {"2005": 1}, "citations_years": {"2010": 1, "2011": 1}, "old_citations": {"2005": 2}, "isVisible": false}, "610210435": {"name": "bernd blasius", "type": "author", "activity": 20, "h_index": 4, "h5_index": 0, "mag_id": "610210435", "num_publications": 1, "num_citations": 4, "num_publications_5y": 0, "num_citations_5y": 1, "num_publications_10y": 0, "num_citations_10y": 3, "publications_years": {"2005": 1}, "citations_years": {"2008": 1, "2009": 2, "2010": 0, "2011": 0, "2012": 0, "2013": 0, "2014": 0, "2015": 1}, "old_citations": {"2005": 4}, "isVisible": false}, "685396204": {"name": "a p sholonik", "type": "author", "activity": 1, "h_index": 1, "h5_index": 0, "mag_id": "685396204", "num_publications": 1, "num_citations": 3, "num_publications_5y": 0, "num_citations_5y": 0, "num_publications_10y": 0, "num_citations_10y": 1, "publications_years": {"2005": 1}, "citations_years": {"2006": 1, "2007": 1, "2008": 0, "2009": 1}, "old_citations": {"2005": 3}, "isVisible": false}, "694761515": {"name": "alexander i shepeljavyi", "type": "author", "activity": 16, "h_index": 1, "h5_index": 0, "mag_id": "694761515", "num_publications": 1, "num_citations": 0, "num_publications_5y": 0, "num_citations_5y": 0, "num_publications_10y": 0, "num_citations_10y": 0, "publications_years": {"2005": 1}, "citations_years": {}, "old_citations": {"2005": 0}, "isVisible": false}, "716883834": {"name": "nina kucklander", "type": "author", "activity": 1, "h_index": 1, "h5_index": 0, "mag_id": "716883834", "num_publications": 1, "num_citations": 4, "num_publications_5y": 0, "num_citations_5y": 1, "num_publications_10y": 0, "num_citations_10y": 3, "publications_years": {"2005": 1}, "citations_years": {"2008": 1, "2009": 2, "2010": 0, "2011": 0, "2012": 0, "2013": 0, "2014": 0, "2015": 1}, "old_citations": {"2005": 4}, "isVisible": false}, "788513245": {"name": "igor belykh", "type": "author", "activity": 20, "h_index": 4, "h5_index": 2, "mag_id": "788513245", "num_publications": 1, "num_citations": 10, "num_publications_5y": 0, "num_citations_5y": 2, "num_publications_10y": 0, "num_citations_10y": 8, "publications_years": {"2005": 1}, "citations_years": {"2008": 1, "2009": 1, "2010": 4, "2011": 0, "2012": 0, "2013": 1, "2014": 1, "2015": 0, "2016": 0, "2017": 1, "2018": 0, "2019": 1}, "old_citations": {"2005": 10}, "isVisible": false}, "1231670995": {"name": "a rassadina", "type": "author", "activity": 1, "h_index": 1, "h5_index": 0, "mag_id": "1231670995", "num_publications": 1, "num_citations": 3, "num_publications_5y": 0, "num_citations_5y": 3, "num_publications_10y": 0, "num_citations_10y": 3, "publications_years": {"2005": 1}, "citations_years": {"2014": 1, "2015": 1, "2016": 0, "2017": 1}, "old_citations": {"2005": 3}, "isVisible": false}, "1275980805": {"name": "vladimir n belykh", "type": "author", "activity": 9, "h_index": 1, "h5_index": 0, "mag_id": "1275980805", "num_publications": 1, "num_citations": 10, "num_publications_5y": 0, "num_citations_5y": 2, "num_publications_10y": 0, "num_citations_10y": 8, "publications_years": {"2005": 1}, "citations_years": {"2008": 1, "2009": 1, "2010": 4, "2011": 0, "2012": 0, "2013": 1, "2014": 1, "2015": 0, "2016": 0, "2017": 1, "2018": 0, "2019": 1}, "old_citations": {"2005": 10}, "isVisible": false}, "1861429461": {"name": "philipp hovel", "type": "author", "activity": 15, "h_index": 8, "h5_index": 3, "mag_id": "1861429461", "num_publications": 1, "num_citations": 1, "num_publications_5y": 0, "num_citations_5y": 1, "num_publications_10y": 0, "num_citations_10y": 1, "publications_years": {"2005": 1}, "citations_years": {"2016": 1}, "old_citations": {"2005": 1}, "isVisible": false}, "1875815226": {"name": "hiroaki niitsuma", "type": "author", "activity": 9, "h_index": 3, "h5_index": 0, "mag_id": "1875815226", "num_publications": 1, "num_citations": 3, "num_publications_5y": 0, "num_citations_5y": 1, "num_publications_10y": 0, "num_citations_10y": 1, "publications_years": {"2003": 1}, "citations_years": {"2004": 1, "2005": 1, "2006": 0, "2007": 0, "2008": 0, "2009": 0, "2010": 0, "2011": 0, "2012": 0, "2013": 0, "2014": 0, "2015": 0, "2016": 1}, "old_citations": {"2003": 3}, "isVisible": false}, "1986706137": {"name": "nelly a rybalchenko", "type": "author", "activity": 1, "h_index": 1, "h5_index": 0, "mag_id": "1986706137", "num_publications": 1, "num_citations": 1, "num_publications_5y": 0, "num_citations_5y": 1, "num_publications_10y": 0, "num_citations_10y": 1, "publications_years": {"2005": 1}, "citations_years": {"2018": 1}, "old_citations": {"2005": 1}, "isVisible": false}, "2005248239": {"name": "elena v denisova", "type": "author", "activity": 3, "h_index": 1, "h5_index": 0, "mag_id": "2005248239", "num_publications": 1, "num_citations": 1, "num_publications_5y": 0, "num_citations_5y": 1, "num_publications_10y": 0, "num_citations_10y": 1, "publications_years": {"2005": 1}, "citations_years": {"2018": 1}, "old_citations": {"2005": 1}, "isVisible": false}, "2048252426": {"name": "a n pavlova", "type": "author", "activity": 1, "h_index": 0, "h5_index": 0, "mag_id": "2048252426", "num_publications": 1, "num_citations": 0, "num_publications_5y": 0, "num_citations_5y": 0, "num_publications_10y": 0, "num_citations_10y": 0, "publications_years": {"2005": 1}, "citations_years": {}, "old_citations": {"2005": 0}, "isVisible": false}, "2064141204": {"name": "sabato manfredi", "type": "author", "activity": 17, "h_index": 12, "h5_index": 3, "mag_id": "2064141204", "num_publications": 1, "num_citations": 3, "num_publications_5y": 0, "num_citations_5y": 2, "num_publications_10y": 0, "num_citations_10y": 2, "publications_years": {"2005": 1}, "citations_years": {"2008": 1, "2009": 0, "2010": 0, "2011": 0, "2012": 0, "2013": 0, "2014": 0, "2015": 0, "2016": 2}, "old_citations": {"2005": 3}, "isVisible": false}, "2066681386": {"name": "andrew r maffei", "type": "author", "activity": 17, "h_index": 4, "h5_index": 1, "mag_id": "2066681386", "num_publications": 1, "num_citations": 7, "num_publications_5y": 0, "num_citations_5y": 1, "num_publications_10y": 0, "num_citations_10y": 2, "publications_years": {"2003": 1}, "citations_years": {"2004": 3, "2005": 1, "2006": 1, "2007": 0, "2008": 0, "2009": 0, "2010": 0, "2011": 0, "2012": 0, "2013": 1, "2014": 1}, "old_citations": {"2003": 7}, "isVisible": false}, "2092845420": {"name": "pavel ustinov", "type": "author", "activity": 7, "h_index": 1, "h5_index": 0, "mag_id": "2092845420", "num_publications": 1, "num_citations": 3, "num_publications_5y": 0, "num_citations_5y": 0, "num_publications_10y": 0, "num_citations_10y": 1, "publications_years": {"2005": 1}, "citations_years": {"2006": 1, "2007": 1, "2008": 0, "2009": 1}, "old_citations": {"2005": 3}, "isVisible": false}, "2095683521": {"name": "eckehard scholl", "type": "author", "activity": 29, "h_index": 10, "h5_index": 2, "mag_id": "2095683521", "num_publications": 1, "num_citations": 1, "num_publications_5y": 0, "num_citations_5y": 1, "num_publications_10y": 0, "num_citations_10y": 1, "publications_years": {"2005": 1}, "citations_years": {"2016": 1}, "old_citations": {"2005": 1}, "isVisible": false}, "2099597497": {"name": "victor a sedov", "type": "author", "activity": 3, "h_index": 1, "h5_index": 0, "mag_id": "2099597497", "num_publications": 1, "num_citations": 1, "num_publications_5y": 0, "num_citations_5y": 1, "num_publications_10y": 0, "num_citations_10y": 1, "publications_years": {"2005": 1}, "citations_years": {"2018": 1}, "old_citations": {"2005": 1}, "isVisible": false}, "2100053510": {"name": "albert m bradley", "type": "author", "activity": 12, "h_index": 2, "h5_index": 0, "mag_id": "2100053510", "num_publications": 1, "num_citations": 7, "num_publications_5y": 0, "num_citations_5y": 1, "num_publications_10y": 0, "num_citations_10y": 2, "publications_years": {"2003": 1}, "citations_years": {"2004": 3, "2005": 1, "2006": 1, "2007": 0, "2008": 0, "2009": 0, "2010": 0, "2011": 0, "2012": 0, "2013": 1, "2014": 1}, "old_citations": {"2003": 7}, "isVisible": false}, "2105400472": {"name": "yolanda vidal segui", "type": "author", "activity": 10, "h_index": 1, "h5_index": 1, "mag_id": "2105400472", "num_publications": 1, "num_citations": 1, "num_publications_5y": 0, "num_citations_5y": 1, "num_publications_10y": 1, "num_citations_10y": 1, "publications_years": {"2010": 1}, "citations_years": {"2017": 1}, "old_citations": {"2010": 1}, "isVisible": false}, "2120980846": {"name": "a yazdanpanah", "type": "author", "activity": 1, "h_index": 1, "h5_index": 0, "mag_id": "2120980846", "num_publications": 1, "num_citations": 6, "num_publications_5y": 0, "num_citations_5y": 0, "num_publications_10y": 0, "num_citations_10y": 2, "publications_years": {"2005": 1}, "citations_years": {"2006": 2, "2007": 1, "2008": 1, "2009": 2}, "old_citations": {"2005": 6}, "isVisible": false}, "2141776516": {"name": "alessandro rizzo", "type": "author", "activity": 25, "h_index": 12, "h5_index": 5, "mag_id": "2141776516", "num_publications": 1, "num_citations": 0, "num_publications_5y": 0, "num_citations_5y": 0, "num_publications_10y": 0, "num_citations_10y": 0, "publications_years": {"2007": 1}, "citations_years": {}, "old_citations": {"2007": 0}, "isVisible": false}, "2147454020": {"name": "l fortuna", "type": "author", "activity": 31, "h_index": 18, "h5_index": 5, "mag_id": "2147454020", "num_publications": 1, "num_citations": 0, "num_publications_5y": 0, "num_citations_5y": 0, "num_publications_10y": 0, "num_citations_10y": 0, "publications_years": {"2007": 1}, "citations_years": {}, "old_citations": {"2007": 0}, "isVisible": false}, "2150536747": {"name": "frederick sonnichsen", "type": "author", "activity": 1, "h_index": 1, "h5_index": 0, "mag_id": "2150536747", "num_publications": 1, "num_citations": 7, "num_publications_5y": 0, "num_citations_5y": 1, "num_publications_10y": 0, "num_citations_10y": 2, "publications_years": {"2003": 1}, "citations_years": {"2004": 3, "2005": 1, "2006": 1, "2007": 0, "2008": 0, "2009": 0, "2010": 0, "2011": 0, "2012": 0, "2013": 1, "2014": 1}, "old_citations": {"2003": 7}, "isVisible": false}, "2155391270": {"name": "bruce m howe", "type": "author", "activity": 13, "h_index": 4, "h5_index": 0, "mag_id": "2155391270", "num_publications": 1, "num_citations": 2, "num_publications_5y": 0, "num_citations_5y": 1, "num_publications_10y": 0, "num_citations_10y": 1, "publications_years": {"2003": 1}, "citations_years": {"2008": 1, "2009": 0, "2010": 0, "2011": 0, "2012": 0, "2013": 0, "2014": 1}, "old_citations": {"2003": 2}, "isVisible": false}, "2158976653": {"name": "nikolay v smirnov", "type": "author", "activity": 15, "h_index": 3, "h5_index": 2, "mag_id": "2158976653", "num_publications": 1, "num_citations": 1, "num_publications_5y": 0, "num_citations_5y": 1, "num_publications_10y": 0, "num_citations_10y": 1, "publications_years": {"2005": 1}, "citations_years": {"2015": 1}, "old_citations": {"2005": 1}, "isVisible": false}, "2162788130": {"name": "guanrong chen", "type": "author", "activity": 31, "h_index": 54, "h5_index": 15, "mag_id": "2162788130", "num_publications": 1, "num_citations": 15, "num_publications_5y": 0, "num_citations_5y": 1, "num_publications_10y": 0, "num_citations_10y": 10, "publications_years": {"2005": 1}, "citations_years": {"2007": 1, "2008": 4, "2009": 4, "2010": 3, "2011": 1, "2012": 1, "2013": 0, "2014": 0, "2015": 0, "2016": 1}, "old_citations": {"2005": 15}, "isVisible": false}, "2162963031": {"name": "g a leonov", "type": "author", "activity": 26, "h_index": 12, "h5_index": 4, "mag_id": "2162963031", "num_publications": 1, "num_citations": 0, "num_publications_5y": 0, "num_citations_5y": 0, "num_publications_10y": 0, "num_citations_10y": 0, "publications_years": {"2005": 1}, "citations_years": {}, "old_citations": {"2005": 0}, "isVisible": false}, "2167956589": {"name": "shoichi takashima", "type": "author", "activity": 1, "h_index": 1, "h5_index": 0, "mag_id": "2167956589", "num_publications": 1, "num_citations": 3, "num_publications_5y": 0, "num_citations_5y": 1, "num_publications_10y": 0, "num_citations_10y": 1, "publications_years": {"2003": 1}, "citations_years": {"2004": 1, "2005": 1, "2006": 0, "2007": 0, "2008": 0, "2009": 0, "2010": 0, "2011": 0, "2012": 0, "2013": 0, "2014": 0, "2015": 0, "2016": 1}, "old_citations": {"2003": 3}, "isVisible": false}, "2172299120": {"name": "mattia frasca", "type": "author", "activity": 21, "h_index": 17, "h5_index": 5, "mag_id": "2172299120", "num_publications": 1, "num_citations": 0, "num_publications_5y": 0, "num_citations_5y": 0, "num_publications_10y": 0, "num_citations_10y": 0, "publications_years": {"2007": 1}, "citations_years": {}, "old_citations": {"2007": 0}, "isVisible": false}, "2179382772": {"name": "james h miller", "type": "author", "activity": 1, "h_index": 1, "h5_index": 0, "mag_id": "2179382772", "num_publications": 1, "num_citations": 2, "num_publications_5y": 0, "num_citations_5y": 1, "num_publications_10y": 0, "num_citations_10y": 1, "publications_years": {"2003": 1}, "citations_years": {"2008": 1, "2009": 0, "2010": 0, "2011": 0, "2012": 0, "2013": 0, "2014": 1}, "old_citations": {"2003": 2}, "isVisible": false}, "2190496667": {"name": "yu a astrov", "type": "author", "activity": 5, "h_index": 1, "h5_index": 0, "mag_id": "2190496667", "num_publications": 1, "num_citations": 2, "num_publications_5y": 0, "num_citations_5y": 0, "num_publications_10y": 0, "num_citations_10y": 2, "publications_years": {"2005": 1}, "citations_years": {"2010": 1, "2011": 1}, "old_citations": {"2005": 2}, "isVisible": false}, "2203445659": {"name": "hiroshi asanuma", "type": "author", "activity": 3, "h_index": 2, "h5_index": 0, "mag_id": "2203445659", "num_publications": 1, "num_citations": 3, "num_publications_5y": 0, "num_citations_5y": 1, "num_publications_10y": 0, "num_citations_10y": 1, "publications_years": {"2003": 1}, "citations_years": {"2004": 1, "2005": 1, "2006": 0, "2007": 0, "2008": 0, "2009": 0, "2010": 0, "2011": 0, "2012": 0, "2013": 0, "2014": 0, "2015": 0, "2016": 1}, "old_citations": {"2003": 3}, "isVisible": false}, "2222179481": {"name": "v n belykht", "type": "author", "activity": 1, "h_index": 1, "h5_index": 0, "mag_id": "2222179481", "num_publications": 1, "num_citations": 4, "num_publications_5y": 0, "num_citations_5y": 1, "num_publications_10y": 0, "num_citations_10y": 3, "publications_years": {"2005": 1}, "citations_years": {"2008": 1, "2009": 2, "2010": 0, "2011": 0, "2012": 0, "2013": 0, "2014": 0, "2015": 1}, "old_citations": {"2005": 4}, "isVisible": false}, "2223919980": {"name": "o v sosnovtsevab", "type": "author", "activity": 1, "h_index": 0, "h5_index": 0, "mag_id": "2223919980", "num_publications": 1, "num_citations": 0, "num_publications_5y": 0, "num_citations_5y": 0, "num_publications_10y": 0, "num_citations_10y": 0, "publications_years": {"2005": 1}, "citations_years": {}, "old_citations": {"2005": 0}, "isVisible": false}, "2228307735": {"name": "ya frisman", "type": "author", "activity": 1, "h_index": 0, "h5_index": 0, "mag_id": "2228307735", "num_publications": 1, "num_citations": 0, "num_publications_5y": 0, "num_citations_5y": 0, "num_publications_10y": 0, "num_citations_10y": 0, "publications_years": {"2005": 1}, "citations_years": {}, "old_citations": {"2005": 0}, "isVisible": false}, "2230689686": {"name": "l fradkov", "type": "author", "activity": 1, "h_index": 1, "h5_index": 0, "mag_id": "2230689686", "num_publications": 1, "num_citations": 2, "num_publications_5y": 0, "num_citations_5y": 0, "num_publications_10y": 0, "num_citations_10y": 2, "publications_years": {"2005": 1}, "citations_years": {"2010": 1, "2011": 1}, "old_citations": {"2005": 2}, "isVisible": false}, "2296149506": {"name": "m bucolo", "type": "author", "activity": 21, "h_index": 6, "h5_index": 1, "mag_id": "2296149506", "num_publications": 1, "num_citations": 0, "num_publications_5y": 0, "num_citations_5y": 0, "num_publications_10y": 0, "num_citations_10y": 0, "publications_years": {"2007": 1}, "citations_years": {}, "old_citations": {"2007": 0}, "isVisible": false}, "2305544979": {"name": "s m seledzhi", "type": "author", "activity": 14, "h_index": 5, "h5_index": 0, "mag_id": "2305544979", "num_publications": 1, "num_citations": 0, "num_publications_5y": 0, "num_citations_5y": 0, "num_publications_10y": 0, "num_citations_10y": 0, "publications_years": {"2005": 1}, "citations_years": {}, "old_citations": {"2005": 0}, "isVisible": false}, "2427397217": {"name": "francesco sorrentino", "type": "author", "activity": 15, "h_index": 5, "h5_index": 3, "mag_id": "2427397217", "num_publications": 1, "num_citations": 3, "num_publications_5y": 0, "num_citations_5y": 2, "num_publications_10y": 0, "num_citations_10y": 2, "publications_years": {"2005": 1}, "citations_years": {"2008": 1, "2009": 0, "2010": 0, "2011": 0, "2012": 0, "2013": 0, "2014": 0, "2015": 0, "2016": 2}, "old_citations": {"2005": 3}, "isVisible": false}, "2429798829": {"name": "g lukyanov", "type": "author", "activity": 1, "h_index": 0, "h5_index": 0, "mag_id": "2429798829", "num_publications": 1, "num_citations": 0, "num_publications_5y": 0, "num_citations_5y": 0, "num_publications_10y": 0, "num_citations_10y": 0, "publications_years": {"2005": 1}, "citations_years": {}, "old_citations": {"2005": 0}, "isVisible": false}, "2434547230": {"name": "a v osipov", "type": "author", "activity": 1, "h_index": 0, "h5_index": 0, "mag_id": "2434547230", "num_publications": 1, "num_citations": 0, "num_publications_5y": 0, "num_citations_5y": 0, "num_publications_10y": 0, "num_citations_10y": 0, "publications_years": {"2005": 1}, "citations_years": {}, "old_citations": {"2005": 0}, "isVisible": false}, "2463499162": {"name": "alan d chave", "type": "author", "activity": 15, "h_index": 3, "h5_index": 1, "mag_id": "2463499162", "num_publications": 1, "num_citations": 7, "num_publications_5y": 0, "num_citations_5y": 1, "num_publications_10y": 0, "num_citations_10y": 2, "publications_years": {"2003": 1}, "citations_years": {"2004": 3, "2005": 1, "2006": 1, "2007": 0, "2008": 0, "2009": 0, "2010": 0, "2011": 0, "2012": 0, "2013": 1, "2014": 1}, "old_citations": {"2003": 7}, "isVisible": false}, "2472878894": {"name": "jurgen kurths", "type": "author", "activity": 27, "h_index": 31, "h5_index": 10, "mag_id": "2472878894", "num_publications": 1, "num_citations": 4, "num_publications_5y": 0, "num_citations_5y": 1, "num_publications_10y": 0, "num_citations_10y": 3, "publications_years": {"2005": 1}, "citations_years": {"2008": 1, "2009": 2, "2010": 0, "2011": 0, "2012": 0, "2013": 0, "2014": 0, "2015": 1}, "old_citations": {"2005": 4}, "isVisible": false}, "2484063966": {"name": "b zielinski", "type": "author", "activity": 14, "h_index": 4, "h5_index": 0, "mag_id": "2484063966", "num_publications": 1, "num_citations": 7, "num_publications_5y": 0, "num_citations_5y": 0, "num_publications_10y": 0, "num_citations_10y": 2, "publications_years": {"2005": 1}, "citations_years": {"2006": 1, "2007": 4, "2008": 0, "2009": 0, "2010": 0, "2011": 1, "2012": 0, "2013": 1}, "old_citations": {"2005": 7}, "isVisible": false}, "2487189461": {"name": "t r ambaryan", "type": "author", "activity": 1, "h_index": 1, "h5_index": 0, "mag_id": "2487189461", "num_publications": 1, "num_citations": 1, "num_publications_5y": 0, "num_citations_5y": 0, "num_publications_10y": 0, "num_citations_10y": 0, "publications_years": {"2005": 1}, "citations_years": {"2007": 1}, "old_citations": {"2005": 1}, "isVisible": false}, "2493630686": {"name": "a v kolotaev", "type": "author", "activity": 1, "h_index": 1, "h5_index": 0, "mag_id": "2493630686", "num_publications": 1, "num_citations": 6, "num_publications_5y": 0, "num_citations_5y": 0, "num_publications_10y": 0, "num_citations_10y": 5, "publications_years": {"2005": 1}, "citations_years": {"2007": 1, "2008": 0, "2009": 1, "2010": 2, "2011": 0, "2012": 2}, "old_citations": {"2005": 6}, "isVisible": false}, "2503477191": {"name": "a v syrtzev", "type": "author", "activity": 1, "h_index": 1, "h5_index": 0, "mag_id": "2503477191", "num_publications": 1, "num_citations": 6, "num_publications_5y": 0, "num_citations_5y": 0, "num_publications_10y": 0, "num_citations_10y": 5, "publications_years": {"2005": 1}, "citations_years": {"2007": 1, "2008": 0, "2009": 1, "2010": 2, "2011": 0, "2012": 2}, "old_citations": {"2005": 6}, "isVisible": false}, "2510859700": {"name": "zhengping fan", "type": "author", "activity": 8, "h_index": 2, "h5_index": 0, "mag_id": "2510859700", "num_publications": 1, "num_citations": 15, "num_publications_5y": 0, "num_citations_5y": 1, "num_publications_10y": 0, "num_citations_10y": 10, "publications_years": {"2005": 1}, "citations_years": {"2007": 1, "2008": 4, "2009": 4, "2010": 3, "2011": 1, "2012": 1, "2013": 0, "2014": 0, "2015": 0, "2016": 1}, "old_citations": {"2005": 15}, "isVisible": false}, "2521442520": {"name": "y mutoh", "type": "author", "activity": 1, "h_index": 0, "h5_index": 0, "mag_id": "2521442520", "num_publications": 1, "num_citations": 0, "num_publications_5y": 0, "num_citations_5y": 0, "num_publications_10y": 0, "num_citations_10y": 0, "publications_years": {"2005": 1}, "citations_years": {}, "old_citations": {"2005": 0}, "isVisible": false}, "2522111453": {"name": "h gelman", "type": "author", "activity": 1, "h_index": 1, "h5_index": 0, "mag_id": "2522111453", "num_publications": 1, "num_citations": 7, "num_publications_5y": 0, "num_citations_5y": 1, "num_publications_10y": 0, "num_citations_10y": 2, "publications_years": {"2003": 1}, "citations_years": {"2004": 3, "2005": 1, "2006": 1, "2007": 0, "2008": 0, "2009": 0, "2010": 0, "2011": 0, "2012": 0, "2013": 1, "2014": 1}, "old_citations": {"2003": 7}, "isVisible": false}, "2537215663": {"name": "franco garofalo", "type": "author", "activity": 30, "h_index": 4, "h5_index": 2, "mag_id": "2537215663", "num_publications": 1, "num_citations": 3, "num_publications_5y": 0, "num_citations_5y": 2, "num_publications_10y": 0, "num_citations_10y": 2, "publications_years": {"2005": 1}, "citations_years": {"2008": 1, "2009": 0, "2010": 0, "2011": 0, "2012": 0, "2013": 0, "2014": 0, "2015": 0, "2016": 2}, "old_citations": {"2005": 3}, "isVisible": false}, "2562743485": {"name": "s tsuboi", "type": "author", "activity": 1, "h_index": 1, "h5_index": 0, "mag_id": "2562743485", "num_publications": 1, "num_citations": 1, "num_publications_5y": 0, "num_citations_5y": 0, "num_publications_10y": 0, "num_citations_10y": 1, "publications_years": {"2003": 1}, "citations_years": {"2010": 1}, "old_citations": {"2003": 1}, "isVisible": false}, "2563249957": {"name": "s morino", "type": "author", "activity": 1, "h_index": 1, "h5_index": 0, "mag_id": "2563249957", "num_publications": 1, "num_citations": 1, "num_publications_5y": 0, "num_citations_5y": 0, "num_publications_10y": 0, "num_citations_10y": 1, "publications_years": {"2003": 1}, "citations_years": {"2010": 1}, "old_citations": {"2003": 1}, "isVisible": false}, "2570586680": {"name": "y shindo", "type": "author", "activity": 1, "h_index": 1, "h5_index": 0, "mag_id": "2570586680", "num_publications": 1, "num_citations": 3, "num_publications_5y": 0, "num_citations_5y": 1, "num_publications_10y": 0, "num_citations_10y": 1, "publications_years": {"2003": 1}, "citations_years": {"2004": 1, "2005": 1, "2006": 0, "2007": 0, "2008": 0, "2009": 0, "2010": 0, "2011": 0, "2012": 0, "2013": 0, "2014": 0, "2015": 0, "2016": 1}, "old_citations": {"2003": 3}, "isVisible": false}, "2573626172": {"name": "s tano", "type": "author", "activity": 1, "h_index": 1, "h5_index": 0, "mag_id": "2573626172", "num_publications": 1, "num_citations": 3, "num_publications_5y": 0, "num_citations_5y": 1, "num_publications_10y": 0, "num_citations_10y": 1, "publications_years": {"2003": 1}, "citations_years": {"2004": 1, "2005": 1, "2006": 0, "2007": 0, "2008": 0, "2009": 0, "2010": 0, "2011": 0, "2012": 0, "2013": 0, "2014": 0, "2015": 0, "2016": 1}, "old_citations": {"2003": 3}, "isVisible": false}, "2578801619": {"name": "l rybina", "type": "author", "activity": 1, "h_index": 0, "h5_index": 0, "mag_id": "2578801619", "num_publications": 1, "num_citations": 0, "num_publications_5y": 0, "num_citations_5y": 0, "num_publications_10y": 0, "num_citations_10y": 0, "publications_years": {"2005": 1}, "citations_years": {}, "old_citations": {"2005": 0}, "isVisible": false}, "2629366257": {"name": "s hashimoto", "type": "author", "activity": 1, "h_index": 1, "h5_index": 0, "mag_id": "2629366257", "num_publications": 1, "num_citations": 3, "num_publications_5y": 0, "num_citations_5y": 1, "num_publications_10y": 0, "num_citations_10y": 1, "publications_years": {"2003": 1}, "citations_years": {"2004": 1, "2005": 1, "2006": 0, "2007": 0, "2008": 0, "2009": 0, "2010": 0, "2011": 0, "2012": 0, "2013": 0, "2014": 0, "2015": 0, "2016": 1}, "old_citations": {"2003": 3}, "isVisible": false}, "2629564185": {"name": "k furukawa", "type": "author", "activity": 1, "h_index": 1, "h5_index": 0, "mag_id": "2629564185", "num_publications": 1, "num_citations": 1, "num_publications_5y": 0, "num_citations_5y": 0, "num_publications_10y": 0, "num_citations_10y": 1, "publications_years": {"2003": 1}, "citations_years": {"2011": 1}, "old_citations": {"2003": 1}, "isVisible": false}, "2630169479": {"name": "y kameyama", "type": "author", "activity": 1, "h_index": 1, "h5_index": 0, "mag_id": "2630169479", "num_publications": 1, "num_citations": 1, "num_publications_5y": 0, "num_citations_5y": 0, "num_publications_10y": 0, "num_citations_10y": 1, "publications_years": {"2003": 1}, "citations_years": {"2011": 1}, "old_citations": {"2003": 1}, "isVisible": false}, "2631514980": {"name": "x garcia", "type": "author", "activity": 1, "h_index": 1, "h5_index": 0, "mag_id": "2631514980", "num_publications": 1, "num_citations": 7, "num_publications_5y": 0, "num_citations_5y": 1, "num_publications_10y": 0, "num_citations_10y": 2, "publications_years": {"2003": 1}, "citations_years": {"2004": 3, "2005": 1, "2006": 1, "2007": 0, "2008": 0, "2009": 0, "2010": 0, "2011": 0, "2012": 0, "2013": 1, "2014": 1}, "old_citations": {"2003": 7}, "isVisible": false}, "2644543449": {"name": "g lukyanov", "type": "author", "activity": 1, "h_index": 1, "h5_index": 0, "mag_id": "2644543449", "num_publications": 1, "num_citations": 3, "num_publications_5y": 0, "num_citations_5y": 3, "num_publications_10y": 0, "num_citations_10y": 3, "publications_years": {"2005": 1}, "citations_years": {"2014": 1, "2015": 1, "2016": 0, "2017": 1}, "old_citations": {"2005": 3}, "isVisible": false}, "2647171498": {"name": "a khakisedigh", "type": "author", "activity": 1, "h_index": 1, "h5_index": 0, "mag_id": "2647171498", "num_publications": 1, "num_citations": 6, "num_publications_5y": 0, "num_citations_5y": 0, "num_publications_10y": 0, "num_citations_10y": 2, "publications_years": {"2005": 1}, "citations_years": {"2006": 2, "2007": 1, "2008": 1, "2009": 2}, "old_citations": {"2005": 6}, "isVisible": false}, "2652261974": {"name": "k chernyshov", "type": "author", "activity": 1, "h_index": 1, "h5_index": 0, "mag_id": "2652261974", "num_publications": 1, "num_citations": 3, "num_publications_5y": 0, "num_citations_5y": 3, "num_publications_10y": 0, "num_citations_10y": 3, "publications_years": {"2005": 1}, "citations_years": {"2014": 1, "2015": 0, "2016": 2}, "old_citations": {"2005": 3}, "isVisible": false}, "2656906412": {"name": "i v denisov", "type": "author", "activity": 1, "h_index": 1, "h5_index": 0, "mag_id": "2656906412", "num_publications": 1, "num_citations": 1, "num_publications_5y": 0, "num_citations_5y": 1, "num_publications_10y": 0, "num_citations_10y": 1, "publications_years": {"2005": 1}, "citations_years": {"2018": 1}, "old_citations": {"2005": 1}, "isVisible": false}, "2658554597": {"name": "t sakakibara", "type": "author", "activity": 1, "h_index": 1, "h5_index": 0, "mag_id": "2658554597", "num_publications": 1, "num_citations": 1, "num_publications_5y": 0, "num_citations_5y": 0, "num_publications_10y": 0, "num_citations_10y": 1, "publications_years": {"2003": 1}, "citations_years": {"2011": 1}, "old_citations": {"2003": 1}, "isVisible": false}, "2694521147": {"name": "i serov", "type": "author", "activity": 1, "h_index": 0, "h5_index": 0, "mag_id": "2694521147", "num_publications": 1, "num_citations": 0, "num_publications_5y": 0, "num_citations_5y": 0, "num_publications_10y": 0, "num_citations_10y": 0, "publications_years": {"2005": 1}, "citations_years": {}, "old_citations": {"2005": 0}, "isVisible": false}, "2697482462": {"name": "o p skljarov", "type": "author", "activity": 1, "h_index": 0, "h5_index": 0, "mag_id": "2697482462", "num_publications": 1, "num_citations": 0, "num_publications_5y": 0, "num_citations_5y": 0, "num_publications_10y": 0, "num_citations_10y": 0, "publications_years": {"2005": 1}, "citations_years": {}, "old_citations": {"2005": 0}, "isVisible": false}, "2701585624": {"name": "m ikegami", "type": "author", "activity": 1, "h_index": 1, "h5_index": 0, "mag_id": "2701585624", "num_publications": 1, "num_citations": 1, "num_publications_5y": 0, "num_citations_5y": 0, "num_publications_10y": 0, "num_citations_10y": 1, "publications_years": {"2003": 1}, "citations_years": {"2011": 1}, "old_citations": {"2003": 1}, "isVisible": false}, "2708156155": {"name": "v usachev", "type": "author", "activity": 1, "h_index": 1, "h5_index": 0, "mag_id": "2708156155", "num_publications": 1, "num_citations": 3, "num_publications_5y": 0, "num_citations_5y": 3, "num_publications_10y": 0, "num_citations_10y": 3, "publications_years": {"2005": 1}, "citations_years": {"2014": 1, "2015": 1, "2016": 0, "2017": 1}, "old_citations": {"2005": 3}, "isVisible": false}, "2720540271": {"name": "n v balashevich", "type": "author", "activity": 1, "h_index": 0, "h5_index": 0, "mag_id": "2720540271", "num_publications": 1, "num_citations": 0, "num_publications_5y": 0, "num_citations_5y": 0, "num_publications_10y": 0, "num_citations_10y": 0, "publications_years": {"2005": 1}, "citations_years": {}, "old_citations": {"2005": 0}, "isVisible": false}, "2721545500": {"name": "o skljarov", "type": "author", "activity": 1, "h_index": 0, "h5_index": 0, "mag_id": "2721545500", "num_publications": 1, "num_citations": 0, "num_publications_5y": 0, "num_citations_5y": 0, "num_publications_10y": 0, "num_citations_10y": 0, "publications_years": {"2005": 1}, "citations_years": {}, "old_citations": {"2005": 0}, "isVisible": false}, "2723608521": {"name": "a v timofeev", "type": "author", "activity": 1, "h_index": 1, "h5_index": 0, "mag_id": "2723608521", "num_publications": 1, "num_citations": 6, "num_publications_5y": 0, "num_citations_5y": 0, "num_publications_10y": 0, "num_citations_10y": 5, "publications_years": {"2005": 1}, "citations_years": {"2007": 1, "2008": 0, "2009": 1, "2010": 2, "2011": 0, "2012": 2}, "old_citations": {"2005": 6}, "isVisible": false}, "2754292700": {"name": "leonardo acho zuppa", "type": "author", "activity": 2, "h_index": 1, "h5_index": 0, "mag_id": "2754292700", "num_publications": 1, "num_citations": 1, "num_publications_5y": 0, "num_citations_5y": 1, "num_publications_10y": 1, "num_citations_10y": 1, "publications_years": {"2010": 1}, "citations_years": {"2017": 1}, "old_citations": {"2010": 1}, "isVisible": false}, "2771980851": {"name": "s lerner", "type": "author", "activity": 3, "h_index": 2, "h5_index": 0, "mag_id": "2771980851", "num_publications": 1, "num_citations": 7, "num_publications_5y": 0, "num_citations_5y": 1, "num_publications_10y": 0, "num_citations_10y": 2, "publications_years": {"2003": 1}, "citations_years": {"2004": 3, "2005": 1, "2006": 1, "2007": 0, "2008": 0, "2009": 0, "2010": 0, "2011": 0, "2012": 0, "2013": 1, "2014": 1}, "old_citations": {"2003": 7}, "isVisible": false}, "2908371571": {"name": "m di bernardo", "type": "author", "activity": 17, "h_index": 8, "h5_index": 1, "mag_id": "2908371571", "num_publications": 1, "num_citations": 3, "num_publications_5y": 0, "num_citations_5y": 2, "num_publications_10y": 0, "num_citations_10y": 2, "publications_years": {"2005": 1}, "citations_years": {"2008": 1, "2009": 0, "2010": 0, "2011": 0, "2012": 0, "2013": 0, "2014": 0, "2015": 0, "2016": 2}, "old_citations": {"2005": 3}, "isVisible": false}, "2919664659": {"name": "arturo buscarino", "type": "author", "activity": 13, "h_index": 6, "h5_index": 3, "mag_id": "2919664659", "num_publications": 1, "num_citations": 0, "num_publications_5y": 0, "num_citations_5y": 0, "num_publications_10y": 0, "num_citations_10y": 0, "publications_years": {"2007": 1}, "citations_years": {}, "old_citations": {"2007": 0}, "isVisible": false}, "2973829391": {"name": "b m sokolov", "type": "author", "activity": 3, "h_index": 1, "h5_index": 0, "mag_id": "2973829391", "num_publications": 1, "num_citations": 0, "num_publications_5y": 0, "num_citations_5y": 0, "num_publications_10y": 0, "num_citations_10y": 0, "publications_years": {"2005": 1}, "citations_years": {}, "old_citations": {"2005": 0}, "isVisible": false}, "2974195390": {"name": "j w bailey", "type": "author", "activity": 1, "h_index": 1, "h5_index": 0, "mag_id": "2974195390", "num_publications": 1, "num_citations": 7, "num_publications_5y": 0, "num_citations_5y": 1, "num_publications_10y": 0, "num_citations_10y": 2, "publications_years": {"2003": 1}, "citations_years": {"2004": 3, "2005": 1, "2006": 1, "2007": 0, "2008": 0, "2009": 0, "2010": 0, "2011": 0, "2012": 0, "2013": 1, "2014": 1}, "old_citations": {"2003": 7}, "isVisible": false}, "2974291631": {"name": "y v kolokolov", "type": "author", "activity": 1, "h_index": 1, "h5_index": 0, "mag_id": "2974291631", "num_publications": 1, "num_citations": 3, "num_publications_5y": 0, "num_citations_5y": 0, "num_publications_10y": 0, "num_citations_10y": 1, "publications_years": {"2005": 1}, "citations_years": {"2006": 1, "2007": 1, "2008": 0, "2009": 1}, "old_citations": {"2005": 3}, "isVisible": false}, "2974450530": {"name": "m hasler", "type": "author", "activity": 1, "h_index": 1, "h5_index": 0, "mag_id": "2974450530", "num_publications": 1, "num_citations": 10, "num_publications_5y": 0, "num_citations_5y": 2, "num_publications_10y": 0, "num_citations_10y": 8, "publications_years": {"2005": 1}, "citations_years": {"2008": 1, "2009": 1, "2010": 4, "2011": 0, "2012": 0, "2013": 1, "2014": 1, "2015": 0, "2016": 0, "2017": 1, "2018": 0, "2019": 1}, "old_citations": {"2005": 10}, "isVisible": false}, "2987597841": {"name": "g v osipov", "type": "author", "activity": 1, "h_index": 1, "h5_index": 0, "mag_id": "2987597841", "num_publications": 1, "num_citations": 4, "num_publications_5y": 0, "num_citations_5y": 1, "num_publications_10y": 0, "num_citations_10y": 3, "publications_years": {"2005": 1}, "citations_years": {"2008": 1, "2009": 2, "2010": 0, "2011": 0, "2012": 0, "2013": 0, "2014": 0, "2015": 1}, "old_citations": {"2005": 4}, "isVisible": false}, "2999205100": {"name": "a v medvedev", "type": "author", "activity": 1, "h_index": 0, "h5_index": 0, "mag_id": "2999205100", "num_publications": 1, "num_citations": 0, "num_publications_5y": 0, "num_citations_5y": 0, "num_publications_10y": 0, "num_citations_10y": 0, "publications_years": {"2005": 1}, "citations_years": {}, "old_citations": {"2005": 0}, "isVisible": false}}, "countries": {"Russia": {"name": "Russia", "type": "country", "h5_index": 45, "num_publications": 5, "num_citations": 12, "num_publications_5y": 0, "num_citations_5y": 4, "num_publications_10y": 0, "num_citations_10y": 11, "publications_years": {"2005": 5}, "citations_years": {"2014": 1, "2015": 1, "2016": 0, "2017": 1, "2007": 1, "2008": 0, "2009": 1, "2010": 3, "2011": 1, "2012": 2, "2018": 1}, "old_citations": {"2005": 12}, "isVisible": false}, "Germany": {"name": "Germany", "type": "country", "h5_index": 139, "num_publications": 1, "num_citations": 4, "num_publications_5y": 0, "num_citations_5y": 1, "num_publications_10y": 0, "num_citations_10y": 3, "publications_years": {"2005": 1}, "citations_years": {"2008": 1, "2009": 2, "2010": 0, "2011": 0, "2012": 0, "2013": 0, "2014": 0, "2015": 1}, "old_citations": {"2005": 4}, "isVisible": false}, "Iran": {"name": "Iran", "type": "country", "h5_index": 63, "num_publications": 1, "num_citations": 6, "num_publications_5y": 0, "num_citations_5y": 0, "num_publications_10y": 0, "num_citations_10y": 2, "publications_years": {"2005": 1}, "citations_years": {"2006": 2, "2007": 1, "2008": 1, "2009": 2}, "old_citations": {"2005": 6}, "isVisible": false}, "Japan": {"name": "Japan", "type": "country", "h5_index": 94, "num_publications": 1, "num_citations": 3, "num_publications_5y": 0, "num_citations_5y": 1, "num_publications_10y": 0, "num_citations_10y": 1, "publications_years": {"2003": 1}, "citations_years": {"2004": 1, "2005": 1, "2006": 0, "2007": 0, "2008": 0, "2009": 0, "2010": 0, "2011": 0, "2012": 0, "2013": 0, "2014": 0, "2015": 0, "2016": 1}, "old_citations": {"2003": 3}, "isVisible": false}, "United States": {"name": "United States", "type": "country", "h5_index": 308, "num_publications": 1, "num_citations": 7, "num_publications_5y": 0, "num_citations_5y": 1, "num_publications_10y": 0, "num_citations_10y": 2, "publications_years": {"2003": 1}, "citations_years": {"2004": 3, "2005": 1, "2006": 1, "2007": 0, "2008": 0, "2009": 0, "2010": 0, "2011": 0, "2012": 0, "2013": 1, "2014": 1}, "old_citations": {"2003": 7}, "isVisible": false}}}, "conference_comparison": {"computer science": {}}, "topics_dna": {"publications": {}, "citations": {"normalized": {}, "average": {}}}, "info": {"num_publications": 32, "num_citations": 81.0, "impact_factor": {"2005": 0.4, "2006": 0.16, "2007": 0.36, "2008": 0.0, "2009": 0.0, "2010": 0}, "publications_years": {"2005": 25, "2003": 5, "2007": 1, "2010": 1}, "citations_years": {"2004": 4, "2005": 2, "2006": 5, "2007": 9, "2008": 9, "2009": 11, "2010": 11, "2011": 4, "2012": 3, "2013": 3, "2014": 5, "2015": 3, "2016": 7, "2017": 3, "2018": 1, "2019": 1}, "old_citations": {"2005": 66, "2003": 14, "2007": 0, "2010": 1}, "h5_index": 0}, "percentile": {"computer science": {"2005": 72, "2003": 78, "2007": 16, "2010": 53}}, "conference_ranking": {"computer science": {"2005": 1176, "2003": 910, "2007": 3585, "2010": 1986}}, "academia": {"num_publications": 4, "num_citations": 13, "publications_years": {"2005": 4}, "old_citations": {"2005": 13}, "num_publications_5y": 0, "num_citations_5y": 0, "num_publications_10y": 0, "num_citations_10y": 0}, "industry": {"num_publications": 0, "num_citations": 0, "publications_years": {}, "old_citations": {}, "num_publications_5y": 0, "num_citations_5y": 0, "num_publications_10y": 0, "num_citations_10y": 0}, "collaborative": {"num_publications": 0, "num_citations": 0, "publications_years": {}, "old_citations": {}, "num_publications_5y": 0, "num_citations_5y": 0, "num_publications_10y": 0, "num_citations_10y": 0}, "conferences": {}, "journals": {}, "organizations": {"publication_overall": ["Russian Academy of Sciences", "Saint Petersburg State University", "K.N.Toosi University of Technology", "Tohoku University", "University of Potsdam", "Woods Hole Oceanographic Institution"], "citation_overall": ["Russian Academy of Sciences", "Woods Hole Oceanographic Institution", "K.N.Toosi University of Technology", "University of Potsdam", "Saint Petersburg State University", "Tohoku University"], "publication_10_years": [], "citation_10_years": [], "publication_5_years": [], "citation_5_years": []}, "countries": {"publication_overall": ["Russia", "Germany", "Iran", "Japan", "United States"], "citation_overall": ["Russia", "United States", "Iran", "Germany", "Japan"], "publication_10_years": [], "citation_10_years": [], "publication_5_years": [], "citation_5_years": []}, "topics": {"publication_overall": ["computer science", "computer systems", "engineering", "mathematics", "computer hardware", "computer networks", "linear matrix inequalities", "matrix algebra", "adaptive control systems", "automation", "control systems", "process control", "feedback systems", "telecommunication systems", "communication systems", "wireless telecommunication systems", "bandwidth", "numerical methods", "sensors", "signal processing"], "citation_overall": ["computer science", "computer systems", "engineering", "computer networks", "mathematics", "telecommunication systems", "communication systems", "wireless telecommunication systems", "telecommunication networks", "bandwidth", "telecommunication traffic", "adaptive control systems", "automation", "local area networks", "process control", "feedback systems", "linear matrix inequalities", "matrix algebra", "differential equations", "numerical methods"], "publication_10_years": [], "citation_10_years": [], "publication_5_years": [], "citation_5_years": []}, "main_topics": ["computer science"], "authors": {"publication_overall": ["377617322", "610210435", "685396204", "694761515", "716883834", "788513245", "1231670995", "1275980805", "1861429461", "1875815226", "1986706137", "2005248239", "2048252426", "2064141204", "2066681386", "2092845420", "2095683521", "2099597497", "2100053510", "2105400472", "2120980846", "2141776516", "2147454020", "2150536747", "2155391270", "2158976653", "2162788130", "2162963031", "2167956589", "2172299120", "2179382772", "2190496667", "2203445659", "2222179481", "2223919980", "2228307735", "2230689686", "2296149506", "2305544979", "2427397217", "2429798829", "2434547230", "2463499162", "2472878894", "2484063966", "2487189461", "2493630686", "2503477191", "2510859700", "2521442520", "2522111453", "2537215663", "2562743485", "2563249957", "2570586680", "2573626172", "2578801619", "2629366257", "2629564185", "2630169479", "2631514980", "2644543449", "2647171498", "2652261974", "2656906412", "2658554597", "2694521147", "2697482462", "2701585624", "2708156155", "2720540271", "2721545500", "2723608521", "2754292700", "2771980851", "2908371571", "2919664659", "2973829391", "2974195390", "2974291631", "2974450530", "2987597841", "2999205100"], "citation_overall": ["2162788130", "2510859700", "788513245", "1275980805", "2974450530", "2066681386", "2100053510", "2150536747", "2463499162", "2484063966", "2522111453", "2631514980", "2771980851", "2974195390", "2120980846", "2493630686", "2503477191", "2647171498", "2723608521", "610210435", "716883834", "2222179481", "2472878894", "2987597841", "685396204", "1231670995", "1875815226", "2064141204", "2092845420", "2167956589", "2203445659", "2427397217", "2537215663", "2570586680", "2573626172", "2629366257", "2644543449", "2652261974", "2708156155", "2908371571", "2974291631", "377617322", "2155391270", "2179382772", "2190496667", "2230689686", "1861429461", "1986706137", "2005248239", "2095683521", "2099597497", "2105400472", "2158976653", "2487189461", "2562743485", "2563249957", "2629564185", "2630169479", "2656906412", "2658554597", "2701585624", "2754292700", "694761515", "2048252426", "2141776516", "2147454020", "2162963031", "2172299120", "2223919980", "2228307735", "2296149506", "2305544979", "2429798829", "2434547230", "2521442520", "2578801619", "2694521147", "2697482462", "2720540271", "2721545500", "2919664659", "2973829391", "2999205100"], "publication_10_years": [], "citation_10_years": [], "publication_5_years": [], "citation_5_years": []}, "industrial_sectors": {"publication_overall": [], "citation_overall": [], "publication_10_years": [], "citation_10_years": [], "publication_5_years": [], "citation_5_years": []}}