{"name": "International SpaceWire Conference", "acronym": "SpaceWire", "type": "conference", "uniqueEntities": {"organizations": {"European Space Agency": {"name": "European Space Agency", "type": "organization", "organization_type": "Nonprofit", "h_index": 34, "h5_index": 14, "num_publications": 5, "num_citations": 5, "num_publications_5y": 4, "num_citations_5y": 3, "num_publications_10y": 5, "num_citations_10y": 3, "publications_years": {"2018": 1, "2016": 2, "2010": 1, "2014": 1}, "citations_years": {"2019": 1, "2020": 1, "2018": 1, "2016": 2}, "old_citations": {"2018": 0, "2016": 2, "2010": 1, "2014": 2}, "isVisible": false}, "Adam Mickiewicz University in Pozna\u0144": {"name": "Adam Mickiewicz University in Pozna\u0144", "type": "organization", "organization_type": "Education", "h_index": 32, "h5_index": 14, "num_publications": 3, "num_citations": 3, "num_publications_5y": 3, "num_citations_5y": 2, "num_publications_10y": 3, "num_citations_10y": 2, "publications_years": {"2016": 2, "2014": 1}, "citations_years": {"2019": 1, "2016": 2}, "old_citations": {"2016": 1, "2014": 2}, "isVisible": false}, "German Aerospace Center": {"name": "German Aerospace Center", "type": "organization", "organization_type": "Facility", "h_index": 69, "h5_index": 25, "num_publications": 3, "num_citations": 2, "num_publications_5y": 3, "num_citations_5y": 2, "num_publications_10y": 3, "num_citations_10y": 2, "publications_years": {"2016": 2, "2014": 1}, "citations_years": {"2018": 1, "2015": 1}, "old_citations": {"2016": 1, "2014": 1}, "isVisible": false}, "NEC (Japan)": {"name": "NEC (Japan)", "type": "organization", "organization_type": "Company", "h_index": 127, "h5_index": 17, "num_publications": 3, "num_citations": 2, "num_publications_5y": 3, "num_citations_5y": 2, "num_publications_10y": 3, "num_citations_10y": 2, "publications_years": {"2016": 1, "2014": 2}, "citations_years": {"2018": 1, "2016": 1}, "old_citations": {"2016": 1, "2014": 1}, "isVisible": false}, "Toshiba (Japan)": {"name": "Toshiba (Japan)", "type": "organization", "organization_type": "Company", "h_index": 140, "h5_index": 27, "num_publications": 3, "num_citations": 1, "num_publications_5y": 3, "num_citations_5y": 1, "num_publications_10y": 3, "num_citations_10y": 1, "publications_years": {"2014": 3}, "citations_years": {"2016": 1}, "old_citations": {"2014": 1}, "isVisible": false}, "University of Dundee": {"name": "University of Dundee", "type": "organization", "organization_type": "Education", "h_index": 69, "h5_index": 18, "num_publications": 3, "num_citations": 1, "num_publications_5y": 3, "num_citations_5y": 1, "num_publications_10y": 3, "num_citations_10y": 1, "publications_years": {"2016": 1, "2014": 2}, "citations_years": {"2016": 1}, "old_citations": {"2016": 1, "2014": 0}, "isVisible": false}, "University of Pisa": {"name": "University of Pisa", "type": "organization", "organization_type": "Education", "h_index": 112, "h5_index": 32, "num_publications": 2, "num_citations": 1, "num_publications_5y": 2, "num_citations_5y": 1, "num_publications_10y": 2, "num_citations_10y": 1, "publications_years": {"2014": 1, "2015": 1}, "citations_years": {"2016": 1}, "old_citations": {"2014": 0, "2015": 1}, "isVisible": false}, "Beihang University": {"name": "Beihang University", "type": "organization", "organization_type": "Education", "h_index": 90, "h5_index": 58, "num_publications": 1, "num_citations": 0, "num_publications_5y": 1, "num_citations_5y": 0, "num_publications_10y": 1, "num_citations_10y": 0, "publications_years": {"2016": 1}, "citations_years": {}, "old_citations": {"2016": 0}, "isVisible": false}, "China Academy of Space Technology": {"name": "China Academy of Space Technology", "type": "organization", "organization_type": "Government", "h_index": 12, "h5_index": 9, "num_publications": 1, "num_citations": 0, "num_publications_5y": 1, "num_citations_5y": 0, "num_publications_10y": 1, "num_citations_10y": 0, "publications_years": {"2016": 1}, "citations_years": {}, "old_citations": {"2016": 0}, "isVisible": false}, "European Space Research and Technology Centre": {"name": "European Space Research and Technology Centre", "type": "organization", "organization_type": "Government", "h_index": 25, "h5_index": 7, "num_publications": 1, "num_citations": 1, "num_publications_5y": 1, "num_citations_5y": 0, "num_publications_10y": 1, "num_citations_10y": 0, "publications_years": {"2016": 1}, "citations_years": {"2019": 1}, "old_citations": {"2016": 1}, "isVisible": false}, "Japan Aerospace Exploration Agency": {"name": "Japan Aerospace Exploration Agency", "type": "organization", "organization_type": "Facility", "h_index": 19, "h5_index": 6, "num_publications": 1, "num_citations": 1, "num_publications_5y": 1, "num_citations_5y": 1, "num_publications_10y": 1, "num_citations_10y": 1, "publications_years": {"2014": 1}, "citations_years": {"2016": 1}, "old_citations": {"2014": 1}, "isVisible": false}, "Mitsubishi Electric (Germany)": {"name": "Mitsubishi Electric (Germany)", "type": "organization", "organization_type": "Company", "h_index": 82, "h5_index": 16, "num_publications": 1, "num_citations": 1, "num_publications_5y": 1, "num_citations_5y": 1, "num_publications_10y": 1, "num_citations_10y": 1, "publications_years": {"2014": 1}, "citations_years": {"2016": 1}, "old_citations": {"2014": 1}, "isVisible": false}, "National University of Defense Technology": {"name": "National University of Defense Technology", "type": "organization", "organization_type": "Education", "h_index": 81, "h5_index": 40, "num_publications": 1, "num_citations": 3, "num_publications_5y": 1, "num_citations_5y": 3, "num_publications_10y": 1, "num_citations_10y": 3, "publications_years": {"2014": 1}, "citations_years": {"2017": 2, "2018": 1}, "old_citations": {"2014": 3}, "isVisible": false}, "Osaka University": {"name": "Osaka University", "type": "organization", "organization_type": "Education", "h_index": 100, "h5_index": 31, "num_publications": 1, "num_citations": 0, "num_publications_5y": 1, "num_citations_5y": 0, "num_publications_10y": 1, "num_citations_10y": 0, "publications_years": {"2014": 1}, "citations_years": {}, "old_citations": {"2014": 0}, "isVisible": false}, "Paris Observatory": {"name": "Paris Observatory", "type": "organization", "organization_type": "Facility", "h_index": 4, "h5_index": 0, "num_publications": 1, "num_citations": 0, "num_publications_5y": 1, "num_citations_5y": 0, "num_publications_10y": 1, "num_citations_10y": 0, "publications_years": {"2016": 1}, "citations_years": {}, "old_citations": {"2016": 0}, "isVisible": false}, "Polytechnic University of Turin": {"name": "Polytechnic University of Turin", "type": "organization", "organization_type": "Education", "h_index": 108, "h5_index": 31, "num_publications": 1, "num_citations": 1, "num_publications_5y": 0, "num_citations_5y": 1, "num_publications_10y": 1, "num_citations_10y": 1, "publications_years": {"2010": 1}, "citations_years": {"2018": 1}, "old_citations": {"2010": 1}, "isVisible": false}, "Saint Petersburg State University": {"name": "Saint Petersburg State University", "type": "organization", "organization_type": "Education", "h_index": 61, "h5_index": 16, "num_publications": 1, "num_citations": 1, "num_publications_5y": 1, "num_citations_5y": 1, "num_publications_10y": 1, "num_citations_10y": 1, "publications_years": {"2014": 1}, "citations_years": {"2014": 1}, "old_citations": {"2014": 1}, "isVisible": false}, "University of Paderborn": {"name": "University of Paderborn", "type": "organization", "organization_type": "Education", "h_index": 83, "h5_index": 24, "num_publications": 1, "num_citations": 1, "num_publications_5y": 0, "num_citations_5y": 1, "num_publications_10y": 1, "num_citations_10y": 1, "publications_years": {"2010": 1}, "citations_years": {"2018": 1}, "old_citations": {"2010": 1}, "isVisible": false}}, "topics": {"computer science": {"name": "computer science", "type": "topic", "h_index": 1779, "h5_index": 416, "num_publications": 35, "num_citations": 21, "num_publications_5y": 33, "num_citations_5y": 18, "num_publications_10y": 34, "num_citations_10y": 18, "publications_years": {"2018": 1, "2014": 16, "2016": 15, "2010": 1, "2015": 1, "2003": 1}, "citations_years": {"2017": 2, "2018": 5, "2019": 2, "2020": 1, "2016": 8, "2015": 1, "2014": 2}, "old_citations": {"2018": 0, "2014": 13, "2016": 6, "2010": 1, "2015": 1, "2003": 0}, "isVisible": false}, "computer systems": {"name": "computer systems", "type": "topic", "h_index": 1595, "h5_index": 367, "num_publications": 35, "num_citations": 21, "num_publications_5y": 33, "num_citations_5y": 18, "num_publications_10y": 34, "num_citations_10y": 18, "publications_years": {"2018": 1, "2014": 16, "2016": 15, "2010": 1, "2015": 1, "2003": 1}, "citations_years": {"2017": 2, "2018": 5, "2019": 2, "2020": 1, "2016": 8, "2015": 1, "2014": 2}, "old_citations": {"2018": 0, "2014": 13, "2016": 6, "2010": 1, "2015": 1, "2003": 0}, "isVisible": false}, "computer networks": {"name": "computer networks", "type": "topic", "h_index": 1262, "h5_index": 332, "num_publications": 33, "num_citations": 19, "num_publications_5y": 32, "num_citations_5y": 16, "num_publications_10y": 32, "num_citations_10y": 16, "publications_years": {"2018": 1, "2014": 16, "2016": 15, "2003": 1}, "citations_years": {"2017": 2, "2018": 4, "2019": 2, "2020": 1, "2016": 7, "2015": 1, "2014": 2}, "old_citations": {"2018": 0, "2014": 13, "2016": 6, "2003": 0}, "isVisible": false}, "telecommunication systems": {"name": "telecommunication systems", "type": "topic", "h_index": 1187, "h5_index": 277, "num_publications": 32, "num_citations": 18, "num_publications_5y": 31, "num_citations_5y": 15, "num_publications_10y": 31, "num_citations_10y": 15, "publications_years": {"2018": 1, "2014": 15, "2016": 15, "2003": 1}, "citations_years": {"2017": 2, "2018": 4, "2019": 2, "2020": 1, "2016": 6, "2015": 1, "2014": 2}, "old_citations": {"2018": 0, "2014": 12, "2016": 6, "2003": 0}, "isVisible": false}, "telecommunication networks": {"name": "telecommunication networks", "type": "topic", "h_index": 1116, "h5_index": 258, "num_publications": 28, "num_citations": 17, "num_publications_5y": 27, "num_citations_5y": 14, "num_publications_10y": 27, "num_citations_10y": 14, "publications_years": {"2018": 1, "2014": 11, "2016": 15, "2003": 1}, "citations_years": {"2017": 2, "2018": 4, "2019": 2, "2020": 1, "2016": 5, "2015": 1, "2014": 2}, "old_citations": {"2018": 0, "2014": 11, "2016": 6, "2003": 0}, "isVisible": false}, "telecommunication traffic": {"name": "telecommunication traffic", "type": "topic", "h_index": 1036, "h5_index": 233, "num_publications": 26, "num_citations": 16, "num_publications_5y": 25, "num_citations_5y": 14, "num_publications_10y": 25, "num_citations_10y": 14, "publications_years": {"2018": 1, "2014": 11, "2016": 13, "2003": 1}, "citations_years": {"2017": 2, "2018": 4, "2019": 1, "2020": 1, "2016": 5, "2015": 1, "2014": 2}, "old_citations": {"2018": 0, "2014": 11, "2016": 5, "2003": 0}, "isVisible": false}, "bandwidth": {"name": "bandwidth", "type": "topic", "h_index": 922, "h5_index": 201, "num_publications": 25, "num_citations": 16, "num_publications_5y": 24, "num_citations_5y": 13, "num_publications_10y": 24, "num_citations_10y": 13, "publications_years": {"2018": 1, "2014": 14, "2016": 9, "2003": 1}, "citations_years": {"2017": 2, "2018": 3, "2019": 2, "2020": 1, "2016": 5, "2015": 1, "2014": 2}, "old_citations": {"2018": 0, "2014": 12, "2016": 4, "2003": 0}, "isVisible": false}, "communication systems": {"name": "communication systems", "type": "topic", "h_index": 1092, "h5_index": 254, "num_publications": 25, "num_citations": 12, "num_publications_5y": 24, "num_citations_5y": 9, "num_publications_10y": 24, "num_citations_10y": 9, "publications_years": {"2018": 1, "2014": 13, "2016": 10, "2003": 1}, "citations_years": {"2019": 2, "2020": 1, "2016": 4, "2018": 2, "2015": 1, "2014": 2}, "old_citations": {"2018": 0, "2014": 7, "2016": 5, "2003": 0}, "isVisible": false}, "computer hardware": {"name": "computer hardware", "type": "topic", "h_index": 1150, "h5_index": 279, "num_publications": 25, "num_citations": 15, "num_publications_5y": 24, "num_citations_5y": 13, "num_publications_10y": 25, "num_citations_10y": 13, "publications_years": {"2018": 1, "2014": 13, "2016": 10, "2010": 1}, "citations_years": {"2019": 1, "2020": 1, "2016": 7, "2018": 3, "2015": 1, "2014": 2}, "old_citations": {"2018": 0, "2014": 10, "2016": 4, "2010": 1}, "isVisible": false}, "wireless telecommunication systems": {"name": "wireless telecommunication systems", "type": "topic", "h_index": 1087, "h5_index": 254, "num_publications": 25, "num_citations": 12, "num_publications_5y": 24, "num_citations_5y": 9, "num_publications_10y": 24, "num_citations_10y": 9, "publications_years": {"2018": 1, "2014": 13, "2016": 10, "2003": 1}, "citations_years": {"2019": 2, "2020": 1, "2016": 4, "2018": 2, "2015": 1, "2014": 2}, "old_citations": {"2018": 0, "2014": 7, "2016": 5, "2003": 0}, "isVisible": false}, "data communication systems": {"name": "data communication systems", "type": "topic", "h_index": 1013, "h5_index": 234, "num_publications": 18, "num_citations": 10, "num_publications_5y": 17, "num_citations_5y": 8, "num_publications_10y": 17, "num_citations_10y": 8, "publications_years": {"2016": 10, "2014": 7, "2003": 1}, "citations_years": {"2019": 1, "2020": 1, "2016": 3, "2018": 2, "2015": 1, "2014": 2}, "old_citations": {"2016": 4, "2014": 6, "2003": 0}, "isVisible": false}, "engineering": {"name": "engineering", "type": "topic", "h_index": 1177, "h5_index": 287, "num_publications": 18, "num_citations": 10, "num_publications_5y": 17, "num_citations_5y": 10, "num_publications_10y": 17, "num_citations_10y": 10, "publications_years": {"2018": 1, "2014": 10, "2016": 6, "2003": 1}, "citations_years": {"2016": 4, "2018": 3, "2015": 1, "2014": 2}, "old_citations": {"2018": 0, "2014": 7, "2016": 3, "2003": 0}, "isVisible": false}, "network architecture": {"name": "network architecture", "type": "topic", "h_index": 747, "h5_index": 266, "num_publications": 16, "num_citations": 13, "num_publications_5y": 16, "num_citations_5y": 12, "num_publications_10y": 16, "num_citations_10y": 12, "publications_years": {"2014": 8, "2016": 8}, "citations_years": {"2017": 2, "2018": 3, "2016": 5, "2014": 2, "2019": 1}, "old_citations": {"2014": 11, "2016": 2}, "isVisible": false}, "local area networks": {"name": "local area networks", "type": "topic", "h_index": 677, "h5_index": 151, "num_publications": 14, "num_citations": 7, "num_publications_5y": 13, "num_citations_5y": 4, "num_publications_10y": 13, "num_citations_10y": 4, "publications_years": {"2016": 5, "2014": 8, "2003": 1}, "citations_years": {"2019": 2, "2020": 1, "2016": 1, "2014": 2, "2018": 1}, "old_citations": {"2016": 3, "2014": 4, "2003": 0}, "isVisible": false}, "sensors": {"name": "sensors", "type": "topic", "h_index": 960, "h5_index": 229, "num_publications": 14, "num_citations": 11, "num_publications_5y": 14, "num_citations_5y": 11, "num_publications_10y": 14, "num_citations_10y": 11, "publications_years": {"2018": 1, "2016": 5, "2014": 8}, "citations_years": {"2016": 6, "2018": 2, "2015": 1, "2014": 2}, "old_citations": {"2018": 0, "2016": 2, "2014": 9}, "isVisible": false}, "software engineering": {"name": "software engineering", "type": "topic", "h_index": 964, "h5_index": 236, "num_publications": 14, "num_citations": 7, "num_publications_5y": 14, "num_citations_5y": 7, "num_publications_10y": 14, "num_citations_10y": 7, "publications_years": {"2014": 7, "2016": 6, "2015": 1}, "citations_years": {"2016": 6, "2015": 1}, "old_citations": {"2014": 5, "2016": 1, "2015": 1}, "isVisible": false}, "communication channels (information theory)": {"name": "communication channels (information theory)", "type": "topic", "h_index": 925, "h5_index": 216, "num_publications": 13, "num_citations": 4, "num_publications_5y": 12, "num_citations_5y": 4, "num_publications_10y": 12, "num_citations_10y": 4, "publications_years": {"2018": 1, "2014": 8, "2016": 3, "2003": 1}, "citations_years": {"2016": 1, "2014": 2, "2018": 1}, "old_citations": {"2018": 0, "2014": 3, "2016": 1, "2003": 0}, "isVisible": false}, "field programmable gate arrays (fpga)": {"name": "field programmable gate arrays (fpga)", "type": "topic", "h_index": 594, "h5_index": 149, "num_publications": 13, "num_citations": 7, "num_publications_5y": 12, "num_citations_5y": 5, "num_publications_10y": 13, "num_citations_10y": 5, "publications_years": {"2014": 8, "2016": 4, "2010": 1}, "citations_years": {"2019": 1, "2020": 1, "2016": 3, "2018": 1, "2014": 1}, "old_citations": {"2014": 3, "2016": 3, "2010": 1}, "isVisible": false}, "internet": {"name": "internet", "type": "topic", "h_index": 1102, "h5_index": 245, "num_publications": 13, "num_citations": 9, "num_publications_5y": 13, "num_citations_5y": 8, "num_publications_10y": 13, "num_citations_10y": 8, "publications_years": {"2016": 10, "2014": 3}, "citations_years": {"2016": 6, "2018": 2, "2019": 1}, "old_citations": {"2016": 4, "2014": 5}, "isVisible": false}, "internet protocols": {"name": "internet protocols", "type": "topic", "h_index": 808, "h5_index": 165, "num_publications": 13, "num_citations": 6, "num_publications_5y": 13, "num_citations_5y": 4, "num_publications_10y": 13, "num_citations_10y": 4, "publications_years": {"2016": 8, "2014": 5}, "citations_years": {"2019": 1, "2020": 1, "2018": 2, "2014": 2}, "old_citations": {"2016": 3, "2014": 3}, "isVisible": false}, "distributed computer systems": {"name": "distributed computer systems", "type": "topic", "h_index": 985, "h5_index": 228, "num_publications": 12, "num_citations": 9, "num_publications_5y": 12, "num_citations_5y": 7, "num_publications_10y": 12, "num_citations_10y": 7, "publications_years": {"2016": 5, "2014": 7}, "citations_years": {"2019": 1, "2020": 1, "2018": 2, "2014": 2, "2016": 3}, "old_citations": {"2016": 3, "2014": 6}, "isVisible": false}, "quality of service": {"name": "quality of service", "type": "topic", "h_index": 682, "h5_index": 141, "num_publications": 11, "num_citations": 8, "num_publications_5y": 11, "num_citations_5y": 8, "num_publications_10y": 11, "num_citations_10y": 8, "publications_years": {"2014": 8, "2016": 3}, "citations_years": {"2017": 2, "2018": 2, "2014": 2, "2016": 2}, "old_citations": {"2014": 8, "2016": 0}, "isVisible": false}, "routers": {"name": "routers", "type": "topic", "h_index": 752, "h5_index": 160, "num_publications": 11, "num_citations": 8, "num_publications_5y": 11, "num_citations_5y": 6, "num_publications_10y": 11, "num_citations_10y": 6, "publications_years": {"2016": 4, "2014": 7}, "citations_years": {"2019": 1, "2020": 1, "2015": 1, "2016": 2, "2014": 2, "2018": 1}, "old_citations": {"2016": 2, "2014": 6}, "isVisible": false}, "topology": {"name": "topology", "type": "topic", "h_index": 438, "h5_index": 99, "num_publications": 6, "num_citations": 8, "num_publications_5y": 6, "num_citations_5y": 8, "num_publications_10y": 6, "num_citations_10y": 8, "publications_years": {"2014": 4, "2016": 2}, "citations_years": {"2017": 2, "2018": 2, "2015": 1, "2016": 3}, "old_citations": {"2014": 7, "2016": 1}, "isVisible": false}, "artificial intelligence": {"name": "artificial intelligence", "type": "topic", "h_index": 1421, "h5_index": 373, "num_publications": 10, "num_citations": 7, "num_publications_5y": 10, "num_citations_5y": 7, "num_publications_10y": 10, "num_citations_10y": 7, "publications_years": {"2016": 5, "2014": 4, "2015": 1}, "citations_years": {"2016": 5, "2018": 1, "2014": 1}, "old_citations": {"2016": 2, "2014": 4, "2015": 1}, "isVisible": false}, "congestion control (communication)": {"name": "congestion control (communication)", "type": "topic", "h_index": 422, "h5_index": 78, "num_publications": 11, "num_citations": 4, "num_publications_5y": 11, "num_citations_5y": 2, "num_publications_10y": 11, "num_citations_10y": 2, "publications_years": {"2016": 9, "2014": 2}, "citations_years": {"2019": 1, "2020": 1, "2018": 1, "2015": 1}, "old_citations": {"2016": 3, "2014": 1}, "isVisible": false}, "network protocols": {"name": "network protocols", "type": "topic", "h_index": 502, "h5_index": 94, "num_publications": 6, "num_citations": 3, "num_publications_5y": 6, "num_citations_5y": 3, "num_publications_10y": 6, "num_citations_10y": 3, "publications_years": {"2016": 6}, "citations_years": {"2016": 1, "2018": 2}, "old_citations": {"2016": 3}, "isVisible": false}, "packet networks": {"name": "packet networks", "type": "topic", "h_index": 650, "h5_index": 151, "num_publications": 10, "num_citations": 5, "num_publications_5y": 9, "num_citations_5y": 3, "num_publications_10y": 9, "num_citations_10y": 3, "publications_years": {"2016": 6, "2014": 3, "2003": 1}, "citations_years": {"2019": 1, "2020": 1, "2016": 1, "2018": 2}, "old_citations": {"2016": 4, "2014": 1, "2003": 0}, "isVisible": false}, "software design": {"name": "software design", "type": "topic", "h_index": 907, "h5_index": 227, "num_publications": 11, "num_citations": 6, "num_publications_5y": 11, "num_citations_5y": 6, "num_publications_10y": 11, "num_citations_10y": 6, "publications_years": {"2016": 6, "2014": 4, "2015": 1}, "citations_years": {"2016": 5, "2015": 1}, "old_citations": {"2016": 1, "2014": 4, "2015": 1}, "isVisible": false}}, "authors": {"691461735": {"name": "valentin olenev", "type": "author", "activity": 8, "h_index": 3, "h5_index": 2, "mag_id": "691461735", "num_publications": 5, "num_citations": 0, "num_publications_5y": 5, "num_citations_5y": 0, "num_publications_10y": 5, "num_citations_10y": 0, "publications_years": {"2016": 4, "2014": 1}, "citations_years": {}, "old_citations": {"2016": 0, "2014": 0}, "isVisible": true}, "1606206913": {"name": "yuriy sheynin", "type": "author", "activity": 13, "h_index": 3, "h5_index": 1, "mag_id": "1606206913", "num_publications": 5, "num_citations": 0, "num_publications_5y": 5, "num_citations_5y": 0, "num_publications_10y": 5, "num_citations_10y": 0, "publications_years": {"2016": 4, "2014": 1}, "citations_years": {}, "old_citations": {"2016": 0, "2014": 0}, "isVisible": true}, "2440804933": {"name": "elena suvorova", "type": "author", "activity": 8, "h_index": 2, "h5_index": 1, "mag_id": "2440804933", "num_publications": 5, "num_citations": 1, "num_publications_5y": 5, "num_citations_5y": 1, "num_publications_10y": 5, "num_citations_10y": 1, "publications_years": {"2016": 3, "2014": 2}, "citations_years": {"2018": 1}, "old_citations": {"2016": 0, "2014": 1}, "isVisible": true}, "1788715385": {"name": "hiroki hihara", "type": "author", "activity": 23, "h_index": 2, "h5_index": 1, "mag_id": "1788715385", "num_publications": 4, "num_citations": 2, "num_publications_5y": 4, "num_citations_5y": 2, "num_publications_10y": 4, "num_citations_10y": 2, "publications_years": {"2016": 1, "2014": 3}, "citations_years": {"2018": 1, "2016": 1}, "old_citations": {"2016": 1, "2014": 1}, "isVisible": false}, "630507419": {"name": "chris mcclements", "type": "author", "activity": 13, "h_index": 2, "h5_index": 1, "mag_id": "630507419", "num_publications": 3, "num_citations": 1, "num_publications_5y": 3, "num_citations_5y": 1, "num_publications_10y": 3, "num_citations_10y": 1, "publications_years": {"2016": 1, "2014": 2}, "citations_years": {"2016": 1}, "old_citations": {"2016": 1, "2014": 0}, "isVisible": false}, "684625170": {"name": "irina lavrovskaya", "type": "author", "activity": 8, "h_index": 3, "h5_index": 2, "mag_id": "684625170", "num_publications": 3, "num_citations": 0, "num_publications_5y": 3, "num_citations_5y": 0, "num_publications_10y": 3, "num_citations_10y": 0, "publications_years": {"2016": 3}, "citations_years": {}, "old_citations": {"2016": 0}, "isVisible": false}, "1938943832": {"name": "luca fanucci", "type": "author", "activity": 24, "h_index": 20, "h5_index": 4, "mag_id": "1938943832", "num_publications": 3, "num_citations": 1, "num_publications_5y": 2, "num_citations_5y": 1, "num_publications_10y": 2, "num_citations_10y": 1, "publications_years": {"2014": 1, "2015": 1, "2003": 1}, "citations_years": {"2016": 1}, "old_citations": {"2014": 0, "2015": 1, "2003": 0}, "isVisible": false}, "2028441349": {"name": "sandi habinc", "type": "author", "activity": 12, "h_index": 2, "h5_index": 2, "mag_id": "2028441349", "num_publications": 3, "num_citations": 4, "num_publications_5y": 3, "num_citations_5y": 2, "num_publications_10y": 3, "num_citations_10y": 2, "publications_years": {"2016": 2, "2014": 1}, "citations_years": {"2019": 1, "2020": 1, "2016": 2}, "old_citations": {"2016": 2, "2014": 2}, "isVisible": false}, "2104348777": {"name": "takahiko tanaka", "type": "author", "activity": 3, "h_index": 1, "h5_index": 1, "mag_id": "2104348777", "num_publications": 3, "num_citations": 2, "num_publications_5y": 3, "num_citations_5y": 2, "num_publications_10y": 3, "num_citations_10y": 2, "publications_years": {"2016": 1, "2014": 2}, "citations_years": {"2018": 1, "2016": 1}, "old_citations": {"2016": 1, "2014": 1}, "isVisible": false}, "2132311652": {"name": "vangelis kollias", "type": "author", "activity": 6, "h_index": 2, "h5_index": 1, "mag_id": "2132311652", "num_publications": 3, "num_citations": 3, "num_publications_5y": 3, "num_citations_5y": 2, "num_publications_10y": 3, "num_citations_10y": 2, "publications_years": {"2016": 2, "2014": 1}, "citations_years": {"2019": 1, "2016": 2}, "old_citations": {"2016": 1, "2014": 2}, "isVisible": false}, "2162085440": {"name": "nikos pogkas", "type": "author", "activity": 6, "h_index": 1, "h5_index": 1, "mag_id": "2162085440", "num_publications": 3, "num_citations": 3, "num_publications_5y": 3, "num_citations_5y": 2, "num_publications_10y": 3, "num_citations_10y": 2, "publications_years": {"2016": 2, "2014": 1}, "citations_years": {"2019": 1, "2016": 2}, "old_citations": {"2016": 1, "2014": 2}, "isVisible": false}, "2165769682": {"name": "steve parkes", "type": "author", "activity": 14, "h_index": 3, "h5_index": 1, "mag_id": "2165769682", "num_publications": 3, "num_citations": 1, "num_publications_5y": 3, "num_citations_5y": 1, "num_publications_10y": 3, "num_citations_10y": 1, "publications_years": {"2016": 1, "2014": 2}, "citations_years": {"2016": 1}, "old_citations": {"2016": 1, "2014": 0}, "isVisible": false}, "321736324": {"name": "felix siegle", "type": "author", "activity": 4, "h_index": 3, "h5_index": 2, "mag_id": "321736324", "num_publications": 2, "num_citations": 2, "num_publications_5y": 2, "num_citations_5y": 0, "num_publications_10y": 2, "num_citations_10y": 0, "publications_years": {"2016": 2}, "citations_years": {"2019": 1, "2020": 1}, "old_citations": {"2016": 2}, "isVisible": false}, "1806084490": {"name": "daniele davalle", "type": "author", "activity": 9, "h_index": 3, "h5_index": 2, "mag_id": "1806084490", "num_publications": 2, "num_citations": 1, "num_publications_5y": 2, "num_citations_5y": 1, "num_publications_10y": 2, "num_citations_10y": 1, "publications_years": {"2014": 1, "2015": 1}, "citations_years": {"2016": 1}, "old_citations": {"2014": 0, "2015": 1}, "isVisible": false}, "1924988724": {"name": "krzysztof romanowski", "type": "author", "activity": 3, "h_index": 2, "h5_index": 1, "mag_id": "1924988724", "num_publications": 2, "num_citations": 1, "num_publications_5y": 2, "num_citations_5y": 0, "num_publications_10y": 2, "num_citations_10y": 0, "publications_years": {"2016": 2}, "citations_years": {"2019": 1}, "old_citations": {"2016": 1}, "isVisible": false}, "1986365275": {"name": "ilya korobkov", "type": "author", "activity": 5, "h_index": 2, "h5_index": 2, "mag_id": "1986365275", "num_publications": 2, "num_citations": 0, "num_publications_5y": 2, "num_citations_5y": 0, "num_publications_10y": 2, "num_citations_10y": 0, "publications_years": {"2016": 2}, "citations_years": {}, "old_citations": {"2016": 0}, "isVisible": false}, "2082957447": {"name": "rafal renk", "type": "author", "activity": 12, "h_index": 6, "h5_index": 4, "mag_id": "2082957447", "num_publications": 2, "num_citations": 1, "num_publications_5y": 2, "num_citations_5y": 0, "num_publications_10y": 2, "num_citations_10y": 0, "publications_years": {"2016": 2}, "citations_years": {"2019": 1}, "old_citations": {"2016": 1}, "isVisible": false}, "2105314776": {"name": "daniel ludtke", "type": "author", "activity": 14, "h_index": 5, "h5_index": 3, "mag_id": "2105314776", "num_publications": 2, "num_citations": 2, "num_publications_5y": 2, "num_citations_5y": 2, "num_publications_10y": 2, "num_citations_10y": 2, "publications_years": {"2016": 1, "2014": 1}, "citations_years": {"2018": 1, "2015": 1}, "old_citations": {"2016": 1, "2014": 1}, "isVisible": false}, "2120293957": {"name": "stuart mills", "type": "author", "activity": 11, "h_index": 1, "h5_index": 1, "mag_id": "2120293957", "num_publications": 2, "num_citations": 1, "num_publications_5y": 2, "num_citations_5y": 1, "num_publications_10y": 2, "num_citations_10y": 1, "publications_years": {"2016": 1, "2014": 1}, "citations_years": {"2016": 1}, "old_citations": {"2016": 1, "2014": 0}, "isVisible": false}, "2224201352": {"name": "yu otake", "type": "author", "activity": 3, "h_index": 1, "h5_index": 1, "mag_id": "2224201352", "num_publications": 2, "num_citations": 1, "num_publications_5y": 2, "num_citations_5y": 1, "num_publications_10y": 2, "num_citations_10y": 1, "publications_years": {"2016": 1, "2014": 1}, "citations_years": {"2018": 1}, "old_citations": {"2016": 1, "2014": 0}, "isVisible": false}, "2229126452": {"name": "yasuhiro sota", "type": "author", "activity": 14, "h_index": 2, "h5_index": 1, "mag_id": "2229126452", "num_publications": 2, "num_citations": 1, "num_publications_5y": 2, "num_citations_5y": 1, "num_publications_10y": 2, "num_citations_10y": 1, "publications_years": {"2016": 1, "2014": 1}, "citations_years": {"2018": 1}, "old_citations": {"2016": 1, "2014": 0}, "isVisible": false}, "2306515533": {"name": "piotr tyczka", "type": "author", "activity": 4, "h_index": 2, "h5_index": 1, "mag_id": "2306515533", "num_publications": 2, "num_citations": 1, "num_publications_5y": 2, "num_citations_5y": 0, "num_publications_10y": 2, "num_citations_10y": 0, "publications_years": {"2016": 2}, "citations_years": {"2019": 1}, "old_citations": {"2016": 1}, "isVisible": false}, "2422689249": {"name": "witold holubowicz", "type": "author", "activity": 21, "h_index": 6, "h5_index": 3, "mag_id": "2422689249", "num_publications": 2, "num_citations": 3, "num_publications_5y": 2, "num_citations_5y": 2, "num_publications_10y": 2, "num_citations_10y": 2, "publications_years": {"2016": 1, "2014": 1}, "citations_years": {"2019": 1, "2016": 2}, "old_citations": {"2016": 1, "2014": 2}, "isVisible": false}, "2562359576": {"name": "alessandro leoni", "type": "author", "activity": 6, "h_index": 2, "h5_index": 2, "mag_id": "2562359576", "num_publications": 2, "num_citations": 1, "num_publications_5y": 2, "num_citations_5y": 1, "num_publications_10y": 2, "num_citations_10y": 1, "publications_years": {"2014": 1, "2015": 1}, "citations_years": {"2016": 1}, "old_citations": {"2014": 0, "2015": 1}, "isVisible": false}, "76195016": {"name": "andreas gerndt", "type": "author", "activity": 20, "h_index": 7, "h5_index": 3, "mag_id": "76195016", "num_publications": 1, "num_citations": 1, "num_publications_5y": 1, "num_citations_5y": 1, "num_publications_10y": 1, "num_citations_10y": 1, "publications_years": {"2016": 1}, "citations_years": {"2018": 1}, "old_citations": {"2016": 1}, "isVisible": false}, "120972162": {"name": "alin albuschaffer", "type": "author", "activity": 24, "h_index": 27, "h5_index": 7, "mag_id": "120972162", "num_publications": 1, "num_citations": 0, "num_publications_5y": 1, "num_citations_5y": 0, "num_publications_10y": 1, "num_citations_10y": 0, "publications_years": {"2016": 1}, "citations_years": {}, "old_citations": {"2016": 0}, "isVisible": false}, "306654124": {"name": "jonas ekergarn", "type": "author", "activity": 4, "h_index": 1, "h5_index": 0, "mag_id": "306654124", "num_publications": 1, "num_citations": 2, "num_publications_5y": 1, "num_citations_5y": 2, "num_publications_10y": 1, "num_citations_10y": 2, "publications_years": {"2014": 1}, "citations_years": {"2016": 2}, "old_citations": {"2014": 2}, "isVisible": false}, "336277759": {"name": "jyrki ollila", "type": "author", "activity": 16, "h_index": 1, "h5_index": 0, "mag_id": "336277759", "num_publications": 1, "num_citations": 0, "num_publications_5y": 1, "num_citations_5y": 0, "num_publications_10y": 1, "num_citations_10y": 0, "publications_years": {"2018": 1}, "citations_years": {}, "old_citations": {"2018": 0}, "isVisible": false}, "1579091587": {"name": "thomas bahls", "type": "author", "activity": 12, "h_index": 4, "h5_index": 2, "mag_id": "1579091587", "num_publications": 1, "num_citations": 0, "num_publications_5y": 1, "num_citations_5y": 0, "num_publications_10y": 1, "num_citations_10y": 0, "publications_years": {"2016": 1}, "citations_years": {}, "old_citations": {"2016": 0}, "isVisible": false}, "1938650315": {"name": "toshio tonouchi", "type": "author", "activity": 20, "h_index": 6, "h5_index": 1, "mag_id": "1938650315", "num_publications": 1, "num_citations": 1, "num_publications_5y": 1, "num_citations_5y": 1, "num_publications_10y": 1, "num_citations_10y": 1, "publications_years": {"2016": 1}, "citations_years": {"2018": 1}, "old_citations": {"2016": 1}, "isVisible": false}, "1970219046": {"name": "igor orlovsky", "type": "author", "activity": 1, "h_index": 0, "h5_index": 0, "mag_id": "1970219046", "num_publications": 1, "num_citations": 0, "num_publications_5y": 1, "num_citations_5y": 0, "num_publications_10y": 1, "num_citations_10y": 0, "publications_years": {"2016": 1}, "citations_years": {}, "old_citations": {"2016": 0}, "isVisible": false}, "1982581369": {"name": "mario porrmann", "type": "author", "activity": 23, "h_index": 22, "h5_index": 4, "mag_id": "1982581369", "num_publications": 1, "num_citations": 1, "num_publications_5y": 0, "num_citations_5y": 1, "num_publications_10y": 1, "num_citations_10y": 1, "publications_years": {"2010": 1}, "citations_years": {"2018": 1}, "old_citations": {"2010": 1}, "isVisible": false}, "2008336187": {"name": "m nomachi", "type": "author", "activity": 28, "h_index": 3, "h5_index": 0, "mag_id": "2008336187", "num_publications": 1, "num_citations": 0, "num_publications_5y": 1, "num_citations_5y": 0, "num_publications_10y": 1, "num_citations_10y": 0, "publications_years": {"2014": 1}, "citations_years": {}, "old_citations": {"2014": 0}, "isVisible": false}, "2025850638": {"name": "rafael corsi ferrao", "type": "author", "activity": 2, "h_index": 0, "h5_index": 0, "mag_id": "2025850638", "num_publications": 1, "num_citations": 0, "num_publications_5y": 1, "num_citations_5y": 0, "num_publications_10y": 1, "num_citations_10y": 0, "publications_years": {"2016": 1}, "citations_years": {}, "old_citations": {"2016": 0}, "isVisible": false}, "2047618177": {"name": "jens hagemeyer", "type": "author", "activity": 14, "h_index": 11, "h5_index": 4, "mag_id": "2047618177", "num_publications": 1, "num_citations": 1, "num_publications_5y": 0, "num_citations_5y": 1, "num_publications_10y": 1, "num_citations_10y": 1, "publications_years": {"2010": 1}, "citations_years": {"2018": 1}, "old_citations": {"2010": 1}, "isVisible": false}, "2048675937": {"name": "pierangelo terreni", "type": "author", "activity": 27, "h_index": 9, "h5_index": 1, "mag_id": "2048675937", "num_publications": 1, "num_citations": 0, "num_publications_5y": 0, "num_citations_5y": 0, "num_publications_10y": 0, "num_citations_10y": 0, "publications_years": {"2003": 1}, "citations_years": {}, "old_citations": {"2003": 0}, "isVisible": false}, "2097901696": {"name": "martin dunstan", "type": "author", "activity": 15, "h_index": 2, "h5_index": 0, "mag_id": "2097901696", "num_publications": 1, "num_citations": 0, "num_publications_5y": 1, "num_citations_5y": 0, "num_publications_10y": 1, "num_citations_10y": 0, "publications_years": {"2014": 1}, "citations_years": {}, "old_citations": {"2014": 0}, "isVisible": false}, "2097920865": {"name": "kaori iwase", "type": "author", "activity": 1, "h_index": 1, "h5_index": 0, "mag_id": "2097920865", "num_publications": 1, "num_citations": 1, "num_publications_5y": 1, "num_citations_5y": 1, "num_publications_10y": 1, "num_citations_10y": 1, "publications_years": {"2014": 1}, "citations_years": {"2016": 1}, "old_citations": {"2014": 1}, "isVisible": false}, "2104870936": {"name": "t takahashi", "type": "author", "activity": 27, "h_index": 3, "h5_index": 1, "mag_id": "2104870936", "num_publications": 1, "num_citations": 0, "num_publications_5y": 1, "num_citations_5y": 0, "num_publications_10y": 1, "num_citations_10y": 0, "publications_years": {"2014": 1}, "citations_years": {}, "old_citations": {"2014": 0}, "isVisible": false}, "2113659311": {"name": "anandhavel sakthivel", "type": "author", "activity": 2, "h_index": 1, "h5_index": 0, "mag_id": "2113659311", "num_publications": 1, "num_citations": 2, "num_publications_5y": 1, "num_citations_5y": 2, "num_publications_10y": 1, "num_citations_10y": 2, "publications_years": {"2014": 1}, "citations_years": {"2016": 2}, "old_citations": {"2014": 2}, "isVisible": false}, "2114839397": {"name": "yosuke yokoyama", "type": "author", "activity": 6, "h_index": 1, "h5_index": 0, "mag_id": "2114839397", "num_publications": 1, "num_citations": 1, "num_publications_5y": 1, "num_citations_5y": 1, "num_publications_10y": 1, "num_citations_10y": 1, "publications_years": {"2014": 1}, "citations_years": {"2016": 1}, "old_citations": {"2014": 1}, "isVisible": false}, "2116011182": {"name": "takayuki yuasa", "type": "author", "activity": 9, "h_index": 1, "h5_index": 1, "mag_id": "2116011182", "num_publications": 1, "num_citations": 0, "num_publications_5y": 1, "num_citations_5y": 0, "num_publications_10y": 1, "num_citations_10y": 0, "publications_years": {"2014": 1}, "citations_years": {}, "old_citations": {"2014": 0}, "isVisible": false}, "2116169526": {"name": "alex mason", "type": "author", "activity": 5, "h_index": 0, "h5_index": 0, "mag_id": "2116169526", "num_publications": 1, "num_citations": 0, "num_publications_5y": 1, "num_citations_5y": 0, "num_publications_10y": 1, "num_citations_10y": 0, "publications_years": {"2014": 1}, "citations_years": {}, "old_citations": {"2014": 0}, "isVisible": false}, "2124776000": {"name": "christopher pohl", "type": "author", "activity": 7, "h_index": 7, "h5_index": 0, "mag_id": "2124776000", "num_publications": 1, "num_citations": 1, "num_publications_5y": 0, "num_citations_5y": 1, "num_publications_10y": 1, "num_citations_10y": 1, "publications_years": {"2010": 1}, "citations_years": {"2018": 1}, "old_citations": {"2010": 1}, "isVisible": false}, "2127781216": {"name": "david gibson", "type": "author", "activity": 3, "h_index": 1, "h5_index": 1, "mag_id": "2127781216", "num_publications": 1, "num_citations": 1, "num_publications_5y": 1, "num_citations_5y": 1, "num_publications_10y": 1, "num_citations_10y": 1, "publications_years": {"2016": 1}, "citations_years": {"2016": 1}, "old_citations": {"2016": 1}, "isVisible": false}, "2128434240": {"name": "gorschwin fey", "type": "author", "activity": 19, "h_index": 17, "h5_index": 3, "mag_id": "2128434240", "num_publications": 1, "num_citations": 1, "num_publications_5y": 1, "num_citations_5y": 1, "num_publications_10y": 1, "num_citations_10y": 1, "publications_years": {"2014": 1}, "citations_years": {"2015": 1}, "old_citations": {"2014": 1}, "isVisible": false}, "2132841280": {"name": "alan spark", "type": "author", "activity": 4, "h_index": 0, "h5_index": 0, "mag_id": "2132841280", "num_publications": 1, "num_citations": 0, "num_publications_5y": 1, "num_citations_5y": 0, "num_publications_10y": 1, "num_citations_10y": 0, "publications_years": {"2014": 1}, "citations_years": {}, "old_citations": {"2014": 0}, "isVisible": false}, "2146300542": {"name": "zhenqian feng", "type": "author", "activity": 5, "h_index": 5, "h5_index": 2, "mag_id": "2146300542", "num_publications": 1, "num_citations": 3, "num_publications_5y": 1, "num_citations_5y": 3, "num_publications_10y": 1, "num_citations_10y": 3, "publications_years": {"2014": 1}, "citations_years": {"2017": 2, "2018": 1}, "old_citations": {"2014": 3}, "isVisible": false}, "2151557821": {"name": "nadezhda matveeva", "type": "author", "activity": 4, "h_index": 1, "h5_index": 0, "mag_id": "2151557821", "num_publications": 1, "num_citations": 1, "num_publications_5y": 1, "num_citations_5y": 1, "num_publications_10y": 1, "num_citations_10y": 1, "publications_years": {"2014": 1}, "citations_years": {"2018": 1}, "old_citations": {"2014": 1}, "isVisible": false}, "2156782987": {"name": "baokang zhao", "type": "author", "activity": 14, "h_index": 11, "h5_index": 4, "mag_id": "2156782987", "num_publications": 1, "num_citations": 3, "num_publications_5y": 1, "num_citations_5y": 3, "num_publications_10y": 1, "num_citations_10y": 3, "publications_years": {"2014": 1}, "citations_years": {"2017": 2, "2018": 1}, "old_citations": {"2014": 3}, "isVisible": false}, "2170669992": {"name": "wanrong yu", "type": "author", "activity": 14, "h_index": 6, "h5_index": 2, "mag_id": "2170669992", "num_publications": 1, "num_citations": 3, "num_publications_5y": 1, "num_citations_5y": 3, "num_publications_10y": 1, "num_citations_10y": 3, "publications_years": {"2014": 1}, "citations_years": {"2017": 2, "2018": 1}, "old_citations": {"2014": 3}, "isVisible": false}, "2223073482": {"name": "jaroslav petrichkovich", "type": "author", "activity": 5, "h_index": 0, "h5_index": 0, "mag_id": "2223073482", "num_publications": 1, "num_citations": 0, "num_publications_5y": 1, "num_citations_5y": 0, "num_publications_10y": 1, "num_citations_10y": 0, "publications_years": {"2014": 1}, "citations_years": {}, "old_citations": {"2014": 0}, "isVisible": false}, "2223605940": {"name": "stephen mudie", "type": "author", "activity": 3, "h_index": 0, "h5_index": 0, "mag_id": "2223605940", "num_publications": 1, "num_citations": 0, "num_publications_5y": 1, "num_citations_5y": 0, "num_publications_10y": 1, "num_citations_10y": 0, "publications_years": {"2014": 1}, "citations_years": {}, "old_citations": {"2014": 0}, "isVisible": false}, "2224228609": {"name": "isao odagi", "type": "author", "activity": 1, "h_index": 1, "h5_index": 0, "mag_id": "2224228609", "num_publications": 1, "num_citations": 1, "num_publications_5y": 1, "num_citations_5y": 1, "num_publications_10y": 1, "num_citations_10y": 1, "publications_years": {"2014": 1}, "citations_years": {"2016": 1}, "old_citations": {"2014": 1}, "isVisible": false}, "2224839116": {"name": "jinzhen bao", "type": "author", "activity": 6, "h_index": 3, "h5_index": 1, "mag_id": "2224839116", "num_publications": 1, "num_citations": 3, "num_publications_5y": 1, "num_citations_5y": 3, "num_publications_10y": 1, "num_citations_10y": 3, "publications_years": {"2014": 1}, "citations_years": {"2017": 2, "2018": 1}, "old_citations": {"2014": 3}, "isVisible": false}, "2224983882": {"name": "alberto gonzalezvillafranca", "type": "author", "activity": 5, "h_index": 0, "h5_index": 0, "mag_id": "2224983882", "num_publications": 1, "num_citations": 0, "num_publications_5y": 1, "num_citations_5y": 0, "num_publications_10y": 1, "num_citations_10y": 0, "publications_years": {"2014": 1}, "citations_years": {}, "old_citations": {"2014": 0}, "isVisible": false}, "2226188597": {"name": "albert ferrer", "type": "author", "activity": 7, "h_index": 1, "h5_index": 0, "mag_id": "2226188597", "num_publications": 1, "num_citations": 0, "num_publications_5y": 1, "num_citations_5y": 0, "num_publications_10y": 1, "num_citations_10y": 0, "publications_years": {"2014": 1}, "citations_years": {}, "old_citations": {"2014": 0}, "isVisible": false}, "2227324602": {"name": "alexey khakhulin", "type": "author", "activity": 1, "h_index": 0, "h5_index": 0, "mag_id": "2227324602", "num_publications": 1, "num_citations": 0, "num_publications_5y": 1, "num_citations_5y": 0, "num_publications_10y": 1, "num_citations_10y": 0, "publications_years": {"2016": 1}, "citations_years": {}, "old_citations": {"2016": 0}, "isVisible": false}, "2227374562": {"name": "piotr lancmanski", "type": "author", "activity": 1, "h_index": 1, "h5_index": 0, "mag_id": "2227374562", "num_publications": 1, "num_citations": 2, "num_publications_5y": 1, "num_citations_5y": 2, "num_publications_10y": 1, "num_citations_10y": 2, "publications_years": {"2014": 1}, "citations_years": {"2016": 2}, "old_citations": {"2014": 2}, "isVisible": false}, "2227686270": {"name": "kai stohlmann", "type": "author", "activity": 1, "h_index": 1, "h5_index": 0, "mag_id": "2227686270", "num_publications": 1, "num_citations": 1, "num_publications_5y": 1, "num_citations_5y": 1, "num_publications_10y": 1, "num_citations_10y": 1, "publications_years": {"2014": 1}, "citations_years": {"2015": 1}, "old_citations": {"2014": 1}, "isVisible": false}, "2228189529": {"name": "irina lavrovsakaya", "type": "author", "activity": 1, "h_index": 0, "h5_index": 0, "mag_id": "2228189529", "num_publications": 1, "num_citations": 0, "num_publications_5y": 1, "num_citations_5y": 0, "num_publications_10y": 1, "num_citations_10y": 0, "publications_years": {"2014": 1}, "citations_years": {}, "old_citations": {"2014": 0}, "isVisible": false}, "2228421822": {"name": "hiroto namikoshi", "type": "author", "activity": 1, "h_index": 1, "h5_index": 0, "mag_id": "2228421822", "num_publications": 1, "num_citations": 1, "num_publications_5y": 1, "num_citations_5y": 1, "num_publications_10y": 1, "num_citations_10y": 1, "publications_years": {"2014": 1}, "citations_years": {"2016": 1}, "old_citations": {"2014": 1}, "isVisible": false}, "2228480435": {"name": "cesar boatella polo", "type": "author", "activity": 2, "h_index": 1, "h5_index": 1, "mag_id": "2228480435", "num_publications": 1, "num_citations": 0, "num_publications_5y": 1, "num_citations_5y": 0, "num_publications_10y": 1, "num_citations_10y": 0, "publications_years": {"2018": 1}, "citations_years": {}, "old_citations": {"2018": 0}, "isVisible": false}, "2228545007": {"name": "dmitri skok", "type": "author", "activity": 1, "h_index": 0, "h5_index": 0, "mag_id": "2228545007", "num_publications": 1, "num_citations": 0, "num_publications_5y": 1, "num_citations_5y": 0, "num_publications_10y": 1, "num_citations_10y": 0, "publications_years": {"2014": 1}, "citations_years": {}, "old_citations": {"2014": 0}, "isVisible": false}, "2228983500": {"name": "bruce yu", "type": "author", "activity": 5, "h_index": 0, "h5_index": 0, "mag_id": "2228983500", "num_publications": 1, "num_citations": 0, "num_publications_5y": 1, "num_citations_5y": 0, "num_publications_10y": 1, "num_citations_10y": 0, "publications_years": {"2014": 1}, "citations_years": {}, "old_citations": {"2014": 0}, "isVisible": false}, "2229131466": {"name": "markus koster", "type": "author", "activity": 5, "h_index": 1, "h5_index": 0, "mag_id": "2229131466", "num_publications": 1, "num_citations": 1, "num_publications_5y": 0, "num_citations_5y": 1, "num_publications_10y": 1, "num_citations_10y": 1, "publications_years": {"2010": 1}, "citations_years": {"2018": 1}, "old_citations": {"2010": 1}, "isVisible": false}, "2229862872": {"name": "mikhail maksimovskij", "type": "author", "activity": 1, "h_index": 0, "h5_index": 0, "mag_id": "2229862872", "num_publications": 1, "num_citations": 0, "num_publications_5y": 1, "num_citations_5y": 0, "num_publications_10y": 1, "num_citations_10y": 0, "publications_years": {"2014": 1}, "citations_years": {}, "old_citations": {"2014": 0}, "isVisible": false}, "2229895488": {"name": "takayuki tozawa", "type": "author", "activity": 1, "h_index": 1, "h5_index": 0, "mag_id": "2229895488", "num_publications": 1, "num_citations": 1, "num_publications_5y": 1, "num_citations_5y": 1, "num_publications_10y": 1, "num_citations_10y": 1, "publications_years": {"2014": 1}, "citations_years": {"2016": 1}, "old_citations": {"2014": 1}, "isVisible": false}, "2231669496": {"name": "ludmila koblyakova", "type": "author", "activity": 1, "h_index": 1, "h5_index": 0, "mag_id": "2231669496", "num_publications": 1, "num_citations": 1, "num_publications_5y": 1, "num_citations_5y": 1, "num_publications_10y": 1, "num_citations_10y": 1, "publications_years": {"2014": 1}, "citations_years": {"2014": 1}, "old_citations": {"2014": 1}, "isVisible": false}, "2232467301": {"name": "benjamin weps", "type": "author", "activity": 3, "h_index": 2, "h5_index": 1, "mag_id": "2232467301", "num_publications": 1, "num_citations": 1, "num_publications_5y": 1, "num_citations_5y": 1, "num_publications_10y": 1, "num_citations_10y": 1, "publications_years": {"2016": 1}, "citations_years": {"2018": 1}, "old_citations": {"2016": 1}, "isVisible": false}, "2232708014": {"name": "julien lallet", "type": "author", "activity": 1, "h_index": 1, "h5_index": 0, "mag_id": "2232708014", "num_publications": 1, "num_citations": 1, "num_publications_5y": 0, "num_citations_5y": 1, "num_publications_10y": 1, "num_citations_10y": 1, "publications_years": {"2010": 1}, "citations_years": {"2018": 1}, "old_citations": {"2010": 1}, "isVisible": false}, "2235686933": {"name": "m linke", "type": "author", "activity": 1, "h_index": 1, "h5_index": 0, "mag_id": "2235686933", "num_publications": 1, "num_citations": 1, "num_publications_5y": 0, "num_citations_5y": 1, "num_publications_10y": 1, "num_citations_10y": 1, "publications_years": {"2010": 1}, "citations_years": {"2018": 1}, "old_citations": {"2010": 1}, "isVisible": false}, "2239941117": {"name": "julian harris", "type": "author", "activity": 3, "h_index": 1, "h5_index": 0, "mag_id": "2239941117", "num_publications": 1, "num_citations": 1, "num_publications_5y": 0, "num_citations_5y": 1, "num_publications_10y": 1, "num_citations_10y": 1, "publications_years": {"2010": 1}, "citations_years": {"2018": 1}, "old_citations": {"2010": 1}, "isVisible": false}, "2256583853": {"name": "kai borchers", "type": "author", "activity": 3, "h_index": 1, "h5_index": 1, "mag_id": "2256583853", "num_publications": 1, "num_citations": 1, "num_publications_5y": 1, "num_citations_5y": 1, "num_publications_10y": 1, "num_citations_10y": 1, "publications_years": {"2016": 1}, "citations_years": {"2018": 1}, "old_citations": {"2016": 1}, "isVisible": false}, "2265327501": {"name": "toru tamura", "type": "author", "activity": 1, "h_index": 1, "h5_index": 0, "mag_id": "2265327501", "num_publications": 1, "num_citations": 1, "num_publications_5y": 1, "num_citations_5y": 1, "num_publications_10y": 1, "num_citations_10y": 1, "publications_years": {"2014": 1}, "citations_years": {"2016": 1}, "old_citations": {"2014": 1}, "isVisible": false}, "2296148088": {"name": "takahiro yamada", "type": "author", "activity": 8, "h_index": 1, "h5_index": 0, "mag_id": "2296148088", "num_publications": 1, "num_citations": 1, "num_publications_5y": 1, "num_citations_5y": 1, "num_publications_10y": 1, "num_citations_10y": 1, "publications_years": {"2014": 1}, "citations_years": {"2016": 1}, "old_citations": {"2014": 1}, "isVisible": false}, "2306706916": {"name": "satoshi yamazaki", "type": "author", "activity": 2, "h_index": 1, "h5_index": 1, "mag_id": "2306706916", "num_publications": 1, "num_citations": 1, "num_publications_5y": 1, "num_citations_5y": 1, "num_publications_10y": 1, "num_citations_10y": 1, "publications_years": {"2016": 1}, "citations_years": {"2018": 1}, "old_citations": {"2016": 1}, "isVisible": false}, "2307492868": {"name": "florian dittmann", "type": "author", "activity": 3, "h_index": 1, "h5_index": 0, "mag_id": "2307492868", "num_publications": 1, "num_citations": 1, "num_publications_5y": 0, "num_citations_5y": 1, "num_publications_10y": 1, "num_citations_10y": 1, "publications_years": {"2010": 1}, "citations_years": {"2018": 1}, "old_citations": {"2010": 1}, "isVisible": false}, "2342700149": {"name": "elena suvorova", "type": "author", "activity": 7, "h_index": 2, "h5_index": 0, "mag_id": "2342700149", "num_publications": 1, "num_citations": 1, "num_publications_5y": 1, "num_citations_5y": 1, "num_publications_10y": 1, "num_citations_10y": 1, "publications_years": {"2014": 1}, "citations_years": {"2014": 1}, "old_citations": {"2014": 1}, "isVisible": false}, "2359082215": {"name": "kilian johann hoflinger", "type": "author", "activity": 4, "h_index": 1, "h5_index": 1, "mag_id": "2359082215", "num_publications": 1, "num_citations": 1, "num_publications_5y": 1, "num_citations_5y": 1, "num_publications_10y": 1, "num_citations_10y": 1, "publications_years": {"2016": 1}, "citations_years": {"2018": 1}, "old_citations": {"2016": 1}, "isVisible": false}, "2418971794": {"name": "michiya hayama", "type": "author", "activity": 1, "h_index": 1, "h5_index": 0, "mag_id": "2418971794", "num_publications": 1, "num_citations": 1, "num_publications_5y": 1, "num_citations_5y": 1, "num_publications_10y": 1, "num_citations_10y": 1, "publications_years": {"2014": 1}, "citations_years": {"2016": 1}, "old_citations": {"2014": 1}, "isVisible": false}, "2430275155": {"name": "i mckenzie", "type": "author", "activity": 14, "h_index": 2, "h5_index": 1, "mag_id": "2430275155", "num_publications": 1, "num_citations": 0, "num_publications_5y": 1, "num_citations_5y": 0, "num_publications_10y": 1, "num_citations_10y": 0, "publications_years": {"2018": 1}, "citations_years": {}, "old_citations": {"2018": 0}, "isVisible": false}, "2438041318": {"name": "elena podgornova", "type": "author", "activity": 2, "h_index": 1, "h5_index": 0, "mag_id": "2438041318", "num_publications": 1, "num_citations": 0, "num_publications_5y": 1, "num_citations_5y": 0, "num_publications_10y": 1, "num_citations_10y": 0, "publications_years": {"2016": 1}, "citations_years": {}, "old_citations": {"2016": 0}, "isVisible": false}, "2440502166": {"name": "riko yagiu", "type": "author", "activity": 10, "h_index": 1, "h5_index": 0, "mag_id": "2440502166", "num_publications": 1, "num_citations": 1, "num_publications_5y": 1, "num_citations_5y": 1, "num_publications_10y": 1, "num_citations_10y": 1, "publications_years": {"2014": 1}, "citations_years": {"2016": 1}, "old_citations": {"2014": 1}, "isVisible": false}, "2441405372": {"name": "wang zhen", "type": "author", "activity": 3, "h_index": 1, "h5_index": 1, "mag_id": "2441405372", "num_publications": 1, "num_citations": 1, "num_publications_5y": 1, "num_citations_5y": 1, "num_publications_10y": 1, "num_citations_10y": 1, "publications_years": {"2014": 1}, "citations_years": {"2014": 1}, "old_citations": {"2014": 1}, "isVisible": false}, "2484715786": {"name": "ting peng", "type": "author", "activity": 5, "h_index": 2, "h5_index": 2, "mag_id": "2484715786", "num_publications": 1, "num_citations": 1, "num_publications_5y": 1, "num_citations_5y": 1, "num_publications_10y": 1, "num_citations_10y": 1, "publications_years": {"2016": 1}, "citations_years": {"2018": 1}, "old_citations": {"2016": 1}, "isVisible": false}, "2491857883": {"name": "antti tanskanen", "type": "author", "activity": 9, "h_index": 1, "h5_index": 0, "mag_id": "2491857883", "num_publications": 1, "num_citations": 0, "num_publications_5y": 1, "num_citations_5y": 0, "num_publications_10y": 1, "num_citations_10y": 0, "publications_years": {"2018": 1}, "citations_years": {}, "old_citations": {"2018": 0}, "isVisible": false}, "2500648815": {"name": "mikko karppinen", "type": "author", "activity": 20, "h_index": 1, "h5_index": 0, "mag_id": "2500648815", "num_publications": 1, "num_citations": 0, "num_publications_5y": 1, "num_citations_5y": 0, "num_publications_10y": 1, "num_citations_10y": 0, "publications_years": {"2018": 1}, "citations_years": {}, "old_citations": {"2018": 0}, "isVisible": false}, "2514923319": {"name": "vladimir goussev", "type": "author", "activity": 1, "h_index": 0, "h5_index": 0, "mag_id": "2514923319", "num_publications": 1, "num_citations": 0, "num_publications_5y": 1, "num_citations_5y": 0, "num_publications_10y": 1, "num_citations_10y": 0, "publications_years": {"2014": 1}, "citations_years": {}, "old_citations": {"2014": 0}, "isVisible": false}, "2550006501": {"name": "tatiana solokhina", "type": "author", "activity": 7, "h_index": 0, "h5_index": 0, "mag_id": "2550006501", "num_publications": 1, "num_citations": 0, "num_publications_5y": 1, "num_citations_5y": 0, "num_publications_10y": 1, "num_citations_10y": 0, "publications_years": {"2014": 1}, "citations_years": {}, "old_citations": {"2014": 0}, "isVisible": false}, "2561385274": {"name": "niu yuehua", "type": "author", "activity": 4, "h_index": 1, "h5_index": 1, "mag_id": "2561385274", "num_publications": 1, "num_citations": 0, "num_publications_5y": 1, "num_citations_5y": 0, "num_publications_10y": 1, "num_citations_10y": 0, "publications_years": {"2016": 1}, "citations_years": {}, "old_citations": {"2016": 0}, "isVisible": false}, "2561793625": {"name": "richard jansen", "type": "author", "activity": 1, "h_index": 1, "h5_index": 1, "mag_id": "2561793625", "num_publications": 1, "num_citations": 0, "num_publications_5y": 1, "num_citations_5y": 0, "num_publications_10y": 1, "num_citations_10y": 0, "publications_years": {"2018": 1}, "citations_years": {}, "old_citations": {"2018": 0}, "isVisible": false}, "2563783172": {"name": "wojciech mich", "type": "author", "activity": 1, "h_index": 0, "h5_index": 0, "mag_id": "2563783172", "num_publications": 1, "num_citations": 0, "num_publications_5y": 1, "num_citations_5y": 0, "num_publications_10y": 1, "num_citations_10y": 0, "publications_years": {"2016": 1}, "citations_years": {}, "old_citations": {"2016": 0}, "isVisible": false}, "2565315040": {"name": "congling tao", "type": "author", "activity": 1, "h_index": 0, "h5_index": 0, "mag_id": "2565315040", "num_publications": 1, "num_citations": 0, "num_publications_5y": 1, "num_citations_5y": 0, "num_publications_10y": 1, "num_citations_10y": 0, "publications_years": {"2016": 1}, "citations_years": {}, "old_citations": {"2016": 0}, "isVisible": false}, "2565335265": {"name": "cheng bowen", "type": "author", "activity": 4, "h_index": 2, "h5_index": 2, "mag_id": "2565335265", "num_publications": 1, "num_citations": 0, "num_publications_5y": 1, "num_citations_5y": 0, "num_publications_10y": 1, "num_citations_10y": 0, "publications_years": {"2016": 1}, "citations_years": {}, "old_citations": {"2016": 0}, "isVisible": false}, "2565626685": {"name": "huasong zeng", "type": "author", "activity": 1, "h_index": 0, "h5_index": 0, "mag_id": "2565626685", "num_publications": 1, "num_citations": 0, "num_publications_5y": 1, "num_citations_5y": 0, "num_publications_10y": 1, "num_citations_10y": 0, "publications_years": {"2016": 1}, "citations_years": {}, "old_citations": {"2016": 0}, "isVisible": false}, "2566351540": {"name": "franklin ronald ferreira dos santos", "type": "author", "activity": 1, "h_index": 0, "h5_index": 0, "mag_id": "2566351540", "num_publications": 1, "num_citations": 0, "num_publications_5y": 1, "num_citations_5y": 0, "num_publications_10y": 1, "num_citations_10y": 0, "publications_years": {"2016": 1}, "citations_years": {}, "old_citations": {"2016": 0}, "isVisible": false}, "2566667932": {"name": "wang luyuan", "type": "author", "activity": 4, "h_index": 3, "h5_index": 3, "mag_id": "2566667932", "num_publications": 1, "num_citations": 0, "num_publications_5y": 1, "num_citations_5y": 0, "num_publications_10y": 1, "num_citations_10y": 0, "publications_years": {"2016": 1}, "citations_years": {}, "old_citations": {"2016": 0}, "isVisible": false}, "2603916854": {"name": "kohei hosokawa", "type": "author", "activity": 12, "h_index": 2, "h5_index": 0, "mag_id": "2603916854", "num_publications": 1, "num_citations": 0, "num_publications_5y": 1, "num_citations_5y": 0, "num_publications_10y": 1, "num_citations_10y": 0, "publications_years": {"2014": 1}, "citations_years": {}, "old_citations": {"2014": 0}, "isVisible": false}, "2606411333": {"name": "liu weiwei", "type": "author", "activity": 4, "h_index": 1, "h5_index": 1, "mag_id": "2606411333", "num_publications": 1, "num_citations": 0, "num_publications_5y": 1, "num_citations_5y": 0, "num_publications_10y": 1, "num_citations_10y": 0, "publications_years": {"2016": 1}, "citations_years": {}, "old_citations": {"2016": 0}, "isVisible": false}, "2694193512": {"name": "zhenghu gong", "type": "author", "activity": 6, "h_index": 4, "h5_index": 1, "mag_id": "2694193512", "num_publications": 1, "num_citations": 3, "num_publications_5y": 1, "num_citations_5y": 3, "num_publications_10y": 1, "num_citations_10y": 3, "publications_years": {"2014": 1}, "citations_years": {"2017": 2, "2018": 1}, "old_citations": {"2014": 3}, "isVisible": false}, "2702563117": {"name": "chunqing wu", "type": "author", "activity": 10, "h_index": 7, "h5_index": 2, "mag_id": "2702563117", "num_publications": 1, "num_citations": 3, "num_publications_5y": 1, "num_citations_5y": 3, "num_publications_10y": 1, "num_citations_10y": 3, "publications_years": {"2014": 1}, "citations_years": {"2017": 2, "2018": 1}, "old_citations": {"2014": 3}, "isVisible": false}, "2677240682": {"name": "daniel hellstrom", "type": "author", "activity": 1, "h_index": 1, "h5_index": 0, "mag_id": "2677240682", "num_publications": 1, "num_citations": 2, "num_publications_5y": 1, "num_citations_5y": 2, "num_publications_10y": 1, "num_citations_10y": 2, "publications_years": {"2014": 1}, "citations_years": {"2016": 2}, "old_citations": {"2014": 2}, "isVisible": false}, "2692076080": {"name": "krzysztof romanowski", "type": "author", "activity": 1, "h_index": 1, "h5_index": 0, "mag_id": "2692076080", "num_publications": 1, "num_citations": 2, "num_publications_5y": 1, "num_citations_5y": 2, "num_publications_10y": 1, "num_citations_10y": 2, "publications_years": {"2014": 1}, "citations_years": {"2016": 2}, "old_citations": {"2014": 2}, "isVisible": false}, "2705002318": {"name": "johannes both", "type": "author", "activity": 1, "h_index": 1, "h5_index": 1, "mag_id": "2705002318", "num_publications": 1, "num_citations": 2, "num_publications_5y": 1, "num_citations_5y": 0, "num_publications_10y": 1, "num_citations_10y": 0, "publications_years": {"2016": 1}, "citations_years": {"2019": 1, "2020": 1}, "old_citations": {"2016": 2}, "isVisible": false}, "2800048054": {"name": "martin suess", "type": "author", "activity": 17, "h_index": 4, "h5_index": 1, "mag_id": "2800048054", "num_publications": 1, "num_citations": 2, "num_publications_5y": 1, "num_citations_5y": 2, "num_publications_10y": 1, "num_citations_10y": 2, "publications_years": {"2014": 1}, "citations_years": {"2016": 2}, "old_citations": {"2014": 2}, "isVisible": false}, "2665894042": {"name": "dong yaohai", "type": "author", "activity": 1, "h_index": 1, "h5_index": 0, "mag_id": "2665894042", "num_publications": 1, "num_citations": 1, "num_publications_5y": 1, "num_citations_5y": 1, "num_publications_10y": 1, "num_citations_10y": 1, "publications_years": {"2014": 1}, "citations_years": {"2014": 1}, "old_citations": {"2014": 1}, "isVisible": false}, "2722234183": {"name": "evgeny yablokov", "type": "author", "activity": 1, "h_index": 1, "h5_index": 0, "mag_id": "2722234183", "num_publications": 1, "num_citations": 1, "num_publications_5y": 1, "num_citations_5y": 1, "num_publications_10y": 1, "num_citations_10y": 1, "publications_years": {"2014": 1}, "citations_years": {"2014": 1}, "old_citations": {"2014": 1}, "isVisible": false}, "2802538820": {"name": "david jameux", "type": "author", "activity": 1, "h_index": 1, "h5_index": 1, "mag_id": "2802538820", "num_publications": 1, "num_citations": 1, "num_publications_5y": 1, "num_citations_5y": 0, "num_publications_10y": 1, "num_citations_10y": 0, "publications_years": {"2016": 1}, "citations_years": {"2019": 1}, "old_citations": {"2016": 1}, "isVisible": false}, "2828915394": {"name": "jorgen ilstad", "type": "author", "activity": 3, "h_index": 1, "h5_index": 0, "mag_id": "2828915394", "num_publications": 1, "num_citations": 1, "num_publications_5y": 0, "num_citations_5y": 1, "num_publications_10y": 1, "num_citations_10y": 1, "publications_years": {"2010": 1}, "citations_years": {"2018": 1}, "old_citations": {"2010": 1}, "isVisible": false}, "2892444954": {"name": "takayuki yuasa", "type": "author", "activity": 4, "h_index": 1, "h5_index": 0, "mag_id": "2892444954", "num_publications": 1, "num_citations": 1, "num_publications_5y": 1, "num_citations_5y": 1, "num_publications_10y": 1, "num_citations_10y": 1, "publications_years": {"2014": 1}, "citations_years": {"2016": 1}, "old_citations": {"2014": 1}, "isVisible": false}, "2967443726": {"name": "osamu watanabe", "type": "author", "activity": 2, "h_index": 1, "h5_index": 0, "mag_id": "2967443726", "num_publications": 1, "num_citations": 1, "num_publications_5y": 1, "num_citations_5y": 1, "num_publications_10y": 1, "num_citations_10y": 1, "publications_years": {"2014": 1}, "citations_years": {"2016": 1}, "old_citations": {"2014": 1}, "isVisible": false}, "2649449296": {"name": "xiaosu yi", "type": "author", "activity": 1, "h_index": 0, "h5_index": 0, "mag_id": "2649449296", "num_publications": 1, "num_citations": 0, "num_publications_5y": 1, "num_citations_5y": 0, "num_publications_10y": 1, "num_citations_10y": 0, "publications_years": {"2016": 1}, "citations_years": {}, "old_citations": {"2016": 0}, "isVisible": false}, "2652897923": {"name": "loic gueguen", "type": "author", "activity": 1, "h_index": 0, "h5_index": 0, "mag_id": "2652897923", "num_publications": 1, "num_citations": 0, "num_publications_5y": 1, "num_citations_5y": 0, "num_publications_10y": 1, "num_citations_10y": 0, "publications_years": {"2016": 1}, "citations_years": {}, "old_citations": {"2016": 0}, "isVisible": false}, "2679970417": {"name": "sergio ribeiro augusto", "type": "author", "activity": 3, "h_index": 1, "h5_index": 1, "mag_id": "2679970417", "num_publications": 1, "num_citations": 0, "num_publications_5y": 1, "num_citations_5y": 0, "num_publications_10y": 1, "num_citations_10y": 0, "publications_years": {"2016": 1}, "citations_years": {}, "old_citations": {"2016": 0}, "isVisible": false}, "2682783463": {"name": "cassio berni", "type": "author", "activity": 1, "h_index": 0, "h5_index": 0, "mag_id": "2682783463", "num_publications": 1, "num_citations": 0, "num_publications_5y": 1, "num_citations_5y": 0, "num_publications_10y": 1, "num_citations_10y": 0, "publications_years": {"2016": 1}, "citations_years": {}, "old_citations": {"2016": 0}, "isVisible": false}, "2702232762": {"name": "saulo finco", "type": "author", "activity": 1, "h_index": 0, "h5_index": 0, "mag_id": "2702232762", "num_publications": 1, "num_citations": 0, "num_publications_5y": 1, "num_citations_5y": 0, "num_publications_10y": 1, "num_citations_10y": 0, "publications_years": {"2016": 1}, "citations_years": {}, "old_citations": {"2016": 0}, "isVisible": false}, "2721981436": {"name": "kostas marinis", "type": "author", "activity": 6, "h_index": 1, "h5_index": 0, "mag_id": "2721981436", "num_publications": 1, "num_citations": 0, "num_publications_5y": 1, "num_citations_5y": 0, "num_publications_10y": 1, "num_citations_10y": 0, "publications_years": {"2016": 1}, "citations_years": {}, "old_citations": {"2016": 0}, "isVisible": false}, "2888103044": {"name": "v c parro", "type": "author", "activity": 20, "h_index": 1, "h5_index": 1, "mag_id": "2888103044", "num_publications": 1, "num_citations": 0, "num_publications_5y": 1, "num_citations_5y": 0, "num_publications_10y": 1, "num_citations_10y": 0, "publications_years": {"2016": 1}, "citations_years": {}, "old_citations": {"2016": 0}, "isVisible": false}, "2906335797": {"name": "philippe plasson", "type": "author", "activity": 1, "h_index": 0, "h5_index": 0, "mag_id": "2906335797", "num_publications": 1, "num_citations": 0, "num_publications_5y": 1, "num_citations_5y": 0, "num_publications_10y": 1, "num_citations_10y": 0, "publications_years": {"2016": 1}, "citations_years": {}, "old_citations": {"2016": 0}, "isVisible": false}, "2940878028": {"name": "gisbert peter", "type": "author", "activity": 1, "h_index": 0, "h5_index": 0, "mag_id": "2940878028", "num_publications": 1, "num_citations": 0, "num_publications_5y": 1, "num_citations_5y": 0, "num_publications_10y": 1, "num_citations_10y": 0, "publications_years": {"2016": 1}, "citations_years": {}, "old_citations": {"2016": 0}, "isVisible": false}, "2986228523": {"name": "juan barbero", "type": "author", "activity": 1, "h_index": 0, "h5_index": 0, "mag_id": "2986228523", "num_publications": 1, "num_citations": 0, "num_publications_5y": 1, "num_citations_5y": 0, "num_publications_10y": 1, "num_citations_10y": 0, "publications_years": {"2018": 1}, "citations_years": {}, "old_citations": {"2018": 0}, "isVisible": false}, "2989477516": {"name": "demetrio lopez molina", "type": "author", "activity": 1, "h_index": 0, "h5_index": 0, "mag_id": "2989477516", "num_publications": 1, "num_citations": 0, "num_publications_5y": 1, "num_citations_5y": 0, "num_publications_10y": 1, "num_citations_10y": 0, "publications_years": {"2018": 1}, "citations_years": {}, "old_citations": {"2018": 0}, "isVisible": false}, "3009697164": {"name": "manfred steller", "type": "author", "activity": 1, "h_index": 0, "h5_index": 0, "mag_id": "3009697164", "num_publications": 1, "num_citations": 0, "num_publications_5y": 1, "num_citations_5y": 0, "num_publications_10y": 1, "num_citations_10y": 0, "publications_years": {"2016": 1}, "citations_years": {}, "old_citations": {"2016": 0}, "isVisible": false}}, "countries": {"France": {"name": "France", "type": "country", "h5_index": 99, "num_publications": 6, "num_citations": 5, "num_publications_5y": 5, "num_citations_5y": 3, "num_publications_10y": 6, "num_citations_10y": 3, "publications_years": {"2018": 1, "2016": 3, "2010": 1, "2014": 1}, "citations_years": {"2019": 1, "2020": 1, "2018": 1, "2016": 2}, "old_citations": {"2018": 0, "2016": 2, "2010": 1, "2014": 2}, "isVisible": false}, "Germany": {"name": "Germany", "type": "country", "h5_index": 139, "num_publications": 5, "num_citations": 4, "num_publications_5y": 4, "num_citations_5y": 4, "num_publications_10y": 5, "num_citations_10y": 4, "publications_years": {"2010": 1, "2016": 2, "2014": 2}, "citations_years": {"2018": 2, "2015": 1, "2016": 1}, "old_citations": {"2010": 1, "2016": 1, "2014": 2}, "isVisible": false}, "Japan": {"name": "Japan", "type": "country", "h5_index": 94, "num_publications": 4, "num_citations": 2, "num_publications_5y": 4, "num_citations_5y": 2, "num_publications_10y": 4, "num_citations_10y": 2, "publications_years": {"2016": 1, "2014": 3}, "citations_years": {"2018": 1, "2016": 1}, "old_citations": {"2016": 1, "2014": 1}, "isVisible": false}, "China": {"name": "China", "type": "country", "h5_index": 214, "num_publications": 3, "num_citations": 3, "num_publications_5y": 3, "num_citations_5y": 3, "num_publications_10y": 3, "num_citations_10y": 3, "publications_years": {"2014": 1, "2016": 2}, "citations_years": {"2017": 2, "2018": 1}, "old_citations": {"2014": 3, "2016": 0}, "isVisible": false}, "Italy": {"name": "Italy", "type": "country", "h5_index": 94, "num_publications": 3, "num_citations": 2, "num_publications_5y": 2, "num_citations_5y": 2, "num_publications_10y": 3, "num_citations_10y": 2, "publications_years": {"2014": 1, "2010": 1, "2015": 1}, "citations_years": {"2018": 1, "2016": 1}, "old_citations": {"2014": 0, "2010": 1, "2015": 1}, "isVisible": false}, "Poland": {"name": "Poland", "type": "country", "h5_index": 46, "num_publications": 3, "num_citations": 3, "num_publications_5y": 3, "num_citations_5y": 2, "num_publications_10y": 3, "num_citations_10y": 2, "publications_years": {"2016": 2, "2014": 1}, "citations_years": {"2019": 1, "2016": 2}, "old_citations": {"2016": 1, "2014": 2}, "isVisible": false}, "United Kingdom": {"name": "United Kingdom", "type": "country", "h5_index": 172, "num_publications": 3, "num_citations": 1, "num_publications_5y": 3, "num_citations_5y": 1, "num_publications_10y": 3, "num_citations_10y": 1, "publications_years": {"2016": 1, "2014": 2}, "citations_years": {"2016": 1}, "old_citations": {"2016": 1, "2014": 0}, "isVisible": false}, "Netherlands": {"name": "Netherlands", "type": "country", "h5_index": 91, "num_publications": 1, "num_citations": 1, "num_publications_5y": 1, "num_citations_5y": 0, "num_publications_10y": 1, "num_citations_10y": 0, "publications_years": {"2016": 1}, "citations_years": {"2019": 1}, "old_citations": {"2016": 1}, "isVisible": false}, "Russia": {"name": "Russia", "type": "country", "h5_index": 45, "num_publications": 1, "num_citations": 1, "num_publications_5y": 1, "num_citations_5y": 1, "num_publications_10y": 1, "num_citations_10y": 1, "publications_years": {"2014": 1}, "citations_years": {"2014": 1}, "old_citations": {"2014": 1}, "isVisible": false}}, "industrial_sectors": {"electronics": {"name": "electronics", "type": "industrial sector", "h5_index": 134, "num_publications": 4, "num_citations": 3, "num_publications_5y": 4, "num_citations_5y": 3, "num_publications_10y": 4, "num_citations_10y": 3, "publications_years": {"2016": 1, "2014": 3}, "citations_years": {"2018": 1, "2016": 2}, "old_citations": {"2016": 1, "2014": 2}, "isVisible": false}, "technology": {"name": "technology", "type": "industrial sector", "h5_index": 229, "num_publications": 4, "num_citations": 3, "num_publications_5y": 4, "num_citations_5y": 3, "num_publications_10y": 4, "num_citations_10y": 3, "publications_years": {"2016": 1, "2014": 3}, "citations_years": {"2018": 1, "2016": 2}, "old_citations": {"2016": 1, "2014": 2}, "isVisible": false}, "information_technology": {"name": "information_technology", "type": "industrial sector", "h5_index": 74, "num_publications": 3, "num_citations": 2, "num_publications_5y": 3, "num_citations_5y": 2, "num_publications_10y": 3, "num_citations_10y": 2, "publications_years": {"2016": 1, "2014": 2}, "citations_years": {"2018": 1, "2016": 1}, "old_citations": {"2016": 1, "2014": 1}, "isVisible": false}, "management": {"name": "management", "type": "industrial sector", "h5_index": 67, "num_publications": 3, "num_citations": 1, "num_publications_5y": 3, "num_citations_5y": 1, "num_publications_10y": 3, "num_citations_10y": 1, "publications_years": {"2014": 3}, "citations_years": {"2016": 1}, "old_citations": {"2014": 1}, "isVisible": false}}}, "conference_comparison": {"computer science": {}}, "topics_dna": {"publications": {}, "citations": {"normalized": {}, "average": {}}}, "info": {"num_publications": 35, "num_citations": 21.0, "impact_factor": {"2005": 0.0, "2006": 0, "2007": 0, "2008": 0, "2009": 0, "2010": 0, "2011": 0.0, "2012": 0.0, "2013": 0, "2014": 0, "2015": 0.0625, "2016": 0.4117647058823529, "2017": 0.0, "2018": 0.13333333333333333}, "publications_years": {"2014": 16, "2016": 15, "2003": 1, "2010": 1, "2015": 1, "2018": 1}, "citations_years": {"2014": 2, "2015": 1, "2016": 8, "2017": 2, "2018": 5, "2019": 2, "2020": 1}, "old_citations": {"2014": 13, "2016": 6, "2003": 0, "2010": 1, "2015": 1, "2018": 0}, "h5_index": 1}, "percentile": {"computer science": {"2014": 53, "2016": 53, "2003": 17, "2010": 53, "2015": 55, "2018": 17}}, "conference_ranking": {"computer science": {"2014": 1982, "2016": 2002, "2003": 3510, "2010": 1985, "2015": 1881, "2018": 3536}}, "academia": {"num_publications": 8, "num_citations": 5, "publications_years": {"2014": 4, "2015": 1, "2016": 3}, "old_citations": {"2014": 3, "2015": 1, "2016": 1}, "num_publications_5y": 3, "num_citations_5y": 1, "num_publications_10y": 8, "num_citations_10y": 5}, "industry": {"num_publications": 3, "num_citations": 2, "publications_years": {"2014": 2, "2015": 0, "2016": 1}, "old_citations": {"2014": 1, "2015": 0, "2016": 1}, "num_publications_5y": 1, "num_citations_5y": 1, "num_publications_10y": 3, "num_citations_10y": 2}, "collaborative": {"num_publications": 1, "num_citations": 0, "publications_years": {"2014": 1}, "old_citations": {"2014": 0}, "num_publications_5y": 0, "num_citations_5y": 0, "num_publications_10y": 1, "num_citations_10y": 0}, "conferences": {}, "journals": {}, "organizations": {"publication_overall": ["European Space Agency", "Adam Mickiewicz University in Pozna\u0144", "German Aerospace Center", "NEC (Japan)", "Toshiba (Japan)", "University of Dundee", "University of Pisa", "Beihang University", "China Academy of Space Technology", "European Space Research and Technology Centre", "Japan Aerospace Exploration Agency", "Mitsubishi Electric (Germany)", "National University of Defense Technology", "Osaka University", "Paris Observatory", "Polytechnic University of Turin", "Saint Petersburg State University", "University of Paderborn"], "citation_overall": ["European Space Agency", "Adam Mickiewicz University in Pozna\u0144", "National University of Defense Technology", "German Aerospace Center", "NEC (Japan)", "European Space Research and Technology Centre", "Japan Aerospace Exploration Agency", "Mitsubishi Electric (Germany)", "Polytechnic University of Turin", "Saint Petersburg State University", "Toshiba (Japan)", "University of Dundee", "University of Paderborn", "University of Pisa", "Beihang University", "China Academy of Space Technology", "Osaka University", "Paris Observatory"], "publication_10_years": ["European Space Agency", "Adam Mickiewicz University in Pozna\u0144", "German Aerospace Center", "NEC (Japan)", "Toshiba (Japan)", "University of Dundee", "University of Pisa", "Beihang University", "China Academy of Space Technology", "European Space Research and Technology Centre", "Japan Aerospace Exploration Agency", "Mitsubishi Electric (Germany)", "National University of Defense Technology", "Osaka University", "Paris Observatory", "Saint Petersburg State University"], "citation_10_years": ["European Space Agency", "Adam Mickiewicz University in Pozna\u0144", "National University of Defense Technology", "German Aerospace Center", "NEC (Japan)", "European Space Research and Technology Centre", "Japan Aerospace Exploration Agency", "Mitsubishi Electric (Germany)", "Saint Petersburg State University", "Toshiba (Japan)", "University of Dundee", "University of Pisa", "Beihang University", "China Academy of Space Technology", "Osaka University", "Paris Observatory"], "publication_5_years": ["European Space Agency", "Adam Mickiewicz University in Pozna\u0144", "German Aerospace Center", "Beihang University", "China Academy of Space Technology", "European Space Research and Technology Centre", "NEC (Japan)", "Paris Observatory", "University of Dundee"], "citation_5_years": ["European Space Agency", "Adam Mickiewicz University in Pozna\u0144", "European Space Research and Technology Centre", "German Aerospace Center", "NEC (Japan)", "University of Dundee", "Beihang University", "China Academy of Space Technology", "Paris Observatory"]}, "countries": {"publication_overall": ["France", "Germany", "Japan", "China", "Italy", "Poland", "United Kingdom", "Netherlands", "Russia"], "citation_overall": ["France", "Germany", "China", "Poland", "Italy", "Japan", "Netherlands", "Russia", "United Kingdom"], "publication_10_years": ["France", "Germany", "Japan", "China", "Poland", "United Kingdom", "Italy", "Netherlands", "Russia"], "citation_10_years": ["France", "China", "Germany", "Poland", "Japan", "Italy", "Netherlands", "Russia", "United Kingdom"], "publication_5_years": ["France", "China", "Germany", "Poland", "Japan", "Netherlands", "United Kingdom"], "citation_5_years": ["France", "Germany", "Japan", "Netherlands", "Poland", "United Kingdom", "China"]}, "topics": {"publication_overall": ["computer science", "computer systems", "computer networks", "telecommunication systems", "telecommunication networks", "telecommunication traffic", "bandwidth", "communication systems", "computer hardware", "wireless telecommunication systems", "data communication systems", "engineering", "network architecture", "local area networks", "sensors", "software engineering", "communication channels (information theory)", "field programmable gate arrays (fpga)", "internet", "internet protocols"], "citation_overall": ["computer science", "computer systems", "computer networks", "telecommunication systems", "telecommunication networks", "bandwidth", "telecommunication traffic", "computer hardware", "network architecture", "communication systems", "wireless telecommunication systems", "sensors", "data communication systems", "engineering", "distributed computer systems", "internet", "quality of service", "routers", "topology", "artificial intelligence"], "publication_10_years": ["computer science", "computer systems", "computer networks", "telecommunication systems", "telecommunication networks", "telecommunication traffic", "bandwidth", "communication systems", "computer hardware", "wireless telecommunication systems", "data communication systems", "engineering", "network architecture", "sensors", "software engineering", "internet", "internet protocols", "local area networks", "communication channels (information theory)", "distributed computer systems"], "citation_10_years": ["computer science", "computer systems", "computer networks", "telecommunication systems", "telecommunication networks", "bandwidth", "telecommunication traffic", "computer hardware", "network architecture", "communication systems", "wireless telecommunication systems", "sensors", "data communication systems", "engineering", "distributed computer systems", "internet", "quality of service", "routers", "topology", "artificial intelligence"], "publication_5_years": ["computer networks", "computer science", "computer systems", "telecommunication networks", "telecommunication systems", "telecommunication traffic", "communication systems", "computer hardware", "wireless telecommunication systems", "bandwidth", "data communication systems", "internet", "congestion control (communication)", "internet protocols", "network architecture", "engineering", "network protocols", "packet networks", "sensors", "software design"], "citation_5_years": ["computer networks", "computer science", "computer systems", "telecommunication networks", "telecommunication systems", "communication systems", "telecommunication traffic", "wireless telecommunication systems", "bandwidth", "computer hardware", "data communication systems", "internet", "packet networks", "congestion control (communication)", "distributed computer systems", "engineering", "field programmable gate arrays (fpga)", "internet protocols", "local area networks", "network protocols"]}, "main_topics": ["computer science"], "authors": {"publication_overall": ["691461735", "1606206913", "2440804933", "1788715385", "630507419", "684625170", "1938943832", "2028441349", "2104348777", "2132311652", "2162085440", "2165769682", "321736324", "1806084490", "1924988724", "1986365275", "2082957447", "2105314776", "2120293957", "2224201352", "2229126452", "2306515533", "2422689249", "2562359576", "76195016", "120972162", "306654124", "336277759", "1579091587", "1938650315", "1970219046", "1982581369", "2008336187", "2025850638", "2047618177", "2048675937", "2097901696", "2097920865", "2104870936", "2113659311", "2114839397", "2116011182", "2116169526", "2124776000", "2127781216", "2128434240", "2132841280", "2146300542", "2151557821", "2156782987", "2170669992", "2223073482", "2223605940", "2224228609", "2224839116", "2224983882", "2226188597", "2227324602", "2227374562", "2227686270", "2228189529", "2228421822", "2228480435", "2228545007", "2228983500", "2229131466", "2229862872", "2229895488", "2231669496", "2232467301", "2232708014", "2235686933", "2239941117", "2256583853", "2265327501", "2296148088", "2306706916", "2307492868", "2342700149", "2359082215", "2418971794", "2430275155", "2438041318", "2440502166", "2441405372", "2484715786", "2491857883", "2500648815", "2514923319", "2550006501", "2561385274", "2561793625", "2563783172", "2565315040", "2565335265", "2565626685", "2566351540", "2566667932", "2603916854", "2606411333"], "citation_overall": ["2028441349", "2132311652", "2146300542", "2156782987", "2162085440", "2170669992", "2224839116", "2422689249", "2694193512", "2702563117", "306654124", "321736324", "1788715385", "2104348777", "2105314776", "2113659311", "2227374562", "2677240682", "2692076080", "2705002318", "2800048054", "76195016", "630507419", "1806084490", "1924988724", "1938650315", "1938943832", "1982581369", "2047618177", "2082957447", "2097920865", "2114839397", "2120293957", "2124776000", "2127781216", "2128434240", "2151557821", "2165769682", "2224201352", "2224228609", "2227686270", "2228421822", "2229126452", "2229131466", "2229895488", "2231669496", "2232467301", "2232708014", "2235686933", "2239941117", "2256583853", "2265327501", "2296148088", "2306515533", "2306706916", "2307492868", "2342700149", "2359082215", "2418971794", "2440502166", "2440804933", "2441405372", "2484715786", "2562359576", "2665894042", "2722234183", "2802538820", "2828915394", "2892444954", "2967443726", "120972162", "336277759", "684625170", "691461735", "1579091587", "1606206913", "1970219046", "1986365275", "2008336187", "2025850638", "2048675937", "2097901696", "2104870936", "2116011182", "2116169526", "2132841280", "2223073482", "2223605940", "2224983882", "2226188597", "2227324602", "2228189529", "2228480435", "2228545007", "2228983500", "2229862872", "2430275155", "2438041318", "2491857883", "2500648815"], "publication_10_years": ["691461735", "1606206913", "2440804933", "1788715385", "630507419", "684625170", "2028441349", "2104348777", "2132311652", "2162085440", "2165769682", "321736324", "1806084490", "1924988724", "1938943832", "1986365275", "2082957447", "2105314776", "2120293957", "2224201352", "2229126452", "2306515533", "2422689249", "2562359576", "76195016", "120972162", "306654124", "336277759", "1579091587", "1938650315", "1970219046", "2008336187", "2025850638", "2097901696", "2097920865", "2104870936", "2113659311", "2114839397", "2116011182", "2116169526", "2127781216", "2128434240", "2132841280", "2146300542", "2151557821", "2156782987", "2170669992", "2223073482", "2223605940", "2224228609", "2224839116", "2224983882", "2226188597", "2227324602", "2227374562", "2227686270", "2228189529", "2228421822", "2228480435", "2228545007", "2228983500", "2229862872", "2229895488", "2231669496", "2232467301", "2256583853", "2265327501", "2296148088", "2306706916", "2342700149", "2359082215", "2418971794", "2430275155", "2438041318", "2440502166", "2441405372", "2484715786", "2491857883", "2500648815", "2514923319", "2550006501", "2561385274", "2561793625", "2563783172", "2565315040", "2565335265", "2565626685", "2566351540", "2566667932", "2603916854", "2606411333", "2649449296", "2652897923", "2665894042", "2677240682", "2679970417", "2682783463", "2692076080", "2694193512", "2702232762"], "citation_10_years": ["2028441349", "2132311652", "2146300542", "2156782987", "2162085440", "2170669992", "2224839116", "2422689249", "2694193512", "2702563117", "306654124", "321736324", "1788715385", "2104348777", "2105314776", "2113659311", "2227374562", "2677240682", "2692076080", "2705002318", "2800048054", "76195016", "630507419", "1806084490", "1924988724", "1938650315", "1938943832", "2082957447", "2097920865", "2114839397", "2120293957", "2127781216", "2128434240", "2151557821", "2165769682", "2224201352", "2224228609", "2227686270", "2228421822", "2229126452", "2229895488", "2231669496", "2232467301", "2256583853", "2265327501", "2296148088", "2306515533", "2306706916", "2342700149", "2359082215", "2418971794", "2440502166", "2440804933", "2441405372", "2484715786", "2562359576", "2665894042", "2722234183", "2802538820", "2892444954", "2967443726", "120972162", "336277759", "684625170", "691461735", "1579091587", "1606206913", "1970219046", "1986365275", "2008336187", "2025850638", "2097901696", "2104870936", "2116011182", "2116169526", "2132841280", "2223073482", "2223605940", "2224983882", "2226188597", "2227324602", "2228189529", "2228480435", "2228545007", "2228983500", "2229862872", "2430275155", "2438041318", "2491857883", "2500648815", "2514923319", "2550006501", "2561385274", "2561793625", "2563783172", "2565315040", "2565335265", "2565626685", "2566351540", "2566667932"], "publication_5_years": ["691461735", "1606206913", "684625170", "2440804933", "321736324", "1924988724", "1986365275", "2028441349", "2082957447", "2132311652", "2162085440", "2306515533", "76195016", "120972162", "336277759", "630507419", "1579091587", "1788715385", "1938650315", "1970219046", "2025850638", "2104348777", "2105314776", "2120293957", "2127781216", "2165769682", "2224201352", "2227324602", "2228480435", "2229126452", "2232467301", "2256583853", "2306706916", "2359082215", "2422689249", "2430275155", "2438041318", "2484715786", "2491857883", "2500648815", "2561385274", "2561793625", "2563783172", "2565315040", "2565335265", "2565626685", "2566351540", "2566667932", "2606411333", "2649449296", "2652897923", "2679970417", "2682783463", "2702232762", "2705002318", "2721981436", "2802538820", "2888103044", "2906335797", "2940878028", "2986228523", "2989477516", "3009697164"], "citation_5_years": ["321736324", "2028441349", "2705002318", "76195016", "630507419", "1788715385", "1924988724", "1938650315", "2082957447", "2104348777", "2105314776", "2120293957", "2127781216", "2132311652", "2162085440", "2165769682", "2224201352", "2229126452", "2232467301", "2256583853", "2306515533", "2306706916", "2359082215", "2422689249", "2484715786", "2802538820", "120972162", "336277759", "684625170", "691461735", "1579091587", "1606206913", "1970219046", "1986365275", "2025850638", "2227324602", "2228480435", "2430275155", "2438041318", "2440804933", "2491857883", "2500648815", "2561385274", "2561793625", "2563783172", "2565315040", "2565335265", "2565626685", "2566351540", "2566667932", "2606411333", "2649449296", "2652897923", "2679970417", "2682783463", "2702232762", "2721981436", "2888103044", "2906335797", "2940878028", "2986228523", "2989477516", "3009697164"]}, "industrial_sectors": {"publication_overall": ["electronics", "technology", "information_technology", "management"], "citation_overall": ["electronics", "technology", "information_technology", "management"], "publication_10_years": ["electronics", "technology", "information_technology", "management"], "citation_10_years": ["electronics", "technology", "information_technology", "management"], "publication_5_years": ["electronics", "information_technology", "technology"], "citation_5_years": ["electronics", "information_technology", "technology"]}}