{"name": "International Conference Electronic Systems, Signal Processing and Computing Technologies [ICESC-]", "acronym": "ICESC", "type": "conference", "uniqueEntities": {"organizations": {"Rashtrasant Tukadoji Maharaj Nagpur University": {"name": "Rashtrasant Tukadoji Maharaj Nagpur University", "type": "organization", "organization_type": "Education", "h_index": 9, "h5_index": 5, "num_publications": 2, "num_citations": 13, "num_publications_5y": 2, "num_citations_5y": 12, "num_publications_10y": 2, "num_citations_10y": 12, "publications_years": {"2014": 2}, "citations_years": {"2015": 4, "2016": 6, "2017": 2, "2018": 0, "2019": 1}, "old_citations": {"2014": 13}, "isVisible": false}, "Birla Institute of Technology and Science, Pilani": {"name": "Birla Institute of Technology and Science, Pilani", "type": "organization", "organization_type": "Education", "h_index": 37, "h5_index": 19, "num_publications": 1, "num_citations": 2, "num_publications_5y": 1, "num_citations_5y": 2, "num_publications_10y": 1, "num_citations_10y": 2, "publications_years": {"2014": 1}, "citations_years": {"2015": 2}, "old_citations": {"2014": 2}, "isVisible": false}, "Guru Gobind Singh Indraprastha University": {"name": "Guru Gobind Singh Indraprastha University", "type": "organization", "organization_type": "Education", "h_index": 27, "h5_index": 9, "num_publications": 1, "num_citations": 2, "num_publications_5y": 1, "num_citations_5y": 2, "num_publications_10y": 1, "num_citations_10y": 2, "publications_years": {"2014": 1}, "citations_years": {"2014": 1, "2015": 0, "2016": 1}, "old_citations": {"2014": 2}, "isVisible": false}, "Indian Institute of Technology Kharagpur": {"name": "Indian Institute of Technology Kharagpur", "type": "organization", "organization_type": "Education", "h_index": 72, "h5_index": 31, "num_publications": 1, "num_citations": 1, "num_publications_5y": 1, "num_citations_5y": 1, "num_publications_10y": 1, "num_citations_10y": 1, "publications_years": {"2014": 1}, "citations_years": {"2014": 1}, "old_citations": {"2014": 1}, "isVisible": false}, "Islamic University": {"name": "Islamic University", "type": "organization", "organization_type": "Education", "h_index": 20, "h5_index": 12, "num_publications": 1, "num_citations": 0, "num_publications_5y": 1, "num_citations_5y": 0, "num_publications_10y": 1, "num_citations_10y": 0, "publications_years": {"2014": 1}, "citations_years": {}, "old_citations": {"2014": 0}, "isVisible": false}, "Jadavpur University": {"name": "Jadavpur University", "type": "organization", "organization_type": "Education", "h_index": 60, "h5_index": 21, "num_publications": 1, "num_citations": 7, "num_publications_5y": 1, "num_citations_5y": 7, "num_publications_10y": 1, "num_citations_10y": 7, "publications_years": {"2014": 1}, "citations_years": {"2015": 1, "2016": 1, "2017": 5}, "old_citations": {"2014": 7}, "isVisible": false}, "Maharishi Markandeshwar University, Mullana": {"name": "Maharishi Markandeshwar University, Mullana", "type": "organization", "organization_type": "Education", "h_index": 10, "h5_index": 6, "num_publications": 1, "num_citations": 11, "num_publications_5y": 1, "num_citations_5y": 10, "num_publications_10y": 1, "num_citations_10y": 10, "publications_years": {"2014": 1}, "citations_years": {"2015": 2, "2016": 3, "2017": 2, "2018": 3, "2019": 1}, "old_citations": {"2014": 11}, "isVisible": false}, "National Institute of Technology Rourkela": {"name": "National Institute of Technology Rourkela", "type": "organization", "organization_type": "Education", "h_index": 38, "h5_index": 20, "num_publications": 1, "num_citations": 10, "num_publications_5y": 1, "num_citations_5y": 7, "num_publications_10y": 1, "num_citations_10y": 7, "publications_years": {"2014": 1}, "citations_years": {"2014": 1, "2015": 1, "2016": 2, "2017": 2, "2018": 1, "2019": 3}, "old_citations": {"2014": 10}, "isVisible": false}, "University of Hyderabad": {"name": "University of Hyderabad", "type": "organization", "organization_type": "Education", "h_index": 30, "h5_index": 13, "num_publications": 1, "num_citations": 0, "num_publications_5y": 1, "num_citations_5y": 0, "num_publications_10y": 1, "num_citations_10y": 0, "publications_years": {"2014": 1}, "citations_years": {}, "old_citations": {"2014": 1}, "isVisible": false}, "University of Mumbai": {"name": "University of Mumbai", "type": "organization", "organization_type": "Education", "h_index": 15, "h5_index": 8, "num_publications": 1, "num_citations": 22, "num_publications_5y": 1, "num_citations_5y": 19, "num_publications_10y": 1, "num_citations_10y": 19, "publications_years": {"2014": 1}, "citations_years": {"2014": 2, "2015": 7, "2016": 3, "2017": 4, "2018": 3, "2019": 3}, "old_citations": {"2014": 22}, "isVisible": false}, "Visvesvaraya National Institute of Technology": {"name": "Visvesvaraya National Institute of Technology", "type": "organization", "organization_type": "Education", "h_index": 20, "h5_index": 13, "num_publications": 1, "num_citations": 1, "num_publications_5y": 1, "num_citations_5y": 1, "num_publications_10y": 1, "num_citations_10y": 1, "publications_years": {"2014": 1}, "citations_years": {"2017": 1}, "old_citations": {"2014": 1}, "isVisible": false}}, "topics": {"computer science": {"name": "computer science", "type": "topic", "h_index": 1779, "h5_index": 416, "num_publications": 36, "num_citations": 164, "num_publications_5y": 36, "num_citations_5y": 141, "num_publications_10y": 36, "num_citations_10y": 141, "publications_years": {"2014": 36}, "citations_years": {"2017": 29, "2019": 18, "2014": 16, "2015": 38, "2016": 40, "2018": 18, "2020": 5}, "old_citations": {"2014": 165}, "isVisible": false}, "computer systems": {"name": "computer systems", "type": "topic", "h_index": 1595, "h5_index": 367, "num_publications": 29, "num_citations": 106, "num_publications_5y": 29, "num_citations_5y": 94, "num_publications_10y": 29, "num_citations_10y": 94, "publications_years": {"2014": 29}, "citations_years": {"2017": 19, "2019": 10, "2014": 9, "2015": 28, "2016": 28, "2018": 10, "2020": 2}, "old_citations": {"2014": 107}, "isVisible": false}, "engineering": {"name": "engineering", "type": "topic", "h_index": 1177, "h5_index": 287, "num_publications": 22, "num_citations": 92, "num_publications_5y": 22, "num_citations_5y": 80, "num_publications_10y": 22, "num_citations_10y": 80, "publications_years": {"2014": 22}, "citations_years": {"2017": 17, "2019": 10, "2014": 10, "2015": 19, "2016": 25, "2018": 9, "2020": 2}, "old_citations": {"2014": 92}, "isVisible": false}, "computer networks": {"name": "computer networks", "type": "topic", "h_index": 1262, "h5_index": 332, "num_publications": 20, "num_citations": 63, "num_publications_5y": 20, "num_citations_5y": 53, "num_publications_10y": 20, "num_citations_10y": 53, "publications_years": {"2014": 20}, "citations_years": {"2017": 12, "2019": 7, "2015": 17, "2016": 17, "2018": 3, "2020": 3, "2014": 4}, "old_citations": {"2014": 63}, "isVisible": false}, "artificial intelligence": {"name": "artificial intelligence", "type": "topic", "h_index": 1421, "h5_index": 373, "num_publications": 18, "num_citations": 68, "num_publications_5y": 18, "num_citations_5y": 59, "num_publications_10y": 18, "num_citations_10y": 59, "publications_years": {"2014": 18}, "citations_years": {"2019": 8, "2014": 6, "2015": 16, "2016": 16, "2017": 12, "2018": 9, "2020": 1}, "old_citations": {"2014": 69}, "isVisible": false}, "signal processing": {"name": "signal processing", "type": "topic", "h_index": 1012, "h5_index": 255, "num_publications": 16, "num_citations": 69, "num_publications_5y": 16, "num_citations_5y": 58, "num_publications_10y": 16, "num_citations_10y": 58, "publications_years": {"2014": 16}, "citations_years": {"2017": 9, "2019": 9, "2014": 10, "2015": 13, "2016": 18, "2018": 8, "2020": 2}, "old_citations": {"2014": 69}, "isVisible": false}, "database systems": {"name": "database systems", "type": "topic", "h_index": 1167, "h5_index": 276, "num_publications": 15, "num_citations": 66, "num_publications_5y": 15, "num_citations_5y": 62, "num_publications_10y": 15, "num_citations_10y": 62, "publications_years": {"2014": 15}, "citations_years": {"2014": 6, "2015": 17, "2016": 16, "2017": 15, "2018": 8, "2019": 4}, "old_citations": {"2014": 67}, "isVisible": false}, "mathematics": {"name": "mathematics", "type": "topic", "h_index": 1364, "h5_index": 300, "num_publications": 15, "num_citations": 71, "num_publications_5y": 15, "num_citations_5y": 60, "num_publications_10y": 15, "num_citations_10y": 60, "publications_years": {"2014": 15}, "citations_years": {"2017": 12, "2019": 9, "2015": 15, "2016": 15, "2018": 9, "2020": 2, "2014": 9}, "old_citations": {"2014": 71}, "isVisible": false}, "telecommunication systems": {"name": "telecommunication systems", "type": "topic", "h_index": 1187, "h5_index": 277, "num_publications": 15, "num_citations": 47, "num_publications_5y": 15, "num_citations_5y": 41, "num_publications_10y": 15, "num_citations_10y": 41, "publications_years": {"2014": 15}, "citations_years": {"2017": 10, "2019": 6, "2015": 11, "2016": 15, "2018": 2, "2014": 3}, "old_citations": {"2014": 47}, "isVisible": false}, "communication systems": {"name": "communication systems", "type": "topic", "h_index": 1092, "h5_index": 254, "num_publications": 14, "num_citations": 46, "num_publications_5y": 14, "num_citations_5y": 41, "num_publications_10y": 14, "num_citations_10y": 41, "publications_years": {"2014": 14}, "citations_years": {"2017": 10, "2015": 11, "2016": 15, "2018": 2, "2019": 5, "2014": 3}, "old_citations": {"2014": 46}, "isVisible": false}, "computer imaging and vision": {"name": "computer imaging and vision", "type": "topic", "h_index": 1142, "h5_index": 334, "num_publications": 14, "num_citations": 86, "num_publications_5y": 14, "num_citations_5y": 73, "num_publications_10y": 14, "num_citations_10y": 73, "publications_years": {"2014": 14}, "citations_years": {"2014": 9, "2015": 19, "2016": 19, "2017": 16, "2018": 10, "2019": 11, "2020": 2}, "old_citations": {"2014": 86}, "isVisible": false}, "wireless telecommunication systems": {"name": "wireless telecommunication systems", "type": "topic", "h_index": 1087, "h5_index": 254, "num_publications": 14, "num_citations": 46, "num_publications_5y": 14, "num_citations_5y": 41, "num_publications_10y": 14, "num_citations_10y": 41, "publications_years": {"2014": 14}, "citations_years": {"2017": 10, "2015": 11, "2016": 15, "2018": 2, "2019": 5, "2014": 3}, "old_citations": {"2014": 46}, "isVisible": false}, "communication channels (information theory)": {"name": "communication channels (information theory)", "type": "topic", "h_index": 925, "h5_index": 216, "num_publications": 13, "num_citations": 44, "num_publications_5y": 13, "num_citations_5y": 39, "num_publications_10y": 13, "num_citations_10y": 39, "publications_years": {"2014": 13}, "citations_years": {"2017": 10, "2015": 10, "2016": 14, "2018": 2, "2019": 5, "2014": 3}, "old_citations": {"2014": 44}, "isVisible": false}, "image processing": {"name": "image processing", "type": "topic", "h_index": 1113, "h5_index": 328, "num_publications": 13, "num_citations": 84, "num_publications_5y": 13, "num_citations_5y": 71, "num_publications_10y": 13, "num_citations_10y": 71, "publications_years": {"2014": 13}, "citations_years": {"2014": 9, "2015": 17, "2016": 19, "2017": 16, "2018": 10, "2019": 11, "2020": 2}, "old_citations": {"2014": 84}, "isVisible": false}, "machine learning": {"name": "machine learning", "type": "topic", "h_index": 1123, "h5_index": 351, "num_publications": 13, "num_citations": 51, "num_publications_5y": 13, "num_citations_5y": 44, "num_publications_10y": 13, "num_citations_10y": 44, "publications_years": {"2014": 13}, "citations_years": {"2014": 4, "2015": 14, "2016": 11, "2017": 9, "2018": 6, "2019": 6, "2020": 1}, "old_citations": {"2014": 52}, "isVisible": false}, "telecommunication networks": {"name": "telecommunication networks", "type": "topic", "h_index": 1116, "h5_index": 258, "num_publications": 13, "num_citations": 41, "num_publications_5y": 13, "num_citations_5y": 35, "num_publications_10y": 13, "num_citations_10y": 35, "publications_years": {"2014": 13}, "citations_years": {"2017": 10, "2019": 6, "2015": 9, "2016": 11, "2018": 2, "2014": 3}, "old_citations": {"2014": 41}, "isVisible": false}, "computer hardware": {"name": "computer hardware", "type": "topic", "h_index": 1150, "h5_index": 279, "num_publications": 12, "num_citations": 48, "num_publications_5y": 12, "num_citations_5y": 43, "num_publications_10y": 12, "num_citations_10y": 43, "publications_years": {"2014": 12}, "citations_years": {"2017": 11, "2019": 4, "2015": 16, "2016": 11, "2018": 2, "2020": 1, "2014": 3}, "old_citations": {"2014": 48}, "isVisible": false}, "image analysis": {"name": "image analysis", "type": "topic", "h_index": 988, "h5_index": 315, "num_publications": 12, "num_citations": 84, "num_publications_5y": 12, "num_citations_5y": 71, "num_publications_10y": 12, "num_citations_10y": 71, "publications_years": {"2014": 12}, "citations_years": {"2014": 9, "2015": 17, "2016": 19, "2017": 16, "2018": 10, "2019": 11, "2020": 2}, "old_citations": {"2014": 84}, "isVisible": false}, "pattern recognition": {"name": "pattern recognition", "type": "topic", "h_index": 922, "h5_index": 287, "num_publications": 12, "num_citations": 47, "num_publications_5y": 12, "num_citations_5y": 40, "num_publications_10y": 12, "num_citations_10y": 40, "publications_years": {"2014": 12}, "citations_years": {"2014": 4, "2015": 14, "2016": 10, "2017": 8, "2018": 4, "2019": 6, "2020": 1}, "old_citations": {"2014": 48}, "isVisible": false}, "internet": {"name": "internet", "type": "topic", "h_index": 1102, "h5_index": 245, "num_publications": 11, "num_citations": 69, "num_publications_5y": 11, "num_citations_5y": 62, "num_publications_10y": 11, "num_citations_10y": 62, "publications_years": {"2014": 11}, "citations_years": {"2014": 10, "2015": 18, "2016": 14, "2017": 11, "2018": 9, "2019": 6, "2020": 1}, "old_citations": {"2014": 69}, "isVisible": false}, "image segmentation": {"name": "image segmentation", "type": "topic", "h_index": 870, "h5_index": 282, "num_publications": 9, "num_citations": 63, "num_publications_5y": 9, "num_citations_5y": 56, "num_publications_10y": 9, "num_citations_10y": 56, "publications_years": {"2014": 9}, "citations_years": {"2014": 3, "2015": 16, "2016": 15, "2017": 14, "2018": 8, "2019": 7}, "old_citations": {"2014": 63}, "isVisible": false}, "image quality": {"name": "image quality", "type": "topic", "h_index": 704, "h5_index": 206, "num_publications": 8, "num_citations": 61, "num_publications_5y": 8, "num_citations_5y": 50, "num_publications_10y": 8, "num_citations_10y": 50, "publications_years": {"2014": 8}, "citations_years": {"2014": 8, "2015": 14, "2016": 13, "2017": 8, "2018": 7, "2019": 10, "2020": 1}, "old_citations": {"2014": 61}, "isVisible": false}, "image enhancement": {"name": "image enhancement", "type": "topic", "h_index": 629, "h5_index": 189, "num_publications": 8, "num_citations": 59, "num_publications_5y": 8, "num_citations_5y": 51, "num_publications_10y": 8, "num_citations_10y": 51, "publications_years": {"2014": 8}, "citations_years": {"2014": 8, "2015": 14, "2016": 14, "2017": 9, "2018": 6, "2019": 7, "2020": 1}, "old_citations": {"2014": 59}, "isVisible": false}, "computer security": {"name": "computer security", "type": "topic", "h_index": 977, "h5_index": 220, "num_publications": 7, "num_citations": 47, "num_publications_5y": 7, "num_citations_5y": 39, "num_publications_10y": 7, "num_citations_10y": 39, "publications_years": {"2014": 7}, "citations_years": {"2014": 7, "2015": 11, "2016": 6, "2017": 8, "2018": 7, "2019": 5, "2020": 3}, "old_citations": {"2014": 47}, "isVisible": false}, "security of data": {"name": "security of data", "type": "topic", "h_index": 883, "h5_index": 199, "num_publications": 7, "num_citations": 47, "num_publications_5y": 7, "num_citations_5y": 39, "num_publications_10y": 7, "num_citations_10y": 39, "publications_years": {"2014": 7}, "citations_years": {"2014": 7, "2015": 11, "2016": 6, "2017": 8, "2018": 7, "2019": 5, "2020": 3}, "old_citations": {"2014": 47}, "isVisible": false}}, "authors": {"172113827": {"name": "neha r sondhiya", "type": "author", "activity": 1, "h_index": 2, "h5_index": 0, "mag_id": "172113827", "num_publications": 2, "num_citations": 4, "num_publications_5y": 2, "num_citations_5y": 3, "num_publications_10y": 2, "num_citations_10y": 3, "publications_years": {"2014": 2}, "citations_years": {"2014": 1, "2015": 0, "2016": 2, "2017": 0, "2018": 0, "2019": 0, "2020": 1}, "old_citations": {"2014": 4}, "isVisible": false}, "343079704": {"name": "rutika n titre", "type": "author", "activity": 1, "h_index": 2, "h5_index": 0, "mag_id": "343079704", "num_publications": 2, "num_citations": 4, "num_publications_5y": 2, "num_citations_5y": 3, "num_publications_10y": 2, "num_citations_10y": 3, "publications_years": {"2014": 2}, "citations_years": {"2014": 1, "2015": 0, "2016": 2, "2017": 0, "2018": 0, "2019": 0, "2020": 1}, "old_citations": {"2014": 4}, "isVisible": false}, "2196070538": {"name": "soni chaturvedi", "type": "author", "activity": 1, "h_index": 2, "h5_index": 0, "mag_id": "2196070538", "num_publications": 2, "num_citations": 4, "num_publications_5y": 2, "num_citations_5y": 3, "num_publications_10y": 2, "num_citations_10y": 3, "publications_years": {"2014": 2}, "citations_years": {"2014": 1, "2015": 0, "2016": 2, "2017": 0, "2018": 0, "2019": 0, "2020": 1}, "old_citations": {"2014": 4}, "isVisible": false}, "47455116": {"name": "iranna korachagaon", "type": "author", "activity": 5, "h_index": 1, "h5_index": 0, "mag_id": "47455116", "num_publications": 1, "num_citations": 1, "num_publications_5y": 1, "num_citations_5y": 1, "num_publications_10y": 1, "num_citations_10y": 1, "publications_years": {"2014": 1}, "citations_years": {"2017": 1}, "old_citations": {"2014": 1}, "isVisible": false}, "412673012": {"name": "d j dahigaonkar", "type": "author", "activity": 1, "h_index": 1, "h5_index": 0, "mag_id": "412673012", "num_publications": 1, "num_citations": 2, "num_publications_5y": 1, "num_citations_5y": 2, "num_publications_10y": 1, "num_citations_10y": 2, "publications_years": {"2014": 1}, "citations_years": {"2015": 1, "2016": 1}, "old_citations": {"2014": 2}, "isVisible": false}, "575696788": {"name": "sumedha sirsikar", "type": "author", "activity": 7, "h_index": 3, "h5_index": 0, "mag_id": "575696788", "num_publications": 1, "num_citations": 3, "num_publications_5y": 1, "num_citations_5y": 3, "num_publications_10y": 1, "num_citations_10y": 3, "publications_years": {"2014": 1}, "citations_years": {"2015": 2, "2016": 0, "2017": 1}, "old_citations": {"2014": 3}, "isVisible": false}, "582275700": {"name": "rajendra patrikar", "type": "author", "activity": 18, "h_index": 9, "h5_index": 2, "mag_id": "582275700", "num_publications": 1, "num_citations": 1, "num_publications_5y": 1, "num_citations_5y": 1, "num_publications_10y": 1, "num_citations_10y": 1, "publications_years": {"2014": 1}, "citations_years": {"2017": 1}, "old_citations": {"2014": 1}, "isVisible": false}, "714396925": {"name": "nilesh r khochare", "type": "author", "activity": 1, "h_index": 1, "h5_index": 0, "mag_id": "714396925", "num_publications": 1, "num_citations": 22, "num_publications_5y": 1, "num_citations_5y": 19, "num_publications_10y": 1, "num_citations_10y": 19, "publications_years": {"2014": 1}, "citations_years": {"2014": 2, "2015": 7, "2016": 3, "2017": 4, "2018": 3, "2019": 3}, "old_citations": {"2014": 22}, "isVisible": false}, "955496017": {"name": "m m raghuwanshi", "type": "author", "activity": 12, "h_index": 5, "h5_index": 2, "mag_id": "955496017", "num_publications": 1, "num_citations": 2, "num_publications_5y": 1, "num_citations_5y": 2, "num_publications_10y": 1, "num_citations_10y": 2, "publications_years": {"2014": 1}, "citations_years": {"2016": 1, "2017": 1}, "old_citations": {"2014": 2}, "isVisible": false}, "1933738319": {"name": "khairnar vinayak prakash", "type": "author", "activity": 1, "h_index": 1, "h5_index": 0, "mag_id": "1933738319", "num_publications": 1, "num_citations": 11, "num_publications_5y": 1, "num_citations_5y": 10, "num_publications_10y": 1, "num_citations_10y": 10, "publications_years": {"2014": 1}, "citations_years": {"2015": 2, "2016": 3, "2017": 2, "2018": 3, "2019": 1}, "old_citations": {"2014": 11}, "isVisible": false}, "1971954598": {"name": "romesh laishram", "type": "author", "activity": 10, "h_index": 3, "h5_index": 1, "mag_id": "1971954598", "num_publications": 1, "num_citations": 11, "num_publications_5y": 1, "num_citations_5y": 10, "num_publications_10y": 1, "num_citations_10y": 10, "publications_years": {"2014": 1}, "citations_years": {"2015": 2, "2016": 3, "2017": 2, "2018": 3, "2019": 1}, "old_citations": {"2014": 11}, "isVisible": false}, "1986084087": {"name": "kalyani akant", "type": "author", "activity": 1, "h_index": 0, "h5_index": 0, "mag_id": "1986084087", "num_publications": 1, "num_citations": 0, "num_publications_5y": 1, "num_citations_5y": 0, "num_publications_10y": 1, "num_citations_10y": 0, "publications_years": {"2014": 1}, "citations_years": {}, "old_citations": {"2014": 0}, "isVisible": false}, "1990752098": {"name": "s gurunarayanan", "type": "author", "activity": 12, "h_index": 4, "h5_index": 1, "mag_id": "1990752098", "num_publications": 1, "num_citations": 2, "num_publications_5y": 1, "num_citations_5y": 2, "num_publications_10y": 1, "num_citations_10y": 2, "publications_years": {"2014": 1}, "citations_years": {"2015": 2}, "old_citations": {"2014": 2}, "isVisible": false}, "2000736759": {"name": "madhuri a potey", "type": "author", "activity": 3, "h_index": 3, "h5_index": 0, "mag_id": "2000736759", "num_publications": 1, "num_citations": 4, "num_publications_5y": 1, "num_citations_5y": 4, "num_publications_10y": 1, "num_citations_10y": 4, "publications_years": {"2014": 1}, "citations_years": {"2016": 1, "2017": 1, "2018": 2}, "old_citations": {"2014": 4}, "isVisible": false}, "2001596644": {"name": "arindam karmakar", "type": "author", "activity": 13, "h_index": 3, "h5_index": 2, "mag_id": "2001596644", "num_publications": 1, "num_citations": 2, "num_publications_5y": 1, "num_citations_5y": 2, "num_publications_10y": 1, "num_citations_10y": 2, "publications_years": {"2014": 1}, "citations_years": {"2015": 2}, "old_citations": {"2014": 2}, "isVisible": false}, "2052558201": {"name": "jagruti salunkhe", "type": "author", "activity": 2, "h_index": 2, "h5_index": 0, "mag_id": "2052558201", "num_publications": 1, "num_citations": 3, "num_publications_5y": 1, "num_citations_5y": 3, "num_publications_10y": 1, "num_citations_10y": 3, "publications_years": {"2014": 1}, "citations_years": {"2015": 2, "2016": 0, "2017": 1}, "old_citations": {"2014": 3}, "isVisible": false}, "2083415952": {"name": "ratnakar dash", "type": "author", "activity": 12, "h_index": 8, "h5_index": 7, "mag_id": "2083415952", "num_publications": 1, "num_citations": 10, "num_publications_5y": 1, "num_citations_5y": 7, "num_publications_10y": 1, "num_citations_10y": 7, "publications_years": {"2014": 1}, "citations_years": {"2014": 1, "2015": 1, "2016": 2, "2017": 2, "2018": 1, "2019": 3}, "old_citations": {"2014": 10}, "isVisible": false}, "2102130647": {"name": "kaiser j giri", "type": "author", "activity": 7, "h_index": 1, "h5_index": 0, "mag_id": "2102130647", "num_publications": 1, "num_citations": 0, "num_publications_5y": 1, "num_citations_5y": 0, "num_publications_10y": 1, "num_citations_10y": 0, "publications_years": {"2014": 1}, "citations_years": {}, "old_citations": {"2014": 0}, "isVisible": false}, "2102401503": {"name": "anjana gosain", "type": "author", "activity": 18, "h_index": 13, "h5_index": 4, "mag_id": "2102401503", "num_publications": 1, "num_citations": 2, "num_publications_5y": 1, "num_citations_5y": 2, "num_publications_10y": 1, "num_citations_10y": 2, "publications_years": {"2014": 1}, "citations_years": {"2014": 1, "2015": 0, "2016": 1}, "old_citations": {"2014": 2}, "isVisible": false}, "2104967719": {"name": "rumaan bashir", "type": "author", "activity": 2, "h_index": 1, "h5_index": 0, "mag_id": "2104967719", "num_publications": 1, "num_citations": 0, "num_publications_5y": 1, "num_citations_5y": 0, "num_publications_10y": 1, "num_citations_10y": 0, "publications_years": {"2014": 1}, "citations_years": {}, "old_citations": {"2014": 0}, "isVisible": false}, "2105140575": {"name": "jai gopal pandey", "type": "author", "activity": 8, "h_index": 4, "h5_index": 2, "mag_id": "2105140575", "num_publications": 1, "num_citations": 2, "num_publications_5y": 1, "num_citations_5y": 2, "num_publications_10y": 1, "num_citations_10y": 2, "publications_years": {"2014": 1}, "citations_years": {"2015": 2}, "old_citations": {"2014": 2}, "isVisible": false}, "2110348485": {"name": "raghavendra b deshmukh", "type": "author", "activity": 11, "h_index": 2, "h5_index": 1, "mag_id": "2110348485", "num_publications": 1, "num_citations": 1, "num_publications_5y": 1, "num_citations_5y": 1, "num_publications_10y": 1, "num_citations_10y": 1, "publications_years": {"2014": 1}, "citations_years": {"2017": 1}, "old_citations": {"2014": 1}, "isVisible": false}, "2116992577": {"name": "pankaj agrawal", "type": "author", "activity": 7, "h_index": 2, "h5_index": 0, "mag_id": "2116992577", "num_publications": 1, "num_citations": 7, "num_publications_5y": 1, "num_citations_5y": 6, "num_publications_10y": 1, "num_citations_10y": 6, "publications_years": {"2014": 1}, "citations_years": {"2014": 1, "2015": 1, "2016": 2, "2017": 1, "2018": 1, "2019": 1}, "old_citations": {"2014": 7}, "isVisible": false}, "2121318979": {"name": "madhuri a tayal", "type": "author", "activity": 5, "h_index": 2, "h5_index": 1, "mag_id": "2121318979", "num_publications": 1, "num_citations": 2, "num_publications_5y": 1, "num_citations_5y": 2, "num_publications_10y": 1, "num_citations_10y": 2, "publications_years": {"2014": 1}, "citations_years": {"2016": 1, "2017": 1}, "old_citations": {"2014": 2}, "isVisible": false}, "2122285474": {"name": "harish laxmichand sharma", "type": "author", "activity": 2, "h_index": 2, "h5_index": 0, "mag_id": "2122285474", "num_publications": 1, "num_citations": 7, "num_publications_5y": 1, "num_citations_5y": 6, "num_publications_10y": 1, "num_citations_10y": 6, "publications_years": {"2014": 1}, "citations_years": {"2014": 1, "2015": 1, "2016": 2, "2017": 1, "2018": 1, "2019": 1}, "old_citations": {"2014": 7}, "isVisible": false}, "2157226839": {"name": "salim chavan", "type": "author", "activity": 5, "h_index": 1, "h5_index": 1, "mag_id": "2157226839", "num_publications": 1, "num_citations": 0, "num_publications_5y": 1, "num_citations_5y": 0, "num_publications_10y": 1, "num_citations_10y": 0, "publications_years": {"2014": 1}, "citations_years": {}, "old_citations": {"2014": 0}, "isVisible": false}, "2158063354": {"name": "wahengbam kanan kumar", "type": "author", "activity": 1, "h_index": 1, "h5_index": 0, "mag_id": "2158063354", "num_publications": 1, "num_citations": 11, "num_publications_5y": 1, "num_citations_5y": 10, "num_publications_10y": 1, "num_citations_10y": 10, "publications_years": {"2014": 1}, "citations_years": {"2015": 2, "2016": 3, "2017": 2, "2018": 3, "2019": 1}, "old_citations": {"2014": 11}, "isVisible": false}, "2162489198": {"name": "r v kshirsagar", "type": "author", "activity": 7, "h_index": 3, "h5_index": 0, "mag_id": "2162489198", "num_publications": 1, "num_citations": 7, "num_publications_5y": 1, "num_citations_5y": 6, "num_publications_10y": 1, "num_citations_10y": 6, "publications_years": {"2014": 1}, "citations_years": {"2014": 1, "2015": 1, "2016": 2, "2017": 1, "2018": 1, "2019": 1}, "old_citations": {"2014": 7}, "isVisible": false}, "2164076164": {"name": "samit kumar pradhan", "type": "author", "activity": 0, "h_index": 0, "h5_index": 0, "mag_id": "2164076164", "num_publications": 1, "num_citations": 0, "num_publications_5y": 1, "num_citations_5y": 0, "num_publications_10y": 1, "num_citations_10y": 0, "publications_years": {"2014": 1}, "citations_years": {}, "old_citations": {"2014": 1}, "isVisible": false}, "2164492435": {"name": "prerana shrivastava", "type": "author", "activity": 3, "h_index": 3, "h5_index": 0, "mag_id": "2164492435", "num_publications": 1, "num_citations": 11, "num_publications_5y": 1, "num_citations_5y": 10, "num_publications_10y": 1, "num_citations_10y": 10, "publications_years": {"2014": 1}, "citations_years": {"2015": 3, "2016": 5, "2017": 2, "2018": 0, "2019": 1}, "old_citations": {"2014": 11}, "isVisible": false}, "2166081345": {"name": "sarbani roy", "type": "author", "activity": 17, "h_index": 10, "h5_index": 4, "mag_id": "2166081345", "num_publications": 1, "num_citations": 7, "num_publications_5y": 1, "num_citations_5y": 7, "num_publications_10y": 1, "num_citations_10y": 7, "publications_years": {"2014": 1}, "citations_years": {"2015": 1, "2016": 1, "2017": 5}, "old_citations": {"2014": 7}, "isVisible": false}, "2222130922": {"name": "retesh jain", "type": "author", "activity": 1, "h_index": 1, "h5_index": 0, "mag_id": "2222130922", "num_publications": 1, "num_citations": 3, "num_publications_5y": 1, "num_citations_5y": 1, "num_publications_10y": 1, "num_citations_10y": 1, "publications_years": {"2014": 1}, "citations_years": {"2017": 1, "2018": 0, "2019": 0, "2020": 2}, "old_citations": {"2014": 3}, "isVisible": false}, "2224618989": {"name": "chandrashekhar t kukade", "type": "author", "activity": 1, "h_index": 1, "h5_index": 0, "mag_id": "2224618989", "num_publications": 1, "num_citations": 1, "num_publications_5y": 1, "num_citations_5y": 1, "num_publications_10y": 1, "num_citations_10y": 1, "publications_years": {"2014": 1}, "citations_years": {"2017": 1}, "old_citations": {"2014": 1}, "isVisible": false}, "2224723141": {"name": "bireshwar ganguly", "type": "author", "activity": 5, "h_index": 1, "h5_index": 1, "mag_id": "2224723141", "num_publications": 1, "num_citations": 1, "num_publications_5y": 1, "num_citations_5y": 1, "num_publications_10y": 1, "num_citations_10y": 1, "publications_years": {"2014": 1}, "citations_years": {"2018": 1}, "old_citations": {"2014": 1}, "isVisible": false}, "2225364362": {"name": "ashish s bhopale", "type": "author", "activity": 1, "h_index": 1, "h5_index": 0, "mag_id": "2225364362", "num_publications": 1, "num_citations": 3, "num_publications_5y": 1, "num_citations_5y": 2, "num_publications_10y": 1, "num_citations_10y": 2, "publications_years": {"2014": 1}, "citations_years": {"2015": 2, "2016": 0, "2017": 0, "2018": 0, "2019": 0, "2020": 1}, "old_citations": {"2014": 3}, "isVisible": false}, "2225795933": {"name": "prashant vats", "type": "author", "activity": 4, "h_index": 1, "h5_index": 0, "mag_id": "2225795933", "num_publications": 1, "num_citations": 2, "num_publications_5y": 1, "num_citations_5y": 2, "num_publications_10y": 1, "num_citations_10y": 2, "publications_years": {"2014": 1}, "citations_years": {"2014": 1, "2015": 0, "2016": 1}, "old_citations": {"2014": 2}, "isVisible": false}, "2225839024": {"name": "satish j pusdekar", "type": "author", "activity": 1, "h_index": 1, "h5_index": 0, "mag_id": "2225839024", "num_publications": 1, "num_citations": 3, "num_publications_5y": 1, "num_citations_5y": 3, "num_publications_10y": 1, "num_citations_10y": 3, "publications_years": {"2014": 1}, "citations_years": {"2016": 2, "2017": 1}, "old_citations": {"2014": 3}, "isVisible": false}, "2226171707": {"name": "mugdha m dewasthale", "type": "author", "activity": 2, "h_index": 2, "h5_index": 0, "mag_id": "2226171707", "num_publications": 1, "num_citations": 4, "num_publications_5y": 1, "num_citations_5y": 4, "num_publications_10y": 1, "num_citations_10y": 4, "publications_years": {"2014": 1}, "citations_years": {"2015": 1, "2016": 3}, "old_citations": {"2014": 4}, "isVisible": false}, "2227316131": {"name": "shyamkant limaye", "type": "author", "activity": 1, "h_index": 0, "h5_index": 0, "mag_id": "2227316131", "num_publications": 1, "num_citations": 0, "num_publications_5y": 1, "num_citations_5y": 0, "num_publications_10y": 1, "num_citations_10y": 0, "publications_years": {"2014": 1}, "citations_years": {}, "old_citations": {"2014": 0}, "isVisible": false}, "2227894300": {"name": "apashabi chandkhan pathan", "type": "author", "activity": 1, "h_index": 1, "h5_index": 0, "mag_id": "2227894300", "num_publications": 1, "num_citations": 4, "num_publications_5y": 1, "num_citations_5y": 4, "num_publications_10y": 1, "num_citations_10y": 4, "publications_years": {"2014": 1}, "citations_years": {"2016": 1, "2017": 1, "2018": 2}, "old_citations": {"2014": 4}, "isVisible": false}, "2229333836": {"name": "prathamey k rane", "type": "author", "activity": 1, "h_index": 1, "h5_index": 0, "mag_id": "2229333836", "num_publications": 1, "num_citations": 22, "num_publications_5y": 1, "num_citations_5y": 19, "num_publications_10y": 1, "num_citations_10y": 19, "publications_years": {"2014": 1}, "citations_years": {"2014": 2, "2015": 7, "2016": 3, "2017": 4, "2018": 3, "2019": 3}, "old_citations": {"2014": 22}, "isVisible": false}, "2229500263": {"name": "vidya n chiwande", "type": "author", "activity": 1, "h_index": 1, "h5_index": 0, "mag_id": "2229500263", "num_publications": 1, "num_citations": 6, "num_publications_5y": 1, "num_citations_5y": 5, "num_publications_10y": 1, "num_citations_10y": 5, "publications_years": {"2014": 1}, "citations_years": {"2014": 1, "2015": 2, "2016": 0, "2017": 1, "2018": 1, "2019": 1}, "old_citations": {"2014": 6}, "isVisible": false}, "2230665945": {"name": "atul negi", "type": "author", "activity": 24, "h_index": 7, "h5_index": 3, "mag_id": "2230665945", "num_publications": 1, "num_citations": 0, "num_publications_5y": 1, "num_citations_5y": 0, "num_publications_10y": 1, "num_citations_10y": 0, "publications_years": {"2014": 1}, "citations_years": {}, "old_citations": {"2014": 1}, "isVisible": false}, "2230980937": {"name": "leena s gawade", "type": "author", "activity": 1, "h_index": 1, "h5_index": 0, "mag_id": "2230980937", "num_publications": 1, "num_citations": 22, "num_publications_5y": 1, "num_citations_5y": 19, "num_publications_10y": 1, "num_citations_10y": 19, "publications_years": {"2014": 1}, "citations_years": {"2014": 2, "2015": 7, "2016": 3, "2017": 4, "2018": 3, "2019": 3}, "old_citations": {"2014": 22}, "isVisible": false}, "2231232566": {"name": "megha kolhekar", "type": "author", "activity": 1, "h_index": 1, "h5_index": 0, "mag_id": "2231232566", "num_publications": 1, "num_citations": 9, "num_publications_5y": 1, "num_citations_5y": 7, "num_publications_10y": 1, "num_citations_10y": 7, "publications_years": {"2014": 1}, "citations_years": {"2014": 4, "2015": 0, "2016": 2, "2017": 0, "2018": 1, "2019": 1, "2020": 1}, "old_citations": {"2014": 9}, "isVisible": false}, "2231448371": {"name": "devashri raich", "type": "author", "activity": 5, "h_index": 1, "h5_index": 1, "mag_id": "2231448371", "num_publications": 1, "num_citations": 1, "num_publications_5y": 1, "num_citations_5y": 1, "num_publications_10y": 1, "num_citations_10y": 1, "publications_years": {"2014": 1}, "citations_years": {"2018": 1}, "old_citations": {"2014": 1}, "isVisible": false}, "2232251904": {"name": "shraddha m gurav", "type": "author", "activity": 1, "h_index": 1, "h5_index": 0, "mag_id": "2232251904", "num_publications": 1, "num_citations": 22, "num_publications_5y": 1, "num_citations_5y": 19, "num_publications_10y": 1, "num_citations_10y": 19, "publications_years": {"2014": 1}, "citations_years": {"2014": 2, "2015": 7, "2016": 3, "2017": 4, "2018": 3, "2019": 3}, "old_citations": {"2014": 22}, "isVisible": false}, "2273756663": {"name": "s b pokle", "type": "author", "activity": 5, "h_index": 3, "h5_index": 0, "mag_id": "2273756663", "num_publications": 1, "num_citations": 11, "num_publications_5y": 1, "num_citations_5y": 10, "num_publications_10y": 1, "num_citations_10y": 10, "publications_years": {"2014": 1}, "citations_years": {"2015": 3, "2016": 5, "2017": 2, "2018": 0, "2019": 1}, "old_citations": {"2014": 11}, "isVisible": false}, "2298262483": {"name": "akshay s patharkar", "type": "author", "activity": 1, "h_index": 1, "h5_index": 0, "mag_id": "2298262483", "num_publications": 1, "num_citations": 3, "num_publications_5y": 1, "num_citations_5y": 2, "num_publications_10y": 1, "num_citations_10y": 2, "publications_years": {"2014": 1}, "citations_years": {"2015": 2, "2016": 0, "2017": 0, "2018": 0, "2019": 0, "2020": 1}, "old_citations": {"2014": 3}, "isVisible": false}, "2307088787": {"name": "anshuman gupta", "type": "author", "activity": 1, "h_index": 1, "h5_index": 0, "mag_id": "2307088787", "num_publications": 1, "num_citations": 11, "num_publications_5y": 1, "num_citations_5y": 10, "num_publications_10y": 1, "num_citations_10y": 10, "publications_years": {"2014": 1}, "citations_years": {"2015": 2, "2016": 3, "2017": 2, "2018": 3, "2019": 1}, "old_citations": {"2014": 11}, "isVisible": false}, "2307873924": {"name": "vandana jagtap", "type": "author", "activity": 8, "h_index": 3, "h5_index": 1, "mag_id": "2307873924", "num_publications": 1, "num_citations": 4, "num_publications_5y": 1, "num_citations_5y": 4, "num_publications_10y": 1, "num_citations_10y": 4, "publications_years": {"2014": 1}, "citations_years": {"2014": 1, "2015": 1, "2016": 2}, "old_citations": {"2014": 4}, "isVisible": false}, "2309734791": {"name": "sajay l badjate", "type": "author", "activity": 1, "h_index": 1, "h5_index": 0, "mag_id": "2309734791", "num_publications": 1, "num_citations": 1, "num_publications_5y": 1, "num_citations_5y": 0, "num_publications_10y": 1, "num_citations_10y": 0, "publications_years": {"2014": 1}, "citations_years": {"2019": 1}, "old_citations": {"2014": 1}, "isVisible": false}, "2310545636": {"name": "ravi mishra", "type": "author", "activity": 3, "h_index": 2, "h5_index": 0, "mag_id": "2310545636", "num_publications": 1, "num_citations": 12, "num_publications_5y": 1, "num_citations_5y": 10, "num_publications_10y": 1, "num_citations_10y": 10, "publications_years": {"2014": 1}, "citations_years": {"2014": 2, "2015": 5, "2016": 2, "2017": 0, "2018": 1, "2019": 2}, "old_citations": {"2014": 12}, "isVisible": false}, "2312403688": {"name": "vikrant singh thakur", "type": "author", "activity": 4, "h_index": 3, "h5_index": 0, "mag_id": "2312403688", "num_publications": 1, "num_citations": 9, "num_publications_5y": 1, "num_citations_5y": 9, "num_publications_10y": 1, "num_citations_10y": 9, "publications_years": {"2014": 1}, "citations_years": {"2016": 4, "2017": 4, "2018": 1}, "old_citations": {"2014": 9}, "isVisible": false}, "2344157890": {"name": "s p shende", "type": "author", "activity": 1, "h_index": 1, "h5_index": 0, "mag_id": "2344157890", "num_publications": 1, "num_citations": 1, "num_publications_5y": 1, "num_citations_5y": 1, "num_publications_10y": 1, "num_citations_10y": 1, "publications_years": {"2014": 1}, "citations_years": {"2014": 1}, "old_citations": {"2014": 1}, "isVisible": false}, "2422277347": {"name": "v m thakare", "type": "author", "activity": 6, "h_index": 1, "h5_index": 0, "mag_id": "2422277347", "num_publications": 1, "num_citations": 1, "num_publications_5y": 1, "num_citations_5y": 1, "num_publications_10y": 1, "num_citations_10y": 1, "publications_years": {"2014": 1}, "citations_years": {"2015": 1}, "old_citations": {"2014": 1}, "isVisible": false}, "2441329779": {"name": "mayank agrawal", "type": "author", "activity": 2, "h_index": 2, "h5_index": 0, "mag_id": "2441329779", "num_publications": 1, "num_citations": 10, "num_publications_5y": 1, "num_citations_5y": 7, "num_publications_10y": 1, "num_citations_10y": 7, "publications_years": {"2014": 1}, "citations_years": {"2014": 1, "2015": 1, "2016": 2, "2017": 2, "2018": 1, "2019": 3}, "old_citations": {"2014": 10}, "isVisible": false}, "2462387400": {"name": "sudhir akojwar", "type": "author", "activity": 7, "h_index": 2, "h5_index": 2, "mag_id": "2462387400", "num_publications": 1, "num_citations": 0, "num_publications_5y": 1, "num_citations_5y": 0, "num_publications_10y": 1, "num_citations_10y": 0, "publications_years": {"2014": 1}, "citations_years": {}, "old_citations": {"2014": 0}, "isVisible": false}, "2478457873": {"name": "s s limaye", "type": "author", "activity": 4, "h_index": 1, "h5_index": 0, "mag_id": "2478457873", "num_publications": 1, "num_citations": 3, "num_publications_5y": 1, "num_citations_5y": 2, "num_publications_10y": 1, "num_citations_10y": 2, "publications_years": {"2014": 1}, "citations_years": {"2015": 2, "2016": 0, "2017": 0, "2018": 0, "2019": 0, "2020": 1}, "old_citations": {"2014": 3}, "isVisible": false}, "2487549389": {"name": "s b lande", "type": "author", "activity": 1, "h_index": 1, "h5_index": 0, "mag_id": "2487549389", "num_publications": 1, "num_citations": 1, "num_publications_5y": 1, "num_citations_5y": 1, "num_publications_10y": 1, "num_citations_10y": 1, "publications_years": {"2014": 1}, "citations_years": {"2014": 1}, "old_citations": {"2014": 1}, "isVisible": false}, "2515703029": {"name": "monisha sharma", "type": "author", "activity": 3, "h_index": 2, "h5_index": 0, "mag_id": "2515703029", "num_publications": 1, "num_citations": 12, "num_publications_5y": 1, "num_citations_5y": 10, "num_publications_10y": 1, "num_citations_10y": 10, "publications_years": {"2014": 1}, "citations_years": {"2014": 2, "2015": 5, "2016": 2, "2017": 0, "2018": 1, "2019": 2}, "old_citations": {"2014": 12}, "isVisible": false}, "2516393873": {"name": "tathagata das", "type": "author", "activity": 5, "h_index": 2, "h5_index": 0, "mag_id": "2516393873", "num_publications": 1, "num_citations": 7, "num_publications_5y": 1, "num_citations_5y": 7, "num_publications_10y": 1, "num_citations_10y": 7, "publications_years": {"2014": 1}, "citations_years": {"2015": 1, "2016": 1, "2017": 5}, "old_citations": {"2014": 7}, "isVisible": false}, "2528345624": {"name": "c s gode", "type": "author", "activity": 1, "h_index": 2, "h5_index": 0, "mag_id": "2528345624", "num_publications": 1, "num_citations": 13, "num_publications_5y": 1, "num_citations_5y": 12, "num_publications_10y": 1, "num_citations_10y": 12, "publications_years": {"2014": 1}, "citations_years": {"2014": 1, "2015": 6, "2016": 2, "2017": 1, "2018": 2, "2019": 1}, "old_citations": {"2014": 13}, "isVisible": false}, "2549263358": {"name": "c g dethe", "type": "author", "activity": 6, "h_index": 1, "h5_index": 0, "mag_id": "2549263358", "num_publications": 1, "num_citations": 1, "num_publications_5y": 1, "num_citations_5y": 1, "num_publications_10y": 1, "num_citations_10y": 1, "publications_years": {"2014": 1}, "citations_years": {"2015": 1}, "old_citations": {"2014": 1}, "isVisible": false}, "2563947824": {"name": "karishma pawar", "type": "author", "activity": 8, "h_index": 4, "h5_index": 3, "mag_id": "2563947824", "num_publications": 1, "num_citations": 4, "num_publications_5y": 1, "num_citations_5y": 4, "num_publications_10y": 1, "num_citations_10y": 4, "publications_years": {"2014": 1}, "citations_years": {"2014": 1, "2015": 1, "2016": 2}, "old_citations": {"2014": 4}, "isVisible": false}, "2572179763": {"name": "anjali khare", "type": "author", "activity": 1, "h_index": 1, "h5_index": 0, "mag_id": "2572179763", "num_publications": 1, "num_citations": 2, "num_publications_5y": 1, "num_citations_5y": 2, "num_publications_10y": 1, "num_citations_10y": 2, "publications_years": {"2014": 1}, "citations_years": {"2015": 1, "2016": 1}, "old_citations": {"2014": 2}, "isVisible": false}, "2577150037": {"name": "vijay h mankar", "type": "author", "activity": 1, "h_index": 1, "h5_index": 0, "mag_id": "2577150037", "num_publications": 1, "num_citations": 5, "num_publications_5y": 1, "num_citations_5y": 2, "num_publications_10y": 1, "num_citations_10y": 2, "publications_years": {"2014": 1}, "citations_years": {"2016": 1, "2017": 0, "2018": 1, "2019": 3}, "old_citations": {"2014": 5}, "isVisible": false}, "2579400354": {"name": "latesh malik", "type": "author", "activity": 13, "h_index": 9, "h5_index": 3, "mag_id": "2579400354", "num_publications": 1, "num_citations": 2, "num_publications_5y": 1, "num_citations_5y": 2, "num_publications_10y": 1, "num_citations_10y": 2, "publications_years": {"2014": 1}, "citations_years": {"2016": 1, "2017": 1}, "old_citations": {"2014": 2}, "isVisible": false}, "2618311683": {"name": "r d kharadkar", "type": "author", "activity": 2, "h_index": 2, "h5_index": 0, "mag_id": "2618311683", "num_publications": 1, "num_citations": 4, "num_publications_5y": 1, "num_citations_5y": 4, "num_publications_10y": 1, "num_citations_10y": 4, "publications_years": {"2014": 1}, "citations_years": {"2015": 1, "2016": 3}, "old_citations": {"2014": 4}, "isVisible": false}, "2628223062": {"name": "s k singhai", "type": "author", "activity": 3, "h_index": 3, "h5_index": 0, "mag_id": "2628223062", "num_publications": 1, "num_citations": 12, "num_publications_5y": 1, "num_citations_5y": 10, "num_publications_10y": 1, "num_citations_10y": 10, "publications_years": {"2014": 1}, "citations_years": {"2014": 2, "2015": 5, "2016": 2, "2017": 0, "2018": 1, "2019": 2}, "old_citations": {"2014": 12}, "isVisible": false}, "2632011681": {"name": "v m thakare", "type": "author", "activity": 3, "h_index": 0, "h5_index": 0, "mag_id": "2632011681", "num_publications": 1, "num_citations": 0, "num_publications_5y": 1, "num_citations_5y": 0, "num_publications_10y": 1, "num_citations_10y": 0, "publications_years": {"2014": 1}, "citations_years": {}, "old_citations": {"2014": 0}, "isVisible": false}, "2640473045": {"name": "s v shirbhate", "type": "author", "activity": 3, "h_index": 0, "h5_index": 0, "mag_id": "2640473045", "num_publications": 1, "num_citations": 0, "num_publications_5y": 1, "num_citations_5y": 0, "num_publications_10y": 1, "num_citations_10y": 0, "publications_years": {"2014": 1}, "citations_years": {}, "old_citations": {"2014": 0}, "isVisible": false}, "2643673517": {"name": "kavita thakur", "type": "author", "activity": 8, "h_index": 4, "h5_index": 0, "mag_id": "2643673517", "num_publications": 1, "num_citations": 9, "num_publications_5y": 1, "num_citations_5y": 9, "num_publications_10y": 1, "num_citations_10y": 9, "publications_years": {"2014": 1}, "citations_years": {"2016": 4, "2017": 4, "2018": 1}, "old_citations": {"2014": 9}, "isVisible": false}, "2652324236": {"name": "d g wakde", "type": "author", "activity": 1, "h_index": 1, "h5_index": 0, "mag_id": "2652324236", "num_publications": 1, "num_citations": 2, "num_publications_5y": 1, "num_citations_5y": 2, "num_publications_10y": 1, "num_citations_10y": 2, "publications_years": {"2014": 1}, "citations_years": {"2015": 1, "2016": 1}, "old_citations": {"2014": 2}, "isVisible": false}, "2658871675": {"name": "sachin m jambhulkar", "type": "author", "activity": 1, "h_index": 1, "h5_index": 0, "mag_id": "2658871675", "num_publications": 1, "num_citations": 13, "num_publications_5y": 1, "num_citations_5y": 12, "num_publications_10y": 1, "num_citations_10y": 12, "publications_years": {"2014": 1}, "citations_years": {"2014": 1, "2015": 6, "2016": 2, "2017": 1, "2018": 2, "2019": 1}, "old_citations": {"2014": 13}, "isVisible": false}, "2659427949": {"name": "s s sherekar", "type": "author", "activity": 3, "h_index": 0, "h5_index": 0, "mag_id": "2659427949", "num_publications": 1, "num_citations": 0, "num_publications_5y": 1, "num_citations_5y": 0, "num_publications_10y": 1, "num_citations_10y": 0, "publications_years": {"2014": 1}, "citations_years": {}, "old_citations": {"2014": 0}, "isVisible": false}, "2659906028": {"name": "animesh r tayal", "type": "author", "activity": 1, "h_index": 1, "h5_index": 0, "mag_id": "2659906028", "num_publications": 1, "num_citations": 6, "num_publications_5y": 1, "num_citations_5y": 5, "num_publications_10y": 1, "num_citations_10y": 5, "publications_years": {"2014": 1}, "citations_years": {"2014": 1, "2015": 2, "2016": 0, "2017": 1, "2018": 1, "2019": 1}, "old_citations": {"2014": 6}, "isVisible": false}, "2665775697": {"name": "apurva n ganar", "type": "author", "activity": 1, "h_index": 1, "h5_index": 0, "mag_id": "2665775697", "num_publications": 1, "num_citations": 13, "num_publications_5y": 1, "num_citations_5y": 12, "num_publications_10y": 1, "num_citations_10y": 12, "publications_years": {"2014": 1}, "citations_years": {"2014": 1, "2015": 6, "2016": 2, "2017": 1, "2018": 2, "2019": 1}, "old_citations": {"2014": 13}, "isVisible": false}, "2666174240": {"name": "k s raghuwanshi", "type": "author", "activity": 1, "h_index": 1, "h5_index": 0, "mag_id": "2666174240", "num_publications": 1, "num_citations": 3, "num_publications_5y": 1, "num_citations_5y": 1, "num_publications_10y": 1, "num_citations_10y": 1, "publications_years": {"2014": 1}, "citations_years": {"2017": 1, "2018": 0, "2019": 0, "2020": 2}, "old_citations": {"2014": 3}, "isVisible": false}, "2671302889": {"name": "shaikh phiroj chhaware", "type": "author", "activity": 1, "h_index": 1, "h5_index": 0, "mag_id": "2671302889", "num_publications": 1, "num_citations": 3, "num_publications_5y": 1, "num_citations_5y": 3, "num_publications_10y": 1, "num_citations_10y": 3, "publications_years": {"2014": 1}, "citations_years": {"2016": 2, "2017": 1}, "old_citations": {"2014": 3}, "isVisible": false}, "2671733290": {"name": "s s pathak", "type": "author", "activity": 1, "h_index": 1, "h5_index": 0, "mag_id": "2671733290", "num_publications": 1, "num_citations": 1, "num_publications_5y": 1, "num_citations_5y": 1, "num_publications_10y": 1, "num_citations_10y": 1, "publications_years": {"2014": 1}, "citations_years": {"2014": 1}, "old_citations": {"2014": 1}, "isVisible": false}, "2671834730": {"name": "vivek e khetade", "type": "author", "activity": 1, "h_index": 1, "h5_index": 0, "mag_id": "2671834730", "num_publications": 1, "num_citations": 3, "num_publications_5y": 1, "num_citations_5y": 2, "num_publications_10y": 1, "num_citations_10y": 2, "publications_years": {"2014": 1}, "citations_years": {"2015": 2, "2016": 0, "2017": 0, "2018": 0, "2019": 0, "2020": 1}, "old_citations": {"2014": 3}, "isVisible": false}, "2691005920": {"name": "manju mandot", "type": "author", "activity": 4, "h_index": 1, "h5_index": 0, "mag_id": "2691005920", "num_publications": 1, "num_citations": 2, "num_publications_5y": 1, "num_citations_5y": 2, "num_publications_10y": 1, "num_citations_10y": 2, "publications_years": {"2014": 1}, "citations_years": {"2014": 1, "2015": 0, "2016": 1}, "old_citations": {"2014": 2}, "isVisible": false}, "2694153335": {"name": "anita jadhav", "type": "author", "activity": 1, "h_index": 1, "h5_index": 0, "mag_id": "2694153335", "num_publications": 1, "num_citations": 9, "num_publications_5y": 1, "num_citations_5y": 7, "num_publications_10y": 1, "num_citations_10y": 7, "publications_years": {"2014": 1}, "citations_years": {"2014": 4, "2015": 0, "2016": 2, "2017": 0, "2018": 1, "2019": 1, "2020": 1}, "old_citations": {"2014": 9}, "isVisible": false}, "2694809439": {"name": "pratik shrivastava", "type": "author", "activity": 1, "h_index": 1, "h5_index": 0, "mag_id": "2694809439", "num_publications": 1, "num_citations": 3, "num_publications_5y": 1, "num_citations_5y": 1, "num_publications_10y": 1, "num_citations_10y": 1, "publications_years": {"2014": 1}, "citations_years": {"2017": 1, "2018": 0, "2019": 0, "2020": 2}, "old_citations": {"2014": 3}, "isVisible": false}, "2696436091": {"name": "ankush s patharkar", "type": "author", "activity": 1, "h_index": 1, "h5_index": 0, "mag_id": "2696436091", "num_publications": 1, "num_citations": 3, "num_publications_5y": 1, "num_citations_5y": 2, "num_publications_10y": 1, "num_citations_10y": 2, "publications_years": {"2014": 1}, "citations_years": {"2015": 2, "2016": 0, "2017": 0, "2018": 0, "2019": 0, "2020": 1}, "old_citations": {"2014": 3}, "isVisible": false}, "2700621535": {"name": "bhupendra s deshmukh", "type": "author", "activity": 1, "h_index": 1, "h5_index": 0, "mag_id": "2700621535", "num_publications": 1, "num_citations": 5, "num_publications_5y": 1, "num_citations_5y": 2, "num_publications_10y": 1, "num_citations_10y": 2, "publications_years": {"2014": 1}, "citations_years": {"2016": 1, "2017": 0, "2018": 1, "2019": 3}, "old_citations": {"2014": 5}, "isVisible": false}, "2702262125": {"name": "pankaj m pandit", "type": "author", "activity": 1, "h_index": 0, "h5_index": 0, "mag_id": "2702262125", "num_publications": 1, "num_citations": 0, "num_publications_5y": 1, "num_citations_5y": 0, "num_publications_10y": 1, "num_citations_10y": 0, "publications_years": {"2014": 1}, "citations_years": {}, "old_citations": {"2014": 0}, "isVisible": false}, "2709275912": {"name": "simran r khiani", "type": "author", "activity": 6, "h_index": 1, "h5_index": 0, "mag_id": "2709275912", "num_publications": 1, "num_citations": 1, "num_publications_5y": 1, "num_citations_5y": 1, "num_publications_10y": 1, "num_citations_10y": 1, "publications_years": {"2014": 1}, "citations_years": {"2015": 1}, "old_citations": {"2014": 1}, "isVisible": false}, "2710582792": {"name": "rajendra m rewatkar", "type": "author", "activity": 1, "h_index": 1, "h5_index": 0, "mag_id": "2710582792", "num_publications": 1, "num_citations": 1, "num_publications_5y": 1, "num_citations_5y": 0, "num_publications_10y": 1, "num_citations_10y": 0, "publications_years": {"2014": 1}, "citations_years": {"2019": 1}, "old_citations": {"2014": 1}, "isVisible": false}, "2785220671": {"name": "ajeet ram pathak", "type": "author", "activity": 7, "h_index": 4, "h5_index": 3, "mag_id": "2785220671", "num_publications": 1, "num_citations": 4, "num_publications_5y": 1, "num_citations_5y": 4, "num_publications_10y": 1, "num_citations_10y": 4, "publications_years": {"2014": 1}, "citations_years": {"2014": 1, "2015": 1, "2016": 2}, "old_citations": {"2014": 4}, "isVisible": false}, "2893158262": {"name": "chandra shekhar", "type": "author", "activity": 26, "h_index": 4, "h5_index": 0, "mag_id": "2893158262", "num_publications": 1, "num_citations": 2, "num_publications_5y": 1, "num_citations_5y": 2, "num_publications_10y": 1, "num_citations_10y": 2, "publications_years": {"2014": 1}, "citations_years": {"2015": 2}, "old_citations": {"2014": 2}, "isVisible": false}}, "countries": {"India": {"name": "India", "type": "country", "h5_index": 78, "num_publications": 11, "num_citations": 69, "num_publications_5y": 11, "num_citations_5y": 61, "num_publications_10y": 11, "num_citations_10y": 61, "publications_years": {"2014": 11}, "citations_years": {"2017": 16, "2014": 5, "2015": 17, "2016": 16, "2018": 7, "2019": 8}, "old_citations": {"2014": 70}, "isVisible": false}, "Bangladesh": {"name": "Bangladesh", "type": "country", "h5_index": 25, "num_publications": 1, "num_citations": 0, "num_publications_5y": 1, "num_citations_5y": 0, "num_publications_10y": 1, "num_citations_10y": 0, "publications_years": {"2014": 1}, "citations_years": {}, "old_citations": {"2014": 0}, "isVisible": false}}}, "conference_comparison": {"computer science": {}}, "topics_dna": {"publications": {}, "citations": {"normalized": {}, "average": {}}}, "info": {"num_publications": 36, "num_citations": 165.0, "impact_factor": {}, "publications_years": {"2014": 36}, "citations_years": {"2014": 16, "2015": 38, "2016": 40, "2017": 29, "2018": 18, "2019": 18, "2020": 5}, "old_citations": {"2014": 165}, "h5_index": 0}, "percentile": {"computer science": {"2014": 80}}, "conference_ranking": {"computer science": {"2014": 818}}, "academia": {"num_publications": 12, "num_citations": 70, "publications_years": {"2014": 12}, "old_citations": {"2014": 70}, "num_publications_5y": 0, "num_citations_5y": 0, "num_publications_10y": 12, "num_citations_10y": 70}, "industry": {"num_publications": 0, "num_citations": 0, "publications_years": {}, "old_citations": {}, "num_publications_5y": 0, "num_citations_5y": 0, "num_publications_10y": 0, "num_citations_10y": 0}, "collaborative": {"num_publications": 0, "num_citations": 0, "publications_years": {}, "old_citations": {}, "num_publications_5y": 0, "num_citations_5y": 0, "num_publications_10y": 0, "num_citations_10y": 0}, "conferences": {}, "journals": {}, "organizations": {"publication_overall": ["Rashtrasant Tukadoji Maharaj Nagpur University", "Birla Institute of Technology and Science, Pilani", "Guru Gobind Singh Indraprastha University", "Indian Institute of Technology Kharagpur", "Islamic University", "Jadavpur University", "Maharishi Markandeshwar University, Mullana", "National Institute of Technology Rourkela", "University of Hyderabad", "University of Mumbai", "Visvesvaraya National Institute of Technology"], "citation_overall": ["University of Mumbai", "Rashtrasant Tukadoji Maharaj Nagpur University", "Maharishi Markandeshwar University, Mullana", "National Institute of Technology Rourkela", "Jadavpur University", "Birla Institute of Technology and Science, Pilani", "Guru Gobind Singh Indraprastha University", "Indian Institute of Technology Kharagpur", "University of Hyderabad", "Visvesvaraya National Institute of Technology", "Islamic University"], "publication_10_years": ["Rashtrasant Tukadoji Maharaj Nagpur University", "Birla Institute of Technology and Science, Pilani", "Guru Gobind Singh Indraprastha University", "Indian Institute of Technology Kharagpur", "Islamic University", "Jadavpur University", "Maharishi Markandeshwar University, Mullana", "National Institute of Technology Rourkela", "University of Hyderabad", "University of Mumbai", "Visvesvaraya National Institute of Technology"], "citation_10_years": ["University of Mumbai", "Rashtrasant Tukadoji Maharaj Nagpur University", "Maharishi Markandeshwar University, Mullana", "National Institute of Technology Rourkela", "Jadavpur University", "Birla Institute of Technology and Science, Pilani", "Guru Gobind Singh Indraprastha University", "Indian Institute of Technology Kharagpur", "University of Hyderabad", "Visvesvaraya National Institute of Technology", "Islamic University"], "publication_5_years": [], "citation_5_years": []}, "countries": {"publication_overall": ["India", "Bangladesh"], "citation_overall": ["India", "Bangladesh"], "publication_10_years": ["India", "Bangladesh"], "citation_10_years": ["India", "Bangladesh"], "publication_5_years": [], "citation_5_years": []}, "topics": {"publication_overall": ["computer science", "computer systems", "engineering", "computer networks", "artificial intelligence", "signal processing", "database systems", "mathematics", "telecommunication systems", "communication systems", "computer imaging and vision", "wireless telecommunication systems", "communication channels (information theory)", "image processing", "machine learning", "telecommunication networks", "computer hardware", "image analysis", "pattern recognition", "internet"], "citation_overall": ["computer science", "computer systems", "engineering", "computer imaging and vision", "image analysis", "image processing", "mathematics", "artificial intelligence", "internet", "signal processing", "database systems", "computer networks", "image segmentation", "image quality", "image enhancement", "machine learning", "computer hardware", "pattern recognition", "computer security", "security of data"], "publication_10_years": ["computer science", "computer systems", "engineering", "computer networks", "artificial intelligence", "signal processing", "database systems", "mathematics", "telecommunication systems", "communication systems", "computer imaging and vision", "wireless telecommunication systems", "communication channels (information theory)", "image processing", "machine learning", "telecommunication networks", "computer hardware", "image analysis", "pattern recognition", "internet"], "citation_10_years": ["computer science", "computer systems", "engineering", "computer imaging and vision", "image analysis", "image processing", "mathematics", "artificial intelligence", "internet", "signal processing", "database systems", "computer networks", "image segmentation", "image quality", "image enhancement", "machine learning", "computer hardware", "pattern recognition", "computer security", "security of data"], "publication_5_years": [], "citation_5_years": []}, "main_topics": ["computer science"], "authors": {"publication_overall": ["172113827", "343079704", "2196070538", "47455116", "412673012", "575696788", "582275700", "714396925", "955496017", "1933738319", "1971954598", "1986084087", "1990752098", "2000736759", "2001596644", "2052558201", "2083415952", "2102130647", "2102401503", "2104967719", "2105140575", "2110348485", "2116992577", "2121318979", "2122285474", "2157226839", "2158063354", "2162489198", "2164076164", "2164492435", "2166081345", "2222130922", "2224618989", "2224723141", "2225364362", "2225795933", "2225839024", "2226171707", "2227316131", "2227894300", "2229333836", "2229500263", "2230665945", "2230980937", "2231232566", "2231448371", "2232251904", "2273756663", "2298262483", "2307088787", "2307873924", "2309734791", "2310545636", "2312403688", "2344157890", "2422277347", "2441329779", "2462387400", "2478457873", "2487549389", "2515703029", "2516393873", "2528345624", "2549263358", "2563947824", "2572179763", "2577150037", "2579400354", "2618311683", "2628223062", "2632011681", "2640473045", "2643673517", "2652324236", "2658871675", "2659427949", "2659906028", "2665775697", "2666174240", "2671302889", "2671733290", "2671834730", "2691005920", "2694153335", "2694809439", "2696436091", "2700621535", "2702262125", "2709275912", "2710582792", "2785220671", "2893158262"], "citation_overall": ["714396925", "2229333836", "2230980937", "2232251904", "2528345624", "2658871675", "2665775697", "2310545636", "2515703029", "2628223062", "1933738319", "1971954598", "2158063354", "2164492435", "2273756663", "2307088787", "2083415952", "2441329779", "2231232566", "2312403688", "2643673517", "2694153335", "2116992577", "2122285474", "2162489198", "2166081345", "2516393873", "2229500263", "2659906028", "2577150037", "2700621535", "172113827", "343079704", "2000736759", "2196070538", "2226171707", "2227894300", "2307873924", "2563947824", "2618311683", "2785220671", "575696788", "2052558201", "2222130922", "2225364362", "2225839024", "2298262483", "2478457873", "2666174240", "2671302889", "2671834730", "2694809439", "2696436091", "412673012", "955496017", "1990752098", "2001596644", "2102401503", "2105140575", "2121318979", "2225795933", "2572179763", "2579400354", "2652324236", "2691005920", "2893158262", "47455116", "582275700", "2110348485", "2164076164", "2224618989", "2224723141", "2230665945", "2231448371", "2309734791", "2344157890", "2422277347", "2487549389", "2549263358", "2671733290", "2709275912", "2710582792", "1986084087", "2102130647", "2104967719", "2157226839", "2227316131", "2462387400", "2632011681", "2640473045", "2659427949", "2702262125"], "publication_10_years": ["172113827", "343079704", "2196070538", "47455116", "412673012", "575696788", "582275700", "714396925", "955496017", "1933738319", "1971954598", "1986084087", "1990752098", "2000736759", "2001596644", "2052558201", "2083415952", "2102130647", "2102401503", "2104967719", "2105140575", "2110348485", "2116992577", "2121318979", "2122285474", "2157226839", "2158063354", "2162489198", "2164076164", "2164492435", "2166081345", "2222130922", "2224618989", "2224723141", "2225364362", "2225795933", "2225839024", "2226171707", "2227316131", "2227894300", "2229333836", "2229500263", "2230665945", "2230980937", "2231232566", "2231448371", "2232251904", "2273756663", "2298262483", "2307088787", "2307873924", "2309734791", "2310545636", "2312403688", "2344157890", "2422277347", "2441329779", "2462387400", "2478457873", "2487549389", "2515703029", "2516393873", "2528345624", "2549263358", "2563947824", "2572179763", "2577150037", "2579400354", "2618311683", "2628223062", "2632011681", "2640473045", "2643673517", "2652324236", "2658871675", "2659427949", "2659906028", "2665775697", "2666174240", "2671302889", "2671733290", "2671834730", "2691005920", "2694153335", "2694809439", "2696436091", "2700621535", "2702262125", "2709275912", "2710582792", "2785220671", "2893158262"], "citation_10_years": ["714396925", "2229333836", "2230980937", "2232251904", "2528345624", "2658871675", "2665775697", "2310545636", "2515703029", "2628223062", "1933738319", "1971954598", "2158063354", "2164492435", "2273756663", "2307088787", "2083415952", "2441329779", "2231232566", "2312403688", "2643673517", "2694153335", "2116992577", "2122285474", "2162489198", "2166081345", "2516393873", "2229500263", "2659906028", "2577150037", "2700621535", "172113827", "343079704", "2000736759", "2196070538", "2226171707", "2227894300", "2307873924", "2563947824", "2618311683", "2785220671", "575696788", "2052558201", "2222130922", "2225364362", "2225839024", "2298262483", "2478457873", "2666174240", "2671302889", "2671834730", "2694809439", "2696436091", "412673012", "955496017", "1990752098", "2001596644", "2102401503", "2105140575", "2121318979", "2225795933", "2572179763", "2579400354", "2652324236", "2691005920", "2893158262", "47455116", "582275700", "2110348485", "2164076164", "2224618989", "2224723141", "2230665945", "2231448371", "2309734791", "2344157890", "2422277347", "2487549389", "2549263358", "2671733290", "2709275912", "2710582792", "1986084087", "2102130647", "2104967719", "2157226839", "2227316131", "2462387400", "2632011681", "2640473045", "2659427949", "2702262125"], "publication_5_years": [], "citation_5_years": []}, "industrial_sectors": {"publication_overall": [], "citation_overall": [], "publication_10_years": [], "citation_10_years": [], "publication_5_years": [], "citation_5_years": []}}