{"name": "International Conference on Mechanical and Electronics Engineering", "acronym": "ICMEE", "type": "conference", "uniqueEntities": {"organizations": {"Technical University of Ostrava": {"name": "Technical University of Ostrava", "type": "organization", "organization_type": "Education", "h_index": 34, "h5_index": 15, "num_publications": 4, "num_citations": 8, "num_publications_5y": 0, "num_citations_5y": 0, "num_publications_10y": 4, "num_citations_10y": 8, "publications_years": {"2010": 4}, "citations_years": {"2010": 2, "2011": 5, "2012": 0, "2013": 1}, "old_citations": {"2010": 8}, "isVisible": false}, "Southwest University": {"name": "Southwest University", "type": "organization", "organization_type": "Education", "h_index": 50, "h5_index": 37, "num_publications": 2, "num_citations": 0, "num_publications_5y": 0, "num_citations_5y": 0, "num_publications_10y": 2, "num_citations_10y": 0, "publications_years": {"2010": 2}, "citations_years": {}, "old_citations": {"2010": 0}, "isVisible": false}, "Sungkyunkwan University": {"name": "Sungkyunkwan University", "type": "organization", "organization_type": "Education", "h_index": 78, "h5_index": 29, "num_publications": 2, "num_citations": 23, "num_publications_5y": 0, "num_citations_5y": 10, "num_publications_10y": 2, "num_citations_10y": 23, "publications_years": {"2010": 2}, "citations_years": {"2011": 3, "2012": 6, "2013": 4, "2014": 2, "2015": 4, "2016": 1, "2017": 3}, "old_citations": {"2010": 23}, "isVisible": false}, "University of North Carolina at Chapel Hill": {"name": "University of North Carolina at Chapel Hill", "type": "organization", "organization_type": "Education", "h_index": 189, "h5_index": 47, "num_publications": 2, "num_citations": 0, "num_publications_5y": 0, "num_citations_5y": 0, "num_publications_10y": 2, "num_citations_10y": 0, "publications_years": {"2010": 2}, "citations_years": {}, "old_citations": {"2010": 0}, "isVisible": false}, "University of Ostrava": {"name": "University of Ostrava", "type": "organization", "organization_type": "Education", "h_index": 26, "h5_index": 9, "num_publications": 2, "num_citations": 3, "num_publications_5y": 0, "num_citations_5y": 1, "num_publications_10y": 2, "num_citations_10y": 3, "publications_years": {"2010": 2}, "citations_years": {"2011": 2, "2015": 1}, "old_citations": {"2010": 3}, "isVisible": false}, "University of York": {"name": "University of York", "type": "organization", "organization_type": "Education", "h_index": 113, "h5_index": 27, "num_publications": 2, "num_citations": 0, "num_publications_5y": 0, "num_citations_5y": 0, "num_publications_10y": 2, "num_citations_10y": 0, "publications_years": {"2010": 2}, "citations_years": {}, "old_citations": {"2010": 0}, "isVisible": false}, "Central South University": {"name": "Central South University", "type": "organization", "organization_type": "Education", "h_index": 69, "h5_index": 44, "num_publications": 1, "num_citations": 0, "num_publications_5y": 0, "num_citations_5y": 0, "num_publications_10y": 1, "num_citations_10y": 0, "publications_years": {"2010": 1}, "citations_years": {}, "old_citations": {"2010": 0}, "isVisible": false}, "Cheongju University": {"name": "Cheongju University", "type": "organization", "organization_type": "Education", "h_index": 11, "h5_index": 4, "num_publications": 1, "num_citations": 10, "num_publications_5y": 0, "num_citations_5y": 5, "num_publications_10y": 1, "num_citations_10y": 10, "publications_years": {"2010": 1}, "citations_years": {"2011": 1, "2012": 2, "2013": 2, "2014": 1, "2015": 3, "2016": 0, "2017": 1}, "old_citations": {"2010": 10}, "isVisible": false}, "Chinese Academy of Sciences": {"name": "Chinese Academy of Sciences", "type": "organization", "organization_type": "Government", "h_index": 188, "h5_index": 102, "num_publications": 1, "num_citations": 2, "num_publications_5y": 0, "num_citations_5y": 0, "num_publications_10y": 1, "num_citations_10y": 2, "publications_years": {"2010": 1}, "citations_years": {"2012": 1, "2013": 1}, "old_citations": {"2010": 2}, "isVisible": false}, "Chung Yuan Christian University": {"name": "Chung Yuan Christian University", "type": "organization", "organization_type": "Education", "h_index": 53, "h5_index": 12, "num_publications": 1, "num_citations": 4, "num_publications_5y": 0, "num_citations_5y": 1, "num_publications_10y": 1, "num_citations_10y": 4, "publications_years": {"2010": 1}, "citations_years": {"2012": 2, "2013": 1, "2014": 0, "2015": 1}, "old_citations": {"2010": 4}, "isVisible": false}, "Hanyang University": {"name": "Hanyang University", "type": "organization", "organization_type": "Education", "h_index": 67, "h5_index": 24, "num_publications": 1, "num_citations": 10, "num_publications_5y": 0, "num_citations_5y": 5, "num_publications_10y": 1, "num_citations_10y": 10, "publications_years": {"2010": 1}, "citations_years": {"2011": 1, "2012": 2, "2013": 2, "2014": 1, "2015": 3, "2016": 0, "2017": 1}, "old_citations": {"2010": 10}, "isVisible": false}, "Hungkuang University": {"name": "Hungkuang University", "type": "organization", "organization_type": "Education", "h_index": 19, "h5_index": 5, "num_publications": 1, "num_citations": 1, "num_publications_5y": 0, "num_citations_5y": 0, "num_publications_10y": 1, "num_citations_10y": 1, "publications_years": {"2010": 1}, "citations_years": {"2012": 1}, "old_citations": {"2010": 1}, "isVisible": false}, "Indian Institute of Technology Kharagpur": {"name": "Indian Institute of Technology Kharagpur", "type": "organization", "organization_type": "Education", "h_index": 72, "h5_index": 31, "num_publications": 1, "num_citations": 1, "num_publications_5y": 0, "num_citations_5y": 0, "num_publications_10y": 1, "num_citations_10y": 1, "publications_years": {"2010": 1}, "citations_years": {"2012": 1}, "old_citations": {"2010": 1}, "isVisible": false}, "Inner Mongolia University of Technology": {"name": "Inner Mongolia University of Technology", "type": "organization", "organization_type": "Education", "h_index": 9, "h5_index": 8, "num_publications": 1, "num_citations": 5, "num_publications_5y": 0, "num_citations_5y": 3, "num_publications_10y": 1, "num_citations_10y": 5, "publications_years": {"2010": 1}, "citations_years": {"2010": 1, "2011": 0, "2012": 1, "2013": 0, "2014": 1, "2015": 1, "2016": 0, "2017": 0, "2018": 1}, "old_citations": {"2010": 5}, "isVisible": false}, "Islamic Azad University, Tehran": {"name": "Islamic Azad University, Tehran", "type": "organization", "organization_type": "Education", "h_index": 70, "h5_index": 42, "num_publications": 1, "num_citations": 10, "num_publications_5y": 0, "num_citations_5y": 6, "num_publications_10y": 1, "num_citations_10y": 9, "publications_years": {"2010": 1}, "citations_years": {"2012": 2, "2013": 1, "2014": 2, "2015": 1, "2016": 1, "2017": 0, "2018": 2, "2019": 0, "2020": 1}, "old_citations": {"2010": 10}, "isVisible": false}, "Jamia Millia Islamia": {"name": "Jamia Millia Islamia", "type": "organization", "organization_type": "Education", "h_index": 23, "h5_index": 15, "num_publications": 1, "num_citations": 1, "num_publications_5y": 0, "num_citations_5y": 0, "num_publications_10y": 1, "num_citations_10y": 1, "publications_years": {"2010": 1}, "citations_years": {"2011": 1}, "old_citations": {"2010": 1}, "isVisible": false}, "Kao Yuan University": {"name": "Kao Yuan University", "type": "organization", "organization_type": "Education", "h_index": 15, "h5_index": 5, "num_publications": 1, "num_citations": 4, "num_publications_5y": 0, "num_citations_5y": 1, "num_publications_10y": 1, "num_citations_10y": 4, "publications_years": {"2010": 1}, "citations_years": {"2012": 2, "2013": 1, "2014": 0, "2015": 1}, "old_citations": {"2010": 4}, "isVisible": false}, "King Saud University": {"name": "King Saud University", "type": "organization", "organization_type": "Education", "h_index": 70, "h5_index": 48, "num_publications": 1, "num_citations": 2, "num_publications_5y": 0, "num_citations_5y": 0, "num_publications_10y": 1, "num_citations_10y": 2, "publications_years": {"2010": 1}, "citations_years": {"2012": 1, "2013": 1}, "old_citations": {"2010": 2}, "isVisible": false}, "Lanzhou University": {"name": "Lanzhou University", "type": "organization", "organization_type": "Education", "h_index": 36, "h5_index": 23, "num_publications": 1, "num_citations": 0, "num_publications_5y": 0, "num_citations_5y": 0, "num_publications_10y": 1, "num_citations_10y": 0, "publications_years": {"2011": 1}, "citations_years": {}, "old_citations": {"2011": 0}, "isVisible": false}, "Majmaah University": {"name": "Majmaah University", "type": "organization", "organization_type": "Education", "h_index": 7, "h5_index": 6, "num_publications": 1, "num_citations": 2, "num_publications_5y": 0, "num_citations_5y": 0, "num_publications_10y": 1, "num_citations_10y": 2, "publications_years": {"2010": 1}, "citations_years": {"2012": 1, "2013": 1}, "old_citations": {"2010": 2}, "isVisible": false}, "Ministry of Communications": {"name": "Ministry of Communications", "type": "organization", "organization_type": "Government", "h_index": 8, "h5_index": 4, "num_publications": 1, "num_citations": 1, "num_publications_5y": 0, "num_citations_5y": 0, "num_publications_10y": 1, "num_citations_10y": 1, "publications_years": {"2010": 1}, "citations_years": {"2011": 1}, "old_citations": {"2010": 1}, "isVisible": false}, "Nanjing University": {"name": "Nanjing University", "type": "organization", "organization_type": "Education", "h_index": 115, "h5_index": 51, "num_publications": 1, "num_citations": 0, "num_publications_5y": 0, "num_citations_5y": 0, "num_publications_10y": 1, "num_citations_10y": 0, "publications_years": {"2010": 1}, "citations_years": {}, "old_citations": {"2010": 0}, "isVisible": false}, "National Central University": {"name": "National Central University", "type": "organization", "organization_type": "Education", "h_index": 96, "h5_index": 18, "num_publications": 1, "num_citations": 1, "num_publications_5y": 0, "num_citations_5y": 0, "num_publications_10y": 1, "num_citations_10y": 1, "publications_years": {"2010": 1}, "citations_years": {"2011": 1}, "old_citations": {"2010": 1}, "isVisible": false}, "National Changhua University of Education": {"name": "National Changhua University of Education", "type": "organization", "organization_type": "Education", "h_index": 51, "h5_index": 13, "num_publications": 1, "num_citations": 1, "num_publications_5y": 0, "num_citations_5y": 0, "num_publications_10y": 1, "num_citations_10y": 1, "publications_years": {"2010": 1}, "citations_years": {"2011": 1}, "old_citations": {"2010": 1}, "isVisible": false}, "National Cheng Kung University": {"name": "National Cheng Kung University", "type": "organization", "organization_type": "Education", "h_index": 101, "h5_index": 29, "num_publications": 1, "num_citations": 1, "num_publications_5y": 0, "num_citations_5y": 0, "num_publications_10y": 1, "num_citations_10y": 1, "publications_years": {"2010": 1}, "citations_years": {"2012": 1}, "old_citations": {"2010": 1}, "isVisible": false}, "National United University": {"name": "National United University", "type": "organization", "organization_type": "Education", "h_index": 29, "h5_index": 6, "num_publications": 1, "num_citations": 1, "num_publications_5y": 0, "num_citations_5y": 0, "num_publications_10y": 1, "num_citations_10y": 1, "publications_years": {"2010": 1}, "citations_years": {"2011": 1}, "old_citations": {"2010": 1}, "isVisible": false}, "National University of Kaohsiung": {"name": "National University of Kaohsiung", "type": "organization", "organization_type": "Education", "h_index": 42, "h5_index": 14, "num_publications": 1, "num_citations": 4, "num_publications_5y": 0, "num_citations_5y": 1, "num_publications_10y": 1, "num_citations_10y": 4, "publications_years": {"2010": 1}, "citations_years": {"2012": 2, "2013": 1, "2014": 0, "2015": 1}, "old_citations": {"2010": 4}, "isVisible": false}, "NationsUniversity": {"name": "NationsUniversity", "type": "organization", "organization_type": "Education", "h_index": 2, "h5_index": 0, "num_publications": 1, "num_citations": 3, "num_publications_5y": 0, "num_citations_5y": 2, "num_publications_10y": 1, "num_citations_10y": 3, "publications_years": {"2010": 1}, "citations_years": {"2013": 1, "2014": 0, "2015": 1, "2016": 1}, "old_citations": {"2010": 3}, "isVisible": false}, "Ningbo University": {"name": "Ningbo University", "type": "organization", "organization_type": "Education", "h_index": 28, "h5_index": 16, "num_publications": 1, "num_citations": 1, "num_publications_5y": 0, "num_citations_5y": 0, "num_publications_10y": 1, "num_citations_10y": 1, "publications_years": {"2010": 1}, "citations_years": {"2013": 1}, "old_citations": {"2010": 1}, "isVisible": false}, "North China Institute of Science and Technology": {"name": "North China Institute of Science and Technology", "type": "organization", "organization_type": "Education", "h_index": 7, "h5_index": 3, "num_publications": 1, "num_citations": 0, "num_publications_5y": 0, "num_citations_5y": 0, "num_publications_10y": 1, "num_citations_10y": 0, "publications_years": {"2010": 1}, "citations_years": {}, "old_citations": {"2010": 0}, "isVisible": false}, "North University of China": {"name": "North University of China", "type": "organization", "organization_type": "Education", "h_index": 18, "h5_index": 11, "num_publications": 1, "num_citations": 0, "num_publications_5y": 0, "num_citations_5y": 0, "num_publications_10y": 1, "num_citations_10y": 0, "publications_years": {"2010": 1}, "citations_years": {}, "old_citations": {"2010": 0}, "isVisible": false}, "Northwest University": {"name": "Northwest University", "type": "organization", "organization_type": "Education", "h_index": 29, "h5_index": 18, "num_publications": 1, "num_citations": 1, "num_publications_5y": 0, "num_citations_5y": 0, "num_publications_10y": 1, "num_citations_10y": 1, "publications_years": {"2010": 1}, "citations_years": {"2013": 1}, "old_citations": {"2010": 1}, "isVisible": false}, "Shanghai Second Polytechnic University": {"name": "Shanghai Second Polytechnic University", "type": "organization", "organization_type": "Education", "h_index": 13, "h5_index": 5, "num_publications": 1, "num_citations": 1, "num_publications_5y": 0, "num_citations_5y": 0, "num_publications_10y": 1, "num_citations_10y": 1, "publications_years": {"2010": 1}, "citations_years": {"2013": 1}, "old_citations": {"2010": 1}, "isVisible": false}, "Shiraz University": {"name": "Shiraz University", "type": "organization", "organization_type": "Education", "h_index": 40, "h5_index": 19, "num_publications": 1, "num_citations": 10, "num_publications_5y": 0, "num_citations_5y": 6, "num_publications_10y": 1, "num_citations_10y": 9, "publications_years": {"2010": 1}, "citations_years": {"2012": 2, "2013": 1, "2014": 2, "2015": 1, "2016": 1, "2017": 0, "2018": 2, "2019": 0, "2020": 1}, "old_citations": {"2010": 10}, "isVisible": false}, "South China University of Technology": {"name": "South China University of Technology", "type": "organization", "organization_type": "Education", "h_index": 83, "h5_index": 54, "num_publications": 1, "num_citations": 0, "num_publications_5y": 0, "num_citations_5y": 0, "num_publications_10y": 1, "num_citations_10y": 0, "publications_years": {"2010": 1}, "citations_years": {}, "old_citations": {"2010": 0}, "isVisible": false}, "Tongji University": {"name": "Tongji University", "type": "organization", "organization_type": "Education", "h_index": 76, "h5_index": 43, "num_publications": 1, "num_citations": 0, "num_publications_5y": 0, "num_citations_5y": 0, "num_publications_10y": 1, "num_citations_10y": 0, "publications_years": {"2010": 1}, "citations_years": {}, "old_citations": {"2010": 0}, "isVisible": false}, "Universiti Teknologi MARA": {"name": "Universiti Teknologi MARA", "type": "organization", "organization_type": "Education", "h_index": 27, "h5_index": 11, "num_publications": 1, "num_citations": 2, "num_publications_5y": 0, "num_citations_5y": 0, "num_publications_10y": 1, "num_citations_10y": 2, "publications_years": {"2010": 1}, "citations_years": {"2011": 1, "2012": 1}, "old_citations": {"2010": 2}, "isVisible": false}, "University of Pune": {"name": "University of Pune", "type": "organization", "organization_type": "Education", "h_index": 21, "h5_index": 12, "num_publications": 1, "num_citations": 5, "num_publications_5y": 0, "num_citations_5y": 2, "num_publications_10y": 1, "num_citations_10y": 5, "publications_years": {"2010": 1}, "citations_years": {"2012": 2, "2013": 1, "2014": 0, "2015": 0, "2016": 1, "2017": 0, "2018": 1}, "old_citations": {"2010": 5}, "isVisible": false}, "Wenzhou University": {"name": "Wenzhou University", "type": "organization", "organization_type": "Education", "h_index": 27, "h5_index": 17, "num_publications": 1, "num_citations": 0, "num_publications_5y": 0, "num_citations_5y": 0, "num_publications_10y": 1, "num_citations_10y": 0, "publications_years": {"2010": 1}, "citations_years": {}, "old_citations": {"2010": 0}, "isVisible": false}, "Wuhan University": {"name": "Wuhan University", "type": "organization", "organization_type": "Education", "h_index": 85, "h5_index": 51, "num_publications": 1, "num_citations": 8, "num_publications_5y": 0, "num_citations_5y": 2, "num_publications_10y": 1, "num_citations_10y": 6, "publications_years": {"2010": 1}, "citations_years": {"2012": 1, "2013": 3, "2014": 0, "2015": 0, "2016": 2, "2017": 0, "2018": 0, "2019": 2}, "old_citations": {"2010": 8}, "isVisible": false}}, "topics": {"computer science": {"name": "computer science", "type": "topic", "h_index": 1779, "h5_index": 416, "num_publications": 44, "num_citations": 123, "num_publications_5y": 0, "num_citations_5y": 55, "num_publications_10y": 44, "num_citations_10y": 115, "publications_years": {"2010": 43, "2011": 1}, "citations_years": {"2011": 15, "2012": 21, "2014": 14, "2015": 18, "2016": 10, "2017": 6, "2018": 7, "2019": 4, "2020": 4, "2010": 3, "2013": 21}, "old_citations": {"2010": 123, "2011": 0}, "isVisible": false}, "computer systems": {"name": "computer systems", "type": "topic", "h_index": 1595, "h5_index": 367, "num_publications": 36, "num_citations": 108, "num_publications_5y": 0, "num_citations_5y": 51, "num_publications_10y": 36, "num_citations_10y": 103, "publications_years": {"2010": 36}, "citations_years": {"2014": 12, "2012": 18, "2010": 3, "2011": 14, "2013": 17, "2015": 18, "2016": 8, "2017": 6, "2018": 7, "2019": 2, "2020": 3}, "old_citations": {"2010": 108}, "isVisible": false}, "computer hardware": {"name": "computer hardware", "type": "topic", "h_index": 1150, "h5_index": 279, "num_publications": 27, "num_citations": 60, "num_publications_5y": 0, "num_citations_5y": 22, "num_publications_10y": 27, "num_citations_10y": 59, "publications_years": {"2010": 27}, "citations_years": {"2014": 7, "2012": 11, "2010": 2, "2011": 11, "2013": 13, "2015": 7, "2016": 2, "2017": 2, "2018": 4, "2019": 0, "2020": 1}, "old_citations": {"2010": 60}, "isVisible": false}, "engineering": {"name": "engineering", "type": "topic", "h_index": 1177, "h5_index": 287, "num_publications": 24, "num_citations": 54, "num_publications_5y": 0, "num_citations_5y": 22, "num_publications_10y": 24, "num_citations_10y": 53, "publications_years": {"2010": 23, "2011": 1}, "citations_years": {"2012": 10, "2010": 2, "2011": 10, "2013": 9, "2014": 7, "2015": 6, "2016": 2, "2017": 2, "2018": 5, "2019": 0, "2020": 1}, "old_citations": {"2010": 54, "2011": 0}, "isVisible": false}, "computer networks": {"name": "computer networks", "type": "topic", "h_index": 1262, "h5_index": 332, "num_publications": 22, "num_citations": 53, "num_publications_5y": 0, "num_citations_5y": 20, "num_publications_10y": 22, "num_citations_10y": 52, "publications_years": {"2010": 22}, "citations_years": {"2011": 11, "2012": 10, "2010": 2, "2013": 9, "2014": 6, "2015": 6, "2016": 2, "2017": 2, "2018": 4, "2019": 0, "2020": 1}, "old_citations": {"2010": 53}, "isVisible": false}, "artificial intelligence": {"name": "artificial intelligence", "type": "topic", "h_index": 1421, "h5_index": 373, "num_publications": 21, "num_citations": 68, "num_publications_5y": 0, "num_citations_5y": 36, "num_publications_10y": 21, "num_citations_10y": 61, "publications_years": {"2010": 20, "2011": 1}, "citations_years": {"2014": 9, "2012": 10, "2013": 11, "2015": 12, "2016": 7, "2017": 2, "2018": 6, "2019": 4, "2020": 3, "2011": 3, "2010": 1}, "old_citations": {"2010": 68, "2011": 0}, "isVisible": false}, "telecommunication systems": {"name": "telecommunication systems", "type": "topic", "h_index": 1187, "h5_index": 277, "num_publications": 21, "num_citations": 51, "num_publications_5y": 0, "num_citations_5y": 20, "num_publications_10y": 21, "num_citations_10y": 50, "publications_years": {"2010": 21}, "citations_years": {"2012": 9, "2010": 2, "2011": 10, "2013": 9, "2014": 6, "2015": 6, "2016": 2, "2017": 2, "2018": 4, "2019": 0, "2020": 1}, "old_citations": {"2010": 51}, "isVisible": false}, "communication systems": {"name": "communication systems", "type": "topic", "h_index": 1092, "h5_index": 254, "num_publications": 20, "num_citations": 51, "num_publications_5y": 0, "num_citations_5y": 20, "num_publications_10y": 20, "num_citations_10y": 50, "publications_years": {"2010": 20}, "citations_years": {"2012": 9, "2010": 2, "2011": 10, "2013": 9, "2014": 6, "2015": 6, "2016": 2, "2017": 2, "2018": 4, "2019": 0, "2020": 1}, "old_citations": {"2010": 51}, "isVisible": false}, "wireless telecommunication systems": {"name": "wireless telecommunication systems", "type": "topic", "h_index": 1087, "h5_index": 254, "num_publications": 20, "num_citations": 51, "num_publications_5y": 0, "num_citations_5y": 20, "num_publications_10y": 20, "num_citations_10y": 50, "publications_years": {"2010": 20}, "citations_years": {"2012": 9, "2010": 2, "2011": 10, "2013": 9, "2014": 6, "2015": 6, "2016": 2, "2017": 2, "2018": 4, "2019": 0, "2020": 1}, "old_citations": {"2010": 51}, "isVisible": false}, "telecommunication networks": {"name": "telecommunication networks", "type": "topic", "h_index": 1116, "h5_index": 258, "num_publications": 17, "num_citations": 38, "num_publications_5y": 0, "num_citations_5y": 15, "num_publications_10y": 17, "num_citations_10y": 37, "publications_years": {"2010": 17}, "citations_years": {"2012": 7, "2010": 2, "2011": 6, "2013": 7, "2014": 5, "2015": 3, "2016": 2, "2017": 1, "2018": 4, "2019": 0, "2020": 1}, "old_citations": {"2010": 38}, "isVisible": false}, "mathematics": {"name": "mathematics", "type": "topic", "h_index": 1364, "h5_index": 300, "num_publications": 16, "num_citations": 40, "num_publications_5y": 0, "num_citations_5y": 12, "num_publications_10y": 16, "num_citations_10y": 35, "publications_years": {"2010": 16}, "citations_years": {"2011": 5, "2012": 6, "2014": 4, "2015": 2, "2016": 4, "2017": 1, "2018": 1, "2019": 4, "2020": 1, "2010": 3, "2013": 9}, "old_citations": {"2010": 40}, "isVisible": false}, "signal processing": {"name": "signal processing", "type": "topic", "h_index": 1012, "h5_index": 255, "num_publications": 16, "num_citations": 41, "num_publications_5y": 0, "num_citations_5y": 15, "num_publications_10y": 16, "num_citations_10y": 40, "publications_years": {"2010": 16}, "citations_years": {"2010": 1, "2011": 8, "2012": 8, "2013": 8, "2014": 4, "2015": 4, "2016": 2, "2017": 2, "2018": 3, "2019": 0, "2020": 1}, "old_citations": {"2010": 41}, "isVisible": false}, "embedded systems": {"name": "embedded systems", "type": "topic", "h_index": 799, "h5_index": 168, "num_publications": 15, "num_citations": 51, "num_publications_5y": 0, "num_citations_5y": 21, "num_publications_10y": 15, "num_citations_10y": 50, "publications_years": {"2010": 15}, "citations_years": {"2012": 12, "2013": 10, "2014": 6, "2015": 7, "2016": 2, "2017": 3, "2018": 3, "2019": 0, "2020": 1, "2011": 7}, "old_citations": {"2010": 51}, "isVisible": false}, "machine learning": {"name": "machine learning", "type": "topic", "h_index": 1123, "h5_index": 351, "num_publications": 13, "num_citations": 63, "num_publications_5y": 0, "num_citations_5y": 36, "num_publications_10y": 13, "num_citations_10y": 56, "publications_years": {"2010": 13}, "citations_years": {"2014": 9, "2012": 9, "2013": 8, "2015": 12, "2016": 7, "2017": 2, "2018": 6, "2019": 4, "2020": 3, "2011": 2, "2010": 1}, "old_citations": {"2010": 63}, "isVisible": false}, "telecommunication traffic": {"name": "telecommunication traffic", "type": "topic", "h_index": 1036, "h5_index": 233, "num_publications": 13, "num_citations": 31, "num_publications_5y": 0, "num_citations_5y": 15, "num_publications_10y": 13, "num_citations_10y": 30, "publications_years": {"2010": 13}, "citations_years": {"2012": 6, "2010": 1, "2013": 6, "2014": 5, "2015": 3, "2016": 2, "2017": 1, "2018": 4, "2019": 0, "2020": 1, "2011": 2}, "old_citations": {"2010": 31}, "isVisible": false}, "communication channels (information theory)": {"name": "communication channels (information theory)", "type": "topic", "h_index": 925, "h5_index": 216, "num_publications": 12, "num_citations": 30, "num_publications_5y": 0, "num_citations_5y": 10, "num_publications_10y": 12, "num_citations_10y": 30, "publications_years": {"2010": 12}, "citations_years": {"2010": 2, "2011": 5, "2012": 6, "2013": 7, "2014": 2, "2015": 4, "2016": 1, "2017": 2, "2018": 1}, "old_citations": {"2010": 30}, "isVisible": false}, "sensors": {"name": "sensors", "type": "topic", "h_index": 960, "h5_index": 229, "num_publications": 12, "num_citations": 34, "num_publications_5y": 0, "num_citations_5y": 12, "num_publications_10y": 12, "num_citations_10y": 33, "publications_years": {"2010": 12}, "citations_years": {"2012": 6, "2010": 1, "2011": 9, "2013": 5, "2014": 4, "2015": 2, "2016": 2, "2017": 0, "2018": 4, "2019": 0, "2020": 1}, "old_citations": {"2010": 34}, "isVisible": false}, "data communication systems": {"name": "data communication systems", "type": "topic", "h_index": 1013, "h5_index": 234, "num_publications": 11, "num_citations": 18, "num_publications_5y": 0, "num_citations_5y": 5, "num_publications_10y": 11, "num_citations_10y": 18, "publications_years": {"2010": 11}, "citations_years": {"2010": 2, "2011": 5, "2012": 3, "2013": 3, "2014": 1, "2015": 1, "2016": 1, "2017": 1, "2018": 1}, "old_citations": {"2010": 18}, "isVisible": false}, "computer imaging and vision": {"name": "computer imaging and vision", "type": "topic", "h_index": 1142, "h5_index": 334, "num_publications": 10, "num_citations": 30, "num_publications_5y": 0, "num_citations_5y": 11, "num_publications_10y": 10, "num_citations_10y": 27, "publications_years": {"2010": 10}, "citations_years": {"2014": 3, "2012": 7, "2013": 8, "2015": 1, "2016": 4, "2017": 0, "2018": 3, "2019": 2, "2020": 1, "2011": 1}, "old_citations": {"2010": 30}, "isVisible": false}, "field programmable gate arrays (fpga)": {"name": "field programmable gate arrays (fpga)", "type": "topic", "h_index": 594, "h5_index": 149, "num_publications": 10, "num_citations": 22, "num_publications_5y": 0, "num_citations_5y": 9, "num_publications_10y": 10, "num_citations_10y": 22, "publications_years": {"2010": 10}, "citations_years": {"2012": 6, "2013": 6, "2014": 2, "2015": 5, "2011": 1, "2016": 0, "2017": 2}, "old_citations": {"2010": 22}, "isVisible": false}, "software": {"name": "software", "type": "topic", "h_index": 902, "h5_index": 167, "num_publications": 10, "num_citations": 34, "num_publications_5y": 0, "num_citations_5y": 14, "num_publications_10y": 10, "num_citations_10y": 33, "publications_years": {"2010": 10}, "citations_years": {"2011": 6, "2012": 7, "2013": 6, "2014": 3, "2015": 6, "2016": 2, "2017": 1, "2018": 2, "2019": 0, "2020": 1}, "old_citations": {"2010": 34}, "isVisible": false}, "neural networks": {"name": "neural networks", "type": "topic", "h_index": 604, "h5_index": 293, "num_publications": 4, "num_citations": 31, "num_publications_5y": 0, "num_citations_5y": 22, "num_publications_10y": 4, "num_citations_10y": 27, "publications_years": {"2010": 4}, "citations_years": {"2012": 3, "2013": 1, "2014": 4, "2015": 9, "2016": 4, "2017": 2, "2018": 3, "2019": 2, "2020": 2, "2010": 1, "2011": 0}, "old_citations": {"2010": 31}, "isVisible": false}, "automata theory": {"name": "automata theory", "type": "topic", "h_index": 432, "h5_index": 93, "num_publications": 2, "num_citations": 6, "num_publications_5y": 0, "num_citations_5y": 4, "num_publications_10y": 2, "num_citations_10y": 6, "publications_years": {"2011": 1, "2010": 1}, "citations_years": {"2011": 1, "2012": 0, "2013": 1, "2014": 2, "2015": 1, "2016": 0, "2017": 0, "2018": 1}, "old_citations": {"2011": 0, "2010": 6}, "isVisible": false}, "automated reasoning": {"name": "automated reasoning", "type": "topic", "h_index": 72, "h5_index": 16, "num_publications": 1, "num_citations": 0, "num_publications_5y": 0, "num_citations_5y": 0, "num_publications_10y": 1, "num_citations_10y": 0, "publications_years": {"2011": 1}, "citations_years": {}, "old_citations": {"2011": 0}, "isVisible": false}, "automated theorem proving": {"name": "automated theorem proving", "type": "topic", "h_index": 41, "h5_index": 8, "num_publications": 1, "num_citations": 0, "num_publications_5y": 0, "num_citations_5y": 0, "num_publications_10y": 1, "num_citations_10y": 0, "publications_years": {"2011": 1}, "citations_years": {}, "old_citations": {"2011": 0}, "isVisible": false}, "automation": {"name": "automation", "type": "topic", "h_index": 579, "h5_index": 144, "num_publications": 3, "num_citations": 5, "num_publications_5y": 0, "num_citations_5y": 3, "num_publications_10y": 3, "num_citations_10y": 5, "publications_years": {"2010": 2, "2011": 1}, "citations_years": {"2010": 1, "2011": 0, "2012": 1, "2013": 0, "2014": 1, "2015": 1, "2016": 0, "2017": 0, "2018": 1}, "old_citations": {"2010": 5, "2011": 0}, "isVisible": false}, "formal languages and automata theory": {"name": "formal languages and automata theory", "type": "topic", "h_index": 546, "h5_index": 122, "num_publications": 2, "num_citations": 6, "num_publications_5y": 0, "num_citations_5y": 4, "num_publications_10y": 2, "num_citations_10y": 6, "publications_years": {"2011": 1, "2010": 1}, "citations_years": {"2011": 1, "2012": 0, "2013": 1, "2014": 2, "2015": 1, "2016": 0, "2017": 0, "2018": 1}, "old_citations": {"2011": 0, "2010": 6}, "isVisible": false}, "formal logic": {"name": "formal logic", "type": "topic", "h_index": 532, "h5_index": 93, "num_publications": 2, "num_citations": 1, "num_publications_5y": 0, "num_citations_5y": 0, "num_publications_10y": 2, "num_citations_10y": 1, "publications_years": {"2011": 1, "2010": 1}, "citations_years": {"2011": 1}, "old_citations": {"2011": 0, "2010": 1}, "isVisible": false}, "higher order logic": {"name": "higher order logic", "type": "topic", "h_index": 71, "h5_index": 15, "num_publications": 1, "num_citations": 0, "num_publications_5y": 0, "num_citations_5y": 0, "num_publications_10y": 1, "num_citations_10y": 0, "publications_years": {"2011": 1}, "citations_years": {}, "old_citations": {"2011": 0}, "isVisible": false}, "software architecture": {"name": "software architecture", "type": "topic", "h_index": 821, "h5_index": 210, "num_publications": 9, "num_citations": 8, "num_publications_5y": 0, "num_citations_5y": 0, "num_publications_10y": 9, "num_citations_10y": 8, "publications_years": {"2010": 8, "2011": 1}, "citations_years": {"2010": 1, "2011": 4, "2013": 2, "2012": 1}, "old_citations": {"2010": 8, "2011": 0}, "isVisible": false}, "software design": {"name": "software design", "type": "topic", "h_index": 907, "h5_index": 227, "num_publications": 9, "num_citations": 8, "num_publications_5y": 0, "num_citations_5y": 0, "num_publications_10y": 9, "num_citations_10y": 8, "publications_years": {"2010": 8, "2011": 1}, "citations_years": {"2010": 1, "2011": 4, "2013": 2, "2012": 1}, "old_citations": {"2010": 8, "2011": 0}, "isVisible": false}, "software engineering": {"name": "software engineering", "type": "topic", "h_index": 964, "h5_index": 236, "num_publications": 10, "num_citations": 9, "num_publications_5y": 0, "num_citations_5y": 0, "num_publications_10y": 10, "num_citations_10y": 9, "publications_years": {"2010": 9, "2011": 1}, "citations_years": {"2010": 1, "2011": 4, "2013": 3, "2012": 1}, "old_citations": {"2010": 9, "2011": 0}, "isVisible": false}, "tactics": {"name": "tactics", "type": "topic", "h_index": 90, "h5_index": 23, "num_publications": 1, "num_citations": 0, "num_publications_5y": 0, "num_citations_5y": 0, "num_publications_10y": 1, "num_citations_10y": 0, "publications_years": {"2011": 1}, "citations_years": {}, "old_citations": {"2011": 0}, "isVisible": false}, "theorem provers": {"name": "theorem provers", "type": "topic", "h_index": 114, "h5_index": 23, "num_publications": 1, "num_citations": 0, "num_publications_5y": 0, "num_citations_5y": 0, "num_publications_10y": 1, "num_citations_10y": 0, "publications_years": {"2011": 1}, "citations_years": {}, "old_citations": {"2011": 0}, "isVisible": false}, "theoretical computer science": {"name": "theoretical computer science", "type": "topic", "h_index": 883, "h5_index": 203, "num_publications": 4, "num_citations": 7, "num_publications_5y": 0, "num_citations_5y": 4, "num_publications_10y": 4, "num_citations_10y": 7, "publications_years": {"2011": 1, "2010": 3}, "citations_years": {"2011": 2, "2012": 0, "2013": 1, "2014": 2, "2015": 1, "2016": 0, "2017": 0, "2018": 1}, "old_citations": {"2011": 0, "2010": 7}, "isVisible": false}}, "authors": {"2229659202": {"name": "marek penhaker", "type": "author", "activity": 18, "h_index": 14, "h5_index": 3, "mag_id": "2229659202", "num_publications": 3, "num_citations": 4, "num_publications_5y": 0, "num_citations_5y": 1, "num_publications_10y": 3, "num_citations_10y": 4, "publications_years": {"2010": 3}, "citations_years": {"2011": 2, "2012": 0, "2013": 1, "2015": 1}, "old_citations": {"2010": 4}, "isVisible": false}, "2431320518": {"name": "ondrej krejcar", "type": "author", "activity": 16, "h_index": 14, "h5_index": 5, "mag_id": "2431320518", "num_publications": 3, "num_citations": 7, "num_publications_5y": 0, "num_citations_5y": 0, "num_publications_10y": 3, "num_citations_10y": 7, "publications_years": {"2010": 3}, "citations_years": {"2010": 2, "2011": 5}, "old_citations": {"2010": 7}, "isVisible": false}, "2100370897": {"name": "fengxiang zhang", "type": "author", "activity": 10, "h_index": 8, "h5_index": 1, "mag_id": "2100370897", "num_publications": 2, "num_citations": 0, "num_publications_5y": 0, "num_citations_5y": 0, "num_publications_10y": 2, "num_citations_10y": 0, "publications_years": {"2010": 2}, "citations_years": {}, "old_citations": {"2010": 0}, "isVisible": false}, "2145728887": {"name": "sanjoy baruah", "type": "author", "activity": 31, "h_index": 57, "h5_index": 7, "mag_id": "2145728887", "num_publications": 2, "num_citations": 0, "num_publications_5y": 0, "num_citations_5y": 0, "num_publications_10y": 2, "num_citations_10y": 0, "publications_years": {"2010": 2}, "citations_years": {}, "old_citations": {"2010": 0}, "isVisible": false}, "2344101015": {"name": "alan burns", "type": "author", "activity": 31, "h_index": 56, "h5_index": 7, "mag_id": "2344101015", "num_publications": 2, "num_citations": 0, "num_publications_5y": 0, "num_citations_5y": 0, "num_publications_10y": 2, "num_citations_10y": 0, "publications_years": {"2010": 2}, "citations_years": {}, "old_citations": {"2010": 0}, "isVisible": false}, "2687605570": {"name": "tae hee han", "type": "author", "activity": 10, "h_index": 3, "h5_index": 0, "mag_id": "2687605570", "num_publications": 2, "num_citations": 23, "num_publications_5y": 0, "num_citations_5y": 10, "num_publications_10y": 2, "num_citations_10y": 23, "publications_years": {"2010": 2}, "citations_years": {"2011": 3, "2012": 6, "2013": 4, "2014": 2, "2015": 4, "2016": 1, "2017": 3}, "old_citations": {"2010": 23}, "isVisible": false}, "45124013": {"name": "dalibor janckulik", "type": "author", "activity": 9, "h_index": 6, "h5_index": 0, "mag_id": "45124013", "num_publications": 1, "num_citations": 4, "num_publications_5y": 0, "num_citations_5y": 0, "num_publications_10y": 1, "num_citations_10y": 4, "publications_years": {"2010": 1}, "citations_years": {"2010": 1, "2011": 3}, "old_citations": {"2010": 4}, "isVisible": false}, "219623542": {"name": "yao zhuting", "type": "author", "activity": 2, "h_index": 1, "h5_index": 0, "mag_id": "219623542", "num_publications": 1, "num_citations": 0, "num_publications_5y": 0, "num_citations_5y": 0, "num_publications_10y": 1, "num_citations_10y": 0, "publications_years": {"2010": 1}, "citations_years": {}, "old_citations": {"2010": 0}, "isVisible": false}, "349868023": {"name": "duan xianyun", "type": "author", "activity": 1, "h_index": 0, "h5_index": 0, "mag_id": "349868023", "num_publications": 1, "num_citations": 0, "num_publications_5y": 0, "num_citations_5y": 0, "num_publications_10y": 1, "num_citations_10y": 0, "publications_years": {"2010": 1}, "citations_years": {}, "old_citations": {"2010": 0}, "isVisible": false}, "727534825": {"name": "ehab a abdelhafiez", "type": "author", "activity": 2, "h_index": 2, "h5_index": 0, "mag_id": "727534825", "num_publications": 1, "num_citations": 2, "num_publications_5y": 0, "num_citations_5y": 0, "num_publications_10y": 1, "num_citations_10y": 2, "publications_years": {"2010": 1}, "citations_years": {"2012": 1, "2013": 1}, "old_citations": {"2010": 2}, "isVisible": false}, "1588017581": {"name": "indranil hatai", "type": "author", "activity": 7, "h_index": 4, "h5_index": 0, "mag_id": "1588017581", "num_publications": 1, "num_citations": 1, "num_publications_5y": 0, "num_citations_5y": 0, "num_publications_10y": 1, "num_citations_10y": 1, "publications_years": {"2010": 1}, "citations_years": {"2012": 1}, "old_citations": {"2010": 1}, "isVisible": false}, "1808258683": {"name": "wang songlin", "type": "author", "activity": 1, "h_index": 1, "h5_index": 0, "mag_id": "1808258683", "num_publications": 1, "num_citations": 0, "num_publications_5y": 0, "num_citations_5y": 0, "num_publications_10y": 1, "num_citations_10y": 0, "publications_years": {"2010": 1}, "citations_years": {}, "old_citations": {"2010": 0}, "isVisible": false}, "1950150187": {"name": "indrajit chakrabarti", "type": "author", "activity": 19, "h_index": 10, "h5_index": 4, "mag_id": "1950150187", "num_publications": 1, "num_citations": 1, "num_publications_5y": 0, "num_citations_5y": 0, "num_publications_10y": 1, "num_citations_10y": 1, "publications_years": {"2010": 1}, "citations_years": {"2012": 1}, "old_citations": {"2010": 1}, "isVisible": false}, "1980826321": {"name": "rasim m alguliev", "type": "author", "activity": 12, "h_index": 15, "h5_index": 1, "mag_id": "1980826321", "num_publications": 1, "num_citations": 6, "num_publications_5y": 0, "num_citations_5y": 4, "num_publications_10y": 1, "num_citations_10y": 6, "publications_years": {"2010": 1}, "citations_years": {"2011": 1, "2012": 0, "2013": 1, "2014": 2, "2015": 1, "2016": 0, "2017": 0, "2018": 1}, "old_citations": {"2010": 6}, "isVisible": false}, "1999952089": {"name": "fahd a alturki", "type": "author", "activity": 17, "h_index": 3, "h5_index": 1, "mag_id": "1999952089", "num_publications": 1, "num_citations": 2, "num_publications_5y": 0, "num_citations_5y": 0, "num_publications_10y": 1, "num_citations_10y": 2, "publications_years": {"2010": 1}, "citations_years": {"2012": 1, "2013": 1}, "old_citations": {"2010": 2}, "isVisible": false}, "2003585874": {"name": "erfaneh noroozi", "type": "author", "activity": 6, "h_index": 2, "h5_index": 0, "mag_id": "2003585874", "num_publications": 1, "num_citations": 10, "num_publications_5y": 0, "num_citations_5y": 6, "num_publications_10y": 1, "num_citations_10y": 9, "publications_years": {"2010": 1}, "citations_years": {"2012": 2, "2013": 1, "2014": 2, "2015": 1, "2016": 1, "2017": 0, "2018": 2, "2019": 0, "2020": 1}, "old_citations": {"2010": 10}, "isVisible": false}, "2027117177": {"name": "sachin chaugule", "type": "author", "activity": 1, "h_index": 1, "h5_index": 0, "mag_id": "2027117177", "num_publications": 1, "num_citations": 5, "num_publications_5y": 0, "num_citations_5y": 2, "num_publications_10y": 1, "num_citations_10y": 5, "publications_years": {"2010": 1}, "citations_years": {"2012": 2, "2013": 1, "2014": 0, "2015": 0, "2016": 1, "2017": 0, "2018": 1}, "old_citations": {"2010": 5}, "isVisible": false}, "2071761107": {"name": "xi zhenyuan", "type": "author", "activity": 7, "h_index": 1, "h5_index": 0, "mag_id": "2071761107", "num_publications": 1, "num_citations": 0, "num_publications_5y": 0, "num_citations_5y": 0, "num_publications_10y": 1, "num_citations_10y": 0, "publications_years": {"2010": 1}, "citations_years": {}, "old_citations": {"2010": 0}, "isVisible": false}, "2082155214": {"name": "robert frischer", "type": "author", "activity": 12, "h_index": 6, "h5_index": 1, "mag_id": "2082155214", "num_publications": 1, "num_citations": 2, "num_publications_5y": 0, "num_citations_5y": 0, "num_publications_10y": 1, "num_citations_10y": 2, "publications_years": {"2010": 1}, "citations_years": {"2011": 2}, "old_citations": {"2010": 2}, "isVisible": false}, "2093182034": {"name": "rahimi baharom", "type": "author", "activity": 13, "h_index": 3, "h5_index": 1, "mag_id": "2093182034", "num_publications": 1, "num_citations": 2, "num_publications_5y": 0, "num_citations_5y": 0, "num_publications_10y": 1, "num_citations_10y": 2, "publications_years": {"2010": 1}, "citations_years": {"2011": 1, "2012": 1}, "old_citations": {"2010": 2}, "isVisible": false}, "2099546802": {"name": "xiaowen xie", "type": "author", "activity": 2, "h_index": 2, "h5_index": 0, "mag_id": "2099546802", "num_publications": 1, "num_citations": 0, "num_publications_5y": 0, "num_citations_5y": 0, "num_publications_10y": 1, "num_citations_10y": 0, "publications_years": {"2010": 1}, "citations_years": {}, "old_citations": {"2010": 0}, "isVisible": false}, "2101933882": {"name": "ding chao", "type": "author", "activity": 9, "h_index": 1, "h5_index": 0, "mag_id": "2101933882", "num_publications": 1, "num_citations": 0, "num_publications_5y": 0, "num_citations_5y": 0, "num_publications_10y": 1, "num_citations_10y": 0, "publications_years": {"2010": 1}, "citations_years": {}, "old_citations": {"2010": 0}, "isVisible": false}, "2114180036": {"name": "guangzheng yu", "type": "author", "activity": 2, "h_index": 1, "h5_index": 0, "mag_id": "2114180036", "num_publications": 1, "num_citations": 1, "num_publications_5y": 0, "num_citations_5y": 0, "num_publications_10y": 1, "num_citations_10y": 1, "publications_years": {"2010": 1}, "citations_years": {"2013": 1}, "old_citations": {"2010": 1}, "isVisible": false}, "2128362002": {"name": "chang chai", "type": "author", "activity": 1, "h_index": 1, "h5_index": 0, "mag_id": "2128362002", "num_publications": 1, "num_citations": 8, "num_publications_5y": 0, "num_citations_5y": 2, "num_publications_10y": 1, "num_citations_10y": 6, "publications_years": {"2010": 1}, "citations_years": {"2012": 1, "2013": 3, "2014": 0, "2015": 0, "2016": 2, "2017": 0, "2018": 0, "2019": 2}, "old_citations": {"2010": 8}, "isVisible": false}, "2130229563": {"name": "hiseok kim", "type": "author", "activity": 16, "h_index": 6, "h5_index": 1, "mag_id": "2130229563", "num_publications": 1, "num_citations": 10, "num_publications_5y": 0, "num_citations_5y": 5, "num_publications_10y": 1, "num_citations_10y": 10, "publications_years": {"2010": 1}, "citations_years": {"2011": 1, "2012": 2, "2013": 2, "2014": 1, "2015": 3, "2016": 0, "2017": 1}, "old_citations": {"2010": 10}, "isVisible": false}, "2130525439": {"name": "tungchou chen", "type": "author", "activity": 15, "h_index": 2, "h5_index": 1, "mag_id": "2130525439", "num_publications": 1, "num_citations": 1, "num_publications_5y": 0, "num_citations_5y": 0, "num_publications_10y": 1, "num_citations_10y": 1, "publications_years": {"2010": 1}, "citations_years": {"2011": 1}, "old_citations": {"2010": 1}, "isVisible": false}, "2133498531": {"name": "chingfa chen", "type": "author", "activity": 6, "h_index": 3, "h5_index": 0, "mag_id": "2133498531", "num_publications": 1, "num_citations": 4, "num_publications_5y": 0, "num_citations_5y": 1, "num_publications_10y": 1, "num_citations_10y": 4, "publications_years": {"2010": 1}, "citations_years": {"2012": 2, "2013": 1, "2014": 0, "2015": 1}, "old_citations": {"2010": 4}, "isVisible": false}, "2137272318": {"name": "tianchi he", "type": "author", "activity": 1, "h_index": 1, "h5_index": 0, "mag_id": "2137272318", "num_publications": 1, "num_citations": 0, "num_publications_5y": 0, "num_citations_5y": 0, "num_publications_10y": 1, "num_citations_10y": 0, "publications_years": {"2010": 1}, "citations_years": {}, "old_citations": {"2010": 0}, "isVisible": false}, "2139549395": {"name": "kiseok chung", "type": "author", "activity": 20, "h_index": 12, "h5_index": 3, "mag_id": "2139549395", "num_publications": 1, "num_citations": 10, "num_publications_5y": 0, "num_citations_5y": 5, "num_publications_10y": 1, "num_citations_10y": 10, "publications_years": {"2010": 1}, "citations_years": {"2011": 1, "2012": 2, "2013": 2, "2014": 1, "2015": 3, "2016": 0, "2017": 1}, "old_citations": {"2010": 10}, "isVisible": false}, "2139865863": {"name": "xie nan", "type": "author", "activity": 12, "h_index": 2, "h5_index": 1, "mag_id": "2139865863", "num_publications": 1, "num_citations": 0, "num_publications_5y": 0, "num_citations_5y": 0, "num_publications_10y": 1, "num_citations_10y": 0, "publications_years": {"2010": 1}, "citations_years": {}, "old_citations": {"2010": 0}, "isVisible": false}, "2140709449": {"name": "m k hamzah", "type": "author", "activity": 7, "h_index": 4, "h5_index": 0, "mag_id": "2140709449", "num_publications": 1, "num_citations": 2, "num_publications_5y": 0, "num_citations_5y": 0, "num_publications_10y": 1, "num_citations_10y": 2, "publications_years": {"2010": 1}, "citations_years": {"2011": 1, "2012": 1}, "old_citations": {"2010": 2}, "isVisible": false}, "2146923846": {"name": "ashish more", "type": "author", "activity": 1, "h_index": 1, "h5_index": 0, "mag_id": "2146923846", "num_publications": 1, "num_citations": 5, "num_publications_5y": 0, "num_citations_5y": 2, "num_publications_10y": 1, "num_citations_10y": 5, "publications_years": {"2010": 1}, "citations_years": {"2012": 2, "2013": 1, "2014": 0, "2015": 0, "2016": 1, "2017": 0, "2018": 1}, "old_citations": {"2010": 5}, "isVisible": false}, "2156862316": {"name": "fuhgwo chen", "type": "author", "activity": 16, "h_index": 3, "h5_index": 0, "mag_id": "2156862316", "num_publications": 1, "num_citations": 1, "num_publications_5y": 0, "num_citations_5y": 0, "num_publications_10y": 1, "num_citations_10y": 1, "publications_years": {"2010": 1}, "citations_years": {"2012": 1}, "old_citations": {"2010": 1}, "isVisible": false}, "2159048286": {"name": "tsuitsai lin", "type": "author", "activity": 8, "h_index": 2, "h5_index": 0, "mag_id": "2159048286", "num_publications": 1, "num_citations": 1, "num_publications_5y": 0, "num_citations_5y": 0, "num_publications_10y": 1, "num_citations_10y": 1, "publications_years": {"2010": 1}, "citations_years": {"2011": 1}, "old_citations": {"2010": 1}, "isVisible": false}, "2162963343": {"name": "jakub jirka", "type": "author", "activity": 5, "h_index": 2, "h5_index": 0, "mag_id": "2162963343", "num_publications": 1, "num_citations": 4, "num_publications_5y": 0, "num_citations_5y": 0, "num_publications_10y": 1, "num_citations_10y": 4, "publications_years": {"2010": 1}, "citations_years": {"2010": 1, "2011": 3}, "old_citations": {"2010": 4}, "isVisible": false}, "2165787440": {"name": "yan hongwei", "type": "author", "activity": 2, "h_index": 1, "h5_index": 0, "mag_id": "2165787440", "num_publications": 1, "num_citations": 0, "num_publications_5y": 0, "num_citations_5y": 0, "num_publications_10y": 1, "num_citations_10y": 0, "publications_years": {"2010": 1}, "citations_years": {}, "old_citations": {"2010": 0}, "isVisible": false}, "2171055359": {"name": "shingtai pan", "type": "author", "activity": 16, "h_index": 8, "h5_index": 2, "mag_id": "2171055359", "num_publications": 1, "num_citations": 4, "num_publications_5y": 0, "num_citations_5y": 1, "num_publications_10y": 1, "num_citations_10y": 4, "publications_years": {"2010": 1}, "citations_years": {"2012": 2, "2013": 1, "2014": 0, "2015": 1}, "old_citations": {"2010": 4}, "isVisible": false}, "2222750208": {"name": "hailin xie", "type": "author", "activity": 2, "h_index": 2, "h5_index": 0, "mag_id": "2222750208", "num_publications": 1, "num_citations": 1, "num_publications_5y": 0, "num_citations_5y": 0, "num_publications_10y": 1, "num_citations_10y": 1, "publications_years": {"2010": 1}, "citations_years": {"2013": 1}, "old_citations": {"2010": 1}, "isVisible": false}, "2224753517": {"name": "keehoon jang", "type": "author", "activity": 1, "h_index": 1, "h5_index": 0, "mag_id": "2224753517", "num_publications": 1, "num_citations": 13, "num_publications_5y": 0, "num_citations_5y": 5, "num_publications_10y": 1, "num_citations_10y": 13, "publications_years": {"2010": 1}, "citations_years": {"2011": 2, "2012": 4, "2013": 2, "2014": 1, "2015": 1, "2016": 1, "2017": 2}, "old_citations": {"2010": 13}, "isVisible": false}, "2225860900": {"name": "sutasinee siripokapirom", "type": "author", "activity": 1, "h_index": 1, "h5_index": 0, "mag_id": "2225860900", "num_publications": 1, "num_citations": 20, "num_publications_5y": 0, "num_citations_5y": 16, "num_publications_10y": 1, "num_citations_10y": 18, "publications_years": {"2010": 1}, "citations_years": {"2012": 2, "2013": 0, "2014": 3, "2015": 7, "2016": 2, "2017": 2, "2018": 2, "2019": 0, "2020": 2}, "old_citations": {"2010": 20}, "isVisible": false}, "2225864563": {"name": "chijung chen", "type": "author", "activity": 1, "h_index": 1, "h5_index": 0, "mag_id": "2225864563", "num_publications": 1, "num_citations": 1, "num_publications_5y": 0, "num_citations_5y": 0, "num_publications_10y": 1, "num_citations_10y": 1, "publications_years": {"2010": 1}, "citations_years": {"2011": 1}, "old_citations": {"2010": 1}, "isVisible": false}, "2228698634": {"name": "qili tao", "type": "author", "activity": 2, "h_index": 1, "h5_index": 0, "mag_id": "2228698634", "num_publications": 1, "num_citations": 1, "num_publications_5y": 0, "num_citations_5y": 0, "num_publications_10y": 1, "num_citations_10y": 1, "publications_years": {"2010": 1}, "citations_years": {"2013": 1}, "old_citations": {"2010": 1}, "isVisible": false}, "2229741066": {"name": "samira hasani shafiee", "type": "author", "activity": 1, "h_index": 1, "h5_index": 0, "mag_id": "2229741066", "num_publications": 1, "num_citations": 10, "num_publications_5y": 0, "num_citations_5y": 6, "num_publications_10y": 1, "num_citations_10y": 9, "publications_years": {"2010": 1}, "citations_years": {"2012": 2, "2013": 1, "2014": 2, "2015": 1, "2016": 1, "2017": 0, "2018": 2, "2019": 0, "2020": 1}, "old_citations": {"2010": 10}, "isVisible": false}, "2230403498": {"name": "r f abo shanab", "type": "author", "activity": 1, "h_index": 1, "h5_index": 0, "mag_id": "2230403498", "num_publications": 1, "num_citations": 3, "num_publications_5y": 0, "num_citations_5y": 2, "num_publications_10y": 1, "num_citations_10y": 2, "publications_years": {"2010": 1}, "citations_years": {"2014": 2, "2015": 0, "2016": 0, "2017": 0, "2018": 0, "2019": 0, "2020": 1}, "old_citations": {"2010": 3}, "isVisible": false}, "2231565059": {"name": "yingshu cheng", "type": "author", "activity": 1, "h_index": 0, "h5_index": 0, "mag_id": "2231565059", "num_publications": 1, "num_citations": 0, "num_publications_5y": 0, "num_citations_5y": 0, "num_publications_10y": 1, "num_citations_10y": 0, "publications_years": {"2010": 1}, "citations_years": {}, "old_citations": {"2010": 0}, "isVisible": false}, "2231761864": {"name": "chen luyi", "type": "author", "activity": 5, "h_index": 1, "h5_index": 0, "mag_id": "2231761864", "num_publications": 1, "num_citations": 0, "num_publications_5y": 0, "num_citations_5y": 0, "num_publications_10y": 1, "num_citations_10y": 0, "publications_years": {"2010": 1}, "citations_years": {}, "old_citations": {"2010": 0}, "isVisible": false}, "2231828675": {"name": "marcel macecek", "type": "author", "activity": 1, "h_index": 1, "h5_index": 0, "mag_id": "2231828675", "num_publications": 1, "num_citations": 1, "num_publications_5y": 0, "num_citations_5y": 0, "num_publications_10y": 1, "num_citations_10y": 1, "publications_years": {"2010": 1}, "citations_years": {"2010": 1}, "old_citations": {"2010": 1}, "isVisible": false}, "2251807729": {"name": "mouftah m mohamed", "type": "author", "activity": 1, "h_index": 1, "h5_index": 0, "mag_id": "2251807729", "num_publications": 1, "num_citations": 3, "num_publications_5y": 0, "num_citations_5y": 2, "num_publications_10y": 1, "num_citations_10y": 3, "publications_years": {"2010": 1}, "citations_years": {"2013": 1, "2014": 0, "2015": 1, "2016": 1}, "old_citations": {"2010": 3}, "isVisible": false}, "2302911383": {"name": "zhang jian", "type": "author", "activity": 1, "h_index": 1, "h5_index": 0, "mag_id": "2302911383", "num_publications": 1, "num_citations": 0, "num_publications_5y": 0, "num_citations_5y": 0, "num_publications_10y": 1, "num_citations_10y": 0, "publications_years": {"2010": 1}, "citations_years": {}, "old_citations": {"2010": 0}, "isVisible": false}, "2303174773": {"name": "v krishnamurthi", "type": "author", "activity": 6, "h_index": 2, "h5_index": 0, "mag_id": "2303174773", "num_publications": 1, "num_citations": 6, "num_publications_5y": 0, "num_citations_5y": 3, "num_publications_10y": 1, "num_citations_10y": 4, "publications_years": {"2010": 1}, "citations_years": {"2013": 1, "2014": 0, "2015": 1, "2016": 2, "2017": 0, "2018": 0, "2019": 2}, "old_citations": {"2010": 6}, "isVisible": false}, "2305175354": {"name": "zhe zhang", "type": "author", "activity": 3, "h_index": 2, "h5_index": 0, "mag_id": "2305175354", "num_publications": 1, "num_citations": 1, "num_publications_5y": 0, "num_citations_5y": 0, "num_publications_10y": 1, "num_citations_10y": 1, "publications_years": {"2010": 1}, "citations_years": {"2013": 1}, "old_citations": {"2010": 1}, "isVisible": false}, "2305435787": {"name": "a b patki", "type": "author", "activity": 1, "h_index": 1, "h5_index": 0, "mag_id": "2305435787", "num_publications": 1, "num_citations": 1, "num_publications_5y": 0, "num_citations_5y": 0, "num_publications_10y": 1, "num_citations_10y": 1, "publications_years": {"2010": 1}, "citations_years": {"2011": 1}, "old_citations": {"2010": 1}, "isVisible": false}, "2308043414": {"name": "chengyuan chang", "type": "author", "activity": 9, "h_index": 4, "h5_index": 0, "mag_id": "2308043414", "num_publications": 1, "num_citations": 4, "num_publications_5y": 0, "num_citations_5y": 1, "num_publications_10y": 1, "num_citations_10y": 4, "publications_years": {"2010": 1}, "citations_years": {"2012": 2, "2013": 1, "2014": 0, "2015": 1}, "old_citations": {"2010": 4}, "isVisible": false}, "2423122409": {"name": "vilem srovnal", "type": "author", "activity": 19, "h_index": 7, "h5_index": 1, "mag_id": "2423122409", "num_publications": 1, "num_citations": 3, "num_publications_5y": 0, "num_citations_5y": 0, "num_publications_10y": 1, "num_citations_10y": 3, "publications_years": {"2010": 1}, "citations_years": {"2011": 2, "2012": 0, "2013": 1}, "old_citations": {"2010": 3}, "isVisible": false}, "2426467831": {"name": "v k nangia", "type": "author", "activity": 1, "h_index": 1, "h5_index": 0, "mag_id": "2426467831", "num_publications": 1, "num_citations": 1, "num_publications_5y": 0, "num_citations_5y": 0, "num_publications_10y": 1, "num_citations_10y": 1, "publications_years": {"2010": 1}, "citations_years": {"2011": 1}, "old_citations": {"2010": 1}, "isVisible": false}, "2427838825": {"name": "huang ying", "type": "author", "activity": 1, "h_index": 0, "h5_index": 0, "mag_id": "2427838825", "num_publications": 1, "num_citations": 0, "num_publications_5y": 0, "num_citations_5y": 0, "num_publications_10y": 1, "num_citations_10y": 0, "publications_years": {"2010": 1}, "citations_years": {}, "old_citations": {"2010": 0}, "isVisible": false}, "2429717609": {"name": "peng zhu", "type": "author", "activity": 3, "h_index": 2, "h5_index": 0, "mag_id": "2429717609", "num_publications": 1, "num_citations": 0, "num_publications_5y": 0, "num_citations_5y": 0, "num_publications_10y": 1, "num_citations_10y": 0, "publications_years": {"2010": 1}, "citations_years": {}, "old_citations": {"2010": 0}, "isVisible": false}, "2440421662": {"name": "jianan wang", "type": "author", "activity": 1, "h_index": 1, "h5_index": 0, "mag_id": "2440421662", "num_publications": 1, "num_citations": 5, "num_publications_5y": 0, "num_citations_5y": 3, "num_publications_10y": 1, "num_citations_10y": 5, "publications_years": {"2010": 1}, "citations_years": {"2010": 1, "2011": 0, "2012": 1, "2013": 0, "2014": 1, "2015": 1, "2016": 0, "2017": 0, "2018": 1}, "old_citations": {"2010": 5}, "isVisible": false}, "2443047776": {"name": "jung sik park", "type": "author", "activity": 1, "h_index": 1, "h5_index": 0, "mag_id": "2443047776", "num_publications": 1, "num_citations": 10, "num_publications_5y": 0, "num_citations_5y": 5, "num_publications_10y": 1, "num_citations_10y": 10, "publications_years": {"2010": 1}, "citations_years": {"2011": 1, "2012": 2, "2013": 2, "2014": 1, "2015": 3, "2016": 0, "2017": 1}, "old_citations": {"2010": 10}, "isVisible": false}, "2444113060": {"name": "lin chen", "type": "author", "activity": 2, "h_index": 1, "h5_index": 0, "mag_id": "2444113060", "num_publications": 1, "num_citations": 1, "num_publications_5y": 0, "num_citations_5y": 0, "num_publications_10y": 1, "num_citations_10y": 1, "publications_years": {"2010": 1}, "citations_years": {"2013": 1}, "old_citations": {"2010": 1}, "isVisible": false}, "2497237855": {"name": "xiufang wang", "type": "author", "activity": 1, "h_index": 1, "h5_index": 0, "mag_id": "2497237855", "num_publications": 1, "num_citations": 4, "num_publications_5y": 0, "num_citations_5y": 2, "num_publications_10y": 1, "num_citations_10y": 4, "publications_years": {"2010": 1}, "citations_years": {"2013": 2, "2014": 1, "2015": 0, "2016": 0, "2017": 1}, "old_citations": {"2010": 4}, "isVisible": false}, "2573006520": {"name": "mingsheng zhao", "type": "author", "activity": 2, "h_index": 1, "h5_index": 0, "mag_id": "2573006520", "num_publications": 1, "num_citations": 0, "num_publications_5y": 0, "num_citations_5y": 0, "num_publications_10y": 1, "num_citations_10y": 0, "publications_years": {"2010": 1}, "citations_years": {}, "old_citations": {"2010": 0}, "isVisible": false}, "2628244915": {"name": "tao wang", "type": "author", "activity": 1, "h_index": 0, "h5_index": 0, "mag_id": "2628244915", "num_publications": 1, "num_citations": 0, "num_publications_5y": 0, "num_citations_5y": 0, "num_publications_10y": 1, "num_citations_10y": 0, "publications_years": {"2010": 1}, "citations_years": {}, "old_citations": {"2010": 0}, "isVisible": false}, "2629955048": {"name": "shutao wei", "type": "author", "activity": 2, "h_index": 1, "h5_index": 0, "mag_id": "2629955048", "num_publications": 1, "num_citations": 1, "num_publications_5y": 0, "num_citations_5y": 0, "num_publications_10y": 1, "num_citations_10y": 1, "publications_years": {"2010": 1}, "citations_years": {"2013": 1}, "old_citations": {"2010": 1}, "isVisible": false}, "2633371485": {"name": "a q ansari", "type": "author", "activity": 1, "h_index": 1, "h5_index": 0, "mag_id": "2633371485", "num_publications": 1, "num_citations": 1, "num_publications_5y": 0, "num_citations_5y": 0, "num_publications_10y": 1, "num_citations_10y": 1, "publications_years": {"2010": 1}, "citations_years": {"2011": 1}, "old_citations": {"2010": 1}, "isVisible": false}, "2634618659": {"name": "a revathi", "type": "author", "activity": 14, "h_index": 6, "h5_index": 2, "mag_id": "2634618659", "num_publications": 1, "num_citations": 6, "num_publications_5y": 0, "num_citations_5y": 3, "num_publications_10y": 1, "num_citations_10y": 4, "publications_years": {"2010": 1}, "citations_years": {"2013": 1, "2014": 0, "2015": 1, "2016": 2, "2017": 0, "2018": 0, "2019": 2}, "old_citations": {"2010": 6}, "isVisible": false}, "2636932522": {"name": "shiuwan hung", "type": "author", "activity": 1, "h_index": 1, "h5_index": 0, "mag_id": "2636932522", "num_publications": 1, "num_citations": 1, "num_publications_5y": 0, "num_citations_5y": 0, "num_publications_10y": 1, "num_citations_10y": 1, "publications_years": {"2010": 1}, "citations_years": {"2011": 1}, "old_citations": {"2010": 1}, "isVisible": false}, "2640100892": {"name": "yulin wang", "type": "author", "activity": 1, "h_index": 1, "h5_index": 0, "mag_id": "2640100892", "num_publications": 1, "num_citations": 8, "num_publications_5y": 0, "num_citations_5y": 2, "num_publications_10y": 1, "num_citations_10y": 6, "publications_years": {"2010": 1}, "citations_years": {"2012": 1, "2013": 3, "2014": 0, "2015": 0, "2016": 2, "2017": 0, "2018": 0, "2019": 2}, "old_citations": {"2010": 8}, "isVisible": false}, "2641732374": {"name": "yi du", "type": "author", "activity": 1, "h_index": 1, "h5_index": 0, "mag_id": "2641732374", "num_publications": 1, "num_citations": 1, "num_publications_5y": 0, "num_citations_5y": 1, "num_publications_10y": 1, "num_citations_10y": 1, "publications_years": {"2010": 1}, "citations_years": {"2014": 1}, "old_citations": {"2010": 1}, "isVisible": false}, "2644419351": {"name": "huiling li", "type": "author", "activity": 1, "h_index": 1, "h5_index": 0, "mag_id": "2644419351", "num_publications": 1, "num_citations": 5, "num_publications_5y": 0, "num_citations_5y": 3, "num_publications_10y": 1, "num_citations_10y": 5, "publications_years": {"2010": 1}, "citations_years": {"2010": 1, "2011": 0, "2012": 1, "2013": 0, "2014": 1, "2015": 1, "2016": 0, "2017": 0, "2018": 1}, "old_citations": {"2010": 5}, "isVisible": false}, "2644481448": {"name": "jianshuang li", "type": "author", "activity": 1, "h_index": 0, "h5_index": 0, "mag_id": "2644481448", "num_publications": 1, "num_citations": 0, "num_publications_5y": 0, "num_citations_5y": 0, "num_publications_10y": 1, "num_citations_10y": 0, "publications_years": {"2010": 1}, "citations_years": {}, "old_citations": {"2010": 0}, "isVisible": false}, "2657388839": {"name": "chen yang zhao", "type": "author", "activity": 1, "h_index": 0, "h5_index": 0, "mag_id": "2657388839", "num_publications": 1, "num_citations": 0, "num_publications_5y": 0, "num_citations_5y": 0, "num_publications_10y": 1, "num_citations_10y": 0, "publications_years": {"2011": 1}, "citations_years": {}, "old_citations": {"2011": 0}, "isVisible": false}, "2659838454": {"name": "bing li", "type": "author", "activity": 1, "h_index": 0, "h5_index": 0, "mag_id": "2659838454", "num_publications": 1, "num_citations": 0, "num_publications_5y": 0, "num_citations_5y": 0, "num_publications_10y": 1, "num_citations_10y": 0, "publications_years": {"2011": 1}, "citations_years": {}, "old_citations": {"2011": 0}, "isVisible": false}, "2664266560": {"name": "zhenlong hou", "type": "author", "activity": 1, "h_index": 1, "h5_index": 0, "mag_id": "2664266560", "num_publications": 1, "num_citations": 4, "num_publications_5y": 0, "num_citations_5y": 2, "num_publications_10y": 1, "num_citations_10y": 4, "publications_years": {"2010": 1}, "citations_years": {"2013": 2, "2014": 1, "2015": 0, "2016": 0, "2017": 1}, "old_citations": {"2010": 4}, "isVisible": false}, "2664426951": {"name": "anpang wang", "type": "author", "activity": 1, "h_index": 1, "h5_index": 0, "mag_id": "2664426951", "num_publications": 1, "num_citations": 1, "num_publications_5y": 0, "num_citations_5y": 0, "num_publications_10y": 1, "num_citations_10y": 1, "publications_years": {"2010": 1}, "citations_years": {"2011": 1}, "old_citations": {"2010": 1}, "isVisible": false}, "2665111572": {"name": "yimin deng", "type": "author", "activity": 1, "h_index": 1, "h5_index": 0, "mag_id": "2665111572", "num_publications": 1, "num_citations": 1, "num_publications_5y": 0, "num_citations_5y": 0, "num_publications_10y": 1, "num_citations_10y": 1, "publications_years": {"2010": 1}, "citations_years": {"2013": 1}, "old_citations": {"2010": 1}, "isVisible": false}, "2665543578": {"name": "moussa a hamdan", "type": "author", "activity": 1, "h_index": 1, "h5_index": 0, "mag_id": "2665543578", "num_publications": 1, "num_citations": 3, "num_publications_5y": 0, "num_citations_5y": 2, "num_publications_10y": 1, "num_citations_10y": 3, "publications_years": {"2010": 1}, "citations_years": {"2013": 1, "2014": 0, "2015": 1, "2016": 1}, "old_citations": {"2010": 3}, "isVisible": false}, "2667962694": {"name": "c jeyalakshmi", "type": "author", "activity": 10, "h_index": 3, "h5_index": 2, "mag_id": "2667962694", "num_publications": 1, "num_citations": 6, "num_publications_5y": 0, "num_citations_5y": 3, "num_publications_10y": 1, "num_citations_10y": 4, "publications_years": {"2010": 1}, "citations_years": {"2013": 1, "2014": 0, "2015": 1, "2016": 2, "2017": 0, "2018": 0, "2019": 2}, "old_citations": {"2010": 6}, "isVisible": false}, "2675433061": {"name": "chunming li", "type": "author", "activity": 1, "h_index": 1, "h5_index": 0, "mag_id": "2675433061", "num_publications": 1, "num_citations": 5, "num_publications_5y": 0, "num_citations_5y": 3, "num_publications_10y": 1, "num_citations_10y": 5, "publications_years": {"2010": 1}, "citations_years": {"2010": 1, "2011": 0, "2012": 1, "2013": 0, "2014": 1, "2015": 1, "2016": 0, "2017": 0, "2018": 1}, "old_citations": {"2010": 5}, "isVisible": false}, "2677580231": {"name": "guan xiaoqing", "type": "author", "activity": 1, "h_index": 2, "h5_index": 0, "mag_id": "2677580231", "num_publications": 1, "num_citations": 0, "num_publications_5y": 0, "num_citations_5y": 0, "num_publications_10y": 1, "num_citations_10y": 0, "publications_years": {"2010": 1}, "citations_years": {}, "old_citations": {"2010": 0}, "isVisible": false}, "2681217158": {"name": "kuoyi chen", "type": "author", "activity": 13, "h_index": 4, "h5_index": 1, "mag_id": "2681217158", "num_publications": 1, "num_citations": 1, "num_publications_5y": 0, "num_citations_5y": 0, "num_publications_10y": 1, "num_citations_10y": 1, "publications_years": {"2010": 1}, "citations_years": {"2012": 1}, "old_citations": {"2010": 1}, "isVisible": false}, "2682057605": {"name": "ling gao", "type": "author", "activity": 3, "h_index": 2, "h5_index": 0, "mag_id": "2682057605", "num_publications": 1, "num_citations": 1, "num_publications_5y": 0, "num_citations_5y": 0, "num_publications_10y": 1, "num_citations_10y": 1, "publications_years": {"2010": 1}, "citations_years": {"2013": 1}, "old_citations": {"2010": 1}, "isVisible": false}, "2682440126": {"name": "tingwei hou", "type": "author", "activity": 26, "h_index": 13, "h5_index": 2, "mag_id": "2682440126", "num_publications": 1, "num_citations": 1, "num_publications_5y": 0, "num_citations_5y": 0, "num_publications_10y": 1, "num_citations_10y": 1, "publications_years": {"2010": 1}, "citations_years": {"2012": 1}, "old_citations": {"2010": 1}, "isVisible": false}, "2685524358": {"name": "minghui tao", "type": "author", "activity": 1, "h_index": 1, "h5_index": 0, "mag_id": "2685524358", "num_publications": 1, "num_citations": 2, "num_publications_5y": 0, "num_citations_5y": 0, "num_publications_10y": 1, "num_citations_10y": 2, "publications_years": {"2010": 1}, "citations_years": {"2012": 1, "2013": 1}, "old_citations": {"2010": 2}, "isVisible": false}, "2685941984": {"name": "m cerny", "type": "author", "activity": 1, "h_index": 0, "h5_index": 0, "mag_id": "2685941984", "num_publications": 1, "num_citations": 0, "num_publications_5y": 0, "num_citations_5y": 0, "num_publications_10y": 1, "num_citations_10y": 0, "publications_years": {"2010": 1}, "citations_years": {}, "old_citations": {"2010": 0}, "isVisible": false}, "2686198211": {"name": "jianyue ren", "type": "author", "activity": 1, "h_index": 1, "h5_index": 0, "mag_id": "2686198211", "num_publications": 1, "num_citations": 2, "num_publications_5y": 0, "num_citations_5y": 0, "num_publications_10y": 1, "num_citations_10y": 2, "publications_years": {"2010": 1}, "citations_years": {"2012": 1, "2013": 1}, "old_citations": {"2010": 2}, "isVisible": false}, "2696832214": {"name": "xuyu li", "type": "author", "activity": 1, "h_index": 1, "h5_index": 0, "mag_id": "2696832214", "num_publications": 1, "num_citations": 4, "num_publications_5y": 0, "num_citations_5y": 1, "num_publications_10y": 1, "num_citations_10y": 4, "publications_years": {"2010": 1}, "citations_years": {"2012": 2, "2013": 1, "2014": 0, "2015": 1}, "old_citations": {"2010": 4}, "isVisible": false}, "2698686703": {"name": "beirong zheng", "type": "author", "activity": 2, "h_index": 2, "h5_index": 0, "mag_id": "2698686703", "num_publications": 1, "num_citations": 0, "num_publications_5y": 0, "num_citations_5y": 0, "num_publications_10y": 1, "num_citations_10y": 0, "publications_years": {"2010": 1}, "citations_years": {}, "old_citations": {"2010": 0}, "isVisible": false}, "2700022737": {"name": "ruan feng", "type": "author", "activity": 1, "h_index": 0, "h5_index": 0, "mag_id": "2700022737", "num_publications": 1, "num_citations": 0, "num_publications_5y": 0, "num_citations_5y": 0, "num_publications_10y": 1, "num_citations_10y": 0, "publications_years": {"2010": 1}, "citations_years": {}, "old_citations": {"2010": 0}, "isVisible": false}, "2706080742": {"name": "javad kadivar", "type": "author", "activity": 1, "h_index": 1, "h5_index": 0, "mag_id": "2706080742", "num_publications": 1, "num_citations": 10, "num_publications_5y": 0, "num_citations_5y": 6, "num_publications_10y": 1, "num_citations_10y": 9, "publications_years": {"2010": 1}, "citations_years": {"2012": 2, "2013": 1, "2014": 2, "2015": 1, "2016": 1, "2017": 0, "2018": 2, "2019": 0, "2020": 1}, "old_citations": {"2010": 10}, "isVisible": false}, "2713455068": {"name": "ting zhang", "type": "author", "activity": 1, "h_index": 1, "h5_index": 0, "mag_id": "2713455068", "num_publications": 1, "num_citations": 1, "num_publications_5y": 0, "num_citations_5y": 1, "num_publications_10y": 1, "num_citations_10y": 1, "publications_years": {"2010": 1}, "citations_years": {"2014": 1}, "old_citations": {"2010": 1}, "isVisible": false}, "2721461271": {"name": "chakthong thongchattu", "type": "author", "activity": 1, "h_index": 1, "h5_index": 0, "mag_id": "2721461271", "num_publications": 1, "num_citations": 20, "num_publications_5y": 0, "num_citations_5y": 16, "num_publications_10y": 1, "num_citations_10y": 18, "publications_years": {"2010": 1}, "citations_years": {"2012": 2, "2013": 0, "2014": 3, "2015": 7, "2016": 2, "2017": 2, "2018": 2, "2019": 0, "2020": 2}, "old_citations": {"2010": 20}, "isVisible": false}, "2762487171": {"name": "meenakshi gupta", "type": "author", "activity": 1, "h_index": 0, "h5_index": 0, "mag_id": "2762487171", "num_publications": 1, "num_citations": 0, "num_publications_5y": 0, "num_citations_5y": 0, "num_publications_10y": 1, "num_citations_10y": 0, "publications_years": {"2010": 1}, "citations_years": {}, "old_citations": {"2010": 0}, "isVisible": false}, "2766702785": {"name": "ehsan nowroozi", "type": "author", "activity": 11, "h_index": 4, "h5_index": 4, "mag_id": "2766702785", "num_publications": 1, "num_citations": 0, "num_publications_5y": 0, "num_citations_5y": 0, "num_publications_10y": 1, "num_citations_10y": 0, "publications_years": {"2010": 1}, "citations_years": {}, "old_citations": {"2010": 0}, "isVisible": false}, "2803028078": {"name": "lian li", "type": "author", "activity": 1, "h_index": 0, "h5_index": 0, "mag_id": "2803028078", "num_publications": 1, "num_citations": 0, "num_publications_5y": 0, "num_citations_5y": 0, "num_publications_10y": 1, "num_citations_10y": 0, "publications_years": {"2011": 1}, "citations_years": {}, "old_citations": {"2011": 0}, "isVisible": false}, "2949639279": {"name": "jalil jabari lotf", "type": "author", "activity": 2, "h_index": 4, "h5_index": 0, "mag_id": "2949639279", "num_publications": 1, "num_citations": 6, "num_publications_5y": 0, "num_citations_5y": 4, "num_publications_10y": 1, "num_citations_10y": 6, "publications_years": {"2010": 1}, "citations_years": {"2011": 1, "2012": 0, "2013": 1, "2014": 2, "2015": 1, "2016": 0, "2017": 0, "2018": 1}, "old_citations": {"2010": 6}, "isVisible": false}, "2950548248": {"name": "m cerny", "type": "author", "activity": 1, "h_index": 1, "h5_index": 0, "mag_id": "2950548248", "num_publications": 1, "num_citations": 1, "num_publications_5y": 0, "num_citations_5y": 1, "num_publications_10y": 1, "num_citations_10y": 1, "publications_years": {"2010": 1}, "citations_years": {"2015": 1}, "old_citations": {"2010": 1}, "isVisible": false}, "2950888482": {"name": "seyed hossein hosseini nazhad ghazani", "type": "author", "activity": 4, "h_index": 1, "h5_index": 0, "mag_id": "2950888482", "num_publications": 1, "num_citations": 6, "num_publications_5y": 0, "num_citations_5y": 4, "num_publications_10y": 1, "num_citations_10y": 6, "publications_years": {"2010": 1}, "citations_years": {"2011": 1, "2012": 0, "2013": 1, "2014": 2, "2015": 1, "2016": 0, "2017": 0, "2018": 1}, "old_citations": {"2010": 6}, "isVisible": false}}, "countries": {"China": {"name": "China", "type": "country", "h5_index": 214, "num_publications": 14, "num_citations": 17, "num_publications_5y": 0, "num_citations_5y": 5, "num_publications_10y": 14, "num_citations_10y": 15, "publications_years": {"2010": 13, "2011": 1}, "citations_years": {"2013": 6, "2012": 3, "2014": 1, "2015": 1, "2016": 2, "2017": 0, "2018": 1, "2019": 2, "2010": 1, "2011": 0}, "old_citations": {"2010": 17, "2011": 0}, "isVisible": false}, "Czechia": {"name": "Czechia", "type": "country", "h5_index": 43, "num_publications": 6, "num_citations": 11, "num_publications_5y": 0, "num_citations_5y": 1, "num_publications_10y": 6, "num_citations_10y": 11, "publications_years": {"2010": 6}, "citations_years": {"2010": 2, "2011": 7, "2012": 0, "2013": 1, "2015": 1}, "old_citations": {"2010": 11}, "isVisible": false}, "Taiwan": {"name": "Taiwan", "type": "country", "h5_index": 69, "num_publications": 4, "num_citations": 7, "num_publications_5y": 0, "num_citations_5y": 1, "num_publications_10y": 4, "num_citations_10y": 7, "publications_years": {"2010": 4}, "citations_years": {"2012": 3, "2013": 1, "2014": 0, "2015": 1, "2011": 2}, "old_citations": {"2010": 7}, "isVisible": false}, "United States": {"name": "United States", "type": "country", "h5_index": 308, "num_publications": 4, "num_citations": 4, "num_publications_5y": 0, "num_citations_5y": 2, "num_publications_10y": 4, "num_citations_10y": 4, "publications_years": {"2010": 4}, "citations_years": {"2013": 2, "2014": 0, "2015": 1, "2016": 1}, "old_citations": {"2010": 4}, "isVisible": false}, "India": {"name": "India", "type": "country", "h5_index": 78, "num_publications": 3, "num_citations": 7, "num_publications_5y": 0, "num_citations_5y": 2, "num_publications_10y": 3, "num_citations_10y": 7, "publications_years": {"2010": 3}, "citations_years": {"2012": 3, "2013": 1, "2014": 0, "2015": 0, "2016": 1, "2017": 0, "2018": 1, "2011": 1}, "old_citations": {"2010": 7}, "isVisible": false}, "South Korea": {"name": "South Korea", "type": "country", "h5_index": 100, "num_publications": 2, "num_citations": 23, "num_publications_5y": 0, "num_citations_5y": 10, "num_publications_10y": 2, "num_citations_10y": 23, "publications_years": {"2010": 2}, "citations_years": {"2011": 3, "2012": 6, "2013": 4, "2014": 2, "2015": 4, "2016": 1, "2017": 3}, "old_citations": {"2010": 23}, "isVisible": false}, "United Kingdom": {"name": "United Kingdom", "type": "country", "h5_index": 172, "num_publications": 2, "num_citations": 0, "num_publications_5y": 0, "num_citations_5y": 0, "num_publications_10y": 2, "num_citations_10y": 0, "publications_years": {"2010": 2}, "citations_years": {}, "old_citations": {"2010": 0}, "isVisible": false}, "Brazil": {"name": "Brazil", "type": "country", "h5_index": 57, "num_publications": 1, "num_citations": 1, "num_publications_5y": 0, "num_citations_5y": 0, "num_publications_10y": 1, "num_citations_10y": 1, "publications_years": {"2010": 1}, "citations_years": {"2011": 1}, "old_citations": {"2010": 1}, "isVisible": false}, "Iran": {"name": "Iran", "type": "country", "h5_index": 63, "num_publications": 1, "num_citations": 10, "num_publications_5y": 0, "num_citations_5y": 6, "num_publications_10y": 1, "num_citations_10y": 9, "publications_years": {"2010": 1}, "citations_years": {"2012": 2, "2013": 1, "2014": 2, "2015": 1, "2016": 1, "2017": 0, "2018": 2, "2019": 0, "2020": 1}, "old_citations": {"2010": 10}, "isVisible": false}, "Malaysia": {"name": "Malaysia", "type": "country", "h5_index": 62, "num_publications": 1, "num_citations": 2, "num_publications_5y": 0, "num_citations_5y": 0, "num_publications_10y": 1, "num_citations_10y": 2, "publications_years": {"2010": 1}, "citations_years": {"2011": 1, "2012": 1}, "old_citations": {"2010": 2}, "isVisible": false}, "Saudi Arabia": {"name": "Saudi Arabia", "type": "country", "h5_index": 72, "num_publications": 1, "num_citations": 2, "num_publications_5y": 0, "num_citations_5y": 0, "num_publications_10y": 1, "num_citations_10y": 2, "publications_years": {"2010": 1}, "citations_years": {"2012": 1, "2013": 1}, "old_citations": {"2010": 2}, "isVisible": false}}}, "conference_comparison": {"computer science": {}}, "topics_dna": {"publications": {}, "citations": {"normalized": {}, "average": {}}}, "info": {"num_publications": 44, "num_citations": 123.0, "impact_factor": {}, "publications_years": {"2010": 43, "2011": 1}, "citations_years": {"2010": 3, "2011": 15, "2012": 21, "2013": 21, "2014": 14, "2015": 18, "2016": 10, "2017": 6, "2018": 7, "2019": 4, "2020": 4}, "old_citations": {"2010": 123, "2011": 0}, "h5_index": 0}, "percentile": {"computer science": {"2010": 61, "2011": 17}}, "conference_ranking": {"computer science": {"2010": 1634, "2011": 3506}}, "academia": {"num_publications": 32, "num_citations": 80, "publications_years": {"2010": 31, "2011": 1}, "old_citations": {"2010": 80, "2011": 0}, "num_publications_5y": 0, "num_citations_5y": 0, "num_publications_10y": 1, "num_citations_10y": 0}, "industry": {"num_publications": 0, "num_citations": 0, "publications_years": {}, "old_citations": {}, "num_publications_5y": 0, "num_citations_5y": 0, "num_publications_10y": 0, "num_citations_10y": 0}, "collaborative": {"num_publications": 0, "num_citations": 0, "publications_years": {}, "old_citations": {}, "num_publications_5y": 0, "num_citations_5y": 0, "num_publications_10y": 0, "num_citations_10y": 0}, "conferences": {}, "journals": {}, "organizations": {"publication_overall": ["Technical University of Ostrava", "Southwest University", "Sungkyunkwan University", "University of North Carolina at Chapel Hill", "University of Ostrava", "University of York", "Central South University", "Cheongju University", "Chinese Academy of Sciences", "Chung Yuan Christian University", "Hanyang University", "Hungkuang University", "Indian Institute of Technology Kharagpur", "Inner Mongolia University of Technology", "Islamic Azad University, Tehran", "Jamia Millia Islamia", "Kao Yuan University", "King Saud University", "Lanzhou University", "Majmaah University", "Ministry of Communications", "Nanjing University", "National Central University", "National Changhua University of Education", "National Cheng Kung University", "National United University", "National University of Kaohsiung", "NationsUniversity", "Ningbo University", "North China Institute of Science and Technology", "North University of China", "Northwest University", "Shanghai Second Polytechnic University", "Shiraz University", "South China University of Technology", "Tongji University", "Universiti Teknologi MARA", "University of Pune", "Wenzhou University", "Wuhan University"], "citation_overall": ["Sungkyunkwan University", "Cheongju University", "Hanyang University", "Islamic Azad University, Tehran", "Shiraz University", "Technical University of Ostrava", "Wuhan University", "Inner Mongolia University of Technology", "University of Pune", "Chung Yuan Christian University", "Kao Yuan University", "National University of Kaohsiung", "NationsUniversity", "University of Ostrava", "Chinese Academy of Sciences", "King Saud University", "Majmaah University", "Universiti Teknologi MARA", "Hungkuang University", "Indian Institute of Technology Kharagpur", "Jamia Millia Islamia", "Ministry of Communications", "National Central University", "National Changhua University of Education", "National Cheng Kung University", "National United University", "Ningbo University", "Northwest University", "Shanghai Second Polytechnic University", "Central South University", "Lanzhou University", "Nanjing University", "North China Institute of Science and Technology", "North University of China", "South China University of Technology", "Southwest University", "Tongji University", "University of North Carolina at Chapel Hill", "University of York", "Wenzhou University"], "publication_10_years": ["Lanzhou University"], "citation_10_years": ["Lanzhou University"], "publication_5_years": [], "citation_5_years": []}, "countries": {"publication_overall": ["China", "Czechia", "Taiwan", "United States", "India", "South Korea", "United Kingdom", "Brazil", "Iran", "Malaysia", "Saudi Arabia"], "citation_overall": ["South Korea", "China", "Czechia", "Iran", "India", "Taiwan", "United States", "Malaysia", "Saudi Arabia", "Brazil", "United Kingdom"], "publication_10_years": ["China"], "citation_10_years": ["China"], "publication_5_years": [], "citation_5_years": []}, "topics": {"publication_overall": ["computer science", "computer systems", "computer hardware", "engineering", "computer networks", "artificial intelligence", "telecommunication systems", "communication systems", "wireless telecommunication systems", "telecommunication networks", "mathematics", "signal processing", "embedded systems", "machine learning", "telecommunication traffic", "communication channels (information theory)", "sensors", "data communication systems", "computer imaging and vision", "field programmable gate arrays (fpga)"], "citation_overall": ["computer science", "computer systems", "artificial intelligence", "machine learning", "computer hardware", "engineering", "computer networks", "communication systems", "embedded systems", "telecommunication systems", "wireless telecommunication systems", "signal processing", "mathematics", "telecommunication networks", "sensors", "software", "neural networks", "telecommunication traffic", "communication channels (information theory)", "computer imaging and vision"], "publication_10_years": ["artificial intelligence", "automata theory", "automated reasoning", "automated theorem proving", "automation", "computer science", "engineering", "formal languages and automata theory", "formal logic", "higher order logic", "software architecture", "software design", "software engineering", "tactics", "theorem provers", "theoretical computer science"], "citation_10_years": ["artificial intelligence", "automata theory", "automated reasoning", "automated theorem proving", "automation", "computer science", "engineering", "formal languages and automata theory", "formal logic", "higher order logic", "software architecture", "software design", "software engineering", "tactics", "theorem provers", "theoretical computer science"], "publication_5_years": [], "citation_5_years": []}, "main_topics": ["computer science"], "authors": {"publication_overall": ["2229659202", "2431320518", "2100370897", "2145728887", "2344101015", "2687605570", "45124013", "219623542", "349868023", "727534825", "1588017581", "1808258683", "1950150187", "1980826321", "1999952089", "2003585874", "2027117177", "2071761107", "2082155214", "2093182034", "2099546802", "2101933882", "2114180036", "2128362002", "2130229563", "2130525439", "2133498531", "2137272318", "2139549395", "2139865863", "2140709449", "2146923846", "2156862316", "2159048286", "2162963343", "2165787440", "2171055359", "2222750208", "2224753517", "2225860900", "2225864563", "2228698634", "2229741066", "2230403498", "2231565059", "2231761864", "2231828675", "2251807729", "2302911383", "2303174773", "2305175354", "2305435787", "2308043414", "2423122409", "2426467831", "2427838825", "2429717609", "2440421662", "2443047776", "2444113060", "2497237855", "2573006520", "2628244915", "2629955048", "2633371485", "2634618659", "2636932522", "2640100892", "2641732374", "2644419351", "2644481448", "2657388839", "2659838454", "2664266560", "2664426951", "2665111572", "2665543578", "2667962694", "2675433061", "2677580231", "2681217158", "2682057605", "2682440126", "2685524358", "2685941984", "2686198211", "2696832214", "2698686703", "2700022737", "2706080742", "2713455068", "2721461271", "2762487171", "2766702785", "2803028078", "2949639279", "2950548248", "2950888482"], "citation_overall": ["2687605570", "2225860900", "2721461271", "2224753517", "2003585874", "2130229563", "2139549395", "2229741066", "2443047776", "2706080742", "2128362002", "2640100892", "2431320518", "1980826321", "2303174773", "2634618659", "2667962694", "2949639279", "2950888482", "2027117177", "2146923846", "2440421662", "2644419351", "2675433061", "45124013", "2133498531", "2162963343", "2171055359", "2229659202", "2308043414", "2497237855", "2664266560", "2696832214", "2230403498", "2251807729", "2423122409", "2665543578", "727534825", "1999952089", "2082155214", "2093182034", "2140709449", "2685524358", "2686198211", "1588017581", "1950150187", "2114180036", "2130525439", "2156862316", "2159048286", "2222750208", "2225864563", "2228698634", "2231828675", "2305175354", "2305435787", "2426467831", "2444113060", "2629955048", "2633371485", "2636932522", "2641732374", "2664426951", "2665111572", "2681217158", "2682057605", "2682440126", "2713455068", "2950548248", "219623542", "349868023", "1808258683", "2071761107", "2099546802", "2100370897", "2101933882", "2137272318", "2139865863", "2145728887", "2165787440", "2231565059", "2231761864", "2302911383", "2344101015", "2427838825", "2429717609", "2573006520", "2628244915", "2644481448", "2657388839", "2659838454", "2677580231", "2685941984", "2698686703", "2700022737", "2762487171", "2766702785", "2803028078"], "publication_10_years": ["2657388839", "2659838454", "2803028078"], "citation_10_years": ["2657388839", "2659838454", "2803028078"], "publication_5_years": [], "citation_5_years": []}, "industrial_sectors": {"publication_overall": [], "citation_overall": [], "publication_10_years": [], "citation_10_years": [], "publication_5_years": [], "citation_5_years": []}}