{"name": "Evolution and Change in Data Management", "acronym": "ECDM", "type": "conference", "uniqueEntities": {"organizations": {"Aalborg University": {"name": "Aalborg University", "type": "organization", "organization_type": "Education", "h_index": 132, "h5_index": 41, "num_publications": 1, "num_citations": 14, "num_publications_5y": 0, "num_citations_5y": 3, "num_publications_10y": 0, "num_citations_10y": 4, "publications_years": {"1999": 1}, "citations_years": {"2000": 1, "2001": 0, "2002": 1, "2003": 1, "2004": 4, "2005": 1, "2006": 0, "2007": 1, "2008": 1, "2009": 0, "2010": 0, "2011": 0, "2012": 0, "2013": 1, "2014": 0, "2015": 1, "2016": 1, "2017": 1}, "old_citations": {"1999": 14}, "isVisible": false}, "American University of Beirut": {"name": "American University of Beirut", "type": "organization", "organization_type": "Education", "h_index": 54, "h5_index": 18, "num_publications": 1, "num_citations": 8, "num_publications_5y": 0, "num_citations_5y": 0, "num_publications_10y": 0, "num_citations_10y": 0, "publications_years": {"1999": 1}, "citations_years": {"2000": 1, "2001": 1, "2002": 1, "2003": 1, "2004": 2, "2005": 1, "2006": 0, "2007": 1}, "old_citations": {"1999": 8}, "isVisible": false}, "American University of Sharjah": {"name": "American University of Sharjah", "type": "organization", "organization_type": "Education", "h_index": 38, "h5_index": 13, "num_publications": 1, "num_citations": 7, "num_publications_5y": 0, "num_citations_5y": 1, "num_publications_10y": 0, "num_citations_10y": 3, "publications_years": {"1999": 1}, "citations_years": {"2000": 1, "2001": 1, "2002": 1, "2003": 1, "2004": 0, "2005": 0, "2006": 0, "2007": 0, "2008": 0, "2009": 2, "2010": 0, "2011": 0, "2012": 0, "2013": 0, "2014": 1}, "old_citations": {"1999": 7}, "isVisible": false}, "Autonomous University of Madrid": {"name": "Autonomous University of Madrid", "type": "organization", "organization_type": "Education", "h_index": 66, "h5_index": 21, "num_publications": 1, "num_citations": 31, "num_publications_5y": 0, "num_citations_5y": 1, "num_publications_10y": 0, "num_citations_10y": 16, "publications_years": {"1999": 1}, "citations_years": {"2002": 3, "2003": 0, "2004": 1, "2005": 0, "2006": 2, "2007": 7, "2008": 2, "2009": 6, "2010": 4, "2011": 1, "2012": 2, "2013": 2, "2014": 1}, "old_citations": {"1999": 31}, "isVisible": false}, "Drexel University": {"name": "Drexel University", "type": "organization", "organization_type": "Education", "h_index": 120, "h5_index": 29, "num_publications": 1, "num_citations": 18, "num_publications_5y": 0, "num_citations_5y": 2, "num_publications_10y": 0, "num_citations_10y": 9, "publications_years": {"1999": 1}, "citations_years": {"2000": 2, "2001": 3, "2002": 0, "2003": 1, "2004": 2, "2005": 1, "2006": 0, "2007": 0, "2008": 0, "2009": 0, "2010": 1, "2011": 2, "2012": 3, "2013": 1, "2014": 0, "2015": 1, "2016": 1}, "old_citations": {"1999": 18}, "isVisible": false}, "European Organization for Nuclear Research": {"name": "European Organization for Nuclear Research", "type": "organization", "organization_type": "Facility", "h_index": 57, "h5_index": 14, "num_publications": 1, "num_citations": 13, "num_publications_5y": 0, "num_citations_5y": 1, "num_publications_10y": 0, "num_citations_10y": 1, "publications_years": {"1999": 1}, "citations_years": {"2000": 1, "2001": 2, "2002": 3, "2003": 3, "2004": 1, "2005": 0, "2006": 0, "2007": 0, "2008": 2, "2009": 0, "2010": 0, "2011": 0, "2012": 0, "2013": 0, "2014": 1}, "old_citations": {"1999": 13}, "isVisible": false}, "Friedrich Schiller University Jena": {"name": "Friedrich Schiller University Jena", "type": "organization", "organization_type": "Education", "h_index": 59, "h5_index": 18, "num_publications": 1, "num_citations": 4, "num_publications_5y": 0, "num_citations_5y": 0, "num_publications_10y": 0, "num_citations_10y": 3, "publications_years": {"1999": 1}, "citations_years": {"2000": 1, "2001": 0, "2002": 0, "2003": 0, "2004": 0, "2005": 0, "2006": 0, "2007": 0, "2008": 0, "2009": 1, "2010": 0, "2011": 0, "2012": 0, "2013": 2}, "old_citations": {"1999": 4}, "isVisible": false}, "Longwood University": {"name": "Longwood University", "type": "organization", "organization_type": "Education", "h_index": 11, "h5_index": 3, "num_publications": 1, "num_citations": 2, "num_publications_5y": 0, "num_citations_5y": 0, "num_publications_10y": 0, "num_citations_10y": 1, "publications_years": {"1999": 1}, "citations_years": {"2001": 1, "2002": 0, "2003": 0, "2004": 0, "2005": 0, "2006": 0, "2007": 0, "2008": 0, "2009": 0, "2010": 1}, "old_citations": {"1999": 2}, "isVisible": false}, "National Scientific and Technical Research Council": {"name": "National Scientific and Technical Research Council", "type": "organization", "organization_type": "Government", "h_index": 46, "h5_index": 21, "num_publications": 1, "num_citations": 110, "num_publications_5y": 0, "num_citations_5y": 10, "num_publications_10y": 0, "num_citations_10y": 22, "publications_years": {"1999": 1}, "citations_years": {"2000": 9, "2001": 8, "2002": 13, "2003": 10, "2004": 16, "2005": 9, "2006": 12, "2007": 8, "2008": 3, "2009": 1, "2010": 4, "2011": 4, "2012": 0, "2013": 3, "2014": 1, "2015": 4, "2016": 2, "2017": 0, "2018": 3}, "old_citations": {"1999": 110}, "isVisible": false}, "National University of La Plata": {"name": "National University of La Plata", "type": "organization", "organization_type": "Education", "h_index": 29, "h5_index": 11, "num_publications": 1, "num_citations": 110, "num_publications_5y": 0, "num_citations_5y": 10, "num_publications_10y": 0, "num_citations_10y": 22, "publications_years": {"1999": 1}, "citations_years": {"2000": 9, "2001": 8, "2002": 13, "2003": 10, "2004": 16, "2005": 9, "2006": 12, "2007": 8, "2008": 3, "2009": 1, "2010": 4, "2011": 4, "2012": 0, "2013": 3, "2014": 1, "2015": 4, "2016": 2, "2017": 0, "2018": 3}, "old_citations": {"1999": 110}, "isVisible": false}, "Norwegian University of Science and Technology": {"name": "Norwegian University of Science and Technology", "type": "organization", "organization_type": "Education", "h_index": 101, "h5_index": 35, "num_publications": 1, "num_citations": 14, "num_publications_5y": 0, "num_citations_5y": 0, "num_publications_10y": 0, "num_citations_10y": 0, "publications_years": {"1999": 1}, "citations_years": {"2000": 1, "2001": 4, "2002": 2, "2003": 1, "2004": 0, "2005": 0, "2006": 2, "2007": 3, "2008": 1}, "old_citations": {"1999": 14}, "isVisible": false}, "Oregon Health & Science University": {"name": "Oregon Health & Science University", "type": "organization", "organization_type": "Education", "h_index": 108, "h5_index": 25, "num_publications": 1, "num_citations": 30, "num_publications_5y": 0, "num_citations_5y": 3, "num_publications_10y": 0, "num_citations_10y": 10, "publications_years": {"1999": 1}, "citations_years": {"1999": 1, "2000": 3, "2001": 5, "2002": 3, "2003": 2, "2004": 1, "2005": 1, "2006": 1, "2007": 2, "2008": 1, "2009": 3, "2010": 1, "2011": 2, "2012": 1, "2013": 0, "2014": 1, "2015": 1, "2016": 1}, "old_citations": {"1999": 30}, "isVisible": false}, "Polytechnic University of Milan": {"name": "Polytechnic University of Milan", "type": "organization", "organization_type": "Education", "h_index": 126, "h5_index": 42, "num_publications": 1, "num_citations": 67, "num_publications_5y": 0, "num_citations_5y": 6, "num_publications_10y": 0, "num_citations_10y": 13, "publications_years": {"1999": 1}, "citations_years": {"1999": 1, "2000": 6, "2001": 8, "2002": 7, "2003": 9, "2004": 8, "2005": 6, "2006": 4, "2007": 1, "2008": 4, "2009": 3, "2010": 0, "2011": 2, "2012": 1, "2013": 1, "2014": 3, "2015": 1, "2016": 1, "2017": 1}, "old_citations": {"1999": 67}, "isVisible": false}, "Pontifical Catholic University of Chile": {"name": "Pontifical Catholic University of Chile", "type": "organization", "organization_type": "Education", "h_index": 54, "h5_index": 23, "num_publications": 1, "num_citations": 7, "num_publications_5y": 0, "num_citations_5y": 2, "num_publications_10y": 0, "num_citations_10y": 3, "publications_years": {"1999": 1}, "citations_years": {"2000": 1, "2001": 0, "2002": 0, "2003": 0, "2004": 1, "2005": 0, "2006": 1, "2007": 1, "2008": 0, "2009": 0, "2010": 0, "2011": 0, "2012": 0, "2013": 1, "2014": 0, "2015": 1, "2016": 1}, "old_citations": {"1999": 7}, "isVisible": false}, "Pontifical Catholic University of Rio de Janeiro": {"name": "Pontifical Catholic University of Rio de Janeiro", "type": "organization", "organization_type": "Education", "h_index": 59, "h5_index": 14, "num_publications": 1, "num_citations": 110, "num_publications_5y": 0, "num_citations_5y": 10, "num_publications_10y": 0, "num_citations_10y": 22, "publications_years": {"1999": 1}, "citations_years": {"2000": 9, "2001": 8, "2002": 13, "2003": 10, "2004": 16, "2005": 9, "2006": 12, "2007": 8, "2008": 3, "2009": 1, "2010": 4, "2011": 4, "2012": 0, "2013": 3, "2014": 1, "2015": 4, "2016": 2, "2017": 0, "2018": 3}, "old_citations": {"1999": 110}, "isVisible": false}, "Universidade Federal de Minas Gerais": {"name": "Universidade Federal de Minas Gerais", "type": "organization", "organization_type": "Education", "h_index": 78, "h5_index": 31, "num_publications": 1, "num_citations": 6, "num_publications_5y": 0, "num_citations_5y": 1, "num_publications_10y": 0, "num_citations_10y": 4, "publications_years": {"1999": 1}, "citations_years": {"2000": 1, "2001": 1, "2002": 0, "2003": 0, "2004": 0, "2005": 0, "2006": 0, "2007": 0, "2008": 0, "2009": 0, "2010": 0, "2011": 2, "2012": 1, "2013": 0, "2014": 0, "2015": 1}, "old_citations": {"1999": 6}, "isVisible": false}, "Universita della Svizzera Italiana": {"name": "Universita della Svizzera Italiana", "type": "organization", "organization_type": "Education", "h_index": 81, "h5_index": 33, "num_publications": 1, "num_citations": 67, "num_publications_5y": 0, "num_citations_5y": 6, "num_publications_10y": 0, "num_citations_10y": 13, "publications_years": {"1999": 1}, "citations_years": {"1999": 1, "2000": 6, "2001": 8, "2002": 7, "2003": 9, "2004": 8, "2005": 6, "2006": 4, "2007": 1, "2008": 4, "2009": 3, "2010": 0, "2011": 2, "2012": 1, "2013": 1, "2014": 3, "2015": 1, "2016": 1, "2017": 1}, "old_citations": {"1999": 67}, "isVisible": false}, "Universitat Polit\u00e8cnica de Catalunya": {"name": "Universitat Polit\u00e8cnica de Catalunya", "type": "organization", "organization_type": "Education", "h_index": 114, "h5_index": 35, "num_publications": 1, "num_citations": 67, "num_publications_5y": 0, "num_citations_5y": 7, "num_publications_10y": 0, "num_citations_10y": 21, "publications_years": {"1999": 1}, "citations_years": {"2000": 2, "2001": 1, "2002": 2, "2003": 6, "2004": 6, "2005": 5, "2006": 8, "2007": 8, "2008": 6, "2009": 2, "2010": 1, "2011": 4, "2012": 2, "2013": 5, "2014": 1, "2015": 5, "2016": 0, "2017": 1, "2018": 0, "2019": 2}, "old_citations": {"1999": 67}, "isVisible": false}, "University of Bologna": {"name": "University of Bologna", "type": "organization", "organization_type": "Education", "h_index": 141, "h5_index": 36, "num_publications": 1, "num_citations": 7, "num_publications_5y": 0, "num_citations_5y": 0, "num_publications_10y": 0, "num_citations_10y": 0, "publications_years": {"1999": 1}, "citations_years": {"2000": 4, "2001": 1, "2002": 1, "2003": 0, "2004": 0, "2005": 1}, "old_citations": {"1999": 7}, "isVisible": false}, "University of California, San Diego": {"name": "University of California, San Diego", "type": "organization", "organization_type": "Education", "h_index": 285, "h5_index": 61, "num_publications": 1, "num_citations": 24, "num_publications_5y": 0, "num_citations_5y": 2, "num_publications_10y": 0, "num_citations_10y": 3, "publications_years": {"1999": 1}, "citations_years": {"1998": 1, "1999": 1, "2000": 2, "2001": 3, "2002": 1, "2003": 5, "2004": 2, "2005": 5, "2006": 1, "2007": 0, "2008": 0, "2009": 0, "2010": 0, "2011": 1, "2012": 0, "2013": 0, "2014": 0, "2015": 0, "2016": 0, "2017": 0, "2018": 2}, "old_citations": {"1999": 24}, "isVisible": false}, "University of Freiburg": {"name": "University of Freiburg", "type": "organization", "organization_type": "Education", "h_index": 131, "h5_index": 45, "num_publications": 1, "num_citations": 24, "num_publications_5y": 0, "num_citations_5y": 1, "num_publications_10y": 0, "num_citations_10y": 2, "publications_years": {"1999": 1}, "citations_years": {"2000": 2, "2001": 5, "2002": 0, "2003": 1, "2004": 4, "2005": 8, "2006": 1, "2007": 0, "2008": 0, "2009": 0, "2010": 0, "2011": 1, "2012": 0, "2013": 0, "2014": 1, "2015": 0, "2016": 0, "2017": 0, "2018": 0, "2019": 1}, "old_citations": {"1999": 24}, "isVisible": false}, "University of Geneva": {"name": "University of Geneva", "type": "organization", "organization_type": "Education", "h_index": 103, "h5_index": 20, "num_publications": 1, "num_citations": 8, "num_publications_5y": 0, "num_citations_5y": 0, "num_publications_10y": 0, "num_citations_10y": 0, "publications_years": {"1999": 1}, "citations_years": {"2000": 1, "2001": 1, "2002": 1, "2003": 1, "2004": 2, "2005": 1, "2006": 0, "2007": 1}, "old_citations": {"1999": 8}, "isVisible": false}, "University of Maine": {"name": "University of Maine", "type": "organization", "organization_type": "Education", "h_index": 51, "h5_index": 7, "num_publications": 1, "num_citations": 36, "num_publications_5y": 0, "num_citations_5y": 3, "num_publications_10y": 0, "num_citations_10y": 13, "publications_years": {"1999": 1}, "citations_years": {"2000": 1, "2001": 1, "2002": 0, "2003": 1, "2004": 3, "2005": 3, "2006": 3, "2007": 4, "2008": 6, "2009": 2, "2010": 1, "2011": 2, "2012": 1, "2013": 4, "2014": 0, "2015": 2, "2016": 0, "2017": 1, "2018": 0, "2019": 0, "2020": 1}, "old_citations": {"1999": 36}, "isVisible": false}, "University of Manchester": {"name": "University of Manchester", "type": "organization", "organization_type": "Education", "h_index": 171, "h5_index": 38, "num_publications": 1, "num_citations": 6, "num_publications_5y": 0, "num_citations_5y": 1, "num_publications_10y": 0, "num_citations_10y": 4, "publications_years": {"1999": 1}, "citations_years": {"2000": 1, "2001": 1, "2002": 0, "2003": 0, "2004": 0, "2005": 0, "2006": 0, "2007": 0, "2008": 0, "2009": 0, "2010": 0, "2011": 2, "2012": 1, "2013": 0, "2014": 0, "2015": 1}, "old_citations": {"1999": 6}, "isVisible": false}, "University of Rostock": {"name": "University of Rostock", "type": "organization", "organization_type": "Education", "h_index": 54, "h5_index": 16, "num_publications": 1, "num_citations": 5, "num_publications_5y": 0, "num_citations_5y": 1, "num_publications_10y": 0, "num_citations_10y": 2, "publications_years": {"1999": 1}, "citations_years": {"2002": 1, "2003": 0, "2004": 1, "2005": 0, "2006": 1, "2007": 0, "2008": 0, "2009": 0, "2010": 0, "2011": 0, "2012": 0, "2013": 1, "2014": 0, "2015": 1}, "old_citations": {"1999": 5}, "isVisible": false}, "University of Waterloo": {"name": "University of Waterloo", "type": "organization", "organization_type": "Education", "h_index": 185, "h5_index": 58, "num_publications": 1, "num_citations": 11, "num_publications_5y": 0, "num_citations_5y": 0, "num_publications_10y": 0, "num_citations_10y": 0, "publications_years": {"1999": 1}, "citations_years": {"2000": 1, "2001": 2, "2002": 1, "2003": 3, "2004": 1, "2005": 1, "2006": 2}, "old_citations": {"1999": 11}, "isVisible": false}, "University of West Florida": {"name": "University of West Florida", "type": "organization", "organization_type": "Education", "h_index": 47, "h5_index": 6, "num_publications": 1, "num_citations": 36, "num_publications_5y": 0, "num_citations_5y": 3, "num_publications_10y": 0, "num_citations_10y": 13, "publications_years": {"1999": 1}, "citations_years": {"2000": 1, "2001": 1, "2002": 0, "2003": 1, "2004": 3, "2005": 3, "2006": 3, "2007": 4, "2008": 6, "2009": 2, "2010": 1, "2011": 2, "2012": 1, "2013": 4, "2014": 0, "2015": 2, "2016": 0, "2017": 1, "2018": 0, "2019": 0, "2020": 1}, "old_citations": {"1999": 36}, "isVisible": false}, "Virginia Commonwealth University": {"name": "Virginia Commonwealth University", "type": "organization", "organization_type": "Education", "h_index": 57, "h5_index": 22, "num_publications": 1, "num_citations": 2, "num_publications_5y": 0, "num_citations_5y": 0, "num_publications_10y": 0, "num_citations_10y": 1, "publications_years": {"1999": 1}, "citations_years": {"2001": 1, "2002": 0, "2003": 0, "2004": 0, "2005": 0, "2006": 0, "2007": 0, "2008": 0, "2009": 0, "2010": 1}, "old_citations": {"1999": 2}, "isVisible": false}}, "topics": {"computer science": {"name": "computer science", "type": "topic", "h_index": 1779, "h5_index": 416, "num_publications": 30, "num_citations": 612, "num_publications_5y": 0, "num_citations_5y": 49, "num_publications_10y": 0, "num_citations_10y": 154, "publications_years": {"1999": 30}, "citations_years": {"2000": 49, "2001": 55, "2002": 51, "2003": 55, "2004": 65, "2005": 49, "2006": 50, "2007": 42, "2008": 33, "2009": 25, "2010": 20, "2011": 22, "2012": 11, "2013": 27, "2014": 13, "2015": 19, "2016": 7, "1999": 3, "2017": 4, "2018": 6, "2019": 4, "2020": 1, "1998": 1}, "old_citations": {"1999": 612}, "isVisible": false}, "computer systems": {"name": "computer systems", "type": "topic", "h_index": 1595, "h5_index": 367, "num_publications": 30, "num_citations": 612, "num_publications_5y": 0, "num_citations_5y": 49, "num_publications_10y": 0, "num_citations_10y": 154, "publications_years": {"1999": 30}, "citations_years": {"2000": 49, "2001": 55, "2002": 51, "2003": 55, "2004": 65, "2005": 49, "2006": 50, "2007": 42, "2008": 33, "2009": 25, "2010": 20, "2011": 22, "2012": 11, "2013": 27, "2014": 13, "2015": 19, "2016": 7, "1999": 3, "2017": 4, "2018": 6, "2019": 4, "2020": 1, "1998": 1}, "old_citations": {"1999": 612}, "isVisible": false}, "database systems": {"name": "database systems", "type": "topic", "h_index": 1167, "h5_index": 276, "num_publications": 25, "num_citations": 556, "num_publications_5y": 0, "num_citations_5y": 47, "num_publications_10y": 0, "num_citations_10y": 129, "publications_years": {"1999": 25}, "citations_years": {"2000": 47, "2001": 51, "2002": 46, "2003": 53, "2004": 62, "2005": 48, "2006": 48, "2007": 34, "2008": 29, "2009": 18, "2010": 12, "2011": 19, "2012": 8, "2013": 25, "2014": 12, "2015": 18, "2016": 7, "1999": 3, "2017": 4, "2018": 6, "2019": 4, "2020": 1, "1998": 1}, "old_citations": {"1999": 556}, "isVisible": false}, "internet": {"name": "internet", "type": "topic", "h_index": 1102, "h5_index": 245, "num_publications": 22, "num_citations": 546, "num_publications_5y": 0, "num_citations_5y": 42, "num_publications_10y": 0, "num_citations_10y": 136, "publications_years": {"1999": 22}, "citations_years": {"2000": 38, "2001": 49, "2002": 43, "2003": 50, "2004": 57, "2005": 48, "2006": 47, "2007": 39, "2008": 31, "2009": 22, "2010": 19, "2011": 21, "2012": 11, "2013": 21, "2014": 9, "2015": 17, "2016": 6, "1999": 3, "2017": 4, "2018": 6, "2019": 3, "2020": 1, "1998": 1}, "old_citations": {"1999": 546}, "isVisible": false}, "artificial intelligence": {"name": "artificial intelligence", "type": "topic", "h_index": 1421, "h5_index": 373, "num_publications": 20, "num_citations": 343, "num_publications_5y": 0, "num_citations_5y": 26, "num_publications_10y": 0, "num_citations_10y": 92, "publications_years": {"1999": 20}, "citations_years": {"2000": 26, "2001": 27, "2002": 25, "2003": 24, "2004": 32, "2005": 27, "2006": 32, "2007": 31, "2008": 22, "2009": 20, "2010": 10, "2011": 11, "2012": 6, "2013": 19, "2014": 7, "1999": 1, "2015": 12, "2016": 3, "2017": 3, "2018": 1, "2019": 3, "2020": 1}, "old_citations": {"1999": 343}, "isVisible": false}, "world wide web": {"name": "world wide web", "type": "topic", "h_index": 869, "h5_index": 173, "num_publications": 19, "num_citations": 463, "num_publications_5y": 0, "num_citations_5y": 35, "num_publications_10y": 0, "num_citations_10y": 109, "publications_years": {"1999": 19}, "citations_years": {"2000": 35, "2001": 48, "2002": 40, "2003": 42, "2004": 51, "2005": 42, "2006": 37, "2007": 29, "2008": 24, "2009": 18, "2010": 16, "2011": 17, "2012": 9, "2013": 14, "2014": 8, "2015": 12, "2016": 6, "1999": 3, "2017": 3, "2018": 6, "2019": 1, "2020": 1, "1998": 1}, "old_citations": {"1999": 463}, "isVisible": false}, "knowledge based systems": {"name": "knowledge based systems", "type": "topic", "h_index": 660, "h5_index": 129, "num_publications": 17, "num_citations": 275, "num_publications_5y": 0, "num_citations_5y": 22, "num_publications_10y": 0, "num_citations_10y": 80, "publications_years": {"1999": 17}, "citations_years": {"2000": 20, "2001": 13, "2002": 20, "2003": 20, "2004": 27, "2005": 18, "2006": 28, "2007": 26, "2008": 20, "2009": 17, "2010": 9, "2011": 8, "2012": 5, "2013": 19, "2014": 5, "2015": 11, "2016": 2, "2017": 3, "2018": 1, "2019": 2, "2020": 1}, "old_citations": {"1999": 275}, "isVisible": false}, "software engineering": {"name": "software engineering", "type": "topic", "h_index": 964, "h5_index": 236, "num_publications": 17, "num_citations": 321, "num_publications_5y": 0, "num_citations_5y": 27, "num_publications_10y": 0, "num_citations_10y": 74, "publications_years": {"1999": 17}, "citations_years": {"2000": 23, "2001": 34, "2002": 26, "2003": 32, "2004": 34, "2005": 27, "2006": 28, "2007": 19, "2008": 20, "2009": 9, "2010": 8, "2011": 12, "2012": 7, "2013": 11, "2014": 7, "2015": 12, "2016": 4, "2017": 3, "2018": 1, "2019": 3, "1999": 1}, "old_citations": {"1999": 321}, "isVisible": false}, "query languages": {"name": "query languages", "type": "topic", "h_index": 550, "h5_index": 139, "num_publications": 16, "num_citations": 262, "num_publications_5y": 0, "num_citations_5y": 23, "num_publications_10y": 0, "num_citations_10y": 73, "publications_years": {"1999": 16}, "citations_years": {"2000": 23, "2001": 19, "2002": 11, "2003": 21, "2004": 30, "2005": 28, "2006": 18, "2007": 18, "2008": 15, "2009": 10, "2010": 6, "2011": 11, "2012": 6, "2013": 17, "2014": 5, "2015": 10, "2016": 3, "2017": 3, "2018": 2, "2019": 3, "2020": 1, "1998": 1, "1999": 1}, "old_citations": {"1999": 262}, "isVisible": false}, "computer programming": {"name": "computer programming", "type": "topic", "h_index": 873, "h5_index": 186, "num_publications": 15, "num_citations": 376, "num_publications_5y": 0, "num_citations_5y": 34, "num_publications_10y": 0, "num_citations_10y": 84, "publications_years": {"1999": 15}, "citations_years": {"2000": 31, "2001": 31, "2002": 30, "2003": 36, "2004": 47, "2005": 35, "2006": 31, "2007": 24, "2008": 22, "2009": 8, "2010": 7, "2011": 15, "2012": 5, "2013": 15, "2014": 7, "2015": 15, "2016": 5, "2017": 4, "2018": 3, "2019": 3, "1999": 1, "2020": 1}, "old_citations": {"1999": 376}, "isVisible": false}, "object oriented programming": {"name": "object oriented programming", "type": "topic", "h_index": 636, "h5_index": 129, "num_publications": 13, "num_citations": 333, "num_publications_5y": 0, "num_citations_5y": 29, "num_publications_10y": 0, "num_citations_10y": 68, "publications_years": {"1999": 13}, "citations_years": {"2000": 29, "2001": 30, "2002": 30, "2003": 35, "2004": 43, "2005": 32, "2006": 27, "2007": 19, "2008": 16, "2009": 6, "2010": 6, "2011": 13, "2012": 4, "2013": 10, "2014": 7, "2015": 12, "2016": 4, "2017": 3, "2018": 3, "2019": 3, "1999": 1}, "old_citations": {"1999": 333}, "isVisible": false}, "software architecture": {"name": "software architecture", "type": "topic", "h_index": 821, "h5_index": 210, "num_publications": 13, "num_citations": 254, "num_publications_5y": 0, "num_citations_5y": 24, "num_publications_10y": 0, "num_citations_10y": 63, "publications_years": {"1999": 13}, "citations_years": {"2000": 17, "2001": 20, "2002": 23, "2003": 26, "2004": 27, "2005": 17, "2006": 23, "2007": 16, "2008": 19, "2009": 9, "2010": 7, "2011": 9, "2012": 4, "2013": 10, "2014": 6, "2015": 11, "2016": 3, "2017": 3, "2018": 1, "2019": 2, "1999": 1}, "old_citations": {"1999": 254}, "isVisible": false}, "software design": {"name": "software design", "type": "topic", "h_index": 907, "h5_index": 227, "num_publications": 13, "num_citations": 254, "num_publications_5y": 0, "num_citations_5y": 24, "num_publications_10y": 0, "num_citations_10y": 63, "publications_years": {"1999": 13}, "citations_years": {"2000": 17, "2001": 20, "2002": 23, "2003": 26, "2004": 27, "2005": 17, "2006": 23, "2007": 16, "2008": 19, "2009": 9, "2010": 7, "2011": 9, "2012": 4, "2013": 10, "2014": 6, "2015": 11, "2016": 3, "2017": 3, "2018": 1, "2019": 2, "1999": 1}, "old_citations": {"1999": 254}, "isVisible": false}, "information retrieval": {"name": "information retrieval", "type": "topic", "h_index": 882, "h5_index": 227, "num_publications": 12, "num_citations": 410, "num_publications_5y": 0, "num_citations_5y": 31, "num_publications_10y": 0, "num_citations_10y": 83, "publications_years": {"1999": 12}, "citations_years": {"1999": 3, "2000": 29, "2001": 40, "2002": 36, "2003": 44, "2004": 43, "2005": 41, "2006": 42, "2007": 25, "2008": 20, "2009": 13, "2010": 9, "2011": 14, "2012": 4, "2013": 12, "2014": 7, "2015": 12, "2016": 4, "2017": 2, "2018": 6, "2019": 3, "1998": 1}, "old_citations": {"1999": 410}, "isVisible": false}, "relational database": {"name": "relational database", "type": "topic", "h_index": 360, "h5_index": 52, "num_publications": 12, "num_citations": 181, "num_publications_5y": 0, "num_citations_5y": 18, "num_publications_10y": 0, "num_citations_10y": 56, "publications_years": {"1999": 12}, "citations_years": {"2000": 17, "2001": 7, "2002": 9, "2003": 12, "2004": 19, "2005": 12, "2006": 14, "2007": 18, "2008": 14, "2009": 9, "2010": 4, "2011": 7, "2012": 3, "2013": 15, "2014": 4, "2015": 9, "2016": 2, "2017": 3, "2018": 0, "2019": 2, "2020": 1}, "old_citations": {"1999": 181}, "isVisible": false}, "information systems": {"name": "information systems", "type": "topic", "h_index": 679, "h5_index": 124, "num_publications": 11, "num_citations": 179, "num_publications_5y": 0, "num_citations_5y": 16, "num_publications_10y": 0, "num_citations_10y": 44, "publications_years": {"1999": 11}, "citations_years": {"2000": 12, "2001": 13, "2002": 12, "2003": 17, "2004": 17, "2005": 18, "2006": 18, "2007": 12, "2008": 13, "2009": 5, "2010": 4, "2011": 7, "2012": 3, "2013": 9, "2014": 4, "2015": 8, "2016": 1, "2017": 2, "2018": 1, "2019": 3}, "old_citations": {"1999": 179}, "isVisible": false}, "semantics": {"name": "semantics", "type": "topic", "h_index": 803, "h5_index": 226, "num_publications": 11, "num_citations": 168, "num_publications_5y": 0, "num_citations_5y": 9, "num_publications_10y": 0, "num_citations_10y": 34, "publications_years": {"1999": 11}, "citations_years": {"2000": 12, "2001": 20, "2002": 13, "2003": 12, "2004": 15, "2005": 17, "2006": 18, "2007": 12, "2008": 13, "2009": 6, "2010": 7, "2011": 4, "2012": 1, "2013": 7, "2014": 3, "2015": 4, "2016": 0, "2017": 1, "2018": 1, "2019": 1, "2020": 1}, "old_citations": {"1999": 168}, "isVisible": false}, "engineering": {"name": "engineering", "type": "topic", "h_index": 1177, "h5_index": 287, "num_publications": 9, "num_citations": 135, "num_publications_5y": 0, "num_citations_5y": 12, "num_publications_10y": 0, "num_citations_10y": 38, "publications_years": {"1999": 9}, "citations_years": {"2000": 9, "2001": 13, "2002": 11, "2003": 12, "2004": 13, "2005": 7, "2006": 9, "2007": 10, "2008": 11, "2009": 7, "2010": 5, "2011": 5, "2012": 2, "2013": 7, "2014": 3, "1999": 1, "2015": 5, "2016": 2, "2017": 2, "2018": 0, "2019": 0, "2020": 1}, "old_citations": {"1999": 135}, "isVisible": false}, "human computer interaction": {"name": "human computer interaction", "type": "topic", "h_index": 934, "h5_index": 215, "num_publications": 9, "num_citations": 314, "num_publications_5y": 0, "num_citations_5y": 22, "num_publications_10y": 0, "num_citations_10y": 59, "publications_years": {"1999": 9}, "citations_years": {"2002": 29, "2003": 31, "2004": 37, "2005": 34, "2006": 33, "2007": 16, "2008": 18, "2009": 9, "2010": 8, "1999": 1, "2000": 25, "2001": 29, "2011": 9, "2012": 2, "2013": 9, "2014": 5, "2015": 8, "2016": 3, "2017": 2, "2018": 4, "2019": 1, "2020": 1}, "old_citations": {"1999": 314}, "isVisible": false}, "relational data models": {"name": "relational data models", "type": "topic", "h_index": 225, "h5_index": 36, "num_publications": 9, "num_citations": 99, "num_publications_5y": 0, "num_citations_5y": 10, "num_publications_10y": 0, "num_citations_10y": 31, "publications_years": {"1999": 9}, "citations_years": {"2002": 5, "2003": 6, "2004": 10, "2005": 7, "2006": 6, "2007": 9, "2008": 8, "2009": 6, "2010": 3, "2000": 12, "2001": 4, "2011": 2, "2012": 1, "2013": 9, "2014": 2, "2015": 4, "2016": 2, "2017": 2, "2018": 0, "2019": 0, "2020": 1}, "old_citations": {"1999": 99}, "isVisible": false}, "user interfaces": {"name": "user interfaces", "type": "topic", "h_index": 845, "h5_index": 182, "num_publications": 8, "num_citations": 278, "num_publications_5y": 0, "num_citations_5y": 19, "num_publications_10y": 0, "num_citations_10y": 46, "publications_years": {"1999": 8}, "citations_years": {"2002": 29, "2003": 30, "2004": 34, "2005": 31, "2006": 30, "2007": 12, "2008": 12, "2009": 7, "2010": 7, "1999": 1, "2000": 24, "2001": 28, "2011": 7, "2012": 1, "2013": 5, "2014": 5, "2015": 6, "2016": 3, "2017": 1, "2018": 4, "2019": 1}, "old_citations": {"1999": 278}, "isVisible": false}, "hypermedia": {"name": "hypermedia", "type": "topic", "h_index": 223, "h5_index": 20, "num_publications": 4, "num_citations": 220, "num_publications_5y": 0, "num_citations_5y": 18, "num_publications_10y": 0, "num_citations_10y": 38, "publications_years": {"1999": 4}, "citations_years": {"1999": 1, "2000": 18, "2001": 21, "2002": 26, "2003": 25, "2004": 27, "2005": 19, "2006": 25, "2007": 10, "2008": 10, "2009": 5, "2010": 4, "2011": 6, "2012": 1, "2013": 4, "2014": 4, "2015": 6, "2016": 3, "2017": 1, "2018": 4}, "old_citations": {"1999": 220}, "isVisible": false}, "hypermedia systems": {"name": "hypermedia systems", "type": "topic", "h_index": 228, "h5_index": 20, "num_publications": 4, "num_citations": 220, "num_publications_5y": 0, "num_citations_5y": 18, "num_publications_10y": 0, "num_citations_10y": 38, "publications_years": {"1999": 4}, "citations_years": {"1999": 1, "2000": 18, "2001": 21, "2002": 26, "2003": 25, "2004": 27, "2005": 19, "2006": 25, "2007": 10, "2008": 10, "2009": 5, "2010": 4, "2011": 6, "2012": 1, "2013": 4, "2014": 4, "2015": 6, "2016": 3, "2017": 1, "2018": 4}, "old_citations": {"1999": 220}, "isVisible": false}, "hypertext systems": {"name": "hypertext systems", "type": "topic", "h_index": 287, "h5_index": 28, "num_publications": 4, "num_citations": 220, "num_publications_5y": 0, "num_citations_5y": 18, "num_publications_10y": 0, "num_citations_10y": 38, "publications_years": {"1999": 4}, "citations_years": {"1999": 1, "2000": 18, "2001": 21, "2002": 26, "2003": 25, "2004": 27, "2005": 19, "2006": 25, "2007": 10, "2008": 10, "2009": 5, "2010": 4, "2011": 6, "2012": 1, "2013": 4, "2014": 4, "2015": 6, "2016": 3, "2017": 1, "2018": 4}, "old_citations": {"1999": 220}, "isVisible": false}, "web application": {"name": "web application", "type": "topic", "h_index": 278, "h5_index": 53, "num_publications": 4, "num_citations": 219, "num_publications_5y": 0, "num_citations_5y": 17, "num_publications_10y": 0, "num_citations_10y": 51, "publications_years": {"1999": 4}, "citations_years": {"1999": 1, "2000": 16, "2001": 18, "2002": 24, "2003": 22, "2004": 26, "2005": 16, "2006": 20, "2007": 16, "2008": 9, "2009": 10, "2010": 8, "2011": 7, "2012": 3, "2013": 6, "2014": 5, "2015": 5, "2016": 3, "2017": 1, "2018": 3}, "old_citations": {"1999": 219}, "isVisible": false}}, "authors": {"2239188769": {"name": "bertram ludascher", "type": "author", "activity": 26, "h_index": 34, "h5_index": 6, "mag_id": "2239188769", "num_publications": 2, "num_citations": 48, "num_publications_5y": 0, "num_citations_5y": 3, "num_publications_10y": 0, "num_citations_10y": 5, "publications_years": {"1999": 2}, "citations_years": {"2000": 4, "2001": 8, "2002": 1, "2003": 6, "2004": 6, "2005": 13, "2006": 2, "2007": 0, "2008": 0, "2009": 0, "2010": 0, "2011": 2, "2012": 0, "2013": 0, "2014": 1, "2015": 0, "2016": 0, "2017": 0, "2018": 2, "2019": 1, "1998": 1, "1999": 1}, "old_citations": {"1999": 48}, "isVisible": false}, "4668971": {"name": "thomas feyer", "type": "author", "activity": 5, "h_index": 4, "h5_index": 0, "mag_id": "4668971", "num_publications": 1, "num_citations": 16, "num_publications_5y": 0, "num_citations_5y": 0, "num_publications_10y": 0, "num_citations_10y": 4, "publications_years": {"1999": 1}, "citations_years": {"2000": 1, "2001": 2, "2002": 2, "2003": 1, "2004": 2, "2005": 1, "2006": 0, "2007": 1, "2008": 2, "2009": 1, "2010": 3}, "old_citations": {"1999": 16}, "isVisible": false}, "44067616": {"name": "jacky akoka", "type": "author", "activity": 27, "h_index": 12, "h5_index": 4, "mag_id": "44067616", "num_publications": 1, "num_citations": 12, "num_publications_5y": 0, "num_citations_5y": 1, "num_publications_10y": 0, "num_citations_10y": 4, "publications_years": {"1999": 1}, "citations_years": {"2000": 2, "2001": 2, "2002": 1, "2003": 0, "2004": 2, "2005": 0, "2006": 0, "2007": 1, "2008": 0, "2009": 1, "2010": 0, "2011": 1, "2012": 0, "2013": 1, "2014": 1}, "old_citations": {"1999": 12}, "isVisible": false}, "51223934": {"name": "nadira lammari", "type": "author", "activity": 25, "h_index": 6, "h5_index": 0, "mag_id": "51223934", "num_publications": 1, "num_citations": 12, "num_publications_5y": 0, "num_citations_5y": 1, "num_publications_10y": 0, "num_citations_10y": 4, "publications_years": {"1999": 1}, "citations_years": {"2000": 2, "2001": 2, "2002": 1, "2003": 0, "2004": 2, "2005": 0, "2006": 0, "2007": 1, "2008": 0, "2009": 1, "2010": 0, "2011": 1, "2012": 0, "2013": 1, "2014": 1}, "old_citations": {"1999": 12}, "isVisible": false}, "57505073": {"name": "alberto h f laender", "type": "author", "activity": 30, "h_index": 28, "h5_index": 4, "mag_id": "57505073", "num_publications": 1, "num_citations": 6, "num_publications_5y": 0, "num_citations_5y": 1, "num_publications_10y": 0, "num_citations_10y": 4, "publications_years": {"1999": 1}, "citations_years": {"2000": 1, "2001": 1, "2002": 0, "2003": 0, "2004": 0, "2005": 0, "2006": 0, "2007": 0, "2008": 0, "2009": 0, "2010": 0, "2011": 2, "2012": 1, "2013": 0, "2014": 0, "2015": 1}, "old_citations": {"1999": 6}, "isVisible": false}, "65453491": {"name": "jens lufter", "type": "author", "activity": 5, "h_index": 2, "h5_index": 0, "mag_id": "65453491", "num_publications": 1, "num_citations": 4, "num_publications_5y": 0, "num_citations_5y": 0, "num_publications_10y": 0, "num_citations_10y": 3, "publications_years": {"1999": 1}, "citations_years": {"2000": 1, "2001": 0, "2002": 0, "2003": 0, "2004": 0, "2005": 0, "2006": 0, "2007": 0, "2008": 0, "2009": 1, "2010": 0, "2011": 0, "2012": 0, "2013": 2}, "old_citations": {"1999": 4}, "isVisible": false}, "66103918": {"name": "max j egenhofer", "type": "author", "activity": 30, "h_index": 48, "h5_index": 1, "mag_id": "66103918", "num_publications": 1, "num_citations": 36, "num_publications_5y": 0, "num_citations_5y": 3, "num_publications_10y": 0, "num_citations_10y": 13, "publications_years": {"1999": 1}, "citations_years": {"2000": 1, "2001": 1, "2002": 0, "2003": 1, "2004": 3, "2005": 3, "2006": 3, "2007": 4, "2008": 6, "2009": 2, "2010": 1, "2011": 2, "2012": 1, "2013": 4, "2014": 0, "2015": 2, "2016": 0, "2017": 1, "2018": 0, "2019": 0, "2020": 1}, "old_citations": {"1999": 36}, "isVisible": false}, "91862343": {"name": "georg lausen", "type": "author", "activity": 30, "h_index": 30, "h5_index": 3, "mag_id": "91862343", "num_publications": 1, "num_citations": 24, "num_publications_5y": 0, "num_citations_5y": 1, "num_publications_10y": 0, "num_citations_10y": 2, "publications_years": {"1999": 1}, "citations_years": {"2000": 2, "2001": 5, "2002": 0, "2003": 1, "2004": 4, "2005": 8, "2006": 1, "2007": 0, "2008": 0, "2009": 0, "2010": 0, "2011": 1, "2012": 0, "2013": 0, "2014": 1, "2015": 0, "2016": 0, "2017": 0, "2018": 0, "2019": 1}, "old_citations": {"1999": 24}, "isVisible": false}, "139822700": {"name": "davide bolchini", "type": "author", "activity": 21, "h_index": 15, "h5_index": 2, "mag_id": "139822700", "num_publications": 1, "num_citations": 67, "num_publications_5y": 0, "num_citations_5y": 6, "num_publications_10y": 0, "num_citations_10y": 13, "publications_years": {"1999": 1}, "citations_years": {"1999": 1, "2000": 6, "2001": 8, "2002": 7, "2003": 9, "2004": 8, "2005": 6, "2006": 4, "2007": 1, "2008": 4, "2009": 3, "2010": 0, "2011": 2, "2012": 1, "2013": 1, "2014": 3, "2015": 1, "2016": 1, "2017": 1}, "old_citations": {"1999": 67}, "isVisible": false}, "157678263": {"name": "isabelle comynwattiau", "type": "author", "activity": 30, "h_index": 17, "h5_index": 5, "mag_id": "157678263", "num_publications": 1, "num_citations": 12, "num_publications_5y": 0, "num_citations_5y": 1, "num_publications_10y": 0, "num_citations_10y": 4, "publications_years": {"1999": 1}, "citations_years": {"2000": 2, "2001": 2, "2002": 1, "2003": 0, "2004": 2, "2005": 0, "2006": 0, "2007": 1, "2008": 0, "2009": 1, "2010": 0, "2011": 1, "2012": 0, "2013": 1, "2014": 1}, "old_citations": {"1999": 12}, "isVisible": false}, "162059278": {"name": "federica mandreoli", "type": "author", "activity": 22, "h_index": 17, "h5_index": 4, "mag_id": "162059278", "num_publications": 1, "num_citations": 7, "num_publications_5y": 0, "num_citations_5y": 0, "num_publications_10y": 0, "num_citations_10y": 0, "publications_years": {"1999": 1}, "citations_years": {"2000": 4, "2001": 1, "2002": 1, "2003": 0, "2004": 0, "2005": 1}, "old_citations": {"1999": 7}, "isVisible": false}, "169157075": {"name": "lois delcambre", "type": "author", "activity": 31, "h_index": 19, "h5_index": 1, "mag_id": "169157075", "num_publications": 1, "num_citations": 30, "num_publications_5y": 0, "num_citations_5y": 3, "num_publications_10y": 0, "num_citations_10y": 10, "publications_years": {"1999": 1}, "citations_years": {"1999": 1, "2000": 3, "2001": 5, "2002": 3, "2003": 2, "2004": 1, "2005": 1, "2006": 1, "2007": 2, "2008": 1, "2009": 3, "2010": 1, "2011": 2, "2012": 1, "2013": 0, "2014": 1, "2015": 1, "2016": 1}, "old_citations": {"1999": 30}, "isVisible": false}, "335265768": {"name": "peter aiken", "type": "author", "activity": 24, "h_index": 9, "h5_index": 1, "mag_id": "335265768", "num_publications": 1, "num_citations": 2, "num_publications_5y": 0, "num_citations_5y": 0, "num_publications_10y": 0, "num_citations_10y": 1, "publications_years": {"1999": 1}, "citations_years": {"2001": 1, "2002": 0, "2003": 0, "2004": 0, "2005": 0, "2006": 0, "2007": 0, "2008": 0, "2009": 0, "2010": 1}, "old_citations": {"1999": 2}, "isVisible": false}, "347927369": {"name": "bernhard thalheim", "type": "author", "activity": 31, "h_index": 26, "h5_index": 3, "mag_id": "347927369", "num_publications": 1, "num_citations": 16, "num_publications_5y": 0, "num_citations_5y": 0, "num_publications_10y": 0, "num_citations_10y": 4, "publications_years": {"1999": 1}, "citations_years": {"2000": 1, "2001": 2, "2002": 2, "2003": 1, "2004": 2, "2005": 1, "2006": 0, "2007": 1, "2008": 2, "2009": 1, "2010": 3}, "old_citations": {"1999": 16}, "isVisible": false}, "351592465": {"name": "meike klettke", "type": "author", "activity": 22, "h_index": 10, "h5_index": 3, "mag_id": "351592465", "num_publications": 1, "num_citations": 5, "num_publications_5y": 0, "num_citations_5y": 1, "num_publications_10y": 0, "num_citations_10y": 2, "publications_years": {"1999": 1}, "citations_years": {"2002": 1, "2003": 0, "2004": 1, "2005": 0, "2006": 1, "2007": 0, "2008": 0, "2009": 0, "2010": 0, "2011": 0, "2012": 0, "2013": 1, "2014": 0, "2015": 1}, "old_citations": {"1999": 5}, "isVisible": false}, "389293225": {"name": "m zsenei", "type": "author", "activity": 3, "h_index": 3, "h5_index": 0, "mag_id": "389293225", "num_publications": 1, "num_citations": 13, "num_publications_5y": 0, "num_citations_5y": 1, "num_publications_10y": 0, "num_citations_10y": 1, "publications_years": {"1999": 1}, "citations_years": {"2000": 1, "2001": 2, "2002": 3, "2003": 3, "2004": 1, "2005": 0, "2006": 0, "2007": 0, "2008": 2, "2009": 0, "2010": 0, "2011": 0, "2012": 0, "2013": 0, "2014": 1}, "old_citations": {"1999": 13}, "isVisible": false}, "497422635": {"name": "reda alhajj", "type": "author", "activity": 29, "h_index": 28, "h5_index": 5, "mag_id": "497422635", "num_publications": 1, "num_citations": 7, "num_publications_5y": 0, "num_citations_5y": 1, "num_publications_10y": 0, "num_citations_10y": 3, "publications_years": {"1999": 1}, "citations_years": {"2000": 1, "2001": 1, "2002": 1, "2003": 1, "2004": 0, "2005": 0, "2006": 0, "2007": 0, "2008": 0, "2009": 2, "2010": 0, "2011": 0, "2012": 0, "2013": 0, "2014": 1}, "old_citations": {"1999": 7}, "isVisible": false}, "678245920": {"name": "ernest teniente", "type": "author", "activity": 30, "h_index": 18, "h5_index": 4, "mag_id": "678245920", "num_publications": 1, "num_citations": 67, "num_publications_5y": 0, "num_citations_5y": 7, "num_publications_10y": 0, "num_citations_10y": 21, "publications_years": {"1999": 1}, "citations_years": {"2000": 2, "2001": 1, "2002": 2, "2003": 6, "2004": 6, "2005": 5, "2006": 8, "2007": 8, "2008": 6, "2009": 2, "2010": 1, "2011": 4, "2012": 2, "2013": 5, "2014": 1, "2015": 5, "2016": 0, "2017": 1, "2018": 0, "2019": 2}, "old_citations": {"1999": 67}, "isVisible": false}, "1204760875": {"name": "jon atle gulla", "type": "author", "activity": 29, "h_index": 17, "h5_index": 4, "mag_id": "1204760875", "num_publications": 1, "num_citations": 14, "num_publications_5y": 0, "num_citations_5y": 0, "num_publications_10y": 0, "num_citations_10y": 0, "publications_years": {"1999": 1}, "citations_years": {"2000": 1, "2001": 4, "2002": 2, "2003": 1, "2004": 0, "2005": 0, "2006": 2, "2007": 3, "2008": 1}, "old_citations": {"1999": 14}, "isVisible": false}, "1613380979": {"name": "reijo sulonen", "type": "author", "activity": 18, "h_index": 12, "h5_index": 0, "mag_id": "1613380979", "num_publications": 1, "num_citations": 12, "num_publications_5y": 0, "num_citations_5y": 1, "num_publications_10y": 0, "num_citations_10y": 5, "publications_years": {"1999": 1}, "citations_years": {"2000": 1, "2001": 0, "2002": 0, "2003": 1, "2004": 2, "2005": 0, "2006": 1, "2007": 1, "2008": 0, "2009": 0, "2010": 1, "2011": 0, "2012": 0, "2013": 3, "2014": 1, "2015": 0, "2016": 0, "2017": 0, "2018": 0, "2019": 1}, "old_citations": {"1999": 12}, "isVisible": false}, "1885471680": {"name": "daniel schwabe", "type": "author", "activity": 30, "h_index": 32, "h5_index": 1, "mag_id": "1885471680", "num_publications": 1, "num_citations": 110, "num_publications_5y": 0, "num_citations_5y": 10, "num_publications_10y": 0, "num_citations_10y": 22, "publications_years": {"1999": 1}, "citations_years": {"2000": 9, "2001": 8, "2002": 13, "2003": 10, "2004": 16, "2005": 9, "2006": 12, "2007": 8, "2008": 3, "2009": 1, "2010": 4, "2011": 4, "2012": 0, "2013": 3, "2014": 1, "2015": 4, "2016": 2, "2017": 0, "2018": 3}, "old_citations": {"1999": 110}, "isVisible": false}, "1925526064": {"name": "lina aljadir", "type": "author", "activity": 23, "h_index": 5, "h5_index": 1, "mag_id": "1925526064", "num_publications": 1, "num_citations": 8, "num_publications_5y": 0, "num_citations_5y": 0, "num_publications_10y": 0, "num_citations_10y": 0, "publications_years": {"1999": 1}, "citations_years": {"2000": 1, "2001": 1, "2002": 1, "2003": 1, "2004": 2, "2005": 1, "2006": 0, "2007": 1}, "old_citations": {"1999": 8}, "isVisible": false}, "1966656141": {"name": "terje brasethvik", "type": "author", "activity": 12, "h_index": 10, "h5_index": 0, "mag_id": "1966656141", "num_publications": 1, "num_citations": 14, "num_publications_5y": 0, "num_citations_5y": 0, "num_publications_10y": 0, "num_citations_10y": 0, "publications_years": {"1999": 1}, "citations_years": {"2000": 1, "2001": 4, "2002": 2, "2003": 1, "2004": 0, "2005": 0, "2006": 2, "2007": 3, "2008": 1}, "old_citations": {"1999": 14}, "isVisible": false}, "1967392560": {"name": "christian sus", "type": "author", "activity": 4, "h_index": 4, "h5_index": 0, "mag_id": "1967392560", "num_publications": 1, "num_citations": 32, "num_publications_5y": 0, "num_citations_5y": 2, "num_publications_10y": 0, "num_citations_10y": 3, "publications_years": {"1999": 1}, "citations_years": {"2000": 2, "2001": 3, "2002": 5, "2003": 3, "2004": 2, "2005": 3, "2006": 7, "2007": 1, "2008": 3, "2009": 1, "2010": 0, "2011": 0, "2012": 0, "2013": 0, "2014": 0, "2015": 1, "2016": 0, "2017": 0, "2018": 1}, "old_citations": {"1999": 32}, "isVisible": false}, "1979122221": {"name": "richard mcclatchey", "type": "author", "activity": 24, "h_index": 14, "h5_index": 2, "mag_id": "1979122221", "num_publications": 1, "num_citations": 13, "num_publications_5y": 0, "num_citations_5y": 1, "num_publications_10y": 0, "num_citations_10y": 1, "publications_years": {"1999": 1}, "citations_years": {"2000": 1, "2001": 2, "2002": 3, "2003": 3, "2004": 1, "2005": 0, "2006": 0, "2007": 0, "2008": 2, "2009": 0, "2010": 0, "2011": 0, "2012": 0, "2013": 0, "2014": 1}, "old_citations": {"1999": 13}, "isVisible": false}, "1985569948": {"name": "leopoldo bertossi", "type": "author", "activity": 25, "h_index": 26, "h5_index": 6, "mag_id": "1985569948", "num_publications": 1, "num_citations": 7, "num_publications_5y": 0, "num_citations_5y": 2, "num_publications_10y": 0, "num_citations_10y": 3, "publications_years": {"1999": 1}, "citations_years": {"2000": 1, "2001": 0, "2002": 0, "2003": 0, "2004": 1, "2005": 0, "2006": 1, "2007": 1, "2008": 0, "2009": 0, "2010": 0, "2011": 0, "2012": 0, "2013": 1, "2014": 0, "2015": 1, "2016": 1}, "old_citations": {"1999": 7}, "isVisible": false}, "1986521570": {"name": "fernando lyardet", "type": "author", "activity": 16, "h_index": 14, "h5_index": 0, "mag_id": "1986521570", "num_publications": 1, "num_citations": 110, "num_publications_5y": 0, "num_citations_5y": 10, "num_publications_10y": 0, "num_citations_10y": 22, "publications_years": {"1999": 1}, "citations_years": {"2000": 9, "2001": 8, "2002": 13, "2003": 10, "2004": 16, "2005": 9, "2006": 12, "2007": 8, "2008": 3, "2009": 1, "2010": 4, "2011": 4, "2012": 0, "2013": 3, "2014": 1, "2015": 4, "2016": 2, "2017": 0, "2018": 3}, "old_citations": {"1999": 110}, "isVisible": false}, "1998466507": {"name": "paulo b golgher", "type": "author", "activity": 9, "h_index": 13, "h5_index": 0, "mag_id": "1998466507", "num_publications": 1, "num_citations": 6, "num_publications_5y": 0, "num_citations_5y": 1, "num_publications_10y": 0, "num_citations_10y": 4, "publications_years": {"1999": 1}, "citations_years": {"2000": 1, "2001": 1, "2002": 0, "2003": 0, "2004": 0, "2005": 0, "2006": 0, "2007": 0, "2008": 0, "2009": 0, "2010": 0, "2011": 2, "2012": 1, "2013": 0, "2014": 0, "2015": 1}, "old_citations": {"1999": 6}, "isVisible": false}, "2003245632": {"name": "rainer himmeroder", "type": "author", "activity": 3, "h_index": 6, "h5_index": 0, "mag_id": "2003245632", "num_publications": 1, "num_citations": 24, "num_publications_5y": 0, "num_citations_5y": 1, "num_publications_10y": 0, "num_citations_10y": 2, "publications_years": {"1999": 1}, "citations_years": {"2000": 2, "2001": 5, "2002": 0, "2003": 1, "2004": 4, "2005": 8, "2006": 1, "2007": 0, "2008": 0, "2009": 0, "2010": 0, "2011": 1, "2012": 0, "2013": 0, "2014": 1, "2015": 0, "2016": 0, "2017": 0, "2018": 0, "2019": 1}, "old_citations": {"1999": 24}, "isVisible": false}, "2009195503": {"name": "kathleen hornsby", "type": "author", "activity": 13, "h_index": 11, "h5_index": 0, "mag_id": "2009195503", "num_publications": 1, "num_citations": 36, "num_publications_5y": 0, "num_citations_5y": 3, "num_publications_10y": 0, "num_citations_10y": 13, "publications_years": {"1999": 1}, "citations_years": {"2000": 1, "2001": 1, "2002": 0, "2003": 1, "2004": 3, "2005": 3, "2006": 3, "2007": 4, "2008": 6, "2009": 2, "2010": 1, "2011": 2, "2012": 1, "2013": 4, "2014": 0, "2015": 2, "2016": 0, "2017": 1, "2018": 0, "2019": 0, "2020": 1}, "old_citations": {"1999": 36}, "isVisible": false}, "2011471276": {"name": "vincent englebert", "type": "author", "activity": 28, "h_index": 12, "h5_index": 1, "mag_id": "2011471276", "num_publications": 1, "num_citations": 12, "num_publications_5y": 0, "num_citations_5y": 0, "num_publications_10y": 0, "num_citations_10y": 3, "publications_years": {"1999": 1}, "citations_years": {"2002": 1, "2003": 2, "2004": 0, "2005": 1, "2006": 2, "2007": 2, "2008": 1, "2009": 1, "2010": 2}, "old_citations": {"1999": 12}, "isVisible": false}, "2047708534": {"name": "enric mayol", "type": "author", "activity": 26, "h_index": 10, "h5_index": 1, "mag_id": "2047708534", "num_publications": 1, "num_citations": 67, "num_publications_5y": 0, "num_citations_5y": 7, "num_publications_10y": 0, "num_citations_10y": 21, "publications_years": {"1999": 1}, "citations_years": {"2000": 2, "2001": 1, "2002": 2, "2003": 6, "2004": 6, "2005": 5, "2006": 8, "2007": 8, "2008": 6, "2009": 2, "2010": 1, "2011": 4, "2012": 2, "2013": 5, "2014": 1, "2015": 5, "2016": 0, "2017": 1, "2018": 0, "2019": 2}, "old_citations": {"1999": 67}, "isVisible": false}, "2052267360": {"name": "xavier alaman", "type": "author", "activity": 28, "h_index": 13, "h5_index": 2, "mag_id": "2052267360", "num_publications": 1, "num_citations": 31, "num_publications_5y": 0, "num_citations_5y": 1, "num_publications_10y": 0, "num_citations_10y": 16, "publications_years": {"1999": 1}, "citations_years": {"2002": 3, "2003": 0, "2004": 1, "2005": 0, "2006": 2, "2007": 7, "2008": 2, "2009": 6, "2010": 4, "2011": 1, "2012": 2, "2013": 2, "2014": 1}, "old_citations": {"1999": 31}, "isVisible": false}, "2059594283": {"name": "zsolt kovacs", "type": "author", "activity": 20, "h_index": 8, "h5_index": 0, "mag_id": "2059594283", "num_publications": 1, "num_citations": 13, "num_publications_5y": 0, "num_citations_5y": 1, "num_publications_10y": 0, "num_citations_10y": 1, "publications_years": {"1999": 1}, "citations_years": {"2000": 1, "2001": 2, "2002": 3, "2003": 3, "2004": 1, "2005": 0, "2006": 0, "2007": 0, "2008": 2, "2009": 0, "2010": 0, "2011": 0, "2012": 0, "2013": 0, "2014": 1}, "old_citations": {"1999": 13}, "isVisible": false}, "2063859579": {"name": "jeanluc hainaut", "type": "author", "activity": 28, "h_index": 23, "h5_index": 0, "mag_id": "2063859579", "num_publications": 1, "num_citations": 12, "num_publications_5y": 0, "num_citations_5y": 0, "num_publications_10y": 0, "num_citations_10y": 3, "publications_years": {"1999": 1}, "citations_years": {"2002": 1, "2003": 2, "2004": 0, "2005": 1, "2006": 2, "2007": 2, "2008": 1, "2009": 1, "2010": 2}, "old_citations": {"1999": 12}, "isVisible": false}, "2064546257": {"name": "david maier", "type": "author", "activity": 30, "h_index": 41, "h5_index": 4, "mag_id": "2064546257", "num_publications": 1, "num_citations": 30, "num_publications_5y": 0, "num_citations_5y": 3, "num_publications_10y": 0, "num_citations_10y": 10, "publications_years": {"1999": 1}, "citations_years": {"1999": 1, "2000": 3, "2001": 5, "2002": 3, "2003": 2, "2004": 1, "2005": 1, "2006": 1, "2007": 2, "2008": 1, "2009": 3, "2010": 1, "2011": 2, "2012": 1, "2013": 0, "2014": 1, "2015": 1, "2016": 1}, "old_citations": {"1999": 30}, "isVisible": false}, "2078346555": {"name": "tomi mannisto", "type": "author", "activity": 28, "h_index": 18, "h5_index": 8, "mag_id": "2078346555", "num_publications": 1, "num_citations": 12, "num_publications_5y": 0, "num_citations_5y": 1, "num_publications_10y": 0, "num_citations_10y": 5, "publications_years": {"1999": 1}, "citations_years": {"2000": 1, "2001": 0, "2002": 0, "2003": 1, "2004": 2, "2005": 0, "2006": 1, "2007": 1, "2008": 0, "2009": 0, "2010": 1, "2011": 0, "2012": 0, "2013": 3, "2014": 1, "2015": 0, "2016": 0, "2017": 0, "2018": 0, "2019": 1}, "old_citations": {"1999": 12}, "isVisible": false}, "2096526624": {"name": "fabio grandi", "type": "author", "activity": 28, "h_index": 20, "h5_index": 5, "mag_id": "2096526624", "num_publications": 1, "num_citations": 7, "num_publications_5y": 0, "num_citations_5y": 0, "num_publications_10y": 0, "num_citations_10y": 0, "publications_years": {"1999": 1}, "citations_years": {"2000": 4, "2001": 1, "2002": 1, "2003": 0, "2004": 0, "2005": 1}, "old_citations": {"1999": 7}, "isVisible": false}, "2098786468": {"name": "mariechristine fauvet", "type": "author", "activity": 22, "h_index": 13, "h5_index": 0, "mag_id": "2098786468", "num_publications": 1, "num_citations": 3, "num_publications_5y": 0, "num_citations_5y": 0, "num_publications_10y": 0, "num_citations_10y": 0, "publications_years": {"1999": 1}, "citations_years": {"2000": 1, "2001": 0, "2002": 1, "2003": 0, "2004": 1}, "old_citations": {"1999": 3}, "isVisible": false}, "2105718072": {"name": "ruth cobos", "type": "author", "activity": 21, "h_index": 9, "h5_index": 4, "mag_id": "2105718072", "num_publications": 1, "num_citations": 31, "num_publications_5y": 0, "num_citations_5y": 1, "num_publications_10y": 0, "num_citations_10y": 16, "publications_years": {"1999": 1}, "citations_years": {"2002": 3, "2003": 0, "2004": 1, "2005": 0, "2006": 2, "2007": 7, "2008": 2, "2009": 6, "2010": 4, "2011": 1, "2012": 2, "2013": 2, "2014": 1}, "old_citations": {"1999": 31}, "isVisible": false}, "2106500181": {"name": "hernan cobo", "type": "author", "activity": 2, "h_index": 1, "h5_index": 0, "mag_id": "2106500181", "num_publications": 1, "num_citations": 1, "num_publications_5y": 0, "num_citations_5y": 0, "num_publications_10y": 0, "num_citations_10y": 0, "publications_years": {"1999": 1}, "citations_years": {"2003": 1}, "old_citations": {"1999": 1}, "isVisible": false}, "2115003381": {"name": "franca garzotto", "type": "author", "activity": 30, "h_index": 28, "h5_index": 8, "mag_id": "2115003381", "num_publications": 1, "num_citations": 67, "num_publications_5y": 0, "num_citations_5y": 6, "num_publications_10y": 0, "num_citations_10y": 13, "publications_years": {"1999": 1}, "citations_years": {"1999": 1, "2000": 6, "2001": 8, "2002": 7, "2003": 9, "2004": 8, "2005": 6, "2006": 4, "2007": 1, "2008": 4, "2009": 3, "2010": 0, "2011": 2, "2012": 1, "2013": 1, "2014": 3, "2015": 1, "2016": 1, "2017": 1}, "old_citations": {"1999": 67}, "isVisible": false}, "2115813666": {"name": "daniel m german", "type": "author", "activity": 26, "h_index": 32, "h5_index": 11, "mag_id": "2115813666", "num_publications": 1, "num_citations": 11, "num_publications_5y": 0, "num_citations_5y": 0, "num_publications_10y": 0, "num_citations_10y": 0, "publications_years": {"1999": 1}, "citations_years": {"2000": 1, "2001": 2, "2002": 1, "2003": 3, "2004": 1, "2005": 1, "2006": 2}, "old_citations": {"1999": 11}, "isVisible": false}, "2118015496": {"name": "wolfgang may", "type": "author", "activity": 24, "h_index": 15, "h5_index": 0, "mag_id": "2118015496", "num_publications": 1, "num_citations": 24, "num_publications_5y": 0, "num_citations_5y": 1, "num_publications_10y": 0, "num_citations_10y": 2, "publications_years": {"1999": 1}, "citations_years": {"2000": 2, "2001": 5, "2002": 0, "2003": 1, "2004": 4, "2005": 8, "2006": 1, "2007": 0, "2008": 0, "2009": 0, "2010": 0, "2011": 1, "2012": 0, "2013": 0, "2014": 1, "2015": 0, "2016": 0, "2017": 0, "2018": 0, "2019": 1}, "old_citations": {"1999": 24}, "isVisible": false}, "2119015089": {"name": "gustavo rossi", "type": "author", "activity": 28, "h_index": 31, "h5_index": 5, "mag_id": "2119015089", "num_publications": 1, "num_citations": 110, "num_publications_5y": 0, "num_citations_5y": 10, "num_publications_10y": 0, "num_citations_10y": 22, "publications_years": {"1999": 1}, "citations_years": {"2000": 9, "2001": 8, "2002": 13, "2003": 10, "2004": 16, "2005": 9, "2006": 12, "2007": 8, "2008": 3, "2009": 1, "2010": 4, "2011": 4, "2012": 0, "2013": 3, "2014": 1, "2015": 4, "2016": 2, "2017": 0, "2018": 3}, "old_citations": {"1999": 110}, "isVisible": false}, "2125292219": {"name": "m hatem haddad", "type": "author", "activity": 1, "h_index": 1, "h5_index": 0, "mag_id": "2125292219", "num_publications": 1, "num_citations": 15, "num_publications_5y": 0, "num_citations_5y": 0, "num_publications_10y": 0, "num_citations_10y": 3, "publications_years": {"1999": 1}, "citations_years": {"2001": 1, "2002": 1, "2003": 2, "2004": 3, "2005": 2, "2006": 2, "2007": 0, "2008": 1, "2009": 1, "2010": 1, "2011": 0, "2012": 0, "2013": 1}, "old_citations": {"1999": 15}, "isVisible": false}, "2134411781": {"name": "michel leonard", "type": "author", "activity": 30, "h_index": 9, "h5_index": 1, "mag_id": "2134411781", "num_publications": 1, "num_citations": 8, "num_publications_5y": 0, "num_citations_5y": 0, "num_publications_10y": 0, "num_citations_10y": 0, "publications_years": {"1999": 1}, "citations_years": {"2000": 1, "2001": 1, "2002": 1, "2003": 1, "2004": 2, "2005": 1, "2006": 0, "2007": 1}, "old_citations": {"1999": 8}, "isVisible": false}, "2138312864": {"name": "amarnath gupta", "type": "author", "activity": 30, "h_index": 31, "h5_index": 3, "mag_id": "2138312864", "num_publications": 1, "num_citations": 24, "num_publications_5y": 0, "num_citations_5y": 2, "num_publications_10y": 0, "num_citations_10y": 3, "publications_years": {"1999": 1}, "citations_years": {"1998": 1, "1999": 1, "2000": 2, "2001": 3, "2002": 1, "2003": 5, "2004": 2, "2005": 5, "2006": 1, "2007": 0, "2008": 0, "2009": 0, "2010": 0, "2011": 1, "2012": 0, "2013": 0, "2014": 0, "2015": 0, "2016": 0, "2017": 0, "2018": 2}, "old_citations": {"1999": 24}, "isVisible": false}, "2142397118": {"name": "paulo pinheiro da silva", "type": "author", "activity": 15, "h_index": 17, "h5_index": 0, "mag_id": "2142397118", "num_publications": 1, "num_citations": 6, "num_publications_5y": 0, "num_citations_5y": 1, "num_publications_10y": 0, "num_citations_10y": 4, "publications_years": {"1999": 1}, "citations_years": {"2000": 1, "2001": 1, "2002": 0, "2003": 0, "2004": 0, "2005": 0, "2006": 0, "2007": 0, "2008": 0, "2009": 0, "2010": 0, "2011": 2, "2012": 1, "2013": 0, "2014": 0, "2015": 1}, "old_citations": {"1999": 6}, "isVisible": false}, "2148782644": {"name": "ilyeol song", "type": "author", "activity": 30, "h_index": 30, "h5_index": 5, "mag_id": "2148782644", "num_publications": 1, "num_citations": 18, "num_publications_5y": 0, "num_citations_5y": 2, "num_publications_10y": 0, "num_citations_10y": 9, "publications_years": {"1999": 1}, "citations_years": {"2000": 2, "2001": 3, "2002": 0, "2003": 1, "2004": 2, "2005": 1, "2006": 0, "2007": 0, "2008": 0, "2009": 0, "2010": 1, "2011": 2, "2012": 3, "2013": 1, "2014": 0, "2015": 1, "2016": 1}, "old_citations": {"1999": 18}, "isVisible": false}, "2158658728": {"name": "jeanmarie le goff", "type": "author", "activity": 24, "h_index": 5, "h5_index": 3, "mag_id": "2158658728", "num_publications": 1, "num_citations": 13, "num_publications_5y": 0, "num_citations_5y": 1, "num_publications_10y": 0, "num_citations_10y": 1, "publications_years": {"1999": 1}, "citations_years": {"2000": 1, "2001": 2, "2002": 3, "2003": 3, "2004": 1, "2005": 0, "2006": 0, "2007": 0, "2008": 2, "2009": 0, "2010": 0, "2011": 0, "2012": 0, "2013": 0, "2014": 1}, "old_citations": {"1999": 13}, "isVisible": false}, "2158934891": {"name": "heidi gregersen", "type": "author", "activity": 12, "h_index": 8, "h5_index": 0, "mag_id": "2158934891", "num_publications": 1, "num_citations": 14, "num_publications_5y": 0, "num_citations_5y": 3, "num_publications_10y": 0, "num_citations_10y": 4, "publications_years": {"1999": 1}, "citations_years": {"2000": 1, "2001": 0, "2002": 1, "2003": 1, "2004": 4, "2005": 1, "2006": 0, "2007": 1, "2008": 1, "2009": 0, "2010": 0, "2011": 0, "2012": 0, "2013": 1, "2014": 0, "2015": 1, "2016": 1, "2017": 1}, "old_citations": {"1999": 14}, "isVisible": false}, "2159644763": {"name": "christian s jensen", "type": "author", "activity": 31, "h_index": 68, "h5_index": 15, "mag_id": "2159644763", "num_publications": 1, "num_citations": 14, "num_publications_5y": 0, "num_citations_5y": 3, "num_publications_10y": 0, "num_citations_10y": 4, "publications_years": {"1999": 1}, "citations_years": {"2000": 1, "2001": 0, "2002": 1, "2003": 1, "2004": 4, "2005": 1, "2006": 0, "2007": 1, "2008": 1, "2009": 0, "2010": 0, "2011": 0, "2012": 0, "2013": 1, "2014": 0, "2015": 1, "2016": 1, "2017": 1}, "old_citations": {"1999": 14}, "isVisible": false}, "2164270541": {"name": "juanita walton billings", "type": "author", "activity": 12, "h_index": 2, "h5_index": 0, "mag_id": "2164270541", "num_publications": 1, "num_citations": 2, "num_publications_5y": 0, "num_citations_5y": 0, "num_publications_10y": 0, "num_citations_10y": 1, "publications_years": {"1999": 1}, "citations_years": {"2001": 1, "2002": 0, "2003": 0, "2004": 0, "2005": 0, "2006": 0, "2007": 0, "2008": 0, "2009": 0, "2010": 1}, "old_citations": {"1999": 2}, "isVisible": false}, "2169166734": {"name": "rodolfo f resende", "type": "author", "activity": 26, "h_index": 8, "h5_index": 1, "mag_id": "2169166734", "num_publications": 1, "num_citations": 6, "num_publications_5y": 0, "num_citations_5y": 1, "num_publications_10y": 0, "num_citations_10y": 4, "publications_years": {"1999": 1}, "citations_years": {"2000": 1, "2001": 1, "2002": 0, "2003": 0, "2004": 0, "2005": 0, "2006": 0, "2007": 0, "2008": 0, "2009": 0, "2010": 0, "2011": 2, "2012": 1, "2013": 0, "2014": 0, "2015": 1}, "old_citations": {"1999": 6}, "isVisible": false}, "2169501907": {"name": "pierreclaude scholl", "type": "author", "activity": 9, "h_index": 5, "h5_index": 0, "mag_id": "2169501907", "num_publications": 1, "num_citations": 3, "num_publications_5y": 0, "num_citations_5y": 0, "num_publications_10y": 0, "num_citations_10y": 0, "publications_years": {"1999": 1}, "citations_years": {"2000": 1, "2001": 0, "2002": 1, "2003": 0, "2004": 1}, "old_citations": {"1999": 3}, "isVisible": false}, "2170161878": {"name": "florida estrella", "type": "author", "activity": 11, "h_index": 9, "h5_index": 0, "mag_id": "2170161878", "num_publications": 1, "num_citations": 13, "num_publications_5y": 0, "num_citations_5y": 1, "num_publications_10y": 0, "num_citations_10y": 1, "publications_years": {"1999": 1}, "citations_years": {"2000": 1, "2001": 2, "2002": 3, "2003": 3, "2004": 1, "2005": 0, "2006": 0, "2007": 0, "2008": 2, "2009": 0, "2010": 0, "2011": 0, "2012": 0, "2013": 0, "2014": 1}, "old_citations": {"1999": 13}, "isVisible": false}, "2186162728": {"name": "burkhard freitag", "type": "author", "activity": 22, "h_index": 11, "h5_index": 0, "mag_id": "2186162728", "num_publications": 1, "num_citations": 32, "num_publications_5y": 0, "num_citations_5y": 2, "num_publications_10y": 0, "num_citations_10y": 3, "publications_years": {"1999": 1}, "citations_years": {"2000": 2, "2001": 3, "2002": 5, "2003": 3, "2004": 2, "2005": 3, "2006": 7, "2007": 1, "2008": 3, "2009": 1, "2010": 0, "2011": 0, "2012": 0, "2013": 0, "2014": 0, "2015": 1, "2016": 0, "2017": 0, "2018": 1}, "old_citations": {"1999": 32}, "isVisible": false}, "2192981890": {"name": "paolo paolini", "type": "author", "activity": 29, "h_index": 24, "h5_index": 2, "mag_id": "2192981890", "num_publications": 1, "num_citations": 67, "num_publications_5y": 0, "num_citations_5y": 6, "num_publications_10y": 0, "num_citations_10y": 13, "publications_years": {"1999": 1}, "citations_years": {"1999": 1, "2000": 6, "2001": 8, "2002": 7, "2003": 9, "2004": 8, "2005": 6, "2006": 4, "2007": 1, "2008": 4, "2009": 3, "2010": 0, "2011": 2, "2012": 1, "2013": 1, "2014": 3, "2015": 1, "2016": 1, "2017": 1}, "old_citations": {"1999": 67}, "isVisible": false}, "2250777962": {"name": "marlon dumas", "type": "author", "activity": 23, "h_index": 59, "h5_index": 17, "mag_id": "2250777962", "num_publications": 1, "num_citations": 3, "num_publications_5y": 0, "num_citations_5y": 0, "num_publications_10y": 0, "num_citations_10y": 0, "publications_years": {"1999": 1}, "citations_years": {"2000": 1, "2001": 0, "2002": 1, "2003": 0, "2004": 1}, "old_citations": {"1999": 3}, "isVisible": false}, "2276877085": {"name": "kelly levanshultz", "type": "author", "activity": 1, "h_index": 1, "h5_index": 0, "mag_id": "2276877085", "num_publications": 1, "num_citations": 18, "num_publications_5y": 0, "num_citations_5y": 2, "num_publications_10y": 0, "num_citations_10y": 9, "publications_years": {"1999": 1}, "citations_years": {"2000": 2, "2001": 3, "2002": 0, "2003": 1, "2004": 2, "2005": 1, "2006": 0, "2007": 0, "2008": 0, "2009": 0, "2010": 1, "2011": 2, "2012": 3, "2013": 1, "2014": 0, "2015": 1, "2016": 1}, "old_citations": {"1999": 18}, "isVisible": false}, "2278280667": {"name": "sara valenti", "type": "author", "activity": 1, "h_index": 1, "h5_index": 0, "mag_id": "2278280667", "num_publications": 1, "num_citations": 67, "num_publications_5y": 0, "num_citations_5y": 6, "num_publications_10y": 0, "num_citations_10y": 13, "publications_years": {"1999": 1}, "citations_years": {"1999": 1, "2000": 6, "2001": 8, "2002": 7, "2003": 9, "2004": 8, "2005": 6, "2006": 4, "2007": 1, "2008": 4, "2009": 3, "2010": 0, "2011": 2, "2012": 1, "2013": 1, "2014": 3, "2015": 1, "2016": 1, "2017": 1}, "old_citations": {"1999": 67}, "isVisible": false}, "2284723869": {"name": "donald d cowan", "type": "author", "activity": 30, "h_index": 21, "h5_index": 3, "mag_id": "2284723869", "num_publications": 1, "num_citations": 11, "num_publications_5y": 0, "num_citations_5y": 0, "num_publications_10y": 0, "num_citations_10y": 0, "publications_years": {"1999": 1}, "citations_years": {"2000": 1, "2001": 2, "2002": 1, "2003": 3, "2004": 1, "2005": 1, "2006": 2}, "old_citations": {"1999": 11}, "isVisible": false}, "2302381737": {"name": "patrick j hayes", "type": "author", "activity": 29, "h_index": 19, "h5_index": 0, "mag_id": "2302381737", "num_publications": 1, "num_citations": 36, "num_publications_5y": 0, "num_citations_5y": 3, "num_publications_10y": 0, "num_citations_10y": 13, "publications_years": {"1999": 1}, "citations_years": {"2000": 1, "2001": 1, "2002": 0, "2003": 1, "2004": 3, "2005": 3, "2006": 3, "2007": 4, "2008": 6, "2009": 2, "2010": 1, "2011": 2, "2012": 1, "2013": 4, "2014": 0, "2015": 2, "2016": 0, "2017": 1, "2018": 0, "2019": 0, "2020": 1}, "old_citations": {"1999": 36}, "isVisible": false}, "2489734074": {"name": "carlota rodriguez", "type": "author", "activity": 1, "h_index": 1, "h5_index": 0, "mag_id": "2489734074", "num_publications": 1, "num_citations": 1, "num_publications_5y": 0, "num_citations_5y": 0, "num_publications_10y": 0, "num_citations_10y": 0, "publications_years": {"1999": 1}, "citations_years": {"2003": 1}, "old_citations": {"1999": 1}, "isVisible": false}, "2557879293": {"name": "carlos a mareco", "type": "author", "activity": 1, "h_index": 1, "h5_index": 0, "mag_id": "2557879293", "num_publications": 1, "num_citations": 7, "num_publications_5y": 0, "num_citations_5y": 2, "num_publications_10y": 0, "num_citations_10y": 3, "publications_years": {"1999": 1}, "citations_years": {"2000": 1, "2001": 0, "2002": 0, "2003": 0, "2004": 1, "2005": 0, "2006": 1, "2007": 1, "2008": 0, "2009": 0, "2010": 0, "2011": 0, "2012": 0, "2013": 1, "2014": 0, "2015": 1, "2016": 1}, "old_citations": {"1999": 7}, "isVisible": false}, "2661278573": {"name": "didier roland", "type": "author", "activity": 27, "h_index": 11, "h5_index": 0, "mag_id": "2661278573", "num_publications": 1, "num_citations": 12, "num_publications_5y": 0, "num_citations_5y": 0, "num_publications_10y": 0, "num_citations_10y": 3, "publications_years": {"1999": 1}, "citations_years": {"2002": 1, "2003": 2, "2004": 0, "2005": 1, "2006": 2, "2007": 2, "2008": 1, "2009": 1, "2010": 2}, "old_citations": {"1999": 12}, "isVisible": false}, "2662557405": {"name": "maria del carmen romero", "type": "author", "activity": 1, "h_index": 1, "h5_index": 0, "mag_id": "2662557405", "num_publications": 1, "num_citations": 1, "num_publications_5y": 0, "num_citations_5y": 0, "num_publications_10y": 0, "num_citations_10y": 0, "publications_years": {"1999": 1}, "citations_years": {"2003": 1}, "old_citations": {"1999": 1}, "isVisible": false}, "2667714598": {"name": "lex wedemeijer", "type": "author", "activity": 3, "h_index": 2, "h5_index": 0, "mag_id": "2667714598", "num_publications": 1, "num_citations": 4, "num_publications_5y": 0, "num_citations_5y": 1, "num_publications_10y": 0, "num_citations_10y": 2, "publications_years": {"1999": 1}, "citations_years": {"2000": 2, "2001": 0, "2002": 0, "2003": 0, "2004": 0, "2005": 0, "2006": 0, "2007": 0, "2008": 0, "2009": 0, "2010": 0, "2011": 0, "2012": 0, "2013": 1, "2014": 1}, "old_citations": {"1999": 4}, "isVisible": false}, "2680134763": {"name": "lynda hodgson", "type": "author", "activity": 1, "h_index": 1, "h5_index": 0, "mag_id": "2680134763", "num_publications": 1, "num_citations": 2, "num_publications_5y": 0, "num_citations_5y": 0, "num_publications_10y": 0, "num_citations_10y": 1, "publications_years": {"1999": 1}, "citations_years": {"2001": 1, "2002": 0, "2003": 0, "2004": 0, "2005": 0, "2006": 0, "2007": 0, "2008": 0, "2009": 0, "2010": 1}, "old_citations": {"1999": 2}, "isVisible": false}, "2707140624": {"name": "virginia mauco", "type": "author", "activity": 2, "h_index": 1, "h5_index": 0, "mag_id": "2707140624", "num_publications": 1, "num_citations": 1, "num_publications_5y": 0, "num_citations_5y": 0, "num_publications_10y": 0, "num_citations_10y": 0, "publications_years": {"1999": 1}, "citations_years": {"2003": 1}, "old_citations": {"1999": 1}, "isVisible": false}, "2713351812": {"name": "jean henrard", "type": "author", "activity": 25, "h_index": 14, "h5_index": 0, "mag_id": "2713351812", "num_publications": 1, "num_citations": 12, "num_publications_5y": 0, "num_citations_5y": 0, "num_publications_10y": 0, "num_citations_10y": 3, "publications_years": {"1999": 1}, "citations_years": {"2002": 1, "2003": 2, "2004": 0, "2005": 1, "2006": 2, "2007": 2, "2008": 1, "2009": 1, "2010": 2}, "old_citations": {"1999": 12}, "isVisible": false}, "2806039123": {"name": "ralf schaarschmidt", "type": "author", "activity": 2, "h_index": 2, "h5_index": 0, "mag_id": "2806039123", "num_publications": 1, "num_citations": 4, "num_publications_5y": 0, "num_citations_5y": 0, "num_publications_10y": 0, "num_citations_10y": 3, "publications_years": {"1999": 1}, "citations_years": {"2000": 1, "2001": 0, "2002": 0, "2003": 0, "2004": 0, "2005": 0, "2006": 0, "2007": 0, "2008": 0, "2009": 1, "2010": 0, "2011": 0, "2012": 0, "2013": 2}, "old_citations": {"1999": 4}, "isVisible": false}, "2935876189": {"name": "mathias gery", "type": "author", "activity": 4, "h_index": 2, "h5_index": 0, "mag_id": "2935876189", "num_publications": 1, "num_citations": 15, "num_publications_5y": 0, "num_citations_5y": 0, "num_publications_10y": 0, "num_citations_10y": 3, "publications_years": {"1999": 1}, "citations_years": {"2001": 1, "2002": 1, "2003": 2, "2004": 3, "2005": 2, "2006": 2, "2007": 0, "2008": 1, "2009": 1, "2010": 1, "2011": 0, "2012": 0, "2013": 1}, "old_citations": {"1999": 15}, "isVisible": false}, "2974286634": {"name": "janmarc hick", "type": "author", "activity": 6, "h_index": 5, "h5_index": 0, "mag_id": "2974286634", "num_publications": 1, "num_citations": 12, "num_publications_5y": 0, "num_citations_5y": 0, "num_publications_10y": 0, "num_citations_10y": 3, "publications_years": {"1999": 1}, "citations_years": {"2002": 1, "2003": 2, "2004": 0, "2005": 1, "2006": 2, "2007": 2, "2008": 1, "2009": 1, "2010": 2}, "old_citations": {"1999": 12}, "isVisible": false}}, "countries": {"United States": {"name": "United States", "type": "country", "h5_index": 308, "num_publications": 5, "num_citations": 110, "num_publications_5y": 0, "num_citations_5y": 10, "num_publications_10y": 0, "num_citations_10y": 36, "publications_years": {"1999": 5}, "citations_years": {"2000": 8, "2001": 13, "2002": 4, "2003": 9, "2004": 8, "2005": 10, "2006": 5, "2007": 6, "2008": 7, "2009": 5, "2010": 4, "2011": 7, "2012": 5, "2013": 5, "2014": 1, "2015": 4, "2016": 2, "1999": 2, "2017": 1, "2018": 2, "2019": 0, "2020": 1, "1998": 1}, "old_citations": {"1999": 110}, "isVisible": false}, "Germany": {"name": "Germany", "type": "country", "h5_index": 139, "num_publications": 3, "num_citations": 33, "num_publications_5y": 0, "num_citations_5y": 2, "num_publications_10y": 0, "num_citations_10y": 7, "publications_years": {"1999": 3}, "citations_years": {"2000": 3, "2001": 5, "2002": 1, "2003": 1, "2004": 5, "2005": 8, "2006": 2, "2007": 0, "2008": 0, "2009": 1, "2010": 0, "2011": 1, "2012": 0, "2013": 3, "2014": 1, "2015": 1, "2016": 0, "2017": 0, "2018": 0, "2019": 1}, "old_citations": {"1999": 33}, "isVisible": false}, "Switzerland": {"name": "Switzerland", "type": "country", "h5_index": 102, "num_publications": 3, "num_citations": 88, "num_publications_5y": 0, "num_citations_5y": 7, "num_publications_10y": 0, "num_citations_10y": 14, "publications_years": {"1999": 3}, "citations_years": {"1999": 1, "2000": 8, "2001": 11, "2002": 11, "2003": 13, "2004": 11, "2005": 7, "2006": 4, "2007": 2, "2008": 6, "2009": 3, "2010": 0, "2011": 2, "2012": 1, "2013": 1, "2014": 4, "2015": 1, "2016": 1, "2017": 1}, "old_citations": {"1999": 88}, "isVisible": false}, "Brazil": {"name": "Brazil", "type": "country", "h5_index": 57, "num_publications": 2, "num_citations": 116, "num_publications_5y": 0, "num_citations_5y": 11, "num_publications_10y": 0, "num_citations_10y": 26, "publications_years": {"1999": 2}, "citations_years": {"2000": 10, "2001": 9, "2002": 13, "2003": 10, "2004": 16, "2005": 9, "2006": 12, "2007": 8, "2008": 3, "2009": 1, "2010": 4, "2011": 6, "2012": 1, "2013": 3, "2014": 1, "2015": 5, "2016": 2, "2017": 0, "2018": 3}, "old_citations": {"1999": 116}, "isVisible": false}, "Italy": {"name": "Italy", "type": "country", "h5_index": 94, "num_publications": 2, "num_citations": 74, "num_publications_5y": 0, "num_citations_5y": 6, "num_publications_10y": 0, "num_citations_10y": 13, "publications_years": {"1999": 2}, "citations_years": {"1999": 1, "2000": 10, "2001": 9, "2002": 8, "2003": 9, "2004": 8, "2005": 7, "2006": 4, "2007": 1, "2008": 4, "2009": 3, "2010": 0, "2011": 2, "2012": 1, "2013": 1, "2014": 3, "2015": 1, "2016": 1, "2017": 1}, "old_citations": {"1999": 74}, "isVisible": false}, "Spain": {"name": "Spain", "type": "country", "h5_index": 91, "num_publications": 2, "num_citations": 98, "num_publications_5y": 0, "num_citations_5y": 8, "num_publications_10y": 0, "num_citations_10y": 37, "publications_years": {"1999": 2}, "citations_years": {"2000": 2, "2001": 1, "2002": 5, "2003": 6, "2004": 7, "2005": 5, "2006": 10, "2007": 15, "2008": 8, "2009": 8, "2010": 5, "2011": 5, "2012": 4, "2013": 7, "2014": 2, "2015": 5, "2016": 0, "2017": 1, "2018": 0, "2019": 2}, "old_citations": {"1999": 98}, "isVisible": false}, "Argentina": {"name": "Argentina", "type": "country", "h5_index": 26, "num_publications": 1, "num_citations": 110, "num_publications_5y": 0, "num_citations_5y": 10, "num_publications_10y": 0, "num_citations_10y": 22, "publications_years": {"1999": 1}, "citations_years": {"2000": 9, "2001": 8, "2002": 13, "2003": 10, "2004": 16, "2005": 9, "2006": 12, "2007": 8, "2008": 3, "2009": 1, "2010": 4, "2011": 4, "2012": 0, "2013": 3, "2014": 1, "2015": 4, "2016": 2, "2017": 0, "2018": 3}, "old_citations": {"1999": 110}, "isVisible": false}, "Canada": {"name": "Canada", "type": "country", "h5_index": 128, "num_publications": 1, "num_citations": 11, "num_publications_5y": 0, "num_citations_5y": 0, "num_publications_10y": 0, "num_citations_10y": 0, "publications_years": {"1999": 1}, "citations_years": {"2000": 1, "2001": 2, "2002": 1, "2003": 3, "2004": 1, "2005": 1, "2006": 2}, "old_citations": {"1999": 11}, "isVisible": false}, "Chile": {"name": "Chile", "type": "country", "h5_index": 37, "num_publications": 1, "num_citations": 7, "num_publications_5y": 0, "num_citations_5y": 2, "num_publications_10y": 0, "num_citations_10y": 3, "publications_years": {"1999": 1}, "citations_years": {"2000": 1, "2001": 0, "2002": 0, "2003": 0, "2004": 1, "2005": 0, "2006": 1, "2007": 1, "2008": 0, "2009": 0, "2010": 0, "2011": 0, "2012": 0, "2013": 1, "2014": 0, "2015": 1, "2016": 1}, "old_citations": {"1999": 7}, "isVisible": false}, "Denmark": {"name": "Denmark", "type": "country", "h5_index": 65, "num_publications": 1, "num_citations": 14, "num_publications_5y": 0, "num_citations_5y": 3, "num_publications_10y": 0, "num_citations_10y": 4, "publications_years": {"1999": 1}, "citations_years": {"2000": 1, "2001": 0, "2002": 1, "2003": 1, "2004": 4, "2005": 1, "2006": 0, "2007": 1, "2008": 1, "2009": 0, "2010": 0, "2011": 0, "2012": 0, "2013": 1, "2014": 0, "2015": 1, "2016": 1, "2017": 1}, "old_citations": {"1999": 14}, "isVisible": false}, "Lebanon": {"name": "Lebanon", "type": "country", "h5_index": 25, "num_publications": 1, "num_citations": 8, "num_publications_5y": 0, "num_citations_5y": 0, "num_publications_10y": 0, "num_citations_10y": 0, "publications_years": {"1999": 1}, "citations_years": {"2000": 1, "2001": 1, "2002": 1, "2003": 1, "2004": 2, "2005": 1, "2006": 0, "2007": 1}, "old_citations": {"1999": 8}, "isVisible": false}, "Norway": {"name": "Norway", "type": "country", "h5_index": 56, "num_publications": 1, "num_citations": 14, "num_publications_5y": 0, "num_citations_5y": 0, "num_publications_10y": 0, "num_citations_10y": 0, "publications_years": {"1999": 1}, "citations_years": {"2000": 1, "2001": 4, "2002": 2, "2003": 1, "2004": 0, "2005": 0, "2006": 2, "2007": 3, "2008": 1}, "old_citations": {"1999": 14}, "isVisible": false}, "United Arab Emirates": {"name": "United Arab Emirates", "type": "country", "h5_index": 39, "num_publications": 1, "num_citations": 7, "num_publications_5y": 0, "num_citations_5y": 1, "num_publications_10y": 0, "num_citations_10y": 3, "publications_years": {"1999": 1}, "citations_years": {"2000": 1, "2001": 1, "2002": 1, "2003": 1, "2004": 0, "2005": 0, "2006": 0, "2007": 0, "2008": 0, "2009": 2, "2010": 0, "2011": 0, "2012": 0, "2013": 0, "2014": 1}, "old_citations": {"1999": 7}, "isVisible": false}, "United Kingdom": {"name": "United Kingdom", "type": "country", "h5_index": 172, "num_publications": 1, "num_citations": 6, "num_publications_5y": 0, "num_citations_5y": 1, "num_publications_10y": 0, "num_citations_10y": 4, "publications_years": {"1999": 1}, "citations_years": {"2000": 1, "2001": 1, "2002": 0, "2003": 0, "2004": 0, "2005": 0, "2006": 0, "2007": 0, "2008": 0, "2009": 0, "2010": 0, "2011": 2, "2012": 1, "2013": 0, "2014": 0, "2015": 1}, "old_citations": {"1999": 6}, "isVisible": false}}}, "conference_comparison": {"computer science": {}}, "topics_dna": {"publications": {}, "citations": {"normalized": {}, "average": {}}}, "info": {"num_publications": 30, "num_citations": 612.0, "impact_factor": {}, "publications_years": {"1999": 30}, "citations_years": {"1998": 1, "1999": 3, "2000": 49, "2001": 55, "2002": 51, "2003": 55, "2004": 65, "2005": 49, "2006": 50, "2007": 42, "2008": 33, "2009": 25, "2010": 20, "2011": 22, "2012": 11, "2013": 27, "2014": 13, "2015": 19, "2016": 7, "2017": 4, "2018": 6, "2019": 4, "2020": 1}, "old_citations": {"1999": 612}, "h5_index": 0}, "percentile": {"computer science": {"1999": 94}}, "conference_ranking": {"computer science": {"1999": 226}}, "academia": {"num_publications": 19, "num_citations": 382, "publications_years": {"1999": 19}, "old_citations": {"1999": 382}, "num_publications_5y": 0, "num_citations_5y": 0, "num_publications_10y": 0, "num_citations_10y": 0}, "industry": {"num_publications": 0, "num_citations": 0, "publications_years": {}, "old_citations": {}, "num_publications_5y": 0, "num_citations_5y": 0, "num_publications_10y": 0, "num_citations_10y": 0}, "collaborative": {"num_publications": 0, "num_citations": 0, "publications_years": {}, "old_citations": {}, "num_publications_5y": 0, "num_citations_5y": 0, "num_publications_10y": 0, "num_citations_10y": 0}, "conferences": {}, "journals": {}, "organizations": {"publication_overall": ["Aalborg University", "American University of Beirut", "American University of Sharjah", "Autonomous University of Madrid", "Drexel University", "European Organization for Nuclear Research", "Friedrich Schiller University Jena", "Longwood University", "National Scientific and Technical Research Council", "National University of La Plata", "Norwegian University of Science and Technology", "Oregon Health & Science University", "Polytechnic University of Milan", "Pontifical Catholic University of Chile", "Pontifical Catholic University of Rio de Janeiro", "Universidade Federal de Minas Gerais", "Universita della Svizzera Italiana", "Universitat Polit\u00e8cnica de Catalunya", "University of Bologna", "University of California, San Diego", "University of Freiburg", "University of Geneva", "University of Maine", "University of Manchester", "University of Rostock", "University of Waterloo", "University of West Florida", "Virginia Commonwealth University"], "citation_overall": ["National Scientific and Technical Research Council", "National University of La Plata", "Pontifical Catholic University of Rio de Janeiro", "Polytechnic University of Milan", "Universita della Svizzera Italiana", "Universitat Polit\u00e8cnica de Catalunya", "University of Maine", "University of West Florida", "Autonomous University of Madrid", "Oregon Health & Science University", "University of California, San Diego", "University of Freiburg", "Drexel University", "Aalborg University", "Norwegian University of Science and Technology", "European Organization for Nuclear Research", "University of Waterloo", "American University of Beirut", "University of Geneva", "American University of Sharjah", "Pontifical Catholic University of Chile", "University of Bologna", "Universidade Federal de Minas Gerais", "University of Manchester", "University of Rostock", "Friedrich Schiller University Jena", "Longwood University", "Virginia Commonwealth University"], "publication_10_years": [], "citation_10_years": [], "publication_5_years": [], "citation_5_years": []}, "countries": {"publication_overall": ["United States", "Germany", "Switzerland", "Brazil", "Italy", "Spain", "Argentina", "Canada", "Chile", "Denmark", "Lebanon", "Norway", "United Arab Emirates", "United Kingdom"], "citation_overall": ["Brazil", "Argentina", "United States", "Spain", "Switzerland", "Italy", "Germany", "Denmark", "Norway", "Canada", "Lebanon", "Chile", "United Arab Emirates", "United Kingdom"], "publication_10_years": [], "citation_10_years": [], "publication_5_years": [], "citation_5_years": []}, "topics": {"publication_overall": ["computer science", "computer systems", "database systems", "internet", "artificial intelligence", "world wide web", "knowledge based systems", "software engineering", "query languages", "computer programming", "object oriented programming", "software architecture", "software design", "information retrieval", "relational database", "information systems", "semantics", "engineering", "human computer interaction", "relational data models"], "citation_overall": ["computer science", "computer systems", "database systems", "internet", "world wide web", "information retrieval", "computer programming", "artificial intelligence", "object oriented programming", "software engineering", "human computer interaction", "user interfaces", "knowledge based systems", "query languages", "software architecture", "software design", "hypermedia", "hypermedia systems", "hypertext systems", "web application"], "publication_10_years": [], "citation_10_years": [], "publication_5_years": [], "citation_5_years": []}, "main_topics": ["computer science"], "authors": {"publication_overall": ["2239188769", "4668971", "44067616", "51223934", "57505073", "65453491", "66103918", "91862343", "139822700", "157678263", "162059278", "169157075", "335265768", "347927369", "351592465", "389293225", "497422635", "678245920", "1204760875", "1613380979", "1885471680", "1925526064", "1966656141", "1967392560", "1979122221", "1985569948", "1986521570", "1998466507", "2003245632", "2009195503", "2011471276", "2047708534", "2052267360", "2059594283", "2063859579", "2064546257", "2078346555", "2096526624", "2098786468", "2105718072", "2106500181", "2115003381", "2115813666", "2118015496", "2119015089", "2125292219", "2134411781", "2138312864", "2142397118", "2148782644", "2158658728", "2158934891", "2159644763", "2164270541", "2169166734", "2169501907", "2170161878", "2186162728", "2192981890", "2250777962", "2276877085", "2278280667", "2284723869", "2302381737", "2489734074", "2557879293", "2661278573", "2662557405", "2667714598", "2680134763", "2707140624", "2713351812", "2806039123", "2935876189", "2974286634"], "citation_overall": ["1885471680", "1986521570", "2119015089", "139822700", "678245920", "2047708534", "2115003381", "2192981890", "2278280667", "2239188769", "66103918", "2009195503", "2302381737", "1967392560", "2186162728", "2052267360", "2105718072", "169157075", "2064546257", "91862343", "2003245632", "2118015496", "2138312864", "2148782644", "2276877085", "4668971", "347927369", "2125292219", "2935876189", "1204760875", "1966656141", "2158934891", "2159644763", "389293225", "1979122221", "2059594283", "2158658728", "2170161878", "44067616", "51223934", "157678263", "1613380979", "2011471276", "2063859579", "2078346555", "2661278573", "2713351812", "2974286634", "2115813666", "2284723869", "1925526064", "2134411781", "162059278", "497422635", "1985569948", "2096526624", "2557879293", "57505073", "1998466507", "2142397118", "2169166734", "351592465", "65453491", "2667714598", "2806039123", "2098786468", "2169501907", "2250777962", "335265768", "2164270541", "2680134763", "2106500181", "2489734074", "2662557405", "2707140624"], "publication_10_years": [], "citation_10_years": [], "publication_5_years": [], "citation_5_years": []}, "industrial_sectors": {"publication_overall": [], "citation_overall": [], "publication_10_years": [], "citation_10_years": [], "publication_5_years": [], "citation_5_years": []}}