{"name": "Foundational and Practical Aspects of Resource Analysis", "acronym": "FOPARA", "type": "conference", "uniqueEntities": {"organizations": {"Radboud University Nijmegen": {"name": "Radboud University Nijmegen", "type": "organization", "organization_type": "Education", "h_index": 104, "h5_index": 36, "num_publications": 6, "num_citations": 20, "num_publications_5y": 1, "num_citations_5y": 17, "num_publications_10y": 6, "num_citations_10y": 19, "publications_years": {"2012": 1, "2013": 2, "2011": 2, "2015": 1}, "citations_years": {"2014": 3, "2015": 4, "2016": 0, "2017": 9, "2012": 2, "2013": 0, "2018": 1, "2019": 1}, "old_citations": {"2012": 0, "2013": 10, "2011": 7, "2015": 3}, "isVisible": false}, "Complutense University of Madrid": {"name": "Complutense University of Madrid", "type": "organization", "organization_type": "Education", "h_index": 80, "h5_index": 21, "num_publications": 5, "num_citations": 29, "num_publications_5y": 1, "num_citations_5y": 13, "num_publications_10y": 5, "num_citations_10y": 29, "publications_years": {"2012": 1, "2015": 1, "2011": 1, "2009": 2}, "citations_years": {"2012": 6, "2013": 3, "2014": 3, "2015": 6, "2011": 6, "2016": 3, "2017": 0, "2018": 1, "2010": 1}, "old_citations": {"2012": 0, "2015": 0, "2011": 6, "2009": 23}, "isVisible": false}, "University of Bologna": {"name": "University of Bologna", "type": "organization", "organization_type": "Education", "h_index": 141, "h5_index": 36, "num_publications": 5, "num_citations": 53, "num_publications_5y": 0, "num_citations_5y": 27, "num_publications_10y": 5, "num_citations_10y": 46, "publications_years": {"2013": 2, "2009": 2, "2011": 1}, "citations_years": {"2014": 1, "2015": 9, "2016": 5, "2017": 9, "2009": 3, "2010": 6, "2011": 2, "2012": 5, "2013": 3, "2018": 3, "2019": 7}, "old_citations": {"2013": 19, "2009": 31, "2011": 3}, "isVisible": false}, "Heriot-Watt University": {"name": "Heriot-Watt University", "type": "organization", "organization_type": "Education", "h_index": 73, "h5_index": 22, "num_publications": 3, "num_citations": 5, "num_publications_5y": 0, "num_citations_5y": 1, "num_publications_10y": 3, "num_citations_10y": 5, "publications_years": {"2013": 1, "2009": 2}, "citations_years": {"2010": 2, "2011": 0, "2012": 0, "2013": 2, "2014": 1}, "old_citations": {"2013": 0, "2009": 5}, "isVisible": false}, "Technical University of Madrid": {"name": "Technical University of Madrid", "type": "organization", "organization_type": "Education", "h_index": 89, "h5_index": 28, "num_publications": 3, "num_citations": 39, "num_publications_5y": 1, "num_citations_5y": 29, "num_publications_10y": 3, "num_citations_10y": 36, "publications_years": {"2015": 1, "2011": 1, "2009": 1}, "citations_years": {"2015": 6, "2016": 7, "2017": 8, "2018": 8, "2019": 3, "2011": 3, "2012": 2, "2013": 2, "2014": 0}, "old_citations": {"2015": 20, "2011": 7, "2009": 12}, "isVisible": false}, "The Open University": {"name": "The Open University", "type": "organization", "organization_type": "Education", "h_index": 123, "h5_index": 30, "num_publications": 3, "num_citations": 13, "num_publications_5y": 1, "num_citations_5y": 12, "num_publications_10y": 3, "num_citations_10y": 12, "publications_years": {"2013": 2, "2015": 1}, "citations_years": {"2014": 1, "2015": 2, "2016": 0, "2017": 8, "2018": 1, "2019": 1}, "old_citations": {"2013": 10, "2015": 3}, "isVisible": false}, "University of St Andrews": {"name": "University of St Andrews", "type": "organization", "organization_type": "Education", "h_index": 73, "h5_index": 17, "num_publications": 3, "num_citations": 5, "num_publications_5y": 1, "num_citations_5y": 2, "num_publications_10y": 3, "num_citations_10y": 5, "publications_years": {"2009": 1, "2011": 1, "2015": 1}, "citations_years": {"2010": 2, "2011": 0, "2012": 0, "2013": 1, "2014": 1, "2018": 1}, "old_citations": {"2009": 4, "2011": 0, "2015": 1}, "isVisible": false}, "Madrid Institute for Advanced Studies": {"name": "Madrid Institute for Advanced Studies", "type": "organization", "organization_type": "Education", "h_index": 54, "h5_index": 27, "num_publications": 2, "num_citations": 27, "num_publications_5y": 1, "num_citations_5y": 24, "num_publications_10y": 2, "num_citations_10y": 24, "publications_years": {"2015": 1, "2011": 1}, "citations_years": {"2015": 3, "2016": 6, "2017": 8, "2018": 7, "2019": 3}, "old_citations": {"2015": 20, "2011": 7}, "isVisible": false}, "Paris Diderot University": {"name": "Paris Diderot University", "type": "organization", "organization_type": "Education", "h_index": 38, "h5_index": 16, "num_publications": 2, "num_citations": 19, "num_publications_5y": 0, "num_citations_5y": 8, "num_publications_10y": 2, "num_citations_10y": 12, "publications_years": {"2011": 1, "2013": 1}, "citations_years": {"2012": 1, "2013": 3, "2014": 0, "2015": 3, "2016": 4, "2017": 1, "2018": 0, "2019": 7}, "old_citations": {"2011": 7, "2013": 12}, "isVisible": false}, "Roskilde University": {"name": "Roskilde University", "type": "organization", "organization_type": "Education", "h_index": 43, "h5_index": 8, "num_publications": 2, "num_citations": 20, "num_publications_5y": 2, "num_citations_5y": 17, "num_publications_10y": 2, "num_citations_10y": 17, "publications_years": {"2015": 2}, "citations_years": {"2015": 1, "2016": 5, "2017": 6, "2018": 5, "2019": 3}, "old_citations": {"2015": 20}, "isVisible": false}, "Spanish National Research Council": {"name": "Spanish National Research Council", "type": "organization", "organization_type": "Government", "h_index": 100, "h5_index": 31, "num_publications": 2, "num_citations": 27, "num_publications_5y": 1, "num_citations_5y": 24, "num_publications_10y": 2, "num_citations_10y": 24, "publications_years": {"2015": 1, "2011": 1}, "citations_years": {"2015": 3, "2016": 6, "2017": 8, "2018": 7, "2019": 3}, "old_citations": {"2015": 20, "2011": 7}, "isVisible": false}, "University of Edinburgh": {"name": "University of Edinburgh", "type": "organization", "organization_type": "Education", "h_index": 198, "h5_index": 57, "num_publications": 2, "num_citations": 13, "num_publications_5y": 0, "num_citations_5y": 7, "num_publications_10y": 2, "num_citations_10y": 8, "publications_years": {"2009": 1, "2013": 1}, "citations_years": {"2013": 1, "2015": 2, "2016": 4, "2017": 1, "2018": 0, "2019": 5}, "old_citations": {"2009": 1, "2013": 12}, "isVisible": false}, "Alexandria University": {"name": "Alexandria University", "type": "organization", "organization_type": "Education", "h_index": 43, "h5_index": 14, "num_publications": 1, "num_citations": 2, "num_publications_5y": 0, "num_citations_5y": 0, "num_publications_10y": 1, "num_citations_10y": 2, "publications_years": {"2009": 1}, "citations_years": {"2012": 1, "2013": 1}, "old_citations": {"2009": 2}, "isVisible": false}, "Alexandru Ioan Cuza University": {"name": "Alexandru Ioan Cuza University", "type": "organization", "organization_type": "Education", "h_index": 18, "h5_index": 6, "num_publications": 1, "num_citations": 4, "num_publications_5y": 0, "num_citations_5y": 2, "num_publications_10y": 1, "num_citations_10y": 4, "publications_years": {"2011": 1}, "citations_years": {"2013": 2, "2014": 1, "2015": 1}, "old_citations": {"2011": 4}, "isVisible": false}, "Carnegie Mellon University": {"name": "Carnegie Mellon University", "type": "organization", "organization_type": "Education", "h_index": 441, "h5_index": 107, "num_publications": 1, "num_citations": 3, "num_publications_5y": 1, "num_citations_5y": 3, "num_publications_10y": 1, "num_citations_10y": 3, "publications_years": {"2015": 1}, "citations_years": {"2017": 2, "2018": 1}, "old_citations": {"2015": 3}, "isVisible": false}, "French Institute for Research in Computer Science and Automation": {"name": "French Institute for Research in Computer Science and Automation", "type": "organization", "organization_type": "Government", "h_index": 247, "h5_index": 53, "num_publications": 1, "num_citations": 12, "num_publications_5y": 0, "num_citations_5y": 7, "num_publications_10y": 1, "num_citations_10y": 7, "publications_years": {"2013": 1}, "citations_years": {"2015": 2, "2016": 4, "2017": 1, "2018": 0, "2019": 5}, "old_citations": {"2013": 12}, "isVisible": false}, "Imperial College London": {"name": "Imperial College London", "type": "organization", "organization_type": "Education", "h_index": 180, "h5_index": 75, "num_publications": 1, "num_citations": 2, "num_publications_5y": 0, "num_citations_5y": 1, "num_publications_10y": 1, "num_citations_10y": 2, "publications_years": {"2013": 1}, "citations_years": {"2013": 1, "2014": 1}, "old_citations": {"2013": 2}, "isVisible": false}, "Max Planck Society": {"name": "Max Planck Society", "type": "organization", "organization_type": "Nonprofit", "h_index": 248, "h5_index": 87, "num_publications": 1, "num_citations": 3, "num_publications_5y": 0, "num_citations_5y": 2, "num_publications_10y": 1, "num_citations_10y": 2, "publications_years": {"2013": 1}, "citations_years": {"2015": 1, "2016": 0, "2017": 1, "2018": 0, "2019": 1}, "old_citations": {"2013": 3}, "isVisible": false}, "Open University in the Netherlands": {"name": "Open University in the Netherlands", "type": "organization", "organization_type": "Education", "h_index": 24, "h5_index": 7, "num_publications": 1, "num_citations": 0, "num_publications_5y": 1, "num_citations_5y": 0, "num_publications_10y": 1, "num_citations_10y": 0, "publications_years": {"2016": 1}, "citations_years": {}, "old_citations": {"2016": 0}, "isVisible": false}, "Polytechnic University of Turin": {"name": "Polytechnic University of Turin", "type": "organization", "organization_type": "Education", "h_index": 108, "h5_index": 31, "num_publications": 1, "num_citations": 3, "num_publications_5y": 0, "num_citations_5y": 1, "num_publications_10y": 1, "num_citations_10y": 2, "publications_years": {"2011": 1}, "citations_years": {"2013": 1, "2014": 0, "2015": 1, "2016": 0, "2017": 0, "2018": 0, "2019": 1}, "old_citations": {"2011": 3}, "isVisible": false}, "University of Bristol": {"name": "University of Bristol", "type": "organization", "organization_type": "Education", "h_index": 130, "h5_index": 40, "num_publications": 1, "num_citations": 20, "num_publications_5y": 1, "num_citations_5y": 17, "num_publications_10y": 1, "num_citations_10y": 17, "publications_years": {"2015": 1}, "citations_years": {"2015": 1, "2016": 5, "2017": 6, "2018": 5, "2019": 3}, "old_citations": {"2015": 20}, "isVisible": false}, "University of Porto": {"name": "University of Porto", "type": "organization", "organization_type": "Education", "h_index": 76, "h5_index": 27, "num_publications": 1, "num_citations": 2, "num_publications_5y": 0, "num_citations_5y": 1, "num_publications_10y": 1, "num_citations_10y": 2, "publications_years": {"2011": 1}, "citations_years": {"2013": 1, "2014": 0, "2015": 1}, "old_citations": {"2011": 2}, "isVisible": false}, "University of Verona": {"name": "University of Verona", "type": "organization", "organization_type": "Education", "h_index": 58, "h5_index": 20, "num_publications": 1, "num_citations": 2, "num_publications_5y": 0, "num_citations_5y": 1, "num_publications_10y": 1, "num_citations_10y": 2, "publications_years": {"2013": 1}, "citations_years": {"2013": 1, "2014": 1}, "old_citations": {"2013": 2}, "isVisible": false}}, "topics": {"computer science": {"name": "computer science", "type": "topic", "h_index": 1779, "h5_index": 416, "num_publications": 33, "num_citations": 156, "num_publications_5y": 6, "num_citations_5y": 84, "num_publications_10y": 33, "num_citations_10y": 142, "publications_years": {"2009": 9, "2013": 8, "2015": 5, "2012": 1, "2011": 9, "2016": 1}, "citations_years": {"2012": 15, "2013": 21, "2010": 10, "2011": 9, "2014": 11, "2015": 24, "2016": 14, "2017": 21, "2018": 14, "2019": 14, "2009": 3}, "old_citations": {"2009": 74, "2013": 25, "2015": 24, "2012": 0, "2011": 33, "2016": 0}, "isVisible": false}, "computer systems": {"name": "computer systems", "type": "topic", "h_index": 1595, "h5_index": 367, "num_publications": 27, "num_citations": 121, "num_publications_5y": 6, "num_citations_5y": 72, "num_publications_10y": 27, "num_citations_10y": 111, "publications_years": {"2009": 7, "2013": 8, "2015": 5, "2011": 6, "2016": 1}, "citations_years": {"2012": 10, "2013": 11, "2010": 10, "2011": 5, "2014": 7, "2015": 18, "2016": 13, "2017": 21, "2018": 13, "2019": 10, "2009": 3}, "old_citations": {"2009": 52, "2013": 25, "2015": 24, "2011": 20, "2016": 0}, "isVisible": false}, "artificial intelligence": {"name": "artificial intelligence", "type": "topic", "h_index": 1421, "h5_index": 373, "num_publications": 22, "num_citations": 108, "num_publications_5y": 1, "num_citations_5y": 51, "num_publications_10y": 22, "num_citations_10y": 98, "publications_years": {"2009": 7, "2013": 5, "2012": 1, "2011": 8, "2015": 1}, "citations_years": {"2012": 11, "2013": 18, "2010": 10, "2011": 5, "2014": 9, "2015": 15, "2016": 8, "2017": 12, "2018": 7, "2019": 10, "2009": 3}, "old_citations": {"2009": 58, "2013": 22, "2012": 0, "2011": 27, "2015": 1}, "isVisible": false}, "computer programming": {"name": "computer programming", "type": "topic", "h_index": 873, "h5_index": 186, "num_publications": 21, "num_citations": 100, "num_publications_5y": 3, "num_citations_5y": 64, "num_publications_10y": 21, "num_citations_10y": 88, "publications_years": {"2013": 8, "2015": 3, "2009": 2, "2011": 8}, "citations_years": {"2015": 15, "2016": 12, "2017": 18, "2018": 9, "2019": 12, "2011": 4, "2012": 7, "2013": 12, "2014": 10, "2010": 1}, "old_citations": {"2013": 25, "2015": 24, "2009": 21, "2011": 30}, "isVisible": false}, "computer programming languages": {"name": "computer programming languages", "type": "topic", "h_index": 746, "h5_index": 154, "num_publications": 21, "num_citations": 100, "num_publications_5y": 3, "num_citations_5y": 64, "num_publications_10y": 21, "num_citations_10y": 88, "publications_years": {"2013": 8, "2015": 3, "2009": 2, "2011": 8}, "citations_years": {"2015": 15, "2016": 12, "2017": 18, "2018": 9, "2019": 12, "2011": 4, "2012": 7, "2013": 12, "2014": 10, "2010": 1}, "old_citations": {"2013": 25, "2015": 24, "2009": 21, "2011": 30}, "isVisible": false}, "distributed computer systems": {"name": "distributed computer systems", "type": "topic", "h_index": 985, "h5_index": 228, "num_publications": 18, "num_citations": 70, "num_publications_5y": 4, "num_citations_5y": 44, "num_publications_10y": 18, "num_citations_10y": 61, "publications_years": {"2015": 3, "2013": 6, "2009": 3, "2011": 5, "2016": 1}, "citations_years": {"2015": 9, "2016": 11, "2017": 11, "2018": 7, "2019": 9, "2010": 3, "2011": 3, "2012": 4, "2013": 7, "2014": 6}, "old_citations": {"2015": 24, "2013": 17, "2009": 16, "2011": 13, "2016": 0}, "isVisible": false}, "distributed systems": {"name": "distributed systems", "type": "topic", "h_index": 859, "h5_index": 209, "num_publications": 18, "num_citations": 70, "num_publications_5y": 4, "num_citations_5y": 44, "num_publications_10y": 18, "num_citations_10y": 61, "publications_years": {"2015": 3, "2013": 6, "2009": 3, "2011": 5, "2016": 1}, "citations_years": {"2015": 9, "2016": 11, "2017": 11, "2018": 7, "2019": 9, "2010": 3, "2011": 3, "2012": 4, "2013": 7, "2014": 6}, "old_citations": {"2015": 24, "2013": 17, "2009": 16, "2011": 13, "2016": 0}, "isVisible": false}, "parallel processing systems": {"name": "parallel processing systems", "type": "topic", "h_index": 845, "h5_index": 208, "num_publications": 18, "num_citations": 70, "num_publications_5y": 4, "num_citations_5y": 44, "num_publications_10y": 18, "num_citations_10y": 61, "publications_years": {"2015": 3, "2013": 6, "2009": 3, "2011": 5, "2016": 1}, "citations_years": {"2015": 9, "2016": 11, "2017": 11, "2018": 7, "2019": 9, "2010": 3, "2011": 3, "2012": 4, "2013": 7, "2014": 6}, "old_citations": {"2015": 24, "2013": 17, "2009": 16, "2011": 13, "2016": 0}, "isVisible": false}, "software engineering": {"name": "software engineering", "type": "topic", "h_index": 964, "h5_index": 236, "num_publications": 17, "num_citations": 89, "num_publications_5y": 3, "num_citations_5y": 55, "num_publications_10y": 17, "num_citations_10y": 79, "publications_years": {"2009": 3, "2013": 6, "2015": 3, "2011": 5}, "citations_years": {"2010": 2, "2011": 6, "2012": 5, "2013": 11, "2014": 4, "2015": 14, "2016": 13, "2017": 14, "2018": 10, "2019": 10}, "old_citations": {"2009": 26, "2013": 22, "2015": 21, "2011": 20}, "isVisible": false}, "mathematics": {"name": "mathematics", "type": "topic", "h_index": 1364, "h5_index": 300, "num_publications": 15, "num_citations": 94, "num_publications_5y": 4, "num_citations_5y": 46, "num_publications_10y": 15, "num_citations_10y": 86, "publications_years": {"2009": 5, "2015": 3, "2011": 4, "2016": 1, "2013": 2}, "citations_years": {"2012": 13, "2013": 13, "2015": 12, "2016": 7, "2017": 11, "2018": 9, "2019": 8, "2011": 5, "2014": 7, "2009": 3, "2010": 6}, "old_citations": {"2009": 52, "2015": 20, "2011": 17, "2016": 0, "2013": 5}, "isVisible": false}, "embedded systems": {"name": "embedded systems", "type": "topic", "h_index": 799, "h5_index": 168, "num_publications": 14, "num_citations": 69, "num_publications_5y": 3, "num_citations_5y": 48, "num_publications_10y": 14, "num_citations_10y": 61, "publications_years": {"2013": 5, "2015": 3, "2011": 4, "2009": 2}, "citations_years": {"2015": 10, "2016": 12, "2017": 14, "2018": 8, "2019": 8, "2010": 3, "2011": 3, "2012": 2, "2013": 5, "2014": 4}, "old_citations": {"2013": 20, "2015": 21, "2011": 13, "2009": 15}, "isVisible": false}, "formal logic": {"name": "formal logic", "type": "topic", "h_index": 532, "h5_index": 93, "num_publications": 14, "num_citations": 69, "num_publications_5y": 1, "num_citations_5y": 37, "num_publications_10y": 14, "num_citations_10y": 61, "publications_years": {"2009": 4, "2013": 4, "2011": 5, "2015": 1}, "citations_years": {"2012": 6, "2013": 12, "2010": 2, "2011": 4, "2014": 7, "2015": 10, "2016": 7, "2017": 9, "2018": 4, "2019": 8}, "old_citations": {"2009": 26, "2013": 20, "2011": 22, "2015": 1}, "isVisible": false}, "program compilers": {"name": "program compilers", "type": "topic", "h_index": 531, "h5_index": 104, "num_publications": 14, "num_citations": 64, "num_publications_5y": 3, "num_citations_5y": 42, "num_publications_10y": 14, "num_citations_10y": 55, "publications_years": {"2015": 3, "2013": 6, "2011": 4, "2009": 1}, "citations_years": {"2015": 9, "2016": 11, "2017": 10, "2018": 7, "2019": 9, "2012": 4, "2013": 5, "2014": 5, "2010": 1, "2011": 3}, "old_citations": {"2015": 24, "2013": 17, "2011": 12, "2009": 11}, "isVisible": false}, "software design": {"name": "software design", "type": "topic", "h_index": 907, "h5_index": 227, "num_publications": 13, "num_citations": 75, "num_publications_5y": 3, "num_citations_5y": 47, "num_publications_10y": 13, "num_citations_10y": 70, "publications_years": {"2009": 3, "2013": 3, "2015": 3, "2011": 4}, "citations_years": {"2010": 2, "2011": 6, "2012": 5, "2013": 10, "2014": 3, "2015": 12, "2016": 9, "2017": 13, "2018": 10, "2019": 5}, "old_citations": {"2009": 26, "2013": 8, "2015": 21, "2011": 20}, "isVisible": false}, "database systems": {"name": "database systems", "type": "topic", "h_index": 1167, "h5_index": 276, "num_publications": 12, "num_citations": 55, "num_publications_5y": 2, "num_citations_5y": 21, "num_publications_10y": 12, "num_citations_10y": 53, "publications_years": {"2009": 6, "2015": 1, "2013": 2, "2011": 2, "2016": 1}, "citations_years": {"2012": 8, "2013": 6, "2010": 10, "2011": 5, "2014": 2, "2015": 7, "2016": 3, "2017": 5, "2018": 4, "2009": 3, "2019": 2}, "old_citations": {"2009": 51, "2015": 0, "2013": 3, "2011": 1, "2016": 0}, "isVisible": false}, "linguistics": {"name": "linguistics", "type": "topic", "h_index": 867, "h5_index": 206, "num_publications": 12, "num_citations": 40, "num_publications_5y": 1, "num_citations_5y": 20, "num_publications_10y": 12, "num_citations_10y": 36, "publications_years": {"2009": 3, "2013": 4, "2011": 4, "2015": 1}, "citations_years": {"2012": 4, "2013": 7, "2010": 2, "2011": 3, "2014": 1, "2015": 7, "2016": 3, "2017": 5, "2018": 4, "2019": 4}, "old_citations": {"2009": 16, "2013": 4, "2011": 17, "2015": 3}, "isVisible": false}, "computer hardware": {"name": "computer hardware", "type": "topic", "h_index": 1150, "h5_index": 279, "num_publications": 11, "num_citations": 56, "num_publications_5y": 3, "num_citations_5y": 43, "num_publications_10y": 11, "num_citations_10y": 53, "publications_years": {"2013": 3, "2015": 3, "2011": 4, "2009": 1}, "citations_years": {"2015": 8, "2016": 8, "2017": 15, "2018": 9, "2019": 3, "2014": 3, "2013": 4, "2010": 1, "2011": 3, "2012": 2}, "old_citations": {"2013": 8, "2015": 24, "2011": 13, "2009": 11}, "isVisible": false}, "object oriented programming": {"name": "object oriented programming", "type": "topic", "h_index": 636, "h5_index": 129, "num_publications": 11, "num_citations": 57, "num_publications_5y": 2, "num_citations_5y": 41, "num_publications_10y": 11, "num_citations_10y": 53, "publications_years": {"2013": 3, "2015": 2, "2011": 5, "2009": 1}, "citations_years": {"2015": 10, "2016": 8, "2017": 11, "2018": 8, "2019": 4, "2012": 4, "2013": 4, "2014": 4, "2010": 1, "2011": 3}, "old_citations": {"2013": 4, "2015": 23, "2011": 19, "2009": 11}, "isVisible": false}, "engineering": {"name": "engineering", "type": "topic", "h_index": 1177, "h5_index": 287, "num_publications": 10, "num_citations": 51, "num_publications_5y": 2, "num_citations_5y": 40, "num_publications_10y": 10, "num_citations_10y": 48, "publications_years": {"2013": 2, "2015": 2, "2011": 5, "2009": 1}, "citations_years": {"2015": 9, "2016": 6, "2017": 13, "2018": 7, "2019": 3, "2010": 2, "2011": 0, "2012": 2, "2013": 4, "2014": 5}, "old_citations": {"2013": 8, "2015": 20, "2011": 19, "2009": 4}, "isVisible": false}, "semantics": {"name": "semantics", "type": "topic", "h_index": 803, "h5_index": 226, "num_publications": 10, "num_citations": 41, "num_publications_5y": 1, "num_citations_5y": 18, "num_publications_10y": 10, "num_citations_10y": 37, "publications_years": {"2009": 3, "2013": 3, "2011": 3, "2015": 1}, "citations_years": {"2010": 2, "2011": 4, "2012": 3, "2013": 10, "2014": 3, "2015": 8, "2016": 2, "2017": 3, "2018": 2, "2019": 4}, "old_citations": {"2009": 18, "2013": 6, "2011": 14, "2015": 3}, "isVisible": false}, "software quality": {"name": "software quality", "type": "topic", "h_index": 534, "h5_index": 122, "num_publications": 10, "num_citations": 70, "num_publications_5y": 2, "num_citations_5y": 44, "num_publications_10y": 10, "num_citations_10y": 65, "publications_years": {"2009": 3, "2015": 2, "2013": 2, "2011": 3}, "citations_years": {"2010": 2, "2011": 6, "2012": 5, "2013": 8, "2014": 2, "2015": 10, "2016": 9, "2017": 13, "2018": 10, "2019": 5}, "old_citations": {"2009": 26, "2015": 21, "2013": 7, "2011": 16}, "isVisible": false}, "verification and validation": {"name": "verification and validation", "type": "topic", "h_index": 462, "h5_index": 112, "num_publications": 10, "num_citations": 70, "num_publications_5y": 2, "num_citations_5y": 44, "num_publications_10y": 10, "num_citations_10y": 65, "publications_years": {"2009": 3, "2015": 2, "2013": 2, "2011": 3}, "citations_years": {"2010": 2, "2011": 6, "2012": 5, "2013": 8, "2014": 2, "2015": 10, "2016": 9, "2017": 13, "2018": 10, "2019": 5}, "old_citations": {"2009": 26, "2015": 21, "2013": 7, "2011": 16}, "isVisible": false}, "verification": {"name": "verification", "type": "topic", "h_index": 381, "h5_index": 85, "num_publications": 9, "num_citations": 68, "num_publications_5y": 2, "num_citations_5y": 43, "num_publications_10y": 9, "num_citations_10y": 63, "publications_years": {"2009": 3, "2015": 2, "2013": 2, "2011": 2}, "citations_years": {"2010": 2, "2011": 6, "2012": 5, "2013": 7, "2014": 2, "2015": 9, "2016": 9, "2017": 13, "2018": 10, "2019": 5}, "old_citations": {"2009": 26, "2015": 21, "2013": 7, "2011": 14}, "isVisible": false}, "economics": {"name": "economics", "type": "topic", "h_index": 583, "h5_index": 144, "num_publications": 4, "num_citations": 66, "num_publications_5y": 1, "num_citations_5y": 33, "num_publications_10y": 4, "num_citations_10y": 60, "publications_years": {"2015": 1, "2011": 1, "2009": 2}, "citations_years": {"2015": 8, "2016": 7, "2017": 9, "2018": 9, "2019": 6, "2012": 8, "2013": 6, "2014": 0, "2009": 3, "2010": 6, "2011": 4}, "old_citations": {"2015": 20, "2011": 7, "2009": 39}, "isVisible": false}, "correlation analysis": {"name": "correlation analysis", "type": "topic", "h_index": 1044, "h5_index": 224, "num_publications": 9, "num_citations": 60, "num_publications_5y": 3, "num_citations_5y": 35, "num_publications_10y": 9, "num_citations_10y": 55, "publications_years": {"2015": 2, "2009": 2, "2011": 2, "2016": 1, "2013": 2}, "citations_years": {"2015": 7, "2016": 6, "2017": 11, "2018": 8, "2019": 5, "2009": 3, "2010": 6, "2011": 1, "2012": 7, "2013": 3, "2014": 3}, "old_citations": {"2015": 20, "2009": 28, "2011": 7, "2016": 0, "2013": 5}, "isVisible": false}, "computer networks": {"name": "computer networks", "type": "topic", "h_index": 1262, "h5_index": 332, "num_publications": 9, "num_citations": 43, "num_publications_5y": 3, "num_citations_5y": 35, "num_publications_10y": 9, "num_citations_10y": 40, "publications_years": {"2015": 2, "2011": 3, "2009": 1, "2013": 2, "2016": 1}, "citations_years": {"2015": 5, "2016": 6, "2017": 14, "2018": 7, "2019": 3, "2010": 2, "2011": 0, "2012": 0, "2013": 3, "2014": 3}, "old_citations": {"2015": 20, "2011": 12, "2009": 4, "2013": 7, "2016": 0}, "isVisible": false}, "telecommunication systems": {"name": "telecommunication systems", "type": "topic", "h_index": 1187, "h5_index": 277, "num_publications": 9, "num_citations": 43, "num_publications_5y": 3, "num_citations_5y": 35, "num_publications_10y": 9, "num_citations_10y": 40, "publications_years": {"2015": 2, "2011": 3, "2009": 1, "2013": 2, "2016": 1}, "citations_years": {"2015": 5, "2016": 6, "2017": 14, "2018": 7, "2019": 3, "2010": 2, "2011": 0, "2012": 0, "2013": 3, "2014": 3}, "old_citations": {"2015": 20, "2011": 12, "2009": 4, "2013": 7, "2016": 0}, "isVisible": false}, "cloud computing": {"name": "cloud computing", "type": "topic", "h_index": 514, "h5_index": 140, "num_publications": 6, "num_citations": 5, "num_publications_5y": 2, "num_citations_5y": 2, "num_publications_10y": 6, "num_citations_10y": 5, "publications_years": {"2009": 1, "2013": 2, "2011": 1, "2016": 1, "2015": 1}, "citations_years": {"2010": 2, "2011": 0, "2012": 0, "2013": 1, "2014": 1, "2017": 1}, "old_citations": {"2009": 4, "2013": 0, "2011": 1, "2016": 0, "2015": 0}, "isVisible": false}, "computing resource": {"name": "computing resource", "type": "topic", "h_index": 326, "h5_index": 110, "num_publications": 5, "num_citations": 5, "num_publications_5y": 2, "num_citations_5y": 2, "num_publications_10y": 5, "num_citations_10y": 5, "publications_years": {"2009": 1, "2011": 1, "2016": 1, "2013": 1, "2015": 1}, "citations_years": {"2010": 2, "2011": 0, "2012": 0, "2013": 1, "2014": 1, "2017": 1}, "old_citations": {"2009": 4, "2011": 1, "2016": 0, "2013": 0, "2015": 0}, "isVisible": false}, "grid computing": {"name": "grid computing", "type": "topic", "h_index": 461, "h5_index": 122, "num_publications": 3, "num_citations": 5, "num_publications_5y": 1, "num_citations_5y": 2, "num_publications_10y": 3, "num_citations_10y": 5, "publications_years": {"2009": 1, "2011": 1, "2016": 1}, "citations_years": {"2010": 2, "2011": 0, "2012": 0, "2013": 1, "2014": 1, "2017": 1}, "old_citations": {"2009": 4, "2011": 1, "2016": 0}, "isVisible": false}, "information management": {"name": "information management", "type": "topic", "h_index": 462, "h5_index": 109, "num_publications": 3, "num_citations": 5, "num_publications_5y": 1, "num_citations_5y": 2, "num_publications_10y": 3, "num_citations_10y": 5, "publications_years": {"2009": 1, "2011": 1, "2016": 1}, "citations_years": {"2010": 2, "2011": 0, "2012": 0, "2013": 1, "2014": 1, "2017": 1}, "old_citations": {"2009": 4, "2011": 1, "2016": 0}, "isVisible": false}, "information technology": {"name": "information technology", "type": "topic", "h_index": 696, "h5_index": 149, "num_publications": 3, "num_citations": 5, "num_publications_5y": 1, "num_citations_5y": 2, "num_publications_10y": 3, "num_citations_10y": 5, "publications_years": {"2009": 1, "2011": 1, "2016": 1}, "citations_years": {"2010": 2, "2011": 0, "2012": 0, "2013": 1, "2014": 1, "2017": 1}, "old_citations": {"2009": 4, "2011": 1, "2016": 0}, "isVisible": false}, "internet": {"name": "internet", "type": "topic", "h_index": 1102, "h5_index": 245, "num_publications": 4, "num_citations": 5, "num_publications_5y": 1, "num_citations_5y": 2, "num_publications_10y": 4, "num_citations_10y": 5, "publications_years": {"2009": 1, "2011": 1, "2016": 1, "2013": 1}, "citations_years": {"2010": 2, "2011": 0, "2012": 0, "2013": 1, "2014": 1, "2017": 1}, "old_citations": {"2009": 4, "2011": 1, "2016": 0, "2013": 0}, "isVisible": false}, "network architecture": {"name": "network architecture", "type": "topic", "h_index": 747, "h5_index": 266, "num_publications": 5, "num_citations": 25, "num_publications_5y": 2, "num_citations_5y": 19, "num_publications_10y": 5, "num_citations_10y": 22, "publications_years": {"2015": 1, "2009": 1, "2011": 1, "2016": 1, "2013": 1}, "citations_years": {"2015": 1, "2016": 5, "2017": 7, "2018": 5, "2019": 3, "2010": 2, "2011": 0, "2012": 0, "2013": 1, "2014": 1}, "old_citations": {"2015": 20, "2009": 4, "2011": 1, "2016": 0, "2013": 0}, "isVisible": false}, "network management": {"name": "network management", "type": "topic", "h_index": 376, "h5_index": 90, "num_publications": 4, "num_citations": 5, "num_publications_5y": 1, "num_citations_5y": 2, "num_publications_10y": 4, "num_citations_10y": 5, "publications_years": {"2009": 1, "2011": 1, "2016": 1, "2013": 1}, "citations_years": {"2010": 2, "2011": 0, "2012": 0, "2013": 1, "2014": 1, "2017": 1}, "old_citations": {"2009": 4, "2011": 1, "2016": 0, "2013": 0}, "isVisible": false}, "network virtualization": {"name": "network virtualization", "type": "topic", "h_index": 184, "h5_index": 52, "num_publications": 4, "num_citations": 5, "num_publications_5y": 1, "num_citations_5y": 2, "num_publications_10y": 4, "num_citations_10y": 5, "publications_years": {"2009": 1, "2011": 1, "2016": 1, "2013": 1}, "citations_years": {"2010": 2, "2011": 0, "2012": 0, "2013": 1, "2014": 1, "2017": 1}, "old_citations": {"2009": 4, "2011": 1, "2016": 0, "2013": 0}, "isVisible": false}, "peer-to-peer": {"name": "peer-to-peer", "type": "topic", "h_index": 359, "h5_index": 102, "num_publications": 3, "num_citations": 5, "num_publications_5y": 1, "num_citations_5y": 2, "num_publications_10y": 3, "num_citations_10y": 5, "publications_years": {"2009": 1, "2011": 1, "2016": 1}, "citations_years": {"2010": 2, "2011": 0, "2012": 0, "2013": 1, "2014": 1, "2017": 1}, "old_citations": {"2009": 4, "2011": 1, "2016": 0}, "isVisible": false}, "resource discovery": {"name": "resource discovery", "type": "topic", "h_index": 154, "h5_index": 33, "num_publications": 3, "num_citations": 5, "num_publications_5y": 1, "num_citations_5y": 2, "num_publications_10y": 3, "num_citations_10y": 5, "publications_years": {"2009": 1, "2011": 1, "2016": 1}, "citations_years": {"2010": 2, "2011": 0, "2012": 0, "2013": 1, "2014": 1, "2017": 1}, "old_citations": {"2009": 4, "2011": 1, "2016": 0}, "isVisible": false}}, "authors": {"28146818": {"name": "olha shkaravska", "type": "author", "activity": 11, "h_index": 8, "h5_index": 0, "mag_id": "28146818", "num_publications": 3, "num_citations": 9, "num_publications_5y": 0, "num_citations_5y": 6, "num_publications_10y": 3, "num_citations_10y": 8, "publications_years": {"2012": 1, "2011": 1, "2013": 1}, "citations_years": {"2012": 2, "2013": 0, "2014": 2, "2015": 3, "2016": 0, "2017": 1, "2018": 0, "2019": 1}, "old_citations": {"2012": 0, "2011": 6, "2013": 3}, "isVisible": false}, "1967713760": {"name": "rody kersten", "type": "author", "activity": 11, "h_index": 6, "h5_index": 4, "mag_id": "1967713760", "num_publications": 3, "num_citations": 11, "num_publications_5y": 1, "num_citations_5y": 11, "num_publications_10y": 3, "num_citations_10y": 11, "publications_years": {"2013": 1, "2011": 1, "2015": 1}, "citations_years": {"2014": 1, "2015": 1, "2016": 0, "2017": 8, "2018": 1}, "old_citations": {"2013": 7, "2011": 1, "2015": 3}, "isVisible": false}, "1979340251": {"name": "ricardo pena", "type": "author", "activity": 30, "h_index": 12, "h5_index": 1, "mag_id": "1979340251", "num_publications": 3, "num_citations": 17, "num_publications_5y": 0, "num_citations_5y": 8, "num_publications_10y": 3, "num_citations_10y": 17, "publications_years": {"2012": 1, "2011": 1, "2009": 1}, "citations_years": {"2012": 4, "2013": 1, "2014": 3, "2015": 3, "2010": 1, "2011": 3, "2016": 2}, "old_citations": {"2012": 0, "2011": 6, "2009": 11}, "isVisible": false}, "2016028299": {"name": "hanswolfgang loidl", "type": "author", "activity": 24, "h_index": 15, "h5_index": 2, "mag_id": "2016028299", "num_publications": 3, "num_citations": 5, "num_publications_5y": 0, "num_citations_5y": 1, "num_publications_10y": 3, "num_citations_10y": 5, "publications_years": {"2013": 1, "2009": 2}, "citations_years": {"2010": 2, "2011": 0, "2012": 0, "2013": 2, "2014": 1}, "old_citations": {"2013": 0, "2009": 5}, "isVisible": false}, "2951543101": {"name": "romain pechoux", "type": "author", "activity": 8, "h_index": 5, "h5_index": 0, "mag_id": "2951543101", "num_publications": 3, "num_citations": 4, "num_publications_5y": 0, "num_citations_5y": 2, "num_publications_10y": 3, "num_citations_10y": 4, "publications_years": {"2013": 2, "2009": 1}, "citations_years": {"2011": 1, "2012": 0, "2013": 1, "2014": 0, "2015": 2}, "old_citations": {"2013": 0, "2009": 4}, "isVisible": false}, "2973418313": {"name": "marko c j d van eekelen", "type": "author", "activity": 7, "h_index": 3, "h5_index": 1, "mag_id": "2973418313", "num_publications": 3, "num_citations": 13, "num_publications_5y": 1, "num_citations_5y": 12, "num_publications_10y": 3, "num_citations_10y": 12, "publications_years": {"2013": 2, "2015": 1}, "citations_years": {"2014": 1, "2015": 2, "2016": 0, "2017": 8, "2018": 1, "2019": 1}, "old_citations": {"2013": 10, "2015": 3}, "isVisible": false}, "72056530": {"name": "roberto m amadio", "type": "author", "activity": 6, "h_index": 5, "h5_index": 0, "mag_id": "72056530", "num_publications": 2, "num_citations": 19, "num_publications_5y": 0, "num_citations_5y": 8, "num_publications_10y": 2, "num_citations_10y": 12, "publications_years": {"2011": 1, "2013": 1}, "citations_years": {"2012": 1, "2013": 3, "2014": 0, "2015": 3, "2016": 4, "2017": 1, "2018": 0, "2019": 7}, "old_citations": {"2011": 7, "2013": 12}, "isVisible": false}, "204554731": {"name": "irina m\u0103riuca as\u0103voae", "type": "author", "activity": 6, "h_index": 4, "h5_index": 0, "mag_id": "204554731", "num_publications": 2, "num_citations": 5, "num_publications_5y": 0, "num_citations_5y": 3, "num_publications_10y": 2, "num_citations_10y": 5, "publications_years": {"2013": 1, "2011": 1}, "citations_years": {"2015": 2, "2013": 2, "2014": 1}, "old_citations": {"2013": 1, "2011": 4}, "isVisible": false}, "327210984": {"name": "samir genaim", "type": "author", "activity": 19, "h_index": 23, "h5_index": 3, "mag_id": "327210984", "num_publications": 2, "num_citations": 12, "num_publications_5y": 1, "num_citations_5y": 5, "num_publications_10y": 2, "num_citations_10y": 12, "publications_years": {"2015": 1, "2009": 1}, "citations_years": {"2011": 3, "2012": 2, "2013": 2, "2014": 0, "2015": 3, "2016": 1, "2017": 0, "2018": 1}, "old_citations": {"2015": 0, "2009": 12}, "isVisible": false}, "388529445": {"name": "ugo dal lago", "type": "author", "activity": 20, "h_index": 16, "h5_index": 7, "mag_id": "388529445", "num_publications": 2, "num_citations": 30, "num_publications_5y": 0, "num_citations_5y": 11, "num_publications_10y": 2, "num_citations_10y": 28, "publications_years": {"2009": 1, "2011": 1}, "citations_years": {"2009": 3, "2010": 6, "2011": 1, "2012": 5, "2013": 2, "2014": 0, "2015": 4, "2016": 1, "2017": 3, "2018": 3, "2019": 2}, "old_citations": {"2009": 27, "2011": 3}, "isVisible": false}, "1408854608": {"name": "paolo parisen toldin", "type": "author", "activity": 4, "h_index": 2, "h5_index": 0, "mag_id": "1408854608", "num_publications": 2, "num_citations": 10, "num_publications_5y": 0, "num_citations_5y": 8, "num_publications_10y": 2, "num_citations_10y": 9, "publications_years": {"2013": 1, "2011": 1}, "citations_years": {"2014": 1, "2015": 2, "2016": 0, "2017": 5, "2013": 1, "2018": 0, "2019": 1}, "old_citations": {"2013": 7, "2011": 3}, "isVisible": false}, "1893726666": {"name": "luca roversi", "type": "author", "activity": 24, "h_index": 6, "h5_index": 2, "mag_id": "1893726666", "num_publications": 2, "num_citations": 6, "num_publications_5y": 0, "num_citations_5y": 2, "num_publications_10y": 2, "num_citations_10y": 5, "publications_years": {"2009": 1, "2011": 1}, "citations_years": {"2010": 1, "2011": 0, "2012": 0, "2013": 2, "2014": 0, "2015": 1, "2016": 0, "2017": 0, "2018": 1, "2019": 1}, "old_citations": {"2009": 3, "2011": 3}, "isVisible": false}, "1989183749": {"name": "bernard van gastel", "type": "author", "activity": 12, "h_index": 5, "h5_index": 1, "mag_id": "1989183749", "num_publications": 2, "num_citations": 10, "num_publications_5y": 1, "num_citations_5y": 10, "num_publications_10y": 2, "num_citations_10y": 10, "publications_years": {"2013": 1, "2015": 1}, "citations_years": {"2014": 1, "2015": 1, "2016": 0, "2017": 7, "2018": 1}, "old_citations": {"2013": 7, "2015": 3}, "isVisible": false}, "2006273065": {"name": "m c j d van eekelen", "type": "author", "activity": 24, "h_index": 7, "h5_index": 0, "mag_id": "2006273065", "num_publications": 2, "num_citations": 1, "num_publications_5y": 0, "num_citations_5y": 1, "num_publications_10y": 2, "num_citations_10y": 1, "publications_years": {"2012": 1, "2011": 1}, "citations_years": {"2017": 1}, "old_citations": {"2012": 0, "2011": 1}, "isVisible": false}, "2130195065": {"name": "elvira albert", "type": "author", "activity": 23, "h_index": 23, "h5_index": 6, "mag_id": "2130195065", "num_publications": 2, "num_citations": 12, "num_publications_5y": 1, "num_citations_5y": 5, "num_publications_10y": 2, "num_citations_10y": 12, "publications_years": {"2015": 1, "2009": 1}, "citations_years": {"2011": 3, "2012": 2, "2013": 2, "2014": 0, "2015": 3, "2016": 1, "2017": 0, "2018": 1}, "old_citations": {"2015": 0, "2009": 12}, "isVisible": false}, "2133455440": {"name": "kevin hammond", "type": "author", "activity": 30, "h_index": 22, "h5_index": 4, "mag_id": "2133455440", "num_publications": 2, "num_citations": 1, "num_publications_5y": 1, "num_citations_5y": 1, "num_publications_10y": 2, "num_citations_10y": 1, "publications_years": {"2011": 1, "2015": 1}, "citations_years": {"2018": 1}, "old_citations": {"2011": 0, "2015": 1}, "isVisible": false}, "2145391421": {"name": "manuel montenegro", "type": "author", "activity": 15, "h_index": 7, "h5_index": 1, "mag_id": "2145391421", "num_publications": 2, "num_citations": 17, "num_publications_5y": 0, "num_citations_5y": 8, "num_publications_10y": 2, "num_citations_10y": 17, "publications_years": {"2011": 1, "2009": 1}, "citations_years": {"2012": 4, "2013": 1, "2014": 3, "2015": 3, "2010": 1, "2011": 3, "2016": 2}, "old_citations": {"2011": 6, "2009": 11}, "isVisible": false}, "2183219426": {"name": "yann regisgianas", "type": "author", "activity": 18, "h_index": 9, "h5_index": 3, "mag_id": "2183219426", "num_publications": 2, "num_citations": 19, "num_publications_5y": 0, "num_citations_5y": 8, "num_publications_10y": 2, "num_citations_10y": 12, "publications_years": {"2011": 1, "2013": 1}, "citations_years": {"2012": 1, "2013": 3, "2014": 0, "2015": 3, "2016": 4, "2017": 1, "2018": 0, "2019": 7}, "old_citations": {"2011": 7, "2013": 12}, "isVisible": false}, "2268913824": {"name": "manuel v hermenegildo", "type": "author", "activity": 30, "h_index": 39, "h5_index": 5, "mag_id": "2268913824", "num_publications": 2, "num_citations": 27, "num_publications_5y": 1, "num_citations_5y": 24, "num_publications_10y": 2, "num_citations_10y": 24, "publications_years": {"2015": 1, "2011": 1}, "citations_years": {"2015": 3, "2016": 6, "2017": 8, "2018": 7, "2019": 3}, "old_citations": {"2015": 20, "2011": 7}, "isVisible": false}, "2313906020": {"name": "mihail as\u0103voae", "type": "author", "activity": 9, "h_index": 4, "h5_index": 1, "mag_id": "2313906020", "num_publications": 2, "num_citations": 5, "num_publications_5y": 0, "num_citations_5y": 3, "num_publications_10y": 2, "num_citations_10y": 5, "publications_years": {"2013": 1, "2011": 1}, "citations_years": {"2015": 2, "2013": 2, "2014": 1}, "old_citations": {"2013": 1, "2011": 4}, "isVisible": false}, "21303530": {"name": "dorel lucanu", "type": "author", "activity": 26, "h_index": 11, "h5_index": 4, "mag_id": "21303530", "num_publications": 1, "num_citations": 4, "num_publications_5y": 0, "num_citations_5y": 2, "num_publications_10y": 1, "num_citations_10y": 4, "publications_years": {"2011": 1}, "citations_years": {"2013": 2, "2014": 1, "2015": 1}, "old_citations": {"2011": 4}, "isVisible": false}, "30365312": {"name": "antoine madet", "type": "author", "activity": 3, "h_index": 3, "h5_index": 0, "mag_id": "30365312", "num_publications": 1, "num_citations": 12, "num_publications_5y": 0, "num_citations_5y": 7, "num_publications_10y": 1, "num_citations_10y": 7, "publications_years": {"2013": 1}, "citations_years": {"2015": 2, "2016": 4, "2017": 1, "2018": 0, "2019": 5}, "old_citations": {"2013": 12}, "isVisible": false}, "93310743": {"name": "gudmund grov", "type": "author", "activity": 15, "h_index": 7, "h5_index": 3, "mag_id": "93310743", "num_publications": 1, "num_citations": 0, "num_publications_5y": 0, "num_citations_5y": 0, "num_publications_10y": 1, "num_citations_10y": 0, "publications_years": {"2013": 1}, "citations_years": {}, "old_citations": {"2013": 0}, "isVisible": false}, "158687958": {"name": "emmanuel hainry", "type": "author", "activity": 15, "h_index": 4, "h5_index": 0, "mag_id": "158687958", "num_publications": 1, "num_citations": 0, "num_publications_5y": 0, "num_citations_5y": 0, "num_publications_10y": 1, "num_citations_10y": 0, "publications_years": {"2013": 1}, "citations_years": {}, "old_citations": {"2013": 0}, "isVisible": false}, "230261010": {"name": "virgile mogbil", "type": "author", "activity": 15, "h_index": 3, "h5_index": 0, "mag_id": "230261010", "num_publications": 1, "num_citations": 10, "num_publications_5y": 0, "num_citations_5y": 4, "num_publications_10y": 1, "num_citations_10y": 10, "publications_years": {"2009": 1}, "citations_years": {"2011": 1, "2012": 2, "2013": 3, "2014": 4}, "old_citations": {"2009": 10}, "isVisible": false}, "339324804": {"name": "umer liqat", "type": "author", "activity": 5, "h_index": 5, "h5_index": 5, "mag_id": "339324804", "num_publications": 1, "num_citations": 20, "num_publications_5y": 1, "num_citations_5y": 17, "num_publications_10y": 1, "num_citations_10y": 17, "publications_years": {"2015": 1}, "citations_years": {"2015": 1, "2016": 5, "2017": 6, "2018": 5, "2019": 3}, "old_citations": {"2015": 20}, "isVisible": false}, "709974069": {"name": "marco pedicini", "type": "author", "activity": 24, "h_index": 4, "h5_index": 1, "mag_id": "709974069", "num_publications": 1, "num_citations": 3, "num_publications_5y": 0, "num_citations_5y": 1, "num_publications_10y": 1, "num_citations_10y": 2, "publications_years": {"2011": 1}, "citations_years": {"2013": 1, "2014": 0, "2015": 1, "2016": 0, "2017": 0, "2018": 0, "2019": 1}, "old_citations": {"2011": 3}, "isVisible": false}, "1575913948": {"name": "alejandro tamalet", "type": "author", "activity": 6, "h_index": 4, "h5_index": 0, "mag_id": "1575913948", "num_publications": 1, "num_citations": 3, "num_publications_5y": 0, "num_citations_5y": 2, "num_publications_10y": 1, "num_citations_10y": 2, "publications_years": {"2013": 1}, "citations_years": {"2015": 1, "2016": 0, "2017": 1, "2018": 0, "2019": 1}, "old_citations": {"2013": 3}, "isVisible": false}, "1973485214": {"name": "kerstin eder", "type": "author", "activity": 25, "h_index": 16, "h5_index": 8, "mag_id": "1973485214", "num_publications": 1, "num_citations": 20, "num_publications_5y": 1, "num_citations_5y": 17, "num_publications_10y": 1, "num_citations_10y": 17, "publications_years": {"2015": 1}, "citations_years": {"2015": 1, "2016": 5, "2017": 6, "2018": 5, "2019": 3}, "old_citations": {"2015": 20}, "isVisible": false}, "1999395216": {"name": "israel herraiz", "type": "author", "activity": 10, "h_index": 18, "h5_index": 0, "mag_id": "1999395216", "num_publications": 1, "num_citations": 12, "num_publications_5y": 0, "num_citations_5y": 5, "num_publications_10y": 1, "num_citations_10y": 12, "publications_years": {"2009": 1}, "citations_years": {"2011": 3, "2012": 2, "2013": 2, "2014": 0, "2015": 3, "2016": 1, "2017": 0, "2018": 1}, "old_citations": {"2009": 12}, "isVisible": false}, "2003434138": {"name": "walid gomaa", "type": "author", "activity": 18, "h_index": 7, "h5_index": 3, "mag_id": "2003434138", "num_publications": 1, "num_citations": 2, "num_publications_5y": 0, "num_citations_5y": 0, "num_publications_10y": 1, "num_citations_10y": 2, "publications_years": {"2009": 1}, "citations_years": {"2012": 1, "2013": 1}, "old_citations": {"2009": 2}, "isVisible": false}, "2011529081": {"name": "marco gaboardi", "type": "author", "activity": 14, "h_index": 15, "h5_index": 11, "mag_id": "2011529081", "num_publications": 1, "num_citations": 4, "num_publications_5y": 0, "num_citations_5y": 2, "num_publications_10y": 1, "num_citations_10y": 4, "publications_years": {"2009": 1}, "citations_years": {"2011": 1, "2012": 0, "2013": 1, "2014": 0, "2015": 2}, "old_citations": {"2009": 4}, "isVisible": false}, "2013399563": {"name": "steve kerrison", "type": "author", "activity": 6, "h_index": 8, "h5_index": 5, "mag_id": "2013399563", "num_publications": 1, "num_citations": 20, "num_publications_5y": 1, "num_citations_5y": 17, "num_publications_10y": 1, "num_citations_10y": 17, "publications_years": {"2015": 1}, "citations_years": {"2015": 1, "2016": 5, "2017": 6, "2018": 5, "2019": 3}, "old_citations": {"2015": 20}, "isVisible": false}, "2015468599": {"name": "ian stark", "type": "author", "activity": 27, "h_index": 15, "h5_index": 2, "mag_id": "2015468599", "num_publications": 1, "num_citations": 12, "num_publications_5y": 0, "num_citations_5y": 7, "num_publications_10y": 1, "num_citations_10y": 7, "publications_years": {"2013": 1}, "citations_years": {"2015": 2, "2016": 4, "2017": 1, "2018": 0, "2019": 5}, "old_citations": {"2013": 12}, "isVisible": false}, "2019274009": {"name": "maja hanne kirkeby", "type": "author", "activity": 7, "h_index": 3, "h5_index": 2, "mag_id": "2019274009", "num_publications": 1, "num_citations": 0, "num_publications_5y": 1, "num_citations_5y": 0, "num_publications_10y": 1, "num_citations_10y": 0, "publications_years": {"2015": 1}, "citations_years": {}, "old_citations": {"2015": 0}, "isVisible": false}, "2022211267": {"name": "emanuele cesena", "type": "author", "activity": 9, "h_index": 4, "h5_index": 0, "mag_id": "2022211267", "num_publications": 1, "num_citations": 3, "num_publications_5y": 0, "num_citations_5y": 1, "num_publications_10y": 1, "num_citations_10y": 2, "publications_years": {"2011": 1}, "citations_years": {"2013": 1, "2014": 0, "2015": 1, "2016": 0, "2017": 0, "2018": 0, "2019": 1}, "old_citations": {"2011": 3}, "isVisible": false}, "2024566924": {"name": "marko van eekelen", "type": "author", "activity": 31, "h_index": 14, "h5_index": 3, "mag_id": "2024566924", "num_publications": 1, "num_citations": 6, "num_publications_5y": 0, "num_citations_5y": 4, "num_publications_10y": 1, "num_citations_10y": 6, "publications_years": {"2011": 1}, "citations_years": {"2012": 2, "2013": 0, "2014": 2, "2015": 2}, "old_citations": {"2011": 6}, "isVisible": false}, "2031028931": {"name": "greg michaelson", "type": "author", "activity": 31, "h_index": 13, "h5_index": 3, "mag_id": "2031028931", "num_publications": 1, "num_citations": 1, "num_publications_5y": 0, "num_citations_5y": 0, "num_publications_10y": 1, "num_citations_10y": 1, "publications_years": {"2009": 1}, "citations_years": {"2013": 1}, "old_citations": {"2009": 1}, "isVisible": false}, "2044799559": {"name": "phil trinder", "type": "author", "activity": 30, "h_index": 13, "h5_index": 5, "mag_id": "2044799559", "num_publications": 1, "num_citations": 1, "num_publications_5y": 0, "num_citations_5y": 0, "num_publications_10y": 1, "num_citations_10y": 1, "publications_years": {"2009": 1}, "citations_years": {"2013": 1}, "old_citations": {"2009": 1}, "isVisible": false}, "2054495757": {"name": "james mckinna", "type": "author", "activity": 28, "h_index": 14, "h5_index": 5, "mag_id": "2054495757", "num_publications": 1, "num_citations": 12, "num_publications_5y": 0, "num_citations_5y": 7, "num_publications_10y": 1, "num_citations_10y": 7, "publications_years": {"2013": 1}, "citations_years": {"2015": 2, "2016": 4, "2017": 1, "2018": 0, "2019": 5}, "old_citations": {"2013": 12}, "isVisible": false}, "2092695947": {"name": "claudio sacerdoti coen", "type": "author", "activity": 20, "h_index": 14, "h5_index": 2, "mag_id": "2092695947", "num_publications": 1, "num_citations": 12, "num_publications_5y": 0, "num_citations_5y": 7, "num_publications_10y": 1, "num_citations_10y": 7, "publications_years": {"2013": 1}, "citations_years": {"2015": 2, "2016": 4, "2017": 1, "2018": 0, "2019": 5}, "old_citations": {"2013": 12}, "isVisible": false}, "2098003743": {"name": "simao melo de sousa", "type": "author", "activity": 20, "h_index": 7, "h5_index": 1, "mag_id": "2098003743", "num_publications": 1, "num_citations": 2, "num_publications_5y": 0, "num_citations_5y": 1, "num_publications_10y": 1, "num_citations_10y": 2, "publications_years": {"2011": 1}, "citations_years": {"2013": 1, "2014": 0, "2015": 1}, "old_citations": {"2011": 2}, "isVisible": false}, "2101085026": {"name": "steffen jost", "type": "author", "activity": 17, "h_index": 8, "h5_index": 1, "mag_id": "2101085026", "num_publications": 1, "num_citations": 4, "num_publications_5y": 0, "num_citations_5y": 1, "num_publications_10y": 1, "num_citations_10y": 4, "publications_years": {"2009": 1}, "citations_years": {"2010": 2, "2011": 0, "2012": 0, "2013": 1, "2014": 1}, "old_citations": {"2009": 4}, "isVisible": false}, "2111415363": {"name": "pedro lopezgarcia", "type": "author", "activity": 25, "h_index": 13, "h5_index": 3, "mag_id": "2111415363", "num_publications": 1, "num_citations": 20, "num_publications_5y": 1, "num_citations_5y": 17, "num_publications_10y": 1, "num_citations_10y": 17, "publications_years": {"2015": 1}, "citations_years": {"2015": 1, "2016": 5, "2017": 6, "2018": 5, "2019": 3}, "old_citations": {"2015": 20}, "isVisible": false}, "2114298650": {"name": "murray cole", "type": "author", "activity": 30, "h_index": 17, "h5_index": 2, "mag_id": "2114298650", "num_publications": 1, "num_citations": 1, "num_publications_5y": 0, "num_citations_5y": 0, "num_publications_10y": 1, "num_citations_10y": 1, "publications_years": {"2009": 1}, "citations_years": {"2013": 1}, "old_citations": {"2009": 1}, "isVisible": false}, "2130034569": {"name": "susmit sarkar", "type": "author", "activity": 16, "h_index": 19, "h5_index": 5, "mag_id": "2130034569", "num_publications": 1, "num_citations": 1, "num_publications_5y": 1, "num_citations_5y": 1, "num_publications_10y": 1, "num_citations_10y": 1, "publications_years": {"2015": 1}, "citations_years": {"2018": 1}, "old_citations": {"2015": 1}, "isVisible": false}, "2130208810": {"name": "clara segura", "type": "author", "activity": 17, "h_index": 9, "h5_index": 0, "mag_id": "2130208810", "num_publications": 1, "num_citations": 11, "num_publications_5y": 0, "num_citations_5y": 4, "num_publications_10y": 1, "num_citations_10y": 11, "publications_years": {"2009": 1}, "citations_years": {"2010": 1, "2011": 3, "2012": 2, "2013": 1, "2014": 1, "2015": 1, "2016": 2}, "old_citations": {"2009": 11}, "isVisible": false}, "2130292713": {"name": "brian campbell", "type": "author", "activity": 12, "h_index": 6, "h5_index": 2, "mag_id": "2130292713", "num_publications": 1, "num_citations": 12, "num_publications_5y": 0, "num_citations_5y": 7, "num_publications_10y": 1, "num_citations_10y": 7, "publications_years": {"2013": 1}, "citations_years": {"2015": 2, "2016": 4, "2017": 1, "2018": 0, "2019": 5}, "old_citations": {"2013": 12}, "isVisible": false}, "2132789914": {"name": "german puebla", "type": "author", "activity": 22, "h_index": 27, "h5_index": 1, "mag_id": "2132789914", "num_publications": 1, "num_citations": 12, "num_publications_5y": 0, "num_citations_5y": 5, "num_publications_10y": 1, "num_citations_10y": 12, "publications_years": {"2009": 1}, "citations_years": {"2011": 3, "2012": 2, "2013": 2, "2014": 0, "2015": 3, "2016": 1, "2017": 0, "2018": 1}, "old_citations": {"2009": 12}, "isVisible": false}, "2137553412": {"name": "ilias garnier", "type": "author", "activity": 11, "h_index": 3, "h5_index": 1, "mag_id": "2137553412", "num_publications": 1, "num_citations": 12, "num_publications_5y": 0, "num_citations_5y": 7, "num_publications_10y": 1, "num_citations_10y": 7, "publications_years": {"2013": 1}, "citations_years": {"2015": 2, "2016": 4, "2017": 1, "2018": 0, "2019": 5}, "old_citations": {"2013": 12}, "isVisible": false}, "2145228308": {"name": "mario florido", "type": "author", "activity": 18, "h_index": 8, "h5_index": 2, "mag_id": "2145228308", "num_publications": 1, "num_citations": 2, "num_publications_5y": 0, "num_citations_5y": 1, "num_publications_10y": 1, "num_citations_10y": 2, "publications_years": {"2011": 1}, "citations_years": {"2013": 1, "2014": 0, "2015": 1}, "old_citations": {"2011": 2}, "isVisible": false}, "2146831484": {"name": "puri arenas", "type": "author", "activity": 13, "h_index": 13, "h5_index": 1, "mag_id": "2146831484", "num_publications": 1, "num_citations": 12, "num_publications_5y": 0, "num_citations_5y": 5, "num_publications_10y": 1, "num_citations_10y": 12, "publications_years": {"2009": 1}, "citations_years": {"2011": 3, "2012": 2, "2013": 2, "2014": 0, "2015": 3, "2016": 1, "2017": 0, "2018": 1}, "old_citations": {"2009": 12}, "isVisible": false}, "2163274931": {"name": "luca vercelli", "type": "author", "activity": 1, "h_index": 2, "h5_index": 0, "mag_id": "2163274931", "num_publications": 1, "num_citations": 3, "num_publications_5y": 0, "num_citations_5y": 1, "num_publications_10y": 1, "num_citations_10y": 3, "publications_years": {"2009": 1}, "citations_years": {"2010": 1, "2011": 0, "2012": 0, "2013": 1, "2014": 0, "2015": 0, "2016": 0, "2017": 0, "2018": 1}, "old_citations": {"2009": 3}, "isVisible": false}, "2166310146": {"name": "alessandra di pierro", "type": "author", "activity": 30, "h_index": 12, "h5_index": 1, "mag_id": "2166310146", "num_publications": 1, "num_citations": 2, "num_publications_5y": 0, "num_citations_5y": 1, "num_publications_10y": 1, "num_citations_10y": 2, "publications_years": {"2013": 1}, "citations_years": {"2013": 1, "2014": 1}, "old_citations": {"2013": 2}, "isVisible": false}, "2227065699": {"name": "dominic p mulligan", "type": "author", "activity": 11, "h_index": 6, "h5_index": 2, "mag_id": "2227065699", "num_publications": 1, "num_citations": 12, "num_publications_5y": 0, "num_citations_5y": 7, "num_publications_10y": 1, "num_citations_10y": 7, "publications_years": {"2013": 1}, "citations_years": {"2015": 2, "2016": 4, "2017": 1, "2018": 0, "2019": 5}, "old_citations": {"2013": 12}, "isVisible": false}, "2228786990": {"name": "randy pollack", "type": "author", "activity": 23, "h_index": 7, "h5_index": 1, "mag_id": "2228786990", "num_publications": 1, "num_citations": 12, "num_publications_5y": 0, "num_citations_5y": 7, "num_publications_10y": 1, "num_citations_10y": 7, "publications_years": {"2013": 1}, "citations_years": {"2015": 2, "2016": 4, "2017": 1, "2018": 0, "2019": 5}, "old_citations": {"2013": 12}, "isVisible": false}, "2238153974": {"name": "vitor rodrigues", "type": "author", "activity": 5, "h_index": 3, "h5_index": 0, "mag_id": "2238153974", "num_publications": 1, "num_citations": 2, "num_publications_5y": 0, "num_citations_5y": 1, "num_publications_10y": 1, "num_citations_10y": 2, "publications_years": {"2011": 1}, "citations_years": {"2013": 1, "2014": 0, "2015": 1}, "old_citations": {"2011": 2}, "isVisible": false}, "2243452450": {"name": "mads rosendahl", "type": "author", "activity": 27, "h_index": 6, "h5_index": 1, "mag_id": "2243452450", "num_publications": 1, "num_citations": 0, "num_publications_5y": 1, "num_citations_5y": 0, "num_publications_10y": 1, "num_citations_10y": 0, "publications_years": {"2015": 1}, "citations_years": {}, "old_citations": {"2015": 0}, "isVisible": false}, "2297820829": {"name": "christopher brown", "type": "author", "activity": 14, "h_index": 8, "h5_index": 3, "mag_id": "2297820829", "num_publications": 1, "num_citations": 1, "num_publications_5y": 1, "num_citations_5y": 1, "num_publications_10y": 1, "num_citations_10y": 1, "publications_years": {"2015": 1}, "citations_years": {"2018": 1}, "old_citations": {"2015": 1}, "isVisible": false}, "2311724501": {"name": "antonio floresmontoya", "type": "author", "activity": 7, "h_index": 8, "h5_index": 2, "mag_id": "2311724501", "num_publications": 1, "num_citations": 0, "num_publications_5y": 1, "num_citations_5y": 0, "num_publications_10y": 1, "num_citations_10y": 0, "publications_years": {"2015": 1}, "citations_years": {}, "old_citations": {"2015": 0}, "isVisible": false}, "2335761897": {"name": "christoph a herrmann", "type": "author", "activity": 5, "h_index": 2, "h5_index": 0, "mag_id": "2335761897", "num_publications": 1, "num_citations": 0, "num_publications_5y": 0, "num_citations_5y": 0, "num_publications_10y": 1, "num_citations_10y": 0, "publications_years": {"2011": 1}, "citations_years": {}, "old_citations": {"2011": 0}, "isVisible": false}, "2416420875": {"name": "herbert wiklicky", "type": "author", "activity": 24, "h_index": 12, "h5_index": 1, "mag_id": "2416420875", "num_publications": 1, "num_citations": 2, "num_publications_5y": 0, "num_citations_5y": 1, "num_publications_10y": 1, "num_citations_10y": 2, "publications_years": {"2013": 1}, "citations_years": {"2013": 1, "2014": 1}, "old_citations": {"2013": 2}, "isVisible": false}, "2488260739": {"name": "kyriakos georgiou", "type": "author", "activity": 6, "h_index": 7, "h5_index": 4, "mag_id": "2488260739", "num_publications": 1, "num_citations": 20, "num_publications_5y": 1, "num_citations_5y": 17, "num_publications_10y": 1, "num_citations_10y": 17, "publications_years": {"2015": 1}, "citations_years": {"2015": 1, "2016": 5, "2017": 6, "2018": 5, "2019": 3}, "old_citations": {"2015": 20}, "isVisible": false}, "2495068237": {"name": "jaap boender", "type": "author", "activity": 14, "h_index": 7, "h5_index": 2, "mag_id": "2495068237", "num_publications": 1, "num_citations": 12, "num_publications_5y": 0, "num_citations_5y": 7, "num_publications_10y": 1, "num_citations_10y": 7, "publications_years": {"2013": 1}, "citations_years": {"2015": 2, "2016": 4, "2017": 1, "2018": 0, "2019": 5}, "old_citations": {"2013": 12}, "isVisible": false}, "2507263628": {"name": "luthfi darmawan", "type": "author", "activity": 9, "h_index": 2, "h5_index": 1, "mag_id": "2507263628", "num_publications": 1, "num_citations": 7, "num_publications_5y": 0, "num_citations_5y": 7, "num_publications_10y": 1, "num_citations_10y": 7, "publications_years": {"2011": 1}, "citations_years": {"2015": 2, "2016": 1, "2017": 2, "2018": 2}, "old_citations": {"2011": 7}, "isVisible": false}, "2524033895": {"name": "john p gallagher", "type": "author", "activity": 30, "h_index": 19, "h5_index": 6, "mag_id": "2524033895", "num_publications": 1, "num_citations": 20, "num_publications_5y": 1, "num_citations_5y": 17, "num_publications_10y": 1, "num_citations_10y": 17, "publications_years": {"2015": 1}, "citations_years": {"2015": 1, "2016": 5, "2017": 6, "2018": 5, "2019": 3}, "old_citations": {"2015": 20}, "isVisible": false}, "2526121715": {"name": "francisco bueno", "type": "author", "activity": 22, "h_index": 18, "h5_index": 0, "mag_id": "2526121715", "num_publications": 1, "num_citations": 7, "num_publications_5y": 0, "num_citations_5y": 7, "num_publications_10y": 1, "num_citations_10y": 7, "publications_years": {"2011": 1}, "citations_years": {"2015": 2, "2016": 1, "2017": 2, "2018": 2}, "old_citations": {"2011": 7}, "isVisible": false}, "2575513486": {"name": "u dal lago", "type": "author", "activity": 1, "h_index": 0, "h5_index": 0, "mag_id": "2575513486", "num_publications": 1, "num_citations": 0, "num_publications_5y": 1, "num_citations_5y": 0, "num_publications_10y": 1, "num_citations_10y": 0, "publications_years": {"2016": 1}, "citations_years": {}, "old_citations": {"2016": 0}, "isVisible": false}, "2679317554": {"name": "joao pedro pedroso", "type": "author", "activity": 23, "h_index": 6, "h5_index": 2, "mag_id": "2679317554", "num_publications": 1, "num_citations": 2, "num_publications_5y": 0, "num_citations_5y": 1, "num_publications_10y": 1, "num_citations_10y": 2, "publications_years": {"2011": 1}, "citations_years": {"2013": 1, "2014": 0, "2015": 1}, "old_citations": {"2011": 2}, "isVisible": false}, "2778816776": {"name": "mauro piccolo", "type": "author", "activity": 1, "h_index": 1, "h5_index": 0, "mag_id": "2778816776", "num_publications": 1, "num_citations": 12, "num_publications_5y": 0, "num_citations_5y": 7, "num_publications_10y": 1, "num_citations_10y": 7, "publications_years": {"2013": 1}, "citations_years": {"2015": 2, "2016": 4, "2017": 1, "2018": 0, "2019": 5}, "old_citations": {"2013": 12}, "isVisible": false}, "2780621986": {"name": "paolo tranquilli", "type": "author", "activity": 1, "h_index": 2, "h5_index": 0, "mag_id": "2780621986", "num_publications": 1, "num_citations": 12, "num_publications_5y": 0, "num_citations_5y": 7, "num_publications_10y": 1, "num_citations_10y": 7, "publications_years": {"2013": 1}, "citations_years": {"2015": 2, "2016": 4, "2017": 1, "2018": 0, "2019": 5}, "old_citations": {"2013": 12}, "isVisible": false}, "2796559447": {"name": "francois bobot", "type": "author", "activity": 1, "h_index": 1, "h5_index": 0, "mag_id": "2796559447", "num_publications": 1, "num_citations": 12, "num_publications_5y": 0, "num_citations_5y": 7, "num_publications_10y": 1, "num_citations_10y": 7, "publications_years": {"2013": 1}, "citations_years": {"2015": 2, "2016": 4, "2017": 1, "2018": 0, "2019": 5}, "old_citations": {"2013": 12}, "isVisible": false}, "2797769185": {"name": "nicolas ayache", "type": "author", "activity": 1, "h_index": 1, "h5_index": 0, "mag_id": "2797769185", "num_publications": 1, "num_citations": 12, "num_publications_5y": 0, "num_citations_5y": 7, "num_publications_10y": 1, "num_citations_10y": 7, "publications_years": {"2013": 1}, "citations_years": {"2015": 2, "2016": 4, "2017": 1, "2018": 0, "2019": 5}, "old_citations": {"2013": 12}, "isVisible": false}, "2806523480": {"name": "simone martini", "type": "author", "activity": 26, "h_index": 11, "h5_index": 1, "mag_id": "2806523480", "num_publications": 1, "num_citations": 27, "num_publications_5y": 0, "num_citations_5y": 10, "num_publications_10y": 1, "num_citations_10y": 26, "publications_years": {"2009": 1}, "citations_years": {"2009": 3, "2010": 6, "2011": 1, "2012": 5, "2013": 1, "2014": 0, "2015": 3, "2016": 1, "2017": 3, "2018": 3, "2019": 1}, "old_citations": {"2009": 27}, "isVisible": false}, "2893553660": {"name": "m c j d van eekelen", "type": "author", "activity": 7, "h_index": 2, "h5_index": 1, "mag_id": "2893553660", "num_publications": 1, "num_citations": 0, "num_publications_5y": 1, "num_citations_5y": 0, "num_publications_10y": 1, "num_citations_10y": 0, "publications_years": {"2016": 1}, "citations_years": {}, "old_citations": {"2016": 0}, "isVisible": false}, "2951335456": {"name": "pedro lopezgarcia", "type": "author", "activity": 11, "h_index": 6, "h5_index": 2, "mag_id": "2951335456", "num_publications": 1, "num_citations": 7, "num_publications_5y": 0, "num_citations_5y": 7, "num_publications_10y": 1, "num_citations_10y": 7, "publications_years": {"2011": 1}, "citations_years": {"2015": 2, "2016": 1, "2017": 2, "2018": 2}, "old_citations": {"2011": 7}, "isVisible": false}}, "countries": {"United Kingdom": {"name": "United Kingdom", "type": "country", "h5_index": 172, "num_publications": 11, "num_citations": 53, "num_publications_5y": 3, "num_citations_5y": 39, "num_publications_10y": 11, "num_citations_10y": 44, "publications_years": {"2015": 3, "2013": 5, "2009": 2, "2011": 1}, "citations_years": {"2015": 5, "2016": 9, "2017": 15, "2018": 7, "2019": 9, "2010": 2, "2011": 0, "2012": 0, "2013": 3, "2014": 3}, "old_citations": {"2015": 24, "2013": 24, "2009": 5, "2011": 0}, "isVisible": false}, "Italy": {"name": "Italy", "type": "country", "h5_index": 94, "num_publications": 7, "num_citations": 58, "num_publications_5y": 0, "num_citations_5y": 29, "num_publications_10y": 7, "num_citations_10y": 50, "publications_years": {"2011": 2, "2013": 3, "2009": 2}, "citations_years": {"2013": 5, "2014": 2, "2015": 10, "2016": 5, "2017": 9, "2018": 3, "2019": 8, "2009": 3, "2010": 6, "2011": 2, "2012": 5}, "old_citations": {"2011": 6, "2013": 21, "2009": 31}, "isVisible": false}, "Netherlands": {"name": "Netherlands", "type": "country", "h5_index": 91, "num_publications": 7, "num_citations": 20, "num_publications_5y": 2, "num_citations_5y": 17, "num_publications_10y": 7, "num_citations_10y": 19, "publications_years": {"2012": 1, "2013": 2, "2011": 2, "2016": 1, "2015": 1}, "citations_years": {"2014": 3, "2015": 4, "2016": 0, "2017": 9, "2012": 2, "2013": 0, "2018": 1, "2019": 1}, "old_citations": {"2012": 0, "2013": 10, "2011": 7, "2016": 0, "2015": 3}, "isVisible": false}, "Spain": {"name": "Spain", "type": "country", "h5_index": 91, "num_publications": 7, "num_citations": 56, "num_publications_5y": 2, "num_citations_5y": 37, "num_publications_10y": 7, "num_citations_10y": 53, "publications_years": {"2015": 2, "2012": 1, "2011": 2, "2009": 2}, "citations_years": {"2015": 9, "2016": 9, "2017": 8, "2018": 8, "2019": 3, "2012": 6, "2013": 3, "2014": 3, "2011": 6, "2010": 1}, "old_citations": {"2015": 20, "2012": 0, "2011": 13, "2009": 23}, "isVisible": false}, "Denmark": {"name": "Denmark", "type": "country", "h5_index": 65, "num_publications": 2, "num_citations": 20, "num_publications_5y": 2, "num_citations_5y": 17, "num_publications_10y": 2, "num_citations_10y": 17, "publications_years": {"2015": 2}, "citations_years": {"2015": 1, "2016": 5, "2017": 6, "2018": 5, "2019": 3}, "old_citations": {"2015": 20}, "isVisible": false}, "France": {"name": "France", "type": "country", "h5_index": 99, "num_publications": 2, "num_citations": 19, "num_publications_5y": 0, "num_citations_5y": 8, "num_publications_10y": 2, "num_citations_10y": 12, "publications_years": {"2011": 1, "2013": 1}, "citations_years": {"2012": 1, "2013": 3, "2014": 0, "2015": 3, "2016": 4, "2017": 1, "2018": 0, "2019": 7}, "old_citations": {"2011": 7, "2013": 12}, "isVisible": false}, "Egypt": {"name": "Egypt", "type": "country", "h5_index": 47, "num_publications": 1, "num_citations": 2, "num_publications_5y": 0, "num_citations_5y": 0, "num_publications_10y": 1, "num_citations_10y": 2, "publications_years": {"2009": 1}, "citations_years": {"2012": 1, "2013": 1}, "old_citations": {"2009": 2}, "isVisible": false}, "Germany": {"name": "Germany", "type": "country", "h5_index": 139, "num_publications": 1, "num_citations": 3, "num_publications_5y": 0, "num_citations_5y": 2, "num_publications_10y": 1, "num_citations_10y": 2, "publications_years": {"2013": 1}, "citations_years": {"2015": 1, "2016": 0, "2017": 1, "2018": 0, "2019": 1}, "old_citations": {"2013": 3}, "isVisible": false}, "Portugal": {"name": "Portugal", "type": "country", "h5_index": 44, "num_publications": 1, "num_citations": 2, "num_publications_5y": 0, "num_citations_5y": 1, "num_publications_10y": 1, "num_citations_10y": 2, "publications_years": {"2011": 1}, "citations_years": {"2013": 1, "2014": 0, "2015": 1}, "old_citations": {"2011": 2}, "isVisible": false}, "Romania": {"name": "Romania", "type": "country", "h5_index": 27, "num_publications": 1, "num_citations": 4, "num_publications_5y": 0, "num_citations_5y": 2, "num_publications_10y": 1, "num_citations_10y": 4, "publications_years": {"2011": 1}, "citations_years": {"2013": 2, "2014": 1, "2015": 1}, "old_citations": {"2011": 4}, "isVisible": false}, "United States": {"name": "United States", "type": "country", "h5_index": 308, "num_publications": 1, "num_citations": 3, "num_publications_5y": 1, "num_citations_5y": 3, "num_publications_10y": 1, "num_citations_10y": 3, "publications_years": {"2015": 1}, "citations_years": {"2017": 2, "2018": 1}, "old_citations": {"2015": 3}, "isVisible": false}}}, "conference_comparison": {"computer science": {}}, "topics_dna": {"publications": {}, "citations": {"normalized": {}, "average": {}}}, "info": {"num_publications": 33, "num_citations": 156.0, "impact_factor": {"2011": 1.0, "2012": 0.3333333333333333, "2013": 0.8, "2014": 0.2222222222222222, "2015": 0.625, "2016": 1.0}, "publications_years": {"2009": 9, "2011": 9, "2013": 8, "2015": 5, "2012": 1, "2016": 1}, "citations_years": {"2009": 3, "2010": 10, "2011": 9, "2012": 15, "2013": 21, "2014": 11, "2015": 24, "2016": 14, "2017": 21, "2018": 14, "2019": 14}, "old_citations": {"2009": 74, "2011": 33, "2013": 25, "2015": 24, "2012": 0, "2016": 0}, "h5_index": 0}, "percentile": {"computer science": {"2009": 80, "2011": 65, "2013": 68, "2015": 86, "2012": 15, "2016": 16}}, "conference_ranking": {"computer science": {"2009": 821, "2011": 1452, "2013": 1364, "2015": 569, "2012": 3619, "2016": 3585}}, "academia": {"num_publications": 23, "num_citations": 93, "publications_years": {"2009": 7, "2010": 0, "2011": 8, "2012": 1, "2013": 2, "2014": 0, "2015": 4, "2016": 1}, "old_citations": {"2009": 61, "2010": 0, "2011": 26, "2012": 0, "2013": 2, "2014": 0, "2015": 4, "2016": 0}, "num_publications_5y": 1, "num_citations_5y": 0, "num_publications_10y": 16, "num_citations_10y": 32}, "industry": {"num_publications": 0, "num_citations": 0, "publications_years": {}, "old_citations": {}, "num_publications_5y": 0, "num_citations_5y": 0, "num_publications_10y": 0, "num_citations_10y": 0}, "collaborative": {"num_publications": 0, "num_citations": 0, "publications_years": {}, "old_citations": {}, "num_publications_5y": 0, "num_citations_5y": 0, "num_publications_10y": 0, "num_citations_10y": 0}, "conferences": {}, "journals": {}, "organizations": {"publication_overall": ["Radboud University Nijmegen", "Complutense University of Madrid", "University of Bologna", "Heriot-Watt University", "Technical University of Madrid", "The Open University", "University of St Andrews", "Madrid Institute for Advanced Studies", "Paris Diderot University", "Roskilde University", "Spanish National Research Council", "University of Edinburgh", "Alexandria University", "Alexandru Ioan Cuza University", "Carnegie Mellon University", "French Institute for Research in Computer Science and Automation", "Imperial College London", "Max Planck Society", "Open University in the Netherlands", "Polytechnic University of Turin", "University of Bristol", "University of Porto", "University of Verona"], "citation_overall": ["University of Bologna", "Technical University of Madrid", "Complutense University of Madrid", "Madrid Institute for Advanced Studies", "Spanish National Research Council", "Radboud University Nijmegen", "Roskilde University", "University of Bristol", "Paris Diderot University", "The Open University", "University of Edinburgh", "French Institute for Research in Computer Science and Automation", "Heriot-Watt University", "University of St Andrews", "Alexandru Ioan Cuza University", "Carnegie Mellon University", "Max Planck Society", "Polytechnic University of Turin", "Alexandria University", "Imperial College London", "University of Porto", "University of Verona", "Open University in the Netherlands"], "publication_10_years": ["Radboud University Nijmegen", "Complutense University of Madrid", "The Open University", "University of Bologna", "Madrid Institute for Advanced Studies", "Paris Diderot University", "Roskilde University", "Spanish National Research Council", "Technical University of Madrid", "University of St Andrews", "Alexandru Ioan Cuza University", "Carnegie Mellon University", "French Institute for Research in Computer Science and Automation", "Heriot-Watt University", "Imperial College London", "Max Planck Society", "Open University in the Netherlands", "Polytechnic University of Turin", "University of Bristol", "University of Edinburgh", "University of Porto", "University of Verona"], "citation_10_years": ["Madrid Institute for Advanced Studies", "Spanish National Research Council", "Technical University of Madrid", "University of Bologna", "Radboud University Nijmegen", "Roskilde University", "University of Bristol", "Paris Diderot University", "The Open University", "French Institute for Research in Computer Science and Automation", "University of Edinburgh", "Complutense University of Madrid", "Alexandru Ioan Cuza University", "Carnegie Mellon University", "Max Planck Society", "Polytechnic University of Turin", "Imperial College London", "University of Porto", "University of Verona", "University of St Andrews", "Heriot-Watt University", "Open University in the Netherlands"], "publication_5_years": ["Open University in the Netherlands"], "citation_5_years": ["Open University in the Netherlands"]}, "countries": {"publication_overall": ["United Kingdom", "Italy", "Netherlands", "Spain", "Denmark", "France", "Egypt", "Germany", "Portugal", "Romania", "United States"], "citation_overall": ["Italy", "Spain", "United Kingdom", "Denmark", "Netherlands", "France", "Romania", "Germany", "United States", "Egypt", "Portugal"], "publication_10_years": ["United Kingdom", "Netherlands", "Italy", "Spain", "Denmark", "France", "Germany", "Portugal", "Romania", "United States"], "citation_10_years": ["United Kingdom", "Spain", "Italy", "Denmark", "Netherlands", "France", "Romania", "Germany", "United States", "Portugal"], "publication_5_years": ["Netherlands"], "citation_5_years": ["Netherlands"]}, "topics": {"publication_overall": ["computer science", "computer systems", "artificial intelligence", "computer programming", "computer programming languages", "distributed computer systems", "distributed systems", "parallel processing systems", "software engineering", "mathematics", "embedded systems", "formal logic", "program compilers", "software design", "database systems", "linguistics", "computer hardware", "object oriented programming", "engineering", "semantics"], "citation_overall": ["computer science", "computer systems", "artificial intelligence", "computer programming", "computer programming languages", "mathematics", "software engineering", "software design", "distributed computer systems", "distributed systems", "parallel processing systems", "software quality", "verification and validation", "embedded systems", "formal logic", "verification", "economics", "program compilers", "correlation analysis", "object oriented programming"], "publication_10_years": ["computer science", "computer systems", "computer programming", "computer programming languages", "artificial intelligence", "distributed computer systems", "distributed systems", "parallel processing systems", "software engineering", "program compilers", "embedded systems", "computer hardware", "formal logic", "mathematics", "object oriented programming", "software design", "engineering", "linguistics", "computer networks", "telecommunication systems"], "citation_10_years": ["computer science", "computer programming", "computer programming languages", "computer systems", "software engineering", "distributed computer systems", "distributed systems", "embedded systems", "parallel processing systems", "program compilers", "artificial intelligence", "software design", "engineering", "object oriented programming", "computer hardware", "software quality", "verification and validation", "formal logic", "mathematics", "verification"], "publication_5_years": ["cloud computing", "computer networks", "computer science", "computer systems", "computing resource", "correlation analysis", "database systems", "distributed computer systems", "distributed systems", "grid computing", "information management", "information technology", "internet", "mathematics", "network architecture", "network management", "network virtualization", "parallel processing systems", "peer-to-peer", "resource discovery"], "citation_5_years": ["cloud computing", "computer networks", "computer science", "computer systems", "computing resource", "correlation analysis", "database systems", "distributed computer systems", "distributed systems", "grid computing", "information management", "information technology", "internet", "mathematics", "network architecture", "network management", "network virtualization", "parallel processing systems", "peer-to-peer", "resource discovery"]}, "main_topics": ["computer science"], "authors": {"publication_overall": ["28146818", "1967713760", "1979340251", "2016028299", "2951543101", "2973418313", "72056530", "204554731", "327210984", "388529445", "1408854608", "1893726666", "1989183749", "2006273065", "2130195065", "2133455440", "2145391421", "2183219426", "2268913824", "2313906020", "21303530", "30365312", "93310743", "158687958", "230261010", "339324804", "709974069", "1575913948", "1973485214", "1999395216", "2003434138", "2011529081", "2013399563", "2015468599", "2019274009", "2022211267", "2024566924", "2031028931", "2044799559", "2054495757", "2092695947", "2098003743", "2101085026", "2111415363", "2114298650", "2130034569", "2130208810", "2130292713", "2132789914", "2137553412", "2145228308", "2146831484", "2163274931", "2166310146", "2227065699", "2228786990", "2238153974", "2243452450", "2297820829", "2311724501", "2335761897", "2416420875", "2488260739", "2495068237", "2507263628", "2524033895", "2526121715", "2575513486", "2679317554", "2778816776", "2780621986", "2796559447", "2797769185", "2806523480", "2893553660", "2951335456"], "citation_overall": ["388529445", "2268913824", "2806523480", "339324804", "1973485214", "2013399563", "2111415363", "2488260739", "2524033895", "72056530", "2183219426", "1979340251", "2145391421", "2973418313", "30365312", "327210984", "1999395216", "2015468599", "2054495757", "2092695947", "2130195065", "2130292713", "2132789914", "2137553412", "2146831484", "2227065699", "2228786990", "2495068237", "2778816776", "2780621986", "2796559447", "2797769185", "1967713760", "2130208810", "230261010", "1408854608", "1989183749", "28146818", "2507263628", "2526121715", "2951335456", "1893726666", "2024566924", "204554731", "2016028299", "2313906020", "21303530", "2011529081", "2101085026", "2951543101", "709974069", "1575913948", "2022211267", "2163274931", "2003434138", "2098003743", "2145228308", "2166310146", "2238153974", "2416420875", "2679317554", "2006273065", "2031028931", "2044799559", "2114298650", "2130034569", "2133455440", "2297820829", "93310743", "158687958", "2019274009", "2243452450", "2311724501", "2335761897", "2575513486", "2893553660"], "publication_10_years": ["28146818", "1967713760", "2973418313", "72056530", "204554731", "1408854608", "1979340251", "1989183749", "2006273065", "2133455440", "2183219426", "2268913824", "2313906020", "2951543101", "21303530", "30365312", "93310743", "158687958", "327210984", "339324804", "388529445", "709974069", "1575913948", "1893726666", "1973485214", "2013399563", "2015468599", "2016028299", "2019274009", "2022211267", "2024566924", "2054495757", "2092695947", "2098003743", "2111415363", "2130034569", "2130195065", "2130292713", "2137553412", "2145228308", "2145391421", "2166310146", "2227065699", "2228786990", "2238153974", "2243452450", "2297820829", "2311724501", "2335761897", "2416420875", "2488260739", "2495068237", "2507263628", "2524033895", "2526121715", "2575513486", "2679317554", "2778816776", "2780621986", "2796559447", "2797769185", "2893553660", "2951335456"], "citation_10_years": ["2268913824", "339324804", "1973485214", "2013399563", "2111415363", "2488260739", "2524033895", "72056530", "2183219426", "2973418313", "30365312", "2015468599", "2054495757", "2092695947", "2130292713", "2137553412", "2227065699", "2228786990", "2495068237", "2778816776", "2780621986", "2796559447", "2797769185", "1967713760", "1408854608", "1989183749", "28146818", "2507263628", "2526121715", "2951335456", "1979340251", "2024566924", "2145391421", "204554731", "2313906020", "21303530", "388529445", "709974069", "1575913948", "1893726666", "2022211267", "2098003743", "2145228308", "2166310146", "2238153974", "2416420875", "2679317554", "2006273065", "2130034569", "2133455440", "2297820829", "93310743", "158687958", "327210984", "2016028299", "2019274009", "2130195065", "2243452450", "2311724501", "2335761897", "2575513486", "2893553660", "2951543101"], "publication_5_years": ["2575513486", "2893553660"], "citation_5_years": ["2575513486", "2893553660"]}, "industrial_sectors": {"publication_overall": [], "citation_overall": [], "publication_10_years": [], "citation_10_years": [], "publication_5_years": [], "citation_5_years": []}}