{"name": "International Conference on Informative and Cybernetics for Computational Social Systems", "acronym": "ICCSS", "type": "conference", "uniqueEntities": {"organizations": {"University of Jinan": {"name": "University of Jinan", "type": "organization", "organization_type": "Education", "h_index": 24, "h5_index": 16, "num_publications": 12, "num_citations": 15, "num_publications_5y": 12, "num_citations_5y": 9, "num_publications_10y": 12, "num_citations_10y": 9, "publications_years": {"2016": 8, "2015": 4}, "citations_years": {"2020": 3, "2017": 6, "2018": 2, "2019": 3, "2015": 1}, "old_citations": {"2016": 7, "2015": 8}, "isVisible": false}, "Liaoning University of Technology": {"name": "Liaoning University of Technology", "type": "organization", "organization_type": "Education", "h_index": 30, "h5_index": 18, "num_publications": 5, "num_citations": 16, "num_publications_5y": 5, "num_citations_5y": 5, "num_publications_10y": 5, "num_citations_10y": 5, "publications_years": {"2016": 5}, "citations_years": {"2018": 3, "2019": 9, "2017": 2, "2020": 2}, "old_citations": {"2016": 16}, "isVisible": false}, "University of Macau": {"name": "University of Macau", "type": "organization", "organization_type": "Education", "h_index": 70, "h5_index": 36, "num_publications": 5, "num_citations": 7, "num_publications_5y": 5, "num_citations_5y": 4, "num_publications_10y": 5, "num_citations_10y": 4, "publications_years": {"2015": 3, "2014": 1, "2016": 1}, "citations_years": {"2017": 2, "2018": 2, "2019": 1, "2020": 2}, "old_citations": {"2015": 6, "2014": 0, "2016": 1}, "isVisible": false}, "Changsha University of Science and Technology": {"name": "Changsha University of Science and Technology", "type": "organization", "organization_type": "Education", "h_index": 24, "h5_index": 20, "num_publications": 2, "num_citations": 0, "num_publications_5y": 2, "num_citations_5y": 0, "num_publications_10y": 2, "num_citations_10y": 0, "publications_years": {"2014": 1, "2015": 1}, "citations_years": {}, "old_citations": {"2014": 0, "2015": 0}, "isVisible": false}, "Dalian Maritime University": {"name": "Dalian Maritime University", "type": "organization", "organization_type": "Education", "h_index": 45, "h5_index": 26, "num_publications": 2, "num_citations": 2, "num_publications_5y": 2, "num_citations_5y": 2, "num_publications_10y": 2, "num_citations_10y": 2, "publications_years": {"2015": 1, "2016": 1}, "citations_years": {"2016": 1, "2017": 0, "2018": 1}, "old_citations": {"2015": 2, "2016": 0}, "isVisible": false}, "Anshan Normal University": {"name": "Anshan Normal University", "type": "organization", "organization_type": "Education", "h_index": 9, "h5_index": 8, "num_publications": 1, "num_citations": 2, "num_publications_5y": 1, "num_citations_5y": 1, "num_publications_10y": 1, "num_citations_10y": 1, "publications_years": {"2014": 1}, "citations_years": {"2018": 1, "2019": 1}, "old_citations": {"2014": 2}, "isVisible": false}, "Beijing University of Posts and Telecommunications": {"name": "Beijing University of Posts and Telecommunications", "type": "organization", "organization_type": "Education", "h_index": 107, "h5_index": 59, "num_publications": 1, "num_citations": 3, "num_publications_5y": 1, "num_citations_5y": 2, "num_publications_10y": 1, "num_citations_10y": 2, "publications_years": {"2014": 1}, "citations_years": {"2015": 1, "2016": 0, "2017": 1, "2018": 0, "2019": 1}, "old_citations": {"2014": 3}, "isVisible": false}, "Blekinge Institute of Technology": {"name": "Blekinge Institute of Technology", "type": "organization", "organization_type": "Education", "h_index": 73, "h5_index": 21, "num_publications": 1, "num_citations": 3, "num_publications_5y": 1, "num_citations_5y": 2, "num_publications_10y": 1, "num_citations_10y": 2, "publications_years": {"2014": 1}, "citations_years": {"2015": 1, "2016": 1, "2017": 0, "2018": 0, "2019": 0, "2020": 1}, "old_citations": {"2014": 3}, "isVisible": false}, "Changsha University": {"name": "Changsha University", "type": "organization", "organization_type": "Education", "h_index": 10, "h5_index": 8, "num_publications": 1, "num_citations": 1, "num_publications_5y": 1, "num_citations_5y": 1, "num_publications_10y": 1, "num_citations_10y": 1, "publications_years": {"2014": 1}, "citations_years": {"2016": 1}, "old_citations": {"2014": 1}, "isVisible": false}, "Chengdu University of Information Technology": {"name": "Chengdu University of Information Technology", "type": "organization", "organization_type": "Education", "h_index": 18, "h5_index": 11, "num_publications": 1, "num_citations": 2, "num_publications_5y": 1, "num_citations_5y": 2, "num_publications_10y": 1, "num_citations_10y": 2, "publications_years": {"2014": 1}, "citations_years": {"2017": 1, "2018": 1}, "old_citations": {"2014": 2}, "isVisible": false}, "Chinese Academy of Sciences": {"name": "Chinese Academy of Sciences", "type": "organization", "organization_type": "Government", "h_index": 188, "h5_index": 102, "num_publications": 1, "num_citations": 0, "num_publications_5y": 1, "num_citations_5y": 0, "num_publications_10y": 1, "num_citations_10y": 0, "publications_years": {"2015": 1}, "citations_years": {}, "old_citations": {"2015": 0}, "isVisible": false}, "Dalian University of Technology": {"name": "Dalian University of Technology", "type": "organization", "organization_type": "Education", "h_index": 95, "h5_index": 63, "num_publications": 1, "num_citations": 2, "num_publications_5y": 1, "num_citations_5y": 1, "num_publications_10y": 1, "num_citations_10y": 1, "publications_years": {"2014": 1}, "citations_years": {"2018": 1, "2019": 1}, "old_citations": {"2014": 2}, "isVisible": false}, "Guangdong University of Technology": {"name": "Guangdong University of Technology", "type": "organization", "organization_type": "Education", "h_index": 61, "h5_index": 45, "num_publications": 1, "num_citations": 0, "num_publications_5y": 1, "num_citations_5y": 0, "num_publications_10y": 1, "num_citations_10y": 0, "publications_years": {"2015": 1}, "citations_years": {}, "old_citations": {"2015": 0}, "isVisible": false}, "Jilin University": {"name": "Jilin University", "type": "organization", "organization_type": "Education", "h_index": 50, "h5_index": 27, "num_publications": 1, "num_citations": 7, "num_publications_5y": 1, "num_citations_5y": 6, "num_publications_10y": 1, "num_citations_10y": 6, "publications_years": {"2014": 1}, "citations_years": {"2014": 1, "2015": 2, "2016": 2, "2017": 0, "2018": 1, "2019": 1}, "old_citations": {"2014": 7}, "isVisible": false}, "Jimei University": {"name": "Jimei University", "type": "organization", "organization_type": "Education", "h_index": 16, "h5_index": 9, "num_publications": 1, "num_citations": 0, "num_publications_5y": 1, "num_citations_5y": 0, "num_publications_10y": 1, "num_citations_10y": 0, "publications_years": {"2016": 1}, "citations_years": {}, "old_citations": {"2016": 0}, "isVisible": false}, "Kao Yuan University": {"name": "Kao Yuan University", "type": "organization", "organization_type": "Education", "h_index": 15, "h5_index": 5, "num_publications": 1, "num_citations": 1, "num_publications_5y": 1, "num_citations_5y": 0, "num_publications_10y": 1, "num_citations_10y": 0, "publications_years": {"2015": 1}, "citations_years": {"2020": 1}, "old_citations": {"2015": 1}, "isVisible": false}, "King Mongkut's Institute of Technology Ladkrabang": {"name": "King Mongkut's Institute of Technology Ladkrabang", "type": "organization", "organization_type": "Education", "h_index": 30, "h5_index": 10, "num_publications": 1, "num_citations": 1, "num_publications_5y": 1, "num_citations_5y": 1, "num_publications_10y": 1, "num_citations_10y": 1, "publications_years": {"2015": 1}, "citations_years": {"2016": 1}, "old_citations": {"2015": 1}, "isVisible": false}, "National Chung Hsing University": {"name": "National Chung Hsing University", "type": "organization", "organization_type": "Education", "h_index": 58, "h5_index": 17, "num_publications": 1, "num_citations": 0, "num_publications_5y": 1, "num_citations_5y": 0, "num_publications_10y": 1, "num_citations_10y": 0, "publications_years": {"2016": 1}, "citations_years": {}, "old_citations": {"2016": 0}, "isVisible": false}, "National Dong Hwa University": {"name": "National Dong Hwa University", "type": "organization", "organization_type": "Education", "h_index": 51, "h5_index": 20, "num_publications": 1, "num_citations": 0, "num_publications_5y": 1, "num_citations_5y": 0, "num_publications_10y": 1, "num_citations_10y": 0, "publications_years": {"2015": 1}, "citations_years": {}, "old_citations": {"2015": 0}, "isVisible": false}, "National Formosa University": {"name": "National Formosa University", "type": "organization", "organization_type": "Education", "h_index": 37, "h5_index": 13, "num_publications": 1, "num_citations": 1, "num_publications_5y": 1, "num_citations_5y": 0, "num_publications_10y": 1, "num_citations_10y": 0, "publications_years": {"2015": 1}, "citations_years": {"2020": 1}, "old_citations": {"2015": 1}, "isVisible": false}, "National Ilan University": {"name": "National Ilan University", "type": "organization", "organization_type": "Education", "h_index": 38, "h5_index": 12, "num_publications": 1, "num_citations": 1, "num_publications_5y": 1, "num_citations_5y": 0, "num_publications_10y": 1, "num_citations_10y": 0, "publications_years": {"2015": 1}, "citations_years": {"2020": 1}, "old_citations": {"2015": 1}, "isVisible": false}, "National Taiwan University of Science and Technology": {"name": "National Taiwan University of Science and Technology", "type": "organization", "organization_type": "Education", "h_index": 93, "h5_index": 27, "num_publications": 1, "num_citations": 5, "num_publications_5y": 1, "num_citations_5y": 3, "num_publications_10y": 1, "num_citations_10y": 3, "publications_years": {"2015": 1}, "citations_years": {"2017": 2, "2018": 1, "2019": 2}, "old_citations": {"2015": 5}, "isVisible": false}, "Northeastern University": {"name": "Northeastern University", "type": "organization", "organization_type": "Education", "h_index": 144, "h5_index": 59, "num_publications": 1, "num_citations": 0, "num_publications_5y": 1, "num_citations_5y": 0, "num_publications_10y": 1, "num_citations_10y": 0, "publications_years": {"2016": 1}, "citations_years": {}, "old_citations": {"2016": 0}, "isVisible": false}, "University of Siegen": {"name": "University of Siegen", "type": "organization", "organization_type": "Education", "h_index": 52, "h5_index": 16, "num_publications": 1, "num_citations": 2, "num_publications_5y": 1, "num_citations_5y": 2, "num_publications_10y": 1, "num_citations_10y": 2, "publications_years": {"2014": 1}, "citations_years": {"2017": 1, "2018": 1}, "old_citations": {"2014": 2}, "isVisible": false}, "Xiamen University": {"name": "Xiamen University", "type": "organization", "organization_type": "Education", "h_index": 65, "h5_index": 44, "num_publications": 1, "num_citations": 1, "num_publications_5y": 1, "num_citations_5y": 0, "num_publications_10y": 1, "num_citations_10y": 0, "publications_years": {"2014": 1}, "citations_years": {"2019": 1}, "old_citations": {"2014": 1}, "isVisible": false}}, "topics": {"computer science": {"name": "computer science", "type": "topic", "h_index": 1779, "h5_index": 416, "num_publications": 42, "num_citations": 61, "num_publications_5y": 42, "num_citations_5y": 36, "num_publications_10y": 42, "num_citations_10y": 36, "publications_years": {"2016": 20, "2015": 13, "2014": 9}, "citations_years": {"2020": 7, "2016": 6, "2017": 13, "2018": 11, "2019": 18, "2014": 1, "2015": 5}, "old_citations": {"2016": 25, "2015": 17, "2014": 19}, "isVisible": false}, "artificial intelligence": {"name": "artificial intelligence", "type": "topic", "h_index": 1421, "h5_index": 373, "num_publications": 30, "num_citations": 49, "num_publications_5y": 30, "num_citations_5y": 26, "num_publications_10y": 30, "num_citations_10y": 26, "publications_years": {"2016": 15, "2015": 10, "2014": 5}, "citations_years": {"2020": 7, "2017": 9, "2018": 9, "2019": 16, "2014": 1, "2015": 4, "2016": 3}, "old_citations": {"2016": 22, "2015": 14, "2014": 13}, "isVisible": false}, "computer systems": {"name": "computer systems", "type": "topic", "h_index": 1595, "h5_index": 367, "num_publications": 29, "num_citations": 41, "num_publications_5y": 29, "num_citations_5y": 19, "num_publications_10y": 29, "num_citations_10y": 19, "publications_years": {"2016": 16, "2015": 8, "2014": 5}, "citations_years": {"2020": 7, "2017": 9, "2018": 6, "2019": 15, "2015": 3, "2016": 1}, "old_citations": {"2016": 21, "2015": 13, "2014": 7}, "isVisible": false}, "machine learning": {"name": "machine learning", "type": "topic", "h_index": 1123, "h5_index": 351, "num_publications": 23, "num_citations": 46, "num_publications_5y": 23, "num_citations_5y": 25, "num_publications_10y": 23, "num_citations_10y": 25, "publications_years": {"2016": 12, "2015": 7, "2014": 4}, "citations_years": {"2020": 6, "2017": 8, "2018": 9, "2019": 15, "2014": 1, "2015": 4, "2016": 3}, "old_citations": {"2016": 20, "2015": 13, "2014": 13}, "isVisible": false}, "computer imaging and vision": {"name": "computer imaging and vision", "type": "topic", "h_index": 1142, "h5_index": 334, "num_publications": 20, "num_citations": 41, "num_publications_5y": 20, "num_citations_5y": 23, "num_publications_10y": 20, "num_citations_10y": 23, "publications_years": {"2016": 10, "2015": 7, "2014": 3}, "citations_years": {"2020": 5, "2017": 9, "2018": 8, "2019": 13, "2014": 1, "2015": 2, "2016": 3}, "old_citations": {"2016": 19, "2015": 13, "2014": 9}, "isVisible": false}, "image processing": {"name": "image processing", "type": "topic", "h_index": 1113, "h5_index": 328, "num_publications": 18, "num_citations": 40, "num_publications_5y": 18, "num_citations_5y": 22, "num_publications_10y": 18, "num_citations_10y": 22, "publications_years": {"2016": 8, "2015": 7, "2014": 3}, "citations_years": {"2020": 5, "2017": 8, "2018": 8, "2019": 13, "2014": 1, "2015": 2, "2016": 3}, "old_citations": {"2016": 18, "2015": 13, "2014": 9}, "isVisible": false}, "computer hardware": {"name": "computer hardware", "type": "topic", "h_index": 1150, "h5_index": 279, "num_publications": 16, "num_citations": 20, "num_publications_5y": 16, "num_citations_5y": 12, "num_publications_10y": 16, "num_citations_10y": 12, "publications_years": {"2015": 5, "2016": 7, "2014": 4}, "citations_years": {"2017": 4, "2018": 3, "2019": 5, "2020": 3, "2014": 1, "2015": 2, "2016": 2}, "old_citations": {"2015": 8, "2016": 4, "2014": 8}, "isVisible": false}, "computer networks": {"name": "computer networks", "type": "topic", "h_index": 1262, "h5_index": 332, "num_publications": 16, "num_citations": 19, "num_publications_5y": 16, "num_citations_5y": 9, "num_publications_10y": 16, "num_citations_10y": 9, "publications_years": {"2015": 4, "2016": 9, "2014": 3}, "citations_years": {"2017": 6, "2018": 2, "2019": 7, "2020": 3, "2015": 1, "2016": 0}, "old_citations": {"2015": 7, "2016": 8, "2014": 4}, "isVisible": false}, "image analysis": {"name": "image analysis", "type": "topic", "h_index": 988, "h5_index": 315, "num_publications": 16, "num_citations": 39, "num_publications_5y": 16, "num_citations_5y": 21, "num_publications_10y": 16, "num_citations_10y": 21, "publications_years": {"2016": 8, "2015": 5, "2014": 3}, "citations_years": {"2020": 5, "2017": 8, "2018": 8, "2019": 13, "2014": 1, "2015": 2, "2016": 2}, "old_citations": {"2016": 18, "2015": 12, "2014": 9}, "isVisible": false}, "mathematics": {"name": "mathematics", "type": "topic", "h_index": 1364, "h5_index": 300, "num_publications": 15, "num_citations": 33, "num_publications_5y": 15, "num_citations_5y": 16, "num_publications_10y": 15, "num_citations_10y": 16, "publications_years": {"2016": 6, "2015": 6, "2014": 3}, "citations_years": {"2020": 6, "2017": 4, "2018": 5, "2019": 11, "2014": 1, "2015": 3, "2016": 3}, "old_citations": {"2016": 16, "2015": 7, "2014": 10}, "isVisible": false}, "telecommunication systems": {"name": "telecommunication systems", "type": "topic", "h_index": 1187, "h5_index": 277, "num_publications": 15, "num_citations": 18, "num_publications_5y": 15, "num_citations_5y": 8, "num_publications_10y": 15, "num_citations_10y": 8, "publications_years": {"2015": 5, "2016": 7, "2014": 3}, "citations_years": {"2017": 5, "2018": 2, "2019": 7, "2020": 3, "2015": 1, "2016": 0}, "old_citations": {"2015": 7, "2016": 7, "2014": 4}, "isVisible": false}, "telecommunication networks": {"name": "telecommunication networks", "type": "topic", "h_index": 1116, "h5_index": 258, "num_publications": 13, "num_citations": 14, "num_publications_5y": 13, "num_citations_5y": 7, "num_publications_10y": 13, "num_citations_10y": 7, "publications_years": {"2015": 4, "2016": 6, "2014": 3}, "citations_years": {"2017": 5, "2018": 1, "2019": 4, "2020": 3, "2015": 1, "2016": 0}, "old_citations": {"2015": 7, "2016": 3, "2014": 4}, "isVisible": false}, "communication systems": {"name": "communication systems", "type": "topic", "h_index": 1092, "h5_index": 254, "num_publications": 12, "num_citations": 15, "num_publications_5y": 12, "num_citations_5y": 6, "num_publications_10y": 12, "num_citations_10y": 6, "publications_years": {"2015": 3, "2016": 7, "2014": 2}, "citations_years": {"2017": 4, "2018": 2, "2019": 6, "2020": 3}, "old_citations": {"2015": 7, "2016": 7, "2014": 1}, "isVisible": false}, "engineering": {"name": "engineering", "type": "topic", "h_index": 1177, "h5_index": 287, "num_publications": 12, "num_citations": 18, "num_publications_5y": 12, "num_citations_5y": 10, "num_publications_10y": 12, "num_citations_10y": 10, "publications_years": {"2015": 6, "2016": 4, "2014": 2}, "citations_years": {"2017": 2, "2018": 3, "2019": 6, "2020": 2, "2014": 1, "2015": 2, "2016": 2}, "old_citations": {"2015": 7, "2016": 4, "2014": 7}, "isVisible": false}, "wireless telecommunication systems": {"name": "wireless telecommunication systems", "type": "topic", "h_index": 1087, "h5_index": 254, "num_publications": 12, "num_citations": 15, "num_publications_5y": 12, "num_citations_5y": 6, "num_publications_10y": 12, "num_citations_10y": 6, "publications_years": {"2015": 3, "2016": 7, "2014": 2}, "citations_years": {"2017": 4, "2018": 2, "2019": 6, "2020": 3}, "old_citations": {"2015": 7, "2016": 7, "2014": 1}, "isVisible": false}, "data mining": {"name": "data mining", "type": "topic", "h_index": 861, "h5_index": 196, "num_publications": 11, "num_citations": 20, "num_publications_5y": 11, "num_citations_5y": 13, "num_publications_10y": 11, "num_citations_10y": 13, "publications_years": {"2015": 3, "2016": 4, "2014": 4}, "citations_years": {"2016": 3, "2017": 5, "2018": 3, "2019": 4, "2020": 3, "2015": 2}, "old_citations": {"2015": 8, "2016": 4, "2014": 8}, "isVisible": false}, "image segmentation": {"name": "image segmentation", "type": "topic", "h_index": 870, "h5_index": 282, "num_publications": 11, "num_citations": 28, "num_publications_5y": 11, "num_citations_5y": 15, "num_publications_10y": 11, "num_citations_10y": 15, "publications_years": {"2016": 8, "2014": 2, "2015": 1}, "citations_years": {"2020": 3, "2014": 1, "2015": 2, "2016": 2, "2017": 4, "2018": 6, "2019": 10}, "old_citations": {"2016": 18, "2014": 9, "2015": 1}, "isVisible": false}, "internet": {"name": "internet", "type": "topic", "h_index": 1102, "h5_index": 245, "num_publications": 11, "num_citations": 14, "num_publications_5y": 11, "num_citations_5y": 10, "num_publications_10y": 11, "num_citations_10y": 10, "publications_years": {"2016": 7, "2015": 2, "2014": 2}, "citations_years": {"2020": 2, "2014": 1, "2015": 2, "2016": 2, "2017": 2, "2018": 3, "2019": 2}, "old_citations": {"2016": 4, "2015": 1, "2014": 9}, "isVisible": false}, "neural networks": {"name": "neural networks", "type": "topic", "h_index": 604, "h5_index": 293, "num_publications": 10, "num_citations": 20, "num_publications_5y": 10, "num_citations_5y": 11, "num_publications_10y": 10, "num_citations_10y": 11, "publications_years": {"2016": 6, "2015": 3, "2014": 1}, "citations_years": {"2017": 5, "2018": 6, "2019": 7, "2020": 2}, "old_citations": {"2016": 13, "2015": 5, "2014": 2}, "isVisible": false}, "pattern recognition": {"name": "pattern recognition", "type": "topic", "h_index": 922, "h5_index": 287, "num_publications": 10, "num_citations": 26, "num_publications_5y": 10, "num_citations_5y": 13, "num_publications_10y": 10, "num_citations_10y": 13, "publications_years": {"2016": 6, "2015": 2, "2014": 2}, "citations_years": {"2020": 3, "2014": 1, "2015": 2, "2016": 2, "2017": 3, "2018": 5, "2019": 10}, "old_citations": {"2016": 16, "2015": 1, "2014": 9}, "isVisible": false}, "image reconstruction": {"name": "image reconstruction", "type": "topic", "h_index": 725, "h5_index": 240, "num_publications": 8, "num_citations": 25, "num_publications_5y": 8, "num_citations_5y": 13, "num_publications_10y": 8, "num_citations_10y": 13, "publications_years": {"2015": 4, "2016": 3, "2014": 1}, "citations_years": {"2017": 7, "2018": 6, "2019": 8, "2020": 4}, "old_citations": {"2015": 11, "2016": 12, "2014": 2}, "isVisible": false}, "information retrieval": {"name": "information retrieval", "type": "topic", "h_index": 882, "h5_index": 227, "num_publications": 7, "num_citations": 24, "num_publications_5y": 7, "num_citations_5y": 11, "num_publications_10y": 7, "num_citations_10y": 11, "publications_years": {"2016": 3, "2015": 2, "2014": 2}, "citations_years": {"2020": 4, "2016": 3, "2017": 2, "2018": 4, "2015": 2, "2019": 9}, "old_citations": {"2016": 15, "2015": 3, "2014": 6}, "isVisible": false}, "database systems": {"name": "database systems", "type": "topic", "h_index": 1167, "h5_index": 276, "num_publications": 7, "num_citations": 20, "num_publications_5y": 7, "num_citations_5y": 7, "num_publications_10y": 7, "num_citations_10y": 7, "publications_years": {"2016": 6, "2014": 1}, "citations_years": {"2020": 4, "2017": 2, "2018": 3, "2019": 9, "2015": 1, "2016": 1}, "old_citations": {"2016": 17, "2014": 3}, "isVisible": false}, "object recognition": {"name": "object recognition", "type": "topic", "h_index": 636, "h5_index": 229, "num_publications": 5, "num_citations": 18, "num_publications_5y": 5, "num_citations_5y": 9, "num_publications_10y": 5, "num_citations_10y": 9, "publications_years": {"2016": 3, "2014": 1, "2015": 1}, "citations_years": {"2014": 1, "2015": 2, "2016": 2, "2017": 1, "2018": 3, "2019": 7, "2020": 2}, "old_citations": {"2016": 10, "2014": 7, "2015": 1}, "isVisible": false}, "classifiers": {"name": "classifiers", "type": "topic", "h_index": 607, "h5_index": 162, "num_publications": 6, "num_citations": 14, "num_publications_5y": 6, "num_citations_5y": 6, "num_publications_10y": 6, "num_citations_10y": 6, "publications_years": {"2016": 5, "2015": 1}, "citations_years": {"2017": 2, "2018": 3, "2019": 6, "2020": 2, "2015": 1}, "old_citations": {"2016": 13, "2015": 1}, "isVisible": false}, "image enhancement": {"name": "image enhancement", "type": "topic", "h_index": 629, "h5_index": 189, "num_publications": 5, "num_citations": 16, "num_publications_5y": 5, "num_citations_5y": 5, "num_publications_10y": 5, "num_citations_10y": 5, "publications_years": {"2016": 4, "2015": 1}, "citations_years": {"2020": 3, "2017": 2, "2018": 3, "2019": 8}, "old_citations": {"2016": 16, "2015": 0}, "isVisible": false}, "image retrieval": {"name": "image retrieval", "type": "topic", "h_index": 558, "h5_index": 170, "num_publications": 3, "num_citations": 15, "num_publications_5y": 3, "num_citations_5y": 4, "num_publications_10y": 3, "num_citations_10y": 4, "publications_years": {"2016": 3}, "citations_years": {"2020": 3, "2018": 3, "2019": 8, "2017": 1}, "old_citations": {"2016": 15}, "isVisible": false}, "correlation analysis": {"name": "correlation analysis", "type": "topic", "h_index": 1044, "h5_index": 224, "num_publications": 5, "num_citations": 16, "num_publications_5y": 5, "num_citations_5y": 6, "num_publications_10y": 5, "num_citations_10y": 6, "publications_years": {"2016": 3, "2015": 1, "2014": 1}, "citations_years": {"2020": 4, "2017": 2, "2019": 6, "2018": 2, "2015": 1, "2016": 1}, "old_citations": {"2016": 12, "2015": 1, "2014": 3}, "isVisible": false}, "classification methods": {"name": "classification methods", "type": "topic", "h_index": 551, "h5_index": 185, "num_publications": 6, "num_citations": 17, "num_publications_5y": 6, "num_citations_5y": 7, "num_publications_10y": 6, "num_citations_10y": 7, "publications_years": {"2016": 3, "2015": 3}, "citations_years": {"2019": 8, "2017": 3, "2018": 3, "2020": 2, "2015": 1}, "old_citations": {"2016": 11, "2015": 6}, "isVisible": false}, "support vector machine": {"name": "support vector machine", "type": "topic", "h_index": 464, "h5_index": 124, "num_publications": 4, "num_citations": 11, "num_publications_5y": 4, "num_citations_5y": 3, "num_publications_10y": 4, "num_citations_10y": 3, "publications_years": {"2016": 4}, "citations_years": {"2019": 6, "2017": 1, "2018": 2, "2020": 2}, "old_citations": {"2016": 11}, "isVisible": false}}, "authors": {"2608577774": {"name": "jin zhou", "type": "author", "activity": 14, "h_index": 5, "h5_index": 2, "mag_id": "2608577774", "num_publications": 9, "num_citations": 13, "num_publications_5y": 9, "num_citations_5y": 7, "num_publications_10y": 9, "num_citations_10y": 7, "publications_years": {"2016": 5, "2015": 4}, "citations_years": {"2020": 3, "2017": 4, "2018": 2, "2019": 3, "2015": 1}, "old_citations": {"2016": 5, "2015": 8}, "isVisible": true}, "2037336103": {"name": "c l philip chen", "type": "author", "activity": 29, "h_index": 27, "h5_index": 16, "mag_id": "2037336103", "num_publications": 5, "num_citations": 7, "num_publications_5y": 5, "num_citations_5y": 4, "num_publications_10y": 5, "num_citations_10y": 4, "publications_years": {"2015": 3, "2014": 1, "2016": 1}, "citations_years": {"2017": 2, "2018": 2, "2019": 1, "2020": 2}, "old_citations": {"2015": 6, "2014": 0, "2016": 1}, "isVisible": true}, "2153255558": {"name": "shiyuan han", "type": "author", "activity": 8, "h_index": 2, "h5_index": 1, "mag_id": "2153255558", "num_publications": 4, "num_citations": 2, "num_publications_5y": 4, "num_citations_5y": 1, "num_publications_10y": 4, "num_citations_10y": 1, "publications_years": {"2016": 2, "2015": 2}, "citations_years": {"2019": 1, "2015": 1}, "old_citations": {"2016": 1, "2015": 1}, "isVisible": false}, "2306295481": {"name": "long chen", "type": "author", "activity": 15, "h_index": 8, "h5_index": 4, "mag_id": "2306295481", "num_publications": 4, "num_citations": 7, "num_publications_5y": 4, "num_citations_5y": 4, "num_publications_10y": 4, "num_citations_10y": 4, "publications_years": {"2015": 2, "2014": 1, "2016": 1}, "citations_years": {"2017": 2, "2018": 2, "2019": 1, "2020": 2}, "old_citations": {"2015": 6, "2014": 0, "2016": 1}, "isVisible": false}, "2555644399": {"name": "lin wang", "type": "author", "activity": 14, "h_index": 8, "h5_index": 5, "mag_id": "2555644399", "num_publications": 4, "num_citations": 5, "num_publications_5y": 4, "num_citations_5y": 4, "num_publications_10y": 4, "num_citations_10y": 4, "publications_years": {"2016": 4}, "citations_years": {"2020": 1, "2017": 3, "2018": 1}, "old_citations": {"2016": 5}, "isVisible": false}, "2617766117": {"name": "dong wang", "type": "author", "activity": 7, "h_index": 3, "h5_index": 3, "mag_id": "2617766117", "num_publications": 4, "num_citations": 2, "num_publications_5y": 4, "num_citations_5y": 1, "num_publications_10y": 4, "num_citations_10y": 1, "publications_years": {"2016": 2, "2015": 2}, "citations_years": {"2019": 1, "2015": 1}, "old_citations": {"2016": 1, "2015": 1}, "isVisible": false}, "2715926689": {"name": "xiuyang zhao", "type": "author", "activity": 8, "h_index": 2, "h5_index": 2, "mag_id": "2715926689", "num_publications": 4, "num_citations": 4, "num_publications_5y": 4, "num_citations_5y": 3, "num_publications_10y": 4, "num_citations_10y": 3, "publications_years": {"2016": 4}, "citations_years": {"2020": 1, "2017": 2, "2018": 1}, "old_citations": {"2016": 4}, "isVisible": false}, "2144134715": {"name": "yuehui chen", "type": "author", "activity": 20, "h_index": 20, "h5_index": 6, "mag_id": "2144134715", "num_publications": 2, "num_citations": 1, "num_publications_5y": 2, "num_citations_5y": 1, "num_publications_10y": 2, "num_citations_10y": 1, "publications_years": {"2015": 2}, "citations_years": {"2015": 1}, "old_citations": {"2015": 1}, "isVisible": false}, "2495399568": {"name": "bo yang", "type": "author", "activity": 17, "h_index": 14, "h5_index": 7, "mag_id": "2495399568", "num_publications": 2, "num_citations": 2, "num_publications_5y": 2, "num_citations_5y": 1, "num_publications_10y": 2, "num_citations_10y": 1, "publications_years": {"2016": 2}, "citations_years": {"2020": 1, "2017": 1}, "old_citations": {"2016": 2}, "isVisible": false}, "2528564386": {"name": "shuangrong liu", "type": "author", "activity": 4, "h_index": 2, "h5_index": 2, "mag_id": "2528564386", "num_publications": 2, "num_citations": 3, "num_publications_5y": 2, "num_citations_5y": 2, "num_publications_10y": 2, "num_citations_10y": 2, "publications_years": {"2016": 2}, "citations_years": {"2020": 1, "2017": 1, "2018": 1}, "old_citations": {"2016": 3}, "isVisible": false}, "2529118291": {"name": "jifeng guo", "type": "author", "activity": 5, "h_index": 2, "h5_index": 2, "mag_id": "2529118291", "num_publications": 2, "num_citations": 3, "num_publications_5y": 2, "num_citations_5y": 2, "num_publications_10y": 2, "num_citations_10y": 2, "publications_years": {"2016": 2}, "citations_years": {"2020": 1, "2017": 1, "2018": 1}, "old_citations": {"2016": 3}, "isVisible": false}, "2531039452": {"name": "wenzheng bao", "type": "author", "activity": 8, "h_index": 4, "h5_index": 4, "mag_id": "2531039452", "num_publications": 2, "num_citations": 1, "num_publications_5y": 2, "num_citations_5y": 1, "num_publications_10y": 2, "num_citations_10y": 1, "publications_years": {"2015": 2}, "citations_years": {"2015": 1}, "old_citations": {"2015": 1}, "isVisible": false}, "2559044563": {"name": "chaotian chen", "type": "author", "activity": 1, "h_index": 0, "h5_index": 0, "mag_id": "2559044563", "num_publications": 2, "num_citations": 0, "num_publications_5y": 2, "num_citations_5y": 0, "num_publications_10y": 2, "num_citations_10y": 0, "publications_years": {"2015": 2}, "citations_years": {}, "old_citations": {"2015": 0}, "isVisible": false}, "2639048411": {"name": "jing wang", "type": "author", "activity": 6, "h_index": 4, "h5_index": 1, "mag_id": "2639048411", "num_publications": 2, "num_citations": 0, "num_publications_5y": 2, "num_citations_5y": 0, "num_publications_10y": 2, "num_citations_10y": 0, "publications_years": {"2015": 2}, "citations_years": {}, "old_citations": {"2015": 0}, "isVisible": false}, "2672022742": {"name": "hong mo", "type": "author", "activity": 2, "h_index": 0, "h5_index": 0, "mag_id": "2672022742", "num_publications": 2, "num_citations": 0, "num_publications_5y": 2, "num_citations_5y": 0, "num_publications_10y": 2, "num_citations_10y": 0, "publications_years": {"2014": 1, "2015": 1}, "citations_years": {}, "old_citations": {"2014": 0, "2015": 0}, "isVisible": false}, "414810450": {"name": "manop phankokkruad", "type": "author", "activity": 8, "h_index": 3, "h5_index": 2, "mag_id": "414810450", "num_publications": 1, "num_citations": 1, "num_publications_5y": 1, "num_citations_5y": 1, "num_publications_10y": 1, "num_citations_10y": 1, "publications_years": {"2015": 1}, "citations_years": {"2016": 1}, "old_citations": {"2015": 1}, "isVisible": false}, "968969903": {"name": "zhang huaguang", "type": "author", "activity": 27, "h_index": 12, "h5_index": 4, "mag_id": "968969903", "num_publications": 1, "num_citations": 0, "num_publications_5y": 1, "num_citations_5y": 0, "num_publications_10y": 1, "num_citations_10y": 0, "publications_years": {"2016": 1}, "citations_years": {}, "old_citations": {"2016": 0}, "isVisible": false}, "1967510572": {"name": "lawrence henesey", "type": "author", "activity": 13, "h_index": 6, "h5_index": 0, "mag_id": "1967510572", "num_publications": 1, "num_citations": 3, "num_publications_5y": 1, "num_citations_5y": 2, "num_publications_10y": 1, "num_citations_10y": 2, "publications_years": {"2014": 1}, "citations_years": {"2015": 1, "2016": 1, "2017": 0, "2018": 0, "2019": 0, "2020": 1}, "old_citations": {"2014": 3}, "isVisible": false}, "1972039403": {"name": "shoaib bakhtyar", "type": "author", "activity": 2, "h_index": 2, "h5_index": 0, "mag_id": "1972039403", "num_publications": 1, "num_citations": 3, "num_publications_5y": 1, "num_citations_5y": 2, "num_publications_10y": 1, "num_citations_10y": 2, "publications_years": {"2014": 1}, "citations_years": {"2015": 1, "2016": 1, "2017": 0, "2018": 0, "2019": 0, "2020": 1}, "old_citations": {"2014": 3}, "isVisible": false}, "2078849992": {"name": "klausdieter kuhnert", "type": "author", "activity": 30, "h_index": 9, "h5_index": 3, "mag_id": "2078849992", "num_publications": 1, "num_citations": 2, "num_publications_5y": 1, "num_citations_5y": 2, "num_publications_10y": 1, "num_citations_10y": 2, "publications_years": {"2014": 1}, "citations_years": {"2017": 1, "2018": 1}, "old_citations": {"2014": 2}, "isVisible": false}, "2102811690": {"name": "kyungtaek lee", "type": "author", "activity": 15, "h_index": 7, "h5_index": 2, "mag_id": "2102811690", "num_publications": 1, "num_citations": 0, "num_publications_5y": 1, "num_citations_5y": 0, "num_publications_10y": 1, "num_citations_10y": 0, "publications_years": {"2015": 1}, "citations_years": {}, "old_citations": {"2015": 0}, "isVisible": false}, "2117669428": {"name": "fenghua zhu", "type": "author", "activity": 13, "h_index": 12, "h5_index": 2, "mag_id": "2117669428", "num_publications": 1, "num_citations": 0, "num_publications_5y": 1, "num_citations_5y": 0, "num_publications_10y": 1, "num_citations_10y": 0, "publications_years": {"2015": 1}, "citations_years": {}, "old_citations": {"2015": 0}, "isVisible": false}, "2120531077": {"name": "chihching hsiao", "type": "author", "activity": 16, "h_index": 3, "h5_index": 1, "mag_id": "2120531077", "num_publications": 1, "num_citations": 1, "num_publications_5y": 1, "num_citations_5y": 0, "num_publications_10y": 1, "num_citations_10y": 0, "publications_years": {"2015": 1}, "citations_years": {"2020": 1}, "old_citations": {"2015": 1}, "isVisible": false}, "2137187158": {"name": "jintsong jeng", "type": "author", "activity": 20, "h_index": 9, "h5_index": 1, "mag_id": "2137187158", "num_publications": 1, "num_citations": 1, "num_publications_5y": 1, "num_citations_5y": 0, "num_publications_10y": 1, "num_citations_10y": 0, "publications_years": {"2015": 1}, "citations_years": {"2020": 1}, "old_citations": {"2015": 1}, "isVisible": false}, "2142387811": {"name": "xumi qu", "type": "author", "activity": 4, "h_index": 2, "h5_index": 1, "mag_id": "2142387811", "num_publications": 1, "num_citations": 0, "num_publications_5y": 1, "num_citations_5y": 0, "num_publications_10y": 1, "num_citations_10y": 0, "publications_years": {"2015": 1}, "citations_years": {}, "old_citations": {"2015": 0}, "isVisible": false}, "2145993378": {"name": "peixun liu", "type": "author", "activity": 2, "h_index": 4, "h5_index": 0, "mag_id": "2145993378", "num_publications": 1, "num_citations": 7, "num_publications_5y": 1, "num_citations_5y": 6, "num_publications_10y": 1, "num_citations_10y": 6, "publications_years": {"2014": 1}, "citations_years": {"2014": 1, "2015": 2, "2016": 2, "2017": 0, "2018": 1, "2019": 1}, "old_citations": {"2014": 7}, "isVisible": false}, "2148147057": {"name": "hyoseok yoon", "type": "author", "activity": 14, "h_index": 7, "h5_index": 2, "mag_id": "2148147057", "num_publications": 1, "num_citations": 0, "num_publications_5y": 1, "num_citations_5y": 0, "num_publications_10y": 1, "num_citations_10y": 0, "publications_years": {"2015": 1}, "citations_years": {}, "old_citations": {"2015": 0}, "isVisible": false}, "2149547754": {"name": "wenhui li", "type": "author", "activity": 10, "h_index": 5, "h5_index": 1, "mag_id": "2149547754", "num_publications": 1, "num_citations": 7, "num_publications_5y": 1, "num_citations_5y": 6, "num_publications_10y": 1, "num_citations_10y": 6, "publications_years": {"2014": 1}, "citations_years": {"2014": 1, "2015": 2, "2016": 2, "2017": 0, "2018": 1, "2019": 1}, "old_citations": {"2014": 7}, "isVisible": false}, "2150824809": {"name": "chenchia chuang", "type": "author", "activity": 18, "h_index": 8, "h5_index": 0, "mag_id": "2150824809", "num_publications": 1, "num_citations": 1, "num_publications_5y": 1, "num_citations_5y": 0, "num_publications_10y": 1, "num_citations_10y": 0, "publications_years": {"2015": 1}, "citations_years": {"2020": 1}, "old_citations": {"2015": 1}, "isVisible": false}, "2152120924": {"name": "lars kuhnert", "type": "author", "activity": 10, "h_index": 4, "h5_index": 0, "mag_id": "2152120924", "num_publications": 1, "num_citations": 2, "num_publications_5y": 1, "num_citations_5y": 2, "num_publications_10y": 1, "num_citations_10y": 2, "publications_years": {"2014": 1}, "citations_years": {"2017": 1, "2018": 1}, "old_citations": {"2014": 2}, "isVisible": false}, "2157465989": {"name": "feiyue wang", "type": "author", "activity": 31, "h_index": 40, "h5_index": 17, "mag_id": "2157465989", "num_publications": 1, "num_citations": 0, "num_publications_5y": 1, "num_citations_5y": 0, "num_publications_10y": 1, "num_citations_10y": 0, "publications_years": {"2015": 1}, "citations_years": {}, "old_citations": {"2015": 0}, "isVisible": false}, "2224109584": {"name": "xiaohu gong", "type": "author", "activity": 1, "h_index": 1, "h5_index": 0, "mag_id": "2224109584", "num_publications": 1, "num_citations": 7, "num_publications_5y": 1, "num_citations_5y": 6, "num_publications_10y": 1, "num_citations_10y": 6, "publications_years": {"2014": 1}, "citations_years": {"2014": 1, "2015": 2, "2016": 2, "2017": 0, "2018": 1, "2019": 1}, "old_citations": {"2014": 7}, "isVisible": false}, "2224819237": {"name": "chiushan chen", "type": "author", "activity": 1, "h_index": 0, "h5_index": 0, "mag_id": "2224819237", "num_publications": 1, "num_citations": 0, "num_publications_5y": 1, "num_citations_5y": 0, "num_publications_10y": 1, "num_citations_10y": 0, "publications_years": {"2015": 1}, "citations_years": {}, "old_citations": {"2015": 0}, "isVisible": false}, "2225265720": {"name": "yuchen ouyang", "type": "author", "activity": 1, "h_index": 0, "h5_index": 0, "mag_id": "2225265720", "num_publications": 1, "num_citations": 0, "num_publications_5y": 1, "num_citations_5y": 0, "num_publications_10y": 1, "num_citations_10y": 0, "publications_years": {"2014": 1}, "citations_years": {}, "old_citations": {"2014": 0}, "isVisible": false}, "2227985074": {"name": "chanawee chanavaltada", "type": "author", "activity": 1, "h_index": 1, "h5_index": 0, "mag_id": "2227985074", "num_publications": 1, "num_citations": 1, "num_publications_5y": 1, "num_citations_5y": 1, "num_publications_10y": 1, "num_citations_10y": 1, "publications_years": {"2015": 1}, "citations_years": {"2016": 1}, "old_citations": {"2015": 1}, "isVisible": false}, "2228685137": {"name": "likai dong", "type": "author", "activity": 4, "h_index": 1, "h5_index": 1, "mag_id": "2228685137", "num_publications": 1, "num_citations": 1, "num_publications_5y": 1, "num_citations_5y": 1, "num_publications_10y": 1, "num_citations_10y": 1, "publications_years": {"2015": 1}, "citations_years": {"2015": 1}, "old_citations": {"2015": 1}, "isVisible": false}, "2229599659": {"name": "pohsien liu", "type": "author", "activity": 1, "h_index": 1, "h5_index": 0, "mag_id": "2229599659", "num_publications": 1, "num_citations": 5, "num_publications_5y": 1, "num_citations_5y": 3, "num_publications_10y": 1, "num_citations_10y": 3, "publications_years": {"2015": 1}, "citations_years": {"2017": 2, "2018": 1, "2019": 2}, "old_citations": {"2015": 5}, "isVisible": false}, "2231066328": {"name": "yuyang ho", "type": "author", "activity": 1, "h_index": 1, "h5_index": 0, "mag_id": "2231066328", "num_publications": 1, "num_citations": 1, "num_publications_5y": 1, "num_citations_5y": 0, "num_publications_10y": 1, "num_citations_10y": 0, "publications_years": {"2015": 1}, "citations_years": {"2020": 1}, "old_citations": {"2015": 1}, "isVisible": false}, "2232412964": {"name": "tzuang chen", "type": "author", "activity": 1, "h_index": 0, "h5_index": 0, "mag_id": "2232412964", "num_publications": 1, "num_citations": 0, "num_publications_5y": 1, "num_citations_5y": 0, "num_publications_10y": 1, "num_citations_10y": 0, "publications_years": {"2015": 1}, "citations_years": {}, "old_citations": {"2015": 0}, "isVisible": false}, "2232464080": {"name": "panpaporn likitphanitkul", "type": "author", "activity": 1, "h_index": 1, "h5_index": 0, "mag_id": "2232464080", "num_publications": 1, "num_citations": 1, "num_publications_5y": 1, "num_citations_5y": 1, "num_publications_10y": 1, "num_citations_10y": 1, "publications_years": {"2015": 1}, "citations_years": {"2016": 1}, "old_citations": {"2015": 1}, "isVisible": false}, "2233266934": {"name": "weihe zhong", "type": "author", "activity": 1, "h_index": 1, "h5_index": 1, "mag_id": "2233266934", "num_publications": 1, "num_citations": 4, "num_publications_5y": 1, "num_citations_5y": 1, "num_publications_10y": 1, "num_citations_10y": 1, "publications_years": {"2016": 1}, "citations_years": {"2018": 1, "2019": 3}, "old_citations": {"2016": 4}, "isVisible": false}, "2237112505": {"name": "shunfeng su", "type": "author", "activity": 18, "h_index": 16, "h5_index": 7, "mag_id": "2237112505", "num_publications": 1, "num_citations": 5, "num_publications_5y": 1, "num_citations_5y": 3, "num_publications_10y": 1, "num_citations_10y": 3, "publications_years": {"2015": 1}, "citations_years": {"2017": 2, "2018": 1, "2019": 2}, "old_citations": {"2015": 5}, "isVisible": false}, "2238507112": {"name": "liang hongjing", "type": "author", "activity": 2, "h_index": 0, "h5_index": 0, "mag_id": "2238507112", "num_publications": 1, "num_citations": 0, "num_publications_5y": 1, "num_citations_5y": 0, "num_publications_10y": 1, "num_citations_10y": 0, "publications_years": {"2016": 1}, "citations_years": {}, "old_citations": {"2016": 0}, "isVisible": false}, "2247683455": {"name": "fan peng", "type": "author", "activity": 1, "h_index": 0, "h5_index": 0, "mag_id": "2247683455", "num_publications": 1, "num_citations": 0, "num_publications_5y": 1, "num_citations_5y": 0, "num_publications_10y": 1, "num_citations_10y": 0, "publications_years": {"2014": 1}, "citations_years": {}, "old_citations": {"2014": 0}, "isVisible": false}, "2283301324": {"name": "yuan yan tang", "type": "author", "activity": 30, "h_index": 29, "h5_index": 15, "mag_id": "2283301324", "num_publications": 1, "num_citations": 0, "num_publications_5y": 1, "num_citations_5y": 0, "num_publications_10y": 1, "num_citations_10y": 0, "publications_years": {"2015": 1}, "citations_years": {}, "old_citations": {"2015": 0}, "isVisible": false}, "2286385805": {"name": "qiying feng", "type": "author", "activity": 2, "h_index": 1, "h5_index": 1, "mag_id": "2286385805", "num_publications": 1, "num_citations": 1, "num_publications_5y": 1, "num_citations_5y": 1, "num_publications_10y": 1, "num_citations_10y": 1, "publications_years": {"2016": 1}, "citations_years": {"2018": 1}, "old_citations": {"2016": 1}, "isVisible": false}, "2293097998": {"name": "junwei duan", "type": "author", "activity": 3, "h_index": 2, "h5_index": 1, "mag_id": "2293097998", "num_publications": 1, "num_citations": 0, "num_publications_5y": 1, "num_citations_5y": 0, "num_publications_10y": 1, "num_citations_10y": 0, "publications_years": {"2014": 1}, "citations_years": {}, "old_citations": {"2014": 0}, "isVisible": false}, "2293553978": {"name": "yuju lin", "type": "author", "activity": 1, "h_index": 0, "h5_index": 0, "mag_id": "2293553978", "num_publications": 1, "num_citations": 0, "num_publications_5y": 1, "num_citations_5y": 0, "num_publications_10y": 1, "num_citations_10y": 0, "publications_years": {"2015": 1}, "citations_years": {}, "old_citations": {"2015": 0}, "isVisible": false}, "2309566057": {"name": "yueshiang liu", "type": "author", "activity": 1, "h_index": 1, "h5_index": 0, "mag_id": "2309566057", "num_publications": 1, "num_citations": 1, "num_publications_5y": 1, "num_citations_5y": 0, "num_publications_10y": 1, "num_citations_10y": 0, "publications_years": {"2015": 1}, "citations_years": {"2020": 1}, "old_citations": {"2015": 1}, "isVisible": false}, "2311978675": {"name": "yan ying", "type": "author", "activity": 1, "h_index": 1, "h5_index": 0, "mag_id": "2311978675", "num_publications": 1, "num_citations": 2, "num_publications_5y": 1, "num_citations_5y": 2, "num_publications_10y": 1, "num_citations_10y": 2, "publications_years": {"2015": 1}, "citations_years": {"2016": 1, "2017": 0, "2018": 1}, "old_citations": {"2015": 2}, "isVisible": false}, "2423543792": {"name": "yingqi chen", "type": "author", "activity": 1, "h_index": 0, "h5_index": 0, "mag_id": "2423543792", "num_publications": 1, "num_citations": 0, "num_publications_5y": 1, "num_citations_5y": 0, "num_publications_10y": 1, "num_citations_10y": 0, "publications_years": {"2015": 1}, "citations_years": {}, "old_citations": {"2015": 0}, "isVisible": false}, "2428094608": {"name": "dan tan", "type": "author", "activity": 1, "h_index": 0, "h5_index": 0, "mag_id": "2428094608", "num_publications": 1, "num_citations": 0, "num_publications_5y": 1, "num_citations_5y": 0, "num_publications_10y": 1, "num_citations_10y": 0, "publications_years": {"2014": 1}, "citations_years": {}, "old_citations": {"2014": 0}, "isVisible": false}, "2428155037": {"name": "na zhang", "type": "author", "activity": 4, "h_index": 1, "h5_index": 1, "mag_id": "2428155037", "num_publications": 1, "num_citations": 1, "num_publications_5y": 1, "num_citations_5y": 0, "num_publications_10y": 1, "num_citations_10y": 0, "publications_years": {"2016": 1}, "citations_years": {"2020": 1}, "old_citations": {"2016": 1}, "isVisible": false}, "2428189068": {"name": "mo hong", "type": "author", "activity": 5, "h_index": 1, "h5_index": 0, "mag_id": "2428189068", "num_publications": 1, "num_citations": 1, "num_publications_5y": 1, "num_citations_5y": 1, "num_publications_10y": 1, "num_citations_10y": 1, "publications_years": {"2014": 1}, "citations_years": {"2016": 1}, "old_citations": {"2014": 1}, "isVisible": false}, "2434838763": {"name": "yang yu", "type": "author", "activity": 1, "h_index": 0, "h5_index": 0, "mag_id": "2434838763", "num_publications": 1, "num_citations": 0, "num_publications_5y": 1, "num_citations_5y": 0, "num_publications_10y": 1, "num_citations_10y": 0, "publications_years": {"2016": 1}, "citations_years": {}, "old_citations": {"2016": 0}, "isVisible": false}, "2437954622": {"name": "wang jie", "type": "author", "activity": 1, "h_index": 1, "h5_index": 0, "mag_id": "2437954622", "num_publications": 1, "num_citations": 1, "num_publications_5y": 1, "num_citations_5y": 1, "num_publications_10y": 1, "num_citations_10y": 1, "publications_years": {"2014": 1}, "citations_years": {"2016": 1}, "old_citations": {"2014": 1}, "isVisible": false}, "2491061938": {"name": "ruizhi han", "type": "author", "activity": 2, "h_index": 0, "h5_index": 0, "mag_id": "2491061938", "num_publications": 1, "num_citations": 0, "num_publications_5y": 1, "num_citations_5y": 0, "num_publications_10y": 1, "num_citations_10y": 0, "publications_years": {"2016": 1}, "citations_years": {}, "old_citations": {"2016": 0}, "isVisible": false}, "2498685851": {"name": "qi luo", "type": "author", "activity": 1, "h_index": 1, "h5_index": 0, "mag_id": "2498685851", "num_publications": 1, "num_citations": 3, "num_publications_5y": 1, "num_citations_5y": 2, "num_publications_10y": 1, "num_citations_10y": 2, "publications_years": {"2014": 1}, "citations_years": {"2015": 1, "2016": 0, "2017": 1, "2018": 0, "2019": 1}, "old_citations": {"2014": 3}, "isVisible": false}, "2527736972": {"name": "lin yang", "type": "author", "activity": 1, "h_index": 1, "h5_index": 1, "mag_id": "2527736972", "num_publications": 1, "num_citations": 1, "num_publications_5y": 1, "num_citations_5y": 0, "num_publications_10y": 1, "num_citations_10y": 0, "publications_years": {"2016": 1}, "citations_years": {"2019": 1}, "old_citations": {"2016": 1}, "isVisible": false}, "2527741715": {"name": "kai wang", "type": "author", "activity": 2, "h_index": 1, "h5_index": 1, "mag_id": "2527741715", "num_publications": 1, "num_citations": 1, "num_publications_5y": 1, "num_citations_5y": 1, "num_publications_10y": 1, "num_citations_10y": 1, "publications_years": {"2016": 1}, "citations_years": {"2017": 1}, "old_citations": {"2016": 1}, "isVisible": false}, "2527792511": {"name": "xiaofang wang", "type": "author", "activity": 2, "h_index": 0, "h5_index": 0, "mag_id": "2527792511", "num_publications": 1, "num_citations": 0, "num_publications_5y": 1, "num_citations_5y": 0, "num_publications_10y": 1, "num_citations_10y": 0, "publications_years": {"2016": 1}, "citations_years": {}, "old_citations": {"2016": 0}, "isVisible": false}, "2527877946": {"name": "jinwen yang", "type": "author", "activity": 1, "h_index": 1, "h5_index": 1, "mag_id": "2527877946", "num_publications": 1, "num_citations": 4, "num_publications_5y": 1, "num_citations_5y": 1, "num_publications_10y": 1, "num_citations_10y": 1, "publications_years": {"2016": 1}, "citations_years": {"2018": 1, "2019": 3}, "old_citations": {"2016": 4}, "isVisible": false}, "2527924046": {"name": "huixin chen", "type": "author", "activity": 1, "h_index": 0, "h5_index": 0, "mag_id": "2527924046", "num_publications": 1, "num_citations": 0, "num_publications_5y": 1, "num_citations_5y": 0, "num_publications_10y": 1, "num_citations_10y": 0, "publications_years": {"2016": 1}, "citations_years": {}, "old_citations": {"2016": 0}, "isVisible": false}, "2527968615": {"name": "jhihchung deng", "type": "author", "activity": 1, "h_index": 0, "h5_index": 0, "mag_id": "2527968615", "num_publications": 1, "num_citations": 0, "num_publications_5y": 1, "num_citations_5y": 0, "num_publications_10y": 1, "num_citations_10y": 0, "publications_years": {"2016": 1}, "citations_years": {}, "old_citations": {"2016": 0}, "isVisible": false}, "2528054294": {"name": "chang li", "type": "author", "activity": 1, "h_index": 1, "h5_index": 1, "mag_id": "2528054294", "num_publications": 1, "num_citations": 1, "num_publications_5y": 1, "num_citations_5y": 0, "num_publications_10y": 1, "num_citations_10y": 0, "publications_years": {"2016": 1}, "citations_years": {"2019": 1}, "old_citations": {"2016": 1}, "isVisible": false}, "2528294828": {"name": "hao teng", "type": "author", "activity": 2, "h_index": 1, "h5_index": 1, "mag_id": "2528294828", "num_publications": 1, "num_citations": 0, "num_publications_5y": 1, "num_citations_5y": 0, "num_publications_10y": 1, "num_citations_10y": 0, "publications_years": {"2016": 1}, "citations_years": {}, "old_citations": {"2016": 0}, "isVisible": false}, "2528405551": {"name": "yamin han", "type": "author", "activity": 2, "h_index": 1, "h5_index": 1, "mag_id": "2528405551", "num_publications": 1, "num_citations": 1, "num_publications_5y": 1, "num_citations_5y": 1, "num_publications_10y": 1, "num_citations_10y": 1, "publications_years": {"2016": 1}, "citations_years": {"2017": 1}, "old_citations": {"2016": 1}, "isVisible": false}, "2528429920": {"name": "lihui zhao", "type": "author", "activity": 1, "h_index": 1, "h5_index": 1, "mag_id": "2528429920", "num_publications": 1, "num_citations": 1, "num_publications_5y": 1, "num_citations_5y": 1, "num_publications_10y": 1, "num_citations_10y": 1, "publications_years": {"2016": 1}, "citations_years": {"2017": 1}, "old_citations": {"2016": 1}, "isVisible": false}, "2528484765": {"name": "xibiao cai", "type": "author", "activity": 3, "h_index": 2, "h5_index": 2, "mag_id": "2528484765", "num_publications": 1, "num_citations": 10, "num_publications_5y": 1, "num_citations_5y": 3, "num_publications_10y": 1, "num_citations_10y": 3, "publications_years": {"2016": 1}, "citations_years": {"2017": 1, "2018": 2, "2019": 5, "2020": 2}, "old_citations": {"2016": 10}, "isVisible": false}, "2528590307": {"name": "guangshun wei", "type": "author", "activity": 1, "h_index": 0, "h5_index": 0, "mag_id": "2528590307", "num_publications": 1, "num_citations": 0, "num_publications_5y": 1, "num_citations_5y": 0, "num_publications_10y": 1, "num_citations_10y": 0, "publications_years": {"2016": 1}, "citations_years": {}, "old_citations": {"2016": 0}, "isVisible": false}, "2528631491": {"name": "jing sun", "type": "author", "activity": 3, "h_index": 2, "h5_index": 2, "mag_id": "2528631491", "num_publications": 1, "num_citations": 10, "num_publications_5y": 1, "num_citations_5y": 3, "num_publications_10y": 1, "num_citations_10y": 3, "publications_years": {"2016": 1}, "citations_years": {"2017": 1, "2018": 2, "2019": 5, "2020": 2}, "old_citations": {"2016": 10}, "isVisible": false}, "2528638689": {"name": "liangliang zhang", "type": "author", "activity": 5, "h_index": 1, "h5_index": 1, "mag_id": "2528638689", "num_publications": 1, "num_citations": 1, "num_publications_5y": 1, "num_citations_5y": 1, "num_publications_10y": 1, "num_citations_10y": 1, "publications_years": {"2016": 1}, "citations_years": {"2017": 1}, "old_citations": {"2016": 1}, "isVisible": false}, "2528838271": {"name": "huixin chen", "type": "author", "activity": 1, "h_index": 1, "h5_index": 1, "mag_id": "2528838271", "num_publications": 1, "num_citations": 1, "num_publications_5y": 1, "num_citations_5y": 1, "num_publications_10y": 1, "num_citations_10y": 1, "publications_years": {"2016": 1}, "citations_years": {"2017": 1}, "old_citations": {"2016": 1}, "isVisible": false}, "2528868469": {"name": "xiaodong wang", "type": "author", "activity": 1, "h_index": 0, "h5_index": 0, "mag_id": "2528868469", "num_publications": 1, "num_citations": 0, "num_publications_5y": 1, "num_citations_5y": 0, "num_publications_10y": 1, "num_citations_10y": 0, "publications_years": {"2016": 1}, "citations_years": {}, "old_citations": {"2016": 0}, "isVisible": false}, "2529133196": {"name": "zhongtao li", "type": "author", "activity": 2, "h_index": 1, "h5_index": 1, "mag_id": "2529133196", "num_publications": 1, "num_citations": 1, "num_publications_5y": 1, "num_citations_5y": 1, "num_publications_10y": 1, "num_citations_10y": 1, "publications_years": {"2016": 1}, "citations_years": {"2017": 1}, "old_citations": {"2016": 1}, "isVisible": false}, "2529313338": {"name": "jingxin du", "type": "author", "activity": 1, "h_index": 1, "h5_index": 1, "mag_id": "2529313338", "num_publications": 1, "num_citations": 1, "num_publications_5y": 1, "num_citations_5y": 0, "num_publications_10y": 1, "num_citations_10y": 0, "publications_years": {"2016": 1}, "citations_years": {"2019": 1}, "old_citations": {"2016": 1}, "isVisible": false}, "2529363614": {"name": "jianguo zhang", "type": "author", "activity": 1, "h_index": 1, "h5_index": 1, "mag_id": "2529363614", "num_publications": 1, "num_citations": 10, "num_publications_5y": 1, "num_citations_5y": 3, "num_publications_10y": 1, "num_citations_10y": 3, "publications_years": {"2016": 1}, "citations_years": {"2017": 1, "2018": 2, "2019": 5, "2020": 2}, "old_citations": {"2016": 10}, "isVisible": false}, "2529409397": {"name": "wang jingge", "type": "author", "activity": 4, "h_index": 0, "h5_index": 0, "mag_id": "2529409397", "num_publications": 1, "num_citations": 0, "num_publications_5y": 1, "num_citations_5y": 0, "num_publications_10y": 1, "num_citations_10y": 0, "publications_years": {"2016": 1}, "citations_years": {}, "old_citations": {"2016": 0}, "isVisible": false}, "2529419271": {"name": "guangwen men", "type": "author", "activity": 1, "h_index": 1, "h5_index": 1, "mag_id": "2529419271", "num_publications": 1, "num_citations": 1, "num_publications_5y": 1, "num_citations_5y": 1, "num_publications_10y": 1, "num_citations_10y": 1, "publications_years": {"2016": 1}, "citations_years": {"2017": 1}, "old_citations": {"2016": 1}, "isVisible": false}, "2529509579": {"name": "meihui li", "type": "author", "activity": 5, "h_index": 2, "h5_index": 2, "mag_id": "2529509579", "num_publications": 1, "num_citations": 1, "num_publications_5y": 1, "num_citations_5y": 1, "num_publications_10y": 1, "num_citations_10y": 1, "publications_years": {"2016": 1}, "citations_years": {"2017": 1}, "old_citations": {"2016": 1}, "isVisible": false}, "2529584271": {"name": "yiqiao zhang", "type": "author", "activity": 1, "h_index": 0, "h5_index": 0, "mag_id": "2529584271", "num_publications": 1, "num_citations": 0, "num_publications_5y": 1, "num_citations_5y": 0, "num_publications_10y": 1, "num_citations_10y": 0, "publications_years": {"2016": 1}, "citations_years": {}, "old_citations": {"2016": 0}, "isVisible": false}, "2529647880": {"name": "zheng miao", "type": "author", "activity": 1, "h_index": 1, "h5_index": 1, "mag_id": "2529647880", "num_publications": 1, "num_citations": 4, "num_publications_5y": 1, "num_citations_5y": 1, "num_publications_10y": 1, "num_citations_10y": 1, "publications_years": {"2016": 1}, "citations_years": {"2018": 1, "2019": 3}, "old_citations": {"2016": 4}, "isVisible": false}, "2529683104": {"name": "tian guoda", "type": "author", "activity": 1, "h_index": 0, "h5_index": 0, "mag_id": "2529683104", "num_publications": 1, "num_citations": 0, "num_publications_5y": 1, "num_citations_5y": 0, "num_publications_10y": 1, "num_citations_10y": 0, "publications_years": {"2016": 1}, "citations_years": {}, "old_citations": {"2016": 0}, "isVisible": false}, "2531012732": {"name": "kunpeng yang", "type": "author", "activity": 1, "h_index": 0, "h5_index": 0, "mag_id": "2531012732", "num_publications": 1, "num_citations": 0, "num_publications_5y": 1, "num_citations_5y": 0, "num_publications_10y": 1, "num_citations_10y": 0, "publications_years": {"2016": 1}, "citations_years": {}, "old_citations": {"2016": 0}, "isVisible": false}, "2535555008": {"name": "junming zhang", "type": "author", "activity": 3, "h_index": 2, "h5_index": 0, "mag_id": "2535555008", "num_publications": 1, "num_citations": 3, "num_publications_5y": 1, "num_citations_5y": 2, "num_publications_10y": 1, "num_citations_10y": 2, "publications_years": {"2014": 1}, "citations_years": {"2015": 1, "2016": 0, "2017": 1, "2018": 0, "2019": 1}, "old_citations": {"2014": 3}, "isVisible": false}, "2585408866": {"name": "tao jiang", "type": "author", "activity": 10, "h_index": 5, "h5_index": 3, "mag_id": "2585408866", "num_publications": 1, "num_citations": 2, "num_publications_5y": 1, "num_citations_5y": 2, "num_publications_10y": 1, "num_citations_10y": 2, "publications_years": {"2014": 1}, "citations_years": {"2017": 1, "2018": 1}, "old_citations": {"2014": 2}, "isVisible": false}, "2607871942": {"name": "dongxu liang", "type": "author", "activity": 1, "h_index": 1, "h5_index": 0, "mag_id": "2607871942", "num_publications": 1, "num_citations": 2, "num_publications_5y": 1, "num_citations_5y": 1, "num_publications_10y": 1, "num_citations_10y": 1, "publications_years": {"2014": 1}, "citations_years": {"2018": 1, "2019": 1}, "old_citations": {"2014": 2}, "isVisible": false}, "2619057750": {"name": "yuan zhang", "type": "author", "activity": 16, "h_index": 8, "h5_index": 5, "mag_id": "2619057750", "num_publications": 1, "num_citations": 6, "num_publications_5y": 1, "num_citations_5y": 3, "num_publications_10y": 1, "num_citations_10y": 3, "publications_years": {"2015": 1}, "citations_years": {"2017": 2, "2018": 1, "2019": 1, "2020": 2}, "old_citations": {"2015": 6}, "isVisible": false}, "2625014763": {"name": "si zheng", "type": "author", "activity": 1, "h_index": 0, "h5_index": 0, "mag_id": "2625014763", "num_publications": 1, "num_citations": 0, "num_publications_5y": 1, "num_citations_5y": 0, "num_publications_10y": 1, "num_citations_10y": 0, "publications_years": {"2016": 1}, "citations_years": {}, "old_citations": {"2016": 0}, "isVisible": false}, "2628884212": {"name": "xiao dong", "type": "author", "activity": 1, "h_index": 1, "h5_index": 0, "mag_id": "2628884212", "num_publications": 1, "num_citations": 1, "num_publications_5y": 1, "num_citations_5y": 0, "num_publications_10y": 1, "num_citations_10y": 0, "publications_years": {"2014": 1}, "citations_years": {"2019": 1}, "old_citations": {"2014": 1}, "isVisible": false}, "2635740432": {"name": "wei wang", "type": "author", "activity": 1, "h_index": 0, "h5_index": 0, "mag_id": "2635740432", "num_publications": 1, "num_citations": 0, "num_publications_5y": 1, "num_citations_5y": 0, "num_publications_10y": 1, "num_citations_10y": 0, "publications_years": {"2016": 1}, "citations_years": {}, "old_citations": {"2016": 0}, "isVisible": false}, "2636380567": {"name": "seho park", "type": "author", "activity": 26, "h_index": 5, "h5_index": 2, "mag_id": "2636380567", "num_publications": 1, "num_citations": 0, "num_publications_5y": 1, "num_citations_5y": 0, "num_publications_10y": 1, "num_citations_10y": 0, "publications_years": {"2015": 1}, "citations_years": {}, "old_citations": {"2015": 0}, "isVisible": false}, "2639345795": {"name": "kun zhang", "type": "author", "activity": 3, "h_index": 1, "h5_index": 1, "mag_id": "2639345795", "num_publications": 1, "num_citations": 1, "num_publications_5y": 1, "num_citations_5y": 1, "num_publications_10y": 1, "num_citations_10y": 1, "publications_years": {"2016": 1}, "citations_years": {"2017": 1}, "old_citations": {"2016": 1}, "isVisible": false}, "2648012450": {"name": "shouning qu", "type": "author", "activity": 13, "h_index": 5, "h5_index": 1, "mag_id": "2648012450", "num_publications": 1, "num_citations": 1, "num_publications_5y": 1, "num_citations_5y": 1, "num_publications_10y": 1, "num_citations_10y": 1, "publications_years": {"2016": 1}, "citations_years": {"2017": 1}, "old_citations": {"2016": 1}, "isVisible": false}, "2656896752": {"name": "zhu fenghua", "type": "author", "activity": 1, "h_index": 1, "h5_index": 0, "mag_id": "2656896752", "num_publications": 1, "num_citations": 1, "num_publications_5y": 1, "num_citations_5y": 1, "num_publications_10y": 1, "num_citations_10y": 1, "publications_years": {"2014": 1}, "citations_years": {"2016": 1}, "old_citations": {"2014": 1}, "isVisible": false}, "2658224686": {"name": "jiwen dong", "type": "author", "activity": 1, "h_index": 0, "h5_index": 0, "mag_id": "2658224686", "num_publications": 1, "num_citations": 0, "num_publications_5y": 1, "num_citations_5y": 0, "num_publications_10y": 1, "num_citations_10y": 0, "publications_years": {"2016": 1}, "citations_years": {}, "old_citations": {"2016": 0}, "isVisible": false}, "2658342006": {"name": "xue lin", "type": "author", "activity": 1, "h_index": 0, "h5_index": 0, "mag_id": "2658342006", "num_publications": 1, "num_citations": 0, "num_publications_5y": 1, "num_citations_5y": 0, "num_publications_10y": 1, "num_citations_10y": 0, "publications_years": {"2016": 1}, "citations_years": {}, "old_citations": {"2016": 0}, "isVisible": false}, "2658910718": {"name": "ying wang", "type": "author", "activity": 10, "h_index": 4, "h5_index": 1, "mag_id": "2658910718", "num_publications": 1, "num_citations": 7, "num_publications_5y": 1, "num_citations_5y": 6, "num_publications_10y": 1, "num_citations_10y": 6, "publications_years": {"2014": 1}, "citations_years": {"2014": 1, "2015": 2, "2016": 2, "2017": 0, "2018": 1, "2019": 1}, "old_citations": {"2014": 7}, "isVisible": false}, "2659005200": {"name": "jun zhou", "type": "author", "activity": 1, "h_index": 1, "h5_index": 1, "mag_id": "2659005200", "num_publications": 1, "num_citations": 1, "num_publications_5y": 1, "num_citations_5y": 0, "num_publications_10y": 1, "num_citations_10y": 0, "publications_years": {"2016": 1}, "citations_years": {"2019": 1}, "old_citations": {"2016": 1}, "isVisible": false}, "2661072966": {"name": "lizhi peng", "type": "author", "activity": 1, "h_index": 0, "h5_index": 0, "mag_id": "2661072966", "num_publications": 1, "num_citations": 0, "num_publications_5y": 1, "num_citations_5y": 0, "num_publications_10y": 1, "num_citations_10y": 0, "publications_years": {"2016": 1}, "citations_years": {}, "old_citations": {"2016": 0}, "isVisible": false}, "2701242541": {"name": "fuming sun", "type": "author", "activity": 3, "h_index": 2, "h5_index": 2, "mag_id": "2701242541", "num_publications": 1, "num_citations": 10, "num_publications_5y": 1, "num_citations_5y": 3, "num_publications_10y": 1, "num_citations_10y": 3, "publications_years": {"2016": 1}, "citations_years": {"2017": 1, "2018": 2, "2019": 5, "2020": 2}, "old_citations": {"2016": 10}, "isVisible": false}, "2702377269": {"name": "yuyan jiang", "type": "author", "activity": 1, "h_index": 1, "h5_index": 0, "mag_id": "2702377269", "num_publications": 1, "num_citations": 6, "num_publications_5y": 1, "num_citations_5y": 3, "num_publications_10y": 1, "num_citations_10y": 3, "publications_years": {"2015": 1}, "citations_years": {"2017": 2, "2018": 1, "2019": 1, "2020": 2}, "old_citations": {"2015": 6}, "isVisible": false}, "2713887240": {"name": "mingchang chen", "type": "author", "activity": 1, "h_index": 1, "h5_index": 0, "mag_id": "2713887240", "num_publications": 1, "num_citations": 5, "num_publications_5y": 1, "num_citations_5y": 3, "num_publications_10y": 1, "num_citations_10y": 3, "publications_years": {"2015": 1}, "citations_years": {"2017": 2, "2018": 1, "2019": 2}, "old_citations": {"2015": 5}, "isVisible": false}, "2719803947": {"name": "chihching hsiao", "type": "author", "activity": 1, "h_index": 1, "h5_index": 0, "mag_id": "2719803947", "num_publications": 1, "num_citations": 5, "num_publications_5y": 1, "num_citations_5y": 3, "num_publications_10y": 1, "num_citations_10y": 3, "publications_years": {"2015": 1}, "citations_years": {"2017": 2, "2018": 1, "2019": 2}, "old_citations": {"2015": 5}, "isVisible": false}, "2754768774": {"name": "jinglin li", "type": "author", "activity": 1, "h_index": 1, "h5_index": 0, "mag_id": "2754768774", "num_publications": 1, "num_citations": 3, "num_publications_5y": 1, "num_citations_5y": 2, "num_publications_10y": 1, "num_citations_10y": 2, "publications_years": {"2014": 1}, "citations_years": {"2015": 1, "2016": 0, "2017": 1, "2018": 0, "2019": 1}, "old_citations": {"2014": 3}, "isVisible": false}, "2755592519": {"name": "zhihan liu", "type": "author", "activity": 1, "h_index": 1, "h5_index": 0, "mag_id": "2755592519", "num_publications": 1, "num_citations": 3, "num_publications_5y": 1, "num_citations_5y": 2, "num_publications_10y": 1, "num_citations_10y": 2, "publications_years": {"2014": 1}, "citations_years": {"2015": 1, "2016": 0, "2017": 1, "2018": 0, "2019": 1}, "old_citations": {"2014": 3}, "isVisible": false}, "2681807473": {"name": "yan cao", "type": "author", "activity": 1, "h_index": 1, "h5_index": 0, "mag_id": "2681807473", "num_publications": 1, "num_citations": 2, "num_publications_5y": 1, "num_citations_5y": 2, "num_publications_10y": 1, "num_citations_10y": 2, "publications_years": {"2015": 1}, "citations_years": {"2016": 1, "2017": 0, "2018": 1}, "old_citations": {"2015": 2}, "isVisible": false}, "2687025506": {"name": "hua shen", "type": "author", "activity": 1, "h_index": 1, "h5_index": 0, "mag_id": "2687025506", "num_publications": 1, "num_citations": 2, "num_publications_5y": 1, "num_citations_5y": 1, "num_publications_10y": 1, "num_citations_10y": 1, "publications_years": {"2014": 1}, "citations_years": {"2018": 1, "2019": 1}, "old_citations": {"2014": 2}, "isVisible": false}, "2687280205": {"name": "xinyue liu", "type": "author", "activity": 1, "h_index": 1, "h5_index": 0, "mag_id": "2687280205", "num_publications": 1, "num_citations": 2, "num_publications_5y": 1, "num_citations_5y": 1, "num_publications_10y": 1, "num_citations_10y": 1, "publications_years": {"2014": 1}, "citations_years": {"2018": 1, "2019": 1}, "old_citations": {"2014": 2}, "isVisible": false}, "2754978162": {"name": "ming zhu", "type": "author", "activity": 6, "h_index": 3, "h5_index": 3, "mag_id": "2754978162", "num_publications": 1, "num_citations": 2, "num_publications_5y": 1, "num_citations_5y": 2, "num_publications_10y": 1, "num_citations_10y": 2, "publications_years": {"2014": 1}, "citations_years": {"2017": 1, "2018": 1}, "old_citations": {"2014": 2}, "isVisible": false}, "2985484229": {"name": "bo yang", "type": "author", "activity": 11, "h_index": 8, "h5_index": 2, "mag_id": "2985484229", "num_publications": 1, "num_citations": 2, "num_publications_5y": 1, "num_citations_5y": 2, "num_publications_10y": 1, "num_citations_10y": 2, "publications_years": {"2016": 1}, "citations_years": {"2017": 1, "2018": 1}, "old_citations": {"2016": 2}, "isVisible": false}, "2661443001": {"name": "luyao wang", "type": "author", "activity": 1, "h_index": 1, "h5_index": 1, "mag_id": "2661443001", "num_publications": 1, "num_citations": 1, "num_publications_5y": 1, "num_citations_5y": 0, "num_publications_10y": 1, "num_citations_10y": 0, "publications_years": {"2016": 1}, "citations_years": {"2019": 1}, "old_citations": {"2016": 1}, "isVisible": false}, "2687832226": {"name": "chunbao huo", "type": "author", "activity": 1, "h_index": 1, "h5_index": 1, "mag_id": "2687832226", "num_publications": 1, "num_citations": 1, "num_publications_5y": 1, "num_citations_5y": 1, "num_publications_10y": 1, "num_citations_10y": 1, "publications_years": {"2016": 1}, "citations_years": {"2017": 1}, "old_citations": {"2016": 1}, "isVisible": false}, "2697170078": {"name": "chunsun duan", "type": "author", "activity": 1, "h_index": 1, "h5_index": 1, "mag_id": "2697170078", "num_publications": 1, "num_citations": 1, "num_publications_5y": 1, "num_citations_5y": 0, "num_publications_10y": 1, "num_citations_10y": 0, "publications_years": {"2016": 1}, "citations_years": {"2019": 1}, "old_citations": {"2016": 1}, "isVisible": false}, "2708550298": {"name": "yongzheng lin", "type": "author", "activity": 1, "h_index": 1, "h5_index": 0, "mag_id": "2708550298", "num_publications": 1, "num_citations": 1, "num_publications_5y": 1, "num_citations_5y": 0, "num_publications_10y": 1, "num_citations_10y": 0, "publications_years": {"2015": 1}, "citations_years": {"2019": 1}, "old_citations": {"2015": 1}, "isVisible": false}, "2713159307": {"name": "bo zhang", "type": "author", "activity": 1, "h_index": 1, "h5_index": 1, "mag_id": "2713159307", "num_publications": 1, "num_citations": 1, "num_publications_5y": 1, "num_citations_5y": 1, "num_publications_10y": 1, "num_citations_10y": 1, "publications_years": {"2016": 1}, "citations_years": {"2017": 1}, "old_citations": {"2016": 1}, "isVisible": false}, "2715716906": {"name": "qingbei guo", "type": "author", "activity": 5, "h_index": 3, "h5_index": 1, "mag_id": "2715716906", "num_publications": 1, "num_citations": 1, "num_publications_5y": 1, "num_citations_5y": 1, "num_publications_10y": 1, "num_citations_10y": 1, "publications_years": {"2016": 1}, "citations_years": {"2017": 1}, "old_citations": {"2016": 1}, "isVisible": false}, "2722120796": {"name": "xiangyu kong", "type": "author", "activity": 2, "h_index": 1, "h5_index": 1, "mag_id": "2722120796", "num_publications": 1, "num_citations": 1, "num_publications_5y": 1, "num_citations_5y": 1, "num_publications_10y": 1, "num_citations_10y": 1, "publications_years": {"2016": 1}, "citations_years": {"2017": 1}, "old_citations": {"2016": 1}, "isVisible": false}, "2806052045": {"name": "zhongnan zhang", "type": "author", "activity": 1, "h_index": 1, "h5_index": 0, "mag_id": "2806052045", "num_publications": 1, "num_citations": 1, "num_publications_5y": 1, "num_citations_5y": 0, "num_publications_10y": 1, "num_citations_10y": 0, "publications_years": {"2014": 1}, "citations_years": {"2019": 1}, "old_citations": {"2014": 1}, "isVisible": false}, "2661533419": {"name": "jichiang tsai", "type": "author", "activity": 1, "h_index": 0, "h5_index": 0, "mag_id": "2661533419", "num_publications": 1, "num_citations": 0, "num_publications_5y": 1, "num_citations_5y": 0, "num_publications_10y": 1, "num_citations_10y": 0, "publications_years": {"2016": 1}, "citations_years": {}, "old_citations": {"2016": 0}, "isVisible": false}, "2679382955": {"name": "li zifu", "type": "author", "activity": 1, "h_index": 0, "h5_index": 0, "mag_id": "2679382955", "num_publications": 1, "num_citations": 0, "num_publications_5y": 1, "num_citations_5y": 0, "num_publications_10y": 1, "num_citations_10y": 0, "publications_years": {"2016": 1}, "citations_years": {}, "old_citations": {"2016": 0}, "isVisible": false}, "2720549284": {"name": "tieshan li", "type": "author", "activity": 1, "h_index": 0, "h5_index": 0, "mag_id": "2720549284", "num_publications": 1, "num_citations": 0, "num_publications_5y": 1, "num_citations_5y": 0, "num_publications_10y": 1, "num_citations_10y": 0, "publications_years": {"2016": 1}, "citations_years": {}, "old_citations": {"2016": 0}, "isVisible": false}, "2721869368": {"name": "hengjian li", "type": "author", "activity": 1, "h_index": 0, "h5_index": 0, "mag_id": "2721869368", "num_publications": 1, "num_citations": 0, "num_publications_5y": 1, "num_citations_5y": 0, "num_publications_10y": 1, "num_citations_10y": 0, "publications_years": {"2016": 1}, "citations_years": {}, "old_citations": {"2016": 0}, "isVisible": false}}, "countries": {"China": {"name": "China", "type": "country", "h5_index": 214, "num_publications": 28, "num_citations": 49, "num_publications_5y": 28, "num_citations_5y": 28, "num_publications_10y": 28, "num_citations_10y": 28, "publications_years": {"2016": 14, "2015": 7, "2014": 7}, "citations_years": {"2020": 5, "2016": 4, "2017": 10, "2018": 9, "2019": 16, "2014": 1, "2015": 4}, "old_citations": {"2016": 23, "2015": 10, "2014": 16}, "isVisible": false}, "Macao": {"name": "Macao", "type": "country", "h5_index": 43, "num_publications": 5, "num_citations": 7, "num_publications_5y": 5, "num_citations_5y": 4, "num_publications_10y": 5, "num_citations_10y": 4, "publications_years": {"2015": 3, "2014": 1, "2016": 1}, "citations_years": {"2017": 2, "2018": 2, "2019": 1, "2020": 2}, "old_citations": {"2015": 6, "2014": 0, "2016": 1}, "isVisible": false}, "Taiwan": {"name": "Taiwan", "type": "country", "h5_index": 69, "num_publications": 4, "num_citations": 6, "num_publications_5y": 4, "num_citations_5y": 3, "num_publications_10y": 4, "num_citations_10y": 3, "publications_years": {"2015": 3, "2016": 1}, "citations_years": {"2020": 1, "2017": 2, "2018": 1, "2019": 2}, "old_citations": {"2015": 6, "2016": 0}, "isVisible": false}, "Germany": {"name": "Germany", "type": "country", "h5_index": 139, "num_publications": 1, "num_citations": 2, "num_publications_5y": 1, "num_citations_5y": 2, "num_publications_10y": 1, "num_citations_10y": 2, "publications_years": {"2014": 1}, "citations_years": {"2017": 1, "2018": 1}, "old_citations": {"2014": 2}, "isVisible": false}, "Sweden": {"name": "Sweden", "type": "country", "h5_index": 82, "num_publications": 1, "num_citations": 3, "num_publications_5y": 1, "num_citations_5y": 2, "num_publications_10y": 1, "num_citations_10y": 2, "publications_years": {"2014": 1}, "citations_years": {"2015": 1, "2016": 1, "2017": 0, "2018": 0, "2019": 0, "2020": 1}, "old_citations": {"2014": 3}, "isVisible": false}, "Thailand": {"name": "Thailand", "type": "country", "h5_index": 24, "num_publications": 1, "num_citations": 1, "num_publications_5y": 1, "num_citations_5y": 1, "num_publications_10y": 1, "num_citations_10y": 1, "publications_years": {"2015": 1}, "citations_years": {"2016": 1}, "old_citations": {"2015": 1}, "isVisible": false}, "United States": {"name": "United States", "type": "country", "h5_index": 308, "num_publications": 1, "num_citations": 0, "num_publications_5y": 1, "num_citations_5y": 0, "num_publications_10y": 1, "num_citations_10y": 0, "publications_years": {"2016": 1}, "citations_years": {}, "old_citations": {"2016": 0}, "isVisible": false}}}, "conference_comparison": {"computer science": {}}, "topics_dna": {"publications": {}, "citations": {"normalized": {}, "average": {}}}, "info": {"num_publications": 42, "num_citations": 61.0, "impact_factor": {"2016": 0.2727272727272727}, "publications_years": {"2016": 20, "2015": 13, "2014": 9}, "citations_years": {"2014": 1, "2015": 5, "2016": 6, "2017": 13, "2018": 11, "2019": 18, "2020": 7}, "old_citations": {"2016": 25, "2015": 17, "2014": 19}, "h5_index": 2}, "percentile": {"computer science": {"2016": 62, "2015": 59, "2014": 63}}, "conference_ranking": {"computer science": {"2016": 1613, "2015": 1748, "2014": 1565}}, "academia": {"num_publications": 32, "num_citations": 55, "publications_years": {"2014": 9, "2015": 9, "2016": 14}, "old_citations": {"2014": 19, "2015": 16, "2016": 20}, "num_publications_5y": 14, "num_citations_5y": 20, "num_publications_10y": 32, "num_citations_10y": 55}, "industry": {"num_publications": 0, "num_citations": 0, "publications_years": {}, "old_citations": {}, "num_publications_5y": 0, "num_citations_5y": 0, "num_publications_10y": 0, "num_citations_10y": 0}, "collaborative": {"num_publications": 0, "num_citations": 0, "publications_years": {}, "old_citations": {}, "num_publications_5y": 0, "num_citations_5y": 0, "num_publications_10y": 0, "num_citations_10y": 0}, "conferences": {}, "journals": {}, "organizations": {"publication_overall": ["University of Jinan", "Liaoning University of Technology", "University of Macau", "Changsha University of Science and Technology", "Dalian Maritime University", "Anshan Normal University", "Beijing University of Posts and Telecommunications", "Blekinge Institute of Technology", "Changsha University", "Chengdu University of Information Technology", "Chinese Academy of Sciences", "Dalian University of Technology", "Guangdong University of Technology", "Jilin University", "Jimei University", "Kao Yuan University", "King Mongkut's Institute of Technology Ladkrabang", "National Chung Hsing University", "National Dong Hwa University", "National Formosa University", "National Ilan University", "National Taiwan University of Science and Technology", "Northeastern University", "University of Siegen", "Xiamen University"], "citation_overall": ["Liaoning University of Technology", "University of Jinan", "Jilin University", "University of Macau", "National Taiwan University of Science and Technology", "Beijing University of Posts and Telecommunications", "Blekinge Institute of Technology", "Anshan Normal University", "Chengdu University of Information Technology", "Dalian Maritime University", "Dalian University of Technology", "University of Siegen", "Changsha University", "Kao Yuan University", "King Mongkut's Institute of Technology Ladkrabang", "National Formosa University", "National Ilan University", "Xiamen University", "Changsha University of Science and Technology", "Chinese Academy of Sciences", "Guangdong University of Technology", "Jimei University", "National Chung Hsing University", "National Dong Hwa University", "Northeastern University"], "publication_10_years": ["University of Jinan", "Liaoning University of Technology", "University of Macau", "Changsha University of Science and Technology", "Dalian Maritime University", "Anshan Normal University", "Beijing University of Posts and Telecommunications", "Blekinge Institute of Technology", "Changsha University", "Chengdu University of Information Technology", "Chinese Academy of Sciences", "Dalian University of Technology", "Guangdong University of Technology", "Jilin University", "Jimei University", "Kao Yuan University", "King Mongkut's Institute of Technology Ladkrabang", "National Chung Hsing University", "National Dong Hwa University", "National Formosa University", "National Ilan University", "National Taiwan University of Science and Technology", "Northeastern University", "University of Siegen", "Xiamen University"], "citation_10_years": ["Liaoning University of Technology", "University of Jinan", "Jilin University", "University of Macau", "National Taiwan University of Science and Technology", "Beijing University of Posts and Telecommunications", "Blekinge Institute of Technology", "Anshan Normal University", "Chengdu University of Information Technology", "Dalian Maritime University", "Dalian University of Technology", "University of Siegen", "Changsha University", "Kao Yuan University", "King Mongkut's Institute of Technology Ladkrabang", "National Formosa University", "National Ilan University", "Xiamen University", "Changsha University of Science and Technology", "Chinese Academy of Sciences", "Guangdong University of Technology", "Jimei University", "National Chung Hsing University", "National Dong Hwa University", "Northeastern University"], "publication_5_years": ["University of Jinan", "Liaoning University of Technology", "Dalian Maritime University", "Jimei University", "National Chung Hsing University", "Northeastern University", "University of Macau"], "citation_5_years": ["Liaoning University of Technology", "University of Jinan", "University of Macau", "Dalian Maritime University", "Jimei University", "National Chung Hsing University", "Northeastern University"]}, "countries": {"publication_overall": ["China", "Macao", "Taiwan", "Germany", "Sweden", "Thailand", "United States"], "citation_overall": ["China", "Macao", "Taiwan", "Sweden", "Germany", "Thailand", "United States"], "publication_10_years": ["China", "Macao", "Taiwan", "Germany", "Sweden", "Thailand", "United States"], "citation_10_years": ["China", "Macao", "Taiwan", "Sweden", "Germany", "Thailand", "United States"], "publication_5_years": ["China", "Macao", "Taiwan", "United States"], "citation_5_years": ["China", "Macao", "Taiwan", "United States"]}, "topics": {"publication_overall": ["computer science", "artificial intelligence", "computer systems", "machine learning", "computer imaging and vision", "image processing", "computer hardware", "computer networks", "image analysis", "mathematics", "telecommunication systems", "telecommunication networks", "communication systems", "engineering", "wireless telecommunication systems", "data mining", "image segmentation", "internet", "neural networks", "pattern recognition"], "citation_overall": ["computer science", "artificial intelligence", "machine learning", "computer imaging and vision", "computer systems", "image processing", "image analysis", "mathematics", "image segmentation", "pattern recognition", "image reconstruction", "information retrieval", "computer hardware", "data mining", "database systems", "neural networks", "computer networks", "engineering", "object recognition", "telecommunication systems"], "publication_10_years": ["computer science", "artificial intelligence", "computer systems", "machine learning", "computer imaging and vision", "image processing", "computer hardware", "computer networks", "image analysis", "mathematics", "telecommunication systems", "telecommunication networks", "communication systems", "engineering", "wireless telecommunication systems", "data mining", "image segmentation", "internet", "neural networks", "pattern recognition"], "citation_10_years": ["computer science", "artificial intelligence", "machine learning", "computer imaging and vision", "computer systems", "image processing", "image analysis", "mathematics", "image segmentation", "pattern recognition", "image reconstruction", "information retrieval", "computer hardware", "data mining", "database systems", "neural networks", "computer networks", "engineering", "object recognition", "telecommunication systems"], "publication_5_years": ["computer science", "computer systems", "artificial intelligence", "machine learning", "computer imaging and vision", "computer networks", "image analysis", "image processing", "image segmentation", "communication systems", "computer hardware", "internet", "telecommunication systems", "wireless telecommunication systems", "database systems", "mathematics", "neural networks", "pattern recognition", "telecommunication networks", "classifiers"], "citation_5_years": ["computer science", "artificial intelligence", "computer systems", "machine learning", "computer imaging and vision", "image analysis", "image processing", "image segmentation", "database systems", "image enhancement", "mathematics", "pattern recognition", "image retrieval", "information retrieval", "classifiers", "neural networks", "correlation analysis", "image reconstruction", "classification methods", "support vector machine"]}, "main_topics": ["computer science"], "authors": {"publication_overall": ["2608577774", "2037336103", "2153255558", "2306295481", "2555644399", "2617766117", "2715926689", "2144134715", "2495399568", "2528564386", "2529118291", "2531039452", "2559044563", "2639048411", "2672022742", "414810450", "968969903", "1967510572", "1972039403", "2078849992", "2102811690", "2117669428", "2120531077", "2137187158", "2142387811", "2145993378", "2148147057", "2149547754", "2150824809", "2152120924", "2157465989", "2224109584", "2224819237", "2225265720", "2227985074", "2228685137", "2229599659", "2231066328", "2232412964", "2232464080", "2233266934", "2237112505", "2238507112", "2247683455", "2283301324", "2286385805", "2293097998", "2293553978", "2309566057", "2311978675", "2423543792", "2428094608", "2428155037", "2428189068", "2434838763", "2437954622", "2491061938", "2498685851", "2527736972", "2527741715", "2527792511", "2527877946", "2527924046", "2527968615", "2528054294", "2528294828", "2528405551", "2528429920", "2528484765", "2528590307", "2528631491", "2528638689", "2528838271", "2528868469", "2529133196", "2529313338", "2529363614", "2529409397", "2529419271", "2529509579", "2529584271", "2529647880", "2529683104", "2531012732", "2535555008", "2585408866", "2607871942", "2619057750", "2625014763", "2628884212", "2635740432", "2636380567", "2639345795", "2648012450", "2656896752", "2658224686", "2658342006", "2658910718", "2659005200", "2661072966"], "citation_overall": ["2608577774", "2528484765", "2528631491", "2529363614", "2701242541", "2037336103", "2145993378", "2149547754", "2224109584", "2306295481", "2658910718", "2619057750", "2702377269", "2229599659", "2237112505", "2555644399", "2713887240", "2719803947", "2233266934", "2527877946", "2529647880", "2715926689", "1967510572", "1972039403", "2498685851", "2528564386", "2529118291", "2535555008", "2754768774", "2755592519", "2078849992", "2152120924", "2153255558", "2311978675", "2495399568", "2585408866", "2607871942", "2617766117", "2681807473", "2687025506", "2687280205", "2754978162", "2985484229", "414810450", "2120531077", "2137187158", "2144134715", "2150824809", "2227985074", "2228685137", "2231066328", "2232464080", "2286385805", "2309566057", "2428155037", "2428189068", "2437954622", "2527736972", "2527741715", "2528054294", "2528405551", "2528429920", "2528638689", "2528838271", "2529133196", "2529313338", "2529419271", "2529509579", "2531039452", "2628884212", "2639345795", "2648012450", "2656896752", "2659005200", "2661443001", "2687832226", "2697170078", "2708550298", "2713159307", "2715716906", "2722120796", "2806052045", "968969903", "2102811690", "2117669428", "2142387811", "2148147057", "2157465989", "2224819237", "2225265720", "2232412964", "2238507112", "2247683455", "2283301324", "2293097998", "2293553978", "2423543792", "2428094608", "2434838763", "2491061938"], "publication_10_years": ["2608577774", "2037336103", "2153255558", "2306295481", "2555644399", "2617766117", "2715926689", "2144134715", "2495399568", "2528564386", "2529118291", "2531039452", "2559044563", "2639048411", "2672022742", "414810450", "968969903", "1967510572", "1972039403", "2078849992", "2102811690", "2117669428", "2120531077", "2137187158", "2142387811", "2145993378", "2148147057", "2149547754", "2150824809", "2152120924", "2157465989", "2224109584", "2224819237", "2225265720", "2227985074", "2228685137", "2229599659", "2231066328", "2232412964", "2232464080", "2233266934", "2237112505", "2238507112", "2247683455", "2283301324", "2286385805", "2293097998", "2293553978", "2309566057", "2311978675", "2423543792", "2428094608", "2428155037", "2428189068", "2434838763", "2437954622", "2491061938", "2498685851", "2527736972", "2527741715", "2527792511", "2527877946", "2527924046", "2527968615", "2528054294", "2528294828", "2528405551", "2528429920", "2528484765", "2528590307", "2528631491", "2528638689", "2528838271", "2528868469", "2529133196", "2529313338", "2529363614", "2529409397", "2529419271", "2529509579", "2529584271", "2529647880", "2529683104", "2531012732", "2535555008", "2585408866", "2607871942", "2619057750", "2625014763", "2628884212", "2635740432", "2636380567", "2639345795", "2648012450", "2656896752", "2658224686", "2658342006", "2658910718", "2659005200", "2661072966"], "citation_10_years": ["2608577774", "2528484765", "2528631491", "2529363614", "2701242541", "2037336103", "2145993378", "2149547754", "2224109584", "2306295481", "2658910718", "2619057750", "2702377269", "2229599659", "2237112505", "2555644399", "2713887240", "2719803947", "2233266934", "2527877946", "2529647880", "2715926689", "1967510572", "1972039403", "2498685851", "2528564386", "2529118291", "2535555008", "2754768774", "2755592519", "2078849992", "2152120924", "2153255558", "2311978675", "2495399568", "2585408866", "2607871942", "2617766117", "2681807473", "2687025506", "2687280205", "2754978162", "2985484229", "414810450", "2120531077", "2137187158", "2144134715", "2150824809", "2227985074", "2228685137", "2231066328", "2232464080", "2286385805", "2309566057", "2428155037", "2428189068", "2437954622", "2527736972", "2527741715", "2528054294", "2528405551", "2528429920", "2528638689", "2528838271", "2529133196", "2529313338", "2529419271", "2529509579", "2531039452", "2628884212", "2639345795", "2648012450", "2656896752", "2659005200", "2661443001", "2687832226", "2697170078", "2708550298", "2713159307", "2715716906", "2722120796", "2806052045", "968969903", "2102811690", "2117669428", "2142387811", "2148147057", "2157465989", "2224819237", "2225265720", "2232412964", "2238507112", "2247683455", "2283301324", "2293097998", "2293553978", "2423543792", "2428094608", "2434838763", "2491061938"], "publication_5_years": ["2608577774", "2555644399", "2715926689", "2153255558", "2495399568", "2528564386", "2529118291", "2617766117", "968969903", "2037336103", "2233266934", "2238507112", "2286385805", "2306295481", "2428155037", "2434838763", "2491061938", "2527736972", "2527741715", "2527792511", "2527877946", "2527924046", "2527968615", "2528054294", "2528294828", "2528405551", "2528429920", "2528484765", "2528590307", "2528631491", "2528638689", "2528838271", "2528868469", "2529133196", "2529313338", "2529363614", "2529409397", "2529419271", "2529509579", "2529584271", "2529647880", "2529683104", "2531012732", "2625014763", "2635740432", "2639345795", "2648012450", "2658224686", "2658342006", "2659005200", "2661072966", "2661443001", "2661533419", "2679382955", "2687832226", "2697170078", "2701242541", "2713159307", "2715716906", "2720549284", "2721869368", "2722120796", "2985484229"], "citation_5_years": ["2528484765", "2528631491", "2529363614", "2701242541", "2555644399", "2608577774", "2233266934", "2527877946", "2529647880", "2715926689", "2528564386", "2529118291", "2495399568", "2985484229", "2037336103", "2153255558", "2286385805", "2306295481", "2428155037", "2527736972", "2527741715", "2528054294", "2528405551", "2528429920", "2528638689", "2528838271", "2529133196", "2529313338", "2529419271", "2529509579", "2617766117", "2639345795", "2648012450", "2659005200", "2661443001", "2687832226", "2697170078", "2713159307", "2715716906", "2722120796", "968969903", "2238507112", "2434838763", "2491061938", "2527792511", "2527924046", "2527968615", "2528294828", "2528590307", "2528868469", "2529409397", "2529584271", "2529683104", "2531012732", "2625014763", "2635740432", "2658224686", "2658342006", "2661072966", "2661533419", "2679382955", "2720549284", "2721869368"]}, "industrial_sectors": {"publication_overall": [], "citation_overall": [], "publication_10_years": [], "citation_10_years": [], "publication_5_years": [], "citation_5_years": []}}