{"name": "Emerging Trends Science, Engineering and Technology", "acronym": "ETSET", "type": "conference", "uniqueEntities": {"organizations": {"Gandhigram Rural Institute": {"name": "Gandhigram Rural Institute", "type": "organization", "organization_type": "Education", "h_index": 18, "h5_index": 7, "num_publications": 4, "num_citations": 3, "num_publications_5y": 0, "num_citations_5y": 1, "num_publications_10y": 4, "num_citations_10y": 2, "publications_years": {"2012": 4}, "citations_years": {"2013": 1, "2014": 0, "2015": 0, "2016": 0, "2017": 1, "2018": 0, "2019": 1}, "old_citations": {"2012": 3}, "isVisible": false}, "Anna University, Chennai": {"name": "Anna University, Chennai", "type": "organization", "organization_type": "Education", "h_index": 41, "h5_index": 20, "num_publications": 3, "num_citations": 7, "num_publications_5y": 0, "num_citations_5y": 6, "num_publications_10y": 3, "num_citations_10y": 6, "publications_years": {"2012": 3}, "citations_years": {"2015": 2, "2016": 2, "2017": 2, "2018": 0, "2019": 0, "2020": 1}, "old_citations": {"2012": 11}, "isVisible": false}, "Karpagam University": {"name": "Karpagam University", "type": "organization", "organization_type": "Education", "h_index": 13, "h5_index": 6, "num_publications": 3, "num_citations": 6, "num_publications_5y": 0, "num_citations_5y": 4, "num_publications_10y": 3, "num_citations_10y": 5, "publications_years": {"2012": 3}, "citations_years": {"2016": 1, "2013": 1, "2014": 1, "2015": 2, "2017": 0, "2018": 0, "2019": 1}, "old_citations": {"2012": 6}, "isVisible": false}, "Bharat Heavy Electricals (India)": {"name": "Bharat Heavy Electricals (India)", "type": "organization", "organization_type": "Company", "h_index": 11, "h5_index": 2, "num_publications": 2, "num_citations": 0, "num_publications_5y": 0, "num_citations_5y": 0, "num_publications_10y": 2, "num_citations_10y": 0, "publications_years": {"2012": 2}, "citations_years": {}, "old_citations": {"2012": 3}, "isVisible": false}, "National Institute of Technology Tiruchirappalli": {"name": "National Institute of Technology Tiruchirappalli", "type": "organization", "organization_type": "Education", "h_index": 27, "h5_index": 13, "num_publications": 2, "num_citations": 3, "num_publications_5y": 0, "num_citations_5y": 2, "num_publications_10y": 2, "num_citations_10y": 3, "publications_years": {"2012": 2}, "citations_years": {"2013": 1, "2014": 0, "2015": 1, "2016": 0, "2017": 1}, "old_citations": {"2012": 3}, "isVisible": false}, "Bharathidasan University": {"name": "Bharathidasan University", "type": "organization", "organization_type": "Education", "h_index": 14, "h5_index": 6, "num_publications": 1, "num_citations": 0, "num_publications_5y": 0, "num_citations_5y": 0, "num_publications_10y": 1, "num_citations_10y": 0, "publications_years": {"2012": 1}, "citations_years": {}, "old_citations": {"2012": 0}, "isVisible": false}, "Information Technology Institute": {"name": "Information Technology Institute", "type": "organization", "organization_type": "Facility", "h_index": 31, "h5_index": 13, "num_publications": 1, "num_citations": 7, "num_publications_5y": 0, "num_citations_5y": 7, "num_publications_10y": 1, "num_citations_10y": 7, "publications_years": {"2012": 1}, "citations_years": {"2014": 2, "2015": 1, "2016": 2, "2017": 1, "2018": 1}, "old_citations": {"2012": 7}, "isVisible": false}, "Maharaja Sayajirao University of Baroda": {"name": "Maharaja Sayajirao University of Baroda", "type": "organization", "organization_type": "Education", "h_index": 14, "h5_index": 4, "num_publications": 1, "num_citations": 13, "num_publications_5y": 0, "num_citations_5y": 8, "num_publications_10y": 1, "num_citations_10y": 8, "publications_years": {"2012": 1}, "citations_years": {"2015": 1, "2016": 3, "2017": 0, "2018": 4, "2019": 5}, "old_citations": {"2012": 13}, "isVisible": false}, "National Institute of Standards and Technology": {"name": "National Institute of Standards and Technology", "type": "organization", "organization_type": "Government", "h_index": 116, "h5_index": 29, "num_publications": 1, "num_citations": 2, "num_publications_5y": 0, "num_citations_5y": 2, "num_publications_10y": 1, "num_citations_10y": 2, "publications_years": {"2012": 1}, "citations_years": {"2014": 1, "2015": 1}, "old_citations": {"2012": 2}, "isVisible": false}, "Periyar Maniammai Institute of Science & Technology": {"name": "Periyar Maniammai Institute of Science & Technology", "type": "organization", "organization_type": "Education", "h_index": 8, "h5_index": 2, "num_publications": 1, "num_citations": 1, "num_publications_5y": 0, "num_citations_5y": 1, "num_publications_10y": 1, "num_citations_10y": 1, "publications_years": {"2012": 1}, "citations_years": {"2018": 1}, "old_citations": {"2012": 1}, "isVisible": false}, "Pondicherry University": {"name": "Pondicherry University", "type": "organization", "organization_type": "Education", "h_index": 26, "h5_index": 13, "num_publications": 1, "num_citations": 0, "num_publications_5y": 0, "num_citations_5y": 0, "num_publications_10y": 1, "num_citations_10y": 0, "publications_years": {"2012": 1}, "citations_years": {}, "old_citations": {"2012": 0}, "isVisible": false}, "Tata Consultancy Services (India)": {"name": "Tata Consultancy Services (India)", "type": "organization", "organization_type": "Company", "h_index": 40, "h5_index": 14, "num_publications": 1, "num_citations": 0, "num_publications_5y": 0, "num_citations_5y": 0, "num_publications_10y": 1, "num_citations_10y": 0, "publications_years": {"2012": 1}, "citations_years": {}, "old_citations": {"2012": 0}, "isVisible": false}, "University of Calcutta": {"name": "University of Calcutta", "type": "organization", "organization_type": "Education", "h_index": 31, "h5_index": 13, "num_publications": 1, "num_citations": 4, "num_publications_5y": 0, "num_citations_5y": 3, "num_publications_10y": 1, "num_citations_10y": 4, "publications_years": {"2012": 1}, "citations_years": {"2013": 1, "2014": 0, "2015": 0, "2016": 1, "2017": 0, "2018": 2}, "old_citations": {"2012": 4}, "isVisible": false}, "University of Kashmir": {"name": "University of Kashmir", "type": "organization", "organization_type": "Education", "h_index": 17, "h5_index": 10, "num_publications": 1, "num_citations": 20, "num_publications_5y": 0, "num_citations_5y": 16, "num_publications_10y": 1, "num_citations_10y": 18, "publications_years": {"2012": 1}, "citations_years": {"2012": 1, "2013": 1, "2014": 3, "2015": 6, "2016": 2, "2017": 4, "2018": 1, "2019": 2}, "old_citations": {"2012": 20}, "isVisible": false}}, "topics": {"computer science": {"name": "computer science", "type": "topic", "h_index": 1779, "h5_index": 416, "num_publications": 31, "num_citations": 90, "num_publications_5y": 0, "num_citations_5y": 67, "num_publications_10y": 31, "num_citations_10y": 76, "publications_years": {"2012": 31}, "citations_years": {"2014": 11, "2016": 16, "2015": 16, "2013": 8, "2017": 13, "2018": 11, "2019": 13, "2012": 1, "2020": 1}, "old_citations": {"2012": 96}, "isVisible": false}, "computer systems": {"name": "computer systems", "type": "topic", "h_index": 1595, "h5_index": 367, "num_publications": 24, "num_citations": 72, "num_publications_5y": 0, "num_citations_5y": 58, "num_publications_10y": 24, "num_citations_10y": 66, "publications_years": {"2012": 24}, "citations_years": {"2014": 11, "2016": 13, "2015": 15, "2013": 7, "2017": 12, "2018": 7, "2012": 1, "2019": 5, "2020": 1}, "old_citations": {"2012": 75}, "isVisible": false}, "computer networks": {"name": "computer networks", "type": "topic", "h_index": 1262, "h5_index": 332, "num_publications": 16, "num_citations": 49, "num_publications_5y": 0, "num_citations_5y": 41, "num_publications_10y": 16, "num_citations_10y": 46, "publications_years": {"2012": 16}, "citations_years": {"2014": 10, "2015": 10, "2016": 8, "2013": 4, "2017": 9, "2012": 1, "2018": 4, "2019": 3}, "old_citations": {"2012": 55}, "isVisible": false}, "computer imaging and vision": {"name": "computer imaging and vision", "type": "topic", "h_index": 1142, "h5_index": 334, "num_publications": 14, "num_citations": 45, "num_publications_5y": 0, "num_citations_5y": 30, "num_publications_10y": 14, "num_citations_10y": 34, "publications_years": {"2012": 14}, "citations_years": {"2014": 4, "2013": 3, "2015": 8, "2016": 6, "2017": 6, "2018": 6, "2019": 11, "2012": 1}, "old_citations": {"2012": 45}, "isVisible": false}, "telecommunication systems": {"name": "telecommunication systems", "type": "topic", "h_index": 1187, "h5_index": 277, "num_publications": 14, "num_citations": 48, "num_publications_5y": 0, "num_citations_5y": 40, "num_publications_10y": 14, "num_citations_10y": 45, "publications_years": {"2012": 14}, "citations_years": {"2015": 10, "2016": 8, "2013": 4, "2014": 9, "2017": 9, "2012": 1, "2018": 4, "2019": 3}, "old_citations": {"2012": 50}, "isVisible": false}, "communication systems": {"name": "communication systems", "type": "topic", "h_index": 1092, "h5_index": 254, "num_publications": 13, "num_citations": 48, "num_publications_5y": 0, "num_citations_5y": 40, "num_publications_10y": 13, "num_citations_10y": 45, "publications_years": {"2012": 13}, "citations_years": {"2015": 10, "2016": 8, "2013": 4, "2014": 9, "2017": 9, "2012": 1, "2018": 4, "2019": 3}, "old_citations": {"2012": 50}, "isVisible": false}, "image analysis": {"name": "image analysis", "type": "topic", "h_index": 988, "h5_index": 315, "num_publications": 13, "num_citations": 43, "num_publications_5y": 0, "num_citations_5y": 28, "num_publications_10y": 13, "num_citations_10y": 32, "publications_years": {"2012": 13}, "citations_years": {"2014": 4, "2013": 3, "2015": 8, "2016": 5, "2017": 5, "2018": 6, "2019": 11, "2012": 1}, "old_citations": {"2012": 43}, "isVisible": false}, "image processing": {"name": "image processing", "type": "topic", "h_index": 1113, "h5_index": 328, "num_publications": 13, "num_citations": 43, "num_publications_5y": 0, "num_citations_5y": 30, "num_publications_10y": 13, "num_citations_10y": 34, "publications_years": {"2012": 13}, "citations_years": {"2014": 4, "2013": 3, "2015": 8, "2016": 6, "2017": 6, "2018": 6, "2019": 9, "2012": 1}, "old_citations": {"2012": 43}, "isVisible": false}, "wireless telecommunication systems": {"name": "wireless telecommunication systems", "type": "topic", "h_index": 1087, "h5_index": 254, "num_publications": 13, "num_citations": 48, "num_publications_5y": 0, "num_citations_5y": 40, "num_publications_10y": 13, "num_citations_10y": 45, "publications_years": {"2012": 13}, "citations_years": {"2015": 10, "2016": 8, "2013": 4, "2014": 9, "2017": 9, "2012": 1, "2018": 4, "2019": 3}, "old_citations": {"2012": 50}, "isVisible": false}, "internet": {"name": "internet", "type": "topic", "h_index": 1102, "h5_index": 245, "num_publications": 12, "num_citations": 17, "num_publications_5y": 0, "num_citations_5y": 14, "num_publications_10y": 12, "num_citations_10y": 16, "publications_years": {"2012": 12}, "citations_years": {"2014": 4, "2016": 4, "2015": 4, "2013": 2, "2017": 1, "2018": 1, "2019": 1}, "old_citations": {"2012": 20}, "isVisible": false}, "mathematics": {"name": "mathematics", "type": "topic", "h_index": 1364, "h5_index": 300, "num_publications": 12, "num_citations": 56, "num_publications_5y": 0, "num_citations_5y": 43, "num_publications_10y": 12, "num_citations_10y": 47, "publications_years": {"2012": 12}, "citations_years": {"2014": 7, "2016": 11, "2012": 1, "2013": 3, "2015": 9, "2017": 9, "2018": 7, "2019": 8, "2020": 1}, "old_citations": {"2012": 57}, "isVisible": false}, "telecommunication networks": {"name": "telecommunication networks", "type": "topic", "h_index": 1116, "h5_index": 258, "num_publications": 12, "num_citations": 48, "num_publications_5y": 0, "num_citations_5y": 40, "num_publications_10y": 12, "num_citations_10y": 45, "publications_years": {"2012": 12}, "citations_years": {"2015": 10, "2016": 8, "2013": 4, "2014": 9, "2017": 9, "2012": 1, "2018": 4, "2019": 3}, "old_citations": {"2012": 50}, "isVisible": false}, "computer hardware": {"name": "computer hardware", "type": "topic", "h_index": 1150, "h5_index": 279, "num_publications": 11, "num_citations": 37, "num_publications_5y": 0, "num_citations_5y": 31, "num_publications_10y": 11, "num_citations_10y": 35, "publications_years": {"2012": 11}, "citations_years": {"2014": 7, "2015": 10, "2016": 5, "2013": 3, "2017": 6, "2012": 1, "2018": 3, "2019": 2}, "old_citations": {"2012": 38}, "isVisible": false}, "telecommunication traffic": {"name": "telecommunication traffic", "type": "topic", "h_index": 1036, "h5_index": 233, "num_publications": 11, "num_citations": 48, "num_publications_5y": 0, "num_citations_5y": 40, "num_publications_10y": 11, "num_citations_10y": 45, "publications_years": {"2012": 11}, "citations_years": {"2015": 10, "2016": 8, "2013": 4, "2014": 9, "2017": 9, "2012": 1, "2018": 4, "2019": 3}, "old_citations": {"2012": 50}, "isVisible": false}, "communication channels (information theory)": {"name": "communication channels (information theory)", "type": "topic", "h_index": 925, "h5_index": 216, "num_publications": 10, "num_citations": 16, "num_publications_5y": 0, "num_citations_5y": 14, "num_publications_10y": 10, "num_citations_10y": 16, "publications_years": {"2012": 10}, "citations_years": {"2015": 4, "2016": 3, "2013": 2, "2014": 3, "2017": 2, "2018": 2}, "old_citations": {"2012": 16}, "isVisible": false}, "data mining": {"name": "data mining", "type": "topic", "h_index": 861, "h5_index": 196, "num_publications": 10, "num_citations": 31, "num_publications_5y": 0, "num_citations_5y": 21, "num_publications_10y": 10, "num_citations_10y": 22, "publications_years": {"2012": 10}, "citations_years": {"2016": 7, "2015": 6, "2019": 8, "2017": 2, "2018": 5, "2013": 1, "2014": 1, "2020": 1}, "old_citations": {"2012": 31}, "isVisible": false}, "database systems": {"name": "database systems", "type": "topic", "h_index": 1167, "h5_index": 276, "num_publications": 10, "num_citations": 41, "num_publications_5y": 0, "num_citations_5y": 31, "num_publications_10y": 10, "num_citations_10y": 36, "publications_years": {"2012": 10}, "citations_years": {"2016": 7, "2013": 4, "2014": 4, "2015": 10, "2017": 7, "2018": 3, "2012": 1, "2019": 4, "2020": 1}, "old_citations": {"2012": 41}, "isVisible": false}, "engineering": {"name": "engineering", "type": "topic", "h_index": 1177, "h5_index": 287, "num_publications": 10, "num_citations": 22, "num_publications_5y": 0, "num_citations_5y": 17, "num_publications_10y": 10, "num_citations_10y": 20, "publications_years": {"2012": 10}, "citations_years": {"2015": 1, "2016": 5, "2013": 3, "2014": 3, "2017": 4, "2018": 4, "2019": 2}, "old_citations": {"2012": 23}, "isVisible": false}, "artificial intelligence": {"name": "artificial intelligence", "type": "topic", "h_index": 1421, "h5_index": 373, "num_publications": 9, "num_citations": 17, "num_publications_5y": 0, "num_citations_5y": 12, "num_publications_10y": 9, "num_citations_10y": 13, "publications_years": {"2012": 9}, "citations_years": {"2015": 4, "2016": 4, "2019": 3, "2017": 3, "2018": 1, "2020": 1, "2013": 1, "2014": 0}, "old_citations": {"2012": 18}, "isVisible": false}, "bandwidth": {"name": "bandwidth", "type": "topic", "h_index": 922, "h5_index": 201, "num_publications": 9, "num_citations": 45, "num_publications_5y": 0, "num_citations_5y": 38, "num_publications_10y": 9, "num_citations_10y": 42, "publications_years": {"2012": 9}, "citations_years": {"2015": 9, "2016": 8, "2012": 1, "2013": 3, "2014": 9, "2017": 8, "2018": 4, "2019": 3}, "old_citations": {"2012": 47}, "isVisible": false}, "computer security": {"name": "computer security", "type": "topic", "h_index": 977, "h5_index": 220, "num_publications": 9, "num_citations": 46, "num_publications_5y": 0, "num_citations_5y": 36, "num_publications_10y": 9, "num_citations_10y": 39, "publications_years": {"2012": 9}, "citations_years": {"2015": 9, "2016": 9, "2013": 2, "2014": 5, "2017": 5, "2018": 8, "2012": 1, "2019": 7}, "old_citations": {"2012": 50}, "isVisible": false}, "communication": {"name": "communication", "type": "topic", "h_index": 886, "h5_index": 209, "num_publications": 8, "num_citations": 34, "num_publications_5y": 0, "num_citations_5y": 28, "num_publications_10y": 8, "num_citations_10y": 32, "publications_years": {"2012": 8}, "citations_years": {"2013": 3, "2014": 6, "2015": 9, "2016": 4, "2017": 6, "2012": 1, "2018": 3, "2019": 2}, "old_citations": {"2012": 36}, "isVisible": false}, "cryptography": {"name": "cryptography", "type": "topic", "h_index": 761, "h5_index": 179, "num_publications": 5, "num_citations": 31, "num_publications_5y": 0, "num_citations_5y": 26, "num_publications_10y": 5, "num_citations_10y": 29, "publications_years": {"2012": 5}, "citations_years": {"2013": 2, "2014": 5, "2015": 7, "2016": 5, "2017": 5, "2018": 4, "2012": 1, "2019": 2}, "old_citations": {"2012": 35}, "isVisible": false}, "cryptology": {"name": "cryptology", "type": "topic", "h_index": 761, "h5_index": 179, "num_publications": 5, "num_citations": 31, "num_publications_5y": 0, "num_citations_5y": 26, "num_publications_10y": 5, "num_citations_10y": 29, "publications_years": {"2012": 5}, "citations_years": {"2013": 2, "2014": 5, "2015": 7, "2016": 5, "2017": 5, "2018": 4, "2012": 1, "2019": 2}, "old_citations": {"2012": 35}, "isVisible": false}, "sensors": {"name": "sensors", "type": "topic", "h_index": 960, "h5_index": 229, "num_publications": 7, "num_citations": 34, "num_publications_5y": 0, "num_citations_5y": 28, "num_publications_10y": 7, "num_citations_10y": 32, "publications_years": {"2012": 7}, "citations_years": {"2013": 3, "2014": 6, "2015": 9, "2016": 4, "2017": 6, "2012": 1, "2018": 3, "2019": 2}, "old_citations": {"2012": 34}, "isVisible": false}}, "authors": {"1057035352": {"name": "m hemalatha", "type": "author", "activity": 7, "h_index": 8, "h5_index": 0, "mag_id": "1057035352", "num_publications": 2, "num_citations": 6, "num_publications_5y": 0, "num_citations_5y": 4, "num_publications_10y": 2, "num_citations_10y": 5, "publications_years": {"2012": 2}, "citations_years": {"2016": 1, "2013": 1, "2014": 1, "2015": 2, "2017": 0, "2018": 0, "2019": 1}, "old_citations": {"2012": 6}, "isVisible": false}, "2086232199": {"name": "p shanmugavadivu", "type": "author", "activity": 10, "h_index": 6, "h5_index": 0, "mag_id": "2086232199", "num_publications": 2, "num_citations": 3, "num_publications_5y": 0, "num_citations_5y": 1, "num_publications_10y": 2, "num_citations_10y": 2, "publications_years": {"2012": 2}, "citations_years": {"2013": 1, "2014": 0, "2015": 0, "2016": 0, "2017": 1, "2018": 0, "2019": 1}, "old_citations": {"2012": 3}, "isVisible": false}, "2708242109": {"name": "n sreenath", "type": "author", "activity": 9, "h_index": 4, "h5_index": 1, "mag_id": "2708242109", "num_publications": 2, "num_citations": 1, "num_publications_5y": 0, "num_citations_5y": 0, "num_publications_10y": 2, "num_citations_10y": 1, "publications_years": {"2012": 2}, "citations_years": {"2013": 1}, "old_citations": {"2012": 1}, "isVisible": false}, "2896406531": {"name": "e kirubakaran", "type": "author", "activity": 1, "h_index": 0, "h5_index": 0, "mag_id": "2896406531", "num_publications": 2, "num_citations": 0, "num_publications_5y": 0, "num_citations_5y": 0, "num_publications_10y": 2, "num_citations_10y": 0, "publications_years": {"2012": 2}, "citations_years": {}, "old_citations": {"2012": 3}, "isVisible": false}, "361017600": {"name": "g kanagaraj", "type": "author", "activity": 8, "h_index": 2, "h5_index": 1, "mag_id": "361017600", "num_publications": 1, "num_citations": 12, "num_publications_5y": 0, "num_citations_5y": 10, "num_publications_10y": 1, "num_citations_10y": 11, "publications_years": {"2012": 1}, "citations_years": {"2013": 1, "2014": 3, "2015": 0, "2016": 3, "2017": 3, "2018": 1, "2019": 1}, "old_citations": {"2012": 12}, "isVisible": false}, "368780207": {"name": "v hamsadhwani", "type": "author", "activity": 3, "h_index": 1, "h5_index": 0, "mag_id": "368780207", "num_publications": 1, "num_citations": 1, "num_publications_5y": 0, "num_citations_5y": 1, "num_publications_10y": 1, "num_citations_10y": 1, "publications_years": {"2012": 1}, "citations_years": {"2018": 1}, "old_citations": {"2012": 1}, "isVisible": false}, "400139973": {"name": "e jebamalar leavline", "type": "author", "activity": 9, "h_index": 5, "h5_index": 3, "mag_id": "400139973", "num_publications": 1, "num_citations": 7, "num_publications_5y": 0, "num_citations_5y": 6, "num_publications_10y": 1, "num_citations_10y": 6, "publications_years": {"2012": 1}, "citations_years": {"2015": 2, "2016": 2, "2017": 2, "2018": 0, "2019": 0, "2020": 1}, "old_citations": {"2012": 7}, "isVisible": false}, "410792204": {"name": "a john dhanaseely", "type": "author", "activity": 1, "h_index": 2, "h5_index": 0, "mag_id": "410792204", "num_publications": 1, "num_citations": 2, "num_publications_5y": 0, "num_citations_5y": 2, "num_publications_10y": 1, "num_citations_10y": 2, "publications_years": {"2012": 1}, "citations_years": {"2016": 1, "2017": 1}, "old_citations": {"2012": 2}, "isVisible": false}, "777666517": {"name": "j karthika", "type": "author", "activity": 3, "h_index": 1, "h5_index": 0, "mag_id": "777666517", "num_publications": 1, "num_citations": 0, "num_publications_5y": 0, "num_citations_5y": 0, "num_publications_10y": 1, "num_citations_10y": 0, "publications_years": {"2012": 1}, "citations_years": {}, "old_citations": {"2012": 0}, "isVisible": false}, "1274035751": {"name": "s g shaila", "type": "author", "activity": 9, "h_index": 2, "h5_index": 0, "mag_id": "1274035751", "num_publications": 1, "num_citations": 0, "num_publications_5y": 0, "num_citations_5y": 0, "num_publications_10y": 1, "num_citations_10y": 0, "publications_years": {"2012": 1}, "citations_years": {}, "old_citations": {"2012": 0}, "isVisible": false}, "1376535671": {"name": "rabindra kumar shial", "type": "author", "activity": 4, "h_index": 2, "h5_index": 0, "mag_id": "1376535671", "num_publications": 1, "num_citations": 2, "num_publications_5y": 0, "num_citations_5y": 2, "num_publications_10y": 1, "num_citations_10y": 2, "publications_years": {"2012": 1}, "citations_years": {"2014": 1, "2015": 1}, "old_citations": {"2012": 2}, "isVisible": false}, "1487936417": {"name": "m thangavel", "type": "author", "activity": 8, "h_index": 3, "h5_index": 2, "mag_id": "1487936417", "num_publications": 1, "num_citations": 0, "num_publications_5y": 0, "num_citations_5y": 0, "num_publications_10y": 1, "num_citations_10y": 0, "publications_years": {"2012": 1}, "citations_years": {}, "old_citations": {"2012": 3}, "isVisible": false}, "1612852520": {"name": "r amutha", "type": "author", "activity": 11, "h_index": 10, "h5_index": 5, "mag_id": "1612852520", "num_publications": 1, "num_citations": 2, "num_publications_5y": 0, "num_citations_5y": 0, "num_publications_10y": 1, "num_citations_10y": 1, "publications_years": {"2012": 1}, "citations_years": {"2013": 1, "2014": 0, "2015": 0, "2016": 0, "2017": 0, "2018": 0, "2019": 1}, "old_citations": {"2012": 2}, "isVisible": false}, "1972516312": {"name": "d shanmuga priyaa", "type": "author", "activity": 5, "h_index": 0, "h5_index": 0, "mag_id": "1972516312", "num_publications": 1, "num_citations": 0, "num_publications_5y": 0, "num_citations_5y": 0, "num_publications_10y": 1, "num_citations_10y": 0, "publications_years": {"2012": 1}, "citations_years": {}, "old_citations": {"2012": 0}, "isVisible": false}, "1999802789": {"name": "o a mohamed jafar", "type": "author", "activity": 9, "h_index": 2, "h5_index": 0, "mag_id": "1999802789", "num_publications": 1, "num_citations": 2, "num_publications_5y": 0, "num_citations_5y": 0, "num_publications_10y": 1, "num_citations_10y": 0, "publications_years": {"2012": 1}, "citations_years": {"2019": 2}, "old_citations": {"2012": 2}, "isVisible": false}, "1999954537": {"name": "s ramachandiran", "type": "author", "activity": 1, "h_index": 1, "h5_index": 0, "mag_id": "1999954537", "num_publications": 1, "num_citations": 1, "num_publications_5y": 0, "num_citations_5y": 0, "num_publications_10y": 1, "num_citations_10y": 1, "publications_years": {"2012": 1}, "citations_years": {"2013": 1}, "old_citations": {"2012": 1}, "isVisible": false}, "2036207686": {"name": "sunil kumar kopparapu", "type": "author", "activity": 23, "h_index": 10, "h5_index": 4, "mag_id": "2036207686", "num_publications": 1, "num_citations": 0, "num_publications_5y": 0, "num_citations_5y": 0, "num_publications_10y": 1, "num_citations_10y": 0, "publications_years": {"2012": 1}, "citations_years": {}, "old_citations": {"2012": 0}, "isVisible": false}, "2055371121": {"name": "shabir a parah", "type": "author", "activity": 11, "h_index": 13, "h5_index": 8, "mag_id": "2055371121", "num_publications": 1, "num_citations": 20, "num_publications_5y": 0, "num_citations_5y": 16, "num_publications_10y": 1, "num_citations_10y": 18, "publications_years": {"2012": 1}, "citations_years": {"2012": 1, "2013": 1, "2014": 3, "2015": 6, "2016": 2, "2017": 4, "2018": 1, "2019": 2}, "old_citations": {"2012": 20}, "isVisible": false}, "2099400923": {"name": "v prasanna venkatesan", "type": "author", "activity": 11, "h_index": 8, "h5_index": 1, "mag_id": "2099400923", "num_publications": 1, "num_citations": 0, "num_publications_5y": 0, "num_citations_5y": 0, "num_publications_10y": 1, "num_citations_10y": 0, "publications_years": {"2012": 1}, "citations_years": {}, "old_citations": {"2012": 0}, "isVisible": false}, "2110871298": {"name": "terrance frederick fernandez", "type": "author", "activity": 3, "h_index": 2, "h5_index": 0, "mag_id": "2110871298", "num_publications": 1, "num_citations": 1, "num_publications_5y": 0, "num_citations_5y": 0, "num_publications_10y": 1, "num_citations_10y": 1, "publications_years": {"2012": 1}, "citations_years": {"2013": 1}, "old_citations": {"2012": 1}, "isVisible": false}, "2113434986": {"name": "r sivakumar", "type": "author", "activity": 5, "h_index": 2, "h5_index": 0, "mag_id": "2113434986", "num_publications": 1, "num_citations": 2, "num_publications_5y": 0, "num_citations_5y": 0, "num_publications_10y": 1, "num_citations_10y": 0, "publications_years": {"2012": 1}, "citations_years": {"2019": 2}, "old_citations": {"2012": 2}, "isVisible": false}, "2132953816": {"name": "g m bhat", "type": "author", "activity": 24, "h_index": 13, "h5_index": 7, "mag_id": "2132953816", "num_publications": 1, "num_citations": 20, "num_publications_5y": 0, "num_citations_5y": 16, "num_publications_10y": 1, "num_citations_10y": 18, "publications_years": {"2012": 1}, "citations_years": {"2012": 1, "2013": 1, "2014": 3, "2015": 6, "2016": 2, "2017": 4, "2018": 1, "2019": 2}, "old_citations": {"2012": 20}, "isVisible": false}, "2137533398": {"name": "bhabani sankar gouda", "type": "author", "activity": 9, "h_index": 4, "h5_index": 1, "mag_id": "2137533398", "num_publications": 1, "num_citations": 2, "num_publications_5y": 0, "num_citations_5y": 2, "num_publications_10y": 1, "num_citations_10y": 2, "publications_years": {"2012": 1}, "citations_years": {"2014": 1, "2015": 1}, "old_citations": {"2012": 2}, "isVisible": false}, "2138452849": {"name": "soharab hossain shaikh", "type": "author", "activity": 12, "h_index": 7, "h5_index": 3, "mag_id": "2138452849", "num_publications": 1, "num_citations": 4, "num_publications_5y": 0, "num_citations_5y": 3, "num_publications_10y": 1, "num_citations_10y": 4, "publications_years": {"2012": 1}, "citations_years": {"2013": 1, "2014": 0, "2015": 0, "2016": 1, "2017": 0, "2018": 2}, "old_citations": {"2012": 4}, "isVisible": false}, "2139572300": {"name": "k hemant kumar reddy", "type": "author", "activity": 9, "h_index": 6, "h5_index": 4, "mag_id": "2139572300", "num_publications": 1, "num_citations": 2, "num_publications_5y": 0, "num_citations_5y": 2, "num_publications_10y": 1, "num_citations_10y": 2, "publications_years": {"2012": 1}, "citations_years": {"2014": 1, "2015": 1}, "old_citations": {"2012": 2}, "isVisible": false}, "2143780326": {"name": "t miranda lakshmi", "type": "author", "activity": 8, "h_index": 5, "h5_index": 1, "mag_id": "2143780326", "num_publications": 1, "num_citations": 0, "num_publications_5y": 0, "num_citations_5y": 0, "num_publications_10y": 1, "num_citations_10y": 0, "publications_years": {"2012": 1}, "citations_years": {}, "old_citations": {"2012": 0}, "isVisible": false}, "2160271035": {"name": "d asir antony gnana singh", "type": "author", "activity": 9, "h_index": 5, "h5_index": 3, "mag_id": "2160271035", "num_publications": 1, "num_citations": 7, "num_publications_5y": 0, "num_citations_5y": 6, "num_publications_10y": 1, "num_citations_10y": 6, "publications_years": {"2012": 1}, "citations_years": {"2015": 2, "2016": 2, "2017": 2, "2018": 0, "2019": 0, "2020": 1}, "old_citations": {"2012": 7}, "isVisible": false}, "2174336384": {"name": "s g lakshmi narayanan", "type": "author", "activity": 2, "h_index": 2, "h5_index": 0, "mag_id": "2174336384", "num_publications": 1, "num_citations": 3, "num_publications_5y": 0, "num_citations_5y": 1, "num_publications_10y": 1, "num_citations_10y": 2, "publications_years": {"2012": 1}, "citations_years": {"2013": 1, "2014": 0, "2015": 0, "2016": 0, "2017": 1, "2018": 0, "2019": 1}, "old_citations": {"2012": 3}, "isVisible": false}, "2194458762": {"name": "nabendu chaki", "type": "author", "activity": 25, "h_index": 15, "h5_index": 3, "mag_id": "2194458762", "num_publications": 1, "num_citations": 4, "num_publications_5y": 0, "num_citations_5y": 3, "num_publications_10y": 1, "num_citations_10y": 4, "publications_years": {"2012": 1}, "citations_years": {"2013": 1, "2014": 0, "2015": 0, "2016": 1, "2017": 0, "2018": 2}, "old_citations": {"2012": 4}, "isVisible": false}, "2223417822": {"name": "r santhini rajeswari", "type": "author", "activity": 1, "h_index": 0, "h5_index": 0, "mag_id": "2223417822", "num_publications": 1, "num_citations": 0, "num_publications_5y": 0, "num_citations_5y": 0, "num_publications_10y": 1, "num_citations_10y": 0, "publications_years": {"2012": 1}, "citations_years": {}, "old_citations": {"2012": 0}, "isVisible": false}, "2223685687": {"name": "j vinoth kumar", "type": "author", "activity": 1, "h_index": 1, "h5_index": 0, "mag_id": "2223685687", "num_publications": 1, "num_citations": 1, "num_publications_5y": 0, "num_citations_5y": 1, "num_publications_10y": 1, "num_citations_10y": 1, "publications_years": {"2012": 1}, "citations_years": {"2014": 1}, "old_citations": {"2012": 1}, "isVisible": false}, "2224975705": {"name": "n mymoon zuviriya", "type": "author", "activity": 1, "h_index": 1, "h5_index": 0, "mag_id": "2224975705", "num_publications": 1, "num_citations": 2, "num_publications_5y": 0, "num_citations_5y": 2, "num_publications_10y": 1, "num_citations_10y": 2, "publications_years": {"2012": 1}, "citations_years": {"2015": 1, "2016": 0, "2017": 0, "2018": 1}, "old_citations": {"2012": 2}, "isVisible": false}, "2228581655": {"name": "f nirmala sherine", "type": "author", "activity": 1, "h_index": 1, "h5_index": 0, "mag_id": "2228581655", "num_publications": 1, "num_citations": 1, "num_publications_5y": 0, "num_citations_5y": 1, "num_publications_10y": 1, "num_citations_10y": 1, "publications_years": {"2012": 1}, "citations_years": {"2018": 1}, "old_citations": {"2012": 1}, "isVisible": false}, "2228714547": {"name": "b akalya", "type": "author", "activity": 1, "h_index": 1, "h5_index": 0, "mag_id": "2228714547", "num_publications": 1, "num_citations": 1, "num_publications_5y": 0, "num_citations_5y": 1, "num_publications_10y": 1, "num_citations_10y": 1, "publications_years": {"2012": 1}, "citations_years": {"2018": 1}, "old_citations": {"2012": 1}, "isVisible": false}, "2230499089": {"name": "m sathyakala", "type": "author", "activity": 1, "h_index": 1, "h5_index": 0, "mag_id": "2230499089", "num_publications": 1, "num_citations": 7, "num_publications_5y": 0, "num_citations_5y": 7, "num_publications_10y": 1, "num_citations_10y": 7, "publications_years": {"2012": 1}, "citations_years": {"2014": 2, "2015": 1, "2016": 2, "2017": 1, "2018": 1}, "old_citations": {"2012": 7}, "isVisible": false}, "2232452839": {"name": "m poongothai", "type": "author", "activity": 1, "h_index": 1, "h5_index": 0, "mag_id": "2232452839", "num_publications": 1, "num_citations": 7, "num_publications_5y": 0, "num_citations_5y": 7, "num_publications_10y": 1, "num_citations_10y": 7, "publications_years": {"2012": 1}, "citations_years": {"2014": 2, "2015": 1, "2016": 2, "2017": 1, "2018": 1}, "old_citations": {"2012": 7}, "isVisible": false}, "2290018937": {"name": "javaid a sheikh", "type": "author", "activity": 11, "h_index": 13, "h5_index": 8, "mag_id": "2290018937", "num_publications": 1, "num_citations": 20, "num_publications_5y": 0, "num_citations_5y": 16, "num_publications_10y": 1, "num_citations_10y": 18, "publications_years": {"2012": 1}, "citations_years": {"2012": 1, "2013": 1, "2014": 3, "2015": 6, "2016": 2, "2017": 4, "2018": 1, "2019": 2}, "old_citations": {"2012": 20}, "isVisible": false}, "2307061287": {"name": "s appavu alias balamurugan", "type": "author", "activity": 12, "h_index": 7, "h5_index": 4, "mag_id": "2307061287", "num_publications": 1, "num_citations": 7, "num_publications_5y": 0, "num_citations_5y": 6, "num_publications_10y": 1, "num_citations_10y": 6, "publications_years": {"2012": 1}, "citations_years": {"2015": 2, "2016": 2, "2017": 2, "2018": 0, "2019": 0, "2020": 1}, "old_citations": {"2012": 7}, "isVisible": false}, "2307810461": {"name": "p sathya", "type": "author", "activity": 1, "h_index": 0, "h5_index": 0, "mag_id": "2307810461", "num_publications": 1, "num_citations": 0, "num_publications_5y": 0, "num_citations_5y": 0, "num_publications_10y": 1, "num_citations_10y": 0, "publications_years": {"2012": 1}, "citations_years": {}, "old_citations": {"2012": 0}, "isVisible": false}, "2309792936": {"name": "saikat roy", "type": "author", "activity": 1, "h_index": 1, "h5_index": 0, "mag_id": "2309792936", "num_publications": 1, "num_citations": 4, "num_publications_5y": 0, "num_citations_5y": 3, "num_publications_10y": 1, "num_citations_10y": 4, "publications_years": {"2012": 1}, "citations_years": {"2013": 1, "2014": 0, "2015": 0, "2016": 1, "2017": 0, "2018": 2}, "old_citations": {"2012": 4}, "isVisible": false}, "2313415917": {"name": "a martin", "type": "author", "activity": 10, "h_index": 5, "h5_index": 1, "mag_id": "2313415917", "num_publications": 1, "num_citations": 0, "num_publications_5y": 0, "num_citations_5y": 0, "num_publications_10y": 1, "num_citations_10y": 0, "publications_years": {"2012": 1}, "citations_years": {}, "old_citations": {"2012": 0}, "isVisible": false}, "2442031985": {"name": "a joshi", "type": "author", "activity": 0, "h_index": 0, "h5_index": 0, "mag_id": "2442031985", "num_publications": 1, "num_citations": 0, "num_publications_5y": 0, "num_citations_5y": 0, "num_publications_10y": 1, "num_citations_10y": 0, "publications_years": {"2012": 1}, "citations_years": {}, "old_citations": {"2012": 2}, "isVisible": false}, "2466012955": {"name": "m deepa", "type": "author", "activity": 1, "h_index": 1, "h5_index": 0, "mag_id": "2466012955", "num_publications": 1, "num_citations": 2, "num_publications_5y": 0, "num_citations_5y": 2, "num_publications_10y": 1, "num_citations_10y": 2, "publications_years": {"2012": 1}, "citations_years": {"2015": 1, "2016": 0, "2017": 0, "2018": 1}, "old_citations": {"2012": 2}, "isVisible": false}, "2488722875": {"name": "s muthukumar", "type": "author", "activity": 1, "h_index": 1, "h5_index": 0, "mag_id": "2488722875", "num_publications": 1, "num_citations": 13, "num_publications_5y": 0, "num_citations_5y": 8, "num_publications_10y": 1, "num_citations_10y": 8, "publications_years": {"2012": 1}, "citations_years": {"2015": 1, "2016": 3, "2017": 0, "2018": 4, "2019": 5}, "old_citations": {"2012": 13}, "isVisible": false}, "2491818602": {"name": "a vadivel", "type": "author", "activity": 17, "h_index": 8, "h5_index": 2, "mag_id": "2491818602", "num_publications": 1, "num_citations": 0, "num_publications_5y": 0, "num_citations_5y": 0, "num_publications_10y": 1, "num_citations_10y": 0, "publications_years": {"2012": 1}, "citations_years": {}, "old_citations": {"2012": 0}, "isVisible": false}, "2496936238": {"name": "e srinivasan", "type": "author", "activity": 4, "h_index": 2, "h5_index": 0, "mag_id": "2496936238", "num_publications": 1, "num_citations": 2, "num_publications_5y": 0, "num_citations_5y": 2, "num_publications_10y": 1, "num_citations_10y": 2, "publications_years": {"2012": 1}, "citations_years": {"2016": 1, "2017": 1}, "old_citations": {"2012": 2}, "isVisible": false}, "2609933423": {"name": "k swaminathan", "type": "author", "activity": 1, "h_index": 1, "h5_index": 0, "mag_id": "2609933423", "num_publications": 1, "num_citations": 1, "num_publications_5y": 0, "num_citations_5y": 1, "num_publications_10y": 1, "num_citations_10y": 1, "publications_years": {"2012": 1}, "citations_years": {"2014": 1}, "old_citations": {"2012": 1}, "isVisible": false}, "2626218267": {"name": "p murali", "type": "author", "activity": 11, "h_index": 3, "h5_index": 1, "mag_id": "2626218267", "num_publications": 1, "num_citations": 0, "num_publications_5y": 0, "num_citations_5y": 0, "num_publications_10y": 1, "num_citations_10y": 0, "publications_years": {"2012": 1}, "citations_years": {}, "old_citations": {"2012": 1}, "isVisible": false}, "2627524397": {"name": "r devi mahalakshmi", "type": "author", "activity": 3, "h_index": 1, "h5_index": 0, "mag_id": "2627524397", "num_publications": 1, "num_citations": 0, "num_publications_5y": 0, "num_citations_5y": 0, "num_publications_10y": 1, "num_citations_10y": 0, "publications_years": {"2012": 1}, "citations_years": {}, "old_citations": {"2012": 0}, "isVisible": false}, "2629795315": {"name": "m moorthi", "type": "author", "activity": 11, "h_index": 2, "h5_index": 1, "mag_id": "2629795315", "num_publications": 1, "num_citations": 2, "num_publications_5y": 0, "num_citations_5y": 0, "num_publications_10y": 1, "num_citations_10y": 1, "publications_years": {"2012": 1}, "citations_years": {"2013": 1, "2014": 0, "2015": 0, "2016": 0, "2017": 0, "2018": 0, "2019": 1}, "old_citations": {"2012": 2}, "isVisible": false}, "2642016832": {"name": "s himavathi", "type": "author", "activity": 1, "h_index": 2, "h5_index": 0, "mag_id": "2642016832", "num_publications": 1, "num_citations": 2, "num_publications_5y": 0, "num_citations_5y": 2, "num_publications_10y": 1, "num_citations_10y": 2, "publications_years": {"2012": 1}, "citations_years": {"2016": 1, "2017": 1}, "old_citations": {"2012": 2}, "isVisible": false}, "2643386434": {"name": "s karthikeyan", "type": "author", "activity": 2, "h_index": 0, "h5_index": 0, "mag_id": "2643386434", "num_publications": 1, "num_citations": 0, "num_publications_5y": 0, "num_citations_5y": 0, "num_publications_10y": 1, "num_citations_10y": 0, "publications_years": {"2012": 1}, "citations_years": {}, "old_citations": {"2012": 0}, "isVisible": false}, "2649093459": {"name": "k sivasankar", "type": "author", "activity": 1, "h_index": 1, "h5_index": 0, "mag_id": "2649093459", "num_publications": 1, "num_citations": 13, "num_publications_5y": 0, "num_citations_5y": 8, "num_publications_10y": 1, "num_citations_10y": 8, "publications_years": {"2012": 1}, "citations_years": {"2015": 1, "2016": 3, "2017": 0, "2018": 4, "2019": 5}, "old_citations": {"2012": 13}, "isVisible": false}, "2657306713": {"name": "t genish", "type": "author", "activity": 1, "h_index": 0, "h5_index": 0, "mag_id": "2657306713", "num_publications": 1, "num_citations": 0, "num_publications_5y": 0, "num_citations_5y": 0, "num_publications_10y": 1, "num_citations_10y": 0, "publications_years": {"2012": 1}, "citations_years": {}, "old_citations": {"2012": 0}, "isVisible": false}, "2662459588": {"name": "a saravanan", "type": "author", "activity": 1, "h_index": 1, "h5_index": 0, "mag_id": "2662459588", "num_publications": 1, "num_citations": 3, "num_publications_5y": 0, "num_citations_5y": 2, "num_publications_10y": 1, "num_citations_10y": 3, "publications_years": {"2012": 1}, "citations_years": {"2013": 1, "2014": 0, "2015": 1, "2016": 0, "2017": 1}, "old_citations": {"2012": 3}, "isVisible": false}, "2663216102": {"name": "m sujaritha", "type": "author", "activity": 1, "h_index": 1, "h5_index": 0, "mag_id": "2663216102", "num_publications": 1, "num_citations": 13, "num_publications_5y": 0, "num_citations_5y": 8, "num_publications_10y": 1, "num_citations_10y": 8, "publications_years": {"2012": 1}, "citations_years": {"2015": 1, "2016": 3, "2017": 0, "2018": 4, "2019": 5}, "old_citations": {"2012": 13}, "isVisible": false}, "2664741746": {"name": "s r balasundaram", "type": "author", "activity": 1, "h_index": 1, "h5_index": 0, "mag_id": "2664741746", "num_publications": 1, "num_citations": 3, "num_publications_5y": 0, "num_citations_5y": 2, "num_publications_10y": 1, "num_citations_10y": 3, "publications_years": {"2012": 1}, "citations_years": {"2013": 1, "2014": 0, "2015": 1, "2016": 0, "2017": 1}, "old_citations": {"2012": 3}, "isVisible": false}, "2665322598": {"name": "k ratna pavani", "type": "author", "activity": 1, "h_index": 0, "h5_index": 0, "mag_id": "2665322598", "num_publications": 1, "num_citations": 0, "num_publications_5y": 0, "num_citations_5y": 0, "num_publications_10y": 1, "num_citations_10y": 0, "publications_years": {"2012": 1}, "citations_years": {}, "old_citations": {"2012": 0}, "isVisible": false}, "2701184723": {"name": "p pasupathi", "type": "author", "activity": 1, "h_index": 1, "h5_index": 0, "mag_id": "2701184723", "num_publications": 1, "num_citations": 13, "num_publications_5y": 0, "num_citations_5y": 8, "num_publications_10y": 1, "num_citations_10y": 8, "publications_years": {"2012": 1}, "citations_years": {"2015": 1, "2016": 3, "2017": 0, "2018": 4, "2019": 5}, "old_citations": {"2012": 13}, "isVisible": false}, "2710966907": {"name": "s senthamilarasu", "type": "author", "activity": 1, "h_index": 1, "h5_index": 0, "mag_id": "2710966907", "num_publications": 1, "num_citations": 5, "num_publications_5y": 0, "num_citations_5y": 3, "num_publications_10y": 1, "num_citations_10y": 4, "publications_years": {"2012": 1}, "citations_years": {"2013": 1, "2014": 1, "2015": 2, "2016": 0, "2017": 0, "2018": 0, "2019": 1}, "old_citations": {"2012": 5}, "isVisible": false}, "2714842668": {"name": "k ezhilarasan", "type": "author", "activity": 1, "h_index": 0, "h5_index": 0, "mag_id": "2714842668", "num_publications": 1, "num_citations": 0, "num_publications_5y": 0, "num_citations_5y": 0, "num_publications_10y": 1, "num_citations_10y": 0, "publications_years": {"2012": 1}, "citations_years": {}, "old_citations": {"2012": 0}, "isVisible": false}, "2715048077": {"name": "r gobi", "type": "author", "activity": 1, "h_index": 0, "h5_index": 0, "mag_id": "2715048077", "num_publications": 1, "num_citations": 0, "num_publications_5y": 0, "num_citations_5y": 0, "num_publications_10y": 1, "num_citations_10y": 0, "publications_years": {"2012": 1}, "citations_years": {}, "old_citations": {"2012": 0}, "isVisible": false}, "2715582466": {"name": "t velmurugan", "type": "author", "activity": 1, "h_index": 1, "h5_index": 0, "mag_id": "2715582466", "num_publications": 1, "num_citations": 2, "num_publications_5y": 0, "num_citations_5y": 2, "num_publications_10y": 1, "num_citations_10y": 2, "publications_years": {"2012": 1}, "citations_years": {"2015": 1, "2016": 1}, "old_citations": {"2012": 2}, "isVisible": false}, "2716129935": {"name": "s krishnaveni", "type": "author", "activity": 1, "h_index": 1, "h5_index": 0, "mag_id": "2716129935", "num_publications": 1, "num_citations": 1, "num_publications_5y": 0, "num_citations_5y": 1, "num_publications_10y": 1, "num_citations_10y": 1, "publications_years": {"2012": 1}, "citations_years": {"2016": 1}, "old_citations": {"2012": 1}, "isVisible": false}, "2794329247": {"name": "r sumathi", "type": "author", "activity": 0, "h_index": 0, "h5_index": 0, "mag_id": "2794329247", "num_publications": 1, "num_citations": 0, "num_publications_5y": 0, "num_citations_5y": 0, "num_publications_10y": 1, "num_citations_10y": 0, "publications_years": {"2012": 1}, "citations_years": {}, "old_citations": {"2012": 3}, "isVisible": false}, "2840356686": {"name": "s g ponnambalam", "type": "author", "activity": 22, "h_index": 13, "h5_index": 0, "mag_id": "2840356686", "num_publications": 1, "num_citations": 12, "num_publications_5y": 0, "num_citations_5y": 10, "num_publications_10y": 1, "num_citations_10y": 11, "publications_years": {"2012": 1}, "citations_years": {"2013": 1, "2014": 3, "2015": 0, "2016": 3, "2017": 3, "2018": 1, "2019": 1}, "old_citations": {"2012": 12}, "isVisible": false}, "2849832715": {"name": "wei chen esmonde lim", "type": "author", "activity": 1, "h_index": 1, "h5_index": 0, "mag_id": "2849832715", "num_publications": 1, "num_citations": 12, "num_publications_5y": 0, "num_citations_5y": 10, "num_publications_10y": 1, "num_citations_10y": 11, "publications_years": {"2012": 1}, "citations_years": {"2013": 1, "2014": 3, "2015": 0, "2016": 3, "2017": 3, "2018": 1, "2019": 1}, "old_citations": {"2012": 12}, "isVisible": false}, "2896053902": {"name": "r krishnamoorthy", "type": "author", "activity": 0, "h_index": 0, "h5_index": 0, "mag_id": "2896053902", "num_publications": 1, "num_citations": 0, "num_publications_5y": 0, "num_citations_5y": 0, "num_publications_10y": 1, "num_citations_10y": 0, "publications_years": {"2012": 1}, "citations_years": {}, "old_citations": {"2012": 1}, "isVisible": false}, "2896104479": {"name": "k somasundaram", "type": "author", "activity": 3, "h_index": 2, "h5_index": 0, "mag_id": "2896104479", "num_publications": 1, "num_citations": 0, "num_publications_5y": 0, "num_citations_5y": 0, "num_publications_10y": 1, "num_citations_10y": 0, "publications_years": {"2012": 1}, "citations_years": {}, "old_citations": {"2012": 0}, "isVisible": false}, "2973744266": {"name": "k somasundaram", "type": "author", "activity": 1, "h_index": 0, "h5_index": 0, "mag_id": "2973744266", "num_publications": 1, "num_citations": 0, "num_publications_5y": 0, "num_citations_5y": 0, "num_publications_10y": 1, "num_citations_10y": 0, "publications_years": {"2012": 1}, "citations_years": {}, "old_citations": {"2012": 0}, "isVisible": false}}, "countries": {"India": {"name": "India", "type": "country", "h5_index": 78, "num_publications": 19, "num_citations": 57, "num_publications_5y": 0, "num_citations_5y": 41, "num_publications_10y": 19, "num_citations_10y": 47, "publications_years": {"2012": 19}, "citations_years": {"2016": 9, "2013": 5, "2014": 4, "2015": 12, "2017": 8, "2018": 8, "2019": 9, "2012": 1, "2020": 1}, "old_citations": {"2012": 61}, "isVisible": false}, "Egypt": {"name": "Egypt", "type": "country", "h5_index": 47, "num_publications": 1, "num_citations": 7, "num_publications_5y": 0, "num_citations_5y": 7, "num_publications_10y": 1, "num_citations_10y": 7, "publications_years": {"2012": 1}, "citations_years": {"2014": 2, "2015": 1, "2016": 2, "2017": 1, "2018": 1}, "old_citations": {"2012": 7}, "isVisible": false}, "United States": {"name": "United States", "type": "country", "h5_index": 308, "num_publications": 1, "num_citations": 2, "num_publications_5y": 0, "num_citations_5y": 2, "num_publications_10y": 1, "num_citations_10y": 2, "publications_years": {"2012": 1}, "citations_years": {"2014": 1, "2015": 1}, "old_citations": {"2012": 2}, "isVisible": false}}, "industrial_sectors": {"technology": {"name": "technology", "type": "industrial sector", "h5_index": 229, "num_publications": 3, "num_citations": 0, "num_publications_5y": 0, "num_citations_5y": 0, "num_publications_10y": 3, "num_citations_10y": 0, "publications_years": {"2012": 3}, "citations_years": {}, "old_citations": {"2012": 3}, "isVisible": false}, "electronics": {"name": "electronics", "type": "industrial sector", "h5_index": 134, "num_publications": 2, "num_citations": 0, "num_publications_5y": 0, "num_citations_5y": 0, "num_publications_10y": 2, "num_citations_10y": 0, "publications_years": {"2012": 2}, "citations_years": {}, "old_citations": {"2012": 3}, "isVisible": false}, "computing_and_it": {"name": "computing_and_it", "type": "industrial sector", "h5_index": 221, "num_publications": 1, "num_citations": 0, "num_publications_5y": 0, "num_citations_5y": 0, "num_publications_10y": 1, "num_citations_10y": 0, "publications_years": {"2012": 1}, "citations_years": {}, "old_citations": {"2012": 0}, "isVisible": false}}}, "conference_comparison": {"computer science": {}}, "topics_dna": {"publications": {}, "citations": {"normalized": {}, "average": {}}}, "info": {"num_publications": 31, "num_citations": 96.0, "impact_factor": {}, "publications_years": {"2012": 31}, "citations_years": {"2012": 1, "2013": 8, "2014": 11, "2015": 16, "2016": 16, "2017": 13, "2018": 11, "2019": 13, "2020": 1}, "old_citations": {"2012": 96}, "h5_index": 0}, "percentile": {"computer science": {"2012": 65}}, "conference_ranking": {"computer science": {"2012": 1479}}, "academia": {"num_publications": 16, "num_citations": 58, "publications_years": {"2012": 16}, "old_citations": {"2012": 58}, "num_publications_5y": 0, "num_citations_5y": 0, "num_publications_10y": 16, "num_citations_10y": 58}, "industry": {"num_publications": 1, "num_citations": 0, "publications_years": {"2012": 1}, "old_citations": {"2012": 0}, "num_publications_5y": 0, "num_citations_5y": 0, "num_publications_10y": 1, "num_citations_10y": 0}, "collaborative": {"num_publications": 2, "num_citations": 3, "publications_years": {"2012": 2}, "old_citations": {"2012": 3}, "num_publications_5y": 0, "num_citations_5y": 0, "num_publications_10y": 2, "num_citations_10y": 3}, "conferences": {}, "journals": {}, "organizations": {"publication_overall": ["Gandhigram Rural Institute", "Anna University, Chennai", "Karpagam University", "Bharat Heavy Electricals (India)", "National Institute of Technology Tiruchirappalli", "Bharathidasan University", "Information Technology Institute", "Maharaja Sayajirao University of Baroda", "National Institute of Standards and Technology", "Periyar Maniammai Institute of Science & Technology", "Pondicherry University", "Tata Consultancy Services (India)", "University of Calcutta", "University of Kashmir"], "citation_overall": ["University of Kashmir", "Maharaja Sayajirao University of Baroda", "Anna University, Chennai", "Information Technology Institute", "Karpagam University", "University of Calcutta", "Bharat Heavy Electricals (India)", "Gandhigram Rural Institute", "National Institute of Technology Tiruchirappalli", "National Institute of Standards and Technology", "Periyar Maniammai Institute of Science & Technology", "Bharathidasan University", "Pondicherry University", "Tata Consultancy Services (India)"], "publication_10_years": ["Gandhigram Rural Institute", "Anna University, Chennai", "Karpagam University", "Bharat Heavy Electricals (India)", "National Institute of Technology Tiruchirappalli", "Bharathidasan University", "Information Technology Institute", "Maharaja Sayajirao University of Baroda", "National Institute of Standards and Technology", "Periyar Maniammai Institute of Science & Technology", "Pondicherry University", "Tata Consultancy Services (India)", "University of Calcutta", "University of Kashmir"], "citation_10_years": ["University of Kashmir", "Maharaja Sayajirao University of Baroda", "Anna University, Chennai", "Information Technology Institute", "Karpagam University", "University of Calcutta", "Bharat Heavy Electricals (India)", "Gandhigram Rural Institute", "National Institute of Technology Tiruchirappalli", "National Institute of Standards and Technology", "Periyar Maniammai Institute of Science & Technology", "Bharathidasan University", "Pondicherry University", "Tata Consultancy Services (India)"], "publication_5_years": [], "citation_5_years": []}, "countries": {"publication_overall": ["India", "Egypt", "United States"], "citation_overall": ["India", "Egypt", "United States"], "publication_10_years": ["India", "Egypt", "United States"], "citation_10_years": ["India", "Egypt", "United States"], "publication_5_years": [], "citation_5_years": []}, "topics": {"publication_overall": ["computer science", "computer systems", "computer networks", "computer imaging and vision", "telecommunication systems", "communication systems", "image analysis", "image processing", "wireless telecommunication systems", "internet", "mathematics", "telecommunication networks", "computer hardware", "telecommunication traffic", "communication channels (information theory)", "data mining", "database systems", "engineering", "artificial intelligence", "bandwidth"], "citation_overall": ["computer science", "computer systems", "mathematics", "computer networks", "communication systems", "computer security", "telecommunication networks", "telecommunication systems", "telecommunication traffic", "wireless telecommunication systems", "bandwidth", "computer imaging and vision", "image analysis", "image processing", "database systems", "computer hardware", "communication", "cryptography", "cryptology", "sensors"], "publication_10_years": ["computer science", "computer systems", "computer networks", "computer imaging and vision", "telecommunication systems", "communication systems", "image analysis", "image processing", "wireless telecommunication systems", "internet", "mathematics", "telecommunication networks", "computer hardware", "telecommunication traffic", "communication channels (information theory)", "data mining", "database systems", "engineering", "artificial intelligence", "bandwidth"], "citation_10_years": ["computer science", "computer systems", "mathematics", "computer networks", "communication systems", "computer security", "telecommunication networks", "telecommunication systems", "telecommunication traffic", "wireless telecommunication systems", "bandwidth", "computer imaging and vision", "image analysis", "image processing", "database systems", "computer hardware", "communication", "cryptography", "cryptology", "sensors"], "publication_5_years": [], "citation_5_years": []}, "main_topics": ["computer science"], "authors": {"publication_overall": ["1057035352", "2086232199", "2708242109", "2896406531", "361017600", "368780207", "400139973", "410792204", "777666517", "1274035751", "1376535671", "1487936417", "1612852520", "1972516312", "1999802789", "1999954537", "2036207686", "2055371121", "2099400923", "2110871298", "2113434986", "2132953816", "2137533398", "2138452849", "2139572300", "2143780326", "2160271035", "2174336384", "2194458762", "2223417822", "2223685687", "2224975705", "2228581655", "2228714547", "2230499089", "2232452839", "2290018937", "2307061287", "2307810461", "2309792936", "2313415917", "2442031985", "2466012955", "2488722875", "2491818602", "2496936238", "2609933423", "2626218267", "2627524397", "2629795315", "2642016832", "2643386434", "2649093459", "2657306713", "2662459588", "2663216102", "2664741746", "2665322598", "2701184723", "2710966907", "2714842668", "2715048077", "2715582466", "2716129935", "2794329247", "2840356686", "2849832715", "2896053902", "2896104479", "2973744266"], "citation_overall": ["2055371121", "2132953816", "2290018937", "2488722875", "2649093459", "2663216102", "2701184723", "361017600", "2840356686", "2849832715", "400139973", "2160271035", "2230499089", "2232452839", "2307061287", "1057035352", "2710966907", "2138452849", "2194458762", "2309792936", "1487936417", "2086232199", "2174336384", "2662459588", "2664741746", "2794329247", "2896406531", "410792204", "1376535671", "1612852520", "1999802789", "2113434986", "2137533398", "2139572300", "2224975705", "2442031985", "2466012955", "2496936238", "2629795315", "2642016832", "2715582466", "368780207", "1999954537", "2110871298", "2223685687", "2228581655", "2228714547", "2609933423", "2626218267", "2708242109", "2716129935", "2896053902", "777666517", "1274035751", "1972516312", "2036207686", "2099400923", "2143780326", "2223417822", "2307810461", "2313415917", "2491818602", "2627524397", "2643386434", "2657306713", "2665322598", "2714842668", "2715048077", "2896104479", "2973744266"], "publication_10_years": ["1057035352", "2086232199", "2708242109", "2896406531", "361017600", "368780207", "400139973", "410792204", "777666517", "1274035751", "1376535671", "1487936417", "1612852520", "1972516312", "1999802789", "1999954537", "2036207686", "2055371121", "2099400923", "2110871298", "2113434986", "2132953816", "2137533398", "2138452849", "2139572300", "2143780326", "2160271035", "2174336384", "2194458762", "2223417822", "2223685687", "2224975705", "2228581655", "2228714547", "2230499089", "2232452839", "2290018937", "2307061287", "2307810461", "2309792936", "2313415917", "2442031985", "2466012955", "2488722875", "2491818602", "2496936238", "2609933423", "2626218267", "2627524397", "2629795315", "2642016832", "2643386434", "2649093459", "2657306713", "2662459588", "2663216102", "2664741746", "2665322598", "2701184723", "2710966907", "2714842668", "2715048077", "2715582466", "2716129935", "2794329247", "2840356686", "2849832715", "2896053902", "2896104479", "2973744266"], "citation_10_years": ["2055371121", "2132953816", "2290018937", "2488722875", "2649093459", "2663216102", "2701184723", "361017600", "2840356686", "2849832715", "400139973", "2160271035", "2230499089", "2232452839", "2307061287", "1057035352", "2710966907", "2138452849", "2194458762", "2309792936", "1487936417", "2086232199", "2174336384", "2662459588", "2664741746", "2794329247", "2896406531", "410792204", "1376535671", "1612852520", "1999802789", "2113434986", "2137533398", "2139572300", "2224975705", "2442031985", "2466012955", "2496936238", "2629795315", "2642016832", "2715582466", "368780207", "1999954537", "2110871298", "2223685687", "2228581655", "2228714547", "2609933423", "2626218267", "2708242109", "2716129935", "2896053902", "777666517", "1274035751", "1972516312", "2036207686", "2099400923", "2143780326", "2223417822", "2307810461", "2313415917", "2491818602", "2627524397", "2643386434", "2657306713", "2665322598", "2714842668", "2715048077", "2896104479", "2973744266"], "publication_5_years": [], "citation_5_years": []}, "industrial_sectors": {"publication_overall": ["technology", "electronics", "computing_and_it"], "citation_overall": ["electronics", "technology", "computing_and_it"], "publication_10_years": ["technology", "electronics", "computing_and_it"], "citation_10_years": ["electronics", "technology", "computing_and_it"], "publication_5_years": [], "citation_5_years": []}}