{"name": "Biennial University/Government/Industry Microelectronics Symposium", "acronym": "BUGIMS", "type": "conference", "uniqueEntities": {"organizations": {"Boise State University": {"name": "Boise State University", "type": "organization", "organization_type": "Education", "h_index": 40, "h5_index": 16, "num_publications": 3, "num_citations": 8, "num_publications_5y": 0, "num_citations_5y": 0, "num_publications_10y": 0, "num_citations_10y": 2, "publications_years": {"2003": 3}, "citations_years": {"2003": 3, "2004": 1, "2005": 1, "2006": 1, "2007": 0, "2008": 0, "2009": 1, "2010": 0, "2011": 1}, "old_citations": {"2003": 8}, "isVisible": false}, "University of South Florida": {"name": "University of South Florida", "type": "organization", "organization_type": "Education", "h_index": 108, "h5_index": 24, "num_publications": 3, "num_citations": 6, "num_publications_5y": 0, "num_citations_5y": 0, "num_publications_10y": 0, "num_citations_10y": 0, "publications_years": {"2003": 1, "1991": 2}, "citations_years": {"1992": 1, "1993": 1, "1994": 0, "1995": 0, "1996": 1, "1997": 0, "1998": 0, "1999": 0, "2000": 2, "2001": 0, "2002": 0, "2003": 0, "2004": 0, "2005": 0, "2006": 0, "2007": 0, "2008": 0, "2009": 0, "2010": 0, "2011": 0, "2012": 0, "2013": 0, "2014": 0, "2015": 0, "2016": 0, "2017": 0, "2018": 0, "2019": 1}, "old_citations": {"2003": 0, "1991": 6}, "isVisible": false}, "Florida Institute of Technology": {"name": "Florida Institute of Technology", "type": "organization", "organization_type": "Education", "h_index": 53, "h5_index": 10, "num_publications": 2, "num_citations": 7, "num_publications_5y": 0, "num_citations_5y": 0, "num_publications_10y": 0, "num_citations_10y": 0, "publications_years": {"1997": 1, "1991": 1}, "citations_years": {"1999": 2, "1992": 1, "1993": 1, "1994": 2, "1995": 1, "1996": 0, "1997": 0, "1998": 0}, "old_citations": {"1997": 1, "1991": 6}, "isVisible": false}, "IBM (United States)": {"name": "IBM (United States)", "type": "organization", "organization_type": "Company", "h_index": 421, "h5_index": 72, "num_publications": 2, "num_citations": 2, "num_publications_5y": 0, "num_citations_5y": 0, "num_publications_10y": 0, "num_citations_10y": 0, "publications_years": {"2003": 1, "1991": 1}, "citations_years": {"2005": 1, "1997": 1}, "old_citations": {"2003": 1, "1991": 1}, "isVisible": false}, "Purdue University West Lafayette": {"name": "Purdue University West Lafayette", "type": "organization", "organization_type": "Education", "h_index": 215, "h5_index": 48, "num_publications": 2, "num_citations": 13, "num_publications_5y": 0, "num_citations_5y": 1, "num_publications_10y": 0, "num_citations_10y": 1, "publications_years": {"1999": 1, "1997": 1}, "citations_years": {"2019": 1, "1998": 2, "1999": 3, "2000": 2, "2001": 0, "2002": 0, "2003": 0, "2004": 0, "2005": 1, "2006": 0, "2007": 2, "2008": 1, "2009": 0, "2010": 0, "2011": 0, "2012": 0, "2013": 0, "2014": 0, "2015": 1}, "old_citations": {"1999": 1, "1997": 12}, "isVisible": false}, "Rochester Institute of Technology": {"name": "Rochester Institute of Technology", "type": "organization", "organization_type": "Education", "h_index": 74, "h5_index": 24, "num_publications": 2, "num_citations": 3, "num_publications_5y": 0, "num_citations_5y": 0, "num_publications_10y": 0, "num_citations_10y": 0, "publications_years": {"1999": 1, "1997": 1}, "citations_years": {"2003": 1, "2004": 1, "2005": 1}, "old_citations": {"1999": 1, "1997": 2}, "isVisible": false}, "University of California, Berkeley": {"name": "University of California, Berkeley", "type": "organization", "organization_type": "Education", "h_index": 452, "h5_index": 107, "num_publications": 2, "num_citations": 0, "num_publications_5y": 0, "num_citations_5y": 0, "num_publications_10y": 0, "num_citations_10y": 0, "publications_years": {"2003": 1, "2001": 1}, "citations_years": {}, "old_citations": {"2003": 0, "2001": 0}, "isVisible": false}, "Georgia Institute of Technology": {"name": "Georgia Institute of Technology", "type": "organization", "organization_type": "Education", "h_index": 280, "h5_index": 72, "num_publications": 1, "num_citations": 1, "num_publications_5y": 0, "num_citations_5y": 0, "num_publications_10y": 0, "num_citations_10y": 1, "publications_years": {"1995": 1}, "citations_years": {"2012": 1}, "old_citations": {"1995": 1}, "isVisible": false}, "Harris Corporation (United States)": {"name": "Harris Corporation (United States)", "type": "organization", "organization_type": "Company", "h_index": 62, "h5_index": 3, "num_publications": 1, "num_citations": 0, "num_publications_5y": 0, "num_citations_5y": 0, "num_publications_10y": 0, "num_citations_10y": 0, "publications_years": {"1991": 1}, "citations_years": {}, "old_citations": {"1991": 0}, "isVisible": false}, "Idaho State University": {"name": "Idaho State University", "type": "organization", "organization_type": "Education", "h_index": 32, "h5_index": 8, "num_publications": 1, "num_citations": 9, "num_publications_5y": 0, "num_citations_5y": 7, "num_publications_10y": 0, "num_citations_10y": 9, "publications_years": {"2003": 1}, "citations_years": {"2011": 1, "2012": 1, "2013": 0, "2014": 0, "2015": 2, "2016": 2, "2017": 1, "2018": 2}, "old_citations": {"2003": 9}, "isVisible": false}, "Indiana University \u2013 Purdue University Fort Wayne": {"name": "Indiana University \u2013 Purdue University Fort Wayne", "type": "organization", "organization_type": "Education", "h_index": 29, "h5_index": 9, "num_publications": 1, "num_citations": 0, "num_publications_5y": 0, "num_citations_5y": 0, "num_publications_10y": 0, "num_citations_10y": 0, "publications_years": {"1993": 1}, "citations_years": {}, "old_citations": {"1993": 0}, "isVisible": false}, "Northern Arizona University": {"name": "Northern Arizona University", "type": "organization", "organization_type": "Education", "h_index": 39, "h5_index": 17, "num_publications": 1, "num_citations": 3, "num_publications_5y": 0, "num_citations_5y": 0, "num_publications_10y": 0, "num_citations_10y": 1, "publications_years": {"2003": 1}, "citations_years": {"2004": 1, "2005": 1, "2006": 0, "2007": 0, "2008": 0, "2009": 1}, "old_citations": {"2003": 3}, "isVisible": false}, "Office of Naval Research": {"name": "Office of Naval Research", "type": "organization", "organization_type": "Government", "h_index": 32, "h5_index": 7, "num_publications": 1, "num_citations": 3, "num_publications_5y": 0, "num_citations_5y": 0, "num_publications_10y": 0, "num_citations_10y": 0, "publications_years": {"2001": 1}, "citations_years": {"2005": 3}, "old_citations": {"2001": 3}, "isVisible": false}, "Rensselaer Polytechnic Institute": {"name": "Rensselaer Polytechnic Institute", "type": "organization", "organization_type": "Education", "h_index": 147, "h5_index": 28, "num_publications": 1, "num_citations": 4, "num_publications_5y": 0, "num_citations_5y": 0, "num_publications_10y": 0, "num_citations_10y": 0, "publications_years": {"1993": 1}, "citations_years": {"1997": 2, "1998": 0, "1999": 0, "2000": 0, "2001": 0, "2002": 0, "2003": 1, "2004": 1}, "old_citations": {"1993": 4}, "isVisible": false}, "Rice University": {"name": "Rice University", "type": "organization", "organization_type": "Education", "h_index": 191, "h5_index": 31, "num_publications": 1, "num_citations": 5, "num_publications_5y": 0, "num_citations_5y": 0, "num_publications_10y": 0, "num_citations_10y": 0, "publications_years": {"1991": 1}, "citations_years": {"1992": 1, "1993": 2, "1994": 0, "1995": 0, "1996": 0, "1997": 0, "1998": 0, "1999": 0, "2000": 0, "2001": 0, "2002": 1, "2003": 0, "2004": 0, "2005": 1}, "old_citations": {"1991": 5}, "isVisible": false}, "San Jose State University": {"name": "San Jose State University", "type": "organization", "organization_type": "Education", "h_index": 61, "h5_index": 17, "num_publications": 1, "num_citations": 0, "num_publications_5y": 0, "num_citations_5y": 0, "num_publications_10y": 0, "num_citations_10y": 0, "publications_years": {"2006": 1}, "citations_years": {}, "old_citations": {"2006": 0}, "isVisible": false}, "State University of New York": {"name": "State University of New York", "type": "organization", "organization_type": "Education", "h_index": 128, "h5_index": 33, "num_publications": 1, "num_citations": 0, "num_publications_5y": 0, "num_citations_5y": 0, "num_publications_10y": 0, "num_citations_10y": 0, "publications_years": {"1993": 1}, "citations_years": {}, "old_citations": {"1993": 0}, "isVisible": false}, "Texas A&M University": {"name": "Texas A&M University", "type": "organization", "organization_type": "Education", "h_index": 161, "h5_index": 40, "num_publications": 1, "num_citations": 0, "num_publications_5y": 0, "num_citations_5y": 0, "num_publications_10y": 0, "num_citations_10y": 0, "publications_years": {"1991": 1}, "citations_years": {}, "old_citations": {"1991": 0}, "isVisible": false}, "University of California, Santa Cruz": {"name": "University of California, Santa Cruz", "type": "organization", "organization_type": "Education", "h_index": 154, "h5_index": 24, "num_publications": 1, "num_citations": 1, "num_publications_5y": 0, "num_citations_5y": 0, "num_publications_10y": 0, "num_citations_10y": 0, "publications_years": {"2006": 1}, "citations_years": {"2007": 1}, "old_citations": {"2006": 1}, "isVisible": false}, "University of Colorado Boulder": {"name": "University of Colorado Boulder", "type": "organization", "organization_type": "Education", "h_index": 182, "h5_index": 37, "num_publications": 1, "num_citations": 0, "num_publications_5y": 0, "num_citations_5y": 0, "num_publications_10y": 0, "num_citations_10y": 0, "publications_years": {"1997": 1}, "citations_years": {}, "old_citations": {"1997": 0}, "isVisible": false}, "University of Florida": {"name": "University of Florida", "type": "organization", "organization_type": "Education", "h_index": 152, "h5_index": 38, "num_publications": 1, "num_citations": 0, "num_publications_5y": 0, "num_citations_5y": 0, "num_publications_10y": 0, "num_citations_10y": 0, "publications_years": {"2006": 1}, "citations_years": {}, "old_citations": {"2006": 0}, "isVisible": false}, "University of Illinois at Urbana Champaign": {"name": "University of Illinois at Urbana Champaign", "type": "organization", "organization_type": "Education", "h_index": 325, "h5_index": 70, "num_publications": 1, "num_citations": 1, "num_publications_5y": 0, "num_citations_5y": 1, "num_publications_10y": 0, "num_citations_10y": 1, "publications_years": {"1995": 1}, "citations_years": {"2018": 1}, "old_citations": {"1995": 1}, "isVisible": false}, "University of Liverpool": {"name": "University of Liverpool", "type": "organization", "organization_type": "Education", "h_index": 95, "h5_index": 28, "num_publications": 1, "num_citations": 0, "num_publications_5y": 0, "num_citations_5y": 0, "num_publications_10y": 0, "num_citations_10y": 0, "publications_years": {"1997": 1}, "citations_years": {}, "old_citations": {"1997": 0}, "isVisible": false}, "University of Minnesota": {"name": "University of Minnesota", "type": "organization", "organization_type": "Education", "h_index": 235, "h5_index": 43, "num_publications": 1, "num_citations": 0, "num_publications_5y": 0, "num_citations_5y": 0, "num_publications_10y": 0, "num_citations_10y": 0, "publications_years": {"2001": 1}, "citations_years": {}, "old_citations": {"2001": 0}, "isVisible": false}, "University of Toledo": {"name": "University of Toledo", "type": "organization", "organization_type": "Education", "h_index": 48, "h5_index": 14, "num_publications": 1, "num_citations": 4, "num_publications_5y": 0, "num_citations_5y": 0, "num_publications_10y": 0, "num_citations_10y": 1, "publications_years": {"1991": 1}, "citations_years": {"1991": 2, "1992": 0, "1993": 1, "1994": 0, "1995": 0, "1996": 0, "1997": 0, "1998": 0, "1999": 0, "2000": 0, "2001": 0, "2002": 0, "2003": 0, "2004": 0, "2005": 0, "2006": 0, "2007": 0, "2008": 0, "2009": 1}, "old_citations": {"1991": 4}, "isVisible": false}, "Virginia Commonwealth University": {"name": "Virginia Commonwealth University", "type": "organization", "organization_type": "Education", "h_index": 57, "h5_index": 22, "num_publications": 1, "num_citations": 1, "num_publications_5y": 0, "num_citations_5y": 1, "num_publications_10y": 0, "num_citations_10y": 1, "publications_years": {"2001": 1}, "citations_years": {"2016": 1}, "old_citations": {"2001": 1}, "isVisible": false}, "Washington State University": {"name": "Washington State University", "type": "organization", "organization_type": "Education", "h_index": 92, "h5_index": 23, "num_publications": 1, "num_citations": 2, "num_publications_5y": 0, "num_citations_5y": 0, "num_publications_10y": 0, "num_citations_10y": 0, "publications_years": {"2003": 1}, "citations_years": {"2005": 1, "2006": 1}, "old_citations": {"2003": 2}, "isVisible": false}}, "topics": {"computer science": {"name": "computer science", "type": "topic", "h_index": 1779, "h5_index": 416, "num_publications": 43, "num_citations": 92, "num_publications_5y": 0, "num_citations_5y": 15, "num_publications_10y": 0, "num_citations_10y": 26, "publications_years": {"2006": 4, "2003": 11, "1997": 5, "2001": 7, "1995": 2, "1991": 9, "1999": 3, "1993": 2}, "citations_years": {"2003": 8, "2004": 5, "2005": 10, "2006": 4, "2007": 3, "2008": 2, "2009": 3, "2010": 2, "2011": 2, "2012": 3, "2002": 3, "2013": 1, "2014": 2, "2015": 5, "2016": 4, "2017": 1, "2018": 3, "1999": 5, "2019": 2, "2001": 1, "1998": 2, "2000": 4, "1992": 3, "1993": 5, "1994": 2, "1995": 1, "1996": 1, "1997": 3, "1991": 2}, "old_citations": {"2006": 1, "2003": 34, "1997": 15, "2001": 7, "1995": 2, "1991": 22, "1999": 7, "1993": 4}, "isVisible": false}, "computer systems": {"name": "computer systems", "type": "topic", "h_index": 1595, "h5_index": 367, "num_publications": 31, "num_citations": 68, "num_publications_5y": 0, "num_citations_5y": 7, "num_publications_10y": 0, "num_citations_10y": 15, "publications_years": {"2006": 3, "2003": 7, "1997": 3, "1995": 1, "1991": 9, "2001": 6, "1999": 1, "1993": 1}, "citations_years": {"2003": 8, "2004": 2, "2005": 7, "2006": 2, "2007": 3, "2008": 1, "2009": 2, "2010": 2, "2011": 1, "2012": 2, "2016": 2, "2013": 1, "2014": 2, "2015": 3, "2001": 1, "2002": 1, "1998": 2, "1999": 4, "2000": 4, "1992": 3, "1993": 5, "1994": 2, "1995": 1, "1996": 1, "1997": 3, "1991": 2, "2017": 0, "2018": 0, "2019": 1}, "old_citations": {"2006": 1, "2003": 20, "1997": 12, "1995": 1, "1991": 22, "2001": 7, "1999": 1, "1993": 4}, "isVisible": false}, "computer hardware": {"name": "computer hardware", "type": "topic", "h_index": 1150, "h5_index": 279, "num_publications": 29, "num_citations": 58, "num_publications_5y": 0, "num_citations_5y": 9, "num_publications_10y": 0, "num_citations_10y": 15, "publications_years": {"2006": 3, "2003": 5, "1997": 2, "2001": 4, "1995": 2, "1991": 9, "1999": 2, "1993": 2}, "citations_years": {"2003": 5, "2004": 3, "2005": 6, "2006": 4, "2007": 1, "2008": 0, "2009": 2, "2010": 0, "2011": 2, "2012": 2, "2002": 3, "2013": 0, "2014": 0, "2015": 2, "2016": 3, "2017": 1, "2018": 3, "1992": 3, "1993": 5, "1994": 2, "1995": 1, "1996": 1, "1997": 3, "1998": 0, "1999": 1, "1991": 2, "2000": 2, "2001": 0, "2019": 1}, "old_citations": {"2006": 1, "2003": 19, "1997": 0, "2001": 4, "1995": 2, "1991": 22, "1999": 6, "1993": 4}, "isVisible": false}, "computer networks": {"name": "computer networks", "type": "topic", "h_index": 1262, "h5_index": 332, "num_publications": 22, "num_citations": 51, "num_publications_5y": 0, "num_citations_5y": 5, "num_publications_10y": 0, "num_citations_10y": 11, "publications_years": {"2006": 4, "2003": 5, "2001": 3, "1997": 1, "1999": 1, "1991": 7, "1993": 1}, "citations_years": {"2003": 5, "2004": 3, "2005": 6, "2006": 4, "2007": 1, "2008": 0, "2009": 2, "2010": 1, "2011": 1, "2002": 3, "2012": 1, "2013": 1, "2014": 2, "2015": 2, "2016": 1, "1992": 3, "1993": 5, "1994": 2, "1995": 1, "1996": 0, "1997": 3, "1998": 0, "1999": 1, "1991": 2, "2000": 0, "2001": 0, "2017": 0, "2018": 0, "2019": 1}, "old_citations": {"2006": 1, "2003": 19, "2001": 3, "1997": 0, "1999": 5, "1991": 19, "1993": 4}, "isVisible": false}, "telecommunication systems": {"name": "telecommunication systems", "type": "topic", "h_index": 1187, "h5_index": 277, "num_publications": 20, "num_citations": 58, "num_publications_5y": 0, "num_citations_5y": 6, "num_publications_10y": 0, "num_citations_10y": 12, "publications_years": {"2006": 2, "2003": 5, "2001": 3, "1997": 2, "1991": 7, "1993": 1}, "citations_years": {"2003": 5, "2004": 2, "2005": 7, "2006": 2, "2007": 3, "2008": 1, "2009": 2, "2010": 1, "2011": 1, "2012": 1, "2013": 1, "2014": 2, "2015": 3, "2016": 1, "1998": 2, "1999": 4, "2000": 2, "2001": 0, "2002": 1, "1992": 3, "1993": 5, "1994": 2, "1995": 1, "1996": 0, "1997": 3, "1991": 2, "2017": 0, "2018": 0, "2019": 1}, "old_citations": {"2006": 1, "2003": 19, "2001": 3, "1997": 12, "1991": 19, "1993": 4}, "isVisible": false}, "education": {"name": "education", "type": "topic", "h_index": 639, "h5_index": 124, "num_publications": 19, "num_citations": 35, "num_publications_5y": 0, "num_citations_5y": 8, "num_publications_10y": 0, "num_citations_10y": 13, "publications_years": {"2001": 3, "1993": 3, "1995": 2, "1991": 2, "1997": 2, "2003": 5, "1999": 2}, "citations_years": {"2012": 2, "2016": 2, "2003": 4, "2004": 2, "2005": 2, "2006": 0, "2007": 2, "2008": 2, "2009": 1, "2010": 1, "2011": 0, "2013": 1, "2014": 2, "2015": 3, "2019": 1, "1998": 2, "1999": 3, "2000": 2, "2001": 0, "2002": 0, "2018": 1, "1997": 2}, "old_citations": {"2001": 1, "1993": 4, "1995": 2, "1991": 0, "1997": 12, "2003": 14, "1999": 2}, "isVisible": false}, "mathematics": {"name": "mathematics", "type": "topic", "h_index": 1364, "h5_index": 300, "num_publications": 17, "num_citations": 34, "num_publications_5y": 0, "num_citations_5y": 7, "num_publications_10y": 0, "num_citations_10y": 9, "publications_years": {"2006": 3, "1993": 1, "2003": 4, "2001": 2, "1999": 1, "1997": 1, "1991": 5}, "citations_years": {"2002": 3, "2003": 0, "2004": 1, "2005": 5, "2006": 2, "2011": 1, "2012": 1, "2013": 0, "2014": 0, "2015": 2, "2016": 2, "2017": 1, "2018": 2, "1999": 2, "1992": 3, "1993": 4, "1994": 2, "1995": 1, "1996": 0, "1997": 1, "1998": 0, "2000": 0, "2001": 0, "2007": 0, "2008": 0, "2009": 0, "2010": 0, "2019": 1}, "old_citations": {"2006": 0, "1993": 0, "2003": 10, "2001": 3, "1999": 5, "1997": 1, "1991": 15}, "isVisible": false}, "engineering": {"name": "engineering", "type": "topic", "h_index": 1177, "h5_index": 287, "num_publications": 16, "num_citations": 27, "num_publications_5y": 0, "num_citations_5y": 1, "num_publications_10y": 0, "num_citations_10y": 1, "publications_years": {"2006": 3, "2001": 3, "1997": 1, "2003": 3, "1999": 1, "1991": 5}, "citations_years": {"2016": 1, "2003": 2, "2007": 1, "2005": 5, "1992": 3, "1993": 4, "1994": 2, "1995": 1, "1996": 1, "1997": 1, "1998": 0, "1999": 1, "2006": 1, "2000": 2, "2001": 0, "2002": 1, "2004": 0, "2008": 0, "2009": 0, "2010": 0, "2011": 0, "2012": 0, "2013": 0, "2014": 0, "2015": 0, "2017": 0, "2018": 0, "2019": 1}, "old_citations": {"2006": 1, "2001": 4, "1997": 0, "2003": 3, "1999": 1, "1991": 18}, "isVisible": false}, "microprocessor chips": {"name": "microprocessor chips", "type": "topic", "h_index": 744, "h5_index": 175, "num_publications": 16, "num_citations": 30, "num_publications_5y": 0, "num_citations_5y": 1, "num_publications_10y": 0, "num_citations_10y": 4, "publications_years": {"2006": 1, "2003": 3, "1997": 2, "1991": 7, "2001": 3}, "citations_years": {"2003": 3, "2004": 1, "2005": 6, "2006": 2, "2007": 0, "2008": 0, "2009": 2, "2010": 0, "2011": 1, "2016": 1, "1991": 2, "1992": 2, "1993": 4, "1994": 0, "1995": 0, "1996": 1, "1997": 1, "1998": 0, "1999": 0, "2000": 2, "2001": 0, "2002": 1, "2012": 0, "2013": 0, "2014": 0, "2015": 0, "2017": 0, "2018": 0, "2019": 1}, "old_citations": {"2006": 0, "2003": 10, "1997": 0, "1991": 16, "2001": 4}, "isVisible": false}, "telecommunication networks": {"name": "telecommunication networks", "type": "topic", "h_index": 1116, "h5_index": 258, "num_publications": 16, "num_citations": 38, "num_publications_5y": 0, "num_citations_5y": 6, "num_publications_10y": 0, "num_citations_10y": 10, "publications_years": {"2006": 1, "2003": 4, "2001": 3, "1997": 2, "1991": 5, "1993": 1}, "citations_years": {"2003": 2, "2004": 1, "2005": 5, "2006": 1, "2007": 2, "2008": 1, "2009": 1, "2010": 1, "2011": 0, "2012": 1, "2013": 1, "2014": 2, "2015": 3, "2016": 1, "1998": 2, "1999": 3, "2000": 2, "2001": 0, "2002": 0, "1991": 2, "1992": 1, "1993": 2, "1994": 0, "1995": 0, "1996": 0, "1997": 3, "2017": 0, "2018": 0, "2019": 1}, "old_citations": {"2006": 0, "2003": 11, "2001": 3, "1997": 12, "1991": 8, "1993": 4}, "isVisible": false}, "software engineering": {"name": "software engineering", "type": "topic", "h_index": 964, "h5_index": 236, "num_publications": 14, "num_citations": 23, "num_publications_5y": 0, "num_citations_5y": 7, "num_publications_10y": 0, "num_citations_10y": 10, "publications_years": {"1995": 1, "1991": 4, "2001": 2, "1997": 2, "2003": 4, "2006": 1}, "citations_years": {"2012": 2, "2011": 1, "2013": 0, "2014": 0, "2015": 2, "2016": 2, "2017": 1, "2018": 2, "2003": 1, "2007": 1, "1999": 1, "2008": 1, "2005": 4, "1997": 1, "1992": 1, "1993": 2, "1994": 0, "1995": 0, "1996": 0, "1998": 0, "2000": 0, "2001": 0, "2002": 1, "2004": 0}, "old_citations": {"1995": 1, "1991": 6, "2001": 3, "1997": 1, "2003": 11, "2006": 1}, "isVisible": false}, "artificial intelligence": {"name": "artificial intelligence", "type": "topic", "h_index": 1421, "h5_index": 373, "num_publications": 13, "num_citations": 21, "num_publications_5y": 0, "num_citations_5y": 5, "num_publications_10y": 0, "num_citations_10y": 10, "publications_years": {"2006": 1, "2003": 5, "1991": 3, "1997": 2, "1993": 1, "2001": 1}, "citations_years": {"2003": 2, "2004": 2, "2005": 2, "2006": 0, "2007": 0, "2008": 0, "2009": 1, "2010": 2, "2011": 0, "2012": 1, "2013": 1, "2014": 2, "2015": 2, "2016": 1, "2001": 1, "2002": 0, "1997": 1, "1996": 1, "1998": 0, "1999": 0, "2000": 2}, "old_citations": {"2006": 0, "2003": 13, "1991": 4, "1997": 2, "1993": 0, "2001": 2}, "isVisible": false}, "communication systems": {"name": "communication systems", "type": "topic", "h_index": 1092, "h5_index": 254, "num_publications": 13, "num_citations": 34, "num_publications_5y": 0, "num_citations_5y": 5, "num_publications_10y": 0, "num_citations_10y": 8, "publications_years": {"2006": 2, "2001": 3, "2003": 2, "1991": 5, "1993": 1}, "citations_years": {"2007": 1, "2003": 2, "2004": 1, "2005": 5, "2006": 1, "2008": 0, "2009": 0, "2010": 1, "2011": 0, "2012": 1, "2013": 1, "2014": 2, "2015": 2, "2016": 1, "1992": 3, "1993": 4, "1994": 2, "1995": 1, "1996": 0, "1997": 3, "1998": 0, "1999": 1, "2000": 0, "2001": 0, "2002": 1, "2017": 0, "2018": 0, "2019": 1}, "old_citations": {"2006": 1, "2001": 3, "2003": 11, "1991": 15, "1993": 4}, "isVisible": false}, "field programmable gate arrays (fpga)": {"name": "field programmable gate arrays (fpga)", "type": "topic", "h_index": 594, "h5_index": 149, "num_publications": 13, "num_citations": 27, "num_publications_5y": 0, "num_citations_5y": 8, "num_publications_10y": 0, "num_citations_10y": 10, "publications_years": {"2006": 1, "2001": 3, "2003": 3, "1997": 1, "1991": 5}, "citations_years": {"2011": 1, "2012": 1, "2013": 0, "2014": 0, "2015": 2, "2016": 3, "2017": 1, "2018": 2, "2005": 5, "2006": 1, "1997": 1, "1992": 2, "1993": 3, "1994": 0, "1995": 0, "1996": 1, "1998": 0, "1999": 0, "2000": 2, "2001": 0, "2002": 1, "2003": 0, "2004": 0, "2007": 0, "2008": 0, "2009": 0, "2010": 0, "2019": 1}, "old_citations": {"2006": 0, "2001": 4, "2003": 11, "1997": 0, "1991": 12}, "isVisible": false}, "internet": {"name": "internet", "type": "topic", "h_index": 1102, "h5_index": 245, "num_publications": 13, "num_citations": 33, "num_publications_5y": 0, "num_citations_5y": 7, "num_publications_10y": 0, "num_citations_10y": 12, "publications_years": {"2006": 1, "2001": 5, "1995": 2, "2003": 1, "1999": 1, "1997": 2, "1993": 1}, "citations_years": {"2012": 2, "2003": 3, "2004": 2, "2005": 2, "2006": 0, "2007": 2, "2008": 1, "2009": 0, "2010": 2, "2011": 0, "2013": 1, "2014": 2, "2015": 3, "2016": 1, "2019": 1, "2001": 1, "2002": 0, "1998": 2, "1999": 3, "2000": 2, "2018": 1, "1997": 2}, "old_citations": {"2006": 0, "2001": 3, "1995": 2, "2003": 9, "1999": 1, "1997": 14, "1993": 4}, "isVisible": false}, "sensors": {"name": "sensors", "type": "topic", "h_index": 960, "h5_index": 229, "num_publications": 13, "num_citations": 29, "num_publications_5y": 0, "num_citations_5y": 1, "num_publications_10y": 0, "num_citations_10y": 1, "publications_years": {"2001": 2, "1999": 2, "2003": 2, "2006": 1, "1993": 2, "1991": 3, "1995": 1}, "citations_years": {"2002": 3, "2003": 2, "2004": 2, "2005": 5, "2006": 3, "2007": 1, "1992": 2, "1993": 3, "1994": 2, "1995": 1, "1996": 0, "1997": 3, "1998": 0, "1999": 1, "2018": 1, "2000": 0, "2001": 0}, "old_citations": {"2001": 3, "1999": 6, "2003": 2, "2006": 1, "1993": 4, "1991": 12, "1995": 1}, "isVisible": false}, "wireless telecommunication systems": {"name": "wireless telecommunication systems", "type": "topic", "h_index": 1087, "h5_index": 254, "num_publications": 13, "num_citations": 34, "num_publications_5y": 0, "num_citations_5y": 5, "num_publications_10y": 0, "num_citations_10y": 8, "publications_years": {"2006": 2, "2001": 3, "2003": 2, "1991": 5, "1993": 1}, "citations_years": {"2007": 1, "2003": 2, "2004": 1, "2005": 5, "2006": 1, "2008": 0, "2009": 0, "2010": 1, "2011": 0, "2012": 1, "2013": 1, "2014": 2, "2015": 2, "2016": 1, "1992": 3, "1993": 4, "1994": 2, "1995": 1, "1996": 0, "1997": 3, "1998": 0, "1999": 1, "2000": 0, "2001": 0, "2002": 1, "2017": 0, "2018": 0, "2019": 1}, "old_citations": {"2006": 1, "2001": 3, "2003": 11, "1991": 15, "1993": 4}, "isVisible": false}, "telecommunication traffic": {"name": "telecommunication traffic", "type": "topic", "h_index": 1036, "h5_index": 233, "num_publications": 12, "num_citations": 34, "num_publications_5y": 0, "num_citations_5y": 6, "num_publications_10y": 0, "num_citations_10y": 10, "publications_years": {"2006": 1, "2003": 4, "2001": 2, "1997": 1, "1991": 4}, "citations_years": {"2003": 1, "2004": 0, "2005": 5, "2006": 1, "2007": 2, "2008": 1, "2009": 1, "2010": 1, "2011": 0, "2012": 1, "2013": 1, "2014": 2, "2015": 3, "2016": 1, "1998": 2, "1999": 3, "2000": 2, "2001": 0, "2002": 0, "1991": 2, "1992": 1, "1993": 2, "1994": 0, "1995": 0, "1996": 0, "1997": 1, "2017": 0, "2018": 0, "2019": 1}, "old_citations": {"2006": 0, "2003": 11, "2001": 3, "1997": 12, "1991": 8}, "isVisible": false}, "bandwidth": {"name": "bandwidth", "type": "topic", "h_index": 922, "h5_index": 201, "num_publications": 11, "num_citations": 18, "num_publications_5y": 0, "num_citations_5y": 0, "num_publications_10y": 0, "num_citations_10y": 3, "publications_years": {"2006": 2, "2003": 4, "2001": 1, "1991": 4}, "citations_years": {"2003": 3, "2004": 1, "2005": 2, "2006": 2, "2007": 0, "2008": 0, "2009": 2, "2010": 0, "2011": 1, "1991": 2, "1992": 1, "1993": 2, "1994": 0, "1995": 0, "1996": 0, "1997": 1, "1998": 0, "1999": 0, "2000": 0, "2001": 0, "2002": 0, "2012": 0, "2013": 0, "2014": 0, "2015": 0, "2016": 0, "2017": 0, "2018": 0, "2019": 1}, "old_citations": {"2006": 0, "2003": 10, "2001": 0, "1991": 8}, "isVisible": false}, "distributed computer systems": {"name": "distributed computer systems", "type": "topic", "h_index": 985, "h5_index": 228, "num_publications": 11, "num_citations": 40, "num_publications_5y": 0, "num_citations_5y": 7, "num_publications_10y": 0, "num_citations_10y": 11, "publications_years": {"1997": 2, "2001": 3, "2003": 1, "1991": 5}, "citations_years": {"2016": 2, "2003": 1, "2004": 0, "2005": 5, "2006": 0, "2007": 2, "2008": 1, "2009": 1, "2010": 1, "2011": 0, "2012": 1, "2013": 1, "2014": 2, "2015": 3, "1998": 2, "1999": 3, "2000": 4, "2001": 0, "2002": 1, "1991": 2, "1992": 2, "1993": 4, "1994": 0, "1995": 0, "1996": 1, "1997": 0, "2017": 0, "2018": 0, "2019": 1}, "old_citations": {"1997": 12, "2001": 4, "2003": 9, "1991": 15}, "isVisible": false}, "database systems": {"name": "database systems", "type": "topic", "h_index": 1167, "h5_index": 276, "num_publications": 7, "num_citations": 36, "num_publications_5y": 0, "num_citations_5y": 6, "num_publications_10y": 0, "num_citations_10y": 12, "publications_years": {"2003": 3, "2001": 2, "1997": 1, "1991": 1}, "citations_years": {"2003": 6, "2004": 1, "2005": 2, "2006": 1, "2007": 2, "2008": 1, "2009": 1, "2010": 2, "2011": 1, "2012": 1, "2013": 1, "2014": 2, "2015": 3, "2016": 1, "2001": 1, "2002": 0, "1998": 2, "1999": 3, "2000": 4, "1996": 1, "1997": 0}, "old_citations": {"2003": 18, "2001": 3, "1997": 12, "1991": 3}, "isVisible": false}, "human computer interaction": {"name": "human computer interaction", "type": "topic", "h_index": 934, "h5_index": 215, "num_publications": 10, "num_citations": 33, "num_publications_5y": 0, "num_citations_5y": 7, "num_publications_10y": 0, "num_citations_10y": 12, "publications_years": {"1995": 2, "1997": 4, "1999": 1, "2003": 1, "2001": 2}, "citations_years": {"2012": 2, "2002": 2, "2003": 1, "2004": 2, "2005": 2, "2006": 2, "2007": 2, "2008": 1, "2009": 0, "2010": 2, "2011": 0, "2013": 1, "2014": 2, "2015": 3, "2016": 1, "1999": 4, "2001": 1, "1998": 2, "2000": 2, "2018": 1}, "old_citations": {"1995": 2, "1997": 15, "1999": 5, "2003": 9, "2001": 2}, "isVisible": false}, "user interfaces": {"name": "user interfaces", "type": "topic", "h_index": 845, "h5_index": 182, "num_publications": 8, "num_citations": 33, "num_publications_5y": 0, "num_citations_5y": 7, "num_publications_10y": 0, "num_citations_10y": 12, "publications_years": {"1995": 2, "1999": 1, "2003": 1, "1997": 3, "2001": 1}, "citations_years": {"2012": 2, "2002": 2, "2003": 1, "2004": 2, "2005": 2, "2006": 2, "2007": 2, "2008": 1, "2009": 0, "2010": 2, "2011": 0, "2013": 1, "2014": 2, "2015": 3, "2016": 1, "1999": 4, "2001": 1, "1998": 2, "2000": 2, "2018": 1}, "old_citations": {"1995": 2, "1999": 5, "2003": 9, "1997": 15, "2001": 2}, "isVisible": false}, "data communication systems": {"name": "data communication systems", "type": "topic", "h_index": 1013, "h5_index": 234, "num_publications": 10, "num_citations": 28, "num_publications_5y": 0, "num_citations_5y": 6, "num_publications_10y": 0, "num_citations_10y": 10, "publications_years": {"2003": 4, "2001": 1, "1997": 1, "1991": 4}, "citations_years": {"2003": 1, "2004": 0, "2005": 2, "2006": 1, "2007": 2, "2008": 1, "2009": 1, "2010": 1, "2011": 0, "2012": 1, "2013": 1, "2014": 2, "2015": 3, "2016": 1, "1998": 2, "1999": 3, "2000": 2, "2001": 0, "2002": 0, "1991": 2, "1992": 0, "1993": 1, "1994": 0, "1995": 0, "1996": 0, "1997": 1}, "old_citations": {"2003": 11, "2001": 0, "1997": 12, "1991": 5}, "isVisible": false}, "world wide web": {"name": "world wide web", "type": "topic", "h_index": 869, "h5_index": 173, "num_publications": 10, "num_citations": 28, "num_publications_5y": 0, "num_citations_5y": 7, "num_publications_10y": 0, "num_citations_10y": 11, "publications_years": {"2006": 1, "2001": 4, "2003": 1, "1999": 1, "1997": 2, "1995": 1}, "citations_years": {"2003": 2, "2004": 1, "2005": 2, "2006": 0, "2007": 2, "2008": 1, "2009": 0, "2010": 2, "2011": 0, "2012": 1, "2013": 1, "2014": 2, "2015": 3, "2016": 1, "2019": 1, "2001": 1, "2002": 0, "1998": 2, "1999": 3, "2000": 2, "2018": 1}, "old_citations": {"2006": 0, "2001": 3, "2003": 9, "1999": 1, "1997": 14, "1995": 1}, "isVisible": false}}, "authors": {"742173050": {"name": "n h kapadia", "type": "author", "activity": 8, "h_index": 9, "h5_index": 0, "mag_id": "742173050", "num_publications": 2, "num_citations": 13, "num_publications_5y": 0, "num_citations_5y": 1, "num_publications_10y": 0, "num_citations_10y": 1, "publications_years": {"1999": 1, "1997": 1}, "citations_years": {"2019": 1, "1998": 2, "1999": 3, "2000": 2, "2001": 0, "2002": 0, "2003": 0, "2004": 0, "2005": 1, "2006": 0, "2007": 2, "2008": 1, "2009": 0, "2010": 0, "2011": 0, "2012": 0, "2013": 0, "2014": 0, "2015": 1}, "old_citations": {"1999": 1, "1997": 12}, "isVisible": false}, "2099769613": {"name": "joseph r cavallaro", "type": "author", "activity": 30, "h_index": 36, "h5_index": 8, "mag_id": "2099769613", "num_publications": 2, "num_citations": 5, "num_publications_5y": 0, "num_citations_5y": 0, "num_publications_10y": 0, "num_citations_10y": 0, "publications_years": {"1991": 2}, "citations_years": {"1992": 1, "1993": 2, "1994": 0, "1995": 0, "1996": 0, "1997": 0, "1998": 0, "1999": 0, "2000": 0, "2001": 0, "2002": 1, "2003": 0, "2004": 0, "2005": 1}, "old_citations": {"1991": 5}, "isVisible": false}, "2235659282": {"name": "jose a b fortes", "type": "author", "activity": 30, "h_index": 33, "h5_index": 4, "mag_id": "2235659282", "num_publications": 2, "num_citations": 13, "num_publications_5y": 0, "num_citations_5y": 1, "num_publications_10y": 0, "num_citations_10y": 1, "publications_years": {"1999": 1, "1997": 1}, "citations_years": {"2019": 1, "1998": 2, "1999": 3, "2000": 2, "2001": 0, "2002": 0, "2003": 0, "2004": 0, "2005": 1, "2006": 0, "2007": 2, "2008": 1, "2009": 0, "2010": 0, "2011": 0, "2012": 0, "2013": 0, "2014": 0, "2015": 1}, "old_citations": {"1999": 1, "1997": 12}, "isVisible": false}, "2442334395": {"name": "mark lundstrom", "type": "author", "activity": 22, "h_index": 8, "h5_index": 0, "mag_id": "2442334395", "num_publications": 2, "num_citations": 13, "num_publications_5y": 0, "num_citations_5y": 1, "num_publications_10y": 0, "num_citations_10y": 1, "publications_years": {"1999": 1, "1997": 1}, "citations_years": {"2019": 1, "1998": 2, "1999": 3, "2000": 2, "2001": 0, "2002": 0, "2003": 0, "2004": 0, "2005": 1, "2006": 0, "2007": 2, "2008": 1, "2009": 0, "2010": 0, "2011": 0, "2012": 0, "2013": 0, "2014": 0, "2015": 1}, "old_citations": {"1999": 1, "1997": 12}, "isVisible": false}, "180555444": {"name": "umberto ravaioli", "type": "author", "activity": 29, "h_index": 5, "h5_index": 1, "mag_id": "180555444", "num_publications": 1, "num_citations": 1, "num_publications_5y": 0, "num_citations_5y": 1, "num_publications_10y": 0, "num_citations_10y": 1, "publications_years": {"1995": 1}, "citations_years": {"2018": 1}, "old_citations": {"1995": 1}, "isVisible": false}, "212288479": {"name": "james f frenzel", "type": "author", "activity": 18, "h_index": 6, "h5_index": 0, "mag_id": "212288479", "num_publications": 1, "num_citations": 8, "num_publications_5y": 0, "num_citations_5y": 0, "num_publications_10y": 0, "num_citations_10y": 2, "publications_years": {"2003": 1}, "citations_years": {"2003": 3, "2004": 1, "2005": 1, "2006": 1, "2007": 0, "2008": 0, "2009": 1, "2010": 0, "2011": 1}, "old_citations": {"2003": 8}, "isVisible": false}, "355940226": {"name": "j staege", "type": "author", "activity": 1, "h_index": 0, "h5_index": 0, "mag_id": "355940226", "num_publications": 1, "num_citations": 0, "num_publications_5y": 0, "num_citations_5y": 0, "num_publications_10y": 0, "num_citations_10y": 0, "publications_years": {"2001": 1}, "citations_years": {}, "old_citations": {"2001": 0}, "isVisible": false}, "416740244": {"name": "d busenbarrick", "type": "author", "activity": 1, "h_index": 0, "h5_index": 0, "mag_id": "416740244", "num_publications": 1, "num_citations": 0, "num_publications_5y": 0, "num_citations_5y": 0, "num_publications_10y": 0, "num_citations_10y": 0, "publications_years": {"2001": 1}, "citations_years": {}, "old_citations": {"2001": 0}, "isVisible": false}, "1207011425": {"name": "p d eckerman", "type": "author", "activity": 1, "h_index": 1, "h5_index": 0, "mag_id": "1207011425", "num_publications": 1, "num_citations": 1, "num_publications_5y": 0, "num_citations_5y": 0, "num_publications_10y": 0, "num_citations_10y": 0, "publications_years": {"2001": 1}, "citations_years": {"2003": 1}, "old_citations": {"2001": 1}, "isVisible": false}, "1828269008": {"name": "nariankadu d hemkumar", "type": "author", "activity": 4, "h_index": 3, "h5_index": 0, "mag_id": "1828269008", "num_publications": 1, "num_citations": 5, "num_publications_5y": 0, "num_citations_5y": 0, "num_publications_10y": 0, "num_citations_10y": 0, "publications_years": {"1991": 1}, "citations_years": {"1992": 1, "1993": 2, "1994": 0, "1995": 0, "1996": 0, "1997": 0, "1998": 0, "1999": 0, "2000": 0, "2001": 0, "2002": 1, "2003": 0, "2004": 0, "2005": 1}, "old_citations": {"1991": 5}, "isVisible": false}, "1892721833": {"name": "gregory t cibuzar", "type": "author", "activity": 1, "h_index": 0, "h5_index": 0, "mag_id": "1892721833", "num_publications": 1, "num_citations": 0, "num_publications_5y": 0, "num_citations_5y": 0, "num_publications_10y": 0, "num_citations_10y": 0, "publications_years": {"2001": 1}, "citations_years": {}, "old_citations": {"2001": 0}, "isVisible": false}, "1975921315": {"name": "rufus h cofer", "type": "author", "activity": 12, "h_index": 1, "h5_index": 0, "mag_id": "1975921315", "num_publications": 1, "num_citations": 1, "num_publications_5y": 0, "num_citations_5y": 0, "num_publications_10y": 0, "num_citations_10y": 0, "publications_years": {"1997": 1}, "citations_years": {"1999": 1}, "old_citations": {"1997": 1}, "isVisible": false}, "1992867551": {"name": "g w neudeck", "type": "author", "activity": 11, "h_index": 1, "h5_index": 0, "mag_id": "1992867551", "num_publications": 1, "num_citations": 1, "num_publications_5y": 0, "num_citations_5y": 0, "num_publications_10y": 0, "num_citations_10y": 0, "publications_years": {"1999": 1}, "citations_years": {"2019": 1}, "old_citations": {"1999": 1}, "isVisible": false}, "2001816495": {"name": "a rambhatla", "type": "author", "activity": 1, "h_index": 0, "h5_index": 0, "mag_id": "2001816495", "num_publications": 1, "num_citations": 0, "num_publications_5y": 0, "num_citations_5y": 0, "num_publications_10y": 0, "num_citations_10y": 0, "publications_years": {"2003": 1}, "citations_years": {}, "old_citations": {"2003": 0}, "isVisible": false}, "2005959156": {"name": "hamid z fardi", "type": "author", "activity": 14, "h_index": 1, "h5_index": 0, "mag_id": "2005959156", "num_publications": 1, "num_citations": 0, "num_publications_5y": 0, "num_citations_5y": 0, "num_publications_10y": 0, "num_citations_10y": 0, "publications_years": {"1997": 1}, "citations_years": {}, "old_citations": {"1997": 0}, "isVisible": false}, "2095613688": {"name": "richard gilbert", "type": "author", "activity": 27, "h_index": 3, "h5_index": 0, "mag_id": "2095613688", "num_publications": 1, "num_citations": 0, "num_publications_5y": 0, "num_citations_5y": 0, "num_publications_10y": 0, "num_citations_10y": 0, "publications_years": {"2003": 1}, "citations_years": {}, "old_citations": {"2003": 0}, "isVisible": false}, "2099647899": {"name": "g a j amaratunga", "type": "author", "activity": 31, "h_index": 10, "h5_index": 6, "mag_id": "2099647899", "num_publications": 1, "num_citations": 0, "num_publications_5y": 0, "num_citations_5y": 0, "num_publications_10y": 0, "num_citations_10y": 0, "publications_years": {"1997": 1}, "citations_years": {}, "old_citations": {"1997": 0}, "isVisible": false}, "2106050126": {"name": "scott f smith", "type": "author", "activity": 7, "h_index": 5, "h5_index": 0, "mag_id": "2106050126", "num_publications": 1, "num_citations": 8, "num_publications_5y": 0, "num_citations_5y": 0, "num_publications_10y": 0, "num_citations_10y": 2, "publications_years": {"2003": 1}, "citations_years": {"2003": 3, "2004": 1, "2005": 1, "2006": 1, "2007": 0, "2008": 0, "2009": 1, "2010": 0, "2011": 1}, "old_citations": {"2003": 8}, "isVisible": false}, "2128115591": {"name": "kishore kota", "type": "author", "activity": 6, "h_index": 2, "h5_index": 0, "mag_id": "2128115591", "num_publications": 1, "num_citations": 5, "num_publications_5y": 0, "num_citations_5y": 0, "num_publications_10y": 0, "num_citations_10y": 0, "publications_years": {"1991": 1}, "citations_years": {"1992": 1, "1993": 2, "1994": 0, "1995": 0, "1996": 0, "1997": 0, "1998": 0, "1999": 0, "2000": 0, "2001": 0, "2002": 1, "2003": 0, "2004": 0, "2005": 1}, "old_citations": {"1991": 5}, "isVisible": false}, "2130151237": {"name": "gregory s thomas", "type": "author", "activity": 1, "h_index": 0, "h5_index": 0, "mag_id": "2130151237", "num_publications": 1, "num_citations": 0, "num_publications_5y": 0, "num_citations_5y": 0, "num_publications_10y": 0, "num_citations_10y": 0, "publications_years": {"1991": 1}, "citations_years": {}, "old_citations": {"1991": 0}, "isVisible": false}, "2137357395": {"name": "j nordell", "type": "author", "activity": 1, "h_index": 0, "h5_index": 0, "mag_id": "2137357395", "num_publications": 1, "num_citations": 0, "num_publications_5y": 0, "num_citations_5y": 0, "num_publications_10y": 0, "num_citations_10y": 0, "publications_years": {"2001": 1}, "citations_years": {}, "old_citations": {"2001": 0}, "isVisible": false}, "2140035131": {"name": "andrew m hoff", "type": "author", "activity": 5, "h_index": 1, "h5_index": 0, "mag_id": "2140035131", "num_publications": 1, "num_citations": 0, "num_publications_5y": 0, "num_citations_5y": 0, "num_publications_10y": 0, "num_citations_10y": 0, "publications_years": {"2003": 1}, "citations_years": {}, "old_citations": {"2003": 0}, "isVisible": false}, "2141511428": {"name": "bautista fernandez", "type": "author", "activity": 1, "h_index": 1, "h5_index": 0, "mag_id": "2141511428", "num_publications": 1, "num_citations": 1, "num_publications_5y": 0, "num_citations_5y": 0, "num_publications_10y": 0, "num_citations_10y": 0, "publications_years": {"2006": 1}, "citations_years": {"2007": 1}, "old_citations": {"2006": 1}, "isVisible": false}, "2147819561": {"name": "d p means", "type": "author", "activity": 4, "h_index": 1, "h5_index": 0, "mag_id": "2147819561", "num_publications": 1, "num_citations": 1, "num_publications_5y": 0, "num_citations_5y": 0, "num_publications_10y": 0, "num_citations_10y": 0, "publications_years": {"1997": 1}, "citations_years": {"1999": 1}, "old_citations": {"1997": 1}, "isVisible": false}, "2147851109": {"name": "marilyn barger", "type": "author", "activity": 20, "h_index": 1, "h5_index": 0, "mag_id": "2147851109", "num_publications": 1, "num_citations": 0, "num_publications_5y": 0, "num_citations_5y": 0, "num_publications_10y": 0, "num_citations_10y": 0, "publications_years": {"2003": 1}, "citations_years": {}, "old_citations": {"2003": 0}, "isVisible": false}, "2184299456": {"name": "ruiyuan zhang", "type": "author", "activity": 4, "h_index": 2, "h5_index": 0, "mag_id": "2184299456", "num_publications": 1, "num_citations": 2, "num_publications_5y": 0, "num_citations_5y": 0, "num_publications_10y": 0, "num_citations_10y": 0, "publications_years": {"2003": 1}, "citations_years": {"2005": 1, "2006": 1}, "old_citations": {"2003": 2}, "isVisible": false}, "2222018472": {"name": "g s la rue", "type": "author", "activity": 6, "h_index": 3, "h5_index": 0, "mag_id": "2222018472", "num_publications": 1, "num_citations": 2, "num_publications_5y": 0, "num_citations_5y": 0, "num_publications_10y": 0, "num_citations_10y": 0, "publications_years": {"2003": 1}, "citations_years": {"2005": 1, "2006": 1}, "old_citations": {"2003": 2}, "isVisible": false}, "2224597842": {"name": "t a el doker", "type": "author", "activity": 3, "h_index": 3, "h5_index": 0, "mag_id": "2224597842", "num_publications": 1, "num_citations": 3, "num_publications_5y": 0, "num_citations_5y": 0, "num_publications_10y": 0, "num_citations_10y": 1, "publications_years": {"2003": 1}, "citations_years": {"2004": 1, "2005": 1, "2006": 0, "2007": 0, "2008": 0, "2009": 1}, "old_citations": {"2003": 3}, "isVisible": false}, "2226698564": {"name": "l sabesan", "type": "author", "activity": 1, "h_index": 0, "h5_index": 0, "mag_id": "2226698564", "num_publications": 1, "num_citations": 0, "num_publications_5y": 0, "num_citations_5y": 0, "num_publications_10y": 0, "num_citations_10y": 0, "publications_years": {"1997": 1}, "citations_years": {}, "old_citations": {"1997": 0}, "isVisible": false}, "2230068547": {"name": "t j sanders", "type": "author", "activity": 4, "h_index": 1, "h5_index": 0, "mag_id": "2230068547", "num_publications": 1, "num_citations": 1, "num_publications_5y": 0, "num_citations_5y": 0, "num_publications_10y": 0, "num_citations_10y": 0, "publications_years": {"1997": 1}, "citations_years": {"1999": 1}, "old_citations": {"1997": 1}, "isVisible": false}, "2282899491": {"name": "philip d rack", "type": "author", "activity": 23, "h_index": 3, "h5_index": 2, "mag_id": "2282899491", "num_publications": 1, "num_citations": 1, "num_publications_5y": 0, "num_citations_5y": 0, "num_publications_10y": 0, "num_citations_10y": 0, "publications_years": {"1999": 1}, "citations_years": {"2003": 1}, "old_citations": {"1999": 1}, "isVisible": false}, "2291133149": {"name": "eric roe", "type": "author", "activity": 1, "h_index": 0, "h5_index": 0, "mag_id": "2291133149", "num_publications": 1, "num_citations": 0, "num_publications_5y": 0, "num_citations_5y": 0, "num_publications_10y": 0, "num_citations_10y": 0, "publications_years": {"2003": 1}, "citations_years": {}, "old_citations": {"2003": 0}, "isVisible": false}, "2295073799": {"name": "joel a kubby", "type": "author", "activity": 18, "h_index": 3, "h5_index": 0, "mag_id": "2295073799", "num_publications": 1, "num_citations": 1, "num_publications_5y": 0, "num_citations_5y": 0, "num_publications_10y": 0, "num_citations_10y": 0, "publications_years": {"2006": 1}, "citations_years": {"2007": 1}, "old_citations": {"2006": 1}, "isVisible": false}, "2303373820": {"name": "p depasquale", "type": "author", "activity": 1, "h_index": 1, "h5_index": 0, "mag_id": "2303373820", "num_publications": 1, "num_citations": 2, "num_publications_5y": 0, "num_citations_5y": 0, "num_publications_10y": 0, "num_citations_10y": 1, "publications_years": {"2001": 1}, "citations_years": {"2001": 1, "2002": 0, "2003": 0, "2004": 0, "2005": 0, "2006": 0, "2007": 0, "2008": 0, "2009": 0, "2010": 1}, "old_citations": {"2001": 2}, "isVisible": false}, "2335247814": {"name": "m d johnson", "type": "author", "activity": 1, "h_index": 1, "h5_index": 0, "mag_id": "2335247814", "num_publications": 1, "num_citations": 5, "num_publications_5y": 0, "num_citations_5y": 0, "num_publications_10y": 0, "num_citations_10y": 0, "publications_years": {"1999": 1}, "citations_years": {"2002": 2, "2003": 0, "2004": 1, "2005": 0, "2006": 2}, "old_citations": {"1999": 5}, "isVisible": false}, "2338834576": {"name": "t dobbins", "type": "author", "activity": 1, "h_index": 1, "h5_index": 0, "mag_id": "2338834576", "num_publications": 1, "num_citations": 3, "num_publications_5y": 0, "num_citations_5y": 0, "num_publications_10y": 0, "num_citations_10y": 0, "publications_years": {"1991": 1}, "citations_years": {"1992": 1, "1993": 1, "1994": 0, "1995": 0, "1996": 0, "1997": 0, "1998": 0, "1999": 0, "2000": 0, "2001": 0, "2002": 0, "2003": 0, "2004": 0, "2005": 0, "2006": 0, "2007": 0, "2008": 0, "2009": 0, "2010": 0, "2011": 0, "2012": 0, "2013": 0, "2014": 0, "2015": 0, "2016": 0, "2017": 0, "2018": 0, "2019": 1}, "old_citations": {"1991": 3}, "isVisible": false}, "2339853988": {"name": "g c potts", "type": "author", "activity": 1, "h_index": 1, "h5_index": 0, "mag_id": "2339853988", "num_publications": 1, "num_citations": 1, "num_publications_5y": 0, "num_citations_5y": 0, "num_publications_10y": 0, "num_citations_10y": 0, "publications_years": {"1997": 1}, "citations_years": {"1999": 1}, "old_citations": {"1997": 1}, "isVisible": false}, "2340551447": {"name": "e m schlanger", "type": "author", "activity": 1, "h_index": 1, "h5_index": 0, "mag_id": "2340551447", "num_publications": 1, "num_citations": 1, "num_publications_5y": 0, "num_citations_5y": 0, "num_publications_10y": 0, "num_citations_10y": 0, "publications_years": {"1997": 1}, "citations_years": {"1999": 1}, "old_citations": {"1997": 1}, "isVisible": false}, "2345648076": {"name": "e sahm", "type": "author", "activity": 1, "h_index": 0, "h5_index": 0, "mag_id": "2345648076", "num_publications": 1, "num_citations": 0, "num_publications_5y": 0, "num_citations_5y": 0, "num_publications_10y": 0, "num_citations_10y": 0, "publications_years": {"1997": 1}, "citations_years": {}, "old_citations": {"1997": 0}, "isVisible": false}, "2396234743": {"name": "g r weistroffer", "type": "author", "activity": 1, "h_index": 1, "h5_index": 0, "mag_id": "2396234743", "num_publications": 1, "num_citations": 1, "num_publications_5y": 0, "num_citations_5y": 1, "num_publications_10y": 0, "num_citations_10y": 1, "publications_years": {"2001": 1}, "citations_years": {"2016": 1}, "old_citations": {"2001": 1}, "isVisible": false}, "2407381996": {"name": "d m grammer", "type": "author", "activity": 1, "h_index": 1, "h5_index": 0, "mag_id": "2407381996", "num_publications": 1, "num_citations": 1, "num_publications_5y": 0, "num_citations_5y": 1, "num_publications_10y": 0, "num_citations_10y": 1, "publications_years": {"2001": 1}, "citations_years": {"2016": 1}, "old_citations": {"2001": 1}, "isVisible": false}, "2418775032": {"name": "michael p keleher", "type": "author", "activity": 1, "h_index": 0, "h5_index": 0, "mag_id": "2418775032", "num_publications": 1, "num_citations": 0, "num_publications_5y": 0, "num_citations_5y": 0, "num_publications_10y": 0, "num_citations_10y": 0, "publications_years": {"1991": 1}, "citations_years": {}, "old_citations": {"1991": 0}, "isVisible": false}, "2428569390": {"name": "r w hendricks", "type": "author", "activity": 1, "h_index": 1, "h5_index": 0, "mag_id": "2428569390", "num_publications": 1, "num_citations": 1, "num_publications_5y": 0, "num_citations_5y": 0, "num_publications_10y": 0, "num_citations_10y": 0, "publications_years": {"2003": 1}, "citations_years": {"2003": 1}, "old_citations": {"2003": 1}, "isVisible": false}, "2430778340": {"name": "s a parke", "type": "author", "activity": 1, "h_index": 0, "h5_index": 0, "mag_id": "2430778340", "num_publications": 1, "num_citations": 0, "num_publications_5y": 0, "num_citations_5y": 0, "num_publications_10y": 0, "num_citations_10y": 0, "publications_years": {"2003": 1}, "citations_years": {}, "old_citations": {"2003": 0}, "isVisible": false}, "2431326507": {"name": "g a hughes", "type": "author", "activity": 1, "h_index": 1, "h5_index": 0, "mag_id": "2431326507", "num_publications": 1, "num_citations": 5, "num_publications_5y": 0, "num_citations_5y": 0, "num_publications_10y": 0, "num_citations_10y": 0, "publications_years": {"1999": 1}, "citations_years": {"2002": 2, "2003": 0, "2004": 1, "2005": 0, "2006": 2}, "old_citations": {"1999": 5}, "isVisible": false}, "2442084771": {"name": "p a schmidt", "type": "author", "activity": 1, "h_index": 0, "h5_index": 0, "mag_id": "2442084771", "num_publications": 1, "num_citations": 0, "num_publications_5y": 0, "num_citations_5y": 0, "num_publications_10y": 0, "num_citations_10y": 0, "publications_years": {"1993": 1}, "citations_years": {}, "old_citations": {"1993": 0}, "isVisible": false}, "2462005947": {"name": "r e pearson", "type": "author", "activity": 1, "h_index": 1, "h5_index": 0, "mag_id": "2462005947", "num_publications": 1, "num_citations": 2, "num_publications_5y": 0, "num_citations_5y": 0, "num_publications_10y": 0, "num_citations_10y": 0, "publications_years": {"1997": 1}, "citations_years": {"2004": 1, "2005": 1}, "old_citations": {"1997": 2}, "isVisible": false}, "2467698788": {"name": "russell h price", "type": "author", "activity": 1, "h_index": 0, "h5_index": 0, "mag_id": "2467698788", "num_publications": 1, "num_citations": 0, "num_publications_5y": 0, "num_citations_5y": 0, "num_publications_10y": 0, "num_citations_10y": 0, "publications_years": {"1991": 1}, "citations_years": {}, "old_citations": {"1991": 0}, "isVisible": false}, "2468823444": {"name": "r d hack", "type": "author", "activity": 1, "h_index": 0, "h5_index": 0, "mag_id": "2468823444", "num_publications": 1, "num_citations": 0, "num_publications_5y": 0, "num_citations_5y": 0, "num_publications_10y": 0, "num_citations_10y": 0, "publications_years": {"1993": 1}, "citations_years": {}, "old_citations": {"1993": 0}, "isVisible": false}, "2477210873": {"name": "r h klenke", "type": "author", "activity": 1, "h_index": 1, "h5_index": 0, "mag_id": "2477210873", "num_publications": 1, "num_citations": 1, "num_publications_5y": 0, "num_citations_5y": 1, "num_publications_10y": 0, "num_citations_10y": 1, "publications_years": {"2001": 1}, "citations_years": {"2016": 1}, "old_citations": {"2001": 1}, "isVisible": false}, "2484244398": {"name": "albert kuo huei yen", "type": "author", "activity": 1, "h_index": 2, "h5_index": 0, "mag_id": "2484244398", "num_publications": 1, "num_citations": 0, "num_publications_5y": 0, "num_citations_5y": 0, "num_publications_10y": 0, "num_citations_10y": 0, "publications_years": {"2006": 1}, "citations_years": {}, "old_citations": {"2006": 0}, "isVisible": false}, "2497430364": {"name": "d s myers", "type": "author", "activity": 1, "h_index": 1, "h5_index": 0, "mag_id": "2497430364", "num_publications": 1, "num_citations": 2, "num_publications_5y": 0, "num_citations_5y": 0, "num_publications_10y": 0, "num_citations_10y": 1, "publications_years": {"2001": 1}, "citations_years": {"2001": 1, "2002": 0, "2003": 0, "2004": 0, "2005": 0, "2006": 0, "2007": 0, "2008": 0, "2009": 0, "2010": 1}, "old_citations": {"2001": 2}, "isVisible": false}, "2498539420": {"name": "a sheikh", "type": "author", "activity": 1, "h_index": 1, "h5_index": 0, "mag_id": "2498539420", "num_publications": 1, "num_citations": 1, "num_publications_5y": 0, "num_citations_5y": 0, "num_publications_10y": 0, "num_citations_10y": 0, "publications_years": {"2003": 1}, "citations_years": {"2003": 1}, "old_citations": {"2003": 1}, "isVisible": false}, "2506747546": {"name": "m r learn", "type": "author", "activity": 1, "h_index": 1, "h5_index": 0, "mag_id": "2506747546", "num_publications": 1, "num_citations": 9, "num_publications_5y": 0, "num_citations_5y": 5, "num_publications_10y": 0, "num_citations_10y": 8, "publications_years": {"2003": 1}, "citations_years": {"2003": 1, "2004": 0, "2005": 0, "2006": 0, "2007": 0, "2008": 0, "2009": 0, "2010": 1, "2011": 0, "2012": 1, "2013": 1, "2014": 2, "2015": 2, "2016": 1}, "old_citations": {"2003": 9}, "isVisible": false}, "2523750188": {"name": "n g loebel", "type": "author", "activity": 1, "h_index": 1, "h5_index": 0, "mag_id": "2523750188", "num_publications": 1, "num_citations": 5, "num_publications_5y": 0, "num_citations_5y": 0, "num_publications_10y": 0, "num_citations_10y": 0, "publications_years": {"1999": 1}, "citations_years": {"2002": 2, "2003": 0, "2004": 1, "2005": 0, "2006": 2}, "old_citations": {"1999": 5}, "isVisible": false}, "2531236730": {"name": "s foreman", "type": "author", "activity": 1, "h_index": 0, "h5_index": 0, "mag_id": "2531236730", "num_publications": 1, "num_citations": 0, "num_publications_5y": 0, "num_citations_5y": 0, "num_publications_10y": 0, "num_citations_10y": 0, "publications_years": {"1993": 1}, "citations_years": {}, "old_citations": {"1993": 0}, "isVisible": false}, "2549672688": {"name": "jeff terstriep", "type": "author", "activity": 26, "h_index": 3, "h5_index": 3, "mag_id": "2549672688", "num_publications": 1, "num_citations": 1, "num_publications_5y": 0, "num_citations_5y": 1, "num_publications_10y": 0, "num_citations_10y": 1, "publications_years": {"1995": 1}, "citations_years": {"2018": 1}, "old_citations": {"1995": 1}, "isVisible": false}, "2560509602": {"name": "houshang amir aghahassan", "type": "author", "activity": 1, "h_index": 0, "h5_index": 0, "mag_id": "2560509602", "num_publications": 1, "num_citations": 0, "num_publications_5y": 0, "num_citations_5y": 0, "num_publications_10y": 0, "num_citations_10y": 0, "publications_years": {"2006": 1}, "citations_years": {}, "old_citations": {"2006": 0}, "isVisible": false}, "2560790107": {"name": "jack c reed", "type": "author", "activity": 1, "h_index": 0, "h5_index": 0, "mag_id": "2560790107", "num_publications": 1, "num_citations": 0, "num_publications_5y": 0, "num_citations_5y": 0, "num_publications_10y": 0, "num_citations_10y": 0, "publications_years": {"2006": 1}, "citations_years": {}, "old_citations": {"2006": 0}, "isVisible": false}, "2562962456": {"name": "y asmath", "type": "author", "activity": 1, "h_index": 0, "h5_index": 0, "mag_id": "2562962456", "num_publications": 1, "num_citations": 0, "num_publications_5y": 0, "num_citations_5y": 0, "num_publications_10y": 0, "num_citations_10y": 0, "publications_years": {"2006": 1}, "citations_years": {}, "old_citations": {"2006": 0}, "isVisible": false}, "2577510677": {"name": "a rau", "type": "author", "activity": 1, "h_index": 0, "h5_index": 0, "mag_id": "2577510677", "num_publications": 1, "num_citations": 0, "num_publications_5y": 0, "num_citations_5y": 0, "num_publications_10y": 0, "num_citations_10y": 0, "publications_years": {"2001": 1}, "citations_years": {}, "old_citations": {"2001": 0}, "isVisible": false}, "2577584599": {"name": "sridhar v iyer", "type": "author", "activity": 2, "h_index": 1, "h5_index": 0, "mag_id": "2577584599", "num_publications": 1, "num_citations": 1, "num_publications_5y": 0, "num_citations_5y": 1, "num_publications_10y": 0, "num_citations_10y": 1, "publications_years": {"1995": 1}, "citations_years": {"2018": 1}, "old_citations": {"1995": 1}, "isVisible": false}, "2585983132": {"name": "a rys", "type": "author", "activity": 1, "h_index": 0, "h5_index": 0, "mag_id": "2585983132", "num_publications": 1, "num_citations": 0, "num_publications_5y": 0, "num_citations_5y": 0, "num_publications_10y": 0, "num_citations_10y": 0, "publications_years": {"1991": 1}, "citations_years": {}, "old_citations": {"1991": 0}, "isVisible": false}, "2591628854": {"name": "m lesiecki", "type": "author", "activity": 1, "h_index": 0, "h5_index": 0, "mag_id": "2591628854", "num_publications": 1, "num_citations": 0, "num_publications_5y": 0, "num_citations_5y": 0, "num_publications_10y": 0, "num_citations_10y": 0, "publications_years": {"2003": 1}, "citations_years": {}, "old_citations": {"2003": 0}, "isVisible": false}, "2620762793": {"name": "r w hendricks", "type": "author", "activity": 1, "h_index": 1, "h5_index": 0, "mag_id": "2620762793", "num_publications": 1, "num_citations": 2, "num_publications_5y": 0, "num_citations_5y": 0, "num_publications_10y": 0, "num_citations_10y": 1, "publications_years": {"2001": 1}, "citations_years": {"2001": 1, "2002": 0, "2003": 0, "2004": 0, "2005": 0, "2006": 0, "2007": 0, "2008": 0, "2009": 0, "2010": 1}, "old_citations": {"2001": 2}, "isVisible": false}, "2621333473": {"name": "j l meyer", "type": "author", "activity": 1, "h_index": 1, "h5_index": 0, "mag_id": "2621333473", "num_publications": 1, "num_citations": 2, "num_publications_5y": 0, "num_citations_5y": 0, "num_publications_10y": 0, "num_citations_10y": 1, "publications_years": {"2001": 1}, "citations_years": {"2001": 1, "2002": 0, "2003": 0, "2004": 0, "2005": 0, "2006": 0, "2007": 0, "2008": 0, "2009": 0, "2010": 1}, "old_citations": {"2001": 2}, "isVisible": false}, "2631675543": {"name": "n ranganathan", "type": "author", "activity": 1, "h_index": 1, "h5_index": 0, "mag_id": "2631675543", "num_publications": 1, "num_citations": 3, "num_publications_5y": 0, "num_citations_5y": 0, "num_publications_10y": 0, "num_citations_10y": 0, "publications_years": {"1991": 1}, "citations_years": {"1996": 1, "1997": 0, "1998": 0, "1999": 0, "2000": 2}, "old_citations": {"1991": 3}, "isVisible": false}, "2635239707": {"name": "r lowther", "type": "author", "activity": 1, "h_index": 0, "h5_index": 0, "mag_id": "2635239707", "num_publications": 1, "num_citations": 0, "num_publications_5y": 0, "num_citations_5y": 0, "num_publications_10y": 0, "num_citations_10y": 0, "publications_years": {"1991": 1}, "citations_years": {}, "old_citations": {"1991": 0}, "isVisible": false}, "2637447987": {"name": "n f paradise", "type": "author", "activity": 1, "h_index": 1, "h5_index": 0, "mag_id": "2637447987", "num_publications": 1, "num_citations": 5, "num_publications_5y": 0, "num_citations_5y": 0, "num_publications_10y": 0, "num_citations_10y": 0, "publications_years": {"1999": 1}, "citations_years": {"2002": 2, "2003": 0, "2004": 1, "2005": 0, "2006": 2}, "old_citations": {"1999": 5}, "isVisible": false}, "2638890751": {"name": "m l gitlin", "type": "author", "activity": 1, "h_index": 1, "h5_index": 0, "mag_id": "2638890751", "num_publications": 1, "num_citations": 5, "num_publications_5y": 0, "num_citations_5y": 0, "num_publications_10y": 0, "num_citations_10y": 0, "publications_years": {"1999": 1}, "citations_years": {"2002": 2, "2003": 0, "2004": 1, "2005": 0, "2006": 2}, "old_citations": {"1999": 5}, "isVisible": false}, "2644147747": {"name": "f m rotella", "type": "author", "activity": 1, "h_index": 1, "h5_index": 0, "mag_id": "2644147747", "num_publications": 1, "num_citations": 6, "num_publications_5y": 0, "num_citations_5y": 0, "num_publications_10y": 0, "num_citations_10y": 0, "publications_years": {"1991": 1}, "citations_years": {"1992": 1, "1993": 1, "1994": 2, "1995": 1, "1996": 0, "1997": 0, "1998": 0, "1999": 1}, "old_citations": {"1991": 6}, "isVisible": false}, "2648709321": {"name": "changsun kim", "type": "author", "activity": 1, "h_index": 0, "h5_index": 0, "mag_id": "2648709321", "num_publications": 1, "num_citations": 0, "num_publications_5y": 0, "num_citations_5y": 0, "num_publications_10y": 0, "num_citations_10y": 0, "publications_years": {"2003": 1}, "citations_years": {}, "old_citations": {"2003": 0}, "isVisible": false}, "2653548785": {"name": "j hughes", "type": "author", "activity": 1, "h_index": 1, "h5_index": 0, "mag_id": "2653548785", "num_publications": 1, "num_citations": 4, "num_publications_5y": 0, "num_citations_5y": 0, "num_publications_10y": 0, "num_citations_10y": 0, "publications_years": {"1993": 1}, "citations_years": {"1997": 2, "1998": 0, "1999": 0, "2000": 0, "2001": 0, "2002": 0, "2003": 1, "2004": 1}, "old_citations": {"1993": 4}, "isVisible": false}, "2656254772": {"name": "g kerdoncuff", "type": "author", "activity": 1, "h_index": 1, "h5_index": 0, "mag_id": "2656254772", "num_publications": 1, "num_citations": 1, "num_publications_5y": 0, "num_citations_5y": 0, "num_publications_10y": 0, "num_citations_10y": 1, "publications_years": {"1995": 1}, "citations_years": {"2012": 1}, "old_citations": {"1995": 1}, "isVisible": false}, "2662896546": {"name": "k mitchell", "type": "author", "activity": 1, "h_index": 1, "h5_index": 0, "mag_id": "2662896546", "num_publications": 1, "num_citations": 1, "num_publications_5y": 0, "num_citations_5y": 0, "num_publications_10y": 0, "num_citations_10y": 1, "publications_years": {"1995": 1}, "citations_years": {"2012": 1}, "old_citations": {"1995": 1}, "isVisible": false}, "2666802643": {"name": "j yoder", "type": "author", "activity": 1, "h_index": 1, "h5_index": 0, "mag_id": "2666802643", "num_publications": 1, "num_citations": 3, "num_publications_5y": 0, "num_citations_5y": 0, "num_publications_10y": 0, "num_citations_10y": 0, "publications_years": {"1991": 1}, "citations_years": {"1992": 1, "1993": 1, "1994": 0, "1995": 0, "1996": 0, "1997": 0, "1998": 0, "1999": 0, "2000": 0, "2001": 0, "2002": 0, "2003": 0, "2004": 0, "2005": 0, "2006": 0, "2007": 0, "2008": 0, "2009": 0, "2010": 0, "2011": 0, "2012": 0, "2013": 0, "2014": 0, "2015": 0, "2016": 0, "2017": 0, "2018": 0, "2019": 1}, "old_citations": {"1991": 3}, "isVisible": false}, "2669745117": {"name": "a kim", "type": "author", "activity": 1, "h_index": 1, "h5_index": 0, "mag_id": "2669745117", "num_publications": 1, "num_citations": 1, "num_publications_5y": 0, "num_citations_5y": 1, "num_publications_10y": 0, "num_citations_10y": 1, "publications_years": {"2001": 1}, "citations_years": {"2016": 1}, "old_citations": {"2001": 1}, "isVisible": false}, "2670347087": {"name": "s d sheetz", "type": "author", "activity": 1, "h_index": 1, "h5_index": 0, "mag_id": "2670347087", "num_publications": 1, "num_citations": 1, "num_publications_5y": 0, "num_citations_5y": 0, "num_publications_10y": 0, "num_citations_10y": 0, "publications_years": {"2003": 1}, "citations_years": {"2003": 1}, "old_citations": {"2003": 1}, "isVisible": false}, "2670511726": {"name": "c takoudis", "type": "author", "activity": 1, "h_index": 1, "h5_index": 0, "mag_id": "2670511726", "num_publications": 1, "num_citations": 1, "num_publications_5y": 0, "num_citations_5y": 0, "num_publications_10y": 0, "num_citations_10y": 0, "publications_years": {"1999": 1}, "citations_years": {"2019": 1}, "old_citations": {"1999": 1}, "isVisible": false}, "2671901824": {"name": "d r hackler", "type": "author", "activity": 1, "h_index": 0, "h5_index": 0, "mag_id": "2671901824", "num_publications": 1, "num_citations": 0, "num_publications_5y": 0, "num_citations_5y": 0, "num_publications_10y": 0, "num_citations_10y": 0, "publications_years": {"2003": 1}, "citations_years": {}, "old_citations": {"2003": 0}, "isVisible": false}, "2684047204": {"name": "j e varrientos", "type": "author", "activity": 1, "h_index": 0, "h5_index": 0, "mag_id": "2684047204", "num_publications": 1, "num_citations": 0, "num_publications_5y": 0, "num_citations_5y": 0, "num_publications_10y": 0, "num_citations_10y": 0, "publications_years": {"1991": 1}, "citations_years": {}, "old_citations": {"1991": 0}, "isVisible": false}, "2692134945": {"name": "t singh", "type": "author", "activity": 1, "h_index": 1, "h5_index": 0, "mag_id": "2692134945", "num_publications": 1, "num_citations": 1, "num_publications_5y": 0, "num_citations_5y": 1, "num_publications_10y": 0, "num_citations_10y": 1, "publications_years": {"1995": 1}, "citations_years": {"2018": 1}, "old_citations": {"1995": 1}, "isVisible": false}, "2700445252": {"name": "tsu jae king", "type": "author", "activity": 1, "h_index": 0, "h5_index": 0, "mag_id": "2700445252", "num_publications": 1, "num_citations": 0, "num_publications_5y": 0, "num_citations_5y": 0, "num_publications_10y": 0, "num_citations_10y": 0, "publications_years": {"2003": 1}, "citations_years": {}, "old_citations": {"2003": 0}, "isVisible": false}, "2704353504": {"name": "d r scott", "type": "author", "activity": 2, "h_index": 1, "h5_index": 0, "mag_id": "2704353504", "num_publications": 1, "num_citations": 3, "num_publications_5y": 0, "num_citations_5y": 0, "num_publications_10y": 0, "num_citations_10y": 1, "publications_years": {"2003": 1}, "citations_years": {"2004": 1, "2005": 1, "2006": 0, "2007": 0, "2008": 0, "2009": 1}, "old_citations": {"2003": 3}, "isVisible": false}, "2705561873": {"name": "m n yoder", "type": "author", "activity": 1, "h_index": 1, "h5_index": 0, "mag_id": "2705561873", "num_publications": 1, "num_citations": 3, "num_publications_5y": 0, "num_citations_5y": 0, "num_publications_10y": 0, "num_citations_10y": 0, "publications_years": {"2001": 1}, "citations_years": {"2005": 3}, "old_citations": {"2001": 3}, "isVisible": false}, "2709261783": {"name": "jane chi", "type": "author", "activity": 1, "h_index": 0, "h5_index": 0, "mag_id": "2709261783", "num_publications": 1, "num_citations": 0, "num_publications_5y": 0, "num_citations_5y": 0, "num_publications_10y": 0, "num_citations_10y": 0, "publications_years": {"2006": 1}, "citations_years": {}, "old_citations": {"2006": 0}, "isVisible": false}, "2718346747": {"name": "s henriques", "type": "author", "activity": 1, "h_index": 1, "h5_index": 0, "mag_id": "2718346747", "num_publications": 1, "num_citations": 3, "num_publications_5y": 0, "num_citations_5y": 0, "num_publications_10y": 0, "num_citations_10y": 0, "publications_years": {"1991": 1}, "citations_years": {"1996": 1, "1997": 0, "1998": 0, "1999": 0, "2000": 2}, "old_citations": {"1991": 3}, "isVisible": false}, "2722837627": {"name": "a t davis", "type": "author", "activity": 1, "h_index": 1, "h5_index": 0, "mag_id": "2722837627", "num_publications": 1, "num_citations": 9, "num_publications_5y": 0, "num_citations_5y": 7, "num_publications_10y": 0, "num_citations_10y": 9, "publications_years": {"2003": 1}, "citations_years": {"2011": 1, "2012": 1, "2013": 0, "2014": 0, "2015": 2, "2016": 2, "2017": 1, "2018": 2}, "old_citations": {"2003": 9}, "isVisible": false}, "2776842209": {"name": "g s may", "type": "author", "activity": 1, "h_index": 1, "h5_index": 0, "mag_id": "2776842209", "num_publications": 1, "num_citations": 1, "num_publications_5y": 0, "num_citations_5y": 0, "num_publications_10y": 0, "num_citations_10y": 1, "publications_years": {"1995": 1}, "citations_years": {"2012": 1}, "old_citations": {"1995": 1}, "isVisible": false}, "2778977752": {"name": "d whittaker", "type": "author", "activity": 1, "h_index": 1, "h5_index": 0, "mag_id": "2778977752", "num_publications": 1, "num_citations": 3, "num_publications_5y": 0, "num_citations_5y": 0, "num_publications_10y": 0, "num_citations_10y": 0, "publications_years": {"1991": 1}, "citations_years": {"1992": 1, "1993": 1, "1994": 0, "1995": 0, "1996": 0, "1997": 0, "1998": 0, "1999": 0, "2000": 0, "2001": 0, "2002": 0, "2003": 0, "2004": 0, "2005": 0, "2006": 0, "2007": 0, "2008": 0, "2009": 0, "2010": 0, "2011": 0, "2012": 0, "2013": 0, "2014": 0, "2015": 0, "2016": 0, "2017": 0, "2018": 0, "2019": 1}, "old_citations": {"1991": 3}, "isVisible": false}, "2791195328": {"name": "r w hendricks", "type": "author", "activity": 1, "h_index": 1, "h5_index": 0, "mag_id": "2791195328", "num_publications": 1, "num_citations": 1, "num_publications_5y": 0, "num_citations_5y": 0, "num_publications_10y": 0, "num_citations_10y": 0, "publications_years": {"2001": 1}, "citations_years": {"2003": 1}, "old_citations": {"2001": 1}, "isVisible": false}, "2793025661": {"name": "r w hendricks", "type": "author", "activity": 1, "h_index": 1, "h5_index": 0, "mag_id": "2793025661", "num_publications": 1, "num_citations": 9, "num_publications_5y": 0, "num_citations_5y": 5, "num_publications_10y": 0, "num_citations_10y": 8, "publications_years": {"2003": 1}, "citations_years": {"2003": 1, "2004": 0, "2005": 0, "2006": 0, "2007": 0, "2008": 0, "2009": 0, "2010": 1, "2011": 0, "2012": 1, "2013": 1, "2014": 2, "2015": 2, "2016": 1}, "old_citations": {"2003": 9}, "isVisible": false}, "2950247568": {"name": "i i d r albrecht", "type": "author", "activity": 1, "h_index": 0, "h5_index": 0, "mag_id": "2950247568", "num_publications": 1, "num_citations": 0, "num_publications_5y": 0, "num_citations_5y": 0, "num_publications_10y": 0, "num_citations_10y": 0, "publications_years": {"2001": 1}, "citations_years": {}, "old_citations": {"2001": 0}, "isVisible": false}, "2973573874": {"name": "t j sanders", "type": "author", "activity": 4, "h_index": 1, "h5_index": 0, "mag_id": "2973573874", "num_publications": 1, "num_citations": 6, "num_publications_5y": 0, "num_citations_5y": 0, "num_publications_10y": 0, "num_citations_10y": 0, "publications_years": {"1991": 1}, "citations_years": {"1992": 1, "1993": 1, "1994": 2, "1995": 1, "1996": 0, "1997": 0, "1998": 0, "1999": 1}, "old_citations": {"1991": 6}, "isVisible": false}, "2973603337": {"name": "s r vemuru", "type": "author", "activity": 1, "h_index": 1, "h5_index": 0, "mag_id": "2973603337", "num_publications": 1, "num_citations": 4, "num_publications_5y": 0, "num_citations_5y": 0, "num_publications_10y": 0, "num_citations_10y": 1, "publications_years": {"1991": 1}, "citations_years": {"1991": 2, "1992": 0, "1993": 1, "1994": 0, "1995": 0, "1996": 0, "1997": 0, "1998": 0, "1999": 0, "2000": 0, "2001": 0, "2002": 0, "2003": 0, "2004": 0, "2005": 0, "2006": 0, "2007": 0, "2008": 0, "2009": 1}, "old_citations": {"1991": 4}, "isVisible": false}, "2974277264": {"name": "s steen", "type": "author", "activity": 1, "h_index": 1, "h5_index": 0, "mag_id": "2974277264", "num_publications": 1, "num_citations": 1, "num_publications_5y": 0, "num_citations_5y": 0, "num_publications_10y": 0, "num_citations_10y": 0, "publications_years": {"2003": 1}, "citations_years": {"2005": 1}, "old_citations": {"2003": 1}, "isVisible": false}, "2974296421": {"name": "m cases", "type": "author", "activity": 1, "h_index": 1, "h5_index": 0, "mag_id": "2974296421", "num_publications": 1, "num_citations": 1, "num_publications_5y": 0, "num_citations_5y": 0, "num_publications_10y": 0, "num_citations_10y": 0, "publications_years": {"1991": 1}, "citations_years": {"1997": 1}, "old_citations": {"1991": 1}, "isVisible": false}, "2974532963": {"name": "d landis", "type": "author", "activity": 1, "h_index": 1, "h5_index": 0, "mag_id": "2974532963", "num_publications": 1, "num_citations": 3, "num_publications_5y": 0, "num_citations_5y": 0, "num_publications_10y": 0, "num_citations_10y": 0, "publications_years": {"1991": 1}, "citations_years": {"1992": 1, "1993": 1, "1994": 0, "1995": 0, "1996": 0, "1997": 0, "1998": 0, "1999": 0, "2000": 0, "2001": 0, "2002": 0, "2003": 0, "2004": 0, "2005": 0, "2006": 0, "2007": 0, "2008": 0, "2009": 0, "2010": 0, "2011": 0, "2012": 0, "2013": 0, "2014": 0, "2015": 0, "2016": 0, "2017": 0, "2018": 0, "2019": 1}, "old_citations": {"1991": 3}, "isVisible": false}, "2974721371": {"name": "a k sutton", "type": "author", "activity": 1, "h_index": 1, "h5_index": 0, "mag_id": "2974721371", "num_publications": 1, "num_citations": 1, "num_publications_5y": 0, "num_citations_5y": 0, "num_publications_10y": 0, "num_citations_10y": 0, "publications_years": {"2003": 1}, "citations_years": {"2005": 1}, "old_citations": {"2003": 1}, "isVisible": false}, "2974798194": {"name": "s parke", "type": "author", "activity": 1, "h_index": 0, "h5_index": 0, "mag_id": "2974798194", "num_publications": 1, "num_citations": 0, "num_publications_5y": 0, "num_citations_5y": 0, "num_publications_10y": 0, "num_citations_10y": 0, "publications_years": {"2003": 1}, "citations_years": {}, "old_citations": {"2003": 0}, "isVisible": false}, "2974854962": {"name": "e d smith", "type": "author", "activity": 1, "h_index": 1, "h5_index": 0, "mag_id": "2974854962", "num_publications": 1, "num_citations": 4, "num_publications_5y": 0, "num_citations_5y": 0, "num_publications_10y": 0, "num_citations_10y": 1, "publications_years": {"1991": 1}, "citations_years": {"1991": 2, "1992": 0, "1993": 1, "1994": 0, "1995": 0, "1996": 0, "1997": 0, "1998": 0, "1999": 0, "2000": 0, "2001": 0, "2002": 0, "2003": 0, "2004": 0, "2005": 0, "2006": 0, "2007": 0, "2008": 0, "2009": 1}, "old_citations": {"1991": 4}, "isVisible": false}, "2984097154": {"name": "j shott", "type": "author", "activity": 1, "h_index": 1, "h5_index": 0, "mag_id": "2984097154", "num_publications": 1, "num_citations": 1, "num_publications_5y": 0, "num_citations_5y": 0, "num_publications_10y": 0, "num_citations_10y": 0, "publications_years": {"2003": 1}, "citations_years": {"2008": 1}, "old_citations": {"2003": 1}, "isVisible": false}, "2984436604": {"name": "b murray", "type": "author", "activity": 1, "h_index": 1, "h5_index": 0, "mag_id": "2984436604", "num_publications": 1, "num_citations": 1, "num_publications_5y": 0, "num_citations_5y": 0, "num_publications_10y": 0, "num_citations_10y": 0, "publications_years": {"2003": 1}, "citations_years": {"2008": 1}, "old_citations": {"2003": 1}, "isVisible": false}, "2985410202": {"name": "m bell", "type": "author", "activity": 1, "h_index": 1, "h5_index": 0, "mag_id": "2985410202", "num_publications": 1, "num_citations": 1, "num_publications_5y": 0, "num_citations_5y": 0, "num_publications_10y": 0, "num_citations_10y": 0, "publications_years": {"2003": 1}, "citations_years": {"2008": 1}, "old_citations": {"2003": 1}, "isVisible": false}, "2985423323": {"name": "t lohman", "type": "author", "activity": 1, "h_index": 1, "h5_index": 0, "mag_id": "2985423323", "num_publications": 1, "num_citations": 1, "num_publications_5y": 0, "num_citations_5y": 0, "num_publications_10y": 0, "num_citations_10y": 0, "publications_years": {"2003": 1}, "citations_years": {"2008": 1}, "old_citations": {"2003": 1}, "isVisible": false}, "2985749880": {"name": "i lin", "type": "author", "activity": 1, "h_index": 1, "h5_index": 0, "mag_id": "2985749880", "num_publications": 1, "num_citations": 1, "num_publications_5y": 0, "num_citations_5y": 0, "num_publications_10y": 0, "num_citations_10y": 0, "publications_years": {"2003": 1}, "citations_years": {"2008": 1}, "old_citations": {"2003": 1}, "isVisible": false}, "3014048566": {"name": "k d hirschman", "type": "author", "activity": 1, "h_index": 1, "h5_index": 0, "mag_id": "3014048566", "num_publications": 1, "num_citations": 1, "num_publications_5y": 0, "num_citations_5y": 0, "num_publications_10y": 0, "num_citations_10y": 0, "publications_years": {"1999": 1}, "citations_years": {"2003": 1}, "old_citations": {"1999": 1}, "isVisible": false}}, "countries": {"United States": {"name": "United States", "type": "country", "h5_index": 308, "num_publications": 35, "num_citations": 73, "num_publications_5y": 0, "num_citations_5y": 10, "num_publications_10y": 0, "num_citations_10y": 17, "publications_years": {"2006": 3, "2003": 9, "2001": 4, "1993": 3, "1995": 2, "1991": 8, "1997": 4, "1999": 2}, "citations_years": {"2003": 5, "2004": 4, "2005": 10, "2006": 2, "2007": 3, "2008": 1, "2009": 3, "2010": 0, "2011": 2, "2012": 2, "2013": 0, "2014": 0, "2015": 3, "2016": 3, "2017": 1, "2018": 3, "1999": 5, "2019": 2, "1998": 2, "2000": 4, "2001": 0, "2002": 1, "1992": 3, "1993": 5, "1994": 2, "1995": 1, "1996": 1, "1997": 3, "1991": 2}, "old_citations": {"2006": 1, "2003": 23, "2001": 4, "1993": 4, "1995": 2, "1991": 22, "1997": 15, "1999": 2}, "isVisible": false}, "United Kingdom": {"name": "United Kingdom", "type": "country", "h5_index": 172, "num_publications": 1, "num_citations": 0, "num_publications_5y": 0, "num_citations_5y": 0, "num_publications_10y": 0, "num_citations_10y": 0, "publications_years": {"1997": 1}, "citations_years": {}, "old_citations": {"1997": 0}, "isVisible": false}}, "industrial_sectors": {"technology": {"name": "technology", "type": "industrial sector", "h5_index": 229, "num_publications": 3, "num_citations": 2, "num_publications_5y": 0, "num_citations_5y": 0, "num_publications_10y": 0, "num_citations_10y": 0, "publications_years": {"2003": 1, "1991": 2}, "citations_years": {"2005": 1, "1997": 1}, "old_citations": {"2003": 1, "1991": 1}, "isVisible": false}, "computing_and_it": {"name": "computing_and_it", "type": "industrial sector", "h5_index": 221, "num_publications": 2, "num_citations": 2, "num_publications_5y": 0, "num_citations_5y": 0, "num_publications_10y": 0, "num_citations_10y": 0, "publications_years": {"2003": 1, "1991": 1}, "citations_years": {"2005": 1, "1997": 1}, "old_citations": {"2003": 1, "1991": 1}, "isVisible": false}, "information_technology": {"name": "information_technology", "type": "industrial sector", "h5_index": 74, "num_publications": 2, "num_citations": 2, "num_publications_5y": 0, "num_citations_5y": 0, "num_publications_10y": 0, "num_citations_10y": 0, "publications_years": {"2003": 1, "1991": 1}, "citations_years": {"2005": 1, "1997": 1}, "old_citations": {"2003": 1, "1991": 1}, "isVisible": false}, "telecommunications": {"name": "telecommunications", "type": "industrial sector", "h5_index": 89, "num_publications": 1, "num_citations": 0, "num_publications_5y": 0, "num_citations_5y": 0, "num_publications_10y": 0, "num_citations_10y": 0, "publications_years": {"1991": 1}, "citations_years": {}, "old_citations": {"1991": 0}, "isVisible": false}}}, "conference_comparison": {"computer science": {}}, "topics_dna": {"publications": {}, "citations": {"normalized": {}, "average": {}}}, "info": {"num_publications": 45, "num_citations": 92.0, "impact_factor": {"1993": 0.5555555555555556, "1994": 0.0, "1995": 0.0, "1996": 0.0, "1997": 0.0, "1998": 0.4, "1999": 0.8, "2000": 0.0, "2001": 0.0, "2002": 0.0, "2003": 0.14285714285714285, "2004": 0.16666666666666666, "2005": 0.3333333333333333, "2006": 0}, "publications_years": {"2003": 12, "1991": 9, "2001": 7, "1997": 5, "2006": 4, "1993": 3, "1999": 3, "1995": 2}, "citations_years": {"1991": 2, "1992": 3, "1993": 5, "1994": 2, "1995": 1, "1996": 1, "1997": 3, "1998": 2, "1999": 5, "2000": 4, "2001": 1, "2002": 3, "2003": 8, "2004": 5, "2005": 10, "2006": 4, "2007": 3, "2008": 2, "2009": 3, "2010": 2, "2011": 2, "2012": 3, "2013": 1, "2014": 2, "2015": 5, "2016": 4, "2017": 1, "2018": 3, "2019": 2}, "old_citations": {"2003": 34, "1991": 22, "2001": 7, "1997": 15, "2006": 1, "1993": 4, "1999": 7, "1995": 2}, "h5_index": 0}, "percentile": {"computer science": {"2003": 78, "1991": 93, "2001": 81, "1997": 88, "2006": 65, "1993": 91, "1999": 86, "1995": 88}}, "conference_ranking": {"computer science": {"2003": 909, "1991": 295, "2001": 801, "1997": 494, "2006": 1479, "1993": 381, "1999": 591, "1995": 488}}, "academia": {"num_publications": 32, "num_citations": 68, "publications_years": {"1991": 6, "1992": 0, "1993": 3, "1994": 0, "1995": 2, "1996": 0, "1997": 5, "1998": 0, "1999": 2, "2000": 0, "2001": 3, "2002": 0, "2003": 8, "2004": 0, "2005": 0, "2006": 3}, "old_citations": {"1991": 21, "1992": 0, "1993": 4, "1994": 0, "1995": 2, "1996": 0, "1997": 15, "1998": 0, "1999": 2, "2000": 0, "2001": 1, "2002": 0, "2003": 22, "2004": 0, "2005": 0, "2006": 1}, "num_publications_5y": 0, "num_citations_5y": 0, "num_publications_10y": 0, "num_citations_10y": 0}, "industry": {"num_publications": 3, "num_citations": 2, "publications_years": {"1991": 2, "1992": 0, "1993": 0, "1994": 0, "1995": 0, "1996": 0, "1997": 0, "1998": 0, "1999": 0, "2000": 0, "2001": 0, "2002": 0, "2003": 1}, "old_citations": {"1991": 1, "1992": 0, "1993": 0, "1994": 0, "1995": 0, "1996": 0, "1997": 0, "1998": 0, "1999": 0, "2000": 0, "2001": 0, "2002": 0, "2003": 1}, "num_publications_5y": 0, "num_citations_5y": 0, "num_publications_10y": 0, "num_citations_10y": 0}, "collaborative": {"num_publications": 0, "num_citations": 0, "publications_years": {}, "old_citations": {}, "num_publications_5y": 0, "num_citations_5y": 0, "num_publications_10y": 0, "num_citations_10y": 0}, "conferences": {}, "journals": {}, "organizations": {"publication_overall": ["Boise State University", "University of South Florida", "Florida Institute of Technology", "IBM (United States)", "Purdue University West Lafayette", "Rochester Institute of Technology", "University of California, Berkeley", "Georgia Institute of Technology", "Harris Corporation (United States)", "Idaho State University", "Indiana University \u2013 Purdue University Fort Wayne", "Northern Arizona University", "Office of Naval Research", "Rensselaer Polytechnic Institute", "Rice University", "San Jose State University", "State University of New York", "Texas A&M University", "University of California, Santa Cruz", "University of Colorado Boulder", "University of Florida", "University of Illinois at Urbana Champaign", "University of Liverpool", "University of Minnesota", "University of Toledo", "Virginia Commonwealth University", "Washington State University"], "citation_overall": ["Purdue University West Lafayette", "Idaho State University", "Boise State University", "Florida Institute of Technology", "University of South Florida", "Rice University", "Rensselaer Polytechnic Institute", "University of Toledo", "Northern Arizona University", "Office of Naval Research", "Rochester Institute of Technology", "IBM (United States)", "Washington State University", "Georgia Institute of Technology", "University of California, Santa Cruz", "University of Illinois at Urbana Champaign", "Virginia Commonwealth University", "Harris Corporation (United States)", "Indiana University \u2013 Purdue University Fort Wayne", "San Jose State University", "State University of New York", "Texas A&M University", "University of California, Berkeley", "University of Colorado Boulder", "University of Florida", "University of Liverpool", "University of Minnesota"], "publication_10_years": [], "citation_10_years": [], "publication_5_years": [], "citation_5_years": []}, "countries": {"publication_overall": ["United States", "United Kingdom"], "citation_overall": ["United States", "United Kingdom"], "publication_10_years": [], "citation_10_years": [], "publication_5_years": [], "citation_5_years": []}, "topics": {"publication_overall": ["computer science", "computer systems", "computer hardware", "computer networks", "telecommunication systems", "education", "mathematics", "engineering", "microprocessor chips", "telecommunication networks", "software engineering", "artificial intelligence", "communication systems", "field programmable gate arrays (fpga)", "internet", "sensors", "wireless telecommunication systems", "telecommunication traffic", "bandwidth", "distributed computer systems"], "citation_overall": ["computer science", "computer systems", "computer hardware", "telecommunication systems", "computer networks", "distributed computer systems", "telecommunication networks", "database systems", "education", "communication systems", "mathematics", "telecommunication traffic", "wireless telecommunication systems", "human computer interaction", "internet", "user interfaces", "microprocessor chips", "sensors", "data communication systems", "world wide web"], "publication_10_years": [], "citation_10_years": [], "publication_5_years": [], "citation_5_years": []}, "main_topics": ["computer science"], "authors": {"publication_overall": ["742173050", "2099769613", "2235659282", "2442334395", "180555444", "212288479", "355940226", "416740244", "1207011425", "1828269008", "1892721833", "1975921315", "1992867551", "2001816495", "2005959156", "2095613688", "2099647899", "2106050126", "2128115591", "2130151237", "2137357395", "2140035131", "2141511428", "2147819561", "2147851109", "2184299456", "2222018472", "2224597842", "2226698564", "2230068547", "2282899491", "2291133149", "2295073799", "2303373820", "2335247814", "2338834576", "2339853988", "2340551447", "2345648076", "2396234743", "2407381996", "2418775032", "2428569390", "2430778340", "2431326507", "2442084771", "2462005947", "2467698788", "2468823444", "2477210873", "2484244398", "2497430364", "2498539420", "2506747546", "2523750188", "2531236730", "2549672688", "2560509602", "2560790107", "2562962456", "2577510677", "2577584599", "2585983132", "2591628854", "2620762793", "2621333473", "2631675543", "2635239707", "2637447987", "2638890751", "2644147747", "2648709321", "2653548785", "2656254772", "2662896546", "2666802643", "2669745117", "2670347087", "2670511726", "2671901824", "2684047204", "2692134945", "2700445252", "2704353504", "2705561873", "2709261783", "2718346747", "2722837627", "2776842209", "2778977752", "2791195328", "2793025661", "2950247568", "2973573874", "2973603337", "2974277264", "2974296421", "2974532963", "2974721371", "2974798194"], "citation_overall": ["742173050", "2235659282", "2442334395", "2506747546", "2722837627", "2793025661", "212288479", "2106050126", "2644147747", "2973573874", "1828269008", "2099769613", "2128115591", "2335247814", "2431326507", "2523750188", "2637447987", "2638890751", "2653548785", "2973603337", "2974854962", "2224597842", "2338834576", "2631675543", "2666802643", "2704353504", "2705561873", "2718346747", "2778977752", "2974532963", "2184299456", "2222018472", "2303373820", "2462005947", "2497430364", "2620762793", "2621333473", "180555444", "1207011425", "1975921315", "1992867551", "2141511428", "2147819561", "2230068547", "2282899491", "2295073799", "2339853988", "2340551447", "2396234743", "2407381996", "2428569390", "2477210873", "2498539420", "2549672688", "2577584599", "2656254772", "2662896546", "2669745117", "2670347087", "2670511726", "2692134945", "2776842209", "2791195328", "2974277264", "2974296421", "2974721371", "2984097154", "2984436604", "2985410202", "2985423323", "2985749880", "3014048566", "355940226", "416740244", "1892721833", "2001816495", "2005959156", "2095613688", "2099647899", "2130151237", "2137357395", "2140035131", "2147851109", "2226698564", "2291133149", "2345648076", "2418775032", "2430778340", "2442084771", "2467698788", "2468823444", "2484244398", "2531236730", "2560509602", "2560790107", "2562962456", "2577510677", "2585983132", "2591628854", "2635239707"], "publication_10_years": [], "citation_10_years": [], "publication_5_years": [], "citation_5_years": []}, "industrial_sectors": {"publication_overall": ["technology", "computing_and_it", "information_technology", "telecommunications"], "citation_overall": ["computing_and_it", "information_technology", "technology", "telecommunications"], "publication_10_years": [], "citation_10_years": [], "publication_5_years": [], "citation_5_years": []}}