{"name": "Asia Optical Fiber Communication and Optoelectronics Conference", "acronym": "AOFCOC", "type": "conference", "uniqueEntities": {"organizations": {"Shanghai Jiao Tong University": {"name": "Shanghai Jiao Tong University", "type": "organization", "organization_type": "Education", "h_index": 136, "h5_index": 71, "num_publications": 3, "num_citations": 8, "num_publications_5y": 0, "num_citations_5y": 0, "num_publications_10y": 0, "num_citations_10y": 7, "publications_years": {"2007": 3}, "citations_years": {"2008": 1, "2009": 1, "2010": 3, "2011": 0, "2012": 3}, "old_citations": {"2007": 8}, "isVisible": false}, "Kyungpook National University": {"name": "Kyungpook National University", "type": "organization", "organization_type": "Education", "h_index": 59, "h5_index": 26, "num_publications": 2, "num_citations": 0, "num_publications_5y": 0, "num_citations_5y": 0, "num_publications_10y": 0, "num_citations_10y": 0, "publications_years": {"2007": 2}, "citations_years": {}, "old_citations": {"2007": 0}, "isVisible": false}, "Assumption University": {"name": "Assumption University", "type": "organization", "organization_type": "Education", "h_index": 14, "h5_index": 4, "num_publications": 1, "num_citations": 0, "num_publications_5y": 0, "num_citations_5y": 0, "num_publications_10y": 0, "num_citations_10y": 0, "publications_years": {"2007": 1}, "citations_years": {}, "old_citations": {"2007": 0}, "isVisible": false}, "Beijing Institute of Technology": {"name": "Beijing Institute of Technology", "type": "organization", "organization_type": "Education", "h_index": 76, "h5_index": 53, "num_publications": 1, "num_citations": 0, "num_publications_5y": 0, "num_citations_5y": 0, "num_publications_10y": 0, "num_citations_10y": 0, "publications_years": {"2007": 1}, "citations_years": {}, "old_citations": {"2007": 0}, "isVisible": false}, "Beijing Jiaotong University": {"name": "Beijing Jiaotong University", "type": "organization", "organization_type": "Education", "h_index": 78, "h5_index": 42, "num_publications": 1, "num_citations": 0, "num_publications_5y": 0, "num_citations_5y": 0, "num_publications_10y": 0, "num_citations_10y": 0, "publications_years": {"2007": 1}, "citations_years": {}, "old_citations": {"2007": 0}, "isVisible": false}, "Chongqing University": {"name": "Chongqing University", "type": "organization", "organization_type": "Education", "h_index": 68, "h5_index": 42, "num_publications": 1, "num_citations": 1, "num_publications_5y": 0, "num_citations_5y": 0, "num_publications_10y": 0, "num_citations_10y": 1, "publications_years": {"2007": 1}, "citations_years": {"2010": 1}, "old_citations": {"2007": 1}, "isVisible": false}, "Harbin Institute of Technology": {"name": "Harbin Institute of Technology", "type": "organization", "organization_type": "Education", "h_index": 112, "h5_index": 64, "num_publications": 1, "num_citations": 0, "num_publications_5y": 0, "num_citations_5y": 0, "num_publications_10y": 0, "num_citations_10y": 0, "publications_years": {"2007": 1}, "citations_years": {}, "old_citations": {"2007": 0}, "isVisible": false}, "Huazhong University of Science and Technology": {"name": "Huazhong University of Science and Technology", "type": "organization", "organization_type": "Education", "h_index": 119, "h5_index": 66, "num_publications": 1, "num_citations": 0, "num_publications_5y": 0, "num_citations_5y": 0, "num_publications_10y": 0, "num_citations_10y": 0, "publications_years": {"2007": 1}, "citations_years": {}, "old_citations": {"2007": 0}, "isVisible": false}, "Hunan University": {"name": "Hunan University", "type": "organization", "organization_type": "Education", "h_index": 64, "h5_index": 37, "num_publications": 1, "num_citations": 0, "num_publications_5y": 0, "num_citations_5y": 0, "num_publications_10y": 0, "num_citations_10y": 0, "publications_years": {"2007": 1}, "citations_years": {}, "old_citations": {"2007": 0}, "isVisible": false}, "Inha University": {"name": "Inha University", "type": "organization", "organization_type": "Education", "h_index": 47, "h5_index": 18, "num_publications": 1, "num_citations": 0, "num_publications_5y": 0, "num_citations_5y": 0, "num_publications_10y": 0, "num_citations_10y": 0, "publications_years": {"2007": 1}, "citations_years": {}, "old_citations": {"2007": 0}, "isVisible": false}, "NEC (Japan)": {"name": "NEC (Japan)", "type": "organization", "organization_type": "Company", "h_index": 127, "h5_index": 17, "num_publications": 1, "num_citations": 0, "num_publications_5y": 0, "num_citations_5y": 0, "num_publications_10y": 0, "num_citations_10y": 0, "publications_years": {"2007": 1}, "citations_years": {}, "old_citations": {"2007": 0}, "isVisible": false}, "Osaka University": {"name": "Osaka University", "type": "organization", "organization_type": "Education", "h_index": 100, "h5_index": 31, "num_publications": 1, "num_citations": 3, "num_publications_5y": 0, "num_citations_5y": 2, "num_publications_10y": 0, "num_citations_10y": 3, "publications_years": {"2007": 1}, "citations_years": {"2012": 1, "2013": 0, "2014": 2}, "old_citations": {"2007": 3}, "isVisible": false}, "Purdue University West Lafayette": {"name": "Purdue University West Lafayette", "type": "organization", "organization_type": "Education", "h_index": 215, "h5_index": 48, "num_publications": 1, "num_citations": 0, "num_publications_5y": 0, "num_citations_5y": 0, "num_publications_10y": 0, "num_citations_10y": 0, "publications_years": {"2007": 1}, "citations_years": {}, "old_citations": {"2007": 0}, "isVisible": false}, "Sichuan University": {"name": "Sichuan University", "type": "organization", "organization_type": "Education", "h_index": 56, "h5_index": 39, "num_publications": 1, "num_citations": 2, "num_publications_5y": 0, "num_citations_5y": 0, "num_publications_10y": 0, "num_citations_10y": 2, "publications_years": {"2007": 1}, "citations_years": {"2009": 1, "2010": 0, "2011": 0, "2012": 1}, "old_citations": {"2007": 2}, "isVisible": false}, "University of California, Davis": {"name": "University of California, Davis", "type": "organization", "organization_type": "Education", "h_index": 175, "h5_index": 49, "num_publications": 1, "num_citations": 0, "num_publications_5y": 0, "num_citations_5y": 0, "num_publications_10y": 0, "num_citations_10y": 0, "publications_years": {"2007": 1}, "citations_years": {}, "old_citations": {"2007": 0}, "isVisible": false}, "University of Tehran": {"name": "University of Tehran", "type": "organization", "organization_type": "Education", "h_index": 71, "h5_index": 29, "num_publications": 1, "num_citations": 0, "num_publications_5y": 0, "num_citations_5y": 0, "num_publications_10y": 0, "num_citations_10y": 0, "publications_years": {"2007": 1}, "citations_years": {}, "old_citations": {"2007": 0}, "isVisible": false}, "Zhejiang University": {"name": "Zhejiang University", "type": "organization", "organization_type": "Education", "h_index": 131, "h5_index": 62, "num_publications": 1, "num_citations": 0, "num_publications_5y": 0, "num_citations_5y": 0, "num_publications_10y": 0, "num_citations_10y": 0, "publications_years": {"2007": 1}, "citations_years": {}, "old_citations": {"2007": 0}, "isVisible": false}}, "topics": {"computer science": {"name": "computer science", "type": "topic", "h_index": 1779, "h5_index": 416, "num_publications": 35, "num_citations": 32, "num_publications_5y": 0, "num_citations_5y": 3, "num_publications_10y": 0, "num_citations_10y": 31, "publications_years": {"2007": 35}, "citations_years": {"2010": 8, "2011": 4, "2012": 6, "2008": 1, "2013": 2, "2009": 8, "2014": 2, "2015": 0, "2016": 1}, "old_citations": {"2007": 32}, "isVisible": false}, "computer systems": {"name": "computer systems", "type": "topic", "h_index": 1595, "h5_index": 367, "num_publications": 31, "num_citations": 30, "num_publications_5y": 0, "num_citations_5y": 3, "num_publications_10y": 0, "num_citations_10y": 29, "publications_years": {"2007": 31}, "citations_years": {"2010": 8, "2011": 4, "2012": 5, "2008": 1, "2013": 2, "2009": 7, "2014": 2, "2015": 0, "2016": 1}, "old_citations": {"2007": 30}, "isVisible": false}, "computer hardware": {"name": "computer hardware", "type": "topic", "h_index": 1150, "h5_index": 279, "num_publications": 30, "num_citations": 25, "num_publications_5y": 0, "num_citations_5y": 2, "num_publications_10y": 0, "num_citations_10y": 24, "publications_years": {"2007": 30}, "citations_years": {"2010": 7, "2011": 4, "2012": 5, "2008": 1, "2013": 2, "2009": 4, "2014": 2}, "old_citations": {"2007": 25}, "isVisible": false}, "computer networks": {"name": "computer networks", "type": "topic", "h_index": 1262, "h5_index": 332, "num_publications": 30, "num_citations": 30, "num_publications_5y": 0, "num_citations_5y": 3, "num_publications_10y": 0, "num_citations_10y": 29, "publications_years": {"2007": 30}, "citations_years": {"2010": 8, "2011": 4, "2012": 5, "2008": 1, "2013": 2, "2009": 7, "2014": 2, "2015": 0, "2016": 1}, "old_citations": {"2007": 30}, "isVisible": false}, "telecommunication systems": {"name": "telecommunication systems", "type": "topic", "h_index": 1187, "h5_index": 277, "num_publications": 30, "num_citations": 30, "num_publications_5y": 0, "num_citations_5y": 3, "num_publications_10y": 0, "num_citations_10y": 29, "publications_years": {"2007": 30}, "citations_years": {"2010": 8, "2011": 4, "2012": 5, "2008": 1, "2013": 2, "2009": 7, "2014": 2, "2015": 0, "2016": 1}, "old_citations": {"2007": 30}, "isVisible": false}, "communication systems": {"name": "communication systems", "type": "topic", "h_index": 1092, "h5_index": 254, "num_publications": 29, "num_citations": 29, "num_publications_5y": 0, "num_citations_5y": 3, "num_publications_10y": 0, "num_citations_10y": 28, "publications_years": {"2007": 29}, "citations_years": {"2010": 7, "2011": 4, "2012": 5, "2008": 1, "2013": 2, "2009": 7, "2014": 2, "2015": 0, "2016": 1}, "old_citations": {"2007": 29}, "isVisible": false}, "sensors": {"name": "sensors", "type": "topic", "h_index": 960, "h5_index": 229, "num_publications": 28, "num_citations": 24, "num_publications_5y": 0, "num_citations_5y": 2, "num_publications_10y": 0, "num_citations_10y": 23, "publications_years": {"2007": 28}, "citations_years": {"2010": 7, "2011": 4, "2012": 5, "2008": 1, "2013": 2, "2009": 3, "2014": 2}, "old_citations": {"2007": 24}, "isVisible": false}, "wireless telecommunication systems": {"name": "wireless telecommunication systems", "type": "topic", "h_index": 1087, "h5_index": 254, "num_publications": 28, "num_citations": 29, "num_publications_5y": 0, "num_citations_5y": 3, "num_publications_10y": 0, "num_citations_10y": 28, "publications_years": {"2007": 28}, "citations_years": {"2010": 7, "2011": 4, "2012": 5, "2008": 1, "2013": 2, "2009": 7, "2014": 2, "2015": 0, "2016": 1}, "old_citations": {"2007": 29}, "isVisible": false}, "telecommunication networks": {"name": "telecommunication networks", "type": "topic", "h_index": 1116, "h5_index": 258, "num_publications": 26, "num_citations": 28, "num_publications_5y": 0, "num_citations_5y": 3, "num_publications_10y": 0, "num_citations_10y": 27, "publications_years": {"2007": 26}, "citations_years": {"2010": 8, "2011": 4, "2012": 5, "2008": 1, "2013": 1, "2009": 6, "2014": 2, "2015": 0, "2016": 1}, "old_citations": {"2007": 28}, "isVisible": false}, "optical fibers": {"name": "optical fibers", "type": "topic", "h_index": 457, "h5_index": 111, "num_publications": 25, "num_citations": 24, "num_publications_5y": 0, "num_citations_5y": 2, "num_publications_10y": 0, "num_citations_10y": 23, "publications_years": {"2007": 25}, "citations_years": {"2010": 7, "2011": 4, "2012": 5, "2008": 1, "2013": 2, "2009": 3, "2014": 2}, "old_citations": {"2007": 24}, "isVisible": false}, "telecommunication traffic": {"name": "telecommunication traffic", "type": "topic", "h_index": 1036, "h5_index": 233, "num_publications": 24, "num_citations": 28, "num_publications_5y": 0, "num_citations_5y": 3, "num_publications_10y": 0, "num_citations_10y": 27, "publications_years": {"2007": 24}, "citations_years": {"2010": 8, "2011": 4, "2012": 5, "2008": 1, "2013": 1, "2009": 6, "2014": 2, "2015": 0, "2016": 1}, "old_citations": {"2007": 28}, "isVisible": false}, "fiber optic networks": {"name": "fiber optic networks", "type": "topic", "h_index": 431, "h5_index": 112, "num_publications": 22, "num_citations": 27, "num_publications_5y": 0, "num_citations_5y": 2, "num_publications_10y": 0, "num_citations_10y": 26, "publications_years": {"2007": 22}, "citations_years": {"2010": 8, "2011": 4, "2012": 5, "2008": 1, "2013": 2, "2009": 5, "2014": 2}, "old_citations": {"2007": 27}, "isVisible": false}, "communication channels (information theory)": {"name": "communication channels (information theory)", "type": "topic", "h_index": 925, "h5_index": 216, "num_publications": 21, "num_citations": 19, "num_publications_5y": 0, "num_citations_5y": 2, "num_publications_10y": 0, "num_citations_10y": 18, "publications_years": {"2007": 21}, "citations_years": {"2010": 4, "2011": 4, "2012": 2, "2008": 1, "2013": 2, "2009": 4, "2014": 2}, "old_citations": {"2007": 19}, "isVisible": false}, "engineering": {"name": "engineering", "type": "topic", "h_index": 1177, "h5_index": 287, "num_publications": 20, "num_citations": 25, "num_publications_5y": 0, "num_citations_5y": 3, "num_publications_10y": 0, "num_citations_10y": 24, "publications_years": {"2007": 20}, "citations_years": {"2010": 6, "2011": 1, "2012": 6, "2008": 1, "2013": 2, "2009": 6, "2014": 2, "2015": 0, "2016": 1}, "old_citations": {"2007": 25}, "isVisible": false}, "optical materials": {"name": "optical materials", "type": "topic", "h_index": 363, "h5_index": 93, "num_publications": 20, "num_citations": 22, "num_publications_5y": 0, "num_citations_5y": 2, "num_publications_10y": 0, "num_citations_10y": 22, "publications_years": {"2007": 20}, "citations_years": {"2010": 7, "2011": 4, "2012": 5, "2013": 1, "2009": 3, "2014": 2}, "old_citations": {"2007": 22}, "isVisible": false}, "bandwidth": {"name": "bandwidth", "type": "topic", "h_index": 922, "h5_index": 201, "num_publications": 18, "num_citations": 23, "num_publications_5y": 0, "num_citations_5y": 1, "num_publications_10y": 0, "num_citations_10y": 23, "publications_years": {"2007": 18}, "citations_years": {"2010": 7, "2011": 4, "2012": 4, "2013": 1, "2009": 6, "2014": 0, "2015": 0, "2016": 1}, "old_citations": {"2007": 23}, "isVisible": false}, "wavelength division multiplexing": {"name": "wavelength division multiplexing", "type": "topic", "h_index": 356, "h5_index": 92, "num_publications": 18, "num_citations": 22, "num_publications_5y": 0, "num_citations_5y": 2, "num_publications_10y": 0, "num_citations_10y": 21, "publications_years": {"2007": 18}, "citations_years": {"2010": 7, "2011": 4, "2012": 5, "2008": 1, "2013": 1, "2009": 2, "2014": 2}, "old_citations": {"2007": 22}, "isVisible": false}, "signal processing": {"name": "signal processing", "type": "topic", "h_index": 1012, "h5_index": 255, "num_publications": 17, "num_citations": 18, "num_publications_5y": 0, "num_citations_5y": 3, "num_publications_10y": 0, "num_citations_10y": 17, "publications_years": {"2007": 17}, "citations_years": {"2010": 3, "2011": 1, "2012": 3, "2008": 1, "2013": 2, "2009": 5, "2014": 2, "2015": 0, "2016": 1}, "old_citations": {"2007": 18}, "isVisible": false}, "data communication systems": {"name": "data communication systems", "type": "topic", "h_index": 1013, "h5_index": 234, "num_publications": 14, "num_citations": 20, "num_publications_5y": 0, "num_citations_5y": 0, "num_publications_10y": 0, "num_citations_10y": 20, "publications_years": {"2007": 14}, "citations_years": {"2010": 7, "2011": 4, "2012": 4, "2009": 5}, "old_citations": {"2007": 20}, "isVisible": false}, "computer imaging and vision": {"name": "computer imaging and vision", "type": "topic", "h_index": 1142, "h5_index": 334, "num_publications": 13, "num_citations": 5, "num_publications_5y": 0, "num_citations_5y": 0, "num_publications_10y": 0, "num_citations_10y": 5, "publications_years": {"2007": 13}, "citations_years": {"2009": 3, "2010": 1, "2011": 0, "2012": 1}, "old_citations": {"2007": 5}, "isVisible": false}, "optical networks": {"name": "optical networks", "type": "topic", "h_index": 246, "h5_index": 70, "num_publications": 10, "num_citations": 15, "num_publications_5y": 0, "num_citations_5y": 2, "num_publications_10y": 0, "num_citations_10y": 15, "publications_years": {"2007": 10}, "citations_years": {"2010": 6, "2011": 1, "2012": 5, "2013": 0, "2014": 2, "2009": 1}, "old_citations": {"2007": 15}, "isVisible": false}}, "authors": {"2102136657": {"name": "hyun deok kim", "type": "author", "activity": 13, "h_index": 2, "h5_index": 0, "mag_id": "2102136657", "num_publications": 2, "num_citations": 0, "num_publications_5y": 0, "num_citations_5y": 0, "num_publications_10y": 0, "num_citations_10y": 0, "publications_years": {"2007": 2}, "citations_years": {}, "old_citations": {"2007": 0}, "isVisible": false}, "2156048252": {"name": "yikai su", "type": "author", "activity": 18, "h_index": 8, "h5_index": 4, "mag_id": "2156048252", "num_publications": 2, "num_citations": 1, "num_publications_5y": 0, "num_citations_5y": 0, "num_publications_10y": 0, "num_citations_10y": 0, "publications_years": {"2007": 2}, "citations_years": {"2008": 1}, "old_citations": {"2007": 1}, "isVisible": false}, "2631523310": {"name": "yan cheng", "type": "author", "activity": 1, "h_index": 0, "h5_index": 0, "mag_id": "2631523310", "num_publications": 2, "num_citations": 0, "num_publications_5y": 0, "num_citations_5y": 0, "num_publications_10y": 0, "num_citations_10y": 0, "publications_years": {"2007": 2}, "citations_years": {}, "old_citations": {"2007": 0}, "isVisible": false}, "2893273183": {"name": "xu liu", "type": "author", "activity": 1, "h_index": 0, "h5_index": 0, "mag_id": "2893273183", "num_publications": 2, "num_citations": 0, "num_publications_5y": 0, "num_citations_5y": 0, "num_publications_10y": 0, "num_citations_10y": 0, "publications_years": {"2007": 2}, "citations_years": {}, "old_citations": {"2007": 0}, "isVisible": false}, "2894277038": {"name": "haifeng li", "type": "author", "activity": 1, "h_index": 0, "h5_index": 0, "mag_id": "2894277038", "num_publications": 2, "num_citations": 0, "num_publications_5y": 0, "num_citations_5y": 0, "num_publications_10y": 0, "num_citations_10y": 0, "publications_years": {"2007": 2}, "citations_years": {}, "old_citations": {"2007": 0}, "isVisible": false}, "396701134": {"name": "reza farajidana", "type": "author", "activity": 20, "h_index": 4, "h5_index": 2, "mag_id": "396701134", "num_publications": 1, "num_citations": 0, "num_publications_5y": 0, "num_citations_5y": 0, "num_publications_10y": 0, "num_citations_10y": 0, "publications_years": {"2007": 1}, "citations_years": {}, "old_citations": {"2007": 0}, "isVisible": false}, "1556916762": {"name": "yukiyoshi kamio", "type": "author", "activity": 14, "h_index": 4, "h5_index": 0, "mag_id": "1556916762", "num_publications": 1, "num_citations": 1, "num_publications_5y": 0, "num_citations_5y": 0, "num_publications_10y": 0, "num_citations_10y": 1, "publications_years": {"2007": 1}, "citations_years": {"2013": 1}, "old_citations": {"2007": 1}, "isVisible": false}, "1947390835": {"name": "mahmoud shahabadi", "type": "author", "activity": 13, "h_index": 2, "h5_index": 1, "mag_id": "1947390835", "num_publications": 1, "num_citations": 0, "num_publications_5y": 0, "num_citations_5y": 0, "num_publications_10y": 0, "num_citations_10y": 0, "publications_years": {"2007": 1}, "citations_years": {}, "old_citations": {"2007": 0}, "isVisible": false}, "2023530678": {"name": "n wada", "type": "author", "activity": 1, "h_index": 1, "h5_index": 0, "mag_id": "2023530678", "num_publications": 1, "num_citations": 3, "num_publications_5y": 0, "num_citations_5y": 2, "num_publications_10y": 0, "num_citations_10y": 3, "publications_years": {"2007": 1}, "citations_years": {"2012": 1, "2013": 0, "2014": 2}, "old_citations": {"2007": 3}, "isVisible": false}, "2036724318": {"name": "qingjiang chang", "type": "author", "activity": 2, "h_index": 1, "h5_index": 0, "mag_id": "2036724318", "num_publications": 1, "num_citations": 0, "num_publications_5y": 0, "num_citations_5y": 0, "num_publications_10y": 0, "num_citations_10y": 0, "publications_years": {"2007": 1}, "citations_years": {}, "old_citations": {"2007": 0}, "isVisible": false}, "2082703533": {"name": "kenichi kitayama", "type": "author", "activity": 29, "h_index": 21, "h5_index": 5, "mag_id": "2082703533", "num_publications": 1, "num_citations": 3, "num_publications_5y": 0, "num_citations_5y": 2, "num_publications_10y": 0, "num_citations_10y": 3, "publications_years": {"2007": 1}, "citations_years": {"2012": 1, "2013": 0, "2014": 2}, "old_citations": {"2007": 3}, "isVisible": false}, "2099239580": {"name": "yingxun zhu", "type": "author", "activity": 1, "h_index": 1, "h5_index": 0, "mag_id": "2099239580", "num_publications": 1, "num_citations": 4, "num_publications_5y": 0, "num_citations_5y": 0, "num_publications_10y": 0, "num_citations_10y": 4, "publications_years": {"2007": 1}, "citations_years": {"2010": 2, "2011": 1, "2012": 1}, "old_citations": {"2007": 4}, "isVisible": false}, "2099769080": {"name": "junming gao", "type": "author", "activity": 2, "h_index": 1, "h5_index": 0, "mag_id": "2099769080", "num_publications": 1, "num_citations": 1, "num_publications_5y": 0, "num_citations_5y": 0, "num_publications_10y": 0, "num_citations_10y": 0, "publications_years": {"2007": 1}, "citations_years": {"2008": 1}, "old_citations": {"2007": 1}, "isVisible": false}, "2101452095": {"name": "xinyu xu", "type": "author", "activity": 1, "h_index": 1, "h5_index": 0, "mag_id": "2101452095", "num_publications": 1, "num_citations": 1, "num_publications_5y": 0, "num_citations_5y": 0, "num_publications_10y": 0, "num_citations_10y": 0, "publications_years": {"2007": 1}, "citations_years": {"2008": 1}, "old_citations": {"2007": 1}, "isVisible": false}, "2103417639": {"name": "gabriella cincotti", "type": "author", "activity": 22, "h_index": 12, "h5_index": 2, "mag_id": "2103417639", "num_publications": 1, "num_citations": 3, "num_publications_5y": 0, "num_citations_5y": 2, "num_publications_10y": 0, "num_citations_10y": 3, "publications_years": {"2007": 1}, "citations_years": {"2012": 1, "2013": 0, "2014": 2}, "old_citations": {"2007": 3}, "isVisible": false}, "2104868818": {"name": "b mcdonald", "type": "author", "activity": 1, "h_index": 1, "h5_index": 0, "mag_id": "2104868818", "num_publications": 1, "num_citations": 2, "num_publications_5y": 0, "num_citations_5y": 0, "num_publications_10y": 0, "num_citations_10y": 2, "publications_years": {"2007": 1}, "citations_years": {"2009": 1, "2010": 0, "2011": 1}, "old_citations": {"2007": 2}, "isVisible": false}, "2111260653": {"name": "bo lv", "type": "author", "activity": 3, "h_index": 1, "h5_index": 0, "mag_id": "2111260653", "num_publications": 1, "num_citations": 0, "num_publications_5y": 0, "num_citations_5y": 0, "num_publications_10y": 0, "num_citations_10y": 0, "publications_years": {"2007": 1}, "citations_years": {}, "old_citations": {"2007": 0}, "isVisible": false}, "2115063176": {"name": "wuxiang zhao", "type": "author", "activity": 9, "h_index": 7, "h5_index": 0, "mag_id": "2115063176", "num_publications": 1, "num_citations": 2, "num_publications_5y": 0, "num_citations_5y": 0, "num_publications_10y": 0, "num_citations_10y": 2, "publications_years": {"2007": 1}, "citations_years": {"2009": 1, "2010": 0, "2011": 0, "2012": 1}, "old_citations": {"2007": 2}, "isVisible": false}, "2115298915": {"name": "tetsuya miyazaki", "type": "author", "activity": 10, "h_index": 8, "h5_index": 0, "mag_id": "2115298915", "num_publications": 1, "num_citations": 3, "num_publications_5y": 0, "num_citations_5y": 2, "num_publications_10y": 0, "num_citations_10y": 3, "publications_years": {"2007": 1}, "citations_years": {"2012": 1, "2013": 0, "2014": 2}, "old_citations": {"2007": 3}, "isVisible": false}, "2116580849": {"name": "byoungju yun", "type": "author", "activity": 17, "h_index": 5, "h5_index": 1, "mag_id": "2116580849", "num_publications": 1, "num_citations": 0, "num_publications_5y": 0, "num_citations_5y": 0, "num_publications_10y": 0, "num_citations_10y": 0, "publications_years": {"2007": 1}, "citations_years": {}, "old_citations": {"2007": 0}, "isVisible": false}, "2118518819": {"name": "zhao yuejin", "type": "author", "activity": 15, "h_index": 2, "h5_index": 2, "mag_id": "2118518819", "num_publications": 1, "num_citations": 0, "num_publications_5y": 0, "num_citations_5y": 0, "num_publications_10y": 0, "num_citations_10y": 0, "publications_years": {"2007": 1}, "citations_years": {}, "old_citations": {"2007": 0}, "isVisible": false}, "2131220539": {"name": "shuisheng jian", "type": "author", "activity": 19, "h_index": 5, "h5_index": 4, "mag_id": "2131220539", "num_publications": 1, "num_citations": 0, "num_publications_5y": 0, "num_citations_5y": 0, "num_publications_10y": 0, "num_citations_10y": 0, "publications_years": {"2007": 1}, "citations_years": {}, "old_citations": {"2007": 0}, "isVisible": false}, "2140706611": {"name": "qionghua wang", "type": "author", "activity": 22, "h_index": 13, "h5_index": 4, "mag_id": "2140706611", "num_publications": 1, "num_citations": 2, "num_publications_5y": 0, "num_citations_5y": 0, "num_publications_10y": 0, "num_citations_10y": 2, "publications_years": {"2007": 1}, "citations_years": {"2009": 1, "2010": 0, "2011": 0, "2012": 1}, "old_citations": {"2007": 2}, "isVisible": false}, "2143887592": {"name": "aihong wang", "type": "author", "activity": 5, "h_index": 2, "h5_index": 0, "mag_id": "2143887592", "num_publications": 1, "num_citations": 2, "num_publications_5y": 0, "num_citations_5y": 0, "num_publications_10y": 0, "num_citations_10y": 2, "publications_years": {"2007": 1}, "citations_years": {"2009": 1, "2010": 0, "2011": 0, "2012": 1}, "old_citations": {"2007": 2}, "isVisible": false}, "2145975050": {"name": "weisheng hu", "type": "author", "activity": 24, "h_index": 16, "h5_index": 9, "mag_id": "2145975050", "num_publications": 1, "num_citations": 7, "num_publications_5y": 0, "num_citations_5y": 0, "num_publications_10y": 0, "num_citations_10y": 7, "publications_years": {"2007": 1}, "citations_years": {"2009": 1, "2010": 3, "2011": 0, "2012": 3}, "old_citations": {"2007": 7}, "isVisible": false}, "2155565851": {"name": "xi qin", "type": "author", "activity": 1, "h_index": 1, "h5_index": 0, "mag_id": "2155565851", "num_publications": 1, "num_citations": 0, "num_publications_5y": 0, "num_citations_5y": 0, "num_publications_10y": 0, "num_citations_10y": 0, "publications_years": {"2007": 1}, "citations_years": {}, "old_citations": {"2007": 0}, "isVisible": false}, "2157553174": {"name": "dahai li", "type": "author", "activity": 12, "h_index": 10, "h5_index": 0, "mag_id": "2157553174", "num_publications": 1, "num_citations": 2, "num_publications_5y": 0, "num_citations_5y": 0, "num_publications_10y": 0, "num_citations_10y": 2, "publications_years": {"2007": 1}, "citations_years": {"2009": 1, "2010": 0, "2011": 0, "2012": 1}, "old_citations": {"2007": 2}, "isVisible": false}, "2158614193": {"name": "tao pu", "type": "author", "activity": 13, "h_index": 2, "h5_index": 1, "mag_id": "2158614193", "num_publications": 1, "num_citations": 1, "num_publications_5y": 0, "num_citations_5y": 0, "num_publications_10y": 0, "num_citations_10y": 1, "publications_years": {"2007": 1}, "citations_years": {"2009": 1}, "old_citations": {"2007": 1}, "isVisible": false}, "2160003181": {"name": "huiwen xu", "type": "author", "activity": 1, "h_index": 0, "h5_index": 0, "mag_id": "2160003181", "num_publications": 1, "num_citations": 0, "num_publications_5y": 0, "num_citations_5y": 0, "num_publications_10y": 0, "num_citations_10y": 0, "publications_years": {"2007": 1}, "citations_years": {}, "old_citations": {"2007": 0}, "isVisible": false}, "2161601666": {"name": "shuangchun wen", "type": "author", "activity": 14, "h_index": 2, "h5_index": 1, "mag_id": "2161601666", "num_publications": 1, "num_citations": 0, "num_publications_5y": 0, "num_citations_5y": 0, "num_publications_10y": 0, "num_citations_10y": 0, "publications_years": {"2007": 1}, "citations_years": {}, "old_citations": {"2007": 0}, "isVisible": false}, "2163733277": {"name": "weiqiang sun", "type": "author", "activity": 24, "h_index": 12, "h5_index": 5, "mag_id": "2163733277", "num_publications": 1, "num_citations": 7, "num_publications_5y": 0, "num_citations_5y": 0, "num_publications_10y": 0, "num_citations_10y": 7, "publications_years": {"2007": 1}, "citations_years": {"2009": 1, "2010": 3, "2011": 0, "2012": 3}, "old_citations": {"2007": 7}, "isVisible": false}, "2208898203": {"name": "moriya nakamura", "type": "author", "activity": 25, "h_index": 6, "h5_index": 3, "mag_id": "2208898203", "num_publications": 1, "num_citations": 1, "num_publications_5y": 0, "num_citations_5y": 0, "num_publications_10y": 0, "num_citations_10y": 1, "publications_years": {"2007": 1}, "citations_years": {"2013": 1}, "old_citations": {"2007": 1}, "isVisible": false}, "2221270709": {"name": "a p janssen", "type": "author", "activity": 1, "h_index": 1, "h5_index": 0, "mag_id": "2221270709", "num_publications": 1, "num_citations": 2, "num_publications_5y": 0, "num_citations_5y": 1, "num_publications_10y": 0, "num_citations_10y": 2, "publications_years": {"2007": 1}, "citations_years": {"2009": 1, "2010": 0, "2011": 0, "2012": 0, "2013": 0, "2014": 0, "2015": 0, "2016": 1}, "old_citations": {"2007": 2}, "isVisible": false}, "2222394582": {"name": "yanxia xin", "type": "author", "activity": 1, "h_index": 2, "h5_index": 0, "mag_id": "2222394582", "num_publications": 1, "num_citations": 2, "num_publications_5y": 0, "num_citations_5y": 0, "num_publications_10y": 0, "num_citations_10y": 2, "publications_years": {"2007": 1}, "citations_years": {"2009": 1, "2010": 0, "2011": 0, "2012": 1}, "old_citations": {"2007": 2}, "isVisible": false}, "2225140232": {"name": "ick chang choi", "type": "author", "activity": 11, "h_index": 1, "h5_index": 0, "mag_id": "2225140232", "num_publications": 1, "num_citations": 0, "num_publications_5y": 0, "num_citations_5y": 0, "num_publications_10y": 0, "num_citations_10y": 0, "publications_years": {"2007": 1}, "citations_years": {}, "old_citations": {"2007": 0}, "isVisible": false}, "2225528379": {"name": "j p von derweid", "type": "author", "activity": 1, "h_index": 0, "h5_index": 0, "mag_id": "2225528379", "num_publications": 1, "num_citations": 0, "num_publications_5y": 0, "num_citations_5y": 0, "num_publications_10y": 0, "num_citations_10y": 0, "publications_years": {"2007": 1}, "citations_years": {}, "old_citations": {"2007": 0}, "isVisible": false}, "2228302375": {"name": "hui mei", "type": "author", "activity": 12, "h_index": 2, "h5_index": 2, "mag_id": "2228302375", "num_publications": 1, "num_citations": 0, "num_publications_5y": 0, "num_citations_5y": 0, "num_publications_10y": 0, "num_citations_10y": 0, "publications_years": {"2007": 1}, "citations_years": {}, "old_citations": {"2007": 0}, "isVisible": false}, "2230536092": {"name": "weitao zhu", "type": "author", "activity": 1, "h_index": 1, "h5_index": 0, "mag_id": "2230536092", "num_publications": 1, "num_citations": 1, "num_publications_5y": 0, "num_citations_5y": 0, "num_publications_10y": 0, "num_citations_10y": 1, "publications_years": {"2007": 1}, "citations_years": {"2010": 1}, "old_citations": {"2007": 1}, "isVisible": false}, "2235107900": {"name": "renliang zhao", "type": "author", "activity": 4, "h_index": 2, "h5_index": 0, "mag_id": "2235107900", "num_publications": 1, "num_citations": 2, "num_publications_5y": 0, "num_citations_5y": 0, "num_publications_10y": 0, "num_citations_10y": 2, "publications_years": {"2007": 1}, "citations_years": {"2009": 1, "2010": 0, "2011": 0, "2012": 1}, "old_citations": {"2007": 2}, "isVisible": false}, "2236528624": {"name": "j ferreira", "type": "author", "activity": 1, "h_index": 0, "h5_index": 0, "mag_id": "2236528624", "num_publications": 1, "num_citations": 0, "num_publications_5y": 0, "num_citations_5y": 0, "num_publications_10y": 0, "num_citations_10y": 0, "publications_years": {"2007": 1}, "citations_years": {}, "old_citations": {"2007": 0}, "isVisible": false}, "2240270240": {"name": "dan lu", "type": "author", "activity": 1, "h_index": 0, "h5_index": 0, "mag_id": "2240270240", "num_publications": 1, "num_citations": 0, "num_publications_5y": 0, "num_citations_5y": 0, "num_publications_10y": 0, "num_citations_10y": 0, "publications_years": {"2007": 1}, "citations_years": {}, "old_citations": {"2007": 0}, "isVisible": false}, "2253082936": {"name": "abu bakar mohammad", "type": "author", "activity": 17, "h_index": 7, "h5_index": 1, "mag_id": "2253082936", "num_publications": 1, "num_citations": 0, "num_publications_5y": 0, "num_citations_5y": 0, "num_publications_10y": 0, "num_citations_10y": 0, "publications_years": {"2007": 1}, "citations_years": {}, "old_citations": {"2007": 0}, "isVisible": false}, "2304265758": {"name": "ming chen", "type": "author", "activity": 3, "h_index": 1, "h5_index": 0, "mag_id": "2304265758", "num_publications": 1, "num_citations": 0, "num_publications_5y": 0, "num_citations_5y": 0, "num_publications_10y": 0, "num_citations_10y": 0, "publications_years": {"2007": 1}, "citations_years": {}, "old_citations": {"2007": 0}, "isVisible": false}, "2308002634": {"name": "young cheol kim", "type": "author", "activity": 24, "h_index": 1, "h5_index": 0, "mag_id": "2308002634", "num_publications": 1, "num_citations": 0, "num_publications_5y": 0, "num_citations_5y": 0, "num_publications_10y": 0, "num_citations_10y": 0, "publications_years": {"2007": 1}, "citations_years": {}, "old_citations": {"2007": 0}, "isVisible": false}, "2308399835": {"name": "yufeng shao", "type": "author", "activity": 1, "h_index": 0, "h5_index": 0, "mag_id": "2308399835", "num_publications": 1, "num_citations": 0, "num_publications_5y": 0, "num_citations_5y": 0, "num_publications_10y": 0, "num_citations_10y": 0, "publications_years": {"2007": 1}, "citations_years": {}, "old_citations": {"2007": 0}, "isVisible": false}, "2420276252": {"name": "lin chen", "type": "author", "activity": 12, "h_index": 10, "h5_index": 5, "mag_id": "2420276252", "num_publications": 1, "num_citations": 0, "num_publications_5y": 0, "num_citations_5y": 0, "num_publications_10y": 0, "num_citations_10y": 0, "publications_years": {"2007": 1}, "citations_years": {}, "old_citations": {"2007": 0}, "isVisible": false}, "2426426907": {"name": "shaofeng qiu", "type": "author", "activity": 1, "h_index": 1, "h5_index": 0, "mag_id": "2426426907", "num_publications": 1, "num_citations": 1, "num_publications_5y": 0, "num_citations_5y": 0, "num_publications_10y": 0, "num_citations_10y": 1, "publications_years": {"2007": 1}, "citations_years": {"2010": 1}, "old_citations": {"2007": 1}, "isVisible": false}, "2428791486": {"name": "yu fei", "type": "author", "activity": 1, "h_index": 0, "h5_index": 0, "mag_id": "2428791486", "num_publications": 1, "num_citations": 0, "num_publications_5y": 0, "num_citations_5y": 0, "num_publications_10y": 0, "num_citations_10y": 0, "publications_years": {"2007": 1}, "citations_years": {}, "old_citations": {"2007": 0}, "isVisible": false}, "2505036354": {"name": "jin he", "type": "author", "activity": 1, "h_index": 0, "h5_index": 0, "mag_id": "2505036354", "num_publications": 1, "num_citations": 0, "num_publications_5y": 0, "num_citations_5y": 0, "num_publications_10y": 0, "num_citations_10y": 0, "publications_years": {"2007": 1}, "citations_years": {}, "old_citations": {"2007": 0}, "isVisible": false}, "2509729465": {"name": "xu wang", "type": "author", "activity": 17, "h_index": 8, "h5_index": 1, "mag_id": "2509729465", "num_publications": 1, "num_citations": 3, "num_publications_5y": 0, "num_citations_5y": 2, "num_publications_10y": 0, "num_citations_10y": 3, "publications_years": {"2007": 1}, "citations_years": {"2012": 1, "2013": 0, "2014": 2}, "old_citations": {"2007": 3}, "isVisible": false}, "2565642541": {"name": "tidd zhang", "type": "author", "activity": 1, "h_index": 0, "h5_index": 0, "mag_id": "2565642541", "num_publications": 1, "num_citations": 0, "num_publications_5y": 0, "num_citations_5y": 0, "num_publications_10y": 0, "num_citations_10y": 0, "publications_years": {"2007": 1}, "citations_years": {}, "old_citations": {"2007": 0}, "isVisible": false}, "2566600571": {"name": "t kawanishi", "type": "author", "activity": 1, "h_index": 0, "h5_index": 0, "mag_id": "2566600571", "num_publications": 1, "num_citations": 0, "num_publications_5y": 0, "num_citations_5y": 0, "num_publications_10y": 0, "num_citations_10y": 0, "publications_years": {"2007": 1}, "citations_years": {}, "old_citations": {"2007": 0}, "isVisible": false}, "2569392627": {"name": "p pojanasomboon", "type": "author", "activity": 1, "h_index": 0, "h5_index": 0, "mag_id": "2569392627", "num_publications": 1, "num_citations": 0, "num_publications_5y": 0, "num_citations_5y": 0, "num_publications_10y": 0, "num_citations_10y": 0, "publications_years": {"2007": 1}, "citations_years": {}, "old_citations": {"2007": 0}, "isVisible": false}, "2579305044": {"name": "hongdu liu", "type": "author", "activity": 1, "h_index": 0, "h5_index": 0, "mag_id": "2579305044", "num_publications": 1, "num_citations": 0, "num_publications_5y": 0, "num_citations_5y": 0, "num_publications_10y": 0, "num_citations_10y": 0, "publications_years": {"2007": 1}, "citations_years": {}, "old_citations": {"2007": 0}, "isVisible": false}, "2617562626": {"name": "xuejuan xie", "type": "author", "activity": 1, "h_index": 1, "h5_index": 0, "mag_id": "2617562626", "num_publications": 1, "num_citations": 7, "num_publications_5y": 0, "num_citations_5y": 0, "num_publications_10y": 0, "num_citations_10y": 7, "publications_years": {"2007": 1}, "citations_years": {"2009": 1, "2010": 3, "2011": 0, "2012": 3}, "old_citations": {"2007": 7}, "isVisible": false}, "2620735118": {"name": "feng zhang", "type": "author", "activity": 1, "h_index": 0, "h5_index": 0, "mag_id": "2620735118", "num_publications": 1, "num_citations": 0, "num_publications_5y": 0, "num_citations_5y": 0, "num_publications_10y": 0, "num_citations_10y": 0, "publications_years": {"2007": 1}, "citations_years": {}, "old_citations": {"2007": 0}, "isVisible": false}, "2635657112": {"name": "b leung", "type": "author", "activity": 1, "h_index": 0, "h5_index": 0, "mag_id": "2635657112", "num_publications": 1, "num_citations": 0, "num_publications_5y": 0, "num_citations_5y": 0, "num_publications_10y": 0, "num_citations_10y": 0, "publications_years": {"2007": 1}, "citations_years": {}, "old_citations": {"2007": 0}, "isVisible": false}, "2637628633": {"name": "pengcheng li", "type": "author", "activity": 1, "h_index": 0, "h5_index": 0, "mag_id": "2637628633", "num_publications": 1, "num_citations": 0, "num_publications_5y": 0, "num_citations_5y": 0, "num_publications_10y": 0, "num_citations_10y": 0, "publications_years": {"2007": 1}, "citations_years": {}, "old_citations": {"2007": 0}, "isVisible": false}, "2642586624": {"name": "y matsushima", "type": "author", "activity": 1, "h_index": 0, "h5_index": 0, "mag_id": "2642586624", "num_publications": 1, "num_citations": 0, "num_publications_5y": 0, "num_citations_5y": 0, "num_publications_10y": 0, "num_citations_10y": 0, "publications_years": {"2007": 1}, "citations_years": {}, "old_citations": {"2007": 0}, "isVisible": false}, "2645089140": {"name": "c towery", "type": "author", "activity": 1, "h_index": 0, "h5_index": 0, "mag_id": "2645089140", "num_publications": 1, "num_citations": 0, "num_publications_5y": 0, "num_citations_5y": 0, "num_publications_10y": 0, "num_citations_10y": 0, "publications_years": {"2007": 1}, "citations_years": {}, "old_citations": {"2007": 0}, "isVisible": false}, "2647397405": {"name": "hui peng", "type": "author", "activity": 1, "h_index": 1, "h5_index": 0, "mag_id": "2647397405", "num_publications": 1, "num_citations": 1, "num_publications_5y": 0, "num_citations_5y": 0, "num_publications_10y": 0, "num_citations_10y": 1, "publications_years": {"2007": 1}, "citations_years": {"2009": 1}, "old_citations": {"2007": 1}, "isVisible": false}, "2649168934": {"name": "j morris", "type": "author", "activity": 1, "h_index": 1, "h5_index": 0, "mag_id": "2649168934", "num_publications": 1, "num_citations": 1, "num_publications_5y": 0, "num_citations_5y": 0, "num_publications_10y": 0, "num_citations_10y": 1, "publications_years": {"2007": 1}, "citations_years": {"2013": 1}, "old_citations": {"2007": 1}, "isVisible": false}, "2659051836": {"name": "jun wang", "type": "author", "activity": 2, "h_index": 1, "h5_index": 0, "mag_id": "2659051836", "num_publications": 1, "num_citations": 7, "num_publications_5y": 0, "num_citations_5y": 0, "num_publications_10y": 0, "num_citations_10y": 7, "publications_years": {"2007": 1}, "citations_years": {"2009": 1, "2010": 3, "2011": 0, "2012": 3}, "old_citations": {"2007": 7}, "isVisible": false}, "2663578404": {"name": "jun huang", "type": "author", "activity": 1, "h_index": 1, "h5_index": 0, "mag_id": "2663578404", "num_publications": 1, "num_citations": 1, "num_publications_5y": 0, "num_citations_5y": 0, "num_publications_10y": 0, "num_citations_10y": 1, "publications_years": {"2007": 1}, "citations_years": {"2010": 1}, "old_citations": {"2007": 1}, "isVisible": false}, "2673922031": {"name": "xin wang", "type": "author", "activity": 1, "h_index": 0, "h5_index": 0, "mag_id": "2673922031", "num_publications": 1, "num_citations": 0, "num_publications_5y": 0, "num_citations_5y": 0, "num_publications_10y": 0, "num_citations_10y": 0, "publications_years": {"2007": 1}, "citations_years": {}, "old_citations": {"2007": 0}, "isVisible": false}, "2680574064": {"name": "zhizhong zhang", "type": "author", "activity": 1, "h_index": 1, "h5_index": 0, "mag_id": "2680574064", "num_publications": 1, "num_citations": 1, "num_publications_5y": 0, "num_citations_5y": 0, "num_publications_10y": 0, "num_citations_10y": 1, "publications_years": {"2007": 1}, "citations_years": {"2010": 1}, "old_citations": {"2007": 1}, "isVisible": false}, "2682812486": {"name": "n kitamura", "type": "author", "activity": 1, "h_index": 0, "h5_index": 0, "mag_id": "2682812486", "num_publications": 1, "num_citations": 0, "num_publications_5y": 0, "num_citations_5y": 0, "num_publications_10y": 0, "num_citations_10y": 0, "publications_years": {"2007": 1}, "citations_years": {}, "old_citations": {"2007": 0}, "isVisible": false}, "2685226090": {"name": "elhang lee", "type": "author", "activity": 1, "h_index": 0, "h5_index": 0, "mag_id": "2685226090", "num_publications": 1, "num_citations": 0, "num_publications_5y": 0, "num_citations_5y": 0, "num_publications_10y": 0, "num_citations_10y": 0, "publications_years": {"2007": 1}, "citations_years": {}, "old_citations": {"2007": 0}, "isVisible": false}, "2694499187": {"name": "h damsgaard", "type": "author", "activity": 1, "h_index": 0, "h5_index": 0, "mag_id": "2694499187", "num_publications": 1, "num_citations": 0, "num_publications_5y": 0, "num_citations_5y": 0, "num_publications_10y": 0, "num_citations_10y": 0, "publications_years": {"2007": 1}, "citations_years": {}, "old_citations": {"2007": 0}, "isVisible": false}, "2694563590": {"name": "g rostami", "type": "author", "activity": 1, "h_index": 0, "h5_index": 0, "mag_id": "2694563590", "num_publications": 1, "num_citations": 0, "num_publications_5y": 0, "num_citations_5y": 0, "num_publications_10y": 0, "num_citations_10y": 0, "publications_years": {"2007": 1}, "citations_years": {}, "old_citations": {"2007": 0}, "isVisible": false}, "2695292327": {"name": "weilei wu", "type": "author", "activity": 1, "h_index": 1, "h5_index": 0, "mag_id": "2695292327", "num_publications": 1, "num_citations": 1, "num_publications_5y": 0, "num_citations_5y": 0, "num_publications_10y": 0, "num_citations_10y": 1, "publications_years": {"2007": 1}, "citations_years": {"2009": 1}, "old_citations": {"2007": 1}, "isVisible": false}, "2701608019": {"name": "qingming luo", "type": "author", "activity": 1, "h_index": 0, "h5_index": 0, "mag_id": "2701608019", "num_publications": 1, "num_citations": 0, "num_publications_5y": 0, "num_citations_5y": 0, "num_publications_10y": 0, "num_citations_10y": 0, "publications_years": {"2007": 1}, "citations_years": {}, "old_citations": {"2007": 0}, "isVisible": false}, "2710268116": {"name": "hao shen", "type": "author", "activity": 1, "h_index": 0, "h5_index": 0, "mag_id": "2710268116", "num_publications": 1, "num_citations": 0, "num_publications_5y": 0, "num_citations_5y": 0, "num_publications_10y": 0, "num_citations_10y": 0, "publications_years": {"2007": 1}, "citations_years": {}, "old_citations": {"2007": 0}, "isVisible": false}, "2711947610": {"name": "young ho jang", "type": "author", "activity": 2, "h_index": 0, "h5_index": 0, "mag_id": "2711947610", "num_publications": 1, "num_citations": 0, "num_publications_5y": 0, "num_citations_5y": 0, "num_publications_10y": 0, "num_citations_10y": 0, "publications_years": {"2007": 1}, "citations_years": {}, "old_citations": {"2007": 0}, "isVisible": false}, "2714608206": {"name": "k main", "type": "author", "activity": 1, "h_index": 1, "h5_index": 0, "mag_id": "2714608206", "num_publications": 1, "num_citations": 1, "num_publications_5y": 0, "num_citations_5y": 0, "num_publications_10y": 0, "num_citations_10y": 1, "publications_years": {"2007": 1}, "citations_years": {"2013": 1}, "old_citations": {"2007": 1}, "isVisible": false}, "2717674444": {"name": "s h ibrahim", "type": "author", "activity": 1, "h_index": 0, "h5_index": 0, "mag_id": "2717674444", "num_publications": 1, "num_citations": 0, "num_publications_5y": 0, "num_citations_5y": 0, "num_publications_10y": 0, "num_citations_10y": 0, "publications_years": {"2007": 1}, "citations_years": {}, "old_citations": {"2007": 0}, "isVisible": false}, "2756153714": {"name": "yuquan li", "type": "author", "activity": 1, "h_index": 1, "h5_index": 0, "mag_id": "2756153714", "num_publications": 1, "num_citations": 1, "num_publications_5y": 0, "num_citations_5y": 0, "num_publications_10y": 0, "num_citations_10y": 1, "publications_years": {"2007": 1}, "citations_years": {"2009": 1}, "old_citations": {"2007": 1}, "isVisible": false}, "2935894050": {"name": "k okamoto", "type": "author", "activity": 1, "h_index": 0, "h5_index": 0, "mag_id": "2935894050", "num_publications": 1, "num_citations": 0, "num_publications_5y": 0, "num_citations_5y": 0, "num_publications_10y": 0, "num_citations_10y": 0, "publications_years": {"2007": 1}, "citations_years": {}, "old_citations": {"2007": 0}, "isVisible": false}, "2941939313": {"name": "v i tolstikhin", "type": "author", "activity": 1, "h_index": 1, "h5_index": 0, "mag_id": "2941939313", "num_publications": 1, "num_citations": 3, "num_publications_5y": 0, "num_citations_5y": 0, "num_publications_10y": 0, "num_citations_10y": 3, "publications_years": {"2007": 1}, "citations_years": {"2009": 2, "2010": 1}, "old_citations": {"2007": 3}, "isVisible": false}, "2945182808": {"name": "rong wang", "type": "author", "activity": 1, "h_index": 1, "h5_index": 0, "mag_id": "2945182808", "num_publications": 1, "num_citations": 4, "num_publications_5y": 0, "num_citations_5y": 0, "num_publications_10y": 0, "num_citations_10y": 4, "publications_years": {"2007": 1}, "citations_years": {"2010": 2, "2011": 1, "2012": 1}, "old_citations": {"2007": 4}, "isVisible": false}, "2945714964": {"name": "lin lu", "type": "author", "activity": 1, "h_index": 1, "h5_index": 0, "mag_id": "2945714964", "num_publications": 1, "num_citations": 1, "num_publications_5y": 0, "num_citations_5y": 0, "num_publications_10y": 0, "num_citations_10y": 1, "publications_years": {"2007": 1}, "citations_years": {"2009": 1}, "old_citations": {"2007": 1}, "isVisible": false}, "2946011193": {"name": "tao pu", "type": "author", "activity": 1, "h_index": 1, "h5_index": 0, "mag_id": "2946011193", "num_publications": 1, "num_citations": 4, "num_publications_5y": 0, "num_citations_5y": 0, "num_publications_10y": 0, "num_citations_10y": 4, "publications_years": {"2007": 1}, "citations_years": {"2010": 2, "2011": 1, "2012": 1}, "old_citations": {"2007": 4}, "isVisible": false}, "2973394782": {"name": "hongtao han", "type": "author", "activity": 3, "h_index": 1, "h5_index": 0, "mag_id": "2973394782", "num_publications": 1, "num_citations": 1, "num_publications_5y": 0, "num_citations_5y": 0, "num_publications_10y": 0, "num_citations_10y": 1, "publications_years": {"2007": 1}, "citations_years": {"2013": 1}, "old_citations": {"2007": 1}, "isVisible": false}, "2974056070": {"name": "o ersoy", "type": "author", "activity": 1, "h_index": 0, "h5_index": 0, "mag_id": "2974056070", "num_publications": 1, "num_citations": 0, "num_publications_5y": 0, "num_citations_5y": 0, "num_publications_10y": 0, "num_citations_10y": 0, "publications_years": {"2007": 1}, "citations_years": {}, "old_citations": {"2007": 0}, "isVisible": false}, "2974282509": {"name": "t miyazaki", "type": "author", "activity": 1, "h_index": 1, "h5_index": 0, "mag_id": "2974282509", "num_publications": 1, "num_citations": 1, "num_publications_5y": 0, "num_citations_5y": 0, "num_publications_10y": 0, "num_citations_10y": 1, "publications_years": {"2007": 1}, "citations_years": {"2013": 1}, "old_citations": {"2007": 1}, "isVisible": false}, "2974308987": {"name": "hiromichi shinohara", "type": "author", "activity": 1, "h_index": 1, "h5_index": 0, "mag_id": "2974308987", "num_publications": 1, "num_citations": 3, "num_publications_5y": 0, "num_citations_5y": 0, "num_publications_10y": 0, "num_citations_10y": 3, "publications_years": {"2007": 1}, "citations_years": {"2010": 1, "2011": 2}, "old_citations": {"2007": 3}, "isVisible": false}, "2974882232": {"name": "s mino", "type": "author", "activity": 1, "h_index": 1, "h5_index": 0, "mag_id": "2974882232", "num_publications": 1, "num_citations": 1, "num_publications_5y": 0, "num_citations_5y": 0, "num_publications_10y": 0, "num_citations_10y": 1, "publications_years": {"2007": 1}, "citations_years": {"2009": 1}, "old_citations": {"2007": 1}, "isVisible": false}}, "countries": {"China": {"name": "China", "type": "country", "h5_index": 214, "num_publications": 11, "num_citations": 11, "num_publications_5y": 0, "num_citations_5y": 0, "num_publications_10y": 0, "num_citations_10y": 10, "publications_years": {"2007": 11}, "citations_years": {"2010": 4, "2008": 1, "2009": 2, "2011": 0, "2012": 4}, "old_citations": {"2007": 11}, "isVisible": false}, "South Korea": {"name": "South Korea", "type": "country", "h5_index": 100, "num_publications": 3, "num_citations": 0, "num_publications_5y": 0, "num_citations_5y": 0, "num_publications_10y": 0, "num_citations_10y": 0, "publications_years": {"2007": 3}, "citations_years": {}, "old_citations": {"2007": 0}, "isVisible": false}, "Japan": {"name": "Japan", "type": "country", "h5_index": 94, "num_publications": 2, "num_citations": 3, "num_publications_5y": 0, "num_citations_5y": 2, "num_publications_10y": 0, "num_citations_10y": 3, "publications_years": {"2007": 2}, "citations_years": {"2012": 1, "2013": 0, "2014": 2}, "old_citations": {"2007": 3}, "isVisible": false}, "United States": {"name": "United States", "type": "country", "h5_index": 308, "num_publications": 2, "num_citations": 0, "num_publications_5y": 0, "num_citations_5y": 0, "num_publications_10y": 0, "num_citations_10y": 0, "publications_years": {"2007": 2}, "citations_years": {}, "old_citations": {"2007": 0}, "isVisible": false}, "Iran": {"name": "Iran", "type": "country", "h5_index": 63, "num_publications": 1, "num_citations": 0, "num_publications_5y": 0, "num_citations_5y": 0, "num_publications_10y": 0, "num_citations_10y": 0, "publications_years": {"2007": 1}, "citations_years": {}, "old_citations": {"2007": 0}, "isVisible": false}, "Thailand": {"name": "Thailand", "type": "country", "h5_index": 24, "num_publications": 1, "num_citations": 0, "num_publications_5y": 0, "num_citations_5y": 0, "num_publications_10y": 0, "num_citations_10y": 0, "publications_years": {"2007": 1}, "citations_years": {}, "old_citations": {"2007": 0}, "isVisible": false}}, "industrial_sectors": {"electronics": {"name": "electronics", "type": "industrial sector", "h5_index": 134, "num_publications": 1, "num_citations": 0, "num_publications_5y": 0, "num_citations_5y": 0, "num_publications_10y": 0, "num_citations_10y": 0, "publications_years": {"2007": 1}, "citations_years": {}, "old_citations": {"2007": 0}, "isVisible": false}, "information_technology": {"name": "information_technology", "type": "industrial sector", "h5_index": 74, "num_publications": 1, "num_citations": 0, "num_publications_5y": 0, "num_citations_5y": 0, "num_publications_10y": 0, "num_citations_10y": 0, "publications_years": {"2007": 1}, "citations_years": {}, "old_citations": {"2007": 0}, "isVisible": false}, "technology": {"name": "technology", "type": "industrial sector", "h5_index": 229, "num_publications": 1, "num_citations": 0, "num_publications_5y": 0, "num_citations_5y": 0, "num_publications_10y": 0, "num_citations_10y": 0, "publications_years": {"2007": 1}, "citations_years": {}, "old_citations": {"2007": 0}, "isVisible": false}}}, "conference_comparison": {"computer science": {}}, "topics_dna": {"publications": {}, "citations": {"normalized": {}, "average": {}}}, "info": {"num_publications": 35, "num_citations": 32.0, "impact_factor": {}, "publications_years": {"2007": 35}, "citations_years": {"2008": 1, "2009": 8, "2010": 8, "2011": 4, "2012": 6, "2013": 2, "2014": 2, "2015": 0, "2016": 1}, "old_citations": {"2007": 32}, "h5_index": 0}, "percentile": {"computer science": {"2007": 62}}, "conference_ranking": {"computer science": {"2007": 1601}}, "academia": {"num_publications": 17, "num_citations": 12, "publications_years": {"2007": 17}, "old_citations": {"2007": 12}, "num_publications_5y": 0, "num_citations_5y": 0, "num_publications_10y": 0, "num_citations_10y": 0}, "industry": {"num_publications": 1, "num_citations": 0, "publications_years": {"2007": 1}, "old_citations": {"2007": 0}, "num_publications_5y": 0, "num_citations_5y": 0, "num_publications_10y": 0, "num_citations_10y": 0}, "collaborative": {"num_publications": 0, "num_citations": 0, "publications_years": {}, "old_citations": {}, "num_publications_5y": 0, "num_citations_5y": 0, "num_publications_10y": 0, "num_citations_10y": 0}, "conferences": {}, "journals": {}, "organizations": {"publication_overall": ["Shanghai Jiao Tong University", "Kyungpook National University", "Assumption University", "Beijing Institute of Technology", "Beijing Jiaotong University", "Chongqing University", "Harbin Institute of Technology", "Huazhong University of Science and Technology", "Hunan University", "Inha University", "NEC (Japan)", "Osaka University", "Purdue University West Lafayette", "Sichuan University", "University of California, Davis", "University of Tehran", "Zhejiang University"], "citation_overall": ["Shanghai Jiao Tong University", "Osaka University", "Sichuan University", "Chongqing University", "Assumption University", "Beijing Institute of Technology", "Beijing Jiaotong University", "Harbin Institute of Technology", "Huazhong University of Science and Technology", "Hunan University", "Inha University", "Kyungpook National University", "NEC (Japan)", "Purdue University West Lafayette", "University of California, Davis", "University of Tehran", "Zhejiang University"], "publication_10_years": [], "citation_10_years": [], "publication_5_years": [], "citation_5_years": []}, "countries": {"publication_overall": ["China", "South Korea", "Japan", "United States", "Iran", "Thailand"], "citation_overall": ["China", "Japan", "Iran", "South Korea", "Thailand", "United States"], "publication_10_years": [], "citation_10_years": [], "publication_5_years": [], "citation_5_years": []}, "topics": {"publication_overall": ["computer science", "computer systems", "computer hardware", "computer networks", "telecommunication systems", "communication systems", "sensors", "wireless telecommunication systems", "telecommunication networks", "optical fibers", "telecommunication traffic", "fiber optic networks", "communication channels (information theory)", "engineering", "optical materials", "bandwidth", "wavelength division multiplexing", "signal processing", "data communication systems", "computer imaging and vision"], "citation_overall": ["computer science", "computer networks", "computer systems", "telecommunication systems", "communication systems", "wireless telecommunication systems", "telecommunication networks", "telecommunication traffic", "fiber optic networks", "computer hardware", "engineering", "optical fibers", "sensors", "bandwidth", "optical materials", "wavelength division multiplexing", "data communication systems", "communication channels (information theory)", "signal processing", "optical networks"], "publication_10_years": [], "citation_10_years": [], "publication_5_years": [], "citation_5_years": []}, "main_topics": ["computer science"], "authors": {"publication_overall": ["2102136657", "2156048252", "2631523310", "2893273183", "2894277038", "396701134", "1556916762", "1947390835", "2023530678", "2036724318", "2082703533", "2099239580", "2099769080", "2101452095", "2103417639", "2104868818", "2111260653", "2115063176", "2115298915", "2116580849", "2118518819", "2131220539", "2140706611", "2143887592", "2145975050", "2155565851", "2157553174", "2158614193", "2160003181", "2161601666", "2163733277", "2208898203", "2221270709", "2222394582", "2225140232", "2225528379", "2228302375", "2230536092", "2235107900", "2236528624", "2240270240", "2253082936", "2304265758", "2308002634", "2308399835", "2420276252", "2426426907", "2428791486", "2505036354", "2509729465", "2565642541", "2566600571", "2569392627", "2579305044", "2617562626", "2620735118", "2635657112", "2637628633", "2642586624", "2645089140", "2647397405", "2649168934", "2659051836", "2663578404", "2673922031", "2680574064", "2682812486", "2685226090", "2694499187", "2694563590", "2695292327", "2701608019", "2710268116", "2711947610", "2714608206", "2717674444", "2756153714", "2935894050", "2941939313", "2945182808", "2945714964", "2946011193", "2973394782", "2974056070", "2974282509", "2974308987", "2974882232"], "citation_overall": ["2145975050", "2163733277", "2617562626", "2659051836", "2099239580", "2945182808", "2946011193", "2023530678", "2082703533", "2103417639", "2115298915", "2509729465", "2941939313", "2974308987", "2104868818", "2115063176", "2140706611", "2143887592", "2157553174", "2221270709", "2222394582", "2235107900", "1556916762", "2099769080", "2101452095", "2156048252", "2158614193", "2208898203", "2230536092", "2426426907", "2647397405", "2649168934", "2663578404", "2680574064", "2695292327", "2714608206", "2756153714", "2945714964", "2973394782", "2974282509", "2974882232", "396701134", "1947390835", "2036724318", "2102136657", "2111260653", "2116580849", "2118518819", "2131220539", "2155565851", "2160003181", "2161601666", "2225140232", "2225528379", "2228302375", "2236528624", "2240270240", "2253082936", "2304265758", "2308002634", "2308399835", "2420276252", "2428791486", "2505036354", "2565642541", "2566600571", "2569392627", "2579305044", "2620735118", "2631523310", "2635657112", "2637628633", "2642586624", "2645089140", "2673922031", "2682812486", "2685226090", "2694499187", "2694563590", "2701608019", "2710268116", "2711947610", "2717674444", "2893273183", "2894277038", "2935894050", "2974056070"], "publication_10_years": [], "citation_10_years": [], "publication_5_years": [], "citation_5_years": []}, "industrial_sectors": {"publication_overall": ["electronics", "information_technology", "technology"], "citation_overall": ["electronics", "information_technology", "technology"], "publication_10_years": [], "citation_10_years": [], "publication_5_years": [], "citation_5_years": []}}