{"name": "International Symposium Organized Jointly with Working Group Provably Correct Systems on Formal Techniques in Real-Time and Fault-Tolerant Systems", "acronym": "ProCoS", "type": "conference", "uniqueEntities": {"organizations": {"Cornell University": {"name": "Cornell University", "type": "organization", "organization_type": "Education", "h_index": 294, "h5_index": 73, "num_publications": 3, "num_citations": 34, "num_publications_5y": 0, "num_citations_5y": 1, "num_publications_10y": 0, "num_citations_10y": 4, "publications_years": {"1994": 3}, "citations_years": {"1994": 3, "1995": 3, "1996": 2, "1997": 3, "1998": 1, "1999": 2, "2000": 2, "2001": 5, "2002": 1, "2003": 1, "2004": 4, "2005": 0, "2006": 1, "2007": 1, "2008": 0, "2009": 1, "2010": 1, "2011": 0, "2012": 1, "2013": 0, "2014": 1, "2015": 0, "2016": 0, "2017": 0, "2018": 0, "2019": 0, "2020": 1}, "old_citations": {"1994": 34}, "isVisible": false}, "Eindhoven University of Technology": {"name": "Eindhoven University of Technology", "type": "organization", "organization_type": "Education", "h_index": 159, "h5_index": 40, "num_publications": 2, "num_citations": 37, "num_publications_5y": 0, "num_citations_5y": 1, "num_publications_10y": 0, "num_citations_10y": 2, "publications_years": {"1994": 2}, "citations_years": {"1997": 7, "1998": 0, "1999": 2, "2000": 1, "2001": 5, "2002": 4, "2003": 1, "2004": 1, "2005": 1, "2006": 0, "2007": 0, "2008": 1, "2009": 0, "2010": 0, "2011": 0, "2012": 0, "2013": 1, "2014": 1, "1995": 7, "1996": 5}, "old_citations": {"1994": 37}, "isVisible": false}, "Kiel University": {"name": "Kiel University", "type": "organization", "organization_type": "Education", "h_index": 70, "h5_index": 18, "num_publications": 2, "num_citations": 86, "num_publications_5y": 0, "num_citations_5y": 5, "num_publications_10y": 0, "num_citations_10y": 11, "publications_years": {"1994": 2}, "citations_years": {"1997": 10, "1998": 3, "1999": 11, "2000": 3, "2001": 6, "2002": 6, "2003": 2, "2004": 3, "2005": 1, "2006": 1, "2007": 3, "2008": 0, "2009": 1, "2010": 1, "2011": 0, "2012": 0, "2013": 4, "2014": 1, "1993": 3, "1994": 2, "1995": 10, "1996": 11, "2015": 2, "2016": 0, "2017": 1, "2018": 1}, "old_citations": {"1994": 86}, "isVisible": false}, "Stanford University": {"name": "Stanford University", "type": "organization", "organization_type": "Education", "h_index": 472, "h5_index": 120, "num_publications": 2, "num_citations": 23, "num_publications_5y": 0, "num_citations_5y": 1, "num_publications_10y": 0, "num_citations_10y": 2, "publications_years": {"1994": 2}, "citations_years": {"1995": 4, "1996": 1, "1997": 5, "1998": 0, "1999": 2, "2000": 2, "1994": 2, "2001": 3, "2002": 0, "2003": 1, "2004": 0, "2005": 0, "2006": 0, "2007": 0, "2008": 0, "2009": 0, "2010": 0, "2011": 0, "2012": 1, "2013": 0, "2014": 1, "2015": 0, "2016": 0, "2017": 0, "2018": 0, "2019": 0, "2020": 1}, "old_citations": {"1994": 23}, "isVisible": false}, "Technical University of Denmark": {"name": "Technical University of Denmark", "type": "organization", "organization_type": "Education", "h_index": 106, "h5_index": 36, "num_publications": 2, "num_citations": 145, "num_publications_5y": 0, "num_citations_5y": 5, "num_publications_10y": 0, "num_citations_10y": 14, "publications_years": {"1994": 2}, "citations_years": {"1994": 6, "1995": 18, "1996": 15, "1997": 19, "1998": 8, "1999": 16, "2000": 4, "2001": 8, "2002": 12, "2003": 4, "2004": 3, "2005": 3, "2006": 3, "2007": 7, "2008": 2, "2009": 1, "2010": 2, "2011": 0, "2012": 1, "2013": 5, "2014": 0, "2015": 2, "2016": 0, "2017": 2, "1993": 3, "2018": 1}, "old_citations": {"1994": 145}, "isVisible": false}, "United Nations University Institute on Globalization, Culture and Mobility": {"name": "United Nations University Institute on Globalization, Culture and Mobility", "type": "organization", "organization_type": "Education", "h_index": 26, "h5_index": 5, "num_publications": 2, "num_citations": 63, "num_publications_5y": 0, "num_citations_5y": 3, "num_publications_10y": 0, "num_citations_10y": 7, "publications_years": {"1994": 2}, "citations_years": {"1994": 1, "1995": 9, "1996": 4, "1997": 6, "1998": 4, "1999": 7, "2000": 4, "2001": 2, "2002": 1, "2003": 3, "2004": 3, "2005": 2, "2006": 1, "2007": 5, "2008": 2, "2009": 1, "2010": 1, "2011": 0, "2012": 0, "2013": 2, "2014": 1, "2015": 1, "2016": 1, "2017": 0, "2018": 0, "2019": 2}, "old_citations": {"1994": 63}, "isVisible": false}, "University of Oxford": {"name": "University of Oxford", "type": "organization", "organization_type": "Education", "h_index": 245, "h5_index": 88, "num_publications": 2, "num_citations": 86, "num_publications_5y": 0, "num_citations_5y": 4, "num_publications_10y": 0, "num_citations_10y": 9, "publications_years": {"1994": 2}, "citations_years": {"1993": 3, "1994": 2, "1995": 10, "1996": 11, "1997": 10, "1998": 4, "1999": 14, "2000": 3, "2001": 5, "2002": 6, "2003": 2, "2004": 2, "2005": 1, "2006": 1, "2007": 3, "2008": 0, "2009": 1, "2010": 1, "2011": 0, "2012": 0, "2013": 3, "2014": 0, "2015": 2, "2016": 0, "2017": 1, "2018": 1}, "old_citations": {"1994": 86}, "isVisible": false}, "University of Warwick": {"name": "University of Warwick", "type": "organization", "organization_type": "Education", "h_index": 110, "h5_index": 40, "num_publications": 2, "num_citations": 13, "num_publications_5y": 0, "num_citations_5y": 0, "num_publications_10y": 0, "num_citations_10y": 1, "publications_years": {"1994": 2}, "citations_years": {"1995": 2, "1996": 1, "1997": 0, "1998": 1, "1999": 2, "2000": 1, "2001": 1, "2002": 1, "2003": 0, "2004": 2, "2005": 0, "2006": 0, "2007": 0, "2008": 0, "2009": 1, "2010": 0, "2011": 0, "2012": 0, "2013": 0, "2014": 0, "2015": 0, "2016": 0, "2017": 0, "2018": 0, "2019": 1}, "old_citations": {"1994": 13}, "isVisible": false}, "Uppsala University": {"name": "Uppsala University", "type": "organization", "organization_type": "Education", "h_index": 111, "h5_index": 30, "num_publications": 2, "num_citations": 58, "num_publications_5y": 0, "num_citations_5y": 12, "num_publications_10y": 0, "num_citations_10y": 25, "publications_years": {"1994": 2}, "citations_years": {"1995": 4, "1996": 2, "1997": 3, "1998": 1, "1999": 3, "2000": 5, "2001": 2, "2002": 2, "2003": 0, "2004": 2, "2005": 0, "2006": 1, "2007": 3, "2008": 2, "2009": 2, "2010": 1, "2011": 6, "2012": 3, "2013": 1, "2014": 5, "2015": 2, "2016": 3, "2017": 0, "2018": 2, "2019": 3}, "old_citations": {"1994": 58}, "isVisible": false}, "Weizmann Institute of Science": {"name": "Weizmann Institute of Science", "type": "organization", "organization_type": "Education", "h_index": 161, "h5_index": 31, "num_publications": 2, "num_citations": 34, "num_publications_5y": 0, "num_citations_5y": 2, "num_publications_10y": 0, "num_citations_10y": 7, "publications_years": {"1994": 2}, "citations_years": {"1994": 2, "1995": 5, "1996": 5, "1997": 3, "1998": 0, "1999": 2, "2000": 1, "2001": 3, "2002": 1, "2003": 1, "2004": 0, "2005": 0, "2006": 2, "2007": 1, "2008": 0, "2009": 2, "2010": 2, "2011": 0, "2012": 1, "2013": 0, "2014": 2, "2015": 0, "2016": 0, "2017": 0, "2018": 0, "2019": 0, "2020": 1}, "old_citations": {"1994": 34}, "isVisible": false}, "Conservatoire National des Arts et M\u00e9tiers": {"name": "Conservatoire National des Arts et M\u00e9tiers", "type": "organization", "organization_type": "Healthcare", "h_index": 46, "h5_index": 14, "num_publications": 1, "num_citations": 0, "num_publications_5y": 0, "num_citations_5y": 0, "num_publications_10y": 0, "num_citations_10y": 0, "publications_years": {"1994": 1}, "citations_years": {}, "old_citations": {"1994": 0}, "isVisible": false}, "French Institute for Research in Computer Science and Automation": {"name": "French Institute for Research in Computer Science and Automation", "type": "organization", "organization_type": "Government", "h_index": 247, "h5_index": 53, "num_publications": 1, "num_citations": 3, "num_publications_5y": 0, "num_citations_5y": 0, "num_publications_10y": 0, "num_citations_10y": 0, "publications_years": {"1994": 1}, "citations_years": {"1995": 1, "1996": 1, "1997": 0, "1998": 0, "1999": 0, "2000": 0, "2001": 1}, "old_citations": {"1994": 3}, "isVisible": false}, "Indian Space Research Organisation": {"name": "Indian Space Research Organisation", "type": "organization", "organization_type": "Government", "h_index": 16, "h5_index": 8, "num_publications": 1, "num_citations": 1, "num_publications_5y": 0, "num_citations_5y": 1, "num_publications_10y": 0, "num_citations_10y": 1, "publications_years": {"1994": 1}, "citations_years": {"2016": 1}, "old_citations": {"1994": 1}, "isVisible": false}, "Link\u00f6ping University": {"name": "Link\u00f6ping University", "type": "organization", "organization_type": "Education", "h_index": 116, "h5_index": 38, "num_publications": 1, "num_citations": 9, "num_publications_5y": 0, "num_citations_5y": 1, "num_publications_10y": 0, "num_citations_10y": 1, "publications_years": {"1994": 1}, "citations_years": {"1995": 4, "1996": 1, "1997": 0, "1998": 0, "1999": 2, "2000": 0, "2001": 0, "2002": 0, "2003": 0, "2004": 1, "2005": 0, "2006": 0, "2007": 0, "2008": 0, "2009": 0, "2010": 0, "2011": 0, "2012": 0, "2013": 0, "2014": 0, "2015": 0, "2016": 0, "2017": 1}, "old_citations": {"1994": 9}, "isVisible": false}, "Northumbria University": {"name": "Northumbria University", "type": "organization", "organization_type": "Education", "h_index": 55, "h5_index": 33, "num_publications": 1, "num_citations": 8, "num_publications_5y": 0, "num_citations_5y": 0, "num_publications_10y": 0, "num_citations_10y": 2, "publications_years": {"1994": 1}, "citations_years": {"1994": 1, "1995": 1, "1996": 0, "1997": 0, "1998": 2, "1999": 0, "2000": 0, "2001": 1, "2002": 0, "2003": 0, "2004": 0, "2005": 0, "2006": 0, "2007": 1, "2008": 0, "2009": 0, "2010": 1, "2011": 0, "2012": 0, "2013": 1}, "old_citations": {"1994": 8}, "isVisible": false}, "Queensland University of Technology": {"name": "Queensland University of Technology", "type": "organization", "organization_type": "Education", "h_index": 125, "h5_index": 30, "num_publications": 1, "num_citations": 37, "num_publications_5y": 0, "num_citations_5y": 7, "num_publications_10y": 0, "num_citations_10y": 16, "publications_years": {"1994": 1}, "citations_years": {"1995": 3, "1996": 1, "1997": 1, "1998": 0, "1999": 2, "2000": 2, "2001": 1, "2002": 1, "2003": 0, "2004": 2, "2005": 0, "2006": 0, "2007": 3, "2008": 2, "2009": 2, "2010": 0, "2011": 5, "2012": 1, "2013": 1, "2014": 3, "2015": 2, "2016": 0, "2017": 0, "2018": 2, "2019": 3}, "old_citations": {"1994": 37}, "isVisible": false}, "RWTH Aachen University": {"name": "RWTH Aachen University", "type": "organization", "organization_type": "Education", "h_index": 144, "h5_index": 43, "num_publications": 1, "num_citations": 320, "num_publications_5y": 0, "num_citations_5y": 22, "num_publications_10y": 0, "num_citations_10y": 99, "publications_years": {"1994": 1}, "citations_years": {"1994": 1, "1995": 1, "1996": 14, "1997": 20, "1998": 12, "1999": 12, "2000": 25, "2001": 19, "2002": 19, "2003": 21, "2004": 7, "2005": 18, "2006": 21, "2007": 13, "2008": 15, "2009": 16, "2010": 24, "2011": 13, "2012": 14, "2013": 10, "2014": 6, "2015": 2, "2016": 6, "2017": 5, "2018": 3, "2019": 3}, "old_citations": {"1994": 320}, "isVisible": false}, "SRI International": {"name": "SRI International", "type": "organization", "organization_type": "Nonprofit", "h_index": 142, "h5_index": 22, "num_publications": 1, "num_citations": 64, "num_publications_5y": 0, "num_citations_5y": 1, "num_publications_10y": 0, "num_citations_10y": 5, "publications_years": {"1994": 1}, "citations_years": {"1994": 4, "1995": 8, "1996": 4, "1997": 10, "1998": 5, "1999": 5, "2000": 1, "2001": 3, "2002": 6, "2003": 2, "2004": 1, "2005": 2, "2006": 2, "2007": 4, "2008": 2, "2009": 0, "2010": 1, "2011": 0, "2012": 1, "2013": 2, "2014": 0, "2015": 0, "2016": 0, "2017": 1}, "old_citations": {"1994": 64}, "isVisible": false}, "Tata Institute of Fundamental Research": {"name": "Tata Institute of Fundamental Research", "type": "organization", "organization_type": "Education", "h_index": 33, "h5_index": 10, "num_publications": 1, "num_citations": 1, "num_publications_5y": 0, "num_citations_5y": 0, "num_publications_10y": 0, "num_citations_10y": 0, "publications_years": {"1994": 1}, "citations_years": {"1995": 1}, "old_citations": {"1994": 1}, "isVisible": false}, "Tel Aviv University": {"name": "Tel Aviv University", "type": "organization", "organization_type": "Education", "h_index": 157, "h5_index": 44, "num_publications": 1, "num_citations": 1, "num_publications_5y": 0, "num_citations_5y": 0, "num_publications_10y": 0, "num_citations_10y": 0, "publications_years": {"1994": 1}, "citations_years": {"1999": 1}, "old_citations": {"1994": 1}, "isVisible": false}, "The Ohio State University": {"name": "The Ohio State University", "type": "organization", "organization_type": "Education", "h_index": 172, "h5_index": 46, "num_publications": 1, "num_citations": 20, "num_publications_5y": 0, "num_citations_5y": 7, "num_publications_10y": 0, "num_citations_10y": 13, "publications_years": {"1994": 1}, "citations_years": {"1995": 2, "1996": 0, "1997": 0, "1998": 1, "1999": 1, "2000": 0, "2001": 0, "2002": 0, "2003": 3, "2004": 0, "2005": 0, "2006": 0, "2007": 0, "2008": 0, "2009": 2, "2010": 2, "2011": 2, "2012": 0, "2013": 0, "2014": 0, "2015": 4, "2016": 1, "2017": 2}, "old_citations": {"1994": 20}, "isVisible": false}, "Tokyo Institute of Technology": {"name": "Tokyo Institute of Technology", "type": "organization", "organization_type": "Education", "h_index": 104, "h5_index": 29, "num_publications": 1, "num_citations": 12, "num_publications_5y": 0, "num_citations_5y": 4, "num_publications_10y": 0, "num_citations_10y": 9, "publications_years": {"1994": 1}, "citations_years": {"2000": 2, "2001": 0, "2002": 0, "2003": 1, "2004": 0, "2005": 0, "2006": 0, "2007": 0, "2008": 0, "2009": 1, "2010": 0, "2011": 0, "2012": 2, "2013": 2, "2014": 1, "2015": 2, "2016": 0, "2017": 0, "2018": 1}, "old_citations": {"1994": 12}, "isVisible": false}, "University of Amsterdam": {"name": "University of Amsterdam", "type": "organization", "organization_type": "Education", "h_index": 164, "h5_index": 50, "num_publications": 1, "num_citations": 74, "num_publications_5y": 0, "num_citations_5y": 3, "num_publications_10y": 0, "num_citations_10y": 10, "publications_years": {"1994": 1}, "citations_years": {"1994": 1, "1995": 10, "1996": 17, "1997": 6, "1998": 5, "1999": 5, "2000": 2, "2001": 3, "2002": 1, "2003": 3, "2004": 1, "2005": 2, "2006": 2, "2007": 4, "2008": 2, "2009": 0, "2010": 1, "2011": 2, "2012": 0, "2013": 4, "2014": 0, "2015": 0, "2016": 0, "2017": 1, "2018": 2}, "old_citations": {"1994": 74}, "isVisible": false}, "University of Queensland": {"name": "University of Queensland", "type": "organization", "organization_type": "Education", "h_index": 125, "h5_index": 41, "num_publications": 1, "num_citations": 3, "num_publications_5y": 0, "num_citations_5y": 0, "num_publications_10y": 0, "num_citations_10y": 0, "publications_years": {"1994": 1}, "citations_years": {"1995": 1, "1996": 0, "1997": 0, "1998": 0, "1999": 1, "2000": 0, "2001": 0, "2002": 1}, "old_citations": {"1994": 3}, "isVisible": false}, "University of Twente": {"name": "University of Twente", "type": "organization", "organization_type": "Education", "h_index": 122, "h5_index": 27, "num_publications": 1, "num_citations": 22, "num_publications_5y": 0, "num_citations_5y": 3, "num_publications_10y": 0, "num_citations_10y": 8, "publications_years": {"1994": 1}, "citations_years": {"1994": 1, "1995": 0, "1996": 2, "1997": 2, "1998": 3, "1999": 0, "2000": 2, "2001": 2, "2002": 0, "2003": 0, "2004": 0, "2005": 0, "2006": 0, "2007": 1, "2008": 1, "2009": 1, "2010": 1, "2011": 0, "2012": 1, "2013": 2, "2014": 0, "2015": 3}, "old_citations": {"1994": 22}, "isVisible": false}, "Utrecht University": {"name": "Utrecht University", "type": "organization", "organization_type": "Education", "h_index": 124, "h5_index": 37, "num_publications": 1, "num_citations": 74, "num_publications_5y": 0, "num_citations_5y": 3, "num_publications_10y": 0, "num_citations_10y": 10, "publications_years": {"1994": 1}, "citations_years": {"1994": 1, "1995": 10, "1996": 17, "1997": 6, "1998": 5, "1999": 5, "2000": 2, "2001": 3, "2002": 1, "2003": 3, "2004": 1, "2005": 2, "2006": 2, "2007": 4, "2008": 2, "2009": 0, "2010": 1, "2011": 2, "2012": 0, "2013": 4, "2014": 0, "2015": 0, "2016": 0, "2017": 1, "2018": 2}, "old_citations": {"1994": 74}, "isVisible": false}, "\u00c5bo Akademi University": {"name": "\u00c5bo Akademi University", "type": "organization", "organization_type": "Education", "h_index": 47, "h5_index": 12, "num_publications": 1, "num_citations": 22, "num_publications_5y": 0, "num_citations_5y": 3, "num_publications_10y": 0, "num_citations_10y": 8, "publications_years": {"1994": 1}, "citations_years": {"1994": 1, "1995": 0, "1996": 2, "1997": 2, "1998": 3, "1999": 0, "2000": 2, "2001": 2, "2002": 0, "2003": 0, "2004": 0, "2005": 0, "2006": 0, "2007": 1, "2008": 1, "2009": 1, "2010": 1, "2011": 0, "2012": 1, "2013": 2, "2014": 0, "2015": 3}, "old_citations": {"1994": 22}, "isVisible": false}}, "topics": {"computer science": {"name": "computer science", "type": "topic", "h_index": 1779, "h5_index": 416, "num_publications": 43, "num_citations": 1056, "num_publications_5y": 0, "num_citations_5y": 85, "num_publications_10y": 0, "num_citations_10y": 260, "publications_years": {"1994": 43}, "citations_years": {"1994": 21, "1995": 85, "1996": 86, "1997": 85, "1998": 49, "1999": 71, "2000": 52, "2001": 56, "2002": 48, "2003": 43, "2004": 32, "2005": 30, "2006": 34, "2007": 47, "2008": 40, "2009": 37, "2010": 43, "2011": 30, "2012": 29, "2013": 36, "2014": 26, "2015": 20, "2016": 16, "2017": 13, "2018": 10, "2019": 11, "2020": 1, "1993": 5}, "old_citations": {"1994": 1056}, "isVisible": false}, "computer systems": {"name": "computer systems", "type": "topic", "h_index": 1595, "h5_index": 367, "num_publications": 41, "num_citations": 1030, "num_publications_5y": 0, "num_citations_5y": 82, "num_publications_10y": 0, "num_citations_10y": 252, "publications_years": {"1994": 41}, "citations_years": {"1994": 17, "1995": 85, "1996": 84, "1997": 83, "1998": 46, "1999": 71, "2000": 50, "2001": 54, "2002": 48, "2003": 43, "2004": 32, "2005": 30, "2006": 34, "2007": 46, "2008": 39, "2009": 36, "2010": 42, "2011": 30, "2012": 28, "2013": 34, "2014": 26, "2015": 17, "2016": 16, "2017": 13, "2018": 10, "2019": 11, "2020": 1, "1993": 4}, "old_citations": {"1994": 1030}, "isVisible": false}, "embedded systems": {"name": "embedded systems", "type": "topic", "h_index": 799, "h5_index": 168, "num_publications": 37, "num_citations": 961, "num_publications_5y": 0, "num_citations_5y": 73, "num_publications_10y": 0, "num_citations_10y": 232, "publications_years": {"1994": 37}, "citations_years": {"1994": 16, "1995": 80, "1996": 76, "1997": 78, "1998": 44, "1999": 66, "2000": 48, "2001": 51, "2002": 47, "2003": 42, "2004": 29, "2005": 29, "2006": 33, "2007": 43, "2008": 33, "2009": 34, "2010": 39, "2011": 29, "2012": 26, "2013": 31, "2014": 23, "2015": 15, "2016": 12, "2017": 13, "2018": 10, "2019": 9, "2020": 1, "1993": 4}, "old_citations": {"1994": 961}, "isVisible": false}, "software engineering": {"name": "software engineering", "type": "topic", "h_index": 964, "h5_index": 236, "num_publications": 36, "num_citations": 958, "num_publications_5y": 0, "num_citations_5y": 73, "num_publications_10y": 0, "num_citations_10y": 224, "publications_years": {"1994": 36}, "citations_years": {"1994": 18, "1995": 82, "1996": 83, "1997": 79, "1998": 44, "1999": 63, "2000": 50, "2001": 54, "2002": 44, "2003": 40, "2004": 28, "2005": 27, "2006": 32, "2007": 41, "2008": 33, "2009": 30, "2010": 40, "2011": 25, "2012": 25, "2013": 31, "2014": 20, "2015": 18, "2016": 15, "2017": 11, "2018": 9, "2019": 11, "2020": 1, "1993": 4}, "old_citations": {"1994": 958}, "isVisible": false}, "artificial intelligence": {"name": "artificial intelligence", "type": "topic", "h_index": 1421, "h5_index": 373, "num_publications": 35, "num_citations": 1003, "num_publications_5y": 0, "num_citations_5y": 78, "num_publications_10y": 0, "num_citations_10y": 241, "publications_years": {"1994": 35}, "citations_years": {"1994": 18, "1995": 83, "1996": 84, "1997": 78, "1998": 47, "1999": 66, "2000": 49, "2001": 56, "2002": 47, "2003": 43, "2004": 31, "2005": 28, "2006": 33, "2007": 46, "2008": 37, "2009": 31, "2010": 42, "2011": 27, "2012": 27, "2013": 36, "2014": 23, "2015": 18, "2016": 15, "2017": 12, "2018": 10, "2019": 11, "2020": 1, "1993": 4}, "old_citations": {"1994": 1003}, "isVisible": false}, "software design": {"name": "software design", "type": "topic", "h_index": 907, "h5_index": 227, "num_publications": 34, "num_citations": 937, "num_publications_5y": 0, "num_citations_5y": 72, "num_publications_10y": 0, "num_citations_10y": 223, "publications_years": {"1994": 34}, "citations_years": {"1994": 17, "1995": 78, "1996": 80, "1997": 75, "1998": 41, "1999": 62, "2000": 50, "2001": 52, "2002": 44, "2003": 39, "2004": 28, "2005": 27, "2006": 32, "2007": 41, "2008": 33, "2009": 30, "2010": 40, "2011": 25, "2012": 25, "2013": 31, "2014": 19, "2015": 18, "2016": 15, "2017": 11, "2018": 9, "2019": 11, "2020": 1, "1993": 3}, "old_citations": {"1994": 937}, "isVisible": false}, "computer hardware": {"name": "computer hardware", "type": "topic", "h_index": 1150, "h5_index": 279, "num_publications": 33, "num_citations": 944, "num_publications_5y": 0, "num_citations_5y": 69, "num_publications_10y": 0, "num_citations_10y": 219, "publications_years": {"1994": 33}, "citations_years": {"1994": 17, "1995": 78, "1996": 77, "1997": 80, "1998": 46, "1999": 63, "2000": 50, "2001": 53, "2002": 47, "2003": 42, "2004": 27, "2005": 27, "2006": 31, "2007": 42, "2008": 31, "2009": 28, "2010": 38, "2011": 26, "2012": 25, "2013": 33, "2014": 20, "2015": 16, "2016": 12, "2017": 11, "2018": 10, "2019": 9, "2020": 1, "1993": 4}, "old_citations": {"1994": 944}, "isVisible": false}, "engineering": {"name": "engineering", "type": "topic", "h_index": 1177, "h5_index": 287, "num_publications": 31, "num_citations": 970, "num_publications_5y": 0, "num_citations_5y": 74, "num_publications_10y": 0, "num_citations_10y": 230, "publications_years": {"1994": 31}, "citations_years": {"1994": 17, "1995": 79, "1996": 80, "1997": 76, "1998": 44, "1999": 65, "2000": 48, "2001": 54, "2002": 48, "2003": 43, "2004": 30, "2005": 28, "2006": 32, "2007": 44, "2008": 36, "2009": 29, "2010": 40, "2011": 27, "2012": 26, "2013": 34, "2014": 23, "2015": 15, "2016": 15, "2017": 11, "2018": 10, "2019": 11, "2020": 1, "1993": 4}, "old_citations": {"1994": 970}, "isVisible": false}, "formal logic": {"name": "formal logic", "type": "topic", "h_index": 532, "h5_index": 93, "num_publications": 31, "num_citations": 917, "num_publications_5y": 0, "num_citations_5y": 72, "num_publications_10y": 0, "num_citations_10y": 220, "publications_years": {"1994": 31}, "citations_years": {"1994": 17, "1995": 71, "1996": 78, "1997": 75, "1998": 42, "1999": 59, "2000": 48, "2001": 54, "2002": 43, "2003": 39, "2004": 26, "2005": 27, "2006": 32, "2007": 39, "2008": 31, "2009": 30, "2010": 39, "2011": 24, "2012": 24, "2013": 31, "2014": 20, "2015": 18, "2016": 15, "2017": 10, "2018": 9, "2019": 11, "2020": 1, "1993": 4}, "old_citations": {"1994": 917}, "isVisible": false}, "computer programming": {"name": "computer programming", "type": "topic", "h_index": 873, "h5_index": 186, "num_publications": 30, "num_citations": 920, "num_publications_5y": 0, "num_citations_5y": 71, "num_publications_10y": 0, "num_citations_10y": 224, "publications_years": {"1994": 30}, "citations_years": {"1994": 16, "1995": 73, "1996": 70, "1997": 76, "1998": 41, "1999": 60, "2000": 47, "2001": 51, "2002": 45, "2003": 42, "2004": 28, "2005": 29, "2006": 30, "2007": 41, "2008": 33, "2009": 31, "2010": 36, "2011": 29, "2012": 26, "2013": 31, "2014": 22, "2015": 15, "2016": 12, "2017": 12, "2018": 10, "2019": 9, "2020": 1, "1993": 4}, "old_citations": {"1994": 920}, "isVisible": false}, "field programmable gate arrays (fpga)": {"name": "field programmable gate arrays (fpga)", "type": "topic", "h_index": 594, "h5_index": 149, "num_publications": 29, "num_citations": 896, "num_publications_5y": 0, "num_citations_5y": 64, "num_publications_10y": 0, "num_citations_10y": 205, "publications_years": {"1994": 29}, "citations_years": {"1994": 16, "1995": 73, "1996": 69, "1997": 74, "1998": 43, "1999": 63, "2000": 47, "2001": 51, "2002": 46, "2003": 42, "2004": 27, "2005": 27, "2006": 29, "2007": 40, "2008": 30, "2009": 25, "2010": 35, "2011": 26, "2012": 24, "2013": 31, "2014": 19, "2015": 13, "2016": 11, "2017": 11, "2018": 10, "2019": 9, "2020": 1, "1993": 4}, "old_citations": {"1994": 896}, "isVisible": false}, "theoretical computer science": {"name": "theoretical computer science", "type": "topic", "h_index": 883, "h5_index": 203, "num_publications": 28, "num_citations": 940, "num_publications_5y": 0, "num_citations_5y": 73, "num_publications_10y": 0, "num_citations_10y": 233, "publications_years": {"1994": 28}, "citations_years": {"1994": 16, "1995": 74, "1996": 74, "1997": 80, "1998": 45, "1999": 60, "2000": 50, "2001": 48, "2002": 46, "2003": 42, "2004": 21, "2005": 29, "2006": 32, "2007": 43, "2008": 34, "2009": 33, "2010": 39, "2011": 29, "2012": 27, "2013": 32, "2014": 22, "2015": 18, "2016": 11, "2017": 12, "2018": 10, "2019": 8, "2020": 1, "1993": 4}, "old_citations": {"1994": 940}, "isVisible": false}, "digital signal processing": {"name": "digital signal processing", "type": "topic", "h_index": 435, "h5_index": 97, "num_publications": 27, "num_citations": 887, "num_publications_5y": 0, "num_citations_5y": 64, "num_publications_10y": 0, "num_citations_10y": 205, "publications_years": {"1994": 27}, "citations_years": {"1994": 16, "1995": 73, "1996": 69, "1997": 73, "1998": 41, "1999": 59, "2000": 46, "2001": 51, "2002": 45, "2003": 42, "2004": 27, "2005": 27, "2006": 29, "2007": 40, "2008": 30, "2009": 25, "2010": 35, "2011": 26, "2012": 24, "2013": 31, "2014": 19, "2015": 13, "2016": 11, "2017": 11, "2018": 10, "2019": 9, "2020": 1, "1993": 4}, "old_citations": {"1994": 887}, "isVisible": false}, "knowledge based systems": {"name": "knowledge based systems", "type": "topic", "h_index": 660, "h5_index": 129, "num_publications": 27, "num_citations": 887, "num_publications_5y": 0, "num_citations_5y": 64, "num_publications_10y": 0, "num_citations_10y": 205, "publications_years": {"1994": 27}, "citations_years": {"1994": 16, "1995": 73, "1996": 69, "1997": 73, "1998": 41, "1999": 59, "2000": 46, "2001": 51, "2002": 45, "2003": 42, "2004": 27, "2005": 27, "2006": 29, "2007": 40, "2008": 30, "2009": 25, "2010": 35, "2011": 26, "2012": 24, "2013": 31, "2014": 19, "2015": 13, "2016": 11, "2017": 11, "2018": 10, "2019": 9, "2020": 1, "1993": 4}, "old_citations": {"1994": 887}, "isVisible": false}, "mobile robots": {"name": "mobile robots", "type": "topic", "h_index": 575, "h5_index": 146, "num_publications": 27, "num_citations": 887, "num_publications_5y": 0, "num_citations_5y": 64, "num_publications_10y": 0, "num_citations_10y": 205, "publications_years": {"1994": 27}, "citations_years": {"1994": 16, "1995": 73, "1996": 69, "1997": 73, "1998": 41, "1999": 59, "2000": 46, "2001": 51, "2002": 45, "2003": 42, "2004": 27, "2005": 27, "2006": 29, "2007": 40, "2008": 30, "2009": 25, "2010": 35, "2011": 26, "2012": 24, "2013": 31, "2014": 19, "2015": 13, "2016": 11, "2017": 11, "2018": 10, "2019": 9, "2020": 1, "1993": 4}, "old_citations": {"1994": 887}, "isVisible": false}, "object oriented programming": {"name": "object oriented programming", "type": "topic", "h_index": 636, "h5_index": 129, "num_publications": 27, "num_citations": 887, "num_publications_5y": 0, "num_citations_5y": 64, "num_publications_10y": 0, "num_citations_10y": 205, "publications_years": {"1994": 27}, "citations_years": {"1994": 16, "1995": 73, "1996": 69, "1997": 73, "1998": 41, "1999": 59, "2000": 46, "2001": 51, "2002": 45, "2003": 42, "2004": 27, "2005": 27, "2006": 29, "2007": 40, "2008": 30, "2009": 25, "2010": 35, "2011": 26, "2012": 24, "2013": 31, "2014": 19, "2015": 13, "2016": 11, "2017": 11, "2018": 10, "2019": 9, "2020": 1, "1993": 4}, "old_citations": {"1994": 887}, "isVisible": false}, "online systems": {"name": "online systems", "type": "topic", "h_index": 535, "h5_index": 136, "num_publications": 27, "num_citations": 887, "num_publications_5y": 0, "num_citations_5y": 64, "num_publications_10y": 0, "num_citations_10y": 205, "publications_years": {"1994": 27}, "citations_years": {"1994": 16, "1995": 73, "1996": 69, "1997": 73, "1998": 41, "1999": 59, "2000": 46, "2001": 51, "2002": 45, "2003": 42, "2004": 27, "2005": 27, "2006": 29, "2007": 40, "2008": 30, "2009": 25, "2010": 35, "2011": 26, "2012": 24, "2013": 31, "2014": 19, "2015": 13, "2016": 11, "2017": 11, "2018": 10, "2019": 9, "2020": 1, "1993": 4}, "old_citations": {"1994": 887}, "isVisible": false}, "real time systems": {"name": "real time systems", "type": "topic", "h_index": 349, "h5_index": 74, "num_publications": 27, "num_citations": 887, "num_publications_5y": 0, "num_citations_5y": 64, "num_publications_10y": 0, "num_citations_10y": 205, "publications_years": {"1994": 27}, "citations_years": {"1994": 16, "1995": 73, "1996": 69, "1997": 73, "1998": 41, "1999": 59, "2000": 46, "2001": 51, "2002": 45, "2003": 42, "2004": 27, "2005": 27, "2006": 29, "2007": 40, "2008": 30, "2009": 25, "2010": 35, "2011": 26, "2012": 24, "2013": 31, "2014": 19, "2015": 13, "2016": 11, "2017": 11, "2018": 10, "2019": 9, "2020": 1, "1993": 4}, "old_citations": {"1994": 887}, "isVisible": false}, "robotics": {"name": "robotics", "type": "topic", "h_index": 677, "h5_index": 171, "num_publications": 27, "num_citations": 887, "num_publications_5y": 0, "num_citations_5y": 64, "num_publications_10y": 0, "num_citations_10y": 205, "publications_years": {"1994": 27}, "citations_years": {"1994": 16, "1995": 73, "1996": 69, "1997": 73, "1998": 41, "1999": 59, "2000": 46, "2001": 51, "2002": 45, "2003": 42, "2004": 27, "2005": 27, "2006": 29, "2007": 40, "2008": 30, "2009": 25, "2010": 35, "2011": 26, "2012": 24, "2013": 31, "2014": 19, "2015": 13, "2016": 11, "2017": 11, "2018": 10, "2019": 9, "2020": 1, "1993": 4}, "old_citations": {"1994": 887}, "isVisible": false}, "signal processing": {"name": "signal processing", "type": "topic", "h_index": 1012, "h5_index": 255, "num_publications": 27, "num_citations": 887, "num_publications_5y": 0, "num_citations_5y": 64, "num_publications_10y": 0, "num_citations_10y": 205, "publications_years": {"1994": 27}, "citations_years": {"1994": 16, "1995": 73, "1996": 69, "1997": 73, "1998": 41, "1999": 59, "2000": 46, "2001": 51, "2002": 45, "2003": 42, "2004": 27, "2005": 27, "2006": 29, "2007": 40, "2008": 30, "2009": 25, "2010": 35, "2011": 26, "2012": 24, "2013": 31, "2014": 19, "2015": 13, "2016": 11, "2017": 11, "2018": 10, "2019": 9, "2020": 1, "1993": 4}, "old_citations": {"1994": 887}, "isVisible": false}, "formal languages and automata theory": {"name": "formal languages and automata theory", "type": "topic", "h_index": 546, "h5_index": 122, "num_publications": 24, "num_citations": 897, "num_publications_5y": 0, "num_citations_5y": 67, "num_publications_10y": 0, "num_citations_10y": 215, "publications_years": {"1994": 24}, "citations_years": {"1994": 16, "1995": 72, "1996": 72, "1997": 74, "1998": 44, "1999": 58, "2000": 47, "2001": 48, "2002": 45, "2003": 42, "2004": 20, "2005": 27, "2006": 31, "2007": 42, "2008": 31, "2009": 27, "2010": 38, "2011": 26, "2012": 25, "2013": 32, "2014": 19, "2015": 16, "2016": 11, "2017": 11, "2018": 10, "2019": 8, "2020": 1, "1993": 4}, "old_citations": {"1994": 897}, "isVisible": false}}, "authors": {"2061488235": {"name": "jozef hooman", "type": "author", "activity": 30, "h_index": 17, "h5_index": 4, "mag_id": "2061488235", "num_publications": 2, "num_citations": 37, "num_publications_5y": 0, "num_citations_5y": 1, "num_publications_10y": 0, "num_citations_10y": 2, "publications_years": {"1994": 2}, "citations_years": {"1997": 7, "1998": 0, "1999": 2, "2000": 1, "2001": 5, "2002": 4, "2003": 1, "2004": 1, "2005": 1, "2006": 0, "2007": 0, "2008": 1, "2009": 0, "2010": 0, "2011": 0, "2012": 0, "2013": 1, "2014": 1, "1995": 7, "1996": 5}, "old_citations": {"1994": 37}, "isVisible": false}, "2067908533": {"name": "michael schenke", "type": "author", "activity": 7, "h_index": 5, "h5_index": 0, "mag_id": "2067908533", "num_publications": 2, "num_citations": 88, "num_publications_5y": 0, "num_citations_5y": 4, "num_publications_10y": 0, "num_citations_10y": 9, "publications_years": {"1994": 2}, "citations_years": {"1994": 3, "1995": 11, "1996": 12, "1997": 11, "1998": 3, "1999": 13, "1993": 3, "2000": 3, "2001": 5, "2002": 6, "2003": 2, "2004": 2, "2005": 1, "2006": 1, "2007": 3, "2008": 0, "2009": 1, "2010": 1, "2011": 0, "2012": 0, "2013": 3, "2014": 0, "2015": 2, "2016": 0, "2017": 1, "2018": 1}, "old_citations": {"1994": 88}, "isVisible": false}, "2124415778": {"name": "wang yi", "type": "author", "activity": 31, "h_index": 47, "h5_index": 8, "mag_id": "2124415778", "num_publications": 2, "num_citations": 58, "num_publications_5y": 0, "num_citations_5y": 12, "num_publications_10y": 0, "num_citations_10y": 25, "publications_years": {"1994": 2}, "citations_years": {"1995": 4, "1996": 2, "1997": 3, "1998": 1, "1999": 3, "2000": 5, "2001": 2, "2002": 2, "2003": 0, "2004": 2, "2005": 0, "2006": 1, "2007": 3, "2008": 2, "2009": 2, "2010": 1, "2011": 6, "2012": 3, "2013": 1, "2014": 5, "2015": 2, "2016": 3, "2017": 0, "2018": 2, "2019": 3}, "old_citations": {"1994": 58}, "isVisible": false}, "2146370811": {"name": "zohar manna", "type": "author", "activity": 21, "h_index": 40, "h5_index": 0, "mag_id": "2146370811", "num_publications": 2, "num_citations": 23, "num_publications_5y": 0, "num_citations_5y": 1, "num_publications_10y": 0, "num_citations_10y": 2, "publications_years": {"1994": 2}, "citations_years": {"1995": 4, "1996": 1, "1997": 5, "1998": 0, "1999": 2, "2000": 2, "1994": 2, "2001": 3, "2002": 0, "2003": 1, "2004": 0, "2005": 0, "2006": 0, "2007": 0, "2008": 0, "2009": 0, "2010": 0, "2011": 0, "2012": 1, "2013": 0, "2014": 1, "2015": 0, "2016": 0, "2017": 0, "2018": 0, "2019": 0, "2020": 1}, "old_citations": {"1994": 23}, "isVisible": false}, "2171343426": {"name": "amir pnueli", "type": "author", "activity": 30, "h_index": 60, "h5_index": 2, "mag_id": "2171343426", "num_publications": 2, "num_citations": 34, "num_publications_5y": 0, "num_citations_5y": 2, "num_publications_10y": 0, "num_citations_10y": 7, "publications_years": {"1994": 2}, "citations_years": {"1994": 2, "1995": 5, "1996": 5, "1997": 3, "1998": 0, "1999": 2, "2000": 1, "2001": 3, "2002": 1, "2003": 1, "2004": 0, "2005": 0, "2006": 2, "2007": 1, "2008": 0, "2009": 2, "2010": 2, "2011": 0, "2012": 1, "2013": 0, "2014": 2, "2015": 0, "2016": 0, "2017": 0, "2018": 0, "2019": 0, "2020": 1}, "old_citations": {"1994": 34}, "isVisible": false}, "2305016573": {"name": "jens ulrik skakkebaek", "type": "author", "activity": 1, "h_index": 2, "h5_index": 0, "mag_id": "2305016573", "num_publications": 2, "num_citations": 64, "num_publications_5y": 0, "num_citations_5y": 1, "num_publications_10y": 0, "num_citations_10y": 5, "publications_years": {"1994": 2}, "citations_years": {"1994": 4, "1995": 8, "1996": 4, "1997": 10, "1998": 5, "1999": 5, "2000": 1, "2001": 3, "2002": 6, "2003": 2, "2004": 1, "2005": 2, "2006": 2, "2007": 4, "2008": 2, "2009": 0, "2010": 1, "2011": 0, "2012": 1, "2013": 2, "2014": 0, "2015": 0, "2016": 0, "2017": 1}, "old_citations": {"1994": 64}, "isVisible": false}, "2628685472": {"name": "chaochen zhou", "type": "author", "activity": 1, "h_index": 2, "h5_index": 0, "mag_id": "2628685472", "num_publications": 2, "num_citations": 63, "num_publications_5y": 0, "num_citations_5y": 3, "num_publications_10y": 0, "num_citations_10y": 7, "publications_years": {"1994": 2}, "citations_years": {"1994": 1, "1995": 9, "1996": 4, "1997": 6, "1998": 4, "1999": 7, "2000": 4, "2001": 2, "2002": 1, "2003": 3, "2004": 3, "2005": 2, "2006": 1, "2007": 5, "2008": 2, "2009": 1, "2010": 1, "2011": 0, "2012": 0, "2013": 2, "2014": 1, "2015": 1, "2016": 1, "2017": 0, "2018": 0, "2019": 2}, "old_citations": {"1994": 63}, "isVisible": false}, "2674544097": {"name": "klaus winkelmann", "type": "author", "activity": 2, "h_index": 1, "h5_index": 0, "mag_id": "2674544097", "num_publications": 2, "num_citations": 0, "num_publications_5y": 0, "num_citations_5y": 0, "num_publications_10y": 0, "num_citations_10y": 0, "publications_years": {"1994": 2}, "citations_years": {}, "old_citations": {"1994": 0}, "isVisible": false}, "2707196735": {"name": "thomas a henzinger", "type": "author", "activity": 28, "h_index": 81, "h5_index": 6, "mag_id": "2707196735", "num_publications": 2, "num_citations": 29, "num_publications_5y": 0, "num_citations_5y": 1, "num_publications_10y": 0, "num_citations_10y": 2, "publications_years": {"1994": 2}, "citations_years": {"1994": 3, "1995": 3, "1996": 2, "1997": 3, "1998": 0, "1999": 2, "2000": 2, "2001": 5, "2002": 1, "2003": 1, "2004": 4, "2005": 0, "2006": 0, "2007": 0, "2008": 0, "2009": 0, "2010": 0, "2011": 0, "2012": 1, "2013": 0, "2014": 1, "2015": 0, "2016": 0, "2017": 0, "2018": 0, "2019": 0, "2020": 1}, "old_citations": {"1994": 29}, "isVisible": false}, "2777027666": {"name": "he jifeng", "type": "author", "activity": 14, "h_index": 11, "h5_index": 0, "mag_id": "2777027666", "num_publications": 2, "num_citations": 86, "num_publications_5y": 0, "num_citations_5y": 4, "num_publications_10y": 0, "num_citations_10y": 9, "publications_years": {"1994": 2}, "citations_years": {"1993": 3, "1994": 2, "1995": 10, "1996": 11, "1997": 10, "1998": 4, "1999": 14, "2000": 3, "2001": 5, "2002": 6, "2003": 2, "2004": 2, "2005": 1, "2006": 1, "2007": 3, "2008": 0, "2009": 1, "2010": 1, "2011": 0, "2012": 0, "2013": 3, "2014": 0, "2015": 2, "2016": 0, "2017": 1, "2018": 1}, "old_citations": {"1994": 86}, "isVisible": false}, "5168973": {"name": "henny b sipma", "type": "author", "activity": 22, "h_index": 26, "h5_index": 0, "mag_id": "5168973", "num_publications": 1, "num_citations": 7, "num_publications_5y": 0, "num_citations_5y": 0, "num_publications_10y": 0, "num_citations_10y": 0, "publications_years": {"1994": 1}, "citations_years": {"1995": 2, "1996": 1, "1997": 3, "1998": 0, "1999": 0, "2000": 1}, "old_citations": {"1994": 7}, "isVisible": false}, "79147545": {"name": "markus mullerolm", "type": "author", "activity": 27, "h_index": 16, "h5_index": 0, "mag_id": "79147545", "num_publications": 1, "num_citations": 81, "num_publications_5y": 0, "num_citations_5y": 4, "num_publications_10y": 0, "num_citations_10y": 9, "publications_years": {"1994": 1}, "citations_years": {"1993": 3, "1994": 2, "1995": 10, "1996": 11, "1997": 9, "1998": 3, "1999": 11, "2000": 3, "2001": 5, "2002": 6, "2003": 2, "2004": 2, "2005": 1, "2006": 1, "2007": 3, "2008": 0, "2009": 1, "2010": 1, "2011": 0, "2012": 0, "2013": 3, "2014": 0, "2015": 2, "2016": 0, "2017": 1, "2018": 1}, "old_citations": {"1994": 81}, "isVisible": false}, "123694094": {"name": "gerhard schellhorn", "type": "author", "activity": 27, "h_index": 23, "h5_index": 3, "mag_id": "123694094", "num_publications": 1, "num_citations": 0, "num_publications_5y": 0, "num_citations_5y": 0, "num_publications_10y": 0, "num_citations_10y": 0, "publications_years": {"1994": 1}, "citations_years": {}, "old_citations": {"1994": 0}, "isVisible": false}, "129682478": {"name": "amiram yehudai", "type": "author", "activity": 30, "h_index": 14, "h5_index": 3, "mag_id": "129682478", "num_publications": 1, "num_citations": 1, "num_publications_5y": 0, "num_citations_5y": 0, "num_publications_10y": 0, "num_citations_10y": 0, "publications_years": {"1994": 1}, "citations_years": {"1999": 1}, "old_citations": {"1994": 1}, "isVisible": false}, "192141652": {"name": "simin nadjmtehrani", "type": "author", "activity": 29, "h_index": 20, "h5_index": 5, "mag_id": "192141652", "num_publications": 1, "num_citations": 9, "num_publications_5y": 0, "num_citations_5y": 1, "num_publications_10y": 0, "num_citations_10y": 1, "publications_years": {"1994": 1}, "citations_years": {"1995": 4, "1996": 1, "1997": 0, "1998": 0, "1999": 2, "2000": 0, "2001": 0, "2002": 0, "2003": 0, "2004": 1, "2005": 0, "2006": 0, "2007": 0, "2008": 0, "2009": 0, "2010": 0, "2011": 0, "2012": 0, "2013": 0, "2014": 0, "2015": 0, "2016": 0, "2017": 1}, "old_citations": {"1994": 9}, "isVisible": false}, "239998554": {"name": "hanifa boucheneb", "type": "author", "activity": 27, "h_index": 12, "h5_index": 3, "mag_id": "239998554", "num_publications": 1, "num_citations": 0, "num_publications_5y": 0, "num_citations_5y": 0, "num_publications_10y": 0, "num_citations_10y": 0, "publications_years": {"1994": 1}, "citations_years": {}, "old_citations": {"1994": 0}, "isVisible": false}, "245516513": {"name": "yassine lakhnech", "type": "author", "activity": 24, "h_index": 26, "h5_index": 0, "mag_id": "245516513", "num_publications": 1, "num_citations": 5, "num_publications_5y": 0, "num_citations_5y": 1, "num_publications_10y": 0, "num_citations_10y": 2, "publications_years": {"1994": 1}, "citations_years": {"1997": 1, "1998": 0, "1999": 0, "2000": 0, "2001": 1, "2002": 0, "2003": 0, "2004": 1, "2005": 0, "2006": 0, "2007": 0, "2008": 0, "2009": 0, "2010": 0, "2011": 0, "2012": 0, "2013": 1, "2014": 1}, "old_citations": {"1994": 5}, "isVisible": false}, "247179708": {"name": "naoki yonezaki", "type": "author", "activity": 26, "h_index": 7, "h5_index": 2, "mag_id": "247179708", "num_publications": 1, "num_citations": 12, "num_publications_5y": 0, "num_citations_5y": 4, "num_publications_10y": 0, "num_citations_10y": 9, "publications_years": {"1994": 1}, "citations_years": {"2000": 2, "2001": 0, "2002": 0, "2003": 1, "2004": 0, "2005": 0, "2006": 0, "2007": 0, "2008": 0, "2009": 1, "2010": 0, "2011": 0, "2012": 2, "2013": 2, "2014": 1, "2015": 2, "2016": 0, "2017": 0, "2018": 1}, "old_citations": {"1994": 12}, "isVisible": false}, "266155097": {"name": "martin franzle", "type": "author", "activity": 28, "h_index": 19, "h5_index": 5, "mag_id": "266155097", "num_publications": 1, "num_citations": 81, "num_publications_5y": 0, "num_citations_5y": 4, "num_publications_10y": 0, "num_citations_10y": 9, "publications_years": {"1994": 1}, "citations_years": {"1993": 3, "1994": 2, "1995": 10, "1996": 11, "1997": 9, "1998": 3, "1999": 11, "2000": 3, "2001": 5, "2002": 6, "2003": 2, "2004": 2, "2005": 1, "2006": 1, "2007": 3, "2008": 0, "2009": 1, "2010": 1, "2011": 0, "2012": 0, "2013": 3, "2014": 0, "2015": 2, "2016": 0, "2017": 1, "2018": 1}, "old_citations": {"1994": 81}, "isVisible": false}, "286612610": {"name": "peter w kopke", "type": "author", "activity": 4, "h_index": 4, "h5_index": 0, "mag_id": "286612610", "num_publications": 1, "num_citations": 13, "num_publications_5y": 0, "num_citations_5y": 0, "num_publications_10y": 0, "num_citations_10y": 0, "publications_years": {"1994": 1}, "citations_years": {"1994": 1, "1995": 1, "1996": 2, "1997": 1, "1998": 0, "1999": 0, "2000": 1, "2001": 2, "2002": 1, "2003": 0, "2004": 4}, "old_citations": {"1994": 13}, "isVisible": false}, "375202641": {"name": "yishai feldman", "type": "author", "activity": 27, "h_index": 11, "h5_index": 1, "mag_id": "375202641", "num_publications": 1, "num_citations": 1, "num_publications_5y": 0, "num_citations_5y": 0, "num_publications_10y": 0, "num_citations_10y": 0, "publications_years": {"1994": 1}, "citations_years": {"1999": 1}, "old_citations": {"1994": 1}, "isVisible": false}, "1132382337": {"name": "gerard le lann", "type": "author", "activity": 27, "h_index": 7, "h5_index": 2, "mag_id": "1132382337", "num_publications": 1, "num_citations": 3, "num_publications_5y": 0, "num_citations_5y": 0, "num_publications_10y": 0, "num_citations_10y": 0, "publications_years": {"1994": 1}, "citations_years": {"1995": 1, "1996": 1, "1997": 0, "1998": 0, "1999": 0, "2000": 0, "2001": 1}, "old_citations": {"1994": 3}, "isVisible": false}, "1815671024": {"name": "hans rischel", "type": "author", "activity": 23, "h_index": 8, "h5_index": 0, "mag_id": "1815671024", "num_publications": 1, "num_citations": 81, "num_publications_5y": 0, "num_citations_5y": 4, "num_publications_10y": 0, "num_citations_10y": 9, "publications_years": {"1994": 1}, "citations_years": {"1993": 3, "1994": 2, "1995": 10, "1996": 11, "1997": 9, "1998": 3, "1999": 11, "2000": 3, "2001": 5, "2002": 6, "2003": 2, "2004": 2, "2005": 1, "2006": 1, "2007": 3, "2008": 0, "2009": 1, "2010": 1, "2011": 0, "2012": 0, "2013": 3, "2014": 0, "2015": 2, "2016": 0, "2017": 1, "2018": 1}, "old_citations": {"1994": 81}, "isVisible": false}, "1898691322": {"name": "mark utting", "type": "author", "activity": 29, "h_index": 18, "h5_index": 1, "mag_id": "1898691322", "num_publications": 1, "num_citations": 3, "num_publications_5y": 0, "num_citations_5y": 0, "num_publications_10y": 0, "num_citations_10y": 0, "publications_years": {"1994": 1}, "citations_years": {"1995": 1, "1996": 0, "1997": 0, "1998": 0, "1999": 1, "2000": 0, "2001": 0, "2002": 1}, "old_citations": {"1994": 3}, "isVisible": false}, "1980402524": {"name": "paul le guernic", "type": "author", "activity": 25, "h_index": 5, "h5_index": 0, "mag_id": "1980402524", "num_publications": 1, "num_citations": 0, "num_publications_5y": 0, "num_citations_5y": 0, "num_publications_10y": 0, "num_citations_10y": 0, "publications_years": {"1994": 1}, "citations_years": {}, "old_citations": {"1994": 0}, "isVisible": false}, "1997272549": {"name": "rachid echahed", "type": "author", "activity": 28, "h_index": 15, "h5_index": 3, "mag_id": "1997272549", "num_publications": 1, "num_citations": 20, "num_publications_5y": 0, "num_citations_5y": 0, "num_publications_10y": 0, "num_citations_10y": 3, "publications_years": {"1994": 1}, "citations_years": {"1994": 1, "1995": 5, "1996": 2, "1997": 1, "1998": 1, "1999": 1, "2000": 0, "2001": 0, "2002": 0, "2003": 1, "2004": 1, "2005": 0, "2006": 0, "2007": 2, "2008": 2, "2009": 0, "2010": 1, "2011": 1, "2012": 1}, "old_citations": {"1994": 20}, "isVisible": false}, "2040884273": {"name": "frits w vaandrager", "type": "author", "activity": 31, "h_index": 34, "h5_index": 6, "mag_id": "2040884273", "num_publications": 1, "num_citations": 74, "num_publications_5y": 0, "num_citations_5y": 3, "num_publications_10y": 0, "num_citations_10y": 10, "publications_years": {"1994": 1}, "citations_years": {"1994": 1, "1995": 10, "1996": 17, "1997": 6, "1998": 5, "1999": 5, "2000": 2, "2001": 3, "2002": 1, "2003": 3, "2004": 1, "2005": 2, "2006": 2, "2007": 4, "2008": 2, "2009": 0, "2010": 1, "2011": 2, "2012": 0, "2013": 4, "2014": 0, "2015": 0, "2016": 0, "2017": 1, "2018": 2}, "old_citations": {"1994": 74}, "isVisible": false}, "2052847585": {"name": "c a r hoare", "type": "author", "activity": 24, "h_index": 18, "h5_index": 0, "mag_id": "2052847585", "num_publications": 1, "num_citations": 81, "num_publications_5y": 0, "num_citations_5y": 4, "num_publications_10y": 0, "num_citations_10y": 9, "publications_years": {"1994": 1}, "citations_years": {"1993": 3, "1994": 2, "1995": 10, "1996": 11, "1997": 9, "1998": 3, "1999": 11, "2000": 3, "2001": 5, "2002": 6, "2003": 2, "2004": 2, "2005": 1, "2006": 1, "2007": 3, "2008": 0, "2009": 1, "2010": 1, "2011": 0, "2012": 0, "2013": 3, "2014": 0, "2015": 2, "2016": 0, "2017": 1, "2018": 1}, "old_citations": {"1994": 81}, "isVisible": false}, "2096502524": {"name": "mannes poel", "type": "author", "activity": 30, "h_index": 24, "h5_index": 2, "mag_id": "2096502524", "num_publications": 1, "num_citations": 22, "num_publications_5y": 0, "num_citations_5y": 3, "num_publications_10y": 0, "num_citations_10y": 8, "publications_years": {"1994": 1}, "citations_years": {"1994": 1, "1995": 0, "1996": 2, "1997": 2, "1998": 3, "1999": 0, "2000": 2, "2001": 2, "2002": 0, "2003": 0, "2004": 0, "2005": 0, "2006": 0, "2007": 1, "2008": 1, "2009": 1, "2010": 1, "2011": 0, "2012": 1, "2013": 2, "2014": 0, "2015": 3}, "old_citations": {"1994": 22}, "isVisible": false}, "2096750770": {"name": "leslie lamport", "type": "author", "activity": 30, "h_index": 39, "h5_index": 7, "mag_id": "2096750770", "num_publications": 1, "num_citations": 61, "num_publications_5y": 0, "num_citations_5y": 9, "num_publications_10y": 0, "num_citations_10y": 20, "publications_years": {"1994": 1}, "citations_years": {"1994": 1, "1995": 3, "1996": 6, "1997": 2, "1998": 2, "1999": 5, "2000": 1, "2001": 3, "2002": 1, "2003": 1, "2004": 3, "2005": 1, "2006": 1, "2007": 3, "2008": 6, "2009": 2, "2010": 3, "2011": 1, "2012": 2, "2013": 3, "2014": 3, "2015": 2, "2016": 4, "2017": 0, "2018": 0, "2019": 2}, "old_citations": {"1994": 61}, "isVisible": false}, "2097000653": {"name": "stephan merz", "type": "author", "activity": 27, "h_index": 19, "h5_index": 2, "mag_id": "2097000653", "num_publications": 1, "num_citations": 61, "num_publications_5y": 0, "num_citations_5y": 9, "num_publications_10y": 0, "num_citations_10y": 20, "publications_years": {"1994": 1}, "citations_years": {"1994": 1, "1995": 3, "1996": 6, "1997": 2, "1998": 2, "1999": 5, "2000": 1, "2001": 3, "2002": 1, "2003": 1, "2004": 3, "2005": 1, "2006": 1, "2007": 3, "2008": 6, "2009": 2, "2010": 3, "2011": 1, "2012": 2, "2013": 3, "2014": 3, "2015": 2, "2016": 4, "2017": 0, "2018": 0, "2019": 2}, "old_citations": {"1994": 61}, "isVisible": false}, "2100317081": {"name": "william henderson", "type": "author", "activity": 20, "h_index": 8, "h5_index": 0, "mag_id": "2100317081", "num_publications": 1, "num_citations": 8, "num_publications_5y": 0, "num_citations_5y": 0, "num_publications_10y": 0, "num_citations_10y": 2, "publications_years": {"1994": 1}, "citations_years": {"1994": 1, "1995": 1, "1996": 0, "1997": 0, "1998": 2, "1999": 0, "2000": 0, "2001": 1, "2002": 0, "2003": 0, "2004": 0, "2005": 0, "2006": 0, "2007": 1, "2008": 0, "2009": 0, "2010": 1, "2011": 0, "2012": 0, "2013": 1}, "old_citations": {"1994": 8}, "isVisible": false}, "2104884964": {"name": "job zwiers", "type": "author", "activity": 24, "h_index": 15, "h5_index": 0, "mag_id": "2104884964", "num_publications": 1, "num_citations": 22, "num_publications_5y": 0, "num_citations_5y": 3, "num_publications_10y": 0, "num_citations_10y": 8, "publications_years": {"1994": 1}, "citations_years": {"1994": 1, "1995": 0, "1996": 2, "1997": 2, "1998": 3, "1999": 0, "2000": 2, "2001": 2, "2002": 0, "2003": 0, "2004": 0, "2005": 0, "2006": 0, "2007": 1, "2008": 1, "2009": 1, "2010": 1, "2011": 0, "2012": 1, "2013": 2, "2014": 0, "2015": 3}, "old_citations": {"1994": 22}, "isVisible": false}, "2105292859": {"name": "paritosh k pandya", "type": "author", "activity": 30, "h_index": 15, "h5_index": 3, "mag_id": "2105292859", "num_publications": 1, "num_citations": 23, "num_publications_5y": 0, "num_citations_5y": 0, "num_publications_10y": 0, "num_citations_10y": 0, "publications_years": {"1994": 1}, "citations_years": {"1994": 1, "1995": 4, "1996": 4, "1997": 2, "1998": 2, "1999": 5, "2000": 0, "2001": 0, "2002": 0, "2003": 0, "2004": 0, "2005": 1, "2006": 1, "2007": 2, "2008": 1}, "old_citations": {"1994": 23}, "isVisible": false}, "2106636992": {"name": "fred b schneider", "type": "author", "activity": 31, "h_index": 41, "h5_index": 3, "mag_id": "2106636992", "num_publications": 1, "num_citations": 5, "num_publications_5y": 0, "num_citations_5y": 0, "num_publications_10y": 0, "num_citations_10y": 2, "publications_years": {"1994": 1}, "citations_years": {"1998": 1, "1999": 0, "2000": 0, "2001": 0, "2002": 0, "2003": 0, "2004": 0, "2005": 0, "2006": 1, "2007": 1, "2008": 0, "2009": 1, "2010": 1}, "old_citations": {"1994": 5}, "isVisible": false}, "2108294572": {"name": "ernstrudiger olderog", "type": "author", "activity": 30, "h_index": 18, "h5_index": 3, "mag_id": "2108294572", "num_publications": 1, "num_citations": 81, "num_publications_5y": 0, "num_citations_5y": 4, "num_publications_10y": 0, "num_citations_10y": 9, "publications_years": {"1994": 1}, "citations_years": {"1993": 3, "1994": 2, "1995": 10, "1996": 11, "1997": 9, "1998": 3, "1999": 11, "2000": 3, "2001": 5, "2002": 6, "2003": 2, "2004": 2, "2005": 1, "2006": 1, "2007": 3, "2008": 0, "2009": 1, "2010": 1, "2011": 0, "2012": 0, "2013": 3, "2014": 0, "2015": 2, "2016": 0, "2017": 1, "2018": 1}, "old_citations": {"1994": 81}, "isVisible": false}, "2118526916": {"name": "natarajan shankar", "type": "author", "activity": 31, "h_index": 32, "h5_index": 4, "mag_id": "2118526916", "num_publications": 1, "num_citations": 64, "num_publications_5y": 0, "num_citations_5y": 1, "num_publications_10y": 0, "num_citations_10y": 5, "publications_years": {"1994": 1}, "citations_years": {"1994": 4, "1995": 8, "1996": 4, "1997": 10, "1998": 5, "1999": 5, "2000": 1, "2001": 3, "2002": 6, "2003": 2, "2004": 1, "2005": 2, "2006": 2, "2007": 4, "2008": 2, "2009": 0, "2010": 1, "2011": 0, "2012": 1, "2013": 2, "2014": 0, "2015": 0, "2016": 0, "2017": 1}, "old_citations": {"1994": 64}, "isVisible": false}, "2124149729": {"name": "mathai joseph", "type": "author", "activity": 16, "h_index": 7, "h5_index": 0, "mag_id": "2124149729", "num_publications": 1, "num_citations": 9, "num_publications_5y": 0, "num_citations_5y": 0, "num_publications_10y": 0, "num_citations_10y": 1, "publications_years": {"1994": 1}, "citations_years": {"1995": 2, "1996": 1, "1997": 0, "1998": 0, "1999": 1, "2000": 0, "2001": 1, "2002": 0, "2003": 0, "2004": 2, "2005": 0, "2006": 0, "2007": 0, "2008": 0, "2009": 1, "2010": 0, "2011": 0, "2012": 0, "2013": 0, "2014": 0, "2015": 0, "2016": 0, "2017": 0, "2018": 0, "2019": 1}, "old_citations": {"1994": 9}, "isVisible": false}, "2126513744": {"name": "anish arora", "type": "author", "activity": 31, "h_index": 37, "h5_index": 4, "mag_id": "2126513744", "num_publications": 1, "num_citations": 20, "num_publications_5y": 0, "num_citations_5y": 7, "num_publications_10y": 0, "num_citations_10y": 13, "publications_years": {"1994": 1}, "citations_years": {"1995": 2, "1996": 0, "1997": 0, "1998": 1, "1999": 1, "2000": 0, "2001": 0, "2002": 0, "2003": 3, "2004": 0, "2005": 0, "2006": 0, "2007": 0, "2008": 0, "2009": 2, "2010": 2, "2011": 2, "2012": 0, "2013": 0, "2014": 0, "2015": 4, "2016": 1, "2017": 2}, "old_citations": {"1994": 20}, "isVisible": false}, "2127294868": {"name": "ryosei mori", "type": "author", "activity": 1, "h_index": 1, "h5_index": 0, "mag_id": "2127294868", "num_publications": 1, "num_citations": 12, "num_publications_5y": 0, "num_citations_5y": 4, "num_publications_10y": 0, "num_citations_10y": 9, "publications_years": {"1994": 1}, "citations_years": {"2000": 2, "2001": 0, "2002": 0, "2003": 1, "2004": 0, "2005": 0, "2006": 0, "2007": 0, "2008": 0, "2009": 1, "2010": 0, "2011": 0, "2012": 2, "2013": 2, "2014": 1, "2015": 2, "2016": 0, "2017": 0, "2018": 1}, "old_citations": {"1994": 12}, "isVisible": false}, "2131326225": {"name": "kurt stenzel", "type": "author", "activity": 25, "h_index": 12, "h5_index": 1, "mag_id": "2131326225", "num_publications": 1, "num_citations": 0, "num_publications_5y": 0, "num_citations_5y": 0, "num_publications_10y": 0, "num_citations_10y": 0, "publications_years": {"1994": 1}, "citations_years": {}, "old_citations": {"1994": 0}, "isVisible": false}, "2139633246": {"name": "wolfgang reif", "type": "author", "activity": 30, "h_index": 25, "h5_index": 5, "mag_id": "2139633246", "num_publications": 1, "num_citations": 0, "num_publications_5y": 0, "num_citations_5y": 0, "num_publications_10y": 0, "num_citations_10y": 0, "publications_years": {"1994": 1}, "citations_years": {}, "old_citations": {"1994": 0}, "isVisible": false}, "2147862440": {"name": "janerik stromberg", "type": "author", "activity": 10, "h_index": 6, "h5_index": 0, "mag_id": "2147862440", "num_publications": 1, "num_citations": 9, "num_publications_5y": 0, "num_citations_5y": 1, "num_publications_10y": 0, "num_citations_10y": 1, "publications_years": {"1994": 1}, "citations_years": {"1995": 4, "1996": 1, "1997": 0, "1998": 0, "1999": 2, "2000": 0, "2001": 0, "2002": 0, "2003": 0, "2004": 1, "2005": 0, "2006": 0, "2007": 0, "2008": 0, "2009": 0, "2010": 0, "2011": 0, "2012": 0, "2013": 0, "2014": 0, "2015": 0, "2016": 0, "2017": 1}, "old_citations": {"1994": 9}, "isVisible": false}, "2150988912": {"name": "ketil stolen", "type": "author", "activity": 29, "h_index": 20, "h5_index": 2, "mag_id": "2150988912", "num_publications": 1, "num_citations": 21, "num_publications_5y": 0, "num_citations_5y": 1, "num_publications_10y": 0, "num_citations_10y": 1, "publications_years": {"1994": 1}, "citations_years": {"1993": 1, "1994": 1, "1995": 4, "1996": 3, "1997": 4, "1998": 3, "1999": 1, "2000": 0, "2001": 2, "2002": 0, "2003": 1, "2004": 0, "2005": 0, "2006": 0, "2007": 0, "2008": 0, "2009": 0, "2010": 0, "2011": 0, "2012": 0, "2013": 0, "2014": 1}, "old_citations": {"1994": 21}, "isVisible": false}, "2151505697": {"name": "eric fabre", "type": "author", "activity": 26, "h_index": 16, "h5_index": 2, "mag_id": "2151505697", "num_publications": 1, "num_citations": 0, "num_publications_5y": 0, "num_citations_5y": 0, "num_publications_10y": 0, "num_citations_10y": 0, "publications_years": {"1994": 1}, "citations_years": {}, "old_citations": {"1994": 0}, "isVisible": false}, "2152906826": {"name": "vered gafni", "type": "author", "activity": 6, "h_index": 1, "h5_index": 0, "mag_id": "2152906826", "num_publications": 1, "num_citations": 1, "num_publications_5y": 0, "num_citations_5y": 0, "num_publications_10y": 0, "num_citations_10y": 0, "publications_years": {"1994": 1}, "citations_years": {"1999": 1}, "old_citations": {"1994": 1}, "isVisible": false}, "2155537987": {"name": "arjun kapur", "type": "author", "activity": 4, "h_index": 5, "h5_index": 0, "mag_id": "2155537987", "num_publications": 1, "num_citations": 16, "num_publications_5y": 0, "num_citations_5y": 1, "num_publications_10y": 0, "num_citations_10y": 2, "publications_years": {"1994": 1}, "citations_years": {"1994": 2, "1995": 2, "1996": 0, "1997": 2, "1998": 0, "1999": 2, "2000": 1, "2001": 3, "2002": 0, "2003": 1, "2004": 0, "2005": 0, "2006": 0, "2007": 0, "2008": 0, "2009": 0, "2010": 0, "2011": 0, "2012": 1, "2013": 0, "2014": 1, "2015": 0, "2016": 0, "2017": 0, "2018": 0, "2019": 0, "2020": 1}, "old_citations": {"1994": 16}, "isVisible": false}, "2166048438": {"name": "adrian robson", "type": "author", "activity": 20, "h_index": 6, "h5_index": 0, "mag_id": "2166048438", "num_publications": 1, "num_citations": 8, "num_publications_5y": 0, "num_citations_5y": 0, "num_publications_10y": 0, "num_citations_10y": 2, "publications_years": {"1994": 1}, "citations_years": {"1994": 1, "1995": 1, "1996": 0, "1997": 0, "1998": 2, "1999": 0, "2000": 0, "2001": 1, "2002": 0, "2003": 0, "2004": 0, "2005": 0, "2006": 0, "2007": 1, "2008": 0, "2009": 0, "2010": 1, "2011": 0, "2012": 0, "2013": 1}, "old_citations": {"1994": 8}, "isVisible": false}, "2169216096": {"name": "r k shyamasundar", "type": "author", "activity": 29, "h_index": 17, "h5_index": 1, "mag_id": "2169216096", "num_publications": 1, "num_citations": 1, "num_publications_5y": 0, "num_citations_5y": 0, "num_publications_10y": 0, "num_citations_10y": 0, "publications_years": {"1994": 1}, "citations_years": {"1995": 1}, "old_citations": {"1994": 1}, "isVisible": false}, "2173345052": {"name": "michael r hansen", "type": "author", "activity": 27, "h_index": 13, "h5_index": 1, "mag_id": "2173345052", "num_publications": 1, "num_citations": 81, "num_publications_5y": 0, "num_citations_5y": 4, "num_publications_10y": 0, "num_citations_10y": 9, "publications_years": {"1994": 1}, "citations_years": {"1993": 3, "1994": 2, "1995": 10, "1996": 11, "1997": 9, "1998": 3, "1999": 11, "2000": 3, "2001": 5, "2002": 6, "2003": 2, "2004": 2, "2005": 1, "2006": 1, "2007": 3, "2008": 0, "2009": 1, "2010": 1, "2011": 0, "2012": 0, "2013": 3, "2014": 0, "2015": 2, "2016": 0, "2017": 1, "2018": 1}, "old_citations": {"1994": 81}, "isVisible": false}, "2193549561": {"name": "chris hostuart", "type": "author", "activity": 11, "h_index": 2, "h5_index": 0, "mag_id": "2193549561", "num_publications": 1, "num_citations": 37, "num_publications_5y": 0, "num_citations_5y": 7, "num_publications_10y": 0, "num_citations_10y": 16, "publications_years": {"1994": 1}, "citations_years": {"1995": 3, "1996": 1, "1997": 1, "1998": 0, "1999": 2, "2000": 2, "2001": 1, "2002": 1, "2003": 0, "2004": 2, "2005": 0, "2006": 0, "2007": 3, "2008": 2, "2009": 2, "2010": 0, "2011": 5, "2012": 1, "2013": 1, "2014": 3, "2015": 2, "2016": 0, "2017": 0, "2018": 2, "2019": 3}, "old_citations": {"1994": 37}, "isVisible": false}, "2276705114": {"name": "sdt", "type": "author", "activity": 1, "h_index": 1, "h5_index": 0, "mag_id": "2276705114", "num_publications": 1, "num_citations": 1, "num_publications_5y": 0, "num_citations_5y": 0, "num_publications_10y": 0, "num_citations_10y": 0, "publications_years": {"1994": 1}, "citations_years": {"1996": 1}, "old_citations": {"1994": 1}, "isVisible": false}, "2283651526": {"name": "ahmed bouajjani", "type": "author", "activity": 31, "h_index": 38, "h5_index": 5, "mag_id": "2283651526", "num_publications": 1, "num_citations": 20, "num_publications_5y": 0, "num_citations_5y": 0, "num_publications_10y": 0, "num_citations_10y": 3, "publications_years": {"1994": 1}, "citations_years": {"1994": 1, "1995": 5, "1996": 2, "1997": 1, "1998": 1, "1999": 1, "2000": 0, "2001": 0, "2002": 0, "2003": 1, "2004": 1, "2005": 0, "2006": 0, "2007": 2, "2008": 2, "2009": 0, "2010": 1, "2011": 1, "2012": 1}, "old_citations": {"1994": 20}, "isVisible": false}, "2285498729": {"name": "bengt jonsson", "type": "author", "activity": 30, "h_index": 37, "h5_index": 6, "mag_id": "2285498729", "num_publications": 1, "num_citations": 37, "num_publications_5y": 0, "num_citations_5y": 7, "num_publications_10y": 0, "num_citations_10y": 16, "publications_years": {"1994": 1}, "citations_years": {"1995": 3, "1996": 1, "1997": 1, "1998": 0, "1999": 2, "2000": 2, "2001": 1, "2002": 1, "2003": 0, "2004": 2, "2005": 0, "2006": 0, "2007": 3, "2008": 2, "2009": 2, "2010": 0, "2011": 5, "2012": 1, "2013": 1, "2014": 3, "2015": 2, "2016": 0, "2017": 0, "2018": 2, "2019": 3}, "old_citations": {"1994": 37}, "isVisible": false}, "2295575204": {"name": "albert benveniste", "type": "author", "activity": 30, "h_index": 31, "h5_index": 2, "mag_id": "2295575204", "num_publications": 1, "num_citations": 0, "num_publications_5y": 0, "num_citations_5y": 0, "num_publications_10y": 0, "num_citations_10y": 0, "publications_years": {"1994": 1}, "citations_years": {}, "old_citations": {"1994": 0}, "isVisible": false}, "2303465018": {"name": "zhiming liu", "type": "author", "activity": 30, "h_index": 21, "h5_index": 3, "mag_id": "2303465018", "num_publications": 1, "num_citations": 9, "num_publications_5y": 0, "num_citations_5y": 0, "num_publications_10y": 0, "num_citations_10y": 1, "publications_years": {"1994": 1}, "citations_years": {"1995": 2, "1996": 1, "1997": 0, "1998": 0, "1999": 1, "2000": 0, "2001": 1, "2002": 0, "2003": 0, "2004": 2, "2005": 0, "2006": 0, "2007": 0, "2008": 0, "2009": 1, "2010": 0, "2011": 0, "2012": 0, "2013": 0, "2014": 0, "2015": 0, "2016": 0, "2017": 0, "2018": 0, "2019": 1}, "old_citations": {"1994": 9}, "isVisible": false}, "2304933903": {"name": "anders p ravn", "type": "author", "activity": 28, "h_index": 18, "h5_index": 3, "mag_id": "2304933903", "num_publications": 1, "num_citations": 81, "num_publications_5y": 0, "num_citations_5y": 4, "num_publications_10y": 0, "num_citations_10y": 9, "publications_years": {"1994": 1}, "citations_years": {"1993": 3, "1994": 2, "1995": 10, "1996": 11, "1997": 9, "1998": 3, "1999": 11, "2000": 3, "2001": 5, "2002": 6, "2003": 2, "2004": 2, "2005": 1, "2006": 1, "2007": 3, "2008": 0, "2009": 1, "2010": 1, "2011": 0, "2012": 0, "2013": 3, "2014": 0, "2015": 2, "2016": 0, "2017": 1, "2018": 1}, "old_citations": {"1994": 81}, "isVisible": false}, "2315822392": {"name": "bernard c levy", "type": "author", "activity": 31, "h_index": 9, "h5_index": 2, "mag_id": "2315822392", "num_publications": 1, "num_citations": 0, "num_publications_5y": 0, "num_citations_5y": 0, "num_publications_10y": 0, "num_citations_10y": 0, "publications_years": {"1994": 1}, "citations_years": {}, "old_citations": {"1994": 0}, "isVisible": false}, "2414831505": {"name": "ji wang", "type": "author", "activity": 1, "h_index": 1, "h5_index": 0, "mag_id": "2414831505", "num_publications": 1, "num_citations": 23, "num_publications_5y": 0, "num_citations_5y": 0, "num_publications_10y": 0, "num_citations_10y": 0, "publications_years": {"1994": 1}, "citations_years": {"1994": 1, "1995": 4, "1996": 4, "1997": 2, "1998": 2, "1999": 5, "2000": 0, "2001": 0, "2002": 0, "2003": 0, "2004": 0, "2005": 1, "2006": 1, "2007": 2, "2008": 1}, "old_citations": {"1994": 23}, "isVisible": false}, "2444199987": {"name": "xinyao yu", "type": "author", "activity": 1, "h_index": 1, "h5_index": 0, "mag_id": "2444199987", "num_publications": 1, "num_citations": 23, "num_publications_5y": 0, "num_citations_5y": 0, "num_publications_10y": 0, "num_citations_10y": 0, "publications_years": {"1994": 1}, "citations_years": {"1994": 1, "1995": 4, "1996": 4, "1997": 2, "1998": 2, "1999": 5, "2000": 0, "2001": 0, "2002": 0, "2003": 0, "2004": 0, "2005": 1, "2006": 1, "2007": 2, "2008": 1}, "old_citations": {"1994": 23}, "isVisible": false}, "2464600553": {"name": "gerard berthelot", "type": "author", "activity": 13, "h_index": 4, "h5_index": 0, "mag_id": "2464600553", "num_publications": 1, "num_citations": 0, "num_publications_5y": 0, "num_citations_5y": 0, "num_publications_10y": 0, "num_citations_10y": 0, "publications_years": {"1994": 1}, "citations_years": {}, "old_citations": {"1994": 0}, "isVisible": false}, "2473213792": {"name": "itexde", "type": "author", "activity": 1, "h_index": 0, "h5_index": 0, "mag_id": "2473213792", "num_publications": 1, "num_citations": 0, "num_publications_5y": 0, "num_citations_5y": 0, "num_publications_10y": 0, "num_citations_10y": 0, "publications_years": {"1994": 1}, "citations_years": {}, "old_citations": {"1994": 0}, "isVisible": false}, "2484873973": {"name": "wil janssen", "type": "author", "activity": 26, "h_index": 12, "h5_index": 1, "mag_id": "2484873973", "num_publications": 1, "num_citations": 22, "num_publications_5y": 0, "num_citations_5y": 3, "num_publications_10y": 0, "num_citations_10y": 8, "publications_years": {"1994": 1}, "citations_years": {"1994": 1, "1995": 0, "1996": 2, "1997": 2, "1998": 3, "1999": 0, "2000": 2, "2001": 2, "2002": 0, "2003": 0, "2004": 0, "2005": 0, "2006": 0, "2007": 1, "2008": 1, "2009": 1, "2010": 1, "2011": 0, "2012": 1, "2013": 2, "2014": 0, "2015": 3}, "old_citations": {"1994": 22}, "isVisible": false}, "2509366269": {"name": "david kendall", "type": "author", "activity": 26, "h_index": 8, "h5_index": 1, "mag_id": "2509366269", "num_publications": 1, "num_citations": 8, "num_publications_5y": 0, "num_citations_5y": 0, "num_publications_10y": 0, "num_citations_10y": 2, "publications_years": {"1994": 1}, "citations_years": {"1994": 1, "1995": 1, "1996": 0, "1997": 0, "1998": 2, "1999": 0, "2000": 0, "2001": 1, "2002": 0, "2003": 0, "2004": 0, "2005": 0, "2006": 0, "2007": 1, "2008": 0, "2009": 0, "2010": 1, "2011": 0, "2012": 0, "2013": 1}, "old_citations": {"1994": 8}, "isVisible": false}, "2530421128": {"name": "peter kearney", "type": "author", "activity": 9, "h_index": 5, "h5_index": 0, "mag_id": "2530421128", "num_publications": 1, "num_citations": 3, "num_publications_5y": 0, "num_citations_5y": 0, "num_publications_10y": 0, "num_citations_10y": 0, "publications_years": {"1994": 1}, "citations_years": {"1995": 1, "1996": 0, "1997": 0, "1998": 0, "1999": 1, "2000": 0, "2001": 0, "2002": 1}, "old_citations": {"1994": 3}, "isVisible": false}, "2539053960": {"name": "indra polak", "type": "author", "activity": 1, "h_index": 1, "h5_index": 0, "mag_id": "2539053960", "num_publications": 1, "num_citations": 74, "num_publications_5y": 0, "num_citations_5y": 3, "num_publications_10y": 0, "num_citations_10y": 10, "publications_years": {"1994": 1}, "citations_years": {"1994": 1, "1995": 10, "1996": 17, "1997": 6, "1998": 5, "1999": 5, "2000": 2, "2001": 3, "2002": 1, "2003": 3, "2004": 1, "2005": 2, "2006": 2, "2007": 4, "2008": 2, "2009": 0, "2010": 1, "2011": 2, "2012": 0, "2013": 4, "2014": 0, "2015": 0, "2016": 0, "2017": 1, "2018": 2}, "old_citations": {"1994": 74}, "isVisible": false}, "2608217653": {"name": "john m rushby", "type": "author", "activity": 1, "h_index": 0, "h5_index": 0, "mag_id": "2608217653", "num_publications": 1, "num_citations": 0, "num_publications_5y": 0, "num_citations_5y": 0, "num_publications_10y": 0, "num_citations_10y": 0, "publications_years": {"1994": 1}, "citations_years": {}, "old_citations": {"1994": 0}, "isVisible": false}, "2610802586": {"name": "michael von der beeck", "type": "author", "activity": 3, "h_index": 2, "h5_index": 0, "mag_id": "2610802586", "num_publications": 1, "num_citations": 320, "num_publications_5y": 0, "num_citations_5y": 22, "num_publications_10y": 0, "num_citations_10y": 99, "publications_years": {"1994": 1}, "citations_years": {"1994": 1, "1995": 1, "1996": 14, "1997": 20, "1998": 12, "1999": 12, "2000": 25, "2001": 19, "2002": 19, "2003": 21, "2004": 7, "2005": 18, "2006": 21, "2007": 13, "2008": 15, "2009": 16, "2010": 24, "2011": 13, "2012": 14, "2013": 10, "2014": 6, "2015": 2, "2016": 6, "2017": 5, "2018": 3, "2019": 3}, "old_citations": {"1994": 320}, "isVisible": false}, "2627717281": {"name": "r s manjunatha", "type": "author", "activity": 1, "h_index": 1, "h5_index": 0, "mag_id": "2627717281", "num_publications": 1, "num_citations": 1, "num_publications_5y": 0, "num_citations_5y": 1, "num_publications_10y": 0, "num_citations_10y": 1, "publications_years": {"1994": 1}, "citations_years": {"2016": 1}, "old_citations": {"1994": 1}, "isVisible": false}, "2636645982": {"name": "klaus nokel", "type": "author", "activity": 2, "h_index": 1, "h5_index": 0, "mag_id": "2636645982", "num_publications": 1, "num_citations": 0, "num_publications_5y": 0, "num_citations_5y": 0, "num_publications_10y": 0, "num_citations_10y": 0, "publications_years": {"1994": 1}, "citations_years": {}, "old_citations": {"1994": 0}, "isVisible": false}, "2641280725": {"name": "poul bogh lassen", "type": "author", "activity": 1, "h_index": 1, "h5_index": 0, "mag_id": "2641280725", "num_publications": 1, "num_citations": 4, "num_publications_5y": 0, "num_citations_5y": 0, "num_publications_10y": 0, "num_citations_10y": 0, "publications_years": {"1994": 1}, "citations_years": {"1993": 1, "1994": 3}, "old_citations": {"1994": 4}, "isVisible": false}, "2653327867": {"name": "zheng jianping", "type": "author", "activity": 1, "h_index": 1, "h5_index": 0, "mag_id": "2653327867", "num_publications": 1, "num_citations": 5, "num_publications_5y": 0, "num_citations_5y": 0, "num_publications_10y": 0, "num_citations_10y": 0, "publications_years": {"1994": 1}, "citations_years": {"1997": 1, "1998": 1, "1999": 3}, "old_citations": {"1994": 5}, "isVisible": false}, "2653370181": {"name": "thomas filkorn", "type": "author", "activity": 1, "h_index": 0, "h5_index": 0, "mag_id": "2653370181", "num_publications": 1, "num_citations": 0, "num_publications_5y": 0, "num_citations_5y": 0, "num_publications_10y": 0, "num_citations_10y": 0, "publications_years": {"1994": 1}, "citations_years": {}, "old_citations": {"1994": 0}, "isVisible": false}, "2662549367": {"name": "n malik", "type": "author", "activity": 1, "h_index": 1, "h5_index": 0, "mag_id": "2662549367", "num_publications": 1, "num_citations": 1, "num_publications_5y": 0, "num_citations_5y": 1, "num_publications_10y": 0, "num_citations_10y": 1, "publications_years": {"1994": 1}, "citations_years": {"2016": 1}, "old_citations": {"1994": 1}, "isVisible": false}, "2672516615": {"name": "zheng yuhua", "type": "author", "activity": 1, "h_index": 1, "h5_index": 0, "mag_id": "2672516615", "num_publications": 1, "num_citations": 40, "num_publications_5y": 0, "num_citations_5y": 3, "num_publications_10y": 0, "num_citations_10y": 7, "publications_years": {"1994": 1}, "citations_years": {"1995": 5, "1996": 0, "1997": 4, "1998": 2, "1999": 2, "2000": 4, "2001": 2, "2002": 1, "2003": 3, "2004": 3, "2005": 1, "2006": 0, "2007": 3, "2008": 1, "2009": 1, "2010": 1, "2011": 0, "2012": 0, "2013": 2, "2014": 1, "2015": 1, "2016": 1, "2017": 0, "2018": 0, "2019": 2}, "old_citations": {"1994": 40}, "isVisible": false}, "2676794259": {"name": "s ramesh", "type": "author", "activity": 30, "h_index": 21, "h5_index": 1, "mag_id": "2676794259", "num_publications": 1, "num_citations": 1, "num_publications_5y": 0, "num_citations_5y": 0, "num_publications_10y": 0, "num_citations_10y": 0, "publications_years": {"1994": 1}, "citations_years": {"1995": 1}, "old_citations": {"1994": 1}, "isVisible": false}, "2703332040": {"name": "hansmartin horcher", "type": "author", "activity": 5, "h_index": 1, "h5_index": 0, "mag_id": "2703332040", "num_publications": 1, "num_citations": 0, "num_publications_5y": 0, "num_citations_5y": 0, "num_publications_10y": 0, "num_citations_10y": 0, "publications_years": {"1994": 1}, "citations_years": {}, "old_citations": {"1994": 0}, "isVisible": false}, "2703529112": {"name": "j k kishore", "type": "author", "activity": 1, "h_index": 1, "h5_index": 0, "mag_id": "2703529112", "num_publications": 1, "num_citations": 1, "num_publications_5y": 0, "num_citations_5y": 1, "num_publications_10y": 0, "num_citations_10y": 1, "publications_years": {"1994": 1}, "citations_years": {"2016": 1}, "old_citations": {"1994": 1}, "isVisible": false}, "2711115934": {"name": "steven bradley", "type": "author", "activity": 19, "h_index": 5, "h5_index": 0, "mag_id": "2711115934", "num_publications": 1, "num_citations": 8, "num_publications_5y": 0, "num_citations_5y": 0, "num_publications_10y": 0, "num_citations_10y": 2, "publications_years": {"1994": 1}, "citations_years": {"1994": 1, "1995": 1, "1996": 0, "1997": 0, "1998": 2, "1999": 0, "2000": 0, "2001": 1, "2002": 0, "2003": 0, "2004": 0, "2005": 0, "2006": 0, "2007": 1, "2008": 0, "2009": 0, "2010": 1, "2011": 0, "2012": 0, "2013": 1}, "old_citations": {"1994": 8}, "isVisible": false}, "2713796655": {"name": "thomas lindner", "type": "author", "activity": 1, "h_index": 1, "h5_index": 0, "mag_id": "2713796655", "num_publications": 1, "num_citations": 24, "num_publications_5y": 0, "num_citations_5y": 2, "num_publications_10y": 0, "num_citations_10y": 4, "publications_years": {"1994": 1}, "citations_years": {"1995": 3, "1996": 2, "1997": 0, "1998": 1, "1999": 3, "2000": 1, "2001": 4, "2002": 0, "2003": 1, "2004": 2, "2005": 1, "2006": 0, "2007": 2, "2008": 0, "2009": 0, "2010": 0, "2011": 0, "2012": 1, "2013": 1, "2014": 2}, "old_citations": {"1994": 24}, "isVisible": false}, "2789434753": {"name": "tomasz janowski", "type": "author", "activity": 3, "h_index": 3, "h5_index": 0, "mag_id": "2789434753", "num_publications": 1, "num_citations": 4, "num_publications_5y": 0, "num_citations_5y": 0, "num_publications_10y": 0, "num_citations_10y": 0, "publications_years": {"1994": 1}, "citations_years": {"1998": 1, "1999": 1, "2000": 1, "2001": 0, "2002": 1}, "old_citations": {"1994": 4}, "isVisible": false}, "2893968053": {"name": "riadh robbana", "type": "author", "activity": 2, "h_index": 4, "h5_index": 0, "mag_id": "2893968053", "num_publications": 1, "num_citations": 20, "num_publications_5y": 0, "num_citations_5y": 0, "num_publications_10y": 0, "num_citations_10y": 3, "publications_years": {"1994": 1}, "citations_years": {"1994": 1, "1995": 5, "1996": 2, "1997": 1, "1998": 1, "1999": 1, "2000": 0, "2001": 0, "2002": 0, "2003": 1, "2004": 1, "2005": 0, "2006": 0, "2007": 2, "2008": 2, "2009": 0, "2010": 1, "2011": 1, "2012": 1}, "old_citations": {"1994": 20}, "isVisible": false}, "2911301754": {"name": "qiwen xu", "type": "author", "activity": 1, "h_index": 1, "h5_index": 0, "mag_id": "2911301754", "num_publications": 1, "num_citations": 22, "num_publications_5y": 0, "num_citations_5y": 3, "num_publications_10y": 0, "num_citations_10y": 8, "publications_years": {"1994": 1}, "citations_years": {"1994": 1, "1995": 0, "1996": 2, "1997": 2, "1998": 3, "1999": 0, "2000": 2, "2001": 2, "2002": 0, "2003": 0, "2004": 0, "2005": 0, "2006": 0, "2007": 1, "2008": 1, "2009": 1, "2010": 1, "2011": 0, "2012": 1, "2013": 2, "2014": 0, "2015": 3}, "old_citations": {"1994": 22}, "isVisible": false}, "2920421281": {"name": "doeko j b bosscher", "type": "author", "activity": 1, "h_index": 1, "h5_index": 0, "mag_id": "2920421281", "num_publications": 1, "num_citations": 74, "num_publications_5y": 0, "num_citations_5y": 3, "num_publications_10y": 0, "num_citations_10y": 10, "publications_years": {"1994": 1}, "citations_years": {"1994": 1, "1995": 10, "1996": 17, "1997": 6, "1998": 5, "1999": 5, "2000": 2, "2001": 3, "2002": 1, "2003": 3, "2004": 1, "2005": 2, "2006": 2, "2007": 4, "2008": 2, "2009": 0, "2010": 1, "2011": 2, "2012": 0, "2013": 4, "2014": 0, "2015": 0, "2016": 0, "2017": 1, "2018": 2}, "old_citations": {"1994": 74}, "isVisible": false}, "2953179371": {"name": "limor fix", "type": "author", "activity": 27, "h_index": 9, "h5_index": 1, "mag_id": "2953179371", "num_publications": 1, "num_citations": 5, "num_publications_5y": 0, "num_citations_5y": 0, "num_publications_10y": 0, "num_citations_10y": 2, "publications_years": {"1994": 1}, "citations_years": {"1998": 1, "1999": 0, "2000": 0, "2001": 0, "2002": 0, "2003": 0, "2004": 0, "2005": 0, "2006": 1, "2007": 1, "2008": 0, "2009": 1, "2010": 1}, "old_citations": {"1994": 5}, "isVisible": false}, "2973516409": {"name": "oliver maffeis", "type": "author", "activity": 1, "h_index": 1, "h5_index": 0, "mag_id": "2973516409", "num_publications": 1, "num_citations": 32, "num_publications_5y": 0, "num_citations_5y": 6, "num_publications_10y": 0, "num_citations_10y": 18, "publications_years": {"1994": 1}, "citations_years": {"1996": 1, "1997": 3, "1998": 0, "1999": 1, "2000": 1, "2001": 0, "2002": 0, "2003": 0, "2004": 1, "2005": 2, "2006": 1, "2007": 1, "2008": 3, "2009": 6, "2010": 1, "2011": 3, "2012": 2, "2013": 0, "2014": 3, "2015": 2, "2016": 0, "2017": 1}, "old_citations": {"1994": 32}, "isVisible": false}, "2974344388": {"name": "paul le guernic", "type": "author", "activity": 1, "h_index": 1, "h5_index": 0, "mag_id": "2974344388", "num_publications": 1, "num_citations": 32, "num_publications_5y": 0, "num_citations_5y": 6, "num_publications_10y": 0, "num_citations_10y": 18, "publications_years": {"1994": 1}, "citations_years": {"1996": 1, "1997": 3, "1998": 0, "1999": 1, "2000": 1, "2001": 0, "2002": 0, "2003": 0, "2004": 1, "2005": 2, "2006": 1, "2007": 1, "2008": 3, "2009": 6, "2010": 1, "2011": 3, "2012": 2, "2013": 0, "2014": 3, "2015": 2, "2016": 0, "2017": 1}, "old_citations": {"1994": 32}, "isVisible": false}, "2974526290": {"name": "v k agrawal", "type": "author", "activity": 1, "h_index": 1, "h5_index": 0, "mag_id": "2974526290", "num_publications": 1, "num_citations": 1, "num_publications_5y": 0, "num_citations_5y": 1, "num_publications_10y": 0, "num_citations_10y": 1, "publications_years": {"1994": 1}, "citations_years": {"2016": 1}, "old_citations": {"1994": 1}, "isVisible": false}, "2974625555": {"name": "p s goel", "type": "author", "activity": 1, "h_index": 1, "h5_index": 0, "mag_id": "2974625555", "num_publications": 1, "num_citations": 1, "num_publications_5y": 0, "num_citations_5y": 1, "num_publications_10y": 0, "num_citations_10y": 1, "publications_years": {"1994": 1}, "citations_years": {"2016": 1}, "old_citations": {"1994": 1}, "isVisible": false}, "2984398454": {"name": "manfred broy", "type": "author", "activity": 21, "h_index": 4, "h5_index": 0, "mag_id": "2984398454", "num_publications": 1, "num_citations": 21, "num_publications_5y": 0, "num_citations_5y": 1, "num_publications_10y": 0, "num_citations_10y": 1, "publications_years": {"1994": 1}, "citations_years": {"1993": 1, "1994": 1, "1995": 4, "1996": 3, "1997": 4, "1998": 3, "1999": 1, "2000": 0, "2001": 2, "2002": 0, "2003": 1, "2004": 0, "2005": 0, "2006": 0, "2007": 0, "2008": 0, "2009": 0, "2010": 0, "2011": 0, "2012": 0, "2013": 0, "2014": 1}, "old_citations": {"1994": 21}, "isVisible": false}, "2985117984": {"name": "uwe schmidt", "type": "author", "activity": 5, "h_index": 1, "h5_index": 0, "mag_id": "2985117984", "num_publications": 1, "num_citations": 0, "num_publications_5y": 0, "num_citations_5y": 0, "num_publications_10y": 0, "num_citations_10y": 0, "publications_years": {"1994": 1}, "citations_years": {}, "old_citations": {"1994": 0}, "isVisible": false}, "2985774193": {"name": "chaochen zhou", "type": "author", "activity": 1, "h_index": 1, "h5_index": 0, "mag_id": "2985774193", "num_publications": 1, "num_citations": 56, "num_publications_5y": 0, "num_citations_5y": 5, "num_publications_10y": 0, "num_citations_10y": 17, "publications_years": {"1994": 1}, "citations_years": {"1995": 3, "1996": 2, "1997": 2, "1998": 4, "1999": 4, "2000": 1, "2001": 2, "2002": 4, "2003": 3, "2004": 3, "2005": 1, "2006": 1, "2007": 5, "2008": 4, "2009": 1, "2010": 2, "2011": 2, "2012": 2, "2013": 5, "2014": 3, "2015": 0, "2016": 0, "2017": 1, "2018": 1}, "old_citations": {"1994": 56}, "isVisible": false}}, "countries": {"United States": {"name": "United States", "type": "country", "h5_index": 308, "num_publications": 6, "num_citations": 125, "num_publications_5y": 0, "num_citations_5y": 9, "num_publications_10y": 0, "num_citations_10y": 22, "publications_years": {"1994": 6}, "citations_years": {"1994": 7, "1995": 15, "1996": 7, "1997": 16, "1998": 7, "1999": 8, "2000": 4, "2001": 8, "2002": 7, "2003": 6, "2004": 5, "2005": 2, "2006": 3, "2007": 5, "2008": 2, "2009": 3, "2010": 4, "2011": 2, "2012": 2, "2013": 2, "2014": 1, "2015": 4, "2016": 1, "2017": 3, "2018": 0, "2019": 0, "2020": 1}, "old_citations": {"1994": 125}, "isVisible": false}, "United Kingdom": {"name": "United Kingdom", "type": "country", "h5_index": 172, "num_publications": 5, "num_citations": 107, "num_publications_5y": 0, "num_citations_5y": 4, "num_publications_10y": 0, "num_citations_10y": 12, "publications_years": {"1994": 5}, "citations_years": {"1994": 3, "1995": 13, "1996": 12, "1997": 10, "1998": 7, "1999": 16, "2000": 4, "2001": 7, "2002": 7, "2003": 2, "2004": 4, "2005": 1, "2006": 1, "2007": 4, "2008": 0, "2009": 2, "2010": 2, "2011": 0, "2012": 0, "2013": 4, "2014": 0, "2015": 2, "2016": 0, "2017": 1, "2018": 1, "2019": 1, "1993": 3}, "old_citations": {"1994": 107}, "isVisible": false}, "Netherlands": {"name": "Netherlands", "type": "country", "h5_index": 91, "num_publications": 4, "num_citations": 133, "num_publications_5y": 0, "num_citations_5y": 7, "num_publications_10y": 0, "num_citations_10y": 20, "publications_years": {"1994": 4}, "citations_years": {"1997": 15, "1998": 8, "1999": 7, "2000": 5, "2001": 10, "2002": 5, "2003": 4, "2004": 2, "2005": 3, "2006": 2, "2007": 5, "2008": 4, "2009": 1, "2010": 2, "2011": 2, "2012": 1, "2013": 7, "2014": 1, "1994": 2, "1995": 17, "1996": 24, "2015": 3, "2016": 0, "2017": 1, "2018": 2}, "old_citations": {"1994": 133}, "isVisible": false}, "Germany": {"name": "Germany", "type": "country", "h5_index": 139, "num_publications": 3, "num_citations": 406, "num_publications_5y": 0, "num_citations_5y": 27, "num_publications_10y": 0, "num_citations_10y": 110, "publications_years": {"1994": 3}, "citations_years": {"1997": 30, "1998": 15, "1999": 23, "2000": 28, "2001": 25, "2002": 25, "2003": 23, "2004": 10, "2005": 19, "2006": 22, "2007": 16, "2008": 15, "2009": 17, "2010": 25, "2011": 13, "2012": 14, "2013": 14, "2014": 7, "1994": 3, "1995": 11, "1996": 25, "2015": 4, "2016": 6, "2017": 6, "2018": 4, "2019": 3, "1993": 3}, "old_citations": {"1994": 406}, "isVisible": false}, "Israel": {"name": "Israel", "type": "country", "h5_index": 110, "num_publications": 3, "num_citations": 35, "num_publications_5y": 0, "num_citations_5y": 2, "num_publications_10y": 0, "num_citations_10y": 7, "publications_years": {"1994": 3}, "citations_years": {"1999": 3, "1994": 2, "1995": 5, "1996": 5, "1997": 3, "1998": 0, "2000": 1, "2001": 3, "2002": 1, "2003": 1, "2004": 0, "2005": 0, "2006": 2, "2007": 1, "2008": 0, "2009": 2, "2010": 2, "2011": 0, "2012": 1, "2013": 0, "2014": 2, "2015": 0, "2016": 0, "2017": 0, "2018": 0, "2019": 0, "2020": 1}, "old_citations": {"1994": 35}, "isVisible": false}, "Sweden": {"name": "Sweden", "type": "country", "h5_index": 82, "num_publications": 3, "num_citations": 67, "num_publications_5y": 0, "num_citations_5y": 13, "num_publications_10y": 0, "num_citations_10y": 26, "publications_years": {"1994": 3}, "citations_years": {"1995": 8, "1996": 3, "1997": 3, "1998": 1, "1999": 5, "2000": 5, "2001": 2, "2002": 2, "2003": 0, "2004": 3, "2005": 0, "2006": 1, "2007": 3, "2008": 2, "2009": 2, "2010": 1, "2011": 6, "2012": 3, "2013": 1, "2014": 5, "2015": 2, "2016": 3, "2017": 1, "2018": 2, "2019": 3}, "old_citations": {"1994": 67}, "isVisible": false}, "Australia": {"name": "Australia", "type": "country", "h5_index": 141, "num_publications": 2, "num_citations": 40, "num_publications_5y": 0, "num_citations_5y": 7, "num_publications_10y": 0, "num_citations_10y": 16, "publications_years": {"1994": 2}, "citations_years": {"1995": 4, "1996": 1, "1997": 1, "1998": 0, "1999": 3, "2000": 2, "2001": 1, "2002": 2, "2003": 0, "2004": 2, "2005": 0, "2006": 0, "2007": 3, "2008": 2, "2009": 2, "2010": 0, "2011": 5, "2012": 1, "2013": 1, "2014": 3, "2015": 2, "2016": 0, "2017": 0, "2018": 2, "2019": 3}, "old_citations": {"1994": 40}, "isVisible": false}, "Denmark": {"name": "Denmark", "type": "country", "h5_index": 65, "num_publications": 2, "num_citations": 145, "num_publications_5y": 0, "num_citations_5y": 5, "num_publications_10y": 0, "num_citations_10y": 14, "publications_years": {"1994": 2}, "citations_years": {"1994": 6, "1995": 18, "1996": 15, "1997": 19, "1998": 8, "1999": 16, "2000": 4, "2001": 8, "2002": 12, "2003": 4, "2004": 3, "2005": 3, "2006": 3, "2007": 7, "2008": 2, "2009": 1, "2010": 2, "2011": 0, "2012": 1, "2013": 5, "2014": 0, "2015": 2, "2016": 0, "2017": 2, "1993": 3, "2018": 1}, "old_citations": {"1994": 145}, "isVisible": false}, "France": {"name": "France", "type": "country", "h5_index": 99, "num_publications": 2, "num_citations": 3, "num_publications_5y": 0, "num_citations_5y": 0, "num_publications_10y": 0, "num_citations_10y": 0, "publications_years": {"1994": 2}, "citations_years": {"1995": 1, "1996": 1, "1997": 0, "1998": 0, "1999": 0, "2000": 0, "2001": 1}, "old_citations": {"1994": 3}, "isVisible": false}, "India": {"name": "India", "type": "country", "h5_index": 78, "num_publications": 2, "num_citations": 2, "num_publications_5y": 0, "num_citations_5y": 1, "num_publications_10y": 0, "num_citations_10y": 1, "publications_years": {"1994": 2}, "citations_years": {"2016": 1, "1995": 1}, "old_citations": {"1994": 2}, "isVisible": false}, "Spain": {"name": "Spain", "type": "country", "h5_index": 91, "num_publications": 2, "num_citations": 63, "num_publications_5y": 0, "num_citations_5y": 3, "num_publications_10y": 0, "num_citations_10y": 7, "publications_years": {"1994": 2}, "citations_years": {"1994": 1, "1995": 9, "1996": 4, "1997": 6, "1998": 4, "1999": 7, "2000": 4, "2001": 2, "2002": 1, "2003": 3, "2004": 3, "2005": 2, "2006": 1, "2007": 5, "2008": 2, "2009": 1, "2010": 1, "2011": 0, "2012": 0, "2013": 2, "2014": 1, "2015": 1, "2016": 1, "2017": 0, "2018": 0, "2019": 2}, "old_citations": {"1994": 63}, "isVisible": false}, "Finland": {"name": "Finland", "type": "country", "h5_index": 68, "num_publications": 1, "num_citations": 22, "num_publications_5y": 0, "num_citations_5y": 3, "num_publications_10y": 0, "num_citations_10y": 8, "publications_years": {"1994": 1}, "citations_years": {"1994": 1, "1995": 0, "1996": 2, "1997": 2, "1998": 3, "1999": 0, "2000": 2, "2001": 2, "2002": 0, "2003": 0, "2004": 0, "2005": 0, "2006": 0, "2007": 1, "2008": 1, "2009": 1, "2010": 1, "2011": 0, "2012": 1, "2013": 2, "2014": 0, "2015": 3}, "old_citations": {"1994": 22}, "isVisible": false}, "Japan": {"name": "Japan", "type": "country", "h5_index": 94, "num_publications": 1, "num_citations": 12, "num_publications_5y": 0, "num_citations_5y": 4, "num_publications_10y": 0, "num_citations_10y": 9, "publications_years": {"1994": 1}, "citations_years": {"2000": 2, "2001": 0, "2002": 0, "2003": 1, "2004": 0, "2005": 0, "2006": 0, "2007": 0, "2008": 0, "2009": 1, "2010": 0, "2011": 0, "2012": 2, "2013": 2, "2014": 1, "2015": 2, "2016": 0, "2017": 0, "2018": 1}, "old_citations": {"1994": 12}, "isVisible": false}}}, "conference_comparison": {"computer science": {}}, "topics_dna": {"publications": {}, "citations": {"normalized": {}, "average": {}}}, "info": {"num_publications": 45, "num_citations": 1080.0, "impact_factor": {}, "publications_years": {"1994": 45}, "citations_years": {"1993": 5, "1994": 21, "1995": 88, "1996": 88, "1997": 85, "1998": 50, "1999": 74, "2000": 53, "2001": 60, "2002": 48, "2003": 44, "2004": 34, "2005": 31, "2006": 34, "2007": 49, "2008": 40, "2009": 37, "2010": 43, "2011": 30, "2012": 30, "2013": 37, "2014": 28, "2015": 20, "2016": 16, "2017": 13, "2018": 10, "2019": 11, "2020": 1}, "old_citations": {"1994": 1080}, "h5_index": 0}, "percentile": {"computer science": {"1994": 97}}, "conference_ranking": {"computer science": {"1994": 109}}, "academia": {"num_publications": 24, "num_citations": 705, "publications_years": {"1994": 24}, "old_citations": {"1994": 705}, "num_publications_5y": 0, "num_citations_5y": 0, "num_publications_10y": 0, "num_citations_10y": 0}, "industry": {"num_publications": 0, "num_citations": 0, "publications_years": {}, "old_citations": {}, "num_publications_5y": 0, "num_citations_5y": 0, "num_publications_10y": 0, "num_citations_10y": 0}, "collaborative": {"num_publications": 0, "num_citations": 0, "publications_years": {}, "old_citations": {}, "num_publications_5y": 0, "num_citations_5y": 0, "num_publications_10y": 0, "num_citations_10y": 0}, "conferences": {}, "journals": {}, "organizations": {"publication_overall": ["Cornell University", "Eindhoven University of Technology", "Kiel University", "Stanford University", "Technical University of Denmark", "United Nations University Institute on Globalization, Culture and Mobility", "University of Oxford", "University of Warwick", "Uppsala University", "Weizmann Institute of Science", "Conservatoire National des Arts et M\u00e9tiers", "French Institute for Research in Computer Science and Automation", "Indian Space Research Organisation", "Link\u00f6ping University", "Northumbria University", "Queensland University of Technology", "RWTH Aachen University", "SRI International", "Tata Institute of Fundamental Research", "Tel Aviv University", "The Ohio State University", "Tokyo Institute of Technology", "University of Amsterdam", "University of Queensland", "University of Twente", "Utrecht University", "\u00c5bo Akademi University"], "citation_overall": ["RWTH Aachen University", "Technical University of Denmark", "Kiel University", "University of Oxford", "University of Amsterdam", "Utrecht University", "SRI International", "United Nations University Institute on Globalization, Culture and Mobility", "Uppsala University", "Eindhoven University of Technology", "Queensland University of Technology", "Cornell University", "Weizmann Institute of Science", "Stanford University", "University of Twente", "\u00c5bo Akademi University", "The Ohio State University", "University of Warwick", "Tokyo Institute of Technology", "Link\u00f6ping University", "Northumbria University", "French Institute for Research in Computer Science and Automation", "University of Queensland", "Indian Space Research Organisation", "Tata Institute of Fundamental Research", "Tel Aviv University", "Conservatoire National des Arts et M\u00e9tiers"], "publication_10_years": [], "citation_10_years": [], "publication_5_years": [], "citation_5_years": []}, "countries": {"publication_overall": ["United States", "United Kingdom", "Netherlands", "Germany", "Israel", "Sweden", "Australia", "Denmark", "France", "India", "Spain", "Finland", "Japan"], "citation_overall": ["Germany", "Denmark", "Netherlands", "United States", "United Kingdom", "Sweden", "Spain", "Australia", "Israel", "Finland", "Japan", "France", "India"], "publication_10_years": [], "citation_10_years": [], "publication_5_years": [], "citation_5_years": []}, "topics": {"publication_overall": ["computer science", "computer systems", "embedded systems", "software engineering", "artificial intelligence", "software design", "computer hardware", "engineering", "formal logic", "computer programming", "field programmable gate arrays (fpga)", "theoretical computer science", "digital signal processing", "knowledge based systems", "mobile robots", "object oriented programming", "online systems", "real time systems", "robotics", "signal processing"], "citation_overall": ["computer science", "computer systems", "artificial intelligence", "engineering", "embedded systems", "software engineering", "computer hardware", "theoretical computer science", "software design", "computer programming", "formal logic", "formal languages and automata theory", "field programmable gate arrays (fpga)", "digital signal processing", "knowledge based systems", "mobile robots", "object oriented programming", "online systems", "real time systems", "robotics"], "publication_10_years": [], "citation_10_years": [], "publication_5_years": [], "citation_5_years": []}, "main_topics": ["computer science"], "authors": {"publication_overall": ["2061488235", "2067908533", "2124415778", "2146370811", "2171343426", "2305016573", "2628685472", "2674544097", "2707196735", "2777027666", "5168973", "79147545", "123694094", "129682478", "192141652", "239998554", "245516513", "247179708", "266155097", "286612610", "375202641", "1132382337", "1815671024", "1898691322", "1980402524", "1997272549", "2040884273", "2052847585", "2096502524", "2096750770", "2097000653", "2100317081", "2104884964", "2105292859", "2106636992", "2108294572", "2118526916", "2124149729", "2126513744", "2127294868", "2131326225", "2139633246", "2147862440", "2150988912", "2151505697", "2152906826", "2155537987", "2166048438", "2169216096", "2173345052", "2193549561", "2276705114", "2283651526", "2285498729", "2295575204", "2303465018", "2304933903", "2315822392", "2414831505", "2444199987", "2464600553", "2473213792", "2484873973", "2509366269", "2530421128", "2539053960", "2608217653", "2610802586", "2627717281", "2636645982", "2641280725", "2653327867", "2653370181", "2662549367", "2672516615", "2676794259", "2703332040", "2703529112", "2711115934", "2713796655", "2789434753", "2893968053", "2911301754", "2920421281", "2953179371", "2973516409", "2974344388", "2974526290", "2974625555", "2984398454", "2985117984", "2985774193"], "citation_overall": ["2610802586", "2067908533", "2777027666", "79147545", "266155097", "1815671024", "2052847585", "2108294572", "2173345052", "2304933903", "2040884273", "2539053960", "2920421281", "2118526916", "2305016573", "2628685472", "2096750770", "2097000653", "2124415778", "2985774193", "2672516615", "2061488235", "2193549561", "2285498729", "2171343426", "2973516409", "2974344388", "2707196735", "2713796655", "2105292859", "2146370811", "2414831505", "2444199987", "2096502524", "2104884964", "2484873973", "2911301754", "2150988912", "2984398454", "1997272549", "2126513744", "2283651526", "2893968053", "2155537987", "286612610", "247179708", "2127294868", "192141652", "2124149729", "2147862440", "2303465018", "2100317081", "2166048438", "2509366269", "2711115934", "5168973", "245516513", "2106636992", "2653327867", "2953179371", "2641280725", "2789434753", "1132382337", "1898691322", "2530421128", "129682478", "375202641", "2152906826", "2169216096", "2276705114", "2627717281", "2662549367", "2676794259", "2703529112", "2974526290", "2974625555", "123694094", "239998554", "1980402524", "2131326225", "2139633246", "2151505697", "2295575204", "2315822392", "2464600553", "2473213792", "2608217653", "2636645982", "2653370181", "2674544097", "2703332040", "2985117984"], "publication_10_years": [], "citation_10_years": [], "publication_5_years": [], "citation_5_years": []}, "industrial_sectors": {"publication_overall": [], "citation_overall": [], "publication_10_years": [], "citation_10_years": [], "publication_5_years": [], "citation_5_years": []}}