{"name": "IEEE Faible Tension Faible Consommation", "acronym": "FTFC", "type": "conference", "uniqueEntities": {"organizations": {"Newcastle University": {"name": "Newcastle University", "type": "organization", "organization_type": "Education", "h_index": 85, "h5_index": 37, "num_publications": 4, "num_citations": 13, "num_publications_5y": 2, "num_citations_5y": 12, "num_publications_10y": 4, "num_citations_10y": 13, "publications_years": {"2014": 2, "2012": 1, "2013": 1}, "citations_years": {"2015": 5, "2016": 1, "2017": 1, "2018": 3, "2013": 1, "2014": 2}, "old_citations": {"2014": 8, "2012": 4, "2013": 1}, "isVisible": false}, "University of Montpellier": {"name": "University of Montpellier", "type": "organization", "organization_type": "Education", "h_index": 56, "h5_index": 19, "num_publications": 3, "num_citations": 13, "num_publications_5y": 0, "num_citations_5y": 10, "num_publications_10y": 3, "num_citations_10y": 13, "publications_years": {"2012": 2, "2013": 1}, "citations_years": {"2013": 3, "2014": 3, "2015": 4, "2016": 2, "2017": 1}, "old_citations": {"2012": 6, "2013": 7}, "isVisible": false}, "French National Centre for Scientific Research": {"name": "French National Centre for Scientific Research", "type": "organization", "organization_type": "Government", "h_index": 177, "h5_index": 44, "num_publications": 2, "num_citations": 13, "num_publications_5y": 1, "num_citations_5y": 12, "num_publications_10y": 2, "num_citations_10y": 13, "publications_years": {"2014": 1, "2012": 1}, "citations_years": {"2016": 1, "2017": 4, "2013": 1, "2014": 3, "2015": 2, "2018": 2}, "old_citations": {"2014": 3, "2012": 10}, "isVisible": false}, "Ain Shams University": {"name": "Ain Shams University", "type": "organization", "organization_type": "Education", "h_index": 34, "h5_index": 15, "num_publications": 1, "num_citations": 7, "num_publications_5y": 1, "num_citations_5y": 5, "num_publications_10y": 1, "num_citations_10y": 5, "publications_years": {"2014": 1}, "citations_years": {"2015": 3, "2016": 1, "2017": 1, "2018": 0, "2019": 2}, "old_citations": {"2014": 7}, "isVisible": false}, "Aix-Marseille University": {"name": "Aix-Marseille University", "type": "organization", "organization_type": "Education", "h_index": 50, "h5_index": 18, "num_publications": 1, "num_citations": 10, "num_publications_5y": 0, "num_citations_5y": 8, "num_publications_10y": 1, "num_citations_10y": 9, "publications_years": {"2013": 1}, "citations_years": {"2013": 1, "2014": 2, "2015": 1, "2016": 4, "2017": 1, "2018": 0, "2019": 1}, "old_citations": {"2013": 10}, "isVisible": false}, "Bar-Ilan University": {"name": "Bar-Ilan University", "type": "organization", "organization_type": "Education", "h_index": 108, "h5_index": 35, "num_publications": 1, "num_citations": 1, "num_publications_5y": 1, "num_citations_5y": 1, "num_publications_10y": 1, "num_citations_10y": 1, "publications_years": {"2014": 1}, "citations_years": {"2018": 1}, "old_citations": {"2014": 1}, "isVisible": false}, "Birla Institute of Technology and Science, Pilani": {"name": "Birla Institute of Technology and Science, Pilani", "type": "organization", "organization_type": "Education", "h_index": 37, "h5_index": 19, "num_publications": 1, "num_citations": 3, "num_publications_5y": 0, "num_citations_5y": 1, "num_publications_10y": 1, "num_citations_10y": 2, "publications_years": {"2012": 1}, "citations_years": {"2013": 1, "2014": 0, "2015": 0, "2016": 1, "2017": 0, "2018": 0, "2019": 0, "2020": 1}, "old_citations": {"2012": 3}, "isVisible": false}, "Bo\u011fazi\u00e7i University": {"name": "Bo\u011fazi\u00e7i University", "type": "organization", "organization_type": "Education", "h_index": 77, "h5_index": 19, "num_publications": 1, "num_citations": 0, "num_publications_5y": 1, "num_citations_5y": 0, "num_publications_10y": 1, "num_citations_10y": 0, "publications_years": {"2014": 1}, "citations_years": {}, "old_citations": {"2014": 0}, "isVisible": false}, "Delft University of Technology": {"name": "Delft University of Technology", "type": "organization", "organization_type": "Education", "h_index": 160, "h5_index": 46, "num_publications": 1, "num_citations": 4, "num_publications_5y": 0, "num_citations_5y": 3, "num_publications_10y": 1, "num_citations_10y": 3, "publications_years": {"2013": 1}, "citations_years": {"2015": 2, "2016": 0, "2017": 1, "2018": 0, "2019": 1}, "old_citations": {"2013": 4}, "isVisible": false}, "French Institute for Research in Computer Science and Automation": {"name": "French Institute for Research in Computer Science and Automation", "type": "organization", "organization_type": "Government", "h_index": 247, "h5_index": 53, "num_publications": 1, "num_citations": 1, "num_publications_5y": 0, "num_citations_5y": 0, "num_publications_10y": 1, "num_citations_10y": 1, "publications_years": {"2012": 1}, "citations_years": {"2012": 1}, "old_citations": {"2012": 1}, "isVisible": false}, "Gifu University": {"name": "Gifu University", "type": "organization", "organization_type": "Education", "h_index": 30, "h5_index": 7, "num_publications": 1, "num_citations": 7, "num_publications_5y": 0, "num_citations_5y": 6, "num_publications_10y": 1, "num_citations_10y": 6, "publications_years": {"2013": 1}, "citations_years": {"2014": 3, "2015": 1, "2016": 0, "2017": 0, "2018": 2, "2019": 1}, "old_citations": {"2013": 7}, "isVisible": false}, "Hong Kong University of Science and Technology": {"name": "Hong Kong University of Science and Technology", "type": "organization", "organization_type": "Education", "h_index": 194, "h5_index": 55, "num_publications": 1, "num_citations": 0, "num_publications_5y": 1, "num_citations_5y": 0, "num_publications_10y": 1, "num_citations_10y": 0, "publications_years": {"2014": 1}, "citations_years": {}, "old_citations": {"2014": 0}, "isVisible": false}, "Jordan University of Science and Technology": {"name": "Jordan University of Science and Technology", "type": "organization", "organization_type": "Education", "h_index": 55, "h5_index": 32, "num_publications": 1, "num_citations": 0, "num_publications_5y": 0, "num_citations_5y": 0, "num_publications_10y": 1, "num_citations_10y": 0, "publications_years": {"2013": 1}, "citations_years": {}, "old_citations": {"2013": 0}, "isVisible": false}, "KU Leuven": {"name": "KU Leuven", "type": "organization", "organization_type": "Education", "h_index": 183, "h5_index": 52, "num_publications": 1, "num_citations": 1, "num_publications_5y": 1, "num_citations_5y": 1, "num_publications_10y": 1, "num_citations_10y": 1, "publications_years": {"2014": 1}, "citations_years": {"2015": 1}, "old_citations": {"2014": 1}, "isVisible": false}, "Kobe University": {"name": "Kobe University", "type": "organization", "organization_type": "Education", "h_index": 51, "h5_index": 14, "num_publications": 1, "num_citations": 0, "num_publications_5y": 0, "num_citations_5y": 0, "num_publications_10y": 1, "num_citations_10y": 0, "publications_years": {"2012": 1}, "citations_years": {}, "old_citations": {"2012": 0}, "isVisible": false}, "Korea Advanced Institute of Science and Technology": {"name": "Korea Advanced Institute of Science and Technology", "type": "organization", "organization_type": "Education", "h_index": 154, "h5_index": 47, "num_publications": 1, "num_citations": 2, "num_publications_5y": 0, "num_citations_5y": 2, "num_publications_10y": 1, "num_citations_10y": 2, "publications_years": {"2013": 1}, "citations_years": {"2015": 1, "2016": 0, "2017": 0, "2018": 1}, "old_citations": {"2013": 2}, "isVisible": false}, "Korea Institute of Science and Technology": {"name": "Korea Institute of Science and Technology", "type": "organization", "organization_type": "Facility", "h_index": 44, "h5_index": 14, "num_publications": 1, "num_citations": 2, "num_publications_5y": 0, "num_citations_5y": 2, "num_publications_10y": 1, "num_citations_10y": 2, "publications_years": {"2013": 1}, "citations_years": {"2015": 1, "2016": 0, "2017": 0, "2018": 1}, "old_citations": {"2013": 2}, "isVisible": false}, "Lebanese University": {"name": "Lebanese University", "type": "organization", "organization_type": "Education", "h_index": 23, "h5_index": 13, "num_publications": 1, "num_citations": 2, "num_publications_5y": 0, "num_citations_5y": 2, "num_publications_10y": 1, "num_citations_10y": 2, "publications_years": {"2013": 1}, "citations_years": {"2014": 1, "2015": 0, "2016": 0, "2017": 0, "2018": 1}, "old_citations": {"2013": 2}, "isVisible": false}, "National Chiao Tung University": {"name": "National Chiao Tung University", "type": "organization", "organization_type": "Education", "h_index": 130, "h5_index": 31, "num_publications": 1, "num_citations": 0, "num_publications_5y": 1, "num_citations_5y": 0, "num_publications_10y": 1, "num_citations_10y": 0, "publications_years": {"2014": 1}, "citations_years": {}, "old_citations": {"2014": 0}, "isVisible": false}, "National Chung Cheng University": {"name": "National Chung Cheng University", "type": "organization", "organization_type": "Education", "h_index": 80, "h5_index": 17, "num_publications": 1, "num_citations": 0, "num_publications_5y": 1, "num_citations_5y": 0, "num_publications_10y": 1, "num_citations_10y": 0, "publications_years": {"2014": 1}, "citations_years": {}, "old_citations": {"2014": 0}, "isVisible": false}, "Nice Sophia Antipolis University": {"name": "Nice Sophia Antipolis University", "type": "organization", "organization_type": "Education", "h_index": 53, "h5_index": 12, "num_publications": 1, "num_citations": 1, "num_publications_5y": 0, "num_citations_5y": 1, "num_publications_10y": 1, "num_citations_10y": 1, "publications_years": {"2012": 1}, "citations_years": {"2015": 1}, "old_citations": {"2012": 1}, "isVisible": false}, "ParisTech": {"name": "ParisTech", "type": "organization", "organization_type": "Education", "h_index": 27, "h5_index": 9, "num_publications": 1, "num_citations": 2, "num_publications_5y": 0, "num_citations_5y": 2, "num_publications_10y": 1, "num_citations_10y": 2, "publications_years": {"2013": 1}, "citations_years": {"2015": 1, "2016": 0, "2017": 0, "2018": 1}, "old_citations": {"2013": 2}, "isVisible": false}, "Polytechnic University of Turin": {"name": "Polytechnic University of Turin", "type": "organization", "organization_type": "Education", "h_index": 108, "h5_index": 31, "num_publications": 1, "num_citations": 0, "num_publications_5y": 0, "num_citations_5y": 0, "num_publications_10y": 0, "num_citations_10y": 0, "publications_years": {"2008": 1}, "citations_years": {}, "old_citations": {"2008": 0}, "isVisible": false}, "STMicroelectronics (Switzerland)": {"name": "STMicroelectronics (Switzerland)", "type": "organization", "organization_type": "Company", "h_index": 86, "h5_index": 17, "num_publications": 1, "num_citations": 1, "num_publications_5y": 0, "num_citations_5y": 0, "num_publications_10y": 1, "num_citations_10y": 1, "publications_years": {"2012": 1}, "citations_years": {"2012": 1}, "old_citations": {"2012": 1}, "isVisible": false}, "Sewanee: The University of the South": {"name": "Sewanee: The University of the South", "type": "organization", "organization_type": "Education", "h_index": 26, "h5_index": 8, "num_publications": 1, "num_citations": 1, "num_publications_5y": 0, "num_citations_5y": 1, "num_publications_10y": 1, "num_citations_10y": 1, "publications_years": {"2012": 1}, "citations_years": {"2015": 1}, "old_citations": {"2012": 1}, "isVisible": false}, "University of Bucharest": {"name": "University of Bucharest", "type": "organization", "organization_type": "Education", "h_index": 29, "h5_index": 11, "num_publications": 1, "num_citations": 4, "num_publications_5y": 0, "num_citations_5y": 3, "num_publications_10y": 1, "num_citations_10y": 3, "publications_years": {"2013": 1}, "citations_years": {"2015": 2, "2016": 0, "2017": 1, "2018": 0, "2019": 1}, "old_citations": {"2013": 4}, "isVisible": false}, "University of Groningen": {"name": "University of Groningen", "type": "organization", "organization_type": "Education", "h_index": 92, "h5_index": 25, "num_publications": 1, "num_citations": 4, "num_publications_5y": 0, "num_citations_5y": 3, "num_publications_10y": 1, "num_citations_10y": 3, "publications_years": {"2013": 1}, "citations_years": {"2015": 2, "2016": 0, "2017": 1, "2018": 0, "2019": 1}, "old_citations": {"2013": 4}, "isVisible": false}, "University of Oslo": {"name": "University of Oslo", "type": "organization", "organization_type": "Education", "h_index": 100, "h5_index": 39, "num_publications": 1, "num_citations": 0, "num_publications_5y": 0, "num_citations_5y": 0, "num_publications_10y": 1, "num_citations_10y": 0, "publications_years": {"2013": 1}, "citations_years": {}, "old_citations": {"2013": 0}, "isVisible": false}, "University of Washington": {"name": "University of Washington", "type": "organization", "organization_type": "Education", "h_index": 312, "h5_index": 71, "num_publications": 1, "num_citations": 0, "num_publications_5y": 1, "num_citations_5y": 0, "num_publications_10y": 1, "num_citations_10y": 0, "publications_years": {"2014": 1}, "citations_years": {}, "old_citations": {"2014": 0}, "isVisible": false}, "Universit\u00e9 Catholique de Louvain": {"name": "Universit\u00e9 Catholique de Louvain", "type": "organization", "organization_type": "Education", "h_index": 113, "h5_index": 28, "num_publications": 1, "num_citations": 2, "num_publications_5y": 0, "num_citations_5y": 2, "num_publications_10y": 1, "num_citations_10y": 2, "publications_years": {"2013": 1}, "citations_years": {"2014": 1, "2015": 1}, "old_citations": {"2013": 2}, "isVisible": false}, "Vestfold University College": {"name": "Vestfold University College", "type": "organization", "organization_type": "Education", "h_index": 9, "h5_index": 0, "num_publications": 1, "num_citations": 2, "num_publications_5y": 0, "num_citations_5y": 1, "num_publications_10y": 1, "num_citations_10y": 2, "publications_years": {"2012": 1}, "citations_years": {"2013": 1, "2014": 0, "2015": 1}, "old_citations": {"2012": 2}, "isVisible": false}}, "topics": {"computer science": {"name": "computer science", "type": "topic", "h_index": 1779, "h5_index": 416, "num_publications": 36, "num_citations": 90, "num_publications_5y": 13, "num_citations_5y": 75, "num_publications_10y": 35, "num_citations_10y": 84, "publications_years": {"2013": 10, "2014": 13, "2012": 12, "2008": 1}, "citations_years": {"2016": 12, "2017": 9, "2015": 28, "2018": 11, "2013": 8, "2014": 15, "2019": 5, "2012": 1, "2020": 1}, "old_citations": {"2013": 35, "2014": 27, "2012": 28, "2008": 0}, "isVisible": false}, "computer hardware": {"name": "computer hardware", "type": "topic", "h_index": 1150, "h5_index": 279, "num_publications": 31, "num_citations": 78, "num_publications_5y": 11, "num_citations_5y": 65, "num_publications_10y": 31, "num_citations_10y": 74, "publications_years": {"2013": 9, "2014": 11, "2012": 11}, "citations_years": {"2016": 10, "2017": 8, "2013": 8, "2014": 15, "2015": 23, "2018": 9, "2019": 3, "2012": 1, "2020": 1}, "old_citations": {"2013": 33, "2014": 17, "2012": 28}, "isVisible": false}, "computer systems": {"name": "computer systems", "type": "topic", "h_index": 1595, "h5_index": 367, "num_publications": 30, "num_citations": 80, "num_publications_5y": 9, "num_citations_5y": 66, "num_publications_10y": 29, "num_citations_10y": 74, "publications_years": {"2013": 9, "2014": 9, "2012": 11, "2008": 1}, "citations_years": {"2016": 10, "2017": 9, "2013": 8, "2014": 15, "2015": 23, "2018": 9, "2019": 5, "2020": 1}, "old_citations": {"2013": 33, "2014": 20, "2012": 27, "2008": 0}, "isVisible": false}, "computer networks": {"name": "computer networks", "type": "topic", "h_index": 1262, "h5_index": 332, "num_publications": 27, "num_citations": 72, "num_publications_5y": 12, "num_citations_5y": 62, "num_publications_10y": 27, "num_citations_10y": 68, "publications_years": {"2013": 8, "2014": 12, "2012": 7}, "citations_years": {"2016": 8, "2017": 7, "2015": 24, "2018": 10, "2013": 6, "2014": 13, "2019": 3, "2020": 1}, "old_citations": {"2013": 21, "2014": 26, "2012": 25}, "isVisible": false}, "engineering": {"name": "engineering", "type": "topic", "h_index": 1177, "h5_index": 287, "num_publications": 23, "num_citations": 66, "num_publications_5y": 10, "num_citations_5y": 56, "num_publications_10y": 23, "num_citations_10y": 61, "publications_years": {"2013": 7, "2014": 10, "2012": 6}, "citations_years": {"2016": 6, "2017": 7, "2015": 23, "2018": 10, "2013": 5, "2014": 10, "2019": 4, "2020": 1}, "old_citations": {"2013": 16, "2014": 26, "2012": 24}, "isVisible": false}, "telecommunication systems": {"name": "telecommunication systems", "type": "topic", "h_index": 1187, "h5_index": 277, "num_publications": 21, "num_citations": 60, "num_publications_5y": 7, "num_citations_5y": 50, "num_publications_10y": 21, "num_citations_10y": 56, "publications_years": {"2013": 7, "2014": 7, "2012": 7}, "citations_years": {"2016": 6, "2017": 7, "2013": 6, "2014": 12, "2015": 18, "2018": 7, "2019": 3, "2020": 1}, "old_citations": {"2013": 19, "2014": 19, "2012": 22}, "isVisible": false}, "field programmable gate arrays (fpga)": {"name": "field programmable gate arrays (fpga)", "type": "topic", "h_index": 594, "h5_index": 149, "num_publications": 19, "num_citations": 47, "num_publications_5y": 6, "num_citations_5y": 39, "num_publications_10y": 19, "num_citations_10y": 44, "publications_years": {"2014": 6, "2013": 7, "2012": 6}, "citations_years": {"2014": 9, "2015": 17, "2016": 5, "2017": 3, "2018": 5, "2019": 2, "2013": 4, "2012": 1, "2020": 1}, "old_citations": {"2014": 13, "2013": 23, "2012": 11}, "isVisible": false}, "microprocessor chips": {"name": "microprocessor chips", "type": "topic", "h_index": 744, "h5_index": 175, "num_publications": 18, "num_citations": 48, "num_publications_5y": 4, "num_citations_5y": 39, "num_publications_10y": 18, "num_citations_10y": 46, "publications_years": {"2013": 6, "2014": 4, "2012": 8}, "citations_years": {"2013": 6, "2014": 11, "2015": 13, "2016": 6, "2017": 5, "2018": 4, "2019": 2, "2012": 1}, "old_citations": {"2013": 24, "2014": 2, "2012": 22}, "isVisible": false}, "embedded systems": {"name": "embedded systems", "type": "topic", "h_index": 799, "h5_index": 168, "num_publications": 16, "num_citations": 39, "num_publications_5y": 4, "num_citations_5y": 33, "num_publications_10y": 16, "num_citations_10y": 37, "publications_years": {"2014": 4, "2013": 6, "2012": 6}, "citations_years": {"2013": 4, "2014": 9, "2015": 11, "2016": 6, "2017": 3, "2018": 4, "2019": 2}, "old_citations": {"2014": 3, "2013": 26, "2012": 10}, "isVisible": false}, "mathematics": {"name": "mathematics", "type": "topic", "h_index": 1364, "h5_index": 300, "num_publications": 16, "num_citations": 55, "num_publications_5y": 5, "num_citations_5y": 44, "num_publications_10y": 16, "num_citations_10y": 50, "publications_years": {"2013": 5, "2014": 5, "2012": 6}, "citations_years": {"2016": 8, "2017": 7, "2013": 5, "2014": 8, "2015": 15, "2018": 6, "2019": 4, "2012": 1, "2020": 1}, "old_citations": {"2013": 19, "2014": 18, "2012": 18}, "isVisible": false}, "signal processing": {"name": "signal processing", "type": "topic", "h_index": 1012, "h5_index": 255, "num_publications": 16, "num_citations": 57, "num_publications_5y": 6, "num_citations_5y": 49, "num_publications_10y": 16, "num_citations_10y": 52, "publications_years": {"2013": 6, "2014": 6, "2012": 4}, "citations_years": {"2016": 6, "2017": 7, "2015": 19, "2018": 9, "2013": 3, "2014": 8, "2019": 4, "2020": 1}, "old_citations": {"2013": 15, "2014": 24, "2012": 18}, "isVisible": false}, "communication systems": {"name": "communication systems", "type": "topic", "h_index": 1092, "h5_index": 254, "num_publications": 15, "num_citations": 49, "num_publications_5y": 6, "num_citations_5y": 41, "num_publications_10y": 15, "num_citations_10y": 45, "publications_years": {"2014": 6, "2012": 4, "2013": 5}, "citations_years": {"2016": 4, "2017": 6, "2013": 4, "2014": 10, "2015": 15, "2018": 6, "2019": 3, "2020": 1}, "old_citations": {"2014": 18, "2012": 19, "2013": 12}, "isVisible": false}, "low power": {"name": "low power", "type": "topic", "h_index": 309, "h5_index": 70, "num_publications": 15, "num_citations": 41, "num_publications_5y": 6, "num_citations_5y": 35, "num_publications_10y": 15, "num_citations_10y": 38, "publications_years": {"2014": 6, "2012": 5, "2013": 4}, "citations_years": {"2016": 6, "2017": 5, "2013": 3, "2014": 10, "2015": 8, "2018": 6, "2019": 2, "2020": 1}, "old_citations": {"2014": 5, "2012": 15, "2013": 21}, "isVisible": false}, "wireless telecommunication systems": {"name": "wireless telecommunication systems", "type": "topic", "h_index": 1087, "h5_index": 254, "num_publications": 15, "num_citations": 49, "num_publications_5y": 6, "num_citations_5y": 41, "num_publications_10y": 15, "num_citations_10y": 45, "publications_years": {"2014": 6, "2012": 4, "2013": 5}, "citations_years": {"2016": 4, "2017": 6, "2013": 4, "2014": 10, "2015": 15, "2018": 6, "2019": 3, "2020": 1}, "old_citations": {"2014": 18, "2012": 19, "2013": 12}, "isVisible": false}, "bandwidth": {"name": "bandwidth", "type": "topic", "h_index": 922, "h5_index": 201, "num_publications": 12, "num_citations": 32, "num_publications_5y": 4, "num_citations_5y": 28, "num_publications_10y": 12, "num_citations_10y": 30, "publications_years": {"2013": 5, "2014": 4, "2012": 3}, "citations_years": {"2013": 2, "2014": 8, "2015": 10, "2016": 3, "2017": 4, "2018": 3, "2019": 2}, "old_citations": {"2013": 12, "2014": 8, "2012": 12}, "isVisible": false}, "distributed computer systems": {"name": "distributed computer systems", "type": "topic", "h_index": 985, "h5_index": 228, "num_publications": 12, "num_citations": 30, "num_publications_5y": 4, "num_citations_5y": 25, "num_publications_10y": 12, "num_citations_10y": 28, "publications_years": {"2014": 4, "2012": 4, "2013": 4}, "citations_years": {"2013": 3, "2014": 6, "2015": 8, "2016": 6, "2017": 3, "2018": 2, "2019": 2}, "old_citations": {"2014": 2, "2012": 6, "2013": 22}, "isVisible": false}, "distributed systems": {"name": "distributed systems", "type": "topic", "h_index": 859, "h5_index": 209, "num_publications": 12, "num_citations": 30, "num_publications_5y": 4, "num_citations_5y": 25, "num_publications_10y": 12, "num_citations_10y": 28, "publications_years": {"2014": 4, "2012": 4, "2013": 4}, "citations_years": {"2013": 3, "2014": 6, "2015": 8, "2016": 6, "2017": 3, "2018": 2, "2019": 2}, "old_citations": {"2014": 2, "2012": 6, "2013": 22}, "isVisible": false}, "parallel processing systems": {"name": "parallel processing systems", "type": "topic", "h_index": 845, "h5_index": 208, "num_publications": 12, "num_citations": 30, "num_publications_5y": 4, "num_citations_5y": 25, "num_publications_10y": 12, "num_citations_10y": 28, "publications_years": {"2014": 4, "2012": 4, "2013": 4}, "citations_years": {"2013": 3, "2014": 6, "2015": 8, "2016": 6, "2017": 3, "2018": 2, "2019": 2}, "old_citations": {"2014": 2, "2012": 6, "2013": 22}, "isVisible": false}, "telecommunication networks": {"name": "telecommunication networks", "type": "topic", "h_index": 1116, "h5_index": 258, "num_publications": 12, "num_citations": 27, "num_publications_5y": 3, "num_citations_5y": 23, "num_publications_10y": 12, "num_citations_10y": 26, "publications_years": {"2014": 3, "2012": 3, "2013": 6}, "citations_years": {"2013": 3, "2014": 9, "2015": 7, "2016": 2, "2017": 1, "2018": 4, "2019": 1}, "old_citations": {"2014": 2, "2012": 6, "2013": 19}, "isVisible": false}, "artificial intelligence": {"name": "artificial intelligence", "type": "topic", "h_index": 1421, "h5_index": 373, "num_publications": 11, "num_citations": 33, "num_publications_5y": 2, "num_citations_5y": 27, "num_publications_10y": 10, "num_citations_10y": 30, "publications_years": {"2013": 4, "2014": 2, "2012": 4, "2008": 1}, "citations_years": {"2016": 2, "2017": 5, "2013": 3, "2014": 7, "2015": 7, "2018": 6, "2019": 2, "2020": 1}, "old_citations": {"2013": 13, "2014": 4, "2012": 16, "2008": 0}, "isVisible": false}, "signal to noise ratio": {"name": "signal to noise ratio", "type": "topic", "h_index": 821, "h5_index": 194, "num_publications": 9, "num_citations": 42, "num_publications_5y": 3, "num_citations_5y": 35, "num_publications_10y": 9, "num_citations_10y": 37, "publications_years": {"2014": 3, "2012": 3, "2013": 3}, "citations_years": {"2016": 4, "2017": 7, "2013": 2, "2014": 6, "2015": 13, "2018": 5, "2019": 4, "2020": 1}, "old_citations": {"2014": 17, "2012": 14, "2013": 11}, "isVisible": false}, "sensors": {"name": "sensors", "type": "topic", "h_index": 960, "h5_index": 229, "num_publications": 10, "num_citations": 41, "num_publications_5y": 3, "num_citations_5y": 36, "num_publications_10y": 10, "num_citations_10y": 40, "publications_years": {"2014": 3, "2012": 4, "2013": 3}, "citations_years": {"2016": 2, "2017": 5, "2013": 4, "2014": 10, "2015": 12, "2018": 7, "2019": 1}, "old_citations": {"2014": 11, "2012": 20, "2013": 10}, "isVisible": false}, "communication channels (information theory)": {"name": "communication channels (information theory)", "type": "topic", "h_index": 925, "h5_index": 216, "num_publications": 8, "num_citations": 38, "num_publications_5y": 3, "num_citations_5y": 32, "num_publications_10y": 8, "num_citations_10y": 34, "publications_years": {"2014": 3, "2012": 3, "2013": 2}, "citations_years": {"2016": 4, "2017": 6, "2013": 2, "2014": 6, "2015": 11, "2018": 5, "2019": 3, "2020": 1}, "old_citations": {"2014": 17, "2012": 14, "2013": 7}, "isVisible": false}, "computer imaging and vision": {"name": "computer imaging and vision", "type": "topic", "h_index": 1142, "h5_index": 334, "num_publications": 9, "num_citations": 33, "num_publications_5y": 3, "num_citations_5y": 28, "num_publications_10y": 9, "num_citations_10y": 31, "publications_years": {"2014": 3, "2012": 3, "2013": 3}, "citations_years": {"2016": 1, "2017": 5, "2013": 3, "2014": 8, "2015": 9, "2018": 5, "2019": 2}, "old_citations": {"2014": 4, "2012": 16, "2013": 13}, "isVisible": false}, "image analysis": {"name": "image analysis", "type": "topic", "h_index": 988, "h5_index": 315, "num_publications": 9, "num_citations": 33, "num_publications_5y": 3, "num_citations_5y": 28, "num_publications_10y": 9, "num_citations_10y": 31, "publications_years": {"2014": 3, "2012": 3, "2013": 3}, "citations_years": {"2016": 1, "2017": 5, "2013": 3, "2014": 8, "2015": 9, "2018": 5, "2019": 2}, "old_citations": {"2014": 4, "2012": 16, "2013": 13}, "isVisible": false}}, "authors": {"2170704296": {"name": "alex yakovlev", "type": "author", "activity": 30, "h_index": 25, "h5_index": 6, "mag_id": "2170704296", "num_publications": 4, "num_citations": 13, "num_publications_5y": 2, "num_citations_5y": 12, "num_publications_10y": 4, "num_citations_10y": 13, "publications_years": {"2014": 2, "2012": 1, "2013": 1}, "citations_years": {"2015": 5, "2016": 1, "2017": 1, "2018": 3, "2013": 1, "2014": 2}, "old_citations": {"2014": 8, "2012": 4, "2013": 1}, "isVisible": false}, "2106589915": {"name": "danil sokolov", "type": "author", "activity": 19, "h_index": 12, "h5_index": 3, "mag_id": "2106589915", "num_publications": 3, "num_citations": 12, "num_publications_5y": 1, "num_citations_5y": 11, "num_publications_10y": 3, "num_citations_10y": 12, "publications_years": {"2014": 1, "2012": 1, "2013": 1}, "citations_years": {"2015": 5, "2016": 1, "2017": 1, "2018": 2, "2013": 1, "2014": 2}, "old_citations": {"2014": 7, "2012": 4, "2013": 1}, "isVisible": false}, "719300899": {"name": "francois vialatte", "type": "author", "activity": 10, "h_index": 11, "h5_index": 0, "mag_id": "719300899", "num_publications": 2, "num_citations": 5, "num_publications_5y": 1, "num_citations_5y": 5, "num_publications_10y": 2, "num_citations_10y": 5, "publications_years": {"2014": 1, "2013": 1}, "citations_years": {"2015": 2, "2016": 1, "2017": 0, "2018": 2}, "old_citations": {"2014": 3, "2013": 2}, "isVisible": false}, "1944158495": {"name": "edith beigne", "type": "author", "activity": 15, "h_index": 18, "h5_index": 7, "mag_id": "1944158495", "num_publications": 2, "num_citations": 6, "num_publications_5y": 0, "num_citations_5y": 3, "num_publications_10y": 2, "num_citations_10y": 6, "publications_years": {"2012": 2}, "citations_years": {"2013": 2, "2014": 1, "2015": 2, "2012": 1}, "old_citations": {"2012": 6}, "isVisible": false}, "2008692309": {"name": "edith kussener", "type": "author", "activity": 21, "h_index": 6, "h5_index": 1, "mag_id": "2008692309", "num_publications": 2, "num_citations": 13, "num_publications_5y": 1, "num_citations_5y": 12, "num_publications_10y": 2, "num_citations_10y": 13, "publications_years": {"2014": 1, "2012": 1}, "citations_years": {"2016": 1, "2017": 4, "2013": 1, "2014": 3, "2015": 2, "2018": 2}, "old_citations": {"2014": 3, "2012": 10}, "isVisible": false}, "2017125286": {"name": "y berg", "type": "author", "activity": 28, "h_index": 13, "h5_index": 3, "mag_id": "2017125286", "num_publications": 2, "num_citations": 2, "num_publications_5y": 0, "num_citations_5y": 1, "num_publications_10y": 2, "num_citations_10y": 2, "publications_years": {"2013": 1, "2012": 1}, "citations_years": {"2013": 1, "2014": 0, "2015": 1}, "old_citations": {"2013": 0, "2012": 2}, "isVisible": false}, "2091722715": {"name": "herve barthelemy", "type": "author", "activity": 26, "h_index": 8, "h5_index": 1, "mag_id": "2091722715", "num_publications": 2, "num_citations": 13, "num_publications_5y": 1, "num_citations_5y": 12, "num_publications_10y": 2, "num_citations_10y": 13, "publications_years": {"2014": 1, "2012": 1}, "citations_years": {"2016": 1, "2017": 4, "2013": 1, "2014": 3, "2015": 2, "2018": 2}, "old_citations": {"2014": 3, "2012": 10}, "isVisible": false}, "2100001850": {"name": "andrey mokhov", "type": "author", "activity": 16, "h_index": 11, "h5_index": 5, "mag_id": "2100001850", "num_publications": 2, "num_citations": 8, "num_publications_5y": 1, "num_citations_5y": 8, "num_publications_10y": 2, "num_citations_10y": 8, "publications_years": {"2014": 1, "2013": 1}, "citations_years": {"2015": 4, "2016": 1, "2017": 1, "2018": 1, "2014": 1}, "old_citations": {"2014": 7, "2013": 1}, "isVisible": false}, "2126237477": {"name": "lionel torres", "type": "author", "activity": 26, "h_index": 15, "h5_index": 6, "mag_id": "2126237477", "num_publications": 2, "num_citations": 12, "num_publications_5y": 0, "num_citations_5y": 10, "num_publications_10y": 2, "num_citations_10y": 12, "publications_years": {"2012": 1, "2013": 1}, "citations_years": {"2013": 2, "2014": 3, "2015": 4, "2016": 2, "2017": 1}, "old_citations": {"2012": 5, "2013": 7}, "isVisible": false}, "2153137898": {"name": "gerard dreyfus", "type": "author", "activity": 31, "h_index": 23, "h5_index": 3, "mag_id": "2153137898", "num_publications": 2, "num_citations": 5, "num_publications_5y": 1, "num_citations_5y": 5, "num_publications_10y": 2, "num_citations_10y": 5, "publications_years": {"2014": 1, "2013": 1}, "citations_years": {"2015": 2, "2016": 1, "2017": 0, "2018": 2}, "old_citations": {"2014": 3, "2013": 2}, "isVisible": false}, "2226551830": {"name": "julio alexander aguilar angulo", "type": "author", "activity": 3, "h_index": 2, "h5_index": 0, "mag_id": "2226551830", "num_publications": 2, "num_citations": 13, "num_publications_5y": 1, "num_citations_5y": 12, "num_publications_10y": 2, "num_citations_10y": 13, "publications_years": {"2014": 1, "2012": 1}, "citations_years": {"2016": 1, "2017": 4, "2013": 1, "2014": 3, "2015": 2, "2018": 2}, "old_citations": {"2014": 3, "2012": 10}, "isVisible": false}, "2306471935": {"name": "fei xia", "type": "author", "activity": 27, "h_index": 12, "h5_index": 3, "mag_id": "2306471935", "num_publications": 2, "num_citations": 5, "num_publications_5y": 1, "num_citations_5y": 4, "num_publications_10y": 2, "num_citations_10y": 5, "publications_years": {"2014": 1, "2012": 1}, "citations_years": {"2018": 2, "2013": 1, "2014": 1, "2015": 1, "2016": 0, "2017": 0}, "old_citations": {"2014": 1, "2012": 4}, "isVisible": false}, "2365394853": {"name": "benjamin duval", "type": "author", "activity": 12, "h_index": 4, "h5_index": 0, "mag_id": "2365394853", "num_publications": 2, "num_citations": 13, "num_publications_5y": 1, "num_citations_5y": 12, "num_publications_10y": 2, "num_citations_10y": 13, "publications_years": {"2014": 1, "2012": 1}, "citations_years": {"2016": 1, "2017": 4, "2013": 1, "2014": 3, "2015": 2, "2018": 2}, "old_citations": {"2014": 3, "2012": 10}, "isVisible": false}, "18225269": {"name": "nadine azemard", "type": "author", "activity": 25, "h_index": 9, "h5_index": 0, "mag_id": "18225269", "num_publications": 1, "num_citations": 1, "num_publications_5y": 0, "num_citations_5y": 0, "num_publications_10y": 1, "num_citations_10y": 1, "publications_years": {"2012": 1}, "citations_years": {"2013": 1}, "old_citations": {"2012": 1}, "isVisible": false}, "46614318": {"name": "bassem bakhache", "type": "author", "activity": 17, "h_index": 6, "h5_index": 0, "mag_id": "46614318", "num_publications": 1, "num_citations": 2, "num_publications_5y": 0, "num_citations_5y": 2, "num_publications_10y": 1, "num_citations_10y": 2, "publications_years": {"2013": 1}, "citations_years": {"2014": 1, "2015": 0, "2016": 0, "2017": 0, "2018": 1}, "old_citations": {"2013": 2}, "isVisible": false}, "104576384": {"name": "mehdi azadmehr", "type": "author", "activity": 15, "h_index": 6, "h5_index": 3, "mag_id": "104576384", "num_publications": 1, "num_citations": 2, "num_publications_5y": 0, "num_citations_5y": 1, "num_publications_10y": 1, "num_citations_10y": 2, "publications_years": {"2012": 1}, "citations_years": {"2013": 1, "2014": 0, "2015": 1}, "old_citations": {"2012": 2}, "isVisible": false}, "224261818": {"name": "angelo kuti lusala", "type": "author", "activity": 10, "h_index": 8, "h5_index": 0, "mag_id": "224261818", "num_publications": 1, "num_citations": 2, "num_publications_5y": 0, "num_citations_5y": 2, "num_publications_10y": 1, "num_citations_10y": 2, "publications_years": {"2013": 1}, "citations_years": {"2014": 1, "2015": 1}, "old_citations": {"2013": 2}, "isVisible": false}, "323764394": {"name": "enrico macii", "type": "author", "activity": 30, "h_index": 34, "h5_index": 9, "mag_id": "323764394", "num_publications": 1, "num_citations": 0, "num_publications_5y": 0, "num_citations_5y": 0, "num_publications_10y": 0, "num_citations_10y": 0, "publications_years": {"2008": 1}, "citations_years": {}, "old_citations": {"2008": 0}, "isVisible": false}, "333955387": {"name": "wim dehaene", "type": "author", "activity": 29, "h_index": 31, "h5_index": 7, "mag_id": "333955387", "num_publications": 1, "num_citations": 1, "num_publications_5y": 1, "num_citations_5y": 1, "num_publications_10y": 1, "num_citations_10y": 1, "publications_years": {"2014": 1}, "citations_years": {"2015": 1}, "old_citations": {"2014": 1}, "isVisible": false}, "1154524154": {"name": "maxim rykunov", "type": "author", "activity": 4, "h_index": 3, "h5_index": 0, "mag_id": "1154524154", "num_publications": 1, "num_citations": 1, "num_publications_5y": 0, "num_citations_5y": 1, "num_publications_10y": 1, "num_citations_10y": 1, "publications_years": {"2013": 1}, "citations_years": {"2014": 1}, "old_citations": {"2013": 1}, "isVisible": false}, "1233545922": {"name": "valeriu codreanu", "type": "author", "activity": 9, "h_index": 5, "h5_index": 3, "mag_id": "1233545922", "num_publications": 1, "num_citations": 4, "num_publications_5y": 0, "num_citations_5y": 3, "num_publications_10y": 1, "num_citations_10y": 3, "publications_years": {"2013": 1}, "citations_years": {"2015": 2, "2016": 0, "2017": 1, "2018": 0, "2019": 1}, "old_citations": {"2013": 4}, "isVisible": false}, "1499928074": {"name": "gilles r ducharme", "type": "author", "activity": 11, "h_index": 1, "h5_index": 1, "mag_id": "1499928074", "num_publications": 1, "num_citations": 1, "num_publications_5y": 0, "num_citations_5y": 0, "num_publications_10y": 1, "num_citations_10y": 1, "publications_years": {"2012": 1}, "citations_years": {"2013": 1}, "old_citations": {"2012": 1}, "isVisible": false}, "1782959188": {"name": "bertrand granado", "type": "author", "activity": 24, "h_index": 9, "h5_index": 3, "mag_id": "1782959188", "num_publications": 1, "num_citations": 4, "num_publications_5y": 1, "num_citations_5y": 4, "num_publications_10y": 1, "num_citations_10y": 4, "publications_years": {"2014": 1}, "citations_years": {"2015": 3, "2016": 1}, "old_citations": {"2014": 4}, "isVisible": false}, "1820626836": {"name": "olivier romain", "type": "author", "activity": 19, "h_index": 9, "h5_index": 4, "mag_id": "1820626836", "num_publications": 1, "num_citations": 4, "num_publications_5y": 1, "num_citations_5y": 4, "num_publications_10y": 1, "num_citations_10y": 4, "publications_years": {"2014": 1}, "citations_years": {"2015": 3, "2016": 1}, "old_citations": {"2014": 4}, "isVisible": false}, "1902016860": {"name": "nele reynders", "type": "author", "activity": 5, "h_index": 5, "h5_index": 0, "mag_id": "1902016860", "num_publications": 1, "num_citations": 1, "num_publications_5y": 1, "num_citations_5y": 1, "num_publications_10y": 1, "num_citations_10y": 1, "publications_years": {"2014": 1}, "citations_years": {"2015": 1}, "old_citations": {"2014": 1}, "isVisible": false}, "1957332605": {"name": "d deleruyelle", "type": "author", "activity": 15, "h_index": 6, "h5_index": 1, "mag_id": "1957332605", "num_publications": 1, "num_citations": 10, "num_publications_5y": 0, "num_citations_5y": 8, "num_publications_10y": 1, "num_citations_10y": 9, "publications_years": {"2013": 1}, "citations_years": {"2013": 1, "2014": 2, "2015": 1, "2016": 4, "2017": 1, "2018": 0, "2019": 1}, "old_citations": {"2013": 10}, "isVisible": false}, "1969022594": {"name": "hilal houssain", "type": "author", "activity": 9, "h_index": 3, "h5_index": 1, "mag_id": "1969022594", "num_publications": 1, "num_citations": 2, "num_publications_5y": 0, "num_citations_5y": 2, "num_publications_10y": 1, "num_citations_10y": 2, "publications_years": {"2013": 1}, "citations_years": {"2014": 1, "2015": 0, "2016": 0, "2017": 0, "2018": 1}, "old_citations": {"2013": 2}, "isVisible": false}, "1970495693": {"name": "bram rooseleer", "type": "author", "activity": 6, "h_index": 3, "h5_index": 0, "mag_id": "1970495693", "num_publications": 1, "num_citations": 1, "num_publications_5y": 1, "num_citations_5y": 1, "num_publications_10y": 1, "num_citations_10y": 1, "publications_years": {"2014": 1}, "citations_years": {"2015": 1}, "old_citations": {"2014": 1}, "isVisible": false}, "1974174368": {"name": "anatoli mordakhay", "type": "author", "activity": 7, "h_index": 3, "h5_index": 1, "mag_id": "1974174368", "num_publications": 1, "num_citations": 1, "num_publications_5y": 1, "num_citations_5y": 1, "num_publications_10y": 1, "num_citations_10y": 1, "publications_years": {"2014": 1}, "citations_years": {"2018": 1}, "old_citations": {"2014": 1}, "isVisible": false}, "1989548692": {"name": "bassem ouni", "type": "author", "activity": 7, "h_index": 3, "h5_index": 1, "mag_id": "1989548692", "num_publications": 1, "num_citations": 1, "num_publications_5y": 0, "num_citations_5y": 1, "num_publications_10y": 1, "num_citations_10y": 1, "publications_years": {"2012": 1}, "citations_years": {"2015": 1}, "old_citations": {"2012": 1}, "isVisible": false}, "2002706303": {"name": "marc belleville", "type": "author", "activity": 16, "h_index": 5, "h5_index": 0, "mag_id": "2002706303", "num_publications": 1, "num_citations": 1, "num_publications_5y": 0, "num_citations_5y": 0, "num_publications_10y": 1, "num_citations_10y": 1, "publications_years": {"2012": 1}, "citations_years": {"2012": 1}, "old_citations": {"2012": 1}, "isVisible": false}, "2007661729": {"name": "philippe maurine", "type": "author", "activity": 20, "h_index": 15, "h5_index": 4, "mag_id": "2007661729", "num_publications": 1, "num_citations": 1, "num_publications_5y": 0, "num_citations_5y": 0, "num_publications_10y": 1, "num_citations_10y": 1, "publications_years": {"2012": 1}, "citations_years": {"2013": 1}, "old_citations": {"2012": 1}, "isVisible": false}, "2017651423": {"name": "sorin cotofana", "type": "author", "activity": 26, "h_index": 15, "h5_index": 4, "mag_id": "2017651423", "num_publications": 1, "num_citations": 4, "num_publications_5y": 0, "num_citations_5y": 3, "num_publications_10y": 1, "num_citations_10y": 3, "publications_years": {"2013": 1}, "citations_years": {"2015": 2, "2016": 0, "2017": 1, "2018": 0, "2019": 1}, "old_citations": {"2013": 4}, "isVisible": false}, "2031114310": {"name": "lucian petrica", "type": "author", "activity": 10, "h_index": 4, "h5_index": 2, "mag_id": "2031114310", "num_publications": 1, "num_citations": 4, "num_publications_5y": 0, "num_citations_5y": 3, "num_publications_10y": 1, "num_citations_10y": 3, "publications_years": {"2013": 1}, "citations_years": {"2015": 2, "2016": 0, "2017": 1, "2018": 0, "2019": 1}, "old_citations": {"2013": 4}, "isVisible": false}, "2034560607": {"name": "anne lombardot", "type": "author", "activity": 2, "h_index": 1, "h5_index": 0, "mag_id": "2034560607", "num_publications": 1, "num_citations": 1, "num_publications_5y": 0, "num_citations_5y": 0, "num_publications_10y": 1, "num_citations_10y": 1, "publications_years": {"2012": 1}, "citations_years": {"2012": 1}, "old_citations": {"2012": 1}, "isVisible": false}, "2048104311": {"name": "eric senn", "type": "author", "activity": 21, "h_index": 13, "h5_index": 2, "mag_id": "2048104311", "num_publications": 1, "num_citations": 1, "num_publications_5y": 0, "num_citations_5y": 1, "num_publications_10y": 1, "num_citations_10y": 1, "publications_years": {"2012": 1}, "citations_years": {"2015": 1}, "old_citations": {"2012": 1}, "isVisible": false}, "2048471873": {"name": "charles latchoumane", "type": "author", "activity": 10, "h_index": 4, "h5_index": 1, "mag_id": "2048471873", "num_publications": 1, "num_citations": 2, "num_publications_5y": 0, "num_citations_5y": 2, "num_publications_10y": 1, "num_citations_10y": 2, "publications_years": {"2013": 1}, "citations_years": {"2015": 1, "2016": 0, "2017": 0, "2018": 1}, "old_citations": {"2013": 2}, "isVisible": false}, "2050158929": {"name": "francois stas", "type": "author", "activity": 7, "h_index": 3, "h5_index": 3, "mag_id": "2050158929", "num_publications": 1, "num_citations": 2, "num_publications_5y": 0, "num_citations_5y": 2, "num_publications_10y": 1, "num_citations_10y": 2, "publications_years": {"2013": 1}, "citations_years": {"2014": 1, "2015": 1}, "old_citations": {"2013": 2}, "isVisible": false}, "2051996401": {"name": "reza ramezani", "type": "author", "activity": 10, "h_index": 4, "h5_index": 2, "mag_id": "2051996401", "num_publications": 1, "num_citations": 4, "num_publications_5y": 0, "num_citations_5y": 3, "num_publications_10y": 1, "num_citations_10y": 4, "publications_years": {"2012": 1}, "citations_years": {"2013": 1, "2014": 1, "2015": 1, "2016": 0, "2017": 0, "2018": 1}, "old_citations": {"2012": 4}, "isVisible": false}, "2069779325": {"name": "imen dhif", "type": "author", "activity": 4, "h_index": 2, "h5_index": 1, "mag_id": "2069779325", "num_publications": 1, "num_citations": 4, "num_publications_5y": 1, "num_citations_5y": 4, "num_publications_10y": 1, "num_citations_10y": 4, "publications_years": {"2014": 1}, "citations_years": {"2015": 3, "2016": 1}, "old_citations": {"2014": 4}, "isVisible": false}, "2070628496": {"name": "smriti joshi", "type": "author", "activity": 2, "h_index": 1, "h5_index": 0, "mag_id": "2070628496", "num_publications": 1, "num_citations": 1, "num_publications_5y": 0, "num_citations_5y": 0, "num_publications_10y": 1, "num_citations_10y": 1, "publications_years": {"2012": 1}, "citations_years": {"2012": 1}, "old_citations": {"2012": 1}, "isVisible": false}, "2071852149": {"name": "toshikazu sekine", "type": "author", "activity": 23, "h_index": 8, "h5_index": 0, "mag_id": "2071852149", "num_publications": 1, "num_citations": 7, "num_publications_5y": 0, "num_citations_5y": 6, "num_publications_10y": 1, "num_citations_10y": 6, "publications_years": {"2013": 1}, "citations_years": {"2014": 3, "2015": 1, "2016": 0, "2017": 0, "2018": 2, "2019": 1}, "old_citations": {"2013": 7}, "isVisible": false}, "2077657242": {"name": "jeandidier legat", "type": "author", "activity": 30, "h_index": 24, "h5_index": 3, "mag_id": "2077657242", "num_publications": 1, "num_citations": 2, "num_publications_5y": 0, "num_citations_5y": 2, "num_publications_10y": 1, "num_citations_10y": 2, "publications_years": {"2013": 1}, "citations_years": {"2014": 1, "2015": 1}, "old_citations": {"2013": 2}, "isVisible": false}, "2094578476": {"name": "emna kallel", "type": "author", "activity": 9, "h_index": 1, "h5_index": 0, "mag_id": "2094578476", "num_publications": 1, "num_citations": 0, "num_publications_5y": 0, "num_citations_5y": 0, "num_publications_10y": 1, "num_citations_10y": 0, "publications_years": {"2012": 1}, "citations_years": {}, "old_citations": {"2012": 0}, "isVisible": false}, "2098869992": {"name": "shunsuke okumura", "type": "author", "activity": 8, "h_index": 8, "h5_index": 0, "mag_id": "2098869992", "num_publications": 1, "num_citations": 0, "num_publications_5y": 0, "num_citations_5y": 0, "num_publications_10y": 1, "num_citations_10y": 0, "publications_years": {"2012": 1}, "citations_years": {}, "old_citations": {"2012": 0}, "isVisible": false}, "2100969606": {"name": "delong shang", "type": "author", "activity": 15, "h_index": 9, "h5_index": 1, "mag_id": "2100969606", "num_publications": 1, "num_citations": 1, "num_publications_5y": 1, "num_citations_5y": 1, "num_publications_10y": 1, "num_citations_10y": 1, "publications_years": {"2014": 1}, "citations_years": {"2018": 1}, "old_citations": {"2014": 1}, "isVisible": false}, "2106138971": {"name": "tienfu chen", "type": "author", "activity": 27, "h_index": 16, "h5_index": 5, "mag_id": "2106138971", "num_publications": 1, "num_citations": 0, "num_publications_5y": 1, "num_citations_5y": 0, "num_publications_10y": 1, "num_citations_10y": 0, "publications_years": {"2014": 1}, "citations_years": {}, "old_citations": {"2014": 0}, "isVisible": false}, "2109295558": {"name": "fakhreddine ghaffari", "type": "author", "activity": 17, "h_index": 7, "h5_index": 4, "mag_id": "2109295558", "num_publications": 1, "num_citations": 4, "num_publications_5y": 1, "num_citations_5y": 4, "num_publications_10y": 1, "num_citations_10y": 4, "publications_years": {"2014": 1}, "citations_years": {"2015": 3, "2016": 1}, "old_citations": {"2014": 4}, "isVisible": false}, "2110561404": {"name": "m b srinivas", "type": "author", "activity": 16, "h_index": 18, "h5_index": 3, "mag_id": "2110561404", "num_publications": 1, "num_citations": 3, "num_publications_5y": 0, "num_citations_5y": 1, "num_publications_10y": 1, "num_citations_10y": 2, "publications_years": {"2012": 1}, "citations_years": {"2013": 1, "2014": 0, "2015": 0, "2016": 1, "2017": 0, "2018": 0, "2019": 0, "2020": 1}, "old_citations": {"2012": 3}, "isVisible": false}, "2112327300": {"name": "antoine gaume", "type": "author", "activity": 9, "h_index": 3, "h5_index": 1, "mag_id": "2112327300", "num_publications": 1, "num_citations": 3, "num_publications_5y": 1, "num_citations_5y": 3, "num_publications_10y": 1, "num_citations_10y": 3, "publications_years": {"2014": 1}, "citations_years": {"2015": 1, "2016": 1, "2017": 0, "2018": 1}, "old_citations": {"2014": 3}, "isVisible": false}, "2113660176": {"name": "yuhui bai", "type": "author", "activity": 3, "h_index": 3, "h5_index": 0, "mag_id": "2113660176", "num_publications": 1, "num_citations": 4, "num_publications_5y": 1, "num_citations_5y": 4, "num_publications_10y": 1, "num_citations_10y": 4, "publications_years": {"2014": 1}, "citations_years": {"2015": 3, "2016": 1}, "old_citations": {"2014": 4}, "isVisible": false}, "2115213737": {"name": "m abid", "type": "author", "activity": 26, "h_index": 14, "h5_index": 6, "mag_id": "2115213737", "num_publications": 1, "num_citations": 0, "num_publications_5y": 0, "num_citations_5y": 0, "num_publications_10y": 1, "num_citations_10y": 0, "publications_years": {"2012": 1}, "citations_years": {}, "old_citations": {"2012": 0}, "isVisible": false}, "2117186479": {"name": "david bol", "type": "author", "activity": 15, "h_index": 14, "h5_index": 4, "mag_id": "2117186479", "num_publications": 1, "num_citations": 2, "num_publications_5y": 0, "num_citations_5y": 2, "num_publications_10y": 1, "num_citations_10y": 2, "publications_years": {"2013": 1}, "citations_years": {"2014": 1, "2015": 1}, "old_citations": {"2013": 2}, "isVisible": false}, "2117273324": {"name": "raphael martins brum", "type": "author", "activity": 5, "h_index": 5, "h5_index": 0, "mag_id": "2117273324", "num_publications": 1, "num_citations": 7, "num_publications_5y": 0, "num_citations_5y": 7, "num_publications_10y": 1, "num_citations_10y": 7, "publications_years": {"2013": 1}, "citations_years": {"2014": 2, "2015": 2, "2016": 2, "2017": 1}, "old_citations": {"2013": 7}, "isVisible": false}, "2121265325": {"name": "mani soma", "type": "author", "activity": 27, "h_index": 19, "h5_index": 1, "mag_id": "2121265325", "num_publications": 1, "num_citations": 0, "num_publications_5y": 1, "num_citations_5y": 0, "num_publications_10y": 1, "num_citations_10y": 0, "publications_years": {"2014": 1}, "citations_years": {}, "old_citations": {"2014": 0}, "isVisible": false}, "2121339839": {"name": "jaesung jeong", "type": "author", "activity": 3, "h_index": 2, "h5_index": 0, "mag_id": "2121339839", "num_publications": 1, "num_citations": 2, "num_publications_5y": 0, "num_citations_5y": 2, "num_publications_10y": 1, "num_citations_10y": 2, "publications_years": {"2013": 1}, "citations_years": {"2015": 1, "2016": 0, "2017": 0, "2018": 1}, "old_citations": {"2013": 2}, "isVisible": false}, "2134401920": {"name": "ivan miropanades", "type": "author", "activity": 13, "h_index": 8, "h5_index": 4, "mag_id": "2134401920", "num_publications": 1, "num_citations": 5, "num_publications_5y": 0, "num_citations_5y": 3, "num_publications_10y": 1, "num_citations_10y": 5, "publications_years": {"2012": 1}, "citations_years": {"2013": 2, "2014": 1, "2015": 2}, "old_citations": {"2012": 5}, "isVisible": false}, "2136425142": {"name": "cancio monteiro", "type": "author", "activity": 8, "h_index": 3, "h5_index": 0, "mag_id": "2136425142", "num_publications": 1, "num_citations": 7, "num_publications_5y": 0, "num_citations_5y": 6, "num_publications_10y": 1, "num_citations_10y": 6, "publications_years": {"2013": 1}, "citations_years": {"2014": 3, "2015": 1, "2016": 0, "2017": 0, "2018": 2, "2019": 1}, "old_citations": {"2013": 7}, "isVisible": false}, "2137117926": {"name": "mansun chan", "type": "author", "activity": 25, "h_index": 15, "h5_index": 4, "mag_id": "2137117926", "num_publications": 1, "num_citations": 0, "num_publications_5y": 1, "num_citations_5y": 0, "num_publications_10y": 1, "num_citations_10y": 0, "publications_years": {"2014": 1}, "citations_years": {}, "old_citations": {"2014": 0}, "isVisible": false}, "2140055439": {"name": "syed zahid ahmed", "type": "author", "activity": 7, "h_index": 2, "h5_index": 0, "mag_id": "2140055439", "num_publications": 1, "num_citations": 4, "num_publications_5y": 1, "num_citations_5y": 4, "num_publications_10y": 1, "num_citations_10y": 4, "publications_years": {"2014": 1}, "citations_years": {"2015": 3, "2016": 1}, "old_citations": {"2014": 4}, "isVisible": false}, "2140371007": {"name": "gunhan dundar", "type": "author", "activity": 29, "h_index": 16, "h5_index": 4, "mag_id": "2140371007", "num_publications": 1, "num_citations": 0, "num_publications_5y": 1, "num_citations_5y": 0, "num_publications_10y": 1, "num_citations_10y": 0, "publications_years": {"2014": 1}, "citations_years": {}, "old_citations": {"2014": 0}, "isVisible": false}, "2142634190": {"name": "suzanne lesecq", "type": "author", "activity": 20, "h_index": 8, "h5_index": 2, "mag_id": "2142634190", "num_publications": 1, "num_citations": 5, "num_publications_5y": 0, "num_citations_5y": 3, "num_publications_10y": 1, "num_citations_10y": 5, "publications_years": {"2012": 1}, "citations_years": {"2013": 2, "2014": 1, "2015": 2}, "old_citations": {"2012": 5}, "isVisible": false}, "2151186864": {"name": "abdullah baz", "type": "author", "activity": 12, "h_index": 2, "h5_index": 1, "mag_id": "2151186864", "num_publications": 1, "num_citations": 1, "num_publications_5y": 1, "num_citations_5y": 1, "num_publications_10y": 1, "num_citations_10y": 1, "publications_years": {"2014": 1}, "citations_years": {"2018": 1}, "old_citations": {"2014": 1}, "isVisible": false}, "2156411398": {"name": "tayjyi lin", "type": "author", "activity": 20, "h_index": 10, "h5_index": 2, "mag_id": "2156411398", "num_publications": 1, "num_citations": 0, "num_publications_5y": 1, "num_citations_5y": 0, "num_publications_10y": 1, "num_citations_10y": 0, "publications_years": {"2014": 1}, "citations_years": {}, "old_citations": {"2014": 0}, "isVisible": false}, "2159304535": {"name": "p sai phaneendra", "type": "author", "activity": 6, "h_index": 3, "h5_index": 1, "mag_id": "2159304535", "num_publications": 1, "num_citations": 3, "num_publications_5y": 0, "num_citations_5y": 1, "num_publications_10y": 1, "num_citations_10y": 2, "publications_years": {"2012": 1}, "citations_years": {"2013": 1, "2014": 0, "2015": 0, "2016": 1, "2017": 0, "2018": 0, "2019": 0, "2020": 1}, "old_citations": {"2012": 3}, "isVisible": false}, "2160611507": {"name": "jinwook jung", "type": "author", "activity": 13, "h_index": 5, "h5_index": 3, "mag_id": "2160611507", "num_publications": 1, "num_citations": 0, "num_publications_5y": 0, "num_citations_5y": 0, "num_publications_10y": 1, "num_citations_10y": 0, "publications_years": {"2012": 1}, "citations_years": {}, "old_citations": {"2012": 0}, "isVisible": false}, "2161669517": {"name": "diego puschini", "type": "author", "activity": 14, "h_index": 9, "h5_index": 3, "mag_id": "2161669517", "num_publications": 1, "num_citations": 5, "num_publications_5y": 0, "num_citations_5y": 3, "num_publications_10y": 1, "num_citations_10y": 5, "publications_years": {"2012": 1}, "citations_years": {"2013": 2, "2014": 1, "2015": 2}, "old_citations": {"2012": 5}, "isVisible": false}, "2163742949": {"name": "yohei nakata", "type": "author", "activity": 10, "h_index": 5, "h5_index": 1, "mag_id": "2163742949", "num_publications": 1, "num_citations": 0, "num_publications_5y": 0, "num_citations_5y": 0, "num_publications_10y": 1, "num_citations_10y": 0, "publications_years": {"2012": 1}, "citations_years": {}, "old_citations": {"2012": 0}, "isVisible": false}, "2164356339": {"name": "alexander fish", "type": "author", "activity": 19, "h_index": 17, "h5_index": 5, "mag_id": "2164356339", "num_publications": 1, "num_citations": 1, "num_publications_5y": 1, "num_citations_5y": 1, "num_publications_10y": 1, "num_citations_10y": 1, "publications_years": {"2014": 1}, "citations_years": {"2018": 1}, "old_citations": {"2014": 1}, "isVisible": false}, "2164815306": {"name": "hassen aziza", "type": "author", "activity": 18, "h_index": 10, "h5_index": 3, "mag_id": "2164815306", "num_publications": 1, "num_citations": 10, "num_publications_5y": 0, "num_citations_5y": 8, "num_publications_10y": 1, "num_citations_10y": 9, "publications_years": {"2013": 1}, "citations_years": {"2013": 1, "2014": 2, "2015": 1, "2016": 4, "2017": 1, "2018": 0, "2019": 1}, "old_citations": {"2013": 10}, "isVisible": false}, "2165605063": {"name": "christophe muller", "type": "author", "activity": 4, "h_index": 7, "h5_index": 0, "mag_id": "2165605063", "num_publications": 1, "num_citations": 10, "num_publications_5y": 0, "num_citations_5y": 8, "num_publications_10y": 1, "num_citations_10y": 9, "publications_years": {"2013": 1}, "citations_years": {"2013": 1, "2014": 2, "2015": 1, "2016": 4, "2017": 1, "2018": 0, "2019": 1}, "old_citations": {"2013": 10}, "isVisible": false}, "2168040728": {"name": "stephane girard", "type": "author", "activity": 24, "h_index": 5, "h5_index": 1, "mag_id": "2168040728", "num_publications": 1, "num_citations": 1, "num_publications_5y": 0, "num_citations_5y": 0, "num_publications_10y": 1, "num_citations_10y": 1, "publications_years": {"2012": 1}, "citations_years": {"2012": 1}, "old_citations": {"2012": 1}, "isVisible": false}, "2193372997": {"name": "yasuhiro takahashi", "type": "author", "activity": 16, "h_index": 8, "h5_index": 1, "mag_id": "2193372997", "num_publications": 1, "num_citations": 7, "num_publications_5y": 0, "num_citations_5y": 6, "num_publications_10y": 1, "num_citations_10y": 6, "publications_years": {"2013": 1}, "citations_years": {"2014": 3, "2015": 1, "2016": 0, "2017": 0, "2018": 2, "2019": 1}, "old_citations": {"2013": 7}, "isVisible": false}, "2193534806": {"name": "jeanmichel portal", "type": "author", "activity": 23, "h_index": 15, "h5_index": 3, "mag_id": "2193534806", "num_publications": 1, "num_citations": 10, "num_publications_5y": 0, "num_citations_5y": 8, "num_publications_10y": 1, "num_citations_10y": 9, "publications_years": {"2013": 1}, "citations_years": {"2013": 1, "2014": 2, "2015": 1, "2016": 4, "2017": 1, "2018": 0, "2019": 1}, "old_citations": {"2013": 10}, "isVisible": false}, "2194109915": {"name": "mohamad sawan", "type": "author", "activity": 31, "h_index": 31, "h5_index": 8, "mag_id": "2194109915", "num_publications": 1, "num_citations": 0, "num_publications_5y": 1, "num_citations_5y": 0, "num_publications_10y": 1, "num_citations_10y": 0, "publications_years": {"2014": 1}, "citations_years": {}, "old_citations": {"2014": 0}, "isVisible": false}, "2194610127": {"name": "laurent lambert", "type": "author", "activity": 6, "h_index": 2, "h5_index": 0, "mag_id": "2194610127", "num_publications": 1, "num_citations": 4, "num_publications_5y": 1, "num_citations_5y": 4, "num_publications_10y": 1, "num_citations_10y": 4, "publications_years": {"2014": 1}, "citations_years": {"2015": 3, "2016": 1}, "old_citations": {"2014": 4}, "isVisible": false}, "2217943996": {"name": "jinnshyan wang", "type": "author", "activity": 22, "h_index": 17, "h5_index": 2, "mag_id": "2217943996", "num_publications": 1, "num_citations": 0, "num_publications_5y": 1, "num_citations_5y": 0, "num_publications_10y": 1, "num_citations_10y": 0, "publications_years": {"2014": 1}, "citations_years": {}, "old_citations": {"2014": 0}, "isVisible": false}, "2223388320": {"name": "guojin chang", "type": "author", "activity": 1, "h_index": 1, "h5_index": 0, "mag_id": "2223388320", "num_publications": 1, "num_citations": 1, "num_publications_5y": 0, "num_citations_5y": 1, "num_publications_10y": 1, "num_citations_10y": 1, "publications_years": {"2012": 1}, "citations_years": {"2015": 1}, "old_citations": {"2012": 1}, "isVisible": false}, "2224827657": {"name": "yunghui yu", "type": "author", "activity": 3, "h_index": 1, "h5_index": 1, "mag_id": "2224827657", "num_publications": 1, "num_citations": 0, "num_publications_5y": 1, "num_citations_5y": 0, "num_publications_10y": 1, "num_citations_10y": 0, "publications_years": {"2014": 1}, "citations_years": {}, "old_citations": {"2014": 0}, "isVisible": false}, "2225118288": {"name": "khawar sarfraz", "type": "author", "activity": 4, "h_index": 2, "h5_index": 2, "mag_id": "2225118288", "num_publications": 1, "num_citations": 0, "num_publications_5y": 1, "num_citations_5y": 0, "num_publications_10y": 1, "num_citations_10y": 0, "publications_years": {"2014": 1}, "citations_years": {}, "old_citations": {"2014": 0}, "isVisible": false}, "2226031328": {"name": "n moorthy muthukrishnan", "type": "author", "activity": 3, "h_index": 3, "h5_index": 0, "mag_id": "2226031328", "num_publications": 1, "num_citations": 3, "num_publications_5y": 0, "num_citations_5y": 1, "num_publications_10y": 1, "num_citations_10y": 2, "publications_years": {"2012": 1}, "citations_years": {"2013": 1, "2014": 0, "2015": 0, "2016": 1, "2017": 0, "2018": 0, "2019": 0, "2020": 1}, "old_citations": {"2012": 3}, "isVisible": false}, "2226720916": {"name": "v sreehari", "type": "author", "activity": 4, "h_index": 3, "h5_index": 0, "mag_id": "2226720916", "num_publications": 1, "num_citations": 3, "num_publications_5y": 0, "num_citations_5y": 1, "num_publications_10y": 1, "num_citations_10y": 2, "publications_years": {"2012": 1}, "citations_years": {"2013": 1, "2014": 0, "2015": 0, "2016": 1, "2017": 0, "2018": 0, "2019": 0, "2020": 1}, "old_citations": {"2012": 3}, "isVisible": false}, "2227435579": {"name": "chetan vudadha", "type": "author", "activity": 8, "h_index": 4, "h5_index": 2, "mag_id": "2227435579", "num_publications": 1, "num_citations": 3, "num_publications_5y": 0, "num_citations_5y": 1, "num_publications_10y": 1, "num_citations_10y": 2, "publications_years": {"2012": 1}, "citations_years": {"2013": 1, "2014": 0, "2015": 0, "2016": 1, "2017": 0, "2018": 0, "2019": 0, "2020": 1}, "old_citations": {"2012": 3}, "isVisible": false}, "2227569071": {"name": "goutham makkena", "type": "author", "activity": 2, "h_index": 2, "h5_index": 0, "mag_id": "2227569071", "num_publications": 1, "num_citations": 3, "num_publications_5y": 0, "num_citations_5y": 1, "num_publications_10y": 1, "num_citations_10y": 2, "publications_years": {"2012": 1}, "citations_years": {"2013": 1, "2014": 0, "2015": 0, "2016": 1, "2017": 0, "2018": 0, "2019": 0, "2020": 1}, "old_citations": {"2012": 3}, "isVisible": false}, "2228307332": {"name": "elie elhamawi", "type": "author", "activity": 2, "h_index": 1, "h5_index": 0, "mag_id": "2228307332", "num_publications": 1, "num_citations": 2, "num_publications_5y": 0, "num_citations_5y": 2, "num_publications_10y": 1, "num_citations_10y": 2, "publications_years": {"2013": 1}, "citations_years": {"2014": 1, "2015": 0, "2016": 0, "2017": 0, "2018": 1}, "old_citations": {"2013": 2}, "isVisible": false}, "2228778947": {"name": "hajer ben rekhissa", "type": "author", "activity": 1, "h_index": 1, "h5_index": 0, "mag_id": "2228778947", "num_publications": 1, "num_citations": 1, "num_publications_5y": 0, "num_citations_5y": 1, "num_publications_10y": 1, "num_citations_10y": 1, "publications_years": {"2012": 1}, "citations_years": {"2015": 1}, "old_citations": {"2012": 1}, "isVisible": false}, "2229245362": {"name": "imen mhedhbi", "type": "author", "activity": 6, "h_index": 3, "h5_index": 1, "mag_id": "2229245362", "num_publications": 1, "num_citations": 4, "num_publications_5y": 1, "num_citations_5y": 4, "num_publications_10y": 1, "num_citations_10y": 4, "publications_years": {"2014": 1}, "citations_years": {"2015": 3, "2016": 1}, "old_citations": {"2014": 4}, "isVisible": false}, "2251854669": {"name": "masahiko yoshimoto", "type": "author", "activity": 30, "h_index": 17, "h5_index": 3, "mag_id": "2251854669", "num_publications": 1, "num_citations": 0, "num_publications_5y": 0, "num_citations_5y": 0, "num_publications_10y": 1, "num_citations_10y": 0, "publications_years": {"2012": 1}, "citations_years": {}, "old_citations": {"2012": 0}, "isVisible": false}, "2282181924": {"name": "cecile belleudy", "type": "author", "activity": 25, "h_index": 10, "h5_index": 2, "mag_id": "2282181924", "num_publications": 1, "num_citations": 1, "num_publications_5y": 0, "num_citations_5y": 1, "num_publications_10y": 1, "num_citations_10y": 1, "publications_years": {"2012": 1}, "citations_years": {"2015": 1}, "old_citations": {"2012": 1}, "isVisible": false}, "2305630252": {"name": "sophiane senni", "type": "author", "activity": 7, "h_index": 5, "h5_index": 2, "mag_id": "2305630252", "num_publications": 1, "num_citations": 7, "num_publications_5y": 0, "num_citations_5y": 7, "num_publications_10y": 1, "num_citations_10y": 7, "publications_years": {"2013": 1}, "citations_years": {"2014": 2, "2015": 2, "2016": 2, "2017": 1}, "old_citations": {"2013": 7}, "isVisible": false}, "2306306472": {"name": "gilles sassatelli", "type": "author", "activity": 21, "h_index": 19, "h5_index": 4, "mag_id": "2306306472", "num_publications": 1, "num_citations": 7, "num_publications_5y": 0, "num_citations_5y": 7, "num_publications_10y": 1, "num_citations_10y": 7, "publications_years": {"2013": 1}, "citations_years": {"2014": 2, "2015": 2, "2016": 2, "2017": 1}, "old_citations": {"2013": 7}, "isVisible": false}, "2313160129": {"name": "yeter akgul", "type": "author", "activity": 4, "h_index": 2, "h5_index": 0, "mag_id": "2313160129", "num_publications": 1, "num_citations": 5, "num_publications_5y": 0, "num_citations_5y": 3, "num_publications_10y": 1, "num_citations_10y": 5, "publications_years": {"2012": 1}, "citations_years": {"2013": 2, "2014": 1, "2015": 2}, "old_citations": {"2012": 5}, "isVisible": false}, "2329504759": {"name": "aymeric histace", "type": "author", "activity": 19, "h_index": 7, "h5_index": 2, "mag_id": "2329504759", "num_publications": 1, "num_citations": 4, "num_publications_5y": 1, "num_citations_5y": 4, "num_publications_10y": 1, "num_citations_10y": 4, "publications_years": {"2014": 1}, "citations_years": {"2015": 3, "2016": 1}, "old_citations": {"2014": 4}, "isVisible": false}, "2342688263": {"name": "yassine aoudni", "type": "author", "activity": 14, "h_index": 2, "h5_index": 0, "mag_id": "2342688263", "num_publications": 1, "num_citations": 0, "num_publications_5y": 0, "num_citations_5y": 0, "num_publications_10y": 1, "num_citations_10y": 0, "publications_years": {"2012": 1}, "citations_years": {}, "old_citations": {"2012": 0}, "isVisible": false}, "2394123059": {"name": "luis vitorio cargnini", "type": "author", "activity": 12, "h_index": 7, "h5_index": 1, "mag_id": "2394123059", "num_publications": 1, "num_citations": 7, "num_publications_5y": 0, "num_citations_5y": 7, "num_publications_10y": 1, "num_citations_10y": 7, "publications_years": {"2013": 1}, "citations_years": {"2014": 2, "2015": 2, "2016": 2, "2017": 1}, "old_citations": {"2013": 7}, "isVisible": false}, "2402434717": {"name": "f melih akcakaya", "type": "author", "activity": 1, "h_index": 0, "h5_index": 0, "mag_id": "2402434717", "num_publications": 1, "num_citations": 0, "num_publications_5y": 1, "num_citations_5y": 0, "num_publications_10y": 1, "num_citations_10y": 0, "publications_years": {"2014": 1}, "citations_years": {}, "old_citations": {"2014": 0}, "isVisible": false}, "2425048112": {"name": "xuan gu", "type": "author", "activity": 1, "h_index": 1, "h5_index": 0, "mag_id": "2425048112", "num_publications": 1, "num_citations": 1, "num_publications_5y": 1, "num_citations_5y": 1, "num_publications_10y": 1, "num_citations_10y": 1, "publications_years": {"2014": 1}, "citations_years": {"2018": 1}, "old_citations": {"2014": 1}, "isVisible": false}, "2470797340": {"name": "marc bocquet", "type": "author", "activity": 11, "h_index": 9, "h5_index": 3, "mag_id": "2470797340", "num_publications": 1, "num_citations": 10, "num_publications_5y": 0, "num_citations_5y": 8, "num_publications_10y": 1, "num_citations_10y": 9, "publications_years": {"2013": 1}, "citations_years": {"2013": 1, "2014": 2, "2015": 1, "2016": 4, "2017": 1, "2018": 0, "2019": 1}, "old_citations": {"2013": 10}, "isVisible": false}, "2483539785": {"name": "ayman ismail", "type": "author", "activity": 17, "h_index": 4, "h5_index": 1, "mag_id": "2483539785", "num_publications": 1, "num_citations": 7, "num_publications_5y": 1, "num_citations_5y": 5, "num_publications_10y": 1, "num_citations_10y": 5, "publications_years": {"2014": 1}, "citations_years": {"2015": 3, "2016": 1, "2017": 1, "2018": 0, "2019": 2}, "old_citations": {"2014": 7}, "isVisible": false}, "2497835668": {"name": "david lloyd", "type": "author", "activity": 6, "h_index": 2, "h5_index": 2, "mag_id": "2497835668", "num_publications": 1, "num_citations": 7, "num_publications_5y": 1, "num_citations_5y": 7, "num_publications_10y": 1, "num_citations_10y": 7, "publications_years": {"2014": 1}, "citations_years": {"2015": 4, "2016": 1, "2017": 1, "2018": 1}, "old_citations": {"2014": 7}, "isVisible": false}, "2711385041": {"name": "a essawy", "type": "author", "activity": 1, "h_index": 1, "h5_index": 0, "mag_id": "2711385041", "num_publications": 1, "num_citations": 7, "num_publications_5y": 1, "num_citations_5y": 5, "num_publications_10y": 1, "num_citations_10y": 5, "publications_years": {"2014": 1}, "citations_years": {"2015": 3, "2016": 1, "2017": 1, "2018": 0, "2019": 2}, "old_citations": {"2014": 7}, "isVisible": false}, "2950011005": {"name": "pascal benoit", "type": "author", "activity": 17, "h_index": 12, "h5_index": 3, "mag_id": "2950011005", "num_publications": 1, "num_citations": 5, "num_publications_5y": 0, "num_citations_5y": 3, "num_publications_10y": 1, "num_citations_10y": 5, "publications_years": {"2012": 1}, "citations_years": {"2013": 2, "2014": 1, "2015": 2}, "old_citations": {"2012": 5}, "isVisible": false}, "2950670471": {"name": "khalil hachicha", "type": "author", "activity": 15, "h_index": 4, "h5_index": 1, "mag_id": "2950670471", "num_publications": 1, "num_citations": 4, "num_publications_5y": 1, "num_citations_5y": 4, "num_publications_10y": 1, "num_citations_10y": 4, "publications_years": {"2014": 1}, "citations_years": {"2015": 3, "2016": 1}, "old_citations": {"2014": 4}, "isVisible": false}, "2951109635": {"name": "p garda", "type": "author", "activity": 29, "h_index": 6, "h5_index": 1, "mag_id": "2951109635", "num_publications": 1, "num_citations": 4, "num_publications_5y": 1, "num_citations_5y": 4, "num_publications_10y": 1, "num_citations_10y": 4, "publications_years": {"2014": 1}, "citations_years": {"2015": 3, "2016": 1}, "old_citations": {"2014": 4}, "isVisible": false}, "2951595695": {"name": "andrea pinna", "type": "author", "activity": 17, "h_index": 4, "h5_index": 1, "mag_id": "2951595695", "num_publications": 1, "num_citations": 4, "num_publications_5y": 1, "num_citations_5y": 4, "num_publications_10y": 1, "num_citations_10y": 4, "publications_years": {"2014": 1}, "citations_years": {"2015": 3, "2016": 1}, "old_citations": {"2014": 4}, "isVisible": false}, "2636701126": {"name": "n houmani", "type": "author", "activity": 1, "h_index": 1, "h5_index": 0, "mag_id": "2636701126", "num_publications": 1, "num_citations": 2, "num_publications_5y": 0, "num_citations_5y": 2, "num_publications_10y": 1, "num_citations_10y": 2, "publications_years": {"2013": 1}, "citations_years": {"2015": 1, "2016": 0, "2017": 0, "2018": 1}, "old_citations": {"2013": 2}, "isVisible": false}, "2692464006": {"name": "zeqin wu", "type": "author", "activity": 6, "h_index": 2, "h5_index": 0, "mag_id": "2692464006", "num_publications": 1, "num_citations": 1, "num_publications_5y": 0, "num_citations_5y": 0, "num_publications_10y": 1, "num_citations_10y": 1, "publications_years": {"2012": 1}, "citations_years": {"2013": 1}, "old_citations": {"2012": 1}, "isVisible": false}, "2943039652": {"name": "hsiaochin chen", "type": "author", "activity": 1, "h_index": 1, "h5_index": 0, "mag_id": "2943039652", "num_publications": 1, "num_citations": 1, "num_publications_5y": 0, "num_citations_5y": 1, "num_publications_10y": 1, "num_citations_10y": 1, "publications_years": {"2012": 1}, "citations_years": {"2015": 1}, "old_citations": {"2012": 1}, "isVisible": false}}, "countries": {"France": {"name": "France", "type": "country", "h5_index": 99, "num_publications": 9, "num_citations": 40, "num_publications_5y": 1, "num_citations_5y": 33, "num_publications_10y": 9, "num_citations_10y": 39, "publications_years": {"2014": 1, "2012": 5, "2013": 3}, "citations_years": {"2016": 7, "2017": 6, "2013": 5, "2014": 8, "2015": 9, "2018": 3, "2019": 1, "2012": 1}, "old_citations": {"2014": 3, "2012": 18, "2013": 19}, "isVisible": false}, "United Kingdom": {"name": "United Kingdom", "type": "country", "h5_index": 172, "num_publications": 4, "num_citations": 13, "num_publications_5y": 2, "num_citations_5y": 12, "num_publications_10y": 4, "num_citations_10y": 13, "publications_years": {"2014": 2, "2012": 1, "2013": 1}, "citations_years": {"2015": 5, "2016": 1, "2017": 1, "2018": 3, "2013": 1, "2014": 2}, "old_citations": {"2014": 8, "2012": 4, "2013": 1}, "isVisible": false}, "Belgium": {"name": "Belgium", "type": "country", "h5_index": 72, "num_publications": 2, "num_citations": 3, "num_publications_5y": 1, "num_citations_5y": 3, "num_publications_10y": 2, "num_citations_10y": 3, "publications_years": {"2014": 1, "2013": 1}, "citations_years": {"2015": 2, "2014": 1}, "old_citations": {"2014": 1, "2013": 2}, "isVisible": false}, "Japan": {"name": "Japan", "type": "country", "h5_index": 94, "num_publications": 2, "num_citations": 7, "num_publications_5y": 0, "num_citations_5y": 6, "num_publications_10y": 2, "num_citations_10y": 6, "publications_years": {"2013": 1, "2012": 1}, "citations_years": {"2014": 3, "2015": 1, "2016": 0, "2017": 0, "2018": 2, "2019": 1}, "old_citations": {"2013": 7, "2012": 0}, "isVisible": false}, "Norway": {"name": "Norway", "type": "country", "h5_index": 56, "num_publications": 2, "num_citations": 2, "num_publications_5y": 0, "num_citations_5y": 1, "num_publications_10y": 2, "num_citations_10y": 2, "publications_years": {"2013": 1, "2012": 1}, "citations_years": {"2013": 1, "2014": 0, "2015": 1}, "old_citations": {"2013": 0, "2012": 2}, "isVisible": false}, "United States": {"name": "United States", "type": "country", "h5_index": 308, "num_publications": 2, "num_citations": 1, "num_publications_5y": 1, "num_citations_5y": 1, "num_publications_10y": 2, "num_citations_10y": 1, "publications_years": {"2014": 1, "2012": 1}, "citations_years": {"2015": 1}, "old_citations": {"2014": 0, "2012": 1}, "isVisible": false}, "China": {"name": "China", "type": "country", "h5_index": 214, "num_publications": 1, "num_citations": 0, "num_publications_5y": 1, "num_citations_5y": 0, "num_publications_10y": 1, "num_citations_10y": 0, "publications_years": {"2014": 1}, "citations_years": {}, "old_citations": {"2014": 0}, "isVisible": false}, "Egypt": {"name": "Egypt", "type": "country", "h5_index": 47, "num_publications": 1, "num_citations": 7, "num_publications_5y": 1, "num_citations_5y": 5, "num_publications_10y": 1, "num_citations_10y": 5, "publications_years": {"2014": 1}, "citations_years": {"2015": 3, "2016": 1, "2017": 1, "2018": 0, "2019": 2}, "old_citations": {"2014": 7}, "isVisible": false}, "India": {"name": "India", "type": "country", "h5_index": 78, "num_publications": 1, "num_citations": 3, "num_publications_5y": 0, "num_citations_5y": 1, "num_publications_10y": 1, "num_citations_10y": 2, "publications_years": {"2012": 1}, "citations_years": {"2013": 1, "2014": 0, "2015": 0, "2016": 1, "2017": 0, "2018": 0, "2019": 0, "2020": 1}, "old_citations": {"2012": 3}, "isVisible": false}, "Israel": {"name": "Israel", "type": "country", "h5_index": 110, "num_publications": 1, "num_citations": 1, "num_publications_5y": 1, "num_citations_5y": 1, "num_publications_10y": 1, "num_citations_10y": 1, "publications_years": {"2014": 1}, "citations_years": {"2018": 1}, "old_citations": {"2014": 1}, "isVisible": false}, "Italy": {"name": "Italy", "type": "country", "h5_index": 94, "num_publications": 1, "num_citations": 0, "num_publications_5y": 0, "num_citations_5y": 0, "num_publications_10y": 0, "num_citations_10y": 0, "publications_years": {"2008": 1}, "citations_years": {}, "old_citations": {"2008": 0}, "isVisible": false}, "Jordan": {"name": "Jordan", "type": "country", "h5_index": 44, "num_publications": 1, "num_citations": 0, "num_publications_5y": 0, "num_citations_5y": 0, "num_publications_10y": 1, "num_citations_10y": 0, "publications_years": {"2013": 1}, "citations_years": {}, "old_citations": {"2013": 0}, "isVisible": false}, "Lebanon": {"name": "Lebanon", "type": "country", "h5_index": 25, "num_publications": 1, "num_citations": 2, "num_publications_5y": 0, "num_citations_5y": 2, "num_publications_10y": 1, "num_citations_10y": 2, "publications_years": {"2013": 1}, "citations_years": {"2014": 1, "2015": 0, "2016": 0, "2017": 0, "2018": 1}, "old_citations": {"2013": 2}, "isVisible": false}, "Netherlands": {"name": "Netherlands", "type": "country", "h5_index": 91, "num_publications": 1, "num_citations": 4, "num_publications_5y": 0, "num_citations_5y": 3, "num_publications_10y": 1, "num_citations_10y": 3, "publications_years": {"2013": 1}, "citations_years": {"2015": 2, "2016": 0, "2017": 1, "2018": 0, "2019": 1}, "old_citations": {"2013": 4}, "isVisible": false}, "Romania": {"name": "Romania", "type": "country", "h5_index": 27, "num_publications": 1, "num_citations": 4, "num_publications_5y": 0, "num_citations_5y": 3, "num_publications_10y": 1, "num_citations_10y": 3, "publications_years": {"2013": 1}, "citations_years": {"2015": 2, "2016": 0, "2017": 1, "2018": 0, "2019": 1}, "old_citations": {"2013": 4}, "isVisible": false}, "South Korea": {"name": "South Korea", "type": "country", "h5_index": 100, "num_publications": 1, "num_citations": 2, "num_publications_5y": 0, "num_citations_5y": 2, "num_publications_10y": 1, "num_citations_10y": 2, "publications_years": {"2013": 1}, "citations_years": {"2015": 1, "2016": 0, "2017": 0, "2018": 1}, "old_citations": {"2013": 2}, "isVisible": false}, "Switzerland": {"name": "Switzerland", "type": "country", "h5_index": 102, "num_publications": 1, "num_citations": 1, "num_publications_5y": 0, "num_citations_5y": 0, "num_publications_10y": 1, "num_citations_10y": 1, "publications_years": {"2012": 1}, "citations_years": {"2012": 1}, "old_citations": {"2012": 1}, "isVisible": false}, "Taiwan": {"name": "Taiwan", "type": "country", "h5_index": 69, "num_publications": 1, "num_citations": 0, "num_publications_5y": 1, "num_citations_5y": 0, "num_publications_10y": 1, "num_citations_10y": 0, "publications_years": {"2014": 1}, "citations_years": {}, "old_citations": {"2014": 0}, "isVisible": false}, "Turkey": {"name": "Turkey", "type": "country", "h5_index": 56, "num_publications": 1, "num_citations": 0, "num_publications_5y": 1, "num_citations_5y": 0, "num_publications_10y": 1, "num_citations_10y": 0, "publications_years": {"2014": 1}, "citations_years": {}, "old_citations": {"2014": 0}, "isVisible": false}}, "industrial_sectors": {"semiconductor": {"name": "semiconductor", "type": "industrial sector", "h5_index": 102, "num_publications": 1, "num_citations": 1, "num_publications_5y": 0, "num_citations_5y": 0, "num_publications_10y": 1, "num_citations_10y": 1, "publications_years": {"2012": 1}, "citations_years": {"2012": 1}, "old_citations": {"2012": 1}, "isVisible": false}, "technology": {"name": "technology", "type": "industrial sector", "h5_index": 229, "num_publications": 1, "num_citations": 1, "num_publications_5y": 0, "num_citations_5y": 0, "num_publications_10y": 1, "num_citations_10y": 1, "publications_years": {"2012": 1}, "citations_years": {"2012": 1}, "old_citations": {"2012": 1}, "isVisible": false}}}, "conference_comparison": {"computer science": {}}, "topics_dna": {"publications": {}, "citations": {"normalized": {}, "average": {}}}, "info": {"num_publications": 36, "num_citations": 90.0, "impact_factor": {"2010": 0.0, "2011": 0, "2012": 0, "2013": 0.5833333333333334, "2014": 0.6818181818181818}, "publications_years": {"2014": 13, "2012": 12, "2013": 10, "2008": 1}, "citations_years": {"2012": 1, "2013": 8, "2014": 15, "2015": 28, "2016": 12, "2017": 9, "2018": 11, "2019": 5, "2020": 1}, "old_citations": {"2014": 27, "2012": 28, "2013": 35, "2008": 0}, "h5_index": 0}, "percentile": {"computer science": {"2014": 62, "2012": 60, "2013": 70, "2008": 16}}, "conference_ranking": {"computer science": {"2014": 1581, "2012": 1691, "2013": 1265, "2008": 3573}}, "academia": {"num_publications": 25, "num_citations": 63, "publications_years": {"2008": 1, "2009": 0, "2010": 0, "2011": 0, "2012": 6, "2013": 9, "2014": 9}, "old_citations": {"2008": 0, "2009": 0, "2010": 0, "2011": 0, "2012": 13, "2013": 33, "2014": 17}, "num_publications_5y": 0, "num_citations_5y": 0, "num_publications_10y": 24, "num_citations_10y": 63}, "industry": {"num_publications": 0, "num_citations": 0, "publications_years": {}, "old_citations": {}, "num_publications_5y": 0, "num_citations_5y": 0, "num_publications_10y": 0, "num_citations_10y": 0}, "collaborative": {"num_publications": 0, "num_citations": 0, "publications_years": {}, "old_citations": {}, "num_publications_5y": 0, "num_citations_5y": 0, "num_publications_10y": 0, "num_citations_10y": 0}, "conferences": {}, "journals": {}, "organizations": {"publication_overall": ["Newcastle University", "University of Montpellier", "French National Centre for Scientific Research", "Ain Shams University", "Aix-Marseille University", "Bar-Ilan University", "Birla Institute of Technology and Science, Pilani", "Bo\u011fazi\u00e7i University", "Delft University of Technology", "French Institute for Research in Computer Science and Automation", "Gifu University", "Hong Kong University of Science and Technology", "Jordan University of Science and Technology", "KU Leuven", "Kobe University", "Korea Advanced Institute of Science and Technology", "Korea Institute of Science and Technology", "Lebanese University", "National Chiao Tung University", "National Chung Cheng University", "Nice Sophia Antipolis University", "ParisTech", "Polytechnic University of Turin", "STMicroelectronics (Switzerland)", "Sewanee: The University of the South", "University of Bucharest", "University of Groningen", "University of Oslo", "University of Washington", "Universit\u00e9 Catholique de Louvain", "Vestfold University College"], "citation_overall": ["French National Centre for Scientific Research", "Newcastle University", "University of Montpellier", "Aix-Marseille University", "Ain Shams University", "Gifu University", "Delft University of Technology", "University of Bucharest", "University of Groningen", "Birla Institute of Technology and Science, Pilani", "Korea Advanced Institute of Science and Technology", "Korea Institute of Science and Technology", "Lebanese University", "ParisTech", "Universit\u00e9 Catholique de Louvain", "Vestfold University College", "Bar-Ilan University", "French Institute for Research in Computer Science and Automation", "KU Leuven", "Nice Sophia Antipolis University", "STMicroelectronics (Switzerland)", "Sewanee: The University of the South", "Bo\u011fazi\u00e7i University", "Hong Kong University of Science and Technology", "Jordan University of Science and Technology", "Kobe University", "National Chiao Tung University", "National Chung Cheng University", "Polytechnic University of Turin", "University of Oslo", "University of Washington"], "publication_10_years": ["Newcastle University", "University of Montpellier", "French National Centre for Scientific Research", "Ain Shams University", "Aix-Marseille University", "Bar-Ilan University", "Birla Institute of Technology and Science, Pilani", "Bo\u011fazi\u00e7i University", "Delft University of Technology", "French Institute for Research in Computer Science and Automation", "Gifu University", "Hong Kong University of Science and Technology", "Jordan University of Science and Technology", "KU Leuven", "Kobe University", "Korea Advanced Institute of Science and Technology", "Korea Institute of Science and Technology", "Lebanese University", "National Chiao Tung University", "National Chung Cheng University", "Nice Sophia Antipolis University", "ParisTech", "STMicroelectronics (Switzerland)", "Sewanee: The University of the South", "University of Bucharest", "University of Groningen", "University of Oslo", "University of Washington", "Universit\u00e9 Catholique de Louvain", "Vestfold University College"], "citation_10_years": ["French National Centre for Scientific Research", "Newcastle University", "University of Montpellier", "Aix-Marseille University", "Ain Shams University", "Gifu University", "Delft University of Technology", "University of Bucharest", "University of Groningen", "Birla Institute of Technology and Science, Pilani", "Korea Advanced Institute of Science and Technology", "Korea Institute of Science and Technology", "Lebanese University", "ParisTech", "Universit\u00e9 Catholique de Louvain", "Vestfold University College", "Bar-Ilan University", "French Institute for Research in Computer Science and Automation", "KU Leuven", "Nice Sophia Antipolis University", "STMicroelectronics (Switzerland)", "Sewanee: The University of the South", "Bo\u011fazi\u00e7i University", "Hong Kong University of Science and Technology", "Jordan University of Science and Technology", "Kobe University", "National Chiao Tung University", "National Chung Cheng University", "University of Oslo", "University of Washington"], "publication_5_years": [], "citation_5_years": []}, "countries": {"publication_overall": ["France", "United Kingdom", "Belgium", "Japan", "Norway", "United States", "China", "Egypt", "India", "Israel", "Italy", "Jordan", "Lebanon", "Netherlands", "Romania", "South Korea", "Switzerland", "Taiwan", "Turkey"], "citation_overall": ["France", "United Kingdom", "Egypt", "Japan", "Netherlands", "Romania", "Belgium", "India", "Lebanon", "Norway", "South Korea", "Israel", "Switzerland", "United States", "China", "Italy", "Jordan", "Taiwan", "Turkey"], "publication_10_years": ["France", "United Kingdom", "Belgium", "Japan", "Norway", "United States", "China", "Egypt", "India", "Israel", "Jordan", "Lebanon", "Netherlands", "Romania", "South Korea", "Switzerland", "Taiwan", "Turkey"], "citation_10_years": ["France", "United Kingdom", "Egypt", "Japan", "Netherlands", "Romania", "Belgium", "India", "Lebanon", "Norway", "South Korea", "Israel", "Switzerland", "United States", "China", "Jordan", "Taiwan", "Turkey"], "publication_5_years": [], "citation_5_years": []}, "topics": {"publication_overall": ["computer science", "computer hardware", "computer systems", "computer networks", "engineering", "telecommunication systems", "field programmable gate arrays (fpga)", "microprocessor chips", "embedded systems", "mathematics", "signal processing", "communication systems", "low power", "wireless telecommunication systems", "bandwidth", "distributed computer systems", "distributed systems", "parallel processing systems", "telecommunication networks", "artificial intelligence"], "citation_overall": ["computer science", "computer systems", "computer hardware", "computer networks", "engineering", "telecommunication systems", "signal processing", "mathematics", "communication systems", "wireless telecommunication systems", "microprocessor chips", "field programmable gate arrays (fpga)", "signal to noise ratio", "low power", "sensors", "embedded systems", "communication channels (information theory)", "artificial intelligence", "computer imaging and vision", "image analysis"], "publication_10_years": ["computer science", "computer hardware", "computer systems", "computer networks", "engineering", "telecommunication systems", "field programmable gate arrays (fpga)", "microprocessor chips", "embedded systems", "mathematics", "signal processing", "communication systems", "low power", "wireless telecommunication systems", "bandwidth", "distributed computer systems", "distributed systems", "parallel processing systems", "telecommunication networks", "artificial intelligence"], "citation_10_years": ["computer science", "computer systems", "computer hardware", "computer networks", "engineering", "telecommunication systems", "signal processing", "mathematics", "communication systems", "wireless telecommunication systems", "microprocessor chips", "field programmable gate arrays (fpga)", "signal to noise ratio", "low power", "sensors", "embedded systems", "communication channels (information theory)", "artificial intelligence", "computer imaging and vision", "image analysis"], "publication_5_years": [], "citation_5_years": []}, "main_topics": ["computer science"], "authors": {"publication_overall": ["2170704296", "2106589915", "719300899", "1944158495", "2008692309", "2017125286", "2091722715", "2100001850", "2126237477", "2153137898", "2226551830", "2306471935", "2365394853", "18225269", "46614318", "104576384", "224261818", "323764394", "333955387", "1154524154", "1233545922", "1499928074", "1782959188", "1820626836", "1902016860", "1957332605", "1969022594", "1970495693", "1974174368", "1989548692", "2002706303", "2007661729", "2017651423", "2031114310", "2034560607", "2048104311", "2048471873", "2050158929", "2051996401", "2069779325", "2070628496", "2071852149", "2077657242", "2094578476", "2098869992", "2100969606", "2106138971", "2109295558", "2110561404", "2112327300", "2113660176", "2115213737", "2117186479", "2117273324", "2121265325", "2121339839", "2134401920", "2136425142", "2137117926", "2140055439", "2140371007", "2142634190", "2151186864", "2156411398", "2159304535", "2160611507", "2161669517", "2163742949", "2164356339", "2164815306", "2165605063", "2168040728", "2193372997", "2193534806", "2194109915", "2194610127", "2217943996", "2223388320", "2224827657", "2225118288", "2226031328", "2226720916", "2227435579", "2227569071", "2228307332", "2228778947", "2229245362", "2251854669", "2282181924", "2305630252", "2306306472", "2313160129", "2329504759", "2342688263", "2394123059", "2402434717", "2425048112", "2470797340", "2483539785", "2497835668"], "citation_overall": ["2008692309", "2091722715", "2170704296", "2226551830", "2365394853", "2106589915", "2126237477", "1957332605", "2164815306", "2165605063", "2193534806", "2470797340", "2100001850", "2071852149", "2117273324", "2136425142", "2193372997", "2305630252", "2306306472", "2394123059", "2483539785", "2497835668", "2711385041", "1944158495", "719300899", "2134401920", "2142634190", "2153137898", "2161669517", "2306471935", "2313160129", "2950011005", "1233545922", "1782959188", "1820626836", "2017651423", "2031114310", "2051996401", "2069779325", "2109295558", "2113660176", "2140055439", "2194610127", "2229245362", "2329504759", "2950670471", "2951109635", "2951595695", "2110561404", "2112327300", "2159304535", "2226031328", "2226720916", "2227435579", "2227569071", "46614318", "104576384", "224261818", "1969022594", "2017125286", "2048471873", "2050158929", "2077657242", "2117186479", "2121339839", "2228307332", "2636701126", "18225269", "333955387", "1154524154", "1499928074", "1902016860", "1970495693", "1974174368", "1989548692", "2002706303", "2007661729", "2034560607", "2048104311", "2070628496", "2100969606", "2151186864", "2164356339", "2168040728", "2223388320", "2228778947", "2282181924", "2425048112", "2692464006", "2943039652", "323764394", "2094578476", "2098869992", "2106138971", "2115213737", "2121265325", "2137117926", "2140371007", "2156411398", "2160611507"], "publication_10_years": ["2170704296", "2106589915", "719300899", "1944158495", "2008692309", "2017125286", "2091722715", "2100001850", "2126237477", "2153137898", "2226551830", "2306471935", "2365394853", "18225269", "46614318", "104576384", "224261818", "333955387", "1154524154", "1233545922", "1499928074", "1782959188", "1820626836", "1902016860", "1957332605", "1969022594", "1970495693", "1974174368", "1989548692", "2002706303", "2007661729", "2017651423", "2031114310", "2034560607", "2048104311", "2048471873", "2050158929", "2051996401", "2069779325", "2070628496", "2071852149", "2077657242", "2094578476", "2098869992", "2100969606", "2106138971", "2109295558", "2110561404", "2112327300", "2113660176", "2115213737", "2117186479", "2117273324", "2121265325", "2121339839", "2134401920", "2136425142", "2137117926", "2140055439", "2140371007", "2142634190", "2151186864", "2156411398", "2159304535", "2160611507", "2161669517", "2163742949", "2164356339", "2164815306", "2165605063", "2168040728", "2193372997", "2193534806", "2194109915", "2194610127", "2217943996", "2223388320", "2224827657", "2225118288", "2226031328", "2226720916", "2227435579", "2227569071", "2228307332", "2228778947", "2229245362", "2251854669", "2282181924", "2305630252", "2306306472", "2313160129", "2329504759", "2342688263", "2394123059", "2402434717", "2425048112", "2470797340", "2483539785", "2497835668", "2636701126"], "citation_10_years": ["2008692309", "2091722715", "2170704296", "2226551830", "2365394853", "2106589915", "2126237477", "1957332605", "2164815306", "2165605063", "2193534806", "2470797340", "2100001850", "2071852149", "2117273324", "2136425142", "2193372997", "2305630252", "2306306472", "2394123059", "2483539785", "2497835668", "2711385041", "1944158495", "719300899", "2134401920", "2142634190", "2153137898", "2161669517", "2306471935", "2313160129", "2950011005", "1233545922", "1782959188", "1820626836", "2017651423", "2031114310", "2051996401", "2069779325", "2109295558", "2113660176", "2140055439", "2194610127", "2229245362", "2329504759", "2950670471", "2951109635", "2951595695", "2110561404", "2112327300", "2159304535", "2226031328", "2226720916", "2227435579", "2227569071", "46614318", "104576384", "224261818", "1969022594", "2017125286", "2048471873", "2050158929", "2077657242", "2117186479", "2121339839", "2228307332", "2636701126", "18225269", "333955387", "1154524154", "1499928074", "1902016860", "1970495693", "1974174368", "1989548692", "2002706303", "2007661729", "2034560607", "2048104311", "2070628496", "2100969606", "2151186864", "2164356339", "2168040728", "2223388320", "2228778947", "2282181924", "2425048112", "2692464006", "2943039652", "2094578476", "2098869992", "2106138971", "2115213737", "2121265325", "2137117926", "2140371007", "2156411398", "2160611507", "2163742949"], "publication_5_years": [], "citation_5_years": []}, "industrial_sectors": {"publication_overall": ["semiconductor", "technology"], "citation_overall": ["semiconductor", "technology"], "publication_10_years": ["semiconductor", "technology"], "citation_10_years": ["semiconductor", "technology"], "publication_5_years": [], "citation_5_years": []}}