{"name": "International Conference of Manufacturing Value-Chain", "acronym": "IMVC", "type": "conference", "uniqueEntities": {"organizations": {"University of Strathclyde": {"name": "University of Strathclyde", "type": "organization", "organization_type": "Education", "h_index": 91, "h5_index": 17, "num_publications": 3, "num_citations": 14, "num_publications_5y": 0, "num_citations_5y": 3, "num_publications_10y": 0, "num_citations_10y": 6, "publications_years": {"1998": 3}, "citations_years": {"2000": 3, "2001": 0, "2002": 2, "2003": 0, "2004": 0, "2005": 0, "2006": 1, "2007": 2, "2008": 0, "2009": 1, "2010": 1, "2011": 1, "2012": 0, "2013": 0, "2014": 0, "2015": 1, "2016": 1, "2017": 0, "2018": 1}, "old_citations": {"1998": 14}, "isVisible": false}, "National Institute of Standards and Technology": {"name": "National Institute of Standards and Technology", "type": "organization", "organization_type": "Government", "h_index": 116, "h5_index": 29, "num_publications": 2, "num_citations": 2, "num_publications_5y": 0, "num_citations_5y": 0, "num_publications_10y": 0, "num_citations_10y": 1, "publications_years": {"1998": 2}, "citations_years": {"2004": 1, "2009": 1}, "old_citations": {"1998": 2}, "isVisible": false}, "Aalborg University": {"name": "Aalborg University", "type": "organization", "organization_type": "Education", "h_index": 132, "h5_index": 41, "num_publications": 1, "num_citations": 6, "num_publications_5y": 0, "num_citations_5y": 0, "num_publications_10y": 0, "num_citations_10y": 1, "publications_years": {"1998": 1}, "citations_years": {"2000": 2, "2001": 0, "2002": 1, "2003": 1, "2004": 0, "2005": 0, "2006": 0, "2007": 1, "2008": 0, "2009": 1}, "old_citations": {"1998": 6}, "isVisible": false}, "Cranfield University": {"name": "Cranfield University", "type": "organization", "organization_type": "Education", "h_index": 64, "h5_index": 20, "num_publications": 1, "num_citations": 1, "num_publications_5y": 0, "num_citations_5y": 1, "num_publications_10y": 0, "num_citations_10y": 1, "publications_years": {"1998": 1}, "citations_years": {"2017": 1}, "old_citations": {"1998": 1}, "isVisible": false}, "Eindhoven University of Technology": {"name": "Eindhoven University of Technology", "type": "organization", "organization_type": "Education", "h_index": 159, "h5_index": 40, "num_publications": 1, "num_citations": 22, "num_publications_5y": 0, "num_citations_5y": 6, "num_publications_10y": 0, "num_citations_10y": 10, "publications_years": {"1998": 1}, "citations_years": {"1999": 1, "2000": 0, "2001": 4, "2002": 1, "2003": 0, "2004": 1, "2005": 1, "2006": 1, "2007": 3, "2008": 0, "2009": 0, "2010": 1, "2011": 0, "2012": 1, "2013": 2, "2014": 3, "2015": 0, "2016": 2, "2017": 0, "2018": 1}, "old_citations": {"1998": 22}, "isVisible": false}, "Erasmus University Rotterdam": {"name": "Erasmus University Rotterdam", "type": "organization", "organization_type": "Education", "h_index": 84, "h5_index": 22, "num_publications": 1, "num_citations": 8, "num_publications_5y": 0, "num_citations_5y": 0, "num_publications_10y": 0, "num_citations_10y": 2, "publications_years": {"1998": 1}, "citations_years": {"2001": 1, "2002": 2, "2003": 1, "2004": 0, "2005": 1, "2006": 0, "2007": 1, "2008": 0, "2009": 1, "2010": 0, "2011": 1}, "old_citations": {"1998": 8}, "isVisible": false}, "Fraunhofer Society": {"name": "Fraunhofer Society", "type": "organization", "organization_type": "Government", "h_index": 114, "h5_index": 26, "num_publications": 1, "num_citations": 1, "num_publications_5y": 0, "num_citations_5y": 0, "num_publications_10y": 0, "num_citations_10y": 0, "publications_years": {"1998": 1}, "citations_years": {"1998": 1}, "old_citations": {"1998": 1}, "isVisible": false}, "Gyeongsang National University": {"name": "Gyeongsang National University", "type": "organization", "organization_type": "Education", "h_index": 29, "h5_index": 11, "num_publications": 1, "num_citations": 0, "num_publications_5y": 0, "num_citations_5y": 0, "num_publications_10y": 0, "num_citations_10y": 0, "publications_years": {"1998": 1}, "citations_years": {}, "old_citations": {"1998": 0}, "isVisible": false}, "Karlsruhe Institute of Technology": {"name": "Karlsruhe Institute of Technology", "type": "organization", "organization_type": "Education", "h_index": 156, "h5_index": 37, "num_publications": 1, "num_citations": 3, "num_publications_5y": 0, "num_citations_5y": 1, "num_publications_10y": 0, "num_citations_10y": 1, "publications_years": {"1998": 1}, "citations_years": {"2000": 1, "2001": 0, "2002": 0, "2003": 0, "2004": 0, "2005": 1, "2006": 0, "2007": 0, "2008": 0, "2009": 0, "2010": 0, "2011": 0, "2012": 0, "2013": 0, "2014": 0, "2015": 1}, "old_citations": {"1998": 3}, "isVisible": false}, "Kobe University": {"name": "Kobe University", "type": "organization", "organization_type": "Education", "h_index": 51, "h5_index": 14, "num_publications": 1, "num_citations": 3, "num_publications_5y": 0, "num_citations_5y": 0, "num_publications_10y": 0, "num_citations_10y": 0, "publications_years": {"1998": 1}, "citations_years": {"2000": 2, "2001": 0, "2002": 0, "2003": 1}, "old_citations": {"1998": 3}, "isVisible": false}, "Loughborough University": {"name": "Loughborough University", "type": "organization", "organization_type": "Education", "h_index": 87, "h5_index": 25, "num_publications": 1, "num_citations": 0, "num_publications_5y": 0, "num_citations_5y": 0, "num_publications_10y": 0, "num_citations_10y": 0, "publications_years": {"1998": 1}, "citations_years": {}, "old_citations": {"1998": 0}, "isVisible": false}, "Mazda Motor Corporation (Japan)": {"name": "Mazda Motor Corporation (Japan)", "type": "organization", "organization_type": "Company", "h_index": 24, "h5_index": 3, "num_publications": 1, "num_citations": 3, "num_publications_5y": 0, "num_citations_5y": 0, "num_publications_10y": 0, "num_citations_10y": 0, "publications_years": {"1998": 1}, "citations_years": {"2000": 2, "2001": 0, "2002": 0, "2003": 1}, "old_citations": {"1998": 3}, "isVisible": false}, "Musashi University": {"name": "Musashi University", "type": "organization", "organization_type": "Education", "h_index": 5, "h5_index": 0, "num_publications": 1, "num_citations": 1, "num_publications_5y": 0, "num_citations_5y": 0, "num_publications_10y": 0, "num_citations_10y": 1, "publications_years": {"1998": 1}, "citations_years": {"2009": 1}, "old_citations": {"1998": 1}, "isVisible": false}, "Polytechnic University of Turin": {"name": "Polytechnic University of Turin", "type": "organization", "organization_type": "Education", "h_index": 108, "h5_index": 31, "num_publications": 1, "num_citations": 0, "num_publications_5y": 0, "num_citations_5y": 0, "num_publications_10y": 0, "num_citations_10y": 0, "publications_years": {"1998": 1}, "citations_years": {}, "old_citations": {"1998": 0}, "isVisible": false}, "University of Alabama at Birmingham": {"name": "University of Alabama at Birmingham", "type": "organization", "organization_type": "Education", "h_index": 57, "h5_index": 24, "num_publications": 1, "num_citations": 1, "num_publications_5y": 0, "num_citations_5y": 0, "num_publications_10y": 0, "num_citations_10y": 0, "publications_years": {"1998": 1}, "citations_years": {"2000": 1}, "old_citations": {"1998": 1}, "isVisible": false}, "University of Brescia": {"name": "University of Brescia", "type": "organization", "organization_type": "Education", "h_index": 46, "h5_index": 17, "num_publications": 1, "num_citations": 0, "num_publications_5y": 0, "num_citations_5y": 0, "num_publications_10y": 0, "num_citations_10y": 0, "publications_years": {"1998": 1}, "citations_years": {}, "old_citations": {"1998": 0}, "isVisible": false}, "University of Cambridge": {"name": "University of Cambridge", "type": "organization", "organization_type": "Education", "h_index": 250, "h5_index": 62, "num_publications": 1, "num_citations": 0, "num_publications_5y": 0, "num_citations_5y": 0, "num_publications_10y": 0, "num_citations_10y": 0, "publications_years": {"1998": 1}, "citations_years": {}, "old_citations": {"1998": 0}, "isVisible": false}, "University of Glasgow": {"name": "University of Glasgow", "type": "organization", "organization_type": "Education", "h_index": 129, "h5_index": 33, "num_publications": 1, "num_citations": 4, "num_publications_5y": 0, "num_citations_5y": 1, "num_publications_10y": 0, "num_citations_10y": 1, "publications_years": {"1998": 1}, "citations_years": {"2001": 1, "2002": 0, "2003": 0, "2004": 0, "2005": 0, "2006": 1, "2007": 1, "2008": 0, "2009": 0, "2010": 0, "2011": 0, "2012": 0, "2013": 0, "2014": 1}, "old_citations": {"1998": 4}, "isVisible": false}, "University of Groningen": {"name": "University of Groningen", "type": "organization", "organization_type": "Education", "h_index": 92, "h5_index": 25, "num_publications": 1, "num_citations": 0, "num_publications_5y": 0, "num_citations_5y": 0, "num_publications_10y": 0, "num_citations_10y": 0, "publications_years": {"1998": 1}, "citations_years": {}, "old_citations": {"1998": 0}, "isVisible": false}, "University of Hannover": {"name": "University of Hannover", "type": "organization", "organization_type": "Education", "h_index": 70, "h5_index": 19, "num_publications": 1, "num_citations": 0, "num_publications_5y": 0, "num_citations_5y": 0, "num_publications_10y": 0, "num_citations_10y": 0, "publications_years": {"1998": 1}, "citations_years": {}, "old_citations": {"1998": 0}, "isVisible": false}, "University of Huddersfield": {"name": "University of Huddersfield", "type": "organization", "organization_type": "Education", "h_index": 42, "h5_index": 16, "num_publications": 1, "num_citations": 0, "num_publications_5y": 0, "num_citations_5y": 0, "num_publications_10y": 0, "num_citations_10y": 0, "publications_years": {"1998": 1}, "citations_years": {}, "old_citations": {"1998": 0}, "isVisible": false}, "University of Liverpool": {"name": "University of Liverpool", "type": "organization", "organization_type": "Education", "h_index": 95, "h5_index": 28, "num_publications": 1, "num_citations": 6, "num_publications_5y": 0, "num_citations_5y": 0, "num_publications_10y": 0, "num_citations_10y": 0, "publications_years": {"1998": 1}, "citations_years": {"2000": 1, "2001": 2, "2002": 2, "2003": 0, "2004": 0, "2005": 0, "2006": 1}, "old_citations": {"1998": 6}, "isVisible": false}, "University of Manchester": {"name": "University of Manchester", "type": "organization", "organization_type": "Education", "h_index": 171, "h5_index": 38, "num_publications": 1, "num_citations": 2, "num_publications_5y": 0, "num_citations_5y": 0, "num_publications_10y": 0, "num_citations_10y": 1, "publications_years": {"1998": 1}, "citations_years": {"2006": 1, "2007": 0, "2008": 0, "2009": 1}, "old_citations": {"1998": 2}, "isVisible": false}, "University of Oxford": {"name": "University of Oxford", "type": "organization", "organization_type": "Education", "h_index": 245, "h5_index": 88, "num_publications": 1, "num_citations": 1, "num_publications_5y": 0, "num_citations_5y": 0, "num_publications_10y": 0, "num_citations_10y": 0, "publications_years": {"1998": 1}, "citations_years": {"2005": 1}, "old_citations": {"1998": 1}, "isVisible": false}, "University of Washington": {"name": "University of Washington", "type": "organization", "organization_type": "Education", "h_index": 312, "h5_index": 71, "num_publications": 1, "num_citations": 0, "num_publications_5y": 0, "num_citations_5y": 0, "num_publications_10y": 0, "num_citations_10y": 0, "publications_years": {"1998": 1}, "citations_years": {}, "old_citations": {"1998": 0}, "isVisible": false}, "University of the West of England": {"name": "University of the West of England", "type": "organization", "organization_type": "Education", "h_index": 61, "h5_index": 20, "num_publications": 1, "num_citations": 0, "num_publications_5y": 0, "num_citations_5y": 0, "num_publications_10y": 0, "num_citations_10y": 0, "publications_years": {"1998": 1}, "citations_years": {}, "old_citations": {"1998": 0}, "isVisible": false}, "Virginia Tech": {"name": "Virginia Tech", "type": "organization", "organization_type": "Education", "h_index": 151, "h5_index": 52, "num_publications": 1, "num_citations": 47, "num_publications_5y": 0, "num_citations_5y": 5, "num_publications_10y": 0, "num_citations_10y": 19, "publications_years": {"1998": 1}, "citations_years": {"1998": 1, "1999": 0, "2000": 2, "2001": 2, "2002": 6, "2003": 2, "2004": 0, "2005": 3, "2006": 7, "2007": 2, "2008": 2, "2009": 2, "2010": 2, "2011": 3, "2012": 2, "2013": 5, "2014": 1, "2015": 1, "2016": 1, "2017": 2, "2018": 0, "2019": 1}, "old_citations": {"1998": 47}, "isVisible": false}, "\u00c9cole Polytechnique F\u00e9d\u00e9rale de Lausanne": {"name": "\u00c9cole Polytechnique F\u00e9d\u00e9rale de Lausanne", "type": "organization", "organization_type": "Facility", "h_index": 216, "h5_index": 61, "num_publications": 1, "num_citations": 4, "num_publications_5y": 0, "num_citations_5y": 0, "num_publications_10y": 0, "num_citations_10y": 0, "publications_years": {"1998": 1}, "citations_years": {"2001": 1, "2002": 0, "2003": 0, "2004": 2, "2005": 0, "2006": 0, "2007": 1}, "old_citations": {"1998": 4}, "isVisible": false}}, "topics": {"computer science": {"name": "computer science", "type": "topic", "h_index": 1779, "h5_index": 416, "num_publications": 38, "num_citations": 133, "num_publications_5y": 0, "num_citations_5y": 18, "num_publications_10y": 0, "num_citations_10y": 46, "publications_years": {"1998": 38}, "citations_years": {"1999": 1, "2000": 12, "2001": 11, "2002": 15, "2003": 5, "2004": 5, "2005": 7, "2006": 12, "2007": 11, "2008": 4, "2009": 9, "2010": 4, "2011": 5, "2012": 3, "2013": 7, "2014": 5, "2015": 4, "2016": 4, "2017": 3, "2018": 2, "1998": 3, "2019": 1}, "old_citations": {"1998": 133}, "isVisible": false}, "computer systems": {"name": "computer systems", "type": "topic", "h_index": 1595, "h5_index": 367, "num_publications": 32, "num_citations": 127, "num_publications_5y": 0, "num_citations_5y": 18, "num_publications_10y": 0, "num_citations_10y": 45, "publications_years": {"1998": 32}, "citations_years": {"1999": 1, "2000": 10, "2001": 11, "2002": 15, "2003": 4, "2004": 4, "2005": 7, "2006": 12, "2007": 11, "2008": 4, "2009": 8, "2010": 4, "2011": 5, "2012": 3, "2013": 7, "2014": 5, "2015": 4, "2016": 4, "2017": 3, "2018": 2, "1998": 2, "2019": 1}, "old_citations": {"1998": 127}, "isVisible": false}, "information technology": {"name": "information technology", "type": "topic", "h_index": 696, "h5_index": 149, "num_publications": 17, "num_citations": 49, "num_publications_5y": 0, "num_citations_5y": 9, "num_publications_10y": 0, "num_citations_10y": 17, "publications_years": {"1998": 17}, "citations_years": {"1999": 1, "2000": 4, "2001": 7, "2002": 6, "2003": 1, "2004": 2, "2005": 3, "2006": 2, "2007": 4, "2008": 2, "2009": 3, "2010": 1, "2011": 1, "2012": 1, "2013": 2, "2014": 3, "2015": 2, "2016": 2, "2017": 1, "2018": 1}, "old_citations": {"1998": 49}, "isVisible": false}, "artificial intelligence": {"name": "artificial intelligence", "type": "topic", "h_index": 1421, "h5_index": 373, "num_publications": 16, "num_citations": 38, "num_publications_5y": 0, "num_citations_5y": 9, "num_publications_10y": 0, "num_citations_10y": 16, "publications_years": {"1998": 16}, "citations_years": {"1999": 1, "2000": 1, "2001": 5, "2002": 2, "2003": 0, "2004": 2, "2005": 2, "2006": 3, "2007": 4, "2008": 2, "2009": 3, "2010": 1, "2011": 0, "2012": 1, "2013": 2, "2014": 4, "2015": 1, "2016": 2, "2017": 1, "2018": 1}, "old_citations": {"1998": 38}, "isVisible": false}, "software engineering": {"name": "software engineering", "type": "topic", "h_index": 964, "h5_index": 236, "num_publications": 15, "num_citations": 69, "num_publications_5y": 0, "num_citations_5y": 9, "num_publications_10y": 0, "num_citations_10y": 28, "publications_years": {"1998": 15}, "citations_years": {"1998": 2, "1999": 0, "2000": 7, "2001": 2, "2002": 8, "2003": 3, "2004": 0, "2005": 3, "2006": 9, "2007": 4, "2008": 2, "2009": 5, "2010": 3, "2011": 4, "2012": 2, "2013": 5, "2014": 1, "2015": 2, "2016": 2, "2017": 3, "2018": 1, "2019": 1}, "old_citations": {"1998": 69}, "isVisible": false}, "software design": {"name": "software design", "type": "topic", "h_index": 907, "h5_index": 227, "num_publications": 14, "num_citations": 67, "num_publications_5y": 0, "num_citations_5y": 9, "num_publications_10y": 0, "num_citations_10y": 27, "publications_years": {"1998": 14}, "citations_years": {"1998": 2, "1999": 0, "2000": 7, "2001": 2, "2002": 8, "2003": 3, "2004": 0, "2005": 3, "2006": 8, "2007": 4, "2008": 2, "2009": 4, "2010": 3, "2011": 4, "2012": 2, "2013": 5, "2014": 1, "2015": 2, "2016": 2, "2017": 3, "2018": 1, "2019": 1}, "old_citations": {"1998": 67}, "isVisible": false}, "information systems": {"name": "information systems", "type": "topic", "h_index": 679, "h5_index": 124, "num_publications": 13, "num_citations": 37, "num_publications_5y": 0, "num_citations_5y": 8, "num_publications_10y": 0, "num_citations_10y": 14, "publications_years": {"1998": 13}, "citations_years": {"1999": 1, "2000": 3, "2001": 5, "2002": 2, "2003": 1, "2004": 1, "2005": 2, "2006": 2, "2007": 5, "2008": 0, "2009": 2, "2010": 1, "2011": 0, "2012": 1, "2013": 2, "2014": 4, "2015": 1, "2016": 2, "2017": 0, "2018": 1, "1998": 1}, "old_citations": {"1998": 37}, "isVisible": false}, "mathematics": {"name": "mathematics", "type": "topic", "h_index": 1364, "h5_index": 300, "num_publications": 13, "num_citations": 33, "num_publications_5y": 0, "num_citations_5y": 5, "num_publications_10y": 0, "num_citations_10y": 11, "publications_years": {"1998": 13}, "citations_years": {"2005": 3, "2002": 5, "2000": 4, "2001": 2, "2003": 1, "2004": 2, "2006": 1, "2007": 4, "2008": 0, "2009": 3, "2010": 1, "2011": 2, "2012": 0, "2013": 0, "2014": 0, "2015": 3, "2016": 1, "2017": 0, "2018": 1}, "old_citations": {"1998": 33}, "isVisible": false}, "software project": {"name": "software project", "type": "topic", "h_index": 432, "h5_index": 77, "num_publications": 12, "num_citations": 66, "num_publications_5y": 0, "num_citations_5y": 9, "num_publications_10y": 0, "num_citations_10y": 27, "publications_years": {"1998": 12}, "citations_years": {"1998": 2, "1999": 0, "2000": 6, "2001": 2, "2002": 8, "2003": 3, "2004": 0, "2005": 3, "2006": 8, "2007": 4, "2008": 2, "2009": 4, "2010": 3, "2011": 4, "2012": 2, "2013": 5, "2014": 1, "2015": 2, "2016": 2, "2017": 3, "2018": 1, "2019": 1}, "old_citations": {"1998": 66}, "isVisible": false}, "computer networks": {"name": "computer networks", "type": "topic", "h_index": 1262, "h5_index": 332, "num_publications": 11, "num_citations": 55, "num_publications_5y": 0, "num_citations_5y": 10, "num_publications_10y": 0, "num_citations_10y": 18, "publications_years": {"1998": 11}, "citations_years": {"1999": 1, "2000": 6, "2001": 7, "2002": 6, "2003": 1, "2004": 3, "2005": 3, "2006": 3, "2007": 7, "2008": 0, "2009": 2, "2010": 2, "2011": 1, "2012": 1, "2013": 2, "2014": 3, "2015": 2, "2016": 3, "2017": 0, "2018": 2}, "old_citations": {"1998": 55}, "isVisible": false}, "software architecture": {"name": "software architecture", "type": "topic", "h_index": 821, "h5_index": 210, "num_publications": 11, "num_citations": 54, "num_publications_5y": 0, "num_citations_5y": 6, "num_publications_10y": 0, "num_citations_10y": 21, "publications_years": {"1998": 11}, "citations_years": {"1998": 2, "1999": 0, "2000": 5, "2001": 2, "2002": 6, "2003": 3, "2004": 0, "2005": 3, "2006": 7, "2007": 2, "2008": 2, "2009": 3, "2010": 2, "2011": 3, "2012": 2, "2013": 5, "2014": 1, "2015": 1, "2016": 1, "2017": 3, "2018": 0, "2019": 1}, "old_citations": {"1998": 54}, "isVisible": false}, "theoretical computer science": {"name": "theoretical computer science", "type": "topic", "h_index": 883, "h5_index": 203, "num_publications": 11, "num_citations": 69, "num_publications_5y": 0, "num_citations_5y": 8, "num_publications_10y": 0, "num_citations_10y": 26, "publications_years": {"1998": 11}, "citations_years": {"2004": 2, "2005": 3, "2006": 8, "2007": 4, "2008": 4, "2009": 4, "1998": 2, "1999": 0, "2000": 6, "2001": 2, "2002": 8, "2003": 3, "2010": 3, "2011": 4, "2012": 2, "2013": 5, "2014": 1, "2015": 2, "2016": 2, "2017": 2, "2018": 1, "2019": 1}, "old_citations": {"1998": 69}, "isVisible": false}, "graph theory": {"name": "graph theory", "type": "topic", "h_index": 726, "h5_index": 150, "num_publications": 10, "num_citations": 69, "num_publications_5y": 0, "num_citations_5y": 8, "num_publications_10y": 0, "num_citations_10y": 26, "publications_years": {"1998": 10}, "citations_years": {"2004": 2, "2005": 3, "2006": 8, "2007": 4, "2008": 4, "2009": 4, "1998": 2, "1999": 0, "2000": 6, "2001": 2, "2002": 8, "2003": 3, "2010": 3, "2011": 4, "2012": 2, "2013": 5, "2014": 1, "2015": 2, "2016": 2, "2017": 2, "2018": 1, "2019": 1}, "old_citations": {"1998": 69}, "isVisible": false}, "software development": {"name": "software development", "type": "topic", "h_index": 382, "h5_index": 71, "num_publications": 10, "num_citations": 53, "num_publications_5y": 0, "num_citations_5y": 6, "num_publications_10y": 0, "num_citations_10y": 21, "publications_years": {"1998": 10}, "citations_years": {"1998": 2, "1999": 0, "2000": 4, "2001": 2, "2002": 6, "2003": 3, "2004": 0, "2005": 3, "2006": 7, "2007": 2, "2008": 2, "2009": 3, "2010": 2, "2011": 3, "2012": 2, "2013": 5, "2014": 1, "2015": 1, "2016": 1, "2017": 3, "2018": 0, "2019": 1}, "old_citations": {"1998": 53}, "isVisible": false}, "engineering": {"name": "engineering", "type": "topic", "h_index": 1177, "h5_index": 287, "num_publications": 9, "num_citations": 10, "num_publications_5y": 0, "num_citations_5y": 3, "num_publications_10y": 0, "num_citations_10y": 3, "publications_years": {"1998": 9}, "citations_years": {"2000": 1, "2001": 1, "2002": 0, "2003": 0, "2004": 1, "2005": 1, "2006": 1, "2007": 1, "2008": 0, "2009": 0, "2010": 0, "2011": 0, "2012": 0, "2013": 0, "2014": 1, "2015": 1, "1998": 1, "2017": 1}, "old_citations": {"1998": 10}, "isVisible": false}, "petri nets": {"name": "petri nets", "type": "topic", "h_index": 333, "h5_index": 64, "num_publications": 9, "num_citations": 56, "num_publications_5y": 0, "num_citations_5y": 5, "num_publications_10y": 0, "num_citations_10y": 20, "publications_years": {"1998": 9}, "citations_years": {"2004": 2, "2005": 3, "2006": 7, "2007": 2, "2008": 4, "2009": 3, "1998": 2, "1999": 0, "2000": 4, "2001": 2, "2002": 6, "2003": 3, "2010": 2, "2011": 3, "2012": 2, "2013": 5, "2014": 1, "2015": 1, "2016": 1, "2017": 2, "2018": 0, "2019": 1}, "old_citations": {"1998": 56}, "isVisible": false}, "telecommunication systems": {"name": "telecommunication systems", "type": "topic", "h_index": 1187, "h5_index": 277, "num_publications": 9, "num_citations": 48, "num_publications_5y": 0, "num_citations_5y": 10, "num_publications_10y": 0, "num_citations_10y": 17, "publications_years": {"1998": 9}, "citations_years": {"1999": 1, "2000": 4, "2001": 7, "2002": 5, "2003": 0, "2004": 3, "2005": 2, "2006": 3, "2007": 6, "2008": 0, "2009": 1, "2010": 2, "2011": 1, "2012": 1, "2013": 2, "2014": 3, "2015": 2, "2016": 3, "2017": 0, "2018": 2}, "old_citations": {"1998": 48}, "isVisible": false}, "correlation analysis": {"name": "correlation analysis", "type": "topic", "h_index": 1044, "h5_index": 224, "num_publications": 8, "num_citations": 16, "num_publications_5y": 0, "num_citations_5y": 1, "num_publications_10y": 0, "num_citations_10y": 4, "publications_years": {"1998": 8}, "citations_years": {"2005": 2, "2001": 2, "2002": 2, "2003": 1, "2004": 2, "2006": 0, "2007": 2, "2008": 0, "2009": 2, "2010": 0, "2011": 1, "2015": 1, "2000": 1}, "old_citations": {"1998": 16}, "isVisible": false}, "flexible manufacturing systems": {"name": "flexible manufacturing systems", "type": "topic", "h_index": 129, "h5_index": 36, "num_publications": 8, "num_citations": 56, "num_publications_5y": 0, "num_citations_5y": 5, "num_publications_10y": 0, "num_citations_10y": 20, "publications_years": {"1998": 8}, "citations_years": {"2004": 2, "2005": 3, "2006": 7, "2007": 2, "2008": 4, "2009": 3, "1998": 2, "1999": 0, "2000": 4, "2001": 2, "2002": 6, "2003": 3, "2010": 2, "2011": 3, "2012": 2, "2013": 5, "2014": 1, "2015": 1, "2016": 1, "2017": 2, "2018": 0, "2019": 1}, "old_citations": {"1998": 56}, "isVisible": false}, "telecommunication networks": {"name": "telecommunication networks", "type": "topic", "h_index": 1116, "h5_index": 258, "num_publications": 8, "num_citations": 48, "num_publications_5y": 0, "num_citations_5y": 10, "num_publications_10y": 0, "num_citations_10y": 17, "publications_years": {"1998": 8}, "citations_years": {"1999": 1, "2000": 4, "2001": 7, "2002": 5, "2003": 0, "2004": 3, "2005": 2, "2006": 3, "2007": 6, "2008": 0, "2009": 1, "2010": 2, "2011": 1, "2012": 1, "2013": 2, "2014": 3, "2015": 2, "2016": 3, "2017": 0, "2018": 2}, "old_citations": {"1998": 48}, "isVisible": false}, "cloud computing": {"name": "cloud computing", "type": "topic", "h_index": 514, "h5_index": 140, "num_publications": 2, "num_citations": 69, "num_publications_5y": 0, "num_citations_5y": 11, "num_publications_10y": 0, "num_citations_10y": 29, "publications_years": {"1998": 2}, "citations_years": {"1999": 1, "2000": 2, "2001": 6, "2002": 7, "2003": 2, "2004": 1, "2005": 4, "2006": 8, "2007": 5, "2008": 2, "2009": 2, "2010": 3, "2011": 3, "2012": 3, "2013": 7, "2014": 4, "2015": 1, "2016": 3, "2017": 2, "2018": 1, "1998": 1, "2019": 1}, "old_citations": {"1998": 69}, "isVisible": false}, "computer aided design": {"name": "computer aided design", "type": "topic", "h_index": 485, "h5_index": 107, "num_publications": 5, "num_citations": 56, "num_publications_5y": 0, "num_citations_5y": 6, "num_publications_10y": 0, "num_citations_10y": 22, "publications_years": {"1998": 5}, "citations_years": {"2004": 1, "2005": 4, "2006": 7, "2007": 2, "2008": 4, "2009": 4, "2000": 3, "2001": 2, "2002": 6, "2003": 2, "2010": 2, "2011": 3, "2012": 2, "2013": 5, "2014": 1, "2015": 2, "1998": 2, "1999": 0, "2016": 1, "2017": 2, "2018": 0, "2019": 1}, "old_citations": {"1998": 56}, "isVisible": false}, "economics": {"name": "economics", "type": "topic", "h_index": 583, "h5_index": 144, "num_publications": 6, "num_citations": 56, "num_publications_5y": 0, "num_citations_5y": 5, "num_publications_10y": 0, "num_citations_10y": 21, "publications_years": {"1998": 6}, "citations_years": {"1998": 1, "1999": 0, "2000": 3, "2001": 3, "2002": 8, "2003": 3, "2004": 0, "2005": 4, "2006": 7, "2007": 3, "2008": 2, "2009": 3, "2010": 2, "2011": 4, "2012": 2, "2013": 5, "2014": 1, "2015": 1, "2016": 1, "2017": 2, "2018": 0, "2019": 1}, "old_citations": {"1998": 56}, "isVisible": false}, "flexible manufacturing": {"name": "flexible manufacturing", "type": "topic", "h_index": 110, "h5_index": 30, "num_publications": 6, "num_citations": 55, "num_publications_5y": 0, "num_citations_5y": 5, "num_publications_10y": 0, "num_citations_10y": 20, "publications_years": {"1998": 6}, "citations_years": {"2004": 1, "2005": 3, "2006": 7, "2007": 2, "2008": 4, "2009": 3, "1998": 2, "1999": 0, "2000": 4, "2001": 2, "2002": 6, "2003": 3, "2010": 2, "2011": 3, "2012": 2, "2013": 5, "2014": 1, "2015": 1, "2016": 1, "2017": 2, "2018": 0, "2019": 1}, "old_citations": {"1998": 55}, "isVisible": false}, "product design": {"name": "product design", "type": "topic", "h_index": 265, "h5_index": 49, "num_publications": 3, "num_citations": 51, "num_publications_5y": 0, "num_citations_5y": 5, "num_publications_10y": 0, "num_citations_10y": 20, "publications_years": {"1998": 3}, "citations_years": {"2004": 1, "2005": 3, "2006": 7, "2007": 2, "2008": 4, "2009": 3, "1998": 1, "1999": 0, "2000": 2, "2001": 2, "2002": 6, "2003": 2, "2010": 2, "2011": 3, "2012": 2, "2013": 5, "2014": 1, "2015": 1, "2016": 1, "2017": 2, "2018": 0, "2019": 1}, "old_citations": {"1998": 51}, "isVisible": false}, "agile methods": {"name": "agile methods", "type": "topic", "h_index": 151, "h5_index": 36, "num_publications": 2, "num_citations": 50, "num_publications_5y": 0, "num_citations_5y": 5, "num_publications_10y": 0, "num_citations_10y": 19, "publications_years": {"1998": 2}, "citations_years": {"1998": 1, "1999": 0, "2000": 4, "2001": 2, "2002": 6, "2003": 3, "2004": 0, "2005": 3, "2006": 7, "2007": 2, "2008": 2, "2009": 2, "2010": 2, "2011": 3, "2012": 2, "2013": 5, "2014": 1, "2015": 1, "2016": 1, "2017": 2, "2018": 0, "2019": 1}, "old_citations": {"1998": 50}, "isVisible": false}, "agile software development": {"name": "agile software development", "type": "topic", "h_index": 151, "h5_index": 36, "num_publications": 2, "num_citations": 50, "num_publications_5y": 0, "num_citations_5y": 5, "num_publications_10y": 0, "num_citations_10y": 19, "publications_years": {"1998": 2}, "citations_years": {"1998": 1, "1999": 0, "2000": 4, "2001": 2, "2002": 6, "2003": 3, "2004": 0, "2005": 3, "2006": 7, "2007": 2, "2008": 2, "2009": 2, "2010": 2, "2011": 3, "2012": 2, "2013": 5, "2014": 1, "2015": 1, "2016": 1, "2017": 2, "2018": 0, "2019": 1}, "old_citations": {"1998": 50}, "isVisible": false}}, "authors": {"1966492667": {"name": "umit bititci", "type": "author", "activity": 19, "h_index": 4, "h5_index": 0, "mag_id": "1966492667", "num_publications": 2, "num_citations": 14, "num_publications_5y": 0, "num_citations_5y": 3, "num_publications_10y": 0, "num_citations_10y": 6, "publications_years": {"1998": 2}, "citations_years": {"2000": 3, "2001": 0, "2002": 2, "2003": 0, "2004": 0, "2005": 0, "2006": 1, "2007": 2, "2008": 0, "2009": 1, "2010": 1, "2011": 1, "2012": 0, "2013": 0, "2014": 0, "2015": 1, "2016": 1, "2017": 0, "2018": 1}, "old_citations": {"1998": 14}, "isVisible": false}, "2160129399": {"name": "trevor turner", "type": "author", "activity": 6, "h_index": 2, "h5_index": 0, "mag_id": "2160129399", "num_publications": 2, "num_citations": 14, "num_publications_5y": 0, "num_citations_5y": 3, "num_publications_10y": 0, "num_citations_10y": 6, "publications_years": {"1998": 2}, "citations_years": {"2000": 3, "2001": 0, "2002": 2, "2003": 0, "2004": 0, "2005": 0, "2006": 1, "2007": 2, "2008": 0, "2009": 1, "2010": 1, "2011": 1, "2012": 0, "2013": 0, "2014": 0, "2015": 1, "2016": 1, "2017": 0, "2018": 1}, "old_citations": {"1998": 14}, "isVisible": false}, "68849640": {"name": "guy doumeingts", "type": "author", "activity": 29, "h_index": 9, "h5_index": 1, "mag_id": "68849640", "num_publications": 1, "num_citations": 0, "num_publications_5y": 0, "num_citations_5y": 0, "num_publications_10y": 0, "num_citations_10y": 0, "publications_years": {"1998": 1}, "citations_years": {}, "old_citations": {"1998": 0}, "isVisible": false}, "202906006": {"name": "jan olhager", "type": "author", "activity": 26, "h_index": 4, "h5_index": 0, "mag_id": "202906006", "num_publications": 1, "num_citations": 4, "num_publications_5y": 0, "num_citations_5y": 0, "num_publications_10y": 0, "num_citations_10y": 1, "publications_years": {"1998": 1}, "citations_years": {"2004": 1, "2005": 0, "2006": 0, "2007": 0, "2008": 2, "2009": 1}, "old_citations": {"1998": 4}, "isVisible": false}, "1495671178": {"name": "j c wortmann", "type": "author", "activity": 30, "h_index": 9, "h5_index": 1, "mag_id": "1495671178", "num_publications": 1, "num_citations": 22, "num_publications_5y": 0, "num_citations_5y": 6, "num_publications_10y": 0, "num_citations_10y": 10, "publications_years": {"1998": 1}, "citations_years": {"1999": 1, "2000": 0, "2001": 4, "2002": 1, "2003": 0, "2004": 1, "2005": 1, "2006": 1, "2007": 3, "2008": 0, "2009": 0, "2010": 1, "2011": 0, "2012": 1, "2013": 2, "2014": 3, "2015": 0, "2016": 2, "2017": 0, "2018": 1}, "old_citations": {"1998": 22}, "isVisible": false}, "1853820933": {"name": "paivi haho", "type": "author", "activity": 7, "h_index": 2, "h5_index": 0, "mag_id": "1853820933", "num_publications": 1, "num_citations": 1, "num_publications_5y": 0, "num_citations_5y": 0, "num_publications_10y": 0, "num_citations_10y": 0, "publications_years": {"1998": 1}, "citations_years": {"2002": 1}, "old_citations": {"1998": 1}, "isVisible": false}, "1958796362": {"name": "ralf hieber", "type": "author", "activity": 6, "h_index": 3, "h5_index": 0, "mag_id": "1958796362", "num_publications": 1, "num_citations": 4, "num_publications_5y": 0, "num_citations_5y": 0, "num_publications_10y": 0, "num_citations_10y": 0, "publications_years": {"1998": 1}, "citations_years": {"2001": 1, "2002": 0, "2003": 0, "2004": 2, "2005": 0, "2006": 0, "2007": 1}, "old_citations": {"1998": 4}, "isVisible": false}, "1968660327": {"name": "yasuto tatsuta", "type": "author", "activity": 1, "h_index": 1, "h5_index": 0, "mag_id": "1968660327", "num_publications": 1, "num_citations": 3, "num_publications_5y": 0, "num_citations_5y": 0, "num_publications_10y": 0, "num_citations_10y": 0, "publications_years": {"1998": 1}, "citations_years": {"2000": 2, "2001": 0, "2002": 0, "2003": 1}, "old_citations": {"1998": 3}, "isVisible": false}, "1971271343": {"name": "m a rotzoll", "type": "author", "activity": 1, "h_index": 0, "h5_index": 0, "mag_id": "1971271343", "num_publications": 1, "num_citations": 0, "num_publications_5y": 0, "num_citations_5y": 0, "num_publications_10y": 0, "num_citations_10y": 0, "publications_years": {"1998": 1}, "citations_years": {}, "old_citations": {"1998": 0}, "isVisible": false}, "1974105954": {"name": "jens ove riis", "type": "author", "activity": 28, "h_index": 6, "h5_index": 0, "mag_id": "1974105954", "num_publications": 1, "num_citations": 6, "num_publications_5y": 0, "num_citations_5y": 0, "num_publications_10y": 0, "num_citations_10y": 1, "publications_years": {"1998": 1}, "citations_years": {"2000": 2, "2001": 0, "2002": 1, "2003": 1, "2004": 0, "2005": 0, "2006": 0, "2007": 1, "2008": 0, "2009": 1}, "old_citations": {"1998": 6}, "isVisible": false}, "1979310105": {"name": "c m wyatt", "type": "author", "activity": 1, "h_index": 1, "h5_index": 0, "mag_id": "1979310105", "num_publications": 1, "num_citations": 1, "num_publications_5y": 0, "num_citations_5y": 1, "num_publications_10y": 0, "num_citations_10y": 1, "publications_years": {"1998": 1}, "citations_years": {"2017": 1}, "old_citations": {"1998": 1}, "isVisible": false}, "1982640992": {"name": "h k tonshoff", "type": "author", "activity": 20, "h_index": 5, "h5_index": 0, "mag_id": "1982640992", "num_publications": 1, "num_citations": 0, "num_publications_5y": 0, "num_citations_5y": 0, "num_publications_10y": 0, "num_citations_10y": 0, "publications_years": {"1998": 1}, "citations_years": {}, "old_citations": {"1998": 0}, "isVisible": false}, "1982835182": {"name": "k v pandya", "type": "author", "activity": 1, "h_index": 0, "h5_index": 0, "mag_id": "1982835182", "num_publications": 1, "num_citations": 0, "num_publications_5y": 0, "num_citations_5y": 0, "num_publications_10y": 0, "num_citations_10y": 0, "publications_years": {"1998": 1}, "citations_years": {}, "old_citations": {"1998": 0}, "isVisible": false}, "1989197034": {"name": "c s irgens", "type": "author", "activity": 1, "h_index": 0, "h5_index": 0, "mag_id": "1989197034", "num_publications": 1, "num_citations": 0, "num_publications_5y": 0, "num_citations_5y": 0, "num_publications_10y": 0, "num_citations_10y": 0, "publications_years": {"1998": 1}, "citations_years": {}, "old_citations": {"1998": 0}, "isVisible": false}, "1992423802": {"name": "michael mezger", "type": "author", "activity": 2, "h_index": 1, "h5_index": 0, "mag_id": "1992423802", "num_publications": 1, "num_citations": 1, "num_publications_5y": 0, "num_citations_5y": 0, "num_publications_10y": 0, "num_citations_10y": 0, "publications_years": {"1998": 1}, "citations_years": {"1998": 1}, "old_citations": {"1998": 1}, "isVisible": false}, "2011323368": {"name": "stephane kleinhans", "type": "author", "activity": 1, "h_index": 0, "h5_index": 0, "mag_id": "2011323368", "num_publications": 1, "num_citations": 0, "num_publications_5y": 0, "num_citations_5y": 0, "num_publications_10y": 0, "num_citations_10y": 0, "publications_years": {"1998": 1}, "citations_years": {}, "old_citations": {"1998": 0}, "isVisible": false}, "2040582025": {"name": "shigeki umeda", "type": "author", "activity": 17, "h_index": 5, "h5_index": 0, "mag_id": "2040582025", "num_publications": 1, "num_citations": 1, "num_publications_5y": 0, "num_citations_5y": 0, "num_publications_10y": 0, "num_citations_10y": 1, "publications_years": {"1998": 1}, "citations_years": {"2009": 1}, "old_citations": {"1998": 1}, "isVisible": false}, "2045316285": {"name": "yoshiharu takata", "type": "author", "activity": 1, "h_index": 1, "h5_index": 0, "mag_id": "2045316285", "num_publications": 1, "num_citations": 3, "num_publications_5y": 0, "num_citations_5y": 0, "num_publications_10y": 0, "num_citations_10y": 0, "publications_years": {"1998": 1}, "citations_years": {"2000": 2, "2001": 0, "2002": 0, "2003": 1}, "old_citations": {"1998": 3}, "isVisible": false}, "2047052690": {"name": "riitta smeds", "type": "author", "activity": 24, "h_index": 9, "h5_index": 0, "mag_id": "2047052690", "num_publications": 1, "num_citations": 2, "num_publications_5y": 0, "num_citations_5y": 0, "num_publications_10y": 0, "num_citations_10y": 1, "publications_years": {"1998": 1}, "citations_years": {"1998": 1, "1999": 0, "2000": 0, "2001": 0, "2002": 0, "2003": 0, "2004": 0, "2005": 0, "2006": 0, "2007": 0, "2008": 0, "2009": 1}, "old_citations": {"1998": 2}, "isVisible": false}, "2097192755": {"name": "v hanna", "type": "author", "activity": 1, "h_index": 0, "h5_index": 0, "mag_id": "2097192755", "num_publications": 1, "num_citations": 0, "num_publications_5y": 0, "num_citations_5y": 0, "num_publications_10y": 0, "num_citations_10y": 0, "publications_years": {"1998": 1}, "citations_years": {}, "old_citations": {"1998": 0}, "isVisible": false}, "2100860724": {"name": "w van wezel", "type": "author", "activity": 1, "h_index": 0, "h5_index": 0, "mag_id": "2100860724", "num_publications": 1, "num_citations": 0, "num_publications_5y": 0, "num_citations_5y": 0, "num_publications_10y": 0, "num_citations_10y": 0, "publications_years": {"1998": 1}, "citations_years": {}, "old_citations": {"1998": 0}, "isVisible": false}, "2104571843": {"name": "charles moller", "type": "author", "activity": 28, "h_index": 9, "h5_index": 2, "mag_id": "2104571843", "num_publications": 1, "num_citations": 6, "num_publications_5y": 0, "num_citations_5y": 0, "num_publications_10y": 0, "num_citations_10y": 1, "publications_years": {"1998": 1}, "citations_years": {"2000": 2, "2001": 0, "2002": 1, "2003": 1, "2004": 0, "2005": 0, "2006": 0, "2007": 1, "2008": 0, "2009": 1}, "old_citations": {"1998": 6}, "isVisible": false}, "2117207628": {"name": "albert jones", "type": "author", "activity": 29, "h_index": 13, "h5_index": 3, "mag_id": "2117207628", "num_publications": 1, "num_citations": 1, "num_publications_5y": 0, "num_citations_5y": 0, "num_publications_10y": 0, "num_citations_10y": 1, "publications_years": {"1998": 1}, "citations_years": {"2009": 1}, "old_citations": {"1998": 1}, "isVisible": false}, "2117598615": {"name": "martin rudberg", "type": "author", "activity": 22, "h_index": 1, "h5_index": 1, "mag_id": "2117598615", "num_publications": 1, "num_citations": 4, "num_publications_5y": 0, "num_citations_5y": 0, "num_publications_10y": 0, "num_citations_10y": 1, "publications_years": {"1998": 1}, "citations_years": {"2004": 1, "2005": 0, "2006": 0, "2007": 0, "2008": 2, "2009": 1}, "old_citations": {"1998": 4}, "isVisible": false}, "2131915991": {"name": "d p van donk", "type": "author", "activity": 15, "h_index": 1, "h5_index": 0, "mag_id": "2131915991", "num_publications": 1, "num_citations": 0, "num_publications_5y": 0, "num_citations_5y": 0, "num_publications_10y": 0, "num_citations_10y": 0, "publications_years": {"1998": 1}, "citations_years": {}, "old_citations": {"1998": 0}, "isVisible": false}, "2138757907": {"name": "n d burns", "type": "author", "activity": 19, "h_index": 1, "h5_index": 0, "mag_id": "2138757907", "num_publications": 1, "num_citations": 0, "num_publications_5y": 0, "num_citations_5y": 0, "num_publications_10y": 0, "num_citations_10y": 0, "publications_years": {"1998": 1}, "citations_years": {}, "old_citations": {"1998": 0}, "isVisible": false}, "2176349925": {"name": "m imada", "type": "author", "activity": 1, "h_index": 1, "h5_index": 0, "mag_id": "2176349925", "num_publications": 1, "num_citations": 3, "num_publications_5y": 0, "num_citations_5y": 0, "num_publications_10y": 0, "num_citations_10y": 0, "publications_years": {"1998": 1}, "citations_years": {"2000": 2, "2001": 0, "2002": 0, "2003": 1}, "old_citations": {"1998": 3}, "isVisible": false}, "2181298168": {"name": "steve new", "type": "author", "activity": 29, "h_index": 2, "h5_index": 2, "mag_id": "2181298168", "num_publications": 1, "num_citations": 1, "num_publications_5y": 0, "num_citations_5y": 0, "num_publications_10y": 0, "num_citations_10y": 0, "publications_years": {"1998": 1}, "citations_years": {"2005": 1}, "old_citations": {"1998": 1}, "isVisible": false}, "2279250200": {"name": "hiroshi morita", "type": "author", "activity": 24, "h_index": 3, "h5_index": 0, "mag_id": "2279250200", "num_publications": 1, "num_citations": 3, "num_publications_5y": 0, "num_citations_5y": 0, "num_publications_10y": 0, "num_citations_10y": 0, "publications_years": {"1998": 1}, "citations_years": {"2000": 2, "2001": 0, "2002": 0, "2003": 1}, "old_citations": {"1998": 3}, "isVisible": false}, "2279959097": {"name": "g goalman", "type": "author", "activity": 1, "h_index": 0, "h5_index": 0, "mag_id": "2279959097", "num_publications": 1, "num_citations": 0, "num_publications_5y": 0, "num_citations_5y": 0, "num_publications_10y": 0, "num_citations_10y": 0, "publications_years": {"1998": 1}, "citations_years": {}, "old_citations": {"1998": 0}, "isVisible": false}, "2287161063": {"name": "bruno vallespir", "type": "author", "activity": 27, "h_index": 9, "h5_index": 4, "mag_id": "2287161063", "num_publications": 1, "num_citations": 0, "num_publications_5y": 0, "num_citations_5y": 0, "num_publications_10y": 0, "num_citations_10y": 0, "publications_years": {"1998": 1}, "citations_years": {}, "old_citations": {"1998": 0}, "isVisible": false}, "2306590609": {"name": "bernd brinkmeier", "type": "author", "activity": 5, "h_index": 2, "h5_index": 0, "mag_id": "2306590609", "num_publications": 1, "num_citations": 3, "num_publications_5y": 0, "num_citations_5y": 1, "num_publications_10y": 0, "num_citations_10y": 1, "publications_years": {"1998": 1}, "citations_years": {"2000": 1, "2001": 0, "2002": 0, "2003": 0, "2004": 0, "2005": 1, "2006": 0, "2007": 0, "2008": 0, "2009": 0, "2010": 0, "2011": 0, "2012": 0, "2013": 0, "2014": 0, "2015": 1}, "old_citations": {"1998": 3}, "isVisible": false}, "2311244008": {"name": "s lutz", "type": "author", "activity": 1, "h_index": 1, "h5_index": 0, "mag_id": "2311244008", "num_publications": 1, "num_citations": 13, "num_publications_5y": 0, "num_citations_5y": 3, "num_publications_10y": 0, "num_citations_10y": 6, "publications_years": {"1998": 1}, "citations_years": {"2000": 2, "2001": 0, "2002": 2, "2003": 0, "2004": 0, "2005": 0, "2006": 1, "2007": 2, "2008": 0, "2009": 1, "2010": 1, "2011": 1, "2012": 0, "2013": 0, "2014": 0, "2015": 1, "2016": 1, "2017": 0, "2018": 1}, "old_citations": {"1998": 13}, "isVisible": false}, "2316546610": {"name": "d j guenaoui", "type": "author", "activity": 1, "h_index": 0, "h5_index": 0, "mag_id": "2316546610", "num_publications": 1, "num_citations": 0, "num_publications_5y": 0, "num_citations_5y": 0, "num_publications_10y": 0, "num_citations_10y": 0, "publications_years": {"1998": 1}, "citations_years": {}, "old_citations": {"1998": 0}, "isVisible": false}, "2329546313": {"name": "c kellerjackson", "type": "author", "activity": 1, "h_index": 0, "h5_index": 0, "mag_id": "2329546313", "num_publications": 1, "num_citations": 0, "num_publications_5y": 0, "num_citations_5y": 0, "num_publications_10y": 0, "num_citations_10y": 0, "publications_years": {"1998": 1}, "citations_years": {}, "old_citations": {"1998": 0}, "isVisible": false}, "2375981134": {"name": "m p kennerly", "type": "author", "activity": 1, "h_index": 0, "h5_index": 0, "mag_id": "2375981134", "num_publications": 1, "num_citations": 0, "num_publications_5y": 0, "num_citations_5y": 0, "num_publications_10y": 0, "num_citations_10y": 0, "publications_years": {"1998": 1}, "citations_years": {}, "old_citations": {"1998": 0}, "isVisible": false}, "2395009507": {"name": "stefan haberl", "type": "author", "activity": 2, "h_index": 1, "h5_index": 0, "mag_id": "2395009507", "num_publications": 1, "num_citations": 1, "num_publications_5y": 0, "num_citations_5y": 0, "num_publications_10y": 0, "num_citations_10y": 0, "publications_years": {"1998": 1}, "citations_years": {"1998": 1}, "old_citations": {"1998": 1}, "isVisible": false}, "2410825510": {"name": "r h draman", "type": "author", "activity": 1, "h_index": 1, "h5_index": 0, "mag_id": "2410825510", "num_publications": 1, "num_citations": 1, "num_publications_5y": 0, "num_citations_5y": 0, "num_publications_10y": 0, "num_citations_10y": 0, "publications_years": {"1998": 1}, "citations_years": {"2000": 1}, "old_citations": {"1998": 1}, "isVisible": false}, "2413076458": {"name": "c nidasio", "type": "author", "activity": 1, "h_index": 0, "h5_index": 0, "mag_id": "2413076458", "num_publications": 1, "num_citations": 0, "num_publications_5y": 0, "num_citations_5y": 0, "num_publications_10y": 0, "num_citations_10y": 0, "publications_years": {"1998": 1}, "citations_years": {}, "old_citations": {"1998": 0}, "isVisible": false}, "2422011609": {"name": "a s johnson", "type": "author", "activity": 1, "h_index": 1, "h5_index": 0, "mag_id": "2422011609", "num_publications": 1, "num_citations": 1, "num_publications_5y": 0, "num_citations_5y": 1, "num_publications_10y": 0, "num_citations_10y": 1, "publications_years": {"1998": 1}, "citations_years": {"2017": 1}, "old_citations": {"1998": 1}, "isVisible": false}, "2429081699": {"name": "z elkahlout", "type": "author", "activity": 1, "h_index": 0, "h5_index": 0, "mag_id": "2429081699", "num_publications": 1, "num_citations": 0, "num_publications_5y": 0, "num_citations_5y": 0, "num_publications_10y": 0, "num_citations_10y": 0, "publications_years": {"1998": 1}, "citations_years": {}, "old_citations": {"1998": 0}, "isVisible": false}, "2477773720": {"name": "sanggyu lim", "type": "author", "activity": 15, "h_index": 0, "h5_index": 0, "mag_id": "2477773720", "num_publications": 1, "num_citations": 0, "num_publications_5y": 0, "num_citations_5y": 0, "num_publications_10y": 0, "num_citations_10y": 0, "publications_years": {"1998": 1}, "citations_years": {}, "old_citations": {"1998": 0}, "isVisible": false}, "2480386204": {"name": "allan s carrie", "type": "author", "activity": 8, "h_index": 5, "h5_index": 0, "mag_id": "2480386204", "num_publications": 1, "num_citations": 13, "num_publications_5y": 0, "num_citations_5y": 3, "num_publications_10y": 0, "num_citations_10y": 6, "publications_years": {"1998": 1}, "citations_years": {"2000": 2, "2001": 0, "2002": 2, "2003": 0, "2004": 0, "2005": 0, "2006": 1, "2007": 2, "2008": 0, "2009": 1, "2010": 1, "2011": 1, "2012": 0, "2013": 0, "2014": 0, "2015": 1, "2016": 1, "2017": 0, "2018": 1}, "old_citations": {"1998": 13}, "isVisible": false}, "2480970184": {"name": "matt williamson", "type": "author", "activity": 1, "h_index": 0, "h5_index": 0, "mag_id": "2480970184", "num_publications": 1, "num_citations": 0, "num_publications_5y": 0, "num_citations_5y": 0, "num_publications_10y": 0, "num_citations_10y": 0, "publications_years": {"1998": 1}, "citations_years": {}, "old_citations": {"1998": 0}, "isVisible": false}, "2496054176": {"name": "richard lee storch", "type": "author", "activity": 26, "h_index": 6, "h5_index": 1, "mag_id": "2496054176", "num_publications": 1, "num_citations": 0, "num_publications_5y": 0, "num_citations_5y": 0, "num_publications_10y": 0, "num_citations_10y": 0, "publications_years": {"1998": 1}, "citations_years": {}, "old_citations": {"1998": 0}, "isVisible": false}, "2500818143": {"name": "p strom", "type": "author", "activity": 1, "h_index": 0, "h5_index": 0, "mag_id": "2500818143", "num_publications": 1, "num_citations": 0, "num_publications_5y": 0, "num_citations_5y": 0, "num_publications_10y": 0, "num_citations_10y": 0, "publications_years": {"1998": 1}, "citations_years": {}, "old_citations": {"1998": 0}, "isVisible": false}, "2506408995": {"name": "c j gavin", "type": "author", "activity": 1, "h_index": 0, "h5_index": 0, "mag_id": "2506408995", "num_publications": 1, "num_citations": 0, "num_publications_5y": 0, "num_citations_5y": 0, "num_publications_10y": 0, "num_citations_10y": 0, "publications_years": {"1998": 1}, "citations_years": {}, "old_citations": {"1998": 0}, "isVisible": false}, "2507645164": {"name": "a gambeh", "type": "author", "activity": 1, "h_index": 0, "h5_index": 0, "mag_id": "2507645164", "num_publications": 1, "num_citations": 0, "num_publications_5y": 0, "num_citations_5y": 0, "num_publications_10y": 0, "num_citations_10y": 0, "publications_years": {"1998": 1}, "citations_years": {}, "old_citations": {"1998": 0}, "isVisible": false}, "2511500698": {"name": "a lochamy", "type": "author", "activity": 1, "h_index": 1, "h5_index": 0, "mag_id": "2511500698", "num_publications": 1, "num_citations": 1, "num_publications_5y": 0, "num_citations_5y": 0, "num_publications_10y": 0, "num_citations_10y": 0, "publications_years": {"1998": 1}, "citations_years": {"2000": 1}, "old_citations": {"1998": 1}, "isVisible": false}, "2520223077": {"name": "t guhring", "type": "author", "activity": 1, "h_index": 1, "h5_index": 0, "mag_id": "2520223077", "num_publications": 1, "num_citations": 1, "num_publications_5y": 0, "num_citations_5y": 1, "num_publications_10y": 0, "num_citations_10y": 1, "publications_years": {"1998": 1}, "citations_years": {"2015": 1}, "old_citations": {"1998": 1}, "isVisible": false}, "2526689086": {"name": "mark w hansen", "type": "author", "activity": 2, "h_index": 1, "h5_index": 0, "mag_id": "2526689086", "num_publications": 1, "num_citations": 6, "num_publications_5y": 0, "num_citations_5y": 0, "num_publications_10y": 0, "num_citations_10y": 1, "publications_years": {"1998": 1}, "citations_years": {"2000": 2, "2001": 0, "2002": 1, "2003": 1, "2004": 0, "2005": 0, "2006": 0, "2007": 1, "2008": 0, "2009": 1}, "old_citations": {"1998": 6}, "isVisible": false}, "2562955367": {"name": "c j gavin", "type": "author", "activity": 1, "h_index": 0, "h5_index": 0, "mag_id": "2562955367", "num_publications": 1, "num_citations": 0, "num_publications_5y": 0, "num_citations_5y": 0, "num_publications_10y": 0, "num_citations_10y": 0, "publications_years": {"1998": 1}, "citations_years": {}, "old_citations": {"1998": 0}, "isVisible": false}, "2564249661": {"name": "f frigomosca", "type": "author", "activity": 1, "h_index": 1, "h5_index": 0, "mag_id": "2564249661", "num_publications": 1, "num_citations": 4, "num_publications_5y": 0, "num_citations_5y": 0, "num_publications_10y": 0, "num_citations_10y": 0, "publications_years": {"1998": 1}, "citations_years": {"2001": 1, "2002": 0, "2003": 0, "2004": 2, "2005": 0, "2006": 0, "2007": 1}, "old_citations": {"1998": 4}, "isVisible": false}, "2579772372": {"name": "h iio", "type": "author", "activity": 1, "h_index": 1, "h5_index": 0, "mag_id": "2579772372", "num_publications": 1, "num_citations": 3, "num_publications_5y": 0, "num_citations_5y": 0, "num_publications_10y": 0, "num_citations_10y": 0, "publications_years": {"1998": 1}, "citations_years": {"2000": 2, "2001": 0, "2002": 0, "2003": 1}, "old_citations": {"1998": 3}, "isVisible": false}, "2611501043": {"name": "s maclean", "type": "author", "activity": 1, "h_index": 1, "h5_index": 0, "mag_id": "2611501043", "num_publications": 1, "num_citations": 4, "num_publications_5y": 0, "num_citations_5y": 1, "num_publications_10y": 0, "num_citations_10y": 1, "publications_years": {"1998": 1}, "citations_years": {"2001": 1, "2002": 0, "2003": 0, "2004": 0, "2005": 0, "2006": 1, "2007": 1, "2008": 0, "2009": 0, "2010": 0, "2011": 0, "2012": 0, "2013": 0, "2014": 1}, "old_citations": {"1998": 4}, "isVisible": false}, "2617937308": {"name": "p cheshire", "type": "author", "activity": 1, "h_index": 0, "h5_index": 0, "mag_id": "2617937308", "num_publications": 1, "num_citations": 0, "num_publications_5y": 0, "num_citations_5y": 0, "num_publications_10y": 0, "num_citations_10y": 0, "publications_years": {"1998": 1}, "citations_years": {}, "old_citations": {"1998": 0}, "isVisible": false}, "2622639234": {"name": "c j backhouse", "type": "author", "activity": 4, "h_index": 1, "h5_index": 0, "mag_id": "2622639234", "num_publications": 1, "num_citations": 0, "num_publications_5y": 0, "num_citations_5y": 0, "num_publications_10y": 0, "num_citations_10y": 0, "publications_years": {"1998": 1}, "citations_years": {}, "old_citations": {"1998": 0}, "isVisible": false}, "2629252612": {"name": "i p tatsiopoulos", "type": "author", "activity": 1, "h_index": 0, "h5_index": 0, "mag_id": "2629252612", "num_publications": 1, "num_citations": 0, "num_publications_5y": 0, "num_citations_5y": 0, "num_publications_10y": 0, "num_citations_10y": 0, "publications_years": {"1998": 1}, "citations_years": {}, "old_citations": {"1998": 0}, "isVisible": false}, "2629622906": {"name": "d brutsch", "type": "author", "activity": 1, "h_index": 1, "h5_index": 0, "mag_id": "2629622906", "num_publications": 1, "num_citations": 4, "num_publications_5y": 0, "num_citations_5y": 0, "num_publications_10y": 0, "num_citations_10y": 0, "publications_years": {"1998": 1}, "citations_years": {"2001": 1, "2002": 0, "2003": 0, "2004": 2, "2005": 0, "2006": 0, "2007": 1}, "old_citations": {"1998": 4}, "isVisible": false}, "2635337119": {"name": "suzanne p evans", "type": "author", "activity": 1, "h_index": 1, "h5_index": 0, "mag_id": "2635337119", "num_publications": 1, "num_citations": 1, "num_publications_5y": 0, "num_citations_5y": 1, "num_publications_10y": 0, "num_citations_10y": 1, "publications_years": {"1998": 1}, "citations_years": {"2017": 1}, "old_citations": {"1998": 1}, "isVisible": false}, "2638951619": {"name": "franz josef heeg", "type": "author", "activity": 1, "h_index": 1, "h5_index": 0, "mag_id": "2638951619", "num_publications": 1, "num_citations": 1, "num_publications_5y": 0, "num_citations_5y": 1, "num_publications_10y": 0, "num_citations_10y": 1, "publications_years": {"1998": 1}, "citations_years": {"2015": 1}, "old_citations": {"1998": 1}, "isVisible": false}, "2641291842": {"name": "r macintosh", "type": "author", "activity": 1, "h_index": 1, "h5_index": 0, "mag_id": "2641291842", "num_publications": 1, "num_citations": 4, "num_publications_5y": 0, "num_citations_5y": 1, "num_publications_10y": 0, "num_citations_10y": 1, "publications_years": {"1998": 1}, "citations_years": {"2001": 1, "2002": 0, "2003": 0, "2004": 0, "2005": 0, "2006": 1, "2007": 1, "2008": 0, "2009": 0, "2010": 0, "2011": 0, "2012": 0, "2013": 0, "2014": 1}, "old_citations": {"1998": 4}, "isVisible": false}, "2665889817": {"name": "v stich", "type": "author", "activity": 1, "h_index": 0, "h5_index": 0, "mag_id": "2665889817", "num_publications": 1, "num_citations": 0, "num_publications_5y": 0, "num_citations_5y": 0, "num_publications_10y": 0, "num_citations_10y": 0, "publications_years": {"1998": 1}, "citations_years": {}, "old_citations": {"1998": 0}, "isVisible": false}, "2671086518": {"name": "austen k jones", "type": "author", "activity": 1, "h_index": 1, "h5_index": 0, "mag_id": "2671086518", "num_publications": 1, "num_citations": 2, "num_publications_5y": 0, "num_citations_5y": 0, "num_publications_10y": 0, "num_citations_10y": 1, "publications_years": {"1998": 1}, "citations_years": {"2006": 1, "2007": 0, "2008": 0, "2009": 1}, "old_citations": {"1998": 2}, "isVisible": false}, "2672953241": {"name": "a d neely", "type": "author", "activity": 1, "h_index": 0, "h5_index": 0, "mag_id": "2672953241", "num_publications": 1, "num_citations": 0, "num_publications_5y": 0, "num_citations_5y": 0, "num_publications_10y": 0, "num_citations_10y": 0, "publications_years": {"1998": 1}, "citations_years": {}, "old_citations": {"1998": 0}, "isVisible": false}, "2677403839": {"name": "martin west", "type": "author", "activity": 1, "h_index": 1, "h5_index": 0, "mag_id": "2677403839", "num_publications": 1, "num_citations": 4, "num_publications_5y": 0, "num_citations_5y": 0, "num_publications_10y": 0, "num_citations_10y": 1, "publications_years": {"1998": 1}, "citations_years": {"2004": 1, "2005": 0, "2006": 0, "2007": 0, "2008": 2, "2009": 1}, "old_citations": {"1998": 4}, "isVisible": false}, "2684003412": {"name": "r i van hoek", "type": "author", "activity": 1, "h_index": 1, "h5_index": 0, "mag_id": "2684003412", "num_publications": 1, "num_citations": 8, "num_publications_5y": 0, "num_citations_5y": 0, "num_publications_10y": 0, "num_citations_10y": 2, "publications_years": {"1998": 1}, "citations_years": {"2001": 1, "2002": 2, "2003": 1, "2004": 0, "2005": 1, "2006": 0, "2007": 1, "2008": 0, "2009": 1, "2010": 0, "2011": 1}, "old_citations": {"1998": 8}, "isVisible": false}, "2695568820": {"name": "m varchetta", "type": "author", "activity": 1, "h_index": 0, "h5_index": 0, "mag_id": "2695568820", "num_publications": 1, "num_citations": 0, "num_publications_5y": 0, "num_citations_5y": 0, "num_publications_10y": 0, "num_citations_10y": 0, "publications_years": {"1998": 1}, "citations_years": {}, "old_citations": {"1998": 0}, "isVisible": false}, "2701032603": {"name": "s k banerjee", "type": "author", "activity": 1, "h_index": 0, "h5_index": 0, "mag_id": "2701032603", "num_publications": 1, "num_citations": 0, "num_publications_5y": 0, "num_citations_5y": 0, "num_publications_10y": 0, "num_citations_10y": 0, "publications_years": {"1998": 1}, "citations_years": {}, "old_citations": {"1998": 0}, "isVisible": false}, "2706124844": {"name": "a k kochhar", "type": "author", "activity": 1, "h_index": 1, "h5_index": 0, "mag_id": "2706124844", "num_publications": 1, "num_citations": 2, "num_publications_5y": 0, "num_citations_5y": 0, "num_publications_10y": 0, "num_citations_10y": 1, "publications_years": {"1998": 1}, "citations_years": {"2006": 1, "2007": 0, "2008": 0, "2009": 1}, "old_citations": {"1998": 2}, "isVisible": false}, "2713578028": {"name": "a kees", "type": "author", "activity": 1, "h_index": 0, "h5_index": 0, "mag_id": "2713578028", "num_publications": 1, "num_citations": 0, "num_publications_5y": 0, "num_citations_5y": 0, "num_publications_10y": 0, "num_citations_10y": 0, "publications_years": {"1998": 1}, "citations_years": {}, "old_citations": {"1998": 0}, "isVisible": false}, "2719659521": {"name": "i arbon", "type": "author", "activity": 1, "h_index": 1, "h5_index": 0, "mag_id": "2719659521", "num_publications": 1, "num_citations": 4, "num_publications_5y": 0, "num_citations_5y": 1, "num_publications_10y": 0, "num_citations_10y": 1, "publications_years": {"1998": 1}, "citations_years": {"2001": 1, "2002": 0, "2003": 0, "2004": 0, "2005": 0, "2006": 1, "2007": 1, "2008": 0, "2009": 0, "2010": 0, "2011": 0, "2012": 0, "2013": 0, "2014": 1}, "old_citations": {"1998": 4}, "isVisible": false}, "2807309954": {"name": "kari tanskanen", "type": "author", "activity": 7, "h_index": 0, "h5_index": 0, "mag_id": "2807309954", "num_publications": 1, "num_citations": 0, "num_publications_5y": 0, "num_citations_5y": 0, "num_publications_10y": 0, "num_citations_10y": 0, "publications_years": {"1998": 1}, "citations_years": {}, "old_citations": {"1998": 0}, "isVisible": false}, "2923722092": {"name": "susumu fujii", "type": "author", "activity": 16, "h_index": 2, "h5_index": 0, "mag_id": "2923722092", "num_publications": 1, "num_citations": 3, "num_publications_5y": 0, "num_citations_5y": 0, "num_publications_10y": 0, "num_citations_10y": 0, "publications_years": {"1998": 1}, "citations_years": {"2000": 2, "2001": 0, "2002": 0, "2003": 1}, "old_citations": {"1998": 3}, "isVisible": false}, "2947690538": {"name": "gert zulch", "type": "author", "activity": 13, "h_index": 7, "h5_index": 0, "mag_id": "2947690538", "num_publications": 1, "num_citations": 3, "num_publications_5y": 0, "num_citations_5y": 1, "num_publications_10y": 0, "num_citations_10y": 1, "publications_years": {"1998": 1}, "citations_years": {"2000": 1, "2001": 0, "2002": 0, "2003": 0, "2004": 0, "2005": 1, "2006": 0, "2007": 0, "2008": 0, "2009": 0, "2010": 0, "2011": 0, "2012": 0, "2013": 0, "2014": 0, "2015": 1}, "old_citations": {"1998": 3}, "isVisible": false}, "2973401540": {"name": "d little", "type": "author", "activity": 1, "h_index": 0, "h5_index": 0, "mag_id": "2973401540", "num_publications": 1, "num_citations": 0, "num_publications_5y": 0, "num_citations_5y": 0, "num_publications_10y": 0, "num_citations_10y": 0, "publications_years": {"1998": 1}, "citations_years": {}, "old_citations": {"1998": 0}, "isVisible": false}, "2973411649": {"name": "b m savage", "type": "author", "activity": 1, "h_index": 0, "h5_index": 0, "mag_id": "2973411649", "num_publications": 1, "num_citations": 0, "num_publications_5y": 0, "num_citations_5y": 0, "num_publications_10y": 0, "num_citations_10y": 0, "publications_years": {"1998": 1}, "citations_years": {}, "old_citations": {"1998": 0}, "isVisible": false}, "2973416481": {"name": "e gentili", "type": "author", "activity": 1, "h_index": 0, "h5_index": 0, "mag_id": "2973416481", "num_publications": 1, "num_citations": 0, "num_publications_5y": 0, "num_citations_5y": 0, "num_publications_10y": 0, "num_citations_10y": 0, "publications_years": {"1998": 1}, "citations_years": {}, "old_citations": {"1998": 0}, "isVisible": false}, "2973712252": {"name": "d f kehoe", "type": "author", "activity": 1, "h_index": 1, "h5_index": 0, "mag_id": "2973712252", "num_publications": 1, "num_citations": 6, "num_publications_5y": 0, "num_citations_5y": 0, "num_publications_10y": 0, "num_citations_10y": 0, "publications_years": {"1998": 1}, "citations_years": {"2000": 1, "2001": 2, "2002": 2, "2003": 0, "2004": 0, "2005": 0, "2006": 1}, "old_citations": {"1998": 6}, "isVisible": false}, "2973843094": {"name": "ap hameri", "type": "author", "activity": 1, "h_index": 0, "h5_index": 0, "mag_id": "2973843094", "num_publications": 1, "num_citations": 0, "num_publications_5y": 0, "num_citations_5y": 0, "num_publications_10y": 0, "num_citations_10y": 0, "publications_years": {"1998": 1}, "citations_years": {}, "old_citations": {"1998": 0}, "isVisible": false}, "2974209712": {"name": "n j boughton", "type": "author", "activity": 1, "h_index": 1, "h5_index": 0, "mag_id": "2974209712", "num_publications": 1, "num_citations": 6, "num_publications_5y": 0, "num_citations_5y": 0, "num_publications_10y": 0, "num_citations_10y": 0, "publications_years": {"1998": 1}, "citations_years": {"2000": 1, "2001": 2, "2002": 2, "2003": 0, "2004": 0, "2005": 0, "2006": 1}, "old_citations": {"1998": 6}, "isVisible": false}, "2974286478": {"name": "c r mclean", "type": "author", "activity": 1, "h_index": 1, "h5_index": 0, "mag_id": "2974286478", "num_publications": 1, "num_citations": 1, "num_publications_5y": 0, "num_citations_5y": 0, "num_publications_10y": 0, "num_citations_10y": 0, "publications_years": {"1998": 1}, "citations_years": {"2004": 1}, "old_citations": {"1998": 1}, "isVisible": false}, "2974690229": {"name": "a villa", "type": "author", "activity": 1, "h_index": 0, "h5_index": 0, "mag_id": "2974690229", "num_publications": 1, "num_citations": 0, "num_publications_5y": 0, "num_citations_5y": 0, "num_publications_10y": 0, "num_citations_10y": 0, "publications_years": {"1998": 1}, "citations_years": {}, "old_citations": {"1998": 0}, "isVisible": false}, "2974925272": {"name": "j shewchuk", "type": "author", "activity": 1, "h_index": 1, "h5_index": 0, "mag_id": "2974925272", "num_publications": 1, "num_citations": 47, "num_publications_5y": 0, "num_citations_5y": 5, "num_publications_10y": 0, "num_citations_10y": 19, "publications_years": {"1998": 1}, "citations_years": {"1998": 1, "1999": 0, "2000": 2, "2001": 2, "2002": 6, "2003": 2, "2004": 0, "2005": 3, "2006": 7, "2007": 2, "2008": 2, "2009": 2, "2010": 2, "2011": 3, "2012": 2, "2013": 5, "2014": 1, "2015": 1, "2016": 1, "2017": 2, "2018": 0, "2019": 1}, "old_citations": {"1998": 47}, "isVisible": false}}, "countries": {"United Kingdom": {"name": "United Kingdom", "type": "country", "h5_index": 172, "num_publications": 12, "num_citations": 28, "num_publications_5y": 0, "num_citations_5y": 5, "num_publications_10y": 0, "num_citations_10y": 9, "publications_years": {"1998": 12}, "citations_years": {"2000": 4, "2001": 3, "2002": 4, "2003": 0, "2004": 0, "2005": 1, "2006": 4, "2007": 3, "2008": 0, "2009": 2, "2017": 1, "2010": 1, "2011": 1, "2012": 0, "2013": 0, "2014": 1, "2015": 1, "2016": 1, "2018": 1}, "old_citations": {"1998": 28}, "isVisible": false}, "United States": {"name": "United States", "type": "country", "h5_index": 308, "num_publications": 5, "num_citations": 50, "num_publications_5y": 0, "num_citations_5y": 5, "num_publications_10y": 0, "num_citations_10y": 20, "publications_years": {"1998": 5}, "citations_years": {"1998": 1, "1999": 0, "2000": 3, "2001": 2, "2002": 6, "2003": 2, "2004": 1, "2005": 3, "2006": 7, "2007": 2, "2008": 2, "2009": 3, "2010": 2, "2011": 3, "2012": 2, "2013": 5, "2014": 1, "2015": 1, "2016": 1, "2017": 2, "2018": 0, "2019": 1}, "old_citations": {"1998": 50}, "isVisible": false}, "Germany": {"name": "Germany", "type": "country", "h5_index": 139, "num_publications": 3, "num_citations": 4, "num_publications_5y": 0, "num_citations_5y": 1, "num_publications_10y": 0, "num_citations_10y": 1, "publications_years": {"1998": 3}, "citations_years": {"2000": 1, "2001": 0, "2002": 0, "2003": 0, "2004": 0, "2005": 1, "2006": 0, "2007": 0, "2008": 0, "2009": 0, "2010": 0, "2011": 0, "2012": 0, "2013": 0, "2014": 0, "2015": 1, "1998": 1}, "old_citations": {"1998": 4}, "isVisible": false}, "Netherlands": {"name": "Netherlands", "type": "country", "h5_index": 91, "num_publications": 3, "num_citations": 30, "num_publications_5y": 0, "num_citations_5y": 6, "num_publications_10y": 0, "num_citations_10y": 12, "publications_years": {"1998": 3}, "citations_years": {"1999": 1, "2000": 0, "2001": 5, "2002": 3, "2003": 1, "2004": 1, "2005": 2, "2006": 1, "2007": 4, "2008": 0, "2009": 1, "2010": 1, "2011": 1, "2012": 1, "2013": 2, "2014": 3, "2015": 0, "2016": 2, "2017": 0, "2018": 1}, "old_citations": {"1998": 30}, "isVisible": false}, "Italy": {"name": "Italy", "type": "country", "h5_index": 94, "num_publications": 2, "num_citations": 0, "num_publications_5y": 0, "num_citations_5y": 0, "num_publications_10y": 0, "num_citations_10y": 0, "publications_years": {"1998": 2}, "citations_years": {}, "old_citations": {"1998": 0}, "isVisible": false}, "Japan": {"name": "Japan", "type": "country", "h5_index": 94, "num_publications": 2, "num_citations": 4, "num_publications_5y": 0, "num_citations_5y": 0, "num_publications_10y": 0, "num_citations_10y": 1, "publications_years": {"1998": 2}, "citations_years": {"2009": 1, "2000": 2, "2001": 0, "2002": 0, "2003": 1}, "old_citations": {"1998": 4}, "isVisible": false}, "Denmark": {"name": "Denmark", "type": "country", "h5_index": 65, "num_publications": 1, "num_citations": 6, "num_publications_5y": 0, "num_citations_5y": 0, "num_publications_10y": 0, "num_citations_10y": 1, "publications_years": {"1998": 1}, "citations_years": {"2000": 2, "2001": 0, "2002": 1, "2003": 1, "2004": 0, "2005": 0, "2006": 0, "2007": 1, "2008": 0, "2009": 1}, "old_citations": {"1998": 6}, "isVisible": false}, "South Korea": {"name": "South Korea", "type": "country", "h5_index": 100, "num_publications": 1, "num_citations": 0, "num_publications_5y": 0, "num_citations_5y": 0, "num_publications_10y": 0, "num_citations_10y": 0, "publications_years": {"1998": 1}, "citations_years": {}, "old_citations": {"1998": 0}, "isVisible": false}, "Switzerland": {"name": "Switzerland", "type": "country", "h5_index": 102, "num_publications": 1, "num_citations": 4, "num_publications_5y": 0, "num_citations_5y": 0, "num_publications_10y": 0, "num_citations_10y": 0, "publications_years": {"1998": 1}, "citations_years": {"2001": 1, "2002": 0, "2003": 0, "2004": 2, "2005": 0, "2006": 0, "2007": 1}, "old_citations": {"1998": 4}, "isVisible": false}}, "industrial_sectors": {"automotive": {"name": "automotive", "type": "industrial sector", "h5_index": 42, "num_publications": 1, "num_citations": 3, "num_publications_5y": 0, "num_citations_5y": 0, "num_publications_10y": 0, "num_citations_10y": 0, "publications_years": {"1998": 1}, "citations_years": {"2000": 2, "2001": 0, "2002": 0, "2003": 1}, "old_citations": {"1998": 3}, "isVisible": false}, "transportation": {"name": "transportation", "type": "industrial sector", "h5_index": 43, "num_publications": 1, "num_citations": 3, "num_publications_5y": 0, "num_citations_5y": 0, "num_publications_10y": 0, "num_citations_10y": 0, "publications_years": {"1998": 1}, "citations_years": {"2000": 2, "2001": 0, "2002": 0, "2003": 1}, "old_citations": {"1998": 3}, "isVisible": false}}}, "conference_comparison": {"computer science": {}}, "topics_dna": {"publications": {}, "citations": {"normalized": {}, "average": {}}}, "info": {"num_publications": 38, "num_citations": 133.0, "impact_factor": {}, "publications_years": {"1998": 38}, "citations_years": {"1998": 3, "1999": 1, "2000": 12, "2001": 11, "2002": 15, "2003": 5, "2004": 5, "2005": 7, "2006": 12, "2007": 11, "2008": 4, "2009": 9, "2010": 4, "2011": 5, "2012": 3, "2013": 7, "2014": 5, "2015": 4, "2016": 4, "2017": 3, "2018": 2, "2019": 1}, "old_citations": {"1998": 133}, "h5_index": 0}, "percentile": {"computer science": {"1998": 87}}, "conference_ranking": {"computer science": {"1998": 538}}, "academia": {"num_publications": 23, "num_citations": 115, "publications_years": {"1998": 23}, "old_citations": {"1998": 115}, "num_publications_5y": 0, "num_citations_5y": 0, "num_publications_10y": 0, "num_citations_10y": 0}, "industry": {"num_publications": 0, "num_citations": 0, "publications_years": {}, "old_citations": {}, "num_publications_5y": 0, "num_citations_5y": 0, "num_publications_10y": 0, "num_citations_10y": 0}, "collaborative": {"num_publications": 1, "num_citations": 3, "publications_years": {"1998": 1}, "old_citations": {"1998": 3}, "num_publications_5y": 0, "num_citations_5y": 0, "num_publications_10y": 0, "num_citations_10y": 0}, "conferences": {}, "journals": {}, "organizations": {"publication_overall": ["University of Strathclyde", "National Institute of Standards and Technology", "Aalborg University", "Cranfield University", "Eindhoven University of Technology", "Erasmus University Rotterdam", "Fraunhofer Society", "Gyeongsang National University", "Karlsruhe Institute of Technology", "Kobe University", "Loughborough University", "Mazda Motor Corporation (Japan)", "Musashi University", "Polytechnic University of Turin", "University of Alabama at Birmingham", "University of Brescia", "University of Cambridge", "University of Glasgow", "University of Groningen", "University of Hannover", "University of Huddersfield", "University of Liverpool", "University of Manchester", "University of Oxford", "University of Washington", "University of the West of England", "Virginia Tech", "\u00c9cole Polytechnique F\u00e9d\u00e9rale de Lausanne"], "citation_overall": ["Virginia Tech", "Eindhoven University of Technology", "University of Strathclyde", "Erasmus University Rotterdam", "Aalborg University", "University of Liverpool", "University of Glasgow", "\u00c9cole Polytechnique F\u00e9d\u00e9rale de Lausanne", "Karlsruhe Institute of Technology", "Kobe University", "Mazda Motor Corporation (Japan)", "National Institute of Standards and Technology", "University of Manchester", "Cranfield University", "Fraunhofer Society", "Musashi University", "University of Alabama at Birmingham", "University of Oxford", "Gyeongsang National University", "Loughborough University", "Polytechnic University of Turin", "University of Brescia", "University of Cambridge", "University of Groningen", "University of Hannover", "University of Huddersfield", "University of Washington", "University of the West of England"], "publication_10_years": [], "citation_10_years": [], "publication_5_years": [], "citation_5_years": []}, "countries": {"publication_overall": ["United Kingdom", "United States", "Germany", "Netherlands", "Italy", "Japan", "Denmark", "South Korea", "Switzerland"], "citation_overall": ["United States", "Netherlands", "United Kingdom", "Denmark", "Germany", "Japan", "Switzerland", "Italy", "South Korea"], "publication_10_years": [], "citation_10_years": [], "publication_5_years": [], "citation_5_years": []}, "topics": {"publication_overall": ["computer science", "computer systems", "information technology", "artificial intelligence", "software engineering", "software design", "information systems", "mathematics", "software project", "computer networks", "software architecture", "theoretical computer science", "graph theory", "software development", "engineering", "petri nets", "telecommunication systems", "correlation analysis", "flexible manufacturing systems", "telecommunication networks"], "citation_overall": ["computer science", "computer systems", "cloud computing", "graph theory", "software engineering", "theoretical computer science", "software design", "software project", "computer aided design", "economics", "flexible manufacturing systems", "petri nets", "computer networks", "flexible manufacturing", "software architecture", "software development", "product design", "agile methods", "agile software development", "information technology"], "publication_10_years": [], "citation_10_years": [], "publication_5_years": [], "citation_5_years": []}, "main_topics": ["computer science"], "authors": {"publication_overall": ["1966492667", "2160129399", "68849640", "202906006", "1495671178", "1853820933", "1958796362", "1968660327", "1971271343", "1974105954", "1979310105", "1982640992", "1982835182", "1989197034", "1992423802", "2011323368", "2040582025", "2045316285", "2047052690", "2097192755", "2100860724", "2104571843", "2117207628", "2117598615", "2131915991", "2138757907", "2176349925", "2181298168", "2279250200", "2279959097", "2287161063", "2306590609", "2311244008", "2316546610", "2329546313", "2375981134", "2395009507", "2410825510", "2413076458", "2422011609", "2429081699", "2477773720", "2480386204", "2480970184", "2496054176", "2500818143", "2506408995", "2507645164", "2511500698", "2520223077", "2526689086", "2562955367", "2564249661", "2579772372", "2611501043", "2617937308", "2622639234", "2629252612", "2629622906", "2635337119", "2638951619", "2641291842", "2665889817", "2671086518", "2672953241", "2677403839", "2684003412", "2695568820", "2701032603", "2706124844", "2713578028", "2719659521", "2807309954", "2923722092", "2947690538", "2973401540", "2973411649", "2973416481", "2973712252", "2973843094", "2974209712", "2974286478", "2974690229", "2974925272"], "citation_overall": ["2974925272", "1495671178", "1966492667", "2160129399", "2311244008", "2480386204", "2684003412", "1974105954", "2104571843", "2526689086", "2973712252", "2974209712", "202906006", "1958796362", "2117598615", "2564249661", "2611501043", "2629622906", "2641291842", "2677403839", "2719659521", "1968660327", "2045316285", "2176349925", "2279250200", "2306590609", "2579772372", "2923722092", "2947690538", "2047052690", "2671086518", "2706124844", "1853820933", "1979310105", "1992423802", "2040582025", "2117207628", "2181298168", "2395009507", "2410825510", "2422011609", "2511500698", "2520223077", "2635337119", "2638951619", "2974286478", "68849640", "1971271343", "1982640992", "1982835182", "1989197034", "2011323368", "2097192755", "2100860724", "2131915991", "2138757907", "2279959097", "2287161063", "2316546610", "2329546313", "2375981134", "2413076458", "2429081699", "2477773720", "2480970184", "2496054176", "2500818143", "2506408995", "2507645164", "2562955367", "2617937308", "2622639234", "2629252612", "2665889817", "2672953241", "2695568820", "2701032603", "2713578028", "2807309954", "2973401540", "2973411649", "2973416481", "2973843094", "2974690229"], "publication_10_years": [], "citation_10_years": [], "publication_5_years": [], "citation_5_years": []}, "industrial_sectors": {"publication_overall": ["automotive", "transportation"], "citation_overall": ["automotive", "transportation"], "publication_10_years": [], "citation_10_years": [], "publication_5_years": [], "citation_5_years": []}}