{"name": "International Conference on Energy Management and Power Delivery", "acronym": "EMPD", "type": "conference", "uniqueEntities": {"organizations": {"National University of Singapore": {"name": "National University of Singapore", "type": "organization", "organization_type": "Education", "h_index": 219, "h5_index": 81, "num_publications": 4, "num_citations": 45, "num_publications_5y": 0, "num_citations_5y": 12, "num_publications_10y": 0, "num_citations_10y": 28, "publications_years": {"1995": 1, "1998": 3}, "citations_years": {"2014": 6, "1998": 1, "1999": 0, "2000": 1, "2001": 1, "2002": 1, "2003": 1, "2004": 0, "2005": 0, "2006": 2, "2007": 4, "2008": 6, "2009": 3, "2010": 1, "2011": 3, "2012": 5, "2013": 4, "2015": 3, "2016": 2, "2017": 0, "2018": 1}, "old_citations": {"1995": 1, "1998": 44}, "isVisible": false}, "Indian Institute of Technology Kharagpur": {"name": "Indian Institute of Technology Kharagpur", "type": "organization", "organization_type": "Education", "h_index": 72, "h5_index": 31, "num_publications": 2, "num_citations": 7, "num_publications_5y": 0, "num_citations_5y": 2, "num_publications_10y": 0, "num_citations_10y": 3, "publications_years": {"1995": 2}, "citations_years": {"2003": 1, "2002": 1, "2004": 0, "2005": 0, "2006": 0, "2007": 0, "2008": 1, "2009": 0, "2010": 0, "2011": 0, "2012": 1, "2013": 0, "2014": 1, "2015": 0, "2016": 1, "2017": 0, "2018": 0, "2019": 1}, "old_citations": {"1995": 7}, "isVisible": false}, "Akita University": {"name": "Akita University", "type": "organization", "organization_type": "Education", "h_index": 9, "h5_index": 3, "num_publications": 1, "num_citations": 0, "num_publications_5y": 0, "num_citations_5y": 0, "num_publications_10y": 0, "num_citations_10y": 0, "publications_years": {"1998": 1}, "citations_years": {}, "old_citations": {"1998": 0}, "isVisible": false}, "Chung Yuan Christian University": {"name": "Chung Yuan Christian University", "type": "organization", "organization_type": "Education", "h_index": 53, "h5_index": 12, "num_publications": 1, "num_citations": 0, "num_publications_5y": 0, "num_citations_5y": 0, "num_publications_10y": 0, "num_citations_10y": 0, "publications_years": {"1995": 1}, "citations_years": {}, "old_citations": {"1995": 0}, "isVisible": false}, "City, University of London": {"name": "City, University of London", "type": "organization", "organization_type": "Education", "h_index": 77, "h5_index": 23, "num_publications": 1, "num_citations": 4, "num_publications_5y": 0, "num_citations_5y": 0, "num_publications_10y": 0, "num_citations_10y": 0, "publications_years": {"1998": 1}, "citations_years": {"1998": 1, "1999": 0, "2000": 0, "2001": 0, "2002": 3}, "old_citations": {"1998": 4}, "isVisible": false}, "I-Shou University": {"name": "I-Shou University", "type": "organization", "organization_type": "Education", "h_index": 48, "h5_index": 7, "num_publications": 1, "num_citations": 5, "num_publications_5y": 0, "num_citations_5y": 0, "num_publications_10y": 0, "num_citations_10y": 1, "publications_years": {"1998": 1}, "citations_years": {"2002": 1, "2003": 0, "2004": 1, "2005": 1, "2006": 0, "2007": 0, "2008": 1, "2009": 0, "2010": 0, "2011": 1}, "old_citations": {"1998": 5}, "isVisible": false}, "Indian Institute of Science Bangalore": {"name": "Indian Institute of Science Bangalore", "type": "organization", "organization_type": "Education", "h_index": 93, "h5_index": 30, "num_publications": 1, "num_citations": 2, "num_publications_5y": 0, "num_citations_5y": 0, "num_publications_10y": 0, "num_citations_10y": 0, "publications_years": {"1995": 1}, "citations_years": {"1998": 1, "1999": 0, "2000": 0, "2001": 0, "2002": 0, "2003": 0, "2004": 1}, "old_citations": {"1995": 2}, "isVisible": false}, "Meidensha (Japan)": {"name": "Meidensha (Japan)", "type": "organization", "organization_type": "Company", "h_index": 9, "h5_index": 3, "num_publications": 1, "num_citations": 4, "num_publications_5y": 0, "num_citations_5y": 1, "num_publications_10y": 0, "num_citations_10y": 3, "publications_years": {"1998": 1}, "citations_years": {"2003": 1, "2004": 0, "2005": 0, "2006": 0, "2007": 0, "2008": 0, "2009": 0, "2010": 0, "2011": 1, "2012": 0, "2013": 1, "2014": 1}, "old_citations": {"1998": 4}, "isVisible": false}, "Nanyang Technological University": {"name": "Nanyang Technological University", "type": "organization", "organization_type": "Education", "h_index": 200, "h5_index": 78, "num_publications": 1, "num_citations": 1, "num_publications_5y": 0, "num_citations_5y": 1, "num_publications_10y": 0, "num_citations_10y": 1, "publications_years": {"1995": 1}, "citations_years": {"2016": 1}, "old_citations": {"1995": 1}, "isVisible": false}, "National Cheng Kung University": {"name": "National Cheng Kung University", "type": "organization", "organization_type": "Education", "h_index": 101, "h5_index": 29, "num_publications": 1, "num_citations": 10, "num_publications_5y": 0, "num_citations_5y": 1, "num_publications_10y": 0, "num_citations_10y": 3, "publications_years": {"1998": 1}, "citations_years": {"2003": 1, "2004": 2, "2005": 0, "2006": 1, "2007": 3, "2008": 0, "2009": 1, "2010": 0, "2011": 1, "2012": 0, "2013": 0, "2014": 1}, "old_citations": {"1998": 10}, "isVisible": false}, "National Sun Yat-sen University": {"name": "National Sun Yat-sen University", "type": "organization", "organization_type": "Education", "h_index": 72, "h5_index": 25, "num_publications": 1, "num_citations": 0, "num_publications_5y": 0, "num_citations_5y": 0, "num_publications_10y": 0, "num_citations_10y": 0, "publications_years": {"1995": 1}, "citations_years": {}, "old_citations": {"1995": 0}, "isVisible": false}, "Shandong University of Technology": {"name": "Shandong University of Technology", "type": "organization", "organization_type": "Education", "h_index": 15, "h5_index": 8, "num_publications": 1, "num_citations": 0, "num_publications_5y": 0, "num_citations_5y": 0, "num_publications_10y": 0, "num_citations_10y": 0, "publications_years": {"1998": 1}, "citations_years": {}, "old_citations": {"1998": 0}, "isVisible": false}, "University of Manchester": {"name": "University of Manchester", "type": "organization", "organization_type": "Education", "h_index": 171, "h5_index": 38, "num_publications": 1, "num_citations": 3, "num_publications_5y": 0, "num_citations_5y": 1, "num_publications_10y": 0, "num_citations_10y": 3, "publications_years": {"1995": 1}, "citations_years": {"2010": 1, "2011": 1, "2012": 0, "2013": 0, "2014": 1}, "old_citations": {"1995": 3}, "isVisible": false}, "University of Strathclyde": {"name": "University of Strathclyde", "type": "organization", "organization_type": "Education", "h_index": 91, "h5_index": 17, "num_publications": 1, "num_citations": 8, "num_publications_5y": 0, "num_citations_5y": 0, "num_publications_10y": 0, "num_citations_10y": 4, "publications_years": {"1998": 1}, "citations_years": {"1998": 2, "1999": 0, "2000": 2, "2001": 0, "2002": 0, "2003": 0, "2004": 0, "2005": 0, "2006": 0, "2007": 0, "2008": 0, "2009": 2, "2010": 0, "2011": 1, "2012": 1}, "old_citations": {"1998": 8}, "isVisible": false}, "Wuhan University": {"name": "Wuhan University", "type": "organization", "organization_type": "Education", "h_index": 85, "h5_index": 51, "num_publications": 1, "num_citations": 19, "num_publications_5y": 0, "num_citations_5y": 1, "num_publications_10y": 0, "num_citations_10y": 14, "publications_years": {"1998": 1}, "citations_years": {"2004": 1, "2005": 1, "2006": 1, "2007": 2, "2008": 0, "2009": 3, "2010": 2, "2011": 6, "2012": 2, "2013": 0, "2014": 0, "2015": 1}, "old_citations": {"1998": 19}, "isVisible": false}}, "topics": {"computer science": {"name": "computer science", "type": "topic", "h_index": 1779, "h5_index": 416, "num_publications": 31, "num_citations": 177, "num_publications_5y": 0, "num_citations_5y": 37, "num_publications_10y": 0, "num_citations_10y": 103, "publications_years": {"1998": 17, "1995": 14}, "citations_years": {"2009": 14, "2000": 5, "2001": 3, "2002": 10, "2003": 5, "2004": 8, "2005": 2, "2006": 4, "2007": 12, "2008": 13, "2010": 10, "2011": 16, "2012": 17, "2013": 9, "2014": 15, "2015": 9, "2016": 6, "2017": 3, "2018": 4, "2019": 3, "2020": 1, "1998": 6, "1999": 1, "1995": 1, "1996": 0, "1997": 0}, "old_citations": {"1998": 122, "1995": 55}, "isVisible": false}, "artificial intelligence": {"name": "artificial intelligence", "type": "topic", "h_index": 1421, "h5_index": 373, "num_publications": 23, "num_citations": 120, "num_publications_5y": 0, "num_citations_5y": 20, "num_publications_10y": 0, "num_citations_10y": 64, "publications_years": {"1998": 13, "1995": 10}, "citations_years": {"2009": 12, "1998": 6, "1999": 1, "2000": 3, "2001": 2, "2002": 6, "2003": 4, "2004": 5, "2005": 2, "2006": 4, "2007": 10, "2008": 12, "2010": 5, "2011": 13, "2012": 10, "2013": 4, "2014": 9, "2015": 5, "2016": 5, "2017": 0, "2018": 1, "2019": 1}, "old_citations": {"1998": 102, "1995": 18}, "isVisible": false}, "mathematics": {"name": "mathematics", "type": "topic", "h_index": 1364, "h5_index": 300, "num_publications": 18, "num_citations": 118, "num_publications_5y": 0, "num_citations_5y": 31, "num_publications_10y": 0, "num_citations_10y": 80, "publications_years": {"1998": 10, "1995": 8}, "citations_years": {"2009": 10, "2000": 3, "2001": 1, "2002": 2, "2003": 3, "2004": 4, "2005": 1, "2006": 3, "2007": 7, "2008": 8, "2010": 8, "2011": 11, "2012": 13, "2013": 7, "2014": 13, "2015": 9, "2016": 3, "2017": 3, "2018": 3, "2019": 2, "2020": 1, "1998": 2, "1999": 0, "1995": 1, "1996": 0, "1997": 0}, "old_citations": {"1998": 74, "1995": 44}, "isVisible": false}, "computer systems": {"name": "computer systems", "type": "topic", "h_index": 1595, "h5_index": 367, "num_publications": 16, "num_citations": 66, "num_publications_5y": 0, "num_citations_5y": 10, "num_publications_10y": 0, "num_citations_10y": 31, "publications_years": {"1998": 10, "1995": 6}, "citations_years": {"2009": 7, "2000": 4, "2001": 2, "2002": 2, "2003": 3, "2004": 5, "2005": 1, "2006": 1, "2007": 5, "2008": 7, "2010": 3, "2011": 4, "2012": 3, "2013": 4, "2014": 4, "2015": 3, "2016": 2, "2017": 0, "2018": 1, "2019": 0, "2020": 1, "1998": 3, "1999": 1}, "old_citations": {"1998": 57, "1995": 9}, "isVisible": false}, "computer networks": {"name": "computer networks", "type": "topic", "h_index": 1262, "h5_index": 332, "num_publications": 14, "num_citations": 50, "num_publications_5y": 0, "num_citations_5y": 9, "num_publications_10y": 0, "num_citations_10y": 24, "publications_years": {"1998": 7, "1995": 7}, "citations_years": {"2009": 5, "1998": 3, "1999": 0, "2000": 3, "2001": 1, "2002": 1, "2003": 4, "2004": 3, "2005": 0, "2006": 1, "2007": 6, "2008": 4, "2010": 1, "2011": 3, "2012": 2, "2014": 4, "2013": 4, "2015": 3, "2016": 1, "2017": 0, "2018": 1}, "old_citations": {"1998": 41, "1995": 9}, "isVisible": false}, "engineering": {"name": "engineering", "type": "topic", "h_index": 1177, "h5_index": 287, "num_publications": 14, "num_citations": 51, "num_publications_5y": 0, "num_citations_5y": 10, "num_publications_10y": 0, "num_citations_10y": 28, "publications_years": {"1998": 9, "1995": 5}, "citations_years": {"2000": 4, "2001": 1, "2002": 3, "2003": 1, "2004": 3, "2005": 1, "2006": 0, "2007": 2, "2008": 4, "2009": 4, "2010": 4, "2011": 6, "2012": 2, "2013": 2, "2014": 4, "2015": 2, "2016": 2, "2017": 0, "2018": 2, "2019": 0, "2020": 1, "1998": 3, "1999": 0}, "old_citations": {"1998": 42, "1995": 9}, "isVisible": false}, "machine learning": {"name": "machine learning", "type": "topic", "h_index": 1123, "h5_index": 351, "num_publications": 12, "num_citations": 94, "num_publications_5y": 0, "num_citations_5y": 15, "num_publications_10y": 0, "num_citations_10y": 51, "publications_years": {"1998": 8, "1995": 4}, "citations_years": {"1998": 6, "1999": 1, "2000": 3, "2001": 1, "2002": 6, "2003": 1, "2004": 3, "2005": 2, "2006": 3, "2007": 6, "2008": 10, "2009": 10, "2010": 5, "2011": 11, "2012": 9, "2013": 1, "2014": 7, "2015": 3, "2016": 4, "2017": 0, "2018": 1, "2019": 1}, "old_citations": {"1998": 81, "1995": 13}, "isVisible": false}, "neural networks": {"name": "neural networks", "type": "topic", "h_index": 604, "h5_index": 293, "num_publications": 11, "num_citations": 86, "num_publications_5y": 0, "num_citations_5y": 14, "num_publications_10y": 0, "num_citations_10y": 47, "publications_years": {"1998": 7, "1995": 4}, "citations_years": {"1998": 6, "1999": 0, "2000": 3, "2001": 0, "2002": 6, "2003": 1, "2004": 3, "2005": 2, "2006": 3, "2007": 6, "2008": 8, "2009": 9, "2010": 4, "2011": 11, "2012": 8, "2013": 1, "2014": 7, "2015": 3, "2016": 3, "2017": 0, "2018": 1, "2019": 1}, "old_citations": {"1998": 73, "1995": 13}, "isVisible": false}, "telecommunication systems": {"name": "telecommunication systems", "type": "topic", "h_index": 1187, "h5_index": 277, "num_publications": 11, "num_citations": 45, "num_publications_5y": 0, "num_citations_5y": 9, "num_publications_10y": 0, "num_citations_10y": 24, "publications_years": {"1998": 6, "1995": 5}, "citations_years": {"2009": 5, "1998": 2, "1999": 0, "2000": 3, "2001": 1, "2002": 1, "2003": 3, "2004": 2, "2005": 0, "2006": 1, "2007": 5, "2008": 3, "2010": 1, "2011": 3, "2012": 2, "2014": 4, "2013": 4, "2015": 3, "2016": 1, "2017": 0, "2018": 1}, "old_citations": {"1998": 38, "1995": 7}, "isVisible": false}, "bayesian networks": {"name": "bayesian networks", "type": "topic", "h_index": 548, "h5_index": 144, "num_publications": 9, "num_citations": 34, "num_publications_5y": 0, "num_citations_5y": 8, "num_publications_10y": 0, "num_citations_10y": 18, "publications_years": {"1998": 6, "1995": 3}, "citations_years": {"2009": 3, "2003": 3, "2004": 2, "2005": 0, "2006": 1, "2007": 5, "2008": 3, "2010": 1, "2011": 2, "2012": 1, "2013": 3, "2014": 3, "2015": 3, "2016": 1, "2000": 1, "2001": 1, "2002": 0, "2017": 0, "2018": 1}, "old_citations": {"1998": 30, "1995": 4}, "isVisible": false}, "computer hardware": {"name": "computer hardware", "type": "topic", "h_index": 1150, "h5_index": 279, "num_publications": 9, "num_citations": 47, "num_publications_5y": 0, "num_citations_5y": 15, "num_publications_10y": 0, "num_citations_10y": 34, "publications_years": {"1998": 3, "1995": 6}, "citations_years": {"2009": 5, "1998": 2, "1999": 0, "2000": 3, "2001": 0, "2002": 2, "2003": 1, "2004": 1, "2005": 0, "2006": 0, "2007": 1, "2008": 0, "2010": 3, "2011": 1, "2012": 7, "2014": 6, "1995": 1, "1996": 0, "1997": 0, "2013": 3, "2015": 4, "2016": 0, "2017": 3, "2018": 2, "2019": 2}, "old_citations": {"1998": 9, "1995": 38}, "isVisible": false}, "theoretical computer science": {"name": "theoretical computer science", "type": "topic", "h_index": 883, "h5_index": 203, "num_publications": 9, "num_citations": 42, "num_publications_5y": 0, "num_citations_5y": 9, "num_publications_10y": 0, "num_citations_10y": 23, "publications_years": {"1995": 5, "1998": 4}, "citations_years": {"2010": 4, "2011": 4, "2012": 2, "2013": 1, "2014": 4, "2003": 2, "2004": 2, "2005": 0, "2006": 1, "2007": 5, "2008": 3, "2009": 3, "2000": 1, "2001": 2, "2002": 2, "2015": 1, "2016": 2, "2017": 0, "2018": 2, "1999": 1}, "old_citations": {"1995": 5, "1998": 37}, "isVisible": false}, "backpropagation algorithm": {"name": "backpropagation algorithm", "type": "topic", "h_index": 325, "h5_index": 117, "num_publications": 8, "num_citations": 70, "num_publications_5y": 0, "num_citations_5y": 10, "num_publications_10y": 0, "num_citations_10y": 39, "publications_years": {"1998": 5, "1995": 3}, "citations_years": {"1998": 5, "1999": 0, "2000": 2, "2001": 0, "2002": 5, "2003": 1, "2004": 2, "2005": 1, "2006": 3, "2007": 5, "2008": 6, "2009": 7, "2010": 3, "2011": 10, "2012": 8, "2013": 1, "2014": 5, "2015": 2, "2016": 3, "2017": 0, "2018": 0, "2019": 1}, "old_citations": {"1998": 59, "1995": 11}, "isVisible": false}, "communication systems": {"name": "communication systems", "type": "topic", "h_index": 1092, "h5_index": 254, "num_publications": 8, "num_citations": 43, "num_publications_5y": 0, "num_citations_5y": 8, "num_publications_10y": 0, "num_citations_10y": 22, "publications_years": {"1998": 5, "1995": 3}, "citations_years": {"1998": 2, "1999": 0, "2000": 3, "2001": 1, "2002": 1, "2003": 3, "2004": 2, "2005": 0, "2006": 1, "2007": 5, "2008": 3, "2009": 4, "2010": 1, "2011": 3, "2012": 2, "2013": 4, "2014": 3, "2015": 3, "2016": 1, "2017": 0, "2018": 1}, "old_citations": {"1998": 37, "1995": 6}, "isVisible": false}, "correlation analysis": {"name": "correlation analysis", "type": "topic", "h_index": 1044, "h5_index": 224, "num_publications": 8, "num_citations": 45, "num_publications_5y": 0, "num_citations_5y": 9, "num_publications_10y": 0, "num_citations_10y": 29, "publications_years": {"1998": 4, "1995": 4}, "citations_years": {"2009": 4, "2010": 1, "2011": 5, "2012": 5, "2013": 5, "2014": 5, "1998": 2, "1999": 0, "2000": 0, "2001": 1, "2002": 1, "2003": 2, "2004": 0, "2005": 0, "2006": 2, "2007": 3, "2008": 5, "2015": 2, "2016": 2}, "old_citations": {"1998": 40, "1995": 5}, "isVisible": false}, "inference engines": {"name": "inference engines", "type": "topic", "h_index": 490, "h5_index": 136, "num_publications": 8, "num_citations": 34, "num_publications_5y": 0, "num_citations_5y": 8, "num_publications_10y": 0, "num_citations_10y": 18, "publications_years": {"1998": 5, "1995": 3}, "citations_years": {"2009": 3, "2003": 3, "2004": 2, "2005": 0, "2006": 1, "2007": 5, "2008": 3, "2010": 1, "2011": 2, "2012": 1, "2013": 3, "2014": 3, "2015": 3, "2016": 1, "2000": 1, "2001": 1, "2002": 0, "2017": 0, "2018": 1}, "old_citations": {"1998": 30, "1995": 4}, "isVisible": false}, "wireless telecommunication systems": {"name": "wireless telecommunication systems", "type": "topic", "h_index": 1087, "h5_index": 254, "num_publications": 8, "num_citations": 43, "num_publications_5y": 0, "num_citations_5y": 8, "num_publications_10y": 0, "num_citations_10y": 22, "publications_years": {"1998": 5, "1995": 3}, "citations_years": {"1998": 2, "1999": 0, "2000": 3, "2001": 1, "2002": 1, "2003": 3, "2004": 2, "2005": 0, "2006": 1, "2007": 5, "2008": 3, "2009": 4, "2010": 1, "2011": 3, "2012": 2, "2013": 4, "2014": 3, "2015": 3, "2016": 1, "2017": 0, "2018": 1}, "old_citations": {"1998": 37, "1995": 6}, "isVisible": false}, "distribution systems": {"name": "distribution systems", "type": "topic", "h_index": 200, "h5_index": 64, "num_publications": 7, "num_citations": 41, "num_publications_5y": 0, "num_citations_5y": 8, "num_publications_10y": 0, "num_citations_10y": 21, "publications_years": {"1998": 5, "1995": 2}, "citations_years": {"1998": 2, "1999": 0, "2000": 3, "2001": 1, "2002": 0, "2003": 3, "2004": 2, "2005": 0, "2006": 1, "2007": 5, "2008": 3, "2009": 4, "2010": 1, "2011": 3, "2012": 2, "2013": 3, "2014": 3, "2015": 3, "2016": 1, "2017": 0, "2018": 1}, "old_citations": {"1998": 37, "1995": 4}, "isVisible": false}, "graph theory": {"name": "graph theory", "type": "topic", "h_index": 726, "h5_index": 150, "num_publications": 7, "num_citations": 31, "num_publications_5y": 0, "num_citations_5y": 7, "num_publications_10y": 0, "num_citations_10y": 16, "publications_years": {"1995": 4, "1998": 3}, "citations_years": {"2003": 2, "2004": 2, "2005": 0, "2006": 1, "2007": 5, "2008": 1, "2009": 2, "2010": 2, "2011": 3, "2012": 1, "2013": 1, "2014": 3, "2000": 1, "2001": 1, "2002": 2, "2015": 1, "2016": 1, "2017": 0, "2018": 2}, "old_citations": {"1995": 2, "1998": 29}, "isVisible": false}, "local area networks": {"name": "local area networks", "type": "topic", "h_index": 677, "h5_index": 151, "num_publications": 7, "num_citations": 41, "num_publications_5y": 0, "num_citations_5y": 8, "num_publications_10y": 0, "num_citations_10y": 21, "publications_years": {"1998": 5, "1995": 2}, "citations_years": {"1998": 2, "1999": 0, "2000": 3, "2001": 1, "2002": 0, "2003": 3, "2004": 2, "2005": 0, "2006": 1, "2007": 5, "2008": 3, "2009": 4, "2010": 1, "2011": 3, "2012": 2, "2013": 3, "2014": 3, "2015": 3, "2016": 1, "2017": 0, "2018": 1}, "old_citations": {"1998": 37, "1995": 4}, "isVisible": false}, "ann": {"name": "ann", "type": "topic", "h_index": 140, "h5_index": 40, "num_publications": 5, "num_citations": 58, "num_publications_5y": 0, "num_citations_5y": 8, "num_publications_10y": 0, "num_citations_10y": 36, "publications_years": {"1998": 4, "1995": 1}, "citations_years": {"1998": 3, "1999": 0, "2000": 2, "2001": 0, "2002": 1, "2003": 1, "2004": 1, "2005": 1, "2006": 3, "2007": 5, "2008": 5, "2009": 7, "2010": 3, "2011": 10, "2012": 7, "2013": 1, "2014": 4, "2015": 2, "2016": 2}, "old_citations": {"1998": 55, "1995": 3}, "isVisible": false}, "probability": {"name": "probability", "type": "topic", "h_index": 918, "h5_index": 211, "num_publications": 6, "num_citations": 47, "num_publications_5y": 0, "num_citations_5y": 20, "num_publications_10y": 0, "num_citations_10y": 35, "publications_years": {"1995": 4, "1998": 2}, "citations_years": {"2003": 1, "2008": 2, "2009": 3, "2010": 4, "2011": 0, "2012": 6, "2013": 2, "2014": 7, "2015": 6, "2016": 1, "1995": 1, "1996": 0, "1997": 0, "1998": 0, "1999": 0, "2000": 2, "2001": 0, "2002": 1, "2004": 1, "2005": 0, "2006": 0, "2007": 2, "2017": 3, "2018": 3, "2019": 2}, "old_citations": {"1995": 38, "1998": 9}, "isVisible": false}, "forecasting models": {"name": "forecasting models", "type": "topic", "h_index": 132, "h5_index": 45, "num_publications": 4, "num_citations": 46, "num_publications_5y": 0, "num_citations_5y": 11, "num_publications_10y": 0, "num_citations_10y": 25, "publications_years": {"1998": 4}, "citations_years": {"1998": 2, "1999": 1, "2000": 1, "2001": 1, "2002": 4, "2003": 0, "2004": 0, "2005": 0, "2006": 2, "2007": 3, "2008": 7, "2009": 4, "2010": 2, "2011": 2, "2012": 5, "2013": 1, "2014": 5, "2015": 2, "2016": 3, "2017": 0, "2018": 1}, "old_citations": {"1998": 46}, "isVisible": false}, "economics": {"name": "economics", "type": "topic", "h_index": 583, "h5_index": 144, "num_publications": 4, "num_citations": 45, "num_publications_5y": 0, "num_citations_5y": 18, "num_publications_10y": 0, "num_citations_10y": 34, "publications_years": {"1998": 2, "1995": 2}, "citations_years": {"1995": 1, "1996": 0, "1997": 0, "1998": 0, "1999": 0, "2000": 2, "2001": 0, "2002": 2, "2003": 0, "2004": 1, "2005": 0, "2006": 0, "2007": 2, "2008": 1, "2009": 3, "2010": 4, "2011": 0, "2012": 6, "2013": 3, "2014": 7, "2015": 5, "2016": 0, "2017": 3, "2018": 3, "2019": 2}, "old_citations": {"1998": 9, "1995": 36}, "isVisible": false}, "optical fibers": {"name": "optical fibers", "type": "topic", "h_index": 457, "h5_index": 111, "num_publications": 4, "num_citations": 45, "num_publications_5y": 0, "num_citations_5y": 15, "num_publications_10y": 0, "num_citations_10y": 33, "publications_years": {"1998": 1, "1995": 3}, "citations_years": {"1998": 2, "1999": 0, "2000": 3, "2001": 0, "2002": 2, "2003": 0, "2004": 1, "2005": 0, "2006": 0, "2007": 1, "2008": 0, "2009": 4, "2010": 3, "2011": 1, "2012": 7, "2014": 6, "1995": 1, "1996": 0, "1997": 0, "2013": 3, "2015": 4, "2016": 0, "2017": 3, "2018": 2, "2019": 2}, "old_citations": {"1998": 8, "1995": 37}, "isVisible": false}, "sensors": {"name": "sensors", "type": "topic", "h_index": 960, "h5_index": 229, "num_publications": 6, "num_citations": 45, "num_publications_5y": 0, "num_citations_5y": 15, "num_publications_10y": 0, "num_citations_10y": 33, "publications_years": {"1998": 2, "1995": 4}, "citations_years": {"1998": 2, "1999": 0, "2000": 3, "2001": 0, "2002": 2, "2003": 0, "2004": 1, "2005": 0, "2006": 0, "2007": 1, "2008": 0, "2009": 4, "2010": 3, "2011": 1, "2012": 7, "2014": 6, "1995": 1, "1996": 0, "1997": 0, "2013": 3, "2015": 4, "2016": 0, "2017": 3, "2018": 2, "2019": 2}, "old_citations": {"1998": 8, "1995": 37}, "isVisible": false}, "software": {"name": "software", "type": "topic", "h_index": 902, "h5_index": 167, "num_publications": 5, "num_citations": 45, "num_publications_5y": 0, "num_citations_5y": 11, "num_publications_10y": 0, "num_citations_10y": 28, "publications_years": {"1995": 3, "1998": 2}, "citations_years": {"2010": 2, "2011": 5, "2012": 6, "2013": 2, "2014": 5, "1998": 1, "1999": 0, "2000": 0, "2001": 1, "2002": 4, "2003": 0, "2004": 0, "2005": 0, "2006": 2, "2007": 3, "2008": 5, "2009": 2, "2015": 1, "2016": 4, "2017": 0, "2018": 1, "2019": 1}, "old_citations": {"1995": 10, "1998": 35}, "isVisible": false}, "probability distributions": {"name": "probability distributions", "type": "topic", "h_index": 468, "h5_index": 119, "num_publications": 5, "num_citations": 44, "num_publications_5y": 0, "num_citations_5y": 18, "num_publications_10y": 0, "num_citations_10y": 33, "publications_years": {"1995": 3, "1998": 2}, "citations_years": {"2003": 1, "1995": 1, "1996": 0, "1997": 0, "1998": 0, "1999": 0, "2000": 2, "2001": 0, "2002": 1, "2004": 1, "2005": 0, "2006": 0, "2007": 2, "2008": 1, "2009": 3, "2010": 4, "2011": 0, "2012": 6, "2013": 2, "2014": 7, "2015": 5, "2016": 0, "2017": 3, "2018": 3, "2019": 2}, "old_citations": {"1995": 35, "1998": 9}, "isVisible": false}}, "authors": {"210128352": {"name": "chen yunping", "type": "author", "activity": 13, "h_index": 6, "h5_index": 0, "mag_id": "210128352", "num_publications": 2, "num_citations": 22, "num_publications_5y": 0, "num_citations_5y": 2, "num_publications_10y": 0, "num_citations_10y": 17, "publications_years": {"1995": 1, "1998": 1}, "citations_years": {"2010": 3, "2011": 7, "2012": 2, "2013": 0, "2014": 1, "2004": 1, "2005": 1, "2006": 1, "2007": 2, "2008": 0, "2009": 3, "2015": 1}, "old_citations": {"1995": 3, "1998": 19}, "isVisible": false}, "2667513800": {"name": "hongtzer yang", "type": "author", "activity": 25, "h_index": 9, "h5_index": 1, "mag_id": "2667513800", "num_publications": 2, "num_citations": 10, "num_publications_5y": 0, "num_citations_5y": 1, "num_publications_10y": 0, "num_citations_10y": 3, "publications_years": {"1998": 1, "1995": 1}, "citations_years": {"2003": 1, "2004": 2, "2005": 0, "2006": 1, "2007": 3, "2008": 0, "2009": 1, "2010": 0, "2011": 1, "2012": 0, "2013": 0, "2014": 1}, "old_citations": {"1998": 10, "1995": 0}, "isVisible": false}, "2937953264": {"name": "c s chang", "type": "author", "activity": 4, "h_index": 1, "h5_index": 0, "mag_id": "2937953264", "num_publications": 2, "num_citations": 10, "num_publications_5y": 0, "num_citations_5y": 5, "num_publications_10y": 0, "num_citations_10y": 7, "publications_years": {"1995": 1, "1998": 1}, "citations_years": {"2014": 3, "2000": 1, "2001": 0, "2002": 0, "2003": 0, "2004": 0, "2005": 0, "2006": 0, "2007": 1, "2008": 1, "2009": 1, "2010": 1, "2011": 0, "2012": 0, "2013": 0, "2015": 1, "2016": 0, "2017": 0, "2018": 1}, "old_citations": {"1995": 1, "1998": 9}, "isVisible": false}, "1971951173": {"name": "y mizuma", "type": "author", "activity": 1, "h_index": 1, "h5_index": 0, "mag_id": "1971951173", "num_publications": 1, "num_citations": 4, "num_publications_5y": 0, "num_citations_5y": 1, "num_publications_10y": 0, "num_citations_10y": 3, "publications_years": {"1998": 1}, "citations_years": {"2003": 1, "2004": 0, "2005": 0, "2006": 0, "2007": 0, "2008": 0, "2009": 0, "2010": 0, "2011": 1, "2012": 0, "2013": 1, "2014": 1}, "old_citations": {"1998": 4}, "isVisible": false}, "2035409341": {"name": "a g sichanie", "type": "author", "activity": 1, "h_index": 1, "h5_index": 0, "mag_id": "2035409341", "num_publications": 1, "num_citations": 4, "num_publications_5y": 0, "num_citations_5y": 0, "num_publications_10y": 0, "num_citations_10y": 0, "publications_years": {"1998": 1}, "citations_years": {"1998": 1, "1999": 0, "2000": 0, "2001": 0, "2002": 3}, "old_citations": {"1998": 4}, "isVisible": false}, "2096274721": {"name": "jerguang hsieh", "type": "author", "activity": 19, "h_index": 7, "h5_index": 1, "mag_id": "2096274721", "num_publications": 1, "num_citations": 5, "num_publications_5y": 0, "num_citations_5y": 0, "num_publications_10y": 0, "num_citations_10y": 1, "publications_years": {"1998": 1}, "citations_years": {"2002": 1, "2003": 0, "2004": 1, "2005": 1, "2006": 0, "2007": 0, "2008": 1, "2009": 0, "2010": 0, "2011": 1}, "old_citations": {"1998": 5}, "isVisible": false}, "2105379507": {"name": "chunyuan huang", "type": "author", "activity": 7, "h_index": 2, "h5_index": 0, "mag_id": "2105379507", "num_publications": 1, "num_citations": 10, "num_publications_5y": 0, "num_citations_5y": 1, "num_publications_10y": 0, "num_citations_10y": 3, "publications_years": {"1998": 1}, "citations_years": {"2003": 1, "2004": 2, "2005": 0, "2006": 1, "2007": 3, "2008": 0, "2009": 1, "2010": 0, "2011": 1, "2012": 0, "2013": 0, "2014": 1}, "old_citations": {"1998": 10}, "isVisible": false}, "2108305591": {"name": "r billinton", "type": "author", "activity": 28, "h_index": 17, "h5_index": 1, "mag_id": "2108305591", "num_publications": 1, "num_citations": 0, "num_publications_5y": 0, "num_citations_5y": 0, "num_publications_10y": 0, "num_citations_10y": 0, "publications_years": {"1998": 1}, "citations_years": {}, "old_citations": {"1998": 0}, "isVisible": false}, "2117865911": {"name": "reychue hwang", "type": "author", "activity": 22, "h_index": 10, "h5_index": 0, "mag_id": "2117865911", "num_publications": 1, "num_citations": 5, "num_publications_5y": 0, "num_citations_5y": 0, "num_publications_10y": 0, "num_citations_10y": 1, "publications_years": {"1998": 1}, "citations_years": {"2002": 1, "2003": 0, "2004": 1, "2005": 1, "2006": 0, "2007": 0, "2008": 1, "2009": 0, "2010": 0, "2011": 1}, "old_citations": {"1998": 5}, "isVisible": false}, "2127894939": {"name": "n chowdhury", "type": "author", "activity": 8, "h_index": 5, "h5_index": 0, "mag_id": "2127894939", "num_publications": 1, "num_citations": 0, "num_publications_5y": 0, "num_citations_5y": 0, "num_publications_10y": 0, "num_citations_10y": 0, "publications_years": {"1998": 1}, "citations_years": {}, "old_citations": {"1998": 0}, "isVisible": false}, "2136685235": {"name": "huangchu huang", "type": "author", "activity": 15, "h_index": 5, "h5_index": 0, "mag_id": "2136685235", "num_publications": 1, "num_citations": 5, "num_publications_5y": 0, "num_citations_5y": 0, "num_publications_10y": 0, "num_citations_10y": 1, "publications_years": {"1998": 1}, "citations_years": {"2002": 1, "2003": 0, "2004": 1, "2005": 1, "2006": 0, "2007": 0, "2008": 1, "2009": 0, "2010": 0, "2011": 1}, "old_citations": {"1998": 5}, "isVisible": false}, "2152105874": {"name": "dipti srinivasan", "type": "author", "activity": 29, "h_index": 31, "h5_index": 7, "mag_id": "2152105874", "num_publications": 1, "num_citations": 25, "num_publications_5y": 0, "num_citations_5y": 6, "num_publications_10y": 0, "num_citations_10y": 15, "publications_years": {"1998": 1}, "citations_years": {"1998": 1, "1999": 0, "2000": 0, "2001": 0, "2002": 1, "2003": 0, "2004": 0, "2005": 0, "2006": 2, "2007": 2, "2008": 4, "2009": 2, "2010": 0, "2011": 2, "2012": 4, "2013": 1, "2014": 3, "2015": 1, "2016": 2}, "old_citations": {"1998": 25}, "isVisible": false}, "2159379315": {"name": "chungming huang", "type": "author", "activity": 30, "h_index": 19, "h5_index": 8, "mag_id": "2159379315", "num_publications": 1, "num_citations": 10, "num_publications_5y": 0, "num_citations_5y": 1, "num_publications_10y": 0, "num_citations_10y": 3, "publications_years": {"1998": 1}, "citations_years": {"2003": 1, "2004": 2, "2005": 0, "2006": 1, "2007": 3, "2008": 0, "2009": 1, "2010": 0, "2011": 1, "2012": 0, "2013": 0, "2014": 1}, "old_citations": {"1998": 10}, "isVisible": false}, "2160941656": {"name": "h otoguro", "type": "author", "activity": 7, "h_index": 1, "h5_index": 0, "mag_id": "2160941656", "num_publications": 1, "num_citations": 4, "num_publications_5y": 0, "num_citations_5y": 1, "num_publications_10y": 0, "num_citations_10y": 3, "publications_years": {"1998": 1}, "citations_years": {"2003": 1, "2004": 0, "2005": 0, "2006": 0, "2007": 0, "2008": 0, "2009": 0, "2010": 0, "2011": 1, "2012": 0, "2013": 1, "2014": 1}, "old_citations": {"1998": 4}, "isVisible": false}, "2224625012": {"name": "liu zou zong", "type": "author", "activity": 1, "h_index": 1, "h5_index": 0, "mag_id": "2224625012", "num_publications": 1, "num_citations": 6, "num_publications_5y": 0, "num_citations_5y": 0, "num_publications_10y": 0, "num_citations_10y": 1, "publications_years": {"1998": 1}, "citations_years": {"2000": 1, "2001": 0, "2002": 0, "2003": 0, "2004": 2, "2005": 0, "2006": 0, "2007": 0, "2008": 1, "2009": 0, "2010": 1, "2011": 0, "2012": 0, "2013": 0, "2014": 0, "2015": 0, "2016": 0, "2017": 0, "2018": 0, "2019": 0, "2020": 1}, "old_citations": {"1998": 6}, "isVisible": false}, "2225718489": {"name": "s k padmakumari", "type": "author", "activity": 1, "h_index": 1, "h5_index": 0, "mag_id": "2225718489", "num_publications": 1, "num_citations": 8, "num_publications_5y": 0, "num_citations_5y": 1, "num_publications_10y": 0, "num_citations_10y": 4, "publications_years": {"1998": 1}, "citations_years": {"1999": 1, "2000": 0, "2001": 1, "2002": 0, "2003": 0, "2004": 0, "2005": 0, "2006": 0, "2007": 0, "2008": 2, "2009": 1, "2010": 1, "2011": 0, "2012": 1, "2013": 0, "2014": 0, "2015": 0, "2016": 1}, "old_citations": {"1998": 8}, "isVisible": false}, "2229876014": {"name": "h le kim", "type": "author", "activity": 1, "h_index": 0, "h5_index": 0, "mag_id": "2229876014", "num_publications": 1, "num_citations": 0, "num_publications_5y": 0, "num_citations_5y": 0, "num_publications_10y": 0, "num_citations_10y": 0, "publications_years": {"1995": 1}, "citations_years": {}, "old_citations": {"1995": 0}, "isVisible": false}, "2240844134": {"name": "b a nicholson", "type": "author", "activity": 1, "h_index": 1, "h5_index": 0, "mag_id": "2240844134", "num_publications": 1, "num_citations": 1, "num_publications_5y": 0, "num_citations_5y": 0, "num_publications_10y": 0, "num_citations_10y": 1, "publications_years": {"1998": 1}, "citations_years": {"2009": 1}, "old_citations": {"1998": 1}, "isVisible": false}, "2250350172": {"name": "loi lei lai", "type": "author", "activity": 26, "h_index": 9, "h5_index": 4, "mag_id": "2250350172", "num_publications": 1, "num_citations": 4, "num_publications_5y": 0, "num_citations_5y": 0, "num_publications_10y": 0, "num_citations_10y": 0, "publications_years": {"1998": 1}, "citations_years": {"1998": 1, "1999": 0, "2000": 0, "2001": 0, "2002": 3}, "old_citations": {"1998": 4}, "isVisible": false}, "2297761130": {"name": "minjun yi", "type": "author", "activity": 1, "h_index": 1, "h5_index": 0, "mag_id": "2297761130", "num_publications": 1, "num_citations": 9, "num_publications_5y": 0, "num_citations_5y": 4, "num_publications_10y": 0, "num_citations_10y": 6, "publications_years": {"1998": 1}, "citations_years": {"2000": 1, "2001": 0, "2002": 0, "2003": 0, "2004": 0, "2005": 0, "2006": 0, "2007": 1, "2008": 1, "2009": 1, "2010": 1, "2011": 0, "2012": 0, "2013": 0, "2014": 2, "2015": 1, "2016": 0, "2017": 0, "2018": 1}, "old_citations": {"1998": 9}, "isVisible": false}, "2306505289": {"name": "e styvaktakis", "type": "author", "activity": 1, "h_index": 1, "h5_index": 0, "mag_id": "2306505289", "num_publications": 1, "num_citations": 4, "num_publications_5y": 0, "num_citations_5y": 0, "num_publications_10y": 0, "num_citations_10y": 0, "publications_years": {"1998": 1}, "citations_years": {"1998": 1, "1999": 0, "2000": 0, "2001": 0, "2002": 3}, "old_citations": {"1998": 4}, "isVisible": false}, "2311075735": {"name": "shouxiang wang", "type": "author", "activity": 1, "h_index": 0, "h5_index": 0, "mag_id": "2311075735", "num_publications": 1, "num_citations": 0, "num_publications_5y": 0, "num_citations_5y": 0, "num_publications_10y": 0, "num_citations_10y": 0, "publications_years": {"1998": 1}, "citations_years": {}, "old_citations": {"1998": 0}, "isVisible": false}, "2337965434": {"name": "e t h heng", "type": "author", "activity": 1, "h_index": 1, "h5_index": 0, "mag_id": "2337965434", "num_publications": 1, "num_citations": 25, "num_publications_5y": 0, "num_citations_5y": 6, "num_publications_10y": 0, "num_citations_10y": 15, "publications_years": {"1998": 1}, "citations_years": {"1998": 1, "1999": 0, "2000": 0, "2001": 0, "2002": 1, "2003": 0, "2004": 0, "2005": 0, "2006": 2, "2007": 2, "2008": 4, "2009": 2, "2010": 0, "2011": 2, "2012": 4, "2013": 1, "2014": 3, "2015": 1, "2016": 2}, "old_citations": {"1998": 25}, "isVisible": false}, "2427075076": {"name": "fan wang", "type": "author", "activity": 1, "h_index": 1, "h5_index": 0, "mag_id": "2427075076", "num_publications": 1, "num_citations": 1, "num_publications_5y": 0, "num_citations_5y": 1, "num_publications_10y": 0, "num_citations_10y": 1, "publications_years": {"1995": 1}, "citations_years": {"2014": 1}, "old_citations": {"1995": 1}, "isVisible": false}, "2427168057": {"name": "j c sabonnadiere", "type": "author", "activity": 1, "h_index": 0, "h5_index": 0, "mag_id": "2427168057", "num_publications": 1, "num_citations": 0, "num_publications_5y": 0, "num_citations_5y": 0, "num_publications_10y": 0, "num_citations_10y": 0, "publications_years": {"1995": 1}, "citations_years": {}, "old_citations": {"1995": 0}, "isVisible": false}, "2432306452": {"name": "h l jiang", "type": "author", "activity": 1, "h_index": 1, "h5_index": 0, "mag_id": "2432306452", "num_publications": 1, "num_citations": 10, "num_publications_5y": 0, "num_citations_5y": 1, "num_publications_10y": 0, "num_citations_10y": 3, "publications_years": {"1998": 1}, "citations_years": {"2003": 1, "2004": 2, "2005": 0, "2006": 1, "2007": 3, "2008": 0, "2009": 1, "2010": 0, "2011": 1, "2012": 0, "2013": 0, "2014": 1}, "old_citations": {"1998": 10}, "isVisible": false}, "2438839754": {"name": "l goel", "type": "author", "activity": 24, "h_index": 7, "h5_index": 2, "mag_id": "2438839754", "num_publications": 1, "num_citations": 0, "num_publications_5y": 0, "num_citations_5y": 0, "num_publications_10y": 0, "num_citations_10y": 0, "publications_years": {"1998": 1}, "citations_years": {}, "old_citations": {"1998": 0}, "isVisible": false}, "2442842702": {"name": "li ruomei", "type": "author", "activity": 1, "h_index": 1, "h5_index": 0, "mag_id": "2442842702", "num_publications": 1, "num_citations": 3, "num_publications_5y": 0, "num_citations_5y": 1, "num_publications_10y": 0, "num_citations_10y": 3, "publications_years": {"1995": 1}, "citations_years": {"2010": 1, "2011": 1, "2012": 0, "2013": 0, "2014": 1}, "old_citations": {"1995": 3}, "isVisible": false}, "2492322658": {"name": "d tien", "type": "author", "activity": 1, "h_index": 1, "h5_index": 0, "mag_id": "2492322658", "num_publications": 1, "num_citations": 6, "num_publications_5y": 0, "num_citations_5y": 0, "num_publications_10y": 0, "num_citations_10y": 1, "publications_years": {"1998": 1}, "citations_years": {"2000": 1, "2001": 0, "2002": 0, "2003": 0, "2004": 2, "2005": 0, "2006": 0, "2007": 0, "2008": 1, "2009": 0, "2010": 1, "2011": 0, "2012": 0, "2013": 0, "2014": 0, "2015": 0, "2016": 0, "2017": 0, "2018": 0, "2019": 0, "2020": 1}, "old_citations": {"1998": 6}, "isVisible": false}, "2519495880": {"name": "t a mohammed", "type": "author", "activity": 1, "h_index": 1, "h5_index": 0, "mag_id": "2519495880", "num_publications": 1, "num_citations": 1, "num_publications_5y": 0, "num_citations_5y": 0, "num_publications_10y": 0, "num_citations_10y": 0, "publications_years": {"1995": 1}, "citations_years": {"2003": 1}, "old_citations": {"1995": 1}, "isVisible": false}, "2524123854": {"name": "t t ma", "type": "author", "activity": 1, "h_index": 1, "h5_index": 0, "mag_id": "2524123854", "num_publications": 1, "num_citations": 8, "num_publications_5y": 0, "num_citations_5y": 0, "num_publications_10y": 0, "num_citations_10y": 4, "publications_years": {"1998": 1}, "citations_years": {"1998": 2, "1999": 0, "2000": 2, "2001": 0, "2002": 0, "2003": 0, "2004": 0, "2005": 0, "2006": 0, "2007": 0, "2008": 0, "2009": 2, "2010": 0, "2011": 1, "2012": 1}, "old_citations": {"1998": 8}, "isVisible": false}, "2569222595": {"name": "f nishimura", "type": "author", "activity": 1, "h_index": 0, "h5_index": 0, "mag_id": "2569222595", "num_publications": 1, "num_citations": 0, "num_publications_5y": 0, "num_citations_5y": 0, "num_publications_10y": 0, "num_citations_10y": 0, "publications_years": {"1995": 1}, "citations_years": {}, "old_citations": {"1995": 0}, "isVisible": false}, "2575747909": {"name": "n hadjsaid", "type": "author", "activity": 1, "h_index": 0, "h5_index": 0, "mag_id": "2575747909", "num_publications": 1, "num_citations": 0, "num_publications_5y": 0, "num_citations_5y": 0, "num_publications_10y": 0, "num_citations_10y": 0, "publications_years": {"1995": 1}, "citations_years": {}, "old_citations": {"1995": 0}, "isVisible": false}, "2576244611": {"name": "p k dash", "type": "author", "activity": 29, "h_index": 18, "h5_index": 1, "mag_id": "2576244611", "num_publications": 1, "num_citations": 2, "num_publications_5y": 0, "num_citations_5y": 0, "num_publications_10y": 0, "num_citations_10y": 1, "publications_years": {"1995": 1}, "citations_years": {"1998": 1, "1999": 0, "2000": 0, "2001": 0, "2002": 0, "2003": 0, "2004": 0, "2005": 0, "2006": 0, "2007": 0, "2008": 0, "2009": 1}, "old_citations": {"1995": 2}, "isVisible": false}, "2591581342": {"name": "yuju chen", "type": "author", "activity": 22, "h_index": 5, "h5_index": 0, "mag_id": "2591581342", "num_publications": 1, "num_citations": 5, "num_publications_5y": 0, "num_citations_5y": 0, "num_publications_10y": 0, "num_citations_10y": 1, "publications_years": {"1998": 1}, "citations_years": {"2002": 1, "2003": 0, "2004": 1, "2005": 1, "2006": 0, "2007": 0, "2008": 1, "2009": 0, "2010": 0, "2011": 1}, "old_citations": {"1998": 5}, "isVisible": false}, "2600879503": {"name": "k p mohandas", "type": "author", "activity": 1, "h_index": 1, "h5_index": 0, "mag_id": "2600879503", "num_publications": 1, "num_citations": 8, "num_publications_5y": 0, "num_citations_5y": 1, "num_publications_10y": 0, "num_citations_10y": 4, "publications_years": {"1998": 1}, "citations_years": {"1999": 1, "2000": 0, "2001": 1, "2002": 0, "2003": 0, "2004": 0, "2005": 0, "2006": 0, "2007": 0, "2008": 2, "2009": 1, "2010": 1, "2011": 0, "2012": 1, "2013": 0, "2014": 0, "2015": 0, "2016": 1}, "old_citations": {"1998": 8}, "isVisible": false}, "2601626281": {"name": "s rahman", "type": "author", "activity": 31, "h_index": 12, "h5_index": 2, "mag_id": "2601626281", "num_publications": 1, "num_citations": 2, "num_publications_5y": 0, "num_citations_5y": 0, "num_publications_10y": 0, "num_citations_10y": 1, "publications_years": {"1995": 1}, "citations_years": {"1998": 1, "1999": 0, "2000": 0, "2001": 0, "2002": 0, "2003": 0, "2004": 0, "2005": 0, "2006": 0, "2007": 0, "2008": 0, "2009": 1}, "old_citations": {"1995": 2}, "isVisible": false}, "2620442887": {"name": "m crappe", "type": "author", "activity": 1, "h_index": 1, "h5_index": 0, "mag_id": "2620442887", "num_publications": 1, "num_citations": 8, "num_publications_5y": 0, "num_citations_5y": 0, "num_publications_10y": 0, "num_citations_10y": 4, "publications_years": {"1998": 1}, "citations_years": {"1998": 2, "1999": 0, "2000": 2, "2001": 0, "2002": 0, "2003": 0, "2004": 0, "2005": 0, "2006": 0, "2007": 0, "2008": 0, "2009": 2, "2010": 0, "2011": 1, "2012": 1}, "old_citations": {"1998": 8}, "isVisible": false}, "2624470351": {"name": "r gupta", "type": "author", "activity": 1, "h_index": 0, "h5_index": 0, "mag_id": "2624470351", "num_publications": 1, "num_citations": 0, "num_publications_5y": 0, "num_citations_5y": 0, "num_publications_10y": 0, "num_citations_10y": 0, "publications_years": {"1998": 1}, "citations_years": {}, "old_citations": {"1998": 0}, "isVisible": false}, "2627965478": {"name": "c s tan", "type": "author", "activity": 1, "h_index": 1, "h5_index": 0, "mag_id": "2627965478", "num_publications": 1, "num_citations": 1, "num_publications_5y": 0, "num_citations_5y": 1, "num_publications_10y": 0, "num_citations_10y": 1, "publications_years": {"1995": 1}, "citations_years": {"2016": 1}, "old_citations": {"1995": 1}, "isVisible": false}, "2628691338": {"name": "m e khan", "type": "author", "activity": 1, "h_index": 1, "h5_index": 0, "mag_id": "2628691338", "num_publications": 1, "num_citations": 3, "num_publications_5y": 0, "num_citations_5y": 2, "num_publications_10y": 0, "num_citations_10y": 2, "publications_years": {"1995": 1}, "citations_years": {"2008": 1, "2009": 0, "2010": 0, "2011": 0, "2012": 0, "2013": 0, "2014": 0, "2015": 1, "2016": 1}, "old_citations": {"1995": 3}, "isVisible": false}, "2630052021": {"name": "k c tan", "type": "author", "activity": 1, "h_index": 1, "h5_index": 0, "mag_id": "2630052021", "num_publications": 1, "num_citations": 1, "num_publications_5y": 0, "num_citations_5y": 1, "num_publications_10y": 0, "num_citations_10y": 1, "publications_years": {"1995": 1}, "citations_years": {"2016": 1}, "old_citations": {"1995": 1}, "isVisible": false}, "2634283880": {"name": "j trecat", "type": "author", "activity": 1, "h_index": 1, "h5_index": 0, "mag_id": "2634283880", "num_publications": 1, "num_citations": 8, "num_publications_5y": 0, "num_citations_5y": 0, "num_publications_10y": 0, "num_citations_10y": 4, "publications_years": {"1998": 1}, "citations_years": {"1998": 2, "1999": 0, "2000": 2, "2001": 0, "2002": 0, "2003": 0, "2004": 0, "2005": 0, "2006": 0, "2007": 0, "2008": 0, "2009": 2, "2010": 0, "2011": 1, "2012": 1}, "old_citations": {"1998": 8}, "isVisible": false}, "2638443605": {"name": "l f sugianto", "type": "author", "activity": 1, "h_index": 1, "h5_index": 0, "mag_id": "2638443605", "num_publications": 1, "num_citations": 3, "num_publications_5y": 0, "num_citations_5y": 2, "num_publications_10y": 0, "num_citations_10y": 2, "publications_years": {"1995": 1}, "citations_years": {"2008": 1, "2009": 0, "2010": 0, "2011": 0, "2012": 0, "2013": 0, "2014": 0, "2015": 1, "2016": 1}, "old_citations": {"1995": 3}, "isVisible": false}, "2639232724": {"name": "k ohtsuka", "type": "author", "activity": 1, "h_index": 0, "h5_index": 0, "mag_id": "2639232724", "num_publications": 1, "num_citations": 0, "num_publications_5y": 0, "num_citations_5y": 0, "num_publications_10y": 0, "num_citations_10y": 0, "publications_years": {"1998": 1}, "citations_years": {}, "old_citations": {"1998": 0}, "isVisible": false}, "2639313506": {"name": "s p zhu", "type": "author", "activity": 1, "h_index": 1, "h5_index": 0, "mag_id": "2639313506", "num_publications": 1, "num_citations": 1, "num_publications_5y": 0, "num_citations_5y": 1, "num_publications_10y": 0, "num_citations_10y": 1, "publications_years": {"1995": 1}, "citations_years": {"2016": 1}, "old_citations": {"1995": 1}, "isVisible": false}, "2640557156": {"name": "h s chandrasekharaiah", "type": "author", "activity": 1, "h_index": 1, "h5_index": 0, "mag_id": "2640557156", "num_publications": 1, "num_citations": 2, "num_publications_5y": 0, "num_citations_5y": 0, "num_publications_10y": 0, "num_citations_10y": 0, "publications_years": {"1995": 1}, "citations_years": {"1998": 1, "1999": 0, "2000": 0, "2001": 0, "2002": 0, "2003": 0, "2004": 1}, "old_citations": {"1995": 2}, "isVisible": false}, "2642050155": {"name": "ka wing chan", "type": "author", "activity": 27, "h_index": 3, "h5_index": 1, "mag_id": "2642050155", "num_publications": 1, "num_citations": 1, "num_publications_5y": 0, "num_citations_5y": 0, "num_publications_10y": 0, "num_citations_10y": 1, "publications_years": {"1998": 1}, "citations_years": {"2009": 1}, "old_citations": {"1998": 1}, "isVisible": false}, "2645067759": {"name": "h p satpathy", "type": "author", "activity": 5, "h_index": 3, "h5_index": 0, "mag_id": "2645067759", "num_publications": 1, "num_citations": 2, "num_publications_5y": 0, "num_citations_5y": 0, "num_publications_10y": 0, "num_citations_10y": 1, "publications_years": {"1995": 1}, "citations_years": {"1998": 1, "1999": 0, "2000": 0, "2001": 0, "2002": 0, "2003": 0, "2004": 0, "2005": 0, "2006": 0, "2007": 0, "2008": 0, "2009": 1}, "old_citations": {"1995": 2}, "isVisible": false}, "2648988607": {"name": "l roy", "type": "author", "activity": 1, "h_index": 1, "h5_index": 0, "mag_id": "2648988607", "num_publications": 1, "num_citations": 1, "num_publications_5y": 0, "num_citations_5y": 0, "num_publications_10y": 0, "num_citations_10y": 0, "publications_years": {"1995": 1}, "citations_years": {"2003": 1}, "old_citations": {"1995": 1}, "isVisible": false}, "2656243858": {"name": "c s chang", "type": "author", "activity": 1, "h_index": 1, "h5_index": 0, "mag_id": "2656243858", "num_publications": 1, "num_citations": 10, "num_publications_5y": 0, "num_citations_5y": 1, "num_publications_10y": 0, "num_citations_10y": 6, "publications_years": {"1998": 1}, "citations_years": {"2001": 1, "2002": 0, "2003": 1, "2004": 0, "2005": 0, "2006": 0, "2007": 1, "2008": 1, "2009": 0, "2010": 0, "2011": 1, "2012": 1, "2013": 3, "2014": 0, "2015": 1}, "old_citations": {"1998": 10}, "isVisible": false}, "2660404366": {"name": "y morioka", "type": "author", "activity": 1, "h_index": 0, "h5_index": 0, "mag_id": "2660404366", "num_publications": 1, "num_citations": 0, "num_publications_5y": 0, "num_citations_5y": 0, "num_publications_10y": 0, "num_citations_10y": 0, "publications_years": {"1998": 1}, "citations_years": {}, "old_citations": {"1998": 0}, "isVisible": false}, "2664154245": {"name": "kunyuan huang", "type": "author", "activity": 1, "h_index": 0, "h5_index": 0, "mag_id": "2664154245", "num_publications": 1, "num_citations": 0, "num_publications_5y": 0, "num_citations_5y": 0, "num_publications_10y": 0, "num_citations_10y": 0, "publications_years": {"1995": 1}, "citations_years": {}, "old_citations": {"1995": 0}, "isVisible": false}, "2664868293": {"name": "j k mandal", "type": "author", "activity": 1, "h_index": 1, "h5_index": 0, "mag_id": "2664868293", "num_publications": 1, "num_citations": 6, "num_publications_5y": 0, "num_citations_5y": 2, "num_publications_10y": 0, "num_citations_10y": 3, "publications_years": {"1995": 1}, "citations_years": {"2002": 1, "2003": 0, "2004": 0, "2005": 0, "2006": 0, "2007": 0, "2008": 1, "2009": 0, "2010": 0, "2011": 0, "2012": 1, "2013": 0, "2014": 1, "2015": 0, "2016": 1, "2017": 0, "2018": 0, "2019": 1}, "old_citations": {"1995": 6}, "isVisible": false}, "2669362974": {"name": "tzengshong yeh", "type": "author", "activity": 1, "h_index": 0, "h5_index": 0, "mag_id": "2669362974", "num_publications": 1, "num_citations": 0, "num_publications_5y": 0, "num_citations_5y": 0, "num_publications_10y": 0, "num_citations_10y": 0, "publications_years": {"1995": 1}, "citations_years": {}, "old_citations": {"1995": 0}, "isVisible": false}, "2669684501": {"name": "a k sinha", "type": "author", "activity": 1, "h_index": 1, "h5_index": 0, "mag_id": "2669684501", "num_publications": 1, "num_citations": 6, "num_publications_5y": 0, "num_citations_5y": 2, "num_publications_10y": 0, "num_citations_10y": 3, "publications_years": {"1995": 1}, "citations_years": {"2002": 1, "2003": 0, "2004": 0, "2005": 0, "2006": 0, "2007": 0, "2008": 1, "2009": 0, "2010": 0, "2011": 0, "2012": 1, "2013": 0, "2014": 1, "2015": 0, "2016": 1, "2017": 0, "2018": 0, "2019": 1}, "old_citations": {"1995": 6}, "isVisible": false}, "2676497818": {"name": "m caciotta", "type": "author", "activity": 1, "h_index": 1, "h5_index": 0, "mag_id": "2676497818", "num_publications": 1, "num_citations": 4, "num_publications_5y": 0, "num_citations_5y": 0, "num_publications_10y": 0, "num_citations_10y": 0, "publications_years": {"1998": 1}, "citations_years": {"1998": 1, "1999": 0, "2000": 0, "2001": 0, "2002": 3}, "old_citations": {"1998": 4}, "isVisible": false}, "2678440743": {"name": "tongjun ruan", "type": "author", "activity": 1, "h_index": 0, "h5_index": 0, "mag_id": "2678440743", "num_publications": 1, "num_citations": 0, "num_publications_5y": 0, "num_citations_5y": 0, "num_publications_10y": 0, "num_citations_10y": 0, "publications_years": {"1998": 1}, "citations_years": {}, "old_citations": {"1998": 0}, "isVisible": false}, "2680553063": {"name": "ma ning", "type": "author", "activity": 1, "h_index": 1, "h5_index": 0, "mag_id": "2680553063", "num_publications": 1, "num_citations": 19, "num_publications_5y": 0, "num_citations_5y": 1, "num_publications_10y": 0, "num_citations_10y": 14, "publications_years": {"1998": 1}, "citations_years": {"2004": 1, "2005": 1, "2006": 1, "2007": 2, "2008": 0, "2009": 3, "2010": 2, "2011": 6, "2012": 2, "2013": 0, "2014": 0, "2015": 1}, "old_citations": {"1998": 19}, "isVisible": false}, "2685310882": {"name": "chinglien huang", "type": "author", "activity": 7, "h_index": 6, "h5_index": 0, "mag_id": "2685310882", "num_publications": 1, "num_citations": 0, "num_publications_5y": 0, "num_citations_5y": 0, "num_publications_10y": 0, "num_citations_10y": 0, "publications_years": {"1995": 1}, "citations_years": {}, "old_citations": {"1995": 0}, "isVisible": false}, "2686309053": {"name": "jizhong zhu", "type": "author", "activity": 1, "h_index": 1, "h5_index": 0, "mag_id": "2686309053", "num_publications": 1, "num_citations": 10, "num_publications_5y": 0, "num_citations_5y": 1, "num_publications_10y": 0, "num_citations_10y": 6, "publications_years": {"1998": 1}, "citations_years": {"2001": 1, "2002": 0, "2003": 1, "2004": 0, "2005": 0, "2006": 0, "2007": 1, "2008": 1, "2009": 0, "2010": 0, "2011": 1, "2012": 1, "2013": 3, "2014": 0, "2015": 1}, "old_citations": {"1998": 10}, "isVisible": false}, "2688917184": {"name": "guo jianbo", "type": "author", "activity": 1, "h_index": 1, "h5_index": 0, "mag_id": "2688917184", "num_publications": 1, "num_citations": 3, "num_publications_5y": 0, "num_citations_5y": 1, "num_publications_10y": 0, "num_citations_10y": 3, "publications_years": {"1995": 1}, "citations_years": {"2010": 1, "2011": 1, "2012": 0, "2013": 0, "2014": 1}, "old_citations": {"1995": 3}, "isVisible": false}, "2692397704": {"name": "k s lock", "type": "author", "activity": 4, "h_index": 1, "h5_index": 0, "mag_id": "2692397704", "num_publications": 1, "num_citations": 1, "num_publications_5y": 0, "num_citations_5y": 1, "num_publications_10y": 0, "num_citations_10y": 1, "publications_years": {"1995": 1}, "citations_years": {"2014": 1}, "old_citations": {"1995": 1}, "isVisible": false}, "2696819493": {"name": "t n nagabhushana", "type": "author", "activity": 1, "h_index": 1, "h5_index": 0, "mag_id": "2696819493", "num_publications": 1, "num_citations": 2, "num_publications_5y": 0, "num_citations_5y": 0, "num_publications_10y": 0, "num_citations_10y": 0, "publications_years": {"1995": 1}, "citations_years": {"1998": 1, "1999": 0, "2000": 0, "2001": 0, "2002": 0, "2003": 0, "2004": 1}, "old_citations": {"1995": 2}, "isVisible": false}, "2700638897": {"name": "luo fang lin", "type": "author", "activity": 1, "h_index": 1, "h5_index": 0, "mag_id": "2700638897", "num_publications": 1, "num_citations": 6, "num_publications_5y": 0, "num_citations_5y": 0, "num_publications_10y": 0, "num_citations_10y": 1, "publications_years": {"1998": 1}, "citations_years": {"2000": 1, "2001": 0, "2002": 0, "2003": 0, "2004": 2, "2005": 0, "2006": 0, "2007": 0, "2008": 1, "2009": 0, "2010": 1, "2011": 0, "2012": 0, "2013": 0, "2014": 0, "2015": 0, "2016": 0, "2017": 0, "2018": 0, "2019": 0, "2020": 1}, "old_citations": {"1998": 6}, "isVisible": false}, "2701205441": {"name": "t s chung", "type": "author", "activity": 1, "h_index": 1, "h5_index": 0, "mag_id": "2701205441", "num_publications": 1, "num_citations": 3, "num_publications_5y": 0, "num_citations_5y": 0, "num_publications_10y": 0, "num_citations_10y": 0, "publications_years": {"1998": 1}, "citations_years": {"2003": 1, "2004": 0, "2005": 0, "2006": 0, "2007": 1, "2008": 1}, "old_citations": {"1998": 3}, "isVisible": false}, "2704205717": {"name": "y k wong", "type": "author", "activity": 1, "h_index": 1, "h5_index": 0, "mag_id": "2704205717", "num_publications": 1, "num_citations": 10, "num_publications_5y": 0, "num_citations_5y": 1, "num_publications_10y": 0, "num_citations_10y": 6, "publications_years": {"1998": 1}, "citations_years": {"2001": 1, "2002": 2, "2003": 0, "2004": 0, "2005": 0, "2006": 0, "2007": 1, "2008": 0, "2009": 0, "2010": 1, "2011": 2, "2012": 1, "2013": 1, "2014": 0, "2015": 0, "2016": 0, "2017": 0, "2018": 1}, "old_citations": {"1998": 10}, "isVisible": false}, "2715693489": {"name": "chengtsung liu", "type": "author", "activity": 1, "h_index": 0, "h5_index": 0, "mag_id": "2715693489", "num_publications": 1, "num_citations": 0, "num_publications_5y": 0, "num_citations_5y": 0, "num_publications_10y": 0, "num_citations_10y": 0, "publications_years": {"1995": 1}, "citations_years": {}, "old_citations": {"1995": 0}, "isVisible": false}, "2716761696": {"name": "m h wong", "type": "author", "activity": 1, "h_index": 1, "h5_index": 0, "mag_id": "2716761696", "num_publications": 1, "num_citations": 3, "num_publications_5y": 0, "num_citations_5y": 0, "num_publications_10y": 0, "num_citations_10y": 0, "publications_years": {"1998": 1}, "citations_years": {"2003": 1, "2004": 0, "2005": 0, "2006": 0, "2007": 1, "2008": 1}, "old_citations": {"1998": 3}, "isVisible": false}, "2719675056": {"name": "l dube", "type": "author", "activity": 1, "h_index": 1, "h5_index": 0, "mag_id": "2719675056", "num_publications": 1, "num_citations": 4, "num_publications_5y": 0, "num_citations_5y": 1, "num_publications_10y": 0, "num_citations_10y": 3, "publications_years": {"1998": 1}, "citations_years": {"2003": 1, "2004": 0, "2005": 0, "2006": 0, "2007": 0, "2008": 0, "2009": 0, "2010": 0, "2011": 1, "2012": 0, "2013": 1, "2014": 1}, "old_citations": {"1998": 4}, "isVisible": false}, "2720374329": {"name": "m sforna", "type": "author", "activity": 1, "h_index": 1, "h5_index": 0, "mag_id": "2720374329", "num_publications": 1, "num_citations": 4, "num_publications_5y": 0, "num_citations_5y": 0, "num_publications_10y": 0, "num_citations_10y": 0, "publications_years": {"1998": 1}, "citations_years": {"1998": 1, "1999": 0, "2000": 0, "2001": 0, "2002": 3}, "old_citations": {"1998": 4}, "isVisible": false}, "2720771961": {"name": "d thiruvengadam", "type": "author", "activity": 1, "h_index": 1, "h5_index": 0, "mag_id": "2720771961", "num_publications": 1, "num_citations": 8, "num_publications_5y": 0, "num_citations_5y": 1, "num_publications_10y": 0, "num_citations_10y": 4, "publications_years": {"1998": 1}, "citations_years": {"1999": 1, "2000": 0, "2001": 1, "2002": 0, "2003": 0, "2004": 0, "2005": 0, "2006": 0, "2007": 0, "2008": 2, "2009": 1, "2010": 1, "2011": 0, "2012": 1, "2013": 0, "2014": 0, "2015": 0, "2016": 1}, "old_citations": {"1998": 8}, "isVisible": false}, "2776545044": {"name": "k l lo", "type": "author", "activity": 1, "h_index": 1, "h5_index": 0, "mag_id": "2776545044", "num_publications": 1, "num_citations": 8, "num_publications_5y": 0, "num_citations_5y": 0, "num_publications_10y": 0, "num_citations_10y": 4, "publications_years": {"1998": 1}, "citations_years": {"1998": 2, "1999": 0, "2000": 2, "2001": 0, "2002": 0, "2003": 0, "2004": 0, "2005": 0, "2006": 0, "2007": 0, "2008": 0, "2009": 2, "2010": 0, "2011": 1, "2012": 1}, "old_citations": {"1998": 8}, "isVisible": false}, "2810728446": {"name": "j liu", "type": "author", "activity": 1, "h_index": 1, "h5_index": 0, "mag_id": "2810728446", "num_publications": 1, "num_citations": 1, "num_publications_5y": 0, "num_citations_5y": 1, "num_publications_10y": 0, "num_citations_10y": 1, "publications_years": {"1995": 1}, "citations_years": {"2016": 1}, "old_citations": {"1995": 1}, "isVisible": false}, "2868869090": {"name": "wenyeau chang", "type": "author", "activity": 4, "h_index": 2, "h5_index": 0, "mag_id": "2868869090", "num_publications": 1, "num_citations": 10, "num_publications_5y": 0, "num_citations_5y": 1, "num_publications_10y": 0, "num_citations_10y": 3, "publications_years": {"1998": 1}, "citations_years": {"2003": 1, "2004": 2, "2005": 0, "2006": 1, "2007": 3, "2008": 0, "2009": 1, "2010": 0, "2011": 1, "2012": 0, "2013": 0, "2014": 1}, "old_citations": {"1998": 10}, "isVisible": false}, "2896136479": {"name": "n rajkumar", "type": "author", "activity": 1, "h_index": 1, "h5_index": 0, "mag_id": "2896136479", "num_publications": 1, "num_citations": 4, "num_publications_5y": 0, "num_citations_5y": 0, "num_publications_10y": 0, "num_citations_10y": 0, "publications_years": {"1998": 1}, "citations_years": {"1998": 1, "1999": 0, "2000": 0, "2001": 0, "2002": 3}, "old_citations": {"1998": 4}, "isVisible": false}, "2898305692": {"name": "r w dunn", "type": "author", "activity": 1, "h_index": 1, "h5_index": 0, "mag_id": "2898305692", "num_publications": 1, "num_citations": 1, "num_publications_5y": 0, "num_citations_5y": 0, "num_publications_10y": 0, "num_citations_10y": 1, "publications_years": {"1998": 1}, "citations_years": {"2009": 1}, "old_citations": {"1998": 1}, "isVisible": false}, "2904778396": {"name": "wlad mielczarski", "type": "author", "activity": 4, "h_index": 1, "h5_index": 0, "mag_id": "2904778396", "num_publications": 1, "num_citations": 3, "num_publications_5y": 0, "num_citations_5y": 2, "num_publications_10y": 0, "num_citations_10y": 2, "publications_years": {"1995": 1}, "citations_years": {"2008": 1, "2009": 0, "2010": 0, "2011": 0, "2012": 0, "2013": 0, "2014": 0, "2015": 1, "2016": 1}, "old_citations": {"1995": 3}, "isVisible": false}, "2936657025": {"name": "h asano", "type": "author", "activity": 1, "h_index": 1, "h5_index": 0, "mag_id": "2936657025", "num_publications": 1, "num_citations": 2, "num_publications_5y": 0, "num_citations_5y": 0, "num_publications_10y": 0, "num_citations_10y": 1, "publications_years": {"1995": 1}, "citations_years": {"2002": 1, "2003": 0, "2004": 0, "2005": 0, "2006": 0, "2007": 0, "2008": 0, "2009": 0, "2010": 0, "2011": 0, "2012": 0, "2013": 1}, "old_citations": {"1995": 2}, "isVisible": false}, "2938888812": {"name": "a r daniels", "type": "author", "activity": 1, "h_index": 1, "h5_index": 0, "mag_id": "2938888812", "num_publications": 1, "num_citations": 1, "num_publications_5y": 0, "num_citations_5y": 0, "num_publications_10y": 0, "num_citations_10y": 1, "publications_years": {"1998": 1}, "citations_years": {"2009": 1}, "old_citations": {"1998": 1}, "isVisible": false}, "2940092911": {"name": "a c liew", "type": "author", "activity": 1, "h_index": 1, "h5_index": 0, "mag_id": "2940092911", "num_publications": 1, "num_citations": 1, "num_publications_5y": 0, "num_citations_5y": 1, "num_publications_10y": 0, "num_citations_10y": 1, "publications_years": {"1995": 1}, "citations_years": {"2014": 1}, "old_citations": {"1995": 1}, "isVisible": false}, "2940449487": {"name": "a seppala", "type": "author", "activity": 1, "h_index": 1, "h5_index": 0, "mag_id": "2940449487", "num_publications": 1, "num_citations": 34, "num_publications_5y": 0, "num_citations_5y": 14, "num_publications_10y": 0, "num_citations_10y": 27, "publications_years": {"1995": 1}, "citations_years": {"1995": 1, "1996": 0, "1997": 0, "1998": 0, "1999": 0, "2000": 1, "2001": 0, "2002": 1, "2003": 0, "2004": 1, "2005": 0, "2006": 0, "2007": 1, "2008": 0, "2009": 2, "2010": 3, "2011": 0, "2012": 6, "2013": 2, "2014": 5, "2015": 4, "2016": 0, "2017": 3, "2018": 2, "2019": 2}, "old_citations": {"1995": 34}, "isVisible": false}, "2973269408": {"name": "k okada", "type": "author", "activity": 1, "h_index": 1, "h5_index": 0, "mag_id": "2973269408", "num_publications": 1, "num_citations": 2, "num_publications_5y": 0, "num_citations_5y": 0, "num_publications_10y": 0, "num_citations_10y": 1, "publications_years": {"1995": 1}, "citations_years": {"2002": 1, "2003": 0, "2004": 0, "2005": 0, "2006": 0, "2007": 0, "2008": 0, "2009": 0, "2010": 0, "2011": 0, "2012": 0, "2013": 1}, "old_citations": {"1995": 2}, "isVisible": false}, "2973567097": {"name": "a c liew", "type": "author", "activity": 1, "h_index": 1, "h5_index": 0, "mag_id": "2973567097", "num_publications": 1, "num_citations": 25, "num_publications_5y": 0, "num_citations_5y": 6, "num_publications_10y": 0, "num_citations_10y": 15, "publications_years": {"1998": 1}, "citations_years": {"1998": 1, "1999": 0, "2000": 0, "2001": 0, "2002": 1, "2003": 0, "2004": 0, "2005": 0, "2006": 2, "2007": 2, "2008": 4, "2009": 2, "2010": 0, "2011": 2, "2012": 4, "2013": 1, "2014": 3, "2015": 1, "2016": 2}, "old_citations": {"1998": 25}, "isVisible": false}, "2973832666": {"name": "t funabashi", "type": "author", "activity": 1, "h_index": 1, "h5_index": 0, "mag_id": "2973832666", "num_publications": 1, "num_citations": 4, "num_publications_5y": 0, "num_citations_5y": 1, "num_publications_10y": 0, "num_citations_10y": 3, "publications_years": {"1998": 1}, "citations_years": {"2003": 1, "2004": 0, "2005": 0, "2006": 0, "2007": 0, "2008": 0, "2009": 0, "2010": 0, "2011": 1, "2012": 0, "2013": 1, "2014": 1}, "old_citations": {"1998": 4}, "isVisible": false}, "2983326755": {"name": "yutian liu", "type": "author", "activity": 1, "h_index": 0, "h5_index": 0, "mag_id": "2983326755", "num_publications": 1, "num_citations": 0, "num_publications_5y": 0, "num_citations_5y": 0, "num_publications_10y": 0, "num_citations_10y": 0, "publications_years": {"1998": 1}, "citations_years": {}, "old_citations": {"1998": 0}, "isVisible": false}, "2985275012": {"name": "y k wong", "type": "author", "activity": 1, "h_index": 1, "h5_index": 0, "mag_id": "2985275012", "num_publications": 1, "num_citations": 3, "num_publications_5y": 0, "num_citations_5y": 0, "num_publications_10y": 0, "num_citations_10y": 0, "publications_years": {"1998": 1}, "citations_years": {"2003": 1, "2004": 0, "2005": 0, "2006": 0, "2007": 1, "2008": 1}, "old_citations": {"1998": 3}, "isVisible": false}, "2988663690": {"name": "a b rad", "type": "author", "activity": 1, "h_index": 1, "h5_index": 0, "mag_id": "2988663690", "num_publications": 1, "num_citations": 10, "num_publications_5y": 0, "num_citations_5y": 1, "num_publications_10y": 0, "num_citations_10y": 6, "publications_years": {"1998": 1}, "citations_years": {"2001": 1, "2002": 2, "2003": 0, "2004": 0, "2005": 0, "2006": 0, "2007": 1, "2008": 0, "2009": 0, "2010": 1, "2011": 2, "2012": 1, "2013": 1, "2014": 0, "2015": 0, "2016": 0, "2017": 0, "2018": 1}, "old_citations": {"1998": 10}, "isVisible": false}}, "countries": {"Singapore": {"name": "Singapore", "type": "country", "h5_index": 105, "num_publications": 5, "num_citations": 46, "num_publications_5y": 0, "num_citations_5y": 13, "num_publications_10y": 0, "num_citations_10y": 29, "publications_years": {"1995": 2, "1998": 3}, "citations_years": {"2014": 6, "1998": 1, "1999": 0, "2000": 1, "2001": 1, "2002": 1, "2003": 1, "2004": 0, "2005": 0, "2006": 2, "2007": 4, "2008": 6, "2009": 3, "2010": 1, "2011": 3, "2012": 5, "2013": 4, "2015": 3, "2016": 3, "2017": 0, "2018": 1}, "old_citations": {"1995": 2, "1998": 44}, "isVisible": false}, "Taiwan": {"name": "Taiwan", "type": "country", "h5_index": 69, "num_publications": 4, "num_citations": 15, "num_publications_5y": 0, "num_citations_5y": 1, "num_publications_10y": 0, "num_citations_10y": 4, "publications_years": {"1998": 2, "1995": 2}, "citations_years": {"2003": 1, "2004": 3, "2005": 1, "2006": 1, "2007": 3, "2008": 1, "2009": 1, "2010": 0, "2011": 2, "2012": 0, "2013": 0, "2014": 1, "2002": 1}, "old_citations": {"1998": 15, "1995": 0}, "isVisible": false}, "India": {"name": "India", "type": "country", "h5_index": 78, "num_publications": 3, "num_citations": 9, "num_publications_5y": 0, "num_citations_5y": 2, "num_publications_10y": 0, "num_citations_10y": 3, "publications_years": {"1995": 3}, "citations_years": {"2003": 1, "1998": 1, "1999": 0, "2000": 0, "2001": 0, "2002": 1, "2004": 1, "2005": 0, "2006": 0, "2007": 0, "2008": 1, "2009": 0, "2010": 0, "2011": 0, "2012": 1, "2013": 0, "2014": 1, "2015": 0, "2016": 1, "2017": 0, "2018": 0, "2019": 1}, "old_citations": {"1995": 9}, "isVisible": false}, "United Kingdom": {"name": "United Kingdom", "type": "country", "h5_index": 172, "num_publications": 3, "num_citations": 15, "num_publications_5y": 0, "num_citations_5y": 1, "num_publications_10y": 0, "num_citations_10y": 7, "publications_years": {"1998": 2, "1995": 1}, "citations_years": {"1998": 3, "1999": 0, "2000": 2, "2001": 0, "2002": 3, "2003": 0, "2004": 0, "2005": 0, "2006": 0, "2007": 0, "2008": 0, "2009": 2, "2010": 1, "2011": 2, "2012": 1, "2013": 0, "2014": 1}, "old_citations": {"1998": 12, "1995": 3}, "isVisible": false}, "China": {"name": "China", "type": "country", "h5_index": 214, "num_publications": 2, "num_citations": 19, "num_publications_5y": 0, "num_citations_5y": 1, "num_publications_10y": 0, "num_citations_10y": 14, "publications_years": {"1998": 2}, "citations_years": {"2004": 1, "2005": 1, "2006": 1, "2007": 2, "2008": 0, "2009": 3, "2010": 2, "2011": 6, "2012": 2, "2013": 0, "2014": 0, "2015": 1}, "old_citations": {"1998": 19}, "isVisible": false}, "Japan": {"name": "Japan", "type": "country", "h5_index": 94, "num_publications": 2, "num_citations": 4, "num_publications_5y": 0, "num_citations_5y": 1, "num_publications_10y": 0, "num_citations_10y": 3, "publications_years": {"1998": 2}, "citations_years": {"2003": 1, "2004": 0, "2005": 0, "2006": 0, "2007": 0, "2008": 0, "2009": 0, "2010": 0, "2011": 1, "2012": 0, "2013": 1, "2014": 1}, "old_citations": {"1998": 4}, "isVisible": false}}, "industrial_sectors": {"electronics": {"name": "electronics", "type": "industrial sector", "h5_index": 134, "num_publications": 1, "num_citations": 4, "num_publications_5y": 0, "num_citations_5y": 1, "num_publications_10y": 0, "num_citations_10y": 3, "publications_years": {"1998": 1}, "citations_years": {"2003": 1, "2004": 0, "2005": 0, "2006": 0, "2007": 0, "2008": 0, "2009": 0, "2010": 0, "2011": 1, "2012": 0, "2013": 1, "2014": 1}, "old_citations": {"1998": 4}, "isVisible": false}, "technology": {"name": "technology", "type": "industrial sector", "h5_index": 229, "num_publications": 1, "num_citations": 4, "num_publications_5y": 0, "num_citations_5y": 1, "num_publications_10y": 0, "num_citations_10y": 3, "publications_years": {"1998": 1}, "citations_years": {"2003": 1, "2004": 0, "2005": 0, "2006": 0, "2007": 0, "2008": 0, "2009": 0, "2010": 0, "2011": 1, "2012": 0, "2013": 1, "2014": 1}, "old_citations": {"1998": 4}, "isVisible": false}}}, "conference_comparison": {"computer science": {}}, "topics_dna": {"publications": {}, "citations": {"normalized": {}, "average": {}}}, "info": {"num_publications": 31, "num_citations": 177.0, "impact_factor": {"1997": 0.0, "1998": 0}, "publications_years": {"1998": 17, "1995": 14}, "citations_years": {"1995": 1, "1996": 0, "1997": 0, "1998": 6, "1999": 1, "2000": 5, "2001": 3, "2002": 10, "2003": 5, "2004": 8, "2005": 2, "2006": 4, "2007": 12, "2008": 13, "2009": 14, "2010": 10, "2011": 16, "2012": 17, "2013": 9, "2014": 15, "2015": 9, "2016": 6, "2017": 3, "2018": 4, "2019": 3, "2020": 1}, "old_citations": {"1998": 122, "1995": 55}, "h5_index": 0}, "percentile": {"computer science": {"1998": 90, "1995": 91}}, "conference_ranking": {"computer science": {"1998": 412, "1995": 383}}, "academia": {"num_publications": 18, "num_citations": 104, "publications_years": {"1995": 8, "1996": 0, "1997": 0, "1998": 10}, "old_citations": {"1995": 14, "1996": 0, "1997": 0, "1998": 90}, "num_publications_5y": 0, "num_citations_5y": 0, "num_publications_10y": 0, "num_citations_10y": 0}, "industry": {"num_publications": 1, "num_citations": 4, "publications_years": {"1998": 1}, "old_citations": {"1998": 4}, "num_publications_5y": 0, "num_citations_5y": 0, "num_publications_10y": 0, "num_citations_10y": 0}, "collaborative": {"num_publications": 0, "num_citations": 0, "publications_years": {}, "old_citations": {}, "num_publications_5y": 0, "num_citations_5y": 0, "num_publications_10y": 0, "num_citations_10y": 0}, "conferences": {}, "journals": {}, "organizations": {"publication_overall": ["National University of Singapore", "Indian Institute of Technology Kharagpur", "Akita University", "Chung Yuan Christian University", "City, University of London", "I-Shou University", "Indian Institute of Science Bangalore", "Meidensha (Japan)", "Nanyang Technological University", "National Cheng Kung University", "National Sun Yat-sen University", "Shandong University of Technology", "University of Manchester", "University of Strathclyde", "Wuhan University"], "citation_overall": ["National University of Singapore", "Wuhan University", "National Cheng Kung University", "University of Strathclyde", "Indian Institute of Technology Kharagpur", "I-Shou University", "City, University of London", "Meidensha (Japan)", "University of Manchester", "Indian Institute of Science Bangalore", "Nanyang Technological University", "Akita University", "Chung Yuan Christian University", "National Sun Yat-sen University", "Shandong University of Technology"], "publication_10_years": [], "citation_10_years": [], "publication_5_years": [], "citation_5_years": []}, "countries": {"publication_overall": ["Singapore", "Taiwan", "India", "United Kingdom", "China", "Japan"], "citation_overall": ["Singapore", "China", "Taiwan", "United Kingdom", "India", "Japan"], "publication_10_years": [], "citation_10_years": [], "publication_5_years": [], "citation_5_years": []}, "topics": {"publication_overall": ["computer science", "artificial intelligence", "mathematics", "computer systems", "computer networks", "engineering", "machine learning", "neural networks", "telecommunication systems", "bayesian networks", "computer hardware", "theoretical computer science", "backpropagation algorithm", "communication systems", "correlation analysis", "inference engines", "wireless telecommunication systems", "distribution systems", "graph theory", "local area networks"], "citation_overall": ["computer science", "artificial intelligence", "mathematics", "machine learning", "neural networks", "backpropagation algorithm", "computer systems", "ann", "engineering", "computer networks", "computer hardware", "probability", "forecasting models", "correlation analysis", "economics", "optical fibers", "sensors", "software", "telecommunication systems", "probability distributions"], "publication_10_years": [], "citation_10_years": [], "publication_5_years": [], "citation_5_years": []}, "main_topics": ["computer science"], "authors": {"publication_overall": ["210128352", "2667513800", "2937953264", "1971951173", "2035409341", "2096274721", "2105379507", "2108305591", "2117865911", "2127894939", "2136685235", "2152105874", "2159379315", "2160941656", "2224625012", "2225718489", "2229876014", "2240844134", "2250350172", "2297761130", "2306505289", "2311075735", "2337965434", "2427075076", "2427168057", "2432306452", "2438839754", "2442842702", "2492322658", "2519495880", "2524123854", "2569222595", "2575747909", "2576244611", "2591581342", "2600879503", "2601626281", "2620442887", "2624470351", "2627965478", "2628691338", "2630052021", "2634283880", "2638443605", "2639232724", "2639313506", "2640557156", "2642050155", "2645067759", "2648988607", "2656243858", "2660404366", "2664154245", "2664868293", "2669362974", "2669684501", "2676497818", "2678440743", "2680553063", "2685310882", "2686309053", "2688917184", "2692397704", "2696819493", "2700638897", "2701205441", "2704205717", "2715693489", "2716761696", "2719675056", "2720374329", "2720771961", "2776545044", "2810728446", "2868869090", "2896136479", "2898305692", "2904778396", "2936657025", "2938888812", "2940092911", "2940449487", "2973269408", "2973567097", "2973832666", "2983326755", "2985275012", "2988663690"], "citation_overall": ["2940449487", "2152105874", "2337965434", "2973567097", "210128352", "2680553063", "2105379507", "2159379315", "2432306452", "2656243858", "2667513800", "2686309053", "2704205717", "2868869090", "2937953264", "2988663690", "2297761130", "2225718489", "2524123854", "2600879503", "2620442887", "2634283880", "2720771961", "2776545044", "2224625012", "2492322658", "2664868293", "2669684501", "2700638897", "2096274721", "2117865911", "2136685235", "2591581342", "1971951173", "2035409341", "2160941656", "2250350172", "2306505289", "2676497818", "2719675056", "2720374329", "2896136479", "2973832666", "2442842702", "2628691338", "2638443605", "2688917184", "2701205441", "2716761696", "2904778396", "2985275012", "2576244611", "2601626281", "2640557156", "2645067759", "2696819493", "2936657025", "2973269408", "2240844134", "2427075076", "2519495880", "2627965478", "2630052021", "2639313506", "2642050155", "2648988607", "2692397704", "2810728446", "2898305692", "2938888812", "2940092911", "2108305591", "2127894939", "2229876014", "2311075735", "2427168057", "2438839754", "2569222595", "2575747909", "2624470351", "2639232724", "2660404366", "2664154245", "2669362974", "2678440743", "2685310882", "2715693489", "2983326755"], "publication_10_years": [], "citation_10_years": [], "publication_5_years": [], "citation_5_years": []}, "industrial_sectors": {"publication_overall": ["electronics", "technology"], "citation_overall": ["electronics", "technology"], "publication_10_years": [], "citation_10_years": [], "publication_5_years": [], "citation_5_years": []}}