{"name": "IEEE International Conference on Microwave Technology & Computational Electromagnetics", "acronym": "MTCE", "type": "conference", "uniqueEntities": {"organizations": {"Beijing Institute of Technology": {"name": "Beijing Institute of Technology", "type": "organization", "organization_type": "Education", "h_index": 76, "h5_index": 53, "num_publications": 14, "num_citations": 30, "num_publications_5y": 0, "num_citations_5y": 20, "num_publications_10y": 14, "num_citations_10y": 30, "publications_years": {"2011": 4, "2013": 10}, "citations_years": {"2012": 5, "2013": 5, "2014": 3, "2015": 9, "2016": 3, "2017": 2, "2018": 3}, "old_citations": {"2011": 18, "2013": 12}, "isVisible": false}, "Xidian University": {"name": "Xidian University", "type": "organization", "organization_type": "Education", "h_index": 105, "h5_index": 62, "num_publications": 4, "num_citations": 1, "num_publications_5y": 0, "num_citations_5y": 1, "num_publications_10y": 4, "num_citations_10y": 1, "publications_years": {"2011": 3, "2013": 1}, "citations_years": {"2014": 1}, "old_citations": {"2011": 1, "2013": 0}, "isVisible": false}, "University of Electronic Science and Technology of China": {"name": "University of Electronic Science and Technology of China", "type": "organization", "organization_type": "Education", "h_index": 89, "h5_index": 70, "num_publications": 2, "num_citations": 10, "num_publications_5y": 0, "num_citations_5y": 6, "num_publications_10y": 2, "num_citations_10y": 7, "publications_years": {"2011": 2}, "citations_years": {"2015": 2, "2016": 1, "2017": 1, "2012": 1, "2013": 0, "2014": 0, "2018": 2, "2019": 3}, "old_citations": {"2011": 10}, "isVisible": false}, "Bauman Moscow State Technical University": {"name": "Bauman Moscow State Technical University", "type": "organization", "organization_type": "Education", "h_index": 9, "h5_index": 8, "num_publications": 1, "num_citations": 2, "num_publications_5y": 0, "num_citations_5y": 1, "num_publications_10y": 1, "num_citations_10y": 1, "publications_years": {"2013": 1}, "citations_years": {"2017": 1, "2018": 0, "2019": 0, "2020": 1}, "old_citations": {"2013": 2}, "isVisible": false}, "Beihang University": {"name": "Beihang University", "type": "organization", "organization_type": "Education", "h_index": 90, "h5_index": 58, "num_publications": 1, "num_citations": 3, "num_publications_5y": 0, "num_citations_5y": 3, "num_publications_10y": 1, "num_citations_10y": 3, "publications_years": {"2013": 1}, "citations_years": {"2017": 3}, "old_citations": {"2013": 3}, "isVisible": false}, "Beijing University of Technology": {"name": "Beijing University of Technology", "type": "organization", "organization_type": "Education", "h_index": 47, "h5_index": 28, "num_publications": 1, "num_citations": 0, "num_publications_5y": 0, "num_citations_5y": 0, "num_publications_10y": 1, "num_citations_10y": 0, "publications_years": {"2011": 1}, "citations_years": {}, "old_citations": {"2011": 0}, "isVisible": false}, "Harbin Institute of Technology": {"name": "Harbin Institute of Technology", "type": "organization", "organization_type": "Education", "h_index": 112, "h5_index": 64, "num_publications": 1, "num_citations": 12, "num_publications_5y": 0, "num_citations_5y": 12, "num_publications_10y": 1, "num_citations_10y": 12, "publications_years": {"2011": 1}, "citations_years": {"2015": 1, "2016": 4, "2017": 6, "2018": 1}, "old_citations": {"2011": 12}, "isVisible": false}, "Motorola (South Korea)": {"name": "Motorola (South Korea)", "type": "organization", "organization_type": "Company", "h_index": 36, "h5_index": 9, "num_publications": 1, "num_citations": 0, "num_publications_5y": 0, "num_citations_5y": 0, "num_publications_10y": 1, "num_citations_10y": 0, "publications_years": {"2013": 1}, "citations_years": {}, "old_citations": {"2013": 0}, "isVisible": false}, "Nanjing University": {"name": "Nanjing University", "type": "organization", "organization_type": "Education", "h_index": 115, "h5_index": 51, "num_publications": 1, "num_citations": 0, "num_publications_5y": 0, "num_citations_5y": 0, "num_publications_10y": 1, "num_citations_10y": 0, "publications_years": {"2011": 1}, "citations_years": {}, "old_citations": {"2011": 0}, "isVisible": false}, "Pennsylvania State University": {"name": "Pennsylvania State University", "type": "organization", "organization_type": "Education", "h_index": 194, "h5_index": 50, "num_publications": 1, "num_citations": 1, "num_publications_5y": 0, "num_citations_5y": 1, "num_publications_10y": 1, "num_citations_10y": 1, "publications_years": {"2011": 1}, "citations_years": {"2015": 1}, "old_citations": {"2011": 1}, "isVisible": false}, "Queen Mary University of London": {"name": "Queen Mary University of London", "type": "organization", "organization_type": "Education", "h_index": 131, "h5_index": 53, "num_publications": 1, "num_citations": 1, "num_publications_5y": 0, "num_citations_5y": 0, "num_publications_10y": 1, "num_citations_10y": 1, "publications_years": {"2011": 1}, "citations_years": {"2013": 1}, "old_citations": {"2011": 1}, "isVisible": false}, "Southwest Jiaotong University": {"name": "Southwest Jiaotong University", "type": "organization", "organization_type": "Education", "h_index": 62, "h5_index": 40, "num_publications": 1, "num_citations": 0, "num_publications_5y": 0, "num_citations_5y": 0, "num_publications_10y": 1, "num_citations_10y": 0, "publications_years": {"2013": 1}, "citations_years": {}, "old_citations": {"2013": 0}, "isVisible": false}, "Tianjin University of Technology and Education": {"name": "Tianjin University of Technology and Education", "type": "organization", "organization_type": "Education", "h_index": 16, "h5_index": 9, "num_publications": 1, "num_citations": 0, "num_publications_5y": 0, "num_citations_5y": 0, "num_publications_10y": 1, "num_citations_10y": 0, "publications_years": {"2011": 1}, "citations_years": {}, "old_citations": {"2011": 0}, "isVisible": false}}, "topics": {"computer science": {"name": "computer science", "type": "topic", "h_index": 1779, "h5_index": 416, "num_publications": 32, "num_citations": 63, "num_publications_5y": 0, "num_citations_5y": 45, "num_publications_10y": 32, "num_citations_10y": 59, "publications_years": {"2011": 18, "2013": 14}, "citations_years": {"2015": 14, "2016": 8, "2017": 13, "2018": 6, "2012": 7, "2013": 7, "2014": 4, "2019": 3, "2020": 1}, "old_citations": {"2011": 46, "2013": 17}, "isVisible": false}, "computer systems": {"name": "computer systems", "type": "topic", "h_index": 1595, "h5_index": 367, "num_publications": 31, "num_citations": 63, "num_publications_5y": 0, "num_citations_5y": 45, "num_publications_10y": 31, "num_citations_10y": 59, "publications_years": {"2011": 18, "2013": 13}, "citations_years": {"2015": 14, "2016": 8, "2017": 13, "2018": 6, "2012": 7, "2013": 7, "2014": 4, "2019": 3, "2020": 1}, "old_citations": {"2011": 46, "2013": 17}, "isVisible": false}, "communication systems": {"name": "communication systems", "type": "topic", "h_index": 1092, "h5_index": 254, "num_publications": 28, "num_citations": 46, "num_publications_5y": 0, "num_citations_5y": 35, "num_publications_10y": 28, "num_citations_10y": 42, "publications_years": {"2011": 17, "2013": 11}, "citations_years": {"2015": 10, "2016": 5, "2017": 11, "2018": 6, "2012": 2, "2013": 5, "2014": 3, "2019": 3, "2020": 1}, "old_citations": {"2011": 33, "2013": 13}, "isVisible": false}, "computer networks": {"name": "computer networks", "type": "topic", "h_index": 1262, "h5_index": 332, "num_publications": 28, "num_citations": 46, "num_publications_5y": 0, "num_citations_5y": 35, "num_publications_10y": 28, "num_citations_10y": 42, "publications_years": {"2011": 17, "2013": 11}, "citations_years": {"2015": 10, "2016": 5, "2017": 11, "2018": 6, "2012": 2, "2013": 5, "2014": 3, "2019": 3, "2020": 1}, "old_citations": {"2011": 33, "2013": 13}, "isVisible": false}, "engineering": {"name": "engineering", "type": "topic", "h_index": 1177, "h5_index": 287, "num_publications": 28, "num_citations": 59, "num_publications_5y": 0, "num_citations_5y": 41, "num_publications_10y": 28, "num_citations_10y": 55, "publications_years": {"2011": 18, "2013": 10}, "citations_years": {"2015": 12, "2016": 7, "2017": 12, "2018": 6, "2012": 7, "2013": 7, "2014": 4, "2019": 3, "2020": 1}, "old_citations": {"2011": 46, "2013": 13}, "isVisible": false}, "telecommunication systems": {"name": "telecommunication systems", "type": "topic", "h_index": 1187, "h5_index": 277, "num_publications": 28, "num_citations": 46, "num_publications_5y": 0, "num_citations_5y": 35, "num_publications_10y": 28, "num_citations_10y": 42, "publications_years": {"2011": 17, "2013": 11}, "citations_years": {"2015": 10, "2016": 5, "2017": 11, "2018": 6, "2012": 2, "2013": 5, "2014": 3, "2019": 3, "2020": 1}, "old_citations": {"2011": 33, "2013": 13}, "isVisible": false}, "wireless telecommunication systems": {"name": "wireless telecommunication systems", "type": "topic", "h_index": 1087, "h5_index": 254, "num_publications": 28, "num_citations": 46, "num_publications_5y": 0, "num_citations_5y": 35, "num_publications_10y": 28, "num_citations_10y": 42, "publications_years": {"2011": 17, "2013": 11}, "citations_years": {"2015": 10, "2016": 5, "2017": 11, "2018": 6, "2012": 2, "2013": 5, "2014": 3, "2019": 3, "2020": 1}, "old_citations": {"2011": 33, "2013": 13}, "isVisible": false}, "mathematics": {"name": "mathematics", "type": "topic", "h_index": 1364, "h5_index": 300, "num_publications": 26, "num_citations": 51, "num_publications_5y": 0, "num_citations_5y": 37, "num_publications_10y": 26, "num_citations_10y": 50, "publications_years": {"2011": 15, "2013": 11}, "citations_years": {"2015": 12, "2016": 6, "2017": 12, "2018": 4, "2012": 6, "2013": 7, "2014": 3, "2019": 0, "2020": 1}, "old_citations": {"2011": 38, "2013": 13}, "isVisible": false}, "signal processing": {"name": "signal processing", "type": "topic", "h_index": 1012, "h5_index": 255, "num_publications": 26, "num_citations": 59, "num_publications_5y": 0, "num_citations_5y": 41, "num_publications_10y": 26, "num_citations_10y": 55, "publications_years": {"2011": 17, "2013": 9}, "citations_years": {"2015": 12, "2016": 7, "2017": 12, "2018": 6, "2012": 7, "2013": 7, "2014": 4, "2019": 3, "2020": 1}, "old_citations": {"2011": 46, "2013": 13}, "isVisible": false}, "antennas": {"name": "antennas", "type": "topic", "h_index": 645, "h5_index": 152, "num_publications": 24, "num_citations": 46, "num_publications_5y": 0, "num_citations_5y": 35, "num_publications_10y": 24, "num_citations_10y": 42, "publications_years": {"2011": 16, "2013": 8}, "citations_years": {"2015": 10, "2016": 5, "2017": 11, "2018": 6, "2012": 2, "2013": 5, "2014": 3, "2019": 3, "2020": 1}, "old_citations": {"2011": 33, "2013": 13}, "isVisible": false}, "computer hardware": {"name": "computer hardware", "type": "topic", "h_index": 1150, "h5_index": 279, "num_publications": 22, "num_citations": 46, "num_publications_5y": 0, "num_citations_5y": 29, "num_publications_10y": 22, "num_citations_10y": 43, "publications_years": {"2011": 13, "2013": 9}, "citations_years": {"2015": 6, "2016": 8, "2017": 8, "2018": 4, "2012": 7, "2013": 7, "2014": 3, "2019": 3}, "old_citations": {"2011": 41, "2013": 5}, "isVisible": false}, "communication channels (information theory)": {"name": "communication channels (information theory)", "type": "topic", "h_index": 925, "h5_index": 216, "num_publications": 21, "num_citations": 37, "num_publications_5y": 0, "num_citations_5y": 30, "num_publications_10y": 21, "num_citations_10y": 36, "publications_years": {"2011": 12, "2013": 9}, "citations_years": {"2015": 8, "2016": 4, "2017": 11, "2018": 4, "2012": 1, "2013": 5, "2014": 3, "2019": 0, "2020": 1}, "old_citations": {"2011": 24, "2013": 13}, "isVisible": false}, "signal to noise ratio": {"name": "signal to noise ratio", "type": "topic", "h_index": 821, "h5_index": 194, "num_publications": 18, "num_citations": 36, "num_publications_5y": 0, "num_citations_5y": 29, "num_publications_10y": 18, "num_citations_10y": 35, "publications_years": {"2011": 10, "2013": 8}, "citations_years": {"2015": 8, "2016": 4, "2017": 11, "2018": 4, "2012": 1, "2013": 5, "2014": 2, "2019": 0, "2020": 1}, "old_citations": {"2011": 23, "2013": 13}, "isVisible": false}, "bandwidth": {"name": "bandwidth", "type": "topic", "h_index": 922, "h5_index": 201, "num_publications": 16, "num_citations": 41, "num_publications_5y": 0, "num_citations_5y": 30, "num_publications_10y": 16, "num_citations_10y": 37, "publications_years": {"2011": 10, "2013": 6}, "citations_years": {"2015": 8, "2016": 5, "2017": 11, "2018": 5, "2012": 2, "2013": 5, "2014": 1, "2019": 3, "2020": 1}, "old_citations": {"2011": 29, "2013": 12}, "isVisible": false}, "matrix algebra": {"name": "matrix algebra", "type": "topic", "h_index": 771, "h5_index": 183, "num_publications": 15, "num_citations": 33, "num_publications_5y": 0, "num_citations_5y": 27, "num_publications_10y": 15, "num_citations_10y": 33, "publications_years": {"2011": 10, "2013": 5}, "citations_years": {"2015": 8, "2016": 4, "2017": 10, "2018": 3, "2012": 1, "2013": 5, "2014": 2}, "old_citations": {"2011": 23, "2013": 10}, "isVisible": false}, "antenna arrays": {"name": "antenna arrays", "type": "topic", "h_index": 373, "h5_index": 89, "num_publications": 14, "num_citations": 33, "num_publications_5y": 0, "num_citations_5y": 27, "num_publications_10y": 14, "num_citations_10y": 33, "publications_years": {"2011": 9, "2013": 5}, "citations_years": {"2015": 8, "2016": 4, "2017": 10, "2018": 3, "2012": 1, "2013": 5, "2014": 2}, "old_citations": {"2011": 23, "2013": 10}, "isVisible": false}, "telecommunication networks": {"name": "telecommunication networks", "type": "topic", "h_index": 1116, "h5_index": 258, "num_publications": 14, "num_citations": 34, "num_publications_5y": 0, "num_citations_5y": 28, "num_publications_10y": 14, "num_citations_10y": 33, "publications_years": {"2011": 8, "2013": 6}, "citations_years": {"2015": 8, "2016": 4, "2017": 11, "2018": 3, "2012": 1, "2013": 4, "2014": 2, "2019": 0, "2020": 1}, "old_citations": {"2011": 22, "2013": 12}, "isVisible": false}, "telecommunication traffic": {"name": "telecommunication traffic", "type": "topic", "h_index": 1036, "h5_index": 233, "num_publications": 14, "num_citations": 34, "num_publications_5y": 0, "num_citations_5y": 28, "num_publications_10y": 14, "num_citations_10y": 33, "publications_years": {"2011": 8, "2013": 6}, "citations_years": {"2015": 8, "2016": 4, "2017": 11, "2018": 3, "2012": 1, "2013": 4, "2014": 2, "2019": 0, "2020": 1}, "old_citations": {"2011": 22, "2013": 12}, "isVisible": false}, "probability": {"name": "probability", "type": "topic", "h_index": 918, "h5_index": 211, "num_publications": 13, "num_citations": 31, "num_publications_5y": 0, "num_citations_5y": 25, "num_publications_10y": 13, "num_citations_10y": 30, "publications_years": {"2011": 6, "2013": 7}, "citations_years": {"2015": 6, "2016": 4, "2017": 10, "2018": 4, "2012": 1, "2013": 4, "2014": 1, "2019": 0, "2020": 1}, "old_citations": {"2011": 18, "2013": 13}, "isVisible": false}, "signal detection": {"name": "signal detection", "type": "topic", "h_index": 720, "h5_index": 185, "num_publications": 13, "num_citations": 31, "num_publications_5y": 0, "num_citations_5y": 25, "num_publications_10y": 13, "num_citations_10y": 30, "publications_years": {"2011": 5, "2013": 8}, "citations_years": {"2015": 6, "2016": 4, "2017": 10, "2018": 4, "2012": 1, "2013": 4, "2014": 1, "2019": 0, "2020": 1}, "old_citations": {"2011": 18, "2013": 13}, "isVisible": false}, "directional patterns (antenna)": {"name": "directional patterns (antenna)", "type": "topic", "h_index": 259, "h5_index": 75, "num_publications": 12, "num_citations": 32, "num_publications_5y": 0, "num_citations_5y": 26, "num_publications_10y": 12, "num_citations_10y": 32, "publications_years": {"2011": 8, "2013": 4}, "citations_years": {"2015": 8, "2016": 4, "2017": 10, "2018": 3, "2012": 1, "2013": 5, "2014": 1}, "old_citations": {"2011": 22, "2013": 10}, "isVisible": false}, "bit error rate": {"name": "bit error rate", "type": "topic", "h_index": 619, "h5_index": 143, "num_publications": 12, "num_citations": 31, "num_publications_5y": 0, "num_citations_5y": 25, "num_publications_10y": 12, "num_citations_10y": 30, "publications_years": {"2011": 5, "2013": 7}, "citations_years": {"2015": 6, "2016": 4, "2017": 10, "2018": 4, "2012": 1, "2013": 4, "2014": 1, "2019": 0, "2020": 1}, "old_citations": {"2011": 18, "2013": 13}, "isVisible": false}}, "authors": {"2126032803": {"name": "zhensen wu", "type": "author", "activity": 11, "h_index": 2, "h5_index": 1, "mag_id": "2126032803", "num_publications": 2, "num_citations": 0, "num_publications_5y": 0, "num_citations_5y": 0, "num_publications_10y": 2, "num_citations_10y": 0, "publications_years": {"2011": 2}, "citations_years": {}, "old_citations": {"2011": 0}, "isVisible": false}, "2227081584": {"name": "xiaochao liu", "type": "author", "activity": 1, "h_index": 1, "h5_index": 0, "mag_id": "2227081584", "num_publications": 2, "num_citations": 4, "num_publications_5y": 0, "num_citations_5y": 4, "num_publications_10y": 2, "num_citations_10y": 4, "publications_years": {"2013": 2}, "citations_years": {"2015": 2, "2016": 1, "2017": 1}, "old_citations": {"2013": 4}, "isVisible": false}, "2231910981": {"name": "mubing li", "type": "author", "activity": 1, "h_index": 1, "h5_index": 0, "mag_id": "2231910981", "num_publications": 2, "num_citations": 4, "num_publications_5y": 0, "num_citations_5y": 4, "num_publications_10y": 2, "num_citations_10y": 4, "publications_years": {"2013": 2}, "citations_years": {"2015": 2, "2016": 1, "2017": 1}, "old_citations": {"2013": 4}, "isVisible": false}, "2643698024": {"name": "li ke", "type": "author", "activity": 1, "h_index": 2, "h5_index": 0, "mag_id": "2643698024", "num_publications": 2, "num_citations": 10, "num_publications_5y": 0, "num_citations_5y": 6, "num_publications_10y": 2, "num_citations_10y": 7, "publications_years": {"2011": 2}, "citations_years": {"2015": 2, "2016": 1, "2017": 1, "2012": 1, "2013": 0, "2014": 0, "2018": 2, "2019": 3}, "old_citations": {"2011": 10}, "isVisible": false}, "2670626033": {"name": "guoman liu", "type": "author", "activity": 1, "h_index": 1, "h5_index": 0, "mag_id": "2670626033", "num_publications": 2, "num_citations": 4, "num_publications_5y": 0, "num_citations_5y": 4, "num_publications_10y": 2, "num_citations_10y": 4, "publications_years": {"2013": 2}, "citations_years": {"2015": 2, "2016": 1, "2017": 1}, "old_citations": {"2013": 4}, "isVisible": false}, "335560561": {"name": "wang xuetian", "type": "author", "activity": 14, "h_index": 1, "h5_index": 1, "mag_id": "335560561", "num_publications": 1, "num_citations": 4, "num_publications_5y": 0, "num_citations_5y": 1, "num_publications_10y": 1, "num_citations_10y": 4, "publications_years": {"2011": 1}, "citations_years": {"2013": 3, "2014": 1}, "old_citations": {"2011": 4}, "isVisible": false}, "1986937826": {"name": "imran shoaib", "type": "author", "activity": 8, "h_index": 3, "h5_index": 1, "mag_id": "1986937826", "num_publications": 1, "num_citations": 1, "num_publications_5y": 0, "num_citations_5y": 0, "num_publications_10y": 1, "num_citations_10y": 1, "publications_years": {"2011": 1}, "citations_years": {"2013": 1}, "old_citations": {"2011": 1}, "isVisible": false}, "2005383911": {"name": "li weiming", "type": "author", "activity": 7, "h_index": 1, "h5_index": 0, "mag_id": "2005383911", "num_publications": 1, "num_citations": 13, "num_publications_5y": 0, "num_citations_5y": 6, "num_publications_10y": 1, "num_citations_10y": 13, "publications_years": {"2011": 1}, "citations_years": {"2012": 5, "2013": 2, "2014": 1, "2015": 2, "2016": 2, "2017": 1}, "old_citations": {"2011": 13}, "isVisible": false}, "2095602274": {"name": "zhinong ying", "type": "author", "activity": 20, "h_index": 8, "h5_index": 3, "mag_id": "2095602274", "num_publications": 1, "num_citations": 1, "num_publications_5y": 0, "num_citations_5y": 0, "num_publications_10y": 1, "num_citations_10y": 1, "publications_years": {"2011": 1}, "citations_years": {"2013": 1}, "old_citations": {"2011": 1}, "isVisible": false}, "2101872198": {"name": "wenlong xu", "type": "author", "activity": 1, "h_index": 0, "h5_index": 0, "mag_id": "2101872198", "num_publications": 1, "num_citations": 0, "num_publications_5y": 0, "num_citations_5y": 0, "num_publications_10y": 1, "num_citations_10y": 0, "publications_years": {"2013": 1}, "citations_years": {}, "old_citations": {"2013": 0}, "isVisible": false}, "2114539078": {"name": "naichang yuan", "type": "author", "activity": 9, "h_index": 4, "h5_index": 3, "mag_id": "2114539078", "num_publications": 1, "num_citations": 1, "num_publications_5y": 0, "num_citations_5y": 1, "num_publications_10y": 1, "num_citations_10y": 1, "publications_years": {"2011": 1}, "citations_years": {"2015": 1}, "old_citations": {"2011": 1}, "isVisible": false}, "2123267210": {"name": "mang he", "type": "author", "activity": 6, "h_index": 1, "h5_index": 0, "mag_id": "2123267210", "num_publications": 1, "num_citations": 0, "num_publications_5y": 0, "num_citations_5y": 0, "num_publications_10y": 1, "num_citations_10y": 0, "publications_years": {"2013": 1}, "citations_years": {}, "old_citations": {"2013": 0}, "isVisible": false}, "2129292764": {"name": "zhongbo zhang", "type": "author", "activity": 1, "h_index": 1, "h5_index": 0, "mag_id": "2129292764", "num_publications": 1, "num_citations": 1, "num_publications_5y": 0, "num_citations_5y": 1, "num_publications_10y": 1, "num_citations_10y": 1, "publications_years": {"2011": 1}, "citations_years": {"2014": 1}, "old_citations": {"2011": 1}, "isVisible": false}, "2131276022": {"name": "weiye li", "type": "author", "activity": 1, "h_index": 0, "h5_index": 0, "mag_id": "2131276022", "num_publications": 1, "num_citations": 0, "num_publications_5y": 0, "num_citations_5y": 0, "num_publications_10y": 1, "num_citations_10y": 0, "publications_years": {"2013": 1}, "citations_years": {}, "old_citations": {"2013": 0}, "isVisible": false}, "2133108683": {"name": "weidong hu", "type": "author", "activity": 12, "h_index": 1, "h5_index": 0, "mag_id": "2133108683", "num_publications": 1, "num_citations": 0, "num_publications_5y": 0, "num_citations_5y": 0, "num_publications_10y": 1, "num_citations_10y": 0, "publications_years": {"2013": 1}, "citations_years": {}, "old_citations": {"2013": 0}, "isVisible": false}, "2142472119": {"name": "jia cao", "type": "author", "activity": 1, "h_index": 0, "h5_index": 0, "mag_id": "2142472119", "num_publications": 1, "num_citations": 0, "num_publications_5y": 0, "num_citations_5y": 0, "num_publications_10y": 1, "num_citations_10y": 0, "publications_years": {"2013": 1}, "citations_years": {}, "old_citations": {"2013": 0}, "isVisible": false}, "2143986361": {"name": "lixin guo", "type": "author", "activity": 10, "h_index": 3, "h5_index": 2, "mag_id": "2143986361", "num_publications": 1, "num_citations": 1, "num_publications_5y": 0, "num_citations_5y": 1, "num_publications_10y": 1, "num_citations_10y": 1, "publications_years": {"2011": 1}, "citations_years": {"2014": 1}, "old_citations": {"2011": 1}, "isVisible": false}, "2145212617": {"name": "xin lv", "type": "author", "activity": 15, "h_index": 3, "h5_index": 2, "mag_id": "2145212617", "num_publications": 1, "num_citations": 0, "num_publications_5y": 0, "num_citations_5y": 0, "num_publications_10y": 1, "num_citations_10y": 0, "publications_years": {"2013": 1}, "citations_years": {}, "old_citations": {"2013": 0}, "isVisible": false}, "2147128478": {"name": "houjun sun", "type": "author", "activity": 16, "h_index": 2, "h5_index": 1, "mag_id": "2147128478", "num_publications": 1, "num_citations": 1, "num_publications_5y": 0, "num_citations_5y": 1, "num_publications_10y": 1, "num_citations_10y": 1, "publications_years": {"2011": 1}, "citations_years": {"2014": 1}, "old_citations": {"2011": 1}, "isVisible": false}, "2149534765": {"name": "xiaobing wang", "type": "author", "activity": 2, "h_index": 0, "h5_index": 0, "mag_id": "2149534765", "num_publications": 1, "num_citations": 0, "num_publications_5y": 0, "num_citations_5y": 0, "num_publications_10y": 1, "num_citations_10y": 0, "publications_years": {"2011": 1}, "citations_years": {}, "old_citations": {"2011": 0}, "isVisible": false}, "2150047529": {"name": "weiming li", "type": "author", "activity": 9, "h_index": 1, "h5_index": 1, "mag_id": "2150047529", "num_publications": 1, "num_citations": 0, "num_publications_5y": 0, "num_citations_5y": 0, "num_publications_10y": 1, "num_citations_10y": 0, "publications_years": {"2013": 1}, "citations_years": {}, "old_citations": {"2013": 0}, "isVisible": false}, "2150528382": {"name": "wu ren", "type": "author", "activity": 9, "h_index": 1, "h5_index": 1, "mag_id": "2150528382", "num_publications": 1, "num_citations": 0, "num_publications_5y": 0, "num_citations_5y": 0, "num_publications_10y": 1, "num_citations_10y": 0, "publications_years": {"2013": 1}, "citations_years": {}, "old_citations": {"2013": 0}, "isVisible": false}, "2152507568": {"name": "bailing ren", "type": "author", "activity": 1, "h_index": 1, "h5_index": 0, "mag_id": "2152507568", "num_publications": 1, "num_citations": 1, "num_publications_5y": 0, "num_citations_5y": 1, "num_publications_10y": 1, "num_citations_10y": 1, "publications_years": {"2011": 1}, "citations_years": {"2014": 1}, "old_citations": {"2011": 1}, "isVisible": false}, "2158549264": {"name": "tuo li", "type": "author", "activity": 1, "h_index": 0, "h5_index": 0, "mag_id": "2158549264", "num_publications": 1, "num_citations": 0, "num_publications_5y": 0, "num_citations_5y": 0, "num_publications_10y": 1, "num_citations_10y": 0, "publications_years": {"2011": 1}, "citations_years": {}, "old_citations": {"2011": 0}, "isVisible": false}, "2168116777": {"name": "ren wu", "type": "author", "activity": 7, "h_index": 1, "h5_index": 0, "mag_id": "2168116777", "num_publications": 1, "num_citations": 13, "num_publications_5y": 0, "num_citations_5y": 6, "num_publications_10y": 1, "num_citations_10y": 13, "publications_years": {"2011": 1}, "citations_years": {"2012": 5, "2013": 2, "2014": 1, "2015": 2, "2016": 2, "2017": 1}, "old_citations": {"2011": 13}, "isVisible": false}, "2224498931": {"name": "longbo han", "type": "author", "activity": 1, "h_index": 1, "h5_index": 0, "mag_id": "2224498931", "num_publications": 1, "num_citations": 1, "num_publications_5y": 0, "num_citations_5y": 1, "num_publications_10y": 1, "num_citations_10y": 1, "publications_years": {"2013": 1}, "citations_years": {"2018": 1}, "old_citations": {"2013": 1}, "isVisible": false}, "2224599972": {"name": "toyobur rahman", "type": "author", "activity": 1, "h_index": 1, "h5_index": 0, "mag_id": "2224599972", "num_publications": 1, "num_citations": 3, "num_publications_5y": 0, "num_citations_5y": 3, "num_publications_10y": 1, "num_citations_10y": 3, "publications_years": {"2013": 1}, "citations_years": {"2017": 3}, "old_citations": {"2013": 3}, "isVisible": false}, "2225560413": {"name": "mei xiaohan", "type": "author", "activity": 1, "h_index": 2, "h5_index": 0, "mag_id": "2225560413", "num_publications": 1, "num_citations": 3, "num_publications_5y": 0, "num_citations_5y": 3, "num_publications_10y": 1, "num_citations_10y": 3, "publications_years": {"2011": 1}, "citations_years": {"2015": 2, "2016": 0, "2017": 1}, "old_citations": {"2011": 3}, "isVisible": false}, "2226709780": {"name": "jinxia chen", "type": "author", "activity": 1, "h_index": 0, "h5_index": 0, "mag_id": "2226709780", "num_publications": 1, "num_citations": 0, "num_publications_5y": 0, "num_citations_5y": 0, "num_publications_10y": 1, "num_citations_10y": 0, "publications_years": {"2013": 1}, "citations_years": {}, "old_citations": {"2013": 0}, "isVisible": false}, "2226941727": {"name": "zanqin jiang", "type": "author", "activity": 1, "h_index": 0, "h5_index": 0, "mag_id": "2226941727", "num_publications": 1, "num_citations": 0, "num_publications_5y": 0, "num_citations_5y": 0, "num_publications_10y": 1, "num_citations_10y": 0, "publications_years": {"2011": 1}, "citations_years": {}, "old_citations": {"2011": 0}, "isVisible": false}, "2227574489": {"name": "guohua yang", "type": "author", "activity": 1, "h_index": 0, "h5_index": 0, "mag_id": "2227574489", "num_publications": 1, "num_citations": 0, "num_publications_5y": 0, "num_citations_5y": 0, "num_publications_10y": 1, "num_citations_10y": 0, "publications_years": {"2011": 1}, "citations_years": {}, "old_citations": {"2011": 0}, "isVisible": false}, "2228229733": {"name": "ntawangaheza jean de dieu", "type": "author", "activity": 1, "h_index": 1, "h5_index": 0, "mag_id": "2228229733", "num_publications": 1, "num_citations": 6, "num_publications_5y": 0, "num_citations_5y": 6, "num_publications_10y": 1, "num_citations_10y": 6, "publications_years": {"2013": 1}, "citations_years": {"2015": 4, "2016": 0, "2017": 0, "2018": 2}, "old_citations": {"2013": 6}, "isVisible": false}, "2228640681": {"name": "guanglai ge", "type": "author", "activity": 1, "h_index": 1, "h5_index": 0, "mag_id": "2228640681", "num_publications": 1, "num_citations": 1, "num_publications_5y": 0, "num_citations_5y": 1, "num_publications_10y": 1, "num_citations_10y": 1, "publications_years": {"2013": 1}, "citations_years": {"2015": 1}, "old_citations": {"2013": 1}, "isVisible": false}, "2228696959": {"name": "yan zhaowen", "type": "author", "activity": 4, "h_index": 2, "h5_index": 0, "mag_id": "2228696959", "num_publications": 1, "num_citations": 3, "num_publications_5y": 0, "num_citations_5y": 3, "num_publications_10y": 1, "num_citations_10y": 3, "publications_years": {"2013": 1}, "citations_years": {"2017": 3}, "old_citations": {"2013": 3}, "isVisible": false}, "2228899703": {"name": "wang wenping", "type": "author", "activity": 1, "h_index": 2, "h5_index": 0, "mag_id": "2228899703", "num_publications": 1, "num_citations": 3, "num_publications_5y": 0, "num_citations_5y": 3, "num_publications_10y": 1, "num_citations_10y": 3, "publications_years": {"2011": 1}, "citations_years": {"2015": 2, "2016": 0, "2017": 1}, "old_citations": {"2011": 3}, "isVisible": false}, "2231734571": {"name": "du lihang", "type": "author", "activity": 1, "h_index": 0, "h5_index": 0, "mag_id": "2231734571", "num_publications": 1, "num_citations": 0, "num_publications_5y": 0, "num_citations_5y": 0, "num_publications_10y": 1, "num_citations_10y": 0, "publications_years": {"2011": 1}, "citations_years": {}, "old_citations": {"2011": 0}, "isVisible": false}, "2232104711": {"name": "sheng xinqing", "type": "author", "activity": 13, "h_index": 1, "h5_index": 0, "mag_id": "2232104711", "num_publications": 1, "num_citations": 13, "num_publications_5y": 0, "num_citations_5y": 6, "num_publications_10y": 1, "num_citations_10y": 13, "publications_years": {"2011": 1}, "citations_years": {"2012": 5, "2013": 2, "2014": 1, "2015": 2, "2016": 2, "2017": 1}, "old_citations": {"2011": 13}, "isVisible": false}, "2232371399": {"name": "hacene youcef", "type": "author", "activity": 1, "h_index": 1, "h5_index": 0, "mag_id": "2232371399", "num_publications": 1, "num_citations": 3, "num_publications_5y": 0, "num_citations_5y": 3, "num_publications_10y": 1, "num_citations_10y": 3, "publications_years": {"2013": 1}, "citations_years": {"2017": 3}, "old_citations": {"2013": 3}, "isVisible": false}, "2242128438": {"name": "xu su", "type": "author", "activity": 1, "h_index": 1, "h5_index": 0, "mag_id": "2242128438", "num_publications": 1, "num_citations": 1, "num_publications_5y": 0, "num_citations_5y": 1, "num_publications_10y": 1, "num_citations_10y": 1, "publications_years": {"2013": 1}, "citations_years": {"2018": 1}, "old_citations": {"2013": 1}, "isVisible": false}, "2263183015": {"name": "wenbin lin", "type": "author", "activity": 1, "h_index": 1, "h5_index": 0, "mag_id": "2263183015", "num_publications": 1, "num_citations": 0, "num_publications_5y": 0, "num_citations_5y": 0, "num_publications_10y": 1, "num_citations_10y": 0, "publications_years": {"2013": 1}, "citations_years": {}, "old_citations": {"2013": 0}, "isVisible": false}, "2293986846": {"name": "xue zhenghui", "type": "author", "activity": 10, "h_index": 3, "h5_index": 0, "mag_id": "2293986846", "num_publications": 1, "num_citations": 13, "num_publications_5y": 0, "num_citations_5y": 6, "num_publications_10y": 1, "num_citations_10y": 13, "publications_years": {"2011": 1}, "citations_years": {"2012": 5, "2013": 2, "2014": 1, "2015": 2, "2016": 2, "2017": 1}, "old_citations": {"2011": 13}, "isVisible": false}, "2305420995": {"name": "ruixin wu", "type": "author", "activity": 1, "h_index": 0, "h5_index": 0, "mag_id": "2305420995", "num_publications": 1, "num_citations": 0, "num_publications_5y": 0, "num_citations_5y": 0, "num_publications_10y": 1, "num_citations_10y": 0, "publications_years": {"2011": 1}, "citations_years": {}, "old_citations": {"2011": 0}, "isVisible": false}, "2305679781": {"name": "zhang peng", "type": "author", "activity": 9, "h_index": 2, "h5_index": 0, "mag_id": "2305679781", "num_publications": 1, "num_citations": 7, "num_publications_5y": 0, "num_citations_5y": 3, "num_publications_10y": 1, "num_citations_10y": 4, "publications_years": {"2011": 1}, "citations_years": {"2012": 1, "2013": 0, "2014": 0, "2015": 0, "2016": 1, "2017": 0, "2018": 2, "2019": 3}, "old_citations": {"2011": 7}, "isVisible": false}, "2306902606": {"name": "shiyong li", "type": "author", "activity": 15, "h_index": 2, "h5_index": 2, "mag_id": "2306902606", "num_publications": 1, "num_citations": 1, "num_publications_5y": 0, "num_citations_5y": 1, "num_publications_10y": 1, "num_citations_10y": 1, "publications_years": {"2011": 1}, "citations_years": {"2014": 1}, "old_citations": {"2011": 1}, "isVisible": false}, "2307476065": {"name": "jun zhu", "type": "author", "activity": 1, "h_index": 0, "h5_index": 0, "mag_id": "2307476065", "num_publications": 1, "num_citations": 0, "num_publications_5y": 0, "num_citations_5y": 0, "num_publications_10y": 1, "num_citations_10y": 0, "publications_years": {"2011": 1}, "citations_years": {}, "old_citations": {"2011": 0}, "isVisible": false}, "2307520149": {"name": "wu zhang", "type": "author", "activity": 1, "h_index": 0, "h5_index": 0, "mag_id": "2307520149", "num_publications": 1, "num_citations": 0, "num_publications_5y": 0, "num_citations_5y": 0, "num_publications_10y": 1, "num_citations_10y": 0, "publications_years": {"2013": 1}, "citations_years": {}, "old_citations": {"2013": 0}, "isVisible": false}, "2307607623": {"name": "hui han", "type": "author", "activity": 1, "h_index": 0, "h5_index": 0, "mag_id": "2307607623", "num_publications": 1, "num_citations": 0, "num_publications_5y": 0, "num_citations_5y": 0, "num_publications_10y": 1, "num_citations_10y": 0, "publications_years": {"2013": 1}, "citations_years": {}, "old_citations": {"2013": 0}, "isVisible": false}, "2307998094": {"name": "lili wu", "type": "author", "activity": 1, "h_index": 0, "h5_index": 0, "mag_id": "2307998094", "num_publications": 1, "num_citations": 0, "num_publications_5y": 0, "num_citations_5y": 0, "num_publications_10y": 1, "num_citations_10y": 0, "publications_years": {"2013": 1}, "citations_years": {}, "old_citations": {"2013": 0}, "isVisible": false}, "2309940838": {"name": "bin pei", "type": "author", "activity": 1, "h_index": 0, "h5_index": 0, "mag_id": "2309940838", "num_publications": 1, "num_citations": 0, "num_publications_5y": 0, "num_citations_5y": 0, "num_publications_10y": 1, "num_citations_10y": 0, "publications_years": {"2013": 1}, "citations_years": {}, "old_citations": {"2013": 0}, "isVisible": false}, "2311949570": {"name": "jie fang", "type": "author", "activity": 1, "h_index": 1, "h5_index": 0, "mag_id": "2311949570", "num_publications": 1, "num_citations": 1, "num_publications_5y": 0, "num_citations_5y": 1, "num_publications_10y": 1, "num_citations_10y": 1, "publications_years": {"2013": 1}, "citations_years": {"2015": 1}, "old_citations": {"2013": 1}, "isVisible": false}, "2390338202": {"name": "hongran wang", "type": "author", "activity": 1, "h_index": 0, "h5_index": 0, "mag_id": "2390338202", "num_publications": 1, "num_citations": 0, "num_publications_5y": 0, "num_citations_5y": 0, "num_publications_10y": 1, "num_citations_10y": 0, "publications_years": {"2013": 1}, "citations_years": {}, "old_citations": {"2013": 0}, "isVisible": false}, "2398830826": {"name": "yue li", "type": "author", "activity": 1, "h_index": 1, "h5_index": 0, "mag_id": "2398830826", "num_publications": 1, "num_citations": 1, "num_publications_5y": 0, "num_citations_5y": 0, "num_publications_10y": 1, "num_citations_10y": 1, "publications_years": {"2011": 1}, "citations_years": {"2013": 1}, "old_citations": {"2011": 1}, "isVisible": false}, "2427024616": {"name": "xiang yu", "type": "author", "activity": 1, "h_index": 0, "h5_index": 0, "mag_id": "2427024616", "num_publications": 1, "num_citations": 0, "num_publications_5y": 0, "num_citations_5y": 0, "num_publications_10y": 1, "num_citations_10y": 0, "publications_years": {"2011": 1}, "citations_years": {}, "old_citations": {"2011": 0}, "isVisible": false}, "2428063577": {"name": "yu sun", "type": "author", "activity": 1, "h_index": 0, "h5_index": 0, "mag_id": "2428063577", "num_publications": 1, "num_citations": 0, "num_publications_5y": 0, "num_citations_5y": 0, "num_publications_10y": 1, "num_citations_10y": 0, "publications_years": {"2013": 1}, "citations_years": {}, "old_citations": {"2013": 0}, "isVisible": false}, "2428392120": {"name": "ke sun", "type": "author", "activity": 1, "h_index": 0, "h5_index": 0, "mag_id": "2428392120", "num_publications": 1, "num_citations": 0, "num_publications_5y": 0, "num_citations_5y": 0, "num_publications_10y": 1, "num_citations_10y": 0, "publications_years": {"2011": 1}, "citations_years": {}, "old_citations": {"2011": 0}, "isVisible": false}, "2428505521": {"name": "zhao lei", "type": "author", "activity": 1, "h_index": 2, "h5_index": 0, "mag_id": "2428505521", "num_publications": 1, "num_citations": 3, "num_publications_5y": 0, "num_citations_5y": 3, "num_publications_10y": 1, "num_citations_10y": 3, "publications_years": {"2011": 1}, "citations_years": {"2015": 2, "2016": 0, "2017": 1}, "old_citations": {"2011": 3}, "isVisible": false}, "2431773106": {"name": "wang wen", "type": "author", "activity": 1, "h_index": 1, "h5_index": 0, "mag_id": "2431773106", "num_publications": 1, "num_citations": 4, "num_publications_5y": 0, "num_citations_5y": 1, "num_publications_10y": 1, "num_citations_10y": 4, "publications_years": {"2011": 1}, "citations_years": {"2013": 3, "2014": 1}, "old_citations": {"2011": 4}, "isVisible": false}, "2440545679": {"name": "fei he", "type": "author", "activity": 1, "h_index": 0, "h5_index": 0, "mag_id": "2440545679", "num_publications": 1, "num_citations": 0, "num_publications_5y": 0, "num_citations_5y": 0, "num_publications_10y": 1, "num_citations_10y": 0, "publications_years": {"2011": 1}, "citations_years": {}, "old_citations": {"2011": 0}, "isVisible": false}, "2440839459": {"name": "s l chernyshev", "type": "author", "activity": 1, "h_index": 1, "h5_index": 0, "mag_id": "2440839459", "num_publications": 1, "num_citations": 2, "num_publications_5y": 0, "num_citations_5y": 1, "num_publications_10y": 1, "num_citations_10y": 1, "publications_years": {"2013": 1}, "citations_years": {"2017": 1, "2018": 0, "2019": 0, "2020": 1}, "old_citations": {"2013": 2}, "isVisible": false}, "2443045267": {"name": "rong fan", "type": "author", "activity": 1, "h_index": 0, "h5_index": 0, "mag_id": "2443045267", "num_publications": 1, "num_citations": 0, "num_publications_5y": 0, "num_citations_5y": 0, "num_publications_10y": 1, "num_citations_10y": 0, "publications_years": {"2013": 1}, "citations_years": {}, "old_citations": {"2013": 0}, "isVisible": false}, "2477227627": {"name": "hou xinyu", "type": "author", "activity": 1, "h_index": 1, "h5_index": 0, "mag_id": "2477227627", "num_publications": 1, "num_citations": 7, "num_publications_5y": 0, "num_citations_5y": 3, "num_publications_10y": 1, "num_citations_10y": 4, "publications_years": {"2011": 1}, "citations_years": {"2012": 1, "2013": 0, "2014": 0, "2015": 0, "2016": 1, "2017": 0, "2018": 2, "2019": 3}, "old_citations": {"2011": 7}, "isVisible": false}, "2479002694": {"name": "xueyuan zhang", "type": "author", "activity": 1, "h_index": 0, "h5_index": 0, "mag_id": "2479002694", "num_publications": 1, "num_citations": 0, "num_publications_5y": 0, "num_citations_5y": 0, "num_publications_10y": 1, "num_citations_10y": 0, "publications_years": {"2013": 1}, "citations_years": {}, "old_citations": {"2013": 0}, "isVisible": false}, "2481300643": {"name": "xiao dong chen", "type": "author", "activity": 25, "h_index": 6, "h5_index": 3, "mag_id": "2481300643", "num_publications": 1, "num_citations": 1, "num_publications_5y": 0, "num_citations_5y": 0, "num_publications_10y": 1, "num_citations_10y": 1, "publications_years": {"2011": 1}, "citations_years": {"2013": 1}, "old_citations": {"2011": 1}, "isVisible": false}, "2505491448": {"name": "qu xin", "type": "author", "activity": 1, "h_index": 1, "h5_index": 0, "mag_id": "2505491448", "num_publications": 1, "num_citations": 12, "num_publications_5y": 0, "num_citations_5y": 12, "num_publications_10y": 1, "num_citations_10y": 12, "publications_years": {"2011": 1}, "citations_years": {"2015": 1, "2016": 4, "2017": 6, "2018": 1}, "old_citations": {"2011": 12}, "isVisible": false}, "2623043705": {"name": "miao gu", "type": "author", "activity": 1, "h_index": 0, "h5_index": 0, "mag_id": "2623043705", "num_publications": 1, "num_citations": 0, "num_publications_5y": 0, "num_citations_5y": 0, "num_publications_10y": 1, "num_citations_10y": 0, "publications_years": {"2011": 1}, "citations_years": {}, "old_citations": {"2011": 0}, "isVisible": false}, "2624587318": {"name": "fang lili", "type": "author", "activity": 3, "h_index": 1, "h5_index": 0, "mag_id": "2624587318", "num_publications": 1, "num_citations": 4, "num_publications_5y": 0, "num_citations_5y": 1, "num_publications_10y": 1, "num_citations_10y": 4, "publications_years": {"2011": 1}, "citations_years": {"2013": 3, "2014": 1}, "old_citations": {"2011": 4}, "isVisible": false}, "2628473667": {"name": "celun liu", "type": "author", "activity": 1, "h_index": 1, "h5_index": 0, "mag_id": "2628473667", "num_publications": 1, "num_citations": 1, "num_publications_5y": 0, "num_citations_5y": 1, "num_publications_10y": 1, "num_citations_10y": 1, "publications_years": {"2013": 1}, "citations_years": {"2018": 1}, "old_citations": {"2013": 1}, "isVisible": false}, "2632313347": {"name": "guanghui han", "type": "author", "activity": 1, "h_index": 0, "h5_index": 0, "mag_id": "2632313347", "num_publications": 1, "num_citations": 0, "num_publications_5y": 0, "num_citations_5y": 0, "num_publications_10y": 1, "num_citations_10y": 0, "publications_years": {"2011": 1}, "citations_years": {}, "old_citations": {"2011": 0}, "isVisible": false}, "2636138286": {"name": "xiang su", "type": "author", "activity": 1, "h_index": 0, "h5_index": 0, "mag_id": "2636138286", "num_publications": 1, "num_citations": 0, "num_publications_5y": 0, "num_citations_5y": 0, "num_publications_10y": 1, "num_citations_10y": 0, "publications_years": {"2011": 1}, "citations_years": {}, "old_citations": {"2011": 0}, "isVisible": false}, "2638454501": {"name": "linwei feng", "type": "author", "activity": 1, "h_index": 0, "h5_index": 0, "mag_id": "2638454501", "num_publications": 1, "num_citations": 0, "num_publications_5y": 0, "num_citations_5y": 0, "num_publications_10y": 1, "num_citations_10y": 0, "publications_years": {"2011": 1}, "citations_years": {}, "old_citations": {"2011": 0}, "isVisible": false}, "2638807549": {"name": "hongmin gao", "type": "author", "activity": 1, "h_index": 1, "h5_index": 0, "mag_id": "2638807549", "num_publications": 1, "num_citations": 1, "num_publications_5y": 0, "num_citations_5y": 1, "num_publications_10y": 1, "num_citations_10y": 1, "publications_years": {"2013": 1}, "citations_years": {"2015": 1}, "old_citations": {"2013": 1}, "isVisible": false}, "2638889206": {"name": "defeng chen", "type": "author", "activity": 1, "h_index": 0, "h5_index": 0, "mag_id": "2638889206", "num_publications": 1, "num_citations": 0, "num_publications_5y": 0, "num_citations_5y": 0, "num_publications_10y": 1, "num_citations_10y": 0, "publications_years": {"2013": 1}, "citations_years": {}, "old_citations": {"2013": 0}, "isVisible": false}, "2639447047": {"name": "hong deng", "type": "author", "activity": 1, "h_index": 1, "h5_index": 0, "mag_id": "2639447047", "num_publications": 1, "num_citations": 1, "num_publications_5y": 0, "num_citations_5y": 1, "num_publications_10y": 1, "num_citations_10y": 1, "publications_years": {"2011": 1}, "citations_years": {"2014": 1}, "old_citations": {"2011": 1}, "isVisible": false}, "2639897625": {"name": "min xie", "type": "author", "activity": 1, "h_index": 1, "h5_index": 0, "mag_id": "2639897625", "num_publications": 1, "num_citations": 4, "num_publications_5y": 0, "num_citations_5y": 4, "num_publications_10y": 1, "num_citations_10y": 4, "publications_years": {"2013": 1}, "citations_years": {"2015": 2, "2016": 1, "2017": 1}, "old_citations": {"2013": 4}, "isVisible": false}, "2641135314": {"name": "bo zhang", "type": "author", "activity": 2, "h_index": 0, "h5_index": 0, "mag_id": "2641135314", "num_publications": 1, "num_citations": 0, "num_publications_5y": 0, "num_citations_5y": 0, "num_publications_10y": 1, "num_citations_10y": 0, "publications_years": {"2013": 1}, "citations_years": {}, "old_citations": {"2013": 0}, "isVisible": false}, "2643035211": {"name": "houjun sun", "type": "author", "activity": 1, "h_index": 0, "h5_index": 0, "mag_id": "2643035211", "num_publications": 1, "num_citations": 0, "num_publications_5y": 0, "num_citations_5y": 0, "num_publications_10y": 1, "num_citations_10y": 0, "publications_years": {"2011": 1}, "citations_years": {}, "old_citations": {"2011": 0}, "isVisible": false}, "2643111073": {"name": "yan wang", "type": "author", "activity": 1, "h_index": 0, "h5_index": 0, "mag_id": "2643111073", "num_publications": 1, "num_citations": 0, "num_publications_5y": 0, "num_citations_5y": 0, "num_publications_10y": 1, "num_citations_10y": 0, "publications_years": {"2013": 1}, "citations_years": {}, "old_citations": {"2013": 0}, "isVisible": false}, "2643443169": {"name": "chaojie liang", "type": "author", "activity": 1, "h_index": 0, "h5_index": 0, "mag_id": "2643443169", "num_publications": 1, "num_citations": 0, "num_publications_5y": 0, "num_citations_5y": 0, "num_publications_10y": 1, "num_citations_10y": 0, "publications_years": {"2011": 1}, "citations_years": {}, "old_citations": {"2011": 0}, "isVisible": false}, "2647001584": {"name": "h x zheng", "type": "author", "activity": 1, "h_index": 0, "h5_index": 0, "mag_id": "2647001584", "num_publications": 1, "num_citations": 0, "num_publications_5y": 0, "num_citations_5y": 0, "num_publications_10y": 1, "num_citations_10y": 0, "publications_years": {"2011": 1}, "citations_years": {}, "old_citations": {"2011": 0}, "isVisible": false}, "2648293210": {"name": "junkai gao", "type": "author", "activity": 1, "h_index": 1, "h5_index": 0, "mag_id": "2648293210", "num_publications": 1, "num_citations": 1, "num_publications_5y": 0, "num_citations_5y": 1, "num_publications_10y": 1, "num_citations_10y": 1, "publications_years": {"2013": 1}, "citations_years": {"2015": 1}, "old_citations": {"2013": 1}, "isVisible": false}, "2648855266": {"name": "lirong tan", "type": "author", "activity": 1, "h_index": 0, "h5_index": 0, "mag_id": "2648855266", "num_publications": 1, "num_citations": 0, "num_publications_5y": 0, "num_citations_5y": 0, "num_publications_10y": 1, "num_citations_10y": 0, "publications_years": {"2011": 1}, "citations_years": {}, "old_citations": {"2011": 0}, "isVisible": false}, "2652229495": {"name": "liguo liu", "type": "author", "activity": 1, "h_index": 1, "h5_index": 0, "mag_id": "2652229495", "num_publications": 1, "num_citations": 1, "num_publications_5y": 0, "num_citations_5y": 1, "num_publications_10y": 1, "num_citations_10y": 1, "publications_years": {"2011": 1}, "citations_years": {"2015": 1}, "old_citations": {"2011": 1}, "isVisible": false}, "2654388562": {"name": "chenchen mu", "type": "author", "activity": 1, "h_index": 0, "h5_index": 0, "mag_id": "2654388562", "num_publications": 1, "num_citations": 0, "num_publications_5y": 0, "num_citations_5y": 0, "num_publications_10y": 1, "num_citations_10y": 0, "publications_years": {"2013": 1}, "citations_years": {}, "old_citations": {"2013": 0}, "isVisible": false}, "2654804541": {"name": "yu zhang", "type": "author", "activity": 1, "h_index": 0, "h5_index": 0, "mag_id": "2654804541", "num_publications": 1, "num_citations": 0, "num_publications_5y": 0, "num_citations_5y": 0, "num_publications_10y": 1, "num_citations_10y": 0, "publications_years": {"2013": 1}, "citations_years": {}, "old_citations": {"2013": 0}, "isVisible": false}, "2660673533": {"name": "zhang xin", "type": "author", "activity": 1, "h_index": 1, "h5_index": 0, "mag_id": "2660673533", "num_publications": 1, "num_citations": 7, "num_publications_5y": 0, "num_citations_5y": 3, "num_publications_10y": 1, "num_citations_10y": 4, "publications_years": {"2011": 1}, "citations_years": {"2012": 1, "2013": 0, "2014": 0, "2015": 0, "2016": 1, "2017": 0, "2018": 2, "2019": 3}, "old_citations": {"2011": 7}, "isVisible": false}, "2661564387": {"name": "wenhua yu", "type": "author", "activity": 1, "h_index": 1, "h5_index": 0, "mag_id": "2661564387", "num_publications": 1, "num_citations": 1, "num_publications_5y": 0, "num_citations_5y": 1, "num_publications_10y": 1, "num_citations_10y": 1, "publications_years": {"2011": 1}, "citations_years": {"2015": 1}, "old_citations": {"2011": 1}, "isVisible": false}, "2662337522": {"name": "yunsheng yang", "type": "author", "activity": 1, "h_index": 0, "h5_index": 0, "mag_id": "2662337522", "num_publications": 1, "num_citations": 0, "num_publications_5y": 0, "num_citations_5y": 0, "num_publications_10y": 1, "num_citations_10y": 0, "publications_years": {"2013": 1}, "citations_years": {}, "old_citations": {"2013": 0}, "isVisible": false}, "2664475609": {"name": "c x sun", "type": "author", "activity": 1, "h_index": 0, "h5_index": 0, "mag_id": "2664475609", "num_publications": 1, "num_citations": 0, "num_publications_5y": 0, "num_citations_5y": 0, "num_publications_10y": 1, "num_citations_10y": 0, "publications_years": {"2011": 1}, "citations_years": {}, "old_citations": {"2011": 0}, "isVisible": false}, "2670840142": {"name": "jinbo liu", "type": "author", "activity": 1, "h_index": 0, "h5_index": 0, "mag_id": "2670840142", "num_publications": 1, "num_citations": 0, "num_publications_5y": 0, "num_citations_5y": 0, "num_publications_10y": 1, "num_citations_10y": 0, "publications_years": {"2013": 1}, "citations_years": {}, "old_citations": {"2013": 0}, "isVisible": false}, "2677137420": {"name": "li han", "type": "author", "activity": 1, "h_index": 0, "h5_index": 0, "mag_id": "2677137420", "num_publications": 1, "num_citations": 0, "num_publications_5y": 0, "num_citations_5y": 0, "num_publications_10y": 1, "num_citations_10y": 0, "publications_years": {"2013": 1}, "citations_years": {}, "old_citations": {"2013": 0}, "isVisible": false}, "2685558416": {"name": "hu hang", "type": "author", "activity": 1, "h_index": 1, "h5_index": 0, "mag_id": "2685558416", "num_publications": 1, "num_citations": 12, "num_publications_5y": 0, "num_citations_5y": 12, "num_publications_10y": 1, "num_citations_10y": 12, "publications_years": {"2011": 1}, "citations_years": {"2015": 1, "2016": 4, "2017": 6, "2018": 1}, "old_citations": {"2011": 12}, "isVisible": false}, "2692074044": {"name": "kunpeng zhang", "type": "author", "activity": 1, "h_index": 1, "h5_index": 0, "mag_id": "2692074044", "num_publications": 1, "num_citations": 1, "num_publications_5y": 0, "num_citations_5y": 1, "num_publications_10y": 1, "num_citations_10y": 1, "publications_years": {"2013": 1}, "citations_years": {"2015": 1}, "old_citations": {"2013": 1}, "isVisible": false}, "2695486160": {"name": "jianxun liu", "type": "author", "activity": 1, "h_index": 0, "h5_index": 0, "mag_id": "2695486160", "num_publications": 1, "num_citations": 0, "num_publications_5y": 0, "num_citations_5y": 0, "num_publications_10y": 1, "num_citations_10y": 0, "publications_years": {"2011": 1}, "citations_years": {}, "old_citations": {"2011": 0}, "isVisible": false}, "2698609175": {"name": "xiaojie wen", "type": "author", "activity": 1, "h_index": 1, "h5_index": 0, "mag_id": "2698609175", "num_publications": 1, "num_citations": 1, "num_publications_5y": 0, "num_citations_5y": 1, "num_publications_10y": 1, "num_citations_10y": 1, "publications_years": {"2013": 1}, "citations_years": {"2018": 1}, "old_citations": {"2013": 1}, "isVisible": false}, "2703712363": {"name": "qu dexin", "type": "author", "activity": 1, "h_index": 0, "h5_index": 0, "mag_id": "2703712363", "num_publications": 1, "num_citations": 0, "num_publications_5y": 0, "num_citations_5y": 0, "num_publications_10y": 1, "num_citations_10y": 0, "publications_years": {"2011": 1}, "citations_years": {}, "old_citations": {"2011": 0}, "isVisible": false}, "2704146277": {"name": "wang dan", "type": "author", "activity": 1, "h_index": 1, "h5_index": 0, "mag_id": "2704146277", "num_publications": 1, "num_citations": 12, "num_publications_5y": 0, "num_citations_5y": 12, "num_publications_10y": 1, "num_citations_10y": 12, "publications_years": {"2011": 1}, "citations_years": {"2015": 1, "2016": 4, "2017": 6, "2018": 1}, "old_citations": {"2011": 12}, "isVisible": false}, "2705717741": {"name": "jungang miao", "type": "author", "activity": 1, "h_index": 1, "h5_index": 0, "mag_id": "2705717741", "num_publications": 1, "num_citations": 2, "num_publications_5y": 0, "num_citations_5y": 0, "num_publications_10y": 1, "num_citations_10y": 2, "publications_years": {"2011": 1}, "citations_years": {"2012": 1, "2013": 1}, "old_citations": {"2011": 2}, "isVisible": false}, "2709236934": {"name": "zhanghong tang", "type": "author", "activity": 1, "h_index": 0, "h5_index": 0, "mag_id": "2709236934", "num_publications": 1, "num_citations": 0, "num_publications_5y": 0, "num_citations_5y": 0, "num_publications_10y": 1, "num_citations_10y": 0, "publications_years": {"2011": 1}, "citations_years": {}, "old_citations": {"2011": 0}, "isVisible": false}, "2717168654": {"name": "shengtao wang", "type": "author", "activity": 1, "h_index": 0, "h5_index": 0, "mag_id": "2717168654", "num_publications": 1, "num_citations": 0, "num_publications_5y": 0, "num_citations_5y": 0, "num_publications_10y": 1, "num_citations_10y": 0, "publications_years": {"2013": 1}, "citations_years": {}, "old_citations": {"2013": 0}, "isVisible": false}, "2720515211": {"name": "wenbiao zhou", "type": "author", "activity": 1, "h_index": 1, "h5_index": 0, "mag_id": "2720515211", "num_publications": 1, "num_citations": 6, "num_publications_5y": 0, "num_citations_5y": 6, "num_publications_10y": 1, "num_citations_10y": 6, "publications_years": {"2013": 1}, "citations_years": {"2015": 4, "2016": 0, "2017": 0, "2018": 2}, "old_citations": {"2013": 6}, "isVisible": false}, "2746328964": {"name": "zhang bo", "type": "author", "activity": 9, "h_index": 3, "h5_index": 1, "mag_id": "2746328964", "num_publications": 1, "num_citations": 13, "num_publications_5y": 0, "num_citations_5y": 6, "num_publications_10y": 1, "num_citations_10y": 13, "publications_years": {"2011": 1}, "citations_years": {"2012": 5, "2013": 2, "2014": 1, "2015": 2, "2016": 2, "2017": 1}, "old_citations": {"2011": 13}, "isVisible": false}, "2764459473": {"name": "jinjun mo", "type": "author", "activity": 1, "h_index": 1, "h5_index": 0, "mag_id": "2764459473", "num_publications": 1, "num_citations": 1, "num_publications_5y": 0, "num_citations_5y": 1, "num_publications_10y": 1, "num_citations_10y": 1, "publications_years": {"2011": 1}, "citations_years": {"2015": 1}, "old_citations": {"2011": 1}, "isVisible": false}, "2764985099": {"name": "guangfu zhang", "type": "author", "activity": 1, "h_index": 1, "h5_index": 0, "mag_id": "2764985099", "num_publications": 1, "num_citations": 1, "num_publications_5y": 0, "num_citations_5y": 1, "num_publications_10y": 1, "num_citations_10y": 1, "publications_years": {"2011": 1}, "citations_years": {"2015": 1}, "old_citations": {"2011": 1}, "isVisible": false}, "2805315816": {"name": "zhongyu liu", "type": "author", "activity": 5, "h_index": 1, "h5_index": 0, "mag_id": "2805315816", "num_publications": 1, "num_citations": 1, "num_publications_5y": 0, "num_citations_5y": 1, "num_publications_10y": 1, "num_citations_10y": 1, "publications_years": {"2011": 1}, "citations_years": {"2014": 1}, "old_citations": {"2011": 1}, "isVisible": false}, "2974142341": {"name": "shihua wang", "type": "author", "activity": 3, "h_index": 1, "h5_index": 0, "mag_id": "2974142341", "num_publications": 1, "num_citations": 1, "num_publications_5y": 0, "num_citations_5y": 0, "num_publications_10y": 1, "num_citations_10y": 1, "publications_years": {"2011": 1}, "citations_years": {"2013": 1}, "old_citations": {"2011": 1}, "isVisible": false}}, "countries": {"China": {"name": "China", "type": "country", "h5_index": 214, "num_publications": 25, "num_citations": 56, "num_publications_5y": 0, "num_citations_5y": 42, "num_publications_10y": 25, "num_citations_10y": 53, "publications_years": {"2011": 13, "2013": 12}, "citations_years": {"2015": 12, "2016": 8, "2017": 12, "2018": 6, "2012": 6, "2013": 5, "2014": 4, "2019": 3}, "old_citations": {"2011": 41, "2013": 15}, "isVisible": false}, "Russia": {"name": "Russia", "type": "country", "h5_index": 45, "num_publications": 1, "num_citations": 2, "num_publications_5y": 0, "num_citations_5y": 1, "num_publications_10y": 1, "num_citations_10y": 1, "publications_years": {"2013": 1}, "citations_years": {"2017": 1, "2018": 0, "2019": 0, "2020": 1}, "old_citations": {"2013": 2}, "isVisible": false}, "South Korea": {"name": "South Korea", "type": "country", "h5_index": 100, "num_publications": 1, "num_citations": 0, "num_publications_5y": 0, "num_citations_5y": 0, "num_publications_10y": 1, "num_citations_10y": 0, "publications_years": {"2013": 1}, "citations_years": {}, "old_citations": {"2013": 0}, "isVisible": false}, "United Kingdom": {"name": "United Kingdom", "type": "country", "h5_index": 172, "num_publications": 1, "num_citations": 1, "num_publications_5y": 0, "num_citations_5y": 0, "num_publications_10y": 1, "num_citations_10y": 1, "publications_years": {"2011": 1}, "citations_years": {"2013": 1}, "old_citations": {"2011": 1}, "isVisible": false}, "United States": {"name": "United States", "type": "country", "h5_index": 308, "num_publications": 1, "num_citations": 1, "num_publications_5y": 0, "num_citations_5y": 1, "num_publications_10y": 1, "num_citations_10y": 1, "publications_years": {"2011": 1}, "citations_years": {"2015": 1}, "old_citations": {"2011": 1}, "isVisible": false}}, "industrial_sectors": {"technology": {"name": "technology", "type": "industrial sector", "h5_index": 229, "num_publications": 1, "num_citations": 0, "num_publications_5y": 0, "num_citations_5y": 0, "num_publications_10y": 1, "num_citations_10y": 0, "publications_years": {"2013": 1}, "citations_years": {}, "old_citations": {"2013": 0}, "isVisible": false}, "telecommunications": {"name": "telecommunications", "type": "industrial sector", "h5_index": 89, "num_publications": 1, "num_citations": 0, "num_publications_5y": 0, "num_citations_5y": 0, "num_publications_10y": 1, "num_citations_10y": 0, "publications_years": {"2013": 1}, "citations_years": {}, "old_citations": {"2013": 0}, "isVisible": false}}}, "conference_comparison": {"computer science": {}}, "topics_dna": {"publications": {}, "citations": {"normalized": {}, "average": {}}}, "info": {"num_publications": 32, "num_citations": 63.0, "impact_factor": {"2013": 0.3888888888888889}, "publications_years": {"2011": 18, "2013": 14}, "citations_years": {"2012": 7, "2013": 7, "2014": 4, "2015": 14, "2016": 8, "2017": 13, "2018": 6, "2019": 3, "2020": 1}, "old_citations": {"2011": 46, "2013": 17}, "h5_index": 0}, "percentile": {"computer science": {"2011": 60, "2013": 55}}, "conference_ranking": {"computer science": {"2011": 1684, "2013": 1894}}, "academia": {"num_publications": 26, "num_citations": 60, "publications_years": {"2011": 15, "2012": 0, "2013": 11}, "old_citations": {"2011": 43, "2012": 0, "2013": 17}, "num_publications_5y": 0, "num_citations_5y": 0, "num_publications_10y": 26, "num_citations_10y": 60}, "industry": {"num_publications": 0, "num_citations": 0, "publications_years": {}, "old_citations": {}, "num_publications_5y": 0, "num_citations_5y": 0, "num_publications_10y": 0, "num_citations_10y": 0}, "collaborative": {"num_publications": 1, "num_citations": 0, "publications_years": {"2013": 1}, "old_citations": {"2013": 0}, "num_publications_5y": 0, "num_citations_5y": 0, "num_publications_10y": 1, "num_citations_10y": 0}, "conferences": {}, "journals": {}, "organizations": {"publication_overall": ["Beijing Institute of Technology", "Xidian University", "University of Electronic Science and Technology of China", "Bauman Moscow State Technical University", "Beihang University", "Beijing University of Technology", "Harbin Institute of Technology", "Motorola (South Korea)", "Nanjing University", "Pennsylvania State University", "Queen Mary University of London", "Southwest Jiaotong University", "Tianjin University of Technology and Education"], "citation_overall": ["Beijing Institute of Technology", "Harbin Institute of Technology", "University of Electronic Science and Technology of China", "Beihang University", "Bauman Moscow State Technical University", "Pennsylvania State University", "Queen Mary University of London", "Xidian University", "Beijing University of Technology", "Motorola (South Korea)", "Nanjing University", "Southwest Jiaotong University", "Tianjin University of Technology and Education"], "publication_10_years": ["Beijing Institute of Technology", "Xidian University", "University of Electronic Science and Technology of China", "Bauman Moscow State Technical University", "Beihang University", "Beijing University of Technology", "Harbin Institute of Technology", "Motorola (South Korea)", "Nanjing University", "Pennsylvania State University", "Queen Mary University of London", "Southwest Jiaotong University", "Tianjin University of Technology and Education"], "citation_10_years": ["Beijing Institute of Technology", "Harbin Institute of Technology", "University of Electronic Science and Technology of China", "Beihang University", "Bauman Moscow State Technical University", "Pennsylvania State University", "Queen Mary University of London", "Xidian University", "Beijing University of Technology", "Motorola (South Korea)", "Nanjing University", "Southwest Jiaotong University", "Tianjin University of Technology and Education"], "publication_5_years": [], "citation_5_years": []}, "countries": {"publication_overall": ["China", "Russia", "South Korea", "United Kingdom", "United States"], "citation_overall": ["China", "Russia", "United Kingdom", "United States", "South Korea"], "publication_10_years": ["China", "Russia", "South Korea", "United Kingdom", "United States"], "citation_10_years": ["China", "Russia", "United Kingdom", "United States", "South Korea"], "publication_5_years": [], "citation_5_years": []}, "topics": {"publication_overall": ["computer science", "computer systems", "communication systems", "computer networks", "engineering", "telecommunication systems", "wireless telecommunication systems", "mathematics", "signal processing", "antennas", "computer hardware", "communication channels (information theory)", "signal to noise ratio", "bandwidth", "matrix algebra", "antenna arrays", "telecommunication networks", "telecommunication traffic", "probability", "signal detection"], "citation_overall": ["computer science", "computer systems", "engineering", "signal processing", "mathematics", "antennas", "communication systems", "computer hardware", "computer networks", "telecommunication systems", "wireless telecommunication systems", "bandwidth", "communication channels (information theory)", "signal to noise ratio", "telecommunication networks", "telecommunication traffic", "antenna arrays", "matrix algebra", "directional patterns (antenna)", "bit error rate"], "publication_10_years": ["computer science", "computer systems", "communication systems", "computer networks", "engineering", "telecommunication systems", "wireless telecommunication systems", "mathematics", "signal processing", "antennas", "computer hardware", "communication channels (information theory)", "signal to noise ratio", "bandwidth", "matrix algebra", "antenna arrays", "telecommunication networks", "telecommunication traffic", "probability", "signal detection"], "citation_10_years": ["computer science", "computer systems", "engineering", "signal processing", "mathematics", "antennas", "communication systems", "computer hardware", "computer networks", "telecommunication systems", "wireless telecommunication systems", "bandwidth", "communication channels (information theory)", "signal to noise ratio", "telecommunication networks", "telecommunication traffic", "antenna arrays", "matrix algebra", "directional patterns (antenna)", "bit error rate"], "publication_5_years": [], "citation_5_years": []}, "main_topics": ["computer science"], "authors": {"publication_overall": ["2126032803", "2227081584", "2231910981", "2643698024", "2670626033", "335560561", "1986937826", "2005383911", "2095602274", "2101872198", "2114539078", "2123267210", "2129292764", "2131276022", "2133108683", "2142472119", "2143986361", "2145212617", "2147128478", "2149534765", "2150047529", "2150528382", "2152507568", "2158549264", "2168116777", "2224498931", "2224599972", "2225560413", "2226709780", "2226941727", "2227574489", "2228229733", "2228640681", "2228696959", "2228899703", "2231734571", "2232104711", "2232371399", "2242128438", "2263183015", "2293986846", "2305420995", "2305679781", "2306902606", "2307476065", "2307520149", "2307607623", "2307998094", "2309940838", "2311949570", "2390338202", "2398830826", "2427024616", "2428063577", "2428392120", "2428505521", "2431773106", "2440545679", "2440839459", "2443045267", "2477227627", "2479002694", "2481300643", "2505491448", "2623043705", "2624587318", "2628473667", "2632313347", "2636138286", "2638454501", "2638807549", "2638889206", "2639447047", "2639897625", "2641135314", "2643035211", "2643111073", "2643443169", "2647001584", "2648293210", "2648855266", "2652229495", "2654388562", "2654804541", "2660673533", "2661564387", "2662337522", "2664475609", "2670840142", "2677137420", "2685558416", "2692074044", "2695486160", "2698609175", "2703712363", "2704146277", "2705717741", "2709236934", "2717168654", "2720515211"], "citation_overall": ["2005383911", "2168116777", "2232104711", "2293986846", "2746328964", "2505491448", "2685558416", "2704146277", "2643698024", "2305679781", "2477227627", "2660673533", "2228229733", "2720515211", "335560561", "2227081584", "2231910981", "2431773106", "2624587318", "2639897625", "2670626033", "2224599972", "2225560413", "2228696959", "2228899703", "2232371399", "2428505521", "2440839459", "2705717741", "1986937826", "2095602274", "2114539078", "2129292764", "2143986361", "2147128478", "2152507568", "2224498931", "2228640681", "2242128438", "2306902606", "2311949570", "2398830826", "2481300643", "2628473667", "2638807549", "2639447047", "2648293210", "2652229495", "2661564387", "2692074044", "2698609175", "2764459473", "2764985099", "2805315816", "2974142341", "2101872198", "2123267210", "2126032803", "2131276022", "2133108683", "2142472119", "2145212617", "2149534765", "2150047529", "2150528382", "2158549264", "2226709780", "2226941727", "2227574489", "2231734571", "2263183015", "2305420995", "2307476065", "2307520149", "2307607623", "2307998094", "2309940838", "2390338202", "2427024616", "2428063577", "2428392120", "2440545679", "2443045267", "2479002694", "2623043705", "2632313347", "2636138286", "2638454501", "2638889206", "2641135314", "2643035211", "2643111073", "2643443169", "2647001584", "2648855266", "2654388562", "2654804541", "2662337522", "2664475609", "2670840142"], "publication_10_years": ["2126032803", "2227081584", "2231910981", "2643698024", "2670626033", "335560561", "1986937826", "2005383911", "2095602274", "2101872198", "2114539078", "2123267210", "2129292764", "2131276022", "2133108683", "2142472119", "2143986361", "2145212617", "2147128478", "2149534765", "2150047529", "2150528382", "2152507568", "2158549264", "2168116777", "2224498931", "2224599972", "2225560413", "2226709780", "2226941727", "2227574489", "2228229733", "2228640681", "2228696959", "2228899703", "2231734571", "2232104711", "2232371399", "2242128438", "2263183015", "2293986846", "2305420995", "2305679781", "2306902606", "2307476065", "2307520149", "2307607623", "2307998094", "2309940838", "2311949570", "2390338202", "2398830826", "2427024616", "2428063577", "2428392120", "2428505521", "2431773106", "2440545679", "2440839459", "2443045267", "2477227627", "2479002694", "2481300643", "2505491448", "2623043705", "2624587318", "2628473667", "2632313347", "2636138286", "2638454501", "2638807549", "2638889206", "2639447047", "2639897625", "2641135314", "2643035211", "2643111073", "2643443169", "2647001584", "2648293210", "2648855266", "2652229495", "2654388562", "2654804541", "2660673533", "2661564387", "2662337522", "2664475609", "2670840142", "2677137420", "2685558416", "2692074044", "2695486160", "2698609175", "2703712363", "2704146277", "2705717741", "2709236934", "2717168654", "2720515211"], "citation_10_years": ["2005383911", "2168116777", "2232104711", "2293986846", "2746328964", "2505491448", "2685558416", "2704146277", "2643698024", "2305679781", "2477227627", "2660673533", "2228229733", "2720515211", "335560561", "2227081584", "2231910981", "2431773106", "2624587318", "2639897625", "2670626033", "2224599972", "2225560413", "2228696959", "2228899703", "2232371399", "2428505521", "2440839459", "2705717741", "1986937826", "2095602274", "2114539078", "2129292764", "2143986361", "2147128478", "2152507568", "2224498931", "2228640681", "2242128438", "2306902606", "2311949570", "2398830826", "2481300643", "2628473667", "2638807549", "2639447047", "2648293210", "2652229495", "2661564387", "2692074044", "2698609175", "2764459473", "2764985099", "2805315816", "2974142341", "2101872198", "2123267210", "2126032803", "2131276022", "2133108683", "2142472119", "2145212617", "2149534765", "2150047529", "2150528382", "2158549264", "2226709780", "2226941727", "2227574489", "2231734571", "2263183015", "2305420995", "2307476065", "2307520149", "2307607623", "2307998094", "2309940838", "2390338202", "2427024616", "2428063577", "2428392120", "2440545679", "2443045267", "2479002694", "2623043705", "2632313347", "2636138286", "2638454501", "2638889206", "2641135314", "2643035211", "2643111073", "2643443169", "2647001584", "2648855266", "2654388562", "2654804541", "2662337522", "2664475609", "2670840142"], "publication_5_years": [], "citation_5_years": []}, "industrial_sectors": {"publication_overall": ["technology", "telecommunications"], "citation_overall": ["technology", "telecommunications"], "publication_10_years": ["technology", "telecommunications"], "citation_10_years": ["technology", "telecommunications"], "publication_5_years": [], "citation_5_years": []}}