{"name": "International Conference on Electronics Packaging", "acronym": "ICEP", "type": "conference", "uniqueEntities": {"organizations": {"Chuo University": {"name": "Chuo University", "type": "organization", "organization_type": "Education", "h_index": 26, "h5_index": 8, "num_publications": 2, "num_citations": 0, "num_publications_5y": 2, "num_citations_5y": 0, "num_publications_10y": 2, "num_citations_10y": 0, "publications_years": {"2018": 1, "2017": 1}, "citations_years": {}, "old_citations": {"2018": 0, "2017": 0}, "isVisible": false}, "IBM (United States)": {"name": "IBM (United States)", "type": "organization", "organization_type": "Company", "h_index": 421, "h5_index": 72, "num_publications": 2, "num_citations": 0, "num_publications_5y": 0, "num_citations_5y": 0, "num_publications_10y": 0, "num_citations_10y": 0, "publications_years": {"2019": 2}, "citations_years": {}, "old_citations": {"2019": 0}, "isVisible": false}, "Keio University": {"name": "Keio University", "type": "organization", "organization_type": "Education", "h_index": 73, "h5_index": 22, "num_publications": 2, "num_citations": 0, "num_publications_5y": 1, "num_citations_5y": 0, "num_publications_10y": 1, "num_citations_10y": 0, "publications_years": {"2019": 1, "2018": 1}, "citations_years": {}, "old_citations": {"2019": 0, "2018": 0}, "isVisible": false}, "Texas Instruments (United States)": {"name": "Texas Instruments (United States)", "type": "organization", "organization_type": "Company", "h_index": 137, "h5_index": 16, "num_publications": 2, "num_citations": 0, "num_publications_5y": 0, "num_citations_5y": 0, "num_publications_10y": 0, "num_citations_10y": 0, "publications_years": {"2019": 2}, "citations_years": {}, "old_citations": {"2019": 0}, "isVisible": false}, "Tokyo University of Science": {"name": "Tokyo University of Science", "type": "organization", "organization_type": "Education", "h_index": 33, "h5_index": 13, "num_publications": 2, "num_citations": 1, "num_publications_5y": 2, "num_citations_5y": 1, "num_publications_10y": 2, "num_citations_10y": 1, "publications_years": {"2014": 1, "2016": 1}, "citations_years": {"2015": 1}, "old_citations": {"2014": 1, "2016": 0}, "isVisible": false}, "Yamaguchi University": {"name": "Yamaguchi University", "type": "organization", "organization_type": "Education", "h_index": 32, "h5_index": 10, "num_publications": 2, "num_citations": 1, "num_publications_5y": 2, "num_citations_5y": 0, "num_publications_10y": 2, "num_citations_10y": 0, "publications_years": {"2018": 2}, "citations_years": {"2020": 1}, "old_citations": {"2018": 1}, "isVisible": false}, "Chukyo University": {"name": "Chukyo University", "type": "organization", "organization_type": "Education", "h_index": 19, "h5_index": 4, "num_publications": 1, "num_citations": 0, "num_publications_5y": 1, "num_citations_5y": 0, "num_publications_10y": 1, "num_citations_10y": 0, "publications_years": {"2018": 1}, "citations_years": {}, "old_citations": {"2018": 0}, "isVisible": false}, "Hitachi (Japan)": {"name": "Hitachi (Japan)", "type": "organization", "organization_type": "Company", "h_index": 152, "h5_index": 14, "num_publications": 1, "num_citations": 0, "num_publications_5y": 1, "num_citations_5y": 0, "num_publications_10y": 1, "num_citations_10y": 0, "publications_years": {"2018": 1}, "citations_years": {}, "old_citations": {"2018": 0}, "isVisible": false}, "Huawei Technologies (China)": {"name": "Huawei Technologies (China)", "type": "organization", "organization_type": "Company", "h_index": 105, "h5_index": 62, "num_publications": 1, "num_citations": 2, "num_publications_5y": 1, "num_citations_5y": 2, "num_publications_10y": 1, "num_citations_10y": 2, "publications_years": {"2018": 1}, "citations_years": {"2018": 2}, "old_citations": {"2018": 2}, "isVisible": false}, "ITRI International": {"name": "ITRI International", "type": "organization", "organization_type": "Facility", "h_index": 63, "h5_index": 12, "num_publications": 1, "num_citations": 1, "num_publications_5y": 1, "num_citations_5y": 1, "num_publications_10y": 1, "num_citations_10y": 1, "publications_years": {"2018": 1}, "citations_years": {"2018": 1}, "old_citations": {"2018": 1}, "isVisible": false}, "Intel (United States)": {"name": "Intel (United States)", "type": "organization", "organization_type": "Company", "h_index": 279, "h5_index": 62, "num_publications": 1, "num_citations": 0, "num_publications_5y": 0, "num_citations_5y": 0, "num_publications_10y": 0, "num_citations_10y": 0, "publications_years": {"2019": 1}, "citations_years": {}, "old_citations": {"2019": 0}, "isVisible": false}, "Kokushikan University": {"name": "Kokushikan University", "type": "organization", "organization_type": "Education", "h_index": 5, "h5_index": 2, "num_publications": 1, "num_citations": 1, "num_publications_5y": 1, "num_citations_5y": 1, "num_publications_10y": 1, "num_citations_10y": 1, "publications_years": {"2014": 1}, "citations_years": {"2015": 1}, "old_citations": {"2014": 1}, "isVisible": false}, "Kyushu Institute of Technology": {"name": "Kyushu Institute of Technology", "type": "organization", "organization_type": "Education", "h_index": 58, "h5_index": 22, "num_publications": 1, "num_citations": 0, "num_publications_5y": 0, "num_citations_5y": 0, "num_publications_10y": 0, "num_citations_10y": 0, "publications_years": {"2019": 1}, "citations_years": {}, "old_citations": {"2019": 0}, "isVisible": false}, "Kyushu University": {"name": "Kyushu University", "type": "organization", "organization_type": "Education", "h_index": 68, "h5_index": 25, "num_publications": 1, "num_citations": 0, "num_publications_5y": 0, "num_citations_5y": 0, "num_publications_10y": 0, "num_citations_10y": 0, "publications_years": {"2019": 1}, "citations_years": {}, "old_citations": {"2019": 0}, "isVisible": false}, "Meisei University": {"name": "Meisei University", "type": "organization", "organization_type": "Education", "h_index": 9, "h5_index": 4, "num_publications": 1, "num_citations": 1, "num_publications_5y": 1, "num_citations_5y": 0, "num_publications_10y": 1, "num_citations_10y": 0, "publications_years": {"2018": 1}, "citations_years": {"2019": 1}, "old_citations": {"2018": 1}, "isVisible": false}, "Mitsubishi Electric (Germany)": {"name": "Mitsubishi Electric (Germany)", "type": "organization", "organization_type": "Company", "h_index": 82, "h5_index": 16, "num_publications": 1, "num_citations": 0, "num_publications_5y": 0, "num_citations_5y": 0, "num_publications_10y": 0, "num_citations_10y": 0, "publications_years": {"2019": 1}, "citations_years": {}, "old_citations": {"2019": 0}, "isVisible": false}, "Nagoya University": {"name": "Nagoya University", "type": "organization", "organization_type": "Education", "h_index": 67, "h5_index": 23, "num_publications": 1, "num_citations": 1, "num_publications_5y": 1, "num_citations_5y": 0, "num_publications_10y": 1, "num_citations_10y": 0, "publications_years": {"2018": 1}, "citations_years": {"2019": 1}, "old_citations": {"2018": 1}, "isVisible": false}, "National Institute of Advanced Industrial Science and Technology": {"name": "National Institute of Advanced Industrial Science and Technology", "type": "organization", "organization_type": "Government", "h_index": 89, "h5_index": 23, "num_publications": 1, "num_citations": 1, "num_publications_5y": 1, "num_citations_5y": 0, "num_publications_10y": 1, "num_citations_10y": 0, "publications_years": {"2018": 1}, "citations_years": {"2019": 1}, "old_citations": {"2018": 1}, "isVisible": false}, "Nihon University": {"name": "Nihon University", "type": "organization", "organization_type": "Education", "h_index": 19, "h5_index": 8, "num_publications": 1, "num_citations": 0, "num_publications_5y": 0, "num_citations_5y": 0, "num_publications_10y": 0, "num_citations_10y": 0, "publications_years": {"2019": 1}, "citations_years": {}, "old_citations": {"2019": 0}, "isVisible": false}, "Tamagawa University": {"name": "Tamagawa University", "type": "organization", "organization_type": "Education", "h_index": 14, "h5_index": 5, "num_publications": 1, "num_citations": 0, "num_publications_5y": 1, "num_citations_5y": 0, "num_publications_10y": 1, "num_citations_10y": 0, "publications_years": {"2018": 1}, "citations_years": {}, "old_citations": {"2018": 0}, "isVisible": false}, "Tokyo Polytechnic University": {"name": "Tokyo Polytechnic University", "type": "organization", "organization_type": "Education", "h_index": 7, "h5_index": 3, "num_publications": 1, "num_citations": 0, "num_publications_5y": 1, "num_citations_5y": 0, "num_publications_10y": 1, "num_citations_10y": 0, "publications_years": {"2016": 1}, "citations_years": {}, "old_citations": {"2016": 0}, "isVisible": false}, "University of Electro-Communications": {"name": "University of Electro-Communications", "type": "organization", "organization_type": "Education", "h_index": 56, "h5_index": 21, "num_publications": 1, "num_citations": 0, "num_publications_5y": 1, "num_citations_5y": 0, "num_publications_10y": 1, "num_citations_10y": 0, "publications_years": {"2018": 1}, "citations_years": {}, "old_citations": {"2018": 0}, "isVisible": false}, "Waseda University": {"name": "Waseda University", "type": "organization", "organization_type": "Education", "h_index": 71, "h5_index": 24, "num_publications": 1, "num_citations": 1, "num_publications_5y": 1, "num_citations_5y": 1, "num_publications_10y": 1, "num_citations_10y": 1, "publications_years": {"2014": 1}, "citations_years": {"2015": 1}, "old_citations": {"2014": 1}, "isVisible": false}}, "topics": {"computer science": {"name": "computer science", "type": "topic", "h_index": 1779, "h5_index": 416, "num_publications": 33, "num_citations": 10, "num_publications_5y": 17, "num_citations_5y": 5, "num_publications_10y": 18, "num_citations_10y": 7, "publications_years": {"2018": 13, "2019": 11, "2008": 4, "2014": 2, "2009": 1, "2016": 1, "2017": 1}, "citations_years": {"2018": 3, "2020": 1, "2009": 2, "2019": 2, "2015": 2}, "old_citations": {"2018": 6, "2019": 0, "2008": 2, "2014": 2, "2009": 0, "2016": 0, "2017": 0}, "isVisible": false}, "computer systems": {"name": "computer systems", "type": "topic", "h_index": 1595, "h5_index": 367, "num_publications": 30, "num_citations": 9, "num_publications_5y": 15, "num_citations_5y": 4, "num_publications_10y": 16, "num_citations_10y": 6, "publications_years": {"2018": 11, "2019": 10, "2008": 4, "2014": 2, "2009": 1, "2016": 1, "2017": 1}, "citations_years": {"2020": 1, "2018": 2, "2009": 2, "2019": 2, "2015": 2}, "old_citations": {"2018": 5, "2019": 0, "2008": 2, "2014": 2, "2009": 0, "2016": 0, "2017": 0}, "isVisible": false}, "computer networks": {"name": "computer networks", "type": "topic", "h_index": 1262, "h5_index": 332, "num_publications": 25, "num_citations": 7, "num_publications_5y": 10, "num_citations_5y": 4, "num_publications_10y": 11, "num_citations_10y": 6, "publications_years": {"2019": 10, "2008": 4, "2018": 7, "2014": 2, "2009": 1, "2016": 1}, "citations_years": {"2018": 2, "2009": 2, "2015": 2, "2019": 1}, "old_citations": {"2019": 0, "2008": 2, "2018": 3, "2014": 2, "2009": 0, "2016": 0}, "isVisible": false}, "computer hardware": {"name": "computer hardware", "type": "topic", "h_index": 1150, "h5_index": 279, "num_publications": 24, "num_citations": 10, "num_publications_5y": 12, "num_citations_5y": 5, "num_publications_10y": 12, "num_citations_10y": 7, "publications_years": {"2018": 9, "2019": 8, "2008": 4, "2014": 2, "2017": 1}, "citations_years": {"2018": 3, "2020": 1, "2009": 2, "2019": 2, "2015": 2}, "old_citations": {"2018": 6, "2019": 0, "2008": 2, "2014": 2, "2017": 0}, "isVisible": false}, "telecommunication systems": {"name": "telecommunication systems", "type": "topic", "h_index": 1187, "h5_index": 277, "num_publications": 24, "num_citations": 7, "num_publications_5y": 10, "num_citations_5y": 4, "num_publications_10y": 11, "num_citations_10y": 6, "publications_years": {"2019": 9, "2008": 4, "2018": 7, "2014": 2, "2009": 1, "2016": 1}, "citations_years": {"2018": 2, "2009": 2, "2015": 2, "2019": 1}, "old_citations": {"2019": 0, "2008": 2, "2018": 3, "2014": 2, "2009": 0, "2016": 0}, "isVisible": false}, "communication systems": {"name": "communication systems", "type": "topic", "h_index": 1092, "h5_index": 254, "num_publications": 23, "num_citations": 7, "num_publications_5y": 10, "num_citations_5y": 4, "num_publications_10y": 11, "num_citations_10y": 6, "publications_years": {"2019": 8, "2008": 4, "2018": 7, "2014": 2, "2009": 1, "2016": 1}, "citations_years": {"2018": 2, "2009": 2, "2015": 2, "2019": 1}, "old_citations": {"2019": 0, "2008": 2, "2018": 3, "2014": 2, "2009": 0, "2016": 0}, "isVisible": false}, "wireless telecommunication systems": {"name": "wireless telecommunication systems", "type": "topic", "h_index": 1087, "h5_index": 254, "num_publications": 23, "num_citations": 7, "num_publications_5y": 10, "num_citations_5y": 4, "num_publications_10y": 11, "num_citations_10y": 6, "publications_years": {"2019": 8, "2008": 4, "2018": 7, "2014": 2, "2009": 1, "2016": 1}, "citations_years": {"2018": 2, "2009": 2, "2015": 2, "2019": 1}, "old_citations": {"2019": 0, "2008": 2, "2018": 3, "2014": 2, "2009": 0, "2016": 0}, "isVisible": false}, "engineering": {"name": "engineering", "type": "topic", "h_index": 1177, "h5_index": 287, "num_publications": 21, "num_citations": 8, "num_publications_5y": 9, "num_citations_5y": 5, "num_publications_10y": 10, "num_citations_10y": 7, "publications_years": {"2018": 6, "2019": 7, "2008": 4, "2014": 2, "2009": 1, "2016": 1}, "citations_years": {"2018": 3, "2020": 1, "2009": 2, "2015": 2}, "old_citations": {"2018": 4, "2019": 0, "2008": 2, "2014": 2, "2009": 0, "2016": 0}, "isVisible": false}, "communication channels (information theory)": {"name": "communication channels (information theory)", "type": "topic", "h_index": 925, "h5_index": 216, "num_publications": 17, "num_citations": 5, "num_publications_5y": 7, "num_citations_5y": 2, "num_publications_10y": 8, "num_citations_10y": 4, "publications_years": {"2019": 5, "2008": 4, "2018": 4, "2014": 2, "2009": 1, "2016": 1}, "citations_years": {"2009": 2, "2015": 2, "2019": 1}, "old_citations": {"2019": 0, "2008": 2, "2018": 1, "2014": 2, "2009": 0, "2016": 0}, "isVisible": false}, "signal processing": {"name": "signal processing", "type": "topic", "h_index": 1012, "h5_index": 255, "num_publications": 16, "num_citations": 4, "num_publications_5y": 6, "num_citations_5y": 4, "num_publications_10y": 7, "num_citations_10y": 4, "publications_years": {"2019": 7, "2008": 2, "2018": 3, "2014": 2, "2009": 1, "2016": 1}, "citations_years": {"2018": 2, "2015": 2}, "old_citations": {"2019": 0, "2008": 0, "2018": 2, "2014": 2, "2009": 0, "2016": 0}, "isVisible": false}, "telecommunication networks": {"name": "telecommunication networks", "type": "topic", "h_index": 1116, "h5_index": 258, "num_publications": 16, "num_citations": 7, "num_publications_5y": 8, "num_citations_5y": 4, "num_publications_10y": 8, "num_citations_10y": 6, "publications_years": {"2019": 6, "2018": 5, "2008": 2, "2014": 2, "2016": 1}, "citations_years": {"2018": 2, "2009": 2, "2015": 2, "2019": 1}, "old_citations": {"2019": 0, "2018": 3, "2008": 2, "2014": 2, "2016": 0}, "isVisible": false}, "bandwidth": {"name": "bandwidth", "type": "topic", "h_index": 922, "h5_index": 201, "num_publications": 14, "num_citations": 6, "num_publications_5y": 5, "num_citations_5y": 4, "num_publications_10y": 5, "num_citations_10y": 6, "publications_years": {"2019": 7, "2018": 2, "2008": 2, "2014": 2, "2016": 1}, "citations_years": {"2018": 2, "2009": 2, "2015": 2}, "old_citations": {"2019": 0, "2018": 2, "2008": 2, "2014": 2, "2016": 0}, "isVisible": false}, "mathematics": {"name": "mathematics", "type": "topic", "h_index": 1364, "h5_index": 300, "num_publications": 14, "num_citations": 4, "num_publications_5y": 10, "num_citations_5y": 4, "num_publications_10y": 10, "num_citations_10y": 4, "publications_years": {"2018": 7, "2019": 4, "2014": 2, "2016": 1}, "citations_years": {"2018": 2, "2015": 2}, "old_citations": {"2018": 2, "2019": 0, "2014": 2, "2016": 0}, "isVisible": false}, "telecommunication traffic": {"name": "telecommunication traffic", "type": "topic", "h_index": 1036, "h5_index": 233, "num_publications": 13, "num_citations": 6, "num_publications_5y": 5, "num_citations_5y": 4, "num_publications_10y": 5, "num_citations_10y": 6, "publications_years": {"2019": 6, "2018": 2, "2008": 2, "2014": 2, "2016": 1}, "citations_years": {"2018": 2, "2009": 2, "2015": 2}, "old_citations": {"2019": 0, "2018": 2, "2008": 2, "2014": 2, "2016": 0}, "isVisible": false}, "artificial intelligence": {"name": "artificial intelligence", "type": "topic", "h_index": 1421, "h5_index": 373, "num_publications": 12, "num_citations": 5, "num_publications_5y": 8, "num_citations_5y": 3, "num_publications_10y": 8, "num_citations_10y": 3, "publications_years": {"2019": 4, "2018": 7, "2014": 1}, "citations_years": {"2020": 1, "2018": 2, "2019": 1, "2015": 1}, "old_citations": {"2019": 0, "2018": 4, "2014": 1}, "isVisible": false}, "data communication systems": {"name": "data communication systems", "type": "topic", "h_index": 1013, "h5_index": 234, "num_publications": 12, "num_citations": 5, "num_publications_5y": 6, "num_citations_5y": 2, "num_publications_10y": 6, "num_citations_10y": 4, "publications_years": {"2019": 4, "2008": 2, "2014": 2, "2018": 4}, "citations_years": {"2009": 2, "2015": 2, "2019": 1}, "old_citations": {"2019": 0, "2008": 2, "2014": 2, "2018": 1}, "isVisible": false}, "software design": {"name": "software design", "type": "topic", "h_index": 907, "h5_index": 227, "num_publications": 12, "num_citations": 4, "num_publications_5y": 5, "num_citations_5y": 1, "num_publications_10y": 6, "num_citations_10y": 3, "publications_years": {"2019": 4, "2018": 4, "2008": 2, "2009": 1, "2014": 1}, "citations_years": {"2020": 1, "2009": 2, "2015": 1}, "old_citations": {"2019": 0, "2018": 1, "2008": 2, "2009": 0, "2014": 1}, "isVisible": false}, "software engineering": {"name": "software engineering", "type": "topic", "h_index": 964, "h5_index": 236, "num_publications": 12, "num_citations": 4, "num_publications_5y": 5, "num_citations_5y": 1, "num_publications_10y": 6, "num_citations_10y": 3, "publications_years": {"2019": 4, "2018": 4, "2008": 2, "2009": 1, "2014": 1}, "citations_years": {"2020": 1, "2009": 2, "2015": 1}, "old_citations": {"2019": 0, "2018": 1, "2008": 2, "2009": 0, "2014": 1}, "isVisible": false}, "antennas": {"name": "antennas", "type": "topic", "h_index": 645, "h5_index": 152, "num_publications": 10, "num_citations": 3, "num_publications_5y": 4, "num_citations_5y": 3, "num_publications_10y": 5, "num_citations_10y": 3, "publications_years": {"2019": 3, "2008": 2, "2018": 2, "2014": 1, "2009": 1, "2016": 1}, "citations_years": {"2018": 2, "2015": 1}, "old_citations": {"2019": 0, "2008": 0, "2018": 2, "2014": 1, "2009": 0, "2016": 0}, "isVisible": false}, "sensors": {"name": "sensors", "type": "topic", "h_index": 960, "h5_index": 229, "num_publications": 10, "num_citations": 5, "num_publications_5y": 3, "num_citations_5y": 2, "num_publications_10y": 3, "num_citations_10y": 4, "publications_years": {"2018": 2, "2019": 5, "2008": 2, "2014": 1}, "citations_years": {"2018": 1, "2009": 2, "2019": 1, "2015": 1}, "old_citations": {"2018": 2, "2019": 0, "2008": 2, "2014": 1}, "isVisible": false}, "mobile telecommunication systems": {"name": "mobile telecommunication systems", "type": "topic", "h_index": 732, "h5_index": 170, "num_publications": 9, "num_citations": 5, "num_publications_5y": 4, "num_citations_5y": 2, "num_publications_10y": 4, "num_citations_10y": 4, "publications_years": {"2019": 3, "2008": 2, "2014": 2, "2018": 2}, "citations_years": {"2009": 2, "2015": 2, "2019": 1}, "old_citations": {"2019": 0, "2008": 2, "2014": 2, "2018": 1}, "isVisible": false}, "distributed computer systems": {"name": "distributed computer systems", "type": "topic", "h_index": 985, "h5_index": 228, "num_publications": 7, "num_citations": 4, "num_publications_5y": 5, "num_citations_5y": 2, "num_publications_10y": 5, "num_citations_10y": 2, "publications_years": {"2019": 2, "2018": 5}, "citations_years": {"2020": 1, "2018": 2, "2019": 1}, "old_citations": {"2019": 0, "2018": 4}, "isVisible": false}, "distributed systems": {"name": "distributed systems", "type": "topic", "h_index": 859, "h5_index": 209, "num_publications": 6, "num_citations": 4, "num_publications_5y": 5, "num_citations_5y": 2, "num_publications_10y": 5, "num_citations_10y": 2, "publications_years": {"2019": 1, "2018": 5}, "citations_years": {"2020": 1, "2018": 2, "2019": 1}, "old_citations": {"2019": 0, "2018": 4}, "isVisible": false}, "microprocessor chips": {"name": "microprocessor chips", "type": "topic", "h_index": 744, "h5_index": 175, "num_publications": 9, "num_citations": 4, "num_publications_5y": 7, "num_citations_5y": 2, "num_publications_10y": 7, "num_citations_10y": 2, "publications_years": {"2018": 6, "2019": 2, "2017": 1}, "citations_years": {"2020": 1, "2018": 2, "2019": 1}, "old_citations": {"2018": 4, "2019": 0, "2017": 0}, "isVisible": false}, "software architecture": {"name": "software architecture", "type": "topic", "h_index": 821, "h5_index": 210, "num_publications": 9, "num_citations": 2, "num_publications_5y": 5, "num_citations_5y": 1, "num_publications_10y": 5, "num_citations_10y": 1, "publications_years": {"2019": 4, "2018": 4, "2014": 1}, "citations_years": {"2020": 1, "2015": 1}, "old_citations": {"2019": 0, "2018": 1, "2014": 1}, "isVisible": false}, "parallel processing systems": {"name": "parallel processing systems", "type": "topic", "h_index": 845, "h5_index": 208, "num_publications": 6, "num_citations": 4, "num_publications_5y": 5, "num_citations_5y": 2, "num_publications_10y": 5, "num_citations_10y": 2, "publications_years": {"2019": 1, "2018": 5}, "citations_years": {"2020": 1, "2018": 2, "2019": 1}, "old_citations": {"2019": 0, "2018": 4}, "isVisible": false}, "program processors": {"name": "program processors", "type": "topic", "h_index": 613, "h5_index": 151, "num_publications": 5, "num_citations": 4, "num_publications_5y": 5, "num_citations_5y": 2, "num_publications_10y": 5, "num_citations_10y": 2, "publications_years": {"2018": 5}, "citations_years": {"2020": 1, "2018": 2, "2019": 1}, "old_citations": {"2018": 4}, "isVisible": false}, "internet": {"name": "internet", "type": "topic", "h_index": 1102, "h5_index": 245, "num_publications": 8, "num_citations": 1, "num_publications_5y": 4, "num_citations_5y": 0, "num_publications_10y": 4, "num_citations_10y": 0, "publications_years": {"2019": 4, "2018": 4}, "citations_years": {"2020": 1}, "old_citations": {"2019": 0, "2018": 1}, "isVisible": false}, "communication": {"name": "communication", "type": "topic", "h_index": 886, "h5_index": 209, "num_publications": 4, "num_citations": 3, "num_publications_5y": 3, "num_citations_5y": 1, "num_publications_10y": 3, "num_citations_10y": 1, "publications_years": {"2018": 3, "2019": 1}, "citations_years": {"2018": 1, "2020": 1, "2019": 1}, "old_citations": {"2018": 3, "2019": 0}, "isVisible": false}, "radio": {"name": "radio", "type": "topic", "h_index": 658, "h5_index": 156, "num_publications": 4, "num_citations": 3, "num_publications_5y": 3, "num_citations_5y": 2, "num_publications_10y": 3, "num_citations_10y": 2, "publications_years": {"2018": 2, "2019": 1, "2016": 1}, "citations_years": {"2018": 2, "2019": 1}, "old_citations": {"2018": 3, "2019": 0, "2016": 0}, "isVisible": false}, "cognitive radio": {"name": "cognitive radio", "type": "topic", "h_index": 355, "h5_index": 97, "num_publications": 2, "num_citations": 2, "num_publications_5y": 2, "num_citations_5y": 2, "num_publications_10y": 2, "num_citations_10y": 2, "publications_years": {"2018": 1, "2016": 1}, "citations_years": {"2018": 2}, "old_citations": {"2018": 2, "2016": 0}, "isVisible": false}}, "authors": {"2236577116": {"name": "masahiro tsuriya", "type": "author", "activity": 2, "h_index": 0, "h5_index": 0, "mag_id": "2236577116", "num_publications": 3, "num_citations": 0, "num_publications_5y": 1, "num_citations_5y": 0, "num_publications_10y": 1, "num_citations_10y": 0, "publications_years": {"2019": 2, "2018": 1}, "citations_years": {}, "old_citations": {"2019": 0, "2018": 0}, "isVisible": false}, "2974209293": {"name": "yoshitaka toyota", "type": "author", "activity": 2, "h_index": 1, "h5_index": 0, "mag_id": "2974209293", "num_publications": 3, "num_citations": 2, "num_publications_5y": 0, "num_citations_5y": 0, "num_publications_10y": 1, "num_citations_10y": 2, "publications_years": {"2008": 2, "2009": 1}, "citations_years": {"2009": 2}, "old_citations": {"2008": 2, "2009": 0}, "isVisible": false}, "2105443006": {"name": "ken takeuchi", "type": "author", "activity": 26, "h_index": 28, "h5_index": 5, "mag_id": "2105443006", "num_publications": 2, "num_citations": 0, "num_publications_5y": 2, "num_citations_5y": 0, "num_publications_10y": 2, "num_citations_10y": 0, "publications_years": {"2018": 1, "2017": 1}, "citations_years": {}, "old_citations": {"2018": 0, "2017": 0}, "isVisible": false}, "2150835661": {"name": "norihisa miki", "type": "author", "activity": 21, "h_index": 3, "h5_index": 2, "mag_id": "2150835661", "num_publications": 2, "num_citations": 0, "num_publications_5y": 1, "num_citations_5y": 0, "num_publications_10y": 1, "num_citations_10y": 0, "publications_years": {"2019": 1, "2018": 1}, "citations_years": {}, "old_citations": {"2019": 0, "2018": 0}, "isVisible": false}, "2222379113": {"name": "chihiro matsui", "type": "author", "activity": 6, "h_index": 4, "h5_index": 4, "mag_id": "2222379113", "num_publications": 2, "num_citations": 0, "num_publications_5y": 2, "num_citations_5y": 0, "num_publications_10y": 2, "num_citations_10y": 0, "publications_years": {"2018": 1, "2017": 1}, "citations_years": {}, "old_citations": {"2018": 0, "2017": 0}, "isVisible": false}, "2432437727": {"name": "yusuke sugiyama", "type": "author", "activity": 2, "h_index": 1, "h5_index": 1, "mag_id": "2432437727", "num_publications": 2, "num_citations": 0, "num_publications_5y": 2, "num_citations_5y": 0, "num_publications_10y": 2, "num_citations_10y": 0, "publications_years": {"2018": 1, "2017": 1}, "citations_years": {}, "old_citations": {"2018": 0, "2017": 0}, "isVisible": false}, "2514023786": {"name": "kohji koshiji", "type": "author", "activity": 30, "h_index": 6, "h5_index": 1, "mag_id": "2514023786", "num_publications": 2, "num_citations": 1, "num_publications_5y": 2, "num_citations_5y": 1, "num_publications_10y": 2, "num_citations_10y": 1, "publications_years": {"2014": 1, "2016": 1}, "citations_years": {"2015": 1}, "old_citations": {"2014": 1, "2016": 0}, "isVisible": false}, "2625051621": {"name": "feng xue", "type": "author", "activity": 1, "h_index": 0, "h5_index": 0, "mag_id": "2625051621", "num_publications": 2, "num_citations": 0, "num_publications_5y": 0, "num_citations_5y": 0, "num_publications_10y": 0, "num_citations_10y": 0, "publications_years": {"2019": 2}, "citations_years": {}, "old_citations": {"2019": 0}, "isVisible": false}, "2789234713": {"name": "kazuya okamoto", "type": "author", "activity": 1, "h_index": 1, "h5_index": 1, "mag_id": "2789234713", "num_publications": 2, "num_citations": 1, "num_publications_5y": 2, "num_citations_5y": 0, "num_publications_10y": 2, "num_citations_10y": 0, "publications_years": {"2018": 2}, "citations_years": {"2020": 1}, "old_citations": {"2018": 1}, "isVisible": false}, "2974719150": {"name": "kengo iokibe", "type": "author", "activity": 1, "h_index": 0, "h5_index": 0, "mag_id": "2974719150", "num_publications": 2, "num_citations": 0, "num_publications_5y": 0, "num_citations_5y": 0, "num_publications_10y": 0, "num_citations_10y": 0, "publications_years": {"2008": 2}, "citations_years": {}, "old_citations": {"2008": 0}, "isVisible": false}, "298486066": {"name": "fukuro koshiji", "type": "author", "activity": 3, "h_index": 2, "h5_index": 0, "mag_id": "298486066", "num_publications": 1, "num_citations": 1, "num_publications_5y": 1, "num_citations_5y": 1, "num_publications_10y": 1, "num_citations_10y": 1, "publications_years": {"2014": 1}, "citations_years": {"2015": 1}, "old_citations": {"2014": 1}, "isVisible": false}, "1952742408": {"name": "glenn a pomerantz", "type": "author", "activity": 1, "h_index": 0, "h5_index": 0, "mag_id": "1952742408", "num_publications": 1, "num_citations": 0, "num_publications_5y": 0, "num_citations_5y": 0, "num_publications_10y": 0, "num_citations_10y": 0, "publications_years": {"2019": 1}, "citations_years": {}, "old_citations": {"2019": 0}, "isVisible": false}, "1977505755": {"name": "katsutoshi saeki", "type": "author", "activity": 22, "h_index": 5, "h5_index": 1, "mag_id": "1977505755", "num_publications": 1, "num_citations": 0, "num_publications_5y": 0, "num_citations_5y": 0, "num_publications_10y": 0, "num_citations_10y": 0, "publications_years": {"2019": 1}, "citations_years": {}, "old_citations": {"2019": 0}, "isVisible": false}, "2045129266": {"name": "haruichi kanaya", "type": "author", "activity": 16, "h_index": 6, "h5_index": 1, "mag_id": "2045129266", "num_publications": 1, "num_citations": 0, "num_publications_5y": 0, "num_citations_5y": 0, "num_publications_10y": 0, "num_citations_10y": 0, "publications_years": {"2019": 1}, "citations_years": {}, "old_citations": {"2019": 0}, "isVisible": false}, "2045782219": {"name": "yoshio kami", "type": "author", "activity": 27, "h_index": 8, "h5_index": 1, "mag_id": "2045782219", "num_publications": 1, "num_citations": 0, "num_publications_5y": 1, "num_citations_5y": 0, "num_publications_10y": 1, "num_citations_10y": 0, "publications_years": {"2018": 1}, "citations_years": {}, "old_citations": {"2018": 0}, "isVisible": false}, "2059752548": {"name": "fumio uchikoba", "type": "author", "activity": 9, "h_index": 4, "h5_index": 3, "mag_id": "2059752548", "num_publications": 1, "num_citations": 0, "num_publications_5y": 0, "num_citations_5y": 0, "num_publications_10y": 0, "num_citations_10y": 0, "publications_years": {"2019": 1}, "citations_years": {}, "old_citations": {"2019": 0}, "isVisible": false}, "2090159122": {"name": "jorg franke", "type": "author", "activity": 15, "h_index": 8, "h5_index": 6, "mag_id": "2090159122", "num_publications": 1, "num_citations": 0, "num_publications_5y": 0, "num_citations_5y": 0, "num_publications_10y": 0, "num_citations_10y": 0, "publications_years": {"2019": 1}, "citations_years": {}, "old_citations": {"2019": 0}, "isVisible": false}, "2112252499": {"name": "kanji otsuka", "type": "author", "activity": 3, "h_index": 1, "h5_index": 1, "mag_id": "2112252499", "num_publications": 1, "num_citations": 1, "num_publications_5y": 1, "num_citations_5y": 0, "num_publications_10y": 1, "num_citations_10y": 0, "publications_years": {"2018": 1}, "citations_years": {"2019": 1}, "old_citations": {"2018": 1}, "isVisible": false}, "2113334358": {"name": "chengyu ho", "type": "author", "activity": 1, "h_index": 0, "h5_index": 0, "mag_id": "2113334358", "num_publications": 1, "num_citations": 0, "num_publications_5y": 0, "num_citations_5y": 0, "num_publications_10y": 0, "num_citations_10y": 0, "publications_years": {"2019": 1}, "citations_years": {}, "old_citations": {"2019": 0}, "isVisible": false}, "2113668789": {"name": "toshihiro takeshita", "type": "author", "activity": 5, "h_index": 1, "h5_index": 1, "mag_id": "2113668789", "num_publications": 1, "num_citations": 1, "num_publications_5y": 1, "num_citations_5y": 0, "num_publications_10y": 1, "num_citations_10y": 0, "publications_years": {"2018": 1}, "citations_years": {"2019": 1}, "old_citations": {"2018": 1}, "isVisible": false}, "2119305836": {"name": "chenchao wang", "type": "author", "activity": 10, "h_index": 0, "h5_index": 0, "mag_id": "2119305836", "num_publications": 1, "num_citations": 0, "num_publications_5y": 0, "num_citations_5y": 0, "num_publications_10y": 0, "num_citations_10y": 0, "publications_years": {"2019": 1}, "citations_years": {}, "old_citations": {"2019": 0}, "isVisible": false}, "2124644409": {"name": "hiroo uchida", "type": "author", "activity": 3, "h_index": 1, "h5_index": 1, "mag_id": "2124644409", "num_publications": 1, "num_citations": 1, "num_publications_5y": 1, "num_citations_5y": 0, "num_publications_10y": 1, "num_citations_10y": 0, "publications_years": {"2018": 1}, "citations_years": {"2019": 1}, "old_citations": {"2018": 1}, "isVisible": false}, "2129947257": {"name": "masayuki hikita", "type": "author", "activity": 21, "h_index": 4, "h5_index": 2, "mag_id": "2129947257", "num_publications": 1, "num_citations": 0, "num_publications_5y": 0, "num_citations_5y": 0, "num_publications_10y": 0, "num_citations_10y": 0, "publications_years": {"2019": 1}, "citations_years": {}, "old_citations": {"2019": 0}, "isVisible": false}, "2132421335": {"name": "fengchao xiao", "type": "author", "activity": 14, "h_index": 5, "h5_index": 1, "mag_id": "2132421335", "num_publications": 1, "num_citations": 0, "num_publications_5y": 1, "num_citations_5y": 0, "num_publications_10y": 1, "num_citations_10y": 0, "publications_years": {"2018": 1}, "citations_years": {}, "old_citations": {"2018": 0}, "isVisible": false}, "2137896568": {"name": "takahiro watanabe", "type": "author", "activity": 28, "h_index": 10, "h5_index": 3, "mag_id": "2137896568", "num_publications": 1, "num_citations": 1, "num_publications_5y": 1, "num_citations_5y": 1, "num_publications_10y": 1, "num_citations_10y": 1, "publications_years": {"2014": 1}, "citations_years": {"2015": 1}, "old_citations": {"2014": 1}, "isVisible": false}, "2138881137": {"name": "kuoshu kao", "type": "author", "activity": 1, "h_index": 1, "h5_index": 1, "mag_id": "2138881137", "num_publications": 1, "num_citations": 1, "num_publications_5y": 1, "num_citations_5y": 1, "num_publications_10y": 1, "num_citations_10y": 1, "publications_years": {"2018": 1}, "citations_years": {"2018": 1}, "old_citations": {"2018": 1}, "isVisible": false}, "2169778271": {"name": "ravi bonam", "type": "author", "activity": 13, "h_index": 1, "h5_index": 0, "mag_id": "2169778271", "num_publications": 1, "num_citations": 0, "num_publications_5y": 0, "num_citations_5y": 0, "num_publications_10y": 0, "num_citations_10y": 0, "publications_years": {"2019": 1}, "citations_years": {}, "old_citations": {"2019": 0}, "isVisible": false}, "2170425259": {"name": "yusuke akiyama", "type": "author", "activity": 3, "h_index": 1, "h5_index": 0, "mag_id": "2170425259", "num_publications": 1, "num_citations": 1, "num_publications_5y": 1, "num_citations_5y": 1, "num_publications_10y": 1, "num_citations_10y": 1, "publications_years": {"2014": 1}, "citations_years": {"2015": 1}, "old_citations": {"2014": 1}, "isVisible": false}, "2188947227": {"name": "shengtsai wu", "type": "author", "activity": 1, "h_index": 1, "h5_index": 1, "mag_id": "2188947227", "num_publications": 1, "num_citations": 1, "num_publications_5y": 1, "num_citations_5y": 1, "num_publications_10y": 1, "num_citations_10y": 1, "publications_years": {"2018": 1}, "citations_years": {"2018": 1}, "old_citations": {"2018": 1}, "isVisible": false}, "2223814988": {"name": "takahiro horie", "type": "author", "activity": 1, "h_index": 0, "h5_index": 0, "mag_id": "2223814988", "num_publications": 1, "num_citations": 0, "num_publications_5y": 1, "num_citations_5y": 0, "num_publications_10y": 1, "num_citations_10y": 0, "publications_years": {"2018": 1}, "citations_years": {}, "old_citations": {"2018": 0}, "isVisible": false}, "2224820417": {"name": "hungchun kuo", "type": "author", "activity": 1, "h_index": 0, "h5_index": 0, "mag_id": "2224820417", "num_publications": 1, "num_citations": 0, "num_publications_5y": 0, "num_citations_5y": 0, "num_publications_10y": 0, "num_citations_10y": 0, "publications_years": {"2019": 1}, "citations_years": {}, "old_citations": {"2019": 0}, "isVisible": false}, "2230911538": {"name": "mingfong jhong", "type": "author", "activity": 1, "h_index": 0, "h5_index": 0, "mag_id": "2230911538", "num_publications": 1, "num_citations": 0, "num_publications_5y": 0, "num_citations_5y": 0, "num_publications_10y": 0, "num_citations_10y": 0, "publications_years": {"2019": 1}, "citations_years": {}, "old_citations": {"2019": 0}, "isVisible": false}, "2241456324": {"name": "yoichi sato", "type": "author", "activity": 9, "h_index": 2, "h5_index": 1, "mag_id": "2241456324", "num_publications": 1, "num_citations": 1, "num_publications_5y": 1, "num_citations_5y": 0, "num_publications_10y": 1, "num_citations_10y": 0, "publications_years": {"2018": 1}, "citations_years": {"2019": 1}, "old_citations": {"2018": 1}, "isVisible": false}, "2250413078": {"name": "ken saito", "type": "author", "activity": 13, "h_index": 5, "h5_index": 3, "mag_id": "2250413078", "num_publications": 1, "num_citations": 0, "num_publications_5y": 0, "num_citations_5y": 0, "num_publications_10y": 0, "num_citations_10y": 0, "publications_years": {"2019": 1}, "citations_years": {}, "old_citations": {"2019": 0}, "isVisible": false}, "2261629643": {"name": "yoko nakamura", "type": "author", "activity": 3, "h_index": 0, "h5_index": 0, "mag_id": "2261629643", "num_publications": 1, "num_citations": 0, "num_publications_5y": 0, "num_citations_5y": 0, "num_publications_10y": 0, "num_citations_10y": 0, "publications_years": {"2019": 1}, "citations_years": {}, "old_citations": {"2019": 0}, "isVisible": false}, "2279014932": {"name": "ayumi minamide", "type": "author", "activity": 1, "h_index": 0, "h5_index": 0, "mag_id": "2279014932", "num_publications": 1, "num_citations": 0, "num_publications_5y": 0, "num_citations_5y": 0, "num_publications_10y": 0, "num_citations_10y": 0, "publications_years": {"2019": 1}, "citations_years": {}, "old_citations": {"2019": 0}, "isVisible": false}, "2279274839": {"name": "masahiro kozako", "type": "author", "activity": 10, "h_index": 2, "h5_index": 2, "mag_id": "2279274839", "num_publications": 1, "num_citations": 0, "num_publications_5y": 0, "num_citations_5y": 0, "num_publications_10y": 0, "num_citations_10y": 0, "publications_years": {"2019": 1}, "citations_years": {}, "old_citations": {"2019": 0}, "isVisible": false}, "2287826733": {"name": "shota zempo", "type": "author", "activity": 1, "h_index": 0, "h5_index": 0, "mag_id": "2287826733", "num_publications": 1, "num_citations": 0, "num_publications_5y": 1, "num_citations_5y": 0, "num_publications_10y": 1, "num_citations_10y": 0, "publications_years": {"2016": 1}, "citations_years": {}, "old_citations": {"2016": 0}, "isVisible": false}, "2298555009": {"name": "thomas a wassick", "type": "author", "activity": 27, "h_index": 2, "h5_index": 0, "mag_id": "2298555009", "num_publications": 1, "num_citations": 0, "num_publications_5y": 0, "num_citations_5y": 0, "num_publications_10y": 0, "num_citations_10y": 0, "publications_years": {"2019": 1}, "citations_years": {}, "old_citations": {"2019": 0}, "isVisible": false}, "2299861584": {"name": "yang tian", "type": "author", "activity": 2, "h_index": 1, "h5_index": 0, "mag_id": "2299861584", "num_publications": 1, "num_citations": 1, "num_publications_5y": 1, "num_citations_5y": 1, "num_publications_10y": 1, "num_citations_10y": 1, "publications_years": {"2014": 1}, "citations_years": {"2015": 1}, "old_citations": {"2014": 1}, "isVisible": false}, "2305038501": {"name": "hisashi aomori", "type": "author", "activity": 12, "h_index": 2, "h5_index": 1, "mag_id": "2305038501", "num_publications": 1, "num_citations": 0, "num_publications_5y": 1, "num_citations_5y": 0, "num_publications_10y": 1, "num_citations_10y": 0, "publications_years": {"2018": 1}, "citations_years": {}, "old_citations": {"2018": 0}, "isVisible": false}, "2307527980": {"name": "hiroshi yoshida", "type": "author", "activity": 18, "h_index": 2, "h5_index": 0, "mag_id": "2307527980", "num_publications": 1, "num_citations": 0, "num_publications_5y": 0, "num_citations_5y": 0, "num_publications_10y": 0, "num_citations_10y": 0, "publications_years": {"2019": 1}, "citations_years": {}, "old_citations": {"2019": 0}, "isVisible": false}, "2307559575": {"name": "tomoaki yamada", "type": "author", "activity": 4, "h_index": 3, "h5_index": 2, "mag_id": "2307559575", "num_publications": 1, "num_citations": 0, "num_publications_5y": 1, "num_citations_5y": 0, "num_publications_10y": 1, "num_citations_10y": 0, "publications_years": {"2017": 1}, "citations_years": {}, "old_citations": {"2017": 0}, "isVisible": false}, "2308426617": {"name": "ran zhang", "type": "author", "activity": 5, "h_index": 2, "h5_index": 0, "mag_id": "2308426617", "num_publications": 1, "num_citations": 1, "num_publications_5y": 1, "num_citations_5y": 1, "num_publications_10y": 1, "num_citations_10y": 1, "publications_years": {"2014": 1}, "citations_years": {"2015": 1}, "old_citations": {"2014": 1}, "isVisible": false}, "2312109146": {"name": "masakazu takahashi", "type": "author", "activity": 19, "h_index": 5, "h5_index": 0, "mag_id": "2312109146", "num_publications": 1, "num_citations": 0, "num_publications_5y": 1, "num_citations_5y": 0, "num_publications_10y": 1, "num_citations_10y": 0, "publications_years": {"2018": 1}, "citations_years": {}, "old_citations": {"2018": 0}, "isVisible": false}, "2343059242": {"name": "anthony d yang", "type": "author", "activity": 2, "h_index": 1, "h5_index": 1, "mag_id": "2343059242", "num_publications": 1, "num_citations": 0, "num_publications_5y": 1, "num_citations_5y": 0, "num_publications_10y": 1, "num_citations_10y": 0, "publications_years": {"2018": 1}, "citations_years": {}, "old_citations": {"2018": 0}, "isVisible": false}, "2346351340": {"name": "masatoshi sato", "type": "author", "activity": 12, "h_index": 2, "h5_index": 1, "mag_id": "2346351340", "num_publications": 1, "num_citations": 0, "num_publications_5y": 1, "num_citations_5y": 0, "num_publications_10y": 1, "num_citations_10y": 0, "publications_years": {"2018": 1}, "citations_years": {}, "old_citations": {"2018": 0}, "isVisible": false}, "2422020998": {"name": "jeffrey e lee", "type": "author", "activity": 13, "h_index": 2, "h5_index": 0, "mag_id": "2422020998", "num_publications": 1, "num_citations": 0, "num_publications_5y": 1, "num_citations_5y": 0, "num_publications_10y": 1, "num_citations_10y": 0, "publications_years": {"2018": 1}, "citations_years": {}, "old_citations": {"2018": 0}, "isVisible": false}, "2440270161": {"name": "akinari hinoki", "type": "author", "activity": 1, "h_index": 1, "h5_index": 1, "mag_id": "2440270161", "num_publications": 1, "num_citations": 1, "num_publications_5y": 1, "num_citations_5y": 0, "num_publications_10y": 1, "num_citations_10y": 0, "publications_years": {"2018": 1}, "citations_years": {"2019": 1}, "old_citations": {"2018": 1}, "isVisible": false}, "2443383148": {"name": "kenji okamoto", "type": "author", "activity": 1, "h_index": 0, "h5_index": 0, "mag_id": "2443383148", "num_publications": 1, "num_citations": 0, "num_publications_5y": 0, "num_citations_5y": 0, "num_publications_10y": 0, "num_citations_10y": 0, "publications_years": {"2019": 1}, "citations_years": {}, "old_citations": {"2019": 0}, "isVisible": false}, "2477335621": {"name": "tomohiro yamada", "type": "author", "activity": 1, "h_index": 0, "h5_index": 0, "mag_id": "2477335621", "num_publications": 1, "num_citations": 0, "num_publications_5y": 1, "num_citations_5y": 0, "num_publications_10y": 1, "num_citations_10y": 0, "publications_years": {"2016": 1}, "citations_years": {}, "old_citations": {"2016": 0}, "isVisible": false}, "2484515849": {"name": "fukuro koshiji", "type": "author", "activity": 8, "h_index": 3, "h5_index": 2, "mag_id": "2484515849", "num_publications": 1, "num_citations": 0, "num_publications_5y": 1, "num_citations_5y": 0, "num_publications_10y": 1, "num_citations_10y": 0, "publications_years": {"2016": 1}, "citations_years": {}, "old_citations": {"2016": 0}, "isVisible": false}, "2507789497": {"name": "hodaka rokubuichi", "type": "author", "activity": 1, "h_index": 0, "h5_index": 0, "mag_id": "2507789497", "num_publications": 1, "num_citations": 0, "num_publications_5y": 0, "num_citations_5y": 0, "num_publications_10y": 0, "num_citations_10y": 0, "publications_years": {"2019": 1}, "citations_years": {}, "old_citations": {"2019": 0}, "isVisible": false}, "2525258499": {"name": "charles l reynolds", "type": "author", "activity": 1, "h_index": 0, "h5_index": 0, "mag_id": "2525258499", "num_publications": 1, "num_citations": 0, "num_publications_5y": 0, "num_citations_5y": 0, "num_publications_10y": 0, "num_citations_10y": 0, "publications_years": {"2019": 1}, "citations_years": {}, "old_citations": {"2019": 0}, "isVisible": false}, "2526941812": {"name": "hideharu toda", "type": "author", "activity": 4, "h_index": 1, "h5_index": 1, "mag_id": "2526941812", "num_publications": 1, "num_citations": 0, "num_publications_5y": 1, "num_citations_5y": 0, "num_publications_10y": 1, "num_citations_10y": 0, "publications_years": {"2018": 1}, "citations_years": {}, "old_citations": {"2018": 0}, "isVisible": false}, "2571359349": {"name": "curtis grosskopf", "type": "author", "activity": 1, "h_index": 0, "h5_index": 0, "mag_id": "2571359349", "num_publications": 1, "num_citations": 0, "num_publications_5y": 0, "num_citations_5y": 0, "num_publications_10y": 0, "num_citations_10y": 0, "publications_years": {"2019": 1}, "citations_years": {}, "old_citations": {"2019": 0}, "isVisible": false}, "2572267284": {"name": "takeshi kobayashi", "type": "author", "activity": 13, "h_index": 1, "h5_index": 1, "mag_id": "2572267284", "num_publications": 1, "num_citations": 1, "num_publications_5y": 1, "num_citations_5y": 0, "num_publications_10y": 1, "num_citations_10y": 0, "publications_years": {"2018": 1}, "citations_years": {"2019": 1}, "old_citations": {"2018": 1}, "isVisible": false}, "2577753553": {"name": "yuichi ohtsuka", "type": "author", "activity": 3, "h_index": 0, "h5_index": 0, "mag_id": "2577753553", "num_publications": 1, "num_citations": 0, "num_publications_5y": 1, "num_citations_5y": 0, "num_publications_10y": 1, "num_citations_10y": 0, "publications_years": {"2018": 1}, "citations_years": {}, "old_citations": {"2018": 0}, "isVisible": false}, "2578175107": {"name": "jason lee frankel", "type": "author", "activity": 19, "h_index": 1, "h5_index": 0, "mag_id": "2578175107", "num_publications": 1, "num_citations": 0, "num_publications_5y": 0, "num_citations_5y": 0, "num_publications_10y": 0, "num_citations_10y": 0, "publications_years": {"2019": 1}, "citations_years": {}, "old_citations": {"2019": 0}, "isVisible": false}, "2594913067": {"name": "mohamed m mansour", "type": "author", "activity": 6, "h_index": 1, "h5_index": 0, "mag_id": "2594913067", "num_publications": 1, "num_citations": 0, "num_publications_5y": 0, "num_citations_5y": 0, "num_publications_10y": 0, "num_citations_10y": 0, "publications_years": {"2019": 1}, "citations_years": {}, "old_citations": {"2019": 0}, "isVisible": false}, "2609441492": {"name": "hiroshi inoue", "type": "author", "activity": 1, "h_index": 0, "h5_index": 0, "mag_id": "2609441492", "num_publications": 1, "num_citations": 0, "num_publications_5y": 1, "num_citations_5y": 0, "num_publications_10y": 1, "num_citations_10y": 0, "publications_years": {"2018": 1}, "citations_years": {}, "old_citations": {"2018": 0}, "isVisible": false}, "2624821922": {"name": "atsuya suzuki", "type": "author", "activity": 4, "h_index": 0, "h5_index": 0, "mag_id": "2624821922", "num_publications": 1, "num_citations": 0, "num_publications_5y": 1, "num_citations_5y": 0, "num_publications_10y": 1, "num_citations_10y": 0, "publications_years": {"2017": 1}, "citations_years": {}, "old_citations": {"2017": 0}, "isVisible": false}, "2624906974": {"name": "dolores babaran milo", "type": "author", "activity": 1, "h_index": 0, "h5_index": 0, "mag_id": "2624906974", "num_publications": 1, "num_citations": 0, "num_publications_5y": 0, "num_citations_5y": 0, "num_publications_10y": 0, "num_citations_10y": 0, "publications_years": {"2019": 1}, "citations_years": {}, "old_citations": {"2019": 0}, "isVisible": false}, "2625744835": {"name": "cindy han", "type": "author", "activity": 1, "h_index": 0, "h5_index": 0, "mag_id": "2625744835", "num_publications": 1, "num_citations": 0, "num_publications_5y": 0, "num_citations_5y": 0, "num_publications_10y": 0, "num_citations_10y": 0, "publications_years": {"2019": 1}, "citations_years": {}, "old_citations": {"2019": 0}, "isVisible": false}, "2650629829": {"name": "shengchi hsieh", "type": "author", "activity": 1, "h_index": 0, "h5_index": 0, "mag_id": "2650629829", "num_publications": 1, "num_citations": 0, "num_publications_5y": 0, "num_citations_5y": 0, "num_publications_10y": 0, "num_citations_10y": 0, "publications_years": {"2019": 1}, "citations_years": {}, "old_citations": {"2019": 0}, "isVisible": false}, "2676681717": {"name": "taisuke tanaka", "type": "author", "activity": 3, "h_index": 2, "h5_index": 2, "mag_id": "2676681717", "num_publications": 1, "num_citations": 0, "num_publications_5y": 0, "num_citations_5y": 0, "num_publications_10y": 0, "num_citations_10y": 0, "publications_years": {"2019": 1}, "citations_years": {}, "old_citations": {"2019": 0}, "isVisible": false}, "2710119105": {"name": "katsumi taniguchi", "type": "author", "activity": 3, "h_index": 1, "h5_index": 1, "mag_id": "2710119105", "num_publications": 1, "num_citations": 0, "num_publications_5y": 0, "num_citations_5y": 0, "num_publications_10y": 0, "num_citations_10y": 0, "publications_years": {"2019": 1}, "citations_years": {}, "old_citations": {"2019": 0}, "isVisible": false}, "2718757449": {"name": "hidetoshi ishibashi", "type": "author", "activity": 1, "h_index": 0, "h5_index": 0, "mag_id": "2718757449", "num_publications": 1, "num_citations": 0, "num_publications_5y": 0, "num_citations_5y": 0, "num_publications_10y": 0, "num_citations_10y": 0, "publications_years": {"2019": 1}, "citations_years": {}, "old_citations": {"2019": 0}, "isVisible": false}, "2753125682": {"name": "minami kaneko", "type": "author", "activity": 2, "h_index": 1, "h5_index": 1, "mag_id": "2753125682", "num_publications": 1, "num_citations": 0, "num_publications_5y": 0, "num_citations_5y": 0, "num_publications_10y": 0, "num_citations_10y": 0, "publications_years": {"2019": 1}, "citations_years": {}, "old_citations": {"2019": 0}, "isVisible": false}, "2771334929": {"name": "junya maki", "type": "author", "activity": 1, "h_index": 0, "h5_index": 0, "mag_id": "2771334929", "num_publications": 1, "num_citations": 0, "num_publications_5y": 0, "num_citations_5y": 0, "num_publications_10y": 0, "num_citations_10y": 0, "publications_years": {"2019": 1}, "citations_years": {}, "old_citations": {"2019": 0}, "isVisible": false}, "2783528859": {"name": "t c chang", "type": "author", "activity": 1, "h_index": 1, "h5_index": 1, "mag_id": "2783528859", "num_publications": 1, "num_citations": 1, "num_publications_5y": 1, "num_citations_5y": 1, "num_publications_10y": 1, "num_citations_10y": 1, "publications_years": {"2018": 1}, "citations_years": {"2018": 1}, "old_citations": {"2018": 1}, "isVisible": false}, "2788509798": {"name": "masaya ohara", "type": "author", "activity": 2, "h_index": 1, "h5_index": 1, "mag_id": "2788509798", "num_publications": 1, "num_citations": 0, "num_publications_5y": 0, "num_citations_5y": 0, "num_publications_10y": 0, "num_citations_10y": 0, "publications_years": {"2019": 1}, "citations_years": {}, "old_citations": {"2019": 0}, "isVisible": false}, "2792012928": {"name": "yutaka adachi", "type": "author", "activity": 1, "h_index": 0, "h5_index": 0, "mag_id": "2792012928", "num_publications": 1, "num_citations": 0, "num_publications_5y": 1, "num_citations_5y": 0, "num_publications_10y": 1, "num_citations_10y": 0, "publications_years": {"2018": 1}, "citations_years": {}, "old_citations": {"2018": 0}, "isVisible": false}, "2796479463": {"name": "m ankenbrand", "type": "author", "activity": 1, "h_index": 0, "h5_index": 0, "mag_id": "2796479463", "num_publications": 1, "num_citations": 0, "num_publications_5y": 0, "num_citations_5y": 0, "num_publications_10y": 0, "num_citations_10y": 0, "publications_years": {"2019": 1}, "citations_years": {}, "old_citations": {"2019": 0}, "isVisible": false}, "2803462562": {"name": "yuri yoshida", "type": "author", "activity": 2, "h_index": 1, "h5_index": 1, "mag_id": "2803462562", "num_publications": 1, "num_citations": 0, "num_publications_5y": 0, "num_citations_5y": 0, "num_publications_10y": 0, "num_citations_10y": 0, "publications_years": {"2019": 1}, "citations_years": {}, "old_citations": {"2019": 0}, "isVisible": false}, "2804190852": {"name": "benjamin ioller", "type": "author", "activity": 1, "h_index": 0, "h5_index": 0, "mag_id": "2804190852", "num_publications": 1, "num_citations": 0, "num_publications_5y": 1, "num_citations_5y": 0, "num_publications_10y": 1, "num_citations_10y": 0, "publications_years": {"2018": 1}, "citations_years": {}, "old_citations": {"2018": 0}, "isVisible": false}, "2805781175": {"name": "jim hsu", "type": "author", "activity": 1, "h_index": 0, "h5_index": 0, "mag_id": "2805781175", "num_publications": 1, "num_citations": 0, "num_publications_5y": 1, "num_citations_5y": 0, "num_publications_10y": 1, "num_citations_10y": 0, "publications_years": {"2018": 1}, "citations_years": {}, "old_citations": {"2018": 0}, "isVisible": false}, "2807738480": {"name": "naoki kawazu", "type": "author", "activity": 1, "h_index": 0, "h5_index": 0, "mag_id": "2807738480", "num_publications": 1, "num_citations": 0, "num_publications_5y": 1, "num_citations_5y": 0, "num_publications_10y": 1, "num_citations_10y": 0, "publications_years": {"2018": 1}, "citations_years": {}, "old_citations": {"2018": 0}, "isVisible": false}, "2807744359": {"name": "t j yu", "type": "author", "activity": 1, "h_index": 1, "h5_index": 1, "mag_id": "2807744359", "num_publications": 1, "num_citations": 1, "num_publications_5y": 1, "num_citations_5y": 1, "num_publications_10y": 1, "num_citations_10y": 1, "publications_years": {"2018": 1}, "citations_years": {"2018": 1}, "old_citations": {"2018": 1}, "isVisible": false}, "2807817354": {"name": "w k han", "type": "author", "activity": 1, "h_index": 1, "h5_index": 1, "mag_id": "2807817354", "num_publications": 1, "num_citations": 1, "num_publications_5y": 1, "num_citations_5y": 1, "num_publications_10y": 1, "num_citations_10y": 1, "publications_years": {"2018": 1}, "citations_years": {"2018": 1}, "old_citations": {"2018": 1}, "isVisible": false}, "2807831931": {"name": "billy ahn", "type": "author", "activity": 1, "h_index": 0, "h5_index": 0, "mag_id": "2807831931", "num_publications": 1, "num_citations": 0, "num_publications_5y": 1, "num_citations_5y": 0, "num_publications_10y": 1, "num_citations_10y": 0, "publications_years": {"2018": 1}, "citations_years": {}, "old_citations": {"2018": 0}, "isVisible": false}, "2807865236": {"name": "yonghyuk jeong", "type": "author", "activity": 1, "h_index": 0, "h5_index": 0, "mag_id": "2807865236", "num_publications": 1, "num_citations": 0, "num_publications_5y": 1, "num_citations_5y": 0, "num_publications_10y": 1, "num_citations_10y": 0, "publications_years": {"2018": 1}, "citations_years": {}, "old_citations": {"2018": 0}, "isVisible": false}, "2807959594": {"name": "yuya abe", "type": "author", "activity": 1, "h_index": 0, "h5_index": 0, "mag_id": "2807959594", "num_publications": 1, "num_citations": 0, "num_publications_5y": 1, "num_citations_5y": 0, "num_publications_10y": 1, "num_citations_10y": 0, "publications_years": {"2018": 1}, "citations_years": {}, "old_citations": {"2018": 0}, "isVisible": false}, "2808015614": {"name": "atsushi ouchi", "type": "author", "activity": 1, "h_index": 1, "h5_index": 1, "mag_id": "2808015614", "num_publications": 1, "num_citations": 1, "num_publications_5y": 1, "num_citations_5y": 0, "num_publications_10y": 1, "num_citations_10y": 0, "publications_years": {"2018": 1}, "citations_years": {"2019": 1}, "old_citations": {"2018": 1}, "isVisible": false}, "2808033495": {"name": "daisaku ikoma", "type": "author", "activity": 1, "h_index": 0, "h5_index": 0, "mag_id": "2808033495", "num_publications": 1, "num_citations": 0, "num_publications_5y": 1, "num_citations_5y": 0, "num_publications_10y": 1, "num_citations_10y": 0, "publications_years": {"2018": 1}, "citations_years": {}, "old_citations": {"2018": 0}, "isVisible": false}, "2808117717": {"name": "keith bryant", "type": "author", "activity": 1, "h_index": 0, "h5_index": 0, "mag_id": "2808117717", "num_publications": 1, "num_citations": 0, "num_publications_5y": 1, "num_citations_5y": 0, "num_publications_10y": 1, "num_citations_10y": 0, "publications_years": {"2018": 1}, "citations_years": {}, "old_citations": {"2018": 0}, "isVisible": false}, "2808127525": {"name": "yasuhiko takeno", "type": "author", "activity": 1, "h_index": 1, "h5_index": 1, "mag_id": "2808127525", "num_publications": 1, "num_citations": 1, "num_publications_5y": 1, "num_citations_5y": 0, "num_publications_10y": 1, "num_citations_10y": 0, "publications_years": {"2018": 1}, "citations_years": {"2020": 1}, "old_citations": {"2018": 1}, "isVisible": false}, "2808183743": {"name": "david bernard", "type": "author", "activity": 1, "h_index": 0, "h5_index": 0, "mag_id": "2808183743", "num_publications": 1, "num_citations": 0, "num_publications_5y": 1, "num_citations_5y": 0, "num_publications_10y": 1, "num_citations_10y": 0, "publications_years": {"2018": 1}, "citations_years": {}, "old_citations": {"2018": 0}, "isVisible": false}, "2808227575": {"name": "kiyoshi oi", "type": "author", "activity": 1, "h_index": 0, "h5_index": 0, "mag_id": "2808227575", "num_publications": 1, "num_citations": 0, "num_publications_5y": 1, "num_citations_5y": 0, "num_publications_10y": 1, "num_citations_10y": 0, "publications_years": {"2018": 1}, "citations_years": {}, "old_citations": {"2018": 0}, "isVisible": false}, "2808256444": {"name": "c m tseng", "type": "author", "activity": 1, "h_index": 1, "h5_index": 1, "mag_id": "2808256444", "num_publications": 1, "num_citations": 1, "num_publications_5y": 1, "num_citations_5y": 1, "num_publications_10y": 1, "num_citations_10y": 1, "publications_years": {"2018": 1}, "citations_years": {"2018": 1}, "old_citations": {"2018": 1}, "isVisible": false}, "2808333604": {"name": "s f hsu", "type": "author", "activity": 1, "h_index": 1, "h5_index": 1, "mag_id": "2808333604", "num_publications": 1, "num_citations": 1, "num_publications_5y": 1, "num_citations_5y": 1, "num_publications_10y": 1, "num_citations_10y": 1, "publications_years": {"2018": 1}, "citations_years": {"2018": 1}, "old_citations": {"2018": 1}, "isVisible": false}, "2808397118": {"name": "boping wu", "type": "author", "activity": 1, "h_index": 1, "h5_index": 1, "mag_id": "2808397118", "num_publications": 1, "num_citations": 2, "num_publications_5y": 1, "num_citations_5y": 2, "num_publications_10y": 1, "num_citations_10y": 2, "publications_years": {"2018": 1}, "citations_years": {"2018": 2}, "old_citations": {"2018": 2}, "isVisible": false}, "2808407386": {"name": "p k chiu", "type": "author", "activity": 1, "h_index": 1, "h5_index": 1, "mag_id": "2808407386", "num_publications": 1, "num_citations": 1, "num_publications_5y": 1, "num_citations_5y": 1, "num_publications_10y": 1, "num_citations_10y": 1, "publications_years": {"2018": 1}, "citations_years": {"2018": 1}, "old_citations": {"2018": 1}, "isVisible": false}, "2808479181": {"name": "tetsuya koyama", "type": "author", "activity": 1, "h_index": 0, "h5_index": 0, "mag_id": "2808479181", "num_publications": 1, "num_citations": 0, "num_publications_5y": 1, "num_citations_5y": 0, "num_publications_10y": 1, "num_citations_10y": 0, "publications_years": {"2018": 1}, "citations_years": {}, "old_citations": {"2018": 0}, "isVisible": false}, "2808554783": {"name": "masaru nakanishi", "type": "author", "activity": 1, "h_index": 0, "h5_index": 0, "mag_id": "2808554783", "num_publications": 1, "num_citations": 0, "num_publications_5y": 1, "num_citations_5y": 0, "num_publications_10y": 1, "num_citations_10y": 0, "publications_years": {"2018": 1}, "citations_years": {}, "old_citations": {"2018": 0}, "isVisible": false}, "2808665127": {"name": "m yosihda", "type": "author", "activity": 1, "h_index": 1, "h5_index": 1, "mag_id": "2808665127", "num_publications": 1, "num_citations": 1, "num_publications_5y": 1, "num_citations_5y": 0, "num_publications_10y": 1, "num_citations_10y": 0, "publications_years": {"2018": 1}, "citations_years": {"2019": 1}, "old_citations": {"2018": 1}, "isVisible": false}, "2808676869": {"name": "yasuo kato", "type": "author", "activity": 1, "h_index": 0, "h5_index": 0, "mag_id": "2808676869", "num_publications": 1, "num_citations": 0, "num_publications_5y": 1, "num_citations_5y": 0, "num_publications_10y": 1, "num_citations_10y": 0, "publications_years": {"2018": 1}, "citations_years": {}, "old_citations": {"2018": 0}, "isVisible": false}, "2835659219": {"name": "yuichiro hayakawa", "type": "author", "activity": 2, "h_index": 1, "h5_index": 1, "mag_id": "2835659219", "num_publications": 1, "num_citations": 0, "num_publications_5y": 0, "num_citations_5y": 0, "num_publications_10y": 0, "num_citations_10y": 0, "publications_years": {"2019": 1}, "citations_years": {}, "old_citations": {"2019": 0}, "isVisible": false}, "2900745731": {"name": "takakazu matsuzoe", "type": "author", "activity": 1, "h_index": 0, "h5_index": 0, "mag_id": "2900745731", "num_publications": 1, "num_citations": 0, "num_publications_5y": 0, "num_citations_5y": 0, "num_publications_10y": 0, "num_citations_10y": 0, "publications_years": {"2019": 1}, "citations_years": {}, "old_citations": {"2019": 0}, "isVisible": false}, "2913933480": {"name": "h h lin", "type": "author", "activity": 1, "h_index": 1, "h5_index": 1, "mag_id": "2913933480", "num_publications": 1, "num_citations": 1, "num_publications_5y": 1, "num_citations_5y": 1, "num_publications_10y": 1, "num_citations_10y": 1, "publications_years": {"2018": 1}, "citations_years": {"2018": 1}, "old_citations": {"2018": 1}, "isVisible": false}, "2917306231": {"name": "y t lin", "type": "author", "activity": 1, "h_index": 1, "h5_index": 1, "mag_id": "2917306231", "num_publications": 1, "num_citations": 1, "num_publications_5y": 1, "num_citations_5y": 1, "num_publications_10y": 1, "num_citations_10y": 1, "publications_years": {"2018": 1}, "citations_years": {"2018": 1}, "old_citations": {"2018": 1}, "isVisible": false}, "2922772943": {"name": "j y chang", "type": "author", "activity": 1, "h_index": 1, "h5_index": 1, "mag_id": "2922772943", "num_publications": 1, "num_citations": 1, "num_publications_5y": 1, "num_citations_5y": 1, "num_publications_10y": 1, "num_citations_10y": 1, "publications_years": {"2018": 1}, "citations_years": {"2018": 1}, "old_citations": {"2018": 1}, "isVisible": false}, "2936118953": {"name": "masashi shibata", "type": "author", "activity": 1, "h_index": 0, "h5_index": 0, "mag_id": "2936118953", "num_publications": 1, "num_citations": 0, "num_publications_5y": 1, "num_citations_5y": 0, "num_publications_10y": 1, "num_citations_10y": 0, "publications_years": {"2018": 1}, "citations_years": {}, "old_citations": {"2018": 0}, "isVisible": false}, "2936331684": {"name": "yoshinari ikeda", "type": "author", "activity": 3, "h_index": 0, "h5_index": 0, "mag_id": "2936331684", "num_publications": 1, "num_citations": 0, "num_publications_5y": 0, "num_citations_5y": 0, "num_publications_10y": 0, "num_citations_10y": 0, "publications_years": {"2019": 1}, "citations_years": {}, "old_citations": {"2019": 0}, "isVisible": false}, "2940021309": {"name": "haruo ishikawa", "type": "author", "activity": 4, "h_index": 1, "h5_index": 0, "mag_id": "2940021309", "num_publications": 1, "num_citations": 0, "num_publications_5y": 1, "num_citations_5y": 0, "num_publications_10y": 1, "num_citations_10y": 0, "publications_years": {"2018": 1}, "citations_years": {}, "old_citations": {"2018": 0}, "isVisible": false}, "2943017673": {"name": "mika kurosawa", "type": "author", "activity": 1, "h_index": 0, "h5_index": 0, "mag_id": "2943017673", "num_publications": 1, "num_citations": 0, "num_publications_5y": 0, "num_citations_5y": 0, "num_publications_10y": 0, "num_citations_10y": 0, "publications_years": {"2019": 1}, "citations_years": {}, "old_citations": {"2019": 0}, "isVisible": false}, "2943786707": {"name": "takuro sasaki", "type": "author", "activity": 1, "h_index": 0, "h5_index": 0, "mag_id": "2943786707", "num_publications": 1, "num_citations": 0, "num_publications_5y": 0, "num_citations_5y": 0, "num_publications_10y": 0, "num_citations_10y": 0, "publications_years": {"2019": 1}, "citations_years": {}, "old_citations": {"2019": 0}, "isVisible": false}}, "countries": {"Japan": {"name": "Japan", "type": "country", "h5_index": 94, "num_publications": 17, "num_citations": 5, "num_publications_5y": 13, "num_citations_5y": 2, "num_publications_10y": 13, "num_citations_10y": 2, "publications_years": {"2018": 9, "2019": 4, "2014": 2, "2016": 1, "2017": 1}, "citations_years": {"2020": 1, "2019": 2, "2015": 2}, "old_citations": {"2018": 3, "2019": 0, "2014": 2, "2016": 0, "2017": 0}, "isVisible": false}, "United States": {"name": "United States", "type": "country", "h5_index": 308, "num_publications": 5, "num_citations": 1, "num_publications_5y": 1, "num_citations_5y": 1, "num_publications_10y": 1, "num_citations_10y": 1, "publications_years": {"2018": 1, "2019": 4}, "citations_years": {"2018": 1}, "old_citations": {"2018": 1, "2019": 0}, "isVisible": false}, "China": {"name": "China", "type": "country", "h5_index": 214, "num_publications": 1, "num_citations": 2, "num_publications_5y": 1, "num_citations_5y": 2, "num_publications_10y": 1, "num_citations_10y": 2, "publications_years": {"2018": 1}, "citations_years": {"2018": 2}, "old_citations": {"2018": 2}, "isVisible": false}, "Germany": {"name": "Germany", "type": "country", "h5_index": 139, "num_publications": 1, "num_citations": 0, "num_publications_5y": 0, "num_citations_5y": 0, "num_publications_10y": 0, "num_citations_10y": 0, "publications_years": {"2019": 1}, "citations_years": {}, "old_citations": {"2019": 0}, "isVisible": false}}, "industrial_sectors": {"technology": {"name": "technology", "type": "industrial sector", "h5_index": 229, "num_publications": 6, "num_citations": 2, "num_publications_5y": 1, "num_citations_5y": 2, "num_publications_10y": 1, "num_citations_10y": 2, "publications_years": {"2019": 5, "2018": 1}, "citations_years": {"2018": 2}, "old_citations": {"2019": 0, "2018": 2}, "isVisible": false}, "semiconductor": {"name": "semiconductor", "type": "industrial sector", "h5_index": 102, "num_publications": 4, "num_citations": 2, "num_publications_5y": 1, "num_citations_5y": 2, "num_publications_10y": 1, "num_citations_10y": 2, "publications_years": {"2019": 3, "2018": 1}, "citations_years": {"2018": 2}, "old_citations": {"2019": 0, "2018": 2}, "isVisible": false}, "computing_and_it": {"name": "computing_and_it", "type": "industrial sector", "h5_index": 221, "num_publications": 3, "num_citations": 2, "num_publications_5y": 1, "num_citations_5y": 2, "num_publications_10y": 1, "num_citations_10y": 2, "publications_years": {"2018": 1, "2019": 2}, "citations_years": {"2018": 2}, "old_citations": {"2018": 2, "2019": 0}, "isVisible": false}, "information_technology": {"name": "information_technology", "type": "industrial sector", "h5_index": 74, "num_publications": 2, "num_citations": 0, "num_publications_5y": 0, "num_citations_5y": 0, "num_publications_10y": 0, "num_citations_10y": 0, "publications_years": {"2019": 2}, "citations_years": {}, "old_citations": {"2019": 0}, "isVisible": false}, "electronics": {"name": "electronics", "type": "industrial sector", "h5_index": 134, "num_publications": 1, "num_citations": 0, "num_publications_5y": 0, "num_citations_5y": 0, "num_publications_10y": 0, "num_citations_10y": 0, "publications_years": {"2019": 1}, "citations_years": {}, "old_citations": {"2019": 0}, "isVisible": false}, "management": {"name": "management", "type": "industrial sector", "h5_index": 67, "num_publications": 1, "num_citations": 0, "num_publications_5y": 1, "num_citations_5y": 0, "num_publications_10y": 1, "num_citations_10y": 0, "publications_years": {"2018": 1}, "citations_years": {}, "old_citations": {"2018": 0}, "isVisible": false}, "telecommunications": {"name": "telecommunications", "type": "industrial sector", "h5_index": 89, "num_publications": 1, "num_citations": 2, "num_publications_5y": 1, "num_citations_5y": 2, "num_publications_10y": 1, "num_citations_10y": 2, "publications_years": {"2018": 1}, "citations_years": {"2018": 2}, "old_citations": {"2018": 2}, "isVisible": false}}}, "conference_comparison": {"computer science": {}}, "topics_dna": {"publications": {}, "citations": {"normalized": {}, "average": {}}}, "info": {"num_publications": 33, "num_citations": 10.0, "impact_factor": {"2010": 0.0, "2011": 0.0, "2012": 0, "2013": 0, "2014": 0, "2015": 1.0, "2016": 0.0, "2017": 0.0, "2018": 0.0, "2019": 0.14285714285714285}, "publications_years": {"2018": 13, "2019": 11, "2008": 4, "2014": 2, "2009": 1, "2016": 1, "2017": 1}, "citations_years": {"2009": 2, "2010": 0, "2011": 0, "2012": 0, "2013": 0, "2014": 0, "2015": 2, "2016": 0, "2017": 0, "2018": 3, "2019": 2, "2020": 1}, "old_citations": {"2018": 6, "2019": 0, "2008": 2, "2014": 2, "2009": 0, "2016": 0, "2017": 0}, "h5_index": 1}, "percentile": {"computer science": {"2018": 67, "2019": 17, "2008": 58, "2014": 54, "2009": 15, "2016": 16, "2017": 16}}, "conference_ranking": {"computer science": {"2018": 1382, "2019": 3518, "2008": 1754, "2014": 1946, "2009": 3601, "2016": 3581, "2017": 3564}}, "academia": {"num_publications": 14, "num_citations": 4, "publications_years": {"2014": 2, "2015": 0, "2016": 1, "2017": 1, "2018": 6, "2019": 4}, "old_citations": {"2014": 2, "2015": 0, "2016": 0, "2017": 0, "2018": 2, "2019": 0}, "num_publications_5y": 12, "num_citations_5y": 2, "num_publications_10y": 14, "num_citations_10y": 4}, "industry": {"num_publications": 5, "num_citations": 2, "publications_years": {"2018": 2, "2019": 3}, "old_citations": {"2018": 2, "2019": 0}, "num_publications_5y": 5, "num_citations_5y": 2, "num_publications_10y": 5, "num_citations_10y": 2}, "collaborative": {"num_publications": 0, "num_citations": 0, "publications_years": {}, "old_citations": {}, "num_publications_5y": 0, "num_citations_5y": 0, "num_publications_10y": 0, "num_citations_10y": 0}, "conferences": {}, "journals": {}, "organizations": {"publication_overall": ["Chuo University", "IBM (United States)", "Keio University", "Texas Instruments (United States)", "Tokyo University of Science", "Yamaguchi University", "Chukyo University", "Hitachi (Japan)", "Huawei Technologies (China)", "ITRI International", "Intel (United States)", "Kokushikan University", "Kyushu Institute of Technology", "Kyushu University", "Meisei University", "Mitsubishi Electric (Germany)", "Nagoya University", "National Institute of Advanced Industrial Science and Technology", "Nihon University", "Tamagawa University", "Tokyo Polytechnic University", "University of Electro-Communications", "Waseda University"], "citation_overall": ["Huawei Technologies (China)", "ITRI International", "Kokushikan University", "Meisei University", "Nagoya University", "National Institute of Advanced Industrial Science and Technology", "Tokyo University of Science", "Waseda University", "Yamaguchi University", "Chukyo University", "Chuo University", "Hitachi (Japan)", "IBM (United States)", "Intel (United States)", "Keio University", "Kyushu Institute of Technology", "Kyushu University", "Mitsubishi Electric (Germany)", "Nihon University", "Tamagawa University", "Texas Instruments (United States)", "Tokyo Polytechnic University", "University of Electro-Communications"], "publication_10_years": ["Chuo University", "IBM (United States)", "Keio University", "Texas Instruments (United States)", "Tokyo University of Science", "Yamaguchi University", "Chukyo University", "Hitachi (Japan)", "Huawei Technologies (China)", "ITRI International", "Intel (United States)", "Kokushikan University", "Kyushu Institute of Technology", "Kyushu University", "Meisei University", "Mitsubishi Electric (Germany)", "Nagoya University", "National Institute of Advanced Industrial Science and Technology", "Nihon University", "Tamagawa University", "Tokyo Polytechnic University", "University of Electro-Communications", "Waseda University"], "citation_10_years": ["Huawei Technologies (China)", "ITRI International", "Kokushikan University", "Meisei University", "Nagoya University", "National Institute of Advanced Industrial Science and Technology", "Tokyo University of Science", "Waseda University", "Yamaguchi University", "Chukyo University", "Chuo University", "Hitachi (Japan)", "IBM (United States)", "Intel (United States)", "Keio University", "Kyushu Institute of Technology", "Kyushu University", "Mitsubishi Electric (Germany)", "Nihon University", "Tamagawa University", "Texas Instruments (United States)", "Tokyo Polytechnic University", "University of Electro-Communications"], "publication_5_years": ["Chuo University", "IBM (United States)", "Keio University", "Texas Instruments (United States)", "Yamaguchi University", "Chukyo University", "Hitachi (Japan)", "Huawei Technologies (China)", "ITRI International", "Intel (United States)", "Kyushu Institute of Technology", "Kyushu University", "Meisei University", "Mitsubishi Electric (Germany)", "Nagoya University", "National Institute of Advanced Industrial Science and Technology", "Nihon University", "Tamagawa University", "Tokyo Polytechnic University", "Tokyo University of Science", "University of Electro-Communications"], "citation_5_years": ["Huawei Technologies (China)", "ITRI International", "Meisei University", "Nagoya University", "National Institute of Advanced Industrial Science and Technology", "Yamaguchi University", "Chukyo University", "Chuo University", "Hitachi (Japan)", "IBM (United States)", "Intel (United States)", "Keio University", "Kyushu Institute of Technology", "Kyushu University", "Mitsubishi Electric (Germany)", "Nihon University", "Tamagawa University", "Texas Instruments (United States)", "Tokyo Polytechnic University", "Tokyo University of Science", "University of Electro-Communications"]}, "countries": {"publication_overall": ["Japan", "United States", "China", "Germany"], "citation_overall": ["Japan", "China", "United States", "Germany"], "publication_10_years": ["Japan", "United States", "China", "Germany"], "citation_10_years": ["Japan", "China", "United States", "Germany"], "publication_5_years": ["Japan", "United States", "China", "Germany"], "citation_5_years": ["Japan", "China", "United States", "Germany"]}, "topics": {"publication_overall": ["computer science", "computer systems", "computer networks", "computer hardware", "telecommunication systems", "communication systems", "wireless telecommunication systems", "engineering", "communication channels (information theory)", "signal processing", "telecommunication networks", "bandwidth", "mathematics", "telecommunication traffic", "artificial intelligence", "data communication systems", "software design", "software engineering", "antennas", "sensors"], "citation_overall": ["computer hardware", "computer science", "computer systems", "engineering", "communication systems", "computer networks", "telecommunication networks", "telecommunication systems", "wireless telecommunication systems", "bandwidth", "telecommunication traffic", "artificial intelligence", "communication channels (information theory)", "data communication systems", "mobile telecommunication systems", "sensors", "distributed computer systems", "distributed systems", "mathematics", "microprocessor chips"], "publication_10_years": ["computer science", "computer systems", "computer hardware", "computer networks", "telecommunication systems", "communication systems", "wireless telecommunication systems", "engineering", "mathematics", "telecommunication networks", "signal processing", "artificial intelligence", "bandwidth", "communication channels (information theory)", "telecommunication traffic", "data communication systems", "microprocessor chips", "software architecture", "software design", "software engineering"], "citation_10_years": ["computer hardware", "computer science", "computer systems", "engineering", "artificial intelligence", "communication systems", "computer networks", "telecommunication networks", "telecommunication systems", "wireless telecommunication systems", "bandwidth", "distributed computer systems", "distributed systems", "mathematics", "microprocessor chips", "parallel processing systems", "program processors", "signal processing", "telecommunication traffic", "antennas"], "publication_5_years": ["computer science", "computer systems", "computer hardware", "computer networks", "telecommunication systems", "communication systems", "wireless telecommunication systems", "engineering", "mathematics", "telecommunication networks", "artificial intelligence", "signal processing", "bandwidth", "communication channels (information theory)", "microprocessor chips", "telecommunication traffic", "data communication systems", "internet", "software architecture", "software design"], "citation_5_years": ["computer hardware", "computer science", "computer systems", "artificial intelligence", "distributed computer systems", "distributed systems", "engineering", "microprocessor chips", "parallel processing systems", "program processors", "communication", "communication systems", "computer networks", "radio", "telecommunication networks", "telecommunication systems", "wireless telecommunication systems", "antennas", "bandwidth", "cognitive radio"]}, "main_topics": ["computer science"], "authors": {"publication_overall": ["2236577116", "2974209293", "2105443006", "2150835661", "2222379113", "2432437727", "2514023786", "2625051621", "2789234713", "2974719150", "298486066", "1952742408", "1977505755", "2045129266", "2045782219", "2059752548", "2090159122", "2112252499", "2113334358", "2113668789", "2119305836", "2124644409", "2129947257", "2132421335", "2137896568", "2138881137", "2169778271", "2170425259", "2188947227", "2223814988", "2224820417", "2230911538", "2241456324", "2250413078", "2261629643", "2279014932", "2279274839", "2287826733", "2298555009", "2299861584", "2305038501", "2307527980", "2307559575", "2308426617", "2312109146", "2343059242", "2346351340", "2422020998", "2440270161", "2443383148", "2477335621", "2484515849", "2507789497", "2525258499", "2526941812", "2571359349", "2572267284", "2577753553", "2578175107", "2594913067", "2609441492", "2624821922", "2624906974", "2625744835", "2650629829", "2676681717", "2710119105", "2718757449", "2753125682", "2771334929", "2783528859", "2788509798", "2792012928", "2796479463", "2803462562", "2804190852", "2805781175", "2807738480", "2807744359", "2807817354", "2807831931", "2807865236", "2807959594", "2808015614", "2808033495", "2808117717", "2808127525", "2808183743", "2808227575", "2808256444", "2808333604", "2808397118", "2808407386", "2808479181", "2808554783", "2808665127", "2808676869", "2835659219", "2900745731", "2913933480"], "citation_overall": ["2808397118", "2974209293", "298486066", "2112252499", "2113668789", "2124644409", "2137896568", "2138881137", "2170425259", "2188947227", "2241456324", "2299861584", "2308426617", "2440270161", "2514023786", "2572267284", "2783528859", "2789234713", "2807744359", "2807817354", "2808015614", "2808127525", "2808256444", "2808333604", "2808407386", "2808665127", "2913933480", "2917306231", "2922772943", "1952742408", "1977505755", "2045129266", "2045782219", "2059752548", "2090159122", "2105443006", "2113334358", "2119305836", "2129947257", "2132421335", "2150835661", "2169778271", "2222379113", "2223814988", "2224820417", "2230911538", "2236577116", "2250413078", "2261629643", "2279014932", "2279274839", "2287826733", "2298555009", "2305038501", "2307527980", "2307559575", "2312109146", "2343059242", "2346351340", "2422020998", "2432437727", "2443383148", "2477335621", "2484515849", "2507789497", "2525258499", "2526941812", "2571359349", "2577753553", "2578175107", "2594913067", "2609441492", "2624821922", "2624906974", "2625051621", "2625744835", "2650629829", "2676681717", "2710119105", "2718757449", "2753125682", "2771334929", "2788509798", "2792012928", "2796479463", "2803462562", "2804190852", "2805781175", "2807738480", "2807831931", "2807865236", "2807959594", "2808033495", "2808117717", "2808183743", "2808227575", "2808479181", "2808554783", "2808676869", "2835659219"], "publication_10_years": ["2236577116", "2105443006", "2150835661", "2222379113", "2432437727", "2514023786", "2625051621", "2789234713", "298486066", "1952742408", "1977505755", "2045129266", "2045782219", "2059752548", "2090159122", "2112252499", "2113334358", "2113668789", "2119305836", "2124644409", "2129947257", "2132421335", "2137896568", "2138881137", "2169778271", "2170425259", "2188947227", "2223814988", "2224820417", "2230911538", "2241456324", "2250413078", "2261629643", "2279014932", "2279274839", "2287826733", "2298555009", "2299861584", "2305038501", "2307527980", "2307559575", "2308426617", "2312109146", "2343059242", "2346351340", "2422020998", "2440270161", "2443383148", "2477335621", "2484515849", "2507789497", "2525258499", "2526941812", "2571359349", "2572267284", "2577753553", "2578175107", "2594913067", "2609441492", "2624821922", "2624906974", "2625744835", "2650629829", "2676681717", "2710119105", "2718757449", "2753125682", "2771334929", "2783528859", "2788509798", "2792012928", "2796479463", "2803462562", "2804190852", "2805781175", "2807738480", "2807744359", "2807817354", "2807831931", "2807865236", "2807959594", "2808015614", "2808033495", "2808117717", "2808127525", "2808183743", "2808227575", "2808256444", "2808333604", "2808397118", "2808407386", "2808479181", "2808554783", "2808665127", "2808676869", "2835659219", "2900745731", "2913933480", "2917306231", "2922772943"], "citation_10_years": ["2808397118", "298486066", "2112252499", "2113668789", "2124644409", "2137896568", "2138881137", "2170425259", "2188947227", "2241456324", "2299861584", "2308426617", "2440270161", "2514023786", "2572267284", "2783528859", "2789234713", "2807744359", "2807817354", "2808015614", "2808127525", "2808256444", "2808333604", "2808407386", "2808665127", "2913933480", "2917306231", "2922772943", "1952742408", "1977505755", "2045129266", "2045782219", "2059752548", "2090159122", "2105443006", "2113334358", "2119305836", "2129947257", "2132421335", "2150835661", "2169778271", "2222379113", "2223814988", "2224820417", "2230911538", "2236577116", "2250413078", "2261629643", "2279014932", "2279274839", "2287826733", "2298555009", "2305038501", "2307527980", "2307559575", "2312109146", "2343059242", "2346351340", "2422020998", "2432437727", "2443383148", "2477335621", "2484515849", "2507789497", "2525258499", "2526941812", "2571359349", "2577753553", "2578175107", "2594913067", "2609441492", "2624821922", "2624906974", "2625051621", "2625744835", "2650629829", "2676681717", "2710119105", "2718757449", "2753125682", "2771334929", "2788509798", "2792012928", "2796479463", "2803462562", "2804190852", "2805781175", "2807738480", "2807831931", "2807865236", "2807959594", "2808033495", "2808117717", "2808183743", "2808227575", "2808479181", "2808554783", "2808676869", "2835659219", "2900745731"], "publication_5_years": ["2236577116", "2105443006", "2150835661", "2222379113", "2432437727", "2625051621", "2789234713", "1952742408", "1977505755", "2045129266", "2045782219", "2059752548", "2090159122", "2112252499", "2113334358", "2113668789", "2119305836", "2124644409", "2129947257", "2132421335", "2138881137", "2169778271", "2188947227", "2223814988", "2224820417", "2230911538", "2241456324", "2250413078", "2261629643", "2279014932", "2279274839", "2287826733", "2298555009", "2305038501", "2307527980", "2307559575", "2312109146", "2343059242", "2346351340", "2422020998", "2440270161", "2443383148", "2477335621", "2484515849", "2507789497", "2514023786", "2525258499", "2526941812", "2571359349", "2572267284", "2577753553", "2578175107", "2594913067", "2609441492", "2624821922", "2624906974", "2625744835", "2650629829", "2676681717", "2710119105", "2718757449", "2753125682", "2771334929", "2783528859", "2788509798", "2792012928", "2796479463", "2803462562", "2804190852", "2805781175", "2807738480", "2807744359", "2807817354", "2807831931", "2807865236", "2807959594", "2808015614", "2808033495", "2808117717", "2808127525", "2808183743", "2808227575", "2808256444", "2808333604", "2808397118", "2808407386", "2808479181", "2808554783", "2808665127", "2808676869", "2835659219", "2900745731", "2913933480", "2917306231", "2922772943", "2936118953", "2936331684", "2940021309", "2943017673", "2943786707"], "citation_5_years": ["2808397118", "2112252499", "2113668789", "2124644409", "2138881137", "2188947227", "2241456324", "2440270161", "2572267284", "2783528859", "2789234713", "2807744359", "2807817354", "2808015614", "2808127525", "2808256444", "2808333604", "2808407386", "2808665127", "2913933480", "2917306231", "2922772943", "1952742408", "1977505755", "2045129266", "2045782219", "2059752548", "2090159122", "2105443006", "2113334358", "2119305836", "2129947257", "2132421335", "2150835661", "2169778271", "2222379113", "2223814988", "2224820417", "2230911538", "2236577116", "2250413078", "2261629643", "2279014932", "2279274839", "2287826733", "2298555009", "2305038501", "2307527980", "2307559575", "2312109146", "2343059242", "2346351340", "2422020998", "2432437727", "2443383148", "2477335621", "2484515849", "2507789497", "2514023786", "2525258499", "2526941812", "2571359349", "2577753553", "2578175107", "2594913067", "2609441492", "2624821922", "2624906974", "2625051621", "2625744835", "2650629829", "2676681717", "2710119105", "2718757449", "2753125682", "2771334929", "2788509798", "2792012928", "2796479463", "2803462562", "2804190852", "2805781175", "2807738480", "2807831931", "2807865236", "2807959594", "2808033495", "2808117717", "2808183743", "2808227575", "2808479181", "2808554783", "2808676869", "2835659219", "2900745731", "2936118953", "2936331684", "2940021309", "2943017673", "2943786707"]}, "industrial_sectors": {"publication_overall": ["technology", "semiconductor", "computing_and_it", "information_technology", "electronics", "management", "telecommunications"], "citation_overall": ["computing_and_it", "semiconductor", "technology", "telecommunications", "electronics", "information_technology", "management"], "publication_10_years": ["technology", "semiconductor", "computing_and_it", "information_technology", "electronics", "management", "telecommunications"], "citation_10_years": ["computing_and_it", "semiconductor", "technology", "telecommunications", "electronics", "information_technology", "management"], "publication_5_years": ["technology", "semiconductor", "computing_and_it", "information_technology", "electronics", "management", "telecommunications"], "citation_5_years": ["computing_and_it", "semiconductor", "technology", "telecommunications", "electronics", "information_technology", "management"]}}