{"name": "Workshop on Research Advances in Large Digital Book Repositories", "acronym": "BooksOnline", "type": "conference", "uniqueEntities": {"organizations": {"Universita della Svizzera Italiana": {"name": "Universita della Svizzera Italiana", "type": "organization", "organization_type": "Education", "h_index": 81, "h5_index": 33, "num_publications": 4, "num_citations": 43, "num_publications_5y": 0, "num_citations_5y": 7, "num_publications_10y": 2, "num_citations_10y": 43, "publications_years": {"2008": 2, "2010": 2}, "citations_years": {"2009": 1, "2010": 4, "2011": 16, "2012": 4, "2013": 11, "2014": 5, "2015": 0, "2016": 0, "2017": 2}, "old_citations": {"2008": 23, "2010": 20}, "isVisible": false}, "Microsoft (United States)": {"name": "Microsoft (United States)", "type": "organization", "organization_type": "Company", "h_index": 460, "h5_index": 116, "num_publications": 3, "num_citations": 14, "num_publications_5y": 0, "num_citations_5y": 6, "num_publications_10y": 1, "num_citations_10y": 14, "publications_years": {"2008": 2, "2012": 1}, "citations_years": {"2009": 1, "2010": 1, "2011": 2, "2012": 2, "2013": 2, "2014": 1, "2015": 3, "2016": 2}, "old_citations": {"2008": 11, "2012": 3}, "isVisible": false}, "City, University of London": {"name": "City, University of London", "type": "organization", "organization_type": "Education", "h_index": 77, "h5_index": 23, "num_publications": 2, "num_citations": 40, "num_publications_5y": 0, "num_citations_5y": 15, "num_publications_10y": 2, "num_citations_10y": 37, "publications_years": {"2010": 2}, "citations_years": {"2010": 2, "2011": 4, "2012": 7, "2013": 9, "2014": 2, "2015": 1, "2016": 6, "2017": 4, "2018": 2, "2019": 3}, "old_citations": {"2010": 40}, "isVisible": false}, "Rutgers, The State University of New Jersey": {"name": "Rutgers, The State University of New Jersey", "type": "organization", "organization_type": "Education", "h_index": 218, "h5_index": 52, "num_publications": 2, "num_citations": 2, "num_publications_5y": 0, "num_citations_5y": 2, "num_publications_10y": 0, "num_citations_10y": 2, "publications_years": {"2008": 2}, "citations_years": {"2016": 2}, "old_citations": {"2008": 2}, "isVisible": false}, "Swansea University": {"name": "Swansea University", "type": "organization", "organization_type": "Education", "h_index": 70, "h5_index": 24, "num_publications": 2, "num_citations": 40, "num_publications_5y": 0, "num_citations_5y": 15, "num_publications_10y": 2, "num_citations_10y": 37, "publications_years": {"2010": 2}, "citations_years": {"2010": 2, "2011": 4, "2012": 7, "2013": 9, "2014": 2, "2015": 1, "2016": 6, "2017": 4, "2018": 2, "2019": 3}, "old_citations": {"2010": 40}, "isVisible": false}, "University of Toronto": {"name": "University of Toronto", "type": "organization", "organization_type": "Education", "h_index": 278, "h5_index": 73, "num_publications": 2, "num_citations": 11, "num_publications_5y": 0, "num_citations_5y": 2, "num_publications_10y": 2, "num_citations_10y": 11, "publications_years": {"2012": 1, "2010": 1}, "citations_years": {"2012": 3, "2013": 4, "2014": 0, "2015": 0, "2016": 1, "2017": 1, "2010": 1, "2011": 1}, "old_citations": {"2012": 3, "2010": 8}, "isVisible": false}, "University of Victoria": {"name": "University of Victoria", "type": "organization", "organization_type": "Education", "h_index": 91, "h5_index": 32, "num_publications": 2, "num_citations": 3, "num_publications_5y": 0, "num_citations_5y": 0, "num_publications_10y": 1, "num_citations_10y": 3, "publications_years": {"2010": 1, "2008": 1}, "citations_years": {"2010": 2, "2011": 1}, "old_citations": {"2010": 2, "2008": 1}, "isVisible": false}, "Bibliotheca Alexandrina": {"name": "Bibliotheca Alexandrina", "type": "organization", "organization_type": "Archive", "h_index": 3, "h5_index": 1, "num_publications": 1, "num_citations": 2, "num_publications_5y": 0, "num_citations_5y": 1, "num_publications_10y": 0, "num_citations_10y": 2, "publications_years": {"2008": 1}, "citations_years": {"2012": 1, "2013": 0, "2014": 0, "2015": 0, "2016": 1}, "old_citations": {"2008": 2}, "isVisible": false}, "Brigham Young University": {"name": "Brigham Young University", "type": "organization", "organization_type": "Education", "h_index": 107, "h5_index": 20, "num_publications": 1, "num_citations": 6, "num_publications_5y": 0, "num_citations_5y": 3, "num_publications_10y": 1, "num_citations_10y": 5, "publications_years": {"2012": 1}, "citations_years": {"2012": 1, "2013": 1, "2014": 1, "2015": 0, "2016": 2, "2017": 0, "2018": 0, "2019": 1}, "old_citations": {"2012": 6}, "isVisible": false}, "Carnegie Mellon University": {"name": "Carnegie Mellon University", "type": "organization", "organization_type": "Education", "h_index": 441, "h5_index": 107, "num_publications": 1, "num_citations": 2, "num_publications_5y": 0, "num_citations_5y": 2, "num_publications_10y": 0, "num_citations_10y": 2, "publications_years": {"2008": 1}, "citations_years": {"2016": 2}, "old_citations": {"2008": 2}, "isVisible": false}, "Instituto de Engenharia de Sistemas e Computadores Investiga\u00e7\u00e3o e Desenvolvimento": {"name": "Instituto de Engenharia de Sistemas e Computadores Investiga\u00e7\u00e3o e Desenvolvimento", "type": "organization", "organization_type": "Nonprofit", "h_index": 54, "h5_index": 13, "num_publications": 1, "num_citations": 10, "num_publications_5y": 0, "num_citations_5y": 6, "num_publications_10y": 1, "num_citations_10y": 8, "publications_years": {"2012": 1}, "citations_years": {"2012": 1, "2013": 1, "2014": 0, "2015": 1, "2016": 1, "2017": 1, "2018": 3, "2019": 2}, "old_citations": {"2012": 10}, "isVisible": false}, "National Academies of Sciences, Engineering, and Medicine": {"name": "National Academies of Sciences, Engineering, and Medicine", "type": "organization", "organization_type": "Government", "h_index": 130, "h5_index": 36, "num_publications": 1, "num_citations": 3, "num_publications_5y": 0, "num_citations_5y": 1, "num_publications_10y": 1, "num_citations_10y": 3, "publications_years": {"2012": 1}, "citations_years": {"2012": 1, "2013": 1, "2014": 0, "2015": 0, "2016": 0, "2017": 1}, "old_citations": {"2012": 3}, "isVisible": false}, "Pennsylvania State University": {"name": "Pennsylvania State University", "type": "organization", "organization_type": "Education", "h_index": 194, "h5_index": 50, "num_publications": 1, "num_citations": 0, "num_publications_5y": 0, "num_citations_5y": 0, "num_publications_10y": 0, "num_citations_10y": 0, "publications_years": {"2008": 1}, "citations_years": {}, "old_citations": {"2008": 0}, "isVisible": false}, "University of Alberta": {"name": "University of Alberta", "type": "organization", "organization_type": "Education", "h_index": 133, "h5_index": 39, "num_publications": 1, "num_citations": 1, "num_publications_5y": 0, "num_citations_5y": 0, "num_publications_10y": 0, "num_citations_10y": 1, "publications_years": {"2008": 1}, "citations_years": {"2010": 1}, "old_citations": {"2008": 1}, "isVisible": false}, "University of Konstanz": {"name": "University of Konstanz", "type": "organization", "organization_type": "Education", "h_index": 76, "h5_index": 23, "num_publications": 1, "num_citations": 6, "num_publications_5y": 0, "num_citations_5y": 2, "num_publications_10y": 1, "num_citations_10y": 5, "publications_years": {"2012": 1}, "citations_years": {"2012": 1, "2013": 2, "2014": 0, "2015": 0, "2016": 1, "2017": 1, "2018": 0, "2019": 1}, "old_citations": {"2012": 6}, "isVisible": false}, "University of Lisbon": {"name": "University of Lisbon", "type": "organization", "organization_type": "Education", "h_index": 64, "h5_index": 20, "num_publications": 1, "num_citations": 0, "num_publications_5y": 0, "num_citations_5y": 0, "num_publications_10y": 0, "num_citations_10y": 0, "publications_years": {"2008": 1}, "citations_years": {}, "old_citations": {"2008": 0}, "isVisible": false}, "University of Massachusetts Amherst": {"name": "University of Massachusetts Amherst", "type": "organization", "organization_type": "Education", "h_index": 225, "h5_index": 50, "num_publications": 1, "num_citations": 2, "num_publications_5y": 0, "num_citations_5y": 0, "num_publications_10y": 1, "num_citations_10y": 2, "publications_years": {"2012": 1}, "citations_years": {"2012": 1, "2013": 1}, "old_citations": {"2012": 2}, "isVisible": false}, "University of Pennsylvania": {"name": "University of Pennsylvania", "type": "organization", "organization_type": "Education", "h_index": 223, "h5_index": 53, "num_publications": 1, "num_citations": 2, "num_publications_5y": 0, "num_citations_5y": 0, "num_publications_10y": 1, "num_citations_10y": 2, "publications_years": {"2010": 1}, "citations_years": {"2010": 1, "2011": 1}, "old_citations": {"2010": 2}, "isVisible": false}, "University of Pittsburgh": {"name": "University of Pittsburgh", "type": "organization", "organization_type": "Education", "h_index": 174, "h5_index": 40, "num_publications": 1, "num_citations": 15, "num_publications_5y": 0, "num_citations_5y": 3, "num_publications_10y": 0, "num_citations_10y": 15, "publications_years": {"2008": 1}, "citations_years": {"2009": 3, "2010": 0, "2011": 2, "2012": 2, "2013": 5, "2014": 0, "2015": 1, "2016": 1, "2017": 1}, "old_citations": {"2008": 15}, "isVisible": false}}, "topics": {"computer science": {"name": "computer science", "type": "topic", "h_index": 1779, "h5_index": 416, "num_publications": 32, "num_citations": 226, "num_publications_5y": 0, "num_citations_5y": 61, "num_publications_10y": 18, "num_citations_10y": 217, "publications_years": {"2008": 14, "2010": 9, "2012": 9}, "citations_years": {"2010": 20, "2011": 46, "2012": 36, "2009": 8, "2013": 46, "2014": 14, "2015": 10, "2016": 19, "2017": 12, "2018": 6, "2019": 9}, "old_citations": {"2008": 87, "2010": 98, "2012": 41}, "isVisible": false}, "computer systems": {"name": "computer systems", "type": "topic", "h_index": 1595, "h5_index": 367, "num_publications": 30, "num_citations": 218, "num_publications_5y": 0, "num_citations_5y": 58, "num_publications_10y": 17, "num_citations_10y": 210, "publications_years": {"2008": 13, "2010": 9, "2012": 8}, "citations_years": {"2010": 20, "2011": 45, "2012": 34, "2009": 8, "2013": 45, "2014": 13, "2015": 10, "2016": 17, "2017": 12, "2018": 6, "2019": 8}, "old_citations": {"2008": 85, "2010": 98, "2012": 35}, "isVisible": false}, "human computer interaction": {"name": "human computer interaction", "type": "topic", "h_index": 934, "h5_index": 215, "num_publications": 25, "num_citations": 190, "num_publications_5y": 0, "num_citations_5y": 48, "num_publications_10y": 14, "num_citations_10y": 184, "publications_years": {"2008": 11, "2010": 8, "2012": 6}, "citations_years": {"2010": 16, "2011": 42, "2012": 32, "2009": 6, "2013": 40, "2014": 10, "2015": 8, "2016": 14, "2017": 11, "2018": 5, "2019": 6}, "old_citations": {"2008": 69, "2010": 96, "2012": 25}, "isVisible": false}, "internet": {"name": "internet", "type": "topic", "h_index": 1102, "h5_index": 245, "num_publications": 23, "num_citations": 151, "num_publications_5y": 0, "num_citations_5y": 35, "num_publications_10y": 12, "num_citations_10y": 146, "publications_years": {"2008": 11, "2010": 5, "2012": 7}, "citations_years": {"2010": 13, "2011": 34, "2012": 24, "2009": 7, "2013": 33, "2014": 9, "2015": 6, "2016": 9, "2017": 7, "2018": 4, "2019": 5}, "old_citations": {"2008": 69, "2010": 48, "2012": 34}, "isVisible": false}, "user interfaces": {"name": "user interfaces", "type": "topic", "h_index": 845, "h5_index": 182, "num_publications": 22, "num_citations": 155, "num_publications_5y": 0, "num_citations_5y": 37, "num_publications_10y": 12, "num_citations_10y": 152, "publications_years": {"2008": 10, "2010": 7, "2012": 5}, "citations_years": {"2010": 15, "2011": 39, "2012": 24, "2009": 6, "2013": 31, "2014": 9, "2015": 7, "2016": 10, "2017": 7, "2018": 4, "2019": 3}, "old_citations": {"2008": 67, "2010": 69, "2012": 19}, "isVisible": false}, "world wide web": {"name": "world wide web", "type": "topic", "h_index": 869, "h5_index": 173, "num_publications": 22, "num_citations": 141, "num_publications_5y": 0, "num_citations_5y": 29, "num_publications_10y": 11, "num_citations_10y": 138, "publications_years": {"2008": 11, "2010": 5, "2012": 6}, "citations_years": {"2010": 13, "2011": 34, "2012": 23, "2009": 7, "2013": 32, "2014": 9, "2015": 5, "2016": 8, "2017": 6, "2018": 1, "2019": 3}, "old_citations": {"2008": 69, "2010": 48, "2012": 24}, "isVisible": false}, "database systems": {"name": "database systems", "type": "topic", "h_index": 1167, "h5_index": 276, "num_publications": 20, "num_citations": 131, "num_publications_5y": 0, "num_citations_5y": 49, "num_publications_10y": 12, "num_citations_10y": 123, "publications_years": {"2008": 8, "2010": 6, "2012": 6}, "citations_years": {"2009": 5, "2010": 12, "2011": 18, "2012": 17, "2013": 22, "2014": 10, "2015": 9, "2016": 14, "2017": 10, "2018": 6, "2019": 8}, "old_citations": {"2008": 49, "2010": 51, "2012": 31}, "isVisible": false}, "artificial intelligence": {"name": "artificial intelligence", "type": "topic", "h_index": 1421, "h5_index": 373, "num_publications": 19, "num_citations": 147, "num_publications_5y": 0, "num_citations_5y": 47, "num_publications_10y": 12, "num_citations_10y": 139, "publications_years": {"2008": 7, "2010": 6, "2012": 6}, "citations_years": {"2009": 5, "2010": 13, "2011": 29, "2012": 16, "2013": 29, "2014": 10, "2015": 8, "2016": 13, "2017": 10, "2018": 6, "2019": 8}, "old_citations": {"2008": 57, "2010": 61, "2012": 29}, "isVisible": false}, "information retrieval": {"name": "information retrieval", "type": "topic", "h_index": 882, "h5_index": 227, "num_publications": 17, "num_citations": 122, "num_publications_5y": 0, "num_citations_5y": 46, "num_publications_10y": 12, "num_citations_10y": 113, "publications_years": {"2008": 5, "2010": 6, "2012": 6}, "citations_years": {"2009": 2, "2010": 10, "2011": 20, "2012": 15, "2013": 20, "2014": 9, "2015": 8, "2016": 14, "2017": 9, "2018": 6, "2019": 9}, "old_citations": {"2008": 27, "2010": 61, "2012": 34}, "isVisible": false}, "telecommunication networks": {"name": "telecommunication networks", "type": "topic", "h_index": 1116, "h5_index": 258, "num_publications": 16, "num_citations": 118, "num_publications_5y": 0, "num_citations_5y": 34, "num_publications_10y": 7, "num_citations_10y": 115, "publications_years": {"2008": 9, "2010": 4, "2012": 3}, "citations_years": {"2010": 13, "2011": 24, "2012": 16, "2009": 5, "2013": 23, "2014": 8, "2015": 7, "2016": 10, "2017": 7, "2018": 2, "2019": 3}, "old_citations": {"2008": 67, "2010": 44, "2012": 7}, "isVisible": false}, "telecommunication systems": {"name": "telecommunication systems", "type": "topic", "h_index": 1187, "h5_index": 277, "num_publications": 16, "num_citations": 118, "num_publications_5y": 0, "num_citations_5y": 34, "num_publications_10y": 7, "num_citations_10y": 115, "publications_years": {"2008": 9, "2010": 4, "2012": 3}, "citations_years": {"2010": 13, "2011": 24, "2012": 16, "2009": 5, "2013": 23, "2014": 8, "2015": 7, "2016": 10, "2017": 7, "2018": 2, "2019": 3}, "old_citations": {"2008": 67, "2010": 44, "2012": 7}, "isVisible": false}, "computer networks": {"name": "computer networks", "type": "topic", "h_index": 1262, "h5_index": 332, "num_publications": 11, "num_citations": 97, "num_publications_5y": 0, "num_citations_5y": 26, "num_publications_10y": 6, "num_citations_10y": 94, "publications_years": {"2008": 5, "2010": 4, "2012": 2}, "citations_years": {"2010": 10, "2011": 21, "2012": 13, "2009": 4, "2013": 20, "2014": 6, "2015": 4, "2016": 7, "2017": 7, "2018": 2, "2019": 3}, "old_citations": {"2008": 49, "2010": 44, "2012": 4}, "isVisible": false}, "electronic publishing": {"name": "electronic publishing", "type": "topic", "h_index": 139, "h5_index": 34, "num_publications": 11, "num_citations": 107, "num_publications_5y": 0, "num_citations_5y": 15, "num_publications_10y": 5, "num_citations_10y": 107, "publications_years": {"2008": 6, "2010": 4, "2012": 1}, "citations_years": {"2010": 11, "2011": 32, "2012": 17, "2013": 26, "2014": 6, "2015": 1, "2016": 3, "2009": 6, "2017": 5}, "old_citations": {"2008": 58, "2010": 46, "2012": 3}, "isVisible": false}, "linguistics": {"name": "linguistics", "type": "topic", "h_index": 867, "h5_index": 206, "num_publications": 11, "num_citations": 76, "num_publications_5y": 0, "num_citations_5y": 30, "num_publications_10y": 7, "num_citations_10y": 71, "publications_years": {"2008": 4, "2010": 4, "2012": 3}, "citations_years": {"2012": 12, "2013": 11, "2014": 6, "2015": 5, "2016": 10, "2010": 6, "2011": 11, "2017": 6, "2018": 3, "2019": 5, "2009": 1}, "old_citations": {"2008": 19, "2010": 44, "2012": 13}, "isVisible": false}, "semantics": {"name": "semantics", "type": "topic", "h_index": 803, "h5_index": 226, "num_publications": 11, "num_citations": 73, "num_publications_5y": 0, "num_citations_5y": 30, "num_publications_10y": 6, "num_citations_10y": 68, "publications_years": {"2008": 5, "2010": 4, "2012": 2}, "citations_years": {"2012": 10, "2013": 10, "2014": 6, "2015": 5, "2016": 10, "2010": 6, "2011": 11, "2017": 6, "2018": 3, "2019": 5, "2009": 1}, "old_citations": {"2008": 19, "2010": 44, "2012": 10}, "isVisible": false}, "communication systems": {"name": "communication systems", "type": "topic", "h_index": 1092, "h5_index": 254, "num_publications": 10, "num_citations": 95, "num_publications_5y": 0, "num_citations_5y": 26, "num_publications_10y": 5, "num_citations_10y": 92, "publications_years": {"2008": 5, "2010": 3, "2012": 2}, "citations_years": {"2010": 9, "2011": 20, "2012": 13, "2009": 4, "2013": 20, "2014": 6, "2015": 4, "2016": 7, "2017": 7, "2018": 2, "2019": 3}, "old_citations": {"2008": 49, "2010": 42, "2012": 4}, "isVisible": false}, "data communication systems": {"name": "data communication systems", "type": "topic", "h_index": 1013, "h5_index": 234, "num_publications": 10, "num_citations": 83, "num_publications_5y": 0, "num_citations_5y": 24, "num_publications_10y": 6, "num_citations_10y": 80, "publications_years": {"2008": 4, "2010": 4, "2012": 2}, "citations_years": {"2010": 7, "2011": 18, "2012": 13, "2009": 2, "2013": 16, "2014": 5, "2015": 4, "2016": 7, "2017": 6, "2018": 2, "2019": 3}, "old_citations": {"2008": 35, "2010": 44, "2012": 4}, "isVisible": false}, "natural languages": {"name": "natural languages", "type": "topic", "h_index": 664, "h5_index": 185, "num_publications": 10, "num_citations": 73, "num_publications_5y": 0, "num_citations_5y": 30, "num_publications_10y": 6, "num_citations_10y": 68, "publications_years": {"2008": 4, "2010": 4, "2012": 2}, "citations_years": {"2012": 10, "2013": 10, "2014": 6, "2015": 5, "2016": 10, "2010": 6, "2011": 11, "2017": 6, "2018": 3, "2019": 5, "2009": 1}, "old_citations": {"2008": 19, "2010": 44, "2012": 10}, "isVisible": false}, "wireless telecommunication systems": {"name": "wireless telecommunication systems", "type": "topic", "h_index": 1087, "h5_index": 254, "num_publications": 10, "num_citations": 95, "num_publications_5y": 0, "num_citations_5y": 26, "num_publications_10y": 5, "num_citations_10y": 92, "publications_years": {"2008": 5, "2010": 3, "2012": 2}, "citations_years": {"2010": 9, "2011": 20, "2012": 13, "2009": 4, "2013": 20, "2014": 6, "2015": 4, "2016": 7, "2017": 7, "2018": 2, "2019": 3}, "old_citations": {"2008": 49, "2010": 42, "2012": 4}, "isVisible": false}, "computer security": {"name": "computer security", "type": "topic", "h_index": 977, "h5_index": 220, "num_publications": 9, "num_citations": 43, "num_publications_5y": 0, "num_citations_5y": 8, "num_publications_10y": 7, "num_citations_10y": 42, "publications_years": {"2008": 2, "2012": 4, "2010": 3}, "citations_years": {"2012": 9, "2013": 12, "2014": 1, "2015": 1, "2016": 3, "2017": 3, "2010": 4, "2011": 9, "2018": 0, "2019": 1}, "old_citations": {"2008": 3, "2012": 15, "2010": 25}, "isVisible": false}, "human engineering": {"name": "human engineering", "type": "topic", "h_index": 406, "h5_index": 80, "num_publications": 9, "num_citations": 83, "num_publications_5y": 0, "num_citations_5y": 8, "num_publications_10y": 5, "num_citations_10y": 83, "publications_years": {"2008": 4, "2010": 5}, "citations_years": {"2009": 4, "2010": 7, "2011": 27, "2012": 14, "2013": 23, "2014": 2, "2015": 1, "2016": 3, "2017": 2}, "old_citations": {"2008": 32, "2010": 51}, "isVisible": false}, "e-books": {"name": "e-books", "type": "topic", "h_index": 53, "h5_index": 12, "num_publications": 8, "num_citations": 81, "num_publications_5y": 0, "num_citations_5y": 11, "num_publications_10y": 5, "num_citations_10y": 81, "publications_years": {"2008": 3, "2010": 4, "2012": 1}, "citations_years": {"2012": 12, "2013": 20, "2014": 5, "2015": 0, "2016": 2, "2009": 3, "2010": 8, "2011": 27, "2017": 4}, "old_citations": {"2008": 32, "2010": 46, "2012": 3}, "isVisible": false}, "mobile computing": {"name": "mobile computing", "type": "topic", "h_index": 664, "h5_index": 170, "num_publications": 9, "num_citations": 81, "num_publications_5y": 0, "num_citations_5y": 24, "num_publications_10y": 5, "num_citations_10y": 78, "publications_years": {"2008": 4, "2010": 3, "2012": 2}, "citations_years": {"2010": 6, "2011": 17, "2012": 13, "2009": 2, "2013": 16, "2014": 5, "2015": 4, "2016": 7, "2017": 6, "2018": 2, "2019": 3}, "old_citations": {"2008": 35, "2010": 42, "2012": 4}, "isVisible": false}, "mobile devices": {"name": "mobile devices", "type": "topic", "h_index": 594, "h5_index": 156, "num_publications": 9, "num_citations": 81, "num_publications_5y": 0, "num_citations_5y": 24, "num_publications_10y": 5, "num_citations_10y": 78, "publications_years": {"2008": 4, "2010": 3, "2012": 2}, "citations_years": {"2010": 6, "2011": 17, "2012": 13, "2009": 2, "2013": 16, "2014": 5, "2015": 4, "2016": 7, "2017": 6, "2018": 2, "2019": 3}, "old_citations": {"2008": 35, "2010": 42, "2012": 4}, "isVisible": false}, "computer imaging and vision": {"name": "computer imaging and vision", "type": "topic", "h_index": 1142, "h5_index": 334, "num_publications": 8, "num_citations": 46, "num_publications_5y": 0, "num_citations_5y": 16, "num_publications_10y": 6, "num_citations_10y": 43, "publications_years": {"2008": 2, "2012": 5, "2010": 1}, "citations_years": {"2010": 3, "2011": 3, "2012": 10, "2009": 1, "2013": 10, "2014": 1, "2015": 4, "2016": 5, "2017": 3, "2018": 3, "2019": 3}, "old_citations": {"2008": 13, "2012": 25, "2010": 8}, "isVisible": false}, "image processing": {"name": "image processing", "type": "topic", "h_index": 1113, "h5_index": 328, "num_publications": 8, "num_citations": 46, "num_publications_5y": 0, "num_citations_5y": 16, "num_publications_10y": 6, "num_citations_10y": 43, "publications_years": {"2008": 2, "2012": 5, "2010": 1}, "citations_years": {"2010": 3, "2011": 3, "2012": 10, "2009": 1, "2013": 10, "2014": 1, "2015": 4, "2016": 5, "2017": 3, "2018": 3, "2019": 3}, "old_citations": {"2008": 13, "2012": 25, "2010": 8}, "isVisible": false}, "recommender systems": {"name": "recommender systems", "type": "topic", "h_index": 614, "h5_index": 140, "num_publications": 8, "num_citations": 45, "num_publications_5y": 0, "num_citations_5y": 15, "num_publications_10y": 6, "num_citations_10y": 41, "publications_years": {"2008": 2, "2012": 4, "2010": 2}, "citations_years": {"2012": 6, "2013": 9, "2014": 2, "2015": 1, "2016": 5, "2017": 4, "2018": 3, "2019": 4, "2010": 3, "2011": 8}, "old_citations": {"2008": 3, "2012": 25, "2010": 17}, "isVisible": false}, "digital watermarking": {"name": "digital watermarking", "type": "topic", "h_index": 363, "h5_index": 80, "num_publications": 4, "num_citations": 17, "num_publications_5y": 0, "num_citations_5y": 3, "num_publications_10y": 4, "num_citations_10y": 17, "publications_years": {"2012": 3, "2010": 1}, "citations_years": {"2012": 6, "2013": 6, "2014": 0, "2015": 1, "2016": 1, "2017": 1, "2010": 1, "2011": 1}, "old_citations": {"2012": 9, "2010": 8}, "isVisible": false}, "information retrieval systems": {"name": "information retrieval systems", "type": "topic", "h_index": 479, "h5_index": 85, "num_publications": 8, "num_citations": 65, "num_publications_5y": 0, "num_citations_5y": 26, "num_publications_10y": 5, "num_citations_10y": 61, "publications_years": {"2008": 3, "2010": 2, "2012": 3}, "citations_years": {"2009": 2, "2010": 5, "2011": 9, "2012": 9, "2013": 10, "2014": 6, "2015": 7, "2016": 6, "2017": 5, "2018": 2, "2019": 4}, "old_citations": {"2008": 24, "2010": 29, "2012": 12}, "isVisible": false}, "search engines": {"name": "search engines", "type": "topic", "h_index": 533, "h5_index": 93, "num_publications": 6, "num_citations": 42, "num_publications_5y": 0, "num_citations_5y": 14, "num_publications_10y": 3, "num_citations_10y": 39, "publications_years": {"2008": 3, "2012": 3}, "citations_years": {"2009": 2, "2010": 1, "2011": 7, "2012": 5, "2013": 10, "2014": 4, "2015": 3, "2016": 5, "2017": 1, "2018": 1, "2019": 3}, "old_citations": {"2008": 27, "2012": 15}, "isVisible": false}, "security of data": {"name": "security of data", "type": "topic", "h_index": 883, "h5_index": 199, "num_publications": 4, "num_citations": 17, "num_publications_5y": 0, "num_citations_5y": 3, "num_publications_10y": 4, "num_citations_10y": 17, "publications_years": {"2012": 3, "2010": 1}, "citations_years": {"2012": 6, "2013": 6, "2014": 0, "2015": 1, "2016": 1, "2017": 1, "2010": 1, "2011": 1}, "old_citations": {"2012": 9, "2010": 8}, "isVisible": false}, "collaborative filtering": {"name": "collaborative filtering", "type": "topic", "h_index": 235, "h5_index": 64, "num_publications": 2, "num_citations": 16, "num_publications_5y": 0, "num_citations_5y": 9, "num_publications_10y": 2, "num_citations_10y": 13, "publications_years": {"2012": 2}, "citations_years": {"2012": 2, "2013": 2, "2014": 1, "2015": 1, "2016": 3, "2017": 1, "2018": 3, "2019": 3}, "old_citations": {"2012": 16}, "isVisible": false}, "personalized recommendation": {"name": "personalized recommendation", "type": "topic", "h_index": 172, "h5_index": 60, "num_publications": 2, "num_citations": 16, "num_publications_5y": 0, "num_citations_5y": 9, "num_publications_10y": 2, "num_citations_10y": 13, "publications_years": {"2012": 2}, "citations_years": {"2012": 2, "2013": 2, "2014": 1, "2015": 1, "2016": 3, "2017": 1, "2018": 3, "2019": 3}, "old_citations": {"2012": 16}, "isVisible": false}, "recommendation": {"name": "recommendation", "type": "topic", "h_index": 347, "h5_index": 95, "num_publications": 2, "num_citations": 16, "num_publications_5y": 0, "num_citations_5y": 9, "num_publications_10y": 2, "num_citations_10y": 13, "publications_years": {"2012": 2}, "citations_years": {"2012": 2, "2013": 2, "2014": 1, "2015": 1, "2016": 3, "2017": 1, "2018": 3, "2019": 3}, "old_citations": {"2012": 16}, "isVisible": false}, "recommendation systems": {"name": "recommendation systems", "type": "topic", "h_index": 155, "h5_index": 54, "num_publications": 2, "num_citations": 16, "num_publications_5y": 0, "num_citations_5y": 9, "num_publications_10y": 2, "num_citations_10y": 13, "publications_years": {"2012": 2}, "citations_years": {"2012": 2, "2013": 2, "2014": 1, "2015": 1, "2016": 3, "2017": 1, "2018": 3, "2019": 3}, "old_citations": {"2012": 16}, "isVisible": false}, "machine learning": {"name": "machine learning", "type": "topic", "h_index": 1123, "h5_index": 351, "num_publications": 3, "num_citations": 22, "num_publications_5y": 0, "num_citations_5y": 12, "num_publications_10y": 2, "num_citations_10y": 20, "publications_years": {"2008": 1, "2012": 2}, "citations_years": {"2009": 1, "2010": 1, "2011": 1, "2012": 2, "2013": 3, "2014": 1, "2015": 3, "2016": 3, "2017": 2, "2018": 3, "2019": 2}, "old_citations": {"2008": 9, "2012": 13}, "isVisible": false}}, "authors": {"2129785386": {"name": "monica landoni", "type": "author", "activity": 27, "h_index": 21, "h5_index": 2, "mag_id": "2129785386", "num_publications": 3, "num_citations": 36, "num_publications_5y": 0, "num_citations_5y": 6, "num_publications_10y": 2, "num_citations_10y": 36, "publications_years": {"2008": 1, "2010": 2}, "citations_years": {"2009": 1, "2010": 2, "2011": 14, "2012": 3, "2013": 10, "2014": 4, "2015": 0, "2016": 0, "2017": 2}, "old_citations": {"2008": 16, "2010": 20}, "isVisible": false}, "107632699": {"name": "ronald m baecker", "type": "author", "activity": 30, "h_index": 37, "h5_index": 2, "mag_id": "107632699", "num_publications": 2, "num_citations": 11, "num_publications_5y": 0, "num_citations_5y": 2, "num_publications_10y": 2, "num_citations_10y": 11, "publications_years": {"2012": 1, "2010": 1}, "citations_years": {"2012": 3, "2013": 4, "2014": 0, "2015": 0, "2016": 1, "2017": 1, "2010": 1, "2011": 1}, "old_citations": {"2012": 3, "2010": 8}, "isVisible": false}, "2126562221": {"name": "ray siemens", "type": "author", "activity": 14, "h_index": 4, "h5_index": 1, "mag_id": "2126562221", "num_publications": 2, "num_citations": 3, "num_publications_5y": 0, "num_citations_5y": 0, "num_publications_10y": 1, "num_citations_10y": 3, "publications_years": {"2010": 1, "2008": 1}, "citations_years": {"2010": 2, "2011": 1}, "old_citations": {"2010": 2, "2008": 1}, "isVisible": false}, "2130954839": {"name": "jennifer l pearson", "type": "author", "activity": 12, "h_index": 11, "h5_index": 5, "mag_id": "2130954839", "num_publications": 2, "num_citations": 40, "num_publications_5y": 0, "num_citations_5y": 15, "num_publications_10y": 2, "num_citations_10y": 37, "publications_years": {"2010": 2}, "citations_years": {"2010": 2, "2011": 4, "2012": 7, "2013": 9, "2014": 2, "2015": 1, "2016": 6, "2017": 4, "2018": 2, "2019": 3}, "old_citations": {"2010": 40}, "isVisible": false}, "2133287231": {"name": "george buchanan", "type": "author", "activity": 22, "h_index": 24, "h5_index": 5, "mag_id": "2133287231", "num_publications": 2, "num_citations": 40, "num_publications_5y": 0, "num_citations_5y": 15, "num_publications_10y": 2, "num_citations_10y": 37, "publications_years": {"2010": 2}, "citations_years": {"2010": 2, "2011": 4, "2012": 7, "2013": 9, "2014": 2, "2015": 1, "2016": 6, "2017": 4, "2018": 2, "2019": 3}, "old_citations": {"2010": 40}, "isVisible": false}, "28426143": {"name": "gene golovchinsky", "type": "author", "activity": 24, "h_index": 37, "h5_index": 1, "mag_id": "28426143", "num_publications": 1, "num_citations": 15, "num_publications_5y": 0, "num_citations_5y": 7, "num_publications_10y": 0, "num_citations_10y": 15, "publications_years": {"2008": 1}, "citations_years": {"2009": 1, "2010": 2, "2011": 5, "2012": 0, "2013": 0, "2014": 2, "2015": 3, "2016": 1, "2017": 1}, "old_citations": {"2008": 15}, "isVisible": false}, "39339147": {"name": "john ockerbloom", "type": "author", "activity": 17, "h_index": 8, "h5_index": 0, "mag_id": "39339147", "num_publications": 1, "num_citations": 2, "num_publications_5y": 0, "num_citations_5y": 0, "num_publications_10y": 1, "num_citations_10y": 2, "publications_years": {"2010": 1}, "citations_years": {"2010": 1, "2011": 1}, "old_citations": {"2010": 2}, "isVisible": false}, "62449782": {"name": "nina wacholder", "type": "author", "activity": 27, "h_index": 13, "h5_index": 2, "mag_id": "62449782", "num_publications": 1, "num_citations": 0, "num_publications_5y": 0, "num_citations_5y": 0, "num_publications_10y": 0, "num_citations_10y": 0, "publications_years": {"2008": 1}, "citations_years": {}, "old_citations": {"2008": 0}, "isVisible": false}, "109373579": {"name": "svetlana mansmann", "type": "author", "activity": 13, "h_index": 11, "h5_index": 0, "mag_id": "109373579", "num_publications": 1, "num_citations": 6, "num_publications_5y": 0, "num_citations_5y": 2, "num_publications_10y": 1, "num_citations_10y": 5, "publications_years": {"2012": 1}, "citations_years": {"2012": 1, "2013": 2, "2014": 0, "2015": 0, "2016": 1, "2017": 1, "2018": 0, "2019": 1}, "old_citations": {"2012": 6}, "isVisible": false}, "225366896": {"name": "michael lesk", "type": "author", "activity": 28, "h_index": 14, "h5_index": 1, "mag_id": "225366896", "num_publications": 1, "num_citations": 2, "num_publications_5y": 0, "num_citations_5y": 2, "num_publications_10y": 0, "num_citations_10y": 2, "publications_years": {"2008": 1}, "citations_years": {"2016": 2}, "old_citations": {"2008": 2}, "isVisible": false}, "250131779": {"name": "natasa milicfrayling", "type": "author", "activity": 24, "h_index": 32, "h5_index": 1, "mag_id": "250131779", "num_publications": 1, "num_citations": 3, "num_publications_5y": 0, "num_citations_5y": 1, "num_publications_10y": 1, "num_citations_10y": 3, "publications_years": {"2012": 1}, "citations_years": {"2012": 1, "2013": 1, "2014": 0, "2015": 1}, "old_citations": {"2012": 3}, "isVisible": false}, "675556096": {"name": "marcallen cartright", "type": "author", "activity": 6, "h_index": 4, "h5_index": 0, "mag_id": "675556096", "num_publications": 1, "num_citations": 2, "num_publications_5y": 0, "num_citations_5y": 0, "num_publications_10y": 1, "num_citations_10y": 2, "publications_years": {"2012": 1}, "citations_years": {"2012": 1, "2013": 1}, "old_citations": {"2012": 2}, "isVisible": false}, "1588343227": {"name": "harald reiterer", "type": "author", "activity": 30, "h_index": 25, "h5_index": 7, "mag_id": "1588343227", "num_publications": 1, "num_citations": 6, "num_publications_5y": 0, "num_citations_5y": 2, "num_publications_10y": 1, "num_citations_10y": 5, "publications_years": {"2012": 1}, "citations_years": {"2012": 1, "2013": 2, "2014": 0, "2015": 0, "2016": 1, "2017": 1, "2018": 0, "2019": 1}, "old_citations": {"2012": 6}, "isVisible": false}, "1968720838": {"name": "bob stein", "type": "author", "activity": 1, "h_index": 1, "h5_index": 0, "mag_id": "1968720838", "num_publications": 1, "num_citations": 4, "num_publications_5y": 0, "num_citations_5y": 0, "num_publications_10y": 0, "num_citations_10y": 4, "publications_years": {"2008": 1}, "citations_years": {"2010": 1, "2011": 1, "2012": 2}, "old_citations": {"2008": 4}, "isVisible": false}, "1987466523": {"name": "jerome picault", "type": "author", "activity": 18, "h_index": 11, "h5_index": 1, "mag_id": "1987466523", "num_publications": 1, "num_citations": 24, "num_publications_5y": 0, "num_citations_5y": 1, "num_publications_10y": 1, "num_citations_10y": 24, "publications_years": {"2010": 1}, "citations_years": {"2010": 2, "2011": 9, "2012": 7, "2013": 5, "2014": 0, "2015": 0, "2016": 1}, "old_citations": {"2010": 24}, "isVisible": false}, "1990912753": {"name": "walid magdy", "type": "author", "activity": 14, "h_index": 18, "h5_index": 8, "mag_id": "1990912753", "num_publications": 1, "num_citations": 9, "num_publications_5y": 0, "num_citations_5y": 5, "num_publications_10y": 0, "num_citations_10y": 9, "publications_years": {"2008": 1}, "citations_years": {"2009": 1, "2010": 1, "2011": 1, "2012": 0, "2013": 1, "2014": 1, "2015": 2, "2016": 2}, "old_citations": {"2008": 9}, "isVisible": false}, "1999317125": {"name": "sylvain squedin", "type": "author", "activity": 10, "h_index": 2, "h5_index": 0, "mag_id": "1999317125", "num_publications": 1, "num_citations": 24, "num_publications_5y": 0, "num_citations_5y": 1, "num_publications_10y": 1, "num_citations_10y": 24, "publications_years": {"2010": 1}, "citations_years": {"2010": 2, "2011": 9, "2012": 7, "2013": 5, "2014": 0, "2015": 0, "2016": 1}, "old_citations": {"2010": 24}, "isVisible": false}, "2032738043": {"name": "peter brusilovsky", "type": "author", "activity": 30, "h_index": 55, "h5_index": 9, "mag_id": "2032738043", "num_publications": 1, "num_citations": 15, "num_publications_5y": 0, "num_citations_5y": 3, "num_publications_10y": 0, "num_citations_10y": 15, "publications_years": {"2008": 1}, "citations_years": {"2009": 3, "2010": 0, "2011": 2, "2012": 2, "2013": 5, "2014": 0, "2015": 1, "2016": 1, "2017": 1}, "old_citations": {"2008": 15}, "isVisible": false}, "2057206988": {"name": "julie meloni", "type": "author", "activity": 1, "h_index": 1, "h5_index": 0, "mag_id": "2057206988", "num_publications": 1, "num_citations": 2, "num_publications_5y": 0, "num_citations_5y": 0, "num_publications_10y": 1, "num_citations_10y": 2, "publications_years": {"2010": 1}, "citations_years": {"2010": 1, "2011": 1}, "old_citations": {"2010": 2}, "isVisible": false}, "2063580896": {"name": "stan ruecker", "type": "author", "activity": 19, "h_index": 8, "h5_index": 1, "mag_id": "2063580896", "num_publications": 1, "num_citations": 1, "num_publications_5y": 0, "num_citations_5y": 0, "num_publications_10y": 0, "num_citations_10y": 1, "publications_years": {"2008": 1}, "citations_years": {"2010": 1}, "old_citations": {"2008": 1}, "isVisible": false}, "2064042002": {"name": "kareem darwish", "type": "author", "activity": 20, "h_index": 21, "h5_index": 8, "mag_id": "2064042002", "num_publications": 1, "num_citations": 9, "num_publications_5y": 0, "num_citations_5y": 5, "num_publications_10y": 0, "num_citations_10y": 9, "publications_years": {"2008": 1}, "citations_years": {"2009": 1, "2010": 1, "2011": 1, "2012": 0, "2013": 1, "2014": 1, "2015": 2, "2016": 2}, "old_citations": {"2008": 9}, "isVisible": false}, "2077184553": {"name": "stephan huber", "type": "author", "activity": 4, "h_index": 5, "h5_index": 0, "mag_id": "2077184553", "num_publications": 1, "num_citations": 6, "num_publications_5y": 0, "num_citations_5y": 2, "num_publications_10y": 1, "num_citations_10y": 5, "publications_years": {"2012": 1}, "citations_years": {"2012": 1, "2013": 2, "2014": 0, "2015": 0, "2016": 1, "2017": 1, "2018": 0, "2019": 1}, "old_citations": {"2012": 6}, "isVisible": false}, "2088879633": {"name": "roman radle", "type": "author", "activity": 12, "h_index": 13, "h5_index": 8, "mag_id": "2088879633", "num_publications": 1, "num_citations": 6, "num_publications_5y": 0, "num_citations_5y": 2, "num_publications_10y": 1, "num_citations_10y": 5, "publications_years": {"2012": 1}, "citations_years": {"2012": 1, "2013": 2, "2014": 0, "2015": 0, "2016": 1, "2017": 1, "2018": 0, "2019": 1}, "old_citations": {"2012": 6}, "isVisible": false}, "2095841149": {"name": "judith gelernter", "type": "author", "activity": 13, "h_index": 5, "h5_index": 0, "mag_id": "2095841149", "num_publications": 1, "num_citations": 2, "num_publications_5y": 0, "num_citations_5y": 2, "num_publications_10y": 0, "num_citations_10y": 2, "publications_years": {"2008": 1}, "citations_years": {"2016": 2}, "old_citations": {"2008": 2}, "isVisible": false}, "2096077021": {"name": "catherine c marshall", "type": "author", "activity": 29, "h_index": 43, "h5_index": 1, "mag_id": "2096077021", "num_publications": 1, "num_citations": 2, "num_publications_5y": 0, "num_citations_5y": 0, "num_publications_10y": 0, "num_citations_10y": 2, "publications_years": {"2008": 1}, "citations_years": {"2011": 1, "2012": 1}, "old_citations": {"2008": 2}, "isVisible": false}, "2097030689": {"name": "james allan", "type": "author", "activity": 28, "h_index": 56, "h5_index": 7, "mag_id": "2097030689", "num_publications": 1, "num_citations": 2, "num_publications_5y": 0, "num_citations_5y": 0, "num_publications_10y": 1, "num_citations_10y": 2, "publications_years": {"2012": 1}, "citations_years": {"2012": 1, "2013": 1}, "old_citations": {"2012": 2}, "isVisible": false}, "2103578975": {"name": "maria soledad pera", "type": "author", "activity": 13, "h_index": 13, "h5_index": 5, "mag_id": "2103578975", "num_publications": 1, "num_citations": 6, "num_publications_5y": 0, "num_citations_5y": 3, "num_publications_10y": 1, "num_citations_10y": 5, "publications_years": {"2012": 1}, "citations_years": {"2012": 1, "2013": 1, "2014": 1, "2015": 0, "2016": 2, "2017": 0, "2018": 0, "2019": 1}, "old_citations": {"2012": 6}, "isVisible": false}, "2135939557": {"name": "yiukai ng", "type": "author", "activity": 29, "h_index": 16, "h5_index": 3, "mag_id": "2135939557", "num_publications": 1, "num_citations": 6, "num_publications_5y": 0, "num_citations_5y": 3, "num_publications_10y": 1, "num_citations_10y": 5, "publications_years": {"2012": 1}, "citations_years": {"2012": 1, "2013": 1, "2014": 1, "2015": 0, "2016": 2, "2017": 0, "2018": 0, "2019": 1}, "old_citations": {"2012": 6}, "isVisible": false}, "2137948073": {"name": "cosmin munteanu", "type": "author", "activity": 21, "h_index": 12, "h5_index": 7, "mag_id": "2137948073", "num_publications": 1, "num_citations": 3, "num_publications_5y": 0, "num_citations_5y": 1, "num_publications_10y": 1, "num_citations_10y": 3, "publications_years": {"2012": 1}, "citations_years": {"2012": 1, "2013": 1, "2014": 0, "2015": 0, "2016": 0, "2017": 1}, "old_citations": {"2012": 3}, "isVisible": false}, "2140026351": {"name": "david martins de matos", "type": "author", "activity": 18, "h_index": 11, "h5_index": 4, "mag_id": "2140026351", "num_publications": 1, "num_citations": 10, "num_publications_5y": 0, "num_citations_5y": 6, "num_publications_10y": 1, "num_citations_10y": 8, "publications_years": {"2012": 1}, "citations_years": {"2012": 1, "2013": 1, "2014": 0, "2015": 1, "2016": 1, "2017": 1, "2018": 3, "2019": 2}, "old_citations": {"2012": 10}, "isVisible": false}, "2140147604": {"name": "carlos teixeira", "type": "author", "activity": 27, "h_index": 5, "h5_index": 0, "mag_id": "2140147604", "num_publications": 1, "num_citations": 0, "num_publications_5y": 0, "num_citations_5y": 0, "num_publications_10y": 0, "num_citations_10y": 0, "publications_years": {"2008": 1}, "citations_years": {}, "old_citations": {"2008": 0}, "isVisible": false}, "2141916021": {"name": "riccardo mazza", "type": "author", "activity": 18, "h_index": 13, "h5_index": 1, "mag_id": "2141916021", "num_publications": 1, "num_citations": 7, "num_publications_5y": 0, "num_citations_5y": 1, "num_publications_10y": 0, "num_citations_10y": 7, "publications_years": {"2008": 1}, "citations_years": {"2010": 2, "2011": 2, "2012": 1, "2013": 1, "2014": 1}, "old_citations": {"2008": 7}, "isVisible": false}, "2148725762": {"name": "abbas attarwala", "type": "author", "activity": 4, "h_index": 3, "h5_index": 0, "mag_id": "2148725762", "num_publications": 1, "num_citations": 3, "num_publications_5y": 0, "num_citations_5y": 1, "num_publications_10y": 1, "num_citations_10y": 3, "publications_years": {"2012": 1}, "citations_years": {"2012": 1, "2013": 1, "2014": 0, "2015": 0, "2016": 0, "2017": 1}, "old_citations": {"2012": 3}, "isVisible": false}, "2150242581": {"name": "marc h scholl", "type": "author", "activity": 29, "h_index": 24, "h5_index": 3, "mag_id": "2150242581", "num_publications": 1, "num_citations": 6, "num_publications_5y": 0, "num_citations_5y": 2, "num_publications_10y": 1, "num_citations_10y": 5, "publications_years": {"2012": 1}, "citations_years": {"2012": 1, "2013": 2, "2014": 0, "2015": 0, "2016": 1, "2017": 1, "2018": 0, "2019": 1}, "old_citations": {"2012": 6}, "isVisible": false}, "2154326236": {"name": "masaki eto", "type": "author", "activity": 8, "h_index": 4, "h5_index": 2, "mag_id": "2154326236", "num_publications": 1, "num_citations": 7, "num_publications_5y": 0, "num_citations_5y": 4, "num_publications_10y": 1, "num_citations_10y": 5, "publications_years": {"2012": 1}, "citations_years": {"2012": 1, "2013": 0, "2014": 2, "2015": 1, "2016": 0, "2017": 0, "2018": 1, "2019": 2}, "old_citations": {"2012": 7}, "isVisible": false}, "2155110139": {"name": "claire warwick", "type": "author", "activity": 24, "h_index": 12, "h5_index": 0, "mag_id": "2155110139", "num_publications": 1, "num_citations": 1, "num_publications_5y": 0, "num_citations_5y": 0, "num_publications_10y": 0, "num_citations_10y": 1, "publications_years": {"2008": 1}, "citations_years": {"2010": 1}, "old_citations": {"2008": 1}, "isVisible": false}, "2198655737": {"name": "rosta farzan", "type": "author", "activity": 16, "h_index": 17, "h5_index": 3, "mag_id": "2198655737", "num_publications": 1, "num_citations": 15, "num_publications_5y": 0, "num_citations_5y": 3, "num_publications_10y": 0, "num_citations_10y": 15, "publications_years": {"2008": 1}, "citations_years": {"2009": 3, "2010": 0, "2011": 2, "2012": 2, "2013": 5, "2014": 0, "2015": 1, "2016": 1, "2017": 1}, "old_citations": {"2008": 15}, "isVisible": false}, "2224042347": {"name": "david a evans", "type": "author", "activity": 1, "h_index": 1, "h5_index": 0, "mag_id": "2224042347", "num_publications": 1, "num_citations": 3, "num_publications_5y": 0, "num_citations_5y": 0, "num_publications_10y": 1, "num_citations_10y": 3, "publications_years": {"2012": 1}, "citations_years": {"2012": 2, "2013": 1}, "old_citations": {"2012": 3}, "isVisible": false}, "2229513009": {"name": "john reichenbach", "type": "author", "activity": 1, "h_index": 1, "h5_index": 0, "mag_id": "2229513009", "num_publications": 1, "num_citations": 3, "num_publications_5y": 0, "num_citations_5y": 0, "num_publications_10y": 1, "num_citations_10y": 3, "publications_years": {"2012": 1}, "citations_years": {"2012": 2, "2013": 1}, "old_citations": {"2012": 3}, "isVisible": false}, "2232130905": {"name": "w xavier snelgrove", "type": "author", "activity": 5, "h_index": 2, "h5_index": 0, "mag_id": "2232130905", "num_publications": 1, "num_citations": 8, "num_publications_5y": 0, "num_citations_5y": 1, "num_publications_10y": 1, "num_citations_10y": 8, "publications_years": {"2010": 1}, "citations_years": {"2010": 1, "2011": 1, "2012": 2, "2013": 3, "2014": 0, "2015": 0, "2016": 1}, "old_citations": {"2010": 8}, "isVisible": false}, "2238216042": {"name": "bruno martins", "type": "author", "activity": 20, "h_index": 20, "h5_index": 5, "mag_id": "2238216042", "num_publications": 1, "num_citations": 10, "num_publications_5y": 0, "num_citations_5y": 6, "num_publications_10y": 1, "num_citations_10y": 8, "publications_years": {"2012": 1}, "citations_years": {"2012": 1, "2013": 1, "2014": 0, "2015": 1, "2016": 1, "2017": 1, "2018": 3, "2019": 2}, "old_citations": {"2012": 10}, "isVisible": false}, "2271906946": {"name": "jeffrey dalton", "type": "author", "activity": 12, "h_index": 7, "h5_index": 2, "mag_id": "2271906946", "num_publications": 1, "num_citations": 2, "num_publications_5y": 0, "num_citations_5y": 0, "num_publications_10y": 1, "num_citations_10y": 2, "publications_years": {"2012": 1}, "citations_years": {"2012": 1, "2013": 1}, "old_citations": {"2012": 2}, "isVisible": false}, "2436828088": {"name": "myriam ribiere", "type": "author", "activity": 15, "h_index": 11, "h5_index": 1, "mag_id": "2436828088", "num_publications": 1, "num_citations": 24, "num_publications_5y": 0, "num_citations_5y": 1, "num_publications_10y": 1, "num_citations_10y": 24, "publications_years": {"2010": 1}, "citations_years": {"2010": 2, "2011": 9, "2012": 7, "2013": 5, "2014": 0, "2015": 0, "2016": 1}, "old_citations": {"2010": 24}, "isVisible": false}, "2491570009": {"name": "hanschristian jetter", "type": "author", "activity": 15, "h_index": 16, "h5_index": 4, "mag_id": "2491570009", "num_publications": 1, "num_citations": 6, "num_publications_5y": 0, "num_citations_5y": 2, "num_publications_10y": 1, "num_citations_10y": 5, "publications_years": {"2012": 1}, "citations_years": {"2012": 1, "2013": 2, "2014": 0, "2015": 0, "2016": 1, "2017": 1, "2018": 0, "2019": 1}, "old_citations": {"2012": 6}, "isVisible": false}, "2518426311": {"name": "andreas weiler", "type": "author", "activity": 8, "h_index": 10, "h5_index": 3, "mag_id": "2518426311", "num_publications": 1, "num_citations": 6, "num_publications_5y": 0, "num_citations_5y": 2, "num_publications_10y": 1, "num_citations_10y": 5, "publications_years": {"2012": 1}, "citations_years": {"2012": 1, "2013": 2, "2014": 0, "2015": 0, "2016": 1, "2017": 1, "2018": 0, "2019": 1}, "old_citations": {"2012": 6}, "isVisible": false}, "2518982628": {"name": "jaekyung kim", "type": "author", "activity": 2, "h_index": 1, "h5_index": 0, "mag_id": "2518982628", "num_publications": 1, "num_citations": 15, "num_publications_5y": 0, "num_citations_5y": 3, "num_publications_10y": 0, "num_citations_10y": 15, "publications_years": {"2008": 1}, "citations_years": {"2009": 3, "2010": 0, "2011": 2, "2012": 2, "2013": 5, "2014": 0, "2015": 1, "2016": 1, "2017": 1}, "old_citations": {"2008": 15}, "isVisible": false}, "2549167814": {"name": "xiaonan lu", "type": "author", "activity": 4, "h_index": 6, "h5_index": 0, "mag_id": "2549167814", "num_publications": 1, "num_citations": 0, "num_publications_5y": 0, "num_citations_5y": 0, "num_publications_10y": 0, "num_citations_10y": 0, "publications_years": {"2008": 1}, "citations_years": {}, "old_citations": {"2008": 0}, "isVisible": false}, "2558338154": {"name": "maribeth back", "type": "author", "activity": 11, "h_index": 11, "h5_index": 0, "mag_id": "2558338154", "num_publications": 1, "num_citations": 1, "num_publications_5y": 0, "num_citations_5y": 0, "num_publications_10y": 1, "num_citations_10y": 1, "publications_years": {"2012": 1}, "citations_years": {"2012": 1}, "old_citations": {"2012": 1}, "isVisible": false}, "2569876178": {"name": "paula cristina vaz", "type": "author", "activity": 6, "h_index": 3, "h5_index": 0, "mag_id": "2569876178", "num_publications": 1, "num_citations": 10, "num_publications_5y": 0, "num_citations_5y": 6, "num_publications_10y": 1, "num_citations_10y": 8, "publications_years": {"2012": 1}, "citations_years": {"2012": 1, "2013": 1, "2014": 0, "2015": 1, "2016": 1, "2017": 1, "2018": 3, "2019": 2}, "old_citations": {"2012": 10}, "isVisible": false}, "2595122141": {"name": "harold thimbleby", "type": "author", "activity": 29, "h_index": 26, "h5_index": 3, "mag_id": "2595122141", "num_publications": 1, "num_citations": 27, "num_publications_5y": 0, "num_citations_5y": 9, "num_publications_10y": 1, "num_citations_10y": 25, "publications_years": {"2010": 1}, "citations_years": {"2010": 1, "2011": 2, "2012": 6, "2013": 7, "2014": 1, "2015": 1, "2016": 3, "2017": 3, "2018": 1, "2019": 2}, "old_citations": {"2010": 27}, "isVisible": false}, "2678795597": {"name": "mark t j carden", "type": "author", "activity": 1, "h_index": 1, "h5_index": 0, "mag_id": "2678795597", "num_publications": 1, "num_citations": 14, "num_publications_5y": 0, "num_citations_5y": 2, "num_publications_10y": 0, "num_citations_10y": 14, "publications_years": {"2008": 1}, "citations_years": {"2009": 2, "2010": 3, "2011": 3, "2012": 0, "2013": 4, "2014": 1, "2015": 0, "2016": 0, "2017": 1}, "old_citations": {"2008": 14}, "isVisible": false}, "2697705682": {"name": "fernanda bonacho", "type": "author", "activity": 1, "h_index": 1, "h5_index": 0, "mag_id": "2697705682", "num_publications": 1, "num_citations": 2, "num_publications_5y": 0, "num_citations_5y": 0, "num_publications_10y": 1, "num_citations_10y": 2, "publications_years": {"2010": 1}, "citations_years": {"2010": 1, "2011": 1}, "old_citations": {"2010": 2}, "isVisible": false}, "2698240982": {"name": "brewster kahle", "type": "author", "activity": 1, "h_index": 0, "h5_index": 0, "mag_id": "2698240982", "num_publications": 1, "num_citations": 0, "num_publications_5y": 0, "num_citations_5y": 0, "num_publications_10y": 0, "num_citations_10y": 0, "publications_years": {"2008": 1}, "citations_years": {}, "old_citations": {"2008": 0}, "isVisible": false}, "2707627362": {"name": "magdy nagi", "type": "author", "activity": 8, "h_index": 2, "h5_index": 0, "mag_id": "2707627362", "num_publications": 1, "num_citations": 2, "num_publications_5y": 0, "num_citations_5y": 1, "num_publications_10y": 0, "num_citations_10y": 2, "publications_years": {"2008": 1}, "citations_years": {"2012": 1, "2013": 0, "2014": 0, "2015": 0, "2016": 1}, "old_citations": {"2008": 2}, "isVisible": false}, "2717345656": {"name": "tarcisio della senta", "type": "author", "activity": 1, "h_index": 1, "h5_index": 0, "mag_id": "2717345656", "num_publications": 1, "num_citations": 2, "num_publications_5y": 0, "num_citations_5y": 1, "num_publications_10y": 0, "num_citations_10y": 2, "publications_years": {"2008": 1}, "citations_years": {"2012": 1, "2013": 0, "2014": 0, "2015": 0, "2016": 1}, "old_citations": {"2008": 2}, "isVisible": false}}, "countries": {"United States": {"name": "United States", "type": "country", "h5_index": 308, "num_publications": 11, "num_citations": 44, "num_publications_5y": 0, "num_citations_5y": 15, "num_publications_10y": 5, "num_citations_10y": 43, "publications_years": {"2008": 6, "2010": 1, "2012": 4}, "citations_years": {"2009": 4, "2010": 2, "2011": 5, "2012": 7, "2013": 10, "2014": 2, "2015": 4, "2016": 7, "2017": 2, "2018": 0, "2019": 1}, "old_citations": {"2008": 28, "2010": 2, "2012": 14}, "isVisible": false}, "Canada": {"name": "Canada", "type": "country", "h5_index": 128, "num_publications": 4, "num_citations": 14, "num_publications_5y": 0, "num_citations_5y": 2, "num_publications_10y": 3, "num_citations_10y": 14, "publications_years": {"2012": 1, "2010": 2, "2008": 1}, "citations_years": {"2012": 3, "2013": 4, "2014": 0, "2015": 0, "2016": 1, "2017": 1, "2010": 3, "2011": 2}, "old_citations": {"2012": 3, "2010": 10, "2008": 1}, "isVisible": false}, "Switzerland": {"name": "Switzerland", "type": "country", "h5_index": 102, "num_publications": 4, "num_citations": 43, "num_publications_5y": 0, "num_citations_5y": 7, "num_publications_10y": 2, "num_citations_10y": 43, "publications_years": {"2008": 2, "2010": 2}, "citations_years": {"2009": 1, "2010": 4, "2011": 16, "2012": 4, "2013": 11, "2014": 5, "2015": 0, "2016": 0, "2017": 2}, "old_citations": {"2008": 23, "2010": 20}, "isVisible": false}, "Portugal": {"name": "Portugal", "type": "country", "h5_index": 44, "num_publications": 2, "num_citations": 10, "num_publications_5y": 0, "num_citations_5y": 6, "num_publications_10y": 1, "num_citations_10y": 8, "publications_years": {"2008": 1, "2012": 1}, "citations_years": {"2012": 1, "2013": 1, "2014": 0, "2015": 1, "2016": 1, "2017": 1, "2018": 3, "2019": 2}, "old_citations": {"2008": 0, "2012": 10}, "isVisible": false}, "United Kingdom": {"name": "United Kingdom", "type": "country", "h5_index": 172, "num_publications": 2, "num_citations": 40, "num_publications_5y": 0, "num_citations_5y": 15, "num_publications_10y": 2, "num_citations_10y": 37, "publications_years": {"2010": 2}, "citations_years": {"2010": 2, "2011": 4, "2012": 7, "2013": 9, "2014": 2, "2015": 1, "2016": 6, "2017": 4, "2018": 2, "2019": 3}, "old_citations": {"2010": 40}, "isVisible": false}, "Egypt": {"name": "Egypt", "type": "country", "h5_index": 47, "num_publications": 1, "num_citations": 2, "num_publications_5y": 0, "num_citations_5y": 1, "num_publications_10y": 0, "num_citations_10y": 2, "publications_years": {"2008": 1}, "citations_years": {"2012": 1, "2013": 0, "2014": 0, "2015": 0, "2016": 1}, "old_citations": {"2008": 2}, "isVisible": false}, "Germany": {"name": "Germany", "type": "country", "h5_index": 139, "num_publications": 1, "num_citations": 6, "num_publications_5y": 0, "num_citations_5y": 2, "num_publications_10y": 1, "num_citations_10y": 5, "publications_years": {"2012": 1}, "citations_years": {"2012": 1, "2013": 2, "2014": 0, "2015": 0, "2016": 1, "2017": 1, "2018": 0, "2019": 1}, "old_citations": {"2012": 6}, "isVisible": false}}, "industrial_sectors": {"computing_and_it": {"name": "computing_and_it", "type": "industrial sector", "h5_index": 221, "num_publications": 3, "num_citations": 14, "num_publications_5y": 0, "num_citations_5y": 6, "num_publications_10y": 1, "num_citations_10y": 14, "publications_years": {"2008": 2, "2012": 1}, "citations_years": {"2009": 1, "2010": 1, "2011": 2, "2012": 2, "2013": 2, "2014": 1, "2015": 3, "2016": 2}, "old_citations": {"2008": 11, "2012": 3}, "isVisible": false}, "electronics": {"name": "electronics", "type": "industrial sector", "h5_index": 134, "num_publications": 3, "num_citations": 14, "num_publications_5y": 0, "num_citations_5y": 6, "num_publications_10y": 1, "num_citations_10y": 14, "publications_years": {"2008": 2, "2012": 1}, "citations_years": {"2009": 1, "2010": 1, "2011": 2, "2012": 2, "2013": 2, "2014": 1, "2015": 3, "2016": 2}, "old_citations": {"2008": 11, "2012": 3}, "isVisible": false}, "technology": {"name": "technology", "type": "industrial sector", "h5_index": 229, "num_publications": 3, "num_citations": 14, "num_publications_5y": 0, "num_citations_5y": 6, "num_publications_10y": 1, "num_citations_10y": 14, "publications_years": {"2008": 2, "2012": 1}, "citations_years": {"2009": 1, "2010": 1, "2011": 2, "2012": 2, "2013": 2, "2014": 1, "2015": 3, "2016": 2}, "old_citations": {"2008": 11, "2012": 3}, "isVisible": false}}}, "conference_comparison": {"computer science": {}}, "topics_dna": {"publications": {}, "citations": {"normalized": {}, "average": {}}}, "info": {"num_publications": 32, "num_citations": 226.0, "impact_factor": {"2010": 0.7142857142857143, "2011": 2.7777777777777777, "2012": 1.8888888888888888}, "publications_years": {"2008": 14, "2010": 9, "2012": 9}, "citations_years": {"2009": 8, "2010": 20, "2011": 46, "2012": 36, "2013": 46, "2014": 14, "2015": 10, "2016": 19, "2017": 12, "2018": 6, "2019": 9}, "old_citations": {"2008": 87, "2010": 98, "2012": 41}, "h5_index": 0}, "percentile": {"computer science": {"2008": 75, "2010": 86, "2012": 73}}, "conference_ranking": {"computer science": {"2008": 1029, "2010": 559, "2012": 1141}}, "academia": {"num_publications": 17, "num_citations": 121, "publications_years": {"2008": 8, "2009": 0, "2010": 7, "2011": 0, "2012": 2}, "old_citations": {"2008": 41, "2009": 0, "2010": 72, "2011": 0, "2012": 8}, "num_publications_5y": 0, "num_citations_5y": 0, "num_publications_10y": 2, "num_citations_10y": 8}, "industry": {"num_publications": 3, "num_citations": 14, "publications_years": {"2008": 2, "2009": 0, "2010": 0, "2011": 0, "2012": 1}, "old_citations": {"2008": 11, "2009": 0, "2010": 0, "2011": 0, "2012": 3}, "num_publications_5y": 0, "num_citations_5y": 0, "num_publications_10y": 1, "num_citations_10y": 3}, "collaborative": {"num_publications": 0, "num_citations": 0, "publications_years": {}, "old_citations": {}, "num_publications_5y": 0, "num_citations_5y": 0, "num_publications_10y": 0, "num_citations_10y": 0}, "conferences": {}, "journals": {}, "organizations": {"publication_overall": ["Universita della Svizzera Italiana", "Microsoft (United States)", "City, University of London", "Rutgers, The State University of New Jersey", "Swansea University", "University of Toronto", "University of Victoria", "Bibliotheca Alexandrina", "Brigham Young University", "Carnegie Mellon University", "Instituto de Engenharia de Sistemas e Computadores Investiga\u00e7\u00e3o e Desenvolvimento", "National Academies of Sciences, Engineering, and Medicine", "Pennsylvania State University", "University of Alberta", "University of Konstanz", "University of Lisbon", "University of Massachusetts Amherst", "University of Pennsylvania", "University of Pittsburgh"], "citation_overall": ["Universita della Svizzera Italiana", "City, University of London", "Swansea University", "University of Pittsburgh", "Microsoft (United States)", "University of Toronto", "Instituto de Engenharia de Sistemas e Computadores Investiga\u00e7\u00e3o e Desenvolvimento", "Brigham Young University", "University of Konstanz", "National Academies of Sciences, Engineering, and Medicine", "University of Victoria", "Bibliotheca Alexandrina", "Carnegie Mellon University", "Rutgers, The State University of New Jersey", "University of Massachusetts Amherst", "University of Pennsylvania", "University of Alberta", "Pennsylvania State University", "University of Lisbon"], "publication_10_years": ["Brigham Young University", "Instituto de Engenharia de Sistemas e Computadores Investiga\u00e7\u00e3o e Desenvolvimento", "Microsoft (United States)", "National Academies of Sciences, Engineering, and Medicine", "University of Konstanz", "University of Massachusetts Amherst", "University of Toronto"], "citation_10_years": ["Instituto de Engenharia de Sistemas e Computadores Investiga\u00e7\u00e3o e Desenvolvimento", "Brigham Young University", "University of Konstanz", "Microsoft (United States)", "National Academies of Sciences, Engineering, and Medicine", "University of Toronto", "University of Massachusetts Amherst"], "publication_5_years": [], "citation_5_years": []}, "countries": {"publication_overall": ["United States", "Canada", "Switzerland", "Portugal", "United Kingdom", "Egypt", "Germany"], "citation_overall": ["United States", "Switzerland", "United Kingdom", "Canada", "Portugal", "Germany", "Egypt"], "publication_10_years": ["United States", "Canada", "Germany", "Portugal"], "citation_10_years": ["United States", "Portugal", "Germany", "Canada"], "publication_5_years": [], "citation_5_years": []}, "topics": {"publication_overall": ["computer science", "computer systems", "human computer interaction", "internet", "user interfaces", "world wide web", "database systems", "artificial intelligence", "information retrieval", "telecommunication networks", "telecommunication systems", "computer networks", "electronic publishing", "linguistics", "semantics", "communication systems", "data communication systems", "natural languages", "wireless telecommunication systems", "computer security"], "citation_overall": ["computer science", "computer systems", "human computer interaction", "user interfaces", "internet", "artificial intelligence", "world wide web", "database systems", "information retrieval", "telecommunication networks", "telecommunication systems", "electronic publishing", "computer networks", "communication systems", "wireless telecommunication systems", "data communication systems", "human engineering", "e-books", "mobile computing", "mobile devices"], "publication_10_years": ["computer science", "computer systems", "internet", "artificial intelligence", "database systems", "human computer interaction", "information retrieval", "world wide web", "computer imaging and vision", "image processing", "user interfaces", "computer security", "recommender systems", "digital watermarking", "information retrieval systems", "linguistics", "search engines", "security of data", "telecommunication networks", "telecommunication systems"], "citation_10_years": ["computer science", "computer systems", "information retrieval", "internet", "database systems", "artificial intelligence", "computer imaging and vision", "human computer interaction", "image processing", "recommender systems", "world wide web", "user interfaces", "collaborative filtering", "personalized recommendation", "recommendation", "recommendation systems", "computer security", "search engines", "linguistics", "machine learning"], "publication_5_years": [], "citation_5_years": []}, "main_topics": ["computer science"], "authors": {"publication_overall": ["2129785386", "107632699", "2126562221", "2130954839", "2133287231", "28426143", "39339147", "62449782", "109373579", "225366896", "250131779", "675556096", "1588343227", "1968720838", "1987466523", "1990912753", "1999317125", "2032738043", "2057206988", "2063580896", "2064042002", "2077184553", "2088879633", "2095841149", "2096077021", "2097030689", "2103578975", "2135939557", "2137948073", "2140026351", "2140147604", "2141916021", "2148725762", "2150242581", "2154326236", "2155110139", "2198655737", "2224042347", "2229513009", "2232130905", "2238216042", "2271906946", "2436828088", "2491570009", "2518426311", "2518982628", "2549167814", "2558338154", "2569876178", "2595122141", "2678795597", "2697705682", "2698240982", "2707627362", "2717345656"], "citation_overall": ["2130954839", "2133287231", "2129785386", "2595122141", "1987466523", "1999317125", "2436828088", "28426143", "2032738043", "2198655737", "2518982628", "2678795597", "107632699", "2140026351", "2238216042", "2569876178", "1990912753", "2064042002", "2232130905", "2141916021", "2154326236", "109373579", "1588343227", "2077184553", "2088879633", "2103578975", "2135939557", "2150242581", "2491570009", "2518426311", "1968720838", "250131779", "2126562221", "2137948073", "2148725762", "2224042347", "2229513009", "39339147", "225366896", "675556096", "2057206988", "2095841149", "2096077021", "2097030689", "2271906946", "2697705682", "2707627362", "2717345656", "2063580896", "2155110139", "2558338154", "62449782", "2140147604", "2549167814", "2698240982"], "publication_10_years": ["107632699", "109373579", "250131779", "675556096", "1588343227", "2077184553", "2088879633", "2097030689", "2103578975", "2135939557", "2137948073", "2140026351", "2148725762", "2150242581", "2154326236", "2224042347", "2229513009", "2238216042", "2271906946", "2491570009", "2518426311", "2558338154", "2569876178"], "citation_10_years": ["2140026351", "2238216042", "2569876178", "2154326236", "109373579", "1588343227", "2077184553", "2088879633", "2103578975", "2135939557", "2150242581", "2491570009", "2518426311", "107632699", "250131779", "2137948073", "2148725762", "2224042347", "2229513009", "675556096", "2097030689", "2271906946", "2558338154"], "publication_5_years": [], "citation_5_years": []}, "industrial_sectors": {"publication_overall": ["computing_and_it", "electronics", "technology"], "citation_overall": ["computing_and_it", "electronics", "technology"], "publication_10_years": ["computing_and_it", "electronics", "technology"], "citation_10_years": ["computing_and_it", "electronics", "technology"], "publication_5_years": [], "citation_5_years": []}}