{"name": "ACM SIGCHI Italian Chapter International Conference on Computer-Human Interaction", "acronym": "CHItaly", "type": "conference", "uniqueEntities": {"organizations": {"Eindhoven University of Technology": {"name": "Eindhoven University of Technology", "type": "organization", "organization_type": "Education", "h_index": 159, "h5_index": 40, "num_publications": 6, "num_citations": 55, "num_publications_5y": 0, "num_citations_5y": 38, "num_publications_10y": 6, "num_citations_10y": 53, "publications_years": {"2011": 6}, "citations_years": {"2012": 5, "2013": 9, "2014": 10, "2015": 8, "2016": 9, "2017": 6, "2018": 5, "2019": 2, "2011": 1}, "old_citations": {"2011": 55}, "isVisible": false}, "Ca Foscari University of Venice": {"name": "Ca Foscari University of Venice", "type": "organization", "organization_type": "Education", "h_index": 50, "h5_index": 19, "num_publications": 2, "num_citations": 2, "num_publications_5y": 0, "num_citations_5y": 1, "num_publications_10y": 2, "num_citations_10y": 2, "publications_years": {"2011": 2}, "citations_years": {"2012": 1, "2013": 0, "2014": 0, "2015": 0, "2016": 1}, "old_citations": {"2011": 2}, "isVisible": false}, "Fondazione Bruno Kessler": {"name": "Fondazione Bruno Kessler", "type": "organization", "organization_type": "Facility", "h_index": 58, "h5_index": 25, "num_publications": 2, "num_citations": 1, "num_publications_5y": 0, "num_citations_5y": 1, "num_publications_10y": 2, "num_citations_10y": 1, "publications_years": {"2011": 2}, "citations_years": {"2016": 1}, "old_citations": {"2011": 1}, "isVisible": false}, "Sapienza University of Rome": {"name": "Sapienza University of Rome", "type": "organization", "organization_type": "Education", "h_index": 131, "h5_index": 39, "num_publications": 2, "num_citations": 11, "num_publications_5y": 0, "num_citations_5y": 3, "num_publications_10y": 2, "num_citations_10y": 8, "publications_years": {"2011": 2}, "citations_years": {"2014": 2, "2012": 1, "2013": 4, "2015": 0, "2016": 0, "2017": 0, "2018": 1, "2019": 3}, "old_citations": {"2011": 11}, "isVisible": false}, "University of Padua": {"name": "University of Padua", "type": "organization", "organization_type": "Education", "h_index": 107, "h5_index": 40, "num_publications": 2, "num_citations": 9, "num_publications_5y": 0, "num_citations_5y": 7, "num_publications_10y": 2, "num_citations_10y": 9, "publications_years": {"2011": 2}, "citations_years": {"2014": 1, "2015": 3, "2016": 1, "2017": 0, "2018": 2, "2012": 1, "2013": 1}, "old_citations": {"2011": 9}, "isVisible": false}, "University of Siena": {"name": "University of Siena", "type": "organization", "organization_type": "Education", "h_index": 64, "h5_index": 19, "num_publications": 2, "num_citations": 13, "num_publications_5y": 0, "num_citations_5y": 7, "num_publications_10y": 2, "num_citations_10y": 9, "publications_years": {"2011": 2}, "citations_years": {"2015": 2, "2016": 2, "2017": 0, "2018": 2, "2019": 3, "2020": 1, "2013": 2, "2014": 1}, "old_citations": {"2011": 13}, "isVisible": false}, "Brunel University London": {"name": "Brunel University London", "type": "organization", "organization_type": "Education", "h_index": 111, "h5_index": 37, "num_publications": 1, "num_citations": 1, "num_publications_5y": 0, "num_citations_5y": 1, "num_publications_10y": 1, "num_citations_10y": 1, "publications_years": {"2011": 1}, "citations_years": {"2017": 1}, "old_citations": {"2011": 1}, "isVisible": false}, "Center for Advanced Studies Research and Development in Sardinia": {"name": "Center for Advanced Studies Research and Development in Sardinia", "type": "organization", "organization_type": "Facility", "h_index": 12, "h5_index": 3, "num_publications": 1, "num_citations": 6, "num_publications_5y": 0, "num_citations_5y": 4, "num_publications_10y": 1, "num_citations_10y": 6, "publications_years": {"2011": 1}, "citations_years": {"2011": 1, "2012": 1, "2013": 0, "2014": 2, "2015": 0, "2016": 1, "2017": 0, "2018": 1}, "old_citations": {"2011": 6}, "isVisible": false}, "Domus Academy": {"name": "Domus Academy", "type": "organization", "organization_type": "Education", "h_index": 3, "h5_index": 0, "num_publications": 1, "num_citations": 1, "num_publications_5y": 0, "num_citations_5y": 1, "num_publications_10y": 1, "num_citations_10y": 1, "publications_years": {"2011": 1}, "citations_years": {"2016": 1}, "old_citations": {"2011": 1}, "isVisible": false}, "IMT Institute for Advanced Studies Lucca": {"name": "IMT Institute for Advanced Studies Lucca", "type": "organization", "organization_type": "Education", "h_index": 39, "h5_index": 12, "num_publications": 1, "num_citations": 1, "num_publications_5y": 0, "num_citations_5y": 1, "num_publications_10y": 1, "num_citations_10y": 1, "publications_years": {"2011": 1}, "citations_years": {"2016": 1}, "old_citations": {"2011": 1}, "isVisible": false}, "Mount Carmel Health": {"name": "Mount Carmel Health", "type": "organization", "organization_type": "Healthcare", "h_index": 19, "h5_index": 1, "num_publications": 1, "num_citations": 7, "num_publications_5y": 0, "num_citations_5y": 3, "num_publications_10y": 1, "num_citations_10y": 7, "publications_years": {"2011": 1}, "citations_years": {"2012": 4, "2013": 0, "2014": 2, "2015": 1}, "old_citations": {"2011": 7}, "isVisible": false}, "Nice Sophia Antipolis University": {"name": "Nice Sophia Antipolis University", "type": "organization", "organization_type": "Education", "h_index": 53, "h5_index": 12, "num_publications": 1, "num_citations": 10, "num_publications_5y": 0, "num_citations_5y": 7, "num_publications_10y": 1, "num_citations_10y": 9, "publications_years": {"2011": 1}, "citations_years": {"2013": 2, "2014": 2, "2015": 3, "2016": 1, "2017": 0, "2018": 1, "2019": 0, "2020": 1}, "old_citations": {"2011": 10}, "isVisible": false}, "University College Cork": {"name": "University College Cork", "type": "organization", "organization_type": "Education", "h_index": 65, "h5_index": 16, "num_publications": 1, "num_citations": 2, "num_publications_5y": 0, "num_citations_5y": 1, "num_publications_10y": 1, "num_citations_10y": 2, "publications_years": {"2011": 1}, "citations_years": {"2012": 1, "2013": 0, "2014": 1}, "old_citations": {"2011": 2}, "isVisible": false}, "University of Bari Aldo Moro": {"name": "University of Bari Aldo Moro", "type": "organization", "organization_type": "Education", "h_index": 50, "h5_index": 19, "num_publications": 1, "num_citations": 1, "num_publications_5y": 0, "num_citations_5y": 0, "num_publications_10y": 1, "num_citations_10y": 1, "publications_years": {"2011": 1}, "citations_years": {"2012": 1}, "old_citations": {"2011": 1}, "isVisible": false}, "University of Cagliari": {"name": "University of Cagliari", "type": "organization", "organization_type": "Education", "h_index": 67, "h5_index": 31, "num_publications": 1, "num_citations": 6, "num_publications_5y": 0, "num_citations_5y": 4, "num_publications_10y": 1, "num_citations_10y": 6, "publications_years": {"2011": 1}, "citations_years": {"2011": 1, "2012": 1, "2013": 0, "2014": 2, "2015": 0, "2016": 1, "2017": 0, "2018": 1}, "old_citations": {"2011": 6}, "isVisible": false}, "University of California, San Diego": {"name": "University of California, San Diego", "type": "organization", "organization_type": "Education", "h_index": 285, "h5_index": 61, "num_publications": 1, "num_citations": 4, "num_publications_5y": 0, "num_citations_5y": 4, "num_publications_10y": 1, "num_citations_10y": 4, "publications_years": {"2011": 1}, "citations_years": {"2017": 2, "2018": 2}, "old_citations": {"2011": 4}, "isVisible": false}, "University of L'Aquila": {"name": "University of L'Aquila", "type": "organization", "organization_type": "Education", "h_index": 50, "h5_index": 14, "num_publications": 1, "num_citations": 0, "num_publications_5y": 0, "num_citations_5y": 0, "num_publications_10y": 1, "num_citations_10y": 0, "publications_years": {"2011": 1}, "citations_years": {}, "old_citations": {"2011": 0}, "isVisible": false}, "University of Sassari": {"name": "University of Sassari", "type": "organization", "organization_type": "Education", "h_index": 24, "h5_index": 11, "num_publications": 1, "num_citations": 2, "num_publications_5y": 0, "num_citations_5y": 1, "num_publications_10y": 1, "num_citations_10y": 2, "publications_years": {"2011": 1}, "citations_years": {"2013": 1, "2014": 0, "2015": 1}, "old_citations": {"2011": 2}, "isVisible": false}, "Universit\u00e0 Iuav di Venezia": {"name": "Universit\u00e0 Iuav di Venezia", "type": "organization", "organization_type": "Education", "h_index": 15, "h5_index": 4, "num_publications": 1, "num_citations": 1, "num_publications_5y": 0, "num_citations_5y": 1, "num_publications_10y": 1, "num_citations_10y": 1, "publications_years": {"2011": 1}, "citations_years": {"2015": 1}, "old_citations": {"2011": 1}, "isVisible": false}}, "topics": {"computer science": {"name": "computer science", "type": "topic", "h_index": 1779, "h5_index": 416, "num_publications": 30, "num_citations": 143, "num_publications_5y": 0, "num_citations_5y": 88, "num_publications_10y": 30, "num_citations_10y": 130, "publications_years": {"2011": 30}, "citations_years": {"2014": 27, "2015": 20, "2016": 17, "2017": 9, "2018": 15, "2011": 3, "2012": 19, "2013": 20, "2019": 11, "2020": 2}, "old_citations": {"2011": 143}, "isVisible": false}, "computer systems": {"name": "computer systems", "type": "topic", "h_index": 1595, "h5_index": 367, "num_publications": 24, "num_citations": 112, "num_publications_5y": 0, "num_citations_5y": 69, "num_publications_10y": 24, "num_citations_10y": 99, "publications_years": {"2011": 24}, "citations_years": {"2014": 21, "2012": 15, "2013": 14, "2015": 15, "2016": 15, "2017": 8, "2018": 10, "2019": 11, "2011": 1, "2020": 2}, "old_citations": {"2011": 112}, "isVisible": false}, "human computer interaction": {"name": "human computer interaction", "type": "topic", "h_index": 934, "h5_index": 215, "num_publications": 20, "num_citations": 83, "num_publications_5y": 0, "num_citations_5y": 47, "num_publications_10y": 20, "num_citations_10y": 72, "publications_years": {"2011": 20}, "citations_years": {"2014": 16, "2015": 11, "2016": 7, "2017": 3, "2018": 10, "2011": 2, "2012": 13, "2013": 10, "2019": 9, "2020": 2}, "old_citations": {"2011": 83}, "isVisible": false}, "user interfaces": {"name": "user interfaces", "type": "topic", "h_index": 845, "h5_index": 182, "num_publications": 18, "num_citations": 82, "num_publications_5y": 0, "num_citations_5y": 46, "num_publications_10y": 18, "num_citations_10y": 71, "publications_years": {"2011": 18}, "citations_years": {"2014": 16, "2015": 11, "2016": 7, "2017": 2, "2018": 10, "2011": 2, "2012": 13, "2013": 10, "2019": 9, "2020": 2}, "old_citations": {"2011": 82}, "isVisible": false}, "computer networks": {"name": "computer networks", "type": "topic", "h_index": 1262, "h5_index": 332, "num_publications": 16, "num_citations": 57, "num_publications_5y": 0, "num_citations_5y": 28, "num_publications_10y": 16, "num_citations_10y": 49, "publications_years": {"2011": 16}, "citations_years": {"2014": 10, "2012": 12, "2013": 9, "2015": 6, "2016": 4, "2017": 2, "2018": 6, "2019": 7, "2020": 1}, "old_citations": {"2011": 57}, "isVisible": false}, "telecommunication systems": {"name": "telecommunication systems", "type": "topic", "h_index": 1187, "h5_index": 277, "num_publications": 16, "num_citations": 63, "num_publications_5y": 0, "num_citations_5y": 33, "num_publications_10y": 16, "num_citations_10y": 53, "publications_years": {"2011": 16}, "citations_years": {"2014": 13, "2011": 1, "2012": 11, "2013": 8, "2015": 7, "2016": 5, "2017": 2, "2018": 6, "2019": 9, "2020": 1}, "old_citations": {"2011": 63}, "isVisible": false}, "artificial intelligence": {"name": "artificial intelligence", "type": "topic", "h_index": 1421, "h5_index": 373, "num_publications": 14, "num_citations": 73, "num_publications_5y": 0, "num_citations_5y": 53, "num_publications_10y": 14, "num_citations_10y": 71, "publications_years": {"2011": 14}, "citations_years": {"2014": 11, "2015": 12, "2016": 13, "2017": 8, "2018": 9, "2011": 2, "2012": 6, "2013": 10, "2019": 2}, "old_citations": {"2011": 73}, "isVisible": false}, "telecommunication networks": {"name": "telecommunication networks", "type": "topic", "h_index": 1116, "h5_index": 258, "num_publications": 14, "num_citations": 55, "num_publications_5y": 0, "num_citations_5y": 30, "num_publications_10y": 14, "num_citations_10y": 46, "publications_years": {"2011": 14}, "citations_years": {"2014": 12, "2011": 1, "2012": 8, "2013": 7, "2015": 6, "2016": 4, "2017": 2, "2018": 6, "2019": 8, "2020": 1}, "old_citations": {"2011": 55}, "isVisible": false}, "communication systems": {"name": "communication systems", "type": "topic", "h_index": 1092, "h5_index": 254, "num_publications": 12, "num_citations": 51, "num_publications_5y": 0, "num_citations_5y": 26, "num_publications_10y": 12, "num_citations_10y": 43, "publications_years": {"2011": 12}, "citations_years": {"2014": 9, "2012": 10, "2013": 7, "2015": 6, "2016": 4, "2017": 2, "2018": 5, "2019": 7, "2020": 1}, "old_citations": {"2011": 51}, "isVisible": false}, "wireless telecommunication systems": {"name": "wireless telecommunication systems", "type": "topic", "h_index": 1087, "h5_index": 254, "num_publications": 12, "num_citations": 51, "num_publications_5y": 0, "num_citations_5y": 26, "num_publications_10y": 12, "num_citations_10y": 43, "publications_years": {"2011": 12}, "citations_years": {"2014": 9, "2012": 10, "2013": 7, "2015": 6, "2016": 4, "2017": 2, "2018": 5, "2019": 7, "2020": 1}, "old_citations": {"2011": 51}, "isVisible": false}, "computer hardware": {"name": "computer hardware", "type": "topic", "h_index": 1150, "h5_index": 279, "num_publications": 11, "num_citations": 37, "num_publications_5y": 0, "num_citations_5y": 19, "num_publications_10y": 11, "num_citations_10y": 33, "publications_years": {"2011": 11}, "citations_years": {"2013": 8, "2014": 8, "2015": 4, "2012": 6, "2016": 2, "2017": 2, "2018": 3, "2019": 4}, "old_citations": {"2011": 37}, "isVisible": false}, "engineering": {"name": "engineering", "type": "topic", "h_index": 1177, "h5_index": 287, "num_publications": 11, "num_citations": 59, "num_publications_5y": 0, "num_citations_5y": 41, "num_publications_10y": 11, "num_citations_10y": 56, "publications_years": {"2011": 11}, "citations_years": {"2014": 11, "2012": 10, "2013": 5, "2015": 7, "2016": 10, "2017": 7, "2018": 6, "2019": 3}, "old_citations": {"2011": 59}, "isVisible": false}, "internet": {"name": "internet", "type": "topic", "h_index": 1102, "h5_index": 245, "num_publications": 10, "num_citations": 54, "num_publications_5y": 0, "num_citations_5y": 32, "num_publications_10y": 10, "num_citations_10y": 46, "publications_years": {"2011": 10}, "citations_years": {"2014": 9, "2011": 2, "2012": 4, "2013": 8, "2015": 8, "2016": 4, "2017": 3, "2018": 8, "2019": 6, "2020": 2}, "old_citations": {"2011": 54}, "isVisible": false}, "software engineering": {"name": "software engineering", "type": "topic", "h_index": 964, "h5_index": 236, "num_publications": 10, "num_citations": 39, "num_publications_5y": 0, "num_citations_5y": 17, "num_publications_10y": 10, "num_citations_10y": 32, "publications_years": {"2011": 10}, "citations_years": {"2013": 7, "2012": 8, "2014": 6, "2015": 4, "2016": 4, "2017": 0, "2018": 3, "2019": 6, "2020": 1}, "old_citations": {"2011": 39}, "isVisible": false}, "computer imaging and vision": {"name": "computer imaging and vision", "type": "topic", "h_index": 1142, "h5_index": 334, "num_publications": 9, "num_citations": 48, "num_publications_5y": 0, "num_citations_5y": 31, "num_publications_10y": 9, "num_citations_10y": 46, "publications_years": {"2011": 9}, "citations_years": {"2014": 11, "2015": 7, "2016": 3, "2017": 3, "2018": 7, "2011": 3, "2012": 7, "2013": 5, "2019": 2}, "old_citations": {"2011": 48}, "isVisible": false}, "computer security": {"name": "computer security", "type": "topic", "h_index": 977, "h5_index": 220, "num_publications": 9, "num_citations": 50, "num_publications_5y": 0, "num_citations_5y": 37, "num_publications_10y": 9, "num_citations_10y": 46, "publications_years": {"2011": 9}, "citations_years": {"2014": 12, "2012": 4, "2013": 4, "2015": 6, "2016": 9, "2017": 6, "2018": 4, "2019": 4, "2011": 1}, "old_citations": {"2011": 50}, "isVisible": false}, "human engineering": {"name": "human engineering", "type": "topic", "h_index": 406, "h5_index": 80, "num_publications": 9, "num_citations": 32, "num_publications_5y": 0, "num_citations_5y": 14, "num_publications_10y": 9, "num_citations_10y": 25, "publications_years": {"2011": 9}, "citations_years": {"2014": 5, "2012": 7, "2013": 4, "2015": 3, "2016": 2, "2017": 1, "2018": 3, "2019": 6, "2020": 1}, "old_citations": {"2011": 32}, "isVisible": false}, "telecommunication traffic": {"name": "telecommunication traffic", "type": "topic", "h_index": 1036, "h5_index": 233, "num_publications": 9, "num_citations": 33, "num_publications_5y": 0, "num_citations_5y": 19, "num_publications_10y": 9, "num_citations_10y": 28, "publications_years": {"2011": 9}, "citations_years": {"2014": 7, "2011": 1, "2012": 1, "2013": 7, "2015": 3, "2016": 3, "2017": 2, "2018": 4, "2019": 5}, "old_citations": {"2011": 33}, "isVisible": false}, "communication": {"name": "communication", "type": "topic", "h_index": 886, "h5_index": 209, "num_publications": 8, "num_citations": 11, "num_publications_5y": 0, "num_citations_5y": 6, "num_publications_10y": 8, "num_citations_10y": 11, "publications_years": {"2011": 8}, "citations_years": {"2014": 2, "2013": 2, "2015": 2, "2012": 3, "2016": 0, "2017": 1, "2018": 1}, "old_citations": {"2011": 11}, "isVisible": false}, "data communication systems": {"name": "data communication systems", "type": "topic", "h_index": 1013, "h5_index": 234, "num_publications": 8, "num_citations": 37, "num_publications_5y": 0, "num_citations_5y": 18, "num_publications_10y": 8, "num_citations_10y": 30, "publications_years": {"2011": 8}, "citations_years": {"2012": 7, "2013": 5, "2014": 9, "2015": 4, "2016": 2, "2017": 0, "2018": 3, "2019": 6, "2020": 1}, "old_citations": {"2011": 37}, "isVisible": false}, "information retrieval": {"name": "information retrieval", "type": "topic", "h_index": 882, "h5_index": 227, "num_publications": 8, "num_citations": 50, "num_publications_5y": 0, "num_citations_5y": 38, "num_publications_10y": 8, "num_citations_10y": 47, "publications_years": {"2011": 8}, "citations_years": {"2014": 11, "2012": 4, "2013": 5, "2015": 8, "2016": 9, "2017": 6, "2018": 4, "2019": 2, "2020": 1}, "old_citations": {"2011": 50}, "isVisible": false}, "recommender systems": {"name": "recommender systems", "type": "topic", "h_index": 614, "h5_index": 140, "num_publications": 7, "num_citations": 49, "num_publications_5y": 0, "num_citations_5y": 37, "num_publications_10y": 7, "num_citations_10y": 46, "publications_years": {"2011": 7}, "citations_years": {"2012": 4, "2013": 5, "2014": 10, "2015": 8, "2016": 9, "2017": 6, "2018": 4, "2019": 2, "2020": 1}, "old_citations": {"2011": 49}, "isVisible": false}, "signal processing": {"name": "signal processing", "type": "topic", "h_index": 1012, "h5_index": 255, "num_publications": 7, "num_citations": 43, "num_publications_5y": 0, "num_citations_5y": 34, "num_publications_10y": 7, "num_citations_10y": 41, "publications_years": {"2011": 7}, "citations_years": {"2014": 7, "2012": 4, "2013": 3, "2015": 5, "2016": 9, "2017": 7, "2018": 6, "2019": 2}, "old_citations": {"2011": 43}, "isVisible": false}, "intelligent control": {"name": "intelligent control", "type": "topic", "h_index": 367, "h5_index": 70, "num_publications": 7, "num_citations": 42, "num_publications_5y": 0, "num_citations_5y": 31, "num_publications_10y": 7, "num_citations_10y": 40, "publications_years": {"2011": 7}, "citations_years": {"2012": 4, "2013": 5, "2014": 7, "2015": 5, "2016": 11, "2017": 5, "2018": 3, "2019": 2}, "old_citations": {"2011": 42}, "isVisible": false}, "intelligent systems": {"name": "intelligent systems", "type": "topic", "h_index": 375, "h5_index": 78, "num_publications": 7, "num_citations": 42, "num_publications_5y": 0, "num_citations_5y": 31, "num_publications_10y": 7, "num_citations_10y": 40, "publications_years": {"2011": 7}, "citations_years": {"2012": 4, "2013": 5, "2014": 7, "2015": 5, "2016": 11, "2017": 5, "2018": 3, "2019": 2}, "old_citations": {"2011": 42}, "isVisible": false}, "systems design": {"name": "systems design", "type": "topic", "h_index": 356, "h5_index": 65, "num_publications": 7, "num_citations": 42, "num_publications_5y": 0, "num_citations_5y": 31, "num_publications_10y": 7, "num_citations_10y": 40, "publications_years": {"2011": 7}, "citations_years": {"2012": 4, "2013": 5, "2014": 7, "2015": 5, "2016": 11, "2017": 5, "2018": 3, "2019": 2}, "old_citations": {"2011": 42}, "isVisible": false}}, "authors": {"240238906": {"name": "kees overbeeke", "type": "author", "activity": 19, "h_index": 16, "h5_index": 0, "mag_id": "240238906", "num_publications": 4, "num_citations": 43, "num_publications_5y": 0, "num_citations_5y": 32, "num_publications_10y": 4, "num_citations_10y": 41, "publications_years": {"2011": 4}, "citations_years": {"2012": 4, "2013": 5, "2014": 9, "2015": 6, "2016": 9, "2017": 5, "2018": 3, "2019": 2}, "old_citations": {"2011": 43}, "isVisible": false}, "55979847": {"name": "massimiliano dibitonto", "type": "author", "activity": 1, "h_index": 1, "h5_index": 0, "mag_id": "55979847", "num_publications": 2, "num_citations": 11, "num_publications_5y": 0, "num_citations_5y": 3, "num_publications_10y": 2, "num_citations_10y": 8, "publications_years": {"2011": 2}, "citations_years": {"2014": 2, "2012": 1, "2013": 4, "2015": 0, "2016": 0, "2017": 0, "2018": 1, "2019": 3}, "old_citations": {"2011": 11}, "isVisible": false}, "1994993811": {"name": "massimo zancanaro", "type": "author", "activity": 27, "h_index": 27, "h5_index": 3, "mag_id": "1994993811", "num_publications": 2, "num_citations": 1, "num_publications_5y": 0, "num_citations_5y": 1, "num_publications_10y": 2, "num_citations_10y": 1, "publications_years": {"2011": 2}, "citations_years": {"2016": 1}, "old_citations": {"2011": 1}, "isVisible": false}, "2034066477": {"name": "stephan wensveen", "type": "author", "activity": 19, "h_index": 10, "h5_index": 1, "mag_id": "2034066477", "num_publications": 2, "num_citations": 37, "num_publications_5y": 0, "num_citations_5y": 29, "num_publications_10y": 2, "num_citations_10y": 35, "publications_years": {"2011": 2}, "citations_years": {"2012": 4, "2013": 2, "2014": 8, "2015": 5, "2016": 8, "2017": 5, "2018": 3, "2019": 2}, "old_citations": {"2011": 37}, "isVisible": false}, "2035181805": {"name": "marco camilli", "type": "author", "activity": 6, "h_index": 4, "h5_index": 0, "mag_id": "2035181805", "num_publications": 2, "num_citations": 11, "num_publications_5y": 0, "num_citations_5y": 3, "num_publications_10y": 2, "num_citations_10y": 8, "publications_years": {"2011": 2}, "citations_years": {"2014": 2, "2012": 1, "2013": 4, "2015": 0, "2016": 0, "2017": 0, "2018": 1, "2019": 3}, "old_citations": {"2011": 11}, "isVisible": false}, "2042740829": {"name": "jelle stienstra", "type": "author", "activity": 10, "h_index": 6, "h5_index": 0, "mag_id": "2042740829", "num_publications": 2, "num_citations": 37, "num_publications_5y": 0, "num_citations_5y": 29, "num_publications_10y": 2, "num_citations_10y": 35, "publications_years": {"2011": 2}, "citations_years": {"2012": 4, "2013": 2, "2014": 8, "2015": 5, "2016": 8, "2017": 5, "2018": 3, "2019": 2}, "old_citations": {"2011": 37}, "isVisible": false}, "2095013499": {"name": "carlo maria medaglia", "type": "author", "activity": 8, "h_index": 9, "h5_index": 0, "mag_id": "2095013499", "num_publications": 2, "num_citations": 11, "num_publications_5y": 0, "num_citations_5y": 3, "num_publications_10y": 2, "num_citations_10y": 8, "publications_years": {"2011": 2}, "citations_years": {"2014": 2, "2012": 1, "2013": 4, "2015": 0, "2016": 0, "2017": 0, "2018": 1, "2019": 3}, "old_citations": {"2011": 11}, "isVisible": false}, "2170449889": {"name": "marina buzzi", "type": "author", "activity": 17, "h_index": 11, "h5_index": 3, "mag_id": "2170449889", "num_publications": 2, "num_citations": 14, "num_publications_5y": 0, "num_citations_5y": 6, "num_publications_10y": 2, "num_citations_10y": 11, "publications_years": {"2011": 2}, "citations_years": {"2011": 1, "2012": 3, "2013": 1, "2014": 1, "2015": 2, "2016": 2, "2017": 0, "2018": 1, "2019": 3}, "old_citations": {"2011": 14}, "isVisible": false}, "2530404244": {"name": "alessandro vona", "type": "author", "activity": 3, "h_index": 1, "h5_index": 0, "mag_id": "2530404244", "num_publications": 2, "num_citations": 11, "num_publications_5y": 0, "num_citations_5y": 3, "num_publications_10y": 2, "num_citations_10y": 8, "publications_years": {"2011": 2}, "citations_years": {"2014": 2, "2012": 1, "2013": 4, "2015": 0, "2016": 0, "2017": 0, "2018": 1, "2019": 3}, "old_citations": {"2011": 11}, "isVisible": false}, "2626086350": {"name": "francesco di nocera", "type": "author", "activity": 20, "h_index": 6, "h5_index": 1, "mag_id": "2626086350", "num_publications": 2, "num_citations": 11, "num_publications_5y": 0, "num_citations_5y": 3, "num_publications_10y": 2, "num_citations_10y": 8, "publications_years": {"2011": 2}, "citations_years": {"2014": 2, "2012": 1, "2013": 4, "2015": 0, "2016": 0, "2017": 0, "2018": 1, "2019": 3}, "old_citations": {"2011": 11}, "isVisible": false}, "57441543": {"name": "laura tarantino", "type": "author", "activity": 30, "h_index": 7, "h5_index": 2, "mag_id": "57441543", "num_publications": 1, "num_citations": 0, "num_publications_5y": 0, "num_citations_5y": 0, "num_publications_10y": 1, "num_citations_10y": 0, "publications_years": {"2011": 1}, "citations_years": {}, "old_citations": {"2011": 0}, "isVisible": false}, "65869504": {"name": "anna spagnolli", "type": "author", "activity": 19, "h_index": 11, "h5_index": 3, "mag_id": "65869504", "num_publications": 1, "num_citations": 6, "num_publications_5y": 0, "num_citations_5y": 6, "num_publications_10y": 1, "num_citations_10y": 6, "publications_years": {"2011": 1}, "citations_years": {"2014": 1, "2015": 3, "2016": 1, "2017": 0, "2018": 1}, "old_citations": {"2011": 6}, "isVisible": false}, "117860587": {"name": "fabio pittarello", "type": "author", "activity": 20, "h_index": 11, "h5_index": 2, "mag_id": "117860587", "num_publications": 1, "num_citations": 0, "num_publications_5y": 0, "num_citations_5y": 0, "num_publications_10y": 1, "num_citations_10y": 0, "publications_years": {"2011": 1}, "citations_years": {}, "old_citations": {"2011": 0}, "isVisible": false}, "155695608": {"name": "barbara leporini", "type": "author", "activity": 18, "h_index": 15, "h5_index": 3, "mag_id": "155695608", "num_publications": 1, "num_citations": 8, "num_publications_5y": 0, "num_citations_5y": 3, "num_publications_10y": 1, "num_citations_10y": 7, "publications_years": {"2011": 1}, "citations_years": {"2012": 3, "2013": 1, "2014": 1, "2015": 1, "2016": 1, "2017": 0, "2018": 0, "2019": 1}, "old_citations": {"2011": 8}, "isVisible": false}, "268154561": {"name": "paul f m j verschure", "type": "author", "activity": 28, "h_index": 26, "h5_index": 9, "mag_id": "268154561", "num_publications": 1, "num_citations": 4, "num_publications_5y": 0, "num_citations_5y": 3, "num_publications_10y": 1, "num_citations_10y": 4, "publications_years": {"2011": 1}, "citations_years": {"2013": 1, "2014": 3}, "old_citations": {"2011": 4}, "isVisible": false}, "280675568": {"name": "tania di mascio", "type": "author", "activity": 18, "h_index": 5, "h5_index": 2, "mag_id": "280675568", "num_publications": 1, "num_citations": 0, "num_publications_5y": 0, "num_citations_5y": 0, "num_publications_10y": 1, "num_citations_10y": 0, "publications_years": {"2011": 1}, "citations_years": {}, "old_citations": {"2011": 0}, "isVisible": false}, "309598184": {"name": "tiziana catarci", "type": "author", "activity": 31, "h_index": 25, "h5_index": 4, "mag_id": "309598184", "num_publications": 1, "num_citations": 7, "num_publications_5y": 0, "num_citations_5y": 3, "num_publications_10y": 1, "num_citations_10y": 7, "publications_years": {"2011": 1}, "citations_years": {"2012": 4, "2013": 0, "2014": 2, "2015": 1}, "old_citations": {"2011": 7}, "isVisible": false}, "326507019": {"name": "davide rocchesso", "type": "author", "activity": 29, "h_index": 20, "h5_index": 4, "mag_id": "326507019", "num_publications": 1, "num_citations": 2, "num_publications_5y": 0, "num_citations_5y": 1, "num_publications_10y": 1, "num_citations_10y": 2, "publications_years": {"2011": 1}, "citations_years": {"2012": 1, "2013": 0, "2014": 0, "2015": 0, "2016": 1}, "old_citations": {"2011": 2}, "isVisible": false}, "651488432": {"name": "oronzo parlangeli", "type": "author", "activity": 28, "h_index": 4, "h5_index": 1, "mag_id": "651488432", "num_publications": 1, "num_citations": 8, "num_publications_5y": 0, "num_citations_5y": 4, "num_publications_10y": 1, "num_citations_10y": 4, "publications_years": {"2011": 1}, "citations_years": {"2015": 1, "2016": 1, "2017": 0, "2018": 2, "2019": 3, "2020": 1}, "old_citations": {"2011": 8}, "isVisible": false}, "700698657": {"name": "maria francesca costabile", "type": "author", "activity": 31, "h_index": 27, "h5_index": 3, "mag_id": "700698657", "num_publications": 1, "num_citations": 1, "num_publications_5y": 0, "num_citations_5y": 0, "num_publications_10y": 1, "num_citations_10y": 1, "publications_years": {"2011": 1}, "citations_years": {"2012": 1}, "old_citations": {"2011": 1}, "isVisible": false}, "1520931898": {"name": "shah rukh humayoun", "type": "author", "activity": 13, "h_index": 8, "h5_index": 3, "mag_id": "1520931898", "num_publications": 1, "num_citations": 7, "num_publications_5y": 0, "num_citations_5y": 3, "num_publications_10y": 1, "num_citations_10y": 7, "publications_years": {"2011": 1}, "citations_years": {"2012": 4, "2013": 0, "2014": 2, "2015": 1}, "old_citations": {"2011": 7}, "isVisible": false}, "1555327025": {"name": "luciano gamberini", "type": "author", "activity": 20, "h_index": 14, "h5_index": 6, "mag_id": "1555327025", "num_publications": 1, "num_citations": 6, "num_publications_5y": 0, "num_citations_5y": 6, "num_publications_10y": 1, "num_citations_10y": 6, "publications_years": {"2011": 1}, "citations_years": {"2014": 1, "2015": 3, "2016": 1, "2017": 0, "2018": 1}, "old_citations": {"2011": 6}, "isVisible": false}, "1856626846": {"name": "caroline hummels", "type": "author", "activity": 24, "h_index": 16, "h5_index": 6, "mag_id": "1856626846", "num_publications": 1, "num_citations": 0, "num_publications_5y": 0, "num_citations_5y": 0, "num_publications_10y": 1, "num_citations_10y": 0, "publications_years": {"2011": 1}, "citations_years": {}, "old_citations": {"2011": 0}, "isVisible": false}, "1963665096": {"name": "carmelo ardito", "type": "author", "activity": 18, "h_index": 21, "h5_index": 5, "mag_id": "1963665096", "num_publications": 1, "num_citations": 1, "num_publications_5y": 0, "num_citations_5y": 0, "num_publications_10y": 1, "num_citations_10y": 1, "publications_years": {"2011": 1}, "citations_years": {"2012": 1}, "old_citations": {"2011": 1}, "isVisible": false}, "1986586493": {"name": "stefano delle monache", "type": "author", "activity": 12, "h_index": 6, "h5_index": 4, "mag_id": "1986586493", "num_publications": 1, "num_citations": 2, "num_publications_5y": 0, "num_citations_5y": 1, "num_publications_10y": 1, "num_citations_10y": 2, "publications_years": {"2011": 1}, "citations_years": {"2012": 1, "2013": 0, "2014": 0, "2015": 0, "2016": 1}, "old_citations": {"2011": 2}, "isVisible": false}, "2001364258": {"name": "luca zamboni", "type": "author", "activity": 8, "h_index": 3, "h5_index": 1, "mag_id": "2001364258", "num_publications": 1, "num_citations": 6, "num_publications_5y": 0, "num_citations_5y": 6, "num_publications_10y": 1, "num_citations_10y": 6, "publications_years": {"2011": 1}, "citations_years": {"2014": 1, "2015": 3, "2016": 1, "2017": 0, "2018": 1}, "old_citations": {"2011": 6}, "isVisible": false}, "2012760799": {"name": "remco magielse", "type": "author", "activity": 9, "h_index": 6, "h5_index": 1, "mag_id": "2012760799", "num_publications": 1, "num_citations": 12, "num_publications_5y": 0, "num_citations_5y": 6, "num_publications_10y": 1, "num_citations_10y": 12, "publications_years": {"2011": 1}, "citations_years": {"2011": 1, "2012": 1, "2013": 4, "2014": 1, "2015": 2, "2016": 0, "2017": 1, "2018": 2}, "old_citations": {"2011": 12}, "isVisible": false}, "2034185974": {"name": "arianna bassoli", "type": "author", "activity": 8, "h_index": 6, "h5_index": 0, "mag_id": "2034185974", "num_publications": 1, "num_citations": 1, "num_publications_5y": 0, "num_citations_5y": 1, "num_publications_10y": 1, "num_citations_10y": 1, "publications_years": {"2011": 1}, "citations_years": {"2014": 1}, "old_citations": {"2011": 1}, "isVisible": false}, "2048314678": {"name": "paolo buono", "type": "author", "activity": 20, "h_index": 16, "h5_index": 3, "mag_id": "2048314678", "num_publications": 1, "num_citations": 1, "num_publications_5y": 0, "num_citations_5y": 0, "num_publications_10y": 1, "num_citations_10y": 1, "publications_years": {"2011": 1}, "citations_years": {"2012": 1}, "old_citations": {"2011": 1}, "isVisible": false}, "2105864942": {"name": "maria claudia buzzi", "type": "author", "activity": 11, "h_index": 9, "h5_index": 4, "mag_id": "2105864942", "num_publications": 1, "num_citations": 8, "num_publications_5y": 0, "num_citations_5y": 3, "num_publications_10y": 1, "num_citations_10y": 7, "publications_years": {"2011": 1}, "citations_years": {"2012": 3, "2013": 1, "2014": 1, "2015": 1, "2016": 1, "2017": 0, "2018": 0, "2019": 1}, "old_citations": {"2011": 8}, "isVisible": false}, "2107129593": {"name": "patrizia marti", "type": "author", "activity": 25, "h_index": 14, "h5_index": 4, "mag_id": "2107129593", "num_publications": 1, "num_citations": 5, "num_publications_5y": 0, "num_citations_5y": 3, "num_publications_10y": 1, "num_citations_10y": 5, "publications_years": {"2011": 1}, "citations_years": {"2013": 2, "2014": 1, "2015": 1, "2016": 1}, "old_citations": {"2011": 5}, "isVisible": false}, "2119489594": {"name": "francesca chessa", "type": "author", "activity": 18, "h_index": 2, "h5_index": 0, "mag_id": "2119489594", "num_publications": 1, "num_citations": 2, "num_publications_5y": 0, "num_citations_5y": 1, "num_publications_10y": 1, "num_citations_10y": 2, "publications_years": {"2011": 1}, "citations_years": {"2013": 1, "2014": 0, "2015": 1}, "old_citations": {"2011": 2}, "isVisible": false}, "2131389578": {"name": "p d pierre levy", "type": "author", "activity": 13, "h_index": 4, "h5_index": 2, "mag_id": "2131389578", "num_publications": 1, "num_citations": 0, "num_publications_5y": 0, "num_citations_5y": 0, "num_publications_10y": 1, "num_citations_10y": 0, "publications_years": {"2011": 1}, "citations_years": {}, "old_citations": {"2011": 0}, "isVisible": false}, "2140624811": {"name": "gabriella spinelli", "type": "author", "activity": 21, "h_index": 3, "h5_index": 0, "mag_id": "2140624811", "num_publications": 1, "num_citations": 1, "num_publications_5y": 0, "num_citations_5y": 1, "num_publications_10y": 1, "num_citations_10y": 1, "publications_years": {"2011": 1}, "citations_years": {"2017": 1}, "old_citations": {"2011": 1}, "isVisible": false}, "2145037486": {"name": "stefano guidi", "type": "author", "activity": 9, "h_index": 2, "h5_index": 1, "mag_id": "2145037486", "num_publications": 1, "num_citations": 8, "num_publications_5y": 0, "num_citations_5y": 4, "num_publications_10y": 1, "num_citations_10y": 4, "publications_years": {"2011": 1}, "citations_years": {"2015": 1, "2016": 1, "2017": 0, "2018": 2, "2019": 3, "2020": 1}, "old_citations": {"2011": 8}, "isVisible": false}, "2153512586": {"name": "philip ross", "type": "author", "activity": 9, "h_index": 7, "h5_index": 0, "mag_id": "2153512586", "num_publications": 1, "num_citations": 12, "num_publications_5y": 0, "num_citations_5y": 6, "num_publications_10y": 1, "num_citations_10y": 12, "publications_years": {"2011": 1}, "citations_years": {"2011": 1, "2012": 1, "2013": 4, "2014": 1, "2015": 2, "2016": 0, "2017": 1, "2018": 2}, "old_citations": {"2011": 12}, "isVisible": false}, "2221717985": {"name": "sabrina cipolletta", "type": "author", "activity": 8, "h_index": 2, "h5_index": 1, "mag_id": "2221717985", "num_publications": 1, "num_citations": 6, "num_publications_5y": 0, "num_citations_5y": 6, "num_publications_10y": 1, "num_citations_10y": 6, "publications_years": {"2011": 1}, "citations_years": {"2014": 1, "2015": 3, "2016": 1, "2017": 0, "2018": 1}, "old_citations": {"2011": 6}, "isVisible": false}, "2223509553": {"name": "silvoni stefano", "type": "author", "activity": 1, "h_index": 1, "h5_index": 0, "mag_id": "2223509553", "num_publications": 1, "num_citations": 3, "num_publications_5y": 0, "num_citations_5y": 1, "num_publications_10y": 1, "num_citations_10y": 3, "publications_years": {"2011": 1}, "citations_years": {"2012": 1, "2013": 1, "2014": 0, "2015": 0, "2016": 0, "2017": 0, "2018": 1}, "old_citations": {"2011": 3}, "isVisible": false}, "2223798856": {"name": "claudio moderini", "type": "author", "activity": 3, "h_index": 1, "h5_index": 0, "mag_id": "2223798856", "num_publications": 1, "num_citations": 1, "num_publications_5y": 0, "num_citations_5y": 1, "num_publications_10y": 1, "num_citations_10y": 1, "publications_years": {"2011": 1}, "citations_years": {"2016": 1}, "old_citations": {"2011": 1}, "isVisible": false}, "2224392756": {"name": "piccione francesco", "type": "author", "activity": 1, "h_index": 1, "h5_index": 0, "mag_id": "2224392756", "num_publications": 1, "num_citations": 3, "num_publications_5y": 0, "num_citations_5y": 1, "num_publications_10y": 1, "num_citations_10y": 3, "publications_years": {"2011": 1}, "citations_years": {"2012": 1, "2013": 1, "2014": 0, "2015": 0, "2016": 0, "2017": 0, "2018": 1}, "old_citations": {"2011": 3}, "isVisible": false}, "2224512563": {"name": "anna zandanel", "type": "author", "activity": 1, "h_index": 1, "h5_index": 0, "mag_id": "2224512563", "num_publications": 1, "num_citations": 1, "num_publications_5y": 0, "num_citations_5y": 1, "num_publications_10y": 1, "num_citations_10y": 1, "publications_years": {"2011": 1}, "citations_years": {"2015": 1}, "old_citations": {"2011": 1}, "isVisible": false}, "2224553718": {"name": "samuel a lacolina", "type": "author", "activity": 1, "h_index": 1, "h5_index": 0, "mag_id": "2224553718", "num_publications": 1, "num_citations": 6, "num_publications_5y": 0, "num_citations_5y": 4, "num_publications_10y": 1, "num_citations_10y": 6, "publications_years": {"2011": 1}, "citations_years": {"2011": 1, "2012": 1, "2013": 0, "2014": 2, "2015": 0, "2016": 1, "2017": 0, "2018": 1}, "old_citations": {"2011": 6}, "isVisible": false}, "2225227848": {"name": "isabella tion", "type": "author", "activity": 1, "h_index": 1, "h5_index": 0, "mag_id": "2225227848", "num_publications": 1, "num_citations": 6, "num_publications_5y": 0, "num_citations_5y": 6, "num_publications_10y": 1, "num_citations_10y": 6, "publications_years": {"2011": 1}, "citations_years": {"2014": 1, "2015": 3, "2016": 1, "2017": 0, "2018": 1}, "old_citations": {"2011": 6}, "isVisible": false}, "2226229431": {"name": "gianni de giuli", "type": "author", "activity": 1, "h_index": 1, "h5_index": 0, "mag_id": "2226229431", "num_publications": 1, "num_citations": 6, "num_publications_5y": 0, "num_citations_5y": 6, "num_publications_10y": 1, "num_citations_10y": 6, "publications_years": {"2011": 1}, "citations_years": {"2014": 1, "2015": 3, "2016": 1, "2017": 0, "2018": 1}, "old_citations": {"2011": 6}, "isVisible": false}, "2226244473": {"name": "priftis konstantinos", "type": "author", "activity": 1, "h_index": 1, "h5_index": 0, "mag_id": "2226244473", "num_publications": 1, "num_citations": 3, "num_publications_5y": 0, "num_citations_5y": 1, "num_publications_10y": 1, "num_citations_10y": 3, "publications_years": {"2011": 1}, "citations_years": {"2012": 1, "2013": 1, "2014": 0, "2015": 0, "2016": 0, "2017": 0, "2018": 1}, "old_citations": {"2011": 3}, "isVisible": false}, "2251845387": {"name": "alessandro soro", "type": "author", "activity": 16, "h_index": 9, "h5_index": 6, "mag_id": "2251845387", "num_publications": 1, "num_citations": 6, "num_publications_5y": 0, "num_citations_5y": 4, "num_publications_10y": 1, "num_citations_10y": 6, "publications_years": {"2011": 1}, "citations_years": {"2011": 1, "2012": 1, "2013": 0, "2014": 2, "2015": 0, "2016": 1, "2017": 0, "2018": 1}, "old_citations": {"2011": 6}, "isVisible": false}, "2306769599": {"name": "leonardo giusti", "type": "author", "activity": 1, "h_index": 1, "h5_index": 0, "mag_id": "2306769599", "num_publications": 1, "num_citations": 1, "num_publications_5y": 0, "num_citations_5y": 1, "num_publications_10y": 1, "num_citations_10y": 1, "publications_years": {"2011": 1}, "citations_years": {"2016": 1}, "old_citations": {"2011": 1}, "isVisible": false}, "2405775641": {"name": "david kirsh", "type": "author", "activity": 30, "h_index": 17, "h5_index": 1, "mag_id": "2405775641", "num_publications": 1, "num_citations": 4, "num_publications_5y": 0, "num_citations_5y": 4, "num_publications_10y": 1, "num_citations_10y": 4, "publications_years": {"2011": 1}, "citations_years": {"2017": 2, "2018": 2}, "old_citations": {"2011": 4}, "isVisible": false}, "2421664160": {"name": "fabio paterno", "type": "author", "activity": 30, "h_index": 41, "h5_index": 8, "mag_id": "2421664160", "num_publications": 1, "num_citations": 4, "num_publications_5y": 0, "num_citations_5y": 2, "num_publications_10y": 1, "num_citations_10y": 4, "publications_years": {"2011": 1}, "citations_years": {"2012": 1, "2013": 1, "2014": 2}, "old_citations": {"2011": 4}, "isVisible": false}, "2439405584": {"name": "chiara leonardi", "type": "author", "activity": 13, "h_index": 9, "h5_index": 3, "mag_id": "2439405584", "num_publications": 1, "num_citations": 0, "num_publications_5y": 0, "num_citations_5y": 0, "num_publications_10y": 1, "num_citations_10y": 0, "publications_years": {"2011": 1}, "citations_years": {}, "old_citations": {"2011": 0}, "isVisible": false}, "2440152586": {"name": "marchetti mauro", "type": "author", "activity": 1, "h_index": 1, "h5_index": 0, "mag_id": "2440152586", "num_publications": 1, "num_citations": 3, "num_publications_5y": 0, "num_citations_5y": 1, "num_publications_10y": 1, "num_citations_10y": 3, "publications_years": {"2011": 1}, "citations_years": {"2012": 1, "2013": 1, "2014": 0, "2015": 0, "2016": 0, "2017": 0, "2018": 1}, "old_citations": {"2011": 3}, "isVisible": false}, "2442152068": {"name": "bobbi sharma", "type": "author", "activity": 1, "h_index": 1, "h5_index": 0, "mag_id": "2442152068", "num_publications": 1, "num_citations": 1, "num_publications_5y": 0, "num_citations_5y": 1, "num_publications_10y": 1, "num_citations_10y": 1, "publications_years": {"2011": 1}, "citations_years": {"2017": 1}, "old_citations": {"2011": 1}, "isVisible": false}, "2492648472": {"name": "stephanie giraud", "type": "author", "activity": 9, "h_index": 3, "h5_index": 1, "mag_id": "2492648472", "num_publications": 1, "num_citations": 10, "num_publications_5y": 0, "num_citations_5y": 7, "num_publications_10y": 1, "num_citations_10y": 9, "publications_years": {"2011": 1}, "citations_years": {"2013": 2, "2014": 2, "2015": 3, "2016": 1, "2017": 0, "2018": 1, "2019": 0, "2020": 1}, "old_citations": {"2011": 10}, "isVisible": false}, "2501528095": {"name": "pierre therouanne", "type": "author", "activity": 9, "h_index": 3, "h5_index": 1, "mag_id": "2501528095", "num_publications": 1, "num_citations": 10, "num_publications_5y": 0, "num_citations_5y": 7, "num_publications_10y": 1, "num_citations_10y": 9, "publications_years": {"2011": 1}, "citations_years": {"2013": 2, "2014": 2, "2015": 3, "2016": 1, "2017": 0, "2018": 1, "2019": 0, "2020": 1}, "old_citations": {"2011": 10}, "isVisible": false}, "2503369521": {"name": "marco manca", "type": "author", "activity": 10, "h_index": 8, "h5_index": 4, "mag_id": "2503369521", "num_publications": 1, "num_citations": 4, "num_publications_5y": 0, "num_citations_5y": 2, "num_publications_10y": 1, "num_citations_10y": 4, "publications_years": {"2011": 1}, "citations_years": {"2012": 1, "2013": 1, "2014": 2}, "old_citations": {"2011": 4}, "isVisible": false}, "2512848450": {"name": "josje wijnen", "type": "author", "activity": 1, "h_index": 1, "h5_index": 0, "mag_id": "2512848450", "num_publications": 1, "num_citations": 0, "num_publications_5y": 0, "num_citations_5y": 0, "num_publications_10y": 1, "num_citations_10y": 0, "publications_years": {"2011": 1}, "citations_years": {}, "old_citations": {"2011": 0}, "isVisible": false}, "2577665666": {"name": "diana vinke", "type": "author", "activity": 1, "h_index": 0, "h5_index": 0, "mag_id": "2577665666", "num_publications": 1, "num_citations": 0, "num_publications_5y": 0, "num_citations_5y": 0, "num_publications_10y": 1, "num_citations_10y": 0, "publications_years": {"2011": 1}, "citations_years": {}, "old_citations": {"2011": 0}, "isVisible": false}, "2609912318": {"name": "johanna brewer", "type": "author", "activity": 5, "h_index": 1, "h5_index": 0, "mag_id": "2609912318", "num_publications": 1, "num_citations": 1, "num_publications_5y": 0, "num_citations_5y": 1, "num_publications_10y": 1, "num_citations_10y": 1, "publications_years": {"2011": 1}, "citations_years": {"2014": 1}, "old_citations": {"2011": 1}, "isVisible": false}, "2626630728": {"name": "riccardo scateni", "type": "author", "activity": 27, "h_index": 10, "h5_index": 4, "mag_id": "2626630728", "num_publications": 1, "num_citations": 6, "num_publications_5y": 0, "num_citations_5y": 4, "num_publications_10y": 1, "num_citations_10y": 6, "publications_years": {"2011": 1}, "citations_years": {"2011": 1, "2012": 1, "2013": 0, "2014": 2, "2015": 0, "2016": 1, "2017": 0, "2018": 1}, "old_citations": {"2011": 6}, "isVisible": false}, "2633185436": {"name": "roberta grimaldi", "type": "author", "activity": 1, "h_index": 1, "h5_index": 0, "mag_id": "2633185436", "num_publications": 1, "num_citations": 1, "num_publications_5y": 0, "num_citations_5y": 1, "num_publications_10y": 1, "num_citations_10y": 1, "publications_years": {"2011": 1}, "citations_years": {"2014": 1}, "old_citations": {"2011": 1}, "isVisible": false}, "2663987455": {"name": "guido mengoni", "type": "author", "activity": 1, "h_index": 1, "h5_index": 0, "mag_id": "2663987455", "num_publications": 1, "num_citations": 8, "num_publications_5y": 0, "num_citations_5y": 4, "num_publications_10y": 1, "num_citations_10y": 4, "publications_years": {"2011": 1}, "citations_years": {"2015": 1, "2016": 1, "2017": 0, "2018": 2, "2019": 3, "2020": 1}, "old_citations": {"2011": 8}, "isVisible": false}, "2704213258": {"name": "alessandra bonomo", "type": "author", "activity": 1, "h_index": 0, "h5_index": 0, "mag_id": "2704213258", "num_publications": 1, "num_citations": 0, "num_publications_5y": 0, "num_citations_5y": 0, "num_publications_10y": 1, "num_citations_10y": 0, "publications_years": {"2011": 1}, "citations_years": {}, "old_citations": {"2011": 0}, "isVisible": false}, "2719162518": {"name": "gamberini luciano", "type": "author", "activity": 1, "h_index": 1, "h5_index": 0, "mag_id": "2719162518", "num_publications": 1, "num_citations": 3, "num_publications_5y": 0, "num_citations_5y": 1, "num_publications_10y": 1, "num_citations_10y": 3, "publications_years": {"2011": 1}, "citations_years": {"2012": 1, "2013": 1, "2014": 0, "2015": 0, "2016": 0, "2017": 0, "2018": 1}, "old_citations": {"2011": 3}, "isVisible": false}, "2721206247": {"name": "teresa colombi", "type": "author", "activity": 1, "h_index": 1, "h5_index": 0, "mag_id": "2721206247", "num_publications": 1, "num_citations": 10, "num_publications_5y": 0, "num_citations_5y": 7, "num_publications_10y": 1, "num_citations_10y": 9, "publications_years": {"2011": 1}, "citations_years": {"2013": 2, "2014": 2, "2015": 3, "2016": 1, "2017": 0, "2018": 1, "2019": 0, "2020": 1}, "old_citations": {"2011": 10}, "isVisible": false}, "2723039573": {"name": "aurore russo", "type": "author", "activity": 1, "h_index": 1, "h5_index": 0, "mag_id": "2723039573", "num_publications": 1, "num_citations": 10, "num_publications_5y": 0, "num_citations_5y": 7, "num_publications_10y": 1, "num_citations_10y": 9, "publications_years": {"2011": 1}, "citations_years": {"2013": 2, "2014": 2, "2015": 3, "2016": 1, "2017": 0, "2018": 1, "2019": 0, "2020": 1}, "old_citations": {"2011": 10}, "isVisible": false}, "2762719358": {"name": "liam j bannon", "type": "author", "activity": 1, "h_index": 1, "h5_index": 0, "mag_id": "2762719358", "num_publications": 1, "num_citations": 2, "num_publications_5y": 0, "num_citations_5y": 1, "num_publications_10y": 1, "num_citations_10y": 2, "publications_years": {"2011": 1}, "citations_years": {"2012": 1, "2013": 0, "2014": 1}, "old_citations": {"2011": 2}, "isVisible": false}, "2776476437": {"name": "gavin brelstaff", "type": "author", "activity": 18, "h_index": 3, "h5_index": 0, "mag_id": "2776476437", "num_publications": 1, "num_citations": 2, "num_publications_5y": 0, "num_citations_5y": 1, "num_publications_10y": 1, "num_citations_10y": 2, "publications_years": {"2011": 1}, "citations_years": {"2013": 1, "2014": 0, "2015": 1}, "old_citations": {"2011": 2}, "isVisible": false}, "2995680466": {"name": "yael dubinsky", "type": "author", "activity": 12, "h_index": 4, "h5_index": 0, "mag_id": "2995680466", "num_publications": 1, "num_citations": 7, "num_publications_5y": 0, "num_citations_5y": 3, "num_publications_10y": 1, "num_citations_10y": 7, "publications_years": {"2011": 1}, "citations_years": {"2012": 4, "2013": 0, "2014": 2, "2015": 1}, "old_citations": {"2011": 7}, "isVisible": false}}, "countries": {"Italy": {"name": "Italy", "type": "country", "h5_index": 94, "num_publications": 15, "num_citations": 46, "num_publications_5y": 0, "num_citations_5y": 25, "num_publications_10y": 15, "num_citations_10y": 39, "publications_years": {"2011": 15}, "citations_years": {"2014": 6, "2015": 7, "2016": 6, "2017": 0, "2018": 6, "2011": 1, "2012": 5, "2013": 8, "2019": 6, "2020": 1}, "old_citations": {"2011": 46}, "isVisible": false}, "Netherlands": {"name": "Netherlands", "type": "country", "h5_index": 91, "num_publications": 6, "num_citations": 55, "num_publications_5y": 0, "num_citations_5y": 38, "num_publications_10y": 6, "num_citations_10y": 53, "publications_years": {"2011": 6}, "citations_years": {"2012": 5, "2013": 9, "2014": 10, "2015": 8, "2016": 9, "2017": 6, "2018": 5, "2019": 2, "2011": 1}, "old_citations": {"2011": 55}, "isVisible": false}, "United States": {"name": "United States", "type": "country", "h5_index": 308, "num_publications": 2, "num_citations": 11, "num_publications_5y": 0, "num_citations_5y": 7, "num_publications_10y": 2, "num_citations_10y": 11, "publications_years": {"2011": 2}, "citations_years": {"2017": 2, "2018": 2, "2012": 4, "2013": 0, "2014": 2, "2015": 1}, "old_citations": {"2011": 11}, "isVisible": false}, "France": {"name": "France", "type": "country", "h5_index": 99, "num_publications": 1, "num_citations": 10, "num_publications_5y": 0, "num_citations_5y": 7, "num_publications_10y": 1, "num_citations_10y": 9, "publications_years": {"2011": 1}, "citations_years": {"2013": 2, "2014": 2, "2015": 3, "2016": 1, "2017": 0, "2018": 1, "2019": 0, "2020": 1}, "old_citations": {"2011": 10}, "isVisible": false}, "Ireland": {"name": "Ireland", "type": "country", "h5_index": 50, "num_publications": 1, "num_citations": 2, "num_publications_5y": 0, "num_citations_5y": 1, "num_publications_10y": 1, "num_citations_10y": 2, "publications_years": {"2011": 1}, "citations_years": {"2012": 1, "2013": 0, "2014": 1}, "old_citations": {"2011": 2}, "isVisible": false}, "United Kingdom": {"name": "United Kingdom", "type": "country", "h5_index": 172, "num_publications": 1, "num_citations": 1, "num_publications_5y": 0, "num_citations_5y": 1, "num_publications_10y": 1, "num_citations_10y": 1, "publications_years": {"2011": 1}, "citations_years": {"2017": 1}, "old_citations": {"2011": 1}, "isVisible": false}}}, "conference_comparison": {"computer science": {}}, "topics_dna": {"publications": {}, "citations": {"normalized": {}, "average": {}}}, "info": {"num_publications": 30, "num_citations": 143.0, "impact_factor": {}, "publications_years": {"2011": 30}, "citations_years": {"2011": 3, "2012": 19, "2013": 20, "2014": 27, "2015": 20, "2016": 17, "2017": 9, "2018": 15, "2019": 11, "2020": 2}, "old_citations": {"2011": 143}, "h5_index": 0}, "percentile": {"computer science": {"2011": 72}}, "conference_ranking": {"computer science": {"2011": 1184}}, "academia": {"num_publications": 20, "num_citations": 105, "publications_years": {"2011": 20}, "old_citations": {"2011": 105}, "num_publications_5y": 0, "num_citations_5y": 0, "num_publications_10y": 20, "num_citations_10y": 105}, "industry": {"num_publications": 0, "num_citations": 0, "publications_years": {}, "old_citations": {}, "num_publications_5y": 0, "num_citations_5y": 0, "num_publications_10y": 0, "num_citations_10y": 0}, "collaborative": {"num_publications": 0, "num_citations": 0, "publications_years": {}, "old_citations": {}, "num_publications_5y": 0, "num_citations_5y": 0, "num_publications_10y": 0, "num_citations_10y": 0}, "conferences": {}, "journals": {}, "organizations": {"publication_overall": ["Eindhoven University of Technology", "Ca Foscari University of Venice", "Fondazione Bruno Kessler", "Sapienza University of Rome", "University of Padua", "University of Siena", "Brunel University London", "Center for Advanced Studies Research and Development in Sardinia", "Domus Academy", "IMT Institute for Advanced Studies Lucca", "Mount Carmel Health", "Nice Sophia Antipolis University", "University College Cork", "University of Bari Aldo Moro", "University of Cagliari", "University of California, San Diego", "University of L'Aquila", "University of Sassari", "Universit\u00e0 Iuav di Venezia"], "citation_overall": ["Eindhoven University of Technology", "University of Siena", "Sapienza University of Rome", "Nice Sophia Antipolis University", "University of Padua", "Mount Carmel Health", "Center for Advanced Studies Research and Development in Sardinia", "University of Cagliari", "University of California, San Diego", "Ca Foscari University of Venice", "University College Cork", "University of Sassari", "Brunel University London", "Domus Academy", "Fondazione Bruno Kessler", "IMT Institute for Advanced Studies Lucca", "University of Bari Aldo Moro", "Universit\u00e0 Iuav di Venezia", "University of L'Aquila"], "publication_10_years": ["Eindhoven University of Technology", "Ca Foscari University of Venice", "Fondazione Bruno Kessler", "Sapienza University of Rome", "University of Padua", "University of Siena", "Brunel University London", "Center for Advanced Studies Research and Development in Sardinia", "Domus Academy", "IMT Institute for Advanced Studies Lucca", "Mount Carmel Health", "Nice Sophia Antipolis University", "University College Cork", "University of Bari Aldo Moro", "University of Cagliari", "University of California, San Diego", "University of L'Aquila", "University of Sassari", "Universit\u00e0 Iuav di Venezia"], "citation_10_years": ["Eindhoven University of Technology", "University of Siena", "Sapienza University of Rome", "Nice Sophia Antipolis University", "University of Padua", "Mount Carmel Health", "Center for Advanced Studies Research and Development in Sardinia", "University of Cagliari", "University of California, San Diego", "Ca Foscari University of Venice", "University College Cork", "University of Sassari", "Brunel University London", "Domus Academy", "Fondazione Bruno Kessler", "IMT Institute for Advanced Studies Lucca", "University of Bari Aldo Moro", "Universit\u00e0 Iuav di Venezia", "University of L'Aquila"], "publication_5_years": [], "citation_5_years": []}, "countries": {"publication_overall": ["Italy", "Netherlands", "United States", "France", "Ireland", "United Kingdom"], "citation_overall": ["Netherlands", "Italy", "United States", "France", "Ireland", "United Kingdom"], "publication_10_years": ["Italy", "Netherlands", "United States", "France", "Ireland", "United Kingdom"], "citation_10_years": ["Netherlands", "Italy", "United States", "France", "Ireland", "United Kingdom"], "publication_5_years": [], "citation_5_years": []}, "topics": {"publication_overall": ["computer science", "computer systems", "human computer interaction", "user interfaces", "computer networks", "telecommunication systems", "artificial intelligence", "telecommunication networks", "communication systems", "wireless telecommunication systems", "computer hardware", "engineering", "internet", "software engineering", "computer imaging and vision", "computer security", "human engineering", "telecommunication traffic", "communication", "data communication systems"], "citation_overall": ["computer science", "computer systems", "human computer interaction", "user interfaces", "artificial intelligence", "telecommunication systems", "engineering", "computer networks", "telecommunication networks", "internet", "communication systems", "wireless telecommunication systems", "computer security", "information retrieval", "recommender systems", "computer imaging and vision", "signal processing", "intelligent control", "intelligent systems", "systems design"], "publication_10_years": ["computer science", "computer systems", "human computer interaction", "user interfaces", "computer networks", "telecommunication systems", "artificial intelligence", "telecommunication networks", "communication systems", "wireless telecommunication systems", "computer hardware", "engineering", "internet", "software engineering", "computer imaging and vision", "computer security", "human engineering", "telecommunication traffic", "communication", "data communication systems"], "citation_10_years": ["computer science", "computer systems", "human computer interaction", "user interfaces", "artificial intelligence", "telecommunication systems", "engineering", "computer networks", "telecommunication networks", "internet", "communication systems", "wireless telecommunication systems", "computer security", "information retrieval", "recommender systems", "computer imaging and vision", "signal processing", "intelligent control", "intelligent systems", "systems design"], "publication_5_years": [], "citation_5_years": []}, "main_topics": ["computer science"], "authors": {"publication_overall": ["240238906", "55979847", "1994993811", "2034066477", "2035181805", "2042740829", "2095013499", "2170449889", "2530404244", "2626086350", "57441543", "65869504", "117860587", "155695608", "268154561", "280675568", "309598184", "326507019", "651488432", "700698657", "1520931898", "1555327025", "1856626846", "1963665096", "1986586493", "2001364258", "2012760799", "2034185974", "2048314678", "2105864942", "2107129593", "2119489594", "2131389578", "2140624811", "2145037486", "2153512586", "2221717985", "2223509553", "2223798856", "2224392756", "2224512563", "2224553718", "2225227848", "2226229431", "2226244473", "2251845387", "2306769599", "2405775641", "2421664160", "2439405584", "2440152586", "2442152068", "2492648472", "2501528095", "2503369521", "2512848450", "2577665666", "2609912318", "2626630728", "2633185436", "2663987455", "2704213258", "2719162518", "2721206247", "2723039573", "2762719358", "2776476437", "2995680466"], "citation_overall": ["240238906", "2034066477", "2042740829", "2170449889", "2012760799", "2153512586", "55979847", "2035181805", "2095013499", "2530404244", "2626086350", "2492648472", "2501528095", "2721206247", "2723039573", "155695608", "651488432", "2105864942", "2145037486", "2663987455", "309598184", "1520931898", "2995680466", "65869504", "1555327025", "2001364258", "2221717985", "2224553718", "2225227848", "2226229431", "2251845387", "2626630728", "2107129593", "268154561", "2405775641", "2421664160", "2503369521", "2223509553", "2224392756", "2226244473", "2440152586", "2719162518", "326507019", "1986586493", "2119489594", "2762719358", "2776476437", "700698657", "1963665096", "1994993811", "2034185974", "2048314678", "2140624811", "2223798856", "2224512563", "2306769599", "2442152068", "2609912318", "2633185436", "57441543", "117860587", "280675568", "1856626846", "2131389578", "2439405584", "2512848450", "2577665666", "2704213258"], "publication_10_years": ["240238906", "55979847", "1994993811", "2034066477", "2035181805", "2042740829", "2095013499", "2170449889", "2530404244", "2626086350", "57441543", "65869504", "117860587", "155695608", "268154561", "280675568", "309598184", "326507019", "651488432", "700698657", "1520931898", "1555327025", "1856626846", "1963665096", "1986586493", "2001364258", "2012760799", "2034185974", "2048314678", "2105864942", "2107129593", "2119489594", "2131389578", "2140624811", "2145037486", "2153512586", "2221717985", "2223509553", "2223798856", "2224392756", "2224512563", "2224553718", "2225227848", "2226229431", "2226244473", "2251845387", "2306769599", "2405775641", "2421664160", "2439405584", "2440152586", "2442152068", "2492648472", "2501528095", "2503369521", "2512848450", "2577665666", "2609912318", "2626630728", "2633185436", "2663987455", "2704213258", "2719162518", "2721206247", "2723039573", "2762719358", "2776476437", "2995680466"], "citation_10_years": ["240238906", "2034066477", "2042740829", "2170449889", "2012760799", "2153512586", "55979847", "2035181805", "2095013499", "2530404244", "2626086350", "2492648472", "2501528095", "2721206247", "2723039573", "155695608", "651488432", "2105864942", "2145037486", "2663987455", "309598184", "1520931898", "2995680466", "65869504", "1555327025", "2001364258", "2221717985", "2224553718", "2225227848", "2226229431", "2251845387", "2626630728", "2107129593", "268154561", "2405775641", "2421664160", "2503369521", "2223509553", "2224392756", "2226244473", "2440152586", "2719162518", "326507019", "1986586493", "2119489594", "2762719358", "2776476437", "700698657", "1963665096", "1994993811", "2034185974", "2048314678", "2140624811", "2223798856", "2224512563", "2306769599", "2442152068", "2609912318", "2633185436", "57441543", "117860587", "280675568", "1856626846", "2131389578", "2439405584", "2512848450", "2577665666", "2704213258"], "publication_5_years": [], "citation_5_years": []}, "industrial_sectors": {"publication_overall": [], "citation_overall": [], "publication_10_years": [], "citation_10_years": [], "publication_5_years": [], "citation_5_years": []}}