{"name": "International Workshop on XQuery Implementation, Experience and Perspectives", "acronym": "XIME-P", "type": "conference", "uniqueEntities": {"organizations": {"IBM (United States)": {"name": "IBM (United States)", "type": "organization", "organization_type": "Company", "h_index": 421, "h5_index": 72, "num_publications": 3, "num_citations": 24, "num_publications_5y": 0, "num_citations_5y": 4, "num_publications_10y": 0, "num_citations_10y": 17, "publications_years": {"2005": 1, "2007": 2}, "citations_years": {"2005": 1, "2006": 3, "2007": 0, "2008": 3, "2009": 4, "2010": 4, "2011": 1, "2012": 3, "2013": 1, "2014": 2, "2015": 0, "2016": 2}, "old_citations": {"2005": 6, "2007": 18}, "isVisible": false}, "The University of Texas at Arlington": {"name": "The University of Texas at Arlington", "type": "organization", "organization_type": "Education", "h_index": 111, "h5_index": 33, "num_publications": 2, "num_citations": 27, "num_publications_5y": 0, "num_citations_5y": 2, "num_publications_10y": 0, "num_citations_10y": 10, "publications_years": {"2006": 1, "2004": 1}, "citations_years": {"2006": 6, "2007": 5, "2008": 3, "2009": 3, "2010": 2, "2011": 1, "2012": 1, "2013": 1, "2014": 1, "2015": 0, "2016": 1, "2004": 1, "2005": 2}, "old_citations": {"2006": 15, "2004": 12}, "isVisible": false}, "American University of Beirut": {"name": "American University of Beirut", "type": "organization", "organization_type": "Education", "h_index": 54, "h5_index": 18, "num_publications": 1, "num_citations": 0, "num_publications_5y": 0, "num_citations_5y": 0, "num_publications_10y": 0, "num_citations_10y": 0, "publications_years": {"2005": 1}, "citations_years": {}, "old_citations": {"2005": 0}, "isVisible": false}, "Pennsylvania State University": {"name": "Pennsylvania State University", "type": "organization", "organization_type": "Education", "h_index": 194, "h5_index": 50, "num_publications": 1, "num_citations": 7, "num_publications_5y": 0, "num_citations_5y": 0, "num_publications_10y": 0, "num_citations_10y": 3, "publications_years": {"2005": 1}, "citations_years": {"2006": 1, "2007": 3, "2008": 0, "2009": 0, "2010": 0, "2011": 2, "2012": 1}, "old_citations": {"2005": 7}, "isVisible": false}, "Saarland University": {"name": "Saarland University", "type": "organization", "organization_type": "Education", "h_index": 118, "h5_index": 33, "num_publications": 1, "num_citations": 3, "num_publications_5y": 0, "num_citations_5y": 0, "num_publications_10y": 0, "num_citations_10y": 2, "publications_years": {"2007": 1}, "citations_years": {"2008": 1, "2009": 0, "2010": 0, "2011": 2}, "old_citations": {"2007": 3}, "isVisible": false}, "The University of Texas at Austin": {"name": "The University of Texas at Austin", "type": "organization", "organization_type": "Education", "h_index": 268, "h5_index": 65, "num_publications": 1, "num_citations": 18, "num_publications_5y": 0, "num_citations_5y": 4, "num_publications_10y": 0, "num_citations_10y": 15, "publications_years": {"2007": 1}, "citations_years": {"2008": 3, "2009": 4, "2010": 2, "2011": 1, "2012": 3, "2013": 1, "2014": 2, "2015": 0, "2016": 2}, "old_citations": {"2007": 18}, "isVisible": false}, "University of California, San Diego": {"name": "University of California, San Diego", "type": "organization", "organization_type": "Education", "h_index": 285, "h5_index": 61, "num_publications": 1, "num_citations": 18, "num_publications_5y": 0, "num_citations_5y": 4, "num_publications_10y": 0, "num_citations_10y": 15, "publications_years": {"2007": 1}, "citations_years": {"2008": 3, "2009": 4, "2010": 2, "2011": 1, "2012": 3, "2013": 1, "2014": 2, "2015": 0, "2016": 2}, "old_citations": {"2007": 18}, "isVisible": false}, "University of Konstanz": {"name": "University of Konstanz", "type": "organization", "organization_type": "Education", "h_index": 76, "h5_index": 23, "num_publications": 1, "num_citations": 7, "num_publications_5y": 0, "num_citations_5y": 0, "num_publications_10y": 0, "num_citations_10y": 1, "publications_years": {"2004": 1}, "citations_years": {"2004": 1, "2005": 2, "2006": 1, "2007": 1, "2008": 1, "2009": 0, "2010": 1}, "old_citations": {"2004": 7}, "isVisible": false}, "University of Mannheim": {"name": "University of Mannheim", "type": "organization", "organization_type": "Education", "h_index": 93, "h5_index": 24, "num_publications": 1, "num_citations": 4, "num_publications_5y": 0, "num_citations_5y": 0, "num_publications_10y": 0, "num_citations_10y": 1, "publications_years": {"2006": 1}, "citations_years": {"2006": 1, "2007": 1, "2008": 1, "2009": 1}, "old_citations": {"2006": 4}, "isVisible": false}, "Yahoo (United Kingdom)": {"name": "Yahoo (United Kingdom)", "type": "organization", "organization_type": "Company", "h_index": 199, "h5_index": 34, "num_publications": 1, "num_citations": 0, "num_publications_5y": 0, "num_citations_5y": 0, "num_publications_10y": 0, "num_citations_10y": 0, "publications_years": {"2007": 1}, "citations_years": {}, "old_citations": {"2007": 0}, "isVisible": false}}, "topics": {"computer science": {"name": "computer science", "type": "topic", "h_index": 1779, "h5_index": 416, "num_publications": 36, "num_citations": 300, "num_publications_5y": 0, "num_citations_5y": 22, "num_publications_10y": 0, "num_citations_10y": 136, "publications_years": {"2005": 13, "2004": 10, "2007": 5, "2006": 8}, "citations_years": {"2004": 4, "2005": 25, "2006": 46, "2007": 44, "2008": 44, "2009": 35, "2010": 31, "2011": 25, "2012": 11, "2013": 12, "2014": 7, "2015": 4, "2016": 6, "2017": 2, "2018": 3, "2019": 1}, "old_citations": {"2005": 125, "2004": 81, "2007": 29, "2006": 65}, "isVisible": false}, "computer systems": {"name": "computer systems", "type": "topic", "h_index": 1595, "h5_index": 367, "num_publications": 35, "num_citations": 300, "num_publications_5y": 0, "num_citations_5y": 22, "num_publications_10y": 0, "num_citations_10y": 136, "publications_years": {"2005": 13, "2004": 9, "2007": 5, "2006": 8}, "citations_years": {"2004": 4, "2005": 25, "2006": 46, "2007": 44, "2008": 44, "2009": 35, "2010": 31, "2011": 25, "2012": 11, "2013": 12, "2014": 7, "2015": 4, "2016": 6, "2017": 2, "2018": 3, "2019": 1}, "old_citations": {"2005": 125, "2004": 81, "2007": 29, "2006": 65}, "isVisible": false}, "database systems": {"name": "database systems", "type": "topic", "h_index": 1167, "h5_index": 276, "num_publications": 35, "num_citations": 300, "num_publications_5y": 0, "num_citations_5y": 22, "num_publications_10y": 0, "num_citations_10y": 136, "publications_years": {"2005": 13, "2004": 9, "2007": 5, "2006": 8}, "citations_years": {"2004": 4, "2005": 25, "2006": 46, "2007": 44, "2008": 44, "2009": 35, "2010": 31, "2011": 25, "2012": 11, "2013": 12, "2014": 7, "2015": 4, "2016": 6, "2017": 2, "2018": 3, "2019": 1}, "old_citations": {"2005": 125, "2004": 81, "2007": 29, "2006": 65}, "isVisible": false}, "internet": {"name": "internet", "type": "topic", "h_index": 1102, "h5_index": 245, "num_publications": 35, "num_citations": 290, "num_publications_5y": 0, "num_citations_5y": 22, "num_publications_10y": 0, "num_citations_10y": 131, "publications_years": {"2005": 13, "2004": 9, "2007": 5, "2006": 8}, "citations_years": {"2004": 4, "2005": 23, "2006": 44, "2007": 43, "2008": 44, "2009": 34, "2010": 29, "2011": 24, "2012": 10, "2013": 12, "2014": 7, "2015": 4, "2016": 6, "2017": 2, "2018": 3, "2019": 1}, "old_citations": {"2005": 125, "2004": 71, "2007": 29, "2006": 65}, "isVisible": false}, "world wide web": {"name": "world wide web", "type": "topic", "h_index": 869, "h5_index": 173, "num_publications": 35, "num_citations": 290, "num_publications_5y": 0, "num_citations_5y": 22, "num_publications_10y": 0, "num_citations_10y": 131, "publications_years": {"2005": 13, "2004": 9, "2007": 5, "2006": 8}, "citations_years": {"2004": 4, "2005": 23, "2006": 44, "2007": 43, "2008": 44, "2009": 34, "2010": 29, "2011": 24, "2012": 10, "2013": 12, "2014": 7, "2015": 4, "2016": 6, "2017": 2, "2018": 3, "2019": 1}, "old_citations": {"2005": 125, "2004": 71, "2007": 29, "2006": 65}, "isVisible": false}, "query languages": {"name": "query languages", "type": "topic", "h_index": 550, "h5_index": 139, "num_publications": 34, "num_citations": 290, "num_publications_5y": 0, "num_citations_5y": 22, "num_publications_10y": 0, "num_citations_10y": 131, "publications_years": {"2005": 13, "2004": 8, "2007": 5, "2006": 8}, "citations_years": {"2004": 4, "2005": 23, "2006": 44, "2007": 43, "2008": 44, "2009": 34, "2010": 29, "2011": 24, "2012": 10, "2013": 12, "2014": 7, "2015": 4, "2016": 6, "2017": 2, "2018": 3, "2019": 1}, "old_citations": {"2005": 125, "2004": 71, "2007": 29, "2006": 65}, "isVisible": false}, "xml": {"name": "xml", "type": "topic", "h_index": 336, "h5_index": 51, "num_publications": 34, "num_citations": 290, "num_publications_5y": 0, "num_citations_5y": 22, "num_publications_10y": 0, "num_citations_10y": 131, "publications_years": {"2005": 13, "2004": 8, "2007": 5, "2006": 8}, "citations_years": {"2004": 4, "2005": 23, "2006": 44, "2007": 43, "2008": 44, "2009": 34, "2010": 29, "2011": 24, "2012": 10, "2013": 12, "2014": 7, "2015": 4, "2016": 6, "2017": 2, "2018": 3, "2019": 1}, "old_citations": {"2005": 125, "2004": 71, "2007": 29, "2006": 65}, "isVisible": false}, "query processing": {"name": "query processing", "type": "topic", "h_index": 371, "h5_index": 55, "num_publications": 29, "num_citations": 252, "num_publications_5y": 0, "num_citations_5y": 19, "num_publications_10y": 0, "num_citations_10y": 116, "publications_years": {"2005": 11, "2004": 7, "2007": 4, "2006": 7}, "citations_years": {"2004": 4, "2005": 19, "2006": 39, "2007": 38, "2008": 35, "2009": 30, "2010": 25, "2011": 23, "2012": 8, "2013": 11, "2014": 7, "2015": 4, "2016": 5, "2017": 2, "2018": 1, "2019": 1}, "old_citations": {"2005": 102, "2004": 65, "2007": 24, "2006": 61}, "isVisible": false}, "search engines": {"name": "search engines", "type": "topic", "h_index": 533, "h5_index": 93, "num_publications": 29, "num_citations": 252, "num_publications_5y": 0, "num_citations_5y": 19, "num_publications_10y": 0, "num_citations_10y": 116, "publications_years": {"2005": 11, "2004": 7, "2007": 4, "2006": 7}, "citations_years": {"2004": 4, "2005": 19, "2006": 39, "2007": 38, "2008": 35, "2009": 30, "2010": 25, "2011": 23, "2012": 8, "2013": 11, "2014": 7, "2015": 4, "2016": 5, "2017": 2, "2018": 1, "2019": 1}, "old_citations": {"2005": 102, "2004": 65, "2007": 24, "2006": 61}, "isVisible": false}, "xquery": {"name": "xquery", "type": "topic", "h_index": 104, "h5_index": 12, "num_publications": 29, "num_citations": 270, "num_publications_5y": 0, "num_citations_5y": 22, "num_publications_10y": 0, "num_citations_10y": 123, "publications_years": {"2005": 10, "2004": 7, "2007": 5, "2006": 7}, "citations_years": {"2004": 4, "2005": 20, "2006": 40, "2007": 42, "2008": 41, "2009": 31, "2010": 27, "2011": 21, "2012": 10, "2013": 12, "2014": 7, "2015": 4, "2016": 6, "2017": 2, "2018": 3}, "old_citations": {"2005": 118, "2004": 60, "2007": 29, "2006": 63}, "isVisible": false}, "information management": {"name": "information management", "type": "topic", "h_index": 462, "h5_index": 109, "num_publications": 21, "num_citations": 163, "num_publications_5y": 0, "num_citations_5y": 14, "num_publications_10y": 0, "num_citations_10y": 79, "publications_years": {"2005": 8, "2004": 6, "2007": 3, "2006": 4}, "citations_years": {"2004": 3, "2005": 16, "2006": 31, "2007": 16, "2008": 17, "2009": 18, "2010": 18, "2011": 13, "2012": 7, "2013": 9, "2014": 4, "2015": 4, "2016": 4, "2017": 1, "2018": 1, "2019": 1}, "old_citations": {"2005": 59, "2004": 57, "2007": 24, "2006": 23}, "isVisible": false}, "information technology": {"name": "information technology", "type": "topic", "h_index": 696, "h5_index": 149, "num_publications": 21, "num_citations": 163, "num_publications_5y": 0, "num_citations_5y": 14, "num_publications_10y": 0, "num_citations_10y": 79, "publications_years": {"2005": 8, "2004": 6, "2007": 3, "2006": 4}, "citations_years": {"2004": 3, "2005": 16, "2006": 31, "2007": 16, "2008": 17, "2009": 18, "2010": 18, "2011": 13, "2012": 7, "2013": 9, "2014": 4, "2015": 4, "2016": 4, "2017": 1, "2018": 1, "2019": 1}, "old_citations": {"2005": 59, "2004": 57, "2007": 24, "2006": 23}, "isVisible": false}, "xml data": {"name": "xml data", "type": "topic", "h_index": 197, "h5_index": 19, "num_publications": 20, "num_citations": 153, "num_publications_5y": 0, "num_citations_5y": 14, "num_publications_10y": 0, "num_citations_10y": 74, "publications_years": {"2005": 8, "2004": 5, "2007": 3, "2006": 4}, "citations_years": {"2004": 3, "2005": 14, "2006": 29, "2007": 15, "2008": 17, "2009": 17, "2010": 16, "2011": 12, "2012": 6, "2013": 9, "2014": 4, "2015": 4, "2016": 4, "2017": 1, "2018": 1, "2019": 1}, "old_citations": {"2005": 59, "2004": 47, "2007": 24, "2006": 23}, "isVisible": false}, "artificial intelligence": {"name": "artificial intelligence", "type": "topic", "h_index": 1421, "h5_index": 373, "num_publications": 15, "num_citations": 129, "num_publications_5y": 0, "num_citations_5y": 10, "num_publications_10y": 0, "num_citations_10y": 60, "publications_years": {"2007": 3, "2006": 4, "2005": 6, "2004": 2}, "citations_years": {"2008": 15, "2009": 12, "2010": 17, "2011": 13, "2006": 22, "2007": 20, "2005": 9, "2012": 2, "2013": 6, "2014": 2, "2015": 3, "2016": 3, "2017": 2, "2018": 0, "2019": 1, "2004": 2}, "old_citations": {"2007": 8, "2006": 23, "2005": 74, "2004": 24}, "isVisible": false}, "semantics": {"name": "semantics", "type": "topic", "h_index": 803, "h5_index": 226, "num_publications": 15, "num_citations": 125, "num_publications_5y": 0, "num_citations_5y": 9, "num_publications_10y": 0, "num_citations_10y": 56, "publications_years": {"2005": 7, "2007": 2, "2006": 5, "2004": 1}, "citations_years": {"2008": 15, "2009": 16, "2010": 10, "2011": 12, "2007": 26, "2012": 3, "2013": 6, "2006": 20, "2005": 7, "2014": 2, "2015": 2, "2016": 3, "2017": 1, "2004": 1, "2018": 1}, "old_citations": {"2005": 68, "2007": 3, "2006": 42, "2004": 12}, "isVisible": false}, "xpath": {"name": "xpath", "type": "topic", "h_index": 90, "h5_index": 7, "num_publications": 15, "num_citations": 131, "num_publications_5y": 0, "num_citations_5y": 6, "num_publications_10y": 0, "num_citations_10y": 53, "publications_years": {"2005": 5, "2004": 3, "2007": 2, "2006": 5}, "citations_years": {"2004": 3, "2005": 8, "2006": 18, "2007": 27, "2008": 22, "2009": 16, "2010": 14, "2011": 12, "2012": 3, "2013": 2, "2014": 3, "2015": 1, "2016": 1, "2017": 1}, "old_citations": {"2005": 43, "2004": 26, "2007": 3, "2006": 59}, "isVisible": false}, "xslt": {"name": "xslt", "type": "topic", "h_index": 102, "h5_index": 6, "num_publications": 14, "num_citations": 107, "num_publications_5y": 0, "num_citations_5y": 5, "num_publications_10y": 0, "num_citations_10y": 45, "publications_years": {"2005": 4, "2007": 3, "2006": 4, "2004": 3}, "citations_years": {"2008": 19, "2009": 16, "2010": 10, "2011": 7, "2007": 15, "2012": 3, "2013": 4, "2006": 18, "2005": 9, "2014": 2, "2015": 2, "2004": 1, "2016": 0, "2017": 0, "2018": 1}, "old_citations": {"2005": 34, "2007": 6, "2006": 44, "2004": 23}, "isVisible": false}, "computer programming": {"name": "computer programming", "type": "topic", "h_index": 873, "h5_index": 186, "num_publications": 12, "num_citations": 93, "num_publications_5y": 0, "num_citations_5y": 7, "num_publications_10y": 0, "num_citations_10y": 41, "publications_years": {"2004": 4, "2006": 1, "2005": 4, "2007": 3}, "citations_years": {"2004": 2, "2005": 8, "2006": 15, "2007": 13, "2008": 14, "2009": 10, "2010": 11, "2011": 4, "2012": 6, "2013": 3, "2014": 3, "2015": 0, "2016": 3, "2017": 0, "2018": 1}, "old_citations": {"2004": 38, "2006": 4, "2005": 28, "2007": 23}, "isVisible": false}, "distributed computer systems": {"name": "distributed computer systems", "type": "topic", "h_index": 985, "h5_index": 228, "num_publications": 12, "num_citations": 133, "num_publications_5y": 0, "num_citations_5y": 11, "num_publications_10y": 0, "num_citations_10y": 59, "publications_years": {"2004": 5, "2007": 3, "2006": 2, "2005": 2}, "citations_years": {"2004": 3, "2005": 8, "2006": 18, "2007": 23, "2008": 22, "2009": 13, "2010": 13, "2011": 11, "2012": 7, "2013": 4, "2014": 5, "2015": 0, "2016": 4, "2017": 1, "2018": 1}, "old_citations": {"2004": 38, "2007": 26, "2006": 19, "2005": 50}, "isVisible": false}, "distributed systems": {"name": "distributed systems", "type": "topic", "h_index": 859, "h5_index": 209, "num_publications": 12, "num_citations": 133, "num_publications_5y": 0, "num_citations_5y": 11, "num_publications_10y": 0, "num_citations_10y": 59, "publications_years": {"2004": 5, "2007": 3, "2006": 2, "2005": 2}, "citations_years": {"2004": 3, "2005": 8, "2006": 18, "2007": 23, "2008": 22, "2009": 13, "2010": 13, "2011": 11, "2012": 7, "2013": 4, "2014": 5, "2015": 0, "2016": 4, "2017": 1, "2018": 1}, "old_citations": {"2004": 38, "2007": 26, "2006": 19, "2005": 50}, "isVisible": false}, "parallel processing systems": {"name": "parallel processing systems", "type": "topic", "h_index": 845, "h5_index": 208, "num_publications": 12, "num_citations": 133, "num_publications_5y": 0, "num_citations_5y": 11, "num_publications_10y": 0, "num_citations_10y": 59, "publications_years": {"2004": 5, "2007": 3, "2006": 2, "2005": 2}, "citations_years": {"2004": 3, "2005": 8, "2006": 18, "2007": 23, "2008": 22, "2009": 13, "2010": 13, "2011": 11, "2012": 7, "2013": 4, "2014": 5, "2015": 0, "2016": 4, "2017": 1, "2018": 1}, "old_citations": {"2004": 38, "2007": 26, "2006": 19, "2005": 50}, "isVisible": false}}, "authors": {"2137694142": {"name": "mary fernandez", "type": "author", "activity": 22, "h_index": 21, "h5_index": 0, "mag_id": "2137694142", "num_publications": 3, "num_citations": 47, "num_publications_5y": 0, "num_citations_5y": 5, "num_publications_10y": 0, "num_citations_10y": 22, "publications_years": {"2007": 1, "2004": 1, "2005": 1}, "citations_years": {"2008": 6, "2009": 8, "2010": 4, "2011": 1, "2012": 3, "2013": 1, "2014": 2, "2015": 0, "2016": 2, "2004": 1, "2005": 7, "2006": 8, "2007": 3, "2017": 0, "2018": 1}, "old_citations": {"2007": 18, "2004": 16, "2005": 13}, "isVisible": false}, "172573358": {"name": "guido moerkotte", "type": "author", "activity": 31, "h_index": 32, "h5_index": 2, "mag_id": "172573358", "num_publications": 2, "num_citations": 16, "num_publications_5y": 0, "num_citations_5y": 0, "num_publications_10y": 0, "num_citations_10y": 4, "publications_years": {"2006": 1, "2004": 1}, "citations_years": {"2006": 4, "2007": 6, "2008": 1, "2009": 2, "2005": 1, "2010": 1, "2011": 0, "2012": 0, "2013": 1}, "old_citations": {"2006": 4, "2004": 12}, "isVisible": false}, "304304723": {"name": "leonidas fegaras", "type": "author", "activity": 30, "h_index": 18, "h5_index": 3, "mag_id": "304304723", "num_publications": 2, "num_citations": 27, "num_publications_5y": 0, "num_citations_5y": 2, "num_publications_10y": 0, "num_citations_10y": 10, "publications_years": {"2006": 1, "2004": 1}, "citations_years": {"2006": 6, "2007": 5, "2008": 3, "2009": 3, "2010": 2, "2011": 1, "2012": 1, "2013": 1, "2014": 1, "2015": 0, "2016": 1, "2004": 1, "2005": 2}, "old_citations": {"2006": 15, "2004": 12}, "isVisible": false}, "2012909379": {"name": "stefanie scherzinger", "type": "author", "activity": 18, "h_index": 11, "h5_index": 4, "mag_id": "2012909379", "num_publications": 2, "num_citations": 5, "num_publications_5y": 0, "num_citations_5y": 0, "num_publications_10y": 0, "num_citations_10y": 2, "publications_years": {"2007": 1, "2006": 1}, "citations_years": {"2008": 1, "2009": 0, "2010": 0, "2011": 2, "2005": 1, "2006": 0, "2007": 0, "2012": 0, "2013": 0, "2014": 0, "2015": 0, "2016": 0, "2017": 0, "2018": 0, "2019": 1}, "old_citations": {"2007": 3, "2006": 2}, "isVisible": false}, "2013820841": {"name": "carlchristian kanne", "type": "author", "activity": 14, "h_index": 12, "h5_index": 0, "mag_id": "2013820841", "num_publications": 2, "num_citations": 16, "num_publications_5y": 0, "num_citations_5y": 0, "num_publications_10y": 0, "num_citations_10y": 4, "publications_years": {"2006": 1, "2004": 1}, "citations_years": {"2006": 4, "2007": 6, "2008": 1, "2009": 2, "2005": 1, "2010": 1, "2011": 0, "2012": 0, "2013": 1}, "old_citations": {"2006": 4, "2004": 12}, "isVisible": false}, "2021389961": {"name": "torsten grust", "type": "author", "activity": 23, "h_index": 24, "h5_index": 2, "mag_id": "2021389961", "num_publications": 2, "num_citations": 33, "num_publications_5y": 0, "num_citations_5y": 3, "num_publications_10y": 0, "num_citations_10y": 15, "publications_years": {"2007": 1, "2005": 1}, "citations_years": {"2008": 6, "2009": 1, "2010": 4, "2011": 5, "2012": 1, "2013": 1, "2014": 1, "2015": 0, "2016": 1, "2004": 1, "2005": 1, "2006": 3, "2007": 7, "2017": 1}, "old_citations": {"2007": 5, "2005": 28}, "isVisible": false}, "2061948862": {"name": "jan rittinger", "type": "author", "activity": 9, "h_index": 13, "h5_index": 0, "mag_id": "2061948862", "num_publications": 2, "num_citations": 28, "num_publications_5y": 0, "num_citations_5y": 7, "num_publications_10y": 0, "num_citations_10y": 22, "publications_years": {"2007": 1, "2005": 1}, "citations_years": {"2008": 1, "2009": 2, "2010": 3, "2011": 4, "2012": 1, "2013": 5, "2014": 1, "2015": 2, "2016": 3, "2005": 1, "2006": 3, "2007": 1, "2017": 1}, "old_citations": {"2007": 5, "2005": 23}, "isVisible": false}, "2081047619": {"name": "peter boncz", "type": "author", "activity": 26, "h_index": 41, "h5_index": 9, "mag_id": "2081047619", "num_publications": 2, "num_citations": 40, "num_publications_5y": 0, "num_citations_5y": 7, "num_publications_10y": 0, "num_citations_10y": 28, "publications_years": {"2005": 1, "2006": 1}, "citations_years": {"2005": 1, "2006": 5, "2007": 2, "2008": 4, "2009": 6, "2010": 5, "2011": 5, "2012": 1, "2013": 4, "2014": 1, "2015": 3, "2016": 2, "2017": 1}, "old_citations": {"2005": 23, "2006": 17}, "isVisible": false}, "2118171802": {"name": "donald d chamberlin", "type": "author", "activity": 21, "h_index": 10, "h5_index": 0, "mag_id": "2118171802", "num_publications": 2, "num_citations": 14, "num_publications_5y": 0, "num_citations_5y": 0, "num_publications_10y": 0, "num_citations_10y": 2, "publications_years": {"2006": 2}, "citations_years": {"2007": 5, "2008": 6, "2006": 1, "2009": 2}, "old_citations": {"2006": 14}, "isVisible": false}, "2136479023": {"name": "jerome simeon", "type": "author", "activity": 16, "h_index": 12, "h5_index": 4, "mag_id": "2136479023", "num_publications": 2, "num_citations": 18, "num_publications_5y": 0, "num_citations_5y": 4, "num_publications_10y": 0, "num_citations_10y": 15, "publications_years": {"2007": 2}, "citations_years": {"2008": 3, "2009": 4, "2010": 2, "2011": 1, "2012": 3, "2013": 1, "2014": 2, "2015": 0, "2016": 2}, "old_citations": {"2007": 18}, "isVisible": false}, "2174931960": {"name": "a k vyas", "type": "author", "activity": 13, "h_index": 6, "h5_index": 0, "mag_id": "2174931960", "num_publications": 2, "num_citations": 38, "num_publications_5y": 0, "num_citations_5y": 2, "num_publications_10y": 0, "num_citations_10y": 11, "publications_years": {"2004": 1, "2005": 1}, "citations_years": {"2004": 1, "2005": 6, "2006": 10, "2007": 4, "2008": 6, "2009": 5, "2010": 2, "2011": 1, "2012": 1, "2013": 0, "2014": 0, "2015": 0, "2016": 0, "2017": 0, "2018": 2}, "old_citations": {"2004": 16, "2005": 22}, "isVisible": false}, "2242617642": {"name": "donald kossmann", "type": "author", "activity": 28, "h_index": 45, "h5_index": 8, "mag_id": "2242617642", "num_publications": 2, "num_citations": 11, "num_publications_5y": 0, "num_citations_5y": 0, "num_publications_10y": 0, "num_citations_10y": 2, "publications_years": {"2005": 1, "2006": 1}, "citations_years": {"2006": 2, "2007": 4, "2008": 3, "2009": 2}, "old_citations": {"2005": 1, "2006": 10}, "isVisible": false}, "19633248": {"name": "sihem ameryahia", "type": "author", "activity": 23, "h_index": 34, "h5_index": 7, "mag_id": "19633248", "num_publications": 1, "num_citations": 13, "num_publications_5y": 0, "num_citations_5y": 0, "num_publications_10y": 0, "num_citations_10y": 4, "publications_years": {"2005": 1}, "citations_years": {"2005": 2, "2006": 2, "2007": 3, "2008": 2, "2009": 2, "2010": 2}, "old_citations": {"2005": 13}, "isVisible": false}, "58655352": {"name": "jens hundling", "type": "author", "activity": 9, "h_index": 3, "h5_index": 0, "mag_id": "58655352", "num_publications": 1, "num_citations": 3, "num_publications_5y": 0, "num_citations_5y": 0, "num_publications_10y": 0, "num_citations_10y": 2, "publications_years": {"2005": 1}, "citations_years": {"2008": 1, "2009": 0, "2010": 2}, "old_citations": {"2005": 3}, "isVisible": false}, "94070718": {"name": "alexandru berlea", "type": "author", "activity": 6, "h_index": 4, "h5_index": 0, "mag_id": "94070718", "num_publications": 1, "num_citations": 3, "num_publications_5y": 0, "num_citations_5y": 0, "num_publications_10y": 0, "num_citations_10y": 0, "publications_years": {"2007": 1}, "citations_years": {"2008": 3}, "old_citations": {"2007": 3}, "isVisible": false}, "140057078": {"name": "angela bonifati", "type": "author", "activity": 24, "h_index": 26, "h5_index": 7, "mag_id": "140057078", "num_publications": 1, "num_citations": 22, "num_publications_5y": 0, "num_citations_5y": 1, "num_publications_10y": 0, "num_citations_10y": 8, "publications_years": {"2005": 1}, "citations_years": {"2005": 1, "2006": 4, "2007": 4, "2008": 5, "2009": 3, "2010": 2, "2011": 1, "2012": 1, "2013": 0, "2014": 0, "2015": 0, "2016": 0, "2017": 0, "2018": 1}, "old_citations": {"2005": 22}, "isVisible": false}, "258318981": {"name": "mariano p consens", "type": "author", "activity": 29, "h_index": 20, "h5_index": 2, "mag_id": "258318981", "num_publications": 1, "num_citations": 11, "num_publications_5y": 0, "num_citations_5y": 0, "num_publications_10y": 0, "num_citations_10y": 6, "publications_years": {"2004": 1}, "citations_years": {"2005": 1, "2006": 0, "2007": 1, "2008": 3, "2009": 3, "2010": 0, "2011": 3}, "old_citations": {"2004": 11}, "isVisible": false}, "295638038": {"name": "emiran curtmola", "type": "author", "activity": 6, "h_index": 5, "h5_index": 0, "mag_id": "295638038", "num_publications": 1, "num_citations": 13, "num_publications_5y": 0, "num_citations_5y": 0, "num_publications_10y": 0, "num_citations_10y": 4, "publications_years": {"2005": 1}, "citations_years": {"2005": 2, "2006": 2, "2007": 3, "2008": 2, "2009": 2, "2010": 2}, "old_citations": {"2005": 13}, "isVisible": false}, "297513061": {"name": "veronique benzaken", "type": "author", "activity": 30, "h_index": 13, "h5_index": 2, "mag_id": "297513061", "num_publications": 1, "num_citations": 19, "num_publications_5y": 0, "num_citations_5y": 2, "num_publications_10y": 0, "num_citations_10y": 11, "publications_years": {"2005": 1}, "citations_years": {"2005": 1, "2006": 4, "2007": 1, "2008": 2, "2009": 2, "2010": 2, "2011": 1, "2012": 1, "2013": 3, "2014": 1, "2015": 1}, "old_citations": {"2005": 19}, "isVisible": false}, "740816581": {"name": "ioana manolescu", "type": "author", "activity": 22, "h_index": 31, "h5_index": 6, "mag_id": "740816581", "num_publications": 1, "num_citations": 19, "num_publications_5y": 0, "num_citations_5y": 2, "num_publications_10y": 0, "num_citations_10y": 11, "publications_years": {"2005": 1}, "citations_years": {"2005": 1, "2006": 4, "2007": 1, "2008": 2, "2009": 2, "2010": 2, "2011": 1, "2012": 1, "2013": 3, "2014": 1, "2015": 1}, "old_citations": {"2005": 19}, "isVisible": false}, "1252719795": {"name": "jihad boulos", "type": "author", "activity": 11, "h_index": 4, "h5_index": 0, "mag_id": "1252719795", "num_publications": 1, "num_citations": 0, "num_publications_5y": 0, "num_citations_5y": 0, "num_publications_10y": 0, "num_citations_10y": 0, "publications_years": {"2005": 1}, "citations_years": {}, "old_citations": {"2005": 0}, "isVisible": false}, "1969282344": {"name": "alberto o mendelzon", "type": "author", "activity": 22, "h_index": 40, "h5_index": 0, "mag_id": "1969282344", "num_publications": 1, "num_citations": 11, "num_publications_5y": 0, "num_citations_5y": 0, "num_publications_10y": 0, "num_citations_10y": 6, "publications_years": {"2004": 1}, "citations_years": {"2005": 1, "2006": 0, "2007": 1, "2008": 3, "2009": 3, "2010": 0, "2011": 3}, "old_citations": {"2004": 11}, "isVisible": false}, "1989847040": {"name": "jayavel shanmugasundaram", "type": "author", "activity": 22, "h_index": 32, "h5_index": 0, "mag_id": "1989847040", "num_publications": 1, "num_citations": 0, "num_publications_5y": 0, "num_citations_5y": 0, "num_publications_10y": 0, "num_citations_10y": 0, "publications_years": {"2007": 1}, "citations_years": {}, "old_citations": {"2007": 0}, "isVisible": false}, "1992886865": {"name": "david h fado", "type": "author", "activity": 2, "h_index": 3, "h5_index": 0, "mag_id": "1992886865", "num_publications": 1, "num_citations": 1, "num_publications_5y": 0, "num_citations_5y": 0, "num_publications_10y": 0, "num_citations_10y": 0, "publications_years": {"2005": 1}, "citations_years": {"2005": 1}, "old_citations": {"2005": 1}, "isVisible": false}, "2010316361": {"name": "cristian duda", "type": "author", "activity": 6, "h_index": 4, "h5_index": 0, "mag_id": "2010316361", "num_publications": 1, "num_citations": 1, "num_publications_5y": 0, "num_citations_5y": 0, "num_publications_10y": 0, "num_citations_10y": 0, "publications_years": {"2005": 1}, "citations_years": {"2006": 1}, "old_citations": {"2005": 1}, "isVisible": false}, "2016987025": {"name": "michael benedikt", "type": "author", "activity": 25, "h_index": 29, "h5_index": 6, "mag_id": "2016987025", "num_publications": 1, "num_citations": 22, "num_publications_5y": 0, "num_citations_5y": 1, "num_publications_10y": 0, "num_citations_10y": 8, "publications_years": {"2005": 1}, "citations_years": {"2005": 1, "2006": 4, "2007": 4, "2008": 5, "2009": 3, "2010": 2, "2011": 1, "2012": 1, "2013": 0, "2014": 0, "2015": 0, "2016": 0, "2017": 0, "2018": 1}, "old_citations": {"2005": 22}, "isVisible": false}, "2026396360": {"name": "fatma ozcan", "type": "author", "activity": 26, "h_index": 22, "h5_index": 6, "mag_id": "2026396360", "num_publications": 1, "num_citations": 10, "num_publications_5y": 0, "num_citations_5y": 0, "num_publications_10y": 0, "num_citations_10y": 5, "publications_years": {"2004": 1}, "citations_years": {"2005": 2, "2006": 2, "2007": 1, "2008": 0, "2009": 1, "2010": 2, "2011": 1, "2012": 1}, "old_citations": {"2004": 10}, "isVisible": false}, "2029816332": {"name": "ionut e iacob", "type": "author", "activity": 6, "h_index": 7, "h5_index": 0, "mag_id": "2029816332", "num_publications": 1, "num_citations": 0, "num_publications_5y": 0, "num_citations_5y": 0, "num_publications_10y": 0, "num_citations_10y": 0, "publications_years": {"2006": 1}, "citations_years": {}, "old_citations": {"2006": 0}, "isVisible": false}, "2061024894": {"name": "daniela florescu", "type": "author", "activity": 26, "h_index": 41, "h5_index": 0, "mag_id": "2061024894", "num_publications": 1, "num_citations": 10, "num_publications_5y": 0, "num_citations_5y": 0, "num_publications_10y": 0, "num_citations_10y": 2, "publications_years": {"2006": 1}, "citations_years": {"2006": 1, "2007": 4, "2008": 3, "2009": 2}, "old_citations": {"2006": 10}, "isVisible": false}, "2065206932": {"name": "andrei arion", "type": "author", "activity": 6, "h_index": 9, "h5_index": 0, "mag_id": "2065206932", "num_publications": 1, "num_citations": 19, "num_publications_5y": 0, "num_citations_5y": 2, "num_publications_10y": 0, "num_citations_10y": 11, "publications_years": {"2005": 1}, "citations_years": {"2005": 1, "2006": 4, "2007": 1, "2008": 2, "2009": 2, "2010": 2, "2011": 1, "2012": 1, "2013": 3, "2014": 1, "2015": 1}, "old_citations": {"2005": 19}, "isVisible": false}, "2071564828": {"name": "sergio flesca", "type": "author", "activity": 23, "h_index": 20, "h5_index": 4, "mag_id": "2071564828", "num_publications": 1, "num_citations": 22, "num_publications_5y": 0, "num_citations_5y": 1, "num_publications_10y": 0, "num_citations_10y": 8, "publications_years": {"2005": 1}, "citations_years": {"2005": 1, "2006": 4, "2007": 4, "2008": 5, "2009": 3, "2010": 2, "2011": 1, "2012": 1, "2013": 0, "2014": 0, "2015": 0, "2016": 0, "2017": 0, "2018": 1}, "old_citations": {"2005": 22}, "isVisible": false}, "2076102544": {"name": "alex dekhtyar", "type": "author", "activity": 24, "h_index": 23, "h5_index": 2, "mag_id": "2076102544", "num_publications": 1, "num_citations": 0, "num_publications_5y": 0, "num_citations_5y": 0, "num_publications_10y": 0, "num_citations_10y": 0, "publications_years": {"2006": 1}, "citations_years": {}, "old_citations": {"2006": 0}, "isVisible": false}, "2077338896": {"name": "jens teubner", "type": "author", "activity": 18, "h_index": 25, "h5_index": 3, "mag_id": "2077338896", "num_publications": 1, "num_citations": 5, "num_publications_5y": 0, "num_citations_5y": 1, "num_publications_10y": 0, "num_citations_10y": 4, "publications_years": {"2007": 1}, "citations_years": {"2008": 1, "2009": 0, "2010": 1, "2011": 0, "2012": 1, "2013": 1, "2014": 0, "2015": 0, "2016": 1}, "old_citations": {"2007": 5}, "isVisible": false}, "2081189480": {"name": "dan olteanu", "type": "author", "activity": 21, "h_index": 29, "h5_index": 8, "mag_id": "2081189480", "num_publications": 1, "num_citations": 2, "num_publications_5y": 0, "num_citations_5y": 0, "num_publications_10y": 0, "num_citations_10y": 0, "publications_years": {"2006": 1}, "citations_years": {"2005": 1, "2006": 0, "2007": 0, "2008": 0, "2009": 0, "2010": 0, "2011": 0, "2012": 0, "2013": 0, "2014": 0, "2015": 0, "2016": 0, "2017": 0, "2018": 0, "2019": 1}, "old_citations": {"2006": 2}, "isVisible": false}, "2090299724": {"name": "trevor jim", "type": "author", "activity": 18, "h_index": 14, "h5_index": 0, "mag_id": "2090299724", "num_publications": 1, "num_citations": 18, "num_publications_5y": 0, "num_citations_5y": 4, "num_publications_10y": 0, "num_citations_10y": 15, "publications_years": {"2007": 1}, "citations_years": {"2008": 3, "2009": 4, "2010": 2, "2011": 1, "2012": 3, "2013": 1, "2014": 2, "2015": 0, "2016": 2}, "old_citations": {"2007": 18}, "isVisible": false}, "2095145263": {"name": "nicola onose", "type": "author", "activity": 12, "h_index": 12, "h5_index": 0, "mag_id": "2095145263", "num_publications": 1, "num_citations": 18, "num_publications_5y": 0, "num_citations_5y": 4, "num_publications_10y": 0, "num_citations_10y": 15, "publications_years": {"2007": 1}, "citations_years": {"2008": 3, "2009": 4, "2010": 2, "2011": 1, "2012": 3, "2013": 1, "2014": 2, "2015": 0, "2016": 2}, "old_citations": {"2007": 18}, "isVisible": false}, "2102403346": {"name": "swarup kumar sahoo", "type": "author", "activity": 16, "h_index": 6, "h5_index": 1, "mag_id": "2102403346", "num_publications": 1, "num_citations": 0, "num_publications_5y": 0, "num_citations_5y": 0, "num_publications_10y": 0, "num_citations_10y": 0, "publications_years": {"2004": 1}, "citations_years": {}, "old_citations": {"2004": 0}, "isVisible": false}, "2102481968": {"name": "engie bashir", "type": "author", "activity": 1, "h_index": 0, "h5_index": 0, "mag_id": "2102481968", "num_publications": 1, "num_citations": 0, "num_publications_5y": 0, "num_citations_5y": 0, "num_publications_10y": 0, "num_citations_10y": 0, "publications_years": {"2005": 1}, "citations_years": {}, "old_citations": {"2005": 0}, "isVisible": false}, "2114284607": {"name": "xiaogang li", "type": "author", "activity": 6, "h_index": 2, "h5_index": 0, "mag_id": "2114284607", "num_publications": 1, "num_citations": 0, "num_publications_5y": 0, "num_citations_5y": 0, "num_publications_10y": 0, "num_citations_10y": 0, "publications_years": {"2004": 1}, "citations_years": {}, "old_citations": {"2004": 0}, "isVisible": false}, "2131931065": {"name": "christoph koch", "type": "author", "activity": 24, "h_index": 39, "h5_index": 7, "mag_id": "2131931065", "num_publications": 1, "num_citations": 2, "num_publications_5y": 0, "num_citations_5y": 0, "num_publications_10y": 0, "num_citations_10y": 0, "publications_years": {"2006": 1}, "citations_years": {"2005": 1, "2006": 0, "2007": 0, "2008": 0, "2009": 0, "2010": 0, "2011": 0, "2012": 0, "2013": 0, "2014": 0, "2015": 0, "2016": 0, "2017": 0, "2018": 0, "2019": 1}, "old_citations": {"2006": 2}, "isVisible": false}, "2136106177": {"name": "attila barta", "type": "author", "activity": 6, "h_index": 5, "h5_index": 0, "mag_id": "2136106177", "num_publications": 1, "num_citations": 11, "num_publications_5y": 0, "num_citations_5y": 0, "num_publications_10y": 0, "num_citations_10y": 6, "publications_years": {"2004": 1}, "citations_years": {"2005": 1, "2006": 0, "2007": 1, "2008": 3, "2009": 3, "2010": 0, "2011": 3}, "old_citations": {"2004": 11}, "isVisible": false}, "2141172858": {"name": "dongwon lee", "type": "author", "activity": 23, "h_index": 39, "h5_index": 10, "mag_id": "2141172858", "num_publications": 1, "num_citations": 7, "num_publications_5y": 0, "num_citations_5y": 0, "num_publications_10y": 0, "num_citations_10y": 3, "publications_years": {"2005": 1}, "citations_years": {"2006": 1, "2007": 3, "2008": 0, "2009": 0, "2010": 0, "2011": 2, "2012": 1}, "old_citations": {"2005": 7}, "isVisible": false}, "2143778659": {"name": "wangchien lee", "type": "author", "activity": 29, "h_index": 53, "h5_index": 8, "mag_id": "2143778659", "num_publications": 1, "num_citations": 7, "num_publications_5y": 0, "num_citations_5y": 0, "num_publications_10y": 0, "num_citations_10y": 3, "publications_years": {"2005": 1}, "citations_years": {"2006": 1, "2007": 3, "2008": 0, "2009": 0, "2010": 0, "2011": 2, "2012": 1}, "old_citations": {"2005": 7}, "isVisible": false}, "2147421714": {"name": "sven helmer", "type": "author", "activity": 24, "h_index": 18, "h5_index": 7, "mag_id": "2147421714", "num_publications": 1, "num_citations": 12, "num_publications_5y": 0, "num_citations_5y": 0, "num_publications_10y": 0, "num_citations_10y": 3, "publications_years": {"2004": 1}, "citations_years": {"2005": 1, "2006": 3, "2007": 5, "2008": 0, "2009": 1, "2010": 1, "2011": 0, "2012": 0, "2013": 1}, "old_citations": {"2004": 12}, "isVisible": false}, "2154982890": {"name": "gagan agrawal", "type": "author", "activity": 25, "h_index": 26, "h5_index": 3, "mag_id": "2154982890", "num_publications": 1, "num_citations": 0, "num_publications_5y": 0, "num_citations_5y": 0, "num_publications_10y": 0, "num_citations_10y": 0, "publications_years": {"2004": 1}, "citations_years": {}, "old_citations": {"2004": 0}, "isVisible": false}, "2157114695": {"name": "michael j carey", "type": "author", "activity": 31, "h_index": 58, "h5_index": 6, "mag_id": "2157114695", "num_publications": 1, "num_citations": 10, "num_publications_5y": 0, "num_citations_5y": 0, "num_publications_10y": 0, "num_citations_10y": 2, "publications_years": {"2006": 1}, "citations_years": {"2006": 1, "2007": 4, "2008": 3, "2009": 2}, "old_citations": {"2006": 10}, "isVisible": false}, "2160152300": {"name": "ranjan dash", "type": "author", "activity": 7, "h_index": 3, "h5_index": 0, "mag_id": "2160152300", "num_publications": 1, "num_citations": 15, "num_publications_5y": 0, "num_citations_5y": 2, "num_publications_10y": 0, "num_citations_10y": 7, "publications_years": {"2006": 1}, "citations_years": {"2006": 2, "2007": 3, "2008": 3, "2009": 2, "2010": 1, "2011": 0, "2012": 1, "2013": 1, "2014": 1, "2015": 0, "2016": 1}, "old_citations": {"2006": 15}, "isVisible": false}, "2185344053": {"name": "mathias weske", "type": "author", "activity": 25, "h_index": 43, "h5_index": 8, "mag_id": "2185344053", "num_publications": 1, "num_citations": 3, "num_publications_5y": 0, "num_citations_5y": 0, "num_publications_10y": 0, "num_citations_10y": 2, "publications_years": {"2005": 1}, "citations_years": {"2008": 1, "2009": 0, "2010": 2}, "old_citations": {"2005": 3}, "isVisible": false}, "2199007836": {"name": "kristi morton", "type": "author", "activity": 10, "h_index": 7, "h5_index": 1, "mag_id": "2199007836", "num_publications": 1, "num_citations": 18, "num_publications_5y": 0, "num_citations_5y": 4, "num_publications_10y": 0, "num_citations_10y": 15, "publications_years": {"2007": 1}, "citations_years": {"2008": 3, "2009": 4, "2010": 2, "2011": 1, "2012": 3, "2013": 1, "2014": 2, "2015": 0, "2016": 2}, "old_citations": {"2007": 18}, "isVisible": false}, "2213038480": {"name": "hamid pirahesh", "type": "author", "activity": 30, "h_index": 38, "h5_index": 3, "mag_id": "2213038480", "num_publications": 1, "num_citations": 10, "num_publications_5y": 0, "num_citations_5y": 0, "num_publications_10y": 0, "num_citations_10y": 5, "publications_years": {"2004": 1}, "citations_years": {"2005": 2, "2006": 2, "2007": 1, "2008": 0, "2009": 1, "2010": 2, "2011": 1, "2012": 1}, "old_citations": {"2004": 10}, "isVisible": false}, "2232688032": {"name": "roberta cochrane", "type": "author", "activity": 14, "h_index": 10, "h5_index": 0, "mag_id": "2232688032", "num_publications": 1, "num_citations": 10, "num_publications_5y": 0, "num_citations_5y": 0, "num_publications_10y": 0, "num_citations_10y": 5, "publications_years": {"2004": 1}, "citations_years": {"2005": 2, "2006": 2, "2007": 1, "2008": 0, "2009": 1, "2010": 2, "2011": 1, "2012": 1}, "old_citations": {"2004": 10}, "isVisible": false}, "2248004958": {"name": "jonathan robie", "type": "author", "activity": 7, "h_index": 7, "h5_index": 0, "mag_id": "2248004958", "num_publications": 1, "num_citations": 10, "num_publications_5y": 0, "num_citations_5y": 0, "num_publications_10y": 0, "num_citations_10y": 2, "publications_years": {"2006": 1}, "citations_years": {"2006": 1, "2007": 4, "2008": 3, "2009": 2}, "old_citations": {"2006": 10}, "isVisible": false}, "2269635400": {"name": "norman may", "type": "author", "activity": 18, "h_index": 14, "h5_index": 3, "mag_id": "2269635400", "num_publications": 1, "num_citations": 12, "num_publications_5y": 0, "num_citations_5y": 0, "num_publications_10y": 0, "num_citations_10y": 3, "publications_years": {"2004": 1}, "citations_years": {"2005": 1, "2006": 3, "2007": 5, "2008": 0, "2009": 1, "2010": 1, "2011": 0, "2012": 0, "2013": 1}, "old_citations": {"2004": 12}, "isVisible": false}, "2287685458": {"name": "wouter alink", "type": "author", "activity": 12, "h_index": 4, "h5_index": 1, "mag_id": "2287685458", "num_publications": 1, "num_citations": 17, "num_publications_5y": 0, "num_citations_5y": 1, "num_publications_10y": 0, "num_citations_10y": 10, "publications_years": {"2006": 1}, "citations_years": {"2006": 2, "2007": 1, "2008": 4, "2009": 4, "2010": 3, "2011": 1, "2012": 1, "2013": 0, "2014": 0, "2015": 1}, "old_citations": {"2006": 17}, "isVisible": false}, "2305621590": {"name": "m brian blake", "type": "author", "activity": 20, "h_index": 17, "h5_index": 4, "mag_id": "2305621590", "num_publications": 1, "num_citations": 1, "num_publications_5y": 0, "num_citations_5y": 0, "num_publications_10y": 0, "num_citations_10y": 0, "publications_years": {"2005": 1}, "citations_years": {"2005": 1}, "old_citations": {"2005": 1}, "isVisible": false}, "2311601423": {"name": "bo luo", "type": "author", "activity": 19, "h_index": 17, "h5_index": 6, "mag_id": "2311601423", "num_publications": 1, "num_citations": 7, "num_publications_5y": 0, "num_citations_5y": 0, "num_publications_10y": 0, "num_citations_10y": 3, "publications_years": {"2005": 1}, "citations_years": {"2006": 1, "2007": 3, "2008": 0, "2009": 0, "2010": 0, "2011": 2, "2012": 1}, "old_citations": {"2005": 7}, "isVisible": false}, "2316931878": {"name": "gregory a mack", "type": "author", "activity": 3, "h_index": 3, "h5_index": 0, "mag_id": "2316931878", "num_publications": 1, "num_citations": 1, "num_publications_5y": 0, "num_citations_5y": 0, "num_publications_10y": 0, "num_citations_10y": 0, "publications_years": {"2005": 1}, "citations_years": {"2005": 1}, "old_citations": {"2005": 1}, "isVisible": false}, "2337341337": {"name": "jan sievers", "type": "author", "activity": 1, "h_index": 1, "h5_index": 0, "mag_id": "2337341337", "num_publications": 1, "num_citations": 3, "num_publications_5y": 0, "num_citations_5y": 0, "num_publications_10y": 0, "num_citations_10y": 2, "publications_years": {"2005": 1}, "citations_years": {"2008": 1, "2009": 0, "2010": 2}, "old_citations": {"2005": 3}, "isVisible": false}, "2399069212": {"name": "michael h kay", "type": "author", "activity": 1, "h_index": 1, "h5_index": 0, "mag_id": "2399069212", "num_publications": 1, "num_citations": 13, "num_publications_5y": 0, "num_citations_5y": 0, "num_publications_10y": 0, "num_citations_10y": 8, "publications_years": {"2006": 1}, "citations_years": {"2007": 5, "2008": 0, "2009": 3, "2010": 2, "2011": 2, "2012": 0, "2013": 1}, "old_citations": {"2006": 13}, "isVisible": false}, "2402867095": {"name": "francois pinaud", "type": "author", "activity": 1, "h_index": 0, "h5_index": 0, "mag_id": "2402867095", "num_publications": 1, "num_citations": 0, "num_publications_5y": 0, "num_citations_5y": 0, "num_publications_10y": 0, "num_citations_10y": 0, "publications_years": {"2004": 1}, "citations_years": {}, "old_citations": {"2004": 0}, "isVisible": false}, "2416421653": {"name": "r a f bhoedjang", "type": "author", "activity": 1, "h_index": 2, "h5_index": 0, "mag_id": "2416421653", "num_publications": 1, "num_citations": 17, "num_publications_5y": 0, "num_citations_5y": 1, "num_publications_10y": 0, "num_citations_10y": 10, "publications_years": {"2006": 1}, "citations_years": {"2006": 2, "2007": 1, "2008": 4, "2009": 4, "2010": 3, "2011": 1, "2012": 1, "2013": 0, "2014": 0, "2015": 1}, "old_citations": {"2006": 17}, "isVisible": false}, "2424910365": {"name": "stefan manegold", "type": "author", "activity": 23, "h_index": 25, "h5_index": 2, "mag_id": "2424910365", "num_publications": 1, "num_citations": 23, "num_publications_5y": 0, "num_citations_5y": 6, "num_publications_10y": 0, "num_citations_10y": 18, "publications_years": {"2005": 1}, "citations_years": {"2005": 1, "2006": 3, "2007": 1, "2008": 0, "2009": 2, "2010": 2, "2011": 4, "2012": 0, "2013": 4, "2014": 1, "2015": 2, "2016": 2, "2017": 1}, "old_citations": {"2005": 23}, "isVisible": false}, "2428201908": {"name": "peng liu", "type": "author", "activity": 23, "h_index": 37, "h5_index": 14, "mag_id": "2428201908", "num_publications": 1, "num_citations": 7, "num_publications_5y": 0, "num_citations_5y": 0, "num_publications_10y": 0, "num_citations_10y": 3, "publications_years": {"2005": 1}, "citations_years": {"2006": 1, "2007": 3, "2008": 0, "2009": 0, "2010": 0, "2011": 2, "2012": 1}, "old_citations": {"2005": 7}, "isVisible": false}, "2464938917": {"name": "latha s colby", "type": "author", "activity": 13, "h_index": 13, "h5_index": 0, "mag_id": "2464938917", "num_publications": 1, "num_citations": 10, "num_publications_5y": 0, "num_citations_5y": 0, "num_publications_10y": 0, "num_citations_10y": 5, "publications_years": {"2004": 1}, "citations_years": {"2005": 2, "2006": 2, "2007": 1, "2008": 0, "2009": 1, "2010": 2, "2011": 1, "2012": 1}, "old_citations": {"2004": 10}, "isVisible": false}, "2483700050": {"name": "yinghui wang", "type": "author", "activity": 1, "h_index": 1, "h5_index": 0, "mag_id": "2483700050", "num_publications": 1, "num_citations": 15, "num_publications_5y": 0, "num_citations_5y": 2, "num_publications_10y": 0, "num_citations_10y": 7, "publications_years": {"2006": 1}, "citations_years": {"2006": 2, "2007": 3, "2008": 3, "2009": 2, "2010": 1, "2011": 0, "2012": 1, "2013": 1, "2014": 1, "2015": 0, "2016": 1}, "old_citations": {"2006": 15}, "isVisible": false}, "2607989858": {"name": "guogen zhang", "type": "author", "activity": 1, "h_index": 1, "h5_index": 0, "mag_id": "2607989858", "num_publications": 1, "num_citations": 6, "num_publications_5y": 0, "num_citations_5y": 0, "num_publications_10y": 0, "num_citations_10y": 2, "publications_years": {"2005": 1}, "citations_years": {"2005": 1, "2006": 3, "2007": 0, "2008": 0, "2009": 0, "2010": 2}, "old_citations": {"2005": 6}, "isVisible": false}, "2614729880": {"name": "torsten grust stefan klinger", "type": "author", "activity": 1, "h_index": 1, "h5_index": 0, "mag_id": "2614729880", "num_publications": 1, "num_citations": 7, "num_publications_5y": 0, "num_citations_5y": 0, "num_publications_10y": 0, "num_citations_10y": 1, "publications_years": {"2004": 1}, "citations_years": {"2004": 1, "2005": 2, "2006": 1, "2007": 1, "2008": 1, "2009": 0, "2010": 1}, "old_citations": {"2004": 7}, "isVisible": false}, "2625705294": {"name": "arjen p de vries", "type": "author", "activity": 23, "h_index": 33, "h5_index": 1, "mag_id": "2625705294", "num_publications": 1, "num_citations": 17, "num_publications_5y": 0, "num_citations_5y": 1, "num_publications_10y": 0, "num_citations_10y": 10, "publications_years": {"2006": 1}, "citations_years": {"2006": 2, "2007": 1, "2008": 4, "2009": 4, "2010": 3, "2011": 1, "2012": 1, "2013": 0, "2014": 0, "2015": 1}, "old_citations": {"2006": 17}, "isVisible": false}, "2637990074": {"name": "harald schoning", "type": "author", "activity": 1, "h_index": 1, "h5_index": 0, "mag_id": "2637990074", "num_publications": 1, "num_citations": 6, "num_publications_5y": 0, "num_citations_5y": 1, "num_publications_10y": 0, "num_citations_10y": 3, "publications_years": {"2004": 1}, "citations_years": {"2005": 2, "2006": 1, "2007": 0, "2008": 0, "2009": 1, "2010": 1, "2011": 0, "2012": 0, "2013": 0, "2014": 0, "2015": 0, "2016": 0, "2017": 0, "2018": 1}, "old_citations": {"2004": 6}, "isVisible": false}, "2657866194": {"name": "bard bloom", "type": "author", "activity": 1, "h_index": 1, "h5_index": 0, "mag_id": "2657866194", "num_publications": 1, "num_citations": 2, "num_publications_5y": 0, "num_citations_5y": 0, "num_publications_10y": 0, "num_citations_10y": 0, "publications_years": {"2005": 1}, "citations_years": {"2006": 2}, "old_citations": {"2005": 2}, "isVisible": false}, "2672905059": {"name": "philip brown", "type": "author", "activity": 15, "h_index": 3, "h5_index": 1, "mag_id": "2672905059", "num_publications": 1, "num_citations": 13, "num_publications_5y": 0, "num_citations_5y": 0, "num_publications_10y": 0, "num_citations_10y": 4, "publications_years": {"2005": 1}, "citations_years": {"2005": 2, "2006": 2, "2007": 3, "2008": 2, "2009": 2, "2010": 2}, "old_citations": {"2005": 13}, "isVisible": false}, "2677722249": {"name": "thorsten fiebig", "type": "author", "activity": 1, "h_index": 1, "h5_index": 0, "mag_id": "2677722249", "num_publications": 1, "num_citations": 6, "num_publications_5y": 0, "num_citations_5y": 1, "num_publications_10y": 0, "num_citations_10y": 3, "publications_years": {"2004": 1}, "citations_years": {"2005": 2, "2006": 1, "2007": 0, "2008": 0, "2009": 1, "2010": 1, "2011": 0, "2012": 0, "2013": 0, "2014": 0, "2015": 0, "2016": 0, "2017": 0, "2018": 1}, "old_citations": {"2004": 6}, "isVisible": false}, "2695142835": {"name": "pavel hlousek", "type": "author", "activity": 1, "h_index": 0, "h5_index": 0, "mag_id": "2695142835", "num_publications": 1, "num_citations": 0, "num_publications_5y": 0, "num_citations_5y": 0, "num_publications_10y": 0, "num_citations_10y": 0, "publications_years": {"2005": 1}, "citations_years": {}, "old_citations": {"2005": 0}, "isVisible": false}, "2696650645": {"name": "dominic dunkley", "type": "author", "activity": 1, "h_index": 0, "h5_index": 0, "mag_id": "2696650645", "num_publications": 1, "num_citations": 0, "num_publications_5y": 0, "num_citations_5y": 0, "num_publications_10y": 0, "num_citations_10y": 0, "publications_years": {"2004": 1}, "citations_years": {}, "old_citations": {"2004": 0}, "isVisible": false}, "2779518383": {"name": "per bothner", "type": "author", "activity": 1, "h_index": 1, "h5_index": 0, "mag_id": "2779518383", "num_publications": 1, "num_citations": 7, "num_publications_5y": 0, "num_citations_5y": 1, "num_publications_10y": 0, "num_citations_10y": 4, "publications_years": {"2004": 1}, "citations_years": {"2005": 1, "2006": 0, "2007": 0, "2008": 2, "2009": 0, "2010": 1, "2011": 1, "2012": 1, "2013": 0, "2014": 1}, "old_citations": {"2004": 7}, "isVisible": false}, "2952954738": {"name": "kevin s beyer", "type": "author", "activity": 8, "h_index": 10, "h5_index": 0, "mag_id": "2952954738", "num_publications": 1, "num_citations": 10, "num_publications_5y": 0, "num_citations_5y": 0, "num_publications_10y": 0, "num_citations_10y": 5, "publications_years": {"2004": 1}, "citations_years": {"2005": 2, "2006": 2, "2007": 1, "2008": 0, "2009": 1, "2010": 2, "2011": 1, "2012": 1}, "old_citations": {"2004": 10}, "isVisible": false}, "2994192070": {"name": "jerome simeon", "type": "author", "activity": 9, "h_index": 7, "h5_index": 0, "mag_id": "2994192070", "num_publications": 1, "num_citations": 16, "num_publications_5y": 0, "num_citations_5y": 1, "num_publications_10y": 0, "num_citations_10y": 3, "publications_years": {"2004": 1}, "citations_years": {"2004": 1, "2005": 5, "2006": 6, "2007": 0, "2008": 1, "2009": 2, "2010": 0, "2011": 0, "2012": 0, "2013": 0, "2014": 0, "2015": 0, "2016": 0, "2017": 0, "2018": 1}, "old_citations": {"2004": 16}, "isVisible": false}}, "countries": {"United States": {"name": "United States", "type": "country", "h5_index": 308, "num_publications": 6, "num_citations": 58, "num_publications_5y": 0, "num_citations_5y": 6, "num_publications_10y": 0, "num_citations_10y": 30, "publications_years": {"2005": 2, "2006": 1, "2007": 2, "2004": 1}, "citations_years": {"2005": 3, "2006": 10, "2007": 8, "2008": 6, "2009": 7, "2010": 6, "2011": 4, "2012": 5, "2013": 2, "2014": 3, "2015": 0, "2016": 3, "2004": 1}, "old_citations": {"2005": 13, "2006": 15, "2007": 18, "2004": 12}, "isVisible": false}, "Germany": {"name": "Germany", "type": "country", "h5_index": 139, "num_publications": 3, "num_citations": 14, "num_publications_5y": 0, "num_citations_5y": 0, "num_publications_10y": 0, "num_citations_10y": 4, "publications_years": {"2004": 1, "2007": 1, "2006": 1}, "citations_years": {"2004": 1, "2005": 2, "2006": 2, "2007": 2, "2008": 3, "2009": 1, "2010": 1, "2011": 2}, "old_citations": {"2004": 7, "2007": 3, "2006": 4}, "isVisible": false}, "Lebanon": {"name": "Lebanon", "type": "country", "h5_index": 25, "num_publications": 1, "num_citations": 0, "num_publications_5y": 0, "num_citations_5y": 0, "num_publications_10y": 0, "num_citations_10y": 0, "publications_years": {"2005": 1}, "citations_years": {}, "old_citations": {"2005": 0}, "isVisible": false}, "United Kingdom": {"name": "United Kingdom", "type": "country", "h5_index": 172, "num_publications": 1, "num_citations": 0, "num_publications_5y": 0, "num_citations_5y": 0, "num_publications_10y": 0, "num_citations_10y": 0, "publications_years": {"2007": 1}, "citations_years": {}, "old_citations": {"2007": 0}, "isVisible": false}}, "industrial_sectors": {"computing_and_it": {"name": "computing_and_it", "type": "industrial sector", "h5_index": 221, "num_publications": 3, "num_citations": 24, "num_publications_5y": 0, "num_citations_5y": 4, "num_publications_10y": 0, "num_citations_10y": 17, "publications_years": {"2005": 1, "2007": 2}, "citations_years": {"2005": 1, "2006": 3, "2007": 0, "2008": 3, "2009": 4, "2010": 4, "2011": 1, "2012": 3, "2013": 1, "2014": 2, "2015": 0, "2016": 2}, "old_citations": {"2005": 6, "2007": 18}, "isVisible": false}, "information_technology": {"name": "information_technology", "type": "industrial sector", "h5_index": 74, "num_publications": 3, "num_citations": 24, "num_publications_5y": 0, "num_citations_5y": 4, "num_publications_10y": 0, "num_citations_10y": 17, "publications_years": {"2005": 1, "2007": 2}, "citations_years": {"2005": 1, "2006": 3, "2007": 0, "2008": 3, "2009": 4, "2010": 4, "2011": 1, "2012": 3, "2013": 1, "2014": 2, "2015": 0, "2016": 2}, "old_citations": {"2005": 6, "2007": 18}, "isVisible": false}, "technology": {"name": "technology", "type": "industrial sector", "h5_index": 229, "num_publications": 3, "num_citations": 24, "num_publications_5y": 0, "num_citations_5y": 4, "num_publications_10y": 0, "num_citations_10y": 17, "publications_years": {"2005": 1, "2007": 2}, "citations_years": {"2005": 1, "2006": 3, "2007": 0, "2008": 3, "2009": 4, "2010": 4, "2011": 1, "2012": 3, "2013": 1, "2014": 2, "2015": 0, "2016": 2}, "old_citations": {"2005": 6, "2007": 18}, "isVisible": false}}}, "conference_comparison": {"computer science": {}}, "topics_dna": {"publications": {}, "citations": {"normalized": {}, "average": {}}}, "info": {"num_publications": 36, "num_citations": 300.0, "impact_factor": {"2006": 1.7391304347826086, "2007": 1.619047619047619}, "publications_years": {"2005": 13, "2004": 10, "2006": 8, "2007": 5}, "citations_years": {"2004": 4, "2005": 25, "2006": 46, "2007": 44, "2008": 44, "2009": 35, "2010": 31, "2011": 25, "2012": 11, "2013": 12, "2014": 7, "2015": 4, "2016": 6, "2017": 2, "2018": 3, "2019": 1}, "old_citations": {"2005": 125, "2004": 81, "2006": 65, "2007": 29}, "h5_index": 0}, "percentile": {"computer science": {"2005": 83, "2004": 83, "2006": 81, "2007": 74}}, "conference_ranking": {"computer science": {"2005": 696, "2004": 706, "2006": 784, "2007": 1070}}, "academia": {"num_publications": 7, "num_citations": 48, "publications_years": {"2004": 2, "2005": 2, "2006": 2, "2007": 1}, "old_citations": {"2004": 19, "2005": 7, "2006": 19, "2007": 3}, "num_publications_5y": 0, "num_citations_5y": 0, "num_publications_10y": 0, "num_citations_10y": 0}, "industry": {"num_publications": 2, "num_citations": 6, "publications_years": {"2005": 1, "2006": 0, "2007": 1}, "old_citations": {"2005": 6, "2006": 0, "2007": 0}, "num_publications_5y": 0, "num_citations_5y": 0, "num_publications_10y": 0, "num_citations_10y": 0}, "collaborative": {"num_publications": 1, "num_citations": 18, "publications_years": {"2007": 1}, "old_citations": {"2007": 18}, "num_publications_5y": 0, "num_citations_5y": 0, "num_publications_10y": 0, "num_citations_10y": 0}, "conferences": {}, "journals": {}, "organizations": {"publication_overall": ["IBM (United States)", "The University of Texas at Arlington", "American University of Beirut", "Pennsylvania State University", "Saarland University", "The University of Texas at Austin", "University of California, San Diego", "University of Konstanz", "University of Mannheim", "Yahoo (United Kingdom)"], "citation_overall": ["The University of Texas at Arlington", "IBM (United States)", "The University of Texas at Austin", "University of California, San Diego", "Pennsylvania State University", "University of Konstanz", "University of Mannheim", "Saarland University", "American University of Beirut", "Yahoo (United Kingdom)"], "publication_10_years": [], "citation_10_years": [], "publication_5_years": [], "citation_5_years": []}, "countries": {"publication_overall": ["United States", "Germany", "Lebanon", "United Kingdom"], "citation_overall": ["United States", "Germany", "Lebanon", "United Kingdom"], "publication_10_years": [], "citation_10_years": [], "publication_5_years": [], "citation_5_years": []}, "topics": {"publication_overall": ["computer science", "computer systems", "database systems", "internet", "world wide web", "query languages", "xml", "query processing", "search engines", "xquery", "information management", "information technology", "xml data", "artificial intelligence", "semantics", "xpath", "xslt", "computer programming", "distributed computer systems", "distributed systems"], "citation_overall": ["computer science", "computer systems", "database systems", "internet", "query languages", "world wide web", "xml", "xquery", "query processing", "search engines", "information management", "information technology", "xml data", "distributed computer systems", "distributed systems", "parallel processing systems", "xpath", "artificial intelligence", "semantics", "xslt"], "publication_10_years": [], "citation_10_years": [], "publication_5_years": [], "citation_5_years": []}, "main_topics": ["computer science"], "authors": {"publication_overall": ["2137694142", "172573358", "304304723", "2012909379", "2013820841", "2021389961", "2061948862", "2081047619", "2118171802", "2136479023", "2174931960", "2242617642", "19633248", "58655352", "94070718", "140057078", "258318981", "295638038", "297513061", "740816581", "1252719795", "1969282344", "1989847040", "1992886865", "2010316361", "2016987025", "2026396360", "2029816332", "2061024894", "2065206932", "2071564828", "2076102544", "2077338896", "2081189480", "2090299724", "2095145263", "2102403346", "2102481968", "2114284607", "2131931065", "2136106177", "2141172858", "2143778659", "2147421714", "2154982890", "2157114695", "2160152300", "2185344053", "2199007836", "2213038480", "2232688032", "2248004958", "2269635400", "2287685458", "2305621590", "2311601423", "2316931878", "2337341337", "2399069212", "2402867095", "2416421653", "2424910365", "2428201908", "2464938917", "2483700050", "2607989858", "2614729880", "2625705294", "2637990074", "2657866194", "2672905059", "2677722249", "2695142835", "2696650645", "2779518383", "2952954738", "2994192070"], "citation_overall": ["2137694142", "2081047619", "2174931960", "2021389961", "2061948862", "304304723", "2424910365", "140057078", "2016987025", "2071564828", "297513061", "740816581", "2065206932", "2090299724", "2095145263", "2136479023", "2199007836", "2287685458", "2416421653", "2625705294", "172573358", "2013820841", "2994192070", "2160152300", "2483700050", "2118171802", "19633248", "295638038", "2399069212", "2672905059", "2147421714", "2269635400", "258318981", "1969282344", "2136106177", "2242617642", "2026396360", "2061024894", "2157114695", "2213038480", "2232688032", "2248004958", "2464938917", "2952954738", "2141172858", "2143778659", "2311601423", "2428201908", "2614729880", "2779518383", "2607989858", "2637990074", "2677722249", "2012909379", "2077338896", "58655352", "94070718", "2185344053", "2337341337", "2081189480", "2131931065", "2657866194", "1992886865", "2010316361", "2305621590", "2316931878", "1252719795", "1989847040", "2029816332", "2076102544", "2102403346", "2102481968", "2114284607", "2154982890", "2402867095", "2695142835", "2696650645"], "publication_10_years": [], "citation_10_years": [], "publication_5_years": [], "citation_5_years": []}, "industrial_sectors": {"publication_overall": ["computing_and_it", "information_technology", "technology"], "citation_overall": ["computing_and_it", "information_technology", "technology"], "publication_10_years": [], "citation_10_years": [], "publication_5_years": [], "citation_5_years": []}}