{"name": "Discourse Anaphora and Anaphor Resolution Colloquium", "acronym": "DAARC", "type": "conference", "uniqueEntities": {"organizations": {"University College Ghent": {"name": "University College Ghent", "type": "organization", "organization_type": "Education", "h_index": 19, "h5_index": 4, "num_publications": 3, "num_citations": 20, "num_publications_5y": 0, "num_citations_5y": 9, "num_publications_10y": 2, "num_citations_10y": 17, "publications_years": {"2007": 1, "2009": 1, "2011": 1}, "citations_years": {"2007": 1, "2008": 1, "2009": 0, "2010": 1, "2011": 2, "2012": 2, "2013": 3, "2014": 3, "2015": 2, "2016": 4, "2017": 0, "2018": 0, "2019": 1}, "old_citations": {"2007": 7, "2009": 7, "2011": 6}, "isVisible": false}, "University of Lisbon": {"name": "University of Lisbon", "type": "organization", "organization_type": "Education", "h_index": 64, "h5_index": 20, "num_publications": 3, "num_citations": 9, "num_publications_5y": 0, "num_citations_5y": 4, "num_publications_10y": 2, "num_citations_10y": 8, "publications_years": {"2009": 1, "2007": 1, "2011": 1}, "citations_years": {"2012": 3, "2013": 1, "2014": 2, "2015": 1, "2016": 1, "2017": 0, "2018": 0, "2019": 1}, "old_citations": {"2009": 1, "2007": 2, "2011": 6}, "isVisible": false}, "French Institute for Research in Computer Science and Automation": {"name": "French Institute for Research in Computer Science and Automation", "type": "organization", "organization_type": "Government", "h_index": 247, "h5_index": 53, "num_publications": 2, "num_citations": 6, "num_publications_5y": 0, "num_citations_5y": 2, "num_publications_10y": 2, "num_citations_10y": 5, "publications_years": {"2011": 2}, "citations_years": {"2012": 1, "2013": 2, "2014": 1, "2015": 0, "2016": 0, "2017": 0, "2018": 1, "2019": 0, "2020": 1}, "old_citations": {"2011": 6}, "isVisible": false}, "Johannes Gutenberg University of Mainz": {"name": "Johannes Gutenberg University of Mainz", "type": "organization", "organization_type": "Education", "h_index": 46, "h5_index": 18, "num_publications": 2, "num_citations": 32, "num_publications_5y": 0, "num_citations_5y": 13, "num_publications_10y": 2, "num_citations_10y": 23, "publications_years": {"2009": 1, "2011": 1}, "citations_years": {"2011": 4, "2012": 3, "2013": 3, "2014": 5, "2015": 3, "2016": 4, "2017": 0, "2018": 1, "2019": 7, "2020": 2}, "old_citations": {"2009": 29, "2011": 3}, "isVisible": false}, "University of Groningen": {"name": "University of Groningen", "type": "organization", "organization_type": "Education", "h_index": 92, "h5_index": 25, "num_publications": 2, "num_citations": 17, "num_publications_5y": 0, "num_citations_5y": 6, "num_publications_10y": 1, "num_citations_10y": 12, "publications_years": {"2011": 1, "2007": 1}, "citations_years": {"2015": 2, "2016": 0, "2017": 3, "2018": 0, "2019": 3, "2020": 1, "2007": 1, "2008": 0, "2009": 3, "2010": 0, "2011": 0, "2012": 1, "2013": 2, "2014": 1}, "old_citations": {"2011": 9, "2007": 8}, "isVisible": false}, "University of Southern California": {"name": "University of Southern California", "type": "organization", "organization_type": "Education", "h_index": 278, "h5_index": 73, "num_publications": 2, "num_citations": 20, "num_publications_5y": 0, "num_citations_5y": 12, "num_publications_10y": 2, "num_citations_10y": 18, "publications_years": {"2009": 1, "2011": 1}, "citations_years": {"2011": 1, "2012": 2, "2013": 3, "2014": 4, "2015": 1, "2016": 3, "2017": 4, "2018": 0, "2019": 2}, "old_citations": {"2009": 9, "2011": 11}, "isVisible": false}, "University of Stuttgart": {"name": "University of Stuttgart", "type": "organization", "organization_type": "Education", "h_index": 113, "h5_index": 32, "num_publications": 2, "num_citations": 4, "num_publications_5y": 0, "num_citations_5y": 2, "num_publications_10y": 2, "num_citations_10y": 2, "publications_years": {"2011": 2}, "citations_years": {"2015": 1, "2016": 0, "2017": 1, "2018": 0, "2019": 2}, "old_citations": {"2011": 4}, "isVisible": false}, "University of Wolverhampton": {"name": "University of Wolverhampton", "type": "organization", "organization_type": "Education", "h_index": 56, "h5_index": 22, "num_publications": 2, "num_citations": 31, "num_publications_5y": 0, "num_citations_5y": 14, "num_publications_10y": 1, "num_citations_10y": 26, "publications_years": {"2007": 1, "2011": 1}, "citations_years": {"2007": 2, "2008": 2, "2009": 0, "2010": 0, "2011": 5, "2012": 3, "2013": 4, "2014": 7, "2015": 3, "2016": 2, "2017": 2, "2018": 0, "2019": 1}, "old_citations": {"2007": 20, "2011": 11}, "isVisible": false}, "Yale University": {"name": "Yale University", "type": "organization", "organization_type": "Education", "h_index": 173, "h5_index": 40, "num_publications": 2, "num_citations": 10, "num_publications_5y": 0, "num_citations_5y": 5, "num_publications_10y": 2, "num_citations_10y": 6, "publications_years": {"2009": 1, "2011": 1}, "citations_years": {"2012": 1, "2015": 2, "2016": 0, "2017": 3, "2018": 0, "2019": 3, "2020": 1}, "old_citations": {"2009": 1, "2011": 9}, "isVisible": false}, "Anna University, Chennai": {"name": "Anna University, Chennai", "type": "organization", "organization_type": "Education", "h_index": 41, "h5_index": 20, "num_publications": 1, "num_citations": 0, "num_publications_5y": 0, "num_citations_5y": 0, "num_publications_10y": 1, "num_citations_10y": 0, "publications_years": {"2009": 1}, "citations_years": {}, "old_citations": {"2009": 0}, "isVisible": false}, "Ben-Gurion University of the Negev": {"name": "Ben-Gurion University of the Negev", "type": "organization", "organization_type": "Education", "h_index": 105, "h5_index": 30, "num_publications": 1, "num_citations": 3, "num_publications_5y": 0, "num_citations_5y": 0, "num_publications_10y": 0, "num_citations_10y": 2, "publications_years": {"2007": 1}, "citations_years": {"2008": 1, "2009": 0, "2010": 1, "2011": 0, "2012": 0, "2013": 1}, "old_citations": {"2007": 3}, "isVisible": false}, "Charles University": {"name": "Charles University", "type": "organization", "organization_type": "Education", "h_index": 63, "h5_index": 21, "num_publications": 1, "num_citations": 2, "num_publications_5y": 0, "num_citations_5y": 1, "num_publications_10y": 1, "num_citations_10y": 2, "publications_years": {"2011": 1}, "citations_years": {"2012": 1, "2013": 0, "2014": 1}, "old_citations": {"2011": 2}, "isVisible": false}, "Goethe University Frankfurt": {"name": "Goethe University Frankfurt", "type": "organization", "organization_type": "Education", "h_index": 60, "h5_index": 22, "num_publications": 1, "num_citations": 3, "num_publications_5y": 0, "num_citations_5y": 2, "num_publications_10y": 0, "num_citations_10y": 3, "publications_years": {"2007": 1}, "citations_years": {"2013": 1, "2014": 1, "2015": 0, "2016": 0, "2017": 1}, "old_citations": {"2007": 3}, "isVisible": false}, "Gunma Prefectural Women's University": {"name": "Gunma Prefectural Women's University", "type": "organization", "organization_type": "Education", "h_index": 2, "h5_index": 0, "num_publications": 1, "num_citations": 1, "num_publications_5y": 0, "num_citations_5y": 0, "num_publications_10y": 0, "num_citations_10y": 1, "publications_years": {"2007": 1}, "citations_years": {"2012": 1}, "old_citations": {"2007": 1}, "isVisible": false}, "Heidelberg University": {"name": "Heidelberg University", "type": "organization", "organization_type": "Education", "h_index": 82, "h5_index": 32, "num_publications": 1, "num_citations": 4, "num_publications_5y": 0, "num_citations_5y": 2, "num_publications_10y": 0, "num_citations_10y": 4, "publications_years": {"2007": 1}, "citations_years": {"2010": 1, "2011": 1, "2012": 0, "2013": 0, "2014": 1, "2015": 0, "2016": 0, "2017": 1}, "old_citations": {"2007": 4}, "isVisible": false}, "Indian Institute of Technology Patna": {"name": "Indian Institute of Technology Patna", "type": "organization", "organization_type": "Education", "h_index": 23, "h5_index": 15, "num_publications": 1, "num_citations": 6, "num_publications_5y": 0, "num_citations_5y": 4, "num_publications_10y": 1, "num_citations_10y": 6, "publications_years": {"2011": 1}, "citations_years": {"2013": 2, "2014": 1, "2015": 3}, "old_citations": {"2011": 6}, "isVisible": false}, "Johns Hopkins University": {"name": "Johns Hopkins University", "type": "organization", "organization_type": "Education", "h_index": 191, "h5_index": 58, "num_publications": 1, "num_citations": 27, "num_publications_5y": 0, "num_citations_5y": 19, "num_publications_10y": 1, "num_citations_10y": 25, "publications_years": {"2011": 1}, "citations_years": {"2012": 3, "2013": 3, "2014": 2, "2015": 6, "2016": 8, "2017": 2, "2018": 1, "2019": 2}, "old_citations": {"2011": 27}, "isVisible": false}, "Kyoto University": {"name": "Kyoto University", "type": "organization", "organization_type": "Education", "h_index": 91, "h5_index": 29, "num_publications": 1, "num_citations": 5, "num_publications_5y": 0, "num_citations_5y": 0, "num_publications_10y": 0, "num_citations_10y": 3, "publications_years": {"2007": 1}, "citations_years": {"2008": 2, "2009": 0, "2010": 0, "2011": 1, "2012": 1, "2013": 1}, "old_citations": {"2007": 5}, "isVisible": false}, "National Institute of Information and Communications Technology": {"name": "National Institute of Information and Communications Technology", "type": "organization", "organization_type": "Facility", "h_index": 55, "h5_index": 26, "num_publications": 1, "num_citations": 5, "num_publications_5y": 0, "num_citations_5y": 0, "num_publications_10y": 0, "num_citations_10y": 3, "publications_years": {"2007": 1}, "citations_years": {"2008": 2, "2009": 0, "2010": 0, "2011": 1, "2012": 1, "2013": 1}, "old_citations": {"2007": 5}, "isVisible": false}, "Paris Diderot University": {"name": "Paris Diderot University", "type": "organization", "organization_type": "Education", "h_index": 38, "h5_index": 16, "num_publications": 1, "num_citations": 10, "num_publications_5y": 0, "num_citations_5y": 5, "num_publications_10y": 1, "num_citations_10y": 7, "publications_years": {"2011": 1}, "citations_years": {"2011": 1, "2012": 0, "2013": 1, "2014": 1, "2015": 0, "2016": 2, "2017": 0, "2018": 2, "2019": 3}, "old_citations": {"2011": 10}, "isVisible": false}, "Romanian Academy": {"name": "Romanian Academy", "type": "organization", "organization_type": "Archive", "h_index": 37, "h5_index": 11, "num_publications": 1, "num_citations": 2, "num_publications_5y": 0, "num_citations_5y": 1, "num_publications_10y": 1, "num_citations_10y": 2, "publications_years": {"2009": 1}, "citations_years": {"2011": 1, "2012": 0, "2013": 0, "2014": 1}, "old_citations": {"2009": 2}, "isVisible": false}, "Ruhr University Bochum": {"name": "Ruhr University Bochum", "type": "organization", "organization_type": "Education", "h_index": 100, "h5_index": 24, "num_publications": 1, "num_citations": 4, "num_publications_5y": 0, "num_citations_5y": 3, "num_publications_10y": 1, "num_citations_10y": 4, "publications_years": {"2011": 1}, "citations_years": {"2012": 1, "2013": 0, "2014": 0, "2015": 0, "2016": 2, "2017": 0, "2018": 1}, "old_citations": {"2011": 4}, "isVisible": false}, "University of Antwerp": {"name": "University of Antwerp", "type": "organization", "organization_type": "Education", "h_index": 83, "h5_index": 24, "num_publications": 1, "num_citations": 7, "num_publications_5y": 0, "num_citations_5y": 2, "num_publications_10y": 0, "num_citations_10y": 5, "publications_years": {"2007": 1}, "citations_years": {"2007": 1, "2008": 1, "2009": 0, "2010": 0, "2011": 1, "2012": 1, "2013": 1, "2014": 1, "2015": 0, "2016": 1}, "old_citations": {"2007": 7}, "isVisible": false}, "University of Barcelona": {"name": "University of Barcelona", "type": "organization", "organization_type": "Education", "h_index": 67, "h5_index": 23, "num_publications": 1, "num_citations": 35, "num_publications_5y": 0, "num_citations_5y": 17, "num_publications_10y": 1, "num_citations_10y": 35, "publications_years": {"2009": 1}, "citations_years": {"2010": 2, "2011": 7, "2012": 3, "2013": 6, "2014": 5, "2015": 5, "2016": 5, "2017": 2}, "old_citations": {"2009": 35}, "isVisible": false}, "University of Bucharest": {"name": "University of Bucharest", "type": "organization", "organization_type": "Education", "h_index": 29, "h5_index": 11, "num_publications": 1, "num_citations": 0, "num_publications_5y": 0, "num_citations_5y": 0, "num_publications_10y": 1, "num_citations_10y": 0, "publications_years": {"2011": 1}, "citations_years": {}, "old_citations": {"2011": 0}, "isVisible": false}, "University of Coimbra": {"name": "University of Coimbra", "type": "organization", "organization_type": "Education", "h_index": 76, "h5_index": 25, "num_publications": 1, "num_citations": 1, "num_publications_5y": 0, "num_citations_5y": 0, "num_publications_10y": 1, "num_citations_10y": 1, "publications_years": {"2009": 1}, "citations_years": {"2012": 1}, "old_citations": {"2009": 1}, "isVisible": false}, "University of Copenhagen": {"name": "University of Copenhagen", "type": "organization", "organization_type": "Education", "h_index": 113, "h5_index": 35, "num_publications": 1, "num_citations": 2, "num_publications_5y": 0, "num_citations_5y": 0, "num_publications_10y": 1, "num_citations_10y": 2, "publications_years": {"2009": 1}, "citations_years": {"2012": 1, "2013": 1}, "old_citations": {"2009": 2}, "isVisible": false}, "University of Essex": {"name": "University of Essex", "type": "organization", "organization_type": "Education", "h_index": 88, "h5_index": 27, "num_publications": 1, "num_citations": 6, "num_publications_5y": 0, "num_citations_5y": 4, "num_publications_10y": 1, "num_citations_10y": 6, "publications_years": {"2011": 1}, "citations_years": {"2013": 2, "2014": 1, "2015": 3}, "old_citations": {"2011": 6}, "isVisible": false}, "University of G\u00f6ttingen": {"name": "University of G\u00f6ttingen", "type": "organization", "organization_type": "Education", "h_index": 65, "h5_index": 28, "num_publications": 1, "num_citations": 0, "num_publications_5y": 0, "num_citations_5y": 0, "num_publications_10y": 1, "num_citations_10y": 0, "publications_years": {"2011": 1}, "citations_years": {}, "old_citations": {"2011": 0}, "isVisible": false}, "University of Konstanz": {"name": "University of Konstanz", "type": "organization", "organization_type": "Education", "h_index": 76, "h5_index": 23, "num_publications": 1, "num_citations": 4, "num_publications_5y": 0, "num_citations_5y": 3, "num_publications_10y": 1, "num_citations_10y": 4, "publications_years": {"2011": 1}, "citations_years": {"2012": 1, "2013": 0, "2014": 0, "2015": 0, "2016": 2, "2017": 0, "2018": 1}, "old_citations": {"2011": 4}, "isVisible": false}, "University of Minnesota": {"name": "University of Minnesota", "type": "organization", "organization_type": "Education", "h_index": 235, "h5_index": 43, "num_publications": 1, "num_citations": 2, "num_publications_5y": 0, "num_citations_5y": 0, "num_publications_10y": 0, "num_citations_10y": 1, "publications_years": {"2007": 1}, "citations_years": {"2007": 1, "2008": 0, "2009": 1}, "old_citations": {"2007": 2}, "isVisible": false}, "University of Oslo": {"name": "University of Oslo", "type": "organization", "organization_type": "Education", "h_index": 100, "h5_index": 39, "num_publications": 1, "num_citations": 7, "num_publications_5y": 0, "num_citations_5y": 2, "num_publications_10y": 0, "num_citations_10y": 7, "publications_years": {"2007": 1}, "citations_years": {"2009": 1, "2010": 1, "2011": 1, "2012": 2, "2013": 0, "2014": 1, "2015": 1}, "old_citations": {"2007": 7}, "isVisible": false}, "University of Potsdam": {"name": "University of Potsdam", "type": "organization", "organization_type": "Education", "h_index": 67, "h5_index": 17, "num_publications": 1, "num_citations": 5, "num_publications_5y": 0, "num_citations_5y": 3, "num_publications_10y": 0, "num_citations_10y": 5, "publications_years": {"2007": 1}, "citations_years": {"2011": 1, "2012": 1, "2013": 0, "2014": 2, "2015": 1}, "old_citations": {"2007": 5}, "isVisible": false}, "University of Tokyo": {"name": "University of Tokyo", "type": "organization", "organization_type": "Education", "h_index": 147, "h5_index": 42, "num_publications": 1, "num_citations": 5, "num_publications_5y": 0, "num_citations_5y": 0, "num_publications_10y": 0, "num_citations_10y": 3, "publications_years": {"2007": 1}, "citations_years": {"2008": 2, "2009": 0, "2010": 0, "2011": 1, "2012": 1, "2013": 1}, "old_citations": {"2007": 5}, "isVisible": false}, "University of Trento": {"name": "University of Trento", "type": "organization", "organization_type": "Education", "h_index": 124, "h5_index": 44, "num_publications": 1, "num_citations": 6, "num_publications_5y": 0, "num_citations_5y": 4, "num_publications_10y": 1, "num_citations_10y": 6, "publications_years": {"2011": 1}, "citations_years": {"2013": 2, "2014": 1, "2015": 3}, "old_citations": {"2011": 6}, "isVisible": false}, "Utrecht University": {"name": "Utrecht University", "type": "organization", "organization_type": "Education", "h_index": 124, "h5_index": 37, "num_publications": 1, "num_citations": 6, "num_publications_5y": 0, "num_citations_5y": 4, "num_publications_10y": 1, "num_citations_10y": 6, "publications_years": {"2009": 1}, "citations_years": {"2013": 2, "2014": 3, "2015": 0, "2016": 0, "2017": 1}, "old_citations": {"2009": 6}, "isVisible": false}}, "topics": {"computer science": {"name": "computer science", "type": "topic", "h_index": 1779, "h5_index": 416, "num_publications": 46, "num_citations": 292, "num_publications_5y": 0, "num_citations_5y": 139, "num_publications_10y": 28, "num_citations_10y": 250, "publications_years": {"2007": 13, "2004": 2, "2009": 10, "2000": 1, "2011": 18, "2002": 2}, "citations_years": {"2007": 6, "2008": 7, "2009": 7, "2010": 8, "2011": 28, "2012": 30, "2013": 38, "2014": 49, "2015": 31, "2016": 31, "2017": 20, "2018": 8, "2019": 21, "2020": 4, "2006": 2, "2002": 1, "2003": 0, "2004": 1, "2005": 0}, "old_citations": {"2007": 71, "2004": 2, "2009": 105, "2000": 0, "2011": 104, "2002": 10}, "isVisible": false}, "artificial intelligence": {"name": "artificial intelligence", "type": "topic", "h_index": 1421, "h5_index": 373, "num_publications": 41, "num_citations": 276, "num_publications_5y": 0, "num_citations_5y": 129, "num_publications_10y": 24, "num_citations_10y": 236, "publications_years": {"2007": 12, "2004": 2, "2009": 10, "2000": 1, "2011": 14, "2002": 2}, "citations_years": {"2007": 6, "2008": 7, "2009": 7, "2010": 8, "2011": 28, "2012": 29, "2013": 35, "2014": 44, "2015": 30, "2016": 29, "2017": 18, "2018": 8, "2019": 19, "2020": 4, "2006": 2, "2002": 1, "2003": 0, "2004": 1, "2005": 0}, "old_citations": {"2007": 70, "2004": 2, "2009": 105, "2000": 0, "2011": 89, "2002": 10}, "isVisible": false}, "computer systems": {"name": "computer systems", "type": "topic", "h_index": 1595, "h5_index": 367, "num_publications": 40, "num_citations": 283, "num_publications_5y": 0, "num_citations_5y": 134, "num_publications_10y": 25, "num_citations_10y": 241, "publications_years": {"2007": 12, "2004": 1, "2009": 9, "2011": 16, "2002": 2}, "citations_years": {"2007": 6, "2008": 7, "2009": 7, "2010": 7, "2011": 27, "2012": 30, "2013": 36, "2014": 47, "2015": 30, "2016": 30, "2017": 19, "2018": 8, "2019": 21, "2020": 4, "2006": 2, "2002": 1, "2003": 0, "2004": 1, "2005": 0}, "old_citations": {"2007": 68, "2004": 1, "2009": 103, "2011": 101, "2002": 10}, "isVisible": false}, "linguistics": {"name": "linguistics", "type": "topic", "h_index": 867, "h5_index": 206, "num_publications": 39, "num_citations": 247, "num_publications_5y": 0, "num_citations_5y": 109, "num_publications_10y": 24, "num_citations_10y": 208, "publications_years": {"2007": 10, "2004": 2, "2009": 9, "2000": 1, "2011": 15, "2002": 2}, "citations_years": {"2007": 6, "2008": 7, "2009": 7, "2010": 8, "2011": 27, "2012": 25, "2013": 32, "2014": 41, "2015": 23, "2016": 22, "2017": 16, "2018": 7, "2019": 18, "2020": 4, "2006": 2, "2002": 1, "2003": 0, "2004": 1, "2005": 0}, "old_citations": {"2007": 61, "2004": 2, "2009": 99, "2000": 0, "2011": 75, "2002": 10}, "isVisible": false}, "semantics": {"name": "semantics", "type": "topic", "h_index": 803, "h5_index": 226, "num_publications": 36, "num_citations": 232, "num_publications_5y": 0, "num_citations_5y": 99, "num_publications_10y": 21, "num_citations_10y": 194, "publications_years": {"2007": 10, "2004": 2, "2009": 8, "2000": 1, "2011": 13, "2002": 2}, "citations_years": {"2007": 6, "2008": 7, "2009": 7, "2010": 8, "2011": 26, "2012": 25, "2013": 29, "2014": 35, "2015": 23, "2016": 20, "2017": 14, "2018": 7, "2019": 17, "2020": 4, "2006": 2, "2002": 1, "2003": 0, "2004": 1, "2005": 0}, "old_citations": {"2007": 61, "2004": 2, "2009": 97, "2000": 0, "2011": 62, "2002": 10}, "isVisible": false}, "database systems": {"name": "database systems", "type": "topic", "h_index": 1167, "h5_index": 276, "num_publications": 34, "num_citations": 239, "num_publications_5y": 0, "num_citations_5y": 105, "num_publications_10y": 21, "num_citations_10y": 201, "publications_years": {"2007": 10, "2004": 1, "2009": 8, "2011": 13, "2002": 2}, "citations_years": {"2007": 6, "2008": 7, "2009": 7, "2010": 7, "2011": 26, "2012": 25, "2013": 31, "2014": 40, "2015": 22, "2016": 21, "2017": 15, "2018": 7, "2019": 17, "2020": 4, "2006": 2, "2002": 1, "2003": 0, "2004": 1, "2005": 0}, "old_citations": {"2007": 61, "2004": 1, "2009": 97, "2011": 70, "2002": 10}, "isVisible": false}, "computational linguistics": {"name": "computational linguistics", "type": "topic", "h_index": 668, "h5_index": 175, "num_publications": 33, "num_citations": 204, "num_publications_5y": 0, "num_citations_5y": 88, "num_publications_10y": 20, "num_citations_10y": 166, "publications_years": {"2007": 10, "2004": 1, "2009": 7, "2011": 13, "2002": 2}, "citations_years": {"2007": 6, "2008": 7, "2009": 7, "2010": 5, "2011": 19, "2012": 22, "2013": 25, "2014": 35, "2015": 17, "2016": 16, "2017": 13, "2018": 7, "2019": 17, "2020": 4, "2006": 2, "2002": 1, "2003": 0, "2004": 1, "2005": 0}, "old_citations": {"2007": 61, "2004": 1, "2009": 62, "2011": 70, "2002": 10}, "isVisible": false}, "natural language processing": {"name": "natural language processing", "type": "topic", "h_index": 660, "h5_index": 182, "num_publications": 33, "num_citations": 219, "num_publications_5y": 0, "num_citations_5y": 92, "num_publications_10y": 19, "num_citations_10y": 182, "publications_years": {"2007": 9, "2004": 2, "2009": 7, "2000": 1, "2011": 12, "2002": 2}, "citations_years": {"2007": 6, "2008": 7, "2009": 7, "2010": 8, "2011": 25, "2012": 22, "2013": 28, "2014": 34, "2015": 21, "2016": 18, "2017": 12, "2018": 7, "2019": 16, "2020": 4, "2006": 2, "2002": 1, "2003": 0, "2004": 1, "2005": 0}, "old_citations": {"2007": 60, "2004": 2, "2009": 88, "2000": 0, "2011": 59, "2002": 10}, "isVisible": false}, "natural languages": {"name": "natural languages", "type": "topic", "h_index": 664, "h5_index": 185, "num_publications": 33, "num_citations": 219, "num_publications_5y": 0, "num_citations_5y": 92, "num_publications_10y": 19, "num_citations_10y": 182, "publications_years": {"2007": 9, "2004": 2, "2009": 7, "2000": 1, "2011": 12, "2002": 2}, "citations_years": {"2007": 6, "2008": 7, "2009": 7, "2010": 8, "2011": 25, "2012": 22, "2013": 28, "2014": 34, "2015": 21, "2016": 18, "2017": 12, "2018": 7, "2019": 16, "2020": 4, "2006": 2, "2002": 1, "2003": 0, "2004": 1, "2005": 0}, "old_citations": {"2007": 60, "2004": 2, "2009": 88, "2000": 0, "2011": 59, "2002": 10}, "isVisible": false}, "syntactics": {"name": "syntactics", "type": "topic", "h_index": 364, "h5_index": 83, "num_publications": 20, "num_citations": 142, "num_publications_5y": 0, "num_citations_5y": 61, "num_publications_10y": 12, "num_citations_10y": 115, "publications_years": {"2004": 1, "2009": 4, "2007": 6, "2011": 8, "2002": 1}, "citations_years": {"2011": 16, "2012": 16, "2013": 14, "2014": 24, "2015": 7, "2016": 11, "2017": 12, "2018": 7, "2019": 16, "2020": 4, "2010": 4, "2007": 3, "2008": 3, "2009": 4, "2006": 1}, "old_citations": {"2004": 1, "2009": 53, "2007": 43, "2011": 42, "2002": 3}, "isVisible": false}, "data mining": {"name": "data mining", "type": "topic", "h_index": 861, "h5_index": 196, "num_publications": 15, "num_citations": 114, "num_publications_5y": 0, "num_citations_5y": 49, "num_publications_10y": 8, "num_citations_10y": 100, "publications_years": {"2007": 6, "2009": 4, "2011": 4, "2002": 1}, "citations_years": {"2007": 4, "2008": 5, "2009": 2, "2010": 4, "2011": 16, "2012": 12, "2013": 17, "2014": 20, "2015": 12, "2016": 11, "2017": 6, "2018": 0, "2019": 2, "2002": 1, "2003": 0, "2004": 1, "2005": 0, "2006": 1}, "old_citations": {"2007": 41, "2009": 44, "2011": 22, "2002": 7}, "isVisible": false}, "information retrieval": {"name": "information retrieval", "type": "topic", "h_index": 882, "h5_index": 227, "num_publications": 15, "num_citations": 115, "num_publications_5y": 0, "num_citations_5y": 47, "num_publications_10y": 8, "num_citations_10y": 99, "publications_years": {"2007": 6, "2009": 4, "2011": 4, "2002": 1}, "citations_years": {"2007": 5, "2008": 6, "2009": 3, "2010": 4, "2011": 16, "2012": 12, "2013": 17, "2014": 19, "2015": 12, "2016": 11, "2017": 5, "2018": 0, "2019": 2, "2002": 1, "2003": 0, "2004": 1, "2005": 0, "2006": 1}, "old_citations": {"2007": 42, "2009": 44, "2011": 22, "2002": 7}, "isVisible": false}, "computer imaging and vision": {"name": "computer imaging and vision", "type": "topic", "h_index": 1142, "h5_index": 334, "num_publications": 13, "num_citations": 107, "num_publications_5y": 0, "num_citations_5y": 42, "num_publications_10y": 6, "num_citations_10y": 91, "publications_years": {"2007": 6, "2009": 3, "2011": 3, "2002": 1}, "citations_years": {"2007": 2, "2008": 4, "2009": 2, "2010": 3, "2011": 15, "2012": 14, "2013": 15, "2014": 16, "2015": 13, "2016": 10, "2017": 2, "2018": 1, "2019": 7, "2020": 2, "2006": 1}, "old_citations": {"2007": 30, "2009": 66, "2011": 8, "2002": 3}, "isVisible": false}, "image analysis": {"name": "image analysis", "type": "topic", "h_index": 988, "h5_index": 315, "num_publications": 13, "num_citations": 107, "num_publications_5y": 0, "num_citations_5y": 42, "num_publications_10y": 6, "num_citations_10y": 91, "publications_years": {"2007": 6, "2009": 3, "2011": 3, "2002": 1}, "citations_years": {"2007": 2, "2008": 4, "2009": 2, "2010": 3, "2011": 15, "2012": 14, "2013": 15, "2014": 16, "2015": 13, "2016": 10, "2017": 2, "2018": 1, "2019": 7, "2020": 2, "2006": 1}, "old_citations": {"2007": 30, "2009": 66, "2011": 8, "2002": 3}, "isVisible": false}, "image processing": {"name": "image processing", "type": "topic", "h_index": 1113, "h5_index": 328, "num_publications": 13, "num_citations": 107, "num_publications_5y": 0, "num_citations_5y": 42, "num_publications_10y": 6, "num_citations_10y": 91, "publications_years": {"2007": 6, "2009": 3, "2011": 3, "2002": 1}, "citations_years": {"2007": 2, "2008": 4, "2009": 2, "2010": 3, "2011": 15, "2012": 14, "2013": 15, "2014": 16, "2015": 13, "2016": 10, "2017": 2, "2018": 1, "2019": 7, "2020": 2, "2006": 1}, "old_citations": {"2007": 30, "2009": 66, "2011": 8, "2002": 3}, "isVisible": false}, "machine learning": {"name": "machine learning", "type": "topic", "h_index": 1123, "h5_index": 351, "num_publications": 13, "num_citations": 133, "num_publications_5y": 0, "num_citations_5y": 66, "num_publications_10y": 6, "num_citations_10y": 120, "publications_years": {"2007": 6, "2009": 1, "2011": 5, "2002": 1}, "citations_years": {"2007": 4, "2008": 4, "2009": 2, "2010": 3, "2011": 14, "2012": 15, "2013": 20, "2014": 21, "2015": 20, "2016": 17, "2017": 7, "2018": 1, "2019": 4, "2006": 1}, "old_citations": {"2007": 43, "2009": 35, "2011": 52, "2002": 3}, "isVisible": false}, "mathematics": {"name": "mathematics", "type": "topic", "h_index": 1364, "h5_index": 300, "num_publications": 13, "num_citations": 56, "num_publications_5y": 0, "num_citations_5y": 28, "num_publications_10y": 9, "num_citations_10y": 50, "publications_years": {"2007": 3, "2009": 1, "2000": 1, "2011": 8}, "citations_years": {"2007": 2, "2008": 0, "2009": 4, "2012": 6, "2013": 12, "2014": 15, "2015": 5, "2016": 3, "2017": 4, "2018": 1, "2019": 3, "2020": 1, "2010": 0, "2011": 0}, "old_citations": {"2007": 13, "2009": 2, "2000": 0, "2011": 41}, "isVisible": false}, "syntactic structure": {"name": "syntactic structure", "type": "topic", "h_index": 287, "h5_index": 58, "num_publications": 13, "num_citations": 89, "num_publications_5y": 0, "num_citations_5y": 39, "num_publications_10y": 9, "num_citations_10y": 70, "publications_years": {"2004": 1, "2009": 3, "2007": 3, "2011": 6}, "citations_years": {"2011": 9, "2012": 8, "2013": 8, "2014": 14, "2015": 4, "2016": 7, "2017": 7, "2018": 7, "2019": 13, "2020": 4, "2010": 3, "2007": 1, "2008": 1, "2009": 3}, "old_citations": {"2004": 1, "2009": 44, "2007": 15, "2011": 29}, "isVisible": false}, "image reconstruction": {"name": "image reconstruction", "type": "topic", "h_index": 725, "h5_index": 240, "num_publications": 12, "num_citations": 103, "num_publications_5y": 0, "num_citations_5y": 42, "num_publications_10y": 6, "num_citations_10y": 89, "publications_years": {"2007": 5, "2009": 3, "2011": 3, "2002": 1}, "citations_years": {"2007": 1, "2008": 3, "2009": 1, "2010": 3, "2011": 15, "2012": 14, "2013": 14, "2014": 16, "2015": 13, "2016": 10, "2017": 2, "2018": 1, "2019": 7, "2020": 2, "2006": 1}, "old_citations": {"2007": 26, "2009": 66, "2011": 8, "2002": 3}, "isVisible": false}, "image resolution": {"name": "image resolution", "type": "topic", "h_index": 201, "h5_index": 68, "num_publications": 10, "num_citations": 99, "num_publications_5y": 0, "num_citations_5y": 41, "num_publications_10y": 5, "num_citations_10y": 85, "publications_years": {"2007": 4, "2009": 2, "2011": 3, "2002": 1}, "citations_years": {"2007": 1, "2008": 3, "2009": 1, "2010": 3, "2011": 15, "2012": 12, "2013": 13, "2014": 16, "2015": 13, "2016": 9, "2017": 2, "2018": 1, "2019": 7, "2020": 2, "2006": 1}, "old_citations": {"2007": 24, "2009": 64, "2011": 8, "2002": 3}, "isVisible": false}, "pattern recognition": {"name": "pattern recognition", "type": "topic", "h_index": 922, "h5_index": 287, "num_publications": 9, "num_citations": 110, "num_publications_5y": 0, "num_citations_5y": 53, "num_publications_10y": 5, "num_citations_10y": 99, "publications_years": {"2009": 1, "2011": 4, "2007": 3, "2002": 1}, "citations_years": {"2010": 3, "2011": 13, "2012": 12, "2013": 16, "2014": 16, "2015": 17, "2016": 14, "2017": 5, "2007": 3, "2008": 3, "2009": 2, "2018": 1, "2019": 4, "2006": 1}, "old_citations": {"2009": 35, "2011": 41, "2007": 31, "2002": 3}, "isVisible": false}, "information systems": {"name": "information systems", "type": "topic", "h_index": 679, "h5_index": 124, "num_publications": 8, "num_citations": 102, "num_publications_5y": 0, "num_citations_5y": 46, "num_publications_10y": 6, "num_citations_10y": 88, "publications_years": {"2007": 2, "2009": 3, "2011": 3}, "citations_years": {"2007": 1, "2008": 3, "2009": 0, "2010": 3, "2011": 14, "2012": 11, "2013": 14, "2014": 17, "2015": 12, "2016": 13, "2017": 3, "2018": 1, "2019": 8, "2020": 2}, "old_citations": {"2007": 12, "2009": 71, "2011": 19}, "isVisible": false}, "correlation analysis": {"name": "correlation analysis", "type": "topic", "h_index": 1044, "h5_index": 224, "num_publications": 9, "num_citations": 39, "num_publications_5y": 0, "num_citations_5y": 20, "num_publications_10y": 6, "num_citations_10y": 36, "publications_years": {"2000": 1, "2011": 6, "2007": 2}, "citations_years": {"2012": 5, "2013": 8, "2014": 12, "2015": 4, "2016": 1, "2017": 2, "2018": 1, "2019": 1, "2020": 1, "2007": 1, "2008": 0, "2009": 3, "2010": 0, "2011": 0}, "old_citations": {"2000": 0, "2011": 28, "2007": 11}, "isVisible": false}, "engineering": {"name": "engineering", "type": "topic", "h_index": 1177, "h5_index": 287, "num_publications": 5, "num_citations": 47, "num_publications_5y": 0, "num_citations_5y": 31, "num_publications_10y": 4, "num_citations_10y": 42, "publications_years": {"2011": 4, "2007": 1}, "citations_years": {"2015": 8, "2016": 10, "2017": 5, "2018": 1, "2019": 5, "2013": 6, "2014": 7, "2011": 1, "2012": 4}, "old_citations": {"2011": 42, "2007": 5}, "isVisible": false}, "signal processing": {"name": "signal processing", "type": "topic", "h_index": 1012, "h5_index": 255, "num_publications": 4, "num_citations": 42, "num_publications_5y": 0, "num_citations_5y": 28, "num_publications_10y": 4, "num_citations_10y": 37, "publications_years": {"2011": 4}, "citations_years": {"2015": 7, "2016": 10, "2017": 5, "2018": 1, "2019": 5, "2013": 6, "2014": 5, "2012": 3}, "old_citations": {"2011": 42}, "isVisible": false}, "computer security": {"name": "computer security", "type": "topic", "h_index": 977, "h5_index": 220, "num_publications": 5, "num_citations": 48, "num_publications_5y": 0, "num_citations_5y": 29, "num_publications_10y": 4, "num_citations_10y": 42, "publications_years": {"2007": 1, "2009": 1, "2011": 3}, "citations_years": {"2010": 1, "2011": 2, "2012": 5, "2013": 5, "2014": 6, "2015": 7, "2016": 10, "2017": 3, "2018": 3, "2019": 6}, "old_citations": {"2007": 4, "2009": 1, "2011": 43}, "isVisible": false}, "authentication": {"name": "authentication", "type": "topic", "h_index": 615, "h5_index": 135, "num_publications": 3, "num_citations": 38, "num_publications_5y": 0, "num_citations_5y": 24, "num_publications_10y": 3, "num_citations_10y": 33, "publications_years": {"2009": 1, "2011": 2}, "citations_years": {"2012": 4, "2011": 1, "2013": 4, "2014": 3, "2015": 6, "2016": 10, "2017": 2, "2018": 3, "2019": 5}, "old_citations": {"2009": 1, "2011": 37}, "isVisible": false}, "cryptography": {"name": "cryptography", "type": "topic", "h_index": 761, "h5_index": 179, "num_publications": 3, "num_citations": 38, "num_publications_5y": 0, "num_citations_5y": 24, "num_publications_10y": 3, "num_citations_10y": 33, "publications_years": {"2009": 1, "2011": 2}, "citations_years": {"2012": 4, "2011": 1, "2013": 4, "2014": 3, "2015": 6, "2016": 10, "2017": 2, "2018": 3, "2019": 5}, "old_citations": {"2009": 1, "2011": 37}, "isVisible": false}, "cryptology": {"name": "cryptology", "type": "topic", "h_index": 761, "h5_index": 179, "num_publications": 3, "num_citations": 38, "num_publications_5y": 0, "num_citations_5y": 24, "num_publications_10y": 3, "num_citations_10y": 33, "publications_years": {"2009": 1, "2011": 2}, "citations_years": {"2012": 4, "2011": 1, "2013": 4, "2014": 3, "2015": 6, "2016": 10, "2017": 2, "2018": 3, "2019": 5}, "old_citations": {"2009": 1, "2011": 37}, "isVisible": false}, "security of data": {"name": "security of data", "type": "topic", "h_index": 883, "h5_index": 199, "num_publications": 3, "num_citations": 38, "num_publications_5y": 0, "num_citations_5y": 24, "num_publications_10y": 3, "num_citations_10y": 33, "publications_years": {"2009": 1, "2011": 2}, "citations_years": {"2012": 4, "2011": 1, "2013": 4, "2014": 3, "2015": 6, "2016": 10, "2017": 2, "2018": 3, "2019": 5}, "old_citations": {"2009": 1, "2011": 37}, "isVisible": false}}, "authors": {"2227650618": {"name": "veronique hoste", "type": "author", "activity": 21, "h_index": 19, "h5_index": 5, "mag_id": "2227650618", "num_publications": 3, "num_citations": 20, "num_publications_5y": 0, "num_citations_5y": 9, "num_publications_10y": 2, "num_citations_10y": 17, "publications_years": {"2007": 1, "2009": 1, "2011": 1}, "citations_years": {"2007": 1, "2008": 1, "2009": 0, "2010": 1, "2011": 2, "2012": 2, "2013": 3, "2014": 3, "2015": 2, "2016": 4, "2017": 0, "2018": 0, "2019": 1}, "old_citations": {"2007": 7, "2009": 7, "2011": 6}, "isVisible": false}, "2316771305": {"name": "iris hendrickx", "type": "author", "activity": 19, "h_index": 13, "h5_index": 2, "mag_id": "2316771305", "num_publications": 3, "num_citations": 20, "num_publications_5y": 0, "num_citations_5y": 9, "num_publications_10y": 2, "num_citations_10y": 17, "publications_years": {"2007": 1, "2009": 1, "2011": 1}, "citations_years": {"2007": 1, "2008": 1, "2009": 0, "2010": 1, "2011": 2, "2012": 2, "2013": 3, "2014": 3, "2015": 2, "2016": 4, "2017": 0, "2018": 0, "2019": 1}, "old_citations": {"2007": 7, "2009": 7, "2011": 6}, "isVisible": false}, "8718534": {"name": "constantin or\u0103san", "type": "author", "activity": 19, "h_index": 5, "h5_index": 1, "mag_id": "8718534", "num_publications": 2, "num_citations": 31, "num_publications_5y": 0, "num_citations_5y": 14, "num_publications_10y": 1, "num_citations_10y": 26, "publications_years": {"2007": 1, "2011": 1}, "citations_years": {"2007": 2, "2008": 2, "2009": 0, "2010": 0, "2011": 5, "2012": 3, "2013": 4, "2014": 7, "2015": 3, "2016": 2, "2017": 2, "2018": 0, "2019": 1}, "old_citations": {"2007": 20, "2011": 11}, "isVisible": false}, "2131249765": {"name": "elsi kaiser", "type": "author", "activity": 20, "h_index": 7, "h5_index": 2, "mag_id": "2131249765", "num_publications": 2, "num_citations": 20, "num_publications_5y": 0, "num_citations_5y": 12, "num_publications_10y": 2, "num_citations_10y": 18, "publications_years": {"2009": 1, "2011": 1}, "citations_years": {"2011": 1, "2012": 2, "2013": 3, "2014": 4, "2015": 1, "2016": 3, "2017": 4, "2018": 0, "2019": 2}, "old_citations": {"2009": 9, "2011": 11}, "isVisible": false}, "2137750692": {"name": "pascal denis", "type": "author", "activity": 17, "h_index": 15, "h5_index": 2, "mag_id": "2137750692", "num_publications": 2, "num_citations": 6, "num_publications_5y": 0, "num_citations_5y": 2, "num_publications_10y": 2, "num_citations_10y": 5, "publications_years": {"2011": 2}, "citations_years": {"2012": 1, "2013": 2, "2014": 1, "2015": 0, "2016": 0, "2017": 0, "2018": 1, "2019": 0, "2020": 1}, "old_citations": {"2011": 6}, "isVisible": false}, "2142321506": {"name": "anke holler", "type": "author", "activity": 13, "h_index": 3, "h5_index": 0, "mag_id": "2142321506", "num_publications": 2, "num_citations": 4, "num_publications_5y": 0, "num_citations_5y": 2, "num_publications_10y": 1, "num_citations_10y": 4, "publications_years": {"2007": 1, "2011": 1}, "citations_years": {"2010": 1, "2011": 1, "2012": 0, "2013": 0, "2014": 1, "2015": 0, "2016": 0, "2017": 1}, "old_citations": {"2007": 4, "2011": 0}, "isVisible": false}, "2167930835": {"name": "antonio branco", "type": "author", "activity": 25, "h_index": 12, "h5_index": 5, "mag_id": "2167930835", "num_publications": 2, "num_citations": 3, "num_publications_5y": 0, "num_citations_5y": 1, "num_publications_10y": 1, "num_citations_10y": 3, "publications_years": {"2009": 1, "2007": 1}, "citations_years": {"2012": 2, "2013": 0, "2014": 0, "2015": 0, "2016": 1}, "old_citations": {"2009": 1, "2007": 2}, "isVisible": false}, "2302873820": {"name": "petra b schumacher", "type": "author", "activity": 16, "h_index": 5, "h5_index": 1, "mag_id": "2302873820", "num_publications": 2, "num_citations": 32, "num_publications_5y": 0, "num_citations_5y": 13, "num_publications_10y": 2, "num_citations_10y": 23, "publications_years": {"2009": 1, "2011": 1}, "citations_years": {"2011": 4, "2012": 3, "2013": 3, "2014": 5, "2015": 3, "2016": 4, "2017": 0, "2018": 1, "2019": 7, "2020": 2}, "old_citations": {"2009": 29, "2011": 3}, "isVisible": false}, "2321042563": {"name": "emmanuel lassalle", "type": "author", "activity": 3, "h_index": 2, "h5_index": 0, "mag_id": "2321042563", "num_publications": 2, "num_citations": 6, "num_publications_5y": 0, "num_citations_5y": 2, "num_publications_10y": 2, "num_citations_10y": 5, "publications_years": {"2011": 2}, "citations_years": {"2012": 1, "2013": 2, "2014": 1, "2015": 0, "2016": 0, "2017": 0, "2018": 1, "2019": 0, "2020": 1}, "old_citations": {"2011": 6}, "isVisible": false}, "10842348": {"name": "zden\u011bk \u017eabokrtsk\u00fd", "type": "author", "activity": 16, "h_index": 5, "h5_index": 2, "mag_id": "10842348", "num_publications": 1, "num_citations": 2, "num_publications_5y": 0, "num_citations_5y": 1, "num_publications_10y": 1, "num_citations_10y": 2, "publications_years": {"2011": 1}, "citations_years": {"2012": 1, "2013": 0, "2014": 1}, "old_citations": {"2011": 2}, "isVisible": false}, "37747390": {"name": "jennifer spenader", "type": "author", "activity": 20, "h_index": 5, "h5_index": 0, "mag_id": "37747390", "num_publications": 1, "num_citations": 8, "num_publications_5y": 0, "num_citations_5y": 1, "num_publications_10y": 0, "num_citations_10y": 7, "publications_years": {"2007": 1}, "citations_years": {"2007": 1, "2008": 0, "2009": 3, "2010": 0, "2011": 0, "2012": 1, "2013": 2, "2014": 1}, "old_citations": {"2007": 8}, "isVisible": false}, "38184476": {"name": "roland stuckardt", "type": "author", "activity": 1, "h_index": 1, "h5_index": 0, "mag_id": "38184476", "num_publications": 1, "num_citations": 3, "num_publications_5y": 0, "num_citations_5y": 2, "num_publications_10y": 0, "num_citations_10y": 3, "publications_years": {"2007": 1}, "citations_years": {"2013": 1, "2014": 1, "2015": 0, "2016": 0, "2017": 1}, "old_citations": {"2007": 3}, "isVisible": false}, "60638862": {"name": "bertrand gaiffe", "type": "author", "activity": 26, "h_index": 3, "h5_index": 1, "mag_id": "60638862", "num_publications": 1, "num_citations": 0, "num_publications_5y": 0, "num_citations_5y": 0, "num_publications_10y": 0, "num_citations_10y": 0, "publications_years": {"2000": 1}, "citations_years": {}, "old_citations": {"2000": 0}, "isVisible": false}, "75497859": {"name": "olga uryupina", "type": "author", "activity": 18, "h_index": 13, "h5_index": 5, "mag_id": "75497859", "num_publications": 1, "num_citations": 6, "num_publications_5y": 0, "num_citations_5y": 4, "num_publications_10y": 1, "num_citations_10y": 6, "publications_years": {"2011": 1}, "citations_years": {"2013": 2, "2014": 1, "2015": 3}, "old_citations": {"2011": 6}, "isVisible": false}, "112209514": {"name": "sadao kurohashi", "type": "author", "activity": 29, "h_index": 22, "h5_index": 6, "mag_id": "112209514", "num_publications": 1, "num_citations": 5, "num_publications_5y": 0, "num_citations_5y": 0, "num_publications_10y": 0, "num_citations_10y": 3, "publications_years": {"2007": 1}, "citations_years": {"2008": 2, "2009": 0, "2010": 0, "2011": 1, "2012": 1, "2013": 1}, "old_citations": {"2007": 5}, "isVisible": false}, "138549710": {"name": "iris eshkol", "type": "author", "activity": 10, "h_index": 2, "h5_index": 0, "mag_id": "138549710", "num_publications": 1, "num_citations": 2, "num_publications_5y": 0, "num_citations_5y": 2, "num_publications_10y": 1, "num_citations_10y": 2, "publications_years": {"2011": 1}, "citations_years": {"2014": 2}, "old_citations": {"2011": 2}, "isVisible": false}, "228644031": {"name": "klaus von heusinger", "type": "author", "activity": 25, "h_index": 9, "h5_index": 0, "mag_id": "228644031", "num_publications": 1, "num_citations": 2, "num_publications_5y": 0, "num_citations_5y": 1, "num_publications_10y": 1, "num_citations_10y": 1, "publications_years": {"2011": 1}, "citations_years": {"2017": 1, "2018": 0, "2019": 1}, "old_citations": {"2011": 2}, "isVisible": false}, "228997341": {"name": "susanne salmonalt", "type": "author", "activity": 10, "h_index": 8, "h5_index": 0, "mag_id": "228997341", "num_publications": 1, "num_citations": 0, "num_publications_5y": 0, "num_citations_5y": 0, "num_publications_10y": 0, "num_citations_10y": 0, "publications_years": {"2000": 1}, "citations_years": {}, "old_citations": {"2000": 0}, "isVisible": false}, "238127602": {"name": "rodolfo delmonte", "type": "author", "activity": 30, "h_index": 13, "h5_index": 1, "mag_id": "238127602", "num_publications": 1, "num_citations": 3, "num_publications_5y": 0, "num_citations_5y": 1, "num_publications_10y": 0, "num_citations_10y": 2, "publications_years": {"2002": 1}, "citations_years": {"2006": 1, "2007": 0, "2008": 0, "2009": 0, "2010": 0, "2011": 0, "2012": 0, "2013": 1, "2014": 0, "2015": 1}, "old_citations": {"2002": 3}, "isVisible": false}, "240737586": {"name": "ruslan mitkov", "type": "author", "activity": 30, "h_index": 21, "h5_index": 3, "mag_id": "240737586", "num_publications": 1, "num_citations": 20, "num_publications_5y": 0, "num_citations_5y": 6, "num_publications_10y": 0, "num_citations_10y": 15, "publications_years": {"2007": 1}, "citations_years": {"2007": 2, "2008": 2, "2009": 0, "2010": 0, "2011": 5, "2012": 2, "2013": 2, "2014": 4, "2015": 0, "2016": 1, "2017": 1, "2018": 0, "2019": 1}, "old_citations": {"2007": 20}, "isVisible": false}, "241509610": {"name": "judith muzerelle", "type": "author", "activity": 4, "h_index": 2, "h5_index": 0, "mag_id": "241509610", "num_publications": 1, "num_citations": 2, "num_publications_5y": 0, "num_citations_5y": 2, "num_publications_10y": 1, "num_citations_10y": 2, "publications_years": {"2011": 1}, "citations_years": {"2014": 2}, "old_citations": {"2011": 2}, "isVisible": false}, "268799882": {"name": "stefanie dipper", "type": "author", "activity": 20, "h_index": 13, "h5_index": 2, "mag_id": "268799882", "num_publications": 1, "num_citations": 4, "num_publications_5y": 0, "num_citations_5y": 3, "num_publications_10y": 1, "num_citations_10y": 4, "publications_years": {"2011": 1}, "citations_years": {"2012": 1, "2013": 0, "2014": 0, "2015": 0, "2016": 2, "2017": 0, "2018": 1}, "old_citations": {"2011": 4}, "isVisible": false}, "271435028": {"name": "costanza navarretta", "type": "author", "activity": 20, "h_index": 9, "h5_index": 2, "mag_id": "271435028", "num_publications": 1, "num_citations": 2, "num_publications_5y": 0, "num_citations_5y": 0, "num_publications_10y": 1, "num_citations_10y": 2, "publications_years": {"2009": 1}, "citations_years": {"2012": 1, "2013": 1}, "old_citations": {"2009": 2}, "isVisible": false}, "314690538": {"name": "massimo poesio", "type": "author", "activity": 30, "h_index": 34, "h5_index": 6, "mag_id": "314690538", "num_publications": 1, "num_citations": 6, "num_publications_5y": 0, "num_citations_5y": 4, "num_publications_10y": 1, "num_citations_10y": 6, "publications_years": {"2011": 1}, "citations_years": {"2013": 2, "2014": 1, "2015": 3}, "old_citations": {"2011": 6}, "isVisible": false}, "607836863": {"name": "orphee de clercq", "type": "author", "activity": 12, "h_index": 8, "h5_index": 4, "mag_id": "607836863", "num_publications": 1, "num_citations": 6, "num_publications_5y": 0, "num_citations_5y": 3, "num_publications_10y": 1, "num_citations_10y": 5, "publications_years": {"2011": 1}, "citations_years": {"2012": 1, "2013": 1, "2014": 2, "2015": 1, "2016": 0, "2017": 0, "2018": 0, "2019": 1}, "old_citations": {"2011": 6}, "isVisible": false}, "659736712": {"name": "advaith siddharthan", "type": "author", "activity": 19, "h_index": 16, "h5_index": 4, "mag_id": "659736712", "num_publications": 1, "num_citations": 7, "num_publications_5y": 0, "num_citations_5y": 2, "num_publications_10y": 0, "num_citations_10y": 4, "publications_years": {"2002": 1}, "citations_years": {"2002": 1, "2003": 0, "2004": 1, "2005": 0, "2006": 1, "2007": 0, "2008": 0, "2009": 1, "2010": 0, "2011": 0, "2012": 0, "2013": 1, "2014": 0, "2015": 2}, "old_citations": {"2002": 7}, "isVisible": false}, "701679718": {"name": "jeanette k gundel", "type": "author", "activity": 14, "h_index": 6, "h5_index": 0, "mag_id": "701679718", "num_publications": 1, "num_citations": 2, "num_publications_5y": 0, "num_citations_5y": 0, "num_publications_10y": 0, "num_citations_10y": 1, "publications_years": {"2007": 1}, "citations_years": {"2007": 1, "2008": 0, "2009": 1}, "old_citations": {"2007": 2}, "isVisible": false}, "706004297": {"name": "eric reuland", "type": "author", "activity": 26, "h_index": 7, "h5_index": 2, "mag_id": "706004297", "num_publications": 1, "num_citations": 14, "num_publications_5y": 0, "num_citations_5y": 10, "num_publications_10y": 1, "num_citations_10y": 14, "publications_years": {"2009": 1}, "citations_years": {"2010": 1, "2011": 2, "2012": 1, "2013": 0, "2014": 5, "2015": 0, "2016": 0, "2017": 3, "2018": 2}, "old_citations": {"2009": 14}, "isVisible": false}, "1214369432": {"name": "ekaterina jasinskaja", "type": "author", "activity": 2, "h_index": 2, "h5_index": 0, "mag_id": "1214369432", "num_publications": 1, "num_citations": 5, "num_publications_5y": 0, "num_citations_5y": 3, "num_publications_10y": 0, "num_citations_10y": 5, "publications_years": {"2007": 1}, "citations_years": {"2011": 1, "2012": 1, "2013": 0, "2014": 2, "2015": 1}, "old_citations": {"2007": 5}, "isVisible": false}, "1246945047": {"name": "walter bisang", "type": "author", "activity": 21, "h_index": 3, "h5_index": 1, "mag_id": "1246945047", "num_publications": 1, "num_citations": 3, "num_publications_5y": 0, "num_citations_5y": 2, "num_publications_10y": 1, "num_citations_10y": 3, "publications_years": {"2011": 1}, "citations_years": {"2013": 1, "2014": 0, "2015": 1, "2016": 1}, "old_citations": {"2011": 3}, "isVisible": false}, "1924393375": {"name": "shane bergsma", "type": "author", "activity": 10, "h_index": 19, "h5_index": 0, "mag_id": "1924393375", "num_publications": 1, "num_citations": 27, "num_publications_5y": 0, "num_citations_5y": 19, "num_publications_10y": 1, "num_citations_10y": 25, "publications_years": {"2011": 1}, "citations_years": {"2012": 3, "2013": 3, "2014": 2, "2015": 6, "2016": 8, "2017": 2, "2018": 1, "2019": 2}, "old_citations": {"2011": 27}, "isVisible": false}, "1981066054": {"name": "min que", "type": "author", "activity": 1, "h_index": 1, "h5_index": 0, "mag_id": "1981066054", "num_publications": 1, "num_citations": 6, "num_publications_5y": 0, "num_citations_5y": 4, "num_publications_10y": 1, "num_citations_10y": 6, "publications_years": {"2009": 1}, "citations_years": {"2013": 2, "2014": 3, "2015": 0, "2016": 0, "2017": 1}, "old_citations": {"2009": 6}, "isVisible": false}, "1984171096": {"name": "roelien bastiaanse", "type": "author", "activity": 18, "h_index": 4, "h5_index": 0, "mag_id": "1984171096", "num_publications": 1, "num_citations": 9, "num_publications_5y": 0, "num_citations_5y": 5, "num_publications_10y": 1, "num_citations_10y": 5, "publications_years": {"2011": 1}, "citations_years": {"2015": 2, "2016": 0, "2017": 3, "2018": 0, "2019": 3, "2020": 1}, "old_citations": {"2011": 9}, "isVisible": false}, "1992647511": {"name": "kavitha venkataswamy", "type": "author", "activity": 1, "h_index": 0, "h5_index": 0, "mag_id": "1992647511", "num_publications": 1, "num_citations": 0, "num_publications_5y": 0, "num_citations_5y": 0, "num_publications_10y": 1, "num_citations_10y": 0, "publications_years": {"2009": 1}, "citations_years": {}, "old_citations": {"2009": 0}, "isVisible": false}, "2003004388": {"name": "corina dima", "type": "author", "activity": 11, "h_index": 4, "h5_index": 1, "mag_id": "2003004388", "num_publications": 1, "num_citations": 2, "num_publications_5y": 0, "num_citations_5y": 1, "num_publications_10y": 1, "num_citations_10y": 2, "publications_years": {"2009": 1}, "citations_years": {"2011": 1, "2012": 0, "2013": 0, "2014": 1}, "old_citations": {"2009": 2}, "isVisible": false}, "2012732855": {"name": "maria mercedes pinango", "type": "author", "activity": 13, "h_index": 4, "h5_index": 0, "mag_id": "2012732855", "num_publications": 1, "num_citations": 1, "num_publications_5y": 0, "num_citations_5y": 0, "num_publications_10y": 1, "num_citations_10y": 1, "publications_years": {"2009": 1}, "citations_years": {"2012": 1}, "old_citations": {"2009": 1}, "isVisible": false}, "2023117810": {"name": "yoad winter", "type": "author", "activity": 25, "h_index": 13, "h5_index": 1, "mag_id": "2023117810", "num_publications": 1, "num_citations": 14, "num_publications_5y": 0, "num_citations_5y": 10, "num_publications_10y": 1, "num_citations_10y": 14, "publications_years": {"2009": 1}, "citations_years": {"2010": 1, "2011": 2, "2012": 1, "2013": 0, "2014": 5, "2015": 0, "2016": 0, "2017": 3, "2018": 2}, "old_citations": {"2009": 14}, "isVisible": false}, "2040149204": {"name": "erikjan smits", "type": "author", "activity": 1, "h_index": 2, "h5_index": 0, "mag_id": "2040149204", "num_publications": 1, "num_citations": 8, "num_publications_5y": 0, "num_citations_5y": 1, "num_publications_10y": 0, "num_citations_10y": 7, "publications_years": {"2007": 1}, "citations_years": {"2007": 1, "2008": 0, "2009": 3, "2010": 0, "2011": 0, "2012": 1, "2013": 2, "2014": 1}, "old_citations": {"2007": 8}, "isVisible": false}, "2042800127": {"name": "david yarowsky", "type": "author", "activity": 29, "h_index": 41, "h5_index": 5, "mag_id": "2042800127", "num_publications": 1, "num_citations": 27, "num_publications_5y": 0, "num_citations_5y": 19, "num_publications_10y": 1, "num_citations_10y": 25, "publications_years": {"2011": 1}, "citations_years": {"2012": 3, "2013": 3, "2014": 2, "2015": 6, "2016": 8, "2017": 2, "2018": 1, "2019": 2}, "old_citations": {"2011": 27}, "isVisible": false}, "2045247288": {"name": "denis maurel", "type": "author", "activity": 24, "h_index": 7, "h5_index": 1, "mag_id": "2045247288", "num_publications": 1, "num_citations": 2, "num_publications_5y": 0, "num_citations_5y": 2, "num_publications_10y": 1, "num_citations_10y": 2, "publications_years": {"2011": 1}, "citations_years": {"2014": 2}, "old_citations": {"2011": 2}, "isVisible": false}, "2046588481": {"name": "eduard hovy", "type": "author", "activity": 31, "h_index": 65, "h5_index": 17, "mag_id": "2046588481", "num_publications": 1, "num_citations": 35, "num_publications_5y": 0, "num_citations_5y": 17, "num_publications_10y": 1, "num_citations_10y": 35, "publications_years": {"2009": 1}, "citations_years": {"2010": 2, "2011": 7, "2012": 3, "2013": 6, "2014": 5, "2015": 5, "2016": 5, "2017": 2}, "old_citations": {"2009": 35}, "isVisible": false}, "2050319882": {"name": "daisuke kawahara", "type": "author", "activity": 20, "h_index": 17, "h5_index": 4, "mag_id": "2050319882", "num_publications": 1, "num_citations": 5, "num_publications_5y": 0, "num_citations_5y": 0, "num_publications_10y": 0, "num_citations_10y": 3, "publications_years": {"2007": 1}, "citations_years": {"2008": 2, "2009": 0, "2010": 0, "2011": 1, "2012": 1, "2013": 1}, "old_citations": {"2007": 5}, "isVisible": false}, "2086797513": {"name": "ryohei sasano", "type": "author", "activity": 16, "h_index": 9, "h5_index": 3, "mag_id": "2086797513", "num_publications": 1, "num_citations": 5, "num_publications_5y": 0, "num_citations_5y": 0, "num_publications_10y": 0, "num_citations_10y": 3, "publications_years": {"2007": 1}, "citations_years": {"2008": 2, "2009": 0, "2010": 0, "2011": 1, "2012": 1, "2013": 1}, "old_citations": {"2007": 5}, "isVisible": false}, "2096446949": {"name": "jose leitao", "type": "author", "activity": 8, "h_index": 1, "h5_index": 0, "mag_id": "2096446949", "num_publications": 1, "num_citations": 1, "num_publications_5y": 0, "num_citations_5y": 0, "num_publications_10y": 1, "num_citations_10y": 1, "publications_years": {"2009": 1}, "citations_years": {"2012": 1}, "old_citations": {"2009": 1}, "isVisible": false}, "2103835983": {"name": "michal novak", "type": "author", "activity": 10, "h_index": 7, "h5_index": 3, "mag_id": "2103835983", "num_publications": 1, "num_citations": 2, "num_publications_5y": 0, "num_citations_5y": 1, "num_publications_10y": 1, "num_citations_10y": 2, "publications_years": {"2011": 1}, "citations_years": {"2012": 1, "2013": 0, "2014": 1}, "old_citations": {"2011": 2}, "isVisible": false}, "2104149857": {"name": "sobha lalitha devi", "type": "author", "activity": 11, "h_index": 7, "h5_index": 1, "mag_id": "2104149857", "num_publications": 1, "num_citations": 0, "num_publications_5y": 0, "num_citations_5y": 0, "num_publications_10y": 1, "num_citations_10y": 0, "publications_years": {"2009": 1}, "citations_years": {}, "old_citations": {"2009": 0}, "isVisible": false}, "2107024830": {"name": "pattabhi r k rao", "type": "author", "activity": 10, "h_index": 3, "h5_index": 1, "mag_id": "2107024830", "num_publications": 1, "num_citations": 0, "num_publications_5y": 0, "num_citations_5y": 0, "num_publications_10y": 1, "num_citations_10y": 0, "publications_years": {"2009": 1}, "citations_years": {}, "old_citations": {"2009": 0}, "isVisible": false}, "2109965379": {"name": "christian horn", "type": "author", "activity": 4, "h_index": 1, "h5_index": 0, "mag_id": "2109965379", "num_publications": 1, "num_citations": 3, "num_publications_5y": 0, "num_citations_5y": 2, "num_publications_10y": 1, "num_citations_10y": 3, "publications_years": {"2011": 1}, "citations_years": {"2012": 1, "2013": 0, "2014": 2}, "old_citations": {"2011": 3}, "isVisible": false}, "2114849492": {"name": "ralph l rose", "type": "author", "activity": 10, "h_index": 1, "h5_index": 0, "mag_id": "2114849492", "num_publications": 1, "num_citations": 1, "num_publications_5y": 0, "num_citations_5y": 0, "num_publications_10y": 0, "num_citations_10y": 1, "publications_years": {"2007": 1}, "citations_years": {"2012": 1}, "old_citations": {"2007": 1}, "isVisible": false}, "2115391164": {"name": "nicolas kimm", "type": "author", "activity": 4, "h_index": 1, "h5_index": 0, "mag_id": "2115391164", "num_publications": 1, "num_citations": 3, "num_publications_5y": 0, "num_citations_5y": 2, "num_publications_10y": 1, "num_citations_10y": 3, "publications_years": {"2011": 1}, "citations_years": {"2012": 1, "2013": 0, "2014": 2}, "old_citations": {"2011": 3}, "isVisible": false}, "2116655181": {"name": "annika deichsel", "type": "author", "activity": 1, "h_index": 1, "h5_index": 0, "mag_id": "2116655181", "num_publications": 1, "num_citations": 2, "num_publications_5y": 0, "num_citations_5y": 1, "num_publications_10y": 1, "num_citations_10y": 1, "publications_years": {"2011": 1}, "citations_years": {"2017": 1, "2018": 0, "2019": 1}, "old_citations": {"2011": 2}, "isVisible": false}, "2116825888": {"name": "ann copestake", "type": "author", "activity": 30, "h_index": 27, "h5_index": 3, "mag_id": "2116825888", "num_publications": 1, "num_citations": 7, "num_publications_5y": 0, "num_citations_5y": 2, "num_publications_10y": 0, "num_citations_10y": 4, "publications_years": {"2002": 1}, "citations_years": {"2002": 1, "2003": 0, "2004": 1, "2005": 0, "2006": 1, "2007": 0, "2008": 0, "2009": 1, "2010": 0, "2011": 0, "2012": 0, "2013": 1, "2014": 0, "2015": 2}, "old_citations": {"2002": 7}, "isVisible": false}, "2127854019": {"name": "heike zinsmeister", "type": "author", "activity": 13, "h_index": 8, "h5_index": 2, "mag_id": "2127854019", "num_publications": 1, "num_citations": 4, "num_publications_5y": 0, "num_citations_5y": 3, "num_publications_10y": 1, "num_citations_10y": 4, "publications_years": {"2011": 1}, "citations_years": {"2012": 1, "2013": 0, "2014": 0, "2015": 0, "2016": 2, "2017": 0, "2018": 1}, "old_citations": {"2011": 4}, "isVisible": false}, "2145128172": {"name": "petra hendriks", "type": "author", "activity": 28, "h_index": 12, "h5_index": 2, "mag_id": "2145128172", "num_publications": 1, "num_citations": 8, "num_publications_5y": 0, "num_citations_5y": 1, "num_publications_10y": 0, "num_citations_10y": 7, "publications_years": {"2007": 1}, "citations_years": {"2007": 1, "2008": 0, "2009": 3, "2010": 0, "2011": 0, "2012": 1, "2013": 2, "2014": 1}, "old_citations": {"2007": 8}, "isVisible": false}, "2147835144": {"name": "sriparna saha", "type": "author", "activity": 15, "h_index": 17, "h5_index": 9, "mag_id": "2147835144", "num_publications": 1, "num_citations": 6, "num_publications_5y": 0, "num_citations_5y": 4, "num_publications_10y": 1, "num_citations_10y": 6, "publications_years": {"2011": 1}, "citations_years": {"2013": 2, "2014": 1, "2015": 3}, "old_citations": {"2011": 6}, "isVisible": false}, "2152620701": {"name": "le an ha", "type": "author", "activity": 19, "h_index": 6, "h5_index": 2, "mag_id": "2152620701", "num_publications": 1, "num_citations": 20, "num_publications_5y": 0, "num_citations_5y": 6, "num_publications_10y": 0, "num_citations_10y": 15, "publications_years": {"2007": 1}, "citations_years": {"2007": 2, "2008": 2, "2009": 0, "2010": 0, "2011": 5, "2012": 2, "2013": 2, "2014": 4, "2015": 0, "2016": 1, "2017": 1, "2018": 0, "2019": 1}, "old_citations": {"2007": 20}, "isVisible": false}, "2156266616": {"name": "luis pires", "type": "author", "activity": 6, "h_index": 1, "h5_index": 0, "mag_id": "2156266616", "num_publications": 1, "num_citations": 1, "num_publications_5y": 0, "num_citations_5y": 0, "num_publications_10y": 1, "num_citations_10y": 1, "publications_years": {"2009": 1}, "citations_years": {"2012": 1}, "old_citations": {"2009": 1}, "isVisible": false}, "2157326546": {"name": "melanie seiss", "type": "author", "activity": 5, "h_index": 4, "h5_index": 0, "mag_id": "2157326546", "num_publications": 1, "num_citations": 4, "num_publications_5y": 0, "num_citations_5y": 3, "num_publications_10y": 1, "num_citations_10y": 4, "publications_years": {"2011": 1}, "citations_years": {"2012": 1, "2013": 0, "2014": 0, "2015": 0, "2016": 2, "2017": 0, "2018": 1}, "old_citations": {"2011": 4}, "isVisible": false}, "2161725626": {"name": "marta recasens", "type": "author", "activity": 11, "h_index": 15, "h5_index": 3, "mag_id": "2161725626", "num_publications": 1, "num_citations": 35, "num_publications_5y": 0, "num_citations_5y": 17, "num_publications_10y": 1, "num_citations_10y": 35, "publications_years": {"2009": 1}, "citations_years": {"2010": 2, "2011": 7, "2012": 3, "2013": 6, "2014": 5, "2015": 5, "2016": 5, "2017": 2}, "old_citations": {"2009": 35}, "isVisible": false}, "2165613779": {"name": "matteo negri", "type": "author", "activity": 20, "h_index": 21, "h5_index": 10, "mag_id": "2165613779", "num_publications": 1, "num_citations": 4, "num_publications_5y": 0, "num_citations_5y": 0, "num_publications_10y": 0, "num_citations_10y": 2, "publications_years": {"2007": 1}, "citations_years": {"2007": 1, "2008": 1, "2009": 1, "2010": 0, "2011": 0, "2012": 0, "2013": 1}, "old_citations": {"2007": 4}, "isVisible": false}, "2166449156": {"name": "dan cristea", "type": "author", "activity": 22, "h_index": 11, "h5_index": 1, "mag_id": "2166449156", "num_publications": 1, "num_citations": 2, "num_publications_5y": 0, "num_citations_5y": 1, "num_publications_10y": 1, "num_citations_10y": 2, "publications_years": {"2009": 1}, "citations_years": {"2011": 1, "2012": 0, "2013": 0, "2014": 1}, "old_citations": {"2009": 2}, "isVisible": false}, "2166617279": {"name": "jorg mayer", "type": "author", "activity": 9, "h_index": 4, "h5_index": 0, "mag_id": "2166617279", "num_publications": 1, "num_citations": 5, "num_publications_5y": 0, "num_citations_5y": 3, "num_publications_10y": 0, "num_citations_10y": 5, "publications_years": {"2007": 1}, "citations_years": {"2011": 1, "2012": 1, "2013": 0, "2014": 2, "2015": 1}, "old_citations": {"2007": 5}, "isVisible": false}, "2166786202": {"name": "jeanyves antoine", "type": "author", "activity": 27, "h_index": 9, "h5_index": 1, "mag_id": "2166786202", "num_publications": 1, "num_citations": 2, "num_publications_5y": 0, "num_citations_5y": 2, "num_publications_10y": 1, "num_citations_10y": 2, "publications_years": {"2011": 1}, "citations_years": {"2014": 2}, "old_citations": {"2011": 2}, "isVisible": false}, "2170955355": {"name": "tine breban", "type": "author", "activity": 9, "h_index": 1, "h5_index": 0, "mag_id": "2170955355", "num_publications": 1, "num_citations": 1, "num_publications_5y": 0, "num_citations_5y": 0, "num_publications_10y": 0, "num_citations_10y": 1, "publications_years": {"2004": 1}, "citations_years": {"2011": 1}, "old_citations": {"2004": 1}, "isVisible": false}, "2183828998": {"name": "laurent romary", "type": "author", "activity": 29, "h_index": 23, "h5_index": 3, "mag_id": "2183828998", "num_publications": 1, "num_citations": 0, "num_publications_5y": 0, "num_citations_5y": 0, "num_publications_10y": 0, "num_citations_10y": 0, "publications_years": {"2000": 1}, "citations_years": {}, "old_citations": {"2000": 0}, "isVisible": false}, "2187966903": {"name": "viktor pekar", "type": "author", "activity": 19, "h_index": 13, "h5_index": 1, "mag_id": "2187966903", "num_publications": 1, "num_citations": 20, "num_publications_5y": 0, "num_citations_5y": 6, "num_publications_10y": 0, "num_citations_10y": 15, "publications_years": {"2007": 1}, "citations_years": {"2007": 2, "2008": 2, "2009": 0, "2010": 0, "2011": 5, "2012": 2, "2013": 2, "2014": 4, "2015": 0, "2016": 1, "2017": 1, "2018": 0, "2019": 1}, "old_citations": {"2007": 20}, "isVisible": false}, "2191916681": {"name": "david chenghuan li", "type": "author", "activity": 2, "h_index": 2, "h5_index": 0, "mag_id": "2191916681", "num_publications": 1, "num_citations": 11, "num_publications_5y": 0, "num_citations_5y": 7, "num_publications_10y": 1, "num_citations_10y": 10, "publications_years": {"2011": 1}, "citations_years": {"2013": 3, "2014": 3, "2015": 0, "2016": 2, "2017": 2, "2018": 0, "2019": 1}, "old_citations": {"2011": 11}, "isVisible": false}, "2208150204": {"name": "ariel cohen", "type": "author", "activity": 18, "h_index": 4, "h5_index": 0, "mag_id": "2208150204", "num_publications": 1, "num_citations": 3, "num_publications_5y": 0, "num_citations_5y": 0, "num_publications_10y": 0, "num_citations_10y": 2, "publications_years": {"2007": 1}, "citations_years": {"2008": 1, "2009": 0, "2010": 1, "2011": 0, "2012": 0, "2013": 1}, "old_citations": {"2007": 3}, "isVisible": false}, "2227946515": {"name": "shana watters", "type": "author", "activity": 6, "h_index": 2, "h5_index": 0, "mag_id": "2227946515", "num_publications": 1, "num_citations": 2, "num_publications_5y": 0, "num_citations_5y": 0, "num_publications_10y": 0, "num_citations_10y": 1, "publications_years": {"2007": 1}, "citations_years": {"2007": 1, "2008": 0, "2009": 1}, "old_citations": {"2007": 2}, "isVisible": false}, "2234963844": {"name": "walter daelemans", "type": "author", "activity": 31, "h_index": 43, "h5_index": 9, "mag_id": "2234963844", "num_publications": 1, "num_citations": 7, "num_publications_5y": 0, "num_citations_5y": 2, "num_publications_10y": 0, "num_citations_10y": 5, "publications_years": {"2007": 1}, "citations_years": {"2007": 1, "2008": 1, "2009": 0, "2010": 0, "2011": 1, "2012": 1, "2013": 1, "2014": 1, "2015": 0, "2016": 1}, "old_citations": {"2007": 7}, "isVisible": false}, "2237792608": {"name": "edward holsinger", "type": "author", "activity": 2, "h_index": 2, "h5_index": 0, "mag_id": "2237792608", "num_publications": 1, "num_citations": 11, "num_publications_5y": 0, "num_citations_5y": 7, "num_publications_10y": 1, "num_citations_10y": 10, "publications_years": {"2011": 1}, "citations_years": {"2013": 3, "2014": 3, "2015": 0, "2016": 2, "2017": 2, "2018": 0, "2019": 1}, "old_citations": {"2011": 11}, "isVisible": false}, "2250947856": {"name": "emmanuel schang", "type": "author", "activity": 13, "h_index": 2, "h5_index": 1, "mag_id": "2250947856", "num_publications": 1, "num_citations": 2, "num_publications_5y": 0, "num_citations_5y": 2, "num_publications_10y": 1, "num_citations_10y": 2, "publications_years": {"2011": 1}, "citations_years": {"2014": 2}, "old_citations": {"2011": 2}, "isVisible": false}, "2251736247": {"name": "jose g c de souza", "type": "author", "activity": 11, "h_index": 10, "h5_index": 3, "mag_id": "2251736247", "num_publications": 1, "num_citations": 11, "num_publications_5y": 0, "num_citations_5y": 8, "num_publications_10y": 1, "num_citations_10y": 11, "publications_years": {"2011": 1}, "citations_years": {"2012": 1, "2013": 2, "2014": 3, "2015": 3, "2016": 1, "2017": 1}, "old_citations": {"2011": 11}, "isVisible": false}, "2281732273": {"name": "christine rieger", "type": "author", "activity": 1, "h_index": 1, "h5_index": 0, "mag_id": "2281732273", "num_publications": 1, "num_citations": 4, "num_publications_5y": 0, "num_citations_5y": 3, "num_publications_10y": 1, "num_citations_10y": 4, "publications_years": {"2011": 1}, "citations_years": {"2012": 1, "2013": 0, "2014": 0, "2015": 0, "2016": 2, "2017": 0, "2018": 1}, "old_citations": {"2011": 4}, "isVisible": false}, "2292569446": {"name": "asif ekbal", "type": "author", "activity": 15, "h_index": 23, "h5_index": 10, "mag_id": "2292569446", "num_publications": 1, "num_citations": 6, "num_publications_5y": 0, "num_citations_5y": 4, "num_publications_10y": 1, "num_citations_10y": 6, "publications_years": {"2011": 1}, "citations_years": {"2013": 2, "2014": 1, "2015": 3}, "old_citations": {"2011": 6}, "isVisible": false}, "2304376662": {"name": "alexis dimitriadis", "type": "author", "activity": 26, "h_index": 6, "h5_index": 0, "mag_id": "2304376662", "num_publications": 1, "num_citations": 6, "num_publications_5y": 0, "num_citations_5y": 4, "num_publications_10y": 1, "num_citations_10y": 6, "publications_years": {"2009": 1}, "citations_years": {"2013": 2, "2014": 3, "2015": 0, "2016": 0, "2017": 1}, "old_citations": {"2009": 6}, "isVisible": false}, "2304424151": {"name": "milen kouylekov", "type": "author", "activity": 13, "h_index": 12, "h5_index": 0, "mag_id": "2304424151", "num_publications": 1, "num_citations": 4, "num_publications_5y": 0, "num_citations_5y": 0, "num_publications_10y": 0, "num_citations_10y": 2, "publications_years": {"2007": 1}, "citations_years": {"2007": 1, "2008": 1, "2009": 1, "2010": 0, "2011": 0, "2012": 0, "2013": 1}, "old_citations": {"2007": 4}, "isVisible": false}, "2310179804": {"name": "philip miller", "type": "author", "activity": 29, "h_index": 5, "h5_index": 0, "mag_id": "2310179804", "num_publications": 1, "num_citations": 10, "num_publications_5y": 0, "num_citations_5y": 5, "num_publications_10y": 1, "num_citations_10y": 7, "publications_years": {"2011": 1}, "citations_years": {"2011": 1, "2012": 0, "2013": 1, "2014": 1, "2015": 0, "2016": 2, "2017": 0, "2018": 2, "2019": 3}, "old_citations": {"2011": 10}, "isVisible": false}, "2342883728": {"name": "emil ionescu", "type": "author", "activity": 1, "h_index": 0, "h5_index": 0, "mag_id": "2342883728", "num_publications": 1, "num_citations": 0, "num_publications_5y": 0, "num_citations_5y": 0, "num_publications_10y": 1, "num_citations_10y": 0, "publications_years": {"2011": 1}, "citations_years": {}, "old_citations": {"2011": 0}, "isVisible": false}, "2498212809": {"name": "silvia martinezferreriro", "type": "author", "activity": 1, "h_index": 1, "h5_index": 0, "mag_id": "2498212809", "num_publications": 1, "num_citations": 9, "num_publications_5y": 0, "num_citations_5y": 5, "num_publications_10y": 1, "num_citations_10y": 5, "publications_years": {"2011": 1}, "citations_years": {"2015": 2, "2016": 0, "2017": 3, "2018": 0, "2019": 3, "2020": 1}, "old_citations": {"2011": 9}, "isVisible": false}, "2511785162": {"name": "lisa irmen", "type": "author", "activity": 1, "h_index": 1, "h5_index": 0, "mag_id": "2511785162", "num_publications": 1, "num_citations": 4, "num_publications_5y": 0, "num_citations_5y": 2, "num_publications_10y": 0, "num_citations_10y": 4, "publications_years": {"2007": 1}, "citations_years": {"2010": 1, "2011": 1, "2012": 0, "2013": 0, "2014": 1, "2015": 0, "2016": 0, "2017": 1}, "old_citations": {"2007": 4}, "isVisible": false}, "2550328455": {"name": "miriam ellert", "type": "author", "activity": 1, "h_index": 0, "h5_index": 0, "mag_id": "2550328455", "num_publications": 1, "num_citations": 0, "num_publications_5y": 0, "num_citations_5y": 0, "num_publications_10y": 1, "num_citations_10y": 0, "publications_years": {"2011": 1}, "citations_years": {}, "old_citations": {"2011": 0}, "isVisible": false}, "2552398993": {"name": "linlin sun", "type": "author", "activity": 1, "h_index": 1, "h5_index": 0, "mag_id": "2552398993", "num_publications": 1, "num_citations": 3, "num_publications_5y": 0, "num_citations_5y": 2, "num_publications_10y": 1, "num_citations_10y": 3, "publications_years": {"2011": 1}, "citations_years": {"2013": 1, "2014": 0, "2015": 1, "2016": 1}, "old_citations": {"2011": 3}, "isVisible": false}, "2569754572": {"name": "philippe de brabanter", "type": "author", "activity": 22, "h_index": 2, "h5_index": 0, "mag_id": "2569754572", "num_publications": 1, "num_citations": 1, "num_publications_5y": 0, "num_citations_5y": 0, "num_publications_10y": 0, "num_citations_10y": 1, "publications_years": {"2004": 1}, "citations_years": {"2010": 1}, "old_citations": {"2004": 1}, "isVisible": false}, "2570485685": {"name": "ulrike kolsch", "type": "author", "activity": 2, "h_index": 2, "h5_index": 0, "mag_id": "2570485685", "num_publications": 1, "num_citations": 5, "num_publications_5y": 0, "num_citations_5y": 3, "num_publications_10y": 0, "num_citations_10y": 5, "publications_years": {"2007": 1}, "citations_years": {"2011": 1, "2012": 1, "2013": 0, "2014": 2, "2015": 1}, "old_citations": {"2007": 5}, "isVisible": false}, "2587667305": {"name": "richard j evans", "type": "author", "activity": 20, "h_index": 11, "h5_index": 1, "mag_id": "2587667305", "num_publications": 1, "num_citations": 20, "num_publications_5y": 0, "num_citations_5y": 6, "num_publications_10y": 0, "num_citations_10y": 15, "publications_years": {"2007": 1}, "citations_years": {"2007": 2, "2008": 2, "2009": 0, "2010": 0, "2011": 5, "2012": 2, "2013": 2, "2014": 4, "2015": 0, "2016": 1, "2017": 1, "2018": 0, "2019": 1}, "old_citations": {"2007": 20}, "isVisible": false}, "2639502075": {"name": "sankar kuppan", "type": "author", "activity": 1, "h_index": 1, "h5_index": 0, "mag_id": "2639502075", "num_publications": 1, "num_citations": 0, "num_publications_5y": 0, "num_citations_5y": 0, "num_publications_10y": 1, "num_citations_10y": 0, "publications_years": {"2009": 1}, "citations_years": {}, "old_citations": {"2009": 0}, "isVisible": false}, "2661988591": {"name": "sara sanchezalonso", "type": "author", "activity": 1, "h_index": 1, "h5_index": 0, "mag_id": "2661988591", "num_publications": 1, "num_citations": 9, "num_publications_5y": 0, "num_citations_5y": 5, "num_publications_10y": 1, "num_citations_10y": 5, "publications_years": {"2011": 1}, "citations_years": {"2015": 2, "2016": 0, "2017": 3, "2018": 0, "2019": 3, "2020": 1}, "old_citations": {"2011": 9}, "isVisible": false}, "2680536348": {"name": "emanuel dima", "type": "author", "activity": 4, "h_index": 2, "h5_index": 0, "mag_id": "2680536348", "num_publications": 1, "num_citations": 2, "num_publications_5y": 0, "num_citations_5y": 1, "num_publications_10y": 1, "num_citations_10y": 2, "publications_years": {"2009": 1}, "citations_years": {"2011": 1, "2012": 0, "2013": 0, "2014": 1}, "old_citations": {"2009": 2}, "isVisible": false}, "2706558838": {"name": "gordana ilic holen", "type": "author", "activity": 7, "h_index": 2, "h5_index": 0, "mag_id": "2706558838", "num_publications": 1, "num_citations": 7, "num_publications_5y": 0, "num_citations_5y": 2, "num_publications_10y": 0, "num_citations_10y": 7, "publications_years": {"2007": 1}, "citations_years": {"2009": 1, "2010": 1, "2011": 1, "2012": 2, "2013": 0, "2014": 1, "2015": 1}, "old_citations": {"2007": 7}, "isVisible": false}, "2988624743": {"name": "sofiana iulia chiriacescu", "type": "author", "activity": 1, "h_index": 1, "h5_index": 0, "mag_id": "2988624743", "num_publications": 1, "num_citations": 2, "num_publications_5y": 0, "num_citations_5y": 1, "num_publications_10y": 1, "num_citations_10y": 1, "publications_years": {"2011": 1}, "citations_years": {"2015": 1, "2016": 0, "2017": 0, "2018": 0, "2019": 1}, "old_citations": {"2011": 2}, "isVisible": false}, "3008928412": {"name": "boyer aurore", "type": "author", "activity": 1, "h_index": 1, "h5_index": 0, "mag_id": "3008928412", "num_publications": 1, "num_citations": 2, "num_publications_5y": 0, "num_citations_5y": 2, "num_publications_10y": 1, "num_citations_10y": 2, "publications_years": {"2011": 1}, "citations_years": {"2014": 2}, "old_citations": {"2011": 2}, "isVisible": false}}, "countries": {"Germany": {"name": "Germany", "type": "country", "h5_index": 139, "num_publications": 9, "num_citations": 52, "num_publications_5y": 0, "num_citations_5y": 25, "num_publications_10y": 6, "num_citations_10y": 41, "publications_years": {"2009": 1, "2007": 3, "2011": 5}, "citations_years": {"2011": 6, "2012": 5, "2013": 4, "2014": 9, "2015": 5, "2016": 6, "2017": 3, "2018": 2, "2019": 9, "2020": 2, "2010": 1}, "old_citations": {"2009": 29, "2007": 12, "2011": 11}, "isVisible": false}, "United States": {"name": "United States", "type": "country", "h5_index": 308, "num_publications": 6, "num_citations": 59, "num_publications_5y": 0, "num_citations_5y": 36, "num_publications_10y": 5, "num_citations_10y": 50, "publications_years": {"2007": 1, "2009": 2, "2011": 3}, "citations_years": {"2007": 1, "2008": 0, "2009": 1, "2011": 1, "2012": 6, "2013": 6, "2014": 6, "2015": 9, "2016": 11, "2017": 9, "2018": 1, "2019": 7, "2020": 1}, "old_citations": {"2007": 2, "2009": 10, "2011": 47}, "isVisible": false}, "Belgium": {"name": "Belgium", "type": "country", "h5_index": 72, "num_publications": 3, "num_citations": 20, "num_publications_5y": 0, "num_citations_5y": 9, "num_publications_10y": 2, "num_citations_10y": 17, "publications_years": {"2007": 1, "2009": 1, "2011": 1}, "citations_years": {"2007": 1, "2008": 1, "2009": 0, "2010": 1, "2011": 2, "2012": 2, "2013": 3, "2014": 3, "2015": 2, "2016": 4, "2017": 0, "2018": 0, "2019": 1}, "old_citations": {"2007": 7, "2009": 7, "2011": 6}, "isVisible": false}, "France": {"name": "France", "type": "country", "h5_index": 99, "num_publications": 3, "num_citations": 16, "num_publications_5y": 0, "num_citations_5y": 7, "num_publications_10y": 3, "num_citations_10y": 12, "publications_years": {"2011": 3}, "citations_years": {"2011": 1, "2012": 1, "2013": 3, "2014": 2, "2015": 0, "2016": 2, "2017": 0, "2018": 3, "2019": 3, "2020": 1}, "old_citations": {"2011": 16}, "isVisible": false}, "Netherlands": {"name": "Netherlands", "type": "country", "h5_index": 91, "num_publications": 3, "num_citations": 23, "num_publications_5y": 0, "num_citations_5y": 10, "num_publications_10y": 2, "num_citations_10y": 18, "publications_years": {"2009": 1, "2011": 1, "2007": 1}, "citations_years": {"2013": 4, "2014": 4, "2015": 2, "2016": 0, "2017": 4, "2018": 0, "2019": 3, "2020": 1, "2007": 1, "2008": 0, "2009": 3, "2010": 0, "2011": 0, "2012": 1}, "old_citations": {"2009": 6, "2011": 9, "2007": 8}, "isVisible": false}, "Portugal": {"name": "Portugal", "type": "country", "h5_index": 44, "num_publications": 3, "num_citations": 9, "num_publications_5y": 0, "num_citations_5y": 4, "num_publications_10y": 2, "num_citations_10y": 8, "publications_years": {"2009": 1, "2007": 1, "2011": 1}, "citations_years": {"2012": 3, "2013": 1, "2014": 2, "2015": 1, "2016": 1, "2017": 0, "2018": 0, "2019": 1}, "old_citations": {"2009": 1, "2007": 2, "2011": 6}, "isVisible": false}, "United Kingdom": {"name": "United Kingdom", "type": "country", "h5_index": 172, "num_publications": 3, "num_citations": 37, "num_publications_5y": 0, "num_citations_5y": 18, "num_publications_10y": 2, "num_citations_10y": 32, "publications_years": {"2011": 2, "2007": 1}, "citations_years": {"2013": 6, "2014": 8, "2015": 6, "2007": 2, "2008": 2, "2009": 0, "2010": 0, "2011": 5, "2012": 3, "2016": 2, "2017": 2, "2018": 0, "2019": 1}, "old_citations": {"2011": 17, "2007": 20}, "isVisible": false}, "India": {"name": "India", "type": "country", "h5_index": 78, "num_publications": 2, "num_citations": 6, "num_publications_5y": 0, "num_citations_5y": 4, "num_publications_10y": 2, "num_citations_10y": 6, "publications_years": {"2009": 1, "2011": 1}, "citations_years": {"2013": 2, "2014": 1, "2015": 3}, "old_citations": {"2009": 0, "2011": 6}, "isVisible": false}, "Japan": {"name": "Japan", "type": "country", "h5_index": 94, "num_publications": 2, "num_citations": 6, "num_publications_5y": 0, "num_citations_5y": 0, "num_publications_10y": 0, "num_citations_10y": 4, "publications_years": {"2007": 2}, "citations_years": {"2008": 2, "2009": 0, "2010": 0, "2011": 1, "2012": 2, "2013": 1}, "old_citations": {"2007": 6}, "isVisible": false}, "Romania": {"name": "Romania", "type": "country", "h5_index": 27, "num_publications": 2, "num_citations": 2, "num_publications_5y": 0, "num_citations_5y": 1, "num_publications_10y": 2, "num_citations_10y": 2, "publications_years": {"2009": 1, "2011": 1}, "citations_years": {"2011": 1, "2012": 0, "2013": 0, "2014": 1}, "old_citations": {"2009": 2, "2011": 0}, "isVisible": false}, "Czechia": {"name": "Czechia", "type": "country", "h5_index": 43, "num_publications": 1, "num_citations": 2, "num_publications_5y": 0, "num_citations_5y": 1, "num_publications_10y": 1, "num_citations_10y": 2, "publications_years": {"2011": 1}, "citations_years": {"2012": 1, "2013": 0, "2014": 1}, "old_citations": {"2011": 2}, "isVisible": false}, "Denmark": {"name": "Denmark", "type": "country", "h5_index": 65, "num_publications": 1, "num_citations": 2, "num_publications_5y": 0, "num_citations_5y": 0, "num_publications_10y": 1, "num_citations_10y": 2, "publications_years": {"2009": 1}, "citations_years": {"2012": 1, "2013": 1}, "old_citations": {"2009": 2}, "isVisible": false}, "Israel": {"name": "Israel", "type": "country", "h5_index": 110, "num_publications": 1, "num_citations": 3, "num_publications_5y": 0, "num_citations_5y": 0, "num_publications_10y": 0, "num_citations_10y": 2, "publications_years": {"2007": 1}, "citations_years": {"2008": 1, "2009": 0, "2010": 1, "2011": 0, "2012": 0, "2013": 1}, "old_citations": {"2007": 3}, "isVisible": false}, "Italy": {"name": "Italy", "type": "country", "h5_index": 94, "num_publications": 1, "num_citations": 6, "num_publications_5y": 0, "num_citations_5y": 4, "num_publications_10y": 1, "num_citations_10y": 6, "publications_years": {"2011": 1}, "citations_years": {"2013": 2, "2014": 1, "2015": 3}, "old_citations": {"2011": 6}, "isVisible": false}, "Norway": {"name": "Norway", "type": "country", "h5_index": 56, "num_publications": 1, "num_citations": 7, "num_publications_5y": 0, "num_citations_5y": 2, "num_publications_10y": 0, "num_citations_10y": 7, "publications_years": {"2007": 1}, "citations_years": {"2009": 1, "2010": 1, "2011": 1, "2012": 2, "2013": 0, "2014": 1, "2015": 1}, "old_citations": {"2007": 7}, "isVisible": false}, "Spain": {"name": "Spain", "type": "country", "h5_index": 91, "num_publications": 1, "num_citations": 35, "num_publications_5y": 0, "num_citations_5y": 17, "num_publications_10y": 1, "num_citations_10y": 35, "publications_years": {"2009": 1}, "citations_years": {"2010": 2, "2011": 7, "2012": 3, "2013": 6, "2014": 5, "2015": 5, "2016": 5, "2017": 2}, "old_citations": {"2009": 35}, "isVisible": false}}}, "conference_comparison": {"computer science": {}}, "topics_dna": {"publications": {}, "citations": {"normalized": {}, "average": {}}}, "info": {"num_publications": 46, "num_citations": 292.0, "impact_factor": {"2002": 0.0, "2003": 0.0, "2004": 0.5, "2005": 0.0, "2006": 0.0, "2007": 0, "2008": 0.5384615384615384, "2009": 0.46153846153846156, "2010": 0.4, "2011": 1.6}, "publications_years": {"2011": 18, "2007": 13, "2009": 10, "2002": 2, "2004": 2, "2000": 1}, "citations_years": {"2002": 1, "2003": 0, "2004": 1, "2005": 0, "2006": 2, "2007": 6, "2008": 7, "2009": 7, "2010": 8, "2011": 28, "2012": 30, "2013": 38, "2014": 49, "2015": 31, "2016": 31, "2017": 20, "2018": 8, "2019": 21, "2020": 4}, "old_citations": {"2011": 104, "2007": 71, "2009": 105, "2002": 10, "2004": 2, "2000": 0}, "h5_index": 0}, "percentile": {"computer science": {"2011": 76, "2007": 73, "2009": 84, "2002": 83, "2004": 72, "2000": 21}}, "conference_ranking": {"computer science": {"2011": 1007, "2007": 1111, "2009": 642, "2002": 711, "2004": 1161, "2000": 3336}}, "academia": {"num_publications": 33, "num_citations": 244, "publications_years": {"2007": 11, "2008": 0, "2009": 8, "2010": 0, "2011": 14}, "old_citations": {"2007": 62, "2008": 0, "2009": 89, "2010": 0, "2011": 93}, "num_publications_5y": 0, "num_citations_5y": 0, "num_publications_10y": 14, "num_citations_10y": 93}, "industry": {"num_publications": 0, "num_citations": 0, "publications_years": {}, "old_citations": {}, "num_publications_5y": 0, "num_citations_5y": 0, "num_publications_10y": 0, "num_citations_10y": 0}, "collaborative": {"num_publications": 0, "num_citations": 0, "publications_years": {}, "old_citations": {}, "num_publications_5y": 0, "num_citations_5y": 0, "num_publications_10y": 0, "num_citations_10y": 0}, "conferences": {}, "journals": {}, "organizations": {"publication_overall": ["University College Ghent", "University of Lisbon", "French Institute for Research in Computer Science and Automation", "Johannes Gutenberg University of Mainz", "University of Groningen", "University of Southern California", "University of Stuttgart", "University of Wolverhampton", "Yale University", "Anna University, Chennai", "Ben-Gurion University of the Negev", "Charles University", "Goethe University Frankfurt", "Gunma Prefectural Women's University", "Heidelberg University", "Indian Institute of Technology Patna", "Johns Hopkins University", "Kyoto University", "National Institute of Information and Communications Technology", "Paris Diderot University", "Romanian Academy", "Ruhr University Bochum", "University of Antwerp", "University of Barcelona", "University of Bucharest", "University of Coimbra", "University of Copenhagen", "University of Essex", "University of G\u00f6ttingen", "University of Konstanz", "University of Minnesota", "University of Oslo", "University of Potsdam", "University of Tokyo", "University of Trento", "Utrecht University"], "citation_overall": ["University of Barcelona", "Johannes Gutenberg University of Mainz", "University of Wolverhampton", "Johns Hopkins University", "University College Ghent", "University of Southern California", "University of Groningen", "Paris Diderot University", "Yale University", "University of Lisbon", "University of Antwerp", "University of Oslo", "French Institute for Research in Computer Science and Automation", "Indian Institute of Technology Patna", "University of Essex", "University of Trento", "Utrecht University", "Kyoto University", "National Institute of Information and Communications Technology", "University of Potsdam", "University of Tokyo", "Heidelberg University", "Ruhr University Bochum", "University of Konstanz", "University of Stuttgart", "Ben-Gurion University of the Negev", "Goethe University Frankfurt", "Charles University", "Romanian Academy", "University of Copenhagen", "University of Minnesota", "Gunma Prefectural Women's University", "University of Coimbra", "Anna University, Chennai", "University of Bucharest", "University of G\u00f6ttingen"], "publication_10_years": ["French Institute for Research in Computer Science and Automation", "University of Stuttgart", "Charles University", "Indian Institute of Technology Patna", "Johannes Gutenberg University of Mainz", "Johns Hopkins University", "Paris Diderot University", "Ruhr University Bochum", "University College Ghent", "University of Bucharest", "University of Essex", "University of Groningen", "University of G\u00f6ttingen", "University of Konstanz", "University of Lisbon", "University of Southern California", "University of Trento", "University of Wolverhampton", "Yale University"], "citation_10_years": ["Johns Hopkins University", "University of Southern California", "University of Wolverhampton", "Paris Diderot University", "University of Groningen", "Yale University", "French Institute for Research in Computer Science and Automation", "Indian Institute of Technology Patna", "University College Ghent", "University of Essex", "University of Lisbon", "University of Trento", "Ruhr University Bochum", "University of Konstanz", "University of Stuttgart", "Johannes Gutenberg University of Mainz", "Charles University", "University of Bucharest", "University of G\u00f6ttingen"], "publication_5_years": [], "citation_5_years": []}, "countries": {"publication_overall": ["Germany", "United States", "Belgium", "France", "Netherlands", "Portugal", "United Kingdom", "India", "Japan", "Romania", "Czechia", "Denmark", "Israel", "Italy", "Norway", "Spain"], "citation_overall": ["United States", "Germany", "United Kingdom", "Spain", "Netherlands", "Belgium", "France", "Portugal", "Norway", "India", "Italy", "Japan", "Israel", "Czechia", "Denmark", "Romania"], "publication_10_years": ["Germany", "France", "United States", "United Kingdom", "Belgium", "Czechia", "India", "Italy", "Netherlands", "Portugal", "Romania"], "citation_10_years": ["United States", "United Kingdom", "France", "Germany", "Netherlands", "Belgium", "India", "Italy", "Portugal", "Czechia", "Romania"], "publication_5_years": [], "citation_5_years": []}, "topics": {"publication_overall": ["computer science", "artificial intelligence", "computer systems", "linguistics", "semantics", "database systems", "computational linguistics", "natural language processing", "natural languages", "syntactics", "data mining", "information retrieval", "computer imaging and vision", "image analysis", "image processing", "machine learning", "mathematics", "syntactic structure", "image reconstruction", "image resolution"], "citation_overall": ["computer science", "computer systems", "artificial intelligence", "linguistics", "database systems", "semantics", "natural language processing", "natural languages", "computational linguistics", "syntactics", "machine learning", "information retrieval", "data mining", "pattern recognition", "computer imaging and vision", "image analysis", "image processing", "image reconstruction", "information systems", "image resolution"], "publication_10_years": ["computer science", "computer systems", "linguistics", "artificial intelligence", "computational linguistics", "database systems", "semantics", "natural language processing", "natural languages", "mathematics", "syntactics", "correlation analysis", "syntactic structure", "machine learning", "data mining", "engineering", "information retrieval", "pattern recognition", "signal processing", "computer imaging and vision"], "citation_10_years": ["computer science", "computer systems", "artificial intelligence", "linguistics", "computational linguistics", "database systems", "semantics", "natural language processing", "natural languages", "machine learning", "computer security", "engineering", "signal processing", "syntactics", "mathematics", "pattern recognition", "authentication", "cryptography", "cryptology", "security of data"], "publication_5_years": [], "citation_5_years": []}, "main_topics": ["computer science"], "authors": {"publication_overall": ["2227650618", "2316771305", "8718534", "2131249765", "2137750692", "2142321506", "2167930835", "2302873820", "2321042563", "10842348", "37747390", "38184476", "60638862", "75497859", "112209514", "138549710", "228644031", "228997341", "238127602", "240737586", "241509610", "268799882", "271435028", "314690538", "607836863", "659736712", "701679718", "706004297", "1214369432", "1246945047", "1924393375", "1981066054", "1984171096", "1992647511", "2003004388", "2012732855", "2023117810", "2040149204", "2042800127", "2045247288", "2046588481", "2050319882", "2086797513", "2096446949", "2103835983", "2104149857", "2107024830", "2109965379", "2114849492", "2115391164", "2116655181", "2116825888", "2127854019", "2145128172", "2147835144", "2152620701", "2156266616", "2157326546", "2161725626", "2165613779", "2166449156", "2166617279", "2166786202", "2170955355", "2183828998", "2187966903", "2191916681", "2208150204", "2227946515", "2234963844", "2237792608", "2250947856", "2251736247", "2281732273", "2292569446", "2304376662", "2304424151", "2310179804", "2342883728", "2498212809", "2511785162", "2550328455", "2552398993", "2569754572", "2570485685", "2587667305", "2639502075", "2661988591", "2680536348", "2706558838", "2988624743", "3008928412"], "citation_overall": ["2046588481", "2161725626", "2302873820", "8718534", "1924393375", "2042800127", "240737586", "2131249765", "2152620701", "2187966903", "2227650618", "2316771305", "2587667305", "706004297", "2023117810", "2191916681", "2237792608", "2251736247", "2310179804", "1984171096", "2498212809", "2661988591", "37747390", "2040149204", "2145128172", "659736712", "2116825888", "2234963844", "2706558838", "75497859", "314690538", "607836863", "1981066054", "2137750692", "2147835144", "2292569446", "2304376662", "2321042563", "112209514", "1214369432", "2050319882", "2086797513", "2166617279", "2570485685", "268799882", "2127854019", "2142321506", "2157326546", "2165613779", "2281732273", "2304424151", "2511785162", "38184476", "238127602", "1246945047", "2109965379", "2115391164", "2167930835", "2208150204", "2552398993", "10842348", "138549710", "228644031", "241509610", "271435028", "701679718", "2003004388", "2045247288", "2103835983", "2116655181", "2166449156", "2166786202", "2227946515", "2250947856", "2680536348", "2988624743", "3008928412", "2012732855", "2096446949", "2114849492", "2156266616", "2170955355", "2569754572", "60638862", "228997341", "1992647511", "2104149857", "2107024830", "2183828998", "2342883728", "2550328455", "2639502075"], "publication_10_years": ["2137750692", "2321042563", "8718534", "10842348", "75497859", "138549710", "228644031", "241509610", "268799882", "314690538", "607836863", "1246945047", "1924393375", "1984171096", "2042800127", "2045247288", "2103835983", "2109965379", "2115391164", "2116655181", "2127854019", "2131249765", "2142321506", "2147835144", "2157326546", "2166786202", "2191916681", "2227650618", "2237792608", "2250947856", "2251736247", "2281732273", "2292569446", "2302873820", "2310179804", "2316771305", "2342883728", "2498212809", "2550328455", "2552398993", "2661988591", "2988624743", "3008928412"], "citation_10_years": ["1924393375", "2042800127", "8718534", "2131249765", "2191916681", "2237792608", "2251736247", "2310179804", "1984171096", "2498212809", "2661988591", "75497859", "314690538", "607836863", "2137750692", "2147835144", "2227650618", "2292569446", "2316771305", "2321042563", "268799882", "2127854019", "2157326546", "2281732273", "1246945047", "2109965379", "2115391164", "2302873820", "2552398993", "10842348", "138549710", "228644031", "241509610", "2045247288", "2103835983", "2116655181", "2166786202", "2250947856", "2988624743", "3008928412", "2142321506", "2342883728", "2550328455"], "publication_5_years": [], "citation_5_years": []}, "industrial_sectors": {"publication_overall": [], "citation_overall": [], "publication_10_years": [], "citation_10_years": [], "publication_5_years": [], "citation_5_years": []}}