{"name": "Language Descriptions, Tools and Applications", "acronym": "LDTA", "type": "conference", "uniqueEntities": {"organizations": {"Utrecht University": {"name": "Utrecht University", "type": "organization", "organization_type": "Education", "h_index": 124, "h5_index": 37, "num_publications": 4, "num_citations": 14, "num_publications_5y": 0, "num_citations_5y": 9, "num_publications_10y": 4, "num_citations_10y": 14, "publications_years": {"2012": 2, "2011": 1, "2010": 1}, "citations_years": {"2013": 2, "2014": 4, "2015": 3, "2016": 0, "2017": 2, "2012": 1, "2010": 1, "2011": 1}, "old_citations": {"2012": 11, "2011": 1, "2010": 2}, "isVisible": false}, "Lund University": {"name": "Lund University", "type": "organization", "organization_type": "Education", "h_index": 119, "h5_index": 32, "num_publications": 3, "num_citations": 165, "num_publications_5y": 0, "num_citations_5y": 32, "num_publications_10y": 1, "num_citations_10y": 105, "publications_years": {"2011": 1, "2003": 2}, "citations_years": {"2012": 15, "2013": 14, "2014": 7, "2015": 12, "2016": 3, "2017": 6, "2018": 4, "2019": 2, "2020": 3, "2003": 1, "2004": 6, "2005": 4, "2006": 8, "2007": 22, "2008": 14, "2009": 17, "2010": 21, "2011": 6}, "old_citations": {"2011": 10, "2003": 155}, "isVisible": false}, "Aarhus University": {"name": "Aarhus University", "type": "organization", "organization_type": "Education", "h_index": 128, "h5_index": 31, "num_publications": 2, "num_citations": 53, "num_publications_5y": 0, "num_citations_5y": 5, "num_publications_10y": 1, "num_citations_10y": 19, "publications_years": {"2003": 1, "2012": 1}, "citations_years": {"2002": 1, "2003": 3, "2004": 11, "2005": 6, "2006": 6, "2007": 3, "2008": 3, "2009": 7, "2010": 4, "2011": 1, "2012": 0, "2013": 2, "2014": 2, "2015": 1, "2016": 0, "2017": 1, "2018": 1, "2019": 1}, "old_citations": {"2003": 53, "2012": 0}, "isVisible": false}, "Delft University of Technology": {"name": "Delft University of Technology", "type": "organization", "organization_type": "Education", "h_index": 160, "h5_index": 46, "num_publications": 2, "num_citations": 23, "num_publications_5y": 0, "num_citations_5y": 17, "num_publications_10y": 2, "num_citations_10y": 22, "publications_years": {"2012": 2}, "citations_years": {"2013": 5, "2014": 7, "2015": 3, "2016": 2, "2017": 3, "2018": 2, "2019": 1}, "old_citations": {"2012": 23}, "isVisible": false}, "Eindhoven University of Technology": {"name": "Eindhoven University of Technology", "type": "organization", "organization_type": "Education", "h_index": 159, "h5_index": 40, "num_publications": 2, "num_citations": 6, "num_publications_5y": 0, "num_citations_5y": 3, "num_publications_10y": 2, "num_citations_10y": 6, "publications_years": {"2010": 1, "2011": 1}, "citations_years": {"2012": 3, "2013": 0, "2014": 2, "2015": 1}, "old_citations": {"2010": 3, "2011": 3}, "isVisible": false}, "Radboud University Nijmegen": {"name": "Radboud University Nijmegen", "type": "organization", "organization_type": "Education", "h_index": 104, "h5_index": 36, "num_publications": 2, "num_citations": 11, "num_publications_5y": 0, "num_citations_5y": 3, "num_publications_10y": 2, "num_citations_10y": 10, "publications_years": {"2010": 1, "2011": 1}, "citations_years": {"2011": 3, "2012": 2, "2013": 2, "2014": 1, "2015": 0, "2016": 1, "2017": 0, "2018": 1, "2019": 1}, "old_citations": {"2010": 9, "2011": 2}, "isVisible": false}, "Royal Holloway University of London": {"name": "Royal Holloway University of London", "type": "organization", "organization_type": "Education", "h_index": 76, "h5_index": 22, "num_publications": 2, "num_citations": 14, "num_publications_5y": 0, "num_citations_5y": 9, "num_publications_10y": 2, "num_citations_10y": 13, "publications_years": {"2010": 1, "2011": 1}, "citations_years": {"2010": 1, "2011": 2, "2012": 1, "2013": 0, "2014": 2, "2015": 4, "2016": 3, "2017": 0, "2018": 0, "2019": 1}, "old_citations": {"2010": 11, "2011": 3}, "isVisible": false}, "University of Southampton": {"name": "University of Southampton", "type": "organization", "organization_type": "Education", "h_index": 148, "h5_index": 38, "num_publications": 2, "num_citations": 2, "num_publications_5y": 0, "num_citations_5y": 2, "num_publications_10y": 2, "num_citations_10y": 2, "publications_years": {"2011": 2}, "citations_years": {"2018": 1, "2014": 1}, "old_citations": {"2011": 2}, "isVisible": false}, "Bielefeld University": {"name": "Bielefeld University", "type": "organization", "organization_type": "Education", "h_index": 68, "h5_index": 19, "num_publications": 1, "num_citations": 10, "num_publications_5y": 0, "num_citations_5y": 7, "num_publications_10y": 1, "num_citations_10y": 10, "publications_years": {"2011": 1}, "citations_years": {"2011": 2, "2012": 1, "2013": 0, "2014": 4, "2015": 0, "2016": 1, "2017": 2}, "old_citations": {"2011": 10}, "isVisible": false}, "Ca Foscari University of Venice": {"name": "Ca Foscari University of Venice", "type": "organization", "organization_type": "Education", "h_index": 50, "h5_index": 19, "num_publications": 1, "num_citations": 4, "num_publications_5y": 0, "num_citations_5y": 1, "num_publications_10y": 1, "num_citations_10y": 4, "publications_years": {"2010": 1}, "citations_years": {"2011": 1, "2012": 1, "2013": 1, "2014": 0, "2015": 0, "2016": 0, "2017": 0, "2018": 1}, "old_citations": {"2010": 4}, "isVisible": false}, "French National Centre for Scientific Research": {"name": "French National Centre for Scientific Research", "type": "organization", "organization_type": "Government", "h_index": 177, "h5_index": 44, "num_publications": 1, "num_citations": 0, "num_publications_5y": 0, "num_citations_5y": 0, "num_publications_10y": 1, "num_citations_10y": 0, "publications_years": {"2010": 1}, "citations_years": {}, "old_citations": {"2010": 0}, "isVisible": false}, "Hamburg University of Technology": {"name": "Hamburg University of Technology", "type": "organization", "organization_type": "Education", "h_index": 37, "h5_index": 13, "num_publications": 1, "num_citations": 3, "num_publications_5y": 0, "num_citations_5y": 1, "num_publications_10y": 1, "num_citations_10y": 2, "publications_years": {"2012": 1}, "citations_years": {"2012": 1, "2013": 0, "2014": 0, "2015": 1, "2016": 0, "2017": 0, "2018": 0, "2019": 1}, "old_citations": {"2012": 3}, "isVisible": false}, "Hanyang University": {"name": "Hanyang University", "type": "organization", "organization_type": "Education", "h_index": 67, "h5_index": 24, "num_publications": 1, "num_citations": 53, "num_publications_5y": 0, "num_citations_5y": 5, "num_publications_10y": 0, "num_citations_10y": 19, "publications_years": {"2003": 1}, "citations_years": {"2002": 1, "2003": 3, "2004": 11, "2005": 6, "2006": 6, "2007": 3, "2008": 3, "2009": 7, "2010": 4, "2011": 1, "2012": 0, "2013": 2, "2014": 2, "2015": 1, "2016": 0, "2017": 1, "2018": 1, "2019": 1}, "old_citations": {"2003": 53}, "isVisible": false}, "KU Leuven": {"name": "KU Leuven", "type": "organization", "organization_type": "Education", "h_index": 183, "h5_index": 52, "num_publications": 1, "num_citations": 3, "num_publications_5y": 0, "num_citations_5y": 0, "num_publications_10y": 1, "num_citations_10y": 3, "publications_years": {"2011": 1}, "citations_years": {"2012": 1, "2013": 2}, "old_citations": {"2011": 3}, "isVisible": false}, "Northeastern University": {"name": "Northeastern University", "type": "organization", "organization_type": "Education", "h_index": 144, "h5_index": 59, "num_publications": 1, "num_citations": 5, "num_publications_5y": 0, "num_citations_5y": 2, "num_publications_10y": 1, "num_citations_10y": 4, "publications_years": {"2011": 1}, "citations_years": {"2012": 1, "2013": 1, "2014": 2, "2015": 0, "2016": 0, "2017": 0, "2018": 0, "2019": 1}, "old_citations": {"2011": 5}, "isVisible": false}, "Philipp University of Marburg": {"name": "Philipp University of Marburg", "type": "organization", "organization_type": "Education", "h_index": 55, "h5_index": 11, "num_publications": 1, "num_citations": 71, "num_publications_5y": 0, "num_citations_5y": 47, "num_publications_10y": 1, "num_citations_10y": 64, "publications_years": {"2012": 1}, "citations_years": {"2012": 7, "2013": 10, "2014": 6, "2015": 11, "2016": 12, "2017": 9, "2018": 9, "2019": 6, "2020": 1}, "old_citations": {"2012": 71}, "isVisible": false}, "Potsdam Institute for Climate Impact Research": {"name": "Potsdam Institute for Climate Impact Research", "type": "organization", "organization_type": "Facility", "h_index": 39, "h5_index": 20, "num_publications": 1, "num_citations": 3, "num_publications_5y": 0, "num_citations_5y": 1, "num_publications_10y": 1, "num_citations_10y": 2, "publications_years": {"2012": 1}, "citations_years": {"2012": 1, "2013": 0, "2014": 0, "2015": 1, "2016": 0, "2017": 0, "2018": 0, "2019": 1}, "old_citations": {"2012": 3}, "isVisible": false}, "University of Antwerp": {"name": "University of Antwerp", "type": "organization", "organization_type": "Education", "h_index": 83, "h5_index": 24, "num_publications": 1, "num_citations": 53, "num_publications_5y": 0, "num_citations_5y": 10, "num_publications_10y": 0, "num_citations_10y": 24, "publications_years": {"2003": 1}, "citations_years": {"2003": 4, "2004": 4, "2005": 3, "2006": 3, "2007": 7, "2008": 6, "2009": 6, "2010": 2, "2011": 2, "2012": 3, "2013": 1, "2014": 1, "2015": 4, "2016": 1, "2017": 1, "2018": 3, "2019": 2}, "old_citations": {"2003": 53}, "isVisible": false}, "University of Bergen": {"name": "University of Bergen", "type": "organization", "organization_type": "Education", "h_index": 71, "h5_index": 21, "num_publications": 1, "num_citations": 0, "num_publications_5y": 0, "num_citations_5y": 0, "num_publications_10y": 1, "num_citations_10y": 0, "publications_years": {"2010": 1}, "citations_years": {}, "old_citations": {"2010": 0}, "isVisible": false}, "University of Bonn": {"name": "University of Bonn", "type": "organization", "organization_type": "Education", "h_index": 111, "h5_index": 38, "num_publications": 1, "num_citations": 0, "num_publications_5y": 0, "num_citations_5y": 0, "num_publications_10y": 1, "num_citations_10y": 0, "publications_years": {"2012": 1}, "citations_years": {}, "old_citations": {"2012": 0}, "isVisible": false}, "University of Copenhagen": {"name": "University of Copenhagen", "type": "organization", "organization_type": "Education", "h_index": 113, "h5_index": 35, "num_publications": 1, "num_citations": 1, "num_publications_5y": 0, "num_citations_5y": 0, "num_publications_10y": 1, "num_citations_10y": 1, "publications_years": {"2010": 1}, "citations_years": {"2011": 1}, "old_citations": {"2010": 1}, "isVisible": false}, "University of Franche-Comt\u00e9": {"name": "University of Franche-Comt\u00e9", "type": "organization", "organization_type": "Education", "h_index": 37, "h5_index": 9, "num_publications": 1, "num_citations": 3, "num_publications_5y": 0, "num_citations_5y": 0, "num_publications_10y": 1, "num_citations_10y": 3, "publications_years": {"2010": 1}, "citations_years": {"2010": 2, "2011": 0, "2012": 1}, "old_citations": {"2010": 3}, "isVisible": false}, "University of Koblenz and Landau": {"name": "University of Koblenz and Landau", "type": "organization", "organization_type": "Education", "h_index": 57, "h5_index": 16, "num_publications": 1, "num_citations": 3, "num_publications_5y": 0, "num_citations_5y": 2, "num_publications_10y": 1, "num_citations_10y": 3, "publications_years": {"2011": 1}, "citations_years": {"2012": 1, "2013": 0, "2014": 1, "2015": 0, "2016": 1}, "old_citations": {"2011": 3}, "isVisible": false}, "University of London": {"name": "University of London", "type": "organization", "organization_type": "Education", "h_index": 105, "h5_index": 16, "num_publications": 1, "num_citations": 11, "num_publications_5y": 0, "num_citations_5y": 7, "num_publications_10y": 1, "num_citations_10y": 10, "publications_years": {"2010": 1}, "citations_years": {"2010": 1, "2011": 2, "2012": 0, "2013": 0, "2014": 1, "2015": 3, "2016": 3, "2017": 0, "2018": 0, "2019": 1}, "old_citations": {"2010": 11}, "isVisible": false}, "University of Lorraine": {"name": "University of Lorraine", "type": "organization", "organization_type": "Education", "h_index": 36, "h5_index": 19, "num_publications": 1, "num_citations": 8, "num_publications_5y": 0, "num_citations_5y": 5, "num_publications_10y": 1, "num_citations_10y": 8, "publications_years": {"2012": 1}, "citations_years": {"2012": 1, "2013": 2, "2014": 3, "2015": 1, "2016": 1}, "old_citations": {"2012": 8}, "isVisible": false}, "University of Minho": {"name": "University of Minho", "type": "organization", "organization_type": "Education", "h_index": 59, "h5_index": 21, "num_publications": 1, "num_citations": 11, "num_publications_5y": 0, "num_citations_5y": 2, "num_publications_10y": 1, "num_citations_10y": 10, "publications_years": {"2010": 1}, "citations_years": {"2010": 4, "2011": 2, "2012": 1, "2013": 1, "2014": 0, "2015": 0, "2016": 1, "2017": 1, "2018": 0, "2019": 1}, "old_citations": {"2010": 11}, "isVisible": false}, "University of Minnesota": {"name": "University of Minnesota", "type": "organization", "organization_type": "Education", "h_index": 235, "h5_index": 43, "num_publications": 1, "num_citations": 6, "num_publications_5y": 0, "num_citations_5y": 2, "num_publications_10y": 0, "num_citations_10y": 4, "publications_years": {"2003": 1}, "citations_years": {"2005": 1, "2006": 1, "2007": 0, "2008": 0, "2009": 0, "2010": 0, "2011": 0, "2012": 2, "2013": 0, "2014": 1, "2015": 0, "2016": 0, "2017": 0, "2018": 1}, "old_citations": {"2003": 6}, "isVisible": false}, "University of Nebraska at Omaha": {"name": "University of Nebraska at Omaha", "type": "organization", "organization_type": "Education", "h_index": 56, "h5_index": 11, "num_publications": 1, "num_citations": 3, "num_publications_5y": 0, "num_citations_5y": 2, "num_publications_10y": 1, "num_citations_10y": 3, "publications_years": {"2011": 1}, "citations_years": {"2012": 1, "2013": 0, "2014": 1, "2015": 0, "2016": 1}, "old_citations": {"2011": 3}, "isVisible": false}, "University of Tartu": {"name": "University of Tartu", "type": "organization", "organization_type": "Education", "h_index": 54, "h5_index": 24, "num_publications": 1, "num_citations": 5, "num_publications_5y": 0, "num_citations_5y": 3, "num_publications_10y": 1, "num_citations_10y": 5, "publications_years": {"2010": 1}, "citations_years": {"2012": 1, "2013": 1, "2014": 1, "2015": 1, "2016": 0, "2017": 1}, "old_citations": {"2010": 5}, "isVisible": false}, "University of Toulouse": {"name": "University of Toulouse", "type": "organization", "organization_type": "Education", "h_index": 66, "h5_index": 28, "num_publications": 1, "num_citations": 8, "num_publications_5y": 0, "num_citations_5y": 5, "num_publications_10y": 1, "num_citations_10y": 8, "publications_years": {"2012": 1}, "citations_years": {"2012": 1, "2013": 2, "2014": 3, "2015": 1, "2016": 1}, "old_citations": {"2012": 8}, "isVisible": false}, "Vrije Universiteit Brussel": {"name": "Vrije Universiteit Brussel", "type": "organization", "organization_type": "Education", "h_index": 76, "h5_index": 23, "num_publications": 1, "num_citations": 53, "num_publications_5y": 0, "num_citations_5y": 10, "num_publications_10y": 0, "num_citations_10y": 24, "publications_years": {"2003": 1}, "citations_years": {"2003": 4, "2004": 4, "2005": 3, "2006": 3, "2007": 7, "2008": 6, "2009": 6, "2010": 2, "2011": 2, "2012": 3, "2013": 1, "2014": 1, "2015": 4, "2016": 1, "2017": 1, "2018": 3, "2019": 2}, "old_citations": {"2003": 53}, "isVisible": false}}, "topics": {"computer science": {"name": "computer science", "type": "topic", "h_index": 1779, "h5_index": 416, "num_publications": 45, "num_citations": 541, "num_publications_5y": 0, "num_citations_5y": 183, "num_publications_10y": 35, "num_citations_10y": 387, "publications_years": {"2010": 13, "2012": 10, "2011": 12, "2003": 6, "2001": 1, "2002": 1, "2007": 1, "2008": 1}, "citations_years": {"2012": 48, "2013": 51, "2014": 51, "2015": 49, "2016": 30, "2017": 30, "2010": 45, "2011": 27, "2018": 23, "2019": 20, "2003": 11, "2004": 22, "2005": 14, "2006": 19, "2007": 39, "2008": 24, "2009": 33, "2020": 4, "2002": 1}, "old_citations": {"2010": 80, "2012": 128, "2011": 43, "2003": 275, "2001": 0, "2002": 1, "2007": 14, "2008": 0}, "isVisible": false}, "computer systems": {"name": "computer systems", "type": "topic", "h_index": 1595, "h5_index": 367, "num_publications": 42, "num_citations": 418, "num_publications_5y": 0, "num_citations_5y": 158, "num_publications_10y": 34, "num_citations_10y": 329, "publications_years": {"2010": 12, "2012": 10, "2011": 12, "2003": 4, "2001": 1, "2002": 1, "2007": 1, "2008": 1}, "citations_years": {"2012": 45, "2013": 45, "2014": 44, "2015": 41, "2016": 28, "2017": 26, "2010": 39, "2011": 22, "2018": 19, "2019": 15, "2003": 4, "2004": 7, "2005": 5, "2006": 10, "2007": 29, "2008": 15, "2009": 20, "2020": 4}, "old_citations": {"2010": 63, "2012": 128, "2011": 43, "2003": 169, "2001": 0, "2002": 1, "2007": 14, "2008": 0}, "isVisible": false}, "computer programming": {"name": "computer programming", "type": "topic", "h_index": 873, "h5_index": 186, "num_publications": 39, "num_citations": 448, "num_publications_5y": 0, "num_citations_5y": 125, "num_publications_10y": 30, "num_citations_10y": 302, "publications_years": {"2010": 11, "2012": 8, "2011": 11, "2003": 6, "2001": 1, "2002": 1, "2007": 1}, "citations_years": {"2010": 45, "2011": 27, "2012": 36, "2013": 36, "2014": 41, "2015": 34, "2016": 18, "2017": 18, "2018": 14, "2019": 13, "2003": 11, "2004": 22, "2005": 14, "2006": 19, "2007": 39, "2008": 24, "2009": 33, "2020": 3, "2002": 1}, "old_citations": {"2010": 75, "2012": 45, "2011": 38, "2003": 275, "2001": 0, "2002": 1, "2007": 14}, "isVisible": false}, "computer programming languages": {"name": "computer programming languages", "type": "topic", "h_index": 746, "h5_index": 154, "num_publications": 39, "num_citations": 448, "num_publications_5y": 0, "num_citations_5y": 125, "num_publications_10y": 30, "num_citations_10y": 302, "publications_years": {"2010": 11, "2012": 8, "2011": 11, "2003": 6, "2001": 1, "2002": 1, "2007": 1}, "citations_years": {"2010": 45, "2011": 27, "2012": 36, "2013": 36, "2014": 41, "2015": 34, "2016": 18, "2017": 18, "2018": 14, "2019": 13, "2003": 11, "2004": 22, "2005": 14, "2006": 19, "2007": 39, "2008": 24, "2009": 33, "2020": 3, "2002": 1}, "old_citations": {"2010": 75, "2012": 45, "2011": 38, "2003": 275, "2001": 0, "2002": 1, "2007": 14}, "isVisible": false}, "linguistics": {"name": "linguistics", "type": "topic", "h_index": 867, "h5_index": 206, "num_publications": 37, "num_citations": 387, "num_publications_5y": 0, "num_citations_5y": 107, "num_publications_10y": 29, "num_citations_10y": 271, "publications_years": {"2010": 10, "2012": 8, "2003": 5, "2011": 11, "2002": 1, "2007": 1, "2008": 1}, "citations_years": {"2010": 43, "2011": 23, "2012": 37, "2013": 34, "2014": 36, "2015": 29, "2016": 16, "2017": 16, "2018": 10, "2019": 10, "2003": 7, "2004": 18, "2005": 11, "2006": 16, "2007": 32, "2008": 18, "2009": 27, "2020": 3, "2002": 1}, "old_citations": {"2010": 58, "2012": 50, "2003": 222, "2011": 42, "2002": 1, "2007": 14, "2008": 0}, "isVisible": false}, "object oriented programming": {"name": "object oriented programming", "type": "topic", "h_index": 636, "h5_index": 129, "num_publications": 34, "num_citations": 419, "num_publications_5y": 0, "num_citations_5y": 111, "num_publications_10y": 25, "num_citations_10y": 273, "publications_years": {"2010": 10, "2012": 8, "2003": 6, "2001": 1, "2011": 7, "2002": 1, "2007": 1}, "citations_years": {"2010": 40, "2011": 21, "2012": 33, "2013": 35, "2014": 34, "2015": 32, "2016": 15, "2017": 16, "2018": 14, "2019": 13, "2003": 11, "2004": 22, "2005": 14, "2006": 19, "2007": 39, "2008": 24, "2009": 33, "2020": 3, "2002": 1}, "old_citations": {"2010": 61, "2012": 45, "2003": 275, "2001": 0, "2011": 23, "2002": 1, "2007": 14}, "isVisible": false}, "artificial intelligence": {"name": "artificial intelligence", "type": "topic", "h_index": 1421, "h5_index": 373, "num_publications": 32, "num_citations": 310, "num_publications_5y": 0, "num_citations_5y": 99, "num_publications_10y": 25, "num_citations_10y": 238, "publications_years": {"2010": 9, "2012": 7, "2011": 9, "2003": 3, "2001": 1, "2002": 1, "2007": 1, "2008": 1}, "citations_years": {"2010": 36, "2011": 21, "2012": 34, "2013": 29, "2014": 34, "2015": 28, "2016": 14, "2017": 14, "2018": 9, "2019": 9, "2003": 4, "2004": 4, "2005": 5, "2006": 9, "2007": 25, "2008": 13, "2009": 19, "2020": 3}, "old_citations": {"2010": 55, "2012": 50, "2011": 37, "2003": 153, "2001": 0, "2002": 1, "2007": 14, "2008": 0}, "isVisible": false}, "distributed computer systems": {"name": "distributed computer systems", "type": "topic", "h_index": 985, "h5_index": 228, "num_publications": 31, "num_citations": 287, "num_publications_5y": 0, "num_citations_5y": 82, "num_publications_10y": 24, "num_citations_10y": 209, "publications_years": {"2010": 8, "2012": 6, "2003": 4, "2011": 10, "2001": 1, "2007": 1, "2008": 1}, "citations_years": {"2010": 34, "2011": 18, "2012": 29, "2013": 26, "2014": 26, "2015": 22, "2016": 13, "2017": 12, "2018": 9, "2019": 6, "2003": 3, "2004": 7, "2005": 5, "2006": 10, "2007": 29, "2008": 15, "2009": 20, "2020": 3}, "old_citations": {"2010": 41, "2012": 26, "2003": 169, "2011": 37, "2001": 0, "2007": 14, "2008": 0}, "isVisible": false}, "distributed systems": {"name": "distributed systems", "type": "topic", "h_index": 859, "h5_index": 209, "num_publications": 30, "num_citations": 287, "num_publications_5y": 0, "num_citations_5y": 82, "num_publications_10y": 24, "num_citations_10y": 209, "publications_years": {"2010": 8, "2012": 6, "2003": 4, "2011": 10, "2001": 1, "2007": 1}, "citations_years": {"2010": 34, "2011": 18, "2012": 29, "2013": 26, "2014": 26, "2015": 22, "2016": 13, "2017": 12, "2018": 9, "2019": 6, "2003": 3, "2004": 7, "2005": 5, "2006": 10, "2007": 29, "2008": 15, "2009": 20, "2020": 3}, "old_citations": {"2010": 41, "2012": 26, "2003": 169, "2011": 37, "2001": 0, "2007": 14}, "isVisible": false}, "parallel processing systems": {"name": "parallel processing systems", "type": "topic", "h_index": 845, "h5_index": 208, "num_publications": 30, "num_citations": 287, "num_publications_5y": 0, "num_citations_5y": 82, "num_publications_10y": 24, "num_citations_10y": 209, "publications_years": {"2010": 8, "2012": 6, "2003": 4, "2011": 10, "2001": 1, "2007": 1}, "citations_years": {"2010": 34, "2011": 18, "2012": 29, "2013": 26, "2014": 26, "2015": 22, "2016": 13, "2017": 12, "2018": 9, "2019": 6, "2003": 3, "2004": 7, "2005": 5, "2006": 10, "2007": 29, "2008": 15, "2009": 20, "2020": 3}, "old_citations": {"2010": 41, "2012": 26, "2003": 169, "2011": 37, "2001": 0, "2007": 14}, "isVisible": false}, "software engineering": {"name": "software engineering", "type": "topic", "h_index": 964, "h5_index": 236, "num_publications": 30, "num_citations": 388, "num_publications_5y": 0, "num_citations_5y": 144, "num_publications_10y": 24, "num_citations_10y": 290, "publications_years": {"2010": 9, "2012": 7, "2011": 8, "2003": 4, "2002": 1, "2008": 1}, "citations_years": {"2012": 39, "2013": 37, "2014": 37, "2015": 39, "2016": 25, "2017": 22, "2010": 30, "2011": 17, "2018": 21, "2019": 14, "2003": 8, "2004": 8, "2005": 8, "2006": 12, "2007": 26, "2008": 18, "2009": 23, "2020": 4}, "old_citations": {"2010": 38, "2012": 110, "2011": 33, "2003": 206, "2002": 1, "2008": 0}, "isVisible": false}, "program compilers": {"name": "program compilers", "type": "topic", "h_index": 531, "h5_index": 104, "num_publications": 29, "num_citations": 279, "num_publications_5y": 0, "num_citations_5y": 81, "num_publications_10y": 24, "num_citations_10y": 206, "publications_years": {"2010": 8, "2012": 6, "2011": 10, "2001": 1, "2003": 3, "2007": 1}, "citations_years": {"2010": 33, "2011": 18, "2012": 29, "2013": 26, "2014": 26, "2015": 22, "2016": 12, "2017": 12, "2018": 9, "2019": 6, "2020": 3, "2003": 1, "2004": 6, "2005": 5, "2006": 9, "2007": 28, "2008": 15, "2009": 19}, "old_citations": {"2010": 41, "2012": 26, "2011": 37, "2001": 0, "2003": 161, "2007": 14}, "isVisible": false}, "database systems": {"name": "database systems", "type": "topic", "h_index": 1167, "h5_index": 276, "num_publications": 26, "num_citations": 282, "num_publications_5y": 0, "num_citations_5y": 91, "num_publications_10y": 22, "num_citations_10y": 215, "publications_years": {"2010": 6, "2012": 8, "2003": 2, "2011": 8, "2007": 1, "2008": 1}, "citations_years": {"2010": 33, "2011": 15, "2012": 30, "2013": 27, "2014": 31, "2015": 28, "2016": 12, "2017": 13, "2018": 7, "2019": 7, "2003": 3, "2004": 4, "2005": 4, "2006": 8, "2007": 25, "2008": 13, "2009": 19, "2020": 3}, "old_citations": {"2010": 35, "2012": 50, "2003": 147, "2011": 36, "2007": 14, "2008": 0}, "isVisible": false}, "embedded systems": {"name": "embedded systems", "type": "topic", "h_index": 799, "h5_index": 168, "num_publications": 26, "num_citations": 263, "num_publications_5y": 0, "num_citations_5y": 87, "num_publications_10y": 21, "num_citations_10y": 199, "publications_years": {"2010": 6, "2011": 9, "2012": 6, "2001": 1, "2002": 1, "2003": 2, "2007": 1}, "citations_years": {"2010": 31, "2011": 12, "2012": 27, "2013": 24, "2014": 31, "2015": 24, "2016": 11, "2017": 13, "2018": 8, "2019": 6, "2003": 2, "2020": 3, "2004": 3, "2005": 5, "2006": 8, "2007": 24, "2008": 13, "2009": 18}, "old_citations": {"2010": 28, "2011": 33, "2012": 42, "2001": 0, "2002": 1, "2003": 145, "2007": 14}, "isVisible": false}, "theoretical computer science": {"name": "theoretical computer science", "type": "topic", "h_index": 883, "h5_index": 203, "num_publications": 26, "num_citations": 279, "num_publications_5y": 0, "num_citations_5y": 85, "num_publications_10y": 21, "num_citations_10y": 207, "publications_years": {"2010": 7, "2012": 5, "2003": 4, "2011": 9, "2002": 1}, "citations_years": {"2010": 32, "2011": 19, "2012": 28, "2013": 25, "2014": 29, "2015": 23, "2016": 14, "2017": 11, "2018": 8, "2019": 6, "2003": 4, "2004": 7, "2005": 5, "2006": 10, "2007": 23, "2008": 14, "2009": 18, "2020": 3}, "old_citations": {"2010": 44, "2012": 29, "2003": 169, "2011": 36, "2002": 1}, "isVisible": false}, "software design": {"name": "software design", "type": "topic", "h_index": 907, "h5_index": 227, "num_publications": 25, "num_citations": 356, "num_publications_5y": 0, "num_citations_5y": 126, "num_publications_10y": 19, "num_citations_10y": 260, "publications_years": {"2010": 7, "2012": 5, "2011": 7, "2003": 4, "2002": 1, "2008": 1}, "citations_years": {"2012": 35, "2013": 30, "2014": 30, "2015": 34, "2016": 23, "2017": 20, "2010": 30, "2011": 16, "2018": 19, "2019": 13, "2003": 8, "2004": 8, "2005": 8, "2006": 12, "2007": 26, "2008": 18, "2009": 23, "2020": 3}, "old_citations": {"2010": 37, "2012": 89, "2011": 23, "2003": 206, "2002": 1, "2008": 0}, "isVisible": false}, "semantics": {"name": "semantics", "type": "topic", "h_index": 803, "h5_index": 226, "num_publications": 24, "num_citations": 341, "num_publications_5y": 0, "num_citations_5y": 100, "num_publications_10y": 19, "num_citations_10y": 240, "publications_years": {"2010": 5, "2012": 7, "2003": 3, "2011": 7, "2007": 1, "2008": 1}, "citations_years": {"2010": 39, "2011": 18, "2012": 27, "2013": 30, "2014": 33, "2015": 29, "2016": 13, "2017": 16, "2018": 9, "2019": 8, "2003": 6, "2004": 15, "2005": 10, "2006": 14, "2007": 28, "2008": 16, "2009": 26, "2020": 3, "2002": 1}, "old_citations": {"2010": 40, "2012": 54, "2003": 200, "2011": 33, "2007": 14, "2008": 0}, "isVisible": false}, "computational linguistics": {"name": "computational linguistics", "type": "topic", "h_index": 668, "h5_index": 175, "num_publications": 21, "num_citations": 263, "num_publications_5y": 0, "num_citations_5y": 87, "num_publications_10y": 17, "num_citations_10y": 198, "publications_years": {"2010": 5, "2012": 6, "2003": 2, "2011": 6, "2007": 1, "2008": 1}, "citations_years": {"2010": 33, "2011": 15, "2012": 22, "2013": 22, "2014": 30, "2015": 26, "2016": 12, "2017": 13, "2018": 6, "2019": 6, "2003": 3, "2004": 4, "2005": 4, "2006": 8, "2007": 25, "2008": 13, "2009": 19, "2020": 2}, "old_citations": {"2010": 32, "2012": 47, "2003": 147, "2011": 23, "2007": 14, "2008": 0}, "isVisible": false}, "formal languages and automata theory": {"name": "formal languages and automata theory", "type": "topic", "h_index": 546, "h5_index": 122, "num_publications": 21, "num_citations": 261, "num_publications_5y": 0, "num_citations_5y": 76, "num_publications_10y": 16, "num_citations_10y": 190, "publications_years": {"2010": 5, "2012": 4, "2003": 4, "2011": 7, "2002": 1}, "citations_years": {"2010": 31, "2011": 15, "2012": 27, "2013": 23, "2014": 28, "2015": 20, "2016": 11, "2003": 4, "2004": 7, "2005": 5, "2006": 10, "2007": 23, "2008": 14, "2009": 18, "2017": 11, "2018": 6, "2019": 5, "2020": 3}, "old_citations": {"2010": 29, "2012": 29, "2003": 169, "2011": 33, "2002": 1}, "isVisible": false}, "formal languages": {"name": "formal languages", "type": "topic", "h_index": 475, "h5_index": 93, "num_publications": 20, "num_citations": 253, "num_publications_5y": 0, "num_citations_5y": 71, "num_publications_10y": 15, "num_citations_10y": 182, "publications_years": {"2010": 5, "2012": 3, "2003": 4, "2011": 7, "2002": 1}, "citations_years": {"2010": 31, "2011": 15, "2012": 26, "2013": 21, "2014": 25, "2015": 19, "2016": 10, "2003": 4, "2004": 7, "2005": 5, "2006": 10, "2007": 23, "2008": 14, "2009": 18, "2017": 11, "2018": 6, "2019": 5, "2020": 3}, "old_citations": {"2010": 29, "2012": 21, "2003": 169, "2011": 33, "2002": 1}, "isVisible": false}, "natural language processing": {"name": "natural language processing", "type": "topic", "h_index": 660, "h5_index": 182, "num_publications": 18, "num_citations": 259, "num_publications_5y": 0, "num_citations_5y": 86, "num_publications_10y": 14, "num_citations_10y": 194, "publications_years": {"2010": 3, "2012": 6, "2003": 2, "2011": 5, "2007": 1, "2008": 1}, "citations_years": {"2010": 31, "2011": 15, "2012": 21, "2013": 22, "2014": 29, "2015": 26, "2016": 12, "2017": 13, "2018": 6, "2019": 6, "2003": 3, "2004": 4, "2005": 4, "2006": 8, "2007": 25, "2008": 13, "2009": 19, "2020": 2}, "old_citations": {"2010": 29, "2012": 47, "2003": 147, "2011": 22, "2007": 14, "2008": 0}, "isVisible": false}, "software": {"name": "software", "type": "topic", "h_index": 902, "h5_index": 167, "num_publications": 15, "num_citations": 181, "num_publications_5y": 0, "num_citations_5y": 81, "num_publications_10y": 12, "num_citations_10y": 142, "publications_years": {"2010": 6, "2012": 2, "2011": 4, "2002": 1, "2003": 1, "2008": 1}, "citations_years": {"2012": 21, "2013": 19, "2014": 17, "2015": 19, "2016": 16, "2017": 16, "2011": 9, "2018": 13, "2019": 10, "2020": 1, "2003": 5, "2004": 4, "2005": 3, "2006": 3, "2007": 7, "2008": 6, "2009": 6, "2010": 6}, "old_citations": {"2010": 24, "2012": 83, "2011": 20, "2002": 1, "2003": 53, "2008": 0}, "isVisible": false}, "software architecture": {"name": "software architecture", "type": "topic", "h_index": 821, "h5_index": 210, "num_publications": 17, "num_citations": 186, "num_publications_5y": 0, "num_citations_5y": 85, "num_publications_10y": 13, "num_citations_10y": 142, "publications_years": {"2010": 6, "2011": 3, "2003": 2, "2012": 4, "2002": 1, "2008": 1}, "citations_years": {"2012": 17, "2013": 17, "2014": 17, "2015": 22, "2016": 19, "2017": 13, "2010": 10, "2011": 6, "2018": 14, "2019": 10, "2003": 7, "2004": 5, "2005": 3, "2006": 4, "2007": 8, "2008": 6, "2009": 7, "2020": 1}, "old_citations": {"2010": 33, "2011": 5, "2003": 61, "2012": 86, "2002": 1, "2008": 0}, "isVisible": false}, "computer networks": {"name": "computer networks", "type": "topic", "h_index": 1262, "h5_index": 332, "num_publications": 5, "num_citations": 91, "num_publications_5y": 0, "num_citations_5y": 59, "num_publications_10y": 3, "num_citations_10y": 82, "publications_years": {"2010": 1, "2012": 2, "2002": 1, "2008": 1}, "citations_years": {"2010": 2, "2011": 0, "2012": 8, "2013": 13, "2014": 11, "2015": 13, "2016": 14, "2017": 11, "2018": 10, "2019": 7, "2020": 1, "2003": 1}, "old_citations": {"2010": 3, "2012": 87, "2002": 1, "2008": 0}, "isVisible": false}, "telecommunication networks": {"name": "telecommunication networks", "type": "topic", "h_index": 1116, "h5_index": 258, "num_publications": 4, "num_citations": 88, "num_publications_5y": 0, "num_citations_5y": 59, "num_publications_10y": 2, "num_citations_10y": 79, "publications_years": {"2012": 2, "2002": 1, "2008": 1}, "citations_years": {"2012": 7, "2013": 13, "2014": 11, "2015": 13, "2016": 14, "2017": 11, "2018": 10, "2019": 7, "2020": 1, "2003": 1}, "old_citations": {"2012": 87, "2002": 1, "2008": 0}, "isVisible": false}, "telecommunication systems": {"name": "telecommunication systems", "type": "topic", "h_index": 1187, "h5_index": 277, "num_publications": 4, "num_citations": 88, "num_publications_5y": 0, "num_citations_5y": 59, "num_publications_10y": 2, "num_citations_10y": 79, "publications_years": {"2012": 2, "2002": 1, "2008": 1}, "citations_years": {"2012": 7, "2013": 13, "2014": 11, "2015": 13, "2016": 14, "2017": 11, "2018": 10, "2019": 7, "2020": 1, "2003": 1}, "old_citations": {"2012": 87, "2002": 1, "2008": 0}, "isVisible": false}, "communication": {"name": "communication", "type": "topic", "h_index": 886, "h5_index": 209, "num_publications": 3, "num_citations": 132, "num_publications_5y": 0, "num_citations_5y": 57, "num_publications_10y": 2, "num_citations_10y": 91, "publications_years": {"2012": 2, "2003": 1}, "citations_years": {"2012": 8, "2013": 14, "2014": 11, "2015": 13, "2016": 13, "2017": 10, "2018": 10, "2019": 7, "2020": 1, "2002": 1, "2003": 3, "2004": 11, "2005": 6, "2006": 6, "2007": 3, "2008": 3, "2009": 7, "2010": 4, "2011": 1}, "old_citations": {"2012": 79, "2003": 53}, "isVisible": false}, "software developer": {"name": "software developer", "type": "topic", "h_index": 223, "h5_index": 51, "num_publications": 2, "num_citations": 78, "num_publications_5y": 0, "num_citations_5y": 52, "num_publications_10y": 2, "num_citations_10y": 71, "publications_years": {"2012": 2}, "citations_years": {"2012": 7, "2013": 12, "2014": 8, "2015": 12, "2016": 12, "2017": 10, "2018": 10, "2019": 6, "2020": 1}, "old_citations": {"2012": 78}, "isVisible": false}, "automatic composition": {"name": "automatic composition", "type": "topic", "h_index": 92, "h5_index": 24, "num_publications": 1, "num_citations": 71, "num_publications_5y": 0, "num_citations_5y": 47, "num_publications_10y": 1, "num_citations_10y": 64, "publications_years": {"2012": 1}, "citations_years": {"2012": 7, "2013": 10, "2014": 6, "2015": 11, "2016": 12, "2017": 9, "2018": 9, "2019": 6, "2020": 1}, "old_citations": {"2012": 71}, "isVisible": false}, "bandwidth": {"name": "bandwidth", "type": "topic", "h_index": 922, "h5_index": 201, "num_publications": 2, "num_citations": 72, "num_publications_5y": 0, "num_citations_5y": 47, "num_publications_10y": 1, "num_citations_10y": 64, "publications_years": {"2012": 1, "2002": 1}, "citations_years": {"2012": 7, "2013": 10, "2014": 6, "2015": 11, "2016": 12, "2017": 9, "2018": 9, "2019": 6, "2020": 1, "2003": 1}, "old_citations": {"2012": 71, "2002": 1}, "isVisible": false}}, "authors": {"1946404797": {"name": "gorel hedin", "type": "author", "activity": 30, "h_index": 17, "h5_index": 3, "mag_id": "1946404797", "num_publications": 4, "num_citations": 179, "num_publications_5y": 0, "num_citations_5y": 32, "num_publications_10y": 1, "num_citations_10y": 111, "publications_years": {"2011": 1, "2003": 2, "2007": 1}, "citations_years": {"2012": 15, "2013": 14, "2014": 7, "2015": 12, "2016": 3, "2017": 6, "2018": 4, "2019": 3, "2020": 3, "2003": 1, "2004": 6, "2005": 4, "2006": 8, "2007": 28, "2008": 15, "2009": 19, "2010": 25, "2011": 6}, "old_citations": {"2011": 10, "2003": 155, "2007": 14}, "isVisible": false}, "2079843318": {"name": "pierreetienne moreau", "type": "author", "activity": 26, "h_index": 12, "h5_index": 0, "mag_id": "2079843318", "num_publications": 4, "num_citations": 10, "num_publications_5y": 0, "num_citations_5y": 5, "num_publications_10y": 2, "num_citations_10y": 9, "publications_years": {"2001": 1, "2002": 1, "2012": 1, "2010": 1}, "citations_years": {"2003": 1, "2012": 1, "2013": 2, "2014": 3, "2015": 1, "2016": 1, "2011": 1}, "old_citations": {"2001": 0, "2002": 1, "2012": 8, "2010": 1}, "isVisible": false}, "327043896": {"name": "christophe ringeissen", "type": "author", "activity": 27, "h_index": 13, "h5_index": 1, "mag_id": "327043896", "num_publications": 2, "num_citations": 1, "num_publications_5y": 0, "num_citations_5y": 0, "num_publications_10y": 0, "num_citations_10y": 0, "publications_years": {"2001": 1, "2002": 1}, "citations_years": {"2003": 1}, "old_citations": {"2001": 0, "2002": 1}, "isVisible": false}, "1453097970": {"name": "rinus plasmeijer", "type": "author", "activity": 30, "h_index": 17, "h5_index": 2, "mag_id": "1453097970", "num_publications": 2, "num_citations": 11, "num_publications_5y": 0, "num_citations_5y": 3, "num_publications_10y": 2, "num_citations_10y": 10, "publications_years": {"2010": 1, "2011": 1}, "citations_years": {"2011": 3, "2012": 2, "2013": 2, "2014": 1, "2015": 0, "2016": 1, "2017": 0, "2018": 1, "2019": 1}, "old_citations": {"2010": 9, "2011": 2}, "isVisible": false}, "1978908949": {"name": "adrian johnstone", "type": "author", "activity": 28, "h_index": 11, "h5_index": 2, "mag_id": "1978908949", "num_publications": 2, "num_citations": 14, "num_publications_5y": 0, "num_citations_5y": 9, "num_publications_10y": 2, "num_citations_10y": 13, "publications_years": {"2010": 1, "2011": 1}, "citations_years": {"2010": 1, "2011": 2, "2012": 1, "2013": 0, "2014": 2, "2015": 4, "2016": 3, "2017": 0, "2018": 0, "2019": 1}, "old_citations": {"2010": 11, "2011": 3}, "isVisible": false}, "2008571019": {"name": "peter achten", "type": "author", "activity": 28, "h_index": 14, "h5_index": 1, "mag_id": "2008571019", "num_publications": 2, "num_citations": 11, "num_publications_5y": 0, "num_citations_5y": 3, "num_publications_10y": 2, "num_citations_10y": 10, "publications_years": {"2010": 1, "2011": 1}, "citations_years": {"2011": 3, "2012": 2, "2013": 2, "2014": 1, "2015": 0, "2016": 1, "2017": 0, "2018": 1, "2019": 1}, "old_citations": {"2010": 9, "2011": 2}, "isVisible": false}, "2026081480": {"name": "arie middelkoop", "type": "author", "activity": 6, "h_index": 5, "h5_index": 0, "mag_id": "2026081480", "num_publications": 2, "num_citations": 6, "num_publications_5y": 0, "num_citations_5y": 4, "num_publications_10y": 2, "num_citations_10y": 6, "publications_years": {"2012": 1, "2011": 1}, "citations_years": {"2013": 1, "2014": 2, "2015": 2, "2012": 1}, "old_citations": {"2012": 5, "2011": 1}, "isVisible": false}, "2076191171": {"name": "jurgen vinju", "type": "author", "activity": 20, "h_index": 19, "h5_index": 5, "mag_id": "2076191171", "num_publications": 2, "num_citations": 31, "num_publications_5y": 0, "num_citations_5y": 13, "num_publications_10y": 2, "num_citations_10y": 29, "publications_years": {"2010": 2}, "citations_years": {"2011": 6, "2012": 1, "2013": 4, "2014": 5, "2015": 4, "2016": 2, "2017": 2, "2018": 0, "2019": 2, "2010": 5}, "old_citations": {"2010": 31}, "isVisible": false}, "2105034400": {"name": "mark van den brand", "type": "author", "activity": 25, "h_index": 24, "h5_index": 6, "mag_id": "2105034400", "num_publications": 2, "num_citations": 4, "num_publications_5y": 0, "num_citations_5y": 2, "num_publications_10y": 1, "num_citations_10y": 3, "publications_years": {"2002": 1, "2011": 1}, "citations_years": {"2003": 1, "2012": 1, "2013": 0, "2014": 1, "2015": 1}, "old_citations": {"2002": 1, "2011": 3}, "isVisible": false}, "2107989050": {"name": "elizabeth scott", "type": "author", "activity": 28, "h_index": 12, "h5_index": 2, "mag_id": "2107989050", "num_publications": 2, "num_citations": 14, "num_publications_5y": 0, "num_citations_5y": 9, "num_publications_10y": 2, "num_citations_10y": 13, "publications_years": {"2010": 1, "2011": 1}, "citations_years": {"2010": 1, "2011": 2, "2012": 1, "2013": 0, "2014": 2, "2015": 4, "2016": 3, "2017": 0, "2018": 0, "2019": 1}, "old_citations": {"2010": 11, "2011": 3}, "isVisible": false}, "2123037649": {"name": "atze dijkstra", "type": "author", "activity": 19, "h_index": 7, "h5_index": 1, "mag_id": "2123037649", "num_publications": 2, "num_citations": 7, "num_publications_5y": 0, "num_citations_5y": 5, "num_publications_10y": 2, "num_citations_10y": 7, "publications_years": {"2012": 1, "2011": 1}, "citations_years": {"2013": 1, "2014": 2, "2015": 1, "2016": 0, "2017": 2, "2012": 1}, "old_citations": {"2012": 6, "2011": 1}, "isVisible": false}, "2131973199": {"name": "eelco visser", "type": "author", "activity": 26, "h_index": 39, "h5_index": 5, "mag_id": "2131973199", "num_publications": 2, "num_citations": 23, "num_publications_5y": 0, "num_citations_5y": 17, "num_publications_10y": 2, "num_citations_10y": 22, "publications_years": {"2012": 2}, "citations_years": {"2013": 5, "2014": 7, "2015": 3, "2016": 2, "2017": 3, "2018": 2, "2019": 1}, "old_citations": {"2012": 23}, "isVisible": false}, "2152795524": {"name": "marcos viera", "type": "author", "activity": 15, "h_index": 6, "h5_index": 1, "mag_id": "2152795524", "num_publications": 2, "num_citations": 11, "num_publications_5y": 0, "num_citations_5y": 9, "num_publications_10y": 2, "num_citations_10y": 11, "publications_years": {"2012": 2}, "citations_years": {"2013": 2, "2014": 4, "2015": 3, "2016": 0, "2017": 2}, "old_citations": {"2012": 11}, "isVisible": false}, "2232411270": {"name": "rob economopoulos", "type": "author", "activity": 1, "h_index": 1, "h5_index": 0, "mag_id": "2232411270", "num_publications": 2, "num_citations": 2, "num_publications_5y": 0, "num_citations_5y": 2, "num_publications_10y": 2, "num_citations_10y": 2, "publications_years": {"2011": 2}, "citations_years": {"2018": 1, "2014": 1}, "old_citations": {"2011": 2}, "isVisible": false}, "2574676630": {"name": "doaitse swierstra", "type": "author", "activity": 25, "h_index": 5, "h5_index": 0, "mag_id": "2574676630", "num_publications": 2, "num_citations": 11, "num_publications_5y": 0, "num_citations_5y": 9, "num_publications_10y": 2, "num_citations_10y": 11, "publications_years": {"2012": 2}, "citations_years": {"2013": 2, "2014": 4, "2015": 3, "2016": 0, "2017": 2}, "old_citations": {"2012": 11}, "isVisible": false}, "2616912264": {"name": "bernd fischer", "type": "author", "activity": 28, "h_index": 21, "h5_index": 6, "mag_id": "2616912264", "num_publications": 2, "num_citations": 2, "num_publications_5y": 0, "num_citations_5y": 2, "num_publications_10y": 2, "num_citations_10y": 2, "publications_years": {"2011": 2}, "citations_years": {"2018": 1, "2014": 1}, "old_citations": {"2011": 2}, "isVisible": false}, "2924209853": {"name": "eva magnusson", "type": "author", "activity": 14, "h_index": 7, "h5_index": 0, "mag_id": "2924209853", "num_publications": 2, "num_citations": 155, "num_publications_5y": 0, "num_citations_5y": 30, "num_publications_10y": 0, "num_citations_10y": 96, "publications_years": {"2003": 2}, "citations_years": {"2003": 1, "2004": 6, "2005": 4, "2006": 8, "2007": 22, "2008": 14, "2009": 17, "2010": 21, "2011": 6, "2012": 11, "2013": 11, "2014": 7, "2015": 11, "2016": 3, "2017": 6, "2018": 3, "2019": 2, "2020": 2}, "old_citations": {"2003": 155}, "isVisible": false}, "123645491": {"name": "claus brabrand", "type": "author", "activity": 21, "h_index": 16, "h5_index": 6, "mag_id": "123645491", "num_publications": 1, "num_citations": 1, "num_publications_5y": 0, "num_citations_5y": 0, "num_publications_10y": 1, "num_citations_10y": 1, "publications_years": {"2010": 1}, "citations_years": {"2011": 1}, "old_citations": {"2010": 1}, "isVisible": false}, "134623153": {"name": "marian vittek", "type": "author", "activity": 14, "h_index": 6, "h5_index": 0, "mag_id": "134623153", "num_publications": 1, "num_citations": 0, "num_publications_5y": 0, "num_citations_5y": 0, "num_publications_10y": 0, "num_citations_10y": 0, "publications_years": {"2001": 1}, "citations_years": {}, "old_citations": {"2001": 0}, "isVisible": false}, "150696551": {"name": "michel chilowicz", "type": "author", "activity": 2, "h_index": 3, "h5_index": 0, "mag_id": "150696551", "num_publications": 1, "num_citations": 0, "num_publications_5y": 0, "num_citations_5y": 0, "num_publications_10y": 0, "num_citations_10y": 0, "publications_years": {"2008": 1}, "citations_years": {}, "old_citations": {"2008": 0}, "isVisible": false}, "154878420": {"name": "robert giegerich", "type": "author", "activity": 27, "h_index": 25, "h5_index": 1, "mag_id": "154878420", "num_publications": 1, "num_citations": 10, "num_publications_5y": 0, "num_citations_5y": 7, "num_publications_10y": 1, "num_citations_10y": 10, "publications_years": {"2011": 1}, "citations_years": {"2011": 2, "2012": 1, "2013": 0, "2014": 4, "2015": 0, "2016": 1, "2017": 2}, "old_citations": {"2011": 10}, "isVisible": false}, "220847135": {"name": "elena tushkanova", "type": "author", "activity": 7, "h_index": 3, "h5_index": 0, "mag_id": "220847135", "num_publications": 1, "num_citations": 3, "num_publications_5y": 0, "num_citations_5y": 0, "num_publications_10y": 1, "num_citations_10y": 3, "publications_years": {"2010": 1}, "citations_years": {"2010": 2, "2011": 0, "2012": 1}, "old_citations": {"2010": 3}, "isVisible": false}, "342308072": {"name": "olga kouchnarenko", "type": "author", "activity": 23, "h_index": 13, "h5_index": 1, "mag_id": "342308072", "num_publications": 1, "num_citations": 3, "num_publications_5y": 0, "num_citations_5y": 0, "num_publications_10y": 1, "num_citations_10y": 3, "publications_years": {"2010": 1}, "citations_years": {"2010": 2, "2011": 0, "2012": 1}, "old_citations": {"2010": 3}, "isVisible": false}, "621424736": {"name": "tijs van der storm", "type": "author", "activity": 17, "h_index": 12, "h5_index": 4, "mag_id": "621424736", "num_publications": 1, "num_citations": 17, "num_publications_5y": 0, "num_citations_5y": 10, "num_publications_10y": 1, "num_citations_10y": 15, "publications_years": {"2010": 1}, "citations_years": {"2011": 2, "2012": 0, "2013": 3, "2014": 4, "2015": 3, "2016": 1, "2017": 2, "2018": 0, "2019": 2}, "old_citations": {"2010": 17}, "isVisible": false}, "1446177143": {"name": "stefan holdermans", "type": "author", "activity": 9, "h_index": 8, "h5_index": 0, "mag_id": "1446177143", "num_publications": 1, "num_citations": 2, "num_publications_5y": 0, "num_citations_5y": 0, "num_publications_10y": 1, "num_citations_10y": 2, "publications_years": {"2010": 1}, "citations_years": {"2010": 1, "2011": 1}, "old_citations": {"2010": 2}, "isVisible": false}, "1488010472": {"name": "hendrikus j s basten", "type": "author", "activity": 3, "h_index": 3, "h5_index": 0, "mag_id": "1488010472", "num_publications": 1, "num_citations": 14, "num_publications_5y": 0, "num_citations_5y": 3, "num_publications_10y": 1, "num_citations_10y": 14, "publications_years": {"2010": 1}, "citations_years": {"2010": 5, "2011": 4, "2012": 1, "2013": 1, "2014": 1, "2015": 1, "2016": 1}, "old_citations": {"2010": 14}, "isVisible": false}, "1567547428": {"name": "bas lijnse", "type": "author", "activity": 9, "h_index": 7, "h5_index": 1, "mag_id": "1567547428", "num_publications": 1, "num_citations": 2, "num_publications_5y": 0, "num_citations_5y": 0, "num_publications_10y": 1, "num_citations_10y": 2, "publications_years": {"2011": 1}, "citations_years": {"2011": 1, "2012": 0, "2013": 1}, "old_citations": {"2011": 2}, "isVisible": false}, "1576900243": {"name": "sebastian erdweg", "type": "author", "activity": 11, "h_index": 15, "h5_index": 5, "mag_id": "1576900243", "num_publications": 1, "num_citations": 71, "num_publications_5y": 0, "num_citations_5y": 47, "num_publications_10y": 1, "num_citations_10y": 64, "publications_years": {"2012": 1}, "citations_years": {"2012": 7, "2013": 10, "2014": 6, "2015": 11, "2016": 12, "2017": 9, "2018": 9, "2019": 6, "2020": 1}, "old_citations": {"2012": 71}, "isVisible": false}, "1593653368": {"name": "jeanlouis giavitto", "type": "author", "activity": 30, "h_index": 16, "h5_index": 1, "mag_id": "1593653368", "num_publications": 1, "num_citations": 0, "num_publications_5y": 0, "num_citations_5y": 0, "num_publications_10y": 1, "num_citations_10y": 0, "publications_years": {"2010": 1}, "citations_years": {}, "old_citations": {"2010": 0}, "isVisible": false}, "1625632746": {"name": "agostino cortesi", "type": "author", "activity": 30, "h_index": 20, "h5_index": 4, "mag_id": "1625632746", "num_publications": 1, "num_citations": 4, "num_publications_5y": 0, "num_citations_5y": 1, "num_publications_10y": 1, "num_citations_10y": 4, "publications_years": {"2010": 1}, "citations_years": {"2011": 1, "2012": 1, "2013": 1, "2014": 0, "2015": 0, "2016": 0, "2017": 0, "2018": 1}, "old_citations": {"2010": 4}, "isVisible": false}, "1921302331": {"name": "ralf lammel", "type": "author", "activity": 27, "h_index": 33, "h5_index": 3, "mag_id": "1921302331", "num_publications": 1, "num_citations": 3, "num_publications_5y": 0, "num_citations_5y": 2, "num_publications_10y": 1, "num_citations_10y": 3, "publications_years": {"2011": 1}, "citations_years": {"2012": 1, "2013": 0, "2014": 1, "2015": 0, "2016": 1}, "old_citations": {"2011": 3}, "isVisible": false}, "1968079546": {"name": "etienne duris", "type": "author", "activity": 14, "h_index": 5, "h5_index": 0, "mag_id": "1968079546", "num_publications": 1, "num_citations": 0, "num_publications_5y": 0, "num_citations_5y": 0, "num_publications_10y": 0, "num_citations_10y": 0, "publications_years": {"2008": 1}, "citations_years": {}, "old_citations": {"2008": 0}, "isVisible": false}, "1983299346": {"name": "paul klint", "type": "author", "activity": 30, "h_index": 27, "h5_index": 1, "mag_id": "1983299346", "num_publications": 1, "num_citations": 17, "num_publications_5y": 0, "num_citations_5y": 10, "num_publications_10y": 1, "num_citations_10y": 15, "publications_years": {"2010": 1}, "citations_years": {"2011": 2, "2012": 0, "2013": 3, "2014": 4, "2015": 3, "2016": 1, "2017": 2, "2018": 0, "2019": 2}, "old_citations": {"2010": 17}, "isVisible": false}, "1985008888": {"name": "maartje de jonge", "type": "author", "activity": 4, "h_index": 7, "h5_index": 0, "mag_id": "1985008888", "num_publications": 1, "num_citations": 7, "num_publications_5y": 0, "num_citations_5y": 5, "num_publications_10y": 1, "num_citations_10y": 7, "publications_years": {"2012": 1}, "citations_years": {"2013": 2, "2014": 2, "2015": 1, "2016": 0, "2017": 1, "2018": 1}, "old_citations": {"2012": 7}, "isVisible": false}, "1985172114": {"name": "margus freudenthal", "type": "author", "activity": 13, "h_index": 3, "h5_index": 0, "mag_id": "1985172114", "num_publications": 1, "num_citations": 5, "num_publications_5y": 0, "num_citations_5y": 3, "num_publications_10y": 1, "num_citations_10y": 5, "publications_years": {"2010": 1}, "citations_years": {"2012": 1, "2013": 1, "2014": 1, "2015": 1, "2016": 0, "2017": 1}, "old_citations": {"2010": 5}, "isVisible": false}, "1986880241": {"name": "tom mens", "type": "author", "activity": 27, "h_index": 39, "h5_index": 8, "mag_id": "1986880241", "num_publications": 1, "num_citations": 53, "num_publications_5y": 0, "num_citations_5y": 10, "num_publications_10y": 0, "num_citations_10y": 24, "publications_years": {"2003": 1}, "citations_years": {"2003": 4, "2004": 4, "2005": 3, "2006": 3, "2007": 7, "2008": 6, "2009": 6, "2010": 2, "2011": 2, "2012": 3, "2013": 1, "2014": 1, "2015": 4, "2016": 1, "2017": 1, "2018": 3, "2019": 2}, "old_citations": {"2003": 53}, "isVisible": false}, "1988587816": {"name": "daniel lincke", "type": "author", "activity": 7, "h_index": 3, "h5_index": 0, "mag_id": "1988587816", "num_publications": 1, "num_citations": 3, "num_publications_5y": 0, "num_citations_5y": 1, "num_publications_10y": 1, "num_citations_10y": 2, "publications_years": {"2012": 1}, "citations_years": {"2012": 1, "2013": 0, "2014": 0, "2015": 1, "2016": 0, "2017": 0, "2018": 0, "2019": 1}, "old_citations": {"2012": 3}, "isVisible": false}, "1994515391": {"name": "hans stenten", "type": "author", "activity": 2, "h_index": 4, "h5_index": 0, "mag_id": "1994515391", "num_publications": 1, "num_citations": 53, "num_publications_5y": 0, "num_citations_5y": 10, "num_publications_10y": 0, "num_citations_10y": 24, "publications_years": {"2003": 1}, "citations_years": {"2003": 4, "2004": 4, "2005": 3, "2006": 3, "2007": 7, "2008": 6, "2009": 6, "2010": 2, "2011": 2, "2012": 3, "2013": 1, "2014": 1, "2015": 4, "2016": 1, "2017": 1, "2018": 3, "2019": 2}, "old_citations": {"2003": 53}, "isVisible": false}, "1995276563": {"name": "marc pantel", "type": "author", "activity": 25, "h_index": 10, "h5_index": 4, "mag_id": "1995276563", "num_publications": 1, "num_citations": 8, "num_publications_5y": 0, "num_citations_5y": 5, "num_publications_10y": 1, "num_citations_10y": 8, "publications_years": {"2012": 1}, "citations_years": {"2012": 1, "2013": 2, "2014": 3, "2015": 1, "2016": 1}, "old_citations": {"2012": 8}, "isVisible": false}, "2008620937": {"name": "anya helene bagge", "type": "author", "activity": 14, "h_index": 7, "h5_index": 1, "mag_id": "2008620937", "num_publications": 1, "num_citations": 0, "num_publications_5y": 0, "num_citations_5y": 0, "num_publications_10y": 1, "num_citations_10y": 0, "publications_years": {"2010": 1}, "citations_years": {}, "old_citations": {"2010": 0}, "isVisible": false}, "2012727121": {"name": "janis voigtlander", "type": "author", "activity": 16, "h_index": 12, "h5_index": 0, "mag_id": "2012727121", "num_publications": 1, "num_citations": 0, "num_publications_5y": 0, "num_citations_5y": 0, "num_publications_10y": 1, "num_citations_10y": 0, "publications_years": {"2012": 1}, "citations_years": {}, "old_citations": {"2012": 0}, "isVisible": false}, "2026665269": {"name": "m g j van den brand", "type": "author", "activity": 24, "h_index": 11, "h5_index": 2, "mag_id": "2026665269", "num_publications": 1, "num_citations": 3, "num_publications_5y": 0, "num_citations_5y": 1, "num_publications_10y": 1, "num_citations_10y": 3, "publications_years": {"2010": 1}, "citations_years": {"2012": 2, "2013": 0, "2014": 1}, "old_citations": {"2010": 3}, "isVisible": false}, "2026882024": {"name": "raju halder", "type": "author", "activity": 12, "h_index": 8, "h5_index": 3, "mag_id": "2026882024", "num_publications": 1, "num_citations": 4, "num_publications_5y": 0, "num_citations_5y": 1, "num_publications_10y": 1, "num_citations_10y": 4, "publications_years": {"2010": 1}, "citations_years": {"2011": 1, "2012": 1, "2013": 1, "2014": 0, "2015": 0, "2016": 0, "2017": 0, "2018": 1}, "old_citations": {"2010": 4}, "isVisible": false}, "2030505841": {"name": "serge demeyer", "type": "author", "activity": 26, "h_index": 35, "h5_index": 7, "mag_id": "2030505841", "num_publications": 1, "num_citations": 53, "num_publications_5y": 0, "num_citations_5y": 10, "num_publications_10y": 0, "num_citations_10y": 24, "publications_years": {"2003": 1}, "citations_years": {"2003": 4, "2004": 4, "2005": 3, "2006": 3, "2007": 7, "2008": 6, "2009": 6, "2010": 2, "2011": 2, "2012": 3, "2013": 1, "2014": 1, "2015": 4, "2016": 1, "2017": 1, "2018": 3, "2019": 2}, "old_citations": {"2003": 53}, "isVisible": false}, "2032874399": {"name": "gilles roussel", "type": "author", "activity": 24, "h_index": 10, "h5_index": 1, "mag_id": "2032874399", "num_publications": 1, "num_citations": 0, "num_publications_5y": 0, "num_citations_5y": 0, "num_publications_10y": 0, "num_citations_10y": 0, "publications_years": {"2008": 1}, "citations_years": {}, "old_citations": {"2008": 0}, "isVisible": false}, "2037313310": {"name": "pedro rangel henriques", "type": "author", "activity": 29, "h_index": 12, "h5_index": 4, "mag_id": "2037313310", "num_publications": 1, "num_citations": 11, "num_publications_5y": 0, "num_citations_5y": 2, "num_publications_10y": 1, "num_citations_10y": 10, "publications_years": {"2010": 1}, "citations_years": {"2010": 4, "2011": 2, "2012": 1, "2013": 1, "2014": 0, "2015": 0, "2016": 1, "2017": 1, "2018": 0, "2019": 1}, "old_citations": {"2010": 11}, "isVisible": false}, "2039648673": {"name": "vadim zaytsev", "type": "author", "activity": 11, "h_index": 11, "h5_index": 3, "mag_id": "2039648673", "num_publications": 1, "num_citations": 12, "num_publications_5y": 0, "num_citations_5y": 6, "num_publications_10y": 1, "num_citations_10y": 12, "publications_years": {"2012": 1}, "citations_years": {"2012": 3, "2013": 3, "2014": 1, "2015": 3, "2016": 0, "2017": 2}, "old_citations": {"2012": 12}, "isVisible": false}, "2042412137": {"name": "kyunggoo doh", "type": "author", "activity": 28, "h_index": 11, "h5_index": 0, "mag_id": "2042412137", "num_publications": 1, "num_citations": 53, "num_publications_5y": 0, "num_citations_5y": 5, "num_publications_10y": 0, "num_citations_10y": 19, "publications_years": {"2003": 1}, "citations_years": {"2002": 1, "2003": 3, "2004": 11, "2005": 6, "2006": 6, "2007": 3, "2008": 3, "2009": 7, "2010": 4, "2011": 1, "2012": 0, "2013": 2, "2014": 2, "2015": 1, "2016": 0, "2017": 1, "2018": 1, "2019": 1}, "old_citations": {"2003": 53}, "isVisible": false}, "2045289439": {"name": "sibylle schupp", "type": "author", "activity": 23, "h_index": 8, "h5_index": 3, "mag_id": "2045289439", "num_publications": 1, "num_citations": 3, "num_publications_5y": 0, "num_citations_5y": 1, "num_publications_10y": 1, "num_citations_10y": 2, "publications_years": {"2012": 1}, "citations_years": {"2012": 1, "2013": 0, "2014": 0, "2015": 1, "2016": 0, "2017": 0, "2018": 0, "2019": 1}, "old_citations": {"2012": 3}, "isVisible": false}, "2047031519": {"name": "alexander serebrenik", "type": "author", "activity": 24, "h_index": 33, "h5_index": 12, "mag_id": "2047031519", "num_publications": 1, "num_citations": 3, "num_publications_5y": 0, "num_citations_5y": 1, "num_publications_10y": 1, "num_citations_10y": 3, "publications_years": {"2010": 1}, "citations_years": {"2012": 2, "2013": 0, "2014": 1}, "old_citations": {"2010": 3}, "isVisible": false}, "2056060234": {"name": "paul stansifer", "type": "author", "activity": 6, "h_index": 2, "h5_index": 1, "mag_id": "2056060234", "num_publications": 1, "num_citations": 5, "num_publications_5y": 0, "num_citations_5y": 2, "num_publications_10y": 1, "num_citations_10y": 4, "publications_years": {"2011": 1}, "citations_years": {"2012": 1, "2013": 1, "2014": 2, "2015": 0, "2016": 0, "2017": 0, "2018": 0, "2019": 1}, "old_citations": {"2011": 5}, "isVisible": false}, "2061355173": {"name": "lennart c l kats", "type": "author", "activity": 6, "h_index": 17, "h5_index": 0, "mag_id": "2061355173", "num_publications": 1, "num_citations": 16, "num_publications_5y": 0, "num_citations_5y": 12, "num_publications_10y": 1, "num_citations_10y": 15, "publications_years": {"2012": 1}, "citations_years": {"2013": 3, "2014": 5, "2015": 2, "2016": 2, "2017": 2, "2018": 1, "2019": 1}, "old_citations": {"2012": 16}, "isVisible": false}, "2062130630": {"name": "paolo g giarrusso", "type": "author", "activity": 14, "h_index": 8, "h5_index": 1, "mag_id": "2062130630", "num_publications": 1, "num_citations": 71, "num_publications_5y": 0, "num_citations_5y": 47, "num_publications_10y": 1, "num_citations_10y": 64, "publications_years": {"2012": 1}, "citations_years": {"2012": 7, "2013": 10, "2014": 6, "2015": 11, "2016": 12, "2017": 9, "2018": 9, "2019": 6, "2020": 1}, "old_citations": {"2012": 71}, "isVisible": false}, "2065759435": {"name": "pieter van gorp", "type": "author", "activity": 17, "h_index": 15, "h5_index": 4, "mag_id": "2065759435", "num_publications": 1, "num_citations": 53, "num_publications_5y": 0, "num_citations_5y": 10, "num_publications_10y": 0, "num_citations_10y": 24, "publications_years": {"2003": 1}, "citations_years": {"2003": 4, "2004": 4, "2005": 3, "2006": 3, "2007": 7, "2008": 6, "2009": 6, "2010": 2, "2011": 2, "2012": 3, "2013": 1, "2014": 1, "2015": 4, "2016": 1, "2017": 1, "2018": 3, "2019": 2}, "old_citations": {"2003": 53}, "isVisible": false}, "2070731461": {"name": "a t hofkamp", "type": "author", "activity": 19, "h_index": 6, "h5_index": 0, "mag_id": "2070731461", "num_publications": 1, "num_citations": 3, "num_publications_5y": 0, "num_citations_5y": 1, "num_publications_10y": 1, "num_citations_10y": 3, "publications_years": {"2010": 1}, "citations_years": {"2012": 2, "2013": 0, "2014": 1}, "old_citations": {"2010": 3}, "isVisible": false}, "2075481397": {"name": "s doaitse swierstra", "type": "author", "activity": 29, "h_index": 18, "h5_index": 1, "mag_id": "2075481397", "num_publications": 1, "num_citations": 1, "num_publications_5y": 0, "num_citations_5y": 0, "num_publications_10y": 1, "num_citations_10y": 1, "publications_years": {"2011": 1}, "citations_years": {"2012": 1}, "old_citations": {"2011": 1}, "isVisible": false}, "2090299724": {"name": "trevor jim", "type": "author", "activity": 18, "h_index": 14, "h5_index": 0, "mag_id": "2090299724", "num_publications": 1, "num_citations": 3, "num_publications_5y": 0, "num_citations_5y": 2, "num_publications_10y": 1, "num_citations_10y": 3, "publications_years": {"2011": 1}, "citations_years": {"2012": 1, "2013": 0, "2014": 0, "2015": 1, "2016": 1}, "old_citations": {"2011": 3}, "isVisible": false}, "2098330742": {"name": "facundo dominguez", "type": "author", "activity": 6, "h_index": 1, "h5_index": 0, "mag_id": "2098330742", "num_publications": 1, "num_citations": 1, "num_publications_5y": 0, "num_citations_5y": 1, "num_publications_10y": 1, "num_citations_10y": 1, "publications_years": {"2011": 1}, "citations_years": {"2014": 1}, "old_citations": {"2011": 1}, "isVisible": false}, "2111424059": {"name": "peter d mosses", "type": "author", "activity": 30, "h_index": 21, "h5_index": 2, "mag_id": "2111424059", "num_publications": 1, "num_citations": 53, "num_publications_5y": 0, "num_citations_5y": 5, "num_publications_10y": 0, "num_citations_10y": 19, "publications_years": {"2003": 1}, "citations_years": {"2002": 1, "2003": 3, "2004": 11, "2005": 6, "2006": 6, "2007": 3, "2008": 3, "2009": 7, "2010": 4, "2011": 1, "2012": 0, "2013": 2, "2014": 2, "2015": 1, "2016": 0, "2017": 1, "2018": 1, "2019": 1}, "old_citations": {"2003": 53}, "isVisible": false}, "2115720218": {"name": "joost visser", "type": "author", "activity": 22, "h_index": 27, "h5_index": 3, "mag_id": "2115720218", "num_publications": 1, "num_citations": 8, "num_publications_5y": 0, "num_citations_5y": 1, "num_publications_10y": 0, "num_citations_10y": 3, "publications_years": {"2003": 1}, "citations_years": {"2003": 2, "2004": 1, "2005": 0, "2006": 1, "2007": 1, "2008": 0, "2009": 1, "2010": 1, "2011": 0, "2012": 0, "2013": 0, "2014": 0, "2015": 0, "2016": 1}, "old_citations": {"2003": 8}, "isVisible": false}, "2118902147": {"name": "pieter koopman", "type": "author", "activity": 30, "h_index": 10, "h5_index": 1, "mag_id": "2118902147", "num_publications": 1, "num_citations": 9, "num_publications_5y": 0, "num_citations_5y": 3, "num_publications_10y": 1, "num_citations_10y": 8, "publications_years": {"2010": 1}, "citations_years": {"2011": 2, "2012": 2, "2013": 1, "2014": 1, "2015": 0, "2016": 1, "2017": 0, "2018": 1, "2019": 1}, "old_citations": {"2010": 9}, "isVisible": false}, "2126634756": {"name": "victor l winter", "type": "author", "activity": 28, "h_index": 10, "h5_index": 2, "mag_id": "2126634756", "num_publications": 1, "num_citations": 3, "num_publications_5y": 0, "num_citations_5y": 2, "num_publications_10y": 1, "num_citations_10y": 3, "publications_years": {"2011": 1}, "citations_years": {"2012": 1, "2013": 0, "2014": 1, "2015": 0, "2016": 1}, "old_citations": {"2011": 3}, "isVisible": false}, "2126830777": {"name": "azamat mametjanov", "type": "author", "activity": 13, "h_index": 5, "h5_index": 2, "mag_id": "2126830777", "num_publications": 1, "num_citations": 3, "num_publications_5y": 0, "num_citations_5y": 2, "num_publications_10y": 1, "num_citations_10y": 3, "publications_years": {"2011": 1}, "citations_years": {"2012": 1, "2013": 0, "2014": 1, "2015": 0, "2016": 1}, "old_citations": {"2011": 3}, "isVisible": false}, "2126986002": {"name": "alain giorgetti", "type": "author", "activity": 15, "h_index": 8, "h5_index": 2, "mag_id": "2126986002", "num_publications": 1, "num_citations": 3, "num_publications_5y": 0, "num_citations_5y": 0, "num_publications_10y": 1, "num_citations_10y": 3, "publications_years": {"2010": 1}, "citations_years": {"2010": 2, "2011": 0, "2012": 1}, "old_citations": {"2010": 3}, "isVisible": false}, "2134572359": {"name": "johan akesson", "type": "author", "activity": 16, "h_index": 17, "h5_index": 2, "mag_id": "2134572359", "num_publications": 1, "num_citations": 14, "num_publications_5y": 0, "num_citations_5y": 0, "num_publications_10y": 0, "num_citations_10y": 6, "publications_years": {"2007": 1}, "citations_years": {"2007": 6, "2008": 1, "2009": 2, "2010": 4, "2011": 0, "2012": 0, "2013": 0, "2014": 0, "2015": 0, "2016": 0, "2017": 0, "2018": 0, "2019": 1}, "old_citations": {"2007": 14}, "isVisible": false}, "2135987173": {"name": "bart du bois", "type": "author", "activity": 7, "h_index": 8, "h5_index": 0, "mag_id": "2135987173", "num_publications": 1, "num_citations": 53, "num_publications_5y": 0, "num_citations_5y": 10, "num_publications_10y": 0, "num_citations_10y": 24, "publications_years": {"2003": 1}, "citations_years": {"2003": 4, "2004": 4, "2005": 3, "2006": 3, "2007": 7, "2008": 6, "2009": 6, "2010": 2, "2011": 2, "2012": 3, "2013": 1, "2014": 1, "2015": 4, "2016": 1, "2017": 1, "2018": 3, "2019": 2}, "old_citations": {"2003": 53}, "isVisible": false}, "2136415011": {"name": "steffen michels", "type": "author", "activity": 9, "h_index": 6, "h5_index": 1, "mag_id": "2136415011", "num_publications": 1, "num_citations": 2, "num_publications_5y": 0, "num_citations_5y": 0, "num_publications_10y": 1, "num_citations_10y": 2, "publications_years": {"2011": 1}, "citations_years": {"2011": 1, "2012": 0, "2013": 1}, "old_citations": {"2011": 2}, "isVisible": false}, "2138398974": {"name": "jurriaan hage", "type": "author", "activity": 19, "h_index": 13, "h5_index": 3, "mag_id": "2138398974", "num_publications": 1, "num_citations": 2, "num_publications_5y": 0, "num_citations_5y": 0, "num_publications_10y": 1, "num_citations_10y": 2, "publications_years": {"2010": 1}, "citations_years": {"2010": 1, "2011": 1}, "old_citations": {"2010": 2}, "isVisible": false}, "2143773872": {"name": "tillmann rendel", "type": "author", "activity": 9, "h_index": 12, "h5_index": 1, "mag_id": "2143773872", "num_publications": 1, "num_citations": 71, "num_publications_5y": 0, "num_citations_5y": 47, "num_publications_10y": 1, "num_citations_10y": 64, "publications_years": {"2012": 1}, "citations_years": {"2012": 7, "2013": 10, "2014": 6, "2015": 11, "2016": 12, "2017": 9, "2018": 9, "2019": 6, "2020": 1}, "old_citations": {"2012": 71}, "isVisible": false}, "2145140262": {"name": "eric van wyk", "type": "author", "activity": 26, "h_index": 13, "h5_index": 3, "mag_id": "2145140262", "num_publications": 1, "num_citations": 6, "num_publications_5y": 0, "num_citations_5y": 2, "num_publications_10y": 0, "num_citations_10y": 4, "publications_years": {"2003": 1}, "citations_years": {"2005": 1, "2006": 1, "2007": 0, "2008": 0, "2009": 0, "2010": 0, "2011": 0, "2012": 2, "2013": 0, "2014": 1, "2015": 0, "2016": 0, "2017": 0, "2018": 1}, "old_citations": {"2003": 6}, "isVisible": false}, "2156947101": {"name": "dave clarke", "type": "author", "activity": 22, "h_index": 27, "h5_index": 3, "mag_id": "2156947101", "num_publications": 1, "num_citations": 3, "num_publications_5y": 0, "num_citations_5y": 0, "num_publications_10y": 1, "num_citations_10y": 3, "publications_years": {"2011": 1}, "citations_years": {"2012": 1, "2013": 2}, "old_citations": {"2011": 3}, "isVisible": false}, "2159522917": {"name": "daniela da cruz", "type": "author", "activity": 10, "h_index": 9, "h5_index": 0, "mag_id": "2159522917", "num_publications": 1, "num_citations": 11, "num_publications_5y": 0, "num_citations_5y": 2, "num_publications_10y": 1, "num_citations_10y": 10, "publications_years": {"2010": 1}, "citations_years": {"2010": 4, "2011": 2, "2012": 1, "2013": 1, "2014": 0, "2015": 0, "2016": 1, "2017": 1, "2018": 0, "2019": 1}, "old_citations": {"2010": 11}, "isVisible": false}, "2171966257": {"name": "georg sauthoff", "type": "author", "activity": 5, "h_index": 4, "h5_index": 0, "mag_id": "2171966257", "num_publications": 1, "num_citations": 10, "num_publications_5y": 0, "num_citations_5y": 7, "num_publications_10y": 1, "num_citations_10y": 10, "publications_years": {"2011": 1}, "citations_years": {"2011": 2, "2012": 1, "2013": 0, "2014": 4, "2015": 0, "2016": 1, "2017": 2}, "old_citations": {"2011": 10}, "isVisible": false}, "2173909884": {"name": "emma soderberg", "type": "author", "activity": 12, "h_index": 7, "h5_index": 2, "mag_id": "2173909884", "num_publications": 1, "num_citations": 10, "num_publications_5y": 0, "num_citations_5y": 2, "num_publications_10y": 1, "num_citations_10y": 9, "publications_years": {"2011": 1}, "citations_years": {"2012": 4, "2013": 3, "2014": 0, "2015": 1, "2016": 0, "2017": 0, "2018": 1, "2019": 0, "2020": 1}, "old_citations": {"2011": 10}, "isVisible": false}, "2186698897": {"name": "t kuipers", "type": "author", "activity": 21, "h_index": 14, "h5_index": 1, "mag_id": "2186698897", "num_publications": 1, "num_citations": 8, "num_publications_5y": 0, "num_citations_5y": 1, "num_publications_10y": 0, "num_citations_10y": 3, "publications_years": {"2003": 1}, "citations_years": {"2003": 2, "2004": 1, "2005": 0, "2006": 1, "2007": 1, "2008": 0, "2009": 1, "2010": 1, "2011": 0, "2012": 0, "2013": 0, "2014": 0, "2015": 0, "2016": 1}, "old_citations": {"2003": 8}, "isVisible": false}, "2191539534": {"name": "johnni winther", "type": "author", "activity": 3, "h_index": 3, "h5_index": 0, "mag_id": "2191539534", "num_publications": 1, "num_citations": 0, "num_publications_5y": 0, "num_citations_5y": 0, "num_publications_10y": 1, "num_citations_10y": 0, "publications_years": {"2012": 1}, "citations_years": {}, "old_citations": {"2012": 0}, "isVisible": false}, "2222150189": {"name": "alisdair jorgensen", "type": "author", "activity": 1, "h_index": 1, "h5_index": 0, "mag_id": "2222150189", "num_publications": 1, "num_citations": 1, "num_publications_5y": 0, "num_citations_5y": 1, "num_publications_10y": 1, "num_citations_10y": 1, "publications_years": {"2011": 1}, "citations_years": {"2014": 1}, "old_citations": {"2011": 1}, "isVisible": false}, "2228872422": {"name": "tobi vollebregt", "type": "author", "activity": 1, "h_index": 1, "h5_index": 0, "mag_id": "2228872422", "num_publications": 1, "num_citations": 16, "num_publications_5y": 0, "num_citations_5y": 12, "num_publications_10y": 1, "num_citations_10y": 15, "publications_years": {"2012": 1}, "citations_years": {"2013": 3, "2014": 5, "2015": 2, "2016": 2, "2017": 2, "2018": 1, "2019": 1}, "old_citations": {"2012": 16}, "isVisible": false}, "2303035752": {"name": "mitchell wand", "type": "author", "activity": 29, "h_index": 21, "h5_index": 2, "mag_id": "2303035752", "num_publications": 1, "num_citations": 5, "num_publications_5y": 0, "num_citations_5y": 2, "num_publications_10y": 1, "num_citations_10y": 4, "publications_years": {"2011": 1}, "citations_years": {"2012": 1, "2013": 1, "2014": 2, "2015": 0, "2016": 0, "2017": 0, "2018": 0, "2019": 1}, "old_citations": {"2011": 5}, "isVisible": false}, "2304348218": {"name": "ilya sergey", "type": "author", "activity": 12, "h_index": 15, "h5_index": 9, "mag_id": "2304348218", "num_publications": 1, "num_citations": 3, "num_publications_5y": 0, "num_citations_5y": 0, "num_publications_10y": 1, "num_citations_10y": 3, "publications_years": {"2011": 1}, "citations_years": {"2012": 1, "2013": 2}, "old_citations": {"2011": 3}, "isVisible": false}, "2338517439": {"name": "a p van der meer", "type": "author", "activity": 2, "h_index": 2, "h5_index": 0, "mag_id": "2338517439", "num_publications": 1, "num_citations": 3, "num_publications_5y": 0, "num_citations_5y": 1, "num_publications_10y": 1, "num_citations_10y": 3, "publications_years": {"2010": 1}, "citations_years": {"2012": 2, "2013": 0, "2014": 1}, "old_citations": {"2010": 3}, "isVisible": false}, "2441989081": {"name": "jorge sousa pinto", "type": "author", "activity": 24, "h_index": 11, "h5_index": 2, "mag_id": "2441989081", "num_publications": 1, "num_citations": 11, "num_publications_5y": 0, "num_citations_5y": 2, "num_publications_10y": 1, "num_citations_10y": 10, "publications_years": {"2010": 1}, "citations_years": {"2010": 4, "2011": 2, "2012": 1, "2013": 1, "2014": 0, "2015": 0, "2016": 1, "2017": 1, "2018": 0, "2019": 1}, "old_citations": {"2010": 11}, "isVisible": false}, "2570854112": {"name": "alberto pardo", "type": "author", "activity": 22, "h_index": 7, "h5_index": 1, "mag_id": "2570854112", "num_publications": 1, "num_citations": 1, "num_publications_5y": 0, "num_citations_5y": 1, "num_publications_10y": 1, "num_citations_10y": 1, "publications_years": {"2011": 1}, "citations_years": {"2014": 1}, "old_citations": {"2011": 1}, "isVisible": false}, "2664618570": {"name": "torbjorn ekman", "type": "author", "activity": 13, "h_index": 10, "h5_index": 0, "mag_id": "2664618570", "num_publications": 1, "num_citations": 14, "num_publications_5y": 0, "num_citations_5y": 0, "num_publications_10y": 0, "num_citations_10y": 6, "publications_years": {"2007": 1}, "citations_years": {"2007": 6, "2008": 1, "2009": 2, "2010": 4, "2011": 0, "2012": 0, "2013": 0, "2014": 0, "2015": 0, "2016": 0, "2017": 0, "2018": 0, "2019": 1}, "old_citations": {"2007": 14}, "isVisible": false}, "2884464947": {"name": "claude marche", "type": "author", "activity": 2, "h_index": 2, "h5_index": 0, "mag_id": "2884464947", "num_publications": 1, "num_citations": 3, "num_publications_5y": 0, "num_citations_5y": 0, "num_publications_10y": 1, "num_citations_10y": 3, "publications_years": {"2010": 1}, "citations_years": {"2010": 2, "2011": 0, "2012": 1}, "old_citations": {"2010": 3}, "isVisible": false}, "2949997151": {"name": "yitzhak mandelbaum", "type": "author", "activity": 3, "h_index": 3, "h5_index": 0, "mag_id": "2949997151", "num_publications": 1, "num_citations": 3, "num_publications_5y": 0, "num_citations_5y": 2, "num_publications_10y": 1, "num_citations_10y": 3, "publications_years": {"2011": 1}, "citations_years": {"2012": 1, "2013": 0, "2014": 0, "2015": 1, "2016": 1}, "old_citations": {"2011": 3}, "isVisible": false}, "2951432815": {"name": "xavier cregut", "type": "author", "activity": 9, "h_index": 7, "h5_index": 0, "mag_id": "2951432815", "num_publications": 1, "num_citations": 8, "num_publications_5y": 0, "num_citations_5y": 5, "num_publications_10y": 1, "num_citations_10y": 8, "publications_years": {"2012": 1}, "citations_years": {"2012": 1, "2013": 2, "2014": 3, "2015": 1, "2016": 1}, "old_citations": {"2012": 8}, "isVisible": false}, "2964435731": {"name": "jan martin jansen", "type": "author", "activity": 15, "h_index": 6, "h5_index": 1, "mag_id": "2964435731", "num_publications": 1, "num_citations": 9, "num_publications_5y": 0, "num_citations_5y": 3, "num_publications_10y": 1, "num_citations_10y": 8, "publications_years": {"2010": 1}, "citations_years": {"2011": 2, "2012": 2, "2013": 1, "2014": 1, "2015": 0, "2016": 1, "2017": 0, "2018": 1, "2019": 1}, "old_citations": {"2010": 9}, "isVisible": false}, "2965036992": {"name": "jeanchristophe bach", "type": "author", "activity": 1, "h_index": 1, "h5_index": 0, "mag_id": "2965036992", "num_publications": 1, "num_citations": 8, "num_publications_5y": 0, "num_citations_5y": 5, "num_publications_10y": 1, "num_citations_10y": 8, "publications_years": {"2012": 1}, "citations_years": {"2012": 1, "2013": 2, "2014": 3, "2015": 1, "2016": 1}, "old_citations": {"2012": 8}, "isVisible": false}}, "countries": {"Netherlands": {"name": "Netherlands", "type": "country", "h5_index": 91, "num_publications": 10, "num_citations": 54, "num_publications_5y": 0, "num_citations_5y": 32, "num_publications_10y": 10, "num_citations_10y": 52, "publications_years": {"2012": 4, "2011": 3, "2010": 3}, "citations_years": {"2013": 9, "2014": 14, "2015": 7, "2016": 3, "2017": 5, "2012": 6, "2010": 1, "2011": 4, "2018": 3, "2019": 2}, "old_citations": {"2012": 34, "2011": 6, "2010": 14}, "isVisible": false}, "Germany": {"name": "Germany", "type": "country", "h5_index": 139, "num_publications": 5, "num_citations": 87, "num_publications_5y": 0, "num_citations_5y": 57, "num_publications_10y": 5, "num_citations_10y": 79, "publications_years": {"2012": 3, "2011": 2}, "citations_years": {"2012": 10, "2013": 10, "2014": 11, "2015": 12, "2016": 14, "2017": 11, "2018": 9, "2019": 7, "2020": 1, "2011": 2}, "old_citations": {"2012": 74, "2011": 13}, "isVisible": false}, "United Kingdom": {"name": "United Kingdom", "type": "country", "h5_index": 172, "num_publications": 4, "num_citations": 16, "num_publications_5y": 0, "num_citations_5y": 11, "num_publications_10y": 4, "num_citations_10y": 15, "publications_years": {"2010": 1, "2011": 3}, "citations_years": {"2010": 1, "2011": 2, "2012": 1, "2013": 0, "2014": 3, "2015": 4, "2016": 3, "2017": 0, "2018": 1, "2019": 1}, "old_citations": {"2010": 11, "2011": 5}, "isVisible": false}, "Denmark": {"name": "Denmark", "type": "country", "h5_index": 65, "num_publications": 3, "num_citations": 54, "num_publications_5y": 0, "num_citations_5y": 5, "num_publications_10y": 2, "num_citations_10y": 20, "publications_years": {"2003": 1, "2010": 1, "2012": 1}, "citations_years": {"2002": 1, "2003": 3, "2004": 11, "2005": 6, "2006": 6, "2007": 3, "2008": 3, "2009": 7, "2010": 4, "2011": 2, "2012": 0, "2013": 2, "2014": 2, "2015": 1, "2016": 0, "2017": 1, "2018": 1, "2019": 1}, "old_citations": {"2003": 53, "2010": 1, "2012": 0}, "isVisible": false}, "France": {"name": "France", "type": "country", "h5_index": 99, "num_publications": 3, "num_citations": 11, "num_publications_5y": 0, "num_citations_5y": 5, "num_publications_10y": 3, "num_citations_10y": 11, "publications_years": {"2010": 2, "2012": 1}, "citations_years": {"2010": 2, "2011": 0, "2012": 2, "2013": 2, "2014": 3, "2015": 1, "2016": 1}, "old_citations": {"2010": 3, "2012": 8}, "isVisible": false}, "Sweden": {"name": "Sweden", "type": "country", "h5_index": 82, "num_publications": 3, "num_citations": 165, "num_publications_5y": 0, "num_citations_5y": 32, "num_publications_10y": 1, "num_citations_10y": 105, "publications_years": {"2011": 1, "2003": 2}, "citations_years": {"2012": 15, "2013": 14, "2014": 7, "2015": 12, "2016": 3, "2017": 6, "2018": 4, "2019": 2, "2020": 3, "2003": 1, "2004": 6, "2005": 4, "2006": 8, "2007": 22, "2008": 14, "2009": 17, "2010": 21, "2011": 6}, "old_citations": {"2011": 10, "2003": 155}, "isVisible": false}, "United States": {"name": "United States", "type": "country", "h5_index": 308, "num_publications": 3, "num_citations": 14, "num_publications_5y": 0, "num_citations_5y": 6, "num_publications_10y": 2, "num_citations_10y": 11, "publications_years": {"2011": 2, "2003": 1}, "citations_years": {"2012": 4, "2013": 1, "2014": 4, "2015": 0, "2016": 1, "2017": 0, "2018": 1, "2019": 1, "2005": 1, "2006": 1, "2007": 0, "2008": 0, "2009": 0, "2010": 0, "2011": 0}, "old_citations": {"2011": 8, "2003": 6}, "isVisible": false}, "Belgium": {"name": "Belgium", "type": "country", "h5_index": 72, "num_publications": 2, "num_citations": 56, "num_publications_5y": 0, "num_citations_5y": 10, "num_publications_10y": 1, "num_citations_10y": 27, "publications_years": {"2003": 1, "2011": 1}, "citations_years": {"2003": 4, "2004": 4, "2005": 3, "2006": 3, "2007": 7, "2008": 6, "2009": 6, "2010": 2, "2011": 2, "2012": 4, "2013": 3, "2014": 1, "2015": 4, "2016": 1, "2017": 1, "2018": 3, "2019": 2}, "old_citations": {"2003": 53, "2011": 3}, "isVisible": false}, "Estonia": {"name": "Estonia", "type": "country", "h5_index": 27, "num_publications": 1, "num_citations": 5, "num_publications_5y": 0, "num_citations_5y": 3, "num_publications_10y": 1, "num_citations_10y": 5, "publications_years": {"2010": 1}, "citations_years": {"2012": 1, "2013": 1, "2014": 1, "2015": 1, "2016": 0, "2017": 1}, "old_citations": {"2010": 5}, "isVisible": false}, "Italy": {"name": "Italy", "type": "country", "h5_index": 94, "num_publications": 1, "num_citations": 4, "num_publications_5y": 0, "num_citations_5y": 1, "num_publications_10y": 1, "num_citations_10y": 4, "publications_years": {"2010": 1}, "citations_years": {"2011": 1, "2012": 1, "2013": 1, "2014": 0, "2015": 0, "2016": 0, "2017": 0, "2018": 1}, "old_citations": {"2010": 4}, "isVisible": false}, "Norway": {"name": "Norway", "type": "country", "h5_index": 56, "num_publications": 1, "num_citations": 0, "num_publications_5y": 0, "num_citations_5y": 0, "num_publications_10y": 1, "num_citations_10y": 0, "publications_years": {"2010": 1}, "citations_years": {}, "old_citations": {"2010": 0}, "isVisible": false}, "Portugal": {"name": "Portugal", "type": "country", "h5_index": 44, "num_publications": 1, "num_citations": 11, "num_publications_5y": 0, "num_citations_5y": 2, "num_publications_10y": 1, "num_citations_10y": 10, "publications_years": {"2010": 1}, "citations_years": {"2010": 4, "2011": 2, "2012": 1, "2013": 1, "2014": 0, "2015": 0, "2016": 1, "2017": 1, "2018": 0, "2019": 1}, "old_citations": {"2010": 11}, "isVisible": false}, "South Korea": {"name": "South Korea", "type": "country", "h5_index": 100, "num_publications": 1, "num_citations": 53, "num_publications_5y": 0, "num_citations_5y": 5, "num_publications_10y": 0, "num_citations_10y": 19, "publications_years": {"2003": 1}, "citations_years": {"2002": 1, "2003": 3, "2004": 11, "2005": 6, "2006": 6, "2007": 3, "2008": 3, "2009": 7, "2010": 4, "2011": 1, "2012": 0, "2013": 2, "2014": 2, "2015": 1, "2016": 0, "2017": 1, "2018": 1, "2019": 1}, "old_citations": {"2003": 53}, "isVisible": false}}}, "conference_comparison": {"computer science": {}}, "topics_dna": {"publications": {}, "citations": {"normalized": {}, "average": {}}}, "info": {"num_publications": 45, "num_citations": 541.0, "impact_factor": {"2003": 0.5, "2004": 3.142857142857143, "2005": 2.3333333333333335, "2006": 0, "2007": 0, "2008": 1.0, "2009": 1.0, "2010": 0.0, "2011": 1.1538461538461537, "2012": 0.8}, "publications_years": {"2010": 13, "2011": 12, "2012": 10, "2003": 6, "2001": 1, "2002": 1, "2007": 1, "2008": 1}, "citations_years": {"2002": 1, "2003": 11, "2004": 22, "2005": 14, "2006": 19, "2007": 39, "2008": 24, "2009": 33, "2010": 45, "2011": 27, "2012": 48, "2013": 51, "2014": 51, "2015": 49, "2016": 30, "2017": 30, "2018": 23, "2019": 20, "2020": 4}, "old_citations": {"2010": 80, "2011": 43, "2012": 128, "2003": 275, "2001": 0, "2002": 1, "2007": 14, "2008": 0}, "h5_index": 0}, "percentile": {"computer science": {"2010": 75, "2011": 65, "2012": 92, "2003": 97, "2001": 21, "2002": 79, "2007": 88, "2008": 18}}, "conference_ranking": {"computer science": {"2010": 1041, "2011": 1466, "2012": 324, "2003": 128, "2001": 3359, "2002": 896, "2007": 488, "2008": 3487}}, "academia": {"num_publications": 33, "num_citations": 468, "publications_years": {"2003": 5, "2004": 0, "2005": 0, "2006": 0, "2007": 0, "2008": 0, "2009": 0, "2010": 10, "2011": 10, "2012": 8}, "old_citations": {"2003": 267, "2004": 0, "2005": 0, "2006": 0, "2007": 0, "2008": 0, "2009": 0, "2010": 49, "2011": 39, "2012": 113}, "num_publications_5y": 0, "num_citations_5y": 0, "num_publications_10y": 18, "num_citations_10y": 152}, "industry": {"num_publications": 0, "num_citations": 0, "publications_years": {}, "old_citations": {}, "num_publications_5y": 0, "num_citations_5y": 0, "num_publications_10y": 0, "num_citations_10y": 0}, "collaborative": {"num_publications": 0, "num_citations": 0, "publications_years": {}, "old_citations": {}, "num_publications_5y": 0, "num_citations_5y": 0, "num_publications_10y": 0, "num_citations_10y": 0}, "conferences": {}, "journals": {}, "organizations": {"publication_overall": ["Utrecht University", "Lund University", "Aarhus University", "Delft University of Technology", "Eindhoven University of Technology", "Radboud University Nijmegen", "Royal Holloway University of London", "University of Southampton", "Bielefeld University", "Ca Foscari University of Venice", "French National Centre for Scientific Research", "Hamburg University of Technology", "Hanyang University", "KU Leuven", "Northeastern University", "Philipp University of Marburg", "Potsdam Institute for Climate Impact Research", "University of Antwerp", "University of Bergen", "University of Bonn", "University of Copenhagen", "University of Franche-Comt\u00e9", "University of Koblenz and Landau", "University of London", "University of Lorraine", "University of Minho", "University of Minnesota", "University of Nebraska at Omaha", "University of Tartu", "University of Toulouse", "Vrije Universiteit Brussel"], "citation_overall": ["Lund University", "Philipp University of Marburg", "Aarhus University", "Hanyang University", "University of Antwerp", "Vrije Universiteit Brussel", "Delft University of Technology", "Royal Holloway University of London", "Utrecht University", "Radboud University Nijmegen", "University of London", "University of Minho", "Bielefeld University", "University of Lorraine", "University of Toulouse", "Eindhoven University of Technology", "University of Minnesota", "Northeastern University", "University of Tartu", "Ca Foscari University of Venice", "Hamburg University of Technology", "KU Leuven", "Potsdam Institute for Climate Impact Research", "University of Franche-Comt\u00e9", "University of Koblenz and Landau", "University of Nebraska at Omaha", "University of Southampton", "University of Copenhagen", "French National Centre for Scientific Research", "University of Bergen", "University of Bonn"], "publication_10_years": ["Utrecht University", "Delft University of Technology", "University of Southampton", "Aarhus University", "Bielefeld University", "Eindhoven University of Technology", "Hamburg University of Technology", "KU Leuven", "Lund University", "Northeastern University", "Philipp University of Marburg", "Potsdam Institute for Climate Impact Research", "Radboud University Nijmegen", "Royal Holloway University of London", "University of Bonn", "University of Koblenz and Landau", "University of Lorraine", "University of Nebraska at Omaha", "University of Toulouse"], "citation_10_years": ["Philipp University of Marburg", "Delft University of Technology", "Utrecht University", "Bielefeld University", "Lund University", "University of Lorraine", "University of Toulouse", "Northeastern University", "Eindhoven University of Technology", "Hamburg University of Technology", "KU Leuven", "Potsdam Institute for Climate Impact Research", "Royal Holloway University of London", "University of Koblenz and Landau", "University of Nebraska at Omaha", "Radboud University Nijmegen", "University of Southampton", "Aarhus University", "University of Bonn"], "publication_5_years": [], "citation_5_years": []}, "countries": {"publication_overall": ["Netherlands", "Germany", "United Kingdom", "Denmark", "France", "Sweden", "United States", "Belgium", "Estonia", "Italy", "Norway", "Portugal", "South Korea"], "citation_overall": ["Sweden", "Germany", "Belgium", "Denmark", "Netherlands", "South Korea", "United Kingdom", "United States", "France", "Portugal", "Estonia", "Italy", "Norway"], "publication_10_years": ["Netherlands", "Germany", "United Kingdom", "United States", "Belgium", "Denmark", "France", "Sweden"], "citation_10_years": ["Germany", "Netherlands", "Sweden", "France", "United States", "United Kingdom", "Belgium", "Denmark"], "publication_5_years": [], "citation_5_years": []}, "topics": {"publication_overall": ["computer science", "computer systems", "computer programming", "computer programming languages", "linguistics", "object oriented programming", "artificial intelligence", "distributed computer systems", "distributed systems", "parallel processing systems", "software engineering", "program compilers", "database systems", "embedded systems", "theoretical computer science", "software design", "semantics", "computational linguistics", "formal languages and automata theory", "formal languages"], "citation_overall": ["computer science", "computer programming", "computer programming languages", "object oriented programming", "computer systems", "software engineering", "linguistics", "software design", "semantics", "artificial intelligence", "distributed computer systems", "distributed systems", "parallel processing systems", "database systems", "program compilers", "theoretical computer science", "computational linguistics", "embedded systems", "formal languages and automata theory", "natural language processing"], "publication_10_years": ["computer science", "computer systems", "computer programming", "computer programming languages", "linguistics", "artificial intelligence", "database systems", "distributed computer systems", "distributed systems", "parallel processing systems", "program compilers", "embedded systems", "object oriented programming", "software engineering", "semantics", "theoretical computer science", "computational linguistics", "software design", "formal languages and automata theory", "natural language processing"], "citation_10_years": ["computer science", "computer systems", "software engineering", "software design", "software", "linguistics", "software architecture", "artificial intelligence", "computer networks", "semantics", "telecommunication networks", "telecommunication systems", "database systems", "computer programming", "computer programming languages", "communication", "software developer", "embedded systems", "automatic composition", "bandwidth"], "publication_5_years": [], "citation_5_years": []}, "main_topics": ["computer science"], "authors": {"publication_overall": ["1946404797", "2079843318", "327043896", "1453097970", "1978908949", "2008571019", "2026081480", "2076191171", "2105034400", "2107989050", "2123037649", "2131973199", "2152795524", "2232411270", "2574676630", "2616912264", "2924209853", "123645491", "134623153", "150696551", "154878420", "220847135", "342308072", "621424736", "1446177143", "1488010472", "1567547428", "1576900243", "1593653368", "1625632746", "1921302331", "1968079546", "1983299346", "1985008888", "1985172114", "1986880241", "1988587816", "1994515391", "1995276563", "2008620937", "2012727121", "2026665269", "2026882024", "2030505841", "2032874399", "2037313310", "2039648673", "2042412137", "2045289439", "2047031519", "2056060234", "2061355173", "2062130630", "2065759435", "2070731461", "2075481397", "2090299724", "2098330742", "2111424059", "2115720218", "2118902147", "2126634756", "2126830777", "2126986002", "2134572359", "2135987173", "2136415011", "2138398974", "2143773872", "2145140262", "2156947101", "2159522917", "2171966257", "2173909884", "2186698897", "2191539534", "2222150189", "2228872422", "2303035752", "2304348218", "2338517439", "2441989081", "2570854112", "2664618570", "2884464947", "2949997151", "2951432815", "2964435731", "2965036992"], "citation_overall": ["1946404797", "2924209853", "1576900243", "2062130630", "2143773872", "1986880241", "1994515391", "2030505841", "2042412137", "2065759435", "2111424059", "2135987173", "2076191171", "2131973199", "621424736", "1983299346", "2061355173", "2228872422", "1488010472", "1978908949", "2107989050", "2134572359", "2664618570", "2039648673", "1453097970", "2008571019", "2037313310", "2152795524", "2159522917", "2441989081", "2574676630", "154878420", "2079843318", "2171966257", "2173909884", "2118902147", "2964435731", "1995276563", "2115720218", "2186698897", "2951432815", "2965036992", "1985008888", "2123037649", "2026081480", "2145140262", "1985172114", "2056060234", "2303035752", "1625632746", "2026882024", "2105034400", "220847135", "342308072", "1921302331", "1988587816", "2026665269", "2045289439", "2047031519", "2070731461", "2090299724", "2126634756", "2126830777", "2126986002", "2156947101", "2304348218", "2338517439", "2884464947", "2949997151", "1446177143", "1567547428", "2136415011", "2138398974", "2232411270", "2616912264", "123645491", "327043896", "2075481397", "2098330742", "2222150189", "2570854112", "134623153", "150696551", "1593653368", "1968079546", "2008620937", "2012727121", "2032874399", "2191539534"], "publication_10_years": ["2026081480", "2123037649", "2131973199", "2152795524", "2232411270", "2574676630", "2616912264", "154878420", "1453097970", "1567547428", "1576900243", "1921302331", "1946404797", "1978908949", "1985008888", "1988587816", "1995276563", "2008571019", "2012727121", "2039648673", "2045289439", "2056060234", "2061355173", "2062130630", "2075481397", "2079843318", "2090299724", "2098330742", "2105034400", "2107989050", "2126634756", "2126830777", "2136415011", "2143773872", "2156947101", "2171966257", "2173909884", "2191539534", "2222150189", "2228872422", "2303035752", "2304348218", "2570854112", "2949997151", "2951432815", "2965036992"], "citation_10_years": ["1576900243", "2062130630", "2143773872", "2131973199", "2061355173", "2228872422", "2039648673", "2152795524", "2574676630", "154878420", "1946404797", "2171966257", "2173909884", "1995276563", "2079843318", "2951432815", "2965036992", "1985008888", "2123037649", "2026081480", "2056060234", "2303035752", "1921302331", "1978908949", "1988587816", "2045289439", "2090299724", "2105034400", "2107989050", "2126634756", "2126830777", "2156947101", "2304348218", "2949997151", "1453097970", "1567547428", "2008571019", "2136415011", "2232411270", "2616912264", "2075481397", "2098330742", "2222150189", "2570854112", "2012727121", "2191539534"], "publication_5_years": [], "citation_5_years": []}, "industrial_sectors": {"publication_overall": [], "citation_overall": [], "publication_10_years": [], "citation_10_years": [], "publication_5_years": [], "citation_5_years": []}}