{"name": "International Conference on Devices and Communications", "acronym": "ICDeCom", "type": "conference", "uniqueEntities": {"organizations": {"National Institute of Technology Durgapur": {"name": "National Institute of Technology Durgapur", "type": "organization", "organization_type": "Education", "h_index": 25, "h5_index": 13, "num_publications": 5, "num_citations": 21, "num_publications_5y": 0, "num_citations_5y": 10, "num_publications_10y": 5, "num_citations_10y": 21, "publications_years": {"2011": 5}, "citations_years": {"2011": 4, "2012": 6, "2013": 1, "2014": 4, "2015": 3, "2016": 1, "2017": 2}, "old_citations": {"2011": 21}, "isVisible": false}, "Birla Institute of Technology and Science, Pilani": {"name": "Birla Institute of Technology and Science, Pilani", "type": "organization", "organization_type": "Education", "h_index": 37, "h5_index": 19, "num_publications": 4, "num_citations": 16, "num_publications_5y": 0, "num_citations_5y": 7, "num_publications_10y": 4, "num_citations_10y": 13, "publications_years": {"2011": 4}, "citations_years": {"2011": 1, "2012": 3, "2013": 2, "2014": 4, "2015": 1, "2016": 1, "2017": 0, "2018": 1, "2019": 1, "2020": 2}, "old_citations": {"2011": 16}, "isVisible": false}, "Indian Institute of Technology Kharagpur": {"name": "Indian Institute of Technology Kharagpur", "type": "organization", "organization_type": "Education", "h_index": 72, "h5_index": 31, "num_publications": 4, "num_citations": 55, "num_publications_5y": 0, "num_citations_5y": 33, "num_publications_10y": 4, "num_citations_10y": 53, "publications_years": {"2011": 4}, "citations_years": {"2013": 11, "2014": 12, "2015": 9, "2016": 1, "2017": 6, "2018": 5, "2012": 8, "2019": 0, "2020": 2, "2011": 1}, "old_citations": {"2011": 55}, "isVisible": false}, "Anna University, Chennai": {"name": "Anna University, Chennai", "type": "organization", "organization_type": "Education", "h_index": 41, "h5_index": 20, "num_publications": 3, "num_citations": 19, "num_publications_5y": 0, "num_citations_5y": 4, "num_publications_10y": 3, "num_citations_10y": 17, "publications_years": {"2011": 3}, "citations_years": {"2011": 4, "2012": 4, "2013": 5, "2014": 1, "2015": 1, "2016": 1, "2017": 1, "2018": 0, "2019": 2}, "old_citations": {"2011": 19}, "isVisible": false}, "National Institute of Technology Rourkela": {"name": "National Institute of Technology Rourkela", "type": "organization", "organization_type": "Education", "h_index": 38, "h5_index": 20, "num_publications": 3, "num_citations": 41, "num_publications_5y": 0, "num_citations_5y": 25, "num_publications_10y": 3, "num_citations_10y": 36, "publications_years": {"2011": 3}, "citations_years": {"2012": 5, "2013": 6, "2014": 9, "2015": 6, "2016": 4, "2017": 2, "2018": 4, "2019": 5}, "old_citations": {"2011": 41}, "isVisible": false}, "Aligarh Muslim University": {"name": "Aligarh Muslim University", "type": "organization", "organization_type": "Education", "h_index": 24, "h5_index": 11, "num_publications": 2, "num_citations": 18, "num_publications_5y": 0, "num_citations_5y": 12, "num_publications_10y": 2, "num_citations_10y": 16, "publications_years": {"2011": 2}, "citations_years": {"2011": 1, "2012": 0, "2013": 3, "2014": 5, "2015": 3, "2016": 0, "2017": 2, "2018": 2, "2019": 2}, "old_citations": {"2011": 18}, "isVisible": false}, "Indian Institute of Technology Roorkee": {"name": "Indian Institute of Technology Roorkee", "type": "organization", "organization_type": "Education", "h_index": 51, "h5_index": 25, "num_publications": 2, "num_citations": 6, "num_publications_5y": 0, "num_citations_5y": 4, "num_publications_10y": 2, "num_citations_10y": 4, "publications_years": {"2011": 2}, "citations_years": {"2016": 1, "2017": 3, "2018": 0, "2019": 2}, "old_citations": {"2011": 6}, "isVisible": false}, "Thapar University": {"name": "Thapar University", "type": "organization", "organization_type": "Education", "h_index": 50, "h5_index": 41, "num_publications": 2, "num_citations": 15, "num_publications_5y": 0, "num_citations_5y": 8, "num_publications_10y": 2, "num_citations_10y": 14, "publications_years": {"2011": 2}, "citations_years": {"2011": 1, "2012": 2, "2013": 3, "2014": 3, "2015": 2, "2016": 2, "2017": 1, "2018": 0, "2019": 1}, "old_citations": {"2011": 15}, "isVisible": false}, "Aalborg University": {"name": "Aalborg University", "type": "organization", "organization_type": "Education", "h_index": 132, "h5_index": 41, "num_publications": 1, "num_citations": 77, "num_publications_5y": 0, "num_citations_5y": 60, "num_publications_10y": 1, "num_citations_10y": 72, "publications_years": {"2011": 1}, "citations_years": {"2011": 1, "2012": 2, "2013": 9, "2014": 14, "2015": 17, "2016": 15, "2017": 10, "2018": 4, "2019": 4, "2020": 1}, "old_citations": {"2011": 77}, "isVisible": false}, "Andhra University": {"name": "Andhra University", "type": "organization", "organization_type": "Education", "h_index": 16, "h5_index": 9, "num_publications": 1, "num_citations": 1, "num_publications_5y": 0, "num_citations_5y": 1, "num_publications_10y": 1, "num_citations_10y": 1, "publications_years": {"2011": 1}, "citations_years": {"2014": 1}, "old_citations": {"2011": 1}, "isVisible": false}, "Annamalai University": {"name": "Annamalai University", "type": "organization", "organization_type": "Education", "h_index": 25, "h5_index": 10, "num_publications": 1, "num_citations": 10, "num_publications_5y": 0, "num_citations_5y": 1, "num_publications_10y": 1, "num_citations_10y": 9, "publications_years": {"2011": 1}, "citations_years": {"2011": 2, "2012": 3, "2013": 3, "2014": 1, "2015": 0, "2016": 0, "2017": 0, "2018": 0, "2019": 1}, "old_citations": {"2011": 10}, "isVisible": false}, "Birla Institute of Technology, Mesra": {"name": "Birla Institute of Technology, Mesra", "type": "organization", "organization_type": "Education", "h_index": 25, "h5_index": 11, "num_publications": 1, "num_citations": 6, "num_publications_5y": 0, "num_citations_5y": 4, "num_publications_10y": 1, "num_citations_10y": 6, "publications_years": {"2011": 1}, "citations_years": {"2013": 2, "2014": 1, "2015": 1, "2016": 0, "2017": 1, "2018": 1}, "old_citations": {"2011": 6}, "isVisible": false}, "Centre for Development of Advanced Computing": {"name": "Centre for Development of Advanced Computing", "type": "organization", "organization_type": "Facility", "h_index": 23, "h5_index": 9, "num_publications": 1, "num_citations": 4, "num_publications_5y": 0, "num_citations_5y": 2, "num_publications_10y": 1, "num_citations_10y": 2, "publications_years": {"2011": 1}, "citations_years": {"2016": 1, "2017": 1, "2018": 0, "2019": 2}, "old_citations": {"2011": 4}, "isVisible": false}, "GITAM University": {"name": "GITAM University", "type": "organization", "organization_type": "Education", "h_index": 12, "h5_index": 7, "num_publications": 1, "num_citations": 1, "num_publications_5y": 0, "num_citations_5y": 1, "num_publications_10y": 1, "num_citations_10y": 1, "publications_years": {"2011": 1}, "citations_years": {"2014": 1}, "old_citations": {"2011": 1}, "isVisible": false}, "Indian Institute of Technology Delhi": {"name": "Indian Institute of Technology Delhi", "type": "organization", "organization_type": "Education", "h_index": 75, "h5_index": 27, "num_publications": 1, "num_citations": 0, "num_publications_5y": 0, "num_citations_5y": 0, "num_publications_10y": 1, "num_citations_10y": 0, "publications_years": {"2011": 1}, "citations_years": {}, "old_citations": {"2011": 0}, "isVisible": false}, "Indian Institute of Technology Guwahati": {"name": "Indian Institute of Technology Guwahati", "type": "organization", "organization_type": "Education", "h_index": 43, "h5_index": 22, "num_publications": 1, "num_citations": 3, "num_publications_5y": 0, "num_citations_5y": 2, "num_publications_10y": 1, "num_citations_10y": 3, "publications_years": {"2011": 1}, "citations_years": {"2013": 1, "2014": 1, "2015": 0, "2016": 1}, "old_citations": {"2011": 3}, "isVisible": false}, "Jadavpur University": {"name": "Jadavpur University", "type": "organization", "organization_type": "Education", "h_index": 60, "h5_index": 21, "num_publications": 1, "num_citations": 12, "num_publications_5y": 0, "num_citations_5y": 3, "num_publications_10y": 1, "num_citations_10y": 11, "publications_years": {"2011": 1}, "citations_years": {"2011": 1, "2012": 3, "2013": 4, "2014": 2, "2015": 0, "2016": 1, "2017": 0, "2018": 0, "2019": 1}, "old_citations": {"2011": 12}, "isVisible": false}, "National Institute of Technology Kurukshetra": {"name": "National Institute of Technology Kurukshetra", "type": "organization", "organization_type": "Education", "h_index": 36, "h5_index": 28, "num_publications": 1, "num_citations": 3, "num_publications_5y": 0, "num_citations_5y": 1, "num_publications_10y": 1, "num_citations_10y": 3, "publications_years": {"2011": 1}, "citations_years": {"2013": 2, "2014": 0, "2015": 0, "2016": 1}, "old_citations": {"2011": 3}, "isVisible": false}, "Nirma University": {"name": "Nirma University", "type": "organization", "organization_type": "Education", "h_index": 18, "h5_index": 12, "num_publications": 1, "num_citations": 4, "num_publications_5y": 0, "num_citations_5y": 1, "num_publications_10y": 1, "num_citations_10y": 4, "publications_years": {"2011": 1}, "citations_years": {"2012": 2, "2013": 1, "2014": 0, "2015": 0, "2016": 1}, "old_citations": {"2011": 4}, "isVisible": false}, "Tata Consultancy Services (India)": {"name": "Tata Consultancy Services (India)", "type": "organization", "organization_type": "Company", "h_index": 40, "h5_index": 14, "num_publications": 1, "num_citations": 6, "num_publications_5y": 0, "num_citations_5y": 0, "num_publications_10y": 1, "num_citations_10y": 6, "publications_years": {"2011": 1}, "citations_years": {"2012": 3, "2013": 3}, "old_citations": {"2011": 6}, "isVisible": false}}, "topics": {"computer science": {"name": "computer science", "type": "topic", "h_index": 1779, "h5_index": 416, "num_publications": 40, "num_citations": 345, "num_publications_5y": 0, "num_citations_5y": 197, "num_publications_10y": 40, "num_citations_10y": 320, "publications_years": {"2011": 40}, "citations_years": {"2012": 42, "2013": 66, "2014": 63, "2015": 48, "2016": 31, "2011": 15, "2017": 37, "2018": 18, "2019": 20, "2020": 5}, "old_citations": {"2011": 345}, "isVisible": false}, "engineering": {"name": "engineering", "type": "topic", "h_index": 1177, "h5_index": 287, "num_publications": 35, "num_citations": 207, "num_publications_5y": 0, "num_citations_5y": 101, "num_publications_10y": 35, "num_citations_10y": 194, "publications_years": {"2011": 35}, "citations_years": {"2012": 35, "2013": 45, "2014": 37, "2015": 22, "2016": 13, "2011": 13, "2017": 18, "2018": 11, "2019": 9, "2020": 4}, "old_citations": {"2011": 207}, "isVisible": false}, "computer systems": {"name": "computer systems", "type": "topic", "h_index": 1595, "h5_index": 367, "num_publications": 34, "num_citations": 236, "num_publications_5y": 0, "num_citations_5y": 132, "num_publications_10y": 34, "num_citations_10y": 218, "publications_years": {"2011": 34}, "citations_years": {"2012": 31, "2013": 43, "2014": 41, "2015": 29, "2016": 29, "2011": 12, "2017": 22, "2018": 11, "2019": 14, "2020": 4}, "old_citations": {"2011": 236}, "isVisible": false}, "computer networks": {"name": "computer networks", "type": "topic", "h_index": 1262, "h5_index": 332, "num_publications": 33, "num_citations": 279, "num_publications_5y": 0, "num_citations_5y": 160, "num_publications_10y": 33, "num_citations_10y": 257, "publications_years": {"2011": 33}, "citations_years": {"2012": 33, "2013": 51, "2014": 51, "2015": 37, "2016": 27, "2011": 13, "2017": 31, "2018": 14, "2019": 18, "2020": 4}, "old_citations": {"2011": 279}, "isVisible": false}, "telecommunication systems": {"name": "telecommunication systems", "type": "topic", "h_index": 1187, "h5_index": 277, "num_publications": 31, "num_citations": 217, "num_publications_5y": 0, "num_citations_5y": 121, "num_publications_10y": 31, "num_citations_10y": 200, "publications_years": {"2011": 31}, "citations_years": {"2012": 28, "2013": 40, "2014": 36, "2015": 27, "2016": 26, "2011": 11, "2017": 21, "2018": 11, "2019": 13, "2020": 4}, "old_citations": {"2011": 217}, "isVisible": false}, "communication systems": {"name": "communication systems", "type": "topic", "h_index": 1092, "h5_index": 254, "num_publications": 29, "num_citations": 204, "num_publications_5y": 0, "num_citations_5y": 114, "num_publications_10y": 29, "num_citations_10y": 190, "publications_years": {"2011": 29}, "citations_years": {"2012": 28, "2013": 37, "2014": 35, "2015": 26, "2016": 25, "2011": 11, "2017": 19, "2018": 9, "2019": 10, "2020": 4}, "old_citations": {"2011": 204}, "isVisible": false}, "wireless telecommunication systems": {"name": "wireless telecommunication systems", "type": "topic", "h_index": 1087, "h5_index": 254, "num_publications": 29, "num_citations": 204, "num_publications_5y": 0, "num_citations_5y": 114, "num_publications_10y": 29, "num_citations_10y": 190, "publications_years": {"2011": 29}, "citations_years": {"2012": 28, "2013": 37, "2014": 35, "2015": 26, "2016": 25, "2011": 11, "2017": 19, "2018": 9, "2019": 10, "2020": 4}, "old_citations": {"2011": 204}, "isVisible": false}, "signal processing": {"name": "signal processing", "type": "topic", "h_index": 1012, "h5_index": 255, "num_publications": 27, "num_citations": 145, "num_publications_5y": 0, "num_citations_5y": 73, "num_publications_10y": 27, "num_citations_10y": 138, "publications_years": {"2011": 27}, "citations_years": {"2012": 25, "2013": 33, "2014": 26, "2015": 16, "2016": 7, "2011": 7, "2017": 15, "2018": 9, "2019": 5, "2020": 2}, "old_citations": {"2011": 145}, "isVisible": false}, "telecommunication networks": {"name": "telecommunication networks", "type": "topic", "h_index": 1116, "h5_index": 258, "num_publications": 26, "num_citations": 117, "num_publications_5y": 0, "num_citations_5y": 50, "num_publications_10y": 26, "num_citations_10y": 107, "publications_years": {"2011": 26}, "citations_years": {"2012": 23, "2013": 24, "2014": 20, "2015": 8, "2016": 10, "2011": 10, "2017": 7, "2018": 5, "2019": 7, "2020": 3}, "old_citations": {"2011": 117}, "isVisible": false}, "computer hardware": {"name": "computer hardware", "type": "topic", "h_index": 1150, "h5_index": 279, "num_publications": 25, "num_citations": 144, "num_publications_5y": 0, "num_citations_5y": 64, "num_publications_10y": 25, "num_citations_10y": 128, "publications_years": {"2011": 25}, "citations_years": {"2012": 27, "2013": 27, "2014": 26, "2015": 11, "2016": 11, "2011": 10, "2017": 10, "2018": 6, "2019": 13, "2020": 3}, "old_citations": {"2011": 144}, "isVisible": false}, "mathematics": {"name": "mathematics", "type": "topic", "h_index": 1364, "h5_index": 300, "num_publications": 24, "num_citations": 130, "num_publications_5y": 0, "num_citations_5y": 61, "num_publications_10y": 24, "num_citations_10y": 118, "publications_years": {"2011": 24}, "citations_years": {"2012": 24, "2013": 26, "2014": 27, "2015": 10, "2016": 6, "2011": 7, "2017": 11, "2018": 7, "2019": 9, "2020": 3}, "old_citations": {"2011": 130}, "isVisible": false}, "telecommunication traffic": {"name": "telecommunication traffic", "type": "topic", "h_index": 1036, "h5_index": 233, "num_publications": 24, "num_citations": 106, "num_publications_5y": 0, "num_citations_5y": 47, "num_publications_10y": 24, "num_citations_10y": 97, "publications_years": {"2011": 24}, "citations_years": {"2012": 20, "2013": 20, "2014": 19, "2015": 7, "2016": 10, "2011": 10, "2017": 7, "2018": 4, "2019": 6, "2020": 3}, "old_citations": {"2011": 106}, "isVisible": false}, "communication channels (information theory)": {"name": "communication channels (information theory)", "type": "topic", "h_index": 925, "h5_index": 216, "num_publications": 23, "num_citations": 166, "num_publications_5y": 0, "num_citations_5y": 95, "num_publications_10y": 23, "num_citations_10y": 156, "publications_years": {"2011": 23}, "citations_years": {"2012": 22, "2013": 30, "2014": 28, "2015": 22, "2016": 21, "2011": 9, "2017": 17, "2018": 7, "2019": 6, "2020": 4}, "old_citations": {"2011": 166}, "isVisible": false}, "bandwidth": {"name": "bandwidth", "type": "topic", "h_index": 922, "h5_index": 201, "num_publications": 20, "num_citations": 102, "num_publications_5y": 0, "num_citations_5y": 41, "num_publications_10y": 20, "num_citations_10y": 92, "publications_years": {"2011": 20}, "citations_years": {"2014": 13, "2011": 10, "2012": 19, "2013": 22, "2015": 6, "2016": 10, "2017": 9, "2018": 3, "2019": 8, "2020": 2}, "old_citations": {"2011": 102}, "isVisible": false}, "sensors": {"name": "sensors", "type": "topic", "h_index": 960, "h5_index": 229, "num_publications": 19, "num_citations": 94, "num_publications_5y": 0, "num_citations_5y": 39, "num_publications_10y": 19, "num_citations_10y": 86, "publications_years": {"2011": 19}, "citations_years": {"2012": 20, "2013": 21, "2014": 17, "2015": 6, "2016": 8, "2011": 6, "2017": 4, "2018": 4, "2019": 5, "2020": 3}, "old_citations": {"2011": 94}, "isVisible": false}, "wireless communications": {"name": "wireless communications", "type": "topic", "h_index": 773, "h5_index": 173, "num_publications": 19, "num_citations": 86, "num_publications_5y": 0, "num_citations_5y": 38, "num_publications_10y": 19, "num_citations_10y": 79, "publications_years": {"2011": 19}, "citations_years": {"2012": 17, "2013": 18, "2014": 18, "2015": 4, "2016": 8, "2011": 6, "2017": 4, "2018": 4, "2019": 4, "2020": 3}, "old_citations": {"2011": 86}, "isVisible": false}, "data communication systems": {"name": "data communication systems", "type": "topic", "h_index": 1013, "h5_index": 234, "num_publications": 18, "num_citations": 67, "num_publications_5y": 0, "num_citations_5y": 28, "num_publications_10y": 18, "num_citations_10y": 62, "publications_years": {"2011": 18}, "citations_years": {"2012": 14, "2013": 16, "2014": 12, "2015": 4, "2016": 5, "2011": 4, "2017": 4, "2018": 3, "2019": 2, "2020": 3}, "old_citations": {"2011": 67}, "isVisible": false}, "signal to noise ratio": {"name": "signal to noise ratio", "type": "topic", "h_index": 821, "h5_index": 194, "num_publications": 18, "num_citations": 111, "num_publications_5y": 0, "num_citations_5y": 52, "num_publications_10y": 18, "num_citations_10y": 108, "publications_years": {"2011": 18}, "citations_years": {"2012": 25, "2013": 25, "2014": 21, "2015": 11, "2016": 5, "2011": 6, "2017": 9, "2018": 6, "2019": 1, "2020": 2}, "old_citations": {"2011": 111}, "isVisible": false}, "communication": {"name": "communication", "type": "topic", "h_index": 886, "h5_index": 209, "num_publications": 15, "num_citations": 64, "num_publications_5y": 0, "num_citations_5y": 29, "num_publications_10y": 15, "num_citations_10y": 59, "publications_years": {"2011": 15}, "citations_years": {"2012": 12, "2013": 15, "2014": 11, "2015": 3, "2016": 4, "2011": 3, "2017": 7, "2018": 4, "2019": 4, "2020": 1}, "old_citations": {"2011": 64}, "isVisible": false}, "computer imaging and vision": {"name": "computer imaging and vision", "type": "topic", "h_index": 1142, "h5_index": 334, "num_publications": 15, "num_citations": 135, "num_publications_5y": 0, "num_citations_5y": 72, "num_publications_10y": 15, "num_citations_10y": 125, "publications_years": {"2011": 15}, "citations_years": {"2012": 22, "2013": 27, "2014": 29, "2015": 18, "2016": 5, "2011": 4, "2017": 13, "2018": 7, "2019": 6, "2020": 4}, "old_citations": {"2011": 135}, "isVisible": false}, "artificial intelligence": {"name": "artificial intelligence", "type": "topic", "h_index": 1421, "h5_index": 373, "num_publications": 12, "num_citations": 172, "num_publications_5y": 0, "num_citations_5y": 111, "num_publications_10y": 12, "num_citations_10y": 162, "publications_years": {"2011": 12}, "citations_years": {"2011": 4, "2012": 15, "2013": 32, "2014": 29, "2015": 31, "2016": 21, "2017": 22, "2018": 8, "2019": 8, "2020": 2}, "old_citations": {"2011": 172}, "isVisible": false}, "radio": {"name": "radio", "type": "topic", "h_index": 658, "h5_index": 156, "num_publications": 14, "num_citations": 141, "num_publications_5y": 0, "num_citations_5y": 88, "num_publications_10y": 14, "num_citations_10y": 132, "publications_years": {"2011": 14}, "citations_years": {"2014": 24, "2011": 6, "2012": 14, "2013": 24, "2015": 22, "2016": 22, "2017": 14, "2018": 6, "2019": 8, "2020": 1}, "old_citations": {"2011": 141}, "isVisible": false}, "image processing": {"name": "image processing", "type": "topic", "h_index": 1113, "h5_index": 328, "num_publications": 15, "num_citations": 135, "num_publications_5y": 0, "num_citations_5y": 72, "num_publications_10y": 15, "num_citations_10y": 125, "publications_years": {"2011": 15}, "citations_years": {"2012": 22, "2013": 27, "2014": 29, "2015": 18, "2016": 5, "2011": 4, "2017": 13, "2018": 7, "2019": 6, "2020": 4}, "old_citations": {"2011": 135}, "isVisible": false}, "antennas": {"name": "antennas", "type": "topic", "h_index": 645, "h5_index": 152, "num_publications": 10, "num_citations": 119, "num_publications_5y": 0, "num_citations_5y": 74, "num_publications_10y": 10, "num_citations_10y": 112, "publications_years": {"2011": 10}, "citations_years": {"2012": 16, "2013": 20, "2014": 22, "2015": 18, "2016": 17, "2017": 11, "2018": 6, "2019": 5, "2020": 2, "2011": 2}, "old_citations": {"2011": 119}, "isVisible": false}, "cognitive systems": {"name": "cognitive systems", "type": "topic", "h_index": 374, "h5_index": 77, "num_publications": 3, "num_citations": 119, "num_publications_5y": 0, "num_citations_5y": 85, "num_publications_10y": 3, "num_citations_10y": 113, "publications_years": {"2011": 3}, "citations_years": {"2015": 26, "2016": 17, "2011": 2, "2012": 8, "2013": 18, "2014": 20, "2017": 15, "2018": 7, "2019": 4, "2020": 2}, "old_citations": {"2011": 119}, "isVisible": false}}, "authors": {"2139313954": {"name": "sumit kundu", "type": "author", "activity": 17, "h_index": 10, "h5_index": 5, "mag_id": "2139313954", "num_publications": 3, "num_citations": 9, "num_publications_5y": 0, "num_citations_5y": 6, "num_publications_10y": 3, "num_citations_10y": 9, "publications_years": {"2011": 3}, "citations_years": {"2015": 2, "2016": 1, "2012": 3, "2013": 0, "2014": 3}, "old_citations": {"2011": 9}, "isVisible": false}, "2284396573": {"name": "mahesh chandra", "type": "author", "activity": 11, "h_index": 10, "h5_index": 5, "mag_id": "2284396573", "num_publications": 3, "num_citations": 20, "num_publications_5y": 0, "num_citations_5y": 10, "num_publications_10y": 3, "num_citations_10y": 18, "publications_years": {"2011": 3}, "citations_years": {"2013": 5, "2014": 3, "2015": 1, "2016": 2, "2017": 3, "2018": 1, "2019": 2, "2012": 3}, "old_citations": {"2011": 20}, "isVisible": false}, "2062897272": {"name": "v r sarma dhulipala", "type": "author", "activity": 12, "h_index": 10, "h5_index": 4, "mag_id": "2062897272", "num_publications": 2, "num_citations": 18, "num_publications_5y": 0, "num_citations_5y": 4, "num_publications_10y": 2, "num_citations_10y": 16, "publications_years": {"2011": 2}, "citations_years": {"2011": 4, "2012": 4, "2013": 4, "2014": 1, "2015": 1, "2016": 1, "2017": 1, "2018": 0, "2019": 2}, "old_citations": {"2011": 18}, "isVisible": false}, "2069669896": {"name": "n prabakaran", "type": "author", "activity": 9, "h_index": 3, "h5_index": 1, "mag_id": "2069669896", "num_publications": 2, "num_citations": 9, "num_publications_5y": 0, "num_citations_5y": 3, "num_publications_10y": 2, "num_citations_10y": 8, "publications_years": {"2011": 2}, "citations_years": {"2011": 2, "2012": 1, "2013": 2, "2014": 0, "2015": 1, "2016": 1, "2017": 1, "2018": 0, "2019": 1}, "old_citations": {"2011": 9}, "isVisible": false}, "2131575566": {"name": "susmita sahoo", "type": "author", "activity": 2, "h_index": 4, "h5_index": 0, "mag_id": "2131575566", "num_publications": 2, "num_citations": 12, "num_publications_5y": 0, "num_citations_5y": 4, "num_publications_10y": 2, "num_citations_10y": 12, "publications_years": {"2011": 2}, "citations_years": {"2011": 4, "2012": 3, "2013": 1, "2014": 1, "2015": 1, "2016": 0, "2017": 2}, "old_citations": {"2011": 12}, "isVisible": false}, "2132889775": {"name": "k sreenivasa rao", "type": "author", "activity": 19, "h_index": 22, "h5_index": 6, "mag_id": "2132889775", "num_publications": 2, "num_citations": 49, "num_publications_5y": 0, "num_citations_5y": 29, "num_publications_10y": 2, "num_citations_10y": 47, "publications_years": {"2011": 2}, "citations_years": {"2012": 8, "2013": 9, "2014": 11, "2015": 8, "2016": 1, "2017": 5, "2018": 4, "2019": 0, "2020": 2, "2011": 1}, "old_citations": {"2011": 49}, "isVisible": false}, "2150300836": {"name": "rajib kar", "type": "author", "activity": 13, "h_index": 11, "h5_index": 6, "mag_id": "2150300836", "num_publications": 2, "num_citations": 12, "num_publications_5y": 0, "num_citations_5y": 4, "num_publications_10y": 2, "num_citations_10y": 12, "publications_years": {"2011": 2}, "citations_years": {"2011": 4, "2012": 3, "2013": 1, "2014": 1, "2015": 1, "2016": 0, "2017": 2}, "old_citations": {"2011": 12}, "isVisible": false}, "2156062054": {"name": "madhumanti datta", "type": "author", "activity": 2, "h_index": 4, "h5_index": 0, "mag_id": "2156062054", "num_publications": 2, "num_citations": 12, "num_publications_5y": 0, "num_citations_5y": 4, "num_publications_10y": 2, "num_citations_10y": 12, "publications_years": {"2011": 2}, "citations_years": {"2011": 4, "2012": 3, "2013": 1, "2014": 1, "2015": 1, "2016": 0, "2017": 2}, "old_citations": {"2011": 12}, "isVisible": false}, "2170197494": {"name": "saswat chakrabarti", "type": "author", "activity": 22, "h_index": 15, "h5_index": 2, "mag_id": "2170197494", "num_publications": 2, "num_citations": 15, "num_publications_5y": 0, "num_citations_5y": 10, "num_publications_10y": 2, "num_citations_10y": 14, "publications_years": {"2011": 2}, "citations_years": {"2013": 2, "2014": 6, "2015": 1, "2016": 0, "2017": 1, "2018": 2, "2012": 2, "2019": 0, "2020": 1}, "old_citations": {"2011": 15}, "isVisible": false}, "2231764523": {"name": "b shanmuga raja", "type": "author", "activity": 1, "h_index": 1, "h5_index": 0, "mag_id": "2231764523", "num_publications": 2, "num_citations": 9, "num_publications_5y": 0, "num_citations_5y": 3, "num_publications_10y": 2, "num_citations_10y": 8, "publications_years": {"2011": 2}, "citations_years": {"2011": 2, "2012": 1, "2013": 2, "2014": 0, "2015": 1, "2016": 1, "2017": 1, "2018": 0, "2019": 1}, "old_citations": {"2011": 9}, "isVisible": false}, "240279768": {"name": "shankar prakriya", "type": "author", "activity": 18, "h_index": 10, "h5_index": 8, "mag_id": "240279768", "num_publications": 1, "num_citations": 0, "num_publications_5y": 0, "num_citations_5y": 0, "num_publications_10y": 1, "num_citations_10y": 0, "publications_years": {"2011": 1}, "citations_years": {}, "old_citations": {"2011": 0}, "isVisible": false}, "548667907": {"name": "m bedeeuzzaman", "type": "author", "activity": 7, "h_index": 4, "h5_index": 1, "mag_id": "548667907", "num_publications": 1, "num_citations": 13, "num_publications_5y": 0, "num_citations_5y": 9, "num_publications_10y": 1, "num_citations_10y": 12, "publications_years": {"2011": 1}, "citations_years": {"2011": 1, "2012": 0, "2013": 2, "2014": 4, "2015": 2, "2016": 0, "2017": 2, "2018": 1, "2019": 1}, "old_citations": {"2011": 13}, "isVisible": false}, "614563513": {"name": "v k chaubey", "type": "author", "activity": 16, "h_index": 6, "h5_index": 3, "mag_id": "614563513", "num_publications": 1, "num_citations": 6, "num_publications_5y": 0, "num_citations_5y": 1, "num_publications_10y": 1, "num_citations_10y": 4, "publications_years": {"2011": 1}, "citations_years": {"2011": 1, "2012": 1, "2013": 1, "2014": 1, "2015": 0, "2016": 0, "2017": 0, "2018": 0, "2019": 0, "2020": 2}, "old_citations": {"2011": 6}, "isVisible": false}, "1365001358": {"name": "omar farooq", "type": "author", "activity": 22, "h_index": 13, "h5_index": 3, "mag_id": "1365001358", "num_publications": 1, "num_citations": 13, "num_publications_5y": 0, "num_citations_5y": 9, "num_publications_10y": 1, "num_citations_10y": 12, "publications_years": {"2011": 1}, "citations_years": {"2011": 1, "2012": 0, "2013": 2, "2014": 4, "2015": 2, "2016": 0, "2017": 2, "2018": 1, "2019": 1}, "old_citations": {"2011": 13}, "isVisible": false}, "1660779237": {"name": "pradeep dhakad", "type": "author", "activity": 2, "h_index": 1, "h5_index": 0, "mag_id": "1660779237", "num_publications": 1, "num_citations": 3, "num_publications_5y": 0, "num_citations_5y": 1, "num_publications_10y": 1, "num_citations_10y": 3, "publications_years": {"2011": 1}, "citations_years": {"2012": 1, "2013": 1, "2014": 1}, "old_citations": {"2011": 3}, "isVisible": false}, "1964255095": {"name": "t k basu", "type": "author", "activity": 9, "h_index": 5, "h5_index": 0, "mag_id": "1964255095", "num_publications": 1, "num_citations": 0, "num_publications_5y": 0, "num_citations_5y": 0, "num_publications_10y": 1, "num_citations_10y": 0, "publications_years": {"2011": 1}, "citations_years": {}, "old_citations": {"2011": 0}, "isVisible": false}, "1971253701": {"name": "gautam rakshit", "type": "author", "activity": 1, "h_index": 2, "h5_index": 0, "mag_id": "1971253701", "num_publications": 1, "num_citations": 29, "num_publications_5y": 0, "num_citations_5y": 19, "num_publications_10y": 1, "num_citations_10y": 28, "publications_years": {"2011": 1}, "citations_years": {"2011": 1, "2012": 1, "2013": 7, "2014": 5, "2015": 5, "2016": 0, "2017": 7, "2018": 2, "2019": 1}, "old_citations": {"2011": 29}, "isVisible": false}, "1997772614": {"name": "dolly reney", "type": "author", "activity": 8, "h_index": 2, "h5_index": 0, "mag_id": "1997772614", "num_publications": 1, "num_citations": 2, "num_publications_5y": 0, "num_citations_5y": 0, "num_publications_10y": 1, "num_citations_10y": 2, "publications_years": {"2011": 1}, "citations_years": {"2013": 2}, "old_citations": {"2011": 2}, "isVisible": false}, "2025883249": {"name": "knud erik skouby", "type": "author", "activity": 23, "h_index": 9, "h5_index": 1, "mag_id": "2025883249", "num_publications": 1, "num_citations": 77, "num_publications_5y": 0, "num_citations_5y": 60, "num_publications_10y": 1, "num_citations_10y": 72, "publications_years": {"2011": 1}, "citations_years": {"2011": 1, "2012": 2, "2013": 9, "2014": 14, "2015": 17, "2016": 15, "2017": 10, "2018": 4, "2019": 4, "2020": 1}, "old_citations": {"2011": 77}, "isVisible": false}, "2038460030": {"name": "r prabakaran", "type": "author", "activity": 3, "h_index": 2, "h5_index": 0, "mag_id": "2038460030", "num_publications": 1, "num_citations": 1, "num_publications_5y": 0, "num_citations_5y": 0, "num_publications_10y": 1, "num_citations_10y": 1, "publications_years": {"2011": 1}, "citations_years": {"2013": 1}, "old_citations": {"2011": 1}, "isVisible": false}, "2038582525": {"name": "parminder singh reel", "type": "author", "activity": 6, "h_index": 5, "h5_index": 0, "mag_id": "2038582525", "num_publications": 1, "num_citations": 0, "num_publications_5y": 0, "num_citations_5y": 0, "num_publications_10y": 1, "num_citations_10y": 0, "publications_years": {"2011": 1}, "citations_years": {}, "old_citations": {"2011": 0}, "isVisible": false}, "2048562164": {"name": "brajesh kumar kaushik", "type": "author", "activity": 15, "h_index": 7, "h5_index": 3, "mag_id": "2048562164", "num_publications": 1, "num_citations": 4, "num_publications_5y": 0, "num_citations_5y": 2, "num_publications_10y": 1, "num_citations_10y": 2, "publications_years": {"2011": 1}, "citations_years": {"2016": 1, "2017": 1, "2018": 0, "2019": 2}, "old_citations": {"2011": 4}, "isVisible": false}, "2051848792": {"name": "anil kumar vuppala", "type": "author", "activity": 10, "h_index": 12, "h5_index": 5, "mag_id": "2051848792", "num_publications": 1, "num_citations": 9, "num_publications_5y": 0, "num_citations_5y": 6, "num_publications_10y": 1, "num_citations_10y": 8, "publications_years": {"2011": 1}, "citations_years": {"2012": 2, "2013": 0, "2014": 5, "2015": 0, "2016": 0, "2017": 0, "2018": 1, "2019": 0, "2020": 1}, "old_citations": {"2011": 9}, "isVisible": false}, "2073647417": {"name": "dipankar pal", "type": "author", "activity": 31, "h_index": 6, "h5_index": 0, "mag_id": "2073647417", "num_publications": 1, "num_citations": 8, "num_publications_5y": 0, "num_citations_5y": 4, "num_publications_10y": 1, "num_citations_10y": 6, "publications_years": {"2011": 1}, "citations_years": {"2013": 2, "2014": 0, "2015": 0, "2016": 1, "2017": 2, "2018": 1, "2019": 2}, "old_citations": {"2011": 8}, "isVisible": false}, "2074213400": {"name": "megha dadel", "type": "author", "activity": 8, "h_index": 1, "h5_index": 1, "mag_id": "2074213400", "num_publications": 1, "num_citations": 1, "num_publications_5y": 0, "num_citations_5y": 0, "num_publications_10y": 1, "num_citations_10y": 1, "publications_years": {"2011": 1}, "citations_years": {"2012": 1}, "old_citations": {"2011": 1}, "isVisible": false}, "2081341275": {"name": "umesh c pati", "type": "author", "activity": 17, "h_index": 8, "h5_index": 4, "mag_id": "2081341275", "num_publications": 1, "num_citations": 25, "num_publications_5y": 0, "num_citations_5y": 14, "num_publications_10y": 1, "num_citations_10y": 21, "publications_years": {"2011": 1}, "citations_years": {"2012": 4, "2013": 3, "2014": 7, "2015": 4, "2016": 1, "2017": 1, "2018": 1, "2019": 4}, "old_citations": {"2011": 25}, "isVisible": false}, "2096591416": {"name": "anupam mandal", "type": "author", "activity": 10, "h_index": 2, "h5_index": 1, "mag_id": "2096591416", "num_publications": 1, "num_citations": 2, "num_publications_5y": 0, "num_citations_5y": 1, "num_publications_10y": 1, "num_citations_10y": 2, "publications_years": {"2011": 1}, "citations_years": {"2013": 1, "2014": 0, "2015": 1}, "old_citations": {"2011": 2}, "isVisible": false}, "2102889727": {"name": "manish chhabra", "type": "author", "activity": 2, "h_index": 2, "h5_index": 0, "mag_id": "2102889727", "num_publications": 1, "num_citations": 0, "num_publications_5y": 0, "num_citations_5y": 0, "num_publications_10y": 1, "num_citations_10y": 0, "publications_years": {"2011": 1}, "citations_years": {}, "old_citations": {"2011": 0}, "isVisible": false}, "2105670226": {"name": "mohammad farukh hashmi", "type": "author", "activity": 10, "h_index": 5, "h5_index": 3, "mag_id": "2105670226", "num_publications": 1, "num_citations": 3, "num_publications_5y": 0, "num_citations_5y": 1, "num_publications_10y": 1, "num_citations_10y": 3, "publications_years": {"2011": 1}, "citations_years": {"2012": 1, "2013": 1, "2014": 1}, "old_citations": {"2011": 3}, "isVisible": false}, "2107680207": {"name": "mohd hasan", "type": "author", "activity": 23, "h_index": 13, "h5_index": 4, "mag_id": "2107680207", "num_publications": 1, "num_citations": 5, "num_publications_5y": 0, "num_citations_5y": 3, "num_publications_10y": 1, "num_citations_10y": 4, "publications_years": {"2011": 1}, "citations_years": {"2013": 1, "2014": 1, "2015": 1, "2016": 0, "2017": 0, "2018": 1, "2019": 1}, "old_citations": {"2011": 5}, "isVisible": false}, "2111504208": {"name": "thasneem fathima", "type": "author", "activity": 7, "h_index": 2, "h5_index": 1, "mag_id": "2111504208", "num_publications": 1, "num_citations": 13, "num_publications_5y": 0, "num_citations_5y": 9, "num_publications_10y": 1, "num_citations_10y": 12, "publications_years": {"2011": 1}, "citations_years": {"2011": 1, "2012": 0, "2013": 2, "2014": 4, "2015": 2, "2016": 0, "2017": 2, "2018": 1, "2019": 1}, "old_citations": {"2011": 13}, "isVisible": false}, "2111895972": {"name": "hari prabhat gupta", "type": "author", "activity": 10, "h_index": 9, "h5_index": 9, "mag_id": "2111895972", "num_publications": 1, "num_citations": 3, "num_publications_5y": 0, "num_citations_5y": 2, "num_publications_10y": 1, "num_citations_10y": 3, "publications_years": {"2011": 1}, "citations_years": {"2013": 1, "2014": 1, "2015": 0, "2016": 1}, "old_citations": {"2011": 3}, "isVisible": false}, "2112506627": {"name": "a manikandan", "type": "author", "activity": 1, "h_index": 0, "h5_index": 0, "mag_id": "2112506627", "num_publications": 1, "num_citations": 0, "num_publications_5y": 0, "num_citations_5y": 0, "num_publications_10y": 1, "num_citations_10y": 0, "publications_years": {"2011": 1}, "citations_years": {}, "old_citations": {"2011": 0}, "isVisible": false}, "2113572670": {"name": "anirban bhowmick", "type": "author", "activity": 7, "h_index": 6, "h5_index": 1, "mag_id": "2113572670", "num_publications": 1, "num_citations": 8, "num_publications_5y": 0, "num_citations_5y": 3, "num_publications_10y": 1, "num_citations_10y": 8, "publications_years": {"2011": 1}, "citations_years": {"2012": 2, "2013": 3, "2014": 1, "2015": 1, "2016": 0, "2017": 1}, "old_citations": {"2011": 8}, "isVisible": false}, "2114924821": {"name": "d madhavi", "type": "author", "activity": 3, "h_index": 1, "h5_index": 0, "mag_id": "2114924821", "num_publications": 1, "num_citations": 1, "num_publications_5y": 0, "num_citations_5y": 1, "num_publications_10y": 1, "num_citations_10y": 1, "publications_years": {"2011": 1}, "citations_years": {"2014": 1}, "old_citations": {"2011": 1}, "isVisible": false}, "2117469217": {"name": "shyamal kr das mandal", "type": "author", "activity": 11, "h_index": 4, "h5_index": 1, "mag_id": "2117469217", "num_publications": 1, "num_citations": 0, "num_publications_5y": 0, "num_citations_5y": 0, "num_publications_10y": 1, "num_citations_10y": 0, "publications_years": {"2011": 1}, "citations_years": {}, "old_citations": {"2011": 0}, "isVisible": false}, "2117711361": {"name": "arnab nandi", "type": "author", "activity": 3, "h_index": 4, "h5_index": 0, "mag_id": "2117711361", "num_publications": 1, "num_citations": 6, "num_publications_5y": 0, "num_citations_5y": 4, "num_publications_10y": 1, "num_citations_10y": 6, "publications_years": {"2011": 1}, "citations_years": {"2012": 2, "2013": 0, "2014": 3, "2015": 1}, "old_citations": {"2011": 6}, "isVisible": false}, "2127293342": {"name": "dileep kumar verma", "type": "author", "activity": 7, "h_index": 1, "h5_index": 1, "mag_id": "2127293342", "num_publications": 1, "num_citations": 0, "num_publications_5y": 0, "num_citations_5y": 0, "num_publications_10y": 1, "num_citations_10y": 0, "publications_years": {"2011": 1}, "citations_years": {}, "old_citations": {"2011": 0}, "isVisible": false}, "2130468000": {"name": "alekha kumar mishra", "type": "author", "activity": 12, "h_index": 5, "h5_index": 4, "mag_id": "2130468000", "num_publications": 1, "num_citations": 15, "num_publications_5y": 0, "num_citations_5y": 10, "num_publications_10y": 1, "num_citations_10y": 14, "publications_years": {"2011": 1}, "citations_years": {"2012": 1, "2013": 3, "2014": 2, "2015": 2, "2016": 3, "2017": 1, "2018": 2, "2019": 1}, "old_citations": {"2011": 15}, "isVisible": false}, "2131483031": {"name": "bijoy kumar upadhyaya", "type": "author", "activity": 11, "h_index": 5, "h5_index": 1, "mag_id": "2131483031", "num_publications": 1, "num_citations": 12, "num_publications_5y": 0, "num_citations_5y": 3, "num_publications_10y": 1, "num_citations_10y": 11, "publications_years": {"2011": 1}, "citations_years": {"2011": 1, "2012": 3, "2013": 4, "2014": 2, "2015": 0, "2016": 1, "2017": 0, "2018": 0, "2019": 1}, "old_citations": {"2011": 12}, "isVisible": false}, "2139801619": {"name": "kamala pati tiwary", "type": "author", "activity": 6, "h_index": 1, "h5_index": 1, "mag_id": "2139801619", "num_publications": 1, "num_citations": 1, "num_publications_5y": 0, "num_citations_5y": 0, "num_publications_10y": 1, "num_citations_10y": 1, "publications_years": {"2011": 1}, "citations_years": {"2012": 1}, "old_citations": {"2011": 1}, "isVisible": false}, "2142139707": {"name": "chandan datta", "type": "author", "activity": 9, "h_index": 7, "h5_index": 0, "mag_id": "2142139707", "num_publications": 1, "num_citations": 6, "num_publications_5y": 0, "num_citations_5y": 2, "num_publications_10y": 1, "num_citations_10y": 6, "publications_years": {"2011": 1}, "citations_years": {"2011": 2, "2012": 2, "2013": 0, "2014": 1, "2015": 1}, "old_citations": {"2011": 6}, "isVisible": false}, "2149112495": {"name": "sampath kumar", "type": "author", "activity": 5, "h_index": 1, "h5_index": 0, "mag_id": "2149112495", "num_publications": 1, "num_citations": 4, "num_publications_5y": 0, "num_citations_5y": 2, "num_publications_10y": 1, "num_citations_10y": 2, "publications_years": {"2011": 1}, "citations_years": {"2016": 1, "2017": 1, "2018": 0, "2019": 2}, "old_citations": {"2011": 4}, "isVisible": false}, "2150862607": {"name": "aminul islam", "type": "author", "activity": 11, "h_index": 7, "h5_index": 4, "mag_id": "2150862607", "num_publications": 1, "num_citations": 5, "num_publications_5y": 0, "num_citations_5y": 3, "num_publications_10y": 1, "num_citations_10y": 4, "publications_years": {"2011": 1}, "citations_years": {"2013": 1, "2014": 1, "2015": 1, "2016": 0, "2017": 0, "2018": 1, "2019": 1}, "old_citations": {"2011": 5}, "isVisible": false}, "2156675669": {"name": "nirmalya sen", "type": "author", "activity": 5, "h_index": 3, "h5_index": 0, "mag_id": "2156675669", "num_publications": 1, "num_citations": 0, "num_publications_5y": 0, "num_citations_5y": 0, "num_publications_10y": 1, "num_citations_10y": 0, "publications_years": {"2011": 1}, "citations_years": {}, "old_citations": {"2011": 0}, "isVisible": false}, "2171595878": {"name": "bibhash roy", "type": "author", "activity": 7, "h_index": 3, "h5_index": 1, "mag_id": "2171595878", "num_publications": 1, "num_citations": 29, "num_publications_5y": 0, "num_citations_5y": 19, "num_publications_10y": 1, "num_citations_10y": 28, "publications_years": {"2011": 1}, "citations_years": {"2011": 1, "2012": 1, "2013": 7, "2014": 5, "2015": 5, "2016": 0, "2017": 7, "2018": 2, "2019": 1}, "old_citations": {"2011": 29}, "isVisible": false}, "2190233609": {"name": "shweta srivastava", "type": "author", "activity": 10, "h_index": 4, "h5_index": 3, "mag_id": "2190233609", "num_publications": 1, "num_citations": 1, "num_publications_5y": 0, "num_citations_5y": 0, "num_publications_10y": 1, "num_citations_10y": 1, "publications_years": {"2011": 1}, "citations_years": {"2012": 1}, "old_citations": {"2011": 1}, "isVisible": false}, "2191448217": {"name": "vijay kumar sharma", "type": "author", "activity": 8, "h_index": 5, "h5_index": 2, "mag_id": "2191448217", "num_publications": 1, "num_citations": 25, "num_publications_5y": 0, "num_citations_5y": 14, "num_publications_10y": 1, "num_citations_10y": 21, "publications_years": {"2011": 1}, "citations_years": {"2012": 4, "2013": 3, "2014": 7, "2015": 4, "2016": 1, "2017": 1, "2018": 1, "2019": 4}, "old_citations": {"2011": 25}, "isVisible": false}, "2192899577": {"name": "salil kumar sanyal", "type": "author", "activity": 30, "h_index": 9, "h5_index": 2, "mag_id": "2192899577", "num_publications": 1, "num_citations": 12, "num_publications_5y": 0, "num_citations_5y": 3, "num_publications_10y": 1, "num_citations_10y": 11, "publications_years": {"2011": 1}, "citations_years": {"2011": 1, "2012": 3, "2013": 4, "2014": 2, "2015": 0, "2016": 1, "2017": 0, "2018": 0, "2019": 1}, "old_citations": {"2011": 12}, "isVisible": false}, "2220394469": {"name": "ramjee prasad", "type": "author", "activity": 31, "h_index": 39, "h5_index": 9, "mag_id": "2220394469", "num_publications": 1, "num_citations": 77, "num_publications_5y": 0, "num_citations_5y": 60, "num_publications_10y": 1, "num_citations_10y": 72, "publications_years": {"2011": 1}, "citations_years": {"2011": 1, "2012": 2, "2013": 9, "2014": 14, "2015": 17, "2016": 15, "2017": 10, "2018": 4, "2019": 4, "2020": 1}, "old_citations": {"2011": 77}, "isVisible": false}, "2222160480": {"name": "rachit puri", "type": "author", "activity": 1, "h_index": 1, "h5_index": 0, "mag_id": "2222160480", "num_publications": 1, "num_citations": 15, "num_publications_5y": 0, "num_citations_5y": 8, "num_publications_10y": 1, "num_citations_10y": 14, "publications_years": {"2011": 1}, "citations_years": {"2011": 1, "2012": 2, "2013": 3, "2014": 3, "2015": 2, "2016": 2, "2017": 1, "2018": 0, "2019": 1}, "old_citations": {"2011": 15}, "isVisible": false}, "2222622200": {"name": "a k balasubadra", "type": "author", "activity": 1, "h_index": 0, "h5_index": 0, "mag_id": "2222622200", "num_publications": 1, "num_citations": 0, "num_publications_5y": 0, "num_citations_5y": 0, "num_publications_10y": 1, "num_citations_10y": 0, "publications_years": {"2011": 1}, "citations_years": {}, "old_citations": {"2011": 0}, "isVisible": false}, "2222852380": {"name": "paromita chowdhury", "type": "author", "activity": 1, "h_index": 1, "h5_index": 0, "mag_id": "2222852380", "num_publications": 1, "num_citations": 2, "num_publications_5y": 0, "num_citations_5y": 1, "num_publications_10y": 1, "num_citations_10y": 2, "publications_years": {"2011": 1}, "citations_years": {"2013": 1, "2014": 0, "2015": 1}, "old_citations": {"2011": 2}, "isVisible": false}, "2224031807": {"name": "monir verma", "type": "author", "activity": 1, "h_index": 1, "h5_index": 0, "mag_id": "2224031807", "num_publications": 1, "num_citations": 15, "num_publications_5y": 0, "num_citations_5y": 8, "num_publications_10y": 1, "num_citations_10y": 14, "publications_years": {"2011": 1}, "citations_years": {"2011": 1, "2012": 2, "2013": 3, "2014": 3, "2015": 2, "2016": 2, "2017": 1, "2018": 0, "2019": 1}, "old_citations": {"2011": 15}, "isVisible": false}, "2225228553": {"name": "o g ramprasad", "type": "author", "activity": 1, "h_index": 0, "h5_index": 0, "mag_id": "2225228553", "num_publications": 1, "num_citations": 0, "num_publications_5y": 0, "num_citations_5y": 0, "num_publications_10y": 1, "num_citations_10y": 0, "publications_years": {"2011": 1}, "citations_years": {}, "old_citations": {"2011": 0}, "isVisible": false}, "2226894943": {"name": "s venkatesh", "type": "author", "activity": 1, "h_index": 1, "h5_index": 0, "mag_id": "2226894943", "num_publications": 1, "num_citations": 1, "num_publications_5y": 0, "num_citations_5y": 1, "num_publications_10y": 1, "num_citations_10y": 1, "publications_years": {"2011": 1}, "citations_years": {"2018": 1}, "old_citations": {"2011": 1}, "isVisible": false}, "2227459872": {"name": "jatin m chakravarti", "type": "author", "activity": 3, "h_index": 1, "h5_index": 0, "mag_id": "2227459872", "num_publications": 1, "num_citations": 4, "num_publications_5y": 0, "num_citations_5y": 1, "num_publications_10y": 1, "num_citations_10y": 4, "publications_years": {"2011": 1}, "citations_years": {"2012": 2, "2013": 1, "2014": 0, "2015": 0, "2016": 1}, "old_citations": {"2011": 4}, "isVisible": false}, "2227814408": {"name": "brijesh kumar", "type": "author", "activity": 3, "h_index": 3, "h5_index": 0, "mag_id": "2227814408", "num_publications": 1, "num_citations": 4, "num_publications_5y": 0, "num_citations_5y": 2, "num_publications_10y": 1, "num_citations_10y": 2, "publications_years": {"2011": 1}, "citations_years": {"2016": 1, "2017": 1, "2018": 0, "2019": 2}, "old_citations": {"2011": 4}, "isVisible": false}, "2228588489": {"name": "m vigneshwaran", "type": "author", "activity": 1, "h_index": 0, "h5_index": 0, "mag_id": "2228588489", "num_publications": 1, "num_citations": 0, "num_publications_5y": 0, "num_citations_5y": 0, "num_publications_10y": 1, "num_citations_10y": 0, "publications_years": {"2011": 1}, "citations_years": {}, "old_citations": {"2011": 0}, "isVisible": false}, "2229431788": {"name": "pratim singha", "type": "author", "activity": 1, "h_index": 1, "h5_index": 0, "mag_id": "2229431788", "num_publications": 1, "num_citations": 29, "num_publications_5y": 0, "num_citations_5y": 19, "num_publications_10y": 1, "num_citations_10y": 28, "publications_years": {"2011": 1}, "citations_years": {"2011": 1, "2012": 1, "2013": 7, "2014": 5, "2015": 5, "2016": 0, "2017": 7, "2018": 2, "2019": 1}, "old_citations": {"2011": 29}, "isVisible": false}, "2244229555": {"name": "arti noor", "type": "author", "activity": 23, "h_index": 3, "h5_index": 1, "mag_id": "2244229555", "num_publications": 1, "num_citations": 4, "num_publications_5y": 0, "num_citations_5y": 2, "num_publications_10y": 1, "num_citations_10y": 2, "publications_years": {"2011": 1}, "citations_years": {"2016": 1, "2017": 1, "2018": 0, "2019": 2}, "old_citations": {"2011": 4}, "isVisible": false}, "2245610251": {"name": "s v rao", "type": "author", "activity": 21, "h_index": 10, "h5_index": 8, "mag_id": "2245610251", "num_publications": 1, "num_citations": 3, "num_publications_5y": 0, "num_citations_5y": 2, "num_publications_10y": 1, "num_citations_10y": 3, "publications_years": {"2011": 1}, "citations_years": {"2013": 1, "2014": 1, "2015": 0, "2016": 1}, "old_citations": {"2011": 3}, "isVisible": false}, "2251254057": {"name": "y n trivedi", "type": "author", "activity": 9, "h_index": 2, "h5_index": 1, "mag_id": "2251254057", "num_publications": 1, "num_citations": 4, "num_publications_5y": 0, "num_citations_5y": 1, "num_publications_10y": 1, "num_citations_10y": 4, "publications_years": {"2011": 1}, "citations_years": {"2012": 2, "2013": 1, "2014": 0, "2015": 0, "2016": 1}, "old_citations": {"2011": 4}, "isVisible": false}, "2272451603": {"name": "manish goswami", "type": "author", "activity": 11, "h_index": 4, "h5_index": 2, "mag_id": "2272451603", "num_publications": 1, "num_citations": 8, "num_publications_5y": 0, "num_citations_5y": 4, "num_publications_10y": 1, "num_citations_10y": 6, "publications_years": {"2011": 1}, "citations_years": {"2013": 2, "2014": 0, "2015": 0, "2016": 1, "2017": 2, "2018": 1, "2019": 2}, "old_citations": {"2011": 8}, "isVisible": false}, "2288243892": {"name": "brahmjit singh", "type": "author", "activity": 18, "h_index": 9, "h5_index": 4, "mag_id": "2288243892", "num_publications": 1, "num_citations": 3, "num_publications_5y": 0, "num_citations_5y": 1, "num_publications_10y": 1, "num_citations_10y": 3, "publications_years": {"2011": 1}, "citations_years": {"2013": 2, "2014": 0, "2015": 0, "2016": 1}, "old_citations": {"2011": 3}, "isVisible": false}, "2289355476": {"name": "ch sumanth kumar", "type": "author", "activity": 12, "h_index": 1, "h5_index": 1, "mag_id": "2289355476", "num_publications": 1, "num_citations": 1, "num_publications_5y": 0, "num_citations_5y": 1, "num_publications_10y": 1, "num_citations_10y": 1, "publications_years": {"2011": 1}, "citations_years": {"2014": 1}, "old_citations": {"2011": 1}, "isVisible": false}, "2293917413": {"name": "m w akram", "type": "author", "activity": 2, "h_index": 3, "h5_index": 0, "mag_id": "2293917413", "num_publications": 1, "num_citations": 5, "num_publications_5y": 0, "num_citations_5y": 3, "num_publications_10y": 1, "num_citations_10y": 4, "publications_years": {"2011": 1}, "citations_years": {"2013": 1, "2014": 1, "2015": 1, "2016": 0, "2017": 0, "2018": 1, "2019": 1}, "old_citations": {"2011": 5}, "isVisible": false}, "2300650203": {"name": "vaibhav gupta", "type": "author", "activity": 1, "h_index": 1, "h5_index": 0, "mag_id": "2300650203", "num_publications": 1, "num_citations": 15, "num_publications_5y": 0, "num_citations_5y": 8, "num_publications_10y": 1, "num_citations_10y": 14, "publications_years": {"2011": 1}, "citations_years": {"2011": 1, "2012": 2, "2013": 3, "2014": 3, "2015": 2, "2016": 2, "2017": 1, "2018": 0, "2019": 1}, "old_citations": {"2011": 15}, "isVisible": false}, "2304784099": {"name": "jainath yadav", "type": "author", "activity": 8, "h_index": 7, "h5_index": 2, "mag_id": "2304784099", "num_publications": 1, "num_citations": 9, "num_publications_5y": 0, "num_citations_5y": 6, "num_publications_10y": 1, "num_citations_10y": 8, "publications_years": {"2011": 1}, "citations_years": {"2012": 2, "2013": 0, "2014": 5, "2015": 0, "2016": 0, "2017": 0, "2018": 1, "2019": 0, "2020": 1}, "old_citations": {"2011": 9}, "isVisible": false}, "2304878199": {"name": "k r prasanna kumar", "type": "author", "activity": 10, "h_index": 2, "h5_index": 1, "mag_id": "2304878199", "num_publications": 1, "num_citations": 2, "num_publications_5y": 0, "num_citations_5y": 1, "num_publications_10y": 1, "num_citations_10y": 2, "publications_years": {"2011": 1}, "citations_years": {"2013": 1, "2014": 0, "2015": 1}, "old_citations": {"2011": 2}, "isVisible": false}, "2318466976": {"name": "baluram nagaria", "type": "author", "activity": 1, "h_index": 2, "h5_index": 0, "mag_id": "2318466976", "num_publications": 1, "num_citations": 3, "num_publications_5y": 0, "num_citations_5y": 1, "num_publications_10y": 1, "num_citations_10y": 3, "publications_years": {"2011": 1}, "citations_years": {"2012": 1, "2013": 1, "2014": 1}, "old_citations": {"2011": 3}, "isVisible": false}, "2319253668": {"name": "yusuf uzzaman khan", "type": "author", "activity": 24, "h_index": 8, "h5_index": 3, "mag_id": "2319253668", "num_publications": 1, "num_citations": 13, "num_publications_5y": 0, "num_citations_5y": 9, "num_publications_10y": 1, "num_citations_10y": 12, "publications_years": {"2011": 1}, "citations_years": {"2011": 1, "2012": 0, "2013": 2, "2014": 4, "2015": 2, "2016": 0, "2017": 2, "2018": 1, "2019": 1}, "old_citations": {"2011": 13}, "isVisible": false}, "2338434077": {"name": "b p singh", "type": "author", "activity": 21, "h_index": 4, "h5_index": 0, "mag_id": "2338434077", "num_publications": 1, "num_citations": 1, "num_publications_5y": 0, "num_citations_5y": 1, "num_publications_10y": 1, "num_citations_10y": 1, "publications_years": {"2011": 1}, "citations_years": {"2014": 1}, "old_citations": {"2011": 1}, "isVisible": false}, "2341474460": {"name": "kishor patil", "type": "author", "activity": 8, "h_index": 6, "h5_index": 0, "mag_id": "2341474460", "num_publications": 1, "num_citations": 77, "num_publications_5y": 0, "num_citations_5y": 60, "num_publications_10y": 1, "num_citations_10y": 72, "publications_years": {"2011": 1}, "citations_years": {"2011": 1, "2012": 2, "2013": 9, "2014": 14, "2015": 17, "2016": 15, "2017": 10, "2018": 4, "2019": 4, "2020": 1}, "old_citations": {"2011": 77}, "isVisible": false}, "2342485353": {"name": "poonam singh", "type": "author", "activity": 26, "h_index": 5, "h5_index": 3, "mag_id": "2342485353", "num_publications": 1, "num_citations": 1, "num_publications_5y": 0, "num_citations_5y": 1, "num_publications_10y": 1, "num_citations_10y": 1, "publications_years": {"2011": 1}, "citations_years": {"2018": 1}, "old_citations": {"2011": 1}, "isVisible": false}, "2343008783": {"name": "ashok kumar turuk", "type": "author", "activity": 18, "h_index": 11, "h5_index": 6, "mag_id": "2343008783", "num_publications": 1, "num_citations": 15, "num_publications_5y": 0, "num_citations_5y": 10, "num_publications_10y": 1, "num_citations_10y": 14, "publications_years": {"2011": 1}, "citations_years": {"2012": 1, "2013": 3, "2014": 2, "2015": 2, "2016": 3, "2017": 1, "2018": 2, "2019": 1}, "old_citations": {"2011": 15}, "isVisible": false}, "2394289278": {"name": "n p singh", "type": "author", "activity": 14, "h_index": 5, "h5_index": 4, "mag_id": "2394289278", "num_publications": 1, "num_citations": 3, "num_publications_5y": 0, "num_citations_5y": 1, "num_publications_10y": 1, "num_citations_10y": 3, "publications_years": {"2011": 1}, "citations_years": {"2013": 2, "2014": 0, "2015": 0, "2016": 1}, "old_citations": {"2011": 3}, "isVisible": false}, "2414090854": {"name": "neelam swami", "type": "author", "activity": 1, "h_index": 1, "h5_index": 0, "mag_id": "2414090854", "num_publications": 1, "num_citations": 1, "num_publications_5y": 0, "num_citations_5y": 1, "num_publications_10y": 1, "num_citations_10y": 1, "publications_years": {"2011": 1}, "citations_years": {"2014": 1}, "old_citations": {"2011": 1}, "isVisible": false}, "2425740659": {"name": "nitika jakhanwal", "type": "author", "activity": 1, "h_index": 1, "h5_index": 0, "mag_id": "2425740659", "num_publications": 1, "num_citations": 4, "num_publications_5y": 0, "num_citations_5y": 3, "num_publications_10y": 1, "num_citations_10y": 4, "publications_years": {"2011": 1}, "citations_years": {"2012": 1, "2013": 0, "2014": 2, "2015": 0, "2016": 1}, "old_citations": {"2011": 4}, "isVisible": false}, "2428421965": {"name": "shambhu sharan", "type": "author", "activity": 7, "h_index": 3, "h5_index": 0, "mag_id": "2428421965", "num_publications": 1, "num_citations": 8, "num_publications_5y": 0, "num_citations_5y": 3, "num_publications_10y": 1, "num_citations_10y": 8, "publications_years": {"2011": 1}, "citations_years": {"2012": 2, "2013": 3, "2014": 1, "2015": 1, "2016": 0, "2017": 1}, "old_citations": {"2011": 8}, "isVisible": false}, "2431022514": {"name": "nitin kumar", "type": "author", "activity": 1, "h_index": 1, "h5_index": 0, "mag_id": "2431022514", "num_publications": 1, "num_citations": 40, "num_publications_5y": 0, "num_citations_5y": 23, "num_publications_10y": 1, "num_citations_10y": 39, "publications_years": {"2011": 1}, "citations_years": {"2011": 1, "2012": 6, "2013": 9, "2014": 6, "2015": 8, "2016": 1, "2017": 5, "2018": 3, "2019": 0, "2020": 1}, "old_citations": {"2011": 40}, "isVisible": false}, "2475973969": {"name": "debabrata datta", "type": "author", "activity": 1, "h_index": 1, "h5_index": 0, "mag_id": "2475973969", "num_publications": 1, "num_citations": 29, "num_publications_5y": 0, "num_citations_5y": 19, "num_publications_10y": 1, "num_citations_10y": 28, "publications_years": {"2011": 1}, "citations_years": {"2011": 1, "2012": 1, "2013": 7, "2014": 5, "2015": 5, "2016": 0, "2017": 7, "2018": 2, "2019": 1}, "old_citations": {"2011": 29}, "isVisible": false}, "2490473070": {"name": "kamalakanta mahapatra", "type": "author", "activity": 15, "h_index": 10, "h5_index": 5, "mag_id": "2490473070", "num_publications": 1, "num_citations": 25, "num_publications_5y": 0, "num_citations_5y": 14, "num_publications_10y": 1, "num_citations_10y": 21, "publications_years": {"2011": 1}, "citations_years": {"2012": 4, "2013": 3, "2014": 7, "2015": 4, "2016": 1, "2017": 1, "2018": 1, "2019": 4}, "old_citations": {"2011": 25}, "isVisible": false}, "2492707937": {"name": "parma nand", "type": "author", "activity": 9, "h_index": 4, "h5_index": 3, "mag_id": "2492707937", "num_publications": 1, "num_citations": 2, "num_publications_5y": 0, "num_citations_5y": 2, "num_publications_10y": 1, "num_citations_10y": 2, "publications_years": {"2011": 1}, "citations_years": {"2017": 2}, "old_citations": {"2011": 2}, "isVisible": false}, "2499092891": {"name": "sanjeet kumar", "type": "author", "activity": 13, "h_index": 3, "h5_index": 1, "mag_id": "2499092891", "num_publications": 1, "num_citations": 6, "num_publications_5y": 0, "num_citations_5y": 4, "num_publications_10y": 1, "num_citations_10y": 6, "publications_years": {"2011": 1}, "citations_years": {"2013": 2, "2014": 1, "2015": 1, "2016": 0, "2017": 1, "2018": 1}, "old_citations": {"2011": 6}, "isVisible": false}, "2499676001": {"name": "atanu majumder", "type": "author", "activity": 1, "h_index": 1, "h5_index": 0, "mag_id": "2499676001", "num_publications": 1, "num_citations": 29, "num_publications_5y": 0, "num_citations_5y": 19, "num_publications_10y": 1, "num_citations_10y": 28, "publications_years": {"2011": 1}, "citations_years": {"2011": 1, "2012": 1, "2013": 7, "2014": 5, "2015": 5, "2016": 0, "2017": 7, "2018": 2, "2019": 1}, "old_citations": {"2011": 29}, "isVisible": false}, "2505347835": {"name": "pawan kumar", "type": "author", "activity": 10, "h_index": 3, "h5_index": 0, "mag_id": "2505347835", "num_publications": 1, "num_citations": 4, "num_publications_5y": 0, "num_citations_5y": 3, "num_publications_10y": 1, "num_citations_10y": 4, "publications_years": {"2011": 1}, "citations_years": {"2012": 1, "2013": 0, "2014": 2, "2015": 0, "2016": 1}, "old_citations": {"2011": 4}, "isVisible": false}, "2518807137": {"name": "abhishek", "type": "author", "activity": 1, "h_index": 1, "h5_index": 0, "mag_id": "2518807137", "num_publications": 1, "num_citations": 6, "num_publications_5y": 0, "num_citations_5y": 4, "num_publications_10y": 1, "num_citations_10y": 6, "publications_years": {"2011": 1}, "citations_years": {"2013": 2, "2014": 1, "2015": 1, "2016": 0, "2017": 1, "2018": 1}, "old_citations": {"2011": 6}, "isVisible": false}, "2524773577": {"name": "s kaki", "type": "author", "activity": 1, "h_index": 1, "h5_index": 0, "mag_id": "2524773577", "num_publications": 1, "num_citations": 6, "num_publications_5y": 0, "num_citations_5y": 0, "num_publications_10y": 1, "num_citations_10y": 6, "publications_years": {"2011": 1}, "citations_years": {"2012": 3, "2013": 3}, "old_citations": {"2011": 6}, "isVisible": false}, "2541103765": {"name": "k janani", "type": "author", "activity": 1, "h_index": 1, "h5_index": 0, "mag_id": "2541103765", "num_publications": 1, "num_citations": 10, "num_publications_5y": 0, "num_citations_5y": 1, "num_publications_10y": 1, "num_citations_10y": 9, "publications_years": {"2011": 1}, "citations_years": {"2011": 2, "2012": 3, "2013": 3, "2014": 1, "2015": 0, "2016": 0, "2017": 0, "2018": 0, "2019": 1}, "old_citations": {"2011": 10}, "isVisible": false}, "2545351514": {"name": "chanchal kumar de", "type": "author", "activity": 7, "h_index": 1, "h5_index": 1, "mag_id": "2545351514", "num_publications": 1, "num_citations": 1, "num_publications_5y": 0, "num_citations_5y": 0, "num_publications_10y": 1, "num_citations_10y": 1, "publications_years": {"2011": 1}, "citations_years": {"2012": 1}, "old_citations": {"2011": 1}, "isVisible": false}, "2559497608": {"name": "shashidhar g koolagudi", "type": "author", "activity": 14, "h_index": 14, "h5_index": 5, "mag_id": "2559497608", "num_publications": 1, "num_citations": 40, "num_publications_5y": 0, "num_citations_5y": 23, "num_publications_10y": 1, "num_citations_10y": 39, "publications_years": {"2011": 1}, "citations_years": {"2011": 1, "2012": 6, "2013": 9, "2014": 6, "2015": 8, "2016": 1, "2017": 5, "2018": 3, "2019": 0, "2020": 1}, "old_citations": {"2011": 40}, "isVisible": false}, "2614749504": {"name": "n jyothi", "type": "author", "activity": 3, "h_index": 1, "h5_index": 0, "mag_id": "2614749504", "num_publications": 1, "num_citations": 1, "num_publications_5y": 0, "num_citations_5y": 1, "num_publications_10y": 1, "num_citations_10y": 1, "publications_years": {"2011": 1}, "citations_years": {"2014": 1}, "old_citations": {"2011": 1}, "isVisible": false}, "2624558996": {"name": "manoj kumar dutta", "type": "author", "activity": 7, "h_index": 2, "h5_index": 1, "mag_id": "2624558996", "num_publications": 1, "num_citations": 6, "num_publications_5y": 0, "num_citations_5y": 1, "num_publications_10y": 1, "num_citations_10y": 4, "publications_years": {"2011": 1}, "citations_years": {"2011": 1, "2012": 1, "2013": 1, "2014": 1, "2015": 0, "2016": 0, "2017": 0, "2018": 0, "2019": 0, "2020": 2}, "old_citations": {"2011": 6}, "isVisible": false}, "2627716168": {"name": "r m chandrasekaran", "type": "author", "activity": 11, "h_index": 9, "h5_index": 2, "mag_id": "2627716168", "num_publications": 1, "num_citations": 10, "num_publications_5y": 0, "num_citations_5y": 1, "num_publications_10y": 1, "num_citations_10y": 9, "publications_years": {"2011": 1}, "citations_years": {"2011": 2, "2012": 3, "2013": 3, "2014": 1, "2015": 0, "2016": 0, "2017": 0, "2018": 0, "2019": 1}, "old_citations": {"2011": 10}, "isVisible": false}, "2656363134": {"name": "t s rakesh", "type": "author", "activity": 1, "h_index": 0, "h5_index": 0, "mag_id": "2656363134", "num_publications": 1, "num_citations": 0, "num_publications_5y": 0, "num_citations_5y": 0, "num_publications_10y": 1, "num_citations_10y": 0, "publications_years": {"2011": 1}, "citations_years": {}, "old_citations": {"2011": 0}, "isVisible": false}, "2657421253": {"name": "k v v s reddy", "type": "author", "activity": 2, "h_index": 1, "h5_index": 0, "mag_id": "2657421253", "num_publications": 1, "num_citations": 1, "num_publications_5y": 0, "num_citations_5y": 1, "num_publications_10y": 1, "num_citations_10y": 1, "publications_years": {"2011": 1}, "citations_years": {"2014": 1}, "old_citations": {"2011": 1}, "isVisible": false}, "2663456533": {"name": "g athithan", "type": "author", "activity": 17, "h_index": 2, "h5_index": 0, "mag_id": "2663456533", "num_publications": 1, "num_citations": 2, "num_publications_5y": 0, "num_citations_5y": 1, "num_publications_10y": 1, "num_citations_10y": 2, "publications_years": {"2011": 1}, "citations_years": {"2013": 1, "2014": 0, "2015": 1}, "old_citations": {"2011": 2}, "isVisible": false}, "2666209018": {"name": "neha arora", "type": "author", "activity": 1, "h_index": 2, "h5_index": 0, "mag_id": "2666209018", "num_publications": 1, "num_citations": 1, "num_publications_5y": 0, "num_citations_5y": 1, "num_publications_10y": 1, "num_citations_10y": 1, "publications_years": {"2011": 1}, "citations_years": {"2014": 1}, "old_citations": {"2011": 1}, "isVisible": false}, "2816902267": {"name": "v k gupta", "type": "author", "activity": 9, "h_index": 3, "h5_index": 2, "mag_id": "2816902267", "num_publications": 1, "num_citations": 8, "num_publications_5y": 0, "num_citations_5y": 3, "num_publications_10y": 1, "num_citations_10y": 8, "publications_years": {"2011": 1}, "citations_years": {"2012": 2, "2013": 3, "2014": 1, "2015": 1, "2016": 0, "2017": 1}, "old_citations": {"2011": 8}, "isVisible": false}, "3001142106": {"name": "aloke saha", "type": "author", "activity": 10, "h_index": 1, "h5_index": 0, "mag_id": "3001142106", "num_publications": 1, "num_citations": 8, "num_publications_5y": 0, "num_citations_5y": 4, "num_publications_10y": 1, "num_citations_10y": 6, "publications_years": {"2011": 1}, "citations_years": {"2013": 2, "2014": 0, "2015": 0, "2016": 1, "2017": 2, "2018": 1, "2019": 2}, "old_citations": {"2011": 8}, "isVisible": false}, "2974626943": {"name": "t chakravarty", "type": "author", "activity": 1, "h_index": 1, "h5_index": 0, "mag_id": "2974626943", "num_publications": 1, "num_citations": 6, "num_publications_5y": 0, "num_citations_5y": 0, "num_publications_10y": 1, "num_citations_10y": 6, "publications_years": {"2011": 1}, "citations_years": {"2012": 3, "2013": 3}, "old_citations": {"2011": 6}, "isVisible": false}, "2971241167": {"name": "sanjay dhar roy", "type": "author", "activity": 13, "h_index": 6, "h5_index": 4, "mag_id": "2971241167", "num_publications": 1, "num_citations": 2, "num_publications_5y": 0, "num_citations_5y": 2, "num_publications_10y": 1, "num_citations_10y": 2, "publications_years": {"2011": 1}, "citations_years": {"2015": 1, "2016": 1}, "old_citations": {"2011": 2}, "isVisible": false}, "3000960689": {"name": "s c sharma", "type": "author", "activity": 3, "h_index": 4, "h5_index": 0, "mag_id": "3000960689", "num_publications": 1, "num_citations": 2, "num_publications_5y": 0, "num_citations_5y": 2, "num_publications_10y": 1, "num_citations_10y": 2, "publications_years": {"2011": 1}, "citations_years": {"2017": 2}, "old_citations": {"2011": 2}, "isVisible": false}}, "countries": {"India": {"name": "India", "type": "country", "h5_index": 78, "num_publications": 31, "num_citations": 215, "num_publications_5y": 0, "num_citations_5y": 108, "num_publications_10y": 31, "num_citations_10y": 198, "publications_years": {"2011": 31}, "citations_years": {"2012": 36, "2013": 41, "2014": 41, "2015": 24, "2016": 15, "2011": 13, "2017": 17, "2018": 11, "2019": 13, "2020": 4}, "old_citations": {"2011": 215}, "isVisible": false}, "Denmark": {"name": "Denmark", "type": "country", "h5_index": 65, "num_publications": 1, "num_citations": 77, "num_publications_5y": 0, "num_citations_5y": 60, "num_publications_10y": 1, "num_citations_10y": 72, "publications_years": {"2011": 1}, "citations_years": {"2011": 1, "2012": 2, "2013": 9, "2014": 14, "2015": 17, "2016": 15, "2017": 10, "2018": 4, "2019": 4, "2020": 1}, "old_citations": {"2011": 77}, "isVisible": false}}, "industrial_sectors": {"computing_and_it": {"name": "computing_and_it", "type": "industrial sector", "h5_index": 221, "num_publications": 1, "num_citations": 6, "num_publications_5y": 0, "num_citations_5y": 0, "num_publications_10y": 1, "num_citations_10y": 6, "publications_years": {"2011": 1}, "citations_years": {"2012": 3, "2013": 3}, "old_citations": {"2011": 6}, "isVisible": false}, "technology": {"name": "technology", "type": "industrial sector", "h5_index": 229, "num_publications": 1, "num_citations": 6, "num_publications_5y": 0, "num_citations_5y": 0, "num_publications_10y": 1, "num_citations_10y": 6, "publications_years": {"2011": 1}, "citations_years": {"2012": 3, "2013": 3}, "old_citations": {"2011": 6}, "isVisible": false}}}, "conference_comparison": {"computer science": {}}, "topics_dna": {"publications": {}, "citations": {"normalized": {}, "average": {}}}, "info": {"num_publications": 40, "num_citations": 345.0, "impact_factor": {}, "publications_years": {"2011": 40}, "citations_years": {"2011": 15, "2012": 42, "2013": 66, "2014": 63, "2015": 48, "2016": 31, "2017": 37, "2018": 18, "2019": 20, "2020": 5}, "old_citations": {"2011": 345}, "h5_index": 0}, "percentile": {"computer science": {"2011": 84}}, "conference_ranking": {"computer science": {"2011": 660}}, "academia": {"num_publications": 30, "num_citations": 282, "publications_years": {"2011": 30}, "old_citations": {"2011": 282}, "num_publications_5y": 0, "num_citations_5y": 0, "num_publications_10y": 30, "num_citations_10y": 282}, "industry": {"num_publications": 1, "num_citations": 6, "publications_years": {"2011": 1}, "old_citations": {"2011": 6}, "num_publications_5y": 0, "num_citations_5y": 0, "num_publications_10y": 1, "num_citations_10y": 6}, "collaborative": {"num_publications": 0, "num_citations": 0, "publications_years": {}, "old_citations": {}, "num_publications_5y": 0, "num_citations_5y": 0, "num_publications_10y": 0, "num_citations_10y": 0}, "conferences": {}, "journals": {}, "organizations": {"publication_overall": ["National Institute of Technology Durgapur", "Birla Institute of Technology and Science, Pilani", "Indian Institute of Technology Kharagpur", "Anna University, Chennai", "National Institute of Technology Rourkela", "Aligarh Muslim University", "Indian Institute of Technology Roorkee", "Thapar University", "Aalborg University", "Andhra University", "Annamalai University", "Birla Institute of Technology, Mesra", "Centre for Development of Advanced Computing", "GITAM University", "Indian Institute of Technology Delhi", "Indian Institute of Technology Guwahati", "Jadavpur University", "National Institute of Technology Kurukshetra", "Nirma University", "Tata Consultancy Services (India)"], "citation_overall": ["Aalborg University", "Indian Institute of Technology Kharagpur", "National Institute of Technology Rourkela", "National Institute of Technology Durgapur", "Anna University, Chennai", "Aligarh Muslim University", "Birla Institute of Technology and Science, Pilani", "Thapar University", "Jadavpur University", "Annamalai University", "Birla Institute of Technology, Mesra", "Indian Institute of Technology Roorkee", "Tata Consultancy Services (India)", "Centre for Development of Advanced Computing", "Nirma University", "Indian Institute of Technology Guwahati", "National Institute of Technology Kurukshetra", "Andhra University", "GITAM University", "Indian Institute of Technology Delhi"], "publication_10_years": ["National Institute of Technology Durgapur", "Birla Institute of Technology and Science, Pilani", "Indian Institute of Technology Kharagpur", "Anna University, Chennai", "National Institute of Technology Rourkela", "Aligarh Muslim University", "Indian Institute of Technology Roorkee", "Thapar University", "Aalborg University", "Andhra University", "Annamalai University", "Birla Institute of Technology, Mesra", "Centre for Development of Advanced Computing", "GITAM University", "Indian Institute of Technology Delhi", "Indian Institute of Technology Guwahati", "Jadavpur University", "National Institute of Technology Kurukshetra", "Nirma University", "Tata Consultancy Services (India)"], "citation_10_years": ["Aalborg University", "Indian Institute of Technology Kharagpur", "National Institute of Technology Rourkela", "National Institute of Technology Durgapur", "Anna University, Chennai", "Aligarh Muslim University", "Birla Institute of Technology and Science, Pilani", "Thapar University", "Jadavpur University", "Annamalai University", "Birla Institute of Technology, Mesra", "Indian Institute of Technology Roorkee", "Tata Consultancy Services (India)", "Centre for Development of Advanced Computing", "Nirma University", "Indian Institute of Technology Guwahati", "National Institute of Technology Kurukshetra", "Andhra University", "GITAM University", "Indian Institute of Technology Delhi"], "publication_5_years": [], "citation_5_years": []}, "countries": {"publication_overall": ["India", "Denmark"], "citation_overall": ["India", "Denmark"], "publication_10_years": ["India", "Denmark"], "citation_10_years": ["India", "Denmark"], "publication_5_years": [], "citation_5_years": []}, "topics": {"publication_overall": ["computer science", "engineering", "computer systems", "computer networks", "telecommunication systems", "communication systems", "wireless telecommunication systems", "signal processing", "telecommunication networks", "computer hardware", "mathematics", "telecommunication traffic", "communication channels (information theory)", "bandwidth", "sensors", "wireless communications", "data communication systems", "signal to noise ratio", "communication", "computer imaging and vision"], "citation_overall": ["computer science", "computer networks", "computer systems", "telecommunication systems", "engineering", "communication systems", "wireless telecommunication systems", "artificial intelligence", "communication channels (information theory)", "signal processing", "computer hardware", "radio", "computer imaging and vision", "image processing", "mathematics", "antennas", "cognitive systems", "telecommunication networks", "signal to noise ratio", "telecommunication traffic"], "publication_10_years": ["computer science", "engineering", "computer systems", "computer networks", "telecommunication systems", "communication systems", "wireless telecommunication systems", "signal processing", "telecommunication networks", "computer hardware", "mathematics", "telecommunication traffic", "communication channels (information theory)", "bandwidth", "sensors", "wireless communications", "data communication systems", "signal to noise ratio", "communication", "computer imaging and vision"], "citation_10_years": ["computer science", "computer networks", "computer systems", "telecommunication systems", "engineering", "communication systems", "wireless telecommunication systems", "artificial intelligence", "communication channels (information theory)", "signal processing", "computer hardware", "radio", "computer imaging and vision", "image processing", "mathematics", "antennas", "cognitive systems", "telecommunication networks", "signal to noise ratio", "telecommunication traffic"], "publication_5_years": [], "citation_5_years": []}, "main_topics": ["computer science"], "authors": {"publication_overall": ["2139313954", "2284396573", "2062897272", "2069669896", "2131575566", "2132889775", "2150300836", "2156062054", "2170197494", "2231764523", "240279768", "548667907", "614563513", "1365001358", "1660779237", "1964255095", "1971253701", "1997772614", "2025883249", "2038460030", "2038582525", "2048562164", "2051848792", "2073647417", "2074213400", "2081341275", "2096591416", "2102889727", "2105670226", "2107680207", "2111504208", "2111895972", "2112506627", "2113572670", "2114924821", "2117469217", "2117711361", "2127293342", "2130468000", "2131483031", "2139801619", "2142139707", "2149112495", "2150862607", "2156675669", "2171595878", "2190233609", "2191448217", "2192899577", "2220394469", "2222160480", "2222622200", "2222852380", "2224031807", "2225228553", "2226894943", "2227459872", "2227814408", "2228588489", "2229431788", "2244229555", "2245610251", "2251254057", "2272451603", "2288243892", "2289355476", "2293917413", "2300650203", "2304784099", "2304878199", "2318466976", "2319253668", "2338434077", "2341474460", "2342485353", "2343008783", "2394289278", "2414090854", "2425740659", "2428421965", "2431022514", "2475973969", "2490473070", "2492707937", "2499092891", "2499676001", "2505347835", "2518807137", "2524773577", "2541103765", "2545351514", "2559497608", "2614749504", "2624558996", "2627716168", "2656363134", "2657421253", "2663456533", "2666209018", "2816902267"], "citation_overall": ["2025883249", "2220394469", "2341474460", "2132889775", "2431022514", "2559497608", "1971253701", "2171595878", "2229431788", "2475973969", "2499676001", "2081341275", "2191448217", "2490473070", "2284396573", "2062897272", "2130468000", "2170197494", "2222160480", "2224031807", "2300650203", "2343008783", "548667907", "1365001358", "2111504208", "2319253668", "2131483031", "2131575566", "2150300836", "2156062054", "2192899577", "2541103765", "2627716168", "2051848792", "2069669896", "2139313954", "2231764523", "2304784099", "2073647417", "2113572670", "2272451603", "2428421965", "2816902267", "3001142106", "614563513", "2117711361", "2142139707", "2499092891", "2518807137", "2524773577", "2624558996", "2974626943", "2107680207", "2150862607", "2293917413", "2048562164", "2149112495", "2227459872", "2227814408", "2244229555", "2251254057", "2425740659", "2505347835", "1660779237", "2105670226", "2111895972", "2245610251", "2288243892", "2318466976", "2394289278", "1997772614", "2096591416", "2222852380", "2304878199", "2492707937", "2663456533", "2971241167", "3000960689", "2038460030", "2074213400", "2114924821", "2139801619", "2190233609", "2226894943", "2289355476", "2338434077", "2342485353", "2414090854", "2545351514", "2614749504", "2657421253", "2666209018", "240279768", "1964255095", "2038582525", "2102889727", "2112506627", "2117469217", "2127293342", "2156675669"], "publication_10_years": ["2139313954", "2284396573", "2062897272", "2069669896", "2131575566", "2132889775", "2150300836", "2156062054", "2170197494", "2231764523", "240279768", "548667907", "614563513", "1365001358", "1660779237", "1964255095", "1971253701", "1997772614", "2025883249", "2038460030", "2038582525", "2048562164", "2051848792", "2073647417", "2074213400", "2081341275", "2096591416", "2102889727", "2105670226", "2107680207", "2111504208", "2111895972", "2112506627", "2113572670", "2114924821", "2117469217", "2117711361", "2127293342", "2130468000", "2131483031", "2139801619", "2142139707", "2149112495", "2150862607", "2156675669", "2171595878", "2190233609", "2191448217", "2192899577", "2220394469", "2222160480", "2222622200", "2222852380", "2224031807", "2225228553", "2226894943", "2227459872", "2227814408", "2228588489", "2229431788", "2244229555", "2245610251", "2251254057", "2272451603", "2288243892", "2289355476", "2293917413", "2300650203", "2304784099", "2304878199", "2318466976", "2319253668", "2338434077", "2341474460", "2342485353", "2343008783", "2394289278", "2414090854", "2425740659", "2428421965", "2431022514", "2475973969", "2490473070", "2492707937", "2499092891", "2499676001", "2505347835", "2518807137", "2524773577", "2541103765", "2545351514", "2559497608", "2614749504", "2624558996", "2627716168", "2656363134", "2657421253", "2663456533", "2666209018", "2816902267"], "citation_10_years": ["2025883249", "2220394469", "2341474460", "2132889775", "2431022514", "2559497608", "1971253701", "2171595878", "2229431788", "2475973969", "2499676001", "2081341275", "2191448217", "2490473070", "2284396573", "2062897272", "2130468000", "2170197494", "2222160480", "2224031807", "2300650203", "2343008783", "548667907", "1365001358", "2111504208", "2319253668", "2131483031", "2131575566", "2150300836", "2156062054", "2192899577", "2541103765", "2627716168", "2051848792", "2069669896", "2139313954", "2231764523", "2304784099", "2073647417", "2113572670", "2272451603", "2428421965", "2816902267", "3001142106", "614563513", "2117711361", "2142139707", "2499092891", "2518807137", "2524773577", "2624558996", "2974626943", "2107680207", "2150862607", "2293917413", "2048562164", "2149112495", "2227459872", "2227814408", "2244229555", "2251254057", "2425740659", "2505347835", "1660779237", "2105670226", "2111895972", "2245610251", "2288243892", "2318466976", "2394289278", "1997772614", "2096591416", "2222852380", "2304878199", "2492707937", "2663456533", "2971241167", "3000960689", "2038460030", "2074213400", "2114924821", "2139801619", "2190233609", "2226894943", "2289355476", "2338434077", "2342485353", "2414090854", "2545351514", "2614749504", "2657421253", "2666209018", "240279768", "1964255095", "2038582525", "2102889727", "2112506627", "2117469217", "2127293342", "2156675669"], "publication_5_years": [], "citation_5_years": []}, "industrial_sectors": {"publication_overall": ["computing_and_it", "technology"], "citation_overall": ["computing_and_it", "technology"], "publication_10_years": ["computing_and_it", "technology"], "citation_10_years": ["computing_and_it", "technology"], "publication_5_years": [], "citation_5_years": []}}