{"name": "Bioinformatics Research and Development", "acronym": "BIRD", "type": "conference", "uniqueEntities": {"organizations": {"German Cancer Research Center": {"name": "German Cancer Research Center", "type": "organization", "organization_type": "Facility", "h_index": 48, "h5_index": 18, "num_publications": 3, "num_citations": 11, "num_publications_5y": 0, "num_citations_5y": 1, "num_publications_10y": 0, "num_citations_10y": 5, "publications_years": {"2007": 3}, "citations_years": {"2007": 1, "2008": 5, "2009": 2, "2010": 0, "2011": 1, "2012": 0, "2013": 1, "2014": 0, "2015": 1}, "old_citations": {"2007": 11}, "isVisible": false}, "Austrian Academy of Sciences": {"name": "Austrian Academy of Sciences", "type": "organization", "organization_type": "Government", "h_index": 34, "h5_index": 11, "num_publications": 1, "num_citations": 4, "num_publications_5y": 0, "num_citations_5y": 1, "num_publications_10y": 0, "num_citations_10y": 4, "publications_years": {"2007": 1}, "citations_years": {"2009": 1, "2010": 0, "2011": 0, "2012": 1, "2013": 1, "2014": 0, "2015": 0, "2016": 1}, "old_citations": {"2007": 4}, "isVisible": false}, "Carnegie Mellon University": {"name": "Carnegie Mellon University", "type": "organization", "organization_type": "Education", "h_index": 441, "h5_index": 107, "num_publications": 1, "num_citations": 7, "num_publications_5y": 0, "num_citations_5y": 0, "num_publications_10y": 0, "num_citations_10y": 1, "publications_years": {"2007": 1}, "citations_years": {"2007": 2, "2008": 4, "2009": 1}, "old_citations": {"2007": 7}, "isVisible": false}, "Claude Bernard University Lyon 1": {"name": "Claude Bernard University Lyon 1", "type": "organization", "organization_type": "Education", "h_index": 32, "h5_index": 9, "num_publications": 1, "num_citations": 1, "num_publications_5y": 0, "num_citations_5y": 0, "num_publications_10y": 0, "num_citations_10y": 1, "publications_years": {"2007": 1}, "citations_years": {"2013": 1}, "old_citations": {"2007": 1}, "isVisible": false}, "Concordia University": {"name": "Concordia University", "type": "organization", "organization_type": "Education", "h_index": 105, "h5_index": 36, "num_publications": 1, "num_citations": 7, "num_publications_5y": 0, "num_citations_5y": 0, "num_publications_10y": 0, "num_citations_10y": 5, "publications_years": {"2007": 1}, "citations_years": {"2008": 2, "2009": 2, "2010": 0, "2011": 0, "2012": 2, "2013": 1}, "old_citations": {"2007": 7}, "isVisible": false}, "Cranfield University": {"name": "Cranfield University", "type": "organization", "organization_type": "Education", "h_index": 64, "h5_index": 20, "num_publications": 1, "num_citations": 1, "num_publications_5y": 0, "num_citations_5y": 0, "num_publications_10y": 0, "num_citations_10y": 1, "publications_years": {"2007": 1}, "citations_years": {"2013": 1}, "old_citations": {"2007": 1}, "isVisible": false}, "Dublin City University": {"name": "Dublin City University", "type": "organization", "organization_type": "Education", "h_index": 80, "h5_index": 27, "num_publications": 1, "num_citations": 21, "num_publications_5y": 0, "num_citations_5y": 8, "num_publications_10y": 0, "num_citations_10y": 18, "publications_years": {"2007": 1}, "citations_years": {"2009": 1, "2010": 1, "2011": 3, "2012": 3, "2013": 2, "2014": 1, "2015": 1, "2016": 2, "2017": 2, "2018": 2, "2019": 3}, "old_citations": {"2007": 21}, "isVisible": false}, "Eindhoven University of Technology": {"name": "Eindhoven University of Technology", "type": "organization", "organization_type": "Education", "h_index": 159, "h5_index": 40, "num_publications": 1, "num_citations": 4, "num_publications_5y": 0, "num_citations_5y": 1, "num_publications_10y": 0, "num_citations_10y": 4, "publications_years": {"2008": 1}, "citations_years": {"2009": 1, "2010": 0, "2011": 0, "2012": 1, "2013": 1, "2014": 0, "2015": 0, "2016": 1}, "old_citations": {"2008": 4}, "isVisible": false}, "French National Centre for Scientific Research": {"name": "French National Centre for Scientific Research", "type": "organization", "organization_type": "Government", "h_index": 177, "h5_index": 44, "num_publications": 1, "num_citations": 3, "num_publications_5y": 0, "num_citations_5y": 0, "num_publications_10y": 0, "num_citations_10y": 3, "publications_years": {"2007": 1}, "citations_years": {"2009": 2, "2010": 1}, "old_citations": {"2007": 3}, "isVisible": false}, "Fudan University": {"name": "Fudan University", "type": "organization", "organization_type": "Education", "h_index": 100, "h5_index": 44, "num_publications": 1, "num_citations": 0, "num_publications_5y": 0, "num_citations_5y": 0, "num_publications_10y": 0, "num_citations_10y": 0, "publications_years": {"2007": 1}, "citations_years": {}, "old_citations": {"2007": 0}, "isVisible": false}, "Harbin Institute of Technology": {"name": "Harbin Institute of Technology", "type": "organization", "organization_type": "Education", "h_index": 112, "h5_index": 64, "num_publications": 1, "num_citations": 19, "num_publications_5y": 0, "num_citations_5y": 6, "num_publications_10y": 0, "num_citations_10y": 13, "publications_years": {"2007": 1}, "citations_years": {"2007": 1, "2008": 2, "2009": 2, "2010": 2, "2011": 1, "2012": 0, "2013": 2, "2014": 0, "2015": 2, "2016": 1, "2017": 2, "2018": 1, "2019": 3}, "old_citations": {"2007": 19}, "isVisible": false}, "Heriot-Watt University": {"name": "Heriot-Watt University", "type": "organization", "organization_type": "Education", "h_index": 73, "h5_index": 22, "num_publications": 1, "num_citations": 8, "num_publications_5y": 0, "num_citations_5y": 3, "num_publications_10y": 0, "num_citations_10y": 6, "publications_years": {"2007": 1}, "citations_years": {"2006": 1, "2007": 0, "2008": 1, "2009": 2, "2010": 0, "2011": 1, "2012": 0, "2013": 0, "2014": 2, "2015": 0, "2016": 1}, "old_citations": {"2007": 8}, "isVisible": false}, "Keio University": {"name": "Keio University", "type": "organization", "organization_type": "Education", "h_index": 73, "h5_index": 22, "num_publications": 1, "num_citations": 1, "num_publications_5y": 0, "num_citations_5y": 0, "num_publications_10y": 0, "num_citations_10y": 1, "publications_years": {"2007": 1}, "citations_years": {"2009": 1}, "old_citations": {"2007": 1}, "isVisible": false}, "Kyung Hee University": {"name": "Kyung Hee University", "type": "organization", "organization_type": "Education", "h_index": 68, "h5_index": 28, "num_publications": 1, "num_citations": 12, "num_publications_5y": 0, "num_citations_5y": 4, "num_publications_10y": 0, "num_citations_10y": 10, "publications_years": {"2007": 1}, "citations_years": {"2008": 1, "2009": 0, "2010": 2, "2011": 2, "2012": 1, "2013": 1, "2014": 1, "2015": 2, "2016": 1, "2017": 0, "2018": 0, "2019": 1}, "old_citations": {"2007": 12}, "isVisible": false}, "Leibniz Association": {"name": "Leibniz Association", "type": "organization", "organization_type": "Government", "h_index": 46, "h5_index": 23, "num_publications": 1, "num_citations": 1, "num_publications_5y": 0, "num_citations_5y": 1, "num_publications_10y": 0, "num_citations_10y": 1, "publications_years": {"2007": 1}, "citations_years": {"2016": 1}, "old_citations": {"2007": 1}, "isVisible": false}, "Ludwig Maximilian University of Munich": {"name": "Ludwig Maximilian University of Munich", "type": "organization", "organization_type": "Education", "h_index": 137, "h5_index": 37, "num_publications": 1, "num_citations": 5, "num_publications_5y": 0, "num_citations_5y": 0, "num_publications_10y": 0, "num_citations_10y": 3, "publications_years": {"2007": 1}, "citations_years": {"2007": 1, "2008": 1, "2009": 3}, "old_citations": {"2007": 5}, "isVisible": false}, "Martin Luther University Halle-Wittenberg": {"name": "Martin Luther University Halle-Wittenberg", "type": "organization", "organization_type": "Education", "h_index": 47, "h5_index": 11, "num_publications": 1, "num_citations": 1, "num_publications_5y": 0, "num_citations_5y": 1, "num_publications_10y": 0, "num_citations_10y": 1, "publications_years": {"2007": 1}, "citations_years": {"2016": 1}, "old_citations": {"2007": 1}, "isVisible": false}, "Max Planck Society": {"name": "Max Planck Society", "type": "organization", "organization_type": "Nonprofit", "h_index": 248, "h5_index": 87, "num_publications": 1, "num_citations": 21, "num_publications_5y": 0, "num_citations_5y": 5, "num_publications_10y": 0, "num_citations_10y": 18, "publications_years": {"2007": 1}, "citations_years": {"2008": 1, "2009": 1, "2010": 4, "2011": 4, "2012": 3, "2013": 1, "2014": 2, "2015": 2, "2016": 1, "2017": 0, "2018": 0, "2019": 1, "2020": 1}, "old_citations": {"2007": 21}, "isVisible": false}, "National Cancer Research Institute": {"name": "National Cancer Research Institute", "type": "organization", "organization_type": "Facility", "h_index": 8, "h5_index": 1, "num_publications": 1, "num_citations": 2, "num_publications_5y": 0, "num_citations_5y": 0, "num_publications_10y": 0, "num_citations_10y": 2, "publications_years": {"2007": 1}, "citations_years": {"2010": 1, "2011": 0, "2012": 1}, "old_citations": {"2007": 2}, "isVisible": false}, "National Taiwan University": {"name": "National Taiwan University", "type": "organization", "organization_type": "Education", "h_index": 132, "h5_index": 34, "num_publications": 1, "num_citations": 2, "num_publications_5y": 0, "num_citations_5y": 1, "num_publications_10y": 0, "num_citations_10y": 1, "publications_years": {"2007": 1}, "citations_years": {"2007": 1, "2008": 0, "2009": 0, "2010": 0, "2011": 0, "2012": 0, "2013": 0, "2014": 1}, "old_citations": {"2007": 2}, "isVisible": false}, "Radboud University Nijmegen": {"name": "Radboud University Nijmegen", "type": "organization", "organization_type": "Education", "h_index": 104, "h5_index": 36, "num_publications": 1, "num_citations": 4, "num_publications_5y": 0, "num_citations_5y": 1, "num_publications_10y": 0, "num_citations_10y": 4, "publications_years": {"2008": 1}, "citations_years": {"2009": 1, "2010": 0, "2011": 0, "2012": 1, "2013": 1, "2014": 0, "2015": 0, "2016": 1}, "old_citations": {"2008": 4}, "isVisible": false}, "TU Dortmund University": {"name": "TU Dortmund University", "type": "organization", "organization_type": "Education", "h_index": 73, "h5_index": 31, "num_publications": 1, "num_citations": 18, "num_publications_5y": 0, "num_citations_5y": 4, "num_publications_10y": 0, "num_citations_10y": 15, "publications_years": {"2007": 1}, "citations_years": {"2008": 2, "2009": 0, "2010": 2, "2011": 6, "2012": 1, "2013": 2, "2014": 1, "2015": 1, "2016": 1, "2017": 0, "2018": 1, "2019": 1}, "old_citations": {"2007": 18}, "isVisible": false}, "Technical University of Berlin": {"name": "Technical University of Berlin", "type": "organization", "organization_type": "Education", "h_index": 119, "h5_index": 40, "num_publications": 1, "num_citations": 21, "num_publications_5y": 0, "num_citations_5y": 5, "num_publications_10y": 0, "num_citations_10y": 18, "publications_years": {"2007": 1}, "citations_years": {"2008": 1, "2009": 1, "2010": 4, "2011": 4, "2012": 3, "2013": 1, "2014": 2, "2015": 2, "2016": 1, "2017": 0, "2018": 0, "2019": 1, "2020": 1}, "old_citations": {"2007": 21}, "isVisible": false}, "Tongji University": {"name": "Tongji University", "type": "organization", "organization_type": "Education", "h_index": 76, "h5_index": 43, "num_publications": 1, "num_citations": 0, "num_publications_5y": 0, "num_citations_5y": 0, "num_publications_10y": 0, "num_citations_10y": 0, "publications_years": {"2007": 1}, "citations_years": {}, "old_citations": {"2007": 0}, "isVisible": false}, "University of Amsterdam": {"name": "University of Amsterdam", "type": "organization", "organization_type": "Education", "h_index": 164, "h5_index": 50, "num_publications": 1, "num_citations": 0, "num_publications_5y": 0, "num_citations_5y": 0, "num_publications_10y": 0, "num_citations_10y": 0, "publications_years": {"2007": 1}, "citations_years": {}, "old_citations": {"2007": 0}, "isVisible": false}, "University of Bologna": {"name": "University of Bologna", "type": "organization", "organization_type": "Education", "h_index": 141, "h5_index": 36, "num_publications": 1, "num_citations": 14, "num_publications_5y": 0, "num_citations_5y": 5, "num_publications_10y": 0, "num_citations_10y": 10, "publications_years": {"2007": 1}, "citations_years": {"2009": 2, "2010": 0, "2011": 1, "2012": 0, "2013": 2, "2014": 1, "2015": 1, "2016": 2, "2017": 1, "2018": 0, "2019": 3, "2020": 1}, "old_citations": {"2007": 14}, "isVisible": false}, "University of Cambridge": {"name": "University of Cambridge", "type": "organization", "organization_type": "Education", "h_index": 250, "h5_index": 62, "num_publications": 1, "num_citations": 12, "num_publications_5y": 0, "num_citations_5y": 4, "num_publications_10y": 0, "num_citations_10y": 10, "publications_years": {"2007": 1}, "citations_years": {"2008": 1, "2009": 0, "2010": 2, "2011": 2, "2012": 1, "2013": 1, "2014": 1, "2015": 2, "2016": 1, "2017": 0, "2018": 0, "2019": 1}, "old_citations": {"2007": 12}, "isVisible": false}, "University of Cologne": {"name": "University of Cologne", "type": "organization", "organization_type": "Education", "h_index": 56, "h5_index": 16, "num_publications": 1, "num_citations": 11, "num_publications_5y": 0, "num_citations_5y": 1, "num_publications_10y": 0, "num_citations_10y": 5, "publications_years": {"2007": 1}, "citations_years": {"2007": 1, "2008": 5, "2009": 2, "2010": 0, "2011": 1, "2012": 0, "2013": 1, "2014": 0, "2015": 1}, "old_citations": {"2007": 11}, "isVisible": false}, "University of Copenhagen": {"name": "University of Copenhagen", "type": "organization", "organization_type": "Education", "h_index": 113, "h5_index": 35, "num_publications": 1, "num_citations": 14, "num_publications_5y": 0, "num_citations_5y": 5, "num_publications_10y": 0, "num_citations_10y": 10, "publications_years": {"2007": 1}, "citations_years": {"2009": 2, "2010": 0, "2011": 1, "2012": 0, "2013": 2, "2014": 1, "2015": 1, "2016": 2, "2017": 1, "2018": 0, "2019": 3, "2020": 1}, "old_citations": {"2007": 14}, "isVisible": false}, "University of Edinburgh": {"name": "University of Edinburgh", "type": "organization", "organization_type": "Education", "h_index": 198, "h5_index": 57, "num_publications": 1, "num_citations": 18, "num_publications_5y": 0, "num_citations_5y": 4, "num_publications_10y": 0, "num_citations_10y": 17, "publications_years": {"2007": 1}, "citations_years": {"2008": 1, "2009": 3, "2010": 3, "2011": 2, "2012": 1, "2013": 4, "2014": 3, "2015": 0, "2016": 0, "2017": 0, "2018": 1}, "old_citations": {"2007": 18}, "isVisible": false}, "University of Granada": {"name": "University of Granada", "type": "organization", "organization_type": "Education", "h_index": 111, "h5_index": 40, "num_publications": 1, "num_citations": 1, "num_publications_5y": 0, "num_citations_5y": 0, "num_publications_10y": 0, "num_citations_10y": 1, "publications_years": {"2007": 1}, "citations_years": {"2009": 1}, "old_citations": {"2007": 1}, "isVisible": false}, "University of Jendouba": {"name": "University of Jendouba", "type": "organization", "organization_type": "Education", "h_index": 7, "h5_index": 4, "num_publications": 1, "num_citations": 3, "num_publications_5y": 0, "num_citations_5y": 0, "num_publications_10y": 0, "num_citations_10y": 3, "publications_years": {"2007": 1}, "citations_years": {"2009": 2, "2010": 1}, "old_citations": {"2007": 3}, "isVisible": false}, "University of Sk\u00f6vde": {"name": "University of Sk\u00f6vde", "type": "organization", "organization_type": "Education", "h_index": 40, "h5_index": 13, "num_publications": 1, "num_citations": 8, "num_publications_5y": 0, "num_citations_5y": 3, "num_publications_10y": 0, "num_citations_10y": 6, "publications_years": {"2007": 1}, "citations_years": {"2006": 1, "2007": 0, "2008": 1, "2009": 2, "2010": 0, "2011": 1, "2012": 0, "2013": 0, "2014": 2, "2015": 0, "2016": 1}, "old_citations": {"2007": 8}, "isVisible": false}, "University of Sussex": {"name": "University of Sussex", "type": "organization", "organization_type": "Education", "h_index": 106, "h5_index": 29, "num_publications": 1, "num_citations": 3, "num_publications_5y": 0, "num_citations_5y": 0, "num_publications_10y": 0, "num_citations_10y": 3, "publications_years": {"2007": 1}, "citations_years": {"2012": 3}, "old_citations": {"2007": 3}, "isVisible": false}, "University of Technology Malaysia": {"name": "University of Technology Malaysia", "type": "organization", "organization_type": "Education", "h_index": 61, "h5_index": 33, "num_publications": 1, "num_citations": 0, "num_publications_5y": 0, "num_citations_5y": 0, "num_publications_10y": 0, "num_citations_10y": 0, "publications_years": {"2007": 1}, "citations_years": {}, "old_citations": {"2007": 0}, "isVisible": false}, "University of Tokyo": {"name": "University of Tokyo", "type": "organization", "organization_type": "Education", "h_index": 147, "h5_index": 42, "num_publications": 1, "num_citations": 1, "num_publications_5y": 0, "num_citations_5y": 0, "num_publications_10y": 0, "num_citations_10y": 1, "publications_years": {"2007": 1}, "citations_years": {"2009": 1}, "old_citations": {"2007": 1}, "isVisible": false}, "University of T\u00fcbingen": {"name": "University of T\u00fcbingen", "type": "organization", "organization_type": "Education", "h_index": 97, "h5_index": 30, "num_publications": 1, "num_citations": 3, "num_publications_5y": 0, "num_citations_5y": 0, "num_publications_10y": 0, "num_citations_10y": 2, "publications_years": {"2007": 1}, "citations_years": {"2008": 1, "2009": 0, "2010": 0, "2011": 0, "2012": 1, "2013": 1}, "old_citations": {"2007": 3}, "isVisible": false}, "Universit\u00e9 Libre de Bruxelles": {"name": "Universit\u00e9 Libre de Bruxelles", "type": "organization", "organization_type": "Education", "h_index": 93, "h5_index": 23, "num_publications": 1, "num_citations": 11, "num_publications_5y": 0, "num_citations_5y": 5, "num_publications_10y": 0, "num_citations_10y": 7, "publications_years": {"2007": 1}, "citations_years": {"2005": 1, "2006": 0, "2007": 2, "2008": 0, "2009": 0, "2010": 0, "2011": 0, "2012": 1, "2013": 1, "2014": 1, "2015": 1, "2016": 2, "2017": 1, "2018": 0, "2019": 1}, "old_citations": {"2007": 11}, "isVisible": false}, "Yuan Ze University": {"name": "Yuan Ze University", "type": "organization", "organization_type": "Education", "h_index": 65, "h5_index": 17, "num_publications": 1, "num_citations": 2, "num_publications_5y": 0, "num_citations_5y": 1, "num_publications_10y": 0, "num_citations_10y": 1, "publications_years": {"2007": 1}, "citations_years": {"2007": 1, "2008": 0, "2009": 0, "2010": 0, "2011": 0, "2012": 0, "2013": 0, "2014": 1}, "old_citations": {"2007": 2}, "isVisible": false}}, "topics": {"computer science": {"name": "computer science", "type": "topic", "h_index": 1779, "h5_index": 416, "num_publications": 30, "num_citations": 219, "num_publications_5y": 0, "num_citations_5y": 51, "num_publications_10y": 0, "num_citations_10y": 165, "publications_years": {"2007": 29, "2008": 1}, "citations_years": {"2009": 30, "2010": 16, "2011": 23, "2012": 20, "2013": 25, "2014": 13, "2015": 11, "2016": 14, "2017": 7, "2018": 6, "2019": 13, "2007": 11, "2008": 25, "2020": 3, "2005": 1, "2006": 1}, "old_citations": {"2007": 215, "2008": 4}, "isVisible": false}, "computer systems": {"name": "computer systems", "type": "topic", "h_index": 1595, "h5_index": 367, "num_publications": 22, "num_citations": 149, "num_publications_5y": 0, "num_citations_5y": 36, "num_publications_10y": 0, "num_citations_10y": 116, "publications_years": {"2007": 21, "2008": 1}, "citations_years": {"2009": 23, "2010": 12, "2011": 12, "2012": 13, "2013": 20, "2014": 10, "2015": 6, "2016": 10, "2017": 6, "2018": 4, "2019": 10, "2007": 5, "2008": 15, "2020": 2, "2006": 1}, "old_citations": {"2007": 145, "2008": 4}, "isVisible": false}, "mathematics": {"name": "mathematics", "type": "topic", "h_index": 1364, "h5_index": 300, "num_publications": 19, "num_citations": 150, "num_publications_5y": 0, "num_citations_5y": 33, "num_publications_10y": 0, "num_citations_10y": 109, "publications_years": {"2007": 19}, "citations_years": {"2009": 20, "2010": 10, "2011": 17, "2012": 11, "2013": 18, "2014": 6, "2015": 10, "2016": 9, "2017": 5, "2018": 3, "2019": 10, "2020": 3, "2007": 8, "2008": 19, "2005": 1, "2006": 0}, "old_citations": {"2007": 150}, "isVisible": false}, "artificial intelligence": {"name": "artificial intelligence", "type": "topic", "h_index": 1421, "h5_index": 373, "num_publications": 18, "num_citations": 159, "num_publications_5y": 0, "num_citations_5y": 36, "num_publications_10y": 0, "num_citations_10y": 114, "publications_years": {"2007": 18}, "citations_years": {"2009": 20, "2010": 10, "2011": 17, "2012": 11, "2013": 20, "2014": 8, "2015": 8, "2016": 8, "2017": 6, "2018": 6, "2019": 9, "2007": 11, "2008": 23, "2020": 1, "2005": 1, "2006": 0}, "old_citations": {"2007": 159}, "isVisible": false}, "correlation analysis": {"name": "correlation analysis", "type": "topic", "h_index": 1044, "h5_index": 224, "num_publications": 12, "num_citations": 87, "num_publications_5y": 0, "num_citations_5y": 15, "num_publications_10y": 0, "num_citations_10y": 61, "publications_years": {"2007": 12}, "citations_years": {"2009": 15, "2010": 4, "2011": 12, "2012": 6, "2013": 9, "2014": 3, "2015": 5, "2016": 4, "2017": 1, "2018": 2, "2019": 5, "2020": 2, "2007": 5, "2008": 14}, "old_citations": {"2007": 87}, "isVisible": false}, "database systems": {"name": "database systems", "type": "topic", "h_index": 1167, "h5_index": 276, "num_publications": 12, "num_citations": 86, "num_publications_5y": 0, "num_citations_5y": 21, "num_publications_10y": 0, "num_citations_10y": 70, "publications_years": {"2007": 11, "2008": 1}, "citations_years": {"2009": 13, "2010": 7, "2011": 6, "2012": 8, "2013": 15, "2014": 4, "2015": 3, "2016": 5, "2017": 5, "2018": 4, "2019": 6, "2007": 2, "2008": 8}, "old_citations": {"2007": 82, "2008": 4}, "isVisible": false}, "probability": {"name": "probability", "type": "topic", "h_index": 918, "h5_index": 211, "num_publications": 11, "num_citations": 76, "num_publications_5y": 0, "num_citations_5y": 22, "num_publications_10y": 0, "num_citations_10y": 52, "publications_years": {"2007": 11}, "citations_years": {"2009": 7, "2010": 4, "2011": 5, "2012": 2, "2013": 12, "2014": 3, "2015": 7, "2016": 6, "2017": 5, "2018": 1, "2019": 8, "2020": 1, "2007": 4, "2008": 10, "2005": 1, "2006": 0}, "old_citations": {"2007": 76}, "isVisible": false}, "computer imaging and vision": {"name": "computer imaging and vision", "type": "topic", "h_index": 1142, "h5_index": 334, "num_publications": 10, "num_citations": 50, "num_publications_5y": 0, "num_citations_5y": 12, "num_publications_10y": 0, "num_citations_10y": 35, "publications_years": {"2007": 10}, "citations_years": {"2007": 3, "2008": 7, "2009": 7, "2010": 3, "2011": 3, "2012": 2, "2013": 8, "2014": 3, "2015": 3, "2016": 4, "2017": 2, "2018": 0, "2019": 4, "2020": 1}, "old_citations": {"2007": 50}, "isVisible": false}, "image processing": {"name": "image processing", "type": "topic", "h_index": 1113, "h5_index": 328, "num_publications": 10, "num_citations": 50, "num_publications_5y": 0, "num_citations_5y": 12, "num_publications_10y": 0, "num_citations_10y": 35, "publications_years": {"2007": 10}, "citations_years": {"2007": 3, "2008": 7, "2009": 7, "2010": 3, "2011": 3, "2012": 2, "2013": 8, "2014": 3, "2015": 3, "2016": 4, "2017": 2, "2018": 0, "2019": 4, "2020": 1}, "old_citations": {"2007": 50}, "isVisible": false}, "computer networks": {"name": "computer networks", "type": "topic", "h_index": 1262, "h5_index": 332, "num_publications": 9, "num_citations": 45, "num_publications_5y": 0, "num_citations_5y": 14, "num_publications_10y": 0, "num_citations_10y": 28, "publications_years": {"2007": 9}, "citations_years": {"2007": 5, "2008": 5, "2009": 7, "2010": 0, "2011": 2, "2012": 1, "2013": 4, "2014": 5, "2015": 2, "2016": 5, "2017": 2, "2018": 0, "2019": 4, "2020": 1, "2005": 1, "2006": 1}, "old_citations": {"2007": 45}, "isVisible": false}, "data mining": {"name": "data mining", "type": "topic", "h_index": 861, "h5_index": 196, "num_publications": 8, "num_citations": 62, "num_publications_5y": 0, "num_citations_5y": 17, "num_publications_10y": 0, "num_citations_10y": 50, "publications_years": {"2007": 7, "2008": 1}, "citations_years": {"2009": 10, "2010": 5, "2011": 6, "2012": 5, "2013": 7, "2014": 6, "2015": 1, "2016": 5, "2017": 2, "2018": 3, "2019": 3, "2007": 2, "2008": 6, "2006": 1}, "old_citations": {"2007": 58, "2008": 4}, "isVisible": false}, "image analysis": {"name": "image analysis", "type": "topic", "h_index": 988, "h5_index": 315, "num_publications": 8, "num_citations": 42, "num_publications_5y": 0, "num_citations_5y": 11, "num_publications_10y": 0, "num_citations_10y": 29, "publications_years": {"2007": 8}, "citations_years": {"2007": 3, "2008": 5, "2009": 6, "2010": 3, "2011": 3, "2012": 2, "2013": 4, "2014": 3, "2015": 3, "2016": 4, "2017": 1, "2018": 0, "2019": 4, "2020": 1}, "old_citations": {"2007": 42}, "isVisible": false}, "machine learning": {"name": "machine learning", "type": "topic", "h_index": 1123, "h5_index": 351, "num_publications": 8, "num_citations": 54, "num_publications_5y": 0, "num_citations_5y": 11, "num_publications_10y": 0, "num_citations_10y": 35, "publications_years": {"2007": 8}, "citations_years": {"2007": 4, "2008": 11, "2009": 7, "2010": 4, "2011": 3, "2012": 2, "2013": 8, "2014": 1, "2015": 4, "2016": 2, "2017": 3, "2018": 1, "2019": 4}, "old_citations": {"2007": 54}, "isVisible": false}, "internet": {"name": "internet", "type": "topic", "h_index": 1102, "h5_index": 245, "num_publications": 7, "num_citations": 50, "num_publications_5y": 0, "num_citations_5y": 10, "num_publications_10y": 0, "num_citations_10y": 35, "publications_years": {"2007": 7}, "citations_years": {"2009": 12, "2010": 0, "2011": 4, "2012": 6, "2013": 3, "2014": 4, "2015": 1, "2016": 3, "2017": 1, "2018": 1, "2019": 3, "2020": 2, "2008": 5, "2007": 4, "2006": 1}, "old_citations": {"2007": 50}, "isVisible": false}, "bayesian networks": {"name": "bayesian networks", "type": "topic", "h_index": 548, "h5_index": 144, "num_publications": 6, "num_citations": 53, "num_publications_5y": 0, "num_citations_5y": 14, "num_publications_10y": 0, "num_citations_10y": 38, "publications_years": {"2007": 6}, "citations_years": {"2007": 3, "2008": 8, "2009": 2, "2010": 4, "2011": 9, "2012": 3, "2013": 6, "2014": 3, "2015": 5, "2016": 4, "2017": 1, "2018": 1, "2019": 3, "2005": 1, "2006": 0}, "old_citations": {"2007": 53}, "isVisible": false}, "communication systems": {"name": "communication systems", "type": "topic", "h_index": 1092, "h5_index": 254, "num_publications": 6, "num_citations": 33, "num_publications_5y": 0, "num_citations_5y": 9, "num_publications_10y": 0, "num_citations_10y": 20, "publications_years": {"2007": 6}, "citations_years": {"2007": 3, "2008": 5, "2009": 7, "2010": 0, "2011": 2, "2012": 0, "2013": 2, "2014": 4, "2015": 1, "2016": 3, "2017": 1, "2018": 0, "2019": 3, "2020": 1, "2006": 1}, "old_citations": {"2007": 33}, "isVisible": false}, "engineering": {"name": "engineering", "type": "topic", "h_index": 1177, "h5_index": 287, "num_publications": 6, "num_citations": 44, "num_publications_5y": 0, "num_citations_5y": 13, "num_publications_10y": 0, "num_citations_10y": 29, "publications_years": {"2007": 6}, "citations_years": {"2007": 3, "2008": 6, "2009": 6, "2010": 2, "2011": 4, "2012": 1, "2013": 3, "2014": 5, "2015": 3, "2016": 4, "2017": 1, "2018": 0, "2019": 4, "2020": 1, "2006": 1}, "old_citations": {"2007": 44}, "isVisible": false}, "probability distributions": {"name": "probability distributions", "type": "topic", "h_index": 468, "h5_index": 119, "num_publications": 6, "num_citations": 34, "num_publications_5y": 0, "num_citations_5y": 10, "num_publications_10y": 0, "num_citations_10y": 22, "publications_years": {"2007": 6}, "citations_years": {"2007": 3, "2008": 6, "2009": 2, "2010": 2, "2011": 3, "2012": 2, "2013": 3, "2014": 2, "2015": 4, "2016": 3, "2017": 1, "2018": 0, "2019": 2, "2005": 1, "2006": 0}, "old_citations": {"2007": 34}, "isVisible": false}, "signal processing": {"name": "signal processing", "type": "topic", "h_index": 1012, "h5_index": 255, "num_publications": 6, "num_citations": 44, "num_publications_5y": 0, "num_citations_5y": 13, "num_publications_10y": 0, "num_citations_10y": 29, "publications_years": {"2007": 6}, "citations_years": {"2007": 3, "2008": 6, "2009": 6, "2010": 2, "2011": 4, "2012": 1, "2013": 3, "2014": 5, "2015": 3, "2016": 4, "2017": 1, "2018": 0, "2019": 4, "2020": 1, "2006": 1}, "old_citations": {"2007": 44}, "isVisible": false}, "telecommunication systems": {"name": "telecommunication systems", "type": "topic", "h_index": 1187, "h5_index": 277, "num_publications": 6, "num_citations": 33, "num_publications_5y": 0, "num_citations_5y": 9, "num_publications_10y": 0, "num_citations_10y": 20, "publications_years": {"2007": 6}, "citations_years": {"2007": 3, "2008": 5, "2009": 7, "2010": 0, "2011": 2, "2012": 0, "2013": 2, "2014": 4, "2015": 1, "2016": 3, "2017": 1, "2018": 0, "2019": 3, "2020": 1, "2006": 1}, "old_citations": {"2007": 33}, "isVisible": false}, "linguistics": {"name": "linguistics", "type": "topic", "h_index": 867, "h5_index": 206, "num_publications": 5, "num_citations": 63, "num_publications_5y": 0, "num_citations_5y": 20, "num_publications_10y": 0, "num_citations_10y": 51, "publications_years": {"2007": 5}, "citations_years": {"2009": 5, "2010": 7, "2011": 8, "2012": 6, "2013": 5, "2014": 3, "2015": 5, "2016": 5, "2017": 4, "2018": 3, "2019": 7, "2008": 3, "2020": 1, "2007": 1}, "old_citations": {"2007": 63}, "isVisible": false}, "semantics": {"name": "semantics", "type": "topic", "h_index": 803, "h5_index": 226, "num_publications": 4, "num_citations": 49, "num_publications_5y": 0, "num_citations_5y": 18, "num_publications_10y": 0, "num_citations_10y": 38, "publications_years": {"2007": 4}, "citations_years": {"2009": 5, "2010": 3, "2011": 5, "2012": 3, "2013": 4, "2014": 3, "2015": 3, "2016": 5, "2017": 4, "2018": 3, "2019": 6, "2007": 1, "2008": 3, "2006": 1}, "old_citations": {"2007": 49}, "isVisible": false}, "computer hardware": {"name": "computer hardware", "type": "topic", "h_index": 1150, "h5_index": 279, "num_publications": 5, "num_citations": 45, "num_publications_5y": 0, "num_citations_5y": 10, "num_publications_10y": 0, "num_citations_10y": 32, "publications_years": {"2007": 5}, "citations_years": {"2007": 2, "2008": 5, "2009": 6, "2010": 5, "2011": 5, "2012": 3, "2013": 3, "2014": 3, "2015": 3, "2016": 3, "2017": 1, "2018": 0, "2019": 4, "2020": 2}, "old_citations": {"2007": 45}, "isVisible": false}, "signal to noise ratio": {"name": "signal to noise ratio", "type": "topic", "h_index": 821, "h5_index": 194, "num_publications": 5, "num_citations": 43, "num_publications_5y": 0, "num_citations_5y": 13, "num_publications_10y": 0, "num_citations_10y": 28, "publications_years": {"2007": 5}, "citations_years": {"2007": 3, "2008": 6, "2009": 5, "2010": 2, "2011": 4, "2012": 1, "2013": 3, "2014": 5, "2015": 3, "2016": 4, "2017": 1, "2018": 0, "2019": 4, "2020": 1, "2006": 1}, "old_citations": {"2007": 43}, "isVisible": false}}, "authors": {"10449723": {"name": "lars kaderali", "type": "author", "activity": 18, "h_index": 9, "h5_index": 1, "mag_id": "10449723", "num_publications": 2, "num_citations": 11, "num_publications_5y": 0, "num_citations_5y": 1, "num_publications_10y": 0, "num_citations_10y": 5, "publications_years": {"2007": 2}, "citations_years": {"2007": 1, "2008": 5, "2009": 2, "2010": 0, "2011": 1, "2012": 0, "2013": 1, "2014": 0, "2015": 1}, "old_citations": {"2007": 11}, "isVisible": false}, "2872056": {"name": "rafael navajasperez", "type": "author", "activity": 3, "h_index": 1, "h5_index": 0, "mag_id": "2872056", "num_publications": 1, "num_citations": 1, "num_publications_5y": 0, "num_citations_5y": 0, "num_publications_10y": 0, "num_citations_10y": 1, "publications_years": {"2007": 1}, "citations_years": {"2009": 1}, "old_citations": {"2007": 1}, "isVisible": false}, "43931108": {"name": "m a garridoramos", "type": "author", "activity": 3, "h_index": 1, "h5_index": 0, "mag_id": "43931108", "num_publications": 1, "num_citations": 1, "num_publications_5y": 0, "num_citations_5y": 0, "num_publications_10y": 0, "num_citations_10y": 1, "publications_years": {"2007": 1}, "citations_years": {"2009": 1}, "old_citations": {"2007": 1}, "isVisible": false}, "143797876": {"name": "engelbert mephu nguifo", "type": "author", "activity": 28, "h_index": 16, "h5_index": 3, "mag_id": "143797876", "num_publications": 1, "num_citations": 3, "num_publications_5y": 0, "num_citations_5y": 0, "num_publications_10y": 0, "num_citations_10y": 3, "publications_years": {"2007": 1}, "citations_years": {"2009": 2, "2010": 1}, "old_citations": {"2007": 3}, "isVisible": false}, "219304189": {"name": "roland eils", "type": "author", "activity": 22, "h_index": 16, "h5_index": 5, "mag_id": "219304189", "num_publications": 1, "num_citations": 0, "num_publications_5y": 0, "num_citations_5y": 0, "num_publications_10y": 0, "num_citations_10y": 0, "publications_years": {"2007": 1}, "citations_years": {}, "old_citations": {"2007": 0}, "isVisible": false}, "239245174": {"name": "anand thamildurai", "type": "author", "activity": 3, "h_index": 2, "h5_index": 0, "mag_id": "239245174", "num_publications": 1, "num_citations": 7, "num_publications_5y": 0, "num_citations_5y": 0, "num_publications_10y": 0, "num_citations_10y": 5, "publications_years": {"2007": 1}, "citations_years": {"2008": 2, "2009": 2, "2010": 0, "2011": 0, "2012": 2, "2013": 1}, "old_citations": {"2007": 7}, "isVisible": false}, "254190957": {"name": "katja ickstadt", "type": "author", "activity": 24, "h_index": 7, "h5_index": 2, "mag_id": "254190957", "num_publications": 1, "num_citations": 18, "num_publications_5y": 0, "num_citations_5y": 4, "num_publications_10y": 0, "num_citations_10y": 15, "publications_years": {"2007": 1}, "citations_years": {"2008": 2, "2009": 0, "2010": 2, "2011": 6, "2012": 1, "2013": 2, "2014": 1, "2015": 1, "2016": 1, "2017": 0, "2018": 1, "2019": 1}, "old_citations": {"2007": 18}, "isVisible": false}, "293376274": {"name": "alexander hinneburg", "type": "author", "activity": 21, "h_index": 16, "h5_index": 1, "mag_id": "293376274", "num_publications": 1, "num_citations": 1, "num_publications_5y": 0, "num_citations_5y": 1, "num_publications_10y": 0, "num_citations_10y": 1, "publications_years": {"2007": 1}, "citations_years": {"2016": 1}, "old_citations": {"2007": 1}, "isVisible": false}, "318423750": {"name": "mondher maddouri", "type": "author", "activity": 14, "h_index": 3, "h5_index": 2, "mag_id": "318423750", "num_publications": 1, "num_citations": 3, "num_publications_5y": 0, "num_citations_5y": 0, "num_publications_10y": 0, "num_citations_10y": 3, "publications_years": {"2007": 1}, "citations_years": {"2009": 2, "2010": 1}, "old_citations": {"2007": 3}, "isVisible": false}, "348248771": {"name": "simon j godsill", "type": "author", "activity": 30, "h_index": 29, "h5_index": 7, "mag_id": "348248771", "num_publications": 1, "num_citations": 12, "num_publications_5y": 0, "num_citations_5y": 4, "num_publications_10y": 0, "num_citations_10y": 10, "publications_years": {"2007": 1}, "citations_years": {"2008": 1, "2009": 0, "2010": 2, "2011": 2, "2012": 1, "2013": 1, "2014": 1, "2015": 2, "2016": 1, "2017": 0, "2018": 0, "2019": 1}, "old_citations": {"2007": 12}, "isVisible": false}, "582562560": {"name": "esko ukkonen", "type": "author", "activity": 31, "h_index": 21, "h5_index": 2, "mag_id": "582562560", "num_publications": 1, "num_citations": 15, "num_publications_5y": 0, "num_citations_5y": 1, "num_publications_10y": 0, "num_citations_10y": 9, "publications_years": {"2007": 1}, "citations_years": {"2007": 3, "2008": 2, "2009": 5, "2010": 0, "2011": 2, "2012": 1, "2013": 0, "2014": 0, "2015": 0, "2016": 0, "2017": 0, "2018": 1, "2019": 0, "2020": 1}, "old_citations": {"2007": 15}, "isVisible": false}, "663920594": {"name": "andreas zell", "type": "author", "activity": 31, "h_index": 33, "h5_index": 7, "mag_id": "663920594", "num_publications": 1, "num_citations": 3, "num_publications_5y": 0, "num_citations_5y": 0, "num_publications_10y": 0, "num_citations_10y": 2, "publications_years": {"2007": 1}, "citations_years": {"2008": 1, "2009": 0, "2010": 0, "2011": 0, "2012": 1, "2013": 1}, "old_citations": {"2007": 3}, "isVisible": false}, "703089545": {"name": "david corne", "type": "author", "activity": 27, "h_index": 33, "h5_index": 3, "mag_id": "703089545", "num_publications": 1, "num_citations": 8, "num_publications_5y": 0, "num_citations_5y": 3, "num_publications_10y": 0, "num_citations_10y": 6, "publications_years": {"2007": 1}, "citations_years": {"2006": 1, "2007": 0, "2008": 1, "2009": 2, "2010": 0, "2011": 1, "2012": 0, "2013": 0, "2014": 2, "2015": 0, "2016": 1}, "old_citations": {"2007": 8}, "isVisible": false}, "1229344970": {"name": "rita casadio", "type": "author", "activity": 26, "h_index": 20, "h5_index": 4, "mag_id": "1229344970", "num_publications": 1, "num_citations": 14, "num_publications_5y": 0, "num_citations_5y": 5, "num_publications_10y": 0, "num_citations_10y": 10, "publications_years": {"2007": 1}, "citations_years": {"2009": 2, "2010": 0, "2011": 1, "2012": 0, "2013": 2, "2014": 1, "2015": 1, "2016": 2, "2017": 1, "2018": 0, "2019": 3, "2020": 1}, "old_citations": {"2007": 14}, "isVisible": false}, "1233830699": {"name": "simon w ginzinger", "type": "author", "activity": 13, "h_index": 5, "h5_index": 2, "mag_id": "1233830699", "num_publications": 1, "num_citations": 5, "num_publications_5y": 0, "num_citations_5y": 0, "num_publications_10y": 0, "num_citations_10y": 3, "publications_years": {"2007": 1}, "citations_years": {"2007": 1, "2008": 1, "2009": 3}, "old_citations": {"2007": 5}, "isVisible": false}, "1513385551": {"name": "christelle melodelima", "type": "author", "activity": 1, "h_index": 1, "h5_index": 0, "mag_id": "1513385551", "num_publications": 1, "num_citations": 1, "num_publications_5y": 0, "num_citations_5y": 0, "num_publications_10y": 0, "num_citations_10y": 1, "publications_years": {"2007": 1}, "citations_years": {"2013": 1}, "old_citations": {"2007": 1}, "isVisible": false}, "1560189250": {"name": "piero fariselli", "type": "author", "activity": 25, "h_index": 18, "h5_index": 1, "mag_id": "1560189250", "num_publications": 1, "num_citations": 14, "num_publications_5y": 0, "num_citations_5y": 5, "num_publications_10y": 0, "num_citations_10y": 10, "publications_years": {"2007": 1}, "citations_years": {"2009": 2, "2010": 0, "2011": 1, "2012": 0, "2013": 2, "2014": 1, "2015": 1, "2016": 2, "2017": 1, "2018": 0, "2019": 3, "2020": 1}, "old_citations": {"2007": 14}, "isVisible": false}, "1757705634": {"name": "volker heun", "type": "author", "activity": 22, "h_index": 4, "h5_index": 1, "mag_id": "1757705634", "num_publications": 1, "num_citations": 5, "num_publications_5y": 0, "num_citations_5y": 0, "num_publications_10y": 0, "num_citations_10y": 3, "publications_years": {"2007": 1}, "citations_years": {"2007": 1, "2008": 1, "2009": 3}, "old_citations": {"2007": 5}, "isVisible": false}, "1783766922": {"name": "cristina rubioescudero", "type": "author", "activity": 15, "h_index": 6, "h5_index": 2, "mag_id": "1783766922", "num_publications": 1, "num_citations": 1, "num_publications_5y": 0, "num_citations_5y": 0, "num_publications_10y": 0, "num_citations_10y": 1, "publications_years": {"2007": 1}, "citations_years": {"2009": 1}, "old_citations": {"2007": 1}, "isVisible": false}, "1822703366": {"name": "pasi rastas", "type": "author", "activity": 17, "h_index": 8, "h5_index": 1, "mag_id": "1822703366", "num_publications": 1, "num_citations": 15, "num_publications_5y": 0, "num_citations_5y": 1, "num_publications_10y": 0, "num_citations_10y": 9, "publications_years": {"2007": 1}, "citations_years": {"2007": 3, "2008": 2, "2009": 5, "2010": 0, "2011": 2, "2012": 1, "2013": 0, "2014": 0, "2015": 0, "2016": 0, "2017": 0, "2018": 1, "2019": 0, "2020": 1}, "old_citations": {"2007": 15}, "isVisible": false}, "1897856556": {"name": "andrea porzel", "type": "author", "activity": 2, "h_index": 2, "h5_index": 0, "mag_id": "1897856556", "num_publications": 1, "num_citations": 1, "num_publications_5y": 0, "num_citations_5y": 1, "num_publications_10y": 0, "num_citations_10y": 1, "publications_years": {"2007": 1}, "citations_years": {"2016": 1}, "old_citations": {"2007": 1}, "isVisible": false}, "1966624355": {"name": "conrad bessant", "type": "author", "activity": 17, "h_index": 7, "h5_index": 1, "mag_id": "1966624355", "num_publications": 1, "num_citations": 1, "num_publications_5y": 0, "num_citations_5y": 0, "num_publications_10y": 0, "num_citations_10y": 1, "publications_years": {"2007": 1}, "citations_years": {"2013": 1}, "old_citations": {"2007": 1}, "isVisible": false}, "1977661592": {"name": "fabrice camous", "type": "author", "activity": 7, "h_index": 4, "h5_index": 0, "mag_id": "1977661592", "num_publications": 1, "num_citations": 21, "num_publications_5y": 0, "num_citations_5y": 8, "num_publications_10y": 0, "num_citations_10y": 18, "publications_years": {"2007": 1}, "citations_years": {"2009": 1, "2010": 1, "2011": 3, "2012": 3, "2013": 2, "2014": 1, "2015": 1, "2016": 2, "2017": 2, "2018": 2, "2019": 3}, "old_citations": {"2007": 21}, "isVisible": false}, "1978825258": {"name": "sandra goetze", "type": "author", "activity": 1, "h_index": 1, "h5_index": 0, "mag_id": "1978825258", "num_publications": 1, "num_citations": 0, "num_publications_5y": 0, "num_citations_5y": 0, "num_publications_10y": 0, "num_citations_10y": 0, "publications_years": {"2007": 1}, "citations_years": {}, "old_citations": {"2007": 0}, "isVisible": false}, "1983512198": {"name": "kevin kontos", "type": "author", "activity": 3, "h_index": 3, "h5_index": 0, "mag_id": "1983512198", "num_publications": 1, "num_citations": 11, "num_publications_5y": 0, "num_citations_5y": 5, "num_publications_10y": 0, "num_citations_10y": 7, "publications_years": {"2007": 1}, "citations_years": {"2005": 1, "2006": 0, "2007": 2, "2008": 0, "2009": 0, "2010": 0, "2011": 0, "2012": 1, "2013": 1, "2014": 1, "2015": 1, "2016": 2, "2017": 1, "2018": 0, "2019": 1}, "old_citations": {"2007": 11}, "isVisible": false}, "1985513800": {"name": "rainer machne", "type": "author", "activity": 12, "h_index": 3, "h5_index": 1, "mag_id": "1985513800", "num_publications": 1, "num_citations": 4, "num_publications_5y": 0, "num_citations_5y": 1, "num_publications_10y": 0, "num_citations_10y": 4, "publications_years": {"2007": 1}, "citations_years": {"2009": 1, "2010": 0, "2011": 0, "2012": 1, "2013": 1, "2014": 0, "2015": 0, "2016": 1}, "old_citations": {"2007": 4}, "isVisible": false}, "1995543612": {"name": "stefan wagemans", "type": "author", "activity": 1, "h_index": 1, "h5_index": 0, "mag_id": "1995543612", "num_publications": 1, "num_citations": 4, "num_publications_5y": 0, "num_citations_5y": 1, "num_publications_10y": 0, "num_citations_10y": 4, "publications_years": {"2008": 1}, "citations_years": {"2009": 1, "2010": 0, "2011": 0, "2012": 1, "2013": 1, "2014": 0, "2015": 0, "2016": 1}, "old_citations": {"2008": 4}, "isVisible": false}, "1998397950": {"name": "yenjen oyang", "type": "author", "activity": 31, "h_index": 11, "h5_index": 1, "mag_id": "1998397950", "num_publications": 1, "num_citations": 2, "num_publications_5y": 0, "num_citations_5y": 1, "num_publications_10y": 0, "num_citations_10y": 1, "publications_years": {"2007": 1}, "citations_years": {"2007": 1, "2008": 0, "2009": 0, "2010": 0, "2011": 0, "2012": 0, "2013": 0, "2014": 1}, "old_citations": {"2007": 2}, "isVisible": false}, "2031376081": {"name": "julio mateoslangerak", "type": "author", "activity": 1, "h_index": 1, "h5_index": 0, "mag_id": "2031376081", "num_publications": 1, "num_citations": 0, "num_publications_5y": 0, "num_citations_5y": 0, "num_publications_10y": 0, "num_citations_10y": 0, "publications_years": {"2007": 1}, "citations_years": {}, "old_citations": {"2007": 0}, "isVisible": false}, "2063264476": {"name": "judit kumuthini", "type": "author", "activity": 3, "h_index": 1, "h5_index": 0, "mag_id": "2063264476", "num_publications": 1, "num_citations": 1, "num_publications_5y": 0, "num_citations_5y": 0, "num_publications_10y": 0, "num_citations_10y": 1, "publications_years": {"2007": 1}, "citations_years": {"2013": 1}, "old_citations": {"2007": 1}, "isVisible": false}, "2065406926": {"name": "michael lappe", "type": "author", "activity": 16, "h_index": 8, "h5_index": 1, "mag_id": "2065406926", "num_publications": 1, "num_citations": 21, "num_publications_5y": 0, "num_citations_5y": 5, "num_publications_10y": 0, "num_citations_10y": 18, "publications_years": {"2007": 1}, "citations_years": {"2008": 1, "2009": 1, "2010": 4, "2011": 4, "2012": 3, "2013": 1, "2014": 2, "2015": 2, "2016": 1, "2017": 0, "2018": 0, "2019": 1, "2020": 1}, "old_citations": {"2007": 21}, "isVisible": false}, "2071529468": {"name": "yasubumi sakakibara", "type": "author", "activity": 30, "h_index": 18, "h5_index": 2, "mag_id": "2071529468", "num_publications": 1, "num_citations": 1, "num_publications_5y": 0, "num_citations_5y": 0, "num_publications_10y": 0, "num_citations_10y": 1, "publications_years": {"2007": 1}, "citations_years": {"2009": 1}, "old_citations": {"2007": 1}, "isVisible": false}, "2072892544": {"name": "dragan bosnacki", "type": "author", "activity": 22, "h_index": 14, "h5_index": 3, "mag_id": "2072892544", "num_publications": 1, "num_citations": 4, "num_publications_5y": 0, "num_citations_5y": 1, "num_publications_10y": 0, "num_citations_10y": 4, "publications_years": {"2008": 1}, "citations_years": {"2009": 1, "2010": 0, "2011": 0, "2012": 1, "2013": 1, "2014": 0, "2015": 0, "2016": 1}, "old_citations": {"2008": 4}, "isVisible": false}, "2075542590": {"name": "jose luis aznarte", "type": "author", "activity": 14, "h_index": 6, "h5_index": 3, "mag_id": "2075542590", "num_publications": 1, "num_citations": 1, "num_publications_5y": 0, "num_citations_5y": 0, "num_publications_10y": 0, "num_citations_10y": 1, "publications_years": {"2007": 1}, "citations_years": {"2009": 1}, "old_citations": {"2007": 1}, "isVisible": false}, "2077676363": {"name": "hans zantema", "type": "author", "activity": 30, "h_index": 12, "h5_index": 0, "mag_id": "2077676363", "num_publications": 1, "num_citations": 4, "num_publications_5y": 0, "num_citations_5y": 1, "num_publications_10y": 0, "num_citations_10y": 4, "publications_years": {"2008": 1}, "citations_years": {"2009": 1, "2010": 0, "2011": 0, "2012": 1, "2013": 1, "2014": 0, "2015": 0, "2016": 1}, "old_citations": {"2008": 4}, "isVisible": false}, "2080390794": {"name": "mihail halachev", "type": "author", "activity": 4, "h_index": 3, "h5_index": 0, "mag_id": "2080390794", "num_publications": 1, "num_citations": 7, "num_publications_5y": 0, "num_citations_5y": 0, "num_publications_10y": 0, "num_citations_10y": 5, "publications_years": {"2007": 1}, "citations_years": {"2008": 2, "2009": 2, "2010": 0, "2011": 0, "2012": 2, "2013": 1}, "old_citations": {"2007": 7}, "isVisible": false}, "2082225715": {"name": "nicole radde", "type": "author", "activity": 14, "h_index": 11, "h5_index": 2, "mag_id": "2082225715", "num_publications": 1, "num_citations": 11, "num_publications_5y": 0, "num_citations_5y": 1, "num_publications_10y": 0, "num_citations_10y": 5, "publications_years": {"2007": 1}, "citations_years": {"2007": 1, "2008": 5, "2009": 2, "2010": 0, "2011": 1, "2012": 0, "2013": 1, "2014": 0, "2015": 1}, "old_citations": {"2007": 11}, "isVisible": false}, "2096317939": {"name": "karl rohr", "type": "author", "activity": 28, "h_index": 18, "h5_index": 4, "mag_id": "2096317939", "num_publications": 1, "num_citations": 0, "num_publications_5y": 0, "num_citations_5y": 0, "num_publications_10y": 0, "num_citations_10y": 0, "publications_years": {"2007": 1}, "citations_years": {}, "old_citations": {"2007": 0}, "isVisible": false}, "2099495541": {"name": "patrick e meyer", "type": "author", "activity": 16, "h_index": 11, "h5_index": 2, "mag_id": "2099495541", "num_publications": 1, "num_citations": 11, "num_publications_5y": 0, "num_citations_5y": 5, "num_publications_10y": 0, "num_citations_10y": 7, "publications_years": {"2007": 1}, "citations_years": {"2005": 1, "2006": 0, "2007": 2, "2008": 0, "2009": 0, "2010": 0, "2011": 0, "2012": 1, "2013": 1, "2014": 1, "2015": 1, "2016": 2, "2017": 1, "2018": 0, "2019": 1}, "old_citations": {"2007": 11}, "isVisible": false}, "2102109394": {"name": "bjorn olsson", "type": "author", "activity": 23, "h_index": 8, "h5_index": 1, "mag_id": "2102109394", "num_publications": 1, "num_citations": 8, "num_publications_5y": 0, "num_citations_5y": 3, "num_publications_10y": 0, "num_citations_10y": 6, "publications_years": {"2007": 1}, "citations_years": {"2006": 1, "2007": 0, "2008": 1, "2009": 2, "2010": 0, "2011": 1, "2012": 0, "2013": 0, "2014": 2, "2015": 0, "2016": 1}, "old_citations": {"2007": 8}, "isVisible": false}, "2105864016": {"name": "chienyu chen", "type": "author", "activity": 19, "h_index": 11, "h5_index": 0, "mag_id": "2105864016", "num_publications": 1, "num_citations": 2, "num_publications_5y": 0, "num_citations_5y": 1, "num_publications_10y": 0, "num_citations_10y": 1, "publications_years": {"2007": 1}, "citations_years": {"2007": 1, "2008": 0, "2009": 0, "2010": 0, "2011": 0, "2012": 0, "2013": 0, "2014": 1}, "old_citations": {"2007": 2}, "isVisible": false}, "2107088562": {"name": "anders krogh", "type": "author", "activity": 28, "h_index": 23, "h5_index": 1, "mag_id": "2107088562", "num_publications": 1, "num_citations": 14, "num_publications_5y": 0, "num_citations_5y": 5, "num_publications_10y": 0, "num_citations_10y": 10, "publications_years": {"2007": 1}, "citations_years": {"2009": 2, "2010": 0, "2011": 1, "2012": 0, "2013": 2, "2014": 1, "2015": 1, "2016": 2, "2017": 1, "2018": 0, "2019": 3, "2020": 1}, "old_citations": {"2007": 14}, "isVisible": false}, "2108609475": {"name": "robert f murphy", "type": "author", "activity": 23, "h_index": 25, "h5_index": 2, "mag_id": "2108609475", "num_publications": 1, "num_citations": 7, "num_publications_5y": 0, "num_citations_5y": 0, "num_publications_10y": 0, "num_citations_10y": 1, "publications_years": {"2007": 1}, "citations_years": {"2007": 2, "2008": 4, "2009": 1}, "old_citations": {"2007": 7}, "isVisible": false}, "2108819515": {"name": "xiaolong wang", "type": "author", "activity": 18, "h_index": 19, "h5_index": 5, "mag_id": "2108819515", "num_publications": 1, "num_citations": 19, "num_publications_5y": 0, "num_citations_5y": 6, "num_publications_10y": 0, "num_citations_10y": 13, "publications_years": {"2007": 1}, "citations_years": {"2007": 1, "2008": 2, "2009": 2, "2010": 2, "2011": 1, "2012": 0, "2013": 2, "2014": 0, "2015": 2, "2016": 1, "2017": 2, "2018": 1, "2019": 3}, "old_citations": {"2007": 19}, "isVisible": false}, "2109662815": {"name": "susan jones", "type": "author", "activity": 5, "h_index": 4, "h5_index": 0, "mag_id": "2109662815", "num_publications": 1, "num_citations": 3, "num_publications_5y": 0, "num_citations_5y": 0, "num_publications_10y": 0, "num_citations_10y": 3, "publications_years": {"2007": 1}, "citations_years": {"2012": 3}, "old_citations": {"2007": 3}, "isVisible": false}, "2109910299": {"name": "peter schuster", "type": "author", "activity": 25, "h_index": 5, "h5_index": 1, "mag_id": "2109910299", "num_publications": 1, "num_citations": 4, "num_publications_5y": 0, "num_citations_5y": 1, "num_publications_10y": 0, "num_citations_10y": 4, "publications_years": {"2007": 1}, "citations_years": {"2009": 1, "2010": 0, "2011": 0, "2012": 1, "2013": 1, "2014": 0, "2015": 0, "2016": 1}, "old_citations": {"2007": 4}, "isVisible": false}, "2111293301": {"name": "jihong guan", "type": "author", "activity": 21, "h_index": 18, "h5_index": 5, "mag_id": "2111293301", "num_publications": 1, "num_citations": 0, "num_publications_5y": 0, "num_citations_5y": 0, "num_publications_10y": 0, "num_citations_10y": 0, "publications_years": {"2007": 1}, "citations_years": {}, "old_citations": {"2007": 0}, "isVisible": false}, "2112958078": {"name": "qiwen dong", "type": "author", "activity": 11, "h_index": 8, "h5_index": 0, "mag_id": "2112958078", "num_publications": 1, "num_citations": 19, "num_publications_5y": 0, "num_citations_5y": 6, "num_publications_10y": 0, "num_citations_10y": 13, "publications_years": {"2007": 1}, "citations_years": {"2007": 1, "2008": 2, "2009": 2, "2010": 2, "2011": 1, "2012": 0, "2013": 2, "2014": 0, "2015": 2, "2016": 1, "2017": 2, "2018": 1, "2019": 3}, "old_citations": {"2007": 19}, "isVisible": false}, "2114984633": {"name": "arno fritsch", "type": "author", "activity": 3, "h_index": 2, "h5_index": 0, "mag_id": "2114984633", "num_publications": 1, "num_citations": 18, "num_publications_5y": 0, "num_citations_5y": 4, "num_publications_10y": 0, "num_citations_10y": 15, "publications_years": {"2007": 1}, "citations_years": {"2008": 2, "2009": 0, "2010": 2, "2011": 6, "2012": 1, "2013": 2, "2014": 1, "2015": 1, "2016": 1, "2017": 0, "2018": 1, "2019": 1}, "old_citations": {"2007": 18}, "isVisible": false}, "2116032850": {"name": "paolo romano", "type": "author", "activity": 26, "h_index": 23, "h5_index": 4, "mag_id": "2116032850", "num_publications": 1, "num_citations": 2, "num_publications_5y": 0, "num_citations_5y": 0, "num_publications_10y": 0, "num_citations_10y": 2, "publications_years": {"2007": 1}, "citations_years": {"2010": 1, "2011": 0, "2012": 1}, "old_citations": {"2007": 2}, "isVisible": false}, "2116082713": {"name": "matthias scholz", "type": "author", "activity": 17, "h_index": 9, "h5_index": 0, "mag_id": "2116082713", "num_publications": 1, "num_citations": 7, "num_publications_5y": 0, "num_citations_5y": 1, "num_publications_10y": 0, "num_citations_10y": 5, "publications_years": {"2007": 1}, "citations_years": {"2008": 2, "2009": 0, "2010": 0, "2011": 0, "2012": 0, "2013": 4, "2014": 0, "2015": 0, "2016": 0, "2017": 1}, "old_citations": {"2007": 7}, "isVisible": false}, "2122399844": {"name": "kengo sato", "type": "author", "activity": 23, "h_index": 10, "h5_index": 2, "mag_id": "2122399844", "num_publications": 1, "num_citations": 1, "num_publications_5y": 0, "num_citations_5y": 0, "num_publications_10y": 0, "num_citations_10y": 1, "publications_years": {"2007": 1}, "citations_years": {"2009": 1}, "old_citations": {"2007": 1}, "isVisible": false}, "2137671039": {"name": "cinzia pizzi", "type": "author", "activity": 16, "h_index": 7, "h5_index": 4, "mag_id": "2137671039", "num_publications": 1, "num_citations": 15, "num_publications_5y": 0, "num_citations_5y": 1, "num_publications_10y": 0, "num_citations_10y": 9, "publications_years": {"2007": 1}, "citations_years": {"2007": 3, "2008": 2, "2009": 5, "2010": 0, "2011": 2, "2012": 1, "2013": 0, "2014": 0, "2015": 0, "2016": 0, "2017": 0, "2018": 1, "2019": 0, "2020": 1}, "old_citations": {"2007": 15}, "isVisible": false}, "2137688675": {"name": "karina wolfram", "type": "author", "activity": 2, "h_index": 1, "h5_index": 0, "mag_id": "2137688675", "num_publications": 1, "num_citations": 1, "num_publications_5y": 0, "num_citations_5y": 1, "num_publications_10y": 0, "num_citations_10y": 1, "publications_years": {"2007": 1}, "citations_years": {"2016": 1}, "old_citations": {"2007": 1}, "isVisible": false}, "2137920027": {"name": "brijnesh j jain", "type": "author", "activity": 19, "h_index": 10, "h5_index": 3, "mag_id": "2137920027", "num_publications": 1, "num_citations": 21, "num_publications_5y": 0, "num_citations_5y": 5, "num_publications_10y": 0, "num_citations_10y": 18, "publications_years": {"2007": 1}, "citations_years": {"2008": 1, "2009": 1, "2010": 4, "2011": 4, "2012": 3, "2013": 1, "2014": 2, "2015": 2, "2016": 1, "2017": 0, "2018": 0, "2019": 1, "2020": 1}, "old_citations": {"2007": 21}, "isVisible": false}, "2144996409": {"name": "manuel ruiz rejon", "type": "author", "activity": 1, "h_index": 1, "h5_index": 0, "mag_id": "2144996409", "num_publications": 1, "num_citations": 1, "num_publications_5y": 0, "num_citations_5y": 0, "num_publications_10y": 0, "num_citations_10y": 1, "publications_years": {"2007": 1}, "citations_years": {"2009": 1}, "old_citations": {"2007": 1}, "isVisible": false}, "2147619310": {"name": "r van driel", "type": "author", "activity": 6, "h_index": 1, "h5_index": 0, "mag_id": "2147619310", "num_publications": 1, "num_citations": 0, "num_publications_5y": 0, "num_citations_5y": 0, "num_publications_10y": 0, "num_citations_10y": 0, "publications_years": {"2007": 1}, "citations_years": {}, "old_citations": {"2007": 0}, "isVisible": false}, "2148865427": {"name": "da jiang", "type": "author", "activity": 1, "h_index": 0, "h5_index": 0, "mag_id": "2148865427", "num_publications": 1, "num_citations": 0, "num_publications_5y": 0, "num_citations_5y": 0, "num_publications_10y": 0, "num_citations_10y": 0, "publications_years": {"2007": 1}, "citations_years": {}, "old_citations": {"2007": 0}, "isVisible": false}, "2156849358": {"name": "jano van hemert", "type": "author", "activity": 20, "h_index": 19, "h5_index": 2, "mag_id": "2156849358", "num_publications": 1, "num_citations": 18, "num_publications_5y": 0, "num_citations_5y": 4, "num_publications_10y": 0, "num_citations_10y": 17, "publications_years": {"2007": 1}, "citations_years": {"2008": 1, "2009": 3, "2010": 3, "2011": 2, "2012": 1, "2013": 4, "2014": 3, "2015": 0, "2016": 0, "2017": 0, "2018": 1}, "old_citations": {"2007": 18}, "isVisible": false}, "2157277864": {"name": "shuigeng zhou", "type": "author", "activity": 22, "h_index": 28, "h5_index": 10, "mag_id": "2157277864", "num_publications": 1, "num_citations": 0, "num_publications_5y": 0, "num_citations_5y": 0, "num_publications_10y": 0, "num_citations_10y": 0, "publications_years": {"2007": 1}, "citations_years": {}, "old_citations": {"2007": 0}, "isVisible": false}, "2157364398": {"name": "kiyoshi asai", "type": "author", "activity": 30, "h_index": 23, "h5_index": 2, "mag_id": "2157364398", "num_publications": 1, "num_citations": 1, "num_publications_5y": 0, "num_citations_5y": 0, "num_publications_10y": 0, "num_citations_10y": 1, "publications_years": {"2007": 1}, "citations_years": {"2009": 1}, "old_citations": {"2007": 1}, "isVisible": false}, "2158670954": {"name": "chulhun kang", "type": "author", "activity": 1, "h_index": 1, "h5_index": 0, "mag_id": "2158670954", "num_publications": 1, "num_citations": 12, "num_publications_5y": 0, "num_citations_5y": 4, "num_publications_10y": 0, "num_citations_10y": 10, "publications_years": {"2007": 1}, "citations_years": {"2008": 1, "2009": 0, "2010": 2, "2011": 2, "2012": 1, "2013": 1, "2014": 1, "2015": 2, "2016": 1, "2017": 0, "2018": 0, "2019": 1}, "old_citations": {"2007": 12}, "isVisible": false}, "2163299874": {"name": "chungtsai su", "type": "author", "activity": 1, "h_index": 1, "h5_index": 0, "mag_id": "2163299874", "num_publications": 1, "num_citations": 2, "num_publications_5y": 0, "num_citations_5y": 1, "num_publications_10y": 0, "num_citations_10y": 1, "publications_years": {"2007": 1}, "citations_years": {"2007": 1, "2008": 0, "2009": 0, "2010": 0, "2011": 0, "2012": 0, "2013": 0, "2014": 1}, "old_citations": {"2007": 2}, "isVisible": false}, "2165526197": {"name": "domenico marra", "type": "author", "activity": 4, "h_index": 3, "h5_index": 0, "mag_id": "2165526197", "num_publications": 1, "num_citations": 2, "num_publications_5y": 0, "num_citations_5y": 0, "num_publications_10y": 0, "num_citations_10y": 2, "publications_years": {"2007": 1}, "citations_years": {"2010": 1, "2011": 0, "2012": 1}, "old_citations": {"2007": 2}, "isVisible": false}, "2165648535": {"name": "lei lin", "type": "author", "activity": 18, "h_index": 13, "h5_index": 3, "mag_id": "2165648535", "num_publications": 1, "num_citations": 19, "num_publications_5y": 0, "num_citations_5y": 6, "num_publications_10y": 0, "num_citations_10y": 13, "publications_years": {"2007": 1}, "citations_years": {"2007": 1, "2008": 2, "2009": 2, "2010": 2, "2011": 1, "2012": 0, "2013": 2, "2014": 0, "2015": 2, "2016": 1, "2017": 2, "2018": 1, "2019": 3}, "old_citations": {"2007": 19}, "isVisible": false}, "2166489916": {"name": "christian gautier", "type": "author", "activity": 21, "h_index": 5, "h5_index": 0, "mag_id": "2166489916", "num_publications": 1, "num_citations": 1, "num_publications_5y": 0, "num_citations_5y": 0, "num_publications_10y": 0, "num_citations_10y": 1, "publications_years": {"2007": 1}, "citations_years": {"2013": 1}, "old_citations": {"2007": 1}, "isVisible": false}, "2167555176": {"name": "yuyen ou", "type": "author", "activity": 17, "h_index": 6, "h5_index": 1, "mag_id": "2167555176", "num_publications": 1, "num_citations": 2, "num_publications_5y": 0, "num_citations_5y": 1, "num_publications_10y": 0, "num_citations_10y": 1, "publications_years": {"2007": 1}, "citations_years": {"2007": 1, "2008": 0, "2009": 0, "2010": 0, "2011": 0, "2012": 0, "2013": 0, "2014": 1}, "old_citations": {"2007": 2}, "isVisible": false}, "2207586587": {"name": "nematollaah shiri", "type": "author", "activity": 25, "h_index": 11, "h5_index": 2, "mag_id": "2207586587", "num_publications": 1, "num_citations": 7, "num_publications_5y": 0, "num_citations_5y": 0, "num_publications_10y": 0, "num_citations_10y": 5, "publications_years": {"2007": 1}, "citations_years": {"2008": 2, "2009": 2, "2010": 0, "2011": 0, "2012": 2, "2013": 1}, "old_citations": {"2007": 7}, "isVisible": false}, "2230637397": {"name": "taeseong kim", "type": "author", "activity": 28, "h_index": 21, "h5_index": 6, "mag_id": "2230637397", "num_publications": 1, "num_citations": 12, "num_publications_5y": 0, "num_citations_5y": 4, "num_publications_10y": 0, "num_citations_10y": 10, "publications_years": {"2007": 1}, "citations_years": {"2008": 1, "2009": 0, "2010": 2, "2011": 2, "2012": 1, "2013": 1, "2014": 1, "2015": 2, "2016": 1, "2017": 0, "2018": 0, "2019": 1}, "old_citations": {"2007": 12}, "isVisible": false}, "2244166758": {"name": "heinz w engl", "type": "author", "activity": 15, "h_index": 7, "h5_index": 0, "mag_id": "2244166758", "num_publications": 1, "num_citations": 4, "num_publications_5y": 0, "num_citations_5y": 1, "num_publications_10y": 0, "num_citations_10y": 4, "publications_years": {"2007": 1}, "citations_years": {"2009": 1, "2010": 0, "2011": 0, "2012": 1, "2013": 1, "2014": 0, "2015": 0, "2016": 1}, "old_citations": {"2007": 4}, "isVisible": false}, "2250935713": {"name": "naomie salim", "type": "author", "activity": 22, "h_index": 20, "h5_index": 6, "mag_id": "2250935713", "num_publications": 1, "num_citations": 0, "num_publications_5y": 0, "num_citations_5y": 0, "num_publications_10y": 0, "num_citations_10y": 0, "publications_years": {"2007": 1}, "citations_years": {}, "old_citations": {"2007": 0}, "isVisible": false}, "2291013180": {"name": "tongming hsu", "type": "author", "activity": 1, "h_index": 1, "h5_index": 0, "mag_id": "2291013180", "num_publications": 1, "num_citations": 2, "num_publications_5y": 0, "num_citations_5y": 1, "num_publications_10y": 0, "num_citations_10y": 1, "publications_years": {"2007": 1}, "citations_years": {"2007": 1, "2008": 0, "2009": 0, "2010": 0, "2011": 0, "2012": 0, "2013": 0, "2014": 1}, "old_citations": {"2007": 2}, "isVisible": false}, "2295622617": {"name": "gianluca bontempi", "type": "author", "activity": 26, "h_index": 32, "h5_index": 5, "mag_id": "2295622617", "num_publications": 1, "num_citations": 11, "num_publications_5y": 0, "num_citations_5y": 5, "num_publications_10y": 0, "num_citations_10y": 7, "publications_years": {"2007": 1}, "citations_years": {"2005": 1, "2006": 0, "2007": 2, "2008": 0, "2009": 0, "2010": 0, "2011": 0, "2012": 1, "2013": 1, "2014": 1, "2015": 1, "2016": 2, "2017": 1, "2018": 0, "2019": 1}, "old_citations": {"2007": 11}, "isVisible": false}, "2302237597": {"name": "majid m beigi", "type": "author", "activity": 2, "h_index": 3, "h5_index": 0, "mag_id": "2302237597", "num_publications": 1, "num_citations": 3, "num_publications_5y": 0, "num_citations_5y": 0, "num_publications_10y": 0, "num_citations_10y": 2, "publications_years": {"2007": 1}, "citations_years": {"2008": 1, "2009": 0, "2010": 0, "2011": 0, "2012": 1, "2013": 1}, "old_citations": {"2007": 3}, "isVisible": false}, "2306761397": {"name": "stephen blott", "type": "author", "activity": 16, "h_index": 14, "h5_index": 0, "mag_id": "2306761397", "num_publications": 1, "num_citations": 21, "num_publications_5y": 0, "num_citations_5y": 8, "num_publications_10y": 0, "num_citations_10y": 18, "publications_years": {"2007": 1}, "citations_years": {"2009": 1, "2010": 1, "2011": 3, "2012": 3, "2013": 2, "2014": 1, "2015": 1, "2016": 2, "2017": 2, "2018": 2, "2019": 3}, "old_citations": {"2007": 21}, "isVisible": false}, "2326079530": {"name": "alan f smeaton", "type": "author", "activity": 31, "h_index": 48, "h5_index": 6, "mag_id": "2326079530", "num_publications": 1, "num_citations": 21, "num_publications_5y": 0, "num_citations_5y": 8, "num_publications_10y": 0, "num_citations_10y": 18, "publications_years": {"2007": 1}, "citations_years": {"2009": 1, "2010": 1, "2011": 3, "2012": 3, "2013": 2, "2014": 1, "2015": 1, "2016": 2, "2017": 2, "2018": 2, "2019": 3}, "old_citations": {"2007": 21}, "isVisible": false}, "2477644192": {"name": "thomas graupl", "type": "author", "activity": 1, "h_index": 1, "h5_index": 0, "mag_id": "2477644192", "num_publications": 1, "num_citations": 5, "num_publications_5y": 0, "num_citations_5y": 0, "num_publications_10y": 0, "num_citations_10y": 3, "publications_years": {"2007": 1}, "citations_years": {"2007": 1, "2008": 1, "2009": 3}, "old_citations": {"2007": 5}, "isVisible": false}, "2478778688": {"name": "daniele molinini", "type": "author", "activity": 1, "h_index": 1, "h5_index": 0, "mag_id": "2478778688", "num_publications": 1, "num_citations": 14, "num_publications_5y": 0, "num_citations_5y": 5, "num_publications_10y": 0, "num_citations_10y": 10, "publications_years": {"2007": 1}, "citations_years": {"2009": 2, "2010": 0, "2011": 1, "2012": 0, "2013": 2, "2014": 1, "2015": 1, "2016": 2, "2017": 1, "2018": 0, "2019": 3, "2020": 1}, "old_citations": {"2007": 14}, "isVisible": false}, "2551653030": {"name": "yoichi mukarami", "type": "author", "activity": 1, "h_index": 1, "h5_index": 0, "mag_id": "2551653030", "num_publications": 1, "num_citations": 3, "num_publications_5y": 0, "num_citations_5y": 0, "num_publications_10y": 0, "num_citations_10y": 3, "publications_years": {"2007": 1}, "citations_years": {"2012": 3}, "old_citations": {"2007": 3}, "isVisible": false}, "2574502206": {"name": "ji won yoon", "type": "author", "activity": 13, "h_index": 8, "h5_index": 2, "mag_id": "2574502206", "num_publications": 1, "num_citations": 12, "num_publications_5y": 0, "num_citations_5y": 4, "num_publications_10y": 0, "num_citations_10y": 10, "publications_years": {"2007": 1}, "citations_years": {"2008": 1, "2009": 0, "2010": 2, "2011": 2, "2012": 1, "2013": 1, "2014": 1, "2015": 2, "2016": 1, "2017": 0, "2018": 0, "2019": 1}, "old_citations": {"2007": 12}, "isVisible": false}, "2665453246": {"name": "lionel jouffe", "type": "author", "activity": 1, "h_index": 1, "h5_index": 0, "mag_id": "2665453246", "num_publications": 1, "num_citations": 1, "num_publications_5y": 0, "num_citations_5y": 0, "num_publications_10y": 0, "num_citations_10y": 1, "publications_years": {"2007": 1}, "citations_years": {"2013": 1}, "old_citations": {"2007": 1}, "isVisible": false}, "2714750866": {"name": "jehan zeb shah", "type": "author", "activity": 3, "h_index": 2, "h5_index": 0, "mag_id": "2714750866", "num_publications": 1, "num_citations": 0, "num_publications_5y": 0, "num_citations_5y": 0, "num_publications_10y": 0, "num_citations_10y": 0, "publications_years": {"2007": 1}, "citations_years": {}, "old_citations": {"2007": 0}, "isVisible": false}, "2763842573": {"name": "jonas gamalielsson", "type": "author", "activity": 3, "h_index": 2, "h5_index": 0, "mag_id": "2763842573", "num_publications": 1, "num_citations": 8, "num_publications_5y": 0, "num_citations_5y": 3, "num_publications_10y": 0, "num_citations_10y": 6, "publications_years": {"2007": 1}, "citations_years": {"2006": 1, "2007": 0, "2008": 1, "2009": 2, "2010": 0, "2011": 1, "2012": 0, "2013": 0, "2014": 2, "2015": 0, "2016": 1}, "old_citations": {"2007": 8}, "isVisible": false}, "2807697280": {"name": "richard baldock", "type": "author", "activity": 27, "h_index": 13, "h5_index": 1, "mag_id": "2807697280", "num_publications": 1, "num_citations": 18, "num_publications_5y": 0, "num_citations_5y": 4, "num_publications_10y": 0, "num_citations_10y": 17, "publications_years": {"2007": 1}, "citations_years": {"2008": 1, "2009": 3, "2010": 3, "2011": 2, "2012": 1, "2013": 4, "2014": 3, "2015": 0, "2016": 0, "2017": 0, "2018": 1}, "old_citations": {"2007": 18}, "isVisible": false}, "2935254846": {"name": "xiang chen", "type": "author", "activity": 5, "h_index": 3, "h5_index": 0, "mag_id": "2935254846", "num_publications": 1, "num_citations": 7, "num_publications_5y": 0, "num_citations_5y": 0, "num_publications_10y": 0, "num_citations_10y": 1, "publications_years": {"2007": 1}, "citations_years": {"2007": 2, "2008": 4, "2009": 1}, "old_citations": {"2007": 7}, "isVisible": false}, "2947627869": {"name": "zelmina lubovac", "type": "author", "activity": 3, "h_index": 2, "h5_index": 0, "mag_id": "2947627869", "num_publications": 1, "num_citations": 8, "num_publications_5y": 0, "num_citations_5y": 3, "num_publications_10y": 0, "num_citations_10y": 6, "publications_years": {"2007": 1}, "citations_years": {"2006": 1, "2007": 0, "2008": 1, "2009": 2, "2010": 0, "2011": 1, "2012": 0, "2013": 0, "2014": 2, "2015": 0, "2016": 1}, "old_citations": {"2007": 8}, "isVisible": false}, "2950429472": {"name": "e gladilin", "type": "author", "activity": 9, "h_index": 1, "h5_index": 0, "mag_id": "2950429472", "num_publications": 1, "num_citations": 0, "num_publications_5y": 0, "num_citations_5y": 0, "num_publications_10y": 0, "num_citations_10y": 0, "publications_years": {"2007": 1}, "citations_years": {}, "old_citations": {"2007": 0}, "isVisible": false}, "2952597322": {"name": "james lu", "type": "author", "activity": 6, "h_index": 3, "h5_index": 0, "mag_id": "2952597322", "num_publications": 1, "num_citations": 4, "num_publications_5y": 0, "num_citations_5y": 1, "num_publications_10y": 0, "num_citations_10y": 4, "publications_years": {"2007": 1}, "citations_years": {"2009": 1, "2010": 0, "2011": 0, "2012": 1, "2013": 1, "2014": 0, "2015": 0, "2016": 1}, "old_citations": {"2007": 4}, "isVisible": false}, "2954018900": {"name": "rabie saidi", "type": "author", "activity": 3, "h_index": 2, "h5_index": 0, "mag_id": "2954018900", "num_publications": 1, "num_citations": 3, "num_publications_5y": 0, "num_citations_5y": 0, "num_publications_10y": 0, "num_citations_10y": 3, "publications_years": {"2007": 1}, "citations_years": {"2009": 2, "2010": 1}, "old_citations": {"2007": 3}, "isVisible": false}}, "countries": {"Germany": {"name": "Germany", "type": "country", "h5_index": 139, "num_publications": 8, "num_citations": 59, "num_publications_5y": 0, "num_citations_5y": 11, "num_publications_10y": 0, "num_citations_10y": 44, "publications_years": {"2007": 8}, "citations_years": {"2007": 2, "2008": 10, "2009": 6, "2010": 6, "2011": 11, "2012": 5, "2013": 5, "2014": 3, "2015": 4, "2016": 3, "2017": 0, "2018": 1, "2019": 2, "2020": 1}, "old_citations": {"2007": 59}, "isVisible": false}, "United Kingdom": {"name": "United Kingdom", "type": "country", "h5_index": 172, "num_publications": 6, "num_citations": 44, "num_publications_5y": 0, "num_citations_5y": 11, "num_publications_10y": 0, "num_citations_10y": 39, "publications_years": {"2007": 6}, "citations_years": {"2010": 6, "2011": 5, "2012": 6, "2013": 6, "2008": 3, "2009": 5, "2014": 6, "2015": 2, "2016": 2, "2017": 0, "2018": 1, "2019": 1, "2006": 1, "2007": 0}, "old_citations": {"2007": 44}, "isVisible": false}, "China": {"name": "China", "type": "country", "h5_index": 214, "num_publications": 2, "num_citations": 19, "num_publications_5y": 0, "num_citations_5y": 6, "num_publications_10y": 0, "num_citations_10y": 13, "publications_years": {"2007": 2}, "citations_years": {"2007": 1, "2008": 2, "2009": 2, "2010": 2, "2011": 1, "2012": 0, "2013": 2, "2014": 0, "2015": 2, "2016": 1, "2017": 2, "2018": 1, "2019": 3}, "old_citations": {"2007": 19}, "isVisible": false}, "France": {"name": "France", "type": "country", "h5_index": 99, "num_publications": 2, "num_citations": 4, "num_publications_5y": 0, "num_citations_5y": 0, "num_publications_10y": 0, "num_citations_10y": 4, "publications_years": {"2007": 2}, "citations_years": {"2013": 1, "2009": 2, "2010": 1}, "old_citations": {"2007": 4}, "isVisible": false}, "Netherlands": {"name": "Netherlands", "type": "country", "h5_index": 91, "num_publications": 2, "num_citations": 4, "num_publications_5y": 0, "num_citations_5y": 1, "num_publications_10y": 0, "num_citations_10y": 4, "publications_years": {"2008": 1, "2007": 1}, "citations_years": {"2009": 1, "2010": 0, "2011": 0, "2012": 1, "2013": 1, "2014": 0, "2015": 0, "2016": 1}, "old_citations": {"2008": 4, "2007": 0}, "isVisible": false}, "Austria": {"name": "Austria", "type": "country", "h5_index": 71, "num_publications": 1, "num_citations": 4, "num_publications_5y": 0, "num_citations_5y": 1, "num_publications_10y": 0, "num_citations_10y": 4, "publications_years": {"2007": 1}, "citations_years": {"2009": 1, "2010": 0, "2011": 0, "2012": 1, "2013": 1, "2014": 0, "2015": 0, "2016": 1}, "old_citations": {"2007": 4}, "isVisible": false}, "Belgium": {"name": "Belgium", "type": "country", "h5_index": 72, "num_publications": 1, "num_citations": 11, "num_publications_5y": 0, "num_citations_5y": 5, "num_publications_10y": 0, "num_citations_10y": 7, "publications_years": {"2007": 1}, "citations_years": {"2005": 1, "2006": 0, "2007": 2, "2008": 0, "2009": 0, "2010": 0, "2011": 0, "2012": 1, "2013": 1, "2014": 1, "2015": 1, "2016": 2, "2017": 1, "2018": 0, "2019": 1}, "old_citations": {"2007": 11}, "isVisible": false}, "Canada": {"name": "Canada", "type": "country", "h5_index": 128, "num_publications": 1, "num_citations": 7, "num_publications_5y": 0, "num_citations_5y": 0, "num_publications_10y": 0, "num_citations_10y": 5, "publications_years": {"2007": 1}, "citations_years": {"2008": 2, "2009": 2, "2010": 0, "2011": 0, "2012": 2, "2013": 1}, "old_citations": {"2007": 7}, "isVisible": false}, "Denmark": {"name": "Denmark", "type": "country", "h5_index": 65, "num_publications": 1, "num_citations": 14, "num_publications_5y": 0, "num_citations_5y": 5, "num_publications_10y": 0, "num_citations_10y": 10, "publications_years": {"2007": 1}, "citations_years": {"2009": 2, "2010": 0, "2011": 1, "2012": 0, "2013": 2, "2014": 1, "2015": 1, "2016": 2, "2017": 1, "2018": 0, "2019": 3, "2020": 1}, "old_citations": {"2007": 14}, "isVisible": false}, "Ireland": {"name": "Ireland", "type": "country", "h5_index": 50, "num_publications": 1, "num_citations": 21, "num_publications_5y": 0, "num_citations_5y": 8, "num_publications_10y": 0, "num_citations_10y": 18, "publications_years": {"2007": 1}, "citations_years": {"2009": 1, "2010": 1, "2011": 3, "2012": 3, "2013": 2, "2014": 1, "2015": 1, "2016": 2, "2017": 2, "2018": 2, "2019": 3}, "old_citations": {"2007": 21}, "isVisible": false}, "Italy": {"name": "Italy", "type": "country", "h5_index": 94, "num_publications": 1, "num_citations": 14, "num_publications_5y": 0, "num_citations_5y": 5, "num_publications_10y": 0, "num_citations_10y": 10, "publications_years": {"2007": 1}, "citations_years": {"2009": 2, "2010": 0, "2011": 1, "2012": 0, "2013": 2, "2014": 1, "2015": 1, "2016": 2, "2017": 1, "2018": 0, "2019": 3, "2020": 1}, "old_citations": {"2007": 14}, "isVisible": false}, "Japan": {"name": "Japan", "type": "country", "h5_index": 94, "num_publications": 1, "num_citations": 1, "num_publications_5y": 0, "num_citations_5y": 0, "num_publications_10y": 0, "num_citations_10y": 1, "publications_years": {"2007": 1}, "citations_years": {"2009": 1}, "old_citations": {"2007": 1}, "isVisible": false}, "Malaysia": {"name": "Malaysia", "type": "country", "h5_index": 62, "num_publications": 1, "num_citations": 0, "num_publications_5y": 0, "num_citations_5y": 0, "num_publications_10y": 0, "num_citations_10y": 0, "publications_years": {"2007": 1}, "citations_years": {}, "old_citations": {"2007": 0}, "isVisible": false}, "South Korea": {"name": "South Korea", "type": "country", "h5_index": 100, "num_publications": 1, "num_citations": 12, "num_publications_5y": 0, "num_citations_5y": 4, "num_publications_10y": 0, "num_citations_10y": 10, "publications_years": {"2007": 1}, "citations_years": {"2008": 1, "2009": 0, "2010": 2, "2011": 2, "2012": 1, "2013": 1, "2014": 1, "2015": 2, "2016": 1, "2017": 0, "2018": 0, "2019": 1}, "old_citations": {"2007": 12}, "isVisible": false}, "Spain": {"name": "Spain", "type": "country", "h5_index": 91, "num_publications": 1, "num_citations": 1, "num_publications_5y": 0, "num_citations_5y": 0, "num_publications_10y": 0, "num_citations_10y": 1, "publications_years": {"2007": 1}, "citations_years": {"2009": 1}, "old_citations": {"2007": 1}, "isVisible": false}, "Sweden": {"name": "Sweden", "type": "country", "h5_index": 82, "num_publications": 1, "num_citations": 8, "num_publications_5y": 0, "num_citations_5y": 3, "num_publications_10y": 0, "num_citations_10y": 6, "publications_years": {"2007": 1}, "citations_years": {"2006": 1, "2007": 0, "2008": 1, "2009": 2, "2010": 0, "2011": 1, "2012": 0, "2013": 0, "2014": 2, "2015": 0, "2016": 1}, "old_citations": {"2007": 8}, "isVisible": false}, "Taiwan": {"name": "Taiwan", "type": "country", "h5_index": 69, "num_publications": 1, "num_citations": 2, "num_publications_5y": 0, "num_citations_5y": 1, "num_publications_10y": 0, "num_citations_10y": 1, "publications_years": {"2007": 1}, "citations_years": {"2007": 1, "2008": 0, "2009": 0, "2010": 0, "2011": 0, "2012": 0, "2013": 0, "2014": 1}, "old_citations": {"2007": 2}, "isVisible": false}, "Tunisia": {"name": "Tunisia", "type": "country", "h5_index": 26, "num_publications": 1, "num_citations": 3, "num_publications_5y": 0, "num_citations_5y": 0, "num_publications_10y": 0, "num_citations_10y": 3, "publications_years": {"2007": 1}, "citations_years": {"2009": 2, "2010": 1}, "old_citations": {"2007": 3}, "isVisible": false}, "United States": {"name": "United States", "type": "country", "h5_index": 308, "num_publications": 1, "num_citations": 7, "num_publications_5y": 0, "num_citations_5y": 0, "num_publications_10y": 0, "num_citations_10y": 1, "publications_years": {"2007": 1}, "citations_years": {"2007": 2, "2008": 4, "2009": 1}, "old_citations": {"2007": 7}, "isVisible": false}}}, "conference_comparison": {"computer science": {}}, "topics_dna": {"publications": {}, "citations": {"normalized": {}, "average": {}}}, "info": {"num_publications": 31, "num_citations": 220.0, "impact_factor": {}, "publications_years": {"2007": 30, "2008": 1}, "citations_years": {"2005": 1, "2006": 1, "2007": 11, "2008": 25, "2009": 30, "2010": 16, "2011": 23, "2012": 20, "2013": 26, "2014": 13, "2015": 11, "2016": 14, "2017": 7, "2018": 6, "2019": 13, "2020": 3}, "old_citations": {"2007": 216, "2008": 4}, "h5_index": 0}, "percentile": {"computer science": {"2007": 78, "2008": 69}}, "conference_ranking": {"computer science": {"2007": 922, "2008": 1322}}, "academia": {"num_publications": 21, "num_citations": 156, "publications_years": {"2007": 20, "2008": 1}, "old_citations": {"2007": 152, "2008": 4}, "num_publications_5y": 0, "num_citations_5y": 0, "num_publications_10y": 0, "num_citations_10y": 0}, "industry": {"num_publications": 0, "num_citations": 0, "publications_years": {}, "old_citations": {}, "num_publications_5y": 0, "num_citations_5y": 0, "num_publications_10y": 0, "num_citations_10y": 0}, "collaborative": {"num_publications": 0, "num_citations": 0, "publications_years": {}, "old_citations": {}, "num_publications_5y": 0, "num_citations_5y": 0, "num_publications_10y": 0, "num_citations_10y": 0}, "conferences": {}, "journals": {}, "organizations": {"publication_overall": ["German Cancer Research Center", "Austrian Academy of Sciences", "Carnegie Mellon University", "Claude Bernard University Lyon 1", "Concordia University", "Cranfield University", "Dublin City University", "Eindhoven University of Technology", "French National Centre for Scientific Research", "Fudan University", "Harbin Institute of Technology", "Heriot-Watt University", "Keio University", "Kyung Hee University", "Leibniz Association", "Ludwig Maximilian University of Munich", "Martin Luther University Halle-Wittenberg", "Max Planck Society", "National Cancer Research Institute", "National Taiwan University", "Radboud University Nijmegen", "TU Dortmund University", "Technical University of Berlin", "Tongji University", "University of Amsterdam", "University of Bologna", "University of Cambridge", "University of Cologne", "University of Copenhagen", "University of Edinburgh", "University of Granada", "University of Jendouba", "University of Sk\u00f6vde", "University of Sussex", "University of Technology Malaysia", "University of Tokyo", "University of T\u00fcbingen", "Universit\u00e9 Libre de Bruxelles", "Yuan Ze University"], "citation_overall": ["Dublin City University", "Max Planck Society", "Technical University of Berlin", "Harbin Institute of Technology", "TU Dortmund University", "University of Edinburgh", "University of Bologna", "University of Copenhagen", "Kyung Hee University", "University of Cambridge", "German Cancer Research Center", "University of Cologne", "Universit\u00e9 Libre de Bruxelles", "Heriot-Watt University", "University of Sk\u00f6vde", "Carnegie Mellon University", "Concordia University", "Ludwig Maximilian University of Munich", "Austrian Academy of Sciences", "Eindhoven University of Technology", "Radboud University Nijmegen", "French National Centre for Scientific Research", "University of Jendouba", "University of Sussex", "University of T\u00fcbingen", "National Cancer Research Institute", "National Taiwan University", "Yuan Ze University", "Claude Bernard University Lyon 1", "Cranfield University", "Keio University", "Leibniz Association", "Martin Luther University Halle-Wittenberg", "University of Granada", "University of Tokyo", "Fudan University", "Tongji University", "University of Amsterdam", "University of Technology Malaysia"], "publication_10_years": [], "citation_10_years": [], "publication_5_years": [], "citation_5_years": []}, "countries": {"publication_overall": ["Germany", "United Kingdom", "China", "France", "Netherlands", "Austria", "Belgium", "Canada", "Denmark", "Ireland", "Italy", "Japan", "Malaysia", "South Korea", "Spain", "Sweden", "Taiwan", "Tunisia", "United States"], "citation_overall": ["Germany", "United Kingdom", "Ireland", "China", "Denmark", "Italy", "South Korea", "Belgium", "Sweden", "Canada", "United States", "Austria", "France", "Netherlands", "Tunisia", "Taiwan", "Japan", "Spain", "Malaysia"], "publication_10_years": [], "citation_10_years": [], "publication_5_years": [], "citation_5_years": []}, "topics": {"publication_overall": ["computer science", "computer systems", "mathematics", "artificial intelligence", "correlation analysis", "database systems", "probability", "computer imaging and vision", "image processing", "computer networks", "data mining", "image analysis", "machine learning", "internet", "bayesian networks", "communication systems", "engineering", "probability distributions", "signal processing", "telecommunication systems"], "citation_overall": ["computer science", "artificial intelligence", "mathematics", "computer systems", "correlation analysis", "database systems", "probability", "linguistics", "data mining", "machine learning", "bayesian networks", "computer imaging and vision", "image processing", "internet", "semantics", "computer hardware", "computer networks", "engineering", "signal processing", "signal to noise ratio"], "publication_10_years": [], "citation_10_years": [], "publication_5_years": [], "citation_5_years": []}, "main_topics": ["computer science"], "authors": {"publication_overall": ["10449723", "2872056", "43931108", "143797876", "219304189", "239245174", "254190957", "293376274", "318423750", "348248771", "582562560", "663920594", "703089545", "1229344970", "1233830699", "1513385551", "1560189250", "1757705634", "1783766922", "1822703366", "1897856556", "1966624355", "1977661592", "1978825258", "1983512198", "1985513800", "1995543612", "1998397950", "2031376081", "2063264476", "2065406926", "2071529468", "2072892544", "2075542590", "2077676363", "2080390794", "2082225715", "2096317939", "2099495541", "2102109394", "2105864016", "2107088562", "2108609475", "2108819515", "2109662815", "2109910299", "2111293301", "2112958078", "2114984633", "2116032850", "2116082713", "2122399844", "2137671039", "2137688675", "2137920027", "2144996409", "2147619310", "2148865427", "2156849358", "2157277864", "2157364398", "2158670954", "2163299874", "2165526197", "2165648535", "2166489916", "2167555176", "2207586587", "2230637397", "2244166758", "2250935713", "2291013180", "2295622617", "2302237597", "2306761397", "2326079530", "2477644192", "2478778688", "2551653030", "2574502206", "2665453246", "2714750866", "2763842573", "2807697280", "2935254846", "2947627869", "2950429472", "2952597322", "2954018900"], "citation_overall": ["1977661592", "2065406926", "2137920027", "2306761397", "2326079530", "2108819515", "2112958078", "2165648535", "254190957", "2114984633", "2156849358", "2807697280", "582562560", "1822703366", "2137671039", "1229344970", "1560189250", "2107088562", "2478778688", "348248771", "2158670954", "2230637397", "2574502206", "10449723", "1983512198", "2082225715", "2099495541", "2295622617", "703089545", "2102109394", "2763842573", "2947627869", "239245174", "2080390794", "2108609475", "2116082713", "2207586587", "2935254846", "1233830699", "1757705634", "2477644192", "1985513800", "1995543612", "2072892544", "2077676363", "2109910299", "2244166758", "2952597322", "143797876", "318423750", "663920594", "2109662815", "2302237597", "2551653030", "2954018900", "1998397950", "2105864016", "2116032850", "2163299874", "2165526197", "2167555176", "2291013180", "2872056", "43931108", "293376274", "1513385551", "1783766922", "1897856556", "1966624355", "2063264476", "2071529468", "2075542590", "2122399844", "2137688675", "2144996409", "2157364398", "2166489916", "2665453246", "219304189", "1978825258", "2031376081", "2096317939", "2111293301", "2147619310", "2148865427", "2157277864", "2250935713", "2714750866", "2950429472"], "publication_10_years": [], "citation_10_years": [], "publication_5_years": [], "citation_5_years": []}, "industrial_sectors": {"publication_overall": [], "citation_overall": [], "publication_10_years": [], "citation_10_years": [], "publication_5_years": [], "citation_5_years": []}}