{"name": "Networked Embedded Systems for Enterprise Applications", "acronym": "NESEA", "type": "conference", "uniqueEntities": {"organizations": {"Xi\u2019an Jiaotong-Liverpool University": {"name": "Xi\u2019an Jiaotong-Liverpool University", "type": "organization", "organization_type": "Education", "h_index": 35, "h5_index": 25, "num_publications": 4, "num_citations": 119, "num_publications_5y": 0, "num_citations_5y": 77, "num_publications_10y": 4, "num_citations_10y": 108, "publications_years": {"2010": 3, "2011": 1}, "citations_years": {"2010": 1, "2011": 2, "2012": 12, "2013": 16, "2014": 26, "2015": 9, "2016": 15, "2017": 17, "2018": 10, "2019": 8, "2020": 3}, "old_citations": {"2010": 116, "2011": 3}, "isVisible": false}, "KU Leuven": {"name": "KU Leuven", "type": "organization", "organization_type": "Education", "h_index": 183, "h5_index": 52, "num_publications": 3, "num_citations": 82, "num_publications_5y": 0, "num_citations_5y": 47, "num_publications_10y": 3, "num_citations_10y": 74, "publications_years": {"2010": 2, "2011": 1}, "citations_years": {"2010": 1, "2011": 2, "2012": 9, "2013": 15, "2014": 10, "2015": 6, "2016": 13, "2017": 11, "2018": 7, "2019": 5, "2020": 3}, "old_citations": {"2010": 79, "2011": 3}, "isVisible": false}, "Electronics and Telecommunications Research Institute": {"name": "Electronics and Telecommunications Research Institute", "type": "organization", "organization_type": "Facility", "h_index": 91, "h5_index": 28, "num_publications": 2, "num_citations": 4, "num_publications_5y": 0, "num_citations_5y": 2, "num_publications_10y": 2, "num_citations_10y": 2, "publications_years": {"2011": 1, "2010": 1}, "citations_years": {"2015": 1, "2014": 1, "2016": 0, "2017": 0, "2018": 0, "2019": 1, "2020": 1}, "old_citations": {"2011": 1, "2010": 3}, "isVisible": false}, "Kyungpook National University": {"name": "Kyungpook National University", "type": "organization", "organization_type": "Education", "h_index": 59, "h5_index": 26, "num_publications": 2, "num_citations": 16, "num_publications_5y": 0, "num_citations_5y": 8, "num_publications_10y": 2, "num_citations_10y": 14, "publications_years": {"2011": 2}, "citations_years": {"2012": 2, "2013": 4, "2014": 2, "2015": 2, "2016": 0, "2017": 2, "2018": 2, "2019": 0, "2020": 2}, "old_citations": {"2011": 16}, "isVisible": false}, "Murdoch University": {"name": "Murdoch University", "type": "organization", "organization_type": "Education", "h_index": 39, "h5_index": 14, "num_publications": 2, "num_citations": 70, "num_publications_5y": 0, "num_citations_5y": 41, "num_publications_10y": 2, "num_citations_10y": 62, "publications_years": {"2010": 1, "2012": 1}, "citations_years": {"2011": 1, "2012": 8, "2013": 12, "2014": 9, "2015": 5, "2016": 10, "2017": 11, "2018": 6, "2019": 5, "2020": 3}, "old_citations": {"2010": 69, "2012": 1}, "isVisible": false}, "AGH University of Science and Technology": {"name": "AGH University of Science and Technology", "type": "organization", "organization_type": "Education", "h_index": 48, "h5_index": 20, "num_publications": 1, "num_citations": 7, "num_publications_5y": 0, "num_citations_5y": 5, "num_publications_10y": 1, "num_citations_10y": 7, "publications_years": {"2011": 1}, "citations_years": {"2012": 1, "2013": 1, "2014": 2, "2015": 2, "2016": 0, "2017": 1}, "old_citations": {"2011": 7}, "isVisible": false}, "Ajou University": {"name": "Ajou University", "type": "organization", "organization_type": "Education", "h_index": 48, "h5_index": 22, "num_publications": 1, "num_citations": 0, "num_publications_5y": 0, "num_citations_5y": 0, "num_publications_10y": 1, "num_citations_10y": 0, "publications_years": {"2011": 1}, "citations_years": {}, "old_citations": {"2011": 0}, "isVisible": false}, "Federal University of S\u00e3o Carlos": {"name": "Federal University of S\u00e3o Carlos", "type": "organization", "organization_type": "Education", "h_index": 36, "h5_index": 16, "num_publications": 1, "num_citations": 2, "num_publications_5y": 0, "num_citations_5y": 2, "num_publications_10y": 1, "num_citations_10y": 2, "publications_years": {"2011": 1}, "citations_years": {"2014": 1, "2015": 1}, "old_citations": {"2011": 2}, "isVisible": false}, "Hanyang University": {"name": "Hanyang University", "type": "organization", "organization_type": "Education", "h_index": 67, "h5_index": 24, "num_publications": 1, "num_citations": 0, "num_publications_5y": 0, "num_citations_5y": 0, "num_publications_10y": 1, "num_citations_10y": 0, "publications_years": {"2011": 1}, "citations_years": {}, "old_citations": {"2011": 0}, "isVisible": false}, "Indian Institute of Technology Bombay": {"name": "Indian Institute of Technology Bombay", "type": "organization", "organization_type": "Education", "h_index": 81, "h5_index": 18, "num_publications": 1, "num_citations": 4, "num_publications_5y": 0, "num_citations_5y": 1, "num_publications_10y": 1, "num_citations_10y": 4, "publications_years": {"2010": 1}, "citations_years": {"2011": 2, "2012": 1, "2013": 0, "2014": 0, "2015": 1}, "old_citations": {"2010": 4}, "isVisible": false}, "Isfahan University of Technology": {"name": "Isfahan University of Technology", "type": "organization", "organization_type": "Education", "h_index": 36, "h5_index": 17, "num_publications": 1, "num_citations": 5, "num_publications_5y": 0, "num_citations_5y": 5, "num_publications_10y": 1, "num_citations_10y": 5, "publications_years": {"2011": 1}, "citations_years": {"2014": 1, "2015": 1, "2016": 1, "2017": 1, "2018": 1}, "old_citations": {"2011": 5}, "isVisible": false}, "Islamic Azad University, Tehran": {"name": "Islamic Azad University, Tehran", "type": "organization", "organization_type": "Education", "h_index": 70, "h5_index": 42, "num_publications": 1, "num_citations": 6, "num_publications_5y": 0, "num_citations_5y": 4, "num_publications_10y": 1, "num_citations_10y": 5, "publications_years": {"2011": 1}, "citations_years": {"2012": 1, "2013": 0, "2014": 2, "2015": 0, "2016": 0, "2017": 1, "2018": 1, "2019": 1}, "old_citations": {"2011": 6}, "isVisible": false}, "Jeonbuk National University": {"name": "Jeonbuk National University", "type": "organization", "organization_type": "Education", "h_index": 49, "h5_index": 19, "num_publications": 1, "num_citations": 4, "num_publications_5y": 0, "num_citations_5y": 3, "num_publications_10y": 1, "num_citations_10y": 3, "publications_years": {"2010": 1}, "citations_years": {"2015": 1, "2016": 1, "2017": 1, "2018": 0, "2019": 1}, "old_citations": {"2010": 4}, "isVisible": false}, "King Fahd University of Petroleum and Minerals": {"name": "King Fahd University of Petroleum and Minerals", "type": "organization", "organization_type": "Education", "h_index": 57, "h5_index": 23, "num_publications": 1, "num_citations": 4, "num_publications_5y": 0, "num_citations_5y": 0, "num_publications_10y": 1, "num_citations_10y": 3, "publications_years": {"2011": 1}, "citations_years": {"2013": 3, "2014": 0, "2015": 0, "2016": 0, "2017": 0, "2018": 0, "2019": 1}, "old_citations": {"2011": 4}, "isVisible": false}, "Middlesex University": {"name": "Middlesex University", "type": "organization", "organization_type": "Education", "h_index": 58, "h5_index": 28, "num_publications": 1, "num_citations": 24, "num_publications_5y": 0, "num_citations_5y": 16, "num_publications_10y": 1, "num_citations_10y": 19, "publications_years": {"2010": 1}, "citations_years": {"2011": 1, "2012": 0, "2013": 2, "2014": 5, "2015": 3, "2016": 4, "2017": 3, "2018": 1, "2019": 4, "2020": 1}, "old_citations": {"2010": 24}, "isVisible": false}, "National Dong Hwa University": {"name": "National Dong Hwa University", "type": "organization", "organization_type": "Education", "h_index": 51, "h5_index": 20, "num_publications": 1, "num_citations": 2, "num_publications_5y": 0, "num_citations_5y": 2, "num_publications_10y": 1, "num_citations_10y": 2, "publications_years": {"2011": 1}, "citations_years": {"2014": 1, "2015": 0, "2016": 0, "2017": 1}, "old_citations": {"2011": 2}, "isVisible": false}, "National Tsing Hua University": {"name": "National Tsing Hua University", "type": "organization", "organization_type": "Education", "h_index": 93, "h5_index": 29, "num_publications": 1, "num_citations": 1, "num_publications_5y": 0, "num_citations_5y": 1, "num_publications_10y": 1, "num_citations_10y": 1, "publications_years": {"2011": 1}, "citations_years": {"2016": 1}, "old_citations": {"2011": 1}, "isVisible": false}, "National University of Ireland": {"name": "National University of Ireland", "type": "organization", "organization_type": "Education", "h_index": 39, "h5_index": 12, "num_publications": 1, "num_citations": 3, "num_publications_5y": 0, "num_citations_5y": 0, "num_publications_10y": 1, "num_citations_10y": 3, "publications_years": {"2011": 1}, "citations_years": {"2012": 1, "2013": 2}, "old_citations": {"2011": 3}, "isVisible": false}, "Qazvin Islamic Azad University": {"name": "Qazvin Islamic Azad University", "type": "organization", "organization_type": "Education", "h_index": 21, "h5_index": 6, "num_publications": 1, "num_citations": 2, "num_publications_5y": 0, "num_citations_5y": 1, "num_publications_10y": 1, "num_citations_10y": 2, "publications_years": {"2011": 1}, "citations_years": {"2013": 1, "2014": 1}, "old_citations": {"2011": 2}, "isVisible": false}, "Royal Institute of Technology": {"name": "Royal Institute of Technology", "type": "organization", "organization_type": "Education", "h_index": 120, "h5_index": 45, "num_publications": 1, "num_citations": 7, "num_publications_5y": 0, "num_citations_5y": 7, "num_publications_10y": 1, "num_citations_10y": 7, "publications_years": {"2011": 1}, "citations_years": {"2014": 1, "2015": 2, "2016": 3, "2017": 0, "2018": 1}, "old_citations": {"2011": 7}, "isVisible": false}, "STMicroelectronics (Switzerland)": {"name": "STMicroelectronics (Switzerland)", "type": "organization", "organization_type": "Company", "h_index": 86, "h5_index": 17, "num_publications": 1, "num_citations": 4, "num_publications_5y": 0, "num_citations_5y": 1, "num_publications_10y": 1, "num_citations_10y": 4, "publications_years": {"2010": 1}, "citations_years": {"2011": 2, "2012": 1, "2013": 0, "2014": 0, "2015": 1}, "old_citations": {"2010": 4}, "isVisible": false}, "Samsung (South Korea)": {"name": "Samsung (South Korea)", "type": "organization", "organization_type": "Company", "h_index": 155, "h5_index": 45, "num_publications": 1, "num_citations": 2, "num_publications_5y": 0, "num_citations_5y": 1, "num_publications_10y": 1, "num_citations_10y": 2, "publications_years": {"2011": 1}, "citations_years": {"2012": 1, "2013": 0, "2014": 0, "2015": 0, "2016": 1}, "old_citations": {"2011": 2}, "isVisible": false}, "Shahid Beheshti University": {"name": "Shahid Beheshti University", "type": "organization", "organization_type": "Education", "h_index": 45, "h5_index": 20, "num_publications": 1, "num_citations": 6, "num_publications_5y": 0, "num_citations_5y": 4, "num_publications_10y": 1, "num_citations_10y": 5, "publications_years": {"2011": 1}, "citations_years": {"2012": 1, "2013": 0, "2014": 2, "2015": 0, "2016": 0, "2017": 1, "2018": 1, "2019": 1}, "old_citations": {"2011": 6}, "isVisible": false}, "Sungkyunkwan University": {"name": "Sungkyunkwan University", "type": "organization", "organization_type": "Education", "h_index": 78, "h5_index": 29, "num_publications": 1, "num_citations": 2, "num_publications_5y": 0, "num_citations_5y": 1, "num_publications_10y": 1, "num_citations_10y": 2, "publications_years": {"2011": 1}, "citations_years": {"2012": 1, "2013": 0, "2014": 0, "2015": 0, "2016": 1}, "old_citations": {"2011": 2}, "isVisible": false}, "Synopsys (Switzerland)": {"name": "Synopsys (Switzerland)", "type": "organization", "organization_type": "Company", "h_index": 79, "h5_index": 9, "num_publications": 1, "num_citations": 3, "num_publications_5y": 0, "num_citations_5y": 0, "num_publications_10y": 1, "num_citations_10y": 3, "publications_years": {"2011": 1}, "citations_years": {"2012": 1, "2013": 2}, "old_citations": {"2011": 3}, "isVisible": false}, "Texas Instruments (United States)": {"name": "Texas Instruments (United States)", "type": "organization", "organization_type": "Company", "h_index": 137, "h5_index": 16, "num_publications": 1, "num_citations": 5, "num_publications_5y": 0, "num_citations_5y": 0, "num_publications_10y": 1, "num_citations_10y": 5, "publications_years": {"2010": 1}, "citations_years": {"2011": 3, "2012": 2}, "old_citations": {"2010": 5}, "isVisible": false}, "The Graduate Center, CUNY": {"name": "The Graduate Center, CUNY", "type": "organization", "organization_type": "Education", "h_index": 35, "h5_index": 10, "num_publications": 1, "num_citations": 102, "num_publications_5y": 0, "num_citations_5y": 65, "num_publications_10y": 1, "num_citations_10y": 83, "publications_years": {"2010": 1}, "citations_years": {"2011": 2, "2012": 6, "2013": 10, "2014": 6, "2015": 18, "2016": 22, "2017": 12, "2018": 7, "2019": 16, "2020": 3}, "old_citations": {"2010": 102}, "isVisible": false}, "Tsinghua University": {"name": "Tsinghua University", "type": "organization", "organization_type": "Education", "h_index": 193, "h5_index": 102, "num_publications": 1, "num_citations": 0, "num_publications_5y": 0, "num_citations_5y": 0, "num_publications_10y": 1, "num_citations_10y": 0, "publications_years": {"2011": 1}, "citations_years": {}, "old_citations": {"2011": 0}, "isVisible": false}, "Universidade de S\u00e3o Paulo": {"name": "Universidade de S\u00e3o Paulo", "type": "organization", "organization_type": "Education", "h_index": 82, "h5_index": 29, "num_publications": 1, "num_citations": 2, "num_publications_5y": 0, "num_citations_5y": 2, "num_publications_10y": 1, "num_citations_10y": 2, "publications_years": {"2011": 1}, "citations_years": {"2014": 1, "2015": 1}, "old_citations": {"2011": 2}, "isVisible": false}, "University of Adelaide": {"name": "University of Adelaide", "type": "organization", "organization_type": "Education", "h_index": 106, "h5_index": 61, "num_publications": 1, "num_citations": 5, "num_publications_5y": 0, "num_citations_5y": 5, "num_publications_10y": 1, "num_citations_10y": 5, "publications_years": {"2011": 1}, "citations_years": {"2014": 1, "2015": 1, "2016": 1, "2017": 1, "2018": 1}, "old_citations": {"2011": 5}, "isVisible": false}, "University of Bras\u00edlia": {"name": "University of Bras\u00edlia", "type": "organization", "organization_type": "Education", "h_index": 31, "h5_index": 16, "num_publications": 1, "num_citations": 7, "num_publications_5y": 0, "num_citations_5y": 7, "num_publications_10y": 1, "num_citations_10y": 7, "publications_years": {"2011": 1}, "citations_years": {"2014": 1, "2015": 2, "2016": 3, "2017": 0, "2018": 1}, "old_citations": {"2011": 7}, "isVisible": false}, "University of Turku": {"name": "University of Turku", "type": "organization", "organization_type": "Education", "h_index": 58, "h5_index": 22, "num_publications": 1, "num_citations": 2, "num_publications_5y": 0, "num_citations_5y": 1, "num_publications_10y": 1, "num_citations_10y": 2, "publications_years": {"2011": 1}, "citations_years": {"2013": 1, "2014": 0, "2015": 1}, "old_citations": {"2011": 2}, "isVisible": false}, "University of West London": {"name": "University of West London", "type": "organization", "organization_type": "Education", "h_index": 20, "h5_index": 10, "num_publications": 1, "num_citations": 24, "num_publications_5y": 0, "num_citations_5y": 16, "num_publications_10y": 1, "num_citations_10y": 19, "publications_years": {"2010": 1}, "citations_years": {"2011": 1, "2012": 0, "2013": 2, "2014": 5, "2015": 3, "2016": 4, "2017": 3, "2018": 1, "2019": 4, "2020": 1}, "old_citations": {"2010": 24}, "isVisible": false}, "VTT Technical Research Centre of Finland": {"name": "VTT Technical Research Centre of Finland", "type": "organization", "organization_type": "Nonprofit", "h_index": 49, "h5_index": 20, "num_publications": 1, "num_citations": 2, "num_publications_5y": 0, "num_citations_5y": 0, "num_publications_10y": 1, "num_citations_10y": 2, "publications_years": {"2011": 1}, "citations_years": {"2013": 2}, "old_citations": {"2011": 2}, "isVisible": false}, "Vytautas Magnus University": {"name": "Vytautas Magnus University", "type": "organization", "organization_type": "Education", "h_index": 16, "h5_index": 4, "num_publications": 1, "num_citations": 37, "num_publications_5y": 0, "num_citations_5y": 30, "num_publications_10y": 1, "num_citations_10y": 34, "publications_years": {"2010": 1}, "citations_years": {"2012": 3, "2013": 1, "2014": 16, "2015": 3, "2016": 2, "2017": 6, "2018": 3, "2019": 3}, "old_citations": {"2010": 37}, "isVisible": false}, "\u00c5bo Akademi University": {"name": "\u00c5bo Akademi University", "type": "organization", "organization_type": "Education", "h_index": 47, "h5_index": 12, "num_publications": 1, "num_citations": 2, "num_publications_5y": 0, "num_citations_5y": 1, "num_publications_10y": 1, "num_citations_10y": 2, "publications_years": {"2011": 1}, "citations_years": {"2013": 1, "2014": 0, "2015": 1}, "old_citations": {"2011": 2}, "isVisible": false}}, "topics": {"computer science": {"name": "computer science", "type": "topic", "h_index": 1779, "h5_index": 416, "num_publications": 33, "num_citations": 372, "num_publications_5y": 0, "num_citations_5y": 235, "num_publications_10y": 33, "num_citations_10y": 322, "publications_years": {"2011": 22, "2010": 10, "2012": 1}, "citations_years": {"2015": 50, "2012": 31, "2013": 45, "2014": 56, "2016": 56, "2011": 10, "2017": 46, "2018": 27, "2019": 39, "2020": 11, "2010": 1}, "old_citations": {"2011": 113, "2010": 258, "2012": 1}, "isVisible": false}, "computer systems": {"name": "computer systems", "type": "topic", "h_index": 1595, "h5_index": 367, "num_publications": 30, "num_citations": 365, "num_publications_5y": 0, "num_citations_5y": 229, "num_publications_10y": 30, "num_citations_10y": 315, "publications_years": {"2011": 19, "2010": 10, "2012": 1}, "citations_years": {"2015": 48, "2012": 31, "2013": 44, "2014": 55, "2016": 55, "2011": 10, "2017": 45, "2018": 26, "2019": 39, "2020": 11, "2010": 1}, "old_citations": {"2011": 106, "2010": 258, "2012": 1}, "isVisible": false}, "computer hardware": {"name": "computer hardware", "type": "topic", "h_index": 1150, "h5_index": 279, "num_publications": 27, "num_citations": 339, "num_publications_5y": 0, "num_citations_5y": 217, "num_publications_10y": 27, "num_citations_10y": 292, "publications_years": {"2011": 17, "2010": 9, "2012": 1}, "citations_years": {"2015": 42, "2012": 27, "2013": 39, "2014": 52, "2016": 54, "2011": 8, "2017": 45, "2018": 24, "2019": 38, "2010": 1, "2020": 9}, "old_citations": {"2011": 84, "2010": 254, "2012": 1}, "isVisible": false}, "computer networks": {"name": "computer networks", "type": "topic", "h_index": 1262, "h5_index": 332, "num_publications": 27, "num_citations": 347, "num_publications_5y": 0, "num_citations_5y": 219, "num_publications_10y": 27, "num_citations_10y": 298, "publications_years": {"2011": 18, "2010": 9}, "citations_years": {"2015": 43, "2012": 28, "2013": 42, "2014": 53, "2016": 53, "2017": 45, "2018": 25, "2019": 38, "2020": 11, "2011": 8, "2010": 1}, "old_citations": {"2011": 93, "2010": 254}, "isVisible": false}, "telecommunication systems": {"name": "telecommunication systems", "type": "topic", "h_index": 1187, "h5_index": 277, "num_publications": 23, "num_citations": 332, "num_publications_5y": 0, "num_citations_5y": 209, "num_publications_10y": 23, "num_citations_10y": 284, "publications_years": {"2011": 14, "2010": 9}, "citations_years": {"2015": 40, "2012": 26, "2013": 40, "2014": 49, "2016": 53, "2017": 43, "2018": 24, "2019": 37, "2020": 11, "2011": 8, "2010": 1}, "old_citations": {"2011": 78, "2010": 254}, "isVisible": false}, "embedded systems": {"name": "embedded systems", "type": "topic", "h_index": 799, "h5_index": 168, "num_publications": 21, "num_citations": 210, "num_publications_5y": 0, "num_citations_5y": 136, "num_publications_10y": 21, "num_citations_10y": 186, "publications_years": {"2011": 14, "2010": 6, "2012": 1}, "citations_years": {"2015": 24, "2013": 28, "2014": 41, "2012": 19, "2016": 28, "2017": 27, "2018": 16, "2019": 19, "2010": 1, "2011": 2, "2020": 5}, "old_citations": {"2011": 86, "2010": 123, "2012": 1}, "isVisible": false}, "engineering": {"name": "engineering", "type": "topic", "h_index": 1177, "h5_index": 287, "num_publications": 21, "num_citations": 175, "num_publications_5y": 0, "num_citations_5y": 113, "num_publications_10y": 21, "num_citations_10y": 159, "publications_years": {"2011": 13, "2010": 7, "2012": 1}, "citations_years": {"2015": 22, "2012": 18, "2013": 20, "2014": 33, "2016": 24, "2011": 7, "2010": 1, "2017": 21, "2018": 13, "2019": 12, "2020": 4}, "old_citations": {"2011": 42, "2010": 132, "2012": 1}, "isVisible": false}, "telecommunication networks": {"name": "telecommunication networks", "type": "topic", "h_index": 1116, "h5_index": 258, "num_publications": 21, "num_citations": 325, "num_publications_5y": 0, "num_citations_5y": 208, "num_publications_10y": 21, "num_citations_10y": 277, "publications_years": {"2011": 13, "2010": 8}, "citations_years": {"2015": 40, "2012": 23, "2013": 40, "2014": 49, "2016": 52, "2017": 43, "2018": 24, "2019": 37, "2020": 11, "2010": 1, "2011": 5}, "old_citations": {"2011": 76, "2010": 249}, "isVisible": false}, "communication systems": {"name": "communication systems", "type": "topic", "h_index": 1092, "h5_index": 254, "num_publications": 20, "num_citations": 281, "num_publications_5y": 0, "num_citations_5y": 173, "num_publications_10y": 20, "num_citations_10y": 238, "publications_years": {"2011": 13, "2010": 7}, "citations_years": {"2015": 36, "2012": 21, "2013": 35, "2014": 31, "2016": 51, "2011": 8, "2010": 1, "2017": 36, "2018": 19, "2019": 34, "2020": 9}, "old_citations": {"2011": 64, "2010": 217}, "isVisible": false}, "wireless telecommunication systems": {"name": "wireless telecommunication systems", "type": "topic", "h_index": 1087, "h5_index": 254, "num_publications": 20, "num_citations": 281, "num_publications_5y": 0, "num_citations_5y": 173, "num_publications_10y": 20, "num_citations_10y": 238, "publications_years": {"2011": 13, "2010": 7}, "citations_years": {"2015": 36, "2012": 21, "2013": 35, "2014": 31, "2016": 51, "2011": 8, "2010": 1, "2017": 36, "2018": 19, "2019": 34, "2020": 9}, "old_citations": {"2011": 64, "2010": 217}, "isVisible": false}, "bandwidth": {"name": "bandwidth", "type": "topic", "h_index": 922, "h5_index": 201, "num_publications": 19, "num_citations": 290, "num_publications_5y": 0, "num_citations_5y": 184, "num_publications_10y": 19, "num_citations_10y": 249, "publications_years": {"2011": 11, "2010": 8}, "citations_years": {"2015": 36, "2011": 7, "2012": 23, "2013": 34, "2014": 41, "2010": 1, "2016": 48, "2017": 38, "2018": 21, "2019": 33, "2020": 8}, "old_citations": {"2011": 60, "2010": 230}, "isVisible": false}, "telecommunication traffic": {"name": "telecommunication traffic", "type": "topic", "h_index": 1036, "h5_index": 233, "num_publications": 19, "num_citations": 299, "num_publications_5y": 0, "num_citations_5y": 190, "num_publications_10y": 19, "num_citations_10y": 256, "publications_years": {"2011": 12, "2010": 7}, "citations_years": {"2015": 37, "2012": 23, "2013": 38, "2014": 43, "2016": 48, "2017": 39, "2018": 23, "2019": 33, "2020": 10, "2010": 1, "2011": 4}, "old_citations": {"2011": 74, "2010": 225}, "isVisible": false}, "sensors": {"name": "sensors", "type": "topic", "h_index": 960, "h5_index": 229, "num_publications": 17, "num_citations": 254, "num_publications_5y": 0, "num_citations_5y": 161, "num_publications_10y": 17, "num_citations_10y": 216, "publications_years": {"2011": 12, "2010": 5}, "citations_years": {"2015": 35, "2013": 32, "2014": 28, "2010": 1, "2011": 4, "2012": 18, "2016": 46, "2017": 34, "2018": 18, "2019": 30, "2020": 8}, "old_citations": {"2011": 66, "2010": 188}, "isVisible": false}, "distributed computer systems": {"name": "distributed computer systems", "type": "topic", "h_index": 985, "h5_index": 228, "num_publications": 15, "num_citations": 244, "num_publications_5y": 0, "num_citations_5y": 151, "num_publications_10y": 15, "num_citations_10y": 209, "publications_years": {"2010": 5, "2011": 10}, "citations_years": {"2011": 6, "2012": 20, "2013": 31, "2014": 28, "2015": 31, "2016": 41, "2017": 33, "2018": 18, "2019": 28, "2010": 1, "2020": 7}, "old_citations": {"2010": 185, "2011": 59}, "isVisible": false}, "distributed systems": {"name": "distributed systems", "type": "topic", "h_index": 859, "h5_index": 209, "num_publications": 14, "num_citations": 242, "num_publications_5y": 0, "num_citations_5y": 149, "num_publications_10y": 14, "num_citations_10y": 207, "publications_years": {"2010": 5, "2011": 9}, "citations_years": {"2011": 6, "2012": 20, "2013": 31, "2014": 27, "2015": 30, "2016": 41, "2017": 33, "2018": 18, "2019": 28, "2010": 1, "2020": 7}, "old_citations": {"2010": 185, "2011": 57}, "isVisible": false}, "microprocessor chips": {"name": "microprocessor chips", "type": "topic", "h_index": 744, "h5_index": 175, "num_publications": 14, "num_citations": 73, "num_publications_5y": 0, "num_citations_5y": 51, "num_publications_10y": 14, "num_citations_10y": 65, "publications_years": {"2011": 13, "2010": 1}, "citations_years": {"2015": 9, "2012": 6, "2013": 8, "2014": 13, "2016": 12, "2017": 11, "2018": 6, "2019": 7, "2020": 1}, "old_citations": {"2011": 73, "2010": 0}, "isVisible": false}, "parallel processing systems": {"name": "parallel processing systems", "type": "topic", "h_index": 845, "h5_index": 208, "num_publications": 14, "num_citations": 242, "num_publications_5y": 0, "num_citations_5y": 149, "num_publications_10y": 14, "num_citations_10y": 207, "publications_years": {"2010": 5, "2011": 9}, "citations_years": {"2011": 6, "2012": 20, "2013": 31, "2014": 27, "2015": 30, "2016": 41, "2017": 33, "2018": 18, "2019": 28, "2010": 1, "2020": 7}, "old_citations": {"2010": 185, "2011": 57}, "isVisible": false}, "sensor nodes": {"name": "sensor nodes", "type": "topic", "h_index": 635, "h5_index": 142, "num_publications": 14, "num_citations": 210, "num_publications_5y": 0, "num_citations_5y": 131, "num_publications_10y": 14, "num_citations_10y": 179, "publications_years": {"2011": 9, "2010": 5}, "citations_years": {"2015": 30, "2010": 1, "2011": 4, "2012": 15, "2013": 28, "2014": 20, "2016": 40, "2017": 26, "2018": 15, "2019": 24, "2020": 7}, "old_citations": {"2011": 22, "2010": 188}, "isVisible": false}, "routers": {"name": "routers", "type": "topic", "h_index": 752, "h5_index": 160, "num_publications": 13, "num_citations": 141, "num_publications_5y": 0, "num_citations_5y": 88, "num_publications_10y": 13, "num_citations_10y": 122, "publications_years": {"2011": 9, "2010": 4}, "citations_years": {"2015": 15, "2010": 1, "2011": 2, "2012": 11, "2013": 20, "2014": 18, "2016": 24, "2017": 20, "2018": 11, "2019": 14, "2020": 5}, "old_citations": {"2011": 55, "2010": 86}, "isVisible": false}, "routing algorithms": {"name": "routing algorithms", "type": "topic", "h_index": 767, "h5_index": 164, "num_publications": 13, "num_citations": 141, "num_publications_5y": 0, "num_citations_5y": 88, "num_publications_10y": 13, "num_citations_10y": 122, "publications_years": {"2011": 9, "2010": 4}, "citations_years": {"2015": 15, "2010": 1, "2011": 2, "2012": 11, "2013": 20, "2014": 18, "2016": 24, "2017": 20, "2018": 11, "2019": 14, "2020": 5}, "old_citations": {"2011": 55, "2010": 86}, "isVisible": false}, "data communication systems": {"name": "data communication systems", "type": "topic", "h_index": 1013, "h5_index": 234, "num_publications": 12, "num_citations": 251, "num_publications_5y": 0, "num_citations_5y": 157, "num_publications_10y": 12, "num_citations_10y": 210, "publications_years": {"2011": 6, "2010": 6}, "citations_years": {"2013": 30, "2014": 28, "2010": 1, "2011": 5, "2012": 17, "2015": 31, "2016": 46, "2017": 34, "2018": 18, "2019": 32, "2020": 9}, "old_citations": {"2011": 43, "2010": 208}, "isVisible": false}, "mobile computing": {"name": "mobile computing", "type": "topic", "h_index": 664, "h5_index": 170, "num_publications": 5, "num_citations": 208, "num_publications_5y": 0, "num_citations_5y": 128, "num_publications_10y": 5, "num_citations_10y": 176, "publications_years": {"2010": 4, "2011": 1}, "citations_years": {"2010": 1, "2011": 5, "2012": 15, "2013": 27, "2014": 21, "2015": 27, "2016": 39, "2017": 26, "2018": 15, "2019": 25, "2020": 7}, "old_citations": {"2010": 205, "2011": 3}, "isVisible": false}, "mobile devices": {"name": "mobile devices", "type": "topic", "h_index": 594, "h5_index": 156, "num_publications": 5, "num_citations": 208, "num_publications_5y": 0, "num_citations_5y": 128, "num_publications_10y": 5, "num_citations_10y": 176, "publications_years": {"2010": 4, "2011": 1}, "citations_years": {"2010": 1, "2011": 5, "2012": 15, "2013": 27, "2014": 21, "2015": 27, "2016": 39, "2017": 26, "2018": 15, "2019": 25, "2020": 7}, "old_citations": {"2010": 205, "2011": 3}, "isVisible": false}, "communication": {"name": "communication", "type": "topic", "h_index": 886, "h5_index": 209, "num_publications": 8, "num_citations": 205, "num_publications_5y": 0, "num_citations_5y": 126, "num_publications_10y": 8, "num_citations_10y": 174, "publications_years": {"2011": 4, "2010": 3, "2012": 1}, "citations_years": {"2012": 17, "2013": 28, "2014": 19, "2015": 31, "2016": 35, "2017": 25, "2018": 16, "2019": 23, "2020": 8, "2011": 3}, "old_citations": {"2011": 29, "2010": 175, "2012": 1}, "isVisible": false}, "computer programming": {"name": "computer programming", "type": "topic", "h_index": 873, "h5_index": 186, "num_publications": 11, "num_citations": 56, "num_publications_5y": 0, "num_citations_5y": 38, "num_publications_10y": 11, "num_citations_10y": 53, "publications_years": {"2011": 9, "2010": 2}, "citations_years": {"2013": 9, "2014": 19, "2015": 7, "2012": 6, "2016": 2, "2017": 7, "2018": 3, "2019": 3}, "old_citations": {"2011": 19, "2010": 37}, "isVisible": false}, "field programmable gate arrays (fpga)": {"name": "field programmable gate arrays (fpga)", "type": "topic", "h_index": 594, "h5_index": 149, "num_publications": 10, "num_citations": 99, "num_publications_5y": 0, "num_citations_5y": 73, "num_publications_10y": 10, "num_citations_10y": 88, "publications_years": {"2011": 8, "2010": 2}, "citations_years": {"2013": 7, "2014": 28, "2012": 8, "2015": 10, "2016": 11, "2017": 16, "2018": 8, "2019": 10, "2020": 1}, "old_citations": {"2011": 62, "2010": 37}, "isVisible": false}, "internet protocols": {"name": "internet protocols", "type": "topic", "h_index": 808, "h5_index": 165, "num_publications": 6, "num_citations": 55, "num_publications_5y": 0, "num_citations_5y": 34, "num_publications_10y": 6, "num_citations_10y": 44, "publications_years": {"2011": 5, "2010": 1}, "citations_years": {"2012": 4, "2013": 6, "2014": 8, "2015": 5, "2016": 7, "2017": 9, "2018": 5, "2019": 7, "2020": 4}, "old_citations": {"2011": 52, "2010": 3}, "isVisible": false}}, "authors": {"2190143158": {"name": "danny hughes", "type": "author", "activity": 18, "h_index": 20, "h5_index": 7, "mag_id": "2190143158", "num_publications": 4, "num_citations": 119, "num_publications_5y": 0, "num_citations_5y": 77, "num_publications_10y": 4, "num_citations_10y": 108, "publications_years": {"2010": 3, "2011": 1}, "citations_years": {"2010": 1, "2011": 2, "2012": 12, "2013": 16, "2014": 26, "2015": 9, "2016": 15, "2017": 17, "2018": 10, "2019": 8, "2020": 3}, "old_citations": {"2010": 116, "2011": 3}, "isVisible": false}, "1969876091": {"name": "wouter joosen", "type": "author", "activity": 31, "h_index": 37, "h5_index": 11, "mag_id": "1969876091", "num_publications": 2, "num_citations": 79, "num_publications_5y": 0, "num_citations_5y": 47, "num_publications_10y": 2, "num_citations_10y": 71, "publications_years": {"2010": 2}, "citations_years": {"2010": 1, "2011": 2, "2012": 8, "2013": 13, "2014": 10, "2015": 6, "2016": 13, "2017": 11, "2018": 7, "2019": 5, "2020": 3}, "old_citations": {"2010": 79}, "isVisible": false}, "2101451902": {"name": "jukka saastamoinen", "type": "author", "activity": 7, "h_index": 3, "h5_index": 0, "mag_id": "2101451902", "num_publications": 2, "num_citations": 5, "num_publications_5y": 0, "num_citations_5y": 0, "num_publications_10y": 2, "num_citations_10y": 5, "publications_years": {"2011": 2}, "citations_years": {"2012": 1, "2013": 4}, "old_citations": {"2011": 5}, "isVisible": false}, "2127678914": {"name": "ka lok man", "type": "author", "activity": 17, "h_index": 14, "h5_index": 4, "mag_id": "2127678914", "num_publications": 2, "num_citations": 40, "num_publications_5y": 0, "num_citations_5y": 30, "num_publications_10y": 2, "num_citations_10y": 37, "publications_years": {"2010": 1, "2011": 1}, "citations_years": {"2012": 4, "2013": 3, "2014": 16, "2015": 3, "2016": 2, "2017": 6, "2018": 3, "2019": 3}, "old_citations": {"2010": 37, "2011": 3}, "isVisible": false}, "2160927155": {"name": "masoud daneshtalab", "type": "author", "activity": 15, "h_index": 24, "h5_index": 9, "mag_id": "2160927155", "num_publications": 2, "num_citations": 37, "num_publications_5y": 0, "num_citations_5y": 25, "num_publications_10y": 2, "num_citations_10y": 30, "publications_years": {"2011": 2}, "citations_years": {"2012": 2, "2013": 3, "2014": 5, "2015": 4, "2016": 6, "2017": 7, "2018": 3, "2019": 6, "2020": 1}, "old_citations": {"2011": 37}, "isVisible": false}, "45233777": {"name": "boguslaw cyganek", "type": "author", "activity": 20, "h_index": 13, "h5_index": 6, "mag_id": "45233777", "num_publications": 1, "num_citations": 7, "num_publications_5y": 0, "num_citations_5y": 5, "num_publications_10y": 1, "num_citations_10y": 7, "publications_years": {"2011": 1}, "citations_years": {"2012": 1, "2013": 1, "2014": 2, "2015": 2, "2016": 0, "2017": 1}, "old_citations": {"2011": 7}, "isVisible": false}, "113640653": {"name": "tomas krilavicius", "type": "author", "activity": 17, "h_index": 6, "h5_index": 2, "mag_id": "113640653", "num_publications": 1, "num_citations": 37, "num_publications_5y": 0, "num_citations_5y": 30, "num_publications_10y": 1, "num_citations_10y": 34, "publications_years": {"2010": 1}, "citations_years": {"2012": 3, "2013": 1, "2014": 16, "2015": 3, "2016": 2, "2017": 6, "2018": 3, "2019": 3}, "old_citations": {"2010": 37}, "isVisible": false}, "265728250": {"name": "samia oussena", "type": "author", "activity": 12, "h_index": 7, "h5_index": 1, "mag_id": "265728250", "num_publications": 1, "num_citations": 24, "num_publications_5y": 0, "num_citations_5y": 16, "num_publications_10y": 1, "num_citations_10y": 19, "publications_years": {"2010": 1}, "citations_years": {"2011": 1, "2012": 0, "2013": 2, "2014": 5, "2015": 3, "2016": 4, "2017": 3, "2018": 1, "2019": 4, "2020": 1}, "old_citations": {"2010": 24}, "isVisible": false}, "610588353": {"name": "juha plosila", "type": "author", "activity": 24, "h_index": 28, "h5_index": 6, "mag_id": "610588353", "num_publications": 1, "num_citations": 35, "num_publications_5y": 0, "num_citations_5y": 24, "num_publications_10y": 1, "num_citations_10y": 28, "publications_years": {"2011": 1}, "citations_years": {"2012": 2, "2013": 2, "2014": 5, "2015": 3, "2016": 6, "2017": 7, "2018": 3, "2019": 6, "2020": 1}, "old_citations": {"2011": 35}, "isVisible": false}, "1085729584": {"name": "fahimeh farahnakian", "type": "author", "activity": 12, "h_index": 12, "h5_index": 3, "mag_id": "1085729584", "num_publications": 1, "num_citations": 35, "num_publications_5y": 0, "num_citations_5y": 24, "num_publications_10y": 1, "num_citations_10y": 28, "publications_years": {"2011": 1}, "citations_years": {"2012": 2, "2013": 2, "2014": 5, "2015": 3, "2016": 6, "2017": 7, "2018": 3, "2019": 6, "2020": 1}, "old_citations": {"2011": 35}, "isVisible": false}, "1223717142": {"name": "pasi liljeberg", "type": "author", "activity": 20, "h_index": 29, "h5_index": 15, "mag_id": "1223717142", "num_publications": 1, "num_citations": 35, "num_publications_5y": 0, "num_citations_5y": 24, "num_publications_10y": 1, "num_citations_10y": 28, "publications_years": {"2011": 1}, "citations_years": {"2012": 2, "2013": 2, "2014": 5, "2015": 3, "2016": 6, "2017": 7, "2018": 3, "2019": 6, "2020": 1}, "old_citations": {"2011": 35}, "isVisible": false}, "1528483123": {"name": "mohammad eshghi", "type": "author", "activity": 26, "h_index": 12, "h5_index": 4, "mag_id": "1528483123", "num_publications": 1, "num_citations": 6, "num_publications_5y": 0, "num_citations_5y": 4, "num_publications_10y": 1, "num_citations_10y": 5, "publications_years": {"2011": 1}, "citations_years": {"2012": 1, "2013": 0, "2014": 2, "2015": 0, "2016": 0, "2017": 1, "2018": 1, "2019": 1}, "old_citations": {"2011": 6}, "isVisible": false}, "1580605470": {"name": "ali k horestani", "type": "author", "activity": 5, "h_index": 2, "h5_index": 0, "mag_id": "1580605470", "num_publications": 1, "num_citations": 5, "num_publications_5y": 0, "num_citations_5y": 5, "num_publications_10y": 1, "num_citations_10y": 5, "publications_years": {"2011": 1}, "citations_years": {"2014": 1, "2015": 1, "2016": 1, "2017": 1, "2018": 1}, "old_citations": {"2011": 5}, "isVisible": false}, "1760472112": {"name": "sam michiels", "type": "author", "activity": 22, "h_index": 10, "h5_index": 2, "mag_id": "1760472112", "num_publications": 1, "num_citations": 10, "num_publications_5y": 0, "num_citations_5y": 6, "num_publications_10y": 1, "num_citations_10y": 10, "publications_years": {"2010": 1}, "citations_years": {"2010": 1, "2011": 1, "2012": 1, "2013": 1, "2014": 1, "2015": 1, "2016": 3, "2017": 0, "2018": 1}, "old_citations": {"2010": 10}, "isVisible": false}, "1966198003": {"name": "michel schellekens", "type": "author", "activity": 21, "h_index": 9, "h5_index": 0, "mag_id": "1966198003", "num_publications": 1, "num_citations": 3, "num_publications_5y": 0, "num_citations_5y": 0, "num_publications_10y": 1, "num_citations_10y": 3, "publications_years": {"2011": 1}, "citations_years": {"2012": 1, "2013": 2}, "old_citations": {"2011": 3}, "isVisible": false}, "1970881917": {"name": "heider madureira", "type": "author", "activity": 3, "h_index": 2, "h5_index": 0, "mag_id": "1970881917", "num_publications": 1, "num_citations": 7, "num_publications_5y": 0, "num_citations_5y": 7, "num_publications_10y": 1, "num_citations_10y": 7, "publications_years": {"2011": 1}, "citations_years": {"2014": 1, "2015": 2, "2016": 3, "2017": 0, "2018": 1}, "old_citations": {"2011": 7}, "isVisible": false}, "1981019757": {"name": "delano medeiros beder", "type": "author", "activity": 22, "h_index": 7, "h5_index": 2, "mag_id": "1981019757", "num_publications": 1, "num_citations": 2, "num_publications_5y": 0, "num_citations_5y": 2, "num_publications_10y": 1, "num_citations_10y": 2, "publications_years": {"2011": 1}, "citations_years": {"2014": 1, "2015": 1}, "old_citations": {"2011": 2}, "isVisible": false}, "1998013649": {"name": "kaisa sere", "type": "author", "activity": 26, "h_index": 18, "h5_index": 0, "mag_id": "1998013649", "num_publications": 1, "num_citations": 2, "num_publications_5y": 0, "num_citations_5y": 1, "num_publications_10y": 1, "num_citations_10y": 2, "publications_years": {"2011": 1}, "citations_years": {"2013": 1, "2014": 0, "2015": 1}, "old_citations": {"2011": 2}, "isVisible": false}, "2007947022": {"name": "wouter horre", "type": "author", "activity": 7, "h_index": 9, "h5_index": 0, "mag_id": "2007947022", "num_publications": 1, "num_citations": 3, "num_publications_5y": 0, "num_citations_5y": 0, "num_publications_10y": 1, "num_citations_10y": 3, "publications_years": {"2011": 1}, "citations_years": {"2012": 1, "2013": 2}, "old_citations": {"2011": 3}, "isVisible": false}, "2021116200": {"name": "gibeom kil", "type": "author", "activity": 3, "h_index": 2, "h5_index": 0, "mag_id": "2021116200", "num_publications": 1, "num_citations": 2, "num_publications_5y": 0, "num_citations_5y": 2, "num_publications_10y": 1, "num_citations_10y": 2, "publications_years": {"2011": 1}, "citations_years": {"2015": 1, "2016": 0, "2017": 1}, "old_citations": {"2011": 2}, "isVisible": false}, "2028164670": {"name": "jari nurmi", "type": "author", "activity": 31, "h_index": 21, "h5_index": 4, "mag_id": "2028164670", "num_publications": 1, "num_citations": 3, "num_publications_5y": 0, "num_citations_5y": 0, "num_publications_10y": 1, "num_citations_10y": 3, "publications_years": {"2011": 1}, "citations_years": {"2012": 1, "2013": 2}, "old_citations": {"2011": 3}, "isVisible": false}, "2029502941": {"name": "younghyun jun", "type": "author", "activity": 25, "h_index": 21, "h5_index": 1, "mag_id": "2029502941", "num_publications": 1, "num_citations": 2, "num_publications_5y": 0, "num_citations_5y": 1, "num_publications_10y": 1, "num_citations_10y": 2, "publications_years": {"2011": 1}, "citations_years": {"2012": 1, "2013": 0, "2014": 0, "2015": 0, "2016": 1}, "old_citations": {"2011": 2}, "isVisible": false}, "2044935238": {"name": "rabindra bista", "type": "author", "activity": 6, "h_index": 7, "h5_index": 0, "mag_id": "2044935238", "num_publications": 1, "num_citations": 4, "num_publications_5y": 0, "num_citations_5y": 3, "num_publications_10y": 1, "num_citations_10y": 3, "publications_years": {"2010": 1}, "citations_years": {"2015": 1, "2016": 1, "2017": 1, "2018": 0, "2019": 1}, "old_citations": {"2010": 4}, "isVisible": false}, "2065753559": {"name": "terry koziniec", "type": "author", "activity": 16, "h_index": 8, "h5_index": 1, "mag_id": "2065753559", "num_publications": 1, "num_citations": 1, "num_publications_5y": 0, "num_citations_5y": 0, "num_publications_10y": 1, "num_citations_10y": 1, "publications_years": {"2012": 1}, "citations_years": {"2012": 1}, "old_citations": {"2012": 1}, "isVisible": false}, "2078082041": {"name": "pedro javier del cid", "type": "author", "activity": 5, "h_index": 3, "h5_index": 0, "mag_id": "2078082041", "num_publications": 1, "num_citations": 10, "num_publications_5y": 0, "num_citations_5y": 6, "num_publications_10y": 1, "num_citations_10y": 10, "publications_years": {"2010": 1}, "citations_years": {"2010": 1, "2011": 1, "2012": 1, "2013": 1, "2014": 1, "2015": 1, "2016": 3, "2017": 0, "2018": 1}, "old_citations": {"2010": 10}, "isVisible": false}, "2080788763": {"name": "puneet sareen", "type": "author", "activity": 6, "h_index": 3, "h5_index": 0, "mag_id": "2080788763", "num_publications": 1, "num_citations": 5, "num_publications_5y": 0, "num_citations_5y": 0, "num_publications_10y": 1, "num_citations_10y": 5, "publications_years": {"2010": 1}, "citations_years": {"2011": 3, "2012": 2}, "old_citations": {"2010": 5}, "isVisible": false}, "2087217439": {"name": "raj kumar nagpal", "type": "author", "activity": 8, "h_index": 5, "h5_index": 1, "mag_id": "2087217439", "num_publications": 1, "num_citations": 4, "num_publications_5y": 0, "num_citations_5y": 1, "num_publications_10y": 1, "num_citations_10y": 4, "publications_years": {"2010": 1}, "citations_years": {"2011": 2, "2012": 1, "2013": 0, "2014": 0, "2015": 1}, "old_citations": {"2010": 4}, "isVisible": false}, "2095238341": {"name": "markus dietl", "type": "author", "activity": 13, "h_index": 3, "h5_index": 0, "mag_id": "2095238341", "num_publications": 1, "num_citations": 5, "num_publications_5y": 0, "num_citations_5y": 0, "num_publications_10y": 1, "num_citations_10y": 5, "publications_years": {"2010": 1}, "citations_years": {"2011": 3, "2012": 2}, "old_citations": {"2010": 5}, "isVisible": false}, "2097743381": {"name": "junghoon chun", "type": "author", "activity": 12, "h_index": 8, "h5_index": 2, "mag_id": "2097743381", "num_publications": 1, "num_citations": 2, "num_publications_5y": 0, "num_citations_5y": 1, "num_publications_10y": 1, "num_citations_10y": 2, "publications_years": {"2011": 1}, "citations_years": {"2012": 1, "2013": 0, "2014": 0, "2015": 0, "2016": 1}, "old_citations": {"2011": 2}, "isVisible": false}, "2097948703": {"name": "kaiyu wan", "type": "author", "activity": 16, "h_index": 9, "h5_index": 4, "mag_id": "2097948703", "num_publications": 1, "num_citations": 37, "num_publications_5y": 0, "num_citations_5y": 30, "num_publications_10y": 1, "num_citations_10y": 34, "publications_years": {"2010": 1}, "citations_years": {"2012": 3, "2013": 1, "2014": 16, "2015": 3, "2016": 2, "2017": 6, "2018": 3, "2019": 3}, "old_citations": {"2010": 37}, "isVisible": false}, "2102476014": {"name": "abdul jabbar siddiqui", "type": "author", "activity": 3, "h_index": 2, "h5_index": 0, "mag_id": "2102476014", "num_publications": 1, "num_citations": 4, "num_publications_5y": 0, "num_citations_5y": 0, "num_publications_10y": 1, "num_citations_10y": 3, "publications_years": {"2011": 1}, "citations_years": {"2013": 3, "2014": 0, "2015": 0, "2016": 0, "2017": 0, "2018": 0, "2019": 1}, "old_citations": {"2011": 4}, "isVisible": false}, "2108746510": {"name": "jaewoo chang", "type": "author", "activity": 29, "h_index": 13, "h5_index": 5, "mag_id": "2108746510", "num_publications": 1, "num_citations": 4, "num_publications_5y": 0, "num_citations_5y": 3, "num_publications_10y": 1, "num_citations_10y": 3, "publications_years": {"2010": 1}, "citations_years": {"2015": 1, "2016": 1, "2017": 1, "2018": 0, "2019": 1}, "old_citations": {"2010": 4}, "isVisible": false}, "2109612866": {"name": "jongwha chong", "type": "author", "activity": 22, "h_index": 11, "h5_index": 2, "mag_id": "2109612866", "num_publications": 1, "num_citations": 0, "num_publications_5y": 0, "num_citations_5y": 0, "num_publications_10y": 1, "num_citations_10y": 0, "publications_years": {"2011": 1}, "citations_years": {}, "old_citations": {"2011": 0}, "isVisible": false}, "2109762637": {"name": "sangwoo ahn", "type": "author", "activity": 4, "h_index": 2, "h5_index": 0, "mag_id": "2109762637", "num_publications": 1, "num_citations": 0, "num_publications_5y": 0, "num_citations_5y": 0, "num_publications_10y": 1, "num_citations_10y": 0, "publications_years": {"2011": 1}, "citations_years": {}, "old_citations": {"2011": 0}, "isVisible": false}, "2111277602": {"name": "subayal khan", "type": "author", "activity": 9, "h_index": 3, "h5_index": 0, "mag_id": "2111277602", "num_publications": 1, "num_citations": 2, "num_publications_5y": 0, "num_citations_5y": 0, "num_publications_10y": 1, "num_citations_10y": 2, "publications_years": {"2011": 1}, "citations_years": {"2013": 2}, "old_citations": {"2011": 2}, "isVisible": false}, "2116398688": {"name": "yongdo choi", "type": "author", "activity": 5, "h_index": 2, "h5_index": 0, "mag_id": "2116398688", "num_publications": 1, "num_citations": 2, "num_publications_5y": 0, "num_citations_5y": 2, "num_publications_10y": 1, "num_citations_10y": 2, "publications_years": {"2011": 1}, "citations_years": {"2015": 1, "2016": 0, "2017": 1}, "old_citations": {"2011": 2}, "isVisible": false}, "2118112899": {"name": "rakesh malik", "type": "author", "activity": 15, "h_index": 6, "h5_index": 2, "mag_id": "2118112899", "num_publications": 1, "num_citations": 4, "num_publications_5y": 0, "num_citations_5y": 1, "num_publications_10y": 1, "num_citations_10y": 4, "publications_years": {"2010": 1}, "citations_years": {"2011": 2, "2012": 1, "2013": 0, "2014": 0, "2015": 1}, "old_citations": {"2010": 4}, "isVisible": false}, "2122328063": {"name": "keewon kwon", "type": "author", "activity": 10, "h_index": 7, "h5_index": 2, "mag_id": "2122328063", "num_publications": 1, "num_citations": 2, "num_publications_5y": 0, "num_citations_5y": 1, "num_publications_10y": 1, "num_citations_10y": 2, "publications_years": {"2011": 1}, "citations_years": {"2012": 1, "2013": 0, "2014": 0, "2015": 0, "2016": 1}, "old_citations": {"2011": 2}, "isVisible": false}, "2128234694": {"name": "sarfraz alam", "type": "author", "activity": 5, "h_index": 6, "h5_index": 0, "mag_id": "2128234694", "num_publications": 1, "num_citations": 102, "num_publications_5y": 0, "num_citations_5y": 65, "num_publications_10y": 1, "num_citations_10y": 83, "publications_years": {"2010": 1}, "citations_years": {"2011": 2, "2012": 6, "2013": 10, "2014": 6, "2015": 18, "2016": 22, "2017": 12, "2018": 7, "2019": 16, "2020": 3}, "old_citations": {"2010": 102}, "isVisible": false}, "2130244948": {"name": "cheolsig pyo", "type": "author", "activity": 16, "h_index": 15, "h5_index": 1, "mag_id": "2130244948", "num_publications": 1, "num_citations": 3, "num_publications_5y": 0, "num_citations_5y": 1, "num_publications_10y": 1, "num_citations_10y": 1, "publications_years": {"2010": 1}, "citations_years": {"2014": 1, "2015": 0, "2016": 0, "2017": 0, "2018": 0, "2019": 1, "2020": 1}, "old_citations": {"2010": 3}, "isVisible": false}, "2131102731": {"name": "masoumeh ebrahimi", "type": "author", "activity": 11, "h_index": 20, "h5_index": 5, "mag_id": "2131102731", "num_publications": 1, "num_citations": 35, "num_publications_5y": 0, "num_citations_5y": 24, "num_publications_10y": 1, "num_citations_10y": 28, "publications_years": {"2011": 1}, "citations_years": {"2012": 2, "2013": 2, "2014": 5, "2015": 3, "2016": 6, "2017": 7, "2018": 3, "2019": 6, "2020": 1}, "old_citations": {"2011": 35}, "isVisible": false}, "2133056542": {"name": "hyeon park", "type": "author", "activity": 14, "h_index": 6, "h5_index": 2, "mag_id": "2133056542", "num_publications": 1, "num_citations": 3, "num_publications_5y": 0, "num_citations_5y": 1, "num_publications_10y": 1, "num_citations_10y": 1, "publications_years": {"2010": 1}, "citations_years": {"2014": 1, "2015": 0, "2016": 0, "2017": 0, "2018": 0, "2019": 1, "2020": 1}, "old_citations": {"2010": 3}, "isVisible": false}, "2134858310": {"name": "yarsun hsu", "type": "author", "activity": 27, "h_index": 15, "h5_index": 0, "mag_id": "2134858310", "num_publications": 1, "num_citations": 1, "num_publications_5y": 0, "num_citations_5y": 1, "num_publications_10y": 1, "num_citations_10y": 1, "publications_years": {"2011": 1}, "citations_years": {"2016": 1}, "old_citations": {"2011": 1}, "isVisible": false}, "2137347489": {"name": "jose camargo da costa", "type": "author", "activity": 11, "h_index": 3, "h5_index": 0, "mag_id": "2137347489", "num_publications": 1, "num_citations": 7, "num_publications_5y": 0, "num_citations_5y": 7, "num_publications_10y": 1, "num_citations_10y": 7, "publications_years": {"2011": 1}, "citations_years": {"2014": 1, "2015": 2, "2016": 3, "2017": 0, "2018": 1}, "old_citations": {"2011": 7}, "isVisible": false}, "2137417052": {"name": "naesoo kim", "type": "author", "activity": 19, "h_index": 10, "h5_index": 2, "mag_id": "2137417052", "num_publications": 1, "num_citations": 3, "num_publications_5y": 0, "num_citations_5y": 1, "num_publications_10y": 1, "num_citations_10y": 1, "publications_years": {"2010": 1}, "citations_years": {"2014": 1, "2015": 0, "2016": 0, "2017": 0, "2018": 0, "2019": 1, "2020": 1}, "old_citations": {"2010": 3}, "isVisible": false}, "2139239218": {"name": "cheoljon jang", "type": "author", "activity": 4, "h_index": 2, "h5_index": 0, "mag_id": "2139239218", "num_publications": 1, "num_citations": 0, "num_publications_5y": 0, "num_citations_5y": 0, "num_publications_10y": 1, "num_citations_10y": 0, "publications_years": {"2011": 1}, "citations_years": {}, "old_citations": {"2011": 0}, "isVisible": false}, "2142949083": {"name": "jai narayan tripathi", "type": "author", "activity": 11, "h_index": 5, "h5_index": 2, "mag_id": "2142949083", "num_publications": 1, "num_citations": 4, "num_publications_5y": 0, "num_citations_5y": 1, "num_publications_10y": 1, "num_citations_10y": 4, "publications_years": {"2010": 1}, "citations_years": {"2011": 2, "2012": 1, "2013": 0, "2014": 0, "2015": 1}, "old_citations": {"2010": 4}, "isVisible": false}, "2143328724": {"name": "reza faghih mirzaee", "type": "author", "activity": 12, "h_index": 9, "h5_index": 3, "mag_id": "2143328724", "num_publications": 1, "num_citations": 6, "num_publications_5y": 0, "num_citations_5y": 4, "num_publications_10y": 1, "num_citations_10y": 5, "publications_years": {"2011": 1}, "citations_years": {"2012": 1, "2013": 0, "2014": 2, "2015": 0, "2016": 0, "2017": 1, "2018": 1, "2019": 1}, "old_citations": {"2011": 6}, "isVisible": false}, "2144136587": {"name": "eunkyu in", "type": "author", "activity": 2, "h_index": 1, "h5_index": 0, "mag_id": "2144136587", "num_publications": 1, "num_citations": 0, "num_publications_5y": 0, "num_citations_5y": 0, "num_publications_10y": 1, "num_citations_10y": 0, "publications_years": {"2011": 1}, "citations_years": {}, "old_citations": {"2011": 0}, "isVisible": false}, "2147330606": {"name": "hamza ijaz abbasi", "type": "author", "activity": 3, "h_index": 2, "h5_index": 0, "mag_id": "2147330606", "num_publications": 1, "num_citations": 4, "num_publications_5y": 0, "num_citations_5y": 0, "num_publications_10y": 1, "num_citations_10y": 3, "publications_years": {"2011": 1}, "citations_years": {"2013": 3, "2014": 0, "2015": 0, "2016": 0, "2017": 0, "2018": 0, "2019": 1}, "old_citations": {"2011": 4}, "isVisible": false}, "2157616594": {"name": "zeeshan hameed mir", "type": "author", "activity": 17, "h_index": 9, "h5_index": 5, "mag_id": "2157616594", "num_publications": 1, "num_citations": 3, "num_publications_5y": 0, "num_citations_5y": 1, "num_publications_10y": 1, "num_citations_10y": 1, "publications_years": {"2010": 1}, "citations_years": {"2014": 1, "2015": 0, "2016": 0, "2017": 0, "2018": 0, "2019": 1, "2020": 1}, "old_citations": {"2010": 3}, "isVisible": false}, "2157619633": {"name": "luigia petre", "type": "author", "activity": 19, "h_index": 9, "h5_index": 2, "mag_id": "2157619633", "num_publications": 1, "num_citations": 2, "num_publications_5y": 0, "num_citations_5y": 1, "num_publications_10y": 1, "num_citations_10y": 2, "publications_years": {"2011": 1}, "citations_years": {"2013": 1, "2014": 0, "2015": 1}, "old_citations": {"2011": 2}, "isVisible": false}, "2158597953": {"name": "dean kramer", "type": "author", "activity": 10, "h_index": 7, "h5_index": 3, "mag_id": "2158597953", "num_publications": 1, "num_citations": 24, "num_publications_5y": 0, "num_citations_5y": 16, "num_publications_10y": 1, "num_citations_10y": 19, "publications_years": {"2010": 1}, "citations_years": {"2011": 1, "2012": 0, "2013": 2, "2014": 5, "2015": 3, "2016": 4, "2017": 3, "2018": 1, "2019": 4, "2020": 1}, "old_citations": {"2010": 24}, "isVisible": false}, "2159141945": {"name": "mohammad m r chowdhury", "type": "author", "activity": 5, "h_index": 8, "h5_index": 0, "mag_id": "2159141945", "num_publications": 1, "num_citations": 102, "num_publications_5y": 0, "num_citations_5y": 65, "num_publications_10y": 1, "num_citations_10y": 83, "publications_years": {"2010": 1}, "citations_years": {"2011": 2, "2012": 6, "2013": 10, "2014": 6, "2015": 18, "2016": 22, "2017": 12, "2018": 7, "2019": 16, "2020": 3}, "old_citations": {"2010": 102}, "isVisible": false}, "2174220177": {"name": "binbin qian", "type": "author", "activity": 1, "h_index": 1, "h5_index": 0, "mag_id": "2174220177", "num_publications": 1, "num_citations": 3, "num_publications_5y": 0, "num_citations_5y": 0, "num_publications_10y": 1, "num_citations_10y": 3, "publications_years": {"2011": 1}, "citations_years": {"2012": 1, "2013": 2}, "old_citations": {"2011": 3}, "isVisible": false}, "2184943207": {"name": "jyrki huusko", "type": "author", "activity": 16, "h_index": 6, "h5_index": 2, "mag_id": "2184943207", "num_publications": 1, "num_citations": 3, "num_publications_5y": 0, "num_citations_5y": 0, "num_publications_10y": 1, "num_citations_10y": 3, "publications_years": {"2011": 1}, "citations_years": {"2012": 1, "2013": 2}, "old_citations": {"2011": 3}, "isVisible": false}, "2222572851": {"name": "suabyal khan", "type": "author", "activity": 1, "h_index": 1, "h5_index": 0, "mag_id": "2222572851", "num_publications": 1, "num_citations": 3, "num_publications_5y": 0, "num_citations_5y": 0, "num_publications_10y": 1, "num_citations_10y": 3, "publications_years": {"2011": 1}, "citations_years": {"2012": 1, "2013": 2}, "old_citations": {"2011": 3}, "isVisible": false}, "2223189531": {"name": "myoungseon song", "type": "author", "activity": 3, "h_index": 3, "h5_index": 0, "mag_id": "2223189531", "num_publications": 1, "num_citations": 4, "num_publications_5y": 0, "num_citations_5y": 3, "num_publications_10y": 1, "num_citations_10y": 3, "publications_years": {"2010": 1}, "citations_years": {"2015": 1, "2016": 1, "2017": 1, "2018": 0, "2019": 1}, "old_citations": {"2010": 4}, "isVisible": false}, "2224108613": {"name": "jongju park", "type": "author", "activity": 1, "h_index": 0, "h5_index": 0, "mag_id": "2224108613", "num_publications": 1, "num_citations": 0, "num_publications_5y": 0, "num_citations_5y": 0, "num_publications_10y": 1, "num_citations_10y": 0, "publications_years": {"2011": 1}, "citations_years": {}, "old_citations": {"2011": 0}, "isVisible": false}, "2226004441": {"name": "yu zhibin", "type": "author", "activity": 1, "h_index": 1, "h5_index": 0, "mag_id": "2226004441", "num_publications": 1, "num_citations": 2, "num_publications_5y": 0, "num_citations_5y": 2, "num_publications_10y": 1, "num_citations_10y": 2, "publications_years": {"2011": 1}, "citations_years": {"2015": 1, "2016": 0, "2017": 1}, "old_citations": {"2011": 2}, "isVisible": false}, "2226008194": {"name": "seongwon kang", "type": "author", "activity": 1, "h_index": 1, "h5_index": 0, "mag_id": "2226008194", "num_publications": 1, "num_citations": 2, "num_publications_5y": 0, "num_citations_5y": 1, "num_publications_10y": 1, "num_citations_10y": 2, "publications_years": {"2011": 1}, "citations_years": {"2012": 1, "2013": 0, "2014": 0, "2015": 0, "2016": 1}, "old_citations": {"2011": 2}, "isVisible": false}, "2227126906": {"name": "j suryaprasad", "type": "author", "activity": 1, "h_index": 0, "h5_index": 0, "mag_id": "2227126906", "num_publications": 1, "num_citations": 0, "num_publications_5y": 0, "num_citations_5y": 0, "num_publications_10y": 1, "num_citations_10y": 0, "publications_years": {"2010": 1}, "citations_years": {}, "old_citations": {"2010": 0}, "isVisible": false}, "2227332810": {"name": "karami h fatemeh", "type": "author", "activity": 1, "h_index": 1, "h5_index": 0, "mag_id": "2227332810", "num_publications": 1, "num_citations": 5, "num_publications_5y": 0, "num_citations_5y": 5, "num_publications_10y": 1, "num_citations_10y": 5, "publications_years": {"2011": 1}, "citations_years": {"2014": 1, "2015": 1, "2016": 1, "2017": 1, "2018": 1}, "old_citations": {"2011": 5}, "isVisible": false}, "2227582612": {"name": "shanjung miao", "type": "author", "activity": 2, "h_index": 1, "h5_index": 0, "mag_id": "2227582612", "num_publications": 1, "num_citations": 1, "num_publications_5y": 0, "num_citations_5y": 1, "num_publications_10y": 1, "num_citations_10y": 1, "publications_years": {"2011": 1}, "citations_years": {"2016": 1}, "old_citations": {"2011": 1}, "isVisible": false}, "2227921423": {"name": "hungjen sun", "type": "author", "activity": 1, "h_index": 0, "h5_index": 0, "mag_id": "2227921423", "num_publications": 1, "num_citations": 0, "num_publications_5y": 0, "num_citations_5y": 0, "num_publications_10y": 1, "num_citations_10y": 0, "publications_years": {"2011": 1}, "citations_years": {}, "old_citations": {"2011": 0}, "isVisible": false}, "2228806249": {"name": "kamran moshari", "type": "author", "activity": 1, "h_index": 2, "h5_index": 0, "mag_id": "2228806249", "num_publications": 1, "num_citations": 2, "num_publications_5y": 0, "num_citations_5y": 1, "num_publications_10y": 1, "num_citations_10y": 2, "publications_years": {"2011": 1}, "citations_years": {"2013": 1, "2014": 1}, "old_citations": {"2011": 2}, "isVisible": false}, "2229164013": {"name": "jose edil g de medeiros", "type": "author", "activity": 9, "h_index": 2, "h5_index": 0, "mag_id": "2229164013", "num_publications": 1, "num_citations": 7, "num_publications_5y": 0, "num_citations_5y": 7, "num_publications_10y": 1, "num_citations_10y": 7, "publications_years": {"2011": 1}, "citations_years": {"2014": 1, "2015": 2, "2016": 3, "2017": 0, "2018": 1}, "old_citations": {"2011": 7}, "isVisible": false}, "2232270201": {"name": "hyukin kwon", "type": "author", "activity": 2, "h_index": 1, "h5_index": 0, "mag_id": "2232270201", "num_publications": 1, "num_citations": 0, "num_publications_5y": 0, "num_citations_5y": 0, "num_publications_10y": 1, "num_citations_10y": 0, "publications_years": {"2011": 1}, "citations_years": {}, "old_citations": {"2011": 0}, "isVisible": false}, "2235456433": {"name": "nik thompson", "type": "author", "activity": 13, "h_index": 6, "h5_index": 4, "mag_id": "2235456433", "num_publications": 1, "num_citations": 1, "num_publications_5y": 0, "num_citations_5y": 0, "num_publications_10y": 1, "num_citations_10y": 1, "publications_years": {"2012": 1}, "citations_years": {"2012": 1}, "old_citations": {"2012": 1}, "isVisible": false}, "2243804735": {"name": "jo ueyama", "type": "author", "activity": 20, "h_index": 16, "h5_index": 7, "mag_id": "2243804735", "num_publications": 1, "num_citations": 2, "num_publications_5y": 0, "num_citations_5y": 2, "num_publications_10y": 1, "num_citations_10y": 2, "publications_years": {"2011": 1}, "citations_years": {"2014": 1, "2015": 1}, "old_citations": {"2011": 2}, "isVisible": false}, "2283721398": {"name": "tony clark", "type": "author", "activity": 27, "h_index": 18, "h5_index": 4, "mag_id": "2283721398", "num_publications": 1, "num_citations": 24, "num_publications_5y": 0, "num_citations_5y": 16, "num_publications_10y": 1, "num_citations_10y": 19, "publications_years": {"2010": 1}, "citations_years": {"2011": 1, "2012": 0, "2013": 2, "2014": 5, "2015": 3, "2016": 4, "2017": 3, "2018": 1, "2019": 4, "2020": 1}, "old_citations": {"2010": 24}, "isVisible": false}, "2304320463": {"name": "yarsun hsu", "type": "author", "activity": 5, "h_index": 1, "h5_index": 0, "mag_id": "2304320463", "num_publications": 1, "num_citations": 0, "num_publications_5y": 0, "num_citations_5y": 0, "num_publications_10y": 1, "num_citations_10y": 0, "publications_years": {"2011": 1}, "citations_years": {}, "old_citations": {"2011": 0}, "isVisible": false}, "2305677031": {"name": "kevin lee", "type": "author", "activity": 18, "h_index": 14, "h5_index": 4, "mag_id": "2305677031", "num_publications": 1, "num_citations": 69, "num_publications_5y": 0, "num_citations_5y": 41, "num_publications_10y": 1, "num_citations_10y": 61, "publications_years": {"2010": 1}, "citations_years": {"2011": 1, "2012": 7, "2013": 12, "2014": 9, "2015": 5, "2016": 10, "2017": 11, "2018": 6, "2019": 5, "2020": 3}, "old_citations": {"2010": 69}, "isVisible": false}, "2306847220": {"name": "chihoon shin", "type": "author", "activity": 2, "h_index": 1, "h5_index": 0, "mag_id": "2306847220", "num_publications": 1, "num_citations": 1, "num_publications_5y": 0, "num_citations_5y": 1, "num_publications_10y": 1, "num_citations_10y": 1, "publications_years": {"2011": 1}, "citations_years": {"2015": 1}, "old_citations": {"2011": 1}, "isVisible": false}, "2309853941": {"name": "gilmar s beserra", "type": "author", "activity": 1, "h_index": 1, "h5_index": 0, "mag_id": "2309853941", "num_publications": 1, "num_citations": 7, "num_publications_5y": 0, "num_citations_5y": 7, "num_publications_10y": 1, "num_citations_10y": 7, "publications_years": {"2011": 1}, "citations_years": {"2014": 1, "2015": 2, "2016": 3, "2017": 0, "2018": 1}, "old_citations": {"2011": 7}, "isVisible": false}, "2319284010": {"name": "steven guan", "type": "author", "activity": 9, "h_index": 3, "h5_index": 2, "mag_id": "2319284010", "num_publications": 1, "num_citations": 3, "num_publications_5y": 0, "num_citations_5y": 0, "num_publications_10y": 1, "num_citations_10y": 3, "publications_years": {"2011": 1}, "citations_years": {"2012": 1, "2013": 2}, "old_citations": {"2011": 3}, "isVisible": false}, "2321028364": {"name": "steve hollands", "type": "author", "activity": 8, "h_index": 2, "h5_index": 0, "mag_id": "2321028364", "num_publications": 1, "num_citations": 3, "num_publications_5y": 0, "num_citations_5y": 0, "num_publications_10y": 1, "num_citations_10y": 3, "publications_years": {"2011": 1}, "citations_years": {"2012": 1, "2013": 2}, "old_citations": {"2011": 3}, "isVisible": false}, "2334758660": {"name": "myeonghoon oh", "type": "author", "activity": 12, "h_index": 6, "h5_index": 1, "mag_id": "2334758660", "num_publications": 1, "num_citations": 1, "num_publications_5y": 0, "num_citations_5y": 1, "num_publications_10y": 1, "num_citations_10y": 1, "publications_years": {"2011": 1}, "citations_years": {"2015": 1}, "old_citations": {"2011": 1}, "isVisible": false}, "2342887333": {"name": "david murray", "type": "author", "activity": 12, "h_index": 8, "h5_index": 3, "mag_id": "2342887333", "num_publications": 1, "num_citations": 69, "num_publications_5y": 0, "num_citations_5y": 41, "num_publications_10y": 1, "num_citations_10y": 61, "publications_years": {"2010": 1}, "citations_years": {"2011": 1, "2012": 7, "2013": 12, "2014": 9, "2015": 5, "2016": 10, "2017": 11, "2018": 6, "2019": 5, "2020": 3}, "old_citations": {"2010": 69}, "isVisible": false}, "2343166497": {"name": "josef noll", "type": "author", "activity": 26, "h_index": 11, "h5_index": 2, "mag_id": "2343166497", "num_publications": 1, "num_citations": 102, "num_publications_5y": 0, "num_citations_5y": 65, "num_publications_10y": 1, "num_citations_10y": 83, "publications_years": {"2010": 1}, "citations_years": {"2011": 2, "2012": 6, "2013": 10, "2014": 6, "2015": 18, "2016": 22, "2017": 12, "2018": 7, "2019": 16, "2020": 3}, "old_citations": {"2010": 102}, "isVisible": false}, "2345002719": {"name": "sungho kim", "type": "author", "activity": 19, "h_index": 5, "h5_index": 1, "mag_id": "2345002719", "num_publications": 1, "num_citations": 2, "num_publications_5y": 0, "num_citations_5y": 2, "num_publications_10y": 1, "num_citations_10y": 2, "publications_years": {"2011": 1}, "citations_years": {"2015": 1, "2016": 0, "2017": 1}, "old_citations": {"2011": 2}, "isVisible": false}, "2404213001": {"name": "maryam kamali", "type": "author", "activity": 11, "h_index": 8, "h5_index": 3, "mag_id": "2404213001", "num_publications": 1, "num_citations": 2, "num_publications_5y": 0, "num_citations_5y": 1, "num_publications_10y": 1, "num_citations_10y": 2, "publications_years": {"2011": 1}, "citations_years": {"2013": 1, "2014": 0, "2015": 1}, "old_citations": {"2011": 2}, "isVisible": false}, "2423474460": {"name": "mohammad reza bagheri", "type": "author", "activity": 1, "h_index": 1, "h5_index": 0, "mag_id": "2423474460", "num_publications": 1, "num_citations": 2, "num_publications_5y": 0, "num_citations_5y": 1, "num_publications_10y": 1, "num_citations_10y": 2, "publications_years": {"2011": 1}, "citations_years": {"2013": 1, "2014": 1}, "old_citations": {"2011": 2}, "isVisible": false}, "2474974188": {"name": "tanya mcgill", "type": "author", "activity": 27, "h_index": 15, "h5_index": 4, "mag_id": "2474974188", "num_publications": 1, "num_citations": 1, "num_publications_5y": 0, "num_citations_5y": 0, "num_publications_10y": 1, "num_citations_10y": 1, "publications_years": {"2012": 1}, "citations_years": {"2012": 1}, "old_citations": {"2012": 1}, "isVisible": false}, "2546625390": {"name": "a k arjun", "type": "author", "activity": 1, "h_index": 1, "h5_index": 0, "mag_id": "2546625390", "num_publications": 1, "num_citations": 13, "num_publications_5y": 0, "num_citations_5y": 10, "num_publications_10y": 1, "num_citations_10y": 12, "publications_years": {"2011": 1}, "citations_years": {"2012": 1, "2013": 1, "2014": 2, "2015": 5, "2016": 2, "2017": 0, "2018": 1, "2019": 1}, "old_citations": {"2011": 13}, "isVisible": false}, "2581136723": {"name": "mehdi alipour", "type": "author", "activity": 2, "h_index": 2, "h5_index": 0, "mag_id": "2581136723", "num_publications": 1, "num_citations": 2, "num_publications_5y": 0, "num_citations_5y": 1, "num_publications_10y": 1, "num_citations_10y": 2, "publications_years": {"2011": 1}, "citations_years": {"2013": 1, "2014": 1}, "old_citations": {"2011": 2}, "isVisible": false}, "2590123339": {"name": "seong woon kim", "type": "author", "activity": 14, "h_index": 7, "h5_index": 0, "mag_id": "2590123339", "num_publications": 1, "num_citations": 1, "num_publications_5y": 0, "num_citations_5y": 1, "num_publications_10y": 1, "num_citations_10y": 1, "publications_years": {"2011": 1}, "citations_years": {"2015": 1}, "old_citations": {"2011": 1}, "isVisible": false}, "2620097616": {"name": "d roopa", "type": "author", "activity": 1, "h_index": 1, "h5_index": 0, "mag_id": "2620097616", "num_publications": 1, "num_citations": 13, "num_publications_5y": 0, "num_citations_5y": 10, "num_publications_10y": 1, "num_citations_10y": 12, "publications_years": {"2011": 1}, "citations_years": {"2012": 1, "2013": 1, "2014": 2, "2015": 5, "2016": 2, "2017": 0, "2018": 1, "2019": 1}, "old_citations": {"2011": 13}, "isVisible": false}, "2629286440": {"name": "j suryaprasad", "type": "author", "activity": 1, "h_index": 1, "h5_index": 0, "mag_id": "2629286440", "num_publications": 1, "num_citations": 13, "num_publications_5y": 0, "num_citations_5y": 10, "num_publications_10y": 1, "num_citations_10y": 12, "publications_years": {"2011": 1}, "citations_years": {"2012": 1, "2013": 1, "2014": 2, "2015": 5, "2016": 2, "2017": 0, "2018": 1, "2019": 1}, "old_citations": {"2011": 13}, "isVisible": false}, "2629853372": {"name": "marcos lordello chaim", "type": "author", "activity": 27, "h_index": 5, "h5_index": 2, "mag_id": "2629853372", "num_publications": 1, "num_citations": 2, "num_publications_5y": 0, "num_citations_5y": 2, "num_publications_10y": 1, "num_citations_10y": 2, "publications_years": {"2011": 1}, "citations_years": {"2014": 1, "2015": 1}, "old_citations": {"2011": 2}, "isVisible": false}, "2633673936": {"name": "chihling yang", "type": "author", "activity": 1, "h_index": 1, "h5_index": 0, "mag_id": "2633673936", "num_publications": 1, "num_citations": 2, "num_publications_5y": 0, "num_citations_5y": 2, "num_publications_10y": 1, "num_citations_10y": 2, "publications_years": {"2011": 1}, "citations_years": {"2014": 1, "2015": 0, "2016": 0, "2017": 1}, "old_citations": {"2011": 2}, "isVisible": false}, "2644440156": {"name": "tianlin yu", "type": "author", "activity": 1, "h_index": 1, "h5_index": 0, "mag_id": "2644440156", "num_publications": 1, "num_citations": 3, "num_publications_5y": 0, "num_citations_5y": 0, "num_publications_10y": 1, "num_citations_10y": 3, "publications_years": {"2011": 1}, "citations_years": {"2012": 1, "2013": 2}, "old_citations": {"2011": 3}, "isVisible": false}, "2650857134": {"name": "b o praveen kumar", "type": "author", "activity": 1, "h_index": 1, "h5_index": 0, "mag_id": "2650857134", "num_publications": 1, "num_citations": 13, "num_publications_5y": 0, "num_citations_5y": 10, "num_publications_10y": 1, "num_citations_10y": 12, "publications_years": {"2011": 1}, "citations_years": {"2012": 1, "2013": 1, "2014": 2, "2015": 5, "2016": 2, "2017": 0, "2018": 1, "2019": 1}, "old_citations": {"2011": 13}, "isVisible": false}, "2661449477": {"name": "rize jin", "type": "author", "activity": 1, "h_index": 0, "h5_index": 0, "mag_id": "2661449477", "num_publications": 1, "num_citations": 0, "num_publications_5y": 0, "num_citations_5y": 0, "num_publications_10y": 1, "num_citations_10y": 0, "publications_years": {"2011": 1}, "citations_years": {}, "old_citations": {"2011": 0}, "isVisible": false}, "2664394306": {"name": "sungho kim", "type": "author", "activity": 1, "h_index": 1, "h5_index": 0, "mag_id": "2664394306", "num_publications": 1, "num_citations": 14, "num_publications_5y": 0, "num_citations_5y": 6, "num_publications_10y": 1, "num_citations_10y": 12, "publications_years": {"2011": 1}, "citations_years": {"2012": 2, "2013": 4, "2014": 2, "2015": 1, "2016": 0, "2017": 1, "2018": 2, "2019": 0, "2020": 2}, "old_citations": {"2011": 14}, "isVisible": false}, "2665617615": {"name": "sushil menon", "type": "author", "activity": 1, "h_index": 0, "h5_index": 0, "mag_id": "2665617615", "num_publications": 1, "num_citations": 0, "num_publications_5y": 0, "num_citations_5y": 0, "num_publications_10y": 1, "num_citations_10y": 0, "publications_years": {"2010": 1}, "citations_years": {}, "old_citations": {"2010": 0}, "isVisible": false}, "2666637119": {"name": "jaehyun jun", "type": "author", "activity": 1, "h_index": 1, "h5_index": 0, "mag_id": "2666637119", "num_publications": 1, "num_citations": 14, "num_publications_5y": 0, "num_citations_5y": 6, "num_publications_10y": 1, "num_citations_10y": 12, "publications_years": {"2011": 1}, "citations_years": {"2012": 2, "2013": 4, "2014": 2, "2015": 1, "2016": 0, "2017": 1, "2018": 2, "2019": 0, "2020": 2}, "old_citations": {"2011": 14}, "isVisible": false}, "2671167411": {"name": "hsiche tseng", "type": "author", "activity": 1, "h_index": 1, "h5_index": 0, "mag_id": "2671167411", "num_publications": 1, "num_citations": 2, "num_publications_5y": 0, "num_citations_5y": 2, "num_publications_10y": 1, "num_citations_10y": 2, "publications_years": {"2011": 1}, "citations_years": {"2014": 1, "2015": 0, "2016": 0, "2017": 1}, "old_citations": {"2011": 2}, "isVisible": false}, "2710043049": {"name": "haofan zhang", "type": "author", "activity": 1, "h_index": 1, "h5_index": 0, "mag_id": "2710043049", "num_publications": 1, "num_citations": 3, "num_publications_5y": 0, "num_citations_5y": 0, "num_publications_10y": 1, "num_citations_10y": 3, "publications_years": {"2011": 1}, "citations_years": {"2012": 1, "2013": 2}, "old_citations": {"2011": 3}, "isVisible": false}, "2712924206": {"name": "hsinchou chi", "type": "author", "activity": 5, "h_index": 2, "h5_index": 0, "mag_id": "2712924206", "num_publications": 1, "num_citations": 2, "num_publications_5y": 0, "num_citations_5y": 2, "num_publications_10y": 1, "num_citations_10y": 2, "publications_years": {"2011": 1}, "citations_years": {"2014": 1, "2015": 0, "2016": 0, "2017": 1}, "old_citations": {"2011": 2}, "isVisible": false}, "2726638040": {"name": "hyunju oh", "type": "author", "activity": 1, "h_index": 1, "h5_index": 0, "mag_id": "2726638040", "num_publications": 1, "num_citations": 14, "num_publications_5y": 0, "num_citations_5y": 6, "num_publications_10y": 1, "num_citations_10y": 12, "publications_years": {"2011": 1}, "citations_years": {"2012": 2, "2013": 4, "2014": 2, "2015": 1, "2016": 0, "2017": 1, "2018": 2, "2019": 0, "2020": 2}, "old_citations": {"2011": 14}, "isVisible": false}, "2809615942": {"name": "zhun shen", "type": "author", "activity": 3, "h_index": 4, "h5_index": 0, "mag_id": "2809615942", "num_publications": 1, "num_citations": 3, "num_publications_5y": 0, "num_citations_5y": 0, "num_publications_10y": 1, "num_citations_10y": 3, "publications_years": {"2011": 1}, "citations_years": {"2012": 1, "2013": 2}, "old_citations": {"2011": 3}, "isVisible": false}, "2969734548": {"name": "null nurmi", "type": "author", "activity": 1, "h_index": 1, "h5_index": 0, "mag_id": "2969734548", "num_publications": 1, "num_citations": 2, "num_publications_5y": 0, "num_citations_5y": 0, "num_publications_10y": 1, "num_citations_10y": 2, "publications_years": {"2011": 1}, "citations_years": {"2013": 2}, "old_citations": {"2011": 2}, "isVisible": false}, "2789486260": {"name": "sung nam kim", "type": "author", "activity": 9, "h_index": 1, "h5_index": 0, "mag_id": "2789486260", "num_publications": 1, "num_citations": 1, "num_publications_5y": 0, "num_citations_5y": 1, "num_publications_10y": 1, "num_citations_10y": 1, "publications_years": {"2011": 1}, "citations_years": {"2015": 1}, "old_citations": {"2011": 1}, "isVisible": false}, "2756426807": {"name": "taesun chung", "type": "author", "activity": 3, "h_index": 0, "h5_index": 0, "mag_id": "2756426807", "num_publications": 1, "num_citations": 0, "num_publications_5y": 0, "num_citations_5y": 0, "num_publications_10y": 1, "num_citations_10y": 0, "publications_years": {"2011": 1}, "citations_years": {}, "old_citations": {"2011": 0}, "isVisible": false}}, "countries": {"South Korea": {"name": "South Korea", "type": "country", "h5_index": 100, "num_publications": 8, "num_citations": 26, "num_publications_5y": 0, "num_citations_5y": 14, "num_publications_10y": 8, "num_citations_10y": 21, "publications_years": {"2011": 6, "2010": 2}, "citations_years": {"2015": 4, "2012": 3, "2013": 4, "2014": 3, "2016": 2, "2017": 3, "2018": 2, "2019": 2, "2020": 3}, "old_citations": {"2011": 19, "2010": 7}, "isVisible": false}, "China": {"name": "China", "type": "country", "h5_index": 214, "num_publications": 5, "num_citations": 119, "num_publications_5y": 0, "num_citations_5y": 77, "num_publications_10y": 5, "num_citations_10y": 108, "publications_years": {"2010": 3, "2011": 2}, "citations_years": {"2010": 1, "2011": 2, "2012": 12, "2013": 16, "2014": 26, "2015": 9, "2016": 15, "2017": 17, "2018": 10, "2019": 8, "2020": 3}, "old_citations": {"2010": 116, "2011": 3}, "isVisible": false}, "Australia": {"name": "Australia", "type": "country", "h5_index": 141, "num_publications": 3, "num_citations": 75, "num_publications_5y": 0, "num_citations_5y": 46, "num_publications_10y": 3, "num_citations_10y": 67, "publications_years": {"2010": 1, "2012": 1, "2011": 1}, "citations_years": {"2011": 1, "2012": 8, "2013": 12, "2014": 10, "2015": 6, "2016": 11, "2017": 12, "2018": 7, "2019": 5, "2020": 3}, "old_citations": {"2010": 69, "2012": 1, "2011": 5}, "isVisible": false}, "Belgium": {"name": "Belgium", "type": "country", "h5_index": 72, "num_publications": 3, "num_citations": 82, "num_publications_5y": 0, "num_citations_5y": 47, "num_publications_10y": 3, "num_citations_10y": 74, "publications_years": {"2010": 2, "2011": 1}, "citations_years": {"2010": 1, "2011": 2, "2012": 9, "2013": 15, "2014": 10, "2015": 6, "2016": 13, "2017": 11, "2018": 7, "2019": 5, "2020": 3}, "old_citations": {"2010": 79, "2011": 3}, "isVisible": false}, "Iran": {"name": "Iran", "type": "country", "h5_index": 63, "num_publications": 3, "num_citations": 13, "num_publications_5y": 0, "num_citations_5y": 10, "num_publications_10y": 3, "num_citations_10y": 12, "publications_years": {"2011": 3}, "citations_years": {"2013": 1, "2014": 4, "2012": 1, "2015": 1, "2016": 1, "2017": 2, "2018": 2, "2019": 1}, "old_citations": {"2011": 13}, "isVisible": false}, "Brazil": {"name": "Brazil", "type": "country", "h5_index": 57, "num_publications": 2, "num_citations": 9, "num_publications_5y": 0, "num_citations_5y": 9, "num_publications_10y": 2, "num_citations_10y": 9, "publications_years": {"2011": 2}, "citations_years": {"2014": 2, "2015": 3, "2016": 3, "2017": 0, "2018": 1}, "old_citations": {"2011": 9}, "isVisible": false}, "Finland": {"name": "Finland", "type": "country", "h5_index": 68, "num_publications": 2, "num_citations": 4, "num_publications_5y": 0, "num_citations_5y": 1, "num_publications_10y": 2, "num_citations_10y": 4, "publications_years": {"2011": 2}, "citations_years": {"2013": 3, "2014": 0, "2015": 1}, "old_citations": {"2011": 4}, "isVisible": false}, "Switzerland": {"name": "Switzerland", "type": "country", "h5_index": 102, "num_publications": 2, "num_citations": 7, "num_publications_5y": 0, "num_citations_5y": 1, "num_publications_10y": 2, "num_citations_10y": 7, "publications_years": {"2010": 1, "2011": 1}, "citations_years": {"2011": 2, "2012": 2, "2013": 2, "2014": 0, "2015": 1}, "old_citations": {"2010": 4, "2011": 3}, "isVisible": false}, "Taiwan": {"name": "Taiwan", "type": "country", "h5_index": 69, "num_publications": 2, "num_citations": 3, "num_publications_5y": 0, "num_citations_5y": 3, "num_publications_10y": 2, "num_citations_10y": 3, "publications_years": {"2011": 2}, "citations_years": {"2016": 1, "2014": 1, "2015": 0, "2017": 1}, "old_citations": {"2011": 3}, "isVisible": false}, "United States": {"name": "United States", "type": "country", "h5_index": 308, "num_publications": 2, "num_citations": 107, "num_publications_5y": 0, "num_citations_5y": 65, "num_publications_10y": 2, "num_citations_10y": 88, "publications_years": {"2010": 2}, "citations_years": {"2011": 5, "2012": 8, "2013": 10, "2014": 6, "2015": 18, "2016": 22, "2017": 12, "2018": 7, "2019": 16, "2020": 3}, "old_citations": {"2010": 107}, "isVisible": false}, "India": {"name": "India", "type": "country", "h5_index": 78, "num_publications": 1, "num_citations": 4, "num_publications_5y": 0, "num_citations_5y": 1, "num_publications_10y": 1, "num_citations_10y": 4, "publications_years": {"2010": 1}, "citations_years": {"2011": 2, "2012": 1, "2013": 0, "2014": 0, "2015": 1}, "old_citations": {"2010": 4}, "isVisible": false}, "Ireland": {"name": "Ireland", "type": "country", "h5_index": 50, "num_publications": 1, "num_citations": 3, "num_publications_5y": 0, "num_citations_5y": 0, "num_publications_10y": 1, "num_citations_10y": 3, "publications_years": {"2011": 1}, "citations_years": {"2012": 1, "2013": 2}, "old_citations": {"2011": 3}, "isVisible": false}, "Lithuania": {"name": "Lithuania", "type": "country", "h5_index": 19, "num_publications": 1, "num_citations": 37, "num_publications_5y": 0, "num_citations_5y": 30, "num_publications_10y": 1, "num_citations_10y": 34, "publications_years": {"2010": 1}, "citations_years": {"2012": 3, "2013": 1, "2014": 16, "2015": 3, "2016": 2, "2017": 6, "2018": 3, "2019": 3}, "old_citations": {"2010": 37}, "isVisible": false}, "Poland": {"name": "Poland", "type": "country", "h5_index": 46, "num_publications": 1, "num_citations": 7, "num_publications_5y": 0, "num_citations_5y": 5, "num_publications_10y": 1, "num_citations_10y": 7, "publications_years": {"2011": 1}, "citations_years": {"2012": 1, "2013": 1, "2014": 2, "2015": 2, "2016": 0, "2017": 1}, "old_citations": {"2011": 7}, "isVisible": false}, "Saudi Arabia": {"name": "Saudi Arabia", "type": "country", "h5_index": 72, "num_publications": 1, "num_citations": 4, "num_publications_5y": 0, "num_citations_5y": 0, "num_publications_10y": 1, "num_citations_10y": 3, "publications_years": {"2011": 1}, "citations_years": {"2013": 3, "2014": 0, "2015": 0, "2016": 0, "2017": 0, "2018": 0, "2019": 1}, "old_citations": {"2011": 4}, "isVisible": false}, "Sweden": {"name": "Sweden", "type": "country", "h5_index": 82, "num_publications": 1, "num_citations": 7, "num_publications_5y": 0, "num_citations_5y": 7, "num_publications_10y": 1, "num_citations_10y": 7, "publications_years": {"2011": 1}, "citations_years": {"2014": 1, "2015": 2, "2016": 3, "2017": 0, "2018": 1}, "old_citations": {"2011": 7}, "isVisible": false}, "United Kingdom": {"name": "United Kingdom", "type": "country", "h5_index": 172, "num_publications": 1, "num_citations": 24, "num_publications_5y": 0, "num_citations_5y": 16, "num_publications_10y": 1, "num_citations_10y": 19, "publications_years": {"2010": 1}, "citations_years": {"2011": 1, "2012": 0, "2013": 2, "2014": 5, "2015": 3, "2016": 4, "2017": 3, "2018": 1, "2019": 4, "2020": 1}, "old_citations": {"2010": 24}, "isVisible": false}}, "industrial_sectors": {"semiconductor": {"name": "semiconductor", "type": "industrial sector", "h5_index": 102, "num_publications": 3, "num_citations": 12, "num_publications_5y": 0, "num_citations_5y": 1, "num_publications_10y": 3, "num_citations_10y": 12, "publications_years": {"2010": 2, "2011": 1}, "citations_years": {"2011": 5, "2012": 4, "2013": 2, "2014": 0, "2015": 1}, "old_citations": {"2010": 9, "2011": 3}, "isVisible": false}, "technology": {"name": "technology", "type": "industrial sector", "h5_index": 229, "num_publications": 3, "num_citations": 12, "num_publications_5y": 0, "num_citations_5y": 1, "num_publications_10y": 3, "num_citations_10y": 12, "publications_years": {"2010": 2, "2011": 1}, "citations_years": {"2011": 5, "2012": 4, "2013": 2, "2014": 0, "2015": 1}, "old_citations": {"2010": 9, "2011": 3}, "isVisible": false}, "computing_and_it": {"name": "computing_and_it", "type": "industrial sector", "h5_index": 221, "num_publications": 1, "num_citations": 3, "num_publications_5y": 0, "num_citations_5y": 0, "num_publications_10y": 1, "num_citations_10y": 3, "publications_years": {"2011": 1}, "citations_years": {"2012": 1, "2013": 2}, "old_citations": {"2011": 3}, "isVisible": false}, "management": {"name": "management", "type": "industrial sector", "h5_index": 67, "num_publications": 1, "num_citations": 2, "num_publications_5y": 0, "num_citations_5y": 1, "num_publications_10y": 1, "num_citations_10y": 2, "publications_years": {"2011": 1}, "citations_years": {"2012": 1, "2013": 0, "2014": 0, "2015": 0, "2016": 1}, "old_citations": {"2011": 2}, "isVisible": false}}}, "conference_comparison": {"computer science": {}}, "topics_dna": {"publications": {}, "citations": {"normalized": {}, "average": {}}}, "info": {"num_publications": 33, "num_citations": 372.0, "impact_factor": {"2012": 0.9375}, "publications_years": {"2011": 22, "2010": 10, "2012": 1}, "citations_years": {"2010": 1, "2011": 10, "2012": 31, "2013": 45, "2014": 56, "2015": 50, "2016": 56, "2017": 46, "2018": 27, "2019": 39, "2020": 11}, "old_citations": {"2011": 113, "2010": 258, "2012": 1}, "h5_index": 0}, "percentile": {"computer science": {"2011": 73, "2010": 95, "2012": 53}}, "conference_ranking": {"computer science": {"2011": 1118, "2010": 172, "2012": 1986}}, "academia": {"num_publications": 22, "num_citations": 301, "publications_years": {"2010": 6, "2011": 15, "2012": 1}, "old_citations": {"2010": 246, "2011": 54, "2012": 1}, "num_publications_5y": 0, "num_citations_5y": 0, "num_publications_10y": 16, "num_citations_10y": 55}, "industry": {"num_publications": 1, "num_citations": 5, "publications_years": {"2010": 1}, "old_citations": {"2010": 5}, "num_publications_5y": 0, "num_citations_5y": 0, "num_publications_10y": 0, "num_citations_10y": 0}, "collaborative": {"num_publications": 3, "num_citations": 9, "publications_years": {"2010": 1, "2011": 2}, "old_citations": {"2010": 4, "2011": 5}, "num_publications_5y": 0, "num_citations_5y": 0, "num_publications_10y": 2, "num_citations_10y": 5}, "conferences": {}, "journals": {}, "organizations": {"publication_overall": ["Xi\u2019an Jiaotong-Liverpool University", "KU Leuven", "Electronics and Telecommunications Research Institute", "Kyungpook National University", "Murdoch University", "AGH University of Science and Technology", "Ajou University", "Federal University of S\u00e3o Carlos", "Hanyang University", "Indian Institute of Technology Bombay", "Isfahan University of Technology", "Islamic Azad University, Tehran", "Jeonbuk National University", "King Fahd University of Petroleum and Minerals", "Middlesex University", "National Dong Hwa University", "National Tsing Hua University", "National University of Ireland", "Qazvin Islamic Azad University", "Royal Institute of Technology", "STMicroelectronics (Switzerland)", "Samsung (South Korea)", "Shahid Beheshti University", "Sungkyunkwan University", "Synopsys (Switzerland)", "Texas Instruments (United States)", "The Graduate Center, CUNY", "Tsinghua University", "Universidade de S\u00e3o Paulo", "University of Adelaide", "University of Bras\u00edlia", "University of Turku", "University of West London", "VTT Technical Research Centre of Finland", "Vytautas Magnus University", "\u00c5bo Akademi University"], "citation_overall": ["Xi\u2019an Jiaotong-Liverpool University", "The Graduate Center, CUNY", "KU Leuven", "Murdoch University", "Vytautas Magnus University", "Middlesex University", "University of West London", "Kyungpook National University", "AGH University of Science and Technology", "Royal Institute of Technology", "University of Bras\u00edlia", "Islamic Azad University, Tehran", "Shahid Beheshti University", "Isfahan University of Technology", "Texas Instruments (United States)", "University of Adelaide", "Electronics and Telecommunications Research Institute", "Indian Institute of Technology Bombay", "Jeonbuk National University", "King Fahd University of Petroleum and Minerals", "STMicroelectronics (Switzerland)", "National University of Ireland", "Synopsys (Switzerland)", "Federal University of S\u00e3o Carlos", "National Dong Hwa University", "Qazvin Islamic Azad University", "Samsung (South Korea)", "Sungkyunkwan University", "Universidade de S\u00e3o Paulo", "University of Turku", "VTT Technical Research Centre of Finland", "\u00c5bo Akademi University", "National Tsing Hua University", "Ajou University", "Hanyang University", "Tsinghua University"], "publication_10_years": ["Kyungpook National University", "AGH University of Science and Technology", "Ajou University", "Electronics and Telecommunications Research Institute", "Federal University of S\u00e3o Carlos", "Hanyang University", "Isfahan University of Technology", "Islamic Azad University, Tehran", "KU Leuven", "King Fahd University of Petroleum and Minerals", "Murdoch University", "National Dong Hwa University", "National Tsing Hua University", "National University of Ireland", "Qazvin Islamic Azad University", "Royal Institute of Technology", "Samsung (South Korea)", "Shahid Beheshti University", "Sungkyunkwan University", "Synopsys (Switzerland)", "Tsinghua University", "Universidade de S\u00e3o Paulo", "University of Adelaide", "University of Bras\u00edlia", "University of Turku", "VTT Technical Research Centre of Finland", "Xi\u2019an Jiaotong-Liverpool University", "\u00c5bo Akademi University"], "citation_10_years": ["Kyungpook National University", "AGH University of Science and Technology", "Royal Institute of Technology", "University of Bras\u00edlia", "Islamic Azad University, Tehran", "Shahid Beheshti University", "Isfahan University of Technology", "University of Adelaide", "King Fahd University of Petroleum and Minerals", "KU Leuven", "National University of Ireland", "Synopsys (Switzerland)", "Xi\u2019an Jiaotong-Liverpool University", "Federal University of S\u00e3o Carlos", "National Dong Hwa University", "Qazvin Islamic Azad University", "Samsung (South Korea)", "Sungkyunkwan University", "Universidade de S\u00e3o Paulo", "University of Turku", "VTT Technical Research Centre of Finland", "\u00c5bo Akademi University", "Electronics and Telecommunications Research Institute", "Murdoch University", "National Tsing Hua University", "Ajou University", "Hanyang University", "Tsinghua University"], "publication_5_years": [], "citation_5_years": []}, "countries": {"publication_overall": ["South Korea", "China", "Australia", "Belgium", "Iran", "Brazil", "Finland", "Switzerland", "Taiwan", "United States", "India", "Ireland", "Lithuania", "Poland", "Saudi Arabia", "Sweden", "United Kingdom"], "citation_overall": ["China", "United States", "Belgium", "Australia", "Lithuania", "South Korea", "United Kingdom", "Iran", "Brazil", "Poland", "Sweden", "Switzerland", "Finland", "India", "Saudi Arabia", "Ireland", "Taiwan"], "publication_10_years": ["South Korea", "Iran", "Australia", "Brazil", "China", "Finland", "Taiwan", "Belgium", "Ireland", "Poland", "Saudi Arabia", "Sweden", "Switzerland"], "citation_10_years": ["South Korea", "Iran", "Brazil", "Poland", "Sweden", "Australia", "Finland", "Saudi Arabia", "Belgium", "China", "Ireland", "Switzerland", "Taiwan"], "publication_5_years": [], "citation_5_years": []}, "topics": {"publication_overall": ["computer science", "computer systems", "computer hardware", "computer networks", "telecommunication systems", "embedded systems", "engineering", "telecommunication networks", "communication systems", "wireless telecommunication systems", "bandwidth", "telecommunication traffic", "sensors", "distributed computer systems", "distributed systems", "microprocessor chips", "parallel processing systems", "sensor nodes", "routers", "routing algorithms"], "citation_overall": ["computer science", "computer systems", "computer networks", "computer hardware", "telecommunication systems", "telecommunication networks", "telecommunication traffic", "bandwidth", "communication systems", "wireless telecommunication systems", "sensors", "data communication systems", "distributed computer systems", "distributed systems", "parallel processing systems", "embedded systems", "sensor nodes", "mobile computing", "mobile devices", "communication"], "publication_10_years": ["computer science", "computer systems", "computer hardware", "computer networks", "embedded systems", "engineering", "telecommunication systems", "communication systems", "microprocessor chips", "telecommunication networks", "wireless telecommunication systems", "sensors", "telecommunication traffic", "bandwidth", "distributed computer systems", "computer programming", "distributed systems", "parallel processing systems", "routers", "routing algorithms"], "citation_10_years": ["computer science", "computer systems", "computer networks", "embedded systems", "computer hardware", "telecommunication systems", "telecommunication networks", "telecommunication traffic", "microprocessor chips", "sensors", "communication systems", "wireless telecommunication systems", "field programmable gate arrays (fpga)", "bandwidth", "distributed computer systems", "distributed systems", "parallel processing systems", "routers", "routing algorithms", "internet protocols"], "publication_5_years": [], "citation_5_years": []}, "main_topics": ["computer science"], "authors": {"publication_overall": ["2190143158", "1969876091", "2101451902", "2127678914", "2160927155", "45233777", "113640653", "265728250", "610588353", "1085729584", "1223717142", "1528483123", "1580605470", "1760472112", "1966198003", "1970881917", "1981019757", "1998013649", "2007947022", "2021116200", "2028164670", "2029502941", "2044935238", "2065753559", "2078082041", "2080788763", "2087217439", "2095238341", "2097743381", "2097948703", "2102476014", "2108746510", "2109612866", "2109762637", "2111277602", "2116398688", "2118112899", "2122328063", "2128234694", "2130244948", "2131102731", "2133056542", "2134858310", "2137347489", "2137417052", "2139239218", "2142949083", "2143328724", "2144136587", "2147330606", "2157616594", "2157619633", "2158597953", "2159141945", "2174220177", "2184943207", "2222572851", "2223189531", "2224108613", "2226004441", "2226008194", "2227126906", "2227332810", "2227582612", "2227921423", "2228806249", "2229164013", "2232270201", "2235456433", "2243804735", "2283721398", "2304320463", "2305677031", "2306847220", "2309853941", "2319284010", "2321028364", "2334758660", "2342887333", "2343166497", "2345002719", "2404213001", "2423474460", "2474974188", "2546625390", "2581136723", "2590123339", "2620097616", "2629286440", "2629853372", "2633673936", "2644440156", "2650857134", "2661449477", "2664394306", "2665617615", "2666637119", "2671167411", "2710043049", "2712924206"], "citation_overall": ["2190143158", "2128234694", "2159141945", "2343166497", "1969876091", "2305677031", "2342887333", "2127678914", "113640653", "2097948703", "2160927155", "610588353", "1085729584", "1223717142", "2131102731", "265728250", "2158597953", "2283721398", "2664394306", "2666637119", "2726638040", "2546625390", "2620097616", "2629286440", "2650857134", "1760472112", "2078082041", "45233777", "1970881917", "2137347489", "2229164013", "2309853941", "1528483123", "2143328724", "1580605470", "2080788763", "2095238341", "2101451902", "2227332810", "2044935238", "2087217439", "2102476014", "2108746510", "2118112899", "2142949083", "2147330606", "2223189531", "1966198003", "2007947022", "2028164670", "2130244948", "2133056542", "2137417052", "2157616594", "2174220177", "2184943207", "2222572851", "2319284010", "2321028364", "2644440156", "2710043049", "2809615942", "1981019757", "1998013649", "2021116200", "2029502941", "2097743381", "2111277602", "2116398688", "2122328063", "2157619633", "2226004441", "2226008194", "2228806249", "2243804735", "2345002719", "2404213001", "2423474460", "2581136723", "2629853372", "2633673936", "2671167411", "2712924206", "2969734548", "2065753559", "2134858310", "2227582612", "2235456433", "2306847220", "2334758660", "2474974188", "2590123339", "2789486260", "2109612866", "2109762637", "2139239218", "2144136587", "2224108613", "2227126906", "2227921423"], "publication_10_years": ["2101451902", "2160927155", "45233777", "610588353", "1085729584", "1223717142", "1528483123", "1580605470", "1966198003", "1970881917", "1981019757", "1998013649", "2007947022", "2021116200", "2028164670", "2029502941", "2065753559", "2097743381", "2102476014", "2109612866", "2109762637", "2111277602", "2116398688", "2122328063", "2127678914", "2131102731", "2134858310", "2137347489", "2139239218", "2143328724", "2144136587", "2147330606", "2157619633", "2174220177", "2184943207", "2190143158", "2222572851", "2224108613", "2226004441", "2226008194", "2227332810", "2227582612", "2227921423", "2228806249", "2229164013", "2232270201", "2235456433", "2243804735", "2304320463", "2306847220", "2309853941", "2319284010", "2321028364", "2334758660", "2345002719", "2404213001", "2423474460", "2474974188", "2546625390", "2581136723", "2590123339", "2620097616", "2629286440", "2629853372", "2633673936", "2644440156", "2650857134", "2661449477", "2664394306", "2666637119", "2671167411", "2710043049", "2712924206", "2726638040", "2756426807", "2789486260", "2809615942", "2969734548"], "citation_10_years": ["2160927155", "610588353", "1085729584", "1223717142", "2131102731", "2664394306", "2666637119", "2726638040", "2546625390", "2620097616", "2629286440", "2650857134", "45233777", "1970881917", "2137347489", "2229164013", "2309853941", "1528483123", "2143328724", "1580605470", "2101451902", "2227332810", "2102476014", "2147330606", "1966198003", "2007947022", "2028164670", "2127678914", "2174220177", "2184943207", "2190143158", "2222572851", "2319284010", "2321028364", "2644440156", "2710043049", "2809615942", "1981019757", "1998013649", "2021116200", "2029502941", "2097743381", "2111277602", "2116398688", "2122328063", "2157619633", "2226004441", "2226008194", "2228806249", "2243804735", "2345002719", "2404213001", "2423474460", "2581136723", "2629853372", "2633673936", "2671167411", "2712924206", "2969734548", "2065753559", "2134858310", "2227582612", "2235456433", "2306847220", "2334758660", "2474974188", "2590123339", "2789486260", "2109612866", "2109762637", "2139239218", "2144136587", "2224108613", "2227921423", "2232270201", "2304320463", "2661449477", "2756426807"], "publication_5_years": [], "citation_5_years": []}, "industrial_sectors": {"publication_overall": ["semiconductor", "technology", "computing_and_it", "management"], "citation_overall": ["semiconductor", "technology", "computing_and_it", "management"], "publication_10_years": ["computing_and_it", "management", "semiconductor", "technology"], "citation_10_years": ["computing_and_it", "semiconductor", "technology", "management"], "publication_5_years": [], "citation_5_years": []}}