{"name": "Engineering in Medicine and Biology Society Conference", "acronym": "EMBS", "type": "conference", "uniqueEntities": {"organizations": {"Indian Institute of Science Bangalore": {"name": "Indian Institute of Science Bangalore", "type": "organization", "organization_type": "Education", "h_index": 93, "h5_index": 30, "num_publications": 3, "num_citations": 4, "num_publications_5y": 0, "num_citations_5y": 0, "num_publications_10y": 0, "num_citations_10y": 3, "publications_years": {"1995": 3}, "citations_years": {"2012": 3, "1995": 1, "1996": 0, "1997": 0, "1998": 0, "1999": 0, "2000": 0, "2001": 0, "2002": 0, "2003": 0, "2004": 0, "2005": 0, "2006": 0, "2007": 0, "2008": 0, "2009": 0, "2010": 0, "2011": 0}, "old_citations": {"1995": 7}, "isVisible": false}, "Indian Institute of Technology Kharagpur": {"name": "Indian Institute of Technology Kharagpur", "type": "organization", "organization_type": "Education", "h_index": 72, "h5_index": 31, "num_publications": 2, "num_citations": 0, "num_publications_5y": 0, "num_citations_5y": 0, "num_publications_10y": 0, "num_citations_10y": 0, "publications_years": {"1995": 2}, "citations_years": {}, "old_citations": {"1995": 0}, "isVisible": false}, "Sharif University of Technology": {"name": "Sharif University of Technology", "type": "organization", "organization_type": "Education", "h_index": 73, "h5_index": 31, "num_publications": 2, "num_citations": 4, "num_publications_5y": 0, "num_citations_5y": 1, "num_publications_10y": 0, "num_citations_10y": 2, "publications_years": {"1995": 2}, "citations_years": {"2005": 1, "2006": 0, "2007": 1, "2008": 0, "2009": 0, "2010": 0, "2011": 0, "2012": 0, "2013": 1, "2014": 1}, "old_citations": {"1995": 4}, "isVisible": false}, "Indian Institute of Technology Kanpur": {"name": "Indian Institute of Technology Kanpur", "type": "organization", "organization_type": "Education", "h_index": 70, "h5_index": 26, "num_publications": 1, "num_citations": 0, "num_publications_5y": 0, "num_citations_5y": 0, "num_publications_10y": 0, "num_citations_10y": 0, "publications_years": {"1995": 1}, "citations_years": {}, "old_citations": {"1995": 0}, "isVisible": false}, "Jadavpur University": {"name": "Jadavpur University", "type": "organization", "organization_type": "Education", "h_index": 60, "h5_index": 21, "num_publications": 1, "num_citations": 4, "num_publications_5y": 0, "num_citations_5y": 1, "num_publications_10y": 0, "num_citations_10y": 2, "publications_years": {"1995": 1}, "citations_years": {"2005": 1, "2006": 0, "2007": 0, "2008": 1, "2009": 0, "2010": 1, "2011": 0, "2012": 0, "2013": 0, "2014": 0, "2015": 1}, "old_citations": {"1995": 4}, "isVisible": false}, "Jiwaji University": {"name": "Jiwaji University", "type": "organization", "organization_type": "Education", "h_index": 6, "h5_index": 2, "num_publications": 1, "num_citations": 1, "num_publications_5y": 0, "num_citations_5y": 0, "num_publications_10y": 0, "num_citations_10y": 0, "publications_years": {"1995": 1}, "citations_years": {"2008": 1}, "old_citations": {"1995": 1}, "isVisible": false}, "Kahramanmara\u015f S\u00fct\u00e7\u00fc \u0130mam University": {"name": "Kahramanmara\u015f S\u00fct\u00e7\u00fc \u0130mam University", "type": "organization", "organization_type": "Education", "h_index": 21, "h5_index": 5, "num_publications": 1, "num_citations": 11, "num_publications_5y": 0, "num_citations_5y": 1, "num_publications_10y": 0, "num_citations_10y": 4, "publications_years": {"1995": 1}, "citations_years": {"2002": 2, "2003": 1, "2004": 1, "2005": 0, "2006": 1, "2007": 1, "2008": 1, "2009": 3, "2010": 0, "2011": 0, "2012": 0, "2013": 0, "2014": 0, "2015": 0, "2016": 0, "2017": 1}, "old_citations": {"1995": 11}, "isVisible": false}, "Lehigh University": {"name": "Lehigh University", "type": "organization", "organization_type": "Education", "h_index": 89, "h5_index": 24, "num_publications": 1, "num_citations": 0, "num_publications_5y": 0, "num_citations_5y": 0, "num_publications_10y": 0, "num_citations_10y": 0, "publications_years": {"1995": 1}, "citations_years": {}, "old_citations": {"1995": 0}, "isVisible": false}, "Mangalore University": {"name": "Mangalore University", "type": "organization", "organization_type": "Education", "h_index": 16, "h5_index": 4, "num_publications": 1, "num_citations": 0, "num_publications_5y": 0, "num_citations_5y": 0, "num_publications_10y": 0, "num_citations_10y": 0, "publications_years": {"1995": 1}, "citations_years": {}, "old_citations": {"1995": 0}, "isVisible": false}, "National Institute of Mental Health and Neurosciences": {"name": "National Institute of Mental Health and Neurosciences", "type": "organization", "organization_type": "Healthcare", "h_index": 9, "h5_index": 3, "num_publications": 1, "num_citations": 1, "num_publications_5y": 0, "num_citations_5y": 0, "num_publications_10y": 0, "num_citations_10y": 1, "publications_years": {"1995": 1}, "citations_years": {"2011": 1}, "old_citations": {"1995": 1}, "isVisible": false}, "Osmania University": {"name": "Osmania University", "type": "organization", "organization_type": "Education", "h_index": 21, "h5_index": 13, "num_publications": 1, "num_citations": 0, "num_publications_5y": 0, "num_citations_5y": 0, "num_publications_10y": 0, "num_citations_10y": 0, "publications_years": {"1995": 1}, "citations_years": {}, "old_citations": {"1995": 0}, "isVisible": false}, "Rutgers, The State University of New Jersey": {"name": "Rutgers, The State University of New Jersey", "type": "organization", "organization_type": "Education", "h_index": 218, "h5_index": 52, "num_publications": 1, "num_citations": 3, "num_publications_5y": 0, "num_citations_5y": 2, "num_publications_10y": 0, "num_citations_10y": 3, "publications_years": {"1995": 1}, "citations_years": {"2011": 1, "2012": 0, "2013": 0, "2014": 0, "2015": 1, "2016": 0, "2017": 1}, "old_citations": {"1995": 3}, "isVisible": false}, "Safdarjang Hospital": {"name": "Safdarjang Hospital", "type": "organization", "organization_type": "Healthcare", "h_index": 4, "h5_index": 3, "num_publications": 1, "num_citations": 2, "num_publications_5y": 0, "num_citations_5y": 1, "num_publications_10y": 0, "num_citations_10y": 2, "publications_years": {"1995": 1}, "citations_years": {"2010": 1, "2011": 0, "2012": 0, "2013": 0, "2014": 0, "2015": 0, "2016": 0, "2017": 0, "2018": 1}, "old_citations": {"1995": 2}, "isVisible": false}, "Sri Venkateswara University": {"name": "Sri Venkateswara University", "type": "organization", "organization_type": "Education", "h_index": 8, "h5_index": 5, "num_publications": 1, "num_citations": 0, "num_publications_5y": 0, "num_citations_5y": 0, "num_publications_10y": 0, "num_citations_10y": 0, "publications_years": {"1995": 1}, "citations_years": {}, "old_citations": {"1995": 0}, "isVisible": false}, "TU Wien": {"name": "TU Wien", "type": "organization", "organization_type": "Education", "h_index": 131, "h5_index": 38, "num_publications": 1, "num_citations": 2, "num_publications_5y": 0, "num_citations_5y": 0, "num_publications_10y": 0, "num_citations_10y": 0, "publications_years": {"1995": 1}, "citations_years": {"2002": 1, "2003": 0, "2004": 0, "2005": 1}, "old_citations": {"1995": 2}, "isVisible": false}, "University of Adelaide": {"name": "University of Adelaide", "type": "organization", "organization_type": "Education", "h_index": 106, "h5_index": 61, "num_publications": 1, "num_citations": 2, "num_publications_5y": 0, "num_citations_5y": 1, "num_publications_10y": 0, "num_citations_10y": 2, "publications_years": {"1995": 1}, "citations_years": {"2013": 1, "2014": 0, "2015": 1}, "old_citations": {"1995": 2}, "isVisible": false}, "University of Calcutta": {"name": "University of Calcutta", "type": "organization", "organization_type": "Education", "h_index": 31, "h5_index": 13, "num_publications": 1, "num_citations": 0, "num_publications_5y": 0, "num_citations_5y": 0, "num_publications_10y": 0, "num_citations_10y": 0, "publications_years": {"1995": 1}, "citations_years": {}, "old_citations": {"1995": 0}, "isVisible": false}, "University of Hyderabad": {"name": "University of Hyderabad", "type": "organization", "organization_type": "Education", "h_index": 30, "h5_index": 13, "num_publications": 1, "num_citations": 4, "num_publications_5y": 0, "num_citations_5y": 2, "num_publications_10y": 0, "num_citations_10y": 3, "publications_years": {"1995": 1}, "citations_years": {"2005": 1, "2006": 0, "2007": 0, "2008": 0, "2009": 1, "2010": 0, "2011": 0, "2012": 0, "2013": 0, "2014": 0, "2015": 2}, "old_citations": {"1995": 4}, "isVisible": false}, "University of Tehran": {"name": "University of Tehran", "type": "organization", "organization_type": "Education", "h_index": 71, "h5_index": 29, "num_publications": 1, "num_citations": 0, "num_publications_5y": 0, "num_citations_5y": 0, "num_publications_10y": 0, "num_citations_10y": 0, "publications_years": {"1995": 1}, "citations_years": {}, "old_citations": {"1995": 0}, "isVisible": false}, "Xi'an Jiaotong University": {"name": "Xi'an Jiaotong University", "type": "organization", "organization_type": "Education", "h_index": 108, "h5_index": 57, "num_publications": 1, "num_citations": 3, "num_publications_5y": 0, "num_citations_5y": 0, "num_publications_10y": 0, "num_citations_10y": 1, "publications_years": {"1995": 1}, "citations_years": {"2004": 1, "2005": 0, "2006": 0, "2007": 1, "2008": 0, "2009": 0, "2010": 1}, "old_citations": {"1995": 3}, "isVisible": false}}, "topics": {"computer science": {"name": "computer science", "type": "topic", "h_index": 1779, "h5_index": 416, "num_publications": 44, "num_citations": 61, "num_publications_5y": 0, "num_citations_5y": 14, "num_publications_10y": 0, "num_citations_10y": 34, "publications_years": {"1995": 44}, "citations_years": {"2002": 3, "2003": 2, "2004": 3, "2005": 8, "2006": 2, "2007": 5, "2008": 3, "2009": 8, "2010": 3, "2011": 2, "2012": 3, "2013": 4, "1995": 1, "1996": 0, "1997": 0, "1998": 0, "1999": 0, "2000": 0, "2001": 0, "2014": 1, "2015": 7, "2016": 0, "2017": 3, "2018": 3}, "old_citations": {"1995": 64}, "isVisible": false}, "engineering": {"name": "engineering", "type": "topic", "h_index": 1177, "h5_index": 287, "num_publications": 29, "num_citations": 43, "num_publications_5y": 0, "num_citations_5y": 8, "num_publications_10y": 0, "num_citations_10y": 22, "publications_years": {"1995": 29}, "citations_years": {"2002": 3, "2003": 1, "2004": 4, "2005": 4, "1995": 1, "1996": 0, "1997": 0, "1998": 0, "1999": 0, "2000": 0, "2001": 0, "2006": 2, "2007": 4, "2008": 2, "2009": 9, "2010": 1, "2011": 2, "2012": 1, "2013": 1, "2014": 0, "2015": 4, "2016": 0, "2017": 3, "2018": 1}, "old_citations": {"1995": 46}, "isVisible": false}, "computer imaging and vision": {"name": "computer imaging and vision", "type": "topic", "h_index": 1142, "h5_index": 334, "num_publications": 26, "num_citations": 43, "num_publications_5y": 0, "num_citations_5y": 8, "num_publications_10y": 0, "num_citations_10y": 24, "publications_years": {"1995": 26}, "citations_years": {"2005": 4, "2006": 2, "2007": 4, "2008": 2, "2009": 7, "2010": 2, "2011": 0, "2012": 3, "2013": 4, "1995": 1, "1996": 0, "1997": 0, "1998": 0, "1999": 0, "2000": 0, "2001": 0, "2002": 2, "2003": 1, "2004": 3, "2014": 1, "2015": 4, "2016": 0, "2017": 2, "2018": 1}, "old_citations": {"1995": 46}, "isVisible": false}, "computer systems": {"name": "computer systems", "type": "topic", "h_index": 1595, "h5_index": 367, "num_publications": 25, "num_citations": 28, "num_publications_5y": 0, "num_citations_5y": 10, "num_publications_10y": 0, "num_citations_10y": 18, "publications_years": {"1995": 25}, "citations_years": {"2008": 2, "2005": 4, "2006": 1, "2007": 2, "2013": 1, "2009": 2, "2010": 3, "2011": 2, "2012": 0, "2014": 1, "2015": 6, "2016": 0, "2017": 1, "2018": 2, "2004": 1}, "old_citations": {"1995": 31}, "isVisible": false}, "image processing": {"name": "image processing", "type": "topic", "h_index": 1113, "h5_index": 328, "num_publications": 25, "num_citations": 40, "num_publications_5y": 0, "num_citations_5y": 8, "num_publications_10y": 0, "num_citations_10y": 23, "publications_years": {"1995": 25}, "citations_years": {"2012": 3, "1995": 1, "1996": 0, "1997": 0, "1998": 0, "1999": 0, "2000": 0, "2001": 0, "2002": 2, "2003": 1, "2004": 3, "2005": 3, "2006": 2, "2007": 3, "2008": 2, "2009": 7, "2010": 2, "2011": 0, "2013": 3, "2014": 1, "2015": 4, "2016": 0, "2017": 2, "2018": 1}, "old_citations": {"1995": 43}, "isVisible": false}, "signal processing": {"name": "signal processing", "type": "topic", "h_index": 1012, "h5_index": 255, "num_publications": 24, "num_citations": 38, "num_publications_5y": 0, "num_citations_5y": 6, "num_publications_10y": 0, "num_citations_10y": 19, "publications_years": {"1995": 24}, "citations_years": {"2002": 3, "2003": 1, "2004": 4, "2005": 3, "1995": 1, "1996": 0, "1997": 0, "1998": 0, "1999": 0, "2000": 0, "2001": 0, "2006": 2, "2007": 4, "2008": 1, "2009": 8, "2010": 1, "2011": 2, "2012": 1, "2013": 1, "2014": 0, "2015": 2, "2016": 0, "2017": 3, "2018": 1}, "old_citations": {"1995": 41}, "isVisible": false}, "mathematics": {"name": "mathematics", "type": "topic", "h_index": 1364, "h5_index": 300, "num_publications": 23, "num_citations": 41, "num_publications_5y": 0, "num_citations_5y": 8, "num_publications_10y": 0, "num_citations_10y": 24, "publications_years": {"1995": 23}, "citations_years": {"2012": 3, "1995": 1, "1996": 0, "1997": 0, "1998": 0, "1999": 0, "2000": 0, "2001": 0, "2002": 2, "2003": 1, "2004": 4, "2005": 3, "2006": 2, "2007": 3, "2008": 1, "2009": 9, "2010": 1, "2011": 2, "2013": 1, "2014": 0, "2015": 4, "2016": 0, "2017": 3, "2018": 1}, "old_citations": {"1995": 44}, "isVisible": false}, "artificial intelligence": {"name": "artificial intelligence", "type": "topic", "h_index": 1421, "h5_index": 373, "num_publications": 22, "num_citations": 33, "num_publications_5y": 0, "num_citations_5y": 10, "num_publications_10y": 0, "num_citations_10y": 19, "publications_years": {"1995": 22}, "citations_years": {"2002": 1, "2003": 1, "2004": 0, "2005": 8, "2006": 1, "2007": 2, "2008": 1, "2009": 2, "2010": 2, "2011": 1, "2012": 0, "2013": 4, "2014": 0, "2015": 6, "2016": 0, "2017": 2, "2018": 2}, "old_citations": {"1995": 33}, "isVisible": false}, "computer hardware": {"name": "computer hardware", "type": "topic", "h_index": 1150, "h5_index": 279, "num_publications": 20, "num_citations": 25, "num_publications_5y": 0, "num_citations_5y": 7, "num_publications_10y": 0, "num_citations_10y": 13, "publications_years": {"1995": 20}, "citations_years": {"2008": 2, "2005": 5, "2006": 1, "2007": 2, "2004": 1, "2009": 3, "2013": 1, "2010": 1, "2011": 1, "2012": 0, "2014": 1, "2015": 3, "2016": 0, "2017": 1, "2018": 2, "2003": 1}, "old_citations": {"1995": 25}, "isVisible": false}, "image analysis": {"name": "image analysis", "type": "topic", "h_index": 988, "h5_index": 315, "num_publications": 16, "num_citations": 14, "num_publications_5y": 0, "num_citations_5y": 5, "num_publications_10y": 0, "num_citations_10y": 12, "publications_years": {"1995": 16}, "citations_years": {"2012": 2, "2004": 1, "2005": 1, "2006": 0, "2007": 0, "2008": 0, "2009": 3, "2013": 1, "2010": 1, "2011": 0, "2014": 1, "2015": 3, "2016": 0, "2017": 0, "2018": 1}, "old_citations": {"1995": 17}, "isVisible": false}, "computer networks": {"name": "computer networks", "type": "topic", "h_index": 1262, "h5_index": 332, "num_publications": 15, "num_citations": 22, "num_publications_5y": 0, "num_citations_5y": 7, "num_publications_10y": 0, "num_citations_10y": 13, "publications_years": {"1995": 15}, "citations_years": {"2005": 4, "2006": 1, "2007": 2, "2009": 2, "2010": 2, "2011": 2, "2012": 0, "2013": 0, "2014": 0, "2015": 5, "2016": 0, "2017": 1, "2018": 1, "2004": 1, "2008": 1}, "old_citations": {"1995": 25}, "isVisible": false}, "machine learning": {"name": "machine learning", "type": "topic", "h_index": 1123, "h5_index": 351, "num_publications": 15, "num_citations": 20, "num_publications_5y": 0, "num_citations_5y": 4, "num_publications_10y": 0, "num_citations_10y": 8, "publications_years": {"1995": 15}, "citations_years": {"2002": 1, "2003": 1, "2004": 0, "2005": 7, "2006": 1, "2007": 2, "2008": 0, "2009": 1, "2010": 0, "2011": 0, "2012": 0, "2013": 3, "2014": 0, "2015": 3, "2016": 0, "2017": 0, "2018": 1}, "old_citations": {"1995": 20}, "isVisible": false}, "telecommunication systems": {"name": "telecommunication systems", "type": "topic", "h_index": 1187, "h5_index": 277, "num_publications": 15, "num_citations": 23, "num_publications_5y": 0, "num_citations_5y": 7, "num_publications_10y": 0, "num_citations_10y": 13, "publications_years": {"1995": 15}, "citations_years": {"2008": 2, "2005": 4, "2006": 1, "2007": 2, "2009": 2, "2010": 2, "2011": 2, "2012": 0, "2013": 0, "2014": 0, "2015": 5, "2016": 0, "2017": 1, "2018": 1, "2004": 1}, "old_citations": {"1995": 26}, "isVisible": false}, "communication systems": {"name": "communication systems", "type": "topic", "h_index": 1092, "h5_index": 254, "num_publications": 13, "num_citations": 22, "num_publications_5y": 0, "num_citations_5y": 7, "num_publications_10y": 0, "num_citations_10y": 13, "publications_years": {"1995": 13}, "citations_years": {"2005": 4, "2006": 1, "2007": 2, "2009": 2, "2010": 2, "2011": 2, "2012": 0, "2013": 0, "2014": 0, "2015": 5, "2016": 0, "2017": 1, "2018": 1, "2004": 1, "2008": 1}, "old_citations": {"1995": 25}, "isVisible": false}, "wireless telecommunication systems": {"name": "wireless telecommunication systems", "type": "topic", "h_index": 1087, "h5_index": 254, "num_publications": 13, "num_citations": 22, "num_publications_5y": 0, "num_citations_5y": 7, "num_publications_10y": 0, "num_citations_10y": 13, "publications_years": {"1995": 13}, "citations_years": {"2005": 4, "2006": 1, "2007": 2, "2009": 2, "2010": 2, "2011": 2, "2012": 0, "2013": 0, "2014": 0, "2015": 5, "2016": 0, "2017": 1, "2018": 1, "2004": 1, "2008": 1}, "old_citations": {"1995": 25}, "isVisible": false}, "sensors": {"name": "sensors", "type": "topic", "h_index": 960, "h5_index": 229, "num_publications": 11, "num_citations": 17, "num_publications_5y": 0, "num_citations_5y": 6, "num_publications_10y": 0, "num_citations_10y": 10, "publications_years": {"1995": 11}, "citations_years": {"2008": 2, "2013": 1, "2009": 1, "2010": 1, "2011": 1, "2012": 0, "2014": 0, "2015": 3, "2016": 0, "2017": 1, "2018": 2, "2003": 1, "2004": 0, "2005": 3, "2006": 0, "2007": 1}, "old_citations": {"1995": 17}, "isVisible": false}, "signal to noise ratio": {"name": "signal to noise ratio", "type": "topic", "h_index": 821, "h5_index": 194, "num_publications": 10, "num_citations": 16, "num_publications_5y": 0, "num_citations_5y": 2, "num_publications_10y": 0, "num_citations_10y": 8, "publications_years": {"1995": 10}, "citations_years": {"1995": 1, "1996": 0, "1997": 0, "1998": 0, "1999": 0, "2000": 0, "2001": 0, "2002": 0, "2003": 0, "2004": 2, "2005": 2, "2006": 1, "2007": 2, "2008": 0, "2009": 2, "2010": 1, "2011": 2, "2012": 1, "2013": 0, "2014": 0, "2015": 1, "2016": 0, "2017": 1}, "old_citations": {"1995": 19}, "isVisible": false}, "communication channels (information theory)": {"name": "communication channels (information theory)", "type": "topic", "h_index": 925, "h5_index": 216, "num_publications": 9, "num_citations": 11, "num_publications_5y": 0, "num_citations_5y": 2, "num_publications_10y": 0, "num_citations_10y": 5, "publications_years": {"1995": 9}, "citations_years": {"2005": 2, "2006": 1, "2007": 2, "2011": 2, "2004": 1, "2008": 0, "2009": 0, "2010": 1, "2012": 0, "2013": 0, "2014": 0, "2015": 1, "2016": 0, "2017": 1}, "old_citations": {"1995": 14}, "isVisible": false}, "correlation analysis": {"name": "correlation analysis", "type": "topic", "h_index": 1044, "h5_index": 224, "num_publications": 9, "num_citations": 21, "num_publications_5y": 0, "num_citations_5y": 2, "num_publications_10y": 0, "num_citations_10y": 8, "publications_years": {"1995": 9}, "citations_years": {"2005": 2, "2006": 2, "2007": 3, "2002": 2, "2003": 1, "2004": 2, "2008": 1, "2009": 4, "2010": 1, "2011": 0, "2012": 0, "2013": 1, "2014": 0, "2015": 0, "2016": 0, "2017": 2}, "old_citations": {"1995": 24}, "isVisible": false}, "fourier transforms": {"name": "fourier transforms", "type": "topic", "h_index": 248, "h5_index": 57, "num_publications": 9, "num_citations": 24, "num_publications_5y": 0, "num_citations_5y": 4, "num_publications_10y": 0, "num_citations_10y": 12, "publications_years": {"1995": 9}, "citations_years": {"2002": 3, "2003": 1, "2004": 3, "2005": 1, "2009": 6, "2010": 1, "2011": 0, "2012": 0, "2013": 1, "2014": 0, "2015": 1, "2016": 0, "2017": 2, "2018": 1, "2006": 1, "2007": 2, "2008": 1}, "old_citations": {"1995": 24}, "isVisible": false}, "wavelet transforms": {"name": "wavelet transforms", "type": "topic", "h_index": 381, "h5_index": 92, "num_publications": 7, "num_citations": 28, "num_publications_5y": 0, "num_citations_5y": 2, "num_publications_10y": 0, "num_citations_10y": 13, "publications_years": {"1995": 7}, "citations_years": {"2012": 3, "1995": 1, "1996": 0, "1997": 0, "1998": 0, "1999": 0, "2000": 0, "2001": 0, "2002": 2, "2003": 1, "2004": 3, "2005": 2, "2006": 2, "2007": 3, "2008": 1, "2009": 6, "2010": 1, "2011": 0, "2013": 1, "2014": 0, "2015": 0, "2016": 0, "2017": 2}, "old_citations": {"1995": 28}, "isVisible": false}, "matrix algebra": {"name": "matrix algebra", "type": "topic", "h_index": 771, "h5_index": 183, "num_publications": 4, "num_citations": 21, "num_publications_5y": 0, "num_citations_5y": 2, "num_publications_10y": 0, "num_citations_10y": 8, "publications_years": {"1995": 4}, "citations_years": {"2005": 2, "2006": 2, "2007": 3, "2002": 2, "2003": 1, "2004": 2, "2008": 1, "2009": 4, "2010": 1, "2011": 0, "2012": 0, "2013": 1, "2014": 0, "2015": 0, "2016": 0, "2017": 2}, "old_citations": {"1995": 21}, "isVisible": false}, "signal analysis": {"name": "signal analysis", "type": "topic", "h_index": 266, "h5_index": 57, "num_publications": 5, "num_citations": 21, "num_publications_5y": 0, "num_citations_5y": 2, "num_publications_10y": 0, "num_citations_10y": 8, "publications_years": {"1995": 5}, "citations_years": {"2005": 2, "2006": 2, "2007": 3, "2002": 2, "2003": 1, "2004": 2, "2008": 1, "2009": 4, "2010": 1, "2011": 0, "2012": 0, "2013": 1, "2014": 0, "2015": 0, "2016": 0, "2017": 2}, "old_citations": {"1995": 21}, "isVisible": false}}, "authors": {"2021767530": {"name": "d narayana dutt", "type": "author", "activity": 23, "h_index": 9, "h5_index": 0, "mag_id": "2021767530", "num_publications": 2, "num_citations": 1, "num_publications_5y": 0, "num_citations_5y": 0, "num_publications_10y": 0, "num_citations_10y": 1, "publications_years": {"1995": 2}, "citations_years": {"2011": 1}, "old_citations": {"1995": 4}, "isVisible": false}, "2095933897": {"name": "a g ramakrishnan", "type": "author", "activity": 28, "h_index": 22, "h5_index": 4, "mag_id": "2095933897", "num_publications": 2, "num_citations": 4, "num_publications_5y": 0, "num_citations_5y": 0, "num_publications_10y": 0, "num_citations_10y": 3, "publications_years": {"1995": 2}, "citations_years": {"2012": 3, "1995": 1, "1996": 0, "1997": 0, "1998": 0, "1999": 0, "2000": 0, "2001": 0, "2002": 0, "2003": 0, "2004": 0, "2005": 0, "2006": 0, "2007": 0, "2008": 0, "2009": 0, "2010": 0, "2011": 0}, "old_citations": {"1995": 4}, "isVisible": false}, "2119334929": {"name": "sneh anand", "type": "author", "activity": 27, "h_index": 9, "h5_index": 3, "mag_id": "2119334929", "num_publications": 2, "num_citations": 3, "num_publications_5y": 0, "num_citations_5y": 2, "num_publications_10y": 0, "num_citations_10y": 3, "publications_years": {"1995": 2}, "citations_years": {"2009": 1, "2010": 0, "2011": 0, "2012": 0, "2013": 0, "2014": 0, "2015": 1, "2016": 0, "2017": 0, "2018": 1}, "old_citations": {"1995": 3}, "isVisible": false}, "2423518556": {"name": "r v s sastry", "type": "author", "activity": 1, "h_index": 2, "h5_index": 0, "mag_id": "2423518556", "num_publications": 2, "num_citations": 4, "num_publications_5y": 0, "num_citations_5y": 0, "num_publications_10y": 0, "num_citations_10y": 3, "publications_years": {"1995": 2}, "citations_years": {"2012": 3, "1995": 1, "1996": 0, "1997": 0, "1998": 0, "1999": 0, "2000": 0, "2001": 0, "2002": 0, "2003": 0, "2004": 0, "2005": 0, "2006": 0, "2007": 0, "2008": 0, "2009": 0, "2010": 0, "2011": 0}, "old_citations": {"1995": 4}, "isVisible": false}, "2778188842": {"name": "e zahedi", "type": "author", "activity": 1, "h_index": 1, "h5_index": 0, "mag_id": "2778188842", "num_publications": 2, "num_citations": 4, "num_publications_5y": 0, "num_citations_5y": 1, "num_publications_10y": 0, "num_citations_10y": 2, "publications_years": {"1995": 2}, "citations_years": {"2005": 1, "2006": 0, "2007": 1, "2008": 0, "2009": 0, "2010": 0, "2011": 0, "2012": 0, "2013": 1, "2014": 1}, "old_citations": {"1995": 4}, "isVisible": false}, "399389901": {"name": "t mroczka", "type": "author", "activity": 2, "h_index": 2, "h5_index": 0, "mag_id": "399389901", "num_publications": 1, "num_citations": 2, "num_publications_5y": 0, "num_citations_5y": 0, "num_publications_10y": 0, "num_citations_10y": 1, "publications_years": {"1995": 1}, "citations_years": {"2004": 1, "2005": 0, "2006": 0, "2007": 0, "2008": 0, "2009": 1}, "old_citations": {"1995": 2}, "isVisible": false}, "2040753558": {"name": "n muthuswamy", "type": "author", "activity": 1, "h_index": 0, "h5_index": 0, "mag_id": "2040753558", "num_publications": 1, "num_citations": 0, "num_publications_5y": 0, "num_citations_5y": 0, "num_publications_10y": 0, "num_citations_10y": 0, "publications_years": {"1995": 1}, "citations_years": {}, "old_citations": {"1995": 0}, "isVisible": false}, "2111651559": {"name": "h nezhadi", "type": "author", "activity": 1, "h_index": 1, "h5_index": 0, "mag_id": "2111651559", "num_publications": 1, "num_citations": 1, "num_publications_5y": 0, "num_citations_5y": 1, "num_publications_10y": 0, "num_citations_10y": 1, "publications_years": {"1995": 1}, "citations_years": {"2014": 1}, "old_citations": {"1995": 1}, "isVisible": false}, "2113118642": {"name": "r v s satyanarayana", "type": "author", "activity": 1, "h_index": 0, "h5_index": 0, "mag_id": "2113118642", "num_publications": 1, "num_citations": 0, "num_publications_5y": 0, "num_citations_5y": 0, "num_publications_10y": 0, "num_citations_10y": 0, "publications_years": {"1995": 1}, "citations_years": {}, "old_citations": {"1995": 0}, "isVisible": false}, "2138632290": {"name": "c srinivas manohar", "type": "author", "activity": 1, "h_index": 1, "h5_index": 0, "mag_id": "2138632290", "num_publications": 1, "num_citations": 4, "num_publications_5y": 0, "num_citations_5y": 2, "num_publications_10y": 0, "num_citations_10y": 3, "publications_years": {"1995": 1}, "citations_years": {"2005": 1, "2006": 0, "2007": 0, "2008": 0, "2009": 1, "2010": 0, "2011": 0, "2012": 0, "2013": 0, "2014": 0, "2015": 2}, "old_citations": {"1995": 4}, "isVisible": false}, "2147424784": {"name": "alejandro pazos", "type": "author", "activity": 30, "h_index": 15, "h5_index": 5, "mag_id": "2147424784", "num_publications": 1, "num_citations": 1, "num_publications_5y": 0, "num_citations_5y": 0, "num_publications_10y": 0, "num_citations_10y": 1, "publications_years": {"1995": 1}, "citations_years": {"2013": 1}, "old_citations": {"1995": 1}, "isVisible": false}, "2161779688": {"name": "rick s blum", "type": "author", "activity": 31, "h_index": 40, "h5_index": 7, "mag_id": "2161779688", "num_publications": 1, "num_citations": 0, "num_publications_5y": 0, "num_citations_5y": 0, "num_publications_10y": 0, "num_citations_10y": 0, "publications_years": {"1995": 1}, "citations_years": {}, "old_citations": {"1995": 0}, "isVisible": false}, "2169593236": {"name": "h m chawla", "type": "author", "activity": 1, "h_index": 0, "h5_index": 0, "mag_id": "2169593236", "num_publications": 1, "num_citations": 0, "num_publications_5y": 0, "num_citations_5y": 0, "num_publications_10y": 0, "num_citations_10y": 0, "publications_years": {"1995": 1}, "citations_years": {}, "old_citations": {"1995": 0}, "isVisible": false}, "2173617469": {"name": "d harishankar", "type": "author", "activity": 1, "h_index": 0, "h5_index": 0, "mag_id": "2173617469", "num_publications": 1, "num_citations": 0, "num_publications_5y": 0, "num_citations_5y": 0, "num_publications_10y": 0, "num_citations_10y": 0, "publications_years": {"1995": 1}, "citations_years": {}, "old_citations": {"1995": 0}, "isVisible": false}, "2174180659": {"name": "h farahani", "type": "author", "activity": 1, "h_index": 1, "h5_index": 0, "mag_id": "2174180659", "num_publications": 1, "num_citations": 3, "num_publications_5y": 0, "num_citations_5y": 0, "num_publications_10y": 0, "num_citations_10y": 1, "publications_years": {"1995": 1}, "citations_years": {"2005": 1, "2006": 0, "2007": 1, "2008": 0, "2009": 0, "2010": 0, "2011": 0, "2012": 0, "2013": 1}, "old_citations": {"1995": 3}, "isVisible": false}, "2185164940": {"name": "wang jue", "type": "author", "activity": 24, "h_index": 3, "h5_index": 1, "mag_id": "2185164940", "num_publications": 1, "num_citations": 3, "num_publications_5y": 0, "num_citations_5y": 0, "num_publications_10y": 0, "num_citations_10y": 1, "publications_years": {"1995": 1}, "citations_years": {"2004": 1, "2005": 0, "2006": 0, "2007": 1, "2008": 0, "2009": 0, "2010": 1}, "old_citations": {"1995": 3}, "isVisible": false}, "2216974264": {"name": "p k das", "type": "author", "activity": 13, "h_index": 4, "h5_index": 0, "mag_id": "2216974264", "num_publications": 1, "num_citations": 4, "num_publications_5y": 0, "num_citations_5y": 1, "num_publications_10y": 0, "num_citations_10y": 2, "publications_years": {"1995": 1}, "citations_years": {"2005": 1, "2006": 0, "2007": 0, "2008": 1, "2009": 0, "2010": 1, "2011": 0, "2012": 0, "2013": 0, "2014": 0, "2015": 1}, "old_citations": {"1995": 4}, "isVisible": false}, "2222733585": {"name": "m hedjazi", "type": "author", "activity": 1, "h_index": 0, "h5_index": 0, "mag_id": "2222733585", "num_publications": 1, "num_citations": 0, "num_publications_5y": 0, "num_citations_5y": 0, "num_publications_10y": 0, "num_citations_10y": 0, "publications_years": {"1995": 1}, "citations_years": {}, "old_citations": {"1995": 0}, "isVisible": false}, "2222868512": {"name": "r j g aravindan", "type": "author", "activity": 1, "h_index": 0, "h5_index": 0, "mag_id": "2222868512", "num_publications": 1, "num_citations": 0, "num_publications_5y": 0, "num_citations_5y": 0, "num_publications_10y": 0, "num_citations_10y": 0, "publications_years": {"1995": 1}, "citations_years": {}, "old_citations": {"1995": 0}, "isVisible": false}, "2223387550": {"name": "s madhumathi", "type": "author", "activity": 1, "h_index": 0, "h5_index": 0, "mag_id": "2223387550", "num_publications": 1, "num_citations": 0, "num_publications_5y": 0, "num_citations_5y": 0, "num_publications_10y": 0, "num_citations_10y": 0, "publications_years": {"1995": 1}, "citations_years": {}, "old_citations": {"1995": 0}, "isVisible": false}, "2225471679": {"name": "m s ghiyasvand", "type": "author", "activity": 1, "h_index": 1, "h5_index": 0, "mag_id": "2225471679", "num_publications": 1, "num_citations": 3, "num_publications_5y": 0, "num_citations_5y": 2, "num_publications_10y": 0, "num_citations_10y": 3, "publications_years": {"1995": 1}, "citations_years": {"2009": 1, "2010": 0, "2011": 0, "2012": 0, "2013": 0, "2014": 0, "2015": 1, "2016": 0, "2017": 0, "2018": 1}, "old_citations": {"1995": 3}, "isVisible": false}, "2226683465": {"name": "t manonmani", "type": "author", "activity": 1, "h_index": 0, "h5_index": 0, "mag_id": "2226683465", "num_publications": 1, "num_citations": 0, "num_publications_5y": 0, "num_citations_5y": 0, "num_publications_10y": 0, "num_citations_10y": 0, "publications_years": {"1995": 1}, "citations_years": {}, "old_citations": {"1995": 0}, "isVisible": false}, "2231242444": {"name": "n a somalwar", "type": "author", "activity": 1, "h_index": 0, "h5_index": 0, "mag_id": "2231242444", "num_publications": 1, "num_citations": 0, "num_publications_5y": 0, "num_citations_5y": 0, "num_publications_10y": 0, "num_citations_10y": 0, "publications_years": {"1995": 1}, "citations_years": {}, "old_citations": {"1995": 0}, "isVisible": false}, "2232018784": {"name": "a a khodadoost", "type": "author", "activity": 1, "h_index": 0, "h5_index": 0, "mag_id": "2232018784", "num_publications": 1, "num_citations": 0, "num_publications_5y": 0, "num_citations_5y": 0, "num_publications_10y": 0, "num_citations_10y": 0, "publications_years": {"1995": 1}, "citations_years": {}, "old_citations": {"1995": 0}, "isVisible": false}, "2261733829": {"name": "r puvvada", "type": "author", "activity": 1, "h_index": 0, "h5_index": 0, "mag_id": "2261733829", "num_publications": 1, "num_citations": 0, "num_publications_5y": 0, "num_citations_5y": 0, "num_publications_10y": 0, "num_citations_10y": 0, "publications_years": {"1995": 1}, "citations_years": {}, "old_citations": {"1995": 0}, "isVisible": false}, "2262101936": {"name": "roman maniewski", "type": "author", "activity": 26, "h_index": 4, "h5_index": 0, "mag_id": "2262101936", "num_publications": 1, "num_citations": 2, "num_publications_5y": 0, "num_citations_5y": 0, "num_publications_10y": 0, "num_citations_10y": 1, "publications_years": {"1995": 1}, "citations_years": {"2004": 1, "2005": 0, "2006": 0, "2007": 0, "2008": 0, "2009": 1}, "old_citations": {"1995": 2}, "isVisible": false}, "2286826397": {"name": "n pradhan", "type": "author", "activity": 4, "h_index": 4, "h5_index": 0, "mag_id": "2286826397", "num_publications": 1, "num_citations": 0, "num_publications_5y": 0, "num_citations_5y": 0, "num_publications_10y": 0, "num_citations_10y": 0, "publications_years": {"1995": 1}, "citations_years": {}, "old_citations": {"1995": 3}, "isVisible": false}, "2290832146": {"name": "c k dwarakanath", "type": "author", "activity": 1, "h_index": 0, "h5_index": 0, "mag_id": "2290832146", "num_publications": 1, "num_citations": 0, "num_publications_5y": 0, "num_citations_5y": 0, "num_publications_10y": 0, "num_citations_10y": 0, "publications_years": {"1995": 1}, "citations_years": {}, "old_citations": {"1995": 0}, "isVisible": false}, "2304799968": {"name": "g r kulkarni", "type": "author", "activity": 1, "h_index": 1, "h5_index": 0, "mag_id": "2304799968", "num_publications": 1, "num_citations": 4, "num_publications_5y": 0, "num_citations_5y": 0, "num_publications_10y": 0, "num_citations_10y": 0, "publications_years": {"1995": 1}, "citations_years": {"2005": 2, "2006": 1, "2007": 1}, "old_citations": {"1995": 4}, "isVisible": false}, "2310002338": {"name": "c raja rao", "type": "author", "activity": 1, "h_index": 0, "h5_index": 0, "mag_id": "2310002338", "num_publications": 1, "num_citations": 0, "num_publications_5y": 0, "num_citations_5y": 0, "num_publications_10y": 0, "num_citations_10y": 0, "publications_years": {"1995": 1}, "citations_years": {}, "old_citations": {"1995": 0}, "isVisible": false}, "2317855962": {"name": "wang jing", "type": "author", "activity": 25, "h_index": 3, "h5_index": 2, "mag_id": "2317855962", "num_publications": 1, "num_citations": 3, "num_publications_5y": 0, "num_citations_5y": 0, "num_publications_10y": 0, "num_citations_10y": 1, "publications_years": {"1995": 1}, "citations_years": {"2004": 1, "2005": 0, "2006": 0, "2007": 1, "2008": 0, "2009": 0, "2010": 1}, "old_citations": {"1995": 3}, "isVisible": false}, "2337967430": {"name": "weng liangjun", "type": "author", "activity": 1, "h_index": 1, "h5_index": 0, "mag_id": "2337967430", "num_publications": 1, "num_citations": 3, "num_publications_5y": 0, "num_citations_5y": 0, "num_publications_10y": 0, "num_citations_10y": 1, "publications_years": {"1995": 1}, "citations_years": {"2004": 1, "2005": 0, "2006": 0, "2007": 1, "2008": 0, "2009": 0, "2010": 1}, "old_citations": {"1995": 3}, "isVisible": false}, "2339686496": {"name": "b chadaga", "type": "author", "activity": 1, "h_index": 0, "h5_index": 0, "mag_id": "2339686496", "num_publications": 1, "num_citations": 0, "num_publications_5y": 0, "num_citations_5y": 0, "num_publications_10y": 0, "num_citations_10y": 0, "publications_years": {"1995": 1}, "citations_years": {}, "old_citations": {"1995": 0}, "isVisible": false}, "2340131074": {"name": "r s anand", "type": "author", "activity": 1, "h_index": 0, "h5_index": 0, "mag_id": "2340131074", "num_publications": 1, "num_citations": 0, "num_publications_5y": 0, "num_citations_5y": 0, "num_publications_10y": 0, "num_citations_10y": 0, "publications_years": {"1995": 1}, "citations_years": {}, "old_citations": {"1995": 0}, "isVisible": false}, "2353746550": {"name": "chen jingzhi", "type": "author", "activity": 1, "h_index": 1, "h5_index": 0, "mag_id": "2353746550", "num_publications": 1, "num_citations": 3, "num_publications_5y": 0, "num_citations_5y": 0, "num_publications_10y": 0, "num_citations_10y": 1, "publications_years": {"1995": 1}, "citations_years": {"2004": 1, "2005": 0, "2006": 0, "2007": 1, "2008": 0, "2009": 0, "2010": 1}, "old_citations": {"1995": 3}, "isVisible": false}, "2411643409": {"name": "m asthana", "type": "author", "activity": 1, "h_index": 0, "h5_index": 0, "mag_id": "2411643409", "num_publications": 1, "num_citations": 0, "num_publications_5y": 0, "num_citations_5y": 0, "num_publications_10y": 0, "num_citations_10y": 0, "publications_years": {"1995": 1}, "citations_years": {}, "old_citations": {"1995": 0}, "isVisible": false}, "2420050153": {"name": "a p singh", "type": "author", "activity": 1, "h_index": 1, "h5_index": 0, "mag_id": "2420050153", "num_publications": 1, "num_citations": 1, "num_publications_5y": 0, "num_citations_5y": 0, "num_publications_10y": 0, "num_citations_10y": 0, "publications_years": {"1995": 1}, "citations_years": {"2008": 1}, "old_citations": {"1995": 1}, "isVisible": false}, "2424067047": {"name": "a s zadgaonkar", "type": "author", "activity": 20, "h_index": 1, "h5_index": 0, "mag_id": "2424067047", "num_publications": 1, "num_citations": 0, "num_publications_5y": 0, "num_citations_5y": 0, "num_publications_10y": 0, "num_citations_10y": 0, "publications_years": {"1995": 1}, "citations_years": {}, "old_citations": {"1995": 0}, "isVisible": false}, "2425315281": {"name": "s l yadav", "type": "author", "activity": 1, "h_index": 0, "h5_index": 0, "mag_id": "2425315281", "num_publications": 1, "num_citations": 0, "num_publications_5y": 0, "num_citations_5y": 0, "num_publications_10y": 0, "num_citations_10y": 0, "publications_years": {"1995": 1}, "citations_years": {}, "old_citations": {"1995": 0}, "isVisible": false}, "2429676794": {"name": "a tiwari", "type": "author", "activity": 1, "h_index": 0, "h5_index": 0, "mag_id": "2429676794", "num_publications": 1, "num_citations": 0, "num_publications_5y": 0, "num_citations_5y": 0, "num_publications_10y": 0, "num_citations_10y": 0, "publications_years": {"1995": 1}, "citations_years": {}, "old_citations": {"1995": 0}, "isVisible": false}, "2434431950": {"name": "m k reddy", "type": "author", "activity": 1, "h_index": 0, "h5_index": 0, "mag_id": "2434431950", "num_publications": 1, "num_citations": 0, "num_publications_5y": 0, "num_citations_5y": 0, "num_publications_10y": 0, "num_citations_10y": 0, "publications_years": {"1995": 1}, "citations_years": {}, "old_citations": {"1995": 0}, "isVisible": false}, "2438787834": {"name": "e krishnamurthy", "type": "author", "activity": 1, "h_index": 0, "h5_index": 0, "mag_id": "2438787834", "num_publications": 1, "num_citations": 0, "num_publications_5y": 0, "num_citations_5y": 0, "num_publications_10y": 0, "num_citations_10y": 0, "publications_years": {"1995": 1}, "citations_years": {}, "old_citations": {"1995": 0}, "isVisible": false}, "2439475464": {"name": "p k saha", "type": "author", "activity": 1, "h_index": 0, "h5_index": 0, "mag_id": "2439475464", "num_publications": 1, "num_citations": 0, "num_publications_5y": 0, "num_citations_5y": 0, "num_publications_10y": 0, "num_citations_10y": 0, "publications_years": {"1995": 1}, "citations_years": {}, "old_citations": {"1995": 0}, "isVisible": false}, "2440363445": {"name": "l mathew", "type": "author", "activity": 1, "h_index": 0, "h5_index": 0, "mag_id": "2440363445", "num_publications": 1, "num_citations": 0, "num_publications_5y": 0, "num_citations_5y": 0, "num_publications_10y": 0, "num_citations_10y": 0, "publications_years": {"1995": 1}, "citations_years": {}, "old_citations": {"1995": 0}, "isVisible": false}, "2440679052": {"name": "m s panse", "type": "author", "activity": 1, "h_index": 1, "h5_index": 0, "mag_id": "2440679052", "num_publications": 1, "num_citations": 3, "num_publications_5y": 0, "num_citations_5y": 0, "num_publications_10y": 0, "num_citations_10y": 2, "publications_years": {"1995": 1}, "citations_years": {"2004": 1, "2005": 0, "2006": 0, "2007": 0, "2008": 0, "2009": 2}, "old_citations": {"1995": 3}, "isVisible": false}, "2441132351": {"name": "s k kulkarni", "type": "author", "activity": 1, "h_index": 1, "h5_index": 0, "mag_id": "2441132351", "num_publications": 1, "num_citations": 3, "num_publications_5y": 0, "num_citations_5y": 0, "num_publications_10y": 0, "num_citations_10y": 2, "publications_years": {"1995": 1}, "citations_years": {"2004": 1, "2005": 0, "2006": 0, "2007": 0, "2008": 0, "2009": 2}, "old_citations": {"1995": 3}, "isVisible": false}, "2443350806": {"name": "v r singh", "type": "author", "activity": 1, "h_index": 0, "h5_index": 0, "mag_id": "2443350806", "num_publications": 1, "num_citations": 0, "num_publications_5y": 0, "num_citations_5y": 0, "num_publications_10y": 0, "num_citations_10y": 0, "publications_years": {"1995": 1}, "citations_years": {}, "old_citations": {"1995": 0}, "isVisible": false}, "2465396914": {"name": "r vijayakumar", "type": "author", "activity": 1, "h_index": 0, "h5_index": 0, "mag_id": "2465396914", "num_publications": 1, "num_citations": 0, "num_publications_5y": 0, "num_citations_5y": 0, "num_publications_10y": 0, "num_citations_10y": 0, "publications_years": {"1995": 1}, "citations_years": {}, "old_citations": {"1995": 0}, "isVisible": false}, "2476533935": {"name": "sujoy k guha", "type": "author", "activity": 20, "h_index": 3, "h5_index": 0, "mag_id": "2476533935", "num_publications": 1, "num_citations": 0, "num_publications_5y": 0, "num_citations_5y": 0, "num_publications_10y": 0, "num_citations_10y": 0, "publications_years": {"1995": 1}, "citations_years": {}, "old_citations": {"1995": 0}, "isVisible": false}, "2477604432": {"name": "j pandey", "type": "author", "activity": 1, "h_index": 1, "h5_index": 0, "mag_id": "2477604432", "num_publications": 1, "num_citations": 2, "num_publications_5y": 0, "num_citations_5y": 1, "num_publications_10y": 0, "num_citations_10y": 2, "publications_years": {"1995": 1}, "citations_years": {"2010": 1, "2011": 0, "2012": 0, "2013": 0, "2014": 0, "2015": 0, "2016": 0, "2017": 0, "2018": 1}, "old_citations": {"1995": 2}, "isVisible": false}, "2502237064": {"name": "l r legrand", "type": "author", "activity": 1, "h_index": 1, "h5_index": 0, "mag_id": "2502237064", "num_publications": 1, "num_citations": 1, "num_publications_5y": 0, "num_citations_5y": 1, "num_publications_10y": 0, "num_citations_10y": 1, "publications_years": {"1995": 1}, "citations_years": {"2015": 1}, "old_citations": {"1995": 1}, "isVisible": false}, "2514944680": {"name": "a a sharafi", "type": "author", "activity": 1, "h_index": 0, "h5_index": 0, "mag_id": "2514944680", "num_publications": 1, "num_citations": 0, "num_publications_5y": 0, "num_citations_5y": 0, "num_publications_10y": 0, "num_citations_10y": 0, "publications_years": {"1995": 1}, "citations_years": {}, "old_citations": {"1995": 0}, "isVisible": false}, "2554744505": {"name": "m driscoll", "type": "author", "activity": 1, "h_index": 1, "h5_index": 0, "mag_id": "2554744505", "num_publications": 1, "num_citations": 2, "num_publications_5y": 0, "num_citations_5y": 1, "num_publications_10y": 0, "num_citations_10y": 2, "publications_years": {"1995": 1}, "citations_years": {"2013": 1, "2014": 0, "2015": 1}, "old_citations": {"1995": 2}, "isVisible": false}, "2555978852": {"name": "p lewandowski", "type": "author", "activity": 2, "h_index": 2, "h5_index": 0, "mag_id": "2555978852", "num_publications": 1, "num_citations": 2, "num_publications_5y": 0, "num_citations_5y": 0, "num_publications_10y": 0, "num_citations_10y": 1, "publications_years": {"1995": 1}, "citations_years": {"2004": 1, "2005": 0, "2006": 0, "2007": 0, "2008": 0, "2009": 1}, "old_citations": {"1995": 2}, "isVisible": false}, "2559059974": {"name": "a singal", "type": "author", "activity": 1, "h_index": 0, "h5_index": 0, "mag_id": "2559059974", "num_publications": 1, "num_citations": 0, "num_publications_5y": 0, "num_citations_5y": 0, "num_publications_10y": 0, "num_citations_10y": 0, "publications_years": {"1995": 1}, "citations_years": {}, "old_citations": {"1995": 0}, "isVisible": false}, "2572203931": {"name": "l s aho", "type": "author", "activity": 1, "h_index": 1, "h5_index": 0, "mag_id": "2572203931", "num_publications": 1, "num_citations": 1, "num_publications_5y": 0, "num_citations_5y": 1, "num_publications_10y": 0, "num_citations_10y": 1, "publications_years": {"1995": 1}, "citations_years": {"2015": 1}, "old_citations": {"1995": 1}, "isVisible": false}, "2572728900": {"name": "c h kumar", "type": "author", "activity": 1, "h_index": 0, "h5_index": 0, "mag_id": "2572728900", "num_publications": 1, "num_citations": 0, "num_publications_5y": 0, "num_citations_5y": 0, "num_publications_10y": 0, "num_citations_10y": 0, "publications_years": {"1995": 1}, "citations_years": {}, "old_citations": {"1995": 0}, "isVisible": false}, "2573794698": {"name": "g sita", "type": "author", "activity": 11, "h_index": 5, "h5_index": 0, "mag_id": "2573794698", "num_publications": 1, "num_citations": 2, "num_publications_5y": 0, "num_citations_5y": 0, "num_publications_10y": 0, "num_citations_10y": 1, "publications_years": {"1995": 1}, "citations_years": {"1995": 1, "1996": 0, "1997": 0, "1998": 0, "1999": 0, "2000": 0, "2001": 0, "2002": 0, "2003": 0, "2004": 0, "2005": 0, "2006": 0, "2007": 0, "2008": 0, "2009": 0, "2010": 0, "2011": 0, "2012": 1}, "old_citations": {"1995": 2}, "isVisible": false}, "2579120699": {"name": "l dusserre", "type": "author", "activity": 1, "h_index": 1, "h5_index": 0, "mag_id": "2579120699", "num_publications": 1, "num_citations": 1, "num_publications_5y": 0, "num_citations_5y": 1, "num_publications_10y": 0, "num_citations_10y": 1, "publications_years": {"1995": 1}, "citations_years": {"2015": 1}, "old_citations": {"1995": 1}, "isVisible": false}, "2579469666": {"name": "d s nagesh", "type": "author", "activity": 1, "h_index": 0, "h5_index": 0, "mag_id": "2579469666", "num_publications": 1, "num_citations": 0, "num_publications_5y": 0, "num_citations_5y": 0, "num_publications_10y": 0, "num_citations_10y": 0, "publications_years": {"1995": 1}, "citations_years": {}, "old_citations": {"1995": 0}, "isVisible": false}, "2579723395": {"name": "i pilowsky", "type": "author", "activity": 1, "h_index": 1, "h5_index": 0, "mag_id": "2579723395", "num_publications": 1, "num_citations": 2, "num_publications_5y": 0, "num_citations_5y": 1, "num_publications_10y": 0, "num_citations_10y": 2, "publications_years": {"1995": 1}, "citations_years": {"2013": 1, "2014": 0, "2015": 1}, "old_citations": {"1995": 2}, "isVisible": false}, "2598434847": {"name": "m katsikitis", "type": "author", "activity": 1, "h_index": 1, "h5_index": 0, "mag_id": "2598434847", "num_publications": 1, "num_citations": 2, "num_publications_5y": 0, "num_citations_5y": 1, "num_publications_10y": 0, "num_citations_10y": 2, "publications_years": {"1995": 1}, "citations_years": {"2013": 1, "2014": 0, "2015": 1}, "old_citations": {"1995": 2}, "isVisible": false}, "2601496228": {"name": "k m prasad", "type": "author", "activity": 1, "h_index": 0, "h5_index": 0, "mag_id": "2601496228", "num_publications": 1, "num_citations": 0, "num_publications_5y": 0, "num_citations_5y": 0, "num_publications_10y": 0, "num_citations_10y": 0, "publications_years": {"1995": 1}, "citations_years": {}, "old_citations": {"1995": 0}, "isVisible": false}, "2601533219": {"name": "a k babu", "type": "author", "activity": 1, "h_index": 0, "h5_index": 0, "mag_id": "2601533219", "num_publications": 1, "num_citations": 0, "num_publications_5y": 0, "num_citations_5y": 0, "num_publications_10y": 0, "num_citations_10y": 0, "publications_years": {"1995": 1}, "citations_years": {}, "old_citations": {"1995": 0}, "isVisible": false}, "2602145978": {"name": "s k srinivasan nair", "type": "author", "activity": 1, "h_index": 0, "h5_index": 0, "mag_id": "2602145978", "num_publications": 1, "num_citations": 0, "num_publications_5y": 0, "num_citations_5y": 0, "num_publications_10y": 0, "num_citations_10y": 0, "publications_years": {"1995": 1}, "citations_years": {}, "old_citations": {"1995": 0}, "isVisible": false}, "2619351616": {"name": "v kavitha", "type": "author", "activity": 17, "h_index": 1, "h5_index": 0, "mag_id": "2619351616", "num_publications": 1, "num_citations": 0, "num_publications_5y": 0, "num_citations_5y": 0, "num_publications_10y": 0, "num_citations_10y": 0, "publications_years": {"1995": 1}, "citations_years": {}, "old_citations": {"1995": 3}, "isVisible": false}, "2629624994": {"name": "f mao", "type": "author", "activity": 1, "h_index": 1, "h5_index": 0, "mag_id": "2629624994", "num_publications": 1, "num_citations": 0, "num_publications_5y": 0, "num_citations_5y": 0, "num_publications_10y": 0, "num_citations_10y": 0, "publications_years": {"1995": 1}, "citations_years": {}, "old_citations": {"1995": 0}, "isVisible": false}, "2630458833": {"name": "k futschik", "type": "author", "activity": 1, "h_index": 1, "h5_index": 0, "mag_id": "2630458833", "num_publications": 1, "num_citations": 2, "num_publications_5y": 0, "num_citations_5y": 0, "num_publications_10y": 0, "num_citations_10y": 0, "publications_years": {"1995": 1}, "citations_years": {"2002": 1, "2003": 0, "2004": 0, "2005": 1}, "old_citations": {"1995": 2}, "isVisible": false}, "2631742518": {"name": "n rahbar", "type": "author", "activity": 1, "h_index": 0, "h5_index": 0, "mag_id": "2631742518", "num_publications": 1, "num_citations": 0, "num_publications_5y": 0, "num_citations_5y": 0, "num_publications_10y": 0, "num_citations_10y": 0, "publications_years": {"1995": 1}, "citations_years": {}, "old_citations": {"1995": 0}, "isVisible": false}, "2636273590": {"name": "h pfutzner", "type": "author", "activity": 1, "h_index": 1, "h5_index": 0, "mag_id": "2636273590", "num_publications": 1, "num_citations": 2, "num_publications_5y": 0, "num_citations_5y": 0, "num_publications_10y": 0, "num_citations_10y": 0, "publications_years": {"1995": 1}, "citations_years": {"2002": 1, "2003": 0, "2004": 0, "2005": 1}, "old_citations": {"1995": 2}, "isVisible": false}, "2638123830": {"name": "a s dhar", "type": "author", "activity": 1, "h_index": 0, "h5_index": 0, "mag_id": "2638123830", "num_publications": 1, "num_citations": 0, "num_publications_5y": 0, "num_citations_5y": 0, "num_publications_10y": 0, "num_citations_10y": 0, "publications_years": {"1995": 1}, "citations_years": {}, "old_citations": {"1995": 0}, "isVisible": false}, "2638131854": {"name": "a k gupta", "type": "author", "activity": 1, "h_index": 0, "h5_index": 0, "mag_id": "2638131854", "num_publications": 1, "num_citations": 0, "num_publications_5y": 0, "num_citations_5y": 0, "num_publications_10y": 0, "num_citations_10y": 0, "publications_years": {"1995": 1}, "citations_years": {}, "old_citations": {"1995": 0}, "isVisible": false}, "2640471995": {"name": "a liebert", "type": "author", "activity": 1, "h_index": 1, "h5_index": 0, "mag_id": "2640471995", "num_publications": 1, "num_citations": 2, "num_publications_5y": 0, "num_citations_5y": 0, "num_publications_10y": 0, "num_citations_10y": 1, "publications_years": {"1995": 1}, "citations_years": {"2004": 1, "2005": 0, "2006": 0, "2007": 0, "2008": 0, "2009": 1}, "old_citations": {"1995": 2}, "isVisible": false}, "2641519917": {"name": "k k deepak", "type": "author", "activity": 1, "h_index": 1, "h5_index": 0, "mag_id": "2641519917", "num_publications": 1, "num_citations": 3, "num_publications_5y": 0, "num_citations_5y": 2, "num_publications_10y": 0, "num_citations_10y": 3, "publications_years": {"1995": 1}, "citations_years": {"2009": 1, "2010": 0, "2011": 0, "2012": 0, "2013": 0, "2014": 0, "2015": 1, "2016": 0, "2017": 0, "2018": 1}, "old_citations": {"1995": 3}, "isVisible": false}, "2642560796": {"name": "v udpikar", "type": "author", "activity": 1, "h_index": 1, "h5_index": 0, "mag_id": "2642560796", "num_publications": 1, "num_citations": 4, "num_publications_5y": 0, "num_citations_5y": 0, "num_publications_10y": 0, "num_citations_10y": 0, "publications_years": {"1995": 1}, "citations_years": {"2005": 2, "2006": 1, "2007": 1}, "old_citations": {"1995": 4}, "isVisible": false}, "2643141832": {"name": "d bajpai", "type": "author", "activity": 1, "h_index": 1, "h5_index": 0, "mag_id": "2643141832", "num_publications": 1, "num_citations": 2, "num_publications_5y": 0, "num_citations_5y": 1, "num_publications_10y": 0, "num_citations_10y": 2, "publications_years": {"1995": 1}, "citations_years": {"2010": 1, "2011": 0, "2012": 0, "2013": 0, "2014": 0, "2015": 0, "2016": 0, "2017": 0, "2018": 1}, "old_citations": {"1995": 2}, "isVisible": false}, "2644333503": {"name": "r mohanakumar", "type": "author", "activity": 1, "h_index": 0, "h5_index": 0, "mag_id": "2644333503", "num_publications": 1, "num_citations": 0, "num_publications_5y": 0, "num_citations_5y": 0, "num_publications_10y": 0, "num_citations_10y": 0, "publications_years": {"1995": 1}, "citations_years": {}, "old_citations": {"1995": 0}, "isVisible": false}, "2644341176": {"name": "a rivasfeal", "type": "author", "activity": 1, "h_index": 1, "h5_index": 0, "mag_id": "2644341176", "num_publications": 1, "num_citations": 1, "num_publications_5y": 0, "num_citations_5y": 0, "num_publications_10y": 0, "num_citations_10y": 1, "publications_years": {"1995": 1}, "citations_years": {"2013": 1}, "old_citations": {"1995": 1}, "isVisible": false}, "2649652746": {"name": "k steinbach", "type": "author", "activity": 1, "h_index": 1, "h5_index": 0, "mag_id": "2649652746", "num_publications": 1, "num_citations": 2, "num_publications_5y": 0, "num_citations_5y": 0, "num_publications_10y": 0, "num_citations_10y": 1, "publications_years": {"1995": 1}, "citations_years": {"2004": 1, "2005": 0, "2006": 0, "2007": 0, "2008": 0, "2009": 1}, "old_citations": {"1995": 2}, "isVisible": false}, "2653068901": {"name": "d h rao", "type": "author", "activity": 4, "h_index": 2, "h5_index": 0, "mag_id": "2653068901", "num_publications": 1, "num_citations": 4, "num_publications_5y": 0, "num_citations_5y": 1, "num_publications_10y": 0, "num_citations_10y": 1, "publications_years": {"1995": 1}, "citations_years": {"2003": 1, "2004": 0, "2005": 2, "2006": 0, "2007": 0, "2008": 0, "2009": 0, "2010": 0, "2011": 0, "2012": 0, "2013": 0, "2014": 0, "2015": 0, "2016": 0, "2017": 0, "2018": 1}, "old_citations": {"1995": 4}, "isVisible": false}, "2657827213": {"name": "g viswanath", "type": "author", "activity": 1, "h_index": 0, "h5_index": 0, "mag_id": "2657827213", "num_publications": 1, "num_citations": 0, "num_publications_5y": 0, "num_citations_5y": 0, "num_publications_10y": 0, "num_citations_10y": 0, "publications_years": {"1995": 1}, "citations_years": {}, "old_citations": {"1995": 0}, "isVisible": false}, "2665333997": {"name": "s m patil", "type": "author", "activity": 1, "h_index": 1, "h5_index": 0, "mag_id": "2665333997", "num_publications": 1, "num_citations": 3, "num_publications_5y": 0, "num_citations_5y": 1, "num_publications_10y": 0, "num_citations_10y": 3, "publications_years": {"1995": 1}, "citations_years": {"2009": 1, "2010": 0, "2011": 0, "2012": 0, "2013": 1, "2014": 0, "2015": 0, "2016": 0, "2017": 1}, "old_citations": {"1995": 3}, "isVisible": false}, "2669431097": {"name": "h v kamat", "type": "author", "activity": 1, "h_index": 1, "h5_index": 0, "mag_id": "2669431097", "num_publications": 1, "num_citations": 4, "num_publications_5y": 0, "num_citations_5y": 1, "num_publications_10y": 0, "num_citations_10y": 1, "publications_years": {"1995": 1}, "citations_years": {"2003": 1, "2004": 0, "2005": 2, "2006": 0, "2007": 0, "2008": 0, "2009": 0, "2010": 0, "2011": 0, "2012": 0, "2013": 0, "2014": 0, "2015": 0, "2016": 0, "2017": 0, "2018": 1}, "old_citations": {"1995": 4}, "isVisible": false}, "2669782506": {"name": "j mazumdar", "type": "author", "activity": 1, "h_index": 1, "h5_index": 0, "mag_id": "2669782506", "num_publications": 1, "num_citations": 2, "num_publications_5y": 0, "num_citations_5y": 1, "num_publications_10y": 0, "num_citations_10y": 2, "publications_years": {"1995": 1}, "citations_years": {"2013": 1, "2014": 0, "2015": 1}, "old_citations": {"1995": 2}, "isVisible": false}, "2677454963": {"name": "a das", "type": "author", "activity": 1, "h_index": 0, "h5_index": 0, "mag_id": "2677454963", "num_publications": 1, "num_citations": 0, "num_publications_5y": 0, "num_citations_5y": 0, "num_publications_10y": 0, "num_citations_10y": 0, "publications_years": {"1995": 1}, "citations_years": {}, "old_citations": {"1995": 0}, "isVisible": false}, "2680323170": {"name": "p k upadhyay", "type": "author", "activity": 1, "h_index": 1, "h5_index": 0, "mag_id": "2680323170", "num_publications": 1, "num_citations": 1, "num_publications_5y": 0, "num_citations_5y": 0, "num_publications_10y": 0, "num_citations_10y": 0, "publications_years": {"1995": 1}, "citations_years": {"2007": 1}, "old_citations": {"1995": 1}, "isVisible": false}, "2683735034": {"name": "l panwar", "type": "author", "activity": 1, "h_index": 0, "h5_index": 0, "mag_id": "2683735034", "num_publications": 1, "num_citations": 0, "num_publications_5y": 0, "num_citations_5y": 0, "num_publications_10y": 0, "num_citations_10y": 0, "publications_years": {"1995": 1}, "citations_years": {}, "old_citations": {"1995": 0}, "isVisible": false}, "2685037515": {"name": "n g nath", "type": "author", "activity": 1, "h_index": 0, "h5_index": 0, "mag_id": "2685037515", "num_publications": 1, "num_citations": 0, "num_publications_5y": 0, "num_citations_5y": 0, "num_publications_10y": 0, "num_citations_10y": 0, "publications_years": {"1995": 1}, "citations_years": {}, "old_citations": {"1995": 0}, "isVisible": false}, "2685280692": {"name": "c v muraleedharan", "type": "author", "activity": 1, "h_index": 0, "h5_index": 0, "mag_id": "2685280692", "num_publications": 1, "num_citations": 0, "num_publications_5y": 0, "num_citations_5y": 0, "num_publications_10y": 0, "num_citations_10y": 0, "publications_years": {"1995": 1}, "citations_years": {}, "old_citations": {"1995": 0}, "isVisible": false}, "2686039274": {"name": "r s chaughule", "type": "author", "activity": 1, "h_index": 0, "h5_index": 0, "mag_id": "2686039274", "num_publications": 1, "num_citations": 0, "num_publications_5y": 0, "num_citations_5y": 0, "num_publications_10y": 0, "num_citations_10y": 0, "publications_years": {"1995": 1}, "citations_years": {}, "old_citations": {"1995": 0}, "isVisible": false}, "2686916617": {"name": "s k moinuddin", "type": "author", "activity": 1, "h_index": 0, "h5_index": 0, "mag_id": "2686916617", "num_publications": 1, "num_citations": 0, "num_publications_5y": 0, "num_citations_5y": 0, "num_publications_10y": 0, "num_citations_10y": 0, "publications_years": {"1995": 1}, "citations_years": {}, "old_citations": {"1995": 0}, "isVisible": false}, "2691854839": {"name": "v kumar", "type": "author", "activity": 1, "h_index": 0, "h5_index": 0, "mag_id": "2691854839", "num_publications": 1, "num_citations": 0, "num_publications_5y": 0, "num_citations_5y": 0, "num_publications_10y": 0, "num_citations_10y": 0, "publications_years": {"1995": 1}, "citations_years": {}, "old_citations": {"1995": 0}, "isVisible": false}, "2692429229": {"name": "r collorec", "type": "author", "activity": 1, "h_index": 0, "h5_index": 0, "mag_id": "2692429229", "num_publications": 1, "num_citations": 0, "num_publications_5y": 0, "num_citations_5y": 0, "num_publications_10y": 0, "num_citations_10y": 0, "publications_years": {"1995": 1}, "citations_years": {}, "old_citations": {"1995": 0}, "isVisible": false}, "2697916132": {"name": "s kara", "type": "author", "activity": 1, "h_index": 1, "h5_index": 0, "mag_id": "2697916132", "num_publications": 1, "num_citations": 11, "num_publications_5y": 0, "num_citations_5y": 1, "num_publications_10y": 0, "num_citations_10y": 4, "publications_years": {"1995": 1}, "citations_years": {"2002": 2, "2003": 1, "2004": 1, "2005": 0, "2006": 1, "2007": 1, "2008": 1, "2009": 3, "2010": 0, "2011": 0, "2012": 0, "2013": 0, "2014": 0, "2015": 0, "2016": 0, "2017": 1}, "old_citations": {"1995": 11}, "isVisible": false}, "2699943034": {"name": "p k singhal", "type": "author", "activity": 1, "h_index": 0, "h5_index": 0, "mag_id": "2699943034", "num_publications": 1, "num_citations": 0, "num_publications_5y": 0, "num_citations_5y": 0, "num_publications_10y": 0, "num_citations_10y": 0, "publications_years": {"1995": 1}, "citations_years": {}, "old_citations": {"1995": 0}, "isVisible": false}, "2706586718": {"name": "b a suresh", "type": "author", "activity": 1, "h_index": 1, "h5_index": 0, "mag_id": "2706586718", "num_publications": 1, "num_citations": 3, "num_publications_5y": 0, "num_citations_5y": 2, "num_publications_10y": 0, "num_citations_10y": 3, "publications_years": {"1995": 1}, "citations_years": {"2011": 1, "2012": 0, "2013": 0, "2014": 0, "2015": 1, "2016": 0, "2017": 1}, "old_citations": {"1995": 3}, "isVisible": false}, "2707740376": {"name": "g s bhuvaneshwar", "type": "author", "activity": 1, "h_index": 0, "h5_index": 0, "mag_id": "2707740376", "num_publications": 1, "num_citations": 0, "num_publications_5y": 0, "num_citations_5y": 0, "num_publications_10y": 0, "num_citations_10y": 0, "publications_years": {"1995": 1}, "citations_years": {}, "old_citations": {"1995": 0}, "isVisible": false}, "2714290749": {"name": "j puentes", "type": "author", "activity": 1, "h_index": 0, "h5_index": 0, "mag_id": "2714290749", "num_publications": 1, "num_citations": 0, "num_publications_5y": 0, "num_citations_5y": 0, "num_publications_10y": 0, "num_citations_10y": 0, "publications_years": {"1995": 1}, "citations_years": {}, "old_citations": {"1995": 0}, "isVisible": false}, "2717437931": {"name": "s d bhagwat", "type": "author", "activity": 1, "h_index": 1, "h5_index": 0, "mag_id": "2717437931", "num_publications": 1, "num_citations": 3, "num_publications_5y": 0, "num_citations_5y": 1, "num_publications_10y": 0, "num_citations_10y": 3, "publications_years": {"1995": 1}, "citations_years": {"2009": 1, "2010": 0, "2011": 0, "2012": 0, "2013": 1, "2014": 0, "2015": 0, "2016": 0, "2017": 1}, "old_citations": {"1995": 3}, "isVisible": false}, "2754344798": {"name": "anupam shukla", "type": "author", "activity": 26, "h_index": 15, "h5_index": 5, "mag_id": "2754344798", "num_publications": 1, "num_citations": 0, "num_publications_5y": 0, "num_citations_5y": 0, "num_publications_10y": 0, "num_citations_10y": 0, "publications_years": {"1995": 1}, "citations_years": {}, "old_citations": {"1995": 0}, "isVisible": false}, "2761603627": {"name": "i guler", "type": "author", "activity": 1, "h_index": 1, "h5_index": 0, "mag_id": "2761603627", "num_publications": 1, "num_citations": 11, "num_publications_5y": 0, "num_citations_5y": 1, "num_publications_10y": 0, "num_citations_10y": 4, "publications_years": {"1995": 1}, "citations_years": {"2002": 2, "2003": 1, "2004": 1, "2005": 0, "2006": 1, "2007": 1, "2008": 1, "2009": 3, "2010": 0, "2011": 0, "2012": 0, "2013": 0, "2014": 0, "2015": 0, "2016": 0, "2017": 1}, "old_citations": {"1995": 11}, "isVisible": false}, "2973959393": {"name": "r das", "type": "author", "activity": 1, "h_index": 1, "h5_index": 0, "mag_id": "2973959393", "num_publications": 1, "num_citations": 4, "num_publications_5y": 0, "num_citations_5y": 1, "num_publications_10y": 0, "num_citations_10y": 2, "publications_years": {"1995": 1}, "citations_years": {"2005": 1, "2006": 0, "2007": 0, "2008": 1, "2009": 0, "2010": 1, "2011": 0, "2012": 0, "2013": 0, "2014": 0, "2015": 1}, "old_citations": {"1995": 4}, "isVisible": false}, "2974163596": {"name": "a agarwal", "type": "author", "activity": 1, "h_index": 1, "h5_index": 0, "mag_id": "2974163596", "num_publications": 1, "num_citations": 4, "num_publications_5y": 0, "num_citations_5y": 2, "num_publications_10y": 0, "num_citations_10y": 3, "publications_years": {"1995": 1}, "citations_years": {"2005": 1, "2006": 0, "2007": 0, "2008": 0, "2009": 1, "2010": 0, "2011": 0, "2012": 0, "2013": 0, "2014": 0, "2015": 2}, "old_citations": {"1995": 4}, "isVisible": false}, "2974482007": {"name": "a chaudhuri", "type": "author", "activity": 1, "h_index": 1, "h5_index": 0, "mag_id": "2974482007", "num_publications": 1, "num_citations": 4, "num_publications_5y": 0, "num_citations_5y": 1, "num_publications_10y": 0, "num_citations_10y": 2, "publications_years": {"1995": 1}, "citations_years": {"2005": 1, "2006": 0, "2007": 0, "2008": 1, "2009": 0, "2010": 1, "2011": 0, "2012": 0, "2013": 0, "2014": 0, "2015": 1}, "old_citations": {"1995": 4}, "isVisible": false}, "2974633613": {"name": "a k pujari", "type": "author", "activity": 1, "h_index": 1, "h5_index": 0, "mag_id": "2974633613", "num_publications": 1, "num_citations": 4, "num_publications_5y": 0, "num_citations_5y": 2, "num_publications_10y": 0, "num_citations_10y": 3, "publications_years": {"1995": 1}, "citations_years": {"2005": 1, "2006": 0, "2007": 0, "2008": 0, "2009": 1, "2010": 0, "2011": 0, "2012": 0, "2013": 0, "2014": 0, "2015": 2}, "old_citations": {"1995": 4}, "isVisible": false}, "2763893811": {"name": "g r rao", "type": "author", "activity": 1, "h_index": 1, "h5_index": 0, "mag_id": "2763893811", "num_publications": 1, "num_citations": 3, "num_publications_5y": 0, "num_citations_5y": 2, "num_publications_10y": 0, "num_citations_10y": 3, "publications_years": {"1995": 1}, "citations_years": {"2011": 1, "2012": 0, "2013": 0, "2014": 0, "2015": 1, "2016": 0, "2017": 1}, "old_citations": {"1995": 3}, "isVisible": false}, "2973344576": {"name": "s k guha", "type": "author", "activity": 1, "h_index": 1, "h5_index": 0, "mag_id": "2973344576", "num_publications": 1, "num_citations": 3, "num_publications_5y": 0, "num_citations_5y": 2, "num_publications_10y": 0, "num_citations_10y": 3, "publications_years": {"1995": 1}, "citations_years": {"2009": 1, "2010": 0, "2011": 0, "2012": 0, "2013": 0, "2014": 0, "2015": 1, "2016": 0, "2017": 0, "2018": 1}, "old_citations": {"1995": 3}, "isVisible": false}, "2787635916": {"name": "p k sadasivan", "type": "author", "activity": 2, "h_index": 2, "h5_index": 0, "mag_id": "2787635916", "num_publications": 1, "num_citations": 1, "num_publications_5y": 0, "num_citations_5y": 0, "num_publications_10y": 0, "num_citations_10y": 1, "publications_years": {"1995": 1}, "citations_years": {"2011": 1}, "old_citations": {"1995": 1}, "isVisible": false}}, "countries": {"India": {"name": "India", "type": "country", "h5_index": 78, "num_publications": 15, "num_citations": 16, "num_publications_5y": 0, "num_citations_5y": 4, "num_publications_10y": 0, "num_citations_10y": 11, "publications_years": {"1995": 15}, "citations_years": {"2012": 3, "1995": 1, "1996": 0, "1997": 0, "1998": 0, "1999": 0, "2000": 0, "2001": 0, "2002": 0, "2003": 0, "2004": 0, "2005": 2, "2006": 0, "2007": 0, "2008": 2, "2009": 1, "2010": 2, "2011": 1, "2013": 0, "2014": 0, "2015": 3, "2016": 0, "2017": 0, "2018": 1}, "old_citations": {"1995": 19}, "isVisible": false}, "Iran": {"name": "Iran", "type": "country", "h5_index": 63, "num_publications": 3, "num_citations": 4, "num_publications_5y": 0, "num_citations_5y": 1, "num_publications_10y": 0, "num_citations_10y": 2, "publications_years": {"1995": 3}, "citations_years": {"2005": 1, "2006": 0, "2007": 1, "2008": 0, "2009": 0, "2010": 0, "2011": 0, "2012": 0, "2013": 1, "2014": 1}, "old_citations": {"1995": 4}, "isVisible": false}, "United States": {"name": "United States", "type": "country", "h5_index": 308, "num_publications": 2, "num_citations": 3, "num_publications_5y": 0, "num_citations_5y": 2, "num_publications_10y": 0, "num_citations_10y": 3, "publications_years": {"1995": 2}, "citations_years": {"2011": 1, "2012": 0, "2013": 0, "2014": 0, "2015": 1, "2016": 0, "2017": 1}, "old_citations": {"1995": 3}, "isVisible": false}, "Australia": {"name": "Australia", "type": "country", "h5_index": 141, "num_publications": 1, "num_citations": 2, "num_publications_5y": 0, "num_citations_5y": 1, "num_publications_10y": 0, "num_citations_10y": 2, "publications_years": {"1995": 1}, "citations_years": {"2013": 1, "2014": 0, "2015": 1}, "old_citations": {"1995": 2}, "isVisible": false}, "Austria": {"name": "Austria", "type": "country", "h5_index": 71, "num_publications": 1, "num_citations": 2, "num_publications_5y": 0, "num_citations_5y": 0, "num_publications_10y": 0, "num_citations_10y": 0, "publications_years": {"1995": 1}, "citations_years": {"2002": 1, "2003": 0, "2004": 0, "2005": 1}, "old_citations": {"1995": 2}, "isVisible": false}, "China": {"name": "China", "type": "country", "h5_index": 214, "num_publications": 1, "num_citations": 3, "num_publications_5y": 0, "num_citations_5y": 0, "num_publications_10y": 0, "num_citations_10y": 1, "publications_years": {"1995": 1}, "citations_years": {"2004": 1, "2005": 0, "2006": 0, "2007": 1, "2008": 0, "2009": 0, "2010": 1}, "old_citations": {"1995": 3}, "isVisible": false}, "Turkey": {"name": "Turkey", "type": "country", "h5_index": 56, "num_publications": 1, "num_citations": 11, "num_publications_5y": 0, "num_citations_5y": 1, "num_publications_10y": 0, "num_citations_10y": 4, "publications_years": {"1995": 1}, "citations_years": {"2002": 2, "2003": 1, "2004": 1, "2005": 0, "2006": 1, "2007": 1, "2008": 1, "2009": 3, "2010": 0, "2011": 0, "2012": 0, "2013": 0, "2014": 0, "2015": 0, "2016": 0, "2017": 1}, "old_citations": {"1995": 11}, "isVisible": false}}}, "conference_comparison": {"computer science": {}}, "topics_dna": {"publications": {}, "citations": {"normalized": {}, "average": {}}}, "info": {"num_publications": 46, "num_citations": 66.0, "impact_factor": {}, "publications_years": {"1995": 46}, "citations_years": {"1995": 1, "1996": 0, "1997": 0, "1998": 0, "1999": 0, "2000": 0, "2001": 0, "2002": 3, "2003": 2, "2004": 4, "2005": 8, "2006": 2, "2007": 5, "2008": 3, "2009": 9, "2010": 3, "2011": 2, "2012": 3, "2013": 4, "2014": 1, "2015": 7, "2016": 0, "2017": 3, "2018": 3}, "old_citations": {"1995": 66}, "h5_index": 0}, "percentile": {"computer science": {"1995": 89}}, "conference_ranking": {"computer science": {"1995": 467}}, "academia": {"num_publications": 22, "num_citations": 41, "publications_years": {"1995": 22}, "old_citations": {"1995": 41}, "num_publications_5y": 0, "num_citations_5y": 0, "num_publications_10y": 0, "num_citations_10y": 0}, "industry": {"num_publications": 0, "num_citations": 0, "publications_years": {}, "old_citations": {}, "num_publications_5y": 0, "num_citations_5y": 0, "num_publications_10y": 0, "num_citations_10y": 0}, "collaborative": {"num_publications": 0, "num_citations": 0, "publications_years": {}, "old_citations": {}, "num_publications_5y": 0, "num_citations_5y": 0, "num_publications_10y": 0, "num_citations_10y": 0}, "conferences": {}, "journals": {}, "organizations": {"publication_overall": ["Indian Institute of Science Bangalore", "Indian Institute of Technology Kharagpur", "Sharif University of Technology", "Indian Institute of Technology Kanpur", "Jadavpur University", "Jiwaji University", "Kahramanmara\u015f S\u00fct\u00e7\u00fc \u0130mam University", "Lehigh University", "Mangalore University", "National Institute of Mental Health and Neurosciences", "Osmania University", "Rutgers, The State University of New Jersey", "Safdarjang Hospital", "Sri Venkateswara University", "TU Wien", "University of Adelaide", "University of Calcutta", "University of Hyderabad", "University of Tehran", "Xi'an Jiaotong University"], "citation_overall": ["Kahramanmara\u015f S\u00fct\u00e7\u00fc \u0130mam University", "Indian Institute of Science Bangalore", "Jadavpur University", "Sharif University of Technology", "University of Hyderabad", "Rutgers, The State University of New Jersey", "Xi'an Jiaotong University", "Safdarjang Hospital", "TU Wien", "University of Adelaide", "Jiwaji University", "National Institute of Mental Health and Neurosciences", "Indian Institute of Technology Kanpur", "Indian Institute of Technology Kharagpur", "Lehigh University", "Mangalore University", "Osmania University", "Sri Venkateswara University", "University of Calcutta", "University of Tehran"], "publication_10_years": [], "citation_10_years": [], "publication_5_years": [], "citation_5_years": []}, "countries": {"publication_overall": ["India", "Iran", "United States", "Australia", "Austria", "China", "Turkey"], "citation_overall": ["India", "Turkey", "Iran", "China", "United States", "Australia", "Austria"], "publication_10_years": [], "citation_10_years": [], "publication_5_years": [], "citation_5_years": []}, "topics": {"publication_overall": ["computer science", "engineering", "computer imaging and vision", "computer systems", "image processing", "signal processing", "mathematics", "artificial intelligence", "computer hardware", "image analysis", "computer networks", "machine learning", "telecommunication systems", "communication systems", "wireless telecommunication systems", "sensors", "signal to noise ratio", "communication channels (information theory)", "correlation analysis", "fourier transforms"], "citation_overall": ["computer science", "computer imaging and vision", "engineering", "mathematics", "image processing", "signal processing", "artificial intelligence", "computer systems", "wavelet transforms", "telecommunication systems", "communication systems", "computer hardware", "computer networks", "wireless telecommunication systems", "correlation analysis", "fourier transforms", "matrix algebra", "signal analysis", "machine learning", "signal to noise ratio"], "publication_10_years": [], "citation_10_years": [], "publication_5_years": [], "citation_5_years": []}, "main_topics": ["computer science"], "authors": {"publication_overall": ["2021767530", "2095933897", "2119334929", "2423518556", "2778188842", "399389901", "2040753558", "2111651559", "2113118642", "2138632290", "2147424784", "2161779688", "2169593236", "2173617469", "2174180659", "2185164940", "2216974264", "2222733585", "2222868512", "2223387550", "2225471679", "2226683465", "2231242444", "2232018784", "2261733829", "2262101936", "2286826397", "2290832146", "2304799968", "2310002338", "2317855962", "2337967430", "2339686496", "2340131074", "2353746550", "2411643409", "2420050153", "2424067047", "2425315281", "2429676794", "2434431950", "2438787834", "2439475464", "2440363445", "2440679052", "2441132351", "2443350806", "2465396914", "2476533935", "2477604432", "2502237064", "2514944680", "2554744505", "2555978852", "2559059974", "2572203931", "2572728900", "2573794698", "2579120699", "2579469666", "2579723395", "2598434847", "2601496228", "2601533219", "2602145978", "2619351616", "2629624994", "2630458833", "2631742518", "2636273590", "2638123830", "2638131854", "2640471995", "2641519917", "2642560796", "2643141832", "2644333503", "2644341176", "2649652746", "2653068901", "2657827213", "2665333997", "2669431097", "2669782506", "2677454963", "2680323170", "2683735034", "2685037515", "2685280692", "2686039274", "2686916617", "2691854839", "2692429229", "2697916132", "2699943034", "2706586718", "2707740376", "2714290749", "2717437931", "2754344798"], "citation_overall": ["2697916132", "2761603627", "2021767530", "2095933897", "2138632290", "2216974264", "2304799968", "2423518556", "2642560796", "2653068901", "2669431097", "2778188842", "2973959393", "2974163596", "2974482007", "2974633613", "2119334929", "2174180659", "2185164940", "2225471679", "2286826397", "2317855962", "2337967430", "2353746550", "2440679052", "2441132351", "2619351616", "2641519917", "2665333997", "2706586718", "2717437931", "2763893811", "2973344576", "399389901", "2262101936", "2477604432", "2554744505", "2555978852", "2573794698", "2579723395", "2598434847", "2630458833", "2636273590", "2640471995", "2643141832", "2649652746", "2669782506", "2111651559", "2147424784", "2420050153", "2502237064", "2572203931", "2579120699", "2644341176", "2680323170", "2787635916", "2040753558", "2113118642", "2161779688", "2169593236", "2173617469", "2222733585", "2222868512", "2223387550", "2226683465", "2231242444", "2232018784", "2261733829", "2290832146", "2310002338", "2339686496", "2340131074", "2411643409", "2424067047", "2425315281", "2429676794", "2434431950", "2438787834", "2439475464", "2440363445", "2443350806", "2465396914", "2476533935", "2514944680", "2559059974", "2572728900", "2579469666", "2601496228", "2601533219", "2602145978", "2629624994", "2631742518", "2638123830", "2638131854", "2644333503", "2657827213", "2677454963", "2683735034", "2685037515", "2685280692"], "publication_10_years": [], "citation_10_years": [], "publication_5_years": [], "citation_5_years": []}, "industrial_sectors": {"publication_overall": [], "citation_overall": [], "publication_10_years": [], "citation_10_years": [], "publication_5_years": [], "citation_5_years": []}}