{"name": "International Conference on Modeling, Simulation and Visualization Methods", "acronym": "MSVM", "type": "conference", "uniqueEntities": {"organizations": {"Beihang University": {"name": "Beihang University", "type": "organization", "organization_type": "Education", "h_index": 90, "h5_index": 58, "num_publications": 2, "num_citations": 5, "num_publications_5y": 0, "num_citations_5y": 2, "num_publications_10y": 2, "num_citations_10y": 5, "publications_years": {"2010": 2}, "citations_years": {"2011": 2, "2012": 1, "2013": 0, "2014": 0, "2015": 2}, "old_citations": {"2010": 5}, "isVisible": false}, "Zhejiang Gongshang University": {"name": "Zhejiang Gongshang University", "type": "organization", "organization_type": "Education", "h_index": 41, "h5_index": 18, "num_publications": 2, "num_citations": 36, "num_publications_5y": 0, "num_citations_5y": 22, "num_publications_10y": 2, "num_citations_10y": 34, "publications_years": {"2010": 2}, "citations_years": {"2011": 1, "2012": 6, "2013": 5, "2014": 5, "2015": 3, "2016": 8, "2017": 2, "2018": 4, "2019": 1, "2020": 1}, "old_citations": {"2010": 36}, "isVisible": false}, "Amirkabir University of Technology": {"name": "Amirkabir University of Technology", "type": "organization", "organization_type": "Education", "h_index": 66, "h5_index": 25, "num_publications": 1, "num_citations": 4, "num_publications_5y": 0, "num_citations_5y": 1, "num_publications_10y": 1, "num_citations_10y": 4, "publications_years": {"2011": 1}, "citations_years": {"2011": 2, "2012": 1, "2013": 0, "2014": 1}, "old_citations": {"2011": 4}, "isVisible": false}, "Benem\u00e9rita Universidad Aut\u00f3noma de Puebla": {"name": "Benem\u00e9rita Universidad Aut\u00f3noma de Puebla", "type": "organization", "organization_type": "Education", "h_index": 19, "h5_index": 7, "num_publications": 1, "num_citations": 1, "num_publications_5y": 0, "num_citations_5y": 1, "num_publications_10y": 1, "num_citations_10y": 1, "publications_years": {"2009": 1}, "citations_years": {"2017": 1}, "old_citations": {"2009": 1}, "isVisible": false}, "Colorado School of Mines": {"name": "Colorado School of Mines", "type": "organization", "organization_type": "Education", "h_index": 61, "h5_index": 22, "num_publications": 1, "num_citations": 0, "num_publications_5y": 0, "num_citations_5y": 0, "num_publications_10y": 1, "num_citations_10y": 0, "publications_years": {"2010": 1}, "citations_years": {}, "old_citations": {"2010": 0}, "isVisible": false}, "Cranfield University": {"name": "Cranfield University", "type": "organization", "organization_type": "Education", "h_index": 64, "h5_index": 20, "num_publications": 1, "num_citations": 0, "num_publications_5y": 1, "num_citations_5y": 0, "num_publications_10y": 1, "num_citations_10y": 0, "publications_years": {"2016": 1}, "citations_years": {}, "old_citations": {"2016": 0}, "isVisible": false}, "Hangzhou Dianzi University": {"name": "Hangzhou Dianzi University", "type": "organization", "organization_type": "Education", "h_index": 52, "h5_index": 34, "num_publications": 1, "num_citations": 0, "num_publications_5y": 0, "num_citations_5y": 0, "num_publications_10y": 1, "num_citations_10y": 0, "publications_years": {"2010": 1}, "citations_years": {}, "old_citations": {"2010": 0}, "isVisible": false}, "Henan University of Technology": {"name": "Henan University of Technology", "type": "organization", "organization_type": "Education", "h_index": 23, "h5_index": 8, "num_publications": 1, "num_citations": 0, "num_publications_5y": 0, "num_citations_5y": 0, "num_publications_10y": 1, "num_citations_10y": 0, "publications_years": {"2010": 1}, "citations_years": {}, "old_citations": {"2010": 0}, "isVisible": false}, "Hunan University": {"name": "Hunan University", "type": "organization", "organization_type": "Education", "h_index": 64, "h5_index": 37, "num_publications": 1, "num_citations": 0, "num_publications_5y": 0, "num_citations_5y": 0, "num_publications_10y": 1, "num_citations_10y": 0, "publications_years": {"2010": 1}, "citations_years": {}, "old_citations": {"2010": 0}, "isVisible": false}, "Jilin University": {"name": "Jilin University", "type": "organization", "organization_type": "Education", "h_index": 50, "h5_index": 27, "num_publications": 1, "num_citations": 0, "num_publications_5y": 0, "num_citations_5y": 0, "num_publications_10y": 1, "num_citations_10y": 0, "publications_years": {"2010": 1}, "citations_years": {}, "old_citations": {"2010": 0}, "isVisible": false}, "Kanazawa University": {"name": "Kanazawa University", "type": "organization", "organization_type": "Education", "h_index": 31, "h5_index": 11, "num_publications": 1, "num_citations": 2, "num_publications_5y": 0, "num_citations_5y": 0, "num_publications_10y": 1, "num_citations_10y": 2, "publications_years": {"2011": 1}, "citations_years": {"2012": 1, "2013": 1}, "old_citations": {"2011": 2}, "isVisible": false}, "National Institute of Advanced Industrial Science and Technology": {"name": "National Institute of Advanced Industrial Science and Technology", "type": "organization", "organization_type": "Government", "h_index": 89, "h5_index": 23, "num_publications": 1, "num_citations": 2, "num_publications_5y": 0, "num_citations_5y": 0, "num_publications_10y": 1, "num_citations_10y": 2, "publications_years": {"2011": 1}, "citations_years": {"2012": 1, "2013": 1}, "old_citations": {"2011": 2}, "isVisible": false}, "Shanghai University": {"name": "Shanghai University", "type": "organization", "organization_type": "Education", "h_index": 68, "h5_index": 37, "num_publications": 1, "num_citations": 1, "num_publications_5y": 0, "num_citations_5y": 0, "num_publications_10y": 1, "num_citations_10y": 1, "publications_years": {"2010": 1}, "citations_years": {"2011": 1}, "old_citations": {"2010": 1}, "isVisible": false}, "South China University of Technology": {"name": "South China University of Technology", "type": "organization", "organization_type": "Education", "h_index": 83, "h5_index": 54, "num_publications": 1, "num_citations": 1, "num_publications_5y": 0, "num_citations_5y": 0, "num_publications_10y": 1, "num_citations_10y": 1, "publications_years": {"2010": 1}, "citations_years": {"2013": 1}, "old_citations": {"2010": 1}, "isVisible": false}, "Technical University of Madrid": {"name": "Technical University of Madrid", "type": "organization", "organization_type": "Education", "h_index": 89, "h5_index": 28, "num_publications": 1, "num_citations": 1, "num_publications_5y": 0, "num_citations_5y": 0, "num_publications_10y": 1, "num_citations_10y": 1, "publications_years": {"2011": 1}, "citations_years": {"2012": 1}, "old_citations": {"2011": 1}, "isVisible": false}, "The University of Texas at El Paso": {"name": "The University of Texas at El Paso", "type": "organization", "organization_type": "Education", "h_index": 55, "h5_index": 15, "num_publications": 1, "num_citations": 0, "num_publications_5y": 0, "num_citations_5y": 0, "num_publications_10y": 0, "num_citations_10y": 0, "publications_years": {"2008": 1}, "citations_years": {}, "old_citations": {"2008": 0}, "isVisible": false}, "Tianjin University": {"name": "Tianjin University", "type": "organization", "organization_type": "Education", "h_index": 74, "h5_index": 50, "num_publications": 1, "num_citations": 0, "num_publications_5y": 0, "num_citations_5y": 0, "num_publications_10y": 0, "num_citations_10y": 0, "publications_years": {"2008": 1}, "citations_years": {}, "old_citations": {"2008": 0}, "isVisible": false}, "Tokyo University of Science": {"name": "Tokyo University of Science", "type": "organization", "organization_type": "Education", "h_index": 33, "h5_index": 13, "num_publications": 1, "num_citations": 2, "num_publications_5y": 0, "num_citations_5y": 0, "num_publications_10y": 1, "num_citations_10y": 2, "publications_years": {"2011": 1}, "citations_years": {"2012": 1, "2013": 1}, "old_citations": {"2011": 2}, "isVisible": false}, "University of Iowa": {"name": "University of Iowa", "type": "organization", "organization_type": "Education", "h_index": 108, "h5_index": 24, "num_publications": 1, "num_citations": 11, "num_publications_5y": 0, "num_citations_5y": 0, "num_publications_10y": 0, "num_citations_10y": 3, "publications_years": {"2004": 1}, "citations_years": {"2005": 3, "2006": 1, "2007": 1, "2008": 3, "2009": 1, "2010": 0, "2011": 1, "2012": 0, "2013": 1}, "old_citations": {"2004": 11}, "isVisible": false}, "University of Pisa": {"name": "University of Pisa", "type": "organization", "organization_type": "Education", "h_index": 112, "h5_index": 32, "num_publications": 1, "num_citations": 0, "num_publications_5y": 1, "num_citations_5y": 0, "num_publications_10y": 1, "num_citations_10y": 0, "publications_years": {"2016": 1}, "citations_years": {}, "old_citations": {"2016": 0}, "isVisible": false}, "University of Science and Technology Beijing": {"name": "University of Science and Technology Beijing", "type": "organization", "organization_type": "Education", "h_index": 57, "h5_index": 39, "num_publications": 1, "num_citations": 2, "num_publications_5y": 0, "num_citations_5y": 0, "num_publications_10y": 1, "num_citations_10y": 1, "publications_years": {"2010": 1}, "citations_years": {"2013": 1, "2014": 0, "2015": 0, "2016": 0, "2017": 0, "2018": 0, "2019": 1}, "old_citations": {"2010": 2}, "isVisible": false}, "University of Southern Queensland": {"name": "University of Southern Queensland", "type": "organization", "organization_type": "Education", "h_index": 47, "h5_index": 18, "num_publications": 1, "num_citations": 0, "num_publications_5y": 0, "num_citations_5y": 0, "num_publications_10y": 1, "num_citations_10y": 0, "publications_years": {"2010": 1}, "citations_years": {}, "old_citations": {"2010": 0}, "isVisible": false}, "University of Utah": {"name": "University of Utah", "type": "organization", "organization_type": "Education", "h_index": 145, "h5_index": 34, "num_publications": 1, "num_citations": 11, "num_publications_5y": 0, "num_citations_5y": 0, "num_publications_10y": 0, "num_citations_10y": 3, "publications_years": {"2004": 1}, "citations_years": {"2005": 3, "2006": 1, "2007": 1, "2008": 3, "2009": 1, "2010": 0, "2011": 1, "2012": 0, "2013": 1}, "old_citations": {"2004": 11}, "isVisible": false}, "Wuhan University": {"name": "Wuhan University", "type": "organization", "organization_type": "Education", "h_index": 85, "h5_index": 51, "num_publications": 1, "num_citations": 0, "num_publications_5y": 0, "num_citations_5y": 0, "num_publications_10y": 1, "num_citations_10y": 0, "publications_years": {"2010": 1}, "citations_years": {}, "old_citations": {"2010": 0}, "isVisible": false}, "Wuhan University of Technology": {"name": "Wuhan University of Technology", "type": "organization", "organization_type": "Education", "h_index": 48, "h5_index": 21, "num_publications": 1, "num_citations": 0, "num_publications_5y": 0, "num_citations_5y": 0, "num_publications_10y": 1, "num_citations_10y": 0, "publications_years": {"2010": 1}, "citations_years": {}, "old_citations": {"2010": 0}, "isVisible": false}}, "topics": {"computer science": {"name": "computer science", "type": "topic", "h_index": 1779, "h5_index": 416, "num_publications": 36, "num_citations": 70, "num_publications_5y": 1, "num_citations_5y": 27, "num_publications_10y": 30, "num_citations_10y": 56, "publications_years": {"2010": 25, "2005": 2, "2007": 1, "2008": 2, "2004": 1, "2011": 3, "2009": 1, "2016": 1}, "citations_years": {"2011": 7, "2012": 12, "2013": 9, "2014": 6, "2015": 5, "2016": 9, "2017": 3, "2018": 4, "2019": 3, "2020": 1, "2006": 2, "2008": 4, "2005": 3, "2007": 1, "2009": 1, "2010": 0}, "old_citations": {"2010": 49, "2005": 1, "2007": 1, "2008": 0, "2004": 11, "2011": 7, "2009": 1, "2016": 0}, "isVisible": false}, "computer systems": {"name": "computer systems", "type": "topic", "h_index": 1595, "h5_index": 367, "num_publications": 27, "num_citations": 55, "num_publications_5y": 0, "num_citations_5y": 26, "num_publications_10y": 24, "num_citations_10y": 49, "publications_years": {"2010": 20, "2005": 2, "2007": 1, "2011": 3, "2009": 1}, "citations_years": {"2011": 5, "2012": 11, "2013": 7, "2014": 6, "2015": 4, "2016": 9, "2017": 3, "2018": 4, "2019": 3, "2020": 1, "2006": 1, "2008": 1}, "old_citations": {"2010": 45, "2005": 1, "2007": 1, "2011": 7, "2009": 1}, "isVisible": false}, "artificial intelligence": {"name": "artificial intelligence", "type": "topic", "h_index": 1421, "h5_index": 373, "num_publications": 22, "num_citations": 26, "num_publications_5y": 0, "num_citations_5y": 3, "num_publications_10y": 18, "num_citations_10y": 16, "publications_years": {"2010": 15, "2005": 1, "2008": 2, "2004": 1, "2011": 3}, "citations_years": {"2011": 5, "2012": 4, "2013": 3, "2014": 1, "2015": 2, "2006": 2, "2005": 3, "2007": 1, "2008": 3, "2009": 1, "2010": 0, "2016": 0, "2017": 0, "2018": 0, "2019": 1}, "old_citations": {"2010": 7, "2005": 1, "2008": 0, "2004": 11, "2011": 7}, "isVisible": false}, "mathematics": {"name": "mathematics", "type": "topic", "h_index": 1364, "h5_index": 300, "num_publications": 19, "num_citations": 12, "num_publications_5y": 0, "num_citations_5y": 3, "num_publications_10y": 15, "num_citations_10y": 9, "publications_years": {"2010": 12, "2005": 1, "2007": 1, "2008": 2, "2011": 2, "2009": 1}, "citations_years": {"2016": 1, "2017": 1, "2018": 0, "2019": 1, "2011": 2, "2012": 2, "2013": 2, "2014": 0, "2015": 1, "2006": 1, "2008": 1}, "old_citations": {"2010": 6, "2005": 1, "2007": 1, "2008": 0, "2011": 3, "2009": 1}, "isVisible": false}, "computer networks": {"name": "computer networks", "type": "topic", "h_index": 1262, "h5_index": 332, "num_publications": 11, "num_citations": 42, "num_publications_5y": 0, "num_citations_5y": 23, "num_publications_10y": 8, "num_citations_10y": 38, "publications_years": {"2010": 8, "2007": 1, "2008": 2}, "citations_years": {"2011": 1, "2012": 8, "2013": 6, "2014": 5, "2015": 3, "2016": 9, "2017": 2, "2018": 4, "2019": 2, "2020": 1, "2008": 1}, "old_citations": {"2010": 41, "2007": 1, "2008": 0}, "isVisible": false}, "database systems": {"name": "database systems", "type": "topic", "h_index": 1167, "h5_index": 276, "num_publications": 10, "num_citations": 11, "num_publications_5y": 0, "num_citations_5y": 2, "num_publications_10y": 10, "num_citations_10y": 10, "publications_years": {"2010": 6, "2011": 3, "2009": 1}, "citations_years": {"2013": 2, "2014": 1, "2015": 0, "2016": 0, "2017": 1, "2018": 0, "2019": 1, "2012": 4, "2011": 2}, "old_citations": {"2010": 3, "2011": 7, "2009": 1}, "isVisible": false}, "engineering": {"name": "engineering", "type": "topic", "h_index": 1177, "h5_index": 287, "num_publications": 10, "num_citations": 23, "num_publications_5y": 0, "num_citations_5y": 3, "num_publications_10y": 7, "num_citations_10y": 12, "publications_years": {"2010": 6, "2005": 1, "2007": 1, "2004": 1, "2011": 1}, "citations_years": {"2016": 1, "2017": 0, "2018": 0, "2019": 1, "2011": 6, "2012": 1, "2013": 1, "2014": 1, "2015": 1, "2006": 2, "2008": 4, "2005": 3, "2007": 1, "2009": 1, "2010": 0}, "old_citations": {"2010": 6, "2005": 1, "2007": 1, "2004": 11, "2011": 4}, "isVisible": false}, "probability": {"name": "probability", "type": "topic", "h_index": 918, "h5_index": 211, "num_publications": 10, "num_citations": 9, "num_publications_5y": 0, "num_citations_5y": 2, "num_publications_10y": 9, "num_citations_10y": 8, "publications_years": {"2010": 7, "2008": 1, "2011": 2}, "citations_years": {"2016": 1, "2017": 0, "2018": 0, "2019": 1, "2011": 2, "2012": 2, "2013": 2, "2014": 0, "2015": 1}, "old_citations": {"2010": 6, "2008": 0, "2011": 3}, "isVisible": false}, "computer imaging and vision": {"name": "computer imaging and vision", "type": "topic", "h_index": 1142, "h5_index": 334, "num_publications": 8, "num_citations": 17, "num_publications_5y": 0, "num_citations_5y": 2, "num_publications_10y": 5, "num_citations_10y": 8, "publications_years": {"2010": 5, "2005": 1, "2008": 1, "2004": 1}, "citations_years": {"2011": 3, "2012": 1, "2013": 1, "2014": 0, "2015": 2, "2006": 2, "2005": 3, "2007": 1, "2008": 3, "2009": 1, "2010": 0}, "old_citations": {"2010": 5, "2005": 1, "2008": 0, "2004": 11}, "isVisible": false}, "computer programming": {"name": "computer programming", "type": "topic", "h_index": 873, "h5_index": 186, "num_publications": 8, "num_citations": 8, "num_publications_5y": 1, "num_citations_5y": 2, "num_publications_10y": 5, "num_citations_10y": 7, "publications_years": {"2010": 3, "2005": 2, "2016": 1, "2011": 1, "2008": 1}, "citations_years": {"2011": 4, "2012": 1, "2013": 0, "2014": 1, "2015": 1, "2006": 1}, "old_citations": {"2010": 3, "2005": 1, "2016": 0, "2011": 4, "2008": 0}, "isVisible": false}, "correlation analysis": {"name": "correlation analysis", "type": "topic", "h_index": 1044, "h5_index": 224, "num_publications": 8, "num_citations": 3, "num_publications_5y": 0, "num_citations_5y": 1, "num_publications_10y": 7, "num_citations_10y": 2, "publications_years": {"2005": 1, "2010": 6, "2009": 1}, "citations_years": {"2006": 1, "2017": 1, "2013": 1}, "old_citations": {"2005": 1, "2010": 1, "2009": 1}, "isVisible": false}, "machine learning": {"name": "machine learning", "type": "topic", "h_index": 1123, "h5_index": 351, "num_publications": 8, "num_citations": 5, "num_publications_5y": 0, "num_citations_5y": 1, "num_publications_10y": 8, "num_citations_10y": 4, "publications_years": {"2010": 7, "2011": 1}, "citations_years": {"2012": 2, "2013": 1, "2014": 0, "2015": 1, "2016": 0, "2017": 0, "2018": 0, "2019": 1}, "old_citations": {"2010": 4, "2011": 1}, "isVisible": false}, "computer hardware": {"name": "computer hardware", "type": "topic", "h_index": 1150, "h5_index": 279, "num_publications": 7, "num_citations": 11, "num_publications_5y": 0, "num_citations_5y": 3, "num_publications_10y": 5, "num_citations_10y": 9, "publications_years": {"2010": 4, "2005": 1, "2007": 1, "2011": 1}, "citations_years": {"2011": 4, "2012": 2, "2013": 0, "2014": 1, "2015": 2, "2006": 1, "2008": 1}, "old_citations": {"2010": 5, "2005": 1, "2007": 1, "2011": 4}, "isVisible": false}, "human computer interaction": {"name": "human computer interaction", "type": "topic", "h_index": 934, "h5_index": 215, "num_publications": 7, "num_citations": 18, "num_publications_5y": 0, "num_citations_5y": 2, "num_publications_10y": 5, "num_citations_10y": 9, "publications_years": {"2010": 4, "2005": 1, "2004": 1, "2011": 1}, "citations_years": {"2011": 3, "2012": 2, "2013": 1, "2014": 0, "2015": 2, "2006": 2, "2005": 3, "2007": 1, "2008": 3, "2009": 1, "2010": 0}, "old_citations": {"2010": 5, "2005": 1, "2004": 11, "2011": 1}, "isVisible": false}, "image processing": {"name": "image processing", "type": "topic", "h_index": 1113, "h5_index": 328, "num_publications": 7, "num_citations": 6, "num_publications_5y": 0, "num_citations_5y": 2, "num_publications_10y": 5, "num_citations_10y": 5, "publications_years": {"2010": 5, "2005": 1, "2008": 1}, "citations_years": {"2011": 2, "2012": 1, "2013": 0, "2014": 0, "2015": 2, "2006": 1}, "old_citations": {"2010": 5, "2005": 1, "2008": 0}, "isVisible": false}, "object oriented programming": {"name": "object oriented programming", "type": "topic", "h_index": 636, "h5_index": 129, "num_publications": 7, "num_citations": 8, "num_publications_5y": 1, "num_citations_5y": 2, "num_publications_10y": 4, "num_citations_10y": 7, "publications_years": {"2010": 2, "2005": 2, "2016": 1, "2011": 1, "2008": 1}, "citations_years": {"2011": 4, "2012": 1, "2013": 0, "2014": 1, "2015": 1, "2006": 1}, "old_citations": {"2010": 3, "2005": 1, "2016": 0, "2011": 4, "2008": 0}, "isVisible": false}, "optimization": {"name": "optimization", "type": "topic", "h_index": 666, "h5_index": 160, "num_publications": 7, "num_citations": 1, "num_publications_5y": 0, "num_citations_5y": 0, "num_publications_10y": 6, "num_citations_10y": 1, "publications_years": {"2010": 6, "2008": 1}, "citations_years": {"2013": 1}, "old_citations": {"2010": 1, "2008": 0}, "isVisible": false}, "software": {"name": "software", "type": "topic", "h_index": 902, "h5_index": 167, "num_publications": 7, "num_citations": 8, "num_publications_5y": 0, "num_citations_5y": 3, "num_publications_10y": 7, "num_citations_10y": 8, "publications_years": {"2010": 5, "2009": 1, "2011": 1}, "citations_years": {"2012": 2, "2013": 0, "2014": 1, "2015": 1, "2017": 1, "2011": 3}, "old_citations": {"2010": 3, "2009": 1, "2011": 4}, "isVisible": false}, "telecommunication systems": {"name": "telecommunication systems", "type": "topic", "h_index": 1187, "h5_index": 277, "num_publications": 7, "num_citations": 39, "num_publications_5y": 0, "num_citations_5y": 23, "num_publications_10y": 6, "num_citations_10y": 35, "publications_years": {"2010": 6, "2007": 1}, "citations_years": {"2011": 1, "2012": 6, "2013": 5, "2014": 5, "2015": 3, "2016": 9, "2017": 2, "2018": 4, "2019": 2, "2020": 1, "2008": 1}, "old_citations": {"2010": 38, "2007": 1}, "isVisible": false}, "communication systems": {"name": "communication systems", "type": "topic", "h_index": 1092, "h5_index": 254, "num_publications": 6, "num_citations": 39, "num_publications_5y": 0, "num_citations_5y": 23, "num_publications_10y": 5, "num_citations_10y": 35, "publications_years": {"2010": 5, "2007": 1}, "citations_years": {"2011": 1, "2012": 6, "2013": 5, "2014": 5, "2015": 3, "2016": 9, "2017": 2, "2018": 4, "2019": 2, "2020": 1, "2008": 1}, "old_citations": {"2010": 38, "2007": 1}, "isVisible": false}, "wireless telecommunication systems": {"name": "wireless telecommunication systems", "type": "topic", "h_index": 1087, "h5_index": 254, "num_publications": 6, "num_citations": 39, "num_publications_5y": 0, "num_citations_5y": 23, "num_publications_10y": 5, "num_citations_10y": 35, "publications_years": {"2010": 5, "2007": 1}, "citations_years": {"2011": 1, "2012": 6, "2013": 5, "2014": 5, "2015": 3, "2016": 9, "2017": 2, "2018": 4, "2019": 2, "2020": 1, "2008": 1}, "old_citations": {"2010": 38, "2007": 1}, "isVisible": false}, "communication": {"name": "communication", "type": "topic", "h_index": 886, "h5_index": 209, "num_publications": 4, "num_citations": 38, "num_publications_5y": 0, "num_citations_5y": 23, "num_publications_10y": 4, "num_citations_10y": 35, "publications_years": {"2010": 4}, "citations_years": {"2011": 1, "2012": 6, "2013": 5, "2014": 5, "2015": 3, "2016": 9, "2017": 2, "2018": 4, "2019": 2, "2020": 1}, "old_citations": {"2010": 38}, "isVisible": false}, "computer security": {"name": "computer security", "type": "topic", "h_index": 977, "h5_index": 220, "num_publications": 6, "num_citations": 38, "num_publications_5y": 0, "num_citations_5y": 23, "num_publications_10y": 5, "num_citations_10y": 35, "publications_years": {"2010": 5, "2008": 1}, "citations_years": {"2011": 1, "2012": 5, "2013": 6, "2014": 5, "2015": 3, "2016": 9, "2017": 2, "2018": 4, "2019": 2, "2020": 1}, "old_citations": {"2010": 38, "2008": 0}, "isVisible": false}, "cryptography": {"name": "cryptography", "type": "topic", "h_index": 761, "h5_index": 179, "num_publications": 5, "num_citations": 38, "num_publications_5y": 0, "num_citations_5y": 23, "num_publications_10y": 4, "num_citations_10y": 35, "publications_years": {"2010": 4, "2008": 1}, "citations_years": {"2011": 1, "2012": 5, "2013": 6, "2014": 5, "2015": 3, "2016": 9, "2017": 2, "2018": 4, "2019": 2, "2020": 1}, "old_citations": {"2010": 38, "2008": 0}, "isVisible": false}, "cryptology": {"name": "cryptology", "type": "topic", "h_index": 761, "h5_index": 179, "num_publications": 5, "num_citations": 38, "num_publications_5y": 0, "num_citations_5y": 23, "num_publications_10y": 4, "num_citations_10y": 35, "publications_years": {"2010": 4, "2008": 1}, "citations_years": {"2011": 1, "2012": 5, "2013": 6, "2014": 5, "2015": 3, "2016": 9, "2017": 2, "2018": 4, "2019": 2, "2020": 1}, "old_citations": {"2010": 38, "2008": 0}, "isVisible": false}, "security of data": {"name": "security of data", "type": "topic", "h_index": 883, "h5_index": 199, "num_publications": 4, "num_citations": 38, "num_publications_5y": 0, "num_citations_5y": 23, "num_publications_10y": 3, "num_citations_10y": 35, "publications_years": {"2010": 3, "2008": 1}, "citations_years": {"2011": 1, "2012": 5, "2013": 6, "2014": 5, "2015": 3, "2016": 9, "2017": 2, "2018": 4, "2019": 2, "2020": 1}, "old_citations": {"2010": 38, "2008": 0}, "isVisible": false}, "communication channels (information theory)": {"name": "communication channels (information theory)", "type": "topic", "h_index": 925, "h5_index": 216, "num_publications": 4, "num_citations": 37, "num_publications_5y": 0, "num_citations_5y": 23, "num_publications_10y": 4, "num_citations_10y": 34, "publications_years": {"2010": 4}, "citations_years": {"2011": 1, "2012": 5, "2013": 5, "2014": 5, "2015": 3, "2016": 9, "2017": 2, "2018": 4, "2019": 2, "2020": 1}, "old_citations": {"2010": 37}, "isVisible": false}, "telecommunication networks": {"name": "telecommunication networks", "type": "topic", "h_index": 1116, "h5_index": 258, "num_publications": 6, "num_citations": 37, "num_publications_5y": 0, "num_citations_5y": 22, "num_publications_10y": 5, "num_citations_10y": 34, "publications_years": {"2010": 5, "2007": 1}, "citations_years": {"2011": 1, "2012": 6, "2013": 5, "2014": 5, "2015": 3, "2016": 8, "2017": 2, "2018": 4, "2019": 1, "2020": 1, "2008": 1}, "old_citations": {"2010": 36, "2007": 1}, "isVisible": false}, "authentication": {"name": "authentication", "type": "topic", "h_index": 615, "h5_index": 135, "num_publications": 3, "num_citations": 36, "num_publications_5y": 0, "num_citations_5y": 22, "num_publications_10y": 2, "num_citations_10y": 34, "publications_years": {"2010": 2, "2008": 1}, "citations_years": {"2011": 1, "2012": 5, "2013": 6, "2014": 5, "2015": 3, "2016": 8, "2017": 2, "2018": 4, "2019": 1, "2020": 1}, "old_citations": {"2010": 36, "2008": 0}, "isVisible": false}, "data communication systems": {"name": "data communication systems", "type": "topic", "h_index": 1013, "h5_index": 234, "num_publications": 4, "num_citations": 36, "num_publications_5y": 0, "num_citations_5y": 22, "num_publications_10y": 4, "num_citations_10y": 34, "publications_years": {"2010": 4}, "citations_years": {"2011": 1, "2012": 6, "2013": 5, "2014": 5, "2015": 3, "2016": 8, "2017": 2, "2018": 4, "2019": 1, "2020": 1}, "old_citations": {"2010": 36}, "isVisible": false}, "mobile computing": {"name": "mobile computing", "type": "topic", "h_index": 664, "h5_index": 170, "num_publications": 2, "num_citations": 36, "num_publications_5y": 0, "num_citations_5y": 22, "num_publications_10y": 2, "num_citations_10y": 34, "publications_years": {"2010": 2}, "citations_years": {"2011": 1, "2012": 6, "2013": 5, "2014": 5, "2015": 3, "2016": 8, "2017": 2, "2018": 4, "2019": 1, "2020": 1}, "old_citations": {"2010": 36}, "isVisible": false}, "network security": {"name": "network security", "type": "topic", "h_index": 658, "h5_index": 157, "num_publications": 3, "num_citations": 36, "num_publications_5y": 0, "num_citations_5y": 22, "num_publications_10y": 2, "num_citations_10y": 34, "publications_years": {"2010": 2, "2008": 1}, "citations_years": {"2011": 1, "2012": 5, "2013": 6, "2014": 5, "2015": 3, "2016": 8, "2017": 2, "2018": 4, "2019": 1, "2020": 1}, "old_citations": {"2010": 36, "2008": 0}, "isVisible": false}, "public key cryptography": {"name": "public key cryptography", "type": "topic", "h_index": 475, "h5_index": 97, "num_publications": 3, "num_citations": 36, "num_publications_5y": 0, "num_citations_5y": 22, "num_publications_10y": 2, "num_citations_10y": 34, "publications_years": {"2010": 2, "2008": 1}, "citations_years": {"2011": 1, "2012": 5, "2013": 6, "2014": 5, "2015": 3, "2016": 8, "2017": 2, "2018": 4, "2019": 1, "2020": 1}, "old_citations": {"2010": 36, "2008": 0}, "isVisible": false}, "bluetooth": {"name": "bluetooth", "type": "topic", "h_index": 143, "h5_index": 40, "num_publications": 1, "num_citations": 35, "num_publications_5y": 0, "num_citations_5y": 22, "num_publications_10y": 1, "num_citations_10y": 33, "publications_years": {"2010": 1}, "citations_years": {"2011": 1, "2012": 5, "2013": 5, "2014": 5, "2015": 3, "2016": 8, "2017": 2, "2018": 4, "2019": 1, "2020": 1}, "old_citations": {"2010": 35}, "isVisible": false}, "cellular telephone systems": {"name": "cellular telephone systems", "type": "topic", "h_index": 398, "h5_index": 107, "num_publications": 1, "num_citations": 35, "num_publications_5y": 0, "num_citations_5y": 22, "num_publications_10y": 1, "num_citations_10y": 33, "publications_years": {"2010": 1}, "citations_years": {"2011": 1, "2012": 5, "2013": 5, "2014": 5, "2015": 3, "2016": 8, "2017": 2, "2018": 4, "2019": 1, "2020": 1}, "old_citations": {"2010": 35}, "isVisible": false}, "software engineering": {"name": "software engineering", "type": "topic", "h_index": 964, "h5_index": 236, "num_publications": 6, "num_citations": 6, "num_publications_5y": 1, "num_citations_5y": 1, "num_publications_10y": 4, "num_citations_10y": 5, "publications_years": {"2005": 2, "2016": 1, "2011": 1, "2010": 2}, "citations_years": {"2006": 1, "2011": 3, "2012": 1, "2013": 0, "2014": 1}, "old_citations": {"2005": 1, "2016": 0, "2011": 4, "2010": 1}, "isVisible": false}, "architecting": {"name": "architecting", "type": "topic", "h_index": 522, "h5_index": 97, "num_publications": 2, "num_citations": 5, "num_publications_5y": 0, "num_citations_5y": 1, "num_publications_10y": 1, "num_citations_10y": 4, "publications_years": {"2005": 1, "2011": 1}, "citations_years": {"2006": 1, "2011": 2, "2012": 1, "2013": 0, "2014": 1}, "old_citations": {"2005": 1, "2011": 4}, "isVisible": false}, "architecture verification and validation": {"name": "architecture verification and validation", "type": "topic", "h_index": 434, "h5_index": 78, "num_publications": 1, "num_citations": 4, "num_publications_5y": 0, "num_citations_5y": 1, "num_publications_10y": 1, "num_citations_10y": 4, "publications_years": {"2011": 1}, "citations_years": {"2011": 2, "2012": 1, "2013": 0, "2014": 1}, "old_citations": {"2011": 4}, "isVisible": false}, "augmented reality": {"name": "augmented reality", "type": "topic", "h_index": 232, "h5_index": 70, "num_publications": 2, "num_citations": 3, "num_publications_5y": 0, "num_citations_5y": 1, "num_publications_10y": 2, "num_citations_10y": 3, "publications_years": {"2010": 1, "2011": 1}, "citations_years": {"2012": 2, "2013": 0, "2014": 0, "2015": 1}, "old_citations": {"2010": 2, "2011": 1}, "isVisible": false}, "bayesian networks": {"name": "bayesian networks", "type": "topic", "h_index": 548, "h5_index": 144, "num_publications": 2, "num_citations": 4, "num_publications_5y": 0, "num_citations_5y": 0, "num_publications_10y": 2, "num_citations_10y": 3, "publications_years": {"2010": 1, "2011": 1}, "citations_years": {"2013": 2, "2014": 0, "2015": 0, "2016": 0, "2017": 0, "2018": 0, "2019": 1, "2012": 1}, "old_citations": {"2010": 2, "2011": 2}, "isVisible": false}, "clustering algorithms": {"name": "clustering algorithms", "type": "topic", "h_index": 574, "h5_index": 133, "num_publications": 2, "num_citations": 3, "num_publications_5y": 0, "num_citations_5y": 0, "num_publications_10y": 2, "num_citations_10y": 2, "publications_years": {"2010": 1, "2011": 1}, "citations_years": {"2013": 1, "2014": 0, "2015": 0, "2016": 0, "2017": 0, "2018": 0, "2019": 1, "2012": 1}, "old_citations": {"2010": 2, "2011": 1}, "isVisible": false}, "clustering methods": {"name": "clustering methods", "type": "topic", "h_index": 370, "h5_index": 80, "num_publications": 1, "num_citations": 1, "num_publications_5y": 0, "num_citations_5y": 0, "num_publications_10y": 1, "num_citations_10y": 1, "publications_years": {"2011": 1}, "citations_years": {"2012": 1}, "old_citations": {"2011": 1}, "isVisible": false}, "computational linguistics": {"name": "computational linguistics", "type": "topic", "h_index": 668, "h5_index": 175, "num_publications": 2, "num_citations": 6, "num_publications_5y": 0, "num_citations_5y": 1, "num_publications_10y": 2, "num_citations_10y": 5, "publications_years": {"2010": 1, "2011": 1}, "citations_years": {"2013": 1, "2014": 1, "2015": 0, "2016": 0, "2017": 0, "2018": 0, "2019": 1, "2011": 2, "2012": 1}, "old_citations": {"2010": 2, "2011": 4}, "isVisible": false}, "computer hardware description languages": {"name": "computer hardware description languages", "type": "topic", "h_index": 258, "h5_index": 38, "num_publications": 1, "num_citations": 4, "num_publications_5y": 0, "num_citations_5y": 1, "num_publications_10y": 1, "num_citations_10y": 4, "publications_years": {"2011": 1}, "citations_years": {"2011": 2, "2012": 1, "2013": 0, "2014": 1}, "old_citations": {"2011": 4}, "isVisible": false}, "computer programming languages": {"name": "computer programming languages", "type": "topic", "h_index": 746, "h5_index": 154, "num_publications": 3, "num_citations": 4, "num_publications_5y": 0, "num_citations_5y": 1, "num_publications_10y": 2, "num_citations_10y": 4, "publications_years": {"2011": 1, "2008": 1, "2010": 1}, "citations_years": {"2011": 2, "2012": 1, "2013": 0, "2014": 1}, "old_citations": {"2011": 4, "2008": 0, "2010": 0}, "isVisible": false}, "computer software maintenance": {"name": "computer software maintenance", "type": "topic", "h_index": 349, "h5_index": 68, "num_publications": 2, "num_citations": 0, "num_publications_5y": 1, "num_citations_5y": 0, "num_publications_10y": 1, "num_citations_10y": 0, "publications_years": {"2005": 1, "2016": 1}, "citations_years": {}, "old_citations": {"2005": 0, "2016": 0}, "isVisible": false}, "digital signal processing": {"name": "digital signal processing", "type": "topic", "h_index": 435, "h5_index": 97, "num_publications": 3, "num_citations": 8, "num_publications_5y": 0, "num_citations_5y": 2, "num_publications_10y": 2, "num_citations_10y": 7, "publications_years": {"2010": 1, "2005": 1, "2011": 1}, "citations_years": {"2011": 4, "2012": 1, "2013": 0, "2014": 1, "2015": 1, "2006": 1}, "old_citations": {"2010": 3, "2005": 1, "2011": 4}, "isVisible": false}, "embedded systems": {"name": "embedded systems", "type": "topic", "h_index": 799, "h5_index": 168, "num_publications": 5, "num_citations": 9, "num_publications_5y": 0, "num_citations_5y": 2, "num_publications_10y": 3, "num_citations_10y": 7, "publications_years": {"2010": 2, "2005": 1, "2007": 1, "2011": 1}, "citations_years": {"2011": 4, "2012": 1, "2013": 0, "2014": 1, "2015": 1, "2006": 1, "2008": 1}, "old_citations": {"2010": 3, "2005": 1, "2007": 1, "2011": 4}, "isVisible": false}, "event-b": {"name": "event-b", "type": "topic", "h_index": 88, "h5_index": 16, "num_publications": 1, "num_citations": 4, "num_publications_5y": 0, "num_citations_5y": 1, "num_publications_10y": 1, "num_citations_10y": 4, "publications_years": {"2011": 1}, "citations_years": {"2011": 2, "2012": 1, "2013": 0, "2014": 1}, "old_citations": {"2011": 4}, "isVisible": false}, "field programmable gate arrays (fpga)": {"name": "field programmable gate arrays (fpga)", "type": "topic", "h_index": 594, "h5_index": 149, "num_publications": 3, "num_citations": 8, "num_publications_5y": 0, "num_citations_5y": 2, "num_publications_10y": 2, "num_citations_10y": 7, "publications_years": {"2010": 1, "2005": 1, "2011": 1}, "citations_years": {"2011": 4, "2012": 1, "2013": 0, "2014": 1, "2015": 1, "2006": 1}, "old_citations": {"2010": 3, "2005": 1, "2011": 4}, "isVisible": false}, "formal languages": {"name": "formal languages", "type": "topic", "h_index": 475, "h5_index": 93, "num_publications": 1, "num_citations": 4, "num_publications_5y": 0, "num_citations_5y": 1, "num_publications_10y": 1, "num_citations_10y": 4, "publications_years": {"2011": 1}, "citations_years": {"2011": 2, "2012": 1, "2013": 0, "2014": 1}, "old_citations": {"2011": 4}, "isVisible": false}, "formal languages and automata theory": {"name": "formal languages and automata theory", "type": "topic", "h_index": 546, "h5_index": 122, "num_publications": 1, "num_citations": 4, "num_publications_5y": 0, "num_citations_5y": 1, "num_publications_10y": 1, "num_citations_10y": 4, "publications_years": {"2011": 1}, "citations_years": {"2011": 2, "2012": 1, "2013": 0, "2014": 1}, "old_citations": {"2011": 4}, "isVisible": false}, "formal logic": {"name": "formal logic", "type": "topic", "h_index": 532, "h5_index": 93, "num_publications": 2, "num_citations": 4, "num_publications_5y": 0, "num_citations_5y": 1, "num_publications_10y": 1, "num_citations_10y": 4, "publications_years": {"2011": 1, "2008": 1}, "citations_years": {"2011": 2, "2012": 1, "2013": 0, "2014": 1}, "old_citations": {"2011": 4, "2008": 0}, "isVisible": false}, "formal methods": {"name": "formal methods", "type": "topic", "h_index": 365, "h5_index": 59, "num_publications": 1, "num_citations": 4, "num_publications_5y": 0, "num_citations_5y": 1, "num_publications_10y": 1, "num_citations_10y": 4, "publications_years": {"2011": 1}, "citations_years": {"2011": 2, "2012": 1, "2013": 0, "2014": 1}, "old_citations": {"2011": 4}, "isVisible": false}, "maintenance process": {"name": "maintenance process", "type": "topic", "h_index": 150, "h5_index": 32, "num_publications": 2, "num_citations": 0, "num_publications_5y": 1, "num_citations_5y": 0, "num_publications_10y": 1, "num_citations_10y": 0, "publications_years": {"2005": 1, "2016": 1}, "citations_years": {}, "old_citations": {"2005": 0, "2016": 0}, "isVisible": false}}, "authors": {"2420812185": {"name": "dan ma", "type": "author", "activity": 2, "h_index": 0, "h5_index": 0, "mag_id": "2420812185", "num_publications": 2, "num_citations": 0, "num_publications_5y": 0, "num_citations_5y": 0, "num_publications_10y": 2, "num_citations_10y": 0, "publications_years": {"2010": 2}, "citations_years": {}, "old_citations": {"2010": 0}, "isVisible": false}, "2632528150": {"name": "haojin lv", "type": "author", "activity": 1, "h_index": 0, "h5_index": 0, "mag_id": "2632528150", "num_publications": 2, "num_citations": 0, "num_publications_5y": 0, "num_citations_5y": 0, "num_publications_10y": 2, "num_citations_10y": 0, "publications_years": {"2010": 2}, "citations_years": {}, "old_citations": {"2010": 0}, "isVisible": false}, "2660726412": {"name": "jianning wen", "type": "author", "activity": 1, "h_index": 0, "h5_index": 0, "mag_id": "2660726412", "num_publications": 2, "num_citations": 0, "num_publications_5y": 0, "num_citations_5y": 0, "num_publications_10y": 2, "num_citations_10y": 0, "publications_years": {"2010": 2}, "citations_years": {}, "old_citations": {"2010": 0}, "isVisible": false}, "2668998762": {"name": "qi yue", "type": "author", "activity": 6, "h_index": 2, "h5_index": 0, "mag_id": "2668998762", "num_publications": 2, "num_citations": 5, "num_publications_5y": 0, "num_citations_5y": 2, "num_publications_10y": 2, "num_citations_10y": 5, "publications_years": {"2010": 2}, "citations_years": {"2011": 2, "2012": 1, "2013": 0, "2014": 0, "2015": 2}, "old_citations": {"2010": 5}, "isVisible": false}, "17427687": {"name": "abbas rasoolzadegan", "type": "author", "activity": 15, "h_index": 6, "h5_index": 6, "mag_id": "17427687", "num_publications": 1, "num_citations": 4, "num_publications_5y": 0, "num_citations_5y": 1, "num_publications_10y": 1, "num_citations_10y": 4, "publications_years": {"2011": 1}, "citations_years": {"2011": 2, "2012": 1, "2013": 0, "2014": 1}, "old_citations": {"2011": 4}, "isVisible": false}, "52779264": {"name": "monica sebillo", "type": "author", "activity": 21, "h_index": 10, "h5_index": 2, "mag_id": "52779264", "num_publications": 1, "num_citations": 1, "num_publications_5y": 0, "num_citations_5y": 1, "num_publications_10y": 1, "num_citations_10y": 1, "publications_years": {"2009": 1}, "citations_years": {"2017": 1}, "old_citations": {"2009": 1}, "isVisible": false}, "535887905": {"name": "vincenzo del fatto", "type": "author", "activity": 14, "h_index": 6, "h5_index": 2, "mag_id": "535887905", "num_publications": 1, "num_citations": 1, "num_publications_5y": 0, "num_citations_5y": 1, "num_publications_10y": 1, "num_citations_10y": 1, "publications_years": {"2009": 1}, "citations_years": {"2017": 1}, "old_citations": {"2009": 1}, "isVisible": false}, "1439462824": {"name": "peter willemsen", "type": "author", "activity": 25, "h_index": 19, "h5_index": 1, "mag_id": "1439462824", "num_publications": 1, "num_citations": 11, "num_publications_5y": 0, "num_citations_5y": 0, "num_publications_10y": 0, "num_citations_10y": 3, "publications_years": {"2004": 1}, "citations_years": {"2005": 3, "2006": 1, "2007": 1, "2008": 3, "2009": 1, "2010": 0, "2011": 1, "2012": 0, "2013": 1}, "old_citations": {"2004": 11}, "isVisible": false}, "1977675974": {"name": "j veiga", "type": "author", "activity": 1, "h_index": 1, "h5_index": 0, "mag_id": "1977675974", "num_publications": 1, "num_citations": 1, "num_publications_5y": 0, "num_citations_5y": 0, "num_publications_10y": 1, "num_citations_10y": 1, "publications_years": {"2011": 1}, "citations_years": {"2012": 1}, "old_citations": {"2011": 1}, "isVisible": false}, "1997039795": {"name": "jeanfrancois santucci", "type": "author", "activity": 27, "h_index": 6, "h5_index": 1, "mag_id": "1997039795", "num_publications": 1, "num_citations": 1, "num_publications_5y": 0, "num_citations_5y": 0, "num_publications_10y": 0, "num_citations_10y": 0, "publications_years": {"2007": 1}, "citations_years": {"2008": 1}, "old_citations": {"2007": 1}, "isVisible": false}, "2005396738": {"name": "latif alhakim", "type": "author", "activity": 15, "h_index": 7, "h5_index": 0, "mag_id": "2005396738", "num_publications": 1, "num_citations": 0, "num_publications_5y": 0, "num_citations_5y": 0, "num_publications_10y": 1, "num_citations_10y": 0, "publications_years": {"2010": 1}, "citations_years": {}, "old_citations": {"2010": 0}, "isVisible": false}, "2012622422": {"name": "r klefstad", "type": "author", "activity": 24, "h_index": 12, "h5_index": 0, "mag_id": "2012622422", "num_publications": 1, "num_citations": 1, "num_publications_5y": 0, "num_citations_5y": 0, "num_publications_10y": 0, "num_citations_10y": 0, "publications_years": {"2005": 1}, "citations_years": {"2006": 1}, "old_citations": {"2005": 1}, "isVisible": false}, "2013572246": {"name": "\u7950\u4ecb \u5bae\u5d0e", "type": "author", "activity": 8, "h_index": 1, "h5_index": 0, "mag_id": "2013572246", "num_publications": 1, "num_citations": 2, "num_publications_5y": 0, "num_citations_5y": 0, "num_publications_10y": 1, "num_citations_10y": 2, "publications_years": {"2011": 1}, "citations_years": {"2012": 1, "2013": 1}, "old_citations": {"2011": 2}, "isVisible": false}, "2022984195": {"name": "robert laurini", "type": "author", "activity": 29, "h_index": 14, "h5_index": 2, "mag_id": "2022984195", "num_publications": 1, "num_citations": 1, "num_publications_5y": 0, "num_citations_5y": 1, "num_publications_10y": 1, "num_citations_10y": 1, "publications_years": {"2009": 1}, "citations_years": {"2017": 1}, "old_citations": {"2009": 1}, "isVisible": false}, "2066115691": {"name": "ahmad abdollahzadeh barforoush", "type": "author", "activity": 17, "h_index": 5, "h5_index": 2, "mag_id": "2066115691", "num_publications": 1, "num_citations": 4, "num_publications_5y": 0, "num_citations_5y": 1, "num_publications_10y": 1, "num_citations_10y": 4, "publications_years": {"2011": 1}, "citations_years": {"2011": 2, "2012": 1, "2013": 0, "2014": 1}, "old_citations": {"2011": 4}, "isVisible": false}, "2070025484": {"name": "giuliana vitiello", "type": "author", "activity": 30, "h_index": 14, "h5_index": 2, "mag_id": "2070025484", "num_publications": 1, "num_citations": 1, "num_publications_5y": 0, "num_citations_5y": 1, "num_publications_10y": 1, "num_citations_10y": 1, "publications_years": {"2009": 1}, "citations_years": {"2017": 1}, "old_citations": {"2009": 1}, "isVisible": false}, "2080622154": {"name": "john ahmet erkoyuncu", "type": "author", "activity": 12, "h_index": 5, "h5_index": 4, "mag_id": "2080622154", "num_publications": 1, "num_citations": 0, "num_publications_5y": 1, "num_citations_5y": 0, "num_publications_10y": 1, "num_citations_10y": 0, "publications_years": {"2016": 1}, "citations_years": {}, "old_citations": {"2016": 0}, "isVisible": false}, "2098822510": {"name": "rosalva loreto", "type": "author", "activity": 3, "h_index": 1, "h5_index": 0, "mag_id": "2098822510", "num_publications": 1, "num_citations": 1, "num_publications_5y": 0, "num_citations_5y": 1, "num_publications_10y": 1, "num_citations_10y": 1, "publications_years": {"2009": 1}, "citations_years": {"2017": 1}, "old_citations": {"2009": 1}, "isVisible": false}, "2111609205": {"name": "karla lopez", "type": "author", "activity": 5, "h_index": 3, "h5_index": 0, "mag_id": "2111609205", "num_publications": 1, "num_citations": 1, "num_publications_5y": 0, "num_citations_5y": 1, "num_publications_10y": 1, "num_citations_10y": 1, "publications_years": {"2009": 1}, "citations_years": {"2017": 1}, "old_citations": {"2009": 1}, "isVisible": false}, "2112195631": {"name": "shuhsing chung", "type": "author", "activity": 9, "h_index": 4, "h5_index": 0, "mag_id": "2112195631", "num_publications": 1, "num_citations": 0, "num_publications_5y": 0, "num_citations_5y": 0, "num_publications_10y": 0, "num_citations_10y": 0, "publications_years": {"2005": 1}, "citations_years": {}, "old_citations": {"2005": 0}, "isVisible": false}, "2112369128": {"name": "james f cremer", "type": "author", "activity": 23, "h_index": 12, "h5_index": 0, "mag_id": "2112369128", "num_publications": 1, "num_citations": 11, "num_publications_5y": 0, "num_citations_5y": 0, "num_publications_10y": 0, "num_citations_10y": 3, "publications_years": {"2004": 1}, "citations_years": {"2005": 3, "2006": 1, "2007": 1, "2008": 3, "2009": 1, "2010": 0, "2011": 1, "2012": 0, "2013": 1}, "old_citations": {"2004": 11}, "isVisible": false}, "2112804654": {"name": "xuyan tu", "type": "author", "activity": 13, "h_index": 2, "h5_index": 1, "mag_id": "2112804654", "num_publications": 1, "num_citations": 2, "num_publications_5y": 0, "num_citations_5y": 0, "num_publications_10y": 1, "num_citations_10y": 1, "publications_years": {"2010": 1}, "citations_years": {"2013": 1, "2014": 0, "2015": 0, "2016": 0, "2017": 0, "2018": 0, "2019": 1}, "old_citations": {"2010": 2}, "isVisible": false}, "2122183393": {"name": "yoshifumi nishida", "type": "author", "activity": 26, "h_index": 10, "h5_index": 3, "mag_id": "2122183393", "num_publications": 1, "num_citations": 2, "num_publications_5y": 0, "num_citations_5y": 0, "num_publications_10y": 1, "num_citations_10y": 2, "publications_years": {"2011": 1}, "citations_years": {"2012": 1, "2013": 1}, "old_citations": {"2011": 2}, "isVisible": false}, "2128968900": {"name": "yongmei ding", "type": "author", "activity": 1, "h_index": 0, "h5_index": 0, "mag_id": "2128968900", "num_publications": 1, "num_citations": 0, "num_publications_5y": 0, "num_citations_5y": 0, "num_publications_10y": 1, "num_citations_10y": 0, "publications_years": {"2010": 1}, "citations_years": {}, "old_citations": {"2010": 0}, "isVisible": false}, "2129475412": {"name": "hiroshi mizoguchi", "type": "author", "activity": 31, "h_index": 14, "h5_index": 2, "mag_id": "2129475412", "num_publications": 1, "num_citations": 2, "num_publications_5y": 0, "num_citations_5y": 0, "num_publications_10y": 1, "num_citations_10y": 2, "publications_years": {"2011": 1}, "citations_years": {"2012": 1, "2013": 1}, "old_citations": {"2011": 2}, "isVisible": false}, "2134792893": {"name": "\u535a \u6e9d\u53e3", "type": "author", "activity": 23, "h_index": 2, "h5_index": 0, "mag_id": "2134792893", "num_publications": 1, "num_citations": 2, "num_publications_5y": 0, "num_citations_5y": 0, "num_publications_10y": 1, "num_citations_10y": 2, "publications_years": {"2011": 1}, "citations_years": {"2012": 1, "2013": 1}, "old_citations": {"2011": 2}, "isVisible": false}, "2136129575": {"name": "santiago gonzalez", "type": "author", "activity": 8, "h_index": 3, "h5_index": 1, "mag_id": "2136129575", "num_publications": 1, "num_citations": 1, "num_publications_5y": 0, "num_citations_5y": 0, "num_publications_10y": 1, "num_citations_10y": 1, "publications_years": {"2011": 1}, "citations_years": {"2012": 1}, "old_citations": {"2011": 1}, "isVisible": false}, "2147380019": {"name": "antonio gracia berna", "type": "author", "activity": 1, "h_index": 1, "h5_index": 0, "mag_id": "2147380019", "num_publications": 1, "num_citations": 1, "num_publications_5y": 0, "num_citations_5y": 0, "num_publications_10y": 1, "num_citations_10y": 1, "publications_years": {"2011": 1}, "citations_years": {"2012": 1}, "old_citations": {"2011": 1}, "isVisible": false}, "2151060068": {"name": "joseph k kearney", "type": "author", "activity": 29, "h_index": 15, "h5_index": 4, "mag_id": "2151060068", "num_publications": 1, "num_citations": 11, "num_publications_5y": 0, "num_citations_5y": 0, "num_publications_10y": 0, "num_citations_10y": 3, "publications_years": {"2004": 1}, "citations_years": {"2005": 3, "2006": 1, "2007": 1, "2008": 3, "2009": 1, "2010": 0, "2011": 1, "2012": 0, "2013": 1}, "old_citations": {"2004": 11}, "isVisible": false}, "2157443963": {"name": "guangping zeng", "type": "author", "activity": 12, "h_index": 3, "h5_index": 1, "mag_id": "2157443963", "num_publications": 1, "num_citations": 2, "num_publications_5y": 0, "num_citations_5y": 0, "num_publications_10y": 1, "num_citations_10y": 1, "publications_years": {"2010": 1}, "citations_years": {"2013": 1, "2014": 0, "2015": 0, "2016": 0, "2017": 0, "2018": 0, "2019": 1}, "old_citations": {"2010": 2}, "isVisible": false}, "2159546935": {"name": "hongling wang", "type": "author", "activity": 4, "h_index": 5, "h5_index": 0, "mag_id": "2159546935", "num_publications": 1, "num_citations": 11, "num_publications_5y": 0, "num_citations_5y": 0, "num_publications_10y": 0, "num_citations_10y": 3, "publications_years": {"2004": 1}, "citations_years": {"2005": 3, "2006": 1, "2007": 1, "2008": 3, "2009": 1, "2010": 0, "2011": 1, "2012": 0, "2013": 1}, "old_citations": {"2004": 11}, "isVisible": false}, "2172056534": {"name": "bernadette costa", "type": "author", "activity": 2, "h_index": 4, "h5_index": 0, "mag_id": "2172056534", "num_publications": 1, "num_citations": 1, "num_publications_5y": 0, "num_citations_5y": 0, "num_publications_10y": 0, "num_citations_10y": 0, "publications_years": {"2007": 1}, "citations_years": {"2008": 1}, "old_citations": {"2007": 1}, "isVisible": false}, "2224543150": {"name": "gino dini", "type": "author", "activity": 28, "h_index": 5, "h5_index": 2, "mag_id": "2224543150", "num_publications": 1, "num_citations": 0, "num_publications_5y": 1, "num_citations_5y": 0, "num_publications_10y": 1, "num_citations_10y": 0, "publications_years": {"2016": 1}, "citations_years": {}, "old_citations": {"2016": 0}, "isVisible": false}, "2225965743": {"name": "jida huang", "type": "author", "activity": 1, "h_index": 0, "h5_index": 0, "mag_id": "2225965743", "num_publications": 1, "num_citations": 0, "num_publications_5y": 0, "num_citations_5y": 0, "num_publications_10y": 1, "num_citations_10y": 0, "publications_years": {"2010": 1}, "citations_years": {}, "old_citations": {"2010": 0}, "isVisible": false}, "2226685553": {"name": "zhiqian miao", "type": "author", "activity": 1, "h_index": 1, "h5_index": 0, "mag_id": "2226685553", "num_publications": 1, "num_citations": 35, "num_publications_5y": 0, "num_citations_5y": 22, "num_publications_10y": 1, "num_citations_10y": 33, "publications_years": {"2010": 1}, "citations_years": {"2011": 1, "2012": 5, "2013": 5, "2014": 5, "2015": 3, "2016": 8, "2017": 2, "2018": 4, "2019": 1, "2020": 1}, "old_citations": {"2010": 35}, "isVisible": false}, "2226908474": {"name": "bai gang", "type": "author", "activity": 1, "h_index": 1, "h5_index": 0, "mag_id": "2226908474", "num_publications": 1, "num_citations": 3, "num_publications_5y": 0, "num_citations_5y": 1, "num_publications_10y": 1, "num_citations_10y": 3, "publications_years": {"2010": 1}, "citations_years": {"2011": 2, "2012": 0, "2013": 0, "2014": 0, "2015": 1}, "old_citations": {"2010": 3}, "isVisible": false}, "2228717940": {"name": "jianzhong hao", "type": "author", "activity": 1, "h_index": 0, "h5_index": 0, "mag_id": "2228717940", "num_publications": 1, "num_citations": 0, "num_publications_5y": 0, "num_citations_5y": 0, "num_publications_10y": 1, "num_citations_10y": 0, "publications_years": {"2010": 1}, "citations_years": {}, "old_citations": {"2010": 0}, "isVisible": false}, "2253392871": {"name": "\u4f73\u53f2 \u897f\u7530", "type": "author", "activity": 16, "h_index": 2, "h5_index": 0, "mag_id": "2253392871", "num_publications": 1, "num_citations": 2, "num_publications_5y": 0, "num_citations_5y": 0, "num_publications_10y": 1, "num_citations_10y": 2, "publications_years": {"2011": 1}, "citations_years": {"2012": 1, "2013": 1}, "old_citations": {"2011": 2}, "isVisible": false}, "2285035584": {"name": "ying su", "type": "author", "activity": 8, "h_index": 2, "h5_index": 0, "mag_id": "2285035584", "num_publications": 1, "num_citations": 0, "num_publications_5y": 0, "num_citations_5y": 0, "num_publications_10y": 1, "num_citations_10y": 0, "publications_years": {"2010": 1}, "citations_years": {}, "old_citations": {"2010": 0}, "isVisible": false}, "2378145592": {"name": "baoding yang", "type": "author", "activity": 1, "h_index": 0, "h5_index": 0, "mag_id": "2378145592", "num_publications": 1, "num_citations": 0, "num_publications_5y": 0, "num_citations_5y": 0, "num_publications_10y": 1, "num_citations_10y": 0, "publications_years": {"2010": 1}, "citations_years": {}, "old_citations": {"2010": 0}, "isVisible": false}, "2396040512": {"name": "pinghung tsai", "type": "author", "activity": 1, "h_index": 0, "h5_index": 0, "mag_id": "2396040512", "num_publications": 1, "num_citations": 0, "num_publications_5y": 0, "num_citations_5y": 0, "num_publications_10y": 0, "num_citations_10y": 0, "publications_years": {"2005": 1}, "citations_years": {}, "old_citations": {"2005": 0}, "isVisible": false}, "2403719014": {"name": "yuting tai", "type": "author", "activity": 1, "h_index": 0, "h5_index": 0, "mag_id": "2403719014", "num_publications": 1, "num_citations": 0, "num_publications_5y": 0, "num_citations_5y": 0, "num_publications_10y": 0, "num_citations_10y": 0, "publications_years": {"2005": 1}, "citations_years": {}, "old_citations": {"2005": 0}, "isVisible": false}, "2420759636": {"name": "victor robles forcada", "type": "author", "activity": 1, "h_index": 1, "h5_index": 0, "mag_id": "2420759636", "num_publications": 1, "num_citations": 1, "num_publications_5y": 0, "num_citations_5y": 0, "num_publications_10y": 1, "num_citations_10y": 1, "publications_years": {"2011": 1}, "citations_years": {"2012": 1}, "old_citations": {"2011": 1}, "isVisible": false}, "2422218788": {"name": "lin li", "type": "author", "activity": 1, "h_index": 0, "h5_index": 0, "mag_id": "2422218788", "num_publications": 1, "num_citations": 0, "num_publications_5y": 0, "num_citations_5y": 0, "num_publications_10y": 1, "num_citations_10y": 0, "publications_years": {"2010": 1}, "citations_years": {}, "old_citations": {"2010": 0}, "isVisible": false}, "2428212589": {"name": "hu yong", "type": "author", "activity": 1, "h_index": 1, "h5_index": 0, "mag_id": "2428212589", "num_publications": 1, "num_citations": 3, "num_publications_5y": 0, "num_citations_5y": 1, "num_publications_10y": 1, "num_citations_10y": 3, "publications_years": {"2010": 1}, "citations_years": {"2011": 2, "2012": 0, "2013": 0, "2014": 0, "2015": 1}, "old_citations": {"2010": 3}, "isVisible": false}, "2441973551": {"name": "yong chen", "type": "author", "activity": 1, "h_index": 1, "h5_index": 0, "mag_id": "2441973551", "num_publications": 1, "num_citations": 2, "num_publications_5y": 0, "num_citations_5y": 1, "num_publications_10y": 1, "num_citations_10y": 1, "publications_years": {"2010": 1}, "citations_years": {"2016": 1, "2017": 0, "2018": 0, "2019": 1}, "old_citations": {"2010": 2}, "isVisible": false}, "2466068793": {"name": "thierry antoinesantoni", "type": "author", "activity": 13, "h_index": 4, "h5_index": 0, "mag_id": "2466068793", "num_publications": 1, "num_citations": 1, "num_publications_5y": 0, "num_citations_5y": 0, "num_publications_10y": 0, "num_citations_10y": 0, "publications_years": {"2007": 1}, "citations_years": {"2008": 1}, "old_citations": {"2007": 1}, "isVisible": false}, "2475500397": {"name": "xiaoping du", "type": "author", "activity": 3, "h_index": 1, "h5_index": 0, "mag_id": "2475500397", "num_publications": 1, "num_citations": 0, "num_publications_5y": 0, "num_citations_5y": 0, "num_publications_10y": 1, "num_citations_10y": 0, "publications_years": {"2010": 1}, "citations_years": {}, "old_citations": {"2010": 0}, "isVisible": false}, "2479296906": {"name": "hui zhu", "type": "author", "activity": 1, "h_index": 0, "h5_index": 0, "mag_id": "2479296906", "num_publications": 1, "num_citations": 0, "num_publications_5y": 0, "num_citations_5y": 0, "num_publications_10y": 1, "num_citations_10y": 0, "publications_years": {"2010": 1}, "citations_years": {}, "old_citations": {"2010": 0}, "isVisible": false}, "2479613604": {"name": "yusuke miyazaki", "type": "author", "activity": 17, "h_index": 2, "h5_index": 0, "mag_id": "2479613604", "num_publications": 1, "num_citations": 2, "num_publications_5y": 0, "num_citations_5y": 0, "num_publications_10y": 1, "num_citations_10y": 2, "publications_years": {"2011": 1}, "citations_years": {"2012": 1, "2013": 1}, "old_citations": {"2011": 2}, "isVisible": false}, "2482359445": {"name": "jing li", "type": "author", "activity": 1, "h_index": 1, "h5_index": 0, "mag_id": "2482359445", "num_publications": 1, "num_citations": 2, "num_publications_5y": 0, "num_citations_5y": 0, "num_publications_10y": 1, "num_citations_10y": 2, "publications_years": {"2010": 1}, "citations_years": {"2012": 2}, "old_citations": {"2010": 2}, "isVisible": false}, "2485937425": {"name": "jianjun song", "type": "author", "activity": 3, "h_index": 1, "h5_index": 0, "mag_id": "2485937425", "num_publications": 1, "num_citations": 0, "num_publications_5y": 0, "num_citations_5y": 0, "num_publications_10y": 1, "num_citations_10y": 0, "publications_years": {"2010": 1}, "citations_years": {}, "old_citations": {"2010": 0}, "isVisible": false}, "2486108024": {"name": "jia jun", "type": "author", "activity": 1, "h_index": 1, "h5_index": 0, "mag_id": "2486108024", "num_publications": 1, "num_citations": 2, "num_publications_5y": 0, "num_citations_5y": 1, "num_publications_10y": 1, "num_citations_10y": 2, "publications_years": {"2010": 1}, "citations_years": {"2012": 1, "2013": 0, "2014": 0, "2015": 1}, "old_citations": {"2010": 2}, "isVisible": false}, "2487118782": {"name": "ni ye", "type": "author", "activity": 1, "h_index": 0, "h5_index": 0, "mag_id": "2487118782", "num_publications": 1, "num_citations": 0, "num_publications_5y": 0, "num_citations_5y": 0, "num_publications_10y": 1, "num_citations_10y": 0, "publications_years": {"2010": 1}, "citations_years": {}, "old_citations": {"2010": 0}, "isVisible": false}, "2487825647": {"name": "jianhua chen", "type": "author", "activity": 1, "h_index": 0, "h5_index": 0, "mag_id": "2487825647", "num_publications": 1, "num_citations": 0, "num_publications_5y": 0, "num_citations_5y": 0, "num_publications_10y": 1, "num_citations_10y": 0, "publications_years": {"2010": 1}, "citations_years": {}, "old_citations": {"2010": 0}, "isVisible": false}, "2490790832": {"name": "lei zhang", "type": "author", "activity": 12, "h_index": 4, "h5_index": 2, "mag_id": "2490790832", "num_publications": 1, "num_citations": 0, "num_publications_5y": 0, "num_citations_5y": 0, "num_publications_10y": 0, "num_citations_10y": 0, "publications_years": {"2008": 1}, "citations_years": {}, "old_citations": {"2008": 0}, "isVisible": false}, "2505836642": {"name": "meng xu", "type": "author", "activity": 1, "h_index": 0, "h5_index": 0, "mag_id": "2505836642", "num_publications": 1, "num_citations": 0, "num_publications_5y": 0, "num_citations_5y": 0, "num_publications_10y": 1, "num_citations_10y": 0, "publications_years": {"2010": 1}, "citations_years": {}, "old_citations": {"2010": 0}, "isVisible": false}, "2506735988": {"name": "jianmei zhang", "type": "author", "activity": 1, "h_index": 1, "h5_index": 0, "mag_id": "2506735988", "num_publications": 1, "num_citations": 2, "num_publications_5y": 0, "num_citations_5y": 1, "num_publications_10y": 1, "num_citations_10y": 1, "publications_years": {"2010": 1}, "citations_years": {"2016": 1, "2017": 0, "2018": 0, "2019": 1}, "old_citations": {"2010": 2}, "isVisible": false}, "2544379760": {"name": "emmanuelle de gentili", "type": "author", "activity": 18, "h_index": 3, "h5_index": 1, "mag_id": "2544379760", "num_publications": 1, "num_citations": 1, "num_publications_5y": 0, "num_citations_5y": 0, "num_publications_10y": 0, "num_citations_10y": 0, "publications_years": {"2007": 1}, "citations_years": {"2008": 1}, "old_citations": {"2007": 1}, "isVisible": false}, "2547150088": {"name": "ke pan", "type": "author", "activity": 1, "h_index": 1, "h5_index": 0, "mag_id": "2547150088", "num_publications": 1, "num_citations": 1, "num_publications_5y": 0, "num_citations_5y": 0, "num_publications_10y": 1, "num_citations_10y": 1, "publications_years": {"2010": 1}, "citations_years": {"2013": 1}, "old_citations": {"2010": 1}, "isVisible": false}, "2577411627": {"name": "michela dalle mura", "type": "author", "activity": 3, "h_index": 1, "h5_index": 1, "mag_id": "2577411627", "num_publications": 1, "num_citations": 0, "num_publications_5y": 1, "num_citations_5y": 0, "num_publications_10y": 1, "num_citations_10y": 0, "publications_years": {"2016": 1}, "citations_years": {}, "old_citations": {"2016": 0}, "isVisible": false}, "2582393292": {"name": "roy rajkumar", "type": "author", "activity": 7, "h_index": 1, "h5_index": 0, "mag_id": "2582393292", "num_publications": 1, "num_citations": 0, "num_publications_5y": 1, "num_citations_5y": 0, "num_publications_10y": 1, "num_citations_10y": 0, "publications_years": {"2016": 1}, "citations_years": {}, "old_citations": {"2016": 0}, "isVisible": false}, "2608471132": {"name": "alrashed mosab", "type": "author", "activity": 1, "h_index": 0, "h5_index": 0, "mag_id": "2608471132", "num_publications": 1, "num_citations": 0, "num_publications_5y": 1, "num_citations_5y": 0, "num_publications_10y": 1, "num_citations_10y": 0, "publications_years": {"2016": 1}, "citations_years": {}, "old_citations": {"2016": 0}, "isVisible": false}, "2621891673": {"name": "yangsheng zhao", "type": "author", "activity": 1, "h_index": 0, "h5_index": 0, "mag_id": "2621891673", "num_publications": 1, "num_citations": 0, "num_publications_5y": 0, "num_citations_5y": 0, "num_publications_10y": 1, "num_citations_10y": 0, "publications_years": {"2010": 1}, "citations_years": {}, "old_citations": {"2010": 0}, "isVisible": false}, "2632338689": {"name": "d sol", "type": "author", "activity": 9, "h_index": 4, "h5_index": 0, "mag_id": "2632338689", "num_publications": 1, "num_citations": 1, "num_publications_5y": 0, "num_citations_5y": 1, "num_publications_10y": 1, "num_citations_10y": 1, "publications_years": {"2009": 1}, "citations_years": {"2017": 1}, "old_citations": {"2009": 1}, "isVisible": false}, "2634311698": {"name": "zhiye yuan", "type": "author", "activity": 1, "h_index": 0, "h5_index": 0, "mag_id": "2634311698", "num_publications": 1, "num_citations": 0, "num_publications_5y": 0, "num_citations_5y": 0, "num_publications_10y": 1, "num_citations_10y": 0, "publications_years": {"2010": 1}, "citations_years": {}, "old_citations": {"2010": 0}, "isVisible": false}, "2634660701": {"name": "yuanyan gu", "type": "author", "activity": 1, "h_index": 1, "h5_index": 0, "mag_id": "2634660701", "num_publications": 1, "num_citations": 1, "num_publications_5y": 0, "num_citations_5y": 0, "num_publications_10y": 1, "num_citations_10y": 1, "publications_years": {"2010": 1}, "citations_years": {"2012": 1}, "old_citations": {"2010": 1}, "isVisible": false}, "2640357356": {"name": "honghui niu", "type": "author", "activity": 1, "h_index": 0, "h5_index": 0, "mag_id": "2640357356", "num_publications": 1, "num_citations": 0, "num_publications_5y": 0, "num_citations_5y": 0, "num_publications_10y": 1, "num_citations_10y": 0, "publications_years": {"2010": 1}, "citations_years": {}, "old_citations": {"2010": 0}, "isVisible": false}, "2641233339": {"name": "tao liang", "type": "author", "activity": 1, "h_index": 1, "h5_index": 0, "mag_id": "2641233339", "num_publications": 1, "num_citations": 2, "num_publications_5y": 0, "num_citations_5y": 1, "num_publications_10y": 1, "num_citations_10y": 1, "publications_years": {"2010": 1}, "citations_years": {"2016": 1, "2017": 0, "2018": 0, "2019": 1}, "old_citations": {"2010": 2}, "isVisible": false}, "2643527228": {"name": "chunzhao liu", "type": "author", "activity": 1, "h_index": 0, "h5_index": 0, "mag_id": "2643527228", "num_publications": 1, "num_citations": 0, "num_publications_5y": 0, "num_citations_5y": 0, "num_publications_10y": 1, "num_citations_10y": 0, "publications_years": {"2010": 1}, "citations_years": {}, "old_citations": {"2010": 0}, "isVisible": false}, "2647472601": {"name": "xiaoran an", "type": "author", "activity": 1, "h_index": 0, "h5_index": 0, "mag_id": "2647472601", "num_publications": 1, "num_citations": 0, "num_publications_5y": 0, "num_citations_5y": 0, "num_publications_10y": 1, "num_citations_10y": 0, "publications_years": {"2010": 1}, "citations_years": {}, "old_citations": {"2010": 0}, "isVisible": false}, "2656289106": {"name": "min zuo", "type": "author", "activity": 1, "h_index": 1, "h5_index": 0, "mag_id": "2656289106", "num_publications": 1, "num_citations": 2, "num_publications_5y": 0, "num_citations_5y": 0, "num_publications_10y": 1, "num_citations_10y": 1, "publications_years": {"2010": 1}, "citations_years": {"2013": 1, "2014": 0, "2015": 0, "2016": 0, "2017": 0, "2018": 0, "2019": 1}, "old_citations": {"2010": 2}, "isVisible": false}, "2660381103": {"name": "jianwu zhang", "type": "author", "activity": 1, "h_index": 0, "h5_index": 0, "mag_id": "2660381103", "num_publications": 1, "num_citations": 0, "num_publications_5y": 0, "num_citations_5y": 0, "num_publications_10y": 1, "num_citations_10y": 0, "publications_years": {"2010": 1}, "citations_years": {}, "old_citations": {"2010": 0}, "isVisible": false}, "2661084920": {"name": "wuling ren", "type": "author", "activity": 1, "h_index": 1, "h5_index": 0, "mag_id": "2661084920", "num_publications": 1, "num_citations": 35, "num_publications_5y": 0, "num_citations_5y": 22, "num_publications_10y": 1, "num_citations_10y": 33, "publications_years": {"2010": 1}, "citations_years": {"2011": 1, "2012": 5, "2013": 5, "2014": 5, "2015": 3, "2016": 8, "2017": 2, "2018": 4, "2019": 1, "2020": 1}, "old_citations": {"2010": 35}, "isVisible": false}, "2666722294": {"name": "lei yang", "type": "author", "activity": 3, "h_index": 1, "h5_index": 0, "mag_id": "2666722294", "num_publications": 1, "num_citations": 1, "num_publications_5y": 0, "num_citations_5y": 0, "num_publications_10y": 1, "num_citations_10y": 1, "publications_years": {"2010": 1}, "citations_years": {"2013": 1}, "old_citations": {"2010": 1}, "isVisible": false}, "2671030207": {"name": "yujia ge", "type": "author", "activity": 1, "h_index": 1, "h5_index": 0, "mag_id": "2671030207", "num_publications": 1, "num_citations": 1, "num_publications_5y": 0, "num_citations_5y": 0, "num_publications_10y": 1, "num_citations_10y": 1, "publications_years": {"2010": 1}, "citations_years": {"2012": 1}, "old_citations": {"2010": 1}, "isVisible": false}, "2671329586": {"name": "fu tiaoping", "type": "author", "activity": 1, "h_index": 0, "h5_index": 0, "mag_id": "2671329586", "num_publications": 1, "num_citations": 0, "num_publications_5y": 0, "num_citations_5y": 0, "num_publications_10y": 1, "num_citations_10y": 0, "publications_years": {"2010": 1}, "citations_years": {}, "old_citations": {"2010": 0}, "isVisible": false}, "2672981938": {"name": "ping he", "type": "author", "activity": 1, "h_index": 0, "h5_index": 0, "mag_id": "2672981938", "num_publications": 1, "num_citations": 0, "num_publications_5y": 0, "num_citations_5y": 0, "num_publications_10y": 1, "num_citations_10y": 0, "publications_years": {"2010": 1}, "citations_years": {}, "old_citations": {"2010": 0}, "isVisible": false}, "2674614765": {"name": "alvin s lim", "type": "author", "activity": 1, "h_index": 0, "h5_index": 0, "mag_id": "2674614765", "num_publications": 1, "num_citations": 0, "num_publications_5y": 0, "num_citations_5y": 0, "num_publications_10y": 0, "num_citations_10y": 0, "publications_years": {"2008": 1}, "citations_years": {}, "old_citations": {"2008": 0}, "isVisible": false}, "2675207981": {"name": "songnian yu", "type": "author", "activity": 1, "h_index": 1, "h5_index": 0, "mag_id": "2675207981", "num_publications": 1, "num_citations": 1, "num_publications_5y": 0, "num_citations_5y": 0, "num_publications_10y": 1, "num_citations_10y": 1, "publications_years": {"2010": 1}, "citations_years": {"2011": 1}, "old_citations": {"2010": 1}, "isVisible": false}, "2676217980": {"name": "xiafei hao", "type": "author", "activity": 1, "h_index": 0, "h5_index": 0, "mag_id": "2676217980", "num_publications": 1, "num_citations": 0, "num_publications_5y": 0, "num_citations_5y": 0, "num_publications_10y": 1, "num_citations_10y": 0, "publications_years": {"2010": 1}, "citations_years": {}, "old_citations": {"2010": 0}, "isVisible": false}, "2679205364": {"name": "xia sun", "type": "author", "activity": 1, "h_index": 0, "h5_index": 0, "mag_id": "2679205364", "num_publications": 1, "num_citations": 0, "num_publications_5y": 0, "num_citations_5y": 0, "num_publications_10y": 1, "num_citations_10y": 0, "publications_years": {"2010": 1}, "citations_years": {}, "old_citations": {"2010": 0}, "isVisible": false}, "2682472867": {"name": "xinyu duan", "type": "author", "activity": 1, "h_index": 0, "h5_index": 0, "mag_id": "2682472867", "num_publications": 1, "num_citations": 0, "num_publications_5y": 0, "num_citations_5y": 0, "num_publications_10y": 1, "num_citations_10y": 0, "publications_years": {"2010": 1}, "citations_years": {}, "old_citations": {"2010": 0}, "isVisible": false}, "2693352648": {"name": "dongguo shao", "type": "author", "activity": 1, "h_index": 0, "h5_index": 0, "mag_id": "2693352648", "num_publications": 1, "num_citations": 0, "num_publications_5y": 0, "num_citations_5y": 0, "num_publications_10y": 1, "num_citations_10y": 0, "publications_years": {"2010": 1}, "citations_years": {}, "old_citations": {"2010": 0}, "isVisible": false}, "2697607695": {"name": "lin li", "type": "author", "activity": 1, "h_index": 0, "h5_index": 0, "mag_id": "2697607695", "num_publications": 1, "num_citations": 0, "num_publications_5y": 0, "num_citations_5y": 0, "num_publications_10y": 1, "num_citations_10y": 0, "publications_years": {"2010": 1}, "citations_years": {}, "old_citations": {"2010": 0}, "isVisible": false}, "2710532349": {"name": "baoming wu", "type": "author", "activity": 1, "h_index": 1, "h5_index": 0, "mag_id": "2710532349", "num_publications": 1, "num_citations": 1, "num_publications_5y": 0, "num_citations_5y": 0, "num_publications_10y": 1, "num_citations_10y": 1, "publications_years": {"2010": 1}, "citations_years": {"2011": 1}, "old_citations": {"2010": 1}, "isVisible": false}, "2712278260": {"name": "gangqiang li", "type": "author", "activity": 1, "h_index": 0, "h5_index": 0, "mag_id": "2712278260", "num_publications": 1, "num_citations": 0, "num_publications_5y": 0, "num_citations_5y": 0, "num_publications_10y": 1, "num_citations_10y": 0, "publications_years": {"2010": 1}, "citations_years": {}, "old_citations": {"2010": 0}, "isVisible": false}, "2714449653": {"name": "shuxia liu", "type": "author", "activity": 1, "h_index": 0, "h5_index": 0, "mag_id": "2714449653", "num_publications": 1, "num_citations": 0, "num_publications_5y": 0, "num_citations_5y": 0, "num_publications_10y": 1, "num_citations_10y": 0, "publications_years": {"2010": 1}, "citations_years": {}, "old_citations": {"2010": 0}, "isVisible": false}, "2714574832": {"name": "xinyu duan", "type": "author", "activity": 1, "h_index": 0, "h5_index": 0, "mag_id": "2714574832", "num_publications": 1, "num_citations": 0, "num_publications_5y": 0, "num_citations_5y": 0, "num_publications_10y": 1, "num_citations_10y": 0, "publications_years": {"2010": 1}, "citations_years": {}, "old_citations": {"2010": 0}, "isVisible": false}, "2717009269": {"name": "ziqiang wang", "type": "author", "activity": 1, "h_index": 0, "h5_index": 0, "mag_id": "2717009269", "num_publications": 1, "num_citations": 0, "num_publications_5y": 0, "num_citations_5y": 0, "num_publications_10y": 1, "num_citations_10y": 0, "publications_years": {"2010": 1}, "citations_years": {}, "old_citations": {"2010": 0}, "isVisible": false}, "2722397333": {"name": "zuo qing", "type": "author", "activity": 1, "h_index": 1, "h5_index": 0, "mag_id": "2722397333", "num_publications": 1, "num_citations": 2, "num_publications_5y": 0, "num_citations_5y": 1, "num_publications_10y": 1, "num_citations_10y": 2, "publications_years": {"2010": 1}, "citations_years": {"2012": 1, "2013": 0, "2014": 0, "2015": 1}, "old_citations": {"2010": 2}, "isVisible": false}, "2801819668": {"name": "xin li", "type": "author", "activity": 1, "h_index": 0, "h5_index": 0, "mag_id": "2801819668", "num_publications": 1, "num_citations": 0, "num_publications_5y": 0, "num_citations_5y": 0, "num_publications_10y": 1, "num_citations_10y": 0, "publications_years": {"2010": 1}, "citations_years": {}, "old_citations": {"2010": 0}, "isVisible": false}, "2928614961": {"name": "bo li", "type": "author", "activity": 1, "h_index": 0, "h5_index": 0, "mag_id": "2928614961", "num_publications": 1, "num_citations": 0, "num_publications_5y": 0, "num_citations_5y": 0, "num_publications_10y": 0, "num_citations_10y": 0, "publications_years": {"2008": 1}, "citations_years": {}, "old_citations": {"2008": 0}, "isVisible": false}, "2951173782": {"name": "trevor harmon", "type": "author", "activity": 4, "h_index": 1, "h5_index": 0, "mag_id": "2951173782", "num_publications": 1, "num_citations": 1, "num_publications_5y": 0, "num_citations_5y": 0, "num_publications_10y": 0, "num_citations_10y": 0, "publications_years": {"2005": 1}, "citations_years": {"2006": 1}, "old_citations": {"2005": 1}, "isVisible": false}, "2951488928": {"name": "christian servin", "type": "author", "activity": 13, "h_index": 2, "h5_index": 0, "mag_id": "2951488928", "num_publications": 1, "num_citations": 0, "num_publications_5y": 0, "num_citations_5y": 0, "num_publications_10y": 0, "num_citations_10y": 0, "publications_years": {"2008": 1}, "citations_years": {}, "old_citations": {"2008": 0}, "isVisible": false}, "2981152277": {"name": "martine ceberio", "type": "author", "activity": 15, "h_index": 6, "h5_index": 1, "mag_id": "2981152277", "num_publications": 1, "num_citations": 0, "num_publications_5y": 0, "num_citations_5y": 0, "num_publications_10y": 0, "num_citations_10y": 0, "publications_years": {"2008": 1}, "citations_years": {}, "old_citations": {"2008": 0}, "isVisible": false}}, "countries": {"China": {"name": "China", "type": "country", "h5_index": 214, "num_publications": 13, "num_citations": 45, "num_publications_5y": 0, "num_citations_5y": 24, "num_publications_10y": 12, "num_citations_10y": 42, "publications_years": {"2010": 12, "2008": 1}, "citations_years": {"2011": 4, "2012": 7, "2013": 7, "2014": 5, "2015": 5, "2016": 8, "2017": 2, "2018": 4, "2019": 2, "2020": 1}, "old_citations": {"2010": 45, "2008": 0}, "isVisible": false}, "United States": {"name": "United States", "type": "country", "h5_index": 308, "num_publications": 3, "num_citations": 11, "num_publications_5y": 0, "num_citations_5y": 0, "num_publications_10y": 1, "num_citations_10y": 3, "publications_years": {"2004": 1, "2010": 1, "2008": 1}, "citations_years": {"2005": 3, "2006": 1, "2007": 1, "2008": 3, "2009": 1, "2010": 0, "2011": 1, "2012": 0, "2013": 1}, "old_citations": {"2004": 11, "2010": 0, "2008": 0}, "isVisible": false}, "Australia": {"name": "Australia", "type": "country", "h5_index": 141, "num_publications": 1, "num_citations": 0, "num_publications_5y": 0, "num_citations_5y": 0, "num_publications_10y": 1, "num_citations_10y": 0, "publications_years": {"2010": 1}, "citations_years": {}, "old_citations": {"2010": 0}, "isVisible": false}, "Iran": {"name": "Iran", "type": "country", "h5_index": 63, "num_publications": 1, "num_citations": 4, "num_publications_5y": 0, "num_citations_5y": 1, "num_publications_10y": 1, "num_citations_10y": 4, "publications_years": {"2011": 1}, "citations_years": {"2011": 2, "2012": 1, "2013": 0, "2014": 1}, "old_citations": {"2011": 4}, "isVisible": false}, "Italy": {"name": "Italy", "type": "country", "h5_index": 94, "num_publications": 1, "num_citations": 0, "num_publications_5y": 1, "num_citations_5y": 0, "num_publications_10y": 1, "num_citations_10y": 0, "publications_years": {"2016": 1}, "citations_years": {}, "old_citations": {"2016": 0}, "isVisible": false}, "Japan": {"name": "Japan", "type": "country", "h5_index": 94, "num_publications": 1, "num_citations": 2, "num_publications_5y": 0, "num_citations_5y": 0, "num_publications_10y": 1, "num_citations_10y": 2, "publications_years": {"2011": 1}, "citations_years": {"2012": 1, "2013": 1}, "old_citations": {"2011": 2}, "isVisible": false}, "Mexico": {"name": "Mexico", "type": "country", "h5_index": 35, "num_publications": 1, "num_citations": 1, "num_publications_5y": 0, "num_citations_5y": 1, "num_publications_10y": 1, "num_citations_10y": 1, "publications_years": {"2009": 1}, "citations_years": {"2017": 1}, "old_citations": {"2009": 1}, "isVisible": false}, "Spain": {"name": "Spain", "type": "country", "h5_index": 91, "num_publications": 1, "num_citations": 1, "num_publications_5y": 0, "num_citations_5y": 0, "num_publications_10y": 1, "num_citations_10y": 1, "publications_years": {"2011": 1}, "citations_years": {"2012": 1}, "old_citations": {"2011": 1}, "isVisible": false}, "United Kingdom": {"name": "United Kingdom", "type": "country", "h5_index": 172, "num_publications": 1, "num_citations": 0, "num_publications_5y": 1, "num_citations_5y": 0, "num_publications_10y": 1, "num_citations_10y": 0, "publications_years": {"2016": 1}, "citations_years": {}, "old_citations": {"2016": 0}, "isVisible": false}}}, "conference_comparison": {"computer science": {}}, "topics_dna": {"publications": {}, "citations": {"normalized": {}, "average": {}}}, "info": {"num_publications": 36, "num_citations": 70.0, "impact_factor": {"2006": 0.6666666666666666, "2007": 0.0, "2008": 1.0, "2009": 0.0, "2010": 0.0, "2011": 0.15384615384615385, "2012": 0.42857142857142855, "2013": 0.3333333333333333, "2014": 0, "2015": 0, "2016": 0}, "publications_years": {"2010": 25, "2011": 3, "2005": 2, "2008": 2, "2004": 1, "2007": 1, "2009": 1, "2016": 1}, "citations_years": {"2005": 3, "2006": 2, "2007": 1, "2008": 4, "2009": 1, "2010": 0, "2011": 7, "2012": 12, "2013": 9, "2014": 6, "2015": 5, "2016": 9, "2017": 3, "2018": 4, "2019": 3, "2020": 1}, "old_citations": {"2010": 49, "2011": 7, "2005": 1, "2008": 0, "2004": 11, "2007": 1, "2009": 1, "2016": 0}, "h5_index": 0}, "percentile": {"computer science": {"2010": 57, "2011": 59, "2005": 68, "2008": 16, "2004": 85, "2007": 62, "2009": 55, "2016": 16}}, "conference_ranking": {"computer science": {"2010": 1833, "2011": 1745, "2005": 1342, "2008": 3576, "2004": 600, "2007": 1587, "2009": 1897, "2016": 3556}}, "academia": {"num_publications": 21, "num_citations": 62, "publications_years": {"2004": 1, "2005": 0, "2006": 0, "2007": 0, "2008": 2, "2009": 1, "2010": 14, "2011": 2, "2012": 0, "2013": 0, "2014": 0, "2015": 0, "2016": 1}, "old_citations": {"2004": 11, "2005": 0, "2006": 0, "2007": 0, "2008": 0, "2009": 1, "2010": 45, "2011": 5, "2012": 0, "2013": 0, "2014": 0, "2015": 0, "2016": 0}, "num_publications_5y": 1, "num_citations_5y": 0, "num_publications_10y": 3, "num_citations_10y": 5}, "industry": {"num_publications": 0, "num_citations": 0, "publications_years": {}, "old_citations": {}, "num_publications_5y": 0, "num_citations_5y": 0, "num_publications_10y": 0, "num_citations_10y": 0}, "collaborative": {"num_publications": 0, "num_citations": 0, "publications_years": {}, "old_citations": {}, "num_publications_5y": 0, "num_citations_5y": 0, "num_publications_10y": 0, "num_citations_10y": 0}, "conferences": {}, "journals": {}, "organizations": {"publication_overall": ["Beihang University", "Zhejiang Gongshang University", "Amirkabir University of Technology", "Benem\u00e9rita Universidad Aut\u00f3noma de Puebla", "Colorado School of Mines", "Cranfield University", "Hangzhou Dianzi University", "Henan University of Technology", "Hunan University", "Jilin University", "Kanazawa University", "National Institute of Advanced Industrial Science and Technology", "Shanghai University", "South China University of Technology", "Technical University of Madrid", "The University of Texas at El Paso", "Tianjin University", "Tokyo University of Science", "University of Iowa", "University of Pisa", "University of Science and Technology Beijing", "University of Southern Queensland", "University of Utah", "Wuhan University", "Wuhan University of Technology"], "citation_overall": ["Zhejiang Gongshang University", "University of Iowa", "University of Utah", "Beihang University", "Amirkabir University of Technology", "Kanazawa University", "National Institute of Advanced Industrial Science and Technology", "Tokyo University of Science", "University of Science and Technology Beijing", "Benem\u00e9rita Universidad Aut\u00f3noma de Puebla", "Shanghai University", "South China University of Technology", "Technical University of Madrid", "Colorado School of Mines", "Cranfield University", "Hangzhou Dianzi University", "Henan University of Technology", "Hunan University", "Jilin University", "The University of Texas at El Paso", "Tianjin University", "University of Pisa", "University of Southern Queensland", "Wuhan University", "Wuhan University of Technology"], "publication_10_years": ["Amirkabir University of Technology", "Cranfield University", "Kanazawa University", "National Institute of Advanced Industrial Science and Technology", "Technical University of Madrid", "Tokyo University of Science", "University of Pisa"], "citation_10_years": ["Amirkabir University of Technology", "Kanazawa University", "National Institute of Advanced Industrial Science and Technology", "Tokyo University of Science", "Technical University of Madrid", "Cranfield University", "University of Pisa"], "publication_5_years": ["Cranfield University", "University of Pisa"], "citation_5_years": ["Cranfield University", "University of Pisa"]}, "countries": {"publication_overall": ["China", "United States", "Australia", "Iran", "Italy", "Japan", "Mexico", "Spain", "United Kingdom"], "citation_overall": ["China", "United States", "Iran", "Japan", "Mexico", "Spain", "Australia", "Italy", "United Kingdom"], "publication_10_years": ["Iran", "Italy", "Japan", "Spain", "United Kingdom"], "citation_10_years": ["Iran", "Japan", "Spain", "Italy", "United Kingdom"], "publication_5_years": ["Italy", "United Kingdom"], "citation_5_years": ["Italy", "United Kingdom"]}, "topics": {"publication_overall": ["computer science", "computer systems", "artificial intelligence", "mathematics", "computer networks", "database systems", "engineering", "probability", "computer imaging and vision", "computer programming", "correlation analysis", "machine learning", "computer hardware", "human computer interaction", "image processing", "object oriented programming", "optimization", "software", "telecommunication systems", "communication systems"], "citation_overall": ["computer science", "computer systems", "computer networks", "communication systems", "telecommunication systems", "wireless telecommunication systems", "communication", "computer security", "cryptography", "cryptology", "security of data", "communication channels (information theory)", "telecommunication networks", "authentication", "data communication systems", "mobile computing", "network security", "public key cryptography", "bluetooth", "cellular telephone systems"], "publication_10_years": ["computer science", "artificial intelligence", "computer systems", "database systems", "computer programming", "mathematics", "object oriented programming", "probability", "software engineering", "architecting", "architecture verification and validation", "augmented reality", "bayesian networks", "clustering algorithms", "clustering methods", "computational linguistics", "computer hardware", "computer hardware description languages", "computer programming languages", "computer software maintenance"], "citation_10_years": ["artificial intelligence", "computer science", "computer systems", "database systems", "architecting", "architecture verification and validation", "computational linguistics", "computer hardware", "computer hardware description languages", "computer programming", "computer programming languages", "digital signal processing", "embedded systems", "engineering", "event-b", "field programmable gate arrays (fpga)", "formal languages", "formal languages and automata theory", "formal logic", "formal methods"], "publication_5_years": ["computer programming", "computer science", "computer software maintenance", "maintenance process", "object oriented programming", "software engineering"], "citation_5_years": ["computer programming", "computer science", "computer software maintenance", "maintenance process", "object oriented programming", "software engineering"]}, "main_topics": ["computer science"], "authors": {"publication_overall": ["2420812185", "2632528150", "2660726412", "2668998762", "17427687", "52779264", "535887905", "1439462824", "1977675974", "1997039795", "2005396738", "2012622422", "2013572246", "2022984195", "2066115691", "2070025484", "2080622154", "2098822510", "2111609205", "2112195631", "2112369128", "2112804654", "2122183393", "2128968900", "2129475412", "2134792893", "2136129575", "2147380019", "2151060068", "2157443963", "2159546935", "2172056534", "2224543150", "2225965743", "2226685553", "2226908474", "2228717940", "2253392871", "2285035584", "2378145592", "2396040512", "2403719014", "2420759636", "2422218788", "2428212589", "2441973551", "2466068793", "2475500397", "2479296906", "2479613604", "2482359445", "2485937425", "2486108024", "2487118782", "2487825647", "2490790832", "2505836642", "2506735988", "2544379760", "2547150088", "2577411627", "2582393292", "2608471132", "2621891673", "2632338689", "2634311698", "2634660701", "2640357356", "2641233339", "2643527228", "2647472601", "2656289106", "2660381103", "2661084920", "2666722294", "2671030207", "2671329586", "2672981938", "2674614765", "2675207981", "2676217980", "2679205364", "2682472867", "2693352648", "2697607695", "2710532349", "2712278260", "2714449653", "2714574832", "2717009269", "2722397333", "2801819668", "2928614961", "2951173782", "2951488928", "2981152277"], "citation_overall": ["2226685553", "2661084920", "1439462824", "2112369128", "2151060068", "2159546935", "2668998762", "17427687", "2066115691", "2226908474", "2428212589", "2013572246", "2112804654", "2122183393", "2129475412", "2134792893", "2157443963", "2253392871", "2441973551", "2479613604", "2482359445", "2486108024", "2506735988", "2641233339", "2656289106", "2722397333", "52779264", "535887905", "1977675974", "1997039795", "2012622422", "2022984195", "2070025484", "2098822510", "2111609205", "2136129575", "2147380019", "2172056534", "2420759636", "2466068793", "2544379760", "2547150088", "2632338689", "2634660701", "2666722294", "2671030207", "2675207981", "2710532349", "2951173782", "2005396738", "2080622154", "2112195631", "2128968900", "2224543150", "2225965743", "2228717940", "2285035584", "2378145592", "2396040512", "2403719014", "2420812185", "2422218788", "2475500397", "2479296906", "2485937425", "2487118782", "2487825647", "2490790832", "2505836642", "2577411627", "2582393292", "2608471132", "2621891673", "2632528150", "2634311698", "2640357356", "2643527228", "2647472601", "2660381103", "2660726412", "2671329586", "2672981938", "2674614765", "2676217980", "2679205364", "2682472867", "2693352648", "2697607695", "2712278260", "2714449653", "2714574832", "2717009269", "2801819668", "2928614961", "2951488928", "2981152277"], "publication_10_years": ["17427687", "1977675974", "2013572246", "2066115691", "2080622154", "2122183393", "2129475412", "2134792893", "2136129575", "2147380019", "2224543150", "2253392871", "2420759636", "2479613604", "2577411627", "2582393292", "2608471132"], "citation_10_years": ["17427687", "2066115691", "2013572246", "2122183393", "2129475412", "2134792893", "2253392871", "2479613604", "1977675974", "2136129575", "2147380019", "2420759636", "2080622154", "2224543150", "2577411627", "2582393292", "2608471132"], "publication_5_years": ["2080622154", "2224543150", "2577411627", "2582393292", "2608471132"], "citation_5_years": ["2080622154", "2224543150", "2577411627", "2582393292", "2608471132"]}, "industrial_sectors": {"publication_overall": [], "citation_overall": [], "publication_10_years": [], "citation_10_years": [], "publication_5_years": [], "citation_5_years": []}}