{"name": "IASTED International Multi-Conference on Wireless and Optical Communications", "acronym": "WOC", "type": "conference", "uniqueEntities": {"organizations": {"National Cheng Kung University": {"name": "National Cheng Kung University", "type": "organization", "organization_type": "Education", "h_index": 101, "h5_index": 29, "num_publications": 2, "num_citations": 4, "num_publications_5y": 0, "num_citations_5y": 0, "num_publications_10y": 0, "num_citations_10y": 0, "publications_years": {"2004": 1, "2006": 1}, "citations_years": {"2005": 3, "2006": 1}, "old_citations": {"2004": 4, "2006": 0}, "isVisible": false}, "Arizona State University": {"name": "Arizona State University", "type": "organization", "organization_type": "Education", "h_index": 169, "h5_index": 56, "num_publications": 1, "num_citations": 1, "num_publications_5y": 0, "num_citations_5y": 0, "num_publications_10y": 0, "num_citations_10y": 0, "publications_years": {"2006": 1}, "citations_years": {"2007": 1}, "old_citations": {"2006": 1}, "isVisible": false}, "CTBC Business School": {"name": "CTBC Business School", "type": "organization", "organization_type": "Education", "h_index": 12, "h5_index": 0, "num_publications": 1, "num_citations": 4, "num_publications_5y": 0, "num_citations_5y": 0, "num_publications_10y": 0, "num_citations_10y": 0, "publications_years": {"2004": 1}, "citations_years": {"2005": 3, "2006": 1}, "old_citations": {"2004": 4}, "isVisible": false}, "Chang Jung Christian University": {"name": "Chang Jung Christian University", "type": "organization", "organization_type": "Education", "h_index": 21, "h5_index": 5, "num_publications": 1, "num_citations": 0, "num_publications_5y": 0, "num_citations_5y": 0, "num_publications_10y": 0, "num_citations_10y": 0, "publications_years": {"2006": 1}, "citations_years": {}, "old_citations": {"2006": 0}, "isVisible": false}, "Chinese Academy of Sciences": {"name": "Chinese Academy of Sciences", "type": "organization", "organization_type": "Government", "h_index": 188, "h5_index": 102, "num_publications": 1, "num_citations": 1, "num_publications_5y": 0, "num_citations_5y": 0, "num_publications_10y": 0, "num_citations_10y": 1, "publications_years": {"2006": 1}, "citations_years": {"2009": 1}, "old_citations": {"2006": 1}, "isVisible": false}, "City University of New York": {"name": "City University of New York", "type": "organization", "organization_type": "Education", "h_index": 94, "h5_index": 26, "num_publications": 1, "num_citations": 2, "num_publications_5y": 0, "num_citations_5y": 2, "num_publications_10y": 0, "num_citations_10y": 2, "publications_years": {"2004": 1}, "citations_years": {"2018": 2}, "old_citations": {"2004": 2}, "isVisible": false}, "Conservatoire National des Arts et M\u00e9tiers": {"name": "Conservatoire National des Arts et M\u00e9tiers", "type": "organization", "organization_type": "Healthcare", "h_index": 46, "h5_index": 14, "num_publications": 1, "num_citations": 0, "num_publications_5y": 1, "num_citations_5y": 0, "num_publications_10y": 1, "num_citations_10y": 0, "publications_years": {"2015": 1}, "citations_years": {}, "old_citations": {"2015": 0}, "isVisible": false}, "Korea University": {"name": "Korea University", "type": "organization", "organization_type": "Education", "h_index": 94, "h5_index": 41, "num_publications": 1, "num_citations": 0, "num_publications_5y": 0, "num_citations_5y": 0, "num_publications_10y": 0, "num_citations_10y": 0, "publications_years": {"2004": 1}, "citations_years": {}, "old_citations": {"2004": 0}, "isVisible": false}, "Michigan Technological University": {"name": "Michigan Technological University", "type": "organization", "organization_type": "Education", "h_index": 55, "h5_index": 18, "num_publications": 1, "num_citations": 2, "num_publications_5y": 0, "num_citations_5y": 1, "num_publications_10y": 0, "num_citations_10y": 2, "publications_years": {"2004": 1}, "citations_years": {"2012": 1, "2013": 0, "2014": 1}, "old_citations": {"2004": 2}, "isVisible": false}, "Nanjing University of Information Science and Technology": {"name": "Nanjing University of Information Science and Technology", "type": "organization", "organization_type": "Education", "h_index": 68, "h5_index": 55, "num_publications": 1, "num_citations": 0, "num_publications_5y": 0, "num_citations_5y": 0, "num_publications_10y": 0, "num_citations_10y": 0, "publications_years": {"2006": 1}, "citations_years": {}, "old_citations": {"2006": 0}, "isVisible": false}, "National Changhua University of Education": {"name": "National Changhua University of Education", "type": "organization", "organization_type": "Education", "h_index": 51, "h5_index": 13, "num_publications": 1, "num_citations": 0, "num_publications_5y": 0, "num_citations_5y": 0, "num_publications_10y": 0, "num_citations_10y": 0, "publications_years": {"2005": 1}, "citations_years": {}, "old_citations": {"2005": 0}, "isVisible": false}, "National Dong Hwa University": {"name": "National Dong Hwa University", "type": "organization", "organization_type": "Education", "h_index": 51, "h5_index": 20, "num_publications": 1, "num_citations": 0, "num_publications_5y": 0, "num_citations_5y": 0, "num_publications_10y": 0, "num_citations_10y": 0, "publications_years": {"2005": 1}, "citations_years": {}, "old_citations": {"2005": 0}, "isVisible": false}, "National Formosa University": {"name": "National Formosa University", "type": "organization", "organization_type": "Education", "h_index": 37, "h5_index": 13, "num_publications": 1, "num_citations": 0, "num_publications_5y": 0, "num_citations_5y": 0, "num_publications_10y": 0, "num_citations_10y": 0, "publications_years": {"2005": 1}, "citations_years": {}, "old_citations": {"2005": 0}, "isVisible": false}, "National Taiwan University": {"name": "National Taiwan University", "type": "organization", "organization_type": "Education", "h_index": 132, "h5_index": 34, "num_publications": 1, "num_citations": 1, "num_publications_5y": 0, "num_citations_5y": 0, "num_publications_10y": 0, "num_citations_10y": 0, "publications_years": {"2006": 1}, "citations_years": {"2008": 1}, "old_citations": {"2006": 1}, "isVisible": false}, "Osaka University": {"name": "Osaka University", "type": "organization", "organization_type": "Education", "h_index": 100, "h5_index": 31, "num_publications": 1, "num_citations": 0, "num_publications_5y": 0, "num_citations_5y": 0, "num_publications_10y": 0, "num_citations_10y": 0, "publications_years": {"2004": 1}, "citations_years": {}, "old_citations": {"2004": 0}, "isVisible": false}, "Southeast University": {"name": "Southeast University", "type": "organization", "organization_type": "Education", "h_index": 114, "h5_index": 58, "num_publications": 1, "num_citations": 0, "num_publications_5y": 0, "num_citations_5y": 0, "num_publications_10y": 0, "num_citations_10y": 0, "publications_years": {"2006": 1}, "citations_years": {}, "old_citations": {"2006": 0}, "isVisible": false}, "Southwest Research Institute": {"name": "Southwest Research Institute", "type": "organization", "organization_type": "Nonprofit", "h_index": 27, "h5_index": 5, "num_publications": 1, "num_citations": 4, "num_publications_5y": 0, "num_citations_5y": 0, "num_publications_10y": 0, "num_citations_10y": 1, "publications_years": {"2004": 1}, "citations_years": {"2004": 1, "2005": 0, "2006": 0, "2007": 2, "2008": 0, "2009": 0, "2010": 0, "2011": 1}, "old_citations": {"2004": 4}, "isVisible": false}, "Swansea University": {"name": "Swansea University", "type": "organization", "organization_type": "Education", "h_index": 70, "h5_index": 24, "num_publications": 1, "num_citations": 0, "num_publications_5y": 1, "num_citations_5y": 0, "num_publications_10y": 1, "num_citations_10y": 0, "publications_years": {"2015": 1}, "citations_years": {}, "old_citations": {"2015": 0}, "isVisible": false}, "The University of Texas at San Antonio": {"name": "The University of Texas at San Antonio", "type": "organization", "organization_type": "Education", "h_index": 83, "h5_index": 47, "num_publications": 1, "num_citations": 4, "num_publications_5y": 0, "num_citations_5y": 0, "num_publications_10y": 0, "num_citations_10y": 1, "publications_years": {"2004": 1}, "citations_years": {"2004": 1, "2005": 0, "2006": 0, "2007": 2, "2008": 0, "2009": 0, "2010": 0, "2011": 1}, "old_citations": {"2004": 4}, "isVisible": false}, "University of Birmingham": {"name": "University of Birmingham", "type": "organization", "organization_type": "Education", "h_index": 116, "h5_index": 36, "num_publications": 1, "num_citations": 0, "num_publications_5y": 1, "num_citations_5y": 0, "num_publications_10y": 1, "num_citations_10y": 0, "publications_years": {"2015": 1}, "citations_years": {}, "old_citations": {"2015": 0}, "isVisible": false}, "University of Illinois at Chicago": {"name": "University of Illinois at Chicago", "type": "organization", "organization_type": "Education", "h_index": 142, "h5_index": 35, "num_publications": 1, "num_citations": 6, "num_publications_5y": 0, "num_citations_5y": 0, "num_publications_10y": 0, "num_citations_10y": 3, "publications_years": {"2006": 1}, "citations_years": {"2006": 1, "2007": 0, "2008": 2, "2009": 0, "2010": 1, "2011": 0, "2012": 1, "2013": 1}, "old_citations": {"2006": 6}, "isVisible": false}, "University of Kansas": {"name": "University of Kansas", "type": "organization", "organization_type": "Education", "h_index": 86, "h5_index": 22, "num_publications": 1, "num_citations": 0, "num_publications_5y": 1, "num_citations_5y": 0, "num_publications_10y": 1, "num_citations_10y": 0, "publications_years": {"2015": 1}, "citations_years": {}, "old_citations": {"2015": 0}, "isVisible": false}, "University of Nebraska\u2013Lincoln": {"name": "University of Nebraska\u2013Lincoln", "type": "organization", "organization_type": "Education", "h_index": 104, "h5_index": 27, "num_publications": 1, "num_citations": 1, "num_publications_5y": 0, "num_citations_5y": 0, "num_publications_10y": 0, "num_citations_10y": 0, "publications_years": {"2005": 1}, "citations_years": {"2006": 1}, "old_citations": {"2005": 1}, "isVisible": false}, "University of North Texas": {"name": "University of North Texas", "type": "organization", "organization_type": "Education", "h_index": 86, "h5_index": 31, "num_publications": 1, "num_citations": 84, "num_publications_5y": 0, "num_citations_5y": 42, "num_publications_10y": 0, "num_citations_10y": 74, "publications_years": {"2005": 1}, "citations_years": {"2007": 4, "2008": 4, "2009": 4, "2010": 5, "2011": 4, "2012": 12, "2013": 7, "2014": 11, "2015": 14, "2016": 3, "2017": 7, "2018": 7, "2019": 2}, "old_citations": {"2005": 84}, "isVisible": false}, "University of Oxford": {"name": "University of Oxford", "type": "organization", "organization_type": "Education", "h_index": 245, "h5_index": 88, "num_publications": 1, "num_citations": 0, "num_publications_5y": 1, "num_citations_5y": 0, "num_publications_10y": 1, "num_citations_10y": 0, "publications_years": {"2015": 1}, "citations_years": {}, "old_citations": {"2015": 0}, "isVisible": false}, "University of Tsukuba": {"name": "University of Tsukuba", "type": "organization", "organization_type": "Education", "h_index": 80, "h5_index": 22, "num_publications": 1, "num_citations": 0, "num_publications_5y": 1, "num_citations_5y": 0, "num_publications_10y": 1, "num_citations_10y": 0, "publications_years": {"2015": 1}, "citations_years": {}, "old_citations": {"2015": 0}, "isVisible": false}, "Waseda University": {"name": "Waseda University", "type": "organization", "organization_type": "Education", "h_index": 71, "h5_index": 24, "num_publications": 1, "num_citations": 0, "num_publications_5y": 0, "num_citations_5y": 0, "num_publications_10y": 0, "num_citations_10y": 0, "publications_years": {"2004": 1}, "citations_years": {}, "old_citations": {"2004": 0}, "isVisible": false}, "Wayne State University": {"name": "Wayne State University", "type": "organization", "organization_type": "Education", "h_index": 107, "h5_index": 24, "num_publications": 1, "num_citations": 1, "num_publications_5y": 0, "num_citations_5y": 0, "num_publications_10y": 0, "num_citations_10y": 1, "publications_years": {"2006": 1}, "citations_years": {"2009": 1}, "old_citations": {"2006": 1}, "isVisible": false}, "Western Michigan University": {"name": "Western Michigan University", "type": "organization", "organization_type": "Education", "h_index": 43, "h5_index": 15, "num_publications": 1, "num_citations": 6, "num_publications_5y": 0, "num_citations_5y": 0, "num_publications_10y": 0, "num_citations_10y": 3, "publications_years": {"2006": 1}, "citations_years": {"2006": 1, "2007": 0, "2008": 2, "2009": 0, "2010": 1, "2011": 0, "2012": 1, "2013": 1}, "old_citations": {"2006": 6}, "isVisible": false}}, "topics": {"computer science": {"name": "computer science", "type": "topic", "h_index": 1779, "h5_index": 416, "num_publications": 29, "num_citations": 129, "num_publications_5y": 4, "num_citations_5y": 49, "num_publications_10y": 4, "num_citations_10y": 96, "publications_years": {"2015": 4, "2004": 12, "2006": 8, "2005": 3, "2007": 1, "2001": 1}, "citations_years": {"2005": 3, "2006": 4, "2007": 9, "2004": 1, "2008": 14, "2009": 8, "2010": 8, "2011": 8, "2012": 15, "2013": 8, "2014": 13, "2015": 15, "2016": 4, "2017": 7, "2018": 10, "2019": 2}, "old_citations": {"2015": 0, "2004": 32, "2006": 9, "2005": 85, "2007": 3, "2001": 0}, "isVisible": false}, "computer systems": {"name": "computer systems", "type": "topic", "h_index": 1595, "h5_index": 367, "num_publications": 27, "num_citations": 128, "num_publications_5y": 3, "num_citations_5y": 49, "num_publications_10y": 3, "num_citations_10y": 96, "publications_years": {"2004": 11, "2006": 8, "2005": 3, "2015": 3, "2007": 1, "2001": 1}, "citations_years": {"2005": 3, "2006": 3, "2007": 9, "2004": 1, "2008": 14, "2009": 8, "2010": 8, "2011": 8, "2012": 15, "2013": 8, "2014": 13, "2015": 15, "2016": 4, "2017": 7, "2018": 10, "2019": 2}, "old_citations": {"2004": 31, "2006": 9, "2005": 85, "2015": 0, "2007": 3, "2001": 0}, "isVisible": false}, "computer networks": {"name": "computer networks", "type": "topic", "h_index": 1262, "h5_index": 332, "num_publications": 25, "num_citations": 128, "num_publications_5y": 1, "num_citations_5y": 49, "num_publications_10y": 1, "num_citations_10y": 96, "publications_years": {"2004": 11, "2006": 8, "2005": 3, "2015": 1, "2007": 1, "2001": 1}, "citations_years": {"2005": 3, "2006": 3, "2007": 9, "2004": 1, "2008": 14, "2009": 8, "2010": 8, "2011": 8, "2012": 15, "2013": 8, "2014": 13, "2015": 15, "2016": 4, "2017": 7, "2018": 10, "2019": 2}, "old_citations": {"2004": 31, "2006": 9, "2005": 85, "2015": 0, "2007": 3, "2001": 0}, "isVisible": false}, "telecommunication systems": {"name": "telecommunication systems", "type": "topic", "h_index": 1187, "h5_index": 277, "num_publications": 24, "num_citations": 127, "num_publications_5y": 1, "num_citations_5y": 49, "num_publications_10y": 1, "num_citations_10y": 95, "publications_years": {"2004": 11, "2006": 7, "2005": 3, "2015": 1, "2007": 1, "2001": 1}, "citations_years": {"2005": 3, "2006": 3, "2007": 9, "2004": 1, "2008": 14, "2009": 7, "2010": 8, "2011": 8, "2012": 15, "2013": 8, "2014": 13, "2015": 15, "2016": 4, "2017": 7, "2018": 10, "2019": 2}, "old_citations": {"2004": 31, "2006": 8, "2005": 85, "2015": 0, "2007": 3, "2001": 0}, "isVisible": false}, "communication systems": {"name": "communication systems", "type": "topic", "h_index": 1092, "h5_index": 254, "num_publications": 23, "num_citations": 125, "num_publications_5y": 0, "num_citations_5y": 49, "num_publications_10y": 0, "num_citations_10y": 94, "publications_years": {"2004": 11, "2006": 8, "2005": 3, "2001": 1}, "citations_years": {"2005": 3, "2006": 3, "2007": 9, "2004": 1, "2008": 13, "2009": 6, "2010": 8, "2011": 8, "2012": 15, "2013": 8, "2014": 13, "2015": 15, "2016": 4, "2017": 7, "2018": 10, "2019": 2}, "old_citations": {"2004": 31, "2006": 9, "2005": 85, "2001": 0}, "isVisible": false}, "telecommunication networks": {"name": "telecommunication networks", "type": "topic", "h_index": 1116, "h5_index": 258, "num_publications": 22, "num_citations": 126, "num_publications_5y": 1, "num_citations_5y": 49, "num_publications_10y": 1, "num_citations_10y": 95, "publications_years": {"2004": 11, "2005": 3, "2006": 5, "2015": 1, "2007": 1, "2001": 1}, "citations_years": {"2005": 3, "2006": 3, "2004": 1, "2007": 8, "2008": 14, "2009": 7, "2010": 8, "2011": 8, "2012": 15, "2013": 8, "2014": 13, "2015": 15, "2016": 4, "2017": 7, "2018": 10, "2019": 2}, "old_citations": {"2004": 31, "2005": 85, "2006": 7, "2015": 0, "2007": 3, "2001": 0}, "isVisible": false}, "telecommunication traffic": {"name": "telecommunication traffic", "type": "topic", "h_index": 1036, "h5_index": 233, "num_publications": 22, "num_citations": 126, "num_publications_5y": 1, "num_citations_5y": 49, "num_publications_10y": 1, "num_citations_10y": 95, "publications_years": {"2004": 11, "2005": 3, "2006": 5, "2015": 1, "2007": 1, "2001": 1}, "citations_years": {"2005": 3, "2006": 3, "2004": 1, "2007": 8, "2008": 14, "2009": 7, "2010": 8, "2011": 8, "2012": 15, "2013": 8, "2014": 13, "2015": 15, "2016": 4, "2017": 7, "2018": 10, "2019": 2}, "old_citations": {"2004": 31, "2005": 85, "2006": 7, "2015": 0, "2007": 3, "2001": 0}, "isVisible": false}, "wireless telecommunication systems": {"name": "wireless telecommunication systems", "type": "topic", "h_index": 1087, "h5_index": 254, "num_publications": 22, "num_citations": 124, "num_publications_5y": 0, "num_citations_5y": 49, "num_publications_10y": 0, "num_citations_10y": 93, "publications_years": {"2004": 11, "2006": 7, "2005": 3, "2001": 1}, "citations_years": {"2005": 3, "2006": 3, "2007": 9, "2004": 1, "2008": 13, "2009": 5, "2010": 8, "2011": 8, "2012": 15, "2013": 8, "2014": 13, "2015": 15, "2016": 4, "2017": 7, "2018": 10, "2019": 2}, "old_citations": {"2004": 31, "2006": 8, "2005": 85, "2001": 0}, "isVisible": false}, "computer hardware": {"name": "computer hardware", "type": "topic", "h_index": 1150, "h5_index": 279, "num_publications": 16, "num_citations": 41, "num_publications_5y": 0, "num_citations_5y": 7, "num_publications_10y": 0, "num_citations_10y": 19, "publications_years": {"2004": 9, "2006": 6, "2005": 1}, "citations_years": {"2005": 3, "2006": 4, "2007": 5, "2004": 1, "2008": 9, "2009": 1, "2010": 3, "2011": 4, "2012": 3, "2013": 1, "2014": 2, "2018": 3, "2015": 1, "2016": 1, "2017": 0}, "old_citations": {"2004": 32, "2006": 8, "2005": 1}, "isVisible": false}, "communication channels (information theory)": {"name": "communication channels (information theory)", "type": "topic", "h_index": 925, "h5_index": 216, "num_publications": 15, "num_citations": 110, "num_publications_5y": 0, "num_citations_5y": 47, "num_publications_10y": 0, "num_citations_10y": 88, "publications_years": {"2006": 3, "2005": 2, "2004": 9, "2001": 1}, "citations_years": {"2004": 1, "2005": 0, "2006": 0, "2007": 8, "2008": 11, "2009": 5, "2010": 7, "2011": 8, "2012": 14, "2013": 7, "2014": 13, "2015": 15, "2016": 4, "2017": 7, "2018": 8, "2019": 2}, "old_citations": {"2006": 1, "2005": 84, "2004": 25, "2001": 0}, "isVisible": false}, "engineering": {"name": "engineering", "type": "topic", "h_index": 1177, "h5_index": 287, "num_publications": 15, "num_citations": 99, "num_publications_5y": 0, "num_citations_5y": 43, "num_publications_10y": 0, "num_citations_10y": 80, "publications_years": {"2006": 4, "2004": 8, "2005": 2, "2001": 1}, "citations_years": {"2004": 1, "2005": 0, "2006": 3, "2007": 6, "2008": 7, "2009": 4, "2010": 6, "2011": 5, "2012": 14, "2013": 8, "2014": 12, "2015": 14, "2016": 3, "2017": 7, "2018": 7, "2019": 2}, "old_citations": {"2006": 7, "2004": 7, "2005": 85, "2001": 0}, "isVisible": false}, "bandwidth": {"name": "bandwidth", "type": "topic", "h_index": 922, "h5_index": 201, "num_publications": 14, "num_citations": 38, "num_publications_5y": 0, "num_citations_5y": 7, "num_publications_10y": 0, "num_citations_10y": 20, "publications_years": {"2004": 6, "2006": 5, "2005": 1, "2007": 1, "2001": 1}, "citations_years": {"2005": 3, "2006": 3, "2007": 2, "2008": 10, "2009": 3, "2010": 3, "2011": 3, "2012": 3, "2013": 1, "2014": 2, "2018": 3, "2015": 1, "2016": 1, "2017": 0}, "old_citations": {"2004": 27, "2006": 7, "2005": 1, "2007": 3, "2001": 0}, "isVisible": false}, "data communication systems": {"name": "data communication systems", "type": "topic", "h_index": 1013, "h5_index": 234, "num_publications": 14, "num_citations": 30, "num_publications_5y": 0, "num_citations_5y": 5, "num_publications_10y": 0, "num_citations_10y": 14, "publications_years": {"2004": 9, "2005": 1, "2006": 3, "2001": 1}, "citations_years": {"2005": 3, "2006": 1, "2004": 1, "2007": 4, "2008": 7, "2009": 1, "2010": 2, "2011": 4, "2012": 2, "2013": 0, "2014": 2, "2015": 1, "2016": 1, "2017": 0, "2018": 1}, "old_citations": {"2004": 29, "2005": 0, "2006": 1, "2001": 0}, "isVisible": false}, "sensors": {"name": "sensors", "type": "topic", "h_index": 960, "h5_index": 229, "num_publications": 14, "num_citations": 36, "num_publications_5y": 0, "num_citations_5y": 7, "num_publications_10y": 0, "num_citations_10y": 19, "publications_years": {"2006": 5, "2004": 8, "2005": 1}, "citations_years": {"2007": 5, "2004": 1, "2005": 0, "2006": 3, "2008": 8, "2009": 1, "2010": 3, "2011": 4, "2012": 3, "2013": 1, "2014": 2, "2018": 3, "2015": 1, "2016": 1, "2017": 0}, "old_citations": {"2006": 7, "2004": 28, "2005": 1}, "isVisible": false}, "wireless communications": {"name": "wireless communications", "type": "topic", "h_index": 773, "h5_index": 173, "num_publications": 14, "num_citations": 118, "num_publications_5y": 0, "num_citations_5y": 47, "num_publications_10y": 0, "num_citations_10y": 91, "publications_years": {"2004": 5, "2005": 3, "2006": 5, "2001": 1}, "citations_years": {"2005": 3, "2006": 3, "2007": 6, "2008": 13, "2009": 6, "2010": 8, "2011": 7, "2012": 15, "2013": 8, "2014": 13, "2015": 15, "2016": 4, "2017": 7, "2018": 8, "2019": 2}, "old_citations": {"2004": 25, "2005": 85, "2006": 8, "2001": 0}, "isVisible": false}, "mathematics": {"name": "mathematics", "type": "topic", "h_index": 1364, "h5_index": 300, "num_publications": 11, "num_citations": 96, "num_publications_5y": 1, "num_citations_5y": 42, "num_publications_10y": 1, "num_citations_10y": 79, "publications_years": {"2006": 5, "2004": 4, "2015": 1, "2005": 1}, "citations_years": {"2004": 1, "2005": 0, "2006": 1, "2007": 6, "2008": 7, "2009": 5, "2010": 6, "2011": 5, "2012": 13, "2013": 8, "2014": 11, "2015": 14, "2016": 3, "2017": 7, "2018": 7, "2019": 2}, "old_citations": {"2006": 8, "2004": 4, "2015": 0, "2005": 84}, "isVisible": false}, "signal processing": {"name": "signal processing", "type": "topic", "h_index": 1012, "h5_index": 255, "num_publications": 11, "num_citations": 96, "num_publications_5y": 0, "num_citations_5y": 42, "num_publications_10y": 0, "num_citations_10y": 78, "publications_years": {"2006": 3, "2004": 6, "2005": 1, "2001": 1}, "citations_years": {"2004": 1, "2005": 0, "2006": 2, "2007": 6, "2008": 7, "2009": 4, "2010": 6, "2011": 5, "2012": 13, "2013": 8, "2014": 11, "2015": 14, "2016": 3, "2017": 7, "2018": 7, "2019": 2}, "old_citations": {"2006": 7, "2004": 5, "2005": 84, "2001": 0}, "isVisible": false}, "routers": {"name": "routers", "type": "topic", "h_index": 752, "h5_index": 160, "num_publications": 10, "num_citations": 31, "num_publications_5y": 0, "num_citations_5y": 7, "num_publications_10y": 0, "num_citations_10y": 18, "publications_years": {"2004": 5, "2006": 4, "2005": 1}, "citations_years": {"2006": 2, "2007": 2, "2008": 9, "2009": 1, "2010": 3, "2011": 3, "2012": 3, "2013": 1, "2014": 2, "2018": 3, "2015": 1, "2016": 1, "2017": 0}, "old_citations": {"2004": 23, "2006": 7, "2005": 1}, "isVisible": false}, "routing algorithms": {"name": "routing algorithms", "type": "topic", "h_index": 767, "h5_index": 164, "num_publications": 10, "num_citations": 31, "num_publications_5y": 0, "num_citations_5y": 7, "num_publications_10y": 0, "num_citations_10y": 18, "publications_years": {"2004": 5, "2006": 4, "2005": 1}, "citations_years": {"2006": 2, "2007": 2, "2008": 9, "2009": 1, "2010": 3, "2011": 3, "2012": 3, "2013": 1, "2014": 2, "2018": 3, "2015": 1, "2016": 1, "2017": 0}, "old_citations": {"2004": 23, "2006": 7, "2005": 1}, "isVisible": false}, "mobile telecommunication systems": {"name": "mobile telecommunication systems", "type": "topic", "h_index": 732, "h5_index": 170, "num_publications": 9, "num_citations": 22, "num_publications_5y": 0, "num_citations_5y": 5, "num_publications_10y": 0, "num_citations_10y": 13, "publications_years": {"2005": 1, "2004": 5, "2006": 2, "2001": 1}, "citations_years": {"2012": 2, "2013": 0, "2014": 2, "2008": 7, "2007": 2, "2009": 1, "2010": 2, "2011": 3, "2015": 1, "2016": 1, "2017": 0, "2018": 1}, "old_citations": {"2005": 0, "2004": 21, "2006": 1, "2001": 0}, "isVisible": false}, "local area networks": {"name": "local area networks", "type": "topic", "h_index": 677, "h5_index": 151, "num_publications": 7, "num_citations": 109, "num_publications_5y": 0, "num_citations_5y": 47, "num_publications_10y": 0, "num_citations_10y": 87, "publications_years": {"2004": 5, "2005": 1, "2006": 1}, "citations_years": {"2005": 3, "2006": 1, "2007": 6, "2008": 10, "2009": 5, "2010": 7, "2011": 7, "2012": 14, "2013": 7, "2014": 13, "2015": 15, "2016": 4, "2017": 7, "2018": 8, "2019": 2}, "old_citations": {"2004": 25, "2005": 84, "2006": 0}, "isVisible": false}, "wireless local area networks (wlan)": {"name": "wireless local area networks (wlan)", "type": "topic", "h_index": 642, "h5_index": 136, "num_publications": 7, "num_citations": 109, "num_publications_5y": 0, "num_citations_5y": 47, "num_publications_10y": 0, "num_citations_10y": 87, "publications_years": {"2004": 5, "2005": 1, "2006": 1}, "citations_years": {"2005": 3, "2006": 1, "2007": 6, "2008": 10, "2009": 5, "2010": 7, "2011": 7, "2012": 14, "2013": 7, "2014": 13, "2015": 15, "2016": 4, "2017": 7, "2018": 8, "2019": 2}, "old_citations": {"2004": 25, "2005": 84, "2006": 0}, "isVisible": false}, "packet networks": {"name": "packet networks", "type": "topic", "h_index": 650, "h5_index": 151, "num_publications": 9, "num_citations": 108, "num_publications_5y": 0, "num_citations_5y": 46, "num_publications_10y": 0, "num_citations_10y": 85, "publications_years": {"2004": 3, "2005": 2, "2006": 3, "2001": 1}, "citations_years": {"2005": 3, "2006": 1, "2007": 6, "2008": 11, "2009": 5, "2010": 7, "2011": 7, "2012": 13, "2013": 7, "2014": 12, "2015": 15, "2016": 4, "2017": 7, "2018": 8, "2019": 2}, "old_citations": {"2004": 23, "2005": 84, "2006": 1, "2001": 0}, "isVisible": false}, "wireless networks": {"name": "wireless networks", "type": "topic", "h_index": 601, "h5_index": 148, "num_publications": 8, "num_citations": 108, "num_publications_5y": 0, "num_citations_5y": 46, "num_publications_10y": 0, "num_citations_10y": 85, "publications_years": {"2004": 3, "2005": 2, "2006": 2, "2001": 1}, "citations_years": {"2005": 3, "2006": 1, "2007": 6, "2008": 11, "2009": 5, "2010": 7, "2011": 7, "2012": 13, "2013": 7, "2014": 12, "2015": 15, "2016": 4, "2017": 7, "2018": 8, "2019": 2}, "old_citations": {"2004": 23, "2005": 84, "2006": 1, "2001": 0}, "isVisible": false}, "communication": {"name": "communication", "type": "topic", "h_index": 886, "h5_index": 209, "num_publications": 8, "num_citations": 92, "num_publications_5y": 1, "num_citations_5y": 42, "num_publications_10y": 1, "num_citations_10y": 78, "publications_years": {"2006": 2, "2004": 2, "2015": 1, "2005": 1, "2007": 1, "2001": 1}, "citations_years": {"2004": 1, "2005": 0, "2006": 0, "2007": 6, "2008": 5, "2009": 7, "2010": 5, "2011": 5, "2012": 12, "2013": 7, "2014": 11, "2015": 14, "2016": 3, "2017": 7, "2018": 7, "2019": 2}, "old_citations": {"2006": 1, "2004": 4, "2015": 0, "2005": 84, "2007": 3, "2001": 0}, "isVisible": false}, "radio": {"name": "radio", "type": "topic", "h_index": 658, "h5_index": 156, "num_publications": 3, "num_citations": 89, "num_publications_5y": 0, "num_citations_5y": 42, "num_publications_10y": 0, "num_citations_10y": 74, "publications_years": {"2004": 1, "2005": 2}, "citations_years": {"2005": 3, "2006": 2, "2007": 4, "2008": 4, "2009": 4, "2010": 5, "2011": 4, "2012": 12, "2013": 7, "2014": 11, "2015": 14, "2016": 3, "2017": 7, "2018": 7, "2019": 2}, "old_citations": {"2004": 4, "2005": 85}, "isVisible": false}, "signal detection": {"name": "signal detection", "type": "topic", "h_index": 720, "h5_index": 185, "num_publications": 6, "num_citations": 89, "num_publications_5y": 0, "num_citations_5y": 42, "num_publications_10y": 0, "num_citations_10y": 75, "publications_years": {"2006": 2, "2004": 3, "2005": 1}, "citations_years": {"2004": 1, "2005": 0, "2006": 0, "2007": 6, "2008": 5, "2009": 4, "2010": 5, "2011": 5, "2012": 12, "2013": 7, "2014": 11, "2015": 14, "2016": 3, "2017": 7, "2018": 7, "2019": 2}, "old_citations": {"2006": 1, "2004": 4, "2005": 84}, "isVisible": false}, "artificial intelligence": {"name": "artificial intelligence", "type": "topic", "h_index": 1421, "h5_index": 373, "num_publications": 6, "num_citations": 8, "num_publications_5y": 3, "num_citations_5y": 0, "num_publications_10y": 3, "num_citations_10y": 3, "publications_years": {"2015": 3, "2006": 2, "2004": 1}, "citations_years": {"2006": 2, "2007": 0, "2008": 3, "2009": 0, "2010": 1, "2011": 0, "2012": 1, "2013": 1}, "old_citations": {"2015": 0, "2006": 7, "2004": 1}, "isVisible": false}, "linguistics": {"name": "linguistics", "type": "topic", "h_index": 867, "h5_index": 206, "num_publications": 3, "num_citations": 0, "num_publications_5y": 3, "num_citations_5y": 0, "num_publications_10y": 3, "num_citations_10y": 0, "publications_years": {"2015": 3}, "citations_years": {}, "old_citations": {"2015": 0}, "isVisible": false}, "semantics": {"name": "semantics", "type": "topic", "h_index": 803, "h5_index": 226, "num_publications": 3, "num_citations": 0, "num_publications_5y": 3, "num_citations_5y": 0, "num_publications_10y": 3, "num_citations_10y": 0, "publications_years": {"2015": 3}, "citations_years": {}, "old_citations": {"2015": 0}, "isVisible": false}, "computer programming": {"name": "computer programming", "type": "topic", "h_index": 873, "h5_index": 186, "num_publications": 2, "num_citations": 0, "num_publications_5y": 2, "num_citations_5y": 0, "num_publications_10y": 2, "num_citations_10y": 0, "publications_years": {"2015": 2}, "citations_years": {}, "old_citations": {"2015": 0}, "isVisible": false}, "computer programming languages": {"name": "computer programming languages", "type": "topic", "h_index": 746, "h5_index": 154, "num_publications": 2, "num_citations": 0, "num_publications_5y": 2, "num_citations_5y": 0, "num_publications_10y": 2, "num_citations_10y": 0, "publications_years": {"2015": 2}, "citations_years": {}, "old_citations": {"2015": 0}, "isVisible": false}, "formal languages and automata theory": {"name": "formal languages and automata theory", "type": "topic", "h_index": 546, "h5_index": 122, "num_publications": 2, "num_citations": 0, "num_publications_5y": 2, "num_citations_5y": 0, "num_publications_10y": 2, "num_citations_10y": 0, "publications_years": {"2015": 2}, "citations_years": {}, "old_citations": {"2015": 0}, "isVisible": false}, "formal logic": {"name": "formal logic", "type": "topic", "h_index": 532, "h5_index": 93, "num_publications": 2, "num_citations": 0, "num_publications_5y": 2, "num_citations_5y": 0, "num_publications_10y": 2, "num_citations_10y": 0, "publications_years": {"2015": 2}, "citations_years": {}, "old_citations": {"2015": 0}, "isVisible": false}, "theoretical computer science": {"name": "theoretical computer science", "type": "topic", "h_index": 883, "h5_index": 203, "num_publications": 2, "num_citations": 0, "num_publications_5y": 2, "num_citations_5y": 0, "num_publications_10y": 2, "num_citations_10y": 0, "publications_years": {"2015": 2}, "citations_years": {}, "old_citations": {"2015": 0}, "isVisible": false}, "authentication": {"name": "authentication", "type": "topic", "h_index": 615, "h5_index": 135, "num_publications": 1, "num_citations": 0, "num_publications_5y": 1, "num_citations_5y": 0, "num_publications_10y": 1, "num_citations_10y": 0, "publications_years": {"2015": 1}, "citations_years": {}, "old_citations": {"2015": 0}, "isVisible": false}, "automata theory": {"name": "automata theory", "type": "topic", "h_index": 432, "h5_index": 93, "num_publications": 1, "num_citations": 0, "num_publications_5y": 1, "num_citations_5y": 0, "num_publications_10y": 1, "num_citations_10y": 0, "publications_years": {"2015": 1}, "citations_years": {}, "old_citations": {"2015": 0}, "isVisible": false}, "compiler": {"name": "compiler", "type": "topic", "h_index": 265, "h5_index": 44, "num_publications": 1, "num_citations": 0, "num_publications_5y": 1, "num_citations_5y": 0, "num_publications_10y": 1, "num_citations_10y": 0, "publications_years": {"2015": 1}, "citations_years": {}, "old_citations": {"2015": 0}, "isVisible": false}, "computational linguistics": {"name": "computational linguistics", "type": "topic", "h_index": 668, "h5_index": 175, "num_publications": 1, "num_citations": 0, "num_publications_5y": 1, "num_citations_5y": 0, "num_publications_10y": 1, "num_citations_10y": 0, "publications_years": {"2015": 1}, "citations_years": {}, "old_citations": {"2015": 0}, "isVisible": false}, "computer crime": {"name": "computer crime", "type": "topic", "h_index": 466, "h5_index": 123, "num_publications": 2, "num_citations": 0, "num_publications_5y": 1, "num_citations_5y": 0, "num_publications_10y": 1, "num_citations_10y": 0, "publications_years": {"2005": 1, "2015": 1}, "citations_years": {}, "old_citations": {"2005": 0, "2015": 0}, "isVisible": false}, "computer imaging and vision": {"name": "computer imaging and vision", "type": "topic", "h_index": 1142, "h5_index": 334, "num_publications": 4, "num_citations": 5, "num_publications_5y": 1, "num_citations_5y": 0, "num_publications_10y": 1, "num_citations_10y": 1, "publications_years": {"2005": 1, "2004": 2, "2015": 1}, "citations_years": {"2004": 1, "2005": 0, "2006": 1, "2007": 2, "2008": 0, "2009": 0, "2010": 0, "2011": 1}, "old_citations": {"2005": 0, "2004": 5, "2015": 0}, "isVisible": false}, "computer security": {"name": "computer security", "type": "topic", "h_index": 977, "h5_index": 220, "num_publications": 6, "num_citations": 5, "num_publications_5y": 1, "num_citations_5y": 0, "num_publications_10y": 1, "num_citations_10y": 2, "publications_years": {"2006": 2, "2005": 1, "2004": 2, "2015": 1}, "citations_years": {"2004": 1, "2005": 0, "2006": 0, "2007": 2, "2008": 0, "2009": 1, "2010": 0, "2011": 1}, "old_citations": {"2006": 1, "2005": 0, "2004": 4, "2015": 0}, "isVisible": false}, "congestion control (communication)": {"name": "congestion control (communication)", "type": "topic", "h_index": 422, "h5_index": 78, "num_publications": 2, "num_citations": 0, "num_publications_5y": 1, "num_citations_5y": 0, "num_publications_10y": 1, "num_citations_10y": 0, "publications_years": {"2015": 1, "2006": 1}, "citations_years": {}, "old_citations": {"2015": 0, "2006": 0}, "isVisible": false}, "control systems": {"name": "control systems", "type": "topic", "h_index": 433, "h5_index": 104, "num_publications": 1, "num_citations": 0, "num_publications_5y": 1, "num_citations_5y": 0, "num_publications_10y": 1, "num_citations_10y": 0, "publications_years": {"2015": 1}, "citations_years": {}, "old_citations": {"2015": 0}, "isVisible": false}, "cryptography": {"name": "cryptography", "type": "topic", "h_index": 761, "h5_index": 179, "num_publications": 4, "num_citations": 4, "num_publications_5y": 1, "num_citations_5y": 0, "num_publications_10y": 1, "num_citations_10y": 1, "publications_years": {"2006": 1, "2005": 1, "2004": 1, "2015": 1}, "citations_years": {"2004": 1, "2005": 0, "2006": 0, "2007": 2, "2008": 0, "2009": 0, "2010": 0, "2011": 1}, "old_citations": {"2006": 0, "2005": 0, "2004": 4, "2015": 0}, "isVisible": false}, "cryptology": {"name": "cryptology", "type": "topic", "h_index": 761, "h5_index": 179, "num_publications": 4, "num_citations": 4, "num_publications_5y": 1, "num_citations_5y": 0, "num_publications_10y": 1, "num_citations_10y": 1, "publications_years": {"2006": 1, "2005": 1, "2004": 1, "2015": 1}, "citations_years": {"2004": 1, "2005": 0, "2006": 0, "2007": 2, "2008": 0, "2009": 0, "2010": 0, "2011": 1}, "old_citations": {"2006": 0, "2005": 0, "2004": 4, "2015": 0}, "isVisible": false}, "database systems": {"name": "database systems", "type": "topic", "h_index": 1167, "h5_index": 276, "num_publications": 2, "num_citations": 0, "num_publications_5y": 1, "num_citations_5y": 0, "num_publications_10y": 1, "num_citations_10y": 0, "publications_years": {"2005": 1, "2015": 1}, "citations_years": {}, "old_citations": {"2005": 0, "2015": 0}, "isVisible": false}, "denial of service": {"name": "denial of service", "type": "topic", "h_index": 141, "h5_index": 43, "num_publications": 1, "num_citations": 0, "num_publications_5y": 1, "num_citations_5y": 0, "num_publications_10y": 1, "num_citations_10y": 0, "publications_years": {"2015": 1}, "citations_years": {}, "old_citations": {"2015": 0}, "isVisible": false}}, "authors": {"2120533114": {"name": "youngnam han", "type": "author", "activity": 26, "h_index": 21, "h5_index": 6, "mag_id": "2120533114", "num_publications": 2, "num_citations": 0, "num_publications_5y": 0, "num_citations_5y": 0, "num_publications_10y": 0, "num_citations_10y": 0, "publications_years": {"2004": 2}, "citations_years": {}, "old_citations": {"2004": 0}, "isVisible": false}, "2658891939": {"name": "kapseok chang", "type": "author", "activity": 17, "h_index": 9, "h5_index": 4, "mag_id": "2658891939", "num_publications": 2, "num_citations": 0, "num_publications_5y": 0, "num_citations_5y": 0, "num_publications_10y": 0, "num_citations_10y": 0, "publications_years": {"2004": 2}, "citations_years": {}, "old_citations": {"2004": 0}, "isVisible": false}, "92025121": {"name": "paolo torrini", "type": "author", "activity": 19, "h_index": 8, "h5_index": 2, "mag_id": "92025121", "num_publications": 1, "num_citations": 0, "num_publications_5y": 1, "num_citations_5y": 0, "num_publications_10y": 1, "num_citations_10y": 0, "publications_years": {"2015": 1}, "citations_years": {}, "old_citations": {"2015": 0}, "isVisible": false}, "284291632": {"name": "bertan bakkaloglu", "type": "author", "activity": 18, "h_index": 17, "h5_index": 3, "mag_id": "284291632", "num_publications": 1, "num_citations": 1, "num_publications_5y": 0, "num_citations_5y": 0, "num_publications_10y": 0, "num_citations_10y": 0, "publications_years": {"2006": 1}, "citations_years": {"2007": 1}, "old_citations": {"2006": 1}, "isVisible": false}, "314661598": {"name": "i deligoz", "type": "author", "activity": 6, "h_index": 3, "h5_index": 0, "mag_id": "314661598", "num_publications": 1, "num_citations": 1, "num_publications_5y": 0, "num_citations_5y": 0, "num_publications_10y": 0, "num_citations_10y": 0, "publications_years": {"2006": 1}, "citations_years": {"2007": 1}, "old_citations": {"2006": 1}, "isVisible": false}, "320353970": {"name": "kamugisha kazaura", "type": "author", "activity": 12, "h_index": 5, "h5_index": 0, "mag_id": "320353970", "num_publications": 1, "num_citations": 0, "num_publications_5y": 0, "num_citations_5y": 0, "num_publications_10y": 0, "num_citations_10y": 0, "publications_years": {"2004": 1}, "citations_years": {}, "old_citations": {"2004": 0}, "isVisible": false}, "335256981": {"name": "jitender s deogun", "type": "author", "activity": 30, "h_index": 26, "h5_index": 5, "mag_id": "335256981", "num_publications": 1, "num_citations": 1, "num_publications_5y": 0, "num_citations_5y": 0, "num_publications_10y": 0, "num_citations_10y": 0, "publications_years": {"2005": 1}, "citations_years": {"2006": 1}, "old_citations": {"2005": 1}, "isVisible": false}, "1116347365": {"name": "tristan crolard", "type": "author", "activity": 19, "h_index": 4, "h5_index": 0, "mag_id": "1116347365", "num_publications": 1, "num_citations": 0, "num_publications_5y": 1, "num_citations_5y": 0, "num_publications_10y": 1, "num_citations_10y": 0, "publications_years": {"2015": 1}, "citations_years": {}, "old_citations": {"2015": 0}, "isVisible": false}, "1252265910": {"name": "hayo thielecke", "type": "author", "activity": 22, "h_index": 13, "h5_index": 0, "mag_id": "1252265910", "num_publications": 1, "num_citations": 0, "num_publications_5y": 1, "num_citations_5y": 0, "num_publications_10y": 1, "num_citations_10y": 0, "publications_years": {"2015": 1}, "citations_years": {}, "old_citations": {"2015": 0}, "isVisible": false}, "1827751374": {"name": "jo verhaevert", "type": "author", "activity": 20, "h_index": 5, "h5_index": 1, "mag_id": "1827751374", "num_publications": 1, "num_citations": 0, "num_publications_5y": 0, "num_citations_5y": 0, "num_publications_10y": 0, "num_citations_10y": 0, "publications_years": {"2001": 1}, "citations_years": {}, "old_citations": {"2001": 0}, "isVisible": false}, "1836388904": {"name": "paul downen", "type": "author", "activity": 8, "h_index": 4, "h5_index": 2, "mag_id": "1836388904", "num_publications": 1, "num_citations": 0, "num_publications_5y": 1, "num_citations_5y": 0, "num_publications_10y": 1, "num_citations_10y": 0, "publications_years": {"2015": 1}, "citations_years": {}, "old_citations": {"2015": 0}, "isVisible": false}, "1899774276": {"name": "emmanuel van lil", "type": "author", "activity": 22, "h_index": 3, "h5_index": 0, "mag_id": "1899774276", "num_publications": 1, "num_citations": 0, "num_publications_5y": 0, "num_citations_5y": 0, "num_publications_10y": 0, "num_citations_10y": 0, "publications_years": {"2001": 1}, "citations_years": {}, "old_citations": {"2001": 0}, "isVisible": false}, "1988308335": {"name": "robert akl", "type": "author", "activity": 22, "h_index": 14, "h5_index": 2, "mag_id": "1988308335", "num_publications": 1, "num_citations": 84, "num_publications_5y": 0, "num_citations_5y": 42, "num_publications_10y": 0, "num_citations_10y": 74, "publications_years": {"2005": 1}, "citations_years": {"2007": 4, "2008": 4, "2009": 4, "2010": 5, "2011": 4, "2012": 12, "2013": 7, "2014": 11, "2015": 14, "2016": 3, "2017": 7, "2018": 7, "2019": 2}, "old_citations": {"2005": 84}, "isVisible": false}, "1994117774": {"name": "jeremy gibbons", "type": "author", "activity": 29, "h_index": 25, "h5_index": 4, "mag_id": "1994117774", "num_publications": 1, "num_citations": 0, "num_publications_5y": 1, "num_citations_5y": 0, "num_publications_10y": 1, "num_citations_10y": 0, "publications_years": {"2015": 1}, "citations_years": {}, "old_citations": {"2015": 0}, "isVisible": false}, "2002508555": {"name": "maciej pirog", "type": "author", "activity": 11, "h_index": 5, "h5_index": 3, "mag_id": "2002508555", "num_publications": 1, "num_citations": 0, "num_publications_5y": 1, "num_citations_5y": 0, "num_publications_10y": 1, "num_citations_10y": 0, "publications_years": {"2015": 1}, "citations_years": {}, "old_citations": {"2015": 0}, "isVisible": false}, "2019653371": {"name": "antoine van de capelle", "type": "author", "activity": 23, "h_index": 7, "h5_index": 0, "mag_id": "2019653371", "num_publications": 1, "num_citations": 0, "num_publications_5y": 0, "num_citations_5y": 0, "num_publications_10y": 0, "num_citations_10y": 0, "publications_years": {"2001": 1}, "citations_years": {}, "old_citations": {"2001": 0}, "isVisible": false}, "2027633386": {"name": "zille huma kamal", "type": "author", "activity": 6, "h_index": 3, "h5_index": 0, "mag_id": "2027633386", "num_publications": 1, "num_citations": 6, "num_publications_5y": 0, "num_citations_5y": 0, "num_publications_10y": 0, "num_citations_10y": 3, "publications_years": {"2006": 1}, "citations_years": {"2006": 1, "2007": 0, "2008": 2, "2009": 0, "2010": 1, "2011": 0, "2012": 1, "2013": 1}, "old_citations": {"2006": 6}, "isVisible": false}, "2036302789": {"name": "s kiaei", "type": "author", "activity": 30, "h_index": 18, "h5_index": 3, "mag_id": "2036302789", "num_publications": 1, "num_citations": 1, "num_publications_5y": 0, "num_citations_5y": 0, "num_publications_10y": 0, "num_citations_10y": 0, "publications_years": {"2006": 1}, "citations_years": {"2007": 1}, "old_citations": {"2006": 1}, "isVisible": false}, "2062267876": {"name": "kenneth l holladay", "type": "author", "activity": 19, "h_index": 4, "h5_index": 1, "mag_id": "2062267876", "num_publications": 1, "num_citations": 4, "num_publications_5y": 0, "num_citations_5y": 0, "num_publications_10y": 0, "num_citations_10y": 1, "publications_years": {"2004": 1}, "citations_years": {"2004": 1, "2005": 0, "2006": 0, "2007": 2, "2008": 0, "2009": 0, "2010": 0, "2011": 1}, "old_citations": {"2004": 4}, "isVisible": false}, "2071632257": {"name": "ece yaprak", "type": "author", "activity": 25, "h_index": 5, "h5_index": 0, "mag_id": "2071632257", "num_publications": 1, "num_citations": 1, "num_publications_5y": 0, "num_citations_5y": 0, "num_publications_10y": 0, "num_citations_10y": 1, "publications_years": {"2006": 1}, "citations_years": {"2009": 1}, "old_citations": {"2006": 1}, "isVisible": false}, "2075605933": {"name": "nasser abdellatif", "type": "author", "activity": 16, "h_index": 2, "h5_index": 0, "mag_id": "2075605933", "num_publications": 1, "num_citations": 2, "num_publications_5y": 0, "num_citations_5y": 2, "num_publications_10y": 0, "num_citations_10y": 2, "publications_years": {"2004": 1}, "citations_years": {"2018": 2}, "old_citations": {"2004": 2}, "isVisible": false}, "2095202235": {"name": "leszek lilien", "type": "author", "activity": 17, "h_index": 14, "h5_index": 1, "mag_id": "2095202235", "num_publications": 1, "num_citations": 6, "num_publications_5y": 0, "num_citations_5y": 0, "num_publications_10y": 0, "num_citations_10y": 3, "publications_years": {"2006": 1}, "citations_years": {"2006": 1, "2007": 0, "2008": 2, "2009": 0, "2010": 1, "2011": 0, "2012": 1, "2013": 1}, "old_citations": {"2006": 6}, "isVisible": false}, "2095919411": {"name": "kazuhiko kinoshita", "type": "author", "activity": 23, "h_index": 7, "h5_index": 2, "mag_id": "2095919411", "num_publications": 1, "num_citations": 0, "num_publications_5y": 0, "num_citations_5y": 0, "num_publications_10y": 0, "num_citations_10y": 0, "publications_years": {"2004": 1}, "citations_years": {}, "old_citations": {"2004": 0}, "isVisible": false}, "2099527165": {"name": "wentzu chen", "type": "author", "activity": 20, "h_index": 8, "h5_index": 3, "mag_id": "2099527165", "num_publications": 1, "num_citations": 0, "num_publications_5y": 0, "num_citations_5y": 0, "num_publications_10y": 0, "num_citations_10y": 0, "publications_years": {"2005": 1}, "citations_years": {}, "old_citations": {"2005": 0}, "isVisible": false}, "2100614400": {"name": "neil sculthorpe", "type": "author", "activity": 8, "h_index": 9, "h5_index": 2, "mag_id": "2100614400", "num_publications": 1, "num_citations": 0, "num_publications_5y": 1, "num_citations_5y": 0, "num_publications_10y": 1, "num_citations_10y": 0, "publications_years": {"2015": 1}, "citations_years": {}, "old_citations": {"2015": 0}, "isVisible": false}, "2107229966": {"name": "minho kang", "type": "author", "activity": 9, "h_index": 12, "h5_index": 0, "mag_id": "2107229966", "num_publications": 1, "num_citations": 0, "num_publications_5y": 0, "num_citations_5y": 0, "num_publications_10y": 0, "num_citations_10y": 0, "publications_years": {"2006": 1}, "citations_years": {}, "old_citations": {"2006": 0}, "isVisible": false}, "2108995082": {"name": "jun liu", "type": "author", "activity": 1, "h_index": 1, "h5_index": 0, "mag_id": "2108995082", "num_publications": 1, "num_citations": 0, "num_publications_5y": 0, "num_citations_5y": 0, "num_publications_10y": 0, "num_citations_10y": 0, "publications_years": {"2004": 1}, "citations_years": {}, "old_citations": {"2004": 0}, "isVisible": false}, "2111424059": {"name": "peter d mosses", "type": "author", "activity": 30, "h_index": 21, "h5_index": 2, "mag_id": "2111424059", "num_publications": 1, "num_citations": 0, "num_publications_5y": 1, "num_citations_5y": 0, "num_publications_10y": 1, "num_citations_10y": 0, "publications_years": {"2015": 1}, "citations_years": {}, "old_citations": {"2015": 0}, "isVisible": false}, "2113907583": {"name": "hyoungmoon kwon", "type": "author", "activity": 10, "h_index": 5, "h5_index": 0, "mag_id": "2113907583", "num_publications": 1, "num_citations": 0, "num_publications_5y": 0, "num_citations_5y": 0, "num_publications_10y": 0, "num_citations_10y": 0, "publications_years": {"2004": 1}, "citations_years": {}, "old_citations": {"2004": 0}, "isVisible": false}, "2124152763": {"name": "ashfaq khokhar", "type": "author", "activity": 29, "h_index": 28, "h5_index": 3, "mag_id": "2124152763", "num_publications": 1, "num_citations": 6, "num_publications_5y": 0, "num_citations_5y": 0, "num_publications_10y": 0, "num_citations_10y": 3, "publications_years": {"2006": 1}, "citations_years": {"2006": 1, "2007": 0, "2008": 2, "2009": 0, "2010": 1, "2011": 0, "2012": 1, "2013": 1}, "old_citations": {"2006": 6}, "isVisible": false}, "2126311853": {"name": "seungjin park", "type": "author", "activity": 17, "h_index": 8, "h5_index": 0, "mag_id": "2126311853", "num_publications": 1, "num_citations": 2, "num_publications_5y": 0, "num_citations_5y": 1, "num_publications_10y": 0, "num_citations_10y": 2, "publications_years": {"2004": 1}, "citations_years": {"2012": 1, "2013": 0, "2014": 1}, "old_citations": {"2004": 2}, "isVisible": false}, "2128654169": {"name": "mingon kim", "type": "author", "activity": 8, "h_index": 9, "h5_index": 0, "mag_id": "2128654169", "num_publications": 1, "num_citations": 0, "num_publications_5y": 0, "num_citations_5y": 0, "num_publications_10y": 0, "num_citations_10y": 0, "publications_years": {"2006": 1}, "citations_years": {}, "old_citations": {"2006": 0}, "isVisible": false}, "2130932582": {"name": "tsungnan lin", "type": "author", "activity": 25, "h_index": 21, "h5_index": 3, "mag_id": "2130932582", "num_publications": 1, "num_citations": 1, "num_publications_5y": 0, "num_citations_5y": 0, "num_publications_10y": 0, "num_citations_10y": 0, "publications_years": {"2006": 1}, "citations_years": {"2008": 1}, "old_citations": {"2006": 1}, "isVisible": false}, "2140874292": {"name": "huyu qu", "type": "author", "activity": 4, "h_index": 1, "h5_index": 0, "mag_id": "2140874292", "num_publications": 1, "num_citations": 1, "num_publications_5y": 0, "num_citations_5y": 0, "num_publications_10y": 0, "num_citations_10y": 1, "publications_years": {"2006": 1}, "citations_years": {"2009": 1}, "old_citations": {"2006": 1}, "isVisible": false}, "2145667152": {"name": "iickho song", "type": "author", "activity": 31, "h_index": 17, "h5_index": 1, "mag_id": "2145667152", "num_publications": 1, "num_citations": 0, "num_publications_5y": 0, "num_citations_5y": 0, "num_publications_10y": 0, "num_citations_10y": 0, "publications_years": {"2004": 1}, "citations_years": {}, "old_citations": {"2004": 0}, "isVisible": false}, "2148977315": {"name": "robin doss", "type": "author", "activity": 17, "h_index": 14, "h5_index": 5, "mag_id": "2148977315", "num_publications": 1, "num_citations": 19, "num_publications_5y": 0, "num_citations_5y": 4, "num_publications_10y": 0, "num_citations_10y": 11, "publications_years": {"2004": 1}, "citations_years": {"2007": 2, "2008": 6, "2009": 1, "2010": 2, "2011": 3, "2012": 1, "2013": 0, "2014": 1, "2015": 1, "2016": 1, "2017": 0, "2018": 1}, "old_citations": {"2004": 19}, "isVisible": false}, "2156169184": {"name": "won ha", "type": "author", "activity": 4, "h_index": 2, "h5_index": 0, "mag_id": "2156169184", "num_publications": 1, "num_citations": 0, "num_publications_5y": 0, "num_citations_5y": 0, "num_publications_10y": 0, "num_citations_10y": 0, "publications_years": {"2004": 1}, "citations_years": {}, "old_citations": {"2004": 0}, "isVisible": false}, "2156943041": {"name": "yukiyoshi kameyama", "type": "author", "activity": 25, "h_index": 10, "h5_index": 2, "mag_id": "2156943041", "num_publications": 1, "num_citations": 0, "num_publications_5y": 1, "num_citations_5y": 0, "num_publications_10y": 1, "num_citations_10y": 0, "publications_years": {"2015": 1}, "citations_years": {}, "old_citations": {"2015": 0}, "isVisible": false}, "2158396471": {"name": "xinrong li", "type": "author", "activity": 21, "h_index": 16, "h5_index": 3, "mag_id": "2158396471", "num_publications": 1, "num_citations": 84, "num_publications_5y": 0, "num_citations_5y": 42, "num_publications_10y": 0, "num_citations_10y": 74, "publications_years": {"2005": 1}, "citations_years": {"2007": 4, "2008": 4, "2009": 4, "2010": 5, "2011": 4, "2012": 12, "2013": 7, "2014": 11, "2015": 14, "2016": 3, "2017": 7, "2018": 7, "2019": 2}, "old_citations": {"2005": 84}, "isVisible": false}, "2160715010": {"name": "junghwa bae", "type": "author", "activity": 7, "h_index": 3, "h5_index": 0, "mag_id": "2160715010", "num_publications": 1, "num_citations": 0, "num_publications_5y": 0, "num_citations_5y": 0, "num_publications_10y": 0, "num_citations_10y": 0, "publications_years": {"2004": 1}, "citations_years": {}, "old_citations": {"2004": 0}, "isVisible": false}, "2165510032": {"name": "chiang lee", "type": "author", "activity": 30, "h_index": 17, "h5_index": 2, "mag_id": "2165510032", "num_publications": 1, "num_citations": 0, "num_publications_5y": 0, "num_citations_5y": 0, "num_publications_10y": 0, "num_citations_10y": 0, "publications_years": {"2006": 1}, "citations_years": {}, "old_citations": {"2006": 0}, "isVisible": false}, "2166031703": {"name": "nirmala shenoy", "type": "author", "activity": 24, "h_index": 11, "h5_index": 1, "mag_id": "2166031703", "num_publications": 1, "num_citations": 19, "num_publications_5y": 0, "num_citations_5y": 4, "num_publications_10y": 0, "num_citations_10y": 11, "publications_years": {"2004": 1}, "citations_years": {"2007": 2, "2008": 6, "2009": 1, "2010": 2, "2011": 3, "2012": 1, "2013": 0, "2014": 1, "2015": 1, "2016": 1, "2017": 0, "2018": 1}, "old_citations": {"2004": 19}, "isVisible": false}, "2166480455": {"name": "kay a robbins", "type": "author", "activity": 28, "h_index": 13, "h5_index": 4, "mag_id": "2166480455", "num_publications": 1, "num_citations": 4, "num_publications_5y": 0, "num_citations_5y": 0, "num_publications_10y": 0, "num_citations_10y": 1, "publications_years": {"2004": 1}, "citations_years": {"2004": 1, "2005": 0, "2006": 0, "2007": 2, "2008": 0, "2009": 0, "2010": 0, "2011": 1}, "old_citations": {"2004": 4}, "isVisible": false}, "2169154786": {"name": "mitsuji matsumoto", "type": "author", "activity": 16, "h_index": 9, "h5_index": 0, "mag_id": "2169154786", "num_publications": 1, "num_citations": 0, "num_publications_5y": 0, "num_citations_5y": 0, "num_publications_10y": 0, "num_citations_10y": 0, "publications_years": {"2004": 1}, "citations_years": {}, "old_citations": {"2004": 0}, "isVisible": false}, "2173987305": {"name": "keita kawano", "type": "author", "activity": 21, "h_index": 5, "h5_index": 1, "mag_id": "2173987305", "num_publications": 1, "num_citations": 0, "num_publications_5y": 0, "num_citations_5y": 0, "num_publications_10y": 0, "num_citations_10y": 0, "publications_years": {"2004": 1}, "citations_years": {}, "old_citations": {"2004": 0}, "isVisible": false}, "2200399310": {"name": "zena m ariola", "type": "author", "activity": 29, "h_index": 13, "h5_index": 2, "mag_id": "2200399310", "num_publications": 1, "num_citations": 0, "num_publications_5y": 1, "num_citations_5y": 0, "num_publications_10y": 1, "num_citations_10y": 0, "publications_years": {"2015": 1}, "citations_years": {}, "old_citations": {"2015": 0}, "isVisible": false}, "2231125348": {"name": "philip johnsonfreyd", "type": "author", "activity": 4, "h_index": 1, "h5_index": 1, "mag_id": "2231125348", "num_publications": 1, "num_citations": 0, "num_publications_5y": 1, "num_citations_5y": 0, "num_publications_10y": 1, "num_citations_10y": 0, "publications_years": {"2015": 1}, "citations_years": {}, "old_citations": {"2015": 0}, "isVisible": false}, "2236460192": {"name": "a khalil", "type": "author", "activity": 12, "h_index": 7, "h5_index": 0, "mag_id": "2236460192", "num_publications": 1, "num_citations": 2, "num_publications_5y": 0, "num_citations_5y": 2, "num_publications_10y": 0, "num_citations_10y": 2, "publications_years": {"2004": 1}, "citations_years": {"2018": 2}, "old_citations": {"2004": 2}, "isVisible": false}, "2273196592": {"name": "yuehmin huang", "type": "author", "activity": 24, "h_index": 37, "h5_index": 8, "mag_id": "2273196592", "num_publications": 1, "num_citations": 4, "num_publications_5y": 0, "num_citations_5y": 0, "num_publications_10y": 0, "num_citations_10y": 0, "publications_years": {"2004": 1}, "citations_years": {"2005": 3, "2006": 1}, "old_citations": {"2004": 4}, "isVisible": false}, "2278226152": {"name": "le yi wang", "type": "author", "activity": 29, "h_index": 13, "h5_index": 4, "mag_id": "2278226152", "num_publications": 1, "num_citations": 1, "num_publications_5y": 0, "num_citations_5y": 0, "num_publications_10y": 0, "num_citations_10y": 1, "publications_years": {"2006": 1}, "citations_years": {"2009": 1}, "old_citations": {"2006": 1}, "isVisible": false}, "2280644445": {"name": "andrew jennings", "type": "author", "activity": 14, "h_index": 5, "h5_index": 0, "mag_id": "2280644445", "num_publications": 1, "num_citations": 19, "num_publications_5y": 0, "num_citations_5y": 4, "num_publications_10y": 0, "num_citations_10y": 11, "publications_years": {"2004": 1}, "citations_years": {"2007": 2, "2008": 6, "2009": 1, "2010": 2, "2011": 3, "2012": 1, "2013": 0, "2014": 1, "2015": 1, "2016": 1, "2017": 0, "2018": 1}, "old_citations": {"2004": 19}, "isVisible": false}, "2292486843": {"name": "chiapin wang", "type": "author", "activity": 16, "h_index": 8, "h5_index": 3, "mag_id": "2292486843", "num_publications": 1, "num_citations": 1, "num_publications_5y": 0, "num_citations_5y": 0, "num_publications_10y": 0, "num_citations_10y": 0, "publications_years": {"2006": 1}, "citations_years": {"2008": 1}, "old_citations": {"2006": 1}, "isVisible": false}, "2396318058": {"name": "r kuzet", "type": "author", "activity": 1, "h_index": 1, "h5_index": 0, "mag_id": "2396318058", "num_publications": 1, "num_citations": 1, "num_publications_5y": 0, "num_citations_5y": 0, "num_publications_10y": 0, "num_citations_10y": 0, "publications_years": {"2004": 1}, "citations_years": {"2006": 1}, "old_citations": {"2004": 1}, "isVisible": false}, "2429907422": {"name": "mohamed a ali", "type": "author", "activity": 24, "h_index": 16, "h5_index": 2, "mag_id": "2429907422", "num_publications": 1, "num_citations": 2, "num_publications_5y": 0, "num_citations_5y": 2, "num_publications_10y": 0, "num_citations_10y": 2, "publications_years": {"2004": 1}, "citations_years": {"2018": 2}, "old_citations": {"2004": 2}, "isVisible": false}, "2430759827": {"name": "eugene john", "type": "author", "activity": 29, "h_index": 9, "h5_index": 3, "mag_id": "2430759827", "num_publications": 1, "num_citations": 1, "num_publications_5y": 0, "num_citations_5y": 0, "num_publications_10y": 0, "num_citations_10y": 0, "publications_years": {"2004": 1}, "citations_years": {"2006": 1}, "old_citations": {"2004": 1}, "isVisible": false}, "2434761988": {"name": "haitham s hamza", "type": "author", "activity": 18, "h_index": 11, "h5_index": 3, "mag_id": "2434761988", "num_publications": 1, "num_citations": 1, "num_publications_5y": 0, "num_citations_5y": 0, "num_publications_10y": 0, "num_citations_10y": 0, "publications_years": {"2005": 1}, "citations_years": {"2006": 1}, "old_citations": {"2005": 1}, "isVisible": false}, "2472625865": {"name": "jihwan kim", "type": "author", "activity": 6, "h_index": 1, "h5_index": 0, "mag_id": "2472625865", "num_publications": 1, "num_citations": 0, "num_publications_5y": 0, "num_citations_5y": 0, "num_publications_10y": 0, "num_citations_10y": 0, "publications_years": {"2006": 1}, "citations_years": {}, "old_citations": {"2006": 0}, "isVisible": false}, "2487415685": {"name": "xiaohan sun", "type": "author", "activity": 1, "h_index": 0, "h5_index": 0, "mag_id": "2487415685", "num_publications": 1, "num_citations": 0, "num_publications_5y": 0, "num_citations_5y": 0, "num_publications_10y": 0, "num_citations_10y": 0, "publications_years": {"2006": 1}, "citations_years": {}, "old_citations": {"2006": 0}, "isVisible": false}, "2514584162": {"name": "hongkyu jeong", "type": "author", "activity": 8, "h_index": 5, "h5_index": 0, "mag_id": "2514584162", "num_publications": 1, "num_citations": 0, "num_publications_5y": 0, "num_citations_5y": 0, "num_publications_10y": 0, "num_citations_10y": 0, "publications_years": {"2006": 1}, "citations_years": {}, "old_citations": {"2006": 0}, "isVisible": false}, "2519019584": {"name": "steven vandenbosch", "type": "author", "activity": 1, "h_index": 0, "h5_index": 0, "mag_id": "2519019584", "num_publications": 1, "num_citations": 0, "num_publications_5y": 0, "num_citations_5y": 0, "num_publications_10y": 0, "num_citations_10y": 0, "publications_years": {"2001": 1}, "citations_years": {}, "old_citations": {"2001": 0}, "isVisible": false}, "2519722677": {"name": "erik francois", "type": "author", "activity": 1, "h_index": 0, "h5_index": 0, "mag_id": "2519722677", "num_publications": 1, "num_citations": 0, "num_publications_5y": 0, "num_citations_5y": 0, "num_publications_10y": 0, "num_citations_10y": 0, "publications_years": {"2001": 1}, "citations_years": {}, "old_citations": {"2001": 0}, "isVisible": false}, "2535722973": {"name": "j moghaddasi", "type": "author", "activity": 12, "h_index": 2, "h5_index": 0, "mag_id": "2535722973", "num_publications": 1, "num_citations": 2, "num_publications_5y": 0, "num_citations_5y": 2, "num_publications_10y": 0, "num_citations_10y": 2, "publications_years": {"2004": 1}, "citations_years": {"2018": 2}, "old_citations": {"2004": 2}, "isVisible": false}, "2556131747": {"name": "ikuo kobori", "type": "author", "activity": 1, "h_index": 0, "h5_index": 0, "mag_id": "2556131747", "num_publications": 1, "num_citations": 0, "num_publications_5y": 1, "num_citations_5y": 0, "num_publications_10y": 1, "num_citations_10y": 0, "publications_years": {"2015": 1}, "citations_years": {}, "old_citations": {"2015": 0}, "isVisible": false}, "2593655190": {"name": "anshu bhatia", "type": "author", "activity": 1, "h_index": 1, "h5_index": 0, "mag_id": "2593655190", "num_publications": 1, "num_citations": 2, "num_publications_5y": 0, "num_citations_5y": 1, "num_publications_10y": 0, "num_citations_10y": 2, "publications_years": {"2004": 1}, "citations_years": {"2012": 1, "2013": 0, "2014": 1}, "old_citations": {"2004": 2}, "isVisible": false}, "2594517579": {"name": "s puthenpurayil", "type": "author", "activity": 1, "h_index": 1, "h5_index": 0, "mag_id": "2594517579", "num_publications": 1, "num_citations": 1, "num_publications_5y": 0, "num_citations_5y": 0, "num_publications_10y": 0, "num_citations_10y": 0, "publications_years": {"2004": 1}, "citations_years": {"2006": 1}, "old_citations": {"2004": 1}, "isVisible": false}, "2610295615": {"name": "m chilukuri", "type": "author", "activity": 1, "h_index": 1, "h5_index": 0, "mag_id": "2610295615", "num_publications": 1, "num_citations": 1, "num_publications_5y": 0, "num_citations_5y": 0, "num_publications_10y": 0, "num_citations_10y": 0, "publications_years": {"2004": 1}, "citations_years": {"2006": 1}, "old_citations": {"2004": 1}, "isVisible": false}, "2616874743": {"name": "kyuyeol han", "type": "author", "activity": 1, "h_index": 0, "h5_index": 0, "mag_id": "2616874743", "num_publications": 1, "num_citations": 0, "num_publications_5y": 0, "num_citations_5y": 0, "num_publications_10y": 0, "num_citations_10y": 0, "publications_years": {"2004": 1}, "citations_years": {}, "old_citations": {"2004": 0}, "isVisible": false}, "2618353844": {"name": "heekwon ko", "type": "author", "activity": 1, "h_index": 0, "h5_index": 0, "mag_id": "2618353844", "num_publications": 1, "num_citations": 0, "num_publications_5y": 0, "num_citations_5y": 0, "num_publications_10y": 0, "num_citations_10y": 0, "publications_years": {"2004": 1}, "citations_years": {}, "old_citations": {"2004": 0}, "isVisible": false}, "2628466544": {"name": "hong wang", "type": "author", "activity": 1, "h_index": 1, "h5_index": 0, "mag_id": "2628466544", "num_publications": 1, "num_citations": 1, "num_publications_5y": 0, "num_citations_5y": 0, "num_publications_10y": 0, "num_citations_10y": 1, "publications_years": {"2006": 1}, "citations_years": {"2009": 1}, "old_citations": {"2006": 1}, "isVisible": false}, "2631135085": {"name": "yanlong zhao", "type": "author", "activity": 1, "h_index": 1, "h5_index": 0, "mag_id": "2631135085", "num_publications": 1, "num_citations": 1, "num_publications_5y": 0, "num_citations_5y": 0, "num_publications_10y": 0, "num_citations_10y": 1, "publications_years": {"2006": 1}, "citations_years": {"2009": 1}, "old_citations": {"2006": 1}, "isVisible": false}, "2632633489": {"name": "shyhjong chung", "type": "author", "activity": 1, "h_index": 0, "h5_index": 0, "mag_id": "2632633489", "num_publications": 1, "num_citations": 0, "num_publications_5y": 0, "num_citations_5y": 0, "num_publications_10y": 0, "num_citations_10y": 0, "publications_years": {"2006": 1}, "citations_years": {}, "old_citations": {"2006": 0}, "isVisible": false}, "2638091551": {"name": "delin zhao", "type": "author", "activity": 1, "h_index": 0, "h5_index": 0, "mag_id": "2638091551", "num_publications": 1, "num_citations": 0, "num_publications_5y": 0, "num_citations_5y": 0, "num_publications_10y": 0, "num_citations_10y": 0, "publications_years": {"2006": 1}, "citations_years": {}, "old_citations": {"2006": 0}, "isVisible": false}, "2638301376": {"name": "chuen ching wang", "type": "author", "activity": 1, "h_index": 0, "h5_index": 0, "mag_id": "2638301376", "num_publications": 1, "num_citations": 0, "num_publications_5y": 0, "num_citations_5y": 0, "num_publications_10y": 0, "num_citations_10y": 0, "publications_years": {"2005": 1}, "citations_years": {}, "old_citations": {"2005": 0}, "isVisible": false}, "2641578801": {"name": "yih chuan lin", "type": "author", "activity": 1, "h_index": 0, "h5_index": 0, "mag_id": "2641578801", "num_publications": 1, "num_citations": 0, "num_publications_5y": 0, "num_citations_5y": 0, "num_publications_10y": 0, "num_citations_10y": 0, "publications_years": {"2005": 1}, "citations_years": {}, "old_citations": {"2005": 0}, "isVisible": false}, "2644556459": {"name": "h foltz", "type": "author", "activity": 1, "h_index": 1, "h5_index": 0, "mag_id": "2644556459", "num_publications": 1, "num_citations": 1, "num_publications_5y": 0, "num_citations_5y": 0, "num_publications_10y": 0, "num_citations_10y": 0, "publications_years": {"2004": 1}, "citations_years": {"2006": 1}, "old_citations": {"2004": 1}, "isVisible": false}, "2674554389": {"name": "chuanqi li", "type": "author", "activity": 1, "h_index": 0, "h5_index": 0, "mag_id": "2674554389", "num_publications": 1, "num_citations": 0, "num_publications_5y": 0, "num_citations_5y": 0, "num_publications_10y": 0, "num_citations_10y": 0, "publications_years": {"2006": 1}, "citations_years": {}, "old_citations": {"2006": 0}, "isVisible": false}, "2675081487": {"name": "dinesh tummala", "type": "author", "activity": 1, "h_index": 1, "h5_index": 0, "mag_id": "2675081487", "num_publications": 1, "num_citations": 84, "num_publications_5y": 0, "num_citations_5y": 42, "num_publications_10y": 0, "num_citations_10y": 74, "publications_years": {"2005": 1}, "citations_years": {"2007": 4, "2008": 4, "2009": 4, "2010": 5, "2011": 4, "2012": 12, "2013": 7, "2014": 11, "2015": 14, "2016": 3, "2017": 7, "2018": 7, "2019": 2}, "old_citations": {"2005": 84}, "isVisible": false}, "2685994505": {"name": "jemyung jeong", "type": "author", "activity": 1, "h_index": 0, "h5_index": 0, "mag_id": "2685994505", "num_publications": 1, "num_citations": 0, "num_publications_5y": 0, "num_citations_5y": 0, "num_publications_10y": 0, "num_citations_10y": 0, "publications_years": {"2006": 1}, "citations_years": {}, "old_citations": {"2006": 0}, "isVisible": false}, "2693134176": {"name": "jinwoo park", "type": "author", "activity": 5, "h_index": 4, "h5_index": 0, "mag_id": "2693134176", "num_publications": 1, "num_citations": 0, "num_publications_5y": 0, "num_citations_5y": 0, "num_publications_10y": 0, "num_citations_10y": 0, "publications_years": {"2004": 1}, "citations_years": {}, "old_citations": {"2004": 0}, "isVisible": false}, "2700246228": {"name": "shasha wu", "type": "author", "activity": 2, "h_index": 1, "h5_index": 0, "mag_id": "2700246228", "num_publications": 1, "num_citations": 1, "num_publications_5y": 0, "num_citations_5y": 0, "num_publications_10y": 0, "num_citations_10y": 0, "publications_years": {"2005": 1}, "citations_years": {"2006": 1}, "old_citations": {"2005": 1}, "isVisible": false}, "2705156256": {"name": "gwo long li", "type": "author", "activity": 1, "h_index": 0, "h5_index": 0, "mag_id": "2705156256", "num_publications": 1, "num_citations": 0, "num_publications_5y": 0, "num_citations_5y": 0, "num_publications_10y": 0, "num_citations_10y": 0, "publications_years": {"2005": 1}, "citations_years": {}, "old_citations": {"2005": 0}, "isVisible": false}, "2710044534": {"name": "yulin chen", "type": "author", "activity": 1, "h_index": 0, "h5_index": 0, "mag_id": "2710044534", "num_publications": 1, "num_citations": 0, "num_publications_5y": 0, "num_citations_5y": 0, "num_publications_10y": 0, "num_citations_10y": 0, "publications_years": {"2006": 1}, "citations_years": {}, "old_citations": {"2006": 0}, "isVisible": false}, "2723055709": {"name": "chingwei ling", "type": "author", "activity": 1, "h_index": 0, "h5_index": 0, "mag_id": "2723055709", "num_publications": 1, "num_citations": 0, "num_publications_5y": 0, "num_citations_5y": 0, "num_publications_10y": 0, "num_citations_10y": 0, "publications_years": {"2006": 1}, "citations_years": {}, "old_citations": {"2006": 0}, "isVisible": false}, "2775917391": {"name": "koso murakami", "type": "author", "activity": 22, "h_index": 10, "h5_index": 1, "mag_id": "2775917391", "num_publications": 1, "num_citations": 0, "num_publications_5y": 0, "num_citations_5y": 0, "num_publications_10y": 0, "num_citations_10y": 0, "publications_years": {"2004": 1}, "citations_years": {}, "old_citations": {"2004": 0}, "isVisible": false}, "2780799477": {"name": "jungyul choi", "type": "author", "activity": 5, "h_index": 5, "h5_index": 0, "mag_id": "2780799477", "num_publications": 1, "num_citations": 0, "num_publications_5y": 0, "num_citations_5y": 0, "num_publications_10y": 0, "num_citations_10y": 0, "publications_years": {"2006": 1}, "citations_years": {}, "old_citations": {"2006": 0}, "isVisible": false}, "2784787752": {"name": "i fang su", "type": "author", "activity": 1, "h_index": 0, "h5_index": 0, "mag_id": "2784787752", "num_publications": 1, "num_citations": 0, "num_publications_5y": 0, "num_citations_5y": 0, "num_publications_10y": 0, "num_citations_10y": 0, "publications_years": {"2006": 1}, "citations_years": {}, "old_citations": {"2006": 0}, "isVisible": false}, "2788325967": {"name": "gianni fenu", "type": "author", "activity": 1, "h_index": 1, "h5_index": 0, "mag_id": "2788325967", "num_publications": 1, "num_citations": 3, "num_publications_5y": 0, "num_citations_5y": 0, "num_publications_10y": 0, "num_citations_10y": 2, "publications_years": {"2007": 1}, "citations_years": {"2008": 1, "2009": 2}, "old_citations": {"2007": 3}, "isVisible": false}, "2789153520": {"name": "surcis s aymerich f m", "type": "author", "activity": 1, "h_index": 1, "h5_index": 0, "mag_id": "2789153520", "num_publications": 1, "num_citations": 3, "num_publications_5y": 0, "num_citations_5y": 0, "num_publications_10y": 0, "num_citations_10y": 2, "publications_years": {"2007": 1}, "citations_years": {"2008": 1, "2009": 2}, "old_citations": {"2007": 3}, "isVisible": false}, "2828415660": {"name": "jonghoon youn", "type": "author", "activity": 20, "h_index": 9, "h5_index": 2, "mag_id": "2828415660", "num_publications": 1, "num_citations": 2, "num_publications_5y": 0, "num_citations_5y": 1, "num_publications_10y": 0, "num_citations_10y": 2, "publications_years": {"2004": 1}, "citations_years": {"2012": 1, "2013": 0, "2014": 1}, "old_citations": {"2004": 2}, "isVisible": false}, "2909943526": {"name": "so ryoung", "type": "author", "activity": 1, "h_index": 0, "h5_index": 0, "mag_id": "2909943526", "num_publications": 1, "num_citations": 0, "num_publications_5y": 0, "num_citations_5y": 0, "num_publications_10y": 0, "num_citations_10y": 0, "publications_years": {"2004": 1}, "citations_years": {}, "old_citations": {"2004": 0}, "isVisible": false}, "2921945150": {"name": "ajay gupta", "type": "author", "activity": 30, "h_index": 13, "h5_index": 4, "mag_id": "2921945150", "num_publications": 1, "num_citations": 6, "num_publications_5y": 0, "num_citations_5y": 0, "num_publications_10y": 0, "num_citations_10y": 3, "publications_years": {"2006": 1}, "citations_years": {"2006": 1, "2007": 0, "2008": 2, "2009": 0, "2010": 1, "2011": 0, "2012": 1, "2013": 1}, "old_citations": {"2006": 6}, "isVisible": false}, "2955693315": {"name": "iris de coster", "type": "author", "activity": 16, "h_index": 1, "h5_index": 0, "mag_id": "2955693315", "num_publications": 1, "num_citations": 0, "num_publications_5y": 0, "num_citations_5y": 0, "num_publications_10y": 0, "num_citations_10y": 0, "publications_years": {"2001": 1}, "citations_years": {}, "old_citations": {"2001": 0}, "isVisible": false}, "2966348831": {"name": "oleg kiselyov", "type": "author", "activity": 13, "h_index": 9, "h5_index": 1, "mag_id": "2966348831", "num_publications": 1, "num_citations": 0, "num_publications_5y": 1, "num_citations_5y": 0, "num_publications_10y": 1, "num_citations_10y": 0, "publications_years": {"2015": 1}, "citations_years": {}, "old_citations": {"2015": 0}, "isVisible": false}, "2973742293": {"name": "chih horng ke", "type": "author", "activity": 1, "h_index": 0, "h5_index": 0, "mag_id": "2973742293", "num_publications": 1, "num_citations": 0, "num_publications_5y": 0, "num_citations_5y": 0, "num_publications_10y": 0, "num_citations_10y": 0, "publications_years": {"2006": 1}, "citations_years": {}, "old_citations": {"2006": 0}, "isVisible": false}, "2974172241": {"name": "sung ro lee", "type": "author", "activity": 11, "h_index": 2, "h5_index": 0, "mag_id": "2974172241", "num_publications": 1, "num_citations": 0, "num_publications_5y": 0, "num_citations_5y": 0, "num_publications_10y": 0, "num_citations_10y": 0, "publications_years": {"2004": 1}, "citations_years": {}, "old_citations": {"2004": 0}, "isVisible": false}, "2974508490": {"name": "a hadjiantonis", "type": "author", "activity": 9, "h_index": 5, "h5_index": 0, "mag_id": "2974508490", "num_publications": 1, "num_citations": 2, "num_publications_5y": 0, "num_citations_5y": 2, "num_publications_10y": 0, "num_citations_10y": 2, "publications_years": {"2004": 1}, "citations_years": {"2018": 2}, "old_citations": {"2004": 2}, "isVisible": false}, "2974666809": {"name": "jennifer desai", "type": "author", "activity": 1, "h_index": 1, "h5_index": 0, "mag_id": "2974666809", "num_publications": 1, "num_citations": 1, "num_publications_5y": 0, "num_citations_5y": 0, "num_publications_10y": 0, "num_citations_10y": 0, "publications_years": {"2006": 1}, "citations_years": {"2007": 1}, "old_citations": {"2006": 1}, "isVisible": false}, "2995158493": {"name": "fenglien lee", "type": "author", "activity": 1, "h_index": 1, "h5_index": 0, "mag_id": "2995158493", "num_publications": 1, "num_citations": 4, "num_publications_5y": 0, "num_citations_5y": 0, "num_publications_10y": 0, "num_citations_10y": 0, "publications_years": {"2004": 1}, "citations_years": {"2005": 3, "2006": 1}, "old_citations": {"2004": 4}, "isVisible": false}, "2995200676": {"name": "ching hung yeh", "type": "author", "activity": 1, "h_index": 1, "h5_index": 0, "mag_id": "2995200676", "num_publications": 1, "num_citations": 4, "num_publications_5y": 0, "num_citations_5y": 0, "num_publications_10y": 0, "num_citations_10y": 0, "publications_years": {"2004": 1}, "citations_years": {"2005": 3, "2006": 1}, "old_citations": {"2004": 4}, "isVisible": false}, "2995302825": {"name": "tzu chiang chiang", "type": "author", "activity": 1, "h_index": 1, "h5_index": 0, "mag_id": "2995302825", "num_publications": 1, "num_citations": 4, "num_publications_5y": 0, "num_citations_5y": 0, "num_publications_10y": 0, "num_citations_10y": 0, "publications_years": {"2004": 1}, "citations_years": {"2005": 3, "2006": 1}, "old_citations": {"2004": 4}, "isVisible": false}}, "countries": {"United States": {"name": "United States", "type": "country", "h5_index": 308, "num_publications": 9, "num_citations": 101, "num_publications_5y": 1, "num_citations_5y": 45, "num_publications_10y": 1, "num_citations_10y": 83, "publications_years": {"2015": 1, "2006": 3, "2004": 3, "2005": 2}, "citations_years": {"2007": 7, "2004": 1, "2005": 0, "2006": 2, "2008": 6, "2009": 5, "2010": 6, "2011": 5, "2012": 14, "2013": 8, "2014": 12, "2015": 14, "2016": 3, "2017": 7, "2018": 9, "2019": 2}, "old_citations": {"2015": 0, "2006": 8, "2004": 8, "2005": 85}, "isVisible": false}, "Taiwan": {"name": "Taiwan", "type": "country", "h5_index": 69, "num_publications": 4, "num_citations": 5, "num_publications_5y": 0, "num_citations_5y": 0, "num_publications_10y": 0, "num_citations_10y": 0, "publications_years": {"2004": 1, "2005": 1, "2006": 2}, "citations_years": {"2005": 3, "2006": 1, "2008": 1}, "old_citations": {"2004": 4, "2005": 0, "2006": 1}, "isVisible": false}, "Japan": {"name": "Japan", "type": "country", "h5_index": 94, "num_publications": 3, "num_citations": 0, "num_publications_5y": 1, "num_citations_5y": 0, "num_publications_10y": 1, "num_citations_10y": 0, "publications_years": {"2004": 2, "2015": 1}, "citations_years": {}, "old_citations": {"2004": 0, "2015": 0}, "isVisible": false}, "United Kingdom": {"name": "United Kingdom", "type": "country", "h5_index": 172, "num_publications": 3, "num_citations": 0, "num_publications_5y": 3, "num_citations_5y": 0, "num_publications_10y": 3, "num_citations_10y": 0, "publications_years": {"2015": 3}, "citations_years": {}, "old_citations": {"2015": 0}, "isVisible": false}, "China": {"name": "China", "type": "country", "h5_index": 214, "num_publications": 2, "num_citations": 1, "num_publications_5y": 0, "num_citations_5y": 0, "num_publications_10y": 0, "num_citations_10y": 1, "publications_years": {"2006": 2}, "citations_years": {"2009": 1}, "old_citations": {"2006": 1}, "isVisible": false}, "France": {"name": "France", "type": "country", "h5_index": 99, "num_publications": 1, "num_citations": 0, "num_publications_5y": 1, "num_citations_5y": 0, "num_publications_10y": 1, "num_citations_10y": 0, "publications_years": {"2015": 1}, "citations_years": {}, "old_citations": {"2015": 0}, "isVisible": false}, "South Korea": {"name": "South Korea", "type": "country", "h5_index": 100, "num_publications": 1, "num_citations": 0, "num_publications_5y": 0, "num_citations_5y": 0, "num_publications_10y": 0, "num_citations_10y": 0, "publications_years": {"2004": 1}, "citations_years": {}, "old_citations": {"2004": 0}, "isVisible": false}}}, "conference_comparison": {"computer science": {}}, "topics_dna": {"publications": {}, "citations": {"normalized": {}, "average": {}}}, "info": {"num_publications": 31, "num_citations": 129.0, "impact_factor": {"2003": 0.0, "2004": 0, "2005": 0.25, "2006": 0.2, "2007": 0.45454545454545453, "2008": 0.4444444444444444, "2009": 2.0, "2010": 0, "2011": 0, "2012": 0, "2013": 0, "2014": 0, "2015": 0}, "publications_years": {"2004": 12, "2006": 8, "2015": 6, "2005": 3, "2001": 1, "2007": 1}, "citations_years": {"2004": 1, "2005": 3, "2006": 4, "2007": 9, "2008": 14, "2009": 8, "2010": 8, "2011": 8, "2012": 15, "2013": 8, "2014": 13, "2015": 15, "2016": 4, "2017": 7, "2018": 10, "2019": 2}, "old_citations": {"2004": 32, "2006": 9, "2015": 0, "2005": 85, "2001": 0, "2007": 3}, "h5_index": 0}, "percentile": {"computer science": {"2004": 75, "2006": 66, "2015": 15, "2005": 94, "2001": 17, "2007": 67}}, "conference_ranking": {"computer science": {"2004": 1034, "2006": 1410, "2015": 3596, "2005": 238, "2001": 3525, "2007": 1397}}, "academia": {"num_publications": 18, "num_citations": 101, "publications_years": {"2004": 6, "2005": 3, "2006": 5, "2007": 0, "2008": 0, "2009": 0, "2010": 0, "2011": 0, "2012": 0, "2013": 0, "2014": 0, "2015": 4}, "old_citations": {"2004": 8, "2005": 85, "2006": 8, "2007": 0, "2008": 0, "2009": 0, "2010": 0, "2011": 0, "2012": 0, "2013": 0, "2014": 0, "2015": 0}, "num_publications_5y": 0, "num_citations_5y": 0, "num_publications_10y": 4, "num_citations_10y": 0}, "industry": {"num_publications": 0, "num_citations": 0, "publications_years": {}, "old_citations": {}, "num_publications_5y": 0, "num_citations_5y": 0, "num_publications_10y": 0, "num_citations_10y": 0}, "collaborative": {"num_publications": 0, "num_citations": 0, "publications_years": {}, "old_citations": {}, "num_publications_5y": 0, "num_citations_5y": 0, "num_publications_10y": 0, "num_citations_10y": 0}, "conferences": {}, "journals": {}, "organizations": {"publication_overall": ["National Cheng Kung University", "Arizona State University", "CTBC Business School", "Chang Jung Christian University", "Chinese Academy of Sciences", "City University of New York", "Conservatoire National des Arts et M\u00e9tiers", "Korea University", "Michigan Technological University", "Nanjing University of Information Science and Technology", "National Changhua University of Education", "National Dong Hwa University", "National Formosa University", "National Taiwan University", "Osaka University", "Southeast University", "Southwest Research Institute", "Swansea University", "The University of Texas at San Antonio", "University of Birmingham", "University of Illinois at Chicago", "University of Kansas", "University of Nebraska\u2013Lincoln", "University of North Texas", "University of Oxford", "University of Tsukuba", "Waseda University", "Wayne State University", "Western Michigan University"], "citation_overall": ["University of North Texas", "University of Illinois at Chicago", "Western Michigan University", "CTBC Business School", "National Cheng Kung University", "Southwest Research Institute", "The University of Texas at San Antonio", "City University of New York", "Michigan Technological University", "Arizona State University", "Chinese Academy of Sciences", "National Taiwan University", "University of Nebraska\u2013Lincoln", "Wayne State University", "Chang Jung Christian University", "Conservatoire National des Arts et M\u00e9tiers", "Korea University", "Nanjing University of Information Science and Technology", "National Changhua University of Education", "National Dong Hwa University", "National Formosa University", "Osaka University", "Southeast University", "Swansea University", "University of Birmingham", "University of Kansas", "University of Oxford", "University of Tsukuba", "Waseda University"], "publication_10_years": ["Conservatoire National des Arts et M\u00e9tiers", "Swansea University", "University of Birmingham", "University of Kansas", "University of Oxford", "University of Tsukuba"], "citation_10_years": ["Conservatoire National des Arts et M\u00e9tiers", "Swansea University", "University of Birmingham", "University of Kansas", "University of Oxford", "University of Tsukuba"], "publication_5_years": [], "citation_5_years": []}, "countries": {"publication_overall": ["United States", "Taiwan", "Japan", "United Kingdom", "China", "France", "South Korea"], "citation_overall": ["United States", "Taiwan", "China", "France", "Japan", "South Korea", "United Kingdom"], "publication_10_years": ["United Kingdom", "France", "Japan", "United States"], "citation_10_years": ["France", "Japan", "United Kingdom", "United States"], "publication_5_years": [], "citation_5_years": []}, "topics": {"publication_overall": ["computer science", "computer systems", "computer networks", "telecommunication systems", "communication systems", "telecommunication networks", "telecommunication traffic", "wireless telecommunication systems", "computer hardware", "communication channels (information theory)", "engineering", "bandwidth", "data communication systems", "sensors", "wireless communications", "mathematics", "signal processing", "routers", "routing algorithms", "mobile telecommunication systems"], "citation_overall": ["computer science", "computer networks", "computer systems", "telecommunication systems", "telecommunication networks", "telecommunication traffic", "communication systems", "wireless telecommunication systems", "wireless communications", "communication channels (information theory)", "local area networks", "wireless local area networks (wlan)", "packet networks", "wireless networks", "engineering", "mathematics", "signal processing", "communication", "radio", "signal detection"], "publication_10_years": ["computer science", "artificial intelligence", "computer systems", "linguistics", "semantics", "computer programming", "computer programming languages", "formal languages and automata theory", "formal logic", "theoretical computer science", "authentication", "automata theory", "communication", "compiler", "computational linguistics", "computer crime", "computer imaging and vision", "computer networks", "computer security", "congestion control (communication)"], "citation_10_years": ["artificial intelligence", "authentication", "automata theory", "communication", "compiler", "computational linguistics", "computer crime", "computer imaging and vision", "computer networks", "computer programming", "computer programming languages", "computer science", "computer security", "computer systems", "congestion control (communication)", "control systems", "cryptography", "cryptology", "database systems", "denial of service"], "publication_5_years": [], "citation_5_years": []}, "main_topics": ["computer science"], "authors": {"publication_overall": ["2120533114", "2658891939", "92025121", "284291632", "314661598", "320353970", "335256981", "1116347365", "1252265910", "1827751374", "1836388904", "1899774276", "1988308335", "1994117774", "2002508555", "2019653371", "2027633386", "2036302789", "2062267876", "2071632257", "2075605933", "2095202235", "2095919411", "2099527165", "2100614400", "2107229966", "2108995082", "2111424059", "2113907583", "2124152763", "2126311853", "2128654169", "2130932582", "2140874292", "2145667152", "2148977315", "2156169184", "2156943041", "2158396471", "2160715010", "2165510032", "2166031703", "2166480455", "2169154786", "2173987305", "2200399310", "2231125348", "2236460192", "2273196592", "2278226152", "2280644445", "2292486843", "2396318058", "2429907422", "2430759827", "2434761988", "2472625865", "2487415685", "2514584162", "2519019584", "2519722677", "2535722973", "2556131747", "2593655190", "2594517579", "2610295615", "2616874743", "2618353844", "2628466544", "2631135085", "2632633489", "2638091551", "2638301376", "2641578801", "2644556459", "2674554389", "2675081487", "2685994505", "2693134176", "2700246228", "2705156256", "2710044534", "2723055709", "2775917391", "2780799477", "2784787752", "2788325967", "2789153520", "2828415660", "2909943526", "2921945150", "2955693315", "2966348831", "2973742293", "2974172241", "2974508490", "2974666809", "2995158493", "2995200676", "2995302825"], "citation_overall": ["1988308335", "2158396471", "2675081487", "2148977315", "2166031703", "2280644445", "2027633386", "2095202235", "2124152763", "2921945150", "2062267876", "2166480455", "2273196592", "2995158493", "2995200676", "2995302825", "2788325967", "2789153520", "2075605933", "2126311853", "2236460192", "2429907422", "2535722973", "2593655190", "2828415660", "2974508490", "284291632", "314661598", "335256981", "2036302789", "2071632257", "2130932582", "2140874292", "2278226152", "2292486843", "2396318058", "2430759827", "2434761988", "2594517579", "2610295615", "2628466544", "2631135085", "2644556459", "2700246228", "2974666809", "92025121", "320353970", "1116347365", "1252265910", "1827751374", "1836388904", "1899774276", "1994117774", "2002508555", "2019653371", "2095919411", "2099527165", "2100614400", "2107229966", "2108995082", "2111424059", "2113907583", "2120533114", "2128654169", "2145667152", "2156169184", "2156943041", "2160715010", "2165510032", "2169154786", "2173987305", "2200399310", "2231125348", "2472625865", "2487415685", "2514584162", "2519019584", "2519722677", "2556131747", "2616874743", "2618353844", "2632633489", "2638091551", "2638301376", "2641578801", "2658891939", "2674554389", "2685994505", "2693134176", "2705156256", "2710044534", "2723055709", "2775917391", "2780799477", "2784787752", "2909943526", "2955693315", "2966348831", "2973742293", "2974172241"], "publication_10_years": ["92025121", "1116347365", "1252265910", "1836388904", "1994117774", "2002508555", "2100614400", "2111424059", "2156943041", "2200399310", "2231125348", "2556131747", "2966348831"], "citation_10_years": ["92025121", "1116347365", "1252265910", "1836388904", "1994117774", "2002508555", "2100614400", "2111424059", "2156943041", "2200399310", "2231125348", "2556131747", "2966348831"], "publication_5_years": [], "citation_5_years": []}, "industrial_sectors": {"publication_overall": [], "citation_overall": [], "publication_10_years": [], "citation_10_years": [], "publication_5_years": [], "citation_5_years": []}}