{"name": "International Conference on Control of Oscillations and Chaos", "acronym": "ICCOC", "type": "conference", "uniqueEntities": {"organizations": {"Bilkent University": {"name": "Bilkent University", "type": "organization", "organization_type": "Education", "h_index": 73, "h5_index": 19, "num_publications": 1, "num_citations": 1, "num_publications_5y": 0, "num_citations_5y": 0, "num_publications_10y": 0, "num_citations_10y": 1, "publications_years": {"1997": 1}, "citations_years": {"2009": 1}, "old_citations": {"1997": 1}, "isVisible": false}, "Colorado State University": {"name": "Colorado State University", "type": "organization", "organization_type": "Education", "h_index": 101, "h5_index": 28, "num_publications": 1, "num_citations": 6, "num_publications_5y": 0, "num_citations_5y": 0, "num_publications_10y": 0, "num_citations_10y": 3, "publications_years": {"2000": 1}, "citations_years": {"2001": 1, "2002": 0, "2003": 0, "2004": 0, "2005": 0, "2006": 0, "2007": 1, "2008": 0, "2009": 1, "2010": 1, "2011": 0, "2012": 1, "2013": 0, "2014": 0, "2015": 0, "2016": 0, "2017": 0, "2018": 0, "2019": 1}, "old_citations": {"2000": 6}, "isVisible": false}, "ETH Zurich": {"name": "ETH Zurich", "type": "organization", "organization_type": "Education", "h_index": 222, "h5_index": 81, "num_publications": 1, "num_citations": 0, "num_publications_5y": 0, "num_citations_5y": 0, "num_publications_10y": 0, "num_citations_10y": 0, "publications_years": {"2000": 1}, "citations_years": {}, "old_citations": {"2000": 0}, "isVisible": false}, "Erciyes University": {"name": "Erciyes University", "type": "organization", "organization_type": "Education", "h_index": 48, "h5_index": 11, "num_publications": 1, "num_citations": 0, "num_publications_5y": 0, "num_citations_5y": 0, "num_publications_10y": 0, "num_citations_10y": 0, "publications_years": {"2000": 1}, "citations_years": {}, "old_citations": {"2000": 0}, "isVisible": false}, "Moscow State University": {"name": "Moscow State University", "type": "organization", "organization_type": "Education", "h_index": 50, "h5_index": 16, "num_publications": 1, "num_citations": 0, "num_publications_5y": 0, "num_citations_5y": 0, "num_publications_10y": 0, "num_citations_10y": 0, "publications_years": {"2000": 1}, "citations_years": {}, "old_citations": {"2000": 0}, "isVisible": false}, "Nanjing University of Science and Technology": {"name": "Nanjing University of Science and Technology", "type": "organization", "organization_type": "Education", "h_index": 71, "h5_index": 44, "num_publications": 1, "num_citations": 4, "num_publications_5y": 0, "num_citations_5y": 1, "num_publications_10y": 0, "num_citations_10y": 3, "publications_years": {"2000": 1}, "citations_years": {"2001": 1, "2002": 0, "2003": 0, "2004": 0, "2005": 0, "2006": 0, "2007": 0, "2008": 0, "2009": 0, "2010": 0, "2011": 0, "2012": 2, "2013": 0, "2014": 1}, "old_citations": {"2000": 4}, "isVisible": false}, "Saint Petersburg State University": {"name": "Saint Petersburg State University", "type": "organization", "organization_type": "Education", "h_index": 61, "h5_index": 16, "num_publications": 1, "num_citations": 4, "num_publications_5y": 0, "num_citations_5y": 0, "num_publications_10y": 0, "num_citations_10y": 0, "publications_years": {"1997": 1}, "citations_years": {"2003": 1, "2004": 0, "2005": 2, "2006": 1}, "old_citations": {"1997": 4}, "isVisible": false}, "Tsinghua University": {"name": "Tsinghua University", "type": "organization", "organization_type": "Education", "h_index": 193, "h5_index": 102, "num_publications": 1, "num_citations": 2, "num_publications_5y": 0, "num_citations_5y": 0, "num_publications_10y": 0, "num_citations_10y": 0, "publications_years": {"2000": 1}, "citations_years": {"2000": 2}, "old_citations": {"2000": 2}, "isVisible": false}, "United States Naval Academy": {"name": "United States Naval Academy", "type": "organization", "organization_type": "Education", "h_index": 45, "h5_index": 16, "num_publications": 1, "num_citations": 1, "num_publications_5y": 0, "num_citations_5y": 0, "num_publications_10y": 0, "num_citations_10y": 0, "publications_years": {"1997": 1}, "citations_years": {"1998": 1}, "old_citations": {"1997": 1}, "isVisible": false}, "University of Bristol": {"name": "University of Bristol", "type": "organization", "organization_type": "Education", "h_index": 130, "h5_index": 40, "num_publications": 1, "num_citations": 0, "num_publications_5y": 0, "num_citations_5y": 0, "num_publications_10y": 0, "num_citations_10y": 0, "publications_years": {"1997": 1}, "citations_years": {}, "old_citations": {"1997": 0}, "isVisible": false}, "University of Houston": {"name": "University of Houston", "type": "organization", "organization_type": "Education", "h_index": 107, "h5_index": 37, "num_publications": 1, "num_citations": 8, "num_publications_5y": 0, "num_citations_5y": 2, "num_publications_10y": 0, "num_citations_10y": 5, "publications_years": {"1997": 1}, "citations_years": {"2002": 1, "2003": 0, "2004": 0, "2005": 0, "2006": 1, "2007": 0, "2008": 0, "2009": 0, "2010": 0, "2011": 0, "2012": 0, "2013": 3, "2014": 1, "2015": 0, "2016": 1, "2017": 0, "2018": 0, "2019": 1}, "old_citations": {"1997": 8}, "isVisible": false}, "University of Latvia": {"name": "University of Latvia", "type": "organization", "organization_type": "Education", "h_index": 27, "h5_index": 8, "num_publications": 1, "num_citations": 0, "num_publications_5y": 0, "num_citations_5y": 0, "num_publications_10y": 0, "num_citations_10y": 0, "publications_years": {"2000": 1}, "citations_years": {}, "old_citations": {"2000": 3}, "isVisible": false}, "University of the Basque Country": {"name": "University of the Basque Country", "type": "organization", "organization_type": "Education", "h_index": 70, "h5_index": 25, "num_publications": 1, "num_citations": 1, "num_publications_5y": 0, "num_citations_5y": 0, "num_publications_10y": 0, "num_citations_10y": 0, "publications_years": {"2000": 1}, "citations_years": {"2004": 1}, "old_citations": {"2000": 1}, "isVisible": false}}, "topics": {"computer science": {"name": "computer science", "type": "topic", "h_index": 1779, "h5_index": 416, "num_publications": 39, "num_citations": 73, "num_publications_5y": 0, "num_citations_5y": 6, "num_publications_10y": 0, "num_citations_10y": 26, "publications_years": {"1997": 19, "2000": 20}, "citations_years": {"2009": 4, "1998": 2, "1999": 2, "2000": 6, "2001": 6, "2002": 6, "2003": 4, "2004": 2, "2005": 6, "2006": 3, "2007": 4, "2008": 3, "2010": 2, "2011": 4, "2012": 4, "2013": 6, "2014": 4, "2015": 1, "2016": 1, "2017": 0, "2018": 0, "2019": 2, "2020": 1}, "old_citations": {"1997": 42, "2000": 34}, "isVisible": false}, "computer systems": {"name": "computer systems", "type": "topic", "h_index": 1595, "h5_index": 367, "num_publications": 34, "num_citations": 64, "num_publications_5y": 0, "num_citations_5y": 6, "num_publications_10y": 0, "num_citations_10y": 22, "publications_years": {"1997": 17, "2000": 17}, "citations_years": {"2009": 3, "1998": 2, "1999": 2, "2000": 6, "2001": 5, "2002": 6, "2003": 3, "2004": 2, "2005": 6, "2006": 3, "2007": 3, "2008": 2, "2010": 1, "2011": 4, "2012": 2, "2013": 6, "2014": 4, "2015": 1, "2016": 1, "2017": 0, "2018": 0, "2019": 1, "2020": 1}, "old_citations": {"1997": 42, "2000": 22}, "isVisible": false}, "mathematics": {"name": "mathematics", "type": "topic", "h_index": 1364, "h5_index": 300, "num_publications": 33, "num_citations": 66, "num_publications_5y": 0, "num_citations_5y": 6, "num_publications_10y": 0, "num_citations_10y": 25, "publications_years": {"1997": 18, "2000": 15}, "citations_years": {"2009": 4, "1998": 1, "1999": 2, "2000": 4, "2001": 6, "2002": 5, "2003": 3, "2004": 2, "2005": 6, "2006": 3, "2007": 4, "2008": 2, "2010": 2, "2011": 4, "2012": 3, "2013": 6, "2014": 4, "2015": 1, "2016": 1, "2017": 0, "2018": 0, "2019": 2, "2020": 1}, "old_citations": {"1997": 41, "2000": 28}, "isVisible": false}, "engineering": {"name": "engineering", "type": "topic", "h_index": 1177, "h5_index": 287, "num_publications": 29, "num_citations": 64, "num_publications_5y": 0, "num_citations_5y": 6, "num_publications_10y": 0, "num_citations_10y": 23, "publications_years": {"1997": 14, "2000": 15}, "citations_years": {"2009": 3, "1998": 2, "1999": 2, "2000": 4, "2001": 5, "2002": 5, "2003": 4, "2004": 2, "2005": 6, "2006": 3, "2007": 3, "2008": 3, "2010": 1, "2011": 4, "2012": 3, "2013": 6, "2014": 4, "2015": 1, "2016": 1, "2017": 0, "2018": 0, "2019": 1, "2020": 1}, "old_citations": {"1997": 41, "2000": 23}, "isVisible": false}, "computer security": {"name": "computer security", "type": "topic", "h_index": 977, "h5_index": 220, "num_publications": 22, "num_citations": 39, "num_publications_5y": 0, "num_citations_5y": 2, "num_publications_10y": 0, "num_citations_10y": 15, "publications_years": {"2000": 11, "1997": 11}, "citations_years": {"2009": 3, "1998": 2, "1999": 1, "2000": 0, "2001": 1, "2002": 4, "2003": 2, "2004": 2, "2005": 2, "2006": 2, "2007": 4, "2008": 2, "2010": 2, "2011": 3, "2012": 2, "2013": 3, "2014": 1, "2015": 0, "2016": 1, "2017": 0, "2018": 0, "2019": 2}, "old_citations": {"2000": 23, "1997": 19}, "isVisible": false}, "matrix algebra": {"name": "matrix algebra", "type": "topic", "h_index": 771, "h5_index": 183, "num_publications": 22, "num_citations": 55, "num_publications_5y": 0, "num_citations_5y": 6, "num_publications_10y": 0, "num_citations_10y": 20, "publications_years": {"1997": 12, "2000": 10}, "citations_years": {"1998": 1, "1999": 2, "2000": 4, "2001": 5, "2002": 3, "2003": 3, "2004": 2, "2005": 6, "2006": 3, "2007": 3, "2008": 1, "2009": 2, "2010": 1, "2011": 3, "2012": 2, "2013": 6, "2014": 4, "2015": 1, "2016": 1, "2017": 0, "2018": 0, "2019": 1, "2020": 1}, "old_citations": {"1997": 39, "2000": 16}, "isVisible": false}, "computer networks": {"name": "computer networks", "type": "topic", "h_index": 1262, "h5_index": 332, "num_publications": 21, "num_citations": 40, "num_publications_5y": 0, "num_citations_5y": 3, "num_publications_10y": 0, "num_citations_10y": 13, "publications_years": {"1997": 9, "2000": 12}, "citations_years": {"2009": 3, "1998": 2, "1999": 2, "2000": 3, "2001": 4, "2002": 3, "2003": 2, "2004": 1, "2005": 4, "2006": 2, "2007": 2, "2008": 1, "2010": 1, "2011": 3, "2012": 0, "2013": 3, "2014": 2, "2015": 1, "2016": 0, "2017": 0, "2018": 0, "2019": 0, "2020": 1}, "old_citations": {"1997": 33, "2000": 7}, "isVisible": false}, "cryptography": {"name": "cryptography", "type": "topic", "h_index": 761, "h5_index": 179, "num_publications": 21, "num_citations": 39, "num_publications_5y": 0, "num_citations_5y": 2, "num_publications_10y": 0, "num_citations_10y": 15, "publications_years": {"2000": 11, "1997": 10}, "citations_years": {"2009": 3, "1998": 2, "1999": 1, "2000": 0, "2001": 1, "2002": 4, "2003": 2, "2004": 2, "2005": 2, "2006": 2, "2007": 4, "2008": 2, "2010": 2, "2011": 3, "2012": 2, "2013": 3, "2014": 1, "2015": 0, "2016": 1, "2017": 0, "2018": 0, "2019": 2}, "old_citations": {"2000": 23, "1997": 19}, "isVisible": false}, "cryptology": {"name": "cryptology", "type": "topic", "h_index": 761, "h5_index": 179, "num_publications": 21, "num_citations": 39, "num_publications_5y": 0, "num_citations_5y": 2, "num_publications_10y": 0, "num_citations_10y": 15, "publications_years": {"2000": 11, "1997": 10}, "citations_years": {"2009": 3, "1998": 2, "1999": 1, "2000": 0, "2001": 1, "2002": 4, "2003": 2, "2004": 2, "2005": 2, "2006": 2, "2007": 4, "2008": 2, "2010": 2, "2011": 3, "2012": 2, "2013": 3, "2014": 1, "2015": 0, "2016": 1, "2017": 0, "2018": 0, "2019": 2}, "old_citations": {"2000": 23, "1997": 19}, "isVisible": false}, "linear matrix inequalities": {"name": "linear matrix inequalities", "type": "topic", "h_index": 571, "h5_index": 144, "num_publications": 21, "num_citations": 51, "num_publications_5y": 0, "num_citations_5y": 6, "num_publications_10y": 0, "num_citations_10y": 20, "publications_years": {"1997": 11, "2000": 10}, "citations_years": {"1998": 1, "1999": 2, "2000": 4, "2001": 5, "2002": 3, "2003": 2, "2004": 2, "2005": 4, "2006": 2, "2007": 3, "2008": 1, "2009": 2, "2010": 1, "2011": 3, "2012": 2, "2013": 6, "2014": 4, "2015": 1, "2016": 1, "2017": 0, "2018": 0, "2019": 1, "2020": 1}, "old_citations": {"1997": 35, "2000": 16}, "isVisible": false}, "control systems": {"name": "control systems", "type": "topic", "h_index": 433, "h5_index": 104, "num_publications": 20, "num_citations": 27, "num_publications_5y": 0, "num_citations_5y": 2, "num_publications_10y": 0, "num_citations_10y": 8, "publications_years": {"1997": 10, "2000": 10}, "citations_years": {"1998": 1, "1999": 1, "2000": 1, "2001": 2, "2002": 2, "2003": 1, "2004": 2, "2005": 2, "2006": 2, "2007": 3, "2008": 1, "2009": 0, "2010": 1, "2011": 2, "2012": 0, "2013": 3, "2014": 1, "2015": 0, "2016": 1, "2017": 0, "2018": 0, "2019": 1}, "old_citations": {"1997": 15, "2000": 12}, "isVisible": false}, "adaptive control systems": {"name": "adaptive control systems", "type": "topic", "h_index": 496, "h5_index": 131, "num_publications": 19, "num_citations": 30, "num_publications_5y": 0, "num_citations_5y": 3, "num_publications_10y": 0, "num_citations_10y": 12, "publications_years": {"1997": 10, "2000": 9}, "citations_years": {"1998": 1, "1999": 1, "2000": 1, "2001": 1, "2002": 2, "2003": 1, "2004": 2, "2005": 2, "2006": 2, "2007": 3, "2008": 1, "2009": 1, "2010": 1, "2011": 2, "2012": 2, "2013": 3, "2014": 2, "2015": 0, "2016": 1, "2017": 0, "2018": 0, "2019": 1}, "old_citations": {"1997": 16, "2000": 14}, "isVisible": false}, "automation": {"name": "automation", "type": "topic", "h_index": 579, "h5_index": 144, "num_publications": 19, "num_citations": 30, "num_publications_5y": 0, "num_citations_5y": 3, "num_publications_10y": 0, "num_citations_10y": 12, "publications_years": {"1997": 10, "2000": 9}, "citations_years": {"1998": 1, "1999": 1, "2000": 1, "2001": 1, "2002": 2, "2003": 1, "2004": 2, "2005": 2, "2006": 2, "2007": 3, "2008": 1, "2009": 1, "2010": 1, "2011": 2, "2012": 2, "2013": 3, "2014": 2, "2015": 0, "2016": 1, "2017": 0, "2018": 0, "2019": 1}, "old_citations": {"1997": 16, "2000": 14}, "isVisible": false}, "chaotic systems": {"name": "chaotic systems", "type": "topic", "h_index": 167, "h5_index": 52, "num_publications": 19, "num_citations": 38, "num_publications_5y": 0, "num_citations_5y": 2, "num_publications_10y": 0, "num_citations_10y": 14, "publications_years": {"2000": 10, "1997": 9}, "citations_years": {"1998": 2, "1999": 1, "2000": 0, "2001": 1, "2002": 4, "2003": 2, "2004": 2, "2005": 2, "2006": 2, "2007": 4, "2008": 2, "2009": 2, "2010": 2, "2011": 3, "2012": 2, "2013": 3, "2014": 1, "2015": 0, "2016": 1, "2017": 0, "2018": 0, "2019": 2}, "old_citations": {"2000": 23, "1997": 18}, "isVisible": false}, "process control": {"name": "process control", "type": "topic", "h_index": 538, "h5_index": 133, "num_publications": 19, "num_citations": 30, "num_publications_5y": 0, "num_citations_5y": 3, "num_publications_10y": 0, "num_citations_10y": 12, "publications_years": {"1997": 10, "2000": 9}, "citations_years": {"1998": 1, "1999": 1, "2000": 1, "2001": 1, "2002": 2, "2003": 1, "2004": 2, "2005": 2, "2006": 2, "2007": 3, "2008": 1, "2009": 1, "2010": 1, "2011": 2, "2012": 2, "2013": 3, "2014": 2, "2015": 0, "2016": 1, "2017": 0, "2018": 0, "2019": 1}, "old_citations": {"1997": 16, "2000": 14}, "isVisible": false}, "numerical methods": {"name": "numerical methods", "type": "topic", "h_index": 597, "h5_index": 145, "num_publications": 18, "num_citations": 49, "num_publications_5y": 0, "num_citations_5y": 6, "num_publications_10y": 0, "num_citations_10y": 20, "publications_years": {"2000": 8, "1997": 10}, "citations_years": {"2009": 2, "1998": 1, "1999": 2, "2000": 4, "2001": 3, "2002": 3, "2003": 2, "2004": 2, "2005": 4, "2006": 2, "2007": 3, "2008": 1, "2010": 1, "2011": 3, "2012": 2, "2013": 6, "2014": 4, "2015": 1, "2016": 1, "2017": 0, "2018": 0, "2019": 1, "2020": 1}, "old_citations": {"2000": 17, "1997": 35}, "isVisible": false}, "feedback systems": {"name": "feedback systems", "type": "topic", "h_index": 445, "h5_index": 121, "num_publications": 17, "num_citations": 28, "num_publications_5y": 0, "num_citations_5y": 3, "num_publications_10y": 0, "num_citations_10y": 12, "publications_years": {"1997": 10, "2000": 7}, "citations_years": {"1998": 1, "1999": 1, "2000": 0, "2001": 1, "2002": 2, "2003": 1, "2004": 2, "2005": 2, "2006": 2, "2007": 3, "2008": 0, "2009": 1, "2010": 1, "2011": 2, "2012": 2, "2013": 3, "2014": 2, "2015": 0, "2016": 1, "2017": 0, "2018": 0, "2019": 1}, "old_citations": {"1997": 16, "2000": 12}, "isVisible": false}, "communication systems": {"name": "communication systems", "type": "topic", "h_index": 1092, "h5_index": 254, "num_publications": 15, "num_citations": 17, "num_publications_5y": 0, "num_citations_5y": 0, "num_publications_10y": 0, "num_citations_10y": 4, "publications_years": {"1997": 6, "2000": 9}, "citations_years": {"2009": 2, "2002": 2, "2003": 1, "2004": 0, "2005": 2, "2006": 2, "2007": 2, "2008": 1, "2010": 0, "2011": 2, "2001": 2, "1998": 1}, "old_citations": {"1997": 11, "2000": 6}, "isVisible": false}, "control theory": {"name": "control theory", "type": "topic", "h_index": 389, "h5_index": 109, "num_publications": 15, "num_citations": 20, "num_publications_5y": 0, "num_citations_5y": 1, "num_publications_10y": 0, "num_citations_10y": 7, "publications_years": {"1997": 8, "2000": 7}, "citations_years": {"1998": 1, "1999": 1, "2000": 0, "2001": 1, "2002": 1, "2003": 1, "2004": 2, "2005": 2, "2006": 1, "2007": 3, "2008": 0, "2009": 1, "2010": 1, "2011": 2, "2012": 2, "2013": 0, "2014": 1}, "old_citations": {"1997": 8, "2000": 12}, "isVisible": false}, "nonlinear control systems": {"name": "nonlinear control systems", "type": "topic", "h_index": 383, "h5_index": 106, "num_publications": 15, "num_citations": 20, "num_publications_5y": 0, "num_citations_5y": 1, "num_publications_10y": 0, "num_citations_10y": 7, "publications_years": {"1997": 8, "2000": 7}, "citations_years": {"1998": 1, "1999": 1, "2000": 0, "2001": 1, "2002": 1, "2003": 1, "2004": 2, "2005": 2, "2006": 1, "2007": 3, "2008": 0, "2009": 1, "2010": 1, "2011": 2, "2012": 2, "2013": 0, "2014": 1}, "old_citations": {"1997": 8, "2000": 12}, "isVisible": false}, "wireless communications": {"name": "wireless communications", "type": "topic", "h_index": 773, "h5_index": 173, "num_publications": 9, "num_citations": 31, "num_publications_5y": 0, "num_citations_5y": 3, "num_publications_10y": 0, "num_citations_10y": 12, "publications_years": {"1997": 4, "2000": 5}, "citations_years": {"2009": 2, "1998": 1, "1999": 2, "2000": 3, "2001": 2, "2002": 2, "2003": 1, "2004": 1, "2005": 2, "2006": 1, "2007": 2, "2008": 1, "2010": 1, "2011": 3, "2012": 0, "2013": 3, "2014": 2, "2015": 1, "2016": 0, "2017": 0, "2018": 0, "2019": 0, "2020": 1}, "old_citations": {"1997": 27, "2000": 4}, "isVisible": false}, "differential equations": {"name": "differential equations", "type": "topic", "h_index": 407, "h5_index": 109, "num_publications": 14, "num_citations": 29, "num_publications_5y": 0, "num_citations_5y": 3, "num_publications_10y": 0, "num_citations_10y": 11, "publications_years": {"1997": 7, "2000": 7}, "citations_years": {"1998": 1, "1999": 1, "2000": 1, "2001": 1, "2002": 2, "2003": 1, "2004": 2, "2005": 2, "2006": 2, "2007": 3, "2008": 1, "2009": 0, "2010": 1, "2011": 2, "2012": 2, "2013": 3, "2014": 2, "2015": 0, "2016": 1, "2017": 0, "2018": 0, "2019": 1}, "old_citations": {"1997": 15, "2000": 14}, "isVisible": false}, "numerical example": {"name": "numerical example", "type": "topic", "h_index": 190, "h5_index": 66, "num_publications": 3, "num_citations": 28, "num_publications_5y": 0, "num_citations_5y": 3, "num_publications_10y": 0, "num_citations_10y": 9, "publications_years": {"1997": 1, "2000": 2}, "citations_years": {"1999": 1, "2000": 4, "2001": 2, "2002": 2, "2003": 2, "2004": 1, "2005": 4, "2006": 0, "2007": 1, "2008": 1, "2009": 1, "2010": 0, "2011": 2, "2012": 0, "2013": 3, "2014": 2, "2015": 1, "2016": 0, "2017": 0, "2018": 0, "2019": 0, "2020": 1}, "old_citations": {"1997": 19, "2000": 9}, "isVisible": false}, "computer hardware": {"name": "computer hardware", "type": "topic", "h_index": 1150, "h5_index": 279, "num_publications": 8, "num_citations": 27, "num_publications_5y": 0, "num_citations_5y": 3, "num_publications_10y": 0, "num_citations_10y": 10, "publications_years": {"1997": 3, "2000": 5}, "citations_years": {"1998": 1, "1999": 2, "2000": 3, "2001": 2, "2002": 1, "2003": 1, "2004": 1, "2005": 2, "2006": 1, "2007": 2, "2008": 0, "2009": 1, "2010": 1, "2011": 2, "2012": 0, "2013": 3, "2014": 2, "2015": 1, "2016": 0, "2017": 0, "2018": 0, "2019": 0, "2020": 1}, "old_citations": {"1997": 26, "2000": 1}, "isVisible": false}}, "authors": {"2154303716": {"name": "alexander l fradkov", "type": "author", "activity": 29, "h_index": 17, "h5_index": 4, "mag_id": "2154303716", "num_publications": 3, "num_citations": 22, "num_publications_5y": 0, "num_citations_5y": 3, "num_publications_10y": 0, "num_citations_10y": 8, "publications_years": {"1997": 2, "2000": 1}, "citations_years": {"1999": 1, "2000": 4, "2001": 2, "2002": 2, "2003": 1, "2004": 0, "2005": 2, "2006": 0, "2007": 0, "2008": 1, "2009": 1, "2010": 0, "2011": 1, "2012": 0, "2013": 3, "2014": 2, "2015": 1, "2016": 0, "2017": 0, "2018": 0, "2019": 0, "2020": 1}, "old_citations": {"1997": 20, "2000": 2}, "isVisible": false}, "2162788130": {"name": "guanrong chen", "type": "author", "activity": 31, "h_index": 54, "h5_index": 15, "mag_id": "2162788130", "num_publications": 3, "num_citations": 12, "num_publications_5y": 0, "num_citations_5y": 3, "num_publications_10y": 0, "num_citations_10y": 8, "publications_years": {"2000": 2, "1997": 1}, "citations_years": {"2002": 1, "2003": 0, "2004": 0, "2005": 0, "2006": 1, "2007": 0, "2008": 0, "2009": 0, "2010": 0, "2011": 0, "2012": 2, "2013": 3, "2014": 2, "2015": 0, "2016": 1, "2017": 0, "2018": 0, "2019": 1, "2001": 1}, "old_citations": {"2000": 4, "1997": 8}, "isVisible": false}, "360863117": {"name": "a yu pogromsky", "type": "author", "activity": 19, "h_index": 5, "h5_index": 0, "mag_id": "360863117", "num_publications": 2, "num_citations": 22, "num_publications_5y": 0, "num_citations_5y": 3, "num_publications_10y": 0, "num_citations_10y": 9, "publications_years": {"1997": 2}, "citations_years": {"1998": 1, "1999": 2, "2000": 3, "2001": 2, "2002": 1, "2003": 1, "2004": 0, "2005": 2, "2006": 0, "2007": 0, "2008": 0, "2009": 1, "2010": 1, "2011": 1, "2012": 0, "2013": 3, "2014": 2, "2015": 1, "2016": 0, "2017": 0, "2018": 0, "2019": 0, "2020": 1}, "old_citations": {"1997": 22}, "isVisible": false}, "2099235615": {"name": "a s dmitriev", "type": "author", "activity": 28, "h_index": 5, "h5_index": 1, "mag_id": "2099235615", "num_publications": 2, "num_citations": 6, "num_publications_5y": 0, "num_citations_5y": 0, "num_publications_10y": 0, "num_citations_10y": 2, "publications_years": {"2000": 2}, "citations_years": {"2003": 1, "2004": 0, "2005": 0, "2006": 0, "2007": 0, "2008": 2, "2009": 0, "2010": 0, "2011": 1, "2012": 1, "2002": 1}, "old_citations": {"2000": 6}, "isVisible": false}, "319672441": {"name": "boris andrievsky", "type": "author", "activity": 28, "h_index": 13, "h5_index": 2, "mag_id": "319672441", "num_publications": 1, "num_citations": 7, "num_publications_5y": 0, "num_citations_5y": 0, "num_publications_10y": 0, "num_citations_10y": 1, "publications_years": {"2000": 1}, "citations_years": {"2002": 1, "2003": 1, "2004": 1, "2005": 2, "2006": 0, "2007": 1, "2008": 0, "2009": 0, "2010": 0, "2011": 1}, "old_citations": {"2000": 7}, "isVisible": false}, "471590131": {"name": "r gabasov", "type": "author", "activity": 20, "h_index": 2, "h5_index": 0, "mag_id": "471590131", "num_publications": 1, "num_citations": 0, "num_publications_5y": 0, "num_citations_5y": 0, "num_publications_10y": 0, "num_citations_10y": 0, "publications_years": {"1997": 1}, "citations_years": {}, "old_citations": {"1997": 0}, "isVisible": false}, "591890332": {"name": "omer morgul", "type": "author", "activity": 30, "h_index": 5, "h5_index": 1, "mag_id": "591890332", "num_publications": 1, "num_citations": 1, "num_publications_5y": 0, "num_citations_5y": 0, "num_publications_10y": 0, "num_citations_10y": 1, "publications_years": {"1997": 1}, "citations_years": {"2009": 1}, "old_citations": {"1997": 1}, "isVisible": false}, "643406664": {"name": "s volovodov", "type": "author", "activity": 1, "h_index": 1, "h5_index": 0, "mag_id": "643406664", "num_publications": 1, "num_citations": 2, "num_publications_5y": 0, "num_citations_5y": 0, "num_publications_10y": 0, "num_citations_10y": 0, "publications_years": {"2000": 1}, "citations_years": {"2001": 2}, "old_citations": {"2000": 2}, "isVisible": false}, "699861389": {"name": "a i panas", "type": "author", "activity": 13, "h_index": 2, "h5_index": 0, "mag_id": "699861389", "num_publications": 1, "num_citations": 3, "num_publications_5y": 0, "num_citations_5y": 0, "num_publications_10y": 0, "num_citations_10y": 1, "publications_years": {"2000": 1}, "citations_years": {"2002": 1, "2003": 0, "2004": 0, "2005": 0, "2006": 0, "2007": 0, "2008": 1, "2009": 0, "2010": 0, "2011": 1}, "old_citations": {"2000": 3}, "isVisible": false}, "1219148617": {"name": "recai kilic", "type": "author", "activity": 21, "h_index": 7, "h5_index": 2, "mag_id": "1219148617", "num_publications": 1, "num_citations": 0, "num_publications_5y": 0, "num_citations_5y": 0, "num_publications_10y": 0, "num_citations_10y": 0, "publications_years": {"2000": 1}, "citations_years": {}, "old_citations": {"2000": 0}, "isVisible": false}, "1593338632": {"name": "mustafa alci", "type": "author", "activity": 21, "h_index": 8, "h5_index": 1, "mag_id": "1593338632", "num_publications": 1, "num_citations": 0, "num_publications_5y": 0, "num_citations_5y": 0, "num_publications_10y": 0, "num_citations_10y": 0, "publications_years": {"2000": 1}, "citations_years": {}, "old_citations": {"2000": 0}, "isVisible": false}, "1879639841": {"name": "milos dolnik", "type": "author", "activity": 2, "h_index": 1, "h5_index": 0, "mag_id": "1879639841", "num_publications": 1, "num_citations": 1, "num_publications_5y": 0, "num_citations_5y": 0, "num_publications_10y": 0, "num_citations_10y": 0, "publications_years": {"1997": 1}, "citations_years": {"1998": 1}, "old_citations": {"1997": 1}, "isVisible": false}, "1939081210": {"name": "e a manykin", "type": "author", "activity": 24, "h_index": 3, "h5_index": 0, "mag_id": "1939081210", "num_publications": 1, "num_citations": 0, "num_publications_5y": 0, "num_citations_5y": 0, "num_publications_10y": 0, "num_citations_10y": 0, "publications_years": {"2000": 1}, "citations_years": {}, "old_citations": {"2000": 0}, "isVisible": false}, "1945424092": {"name": "f m kirillova", "type": "author", "activity": 29, "h_index": 2, "h5_index": 0, "mag_id": "1945424092", "num_publications": 1, "num_citations": 0, "num_publications_5y": 0, "num_citations_5y": 0, "num_publications_10y": 0, "num_citations_10y": 0, "publications_years": {"1997": 1}, "citations_years": {}, "old_citations": {"1997": 0}, "isVisible": false}, "1948991158": {"name": "ruedi stoop", "type": "author", "activity": 19, "h_index": 10, "h5_index": 2, "mag_id": "1948991158", "num_publications": 1, "num_citations": 0, "num_publications_5y": 0, "num_citations_5y": 0, "num_publications_10y": 0, "num_citations_10y": 0, "publications_years": {"2000": 1}, "citations_years": {}, "old_citations": {"2000": 0}, "isVisible": false}, "1973275415": {"name": "r rojek", "type": "author", "activity": 1, "h_index": 0, "h5_index": 0, "mag_id": "1973275415", "num_publications": 1, "num_citations": 0, "num_publications_5y": 0, "num_citations_5y": 0, "num_publications_10y": 0, "num_citations_10y": 0, "publications_years": {"1997": 1}, "citations_years": {}, "old_citations": {"1997": 0}, "isVisible": false}, "2008892669": {"name": "a yu markov", "type": "author", "activity": 1, "h_index": 0, "h5_index": 0, "mag_id": "2008892669", "num_publications": 1, "num_citations": 0, "num_publications_5y": 0, "num_citations_5y": 0, "num_publications_10y": 0, "num_citations_10y": 0, "publications_years": {"1997": 1}, "citations_years": {}, "old_citations": {"1997": 0}, "isVisible": false}, "2023377802": {"name": "j wrzuszczak", "type": "author", "activity": 1, "h_index": 0, "h5_index": 0, "mag_id": "2023377802", "num_publications": 1, "num_citations": 0, "num_publications_5y": 0, "num_citations_5y": 0, "num_publications_10y": 0, "num_citations_10y": 0, "publications_years": {"1997": 1}, "citations_years": {}, "old_citations": {"1997": 0}, "isVisible": false}, "2023750713": {"name": "h henk nijmeijer", "type": "author", "activity": 31, "h_index": 19, "h5_index": 5, "mag_id": "2023750713", "num_publications": 1, "num_citations": 19, "num_publications_5y": 0, "num_citations_5y": 3, "num_publications_10y": 0, "num_citations_10y": 8, "publications_years": {"1997": 1}, "citations_years": {"1999": 1, "2000": 3, "2001": 2, "2002": 1, "2003": 1, "2004": 0, "2005": 2, "2006": 0, "2007": 0, "2008": 0, "2009": 1, "2010": 0, "2011": 1, "2012": 0, "2013": 3, "2014": 2, "2015": 1, "2016": 0, "2017": 0, "2018": 0, "2019": 0, "2020": 1}, "old_citations": {"1997": 19}, "isVisible": false}, "2025488138": {"name": "ercan solak", "type": "author", "activity": 23, "h_index": 5, "h5_index": 1, "mag_id": "2025488138", "num_publications": 1, "num_citations": 1, "num_publications_5y": 0, "num_citations_5y": 0, "num_publications_10y": 0, "num_citations_10y": 1, "publications_years": {"1997": 1}, "citations_years": {"2009": 1}, "old_citations": {"1997": 1}, "isVisible": false}, "2030503718": {"name": "a d khilinsky", "type": "author", "activity": 4, "h_index": 1, "h5_index": 0, "mag_id": "2030503718", "num_publications": 1, "num_citations": 3, "num_publications_5y": 0, "num_citations_5y": 0, "num_publications_10y": 0, "num_citations_10y": 1, "publications_years": {"2000": 1}, "citations_years": {"2003": 1, "2004": 0, "2005": 0, "2006": 0, "2007": 0, "2008": 1, "2009": 0, "2010": 0, "2011": 0, "2012": 1}, "old_citations": {"2000": 3}, "isVisible": false}, "2037684906": {"name": "sergei rybalko", "type": "author", "activity": 4, "h_index": 0, "h5_index": 0, "mag_id": "2037684906", "num_publications": 1, "num_citations": 0, "num_publications_5y": 0, "num_citations_5y": 0, "num_publications_10y": 0, "num_citations_10y": 0, "publications_years": {"2000": 1}, "citations_years": {}, "old_citations": {"2000": 0}, "isVisible": false}, "2045789514": {"name": "m a potapenko", "type": "author", "activity": 1, "h_index": 0, "h5_index": 0, "mag_id": "2045789514", "num_publications": 1, "num_citations": 0, "num_publications_5y": 0, "num_citations_5y": 0, "num_publications_10y": 0, "num_citations_10y": 0, "publications_years": {"2000": 1}, "citations_years": {}, "old_citations": {"2000": 0}, "isVisible": false}, "2061761809": {"name": "gerhard dangelmayr", "type": "author", "activity": 2, "h_index": 2, "h5_index": 0, "mag_id": "2061761809", "num_publications": 1, "num_citations": 6, "num_publications_5y": 0, "num_citations_5y": 0, "num_publications_10y": 0, "num_citations_10y": 3, "publications_years": {"2000": 1}, "citations_years": {"2001": 1, "2002": 0, "2003": 0, "2004": 0, "2005": 0, "2006": 0, "2007": 1, "2008": 0, "2009": 1, "2010": 1, "2011": 0, "2012": 1, "2013": 0, "2014": 0, "2015": 0, "2016": 0, "2017": 0, "2018": 0, "2019": 1}, "old_citations": {"2000": 6}, "isVisible": false}, "2075550651": {"name": "alexander loskutov", "type": "author", "activity": 11, "h_index": 1, "h5_index": 0, "mag_id": "2075550651", "num_publications": 1, "num_citations": 0, "num_publications_5y": 0, "num_citations_5y": 0, "num_publications_10y": 0, "num_citations_10y": 0, "publications_years": {"2000": 1}, "citations_years": {}, "old_citations": {"2000": 0}, "isVisible": false}, "2094881127": {"name": "irina surina", "type": "author", "activity": 11, "h_index": 3, "h5_index": 0, "mag_id": "2094881127", "num_publications": 1, "num_citations": 0, "num_publications_5y": 0, "num_citations_5y": 0, "num_publications_10y": 0, "num_citations_10y": 0, "publications_years": {"2000": 1}, "citations_years": {}, "old_citations": {"2000": 0}, "isVisible": false}, "2096212258": {"name": "xiaoning dong", "type": "author", "activity": 7, "h_index": 8, "h5_index": 0, "mag_id": "2096212258", "num_publications": 1, "num_citations": 8, "num_publications_5y": 0, "num_citations_5y": 2, "num_publications_10y": 0, "num_citations_10y": 5, "publications_years": {"1997": 1}, "citations_years": {"2002": 1, "2003": 0, "2004": 0, "2005": 0, "2006": 1, "2007": 0, "2008": 0, "2009": 0, "2010": 0, "2011": 0, "2012": 0, "2013": 3, "2014": 1, "2015": 0, "2016": 1, "2017": 0, "2018": 0, "2019": 1}, "old_citations": {"1997": 8}, "isVisible": false}, "2103074337": {"name": "jorge l moiola", "type": "author", "activity": 7, "h_index": 1, "h5_index": 0, "mag_id": "2103074337", "num_publications": 1, "num_citations": 0, "num_publications_5y": 0, "num_citations_5y": 0, "num_publications_10y": 0, "num_citations_10y": 0, "publications_years": {"2000": 1}, "citations_years": {}, "old_citations": {"2000": 0}, "isVisible": false}, "2144083355": {"name": "daniel w berns", "type": "author", "activity": 7, "h_index": 1, "h5_index": 0, "mag_id": "2144083355", "num_publications": 1, "num_citations": 0, "num_publications_5y": 0, "num_citations_5y": 0, "num_publications_10y": 0, "num_citations_10y": 0, "publications_years": {"2000": 1}, "citations_years": {}, "old_citations": {"2000": 0}, "isVisible": false}, "2154920485": {"name": "a g morozov", "type": "author", "activity": 1, "h_index": 0, "h5_index": 0, "mag_id": "2154920485", "num_publications": 1, "num_citations": 0, "num_publications_5y": 0, "num_citations_5y": 0, "num_publications_10y": 0, "num_citations_10y": 0, "publications_years": {"2000": 1}, "citations_years": {}, "old_citations": {"2000": 0}, "isVisible": false}, "2159071428": {"name": "xinghuo yu", "type": "author", "activity": 31, "h_index": 38, "h5_index": 19, "mag_id": "2159071428", "num_publications": 1, "num_citations": 4, "num_publications_5y": 0, "num_citations_5y": 1, "num_publications_10y": 0, "num_citations_10y": 3, "publications_years": {"2000": 1}, "citations_years": {"2001": 1, "2002": 0, "2003": 0, "2004": 0, "2005": 0, "2006": 0, "2007": 0, "2008": 0, "2009": 0, "2010": 0, "2011": 0, "2012": 2, "2013": 0, "2014": 1}, "old_citations": {"2000": 4}, "isVisible": false}, "2162963031": {"name": "g a leonov", "type": "author", "activity": 26, "h_index": 12, "h5_index": 4, "mag_id": "2162963031", "num_publications": 1, "num_citations": 4, "num_publications_5y": 0, "num_citations_5y": 0, "num_publications_10y": 0, "num_citations_10y": 0, "publications_years": {"1997": 1}, "citations_years": {"2003": 1, "2004": 0, "2005": 2, "2006": 1}, "old_citations": {"1997": 4}, "isVisible": false}, "2171936949": {"name": "manuel grana", "type": "author", "activity": 30, "h_index": 21, "h5_index": 6, "mag_id": "2171936949", "num_publications": 1, "num_citations": 1, "num_publications_5y": 0, "num_citations_5y": 0, "num_publications_10y": 0, "num_citations_10y": 0, "publications_years": {"2000": 1}, "citations_years": {"2004": 1}, "old_citations": {"2000": 1}, "isVisible": false}, "2223986332": {"name": "d a yushmanov", "type": "author", "activity": 1, "h_index": 1, "h5_index": 0, "mag_id": "2223986332", "num_publications": 1, "num_citations": 1, "num_publications_5y": 0, "num_citations_5y": 0, "num_publications_10y": 0, "num_citations_10y": 0, "publications_years": {"1997": 1}, "citations_years": {"2002": 1}, "old_citations": {"1997": 1}, "isVisible": false}, "2226227572": {"name": "xiaofan wang", "type": "author", "activity": 22, "h_index": 18, "h5_index": 3, "mag_id": "2226227572", "num_publications": 1, "num_citations": 4, "num_publications_5y": 0, "num_citations_5y": 1, "num_publications_10y": 0, "num_citations_10y": 3, "publications_years": {"2000": 1}, "citations_years": {"2001": 1, "2002": 0, "2003": 0, "2004": 0, "2005": 0, "2006": 0, "2007": 0, "2008": 0, "2009": 0, "2010": 0, "2011": 0, "2012": 2, "2013": 0, "2014": 1}, "old_citations": {"2000": 4}, "isVisible": false}, "2226507356": {"name": "o g maleev", "type": "author", "activity": 1, "h_index": 1, "h5_index": 0, "mag_id": "2226507356", "num_publications": 1, "num_citations": 1, "num_publications_5y": 0, "num_citations_5y": 0, "num_publications_10y": 0, "num_citations_10y": 0, "publications_years": {"1997": 1}, "citations_years": {"2002": 1}, "old_citations": {"1997": 1}, "isVisible": false}, "2226605780": {"name": "o a butkovsky", "type": "author", "activity": 1, "h_index": 0, "h5_index": 0, "mag_id": "2226605780", "num_publications": 1, "num_citations": 0, "num_publications_5y": 0, "num_citations_5y": 0, "num_publications_10y": 0, "num_citations_10y": 0, "publications_years": {"2000": 1}, "citations_years": {}, "old_citations": {"2000": 0}, "isVisible": false}, "2227460361": {"name": "erik m bollt", "type": "author", "activity": 23, "h_index": 9, "h5_index": 3, "mag_id": "2227460361", "num_publications": 1, "num_citations": 1, "num_publications_5y": 0, "num_citations_5y": 0, "num_publications_10y": 0, "num_citations_10y": 0, "publications_years": {"1997": 1}, "citations_years": {"1998": 1}, "old_citations": {"1997": 1}, "isVisible": false}, "2228198592": {"name": "o g barbashov", "type": "author", "activity": 1, "h_index": 1, "h5_index": 0, "mag_id": "2228198592", "num_publications": 1, "num_citations": 1, "num_publications_5y": 0, "num_citations_5y": 0, "num_publications_10y": 0, "num_citations_10y": 0, "publications_years": {"1997": 1}, "citations_years": {"2002": 1}, "old_citations": {"1997": 1}, "isVisible": false}, "2231163702": {"name": "n a romashov", "type": "author", "activity": 1, "h_index": 1, "h5_index": 0, "mag_id": "2231163702", "num_publications": 1, "num_citations": 1, "num_publications_5y": 0, "num_citations_5y": 0, "num_publications_10y": 0, "num_citations_10y": 0, "publications_years": {"1997": 1}, "citations_years": {"2002": 1}, "old_citations": {"1997": 1}, "isVisible": false}, "2232215804": {"name": "a yu belkov", "type": "author", "activity": 1, "h_index": 0, "h5_index": 0, "mag_id": "2232215804", "num_publications": 1, "num_citations": 0, "num_publications_5y": 0, "num_citations_5y": 0, "num_publications_10y": 0, "num_citations_10y": 0, "publications_years": {"1997": 1}, "citations_years": {}, "old_citations": {"1997": 0}, "isVisible": false}, "2237833340": {"name": "l a bunimovich", "type": "author", "activity": 21, "h_index": 4, "h5_index": 1, "mag_id": "2237833340", "num_publications": 1, "num_citations": 0, "num_publications_5y": 0, "num_citations_5y": 0, "num_publications_10y": 0, "num_citations_10y": 0, "publications_years": {"2000": 1}, "citations_years": {}, "old_citations": {"2000": 0}, "isVisible": false}, "2240027412": {"name": "a kern", "type": "author", "activity": 12, "h_index": 1, "h5_index": 0, "mag_id": "2240027412", "num_publications": 1, "num_citations": 0, "num_publications_5y": 0, "num_citations_5y": 0, "num_publications_10y": 0, "num_citations_10y": 0, "publications_years": {"2000": 1}, "citations_years": {}, "old_citations": {"2000": 0}, "isVisible": false}, "2304443303": {"name": "a v selikhov", "type": "author", "activity": 1, "h_index": 1, "h5_index": 0, "mag_id": "2304443303", "num_publications": 1, "num_citations": 1, "num_publications_5y": 0, "num_citations_5y": 0, "num_publications_10y": 0, "num_citations_10y": 0, "publications_years": {"2000": 1}, "citations_years": {"2002": 1}, "old_citations": {"2000": 1}, "isVisible": false}, "2312802520": {"name": "d imaev", "type": "author", "activity": 1, "h_index": 0, "h5_index": 0, "mag_id": "2312802520", "num_publications": 1, "num_citations": 0, "num_publications_5y": 0, "num_citations_5y": 0, "num_publications_10y": 0, "num_citations_10y": 0, "publications_years": {"1997": 1}, "citations_years": {}, "old_citations": {"1997": 0}, "isVisible": false}, "2397176250": {"name": "i l blekhman", "type": "author", "activity": 1, "h_index": 1, "h5_index": 0, "mag_id": "2397176250", "num_publications": 1, "num_citations": 19, "num_publications_5y": 0, "num_citations_5y": 3, "num_publications_10y": 0, "num_citations_10y": 8, "publications_years": {"1997": 1}, "citations_years": {"1999": 1, "2000": 3, "2001": 2, "2002": 1, "2003": 1, "2004": 0, "2005": 2, "2006": 0, "2007": 0, "2008": 0, "2009": 1, "2010": 0, "2011": 1, "2012": 0, "2013": 3, "2014": 2, "2015": 1, "2016": 0, "2017": 0, "2018": 0, "2019": 0, "2020": 1}, "old_citations": {"1997": 19}, "isVisible": false}, "2399580315": {"name": "m di berbardo", "type": "author", "activity": 1, "h_index": 0, "h5_index": 0, "mag_id": "2399580315", "num_publications": 1, "num_citations": 0, "num_publications_5y": 0, "num_citations_5y": 0, "num_publications_10y": 0, "num_citations_10y": 0, "publications_years": {"1997": 1}, "citations_years": {}, "old_citations": {"1997": 0}, "isVisible": false}, "2414951047": {"name": "u ersoy", "type": "author", "activity": 1, "h_index": 1, "h5_index": 0, "mag_id": "2414951047", "num_publications": 1, "num_citations": 1, "num_publications_5y": 0, "num_citations_5y": 0, "num_publications_10y": 0, "num_citations_10y": 1, "publications_years": {"1997": 1}, "citations_years": {"2009": 1}, "old_citations": {"1997": 1}, "isVisible": false}, "2424449073": {"name": "wang wei", "type": "author", "activity": 1, "h_index": 2, "h5_index": 0, "mag_id": "2424449073", "num_publications": 1, "num_citations": 2, "num_publications_5y": 0, "num_citations_5y": 0, "num_publications_10y": 0, "num_citations_10y": 0, "publications_years": {"2000": 1}, "citations_years": {"2000": 2}, "old_citations": {"2000": 2}, "isVisible": false}, "2562045377": {"name": "y rozenvasser", "type": "author", "activity": 1, "h_index": 1, "h5_index": 0, "mag_id": "2562045377", "num_publications": 1, "num_citations": 2, "num_publications_5y": 0, "num_citations_5y": 0, "num_publications_10y": 0, "num_citations_10y": 0, "publications_years": {"2000": 1}, "citations_years": {"2001": 2}, "old_citations": {"2000": 2}, "isVisible": false}, "2580804465": {"name": "d p stoten", "type": "author", "activity": 1, "h_index": 0, "h5_index": 0, "mag_id": "2580804465", "num_publications": 1, "num_citations": 0, "num_publications_5y": 0, "num_citations_5y": 0, "num_publications_10y": 0, "num_citations_10y": 0, "publications_years": {"1997": 1}, "citations_years": {}, "old_citations": {"1997": 0}, "isVisible": false}, "2581976340": {"name": "a v smolnikov", "type": "author", "activity": 1, "h_index": 1, "h5_index": 0, "mag_id": "2581976340", "num_publications": 1, "num_citations": 2, "num_publications_5y": 0, "num_citations_5y": 0, "num_publications_10y": 0, "num_citations_10y": 0, "publications_years": {"2000": 1}, "citations_years": {"2001": 2}, "old_citations": {"2000": 2}, "isVisible": false}, "2583581813": {"name": "m hasler", "type": "author", "activity": 1, "h_index": 0, "h5_index": 0, "mag_id": "2583581813", "num_publications": 1, "num_citations": 0, "num_publications_5y": 0, "num_citations_5y": 0, "num_publications_10y": 0, "num_citations_10y": 0, "publications_years": {"1997": 1}, "citations_years": {}, "old_citations": {"1997": 0}, "isVisible": false}, "2595091817": {"name": "m v kapranov", "type": "author", "activity": 1, "h_index": 0, "h5_index": 0, "mag_id": "2595091817", "num_publications": 1, "num_citations": 0, "num_publications_5y": 0, "num_citations_5y": 0, "num_publications_10y": 0, "num_citations_10y": 0, "publications_years": {"2000": 1}, "citations_years": {}, "old_citations": {"2000": 0}, "isVisible": false}, "2610617014": {"name": "k a lurie", "type": "author", "activity": 1, "h_index": 0, "h5_index": 0, "mag_id": "2610617014", "num_publications": 1, "num_citations": 0, "num_publications_5y": 0, "num_citations_5y": 0, "num_publications_10y": 0, "num_citations_10y": 0, "publications_years": {"2000": 1}, "citations_years": {}, "old_citations": {"2000": 0}, "isVisible": false}, "2616040043": {"name": "e d avedyan", "type": "author", "activity": 1, "h_index": 0, "h5_index": 0, "mag_id": "2616040043", "num_publications": 1, "num_citations": 0, "num_publications_5y": 0, "num_citations_5y": 0, "num_publications_10y": 0, "num_citations_10y": 0, "publications_years": {"1997": 1}, "citations_years": {}, "old_citations": {"1997": 0}, "isVisible": false}, "2629177204": {"name": "e a ruzhitskaja", "type": "author", "activity": 1, "h_index": 0, "h5_index": 0, "mag_id": "2629177204", "num_publications": 1, "num_citations": 0, "num_publications_5y": 0, "num_citations_5y": 0, "num_publications_10y": 0, "num_citations_10y": 0, "publications_years": {"1997": 1}, "citations_years": {}, "old_citations": {"1997": 0}, "isVisible": false}, "2632771807": {"name": "zhang lei", "type": "author", "activity": 1, "h_index": 2, "h5_index": 0, "mag_id": "2632771807", "num_publications": 1, "num_citations": 2, "num_publications_5y": 0, "num_citations_5y": 0, "num_publications_10y": 0, "num_citations_10y": 0, "publications_years": {"2000": 1}, "citations_years": {"2000": 2}, "old_citations": {"2000": 2}, "isVisible": false}, "2633247352": {"name": "e y frisman", "type": "author", "activity": 1, "h_index": 0, "h5_index": 0, "mag_id": "2633247352", "num_publications": 1, "num_citations": 0, "num_publications_5y": 0, "num_citations_5y": 0, "num_publications_10y": 0, "num_citations_10y": 0, "publications_years": {"2000": 1}, "citations_years": {}, "old_citations": {"2000": 0}, "isVisible": false}, "2656594633": {"name": "v r luciv", "type": "author", "activity": 1, "h_index": 0, "h5_index": 0, "mag_id": "2656594633", "num_publications": 1, "num_citations": 0, "num_publications_5y": 0, "num_citations_5y": 0, "num_publications_10y": 0, "num_citations_10y": 0, "publications_years": {"1997": 1}, "citations_years": {}, "old_citations": {"1997": 0}, "isVisible": false}, "2661271685": {"name": "e v sycheva", "type": "author", "activity": 1, "h_index": 0, "h5_index": 0, "mag_id": "2661271685", "num_publications": 1, "num_citations": 0, "num_publications_5y": 0, "num_citations_5y": 0, "num_publications_10y": 0, "num_citations_10y": 0, "publications_years": {"2000": 1}, "citations_years": {}, "old_citations": {"2000": 0}, "isVisible": false}, "2662030131": {"name": "a v timofeev", "type": "author", "activity": 1, "h_index": 0, "h5_index": 0, "mag_id": "2662030131", "num_publications": 1, "num_citations": 0, "num_publications_5y": 0, "num_citations_5y": 0, "num_publications_10y": 0, "num_citations_10y": 0, "publications_years": {"1997": 1}, "citations_years": {}, "old_citations": {"1997": 0}, "isVisible": false}, "2665640876": {"name": "i i blekhman", "type": "author", "activity": 1, "h_index": 0, "h5_index": 0, "mag_id": "2665640876", "num_publications": 1, "num_citations": 0, "num_publications_5y": 0, "num_citations_5y": 0, "num_publications_10y": 0, "num_citations_10y": 0, "publications_years": {"2000": 1}, "citations_years": {}, "old_citations": {"2000": 0}, "isVisible": false}, "2681939861": {"name": "c sarasola", "type": "author", "activity": 1, "h_index": 1, "h5_index": 0, "mag_id": "2681939861", "num_publications": 1, "num_citations": 1, "num_publications_5y": 0, "num_citations_5y": 0, "num_publications_10y": 0, "num_citations_10y": 0, "publications_years": {"2000": 1}, "citations_years": {"2004": 1}, "old_citations": {"2000": 1}, "isVisible": false}, "2693594802": {"name": "s v yemetz", "type": "author", "activity": 1, "h_index": 1, "h5_index": 0, "mag_id": "2693594802", "num_publications": 1, "num_citations": 4, "num_publications_5y": 0, "num_citations_5y": 0, "num_publications_10y": 0, "num_citations_10y": 1, "publications_years": {"1997": 1}, "citations_years": {"2006": 1, "2007": 2, "2008": 0, "2009": 0, "2010": 0, "2011": 1}, "old_citations": {"1997": 4}, "isVisible": false}, "2699745928": {"name": "a k zherebko", "type": "author", "activity": 1, "h_index": 0, "h5_index": 0, "mag_id": "2699745928", "num_publications": 1, "num_citations": 0, "num_publications_5y": 0, "num_citations_5y": 0, "num_publications_10y": 0, "num_citations_10y": 0, "publications_years": {"1997": 1}, "citations_years": {}, "old_citations": {"1997": 0}, "isVisible": false}, "2700311402": {"name": "n e barabanov", "type": "author", "activity": 1, "h_index": 0, "h5_index": 0, "mag_id": "2700311402", "num_publications": 1, "num_citations": 0, "num_publications_5y": 0, "num_citations_5y": 0, "num_publications_10y": 0, "num_citations_10y": 0, "publications_years": {"1997": 1}, "citations_years": {}, "old_citations": {"1997": 0}, "isVisible": false}, "2710027578": {"name": "d s dolinov", "type": "author", "activity": 1, "h_index": 0, "h5_index": 0, "mag_id": "2710027578", "num_publications": 1, "num_citations": 0, "num_publications_5y": 0, "num_citations_5y": 0, "num_publications_10y": 0, "num_citations_10y": 0, "publications_years": {"1997": 1}, "citations_years": {}, "old_citations": {"1997": 0}, "isVisible": false}, "2715145177": {"name": "a a bogdanov", "type": "author", "activity": 1, "h_index": 0, "h5_index": 0, "mag_id": "2715145177", "num_publications": 1, "num_citations": 0, "num_publications_5y": 0, "num_citations_5y": 0, "num_publications_10y": 0, "num_citations_10y": 0, "publications_years": {"1997": 1}, "citations_years": {}, "old_citations": {"1997": 0}, "isVisible": false}, "2717123829": {"name": "s o starkov", "type": "author", "activity": 1, "h_index": 1, "h5_index": 0, "mag_id": "2717123829", "num_publications": 1, "num_citations": 4, "num_publications_5y": 0, "num_citations_5y": 0, "num_publications_10y": 0, "num_citations_10y": 1, "publications_years": {"1997": 1}, "citations_years": {"2006": 1, "2007": 2, "2008": 0, "2009": 0, "2010": 0, "2011": 1}, "old_citations": {"1997": 4}, "isVisible": false}, "2720099688": {"name": "i g polushin", "type": "author", "activity": 1, "h_index": 0, "h5_index": 0, "mag_id": "2720099688", "num_publications": 1, "num_citations": 0, "num_publications_5y": 0, "num_citations_5y": 0, "num_publications_10y": 0, "num_citations_10y": 0, "publications_years": {"1997": 1}, "citations_years": {}, "old_citations": {"1997": 0}, "isVisible": false}, "2764652656": {"name": "sabino gadaleta", "type": "author", "activity": 2, "h_index": 2, "h5_index": 0, "mag_id": "2764652656", "num_publications": 1, "num_citations": 6, "num_publications_5y": 0, "num_citations_5y": 0, "num_publications_10y": 0, "num_citations_10y": 3, "publications_years": {"2000": 1}, "citations_years": {"2001": 1, "2002": 0, "2003": 0, "2004": 0, "2005": 0, "2006": 0, "2007": 1, "2008": 0, "2009": 1, "2010": 1, "2011": 0, "2012": 1, "2013": 0, "2014": 0, "2015": 0, "2016": 0, "2017": 0, "2018": 0, "2019": 1}, "old_citations": {"2000": 6}, "isVisible": false}, "2776588694": {"name": "a s dmitriev", "type": "author", "activity": 1, "h_index": 1, "h5_index": 0, "mag_id": "2776588694", "num_publications": 1, "num_citations": 1, "num_publications_5y": 0, "num_citations_5y": 0, "num_publications_10y": 0, "num_citations_10y": 1, "publications_years": {"1997": 1}, "citations_years": {"2009": 1}, "old_citations": {"1997": 1}, "isVisible": false}, "2964765800": {"name": "g a kassian", "type": "author", "activity": 1, "h_index": 1, "h5_index": 0, "mag_id": "2964765800", "num_publications": 1, "num_citations": 3, "num_publications_5y": 0, "num_citations_5y": 0, "num_publications_10y": 0, "num_citations_10y": 1, "publications_years": {"2000": 1}, "citations_years": {"2003": 1, "2004": 0, "2005": 0, "2006": 0, "2007": 0, "2008": 1, "2009": 0, "2010": 0, "2011": 0, "2012": 1}, "old_citations": {"2000": 3}, "isVisible": false}, "2973308814": {"name": "j buls", "type": "author", "activity": 0, "h_index": 0, "h5_index": 0, "mag_id": "2973308814", "num_publications": 1, "num_citations": 0, "num_publications_5y": 0, "num_citations_5y": 0, "num_publications_10y": 0, "num_citations_10y": 0, "publications_years": {"2000": 1}, "citations_years": {}, "old_citations": {"2000": 3}, "isVisible": false}, "2973408226": {"name": "a danjou", "type": "author", "activity": 1, "h_index": 1, "h5_index": 0, "mag_id": "2973408226", "num_publications": 1, "num_citations": 1, "num_publications_5y": 0, "num_citations_5y": 0, "num_publications_10y": 0, "num_citations_10y": 0, "publications_years": {"2000": 1}, "citations_years": {"2004": 1}, "old_citations": {"2000": 1}, "isVisible": false}, "2973747427": {"name": "f j torrealdea", "type": "author", "activity": 1, "h_index": 1, "h5_index": 0, "mag_id": "2973747427", "num_publications": 1, "num_citations": 1, "num_publications_5y": 0, "num_citations_5y": 0, "num_publications_10y": 0, "num_citations_10y": 0, "publications_years": {"2000": 1}, "citations_years": {"2004": 1}, "old_citations": {"2000": 1}, "isVisible": false}, "2973864547": {"name": "s o starkov", "type": "author", "activity": 1, "h_index": 1, "h5_index": 0, "mag_id": "2973864547", "num_publications": 1, "num_citations": 3, "num_publications_5y": 0, "num_citations_5y": 0, "num_publications_10y": 0, "num_citations_10y": 1, "publications_years": {"2000": 1}, "citations_years": {"2002": 1, "2003": 0, "2004": 0, "2005": 0, "2006": 0, "2007": 0, "2008": 1, "2009": 0, "2010": 0, "2011": 1}, "old_citations": {"2000": 3}, "isVisible": false}, "2974116016": {"name": "m kuzmina", "type": "author", "activity": 1, "h_index": 0, "h5_index": 0, "mag_id": "2974116016", "num_publications": 1, "num_citations": 0, "num_publications_5y": 0, "num_citations_5y": 0, "num_publications_10y": 0, "num_citations_10y": 0, "publications_years": {"2000": 1}, "citations_years": {}, "old_citations": {"2000": 0}, "isVisible": false}, "2984485598": {"name": "l chen", "type": "author", "activity": 1, "h_index": 1, "h5_index": 0, "mag_id": "2984485598", "num_publications": 1, "num_citations": 8, "num_publications_5y": 0, "num_citations_5y": 2, "num_publications_10y": 0, "num_citations_10y": 5, "publications_years": {"1997": 1}, "citations_years": {"2002": 1, "2003": 0, "2004": 0, "2005": 0, "2006": 1, "2007": 0, "2008": 0, "2009": 0, "2010": 0, "2011": 0, "2012": 0, "2013": 3, "2014": 1, "2015": 0, "2016": 1, "2017": 0, "2018": 0, "2019": 1}, "old_citations": {"1997": 8}, "isVisible": false}, "2985974127": {"name": "ren shouju", "type": "author", "activity": 1, "h_index": 1, "h5_index": 0, "mag_id": "2985974127", "num_publications": 1, "num_citations": 2, "num_publications_5y": 0, "num_citations_5y": 0, "num_publications_10y": 0, "num_citations_10y": 0, "publications_years": {"2000": 1}, "citations_years": {"2000": 2}, "old_citations": {"2000": 2}, "isVisible": false}, "2994395311": {"name": "bernhard p lampe", "type": "author", "activity": 10, "h_index": 3, "h5_index": 0, "mag_id": "2994395311", "num_publications": 1, "num_citations": 2, "num_publications_5y": 0, "num_citations_5y": 0, "num_publications_10y": 0, "num_citations_10y": 0, "publications_years": {"2000": 1}, "citations_years": {"2001": 2}, "old_citations": {"2000": 2}, "isVisible": false}, "3001571113": {"name": "v b smirnova", "type": "author", "activity": 1, "h_index": 1, "h5_index": 0, "mag_id": "3001571113", "num_publications": 1, "num_citations": 4, "num_publications_5y": 0, "num_citations_5y": 0, "num_publications_10y": 0, "num_citations_10y": 0, "publications_years": {"1997": 1}, "citations_years": {"2003": 1, "2004": 0, "2005": 2, "2006": 1}, "old_citations": {"1997": 4}, "isVisible": false}}, "countries": {"United States": {"name": "United States", "type": "country", "h5_index": 308, "num_publications": 3, "num_citations": 15, "num_publications_5y": 0, "num_citations_5y": 2, "num_publications_10y": 0, "num_citations_10y": 8, "publications_years": {"2000": 1, "1997": 2}, "citations_years": {"2001": 1, "2002": 1, "2003": 0, "2004": 0, "2005": 0, "2006": 1, "2007": 1, "2008": 0, "2009": 1, "2010": 1, "2011": 0, "2012": 1, "2013": 3, "2014": 1, "2015": 0, "2016": 1, "2017": 0, "2018": 0, "2019": 2, "1998": 1}, "old_citations": {"2000": 6, "1997": 9}, "isVisible": false}, "China": {"name": "China", "type": "country", "h5_index": 214, "num_publications": 2, "num_citations": 6, "num_publications_5y": 0, "num_citations_5y": 1, "num_publications_10y": 0, "num_citations_10y": 3, "publications_years": {"2000": 2}, "citations_years": {"2000": 2, "2001": 1, "2002": 0, "2003": 0, "2004": 0, "2005": 0, "2006": 0, "2007": 0, "2008": 0, "2009": 0, "2010": 0, "2011": 0, "2012": 2, "2013": 0, "2014": 1}, "old_citations": {"2000": 6}, "isVisible": false}, "Russia": {"name": "Russia", "type": "country", "h5_index": 45, "num_publications": 2, "num_citations": 4, "num_publications_5y": 0, "num_citations_5y": 0, "num_publications_10y": 0, "num_citations_10y": 0, "publications_years": {"2000": 1, "1997": 1}, "citations_years": {"2003": 1, "2004": 0, "2005": 2, "2006": 1}, "old_citations": {"2000": 0, "1997": 4}, "isVisible": false}, "Turkey": {"name": "Turkey", "type": "country", "h5_index": 56, "num_publications": 2, "num_citations": 1, "num_publications_5y": 0, "num_citations_5y": 0, "num_publications_10y": 0, "num_citations_10y": 1, "publications_years": {"2000": 1, "1997": 1}, "citations_years": {"2009": 1}, "old_citations": {"2000": 0, "1997": 1}, "isVisible": false}, "Latvia": {"name": "Latvia", "type": "country", "h5_index": 18, "num_publications": 1, "num_citations": 0, "num_publications_5y": 0, "num_citations_5y": 0, "num_publications_10y": 0, "num_citations_10y": 0, "publications_years": {"2000": 1}, "citations_years": {}, "old_citations": {"2000": 3}, "isVisible": false}, "Spain": {"name": "Spain", "type": "country", "h5_index": 91, "num_publications": 1, "num_citations": 1, "num_publications_5y": 0, "num_citations_5y": 0, "num_publications_10y": 0, "num_citations_10y": 0, "publications_years": {"2000": 1}, "citations_years": {"2004": 1}, "old_citations": {"2000": 1}, "isVisible": false}, "Switzerland": {"name": "Switzerland", "type": "country", "h5_index": 102, "num_publications": 1, "num_citations": 0, "num_publications_5y": 0, "num_citations_5y": 0, "num_publications_10y": 0, "num_citations_10y": 0, "publications_years": {"2000": 1}, "citations_years": {}, "old_citations": {"2000": 0}, "isVisible": false}, "United Kingdom": {"name": "United Kingdom", "type": "country", "h5_index": 172, "num_publications": 1, "num_citations": 0, "num_publications_5y": 0, "num_citations_5y": 0, "num_publications_10y": 0, "num_citations_10y": 0, "publications_years": {"1997": 1}, "citations_years": {}, "old_citations": {"1997": 0}, "isVisible": false}}}, "conference_comparison": {"computer science": {}}, "topics_dna": {"publications": {}, "citations": {"normalized": {}, "average": {}}}, "info": {"num_publications": 39, "num_citations": 76.0, "impact_factor": {"1999": 0.10526315789473684, "2000": 0}, "publications_years": {"2000": 20, "1997": 19}, "citations_years": {"1998": 2, "1999": 2, "2000": 6, "2001": 6, "2002": 6, "2003": 4, "2004": 2, "2005": 6, "2006": 3, "2007": 4, "2008": 3, "2009": 4, "2010": 2, "2011": 4, "2012": 4, "2013": 6, "2014": 4, "2015": 1, "2016": 1, "2017": 0, "2018": 0, "2019": 2, "2020": 1}, "old_citations": {"2000": 34, "1997": 42}, "h5_index": 0}, "percentile": {"computer science": {"2000": 83, "1997": 87}}, "conference_ranking": {"computer science": {"2000": 684, "1997": 516}}, "academia": {"num_publications": 13, "num_citations": 30, "publications_years": {"1997": 5, "1998": 0, "1999": 0, "2000": 8}, "old_citations": {"1997": 14, "1998": 0, "1999": 0, "2000": 16}, "num_publications_5y": 0, "num_citations_5y": 0, "num_publications_10y": 0, "num_citations_10y": 0}, "industry": {"num_publications": 0, "num_citations": 0, "publications_years": {}, "old_citations": {}, "num_publications_5y": 0, "num_citations_5y": 0, "num_publications_10y": 0, "num_citations_10y": 0}, "collaborative": {"num_publications": 0, "num_citations": 0, "publications_years": {}, "old_citations": {}, "num_publications_5y": 0, "num_citations_5y": 0, "num_publications_10y": 0, "num_citations_10y": 0}, "conferences": {}, "journals": {}, "organizations": {"publication_overall": ["Bilkent University", "Colorado State University", "ETH Zurich", "Erciyes University", "Moscow State University", "Nanjing University of Science and Technology", "Saint Petersburg State University", "Tsinghua University", "United States Naval Academy", "University of Bristol", "University of Houston", "University of Latvia", "University of the Basque Country"], "citation_overall": ["University of Houston", "Colorado State University", "Nanjing University of Science and Technology", "Saint Petersburg State University", "University of Latvia", "Tsinghua University", "Bilkent University", "United States Naval Academy", "University of the Basque Country", "ETH Zurich", "Erciyes University", "Moscow State University", "University of Bristol"], "publication_10_years": [], "citation_10_years": [], "publication_5_years": [], "citation_5_years": []}, "countries": {"publication_overall": ["United States", "China", "Russia", "Turkey", "Latvia", "Spain", "Switzerland", "United Kingdom"], "citation_overall": ["United States", "China", "Russia", "Latvia", "Spain", "Turkey", "Switzerland", "United Kingdom"], "publication_10_years": [], "citation_10_years": [], "publication_5_years": [], "citation_5_years": []}, "topics": {"publication_overall": ["computer science", "computer systems", "mathematics", "engineering", "computer security", "matrix algebra", "computer networks", "cryptography", "cryptology", "linear matrix inequalities", "control systems", "adaptive control systems", "automation", "chaotic systems", "process control", "numerical methods", "feedback systems", "communication systems", "control theory", "nonlinear control systems"], "citation_overall": ["computer science", "mathematics", "computer systems", "engineering", "matrix algebra", "numerical methods", "linear matrix inequalities", "computer security", "cryptography", "cryptology", "chaotic systems", "computer networks", "wireless communications", "adaptive control systems", "automation", "process control", "differential equations", "feedback systems", "numerical example", "computer hardware"], "publication_10_years": [], "citation_10_years": [], "publication_5_years": [], "citation_5_years": []}, "main_topics": ["computer science"], "authors": {"publication_overall": ["2154303716", "2162788130", "360863117", "2099235615", "319672441", "471590131", "591890332", "643406664", "699861389", "1219148617", "1593338632", "1879639841", "1939081210", "1945424092", "1948991158", "1973275415", "2008892669", "2023377802", "2023750713", "2025488138", "2030503718", "2037684906", "2045789514", "2061761809", "2075550651", "2094881127", "2096212258", "2103074337", "2144083355", "2154920485", "2159071428", "2162963031", "2171936949", "2223986332", "2226227572", "2226507356", "2226605780", "2227460361", "2228198592", "2231163702", "2232215804", "2237833340", "2240027412", "2304443303", "2312802520", "2397176250", "2399580315", "2414951047", "2424449073", "2562045377", "2580804465", "2581976340", "2583581813", "2595091817", "2610617014", "2616040043", "2629177204", "2632771807", "2633247352", "2656594633", "2661271685", "2662030131", "2665640876", "2681939861", "2693594802", "2699745928", "2700311402", "2710027578", "2715145177", "2717123829", "2720099688", "2764652656", "2776588694", "2964765800", "2973308814", "2973408226", "2973747427", "2973864547", "2974116016", "2984485598", "2985974127", "2994395311", "3001571113"], "citation_overall": ["360863117", "2154303716", "2023750713", "2397176250", "2162788130", "2096212258", "2984485598", "319672441", "2061761809", "2099235615", "2764652656", "2159071428", "2162963031", "2226227572", "2693594802", "2717123829", "3001571113", "699861389", "2030503718", "2964765800", "2973308814", "2973864547", "643406664", "2424449073", "2562045377", "2581976340", "2632771807", "2985974127", "2994395311", "591890332", "1879639841", "2025488138", "2171936949", "2223986332", "2226507356", "2227460361", "2228198592", "2231163702", "2304443303", "2414951047", "2681939861", "2776588694", "2973408226", "2973747427", "471590131", "1219148617", "1593338632", "1939081210", "1945424092", "1948991158", "1973275415", "2008892669", "2023377802", "2037684906", "2045789514", "2075550651", "2094881127", "2103074337", "2144083355", "2154920485", "2226605780", "2232215804", "2237833340", "2240027412", "2312802520", "2399580315", "2580804465", "2583581813", "2595091817", "2610617014", "2616040043", "2629177204", "2633247352", "2656594633", "2661271685", "2662030131", "2665640876", "2699745928", "2700311402", "2710027578", "2715145177", "2720099688", "2974116016"], "publication_10_years": [], "citation_10_years": [], "publication_5_years": [], "citation_5_years": []}, "industrial_sectors": {"publication_overall": [], "citation_overall": [], "publication_10_years": [], "citation_10_years": [], "publication_5_years": [], "citation_5_years": []}}