{"name": "USENIX workshop on Tackling computer systems problems with machine learning techniques", "acronym": "SYSML", "type": "conference", "uniqueEntities": {"organizations": {"Microsoft (United States)": {"name": "Microsoft (United States)", "type": "organization", "organization_type": "Company", "h_index": 460, "h5_index": 116, "num_publications": 5, "num_citations": 122, "num_publications_5y": 0, "num_citations_5y": 46, "num_publications_10y": 0, "num_citations_10y": 110, "publications_years": {"2007": 3, "2008": 2}, "citations_years": {"2008": 8, "2009": 19, "2010": 17, "2011": 13, "2012": 9, "2013": 6, "2014": 10, "2015": 11, "2016": 10, "2017": 7, "2018": 8, "2019": 3, "2020": 1}, "old_citations": {"2007": 63, "2008": 59}, "isVisible": false}, "Massachusetts Institute of Technology": {"name": "Massachusetts Institute of Technology", "type": "organization", "organization_type": "Education", "h_index": 475, "h5_index": 100, "num_publications": 3, "num_citations": 25, "num_publications_5y": 1, "num_citations_5y": 9, "num_publications_10y": 1, "num_citations_10y": 21, "publications_years": {"2008": 1, "2018": 1, "2007": 1}, "citations_years": {"2010": 2, "2011": 5, "2012": 1, "2013": 0, "2014": 2, "2015": 3, "2016": 1, "2017": 1, "2018": 2, "2019": 3, "2008": 1, "2009": 4}, "old_citations": {"2008": 8, "2018": 5, "2007": 12}, "isVisible": false}, "University of California, Berkeley": {"name": "University of California, Berkeley", "type": "organization", "organization_type": "Education", "h_index": 452, "h5_index": 107, "num_publications": 3, "num_citations": 129, "num_publications_5y": 0, "num_citations_5y": 51, "num_publications_10y": 0, "num_citations_10y": 123, "publications_years": {"2008": 3}, "citations_years": {"2010": 19, "2011": 19, "2012": 10, "2013": 11, "2014": 7, "2015": 10, "2016": 10, "2017": 12, "2008": 2, "2009": 13, "2018": 12, "2019": 1, "2020": 3}, "old_citations": {"2008": 129}, "isVisible": false}, "IBM (United States)": {"name": "IBM (United States)", "type": "organization", "organization_type": "Company", "h_index": 421, "h5_index": 72, "num_publications": 2, "num_citations": 33, "num_publications_5y": 0, "num_citations_5y": 9, "num_publications_10y": 0, "num_citations_10y": 31, "publications_years": {"2007": 2}, "citations_years": {"2008": 1, "2009": 3, "2010": 6, "2011": 3, "2012": 5, "2013": 5, "2014": 2, "2015": 4, "2007": 1, "2016": 1, "2017": 2}, "old_citations": {"2007": 33}, "isVisible": false}, "Alexandria University": {"name": "Alexandria University", "type": "organization", "organization_type": "Education", "h_index": 43, "h5_index": 14, "num_publications": 1, "num_citations": 7, "num_publications_5y": 0, "num_citations_5y": 0, "num_publications_10y": 0, "num_citations_10y": 0, "publications_years": {"2019": 1}, "citations_years": {"2019": 5, "2020": 2}, "old_citations": {"2019": 7}, "isVisible": false}, "Carnegie Mellon University": {"name": "Carnegie Mellon University", "type": "organization", "organization_type": "Education", "h_index": 441, "h5_index": 107, "num_publications": 1, "num_citations": 24, "num_publications_5y": 0, "num_citations_5y": 6, "num_publications_10y": 0, "num_citations_10y": 18, "publications_years": {"2007": 1}, "citations_years": {"2008": 6, "2009": 2, "2010": 7, "2011": 0, "2012": 0, "2013": 3, "2014": 1, "2015": 0, "2016": 3, "2017": 2}, "old_citations": {"2007": 24}, "isVisible": false}, "Deutsche Telekom (United Kingdom)": {"name": "Deutsche Telekom (United Kingdom)", "type": "organization", "organization_type": "Company", "h_index": 78, "h5_index": 15, "num_publications": 1, "num_citations": 4, "num_publications_5y": 0, "num_citations_5y": 2, "num_publications_10y": 0, "num_citations_10y": 4, "publications_years": {"2008": 1}, "citations_years": {"2009": 2, "2010": 0, "2011": 0, "2012": 0, "2013": 0, "2014": 1, "2015": 0, "2016": 1}, "old_citations": {"2008": 4}, "isVisible": false}, "ETH Zurich": {"name": "ETH Zurich", "type": "organization", "organization_type": "Education", "h_index": 222, "h5_index": 81, "num_publications": 1, "num_citations": 0, "num_publications_5y": 0, "num_citations_5y": 0, "num_publications_10y": 0, "num_citations_10y": 0, "publications_years": {"2019": 1}, "citations_years": {}, "old_citations": {"2019": 0}, "isVisible": false}, "Ghent University": {"name": "Ghent University", "type": "organization", "organization_type": "Education", "h_index": 119, "h5_index": 37, "num_publications": 1, "num_citations": 5, "num_publications_5y": 1, "num_citations_5y": 2, "num_publications_10y": 1, "num_citations_10y": 2, "publications_years": {"2018": 1}, "citations_years": {"2018": 2, "2019": 3}, "old_citations": {"2018": 5}, "isVisible": false}, "Harvard University": {"name": "Harvard University", "type": "organization", "organization_type": "Education", "h_index": 250, "h5_index": 71, "num_publications": 1, "num_citations": 31, "num_publications_5y": 0, "num_citations_5y": 16, "num_publications_10y": 0, "num_citations_10y": 30, "publications_years": {"2008": 1}, "citations_years": {"2009": 2, "2010": 2, "2011": 5, "2012": 3, "2013": 2, "2014": 4, "2015": 4, "2016": 4, "2017": 2, "2018": 2, "2019": 1}, "old_citations": {"2008": 31}, "isVisible": false}, "Intel (United States)": {"name": "Intel (United States)", "type": "organization", "organization_type": "Company", "h_index": 279, "h5_index": 62, "num_publications": 1, "num_citations": 93, "num_publications_5y": 0, "num_citations_5y": 40, "num_publications_10y": 0, "num_citations_10y": 88, "publications_years": {"2008": 1}, "citations_years": {"2008": 1, "2009": 8, "2010": 12, "2011": 12, "2012": 7, "2013": 9, "2014": 6, "2015": 7, "2016": 8, "2017": 9, "2018": 10, "2019": 1, "2020": 3}, "old_citations": {"2008": 93}, "isVisible": false}, "McGill University": {"name": "McGill University", "type": "organization", "organization_type": "Education", "h_index": 142, "h5_index": 47, "num_publications": 1, "num_citations": 105, "num_publications_5y": 0, "num_citations_5y": 52, "num_publications_10y": 0, "num_citations_10y": 90, "publications_years": {"2007": 1}, "citations_years": {"2007": 1, "2008": 3, "2009": 7, "2010": 7, "2011": 3, "2012": 9, "2013": 12, "2014": 16, "2015": 7, "2016": 9, "2017": 8, "2018": 12, "2019": 9, "2020": 2}, "old_citations": {"2007": 105}, "isVisible": false}, "Princeton University": {"name": "Princeton University", "type": "organization", "organization_type": "Education", "h_index": 310, "h5_index": 74, "num_publications": 1, "num_citations": 4, "num_publications_5y": 0, "num_citations_5y": 2, "num_publications_10y": 0, "num_citations_10y": 4, "publications_years": {"2008": 1}, "citations_years": {"2009": 2, "2010": 0, "2011": 0, "2012": 0, "2013": 0, "2014": 1, "2015": 0, "2016": 1}, "old_citations": {"2008": 4}, "isVisible": false}, "University of Haifa": {"name": "University of Haifa", "type": "organization", "organization_type": "Education", "h_index": 75, "h5_index": 17, "num_publications": 1, "num_citations": 28, "num_publications_5y": 0, "num_citations_5y": 8, "num_publications_10y": 0, "num_citations_10y": 27, "publications_years": {"2007": 1}, "citations_years": {"2007": 1, "2008": 0, "2009": 2, "2010": 5, "2011": 2, "2012": 5, "2013": 5, "2014": 2, "2015": 3, "2016": 1, "2017": 2}, "old_citations": {"2007": 28}, "isVisible": false}, "University of Michigan\u2013Ann Arbor": {"name": "University of Michigan\u2013Ann Arbor", "type": "organization", "organization_type": "Education", "h_index": 264, "h5_index": 65, "num_publications": 1, "num_citations": 29, "num_publications_5y": 0, "num_citations_5y": 10, "num_publications_10y": 0, "num_citations_10y": 25, "publications_years": {"2007": 1}, "citations_years": {"2008": 2, "2009": 6, "2010": 4, "2011": 1, "2012": 2, "2013": 2, "2014": 0, "2015": 2, "2016": 2, "2017": 2, "2018": 4, "2019": 1, "2020": 1}, "old_citations": {"2007": 29}, "isVisible": false}, "University of Minnesota": {"name": "University of Minnesota", "type": "organization", "organization_type": "Education", "h_index": 235, "h5_index": 43, "num_publications": 1, "num_citations": 18, "num_publications_5y": 0, "num_citations_5y": 6, "num_publications_10y": 0, "num_citations_10y": 13, "publications_years": {"2007": 1}, "citations_years": {"2007": 2, "2008": 1, "2009": 2, "2010": 1, "2011": 2, "2012": 1, "2013": 1, "2014": 1, "2015": 0, "2016": 4, "2017": 0, "2018": 1, "2019": 2}, "old_citations": {"2007": 18}, "isVisible": false}, "University of Southern California": {"name": "University of Southern California", "type": "organization", "organization_type": "Education", "h_index": 278, "h5_index": 73, "num_publications": 1, "num_citations": 5, "num_publications_5y": 0, "num_citations_5y": 1, "num_publications_10y": 0, "num_citations_10y": 4, "publications_years": {"2007": 1}, "citations_years": {"2008": 1, "2009": 1, "2010": 1, "2011": 1, "2012": 0, "2013": 0, "2014": 0, "2015": 1}, "old_citations": {"2007": 5}, "isVisible": false}, "\u00c9cole Polytechnique F\u00e9d\u00e9rale de Lausanne": {"name": "\u00c9cole Polytechnique F\u00e9d\u00e9rale de Lausanne", "type": "organization", "organization_type": "Facility", "h_index": 216, "h5_index": 61, "num_publications": 1, "num_citations": 7, "num_publications_5y": 0, "num_citations_5y": 0, "num_publications_10y": 0, "num_citations_10y": 0, "publications_years": {"2019": 1}, "citations_years": {"2019": 5, "2020": 2}, "old_citations": {"2019": 7}, "isVisible": false}}, "topics": {"computer science": {"name": "computer science", "type": "topic", "h_index": 1779, "h5_index": 416, "num_publications": 36, "num_citations": 481, "num_publications_5y": 2, "num_citations_5y": 197, "num_publications_10y": 15, "num_citations_10y": 421, "publications_years": {"2007": 9, "2012": 13, "2019": 2, "2008": 10, "2018": 1, "2015": 1}, "citations_years": {"2007": 5, "2008": 21, "2009": 49, "2010": 55, "2011": 42, "2012": 37, "2013": 41, "2014": 41, "2015": 40, "2016": 44, "2017": 34, "2018": 38, "2019": 26, "2020": 8}, "old_citations": {"2007": 255, "2012": 2, "2019": 7, "2008": 212, "2018": 5, "2015": 0}, "isVisible": false}, "computer systems": {"name": "computer systems", "type": "topic", "h_index": 1595, "h5_index": 367, "num_publications": 31, "num_citations": 447, "num_publications_5y": 2, "num_citations_5y": 185, "num_publications_10y": 13, "num_citations_10y": 393, "publications_years": {"2007": 7, "2012": 11, "2019": 2, "2008": 9, "2018": 1, "2015": 1}, "citations_years": {"2007": 5, "2008": 16, "2009": 43, "2010": 50, "2011": 40, "2012": 35, "2013": 40, "2014": 35, "2015": 38, "2016": 41, "2017": 33, "2018": 38, "2019": 25, "2020": 8}, "old_citations": {"2007": 221, "2012": 2, "2019": 7, "2008": 212, "2018": 5, "2015": 0}, "isVisible": false}, "artificial intelligence": {"name": "artificial intelligence", "type": "topic", "h_index": 1421, "h5_index": 373, "num_publications": 22, "num_citations": 405, "num_publications_5y": 1, "num_citations_5y": 177, "num_publications_10y": 7, "num_citations_10y": 350, "publications_years": {"2007": 7, "2019": 2, "2008": 6, "2012": 6, "2018": 1}, "citations_years": {"2007": 4, "2008": 17, "2009": 36, "2010": 40, "2011": 34, "2012": 28, "2013": 35, "2014": 38, "2015": 34, "2016": 40, "2017": 29, "2018": 36, "2019": 26, "2020": 8}, "old_citations": {"2007": 214, "2019": 7, "2008": 179, "2012": 0, "2018": 5}, "isVisible": false}, "computer programming": {"name": "computer programming", "type": "topic", "h_index": 873, "h5_index": 186, "num_publications": 21, "num_citations": 151, "num_publications_5y": 2, "num_citations_5y": 61, "num_publications_10y": 15, "num_citations_10y": 133, "publications_years": {"2007": 2, "2012": 13, "2008": 4, "2018": 1, "2015": 1}, "citations_years": {"2007": 2, "2008": 4, "2009": 16, "2010": 18, "2011": 16, "2012": 10, "2013": 12, "2014": 7, "2015": 9, "2016": 15, "2017": 13, "2018": 17, "2019": 8, "2020": 4}, "old_citations": {"2007": 47, "2012": 2, "2008": 97, "2018": 5, "2015": 0}, "isVisible": false}, "software engineering": {"name": "software engineering", "type": "topic", "h_index": 964, "h5_index": 236, "num_publications": 21, "num_citations": 166, "num_publications_5y": 1, "num_citations_5y": 69, "num_publications_10y": 14, "num_citations_10y": 148, "publications_years": {"2012": 13, "2007": 1, "2019": 1, "2008": 5, "2015": 1}, "citations_years": {"2008": 3, "2009": 16, "2010": 19, "2011": 19, "2012": 12, "2013": 13, "2014": 10, "2015": 13, "2016": 15, "2017": 15, "2018": 16, "2019": 9, "2020": 6}, "old_citations": {"2012": 2, "2007": 29, "2019": 7, "2008": 128, "2015": 0}, "isVisible": false}, "computer programming languages": {"name": "computer programming languages", "type": "topic", "h_index": 746, "h5_index": 154, "num_publications": 19, "num_citations": 122, "num_publications_5y": 2, "num_citations_5y": 51, "num_publications_10y": 15, "num_citations_10y": 108, "publications_years": {"2007": 1, "2012": 13, "2008": 3, "2018": 1, "2015": 1}, "citations_years": {"2007": 2, "2008": 2, "2009": 10, "2010": 14, "2011": 15, "2012": 8, "2013": 10, "2014": 7, "2015": 7, "2016": 13, "2017": 11, "2018": 13, "2019": 7, "2020": 3}, "old_citations": {"2007": 18, "2012": 2, "2008": 97, "2018": 5, "2015": 0}, "isVisible": false}, "object oriented programming": {"name": "object oriented programming", "type": "topic", "h_index": 636, "h5_index": 129, "num_publications": 18, "num_citations": 99, "num_publications_5y": 1, "num_citations_5y": 43, "num_publications_10y": 14, "num_citations_10y": 93, "publications_years": {"2012": 13, "2008": 4, "2015": 1}, "citations_years": {"2016": 9, "2017": 11, "2011": 13, "2010": 13, "2012": 7, "2013": 9, "2014": 6, "2015": 7, "2018": 10, "2019": 2, "2008": 1, "2009": 8, "2020": 3}, "old_citations": {"2012": 2, "2008": 97, "2015": 0}, "isVisible": false}, "computer hardware": {"name": "computer hardware", "type": "topic", "h_index": 1150, "h5_index": 279, "num_publications": 16, "num_citations": 148, "num_publications_5y": 2, "num_citations_5y": 69, "num_publications_10y": 7, "num_citations_10y": 131, "publications_years": {"2007": 4, "2012": 5, "2008": 5, "2018": 1, "2015": 1}, "citations_years": {"2008": 6, "2009": 19, "2010": 11, "2011": 13, "2012": 10, "2013": 9, "2014": 13, "2015": 18, "2016": 17, "2017": 8, "2018": 13, "2019": 9, "2020": 1, "2007": 1}, "old_citations": {"2007": 67, "2012": 1, "2008": 75, "2018": 5, "2015": 0}, "isVisible": false}, "embedded systems": {"name": "embedded systems", "type": "topic", "h_index": 799, "h5_index": 168, "num_publications": 16, "num_citations": 70, "num_publications_5y": 1, "num_citations_5y": 30, "num_publications_10y": 12, "num_citations_10y": 63, "publications_years": {"2007": 2, "2012": 11, "2008": 2, "2015": 1}, "citations_years": {"2008": 3, "2009": 9, "2010": 8, "2011": 7, "2012": 5, "2013": 4, "2014": 4, "2015": 7, "2016": 7, "2017": 6, "2018": 6, "2019": 3, "2020": 1}, "old_citations": {"2007": 34, "2012": 2, "2008": 34, "2015": 0}, "isVisible": false}, "unified modeling language": {"name": "unified modeling language", "type": "topic", "h_index": 182, "h5_index": 23, "num_publications": 16, "num_citations": 6, "num_publications_5y": 1, "num_citations_5y": 3, "num_publications_10y": 14, "num_citations_10y": 5, "publications_years": {"2012": 13, "2008": 2, "2015": 1}, "citations_years": {"2016": 1, "2017": 2, "2011": 1, "2010": 1, "2012": 0, "2013": 0, "2014": 0, "2015": 0, "2018": 0, "2019": 1}, "old_citations": {"2012": 2, "2008": 4, "2015": 0}, "isVisible": false}, "engineering": {"name": "engineering", "type": "topic", "h_index": 1177, "h5_index": 287, "num_publications": 15, "num_citations": 338, "num_publications_5y": 0, "num_citations_5y": 156, "num_publications_10y": 6, "num_citations_10y": 298, "publications_years": {"2007": 4, "2019": 1, "2012": 6, "2008": 4}, "citations_years": {"2008": 9, "2009": 31, "2010": 29, "2011": 26, "2012": 26, "2013": 30, "2014": 34, "2015": 31, "2016": 32, "2017": 26, "2018": 33, "2019": 21, "2020": 8, "2007": 2}, "old_citations": {"2007": 167, "2019": 7, "2012": 1, "2008": 163}, "isVisible": false}, "machine learning": {"name": "machine learning", "type": "topic", "h_index": 1123, "h5_index": 351, "num_publications": 15, "num_citations": 340, "num_publications_5y": 1, "num_citations_5y": 141, "num_publications_10y": 3, "num_citations_10y": 291, "publications_years": {"2007": 6, "2019": 2, "2008": 4, "2012": 2, "2018": 1}, "citations_years": {"2007": 3, "2008": 15, "2009": 32, "2010": 37, "2011": 29, "2012": 23, "2013": 29, "2014": 30, "2015": 24, "2016": 31, "2017": 25, "2018": 31, "2019": 23, "2020": 8}, "old_citations": {"2007": 193, "2019": 7, "2008": 135, "2012": 0, "2018": 5}, "isVisible": false}, "computer networks": {"name": "computer networks", "type": "topic", "h_index": 1262, "h5_index": 332, "num_publications": 14, "num_citations": 280, "num_publications_5y": 0, "num_citations_5y": 113, "num_publications_10y": 1, "num_citations_10y": 233, "publications_years": {"2007": 8, "2019": 1, "2008": 4, "2012": 1}, "citations_years": {"2007": 3, "2008": 19, "2009": 32, "2010": 30, "2011": 19, "2012": 18, "2013": 21, "2014": 31, "2015": 19, "2016": 27, "2017": 17, "2018": 19, "2019": 20, "2020": 5}, "old_citations": {"2007": 227, "2019": 7, "2008": 46, "2012": 0}, "isVisible": false}, "distributed computer systems": {"name": "distributed computer systems", "type": "topic", "h_index": 985, "h5_index": 228, "num_publications": 14, "num_citations": 126, "num_publications_5y": 1, "num_citations_5y": 45, "num_publications_10y": 4, "num_citations_10y": 101, "publications_years": {"2007": 4, "2012": 3, "2019": 1, "2008": 5, "2018": 1}, "citations_years": {"2007": 2, "2008": 9, "2009": 13, "2010": 15, "2011": 15, "2012": 6, "2013": 7, "2014": 10, "2015": 8, "2016": 15, "2017": 7, "2018": 5, "2019": 12, "2020": 2}, "old_citations": {"2007": 59, "2012": 1, "2019": 7, "2008": 54, "2018": 5}, "isVisible": false}, "database systems": {"name": "database systems", "type": "topic", "h_index": 1167, "h5_index": 276, "num_publications": 13, "num_citations": 197, "num_publications_5y": 1, "num_citations_5y": 91, "num_publications_10y": 5, "num_citations_10y": 181, "publications_years": {"2007": 2, "2012": 4, "2008": 6, "2015": 1}, "citations_years": {"2007": 3, "2008": 3, "2009": 15, "2010": 19, "2011": 25, "2012": 15, "2013": 16, "2014": 13, "2015": 22, "2016": 22, "2017": 16, "2018": 18, "2019": 7, "2020": 3}, "old_citations": {"2007": 23, "2012": 2, "2008": 172, "2015": 0}, "isVisible": false}, "mathematics": {"name": "mathematics", "type": "topic", "h_index": 1364, "h5_index": 300, "num_publications": 13, "num_citations": 258, "num_publications_5y": 0, "num_citations_5y": 106, "num_publications_10y": 2, "num_citations_10y": 223, "publications_years": {"2007": 5, "2019": 1, "2008": 5, "2012": 2}, "citations_years": {"2008": 12, "2009": 32, "2010": 26, "2011": 20, "2012": 20, "2013": 19, "2014": 29, "2015": 19, "2016": 22, "2017": 16, "2018": 20, "2019": 17, "2020": 5, "2007": 1}, "old_citations": {"2007": 180, "2019": 7, "2008": 71, "2012": 0}, "isVisible": false}, "requirements engineering": {"name": "requirements engineering", "type": "topic", "h_index": 283, "h5_index": 47, "num_publications": 13, "num_citations": 5, "num_publications_5y": 1, "num_citations_5y": 3, "num_publications_10y": 12, "num_citations_10y": 4, "publications_years": {"2012": 11, "2008": 1, "2015": 1}, "citations_years": {"2016": 1, "2017": 2, "2010": 1, "2011": 0, "2012": 0, "2013": 0, "2014": 0, "2015": 0, "2018": 0, "2019": 1}, "old_citations": {"2012": 2, "2008": 3, "2015": 0}, "isVisible": false}, "software design": {"name": "software design", "type": "topic", "h_index": 907, "h5_index": 227, "num_publications": 13, "num_citations": 165, "num_publications_5y": 1, "num_citations_5y": 68, "num_publications_10y": 6, "num_citations_10y": 147, "publications_years": {"2012": 5, "2007": 1, "2019": 1, "2008": 5, "2015": 1}, "citations_years": {"2008": 3, "2009": 16, "2010": 19, "2011": 19, "2012": 12, "2013": 13, "2014": 10, "2015": 13, "2016": 15, "2017": 14, "2018": 16, "2019": 9, "2020": 6}, "old_citations": {"2012": 1, "2007": 29, "2019": 7, "2008": 128, "2015": 0}, "isVisible": false}, "sysml": {"name": "sysml", "type": "topic", "h_index": 63, "h5_index": 11, "num_publications": 13, "num_citations": 5, "num_publications_5y": 1, "num_citations_5y": 3, "num_publications_10y": 12, "num_citations_10y": 4, "publications_years": {"2012": 11, "2008": 1, "2015": 1}, "citations_years": {"2016": 1, "2017": 2, "2010": 1, "2011": 0, "2012": 0, "2013": 0, "2014": 0, "2015": 0, "2018": 0, "2019": 1}, "old_citations": {"2012": 2, "2008": 3, "2015": 0}, "isVisible": false}, "telecommunication networks": {"name": "telecommunication networks", "type": "topic", "h_index": 1116, "h5_index": 258, "num_publications": 11, "num_citations": 242, "num_publications_5y": 0, "num_citations_5y": 103, "num_publications_10y": 1, "num_citations_10y": 209, "publications_years": {"2007": 5, "2008": 5, "2012": 1}, "citations_years": {"2007": 3, "2008": 13, "2009": 25, "2010": 25, "2011": 18, "2012": 17, "2013": 21, "2014": 26, "2015": 16, "2016": 25, "2017": 17, "2018": 19, "2019": 14, "2020": 3}, "old_citations": {"2007": 188, "2008": 54, "2012": 0}, "isVisible": false}, "computer security": {"name": "computer security", "type": "topic", "h_index": 977, "h5_index": 220, "num_publications": 10, "num_citations": 360, "num_publications_5y": 0, "num_citations_5y": 143, "num_publications_10y": 1, "num_citations_10y": 317, "publications_years": {"2007": 7, "2012": 1, "2008": 2}, "citations_years": {"2007": 4, "2008": 19, "2009": 38, "2010": 47, "2011": 27, "2012": 28, "2013": 34, "2014": 32, "2015": 24, "2016": 31, "2017": 27, "2018": 29, "2019": 14, "2020": 6}, "old_citations": {"2007": 238, "2012": 1, "2008": 121}, "isVisible": false}, "security of data": {"name": "security of data", "type": "topic", "h_index": 883, "h5_index": 199, "num_publications": 9, "num_citations": 359, "num_publications_5y": 0, "num_citations_5y": 142, "num_publications_10y": 0, "num_citations_10y": 316, "publications_years": {"2007": 7, "2008": 2}, "citations_years": {"2007": 4, "2008": 19, "2009": 38, "2010": 47, "2011": 27, "2012": 28, "2013": 34, "2014": 32, "2015": 24, "2016": 31, "2017": 26, "2018": 29, "2019": 14, "2020": 6}, "old_citations": {"2007": 238, "2008": 121}, "isVisible": false}, "telecommunication systems": {"name": "telecommunication systems", "type": "topic", "h_index": 1187, "h5_index": 277, "num_publications": 11, "num_citations": 242, "num_publications_5y": 0, "num_citations_5y": 103, "num_publications_10y": 1, "num_citations_10y": 209, "publications_years": {"2007": 5, "2008": 5, "2012": 1}, "citations_years": {"2007": 3, "2008": 13, "2009": 25, "2010": 25, "2011": 18, "2012": 17, "2013": 21, "2014": 26, "2015": 16, "2016": 25, "2017": 17, "2018": 19, "2019": 14, "2020": 3}, "old_citations": {"2007": 188, "2008": 54, "2012": 0}, "isVisible": false}, "data mining": {"name": "data mining", "type": "topic", "h_index": 861, "h5_index": 196, "num_publications": 8, "num_citations": 241, "num_publications_5y": 0, "num_citations_5y": 96, "num_publications_10y": 0, "num_citations_10y": 216, "publications_years": {"2007": 5, "2008": 3}, "citations_years": {"2007": 4, "2008": 11, "2009": 23, "2010": 32, "2011": 22, "2012": 19, "2013": 24, "2014": 12, "2015": 23, "2016": 23, "2017": 18, "2018": 20, "2019": 6, "2020": 4}, "old_citations": {"2007": 104, "2008": 137}, "isVisible": false}, "computer crime": {"name": "computer crime", "type": "topic", "h_index": 466, "h5_index": 123, "num_publications": 4, "num_citations": 240, "num_publications_5y": 0, "num_citations_5y": 104, "num_publications_10y": 0, "num_citations_10y": 209, "publications_years": {"2007": 3, "2008": 1}, "citations_years": {"2007": 3, "2008": 11, "2009": 19, "2010": 27, "2011": 17, "2012": 17, "2013": 25, "2014": 24, "2015": 14, "2016": 24, "2017": 19, "2018": 23, "2019": 12, "2020": 5}, "old_citations": {"2007": 147, "2008": 93}, "isVisible": false}, "intrusion detection": {"name": "intrusion detection", "type": "topic", "h_index": 388, "h5_index": 98, "num_publications": 4, "num_citations": 240, "num_publications_5y": 0, "num_citations_5y": 104, "num_publications_10y": 0, "num_citations_10y": 209, "publications_years": {"2007": 3, "2008": 1}, "citations_years": {"2007": 3, "2008": 11, "2009": 19, "2010": 27, "2011": 17, "2012": 17, "2013": 25, "2014": 24, "2015": 14, "2016": 24, "2017": 19, "2018": 23, "2019": 12, "2020": 5}, "old_citations": {"2007": 147, "2008": 93}, "isVisible": false}, "signal detection": {"name": "signal detection", "type": "topic", "h_index": 720, "h5_index": 185, "num_publications": 4, "num_citations": 239, "num_publications_5y": 0, "num_citations_5y": 105, "num_publications_10y": 0, "num_citations_10y": 214, "publications_years": {"2007": 3, "2008": 1}, "citations_years": {"2008": 7, "2009": 25, "2010": 24, "2011": 18, "2012": 19, "2013": 23, "2014": 23, "2015": 17, "2016": 20, "2017": 19, "2018": 26, "2019": 11, "2020": 6, "2007": 1}, "old_citations": {"2007": 146, "2008": 93}, "isVisible": false}, "signal processing": {"name": "signal processing", "type": "topic", "h_index": 1012, "h5_index": 255, "num_publications": 4, "num_citations": 239, "num_publications_5y": 0, "num_citations_5y": 105, "num_publications_10y": 0, "num_citations_10y": 214, "publications_years": {"2007": 3, "2008": 1}, "citations_years": {"2008": 7, "2009": 25, "2010": 24, "2011": 18, "2012": 19, "2013": 23, "2014": 23, "2015": 17, "2016": 20, "2017": 19, "2018": 26, "2019": 11, "2020": 6, "2007": 1}, "old_citations": {"2007": 146, "2008": 93}, "isVisible": false}, "bandwidth": {"name": "bandwidth", "type": "topic", "h_index": 922, "h5_index": 201, "num_publications": 10, "num_citations": 234, "num_publications_5y": 0, "num_citations_5y": 100, "num_publications_10y": 1, "num_citations_10y": 201, "publications_years": {"2007": 5, "2008": 4, "2012": 1}, "citations_years": {"2007": 3, "2008": 13, "2009": 25, "2010": 24, "2011": 16, "2012": 16, "2013": 20, "2014": 25, "2015": 16, "2016": 24, "2017": 16, "2018": 19, "2019": 14, "2020": 3}, "old_citations": {"2007": 188, "2008": 46, "2012": 0}, "isVisible": false}, "anomaly detection": {"name": "anomaly detection", "type": "topic", "h_index": 193, "h5_index": 53, "num_publications": 3, "num_citations": 222, "num_publications_5y": 0, "num_citations_5y": 98, "num_publications_10y": 0, "num_citations_10y": 196, "publications_years": {"2007": 2, "2008": 1}, "citations_years": {"2008": 10, "2009": 17, "2010": 26, "2011": 15, "2012": 16, "2013": 24, "2014": 23, "2015": 14, "2016": 20, "2017": 19, "2007": 1, "2018": 22, "2019": 10, "2020": 5}, "old_citations": {"2007": 129, "2008": 93}, "isVisible": false}, "telecommunication traffic": {"name": "telecommunication traffic", "type": "topic", "h_index": 1036, "h5_index": 233, "num_publications": 10, "num_citations": 218, "num_publications_5y": 0, "num_citations_5y": 97, "num_publications_10y": 1, "num_citations_10y": 191, "publications_years": {"2007": 4, "2008": 5, "2012": 1}, "citations_years": {"2007": 3, "2008": 7, "2009": 23, "2010": 18, "2011": 18, "2012": 17, "2013": 18, "2014": 25, "2015": 16, "2016": 22, "2017": 15, "2018": 19, "2019": 14, "2020": 3}, "old_citations": {"2007": 164, "2008": 54, "2012": 0}, "isVisible": false}, "anomalous behavior": {"name": "anomalous behavior", "type": "topic", "h_index": 130, "h5_index": 37, "num_publications": 2, "num_citations": 198, "num_publications_5y": 0, "num_citations_5y": 92, "num_publications_10y": 0, "num_citations_10y": 178, "publications_years": {"2007": 1, "2008": 1}, "citations_years": {"2007": 1, "2008": 4, "2009": 15, "2010": 19, "2011": 15, "2012": 16, "2013": 21, "2014": 22, "2015": 14, "2016": 17, "2017": 17, "2018": 22, "2019": 10, "2020": 5}, "old_citations": {"2007": 105, "2008": 93}, "isVisible": false}, "software architecture": {"name": "software architecture", "type": "topic", "h_index": 821, "h5_index": 210, "num_publications": 9, "num_citations": 97, "num_publications_5y": 1, "num_citations_5y": 42, "num_publications_10y": 6, "num_citations_10y": 91, "publications_years": {"2012": 5, "2008": 3, "2015": 1}, "citations_years": {"2016": 9, "2010": 13, "2011": 12, "2012": 7, "2013": 9, "2014": 6, "2015": 7, "2017": 10, "2018": 10, "2019": 2, "2008": 1, "2009": 8, "2020": 3}, "old_citations": {"2012": 1, "2008": 96, "2015": 0}, "isVisible": false}, "linguistics": {"name": "linguistics", "type": "topic", "h_index": 867, "h5_index": 206, "num_publications": 9, "num_citations": 139, "num_publications_5y": 2, "num_citations_5y": 65, "num_publications_10y": 5, "num_citations_10y": 127, "publications_years": {"2012": 3, "2008": 4, "2018": 1, "2015": 1}, "citations_years": {"2016": 14, "2011": 14, "2018": 17, "2019": 7, "2007": 1, "2008": 1, "2009": 10, "2010": 14, "2012": 11, "2013": 13, "2014": 7, "2015": 15, "2017": 12, "2020": 3}, "old_citations": {"2012": 1, "2008": 133, "2018": 5, "2015": 0}, "isVisible": false}, "computational linguistics": {"name": "computational linguistics", "type": "topic", "h_index": 668, "h5_index": 175, "num_publications": 8, "num_citations": 134, "num_publications_5y": 1, "num_citations_5y": 63, "num_publications_10y": 4, "num_citations_10y": 125, "publications_years": {"2012": 3, "2008": 4, "2015": 1}, "citations_years": {"2016": 14, "2011": 14, "2007": 1, "2008": 1, "2009": 10, "2010": 14, "2012": 11, "2013": 13, "2014": 7, "2015": 15, "2017": 12, "2018": 15, "2019": 4, "2020": 3}, "old_citations": {"2012": 1, "2008": 133, "2015": 0}, "isVisible": false}, "automation": {"name": "automation", "type": "topic", "h_index": 579, "h5_index": 144, "num_publications": 2, "num_citations": 8, "num_publications_5y": 0, "num_citations_5y": 1, "num_publications_10y": 1, "num_citations_10y": 1, "publications_years": {"2019": 1, "2012": 1}, "citations_years": {"2019": 5, "2020": 2, "2017": 1}, "old_citations": {"2019": 7, "2012": 1}, "isVisible": false}, "adaptive control systems": {"name": "adaptive control systems", "type": "topic", "h_index": 496, "h5_index": 131, "num_publications": 1, "num_citations": 7, "num_publications_5y": 0, "num_citations_5y": 0, "num_publications_10y": 0, "num_citations_10y": 0, "publications_years": {"2019": 1}, "citations_years": {"2019": 5, "2020": 2}, "old_citations": {"2019": 7}, "isVisible": false}, "byzantine failures": {"name": "byzantine failures", "type": "topic", "h_index": 75, "h5_index": 21, "num_publications": 1, "num_citations": 7, "num_publications_5y": 0, "num_citations_5y": 0, "num_publications_10y": 0, "num_citations_10y": 0, "publications_years": {"2019": 1}, "citations_years": {"2019": 5, "2020": 2}, "old_citations": {"2019": 7}, "isVisible": false}, "byzantine fault": {"name": "byzantine fault", "type": "topic", "h_index": 88, "h5_index": 30, "num_publications": 1, "num_citations": 7, "num_publications_5y": 0, "num_citations_5y": 0, "num_publications_10y": 0, "num_citations_10y": 0, "publications_years": {"2019": 1}, "citations_years": {"2019": 5, "2020": 2}, "old_citations": {"2019": 7}, "isVisible": false}, "fault tolerance": {"name": "fault tolerance", "type": "topic", "h_index": 291, "h5_index": 60, "num_publications": 2, "num_citations": 38, "num_publications_5y": 0, "num_citations_5y": 16, "num_publications_10y": 0, "num_citations_10y": 30, "publications_years": {"2019": 1, "2008": 1}, "citations_years": {"2019": 6, "2020": 2, "2009": 2, "2010": 2, "2011": 5, "2012": 3, "2013": 2, "2014": 4, "2015": 4, "2016": 4, "2017": 2, "2018": 2}, "old_citations": {"2019": 7, "2008": 31}, "isVisible": false}, "fault tolerant computer systems": {"name": "fault tolerant computer systems", "type": "topic", "h_index": 371, "h5_index": 76, "num_publications": 2, "num_citations": 38, "num_publications_5y": 0, "num_citations_5y": 16, "num_publications_10y": 0, "num_citations_10y": 30, "publications_years": {"2019": 1, "2008": 1}, "citations_years": {"2019": 6, "2020": 2, "2009": 2, "2010": 2, "2011": 5, "2012": 3, "2013": 2, "2014": 4, "2015": 4, "2016": 4, "2017": 2, "2018": 2}, "old_citations": {"2019": 7, "2008": 31}, "isVisible": false}, "linear matrix inequalities": {"name": "linear matrix inequalities", "type": "topic", "h_index": 571, "h5_index": 144, "num_publications": 2, "num_citations": 28, "num_publications_5y": 0, "num_citations_5y": 12, "num_publications_10y": 0, "num_citations_10y": 18, "publications_years": {"2019": 1, "2007": 1}, "citations_years": {"2019": 6, "2020": 2, "2008": 2, "2009": 2, "2010": 1, "2011": 2, "2012": 0, "2013": 1, "2014": 6, "2015": 2, "2016": 3, "2017": 1, "2018": 0}, "old_citations": {"2019": 7, "2007": 21}, "isVisible": false}, "matrix algebra": {"name": "matrix algebra", "type": "topic", "h_index": 771, "h5_index": 183, "num_publications": 2, "num_citations": 28, "num_publications_5y": 0, "num_citations_5y": 12, "num_publications_10y": 0, "num_citations_10y": 18, "publications_years": {"2019": 1, "2007": 1}, "citations_years": {"2019": 6, "2020": 2, "2008": 2, "2009": 2, "2010": 1, "2011": 2, "2012": 0, "2013": 1, "2014": 6, "2015": 2, "2016": 3, "2017": 1, "2018": 0}, "old_citations": {"2019": 7, "2007": 21}, "isVisible": false}, "online learning": {"name": "online learning", "type": "topic", "h_index": 325, "h5_index": 108, "num_publications": 3, "num_citations": 9, "num_publications_5y": 1, "num_citations_5y": 4, "num_publications_10y": 1, "num_citations_10y": 6, "publications_years": {"2008": 1, "2019": 1, "2018": 1}, "citations_years": {"2009": 2, "2010": 0, "2011": 0, "2012": 0, "2013": 0, "2014": 1, "2015": 0, "2016": 1, "2018": 2, "2019": 3}, "old_citations": {"2008": 4, "2019": 0, "2018": 5}, "isVisible": false}, "online systems": {"name": "online systems", "type": "topic", "h_index": 535, "h5_index": 136, "num_publications": 3, "num_citations": 9, "num_publications_5y": 1, "num_citations_5y": 4, "num_publications_10y": 1, "num_citations_10y": 6, "publications_years": {"2008": 1, "2019": 1, "2018": 1}, "citations_years": {"2009": 2, "2010": 0, "2011": 0, "2012": 0, "2013": 0, "2014": 1, "2015": 0, "2016": 1, "2018": 2, "2019": 3}, "old_citations": {"2008": 4, "2019": 0, "2018": 5}, "isVisible": false}, "supervised machine learning": {"name": "supervised machine learning", "type": "topic", "h_index": 106, "h5_index": 42, "num_publications": 2, "num_citations": 5, "num_publications_5y": 1, "num_citations_5y": 2, "num_publications_10y": 1, "num_citations_10y": 2, "publications_years": {"2019": 1, "2018": 1}, "citations_years": {"2018": 2, "2019": 3}, "old_citations": {"2019": 0, "2018": 5}, "isVisible": false}, "distributed systems": {"name": "distributed systems", "type": "topic", "h_index": 859, "h5_index": 209, "num_publications": 9, "num_citations": 44, "num_publications_5y": 1, "num_citations_5y": 16, "num_publications_10y": 4, "num_citations_10y": 34, "publications_years": {"2007": 2, "2012": 3, "2008": 3, "2018": 1}, "citations_years": {"2007": 2, "2008": 2, "2009": 5, "2010": 4, "2011": 5, "2012": 2, "2013": 2, "2014": 3, "2015": 1, "2016": 7, "2017": 2, "2018": 3, "2019": 6}, "old_citations": {"2007": 23, "2012": 1, "2008": 15, "2018": 5}, "isVisible": false}, "process control": {"name": "process control", "type": "topic", "h_index": 538, "h5_index": 133, "num_publications": 1, "num_citations": 7, "num_publications_5y": 0, "num_citations_5y": 0, "num_publications_10y": 0, "num_citations_10y": 0, "publications_years": {"2019": 1}, "citations_years": {"2019": 5, "2020": 2}, "old_citations": {"2019": 7}, "isVisible": false}, "robust control": {"name": "robust control", "type": "topic", "h_index": 209, "h5_index": 70, "num_publications": 1, "num_citations": 7, "num_publications_5y": 0, "num_citations_5y": 0, "num_publications_10y": 0, "num_citations_10y": 0, "publications_years": {"2019": 1}, "citations_years": {"2019": 5, "2020": 2}, "old_citations": {"2019": 7}, "isVisible": false}, "robust performance": {"name": "robust performance", "type": "topic", "h_index": 149, "h5_index": 48, "num_publications": 1, "num_citations": 7, "num_publications_5y": 0, "num_citations_5y": 0, "num_publications_10y": 0, "num_citations_10y": 0, "publications_years": {"2019": 1}, "citations_years": {"2019": 5, "2020": 2}, "old_citations": {"2019": 7}, "isVisible": false}}, "authors": {"2088426601": {"name": "sanford friedenthal", "type": "author", "activity": 8, "h_index": 2, "h5_index": 0, "mag_id": "2088426601", "num_publications": 14, "num_citations": 2, "num_publications_5y": 1, "num_citations_5y": 2, "num_publications_10y": 14, "num_citations_10y": 2, "publications_years": {"2012": 13, "2015": 1}, "citations_years": {"2016": 1, "2017": 1}, "old_citations": {"2012": 2, "2015": 0}, "isVisible": true}, "2156289000": {"name": "alan moore", "type": "author", "activity": 8, "h_index": 2, "h5_index": 0, "mag_id": "2156289000", "num_publications": 14, "num_citations": 2, "num_publications_5y": 1, "num_citations_5y": 2, "num_publications_10y": 14, "num_citations_10y": 2, "publications_years": {"2012": 13, "2015": 1}, "citations_years": {"2016": 1, "2017": 1}, "old_citations": {"2012": 2, "2015": 0}, "isVisible": true}, "2568238774": {"name": "tim weilkiens", "type": "author", "activity": 1, "h_index": 2, "h5_index": 0, "mag_id": "2568238774", "num_publications": 4, "num_citations": 40, "num_publications_5y": 0, "num_citations_5y": 22, "num_publications_10y": 0, "num_citations_10y": 36, "publications_years": {"2008": 4}, "citations_years": {"2011": 2, "2007": 1, "2008": 0, "2009": 2, "2010": 2, "2012": 4, "2013": 4, "2014": 1, "2015": 8, "2016": 5, "2017": 3, "2018": 5, "2019": 3}, "old_citations": {"2008": 40}, "isVisible": false}, "2101562218": {"name": "rick steiner", "type": "author", "activity": 8, "h_index": 2, "h5_index": 0, "mag_id": "2101562218", "num_publications": 2, "num_citations": 0, "num_publications_5y": 1, "num_citations_5y": 0, "num_publications_10y": 2, "num_citations_10y": 0, "publications_years": {"2012": 1, "2015": 1}, "citations_years": {}, "old_citations": {"2012": 0, "2015": 0}, "isVisible": false}, "2264216759": {"name": "armando fox", "type": "author", "activity": 29, "h_index": 54, "h5_index": 4, "mag_id": "2264216759", "num_publications": 2, "num_citations": 121, "num_publications_5y": 0, "num_citations_5y": 48, "num_publications_10y": 0, "num_citations_10y": 115, "publications_years": {"2008": 2}, "citations_years": {"2008": 2, "2009": 13, "2010": 18, "2011": 17, "2012": 9, "2013": 10, "2014": 6, "2015": 10, "2016": 9, "2017": 11, "2018": 12, "2019": 1, "2020": 3}, "old_citations": {"2008": 121}, "isVisible": false}, "2336488114": {"name": "robert beverly", "type": "author", "activity": 19, "h_index": 17, "h5_index": 6, "mag_id": "2336488114", "num_publications": 2, "num_citations": 20, "num_publications_5y": 0, "num_citations_5y": 7, "num_publications_10y": 0, "num_citations_10y": 19, "publications_years": {"2008": 1, "2007": 1}, "citations_years": {"2010": 2, "2011": 5, "2012": 1, "2013": 0, "2014": 2, "2015": 3, "2016": 1, "2017": 1, "2008": 1, "2009": 4}, "old_citations": {"2008": 8, "2007": 12}, "isVisible": false}, "2435751034": {"name": "michael i jordan", "type": "author", "activity": 31, "h_index": 99, "h5_index": 23, "mag_id": "2435751034", "num_publications": 2, "num_citations": 101, "num_publications_5y": 0, "num_citations_5y": 43, "num_publications_10y": 0, "num_citations_10y": 96, "publications_years": {"2008": 2}, "citations_years": {"2010": 13, "2011": 14, "2012": 8, "2013": 10, "2014": 7, "2015": 7, "2016": 9, "2017": 10, "2008": 1, "2009": 8, "2018": 10, "2019": 1, "2020": 3}, "old_citations": {"2008": 101}, "isVisible": false}, "115057321": {"name": "rachid guerraoui", "type": "author", "activity": 29, "h_index": 56, "h5_index": 13, "mag_id": "115057321", "num_publications": 1, "num_citations": 7, "num_publications_5y": 0, "num_citations_5y": 0, "num_publications_10y": 0, "num_citations_10y": 0, "publications_years": {"2019": 1}, "citations_years": {"2019": 5, "2020": 2}, "old_citations": {"2019": 7}, "isVisible": false}, "121356807": {"name": "peter bodik", "type": "author", "activity": 16, "h_index": 21, "h5_index": 8, "mag_id": "121356807", "num_publications": 1, "num_citations": 28, "num_publications_5y": 0, "num_citations_5y": 8, "num_publications_10y": 0, "num_citations_10y": 27, "publications_years": {"2008": 1}, "citations_years": {"2008": 1, "2009": 5, "2010": 6, "2011": 5, "2012": 2, "2013": 1, "2014": 0, "2015": 3, "2016": 1, "2017": 2, "2018": 2}, "old_citations": {"2008": 28}, "isVisible": false}, "205587521": {"name": "elad yomtov", "type": "author", "activity": 19, "h_index": 23, "h5_index": 3, "mag_id": "205587521", "num_publications": 1, "num_citations": 28, "num_publications_5y": 0, "num_citations_5y": 8, "num_publications_10y": 0, "num_citations_10y": 27, "publications_years": {"2007": 1}, "citations_years": {"2007": 1, "2008": 0, "2009": 2, "2010": 5, "2011": 2, "2012": 5, "2013": 5, "2014": 2, "2015": 3, "2016": 1, "2017": 2}, "old_citations": {"2007": 28}, "isVisible": false}, "219196590": {"name": "gretchen loihle", "type": "author", "activity": 7, "h_index": 5, "h5_index": 0, "mag_id": "219196590", "num_publications": 1, "num_citations": 31, "num_publications_5y": 0, "num_citations_5y": 16, "num_publications_10y": 0, "num_citations_10y": 30, "publications_years": {"2008": 1}, "citations_years": {"2009": 2, "2010": 2, "2011": 5, "2012": 3, "2013": 2, "2014": 4, "2015": 4, "2016": 4, "2017": 2, "2018": 2, "2019": 1}, "old_citations": {"2008": 31}, "isVisible": false}, "278177626": {"name": "robert e schapire", "type": "author", "activity": 30, "h_index": 49, "h5_index": 8, "mag_id": "278177626", "num_publications": 1, "num_citations": 4, "num_publications_5y": 0, "num_citations_5y": 2, "num_publications_10y": 0, "num_citations_10y": 4, "publications_years": {"2008": 1}, "citations_years": {"2009": 2, "2010": 0, "2011": 0, "2012": 0, "2013": 0, "2014": 1, "2015": 0, "2016": 1}, "old_citations": {"2008": 4}, "isVisible": false}, "347515944": {"name": "karen r sollins", "type": "author", "activity": 28, "h_index": 15, "h5_index": 1, "mag_id": "347515944", "num_publications": 1, "num_citations": 8, "num_publications_5y": 0, "num_citations_5y": 4, "num_publications_10y": 0, "num_citations_10y": 8, "publications_years": {"2008": 1}, "citations_years": {"2010": 1, "2011": 3, "2012": 0, "2013": 0, "2014": 1, "2015": 2, "2016": 0, "2017": 1}, "old_citations": {"2008": 8}, "isVisible": false}, "695485773": {"name": "martin szummer", "type": "author", "activity": 25, "h_index": 24, "h5_index": 1, "mag_id": "695485773", "num_publications": 1, "num_citations": 29, "num_publications_5y": 0, "num_citations_5y": 10, "num_publications_10y": 0, "num_citations_10y": 25, "publications_years": {"2007": 1}, "citations_years": {"2008": 2, "2009": 6, "2010": 4, "2011": 1, "2012": 2, "2013": 2, "2014": 0, "2015": 2, "2016": 2, "2017": 2, "2018": 4, "2019": 1, "2020": 1}, "old_citations": {"2007": 29}, "isVisible": false}, "1294330762": {"name": "ralf herbrich", "type": "author", "activity": 22, "h_index": 32, "h5_index": 2, "mag_id": "1294330762", "num_publications": 1, "num_citations": 21, "num_publications_5y": 0, "num_citations_5y": 12, "num_publications_10y": 0, "num_citations_10y": 18, "publications_years": {"2007": 1}, "citations_years": {"2008": 2, "2009": 2, "2010": 1, "2011": 2, "2012": 0, "2013": 1, "2014": 6, "2015": 2, "2016": 3, "2017": 1, "2018": 0, "2019": 1}, "old_citations": {"2007": 21}, "isVisible": false}, "1501594113": {"name": "boris n oreshkin", "type": "author", "activity": 11, "h_index": 8, "h5_index": 1, "mag_id": "1501594113", "num_publications": 1, "num_citations": 105, "num_publications_5y": 0, "num_citations_5y": 52, "num_publications_10y": 0, "num_citations_10y": 90, "publications_years": {"2007": 1}, "citations_years": {"2007": 1, "2008": 3, "2009": 7, "2010": 7, "2011": 3, "2012": 9, "2013": 12, "2014": 16, "2015": 7, "2016": 9, "2017": 8, "2018": 12, "2019": 9, "2020": 2}, "old_citations": {"2007": 105}, "isVisible": false}, "1950743586": {"name": "kevin bartz", "type": "author", "activity": 2, "h_index": 3, "h5_index": 0, "mag_id": "1950743586", "num_publications": 1, "num_citations": 31, "num_publications_5y": 0, "num_citations_5y": 16, "num_publications_10y": 0, "num_citations_10y": 30, "publications_years": {"2008": 1}, "citations_years": {"2009": 2, "2010": 2, "2011": 5, "2012": 3, "2013": 2, "2014": 4, "2015": 4, "2016": 4, "2017": 2, "2018": 2, "2019": 1}, "old_citations": {"2008": 31}, "isVisible": false}, "1975846344": {"name": "kevin schawinski", "type": "author", "activity": 13, "h_index": 1, "h5_index": 0, "mag_id": "1975846344", "num_publications": 1, "num_citations": 0, "num_publications_5y": 0, "num_citations_5y": 0, "num_publications_10y": 0, "num_citations_10y": 0, "publications_years": {"2019": 1}, "citations_years": {}, "old_citations": {"2019": 0}, "isVisible": false}, "1998722161": {"name": "jennifer rexford", "type": "author", "activity": 31, "h_index": 87, "h5_index": 17, "mag_id": "1998722161", "num_publications": 1, "num_citations": 4, "num_publications_5y": 0, "num_citations_5y": 2, "num_publications_10y": 0, "num_citations_10y": 4, "publications_years": {"2008": 1}, "citations_years": {"2009": 2, "2010": 0, "2011": 0, "2012": 0, "2013": 0, "2014": 1, "2015": 0, "2016": 1}, "old_citations": {"2008": 4}, "isVisible": false}, "2032008572": {"name": "thore graepel", "type": "author", "activity": 24, "h_index": 37, "h5_index": 15, "mag_id": "2032008572", "num_publications": 1, "num_citations": 21, "num_publications_5y": 0, "num_citations_5y": 12, "num_publications_10y": 0, "num_citations_10y": 18, "publications_years": {"2007": 1}, "citations_years": {"2008": 2, "2009": 2, "2010": 1, "2011": 2, "2012": 0, "2013": 1, "2014": 6, "2015": 2, "2016": 3, "2017": 1, "2018": 0, "2019": 1}, "old_citations": {"2007": 21}, "isVisible": false}, "2059167742": {"name": "silviu c calinoiu", "type": "author", "activity": 6, "h_index": 5, "h5_index": 0, "mag_id": "2059167742", "num_publications": 1, "num_citations": 31, "num_publications_5y": 0, "num_citations_5y": 16, "num_publications_10y": 0, "num_citations_10y": 30, "publications_years": {"2008": 1}, "citations_years": {"2009": 2, "2010": 2, "2011": 5, "2012": 3, "2013": 2, "2014": 4, "2015": 4, "2016": 4, "2017": 2, "2018": 2, "2019": 1}, "old_citations": {"2008": 31}, "isVisible": false}, "2062571605": {"name": "soila pertet", "type": "author", "activity": 10, "h_index": 6, "h5_index": 0, "mag_id": "2062571605", "num_publications": 1, "num_citations": 24, "num_publications_5y": 0, "num_citations_5y": 6, "num_publications_10y": 0, "num_citations_10y": 18, "publications_years": {"2007": 1}, "citations_years": {"2008": 6, "2009": 2, "2010": 7, "2011": 0, "2012": 0, "2013": 3, "2014": 1, "2015": 0, "2016": 3, "2017": 2}, "old_citations": {"2007": 24}, "isVisible": false}, "2068743031": {"name": "ramani r routray", "type": "author", "activity": 15, "h_index": 12, "h5_index": 3, "mag_id": "2068743031", "num_publications": 1, "num_citations": 5, "num_publications_5y": 0, "num_citations_5y": 1, "num_publications_10y": 0, "num_citations_10y": 4, "publications_years": {"2007": 1}, "citations_years": {"2008": 1, "2009": 1, "2010": 1, "2011": 1, "2012": 0, "2013": 0, "2014": 0, "2015": 1}, "old_citations": {"2007": 5}, "isVisible": false}, "2082563121": {"name": "james mickens", "type": "author", "activity": 16, "h_index": 21, "h5_index": 4, "mag_id": "2082563121", "num_publications": 1, "num_citations": 29, "num_publications_5y": 0, "num_citations_5y": 10, "num_publications_10y": 0, "num_citations_10y": 25, "publications_years": {"2007": 1}, "citations_years": {"2008": 2, "2009": 6, "2010": 4, "2011": 1, "2012": 2, "2013": 2, "2014": 0, "2015": 2, "2016": 2, "2017": 2, "2018": 4, "2019": 1, "2020": 1}, "old_citations": {"2007": 29}, "isVisible": false}, "2087510333": {"name": "mark coates", "type": "author", "activity": 23, "h_index": 30, "h5_index": 5, "mag_id": "2087510333", "num_publications": 1, "num_citations": 105, "num_publications_5y": 0, "num_citations_5y": 52, "num_publications_10y": 0, "num_citations_10y": 90, "publications_years": {"2007": 1}, "citations_years": {"2007": 1, "2008": 3, "2009": 7, "2010": 7, "2011": 3, "2012": 9, "2013": 12, "2014": 16, "2015": 7, "2016": 9, "2017": 8, "2018": 12, "2019": 9, "2020": 2}, "old_citations": {"2007": 105}, "isVisible": false}, "2092659949": {"name": "arsany guirguis", "type": "author", "activity": 6, "h_index": 4, "h5_index": 3, "mag_id": "2092659949", "num_publications": 1, "num_citations": 7, "num_publications_5y": 0, "num_citations_5y": 0, "num_publications_10y": 0, "num_citations_10y": 0, "publications_years": {"2019": 1}, "citations_years": {"2019": 5, "2020": 2}, "old_citations": {"2019": 7}, "isVisible": false}, "2098984663": {"name": "david a patterson", "type": "author", "activity": 31, "h_index": 69, "h5_index": 14, "mag_id": "2098984663", "num_publications": 1, "num_citations": 93, "num_publications_5y": 0, "num_citations_5y": 40, "num_publications_10y": 0, "num_citations_10y": 88, "publications_years": {"2008": 1}, "citations_years": {"2008": 1, "2009": 8, "2010": 12, "2011": 12, "2012": 7, "2013": 9, "2014": 6, "2015": 7, "2016": 8, "2017": 9, "2018": 10, "2019": 1, "2020": 3}, "old_citations": {"2008": 93}, "isVisible": false}, "2101782583": {"name": "john dunagan", "type": "author", "activity": 17, "h_index": 28, "h5_index": 0, "mag_id": "2101782583", "num_publications": 1, "num_citations": 13, "num_publications_5y": 0, "num_citations_5y": 0, "num_publications_10y": 0, "num_citations_10y": 10, "publications_years": {"2007": 1}, "citations_years": {"2008": 3, "2009": 4, "2010": 4, "2011": 0, "2012": 2}, "old_citations": {"2007": 13}, "isVisible": false}, "2105039803": {"name": "gyorgy j simon", "type": "author", "activity": 15, "h_index": 8, "h5_index": 4, "mag_id": "2105039803", "num_publications": 1, "num_citations": 18, "num_publications_5y": 0, "num_citations_5y": 6, "num_publications_10y": 0, "num_citations_10y": 13, "publications_years": {"2007": 1}, "citations_years": {"2007": 2, "2008": 1, "2009": 2, "2010": 1, "2011": 2, "2012": 1, "2013": 1, "2014": 1, "2015": 0, "2016": 4, "2017": 0, "2018": 1, "2019": 2}, "old_citations": {"2007": 18}, "isVisible": false}, "2113165487": {"name": "rajeev gandhi", "type": "author", "activity": 21, "h_index": 19, "h5_index": 3, "mag_id": "2113165487", "num_publications": 1, "num_citations": 24, "num_publications_5y": 0, "num_citations_5y": 6, "num_publications_10y": 0, "num_citations_10y": 18, "publications_years": {"2007": 1}, "citations_years": {"2008": 6, "2009": 2, "2010": 7, "2011": 0, "2012": 0, "2013": 3, "2014": 1, "2015": 0, "2016": 3, "2017": 2}, "old_citations": {"2007": 24}, "isVisible": false}, "2113665458": {"name": "charles sutton", "type": "author", "activity": 19, "h_index": 32, "h5_index": 12, "mag_id": "2113665458", "num_publications": 1, "num_citations": 8, "num_publications_5y": 0, "num_citations_5y": 3, "num_publications_10y": 0, "num_citations_10y": 8, "publications_years": {"2008": 1}, "citations_years": {"2010": 1, "2011": 2, "2012": 1, "2013": 1, "2014": 1, "2015": 0, "2016": 1, "2017": 1}, "old_citations": {"2008": 8}, "isVisible": false}, "2115036783": {"name": "greg smith", "type": "author", "activity": 15, "h_index": 24, "h5_index": 1, "mag_id": "2115036783", "num_publications": 1, "num_citations": 13, "num_publications_5y": 0, "num_citations_5y": 0, "num_publications_10y": 0, "num_citations_10y": 10, "publications_years": {"2007": 1}, "citations_years": {"2008": 3, "2009": 4, "2010": 4, "2011": 0, "2012": 2}, "old_citations": {"2007": 13}, "isVisible": false}, "2116698004": {"name": "john platt", "type": "author", "activity": 30, "h_index": 59, "h5_index": 5, "mag_id": "2116698004", "num_publications": 1, "num_citations": 31, "num_publications_5y": 0, "num_citations_5y": 16, "num_publications_10y": 0, "num_citations_10y": 30, "publications_years": {"2008": 1}, "citations_years": {"2009": 2, "2010": 2, "2011": 5, "2012": 3, "2013": 2, "2014": 4, "2015": 4, "2016": 4, "2017": 2, "2018": 2, "2019": 1}, "old_citations": {"2008": 31}, "isVisible": false}, "2116957919": {"name": "sumit basu", "type": "author", "activity": 23, "h_index": 27, "h5_index": 2, "mag_id": "2116957919", "num_publications": 1, "num_citations": 13, "num_publications_5y": 0, "num_citations_5y": 0, "num_publications_10y": 0, "num_citations_10y": 10, "publications_years": {"2007": 1}, "citations_years": {"2008": 3, "2009": 4, "2010": 4, "2011": 0, "2012": 2}, "old_citations": {"2007": 13}, "isVisible": false}, "2127790627": {"name": "kiyoung yang", "type": "author", "activity": 3, "h_index": 8, "h5_index": 0, "mag_id": "2127790627", "num_publications": 1, "num_citations": 5, "num_publications_5y": 0, "num_citations_5y": 1, "num_publications_10y": 0, "num_citations_10y": 4, "publications_years": {"2007": 1}, "citations_years": {"2008": 1, "2009": 1, "2010": 1, "2011": 1, "2012": 0, "2013": 0, "2014": 0, "2015": 1}, "old_citations": {"2007": 5}, "isVisible": false}, "2129519059": {"name": "chunghao tan", "type": "author", "activity": 15, "h_index": 9, "h5_index": 1, "mag_id": "2129519059", "num_publications": 1, "num_citations": 5, "num_publications_5y": 0, "num_citations_5y": 1, "num_publications_10y": 0, "num_citations_10y": 4, "publications_years": {"2007": 1}, "citations_years": {"2008": 1, "2009": 1, "2010": 1, "2011": 1, "2012": 0, "2013": 0, "2014": 0, "2015": 1}, "old_citations": {"2007": 5}, "isVisible": false}, "2129867074": {"name": "saharon rosset", "type": "author", "activity": 23, "h_index": 23, "h5_index": 5, "mag_id": "2129867074", "num_publications": 1, "num_citations": 28, "num_publications_5y": 0, "num_citations_5y": 8, "num_publications_10y": 0, "num_citations_10y": 27, "publications_years": {"2007": 1}, "citations_years": {"2007": 1, "2008": 0, "2009": 2, "2010": 5, "2011": 2, "2012": 5, "2013": 5, "2014": 2, "2015": 3, "2016": 1, "2017": 2}, "old_citations": {"2007": 28}, "isVisible": false}, "2134968289": {"name": "prasenjit sarkar", "type": "author", "activity": 21, "h_index": 21, "h5_index": 1, "mag_id": "2134968289", "num_publications": 1, "num_citations": 5, "num_publications_5y": 0, "num_citations_5y": 1, "num_publications_10y": 0, "num_citations_10y": 4, "publications_years": {"2007": 1}, "citations_years": {"2008": 1, "2009": 1, "2010": 1, "2011": 1, "2012": 0, "2013": 0, "2014": 0, "2015": 1}, "old_citations": {"2007": 5}, "isVisible": false}, "2136491944": {"name": "kuai xu", "type": "author", "activity": 17, "h_index": 18, "h5_index": 3, "mag_id": "2136491944", "num_publications": 1, "num_citations": 18, "num_publications_5y": 0, "num_citations_5y": 6, "num_publications_10y": 0, "num_citations_10y": 13, "publications_years": {"2007": 1}, "citations_years": {"2007": 2, "2008": 1, "2009": 2, "2010": 1, "2011": 2, "2012": 1, "2013": 1, "2014": 1, "2015": 0, "2016": 4, "2017": 0, "2018": 1, "2019": 2}, "old_citations": {"2007": 18}, "isVisible": false}, "2137354378": {"name": "dushyanth narayanan", "type": "author", "activity": 23, "h_index": 23, "h5_index": 4, "mag_id": "2137354378", "num_publications": 1, "num_citations": 29, "num_publications_5y": 0, "num_citations_5y": 10, "num_publications_10y": 0, "num_citations_10y": 25, "publications_years": {"2007": 1}, "citations_years": {"2008": 2, "2009": 6, "2010": 4, "2011": 1, "2012": 2, "2013": 2, "2014": 0, "2015": 2, "2016": 2, "2017": 2, "2018": 4, "2019": 1, "2020": 1}, "old_citations": {"2007": 29}, "isVisible": false}, "2137683798": {"name": "brendan murphy", "type": "author", "activity": 21, "h_index": 23, "h5_index": 3, "mag_id": "2137683798", "num_publications": 1, "num_citations": 21, "num_publications_5y": 0, "num_citations_5y": 12, "num_publications_10y": 0, "num_citations_10y": 18, "publications_years": {"2007": 1}, "citations_years": {"2008": 2, "2009": 2, "2010": 1, "2011": 2, "2012": 0, "2013": 1, "2014": 6, "2015": 2, "2016": 3, "2017": 1, "2018": 0, "2019": 1}, "old_citations": {"2007": 21}, "isVisible": false}, "2152988326": {"name": "david grant", "type": "author", "activity": 5, "h_index": 6, "h5_index": 0, "mag_id": "2152988326", "num_publications": 1, "num_citations": 31, "num_publications_5y": 0, "num_citations_5y": 16, "num_publications_10y": 0, "num_citations_10y": 30, "publications_years": {"2008": 1}, "citations_years": {"2009": 2, "2010": 2, "2011": 5, "2012": 3, "2013": 2, "2014": 4, "2015": 4, "2016": 4, "2017": 2, "2018": 2, "2019": 1}, "old_citations": {"2008": 31}, "isVisible": false}, "2160045087": {"name": "jack w stokes", "type": "author", "activity": 25, "h_index": 20, "h5_index": 4, "mag_id": "2160045087", "num_publications": 1, "num_citations": 31, "num_publications_5y": 0, "num_citations_5y": 16, "num_publications_10y": 0, "num_citations_10y": 30, "publications_years": {"2008": 1}, "citations_years": {"2009": 2, "2010": 2, "2011": 5, "2012": 3, "2013": 2, "2014": 4, "2015": 4, "2016": 4, "2017": 2, "2018": 2, "2019": 1}, "old_citations": {"2008": 31}, "isVisible": false}, "2161062602": {"name": "vipin kumar", "type": "author", "activity": 30, "h_index": 75, "h5_index": 11, "mag_id": "2161062602", "num_publications": 1, "num_citations": 18, "num_publications_5y": 0, "num_citations_5y": 6, "num_publications_10y": 0, "num_citations_10y": 13, "publications_years": {"2007": 1}, "citations_years": {"2007": 2, "2008": 1, "2009": 2, "2010": 1, "2011": 2, "2012": 1, "2013": 1, "2014": 1, "2015": 0, "2016": 4, "2017": 0, "2018": 1, "2019": 2}, "old_citations": {"2007": 18}, "isVisible": false}, "2164420873": {"name": "zhili zhang", "type": "author", "activity": 27, "h_index": 52, "h5_index": 8, "mag_id": "2164420873", "num_publications": 1, "num_citations": 18, "num_publications_5y": 0, "num_citations_5y": 6, "num_publications_10y": 0, "num_citations_10y": 13, "publications_years": {"2007": 1}, "citations_years": {"2007": 2, "2008": 1, "2009": 2, "2010": 1, "2011": 2, "2012": 1, "2013": 1, "2014": 1, "2015": 0, "2016": 4, "2017": 0, "2018": 1, "2019": 2}, "old_citations": {"2007": 18}, "isVisible": false}, "2165137138": {"name": "sivan sabato", "type": "author", "activity": 14, "h_index": 8, "h5_index": 4, "mag_id": "2165137138", "num_publications": 1, "num_citations": 28, "num_publications_5y": 0, "num_citations_5y": 8, "num_publications_10y": 0, "num_citations_10y": 27, "publications_years": {"2007": 1}, "citations_years": {"2007": 1, "2008": 0, "2009": 2, "2010": 5, "2011": 2, "2012": 5, "2013": 5, "2014": 2, "2015": 3, "2016": 1, "2017": 2}, "old_citations": {"2007": 28}, "isVisible": false}, "2166834359": {"name": "eric k butler", "type": "author", "activity": 12, "h_index": 6, "h5_index": 2, "mag_id": "2166834359", "num_publications": 1, "num_citations": 5, "num_publications_5y": 0, "num_citations_5y": 1, "num_publications_10y": 0, "num_citations_10y": 4, "publications_years": {"2007": 1}, "citations_years": {"2008": 1, "2009": 1, "2010": 1, "2011": 1, "2012": 0, "2013": 0, "2014": 0, "2015": 1}, "old_citations": {"2007": 5}, "isVisible": false}, "2169896113": {"name": "tarem ahmed", "type": "author", "activity": 14, "h_index": 8, "h5_index": 2, "mag_id": "2169896113", "num_publications": 1, "num_citations": 105, "num_publications_5y": 0, "num_citations_5y": 52, "num_publications_10y": 0, "num_citations_10y": 90, "publications_years": {"2007": 1}, "citations_years": {"2007": 1, "2008": 3, "2009": 7, "2010": 7, "2011": 3, "2012": 9, "2013": 12, "2014": 16, "2015": 7, "2016": 9, "2017": 8, "2018": 12, "2019": 9, "2020": 2}, "old_citations": {"2007": 105}, "isVisible": false}, "2242632831": {"name": "mike j innes", "type": "author", "activity": 3, "h_index": 2, "h5_index": 2, "mag_id": "2242632831", "num_publications": 1, "num_citations": 5, "num_publications_5y": 1, "num_citations_5y": 2, "num_publications_10y": 1, "num_citations_10y": 2, "publications_years": {"2018": 1}, "citations_years": {"2018": 2, "2019": 3}, "old_citations": {"2018": 5}, "isVisible": false}, "2246752162": {"name": "priya narasimhan", "type": "author", "activity": 22, "h_index": 30, "h5_index": 4, "mag_id": "2246752162", "num_publications": 1, "num_citations": 24, "num_publications_5y": 0, "num_citations_5y": 6, "num_publications_10y": 0, "num_citations_10y": 18, "publications_years": {"2007": 1}, "citations_years": {"2008": 6, "2009": 2, "2010": 7, "2011": 0, "2012": 0, "2013": 3, "2014": 1, "2015": 0, "2016": 3, "2017": 2}, "old_citations": {"2007": 24}, "isVisible": false}, "2277526995": {"name": "ioannis avramopoulos", "type": "author", "activity": 8, "h_index": 10, "h5_index": 0, "mag_id": "2277526995", "num_publications": 1, "num_citations": 4, "num_publications_5y": 0, "num_citations_5y": 2, "num_publications_10y": 0, "num_citations_10y": 4, "publications_years": {"2008": 1}, "citations_years": {"2009": 2, "2010": 0, "2011": 0, "2012": 0, "2013": 0, "2014": 1, "2015": 0, "2016": 1}, "old_citations": {"2008": 4}, "isVisible": false}, "2293482588": {"name": "ryan s kivett", "type": "author", "activity": 4, "h_index": 3, "h5_index": 0, "mag_id": "2293482588", "num_publications": 1, "num_citations": 31, "num_publications_5y": 0, "num_citations_5y": 16, "num_publications_10y": 0, "num_citations_10y": 30, "publications_years": {"2008": 1}, "citations_years": {"2009": 2, "2010": 2, "2011": 5, "2012": 3, "2013": 2, "2014": 4, "2015": 4, "2016": 4, "2017": 2, "2018": 2, "2019": 1}, "old_citations": {"2008": 31}, "isVisible": false}, "2302984154": {"name": "ling huang", "type": "author", "activity": 17, "h_index": 27, "h5_index": 1, "mag_id": "2302984154", "num_publications": 1, "num_citations": 93, "num_publications_5y": 0, "num_citations_5y": 40, "num_publications_10y": 0, "num_citations_10y": 88, "publications_years": {"2008": 1}, "citations_years": {"2008": 1, "2009": 8, "2010": 12, "2011": 12, "2012": 7, "2013": 9, "2014": 6, "2015": 7, "2016": 8, "2017": 9, "2018": 10, "2019": 1, "2020": 3}, "old_citations": {"2008": 93}, "isVisible": false}, "2304116753": {"name": "yu jin", "type": "author", "activity": 12, "h_index": 11, "h5_index": 0, "mag_id": "2304116753", "num_publications": 1, "num_citations": 18, "num_publications_5y": 0, "num_citations_5y": 6, "num_publications_10y": 0, "num_citations_10y": 13, "publications_years": {"2007": 1}, "citations_years": {"2007": 2, "2008": 1, "2009": 2, "2010": 1, "2011": 2, "2012": 1, "2013": 1, "2014": 1, "2015": 0, "2016": 4, "2017": 0, "2018": 1, "2019": 2}, "old_citations": {"2007": 18}, "isVisible": false}, "2331501475": {"name": "el mahdi el mhamdi", "type": "author", "activity": 4, "h_index": 7, "h5_index": 7, "mag_id": "2331501475", "num_publications": 1, "num_citations": 7, "num_publications_5y": 0, "num_citations_5y": 0, "num_publications_10y": 0, "num_citations_10y": 0, "publications_years": {"2019": 1}, "citations_years": {"2019": 5, "2020": 2}, "old_citations": {"2019": 7}, "isVisible": false}, "2340655586": {"name": "james bradbury", "type": "author", "activity": 5, "h_index": 11, "h5_index": 10, "mag_id": "2340655586", "num_publications": 1, "num_citations": 5, "num_publications_5y": 1, "num_citations_5y": 2, "num_publications_10y": 1, "num_citations_10y": 2, "publications_years": {"2018": 1}, "citations_years": {"2018": 2, "2019": 3}, "old_citations": {"2018": 5}, "isVisible": false}, "2472388376": {"name": "alan edelman", "type": "author", "activity": 31, "h_index": 15, "h5_index": 3, "mag_id": "2472388376", "num_publications": 1, "num_citations": 5, "num_publications_5y": 1, "num_citations_5y": 2, "num_publications_10y": 1, "num_citations_10y": 2, "publications_years": {"2018": 1}, "citations_years": {"2018": 2, "2019": 3}, "old_citations": {"2018": 5}, "isVisible": false}, "2473177951": {"name": "stefan karpinski", "type": "author", "activity": 14, "h_index": 7, "h5_index": 2, "mag_id": "2473177951", "num_publications": 1, "num_citations": 5, "num_publications_5y": 1, "num_citations_5y": 2, "num_publications_10y": 1, "num_citations_10y": 2, "publications_years": {"2018": 1}, "citations_years": {"2018": 2, "2019": 3}, "old_citations": {"2018": 5}, "isVisible": false}, "2482891364": {"name": "tim besard", "type": "author", "activity": 5, "h_index": 2, "h5_index": 2, "mag_id": "2482891364", "num_publications": 1, "num_citations": 5, "num_publications_5y": 1, "num_citations_5y": 2, "num_publications_10y": 1, "num_citations_10y": 2, "publications_years": {"2018": 1}, "citations_years": {"2018": 2, "2019": 3}, "old_citations": {"2018": 5}, "isVisible": false}, "2609187939": {"name": "moises goldszmidt", "type": "author", "activity": 27, "h_index": 32, "h5_index": 1, "mag_id": "2609187939", "num_publications": 1, "num_citations": 28, "num_publications_5y": 0, "num_citations_5y": 8, "num_publications_10y": 0, "num_citations_10y": 27, "publications_years": {"2008": 1}, "citations_years": {"2008": 1, "2009": 5, "2010": 6, "2011": 5, "2012": 2, "2013": 1, "2014": 0, "2015": 3, "2016": 1, "2017": 2, "2018": 2}, "old_citations": {"2008": 28}, "isVisible": false}, "2610295154": {"name": "wei xu", "type": "author", "activity": 17, "h_index": 16, "h5_index": 11, "mag_id": "2610295154", "num_publications": 1, "num_citations": 93, "num_publications_5y": 0, "num_citations_5y": 40, "num_publications_10y": 0, "num_citations_10y": 88, "publications_years": {"2008": 1}, "citations_years": {"2008": 1, "2009": 8, "2010": 12, "2011": 12, "2012": 7, "2013": 9, "2014": 6, "2015": 7, "2016": 8, "2017": 9, "2018": 10, "2019": 1, "2020": 3}, "old_citations": {"2008": 93}, "isVisible": false}, "2615511192": {"name": "georgios damaskinos", "type": "author", "activity": 3, "h_index": 3, "h5_index": 3, "mag_id": "2615511192", "num_publications": 1, "num_citations": 7, "num_publications_5y": 0, "num_citations_5y": 0, "num_publications_10y": 0, "num_citations_10y": 0, "publications_years": {"2019": 1}, "citations_years": {"2019": 5, "2020": 2}, "old_citations": {"2019": 7}, "isVisible": false}, "2714737489": {"name": "kaladhar voruganti", "type": "author", "activity": 20, "h_index": 21, "h5_index": 1, "mag_id": "2714737489", "num_publications": 1, "num_citations": 5, "num_publications_5y": 0, "num_citations_5y": 1, "num_publications_10y": 0, "num_citations_10y": 4, "publications_years": {"2007": 1}, "citations_years": {"2008": 1, "2009": 1, "2010": 1, "2011": 1, "2012": 0, "2013": 0, "2014": 0, "2015": 1}, "old_citations": {"2007": 5}, "isVisible": false}, "2737092356": {"name": "sebastien rouault", "type": "author", "activity": 3, "h_index": 4, "h5_index": 4, "mag_id": "2737092356", "num_publications": 1, "num_citations": 7, "num_publications_5y": 0, "num_citations_5y": 0, "num_publications_10y": 0, "num_citations_10y": 0, "publications_years": {"2019": 1}, "citations_years": {"2019": 5, "2020": 2}, "old_citations": {"2019": 7}, "isVisible": false}, "2768339751": {"name": "mike afergan", "type": "author", "activity": 4, "h_index": 3, "h5_index": 0, "mag_id": "2768339751", "num_publications": 1, "num_citations": 12, "num_publications_5y": 0, "num_citations_5y": 3, "num_publications_10y": 0, "num_citations_10y": 11, "publications_years": {"2007": 1}, "citations_years": {"2008": 1, "2009": 4, "2010": 1, "2011": 2, "2012": 1, "2013": 0, "2014": 1, "2015": 1, "2016": 1}, "old_citations": {"2007": 12}, "isVisible": false}, "2776066402": {"name": "ce zhang", "type": "author", "activity": 13, "h_index": 24, "h5_index": 14, "mag_id": "2776066402", "num_publications": 1, "num_citations": 0, "num_publications_5y": 0, "num_citations_5y": 0, "num_publications_10y": 0, "num_citations_10y": 0, "publications_years": {"2019": 1}, "citations_years": {}, "old_citations": {"2019": 0}, "isVisible": false}, "2779443527": {"name": "aviad tsherniak", "type": "author", "activity": 1, "h_index": 2, "h5_index": 0, "mag_id": "2779443527", "num_publications": 1, "num_citations": 28, "num_publications_5y": 0, "num_citations_5y": 8, "num_publications_10y": 0, "num_citations_10y": 27, "publications_years": {"2007": 1}, "citations_years": {"2007": 1, "2008": 0, "2009": 2, "2010": 5, "2011": 2, "2012": 5, "2013": 5, "2014": 2, "2015": 3, "2016": 1, "2017": 2}, "old_citations": {"2007": 28}, "isVisible": false}, "2788955140": {"name": "cedric renggli", "type": "author", "activity": 2, "h_index": 4, "h5_index": 4, "mag_id": "2788955140", "num_publications": 1, "num_citations": 0, "num_publications_5y": 0, "num_citations_5y": 0, "num_publications_10y": 0, "num_citations_10y": 0, "publications_years": {"2019": 1}, "citations_years": {}, "old_citations": {"2019": 0}, "isVisible": false}, "2791521883": {"name": "bojan karlas", "type": "author", "activity": 2, "h_index": 1, "h5_index": 1, "mag_id": "2791521883", "num_publications": 1, "num_citations": 0, "num_publications_5y": 0, "num_citations_5y": 0, "num_publications_10y": 0, "num_citations_10y": 0, "publications_years": {"2019": 1}, "citations_years": {}, "old_citations": {"2019": 0}, "isVisible": false}, "2919830091": {"name": "feng liu", "type": "author", "activity": 1, "h_index": 0, "h5_index": 0, "mag_id": "2919830091", "num_publications": 1, "num_citations": 0, "num_publications_5y": 0, "num_citations_5y": 0, "num_publications_10y": 0, "num_citations_10y": 0, "publications_years": {"2019": 1}, "citations_years": {}, "old_citations": {"2019": 0}, "isVisible": false}, "2920298002": {"name": "bolin ding", "type": "author", "activity": 1, "h_index": 0, "h5_index": 0, "mag_id": "2920298002", "num_publications": 1, "num_citations": 0, "num_publications_5y": 0, "num_citations_5y": 0, "num_publications_10y": 0, "num_citations_10y": 0, "publications_years": {"2019": 1}, "citations_years": {}, "old_citations": {"2019": 0}, "isVisible": false}, "2925579962": {"name": "d yuret", "type": "author", "activity": 1, "h_index": 1, "h5_index": 1, "mag_id": "2925579962", "num_publications": 1, "num_citations": 5, "num_publications_5y": 1, "num_citations_5y": 2, "num_publications_10y": 1, "num_citations_10y": 2, "publications_years": {"2018": 1}, "citations_years": {"2018": 2, "2019": 3}, "old_citations": {"2018": 5}, "isVisible": false}, "2926883515": {"name": "pleps saito stenetorp", "type": "author", "activity": 1, "h_index": 1, "h5_index": 1, "mag_id": "2926883515", "num_publications": 1, "num_citations": 5, "num_publications_5y": 1, "num_citations_5y": 2, "num_publications_10y": 1, "num_citations_10y": 2, "publications_years": {"2018": 1}, "citations_years": {"2018": 2, "2019": 3}, "old_citations": {"2018": 5}, "isVisible": false}, "2926946099": {"name": "s danisch", "type": "author", "activity": 1, "h_index": 1, "h5_index": 1, "mag_id": "2926946099", "num_publications": 1, "num_citations": 5, "num_publications_5y": 1, "num_citations_5y": 2, "num_publications_10y": 1, "num_citations_10y": 2, "publications_years": {"2018": 1}, "citations_years": {"2018": 2, "2019": 3}, "old_citations": {"2018": 5}, "isVisible": false}, "2929036474": {"name": "j malmaud", "type": "author", "activity": 1, "h_index": 1, "h5_index": 1, "mag_id": "2929036474", "num_publications": 1, "num_citations": 5, "num_publications_5y": 1, "num_citations_5y": 2, "num_publications_10y": 1, "num_citations_10y": 2, "publications_years": {"2018": 1}, "citations_years": {"2018": 2, "2019": 3}, "old_citations": {"2018": 5}, "isVisible": false}, "2929160196": {"name": "churavy", "type": "author", "activity": 1, "h_index": 1, "h5_index": 1, "mag_id": "2929160196", "num_publications": 1, "num_citations": 5, "num_publications_5y": 1, "num_citations_5y": 2, "num_publications_10y": 1, "num_citations_10y": 2, "publications_years": {"2018": 1}, "citations_years": {"2018": 2, "2019": 3}, "old_citations": {"2018": 5}, "isVisible": false}, "2929928381": {"name": "shah", "type": "author", "activity": 1, "h_index": 1, "h5_index": 1, "mag_id": "2929928381", "num_publications": 1, "num_citations": 5, "num_publications_5y": 1, "num_citations_5y": 2, "num_publications_10y": 1, "num_citations_10y": 2, "publications_years": {"2018": 1}, "citations_years": {"2018": 2, "2019": 3}, "old_citations": {"2018": 5}, "isVisible": false}, "2935192007": {"name": "d barber", "type": "author", "activity": 1, "h_index": 1, "h5_index": 1, "mag_id": "2935192007", "num_publications": 1, "num_citations": 5, "num_publications_5y": 1, "num_citations_5y": 2, "num_publications_10y": 1, "num_citations_10y": 2, "publications_years": {"2018": 1}, "citations_years": {"2018": 2, "2019": 3}, "old_citations": {"2018": 5}, "isVisible": false}, "2994736230": {"name": "wentao wu", "type": "author", "activity": 1, "h_index": 0, "h5_index": 0, "mag_id": "2994736230", "num_publications": 1, "num_citations": 0, "num_publications_5y": 0, "num_citations_5y": 0, "num_publications_10y": 0, "num_citations_10y": 0, "publications_years": {"2019": 1}, "citations_years": {}, "old_citations": {"2019": 0}, "isVisible": false}, "3010642914": {"name": "j revels", "type": "author", "activity": 1, "h_index": 1, "h5_index": 1, "mag_id": "3010642914", "num_publications": 1, "num_citations": 5, "num_publications_5y": 1, "num_citations_5y": 2, "num_publications_10y": 1, "num_citations_10y": 2, "publications_years": {"2018": 1}, "citations_years": {"2018": 2, "2019": 3}, "old_citations": {"2018": 5}, "isVisible": false}}, "countries": {"United States": {"name": "United States", "type": "country", "h5_index": 308, "num_publications": 15, "num_citations": 327, "num_publications_5y": 1, "num_citations_5y": 121, "num_publications_10y": 1, "num_citations_10y": 293, "publications_years": {"2007": 8, "2008": 6, "2018": 1}, "citations_years": {"2007": 3, "2008": 18, "2009": 40, "2010": 46, "2011": 37, "2012": 24, "2013": 25, "2014": 24, "2015": 25, "2016": 29, "2017": 22, "2018": 21, "2019": 9, "2020": 4}, "old_citations": {"2007": 150, "2008": 172, "2018": 5}, "isVisible": false}, "Switzerland": {"name": "Switzerland", "type": "country", "h5_index": 102, "num_publications": 2, "num_citations": 7, "num_publications_5y": 0, "num_citations_5y": 0, "num_publications_10y": 0, "num_citations_10y": 0, "publications_years": {"2019": 2}, "citations_years": {"2019": 5, "2020": 2}, "old_citations": {"2019": 7}, "isVisible": false}, "Belgium": {"name": "Belgium", "type": "country", "h5_index": 72, "num_publications": 1, "num_citations": 5, "num_publications_5y": 1, "num_citations_5y": 2, "num_publications_10y": 1, "num_citations_10y": 2, "publications_years": {"2018": 1}, "citations_years": {"2018": 2, "2019": 3}, "old_citations": {"2018": 5}, "isVisible": false}, "Canada": {"name": "Canada", "type": "country", "h5_index": 128, "num_publications": 1, "num_citations": 105, "num_publications_5y": 0, "num_citations_5y": 52, "num_publications_10y": 0, "num_citations_10y": 90, "publications_years": {"2007": 1}, "citations_years": {"2007": 1, "2008": 3, "2009": 7, "2010": 7, "2011": 3, "2012": 9, "2013": 12, "2014": 16, "2015": 7, "2016": 9, "2017": 8, "2018": 12, "2019": 9, "2020": 2}, "old_citations": {"2007": 105}, "isVisible": false}, "Egypt": {"name": "Egypt", "type": "country", "h5_index": 47, "num_publications": 1, "num_citations": 7, "num_publications_5y": 0, "num_citations_5y": 0, "num_publications_10y": 0, "num_citations_10y": 0, "publications_years": {"2019": 1}, "citations_years": {"2019": 5, "2020": 2}, "old_citations": {"2019": 7}, "isVisible": false}, "Israel": {"name": "Israel", "type": "country", "h5_index": 110, "num_publications": 1, "num_citations": 28, "num_publications_5y": 0, "num_citations_5y": 8, "num_publications_10y": 0, "num_citations_10y": 27, "publications_years": {"2007": 1}, "citations_years": {"2007": 1, "2008": 0, "2009": 2, "2010": 5, "2011": 2, "2012": 5, "2013": 5, "2014": 2, "2015": 3, "2016": 1, "2017": 2}, "old_citations": {"2007": 28}, "isVisible": false}, "United Kingdom": {"name": "United Kingdom", "type": "country", "h5_index": 172, "num_publications": 1, "num_citations": 4, "num_publications_5y": 0, "num_citations_5y": 2, "num_publications_10y": 0, "num_citations_10y": 4, "publications_years": {"2008": 1}, "citations_years": {"2009": 2, "2010": 0, "2011": 0, "2012": 0, "2013": 0, "2014": 1, "2015": 0, "2016": 1}, "old_citations": {"2008": 4}, "isVisible": false}}, "industrial_sectors": {"technology": {"name": "technology", "type": "industrial sector", "h5_index": 229, "num_publications": 9, "num_citations": 252, "num_publications_5y": 0, "num_citations_5y": 97, "num_publications_10y": 0, "num_citations_10y": 233, "publications_years": {"2007": 5, "2008": 4}, "citations_years": {"2008": 10, "2009": 32, "2010": 35, "2011": 28, "2012": 21, "2013": 20, "2014": 19, "2015": 22, "2016": 20, "2017": 18, "2018": 18, "2019": 4, "2020": 4, "2007": 1}, "old_citations": {"2007": 96, "2008": 156}, "isVisible": false}, "computing_and_it": {"name": "computing_and_it", "type": "industrial sector", "h5_index": 221, "num_publications": 7, "num_citations": 155, "num_publications_5y": 0, "num_citations_5y": 55, "num_publications_10y": 0, "num_citations_10y": 141, "publications_years": {"2007": 5, "2008": 2}, "citations_years": {"2008": 9, "2009": 22, "2010": 23, "2011": 16, "2012": 14, "2013": 11, "2014": 12, "2015": 15, "2016": 11, "2017": 9, "2018": 8, "2019": 3, "2020": 1, "2007": 1}, "old_citations": {"2007": 96, "2008": 59}, "isVisible": false}, "electronics": {"name": "electronics", "type": "industrial sector", "h5_index": 134, "num_publications": 5, "num_citations": 122, "num_publications_5y": 0, "num_citations_5y": 46, "num_publications_10y": 0, "num_citations_10y": 110, "publications_years": {"2007": 3, "2008": 2}, "citations_years": {"2008": 8, "2009": 19, "2010": 17, "2011": 13, "2012": 9, "2013": 6, "2014": 10, "2015": 11, "2016": 10, "2017": 7, "2018": 8, "2019": 3, "2020": 1}, "old_citations": {"2007": 63, "2008": 59}, "isVisible": false}, "information_technology": {"name": "information_technology", "type": "industrial sector", "h5_index": 74, "num_publications": 2, "num_citations": 33, "num_publications_5y": 0, "num_citations_5y": 9, "num_publications_10y": 0, "num_citations_10y": 31, "publications_years": {"2007": 2}, "citations_years": {"2008": 1, "2009": 3, "2010": 6, "2011": 3, "2012": 5, "2013": 5, "2014": 2, "2015": 4, "2007": 1, "2016": 1, "2017": 2}, "old_citations": {"2007": 33}, "isVisible": false}, "semiconductor": {"name": "semiconductor", "type": "industrial sector", "h5_index": 102, "num_publications": 1, "num_citations": 93, "num_publications_5y": 0, "num_citations_5y": 40, "num_publications_10y": 0, "num_citations_10y": 88, "publications_years": {"2008": 1}, "citations_years": {"2008": 1, "2009": 8, "2010": 12, "2011": 12, "2012": 7, "2013": 9, "2014": 6, "2015": 7, "2016": 8, "2017": 9, "2018": 10, "2019": 1, "2020": 3}, "old_citations": {"2008": 93}, "isVisible": false}, "telecommunications": {"name": "telecommunications", "type": "industrial sector", "h5_index": 89, "num_publications": 1, "num_citations": 4, "num_publications_5y": 0, "num_citations_5y": 2, "num_publications_10y": 0, "num_citations_10y": 4, "publications_years": {"2008": 1}, "citations_years": {"2009": 2, "2010": 0, "2011": 0, "2012": 0, "2013": 0, "2014": 1, "2015": 0, "2016": 1}, "old_citations": {"2008": 4}, "isVisible": false}}}, "conference_comparison": {"computer science": {}}, "topics_dna": {"publications": {}, "citations": {"normalized": {}, "average": {}}}, "info": {"num_publications": 36, "num_citations": 481.0, "impact_factor": {"2009": 2.5789473684210527, "2010": 2.4, "2011": 0, "2012": 0, "2013": 0.0, "2014": 0.0, "2015": 0, "2016": 0.0, "2017": 0.0, "2018": 0, "2019": 3.0}, "publications_years": {"2012": 13, "2008": 10, "2007": 9, "2019": 2, "2015": 1, "2018": 1}, "citations_years": {"2007": 5, "2008": 21, "2009": 49, "2010": 55, "2011": 42, "2012": 37, "2013": 41, "2014": 41, "2015": 40, "2016": 44, "2017": 34, "2018": 38, "2019": 26, "2020": 8}, "old_citations": {"2012": 2, "2008": 212, "2007": 255, "2019": 7, "2015": 0, "2018": 5}, "h5_index": 2}, "percentile": {"computer science": {"2012": 51, "2008": 93, "2007": 95, "2019": 99, "2015": 16, "2018": 97}}, "conference_ranking": {"computer science": {"2012": 2082, "2008": 270, "2007": 195, "2019": 22, "2015": 3560, "2018": 86}}, "academia": {"num_publications": 8, "num_citations": 180, "publications_years": {"2007": 4, "2008": 2, "2009": 0, "2010": 0, "2011": 0, "2012": 0, "2013": 0, "2014": 0, "2015": 0, "2016": 0, "2017": 0, "2018": 1, "2019": 1}, "old_citations": {"2007": 159, "2008": 16, "2009": 0, "2010": 0, "2011": 0, "2012": 0, "2013": 0, "2014": 0, "2015": 0, "2016": 0, "2017": 0, "2018": 5, "2019": 0}, "num_publications_5y": 2, "num_citations_5y": 5, "num_publications_10y": 2, "num_citations_10y": 5}, "industry": {"num_publications": 2, "num_citations": 34, "publications_years": {"2007": 2}, "old_citations": {"2007": 34}, "num_publications_5y": 0, "num_citations_5y": 0, "num_publications_10y": 0, "num_citations_10y": 0}, "collaborative": {"num_publications": 7, "num_citations": 218, "publications_years": {"2007": 3, "2008": 4}, "old_citations": {"2007": 62, "2008": 156}, "num_publications_5y": 0, "num_citations_5y": 0, "num_publications_10y": 0, "num_citations_10y": 0}, "conferences": {}, "journals": {}, "organizations": {"publication_overall": ["Microsoft (United States)", "Massachusetts Institute of Technology", "University of California, Berkeley", "IBM (United States)", "Alexandria University", "Carnegie Mellon University", "Deutsche Telekom (United Kingdom)", "ETH Zurich", "Ghent University", "Harvard University", "Intel (United States)", "McGill University", "Princeton University", "University of Haifa", "University of Michigan\u2013Ann Arbor", "University of Minnesota", "University of Southern California", "\u00c9cole Polytechnique F\u00e9d\u00e9rale de Lausanne"], "citation_overall": ["University of California, Berkeley", "Microsoft (United States)", "McGill University", "Intel (United States)", "IBM (United States)", "Harvard University", "University of Michigan\u2013Ann Arbor", "University of Haifa", "Massachusetts Institute of Technology", "Carnegie Mellon University", "University of Minnesota", "Alexandria University", "\u00c9cole Polytechnique F\u00e9d\u00e9rale de Lausanne", "Ghent University", "University of Southern California", "Deutsche Telekom (United Kingdom)", "Princeton University", "ETH Zurich"], "publication_10_years": ["Alexandria University", "ETH Zurich", "Ghent University", "Massachusetts Institute of Technology", "\u00c9cole Polytechnique F\u00e9d\u00e9rale de Lausanne"], "citation_10_years": ["Alexandria University", "\u00c9cole Polytechnique F\u00e9d\u00e9rale de Lausanne", "Ghent University", "Massachusetts Institute of Technology", "ETH Zurich"], "publication_5_years": ["Alexandria University", "ETH Zurich", "Ghent University", "Massachusetts Institute of Technology", "\u00c9cole Polytechnique F\u00e9d\u00e9rale de Lausanne"], "citation_5_years": ["Alexandria University", "\u00c9cole Polytechnique F\u00e9d\u00e9rale de Lausanne", "Ghent University", "Massachusetts Institute of Technology", "ETH Zurich"]}, "countries": {"publication_overall": ["United States", "Switzerland", "Belgium", "Canada", "Egypt", "Israel", "United Kingdom"], "citation_overall": ["United States", "Canada", "Israel", "Egypt", "Switzerland", "Belgium", "United Kingdom"], "publication_10_years": ["Switzerland", "Belgium", "Egypt", "United States"], "citation_10_years": ["Egypt", "Switzerland", "Belgium", "United States"], "publication_5_years": ["Switzerland", "Belgium", "Egypt", "United States"], "citation_5_years": ["Egypt", "Switzerland", "Belgium", "United States"]}, "topics": {"publication_overall": ["computer science", "computer systems", "artificial intelligence", "computer programming", "software engineering", "computer programming languages", "object oriented programming", "computer hardware", "embedded systems", "unified modeling language", "engineering", "machine learning", "computer networks", "distributed computer systems", "database systems", "mathematics", "requirements engineering", "software design", "sysml", "telecommunication networks"], "citation_overall": ["computer science", "computer systems", "artificial intelligence", "computer security", "security of data", "machine learning", "engineering", "computer networks", "mathematics", "telecommunication networks", "telecommunication systems", "data mining", "computer crime", "intrusion detection", "signal detection", "signal processing", "bandwidth", "anomaly detection", "telecommunication traffic", "anomalous behavior"], "publication_10_years": ["computer science", "computer programming", "computer programming languages", "computer systems", "software engineering", "object oriented programming", "unified modeling language", "embedded systems", "requirements engineering", "sysml", "artificial intelligence", "computer hardware", "engineering", "software design", "software architecture", "database systems", "distributed computer systems", "linguistics", "machine learning", "computational linguistics"], "citation_10_years": ["computer science", "computer systems", "distributed computer systems", "artificial intelligence", "machine learning", "software engineering", "automation", "engineering", "software design", "adaptive control systems", "byzantine failures", "byzantine fault", "computer networks", "computer programming", "computer programming languages", "fault tolerance", "fault tolerant computer systems", "linear matrix inequalities", "mathematics", "matrix algebra"], "publication_5_years": ["artificial intelligence", "computer science", "computer systems", "machine learning", "distributed computer systems", "online learning", "online systems", "supervised machine learning", "adaptive control systems", "automation", "byzantine failures", "byzantine fault", "computer hardware", "computer networks", "computer programming", "computer programming languages", "distributed systems", "engineering", "fault tolerance", "fault tolerant computer systems"], "citation_5_years": ["artificial intelligence", "computer science", "computer systems", "distributed computer systems", "machine learning", "adaptive control systems", "automation", "byzantine failures", "byzantine fault", "computer networks", "engineering", "fault tolerance", "fault tolerant computer systems", "linear matrix inequalities", "mathematics", "matrix algebra", "process control", "robust control", "robust performance", "software design"]}, "main_topics": ["computer science"], "authors": {"publication_overall": ["2088426601", "2156289000", "2568238774", "2101562218", "2264216759", "2336488114", "2435751034", "115057321", "121356807", "205587521", "219196590", "278177626", "347515944", "695485773", "1294330762", "1501594113", "1950743586", "1975846344", "1998722161", "2032008572", "2059167742", "2062571605", "2068743031", "2082563121", "2087510333", "2092659949", "2098984663", "2101782583", "2105039803", "2113165487", "2113665458", "2115036783", "2116698004", "2116957919", "2127790627", "2129519059", "2129867074", "2134968289", "2136491944", "2137354378", "2137683798", "2152988326", "2160045087", "2161062602", "2164420873", "2165137138", "2166834359", "2169896113", "2242632831", "2246752162", "2277526995", "2293482588", "2302984154", "2304116753", "2331501475", "2340655586", "2472388376", "2473177951", "2482891364", "2609187939", "2610295154", "2615511192", "2714737489", "2737092356", "2768339751", "2776066402", "2779443527", "2788955140", "2791521883", "2919830091", "2920298002", "2925579962", "2926883515", "2926946099", "2929036474", "2929160196", "2929928381", "2935192007", "2994736230", "3010642914"], "citation_overall": ["2264216759", "1501594113", "2087510333", "2169896113", "2435751034", "2098984663", "2302984154", "2610295154", "2568238774", "219196590", "1950743586", "2059167742", "2116698004", "2152988326", "2160045087", "2293482588", "695485773", "2082563121", "2137354378", "121356807", "205587521", "2129867074", "2165137138", "2609187939", "2779443527", "2062571605", "2113165487", "2246752162", "1294330762", "2032008572", "2137683798", "2336488114", "2105039803", "2136491944", "2161062602", "2164420873", "2304116753", "2101782583", "2115036783", "2116957919", "2768339751", "347515944", "2113665458", "115057321", "2092659949", "2331501475", "2615511192", "2737092356", "2068743031", "2127790627", "2129519059", "2134968289", "2166834359", "2242632831", "2340655586", "2472388376", "2473177951", "2482891364", "2714737489", "2925579962", "2926883515", "2926946099", "2929036474", "2929160196", "2929928381", "2935192007", "3010642914", "278177626", "1998722161", "2277526995", "2088426601", "2156289000", "1975846344", "2101562218", "2776066402", "2788955140", "2791521883", "2919830091", "2920298002", "2994736230"], "publication_10_years": ["2088426601", "2156289000", "2101562218", "115057321", "1975846344", "2092659949", "2242632831", "2331501475", "2340655586", "2472388376", "2473177951", "2482891364", "2615511192", "2737092356", "2776066402", "2788955140", "2791521883", "2919830091", "2920298002", "2925579962", "2926883515", "2926946099", "2929036474", "2929160196", "2929928381", "2935192007", "2994736230", "3010642914"], "citation_10_years": ["115057321", "2092659949", "2331501475", "2615511192", "2737092356", "2242632831", "2340655586", "2472388376", "2473177951", "2482891364", "2925579962", "2926883515", "2926946099", "2929036474", "2929160196", "2929928381", "2935192007", "3010642914", "2088426601", "2156289000", "1975846344", "2101562218", "2776066402", "2788955140", "2791521883", "2919830091", "2920298002", "2994736230"], "publication_5_years": ["115057321", "1975846344", "2092659949", "2242632831", "2331501475", "2340655586", "2472388376", "2473177951", "2482891364", "2615511192", "2737092356", "2776066402", "2788955140", "2791521883", "2919830091", "2920298002", "2925579962", "2926883515", "2926946099", "2929036474", "2929160196", "2929928381", "2935192007", "2994736230", "3010642914"], "citation_5_years": ["115057321", "2092659949", "2331501475", "2615511192", "2737092356", "2242632831", "2340655586", "2472388376", "2473177951", "2482891364", "2925579962", "2926883515", "2926946099", "2929036474", "2929160196", "2929928381", "2935192007", "3010642914", "1975846344", "2776066402", "2788955140", "2791521883", "2919830091", "2920298002", "2994736230"]}, "industrial_sectors": {"publication_overall": ["technology", "computing_and_it", "electronics", "information_technology", "semiconductor", "telecommunications"], "citation_overall": ["technology", "computing_and_it", "electronics", "semiconductor", "information_technology", "telecommunications"], "publication_10_years": [], "citation_10_years": [], "publication_5_years": [], "citation_5_years": []}}