{"name": "international workshop on Discrete Algorithms and Methods for Mobile Computing and Communications", "acronym": "DAMMCC", "type": "conference", "uniqueEntities": {"organizations": {"Arizona State University": {"name": "Arizona State University", "type": "organization", "organization_type": "Education", "h_index": 169, "h5_index": 56, "num_publications": 2, "num_citations": 4, "num_publications_5y": 0, "num_citations_5y": 0, "num_publications_10y": 0, "num_citations_10y": 0, "publications_years": {"2002": 1, "2001": 1}, "citations_years": {"2005": 2, "2002": 1, "2003": 0, "2004": 1}, "old_citations": {"2002": 1, "2001": 3}, "isVisible": false}, "Carleton University": {"name": "Carleton University", "type": "organization", "organization_type": "Education", "h_index": 120, "h5_index": 41, "num_publications": 2, "num_citations": 60, "num_publications_5y": 0, "num_citations_5y": 11, "num_publications_10y": 0, "num_citations_10y": 34, "publications_years": {"1999": 2}, "citations_years": {"2000": 1, "2001": 1, "2002": 1, "2003": 4, "2004": 1, "2005": 2, "2006": 5, "2007": 5, "2008": 4, "2009": 2, "2010": 4, "2011": 5, "2012": 6, "1999": 1, "2013": 6, "2014": 3, "2015": 3, "2016": 2, "2017": 3, "2018": 0, "2019": 1}, "old_citations": {"1999": 60}, "isVisible": false}, "Cornell University": {"name": "Cornell University", "type": "organization", "organization_type": "Education", "h_index": 294, "h5_index": 73, "num_publications": 2, "num_citations": 21, "num_publications_5y": 0, "num_citations_5y": 1, "num_publications_10y": 0, "num_citations_10y": 10, "publications_years": {"1999": 1, "2000": 1}, "citations_years": {"2001": 1, "2002": 1, "2003": 1, "2004": 1, "2005": 0, "2006": 1, "2007": 3, "2008": 3, "2009": 2, "2010": 0, "2011": 2, "2012": 2, "2013": 3, "2014": 1}, "old_citations": {"1999": 0, "2000": 21}, "isVisible": false}, "Los Alamos National Laboratory": {"name": "Los Alamos National Laboratory", "type": "organization", "organization_type": "Facility", "h_index": 115, "h5_index": 25, "num_publications": 2, "num_citations": 10, "num_publications_5y": 0, "num_citations_5y": 0, "num_publications_10y": 0, "num_citations_10y": 0, "publications_years": {"2000": 1, "2002": 1}, "citations_years": {"2003": 3, "2004": 2, "2005": 1, "2006": 2, "2007": 2}, "old_citations": {"2000": 0, "2002": 10}, "isVisible": false}, "Massachusetts Institute of Technology": {"name": "Massachusetts Institute of Technology", "type": "organization", "organization_type": "Education", "h_index": 475, "h5_index": 100, "num_publications": 2, "num_citations": 186, "num_publications_5y": 0, "num_citations_5y": 41, "num_publications_10y": 0, "num_citations_10y": 132, "publications_years": {"2002": 1, "2000": 1}, "citations_years": {"2002": 1, "2003": 0, "2004": 2, "2005": 1, "2006": 11, "2007": 16, "2008": 16, "2009": 25, "2010": 17, "2011": 9, "2012": 16, "2013": 24, "2014": 12, "2015": 14, "2016": 6, "2017": 6, "2018": 3, "2019": 7}, "old_citations": {"2002": 0, "2000": 186}, "isVisible": false}, "Texas A&M University": {"name": "Texas A&M University", "type": "organization", "organization_type": "Education", "h_index": 161, "h5_index": 40, "num_publications": 2, "num_citations": 346, "num_publications_5y": 0, "num_citations_5y": 53, "num_publications_10y": 0, "num_citations_10y": 184, "publications_years": {"2002": 1, "2000": 1}, "citations_years": {"2003": 14, "2004": 21, "2005": 33, "2006": 33, "2007": 23, "2008": 21, "2009": 27, "2010": 32, "2011": 27, "2012": 19, "2013": 26, "2014": 8, "2015": 15, "2016": 12, "2001": 1, "2002": 8, "2017": 9, "2018": 9, "2019": 6, "2020": 2}, "old_citations": {"2002": 33, "2000": 313}, "isVisible": false}, "The University of Texas at Dallas": {"name": "The University of Texas at Dallas", "type": "organization", "organization_type": "Education", "h_index": 120, "h5_index": 39, "num_publications": 2, "num_citations": 154, "num_publications_5y": 0, "num_citations_5y": 15, "num_publications_10y": 0, "num_citations_10y": 52, "publications_years": {"1999": 1, "2002": 1}, "citations_years": {"1999": 2, "2000": 6, "2001": 3, "2002": 6, "2003": 7, "2004": 16, "2005": 16, "2006": 20, "2007": 11, "2008": 15, "2009": 9, "2010": 11, "2011": 8, "2012": 3, "2013": 6, "2014": 3, "2015": 5, "2016": 4, "2017": 2, "2018": 1}, "old_citations": {"1999": 121, "2002": 33}, "isVisible": false}, "Alcatel-Lucent (France)": {"name": "Alcatel-Lucent (France)", "type": "organization", "organization_type": "Company", "h_index": 204, "h5_index": 14, "num_publications": 1, "num_citations": 15, "num_publications_5y": 0, "num_citations_5y": 5, "num_publications_10y": 0, "num_citations_10y": 9, "publications_years": {"2000": 1}, "citations_years": {"2002": 1, "2003": 1, "2004": 0, "2005": 0, "2006": 2, "2007": 1, "2008": 1, "2009": 0, "2010": 0, "2011": 1, "2012": 1, "2013": 2, "2014": 1, "2015": 1, "2016": 3}, "old_citations": {"2000": 15}, "isVisible": false}, "Carnegie Mellon University": {"name": "Carnegie Mellon University", "type": "organization", "organization_type": "Education", "h_index": 441, "h5_index": 107, "num_publications": 1, "num_citations": 15, "num_publications_5y": 0, "num_citations_5y": 1, "num_publications_10y": 0, "num_citations_10y": 2, "publications_years": {"1999": 1}, "citations_years": {"2000": 2, "2001": 6, "2002": 1, "2003": 1, "2004": 0, "2005": 1, "2006": 0, "2007": 0, "2008": 0, "2009": 0, "2010": 0, "2011": 0, "2012": 0, "2013": 1, "2014": 0, "2015": 0, "2016": 0, "2017": 0, "2018": 1, "2019": 2}, "old_citations": {"1999": 15}, "isVisible": false}, "City University of Hong Kong": {"name": "City University of Hong Kong", "type": "organization", "organization_type": "Education", "h_index": 157, "h5_index": 53, "num_publications": 1, "num_citations": 7, "num_publications_5y": 0, "num_citations_5y": 1, "num_publications_10y": 0, "num_citations_10y": 3, "publications_years": {"2001": 1}, "citations_years": {"2004": 1, "2005": 0, "2006": 1, "2007": 2, "2008": 0, "2009": 0, "2010": 0, "2011": 1, "2012": 0, "2013": 1, "2014": 0, "2015": 0, "2016": 0, "2017": 0, "2018": 1}, "old_citations": {"2001": 7}, "isVisible": false}, "Concordia University": {"name": "Concordia University", "type": "organization", "organization_type": "Education", "h_index": 105, "h5_index": 36, "num_publications": 1, "num_citations": 142, "num_publications_5y": 0, "num_citations_5y": 11, "num_publications_10y": 0, "num_citations_10y": 65, "publications_years": {"2001": 1}, "citations_years": {"2001": 1, "2002": 2, "2003": 4, "2004": 13, "2005": 19, "2006": 12, "2007": 10, "2008": 15, "2009": 8, "2010": 10, "2011": 7, "2012": 16, "2013": 13, "2014": 8, "2015": 2, "2016": 1, "2017": 0, "2018": 0, "2019": 1}, "old_citations": {"2001": 142}, "isVisible": false}, "Florida Atlantic University": {"name": "Florida Atlantic University", "type": "organization", "organization_type": "Education", "h_index": 105, "h5_index": 24, "num_publications": 1, "num_citations": 1015, "num_publications_5y": 0, "num_citations_5y": 179, "num_publications_10y": 0, "num_citations_10y": 525, "publications_years": {"1999": 1}, "citations_years": {"1998": 1, "1999": 0, "2000": 3, "2001": 13, "2002": 27, "2003": 38, "2004": 51, "2005": 91, "2006": 85, "2007": 80, "2008": 78, "2009": 83, "2010": 63, "2011": 69, "2012": 55, "2013": 76, "2014": 56, "2015": 49, "2016": 30, "2017": 18, "2018": 26, "2019": 21, "2020": 2}, "old_citations": {"1999": 1015}, "isVisible": false}, "Georgia State University": {"name": "Georgia State University", "type": "organization", "organization_type": "Education", "h_index": 111, "h5_index": 33, "num_publications": 1, "num_citations": 81, "num_publications_5y": 0, "num_citations_5y": 9, "num_publications_10y": 0, "num_citations_10y": 32, "publications_years": {"2001": 1}, "citations_years": {"2002": 3, "2003": 8, "2004": 8, "2005": 8, "2006": 8, "2007": 6, "2008": 7, "2009": 6, "2010": 4, "2011": 3, "2012": 4, "2013": 6, "2014": 3, "2015": 3, "2016": 2, "2017": 0, "2018": 1, "2019": 0, "2020": 1}, "old_citations": {"2001": 81}, "isVisible": false}, "IBM (United States)": {"name": "IBM (United States)", "type": "organization", "organization_type": "Company", "h_index": 421, "h5_index": 72, "num_publications": 1, "num_citations": 119, "num_publications_5y": 0, "num_citations_5y": 6, "num_publications_10y": 0, "num_citations_10y": 29, "publications_years": {"2000": 1}, "citations_years": {"2001": 5, "2002": 10, "2003": 24, "2004": 11, "2005": 16, "2006": 14, "2007": 4, "2008": 4, "2009": 4, "2010": 6, "2011": 7, "2012": 4, "2013": 2, "2014": 1, "2015": 2, "2016": 0, "2017": 2, "2018": 1, "2019": 2}, "old_citations": {"2000": 119}, "isVisible": false}, "Illinois Institute of Technology": {"name": "Illinois Institute of Technology", "type": "organization", "organization_type": "Education", "h_index": 111, "h5_index": 28, "num_publications": 1, "num_citations": 81, "num_publications_5y": 0, "num_citations_5y": 9, "num_publications_10y": 0, "num_citations_10y": 32, "publications_years": {"2001": 1}, "citations_years": {"2002": 3, "2003": 8, "2004": 8, "2005": 8, "2006": 8, "2007": 6, "2008": 7, "2009": 6, "2010": 4, "2011": 3, "2012": 4, "2013": 6, "2014": 3, "2015": 3, "2016": 2, "2017": 0, "2018": 1, "2019": 0, "2020": 1}, "old_citations": {"2001": 81}, "isVisible": false}, "Indian Institute of Technology Kanpur": {"name": "Indian Institute of Technology Kanpur", "type": "organization", "organization_type": "Education", "h_index": 70, "h5_index": 26, "num_publications": 1, "num_citations": 27, "num_publications_5y": 0, "num_citations_5y": 3, "num_publications_10y": 0, "num_citations_10y": 12, "publications_years": {"2002": 1}, "citations_years": {"2003": 1, "2004": 0, "2005": 6, "2006": 2, "2007": 3, "2008": 1, "2009": 3, "2010": 1, "2011": 3, "2012": 2, "2013": 0, "2014": 2, "2015": 1, "2016": 0, "2017": 0, "2018": 0, "2019": 0, "2020": 2}, "old_citations": {"2002": 27}, "isVisible": false}, "Simon Fraser University": {"name": "Simon Fraser University", "type": "organization", "organization_type": "Education", "h_index": 163, "h5_index": 41, "num_publications": 1, "num_citations": 39, "num_publications_5y": 0, "num_citations_5y": 7, "num_publications_10y": 0, "num_citations_10y": 17, "publications_years": {"2000": 1}, "citations_years": {"2001": 1, "2002": 2, "2003": 3, "2004": 2, "2005": 2, "2006": 5, "2007": 4, "2008": 2, "2009": 3, "2010": 1, "2011": 3, "2012": 1, "2013": 2, "2014": 3, "2015": 0, "2016": 2, "2017": 0, "2018": 2, "2019": 1}, "old_citations": {"2000": 39}, "isVisible": false}, "Stanford University": {"name": "Stanford University", "type": "organization", "organization_type": "Education", "h_index": 472, "h5_index": 120, "num_publications": 1, "num_citations": 0, "num_publications_5y": 0, "num_citations_5y": 0, "num_publications_10y": 0, "num_citations_10y": 0, "publications_years": {"2000": 1}, "citations_years": {}, "old_citations": {"2000": 0}, "isVisible": false}, "Technion \u2013 Israel Institute of Technology": {"name": "Technion \u2013 Israel Institute of Technology", "type": "organization", "organization_type": "Education", "h_index": 195, "h5_index": 42, "num_publications": 1, "num_citations": 15, "num_publications_5y": 0, "num_citations_5y": 5, "num_publications_10y": 0, "num_citations_10y": 9, "publications_years": {"2000": 1}, "citations_years": {"2002": 1, "2003": 1, "2004": 0, "2005": 0, "2006": 2, "2007": 1, "2008": 1, "2009": 0, "2010": 0, "2011": 1, "2012": 1, "2013": 2, "2014": 1, "2015": 1, "2016": 3}, "old_citations": {"2000": 15}, "isVisible": false}, "The University of Texas at Arlington": {"name": "The University of Texas at Arlington", "type": "organization", "organization_type": "Education", "h_index": 111, "h5_index": 33, "num_publications": 1, "num_citations": 7, "num_publications_5y": 0, "num_citations_5y": 1, "num_publications_10y": 0, "num_citations_10y": 3, "publications_years": {"2001": 1}, "citations_years": {"2004": 1, "2005": 0, "2006": 1, "2007": 2, "2008": 0, "2009": 0, "2010": 0, "2011": 1, "2012": 0, "2013": 1, "2014": 0, "2015": 0, "2016": 0, "2017": 0, "2018": 1}, "old_citations": {"2001": 7}, "isVisible": false}, "Universidade Federal de Minas Gerais": {"name": "Universidade Federal de Minas Gerais", "type": "organization", "organization_type": "Education", "h_index": 78, "h5_index": 31, "num_publications": 1, "num_citations": 9, "num_publications_5y": 0, "num_citations_5y": 0, "num_publications_10y": 0, "num_citations_10y": 0, "publications_years": {"1999": 1}, "citations_years": {"2000": 2, "2001": 0, "2002": 2, "2003": 3, "2004": 0, "2005": 0, "2006": 1, "2007": 1}, "old_citations": {"1999": 9}, "isVisible": false}, "Universidade de S\u00e3o Paulo": {"name": "Universidade de S\u00e3o Paulo", "type": "organization", "organization_type": "Education", "h_index": 82, "h5_index": 29, "num_publications": 1, "num_citations": 3, "num_publications_5y": 0, "num_citations_5y": 0, "num_publications_10y": 0, "num_citations_10y": 0, "publications_years": {"1999": 1}, "citations_years": {"2000": 2, "2001": 0, "2002": 0, "2003": 0, "2004": 0, "2005": 1}, "old_citations": {"1999": 3}, "isVisible": false}, "University of British Columbia": {"name": "University of British Columbia", "type": "organization", "organization_type": "Education", "h_index": 210, "h5_index": 56, "num_publications": 1, "num_citations": 39, "num_publications_5y": 0, "num_citations_5y": 7, "num_publications_10y": 0, "num_citations_10y": 17, "publications_years": {"2000": 1}, "citations_years": {"2001": 1, "2002": 2, "2003": 3, "2004": 2, "2005": 2, "2006": 5, "2007": 4, "2008": 2, "2009": 3, "2010": 1, "2011": 3, "2012": 1, "2013": 2, "2014": 3, "2015": 0, "2016": 2, "2017": 0, "2018": 2, "2019": 1}, "old_citations": {"2000": 39}, "isVisible": false}, "University of California, Berkeley": {"name": "University of California, Berkeley", "type": "organization", "organization_type": "Education", "h_index": 452, "h5_index": 107, "num_publications": 1, "num_citations": 1, "num_publications_5y": 0, "num_citations_5y": 0, "num_publications_10y": 0, "num_citations_10y": 0, "publications_years": {"2000": 1}, "citations_years": {"2001": 1}, "old_citations": {"2000": 1}, "isVisible": false}, "University of California, Los Angeles": {"name": "University of California, Los Angeles", "type": "organization", "organization_type": "Education", "h_index": 287, "h5_index": 56, "num_publications": 1, "num_citations": 81, "num_publications_5y": 0, "num_citations_5y": 9, "num_publications_10y": 0, "num_citations_10y": 32, "publications_years": {"2001": 1}, "citations_years": {"2002": 3, "2003": 8, "2004": 8, "2005": 8, "2006": 8, "2007": 6, "2008": 7, "2009": 6, "2010": 4, "2011": 3, "2012": 4, "2013": 6, "2014": 3, "2015": 3, "2016": 2, "2017": 0, "2018": 1, "2019": 0, "2020": 1}, "old_citations": {"2001": 81}, "isVisible": false}, "University of California, Santa Cruz": {"name": "University of California, Santa Cruz", "type": "organization", "organization_type": "Education", "h_index": 154, "h5_index": 24, "num_publications": 1, "num_citations": 50, "num_publications_5y": 0, "num_citations_5y": 3, "num_publications_10y": 0, "num_citations_10y": 16, "publications_years": {"2001": 1}, "citations_years": {"2002": 2, "2003": 3, "2004": 0, "2005": 4, "2006": 8, "2007": 9, "2008": 8, "2009": 4, "2010": 5, "2011": 2, "2012": 0, "2013": 2, "2014": 0, "2015": 1, "2016": 1, "2017": 1}, "old_citations": {"2001": 50}, "isVisible": false}, "University of Florida": {"name": "University of Florida", "type": "organization", "organization_type": "Education", "h_index": 152, "h5_index": 38, "num_publications": 1, "num_citations": 28, "num_publications_5y": 0, "num_citations_5y": 7, "num_publications_10y": 0, "num_citations_10y": 14, "publications_years": {"2001": 1}, "citations_years": {"2003": 1, "2004": 7, "2005": 1, "2006": 1, "2007": 1, "2008": 2, "2009": 1, "2010": 3, "2011": 3, "2012": 0, "2013": 0, "2014": 2, "2015": 2, "2016": 2, "2017": 0, "2018": 1, "2019": 1}, "old_citations": {"2001": 28}, "isVisible": false}, "University of Ottawa": {"name": "University of Ottawa", "type": "organization", "organization_type": "Education", "h_index": 124, "h5_index": 33, "num_publications": 1, "num_citations": 51, "num_publications_5y": 0, "num_citations_5y": 11, "num_publications_10y": 0, "num_citations_10y": 32, "publications_years": {"1999": 1}, "citations_years": {"1999": 1, "2000": 0, "2001": 0, "2002": 0, "2003": 1, "2004": 1, "2005": 2, "2006": 4, "2007": 5, "2008": 4, "2009": 2, "2010": 4, "2011": 5, "2012": 4, "2013": 6, "2014": 3, "2015": 3, "2016": 2, "2017": 3, "2018": 0, "2019": 1}, "old_citations": {"1999": 51}, "isVisible": false}, "University of Paris-Sud": {"name": "University of Paris-Sud", "type": "organization", "organization_type": "Education", "h_index": 79, "h5_index": 22, "num_publications": 1, "num_citations": 142, "num_publications_5y": 0, "num_citations_5y": 11, "num_publications_10y": 0, "num_citations_10y": 65, "publications_years": {"2001": 1}, "citations_years": {"2001": 1, "2002": 2, "2003": 4, "2004": 13, "2005": 19, "2006": 12, "2007": 10, "2008": 15, "2009": 8, "2010": 10, "2011": 7, "2012": 16, "2013": 13, "2014": 8, "2015": 2, "2016": 1, "2017": 0, "2018": 0, "2019": 1}, "old_citations": {"2001": 142}, "isVisible": false}, "University of Toronto": {"name": "University of Toronto", "type": "organization", "organization_type": "Education", "h_index": 278, "h5_index": 73, "num_publications": 1, "num_citations": 15, "num_publications_5y": 0, "num_citations_5y": 0, "num_publications_10y": 0, "num_citations_10y": 6, "publications_years": {"1999": 1}, "citations_years": {"1999": 1, "2000": 2, "2001": 3, "2002": 1, "2003": 1, "2004": 0, "2005": 1, "2006": 0, "2007": 0, "2008": 0, "2009": 3, "2010": 0, "2011": 3}, "old_citations": {"1999": 15}, "isVisible": false}, "University of Tsukuba": {"name": "University of Tsukuba", "type": "organization", "organization_type": "Education", "h_index": 80, "h5_index": 22, "num_publications": 1, "num_citations": 7, "num_publications_5y": 0, "num_citations_5y": 1, "num_publications_10y": 0, "num_citations_10y": 3, "publications_years": {"2001": 1}, "citations_years": {"2004": 1, "2005": 0, "2006": 1, "2007": 2, "2008": 0, "2009": 0, "2010": 0, "2011": 1, "2012": 0, "2013": 1, "2014": 0, "2015": 0, "2016": 0, "2017": 0, "2018": 1}, "old_citations": {"2001": 7}, "isVisible": false}, "Yale University": {"name": "Yale University", "type": "organization", "organization_type": "Education", "h_index": 173, "h5_index": 40, "num_publications": 1, "num_citations": 353, "num_publications_5y": 0, "num_citations_5y": 20, "num_publications_10y": 0, "num_citations_10y": 120, "publications_years": {"2002": 1}, "citations_years": {"2001": 1, "2002": 8, "2003": 26, "2004": 49, "2005": 52, "2006": 27, "2007": 31, "2008": 35, "2009": 29, "2010": 20, "2011": 23, "2012": 16, "2013": 12, "2014": 8, "2015": 4, "2016": 1, "2017": 5, "2018": 2, "2019": 3, "2020": 1}, "old_citations": {"2002": 353}, "isVisible": false}}, "topics": {"computer networks": {"name": "computer networks", "type": "topic", "h_index": 1262, "h5_index": 332, "num_publications": 36, "num_citations": 3005, "num_publications_5y": 0, "num_citations_5y": 404, "num_publications_10y": 0, "num_citations_10y": 1405, "publications_years": {"1999": 12, "2002": 7, "2000": 10, "2001": 7}, "citations_years": {"1999": 4, "2000": 20, "2001": 45, "2002": 92, "2003": 164, "2004": 205, "2005": 279, "2006": 259, "2007": 236, "2008": 238, "2009": 237, "2010": 198, "2011": 197, "2012": 165, "2013": 204, "2014": 126, "2015": 105, "2016": 73, "2017": 50, "2018": 50, "2019": 47, "2020": 10, "1998": 1}, "old_citations": {"1999": 1537, "2002": 457, "2000": 696, "2001": 315}, "isVisible": false}, "computer science": {"name": "computer science", "type": "topic", "h_index": 1779, "h5_index": 416, "num_publications": 36, "num_citations": 3005, "num_publications_5y": 0, "num_citations_5y": 404, "num_publications_10y": 0, "num_citations_10y": 1405, "publications_years": {"1999": 12, "2002": 7, "2000": 10, "2001": 7}, "citations_years": {"1999": 4, "2000": 20, "2001": 45, "2002": 92, "2003": 164, "2004": 205, "2005": 279, "2006": 259, "2007": 236, "2008": 238, "2009": 237, "2010": 198, "2011": 197, "2012": 165, "2013": 204, "2014": 126, "2015": 105, "2016": 73, "2017": 50, "2018": 50, "2019": 47, "2020": 10, "1998": 1}, "old_citations": {"1999": 1537, "2002": 457, "2000": 696, "2001": 315}, "isVisible": false}, "computer systems": {"name": "computer systems", "type": "topic", "h_index": 1595, "h5_index": 367, "num_publications": 36, "num_citations": 3005, "num_publications_5y": 0, "num_citations_5y": 404, "num_publications_10y": 0, "num_citations_10y": 1405, "publications_years": {"1999": 12, "2002": 7, "2000": 10, "2001": 7}, "citations_years": {"1999": 4, "2000": 20, "2001": 45, "2002": 92, "2003": 164, "2004": 205, "2005": 279, "2006": 259, "2007": 236, "2008": 238, "2009": 237, "2010": 198, "2011": 197, "2012": 165, "2013": 204, "2014": 126, "2015": 105, "2016": 73, "2017": 50, "2018": 50, "2019": 47, "2020": 10, "1998": 1}, "old_citations": {"1999": 1537, "2002": 457, "2000": 696, "2001": 315}, "isVisible": false}, "telecommunication systems": {"name": "telecommunication systems", "type": "topic", "h_index": 1187, "h5_index": 277, "num_publications": 36, "num_citations": 3005, "num_publications_5y": 0, "num_citations_5y": 404, "num_publications_10y": 0, "num_citations_10y": 1405, "publications_years": {"1999": 12, "2002": 7, "2000": 10, "2001": 7}, "citations_years": {"1999": 4, "2000": 20, "2001": 45, "2002": 92, "2003": 164, "2004": 205, "2005": 279, "2006": 259, "2007": 236, "2008": 238, "2009": 237, "2010": 198, "2011": 197, "2012": 165, "2013": 204, "2014": 126, "2015": 105, "2016": 73, "2017": 50, "2018": 50, "2019": 47, "2020": 10, "1998": 1}, "old_citations": {"1999": 1537, "2002": 457, "2000": 696, "2001": 315}, "isVisible": false}, "communication systems": {"name": "communication systems", "type": "topic", "h_index": 1092, "h5_index": 254, "num_publications": 35, "num_citations": 3005, "num_publications_5y": 0, "num_citations_5y": 404, "num_publications_10y": 0, "num_citations_10y": 1405, "publications_years": {"1999": 11, "2002": 7, "2000": 10, "2001": 7}, "citations_years": {"1999": 4, "2000": 20, "2001": 45, "2002": 92, "2003": 164, "2004": 205, "2005": 279, "2006": 259, "2007": 236, "2008": 238, "2009": 237, "2010": 198, "2011": 197, "2012": 165, "2013": 204, "2014": 126, "2015": 105, "2016": 73, "2017": 50, "2018": 50, "2019": 47, "2020": 10, "1998": 1}, "old_citations": {"1999": 1537, "2002": 457, "2000": 696, "2001": 315}, "isVisible": false}, "telecommunication networks": {"name": "telecommunication networks", "type": "topic", "h_index": 1116, "h5_index": 258, "num_publications": 35, "num_citations": 2819, "num_publications_5y": 0, "num_citations_5y": 363, "num_publications_10y": 0, "num_citations_10y": 1273, "publications_years": {"1999": 12, "2002": 7, "2000": 9, "2001": 7}, "citations_years": {"1999": 4, "2000": 20, "2001": 45, "2002": 91, "2003": 164, "2004": 203, "2005": 278, "2006": 248, "2007": 220, "2008": 222, "2009": 212, "2010": 181, "2011": 188, "2012": 149, "2013": 180, "2014": 114, "2015": 91, "2016": 67, "2017": 44, "2018": 47, "2019": 40, "2020": 10, "1998": 1}, "old_citations": {"1999": 1537, "2002": 457, "2000": 510, "2001": 315}, "isVisible": false}, "wireless telecommunication systems": {"name": "wireless telecommunication systems", "type": "topic", "h_index": 1087, "h5_index": 254, "num_publications": 35, "num_citations": 3005, "num_publications_5y": 0, "num_citations_5y": 404, "num_publications_10y": 0, "num_citations_10y": 1405, "publications_years": {"1999": 11, "2002": 7, "2000": 10, "2001": 7}, "citations_years": {"1999": 4, "2000": 20, "2001": 45, "2002": 92, "2003": 164, "2004": 205, "2005": 279, "2006": 259, "2007": 236, "2008": 238, "2009": 237, "2010": 198, "2011": 197, "2012": 165, "2013": 204, "2014": 126, "2015": 105, "2016": 73, "2017": 50, "2018": 50, "2019": 47, "2020": 10, "1998": 1}, "old_citations": {"1999": 1537, "2002": 457, "2000": 696, "2001": 315}, "isVisible": false}, "data communication systems": {"name": "data communication systems", "type": "topic", "h_index": 1013, "h5_index": 234, "num_publications": 32, "num_citations": 2797, "num_publications_5y": 0, "num_citations_5y": 362, "num_publications_10y": 0, "num_citations_10y": 1263, "publications_years": {"1999": 11, "2002": 6, "2000": 8, "2001": 7}, "citations_years": {"1999": 4, "2000": 20, "2001": 44, "2002": 90, "2003": 163, "2004": 202, "2005": 277, "2006": 247, "2007": 217, "2008": 219, "2009": 210, "2010": 181, "2011": 186, "2012": 147, "2013": 177, "2014": 113, "2015": 91, "2016": 67, "2017": 44, "2018": 47, "2019": 40, "2020": 10, "1998": 1}, "old_citations": {"1999": 1537, "2002": 456, "2000": 489, "2001": 315}, "isVisible": false}, "telecommunication traffic": {"name": "telecommunication traffic", "type": "topic", "h_index": 1036, "h5_index": 233, "num_publications": 32, "num_citations": 2806, "num_publications_5y": 0, "num_citations_5y": 363, "num_publications_10y": 0, "num_citations_10y": 1273, "publications_years": {"1999": 10, "2002": 6, "2000": 9, "2001": 7}, "citations_years": {"1999": 4, "2000": 18, "2001": 45, "2002": 91, "2003": 161, "2004": 201, "2005": 276, "2006": 246, "2007": 218, "2008": 222, "2009": 212, "2010": 181, "2011": 188, "2012": 149, "2013": 180, "2014": 114, "2015": 91, "2016": 67, "2017": 44, "2018": 47, "2019": 40, "2020": 10, "1998": 1}, "old_citations": {"1999": 1534, "2002": 447, "2000": 510, "2001": 315}, "isVisible": false}, "communication channels (information theory)": {"name": "communication channels (information theory)", "type": "topic", "h_index": 925, "h5_index": 216, "num_publications": 29, "num_citations": 2627, "num_publications_5y": 0, "num_citations_5y": 383, "num_publications_10y": 0, "num_citations_10y": 1275, "publications_years": {"1999": 9, "2000": 9, "2001": 7, "2002": 4}, "citations_years": {"1999": 4, "2000": 18, "2001": 43, "2002": 83, "2003": 137, "2004": 155, "2005": 225, "2006": 231, "2007": 202, "2008": 200, "2009": 206, "2010": 178, "2011": 172, "2012": 147, "2013": 189, "2014": 117, "2015": 101, "2016": 72, "2017": 45, "2018": 48, "2019": 44, "2020": 9, "1998": 1}, "old_citations": {"1999": 1534, "2000": 675, "2001": 315, "2002": 103}, "isVisible": false}, "bandwidth": {"name": "bandwidth", "type": "topic", "h_index": 922, "h5_index": 201, "num_publications": 27, "num_citations": 2767, "num_publications_5y": 0, "num_citations_5y": 362, "num_publications_10y": 0, "num_citations_10y": 1266, "publications_years": {"1999": 8, "2000": 8, "2001": 7, "2002": 4}, "citations_years": {"1999": 4, "2000": 16, "2001": 36, "2002": 88, "2003": 154, "2004": 199, "2005": 274, "2006": 242, "2007": 217, "2008": 222, "2009": 211, "2010": 180, "2011": 185, "2012": 149, "2013": 179, "2014": 114, "2015": 91, "2016": 67, "2017": 44, "2018": 46, "2019": 38, "2020": 10, "1998": 1}, "old_citations": {"1999": 1496, "2000": 510, "2001": 315, "2002": 446}, "isVisible": false}, "mobile telecommunication systems": {"name": "mobile telecommunication systems", "type": "topic", "h_index": 732, "h5_index": 170, "num_publications": 27, "num_citations": 2426, "num_publications_5y": 0, "num_citations_5y": 342, "num_publications_10y": 0, "num_citations_10y": 1137, "publications_years": {"1999": 8, "2000": 8, "2001": 7, "2002": 4}, "citations_years": {"1999": 3, "2000": 16, "2001": 40, "2002": 81, "2003": 136, "2004": 153, "2005": 223, "2006": 220, "2007": 186, "2008": 184, "2009": 178, "2010": 161, "2011": 160, "2012": 131, "2013": 165, "2014": 105, "2015": 87, "2016": 66, "2017": 39, "2018": 45, "2019": 37, "2020": 9, "1998": 1}, "old_citations": {"1999": 1519, "2000": 489, "2001": 315, "2002": 103}, "isVisible": false}, "computer hardware": {"name": "computer hardware", "type": "topic", "h_index": 1150, "h5_index": 279, "num_publications": 24, "num_citations": 2582, "num_publications_5y": 0, "num_citations_5y": 382, "num_publications_10y": 0, "num_citations_10y": 1267, "publications_years": {"1999": 7, "2002": 4, "2000": 7, "2001": 6}, "citations_years": {"1999": 4, "2000": 16, "2001": 40, "2002": 80, "2003": 127, "2004": 150, "2005": 223, "2006": 224, "2007": 197, "2008": 200, "2009": 205, "2010": 177, "2011": 168, "2012": 147, "2013": 188, "2014": 117, "2015": 101, "2016": 72, "2017": 45, "2018": 47, "2019": 44, "2020": 9, "1998": 1}, "old_citations": {"1999": 1508, "2002": 93, "2000": 673, "2001": 308}, "isVisible": false}, "routers": {"name": "routers", "type": "topic", "h_index": 752, "h5_index": 160, "num_publications": 24, "num_citations": 2728, "num_publications_5y": 0, "num_citations_5y": 361, "num_publications_10y": 0, "num_citations_10y": 1250, "publications_years": {"1999": 6, "2000": 7, "2001": 7, "2002": 4}, "citations_years": {"1999": 3, "2000": 12, "2001": 32, "2002": 86, "2003": 152, "2004": 198, "2005": 272, "2006": 241, "2007": 214, "2008": 219, "2009": 206, "2010": 180, "2011": 180, "2012": 147, "2013": 176, "2014": 113, "2015": 91, "2016": 67, "2017": 44, "2018": 46, "2019": 38, "2020": 10, "1998": 1}, "old_citations": {"1999": 1478, "2000": 489, "2001": 315, "2002": 446}, "isVisible": false}, "routing algorithms": {"name": "routing algorithms", "type": "topic", "h_index": 767, "h5_index": 164, "num_publications": 23, "num_citations": 2727, "num_publications_5y": 0, "num_citations_5y": 361, "num_publications_10y": 0, "num_citations_10y": 1250, "publications_years": {"1999": 5, "2000": 7, "2001": 7, "2002": 4}, "citations_years": {"1999": 3, "2000": 12, "2001": 31, "2002": 86, "2003": 152, "2004": 198, "2005": 272, "2006": 241, "2007": 214, "2008": 219, "2009": 206, "2010": 180, "2011": 180, "2012": 147, "2013": 176, "2014": 113, "2015": 91, "2016": 67, "2017": 44, "2018": 46, "2019": 38, "2020": 10, "1998": 1}, "old_citations": {"1999": 1478, "2000": 488, "2001": 315, "2002": 446}, "isVisible": false}, "engineering": {"name": "engineering", "type": "topic", "h_index": 1177, "h5_index": 287, "num_publications": 22, "num_citations": 2118, "num_publications_5y": 0, "num_citations_5y": 315, "num_publications_10y": 0, "num_citations_10y": 1037, "publications_years": {"1999": 7, "2002": 2, "2000": 7, "2001": 6}, "citations_years": {"1999": 3, "2000": 12, "2001": 33, "2002": 68, "2003": 106, "2004": 121, "2005": 177, "2006": 179, "2007": 168, "2008": 171, "2009": 170, "2010": 139, "2011": 137, "2012": 123, "2013": 153, "2014": 105, "2015": 81, "2016": 57, "2017": 35, "2018": 37, "2019": 36, "2020": 6, "1998": 1}, "old_citations": {"1999": 1495, "2002": 27, "2000": 362, "2001": 234}, "isVisible": false}, "local area networks": {"name": "local area networks", "type": "topic", "h_index": 677, "h5_index": 151, "num_publications": 22, "num_citations": 2375, "num_publications_5y": 0, "num_citations_5y": 336, "num_publications_10y": 0, "num_citations_10y": 1127, "publications_years": {"1999": 6, "2000": 6, "2001": 7, "2002": 3}, "citations_years": {"1999": 4, "2000": 14, "2001": 34, "2002": 78, "2003": 126, "2004": 149, "2005": 221, "2006": 212, "2007": 182, "2008": 183, "2009": 180, "2010": 160, "2011": 159, "2012": 130, "2013": 162, "2014": 104, "2015": 86, "2016": 63, "2017": 39, "2018": 44, "2019": 35, "2020": 9, "1998": 1}, "old_citations": {"1999": 1493, "2000": 474, "2001": 315, "2002": 93}, "isVisible": false}, "sensors": {"name": "sensors", "type": "topic", "h_index": 960, "h5_index": 229, "num_publications": 21, "num_citations": 2548, "num_publications_5y": 0, "num_citations_5y": 376, "num_publications_10y": 0, "num_citations_10y": 1255, "publications_years": {"1999": 6, "2002": 4, "2000": 6, "2001": 5}, "citations_years": {"1999": 4, "2000": 14, "2001": 34, "2002": 78, "2003": 124, "2004": 150, "2005": 221, "2006": 222, "2007": 196, "2008": 198, "2009": 205, "2010": 177, "2011": 167, "2012": 145, "2013": 185, "2014": 116, "2015": 100, "2016": 69, "2017": 45, "2018": 46, "2019": 42, "2020": 9, "1998": 1}, "old_citations": {"1999": 1493, "2002": 93, "2000": 658, "2001": 304}, "isVisible": false}, "wireless communications": {"name": "wireless communications", "type": "topic", "h_index": 773, "h5_index": 173, "num_publications": 21, "num_citations": 1774, "num_publications_5y": 0, "num_citations_5y": 248, "num_publications_10y": 0, "num_citations_10y": 805, "publications_years": {"1999": 8, "2002": 4, "2000": 4, "2001": 5}, "citations_years": {"1999": 4, "2000": 16, "2001": 38, "2002": 59, "2003": 104, "2004": 112, "2005": 167, "2006": 159, "2007": 137, "2008": 138, "2009": 129, "2010": 106, "2011": 116, "2012": 92, "2013": 114, "2014": 81, "2015": 66, "2016": 43, "2017": 25, "2018": 33, "2019": 29, "2020": 5, "1998": 1}, "old_citations": {"1999": 1252, "2002": 38, "2000": 180, "2001": 304}, "isVisible": false}, "internet protocols": {"name": "internet protocols", "type": "topic", "h_index": 808, "h5_index": 165, "num_publications": 20, "num_citations": 2672, "num_publications_5y": 0, "num_citations_5y": 348, "num_publications_10y": 0, "num_citations_10y": 1223, "publications_years": {"1999": 6, "2002": 5, "2000": 5, "2001": 4}, "citations_years": {"1999": 3, "2000": 12, "2001": 32, "2002": 84, "2003": 148, "2004": 190, "2005": 270, "2006": 237, "2007": 210, "2008": 215, "2009": 205, "2010": 177, "2011": 175, "2012": 145, "2013": 173, "2014": 110, "2015": 88, "2016": 62, "2017": 44, "2018": 44, "2019": 37, "2020": 10, "1998": 1}, "old_citations": {"1999": 1478, "2002": 446, "2000": 472, "2001": 276}, "isVisible": false}, "multicasts": {"name": "multicasts", "type": "topic", "h_index": 669, "h5_index": 127, "num_publications": 19, "num_citations": 2675, "num_publications_5y": 0, "num_citations_5y": 348, "num_publications_10y": 0, "num_citations_10y": 1223, "publications_years": {"1999": 6, "2000": 5, "2001": 4, "2002": 4}, "citations_years": {"1999": 3, "2000": 14, "2001": 32, "2002": 84, "2003": 148, "2004": 190, "2005": 271, "2006": 237, "2007": 210, "2008": 215, "2009": 205, "2010": 177, "2011": 175, "2012": 145, "2013": 173, "2014": 110, "2015": 88, "2016": 62, "2017": 44, "2018": 44, "2019": 37, "2020": 10, "1998": 1}, "old_citations": {"1999": 1481, "2000": 472, "2001": 276, "2002": 446}, "isVisible": false}, "quality of service": {"name": "quality of service", "type": "topic", "h_index": 682, "h5_index": 141, "num_publications": 20, "num_citations": 2362, "num_publications_5y": 0, "num_citations_5y": 330, "num_publications_10y": 0, "num_citations_10y": 1122, "publications_years": {"1999": 6, "2000": 6, "2001": 5, "2002": 3}, "citations_years": {"1999": 4, "2000": 14, "2001": 35, "2002": 78, "2003": 124, "2004": 143, "2005": 219, "2006": 212, "2007": 184, "2008": 183, "2009": 181, "2010": 157, "2011": 158, "2012": 131, "2013": 165, "2014": 103, "2015": 84, "2016": 61, "2017": 39, "2018": 43, "2019": 34, "2020": 9, "1998": 1}, "old_citations": {"1999": 1493, "2000": 493, "2001": 283, "2002": 93}, "isVisible": false}}, "authors": {"1947780642": {"name": "georgios varsamopoulos", "type": "author", "activity": 15, "h_index": 18, "h5_index": 0, "mag_id": "1947780642", "num_publications": 2, "num_citations": 4, "num_publications_5y": 0, "num_citations_5y": 0, "num_publications_10y": 0, "num_citations_10y": 0, "publications_years": {"2002": 1, "2001": 1}, "citations_years": {"2005": 2, "2002": 1, "2003": 0, "2004": 1}, "old_citations": {"2002": 1, "2001": 3}, "isVisible": false}, "2044130634": {"name": "zygmunt j haas", "type": "author", "activity": 31, "h_index": 60, "h5_index": 4, "mag_id": "2044130634", "num_publications": 2, "num_citations": 21, "num_publications_5y": 0, "num_citations_5y": 1, "num_publications_10y": 0, "num_citations_10y": 10, "publications_years": {"1999": 1, "2000": 1}, "citations_years": {"2001": 1, "2002": 1, "2003": 1, "2004": 1, "2005": 0, "2006": 1, "2007": 3, "2008": 3, "2009": 2, "2010": 0, "2011": 2, "2012": 2, "2013": 3, "2014": 1}, "old_citations": {"1999": 0, "2000": 21}, "isVisible": false}, "2133412819": {"name": "jennifer l welch", "type": "author", "activity": 31, "h_index": 26, "h5_index": 1, "mag_id": "2133412819", "num_publications": 2, "num_citations": 346, "num_publications_5y": 0, "num_citations_5y": 53, "num_publications_10y": 0, "num_citations_10y": 184, "publications_years": {"2002": 1, "2000": 1}, "citations_years": {"2003": 14, "2004": 21, "2005": 33, "2006": 33, "2007": 23, "2008": 21, "2009": 27, "2010": 32, "2011": 27, "2012": 19, "2013": 26, "2014": 8, "2015": 15, "2016": 12, "2001": 1, "2002": 8, "2017": 9, "2018": 9, "2019": 6, "2020": 2}, "old_citations": {"2002": 33, "2000": 313}, "isVisible": false}, "2147421545": {"name": "sandeep k s gupta", "type": "author", "activity": 29, "h_index": 42, "h5_index": 7, "mag_id": "2147421545", "num_publications": 2, "num_citations": 4, "num_publications_5y": 0, "num_citations_5y": 0, "num_publications_10y": 0, "num_citations_10y": 0, "publications_years": {"2002": 1, "2001": 1}, "citations_years": {"2005": 2, "2002": 1, "2003": 0, "2004": 1}, "old_citations": {"2002": 1, "2001": 3}, "isVisible": false}, "2294681675": {"name": "geraldo robson mateus", "type": "author", "activity": 30, "h_index": 17, "h5_index": 2, "mag_id": "2294681675", "num_publications": 2, "num_citations": 13, "num_publications_5y": 0, "num_citations_5y": 0, "num_publications_10y": 0, "num_citations_10y": 1, "publications_years": {"1999": 1, "2001": 1}, "citations_years": {"2000": 2, "2001": 0, "2002": 2, "2003": 4, "2004": 0, "2005": 1, "2006": 1, "2007": 1, "2008": 1, "2009": 0, "2010": 0, "2011": 0, "2012": 1}, "old_citations": {"1999": 9, "2001": 4}, "isVisible": false}, "32897743": {"name": "sergei bespamyatnikh", "type": "author", "activity": 7, "h_index": 5, "h5_index": 0, "mag_id": "32897743", "num_publications": 1, "num_citations": 39, "num_publications_5y": 0, "num_citations_5y": 7, "num_publications_10y": 0, "num_citations_10y": 17, "publications_years": {"2000": 1}, "citations_years": {"2001": 1, "2002": 2, "2003": 3, "2004": 2, "2005": 2, "2006": 5, "2007": 4, "2008": 2, "2009": 3, "2010": 1, "2011": 3, "2012": 1, "2013": 2, "2014": 3, "2015": 0, "2016": 2, "2017": 0, "2018": 2, "2019": 1}, "old_citations": {"2000": 39}, "isVisible": false}, "252845094": {"name": "youssef iraqi", "type": "author", "activity": 23, "h_index": 20, "h5_index": 4, "mag_id": "252845094", "num_publications": 1, "num_citations": 15, "num_publications_5y": 0, "num_citations_5y": 0, "num_publications_10y": 0, "num_citations_10y": 6, "publications_years": {"1999": 1}, "citations_years": {"1999": 1, "2000": 2, "2001": 3, "2002": 1, "2003": 1, "2004": 0, "2005": 1, "2006": 0, "2007": 0, "2008": 0, "2009": 3, "2010": 0, "2011": 3}, "old_citations": {"1999": 15}, "isVisible": false}, "253203043": {"name": "ivan stojmenovic", "type": "author", "activity": 28, "h_index": 61, "h5_index": 5, "mag_id": "253203043", "num_publications": 1, "num_citations": 51, "num_publications_5y": 0, "num_citations_5y": 11, "num_publications_10y": 0, "num_citations_10y": 32, "publications_years": {"1999": 1}, "citations_years": {"1999": 1, "2000": 0, "2001": 0, "2002": 0, "2003": 1, "2004": 1, "2005": 2, "2006": 4, "2007": 5, "2008": 4, "2009": 2, "2010": 4, "2011": 5, "2012": 4, "2013": 6, "2014": 3, "2015": 3, "2016": 2, "2017": 3, "2018": 0, "2019": 1}, "old_citations": {"1999": 51}, "isVisible": false}, "266947894": {"name": "goran konjevod", "type": "author", "activity": 15, "h_index": 9, "h5_index": 0, "mag_id": "266947894", "num_publications": 1, "num_citations": 1, "num_publications_5y": 0, "num_citations_5y": 0, "num_publications_10y": 0, "num_citations_10y": 0, "publications_years": {"2002": 1}, "citations_years": {"2005": 1}, "old_citations": {"2002": 1}, "isVisible": false}, "267730324": {"name": "giorgio gambosi", "type": "author", "activity": 30, "h_index": 9, "h5_index": 1, "mag_id": "267730324", "num_publications": 1, "num_citations": 2, "num_publications_5y": 0, "num_citations_5y": 0, "num_publications_10y": 0, "num_citations_10y": 0, "publications_years": {"2000": 1}, "citations_years": {"2002": 1, "2003": 1}, "old_citations": {"2000": 2}, "isVisible": false}, "290762400": {"name": "pierre fraigniaud", "type": "author", "activity": 31, "h_index": 28, "h5_index": 4, "mag_id": "290762400", "num_publications": 1, "num_citations": 142, "num_publications_5y": 0, "num_citations_5y": 11, "num_publications_10y": 0, "num_citations_10y": 65, "publications_years": {"2001": 1}, "citations_years": {"2001": 1, "2002": 2, "2003": 4, "2004": 13, "2005": 19, "2006": 12, "2007": 10, "2008": 15, "2009": 8, "2010": 10, "2011": 7, "2012": 16, "2013": 13, "2014": 8, "2015": 2, "2016": 1, "2017": 0, "2018": 0, "2019": 1}, "old_citations": {"2001": 142}, "isVisible": false}, "356043702": {"name": "leonidas j guibas", "type": "author", "activity": 31, "h_index": 79, "h5_index": 27, "mag_id": "356043702", "num_publications": 1, "num_citations": 0, "num_publications_5y": 0, "num_citations_5y": 0, "num_publications_10y": 0, "num_citations_10y": 0, "publications_years": {"2000": 1}, "citations_years": {}, "old_citations": {"2000": 0}, "isVisible": false}, "416104820": {"name": "m satyanarayanan", "type": "author", "activity": 30, "h_index": 65, "h5_index": 11, "mag_id": "416104820", "num_publications": 1, "num_citations": 15, "num_publications_5y": 0, "num_citations_5y": 1, "num_publications_10y": 0, "num_citations_10y": 2, "publications_years": {"1999": 1}, "citations_years": {"2000": 2, "2001": 6, "2002": 1, "2003": 1, "2004": 0, "2005": 1, "2006": 0, "2007": 0, "2008": 0, "2009": 0, "2010": 0, "2011": 0, "2012": 0, "2013": 1, "2014": 0, "2015": 0, "2016": 0, "2017": 0, "2018": 1, "2019": 2}, "old_citations": {"1999": 15}, "isVisible": false}, "465425324": {"name": "gene tsudik", "type": "author", "activity": 30, "h_index": 72, "h5_index": 12, "mag_id": "465425324", "num_publications": 1, "num_citations": 282, "num_publications_5y": 0, "num_citations_5y": 31, "num_publications_10y": 0, "num_citations_10y": 137, "publications_years": {"1999": 1}, "citations_years": {"2000": 2, "2001": 5, "2002": 14, "2003": 16, "2004": 17, "2005": 20, "2006": 18, "2007": 24, "2008": 25, "2009": 27, "2010": 20, "2011": 18, "2012": 19, "2013": 22, "2014": 15, "2015": 3, "2016": 7, "2017": 4, "2018": 2, "2019": 2, "2020": 2}, "old_citations": {"1999": 282}, "isVisible": false}, "684175691": {"name": "martha steenstrup", "type": "author", "activity": 12, "h_index": 7, "h5_index": 0, "mag_id": "684175691", "num_publications": 1, "num_citations": 0, "num_publications_5y": 0, "num_citations_5y": 0, "num_publications_10y": 0, "num_citations_10y": 0, "publications_years": {"1999": 1}, "citations_years": {}, "old_citations": {"1999": 0}, "isVisible": false}, "716715026": {"name": "joseph y halpern", "type": "author", "activity": 30, "h_index": 47, "h5_index": 4, "mag_id": "716715026", "num_publications": 1, "num_citations": 21, "num_publications_5y": 0, "num_citations_5y": 1, "num_publications_10y": 0, "num_citations_10y": 10, "publications_years": {"2000": 1}, "citations_years": {"2001": 1, "2002": 1, "2003": 1, "2004": 1, "2005": 0, "2006": 1, "2007": 3, "2008": 3, "2009": 2, "2010": 0, "2011": 2, "2012": 2, "2013": 3, "2014": 1}, "old_citations": {"2000": 21}, "isVisible": false}, "719828399": {"name": "scott shenker", "type": "author", "activity": 30, "h_index": 121, "h5_index": 15, "mag_id": "719828399", "num_publications": 1, "num_citations": 353, "num_publications_5y": 0, "num_citations_5y": 20, "num_publications_10y": 0, "num_citations_10y": 120, "publications_years": {"2002": 1}, "citations_years": {"2001": 1, "2002": 8, "2003": 26, "2004": 49, "2005": 52, "2006": 27, "2007": 31, "2008": 35, "2009": 29, "2010": 20, "2011": 23, "2012": 16, "2013": 12, "2014": 8, "2015": 4, "2016": 1, "2017": 5, "2018": 2, "2019": 3, "2020": 1}, "old_citations": {"2002": 353}, "isVisible": false}, "1310345941": {"name": "markus endler", "type": "author", "activity": 30, "h_index": 17, "h5_index": 4, "mag_id": "1310345941", "num_publications": 1, "num_citations": 3, "num_publications_5y": 0, "num_citations_5y": 0, "num_publications_10y": 0, "num_citations_10y": 0, "publications_years": {"1999": 1}, "citations_years": {"2000": 2, "2001": 0, "2002": 0, "2003": 0, "2004": 0, "2005": 1}, "old_citations": {"1999": 3}, "isVisible": false}, "1661735625": {"name": "david famolari", "type": "author", "activity": 16, "h_index": 24, "h5_index": 0, "mag_id": "1661735625", "num_publications": 1, "num_citations": 17, "num_publications_5y": 0, "num_citations_5y": 0, "num_publications_10y": 0, "num_citations_10y": 5, "publications_years": {"1999": 1}, "citations_years": {"2001": 3, "2002": 0, "2003": 3, "2004": 2, "2005": 1, "2006": 3, "2007": 0, "2008": 0, "2009": 1, "2010": 1, "2011": 3}, "old_citations": {"1999": 17}, "isVisible": false}, "1965972254": {"name": "pierluigi crescenzi", "type": "author", "activity": 31, "h_index": 17, "h5_index": 3, "mag_id": "1965972254", "num_publications": 1, "num_citations": 2, "num_publications_5y": 0, "num_citations_5y": 0, "num_publications_10y": 0, "num_citations_10y": 0, "publications_years": {"2000": 1}, "citations_years": {"2002": 1, "2003": 1}, "old_citations": {"2000": 2}, "isVisible": false}, "1979746700": {"name": "panos m pardalos", "type": "author", "activity": 31, "h_index": 43, "h5_index": 12, "mag_id": "1979746700", "num_publications": 1, "num_citations": 28, "num_publications_5y": 0, "num_citations_5y": 7, "num_publications_10y": 0, "num_citations_10y": 14, "publications_years": {"2001": 1}, "citations_years": {"2003": 1, "2004": 7, "2005": 1, "2006": 1, "2007": 1, "2008": 2, "2009": 1, "2010": 3, "2011": 3, "2012": 0, "2013": 0, "2014": 2, "2015": 2, "2016": 2, "2017": 0, "2018": 1, "2019": 1}, "old_citations": {"2001": 28}, "isVisible": false}, "1998464616": {"name": "hari balakrishnan", "type": "author", "activity": 26, "h_index": 98, "h5_index": 10, "mag_id": "1998464616", "num_publications": 1, "num_citations": 0, "num_publications_5y": 0, "num_citations_5y": 0, "num_publications_10y": 0, "num_citations_10y": 0, "publications_years": {"2002": 1}, "citations_years": {}, "old_citations": {"2002": 0}, "isVisible": false}, "2016802188": {"name": "michael segal", "type": "author", "activity": 28, "h_index": 17, "h5_index": 4, "mag_id": "2016802188", "num_publications": 1, "num_citations": 39, "num_publications_5y": 0, "num_citations_5y": 7, "num_publications_10y": 0, "num_citations_10y": 17, "publications_years": {"2000": 1}, "citations_years": {"2001": 1, "2002": 2, "2003": 3, "2004": 2, "2005": 2, "2006": 5, "2007": 4, "2008": 2, "2009": 3, "2010": 1, "2011": 3, "2012": 1, "2013": 2, "2014": 3, "2015": 0, "2016": 2, "2017": 0, "2018": 2, "2019": 1}, "old_citations": {"2000": 39}, "isVisible": false}, "2055290945": {"name": "lata narayanan", "type": "author", "activity": 30, "h_index": 17, "h5_index": 6, "mag_id": "2055290945", "num_publications": 1, "num_citations": 142, "num_publications_5y": 0, "num_citations_5y": 11, "num_publications_10y": 0, "num_citations_10y": 65, "publications_years": {"2001": 1}, "citations_years": {"2001": 1, "2002": 2, "2003": 4, "2004": 13, "2005": 19, "2006": 12, "2007": 10, "2008": 15, "2009": 8, "2010": 10, "2011": 7, "2012": 16, "2013": 13, "2014": 8, "2015": 2, "2016": 1, "2017": 0, "2018": 0, "2019": 1}, "old_citations": {"2001": 142}, "isVisible": false}, "2065108530": {"name": "mauricio g c resende", "type": "author", "activity": 30, "h_index": 33, "h5_index": 6, "mag_id": "2065108530", "num_publications": 1, "num_citations": 28, "num_publications_5y": 0, "num_citations_5y": 7, "num_publications_10y": 0, "num_citations_10y": 14, "publications_years": {"2001": 1}, "citations_years": {"2003": 1, "2004": 7, "2005": 1, "2006": 1, "2007": 1, "2008": 2, "2009": 1, "2010": 3, "2011": 3, "2012": 0, "2013": 0, "2014": 2, "2015": 2, "2016": 2, "2017": 0, "2018": 1, "2019": 1}, "old_citations": {"2001": 28}, "isVisible": false}, "2081029678": {"name": "alexander zelikovsky", "type": "author", "activity": 27, "h_index": 29, "h5_index": 3, "mag_id": "2081029678", "num_publications": 1, "num_citations": 81, "num_publications_5y": 0, "num_citations_5y": 9, "num_publications_10y": 0, "num_citations_10y": 32, "publications_years": {"2001": 1}, "citations_years": {"2002": 3, "2003": 8, "2004": 8, "2005": 8, "2006": 8, "2007": 6, "2008": 7, "2009": 6, "2010": 4, "2011": 3, "2012": 4, "2013": 6, "2014": 3, "2015": 3, "2016": 2, "2017": 0, "2018": 1, "2019": 0, "2020": 1}, "old_citations": {"2001": 81}, "isVisible": false}, "2101367683": {"name": "sajal k das", "type": "author", "activity": 31, "h_index": 72, "h5_index": 16, "mag_id": "2101367683", "num_publications": 1, "num_citations": 7, "num_publications_5y": 0, "num_citations_5y": 1, "num_publications_10y": 0, "num_citations_10y": 3, "publications_years": {"2001": 1}, "citations_years": {"2004": 1, "2005": 0, "2006": 1, "2007": 2, "2008": 0, "2009": 0, "2010": 0, "2011": 1, "2012": 0, "2013": 1, "2014": 0, "2015": 0, "2016": 0, "2017": 0, "2018": 1}, "old_citations": {"2001": 7}, "isVisible": false}, "2103022394": {"name": "jie wu", "type": "author", "activity": 31, "h_index": 75, "h5_index": 23, "mag_id": "2103022394", "num_publications": 1, "num_citations": 1015, "num_publications_5y": 0, "num_citations_5y": 179, "num_publications_10y": 0, "num_citations_10y": 525, "publications_years": {"1999": 1}, "citations_years": {"1998": 1, "1999": 0, "2000": 3, "2001": 13, "2002": 27, "2003": 38, "2004": 51, "2005": 91, "2006": 85, "2007": 80, "2008": 78, "2009": 83, "2010": 63, "2011": 69, "2012": 55, "2013": 76, "2014": 56, "2015": 49, "2016": 30, "2017": 18, "2018": 26, "2019": 21, "2020": 2}, "old_citations": {"1999": 1015}, "isVisible": false}, "2116710029": {"name": "kaiyeung siu", "type": "author", "activity": 9, "h_index": 16, "h5_index": 0, "mag_id": "2116710029", "num_publications": 1, "num_citations": 186, "num_publications_5y": 0, "num_citations_5y": 41, "num_publications_10y": 0, "num_citations_10y": 132, "publications_years": {"2000": 1}, "citations_years": {"2002": 1, "2003": 0, "2004": 2, "2005": 1, "2006": 11, "2007": 16, "2008": 16, "2009": 25, "2010": 17, "2011": 9, "2012": 16, "2013": 24, "2014": 12, "2015": 14, "2016": 6, "2017": 6, "2018": 3, "2019": 7}, "old_citations": {"2000": 186}, "isVisible": false}, "2120521483": {"name": "yongbing zhang", "type": "author", "activity": 29, "h_index": 13, "h5_index": 2, "mag_id": "2120521483", "num_publications": 1, "num_citations": 7, "num_publications_5y": 0, "num_citations_5y": 1, "num_publications_10y": 0, "num_citations_10y": 3, "publications_years": {"2001": 1}, "citations_years": {"2004": 1, "2005": 0, "2006": 1, "2007": 2, "2008": 0, "2009": 0, "2010": 0, "2011": 1, "2012": 0, "2013": 1, "2014": 0, "2015": 0, "2016": 0, "2017": 0, "2018": 1}, "old_citations": {"2001": 7}, "isVisible": false}, "2120994602": {"name": "prosenjit bose", "type": "author", "activity": 27, "h_index": 16, "h5_index": 3, "mag_id": "2120994602", "num_publications": 1, "num_citations": 51, "num_publications_5y": 0, "num_citations_5y": 11, "num_publications_10y": 0, "num_citations_10y": 32, "publications_years": {"1999": 1}, "citations_years": {"1999": 1, "2000": 0, "2001": 0, "2002": 0, "2003": 1, "2004": 1, "2005": 2, "2006": 4, "2007": 5, "2008": 4, "2009": 2, "2010": 4, "2011": 5, "2012": 4, "2013": 6, "2014": 3, "2015": 3, "2016": 2, "2017": 3, "2018": 0, "2019": 1}, "old_citations": {"1999": 51}, "isVisible": false}, "2123424177": {"name": "david g kirkpatrick", "type": "author", "activity": 30, "h_index": 11, "h5_index": 2, "mag_id": "2123424177", "num_publications": 1, "num_citations": 39, "num_publications_5y": 0, "num_citations_5y": 7, "num_publications_10y": 0, "num_citations_10y": 17, "publications_years": {"2000": 1}, "citations_years": {"2001": 1, "2002": 2, "2003": 3, "2004": 2, "2005": 2, "2006": 5, "2007": 4, "2008": 2, "2009": 3, "2010": 1, "2011": 3, "2012": 1, "2013": 2, "2014": 3, "2015": 0, "2016": 2, "2017": 0, "2018": 2, "2019": 1}, "old_citations": {"2000": 39}, "isVisible": false}, "2123921836": {"name": "lichun bao", "type": "author", "activity": 16, "h_index": 19, "h5_index": 0, "mag_id": "2123921836", "num_publications": 1, "num_citations": 50, "num_publications_5y": 0, "num_citations_5y": 3, "num_publications_10y": 0, "num_citations_10y": 16, "publications_years": {"2001": 1}, "citations_years": {"2002": 2, "2003": 3, "2004": 0, "2005": 4, "2006": 8, "2007": 9, "2008": 8, "2009": 4, "2010": 5, "2011": 2, "2012": 0, "2013": 2, "2014": 0, "2015": 1, "2016": 1, "2017": 1}, "old_citations": {"2001": 50}, "isVisible": false}, "2125762281": {"name": "joseph naor", "type": "author", "activity": 30, "h_index": 34, "h5_index": 3, "mag_id": "2125762281", "num_publications": 1, "num_citations": 15, "num_publications_5y": 0, "num_citations_5y": 5, "num_publications_10y": 0, "num_citations_10y": 9, "publications_years": {"2000": 1}, "citations_years": {"2002": 1, "2003": 1, "2004": 0, "2005": 0, "2006": 2, "2007": 1, "2008": 1, "2009": 0, "2010": 0, "2011": 1, "2012": 1, "2013": 2, "2014": 1, "2015": 1, "2016": 3}, "old_citations": {"2000": 15}, "isVisible": false}, "2129284032": {"name": "lali barriere", "type": "author", "activity": 19, "h_index": 8, "h5_index": 1, "mag_id": "2129284032", "num_publications": 1, "num_citations": 142, "num_publications_5y": 0, "num_citations_5y": 11, "num_publications_10y": 0, "num_citations_10y": 65, "publications_years": {"2001": 1}, "citations_years": {"2001": 1, "2002": 2, "2003": 4, "2004": 13, "2005": 19, "2006": 12, "2007": 10, "2008": 15, "2009": 8, "2010": 10, "2011": 7, "2012": 16, "2013": 13, "2014": 8, "2015": 2, "2016": 1, "2017": 0, "2018": 0, "2019": 1}, "old_citations": {"2001": 142}, "isVisible": false}, "2135192780": {"name": "thomas kunz", "type": "author", "activity": 29, "h_index": 27, "h5_index": 5, "mag_id": "2135192780", "num_publications": 1, "num_citations": 9, "num_publications_5y": 0, "num_citations_5y": 0, "num_publications_10y": 0, "num_citations_10y": 2, "publications_years": {"1999": 1}, "citations_years": {"2000": 1, "2001": 1, "2002": 1, "2003": 3, "2004": 0, "2005": 0, "2006": 1, "2007": 0, "2008": 0, "2009": 0, "2010": 0, "2011": 0, "2012": 2}, "old_citations": {"1999": 9}, "isVisible": false}, "2137354378": {"name": "dushyanth narayanan", "type": "author", "activity": 23, "h_index": 23, "h5_index": 4, "mag_id": "2137354378", "num_publications": 1, "num_citations": 15, "num_publications_5y": 0, "num_citations_5y": 1, "num_publications_10y": 0, "num_citations_10y": 2, "publications_years": {"1999": 1}, "citations_years": {"2000": 2, "2001": 6, "2002": 1, "2003": 1, "2004": 0, "2005": 1, "2006": 0, "2007": 0, "2008": 0, "2009": 0, "2010": 0, "2011": 0, "2012": 0, "2013": 1, "2014": 0, "2015": 0, "2016": 0, "2017": 0, "2018": 1, "2019": 2}, "old_citations": {"1999": 15}, "isVisible": false}, "2142906095": {"name": "andras farago", "type": "author", "activity": 29, "h_index": 20, "h5_index": 0, "mag_id": "2142906095", "num_publications": 1, "num_citations": 33, "num_publications_5y": 0, "num_citations_5y": 5, "num_publications_10y": 0, "num_citations_10y": 14, "publications_years": {"2002": 1}, "citations_years": {"2003": 1, "2004": 3, "2005": 4, "2006": 8, "2007": 2, "2008": 1, "2009": 0, "2010": 3, "2011": 2, "2012": 1, "2013": 3, "2014": 1, "2015": 2, "2016": 1, "2017": 1}, "old_citations": {"2002": 33}, "isVisible": false}, "2143180813": {"name": "abhinanda sarkar", "type": "author", "activity": 2, "h_index": 3, "h5_index": 0, "mag_id": "2143180813", "num_publications": 1, "num_citations": 119, "num_publications_5y": 0, "num_citations_5y": 6, "num_publications_10y": 0, "num_citations_10y": 29, "publications_years": {"2000": 1}, "citations_years": {"2001": 5, "2002": 10, "2003": 24, "2004": 11, "2005": 16, "2006": 14, "2007": 4, "2008": 4, "2009": 4, "2010": 6, "2011": 7, "2012": 4, "2013": 2, "2014": 1, "2015": 2, "2016": 0, "2017": 2, "2018": 1, "2019": 2}, "old_citations": {"2000": 119}, "isVisible": false}, "2151211711": {"name": "pengjun wan", "type": "author", "activity": 26, "h_index": 42, "h5_index": 3, "mag_id": "2151211711", "num_publications": 1, "num_citations": 81, "num_publications_5y": 0, "num_citations_5y": 9, "num_publications_10y": 0, "num_citations_10y": 32, "publications_years": {"2001": 1}, "citations_years": {"2002": 3, "2003": 8, "2004": 8, "2005": 8, "2006": 8, "2007": 6, "2008": 7, "2009": 6, "2010": 4, "2011": 3, "2012": 4, "2013": 6, "2014": 3, "2015": 3, "2016": 2, "2017": 0, "2018": 1, "2019": 0, "2020": 1}, "old_citations": {"2001": 81}, "isVisible": false}, "2151951421": {"name": "kumar viswanath", "type": "author", "activity": 9, "h_index": 6, "h5_index": 0, "mag_id": "2151951421", "num_publications": 1, "num_citations": 282, "num_publications_5y": 0, "num_citations_5y": 31, "num_publications_10y": 0, "num_citations_10y": 137, "publications_years": {"1999": 1}, "citations_years": {"2000": 2, "2001": 5, "2002": 14, "2003": 16, "2004": 17, "2005": 20, "2006": 18, "2007": 24, "2008": 25, "2009": 27, "2010": 20, "2011": 18, "2012": 19, "2013": 22, "2014": 15, "2015": 3, "2016": 7, "2017": 4, "2018": 2, "2019": 2, "2020": 2}, "old_citations": {"1999": 282}, "isVisible": false}, "2153140827": {"name": "alok aggarwal", "type": "author", "activity": 22, "h_index": 11, "h5_index": 0, "mag_id": "2153140827", "num_publications": 1, "num_citations": 119, "num_publications_5y": 0, "num_citations_5y": 6, "num_publications_10y": 0, "num_citations_10y": 29, "publications_years": {"2000": 1}, "citations_years": {"2001": 5, "2002": 10, "2003": 24, "2004": 11, "2005": 16, "2006": 14, "2007": 4, "2008": 4, "2009": 4, "2010": 6, "2011": 7, "2012": 4, "2013": 2, "2014": 1, "2015": 2, "2016": 0, "2017": 2, "2018": 1, "2019": 2}, "old_citations": {"2000": 119}, "isVisible": false}, "2157783754": {"name": "binay k bhattacharya", "type": "author", "activity": 29, "h_index": 11, "h5_index": 1, "mag_id": "2157783754", "num_publications": 1, "num_citations": 39, "num_publications_5y": 0, "num_citations_5y": 7, "num_publications_10y": 0, "num_citations_10y": 17, "publications_years": {"2000": 1}, "citations_years": {"2001": 1, "2002": 2, "2003": 3, "2004": 2, "2005": 2, "2006": 5, "2007": 4, "2008": 2, "2009": 3, "2010": 1, "2011": 3, "2012": 1, "2013": 2, "2014": 3, "2015": 0, "2016": 2, "2017": 0, "2018": 2, "2019": 1}, "old_citations": {"2000": 39}, "isVisible": false}, "2160857524": {"name": "pat morin", "type": "author", "activity": 23, "h_index": 13, "h5_index": 2, "mag_id": "2160857524", "num_publications": 1, "num_citations": 51, "num_publications_5y": 0, "num_citations_5y": 11, "num_publications_10y": 0, "num_citations_10y": 32, "publications_years": {"1999": 1}, "citations_years": {"1999": 1, "2000": 0, "2001": 0, "2002": 0, "2003": 1, "2004": 1, "2005": 2, "2006": 4, "2007": 5, "2008": 4, "2009": 2, "2010": 4, "2011": 5, "2012": 4, "2013": 6, "2014": 3, "2015": 3, "2016": 2, "2017": 3, "2018": 0, "2019": 1}, "old_citations": {"1999": 51}, "isVisible": false}, "2161802990": {"name": "fernando c gomes", "type": "author", "activity": 18, "h_index": 3, "h5_index": 1, "mag_id": "2161802990", "num_publications": 1, "num_citations": 28, "num_publications_5y": 0, "num_citations_5y": 7, "num_publications_10y": 0, "num_citations_10y": 14, "publications_years": {"2001": 1}, "citations_years": {"2003": 1, "2004": 7, "2005": 1, "2006": 1, "2007": 1, "2008": 2, "2009": 1, "2010": 3, "2011": 3, "2012": 0, "2013": 0, "2014": 2, "2015": 2, "2016": 2, "2017": 0, "2018": 1, "2019": 1}, "old_citations": {"2001": 28}, "isVisible": false}, "2162634656": {"name": "jorge urrutia", "type": "author", "activity": 29, "h_index": 14, "h5_index": 1, "mag_id": "2162634656", "num_publications": 1, "num_citations": 51, "num_publications_5y": 0, "num_citations_5y": 11, "num_publications_10y": 0, "num_citations_10y": 32, "publications_years": {"1999": 1}, "citations_years": {"1999": 1, "2000": 0, "2001": 0, "2002": 0, "2003": 1, "2004": 1, "2005": 2, "2006": 4, "2007": 5, "2008": 4, "2009": 2, "2010": 4, "2011": 5, "2012": 4, "2013": 6, "2014": 3, "2015": 3, "2016": 2, "2017": 3, "2018": 0, "2019": 1}, "old_citations": {"1999": 51}, "isVisible": false}, "2167932487": {"name": "joan feigenbaum", "type": "author", "activity": 31, "h_index": 35, "h5_index": 2, "mag_id": "2167932487", "num_publications": 1, "num_citations": 353, "num_publications_5y": 0, "num_citations_5y": 20, "num_publications_10y": 0, "num_citations_10y": 120, "publications_years": {"2002": 1}, "citations_years": {"2001": 1, "2002": 8, "2003": 26, "2004": 49, "2005": 52, "2006": 27, "2007": 31, "2008": 35, "2009": 29, "2010": 20, "2011": 23, "2012": 16, "2013": 12, "2014": 8, "2015": 4, "2016": 1, "2017": 5, "2018": 2, "2019": 3, "2020": 1}, "old_citations": {"2002": 353}, "isVisible": false}, "2171991321": {"name": "ravi prakash", "type": "author", "activity": 28, "h_index": 31, "h5_index": 5, "mag_id": "2171991321", "num_publications": 1, "num_citations": 121, "num_publications_5y": 0, "num_citations_5y": 10, "num_publications_10y": 0, "num_citations_10y": 38, "publications_years": {"1999": 1}, "citations_years": {"1999": 2, "2000": 6, "2001": 3, "2002": 6, "2003": 6, "2004": 13, "2005": 12, "2006": 12, "2007": 9, "2008": 14, "2009": 9, "2010": 8, "2011": 6, "2012": 2, "2013": 3, "2014": 2, "2015": 3, "2016": 3, "2017": 1, "2018": 1}, "old_citations": {"1999": 121}, "isVisible": false}, "2188035142": {"name": "r k ghosh", "type": "author", "activity": 25, "h_index": 5, "h5_index": 1, "mag_id": "2188035142", "num_publications": 1, "num_citations": 27, "num_publications_5y": 0, "num_citations_5y": 3, "num_publications_10y": 0, "num_citations_10y": 12, "publications_years": {"2002": 1}, "citations_years": {"2003": 1, "2004": 0, "2005": 6, "2006": 2, "2007": 3, "2008": 1, "2009": 3, "2010": 1, "2011": 3, "2012": 2, "2013": 0, "2014": 2, "2015": 1, "2016": 0, "2017": 0, "2018": 0, "2019": 0, "2020": 2}, "old_citations": {"2002": 27}, "isVisible": false}, "2189669108": {"name": "katia obraczka", "type": "author", "activity": 29, "h_index": 38, "h5_index": 5, "mag_id": "2189669108", "num_publications": 1, "num_citations": 282, "num_publications_5y": 0, "num_citations_5y": 31, "num_publications_10y": 0, "num_citations_10y": 137, "publications_years": {"1999": 1}, "citations_years": {"2000": 2, "2001": 5, "2002": 14, "2003": 16, "2004": 17, "2005": 20, "2006": 18, "2007": 24, "2008": 25, "2009": 27, "2010": 20, "2011": 18, "2012": 19, "2013": 22, "2014": 15, "2015": 3, "2016": 7, "2017": 4, "2018": 2, "2019": 2, "2020": 2}, "old_citations": {"1999": 282}, "isVisible": false}, "2193619655": {"name": "paolo penna", "type": "author", "activity": 24, "h_index": 16, "h5_index": 3, "mag_id": "2193619655", "num_publications": 1, "num_citations": 2, "num_publications_5y": 0, "num_citations_5y": 0, "num_publications_10y": 0, "num_citations_10y": 0, "publications_years": {"2000": 1}, "citations_years": {"2002": 1, "2003": 1}, "old_citations": {"2000": 2}, "isVisible": false}, "2202639077": {"name": "raouf boutaba", "type": "author", "activity": 28, "h_index": 56, "h5_index": 15, "mag_id": "2202639077", "num_publications": 1, "num_citations": 15, "num_publications_5y": 0, "num_citations_5y": 0, "num_publications_10y": 0, "num_citations_10y": 6, "publications_years": {"1999": 1}, "citations_years": {"1999": 1, "2000": 2, "2001": 3, "2002": 1, "2003": 1, "2004": 0, "2005": 1, "2006": 0, "2007": 0, "2008": 0, "2009": 3, "2010": 0, "2011": 3}, "old_citations": {"1999": 15}, "isVisible": false}, "2206949112": {"name": "gruia c\u0103linescu", "type": "author", "activity": 7, "h_index": 5, "h5_index": 0, "mag_id": "2206949112", "num_publications": 1, "num_citations": 81, "num_publications_5y": 0, "num_citations_5y": 9, "num_publications_10y": 0, "num_citations_10y": 32, "publications_years": {"2001": 1}, "citations_years": {"2002": 3, "2003": 8, "2004": 8, "2005": 8, "2006": 8, "2007": 6, "2008": 7, "2009": 6, "2010": 4, "2011": 3, "2012": 4, "2013": 6, "2014": 3, "2015": 3, "2016": 2, "2017": 0, "2018": 1, "2019": 0, "2020": 1}, "old_citations": {"2001": 81}, "isVisible": false}, "2226571936": {"name": "s b wicker", "type": "author", "activity": 30, "h_index": 34, "h5_index": 2, "mag_id": "2226571936", "num_publications": 1, "num_citations": 21, "num_publications_5y": 0, "num_citations_5y": 1, "num_publications_10y": 0, "num_citations_10y": 10, "publications_years": {"2000": 1}, "citations_years": {"2001": 1, "2002": 1, "2003": 1, "2004": 1, "2005": 0, "2006": 1, "2007": 3, "2008": 3, "2009": 2, "2010": 0, "2011": 2, "2012": 2, "2013": 3, "2014": 1}, "old_citations": {"2000": 21}, "isVisible": false}, "2227429773": {"name": "atif a siddiqi", "type": "author", "activity": 3, "h_index": 2, "h5_index": 0, "mag_id": "2227429773", "num_publications": 1, "num_citations": 9, "num_publications_5y": 0, "num_citations_5y": 0, "num_publications_10y": 0, "num_citations_10y": 2, "publications_years": {"1999": 1}, "citations_years": {"2000": 1, "2001": 1, "2002": 1, "2003": 3, "2004": 0, "2005": 0, "2006": 1, "2007": 0, "2008": 0, "2009": 0, "2010": 0, "2011": 0, "2012": 2}, "old_citations": {"1999": 9}, "isVisible": false}, "2236499141": {"name": "j j garcialunaaceves", "type": "author", "activity": 31, "h_index": 76, "h5_index": 7, "mag_id": "2236499141", "num_publications": 1, "num_citations": 50, "num_publications_5y": 0, "num_citations_5y": 3, "num_publications_10y": 0, "num_citations_10y": 16, "publications_years": {"2001": 1}, "citations_years": {"2002": 2, "2003": 3, "2004": 0, "2005": 4, "2006": 8, "2007": 9, "2008": 8, "2009": 4, "2010": 5, "2011": 2, "2012": 0, "2013": 2, "2014": 0, "2015": 1, "2016": 1, "2017": 1}, "old_citations": {"2001": 50}, "isVisible": false}, "2242145496": {"name": "madhav v marathe", "type": "author", "activity": 28, "h_index": 37, "h5_index": 6, "mag_id": "2242145496", "num_publications": 1, "num_citations": 10, "num_publications_5y": 0, "num_citations_5y": 0, "num_publications_10y": 0, "num_citations_10y": 0, "publications_years": {"2002": 1}, "citations_years": {"2003": 3, "2004": 2, "2005": 1, "2006": 2, "2007": 2}, "old_citations": {"2002": 10}, "isVisible": false}, "2260592357": {"name": "saurabh srivastava", "type": "author", "activity": 18, "h_index": 11, "h5_index": 1, "mag_id": "2260592357", "num_publications": 1, "num_citations": 27, "num_publications_5y": 0, "num_citations_5y": 3, "num_publications_10y": 0, "num_citations_10y": 12, "publications_years": {"2002": 1}, "citations_years": {"2003": 1, "2004": 0, "2005": 6, "2006": 2, "2007": 3, "2008": 1, "2009": 3, "2010": 1, "2011": 3, "2012": 2, "2013": 0, "2014": 2, "2015": 1, "2016": 0, "2017": 0, "2018": 0, "2019": 0, "2020": 2}, "old_citations": {"2002": 27}, "isVisible": false}, "2260881861": {"name": "prathima agrawal", "type": "author", "activity": 31, "h_index": 40, "h5_index": 1, "mag_id": "2260881861", "num_publications": 1, "num_citations": 17, "num_publications_5y": 0, "num_citations_5y": 0, "num_publications_10y": 0, "num_citations_10y": 5, "publications_years": {"1999": 1}, "citations_years": {"2001": 3, "2002": 0, "2003": 3, "2004": 2, "2005": 1, "2006": 3, "2007": 0, "2008": 0, "2009": 1, "2010": 1, "2011": 3}, "old_citations": {"1999": 17}, "isVisible": false}, "2276534067": {"name": "nitin h vaidya", "type": "author", "activity": 29, "h_index": 62, "h5_index": 7, "mag_id": "2276534067", "num_publications": 1, "num_citations": 313, "num_publications_5y": 0, "num_citations_5y": 49, "num_publications_10y": 0, "num_citations_10y": 172, "publications_years": {"2000": 1}, "citations_years": {"2001": 1, "2002": 8, "2003": 13, "2004": 19, "2005": 25, "2006": 29, "2007": 20, "2008": 18, "2009": 26, "2010": 26, "2011": 27, "2012": 19, "2013": 25, "2014": 8, "2015": 12, "2016": 11, "2017": 9, "2018": 9, "2019": 6, "2020": 2}, "old_citations": {"2000": 313}, "isVisible": false}, "2302602655": {"name": "israel cidon", "type": "author", "activity": 30, "h_index": 38, "h5_index": 1, "mag_id": "2302602655", "num_publications": 1, "num_citations": 15, "num_publications_5y": 0, "num_citations_5y": 5, "num_publications_10y": 0, "num_citations_10y": 9, "publications_years": {"2000": 1}, "citations_years": {"2002": 1, "2003": 1, "2004": 0, "2005": 0, "2006": 2, "2007": 1, "2008": 1, "2009": 0, "2010": 0, "2011": 1, "2012": 1, "2013": 2, "2014": 1, "2015": 1, "2016": 3}, "old_citations": {"2000": 15}, "isVisible": false}, "2304246620": {"name": "yu chen", "type": "author", "activity": 4, "h_index": 4, "h5_index": 0, "mag_id": "2304246620", "num_publications": 1, "num_citations": 33, "num_publications_5y": 0, "num_citations_5y": 4, "num_publications_10y": 0, "num_citations_10y": 12, "publications_years": {"2002": 1}, "citations_years": {"2003": 1, "2004": 2, "2005": 8, "2006": 4, "2007": 3, "2008": 3, "2009": 1, "2010": 6, "2011": 0, "2012": 0, "2013": 1, "2014": 0, "2015": 3, "2016": 1}, "old_citations": {"2002": 33}, "isVisible": false}, "2304382748": {"name": "manika kapoor", "type": "author", "activity": 1, "h_index": 2, "h5_index": 0, "mag_id": "2304382748", "num_publications": 1, "num_citations": 119, "num_publications_5y": 0, "num_citations_5y": 6, "num_publications_10y": 0, "num_citations_10y": 29, "publications_years": {"2000": 1}, "citations_years": {"2001": 5, "2002": 10, "2003": 24, "2004": 11, "2005": 16, "2006": 14, "2007": 4, "2008": 4, "2009": 4, "2010": 6, "2011": 7, "2012": 4, "2013": 2, "2014": 1, "2015": 2, "2016": 0, "2017": 2, "2018": 1, "2019": 2}, "old_citations": {"2000": 119}, "isVisible": false}, "2320630284": {"name": "christopher l barrett", "type": "author", "activity": 30, "h_index": 17, "h5_index": 3, "mag_id": "2320630284", "num_publications": 1, "num_citations": 0, "num_publications_5y": 0, "num_citations_5y": 0, "num_publications_10y": 0, "num_citations_10y": 0, "publications_years": {"2000": 1}, "citations_years": {}, "old_citations": {"2000": 0}, "isVisible": false}, "2343185868": {"name": "soraia lucia da silva", "type": "author", "activity": 2, "h_index": 3, "h5_index": 0, "mag_id": "2343185868", "num_publications": 1, "num_citations": 9, "num_publications_5y": 0, "num_citations_5y": 0, "num_publications_10y": 0, "num_citations_10y": 0, "publications_years": {"1999": 1}, "citations_years": {"2000": 2, "2001": 0, "2002": 2, "2003": 3, "2004": 0, "2005": 0, "2006": 1, "2007": 1}, "old_citations": {"1999": 9}, "isVisible": false}, "2462974401": {"name": "filipe f mazzini", "type": "author", "activity": 3, "h_index": 2, "h5_index": 0, "mag_id": "2462974401", "num_publications": 1, "num_citations": 4, "num_publications_5y": 0, "num_citations_5y": 0, "num_publications_10y": 0, "num_citations_10y": 1, "publications_years": {"2001": 1}, "citations_years": {"2003": 1, "2004": 0, "2005": 1, "2006": 0, "2007": 0, "2008": 1, "2009": 0, "2010": 0, "2011": 0, "2012": 1}, "old_citations": {"2001": 4}, "isVisible": false}, "2558842103": {"name": "li li", "type": "author", "activity": 19, "h_index": 32, "h5_index": 0, "mag_id": "2558842103", "num_publications": 1, "num_citations": 21, "num_publications_5y": 0, "num_citations_5y": 1, "num_publications_10y": 0, "num_citations_10y": 10, "publications_years": {"2000": 1}, "citations_years": {"2001": 1, "2002": 1, "2003": 1, "2004": 1, "2005": 0, "2006": 1, "2007": 3, "2008": 3, "2009": 2, "2010": 0, "2011": 2, "2012": 2, "2013": 3, "2014": 1}, "old_citations": {"2000": 21}, "isVisible": false}, "2569002304": {"name": "christopher ho", "type": "author", "activity": 1, "h_index": 1, "h5_index": 0, "mag_id": "2569002304", "num_publications": 1, "num_citations": 282, "num_publications_5y": 0, "num_citations_5y": 31, "num_publications_10y": 0, "num_citations_10y": 137, "publications_years": {"1999": 1}, "citations_years": {"2000": 2, "2001": 5, "2002": 14, "2003": 16, "2004": 17, "2005": 20, "2006": 18, "2007": 24, "2008": 25, "2009": 27, "2010": 20, "2011": 18, "2012": 19, "2013": 22, "2014": 15, "2015": 3, "2016": 7, "2017": 4, "2018": 2, "2019": 2, "2020": 2}, "old_citations": {"1999": 282}, "isVisible": false}, "2576554235": {"name": "marc robert pearlman", "type": "author", "activity": 18, "h_index": 18, "h5_index": 0, "mag_id": "2576554235", "num_publications": 1, "num_citations": 0, "num_publications_5y": 0, "num_citations_5y": 0, "num_publications_10y": 0, "num_citations_10y": 0, "publications_years": {"1999": 1}, "citations_years": {}, "old_citations": {"1999": 0}, "isVisible": false}, "2598132165": {"name": "mauro nacif rocha", "type": "author", "activity": 2, "h_index": 3, "h5_index": 0, "mag_id": "2598132165", "num_publications": 1, "num_citations": 9, "num_publications_5y": 0, "num_citations_5y": 0, "num_publications_10y": 0, "num_citations_10y": 0, "publications_years": {"1999": 1}, "citations_years": {"2000": 2, "2001": 0, "2002": 2, "2003": 3, "2004": 0, "2005": 0, "2006": 1, "2007": 1}, "old_citations": {"1999": 9}, "isVisible": false}, "2636652715": {"name": "hailan li", "type": "author", "activity": 3, "h_index": 2, "h5_index": 0, "mag_id": "2636652715", "num_publications": 1, "num_citations": 1015, "num_publications_5y": 0, "num_citations_5y": 179, "num_publications_10y": 0, "num_citations_10y": 525, "publications_years": {"1999": 1}, "citations_years": {"1998": 1, "1999": 0, "2000": 3, "2001": 13, "2002": 27, "2003": 38, "2004": 51, "2005": 91, "2006": 85, "2007": 80, "2008": 78, "2009": 83, "2010": 63, "2011": 69, "2012": 55, "2013": 76, "2014": 56, "2015": 49, "2016": 30, "2017": 18, "2018": 26, "2019": 21, "2020": 2}, "old_citations": {"1999": 1015}, "isVisible": false}, "2697605990": {"name": "eric fleury", "type": "author", "activity": 1, "h_index": 1, "h5_index": 0, "mag_id": "2697605990", "num_publications": 1, "num_citations": 10, "num_publications_5y": 0, "num_citations_5y": 0, "num_publications_10y": 0, "num_citations_10y": 0, "publications_years": {"2002": 1}, "citations_years": {"2003": 3, "2004": 2, "2005": 1, "2006": 2, "2007": 2}, "old_citations": {"2002": 10}, "isVisible": false}, "2759556966": {"name": "kayi lee", "type": "author", "activity": 1, "h_index": 1, "h5_index": 0, "mag_id": "2759556966", "num_publications": 1, "num_citations": 186, "num_publications_5y": 0, "num_citations_5y": 41, "num_publications_10y": 0, "num_citations_10y": 132, "publications_years": {"2000": 1}, "citations_years": {"2002": 1, "2003": 0, "2004": 2, "2005": 1, "2006": 11, "2007": 16, "2008": 16, "2009": 25, "2010": 17, "2011": 9, "2012": 16, "2013": 24, "2014": 12, "2015": 14, "2016": 6, "2017": 6, "2018": 3, "2019": 7}, "old_citations": {"2000": 186}, "isVisible": false}, "2765053480": {"name": "ching law", "type": "author", "activity": 6, "h_index": 6, "h5_index": 0, "mag_id": "2765053480", "num_publications": 1, "num_citations": 186, "num_publications_5y": 0, "num_citations_5y": 41, "num_publications_10y": 0, "num_citations_10y": 132, "publications_years": {"2000": 1}, "citations_years": {"2002": 1, "2003": 0, "2004": 2, "2005": 1, "2006": 11, "2007": 16, "2008": 16, "2009": 25, "2010": 17, "2011": 9, "2012": 16, "2013": 24, "2014": 12, "2015": 14, "2016": 6, "2017": 6, "2018": 3, "2019": 7}, "old_citations": {"2000": 186}, "isVisible": false}, "2887305866": {"name": "xiaohua jia", "type": "author", "activity": 31, "h_index": 44, "h5_index": 10, "mag_id": "2887305866", "num_publications": 1, "num_citations": 7, "num_publications_5y": 0, "num_citations_5y": 1, "num_publications_10y": 0, "num_citations_10y": 3, "publications_years": {"2001": 1}, "citations_years": {"2004": 1, "2005": 0, "2006": 1, "2007": 2, "2008": 0, "2009": 0, "2010": 0, "2011": 1, "2012": 0, "2013": 1, "2014": 0, "2015": 0, "2016": 0, "2017": 0, "2018": 1}, "old_citations": {"2001": 7}, "isVisible": false}, "2893331191": {"name": "ion m\u0103ndoiu", "type": "author", "activity": 9, "h_index": 2, "h5_index": 0, "mag_id": "2893331191", "num_publications": 1, "num_citations": 81, "num_publications_5y": 0, "num_citations_5y": 9, "num_publications_10y": 0, "num_citations_10y": 32, "publications_years": {"2001": 1}, "citations_years": {"2002": 3, "2003": 8, "2004": 8, "2005": 8, "2006": 8, "2007": 6, "2008": 7, "2009": 6, "2010": 4, "2011": 3, "2012": 4, "2013": 6, "2014": 3, "2015": 3, "2016": 2, "2017": 0, "2018": 1, "2019": 0, "2020": 1}, "old_citations": {"2001": 81}, "isVisible": false}, "2949614000": {"name": "yigal bejerano", "type": "author", "activity": 20, "h_index": 16, "h5_index": 1, "mag_id": "2949614000", "num_publications": 1, "num_citations": 15, "num_publications_5y": 0, "num_citations_5y": 5, "num_publications_10y": 0, "num_citations_10y": 9, "publications_years": {"2000": 1}, "citations_years": {"2002": 1, "2003": 1, "2004": 0, "2005": 0, "2006": 2, "2007": 1, "2008": 1, "2009": 0, "2010": 0, "2011": 1, "2012": 1, "2013": 2, "2014": 1, "2015": 1, "2016": 3}, "old_citations": {"2000": 15}, "isVisible": false}, "2954339665": {"name": "lakshmi ramachandran", "type": "author", "activity": 2, "h_index": 4, "h5_index": 0, "mag_id": "2954339665", "num_publications": 1, "num_citations": 119, "num_publications_5y": 0, "num_citations_5y": 6, "num_publications_10y": 0, "num_citations_10y": 29, "publications_years": {"2000": 1}, "citations_years": {"2001": 5, "2002": 10, "2003": 24, "2004": 11, "2005": 16, "2006": 14, "2007": 4, "2008": 4, "2009": 4, "2010": 6, "2011": 7, "2012": 4, "2013": 2, "2014": 1, "2015": 2, "2016": 0, "2017": 2, "2018": 1, "2019": 2}, "old_citations": {"2000": 119}, "isVisible": false}, "2974656515": {"name": "carlos a s oliveira", "type": "author", "activity": 14, "h_index": 2, "h5_index": 0, "mag_id": "2974656515", "num_publications": 1, "num_citations": 28, "num_publications_5y": 0, "num_citations_5y": 7, "num_publications_10y": 0, "num_citations_10y": 14, "publications_years": {"2001": 1}, "citations_years": {"2003": 1, "2004": 7, "2005": 1, "2006": 1, "2007": 1, "2008": 2, "2009": 1, "2010": 3, "2011": 3, "2012": 0, "2013": 0, "2014": 2, "2015": 2, "2016": 2, "2017": 0, "2018": 1, "2019": 1}, "old_citations": {"2001": 28}, "isVisible": false}, "2974827001": {"name": "navneet malpani", "type": "author", "activity": 1, "h_index": 1, "h5_index": 0, "mag_id": "2974827001", "num_publications": 1, "num_citations": 313, "num_publications_5y": 0, "num_citations_5y": 49, "num_publications_10y": 0, "num_citations_10y": 172, "publications_years": {"2000": 1}, "citations_years": {"2001": 1, "2002": 8, "2003": 13, "2004": 19, "2005": 25, "2006": 29, "2007": 20, "2008": 18, "2009": 26, "2010": 26, "2011": 27, "2012": 19, "2013": 25, "2014": 8, "2015": 12, "2016": 11, "2017": 9, "2018": 9, "2019": 6, "2020": 2}, "old_citations": {"2000": 313}, "isVisible": false}, "2974880426": {"name": "r h katz", "type": "author", "activity": 1, "h_index": 1, "h5_index": 0, "mag_id": "2974880426", "num_publications": 1, "num_citations": 1, "num_publications_5y": 0, "num_citations_5y": 0, "num_publications_10y": 0, "num_citations_10y": 0, "publications_years": {"2000": 1}, "citations_years": {"2001": 1}, "old_citations": {"2000": 1}, "isVisible": false}}, "countries": {"United States": {"name": "United States", "type": "country", "h5_index": 308, "num_publications": 22, "num_citations": 2390, "num_publications_5y": 0, "num_citations_5y": 336, "num_publications_10y": 0, "num_citations_10y": 1119, "publications_years": {"1999": 4, "2002": 6, "2000": 7, "2001": 5}, "citations_years": {"1999": 2, "2000": 11, "2001": 31, "2002": 68, "2003": 126, "2004": 170, "2005": 226, "2006": 211, "2007": 188, "2008": 189, "2009": 190, "2010": 161, "2011": 154, "2012": 119, "2013": 159, "2014": 94, "2015": 95, "2016": 58, "2017": 43, "2018": 46, "2019": 42, "2020": 6, "1998": 1}, "old_citations": {"1999": 1151, "2002": 430, "2000": 640, "2001": 169}, "isVisible": false}, "Canada": {"name": "Canada", "type": "country", "h5_index": 128, "num_publications": 5, "num_citations": 256, "num_publications_5y": 0, "num_citations_5y": 29, "num_publications_10y": 0, "num_citations_10y": 122, "publications_years": {"2000": 1, "2001": 1, "1999": 3}, "citations_years": {"2001": 6, "2002": 6, "2003": 12, "2004": 16, "2005": 24, "2006": 22, "2007": 19, "2008": 21, "2009": 16, "2010": 15, "2011": 18, "2012": 23, "2013": 21, "2014": 14, "2015": 5, "2016": 5, "2017": 3, "2018": 2, "2019": 3, "2000": 3, "1999": 2}, "old_citations": {"2000": 39, "2001": 142, "1999": 75}, "isVisible": false}, "Brazil": {"name": "Brazil", "type": "country", "h5_index": 57, "num_publications": 2, "num_citations": 12, "num_publications_5y": 0, "num_citations_5y": 0, "num_publications_10y": 0, "num_citations_10y": 0, "publications_years": {"1999": 2}, "citations_years": {"2000": 4, "2001": 0, "2002": 2, "2003": 3, "2004": 0, "2005": 1, "2006": 1, "2007": 1}, "old_citations": {"1999": 12}, "isVisible": false}, "France": {"name": "France", "type": "country", "h5_index": 99, "num_publications": 2, "num_citations": 157, "num_publications_5y": 0, "num_citations_5y": 16, "num_publications_10y": 0, "num_citations_10y": 74, "publications_years": {"2001": 1, "2000": 1}, "citations_years": {"2001": 1, "2002": 3, "2003": 5, "2004": 13, "2005": 19, "2006": 14, "2007": 11, "2008": 16, "2009": 8, "2010": 10, "2011": 8, "2012": 17, "2013": 15, "2014": 9, "2015": 3, "2016": 4, "2017": 0, "2018": 0, "2019": 1}, "old_citations": {"2001": 142, "2000": 15}, "isVisible": false}, "China": {"name": "China", "type": "country", "h5_index": 214, "num_publications": 1, "num_citations": 7, "num_publications_5y": 0, "num_citations_5y": 1, "num_publications_10y": 0, "num_citations_10y": 3, "publications_years": {"2001": 1}, "citations_years": {"2004": 1, "2005": 0, "2006": 1, "2007": 2, "2008": 0, "2009": 0, "2010": 0, "2011": 1, "2012": 0, "2013": 1, "2014": 0, "2015": 0, "2016": 0, "2017": 0, "2018": 1}, "old_citations": {"2001": 7}, "isVisible": false}, "India": {"name": "India", "type": "country", "h5_index": 78, "num_publications": 1, "num_citations": 27, "num_publications_5y": 0, "num_citations_5y": 3, "num_publications_10y": 0, "num_citations_10y": 12, "publications_years": {"2002": 1}, "citations_years": {"2003": 1, "2004": 0, "2005": 6, "2006": 2, "2007": 3, "2008": 1, "2009": 3, "2010": 1, "2011": 3, "2012": 2, "2013": 0, "2014": 2, "2015": 1, "2016": 0, "2017": 0, "2018": 0, "2019": 0, "2020": 2}, "old_citations": {"2002": 27}, "isVisible": false}, "Israel": {"name": "Israel", "type": "country", "h5_index": 110, "num_publications": 1, "num_citations": 15, "num_publications_5y": 0, "num_citations_5y": 5, "num_publications_10y": 0, "num_citations_10y": 9, "publications_years": {"2000": 1}, "citations_years": {"2002": 1, "2003": 1, "2004": 0, "2005": 0, "2006": 2, "2007": 1, "2008": 1, "2009": 0, "2010": 0, "2011": 1, "2012": 1, "2013": 2, "2014": 1, "2015": 1, "2016": 3}, "old_citations": {"2000": 15}, "isVisible": false}, "Japan": {"name": "Japan", "type": "country", "h5_index": 94, "num_publications": 1, "num_citations": 7, "num_publications_5y": 0, "num_citations_5y": 1, "num_publications_10y": 0, "num_citations_10y": 3, "publications_years": {"2001": 1}, "citations_years": {"2004": 1, "2005": 0, "2006": 1, "2007": 2, "2008": 0, "2009": 0, "2010": 0, "2011": 1, "2012": 0, "2013": 1, "2014": 0, "2015": 0, "2016": 0, "2017": 0, "2018": 1}, "old_citations": {"2001": 7}, "isVisible": false}}, "industrial_sectors": {"computing_and_it": {"name": "computing_and_it", "type": "industrial sector", "h5_index": 221, "num_publications": 2, "num_citations": 134, "num_publications_5y": 0, "num_citations_5y": 11, "num_publications_10y": 0, "num_citations_10y": 38, "publications_years": {"2000": 2}, "citations_years": {"2001": 5, "2002": 11, "2003": 25, "2004": 11, "2005": 16, "2006": 16, "2007": 5, "2008": 5, "2009": 4, "2010": 6, "2011": 8, "2012": 5, "2013": 4, "2014": 2, "2015": 3, "2016": 3, "2017": 2, "2018": 1, "2019": 2}, "old_citations": {"2000": 134}, "isVisible": false}, "technology": {"name": "technology", "type": "industrial sector", "h5_index": 229, "num_publications": 2, "num_citations": 134, "num_publications_5y": 0, "num_citations_5y": 11, "num_publications_10y": 0, "num_citations_10y": 38, "publications_years": {"2000": 2}, "citations_years": {"2001": 5, "2002": 11, "2003": 25, "2004": 11, "2005": 16, "2006": 16, "2007": 5, "2008": 5, "2009": 4, "2010": 6, "2011": 8, "2012": 5, "2013": 4, "2014": 2, "2015": 3, "2016": 3, "2017": 2, "2018": 1, "2019": 2}, "old_citations": {"2000": 134}, "isVisible": false}, "information_technology": {"name": "information_technology", "type": "industrial sector", "h5_index": 74, "num_publications": 1, "num_citations": 119, "num_publications_5y": 0, "num_citations_5y": 6, "num_publications_10y": 0, "num_citations_10y": 29, "publications_years": {"2000": 1}, "citations_years": {"2001": 5, "2002": 10, "2003": 24, "2004": 11, "2005": 16, "2006": 14, "2007": 4, "2008": 4, "2009": 4, "2010": 6, "2011": 7, "2012": 4, "2013": 2, "2014": 1, "2015": 2, "2016": 0, "2017": 2, "2018": 1, "2019": 2}, "old_citations": {"2000": 119}, "isVisible": false}, "telecommunications": {"name": "telecommunications", "type": "industrial sector", "h5_index": 89, "num_publications": 1, "num_citations": 15, "num_publications_5y": 0, "num_citations_5y": 5, "num_publications_10y": 0, "num_citations_10y": 9, "publications_years": {"2000": 1}, "citations_years": {"2002": 1, "2003": 1, "2004": 0, "2005": 0, "2006": 2, "2007": 1, "2008": 1, "2009": 0, "2010": 0, "2011": 1, "2012": 1, "2013": 2, "2014": 1, "2015": 1, "2016": 3}, "old_citations": {"2000": 15}, "isVisible": false}}}, "conference_comparison": {"computer science": {}}, "topics_dna": {"publications": {}, "citations": {"normalized": {}, "average": {}}}, "info": {"num_publications": 36, "num_citations": 3005.0, "impact_factor": {"2001": 1.9545454545454546, "2002": 1.8823529411764706}, "publications_years": {"1999": 12, "2000": 10, "2001": 7, "2002": 7}, "citations_years": {"1998": 1, "1999": 4, "2000": 20, "2001": 45, "2002": 92, "2003": 164, "2004": 205, "2005": 279, "2006": 259, "2007": 236, "2008": 238, "2009": 237, "2010": 198, "2011": 197, "2012": 165, "2013": 204, "2014": 126, "2015": 105, "2016": 73, "2017": 50, "2018": 50, "2019": 47, "2020": 10}, "old_citations": {"1999": 1537, "2000": 696, "2001": 315, "2002": 457}, "h5_index": 0}, "percentile": {"computer science": {"1999": 99, "2000": 98, "2001": 97, "2002": 97}}, "conference_ranking": {"computer science": {"1999": 20, "2000": 57, "2001": 118, "2002": 86}}, "academia": {"num_publications": 27, "num_citations": 2556, "publications_years": {"1999": 9, "2000": 6, "2001": 6, "2002": 6}, "old_citations": {"1999": 1238, "2000": 560, "2001": 311, "2002": 447}, "num_publications_5y": 0, "num_citations_5y": 0, "num_publications_10y": 0, "num_citations_10y": 0}, "industry": {"num_publications": 1, "num_citations": 119, "publications_years": {"2000": 1}, "old_citations": {"2000": 119}, "num_publications_5y": 0, "num_citations_5y": 0, "num_publications_10y": 0, "num_citations_10y": 0}, "collaborative": {"num_publications": 1, "num_citations": 15, "publications_years": {"2000": 1}, "old_citations": {"2000": 15}, "num_publications_5y": 0, "num_citations_5y": 0, "num_publications_10y": 0, "num_citations_10y": 0}, "conferences": {}, "journals": {}, "organizations": {"publication_overall": ["Arizona State University", "Carleton University", "Cornell University", "Los Alamos National Laboratory", "Massachusetts Institute of Technology", "Texas A&M University", "The University of Texas at Dallas", "Alcatel-Lucent (France)", "Carnegie Mellon University", "City University of Hong Kong", "Concordia University", "Florida Atlantic University", "Georgia State University", "IBM (United States)", "Illinois Institute of Technology", "Indian Institute of Technology Kanpur", "Simon Fraser University", "Stanford University", "Technion \u2013 Israel Institute of Technology", "The University of Texas at Arlington", "Universidade Federal de Minas Gerais", "Universidade de S\u00e3o Paulo", "University of British Columbia", "University of California, Berkeley", "University of California, Los Angeles", "University of California, Santa Cruz", "University of Florida", "University of Ottawa", "University of Paris-Sud", "University of Toronto", "University of Tsukuba", "Yale University"], "citation_overall": ["Florida Atlantic University", "Yale University", "Texas A&M University", "Massachusetts Institute of Technology", "The University of Texas at Dallas", "Concordia University", "University of Paris-Sud", "IBM (United States)", "Georgia State University", "Illinois Institute of Technology", "University of California, Los Angeles", "Carleton University", "University of Ottawa", "University of California, Santa Cruz", "Simon Fraser University", "University of British Columbia", "University of Florida", "Indian Institute of Technology Kanpur", "Cornell University", "Alcatel-Lucent (France)", "Carnegie Mellon University", "Technion \u2013 Israel Institute of Technology", "University of Toronto", "Los Alamos National Laboratory", "Universidade Federal de Minas Gerais", "City University of Hong Kong", "The University of Texas at Arlington", "University of Tsukuba", "Arizona State University", "Universidade de S\u00e3o Paulo", "University of California, Berkeley", "Stanford University"], "publication_10_years": [], "citation_10_years": [], "publication_5_years": [], "citation_5_years": []}, "countries": {"publication_overall": ["United States", "Canada", "Brazil", "France", "China", "India", "Israel", "Japan"], "citation_overall": ["United States", "Canada", "France", "India", "Israel", "Brazil", "China", "Japan"], "publication_10_years": [], "citation_10_years": [], "publication_5_years": [], "citation_5_years": []}, "topics": {"publication_overall": ["computer networks", "computer science", "computer systems", "telecommunication systems", "communication systems", "telecommunication networks", "wireless telecommunication systems", "data communication systems", "telecommunication traffic", "communication channels (information theory)", "bandwidth", "mobile telecommunication systems", "computer hardware", "routers", "routing algorithms", "engineering", "local area networks", "sensors", "wireless communications", "internet protocols"], "citation_overall": ["communication systems", "computer networks", "computer science", "computer systems", "telecommunication systems", "wireless telecommunication systems", "telecommunication networks", "telecommunication traffic", "data communication systems", "bandwidth", "routers", "routing algorithms", "multicasts", "internet protocols", "communication channels (information theory)", "computer hardware", "sensors", "mobile telecommunication systems", "local area networks", "quality of service"], "publication_10_years": [], "citation_10_years": [], "publication_5_years": [], "citation_5_years": []}, "main_topics": ["computer science"], "authors": {"publication_overall": ["1947780642", "2044130634", "2133412819", "2147421545", "2294681675", "32897743", "252845094", "253203043", "266947894", "267730324", "290762400", "356043702", "416104820", "465425324", "684175691", "716715026", "719828399", "1310345941", "1661735625", "1965972254", "1979746700", "1998464616", "2016802188", "2055290945", "2065108530", "2081029678", "2101367683", "2103022394", "2116710029", "2120521483", "2120994602", "2123424177", "2123921836", "2125762281", "2129284032", "2135192780", "2137354378", "2142906095", "2143180813", "2151211711", "2151951421", "2153140827", "2157783754", "2160857524", "2161802990", "2162634656", "2167932487", "2171991321", "2188035142", "2189669108", "2193619655", "2202639077", "2206949112", "2226571936", "2227429773", "2236499141", "2242145496", "2260592357", "2260881861", "2276534067", "2302602655", "2304246620", "2304382748", "2320630284", "2343185868", "2462974401", "2558842103", "2569002304", "2576554235", "2598132165", "2636652715", "2697605990", "2759556966", "2765053480", "2887305866", "2893331191", "2949614000", "2954339665", "2974656515", "2974827001", "2974880426"], "citation_overall": ["2103022394", "2636652715", "719828399", "2167932487", "2133412819", "2276534067", "2974827001", "465425324", "2151951421", "2189669108", "2569002304", "2116710029", "2759556966", "2765053480", "290762400", "2055290945", "2129284032", "2171991321", "2143180813", "2153140827", "2304382748", "2954339665", "2081029678", "2151211711", "2206949112", "2893331191", "253203043", "2120994602", "2160857524", "2162634656", "2123921836", "2236499141", "32897743", "2016802188", "2123424177", "2157783754", "2142906095", "2304246620", "1979746700", "2065108530", "2161802990", "2974656515", "2188035142", "2260592357", "716715026", "2044130634", "2226571936", "2558842103", "1661735625", "2260881861", "252845094", "416104820", "2125762281", "2137354378", "2202639077", "2302602655", "2949614000", "2294681675", "2242145496", "2697605990", "2135192780", "2227429773", "2343185868", "2598132165", "2101367683", "2120521483", "2887305866", "1947780642", "2147421545", "2462974401", "1310345941", "267730324", "1965972254", "2193619655", "266947894", "2974880426", "356043702", "684175691", "1998464616", "2320630284", "2576554235"], "publication_10_years": [], "citation_10_years": [], "publication_5_years": [], "citation_5_years": []}, "industrial_sectors": {"publication_overall": ["computing_and_it", "technology", "information_technology", "telecommunications"], "citation_overall": ["computing_and_it", "technology", "information_technology", "telecommunications"], "publication_10_years": [], "citation_10_years": [], "publication_5_years": [], "citation_5_years": []}}