{"name": "International MindTrek Conference", "acronym": "MindTrek", "type": "conference", "uniqueEntities": {"organizations": {"IT University of Copenhagen": {"name": "IT University of Copenhagen", "type": "organization", "organization_type": "Education", "h_index": 74, "h5_index": 24, "num_publications": 3, "num_citations": 143, "num_publications_5y": 0, "num_citations_5y": 58, "num_publications_10y": 3, "num_citations_10y": 127, "publications_years": {"2009": 3}, "citations_years": {"2011": 20, "2012": 15, "2013": 27, "2014": 12, "2015": 19, "2016": 6, "2017": 11, "2018": 10, "2010": 7, "2019": 15, "2020": 1}, "old_citations": {"2009": 143}, "isVisible": false}, "University of Lisbon": {"name": "University of Lisbon", "type": "organization", "organization_type": "Education", "h_index": 64, "h5_index": 20, "num_publications": 3, "num_citations": 14, "num_publications_5y": 0, "num_citations_5y": 5, "num_publications_10y": 3, "num_citations_10y": 12, "publications_years": {"2009": 3}, "citations_years": {"2010": 1, "2011": 3, "2012": 1, "2013": 2, "2014": 1, "2015": 2, "2016": 0, "2017": 0, "2018": 2, "2019": 2}, "old_citations": {"2009": 14}, "isVisible": false}, "Graz University of Technology": {"name": "Graz University of Technology", "type": "organization", "organization_type": "Education", "h_index": 133, "h5_index": 41, "num_publications": 2, "num_citations": 16, "num_publications_5y": 0, "num_citations_5y": 6, "num_publications_10y": 2, "num_citations_10y": 16, "publications_years": {"2009": 2}, "citations_years": {"2011": 4, "2012": 2, "2013": 1, "2014": 2, "2015": 0, "2016": 4, "2010": 3}, "old_citations": {"2009": 16}, "isVisible": false}, "University of Jyv\u00e4skyl\u00e4": {"name": "University of Jyv\u00e4skyl\u00e4", "type": "organization", "organization_type": "Education", "h_index": 63, "h5_index": 19, "num_publications": 2, "num_citations": 10, "num_publications_5y": 0, "num_citations_5y": 2, "num_publications_10y": 2, "num_citations_10y": 9, "publications_years": {"2009": 2}, "citations_years": {"2010": 2, "2011": 1, "2012": 2, "2013": 2, "2014": 0, "2015": 0, "2016": 0, "2017": 1, "2018": 1, "2019": 1}, "old_citations": {"2009": 10}, "isVisible": false}, "University of Lincoln": {"name": "University of Lincoln", "type": "organization", "organization_type": "Education", "h_index": 39, "h5_index": 20, "num_publications": 2, "num_citations": 12, "num_publications_5y": 0, "num_citations_5y": 7, "num_publications_10y": 2, "num_citations_10y": 12, "publications_years": {"2009": 2}, "citations_years": {"2011": 1, "2012": 2, "2013": 2, "2014": 2, "2015": 1, "2016": 1, "2017": 2, "2018": 1}, "old_citations": {"2009": 12}, "isVisible": false}, "Aalborg University": {"name": "Aalborg University", "type": "organization", "organization_type": "Education", "h_index": 132, "h5_index": 41, "num_publications": 1, "num_citations": 4, "num_publications_5y": 1, "num_citations_5y": 0, "num_publications_10y": 1, "num_citations_10y": 0, "publications_years": {"2017": 1}, "citations_years": {"2019": 3, "2020": 1}, "old_citations": {"2017": 4}, "isVisible": false}, "Charles University": {"name": "Charles University", "type": "organization", "organization_type": "Education", "h_index": 63, "h5_index": 21, "num_publications": 1, "num_citations": 0, "num_publications_5y": 0, "num_citations_5y": 0, "num_publications_10y": 1, "num_citations_10y": 0, "publications_years": {"2009": 1}, "citations_years": {}, "old_citations": {"2009": 0}, "isVisible": false}, "Eindhoven University of Technology": {"name": "Eindhoven University of Technology", "type": "organization", "organization_type": "Education", "h_index": 159, "h5_index": 40, "num_publications": 1, "num_citations": 7, "num_publications_5y": 0, "num_citations_5y": 2, "num_publications_10y": 1, "num_citations_10y": 7, "publications_years": {"2009": 1}, "citations_years": {"2011": 3, "2012": 0, "2013": 2, "2014": 0, "2015": 0, "2016": 1, "2017": 1}, "old_citations": {"2009": 7}, "isVisible": false}, "JAMK University of Applied Sciences": {"name": "JAMK University of Applied Sciences", "type": "organization", "organization_type": "Education", "h_index": 4, "h5_index": 2, "num_publications": 1, "num_citations": 4, "num_publications_5y": 0, "num_citations_5y": 0, "num_publications_10y": 1, "num_citations_10y": 4, "publications_years": {"2009": 1}, "citations_years": {"2010": 2, "2011": 0, "2012": 2}, "old_citations": {"2009": 4}, "isVisible": false}, "Lancaster University": {"name": "Lancaster University", "type": "organization", "organization_type": "Education", "h_index": 132, "h5_index": 49, "num_publications": 1, "num_citations": 2, "num_publications_5y": 0, "num_citations_5y": 1, "num_publications_10y": 1, "num_citations_10y": 2, "publications_years": {"2009": 1}, "citations_years": {"2013": 1, "2014": 0, "2015": 1}, "old_citations": {"2009": 2}, "isVisible": false}, "National Institute of Informatics": {"name": "National Institute of Informatics", "type": "organization", "organization_type": "Facility", "h_index": 70, "h5_index": 31, "num_publications": 1, "num_citations": 1, "num_publications_5y": 0, "num_citations_5y": 1, "num_publications_10y": 1, "num_citations_10y": 1, "publications_years": {"2009": 1}, "citations_years": {"2014": 1}, "old_citations": {"2009": 1}, "isVisible": false}, "RMIT University": {"name": "RMIT University", "type": "organization", "organization_type": "Education", "h_index": 94, "h5_index": 43, "num_publications": 1, "num_citations": 7, "num_publications_5y": 0, "num_citations_5y": 1, "num_publications_10y": 0, "num_citations_10y": 6, "publications_years": {"2008": 1}, "citations_years": {"2010": 2, "2011": 2, "2012": 1, "2013": 0, "2014": 0, "2015": 0, "2016": 0, "2017": 1, "2018": 0, "2019": 1}, "old_citations": {"2008": 7}, "isVisible": false}, "Siemens (Germany)": {"name": "Siemens (Germany)", "type": "organization", "organization_type": "Company", "h_index": 141, "h5_index": 32, "num_publications": 1, "num_citations": 0, "num_publications_5y": 0, "num_citations_5y": 0, "num_publications_10y": 1, "num_citations_10y": 0, "publications_years": {"2009": 1}, "citations_years": {}, "old_citations": {"2009": 0}, "isVisible": false}, "University of Bolton": {"name": "University of Bolton", "type": "organization", "organization_type": "Education", "h_index": 21, "h5_index": 4, "num_publications": 1, "num_citations": 38, "num_publications_5y": 0, "num_citations_5y": 18, "num_publications_10y": 1, "num_citations_10y": 35, "publications_years": {"2009": 1}, "citations_years": {"2009": 1, "2010": 1, "2011": 6, "2012": 3, "2013": 6, "2014": 4, "2015": 7, "2016": 1, "2017": 4, "2018": 2, "2019": 3}, "old_citations": {"2009": 38}, "isVisible": false}, "University of Oslo": {"name": "University of Oslo", "type": "organization", "organization_type": "Education", "h_index": 100, "h5_index": 39, "num_publications": 1, "num_citations": 10, "num_publications_5y": 0, "num_citations_5y": 2, "num_publications_10y": 1, "num_citations_10y": 7, "publications_years": {"2009": 1}, "citations_years": {"2009": 1, "2010": 0, "2011": 3, "2012": 0, "2013": 1, "2014": 0, "2015": 1, "2016": 0, "2017": 0, "2018": 1, "2019": 3}, "old_citations": {"2009": 10}, "isVisible": false}, "University of Paderborn": {"name": "University of Paderborn", "type": "organization", "organization_type": "Education", "h_index": 83, "h5_index": 24, "num_publications": 1, "num_citations": 0, "num_publications_5y": 0, "num_citations_5y": 0, "num_publications_10y": 1, "num_citations_10y": 0, "publications_years": {"2009": 1}, "citations_years": {}, "old_citations": {"2009": 0}, "isVisible": false}, "University of Portsmouth": {"name": "University of Portsmouth", "type": "organization", "organization_type": "Education", "h_index": 51, "h5_index": 18, "num_publications": 1, "num_citations": 2, "num_publications_5y": 0, "num_citations_5y": 1, "num_publications_10y": 0, "num_citations_10y": 2, "publications_years": {"2008": 1}, "citations_years": {"2013": 1, "2014": 1}, "old_citations": {"2008": 2}, "isVisible": false}, "VTT Technical Research Centre of Finland": {"name": "VTT Technical Research Centre of Finland", "type": "organization", "organization_type": "Nonprofit", "h_index": 49, "h5_index": 20, "num_publications": 1, "num_citations": 1, "num_publications_5y": 0, "num_citations_5y": 0, "num_publications_10y": 1, "num_citations_10y": 1, "publications_years": {"2009": 1}, "citations_years": {"2010": 1}, "old_citations": {"2009": 1}, "isVisible": false}, "Victoria University of Wellington": {"name": "Victoria University of Wellington", "type": "organization", "organization_type": "Education", "h_index": 70, "h5_index": 25, "num_publications": 1, "num_citations": 4, "num_publications_5y": 0, "num_citations_5y": 3, "num_publications_10y": 1, "num_citations_10y": 4, "publications_years": {"2009": 1}, "citations_years": {"2011": 1, "2012": 0, "2013": 0, "2014": 1, "2015": 1, "2016": 1}, "old_citations": {"2009": 4}, "isVisible": false}}, "topics": {"computer science": {"name": "computer science", "type": "topic", "h_index": 1779, "h5_index": 416, "num_publications": 47, "num_citations": 665, "num_publications_5y": 1, "num_citations_5y": 309, "num_publications_10y": 43, "num_citations_10y": 608, "publications_years": {"2009": 42, "2008": 4, "2017": 1}, "citations_years": {"2012": 64, "2013": 91, "2010": 47, "2011": 89, "2014": 76, "2015": 82, "2016": 58, "2017": 61, "2018": 32, "2019": 52, "2009": 8, "2020": 5}, "old_citations": {"2009": 625, "2008": 36, "2017": 4}, "isVisible": false}, "human computer interaction": {"name": "human computer interaction", "type": "topic", "h_index": 934, "h5_index": 215, "num_publications": 39, "num_citations": 627, "num_publications_5y": 1, "num_citations_5y": 302, "num_publications_10y": 35, "num_citations_10y": 570, "publications_years": {"2008": 4, "2009": 34, "2017": 1}, "citations_years": {"2010": 38, "2011": 81, "2012": 54, "2013": 88, "2014": 71, "2015": 81, "2016": 57, "2017": 61, "2018": 32, "2019": 52, "2009": 7, "2020": 5}, "old_citations": {"2008": 36, "2009": 587, "2017": 4}, "isVisible": false}, "computer systems": {"name": "computer systems", "type": "topic", "h_index": 1595, "h5_index": 367, "num_publications": 34, "num_citations": 394, "num_publications_5y": 0, "num_citations_5y": 187, "num_publications_10y": 31, "num_citations_10y": 368, "publications_years": {"2009": 31, "2008": 3}, "citations_years": {"2012": 36, "2013": 53, "2010": 31, "2011": 55, "2014": 47, "2015": 48, "2016": 38, "2017": 36, "2018": 18, "2019": 25, "2009": 6, "2020": 1}, "old_citations": {"2009": 360, "2008": 34}, "isVisible": false}, "user interfaces": {"name": "user interfaces", "type": "topic", "h_index": 845, "h5_index": 182, "num_publications": 32, "num_citations": 554, "num_publications_5y": 0, "num_citations_5y": 275, "num_publications_10y": 28, "num_citations_10y": 509, "publications_years": {"2008": 4, "2009": 28}, "citations_years": {"2010": 36, "2011": 66, "2012": 50, "2013": 77, "2014": 66, "2015": 71, "2016": 55, "2017": 56, "2018": 27, "2019": 41, "2009": 5, "2020": 4}, "old_citations": {"2008": 36, "2009": 518}, "isVisible": false}, "computer imaging and vision": {"name": "computer imaging and vision", "type": "topic", "h_index": 1142, "h5_index": 334, "num_publications": 29, "num_citations": 439, "num_publications_5y": 0, "num_citations_5y": 193, "num_publications_10y": 27, "num_citations_10y": 395, "publications_years": {"2008": 2, "2009": 27}, "citations_years": {"2010": 29, "2011": 63, "2012": 43, "2013": 65, "2014": 42, "2015": 52, "2016": 33, "2017": 39, "2018": 27, "2019": 40, "2009": 2, "2020": 4}, "old_citations": {"2008": 9, "2009": 430}, "isVisible": false}, "internet": {"name": "internet", "type": "topic", "h_index": 1102, "h5_index": 245, "num_publications": 28, "num_citations": 237, "num_publications_5y": 0, "num_citations_5y": 91, "num_publications_10y": 26, "num_citations_10y": 225, "publications_years": {"2009": 26, "2008": 2}, "citations_years": {"2012": 33, "2013": 28, "2009": 7, "2010": 25, "2011": 41, "2014": 22, "2015": 22, "2016": 18, "2017": 18, "2018": 11, "2019": 11, "2020": 1}, "old_citations": {"2009": 210, "2008": 27}, "isVisible": false}, "artificial intelligence": {"name": "artificial intelligence", "type": "topic", "h_index": 1421, "h5_index": 373, "num_publications": 27, "num_citations": 399, "num_publications_5y": 0, "num_citations_5y": 183, "num_publications_10y": 25, "num_citations_10y": 359, "publications_years": {"2008": 2, "2009": 25}, "citations_years": {"2010": 25, "2011": 54, "2012": 40, "2013": 55, "2014": 40, "2015": 53, "2016": 29, "2017": 38, "2018": 23, "2019": 36, "2009": 2, "2020": 4}, "old_citations": {"2008": 9, "2009": 390}, "isVisible": false}, "telecommunication systems": {"name": "telecommunication systems", "type": "topic", "h_index": 1187, "h5_index": 277, "num_publications": 23, "num_citations": 197, "num_publications_5y": 0, "num_citations_5y": 74, "num_publications_10y": 20, "num_citations_10y": 184, "publications_years": {"2008": 3, "2009": 20}, "citations_years": {"2010": 22, "2011": 35, "2012": 24, "2013": 23, "2014": 15, "2015": 18, "2016": 18, "2017": 15, "2018": 8, "2019": 13, "2009": 6}, "old_citations": {"2008": 34, "2009": 163}, "isVisible": false}, "computer networks": {"name": "computer networks", "type": "topic", "h_index": 1262, "h5_index": 332, "num_publications": 22, "num_citations": 186, "num_publications_5y": 0, "num_citations_5y": 72, "num_publications_10y": 19, "num_citations_10y": 176, "publications_years": {"2008": 3, "2009": 19}, "citations_years": {"2010": 23, "2011": 28, "2012": 26, "2013": 22, "2014": 14, "2015": 18, "2016": 18, "2017": 15, "2018": 7, "2019": 10, "2009": 5}, "old_citations": {"2008": 34, "2009": 152}, "isVisible": false}, "telecommunication networks": {"name": "telecommunication networks", "type": "topic", "h_index": 1116, "h5_index": 258, "num_publications": 20, "num_citations": 192, "num_publications_5y": 0, "num_citations_5y": 73, "num_publications_10y": 17, "num_citations_10y": 179, "publications_years": {"2008": 3, "2009": 17}, "citations_years": {"2010": 20, "2011": 35, "2012": 22, "2013": 23, "2014": 15, "2015": 18, "2016": 17, "2017": 15, "2018": 8, "2019": 13, "2009": 6}, "old_citations": {"2008": 34, "2009": 158}, "isVisible": false}, "communication systems": {"name": "communication systems", "type": "topic", "h_index": 1092, "h5_index": 254, "num_publications": 17, "num_citations": 173, "num_publications_5y": 0, "num_citations_5y": 69, "num_publications_10y": 14, "num_citations_10y": 163, "publications_years": {"2008": 3, "2009": 14}, "citations_years": {"2010": 22, "2011": 25, "2012": 23, "2013": 19, "2014": 14, "2015": 17, "2016": 17, "2017": 14, "2018": 7, "2019": 10, "2009": 5}, "old_citations": {"2008": 34, "2009": 139}, "isVisible": false}, "interactive computer graphics": {"name": "interactive computer graphics", "type": "topic", "h_index": 360, "h5_index": 76, "num_publications": 17, "num_citations": 349, "num_publications_5y": 0, "num_citations_5y": 161, "num_publications_10y": 16, "num_citations_10y": 314, "publications_years": {"2009": 16, "2008": 1}, "citations_years": {"2011": 43, "2012": 34, "2013": 54, "2014": 34, "2015": 42, "2016": 29, "2017": 34, "2018": 22, "2010": 22, "2019": 31, "2020": 4}, "old_citations": {"2009": 347, "2008": 2}, "isVisible": false}, "wireless telecommunication systems": {"name": "wireless telecommunication systems", "type": "topic", "h_index": 1087, "h5_index": 254, "num_publications": 17, "num_citations": 173, "num_publications_5y": 0, "num_citations_5y": 69, "num_publications_10y": 14, "num_citations_10y": 163, "publications_years": {"2008": 3, "2009": 14}, "citations_years": {"2010": 22, "2011": 25, "2012": 23, "2013": 19, "2014": 14, "2015": 17, "2016": 17, "2017": 14, "2018": 7, "2019": 10, "2009": 5}, "old_citations": {"2008": 34, "2009": 139}, "isVisible": false}, "videogames": {"name": "videogames", "type": "topic", "h_index": 264, "h5_index": 54, "num_publications": 16, "num_citations": 448, "num_publications_5y": 0, "num_citations_5y": 231, "num_publications_10y": 15, "num_citations_10y": 406, "publications_years": {"2009": 15, "2008": 1}, "citations_years": {"2011": 48, "2012": 35, "2013": 68, "2014": 56, "2015": 61, "2016": 43, "2017": 46, "2018": 25, "2010": 24, "2019": 38, "2020": 4}, "old_citations": {"2009": 446, "2008": 2}, "isVisible": false}, "computer hardware": {"name": "computer hardware", "type": "topic", "h_index": 1150, "h5_index": 279, "num_publications": 15, "num_citations": 87, "num_publications_5y": 0, "num_citations_5y": 33, "num_publications_10y": 13, "num_citations_10y": 81, "publications_years": {"2009": 13, "2008": 2}, "citations_years": {"2012": 13, "2013": 9, "2010": 10, "2011": 14, "2014": 9, "2015": 10, "2016": 6, "2017": 6, "2018": 2, "2019": 6, "2009": 2}, "old_citations": {"2009": 78, "2008": 9}, "isVisible": false}, "data communication systems": {"name": "data communication systems", "type": "topic", "h_index": 1013, "h5_index": 234, "num_publications": 15, "num_citations": 168, "num_publications_5y": 0, "num_citations_5y": 69, "num_publications_10y": 13, "num_citations_10y": 159, "publications_years": {"2009": 13, "2008": 2}, "citations_years": {"2009": 5, "2010": 18, "2011": 26, "2012": 20, "2013": 21, "2014": 14, "2015": 17, "2016": 17, "2017": 14, "2018": 7, "2019": 9}, "old_citations": {"2009": 141, "2008": 27}, "isVisible": false}, "computer games": {"name": "computer games", "type": "topic", "h_index": 254, "h5_index": 54, "num_publications": 14, "num_citations": 287, "num_publications_5y": 0, "num_citations_5y": 134, "num_publications_10y": 13, "num_citations_10y": 255, "publications_years": {"2008": 1, "2009": 13}, "citations_years": {"2013": 42, "2014": 27, "2010": 18, "2011": 34, "2012": 27, "2015": 37, "2016": 22, "2017": 29, "2018": 19, "2019": 28, "2020": 4}, "old_citations": {"2008": 2, "2009": 285}, "isVisible": false}, "game theory": {"name": "game theory", "type": "topic", "h_index": 337, "h5_index": 80, "num_publications": 14, "num_citations": 287, "num_publications_5y": 0, "num_citations_5y": 134, "num_publications_10y": 13, "num_citations_10y": 255, "publications_years": {"2008": 1, "2009": 13}, "citations_years": {"2013": 42, "2014": 27, "2010": 18, "2011": 34, "2012": 27, "2015": 37, "2016": 22, "2017": 29, "2018": 19, "2019": 28, "2020": 4}, "old_citations": {"2008": 2, "2009": 285}, "isVisible": false}, "mobile computing": {"name": "mobile computing", "type": "topic", "h_index": 664, "h5_index": 170, "num_publications": 14, "num_citations": 161, "num_publications_5y": 0, "num_citations_5y": 67, "num_publications_10y": 12, "num_citations_10y": 152, "publications_years": {"2009": 12, "2008": 2}, "citations_years": {"2009": 5, "2010": 18, "2011": 23, "2012": 20, "2013": 19, "2014": 14, "2015": 17, "2016": 16, "2017": 13, "2018": 7, "2019": 9}, "old_citations": {"2009": 134, "2008": 27}, "isVisible": false}, "mobile devices": {"name": "mobile devices", "type": "topic", "h_index": 594, "h5_index": 156, "num_publications": 14, "num_citations": 161, "num_publications_5y": 0, "num_citations_5y": 67, "num_publications_10y": 12, "num_citations_10y": 152, "publications_years": {"2009": 12, "2008": 2}, "citations_years": {"2009": 5, "2010": 18, "2011": 23, "2012": 20, "2013": 19, "2014": 14, "2015": 17, "2016": 16, "2017": 13, "2018": 7, "2019": 9}, "old_citations": {"2009": 134, "2008": 27}, "isVisible": false}, "game design": {"name": "game design", "type": "topic", "h_index": 232, "h5_index": 43, "num_publications": 13, "num_citations": 343, "num_publications_5y": 0, "num_citations_5y": 159, "num_publications_10y": 12, "num_citations_10y": 308, "publications_years": {"2009": 12, "2008": 1}, "citations_years": {"2011": 42, "2012": 33, "2013": 53, "2014": 33, "2015": 41, "2016": 29, "2017": 34, "2018": 22, "2010": 21, "2019": 31, "2020": 4}, "old_citations": {"2009": 341, "2008": 2}, "isVisible": false}, "gameplay": {"name": "gameplay", "type": "topic", "h_index": 225, "h5_index": 40, "num_publications": 12, "num_citations": 332, "num_publications_5y": 0, "num_citations_5y": 155, "num_publications_10y": 11, "num_citations_10y": 297, "publications_years": {"2009": 11, "2008": 1}, "citations_years": {"2010": 21, "2011": 41, "2012": 30, "2013": 50, "2014": 31, "2015": 41, "2016": 29, "2017": 33, "2018": 21, "2019": 31, "2020": 4}, "old_citations": {"2009": 330, "2008": 2}, "isVisible": false}, "software": {"name": "software", "type": "topic", "h_index": 902, "h5_index": 167, "num_publications": 8, "num_citations": 330, "num_publications_5y": 0, "num_citations_5y": 170, "num_publications_10y": 8, "num_citations_10y": 303, "publications_years": {"2009": 8}, "citations_years": {"2010": 17, "2011": 39, "2012": 25, "2013": 52, "2014": 45, "2015": 48, "2016": 32, "2017": 30, "2018": 15, "2019": 26, "2020": 1}, "old_citations": {"2009": 330}, "isVisible": false}, "human engineering": {"name": "human engineering", "type": "topic", "h_index": 406, "h5_index": 80, "num_publications": 10, "num_citations": 289, "num_publications_5y": 0, "num_citations_5y": 151, "num_publications_10y": 9, "num_citations_10y": 265, "publications_years": {"2009": 9, "2008": 1}, "citations_years": {"2010": 13, "2011": 32, "2012": 22, "2013": 44, "2014": 41, "2015": 44, "2016": 26, "2017": 27, "2018": 13, "2019": 23, "2020": 1, "2009": 3}, "old_citations": {"2009": 281, "2008": 8}, "isVisible": false}, "user experience": {"name": "user experience", "type": "topic", "h_index": 174, "h5_index": 55, "num_publications": 5, "num_citations": 263, "num_publications_5y": 0, "num_citations_5y": 143, "num_publications_10y": 5, "num_citations_10y": 239, "publications_years": {"2009": 5}, "citations_years": {"2010": 10, "2011": 28, "2012": 16, "2013": 42, "2014": 38, "2015": 43, "2016": 23, "2017": 26, "2018": 13, "2019": 23, "2020": 1}, "old_citations": {"2009": 263}, "isVisible": false}, "software engineering": {"name": "software engineering", "type": "topic", "h_index": 964, "h5_index": 236, "num_publications": 13, "num_citations": 257, "num_publications_5y": 0, "num_citations_5y": 117, "num_publications_10y": 13, "num_citations_10y": 230, "publications_years": {"2009": 13}, "citations_years": {"2010": 16, "2011": 31, "2012": 31, "2013": 34, "2014": 27, "2015": 34, "2016": 20, "2017": 23, "2018": 13, "2019": 24, "2020": 3, "2009": 1}, "old_citations": {"2009": 257}, "isVisible": false}, "information systems": {"name": "information systems", "type": "topic", "h_index": 679, "h5_index": 124, "num_publications": 11, "num_citations": 229, "num_publications_5y": 0, "num_citations_5y": 128, "num_publications_10y": 11, "num_citations_10y": 214, "publications_years": {"2009": 11}, "citations_years": {"2012": 16, "2013": 34, "2011": 26, "2014": 36, "2015": 33, "2016": 27, "2017": 22, "2010": 10, "2018": 10, "2019": 15}, "old_citations": {"2009": 229}, "isVisible": false}, "augmented reality": {"name": "augmented reality", "type": "topic", "h_index": 232, "h5_index": 70, "num_publications": 3, "num_citations": 14, "num_publications_5y": 1, "num_citations_5y": 2, "num_publications_10y": 3, "num_citations_10y": 7, "publications_years": {"2017": 1, "2009": 2}, "citations_years": {"2019": 6, "2020": 1, "2009": 1, "2010": 0, "2011": 3, "2012": 0, "2013": 1, "2014": 0, "2015": 1, "2016": 0, "2017": 0, "2018": 1}, "old_citations": {"2017": 4, "2009": 10}, "isVisible": false}, "communication": {"name": "communication", "type": "topic", "h_index": 886, "h5_index": 209, "num_publications": 9, "num_citations": 39, "num_publications_5y": 1, "num_citations_5y": 10, "num_publications_10y": 8, "num_citations_10y": 32, "publications_years": {"2009": 7, "2008": 1, "2017": 1}, "citations_years": {"2012": 5, "2013": 5, "2010": 3, "2011": 6, "2014": 2, "2015": 0, "2016": 3, "2009": 3, "2017": 2, "2019": 6, "2020": 1, "2018": 3}, "old_citations": {"2009": 27, "2008": 8, "2017": 4}, "isVisible": false}, "robot system": {"name": "robot system", "type": "topic", "h_index": 200, "h5_index": 52, "num_publications": 1, "num_citations": 4, "num_publications_5y": 1, "num_citations_5y": 0, "num_publications_10y": 1, "num_citations_10y": 0, "publications_years": {"2017": 1}, "citations_years": {"2019": 3, "2020": 1}, "old_citations": {"2017": 4}, "isVisible": false}, "robotics": {"name": "robotics", "type": "topic", "h_index": 677, "h5_index": 171, "num_publications": 5, "num_citations": 19, "num_publications_5y": 1, "num_citations_5y": 4, "num_publications_10y": 4, "num_citations_10y": 14, "publications_years": {"2008": 1, "2009": 3, "2017": 1}, "citations_years": {"2010": 2, "2011": 5, "2012": 1, "2013": 2, "2014": 0, "2015": 1, "2016": 2, "2017": 1, "2018": 0, "2019": 4, "2020": 1}, "old_citations": {"2008": 7, "2009": 8, "2017": 4}, "isVisible": false}, "robots": {"name": "robots", "type": "topic", "h_index": 521, "h5_index": 132, "num_publications": 2, "num_citations": 7, "num_publications_5y": 1, "num_citations_5y": 2, "num_publications_10y": 2, "num_citations_10y": 3, "publications_years": {"2009": 1, "2017": 1}, "citations_years": {"2011": 1, "2012": 0, "2013": 0, "2014": 0, "2015": 0, "2016": 2, "2019": 3, "2020": 1}, "old_citations": {"2009": 3, "2017": 4}, "isVisible": false}, "virtual reality": {"name": "virtual reality", "type": "topic", "h_index": 407, "h5_index": 94, "num_publications": 9, "num_citations": 122, "num_publications_5y": 1, "num_citations_5y": 48, "num_publications_10y": 9, "num_citations_10y": 105, "publications_years": {"2009": 8, "2017": 1}, "citations_years": {"2009": 2, "2010": 5, "2011": 21, "2012": 9, "2013": 20, "2014": 9, "2015": 16, "2016": 6, "2017": 9, "2018": 8, "2019": 16, "2020": 1}, "old_citations": {"2009": 118, "2017": 4}, "isVisible": false}, "virtual spaces": {"name": "virtual spaces", "type": "topic", "h_index": 304, "h5_index": 57, "num_publications": 3, "num_citations": 43, "num_publications_5y": 1, "num_citations_5y": 19, "num_publications_10y": 3, "num_citations_10y": 36, "publications_years": {"2009": 2, "2017": 1}, "citations_years": {"2009": 1, "2010": 1, "2011": 6, "2012": 3, "2013": 6, "2014": 5, "2015": 7, "2016": 1, "2017": 4, "2018": 2, "2019": 6, "2020": 1}, "old_citations": {"2009": 39, "2017": 4}, "isVisible": false}}, "authors": {"139251421": {"name": "teresa chambel", "type": "author", "activity": 27, "h_index": 12, "h5_index": 1, "mag_id": "139251421", "num_publications": 3, "num_citations": 14, "num_publications_5y": 0, "num_citations_5y": 5, "num_publications_10y": 3, "num_citations_10y": 12, "publications_years": {"2009": 3}, "citations_years": {"2010": 1, "2011": 3, "2012": 1, "2013": 2, "2014": 1, "2015": 2, "2016": 0, "2017": 0, "2018": 2, "2019": 2}, "old_citations": {"2009": 14}, "isVisible": false}, "237568303": {"name": "victor manuel garciabarrios", "type": "author", "activity": 10, "h_index": 7, "h5_index": 0, "mag_id": "237568303", "num_publications": 2, "num_citations": 16, "num_publications_5y": 0, "num_citations_5y": 6, "num_publications_10y": 2, "num_citations_10y": 16, "publications_years": {"2009": 2}, "citations_years": {"2011": 4, "2012": 2, "2013": 1, "2014": 2, "2015": 0, "2016": 4, "2010": 3}, "old_citations": {"2009": 16}, "isVisible": false}, "1611933363": {"name": "alessandro canossa", "type": "author", "activity": 12, "h_index": 15, "h5_index": 4, "mag_id": "1611933363", "num_publications": 2, "num_citations": 132, "num_publications_5y": 0, "num_citations_5y": 54, "num_publications_10y": 2, "num_citations_10y": 116, "publications_years": {"2009": 2}, "citations_years": {"2010": 7, "2011": 19, "2012": 12, "2013": 24, "2014": 10, "2015": 19, "2016": 6, "2017": 10, "2018": 9, "2019": 15, "2020": 1}, "old_citations": {"2009": 132}, "isVisible": false}, "1809739075": {"name": "janne paavilainen", "type": "author", "activity": 13, "h_index": 9, "h5_index": 2, "mag_id": "1809739075", "num_publications": 2, "num_citations": 105, "num_publications_5y": 0, "num_citations_5y": 47, "num_publications_10y": 2, "num_citations_10y": 97, "publications_years": {"2009": 2}, "citations_years": {"2010": 9, "2011": 17, "2012": 8, "2013": 16, "2014": 9, "2015": 12, "2016": 10, "2017": 10, "2018": 6, "2019": 7, "2020": 1}, "old_citations": {"2009": 105}, "isVisible": false}, "1926479962": {"name": "christian safran", "type": "author", "activity": 6, "h_index": 7, "h5_index": 0, "mag_id": "1926479962", "num_publications": 2, "num_citations": 16, "num_publications_5y": 0, "num_citations_5y": 6, "num_publications_10y": 2, "num_citations_10y": 16, "publications_years": {"2009": 2}, "citations_years": {"2011": 4, "2012": 2, "2013": 1, "2014": 2, "2015": 0, "2016": 4, "2010": 3}, "old_citations": {"2009": 16}, "isVisible": false}, "1938829359": {"name": "hannu korhonen", "type": "author", "activity": 18, "h_index": 19, "h5_index": 2, "mag_id": "1938829359", "num_publications": 2, "num_citations": 152, "num_publications_5y": 0, "num_citations_5y": 94, "num_publications_10y": 2, "num_citations_10y": 142, "publications_years": {"2009": 2}, "citations_years": {"2010": 6, "2011": 14, "2012": 5, "2013": 23, "2014": 28, "2015": 24, "2016": 21, "2017": 16, "2018": 5, "2019": 10}, "old_citations": {"2009": 152}, "isVisible": false}, "2025305099": {"name": "artur lugmayr", "type": "author", "activity": 20, "h_index": 13, "h5_index": 3, "mag_id": "2025305099", "num_publications": 2, "num_citations": 27, "num_publications_5y": 0, "num_citations_5y": 12, "num_publications_10y": 0, "num_citations_10y": 27, "publications_years": {"2008": 2}, "citations_years": {"2009": 4, "2010": 3, "2011": 4, "2012": 3, "2013": 1, "2014": 1, "2015": 2, "2016": 4, "2017": 4, "2018": 1}, "old_citations": {"2008": 27}, "isVisible": false}, "2108510301": {"name": "shaun lawson", "type": "author", "activity": 26, "h_index": 20, "h5_index": 7, "mag_id": "2108510301", "num_publications": 2, "num_citations": 12, "num_publications_5y": 0, "num_citations_5y": 7, "num_publications_10y": 2, "num_citations_10y": 12, "publications_years": {"2009": 2}, "citations_years": {"2011": 1, "2012": 2, "2013": 2, "2014": 2, "2015": 1, "2016": 1, "2017": 2, "2018": 1}, "old_citations": {"2009": 12}, "isVisible": false}, "2109055368": {"name": "anders drachen", "type": "author", "activity": 12, "h_index": 23, "h5_index": 8, "mag_id": "2109055368", "num_publications": 2, "num_citations": 132, "num_publications_5y": 0, "num_citations_5y": 54, "num_publications_10y": 2, "num_citations_10y": 116, "publications_years": {"2009": 2}, "citations_years": {"2010": 7, "2011": 19, "2012": 12, "2013": 24, "2014": 10, "2015": 19, "2016": 6, "2017": 10, "2018": 9, "2019": 15, "2020": 1}, "old_citations": {"2009": 132}, "isVisible": false}, "2116671813": {"name": "andrea botero", "type": "author", "activity": 9, "h_index": 4, "h5_index": 1, "mag_id": "2116671813", "num_publications": 2, "num_citations": 18, "num_publications_5y": 0, "num_citations_5y": 5, "num_publications_10y": 2, "num_citations_10y": 18, "publications_years": {"2009": 2}, "citations_years": {"2011": 6, "2012": 4, "2013": 1, "2014": 4, "2009": 1, "2010": 1, "2015": 1}, "old_citations": {"2009": 18}, "isVisible": false}, "2127990789": {"name": "conor linehan", "type": "author", "activity": 15, "h_index": 17, "h5_index": 8, "mag_id": "2127990789", "num_publications": 2, "num_citations": 12, "num_publications_5y": 0, "num_citations_5y": 7, "num_publications_10y": 2, "num_citations_10y": 12, "publications_years": {"2009": 2}, "citations_years": {"2011": 1, "2012": 2, "2013": 2, "2014": 2, "2015": 1, "2016": 1, "2017": 2, "2018": 1}, "old_citations": {"2009": 12}, "isVisible": false}, "2143855365": {"name": "ben kirman", "type": "author", "activity": 12, "h_index": 16, "h5_index": 4, "mag_id": "2143855365", "num_publications": 2, "num_citations": 12, "num_publications_5y": 0, "num_citations_5y": 7, "num_publications_10y": 2, "num_citations_10y": 12, "publications_years": {"2009": 2}, "citations_years": {"2011": 1, "2012": 2, "2013": 2, "2014": 2, "2015": 1, "2016": 1, "2017": 2, "2018": 1}, "old_citations": {"2009": 12}, "isVisible": false}, "2248864532": {"name": "sami vihavainen", "type": "author", "activity": 6, "h_index": 8, "h5_index": 0, "mag_id": "2248864532", "num_publications": 2, "num_citations": 16, "num_publications_5y": 0, "num_citations_5y": 4, "num_publications_10y": 2, "num_citations_10y": 16, "publications_years": {"2009": 2}, "citations_years": {"2009": 1, "2010": 2, "2011": 5, "2012": 3, "2013": 1, "2014": 3, "2015": 1}, "old_citations": {"2009": 16}, "isVisible": false}, "14973474": {"name": "angela tinwell", "type": "author", "activity": 3, "h_index": 2, "h5_index": 0, "mag_id": "14973474", "num_publications": 1, "num_citations": 38, "num_publications_5y": 0, "num_citations_5y": 18, "num_publications_10y": 1, "num_citations_10y": 35, "publications_years": {"2009": 1}, "citations_years": {"2009": 1, "2010": 1, "2011": 6, "2012": 3, "2013": 6, "2014": 4, "2015": 7, "2016": 1, "2017": 4, "2018": 2, "2019": 3}, "old_citations": {"2009": 38}, "isVisible": false}, "107524102": {"name": "laurent denoue", "type": "author", "activity": 18, "h_index": 24, "h5_index": 2, "mag_id": "107524102", "num_publications": 1, "num_citations": 3, "num_publications_5y": 0, "num_citations_5y": 0, "num_publications_10y": 1, "num_citations_10y": 3, "publications_years": {"2009": 1}, "citations_years": {"2011": 2, "2012": 0, "2013": 1}, "old_citations": {"2009": 3}, "isVisible": false}, "108080437": {"name": "antti tammela", "type": "author", "activity": 21, "h_index": 4, "h5_index": 2, "mag_id": "108080437", "num_publications": 1, "num_citations": 1, "num_publications_5y": 0, "num_citations_5y": 0, "num_publications_10y": 1, "num_citations_10y": 1, "publications_years": {"2009": 1}, "citations_years": {"2010": 1}, "old_citations": {"2009": 1}, "isVisible": false}, "144362779": {"name": "paul coulton", "type": "author", "activity": 26, "h_index": 22, "h5_index": 6, "mag_id": "144362779", "num_publications": 1, "num_citations": 2, "num_publications_5y": 0, "num_citations_5y": 1, "num_publications_10y": 1, "num_citations_10y": 2, "publications_years": {"2009": 1}, "citations_years": {"2013": 1, "2014": 0, "2015": 1}, "old_citations": {"2009": 2}, "isVisible": false}, "192305177": {"name": "angela blachnitzky", "type": "author", "activity": 3, "h_index": 2, "h5_index": 0, "mag_id": "192305177", "num_publications": 1, "num_citations": 4, "num_publications_5y": 0, "num_citations_5y": 3, "num_publications_10y": 1, "num_citations_10y": 4, "publications_years": {"2009": 1}, "citations_years": {"2011": 1, "2012": 0, "2013": 0, "2014": 1, "2015": 1, "2016": 1}, "old_citations": {"2009": 4}, "isVisible": false}, "213229332": {"name": "aleksi melto", "type": "author", "activity": 7, "h_index": 7, "h5_index": 0, "mag_id": "213229332", "num_publications": 1, "num_citations": 1, "num_publications_5y": 0, "num_citations_5y": 1, "num_publications_10y": 1, "num_citations_10y": 1, "publications_years": {"2009": 1}, "citations_years": {"2016": 1}, "old_citations": {"2009": 1}, "isVisible": false}, "241928641": {"name": "piia nurkka", "type": "author", "activity": 8, "h_index": 5, "h5_index": 1, "mag_id": "241928641", "num_publications": 1, "num_citations": 7, "num_publications_5y": 0, "num_citations_5y": 3, "num_publications_10y": 1, "num_citations_10y": 6, "publications_years": {"2009": 1}, "citations_years": {"2010": 1, "2011": 0, "2012": 1, "2013": 1, "2014": 1, "2015": 0, "2016": 1, "2017": 1, "2018": 0, "2019": 1}, "old_citations": {"2009": 7}, "isVisible": false}, "258213495": {"name": "hannu soronen", "type": "author", "activity": 3, "h_index": 5, "h5_index": 0, "mag_id": "258213495", "num_publications": 1, "num_citations": 1, "num_publications_5y": 0, "num_citations_5y": 1, "num_publications_10y": 1, "num_citations_10y": 1, "publications_years": {"2009": 1}, "citations_years": {"2016": 1}, "old_citations": {"2009": 1}, "isVisible": false}, "320945385": {"name": "tuuli laivo", "type": "author", "activity": 2, "h_index": 5, "h5_index": 0, "mag_id": "320945385", "num_publications": 1, "num_citations": 1, "num_publications_5y": 0, "num_citations_5y": 1, "num_publications_10y": 1, "num_citations_10y": 1, "publications_years": {"2009": 1}, "citations_years": {"2016": 1}, "old_citations": {"2009": 1}, "isVisible": false}, "343872417": {"name": "annakaisa kultima", "type": "author", "activity": 12, "h_index": 6, "h5_index": 1, "mag_id": "343872417", "num_publications": 1, "num_citations": 59, "num_publications_5y": 0, "num_citations_5y": 33, "num_publications_10y": 1, "num_citations_10y": 50, "publications_years": {"2009": 1}, "citations_years": {"2010": 4, "2011": 2, "2012": 7, "2013": 4, "2014": 6, "2015": 8, "2016": 8, "2017": 8, "2018": 3, "2019": 7, "2020": 2}, "old_citations": {"2009": 59}, "isVisible": false}, "1207938711": {"name": "anders lovlie", "type": "author", "activity": 4, "h_index": 3, "h5_index": 0, "mag_id": "1207938711", "num_publications": 1, "num_citations": 10, "num_publications_5y": 0, "num_citations_5y": 2, "num_publications_10y": 1, "num_citations_10y": 7, "publications_years": {"2009": 1}, "citations_years": {"2009": 1, "2010": 0, "2011": 3, "2012": 0, "2013": 1, "2014": 0, "2015": 1, "2016": 0, "2017": 0, "2018": 1, "2019": 3}, "old_citations": {"2009": 10}, "isVisible": false}, "1212090852": {"name": "florian klompmaker", "type": "author", "activity": 6, "h_index": 6, "h5_index": 0, "mag_id": "1212090852", "num_publications": 1, "num_citations": 0, "num_publications_5y": 0, "num_citations_5y": 0, "num_publications_10y": 1, "num_citations_10y": 0, "publications_years": {"2009": 1}, "citations_years": {}, "old_citations": {"2009": 0}, "isVisible": false}, "1233704118": {"name": "thomas schmieder", "type": "author", "activity": 5, "h_index": 0, "h5_index": 0, "mag_id": "1233704118", "num_publications": 1, "num_citations": 0, "num_publications_5y": 0, "num_citations_5y": 0, "num_publications_10y": 1, "num_citations_10y": 0, "publications_years": {"2009": 1}, "citations_years": {}, "old_citations": {"2009": 0}, "isVisible": false}, "1589021448": {"name": "hannamari saarenpaa", "type": "author", "activity": 6, "h_index": 8, "h5_index": 0, "mag_id": "1589021448", "num_publications": 1, "num_citations": 49, "num_publications_5y": 0, "num_citations_5y": 22, "num_publications_10y": 1, "num_citations_10y": 46, "publications_years": {"2009": 1}, "citations_years": {"2010": 4, "2011": 8, "2012": 4, "2013": 8, "2014": 5, "2015": 4, "2016": 7, "2017": 4, "2018": 2, "2019": 3}, "old_citations": {"2009": 49}, "isVisible": false}, "1761047253": {"name": "timo nummenmaa", "type": "author", "activity": 12, "h_index": 5, "h5_index": 2, "mag_id": "1761047253", "num_publications": 1, "num_citations": 103, "num_publications_5y": 0, "num_citations_5y": 72, "num_publications_10y": 1, "num_citations_10y": 96, "publications_years": {"2009": 1}, "citations_years": {"2010": 2, "2011": 6, "2012": 1, "2013": 15, "2014": 23, "2015": 20, "2016": 14, "2017": 12, "2018": 3, "2019": 7}, "old_citations": {"2009": 103}, "isVisible": false}, "1842860414": {"name": "cyril brom", "type": "author", "activity": 15, "h_index": 9, "h5_index": 1, "mag_id": "1842860414", "num_publications": 1, "num_citations": 0, "num_publications_5y": 0, "num_citations_5y": 0, "num_publications_10y": 1, "num_citations_10y": 0, "publications_years": {"2009": 1}, "citations_years": {}, "old_citations": {"2009": 0}, "isVisible": false}, "1961275089": {"name": "ichiro satoh", "type": "author", "activity": 27, "h_index": 21, "h5_index": 1, "mag_id": "1961275089", "num_publications": 1, "num_citations": 1, "num_publications_5y": 0, "num_citations_5y": 1, "num_publications_10y": 1, "num_citations_10y": 1, "publications_years": {"2009": 1}, "citations_years": {"2014": 1}, "old_citations": {"2009": 1}, "isVisible": false}, "1964543989": {"name": "mark doughty", "type": "author", "activity": 9, "h_index": 7, "h5_index": 0, "mag_id": "1964543989", "num_publications": 1, "num_citations": 12, "num_publications_5y": 0, "num_citations_5y": 7, "num_publications_10y": 1, "num_citations_10y": 12, "publications_years": {"2009": 1}, "citations_years": {"2011": 1, "2012": 2, "2013": 2, "2014": 2, "2015": 1, "2016": 1, "2017": 2, "2018": 1}, "old_citations": {"2009": 12}, "isVisible": false}, "1975555656": {"name": "merja haveri", "type": "author", "activity": 4, "h_index": 4, "h5_index": 0, "mag_id": "1975555656", "num_publications": 1, "num_citations": 0, "num_publications_5y": 0, "num_citations_5y": 0, "num_publications_10y": 1, "num_citations_10y": 0, "publications_years": {"2009": 1}, "citations_years": {}, "old_citations": {"2009": 0}, "isVisible": false}, "1977793872": {"name": "jaakko stenros", "type": "author", "activity": 14, "h_index": 7, "h5_index": 2, "mag_id": "1977793872", "num_publications": 1, "num_citations": 56, "num_publications_5y": 0, "num_citations_5y": 25, "num_publications_10y": 1, "num_citations_10y": 51, "publications_years": {"2009": 1}, "citations_years": {"2010": 5, "2011": 9, "2012": 4, "2013": 8, "2014": 4, "2015": 8, "2016": 3, "2017": 6, "2018": 4, "2019": 4, "2020": 1}, "old_citations": {"2009": 56}, "isVisible": false}, "1987067803": {"name": "kaisa vaananenvainiomattila", "type": "author", "activity": 19, "h_index": 21, "h5_index": 0, "mag_id": "1987067803", "num_publications": 1, "num_citations": 27, "num_publications_5y": 0, "num_citations_5y": 16, "num_publications_10y": 1, "num_citations_10y": 26, "publications_years": {"2009": 1}, "citations_years": {"2010": 1, "2011": 3, "2012": 3, "2013": 3, "2014": 5, "2015": 4, "2016": 2, "2017": 4, "2018": 1, "2019": 1}, "old_citations": {"2009": 27}, "isVisible": false}, "1991074587": {"name": "ritva pyykkonen", "type": "author", "activity": 2, "h_index": 2, "h5_index": 0, "mag_id": "1991074587", "num_publications": 1, "num_citations": 4, "num_publications_5y": 0, "num_citations_5y": 0, "num_publications_10y": 1, "num_citations_10y": 4, "publications_years": {"2009": 1}, "citations_years": {"2010": 2, "2011": 0, "2012": 2}, "old_citations": {"2009": 4}, "isVisible": false}, "2004414236": {"name": "ond\u0159ej burkert", "type": "author", "activity": 3, "h_index": 3, "h5_index": 0, "mag_id": "2004414236", "num_publications": 1, "num_citations": 0, "num_publications_5y": 0, "num_citations_5y": 0, "num_publications_10y": 1, "num_citations_10y": 0, "publications_years": {"2009": 1}, "citations_years": {}, "old_citations": {"2009": 0}, "isVisible": false}, "2011519956": {"name": "kimmo karhu", "type": "author", "activity": 8, "h_index": 6, "h5_index": 0, "mag_id": "2011519956", "num_publications": 1, "num_citations": 14, "num_publications_5y": 0, "num_citations_5y": 4, "num_publications_10y": 1, "num_citations_10y": 14, "publications_years": {"2009": 1}, "citations_years": {"2009": 1, "2010": 1, "2011": 4, "2012": 3, "2013": 1, "2014": 3, "2015": 1}, "old_citations": {"2009": 14}, "isVisible": false}, "2012873860": {"name": "arttu perttula", "type": "author", "activity": 9, "h_index": 5, "h5_index": 1, "mag_id": "2012873860", "num_publications": 1, "num_citations": 3, "num_publications_5y": 0, "num_citations_5y": 0, "num_publications_10y": 1, "num_citations_10y": 3, "publications_years": {"2009": 1}, "citations_years": {"2011": 2, "2012": 0, "2013": 1}, "old_citations": {"2009": 3}, "isVisible": false}, "2020575000": {"name": "santtu pakarinen", "type": "author", "activity": 3, "h_index": 2, "h5_index": 0, "mag_id": "2020575000", "num_publications": 1, "num_citations": 1, "num_publications_5y": 0, "num_citations_5y": 1, "num_publications_10y": 1, "num_citations_10y": 1, "publications_years": {"2009": 1}, "citations_years": {"2016": 1}, "old_citations": {"2009": 1}, "isVisible": false}, "2022006398": {"name": "jari multisilta", "type": "author", "activity": 27, "h_index": 7, "h5_index": 2, "mag_id": "2022006398", "num_publications": 1, "num_citations": 10, "num_publications_5y": 0, "num_citations_5y": 2, "num_publications_10y": 1, "num_citations_10y": 10, "publications_years": {"2009": 1}, "citations_years": {"2010": 3, "2011": 1, "2012": 3, "2013": 1, "2014": 1, "2015": 0, "2016": 1}, "old_citations": {"2009": 10}, "isVisible": false}, "2023881234": {"name": "anu seisto", "type": "author", "activity": 10, "h_index": 2, "h5_index": 0, "mag_id": "2023881234", "num_publications": 1, "num_citations": 2, "num_publications_5y": 0, "num_citations_5y": 0, "num_publications_10y": 1, "num_citations_10y": 2, "publications_years": {"2009": 1}, "citations_years": {"2010": 1, "2011": 1}, "old_citations": {"2009": 2}, "isVisible": false}, "2032826293": {"name": "simon reymann", "type": "author", "activity": 3, "h_index": 4, "h5_index": 0, "mag_id": "2032826293", "num_publications": 1, "num_citations": 8, "num_publications_5y": 0, "num_citations_5y": 3, "num_publications_10y": 0, "num_citations_10y": 8, "publications_years": {"2008": 1}, "citations_years": {"2009": 3, "2010": 0, "2011": 1, "2012": 1, "2013": 0, "2014": 1, "2015": 0, "2016": 1, "2017": 1}, "old_citations": {"2008": 8}, "isVisible": false}, "2040939827": {"name": "markus montola", "type": "author", "activity": 8, "h_index": 7, "h5_index": 0, "mag_id": "2040939827", "num_publications": 1, "num_citations": 103, "num_publications_5y": 0, "num_citations_5y": 72, "num_publications_10y": 1, "num_citations_10y": 96, "publications_years": {"2009": 1}, "citations_years": {"2010": 2, "2011": 6, "2012": 1, "2013": 15, "2014": 23, "2015": 20, "2016": 14, "2017": 12, "2018": 3, "2019": 7}, "old_citations": {"2009": 103}, "isVisible": false}, "2051448386": {"name": "kate lund", "type": "author", "activity": 5, "h_index": 3, "h5_index": 0, "mag_id": "2051448386", "num_publications": 1, "num_citations": 2, "num_publications_5y": 0, "num_citations_5y": 1, "num_publications_10y": 1, "num_citations_10y": 2, "publications_years": {"2009": 1}, "citations_years": {"2013": 1, "2014": 0, "2015": 1}, "old_citations": {"2009": 2}, "isVisible": false}, "2052069979": {"name": "helja franssila", "type": "author", "activity": 10, "h_index": 3, "h5_index": 1, "mag_id": "2052069979", "num_publications": 1, "num_citations": 2, "num_publications_5y": 0, "num_citations_5y": 0, "num_publications_10y": 1, "num_citations_10y": 2, "publications_years": {"2009": 1}, "citations_years": {"2012": 1, "2013": 1}, "old_citations": {"2009": 2}, "isVisible": false}, "2059713829": {"name": "pauliina tuomi", "type": "author", "activity": 10, "h_index": 4, "h5_index": 2, "mag_id": "2059713829", "num_publications": 1, "num_citations": 2, "num_publications_5y": 0, "num_citations_5y": 0, "num_publications_10y": 1, "num_citations_10y": 2, "publications_years": {"2009": 1}, "citations_years": {"2010": 1, "2011": 0, "2012": 1}, "old_citations": {"2009": 2}, "isVisible": false}, "2070035027": {"name": "tero jokela", "type": "author", "activity": 15, "h_index": 15, "h5_index": 3, "mag_id": "2070035027", "num_publications": 1, "num_citations": 15, "num_publications_5y": 0, "num_citations_5y": 4, "num_publications_10y": 1, "num_citations_10y": 14, "publications_years": {"2009": 1}, "citations_years": {"2009": 1, "2010": 3, "2011": 2, "2012": 3, "2013": 1, "2014": 0, "2015": 2, "2016": 1, "2017": 1, "2018": 0, "2019": 1}, "old_citations": {"2009": 15}, "isVisible": false}, "2073421463": {"name": "marko suominen", "type": "author", "activity": 7, "h_index": 6, "h5_index": 0, "mag_id": "2073421463", "num_publications": 1, "num_citations": 10, "num_publications_5y": 0, "num_citations_5y": 2, "num_publications_10y": 1, "num_citations_10y": 10, "publications_years": {"2009": 1}, "citations_years": {"2010": 3, "2011": 1, "2012": 3, "2013": 1, "2014": 1, "2015": 0, "2016": 1}, "old_citations": {"2009": 10}, "isVisible": false}, "2076763229": {"name": "rudolf kadlec", "type": "author", "activity": 13, "h_index": 9, "h5_index": 5, "mag_id": "2076763229", "num_publications": 1, "num_citations": 0, "num_publications_5y": 0, "num_citations_5y": 0, "num_publications_10y": 1, "num_citations_10y": 0, "publications_years": {"2009": 1}, "citations_years": {}, "old_citations": {"2009": 0}, "isVisible": false}, "2078036666": {"name": "martin kibsgaard", "type": "author", "activity": 6, "h_index": 2, "h5_index": 2, "mag_id": "2078036666", "num_publications": 1, "num_citations": 4, "num_publications_5y": 1, "num_citations_5y": 0, "num_publications_10y": 1, "num_citations_10y": 0, "publications_years": {"2017": 1}, "citations_years": {"2019": 3, "2020": 1}, "old_citations": {"2017": 4}, "isVisible": false}, "2086788987": {"name": "heli vaataja", "type": "author", "activity": 20, "h_index": 10, "h5_index": 4, "mag_id": "2086788987", "num_publications": 1, "num_citations": 15, "num_publications_5y": 0, "num_citations_5y": 4, "num_publications_10y": 1, "num_citations_10y": 14, "publications_years": {"2009": 1}, "citations_years": {"2009": 1, "2010": 3, "2011": 2, "2012": 3, "2013": 1, "2014": 0, "2015": 2, "2016": 1, "2017": 1, "2018": 0, "2019": 1}, "old_citations": {"2009": 15}, "isVisible": false}, "2086931057": {"name": "juho hella", "type": "author", "activity": 10, "h_index": 5, "h5_index": 1, "mag_id": "2086931057", "num_publications": 1, "num_citations": 1, "num_publications_5y": 0, "num_citations_5y": 1, "num_publications_10y": 1, "num_citations_10y": 1, "publications_years": {"2009": 1}, "citations_years": {"2016": 1}, "old_citations": {"2009": 1}, "isVisible": false}, "2094800897": {"name": "vesa a korhonen", "type": "author", "activity": 3, "h_index": 3, "h5_index": 0, "mag_id": "2094800897", "num_publications": 1, "num_citations": 4, "num_publications_5y": 0, "num_citations_5y": 0, "num_publications_10y": 1, "num_citations_10y": 4, "publications_years": {"2009": 1}, "citations_years": {"2010": 2, "2011": 0, "2012": 2}, "old_citations": {"2009": 4}, "isVisible": false}, "2096087081": {"name": "david raposo", "type": "author", "activity": 1, "h_index": 0, "h5_index": 0, "mag_id": "2096087081", "num_publications": 1, "num_citations": 0, "num_publications_5y": 0, "num_citations_5y": 0, "num_publications_10y": 1, "num_citations_10y": 0, "publications_years": {"2009": 1}, "citations_years": {}, "old_citations": {"2009": 0}, "isVisible": false}, "2102686935": {"name": "jane petersson", "type": "author", "activity": 2, "h_index": 1, "h5_index": 1, "mag_id": "2102686935", "num_publications": 1, "num_citations": 4, "num_publications_5y": 1, "num_citations_5y": 0, "num_publications_10y": 1, "num_citations_10y": 0, "publications_years": {"2017": 1}, "citations_years": {"2019": 3, "2020": 1}, "old_citations": {"2017": 4}, "isVisible": false}, "2115902749": {"name": "sridhar p arjunan", "type": "author", "activity": 14, "h_index": 12, "h5_index": 4, "mag_id": "2115902749", "num_publications": 1, "num_citations": 7, "num_publications_5y": 0, "num_citations_5y": 1, "num_publications_10y": 0, "num_citations_10y": 6, "publications_years": {"2008": 1}, "citations_years": {"2010": 2, "2011": 2, "2012": 1, "2013": 0, "2014": 0, "2015": 0, "2016": 0, "2017": 1, "2018": 0, "2019": 1}, "old_citations": {"2008": 7}, "isVisible": false}, "2119201320": {"name": "mika sihvonen", "type": "author", "activity": 1, "h_index": 1, "h5_index": 0, "mag_id": "2119201320", "num_publications": 1, "num_citations": 5, "num_publications_5y": 0, "num_citations_5y": 1, "num_publications_10y": 1, "num_citations_10y": 5, "publications_years": {"2009": 1}, "citations_years": {"2012": 3, "2013": 1, "2014": 0, "2015": 1}, "old_citations": {"2009": 5}, "isVisible": false}, "2122500504": {"name": "marion boberg", "type": "author", "activity": 6, "h_index": 10, "h5_index": 0, "mag_id": "2122500504", "num_publications": 1, "num_citations": 103, "num_publications_5y": 0, "num_citations_5y": 72, "num_publications_10y": 1, "num_citations_10y": 96, "publications_years": {"2009": 1}, "citations_years": {"2010": 2, "2011": 6, "2012": 1, "2013": 15, "2014": 23, "2015": 20, "2016": 14, "2017": 12, "2018": 3, "2019": 7}, "old_citations": {"2009": 103}, "isVisible": false}, "2125245782": {"name": "mervi hansen", "type": "author", "activity": 1, "h_index": 3, "h5_index": 0, "mag_id": "2125245782", "num_publications": 1, "num_citations": 1, "num_publications_5y": 0, "num_citations_5y": 1, "num_publications_10y": 1, "num_citations_10y": 1, "publications_years": {"2009": 1}, "citations_years": {"2016": 1}, "old_citations": {"2009": 1}, "isVisible": false}, "2126786865": {"name": "mark grimshaw", "type": "author", "activity": 11, "h_index": 7, "h5_index": 1, "mag_id": "2126786865", "num_publications": 1, "num_citations": 38, "num_publications_5y": 0, "num_citations_5y": 18, "num_publications_10y": 1, "num_citations_10y": 35, "publications_years": {"2009": 1}, "citations_years": {"2009": 1, "2010": 1, "2011": 6, "2012": 3, "2013": 6, "2014": 4, "2015": 7, "2016": 1, "2017": 4, "2018": 2, "2019": 3}, "old_citations": {"2009": 38}, "isVisible": false}, "2127982851": {"name": "jaakko hakulinen", "type": "author", "activity": 20, "h_index": 16, "h5_index": 5, "mag_id": "2127982851", "num_publications": 1, "num_citations": 1, "num_publications_5y": 0, "num_citations_5y": 1, "num_publications_10y": 1, "num_citations_10y": 1, "publications_years": {"2009": 1}, "citations_years": {"2016": 1}, "old_citations": {"2009": 1}, "isVisible": false}, "2136001324": {"name": "juhapekka rajaniemi", "type": "author", "activity": 4, "h_index": 4, "h5_index": 0, "mag_id": "2136001324", "num_publications": 1, "num_citations": 1, "num_publications_5y": 0, "num_citations_5y": 1, "num_publications_10y": 1, "num_citations_10y": 1, "publications_years": {"2009": 1}, "citations_years": {"2016": 1}, "old_citations": {"2009": 1}, "isVisible": false}, "2138105835": {"name": "martin ebner", "type": "author", "activity": 19, "h_index": 18, "h5_index": 7, "mag_id": "2138105835", "num_publications": 1, "num_citations": 13, "num_publications_5y": 0, "num_citations_5y": 4, "num_publications_10y": 1, "num_citations_10y": 13, "publications_years": {"2009": 1}, "citations_years": {"2010": 3, "2011": 3, "2012": 2, "2013": 1, "2014": 2, "2015": 0, "2016": 2}, "old_citations": {"2009": 13}, "isVisible": false}, "2146387345": {"name": "stefan uhlmann", "type": "author", "activity": 8, "h_index": 6, "h5_index": 0, "mag_id": "2146387345", "num_publications": 1, "num_citations": 19, "num_publications_5y": 0, "num_citations_5y": 9, "num_publications_10y": 0, "num_citations_10y": 19, "publications_years": {"2008": 1}, "citations_years": {"2009": 1, "2010": 3, "2011": 3, "2012": 2, "2013": 1, "2014": 0, "2015": 2, "2016": 3, "2017": 3, "2018": 1}, "old_citations": {"2008": 19}, "isVisible": false}, "2152246304": {"name": "timo kuula", "type": "author", "activity": 11, "h_index": 4, "h5_index": 3, "mag_id": "2152246304", "num_publications": 1, "num_citations": 2, "num_publications_5y": 0, "num_citations_5y": 0, "num_publications_10y": 1, "num_citations_10y": 2, "publications_years": {"2009": 1}, "citations_years": {"2010": 1, "2011": 1}, "old_citations": {"2009": 2}, "isVisible": false}, "2155817728": {"name": "andres lucero", "type": "author", "activity": 17, "h_index": 19, "h5_index": 5, "mag_id": "2155817728", "num_publications": 1, "num_citations": 103, "num_publications_5y": 0, "num_citations_5y": 72, "num_publications_10y": 1, "num_citations_10y": 96, "publications_years": {"2009": 1}, "citations_years": {"2010": 2, "2011": 6, "2012": 1, "2013": 15, "2014": 23, "2015": 20, "2016": 14, "2017": 12, "2018": 3, "2019": 7}, "old_citations": {"2009": 103}, "isVisible": false}, "2164401975": {"name": "tiina koponen", "type": "author", "activity": 4, "h_index": 2, "h5_index": 0, "mag_id": "2164401975", "num_publications": 1, "num_citations": 15, "num_publications_5y": 0, "num_citations_5y": 4, "num_publications_10y": 1, "num_citations_10y": 14, "publications_years": {"2009": 1}, "citations_years": {"2009": 1, "2010": 3, "2011": 2, "2012": 3, "2013": 1, "2014": 0, "2015": 2, "2016": 1, "2017": 1, "2018": 0, "2019": 1}, "old_citations": {"2009": 15}, "isVisible": false}, "2167381473": {"name": "ganesh r naik", "type": "author", "activity": 15, "h_index": 18, "h5_index": 8, "mag_id": "2167381473", "num_publications": 1, "num_citations": 7, "num_publications_5y": 0, "num_citations_5y": 1, "num_publications_10y": 0, "num_citations_10y": 6, "publications_years": {"2008": 1}, "citations_years": {"2010": 2, "2011": 2, "2012": 1, "2013": 0, "2014": 0, "2015": 0, "2016": 0, "2017": 1, "2018": 0, "2019": 1}, "old_citations": {"2008": 7}, "isVisible": false}, "2168250862": {"name": "reuben edwards", "type": "author", "activity": 13, "h_index": 15, "h5_index": 0, "mag_id": "2168250862", "num_publications": 1, "num_citations": 2, "num_publications_5y": 0, "num_citations_5y": 1, "num_publications_10y": 1, "num_citations_10y": 2, "publications_years": {"2009": 1}, "citations_years": {"2013": 1, "2014": 0, "2015": 1}, "old_citations": {"2009": 2}, "isVisible": false}, "2169950576": {"name": "robert j wierzbicki", "type": "author", "activity": 2, "h_index": 0, "h5_index": 0, "mag_id": "2169950576", "num_publications": 1, "num_citations": 0, "num_publications_5y": 0, "num_citations_5y": 0, "num_publications_10y": 1, "num_citations_10y": 0, "publications_years": {"2009": 1}, "citations_years": {}, "old_citations": {"2009": 0}, "isVisible": false}, "2172188577": {"name": "johan poulsen", "type": "author", "activity": 4, "h_index": 1, "h5_index": 1, "mag_id": "2172188577", "num_publications": 1, "num_citations": 4, "num_publications_5y": 1, "num_citations_5y": 0, "num_publications_10y": 1, "num_citations_10y": 0, "publications_years": {"2017": 1}, "citations_years": {"2019": 3, "2020": 1}, "old_citations": {"2017": 4}, "isVisible": false}, "2172969098": {"name": "markku turunen", "type": "author", "activity": 22, "h_index": 18, "h5_index": 3, "mag_id": "2172969098", "num_publications": 1, "num_citations": 1, "num_publications_5y": 0, "num_citations_5y": 1, "num_publications_10y": 1, "num_citations_10y": 1, "publications_years": {"2009": 1}, "citations_years": {"2016": 1}, "old_citations": {"2009": 1}, "isVisible": false}, "2195240331": {"name": "brett stevens", "type": "author", "activity": 19, "h_index": 6, "h5_index": 1, "mag_id": "2195240331", "num_publications": 1, "num_citations": 2, "num_publications_5y": 0, "num_citations_5y": 1, "num_publications_10y": 0, "num_citations_10y": 2, "publications_years": {"2008": 1}, "citations_years": {"2013": 1, "2014": 1}, "old_citations": {"2008": 2}, "isVisible": false}, "2205599368": {"name": "karihans kommonen", "type": "author", "activity": 1, "h_index": 1, "h5_index": 0, "mag_id": "2205599368", "num_publications": 1, "num_citations": 4, "num_publications_5y": 0, "num_citations_5y": 1, "num_publications_10y": 1, "num_citations_10y": 4, "publications_years": {"2009": 1}, "citations_years": {"2011": 2, "2012": 1, "2013": 0, "2014": 1}, "old_citations": {"2009": 4}, "isVisible": false}, "2218390828": {"name": "frans mayra", "type": "author", "activity": 17, "h_index": 11, "h5_index": 2, "mag_id": "2218390828", "num_publications": 1, "num_citations": 56, "num_publications_5y": 0, "num_citations_5y": 25, "num_publications_10y": 1, "num_citations_10y": 51, "publications_years": {"2009": 1}, "citations_years": {"2010": 5, "2011": 9, "2012": 4, "2013": 8, "2014": 4, "2015": 8, "2016": 3, "2017": 6, "2018": 4, "2019": 4, "2020": 1}, "old_citations": {"2009": 56}, "isVisible": false}, "2218407268": {"name": "jouka mattila", "type": "author", "activity": 10, "h_index": 10, "h5_index": 0, "mag_id": "2218407268", "num_publications": 1, "num_citations": 0, "num_publications_5y": 0, "num_citations_5y": 0, "num_publications_10y": 1, "num_citations_10y": 0, "publications_years": {"2009": 1}, "citations_years": {}, "old_citations": {"2009": 0}, "isVisible": false}, "2223511361": {"name": "joao martinho", "type": "author", "activity": 4, "h_index": 1, "h5_index": 0, "mag_id": "2223511361", "num_publications": 1, "num_citations": 12, "num_publications_5y": 0, "num_citations_5y": 3, "num_publications_10y": 1, "num_citations_10y": 10, "publications_years": {"2009": 1}, "citations_years": {"2010": 1, "2011": 3, "2012": 1, "2013": 2, "2014": 1, "2015": 0, "2016": 0, "2017": 0, "2018": 2, "2019": 2}, "old_citations": {"2009": 12}, "isVisible": false}, "2223806743": {"name": "margaret plaisted", "type": "author", "activity": 1, "h_index": 1, "h5_index": 0, "mag_id": "2223806743", "num_publications": 1, "num_citations": 5, "num_publications_5y": 0, "num_citations_5y": 5, "num_publications_10y": 1, "num_citations_10y": 5, "publications_years": {"2009": 1}, "citations_years": {"2014": 1, "2015": 0, "2016": 2, "2017": 1, "2018": 1}, "old_citations": {"2009": 5}, "isVisible": false}, "2223882656": {"name": "maartje de vries", "type": "author", "activity": 1, "h_index": 2, "h5_index": 0, "mag_id": "2223882656", "num_publications": 1, "num_citations": 7, "num_publications_5y": 0, "num_citations_5y": 2, "num_publications_10y": 1, "num_citations_10y": 7, "publications_years": {"2009": 1}, "citations_years": {"2011": 3, "2012": 0, "2013": 2, "2014": 0, "2015": 0, "2016": 1, "2017": 1}, "old_citations": {"2009": 7}, "isVisible": false}, "2223958384": {"name": "joanna muukkonen", "type": "author", "activity": 1, "h_index": 1, "h5_index": 0, "mag_id": "2223958384", "num_publications": 1, "num_citations": 5, "num_publications_5y": 0, "num_citations_5y": 1, "num_publications_10y": 1, "num_citations_10y": 5, "publications_years": {"2009": 1}, "citations_years": {"2012": 3, "2013": 1, "2014": 0, "2015": 1}, "old_citations": {"2009": 5}, "isVisible": false}, "2225610910": {"name": "juho jouhtimaki", "type": "author", "activity": 1, "h_index": 1, "h5_index": 0, "mag_id": "2225610910", "num_publications": 1, "num_citations": 5, "num_publications_5y": 0, "num_citations_5y": 5, "num_publications_10y": 1, "num_citations_10y": 5, "publications_years": {"2009": 1}, "citations_years": {"2014": 1, "2015": 0, "2016": 2, "2017": 1, "2018": 1}, "old_citations": {"2009": 5}, "isVisible": false}, "2226612937": {"name": "korab qerkini", "type": "author", "activity": 1, "h_index": 1, "h5_index": 0, "mag_id": "2226612937", "num_publications": 1, "num_citations": 3, "num_publications_5y": 0, "num_citations_5y": 2, "num_publications_10y": 1, "num_citations_10y": 3, "publications_years": {"2009": 1}, "citations_years": {"2011": 1, "2012": 0, "2013": 0, "2014": 0, "2015": 0, "2016": 2}, "old_citations": {"2009": 3}, "isVisible": false}, "2228118066": {"name": "kristine visanen", "type": "author", "activity": 1, "h_index": 1, "h5_index": 0, "mag_id": "2228118066", "num_publications": 1, "num_citations": 1, "num_publications_5y": 0, "num_citations_5y": 0, "num_publications_10y": 1, "num_citations_10y": 1, "publications_years": {"2009": 1}, "citations_years": {"2010": 1}, "old_citations": {"2009": 1}, "isVisible": false}, "2228594268": {"name": "antti ojapelto", "type": "author", "activity": 1, "h_index": 1, "h5_index": 0, "mag_id": "2228594268", "num_publications": 1, "num_citations": 2, "num_publications_5y": 0, "num_citations_5y": 1, "num_publications_10y": 1, "num_citations_10y": 2, "publications_years": {"2009": 1}, "citations_years": {"2011": 1, "2012": 0, "2013": 0, "2014": 1}, "old_citations": {"2009": 2}, "isVisible": false}, "2230264099": {"name": "david s alves", "type": "author", "activity": 1, "h_index": 1, "h5_index": 0, "mag_id": "2230264099", "num_publications": 1, "num_citations": 8, "num_publications_5y": 0, "num_citations_5y": 3, "num_publications_10y": 0, "num_citations_10y": 8, "publications_years": {"2008": 1}, "citations_years": {"2009": 3, "2010": 0, "2011": 1, "2012": 1, "2013": 0, "2014": 1, "2015": 0, "2016": 1, "2017": 1}, "old_citations": {"2008": 8}, "isVisible": false}, "2231114399": {"name": "suvi kitunen", "type": "author", "activity": 1, "h_index": 1, "h5_index": 0, "mag_id": "2231114399", "num_publications": 1, "num_citations": 5, "num_publications_5y": 0, "num_citations_5y": 5, "num_publications_10y": 1, "num_citations_10y": 5, "publications_years": {"2009": 1}, "citations_years": {"2014": 1, "2015": 0, "2016": 2, "2017": 1, "2018": 1}, "old_citations": {"2009": 5}, "isVisible": false}, "2231537426": {"name": "aapo rista", "type": "author", "activity": 1, "h_index": 1, "h5_index": 0, "mag_id": "2231537426", "num_publications": 1, "num_citations": 1, "num_publications_5y": 0, "num_citations_5y": 0, "num_publications_10y": 1, "num_citations_10y": 1, "publications_years": {"2009": 1}, "citations_years": {"2010": 1}, "old_citations": {"2009": 1}, "isVisible": false}, "2250529837": {"name": "eva oliveira", "type": "author", "activity": 14, "h_index": 4, "h5_index": 1, "mag_id": "2250529837", "num_publications": 1, "num_citations": 2, "num_publications_5y": 0, "num_citations_5y": 2, "num_publications_10y": 1, "num_citations_10y": 2, "publications_years": {"2009": 1}, "citations_years": {"2015": 2}, "old_citations": {"2009": 2}, "isVisible": false}, "2252168822": {"name": "raimo sepponen", "type": "author", "activity": 24, "h_index": 6, "h5_index": 2, "mag_id": "2252168822", "num_publications": 1, "num_citations": 2, "num_publications_5y": 0, "num_citations_5y": 1, "num_publications_10y": 1, "num_citations_10y": 2, "publications_years": {"2009": 1}, "citations_years": {"2011": 1, "2012": 0, "2013": 0, "2014": 1}, "old_citations": {"2009": 2}, "isVisible": false}, "2267088272": {"name": "douglas easterly", "type": "author", "activity": 3, "h_index": 2, "h5_index": 0, "mag_id": "2267088272", "num_publications": 1, "num_citations": 4, "num_publications_5y": 0, "num_citations_5y": 3, "num_publications_10y": 1, "num_citations_10y": 4, "publications_years": {"2009": 1}, "citations_years": {"2011": 1, "2012": 0, "2013": 0, "2014": 1, "2015": 1, "2016": 1}, "old_citations": {"2009": 4}, "isVisible": false}, "2271152183": {"name": "virpi oksman", "type": "author", "activity": 9, "h_index": 5, "h5_index": 0, "mag_id": "2271152183", "num_publications": 1, "num_citations": 1, "num_publications_5y": 0, "num_citations_5y": 0, "num_publications_10y": 1, "num_citations_10y": 1, "publications_years": {"2009": 1}, "citations_years": {"2010": 1}, "old_citations": {"2009": 1}, "isVisible": false}, "2305630765": {"name": "scott carter", "type": "author", "activity": 21, "h_index": 22, "h5_index": 2, "mag_id": "2305630765", "num_publications": 1, "num_citations": 3, "num_publications_5y": 0, "num_citations_5y": 0, "num_publications_10y": 1, "num_citations_10y": 3, "publications_years": {"2009": 1}, "citations_years": {"2011": 2, "2012": 0, "2013": 1}, "old_citations": {"2009": 3}, "isVisible": false}, "2318534745": {"name": "sari kujala", "type": "author", "activity": 20, "h_index": 16, "h5_index": 2, "mag_id": "2318534745", "num_publications": 1, "num_citations": 7, "num_publications_5y": 0, "num_citations_5y": 3, "num_publications_10y": 1, "num_citations_10y": 6, "publications_years": {"2009": 1}, "citations_years": {"2010": 1, "2011": 0, "2012": 1, "2013": 1, "2014": 1, "2015": 0, "2016": 1, "2017": 1, "2018": 0, "2019": 1}, "old_citations": {"2009": 7}, "isVisible": false}, "2437562550": {"name": "minna waljas", "type": "author", "activity": 3, "h_index": 7, "h5_index": 0, "mag_id": "2437562550", "num_publications": 1, "num_citations": 27, "num_publications_5y": 0, "num_citations_5y": 16, "num_publications_10y": 1, "num_citations_10y": 26, "publications_years": {"2009": 1}, "citations_years": {"2010": 1, "2011": 3, "2012": 3, "2013": 3, "2014": 5, "2015": 4, "2016": 2, "2017": 4, "2018": 1, "2019": 1}, "old_citations": {"2009": 27}, "isVisible": false}, "2593485782": {"name": "paivi raino", "type": "author", "activity": 3, "h_index": 3, "h5_index": 0, "mag_id": "2593485782", "num_publications": 1, "num_citations": 5, "num_publications_5y": 0, "num_citations_5y": 5, "num_publications_10y": 1, "num_citations_10y": 5, "publications_years": {"2009": 1}, "citations_years": {"2014": 1, "2015": 0, "2016": 2, "2017": 1, "2018": 1}, "old_citations": {"2009": 5}, "isVisible": false}, "2601562075": {"name": "dinesh kumar", "type": "author", "activity": 30, "h_index": 23, "h5_index": 9, "mag_id": "2601562075", "num_publications": 1, "num_citations": 7, "num_publications_5y": 0, "num_citations_5y": 1, "num_publications_10y": 0, "num_citations_10y": 6, "publications_years": {"2008": 1}, "citations_years": {"2010": 2, "2011": 2, "2012": 1, "2013": 0, "2014": 0, "2015": 0, "2016": 0, "2017": 1, "2018": 0, "2019": 1}, "old_citations": {"2008": 7}, "isVisible": false}, "2602944987": {"name": "christian reimann", "type": "author", "activity": 10, "h_index": 3, "h5_index": 0, "mag_id": "2602944987", "num_publications": 1, "num_citations": 0, "num_publications_5y": 0, "num_citations_5y": 0, "num_publications_10y": 1, "num_citations_10y": 0, "publications_years": {"2009": 1}, "citations_years": {}, "old_citations": {"2009": 0}, "isVisible": false}, "2626034231": {"name": "martin kraus", "type": "author", "activity": 21, "h_index": 17, "h5_index": 3, "mag_id": "2626034231", "num_publications": 1, "num_citations": 4, "num_publications_5y": 1, "num_citations_5y": 0, "num_publications_10y": 1, "num_citations_10y": 0, "publications_years": {"2017": 1}, "citations_years": {"2019": 3, "2020": 1}, "old_citations": {"2017": 4}, "isVisible": false}, "2656997297": {"name": "jenna sutela", "type": "author", "activity": 1, "h_index": 1, "h5_index": 0, "mag_id": "2656997297", "num_publications": 1, "num_citations": 4, "num_publications_5y": 0, "num_citations_5y": 1, "num_publications_10y": 1, "num_citations_10y": 4, "publications_years": {"2009": 1}, "citations_years": {"2011": 2, "2012": 1, "2013": 0, "2014": 1}, "old_citations": {"2009": 4}, "isVisible": false}, "2667015708": {"name": "tiina makela", "type": "author", "activity": 1, "h_index": 1, "h5_index": 0, "mag_id": "2667015708", "num_publications": 1, "num_citations": 1, "num_publications_5y": 0, "num_citations_5y": 0, "num_publications_10y": 1, "num_citations_10y": 1, "publications_years": {"2009": 1}, "citations_years": {"2010": 1}, "old_citations": {"2009": 1}, "isVisible": false}, "2761785586": {"name": "aki jarvinen", "type": "author", "activity": 1, "h_index": 1, "h5_index": 0, "mag_id": "2761785586", "num_publications": 1, "num_citations": 11, "num_publications_5y": 0, "num_citations_5y": 4, "num_publications_10y": 1, "num_citations_10y": 11, "publications_years": {"2009": 1}, "citations_years": {"2011": 1, "2012": 3, "2013": 3, "2014": 2, "2015": 0, "2016": 0, "2017": 1, "2018": 1}, "old_citations": {"2009": 11}, "isVisible": false}, "2690678151": {"name": "ellen schuurink", "type": "author", "activity": 1, "h_index": 1, "h5_index": 0, "mag_id": "2690678151", "num_publications": 1, "num_citations": 7, "num_publications_5y": 0, "num_citations_5y": 2, "num_publications_10y": 1, "num_citations_10y": 7, "publications_years": {"2009": 1}, "citations_years": {"2011": 3, "2012": 0, "2013": 2, "2014": 0, "2015": 0, "2016": 1, "2017": 1}, "old_citations": {"2009": 7}, "isVisible": false}, "2780353006": {"name": "marko siitonen", "type": "author", "activity": 8, "h_index": 2, "h5_index": 0, "mag_id": "2780353006", "num_publications": 1, "num_citations": 6, "num_publications_5y": 0, "num_citations_5y": 2, "num_publications_10y": 1, "num_citations_10y": 5, "publications_years": {"2009": 1}, "citations_years": {"2011": 1, "2012": 0, "2013": 2, "2014": 0, "2015": 0, "2016": 0, "2017": 1, "2018": 1, "2019": 1}, "old_citations": {"2009": 6}, "isVisible": false}, "2690910940": {"name": "antti syvanen", "type": "author", "activity": 1, "h_index": 1, "h5_index": 0, "mag_id": "2690910940", "num_publications": 1, "num_citations": 5, "num_publications_5y": 0, "num_citations_5y": 1, "num_publications_10y": 1, "num_citations_10y": 5, "publications_years": {"2009": 1}, "citations_years": {"2012": 3, "2013": 1, "2014": 0, "2015": 1}, "old_citations": {"2009": 5}, "isVisible": false}, "2680043962": {"name": "anne naukkarinen", "type": "author", "activity": 1, "h_index": 1, "h5_index": 0, "mag_id": "2680043962", "num_publications": 1, "num_citations": 4, "num_publications_5y": 0, "num_citations_5y": 1, "num_publications_10y": 1, "num_citations_10y": 4, "publications_years": {"2009": 1}, "citations_years": {"2011": 2, "2012": 1, "2013": 0, "2014": 1}, "old_citations": {"2009": 4}, "isVisible": false}, "2754025003": {"name": "oliver g hjermitslev", "type": "author", "activity": 3, "h_index": 1, "h5_index": 1, "mag_id": "2754025003", "num_publications": 1, "num_citations": 4, "num_publications_5y": 1, "num_citations_5y": 0, "num_publications_10y": 1, "num_citations_10y": 0, "publications_years": {"2017": 1}, "citations_years": {"2019": 3, "2020": 1}, "old_citations": {"2017": 4}, "isVisible": false}, "2754389827": {"name": "frederik h ostergaard", "type": "author", "activity": 1, "h_index": 1, "h5_index": 1, "mag_id": "2754389827", "num_publications": 1, "num_citations": 4, "num_publications_5y": 1, "num_citations_5y": 0, "num_publications_10y": 1, "num_citations_10y": 0, "publications_years": {"2017": 1}, "citations_years": {"2019": 3, "2020": 1}, "old_citations": {"2017": 4}, "isVisible": false}, "2755090376": {"name": "nicklas christensen", "type": "author", "activity": 3, "h_index": 1, "h5_index": 1, "mag_id": "2755090376", "num_publications": 1, "num_citations": 4, "num_publications_5y": 1, "num_citations_5y": 0, "num_publications_10y": 1, "num_citations_10y": 0, "publications_years": {"2017": 1}, "citations_years": {"2019": 3, "2020": 1}, "old_citations": {"2017": 4}, "isVisible": false}, "2755665527": {"name": "frederik falk", "type": "author", "activity": 3, "h_index": 1, "h5_index": 1, "mag_id": "2755665527", "num_publications": 1, "num_citations": 4, "num_publications_5y": 1, "num_citations_5y": 0, "num_publications_10y": 1, "num_citations_10y": 0, "publications_years": {"2017": 1}, "citations_years": {"2019": 3, "2020": 1}, "old_citations": {"2017": 4}, "isVisible": false}, "2756047713": {"name": "marco b madsen", "type": "author", "activity": 1, "h_index": 1, "h5_index": 1, "mag_id": "2756047713", "num_publications": 1, "num_citations": 4, "num_publications_5y": 1, "num_citations_5y": 0, "num_publications_10y": 1, "num_citations_10y": 0, "publications_years": {"2017": 1}, "citations_years": {"2019": 3, "2020": 1}, "old_citations": {"2017": 4}, "isVisible": false}, "2805521534": {"name": "matti linnavuo", "type": "author", "activity": 1, "h_index": 1, "h5_index": 0, "mag_id": "2805521534", "num_publications": 1, "num_citations": 2, "num_publications_5y": 0, "num_citations_5y": 1, "num_publications_10y": 1, "num_citations_10y": 2, "publications_years": {"2009": 1}, "citations_years": {"2011": 1, "2012": 0, "2013": 0, "2014": 1}, "old_citations": {"2009": 2}, "isVisible": false}, "2893666452": {"name": "neil dansey", "type": "author", "activity": 2, "h_index": 2, "h5_index": 0, "mag_id": "2893666452", "num_publications": 1, "num_citations": 2, "num_publications_5y": 0, "num_citations_5y": 1, "num_publications_10y": 0, "num_citations_10y": 2, "publications_years": {"2008": 1}, "citations_years": {"2013": 1, "2014": 1}, "old_citations": {"2008": 2}, "isVisible": false}}, "countries": {"United Kingdom": {"name": "United Kingdom", "type": "country", "h5_index": 172, "num_publications": 5, "num_citations": 54, "num_publications_5y": 0, "num_citations_5y": 27, "num_publications_10y": 4, "num_citations_10y": 51, "publications_years": {"2008": 1, "2009": 4}, "citations_years": {"2013": 10, "2014": 7, "2009": 1, "2010": 1, "2011": 7, "2012": 5, "2015": 9, "2016": 2, "2017": 6, "2018": 3, "2019": 3}, "old_citations": {"2008": 2, "2009": 52}, "isVisible": false}, "Denmark": {"name": "Denmark", "type": "country", "h5_index": 65, "num_publications": 4, "num_citations": 147, "num_publications_5y": 1, "num_citations_5y": 58, "num_publications_10y": 4, "num_citations_10y": 127, "publications_years": {"2009": 3, "2017": 1}, "citations_years": {"2011": 20, "2012": 15, "2013": 27, "2014": 12, "2015": 19, "2016": 6, "2017": 11, "2018": 10, "2010": 7, "2019": 18, "2020": 2}, "old_citations": {"2009": 143, "2017": 4}, "isVisible": false}, "Finland": {"name": "Finland", "type": "country", "h5_index": 68, "num_publications": 3, "num_citations": 11, "num_publications_5y": 0, "num_citations_5y": 2, "num_publications_10y": 3, "num_citations_10y": 10, "publications_years": {"2009": 3}, "citations_years": {"2010": 3, "2011": 1, "2012": 2, "2013": 2, "2014": 0, "2015": 0, "2016": 0, "2017": 1, "2018": 1, "2019": 1}, "old_citations": {"2009": 11}, "isVisible": false}, "Portugal": {"name": "Portugal", "type": "country", "h5_index": 44, "num_publications": 3, "num_citations": 14, "num_publications_5y": 0, "num_citations_5y": 5, "num_publications_10y": 3, "num_citations_10y": 12, "publications_years": {"2009": 3}, "citations_years": {"2010": 1, "2011": 3, "2012": 1, "2013": 2, "2014": 1, "2015": 2, "2016": 0, "2017": 0, "2018": 2, "2019": 2}, "old_citations": {"2009": 14}, "isVisible": false}, "Austria": {"name": "Austria", "type": "country", "h5_index": 71, "num_publications": 2, "num_citations": 16, "num_publications_5y": 0, "num_citations_5y": 6, "num_publications_10y": 2, "num_citations_10y": 16, "publications_years": {"2009": 2}, "citations_years": {"2011": 4, "2012": 2, "2013": 1, "2014": 2, "2015": 0, "2016": 4, "2010": 3}, "old_citations": {"2009": 16}, "isVisible": false}, "Australia": {"name": "Australia", "type": "country", "h5_index": 141, "num_publications": 1, "num_citations": 7, "num_publications_5y": 0, "num_citations_5y": 1, "num_publications_10y": 0, "num_citations_10y": 6, "publications_years": {"2008": 1}, "citations_years": {"2010": 2, "2011": 2, "2012": 1, "2013": 0, "2014": 0, "2015": 0, "2016": 0, "2017": 1, "2018": 0, "2019": 1}, "old_citations": {"2008": 7}, "isVisible": false}, "Czechia": {"name": "Czechia", "type": "country", "h5_index": 43, "num_publications": 1, "num_citations": 0, "num_publications_5y": 0, "num_citations_5y": 0, "num_publications_10y": 1, "num_citations_10y": 0, "publications_years": {"2009": 1}, "citations_years": {}, "old_citations": {"2009": 0}, "isVisible": false}, "Germany": {"name": "Germany", "type": "country", "h5_index": 139, "num_publications": 1, "num_citations": 0, "num_publications_5y": 0, "num_citations_5y": 0, "num_publications_10y": 1, "num_citations_10y": 0, "publications_years": {"2009": 1}, "citations_years": {}, "old_citations": {"2009": 0}, "isVisible": false}, "Japan": {"name": "Japan", "type": "country", "h5_index": 94, "num_publications": 1, "num_citations": 1, "num_publications_5y": 0, "num_citations_5y": 1, "num_publications_10y": 1, "num_citations_10y": 1, "publications_years": {"2009": 1}, "citations_years": {"2014": 1}, "old_citations": {"2009": 1}, "isVisible": false}, "Netherlands": {"name": "Netherlands", "type": "country", "h5_index": 91, "num_publications": 1, "num_citations": 7, "num_publications_5y": 0, "num_citations_5y": 2, "num_publications_10y": 1, "num_citations_10y": 7, "publications_years": {"2009": 1}, "citations_years": {"2011": 3, "2012": 0, "2013": 2, "2014": 0, "2015": 0, "2016": 1, "2017": 1}, "old_citations": {"2009": 7}, "isVisible": false}, "New Zealand": {"name": "New Zealand", "type": "country", "h5_index": 49, "num_publications": 1, "num_citations": 4, "num_publications_5y": 0, "num_citations_5y": 3, "num_publications_10y": 1, "num_citations_10y": 4, "publications_years": {"2009": 1}, "citations_years": {"2011": 1, "2012": 0, "2013": 0, "2014": 1, "2015": 1, "2016": 1}, "old_citations": {"2009": 4}, "isVisible": false}, "Norway": {"name": "Norway", "type": "country", "h5_index": 56, "num_publications": 1, "num_citations": 10, "num_publications_5y": 0, "num_citations_5y": 2, "num_publications_10y": 1, "num_citations_10y": 7, "publications_years": {"2009": 1}, "citations_years": {"2009": 1, "2010": 0, "2011": 3, "2012": 0, "2013": 1, "2014": 0, "2015": 1, "2016": 0, "2017": 0, "2018": 1, "2019": 3}, "old_citations": {"2009": 10}, "isVisible": false}}, "industrial_sectors": {"management": {"name": "management", "type": "industrial sector", "h5_index": 67, "num_publications": 1, "num_citations": 0, "num_publications_5y": 0, "num_citations_5y": 0, "num_publications_10y": 1, "num_citations_10y": 0, "publications_years": {"2009": 1}, "citations_years": {}, "old_citations": {"2009": 0}, "isVisible": false}}}, "conference_comparison": {"computer science": {}}, "topics_dna": {"publications": {}, "citations": {"normalized": {}, "average": {}}}, "info": {"num_publications": 47, "num_citations": 665.0, "impact_factor": {"2010": 1.0217391304347827, "2011": 1.9761904761904763, "2012": 0, "2013": 0, "2014": 0, "2015": 0, "2016": 0, "2017": 0}, "publications_years": {"2009": 42, "2008": 4, "2017": 1}, "citations_years": {"2009": 8, "2010": 47, "2011": 89, "2012": 64, "2013": 91, "2014": 76, "2015": 82, "2016": 58, "2017": 61, "2018": 32, "2019": 52, "2020": 5}, "old_citations": {"2009": 625, "2008": 36, "2017": 4}, "h5_index": 1}, "percentile": {"computer science": {"2009": 89, "2008": 82, "2017": 92}}, "conference_ranking": {"computer science": {"2009": 427, "2008": 760, "2017": 331}}, "academia": {"num_publications": 20, "num_citations": 265, "publications_years": {"2008": 2, "2009": 18}, "old_citations": {"2008": 9, "2009": 256}, "num_publications_5y": 0, "num_citations_5y": 0, "num_publications_10y": 0, "num_citations_10y": 0}, "industry": {"num_publications": 0, "num_citations": 0, "publications_years": {}, "old_citations": {}, "num_publications_5y": 0, "num_citations_5y": 0, "num_publications_10y": 0, "num_citations_10y": 0}, "collaborative": {"num_publications": 1, "num_citations": 0, "publications_years": {"2009": 1}, "old_citations": {"2009": 0}, "num_publications_5y": 0, "num_citations_5y": 0, "num_publications_10y": 0, "num_citations_10y": 0}, "conferences": {}, "journals": {}, "organizations": {"publication_overall": ["IT University of Copenhagen", "University of Lisbon", "Graz University of Technology", "University of Jyv\u00e4skyl\u00e4", "University of Lincoln", "Aalborg University", "Charles University", "Eindhoven University of Technology", "JAMK University of Applied Sciences", "Lancaster University", "National Institute of Informatics", "RMIT University", "Siemens (Germany)", "University of Bolton", "University of Oslo", "University of Paderborn", "University of Portsmouth", "VTT Technical Research Centre of Finland", "Victoria University of Wellington"], "citation_overall": ["IT University of Copenhagen", "University of Bolton", "Graz University of Technology", "University of Lisbon", "University of Lincoln", "University of Jyv\u00e4skyl\u00e4", "University of Oslo", "Eindhoven University of Technology", "RMIT University", "Aalborg University", "JAMK University of Applied Sciences", "Victoria University of Wellington", "Lancaster University", "University of Portsmouth", "National Institute of Informatics", "VTT Technical Research Centre of Finland", "Charles University", "Siemens (Germany)", "University of Paderborn"], "publication_10_years": ["Aalborg University"], "citation_10_years": ["Aalborg University"], "publication_5_years": ["Aalborg University"], "citation_5_years": ["Aalborg University"]}, "countries": {"publication_overall": ["United Kingdom", "Denmark", "Finland", "Portugal", "Austria", "Australia", "Czechia", "Germany", "Japan", "Netherlands", "New Zealand", "Norway"], "citation_overall": ["Denmark", "United Kingdom", "Austria", "Portugal", "Finland", "Norway", "Australia", "Netherlands", "New Zealand", "Japan", "Czechia", "Germany"], "publication_10_years": ["Denmark"], "citation_10_years": ["Denmark"], "publication_5_years": ["Denmark"], "citation_5_years": ["Denmark"]}, "topics": {"publication_overall": ["computer science", "human computer interaction", "computer systems", "user interfaces", "computer imaging and vision", "internet", "artificial intelligence", "telecommunication systems", "computer networks", "telecommunication networks", "communication systems", "interactive computer graphics", "wireless telecommunication systems", "videogames", "computer hardware", "data communication systems", "computer games", "game theory", "mobile computing", "mobile devices"], "citation_overall": ["computer science", "human computer interaction", "user interfaces", "videogames", "computer imaging and vision", "artificial intelligence", "computer systems", "interactive computer graphics", "game design", "gameplay", "software", "human engineering", "computer games", "game theory", "user experience", "software engineering", "internet", "information systems", "telecommunication systems", "telecommunication networks"], "publication_10_years": ["augmented reality", "communication", "computer science", "human computer interaction", "robot system", "robotics", "robots", "virtual reality", "virtual spaces"], "citation_10_years": ["augmented reality", "communication", "computer science", "human computer interaction", "robot system", "robotics", "robots", "virtual reality", "virtual spaces"], "publication_5_years": ["augmented reality", "communication", "computer science", "human computer interaction", "robot system", "robotics", "robots", "virtual reality", "virtual spaces"], "citation_5_years": ["augmented reality", "communication", "computer science", "human computer interaction", "robot system", "robotics", "robots", "virtual reality", "virtual spaces"]}, "main_topics": ["computer science"], "authors": {"publication_overall": ["139251421", "237568303", "1611933363", "1809739075", "1926479962", "1938829359", "2025305099", "2108510301", "2109055368", "2116671813", "2127990789", "2143855365", "2248864532", "14973474", "107524102", "108080437", "144362779", "192305177", "213229332", "241928641", "258213495", "320945385", "343872417", "1207938711", "1212090852", "1233704118", "1589021448", "1761047253", "1842860414", "1961275089", "1964543989", "1975555656", "1977793872", "1987067803", "1991074587", "2004414236", "2011519956", "2012873860", "2020575000", "2022006398", "2023881234", "2032826293", "2040939827", "2051448386", "2052069979", "2059713829", "2070035027", "2073421463", "2076763229", "2078036666", "2086788987", "2086931057", "2094800897", "2096087081", "2102686935", "2115902749", "2119201320", "2122500504", "2125245782", "2126786865", "2127982851", "2136001324", "2138105835", "2146387345", "2152246304", "2155817728", "2164401975", "2167381473", "2168250862", "2169950576", "2172188577", "2172969098", "2195240331", "2205599368", "2218390828", "2218407268", "2223511361", "2223806743", "2223882656", "2223958384", "2225610910", "2226612937", "2228118066", "2228594268", "2230264099", "2231114399", "2231537426", "2250529837", "2252168822", "2267088272", "2271152183", "2305630765", "2318534745", "2437562550", "2593485782", "2601562075", "2602944987", "2626034231", "2656997297", "2667015708"], "citation_overall": ["1938829359", "1611933363", "2109055368", "1809739075", "1761047253", "2040939827", "2122500504", "2155817728", "343872417", "1977793872", "2218390828", "1589021448", "14973474", "2126786865", "1987067803", "2025305099", "2437562550", "2146387345", "2116671813", "237568303", "1926479962", "2248864532", "2070035027", "2086788987", "2164401975", "139251421", "2011519956", "2138105835", "1964543989", "2108510301", "2127990789", "2143855365", "2223511361", "2761785586", "1207938711", "2022006398", "2073421463", "2032826293", "2230264099", "241928641", "2115902749", "2167381473", "2223882656", "2318534745", "2601562075", "2690678151", "2780353006", "2119201320", "2223806743", "2223958384", "2225610910", "2231114399", "2593485782", "2690910940", "192305177", "1991074587", "2078036666", "2094800897", "2102686935", "2172188577", "2205599368", "2267088272", "2626034231", "2656997297", "2680043962", "2754025003", "2754389827", "2755090376", "2755665527", "2756047713", "107524102", "2012873860", "2226612937", "2305630765", "144362779", "2023881234", "2051448386", "2052069979", "2059713829", "2152246304", "2168250862", "2195240331", "2228594268", "2250529837", "2252168822", "2805521534", "2893666452", "108080437", "213229332", "258213495", "320945385", "1961275089", "2020575000", "2086931057", "2125245782", "2127982851", "2136001324", "2172969098", "2228118066", "2231537426"], "publication_10_years": ["2078036666", "2102686935", "2172188577", "2626034231", "2754025003", "2754389827", "2755090376", "2755665527", "2756047713"], "citation_10_years": ["2078036666", "2102686935", "2172188577", "2626034231", "2754025003", "2754389827", "2755090376", "2755665527", "2756047713"], "publication_5_years": ["2078036666", "2102686935", "2172188577", "2626034231", "2754025003", "2754389827", "2755090376", "2755665527", "2756047713"], "citation_5_years": ["2078036666", "2102686935", "2172188577", "2626034231", "2754025003", "2754389827", "2755090376", "2755665527", "2756047713"]}, "industrial_sectors": {"publication_overall": ["management"], "citation_overall": ["management"], "publication_10_years": [], "citation_10_years": [], "publication_5_years": [], "citation_5_years": []}}