{"name": "Conference on Intelligent Data Understanding", "acronym": "CIDU", "type": "conference", "uniqueEntities": {"organizations": {"University of Minnesota": {"name": "University of Minnesota", "type": "organization", "organization_type": "Education", "h_index": 235, "h5_index": 43, "num_publications": 16, "num_citations": 106, "num_publications_5y": 0, "num_citations_5y": 63, "num_publications_10y": 16, "num_citations_10y": 99, "publications_years": {"2010": 4, "2011": 7, "2012": 5}, "citations_years": {"2011": 7, "2012": 12, "2013": 17, "2014": 15, "2015": 12, "2016": 12, "2017": 17, "2018": 7, "2019": 5, "2020": 2}, "old_citations": {"2010": 17, "2011": 50, "2012": 39}, "isVisible": false}, "Ames Research Center": {"name": "Ames Research Center", "type": "organization", "organization_type": "Facility", "h_index": 114, "h5_index": 19, "num_publications": 9, "num_citations": 71, "num_publications_5y": 0, "num_citations_5y": 47, "num_publications_10y": 9, "num_citations_10y": 64, "publications_years": {"2010": 2, "2011": 4, "2012": 3}, "citations_years": {"2011": 2, "2012": 6, "2013": 8, "2014": 7, "2015": 6, "2016": 13, "2017": 17, "2018": 4, "2019": 7, "2010": 1}, "old_citations": {"2010": 13, "2011": 25, "2012": 33}, "isVisible": false}, "The University of Texas at Austin": {"name": "The University of Texas at Austin", "type": "organization", "organization_type": "Education", "h_index": 268, "h5_index": 65, "num_publications": 4, "num_citations": 7, "num_publications_5y": 0, "num_citations_5y": 4, "num_publications_10y": 4, "num_citations_10y": 7, "publications_years": {"2011": 1, "2010": 3}, "citations_years": {"2010": 1, "2011": 0, "2012": 0, "2013": 2, "2014": 1, "2015": 1, "2016": 1, "2017": 0, "2018": 1}, "old_citations": {"2011": 0, "2010": 7}, "isVisible": false}, "North Carolina State University": {"name": "North Carolina State University", "type": "organization", "organization_type": "Education", "h_index": 186, "h5_index": 36, "num_publications": 3, "num_citations": 18, "num_publications_5y": 0, "num_citations_5y": 7, "num_publications_10y": 3, "num_citations_10y": 18, "publications_years": {"2010": 1, "2011": 2}, "citations_years": {"2011": 3, "2012": 4, "2013": 4, "2014": 4, "2015": 0, "2016": 1, "2017": 0, "2018": 2}, "old_citations": {"2010": 6, "2011": 12}, "isVisible": false}, "Oak Ridge National Laboratory": {"name": "Oak Ridge National Laboratory", "type": "organization", "organization_type": "Facility", "h_index": 106, "h5_index": 30, "num_publications": 3, "num_citations": 18, "num_publications_5y": 0, "num_citations_5y": 7, "num_publications_10y": 3, "num_citations_10y": 18, "publications_years": {"2010": 1, "2011": 2}, "citations_years": {"2011": 3, "2012": 4, "2013": 4, "2014": 4, "2015": 0, "2016": 1, "2017": 0, "2018": 2}, "old_citations": {"2010": 6, "2011": 12}, "isVisible": false}, "University of Oklahoma": {"name": "University of Oklahoma", "type": "organization", "organization_type": "Education", "h_index": 72, "h5_index": 24, "num_publications": 3, "num_citations": 8, "num_publications_5y": 0, "num_citations_5y": 5, "num_publications_10y": 3, "num_citations_10y": 8, "publications_years": {"2012": 3}, "citations_years": {"2012": 1, "2013": 2, "2014": 1, "2015": 0, "2016": 2, "2017": 2}, "old_citations": {"2012": 8}, "isVisible": false}, "Courant Institute of Mathematical Sciences": {"name": "Courant Institute of Mathematical Sciences", "type": "organization", "organization_type": "Education", "h_index": 83, "h5_index": 22, "num_publications": 2, "num_citations": 28, "num_publications_5y": 0, "num_citations_5y": 23, "num_publications_10y": 2, "num_citations_10y": 26, "publications_years": {"2011": 1, "2012": 1}, "citations_years": {"2012": 1, "2013": 2, "2014": 4, "2015": 3, "2016": 8, "2017": 4, "2018": 4, "2019": 2}, "old_citations": {"2011": 18, "2012": 10}, "isVisible": false}, "Georgia Institute of Technology": {"name": "Georgia Institute of Technology", "type": "organization", "organization_type": "Education", "h_index": 280, "h5_index": 72, "num_publications": 2, "num_citations": 93, "num_publications_5y": 0, "num_citations_5y": 67, "num_publications_10y": 2, "num_citations_10y": 71, "publications_years": {"2012": 2}, "citations_years": {"2013": 4, "2014": 7, "2015": 6, "2016": 23, "2017": 18, "2018": 13, "2019": 20, "2020": 2}, "old_citations": {"2012": 93}, "isVisible": false}, "University of Illinois at Urbana Champaign": {"name": "University of Illinois at Urbana Champaign", "type": "organization", "organization_type": "Education", "h_index": 325, "h5_index": 70, "num_publications": 2, "num_citations": 13, "num_publications_5y": 0, "num_citations_5y": 7, "num_publications_10y": 2, "num_citations_10y": 12, "publications_years": {"2011": 1, "2010": 1}, "citations_years": {"2012": 3, "2013": 2, "2014": 3, "2015": 1, "2016": 2, "2017": 1, "2018": 0, "2019": 1}, "old_citations": {"2011": 12, "2010": 1}, "isVisible": false}, "Aims Community College": {"name": "Aims Community College", "type": "organization", "organization_type": "Education", "h_index": 7, "h5_index": 2, "num_publications": 1, "num_citations": 0, "num_publications_5y": 0, "num_citations_5y": 0, "num_publications_10y": 1, "num_citations_10y": 0, "publications_years": {"2010": 1}, "citations_years": {}, "old_citations": {"2010": 0}, "isVisible": false}, "Arizona State University": {"name": "Arizona State University", "type": "organization", "organization_type": "Education", "h_index": 169, "h5_index": 56, "num_publications": 1, "num_citations": 0, "num_publications_5y": 0, "num_citations_5y": 0, "num_publications_10y": 1, "num_citations_10y": 0, "publications_years": {"2010": 1}, "citations_years": {}, "old_citations": {"2010": 0}, "isVisible": false}, "Bjerknes Centre for Climate Research": {"name": "Bjerknes Centre for Climate Research", "type": "organization", "organization_type": "Facility", "h_index": 15, "h5_index": 5, "num_publications": 1, "num_citations": 16, "num_publications_5y": 0, "num_citations_5y": 12, "num_publications_10y": 1, "num_citations_10y": 15, "publications_years": {"2012": 1}, "citations_years": {"2013": 3, "2014": 4, "2015": 4, "2016": 1, "2017": 2, "2018": 1, "2019": 0, "2020": 1}, "old_citations": {"2012": 16}, "isVisible": false}, "California Institute of Technology": {"name": "California Institute of Technology", "type": "organization", "organization_type": "Education", "h_index": 219, "h5_index": 42, "num_publications": 1, "num_citations": 3, "num_publications_5y": 0, "num_citations_5y": 3, "num_publications_10y": 1, "num_citations_10y": 3, "publications_years": {"2012": 1}, "citations_years": {"2014": 1, "2015": 0, "2016": 1, "2017": 1}, "old_citations": {"2012": 3}, "isVisible": false}, "California State University, Monterey Bay": {"name": "California State University, Monterey Bay", "type": "organization", "organization_type": "Education", "h_index": 18, "h5_index": 7, "num_publications": 1, "num_citations": 7, "num_publications_5y": 0, "num_citations_5y": 4, "num_publications_10y": 1, "num_citations_10y": 7, "publications_years": {"2010": 1}, "citations_years": {"2011": 2, "2012": 0, "2013": 1, "2014": 0, "2015": 0, "2016": 1, "2017": 2, "2018": 1}, "old_citations": {"2010": 7}, "isVisible": false}, "Columbia University": {"name": "Columbia University", "type": "organization", "organization_type": "Education", "h_index": 249, "h5_index": 61, "num_publications": 1, "num_citations": 6, "num_publications_5y": 0, "num_citations_5y": 4, "num_publications_10y": 1, "num_citations_10y": 5, "publications_years": {"2012": 1}, "citations_years": {"2013": 1, "2014": 2, "2015": 1, "2016": 0, "2017": 1, "2018": 0, "2019": 0, "2020": 1}, "old_citations": {"2012": 6}, "isVisible": false}, "Goddard Space Flight Center": {"name": "Goddard Space Flight Center", "type": "organization", "organization_type": "Facility", "h_index": 60, "h5_index": 17, "num_publications": 1, "num_citations": 2, "num_publications_5y": 0, "num_citations_5y": 0, "num_publications_10y": 1, "num_citations_10y": 0, "publications_years": {"2012": 1}, "citations_years": {"2019": 2}, "old_citations": {"2012": 2}, "isVisible": false}, "Indian Institute of Technology Roorkee": {"name": "Indian Institute of Technology Roorkee", "type": "organization", "organization_type": "Education", "h_index": 51, "h5_index": 25, "num_publications": 1, "num_citations": 5, "num_publications_5y": 0, "num_citations_5y": 1, "num_publications_10y": 1, "num_citations_10y": 3, "publications_years": {"2011": 1}, "citations_years": {"2012": 1, "2013": 1, "2014": 0, "2015": 0, "2016": 0, "2017": 1, "2018": 0, "2019": 2}, "old_citations": {"2011": 5}, "isVisible": false}, "Massachusetts Institute of Technology": {"name": "Massachusetts Institute of Technology", "type": "organization", "organization_type": "Education", "h_index": 475, "h5_index": 100, "num_publications": 1, "num_citations": 3, "num_publications_5y": 0, "num_citations_5y": 1, "num_publications_10y": 1, "num_citations_10y": 1, "publications_years": {"2012": 1}, "citations_years": {"2016": 1, "2017": 0, "2018": 0, "2019": 2}, "old_citations": {"2012": 3}, "isVisible": false}, "Michigan State University": {"name": "Michigan State University", "type": "organization", "organization_type": "Education", "h_index": 187, "h5_index": 52, "num_publications": 1, "num_citations": 2, "num_publications_5y": 0, "num_citations_5y": 1, "num_publications_10y": 1, "num_citations_10y": 1, "publications_years": {"2011": 1}, "citations_years": {"2017": 1, "2018": 0, "2019": 1}, "old_citations": {"2011": 2}, "isVisible": false}, "National Center for Atmospheric Research": {"name": "National Center for Atmospheric Research", "type": "organization", "organization_type": "Facility", "h_index": 50, "h5_index": 23, "num_publications": 1, "num_citations": 0, "num_publications_5y": 0, "num_citations_5y": 0, "num_publications_10y": 1, "num_citations_10y": 0, "publications_years": {"2012": 1}, "citations_years": {}, "old_citations": {"2012": 0}, "isVisible": false}, "Northeastern University": {"name": "Northeastern University", "type": "organization", "organization_type": "Education", "h_index": 144, "h5_index": 59, "num_publications": 1, "num_citations": 6, "num_publications_5y": 0, "num_citations_5y": 4, "num_publications_10y": 1, "num_citations_10y": 5, "publications_years": {"2012": 1}, "citations_years": {"2013": 1, "2014": 2, "2015": 1, "2016": 0, "2017": 1, "2018": 0, "2019": 0, "2020": 1}, "old_citations": {"2012": 6}, "isVisible": false}, "Purdue University West Lafayette": {"name": "Purdue University West Lafayette", "type": "organization", "organization_type": "Education", "h_index": 215, "h5_index": 48, "num_publications": 1, "num_citations": 10, "num_publications_5y": 0, "num_citations_5y": 9, "num_publications_10y": 1, "num_citations_10y": 10, "publications_years": {"2012": 1}, "citations_years": {"2013": 1, "2014": 2, "2015": 2, "2016": 2, "2017": 2, "2018": 1}, "old_citations": {"2012": 10}, "isVisible": false}, "The University of Texas at Dallas": {"name": "The University of Texas at Dallas", "type": "organization", "organization_type": "Education", "h_index": 120, "h5_index": 39, "num_publications": 1, "num_citations": 2, "num_publications_5y": 0, "num_citations_5y": 0, "num_publications_10y": 1, "num_citations_10y": 0, "publications_years": {"2012": 1}, "citations_years": {"2019": 2}, "old_citations": {"2012": 2}, "isVisible": false}, "Universiti Sains Malaysia": {"name": "Universiti Sains Malaysia", "type": "organization", "organization_type": "Education", "h_index": 49, "h5_index": 22, "num_publications": 1, "num_citations": 6, "num_publications_5y": 0, "num_citations_5y": 3, "num_publications_10y": 1, "num_citations_10y": 6, "publications_years": {"2010": 1}, "citations_years": {"2010": 1, "2011": 0, "2012": 0, "2013": 2, "2014": 1, "2015": 0, "2016": 1, "2017": 0, "2018": 1}, "old_citations": {"2010": 6}, "isVisible": false}, "University of Delhi": {"name": "University of Delhi", "type": "organization", "organization_type": "Education", "h_index": 31, "h5_index": 11, "num_publications": 1, "num_citations": 3, "num_publications_5y": 0, "num_citations_5y": 3, "num_publications_10y": 1, "num_citations_10y": 3, "publications_years": {"2012": 1}, "citations_years": {"2014": 1, "2015": 0, "2016": 1, "2017": 1}, "old_citations": {"2012": 3}, "isVisible": false}, "University of Michigan\u2013Ann Arbor": {"name": "University of Michigan\u2013Ann Arbor", "type": "organization", "organization_type": "Education", "h_index": 264, "h5_index": 65, "num_publications": 1, "num_citations": 4, "num_publications_5y": 0, "num_citations_5y": 0, "num_publications_10y": 1, "num_citations_10y": 4, "publications_years": {"2010": 1}, "citations_years": {"2010": 1, "2011": 1, "2012": 1, "2013": 1}, "old_citations": {"2010": 4}, "isVisible": false}, "University of Notre Dame": {"name": "University of Notre Dame", "type": "organization", "organization_type": "Education", "h_index": 122, "h5_index": 39, "num_publications": 1, "num_citations": 10, "num_publications_5y": 0, "num_citations_5y": 7, "num_publications_10y": 1, "num_citations_10y": 9, "publications_years": {"2012": 1}, "citations_years": {"2013": 2, "2014": 2, "2015": 2, "2016": 0, "2017": 2, "2018": 1, "2019": 1}, "old_citations": {"2012": 10}, "isVisible": false}, "University of Washington": {"name": "University of Washington", "type": "organization", "organization_type": "Education", "h_index": 312, "h5_index": 71, "num_publications": 1, "num_citations": 85, "num_publications_5y": 0, "num_citations_5y": 60, "num_publications_10y": 1, "num_citations_10y": 63, "publications_years": {"2012": 1}, "citations_years": {"2013": 3, "2014": 6, "2015": 5, "2016": 21, "2017": 15, "2018": 13, "2019": 20, "2020": 2}, "old_citations": {"2012": 85}, "isVisible": false}, "Universit\u00e9 de Sherbrooke": {"name": "Universit\u00e9 de Sherbrooke", "type": "organization", "organization_type": "Education", "h_index": 62, "h5_index": 25, "num_publications": 1, "num_citations": 1, "num_publications_5y": 0, "num_citations_5y": 0, "num_publications_10y": 1, "num_citations_10y": 1, "publications_years": {"2012": 1}, "citations_years": {"2013": 1}, "old_citations": {"2012": 1}, "isVisible": false}, "\u00c9cole Nationale de l\u2019Aviation Civile": {"name": "\u00c9cole Nationale de l\u2019Aviation Civile", "type": "organization", "organization_type": "Education", "h_index": 24, "h5_index": 11, "num_publications": 1, "num_citations": 8, "num_publications_5y": 0, "num_citations_5y": 7, "num_publications_10y": 1, "num_citations_10y": 8, "publications_years": {"2012": 1}, "citations_years": {"2013": 1, "2014": 1, "2015": 1, "2016": 2, "2017": 3}, "old_citations": {"2012": 8}, "isVisible": false}}, "topics": {"computer science": {"name": "computer science", "type": "topic", "h_index": 1779, "h5_index": 416, "num_publications": 45, "num_citations": 283, "num_publications_5y": 0, "num_citations_5y": 188, "num_publications_10y": 45, "num_citations_10y": 241, "publications_years": {"2010": 10, "2011": 10, "2012": 25}, "citations_years": {"2011": 8, "2012": 13, "2013": 30, "2014": 37, "2015": 29, "2016": 52, "2017": 45, "2018": 25, "2019": 38, "2020": 4, "2010": 2}, "old_citations": {"2010": 29, "2011": 62, "2012": 192}, "isVisible": false}, "computer systems": {"name": "computer systems", "type": "topic", "h_index": 1595, "h5_index": 367, "num_publications": 36, "num_citations": 249, "num_publications_5y": 0, "num_citations_5y": 170, "num_publications_10y": 36, "num_citations_10y": 214, "publications_years": {"2010": 8, "2011": 8, "2012": 20}, "citations_years": {"2011": 7, "2012": 10, "2013": 25, "2014": 31, "2015": 26, "2016": 50, "2017": 39, "2018": 24, "2019": 32, "2020": 3, "2010": 2}, "old_citations": {"2010": 29, "2011": 52, "2012": 168}, "isVisible": false}, "mathematics": {"name": "mathematics", "type": "topic", "h_index": 1364, "h5_index": 300, "num_publications": 24, "num_citations": 214, "num_publications_5y": 0, "num_citations_5y": 146, "num_publications_10y": 24, "num_citations_10y": 175, "publications_years": {"2011": 5, "2012": 15, "2010": 4}, "citations_years": {"2012": 5, "2013": 18, "2014": 29, "2015": 21, "2016": 40, "2017": 36, "2018": 20, "2019": 35, "2020": 4, "2011": 5, "2010": 1}, "old_citations": {"2011": 30, "2012": 174, "2010": 10}, "isVisible": false}, "computer networks": {"name": "computer networks", "type": "topic", "h_index": 1262, "h5_index": 332, "num_publications": 22, "num_citations": 183, "num_publications_5y": 0, "num_citations_5y": 119, "num_publications_10y": 22, "num_citations_10y": 152, "publications_years": {"2010": 5, "2011": 4, "2012": 13}, "citations_years": {"2011": 7, "2012": 7, "2013": 18, "2014": 21, "2015": 17, "2016": 35, "2017": 24, "2018": 22, "2019": 28, "2020": 3, "2010": 1}, "old_citations": {"2010": 21, "2011": 38, "2012": 124}, "isVisible": false}, "data mining": {"name": "data mining", "type": "topic", "h_index": 861, "h5_index": 196, "num_publications": 21, "num_citations": 138, "num_publications_5y": 0, "num_citations_5y": 94, "num_publications_10y": 21, "num_citations_10y": 127, "publications_years": {"2010": 5, "2011": 5, "2012": 11}, "citations_years": {"2011": 5, "2012": 9, "2013": 18, "2014": 21, "2015": 15, "2016": 27, "2017": 22, "2018": 9, "2019": 10, "2020": 1, "2010": 1}, "old_citations": {"2010": 21, "2011": 50, "2012": 67}, "isVisible": false}, "engineering": {"name": "engineering", "type": "topic", "h_index": 1177, "h5_index": 287, "num_publications": 21, "num_citations": 84, "num_publications_5y": 0, "num_citations_5y": 58, "num_publications_10y": 21, "num_citations_10y": 78, "publications_years": {"2010": 4, "2011": 6, "2012": 11}, "citations_years": {"2011": 3, "2012": 6, "2013": 11, "2014": 11, "2015": 9, "2016": 15, "2017": 15, "2018": 8, "2019": 5, "2020": 1}, "old_citations": {"2010": 8, "2011": 39, "2012": 37}, "isVisible": false}, "artificial intelligence": {"name": "artificial intelligence", "type": "topic", "h_index": 1421, "h5_index": 373, "num_publications": 19, "num_citations": 171, "num_publications_5y": 0, "num_citations_5y": 113, "num_publications_10y": 19, "num_citations_10y": 141, "publications_years": {"2011": 6, "2012": 9, "2010": 4}, "citations_years": {"2012": 6, "2013": 18, "2014": 17, "2015": 14, "2016": 36, "2017": 27, "2018": 19, "2019": 28, "2011": 3, "2010": 1, "2020": 2}, "old_citations": {"2011": 43, "2012": 114, "2010": 14}, "isVisible": false}, "database systems": {"name": "database systems", "type": "topic", "h_index": 1167, "h5_index": 276, "num_publications": 19, "num_citations": 183, "num_publications_5y": 0, "num_citations_5y": 126, "num_publications_10y": 19, "num_citations_10y": 157, "publications_years": {"2012": 8, "2011": 7, "2010": 4}, "citations_years": {"2019": 23, "2012": 7, "2013": 20, "2014": 22, "2015": 19, "2016": 34, "2017": 31, "2018": 20, "2011": 3, "2020": 3, "2010": 1}, "old_citations": {"2012": 135, "2011": 34, "2010": 14}, "isVisible": false}, "computer hardware": {"name": "computer hardware", "type": "topic", "h_index": 1150, "h5_index": 279, "num_publications": 18, "num_citations": 87, "num_publications_5y": 0, "num_citations_5y": 58, "num_publications_10y": 18, "num_citations_10y": 77, "publications_years": {"2010": 2, "2011": 4, "2012": 12}, "citations_years": {"2011": 2, "2012": 7, "2013": 10, "2014": 15, "2015": 9, "2016": 14, "2017": 13, "2018": 7, "2019": 9, "2020": 1}, "old_citations": {"2010": 7, "2011": 35, "2012": 45}, "isVisible": false}, "signal processing": {"name": "signal processing", "type": "topic", "h_index": 1012, "h5_index": 255, "num_publications": 18, "num_citations": 84, "num_publications_5y": 0, "num_citations_5y": 58, "num_publications_10y": 18, "num_citations_10y": 78, "publications_years": {"2010": 4, "2011": 5, "2012": 9}, "citations_years": {"2011": 3, "2012": 6, "2013": 11, "2014": 11, "2015": 9, "2016": 15, "2017": 15, "2018": 8, "2019": 5, "2020": 1}, "old_citations": {"2010": 8, "2011": 39, "2012": 37}, "isVisible": false}, "telecommunication systems": {"name": "telecommunication systems", "type": "topic", "h_index": 1187, "h5_index": 277, "num_publications": 18, "num_citations": 170, "num_publications_5y": 0, "num_citations_5y": 117, "num_publications_10y": 18, "num_citations_10y": 141, "publications_years": {"2010": 3, "2011": 4, "2012": 11}, "citations_years": {"2011": 3, "2012": 6, "2013": 15, "2014": 20, "2015": 17, "2016": 34, "2017": 24, "2018": 22, "2019": 26, "2020": 3}, "old_citations": {"2010": 11, "2011": 38, "2012": 121}, "isVisible": false}, "communication systems": {"name": "communication systems", "type": "topic", "h_index": 1092, "h5_index": 254, "num_publications": 17, "num_citations": 158, "num_publications_5y": 0, "num_citations_5y": 111, "num_publications_10y": 17, "num_citations_10y": 129, "publications_years": {"2010": 3, "2011": 3, "2012": 11}, "citations_years": {"2011": 3, "2012": 2, "2013": 13, "2014": 17, "2015": 17, "2016": 33, "2017": 24, "2018": 20, "2019": 26, "2020": 3}, "old_citations": {"2010": 11, "2011": 26, "2012": 121}, "isVisible": false}, "wireless telecommunication systems": {"name": "wireless telecommunication systems", "type": "topic", "h_index": 1087, "h5_index": 254, "num_publications": 17, "num_citations": 158, "num_publications_5y": 0, "num_citations_5y": 111, "num_publications_10y": 17, "num_citations_10y": 129, "publications_years": {"2010": 3, "2011": 3, "2012": 11}, "citations_years": {"2011": 3, "2012": 2, "2013": 13, "2014": 17, "2015": 17, "2016": 33, "2017": 24, "2018": 20, "2019": 26, "2020": 3}, "old_citations": {"2010": 11, "2011": 26, "2012": 121}, "isVisible": false}, "correlation analysis": {"name": "correlation analysis", "type": "topic", "h_index": 1044, "h5_index": 224, "num_publications": 15, "num_citations": 169, "num_publications_5y": 0, "num_citations_5y": 112, "num_publications_10y": 15, "num_citations_10y": 134, "publications_years": {"2011": 4, "2012": 8, "2010": 3}, "citations_years": {"2012": 5, "2013": 11, "2014": 19, "2015": 12, "2016": 34, "2017": 30, "2018": 17, "2019": 32, "2020": 3, "2011": 5, "2010": 1}, "old_citations": {"2011": 30, "2012": 129, "2010": 10}, "isVisible": false}, "communication channels (information theory)": {"name": "communication channels (information theory)", "type": "topic", "h_index": 925, "h5_index": 216, "num_publications": 13, "num_citations": 55, "num_publications_5y": 0, "num_citations_5y": 37, "num_publications_10y": 13, "num_citations_10y": 50, "publications_years": {"2010": 3, "2012": 9, "2011": 1}, "citations_years": {"2011": 3, "2012": 1, "2013": 9, "2014": 9, "2015": 11, "2016": 6, "2017": 7, "2018": 4, "2019": 4, "2020": 1}, "old_citations": {"2010": 11, "2012": 36, "2011": 8}, "isVisible": false}, "telecommunication networks": {"name": "telecommunication networks", "type": "topic", "h_index": 1116, "h5_index": 258, "num_publications": 13, "num_citations": 66, "num_publications_5y": 0, "num_citations_5y": 43, "num_publications_10y": 13, "num_citations_10y": 61, "publications_years": {"2010": 3, "2012": 8, "2011": 2}, "citations_years": {"2011": 3, "2012": 5, "2013": 10, "2014": 12, "2015": 11, "2016": 7, "2017": 7, "2018": 6, "2019": 4, "2020": 1}, "old_citations": {"2010": 11, "2012": 35, "2011": 20}, "isVisible": false}, "computer imaging and vision": {"name": "computer imaging and vision", "type": "topic", "h_index": 1142, "h5_index": 334, "num_publications": 12, "num_citations": 74, "num_publications_5y": 0, "num_citations_5y": 53, "num_publications_10y": 12, "num_citations_10y": 67, "publications_years": {"2011": 4, "2012": 6, "2010": 2}, "citations_years": {"2012": 3, "2013": 10, "2014": 11, "2015": 11, "2016": 11, "2017": 14, "2018": 6, "2019": 5, "2020": 2, "2011": 1}, "old_citations": {"2011": 23, "2012": 47, "2010": 4}, "isVisible": false}, "image processing": {"name": "image processing", "type": "topic", "h_index": 1113, "h5_index": 328, "num_publications": 11, "num_citations": 66, "num_publications_5y": 0, "num_citations_5y": 46, "num_publications_10y": 11, "num_citations_10y": 59, "publications_years": {"2011": 4, "2012": 5, "2010": 2}, "citations_years": {"2012": 3, "2013": 9, "2014": 10, "2015": 10, "2016": 9, "2017": 11, "2018": 6, "2019": 5, "2020": 2, "2011": 1}, "old_citations": {"2011": 23, "2012": 39, "2010": 4}, "isVisible": false}, "machine learning": {"name": "machine learning", "type": "topic", "h_index": 1123, "h5_index": 351, "num_publications": 10, "num_citations": 137, "num_publications_5y": 0, "num_citations_5y": 93, "num_publications_10y": 10, "num_citations_10y": 108, "publications_years": {"2011": 3, "2012": 6, "2010": 1}, "citations_years": {"2012": 3, "2013": 11, "2014": 13, "2015": 8, "2016": 31, "2017": 23, "2018": 18, "2019": 27, "2010": 1, "2011": 0, "2020": 2}, "old_citations": {"2011": 23, "2012": 108, "2010": 6}, "isVisible": false}, "sensors": {"name": "sensors", "type": "topic", "h_index": 960, "h5_index": 229, "num_publications": 10, "num_citations": 55, "num_publications_5y": 0, "num_citations_5y": 38, "num_publications_10y": 10, "num_citations_10y": 48, "publications_years": {"2010": 2, "2012": 7, "2011": 1}, "citations_years": {"2011": 2, "2012": 2, "2013": 6, "2014": 10, "2015": 8, "2016": 7, "2017": 11, "2018": 2, "2019": 6, "2020": 1}, "old_citations": {"2010": 7, "2012": 43, "2011": 5}, "isVisible": false}, "data handling": {"name": "data handling", "type": "topic", "h_index": 536, "h5_index": 110, "num_publications": 6, "num_citations": 124, "num_publications_5y": 0, "num_citations_5y": 86, "num_publications_10y": 6, "num_citations_10y": 101, "publications_years": {"2011": 3, "2012": 3}, "citations_years": {"2013": 11, "2014": 14, "2015": 12, "2016": 24, "2017": 19, "2018": 17, "2019": 20, "2020": 3, "2012": 4}, "old_citations": {"2011": 20, "2012": 104}, "isVisible": false}, "data integration": {"name": "data integration", "type": "topic", "h_index": 521, "h5_index": 107, "num_publications": 6, "num_citations": 124, "num_publications_5y": 0, "num_citations_5y": 86, "num_publications_10y": 6, "num_citations_10y": 101, "publications_years": {"2011": 3, "2012": 3}, "citations_years": {"2013": 11, "2014": 14, "2015": 12, "2016": 24, "2017": 19, "2018": 17, "2019": 20, "2020": 3, "2012": 4}, "old_citations": {"2011": 20, "2012": 104}, "isVisible": false}, "integrated data": {"name": "integrated data", "type": "topic", "h_index": 507, "h5_index": 106, "num_publications": 6, "num_citations": 124, "num_publications_5y": 0, "num_citations_5y": 86, "num_publications_10y": 6, "num_citations_10y": 101, "publications_years": {"2011": 3, "2012": 3}, "citations_years": {"2013": 11, "2014": 14, "2015": 12, "2016": 24, "2017": 19, "2018": 17, "2019": 20, "2020": 3, "2012": 4}, "old_citations": {"2011": 20, "2012": 104}, "isVisible": false}, "antennas": {"name": "antennas", "type": "topic", "h_index": 645, "h5_index": 152, "num_publications": 8, "num_citations": 122, "num_publications_5y": 0, "num_citations_5y": 87, "num_publications_10y": 8, "num_citations_10y": 96, "publications_years": {"2011": 2, "2012": 6}, "citations_years": {"2012": 1, "2013": 8, "2014": 13, "2015": 10, "2016": 28, "2017": 19, "2018": 17, "2019": 23, "2020": 3}, "old_citations": {"2011": 18, "2012": 104}, "isVisible": false}, "computer programming": {"name": "computer programming", "type": "topic", "h_index": 873, "h5_index": 186, "num_publications": 4, "num_citations": 91, "num_publications_5y": 0, "num_citations_5y": 61, "num_publications_10y": 4, "num_citations_10y": 69, "publications_years": {"2012": 3, "2010": 1}, "citations_years": {"2011": 3, "2012": 0, "2013": 5, "2014": 7, "2015": 5, "2016": 21, "2017": 15, "2018": 13, "2019": 20, "2020": 2}, "old_citations": {"2012": 85, "2010": 6}, "isVisible": false}, "electromagnetic": {"name": "electromagnetic", "type": "topic", "h_index": 156, "h5_index": 39, "num_publications": 2, "num_citations": 85, "num_publications_5y": 0, "num_citations_5y": 60, "num_publications_10y": 2, "num_citations_10y": 63, "publications_years": {"2012": 2}, "citations_years": {"2013": 3, "2014": 6, "2015": 5, "2016": 21, "2017": 15, "2018": 13, "2019": 20, "2020": 2}, "old_citations": {"2012": 85}, "isVisible": false}, "electromagnetism": {"name": "electromagnetism", "type": "topic", "h_index": 173, "h5_index": 41, "num_publications": 2, "num_citations": 85, "num_publications_5y": 0, "num_citations_5y": 60, "num_publications_10y": 2, "num_citations_10y": 63, "publications_years": {"2012": 2}, "citations_years": {"2013": 3, "2014": 6, "2015": 5, "2016": 21, "2017": 15, "2018": 13, "2019": 20, "2020": 2}, "old_citations": {"2012": 85}, "isVisible": false}, "high level languages": {"name": "high level languages", "type": "topic", "h_index": 369, "h5_index": 76, "num_publications": 1, "num_citations": 85, "num_publications_5y": 0, "num_citations_5y": 60, "num_publications_10y": 1, "num_citations_10y": 63, "publications_years": {"2012": 1}, "citations_years": {"2013": 3, "2014": 6, "2015": 5, "2016": 21, "2017": 15, "2018": 13, "2019": 20, "2020": 2}, "old_citations": {"2012": 85}, "isVisible": false}}, "authors": {"2161062602": {"name": "vipin kumar", "type": "author", "activity": 30, "h_index": 75, "h5_index": 11, "mag_id": "2161062602", "num_publications": 15, "num_citations": 102, "num_publications_5y": 0, "num_citations_5y": 62, "num_publications_10y": 15, "num_citations_10y": 96, "publications_years": {"2010": 2, "2011": 8, "2012": 5}, "citations_years": {"2011": 6, "2012": 11, "2013": 17, "2014": 15, "2015": 11, "2016": 12, "2017": 17, "2018": 7, "2019": 4, "2020": 2}, "old_citations": {"2010": 13, "2011": 50, "2012": 39}, "isVisible": true}, "2102135651": {"name": "michael steinbach", "type": "author", "activity": 20, "h_index": 21, "h5_index": 5, "mag_id": "2102135651", "num_publications": 11, "num_citations": 69, "num_publications_5y": 0, "num_citations_5y": 39, "num_publications_10y": 11, "num_citations_10y": 66, "publications_years": {"2010": 2, "2011": 7, "2012": 2}, "citations_years": {"2011": 5, "2012": 10, "2013": 12, "2014": 8, "2015": 5, "2016": 10, "2017": 11, "2018": 5, "2019": 3}, "old_citations": {"2010": 13, "2011": 45, "2012": 11}, "isVisible": true}, "86258740": {"name": "shyam boriah", "type": "author", "activity": 8, "h_index": 9, "h5_index": 0, "mag_id": "86258740", "num_publications": 9, "num_citations": 70, "num_publications_5y": 0, "num_citations_5y": 46, "num_publications_10y": 9, "num_citations_10y": 65, "publications_years": {"2010": 1, "2011": 4, "2012": 4}, "citations_years": {"2011": 3, "2012": 7, "2013": 9, "2014": 9, "2015": 7, "2016": 11, "2017": 15, "2018": 4, "2019": 4, "2020": 1}, "old_citations": {"2010": 7, "2011": 30, "2012": 33}, "isVisible": true}, "184559979": {"name": "varun mithal", "type": "author", "activity": 10, "h_index": 7, "h5_index": 2, "mag_id": "184559979", "num_publications": 7, "num_citations": 60, "num_publications_5y": 0, "num_citations_5y": 40, "num_publications_10y": 7, "num_citations_10y": 57, "publications_years": {"2010": 1, "2011": 3, "2012": 3}, "citations_years": {"2011": 3, "2012": 6, "2013": 8, "2014": 7, "2015": 6, "2016": 9, "2017": 14, "2018": 4, "2019": 2, "2020": 1}, "old_citations": {"2010": 7, "2011": 25, "2012": 28}, "isVisible": true}, "146640362": {"name": "stefan liess", "type": "author", "activity": 9, "h_index": 8, "h5_index": 1, "mag_id": "146640362", "num_publications": 6, "num_citations": 42, "num_publications_5y": 0, "num_citations_5y": 27, "num_publications_10y": 6, "num_citations_10y": 40, "publications_years": {"2012": 2, "2011": 4}, "citations_years": {"2013": 9, "2014": 9, "2015": 8, "2016": 2, "2017": 4, "2018": 4, "2019": 0, "2020": 2, "2012": 4}, "old_citations": {"2012": 22, "2011": 20}, "isVisible": true}, "1368659479": {"name": "steven klooster", "type": "author", "activity": 12, "h_index": 8, "h5_index": 0, "mag_id": "1368659479", "num_publications": 6, "num_citations": 44, "num_publications_5y": 0, "num_citations_5y": 27, "num_publications_10y": 6, "num_citations_10y": 41, "publications_years": {"2010": 1, "2011": 3, "2012": 2}, "citations_years": {"2011": 2, "2012": 6, "2013": 6, "2014": 2, "2015": 2, "2016": 7, "2017": 13, "2018": 3, "2019": 3}, "old_citations": {"2010": 7, "2011": 25, "2012": 12}, "isVisible": true}, "2969846186": {"name": "c j potter", "type": "author", "activity": 12, "h_index": 8, "h5_index": 0, "mag_id": "2969846186", "num_publications": 6, "num_citations": 44, "num_publications_5y": 0, "num_citations_5y": 27, "num_publications_10y": 6, "num_citations_10y": 41, "publications_years": {"2010": 1, "2011": 3, "2012": 2}, "citations_years": {"2011": 2, "2012": 6, "2013": 6, "2014": 2, "2015": 2, "2016": 7, "2017": 13, "2018": 3, "2019": 3}, "old_citations": {"2010": 7, "2011": 25, "2012": 12}, "isVisible": true}, "2091655785": {"name": "jaya kawale", "type": "author", "activity": 11, "h_index": 11, "h5_index": 3, "mag_id": "2091655785", "num_publications": 4, "num_citations": 26, "num_publications_5y": 0, "num_citations_5y": 15, "num_publications_10y": 4, "num_citations_10y": 25, "publications_years": {"2012": 1, "2011": 3}, "citations_years": {"2013": 6, "2014": 5, "2015": 4, "2016": 1, "2017": 2, "2018": 3, "2019": 0, "2020": 1, "2012": 4}, "old_citations": {"2012": 6, "2011": 20}, "isVisible": false}, "2146888960": {"name": "auroop r ganguly", "type": "author", "activity": 14, "h_index": 14, "h5_index": 4, "mag_id": "2146888960", "num_publications": 4, "num_citations": 24, "num_publications_5y": 0, "num_citations_5y": 11, "num_publications_10y": 4, "num_citations_10y": 23, "publications_years": {"2012": 1, "2010": 1, "2011": 2}, "citations_years": {"2013": 5, "2014": 6, "2015": 1, "2016": 1, "2017": 1, "2018": 2, "2019": 0, "2020": 1, "2011": 3, "2012": 4}, "old_citations": {"2012": 6, "2010": 6, "2011": 12}, "isVisible": false}, "2152799701": {"name": "ashish garg", "type": "author", "activity": 2, "h_index": 5, "h5_index": 0, "mag_id": "2152799701", "num_publications": 4, "num_citations": 32, "num_publications_5y": 0, "num_citations_5y": 16, "num_publications_10y": 4, "num_citations_10y": 29, "publications_years": {"2010": 1, "2011": 3}, "citations_years": {"2011": 2, "2012": 6, "2013": 5, "2014": 2, "2015": 0, "2016": 4, "2017": 8, "2018": 2, "2019": 3}, "old_citations": {"2010": 7, "2011": 25}, "isVisible": false}, "258494835": {"name": "karsten steinhaeuser", "type": "author", "activity": 8, "h_index": 13, "h5_index": 0, "mag_id": "258494835", "num_publications": 3, "num_citations": 17, "num_publications_5y": 0, "num_citations_5y": 16, "num_publications_10y": 3, "num_citations_10y": 17, "publications_years": {"2012": 3}, "citations_years": {"2014": 2, "2015": 3, "2016": 5, "2017": 5, "2013": 1, "2018": 1}, "old_citations": {"2012": 17}, "isVisible": false}, "2443896075": {"name": "michael lau", "type": "author", "activity": 2, "h_index": 3, "h5_index": 0, "mag_id": "2443896075", "num_publications": 3, "num_citations": 20, "num_publications_5y": 0, "num_citations_5y": 15, "num_publications_10y": 3, "num_citations_10y": 19, "publications_years": {"2012": 2, "2011": 1}, "citations_years": {"2014": 3, "2015": 2, "2016": 6, "2017": 4, "2012": 2, "2013": 2, "2018": 0, "2019": 1}, "old_citations": {"2012": 11, "2011": 9}, "isVisible": false}, "2776108021": {"name": "ivan brugere", "type": "author", "activity": 8, "h_index": 5, "h5_index": 4, "mag_id": "2776108021", "num_publications": 3, "num_citations": 25, "num_publications_5y": 0, "num_citations_5y": 13, "num_publications_10y": 3, "num_citations_10y": 23, "publications_years": {"2011": 3}, "citations_years": {"2012": 6, "2013": 3, "2014": 3, "2015": 0, "2016": 4, "2017": 5, "2018": 1, "2011": 1, "2019": 2}, "old_citations": {"2011": 25}, "isVisible": false}, "246177910": {"name": "anuj karpatne", "type": "author", "activity": 9, "h_index": 9, "h5_index": 6, "mag_id": "246177910", "num_publications": 2, "num_citations": 11, "num_publications_5y": 0, "num_citations_5y": 11, "num_publications_10y": 2, "num_citations_10y": 11, "publications_years": {"2012": 2}, "citations_years": {"2014": 2, "2015": 2, "2016": 5, "2017": 2}, "old_citations": {"2012": 11}, "isVisible": false}, "752342937": {"name": "james h faghmous", "type": "author", "activity": 7, "h_index": 7, "h5_index": 2, "mag_id": "752342937", "num_publications": 2, "num_citations": 16, "num_publications_5y": 0, "num_citations_5y": 12, "num_publications_10y": 2, "num_citations_10y": 15, "publications_years": {"2011": 1, "2012": 1}, "citations_years": {"2013": 3, "2014": 4, "2015": 4, "2016": 1, "2017": 2, "2018": 1, "2019": 0, "2020": 1}, "old_citations": {"2011": 0, "2012": 16}, "isVisible": false}, "1267319843": {"name": "yashu chamber", "type": "author", "activity": 2, "h_index": 4, "h5_index": 0, "mag_id": "1267319843", "num_publications": 2, "num_citations": 15, "num_publications_5y": 0, "num_citations_5y": 10, "num_publications_10y": 2, "num_citations_10y": 14, "publications_years": {"2012": 1, "2011": 1}, "citations_years": {"2015": 1, "2016": 4, "2017": 4, "2012": 2, "2013": 2, "2014": 1, "2018": 0, "2019": 1}, "old_citations": {"2012": 6, "2011": 9}, "isVisible": false}, "1774763090": {"name": "fredrick h m semazzi", "type": "author", "activity": 10, "h_index": 5, "h5_index": 1, "mag_id": "1774763090", "num_publications": 2, "num_citations": 18, "num_publications_5y": 0, "num_citations_5y": 7, "num_publications_10y": 2, "num_citations_10y": 18, "publications_years": {"2010": 1, "2011": 1}, "citations_years": {"2011": 3, "2012": 4, "2013": 4, "2014": 4, "2015": 0, "2016": 1, "2017": 0, "2018": 2}, "old_citations": {"2010": 6, "2011": 12}, "isVisible": false}, "2037585042": {"name": "arindam banerjee", "type": "author", "activity": 20, "h_index": 33, "h5_index": 6, "mag_id": "2037585042", "num_publications": 2, "num_citations": 4, "num_publications_5y": 0, "num_citations_5y": 1, "num_publications_10y": 2, "num_citations_10y": 3, "publications_years": {"2010": 2}, "citations_years": {"2011": 1, "2012": 1, "2013": 0, "2014": 0, "2015": 1, "2016": 0, "2017": 0, "2018": 0, "2019": 1}, "old_citations": {"2010": 4}, "isVisible": false}, "2039322169": {"name": "ming xue", "type": "author", "activity": 25, "h_index": 7, "h5_index": 1, "mag_id": "2039322169", "num_publications": 2, "num_citations": 8, "num_publications_5y": 0, "num_citations_5y": 5, "num_publications_10y": 2, "num_citations_10y": 8, "publications_years": {"2012": 2}, "citations_years": {"2012": 1, "2013": 2, "2014": 1, "2015": 0, "2016": 2, "2017": 2}, "old_citations": {"2012": 8}, "isVisible": false}, "2047114418": {"name": "nikunj c oza", "type": "author", "activity": 17, "h_index": 11, "h5_index": 5, "mag_id": "2047114418", "num_publications": 2, "num_citations": 6, "num_publications_5y": 0, "num_citations_5y": 3, "num_publications_10y": 2, "num_citations_10y": 6, "publications_years": {"2011": 1, "2010": 1}, "citations_years": {"2010": 1, "2011": 0, "2012": 0, "2013": 2, "2014": 1, "2015": 0, "2016": 1, "2017": 0, "2018": 1}, "old_citations": {"2011": 0, "2010": 6}, "isVisible": false}, "2101454519": {"name": "hanhuai shan", "type": "author", "activity": 12, "h_index": 10, "h5_index": 1, "mag_id": "2101454519", "num_publications": 2, "num_citations": 4, "num_publications_5y": 0, "num_citations_5y": 1, "num_publications_10y": 2, "num_citations_10y": 3, "publications_years": {"2010": 2}, "citations_years": {"2011": 1, "2012": 1, "2013": 0, "2014": 0, "2015": 1, "2016": 0, "2017": 0, "2018": 0, "2019": 1}, "old_citations": {"2010": 4}, "isVisible": false}, "2110730349": {"name": "amy mcgovern", "type": "author", "activity": 23, "h_index": 11, "h5_index": 1, "mag_id": "2110730349", "num_publications": 2, "num_citations": 8, "num_publications_5y": 0, "num_citations_5y": 5, "num_publications_10y": 2, "num_citations_10y": 8, "publications_years": {"2012": 2}, "citations_years": {"2012": 1, "2013": 2, "2014": 1, "2015": 0, "2016": 2, "2017": 2}, "old_citations": {"2012": 8}, "isVisible": false}, "2117505392": {"name": "arjun kumar", "type": "author", "activity": 3, "h_index": 3, "h5_index": 0, "mag_id": "2117505392", "num_publications": 2, "num_citations": 20, "num_publications_5y": 0, "num_citations_5y": 11, "num_publications_10y": 2, "num_citations_10y": 20, "publications_years": {"2011": 2}, "citations_years": {"2012": 4, "2013": 5, "2014": 3, "2015": 3, "2016": 1, "2017": 1, "2018": 3}, "old_citations": {"2011": 20}, "isVisible": false}, "2120584771": {"name": "vikrant krishna", "type": "author", "activity": 1, "h_index": 3, "h5_index": 0, "mag_id": "2120584771", "num_publications": 2, "num_citations": 14, "num_publications_5y": 0, "num_citations_5y": 5, "num_publications_10y": 2, "num_citations_10y": 11, "publications_years": {"2011": 2}, "citations_years": {"2012": 3, "2013": 3, "2014": 1, "2015": 0, "2016": 1, "2017": 3, "2018": 0, "2019": 3}, "old_citations": {"2011": 14}, "isVisible": false}, "2120798164": {"name": "peter k snyder", "type": "author", "activity": 3, "h_index": 4, "h5_index": 0, "mag_id": "2120798164", "num_publications": 2, "num_citations": 12, "num_publications_5y": 0, "num_citations_5y": 6, "num_publications_10y": 2, "num_citations_10y": 12, "publications_years": {"2011": 2}, "citations_years": {"2012": 4, "2013": 2, "2014": 3, "2015": 0, "2016": 1, "2017": 0, "2018": 2}, "old_citations": {"2011": 12}, "isVisible": false}, "2121939561": {"name": "jiawei han", "type": "author", "activity": 31, "h_index": 141, "h5_index": 22, "mag_id": "2121939561", "num_publications": 2, "num_citations": 13, "num_publications_5y": 0, "num_citations_5y": 7, "num_publications_10y": 2, "num_citations_10y": 12, "publications_years": {"2011": 1, "2010": 1}, "citations_years": {"2012": 3, "2013": 2, "2014": 3, "2015": 1, "2016": 2, "2017": 1, "2018": 0, "2019": 1}, "old_citations": {"2011": 12, "2010": 1}, "isVisible": false}, "2132622587": {"name": "mohammad salim ahmed", "type": "author", "activity": 6, "h_index": 6, "h5_index": 0, "mag_id": "2132622587", "num_publications": 2, "num_citations": 6, "num_publications_5y": 0, "num_citations_5y": 3, "num_publications_10y": 2, "num_citations_10y": 6, "publications_years": {"2011": 1, "2010": 1}, "citations_years": {"2010": 1, "2011": 0, "2012": 0, "2013": 2, "2014": 1, "2015": 0, "2016": 1, "2017": 0, "2018": 1}, "old_citations": {"2011": 0, "2010": 6}, "isVisible": false}, "2152766206": {"name": "chengxiang zhai", "type": "author", "activity": 31, "h_index": 69, "h5_index": 10, "mag_id": "2152766206", "num_publications": 2, "num_citations": 13, "num_publications_5y": 0, "num_citations_5y": 7, "num_publications_10y": 2, "num_citations_10y": 12, "publications_years": {"2011": 1, "2010": 1}, "citations_years": {"2012": 3, "2013": 2, "2014": 3, "2015": 1, "2016": 2, "2017": 1, "2018": 0, "2019": 1}, "old_citations": {"2011": 12, "2010": 1}, "isVisible": false}, "2155983610": {"name": "latifur khan", "type": "author", "activity": 24, "h_index": 39, "h5_index": 11, "mag_id": "2155983610", "num_publications": 2, "num_citations": 6, "num_publications_5y": 0, "num_citations_5y": 3, "num_publications_10y": 2, "num_citations_10y": 6, "publications_years": {"2011": 1, "2010": 1}, "citations_years": {"2010": 1, "2011": 0, "2012": 0, "2013": 2, "2014": 1, "2015": 0, "2016": 1, "2017": 0, "2018": 1}, "old_citations": {"2011": 0, "2010": 6}, "isVisible": false}, "2213900399": {"name": "dimitrios giannakis", "type": "author", "activity": 10, "h_index": 3, "h5_index": 2, "mag_id": "2213900399", "num_publications": 2, "num_citations": 28, "num_publications_5y": 0, "num_citations_5y": 23, "num_publications_10y": 2, "num_citations_10y": 26, "publications_years": {"2011": 1, "2012": 1}, "citations_years": {"2012": 1, "2013": 2, "2014": 4, "2015": 3, "2016": 8, "2017": 4, "2018": 4, "2019": 2}, "old_citations": {"2011": 18, "2012": 10}, "isVisible": false}, "2288906155": {"name": "amrudin agovic", "type": "author", "activity": 13, "h_index": 4, "h5_index": 1, "mag_id": "2288906155", "num_publications": 2, "num_citations": 4, "num_publications_5y": 0, "num_citations_5y": 1, "num_publications_10y": 2, "num_citations_10y": 3, "publications_years": {"2010": 2}, "citations_years": {"2011": 1, "2012": 1, "2013": 0, "2014": 0, "2015": 1, "2016": 0, "2017": 0, "2018": 0, "2019": 1}, "old_citations": {"2010": 4}, "isVisible": false}, "2298925759": {"name": "xi c chen", "type": "author", "activity": 10, "h_index": 4, "h5_index": 1, "mag_id": "2298925759", "num_publications": 2, "num_citations": 11, "num_publications_5y": 0, "num_citations_5y": 8, "num_publications_10y": 2, "num_citations_10y": 10, "publications_years": {"2012": 1, "2011": 1}, "citations_years": {"2015": 1, "2016": 4, "2017": 2, "2011": 1, "2012": 1, "2013": 0, "2014": 1, "2018": 0, "2019": 1}, "old_citations": {"2012": 6, "2011": 5}, "isVisible": false}, "2336054480": {"name": "andrew j majda", "type": "author", "activity": 30, "h_index": 13, "h5_index": 1, "mag_id": "2336054480", "num_publications": 2, "num_citations": 28, "num_publications_5y": 0, "num_citations_5y": 23, "num_publications_10y": 2, "num_citations_10y": 26, "publications_years": {"2011": 1, "2012": 1}, "citations_years": {"2012": 1, "2013": 2, "2014": 4, "2015": 3, "2016": 8, "2017": 4, "2018": 4, "2019": 2}, "old_citations": {"2011": 18, "2012": 10}, "isVisible": false}, "61681193": {"name": "isaac persing", "type": "author", "activity": 9, "h_index": 7, "h5_index": 3, "mag_id": "61681193", "num_publications": 1, "num_citations": 1, "num_publications_5y": 0, "num_citations_5y": 1, "num_publications_10y": 1, "num_citations_10y": 1, "publications_years": {"2010": 1}, "citations_years": {"2015": 1}, "old_citations": {"2010": 1}, "isVisible": false}, "211043399": {"name": "deniz gencaga", "type": "author", "activity": 15, "h_index": 3, "h5_index": 3, "mag_id": "211043399", "num_publications": 1, "num_citations": 2, "num_publications_5y": 0, "num_citations_5y": 0, "num_publications_10y": 1, "num_citations_10y": 0, "publications_years": {"2012": 1}, "citations_years": {"2019": 2}, "old_citations": {"2012": 2}, "isVisible": false}, "215839793": {"name": "durga toshniwal", "type": "author", "activity": 15, "h_index": 13, "h5_index": 5, "mag_id": "215839793", "num_publications": 1, "num_citations": 5, "num_publications_5y": 0, "num_citations_5y": 1, "num_publications_10y": 1, "num_citations_10y": 3, "publications_years": {"2011": 1}, "citations_years": {"2012": 1, "2013": 1, "2014": 0, "2015": 0, "2016": 0, "2017": 1, "2018": 0, "2019": 2}, "old_citations": {"2011": 5}, "isVisible": false}, "253219000": {"name": "juan carlos castillarubio", "type": "author", "activity": 3, "h_index": 3, "h5_index": 0, "mag_id": "253219000", "num_publications": 1, "num_citations": 6, "num_publications_5y": 0, "num_citations_5y": 6, "num_publications_10y": 1, "num_citations_10y": 6, "publications_years": {"2012": 1}, "citations_years": {"2015": 1, "2016": 3, "2017": 2}, "old_citations": {"2012": 6}, "isVisible": false}, "297800342": {"name": "dimitry gorinevsky", "type": "author", "activity": 27, "h_index": 17, "h5_index": 2, "mag_id": "297800342", "num_publications": 1, "num_citations": 21, "num_publications_5y": 0, "num_citations_5y": 17, "num_publications_10y": 1, "num_citations_10y": 17, "publications_years": {"2012": 1}, "citations_years": {"2014": 4, "2015": 4, "2016": 5, "2017": 4, "2018": 0, "2019": 4}, "old_citations": {"2012": 21}, "isVisible": false}, "1249453238": {"name": "yan glina", "type": "author", "activity": 15, "h_index": 2, "h5_index": 0, "mag_id": "1249453238", "num_publications": 1, "num_citations": 3, "num_publications_5y": 0, "num_citations_5y": 1, "num_publications_10y": 1, "num_citations_10y": 1, "publications_years": {"2012": 1}, "citations_years": {"2016": 1, "2017": 0, "2018": 0, "2019": 2}, "old_citations": {"2012": 3}, "isVisible": false}, "1258933876": {"name": "eric feron", "type": "author", "activity": 29, "h_index": 21, "h5_index": 5, "mag_id": "1258933876", "num_publications": 1, "num_citations": 8, "num_publications_5y": 0, "num_citations_5y": 7, "num_publications_10y": 1, "num_citations_10y": 8, "publications_years": {"2012": 1}, "citations_years": {"2013": 1, "2014": 1, "2015": 1, "2016": 2, "2017": 3}, "old_citations": {"2012": 8}, "isVisible": false}, "1770354363": {"name": "christophe hurter", "type": "author", "activity": 14, "h_index": 20, "h5_index": 10, "mag_id": "1770354363", "num_publications": 1, "num_citations": 8, "num_publications_5y": 0, "num_citations_5y": 7, "num_publications_10y": 1, "num_citations_10y": 8, "publications_years": {"2012": 1}, "citations_years": {"2013": 1, "2014": 1, "2015": 1, "2016": 2, "2017": 3}, "old_citations": {"2012": 8}, "isVisible": false}, "1958397744": {"name": "mandava rajeswari", "type": "author", "activity": 21, "h_index": 10, "h5_index": 0, "mag_id": "1958397744", "num_publications": 1, "num_citations": 6, "num_publications_5y": 0, "num_citations_5y": 3, "num_publications_10y": 1, "num_citations_10y": 6, "publications_years": {"2010": 1}, "citations_years": {"2010": 1, "2011": 0, "2012": 0, "2013": 2, "2014": 1, "2015": 0, "2016": 1, "2017": 0, "2018": 1}, "old_citations": {"2010": 6}, "isVisible": false}, "1979796846": {"name": "nitesh v chawla", "type": "author", "activity": 23, "h_index": 41, "h5_index": 11, "mag_id": "1979796846", "num_publications": 1, "num_citations": 10, "num_publications_5y": 0, "num_citations_5y": 7, "num_publications_10y": 1, "num_citations_10y": 9, "publications_years": {"2012": 1}, "citations_years": {"2013": 2, "2014": 2, "2015": 2, "2016": 0, "2017": 2, "2018": 1, "2019": 1}, "old_citations": {"2012": 10}, "isVisible": false}, "1984246357": {"name": "nagiza f samatova", "type": "author", "activity": 18, "h_index": 25, "h5_index": 6, "mag_id": "1984246357", "num_publications": 1, "num_citations": 12, "num_publications_5y": 0, "num_citations_5y": 6, "num_publications_10y": 1, "num_citations_10y": 12, "publications_years": {"2011": 1}, "citations_years": {"2012": 4, "2013": 2, "2014": 3, "2015": 0, "2016": 1, "2017": 0, "2018": 2}, "old_citations": {"2011": 12}, "isVisible": false}, "1993901997": {"name": "upmanu lall", "type": "author", "activity": 15, "h_index": 4, "h5_index": 2, "mag_id": "1993901997", "num_publications": 1, "num_citations": 6, "num_publications_5y": 0, "num_citations_5y": 4, "num_publications_10y": 1, "num_citations_10y": 5, "publications_years": {"2012": 1}, "citations_years": {"2013": 1, "2014": 2, "2015": 1, "2016": 0, "2017": 1, "2018": 0, "2019": 0, "2020": 1}, "old_citations": {"2012": 6}, "isVisible": false}, "1994574529": {"name": "zubin abraham", "type": "author", "activity": 11, "h_index": 5, "h5_index": 2, "mag_id": "1994574529", "num_publications": 1, "num_citations": 2, "num_publications_5y": 0, "num_citations_5y": 1, "num_publications_10y": 1, "num_citations_10y": 1, "publications_years": {"2011": 1}, "citations_years": {"2017": 1, "2018": 0, "2019": 1}, "old_citations": {"2011": 2}, "isVisible": false}, "1995346754": {"name": "luke styles", "type": "author", "activity": 2, "h_index": 3, "h5_index": 0, "mag_id": "1995346754", "num_publications": 1, "num_citations": 16, "num_publications_5y": 0, "num_citations_5y": 12, "num_publications_10y": 1, "num_citations_10y": 15, "publications_years": {"2012": 1}, "citations_years": {"2013": 3, "2014": 4, "2015": 4, "2016": 1, "2017": 2, "2018": 1, "2019": 0, "2020": 1}, "old_citations": {"2012": 16}, "isVisible": false}, "1999787624": {"name": "nadya t bliss", "type": "author", "activity": 11, "h_index": 9, "h5_index": 0, "mag_id": "1999787624", "num_publications": 1, "num_citations": 3, "num_publications_5y": 0, "num_citations_5y": 1, "num_publications_10y": 1, "num_citations_10y": 1, "publications_years": {"2012": 1}, "citations_years": {"2016": 1, "2017": 0, "2018": 0, "2019": 2}, "old_citations": {"2012": 3}, "isVisible": false}, "2013503462": {"name": "anthony damato", "type": "author", "activity": 17, "h_index": 9, "h5_index": 0, "mag_id": "2013503462", "num_publications": 1, "num_citations": 4, "num_publications_5y": 0, "num_citations_5y": 0, "num_publications_10y": 1, "num_citations_10y": 4, "publications_years": {"2010": 1}, "citations_years": {"2010": 1, "2011": 1, "2012": 1, "2013": 1}, "old_citations": {"2010": 4}, "isVisible": false}, "2020153005": {"name": "andrew j connolly", "type": "author", "activity": 13, "h_index": 7, "h5_index": 1, "mag_id": "2020153005", "num_publications": 1, "num_citations": 85, "num_publications_5y": 0, "num_citations_5y": 60, "num_publications_10y": 1, "num_citations_10y": 63, "publications_years": {"2012": 1}, "citations_years": {"2013": 3, "2014": 6, "2015": 5, "2016": 21, "2017": 15, "2018": 13, "2019": 20, "2020": 2}, "old_citations": {"2012": 85}, "isVisible": false}, "2021679151": {"name": "a mahabal", "type": "author", "activity": 21, "h_index": 7, "h5_index": 1, "mag_id": "2021679151", "num_publications": 1, "num_citations": 3, "num_publications_5y": 0, "num_citations_5y": 3, "num_publications_10y": 1, "num_citations_10y": 3, "publications_years": {"2012": 1}, "citations_years": {"2014": 1, "2015": 0, "2016": 1, "2017": 1}, "old_citations": {"2012": 3}, "isVisible": false}, "2024543123": {"name": "david john gagne", "type": "author", "activity": 12, "h_index": 5, "h5_index": 0, "mag_id": "2024543123", "num_publications": 1, "num_citations": 5, "num_publications_5y": 0, "num_citations_5y": 3, "num_publications_10y": 1, "num_citations_10y": 5, "publications_years": {"2012": 1}, "citations_years": {"2012": 1, "2013": 1, "2014": 1, "2015": 0, "2016": 0, "2017": 2}, "old_citations": {"2012": 5}, "isVisible": false}, "2045589546": {"name": "caspar ammann", "type": "author", "activity": 14, "h_index": 2, "h5_index": 0, "mag_id": "2045589546", "num_publications": 1, "num_citations": 0, "num_publications_5y": 0, "num_citations_5y": 0, "num_publications_10y": 1, "num_citations_10y": 0, "publications_years": {"2012": 1}, "citations_years": {}, "old_citations": {"2012": 0}, "isVisible": false}, "2063814348": {"name": "john rajadas", "type": "author", "activity": 14, "h_index": 3, "h5_index": 0, "mag_id": "2063814348", "num_publications": 1, "num_citations": 0, "num_publications_5y": 0, "num_citations_5y": 0, "num_publications_10y": 1, "num_citations_10y": 0, "publications_years": {"2010": 1}, "citations_years": {}, "old_citations": {"2010": 0}, "isVisible": false}, "2074081582": {"name": "d j lary", "type": "author", "activity": 13, "h_index": 3, "h5_index": 3, "mag_id": "2074081582", "num_publications": 1, "num_citations": 2, "num_publications_5y": 0, "num_citations_5y": 0, "num_publications_10y": 1, "num_citations_10y": 0, "publications_years": {"2012": 1}, "citations_years": {"2019": 2}, "old_citations": {"2012": 2}, "isVisible": false}, "2085434861": {"name": "aude marzuoli", "type": "author", "activity": 9, "h_index": 3, "h5_index": 2, "mag_id": "2085434861", "num_publications": 1, "num_citations": 8, "num_publications_5y": 0, "num_citations_5y": 7, "num_publications_10y": 1, "num_citations_10y": 8, "publications_years": {"2012": 1}, "citations_years": {"2013": 1, "2014": 1, "2015": 1, "2016": 2, "2017": 3}, "old_citations": {"2012": 8}, "isVisible": false}, "2097045717": {"name": "travis m smith", "type": "author", "activity": 16, "h_index": 2, "h5_index": 0, "mag_id": "2097045717", "num_publications": 1, "num_citations": 0, "num_publications_5y": 0, "num_citations_5y": 0, "num_publications_10y": 1, "num_citations_10y": 0, "publications_years": {"2012": 1}, "citations_years": {}, "old_citations": {"2012": 0}, "isVisible": false}, "2099400709": {"name": "subhasish mohanty", "type": "author", "activity": 2, "h_index": 0, "h5_index": 0, "mag_id": "2099400709", "num_publications": 1, "num_citations": 0, "num_publications_5y": 0, "num_citations_5y": 0, "num_publications_10y": 1, "num_citations_10y": 0, "publications_years": {"2010": 1}, "citations_years": {}, "old_citations": {"2010": 0}, "isVisible": false}, "2100860776": {"name": "duo zhang", "type": "author", "activity": 8, "h_index": 13, "h5_index": 0, "mag_id": "2100860776", "num_publications": 1, "num_citations": 12, "num_publications_5y": 0, "num_citations_5y": 6, "num_publications_10y": 1, "num_citations_10y": 11, "publications_years": {"2011": 1}, "citations_years": {"2012": 3, "2013": 2, "2014": 2, "2015": 1, "2016": 2, "2017": 1, "2018": 0, "2019": 1}, "old_citations": {"2011": 12}, "isVisible": false}, "2106429473": {"name": "arif albayrak", "type": "author", "activity": 8, "h_index": 1, "h5_index": 0, "mag_id": "2106429473", "num_publications": 1, "num_citations": 2, "num_publications_5y": 0, "num_citations_5y": 0, "num_publications_10y": 1, "num_citations_10y": 0, "publications_years": {"2012": 1}, "citations_years": {"2019": 2}, "old_citations": {"2012": 2}, "isVisible": false}, "2112810595": {"name": "alexander g gray", "type": "author", "activity": 20, "h_index": 17, "h5_index": 1, "mag_id": "2112810595", "num_publications": 1, "num_citations": 85, "num_publications_5y": 0, "num_citations_5y": 60, "num_publications_10y": 1, "num_citations_10y": 63, "publications_years": {"2012": 1}, "citations_years": {"2013": 3, "2014": 6, "2015": 5, "2016": 21, "2017": 15, "2018": 13, "2019": 20, "2020": 2}, "old_citations": {"2012": 85}, "isVisible": false}, "2113230973": {"name": "pangning tan", "type": "author", "activity": 22, "h_index": 32, "h5_index": 6, "mag_id": "2113230973", "num_publications": 1, "num_citations": 2, "num_publications_5y": 0, "num_citations_5y": 1, "num_publications_10y": 1, "num_citations_10y": 1, "publications_years": {"2011": 1}, "citations_years": {"2017": 1, "2018": 0, "2019": 1}, "old_citations": {"2011": 2}, "isVisible": false}, "2113817728": {"name": "scott hellman", "type": "author", "activity": 1, "h_index": 1, "h5_index": 0, "mag_id": "2113817728", "num_publications": 1, "num_citations": 3, "num_publications_5y": 0, "num_citations_5y": 2, "num_publications_10y": 1, "num_citations_10y": 3, "publications_years": {"2012": 1}, "citations_years": {"2013": 1, "2014": 0, "2015": 0, "2016": 2}, "old_citations": {"2012": 3}, "isVisible": false}, "2127251370": {"name": "reid a johnson", "type": "author", "activity": 6, "h_index": 8, "h5_index": 2, "mag_id": "2127251370", "num_publications": 1, "num_citations": 10, "num_publications_5y": 0, "num_citations_5y": 7, "num_publications_10y": 1, "num_citations_10y": 9, "publications_years": {"2012": 1}, "citations_years": {"2013": 2, "2014": 2, "2015": 2, "2016": 0, "2017": 2, "2018": 1, "2019": 1}, "old_citations": {"2012": 10}, "isVisible": false}, "2128552308": {"name": "alec g moore", "type": "author", "activity": 8, "h_index": 2, "h5_index": 1, "mag_id": "2128552308", "num_publications": 1, "num_citations": 2, "num_publications_5y": 0, "num_citations_5y": 0, "num_publications_10y": 1, "num_citations_10y": 0, "publications_years": {"2012": 1}, "citations_years": {"2019": 2}, "old_citations": {"2012": 2}, "isVisible": false}, "2128563325": {"name": "lawrence buja", "type": "author", "activity": 1, "h_index": 0, "h5_index": 0, "mag_id": "2128563325", "num_publications": 1, "num_citations": 0, "num_publications_5y": 0, "num_citations_5y": 0, "num_publications_10y": 1, "num_citations_10y": 0, "publications_years": {"2012": 1}, "citations_years": {}, "old_citations": {"2012": 0}, "isVisible": false}, "2128977625": {"name": "rodney martin", "type": "author", "activity": 18, "h_index": 4, "h5_index": 1, "mag_id": "2128977625", "num_publications": 1, "num_citations": 21, "num_publications_5y": 0, "num_citations_5y": 17, "num_publications_10y": 1, "num_citations_10y": 17, "publications_years": {"2012": 1}, "citations_years": {"2014": 4, "2015": 4, "2016": 5, "2017": 4, "2018": 0, "2019": 4}, "old_citations": {"2012": 21}, "isVisible": false}, "2129031744": {"name": "valliappa lakshmanan", "type": "author", "activity": 16, "h_index": 4, "h5_index": 0, "mag_id": "2129031744", "num_publications": 1, "num_citations": 0, "num_publications_5y": 0, "num_citations_5y": 0, "num_publications_10y": 1, "num_citations_10y": 0, "publications_years": {"2012": 1}, "citations_years": {}, "old_citations": {"2012": 0}, "isVisible": false}, "2130957644": {"name": "cindy xide lin", "type": "author", "activity": 6, "h_index": 12, "h5_index": 0, "mag_id": "2130957644", "num_publications": 1, "num_citations": 1, "num_publications_5y": 0, "num_citations_5y": 1, "num_publications_10y": 1, "num_citations_10y": 1, "publications_years": {"2010": 1}, "citations_years": {"2014": 1}, "old_citations": {"2010": 1}, "isVisible": false}, "2135104801": {"name": "dennis s bernstein", "type": "author", "activity": 31, "h_index": 25, "h5_index": 4, "mag_id": "2135104801", "num_publications": 1, "num_citations": 4, "num_publications_5y": 0, "num_citations_5y": 0, "num_publications_10y": 1, "num_citations_10y": 4, "publications_years": {"2010": 1}, "citations_years": {"2010": 1, "2011": 1, "2012": 1, "2013": 1}, "old_citations": {"2010": 4}, "isVisible": false}, "2135231722": {"name": "wenwen tung", "type": "author", "activity": 15, "h_index": 5, "h5_index": 0, "mag_id": "2135231722", "num_publications": 1, "num_citations": 10, "num_publications_5y": 0, "num_citations_5y": 9, "num_publications_10y": 1, "num_citations_10y": 10, "publications_years": {"2012": 1}, "citations_years": {"2013": 1, "2014": 2, "2015": 2, "2016": 2, "2017": 2, "2018": 1}, "old_citations": {"2012": 10}, "isVisible": false}, "2135370274": {"name": "lydia manikonda", "type": "author", "activity": 9, "h_index": 8, "h5_index": 4, "mag_id": "2135370274", "num_publications": 1, "num_citations": 5, "num_publications_5y": 0, "num_citations_5y": 1, "num_publications_10y": 1, "num_citations_10y": 3, "publications_years": {"2011": 1}, "citations_years": {"2012": 1, "2013": 1, "2014": 0, "2015": 0, "2016": 0, "2017": 1, "2018": 0, "2019": 2}, "old_citations": {"2011": 5}, "isVisible": false}, "2138187891": {"name": "michel d s mesquita", "type": "author", "activity": 8, "h_index": 1, "h5_index": 0, "mag_id": "2138187891", "num_publications": 1, "num_citations": 16, "num_publications_5y": 0, "num_citations_5y": 12, "num_publications_10y": 1, "num_citations_10y": 15, "publications_years": {"2012": 1}, "citations_years": {"2013": 3, "2014": 4, "2015": 4, "2016": 1, "2017": 2, "2018": 1, "2019": 0, "2020": 1}, "old_citations": {"2012": 16}, "isVisible": false}, "2139723519": {"name": "jessica j hellmann", "type": "author", "activity": 4, "h_index": 2, "h5_index": 0, "mag_id": "2139723519", "num_publications": 1, "num_citations": 10, "num_publications_5y": 0, "num_citations_5y": 7, "num_publications_10y": 1, "num_citations_10y": 9, "publications_years": {"2012": 1}, "citations_years": {"2013": 2, "2014": 2, "2015": 2, "2016": 0, "2017": 2, "2018": 1, "2019": 1}, "old_citations": {"2012": 10}, "isVisible": false}, "2144090733": {"name": "aditi chattopadhyay", "type": "author", "activity": 28, "h_index": 7, "h5_index": 1, "mag_id": "2144090733", "num_publications": 1, "num_citations": 0, "num_publications_5y": 0, "num_citations_5y": 0, "num_publications_10y": 1, "num_citations_10y": 0, "publications_years": {"2010": 1}, "citations_years": {}, "old_citations": {"2010": 0}, "isVisible": false}, "2146168445": {"name": "ben miller", "type": "author", "activity": 14, "h_index": 4, "h5_index": 0, "mag_id": "2146168445", "num_publications": 1, "num_citations": 3, "num_publications_5y": 0, "num_citations_5y": 1, "num_publications_10y": 1, "num_citations_10y": 1, "publications_years": {"2012": 1}, "citations_years": {"2016": 1, "2017": 0, "2018": 0, "2019": 2}, "old_citations": {"2012": 3}, "isVisible": false}, "2148168557": {"name": "joydeep ghosh", "type": "author", "activity": 31, "h_index": 43, "h5_index": 6, "mag_id": "2148168557", "num_publications": 1, "num_citations": 0, "num_publications_5y": 0, "num_citations_5y": 0, "num_publications_10y": 1, "num_citations_10y": 0, "publications_years": {"2010": 1}, "citations_years": {}, "old_citations": {"2010": 0}, "isVisible": false}, "2149808489": {"name": "bryan matthews", "type": "author", "activity": 13, "h_index": 8, "h5_index": 4, "mag_id": "2149808489", "num_publications": 1, "num_citations": 21, "num_publications_5y": 0, "num_citations_5y": 17, "num_publications_10y": 1, "num_citations_10y": 17, "publications_years": {"2012": 1}, "citations_years": {"2014": 4, "2015": 4, "2016": 5, "2017": 4, "2018": 0, "2019": 4}, "old_citations": {"2012": 21}, "isVisible": false}, "2150385407": {"name": "vineet mehta", "type": "author", "activity": 22, "h_index": 4, "h5_index": 0, "mag_id": "2150385407", "num_publications": 1, "num_citations": 3, "num_publications_5y": 0, "num_citations_5y": 1, "num_publications_10y": 1, "num_citations_10y": 1, "publications_years": {"2012": 1}, "citations_years": {"2016": 1, "2017": 0, "2018": 0, "2019": 2}, "old_citations": {"2012": 3}, "isVisible": false}, "2151973200": {"name": "sruthi vangala", "type": "author", "activity": 1, "h_index": 2, "h5_index": 0, "mag_id": "2151973200", "num_publications": 1, "num_citations": 5, "num_publications_5y": 0, "num_citations_5y": 2, "num_publications_10y": 1, "num_citations_10y": 4, "publications_years": {"2011": 1}, "citations_years": {"2011": 1, "2012": 1, "2013": 0, "2014": 1, "2015": 0, "2016": 1, "2017": 0, "2018": 0, "2019": 1}, "old_citations": {"2011": 5}, "isVisible": false}, "2152143851": {"name": "mozhdeh shahbazi", "type": "author", "activity": 9, "h_index": 2, "h5_index": 1, "mag_id": "2152143851", "num_publications": 1, "num_citations": 1, "num_publications_5y": 0, "num_citations_5y": 0, "num_publications_10y": 1, "num_citations_10y": 1, "publications_years": {"2012": 1}, "citations_years": {"2013": 1}, "old_citations": {"2012": 1}, "isVisible": false}, "2155245687": {"name": "jennifer wei", "type": "author", "activity": 8, "h_index": 1, "h5_index": 0, "mag_id": "2155245687", "num_publications": 1, "num_citations": 2, "num_publications_5y": 0, "num_citations_5y": 0, "num_publications_10y": 1, "num_citations_10y": 0, "publications_years": {"2012": 1}, "citations_years": {"2019": 2}, "old_citations": {"2012": 2}, "isVisible": false}, "2157308585": {"name": "a j ridley", "type": "author", "activity": 18, "h_index": 9, "h5_index": 2, "mag_id": "2157308585", "num_publications": 1, "num_citations": 4, "num_publications_5y": 0, "num_citations_5y": 0, "num_publications_10y": 1, "num_citations_10y": 4, "publications_years": {"2010": 1}, "citations_years": {"2010": 1, "2011": 1, "2012": 1, "2013": 1}, "old_citations": {"2010": 4}, "isVisible": false}, "2160390465": {"name": "bryan roscoe", "type": "author", "activity": 1, "h_index": 1, "h5_index": 0, "mag_id": "2160390465", "num_publications": 1, "num_citations": 2, "num_publications_5y": 0, "num_citations_5y": 0, "num_publications_10y": 1, "num_citations_10y": 0, "publications_years": {"2012": 1}, "citations_years": {"2019": 2}, "old_citations": {"2012": 2}, "isVisible": false}, "2165254938": {"name": "vincent ng", "type": "author", "activity": 20, "h_index": 30, "h5_index": 7, "mag_id": "2165254938", "num_publications": 1, "num_citations": 1, "num_publications_5y": 0, "num_citations_5y": 1, "num_publications_10y": 1, "num_citations_10y": 1, "publications_years": {"2010": 1}, "citations_years": {"2015": 1}, "old_citations": {"2010": 1}, "isVisible": false}, "2165873391": {"name": "clyde k coelho", "type": "author", "activity": 2, "h_index": 1, "h5_index": 0, "mag_id": "2165873391", "num_publications": 1, "num_citations": 0, "num_publications_5y": 0, "num_citations_5y": 0, "num_publications_10y": 1, "num_citations_10y": 0, "publications_years": {"2010": 1}, "citations_years": {}, "old_citations": {"2010": 0}, "isVisible": false}, "2167180637": {"name": "yintao yu", "type": "author", "activity": 3, "h_index": 9, "h5_index": 0, "mag_id": "2167180637", "num_publications": 1, "num_citations": 1, "num_publications_5y": 0, "num_citations_5y": 1, "num_publications_10y": 1, "num_citations_10y": 1, "publications_years": {"2010": 1}, "citations_years": {"2014": 1}, "old_citations": {"2010": 1}, "isVisible": false}, "2212461896": {"name": "j d stanley", "type": "author", "activity": 2, "h_index": 2, "h5_index": 0, "mag_id": "2212461896", "num_publications": 1, "num_citations": 6, "num_publications_5y": 0, "num_citations_5y": 6, "num_publications_10y": 1, "num_citations_10y": 6, "publications_years": {"2012": 1}, "citations_years": {"2015": 1, "2016": 3, "2017": 2}, "old_citations": {"2012": 6}, "isVisible": false}, "2223649522": {"name": "feanil patel", "type": "author", "activity": 1, "h_index": 1, "h5_index": 0, "mag_id": "2223649522", "num_publications": 1, "num_citations": 3, "num_publications_5y": 0, "num_citations_5y": 1, "num_publications_10y": 1, "num_citations_10y": 1, "publications_years": {"2012": 1}, "citations_years": {"2016": 1, "2017": 0, "2018": 0, "2019": 2}, "old_citations": {"2012": 3}, "isVisible": false}, "2224543524": {"name": "rashmi dobariyal", "type": "author", "activity": 1, "h_index": 1, "h5_index": 0, "mag_id": "2224543524", "num_publications": 1, "num_citations": 3, "num_publications_5y": 0, "num_citations_5y": 3, "num_publications_10y": 1, "num_citations_10y": 3, "publications_years": {"2012": 1}, "citations_years": {"2014": 1, "2015": 0, "2016": 1, "2017": 1}, "old_citations": {"2012": 3}, "isVisible": false}, "2286959756": {"name": "fan xin", "type": "author", "activity": 2, "h_index": 1, "h5_index": 0, "mag_id": "2286959756", "num_publications": 1, "num_citations": 2, "num_publications_5y": 0, "num_citations_5y": 1, "num_publications_10y": 1, "num_citations_10y": 1, "publications_years": {"2011": 1}, "citations_years": {"2017": 1, "2018": 0, "2019": 1}, "old_citations": {"2011": 2}, "isVisible": false}, "2293060477": {"name": "goo jun", "type": "author", "activity": 5, "h_index": 7, "h5_index": 0, "mag_id": "2293060477", "num_publications": 1, "num_citations": 0, "num_publications_5y": 0, "num_citations_5y": 0, "num_publications_10y": 1, "num_citations_10y": 0, "publications_years": {"2010": 1}, "citations_years": {}, "old_citations": {"2010": 0}, "isVisible": false}, "2303146963": {"name": "teji abraham", "type": "author", "activity": 2, "h_index": 2, "h5_index": 0, "mag_id": "2303146963", "num_publications": 1, "num_citations": 6, "num_publications_5y": 0, "num_citations_5y": 6, "num_publications_10y": 1, "num_citations_10y": 6, "publications_years": {"2012": 1}, "citations_years": {"2015": 1, "2016": 3, "2017": 2}, "old_citations": {"2012": 6}, "isVisible": false}, "2307329545": {"name": "nabin k malakar", "type": "author", "activity": 10, "h_index": 3, "h5_index": 1, "mag_id": "2307329545", "num_publications": 1, "num_citations": 2, "num_publications_5y": 0, "num_citations_5y": 0, "num_publications_10y": 1, "num_citations_10y": 0, "publications_years": {"2012": 1}, "citations_years": {"2019": 2}, "old_citations": {"2012": 2}, "isVisible": false}, "2309192525": {"name": "z ivezic", "type": "author", "activity": 13, "h_index": 3, "h5_index": 0, "mag_id": "2309192525", "num_publications": 1, "num_citations": 85, "num_publications_5y": 0, "num_citations_5y": 60, "num_publications_10y": 1, "num_citations_10y": 63, "publications_years": {"2012": 1}, "citations_years": {"2013": 3, "2014": 6, "2015": 5, "2016": 21, "2017": 15, "2018": 13, "2019": 20, "2020": 2}, "old_citations": {"2012": 85}, "isVisible": false}, "2440276833": {"name": "mace blank", "type": "author", "activity": 2, "h_index": 2, "h5_index": 0, "mag_id": "2440276833", "num_publications": 1, "num_citations": 5, "num_publications_5y": 0, "num_citations_5y": 5, "num_publications_10y": 1, "num_citations_10y": 5, "publications_years": {"2012": 1}, "citations_years": {"2014": 2, "2015": 1, "2016": 2}, "old_citations": {"2012": 5}, "isVisible": false}, "2483030057": {"name": "priya jain", "type": "author", "activity": 1, "h_index": 1, "h5_index": 0, "mag_id": "2483030057", "num_publications": 1, "num_citations": 3, "num_publications_5y": 0, "num_citations_5y": 3, "num_publications_10y": 1, "num_citations_10y": 3, "publications_years": {"2012": 1}, "citations_years": {"2014": 1, "2015": 0, "2016": 1, "2017": 1}, "old_citations": {"2012": 3}, "isVisible": false}, "2523587737": {"name": "caitlin race", "type": "author", "activity": 1, "h_index": 1, "h5_index": 0, "mag_id": "2523587737", "num_publications": 1, "num_citations": 6, "num_publications_5y": 0, "num_citations_5y": 1, "num_publications_10y": 1, "num_citations_10y": 6, "publications_years": {"2010": 1}, "citations_years": {"2011": 3, "2012": 0, "2013": 2, "2014": 1}, "old_citations": {"2010": 6}, "isVisible": false}, "2564411809": {"name": "zachary oconnor", "type": "author", "activity": 1, "h_index": 1, "h5_index": 0, "mag_id": "2564411809", "num_publications": 1, "num_citations": 6, "num_publications_5y": 0, "num_citations_5y": 5, "num_publications_10y": 1, "num_citations_10y": 6, "publications_years": {"2012": 1}, "citations_years": {"2013": 1, "2014": 0, "2015": 1, "2016": 0, "2017": 3, "2018": 1}, "old_citations": {"2012": 6}, "isVisible": false}, "2590701236": {"name": "vasudha bhatnagar", "type": "author", "activity": 22, "h_index": 12, "h5_index": 2, "mag_id": "2590701236", "num_publications": 1, "num_citations": 3, "num_publications_5y": 0, "num_citations_5y": 3, "num_publications_10y": 1, "num_citations_10y": 3, "publications_years": {"2012": 1}, "citations_years": {"2014": 1, "2015": 0, "2016": 1, "2017": 1}, "old_citations": {"2012": 3}, "isVisible": false}, "2960999342": {"name": "jacob t vanderplas", "type": "author", "activity": 7, "h_index": 7, "h5_index": 5, "mag_id": "2960999342", "num_publications": 1, "num_citations": 85, "num_publications_5y": 0, "num_citations_5y": 60, "num_publications_10y": 1, "num_citations_10y": 63, "publications_years": {"2012": 1}, "citations_years": {"2013": 3, "2014": 6, "2015": 5, "2016": 21, "2017": 15, "2018": 13, "2019": 20, "2020": 2}, "old_citations": {"2012": 85}, "isVisible": false}, "2702009673": {"name": "frode vikebo", "type": "author", "activity": 1, "h_index": 2, "h5_index": 0, "mag_id": "2702009673", "num_publications": 1, "num_citations": 16, "num_publications_5y": 0, "num_citations_5y": 12, "num_publications_10y": 1, "num_citations_10y": 15, "publications_years": {"2012": 1}, "citations_years": {"2013": 3, "2014": 4, "2015": 4, "2016": 1, "2017": 2, "2018": 1, "2019": 0, "2020": 1}, "old_citations": {"2012": 16}, "isVisible": false}, "2974164670": {"name": "singdhansu b chatterjee", "type": "author", "activity": 3, "h_index": 3, "h5_index": 0, "mag_id": "2974164670", "num_publications": 1, "num_citations": 8, "num_publications_5y": 0, "num_citations_5y": 5, "num_publications_10y": 1, "num_citations_10y": 8, "publications_years": {"2011": 1}, "citations_years": {"2013": 3, "2014": 0, "2015": 3, "2016": 0, "2017": 1, "2018": 1}, "old_citations": {"2011": 8}, "isVisible": false}, "2602628439": {"name": "shashank kumar", "type": "author", "activity": 1, "h_index": 1, "h5_index": 0, "mag_id": "2602628439", "num_publications": 1, "num_citations": 5, "num_publications_5y": 0, "num_citations_5y": 1, "num_publications_10y": 1, "num_citations_10y": 3, "publications_years": {"2011": 1}, "citations_years": {"2012": 1, "2013": 1, "2014": 0, "2015": 0, "2016": 0, "2017": 1, "2018": 0, "2019": 2}, "old_citations": {"2011": 5}, "isVisible": false}, "2964409682": {"name": "matthew schmidt", "type": "author", "activity": 1, "h_index": 2, "h5_index": 0, "mag_id": "2964409682", "num_publications": 1, "num_citations": 3, "num_publications_5y": 0, "num_citations_5y": 1, "num_publications_10y": 1, "num_citations_10y": 1, "publications_years": {"2012": 1}, "citations_years": {"2016": 1, "2017": 0, "2018": 0, "2019": 2}, "old_citations": {"2012": 3}, "isVisible": false}, "2615283662": {"name": "greg laughlin", "type": "author", "activity": 1, "h_index": 1, "h5_index": 0, "mag_id": "2615283662", "num_publications": 1, "num_citations": 1, "num_publications_5y": 0, "num_citations_5y": 1, "num_publications_10y": 1, "num_citations_10y": 1, "publications_years": {"2012": 1}, "citations_years": {"2014": 1}, "old_citations": {"2012": 1}, "isVisible": false}, "2630008742": {"name": "bill mahoney", "type": "author", "activity": 1, "h_index": 1, "h5_index": 0, "mag_id": "2630008742", "num_publications": 1, "num_citations": 1, "num_publications_5y": 0, "num_citations_5y": 0, "num_publications_10y": 1, "num_citations_10y": 0, "publications_years": {"2012": 1}, "citations_years": {"2019": 1}, "old_citations": {"2012": 1}, "isVisible": false}, "2642048689": {"name": "bolin ding", "type": "author", "activity": 13, "h_index": 29, "h5_index": 11, "mag_id": "2642048689", "num_publications": 1, "num_citations": 1, "num_publications_5y": 0, "num_citations_5y": 1, "num_publications_10y": 1, "num_citations_10y": 1, "publications_years": {"2010": 1}, "citations_years": {"2014": 1}, "old_citations": {"2010": 1}, "isVisible": false}, "2674375462": {"name": "bo zhao", "type": "author", "activity": 11, "h_index": 17, "h5_index": 6, "mag_id": "2674375462", "num_publications": 1, "num_citations": 1, "num_publications_5y": 0, "num_citations_5y": 1, "num_publications_10y": 1, "num_citations_10y": 1, "publications_years": {"2010": 1}, "citations_years": {"2014": 1}, "old_citations": {"2010": 1}, "isVisible": false}, "2679709990": {"name": "mahdi motagh", "type": "author", "activity": 1, "h_index": 1, "h5_index": 0, "mag_id": "2679709990", "num_publications": 1, "num_citations": 1, "num_publications_5y": 0, "num_citations_5y": 0, "num_publications_10y": 1, "num_citations_10y": 1, "publications_years": {"2012": 1}, "citations_years": {"2013": 1}, "old_citations": {"2012": 1}, "isVisible": false}, "2628531296": {"name": "fran bagenal", "type": "author", "activity": 1, "h_index": 0, "h5_index": 0, "mag_id": "2628531296", "num_publications": 1, "num_citations": 0, "num_publications_5y": 0, "num_citations_5y": 0, "num_publications_10y": 1, "num_citations_10y": 0, "publications_years": {"2012": 1}, "citations_years": {}, "old_citations": {"2012": 0}, "isVisible": false}, "2631568054": {"name": "vasant honavar", "type": "author", "activity": 1, "h_index": 0, "h5_index": 0, "mag_id": "2631568054", "num_publications": 1, "num_citations": 0, "num_publications_5y": 0, "num_citations_5y": 0, "num_publications_10y": 1, "num_citations_10y": 0, "publications_years": {"2012": 1}, "citations_years": {}, "old_citations": {"2012": 0}, "isVisible": false}, "2686813869": {"name": "james kuchar", "type": "author", "activity": 1, "h_index": 0, "h5_index": 0, "mag_id": "2686813869", "num_publications": 1, "num_citations": 0, "num_publications_5y": 0, "num_citations_5y": 0, "num_publications_10y": 1, "num_citations_10y": 0, "publications_years": {"2012": 1}, "citations_years": {}, "old_citations": {"2012": 0}, "isVisible": false}, "2691432456": {"name": "marika holland", "type": "author", "activity": 1, "h_index": 0, "h5_index": 0, "mag_id": "2691432456", "num_publications": 1, "num_citations": 0, "num_publications_5y": 0, "num_citations_5y": 0, "num_publications_10y": 1, "num_citations_10y": 0, "publications_years": {"2012": 1}, "citations_years": {}, "old_citations": {"2012": 0}, "isVisible": false}, "2734677175": {"name": "e roglia eroglia", "type": "author", "activity": 1, "h_index": 0, "h5_index": 0, "mag_id": "2734677175", "num_publications": 1, "num_citations": 0, "num_publications_5y": 0, "num_citations_5y": 0, "num_publications_10y": 1, "num_citations_10y": 0, "publications_years": {"2011": 1}, "citations_years": {}, "old_citations": {"2011": 0}, "isVisible": false}, "2735162368": {"name": "e ponassi eponassi", "type": "author", "activity": 1, "h_index": 0, "h5_index": 0, "mag_id": "2735162368", "num_publications": 1, "num_citations": 0, "num_publications_5y": 0, "num_citations_5y": 0, "num_publications_10y": 1, "num_citations_10y": 0, "publications_years": {"2011": 1}, "citations_years": {}, "old_citations": {"2011": 0}, "isVisible": false}, "2735877494": {"name": "r meo rmeo", "type": "author", "activity": 1, "h_index": 0, "h5_index": 0, "mag_id": "2735877494", "num_publications": 1, "num_citations": 0, "num_publications_5y": 0, "num_citations_5y": 0, "num_publications_10y": 1, "num_citations_10y": 0, "publications_years": {"2011": 1}, "citations_years": {}, "old_citations": {"2011": 0}, "isVisible": false}, "2790192753": {"name": "elizabeth bradley", "type": "author", "activity": 1, "h_index": 0, "h5_index": 0, "mag_id": "2790192753", "num_publications": 1, "num_citations": 0, "num_publications_5y": 0, "num_citations_5y": 0, "num_publications_10y": 1, "num_citations_10y": 0, "publications_years": {"2012": 1}, "citations_years": {}, "old_citations": {"2012": 0}, "isVisible": false}, "2831391578": {"name": "fred semazzi", "type": "author", "activity": 1, "h_index": 0, "h5_index": 0, "mag_id": "2831391578", "num_publications": 1, "num_citations": 0, "num_publications_5y": 0, "num_citations_5y": 0, "num_publications_10y": 1, "num_citations_10y": 0, "publications_years": {"2011": 1}, "citations_years": {}, "old_citations": {"2011": 0}, "isVisible": false}, "2997434499": {"name": "madison miller", "type": "author", "activity": 1, "h_index": 0, "h5_index": 0, "mag_id": "2997434499", "num_publications": 1, "num_citations": 0, "num_publications_5y": 0, "num_citations_5y": 0, "num_publications_10y": 1, "num_citations_10y": 0, "publications_years": {"2012": 1}, "citations_years": {}, "old_citations": {"2012": 0}, "isVisible": false}}, "countries": {"United States": {"name": "United States", "type": "country", "h5_index": 308, "num_publications": 39, "num_citations": 300, "num_publications_5y": 0, "num_citations_5y": 198, "num_publications_10y": 39, "num_citations_10y": 258, "publications_years": {"2010": 10, "2011": 12, "2012": 17}, "citations_years": {"2011": 8, "2012": 18, "2013": 32, "2014": 38, "2015": 29, "2016": 55, "2017": 50, "2018": 26, "2019": 38, "2020": 4, "2010": 2}, "old_citations": {"2010": 29, "2011": 82, "2012": 189}, "isVisible": false}, "India": {"name": "India", "type": "country", "h5_index": 78, "num_publications": 2, "num_citations": 8, "num_publications_5y": 0, "num_citations_5y": 4, "num_publications_10y": 2, "num_citations_10y": 6, "publications_years": {"2012": 1, "2011": 1}, "citations_years": {"2014": 1, "2015": 0, "2016": 1, "2017": 2, "2012": 1, "2013": 1, "2018": 0, "2019": 2}, "old_citations": {"2012": 3, "2011": 5}, "isVisible": false}, "Canada": {"name": "Canada", "type": "country", "h5_index": 128, "num_publications": 1, "num_citations": 1, "num_publications_5y": 0, "num_citations_5y": 0, "num_publications_10y": 1, "num_citations_10y": 1, "publications_years": {"2012": 1}, "citations_years": {"2013": 1}, "old_citations": {"2012": 1}, "isVisible": false}, "France": {"name": "France", "type": "country", "h5_index": 99, "num_publications": 1, "num_citations": 8, "num_publications_5y": 0, "num_citations_5y": 7, "num_publications_10y": 1, "num_citations_10y": 8, "publications_years": {"2012": 1}, "citations_years": {"2013": 1, "2014": 1, "2015": 1, "2016": 2, "2017": 3}, "old_citations": {"2012": 8}, "isVisible": false}, "Malaysia": {"name": "Malaysia", "type": "country", "h5_index": 62, "num_publications": 1, "num_citations": 6, "num_publications_5y": 0, "num_citations_5y": 3, "num_publications_10y": 1, "num_citations_10y": 6, "publications_years": {"2010": 1}, "citations_years": {"2010": 1, "2011": 0, "2012": 0, "2013": 2, "2014": 1, "2015": 0, "2016": 1, "2017": 0, "2018": 1}, "old_citations": {"2010": 6}, "isVisible": false}, "Norway": {"name": "Norway", "type": "country", "h5_index": 56, "num_publications": 1, "num_citations": 16, "num_publications_5y": 0, "num_citations_5y": 12, "num_publications_10y": 1, "num_citations_10y": 15, "publications_years": {"2012": 1}, "citations_years": {"2013": 3, "2014": 4, "2015": 4, "2016": 1, "2017": 2, "2018": 1, "2019": 0, "2020": 1}, "old_citations": {"2012": 16}, "isVisible": false}}}, "conference_comparison": {"computer science": {}}, "topics_dna": {"publications": {}, "citations": {"normalized": {}, "average": {}}}, "info": {"num_publications": 48, "num_citations": 303.0, "impact_factor": {"2012": 0.7391304347826086}, "publications_years": {"2012": 25, "2011": 13, "2010": 10}, "citations_years": {"2010": 2, "2011": 8, "2012": 18, "2013": 33, "2014": 39, "2015": 29, "2016": 55, "2017": 50, "2018": 26, "2019": 39, "2020": 4}, "old_citations": {"2012": 192, "2011": 82, "2010": 29}, "h5_index": 0}, "percentile": {"computer science": {"2012": 84, "2011": 78, "2010": 61}}, "conference_ranking": {"computer science": {"2012": 667, "2011": 923, "2010": 1628}}, "academia": {"num_publications": 22, "num_citations": 185, "publications_years": {"2010": 6, "2011": 6, "2012": 10}, "old_citations": {"2010": 9, "2011": 45, "2012": 131}, "num_publications_5y": 0, "num_citations_5y": 0, "num_publications_10y": 16, "num_citations_10y": 176}, "industry": {"num_publications": 0, "num_citations": 0, "publications_years": {}, "old_citations": {}, "num_publications_5y": 0, "num_citations_5y": 0, "num_publications_10y": 0, "num_citations_10y": 0}, "collaborative": {"num_publications": 0, "num_citations": 0, "publications_years": {}, "old_citations": {}, "num_publications_5y": 0, "num_citations_5y": 0, "num_publications_10y": 0, "num_citations_10y": 0}, "conferences": {}, "journals": {}, "organizations": {"publication_overall": ["University of Minnesota", "Ames Research Center", "The University of Texas at Austin", "North Carolina State University", "Oak Ridge National Laboratory", "University of Oklahoma", "Courant Institute of Mathematical Sciences", "Georgia Institute of Technology", "University of Illinois at Urbana Champaign", "Aims Community College", "Arizona State University", "Bjerknes Centre for Climate Research", "California Institute of Technology", "California State University, Monterey Bay", "Columbia University", "Goddard Space Flight Center", "Indian Institute of Technology Roorkee", "Massachusetts Institute of Technology", "Michigan State University", "National Center for Atmospheric Research", "Northeastern University", "Purdue University West Lafayette", "The University of Texas at Dallas", "Universiti Sains Malaysia", "University of Delhi", "University of Michigan\u2013Ann Arbor", "University of Notre Dame", "University of Washington", "Universit\u00e9 de Sherbrooke", "\u00c9cole Nationale de l\u2019Aviation Civile"], "citation_overall": ["University of Minnesota", "Georgia Institute of Technology", "University of Washington", "Ames Research Center", "Courant Institute of Mathematical Sciences", "North Carolina State University", "Oak Ridge National Laboratory", "Bjerknes Centre for Climate Research", "University of Illinois at Urbana Champaign", "Purdue University West Lafayette", "University of Notre Dame", "University of Oklahoma", "\u00c9cole Nationale de l\u2019Aviation Civile", "California State University, Monterey Bay", "The University of Texas at Austin", "Columbia University", "Northeastern University", "Universiti Sains Malaysia", "Indian Institute of Technology Roorkee", "University of Michigan\u2013Ann Arbor", "California Institute of Technology", "Massachusetts Institute of Technology", "University of Delhi", "Goddard Space Flight Center", "Michigan State University", "The University of Texas at Dallas", "Universit\u00e9 de Sherbrooke", "Aims Community College", "Arizona State University", "National Center for Atmospheric Research"], "publication_10_years": ["University of Minnesota", "Ames Research Center", "University of Oklahoma", "Courant Institute of Mathematical Sciences", "Georgia Institute of Technology", "North Carolina State University", "Oak Ridge National Laboratory", "Bjerknes Centre for Climate Research", "California Institute of Technology", "Columbia University", "Goddard Space Flight Center", "Indian Institute of Technology Roorkee", "Massachusetts Institute of Technology", "Michigan State University", "National Center for Atmospheric Research", "Northeastern University", "Purdue University West Lafayette", "The University of Texas at Austin", "The University of Texas at Dallas", "University of Delhi", "University of Illinois at Urbana Champaign", "University of Notre Dame", "University of Washington", "Universit\u00e9 de Sherbrooke", "\u00c9cole Nationale de l\u2019Aviation Civile"], "citation_10_years": ["Georgia Institute of Technology", "University of Minnesota", "University of Washington", "Ames Research Center", "Courant Institute of Mathematical Sciences", "Bjerknes Centre for Climate Research", "North Carolina State University", "Oak Ridge National Laboratory", "University of Illinois at Urbana Champaign", "Purdue University West Lafayette", "University of Notre Dame", "University of Oklahoma", "\u00c9cole Nationale de l\u2019Aviation Civile", "Columbia University", "Northeastern University", "Indian Institute of Technology Roorkee", "California Institute of Technology", "Massachusetts Institute of Technology", "University of Delhi", "Goddard Space Flight Center", "Michigan State University", "The University of Texas at Dallas", "Universit\u00e9 de Sherbrooke", "National Center for Atmospheric Research", "The University of Texas at Austin"], "publication_5_years": [], "citation_5_years": []}, "countries": {"publication_overall": ["United States", "India", "Canada", "France", "Malaysia", "Norway"], "citation_overall": ["United States", "Norway", "France", "India", "Malaysia", "Canada"], "publication_10_years": ["United States", "India", "Canada", "France", "Norway"], "citation_10_years": ["United States", "Norway", "France", "India", "Canada"], "publication_5_years": [], "citation_5_years": []}, "topics": {"publication_overall": ["computer science", "computer systems", "mathematics", "computer networks", "data mining", "engineering", "artificial intelligence", "database systems", "computer hardware", "signal processing", "telecommunication systems", "communication systems", "wireless telecommunication systems", "correlation analysis", "communication channels (information theory)", "telecommunication networks", "computer imaging and vision", "image processing", "machine learning", "sensors"], "citation_overall": ["computer science", "computer systems", "mathematics", "computer networks", "database systems", "artificial intelligence", "telecommunication systems", "correlation analysis", "communication systems", "wireless telecommunication systems", "data mining", "machine learning", "data handling", "data integration", "integrated data", "antennas", "computer programming", "computer hardware", "electromagnetic", "electromagnetism"], "publication_10_years": ["computer science", "computer systems", "mathematics", "computer networks", "engineering", "computer hardware", "data mining", "artificial intelligence", "database systems", "telecommunication systems", "communication systems", "signal processing", "wireless telecommunication systems", "correlation analysis", "communication channels (information theory)", "computer imaging and vision", "telecommunication networks", "image processing", "machine learning", "antennas"], "citation_10_years": ["computer science", "computer systems", "mathematics", "database systems", "computer networks", "correlation analysis", "telecommunication systems", "artificial intelligence", "communication systems", "wireless telecommunication systems", "machine learning", "data handling", "data integration", "integrated data", "antennas", "data mining", "computer programming", "electromagnetic", "electromagnetism", "high level languages"], "publication_5_years": [], "citation_5_years": []}, "main_topics": ["computer science"], "authors": {"publication_overall": ["2161062602", "2102135651", "86258740", "184559979", "146640362", "1368659479", "2969846186", "2091655785", "2146888960", "2152799701", "258494835", "2443896075", "2776108021", "246177910", "752342937", "1267319843", "1774763090", "2037585042", "2039322169", "2047114418", "2101454519", "2110730349", "2117505392", "2120584771", "2120798164", "2121939561", "2132622587", "2152766206", "2155983610", "2213900399", "2288906155", "2298925759", "2336054480", "61681193", "211043399", "215839793", "253219000", "297800342", "1249453238", "1258933876", "1770354363", "1958397744", "1979796846", "1984246357", "1993901997", "1994574529", "1995346754", "1999787624", "2013503462", "2020153005", "2021679151", "2024543123", "2045589546", "2063814348", "2074081582", "2085434861", "2097045717", "2099400709", "2100860776", "2106429473", "2112810595", "2113230973", "2113817728", "2127251370", "2128552308", "2128563325", "2128977625", "2129031744", "2130957644", "2135104801", "2135231722", "2135370274", "2138187891", "2139723519", "2144090733", "2146168445", "2148168557", "2149808489", "2150385407", "2151973200", "2152143851", "2155245687", "2157308585", "2160390465", "2165254938", "2165873391", "2167180637", "2212461896", "2223649522", "2224543524", "2286959756", "2293060477", "2303146963", "2307329545", "2309192525", "2440276833", "2483030057", "2523587737", "2564411809", "2590701236"], "citation_overall": ["2161062602", "2020153005", "2112810595", "2309192525", "2960999342", "86258740", "2102135651", "184559979", "1368659479", "2969846186", "146640362", "2152799701", "2213900399", "2336054480", "2091655785", "2776108021", "2146888960", "297800342", "2128977625", "2149808489", "2117505392", "2443896075", "1774763090", "258494835", "752342937", "1995346754", "2138187891", "2702009673", "1267319843", "2120584771", "2121939561", "2152766206", "1984246357", "2100860776", "2120798164", "246177910", "2298925759", "1979796846", "2127251370", "2135231722", "2139723519", "1258933876", "1770354363", "2039322169", "2085434861", "2110730349", "2974164670", "253219000", "1958397744", "1993901997", "2047114418", "2132622587", "2155983610", "2212461896", "2303146963", "2523587737", "2564411809", "215839793", "2024543123", "2135370274", "2151973200", "2440276833", "2602628439", "2013503462", "2037585042", "2101454519", "2135104801", "2157308585", "2288906155", "1249453238", "1999787624", "2021679151", "2113817728", "2146168445", "2150385407", "2223649522", "2224543524", "2483030057", "2590701236", "2964409682", "211043399", "1994574529", "2074081582", "2106429473", "2113230973", "2128552308", "2155245687", "2160390465", "2286959756", "2307329545", "61681193", "2130957644", "2152143851", "2165254938", "2167180637", "2615283662", "2630008742", "2642048689", "2674375462", "2679709990"], "publication_10_years": ["2161062602", "2102135651", "86258740", "146640362", "184559979", "1368659479", "2969846186", "2091655785", "258494835", "2146888960", "2152799701", "2443896075", "2776108021", "246177910", "752342937", "1267319843", "2039322169", "2110730349", "2117505392", "2120584771", "2120798164", "2213900399", "2298925759", "2336054480", "211043399", "215839793", "253219000", "297800342", "1249453238", "1258933876", "1770354363", "1774763090", "1979796846", "1984246357", "1993901997", "1994574529", "1995346754", "1999787624", "2020153005", "2021679151", "2024543123", "2045589546", "2047114418", "2074081582", "2085434861", "2097045717", "2100860776", "2106429473", "2112810595", "2113230973", "2113817728", "2121939561", "2127251370", "2128552308", "2128563325", "2128977625", "2129031744", "2132622587", "2135231722", "2135370274", "2138187891", "2139723519", "2146168445", "2149808489", "2150385407", "2151973200", "2152143851", "2152766206", "2155245687", "2155983610", "2160390465", "2212461896", "2223649522", "2224543524", "2286959756", "2303146963", "2307329545", "2309192525", "2440276833", "2483030057", "2564411809", "2590701236", "2602628439", "2615283662", "2628531296", "2630008742", "2631568054", "2679709990", "2686813869", "2691432456", "2702009673", "2734677175", "2735162368", "2735877494", "2790192753", "2831391578", "2960999342", "2964409682", "2974164670", "2997434499"], "citation_10_years": ["2161062602", "2020153005", "2112810595", "2309192525", "2960999342", "86258740", "2102135651", "184559979", "146640362", "1368659479", "2969846186", "2213900399", "2336054480", "2091655785", "2152799701", "2776108021", "297800342", "2128977625", "2149808489", "2117505392", "2443896075", "2146888960", "258494835", "752342937", "1995346754", "2138187891", "2702009673", "1267319843", "2120584771", "1774763090", "1984246357", "2100860776", "2120798164", "2121939561", "2152766206", "246177910", "2298925759", "1979796846", "2127251370", "2135231722", "2139723519", "1258933876", "1770354363", "2039322169", "2085434861", "2110730349", "2974164670", "253219000", "1993901997", "2212461896", "2303146963", "2564411809", "215839793", "2024543123", "2135370274", "2151973200", "2440276833", "2602628439", "1249453238", "1999787624", "2021679151", "2113817728", "2146168445", "2150385407", "2223649522", "2224543524", "2483030057", "2590701236", "2964409682", "211043399", "1994574529", "2074081582", "2106429473", "2113230973", "2128552308", "2155245687", "2160390465", "2286959756", "2307329545", "2152143851", "2615283662", "2630008742", "2679709990", "2045589546", "2047114418", "2097045717", "2128563325", "2129031744", "2132622587", "2155983610", "2628531296", "2631568054", "2686813869", "2691432456", "2734677175", "2735162368", "2735877494", "2790192753", "2831391578", "2997434499"], "publication_5_years": [], "citation_5_years": []}, "industrial_sectors": {"publication_overall": [], "citation_overall": [], "publication_10_years": [], "citation_10_years": [], "publication_5_years": [], "citation_5_years": []}}