{"name": "International Crimean Microwave Conference", "acronym": "ICMC", "type": "conference", "uniqueEntities": {"organizations": {"Karlsruhe Institute of Technology": {"name": "Karlsruhe Institute of Technology", "type": "organization", "organization_type": "Education", "h_index": 156, "h5_index": 37, "num_publications": 1, "num_citations": 0, "num_publications_5y": 0, "num_citations_5y": 0, "num_publications_10y": 0, "num_citations_10y": 0, "publications_years": {"2000": 1}, "citations_years": {}, "old_citations": {"2000": 0}, "isVisible": false}}, "topics": {"computer science": {"name": "computer science", "type": "topic", "h_index": 1779, "h5_index": 416, "num_publications": 38, "num_citations": 4, "num_publications_5y": 0, "num_citations_5y": 0, "num_publications_10y": 0, "num_citations_10y": 1, "publications_years": {"1999": 14, "2000": 24}, "citations_years": {"2004": 2, "2010": 1, "2003": 1}, "old_citations": {"1999": 1, "2000": 3}, "isVisible": false}, "computer systems": {"name": "computer systems", "type": "topic", "h_index": 1595, "h5_index": 367, "num_publications": 36, "num_citations": 4, "num_publications_5y": 0, "num_citations_5y": 0, "num_publications_10y": 0, "num_citations_10y": 1, "publications_years": {"1999": 13, "2000": 23}, "citations_years": {"2004": 2, "2010": 1, "2003": 1}, "old_citations": {"1999": 1, "2000": 3}, "isVisible": false}, "telecommunication systems": {"name": "telecommunication systems", "type": "topic", "h_index": 1187, "h5_index": 277, "num_publications": 32, "num_citations": 4, "num_publications_5y": 0, "num_citations_5y": 0, "num_publications_10y": 0, "num_citations_10y": 1, "publications_years": {"1999": 11, "2000": 21}, "citations_years": {"2004": 2, "2010": 1, "2003": 1}, "old_citations": {"1999": 1, "2000": 3}, "isVisible": false}, "communication systems": {"name": "communication systems", "type": "topic", "h_index": 1092, "h5_index": 254, "num_publications": 31, "num_citations": 4, "num_publications_5y": 0, "num_citations_5y": 0, "num_publications_10y": 0, "num_citations_10y": 1, "publications_years": {"1999": 10, "2000": 21}, "citations_years": {"2004": 2, "2010": 1, "2003": 1}, "old_citations": {"1999": 1, "2000": 3}, "isVisible": false}, "computer networks": {"name": "computer networks", "type": "topic", "h_index": 1262, "h5_index": 332, "num_publications": 31, "num_citations": 4, "num_publications_5y": 0, "num_citations_5y": 0, "num_publications_10y": 0, "num_citations_10y": 1, "publications_years": {"1999": 11, "2000": 20}, "citations_years": {"2004": 2, "2010": 1, "2003": 1}, "old_citations": {"1999": 1, "2000": 3}, "isVisible": false}, "wireless telecommunication systems": {"name": "wireless telecommunication systems", "type": "topic", "h_index": 1087, "h5_index": 254, "num_publications": 30, "num_citations": 4, "num_publications_5y": 0, "num_citations_5y": 0, "num_publications_10y": 0, "num_citations_10y": 1, "publications_years": {"1999": 10, "2000": 20}, "citations_years": {"2004": 2, "2010": 1, "2003": 1}, "old_citations": {"1999": 1, "2000": 3}, "isVisible": false}, "communication channels (information theory)": {"name": "communication channels (information theory)", "type": "topic", "h_index": 925, "h5_index": 216, "num_publications": 27, "num_citations": 4, "num_publications_5y": 0, "num_citations_5y": 0, "num_publications_10y": 0, "num_citations_10y": 1, "publications_years": {"1999": 8, "2000": 19}, "citations_years": {"2004": 2, "2010": 1, "2003": 1}, "old_citations": {"1999": 1, "2000": 3}, "isVisible": false}, "telecommunication networks": {"name": "telecommunication networks", "type": "topic", "h_index": 1116, "h5_index": 258, "num_publications": 25, "num_citations": 3, "num_publications_5y": 0, "num_citations_5y": 0, "num_publications_10y": 0, "num_citations_10y": 1, "publications_years": {"1999": 8, "2000": 17}, "citations_years": {"2010": 1, "2003": 1, "2004": 1}, "old_citations": {"1999": 1, "2000": 2}, "isVisible": false}, "engineering": {"name": "engineering", "type": "topic", "h_index": 1177, "h5_index": 287, "num_publications": 24, "num_citations": 2, "num_publications_5y": 0, "num_citations_5y": 0, "num_publications_10y": 0, "num_citations_10y": 1, "publications_years": {"1999": 6, "2000": 18}, "citations_years": {"2010": 1, "2004": 1}, "old_citations": {"1999": 0, "2000": 2}, "isVisible": false}, "signal processing": {"name": "signal processing", "type": "topic", "h_index": 1012, "h5_index": 255, "num_publications": 22, "num_citations": 2, "num_publications_5y": 0, "num_citations_5y": 0, "num_publications_10y": 0, "num_citations_10y": 1, "publications_years": {"1999": 6, "2000": 16}, "citations_years": {"2010": 1, "2004": 1}, "old_citations": {"1999": 0, "2000": 2}, "isVisible": false}, "mobile telecommunication systems": {"name": "mobile telecommunication systems", "type": "topic", "h_index": 732, "h5_index": 170, "num_publications": 20, "num_citations": 2, "num_publications_5y": 0, "num_citations_5y": 0, "num_publications_10y": 0, "num_citations_10y": 0, "publications_years": {"1999": 6, "2000": 14}, "citations_years": {"2003": 1, "2004": 1}, "old_citations": {"1999": 1, "2000": 1}, "isVisible": false}, "mathematics": {"name": "mathematics", "type": "topic", "h_index": 1364, "h5_index": 300, "num_publications": 19, "num_citations": 3, "num_publications_5y": 0, "num_citations_5y": 0, "num_publications_10y": 0, "num_citations_10y": 1, "publications_years": {"1999": 5, "2000": 14}, "citations_years": {"2004": 2, "2010": 1}, "old_citations": {"1999": 0, "2000": 3}, "isVisible": false}, "bandwidth": {"name": "bandwidth", "type": "topic", "h_index": 922, "h5_index": 201, "num_publications": 15, "num_citations": 2, "num_publications_5y": 0, "num_citations_5y": 0, "num_publications_10y": 0, "num_citations_10y": 1, "publications_years": {"2000": 12, "1999": 3}, "citations_years": {"2004": 1, "2010": 1}, "old_citations": {"2000": 2, "1999": 0}, "isVisible": false}, "signal to noise ratio": {"name": "signal to noise ratio", "type": "topic", "h_index": 821, "h5_index": 194, "num_publications": 15, "num_citations": 2, "num_publications_5y": 0, "num_citations_5y": 0, "num_publications_10y": 0, "num_citations_10y": 1, "publications_years": {"1999": 3, "2000": 12}, "citations_years": {"2010": 1, "2004": 1}, "old_citations": {"1999": 0, "2000": 2}, "isVisible": false}, "antennas": {"name": "antennas", "type": "topic", "h_index": 645, "h5_index": 152, "num_publications": 14, "num_citations": 3, "num_publications_5y": 0, "num_citations_5y": 0, "num_publications_10y": 0, "num_citations_10y": 1, "publications_years": {"1999": 6, "2000": 8}, "citations_years": {"2004": 1, "2010": 1, "2003": 1}, "old_citations": {"1999": 1, "2000": 2}, "isVisible": false}, "communication": {"name": "communication", "type": "topic", "h_index": 886, "h5_index": 209, "num_publications": 14, "num_citations": 1, "num_publications_5y": 0, "num_citations_5y": 0, "num_publications_10y": 0, "num_citations_10y": 0, "publications_years": {"1999": 4, "2000": 10}, "citations_years": {"2004": 1}, "old_citations": {"1999": 0, "2000": 1}, "isVisible": false}, "communication satellites": {"name": "communication satellites", "type": "topic", "h_index": 157, "h5_index": 42, "num_publications": 14, "num_citations": 1, "num_publications_5y": 0, "num_citations_5y": 0, "num_publications_10y": 0, "num_citations_10y": 0, "publications_years": {"1999": 6, "2000": 8}, "citations_years": {"2003": 1}, "old_citations": {"1999": 1, "2000": 0}, "isVisible": false}, "computer hardware": {"name": "computer hardware", "type": "topic", "h_index": 1150, "h5_index": 279, "num_publications": 14, "num_citations": 0, "num_publications_5y": 0, "num_citations_5y": 0, "num_publications_10y": 0, "num_citations_10y": 0, "publications_years": {"1999": 3, "2000": 11}, "citations_years": {}, "old_citations": {"1999": 0, "2000": 0}, "isVisible": false}, "satellite communication systems": {"name": "satellite communication systems", "type": "topic", "h_index": 195, "h5_index": 50, "num_publications": 14, "num_citations": 1, "num_publications_5y": 0, "num_citations_5y": 0, "num_publications_10y": 0, "num_citations_10y": 0, "publications_years": {"1999": 6, "2000": 8}, "citations_years": {"2003": 1}, "old_citations": {"1999": 1, "2000": 0}, "isVisible": false}, "satellite system": {"name": "satellite system", "type": "topic", "h_index": 131, "h5_index": 37, "num_publications": 13, "num_citations": 1, "num_publications_5y": 0, "num_citations_5y": 0, "num_publications_10y": 0, "num_citations_10y": 0, "publications_years": {"1999": 6, "2000": 7}, "citations_years": {"2003": 1}, "old_citations": {"1999": 1, "2000": 0}, "isVisible": false}, "advanced systems": {"name": "advanced systems", "type": "topic", "h_index": 51, "h5_index": 12, "num_publications": 1, "num_citations": 1, "num_publications_5y": 0, "num_citations_5y": 0, "num_publications_10y": 0, "num_citations_10y": 0, "publications_years": {"2000": 1}, "citations_years": {"2004": 1}, "old_citations": {"2000": 1}, "isVisible": false}, "antenna arrays": {"name": "antenna arrays", "type": "topic", "h_index": 373, "h5_index": 89, "num_publications": 7, "num_citations": 1, "num_publications_5y": 0, "num_citations_5y": 0, "num_publications_10y": 0, "num_citations_10y": 1, "publications_years": {"1999": 2, "2000": 5}, "citations_years": {"2010": 1}, "old_citations": {"1999": 0, "2000": 1}, "isVisible": false}, "binary codes": {"name": "binary codes", "type": "topic", "h_index": 227, "h5_index": 54, "num_publications": 2, "num_citations": 1, "num_publications_5y": 0, "num_citations_5y": 0, "num_publications_10y": 0, "num_citations_10y": 0, "publications_years": {"2000": 2}, "citations_years": {"2004": 1}, "old_citations": {"2000": 1}, "isVisible": false}, "bit error rate": {"name": "bit error rate", "type": "topic", "h_index": 619, "h5_index": 143, "num_publications": 6, "num_citations": 1, "num_publications_5y": 0, "num_citations_5y": 0, "num_publications_10y": 0, "num_citations_10y": 0, "publications_years": {"1999": 2, "2000": 4}, "citations_years": {"2004": 1}, "old_citations": {"1999": 0, "2000": 1}, "isVisible": false}, "broadband": {"name": "broadband", "type": "topic", "h_index": 197, "h5_index": 43, "num_publications": 1, "num_citations": 1, "num_publications_5y": 0, "num_citations_5y": 0, "num_publications_10y": 0, "num_citations_10y": 1, "publications_years": {"2000": 1}, "citations_years": {"2010": 1}, "old_citations": {"2000": 1}, "isVisible": false}}, "authors": {"2635848972": {"name": "i l afonin", "type": "author", "activity": 4, "h_index": 0, "h5_index": 0, "mag_id": "2635848972", "num_publications": 2, "num_citations": 0, "num_publications_5y": 0, "num_citations_5y": 0, "num_publications_10y": 0, "num_citations_10y": 0, "publications_years": {"2000": 1, "1999": 1}, "citations_years": {}, "old_citations": {"2000": 0, "1999": 0}, "isVisible": false}, "2648332737": {"name": "r g zalyalov", "type": "author", "activity": 1, "h_index": 0, "h5_index": 0, "mag_id": "2648332737", "num_publications": 2, "num_citations": 0, "num_publications_5y": 0, "num_citations_5y": 0, "num_publications_10y": 0, "num_citations_10y": 0, "publications_years": {"1999": 2}, "citations_years": {}, "old_citations": {"1999": 0}, "isVisible": false}, "2651135116": {"name": "v f gusev", "type": "author", "activity": 1, "h_index": 0, "h5_index": 0, "mag_id": "2651135116", "num_publications": 2, "num_citations": 0, "num_publications_5y": 0, "num_citations_5y": 0, "num_publications_10y": 0, "num_citations_10y": 0, "publications_years": {"1999": 2}, "citations_years": {}, "old_citations": {"1999": 0}, "isVisible": false}, "2661758238": {"name": "r a ahtyamov", "type": "author", "activity": 1, "h_index": 0, "h5_index": 0, "mag_id": "2661758238", "num_publications": 2, "num_citations": 0, "num_publications_5y": 0, "num_citations_5y": 0, "num_publications_10y": 0, "num_citations_10y": 0, "publications_years": {"1999": 2}, "citations_years": {}, "old_citations": {"1999": 0}, "isVisible": false}, "2667472212": {"name": "i y denishchenko", "type": "author", "activity": 1, "h_index": 0, "h5_index": 0, "mag_id": "2667472212", "num_publications": 2, "num_citations": 0, "num_publications_5y": 0, "num_citations_5y": 0, "num_publications_10y": 0, "num_citations_10y": 0, "publications_years": {"2000": 2}, "citations_years": {}, "old_citations": {"2000": 0}, "isVisible": false}, "2686061615": {"name": "e m privalov", "type": "author", "activity": 1, "h_index": 0, "h5_index": 0, "mag_id": "2686061615", "num_publications": 2, "num_citations": 0, "num_publications_5y": 0, "num_citations_5y": 0, "num_publications_10y": 0, "num_citations_10y": 0, "publications_years": {"2000": 2}, "citations_years": {}, "old_citations": {"2000": 0}, "isVisible": false}, "2705300273": {"name": "a a muratov", "type": "author", "activity": 1, "h_index": 0, "h5_index": 0, "mag_id": "2705300273", "num_publications": 2, "num_citations": 0, "num_publications_5y": 0, "num_citations_5y": 0, "num_publications_10y": 0, "num_citations_10y": 0, "publications_years": {"2000": 2}, "citations_years": {}, "old_citations": {"2000": 0}, "isVisible": false}, "393190837": {"name": "e ulasenko", "type": "author", "activity": 1, "h_index": 0, "h5_index": 0, "mag_id": "393190837", "num_publications": 1, "num_citations": 0, "num_publications_5y": 0, "num_citations_5y": 0, "num_publications_10y": 0, "num_citations_10y": 0, "publications_years": {"1999": 1}, "citations_years": {}, "old_citations": {"1999": 0}, "isVisible": false}, "1116392699": {"name": "a a leksikov", "type": "author", "activity": 1, "h_index": 1, "h5_index": 0, "mag_id": "1116392699", "num_publications": 1, "num_citations": 1, "num_publications_5y": 0, "num_citations_5y": 0, "num_publications_10y": 0, "num_citations_10y": 1, "publications_years": {"2000": 1}, "citations_years": {"2010": 1}, "old_citations": {"2000": 1}, "isVisible": false}, "1897871710": {"name": "b a belyaev", "type": "author", "activity": 20, "h_index": 1, "h5_index": 0, "mag_id": "1897871710", "num_publications": 1, "num_citations": 1, "num_publications_5y": 0, "num_citations_5y": 0, "num_publications_10y": 0, "num_citations_10y": 1, "publications_years": {"2000": 1}, "citations_years": {"2010": 1}, "old_citations": {"2000": 1}, "isVisible": false}, "1984508858": {"name": "d v ustinov", "type": "author", "activity": 1, "h_index": 0, "h5_index": 0, "mag_id": "1984508858", "num_publications": 1, "num_citations": 0, "num_publications_5y": 0, "num_citations_5y": 0, "num_publications_10y": 0, "num_citations_10y": 0, "publications_years": {"2000": 1}, "citations_years": {}, "old_citations": {"2000": 0}, "isVisible": false}, "2194764712": {"name": "s n berdyshev", "type": "author", "activity": 1, "h_index": 0, "h5_index": 0, "mag_id": "2194764712", "num_publications": 1, "num_citations": 0, "num_publications_5y": 0, "num_citations_5y": 0, "num_publications_10y": 0, "num_citations_10y": 0, "publications_years": {"1999": 1}, "citations_years": {}, "old_citations": {"1999": 0}, "isVisible": false}, "2222195317": {"name": "k s sunduchikov", "type": "author", "activity": 1, "h_index": 0, "h5_index": 0, "mag_id": "2222195317", "num_publications": 1, "num_citations": 0, "num_publications_5y": 0, "num_citations_5y": 0, "num_publications_10y": 0, "num_citations_10y": 0, "publications_years": {"1999": 1}, "citations_years": {}, "old_citations": {"1999": 0}, "isVisible": false}, "2222286179": {"name": "g s gorev", "type": "author", "activity": 1, "h_index": 0, "h5_index": 0, "mag_id": "2222286179", "num_publications": 1, "num_citations": 0, "num_publications_5y": 0, "num_citations_5y": 0, "num_publications_10y": 0, "num_citations_10y": 0, "publications_years": {"2000": 1}, "citations_years": {}, "old_citations": {"2000": 0}, "isVisible": false}, "2222315036": {"name": "s i moroz", "type": "author", "activity": 1, "h_index": 0, "h5_index": 0, "mag_id": "2222315036", "num_publications": 1, "num_citations": 0, "num_publications_5y": 0, "num_citations_5y": 0, "num_publications_10y": 0, "num_citations_10y": 0, "publications_years": {"2000": 1}, "citations_years": {}, "old_citations": {"2000": 0}, "isVisible": false}, "2222442667": {"name": "w g komarov", "type": "author", "activity": 1, "h_index": 0, "h5_index": 0, "mag_id": "2222442667", "num_publications": 1, "num_citations": 0, "num_publications_5y": 0, "num_citations_5y": 0, "num_publications_10y": 0, "num_citations_10y": 0, "publications_years": {"1999": 1}, "citations_years": {}, "old_citations": {"1999": 0}, "isVisible": false}, "2222724865": {"name": "g a rekalov", "type": "author", "activity": 1, "h_index": 0, "h5_index": 0, "mag_id": "2222724865", "num_publications": 1, "num_citations": 0, "num_publications_5y": 0, "num_citations_5y": 0, "num_publications_10y": 0, "num_citations_10y": 0, "publications_years": {"2000": 1}, "citations_years": {}, "old_citations": {"2000": 0}, "isVisible": false}, "2222824621": {"name": "t v kalitina", "type": "author", "activity": 1, "h_index": 0, "h5_index": 0, "mag_id": "2222824621", "num_publications": 1, "num_citations": 0, "num_publications_5y": 0, "num_citations_5y": 0, "num_publications_10y": 0, "num_citations_10y": 0, "publications_years": {"2000": 1}, "citations_years": {}, "old_citations": {"2000": 0}, "isVisible": false}, "2223089610": {"name": "v v urchenko", "type": "author", "activity": 1, "h_index": 0, "h5_index": 0, "mag_id": "2223089610", "num_publications": 1, "num_citations": 0, "num_publications_5y": 0, "num_citations_5y": 0, "num_publications_10y": 0, "num_citations_10y": 0, "publications_years": {"1999": 1}, "citations_years": {}, "old_citations": {"1999": 0}, "isVisible": false}, "2223152629": {"name": "k f woloch", "type": "author", "activity": 1, "h_index": 0, "h5_index": 0, "mag_id": "2223152629", "num_publications": 1, "num_citations": 0, "num_publications_5y": 0, "num_citations_5y": 0, "num_publications_10y": 0, "num_citations_10y": 0, "publications_years": {"1999": 1}, "citations_years": {}, "old_citations": {"1999": 0}, "isVisible": false}, "2223532916": {"name": "a n novichkov", "type": "author", "activity": 1, "h_index": 1, "h5_index": 0, "mag_id": "2223532916", "num_publications": 1, "num_citations": 1, "num_publications_5y": 0, "num_citations_5y": 0, "num_publications_10y": 0, "num_citations_10y": 0, "publications_years": {"2000": 1}, "citations_years": {"2004": 1}, "old_citations": {"2000": 1}, "isVisible": false}, "2223573898": {"name": "b n galfullin", "type": "author", "activity": 1, "h_index": 1, "h5_index": 0, "mag_id": "2223573898", "num_publications": 1, "num_citations": 1, "num_publications_5y": 0, "num_citations_5y": 0, "num_publications_10y": 0, "num_citations_10y": 0, "publications_years": {"2000": 1}, "citations_years": {"2004": 1}, "old_citations": {"2000": 1}, "isVisible": false}, "2223730577": {"name": "v p pyatikov", "type": "author", "activity": 1, "h_index": 0, "h5_index": 0, "mag_id": "2223730577", "num_publications": 1, "num_citations": 0, "num_publications_5y": 0, "num_citations_5y": 0, "num_publications_10y": 0, "num_citations_10y": 0, "publications_years": {"2000": 1}, "citations_years": {}, "old_citations": {"2000": 0}, "isVisible": false}, "2223853729": {"name": "v i osmaianov", "type": "author", "activity": 1, "h_index": 0, "h5_index": 0, "mag_id": "2223853729", "num_publications": 1, "num_citations": 0, "num_publications_5y": 0, "num_citations_5y": 0, "num_publications_10y": 0, "num_citations_10y": 0, "publications_years": {"2000": 1}, "citations_years": {}, "old_citations": {"2000": 0}, "isVisible": false}, "2224247126": {"name": "y s dymarsky", "type": "author", "activity": 1, "h_index": 0, "h5_index": 0, "mag_id": "2224247126", "num_publications": 1, "num_citations": 0, "num_publications_5y": 0, "num_citations_5y": 0, "num_publications_10y": 0, "num_citations_10y": 0, "publications_years": {"2000": 1}, "citations_years": {}, "old_citations": {"2000": 0}, "isVisible": false}, "2225131904": {"name": "s a gorev", "type": "author", "activity": 1, "h_index": 0, "h5_index": 0, "mag_id": "2225131904", "num_publications": 1, "num_citations": 0, "num_publications_5y": 0, "num_citations_5y": 0, "num_publications_10y": 0, "num_citations_10y": 0, "publications_years": {"2000": 1}, "citations_years": {}, "old_citations": {"2000": 0}, "isVisible": false}, "2225430304": {"name": "m v nourmieva", "type": "author", "activity": 1, "h_index": 0, "h5_index": 0, "mag_id": "2225430304", "num_publications": 1, "num_citations": 0, "num_publications_5y": 0, "num_citations_5y": 0, "num_publications_10y": 0, "num_citations_10y": 0, "publications_years": {"2000": 1}, "citations_years": {}, "old_citations": {"2000": 0}, "isVisible": false}, "2225641407": {"name": "a k nekhai", "type": "author", "activity": 1, "h_index": 0, "h5_index": 0, "mag_id": "2225641407", "num_publications": 1, "num_citations": 0, "num_publications_5y": 0, "num_citations_5y": 0, "num_publications_10y": 0, "num_citations_10y": 0, "publications_years": {"1999": 1}, "citations_years": {}, "old_citations": {"1999": 0}, "isVisible": false}, "2225957952": {"name": "a p zhyvkov", "type": "author", "activity": 1, "h_index": 0, "h5_index": 0, "mag_id": "2225957952", "num_publications": 1, "num_citations": 0, "num_publications_5y": 0, "num_citations_5y": 0, "num_publications_10y": 0, "num_citations_10y": 0, "publications_years": {"1999": 1}, "citations_years": {}, "old_citations": {"1999": 0}, "isVisible": false}, "2227429729": {"name": "v e yaskevich", "type": "author", "activity": 1, "h_index": 1, "h5_index": 0, "mag_id": "2227429729", "num_publications": 1, "num_citations": 1, "num_publications_5y": 0, "num_citations_5y": 0, "num_publications_10y": 0, "num_citations_10y": 0, "publications_years": {"1999": 1}, "citations_years": {"2003": 1}, "old_citations": {"1999": 1}, "isVisible": false}, "2227525029": {"name": "m yu allyev", "type": "author", "activity": 1, "h_index": 0, "h5_index": 0, "mag_id": "2227525029", "num_publications": 1, "num_citations": 0, "num_publications_5y": 0, "num_citations_5y": 0, "num_publications_10y": 0, "num_citations_10y": 0, "publications_years": {"2000": 1}, "citations_years": {}, "old_citations": {"2000": 0}, "isVisible": false}, "2227806551": {"name": "t n narrytunyk", "type": "author", "activity": 1, "h_index": 0, "h5_index": 0, "mag_id": "2227806551", "num_publications": 1, "num_citations": 0, "num_publications_5y": 0, "num_citations_5y": 0, "num_publications_10y": 0, "num_citations_10y": 0, "publications_years": {"2000": 1}, "citations_years": {}, "old_citations": {"2000": 0}, "isVisible": false}, "2227815175": {"name": "s a popov", "type": "author", "activity": 1, "h_index": 0, "h5_index": 0, "mag_id": "2227815175", "num_publications": 1, "num_citations": 0, "num_publications_5y": 0, "num_citations_5y": 0, "num_publications_10y": 0, "num_citations_10y": 0, "publications_years": {"2000": 1}, "citations_years": {}, "old_citations": {"2000": 0}, "isVisible": false}, "2228174896": {"name": "y v kalitin", "type": "author", "activity": 1, "h_index": 0, "h5_index": 0, "mag_id": "2228174896", "num_publications": 1, "num_citations": 0, "num_publications_5y": 0, "num_citations_5y": 0, "num_publications_10y": 0, "num_citations_10y": 0, "publications_years": {"2000": 1}, "citations_years": {}, "old_citations": {"2000": 0}, "isVisible": false}, "2228452949": {"name": "e t shoryk", "type": "author", "activity": 1, "h_index": 0, "h5_index": 0, "mag_id": "2228452949", "num_publications": 1, "num_citations": 0, "num_publications_5y": 0, "num_citations_5y": 0, "num_publications_10y": 0, "num_citations_10y": 0, "publications_years": {"2000": 1}, "citations_years": {}, "old_citations": {"2000": 0}, "isVisible": false}, "2228631864": {"name": "p a zalevskyi", "type": "author", "activity": 1, "h_index": 0, "h5_index": 0, "mag_id": "2228631864", "num_publications": 1, "num_citations": 0, "num_publications_5y": 0, "num_citations_5y": 0, "num_publications_10y": 0, "num_citations_10y": 0, "publications_years": {"2000": 1}, "citations_years": {}, "old_citations": {"2000": 0}, "isVisible": false}, "2228852944": {"name": "v l porshnev", "type": "author", "activity": 1, "h_index": 0, "h5_index": 0, "mag_id": "2228852944", "num_publications": 1, "num_citations": 0, "num_publications_5y": 0, "num_citations_5y": 0, "num_publications_10y": 0, "num_citations_10y": 0, "publications_years": {"2000": 1}, "citations_years": {}, "old_citations": {"2000": 0}, "isVisible": false}, "2228893232": {"name": "s a bezrukov", "type": "author", "activity": 1, "h_index": 0, "h5_index": 0, "mag_id": "2228893232", "num_publications": 1, "num_citations": 0, "num_publications_5y": 0, "num_citations_5y": 0, "num_publications_10y": 0, "num_citations_10y": 0, "publications_years": {"2000": 1}, "citations_years": {}, "old_citations": {"2000": 0}, "isVisible": false}, "2229207270": {"name": "s l truhan", "type": "author", "activity": 1, "h_index": 1, "h5_index": 0, "mag_id": "2229207270", "num_publications": 1, "num_citations": 1, "num_publications_5y": 0, "num_citations_5y": 0, "num_publications_10y": 0, "num_citations_10y": 0, "publications_years": {"1999": 1}, "citations_years": {"2003": 1}, "old_citations": {"1999": 1}, "isVisible": false}, "2229503694": {"name": "j l maksimenco", "type": "author", "activity": 1, "h_index": 0, "h5_index": 0, "mag_id": "2229503694", "num_publications": 1, "num_citations": 0, "num_publications_5y": 0, "num_citations_5y": 0, "num_publications_10y": 0, "num_citations_10y": 0, "publications_years": {"1999": 1}, "citations_years": {}, "old_citations": {"1999": 0}, "isVisible": false}, "2230188179": {"name": "s p ulukov", "type": "author", "activity": 1, "h_index": 1, "h5_index": 0, "mag_id": "2230188179", "num_publications": 1, "num_citations": 1, "num_publications_5y": 0, "num_citations_5y": 0, "num_publications_10y": 0, "num_citations_10y": 0, "publications_years": {"1999": 1}, "citations_years": {"2003": 1}, "old_citations": {"1999": 1}, "isVisible": false}, "2230487979": {"name": "a g nezhurenko", "type": "author", "activity": 1, "h_index": 0, "h5_index": 0, "mag_id": "2230487979", "num_publications": 1, "num_citations": 0, "num_publications_5y": 0, "num_citations_5y": 0, "num_publications_10y": 0, "num_citations_10y": 0, "publications_years": {"2000": 1}, "citations_years": {}, "old_citations": {"2000": 0}, "isVisible": false}, "2231235805": {"name": "a v bugaisky", "type": "author", "activity": 1, "h_index": 0, "h5_index": 0, "mag_id": "2231235805", "num_publications": 1, "num_citations": 0, "num_publications_5y": 0, "num_citations_5y": 0, "num_publications_10y": 0, "num_citations_10y": 0, "publications_years": {"2000": 1}, "citations_years": {}, "old_citations": {"2000": 0}, "isVisible": false}, "2231403158": {"name": "g y savchenko", "type": "author", "activity": 1, "h_index": 0, "h5_index": 0, "mag_id": "2231403158", "num_publications": 1, "num_citations": 0, "num_publications_5y": 0, "num_citations_5y": 0, "num_publications_10y": 0, "num_citations_10y": 0, "publications_years": {"1999": 1}, "citations_years": {}, "old_citations": {"1999": 0}, "isVisible": false}, "2231618542": {"name": "m p bojchenko", "type": "author", "activity": 1, "h_index": 0, "h5_index": 0, "mag_id": "2231618542", "num_publications": 1, "num_citations": 0, "num_publications_5y": 0, "num_citations_5y": 0, "num_publications_10y": 0, "num_citations_10y": 0, "publications_years": {"2000": 1}, "citations_years": {}, "old_citations": {"2000": 0}, "isVisible": false}, "2307788145": {"name": "v y kazimirenko", "type": "author", "activity": 1, "h_index": 0, "h5_index": 0, "mag_id": "2307788145", "num_publications": 1, "num_citations": 0, "num_publications_5y": 0, "num_citations_5y": 0, "num_publications_10y": 0, "num_citations_10y": 0, "publications_years": {"1999": 1}, "citations_years": {}, "old_citations": {"1999": 0}, "isVisible": false}, "2312146383": {"name": "a a lipatov", "type": "author", "activity": 1, "h_index": 0, "h5_index": 0, "mag_id": "2312146383", "num_publications": 1, "num_citations": 0, "num_publications_5y": 0, "num_citations_5y": 0, "num_publications_10y": 0, "num_citations_10y": 0, "publications_years": {"1999": 1}, "citations_years": {}, "old_citations": {"1999": 0}, "isVisible": false}, "2419897861": {"name": "a a makarov", "type": "author", "activity": 1, "h_index": 0, "h5_index": 0, "mag_id": "2419897861", "num_publications": 1, "num_citations": 0, "num_publications_5y": 0, "num_citations_5y": 0, "num_publications_10y": 0, "num_citations_10y": 0, "publications_years": {"1999": 1}, "citations_years": {}, "old_citations": {"1999": 0}, "isVisible": false}, "2435926782": {"name": "a m serzhantov", "type": "author", "activity": 1, "h_index": 1, "h5_index": 0, "mag_id": "2435926782", "num_publications": 1, "num_citations": 1, "num_publications_5y": 0, "num_citations_5y": 0, "num_publications_10y": 0, "num_citations_10y": 1, "publications_years": {"2000": 1}, "citations_years": {"2010": 1}, "old_citations": {"2000": 1}, "isVisible": false}, "2436047952": {"name": "a a makarov", "type": "author", "activity": 1, "h_index": 0, "h5_index": 0, "mag_id": "2436047952", "num_publications": 1, "num_citations": 0, "num_publications_5y": 0, "num_citations_5y": 0, "num_publications_10y": 0, "num_citations_10y": 0, "publications_years": {"1999": 1}, "citations_years": {}, "old_citations": {"1999": 0}, "isVisible": false}, "2562221303": {"name": "o n lebedev", "type": "author", "activity": 1, "h_index": 1, "h5_index": 0, "mag_id": "2562221303", "num_publications": 1, "num_citations": 1, "num_publications_5y": 0, "num_citations_5y": 0, "num_publications_10y": 0, "num_citations_10y": 0, "publications_years": {"2000": 1}, "citations_years": {"2004": 1}, "old_citations": {"2000": 1}, "isVisible": false}, "2571905768": {"name": "o n lebedev", "type": "author", "activity": 1, "h_index": 0, "h5_index": 0, "mag_id": "2571905768", "num_publications": 1, "num_citations": 0, "num_publications_5y": 0, "num_citations_5y": 0, "num_publications_10y": 0, "num_citations_10y": 0, "publications_years": {"2000": 1}, "citations_years": {}, "old_citations": {"2000": 0}, "isVisible": false}, "2574916551": {"name": "v kanevsky", "type": "author", "activity": 1, "h_index": 0, "h5_index": 0, "mag_id": "2574916551", "num_publications": 1, "num_citations": 0, "num_publications_5y": 0, "num_citations_5y": 0, "num_publications_10y": 0, "num_citations_10y": 0, "publications_years": {"2000": 1}, "citations_years": {}, "old_citations": {"2000": 0}, "isVisible": false}, "2577590755": {"name": "a v kryukov", "type": "author", "activity": 1, "h_index": 0, "h5_index": 0, "mag_id": "2577590755", "num_publications": 1, "num_citations": 0, "num_publications_5y": 0, "num_citations_5y": 0, "num_publications_10y": 0, "num_citations_10y": 0, "publications_years": {"2000": 1}, "citations_years": {}, "old_citations": {"2000": 0}, "isVisible": false}, "2588062957": {"name": "e a kovalevsky", "type": "author", "activity": 1, "h_index": 0, "h5_index": 0, "mag_id": "2588062957", "num_publications": 1, "num_citations": 0, "num_publications_5y": 0, "num_citations_5y": 0, "num_publications_10y": 0, "num_citations_10y": 0, "publications_years": {"1999": 1}, "citations_years": {}, "old_citations": {"1999": 0}, "isVisible": false}, "2627374842": {"name": "i v gorbach", "type": "author", "activity": 1, "h_index": 0, "h5_index": 0, "mag_id": "2627374842", "num_publications": 1, "num_citations": 0, "num_publications_5y": 0, "num_citations_5y": 0, "num_publications_10y": 0, "num_citations_10y": 0, "publications_years": {"2000": 1}, "citations_years": {}, "old_citations": {"2000": 0}, "isVisible": false}, "2627533660": {"name": "m e ilchenko", "type": "author", "activity": 1, "h_index": 0, "h5_index": 0, "mag_id": "2627533660", "num_publications": 1, "num_citations": 0, "num_publications_5y": 0, "num_citations_5y": 0, "num_publications_10y": 0, "num_citations_10y": 0, "publications_years": {"2000": 1}, "citations_years": {}, "old_citations": {"2000": 0}, "isVisible": false}, "2627672589": {"name": "e t skorik", "type": "author", "activity": 1, "h_index": 0, "h5_index": 0, "mag_id": "2627672589", "num_publications": 1, "num_citations": 0, "num_publications_5y": 0, "num_citations_5y": 0, "num_publications_10y": 0, "num_citations_10y": 0, "publications_years": {"1999": 1}, "citations_years": {}, "old_citations": {"1999": 0}, "isVisible": false}, "2627771987": {"name": "v k marigodov", "type": "author", "activity": 1, "h_index": 0, "h5_index": 0, "mag_id": "2627771987", "num_publications": 1, "num_citations": 0, "num_publications_5y": 0, "num_citations_5y": 0, "num_publications_10y": 0, "num_citations_10y": 0, "publications_years": {"1999": 1}, "citations_years": {}, "old_citations": {"1999": 0}, "isVisible": false}, "2628736825": {"name": "g v merkishin", "type": "author", "activity": 1, "h_index": 0, "h5_index": 0, "mag_id": "2628736825", "num_publications": 1, "num_citations": 0, "num_publications_5y": 0, "num_citations_5y": 0, "num_publications_10y": 0, "num_citations_10y": 0, "publications_years": {"2000": 1}, "citations_years": {}, "old_citations": {"2000": 0}, "isVisible": false}, "2629872149": {"name": "k s sunduchkov", "type": "author", "activity": 19, "h_index": 1, "h5_index": 0, "mag_id": "2629872149", "num_publications": 1, "num_citations": 0, "num_publications_5y": 0, "num_citations_5y": 0, "num_publications_10y": 0, "num_citations_10y": 0, "publications_years": {"1999": 1}, "citations_years": {}, "old_citations": {"1999": 0}, "isVisible": false}, "2631330904": {"name": "e v glushko", "type": "author", "activity": 1, "h_index": 0, "h5_index": 0, "mag_id": "2631330904", "num_publications": 1, "num_citations": 0, "num_publications_5y": 0, "num_citations_5y": 0, "num_publications_10y": 0, "num_citations_10y": 0, "publications_years": {"2000": 1}, "citations_years": {}, "old_citations": {"2000": 0}, "isVisible": false}, "2632094254": {"name": "m e ilchenko", "type": "author", "activity": 3, "h_index": 1, "h5_index": 0, "mag_id": "2632094254", "num_publications": 1, "num_citations": 0, "num_publications_5y": 0, "num_citations_5y": 0, "num_publications_10y": 0, "num_citations_10y": 0, "publications_years": {"1999": 1}, "citations_years": {}, "old_citations": {"1999": 0}, "isVisible": false}, "2635549096": {"name": "t n naritnik", "type": "author", "activity": 1, "h_index": 0, "h5_index": 0, "mag_id": "2635549096", "num_publications": 1, "num_citations": 0, "num_publications_5y": 0, "num_citations_5y": 0, "num_publications_10y": 0, "num_citations_10y": 0, "publications_years": {"2000": 1}, "citations_years": {}, "old_citations": {"2000": 0}, "isVisible": false}, "2637809079": {"name": "v v khilenko", "type": "author", "activity": 1, "h_index": 0, "h5_index": 0, "mag_id": "2637809079", "num_publications": 1, "num_citations": 0, "num_publications_5y": 0, "num_citations_5y": 0, "num_publications_10y": 0, "num_citations_10y": 0, "publications_years": {"2000": 1}, "citations_years": {}, "old_citations": {"2000": 0}, "isVisible": false}, "2638232861": {"name": "g i churyumov", "type": "author", "activity": 1, "h_index": 0, "h5_index": 0, "mag_id": "2638232861", "num_publications": 1, "num_citations": 0, "num_publications_5y": 0, "num_citations_5y": 0, "num_publications_10y": 0, "num_citations_10y": 0, "publications_years": {"1999": 1}, "citations_years": {}, "old_citations": {"1999": 0}, "isVisible": false}, "2639396813": {"name": "a a lipatov", "type": "author", "activity": 1, "h_index": 0, "h5_index": 0, "mag_id": "2639396813", "num_publications": 1, "num_citations": 0, "num_publications_5y": 0, "num_citations_5y": 0, "num_publications_10y": 0, "num_citations_10y": 0, "publications_years": {"2000": 1}, "citations_years": {}, "old_citations": {"2000": 0}, "isVisible": false}, "2642666860": {"name": "v v dvorkin", "type": "author", "activity": 1, "h_index": 0, "h5_index": 0, "mag_id": "2642666860", "num_publications": 1, "num_citations": 0, "num_publications_5y": 0, "num_citations_5y": 0, "num_publications_10y": 0, "num_citations_10y": 0, "publications_years": {"2000": 1}, "citations_years": {}, "old_citations": {"2000": 0}, "isVisible": false}, "2642694321": {"name": "v b kasimenko", "type": "author", "activity": 1, "h_index": 0, "h5_index": 0, "mag_id": "2642694321", "num_publications": 1, "num_citations": 0, "num_publications_5y": 0, "num_citations_5y": 0, "num_publications_10y": 0, "num_citations_10y": 0, "publications_years": {"1999": 1}, "citations_years": {}, "old_citations": {"1999": 0}, "isVisible": false}, "2643304071": {"name": "y b guimpilevitch", "type": "author", "activity": 1, "h_index": 0, "h5_index": 0, "mag_id": "2643304071", "num_publications": 1, "num_citations": 0, "num_publications_5y": 0, "num_citations_5y": 0, "num_publications_10y": 0, "num_citations_10y": 0, "publications_years": {"1999": 1}, "citations_years": {}, "old_citations": {"1999": 0}, "isVisible": false}, "2651483909": {"name": "v f korsak", "type": "author", "activity": 1, "h_index": 0, "h5_index": 0, "mag_id": "2651483909", "num_publications": 1, "num_citations": 0, "num_publications_5y": 0, "num_citations_5y": 0, "num_publications_10y": 0, "num_citations_10y": 0, "publications_years": {"1999": 1}, "citations_years": {}, "old_citations": {"1999": 0}, "isVisible": false}, "2652933134": {"name": "b krasnoyarsky", "type": "author", "activity": 1, "h_index": 0, "h5_index": 0, "mag_id": "2652933134", "num_publications": 1, "num_citations": 0, "num_publications_5y": 0, "num_citations_5y": 0, "num_publications_10y": 0, "num_citations_10y": 0, "publications_years": {"1999": 1}, "citations_years": {}, "old_citations": {"1999": 0}, "isVisible": false}, "2655991633": {"name": "t m fedorova", "type": "author", "activity": 1, "h_index": 0, "h5_index": 0, "mag_id": "2655991633", "num_publications": 1, "num_citations": 0, "num_publications_5y": 0, "num_citations_5y": 0, "num_publications_10y": 0, "num_citations_10y": 0, "publications_years": {"1999": 1}, "citations_years": {}, "old_citations": {"1999": 0}, "isVisible": false}, "2658038895": {"name": "m a kolomytzev", "type": "author", "activity": 1, "h_index": 0, "h5_index": 0, "mag_id": "2658038895", "num_publications": 1, "num_citations": 0, "num_publications_5y": 0, "num_citations_5y": 0, "num_publications_10y": 0, "num_citations_10y": 0, "publications_years": {"2000": 1}, "citations_years": {}, "old_citations": {"2000": 0}, "isVisible": false}, "2659979910": {"name": "v v akunets", "type": "author", "activity": 1, "h_index": 1, "h5_index": 0, "mag_id": "2659979910", "num_publications": 1, "num_citations": 1, "num_publications_5y": 0, "num_citations_5y": 0, "num_publications_10y": 0, "num_citations_10y": 0, "publications_years": {"1999": 1}, "citations_years": {"2003": 1}, "old_citations": {"1999": 1}, "isVisible": false}, "2661821948": {"name": "t n naritnic", "type": "author", "activity": 1, "h_index": 0, "h5_index": 0, "mag_id": "2661821948", "num_publications": 1, "num_citations": 0, "num_publications_5y": 0, "num_citations_5y": 0, "num_publications_10y": 0, "num_citations_10y": 0, "publications_years": {"2000": 1}, "citations_years": {}, "old_citations": {"2000": 0}, "isVisible": false}, "2664352590": {"name": "a g voytenko", "type": "author", "activity": 1, "h_index": 0, "h5_index": 0, "mag_id": "2664352590", "num_publications": 1, "num_citations": 0, "num_publications_5y": 0, "num_citations_5y": 0, "num_publications_10y": 0, "num_citations_10y": 0, "publications_years": {"2000": 1}, "citations_years": {}, "old_citations": {"2000": 0}, "isVisible": false}, "2664633366": {"name": "v n kopusov", "type": "author", "activity": 1, "h_index": 0, "h5_index": 0, "mag_id": "2664633366", "num_publications": 1, "num_citations": 0, "num_publications_5y": 0, "num_citations_5y": 0, "num_publications_10y": 0, "num_citations_10y": 0, "publications_years": {"1999": 1}, "citations_years": {}, "old_citations": {"1999": 0}, "isVisible": false}, "2665241010": {"name": "v m iskiv", "type": "author", "activity": 3, "h_index": 0, "h5_index": 0, "mag_id": "2665241010", "num_publications": 1, "num_citations": 0, "num_publications_5y": 0, "num_citations_5y": 0, "num_publications_10y": 0, "num_citations_10y": 0, "publications_years": {"2000": 1}, "citations_years": {}, "old_citations": {"2000": 0}, "isVisible": false}, "2678168713": {"name": "v v konin", "type": "author", "activity": 1, "h_index": 0, "h5_index": 0, "mag_id": "2678168713", "num_publications": 1, "num_citations": 0, "num_publications_5y": 0, "num_citations_5y": 0, "num_publications_10y": 0, "num_citations_10y": 0, "publications_years": {"1999": 1}, "citations_years": {}, "old_citations": {"1999": 0}, "isVisible": false}, "2684586251": {"name": "t i frolova", "type": "author", "activity": 1, "h_index": 0, "h5_index": 0, "mag_id": "2684586251", "num_publications": 1, "num_citations": 0, "num_publications_5y": 0, "num_citations_5y": 0, "num_publications_10y": 0, "num_citations_10y": 0, "publications_years": {"1999": 1}, "citations_years": {}, "old_citations": {"1999": 0}, "isVisible": false}, "2685877157": {"name": "s a kravchuk", "type": "author", "activity": 1, "h_index": 0, "h5_index": 0, "mag_id": "2685877157", "num_publications": 1, "num_citations": 0, "num_publications_5y": 0, "num_citations_5y": 0, "num_publications_10y": 0, "num_citations_10y": 0, "publications_years": {"2000": 1}, "citations_years": {}, "old_citations": {"2000": 0}, "isVisible": false}, "2690166349": {"name": "a g lukyanchuk", "type": "author", "activity": 1, "h_index": 0, "h5_index": 0, "mag_id": "2690166349", "num_publications": 1, "num_citations": 0, "num_publications_5y": 0, "num_citations_5y": 0, "num_publications_10y": 0, "num_citations_10y": 0, "publications_years": {"1999": 1}, "citations_years": {}, "old_citations": {"1999": 0}, "isVisible": false}, "2690930388": {"name": "i l poliakov", "type": "author", "activity": 1, "h_index": 1, "h5_index": 0, "mag_id": "2690930388", "num_publications": 1, "num_citations": 1, "num_publications_5y": 0, "num_citations_5y": 0, "num_publications_10y": 0, "num_citations_10y": 0, "publications_years": {"2000": 1}, "citations_years": {"2004": 1}, "old_citations": {"2000": 1}, "isVisible": false}, "2691303136": {"name": "t n naritnik", "type": "author", "activity": 1, "h_index": 0, "h5_index": 0, "mag_id": "2691303136", "num_publications": 1, "num_citations": 0, "num_publications_5y": 0, "num_citations_5y": 0, "num_publications_10y": 0, "num_citations_10y": 0, "publications_years": {"2000": 1}, "citations_years": {}, "old_citations": {"2000": 0}, "isVisible": false}, "2692813867": {"name": "v v konin", "type": "author", "activity": 1, "h_index": 0, "h5_index": 0, "mag_id": "2692813867", "num_publications": 1, "num_citations": 0, "num_publications_5y": 0, "num_citations_5y": 0, "num_publications_10y": 0, "num_citations_10y": 0, "publications_years": {"2000": 1}, "citations_years": {}, "old_citations": {"2000": 0}, "isVisible": false}, "2693882832": {"name": "p y ksenzenko", "type": "author", "activity": 1, "h_index": 0, "h5_index": 0, "mag_id": "2693882832", "num_publications": 1, "num_citations": 0, "num_publications_5y": 0, "num_citations_5y": 0, "num_publications_10y": 0, "num_citations_10y": 0, "publications_years": {"2000": 1}, "citations_years": {}, "old_citations": {"2000": 0}, "isVisible": false}, "2699045691": {"name": "i v gorbach", "type": "author", "activity": 1, "h_index": 0, "h5_index": 0, "mag_id": "2699045691", "num_publications": 1, "num_citations": 0, "num_publications_5y": 0, "num_citations_5y": 0, "num_publications_10y": 0, "num_citations_10y": 0, "publications_years": {"1999": 1}, "citations_years": {}, "old_citations": {"1999": 0}, "isVisible": false}, "2701156309": {"name": "e a kovalevsky", "type": "author", "activity": 1, "h_index": 0, "h5_index": 0, "mag_id": "2701156309", "num_publications": 1, "num_citations": 0, "num_publications_5y": 0, "num_citations_5y": 0, "num_publications_10y": 0, "num_citations_10y": 0, "publications_years": {"2000": 1}, "citations_years": {}, "old_citations": {"2000": 0}, "isVisible": false}, "2701873890": {"name": "s s sorokin", "type": "author", "activity": 1, "h_index": 0, "h5_index": 0, "mag_id": "2701873890", "num_publications": 1, "num_citations": 0, "num_publications_5y": 0, "num_citations_5y": 0, "num_publications_10y": 0, "num_citations_10y": 0, "publications_years": {"2000": 1}, "citations_years": {}, "old_citations": {"2000": 0}, "isVisible": false}, "2703969110": {"name": "v v vertegel", "type": "author", "activity": 1, "h_index": 0, "h5_index": 0, "mag_id": "2703969110", "num_publications": 1, "num_citations": 0, "num_publications_5y": 0, "num_citations_5y": 0, "num_publications_10y": 0, "num_citations_10y": 0, "publications_years": {"1999": 1}, "citations_years": {}, "old_citations": {"1999": 0}, "isVisible": false}, "2706535638": {"name": "a a savochkin", "type": "author", "activity": 1, "h_index": 0, "h5_index": 0, "mag_id": "2706535638", "num_publications": 1, "num_citations": 0, "num_publications_5y": 0, "num_citations_5y": 0, "num_publications_10y": 0, "num_citations_10y": 0, "publications_years": {"2000": 1}, "citations_years": {}, "old_citations": {"2000": 0}, "isVisible": false}, "2710506595": {"name": "yu p mikhaylyuk", "type": "author", "activity": 1, "h_index": 0, "h5_index": 0, "mag_id": "2710506595", "num_publications": 1, "num_citations": 0, "num_publications_5y": 0, "num_citations_5y": 0, "num_publications_10y": 0, "num_citations_10y": 0, "publications_years": {"2000": 1}, "citations_years": {}, "old_citations": {"2000": 0}, "isVisible": false}, "2710687899": {"name": "v i dranovsky", "type": "author", "activity": 1, "h_index": 0, "h5_index": 0, "mag_id": "2710687899", "num_publications": 1, "num_citations": 0, "num_publications_5y": 0, "num_citations_5y": 0, "num_publications_10y": 0, "num_citations_10y": 0, "publications_years": {"1999": 1}, "citations_years": {}, "old_citations": {"1999": 0}, "isVisible": false}, "2718137804": {"name": "a a lipatov", "type": "author", "activity": 1, "h_index": 0, "h5_index": 0, "mag_id": "2718137804", "num_publications": 1, "num_citations": 0, "num_publications_5y": 0, "num_citations_5y": 0, "num_publications_10y": 0, "num_citations_10y": 0, "publications_years": {"1999": 1}, "citations_years": {}, "old_citations": {"1999": 0}, "isVisible": false}, "2723761419": {"name": "v k marigodov", "type": "author", "activity": 1, "h_index": 0, "h5_index": 0, "mag_id": "2723761419", "num_publications": 1, "num_citations": 0, "num_publications_5y": 0, "num_citations_5y": 0, "num_publications_10y": 0, "num_citations_10y": 0, "publications_years": {"2000": 1}, "citations_years": {}, "old_citations": {"2000": 0}, "isVisible": false}, "2789284222": {"name": "a a negoda", "type": "author", "activity": 1, "h_index": 0, "h5_index": 0, "mag_id": "2789284222", "num_publications": 1, "num_citations": 0, "num_publications_5y": 0, "num_citations_5y": 0, "num_publications_10y": 0, "num_citations_10y": 0, "publications_years": {"1999": 1}, "citations_years": {}, "old_citations": {"1999": 0}, "isVisible": false}, "2790261754": {"name": "a a makarov", "type": "author", "activity": 3, "h_index": 1, "h5_index": 0, "mag_id": "2790261754", "num_publications": 1, "num_citations": 0, "num_publications_5y": 0, "num_citations_5y": 0, "num_publications_10y": 0, "num_citations_10y": 0, "publications_years": {"1999": 1}, "citations_years": {}, "old_citations": {"1999": 0}, "isVisible": false}, "2791930614": {"name": "v g komarov", "type": "author", "activity": 1, "h_index": 0, "h5_index": 0, "mag_id": "2791930614", "num_publications": 1, "num_citations": 0, "num_publications_5y": 0, "num_citations_5y": 0, "num_publications_10y": 0, "num_citations_10y": 0, "publications_years": {"1999": 1}, "citations_years": {}, "old_citations": {"1999": 0}, "isVisible": false}, "2894148791": {"name": "v n shepov", "type": "author", "activity": 1, "h_index": 1, "h5_index": 0, "mag_id": "2894148791", "num_publications": 1, "num_citations": 1, "num_publications_5y": 0, "num_citations_5y": 0, "num_publications_10y": 0, "num_citations_10y": 1, "publications_years": {"2000": 1}, "citations_years": {"2010": 1}, "old_citations": {"2000": 1}, "isVisible": false}}, "countries": {"Germany": {"name": "Germany", "type": "country", "h5_index": 139, "num_publications": 1, "num_citations": 0, "num_publications_5y": 0, "num_citations_5y": 0, "num_publications_10y": 0, "num_citations_10y": 0, "publications_years": {"2000": 1}, "citations_years": {}, "old_citations": {"2000": 0}, "isVisible": false}}}, "conference_comparison": {"computer science": {}}, "topics_dna": {"publications": {}, "citations": {"normalized": {}, "average": {}}}, "info": {"num_publications": 38, "num_citations": 4.0, "impact_factor": {}, "publications_years": {"2000": 24, "1999": 14}, "citations_years": {"2003": 1, "2004": 2, "2005": 0, "2006": 0, "2007": 0, "2008": 0, "2009": 0, "2010": 1}, "old_citations": {"2000": 3, "1999": 1}, "h5_index": 0}, "percentile": {"computer science": {"2000": 81, "1999": 83}}, "conference_ranking": {"computer science": {"2000": 772, "1999": 687}}, "academia": {"num_publications": 1, "num_citations": 0, "publications_years": {"2000": 1}, "old_citations": {"2000": 0}, "num_publications_5y": 0, "num_citations_5y": 0, "num_publications_10y": 0, "num_citations_10y": 0}, "industry": {"num_publications": 0, "num_citations": 0, "publications_years": {}, "old_citations": {}, "num_publications_5y": 0, "num_citations_5y": 0, "num_publications_10y": 0, "num_citations_10y": 0}, "collaborative": {"num_publications": 0, "num_citations": 0, "publications_years": {}, "old_citations": {}, "num_publications_5y": 0, "num_citations_5y": 0, "num_publications_10y": 0, "num_citations_10y": 0}, "conferences": {}, "journals": {}, "organizations": {"publication_overall": ["Karlsruhe Institute of Technology"], "citation_overall": ["Karlsruhe Institute of Technology"], "publication_10_years": [], "citation_10_years": [], "publication_5_years": [], "citation_5_years": []}, "countries": {"publication_overall": ["Germany"], "citation_overall": ["Germany"], "publication_10_years": [], "citation_10_years": [], "publication_5_years": [], "citation_5_years": []}, "topics": {"publication_overall": ["computer science", "computer systems", "telecommunication systems", "communication systems", "computer networks", "wireless telecommunication systems", "communication channels (information theory)", "telecommunication networks", "engineering", "signal processing", "mobile telecommunication systems", "mathematics", "bandwidth", "signal to noise ratio", "antennas", "communication", "communication satellites", "computer hardware", "satellite communication systems", "satellite system"], "citation_overall": ["communication channels (information theory)", "communication systems", "computer networks", "computer science", "computer systems", "telecommunication systems", "wireless telecommunication systems", "antennas", "mathematics", "telecommunication networks", "bandwidth", "engineering", "mobile telecommunication systems", "signal processing", "signal to noise ratio", "advanced systems", "antenna arrays", "binary codes", "bit error rate", "broadband"], "publication_10_years": [], "citation_10_years": [], "publication_5_years": [], "citation_5_years": []}, "main_topics": ["computer science"], "authors": {"publication_overall": ["2635848972", "2648332737", "2651135116", "2661758238", "2667472212", "2686061615", "2705300273", "393190837", "1116392699", "1897871710", "1984508858", "2194764712", "2222195317", "2222286179", "2222315036", "2222442667", "2222724865", "2222824621", "2223089610", "2223152629", "2223532916", "2223573898", "2223730577", "2223853729", "2224247126", "2225131904", "2225430304", "2225641407", "2225957952", "2227429729", "2227525029", "2227806551", "2227815175", "2228174896", "2228452949", "2228631864", "2228852944", "2228893232", "2229207270", "2229503694", "2230188179", "2230487979", "2231235805", "2231403158", "2231618542", "2307788145", "2312146383", "2419897861", "2435926782", "2436047952", "2562221303", "2571905768", "2574916551", "2577590755", "2588062957", "2627374842", "2627533660", "2627672589", "2627771987", "2628736825", "2629872149", "2631330904", "2632094254", "2635549096", "2637809079", "2638232861", "2639396813", "2642666860", "2642694321", "2643304071", "2651483909", "2652933134", "2655991633", "2658038895", "2659979910", "2661821948", "2664352590", "2664633366", "2665241010", "2678168713", "2684586251", "2685877157", "2690166349", "2690930388", "2691303136", "2692813867", "2693882832", "2699045691", "2701156309", "2701873890", "2703969110", "2706535638", "2710506595", "2710687899", "2718137804", "2723761419", "2789284222", "2790261754", "2791930614", "2894148791"], "citation_overall": ["1116392699", "1897871710", "2223532916", "2223573898", "2227429729", "2229207270", "2230188179", "2435926782", "2562221303", "2659979910", "2690930388", "2894148791", "393190837", "1984508858", "2194764712", "2222195317", "2222286179", "2222315036", "2222442667", "2222724865", "2222824621", "2223089610", "2223152629", "2223730577", "2223853729", "2224247126", "2225131904", "2225430304", "2225641407", "2225957952", "2227525029", "2227806551", "2227815175", "2228174896", "2228452949", "2228631864", "2228852944", "2228893232", "2229503694", "2230487979", "2231235805", "2231403158", "2231618542", "2307788145", "2312146383", "2419897861", "2436047952", "2571905768", "2574916551", "2577590755", "2588062957", "2627374842", "2627533660", "2627672589", "2627771987", "2628736825", "2629872149", "2631330904", "2632094254", "2635549096", "2635848972", "2637809079", "2638232861", "2639396813", "2642666860", "2642694321", "2643304071", "2648332737", "2651135116", "2651483909", "2652933134", "2655991633", "2658038895", "2661758238", "2661821948", "2664352590", "2664633366", "2665241010", "2667472212", "2678168713", "2684586251", "2685877157", "2686061615", "2690166349", "2691303136", "2692813867", "2693882832", "2699045691", "2701156309", "2701873890", "2703969110", "2705300273", "2706535638", "2710506595", "2710687899", "2718137804", "2723761419", "2789284222", "2790261754", "2791930614"], "publication_10_years": [], "citation_10_years": [], "publication_5_years": [], "citation_5_years": []}, "industrial_sectors": {"publication_overall": [], "citation_overall": [], "publication_10_years": [], "citation_10_years": [], "publication_5_years": [], "citation_5_years": []}}