{"name": "Nordic Workshop Programming Theory", "acronym": "NWPT", "type": "conference", "uniqueEntities": {"organizations": {"Technical University of Denmark": {"name": "Technical University of Denmark", "type": "organization", "organization_type": "Education", "h_index": 106, "h5_index": 36, "num_publications": 7, "num_citations": 10, "num_publications_5y": 2, "num_citations_5y": 3, "num_publications_10y": 5, "num_citations_10y": 5, "publications_years": {"2011": 1, "2015": 1, "2009": 2, "2006": 1, "2014": 1, "1999": 1}, "citations_years": {"2009": 1, "2010": 0, "2011": 0, "2012": 0, "2013": 1, "2014": 3, "1999": 1, "2000": 1, "2001": 0, "2002": 0, "2003": 0, "2004": 2, "2005": 0, "2006": 0, "2007": 0, "2008": 1}, "old_citations": {"2011": 0, "2015": 0, "2009": 1, "2006": 2, "2014": 15, "1999": 7}, "isVisible": false}, "Aalborg University": {"name": "Aalborg University", "type": "organization", "organization_type": "Education", "h_index": 132, "h5_index": 41, "num_publications": 5, "num_citations": 13, "num_publications_5y": 0, "num_citations_5y": 2, "num_publications_10y": 1, "num_citations_10y": 11, "publications_years": {"2006": 1, "2008": 2, "2009": 1, "2005": 1}, "citations_years": {"2007": 1, "2008": 1, "2009": 0, "2010": 0, "2011": 4, "2012": 4, "2013": 1, "2014": 0, "2015": 0, "2016": 0, "2017": 0, "2018": 2}, "old_citations": {"2006": 5, "2008": 1, "2009": 2, "2005": 5}, "isVisible": false}, "Uppsala University": {"name": "Uppsala University", "type": "organization", "organization_type": "Education", "h_index": 111, "h5_index": 30, "num_publications": 3, "num_citations": 10, "num_publications_5y": 2, "num_citations_5y": 8, "num_publications_10y": 3, "num_citations_10y": 8, "publications_years": {"2012": 1, "2015": 1, "2016": 1}, "citations_years": {"2015": 2, "2016": 1, "2017": 2, "2018": 3, "2019": 2}, "old_citations": {"2012": 8, "2015": 9, "2016": 1}, "isVisible": false}, "University of L\u00fcbeck": {"name": "University of L\u00fcbeck", "type": "organization", "organization_type": "Education", "h_index": 47, "h5_index": 19, "num_publications": 2, "num_citations": 0, "num_publications_5y": 2, "num_citations_5y": 0, "num_publications_10y": 2, "num_citations_10y": 0, "publications_years": {"2016": 1, "2018": 1}, "citations_years": {}, "old_citations": {"2016": 0, "2018": 0}, "isVisible": false}, "University of Oslo": {"name": "University of Oslo", "type": "organization", "organization_type": "Education", "h_index": 100, "h5_index": 39, "num_publications": 2, "num_citations": 0, "num_publications_5y": 2, "num_citations_5y": 0, "num_publications_10y": 2, "num_citations_10y": 0, "publications_years": {"2016": 1, "2018": 1}, "citations_years": {}, "old_citations": {"2016": 0, "2018": 0}, "isVisible": false}, "Ca Foscari University of Venice": {"name": "Ca Foscari University of Venice", "type": "organization", "organization_type": "Education", "h_index": 50, "h5_index": 19, "num_publications": 1, "num_citations": 2, "num_publications_5y": 0, "num_citations_5y": 1, "num_publications_10y": 0, "num_citations_10y": 2, "publications_years": {"2008": 1}, "citations_years": {"2011": 1, "2012": 0, "2013": 0, "2014": 0, "2015": 0, "2016": 0, "2017": 1}, "old_citations": {"2008": 2}, "isVisible": false}, "Eindhoven University of Technology": {"name": "Eindhoven University of Technology", "type": "organization", "organization_type": "Education", "h_index": 159, "h5_index": 40, "num_publications": 1, "num_citations": 0, "num_publications_5y": 1, "num_citations_5y": 0, "num_publications_10y": 1, "num_citations_10y": 0, "publications_years": {"2014": 1}, "citations_years": {}, "old_citations": {"2014": 0}, "isVisible": false}, "French Institute for Research in Computer Science and Automation": {"name": "French Institute for Research in Computer Science and Automation", "type": "organization", "organization_type": "Government", "h_index": 247, "h5_index": 53, "num_publications": 1, "num_citations": 0, "num_publications_5y": 1, "num_citations_5y": 0, "num_publications_10y": 1, "num_citations_10y": 0, "publications_years": {"2014": 1}, "citations_years": {}, "old_citations": {"2014": 15}, "isVisible": false}, "IT University of Copenhagen": {"name": "IT University of Copenhagen", "type": "organization", "organization_type": "Education", "h_index": 74, "h5_index": 24, "num_publications": 1, "num_citations": 0, "num_publications_5y": 0, "num_citations_5y": 0, "num_publications_10y": 0, "num_citations_10y": 0, "publications_years": {"2006": 1}, "citations_years": {}, "old_citations": {"2006": 0}, "isVisible": false}, "KU Leuven": {"name": "KU Leuven", "type": "organization", "organization_type": "Education", "h_index": 183, "h5_index": 52, "num_publications": 1, "num_citations": 0, "num_publications_5y": 0, "num_citations_5y": 0, "num_publications_10y": 1, "num_citations_10y": 0, "publications_years": {"2012": 1}, "citations_years": {}, "old_citations": {"2012": 0}, "isVisible": false}, "Lule\u00e5 University of Technology": {"name": "Lule\u00e5 University of Technology", "type": "organization", "organization_type": "Education", "h_index": 57, "h5_index": 36, "num_publications": 1, "num_citations": 0, "num_publications_5y": 0, "num_citations_5y": 0, "num_publications_10y": 0, "num_citations_10y": 0, "publications_years": {"2008": 1}, "citations_years": {}, "old_citations": {"2008": 0}, "isVisible": false}, "Reykjav\u00edk University": {"name": "Reykjav\u00edk University", "type": "organization", "organization_type": "Education", "h_index": 39, "h5_index": 11, "num_publications": 1, "num_citations": 1, "num_publications_5y": 0, "num_citations_5y": 1, "num_publications_10y": 0, "num_citations_10y": 1, "publications_years": {"2008": 1}, "citations_years": {"2018": 1}, "old_citations": {"2008": 1}, "isVisible": false}, "University of Copenhagen": {"name": "University of Copenhagen", "type": "organization", "organization_type": "Education", "h_index": 113, "h5_index": 35, "num_publications": 1, "num_citations": 0, "num_publications_5y": 1, "num_citations_5y": 0, "num_publications_10y": 1, "num_citations_10y": 0, "publications_years": {"2014": 1}, "citations_years": {}, "old_citations": {"2014": 15}, "isVisible": false}, "University of Novi Sad": {"name": "University of Novi Sad", "type": "organization", "organization_type": "Education", "h_index": 36, "h5_index": 16, "num_publications": 1, "num_citations": 0, "num_publications_5y": 1, "num_citations_5y": 0, "num_publications_10y": 1, "num_citations_10y": 0, "publications_years": {"2018": 1}, "citations_years": {}, "old_citations": {"2018": 0}, "isVisible": false}, "University of Paderborn": {"name": "University of Paderborn", "type": "organization", "organization_type": "Education", "h_index": 83, "h5_index": 24, "num_publications": 1, "num_citations": 3, "num_publications_5y": 0, "num_citations_5y": 0, "num_publications_10y": 0, "num_citations_10y": 1, "publications_years": {"2006": 1}, "citations_years": {"2007": 1, "2008": 1, "2009": 0, "2010": 0, "2011": 1}, "old_citations": {"2006": 3}, "isVisible": false}, "University of Twente": {"name": "University of Twente", "type": "organization", "organization_type": "Education", "h_index": 122, "h5_index": 27, "num_publications": 1, "num_citations": 0, "num_publications_5y": 1, "num_citations_5y": 0, "num_publications_10y": 1, "num_citations_10y": 0, "publications_years": {"2017": 1}, "citations_years": {}, "old_citations": {"2017": 0}, "isVisible": false}, "Universit\u00e9 Catholique de Louvain": {"name": "Universit\u00e9 Catholique de Louvain", "type": "organization", "organization_type": "Education", "h_index": 113, "h5_index": 28, "num_publications": 1, "num_citations": 0, "num_publications_5y": 1, "num_citations_5y": 0, "num_publications_10y": 1, "num_citations_10y": 0, "publications_years": {"2016": 1}, "citations_years": {}, "old_citations": {"2016": 0}, "isVisible": false}, "\u00c5bo Akademi University": {"name": "\u00c5bo Akademi University", "type": "organization", "organization_type": "Education", "h_index": 47, "h5_index": 12, "num_publications": 1, "num_citations": 8, "num_publications_5y": 0, "num_citations_5y": 1, "num_publications_10y": 0, "num_citations_10y": 8, "publications_years": {"2006": 1}, "citations_years": {"2009": 4, "2010": 1, "2011": 2, "2012": 0, "2013": 0, "2014": 0, "2015": 1}, "old_citations": {"2006": 8}, "isVisible": false}, "\u00c9cole Centrale Paris": {"name": "\u00c9cole Centrale Paris", "type": "organization", "organization_type": "Education", "h_index": 57, "h5_index": 15, "num_publications": 1, "num_citations": 5, "num_publications_5y": 0, "num_citations_5y": 1, "num_publications_10y": 0, "num_citations_10y": 3, "publications_years": {"2006": 1}, "citations_years": {"2007": 1, "2008": 1, "2009": 0, "2010": 0, "2011": 1, "2012": 1, "2013": 0, "2014": 0, "2015": 0, "2016": 0, "2017": 0, "2018": 1}, "old_citations": {"2006": 5}, "isVisible": false}}, "topics": {"computer science": {"name": "computer science", "type": "topic", "h_index": 1779, "h5_index": 416, "num_publications": 47, "num_citations": 52, "num_publications_5y": 10, "num_citations_5y": 15, "num_publications_10y": 21, "num_citations_10y": 35, "publications_years": {"2006": 6, "2011": 3, "2004": 4, "2012": 3, "2014": 2, "2017": 2, "2015": 2, "2009": 4, "2008": 5, "2016": 3, "2003": 3, "2005": 5, "2018": 1, "2002": 1, "2010": 1, "1999": 1, "1995": 1}, "citations_years": {"2009": 6, "2010": 2, "2011": 7, "2012": 1, "2013": 4, "2014": 2, "2015": 4, "2007": 3, "2008": 3, "2016": 1, "2017": 3, "2018": 5, "2019": 2, "2005": 2, "2006": 3, "2003": 1, "2004": 0, "1997": 1, "1998": 2}, "old_citations": {"2006": 19, "2011": 2, "2004": 2, "2012": 11, "2014": 15, "2017": 0, "2015": 9, "2009": 3, "2008": 3, "2016": 1, "2003": 3, "2005": 2, "2018": 0, "2002": 3, "2010": 0, "1999": 0, "1995": 3}, "isVisible": false}, "computer systems": {"name": "computer systems", "type": "topic", "h_index": 1595, "h5_index": 367, "num_publications": 39, "num_citations": 46, "num_publications_5y": 10, "num_citations_5y": 15, "num_publications_10y": 19, "num_citations_10y": 34, "publications_years": {"2006": 5, "2012": 2, "2014": 2, "2004": 3, "2017": 2, "2015": 2, "2009": 4, "2008": 4, "2016": 3, "2003": 2, "2005": 4, "2011": 2, "2018": 1, "2010": 1, "1999": 1, "1995": 1}, "citations_years": {"2009": 5, "2010": 2, "2011": 7, "2012": 1, "2013": 4, "2014": 2, "2015": 4, "2007": 3, "2008": 3, "2016": 1, "2017": 3, "2018": 5, "2019": 2, "1997": 1, "1998": 2, "2006": 1}, "old_citations": {"2006": 18, "2012": 11, "2014": 15, "2004": 1, "2017": 0, "2015": 9, "2009": 3, "2008": 3, "2016": 1, "2003": 1, "2005": 2, "2011": 2, "2018": 0, "2010": 0, "1999": 0, "1995": 3}, "isVisible": false}, "artificial intelligence": {"name": "artificial intelligence", "type": "topic", "h_index": 1421, "h5_index": 373, "num_publications": 28, "num_citations": 30, "num_publications_5y": 4, "num_citations_5y": 7, "num_publications_10y": 11, "num_citations_10y": 21, "publications_years": {"2006": 3, "2012": 2, "2014": 1, "2004": 3, "2017": 1, "2015": 1, "2008": 5, "2009": 3, "2003": 1, "2016": 1, "2011": 2, "2005": 3, "1999": 1, "1995": 1}, "citations_years": {"2009": 4, "2010": 2, "2011": 7, "2012": 1, "2013": 0, "2014": 2, "2015": 2, "2007": 3, "2008": 3, "2016": 0, "2017": 1, "2018": 2, "1997": 1, "1998": 2}, "old_citations": {"2006": 16, "2012": 8, "2014": 0, "2004": 1, "2017": 0, "2015": 0, "2008": 3, "2009": 3, "2003": 0, "2016": 0, "2011": 2, "2005": 2, "1999": 0, "1995": 3}, "isVisible": false}, "computer programming": {"name": "computer programming", "type": "topic", "h_index": 873, "h5_index": 186, "num_publications": 27, "num_citations": 26, "num_publications_5y": 7, "num_citations_5y": 6, "num_publications_10y": 13, "num_citations_10y": 21, "publications_years": {"2006": 4, "2004": 3, "2012": 3, "2014": 1, "2015": 1, "2008": 4, "2016": 3, "2005": 2, "2017": 1, "2011": 2, "2018": 1, "2010": 1, "1995": 1}, "citations_years": {"2009": 6, "2010": 1, "2011": 4, "2012": 0, "2013": 4, "2014": 1, "2015": 2, "2007": 1, "2008": 1, "2017": 2, "2018": 1, "2016": 0, "1997": 1, "1998": 2}, "old_citations": {"2006": 13, "2004": 1, "2012": 11, "2014": 0, "2015": 0, "2008": 3, "2016": 1, "2005": 0, "2017": 0, "2011": 2, "2018": 0, "2010": 0, "1995": 3}, "isVisible": false}, "software engineering": {"name": "software engineering", "type": "topic", "h_index": 964, "h5_index": 236, "num_publications": 27, "num_citations": 31, "num_publications_5y": 6, "num_citations_5y": 6, "num_publications_10y": 14, "num_citations_10y": 24, "publications_years": {"2006": 4, "2012": 3, "2014": 1, "2004": 1, "2017": 2, "2015": 1, "2008": 4, "2009": 3, "2016": 1, "2011": 1, "2018": 1, "2005": 3, "2010": 1, "1995": 1}, "citations_years": {"2009": 5, "2010": 1, "2011": 7, "2012": 1, "2013": 4, "2014": 2, "2015": 1, "2007": 2, "2008": 2, "2016": 0, "2017": 1, "2018": 2, "1997": 1, "1998": 2}, "old_citations": {"2006": 18, "2012": 11, "2014": 0, "2004": 0, "2017": 0, "2015": 0, "2008": 3, "2009": 3, "2016": 0, "2011": 1, "2018": 0, "2005": 0, "2010": 0, "1995": 3}, "isVisible": false}, "computer programming languages": {"name": "computer programming languages", "type": "topic", "h_index": 746, "h5_index": 154, "num_publications": 24, "num_citations": 15, "num_publications_5y": 6, "num_citations_5y": 5, "num_publications_10y": 12, "num_citations_10y": 13, "publications_years": {"2004": 3, "2012": 3, "2006": 3, "2015": 1, "2008": 4, "2016": 3, "2005": 2, "2017": 1, "2011": 2, "2018": 1, "2010": 1}, "citations_years": {"2009": 2, "2010": 0, "2011": 2, "2012": 0, "2013": 4, "2007": 1, "2008": 1, "2017": 2, "2015": 1, "2014": 1, "2018": 1, "2016": 0}, "old_citations": {"2004": 1, "2012": 11, "2006": 5, "2015": 0, "2008": 3, "2016": 1, "2005": 0, "2017": 0, "2011": 2, "2018": 0, "2010": 0}, "isVisible": false}, "software design": {"name": "software design", "type": "topic", "h_index": 907, "h5_index": 227, "num_publications": 24, "num_citations": 26, "num_publications_5y": 6, "num_citations_5y": 6, "num_publications_10y": 13, "num_citations_10y": 19, "publications_years": {"2006": 3, "2012": 2, "2014": 1, "2017": 2, "2015": 1, "2008": 4, "2009": 3, "2016": 1, "2011": 1, "2018": 1, "2005": 3, "2010": 1, "1995": 1}, "citations_years": {"2009": 4, "2010": 1, "2011": 7, "2012": 1, "2013": 0, "2014": 2, "2015": 1, "2007": 2, "2008": 2, "2016": 0, "2017": 1, "2018": 2, "1997": 1, "1998": 2}, "old_citations": {"2006": 16, "2012": 8, "2014": 0, "2017": 0, "2015": 0, "2008": 3, "2009": 3, "2016": 0, "2011": 1, "2018": 0, "2005": 0, "2010": 0, "1995": 3}, "isVisible": false}, "embedded systems": {"name": "embedded systems", "type": "topic", "h_index": 799, "h5_index": 168, "num_publications": 22, "num_citations": 20, "num_publications_5y": 5, "num_citations_5y": 5, "num_publications_10y": 12, "num_citations_10y": 12, "publications_years": {"2012": 1, "2014": 1, "2004": 2, "2017": 2, "2015": 1, "2008": 2, "2009": 3, "2006": 3, "2016": 1, "2011": 2, "2010": 1, "2005": 2, "1995": 1}, "citations_years": {"2009": 1, "2010": 0, "2011": 4, "2012": 1, "2013": 1, "2007": 3, "2008": 2, "2014": 2, "2015": 1, "2016": 0, "2017": 0, "2018": 2, "1997": 1, "1998": 2}, "old_citations": {"2012": 8, "2014": 0, "2004": 1, "2017": 0, "2015": 0, "2008": 1, "2009": 3, "2006": 10, "2016": 0, "2011": 2, "2010": 0, "2005": 0, "1995": 3}, "isVisible": false}, "linguistics": {"name": "linguistics", "type": "topic", "h_index": 867, "h5_index": 206, "num_publications": 22, "num_citations": 24, "num_publications_5y": 5, "num_citations_5y": 11, "num_publications_10y": 9, "num_citations_10y": 17, "publications_years": {"2004": 3, "2012": 1, "2017": 1, "2015": 2, "2008": 3, "2003": 2, "2006": 2, "2016": 2, "2005": 2, "2011": 1, "2009": 1, "2010": 1, "1999": 1}, "citations_years": {"2009": 1, "2007": 2, "2008": 2, "2010": 0, "2011": 4, "2015": 2, "2016": 1, "2017": 2, "2018": 5, "2019": 2, "2012": 1, "2013": 0, "2014": 1, "2006": 1}, "old_citations": {"2004": 1, "2012": 0, "2017": 0, "2015": 9, "2008": 1, "2003": 1, "2006": 8, "2016": 1, "2005": 0, "2011": 1, "2009": 2, "2010": 0, "1999": 0}, "isVisible": false}, "computer hardware": {"name": "computer hardware", "type": "topic", "h_index": 1150, "h5_index": 279, "num_publications": 21, "num_citations": 33, "num_publications_5y": 6, "num_citations_5y": 11, "num_publications_10y": 10, "num_citations_10y": 24, "publications_years": {"2006": 3, "2014": 1, "2004": 3, "2017": 2, "2015": 2, "2009": 2, "2005": 3, "2011": 2, "2018": 1, "2008": 1, "1995": 1}, "citations_years": {"2009": 5, "2010": 2, "2011": 5, "2012": 0, "2013": 1, "2014": 1, "2015": 4, "2007": 2, "2008": 2, "2016": 1, "2017": 1, "2018": 4, "2019": 2, "1997": 1, "1998": 2}, "old_citations": {"2006": 13, "2014": 0, "2004": 1, "2017": 0, "2015": 9, "2009": 2, "2005": 2, "2011": 2, "2018": 0, "2008": 1, "1995": 3}, "isVisible": false}, "theoretical computer science": {"name": "theoretical computer science", "type": "topic", "h_index": 883, "h5_index": 203, "num_publications": 21, "num_citations": 26, "num_publications_5y": 5, "num_citations_5y": 11, "num_publications_10y": 11, "num_citations_10y": 19, "publications_years": {"2011": 2, "2012": 2, "2004": 1, "2006": 3, "2017": 1, "2015": 2, "2009": 2, "2003": 2, "2016": 2, "2008": 2, "1999": 1, "2005": 1}, "citations_years": {"2007": 2, "2008": 2, "2009": 0, "2010": 0, "2011": 4, "2015": 2, "2016": 1, "2017": 2, "2018": 5, "2019": 2, "2013": 3, "2012": 1, "2014": 1, "2006": 1}, "old_citations": {"2011": 1, "2012": 3, "2004": 0, "2006": 8, "2017": 0, "2015": 9, "2009": 2, "2003": 1, "2016": 1, "2008": 1, "1999": 0, "2005": 0}, "isVisible": false}, "computer networks": {"name": "computer networks", "type": "topic", "h_index": 1262, "h5_index": 332, "num_publications": 20, "num_citations": 23, "num_publications_5y": 5, "num_citations_5y": 3, "num_publications_10y": 9, "num_citations_10y": 15, "publications_years": {"2006": 4, "2004": 2, "2017": 1, "2015": 1, "2009": 3, "2003": 2, "2016": 2, "2014": 1, "2002": 1, "2008": 1, "2010": 1, "2005": 1}, "citations_years": {"2009": 5, "2010": 2, "2011": 4, "2012": 0, "2013": 1, "2014": 0, "2015": 1, "2005": 2, "2006": 3, "2017": 1, "2003": 1, "2004": 0, "2018": 1, "2007": 1, "2008": 1}, "old_citations": {"2006": 11, "2004": 1, "2017": 0, "2015": 0, "2009": 2, "2003": 3, "2016": 1, "2014": 15, "2002": 3, "2008": 1, "2010": 0, "2005": 2}, "isVisible": false}, "engineering": {"name": "engineering", "type": "topic", "h_index": 1177, "h5_index": 287, "num_publications": 20, "num_citations": 30, "num_publications_5y": 7, "num_citations_5y": 11, "num_publications_10y": 12, "num_citations_10y": 23, "publications_years": {"2006": 3, "2011": 2, "2014": 2, "2004": 1, "2017": 1, "2015": 2, "2009": 3, "2003": 1, "2016": 1, "2018": 1, "2008": 1, "2005": 1, "1995": 1}, "citations_years": {"2009": 5, "2010": 1, "2011": 5, "2012": 0, "2013": 1, "2014": 0, "2015": 4, "2007": 1, "2008": 1, "2016": 1, "2017": 2, "2018": 4, "2019": 2, "1997": 1, "1998": 2}, "old_citations": {"2006": 13, "2011": 1, "2014": 15, "2004": 0, "2017": 0, "2015": 9, "2009": 2, "2003": 0, "2016": 1, "2018": 0, "2008": 1, "2005": 0, "1995": 3}, "isVisible": false}, "mathematics": {"name": "mathematics", "type": "topic", "h_index": 1364, "h5_index": 300, "num_publications": 19, "num_citations": 25, "num_publications_5y": 6, "num_citations_5y": 10, "num_publications_10y": 10, "num_citations_10y": 15, "publications_years": {"2011": 2, "2004": 1, "2017": 1, "2015": 2, "2009": 2, "2008": 2, "2006": 2, "2003": 1, "2016": 1, "2014": 1, "2018": 1, "2005": 1, "2002": 1, "1995": 1}, "citations_years": {"2009": 1, "2010": 0, "2011": 3, "2012": 0, "2013": 1, "2007": 1, "2008": 1, "2015": 2, "2016": 1, "2017": 2, "2018": 4, "2019": 2, "2014": 1, "2003": 1, "2004": 0, "2005": 1, "2006": 1, "1997": 1, "1998": 2}, "old_citations": {"2011": 1, "2004": 0, "2017": 0, "2015": 9, "2009": 2, "2008": 1, "2006": 5, "2003": 0, "2016": 1, "2014": 15, "2018": 0, "2005": 0, "2002": 3, "1995": 3}, "isVisible": false}, "formal languages and automata theory": {"name": "formal languages and automata theory", "type": "topic", "h_index": 546, "h5_index": 122, "num_publications": 18, "num_citations": 23, "num_publications_5y": 5, "num_citations_5y": 11, "num_publications_10y": 8, "num_citations_10y": 16, "publications_years": {"2012": 1, "2004": 1, "2006": 3, "2017": 1, "2015": 2, "2003": 2, "2016": 2, "2011": 1, "2008": 2, "2009": 1, "1999": 1, "2005": 1}, "citations_years": {"2007": 2, "2008": 2, "2009": 0, "2010": 0, "2011": 4, "2015": 2, "2016": 1, "2017": 2, "2018": 5, "2019": 2, "2012": 1, "2013": 0, "2014": 1, "2006": 1}, "old_citations": {"2012": 0, "2004": 0, "2006": 8, "2017": 0, "2015": 9, "2003": 1, "2016": 1, "2011": 1, "2008": 1, "2009": 2, "1999": 0, "2005": 0}, "isVisible": false}, "formal logic": {"name": "formal logic", "type": "topic", "h_index": 532, "h5_index": 93, "num_publications": 18, "num_citations": 18, "num_publications_5y": 2, "num_citations_5y": 5, "num_publications_10y": 7, "num_citations_10y": 15, "publications_years": {"2006": 2, "2012": 2, "2004": 1, "2015": 1, "2009": 2, "2008": 4, "2016": 1, "2011": 1, "2005": 3, "1999": 1}, "citations_years": {"2009": 4, "2010": 2, "2011": 4, "2012": 0, "2013": 0, "2014": 2, "2015": 1, "2007": 1, "2008": 2, "2018": 1, "2016": 0, "2017": 1}, "old_citations": {"2006": 11, "2012": 8, "2004": 0, "2015": 0, "2009": 1, "2008": 3, "2016": 0, "2011": 1, "2005": 2, "1999": 0}, "isVisible": false}, "software architecture": {"name": "software architecture", "type": "topic", "h_index": 821, "h5_index": 210, "num_publications": 18, "num_citations": 16, "num_publications_5y": 5, "num_citations_5y": 4, "num_publications_10y": 11, "num_citations_10y": 9, "publications_years": {"2012": 1, "2014": 1, "2017": 2, "2015": 1, "2008": 2, "2009": 3, "2016": 1, "2006": 2, "2011": 1, "2010": 1, "2005": 2, "1995": 1}, "citations_years": {"2007": 2, "2008": 2, "2009": 0, "2010": 0, "2011": 4, "2014": 2, "2012": 1, "2013": 0, "2015": 0, "2016": 0, "2017": 0, "2018": 2, "1997": 1, "1998": 2}, "old_citations": {"2012": 8, "2014": 0, "2017": 0, "2015": 0, "2008": 1, "2009": 3, "2016": 0, "2006": 8, "2011": 1, "2010": 0, "2005": 0, "1995": 3}, "isVisible": false}, "distributed computer systems": {"name": "distributed computer systems", "type": "topic", "h_index": 985, "h5_index": 228, "num_publications": 17, "num_citations": 19, "num_publications_5y": 7, "num_citations_5y": 11, "num_publications_10y": 11, "num_citations_10y": 17, "publications_years": {"2014": 1, "2004": 1, "2015": 2, "2006": 1, "2008": 2, "2016": 2, "2012": 1, "2005": 2, "2017": 1, "2011": 2, "2018": 1, "2010": 1}, "citations_years": {"2009": 1, "2010": 0, "2011": 1, "2012": 0, "2013": 4, "2015": 3, "2016": 1, "2017": 3, "2018": 3, "2019": 2, "2014": 1}, "old_citations": {"2014": 0, "2004": 0, "2015": 9, "2006": 2, "2008": 2, "2016": 1, "2012": 3, "2005": 0, "2017": 0, "2011": 2, "2018": 0, "2010": 0}, "isVisible": false}, "distributed systems": {"name": "distributed systems", "type": "topic", "h_index": 859, "h5_index": 209, "num_publications": 17, "num_citations": 19, "num_publications_5y": 7, "num_citations_5y": 11, "num_publications_10y": 11, "num_citations_10y": 17, "publications_years": {"2014": 1, "2004": 1, "2015": 2, "2006": 1, "2008": 2, "2016": 2, "2012": 1, "2005": 2, "2017": 1, "2011": 2, "2018": 1, "2010": 1}, "citations_years": {"2009": 1, "2010": 0, "2011": 1, "2012": 0, "2013": 4, "2015": 3, "2016": 1, "2017": 3, "2018": 3, "2019": 2, "2014": 1}, "old_citations": {"2014": 0, "2004": 0, "2015": 9, "2006": 2, "2008": 2, "2016": 1, "2012": 3, "2005": 0, "2017": 0, "2011": 2, "2018": 0, "2010": 0}, "isVisible": false}, "parallel processing systems": {"name": "parallel processing systems", "type": "topic", "h_index": 845, "h5_index": 208, "num_publications": 17, "num_citations": 19, "num_publications_5y": 7, "num_citations_5y": 11, "num_publications_10y": 11, "num_citations_10y": 17, "publications_years": {"2014": 1, "2004": 1, "2015": 2, "2006": 1, "2008": 2, "2016": 2, "2012": 1, "2005": 2, "2017": 1, "2011": 2, "2018": 1, "2010": 1}, "citations_years": {"2009": 1, "2010": 0, "2011": 1, "2012": 0, "2013": 4, "2015": 3, "2016": 1, "2017": 3, "2018": 3, "2019": 2, "2014": 1}, "old_citations": {"2014": 0, "2004": 0, "2015": 9, "2006": 2, "2008": 2, "2016": 1, "2012": 3, "2005": 0, "2017": 0, "2011": 2, "2018": 0, "2010": 0}, "isVisible": false}, "communication systems": {"name": "communication systems", "type": "topic", "h_index": 1092, "h5_index": 254, "num_publications": 15, "num_citations": 18, "num_publications_5y": 4, "num_citations_5y": 3, "num_publications_10y": 7, "num_citations_10y": 15, "publications_years": {"2006": 3, "2004": 2, "2017": 1, "2009": 3, "2016": 2, "2014": 1, "2008": 1, "2005": 1, "2003": 1}, "citations_years": {"2009": 5, "2010": 2, "2011": 4, "2012": 0, "2013": 1, "2014": 0, "2015": 1, "2017": 1, "2018": 1, "2007": 1, "2008": 1, "2006": 1}, "old_citations": {"2006": 10, "2004": 1, "2017": 0, "2009": 2, "2016": 1, "2014": 15, "2008": 1, "2005": 2, "2003": 1}, "isVisible": false}, "telecommunication systems": {"name": "telecommunication systems", "type": "topic", "h_index": 1187, "h5_index": 277, "num_publications": 16, "num_citations": 18, "num_publications_5y": 5, "num_citations_5y": 3, "num_publications_10y": 8, "num_citations_10y": 15, "publications_years": {"2006": 2, "2004": 2, "2017": 1, "2015": 1, "2009": 3, "2016": 2, "2014": 1, "2008": 1, "2005": 2, "2003": 1}, "citations_years": {"2009": 5, "2010": 2, "2011": 4, "2012": 0, "2013": 1, "2014": 0, "2015": 1, "2017": 1, "2018": 1, "2007": 1, "2008": 1, "2006": 1}, "old_citations": {"2006": 10, "2004": 1, "2017": 0, "2015": 0, "2009": 2, "2016": 1, "2014": 15, "2008": 1, "2005": 2, "2003": 1}, "isVisible": false}, "wireless telecommunication systems": {"name": "wireless telecommunication systems", "type": "topic", "h_index": 1087, "h5_index": 254, "num_publications": 14, "num_citations": 18, "num_publications_5y": 4, "num_citations_5y": 3, "num_publications_10y": 7, "num_citations_10y": 15, "publications_years": {"2006": 2, "2004": 2, "2017": 1, "2009": 3, "2016": 2, "2014": 1, "2008": 1, "2005": 1, "2003": 1}, "citations_years": {"2009": 5, "2010": 2, "2011": 4, "2012": 0, "2013": 1, "2014": 0, "2015": 1, "2017": 1, "2018": 1, "2007": 1, "2008": 1, "2006": 1}, "old_citations": {"2006": 10, "2004": 1, "2017": 0, "2009": 2, "2016": 1, "2014": 15, "2008": 1, "2005": 2, "2003": 1}, "isVisible": false}, "probability": {"name": "probability", "type": "topic", "h_index": 918, "h5_index": 211, "num_publications": 7, "num_citations": 12, "num_publications_5y": 2, "num_citations_5y": 8, "num_publications_10y": 5, "num_citations_10y": 10, "publications_years": {"2011": 1, "2009": 2, "2003": 1, "2015": 1, "2014": 1, "2008": 1}, "citations_years": {"2015": 2, "2016": 1, "2017": 1, "2018": 4, "2019": 2, "2011": 2}, "old_citations": {"2011": 0, "2009": 2, "2003": 0, "2015": 9, "2014": 15, "2008": 1}, "isVisible": false}, "signal processing": {"name": "signal processing", "type": "topic", "h_index": 1012, "h5_index": 255, "num_publications": 13, "num_citations": 11, "num_publications_5y": 5, "num_citations_5y": 3, "num_publications_10y": 8, "num_citations_10y": 6, "publications_years": {"2014": 2, "2004": 1, "2015": 1, "2009": 2, "2006": 1, "2016": 1, "2011": 1, "2018": 1, "2008": 1, "2005": 1, "1995": 1}, "citations_years": {"2007": 1, "2008": 1, "2009": 0, "2010": 0, "2011": 3, "2017": 1, "2015": 1, "2018": 1, "1997": 1, "1998": 2}, "old_citations": {"2014": 15, "2004": 0, "2015": 0, "2009": 2, "2006": 3, "2016": 1, "2011": 1, "2018": 0, "2008": 1, "2005": 0, "1995": 3}, "isVisible": false}, "communication channels (information theory)": {"name": "communication channels (information theory)", "type": "topic", "h_index": 925, "h5_index": 216, "num_publications": 7, "num_citations": 10, "num_publications_5y": 2, "num_citations_5y": 3, "num_publications_10y": 4, "num_citations_10y": 10, "publications_years": {"2006": 1, "2004": 1, "2009": 2, "2016": 1, "2014": 1, "2008": 1}, "citations_years": {"2009": 4, "2010": 1, "2011": 2, "2012": 0, "2013": 0, "2014": 0, "2015": 1, "2017": 1, "2018": 1}, "old_citations": {"2006": 8, "2004": 0, "2009": 0, "2016": 1, "2014": 15, "2008": 1}, "isVisible": false}, "communication": {"name": "communication", "type": "topic", "h_index": 886, "h5_index": 209, "num_publications": 8, "num_citations": 9, "num_publications_5y": 1, "num_citations_5y": 1, "num_publications_10y": 3, "num_citations_10y": 6, "publications_years": {"2006": 2, "2009": 1, "2012": 1, "2003": 2, "2014": 1, "2008": 1}, "citations_years": {"2009": 1, "2010": 0, "2011": 0, "2012": 0, "2013": 4, "2005": 1, "2006": 2, "2018": 1}, "old_citations": {"2006": 2, "2009": 0, "2012": 3, "2003": 3, "2014": 15, "2008": 1}, "isVisible": false}, "program compilers": {"name": "program compilers", "type": "topic", "h_index": 531, "h5_index": 104, "num_publications": 14, "num_citations": 10, "num_publications_5y": 5, "num_citations_5y": 4, "num_publications_10y": 9, "num_citations_10y": 10, "publications_years": {"2015": 1, "2006": 1, "2008": 2, "2016": 2, "2012": 1, "2005": 2, "2017": 1, "2011": 2, "2018": 1, "2010": 1}, "citations_years": {"2009": 1, "2010": 0, "2011": 1, "2012": 0, "2013": 4, "2017": 2, "2015": 1, "2014": 1, "2016": 0}, "old_citations": {"2015": 0, "2006": 2, "2008": 2, "2016": 1, "2012": 3, "2005": 0, "2017": 0, "2011": 2, "2018": 0, "2010": 0}, "isVisible": false}, "formal languages": {"name": "formal languages", "type": "topic", "h_index": 475, "h5_index": 93, "num_publications": 16, "num_citations": 21, "num_publications_5y": 5, "num_citations_5y": 11, "num_publications_10y": 7, "num_citations_10y": 14, "publications_years": {"2012": 1, "2004": 1, "2017": 1, "2015": 2, "2003": 2, "2006": 2, "2016": 2, "2011": 1, "2008": 2, "1999": 1, "2005": 1}, "citations_years": {"2007": 2, "2008": 2, "2009": 0, "2010": 0, "2011": 2, "2015": 2, "2016": 1, "2017": 2, "2018": 5, "2019": 2, "2012": 1, "2013": 0, "2014": 1, "2006": 1}, "old_citations": {"2012": 0, "2004": 0, "2017": 0, "2015": 9, "2003": 1, "2006": 8, "2016": 1, "2011": 1, "2008": 1, "1999": 0, "2005": 0}, "isVisible": false}, "deterministic": {"name": "deterministic", "type": "topic", "h_index": 286, "h5_index": 62, "num_publications": 4, "num_citations": 9, "num_publications_5y": 2, "num_citations_5y": 7, "num_publications_10y": 3, "num_citations_10y": 7, "publications_years": {"2011": 1, "2003": 1, "2015": 1, "2014": 1}, "citations_years": {"2015": 2, "2016": 1, "2017": 1, "2018": 3, "2019": 2}, "old_citations": {"2011": 0, "2003": 0, "2015": 9, "2014": 15}, "isVisible": false}, "numerical model": {"name": "numerical model", "type": "topic", "h_index": 546, "h5_index": 144, "num_publications": 5, "num_citations": 9, "num_publications_5y": 2, "num_citations_5y": 7, "num_publications_10y": 3, "num_citations_10y": 7, "publications_years": {"2011": 1, "2003": 1, "2015": 1, "2014": 1, "2005": 1}, "citations_years": {"2015": 2, "2016": 1, "2017": 1, "2018": 3, "2019": 2}, "old_citations": {"2011": 0, "2003": 0, "2015": 9, "2014": 15, "2005": 0}, "isVisible": false}, "stochastic": {"name": "stochastic", "type": "topic", "h_index": 407, "h5_index": 114, "num_publications": 4, "num_citations": 9, "num_publications_5y": 2, "num_citations_5y": 7, "num_publications_10y": 3, "num_citations_10y": 7, "publications_years": {"2011": 1, "2003": 1, "2015": 1, "2014": 1}, "citations_years": {"2015": 2, "2016": 1, "2017": 1, "2018": 3, "2019": 2}, "old_citations": {"2011": 0, "2003": 0, "2015": 9, "2014": 15}, "isVisible": false}, "stochastic processes": {"name": "stochastic processes", "type": "topic", "h_index": 517, "h5_index": 126, "num_publications": 4, "num_citations": 9, "num_publications_5y": 2, "num_citations_5y": 7, "num_publications_10y": 3, "num_citations_10y": 7, "publications_years": {"2011": 1, "2003": 1, "2015": 1, "2014": 1}, "citations_years": {"2015": 2, "2016": 1, "2017": 1, "2018": 3, "2019": 2}, "old_citations": {"2011": 0, "2003": 0, "2015": 9, "2014": 15}, "isVisible": false}, "stochasticity": {"name": "stochasticity", "type": "topic", "h_index": 408, "h5_index": 114, "num_publications": 4, "num_citations": 9, "num_publications_5y": 2, "num_citations_5y": 7, "num_publications_10y": 3, "num_citations_10y": 7, "publications_years": {"2011": 1, "2003": 1, "2015": 1, "2014": 1}, "citations_years": {"2015": 2, "2016": 1, "2017": 1, "2018": 3, "2019": 2}, "old_citations": {"2011": 0, "2003": 0, "2015": 9, "2014": 15}, "isVisible": false}, "information theory": {"name": "information theory", "type": "topic", "h_index": 652, "h5_index": 148, "num_publications": 4, "num_citations": 4, "num_publications_5y": 1, "num_citations_5y": 1, "num_publications_10y": 3, "num_citations_10y": 4, "publications_years": {"2009": 1, "2012": 1, "2014": 1, "2008": 1}, "citations_years": {"2013": 3, "2018": 1}, "old_citations": {"2009": 0, "2012": 3, "2014": 15, "2008": 1}, "isVisible": false}, "correlation analysis": {"name": "correlation analysis", "type": "topic", "h_index": 1044, "h5_index": 224, "num_publications": 8, "num_citations": 9, "num_publications_5y": 4, "num_citations_5y": 1, "num_publications_10y": 4, "num_citations_10y": 3, "publications_years": {"2004": 1, "2017": 1, "2006": 1, "2016": 1, "2014": 1, "2018": 1, "2002": 1, "1995": 1}, "citations_years": {"2009": 1, "2010": 0, "2011": 0, "2012": 0, "2013": 1, "2017": 1, "2003": 1, "2004": 0, "2005": 1, "2006": 1, "1997": 1, "1998": 2}, "old_citations": {"2004": 0, "2017": 0, "2006": 2, "2016": 1, "2014": 15, "2018": 0, "2002": 3, "1995": 3}, "isVisible": false}, "signal to noise ratio": {"name": "signal to noise ratio", "type": "topic", "h_index": 821, "h5_index": 194, "num_publications": 4, "num_citations": 2, "num_publications_5y": 2, "num_citations_5y": 2, "num_publications_10y": 3, "num_citations_10y": 2, "publications_years": {"2009": 1, "2016": 1, "2014": 1, "2008": 1}, "citations_years": {"2017": 1, "2018": 1}, "old_citations": {"2009": 0, "2016": 1, "2014": 15, "2008": 1}, "isVisible": false}, "code transformation": {"name": "code transformation", "type": "topic", "h_index": 67, "h5_index": 15, "num_publications": 1, "num_citations": 1, "num_publications_5y": 1, "num_citations_5y": 1, "num_publications_10y": 1, "num_citations_10y": 1, "publications_years": {"2016": 1}, "citations_years": {"2017": 1}, "old_citations": {"2016": 1}, "isVisible": false}, "compiler optimizations": {"name": "compiler optimizations", "type": "topic", "h_index": 104, "h5_index": 20, "num_publications": 1, "num_citations": 1, "num_publications_5y": 1, "num_citations_5y": 1, "num_publications_10y": 1, "num_citations_10y": 1, "publications_years": {"2016": 1}, "citations_years": {"2017": 1}, "old_citations": {"2016": 1}, "isVisible": false}, "computer imaging and vision": {"name": "computer imaging and vision", "type": "topic", "h_index": 1142, "h5_index": 334, "num_publications": 6, "num_citations": 8, "num_publications_5y": 1, "num_citations_5y": 2, "num_publications_10y": 3, "num_citations_10y": 6, "publications_years": {"2004": 2, "2009": 2, "2006": 1, "2016": 1}, "citations_years": {"2007": 1, "2008": 1, "2009": 0, "2010": 0, "2011": 3, "2012": 1, "2013": 0, "2014": 0, "2015": 0, "2016": 0, "2017": 1, "2018": 1}, "old_citations": {"2004": 0, "2009": 2, "2006": 5, "2016": 1}, "isVisible": false}, "cosine transforms": {"name": "cosine transforms", "type": "topic", "h_index": 247, "h5_index": 62, "num_publications": 1, "num_citations": 1, "num_publications_5y": 1, "num_citations_5y": 1, "num_publications_10y": 1, "num_citations_10y": 1, "publications_years": {"2016": 1}, "citations_years": {"2017": 1}, "old_citations": {"2016": 1}, "isVisible": false}, "image analysis": {"name": "image analysis", "type": "topic", "h_index": 988, "h5_index": 315, "num_publications": 4, "num_citations": 3, "num_publications_5y": 1, "num_citations_5y": 1, "num_publications_10y": 3, "num_citations_10y": 3, "publications_years": {"2004": 1, "2009": 2, "2016": 1}, "citations_years": {"2017": 1, "2011": 2}, "old_citations": {"2004": 0, "2009": 2, "2016": 1}, "isVisible": false}, "image coding": {"name": "image coding", "type": "topic", "h_index": 759, "h5_index": 203, "num_publications": 3, "num_citations": 1, "num_publications_5y": 1, "num_citations_5y": 1, "num_publications_10y": 2, "num_citations_10y": 1, "publications_years": {"2004": 1, "2009": 1, "2016": 1}, "citations_years": {"2017": 1}, "old_citations": {"2004": 0, "2009": 0, "2016": 1}, "isVisible": false}, "image compression": {"name": "image compression", "type": "topic", "h_index": 557, "h5_index": 142, "num_publications": 2, "num_citations": 1, "num_publications_5y": 1, "num_citations_5y": 1, "num_publications_10y": 2, "num_citations_10y": 1, "publications_years": {"2009": 1, "2016": 1}, "citations_years": {"2017": 1}, "old_citations": {"2009": 0, "2016": 1}, "isVisible": false}}, "authors": {"2173345052": {"name": "michael r hansen", "type": "author", "activity": 27, "h_index": 13, "h5_index": 1, "mag_id": "2173345052", "num_publications": 4, "num_citations": 2, "num_publications_5y": 1, "num_citations_5y": 2, "num_publications_10y": 4, "num_citations_10y": 2, "publications_years": {"2015": 1, "2009": 2, "2011": 1}, "citations_years": {"2014": 2}, "old_citations": {"2015": 0, "2009": 1, "2011": 1}, "isVisible": false}, "69807651": {"name": "cristina seceleanu", "type": "author", "activity": 19, "h_index": 11, "h5_index": 4, "mag_id": "69807651", "num_publications": 3, "num_citations": 0, "num_publications_5y": 2, "num_citations_5y": 0, "num_publications_10y": 3, "num_citations_10y": 0, "publications_years": {"2015": 1, "2017": 1, "2009": 1}, "citations_years": {}, "old_citations": {"2015": 0, "2017": 0, "2009": 0}, "isVisible": false}, "1625632746": {"name": "agostino cortesi", "type": "author", "activity": 30, "h_index": 20, "h5_index": 4, "mag_id": "1625632746", "num_publications": 2, "num_citations": 5, "num_publications_5y": 0, "num_citations_5y": 1, "num_publications_10y": 0, "num_citations_10y": 2, "publications_years": {"2002": 1, "2008": 1}, "citations_years": {"2003": 1, "2004": 0, "2005": 1, "2006": 1, "2011": 1, "2012": 0, "2013": 0, "2014": 0, "2015": 0, "2016": 0, "2017": 1}, "old_citations": {"2002": 3, "2008": 2}, "isVisible": false}, "1925871413": {"name": "volker stolz", "type": "author", "activity": 15, "h_index": 13, "h5_index": 3, "mag_id": "1925871413", "num_publications": 2, "num_citations": 0, "num_publications_5y": 2, "num_citations_5y": 0, "num_publications_10y": 2, "num_citations_10y": 0, "publications_years": {"2016": 1, "2018": 1}, "citations_years": {}, "old_citations": {"2016": 0, "2018": 0}, "isVisible": false}, "2011261465": {"name": "paul pettersson", "type": "author", "activity": 24, "h_index": 36, "h5_index": 4, "mag_id": "2011261465", "num_publications": 2, "num_citations": 0, "num_publications_5y": 1, "num_citations_5y": 0, "num_publications_10y": 2, "num_citations_10y": 0, "publications_years": {"2015": 1, "2009": 1}, "citations_years": {}, "old_citations": {"2015": 0, "2009": 0}, "isVisible": false}, "2040931769": {"name": "johan nordlander", "type": "author", "activity": 19, "h_index": 11, "h5_index": 0, "mag_id": "2040931769", "num_publications": 2, "num_citations": 0, "num_publications_5y": 0, "num_citations_5y": 0, "num_publications_10y": 0, "num_citations_10y": 0, "publications_years": {"2008": 1, "2005": 1}, "citations_years": {}, "old_citations": {"2008": 0, "2005": 0}, "isVisible": false}, "2113127686": {"name": "christoffer rosenkilde nielsen", "type": "author", "activity": 5, "h_index": 3, "h5_index": 0, "mag_id": "2113127686", "num_publications": 2, "num_citations": 2, "num_publications_5y": 0, "num_citations_5y": 0, "num_publications_10y": 0, "num_citations_10y": 2, "publications_years": {"2006": 1, "2005": 1}, "citations_years": {"2009": 1, "2010": 0, "2011": 0, "2012": 0, "2013": 1}, "old_citations": {"2006": 2, "2005": 0}, "isVisible": false}, "2113666245": {"name": "hans huttel", "type": "author", "activity": 30, "h_index": 8, "h5_index": 2, "mag_id": "2113666245", "num_publications": 2, "num_citations": 1, "num_publications_5y": 0, "num_citations_5y": 1, "num_publications_10y": 0, "num_citations_10y": 1, "publications_years": {"2006": 1, "2008": 1}, "citations_years": {"2018": 1}, "old_citations": {"2006": 0, "2008": 1}, "isVisible": false}, "2136663722": {"name": "alexandre david", "type": "author", "activity": 18, "h_index": 29, "h5_index": 1, "mag_id": "2136663722", "num_publications": 2, "num_citations": 10, "num_publications_5y": 0, "num_citations_5y": 1, "num_publications_10y": 0, "num_citations_10y": 8, "publications_years": {"2006": 1, "2005": 1}, "citations_years": {"2007": 1, "2008": 1, "2009": 0, "2010": 0, "2011": 2, "2012": 4, "2013": 1, "2014": 0, "2015": 0, "2016": 0, "2017": 0, "2018": 1}, "old_citations": {"2006": 5, "2005": 5}, "isVisible": false}, "2136817152": {"name": "bjorn victor", "type": "author", "activity": 23, "h_index": 14, "h5_index": 1, "mag_id": "2136817152", "num_publications": 2, "num_citations": 0, "num_publications_5y": 0, "num_citations_5y": 0, "num_publications_10y": 1, "num_citations_10y": 0, "publications_years": {"2012": 1, "2004": 1}, "citations_years": {}, "old_citations": {"2012": 8, "2004": 0}, "isVisible": false}, "2146581609": {"name": "kim guldstrand larsen", "type": "author", "activity": 31, "h_index": 58, "h5_index": 8, "mag_id": "2146581609", "num_publications": 2, "num_citations": 5, "num_publications_5y": 0, "num_citations_5y": 1, "num_publications_10y": 0, "num_citations_10y": 3, "publications_years": {"2004": 1, "2006": 1}, "citations_years": {"2007": 1, "2008": 1, "2009": 0, "2010": 0, "2011": 1, "2012": 1, "2013": 0, "2014": 0, "2015": 0, "2016": 0, "2017": 0, "2018": 1}, "old_citations": {"2004": 0, "2006": 5}, "isVisible": false}, "2153494020": {"name": "martin leucker", "type": "author", "activity": 22, "h_index": 27, "h5_index": 7, "mag_id": "2153494020", "num_publications": 2, "num_citations": 0, "num_publications_5y": 1, "num_citations_5y": 0, "num_publications_10y": 1, "num_citations_10y": 0, "publications_years": {"2016": 1, "1999": 1}, "citations_years": {}, "old_citations": {"2016": 0, "1999": 0}, "isVisible": false}, "2304933903": {"name": "anders p ravn", "type": "author", "activity": 28, "h_index": 18, "h5_index": 3, "mag_id": "2304933903", "num_publications": 2, "num_citations": 2, "num_publications_5y": 0, "num_citations_5y": 0, "num_publications_10y": 1, "num_citations_10y": 2, "publications_years": {"2009": 1, "2008": 1}, "citations_years": {"2011": 2}, "old_citations": {"2009": 2, "2008": 0}, "isVisible": false}, "2345078223": {"name": "hanne riis nielson", "type": "author", "activity": 31, "h_index": 28, "h5_index": 5, "mag_id": "2345078223", "num_publications": 2, "num_citations": 2, "num_publications_5y": 0, "num_citations_5y": 0, "num_publications_10y": 0, "num_citations_10y": 2, "publications_years": {"2006": 1, "2005": 1}, "citations_years": {"2009": 1, "2010": 0, "2011": 0, "2012": 0, "2013": 1}, "old_citations": {"2006": 2, "2005": 0}, "isVisible": false}, "2400572742": {"name": "malte schmitz", "type": "author", "activity": 6, "h_index": 6, "h5_index": 5, "mag_id": "2400572742", "num_publications": 2, "num_citations": 0, "num_publications_5y": 2, "num_citations_5y": 0, "num_publications_10y": 2, "num_citations_10y": 0, "publications_years": {"2016": 1, "2018": 1}, "citations_years": {}, "old_citations": {"2016": 0, "2018": 0}, "isVisible": false}, "2437117843": {"name": "jan madsen", "type": "author", "activity": 31, "h_index": 24, "h5_index": 5, "mag_id": "2437117843", "num_publications": 2, "num_citations": 0, "num_publications_5y": 0, "num_citations_5y": 0, "num_publications_10y": 1, "num_citations_10y": 0, "publications_years": {"2008": 1, "2009": 1}, "citations_years": {}, "old_citations": {"2008": 0, "2009": 0}, "isVisible": false}, "21934487": {"name": "pierre valarcher", "type": "author", "activity": 7, "h_index": 1, "h5_index": 0, "mag_id": "21934487", "num_publications": 1, "num_citations": 2, "num_publications_5y": 0, "num_citations_5y": 0, "num_publications_10y": 0, "num_citations_10y": 1, "publications_years": {"2005": 1}, "citations_years": {"2008": 1, "2009": 0, "2010": 1}, "old_citations": {"2005": 2}, "isVisible": false}, "152237314": {"name": "joachim parrow", "type": "author", "activity": 28, "h_index": 21, "h5_index": 2, "mag_id": "152237314", "num_publications": 1, "num_citations": 0, "num_publications_5y": 0, "num_citations_5y": 0, "num_publications_10y": 1, "num_citations_10y": 0, "publications_years": {"2012": 1}, "citations_years": {}, "old_citations": {"2012": 8}, "isVisible": false}, "216338124": {"name": "peter ljunglof", "type": "author", "activity": 22, "h_index": 9, "h5_index": 1, "mag_id": "216338124", "num_publications": 1, "num_citations": 0, "num_publications_5y": 0, "num_citations_5y": 0, "num_publications_10y": 0, "num_citations_10y": 0, "publications_years": {"2003": 1}, "citations_years": {}, "old_citations": {"2003": 0}, "isVisible": false}, "235209935": {"name": "leonidas tsiopoulos", "type": "author", "activity": 14, "h_index": 6, "h5_index": 2, "mag_id": "235209935", "num_publications": 1, "num_citations": 8, "num_publications_5y": 0, "num_citations_5y": 1, "num_publications_10y": 0, "num_citations_10y": 8, "publications_years": {"2006": 1}, "citations_years": {"2009": 4, "2010": 1, "2011": 2, "2012": 0, "2013": 0, "2014": 0, "2015": 1}, "old_citations": {"2006": 8}, "isVisible": false}, "245195506": {"name": "lucia acciai", "type": "author", "activity": 9, "h_index": 7, "h5_index": 0, "mag_id": "245195506", "num_publications": 1, "num_citations": 0, "num_publications_5y": 0, "num_citations_5y": 0, "num_publications_10y": 0, "num_citations_10y": 0, "publications_years": {"2005": 1}, "citations_years": {}, "old_citations": {"2005": 0}, "isVisible": false}, "259673180": {"name": "predrag filipovikj", "type": "author", "activity": 7, "h_index": 3, "h5_index": 2, "mag_id": "259673180", "num_publications": 1, "num_citations": 0, "num_publications_5y": 1, "num_citations_5y": 0, "num_publications_10y": 1, "num_citations_10y": 0, "publications_years": {"2017": 1}, "citations_years": {}, "old_citations": {"2017": 0}, "isVisible": false}, "266155097": {"name": "martin franzle", "type": "author", "activity": 28, "h_index": 19, "h5_index": 5, "mag_id": "266155097", "num_publications": 1, "num_citations": 1, "num_publications_5y": 0, "num_citations_5y": 1, "num_publications_10y": 1, "num_citations_10y": 1, "publications_years": {"2009": 1}, "citations_years": {"2014": 1}, "old_citations": {"2009": 1}, "isVisible": false}, "278907742": {"name": "adrian rutle", "type": "author", "activity": 14, "h_index": 10, "h5_index": 4, "mag_id": "278907742", "num_publications": 1, "num_citations": 0, "num_publications_5y": 1, "num_citations_5y": 0, "num_publications_10y": 1, "num_citations_10y": 0, "publications_years": {"2016": 1}, "citations_years": {}, "old_citations": {"2016": 0}, "isVisible": false}, "344358645": {"name": "riccardo focardi", "type": "author", "activity": 28, "h_index": 25, "h5_index": 5, "mag_id": "344358645", "num_publications": 1, "num_citations": 3, "num_publications_5y": 0, "num_citations_5y": 0, "num_publications_10y": 0, "num_citations_10y": 0, "publications_years": {"2002": 1}, "citations_years": {"2003": 1, "2004": 0, "2005": 1, "2006": 1}, "old_citations": {"2002": 3}, "isVisible": false}, "589623859": {"name": "elias castegren", "type": "author", "activity": 5, "h_index": 3, "h5_index": 3, "mag_id": "589623859", "num_publications": 1, "num_citations": 1, "num_publications_5y": 1, "num_citations_5y": 1, "num_publications_10y": 1, "num_citations_10y": 1, "publications_years": {"2016": 1}, "citations_years": {"2017": 1}, "old_citations": {"2016": 1}, "isVisible": false}, "742001445": {"name": "jeanpaul bodeveix", "type": "author", "activity": 26, "h_index": 8, "h5_index": 0, "mag_id": "742001445", "num_publications": 1, "num_citations": 0, "num_publications_5y": 0, "num_citations_5y": 0, "num_publications_10y": 0, "num_citations_10y": 0, "publications_years": {"2005": 1}, "citations_years": {}, "old_citations": {"2005": 0}, "isVisible": false}, "1116347365": {"name": "tristan crolard", "type": "author", "activity": 19, "h_index": 4, "h5_index": 0, "mag_id": "1116347365", "num_publications": 1, "num_citations": 2, "num_publications_5y": 0, "num_citations_5y": 0, "num_publications_10y": 0, "num_citations_10y": 1, "publications_years": {"2005": 1}, "citations_years": {"2008": 1, "2009": 0, "2010": 1}, "old_citations": {"2005": 2}, "isVisible": false}, "1435925321": {"name": "dirk dussart", "type": "author", "activity": 4, "h_index": 5, "h5_index": 0, "mag_id": "1435925321", "num_publications": 1, "num_citations": 3, "num_publications_5y": 0, "num_citations_5y": 0, "num_publications_10y": 0, "num_citations_10y": 0, "publications_years": {"1995": 1}, "citations_years": {"1997": 1, "1998": 2}, "old_citations": {"1995": 3}, "isVisible": false}, "1633452320": {"name": "andrzej w\u0105sowski", "type": "author", "activity": 15, "h_index": 23, "h5_index": 7, "mag_id": "1633452320", "num_publications": 1, "num_citations": 0, "num_publications_5y": 1, "num_citations_5y": 0, "num_publications_10y": 1, "num_citations_10y": 0, "publications_years": {"2014": 1}, "citations_years": {}, "old_citations": {"2014": 15}, "isVisible": false}, "1903146606": {"name": "rafia inam", "type": "author", "activity": 10, "h_index": 7, "h5_index": 2, "mag_id": "1903146606", "num_publications": 1, "num_citations": 0, "num_publications_5y": 1, "num_citations_5y": 0, "num_publications_10y": 1, "num_citations_10y": 0, "publications_years": {"2014": 1}, "citations_years": {}, "old_citations": {"2014": 0}, "isVisible": false}, "1926905799": {"name": "eduard paul enoiu", "type": "author", "activity": 11, "h_index": 7, "h5_index": 4, "mag_id": "1926905799", "num_publications": 1, "num_citations": 0, "num_publications_5y": 1, "num_citations_5y": 0, "num_publications_10y": 1, "num_citations_10y": 0, "publications_years": {"2017": 1}, "citations_years": {}, "old_citations": {"2017": 0}, "isVisible": false}, "1937311917": {"name": "monica nesi", "type": "author", "activity": 15, "h_index": 6, "h5_index": 0, "mag_id": "1937311917", "num_publications": 1, "num_citations": 0, "num_publications_5y": 0, "num_citations_5y": 0, "num_publications_10y": 0, "num_citations_10y": 0, "publications_years": {"2006": 1}, "citations_years": {}, "old_citations": {"2006": 1}, "isVisible": false}, "1968417444": {"name": "chiara braghin", "type": "author", "activity": 18, "h_index": 8, "h5_index": 1, "mag_id": "1968417444", "num_publications": 1, "num_citations": 3, "num_publications_5y": 0, "num_citations_5y": 0, "num_publications_10y": 0, "num_citations_10y": 0, "publications_years": {"2002": 1}, "citations_years": {"2003": 1, "2004": 0, "2005": 1, "2006": 1}, "old_citations": {"2002": 3}, "isVisible": false}, "1974285859": {"name": "stephan erbs korsholm", "type": "author", "activity": 11, "h_index": 6, "h5_index": 2, "mag_id": "1974285859", "num_publications": 1, "num_citations": 1, "num_publications_5y": 0, "num_citations_5y": 1, "num_publications_10y": 1, "num_citations_10y": 1, "publications_years": {"2011": 1}, "citations_years": {"2015": 1}, "old_citations": {"2011": 1}, "isVisible": false}, "1983816703": {"name": "mikkel koefoed jakobsen", "type": "author", "activity": 4, "h_index": 2, "h5_index": 0, "mag_id": "1983816703", "num_publications": 1, "num_citations": 0, "num_publications_5y": 0, "num_citations_5y": 0, "num_publications_10y": 1, "num_citations_10y": 0, "publications_years": {"2009": 1}, "citations_years": {}, "old_citations": {"2009": 0}, "isVisible": false}, "1994860295": {"name": "ekkart kindler", "type": "author", "activity": 28, "h_index": 20, "h5_index": 2, "mag_id": "1994860295", "num_publications": 1, "num_citations": 3, "num_publications_5y": 0, "num_citations_5y": 0, "num_publications_10y": 1, "num_citations_10y": 3, "publications_years": {"2012": 1}, "citations_years": {"2013": 3}, "old_citations": {"2012": 3}, "isVisible": false}, "2005359383": {"name": "andrzej wasowski", "type": "author", "activity": 20, "h_index": 21, "h5_index": 6, "mag_id": "2005359383", "num_publications": 1, "num_citations": 0, "num_publications_5y": 0, "num_citations_5y": 0, "num_publications_10y": 0, "num_citations_10y": 0, "publications_years": {"2004": 1}, "citations_years": {}, "old_citations": {"2004": 0}, "isVisible": false}, "2020935160": {"name": "anne elisabeth haxthausen", "type": "author", "activity": 29, "h_index": 17, "h5_index": 4, "mag_id": "2020935160", "num_publications": 1, "num_citations": 7, "num_publications_5y": 0, "num_citations_5y": 2, "num_publications_10y": 0, "num_citations_10y": 2, "publications_years": {"1999": 1}, "citations_years": {"1999": 1, "2000": 1, "2001": 0, "2002": 0, "2003": 0, "2004": 2, "2005": 0, "2006": 0, "2007": 0, "2008": 1, "2009": 0, "2010": 0, "2011": 0, "2012": 0, "2013": 0, "2014": 2}, "old_citations": {"1999": 7}, "isVisible": false}, "2042276666": {"name": "agnes cougnard", "type": "author", "activity": 2, "h_index": 2, "h5_index": 0, "mag_id": "2042276666", "num_publications": 1, "num_citations": 5, "num_publications_5y": 0, "num_citations_5y": 1, "num_publications_10y": 0, "num_citations_10y": 3, "publications_years": {"2006": 1}, "citations_years": {"2007": 1, "2008": 1, "2009": 0, "2010": 0, "2011": 1, "2012": 1, "2013": 0, "2014": 0, "2015": 0, "2016": 0, "2017": 0, "2018": 1}, "old_citations": {"2006": 5}, "isVisible": false}, "2044198668": {"name": "aida causevic", "type": "author", "activity": 12, "h_index": 5, "h5_index": 2, "mag_id": "2044198668", "num_publications": 1, "num_citations": 0, "num_publications_5y": 0, "num_citations_5y": 0, "num_publications_10y": 1, "num_citations_10y": 0, "publications_years": {"2009": 1}, "citations_years": {}, "old_citations": {"2009": 0}, "isVisible": false}, "2047159295": {"name": "sofia cassel", "type": "author", "activity": 9, "h_index": 8, "h5_index": 3, "mag_id": "2047159295", "num_publications": 1, "num_citations": 9, "num_publications_5y": 1, "num_citations_5y": 7, "num_publications_10y": 1, "num_citations_10y": 7, "publications_years": {"2015": 1}, "citations_years": {"2015": 2, "2016": 1, "2017": 1, "2018": 3, "2019": 2}, "old_citations": {"2015": 9}, "isVisible": false}, "2053144451": {"name": "marco patrignani", "type": "author", "activity": 10, "h_index": 10, "h5_index": 7, "mag_id": "2053144451", "num_publications": 1, "num_citations": 0, "num_publications_5y": 0, "num_citations_5y": 0, "num_publications_10y": 1, "num_citations_10y": 0, "publications_years": {"2012": 1}, "citations_years": {}, "old_citations": {"2012": 0}, "isVisible": false}, "2062320239": {"name": "heike wehrheim", "type": "author", "activity": 27, "h_index": 21, "h5_index": 6, "mag_id": "2062320239", "num_publications": 1, "num_citations": 3, "num_publications_5y": 0, "num_citations_5y": 0, "num_publications_10y": 0, "num_citations_10y": 1, "publications_years": {"2006": 1}, "citations_years": {"2007": 1, "2008": 1, "2009": 0, "2010": 0, "2011": 1}, "old_citations": {"2006": 3}, "isVisible": false}, "2063423718": {"name": "bernhard steffen", "type": "author", "activity": 30, "h_index": 47, "h5_index": 10, "mag_id": "2063423718", "num_publications": 1, "num_citations": 9, "num_publications_5y": 1, "num_citations_5y": 7, "num_publications_10y": 1, "num_citations_10y": 7, "publications_years": {"2015": 1}, "citations_years": {"2015": 2, "2016": 1, "2017": 1, "2018": 3, "2019": 2}, "old_citations": {"2015": 9}, "isVisible": false}, "2069441111": {"name": "falk howar", "type": "author", "activity": 10, "h_index": 20, "h5_index": 6, "mag_id": "2069441111", "num_publications": 1, "num_citations": 9, "num_publications_5y": 1, "num_citations_5y": 7, "num_publications_10y": 1, "num_citations_10y": 7, "publications_years": {"2015": 1}, "citations_years": {"2015": 2, "2016": 1, "2017": 1, "2018": 3, "2019": 2}, "old_citations": {"2015": 9}, "isVisible": false}, "2078245027": {"name": "emmanuel fleury", "type": "author", "activity": 16, "h_index": 11, "h5_index": 0, "mag_id": "2078245027", "num_publications": 1, "num_citations": 5, "num_publications_5y": 0, "num_citations_5y": 1, "num_publications_10y": 0, "num_citations_10y": 3, "publications_years": {"2006": 1}, "citations_years": {"2007": 1, "2008": 1, "2009": 0, "2010": 0, "2011": 1, "2012": 1, "2013": 0, "2014": 0, "2015": 0, "2016": 0, "2017": 0, "2018": 1}, "old_citations": {"2006": 5}, "isVisible": false}, "2079125966": {"name": "marina walden", "type": "author", "activity": 25, "h_index": 10, "h5_index": 2, "mag_id": "2079125966", "num_publications": 1, "num_citations": 8, "num_publications_5y": 0, "num_citations_5y": 1, "num_publications_10y": 0, "num_citations_10y": 8, "publications_years": {"2006": 1}, "citations_years": {"2009": 4, "2010": 1, "2011": 2, "2012": 0, "2013": 0, "2014": 0, "2015": 1}, "old_citations": {"2006": 8}, "isVisible": false}, "2083178904": {"name": "julia lawall", "type": "author", "activity": 28, "h_index": 31, "h5_index": 3, "mag_id": "2083178904", "num_publications": 1, "num_citations": 0, "num_publications_5y": 0, "num_citations_5y": 0, "num_publications_10y": 0, "num_citations_10y": 0, "publications_years": {"2005": 1}, "citations_years": {}, "old_citations": {"2005": 0}, "isVisible": false}, "2087526578": {"name": "bjorn metzler", "type": "author", "activity": 3, "h_index": 2, "h5_index": 0, "mag_id": "2087526578", "num_publications": 1, "num_citations": 3, "num_publications_5y": 0, "num_citations_5y": 0, "num_publications_10y": 0, "num_citations_10y": 1, "publications_years": {"2006": 1}, "citations_years": {"2007": 1, "2008": 1, "2009": 0, "2010": 0, "2011": 1}, "old_citations": {"2006": 3}, "isVisible": false}, "2093912941": {"name": "hang yin", "type": "author", "activity": 10, "h_index": 5, "h5_index": 1, "mag_id": "2093912941", "num_publications": 1, "num_citations": 0, "num_publications_5y": 1, "num_citations_5y": 0, "num_publications_10y": 1, "num_citations_10y": 0, "publications_years": {"2014": 1}, "citations_years": {}, "old_citations": {"2014": 0}, "isVisible": false}, "2094734848": {"name": "axel legay", "type": "author", "activity": 18, "h_index": 34, "h5_index": 11, "mag_id": "2094734848", "num_publications": 1, "num_citations": 0, "num_publications_5y": 1, "num_citations_5y": 0, "num_publications_10y": 1, "num_citations_10y": 0, "publications_years": {"2014": 1}, "citations_years": {}, "old_citations": {"2014": 15}, "isVisible": false}, "2104416261": {"name": "fabrizio biondi", "type": "author", "activity": 8, "h_index": 6, "h5_index": 4, "mag_id": "2104416261", "num_publications": 1, "num_citations": 0, "num_publications_5y": 1, "num_citations_5y": 0, "num_publications_10y": 1, "num_citations_10y": 0, "publications_years": {"2014": 1}, "citations_years": {}, "old_citations": {"2014": 15}, "isVisible": false}, "2108032612": {"name": "michele boreale", "type": "author", "activity": 29, "h_index": 15, "h5_index": 1, "mag_id": "2108032612", "num_publications": 1, "num_citations": 0, "num_publications_5y": 0, "num_citations_5y": 0, "num_publications_10y": 0, "num_citations_10y": 0, "publications_years": {"2005": 1}, "citations_years": {}, "old_citations": {"2005": 0}, "isVisible": false}, "2112905758": {"name": "ingo bruckner", "type": "author", "activity": 3, "h_index": 3, "h5_index": 0, "mag_id": "2112905758", "num_publications": 1, "num_citations": 3, "num_publications_5y": 0, "num_citations_5y": 0, "num_publications_10y": 0, "num_citations_10y": 1, "publications_years": {"2006": 1}, "citations_years": {"2007": 1, "2008": 1, "2009": 0, "2010": 0, "2011": 1}, "old_citations": {"2006": 3}, "isVisible": false}, "2115478106": {"name": "peter van roy", "type": "author", "activity": 30, "h_index": 23, "h5_index": 3, "mag_id": "2115478106", "num_publications": 1, "num_citations": 0, "num_publications_5y": 1, "num_citations_5y": 0, "num_publications_10y": 1, "num_citations_10y": 0, "publications_years": {"2016": 1}, "citations_years": {}, "old_citations": {"2016": 0}, "isVisible": false}, "2117428484": {"name": "raluca marinescu", "type": "author", "activity": 10, "h_index": 7, "h5_index": 3, "mag_id": "2117428484", "num_publications": 1, "num_citations": 0, "num_publications_5y": 1, "num_citations_5y": 0, "num_publications_10y": 1, "num_citations_10y": 0, "publications_years": {"2017": 1}, "citations_years": {}, "old_citations": {"2017": 0}, "isVisible": false}, "2123865410": {"name": "eddy bevers", "type": "author", "activity": 6, "h_index": 3, "h5_index": 0, "mag_id": "2123865410", "num_publications": 1, "num_citations": 3, "num_publications_5y": 0, "num_citations_5y": 0, "num_publications_10y": 0, "num_citations_10y": 0, "publications_years": {"1995": 1}, "citations_years": {"1997": 1, "1998": 2}, "old_citations": {"1995": 3}, "isVisible": false}, "2128894547": {"name": "bo friis nielsen", "type": "author", "activity": 23, "h_index": 8, "h5_index": 3, "mag_id": "2128894547", "num_publications": 1, "num_citations": 0, "num_publications_5y": 1, "num_citations_5y": 0, "num_publications_10y": 1, "num_citations_10y": 0, "publications_years": {"2014": 1}, "citations_years": {}, "old_citations": {"2014": 15}, "isVisible": false}, "2130379315": {"name": "gerd behrmann", "type": "author", "activity": 21, "h_index": 25, "h5_index": 0, "mag_id": "2130379315", "num_publications": 1, "num_citations": 5, "num_publications_5y": 0, "num_citations_5y": 1, "num_publications_10y": 0, "num_citations_10y": 3, "publications_years": {"2006": 1}, "citations_years": {"2007": 1, "2008": 1, "2009": 0, "2010": 0, "2011": 1, "2012": 1, "2013": 0, "2014": 0, "2015": 0, "2016": 0, "2017": 0, "2018": 1}, "old_citations": {"2006": 5}, "isVisible": false}, "2133602929": {"name": "istvan knoll", "type": "author", "activity": 3, "h_index": 1, "h5_index": 0, "mag_id": "2133602929", "num_publications": 1, "num_citations": 0, "num_publications_5y": 0, "num_citations_5y": 0, "num_publications_10y": 0, "num_citations_10y": 0, "publications_years": {"2008": 1}, "citations_years": {}, "old_citations": {"2008": 0}, "isVisible": false}, "2144276898": {"name": "sukriti bhattacharya", "type": "author", "activity": 4, "h_index": 4, "h5_index": 0, "mag_id": "2144276898", "num_publications": 1, "num_citations": 2, "num_publications_5y": 0, "num_citations_5y": 1, "num_publications_10y": 0, "num_citations_10y": 2, "publications_years": {"2008": 1}, "citations_years": {"2011": 1, "2012": 0, "2013": 0, "2014": 0, "2015": 0, "2016": 0, "2017": 1}, "old_citations": {"2008": 2}, "isVisible": false}, "2148094435": {"name": "marieke huisman", "type": "author", "activity": 23, "h_index": 22, "h5_index": 5, "mag_id": "2148094435", "num_publications": 1, "num_citations": 0, "num_publications_5y": 1, "num_citations_5y": 0, "num_publications_10y": 1, "num_citations_10y": 0, "publications_years": {"2017": 1}, "citations_years": {}, "old_citations": {"2017": 0}, "isVisible": false}, "2148303541": {"name": "daniel thoma", "type": "author", "activity": 11, "h_index": 9, "h5_index": 5, "mag_id": "2148303541", "num_publications": 1, "num_citations": 0, "num_publications_5y": 1, "num_citations_5y": 0, "num_publications_10y": 1, "num_citations_10y": 0, "publications_years": {"2018": 1}, "citations_years": {}, "old_citations": {"2018": 0}, "isVisible": false}, "2148697857": {"name": "magnus johansson", "type": "author", "activity": 10, "h_index": 7, "h5_index": 1, "mag_id": "2148697857", "num_publications": 1, "num_citations": 0, "num_publications_5y": 0, "num_citations_5y": 0, "num_publications_10y": 1, "num_citations_10y": 0, "publications_years": {"2012": 1}, "citations_years": {}, "old_citations": {"2012": 8}, "isVisible": false}, "2154442338": {"name": "mary sheeran", "type": "author", "activity": 30, "h_index": 17, "h5_index": 2, "mag_id": "2154442338", "num_publications": 1, "num_citations": 1, "num_publications_5y": 0, "num_citations_5y": 0, "num_publications_10y": 0, "num_citations_10y": 0, "publications_years": {"2003": 1}, "citations_years": {"2006": 1}, "old_citations": {"2003": 1}, "isVisible": false}, "2155298472": {"name": "gilles muller", "type": "author", "activity": 30, "h_index": 29, "h5_index": 3, "mag_id": "2155298472", "num_publications": 1, "num_citations": 0, "num_publications_5y": 0, "num_citations_5y": 0, "num_publications_10y": 0, "num_citations_10y": 0, "publications_years": {"2005": 1}, "citations_years": {}, "old_citations": {"2005": 0}, "isVisible": false}, "2156490652": {"name": "arne skou", "type": "author", "activity": 26, "h_index": 20, "h5_index": 2, "mag_id": "2156490652", "num_publications": 1, "num_citations": 0, "num_publications_5y": 0, "num_citations_5y": 0, "num_publications_10y": 0, "num_citations_10y": 0, "publications_years": {"2008": 1}, "citations_years": {}, "old_citations": {"2008": 0}, "isVisible": false}, "2156947101": {"name": "dave clarke", "type": "author", "activity": 22, "h_index": 27, "h5_index": 3, "mag_id": "2156947101", "num_publications": 1, "num_citations": 0, "num_publications_5y": 0, "num_citations_5y": 0, "num_publications_10y": 1, "num_citations_10y": 0, "publications_years": {"2012": 1}, "citations_years": {}, "old_citations": {"2012": 0}, "isVisible": false}, "2159223499": {"name": "lars michael kristensen", "type": "author", "activity": 23, "h_index": 21, "h5_index": 3, "mag_id": "2159223499", "num_publications": 1, "num_citations": 3, "num_publications_5y": 0, "num_citations_5y": 0, "num_publications_10y": 1, "num_citations_10y": 3, "publications_years": {"2012": 1}, "citations_years": {"2013": 3}, "old_citations": {"2012": 3}, "isVisible": false}, "2164307724": {"name": "kent inge fagerland simonsen", "type": "author", "activity": 10, "h_index": 5, "h5_index": 2, "mag_id": "2164307724", "num_publications": 1, "num_citations": 3, "num_publications_5y": 0, "num_citations_5y": 0, "num_publications_10y": 1, "num_citations_10y": 3, "publications_years": {"2012": 1}, "citations_years": {"2013": 3}, "old_citations": {"2012": 3}, "isVisible": false}, "2167573082": {"name": "arnaud bailly", "type": "author", "activity": 7, "h_index": 2, "h5_index": 0, "mag_id": "2167573082", "num_publications": 1, "num_citations": 2, "num_publications_5y": 0, "num_citations_5y": 0, "num_publications_10y": 0, "num_citations_10y": 0, "publications_years": {"2003": 1}, "citations_years": {"2005": 1, "2006": 1}, "old_citations": {"2003": 2}, "isVisible": false}, "2180478051": {"name": "mireille clerbout", "type": "author", "activity": 17, "h_index": 3, "h5_index": 0, "mag_id": "2180478051", "num_publications": 1, "num_citations": 2, "num_publications_5y": 0, "num_citations_5y": 0, "num_publications_10y": 0, "num_citations_10y": 0, "publications_years": {"2003": 1}, "citations_years": {"2005": 1, "2006": 1}, "old_citations": {"2003": 2}, "isVisible": false}, "2189728071": {"name": "bettini lorenzo", "type": "author", "activity": 1, "h_index": 0, "h5_index": 0, "mag_id": "2189728071", "num_publications": 1, "num_citations": 0, "num_publications_5y": 0, "num_citations_5y": 0, "num_publications_10y": 1, "num_citations_10y": 0, "publications_years": {"2010": 1}, "citations_years": {}, "old_citations": {"2010": 0}, "isVisible": false}, "2202319248": {"name": "morten kuhnrich", "type": "author", "activity": 4, "h_index": 2, "h5_index": 0, "mag_id": "2202319248", "num_publications": 1, "num_citations": 0, "num_publications_5y": 0, "num_citations_5y": 0, "num_publications_10y": 0, "num_citations_10y": 0, "publications_years": {"2006": 1}, "citations_years": {}, "old_citations": {"2006": 0}, "isVisible": false}, "2225792100": {"name": "mikael sjodin", "type": "author", "activity": 24, "h_index": 20, "h5_index": 4, "mag_id": "2225792100", "num_publications": 1, "num_citations": 0, "num_publications_5y": 1, "num_citations_5y": 0, "num_publications_10y": 1, "num_citations_10y": 0, "publications_years": {"2014": 1}, "citations_years": {}, "old_citations": {"2014": 0}, "isVisible": false}, "2252015788": {"name": "bent thomsen", "type": "author", "activity": 30, "h_index": 13, "h5_index": 2, "mag_id": "2252015788", "num_publications": 1, "num_citations": 1, "num_publications_5y": 0, "num_citations_5y": 1, "num_publications_10y": 1, "num_citations_10y": 1, "publications_years": {"2011": 1}, "citations_years": {"2015": 1}, "old_citations": {"2011": 1}, "isVisible": false}, "2260350683": {"name": "jens christian godskesen", "type": "author", "activity": 1, "h_index": 0, "h5_index": 0, "mag_id": "2260350683", "num_publications": 1, "num_citations": 0, "num_publications_5y": 0, "num_citations_5y": 0, "num_publications_10y": 0, "num_citations_10y": 0, "publications_years": {"2006": 1}, "citations_years": {}, "old_citations": {"2006": 0}, "isVisible": false}, "2260354078": {"name": "svetlana jaksic", "type": "author", "activity": 10, "h_index": 3, "h5_index": 2, "mag_id": "2260354078", "num_publications": 1, "num_citations": 0, "num_publications_5y": 1, "num_citations_5y": 0, "num_publications_10y": 1, "num_citations_10y": 0, "publications_years": {"2018": 1}, "citations_years": {}, "old_citations": {"2018": 0}, "isVisible": false}, "2274372484": {"name": "samuel lacas", "type": "author", "activity": 1, "h_index": 1, "h5_index": 0, "mag_id": "2274372484", "num_publications": 1, "num_citations": 2, "num_publications_5y": 0, "num_citations_5y": 0, "num_publications_10y": 0, "num_citations_10y": 1, "publications_years": {"2005": 1}, "citations_years": {"2008": 1, "2009": 0, "2010": 1}, "old_citations": {"2005": 2}, "isVisible": false}, "2281514859": {"name": "ulrik larsen", "type": "author", "activity": 3, "h_index": 1, "h5_index": 0, "mag_id": "2281514859", "num_publications": 1, "num_citations": 0, "num_publications_5y": 0, "num_citations_5y": 0, "num_publications_10y": 0, "num_citations_10y": 0, "publications_years": {"2004": 1}, "citations_years": {}, "old_citations": {"2004": 0}, "isVisible": false}, "2285498729": {"name": "bengt jonsson", "type": "author", "activity": 30, "h_index": 37, "h5_index": 6, "mag_id": "2285498729", "num_publications": 1, "num_citations": 9, "num_publications_5y": 1, "num_citations_5y": 7, "num_publications_10y": 1, "num_citations_10y": 7, "publications_years": {"2015": 1}, "citations_years": {"2015": 2, "2016": 1, "2017": 1, "2018": 3, "2019": 2}, "old_citations": {"2015": 9}, "isVisible": false}, "2292362279": {"name": "willard rafnsson", "type": "author", "activity": 1, "h_index": 1, "h5_index": 0, "mag_id": "2292362279", "num_publications": 1, "num_citations": 1, "num_publications_5y": 0, "num_citations_5y": 1, "num_publications_10y": 0, "num_citations_10y": 1, "publications_years": {"2008": 1}, "citations_years": {"2018": 1}, "old_citations": {"2008": 1}, "isVisible": false}, "2295284316": {"name": "luke thomas herbert", "type": "author", "activity": 8, "h_index": 3, "h5_index": 1, "mag_id": "2295284316", "num_publications": 1, "num_citations": 0, "num_publications_5y": 0, "num_citations_5y": 0, "num_publications_10y": 1, "num_citations_10y": 0, "publications_years": {"2011": 1}, "citations_years": {}, "old_citations": {"2011": 0}, "isVisible": false}, "2303543245": {"name": "kasper soe luckow", "type": "author", "activity": 10, "h_index": 8, "h5_index": 5, "mag_id": "2303543245", "num_publications": 1, "num_citations": 1, "num_publications_5y": 0, "num_citations_5y": 1, "num_publications_10y": 1, "num_citations_10y": 1, "publications_years": {"2011": 1}, "citations_years": {"2015": 1}, "old_citations": {"2011": 1}, "isVisible": false}, "2312141857": {"name": "maik merten", "type": "author", "activity": 9, "h_index": 13, "h5_index": 0, "mag_id": "2312141857", "num_publications": 1, "num_citations": 9, "num_publications_5y": 1, "num_citations_5y": 7, "num_publications_10y": 1, "num_citations_10y": 7, "publications_years": {"2015": 1}, "citations_years": {"2015": 2, "2016": 1, "2017": 1, "2018": 3, "2019": 2}, "old_citations": {"2015": 9}, "isVisible": false}, "2312383885": {"name": "mamoun filali", "type": "author", "activity": 24, "h_index": 6, "h5_index": 0, "mag_id": "2312383885", "num_publications": 1, "num_citations": 0, "num_publications_5y": 0, "num_citations_5y": 0, "num_publications_10y": 0, "num_citations_10y": 0, "publications_years": {"2005": 1}, "citations_years": {}, "old_citations": {"2005": 0}, "isVisible": false}, "2320046187": {"name": "schaefer ina", "type": "author", "activity": 1, "h_index": 0, "h5_index": 0, "mag_id": "2320046187", "num_publications": 1, "num_citations": 0, "num_publications_5y": 0, "num_citations_5y": 0, "num_publications_10y": 1, "num_citations_10y": 0, "publications_years": {"2010": 1}, "citations_years": {}, "old_citations": {"2010": 0}, "isVisible": false}, "2394570565": {"name": "seyed hossein haeri", "type": "author", "activity": 14, "h_index": 4, "h5_index": 2, "mag_id": "2394570565", "num_publications": 1, "num_citations": 0, "num_publications_5y": 1, "num_citations_5y": 0, "num_publications_10y": 1, "num_citations_10y": 0, "publications_years": {"2016": 1}, "citations_years": {}, "old_citations": {"2016": 0}, "isVisible": false}, "2435045787": {"name": "torben scheffel", "type": "author", "activity": 6, "h_index": 6, "h5_index": 5, "mag_id": "2435045787", "num_publications": 1, "num_citations": 0, "num_publications_5y": 1, "num_citations_5y": 0, "num_publications_10y": 1, "num_citations_10y": 0, "publications_years": {"2016": 1}, "citations_years": {}, "old_citations": {"2016": 0}, "isVisible": false}, "2436976380": {"name": "anhdung phan", "type": "author", "activity": 1, "h_index": 1, "h5_index": 0, "mag_id": "2436976380", "num_publications": 1, "num_citations": 0, "num_publications_5y": 1, "num_citations_5y": 0, "num_publications_10y": 1, "num_citations_10y": 0, "publications_years": {"2015": 1}, "citations_years": {}, "old_citations": {"2015": 0}, "isVisible": false}, "2462890937": {"name": "reinder j bril", "type": "author", "activity": 29, "h_index": 20, "h5_index": 4, "mag_id": "2462890937", "num_publications": 1, "num_citations": 0, "num_publications_5y": 1, "num_citations_5y": 0, "num_publications_10y": 1, "num_citations_10y": 0, "publications_years": {"2014": 1}, "citations_years": {}, "old_citations": {"2014": 0}, "isVisible": false}, "2477161314": {"name": "peter a jonsson", "type": "author", "activity": 14, "h_index": 7, "h5_index": 1, "mag_id": "2477161314", "num_publications": 1, "num_citations": 0, "num_publications_5y": 0, "num_citations_5y": 0, "num_publications_10y": 0, "num_citations_10y": 0, "publications_years": {"2008": 1}, "citations_years": {}, "old_citations": {"2008": 0}, "isVisible": false}, "2481258011": {"name": "fernando macias", "type": "author", "activity": 7, "h_index": 4, "h5_index": 3, "mag_id": "2481258011", "num_publications": 1, "num_citations": 0, "num_publications_5y": 1, "num_citations_5y": 0, "num_publications_10y": 1, "num_citations_10y": 0, "publications_years": {"2016": 1}, "citations_years": {}, "old_citations": {"2016": 0}, "isVisible": false}, "2493421127": {"name": "robin sharp", "type": "author", "activity": 26, "h_index": 7, "h5_index": 1, "mag_id": "2493421127", "num_publications": 1, "num_citations": 0, "num_publications_5y": 0, "num_citations_5y": 0, "num_publications_10y": 1, "num_citations_10y": 0, "publications_years": {"2011": 1}, "citations_years": {}, "old_citations": {"2011": 0}, "isVisible": false}, "2528666412": {"name": "rui wang", "type": "author", "activity": 4, "h_index": 1, "h5_index": 1, "mag_id": "2528666412", "num_publications": 1, "num_citations": 0, "num_publications_5y": 1, "num_citations_5y": 0, "num_publications_10y": 1, "num_citations_10y": 0, "publications_years": {"2016": 1}, "citations_years": {}, "old_citations": {"2016": 0}, "isVisible": false}, "2562074675": {"name": "esben heltoft andersen", "type": "author", "activity": 1, "h_index": 1, "h5_index": 0, "mag_id": "2562074675", "num_publications": 1, "num_citations": 0, "num_publications_5y": 0, "num_citations_5y": 0, "num_publications_10y": 0, "num_citations_10y": 0, "publications_years": {"2005": 1}, "citations_years": {}, "old_citations": {"2005": 0}, "isVisible": false}, "2600039646": {"name": "phan anh dung", "type": "author", "activity": 5, "h_index": 1, "h5_index": 0, "mag_id": "2600039646", "num_publications": 1, "num_citations": 1, "num_publications_5y": 0, "num_citations_5y": 1, "num_publications_10y": 1, "num_citations_10y": 1, "publications_years": {"2011": 1}, "citations_years": {"2014": 1}, "old_citations": {"2011": 1}, "isVisible": false}, "2600087396": {"name": "peter verner bojsen sorensen", "type": "author", "activity": 3, "h_index": 0, "h5_index": 0, "mag_id": "2600087396", "num_publications": 1, "num_citations": 0, "num_publications_5y": 0, "num_citations_5y": 0, "num_publications_10y": 0, "num_citations_10y": 0, "publications_years": {"2008": 1}, "citations_years": {}, "old_citations": {"2008": 0}, "isVisible": false}, "2603458658": {"name": "william pihl heise", "type": "author", "activity": 2, "h_index": 1, "h5_index": 0, "mag_id": "2603458658", "num_publications": 1, "num_citations": 1, "num_publications_5y": 0, "num_citations_5y": 1, "num_publications_10y": 1, "num_citations_10y": 1, "publications_years": {"2009": 1}, "citations_years": {"2014": 1}, "old_citations": {"2009": 1}, "isVisible": false}, "3004346986": {"name": "x yong", "type": "author", "activity": 1, "h_index": 1, "h5_index": 0, "mag_id": "3004346986", "num_publications": 1, "num_citations": 7, "num_publications_5y": 0, "num_citations_5y": 2, "num_publications_10y": 0, "num_citations_10y": 2, "publications_years": {"1999": 1}, "citations_years": {"1999": 1, "2000": 1, "2001": 0, "2002": 0, "2003": 0, "2004": 2, "2005": 0, "2006": 0, "2007": 0, "2008": 1, "2009": 0, "2010": 0, "2011": 0, "2012": 0, "2013": 0, "2014": 2}, "old_citations": {"1999": 7}, "isVisible": false}, "2923971233": {"name": "didier lime", "type": "author", "activity": 1, "h_index": 1, "h5_index": 0, "mag_id": "2923971233", "num_publications": 1, "num_citations": 5, "num_publications_5y": 0, "num_citations_5y": 1, "num_publications_10y": 0, "num_citations_10y": 3, "publications_years": {"2006": 1}, "citations_years": {"2007": 1, "2008": 1, "2009": 0, "2010": 0, "2011": 1, "2012": 1, "2013": 0, "2014": 0, "2015": 0, "2016": 0, "2017": 0, "2018": 1}, "old_citations": {"2006": 5}, "isVisible": false}, "2643511344": {"name": "isabelle simplotryl", "type": "author", "activity": 9, "h_index": 7, "h5_index": 0, "mag_id": "2643511344", "num_publications": 1, "num_citations": 2, "num_publications_5y": 0, "num_citations_5y": 0, "num_publications_10y": 0, "num_citations_10y": 0, "publications_years": {"2003": 1}, "citations_years": {"2005": 1, "2006": 1}, "old_citations": {"2003": 2}, "isVisible": false}, "2646971306": {"name": "muhammad saleem vighio", "type": "author", "activity": 1, "h_index": 1, "h5_index": 0, "mag_id": "2646971306", "num_publications": 1, "num_citations": 2, "num_publications_5y": 0, "num_citations_5y": 0, "num_publications_10y": 1, "num_citations_10y": 2, "publications_years": {"2009": 1}, "citations_years": {"2011": 2}, "old_citations": {"2009": 2}, "isVisible": false}, "2642891463": {"name": "jens alsted hansen", "type": "author", "activity": 5, "h_index": 2, "h5_index": 0, "mag_id": "2642891463", "num_publications": 1, "num_citations": 1, "num_publications_5y": 0, "num_citations_5y": 0, "num_publications_10y": 0, "num_citations_10y": 0, "publications_years": {"2004": 1}, "citations_years": {"2007": 1}, "old_citations": {"2004": 1}, "isVisible": false}, "2662568449": {"name": "todd veldhuizen", "type": "author", "activity": 1, "h_index": 1, "h5_index": 0, "mag_id": "2662568449", "num_publications": 1, "num_citations": 1, "num_publications_5y": 0, "num_citations_5y": 0, "num_publications_10y": 0, "num_citations_10y": 1, "publications_years": {"2004": 1}, "citations_years": {"2009": 1}, "old_citations": {"2004": 1}, "isVisible": false}, "2690453848": {"name": "giustina nocera", "type": "author", "activity": 0, "h_index": 0, "h5_index": 0, "mag_id": "2690453848", "num_publications": 1, "num_citations": 0, "num_publications_5y": 0, "num_citations_5y": 0, "num_publications_10y": 0, "num_citations_10y": 0, "publications_years": {"2006": 1}, "citations_years": {}, "old_citations": {"2006": 1}, "isVisible": false}, "2792100077": {"name": "tobias wrigstad", "type": "author", "activity": 19, "h_index": 15, "h5_index": 4, "mag_id": "2792100077", "num_publications": 1, "num_citations": 1, "num_publications_5y": 1, "num_citations_5y": 1, "num_publications_10y": 1, "num_citations_10y": 1, "publications_years": {"2016": 1}, "citations_years": {"2017": 1}, "old_citations": {"2016": 1}, "isVisible": false}, "2786179778": {"name": "jonatan larsson", "type": "author", "activity": 2, "h_index": 1, "h5_index": 1, "mag_id": "2786179778", "num_publications": 1, "num_citations": 0, "num_publications_5y": 1, "num_citations_5y": 0, "num_publications_10y": 1, "num_citations_10y": 0, "publications_years": {"2017": 1}, "citations_years": {}, "old_citations": {"2017": 0}, "isVisible": false}}, "countries": {"Denmark": {"name": "Denmark", "type": "country", "h5_index": 65, "num_publications": 13, "num_citations": 23, "num_publications_5y": 2, "num_citations_5y": 5, "num_publications_10y": 6, "num_citations_10y": 16, "publications_years": {"2011": 1, "2006": 3, "2015": 1, "2009": 3, "2014": 1, "2008": 2, "1999": 1, "2005": 1}, "citations_years": {"2009": 1, "2010": 0, "2011": 4, "2012": 4, "2013": 2, "2014": 3, "2007": 1, "2008": 2, "2015": 0, "2016": 0, "2017": 0, "2018": 2, "1999": 1, "2000": 1, "2001": 0, "2002": 0, "2003": 0, "2004": 2, "2005": 0, "2006": 0}, "old_citations": {"2011": 0, "2006": 7, "2015": 0, "2009": 3, "2014": 15, "2008": 1, "1999": 7, "2005": 5}, "isVisible": false}, "Sweden": {"name": "Sweden", "type": "country", "h5_index": 82, "num_publications": 4, "num_citations": 10, "num_publications_5y": 2, "num_citations_5y": 8, "num_publications_10y": 3, "num_citations_10y": 8, "publications_years": {"2012": 1, "2008": 1, "2015": 1, "2016": 1}, "citations_years": {"2015": 2, "2016": 1, "2017": 2, "2018": 3, "2019": 2}, "old_citations": {"2012": 8, "2008": 0, "2015": 9, "2016": 1}, "isVisible": false}, "Germany": {"name": "Germany", "type": "country", "h5_index": 139, "num_publications": 3, "num_citations": 3, "num_publications_5y": 2, "num_citations_5y": 0, "num_publications_10y": 2, "num_citations_10y": 1, "publications_years": {"2016": 1, "2006": 1, "2018": 1}, "citations_years": {"2007": 1, "2008": 1, "2009": 0, "2010": 0, "2011": 1}, "old_citations": {"2016": 0, "2006": 3, "2018": 0}, "isVisible": false}, "Belgium": {"name": "Belgium", "type": "country", "h5_index": 72, "num_publications": 2, "num_citations": 0, "num_publications_5y": 1, "num_citations_5y": 0, "num_publications_10y": 2, "num_citations_10y": 0, "publications_years": {"2012": 1, "2016": 1}, "citations_years": {}, "old_citations": {"2012": 0, "2016": 0}, "isVisible": false}, "France": {"name": "France", "type": "country", "h5_index": 99, "num_publications": 2, "num_citations": 5, "num_publications_5y": 1, "num_citations_5y": 1, "num_publications_10y": 1, "num_citations_10y": 3, "publications_years": {"2006": 1, "2014": 1}, "citations_years": {"2007": 1, "2008": 1, "2009": 0, "2010": 0, "2011": 1, "2012": 1, "2013": 0, "2014": 0, "2015": 0, "2016": 0, "2017": 0, "2018": 1}, "old_citations": {"2006": 5, "2014": 15}, "isVisible": false}, "Netherlands": {"name": "Netherlands", "type": "country", "h5_index": 91, "num_publications": 2, "num_citations": 0, "num_publications_5y": 2, "num_citations_5y": 0, "num_publications_10y": 2, "num_citations_10y": 0, "publications_years": {"2014": 1, "2017": 1}, "citations_years": {}, "old_citations": {"2014": 0, "2017": 0}, "isVisible": false}, "Norway": {"name": "Norway", "type": "country", "h5_index": 56, "num_publications": 2, "num_citations": 0, "num_publications_5y": 2, "num_citations_5y": 0, "num_publications_10y": 2, "num_citations_10y": 0, "publications_years": {"2016": 1, "2018": 1}, "citations_years": {}, "old_citations": {"2016": 0, "2018": 0}, "isVisible": false}, "Finland": {"name": "Finland", "type": "country", "h5_index": 68, "num_publications": 1, "num_citations": 8, "num_publications_5y": 0, "num_citations_5y": 1, "num_publications_10y": 0, "num_citations_10y": 8, "publications_years": {"2006": 1}, "citations_years": {"2009": 4, "2010": 1, "2011": 2, "2012": 0, "2013": 0, "2014": 0, "2015": 1}, "old_citations": {"2006": 8}, "isVisible": false}, "Iceland": {"name": "Iceland", "type": "country", "h5_index": 16, "num_publications": 1, "num_citations": 1, "num_publications_5y": 0, "num_citations_5y": 1, "num_publications_10y": 0, "num_citations_10y": 1, "publications_years": {"2008": 1}, "citations_years": {"2018": 1}, "old_citations": {"2008": 1}, "isVisible": false}, "Italy": {"name": "Italy", "type": "country", "h5_index": 94, "num_publications": 1, "num_citations": 2, "num_publications_5y": 0, "num_citations_5y": 1, "num_publications_10y": 0, "num_citations_10y": 2, "publications_years": {"2008": 1}, "citations_years": {"2011": 1, "2012": 0, "2013": 0, "2014": 0, "2015": 0, "2016": 0, "2017": 1}, "old_citations": {"2008": 2}, "isVisible": false}, "Serbia": {"name": "Serbia", "type": "country", "h5_index": 24, "num_publications": 1, "num_citations": 0, "num_publications_5y": 1, "num_citations_5y": 0, "num_publications_10y": 1, "num_citations_10y": 0, "publications_years": {"2018": 1}, "citations_years": {}, "old_citations": {"2018": 0}, "isVisible": false}}}, "conference_comparison": {"computer science": {}}, "topics_dna": {"publications": {}, "citations": {"normalized": {}, "average": {}}}, "info": {"num_publications": 50, "num_citations": 88.0, "impact_factor": {"1997": 1.0, "1998": 0, "1999": 0, "2000": 0.5, "2001": 0.0, "2002": 0, "2003": 1.0, "2004": 0.0, "2005": 0.14285714285714285, "2006": 0.0, "2007": 0.18181818181818182, "2008": 0.4, "2009": 0.0, "2010": 0.0, "2011": 0.4, "2012": 0.0, "2013": 0.6, "2014": 0.0, "2015": 0.0, "2016": 0.25, "2017": 0.3333333333333333, "2018": 0.0}, "publications_years": {"2005": 6, "2006": 6, "2008": 5, "2004": 4, "2009": 4, "2003": 3, "2011": 3, "2012": 3, "2015": 3, "2016": 3, "1999": 2, "2014": 2, "2017": 2, "1995": 1, "2002": 1, "2010": 1, "2018": 1}, "citations_years": {"1997": 1, "1998": 2, "1999": 1, "2000": 1, "2001": 0, "2002": 0, "2003": 1, "2004": 2, "2005": 2, "2006": 3, "2007": 3, "2008": 4, "2009": 6, "2010": 2, "2011": 8, "2012": 4, "2013": 5, "2014": 4, "2015": 4, "2016": 1, "2017": 3, "2018": 5, "2019": 2}, "old_citations": {"2005": 7, "2006": 19, "2008": 3, "2004": 2, "2009": 3, "2003": 3, "2011": 2, "2012": 11, "2015": 9, "2016": 1, "1999": 7, "2014": 15, "2017": 0, "1995": 3, "2002": 3, "2010": 0, "2018": 0}, "h5_index": 1}, "percentile": {"computer science": {"2005": 70, "2006": 71, "2008": 59, "2004": 72, "2009": 55, "2003": 76, "2011": 51, "2012": 55, "2015": 76, "2016": 52, "1999": 86, "2014": 19, "2017": 19, "1995": 90, "2002": 81, "2010": 18, "2018": 20}}, "conference_ranking": {"computer science": {"2005": 1272, "2006": 1199, "2008": 1746, "2004": 1192, "2009": 1919, "2003": 1020, "2011": 2050, "2012": 1892, "2015": 1011, "2016": 2014, "1999": 559, "2014": 3448, "2017": 3421, "1995": 419, "2002": 798, "2010": 3481, "2018": 3405}}, "academia": {"num_publications": 25, "num_citations": 54, "publications_years": {"1999": 1, "2000": 0, "2001": 0, "2002": 0, "2003": 0, "2004": 0, "2005": 1, "2006": 5, "2007": 0, "2008": 4, "2009": 3, "2010": 0, "2011": 1, "2012": 2, "2013": 0, "2014": 1, "2015": 2, "2016": 3, "2017": 1, "2018": 1}, "old_citations": {"1999": 7, "2000": 0, "2001": 0, "2002": 0, "2003": 0, "2004": 0, "2005": 5, "2006": 18, "2007": 0, "2008": 3, "2009": 3, "2010": 0, "2011": 0, "2012": 8, "2013": 0, "2014": 0, "2015": 9, "2016": 1, "2017": 0, "2018": 0}, "num_publications_5y": 5, "num_citations_5y": 1, "num_publications_10y": 11, "num_citations_10y": 18}, "industry": {"num_publications": 0, "num_citations": 0, "publications_years": {}, "old_citations": {}, "num_publications_5y": 0, "num_citations_5y": 0, "num_publications_10y": 0, "num_citations_10y": 0}, "collaborative": {"num_publications": 0, "num_citations": 0, "publications_years": {}, "old_citations": {}, "num_publications_5y": 0, "num_citations_5y": 0, "num_publications_10y": 0, "num_citations_10y": 0}, "conferences": {}, "journals": {}, "organizations": {"publication_overall": ["Technical University of Denmark", "Aalborg University", "Uppsala University", "University of L\u00fcbeck", "University of Oslo", "Ca Foscari University of Venice", "Eindhoven University of Technology", "French Institute for Research in Computer Science and Automation", "IT University of Copenhagen", "KU Leuven", "Lule\u00e5 University of Technology", "Reykjav\u00edk University", "University of Copenhagen", "University of Novi Sad", "University of Paderborn", "University of Twente", "Universit\u00e9 Catholique de Louvain", "\u00c5bo Akademi University", "\u00c9cole Centrale Paris"], "citation_overall": ["Technical University of Denmark", "Uppsala University", "French Institute for Research in Computer Science and Automation", "University of Copenhagen", "Aalborg University", "\u00c5bo Akademi University", "\u00c9cole Centrale Paris", "University of Paderborn", "Ca Foscari University of Venice", "Reykjav\u00edk University", "Eindhoven University of Technology", "IT University of Copenhagen", "KU Leuven", "Lule\u00e5 University of Technology", "University of L\u00fcbeck", "University of Novi Sad", "University of Oslo", "University of Twente", "Universit\u00e9 Catholique de Louvain"], "publication_10_years": ["Technical University of Denmark", "Uppsala University", "University of L\u00fcbeck", "University of Oslo", "Eindhoven University of Technology", "French Institute for Research in Computer Science and Automation", "KU Leuven", "University of Copenhagen", "University of Novi Sad", "University of Twente", "Universit\u00e9 Catholique de Louvain"], "citation_10_years": ["Uppsala University", "French Institute for Research in Computer Science and Automation", "Technical University of Denmark", "University of Copenhagen", "Eindhoven University of Technology", "KU Leuven", "University of L\u00fcbeck", "University of Novi Sad", "University of Oslo", "University of Twente", "Universit\u00e9 Catholique de Louvain"], "publication_5_years": ["University of L\u00fcbeck", "University of Oslo", "University of Novi Sad", "University of Twente", "Universit\u00e9 Catholique de Louvain", "Uppsala University"], "citation_5_years": ["Uppsala University", "University of L\u00fcbeck", "University of Novi Sad", "University of Oslo", "University of Twente", "Universit\u00e9 Catholique de Louvain"]}, "countries": {"publication_overall": ["Denmark", "Sweden", "Germany", "Belgium", "France", "Netherlands", "Norway", "Finland", "Iceland", "Italy", "Serbia"], "citation_overall": ["Denmark", "France", "Sweden", "Finland", "Germany", "Italy", "Iceland", "Belgium", "Netherlands", "Norway", "Serbia"], "publication_10_years": ["Denmark", "Sweden", "Belgium", "Germany", "Netherlands", "Norway", "France", "Serbia"], "citation_10_years": ["Sweden", "Denmark", "France", "Belgium", "Germany", "Netherlands", "Norway", "Serbia"], "publication_5_years": ["Germany", "Norway", "Belgium", "Netherlands", "Serbia", "Sweden"], "citation_5_years": ["Sweden", "Belgium", "Germany", "Netherlands", "Norway", "Serbia"]}, "topics": {"publication_overall": ["computer science", "computer systems", "artificial intelligence", "computer programming", "software engineering", "computer programming languages", "software design", "embedded systems", "linguistics", "computer hardware", "theoretical computer science", "computer networks", "engineering", "mathematics", "formal languages and automata theory", "formal logic", "software architecture", "distributed computer systems", "distributed systems", "parallel processing systems"], "citation_overall": ["computer science", "computer systems", "engineering", "mathematics", "computer networks", "software engineering", "artificial intelligence", "computer programming", "software design", "communication systems", "computer hardware", "telecommunication systems", "wireless telecommunication systems", "embedded systems", "probability", "formal logic", "signal processing", "theoretical computer science", "communication channels (information theory)", "communication"], "publication_10_years": ["computer science", "computer systems", "computer programming", "computer programming languages", "distributed computer systems", "distributed systems", "parallel processing systems", "software engineering", "engineering", "software design", "theoretical computer science", "artificial intelligence", "computer hardware", "embedded systems", "mathematics", "program compilers", "formal languages", "formal languages and automata theory", "linguistics", "software architecture"], "citation_10_years": ["computer science", "computer systems", "engineering", "mathematics", "deterministic", "numerical model", "probability", "stochastic", "stochastic processes", "stochasticity", "communication", "information theory", "signal processing", "communication channels (information theory)", "communication systems", "computer networks", "correlation analysis", "signal to noise ratio", "telecommunication systems", "wireless telecommunication systems"], "publication_5_years": ["computer science", "computer systems", "computer programming", "computer programming languages", "distributed computer systems", "distributed systems", "parallel processing systems", "program compilers", "software design", "software engineering", "communication systems", "computer hardware", "computer networks", "correlation analysis", "embedded systems", "engineering", "formal languages", "formal languages and automata theory", "linguistics", "mathematics"], "citation_5_years": ["code transformation", "communication channels (information theory)", "communication systems", "compiler optimizations", "computer imaging and vision", "computer networks", "computer programming", "computer programming languages", "computer science", "computer systems", "correlation analysis", "cosine transforms", "distributed computer systems", "distributed systems", "engineering", "formal languages", "formal languages and automata theory", "image analysis", "image coding", "image compression"]}, "main_topics": ["computer science"], "authors": {"publication_overall": ["2173345052", "69807651", "1625632746", "1925871413", "2011261465", "2040931769", "2113127686", "2113666245", "2136663722", "2136817152", "2146581609", "2153494020", "2304933903", "2345078223", "2400572742", "2437117843", "21934487", "152237314", "216338124", "235209935", "245195506", "259673180", "266155097", "278907742", "344358645", "589623859", "742001445", "1116347365", "1435925321", "1633452320", "1903146606", "1926905799", "1937311917", "1968417444", "1974285859", "1983816703", "1994860295", "2005359383", "2020935160", "2042276666", "2044198668", "2047159295", "2053144451", "2062320239", "2063423718", "2069441111", "2078245027", "2079125966", "2083178904", "2087526578", "2093912941", "2094734848", "2104416261", "2108032612", "2112905758", "2115478106", "2117428484", "2123865410", "2128894547", "2130379315", "2133602929", "2144276898", "2148094435", "2148303541", "2148697857", "2154442338", "2155298472", "2156490652", "2156947101", "2159223499", "2164307724", "2167573082", "2180478051", "2189728071", "2202319248", "2225792100", "2252015788", "2260350683", "2260354078", "2274372484", "2281514859", "2285498729", "2292362279", "2295284316", "2303543245", "2312141857", "2312383885", "2320046187", "2394570565", "2435045787", "2436976380", "2462890937", "2477161314", "2481258011", "2493421127", "2528666412", "2562074675", "2600039646", "2600087396", "2603458658"], "citation_overall": ["1633452320", "2094734848", "2104416261", "2128894547", "2136663722", "2047159295", "2063423718", "2069441111", "2285498729", "2312141857", "152237314", "235209935", "2079125966", "2136817152", "2148697857", "2020935160", "3004346986", "1625632746", "2042276666", "2078245027", "2130379315", "2146581609", "2923971233", "344358645", "1435925321", "1968417444", "1994860295", "2062320239", "2087526578", "2112905758", "2123865410", "2159223499", "2164307724", "21934487", "1116347365", "2113127686", "2144276898", "2167573082", "2173345052", "2180478051", "2274372484", "2304933903", "2345078223", "2643511344", "2646971306", "266155097", "589623859", "1937311917", "1974285859", "2113666245", "2154442338", "2252015788", "2292362279", "2303543245", "2600039646", "2603458658", "2642891463", "2662568449", "2690453848", "2792100077", "69807651", "216338124", "245195506", "259673180", "278907742", "742001445", "1903146606", "1925871413", "1926905799", "1983816703", "2005359383", "2011261465", "2040931769", "2044198668", "2053144451", "2083178904", "2093912941", "2108032612", "2115478106", "2117428484", "2133602929", "2148094435", "2148303541", "2153494020", "2155298472", "2156490652", "2156947101", "2189728071", "2202319248", "2225792100", "2260350683", "2260354078", "2281514859", "2295284316", "2312383885", "2320046187", "2394570565", "2400572742", "2435045787", "2436976380"], "publication_10_years": ["69807651", "1925871413", "2173345052", "2400572742", "152237314", "259673180", "278907742", "589623859", "1633452320", "1903146606", "1926905799", "1974285859", "1994860295", "2011261465", "2047159295", "2053144451", "2063423718", "2069441111", "2093912941", "2094734848", "2104416261", "2115478106", "2117428484", "2128894547", "2136817152", "2148094435", "2148303541", "2148697857", "2153494020", "2156947101", "2159223499", "2164307724", "2225792100", "2252015788", "2260354078", "2285498729", "2295284316", "2303543245", "2312141857", "2394570565", "2435045787", "2436976380", "2462890937", "2481258011", "2493421127", "2528666412", "2600039646", "2786179778", "2792100077"], "citation_10_years": ["1633452320", "2094734848", "2104416261", "2128894547", "2047159295", "2063423718", "2069441111", "2285498729", "2312141857", "152237314", "2136817152", "2148697857", "1994860295", "2159223499", "2164307724", "589623859", "1974285859", "2173345052", "2252015788", "2303543245", "2600039646", "2792100077", "69807651", "259673180", "278907742", "1903146606", "1925871413", "1926905799", "2011261465", "2053144451", "2093912941", "2115478106", "2117428484", "2148094435", "2148303541", "2153494020", "2156947101", "2225792100", "2260354078", "2295284316", "2394570565", "2400572742", "2435045787", "2436976380", "2462890937", "2481258011", "2493421127", "2528666412", "2786179778"], "publication_5_years": ["1925871413", "2400572742", "69807651", "259673180", "278907742", "589623859", "1926905799", "2115478106", "2117428484", "2148094435", "2148303541", "2153494020", "2260354078", "2394570565", "2435045787", "2481258011", "2528666412", "2786179778", "2792100077"], "citation_5_years": ["589623859", "2792100077", "69807651", "259673180", "278907742", "1925871413", "1926905799", "2115478106", "2117428484", "2148094435", "2148303541", "2153494020", "2260354078", "2394570565", "2400572742", "2435045787", "2481258011", "2528666412", "2786179778"]}, "industrial_sectors": {"publication_overall": [], "citation_overall": [], "publication_10_years": [], "citation_10_years": [], "publication_5_years": [], "citation_5_years": []}}