{"name": "International Engineering Management Conference", "acronym": "IEMC", "type": "conference", "uniqueEntities": {"organizations": {"California Institute of Technology": {"name": "California Institute of Technology", "type": "organization", "organization_type": "Education", "h_index": 219, "h5_index": 42, "num_publications": 2, "num_citations": 8, "num_publications_5y": 0, "num_citations_5y": 5, "num_publications_10y": 0, "num_citations_10y": 8, "publications_years": {"2008": 1, "1990": 1}, "citations_years": {"2012": 2, "2013": 1, "2014": 1, "2015": 2, "2016": 2}, "old_citations": {"2008": 8, "1990": 0}, "isVisible": false}, "University of Tokyo": {"name": "University of Tokyo", "type": "organization", "organization_type": "Education", "h_index": 147, "h5_index": 42, "num_publications": 2, "num_citations": 5, "num_publications_5y": 0, "num_citations_5y": 0, "num_publications_10y": 0, "num_citations_10y": 1, "publications_years": {"2002": 2}, "citations_years": {"2003": 1, "2004": 3, "2005": 0, "2006": 0, "2007": 0, "2008": 0, "2009": 0, "2010": 0, "2011": 0, "2012": 0, "2013": 1}, "old_citations": {"2002": 5}, "isVisible": false}, "Budapest University of Technology and Economics": {"name": "Budapest University of Technology and Economics", "type": "organization", "organization_type": "Education", "h_index": 74, "h5_index": 19, "num_publications": 1, "num_citations": 2, "num_publications_5y": 0, "num_citations_5y": 1, "num_publications_10y": 0, "num_citations_10y": 2, "publications_years": {"2008": 1}, "citations_years": {"2010": 1, "2011": 0, "2012": 0, "2013": 0, "2014": 0, "2015": 1}, "old_citations": {"2008": 2}, "isVisible": false}, "Cisco Systems (China)": {"name": "Cisco Systems (China)", "type": "organization", "organization_type": "Company", "h_index": 170, "h5_index": 31, "num_publications": 1, "num_citations": 2, "num_publications_5y": 0, "num_citations_5y": 0, "num_publications_10y": 0, "num_citations_10y": 0, "publications_years": {"2004": 1}, "citations_years": {"2005": 1, "2006": 1}, "old_citations": {"2004": 2}, "isVisible": false}, "Delft University of Technology": {"name": "Delft University of Technology", "type": "organization", "organization_type": "Education", "h_index": 160, "h5_index": 46, "num_publications": 1, "num_citations": 4, "num_publications_5y": 0, "num_citations_5y": 0, "num_publications_10y": 0, "num_citations_10y": 3, "publications_years": {"2008": 1}, "citations_years": {"2008": 1, "2009": 1, "2010": 2}, "old_citations": {"2008": 4}, "isVisible": false}, "Finnish Defence Forces": {"name": "Finnish Defence Forces", "type": "organization", "organization_type": "Other", "h_index": 6, "h5_index": 0, "num_publications": 1, "num_citations": 1, "num_publications_5y": 0, "num_citations_5y": 0, "num_publications_10y": 0, "num_citations_10y": 0, "publications_years": {"2002": 1}, "citations_years": {"2003": 1}, "old_citations": {"2002": 1}, "isVisible": false}, "Imperial College London": {"name": "Imperial College London", "type": "organization", "organization_type": "Education", "h_index": 180, "h5_index": 75, "num_publications": 1, "num_citations": 10, "num_publications_5y": 0, "num_citations_5y": 1, "num_publications_10y": 0, "num_citations_10y": 10, "publications_years": {"2008": 1}, "citations_years": {"2009": 1, "2010": 1, "2011": 1, "2012": 4, "2013": 2, "2014": 1}, "old_citations": {"2008": 10}, "isVisible": false}, "Marmara University": {"name": "Marmara University", "type": "organization", "organization_type": "Education", "h_index": 27, "h5_index": 12, "num_publications": 1, "num_citations": 1, "num_publications_5y": 0, "num_citations_5y": 0, "num_publications_10y": 0, "num_citations_10y": 0, "publications_years": {"1992": 1}, "citations_years": {"2007": 1}, "old_citations": {"1992": 1}, "isVisible": false}, "Nanyang Technological University": {"name": "Nanyang Technological University", "type": "organization", "organization_type": "Education", "h_index": 200, "h5_index": 78, "num_publications": 1, "num_citations": 2, "num_publications_5y": 0, "num_citations_5y": 0, "num_publications_10y": 0, "num_citations_10y": 1, "publications_years": {"2004": 1}, "citations_years": {"2007": 1, "2008": 0, "2009": 0, "2010": 0, "2011": 1}, "old_citations": {"2004": 2}, "isVisible": false}, "National Cheng Kung University": {"name": "National Cheng Kung University", "type": "organization", "organization_type": "Education", "h_index": 101, "h5_index": 29, "num_publications": 1, "num_citations": 1, "num_publications_5y": 0, "num_citations_5y": 0, "num_publications_10y": 0, "num_citations_10y": 1, "publications_years": {"2004": 1}, "citations_years": {"2011": 1}, "old_citations": {"2004": 1}, "isVisible": false}, "National Taiwan University": {"name": "National Taiwan University", "type": "organization", "organization_type": "Education", "h_index": 132, "h5_index": 34, "num_publications": 1, "num_citations": 0, "num_publications_5y": 0, "num_citations_5y": 0, "num_publications_10y": 0, "num_citations_10y": 0, "publications_years": {"2004": 1}, "citations_years": {}, "old_citations": {"2004": 0}, "isVisible": false}, "National University of Defense Technology": {"name": "National University of Defense Technology", "type": "organization", "organization_type": "Education", "h_index": 81, "h5_index": 40, "num_publications": 1, "num_citations": 4, "num_publications_5y": 0, "num_citations_5y": 2, "num_publications_10y": 0, "num_citations_10y": 4, "publications_years": {"2004": 1}, "citations_years": {"2011": 1, "2012": 0, "2013": 1, "2014": 0, "2015": 2}, "old_citations": {"2004": 4}, "isVisible": false}, "National University of Singapore": {"name": "National University of Singapore", "type": "organization", "organization_type": "Education", "h_index": 219, "h5_index": 81, "num_publications": 1, "num_citations": 6, "num_publications_5y": 0, "num_citations_5y": 2, "num_publications_10y": 0, "num_citations_10y": 5, "publications_years": {"2004": 1}, "citations_years": {"2010": 3, "2011": 0, "2012": 0, "2013": 0, "2014": 0, "2015": 1, "2016": 1, "2017": 0, "2018": 0, "2019": 0, "2020": 1}, "old_citations": {"2004": 6}, "isVisible": false}, "Queensland University of Technology": {"name": "Queensland University of Technology", "type": "organization", "organization_type": "Education", "h_index": 125, "h5_index": 30, "num_publications": 1, "num_citations": 0, "num_publications_5y": 0, "num_citations_5y": 0, "num_publications_10y": 0, "num_citations_10y": 0, "publications_years": {"2004": 1}, "citations_years": {}, "old_citations": {"2004": 0}, "isVisible": false}, "RWTH Aachen University": {"name": "RWTH Aachen University", "type": "organization", "organization_type": "Education", "h_index": 144, "h5_index": 43, "num_publications": 1, "num_citations": 15, "num_publications_5y": 0, "num_citations_5y": 8, "num_publications_10y": 0, "num_citations_10y": 13, "publications_years": {"2007": 1}, "citations_years": {"2007": 1, "2008": 1, "2009": 0, "2010": 0, "2011": 1, "2012": 2, "2013": 2, "2014": 1, "2015": 1, "2016": 4, "2017": 1, "2018": 1}, "old_citations": {"2007": 15}, "isVisible": false}, "San Jose State University": {"name": "San Jose State University", "type": "organization", "organization_type": "Education", "h_index": 61, "h5_index": 17, "num_publications": 1, "num_citations": 9, "num_publications_5y": 0, "num_citations_5y": 0, "num_publications_10y": 0, "num_citations_10y": 0, "publications_years": {"1990": 1}, "citations_years": {"2001": 1, "2002": 2, "2003": 2, "2004": 1, "2005": 0, "2006": 2, "2007": 1}, "old_citations": {"1990": 9}, "isVisible": false}, "State University of Feira de Santana": {"name": "State University of Feira de Santana", "type": "organization", "organization_type": "Education", "h_index": 13, "h5_index": 6, "num_publications": 1, "num_citations": 2, "num_publications_5y": 0, "num_citations_5y": 0, "num_publications_10y": 0, "num_citations_10y": 0, "publications_years": {"2006": 1}, "citations_years": {"2008": 2}, "old_citations": {"2006": 2}, "isVisible": false}, "Tennessee State University": {"name": "Tennessee State University", "type": "organization", "organization_type": "Education", "h_index": 26, "h5_index": 9, "num_publications": 1, "num_citations": 13, "num_publications_5y": 0, "num_citations_5y": 0, "num_publications_10y": 0, "num_citations_10y": 3, "publications_years": {"2000": 1}, "citations_years": {"2001": 2, "2002": 2, "2003": 1, "2004": 1, "2005": 2, "2006": 1, "2007": 1, "2008": 0, "2009": 0, "2010": 1, "2011": 2}, "old_citations": {"2000": 13}, "isVisible": false}, "University of Coimbra": {"name": "University of Coimbra", "type": "organization", "organization_type": "Education", "h_index": 76, "h5_index": 25, "num_publications": 1, "num_citations": 1, "num_publications_5y": 0, "num_citations_5y": 1, "num_publications_10y": 0, "num_citations_10y": 1, "publications_years": {"2008": 1}, "citations_years": {"2015": 1}, "old_citations": {"2008": 1}, "isVisible": false}, "University of Duisburg-Essen": {"name": "University of Duisburg-Essen", "type": "organization", "organization_type": "Education", "h_index": 73, "h5_index": 23, "num_publications": 1, "num_citations": 4, "num_publications_5y": 0, "num_citations_5y": 1, "num_publications_10y": 0, "num_citations_10y": 4, "publications_years": {"2008": 1}, "citations_years": {"2011": 2, "2012": 1, "2013": 0, "2014": 0, "2015": 0, "2016": 0, "2017": 1}, "old_citations": {"2008": 4}, "isVisible": false}, "University of Lisbon": {"name": "University of Lisbon", "type": "organization", "organization_type": "Education", "h_index": 64, "h5_index": 20, "num_publications": 1, "num_citations": 0, "num_publications_5y": 0, "num_citations_5y": 0, "num_publications_10y": 0, "num_citations_10y": 0, "publications_years": {"2008": 1}, "citations_years": {}, "old_citations": {"2008": 0}, "isVisible": false}, "University of London": {"name": "University of London", "type": "organization", "organization_type": "Education", "h_index": 105, "h5_index": 16, "num_publications": 1, "num_citations": 2, "num_publications_5y": 0, "num_citations_5y": 0, "num_publications_10y": 0, "num_citations_10y": 2, "publications_years": {"2006": 1}, "citations_years": {"2011": 1, "2012": 1}, "old_citations": {"2006": 2}, "isVisible": false}, "West Virginia University": {"name": "West Virginia University", "type": "organization", "organization_type": "Education", "h_index": 90, "h5_index": 34, "num_publications": 1, "num_citations": 8, "num_publications_5y": 0, "num_citations_5y": 5, "num_publications_10y": 0, "num_citations_10y": 8, "publications_years": {"2008": 1}, "citations_years": {"2012": 2, "2013": 1, "2014": 1, "2015": 2, "2016": 2}, "old_citations": {"2008": 8}, "isVisible": false}}, "topics": {"computer science": {"name": "computer science", "type": "topic", "h_index": 1779, "h5_index": 416, "num_publications": 43, "num_citations": 172, "num_publications_5y": 0, "num_citations_5y": 38, "num_publications_10y": 0, "num_citations_10y": 106, "publications_years": {"2008": 11, "2004": 14, "2005": 3, "2002": 4, "2006": 2, "2007": 3, "2000": 1, "1990": 3, "1992": 2}, "citations_years": {"2012": 18, "2013": 13, "2014": 5, "2015": 14, "2016": 9, "2007": 15, "2008": 13, "2009": 11, "2010": 14, "2011": 12, "2017": 7, "2018": 3, "2005": 7, "2006": 6, "2003": 5, "2004": 11, "2019": 0, "2020": 1, "2001": 3, "2002": 4, "1998": 1}, "old_citations": {"2008": 33, "2004": 36, "2005": 14, "2002": 44, "2006": 4, "2007": 17, "2000": 13, "1990": 10, "1992": 1}, "isVisible": false}, "computer systems": {"name": "computer systems", "type": "topic", "h_index": 1595, "h5_index": 367, "num_publications": 34, "num_citations": 115, "num_publications_5y": 0, "num_citations_5y": 20, "num_publications_10y": 0, "num_citations_10y": 64, "publications_years": {"2008": 8, "2004": 13, "2005": 2, "2002": 4, "2006": 2, "2007": 1, "1990": 3, "1992": 1}, "citations_years": {"2013": 8, "2014": 2, "2007": 13, "2008": 10, "2009": 10, "2010": 12, "2011": 5, "2015": 9, "2012": 9, "2016": 2, "2017": 5, "2018": 2, "2003": 4, "2004": 10, "2006": 5, "2005": 4, "2019": 0, "2020": 1, "2001": 1, "2002": 2, "1998": 1}, "old_citations": {"2008": 11, "2004": 33, "2005": 12, "2002": 44, "2006": 4, "2007": 0, "1990": 10, "1992": 1}, "isVisible": false}, "artificial intelligence": {"name": "artificial intelligence", "type": "topic", "h_index": 1421, "h5_index": 373, "num_publications": 25, "num_citations": 90, "num_publications_5y": 0, "num_citations_5y": 19, "num_publications_10y": 0, "num_citations_10y": 58, "publications_years": {"2008": 10, "2004": 7, "2006": 2, "2007": 1, "2002": 3, "1990": 1, "1992": 1}, "citations_years": {"2012": 12, "2013": 6, "2014": 2, "2015": 7, "2016": 4, "2011": 5, "2017": 5, "2018": 1, "2006": 2, "2007": 10, "2008": 8, "2009": 6, "2010": 10, "2019": 0, "2020": 1, "2004": 7, "2005": 3, "2003": 1}, "old_citations": {"2008": 31, "2004": 13, "2006": 4, "2007": 0, "2002": 41, "1990": 0, "1992": 1}, "isVisible": false}, "mathematics": {"name": "mathematics", "type": "topic", "h_index": 1364, "h5_index": 300, "num_publications": 19, "num_citations": 114, "num_publications_5y": 0, "num_citations_5y": 27, "num_publications_10y": 0, "num_citations_10y": 69, "publications_years": {"2008": 5, "2004": 7, "2002": 3, "2007": 2, "2000": 1, "1992": 1}, "citations_years": {"2013": 7, "2014": 3, "2011": 9, "2012": 11, "2015": 10, "2016": 5, "2017": 7, "2007": 11, "2008": 8, "2009": 6, "2010": 9, "2018": 2, "2005": 7, "2006": 3, "2003": 3, "2004": 9, "2001": 2, "2002": 2}, "old_citations": {"2008": 19, "2004": 22, "2002": 42, "2007": 17, "2000": 13, "1992": 1}, "isVisible": false}, "database systems": {"name": "database systems", "type": "topic", "h_index": 1167, "h5_index": 276, "num_publications": 18, "num_citations": 73, "num_publications_5y": 0, "num_citations_5y": 10, "num_publications_10y": 0, "num_citations_10y": 30, "publications_years": {"2008": 2, "2004": 8, "2002": 2, "2006": 1, "2007": 1, "1990": 3, "1992": 1}, "citations_years": {"2012": 4, "2013": 2, "2014": 0, "2015": 3, "2016": 2, "2017": 4, "2018": 1, "2003": 3, "2004": 9, "2006": 4, "2007": 11, "2008": 8, "2009": 5, "2010": 8, "2011": 1, "2019": 0, "2020": 1, "2005": 3, "2001": 1, "2002": 2, "1998": 1}, "old_citations": {"2008": 6, "2004": 13, "2002": 41, "2006": 2, "2007": 0, "1990": 10, "1992": 1}, "isVisible": false}, "engineering": {"name": "engineering", "type": "topic", "h_index": 1177, "h5_index": 287, "num_publications": 16, "num_citations": 49, "num_publications_5y": 0, "num_citations_5y": 18, "num_publications_10y": 0, "num_citations_10y": 39, "publications_years": {"2008": 5, "2004": 6, "2006": 1, "2007": 1, "2002": 1, "1990": 1, "1992": 1}, "citations_years": {"2013": 4, "2014": 2, "2015": 8, "2007": 2, "2008": 4, "2009": 2, "2010": 6, "2011": 5, "2012": 4, "2016": 4, "2017": 2, "2018": 2, "2005": 2, "2006": 1, "2003": 1}, "old_citations": {"2008": 9, "2004": 22, "2006": 2, "2007": 15, "2002": 1, "1990": 0, "1992": 0}, "isVisible": false}, "computer networks": {"name": "computer networks", "type": "topic", "h_index": 1262, "h5_index": 332, "num_publications": 14, "num_citations": 53, "num_publications_5y": 0, "num_citations_5y": 13, "num_publications_10y": 0, "num_citations_10y": 35, "publications_years": {"2008": 5, "2004": 4, "2002": 2, "2006": 1, "2005": 1, "1990": 1}, "citations_years": {"2012": 7, "2013": 5, "2014": 3, "2015": 6, "2016": 2, "2007": 2, "2008": 2, "2009": 4, "2010": 4, "2011": 2, "2017": 1, "2018": 1, "2003": 4, "2004": 3, "2005": 1, "2006": 3, "2001": 1, "2002": 2}, "old_citations": {"2008": 13, "2004": 14, "2002": 4, "2006": 2, "2005": 11, "1990": 9}, "isVisible": false}, "information systems": {"name": "information systems", "type": "topic", "h_index": 679, "h5_index": 124, "num_publications": 14, "num_citations": 38, "num_publications_5y": 0, "num_citations_5y": 4, "num_publications_10y": 0, "num_citations_10y": 23, "publications_years": {"2004": 5, "2008": 3, "2006": 2, "2005": 1, "2007": 1, "2002": 1, "1990": 1}, "citations_years": {"2007": 2, "2008": 4, "2009": 4, "2010": 2, "2011": 3, "2012": 5, "2013": 5, "2014": 1, "2015": 2, "2016": 0, "2017": 0, "2018": 1, "2004": 2, "2005": 0, "2006": 2, "2001": 1, "2002": 2, "2003": 2}, "old_citations": {"2004": 6, "2008": 6, "2006": 4, "2005": 11, "2007": 0, "2002": 2, "1990": 9}, "isVisible": false}, "software engineering": {"name": "software engineering", "type": "topic", "h_index": 964, "h5_index": 236, "num_publications": 14, "num_citations": 48, "num_publications_5y": 0, "num_citations_5y": 20, "num_publications_10y": 0, "num_citations_10y": 38, "publications_years": {"2008": 1, "2004": 6, "2005": 2, "2007": 2, "1990": 2, "1992": 1}, "citations_years": {"2012": 5, "2013": 4, "2014": 2, "2015": 8, "2016": 6, "2007": 3, "2008": 3, "2009": 2, "2010": 3, "2011": 4, "2017": 2, "2018": 2, "2005": 2, "2006": 1, "1998": 1}, "old_citations": {"2008": 8, "2004": 21, "2005": 3, "2007": 15, "1990": 1, "1992": 0}, "isVisible": false}, "data mining": {"name": "data mining", "type": "topic", "h_index": 861, "h5_index": 196, "num_publications": 12, "num_citations": 66, "num_publications_5y": 0, "num_citations_5y": 15, "num_publications_10y": 0, "num_citations_10y": 38, "publications_years": {"2008": 3, "2004": 5, "2006": 1, "2007": 1, "2002": 1, "1990": 1}, "citations_years": {"2012": 6, "2013": 3, "2014": 1, "2015": 5, "2016": 4, "2017": 4, "2018": 1, "2006": 2, "2007": 9, "2008": 8, "2009": 5, "2010": 8, "2011": 1, "2019": 0, "2020": 1, "2004": 6, "2005": 2}, "old_citations": {"2008": 14, "2004": 12, "2006": 2, "2007": 0, "2002": 38, "1990": 0}, "isVisible": false}, "information retrieval": {"name": "information retrieval", "type": "topic", "h_index": 882, "h5_index": 227, "num_publications": 12, "num_citations": 65, "num_publications_5y": 0, "num_citations_5y": 10, "num_publications_10y": 0, "num_citations_10y": 27, "publications_years": {"2008": 1, "2004": 4, "2006": 1, "2007": 1, "2002": 2, "1990": 3}, "citations_years": {"2012": 4, "2013": 2, "2014": 0, "2015": 3, "2016": 2, "2017": 4, "2018": 1, "2006": 4, "2007": 10, "2008": 7, "2009": 4, "2010": 6, "2011": 1, "2019": 0, "2020": 1, "2004": 7, "2005": 2, "2003": 3, "2001": 1, "2002": 2, "1998": 1}, "old_citations": {"2008": 2, "2004": 12, "2006": 2, "2007": 0, "2002": 39, "1990": 10}, "isVisible": false}, "information technology": {"name": "information technology", "type": "topic", "h_index": 696, "h5_index": 149, "num_publications": 12, "num_citations": 41, "num_publications_5y": 0, "num_citations_5y": 4, "num_publications_10y": 0, "num_citations_10y": 23, "publications_years": {"2004": 5, "2008": 1, "2006": 1, "2005": 1, "2007": 2, "2000": 1, "2002": 1}, "citations_years": {"2007": 4, "2008": 3, "2009": 3, "2010": 1, "2011": 6, "2012": 4, "2013": 5, "2014": 1, "2015": 0, "2016": 2, "2017": 1, "2006": 2, "2001": 2, "2002": 2, "2003": 1, "2004": 2, "2005": 2}, "old_citations": {"2004": 7, "2008": 4, "2006": 2, "2005": 11, "2007": 2, "2000": 13, "2002": 2}, "isVisible": false}, "linguistics": {"name": "linguistics", "type": "topic", "h_index": 867, "h5_index": 206, "num_publications": 12, "num_citations": 81, "num_publications_5y": 0, "num_citations_5y": 12, "num_publications_10y": 0, "num_citations_10y": 43, "publications_years": {"2008": 4, "2004": 3, "2006": 1, "2007": 1, "2002": 1, "2000": 1, "1990": 1}, "citations_years": {"2011": 5, "2012": 9, "2013": 4, "2014": 1, "2015": 3, "2016": 2, "2017": 5, "2018": 1, "2006": 3, "2007": 10, "2008": 7, "2009": 5, "2010": 8, "2019": 0, "2020": 1, "2004": 7, "2005": 5, "2001": 2, "2002": 2, "2003": 1}, "old_citations": {"2008": 16, "2004": 12, "2006": 2, "2007": 0, "2002": 38, "2000": 13, "1990": 0}, "isVisible": false}, "software design": {"name": "software design", "type": "topic", "h_index": 907, "h5_index": 227, "num_publications": 12, "num_citations": 47, "num_publications_5y": 0, "num_citations_5y": 20, "num_publications_10y": 0, "num_citations_10y": 37, "publications_years": {"2008": 1, "2004": 6, "2005": 1, "2007": 2, "1992": 1, "1990": 1}, "citations_years": {"2012": 5, "2013": 4, "2014": 2, "2015": 8, "2016": 6, "2007": 3, "2008": 3, "2009": 1, "2010": 3, "2011": 4, "2017": 2, "2018": 2, "2005": 2, "2006": 1, "1998": 1}, "old_citations": {"2008": 8, "2004": 21, "2005": 2, "2007": 15, "1992": 0, "1990": 1}, "isVisible": false}, "computer hardware": {"name": "computer hardware", "type": "topic", "h_index": 1150, "h5_index": 279, "num_publications": 11, "num_citations": 38, "num_publications_5y": 0, "num_citations_5y": 14, "num_publications_10y": 0, "num_citations_10y": 27, "publications_years": {"2008": 3, "2004": 4, "2002": 2, "2007": 1, "1992": 1}, "citations_years": {"2013": 3, "2014": 2, "2007": 3, "2008": 3, "2009": 1, "2010": 3, "2011": 3, "2012": 3, "2015": 4, "2016": 4, "2017": 2, "2018": 2, "2005": 1, "2006": 0, "2003": 2, "2004": 2}, "old_citations": {"2008": 2, "2004": 17, "2002": 4, "2007": 15, "1992": 0}, "isVisible": false}, "internet": {"name": "internet", "type": "topic", "h_index": 1102, "h5_index": 245, "num_publications": 11, "num_citations": 51, "num_publications_5y": 0, "num_citations_5y": 4, "num_publications_10y": 0, "num_citations_10y": 23, "publications_years": {"2004": 2, "2002": 2, "2006": 2, "2005": 1, "2007": 1, "2000": 1, "1990": 2}, "citations_years": {"2003": 4, "2004": 5, "2008": 3, "2011": 4, "2012": 4, "2009": 3, "2010": 4, "2013": 4, "2014": 1, "2015": 1, "2016": 2, "2017": 0, "2018": 0, "2019": 0, "2020": 1, "2001": 3, "2002": 4, "2005": 2, "2006": 3, "2007": 2, "1998": 1}, "old_citations": {"2004": 6, "2002": 5, "2006": 4, "2005": 11, "2007": 2, "2000": 13, "1990": 10}, "isVisible": false}, "software": {"name": "software", "type": "topic", "h_index": 902, "h5_index": 167, "num_publications": 10, "num_citations": 20, "num_publications_5y": 0, "num_citations_5y": 8, "num_publications_10y": 0, "num_citations_10y": 14, "publications_years": {"2008": 1, "2004": 4, "2005": 1, "1990": 2, "1992": 2}, "citations_years": {"2012": 2, "2013": 2, "2014": 1, "2015": 5, "2016": 2, "2007": 2, "2008": 1, "2009": 0, "2010": 0, "2011": 2, "2005": 1, "2006": 1, "1998": 1}, "old_citations": {"2008": 8, "2004": 8, "2005": 2, "1990": 1, "1992": 1}, "isVisible": false}, "semantics": {"name": "semantics", "type": "topic", "h_index": 803, "h5_index": 226, "num_publications": 9, "num_citations": 55, "num_publications_5y": 0, "num_citations_5y": 10, "num_publications_10y": 0, "num_citations_10y": 27, "publications_years": {"2008": 2, "2004": 2, "2006": 1, "2007": 1, "2002": 2, "1990": 1}, "citations_years": {"2012": 4, "2013": 3, "2014": 0, "2015": 3, "2016": 2, "2017": 4, "2018": 1, "2006": 2, "2007": 9, "2008": 7, "2009": 4, "2010": 6, "2011": 0, "2019": 0, "2020": 1, "2004": 7, "2005": 2}, "old_citations": {"2008": 2, "2004": 11, "2006": 2, "2007": 0, "2002": 40, "1990": 0}, "isVisible": false}, "software architecture": {"name": "software architecture", "type": "topic", "h_index": 821, "h5_index": 210, "num_publications": 9, "num_citations": 12, "num_publications_5y": 0, "num_citations_5y": 3, "num_publications_10y": 0, "num_citations_10y": 6, "publications_years": {"2004": 5, "2005": 1, "2007": 1, "1992": 1, "1990": 1}, "citations_years": {"2007": 1, "2008": 1, "2009": 0, "2010": 0, "2011": 2, "2012": 0, "2013": 1, "2014": 0, "2015": 3, "2005": 2, "2006": 1, "1998": 1}, "old_citations": {"2004": 9, "2005": 2, "2007": 0, "1992": 0, "1990": 1}, "isVisible": false}, "computer imaging and vision": {"name": "computer imaging and vision", "type": "topic", "h_index": 1142, "h5_index": 334, "num_publications": 8, "num_citations": 28, "num_publications_5y": 0, "num_citations_5y": 3, "num_publications_10y": 0, "num_citations_10y": 13, "publications_years": {"2008": 3, "2004": 3, "2000": 1, "2002": 1}, "citations_years": {"2005": 3, "2006": 1, "2007": 1, "2008": 2, "2009": 1, "2010": 6, "2011": 2, "2012": 0, "2013": 1, "2014": 0, "2015": 2, "2016": 1, "2017": 0, "2018": 0, "2019": 0, "2020": 1, "2001": 2, "2002": 2, "2003": 1, "2004": 2}, "old_citations": {"2008": 4, "2004": 9, "2000": 13, "2002": 2}, "isVisible": false}, "correlation analysis": {"name": "correlation analysis", "type": "topic", "h_index": 1044, "h5_index": 224, "num_publications": 7, "num_citations": 63, "num_publications_5y": 0, "num_citations_5y": 9, "num_publications_10y": 0, "num_citations_10y": 25, "publications_years": {"2004": 4, "2002": 2, "2000": 1}, "citations_years": {"2005": 6, "2006": 3, "2007": 8, "2008": 6, "2009": 4, "2010": 4, "2011": 3, "2012": 3, "2013": 2, "2014": 0, "2015": 5, "2003": 2, "2004": 9, "2016": 0, "2017": 4, "2001": 2, "2002": 2}, "old_citations": {"2004": 9, "2002": 41, "2000": 13}, "isVisible": false}, "natural language processing": {"name": "natural language processing", "type": "topic", "h_index": 660, "h5_index": 182, "num_publications": 7, "num_citations": 53, "num_publications_5y": 0, "num_citations_5y": 10, "num_publications_10y": 0, "num_citations_10y": 26, "publications_years": {"2008": 1, "2004": 2, "2006": 1, "2007": 1, "2002": 1, "1990": 1}, "citations_years": {"2012": 4, "2013": 2, "2014": 0, "2015": 3, "2016": 2, "2017": 4, "2018": 1, "2006": 2, "2007": 9, "2008": 7, "2009": 4, "2010": 6, "2011": 0, "2019": 0, "2020": 1, "2004": 6, "2005": 2}, "old_citations": {"2008": 2, "2004": 11, "2006": 2, "2007": 0, "2002": 38, "1990": 0}, "isVisible": false}, "natural languages": {"name": "natural languages", "type": "topic", "h_index": 664, "h5_index": 185, "num_publications": 7, "num_citations": 53, "num_publications_5y": 0, "num_citations_5y": 10, "num_publications_10y": 0, "num_citations_10y": 26, "publications_years": {"2008": 1, "2004": 2, "2006": 1, "2007": 1, "2002": 1, "1990": 1}, "citations_years": {"2012": 4, "2013": 2, "2014": 0, "2015": 3, "2016": 2, "2017": 4, "2018": 1, "2006": 2, "2007": 9, "2008": 7, "2009": 4, "2010": 6, "2011": 0, "2019": 0, "2020": 1, "2004": 6, "2005": 2}, "old_citations": {"2008": 2, "2004": 11, "2006": 2, "2007": 0, "2002": 38, "1990": 0}, "isVisible": false}, "computational linguistics": {"name": "computational linguistics", "type": "topic", "h_index": 668, "h5_index": 175, "num_publications": 7, "num_citations": 52, "num_publications_5y": 0, "num_citations_5y": 9, "num_publications_10y": 0, "num_citations_10y": 24, "publications_years": {"2004": 3, "2006": 1, "2007": 1, "2002": 1, "1990": 1}, "citations_years": {"2006": 2, "2007": 9, "2008": 7, "2009": 4, "2010": 6, "2011": 0, "2012": 3, "2013": 2, "2014": 0, "2015": 3, "2016": 2, "2017": 4, "2018": 0, "2019": 0, "2020": 1, "2004": 6, "2005": 3}, "old_citations": {"2004": 12, "2006": 2, "2007": 0, "2002": 38, "1990": 0}, "isVisible": false}, "text processing": {"name": "text processing", "type": "topic", "h_index": 485, "h5_index": 107, "num_publications": 6, "num_citations": 51, "num_publications_5y": 0, "num_citations_5y": 9, "num_publications_10y": 0, "num_citations_10y": 24, "publications_years": {"2004": 2, "2006": 1, "2007": 1, "2002": 1, "1990": 1}, "citations_years": {"2006": 2, "2007": 9, "2008": 7, "2009": 4, "2010": 6, "2011": 0, "2012": 3, "2013": 2, "2014": 0, "2015": 3, "2016": 2, "2017": 4, "2018": 0, "2019": 0, "2020": 1, "2004": 6, "2005": 2}, "old_citations": {"2004": 11, "2006": 2, "2007": 0, "2002": 38, "1990": 0}, "isVisible": false}, "information retrieval systems": {"name": "information retrieval systems", "type": "topic", "h_index": 479, "h5_index": 85, "num_publications": 4, "num_citations": 50, "num_publications_5y": 0, "num_citations_5y": 9, "num_publications_10y": 0, "num_citations_10y": 25, "publications_years": {"2004": 3, "2002": 1}, "citations_years": {"2006": 2, "2007": 9, "2008": 5, "2009": 4, "2010": 6, "2011": 1, "2012": 3, "2013": 2, "2014": 0, "2015": 3, "2016": 2, "2017": 4, "2018": 0, "2019": 0, "2020": 1, "2004": 6, "2005": 2}, "old_citations": {"2004": 12, "2002": 38}, "isVisible": false}, "text document": {"name": "text document", "type": "topic", "h_index": 368, "h5_index": 67, "num_publications": 3, "num_citations": 49, "num_publications_5y": 0, "num_citations_5y": 9, "num_publications_10y": 0, "num_citations_10y": 24, "publications_years": {"2004": 2, "2002": 1}, "citations_years": {"2006": 2, "2007": 9, "2008": 5, "2009": 4, "2010": 6, "2011": 0, "2012": 3, "2013": 2, "2014": 0, "2015": 3, "2016": 2, "2017": 4, "2018": 0, "2019": 0, "2020": 1, "2004": 6, "2005": 2}, "old_citations": {"2004": 11, "2002": 38}, "isVisible": false}, "text mining": {"name": "text mining", "type": "topic", "h_index": 390, "h5_index": 73, "num_publications": 3, "num_citations": 49, "num_publications_5y": 0, "num_citations_5y": 9, "num_publications_10y": 0, "num_citations_10y": 24, "publications_years": {"2004": 2, "2002": 1}, "citations_years": {"2006": 2, "2007": 9, "2008": 5, "2009": 4, "2010": 6, "2011": 0, "2012": 3, "2013": 2, "2014": 0, "2015": 3, "2016": 2, "2017": 4, "2018": 0, "2019": 0, "2020": 1, "2004": 6, "2005": 2}, "old_citations": {"2004": 11, "2002": 38}, "isVisible": false}}, "authors": {"2016435117": {"name": "ozgur dedehayir", "type": "author", "activity": 10, "h_index": 2, "h5_index": 1, "mag_id": "2016435117", "num_publications": 2, "num_citations": 0, "num_publications_5y": 0, "num_citations_5y": 0, "num_publications_10y": 0, "num_citations_10y": 0, "publications_years": {"2008": 2}, "citations_years": {}, "old_citations": {"2008": 0}, "isVisible": false}, "2071863155": {"name": "saku j makinen", "type": "author", "activity": 24, "h_index": 5, "h5_index": 0, "mag_id": "2071863155", "num_publications": 2, "num_citations": 11, "num_publications_5y": 0, "num_citations_5y": 1, "num_publications_10y": 0, "num_citations_10y": 10, "publications_years": {"2008": 1, "2005": 1}, "citations_years": {"2008": 1, "2009": 3, "2010": 0, "2011": 0, "2012": 3, "2013": 3, "2014": 1}, "old_citations": {"2008": 0, "2005": 11}, "isVisible": false}, "51202656": {"name": "pietro panzarasa", "type": "author", "activity": 16, "h_index": 10, "h5_index": 3, "mag_id": "51202656", "num_publications": 1, "num_citations": 2, "num_publications_5y": 0, "num_citations_5y": 0, "num_publications_10y": 0, "num_citations_10y": 2, "publications_years": {"2006": 1}, "citations_years": {"2011": 1, "2012": 1}, "old_citations": {"2006": 2}, "isVisible": false}, "53372045": {"name": "godwin j udo", "type": "author", "activity": 25, "h_index": 7, "h5_index": 2, "mag_id": "53372045", "num_publications": 1, "num_citations": 13, "num_publications_5y": 0, "num_citations_5y": 0, "num_publications_10y": 0, "num_citations_10y": 3, "publications_years": {"2000": 1}, "citations_years": {"2001": 2, "2002": 2, "2003": 1, "2004": 1, "2005": 2, "2006": 1, "2007": 1, "2008": 0, "2009": 0, "2010": 1, "2011": 2}, "old_citations": {"2000": 13}, "isVisible": false}, "164345235": {"name": "lars taxen", "type": "author", "activity": 24, "h_index": 4, "h5_index": 1, "mag_id": "164345235", "num_publications": 1, "num_citations": 1, "num_publications_5y": 0, "num_citations_5y": 0, "num_publications_10y": 0, "num_citations_10y": 0, "publications_years": {"2004": 1}, "citations_years": {"2005": 1}, "old_citations": {"2004": 1}, "isVisible": false}, "259926954": {"name": "efstratios n pistikopoulos", "type": "author", "activity": 30, "h_index": 22, "h5_index": 5, "mag_id": "259926954", "num_publications": 1, "num_citations": 10, "num_publications_5y": 0, "num_citations_5y": 1, "num_publications_10y": 0, "num_citations_10y": 10, "publications_years": {"2008": 1}, "citations_years": {"2009": 1, "2010": 1, "2011": 1, "2012": 4, "2013": 2, "2014": 1}, "old_citations": {"2008": 10}, "isVisible": false}, "285318040": {"name": "vojislav b misic", "type": "author", "activity": 30, "h_index": 27, "h5_index": 6, "mag_id": "285318040", "num_publications": 1, "num_citations": 2, "num_publications_5y": 0, "num_citations_5y": 1, "num_publications_10y": 0, "num_citations_10y": 1, "publications_years": {"2005": 1}, "citations_years": {"2008": 1, "2009": 0, "2010": 0, "2011": 0, "2012": 0, "2013": 0, "2014": 0, "2015": 1}, "old_citations": {"2005": 2}, "isVisible": false}, "1230716646": {"name": "erich barke", "type": "author", "activity": 25, "h_index": 15, "h5_index": 1, "mag_id": "1230716646", "num_publications": 1, "num_citations": 2, "num_publications_5y": 0, "num_citations_5y": 1, "num_publications_10y": 0, "num_citations_10y": 2, "publications_years": {"2008": 1}, "citations_years": {"2012": 1, "2013": 0, "2014": 0, "2015": 0, "2016": 0, "2017": 0, "2018": 1}, "old_citations": {"2008": 2}, "isVisible": false}, "1752254006": {"name": "nuno p faisca", "type": "author", "activity": 9, "h_index": 5, "h5_index": 0, "mag_id": "1752254006", "num_publications": 1, "num_citations": 10, "num_publications_5y": 0, "num_citations_5y": 1, "num_publications_10y": 0, "num_citations_10y": 10, "publications_years": {"2008": 1}, "citations_years": {"2009": 1, "2010": 1, "2011": 1, "2012": 4, "2013": 2, "2014": 1}, "old_citations": {"2008": 10}, "isVisible": false}, "1845165318": {"name": "augusto q novais", "type": "author", "activity": 18, "h_index": 10, "h5_index": 1, "mag_id": "1845165318", "num_publications": 1, "num_citations": 2, "num_publications_5y": 0, "num_citations_5y": 1, "num_publications_10y": 0, "num_citations_10y": 2, "publications_years": {"2008": 1}, "citations_years": {"2013": 1, "2014": 1}, "old_citations": {"2008": 2}, "isVisible": false}, "1887479766": {"name": "wil a h thissen", "type": "author", "activity": 14, "h_index": 5, "h5_index": 0, "mag_id": "1887479766", "num_publications": 1, "num_citations": 4, "num_publications_5y": 0, "num_citations_5y": 0, "num_publications_10y": 0, "num_citations_10y": 3, "publications_years": {"2008": 1}, "citations_years": {"2008": 1, "2009": 1, "2010": 2}, "old_citations": {"2008": 4}, "isVisible": false}, "1900964054": {"name": "sonke duckwitz", "type": "author", "activity": 12, "h_index": 3, "h5_index": 1, "mag_id": "1900964054", "num_publications": 1, "num_citations": 15, "num_publications_5y": 0, "num_citations_5y": 8, "num_publications_10y": 0, "num_citations_10y": 13, "publications_years": {"2007": 1}, "citations_years": {"2007": 1, "2008": 1, "2009": 0, "2010": 0, "2011": 1, "2012": 2, "2013": 2, "2014": 1, "2015": 1, "2016": 4, "2017": 1, "2018": 1}, "old_citations": {"2007": 15}, "isVisible": false}, "1938566484": {"name": "a c brombacher", "type": "author", "activity": 30, "h_index": 10, "h5_index": 2, "mag_id": "1938566484", "num_publications": 1, "num_citations": 5, "num_publications_5y": 0, "num_citations_5y": 1, "num_publications_10y": 0, "num_citations_10y": 2, "publications_years": {"2004": 1}, "citations_years": {"2006": 1, "2007": 2, "2008": 0, "2009": 0, "2010": 0, "2011": 0, "2012": 0, "2013": 1, "2014": 0, "2015": 0, "2016": 1}, "old_citations": {"2004": 5}, "isVisible": false}, "2007778606": {"name": "michael b c khoo", "type": "author", "activity": 15, "h_index": 12, "h5_index": 4, "mag_id": "2007778606", "num_publications": 1, "num_citations": 3, "num_publications_5y": 0, "num_citations_5y": 1, "num_publications_10y": 0, "num_citations_10y": 1, "publications_years": {"2004": 1}, "citations_years": {"2005": 1, "2006": 0, "2007": 0, "2008": 1, "2009": 0, "2010": 0, "2011": 0, "2012": 0, "2013": 0, "2014": 0, "2015": 1}, "old_citations": {"2004": 3}, "isVisible": false}, "2011766611": {"name": "r esmaili", "type": "author", "activity": 1, "h_index": 1, "h5_index": 0, "mag_id": "2011766611", "num_publications": 1, "num_citations": 2, "num_publications_5y": 0, "num_citations_5y": 0, "num_publications_10y": 0, "num_citations_10y": 0, "publications_years": {"2004": 1}, "citations_years": {"2005": 1, "2006": 1}, "old_citations": {"2004": 2}, "isVisible": false}, "2015957973": {"name": "k houshmand", "type": "author", "activity": 1, "h_index": 1, "h5_index": 0, "mag_id": "2015957973", "num_publications": 1, "num_citations": 2, "num_publications_5y": 0, "num_citations_5y": 0, "num_publications_10y": 0, "num_citations_10y": 0, "publications_years": {"2004": 1}, "citations_years": {"2005": 1, "2006": 1}, "old_citations": {"2004": 2}, "isVisible": false}, "2035235404": {"name": "bert enserink", "type": "author", "activity": 12, "h_index": 4, "h5_index": 0, "mag_id": "2035235404", "num_publications": 1, "num_citations": 4, "num_publications_5y": 0, "num_citations_5y": 0, "num_publications_10y": 0, "num_citations_10y": 3, "publications_years": {"2008": 1}, "citations_years": {"2008": 1, "2009": 1, "2010": 2}, "old_citations": {"2008": 4}, "isVisible": false}, "2053388128": {"name": "marko seppanen", "type": "author", "activity": 17, "h_index": 6, "h5_index": 2, "mag_id": "2053388128", "num_publications": 1, "num_citations": 11, "num_publications_5y": 0, "num_citations_5y": 1, "num_publications_10y": 0, "num_citations_10y": 10, "publications_years": {"2005": 1}, "citations_years": {"2008": 1, "2009": 3, "2010": 0, "2011": 0, "2012": 3, "2013": 3, "2014": 1}, "old_citations": {"2005": 11}, "isVisible": false}, "2058604498": {"name": "thorsten teichert", "type": "author", "activity": 17, "h_index": 3, "h5_index": 2, "mag_id": "2058604498", "num_publications": 1, "num_citations": 38, "num_publications_5y": 0, "num_citations_5y": 6, "num_publications_10y": 0, "num_citations_10y": 17, "publications_years": {"2002": 1}, "citations_years": {"2004": 6, "2005": 2, "2006": 1, "2007": 7, "2008": 5, "2009": 4, "2010": 3, "2011": 0, "2012": 3, "2013": 1, "2014": 0, "2015": 2, "2016": 0, "2017": 4}, "old_citations": {"2002": 38}, "isVisible": false}, "2082927313": {"name": "n yetis", "type": "author", "activity": 1, "h_index": 1, "h5_index": 0, "mag_id": "2082927313", "num_publications": 1, "num_citations": 1, "num_publications_5y": 0, "num_citations_5y": 0, "num_publications_10y": 0, "num_citations_10y": 0, "publications_years": {"1992": 1}, "citations_years": {"2007": 1}, "old_citations": {"1992": 1}, "isVisible": false}, "2086822174": {"name": "rakesh menon", "type": "author", "activity": 3, "h_index": 4, "h5_index": 0, "mag_id": "2086822174", "num_publications": 1, "num_citations": 5, "num_publications_5y": 0, "num_citations_5y": 1, "num_publications_10y": 0, "num_citations_10y": 2, "publications_years": {"2004": 1}, "citations_years": {"2006": 1, "2007": 2, "2008": 0, "2009": 0, "2010": 0, "2011": 0, "2012": 0, "2013": 1, "2014": 0, "2015": 0, "2016": 1}, "old_citations": {"2004": 5}, "isVisible": false}, "2097744907": {"name": "m f filho", "type": "author", "activity": 1, "h_index": 1, "h5_index": 0, "mag_id": "2097744907", "num_publications": 1, "num_citations": 2, "num_publications_5y": 0, "num_citations_5y": 0, "num_publications_10y": 0, "num_citations_10y": 2, "publications_years": {"2006": 1}, "citations_years": {"2011": 1, "2012": 1}, "old_citations": {"2006": 2}, "isVisible": false}, "2098418038": {"name": "christoph weber", "type": "author", "activity": 20, "h_index": 3, "h5_index": 0, "mag_id": "2098418038", "num_publications": 1, "num_citations": 4, "num_publications_5y": 0, "num_citations_5y": 1, "num_publications_10y": 0, "num_citations_10y": 4, "publications_years": {"2008": 1}, "citations_years": {"2011": 2, "2012": 1, "2013": 0, "2014": 0, "2015": 0, "2016": 0, "2017": 1}, "old_citations": {"2008": 4}, "isVisible": false}, "2102346442": {"name": "lixiang shen", "type": "author", "activity": 7, "h_index": 6, "h5_index": 0, "mag_id": "2102346442", "num_publications": 1, "num_citations": 6, "num_publications_5y": 0, "num_citations_5y": 2, "num_publications_10y": 0, "num_citations_10y": 5, "publications_years": {"2004": 1}, "citations_years": {"2010": 3, "2011": 0, "2012": 0, "2013": 0, "2014": 0, "2015": 1, "2016": 1, "2017": 0, "2018": 0, "2019": 0, "2020": 1}, "old_citations": {"2004": 6}, "isVisible": false}, "2106464789": {"name": "antonio martins", "type": "author", "activity": 26, "h_index": 5, "h5_index": 0, "mag_id": "2106464789", "num_publications": 1, "num_citations": 1, "num_publications_5y": 0, "num_citations_5y": 1, "num_publications_10y": 0, "num_citations_10y": 1, "publications_years": {"2008": 1}, "citations_years": {"2015": 1}, "old_citations": {"2008": 1}, "isVisible": false}, "2108504663": {"name": "carlos henggeler antunes", "type": "author", "activity": 30, "h_index": 14, "h5_index": 6, "mag_id": "2108504663", "num_publications": 1, "num_citations": 1, "num_publications_5y": 0, "num_citations_5y": 1, "num_publications_10y": 0, "num_citations_10y": 1, "publications_years": {"2008": 1}, "citations_years": {"2015": 1}, "old_citations": {"2008": 1}, "isVisible": false}, "2110683893": {"name": "markus olbrich", "type": "author", "activity": 23, "h_index": 7, "h5_index": 2, "mag_id": "2110683893", "num_publications": 1, "num_citations": 2, "num_publications_5y": 0, "num_citations_5y": 1, "num_publications_10y": 0, "num_citations_10y": 2, "publications_years": {"2008": 1}, "citations_years": {"2012": 1, "2013": 0, "2014": 0, "2015": 0, "2016": 0, "2017": 0, "2018": 1}, "old_citations": {"2008": 2}, "isVisible": false}, "2120502675": {"name": "chinbin wang", "type": "author", "activity": 8, "h_index": 6, "h5_index": 0, "mag_id": "2120502675", "num_publications": 1, "num_citations": 1, "num_publications_5y": 0, "num_citations_5y": 0, "num_publications_10y": 0, "num_citations_10y": 1, "publications_years": {"2004": 1}, "citations_years": {"2011": 1}, "old_citations": {"2004": 1}, "isVisible": false}, "2123338614": {"name": "jinshin lai", "type": "author", "activity": 25, "h_index": 11, "h5_index": 2, "mag_id": "2123338614", "num_publications": 1, "num_citations": 0, "num_publications_5y": 0, "num_citations_5y": 0, "num_publications_10y": 0, "num_citations_10y": 0, "publications_years": {"2004": 1}, "citations_years": {}, "old_citations": {"2004": 0}, "isVisible": false}, "2125925811": {"name": "victor franco costa", "type": "author", "activity": 5, "h_index": 2, "h5_index": 0, "mag_id": "2125925811", "num_publications": 1, "num_citations": 2, "num_publications_5y": 0, "num_citations_5y": 0, "num_publications_10y": 0, "num_citations_10y": 0, "publications_years": {"2006": 1}, "citations_years": {"2008": 2}, "old_citations": {"2006": 2}, "isVisible": false}, "2128736002": {"name": "c h pham", "type": "author", "activity": 8, "h_index": 5, "h5_index": 0, "mag_id": "2128736002", "num_publications": 1, "num_citations": 2, "num_publications_5y": 0, "num_citations_5y": 0, "num_publications_10y": 0, "num_citations_10y": 0, "publications_years": {"2004": 1}, "citations_years": {"2005": 1, "2006": 1}, "old_citations": {"2004": 2}, "isVisible": false}, "2129241853": {"name": "han tong loh", "type": "author", "activity": 19, "h_index": 10, "h5_index": 0, "mag_id": "2129241853", "num_publications": 1, "num_citations": 5, "num_publications_5y": 0, "num_citations_5y": 1, "num_publications_10y": 0, "num_citations_10y": 2, "publications_years": {"2004": 1}, "citations_years": {"2006": 1, "2007": 2, "2008": 0, "2009": 0, "2010": 0, "2011": 0, "2012": 0, "2013": 1, "2014": 0, "2015": 0, "2016": 1}, "old_citations": {"2004": 5}, "isVisible": false}, "2131104494": {"name": "torsten licht", "type": "author", "activity": 1, "h_index": 2, "h5_index": 0, "mag_id": "2131104494", "num_publications": 1, "num_citations": 15, "num_publications_5y": 0, "num_citations_5y": 8, "num_publications_10y": 0, "num_citations_10y": 13, "publications_years": {"2007": 1}, "citations_years": {"2007": 1, "2008": 1, "2009": 0, "2010": 0, "2011": 1, "2012": 2, "2013": 2, "2014": 1, "2015": 1, "2016": 4, "2017": 1, "2018": 1}, "old_citations": {"2007": 15}, "isVisible": false}, "2131291409": {"name": "pohsun cheng", "type": "author", "activity": 15, "h_index": 9, "h5_index": 0, "mag_id": "2131291409", "num_publications": 1, "num_citations": 0, "num_publications_5y": 0, "num_citations_5y": 0, "num_publications_10y": 0, "num_citations_10y": 0, "publications_years": {"2004": 1}, "citations_years": {}, "old_citations": {"2004": 0}, "isVisible": false}, "2142430456": {"name": "kanta matsuura", "type": "author", "activity": 25, "h_index": 14, "h5_index": 1, "mag_id": "2142430456", "num_publications": 1, "num_citations": 3, "num_publications_5y": 0, "num_citations_5y": 0, "num_publications_10y": 0, "num_citations_10y": 0, "publications_years": {"2002": 1}, "citations_years": {"2003": 1, "2004": 2}, "old_citations": {"2002": 3}, "isVisible": false}, "2143406733": {"name": "l c chang", "type": "author", "activity": 1, "h_index": 1, "h5_index": 0, "mag_id": "2143406733", "num_publications": 1, "num_citations": 9, "num_publications_5y": 0, "num_citations_5y": 0, "num_publications_10y": 0, "num_citations_10y": 0, "publications_years": {"1990": 1}, "citations_years": {"2001": 1, "2002": 2, "2003": 2, "2004": 1, "2005": 0, "2006": 2, "2007": 1}, "old_citations": {"1990": 9}, "isVisible": false}, "2145238524": {"name": "marta castilho gomes", "type": "author", "activity": 13, "h_index": 2, "h5_index": 0, "mag_id": "2145238524", "num_publications": 1, "num_citations": 2, "num_publications_5y": 0, "num_citations_5y": 1, "num_publications_10y": 0, "num_citations_10y": 2, "publications_years": {"2008": 1}, "citations_years": {"2013": 1, "2014": 1}, "old_citations": {"2008": 2}, "isVisible": false}, "2154137932": {"name": "chunyan miao", "type": "author", "activity": 21, "h_index": 31, "h5_index": 14, "mag_id": "2154137932", "num_publications": 1, "num_citations": 2, "num_publications_5y": 0, "num_citations_5y": 0, "num_publications_10y": 0, "num_citations_10y": 1, "publications_years": {"2004": 1}, "citations_years": {"2007": 1, "2008": 0, "2009": 0, "2010": 0, "2011": 1}, "old_citations": {"2004": 2}, "isVisible": false}, "2160482480": {"name": "saojie chen", "type": "author", "activity": 29, "h_index": 18, "h5_index": 1, "mag_id": "2160482480", "num_publications": 1, "num_citations": 0, "num_publications_5y": 0, "num_citations_5y": 0, "num_publications_10y": 0, "num_citations_10y": 0, "publications_years": {"2004": 1}, "citations_years": {}, "old_citations": {"2004": 0}, "isVisible": false}, "2163103719": {"name": "s sathiya keerthi", "type": "author", "activity": 29, "h_index": 26, "h5_index": 2, "mag_id": "2163103719", "num_publications": 1, "num_citations": 5, "num_publications_5y": 0, "num_citations_5y": 1, "num_publications_10y": 0, "num_citations_10y": 2, "publications_years": {"2004": 1}, "citations_years": {"2006": 1, "2007": 2, "2008": 0, "2009": 0, "2010": 0, "2011": 0, "2012": 0, "2013": 1, "2014": 0, "2015": 0, "2016": 1}, "old_citations": {"2004": 5}, "isVisible": false}, "2163864742": {"name": "ana paula barbosapovoa", "type": "author", "activity": 19, "h_index": 6, "h5_index": 3, "mag_id": "2163864742", "num_publications": 1, "num_citations": 2, "num_publications_5y": 0, "num_citations_5y": 1, "num_publications_10y": 0, "num_citations_10y": 2, "publications_years": {"2008": 1}, "citations_years": {"2013": 1, "2014": 1}, "old_citations": {"2008": 2}, "isVisible": false}, "2163968377": {"name": "alvaro gomes", "type": "author", "activity": 29, "h_index": 7, "h5_index": 3, "mag_id": "2163968377", "num_publications": 1, "num_citations": 1, "num_publications_5y": 0, "num_citations_5y": 1, "num_publications_10y": 0, "num_citations_10y": 1, "publications_years": {"2008": 1}, "citations_years": {"2015": 1}, "old_citations": {"2008": 1}, "isVisible": false}, "2190622379": {"name": "saumyendu ghosh", "type": "author", "activity": 1, "h_index": 0, "h5_index": 0, "mag_id": "2190622379", "num_publications": 1, "num_citations": 0, "num_publications_5y": 0, "num_citations_5y": 0, "num_publications_10y": 0, "num_citations_10y": 0, "publications_years": {"2004": 1}, "citations_years": {}, "old_citations": {"2004": 0}, "isVisible": false}, "2193831014": {"name": "gopi chattopadhyay", "type": "author", "activity": 3, "h_index": 3, "h5_index": 0, "mag_id": "2193831014", "num_publications": 1, "num_citations": 0, "num_publications_5y": 0, "num_citations_5y": 0, "num_publications_10y": 0, "num_citations_10y": 0, "publications_years": {"2004": 1}, "citations_years": {}, "old_citations": {"2004": 0}, "isVisible": false}, "2199357795": {"name": "bastian felix", "type": "author", "activity": 1, "h_index": 1, "h5_index": 0, "mag_id": "2199357795", "num_publications": 1, "num_citations": 4, "num_publications_5y": 0, "num_citations_5y": 1, "num_publications_10y": 0, "num_citations_10y": 4, "publications_years": {"2008": 1}, "citations_years": {"2011": 2, "2012": 1, "2013": 0, "2014": 0, "2015": 0, "2016": 0, "2017": 1}, "old_citations": {"2008": 4}, "isVisible": false}, "2201040567": {"name": "d zaum", "type": "author", "activity": 5, "h_index": 4, "h5_index": 0, "mag_id": "2201040567", "num_publications": 1, "num_citations": 2, "num_publications_5y": 0, "num_citations_5y": 1, "num_publications_10y": 0, "num_citations_10y": 2, "publications_years": {"2008": 1}, "citations_years": {"2012": 1, "2013": 0, "2014": 0, "2015": 0, "2016": 0, "2017": 0, "2018": 1}, "old_citations": {"2008": 2}, "isVisible": false}, "2204267087": {"name": "henry c w lau", "type": "author", "activity": 23, "h_index": 26, "h5_index": 4, "mag_id": "2204267087", "num_publications": 1, "num_citations": 0, "num_publications_5y": 0, "num_citations_5y": 0, "num_publications_10y": 0, "num_citations_10y": 0, "publications_years": {"2004": 1}, "citations_years": {}, "old_citations": {"2004": 0}, "isVisible": false}, "2210873543": {"name": "yingru chen", "type": "author", "activity": 6, "h_index": 4, "h5_index": 0, "mag_id": "2210873543", "num_publications": 1, "num_citations": 1, "num_publications_5y": 0, "num_citations_5y": 0, "num_publications_10y": 0, "num_citations_10y": 1, "publications_years": {"2004": 1}, "citations_years": {"2011": 1}, "old_citations": {"2004": 1}, "isVisible": false}, "2231190481": {"name": "j lillieskod", "type": "author", "activity": 1, "h_index": 1, "h5_index": 0, "mag_id": "2231190481", "num_publications": 1, "num_citations": 1, "num_publications_5y": 0, "num_citations_5y": 0, "num_publications_10y": 0, "num_citations_10y": 0, "publications_years": {"2004": 1}, "citations_years": {"2005": 1}, "old_citations": {"2004": 1}, "isVisible": false}, "2231502044": {"name": "m w siddiqee", "type": "author", "activity": 1, "h_index": 1, "h5_index": 0, "mag_id": "2231502044", "num_publications": 1, "num_citations": 1, "num_publications_5y": 0, "num_citations_5y": 0, "num_publications_10y": 0, "num_citations_10y": 0, "publications_years": {"1990": 1}, "citations_years": {"1998": 1}, "old_citations": {"1990": 1}, "isVisible": false}, "2314172942": {"name": "taesung yoon", "type": "author", "activity": 8, "h_index": 1, "h5_index": 0, "mag_id": "2314172942", "num_publications": 1, "num_citations": 2, "num_publications_5y": 0, "num_citations_5y": 0, "num_publications_10y": 0, "num_citations_10y": 1, "publications_years": {"2002": 1}, "citations_years": {"2004": 1, "2005": 0, "2006": 0, "2007": 0, "2008": 0, "2009": 0, "2010": 0, "2011": 0, "2012": 0, "2013": 1}, "old_citations": {"2002": 2}, "isVisible": false}, "2340258263": {"name": "k m yu", "type": "author", "activity": 24, "h_index": 9, "h5_index": 1, "mag_id": "2340258263", "num_publications": 1, "num_citations": 0, "num_publications_5y": 0, "num_citations_5y": 0, "num_publications_10y": 0, "num_citations_10y": 0, "publications_years": {"2004": 1}, "citations_years": {}, "old_citations": {"2004": 0}, "isVisible": false}, "2425561555": {"name": "c h chien", "type": "author", "activity": 1, "h_index": 0, "h5_index": 0, "mag_id": "2425561555", "num_publications": 1, "num_citations": 0, "num_publications_5y": 0, "num_citations_5y": 0, "num_publications_10y": 0, "num_citations_10y": 0, "publications_years": {"2004": 1}, "citations_years": {}, "old_citations": {"2004": 0}, "isVisible": false}, "2428157852": {"name": "c k m lee", "type": "author", "activity": 18, "h_index": 15, "h5_index": 6, "mag_id": "2428157852", "num_publications": 1, "num_citations": 0, "num_publications_5y": 0, "num_citations_5y": 0, "num_publications_10y": 0, "num_citations_10y": 0, "publications_years": {"2004": 1}, "citations_years": {}, "old_citations": {"2004": 0}, "isVisible": false}, "2428346052": {"name": "m chan", "type": "author", "activity": 1, "h_index": 1, "h5_index": 0, "mag_id": "2428346052", "num_publications": 1, "num_citations": 2, "num_publications_5y": 0, "num_citations_5y": 0, "num_publications_10y": 0, "num_citations_10y": 1, "publications_years": {"2004": 1}, "citations_years": {"2007": 1, "2008": 0, "2009": 0, "2010": 0, "2011": 1}, "old_citations": {"2004": 2}, "isVisible": false}, "2435954605": {"name": "li ping", "type": "author", "activity": 1, "h_index": 0, "h5_index": 0, "mag_id": "2435954605", "num_publications": 1, "num_citations": 0, "num_publications_5y": 0, "num_citations_5y": 0, "num_publications_10y": 0, "num_citations_10y": 0, "publications_years": {"2004": 1}, "citations_years": {}, "old_citations": {"2004": 0}, "isVisible": false}, "2439900555": {"name": "a s h teo", "type": "author", "activity": 1, "h_index": 1, "h5_index": 0, "mag_id": "2439900555", "num_publications": 1, "num_citations": 2, "num_publications_5y": 0, "num_citations_5y": 0, "num_publications_10y": 0, "num_citations_10y": 1, "publications_years": {"2004": 1}, "citations_years": {"2007": 1, "2008": 0, "2009": 0, "2010": 0, "2011": 1}, "old_citations": {"2004": 2}, "isVisible": false}, "2462977465": {"name": "diogo narciso", "type": "author", "activity": 7, "h_index": 1, "h5_index": 0, "mag_id": "2462977465", "num_publications": 1, "num_citations": 10, "num_publications_5y": 0, "num_citations_5y": 1, "num_publications_10y": 0, "num_citations_10y": 10, "publications_years": {"2008": 1}, "citations_years": {"2009": 1, "2010": 1, "2011": 1, "2012": 4, "2013": 2, "2014": 1}, "old_citations": {"2008": 10}, "isVisible": false}, "2471633291": {"name": "m h k gavareshki", "type": "author", "activity": 1, "h_index": 1, "h5_index": 0, "mag_id": "2471633291", "num_publications": 1, "num_citations": 12, "num_publications_5y": 0, "num_citations_5y": 4, "num_publications_10y": 0, "num_citations_10y": 10, "publications_years": {"2004": 1}, "citations_years": {"2007": 1, "2008": 1, "2009": 1, "2010": 3, "2011": 1, "2012": 1, "2013": 0, "2014": 0, "2015": 2, "2016": 0, "2017": 1, "2018": 1}, "old_citations": {"2004": 12}, "isVisible": false}, "2472943478": {"name": "christopher m schlick", "type": "author", "activity": 23, "h_index": 12, "h5_index": 4, "mag_id": "2472943478", "num_publications": 1, "num_citations": 15, "num_publications_5y": 0, "num_citations_5y": 8, "num_publications_10y": 0, "num_citations_10y": 13, "publications_years": {"2007": 1}, "citations_years": {"2007": 1, "2008": 1, "2009": 0, "2010": 0, "2011": 1, "2012": 2, "2013": 2, "2014": 1, "2015": 1, "2016": 4, "2017": 1, "2018": 1}, "old_citations": {"2007": 15}, "isVisible": false}, "2483274043": {"name": "xu bing", "type": "author", "activity": 1, "h_index": 0, "h5_index": 0, "mag_id": "2483274043", "num_publications": 1, "num_citations": 0, "num_publications_5y": 0, "num_citations_5y": 0, "num_publications_10y": 0, "num_citations_10y": 0, "publications_years": {"2004": 1}, "citations_years": {}, "old_citations": {"2004": 0}, "isVisible": false}, "2525759933": {"name": "srini goli", "type": "author", "activity": 1, "h_index": 1, "h5_index": 0, "mag_id": "2525759933", "num_publications": 1, "num_citations": 2, "num_publications_5y": 0, "num_citations_5y": 0, "num_publications_10y": 0, "num_citations_10y": 0, "publications_years": {"2004": 1}, "citations_years": {"2005": 1, "2006": 1}, "old_citations": {"2004": 2}, "isVisible": false}, "2563332018": {"name": "eduardo manuel de freitas jorge", "type": "author", "activity": 13, "h_index": 3, "h5_index": 0, "mag_id": "2563332018", "num_publications": 1, "num_citations": 2, "num_publications_5y": 0, "num_citations_5y": 0, "num_publications_10y": 0, "num_citations_10y": 0, "publications_years": {"2006": 1}, "citations_years": {"2008": 2}, "old_citations": {"2006": 2}, "isVisible": false}, "2569885132": {"name": "c chang", "type": "author", "activity": 14, "h_index": 2, "h5_index": 0, "mag_id": "2569885132", "num_publications": 1, "num_citations": 2, "num_publications_5y": 0, "num_citations_5y": 1, "num_publications_10y": 0, "num_citations_10y": 2, "publications_years": {"2007": 1}, "citations_years": {"2011": 1, "2012": 0, "2013": 0, "2014": 0, "2015": 0, "2016": 1}, "old_citations": {"2007": 2}, "isVisible": false}, "2589195468": {"name": "r b bishop", "type": "author", "activity": 1, "h_index": 0, "h5_index": 0, "mag_id": "2589195468", "num_publications": 1, "num_citations": 0, "num_publications_5y": 0, "num_citations_5y": 0, "num_publications_10y": 0, "num_citations_10y": 0, "publications_years": {"1992": 1}, "citations_years": {}, "old_citations": {"1992": 0}, "isVisible": false}, "2627209251": {"name": "jin liu", "type": "author", "activity": 1, "h_index": 1, "h5_index": 0, "mag_id": "2627209251", "num_publications": 1, "num_citations": 1, "num_publications_5y": 0, "num_citations_5y": 0, "num_publications_10y": 0, "num_citations_10y": 1, "publications_years": {"2005": 1}, "citations_years": {"2009": 1}, "old_citations": {"2005": 1}, "isVisible": false}, "2637587317": {"name": "gu xinyi", "type": "author", "activity": 1, "h_index": 0, "h5_index": 0, "mag_id": "2637587317", "num_publications": 1, "num_citations": 0, "num_publications_5y": 0, "num_citations_5y": 0, "num_publications_10y": 0, "num_citations_10y": 0, "publications_years": {"2004": 1}, "citations_years": {}, "old_citations": {"2004": 0}, "isVisible": false}, "2652701769": {"name": "yingwu chen", "type": "author", "activity": 1, "h_index": 1, "h5_index": 0, "mag_id": "2652701769", "num_publications": 1, "num_citations": 4, "num_publications_5y": 0, "num_citations_5y": 2, "num_publications_10y": 0, "num_citations_10y": 4, "publications_years": {"2004": 1}, "citations_years": {"2011": 1, "2012": 0, "2013": 1, "2014": 0, "2015": 2}, "old_citations": {"2004": 4}, "isVisible": false}, "2666733037": {"name": "m a mittermayer", "type": "author", "activity": 1, "h_index": 1, "h5_index": 0, "mag_id": "2666733037", "num_publications": 1, "num_citations": 38, "num_publications_5y": 0, "num_citations_5y": 6, "num_publications_10y": 0, "num_citations_10y": 17, "publications_years": {"2002": 1}, "citations_years": {"2004": 6, "2005": 2, "2006": 1, "2007": 7, "2008": 5, "2009": 4, "2010": 3, "2011": 0, "2012": 3, "2013": 1, "2014": 0, "2015": 2, "2016": 0, "2017": 4}, "old_citations": {"2002": 38}, "isVisible": false}, "2682583914": {"name": "e inelmen", "type": "author", "activity": 1, "h_index": 1, "h5_index": 0, "mag_id": "2682583914", "num_publications": 1, "num_citations": 1, "num_publications_5y": 0, "num_citations_5y": 0, "num_publications_10y": 0, "num_citations_10y": 0, "publications_years": {"1992": 1}, "citations_years": {"2007": 1}, "old_citations": {"1992": 1}, "isVisible": false}, "2684817332": {"name": "yan tao", "type": "author", "activity": 1, "h_index": 1, "h5_index": 0, "mag_id": "2684817332", "num_publications": 1, "num_citations": 1, "num_publications_5y": 0, "num_citations_5y": 0, "num_publications_10y": 0, "num_citations_10y": 1, "publications_years": {"2005": 1}, "citations_years": {"2009": 1}, "old_citations": {"2005": 1}, "isVisible": false}, "2685376173": {"name": "g szucs", "type": "author", "activity": 1, "h_index": 1, "h5_index": 0, "mag_id": "2685376173", "num_publications": 1, "num_citations": 2, "num_publications_5y": 0, "num_citations_5y": 1, "num_publications_10y": 0, "num_citations_10y": 2, "publications_years": {"2008": 1}, "citations_years": {"2010": 1, "2011": 0, "2012": 0, "2013": 0, "2014": 0, "2015": 1}, "old_citations": {"2008": 2}, "isVisible": false}, "2696229200": {"name": "katsumori matsushima", "type": "author", "activity": 1, "h_index": 1, "h5_index": 0, "mag_id": "2696229200", "num_publications": 1, "num_citations": 2, "num_publications_5y": 0, "num_citations_5y": 0, "num_publications_10y": 0, "num_citations_10y": 1, "publications_years": {"2002": 1}, "citations_years": {"2004": 1, "2005": 0, "2006": 0, "2007": 0, "2008": 0, "2009": 0, "2010": 0, "2011": 0, "2012": 0, "2013": 1}, "old_citations": {"2002": 2}, "isVisible": false}, "2701244351": {"name": "guoping jiang", "type": "author", "activity": 1, "h_index": 1, "h5_index": 0, "mag_id": "2701244351", "num_publications": 1, "num_citations": 4, "num_publications_5y": 0, "num_citations_5y": 2, "num_publications_10y": 0, "num_citations_10y": 4, "publications_years": {"2004": 1}, "citations_years": {"2011": 1, "2012": 0, "2013": 1, "2014": 0, "2015": 2}, "old_citations": {"2004": 4}, "isVisible": false}, "2704552057": {"name": "g sallai", "type": "author", "activity": 1, "h_index": 1, "h5_index": 0, "mag_id": "2704552057", "num_publications": 1, "num_citations": 2, "num_publications_5y": 0, "num_citations_5y": 1, "num_publications_10y": 0, "num_citations_10y": 2, "publications_years": {"2008": 1}, "citations_years": {"2010": 1, "2011": 0, "2012": 0, "2013": 0, "2014": 0, "2015": 1}, "old_citations": {"2008": 2}, "isVisible": false}, "2705973621": {"name": "y k lim", "type": "author", "activity": 1, "h_index": 1, "h5_index": 0, "mag_id": "2705973621", "num_publications": 1, "num_citations": 6, "num_publications_5y": 0, "num_citations_5y": 2, "num_publications_10y": 0, "num_citations_10y": 5, "publications_years": {"2004": 1}, "citations_years": {"2010": 3, "2011": 0, "2012": 0, "2013": 0, "2014": 0, "2015": 1, "2016": 1, "2017": 0, "2018": 0, "2019": 0, "2020": 1}, "old_citations": {"2004": 6}, "isVisible": false}, "2718128923": {"name": "r kuusisto", "type": "author", "activity": 1, "h_index": 1, "h5_index": 0, "mag_id": "2718128923", "num_publications": 1, "num_citations": 1, "num_publications_5y": 0, "num_citations_5y": 0, "num_publications_10y": 0, "num_citations_10y": 0, "publications_years": {"2002": 1}, "citations_years": {"2003": 1}, "old_citations": {"2002": 1}, "isVisible": false}, "2722874368": {"name": "kenzo fujisue", "type": "author", "activity": 1, "h_index": 1, "h5_index": 0, "mag_id": "2722874368", "num_publications": 1, "num_citations": 2, "num_publications_5y": 0, "num_citations_5y": 0, "num_publications_10y": 0, "num_citations_10y": 1, "publications_years": {"2002": 1}, "citations_years": {"2004": 1, "2005": 0, "2006": 0, "2007": 0, "2008": 0, "2009": 0, "2010": 0, "2011": 0, "2012": 0, "2013": 1}, "old_citations": {"2002": 2}, "isVisible": false}, "2790255622": {"name": "you jyun chen", "type": "author", "activity": 2, "h_index": 1, "h5_index": 0, "mag_id": "2790255622", "num_publications": 1, "num_citations": 1, "num_publications_5y": 0, "num_citations_5y": 0, "num_publications_10y": 0, "num_citations_10y": 1, "publications_years": {"2004": 1}, "citations_years": {"2011": 1}, "old_citations": {"2004": 1}, "isVisible": false}, "2926410972": {"name": "hugo saba", "type": "author", "activity": 13, "h_index": 2, "h5_index": 0, "mag_id": "2926410972", "num_publications": 1, "num_citations": 2, "num_publications_5y": 0, "num_citations_5y": 0, "num_publications_10y": 0, "num_citations_10y": 0, "publications_years": {"2006": 1}, "citations_years": {"2008": 2}, "old_citations": {"2006": 2}, "isVisible": false}, "2936912310": {"name": "t n chien", "type": "author", "activity": 1, "h_index": 0, "h5_index": 0, "mag_id": "2936912310", "num_publications": 1, "num_citations": 0, "num_publications_5y": 0, "num_citations_5y": 0, "num_publications_10y": 0, "num_citations_10y": 0, "publications_years": {"2004": 1}, "citations_years": {}, "old_citations": {"2004": 0}, "isVisible": false}, "2938716190": {"name": "t chen", "type": "author", "activity": 1, "h_index": 1, "h5_index": 0, "mag_id": "2938716190", "num_publications": 1, "num_citations": 1, "num_publications_5y": 0, "num_citations_5y": 0, "num_publications_10y": 0, "num_citations_10y": 1, "publications_years": {"2004": 1}, "citations_years": {"2011": 1}, "old_citations": {"2004": 1}, "isVisible": false}, "2939008820": {"name": "h t loh", "type": "author", "activity": 1, "h_index": 1, "h5_index": 0, "mag_id": "2939008820", "num_publications": 1, "num_citations": 6, "num_publications_5y": 0, "num_citations_5y": 2, "num_publications_10y": 0, "num_citations_10y": 5, "publications_years": {"2004": 1}, "citations_years": {"2010": 3, "2011": 0, "2012": 0, "2013": 0, "2014": 0, "2015": 1, "2016": 1, "2017": 0, "2018": 0, "2019": 0, "2020": 1}, "old_citations": {"2004": 6}, "isVisible": false}, "2948525491": {"name": "t van der lei", "type": "author", "activity": 1, "h_index": 1, "h5_index": 0, "mag_id": "2948525491", "num_publications": 1, "num_citations": 4, "num_publications_5y": 0, "num_citations_5y": 0, "num_publications_10y": 0, "num_citations_10y": 3, "publications_years": {"2008": 1}, "citations_years": {"2008": 1, "2009": 1, "2010": 2}, "old_citations": {"2008": 4}, "isVisible": false}, "2973028173": {"name": "m eriksson", "type": "author", "activity": 1, "h_index": 0, "h5_index": 0, "mag_id": "2973028173", "num_publications": 1, "num_citations": 0, "num_publications_5y": 0, "num_citations_5y": 0, "num_publications_10y": 0, "num_citations_10y": 0, "publications_years": {"2007": 1}, "citations_years": {}, "old_citations": {"2007": 0}, "isVisible": false}, "2973385683": {"name": "g p marquis", "type": "author", "activity": 1, "h_index": 1, "h5_index": 0, "mag_id": "2973385683", "num_publications": 1, "num_citations": 13, "num_publications_5y": 0, "num_citations_5y": 0, "num_publications_10y": 0, "num_citations_10y": 3, "publications_years": {"2000": 1}, "citations_years": {"2001": 2, "2002": 2, "2003": 1, "2004": 1, "2005": 2, "2006": 1, "2007": 1, "2008": 0, "2009": 0, "2010": 1, "2011": 2}, "old_citations": {"2000": 13}, "isVisible": false}, "2973498270": {"name": "e beutner", "type": "author", "activity": 1, "h_index": 1, "h5_index": 0, "mag_id": "2973498270", "num_publications": 1, "num_citations": 15, "num_publications_5y": 0, "num_citations_5y": 8, "num_publications_10y": 0, "num_citations_10y": 13, "publications_years": {"2007": 1}, "citations_years": {"2007": 1, "2008": 1, "2009": 0, "2010": 0, "2011": 1, "2012": 2, "2013": 2, "2014": 1, "2015": 1, "2016": 4, "2017": 1, "2018": 1}, "old_citations": {"2007": 15}, "isVisible": false}, "2973987022": {"name": "d r baker", "type": "author", "activity": 1, "h_index": 1, "h5_index": 0, "mag_id": "2973987022", "num_publications": 1, "num_citations": 8, "num_publications_5y": 0, "num_citations_5y": 5, "num_publications_10y": 0, "num_citations_10y": 8, "publications_years": {"2008": 1}, "citations_years": {"2012": 2, "2013": 1, "2014": 1, "2015": 2, "2016": 2}, "old_citations": {"2008": 8}, "isVisible": false}, "2974535164": {"name": "r l stoller", "type": "author", "activity": 1, "h_index": 0, "h5_index": 0, "mag_id": "2974535164", "num_publications": 1, "num_citations": 0, "num_publications_5y": 0, "num_citations_5y": 0, "num_publications_10y": 0, "num_citations_10y": 0, "publications_years": {"1990": 1}, "citations_years": {}, "old_citations": {"1990": 0}, "isVisible": false}, "2974615570": {"name": "j m hihn", "type": "author", "activity": 1, "h_index": 1, "h5_index": 0, "mag_id": "2974615570", "num_publications": 1, "num_citations": 8, "num_publications_5y": 0, "num_citations_5y": 5, "num_publications_10y": 0, "num_citations_10y": 8, "publications_years": {"2008": 1}, "citations_years": {"2012": 2, "2013": 1, "2014": 1, "2015": 2, "2016": 2}, "old_citations": {"2008": 8}, "isVisible": false}, "2974729469": {"name": "j figueiredo", "type": "author", "activity": 1, "h_index": 0, "h5_index": 0, "mag_id": "2974729469", "num_publications": 1, "num_citations": 0, "num_publications_5y": 0, "num_citations_5y": 0, "num_publications_10y": 0, "num_citations_10y": 0, "publications_years": {"2008": 1}, "citations_years": {}, "old_citations": {"2008": 0}, "isVisible": false}, "2977081683": {"name": "k t lum", "type": "author", "activity": 1, "h_index": 1, "h5_index": 0, "mag_id": "2977081683", "num_publications": 1, "num_citations": 8, "num_publications_5y": 0, "num_citations_5y": 5, "num_publications_10y": 0, "num_citations_10y": 8, "publications_years": {"2008": 1}, "citations_years": {"2012": 2, "2013": 1, "2014": 1, "2015": 2, "2016": 2}, "old_citations": {"2008": 8}, "isVisible": false}, "2986940912": {"name": "jiang wei", "type": "author", "activity": 1, "h_index": 1, "h5_index": 0, "mag_id": "2986940912", "num_publications": 1, "num_citations": 1, "num_publications_5y": 0, "num_citations_5y": 0, "num_publications_10y": 0, "num_citations_10y": 1, "publications_years": {"2005": 1}, "citations_years": {"2009": 1}, "old_citations": {"2005": 1}, "isVisible": false}}, "countries": {"United States": {"name": "United States", "type": "country", "h5_index": 308, "num_publications": 4, "num_citations": 30, "num_publications_5y": 0, "num_citations_5y": 5, "num_publications_10y": 0, "num_citations_10y": 11, "publications_years": {"2008": 1, "2000": 1, "1990": 2}, "citations_years": {"2012": 2, "2013": 1, "2014": 1, "2015": 2, "2016": 2, "2001": 3, "2002": 4, "2003": 3, "2004": 2, "2005": 2, "2006": 3, "2007": 2, "2008": 0, "2009": 0, "2010": 1, "2011": 2}, "old_citations": {"2008": 8, "2000": 13, "1990": 9}, "isVisible": false}, "China": {"name": "China", "type": "country", "h5_index": 214, "num_publications": 2, "num_citations": 6, "num_publications_5y": 0, "num_citations_5y": 2, "num_publications_10y": 0, "num_citations_10y": 4, "publications_years": {"2004": 2}, "citations_years": {"2005": 1, "2006": 1, "2011": 1, "2012": 0, "2013": 1, "2014": 0, "2015": 2}, "old_citations": {"2004": 6}, "isVisible": false}, "Germany": {"name": "Germany", "type": "country", "h5_index": 139, "num_publications": 2, "num_citations": 19, "num_publications_5y": 0, "num_citations_5y": 9, "num_publications_10y": 0, "num_citations_10y": 17, "publications_years": {"2008": 1, "2007": 1}, "citations_years": {"2011": 3, "2012": 3, "2013": 2, "2014": 1, "2015": 1, "2016": 4, "2017": 2, "2007": 1, "2008": 1, "2009": 0, "2010": 0, "2018": 1}, "old_citations": {"2008": 4, "2007": 15}, "isVisible": false}, "Japan": {"name": "Japan", "type": "country", "h5_index": 94, "num_publications": 2, "num_citations": 5, "num_publications_5y": 0, "num_citations_5y": 0, "num_publications_10y": 0, "num_citations_10y": 1, "publications_years": {"2002": 2}, "citations_years": {"2003": 1, "2004": 3, "2005": 0, "2006": 0, "2007": 0, "2008": 0, "2009": 0, "2010": 0, "2011": 0, "2012": 0, "2013": 1}, "old_citations": {"2002": 5}, "isVisible": false}, "Portugal": {"name": "Portugal", "type": "country", "h5_index": 44, "num_publications": 2, "num_citations": 1, "num_publications_5y": 0, "num_citations_5y": 1, "num_publications_10y": 0, "num_citations_10y": 1, "publications_years": {"2008": 2}, "citations_years": {"2015": 1}, "old_citations": {"2008": 1}, "isVisible": false}, "Singapore": {"name": "Singapore", "type": "country", "h5_index": 105, "num_publications": 2, "num_citations": 8, "num_publications_5y": 0, "num_citations_5y": 2, "num_publications_10y": 0, "num_citations_10y": 6, "publications_years": {"2004": 2}, "citations_years": {"2007": 1, "2008": 0, "2009": 0, "2010": 3, "2011": 1, "2012": 0, "2013": 0, "2014": 0, "2015": 1, "2016": 1, "2017": 0, "2018": 0, "2019": 0, "2020": 1}, "old_citations": {"2004": 8}, "isVisible": false}, "Taiwan": {"name": "Taiwan", "type": "country", "h5_index": 69, "num_publications": 2, "num_citations": 1, "num_publications_5y": 0, "num_citations_5y": 0, "num_publications_10y": 0, "num_citations_10y": 1, "publications_years": {"2004": 2}, "citations_years": {"2011": 1}, "old_citations": {"2004": 1}, "isVisible": false}, "United Kingdom": {"name": "United Kingdom", "type": "country", "h5_index": 172, "num_publications": 2, "num_citations": 12, "num_publications_5y": 0, "num_citations_5y": 1, "num_publications_10y": 0, "num_citations_10y": 12, "publications_years": {"2006": 1, "2008": 1}, "citations_years": {"2011": 2, "2012": 5, "2009": 1, "2010": 1, "2013": 2, "2014": 1}, "old_citations": {"2006": 2, "2008": 10}, "isVisible": false}, "Australia": {"name": "Australia", "type": "country", "h5_index": 141, "num_publications": 1, "num_citations": 0, "num_publications_5y": 0, "num_citations_5y": 0, "num_publications_10y": 0, "num_citations_10y": 0, "publications_years": {"2004": 1}, "citations_years": {}, "old_citations": {"2004": 0}, "isVisible": false}, "Brazil": {"name": "Brazil", "type": "country", "h5_index": 57, "num_publications": 1, "num_citations": 2, "num_publications_5y": 0, "num_citations_5y": 0, "num_publications_10y": 0, "num_citations_10y": 0, "publications_years": {"2006": 1}, "citations_years": {"2008": 2}, "old_citations": {"2006": 2}, "isVisible": false}, "Finland": {"name": "Finland", "type": "country", "h5_index": 68, "num_publications": 1, "num_citations": 1, "num_publications_5y": 0, "num_citations_5y": 0, "num_publications_10y": 0, "num_citations_10y": 0, "publications_years": {"2002": 1}, "citations_years": {"2003": 1}, "old_citations": {"2002": 1}, "isVisible": false}, "Hungary": {"name": "Hungary", "type": "country", "h5_index": 28, "num_publications": 1, "num_citations": 2, "num_publications_5y": 0, "num_citations_5y": 1, "num_publications_10y": 0, "num_citations_10y": 2, "publications_years": {"2008": 1}, "citations_years": {"2010": 1, "2011": 0, "2012": 0, "2013": 0, "2014": 0, "2015": 1}, "old_citations": {"2008": 2}, "isVisible": false}, "Netherlands": {"name": "Netherlands", "type": "country", "h5_index": 91, "num_publications": 1, "num_citations": 4, "num_publications_5y": 0, "num_citations_5y": 0, "num_publications_10y": 0, "num_citations_10y": 3, "publications_years": {"2008": 1}, "citations_years": {"2008": 1, "2009": 1, "2010": 2}, "old_citations": {"2008": 4}, "isVisible": false}, "Turkey": {"name": "Turkey", "type": "country", "h5_index": 56, "num_publications": 1, "num_citations": 1, "num_publications_5y": 0, "num_citations_5y": 0, "num_publications_10y": 0, "num_citations_10y": 0, "publications_years": {"1992": 1}, "citations_years": {"2007": 1}, "old_citations": {"1992": 1}, "isVisible": false}}, "industrial_sectors": {"computing_and_it": {"name": "computing_and_it", "type": "industrial sector", "h5_index": 221, "num_publications": 1, "num_citations": 2, "num_publications_5y": 0, "num_citations_5y": 0, "num_publications_10y": 0, "num_citations_10y": 0, "publications_years": {"2004": 1}, "citations_years": {"2005": 1, "2006": 1}, "old_citations": {"2004": 2}, "isVisible": false}, "technology": {"name": "technology", "type": "industrial sector", "h5_index": 229, "num_publications": 1, "num_citations": 2, "num_publications_5y": 0, "num_citations_5y": 0, "num_publications_10y": 0, "num_citations_10y": 0, "publications_years": {"2004": 1}, "citations_years": {"2005": 1, "2006": 1}, "old_citations": {"2004": 2}, "isVisible": false}}}, "conference_comparison": {"computer science": {}}, "topics_dna": {"publications": {}, "citations": {"normalized": {}, "average": {}}}, "info": {"num_publications": 43, "num_citations": 172.0, "impact_factor": {"1992": 0.0, "1993": 0.0, "1994": 0.0, "1995": 0, "1996": 0, "1997": 0, "1998": 0, "1999": 0, "2000": 0, "2001": 2.0, "2002": 2.0, "2003": 0.5, "2004": 2.25, "2005": 0.21428571428571427, "2006": 0.11764705882352941, "2007": 0.0, "2008": 0.6}, "publications_years": {"2004": 14, "2008": 11, "2002": 4, "1990": 3, "2005": 3, "2007": 3, "1992": 2, "2006": 2, "2000": 1}, "citations_years": {"1998": 1, "1999": 0, "2000": 0, "2001": 3, "2002": 4, "2003": 5, "2004": 11, "2005": 7, "2006": 6, "2007": 15, "2008": 13, "2009": 11, "2010": 14, "2011": 12, "2012": 18, "2013": 13, "2014": 5, "2015": 14, "2016": 9, "2017": 7, "2018": 3, "2019": 0, "2020": 1}, "old_citations": {"2004": 36, "2008": 33, "2002": 44, "1990": 10, "2005": 14, "2007": 17, "1992": 1, "2006": 4, "2000": 13}, "h5_index": 0}, "percentile": {"computer science": {"2004": 75, "2008": 65, "2002": 88, "1990": 94, "2005": 75, "2007": 74, "1992": 91, "2006": 68, "2000": 91}}, "conference_ranking": {"computer science": {"2004": 1037, "2008": 1459, "2002": 505, "1990": 233, "2005": 1031, "2007": 1087, "1992": 354, "2006": 1348, "2000": 344}}, "academia": {"num_publications": 22, "num_citations": 89, "publications_years": {"1990": 2, "1991": 0, "1992": 1, "1993": 0, "1994": 0, "1995": 0, "1996": 0, "1997": 0, "1998": 0, "1999": 0, "2000": 1, "2001": 0, "2002": 2, "2003": 0, "2004": 6, "2005": 0, "2006": 2, "2007": 1, "2008": 7}, "old_citations": {"1990": 9, "1991": 0, "1992": 1, "1993": 0, "1994": 0, "1995": 0, "1996": 0, "1997": 0, "1998": 0, "1999": 0, "2000": 13, "2001": 0, "2002": 5, "2003": 0, "2004": 13, "2005": 0, "2006": 4, "2007": 15, "2008": 29}, "num_publications_5y": 0, "num_citations_5y": 0, "num_publications_10y": 0, "num_citations_10y": 0}, "industry": {"num_publications": 1, "num_citations": 2, "publications_years": {"2004": 1}, "old_citations": {"2004": 2}, "num_publications_5y": 0, "num_citations_5y": 0, "num_publications_10y": 0, "num_citations_10y": 0}, "collaborative": {"num_publications": 0, "num_citations": 0, "publications_years": {}, "old_citations": {}, "num_publications_5y": 0, "num_citations_5y": 0, "num_publications_10y": 0, "num_citations_10y": 0}, "conferences": {}, "journals": {}, "organizations": {"publication_overall": ["California Institute of Technology", "University of Tokyo", "Budapest University of Technology and Economics", "Cisco Systems (China)", "Delft University of Technology", "Finnish Defence Forces", "Imperial College London", "Marmara University", "Nanyang Technological University", "National Cheng Kung University", "National Taiwan University", "National University of Defense Technology", "National University of Singapore", "Queensland University of Technology", "RWTH Aachen University", "San Jose State University", "State University of Feira de Santana", "Tennessee State University", "University of Coimbra", "University of Duisburg-Essen", "University of Lisbon", "University of London", "West Virginia University"], "citation_overall": ["RWTH Aachen University", "Tennessee State University", "Imperial College London", "San Jose State University", "California Institute of Technology", "West Virginia University", "National University of Singapore", "University of Tokyo", "Delft University of Technology", "National University of Defense Technology", "University of Duisburg-Essen", "Budapest University of Technology and Economics", "Cisco Systems (China)", "Nanyang Technological University", "State University of Feira de Santana", "University of London", "Finnish Defence Forces", "Marmara University", "National Cheng Kung University", "University of Coimbra", "National Taiwan University", "Queensland University of Technology", "University of Lisbon"], "publication_10_years": [], "citation_10_years": [], "publication_5_years": [], "citation_5_years": []}, "countries": {"publication_overall": ["United States", "China", "Germany", "Japan", "Portugal", "Singapore", "Taiwan", "United Kingdom", "Australia", "Brazil", "Finland", "Hungary", "Netherlands", "Turkey"], "citation_overall": ["United States", "Germany", "United Kingdom", "Singapore", "China", "Japan", "Netherlands", "Brazil", "Hungary", "Finland", "Portugal", "Taiwan", "Turkey", "Australia"], "publication_10_years": [], "citation_10_years": [], "publication_5_years": [], "citation_5_years": []}, "topics": {"publication_overall": ["computer science", "computer systems", "artificial intelligence", "mathematics", "database systems", "engineering", "computer networks", "information systems", "software engineering", "data mining", "information retrieval", "information technology", "linguistics", "software design", "computer hardware", "internet", "software", "semantics", "software architecture", "computer imaging and vision"], "citation_overall": ["computer science", "computer systems", "mathematics", "artificial intelligence", "linguistics", "database systems", "data mining", "information retrieval", "correlation analysis", "semantics", "computer networks", "natural language processing", "natural languages", "computational linguistics", "internet", "text processing", "information retrieval systems", "engineering", "text document", "text mining"], "publication_10_years": [], "citation_10_years": [], "publication_5_years": [], "citation_5_years": []}, "main_topics": ["computer science"], "authors": {"publication_overall": ["2016435117", "2071863155", "51202656", "53372045", "164345235", "259926954", "285318040", "1230716646", "1752254006", "1845165318", "1887479766", "1900964054", "1938566484", "2007778606", "2011766611", "2015957973", "2035235404", "2053388128", "2058604498", "2082927313", "2086822174", "2097744907", "2098418038", "2102346442", "2106464789", "2108504663", "2110683893", "2120502675", "2123338614", "2125925811", "2128736002", "2129241853", "2131104494", "2131291409", "2142430456", "2143406733", "2145238524", "2154137932", "2160482480", "2163103719", "2163864742", "2163968377", "2190622379", "2193831014", "2199357795", "2201040567", "2204267087", "2210873543", "2231190481", "2231502044", "2314172942", "2340258263", "2425561555", "2428157852", "2428346052", "2435954605", "2439900555", "2462977465", "2471633291", "2472943478", "2483274043", "2525759933", "2563332018", "2569885132", "2589195468", "2627209251", "2637587317", "2652701769", "2666733037", "2682583914", "2684817332", "2685376173", "2696229200", "2701244351", "2704552057", "2705973621", "2718128923", "2722874368", "2790255622", "2926410972", "2936912310", "2938716190", "2939008820", "2948525491", "2973028173", "2973385683", "2973498270", "2973987022", "2974535164", "2974615570", "2974729469", "2977081683", "2986940912"], "citation_overall": ["2058604498", "2666733037", "1900964054", "2131104494", "2472943478", "2973498270", "53372045", "2973385683", "2471633291", "2053388128", "2071863155", "259926954", "1752254006", "2462977465", "2143406733", "2973987022", "2974615570", "2977081683", "2102346442", "2705973621", "2939008820", "1938566484", "2086822174", "2129241853", "2163103719", "1887479766", "2035235404", "2098418038", "2199357795", "2652701769", "2701244351", "2948525491", "2007778606", "2142430456", "51202656", "285318040", "1230716646", "1845165318", "2011766611", "2015957973", "2097744907", "2110683893", "2125925811", "2128736002", "2145238524", "2154137932", "2163864742", "2201040567", "2314172942", "2428346052", "2439900555", "2525759933", "2563332018", "2569885132", "2685376173", "2696229200", "2704552057", "2722874368", "2926410972", "164345235", "2082927313", "2106464789", "2108504663", "2120502675", "2163968377", "2210873543", "2231190481", "2231502044", "2627209251", "2682583914", "2684817332", "2718128923", "2790255622", "2938716190", "2986940912", "2016435117", "2123338614", "2131291409", "2160482480", "2190622379", "2193831014", "2204267087", "2340258263", "2425561555", "2428157852", "2435954605", "2483274043", "2589195468", "2637587317", "2936912310", "2973028173", "2974535164", "2974729469"], "publication_10_years": [], "citation_10_years": [], "publication_5_years": [], "citation_5_years": []}, "industrial_sectors": {"publication_overall": ["computing_and_it", "technology"], "citation_overall": ["computing_and_it", "technology"], "publication_10_years": [], "citation_10_years": [], "publication_5_years": [], "citation_5_years": []}}