{"name": "Use of P2P, GRID and Agents for the Development of Content Networks", "acronym": "UPGRADE-CN", "type": "conference", "uniqueEntities": {"organizations": {"University of Calabria": {"name": "University of Calabria", "type": "organization", "organization_type": "Education", "h_index": 58, "h5_index": 29, "num_publications": 6, "num_citations": 20, "num_publications_5y": 0, "num_citations_5y": 4, "num_publications_10y": 2, "num_citations_10y": 17, "publications_years": {"2009": 2, "2008": 2, "2007": 2}, "citations_years": {"2009": 1, "2010": 3, "2011": 3, "2012": 5, "2013": 1, "2014": 2, "2015": 1, "2016": 1, "2008": 3}, "old_citations": {"2009": 11, "2008": 4, "2007": 5}, "isVisible": false}, "Indian Council of Agricultural Research": {"name": "Indian Council of Agricultural Research", "type": "organization", "organization_type": "Government", "h_index": 41, "h5_index": 12, "num_publications": 4, "num_citations": 12, "num_publications_5y": 0, "num_citations_5y": 2, "num_publications_10y": 1, "num_citations_10y": 9, "publications_years": {"2009": 1, "2008": 1, "2007": 2}, "citations_years": {"2011": 1, "2012": 2, "2013": 1, "2014": 0, "2015": 1, "2016": 1, "2010": 3, "2008": 3, "2009": 0}, "old_citations": {"2009": 6, "2008": 1, "2007": 5}, "isVisible": false}, "Universitat Polit\u00e8cnica de Val\u00e8ncia": {"name": "Universitat Polit\u00e8cnica de Val\u00e8ncia", "type": "organization", "organization_type": "Education", "h_index": 83, "h5_index": 31, "num_publications": 3, "num_citations": 33, "num_publications_5y": 0, "num_citations_5y": 6, "num_publications_10y": 2, "num_citations_10y": 31, "publications_years": {"2008": 1, "2009": 2}, "citations_years": {"2009": 3, "2010": 5, "2011": 7, "2012": 3, "2013": 7, "2014": 0, "2015": 5, "2016": 1, "2017": 0, "2018": 0, "2019": 2}, "old_citations": {"2008": 13, "2009": 20}, "isVisible": false}, "Aristotle University of Thessaloniki": {"name": "Aristotle University of Thessaloniki", "type": "organization", "organization_type": "Education", "h_index": 93, "h5_index": 34, "num_publications": 2, "num_citations": 29, "num_publications_5y": 0, "num_citations_5y": 9, "num_publications_10y": 2, "num_citations_10y": 27, "publications_years": {"2009": 2}, "citations_years": {"2011": 5, "2012": 3, "2013": 4, "2014": 5, "2015": 2, "2016": 1, "2009": 3, "2010": 3, "2017": 0, "2018": 1, "2019": 2}, "old_citations": {"2009": 29}, "isVisible": false}, "University of Melbourne": {"name": "University of Melbourne", "type": "organization", "organization_type": "Education", "h_index": 173, "h5_index": 48, "num_publications": 2, "num_citations": 27, "num_publications_5y": 0, "num_citations_5y": 4, "num_publications_10y": 1, "num_citations_10y": 21, "publications_years": {"2009": 1, "2007": 1}, "citations_years": {"2011": 1, "2012": 4, "2013": 2, "2014": 1, "2015": 1, "2016": 2, "2008": 6, "2009": 9, "2010": 1}, "old_citations": {"2009": 6, "2007": 21}, "isVisible": false}, "University of Naples Federico II": {"name": "University of Naples Federico II", "type": "organization", "organization_type": "Education", "h_index": 59, "h5_index": 27, "num_publications": 2, "num_citations": 33, "num_publications_5y": 0, "num_citations_5y": 15, "num_publications_10y": 0, "num_citations_10y": 26, "publications_years": {"2007": 1, "2008": 1}, "citations_years": {"2007": 2, "2008": 3, "2009": 2, "2010": 4, "2011": 2, "2012": 2, "2013": 1, "2014": 1, "2015": 1, "2016": 0, "2017": 10, "2018": 3, "2019": 2}, "old_citations": {"2007": 19, "2008": 14}, "isVisible": false}, "Foundation University Islamabad": {"name": "Foundation University Islamabad", "type": "organization", "organization_type": "Education", "h_index": 15, "h5_index": 7, "num_publications": 1, "num_citations": 15, "num_publications_5y": 0, "num_citations_5y": 5, "num_publications_10y": 0, "num_citations_10y": 14, "publications_years": {"2008": 1}, "citations_years": {"2009": 3, "2010": 0, "2011": 6, "2012": 0, "2013": 0, "2014": 2, "2015": 1, "2016": 0, "2017": 2, "2018": 0, "2019": 1}, "old_citations": {"2008": 15}, "isVisible": false}, "French Institute for Research in Computer Science and Automation": {"name": "French Institute for Research in Computer Science and Automation", "type": "organization", "organization_type": "Government", "h_index": 247, "h5_index": 53, "num_publications": 1, "num_citations": 1, "num_publications_5y": 0, "num_citations_5y": 0, "num_publications_10y": 0, "num_citations_10y": 1, "publications_years": {"2008": 1}, "citations_years": {"2012": 1}, "old_citations": {"2008": 1}, "isVisible": false}, "Hamburg University of Technology": {"name": "Hamburg University of Technology", "type": "organization", "organization_type": "Education", "h_index": 37, "h5_index": 13, "num_publications": 1, "num_citations": 79, "num_publications_5y": 0, "num_citations_5y": 18, "num_publications_10y": 0, "num_citations_10y": 74, "publications_years": {"2007": 1}, "citations_years": {"2008": 5, "2009": 21, "2010": 10, "2011": 9, "2012": 10, "2013": 6, "2014": 7, "2015": 5, "2016": 2, "2017": 4}, "old_citations": {"2007": 79}, "isVisible": false}, "Louisiana State University": {"name": "Louisiana State University", "type": "organization", "organization_type": "Education", "h_index": 87, "h5_index": 20, "num_publications": 1, "num_citations": 1, "num_publications_5y": 0, "num_citations_5y": 0, "num_publications_10y": 0, "num_citations_10y": 0, "publications_years": {"2007": 1}, "citations_years": {"2008": 1}, "old_citations": {"2007": 1}, "isVisible": false}, "Ludwig Maximilian University of Munich": {"name": "Ludwig Maximilian University of Munich", "type": "organization", "organization_type": "Education", "h_index": 137, "h5_index": 37, "num_publications": 1, "num_citations": 0, "num_publications_5y": 0, "num_citations_5y": 0, "num_publications_10y": 1, "num_citations_10y": 0, "publications_years": {"2009": 1}, "citations_years": {}, "old_citations": {"2009": 0}, "isVisible": false}, "Rutgers, The State University of New Jersey": {"name": "Rutgers, The State University of New Jersey", "type": "organization", "organization_type": "Education", "h_index": 218, "h5_index": 52, "num_publications": 1, "num_citations": 0, "num_publications_5y": 0, "num_citations_5y": 0, "num_publications_10y": 0, "num_citations_10y": 0, "publications_years": {"2008": 1}, "citations_years": {}, "old_citations": {"2008": 0}, "isVisible": false}, "Shanghai Jiao Tong University": {"name": "Shanghai Jiao Tong University", "type": "organization", "organization_type": "Education", "h_index": 136, "h5_index": 71, "num_publications": 1, "num_citations": 20, "num_publications_5y": 0, "num_citations_5y": 4, "num_publications_10y": 0, "num_citations_10y": 19, "publications_years": {"2007": 1}, "citations_years": {"2008": 1, "2009": 5, "2010": 4, "2011": 2, "2012": 1, "2013": 3, "2014": 1, "2015": 1, "2016": 1, "2017": 0, "2018": 1}, "old_citations": {"2007": 20}, "isVisible": false}, "Technical University of Madrid": {"name": "Technical University of Madrid", "type": "organization", "organization_type": "Education", "h_index": 89, "h5_index": 28, "num_publications": 1, "num_citations": 2, "num_publications_5y": 0, "num_citations_5y": 0, "num_publications_10y": 1, "num_citations_10y": 2, "publications_years": {"2009": 1}, "citations_years": {"2011": 1, "2012": 1}, "old_citations": {"2009": 2}, "isVisible": false}, "Tokyo Denki University": {"name": "Tokyo Denki University", "type": "organization", "organization_type": "Education", "h_index": 39, "h5_index": 6, "num_publications": 1, "num_citations": 16, "num_publications_5y": 0, "num_citations_5y": 7, "num_publications_10y": 1, "num_citations_10y": 16, "publications_years": {"2009": 1}, "citations_years": {"2010": 1, "2011": 2, "2012": 2, "2013": 4, "2014": 3, "2015": 3, "2016": 0, "2017": 0, "2018": 1}, "old_citations": {"2009": 16}, "isVisible": false}, "University of Catania": {"name": "University of Catania", "type": "organization", "organization_type": "Education", "h_index": 72, "h5_index": 24, "num_publications": 1, "num_citations": 14, "num_publications_5y": 0, "num_citations_5y": 5, "num_publications_10y": 0, "num_citations_10y": 13, "publications_years": {"2007": 1}, "citations_years": {"2008": 1, "2009": 1, "2010": 5, "2011": 0, "2012": 1, "2013": 1, "2014": 1, "2015": 2, "2016": 1, "2017": 1}, "old_citations": {"2007": 14}, "isVisible": false}, "University of Cyprus": {"name": "University of Cyprus", "type": "organization", "organization_type": "Education", "h_index": 71, "h5_index": 22, "num_publications": 1, "num_citations": 23, "num_publications_5y": 0, "num_citations_5y": 7, "num_publications_10y": 1, "num_citations_10y": 21, "publications_years": {"2009": 1}, "citations_years": {"2009": 3, "2010": 3, "2011": 4, "2012": 1, "2013": 3, "2014": 5, "2015": 1, "2016": 0, "2017": 0, "2018": 1, "2019": 2}, "old_citations": {"2009": 23}, "isVisible": false}, "University of Li\u00e8ge": {"name": "University of Li\u00e8ge", "type": "organization", "organization_type": "Education", "h_index": 70, "h5_index": 21, "num_publications": 1, "num_citations": 14, "num_publications_5y": 0, "num_citations_5y": 2, "num_publications_10y": 0, "num_citations_10y": 11, "publications_years": {"2007": 1}, "citations_years": {"2007": 1, "2008": 2, "2009": 4, "2010": 0, "2011": 3, "2012": 1, "2013": 1, "2014": 0, "2015": 2}, "old_citations": {"2007": 14}, "isVisible": false}, "University of W\u00fcrzburg": {"name": "University of W\u00fcrzburg", "type": "organization", "organization_type": "Education", "h_index": 69, "h5_index": 20, "num_publications": 1, "num_citations": 79, "num_publications_5y": 0, "num_citations_5y": 18, "num_publications_10y": 0, "num_citations_10y": 74, "publications_years": {"2007": 1}, "citations_years": {"2008": 5, "2009": 21, "2010": 10, "2011": 9, "2012": 10, "2013": 6, "2014": 7, "2015": 5, "2016": 2, "2017": 4}, "old_citations": {"2007": 79}, "isVisible": false}, "University of Zaragoza": {"name": "University of Zaragoza", "type": "organization", "organization_type": "Education", "h_index": 77, "h5_index": 25, "num_publications": 1, "num_citations": 20, "num_publications_5y": 0, "num_citations_5y": 4, "num_publications_10y": 1, "num_citations_10y": 19, "publications_years": {"2009": 1}, "citations_years": {"2009": 1, "2010": 4, "2011": 3, "2012": 2, "2013": 5, "2014": 0, "2015": 3, "2016": 1, "2017": 0, "2018": 0, "2019": 1}, "old_citations": {"2009": 20}, "isVisible": false}, "VU Amsterdam": {"name": "VU Amsterdam", "type": "organization", "organization_type": "Education", "h_index": 129, "h5_index": 32, "num_publications": 1, "num_citations": 1, "num_publications_5y": 0, "num_citations_5y": 0, "num_publications_10y": 0, "num_citations_10y": 0, "publications_years": {"2007": 1}, "citations_years": {"2007": 1}, "old_citations": {"2007": 1}, "isVisible": false}, "Victoria University of Wellington": {"name": "Victoria University of Wellington", "type": "organization", "organization_type": "Education", "h_index": 70, "h5_index": 25, "num_publications": 1, "num_citations": 21, "num_publications_5y": 0, "num_citations_5y": 2, "num_publications_10y": 0, "num_citations_10y": 15, "publications_years": {"2007": 1}, "citations_years": {"2008": 6, "2009": 9, "2010": 1, "2011": 0, "2012": 2, "2013": 1, "2014": 1, "2015": 0, "2016": 1}, "old_citations": {"2007": 21}, "isVisible": false}}, "topics": {"computer science": {"name": "computer science", "type": "topic", "h_index": 1779, "h5_index": 416, "num_publications": 31, "num_citations": 302, "num_publications_5y": 0, "num_citations_5y": 77, "num_publications_10y": 8, "num_citations_10y": 269, "publications_years": {"2009": 8, "2008": 11, "2007": 12}, "citations_years": {"2009": 54, "2010": 38, "2011": 40, "2012": 31, "2013": 29, "2014": 24, "2015": 23, "2016": 7, "2017": 17, "2018": 6, "2019": 7, "2008": 22, "2007": 4}, "old_citations": {"2009": 72, "2008": 56, "2007": 174}, "isVisible": false}, "computer systems": {"name": "computer systems", "type": "topic", "h_index": 1595, "h5_index": 367, "num_publications": 31, "num_citations": 302, "num_publications_5y": 0, "num_citations_5y": 77, "num_publications_10y": 8, "num_citations_10y": 269, "publications_years": {"2009": 8, "2008": 11, "2007": 12}, "citations_years": {"2009": 54, "2010": 38, "2011": 40, "2012": 31, "2013": 29, "2014": 24, "2015": 23, "2016": 7, "2017": 17, "2018": 6, "2019": 7, "2008": 22, "2007": 4}, "old_citations": {"2009": 72, "2008": 56, "2007": 174}, "isVisible": false}, "distributed computer systems": {"name": "distributed computer systems", "type": "topic", "h_index": 985, "h5_index": 228, "num_publications": 28, "num_citations": 277, "num_publications_5y": 0, "num_citations_5y": 73, "num_publications_10y": 6, "num_citations_10y": 245, "publications_years": {"2009": 6, "2008": 10, "2007": 12}, "citations_years": {"2009": 53, "2010": 34, "2011": 35, "2012": 26, "2013": 24, "2014": 24, "2015": 20, "2016": 6, "2017": 17, "2018": 6, "2019": 6, "2008": 22, "2007": 4}, "old_citations": {"2009": 50, "2008": 53, "2007": 174}, "isVisible": false}, "computer networks": {"name": "computer networks", "type": "topic", "h_index": 1262, "h5_index": 332, "num_publications": 27, "num_citations": 298, "num_publications_5y": 0, "num_citations_5y": 77, "num_publications_10y": 8, "num_citations_10y": 265, "publications_years": {"2009": 8, "2007": 10, "2008": 9}, "citations_years": {"2009": 54, "2010": 37, "2011": 39, "2012": 29, "2013": 29, "2014": 24, "2015": 23, "2016": 7, "2017": 17, "2018": 6, "2019": 7, "2008": 22, "2007": 4}, "old_citations": {"2009": 72, "2007": 174, "2008": 52}, "isVisible": false}, "internet": {"name": "internet", "type": "topic", "h_index": 1102, "h5_index": 245, "num_publications": 25, "num_citations": 300, "num_publications_5y": 0, "num_citations_5y": 77, "num_publications_10y": 7, "num_citations_10y": 267, "publications_years": {"2009": 7, "2007": 10, "2008": 8}, "citations_years": {"2009": 53, "2010": 37, "2011": 40, "2012": 31, "2013": 29, "2014": 24, "2015": 23, "2016": 7, "2017": 17, "2018": 6, "2019": 7, "2008": 22, "2007": 4}, "old_citations": {"2009": 72, "2007": 174, "2008": 54}, "isVisible": false}, "telecommunication systems": {"name": "telecommunication systems", "type": "topic", "h_index": 1187, "h5_index": 277, "num_publications": 25, "num_citations": 292, "num_publications_5y": 0, "num_citations_5y": 77, "num_publications_10y": 8, "num_citations_10y": 263, "publications_years": {"2009": 8, "2007": 8, "2008": 9}, "citations_years": {"2009": 54, "2010": 35, "2011": 39, "2012": 29, "2013": 29, "2014": 24, "2015": 23, "2016": 7, "2017": 17, "2018": 6, "2019": 7, "2008": 19, "2007": 3}, "old_citations": {"2009": 72, "2007": 168, "2008": 52}, "isVisible": false}, "communication systems": {"name": "communication systems", "type": "topic", "h_index": 1092, "h5_index": 254, "num_publications": 24, "num_citations": 271, "num_publications_5y": 0, "num_citations_5y": 75, "num_publications_10y": 8, "num_citations_10y": 248, "publications_years": {"2009": 8, "2007": 7, "2008": 9}, "citations_years": {"2009": 45, "2010": 34, "2011": 39, "2012": 27, "2013": 28, "2014": 23, "2015": 23, "2016": 6, "2017": 17, "2018": 6, "2019": 7, "2008": 13, "2007": 3}, "old_citations": {"2009": 72, "2007": 147, "2008": 52}, "isVisible": false}, "telecommunication networks": {"name": "telecommunication networks", "type": "topic", "h_index": 1116, "h5_index": 258, "num_publications": 24, "num_citations": 290, "num_publications_5y": 0, "num_citations_5y": 77, "num_publications_10y": 7, "num_citations_10y": 261, "publications_years": {"2009": 7, "2007": 8, "2008": 9}, "citations_years": {"2009": 54, "2010": 35, "2011": 38, "2012": 28, "2013": 29, "2014": 24, "2015": 23, "2016": 7, "2017": 17, "2018": 6, "2019": 7, "2008": 19, "2007": 3}, "old_citations": {"2009": 70, "2007": 168, "2008": 52}, "isVisible": false}, "wireless telecommunication systems": {"name": "wireless telecommunication systems", "type": "topic", "h_index": 1087, "h5_index": 254, "num_publications": 24, "num_citations": 271, "num_publications_5y": 0, "num_citations_5y": 75, "num_publications_10y": 8, "num_citations_10y": 248, "publications_years": {"2009": 8, "2007": 7, "2008": 9}, "citations_years": {"2009": 45, "2010": 34, "2011": 39, "2012": 27, "2013": 28, "2014": 23, "2015": 23, "2016": 6, "2017": 17, "2018": 6, "2019": 7, "2008": 13, "2007": 3}, "old_citations": {"2009": 72, "2007": 147, "2008": 52}, "isVisible": false}, "data communication systems": {"name": "data communication systems", "type": "topic", "h_index": 1013, "h5_index": 234, "num_publications": 23, "num_citations": 290, "num_publications_5y": 0, "num_citations_5y": 77, "num_publications_10y": 7, "num_citations_10y": 261, "publications_years": {"2009": 7, "2008": 9, "2007": 7}, "citations_years": {"2009": 54, "2010": 35, "2011": 38, "2012": 28, "2013": 29, "2014": 24, "2015": 23, "2016": 7, "2017": 17, "2018": 6, "2019": 7, "2008": 19, "2007": 3}, "old_citations": {"2009": 70, "2008": 52, "2007": 168}, "isVisible": false}, "bandwidth": {"name": "bandwidth", "type": "topic", "h_index": 922, "h5_index": 201, "num_publications": 21, "num_citations": 274, "num_publications_5y": 0, "num_citations_5y": 70, "num_publications_10y": 5, "num_citations_10y": 245, "publications_years": {"2009": 5, "2007": 8, "2008": 8}, "citations_years": {"2009": 54, "2010": 34, "2011": 36, "2012": 26, "2013": 25, "2014": 21, "2015": 20, "2016": 7, "2017": 17, "2018": 5, "2019": 7, "2008": 19, "2007": 3}, "old_citations": {"2009": 54, "2007": 168, "2008": 52}, "isVisible": false}, "peer-to-peer": {"name": "peer-to-peer", "type": "topic", "h_index": 359, "h5_index": 102, "num_publications": 21, "num_citations": 259, "num_publications_5y": 0, "num_citations_5y": 66, "num_publications_10y": 4, "num_citations_10y": 227, "publications_years": {"2009": 4, "2007": 10, "2008": 7}, "citations_years": {"2009": 52, "2010": 32, "2011": 33, "2012": 24, "2013": 20, "2014": 21, "2015": 17, "2016": 6, "2017": 17, "2018": 5, "2019": 6, "2008": 22, "2007": 4}, "old_citations": {"2009": 34, "2007": 174, "2008": 51}, "isVisible": false}, "computer hardware": {"name": "computer hardware", "type": "topic", "h_index": 1150, "h5_index": 279, "num_publications": 20, "num_citations": 250, "num_publications_5y": 0, "num_citations_5y": 71, "num_publications_10y": 5, "num_citations_10y": 228, "publications_years": {"2009": 5, "2007": 7, "2008": 8}, "citations_years": {"2009": 43, "2010": 33, "2011": 33, "2012": 23, "2013": 25, "2014": 23, "2015": 20, "2016": 5, "2017": 17, "2018": 6, "2019": 6, "2008": 13, "2007": 3}, "old_citations": {"2009": 64, "2007": 147, "2008": 39}, "isVisible": false}, "multicasts": {"name": "multicasts", "type": "topic", "h_index": 669, "h5_index": 127, "num_publications": 19, "num_citations": 253, "num_publications_5y": 0, "num_citations_5y": 68, "num_publications_10y": 5, "num_citations_10y": 230, "publications_years": {"2009": 5, "2008": 8, "2007": 6}, "citations_years": {"2009": 45, "2010": 33, "2011": 36, "2012": 24, "2013": 24, "2014": 20, "2015": 20, "2016": 6, "2017": 17, "2018": 5, "2019": 7, "2008": 13, "2007": 3}, "old_citations": {"2009": 54, "2008": 52, "2007": 147}, "isVisible": false}, "telecommunication traffic": {"name": "telecommunication traffic", "type": "topic", "h_index": 1036, "h5_index": 233, "num_publications": 19, "num_citations": 248, "num_publications_5y": 0, "num_citations_5y": 63, "num_publications_10y": 4, "num_citations_10y": 224, "publications_years": {"2009": 4, "2007": 8, "2008": 7}, "citations_years": {"2011": 31, "2012": 26, "2013": 25, "2014": 16, "2015": 21, "2016": 7, "2009": 50, "2010": 29, "2017": 15, "2018": 4, "2019": 4, "2008": 18, "2007": 2}, "old_citations": {"2009": 42, "2007": 168, "2008": 38}, "isVisible": false}, "artificial intelligence": {"name": "artificial intelligence", "type": "topic", "h_index": 1421, "h5_index": 373, "num_publications": 15, "num_citations": 123, "num_publications_5y": 0, "num_citations_5y": 33, "num_publications_10y": 5, "num_citations_10y": 111, "publications_years": {"2009": 5, "2007": 4, "2008": 6}, "citations_years": {"2009": 12, "2010": 20, "2011": 23, "2012": 10, "2013": 13, "2014": 12, "2015": 11, "2016": 3, "2017": 5, "2018": 2, "2019": 6, "2008": 5, "2007": 1}, "old_citations": {"2009": 54, "2007": 19, "2008": 50}, "isVisible": false}, "distributed systems": {"name": "distributed systems", "type": "topic", "h_index": 859, "h5_index": 209, "num_publications": 15, "num_citations": 94, "num_publications_5y": 0, "num_citations_5y": 27, "num_publications_10y": 2, "num_citations_10y": 76, "publications_years": {"2009": 2, "2008": 6, "2007": 7}, "citations_years": {"2009": 18, "2010": 11, "2011": 6, "2012": 9, "2013": 5, "2014": 5, "2015": 6, "2007": 4, "2008": 12, "2016": 2, "2017": 11, "2018": 3, "2019": 2}, "old_citations": {"2009": 5, "2008": 20, "2007": 69}, "isVisible": false}, "parallel processing systems": {"name": "parallel processing systems", "type": "topic", "h_index": 845, "h5_index": 208, "num_publications": 14, "num_citations": 89, "num_publications_5y": 0, "num_citations_5y": 25, "num_publications_10y": 1, "num_citations_10y": 71, "publications_years": {"2008": 6, "2007": 7, "2009": 1}, "citations_years": {"2010": 11, "2009": 17, "2012": 8, "2013": 5, "2014": 3, "2015": 6, "2007": 4, "2008": 12, "2011": 5, "2016": 2, "2017": 11, "2018": 3, "2019": 2}, "old_citations": {"2008": 20, "2007": 69, "2009": 0}, "isVisible": false}, "grid computing": {"name": "grid computing", "type": "topic", "h_index": 461, "h5_index": 122, "num_publications": 13, "num_citations": 86, "num_publications_5y": 0, "num_citations_5y": 24, "num_publications_10y": 1, "num_citations_10y": 68, "publications_years": {"2008": 5, "2007": 7, "2009": 1}, "citations_years": {"2010": 11, "2009": 17, "2007": 4, "2008": 12, "2011": 5, "2012": 7, "2013": 4, "2014": 3, "2015": 5, "2016": 2, "2017": 11, "2018": 3, "2019": 2}, "old_citations": {"2008": 17, "2007": 69, "2009": 0}, "isVisible": false}, "internet protocols": {"name": "internet protocols", "type": "topic", "h_index": 808, "h5_index": 165, "num_publications": 13, "num_citations": 188, "num_publications_5y": 0, "num_citations_5y": 50, "num_publications_10y": 3, "num_citations_10y": 174, "publications_years": {"2009": 3, "2007": 5, "2008": 5}, "citations_years": {"2011": 25, "2012": 20, "2013": 18, "2014": 11, "2015": 15, "2016": 6, "2009": 36, "2010": 25, "2017": 15, "2018": 3, "2019": 4, "2008": 9, "2007": 1}, "old_citations": {"2009": 26, "2007": 132, "2008": 30}, "isVisible": false}, "sensors": {"name": "sensors", "type": "topic", "h_index": 960, "h5_index": 229, "num_publications": 12, "num_citations": 179, "num_publications_5y": 0, "num_citations_5y": 46, "num_publications_10y": 4, "num_citations_10y": 169, "publications_years": {"2007": 3, "2008": 5, "2009": 4}, "citations_years": {"2009": 35, "2010": 24, "2011": 27, "2012": 16, "2013": 21, "2014": 19, "2015": 14, "2016": 4, "2017": 6, "2018": 3, "2019": 4, "2008": 6}, "old_citations": {"2007": 99, "2008": 21, "2009": 59}, "isVisible": false}, "quality of service": {"name": "quality of service", "type": "topic", "h_index": 682, "h5_index": 141, "num_publications": 10, "num_citations": 178, "num_publications_5y": 0, "num_citations_5y": 38, "num_publications_10y": 3, "num_citations_10y": 163, "publications_years": {"2009": 3, "2008": 4, "2007": 3}, "citations_years": {"2011": 25, "2012": 19, "2013": 19, "2014": 11, "2015": 14, "2016": 6, "2009": 42, "2010": 20, "2017": 6, "2018": 1, "2019": 3, "2008": 12}, "old_citations": {"2009": 26, "2008": 32, "2007": 120}, "isVisible": false}, "communication channels (information theory)": {"name": "communication channels (information theory)", "type": "topic", "h_index": 925, "h5_index": 216, "num_publications": 9, "num_citations": 153, "num_publications_5y": 0, "num_citations_5y": 38, "num_publications_10y": 4, "num_citations_10y": 145, "publications_years": {"2007": 3, "2008": 2, "2009": 4}, "citations_years": {"2009": 31, "2010": 19, "2011": 23, "2012": 16, "2013": 18, "2014": 13, "2015": 13, "2016": 4, "2017": 6, "2018": 2, "2019": 2, "2008": 6}, "old_citations": {"2007": 99, "2008": 16, "2009": 38}, "isVisible": false}, "mobile telecommunication systems": {"name": "mobile telecommunication systems", "type": "topic", "h_index": 732, "h5_index": 170, "num_publications": 7, "num_citations": 151, "num_publications_5y": 0, "num_citations_5y": 38, "num_publications_10y": 3, "num_citations_10y": 143, "publications_years": {"2008": 2, "2007": 2, "2009": 3}, "citations_years": {"2009": 31, "2010": 19, "2011": 22, "2012": 15, "2013": 18, "2014": 13, "2015": 13, "2016": 4, "2017": 6, "2018": 2, "2019": 2, "2008": 6}, "old_citations": {"2008": 16, "2007": 99, "2009": 36}, "isVisible": false}}, "authors": {"2075460159": {"name": "giancarlo fortino", "type": "author", "activity": 24, "h_index": 36, "h5_index": 21, "mag_id": "2075460159", "num_publications": 3, "num_citations": 11, "num_publications_5y": 0, "num_citations_5y": 4, "num_publications_10y": 2, "num_citations_10y": 11, "publications_years": {"2009": 2, "2008": 1}, "citations_years": {"2009": 1, "2010": 0, "2011": 2, "2012": 3, "2013": 1, "2014": 2, "2015": 1, "2016": 1}, "old_citations": {"2009": 11, "2008": 0}, "isVisible": false}, "2100944573": {"name": "jaime lloret", "type": "author", "activity": 18, "h_index": 31, "h5_index": 18, "mag_id": "2100944573", "num_publications": 3, "num_citations": 28, "num_publications_5y": 0, "num_citations_5y": 6, "num_publications_10y": 1, "num_citations_10y": 27, "publications_years": {"2008": 2, "2009": 1}, "citations_years": {"2012": 3, "2013": 6, "2014": 1, "2015": 4, "2009": 2, "2010": 6, "2011": 4, "2016": 1, "2017": 0, "2018": 0, "2019": 1}, "old_citations": {"2008": 8, "2009": 20}, "isVisible": false}, "2272976469": {"name": "miguel garcia", "type": "author", "activity": 11, "h_index": 18, "h5_index": 2, "mag_id": "2272976469", "num_publications": 3, "num_citations": 28, "num_publications_5y": 0, "num_citations_5y": 6, "num_publications_10y": 1, "num_citations_10y": 27, "publications_years": {"2008": 2, "2009": 1}, "citations_years": {"2012": 3, "2013": 6, "2014": 1, "2015": 4, "2009": 2, "2010": 6, "2011": 4, "2016": 1, "2017": 0, "2018": 0, "2019": 1}, "old_citations": {"2008": 8, "2009": 20}, "isVisible": false}, "221986634": {"name": "gianluigi folino", "type": "author", "activity": 22, "h_index": 17, "h5_index": 5, "mag_id": "221986634", "num_publications": 2, "num_citations": 1, "num_publications_5y": 0, "num_citations_5y": 0, "num_publications_10y": 0, "num_citations_10y": 1, "publications_years": {"2008": 1, "2007": 1}, "citations_years": {"2010": 1}, "old_citations": {"2008": 1, "2007": 0}, "isVisible": false}, "1976489361": {"name": "domenico talia", "type": "author", "activity": 31, "h_index": 33, "h5_index": 6, "mag_id": "1976489361", "num_publications": 2, "num_citations": 8, "num_publications_5y": 0, "num_citations_5y": 0, "num_publications_10y": 0, "num_citations_10y": 5, "publications_years": {"2007": 1, "2008": 1}, "citations_years": {"2008": 3, "2009": 0, "2010": 2, "2011": 1, "2012": 2}, "old_citations": {"2007": 5, "2008": 3}, "isVisible": false}, "2045559396": {"name": "athena vakali", "type": "author", "activity": 25, "h_index": 27, "h5_index": 10, "mag_id": "2045559396", "num_publications": 2, "num_citations": 29, "num_publications_5y": 0, "num_citations_5y": 9, "num_publications_10y": 2, "num_citations_10y": 27, "publications_years": {"2009": 2}, "citations_years": {"2011": 5, "2012": 3, "2013": 4, "2014": 5, "2015": 2, "2016": 1, "2009": 3, "2010": 3, "2017": 0, "2018": 1, "2019": 2}, "old_citations": {"2009": 29}, "isVisible": false}, "2068766974": {"name": "carlo mastroianni", "type": "author", "activity": 24, "h_index": 18, "h5_index": 5, "mag_id": "2068766974", "num_publications": 2, "num_citations": 11, "num_publications_5y": 0, "num_citations_5y": 2, "num_publications_10y": 1, "num_citations_10y": 8, "publications_years": {"2009": 1, "2007": 1}, "citations_years": {"2011": 1, "2012": 2, "2013": 1, "2014": 0, "2015": 1, "2016": 1, "2008": 3, "2009": 0, "2010": 2}, "old_citations": {"2009": 6, "2007": 5}, "isVisible": false}, "2168797577": {"name": "carlos e palau", "type": "author", "activity": 26, "h_index": 12, "h5_index": 8, "mag_id": "2168797577", "num_publications": 2, "num_citations": 13, "num_publications_5y": 0, "num_citations_5y": 2, "num_publications_10y": 1, "num_citations_10y": 12, "publications_years": {"2008": 1, "2009": 1}, "citations_years": {"2009": 2, "2010": 1, "2011": 4, "2012": 1, "2013": 2, "2014": 0, "2015": 2, "2016": 0, "2017": 0, "2018": 0, "2019": 1}, "old_citations": {"2008": 13, "2009": 0}, "isVisible": false}, "2264363730": {"name": "giuseppe pirro", "type": "author", "activity": 14, "h_index": 15, "h5_index": 5, "mag_id": "2264363730", "num_publications": 2, "num_citations": 8, "num_publications_5y": 0, "num_citations_5y": 0, "num_publications_10y": 0, "num_citations_10y": 5, "publications_years": {"2007": 1, "2008": 1}, "citations_years": {"2008": 3, "2009": 0, "2010": 2, "2011": 1, "2012": 2}, "old_citations": {"2007": 5, "2008": 3}, "isVisible": false}, "2311738068": {"name": "diana bri", "type": "author", "activity": 9, "h_index": 8, "h5_index": 1, "mag_id": "2311738068", "num_publications": 2, "num_citations": 8, "num_publications_5y": 0, "num_citations_5y": 2, "num_publications_10y": 0, "num_citations_10y": 8, "publications_years": {"2008": 2}, "citations_years": {"2012": 1, "2013": 1, "2014": 1, "2015": 1, "2009": 1, "2010": 2, "2011": 1}, "old_citations": {"2008": 8}, "isVisible": false}, "2411898361": {"name": "raffaele montella", "type": "author", "activity": 21, "h_index": 14, "h5_index": 7, "mag_id": "2411898361", "num_publications": 2, "num_citations": 33, "num_publications_5y": 0, "num_citations_5y": 15, "num_publications_10y": 0, "num_citations_10y": 26, "publications_years": {"2007": 1, "2008": 1}, "citations_years": {"2007": 2, "2008": 3, "2009": 2, "2010": 4, "2011": 2, "2012": 2, "2013": 1, "2014": 1, "2015": 1, "2016": 0, "2017": 10, "2018": 3, "2019": 2}, "old_citations": {"2007": 19, "2008": 14}, "isVisible": false}, "3821842": {"name": "fabrizio angiulli", "type": "author", "activity": 26, "h_index": 17, "h5_index": 3, "mag_id": "3821842", "num_publications": 1, "num_citations": 1, "num_publications_5y": 0, "num_citations_5y": 0, "num_publications_10y": 0, "num_citations_10y": 1, "publications_years": {"2008": 1}, "citations_years": {"2010": 1}, "old_citations": {"2008": 1}, "isVisible": false}, "73899405": {"name": "andreas binzenhofer", "type": "author", "activity": 8, "h_index": 13, "h5_index": 0, "mag_id": "73899405", "num_publications": 1, "num_citations": 79, "num_publications_5y": 0, "num_citations_5y": 18, "num_publications_10y": 0, "num_citations_10y": 74, "publications_years": {"2007": 1}, "citations_years": {"2008": 5, "2009": 21, "2010": 10, "2011": 9, "2012": 10, "2013": 6, "2014": 7, "2015": 5, "2016": 2, "2017": 4}, "old_citations": {"2007": 79}, "isVisible": false}, "78494421": {"name": "giuseppe papuzzo", "type": "author", "activity": 13, "h_index": 8, "h5_index": 2, "mag_id": "78494421", "num_publications": 1, "num_citations": 0, "num_publications_5y": 0, "num_citations_5y": 0, "num_publications_10y": 0, "num_citations_10y": 0, "publications_years": {"2007": 1}, "citations_years": {}, "old_citations": {"2007": 0}, "isVisible": false}, "90458358": {"name": "agostino forestiero", "type": "author", "activity": 17, "h_index": 12, "h5_index": 4, "mag_id": "90458358", "num_publications": 1, "num_citations": 0, "num_publications_5y": 0, "num_citations_5y": 0, "num_publications_10y": 0, "num_citations_10y": 0, "publications_years": {"2007": 1}, "citations_years": {}, "old_citations": {"2007": 0}, "isVisible": false}, "98373048": {"name": "giandomenico spezzano", "type": "author", "activity": 30, "h_index": 21, "h5_index": 7, "mag_id": "98373048", "num_publications": 1, "num_citations": 0, "num_publications_5y": 0, "num_citations_5y": 0, "num_publications_10y": 0, "num_citations_10y": 0, "publications_years": {"2007": 1}, "citations_years": {}, "old_citations": {"2007": 0}, "isVisible": false}, "146717607": {"name": "mario cannataro", "type": "author", "activity": 29, "h_index": 24, "h5_index": 5, "mag_id": "146717607", "num_publications": 1, "num_citations": 0, "num_publications_5y": 0, "num_citations_5y": 0, "num_publications_10y": 0, "num_citations_10y": 0, "publications_years": {"2007": 1}, "citations_years": {}, "old_citations": {"2007": 0}, "isVisible": false}, "165026917": {"name": "gerald kunzmann", "type": "author", "activity": 17, "h_index": 10, "h5_index": 1, "mag_id": "165026917", "num_publications": 1, "num_citations": 79, "num_publications_5y": 0, "num_citations_5y": 18, "num_publications_10y": 0, "num_citations_10y": 74, "publications_years": {"2007": 1}, "citations_years": {"2008": 5, "2009": 21, "2010": 10, "2011": 9, "2012": 10, "2013": 6, "2014": 7, "2015": 5, "2016": 2, "2017": 4}, "old_citations": {"2007": 79}, "isVisible": false}, "175023952": {"name": "michael schiffers", "type": "author", "activity": 14, "h_index": 6, "h5_index": 1, "mag_id": "175023952", "num_publications": 1, "num_citations": 0, "num_publications_5y": 0, "num_citations_5y": 0, "num_publications_10y": 1, "num_citations_10y": 0, "publications_years": {"2009": 1}, "citations_years": {}, "old_citations": {"2009": 0}, "isVisible": false}, "228259660": {"name": "xavier dalem", "type": "author", "activity": 3, "h_index": 1, "h5_index": 0, "mag_id": "228259660", "num_publications": 1, "num_citations": 14, "num_publications_5y": 0, "num_citations_5y": 2, "num_publications_10y": 0, "num_citations_10y": 11, "publications_years": {"2007": 1}, "citations_years": {"2007": 1, "2008": 2, "2009": 4, "2010": 0, "2011": 3, "2012": 1, "2013": 1, "2014": 0, "2015": 2}, "old_citations": {"2007": 14}, "isVisible": false}, "264409909": {"name": "badr jabari", "type": "author", "activity": 2, "h_index": 0, "h5_index": 0, "mag_id": "264409909", "num_publications": 1, "num_citations": 0, "num_publications_5y": 0, "num_citations_5y": 0, "num_publications_10y": 0, "num_citations_10y": 0, "publications_years": {"2007": 1}, "citations_years": {}, "old_citations": {"2007": 0}, "isVisible": false}, "296833268": {"name": "adriana pietramala", "type": "author", "activity": 9, "h_index": 3, "h5_index": 0, "mag_id": "296833268", "num_publications": 1, "num_citations": 0, "num_publications_5y": 0, "num_citations_5y": 0, "num_publications_10y": 0, "num_citations_10y": 0, "publications_years": {"2007": 1}, "citations_years": {}, "old_citations": {"2007": 0}, "isVisible": false}, "320462900": {"name": "samuele mascillaro", "type": "author", "activity": 4, "h_index": 5, "h5_index": 0, "mag_id": "320462900", "num_publications": 1, "num_citations": 5, "num_publications_5y": 0, "num_citations_5y": 2, "num_publications_10y": 1, "num_citations_10y": 5, "publications_years": {"2009": 1}, "citations_years": {"2009": 1, "2010": 0, "2011": 1, "2012": 1, "2013": 0, "2014": 2}, "old_citations": {"2009": 5}, "isVisible": false}, "710552392": {"name": "kris bubendorfer", "type": "author", "activity": 17, "h_index": 16, "h5_index": 6, "mag_id": "710552392", "num_publications": 1, "num_citations": 21, "num_publications_5y": 0, "num_citations_5y": 2, "num_publications_10y": 0, "num_citations_10y": 15, "publications_years": {"2007": 1}, "citations_years": {"2008": 6, "2009": 9, "2010": 1, "2011": 0, "2012": 2, "2013": 1, "2014": 1, "2015": 0, "2016": 1}, "old_citations": {"2007": 21}, "isVisible": false}, "737083156": {"name": "rajkumar buyya", "type": "author", "activity": 24, "h_index": 105, "h5_index": 32, "mag_id": "737083156", "num_publications": 1, "num_citations": 21, "num_publications_5y": 0, "num_citations_5y": 2, "num_publications_10y": 0, "num_citations_10y": 15, "publications_years": {"2007": 1}, "citations_years": {"2008": 6, "2009": 9, "2010": 1, "2011": 0, "2012": 2, "2013": 1, "2014": 1, "2015": 0, "2016": 1}, "old_citations": {"2007": 21}, "isVisible": false}, "1539987722": {"name": "pierrearnoul de marneffe", "type": "author", "activity": 7, "h_index": 4, "h5_index": 0, "mag_id": "1539987722", "num_publications": 1, "num_citations": 14, "num_publications_5y": 0, "num_citations_5y": 2, "num_publications_10y": 0, "num_citations_10y": 11, "publications_years": {"2007": 1}, "citations_years": {"2007": 1, "2008": 2, "2009": 4, "2010": 0, "2011": 3, "2012": 1, "2013": 1, "2014": 0, "2015": 2}, "old_citations": {"2007": 14}, "isVisible": false}, "1927643586": {"name": "franck cappello", "type": "author", "activity": 31, "h_index": 38, "h5_index": 12, "mag_id": "1927643586", "num_publications": 1, "num_citations": 1, "num_publications_5y": 0, "num_citations_5y": 0, "num_publications_10y": 0, "num_citations_10y": 1, "publications_years": {"2008": 1}, "citations_years": {"2012": 1}, "old_citations": {"2008": 1}, "isVisible": false}, "1948362168": {"name": "cyril briquet", "type": "author", "activity": 8, "h_index": 4, "h5_index": 0, "mag_id": "1948362168", "num_publications": 1, "num_citations": 14, "num_publications_5y": 0, "num_citations_5y": 2, "num_publications_10y": 0, "num_citations_10y": 11, "publications_years": {"2007": 1}, "citations_years": {"2007": 1, "2008": 2, "2009": 4, "2010": 0, "2011": 3, "2012": 1, "2013": 1, "2014": 0, "2015": 2}, "old_citations": {"2007": 14}, "isVisible": false}, "2005093221": {"name": "james broberg", "type": "author", "activity": 8, "h_index": 8, "h5_index": 0, "mag_id": "2005093221", "num_publications": 1, "num_citations": 21, "num_publications_5y": 0, "num_citations_5y": 2, "num_publications_10y": 0, "num_citations_10y": 15, "publications_years": {"2007": 1}, "citations_years": {"2008": 6, "2009": 9, "2010": 1, "2011": 0, "2012": 2, "2013": 1, "2014": 1, "2015": 0, "2016": 1}, "old_citations": {"2007": 21}, "isVisible": false}, "2006154043": {"name": "tobias hosfeld", "type": "author", "activity": 17, "h_index": 19, "h5_index": 7, "mag_id": "2006154043", "num_publications": 1, "num_citations": 79, "num_publications_5y": 0, "num_citations_5y": 18, "num_publications_10y": 0, "num_citations_10y": 74, "publications_years": {"2007": 1}, "citations_years": {"2008": 5, "2009": 21, "2010": 10, "2011": 9, "2012": 10, "2013": 6, "2014": 7, "2015": 5, "2016": 2, "2017": 4}, "old_citations": {"2007": 79}, "isVisible": false}, "2008342642": {"name": "pedro v mauri", "type": "author", "activity": 14, "h_index": 3, "h5_index": 1, "mag_id": "2008342642", "num_publications": 1, "num_citations": 5, "num_publications_5y": 0, "num_citations_5y": 1, "num_publications_10y": 0, "num_citations_10y": 5, "publications_years": {"2008": 1}, "citations_years": {"2009": 1, "2010": 2, "2011": 1, "2012": 0, "2013": 0, "2014": 1}, "old_citations": {"2008": 5}, "isVisible": false}, "2009666554": {"name": "pierangelo veltri", "type": "author", "activity": 20, "h_index": 16, "h5_index": 7, "mag_id": "2009666554", "num_publications": 1, "num_citations": 0, "num_publications_5y": 0, "num_citations_5y": 0, "num_publications_10y": 0, "num_citations_10y": 0, "publications_years": {"2007": 1}, "citations_years": {}, "old_citations": {"2007": 0}, "isVisible": false}, "2010793091": {"name": "marios d dikaiakos", "type": "author", "activity": 30, "h_index": 21, "h5_index": 5, "mag_id": "2010793091", "num_publications": 1, "num_citations": 23, "num_publications_5y": 0, "num_citations_5y": 7, "num_publications_10y": 1, "num_citations_10y": 21, "publications_years": {"2009": 1}, "citations_years": {"2009": 3, "2010": 3, "2011": 4, "2012": 1, "2013": 3, "2014": 5, "2015": 1, "2016": 0, "2017": 0, "2018": 1, "2019": 2}, "old_citations": {"2009": 23}, "isVisible": false}, "2011471276": {"name": "vincent englebert", "type": "author", "activity": 28, "h_index": 12, "h5_index": 1, "mag_id": "2011471276", "num_publications": 1, "num_citations": 0, "num_publications_5y": 0, "num_citations_5y": 0, "num_publications_10y": 0, "num_citations_10y": 0, "publications_years": {"2007": 1}, "citations_years": {}, "old_citations": {"2007": 0}, "isVisible": false}, "2019523213": {"name": "noureddine boudriga", "type": "author", "activity": 23, "h_index": 16, "h5_index": 5, "mag_id": "2019523213", "num_publications": 1, "num_citations": 1, "num_publications_5y": 0, "num_citations_5y": 0, "num_publications_10y": 0, "num_citations_10y": 1, "publications_years": {"2008": 1}, "citations_years": {"2009": 1}, "old_citations": {"2008": 1}, "isVisible": false}, "2021431683": {"name": "pasquale rullo", "type": "author", "activity": 27, "h_index": 13, "h5_index": 2, "mag_id": "2021431683", "num_publications": 1, "num_citations": 0, "num_publications_5y": 0, "num_citations_5y": 0, "num_publications_10y": 0, "num_citations_10y": 0, "publications_years": {"2007": 1}, "citations_years": {}, "old_citations": {"2007": 0}, "isVisible": false}, "2028218870": {"name": "gilles fedak", "type": "author", "activity": 20, "h_index": 20, "h5_index": 3, "mag_id": "2028218870", "num_publications": 1, "num_citations": 1, "num_publications_5y": 0, "num_citations_5y": 0, "num_publications_10y": 0, "num_citations_10y": 1, "publications_years": {"2008": 1}, "citations_years": {"2012": 1}, "old_citations": {"2008": 1}, "isVisible": false}, "2036107477": {"name": "kolja eger", "type": "author", "activity": 5, "h_index": 7, "h5_index": 0, "mag_id": "2036107477", "num_publications": 1, "num_citations": 79, "num_publications_5y": 0, "num_citations_5y": 18, "num_publications_10y": 0, "num_citations_10y": 74, "publications_years": {"2007": 1}, "citations_years": {"2008": 5, "2009": 21, "2010": 10, "2011": 9, "2012": 10, "2013": 6, "2014": 7, "2015": 5, "2016": 2, "2017": 4}, "old_citations": {"2007": 79}, "isVisible": false}, "2044064976": {"name": "konstantinos stamos", "type": "author", "activity": 8, "h_index": 7, "h5_index": 0, "mag_id": "2044064976", "num_publications": 1, "num_citations": 23, "num_publications_5y": 0, "num_citations_5y": 7, "num_publications_10y": 1, "num_citations_10y": 21, "publications_years": {"2009": 1}, "citations_years": {"2009": 3, "2010": 3, "2011": 4, "2012": 1, "2013": 3, "2014": 5, "2015": 1, "2016": 0, "2017": 0, "2018": 1, "2019": 2}, "old_citations": {"2009": 23}, "isVisible": false}, "2054958251": {"name": "marino vaccaro", "type": "author", "activity": 6, "h_index": 2, "h5_index": 0, "mag_id": "2054958251", "num_publications": 1, "num_citations": 5, "num_publications_5y": 0, "num_citations_5y": 2, "num_publications_10y": 1, "num_citations_10y": 5, "publications_years": {"2009": 1}, "citations_years": {"2009": 1, "2010": 0, "2011": 1, "2012": 1, "2013": 0, "2014": 2}, "old_citations": {"2009": 5}, "isVisible": false}, "2063749447": {"name": "george pallis", "type": "author", "activity": 18, "h_index": 19, "h5_index": 6, "mag_id": "2063749447", "num_publications": 1, "num_citations": 23, "num_publications_5y": 0, "num_citations_5y": 7, "num_publications_10y": 1, "num_citations_10y": 21, "publications_years": {"2009": 1}, "citations_years": {"2009": 3, "2010": 3, "2011": 4, "2012": 1, "2013": 3, "2014": 5, "2015": 1, "2016": 0, "2017": 0, "2018": 1, "2019": 2}, "old_citations": {"2009": 23}, "isVisible": false}, "2071294315": {"name": "massimo ruffolo", "type": "author", "activity": 20, "h_index": 11, "h5_index": 2, "mag_id": "2071294315", "num_publications": 1, "num_citations": 3, "num_publications_5y": 0, "num_citations_5y": 0, "num_publications_10y": 0, "num_citations_10y": 3, "publications_years": {"2008": 1}, "citations_years": {"2011": 1, "2012": 2}, "old_citations": {"2008": 3}, "isVisible": false}, "2095785590": {"name": "almukaddim khan pathan", "type": "author", "activity": 2, "h_index": 3, "h5_index": 0, "mag_id": "2095785590", "num_publications": 1, "num_citations": 21, "num_publications_5y": 0, "num_citations_5y": 2, "num_publications_10y": 0, "num_citations_10y": 15, "publications_years": {"2007": 1}, "citations_years": {"2008": 6, "2009": 9, "2010": 1, "2011": 0, "2012": 2, "2013": 1, "2014": 1, "2015": 0, "2016": 1}, "old_citations": {"2007": 21}, "isVisible": false}, "2098704298": {"name": "emiliano tramontana", "type": "author", "activity": 21, "h_index": 14, "h5_index": 5, "mag_id": "2098704298", "num_publications": 1, "num_citations": 14, "num_publications_5y": 0, "num_citations_5y": 5, "num_publications_10y": 0, "num_citations_10y": 13, "publications_years": {"2007": 1}, "citations_years": {"2008": 1, "2009": 1, "2010": 5, "2011": 0, "2012": 1, "2013": 1, "2014": 1, "2015": 2, "2016": 1, "2017": 1}, "old_citations": {"2007": 14}, "isVisible": false}, "2102114424": {"name": "yoichiro ueno", "type": "author", "activity": 9, "h_index": 3, "h5_index": 0, "mag_id": "2102114424", "num_publications": 1, "num_citations": 16, "num_publications_5y": 0, "num_citations_5y": 7, "num_publications_10y": 1, "num_citations_10y": 16, "publications_years": {"2009": 1}, "citations_years": {"2010": 1, "2011": 2, "2012": 2, "2013": 4, "2014": 3, "2015": 3, "2016": 0, "2017": 0, "2018": 1}, "old_citations": {"2009": 16}, "isVisible": false}, "2109463567": {"name": "wilma russo", "type": "author", "activity": 22, "h_index": 14, "h5_index": 3, "mag_id": "2109463567", "num_publications": 1, "num_citations": 0, "num_publications_5y": 0, "num_citations_5y": 0, "num_publications_10y": 0, "num_citations_10y": 0, "publications_years": {"2008": 1}, "citations_years": {}, "old_citations": {"2008": 0}, "isVisible": false}, "2109908681": {"name": "mukaddim pathan", "type": "author", "activity": 9, "h_index": 11, "h5_index": 2, "mag_id": "2109908681", "num_publications": 1, "num_citations": 6, "num_publications_5y": 0, "num_citations_5y": 2, "num_publications_10y": 1, "num_citations_10y": 6, "publications_years": {"2009": 1}, "citations_years": {"2011": 1, "2012": 2, "2013": 1, "2014": 0, "2015": 1, "2016": 1}, "old_citations": {"2009": 6}, "isVisible": false}, "2113183749": {"name": "benjamin molina", "type": "author", "activity": 16, "h_index": 10, "h5_index": 1, "mag_id": "2113183749", "num_publications": 1, "num_citations": 13, "num_publications_5y": 0, "num_citations_5y": 2, "num_publications_10y": 0, "num_citations_10y": 12, "publications_years": {"2008": 1}, "citations_years": {"2009": 2, "2010": 1, "2011": 4, "2012": 1, "2013": 2, "2014": 0, "2015": 2, "2016": 0, "2017": 0, "2018": 0, "2019": 1}, "old_citations": {"2008": 13}, "isVisible": false}, "2123776501": {"name": "milena menna", "type": "author", "activity": 1, "h_index": 1, "h5_index": 0, "mag_id": "2123776501", "num_publications": 1, "num_citations": 14, "num_publications_5y": 0, "num_citations_5y": 5, "num_publications_10y": 0, "num_citations_10y": 11, "publications_years": {"2008": 1}, "citations_years": {"2007": 1, "2008": 1, "2009": 0, "2010": 3, "2011": 2, "2012": 0, "2013": 1, "2014": 1, "2015": 1, "2016": 0, "2017": 2, "2018": 1, "2019": 1}, "old_citations": {"2008": 14}, "isVisible": false}, "2125294483": {"name": "manuel esteve", "type": "author", "activity": 26, "h_index": 11, "h5_index": 6, "mag_id": "2125294483", "num_publications": 1, "num_citations": 13, "num_publications_5y": 0, "num_citations_5y": 2, "num_publications_10y": 0, "num_citations_10y": 12, "publications_years": {"2008": 1}, "citations_years": {"2009": 2, "2010": 1, "2011": 4, "2012": 1, "2013": 2, "2014": 0, "2015": 2, "2016": 0, "2017": 0, "2018": 0, "2019": 1}, "old_citations": {"2008": 13}, "isVisible": false}, "2125812142": {"name": "kyong hoon kim", "type": "author", "activity": 26, "h_index": 13, "h5_index": 3, "mag_id": "2125812142", "num_publications": 1, "num_citations": 21, "num_publications_5y": 0, "num_citations_5y": 2, "num_publications_10y": 0, "num_citations_10y": 15, "publications_years": {"2007": 1}, "citations_years": {"2008": 6, "2009": 9, "2010": 1, "2011": 0, "2012": 2, "2013": 1, "2014": 1, "2015": 0, "2016": 1}, "old_citations": {"2007": 21}, "isVisible": false}, "2126628808": {"name": "guangtao xue", "type": "author", "activity": 18, "h_index": 17, "h5_index": 6, "mag_id": "2126628808", "num_publications": 1, "num_citations": 20, "num_publications_5y": 0, "num_citations_5y": 4, "num_publications_10y": 0, "num_citations_10y": 19, "publications_years": {"2007": 1}, "citations_years": {"2008": 1, "2009": 5, "2010": 4, "2011": 2, "2012": 1, "2013": 3, "2014": 1, "2015": 1, "2016": 1, "2017": 0, "2018": 1}, "old_citations": {"2007": 20}, "isVisible": false}, "2130888725": {"name": "giulio giunta", "type": "author", "activity": 25, "h_index": 12, "h5_index": 6, "mag_id": "2130888725", "num_publications": 1, "num_citations": 19, "num_publications_5y": 0, "num_citations_5y": 10, "num_publications_10y": 0, "num_citations_10y": 15, "publications_years": {"2007": 1}, "citations_years": {"2007": 1, "2008": 2, "2009": 2, "2010": 1, "2011": 0, "2012": 2, "2013": 0, "2014": 0, "2015": 0, "2016": 0, "2017": 8, "2018": 2, "2019": 1}, "old_citations": {"2007": 19}, "isVisible": false}, "2133164369": {"name": "alfredo garro", "type": "author", "activity": 19, "h_index": 16, "h5_index": 6, "mag_id": "2133164369", "num_publications": 1, "num_citations": 5, "num_publications_5y": 0, "num_citations_5y": 2, "num_publications_10y": 1, "num_citations_10y": 5, "publications_years": {"2009": 1}, "citations_years": {"2009": 1, "2010": 0, "2011": 1, "2012": 1, "2013": 0, "2014": 2}, "old_citations": {"2009": 5}, "isVisible": false}, "2137310941": {"name": "lorenzo gallucci", "type": "author", "activity": 13, "h_index": 4, "h5_index": 2, "mag_id": "2137310941", "num_publications": 1, "num_citations": 0, "num_publications_5y": 0, "num_citations_5y": 0, "num_publications_10y": 0, "num_citations_10y": 0, "publications_years": {"2007": 1}, "citations_years": {}, "old_citations": {"2007": 0}, "isVisible": false}, "2143669057": {"name": "muaz a niazi", "type": "author", "activity": 15, "h_index": 12, "h5_index": 5, "mag_id": "2143669057", "num_publications": 1, "num_citations": 15, "num_publications_5y": 0, "num_citations_5y": 5, "num_publications_10y": 0, "num_citations_10y": 14, "publications_years": {"2008": 1}, "citations_years": {"2009": 3, "2010": 0, "2011": 6, "2012": 0, "2013": 0, "2014": 2, "2015": 1, "2016": 0, "2017": 2, "2018": 0, "2019": 1}, "old_citations": {"2008": 15}, "isVisible": false}, "2146282702": {"name": "minglu li", "type": "author", "activity": 24, "h_index": 35, "h5_index": 8, "mag_id": "2146282702", "num_publications": 1, "num_citations": 20, "num_publications_5y": 0, "num_citations_5y": 4, "num_publications_10y": 0, "num_citations_10y": 19, "publications_years": {"2007": 1}, "citations_years": {"2008": 1, "2009": 5, "2010": 4, "2011": 2, "2012": 1, "2013": 3, "2014": 1, "2015": 1, "2016": 1, "2017": 0, "2018": 1}, "old_citations": {"2007": 20}, "isVisible": false}, "2149986900": {"name": "shuichi suzuki", "type": "author", "activity": 8, "h_index": 3, "h5_index": 0, "mag_id": "2149986900", "num_publications": 1, "num_citations": 16, "num_publications_5y": 0, "num_citations_5y": 7, "num_publications_10y": 1, "num_citations_10y": 16, "publications_years": {"2009": 1}, "citations_years": {"2010": 1, "2011": 2, "2012": 2, "2013": 4, "2014": 3, "2015": 3, "2016": 0, "2017": 0, "2018": 1}, "old_citations": {"2009": 16}, "isVisible": false}, "2154801950": {"name": "corrado santoro", "type": "author", "activity": 23, "h_index": 17, "h5_index": 4, "mag_id": "2154801950", "num_publications": 1, "num_citations": 14, "num_publications_5y": 0, "num_citations_5y": 5, "num_publications_10y": 0, "num_citations_10y": 13, "publications_years": {"2007": 1}, "citations_years": {"2008": 1, "2009": 1, "2010": 5, "2011": 0, "2012": 1, "2013": 1, "2014": 1, "2015": 2, "2016": 1, "2017": 1}, "old_citations": {"2007": 14}, "isVisible": false}, "2157372337": {"name": "manish parashar", "type": "author", "activity": 29, "h_index": 43, "h5_index": 9, "mag_id": "2157372337", "num_publications": 1, "num_citations": 0, "num_publications_5y": 0, "num_citations_5y": 0, "num_publications_10y": 0, "num_citations_10y": 0, "publications_years": {"2008": 1}, "citations_years": {}, "old_citations": {"2008": 0}, "isVisible": false}, "2167125577": {"name": "ian taylor", "type": "author", "activity": 28, "h_index": 22, "h5_index": 7, "mag_id": "2167125577", "num_publications": 1, "num_citations": 1, "num_publications_5y": 0, "num_citations_5y": 0, "num_publications_10y": 0, "num_citations_10y": 0, "publications_years": {"2007": 1}, "citations_years": {"2008": 1}, "old_citations": {"2007": 1}, "isVisible": false}, "2212447056": {"name": "raquel lacuesta", "type": "author", "activity": 12, "h_index": 8, "h5_index": 6, "mag_id": "2212447056", "num_publications": 1, "num_citations": 20, "num_publications_5y": 0, "num_citations_5y": 4, "num_publications_10y": 1, "num_citations_10y": 19, "publications_years": {"2009": 1}, "citations_years": {"2009": 1, "2010": 4, "2011": 3, "2012": 2, "2013": 5, "2014": 0, "2015": 3, "2016": 1, "2017": 0, "2018": 0, "2019": 1}, "old_citations": {"2009": 20}, "isVisible": false}, "2219025370": {"name": "sebastien jodogne", "type": "author", "activity": 18, "h_index": 9, "h5_index": 3, "mag_id": "2219025370", "num_publications": 1, "num_citations": 14, "num_publications_5y": 0, "num_citations_5y": 2, "num_publications_10y": 0, "num_citations_10y": 11, "publications_years": {"2007": 1}, "citations_years": {"2007": 1, "2008": 2, "2009": 4, "2010": 0, "2011": 3, "2012": 1, "2013": 1, "2014": 0, "2015": 2}, "old_citations": {"2007": 14}, "isVisible": false}, "2225679087": {"name": "miguel edo", "type": "author", "activity": 3, "h_index": 3, "h5_index": 0, "mag_id": "2225679087", "num_publications": 1, "num_citations": 20, "num_publications_5y": 0, "num_citations_5y": 4, "num_publications_10y": 1, "num_citations_10y": 19, "publications_years": {"2009": 1}, "citations_years": {"2009": 1, "2010": 4, "2011": 3, "2012": 2, "2013": 5, "2014": 0, "2015": 3, "2016": 1, "2017": 0, "2018": 0, "2019": 1}, "old_citations": {"2009": 20}, "isVisible": false}, "2232566775": {"name": "vittorio leo", "type": "author", "activity": 1, "h_index": 0, "h5_index": 0, "mag_id": "2232566775", "num_publications": 1, "num_citations": 0, "num_publications_5y": 0, "num_citations_5y": 0, "num_publications_10y": 0, "num_citations_10y": 0, "publications_years": {"2008": 1}, "citations_years": {}, "old_citations": {"2008": 0}, "isVisible": false}, "2248865857": {"name": "juan r diaz", "type": "author", "activity": 16, "h_index": 6, "h5_index": 2, "mag_id": "2248865857", "num_publications": 1, "num_citations": 3, "num_publications_5y": 0, "num_citations_5y": 1, "num_publications_10y": 0, "num_citations_10y": 3, "publications_years": {"2008": 1}, "citations_years": {"2012": 1, "2013": 1, "2014": 0, "2015": 1}, "old_citations": {"2008": 3}, "isVisible": false}, "2250529950": {"name": "salvatore f pileggi", "type": "author", "activity": 14, "h_index": 6, "h5_index": 2, "mag_id": "2250529950", "num_publications": 1, "num_citations": 13, "num_publications_5y": 0, "num_citations_5y": 2, "num_publications_10y": 0, "num_citations_10y": 12, "publications_years": {"2008": 1}, "citations_years": {"2009": 2, "2010": 1, "2011": 4, "2012": 1, "2013": 2, "2014": 0, "2015": 2, "2016": 0, "2017": 0, "2018": 0, "2019": 1}, "old_citations": {"2008": 13}, "isVisible": false}, "2255977851": {"name": "guillaume pierre", "type": "author", "activity": 17, "h_index": 24, "h5_index": 0, "mag_id": "2255977851", "num_publications": 1, "num_citations": 1, "num_publications_5y": 0, "num_citations_5y": 0, "num_publications_10y": 0, "num_citations_10y": 0, "publications_years": {"2007": 1}, "citations_years": {"2007": 1}, "old_citations": {"2007": 1}, "isVisible": false}, "2307150487": {"name": "giuseppe agrillo", "type": "author", "activity": 3, "h_index": 2, "h5_index": 0, "mag_id": "2307150487", "num_publications": 1, "num_citations": 14, "num_publications_5y": 0, "num_citations_5y": 5, "num_publications_10y": 0, "num_citations_10y": 11, "publications_years": {"2008": 1}, "citations_years": {"2007": 1, "2008": 1, "2009": 0, "2010": 3, "2011": 2, "2012": 0, "2013": 1, "2014": 1, "2015": 1, "2016": 0, "2017": 2, "2018": 1, "2019": 1}, "old_citations": {"2008": 14}, "isVisible": false}, "2309646032": {"name": "manel abdelkader", "type": "author", "activity": 10, "h_index": 4, "h5_index": 0, "mag_id": "2309646032", "num_publications": 1, "num_citations": 1, "num_publications_5y": 0, "num_citations_5y": 0, "num_publications_10y": 0, "num_citations_10y": 1, "publications_years": {"2008": 1}, "citations_years": {"2009": 1}, "old_citations": {"2008": 1}, "isVisible": false}, "2312002577": {"name": "giovanni novelli", "type": "author", "activity": 2, "h_index": 2, "h5_index": 0, "mag_id": "2312002577", "num_publications": 1, "num_citations": 14, "num_publications_5y": 0, "num_citations_5y": 5, "num_publications_10y": 0, "num_citations_10y": 13, "publications_years": {"2007": 1}, "citations_years": {"2008": 1, "2009": 1, "2010": 5, "2011": 0, "2012": 1, "2013": 1, "2014": 1, "2015": 2, "2016": 1, "2017": 1}, "old_citations": {"2007": 14}, "isVisible": false}, "2331847878": {"name": "eugenio santos menendez", "type": "author", "activity": 3, "h_index": 1, "h5_index": 0, "mag_id": "2331847878", "num_publications": 1, "num_citations": 2, "num_publications_5y": 0, "num_citations_5y": 0, "num_publications_10y": 1, "num_citations_10y": 2, "publications_years": {"2009": 1}, "citations_years": {"2011": 1, "2012": 1}, "old_citations": {"2009": 2}, "isVisible": false}, "2424993826": {"name": "daniele mastrangelo", "type": "author", "activity": 1, "h_index": 1, "h5_index": 0, "mag_id": "2424993826", "num_publications": 1, "num_citations": 14, "num_publications_5y": 0, "num_citations_5y": 5, "num_publications_10y": 0, "num_citations_10y": 11, "publications_years": {"2008": 1}, "citations_years": {"2007": 1, "2008": 1, "2009": 0, "2010": 3, "2011": 2, "2012": 0, "2013": 1, "2014": 1, "2015": 1, "2016": 0, "2017": 2, "2018": 1, "2019": 1}, "old_citations": {"2008": 14}, "isVisible": false}, "2442640246": {"name": "el mostafa oualim", "type": "author", "activity": 2, "h_index": 0, "h5_index": 0, "mag_id": "2442640246", "num_publications": 1, "num_citations": 0, "num_publications_5y": 0, "num_citations_5y": 0, "num_publications_10y": 0, "num_citations_10y": 0, "publications_years": {"2007": 1}, "citations_years": {}, "old_citations": {"2007": 0}, "isVisible": false}, "2486939537": {"name": "giuseppe pappalardo", "type": "author", "activity": 28, "h_index": 18, "h5_index": 7, "mag_id": "2486939537", "num_publications": 1, "num_citations": 14, "num_publications_5y": 0, "num_citations_5y": 5, "num_publications_10y": 0, "num_citations_10y": 13, "publications_years": {"2007": 1}, "citations_years": {"2008": 1, "2009": 1, "2010": 5, "2011": 0, "2012": 1, "2013": 1, "2014": 1, "2015": 2, "2016": 1, "2017": 1}, "old_citations": {"2007": 14}, "isVisible": false}, "2497327397": {"name": "yinyuan you", "type": "author", "activity": 1, "h_index": 1, "h5_index": 0, "mag_id": "2497327397", "num_publications": 1, "num_citations": 20, "num_publications_5y": 0, "num_citations_5y": 4, "num_publications_10y": 0, "num_citations_10y": 19, "publications_years": {"2007": 1}, "citations_years": {"2008": 1, "2009": 5, "2010": 4, "2011": 2, "2012": 1, "2013": 3, "2014": 1, "2015": 1, "2016": 1, "2017": 0, "2018": 1}, "old_citations": {"2007": 20}, "isVisible": false}, "2530759020": {"name": "noriharu miyaho", "type": "author", "activity": 26, "h_index": 7, "h5_index": 1, "mag_id": "2530759020", "num_publications": 1, "num_citations": 16, "num_publications_5y": 0, "num_citations_5y": 7, "num_publications_10y": 1, "num_citations_10y": 16, "publications_years": {"2009": 1}, "citations_years": {"2010": 1, "2011": 2, "2012": 2, "2013": 4, "2014": 3, "2015": 3, "2016": 0, "2017": 0, "2018": 1}, "old_citations": {"2009": 16}, "isVisible": false}, "2601205634": {"name": "haiwu he", "type": "author", "activity": 13, "h_index": 6, "h5_index": 2, "mag_id": "2601205634", "num_publications": 1, "num_citations": 1, "num_publications_5y": 0, "num_citations_5y": 0, "num_publications_10y": 0, "num_citations_10y": 1, "publications_years": {"2008": 1}, "citations_years": {"2012": 1}, "old_citations": {"2008": 1}, "isVisible": false}, "2618390456": {"name": "yi jiang", "type": "author", "activity": 2, "h_index": 3, "h5_index": 0, "mag_id": "2618390456", "num_publications": 1, "num_citations": 20, "num_publications_5y": 0, "num_citations_5y": 4, "num_publications_10y": 0, "num_citations_10y": 19, "publications_years": {"2007": 1}, "citations_years": {"2008": 1, "2009": 5, "2010": 4, "2011": 2, "2012": 1, "2013": 3, "2014": 1, "2015": 1, "2016": 1, "2017": 0, "2018": 1}, "old_citations": {"2007": 20}, "isVisible": false}, "2619424837": {"name": "a riccio", "type": "author", "activity": 21, "h_index": 6, "h5_index": 3, "mag_id": "2619424837", "num_publications": 1, "num_citations": 19, "num_publications_5y": 0, "num_citations_5y": 10, "num_publications_10y": 0, "num_citations_10y": 15, "publications_years": {"2007": 1}, "citations_years": {"2007": 1, "2008": 2, "2009": 2, "2010": 1, "2011": 0, "2012": 2, "2013": 0, "2014": 0, "2015": 0, "2016": 0, "2017": 8, "2018": 2, "2019": 1}, "old_citations": {"2007": 19}, "isVisible": false}, "2658413452": {"name": "abraham gutierrez rodriguez", "type": "author", "activity": 1, "h_index": 1, "h5_index": 0, "mag_id": "2658413452", "num_publications": 1, "num_citations": 2, "num_publications_5y": 0, "num_citations_5y": 0, "num_publications_10y": 1, "num_citations_10y": 2, "publications_years": {"2009": 1}, "citations_years": {"2011": 1, "2012": 1}, "old_citations": {"2009": 2}, "isVisible": false}, "2690567487": {"name": "jesus martinez barbero", "type": "author", "activity": 5, "h_index": 2, "h5_index": 0, "mag_id": "2690567487", "num_publications": 1, "num_citations": 2, "num_publications_5y": 0, "num_citations_5y": 0, "num_publications_10y": 1, "num_citations_10y": 2, "publications_years": {"2009": 1}, "citations_years": {"2011": 1, "2012": 1}, "old_citations": {"2009": 2}, "isVisible": false}, "2691826686": {"name": "mouna skouri", "type": "author", "activity": 1, "h_index": 1, "h5_index": 0, "mag_id": "2691826686", "num_publications": 1, "num_citations": 1, "num_publications_5y": 0, "num_citations_5y": 0, "num_publications_10y": 0, "num_citations_10y": 1, "publications_years": {"2008": 1}, "citations_years": {"2009": 1}, "old_citations": {"2008": 1}, "isVisible": false}, "2703367985": {"name": "oscar martinezbonastre", "type": "author", "activity": 1, "h_index": 0, "h5_index": 0, "mag_id": "2703367985", "num_publications": 1, "num_citations": 0, "num_publications_5y": 0, "num_citations_5y": 0, "num_publications_10y": 1, "num_citations_10y": 0, "publications_years": {"2009": 1}, "citations_years": {}, "old_citations": {"2009": 0}, "isVisible": false}, "2792556445": {"name": "j p vigneron", "type": "author", "activity": 2, "h_index": 0, "h5_index": 0, "mag_id": "2792556445", "num_publications": 1, "num_citations": 0, "num_publications_5y": 0, "num_citations_5y": 0, "num_publications_10y": 0, "num_citations_10y": 0, "publications_years": {"2007": 1}, "citations_years": {}, "old_citations": {"2007": 0}, "isVisible": false}, "2986190913": {"name": "wilma russo", "type": "author", "activity": 29, "h_index": 11, "h5_index": 7, "mag_id": "2986190913", "num_publications": 1, "num_citations": 5, "num_publications_5y": 0, "num_citations_5y": 2, "num_publications_10y": 1, "num_citations_10y": 5, "publications_years": {"2009": 1}, "citations_years": {"2009": 1, "2010": 0, "2011": 1, "2012": 1, "2013": 0, "2014": 2}, "old_citations": {"2009": 5}, "isVisible": false}}, "countries": {"Italy": {"name": "Italy", "type": "country", "h5_index": 94, "num_publications": 9, "num_citations": 67, "num_publications_5y": 0, "num_citations_5y": 24, "num_publications_10y": 2, "num_citations_10y": 56, "publications_years": {"2009": 2, "2008": 3, "2007": 4}, "citations_years": {"2009": 4, "2010": 12, "2011": 5, "2012": 8, "2013": 3, "2014": 4, "2015": 4, "2016": 2, "2007": 2, "2008": 7, "2017": 11, "2018": 3, "2019": 2}, "old_citations": {"2009": 11, "2008": 18, "2007": 38}, "isVisible": false}, "India": {"name": "India", "type": "country", "h5_index": 78, "num_publications": 4, "num_citations": 12, "num_publications_5y": 0, "num_citations_5y": 2, "num_publications_10y": 1, "num_citations_10y": 9, "publications_years": {"2009": 1, "2008": 1, "2007": 2}, "citations_years": {"2011": 1, "2012": 2, "2013": 1, "2014": 0, "2015": 1, "2016": 1, "2010": 3, "2008": 3, "2009": 0}, "old_citations": {"2009": 6, "2008": 1, "2007": 5}, "isVisible": false}, "Spain": {"name": "Spain", "type": "country", "h5_index": 91, "num_publications": 4, "num_citations": 35, "num_publications_5y": 0, "num_citations_5y": 6, "num_publications_10y": 3, "num_citations_10y": 33, "publications_years": {"2009": 3, "2008": 1}, "citations_years": {"2011": 8, "2012": 4, "2009": 3, "2010": 5, "2013": 7, "2014": 0, "2015": 5, "2016": 1, "2017": 0, "2018": 0, "2019": 2}, "old_citations": {"2009": 22, "2008": 13}, "isVisible": false}, "Australia": {"name": "Australia", "type": "country", "h5_index": 141, "num_publications": 2, "num_citations": 27, "num_publications_5y": 0, "num_citations_5y": 4, "num_publications_10y": 1, "num_citations_10y": 21, "publications_years": {"2009": 1, "2007": 1}, "citations_years": {"2011": 1, "2012": 4, "2013": 2, "2014": 1, "2015": 1, "2016": 2, "2008": 6, "2009": 9, "2010": 1}, "old_citations": {"2009": 6, "2007": 21}, "isVisible": false}, "Germany": {"name": "Germany", "type": "country", "h5_index": 139, "num_publications": 2, "num_citations": 79, "num_publications_5y": 0, "num_citations_5y": 18, "num_publications_10y": 1, "num_citations_10y": 74, "publications_years": {"2009": 1, "2007": 1}, "citations_years": {"2008": 5, "2009": 21, "2010": 10, "2011": 9, "2012": 10, "2013": 6, "2014": 7, "2015": 5, "2016": 2, "2017": 4}, "old_citations": {"2009": 0, "2007": 79}, "isVisible": false}, "Greece": {"name": "Greece", "type": "country", "h5_index": 57, "num_publications": 2, "num_citations": 29, "num_publications_5y": 0, "num_citations_5y": 9, "num_publications_10y": 2, "num_citations_10y": 27, "publications_years": {"2009": 2}, "citations_years": {"2011": 5, "2012": 3, "2013": 4, "2014": 5, "2015": 2, "2016": 1, "2009": 3, "2010": 3, "2017": 0, "2018": 1, "2019": 2}, "old_citations": {"2009": 29}, "isVisible": false}, "United States": {"name": "United States", "type": "country", "h5_index": 308, "num_publications": 2, "num_citations": 1, "num_publications_5y": 0, "num_citations_5y": 0, "num_publications_10y": 0, "num_citations_10y": 0, "publications_years": {"2008": 1, "2007": 1}, "citations_years": {"2008": 1}, "old_citations": {"2008": 0, "2007": 1}, "isVisible": false}, "Belgium": {"name": "Belgium", "type": "country", "h5_index": 72, "num_publications": 1, "num_citations": 14, "num_publications_5y": 0, "num_citations_5y": 2, "num_publications_10y": 0, "num_citations_10y": 11, "publications_years": {"2007": 1}, "citations_years": {"2007": 1, "2008": 2, "2009": 4, "2010": 0, "2011": 3, "2012": 1, "2013": 1, "2014": 0, "2015": 2}, "old_citations": {"2007": 14}, "isVisible": false}, "China": {"name": "China", "type": "country", "h5_index": 214, "num_publications": 1, "num_citations": 20, "num_publications_5y": 0, "num_citations_5y": 4, "num_publications_10y": 0, "num_citations_10y": 19, "publications_years": {"2007": 1}, "citations_years": {"2008": 1, "2009": 5, "2010": 4, "2011": 2, "2012": 1, "2013": 3, "2014": 1, "2015": 1, "2016": 1, "2017": 0, "2018": 1}, "old_citations": {"2007": 20}, "isVisible": false}, "Cyprus": {"name": "Cyprus", "type": "country", "h5_index": 29, "num_publications": 1, "num_citations": 23, "num_publications_5y": 0, "num_citations_5y": 7, "num_publications_10y": 1, "num_citations_10y": 21, "publications_years": {"2009": 1}, "citations_years": {"2009": 3, "2010": 3, "2011": 4, "2012": 1, "2013": 3, "2014": 5, "2015": 1, "2016": 0, "2017": 0, "2018": 1, "2019": 2}, "old_citations": {"2009": 23}, "isVisible": false}, "France": {"name": "France", "type": "country", "h5_index": 99, "num_publications": 1, "num_citations": 1, "num_publications_5y": 0, "num_citations_5y": 0, "num_publications_10y": 0, "num_citations_10y": 1, "publications_years": {"2008": 1}, "citations_years": {"2012": 1}, "old_citations": {"2008": 1}, "isVisible": false}, "Japan": {"name": "Japan", "type": "country", "h5_index": 94, "num_publications": 1, "num_citations": 16, "num_publications_5y": 0, "num_citations_5y": 7, "num_publications_10y": 1, "num_citations_10y": 16, "publications_years": {"2009": 1}, "citations_years": {"2010": 1, "2011": 2, "2012": 2, "2013": 4, "2014": 3, "2015": 3, "2016": 0, "2017": 0, "2018": 1}, "old_citations": {"2009": 16}, "isVisible": false}, "Netherlands": {"name": "Netherlands", "type": "country", "h5_index": 91, "num_publications": 1, "num_citations": 1, "num_publications_5y": 0, "num_citations_5y": 0, "num_publications_10y": 0, "num_citations_10y": 0, "publications_years": {"2007": 1}, "citations_years": {"2007": 1}, "old_citations": {"2007": 1}, "isVisible": false}, "New Zealand": {"name": "New Zealand", "type": "country", "h5_index": 49, "num_publications": 1, "num_citations": 21, "num_publications_5y": 0, "num_citations_5y": 2, "num_publications_10y": 0, "num_citations_10y": 15, "publications_years": {"2007": 1}, "citations_years": {"2008": 6, "2009": 9, "2010": 1, "2011": 0, "2012": 2, "2013": 1, "2014": 1, "2015": 0, "2016": 1}, "old_citations": {"2007": 21}, "isVisible": false}, "Pakistan": {"name": "Pakistan", "type": "country", "h5_index": 49, "num_publications": 1, "num_citations": 15, "num_publications_5y": 0, "num_citations_5y": 5, "num_publications_10y": 0, "num_citations_10y": 14, "publications_years": {"2008": 1}, "citations_years": {"2009": 3, "2010": 0, "2011": 6, "2012": 0, "2013": 0, "2014": 2, "2015": 1, "2016": 0, "2017": 2, "2018": 0, "2019": 1}, "old_citations": {"2008": 15}, "isVisible": false}}}, "conference_comparison": {"computer science": {}}, "topics_dna": {"publications": {}, "citations": {"normalized": {}, "average": {}}}, "info": {"num_publications": 31, "num_citations": 302.0, "impact_factor": {"2009": 2.130434782608696}, "publications_years": {"2007": 12, "2008": 11, "2009": 8}, "citations_years": {"2007": 4, "2008": 22, "2009": 54, "2010": 38, "2011": 40, "2012": 31, "2013": 29, "2014": 24, "2015": 23, "2016": 7, "2017": 17, "2018": 6, "2019": 7}, "old_citations": {"2007": 174, "2008": 56, "2009": 72}, "h5_index": 0}, "percentile": {"computer science": {"2007": 89, "2008": 72, "2009": 82}}, "conference_ranking": {"computer science": {"2007": 464, "2008": 1173, "2009": 750}}, "academia": {"num_publications": 21, "num_citations": 280, "publications_years": {"2007": 9, "2008": 5, "2009": 7}, "old_citations": {"2007": 169, "2008": 45, "2009": 66}, "num_publications_5y": 0, "num_citations_5y": 0, "num_publications_10y": 0, "num_citations_10y": 0}, "industry": {"num_publications": 0, "num_citations": 0, "publications_years": {}, "old_citations": {}, "num_publications_5y": 0, "num_citations_5y": 0, "num_publications_10y": 0, "num_citations_10y": 0}, "collaborative": {"num_publications": 0, "num_citations": 0, "publications_years": {}, "old_citations": {}, "num_publications_5y": 0, "num_citations_5y": 0, "num_publications_10y": 0, "num_citations_10y": 0}, "conferences": {}, "journals": {}, "organizations": {"publication_overall": ["University of Calabria", "Indian Council of Agricultural Research", "Universitat Polit\u00e8cnica de Val\u00e8ncia", "Aristotle University of Thessaloniki", "University of Melbourne", "University of Naples Federico II", "Foundation University Islamabad", "French Institute for Research in Computer Science and Automation", "Hamburg University of Technology", "Louisiana State University", "Ludwig Maximilian University of Munich", "Rutgers, The State University of New Jersey", "Shanghai Jiao Tong University", "Technical University of Madrid", "Tokyo Denki University", "University of Catania", "University of Cyprus", "University of Li\u00e8ge", "University of W\u00fcrzburg", "University of Zaragoza", "VU Amsterdam", "Victoria University of Wellington"], "citation_overall": ["Hamburg University of Technology", "University of W\u00fcrzburg", "Universitat Polit\u00e8cnica de Val\u00e8ncia", "University of Naples Federico II", "Aristotle University of Thessaloniki", "University of Melbourne", "University of Cyprus", "Victoria University of Wellington", "Shanghai Jiao Tong University", "University of Calabria", "University of Zaragoza", "Tokyo Denki University", "Foundation University Islamabad", "University of Catania", "University of Li\u00e8ge", "Indian Council of Agricultural Research", "Technical University of Madrid", "French Institute for Research in Computer Science and Automation", "Louisiana State University", "VU Amsterdam", "Ludwig Maximilian University of Munich", "Rutgers, The State University of New Jersey"], "publication_10_years": [], "citation_10_years": [], "publication_5_years": [], "citation_5_years": []}, "countries": {"publication_overall": ["Italy", "India", "Spain", "Australia", "Germany", "Greece", "United States", "Belgium", "China", "Cyprus", "France", "Japan", "Netherlands", "New Zealand", "Pakistan"], "citation_overall": ["Germany", "Italy", "Spain", "Greece", "Australia", "Cyprus", "New Zealand", "China", "Japan", "Pakistan", "Belgium", "India", "France", "Netherlands", "United States"], "publication_10_years": [], "citation_10_years": [], "publication_5_years": [], "citation_5_years": []}, "topics": {"publication_overall": ["computer science", "computer systems", "distributed computer systems", "computer networks", "internet", "telecommunication systems", "communication systems", "telecommunication networks", "wireless telecommunication systems", "data communication systems", "bandwidth", "peer-to-peer", "computer hardware", "multicasts", "telecommunication traffic", "artificial intelligence", "distributed systems", "parallel processing systems", "grid computing", "internet protocols"], "citation_overall": ["computer science", "computer systems", "internet", "computer networks", "telecommunication systems", "data communication systems", "telecommunication networks", "distributed computer systems", "bandwidth", "communication systems", "wireless telecommunication systems", "peer-to-peer", "multicasts", "computer hardware", "telecommunication traffic", "internet protocols", "sensors", "quality of service", "communication channels (information theory)", "mobile telecommunication systems"], "publication_10_years": [], "citation_10_years": [], "publication_5_years": [], "citation_5_years": []}, "main_topics": ["computer science"], "authors": {"publication_overall": ["2075460159", "2100944573", "2272976469", "221986634", "1976489361", "2045559396", "2068766974", "2168797577", "2264363730", "2311738068", "2411898361", "3821842", "73899405", "78494421", "90458358", "98373048", "146717607", "165026917", "175023952", "228259660", "264409909", "296833268", "320462900", "710552392", "737083156", "1539987722", "1927643586", "1948362168", "2005093221", "2006154043", "2008342642", "2009666554", "2010793091", "2011471276", "2019523213", "2021431683", "2028218870", "2036107477", "2044064976", "2054958251", "2063749447", "2071294315", "2095785590", "2098704298", "2102114424", "2109463567", "2109908681", "2113183749", "2123776501", "2125294483", "2125812142", "2126628808", "2130888725", "2133164369", "2137310941", "2143669057", "2146282702", "2149986900", "2154801950", "2157372337", "2167125577", "2212447056", "2219025370", "2225679087", "2232566775", "2248865857", "2250529950", "2255977851", "2307150487", "2309646032", "2312002577", "2331847878", "2424993826", "2442640246", "2486939537", "2497327397", "2530759020", "2601205634", "2618390456", "2619424837", "2658413452", "2690567487", "2691826686", "2703367985", "2792556445", "2986190913"], "citation_overall": ["73899405", "165026917", "2006154043", "2036107477", "2411898361", "2045559396", "2100944573", "2272976469", "2010793091", "2044064976", "2063749447", "710552392", "737083156", "2005093221", "2095785590", "2125812142", "2126628808", "2146282702", "2212447056", "2225679087", "2497327397", "2618390456", "2130888725", "2619424837", "2102114424", "2149986900", "2530759020", "2143669057", "228259660", "1539987722", "1948362168", "2098704298", "2123776501", "2154801950", "2219025370", "2307150487", "2312002577", "2424993826", "2486939537", "2113183749", "2125294483", "2168797577", "2250529950", "2068766974", "2075460159", "1976489361", "2264363730", "2311738068", "2109908681", "320462900", "2008342642", "2054958251", "2133164369", "2986190913", "2071294315", "2248865857", "2331847878", "2658413452", "2690567487", "3821842", "221986634", "1927643586", "2019523213", "2028218870", "2167125577", "2255977851", "2309646032", "2601205634", "2691826686", "78494421", "90458358", "98373048", "146717607", "175023952", "264409909", "296833268", "2009666554", "2011471276", "2021431683", "2109463567", "2137310941", "2157372337", "2232566775", "2442640246", "2703367985", "2792556445"], "publication_10_years": [], "citation_10_years": [], "publication_5_years": [], "citation_5_years": []}, "industrial_sectors": {"publication_overall": [], "citation_overall": [], "publication_10_years": [], "citation_10_years": [], "publication_5_years": [], "citation_5_years": []}}