{"name": "IEEE Grenoble Conference", "acronym": "IEEE-GC", "type": "conference", "uniqueEntities": {"organizations": {"University of Li\u00e8ge": {"name": "University of Li\u00e8ge", "type": "organization", "organization_type": "Education", "h_index": 70, "h5_index": 21, "num_publications": 2, "num_citations": 13, "num_publications_5y": 0, "num_citations_5y": 10, "num_publications_10y": 2, "num_citations_10y": 11, "publications_years": {"2013": 2}, "citations_years": {"2016": 1, "2017": 2, "2018": 2, "2019": 2, "2013": 1, "2014": 3, "2015": 2}, "old_citations": {"2013": 13}, "isVisible": false}, "\u00c9cole Normale Sup\u00e9rieure": {"name": "\u00c9cole Normale Sup\u00e9rieure", "type": "organization", "organization_type": "Other", "h_index": 189, "h5_index": 38, "num_publications": 2, "num_citations": 28, "num_publications_5y": 0, "num_citations_5y": 20, "num_publications_10y": 2, "num_citations_10y": 20, "publications_years": {"2013": 2}, "citations_years": {"2014": 2, "2015": 3, "2016": 4, "2017": 5, "2018": 6, "2019": 7, "2020": 1}, "old_citations": {"2013": 28}, "isVisible": false}, "Aalto University": {"name": "Aalto University", "type": "organization", "organization_type": "Education", "h_index": 101, "h5_index": 49, "num_publications": 1, "num_citations": 5, "num_publications_5y": 0, "num_citations_5y": 2, "num_publications_10y": 1, "num_citations_10y": 3, "publications_years": {"2013": 1}, "citations_years": {"2013": 1, "2014": 1, "2015": 0, "2016": 1, "2017": 0, "2018": 0, "2019": 2}, "old_citations": {"2013": 5}, "isVisible": false}, "Alstom (France)": {"name": "Alstom (France)", "type": "organization", "organization_type": "Company", "h_index": 26, "h5_index": 6, "num_publications": 1, "num_citations": 4, "num_publications_5y": 0, "num_citations_5y": 3, "num_publications_10y": 1, "num_citations_10y": 3, "publications_years": {"2013": 1}, "citations_years": {"2018": 3, "2019": 1}, "old_citations": {"2013": 4}, "isVisible": false}, "Aristotle University of Thessaloniki": {"name": "Aristotle University of Thessaloniki", "type": "organization", "organization_type": "Education", "h_index": 93, "h5_index": 34, "num_publications": 1, "num_citations": 0, "num_publications_5y": 0, "num_citations_5y": 0, "num_publications_10y": 1, "num_citations_10y": 0, "publications_years": {"2013": 1}, "citations_years": {}, "old_citations": {"2013": 0}, "isVisible": false}, "College of New Jersey": {"name": "College of New Jersey", "type": "organization", "organization_type": "Education", "h_index": 25, "h5_index": 7, "num_publications": 1, "num_citations": 0, "num_publications_5y": 0, "num_citations_5y": 0, "num_publications_10y": 1, "num_citations_10y": 0, "publications_years": {"2013": 1}, "citations_years": {}, "old_citations": {"2013": 0}, "isVisible": false}, "Comillas Pontifical University": {"name": "Comillas Pontifical University", "type": "organization", "organization_type": "Education", "h_index": 17, "h5_index": 7, "num_publications": 1, "num_citations": 1, "num_publications_5y": 0, "num_citations_5y": 1, "num_publications_10y": 1, "num_citations_10y": 1, "publications_years": {"2013": 1}, "citations_years": {"2014": 1}, "old_citations": {"2013": 1}, "isVisible": false}, "Enel (Italy)": {"name": "Enel (Italy)", "type": "organization", "organization_type": "Company", "h_index": 15, "h5_index": 4, "num_publications": 1, "num_citations": 0, "num_publications_5y": 0, "num_citations_5y": 0, "num_publications_10y": 1, "num_citations_10y": 0, "publications_years": {"2013": 1}, "citations_years": {}, "old_citations": {"2013": 0}, "isVisible": false}, "Imperial College London": {"name": "Imperial College London", "type": "organization", "organization_type": "Education", "h_index": 180, "h5_index": 75, "num_publications": 1, "num_citations": 6, "num_publications_5y": 0, "num_citations_5y": 5, "num_publications_10y": 1, "num_citations_10y": 6, "publications_years": {"2013": 1}, "citations_years": {"2013": 1, "2014": 3, "2015": 2}, "old_citations": {"2013": 6}, "isVisible": false}, "KU Leuven": {"name": "KU Leuven", "type": "organization", "organization_type": "Education", "h_index": 183, "h5_index": 52, "num_publications": 1, "num_citations": 2, "num_publications_5y": 0, "num_citations_5y": 2, "num_publications_10y": 1, "num_citations_10y": 2, "publications_years": {"2013": 1}, "citations_years": {"2016": 1, "2017": 1}, "old_citations": {"2013": 2}, "isVisible": false}, "Norwegian University of Science and Technology": {"name": "Norwegian University of Science and Technology", "type": "organization", "organization_type": "Education", "h_index": 101, "h5_index": 35, "num_publications": 1, "num_citations": 16, "num_publications_5y": 0, "num_citations_5y": 12, "num_publications_10y": 1, "num_citations_10y": 13, "publications_years": {"2013": 1}, "citations_years": {"2013": 1, "2014": 1, "2015": 5, "2016": 0, "2017": 3, "2018": 3, "2019": 3}, "old_citations": {"2013": 16}, "isVisible": false}, "RWTH Aachen University": {"name": "RWTH Aachen University", "type": "organization", "organization_type": "Education", "h_index": 144, "h5_index": 43, "num_publications": 1, "num_citations": 0, "num_publications_5y": 0, "num_citations_5y": 0, "num_publications_10y": 1, "num_citations_10y": 0, "publications_years": {"2013": 1}, "citations_years": {}, "old_citations": {"2013": 0}, "isVisible": false}, "Rensselaer Polytechnic Institute": {"name": "Rensselaer Polytechnic Institute", "type": "organization", "organization_type": "Education", "h_index": 147, "h5_index": 28, "num_publications": 1, "num_citations": 7, "num_publications_5y": 0, "num_citations_5y": 4, "num_publications_10y": 1, "num_citations_10y": 6, "publications_years": {"2013": 1}, "citations_years": {"2013": 2, "2014": 2, "2015": 0, "2016": 1, "2017": 0, "2018": 1, "2019": 1}, "old_citations": {"2013": 7}, "isVisible": false}, "Royal Institute of Technology": {"name": "Royal Institute of Technology", "type": "organization", "organization_type": "Education", "h_index": 120, "h5_index": 45, "num_publications": 1, "num_citations": 3, "num_publications_5y": 0, "num_citations_5y": 2, "num_publications_10y": 1, "num_citations_10y": 2, "publications_years": {"2013": 1}, "citations_years": {"2014": 2, "2015": 0, "2016": 0, "2017": 0, "2018": 0, "2019": 1}, "old_citations": {"2013": 3}, "isVisible": false}, "SINTEF": {"name": "SINTEF", "type": "organization", "organization_type": "Facility", "h_index": 69, "h5_index": 19, "num_publications": 1, "num_citations": 0, "num_publications_5y": 0, "num_citations_5y": 0, "num_publications_10y": 1, "num_citations_10y": 0, "publications_years": {"2013": 1}, "citations_years": {}, "old_citations": {"2013": 0}, "isVisible": false}, "Sao Paulo State University": {"name": "Sao Paulo State University", "type": "organization", "organization_type": "Education", "h_index": 38, "h5_index": 18, "num_publications": 1, "num_citations": 7, "num_publications_5y": 0, "num_citations_5y": 5, "num_publications_10y": 1, "num_citations_10y": 6, "publications_years": {"2013": 1}, "citations_years": {"2013": 1, "2014": 0, "2015": 1, "2016": 2, "2017": 1, "2018": 1, "2019": 1}, "old_citations": {"2013": 7}, "isVisible": false}, "Universidade Federal de Minas Gerais": {"name": "Universidade Federal de Minas Gerais", "type": "organization", "organization_type": "Education", "h_index": 78, "h5_index": 31, "num_publications": 1, "num_citations": 1, "num_publications_5y": 0, "num_citations_5y": 1, "num_publications_10y": 1, "num_citations_10y": 1, "publications_years": {"2013": 1}, "citations_years": {"2015": 1}, "old_citations": {"2013": 1}, "isVisible": false}, "University of Manchester": {"name": "University of Manchester", "type": "organization", "organization_type": "Education", "h_index": 171, "h5_index": 38, "num_publications": 1, "num_citations": 0, "num_publications_5y": 0, "num_citations_5y": 0, "num_publications_10y": 1, "num_citations_10y": 0, "publications_years": {"2013": 1}, "citations_years": {}, "old_citations": {"2013": 10}, "isVisible": false}, "University of the Basque Country": {"name": "University of the Basque Country", "type": "organization", "organization_type": "Education", "h_index": 70, "h5_index": 25, "num_publications": 1, "num_citations": 1, "num_publications_5y": 0, "num_citations_5y": 1, "num_publications_10y": 1, "num_citations_10y": 1, "publications_years": {"2013": 1}, "citations_years": {"2017": 1}, "old_citations": {"2013": 1}, "isVisible": false}}, "topics": {"computer science": {"name": "computer science", "type": "topic", "h_index": 1779, "h5_index": 416, "num_publications": 31, "num_citations": 175, "num_publications_5y": 0, "num_citations_5y": 138, "num_publications_10y": 31, "num_citations_10y": 150, "publications_years": {"2013": 31}, "citations_years": {"2014": 25, "2015": 30, "2016": 27, "2017": 25, "2018": 31, "2019": 21, "2020": 4, "2013": 12}, "old_citations": {"2013": 185}, "isVisible": false}, "computer systems": {"name": "computer systems", "type": "topic", "h_index": 1595, "h5_index": 367, "num_publications": 25, "num_citations": 170, "num_publications_5y": 0, "num_citations_5y": 134, "num_publications_10y": 25, "num_citations_10y": 146, "publications_years": {"2013": 25}, "citations_years": {"2014": 24, "2015": 29, "2016": 26, "2017": 24, "2018": 31, "2019": 21, "2020": 3, "2013": 12}, "old_citations": {"2013": 180}, "isVisible": false}, "computer networks": {"name": "computer networks", "type": "topic", "h_index": 1262, "h5_index": 332, "num_publications": 22, "num_citations": 168, "num_publications_5y": 0, "num_citations_5y": 132, "num_publications_10y": 22, "num_citations_10y": 144, "publications_years": {"2013": 22}, "citations_years": {"2014": 23, "2015": 29, "2016": 26, "2017": 23, "2018": 31, "2019": 21, "2020": 3, "2013": 12}, "old_citations": {"2013": 168}, "isVisible": false}, "artificial intelligence": {"name": "artificial intelligence", "type": "topic", "h_index": 1421, "h5_index": 373, "num_publications": 19, "num_citations": 88, "num_publications_5y": 0, "num_citations_5y": 67, "num_publications_10y": 19, "num_citations_10y": 72, "publications_years": {"2013": 19}, "citations_years": {"2018": 19, "2019": 12, "2020": 4, "2015": 12, "2014": 9, "2016": 15, "2017": 12, "2013": 5}, "old_citations": {"2013": 98}, "isVisible": false}, "telecommunication systems": {"name": "telecommunication systems", "type": "topic", "h_index": 1187, "h5_index": 277, "num_publications": 19, "num_citations": 163, "num_publications_5y": 0, "num_citations_5y": 130, "num_publications_10y": 19, "num_citations_10y": 141, "publications_years": {"2013": 19}, "citations_years": {"2014": 22, "2015": 29, "2016": 25, "2017": 23, "2018": 31, "2019": 19, "2020": 3, "2013": 11}, "old_citations": {"2013": 163}, "isVisible": false}, "mathematics": {"name": "mathematics", "type": "topic", "h_index": 1364, "h5_index": 300, "num_publications": 18, "num_citations": 52, "num_publications_5y": 0, "num_citations_5y": 37, "num_publications_10y": 18, "num_citations_10y": 43, "publications_years": {"2013": 18}, "citations_years": {"2018": 6, "2019": 7, "2020": 2, "2015": 10, "2017": 6, "2016": 6, "2013": 6, "2014": 9}, "old_citations": {"2013": 62}, "isVisible": false}, "communication systems": {"name": "communication systems", "type": "topic", "h_index": 1092, "h5_index": 254, "num_publications": 17, "num_citations": 150, "num_publications_5y": 0, "num_citations_5y": 123, "num_publications_10y": 17, "num_citations_10y": 129, "publications_years": {"2013": 17}, "citations_years": {"2014": 20, "2015": 26, "2016": 23, "2017": 23, "2018": 31, "2019": 19, "2020": 2, "2013": 6}, "old_citations": {"2013": 150}, "isVisible": false}, "wireless telecommunication systems": {"name": "wireless telecommunication systems", "type": "topic", "h_index": 1087, "h5_index": 254, "num_publications": 17, "num_citations": 150, "num_publications_5y": 0, "num_citations_5y": 123, "num_publications_10y": 17, "num_citations_10y": 129, "publications_years": {"2013": 17}, "citations_years": {"2014": 20, "2015": 26, "2016": 23, "2017": 23, "2018": 31, "2019": 19, "2020": 2, "2013": 6}, "old_citations": {"2013": 150}, "isVisible": false}, "computer hardware": {"name": "computer hardware", "type": "topic", "h_index": 1150, "h5_index": 279, "num_publications": 15, "num_citations": 122, "num_publications_5y": 0, "num_citations_5y": 99, "num_publications_10y": 15, "num_citations_10y": 105, "publications_years": {"2013": 15}, "citations_years": {"2014": 18, "2015": 26, "2016": 15, "2017": 19, "2018": 21, "2019": 16, "2013": 6, "2020": 1}, "old_citations": {"2013": 122}, "isVisible": false}, "engineering": {"name": "engineering", "type": "topic", "h_index": 1177, "h5_index": 287, "num_publications": 13, "num_citations": 67, "num_publications_5y": 0, "num_citations_5y": 54, "num_publications_10y": 13, "num_citations_10y": 58, "publications_years": {"2013": 13}, "citations_years": {"2014": 10, "2015": 12, "2016": 10, "2017": 9, "2018": 13, "2019": 8, "2020": 1, "2013": 4}, "old_citations": {"2013": 67}, "isVisible": false}, "electricity": {"name": "electricity", "type": "topic", "h_index": 643, "h5_index": 148, "num_publications": 11, "num_citations": 59, "num_publications_5y": 0, "num_citations_5y": 48, "num_publications_10y": 11, "num_citations_10y": 51, "publications_years": {"2013": 11}, "citations_years": {"2014": 9, "2015": 11, "2016": 8, "2017": 8, "2018": 12, "2019": 7, "2020": 1, "2013": 3}, "old_citations": {"2013": 59}, "isVisible": false}, "local area networks": {"name": "local area networks", "type": "topic", "h_index": 677, "h5_index": 151, "num_publications": 11, "num_citations": 98, "num_publications_5y": 0, "num_citations_5y": 84, "num_publications_10y": 11, "num_citations_10y": 88, "publications_years": {"2013": 11}, "citations_years": {"2014": 14, "2015": 15, "2016": 18, "2017": 15, "2018": 22, "2019": 9, "2020": 1, "2013": 4}, "old_citations": {"2013": 98}, "isVisible": false}, "distributed computer systems": {"name": "distributed computer systems", "type": "topic", "h_index": 985, "h5_index": 228, "num_publications": 10, "num_citations": 107, "num_publications_5y": 0, "num_citations_5y": 87, "num_publications_10y": 10, "num_citations_10y": 90, "publications_years": {"2013": 10}, "citations_years": {"2014": 14, "2015": 22, "2016": 14, "2017": 18, "2018": 19, "2019": 16, "2013": 3, "2020": 1}, "old_citations": {"2013": 107}, "isVisible": false}, "distribution systems": {"name": "distribution systems", "type": "topic", "h_index": 200, "h5_index": 64, "num_publications": 10, "num_citations": 56, "num_publications_5y": 0, "num_citations_5y": 44, "num_publications_10y": 10, "num_citations_10y": 47, "publications_years": {"2013": 10}, "citations_years": {"2014": 7, "2015": 5, "2016": 10, "2017": 7, "2018": 15, "2019": 8, "2020": 1, "2013": 3}, "old_citations": {"2013": 56}, "isVisible": false}, "economics": {"name": "economics", "type": "topic", "h_index": 583, "h5_index": 144, "num_publications": 10, "num_citations": 57, "num_publications_5y": 0, "num_citations_5y": 41, "num_publications_10y": 10, "num_citations_10y": 43, "publications_years": {"2013": 10}, "citations_years": {"2014": 7, "2015": 7, "2016": 6, "2017": 7, "2018": 14, "2019": 12, "2020": 2, "2013": 2}, "old_citations": {"2013": 57}, "isVisible": false}, "sensors": {"name": "sensors", "type": "topic", "h_index": 960, "h5_index": 229, "num_publications": 10, "num_citations": 85, "num_publications_5y": 0, "num_citations_5y": 73, "num_publications_10y": 10, "num_citations_10y": 77, "publications_years": {"2013": 10}, "citations_years": {"2014": 13, "2015": 23, "2016": 10, "2017": 13, "2018": 14, "2019": 8, "2013": 4}, "old_citations": {"2013": 85}, "isVisible": false}, "telecommunication networks": {"name": "telecommunication networks", "type": "topic", "h_index": 1116, "h5_index": 258, "num_publications": 10, "num_citations": 78, "num_publications_5y": 0, "num_citations_5y": 65, "num_publications_10y": 10, "num_citations_10y": 71, "publications_years": {"2013": 10}, "citations_years": {"2014": 11, "2015": 18, "2016": 12, "2017": 12, "2018": 12, "2019": 6, "2013": 6, "2020": 1}, "old_citations": {"2013": 78}, "isVisible": false}, "bayesian networks": {"name": "bayesian networks", "type": "topic", "h_index": 548, "h5_index": 144, "num_publications": 9, "num_citations": 78, "num_publications_5y": 0, "num_citations_5y": 58, "num_publications_10y": 9, "num_citations_10y": 63, "publications_years": {"2013": 9}, "citations_years": {"2018": 19, "2019": 12, "2020": 3, "2015": 10, "2014": 7, "2016": 12, "2017": 10, "2013": 5}, "old_citations": {"2013": 78}, "isVisible": false}, "commerce": {"name": "commerce", "type": "topic", "h_index": 443, "h5_index": 129, "num_publications": 9, "num_citations": 57, "num_publications_5y": 0, "num_citations_5y": 41, "num_publications_10y": 9, "num_citations_10y": 43, "publications_years": {"2013": 9}, "citations_years": {"2014": 7, "2015": 7, "2016": 6, "2017": 7, "2018": 14, "2019": 12, "2020": 2, "2013": 2}, "old_citations": {"2013": 57}, "isVisible": false}, "correlation analysis": {"name": "correlation analysis", "type": "topic", "h_index": 1044, "h5_index": 224, "num_publications": 9, "num_citations": 15, "num_publications_5y": 0, "num_citations_5y": 10, "num_publications_10y": 9, "num_citations_10y": 12, "publications_years": {"2013": 9}, "citations_years": {"2015": 3, "2017": 1, "2018": 0, "2019": 2, "2020": 1, "2016": 2, "2013": 2, "2014": 4}, "old_citations": {"2013": 15}, "isVisible": false}, "distributed parameter networks": {"name": "distributed parameter networks", "type": "topic", "h_index": 227, "h5_index": 46, "num_publications": 9, "num_citations": 78, "num_publications_5y": 0, "num_citations_5y": 58, "num_publications_10y": 9, "num_citations_10y": 63, "publications_years": {"2013": 9}, "citations_years": {"2018": 19, "2019": 12, "2020": 3, "2015": 10, "2014": 7, "2016": 12, "2017": 10, "2013": 5}, "old_citations": {"2013": 78}, "isVisible": false}, "distribution network": {"name": "distribution network", "type": "topic", "h_index": 145, "h5_index": 35, "num_publications": 9, "num_citations": 78, "num_publications_5y": 0, "num_citations_5y": 58, "num_publications_10y": 9, "num_citations_10y": 63, "publications_years": {"2013": 9}, "citations_years": {"2018": 19, "2019": 12, "2020": 3, "2015": 10, "2014": 7, "2016": 12, "2017": 10, "2013": 5}, "old_citations": {"2013": 78}, "isVisible": false}, "inference engines": {"name": "inference engines", "type": "topic", "h_index": 490, "h5_index": 136, "num_publications": 9, "num_citations": 78, "num_publications_5y": 0, "num_citations_5y": 58, "num_publications_10y": 9, "num_citations_10y": 63, "publications_years": {"2013": 9}, "citations_years": {"2018": 19, "2019": 12, "2020": 3, "2015": 10, "2014": 7, "2016": 12, "2017": 10, "2013": 5}, "old_citations": {"2013": 78}, "isVisible": false}, "microprocessor chips": {"name": "microprocessor chips", "type": "topic", "h_index": 744, "h5_index": 175, "num_publications": 6, "num_citations": 73, "num_publications_5y": 0, "num_citations_5y": 63, "num_publications_10y": 6, "num_citations_10y": 64, "publications_years": {"2013": 6}, "citations_years": {"2013": 1, "2014": 10, "2015": 14, "2016": 12, "2017": 14, "2018": 13, "2019": 8, "2020": 1}, "old_citations": {"2013": 73}, "isVisible": false}, "bandwidth": {"name": "bandwidth", "type": "topic", "h_index": 922, "h5_index": 201, "num_publications": 7, "num_citations": 70, "num_publications_5y": 0, "num_citations_5y": 60, "num_publications_10y": 7, "num_citations_10y": 64, "publications_years": {"2013": 7}, "citations_years": {"2014": 12, "2015": 17, "2016": 9, "2017": 11, "2018": 11, "2019": 6, "2013": 4}, "old_citations": {"2013": 70}, "isVisible": false}, "distributed systems": {"name": "distributed systems", "type": "topic", "h_index": 859, "h5_index": 209, "num_publications": 9, "num_citations": 65, "num_publications_5y": 0, "num_citations_5y": 47, "num_publications_10y": 9, "num_citations_10y": 49, "publications_years": {"2013": 9}, "citations_years": {"2014": 7, "2015": 12, "2016": 6, "2017": 10, "2018": 12, "2019": 15, "2020": 1, "2013": 2}, "old_citations": {"2013": 65}, "isVisible": false}}, "authors": {"227669401": {"name": "stefan kilyeni", "type": "author", "activity": 14, "h_index": 5, "h5_index": 1, "mag_id": "227669401", "num_publications": 2, "num_citations": 1, "num_publications_5y": 0, "num_citations_5y": 1, "num_publications_10y": 2, "num_citations_10y": 1, "publications_years": {"2013": 2}, "citations_years": {"2016": 1}, "old_citations": {"2013": 1}, "isVisible": false}, "436857911": {"name": "constantin barbulescu", "type": "author", "activity": 15, "h_index": 6, "h5_index": 1, "mag_id": "436857911", "num_publications": 2, "num_citations": 1, "num_publications_5y": 0, "num_citations_5y": 1, "num_publications_10y": 2, "num_citations_10y": 1, "publications_years": {"2013": 2}, "citations_years": {"2016": 1}, "old_citations": {"2013": 1}, "isVisible": false}, "1981517227": {"name": "thierry van cutsem", "type": "author", "activity": 29, "h_index": 11, "h5_index": 3, "mag_id": "1981517227", "num_publications": 2, "num_citations": 13, "num_publications_5y": 0, "num_citations_5y": 10, "num_publications_10y": 2, "num_citations_10y": 11, "publications_years": {"2013": 2}, "citations_years": {"2016": 1, "2017": 2, "2018": 2, "2019": 2, "2013": 1, "2014": 3, "2015": 2}, "old_citations": {"2013": 13}, "isVisible": false}, "1991062479": {"name": "rachid cherkaoui", "type": "author", "activity": 25, "h_index": 7, "h5_index": 2, "mag_id": "1991062479", "num_publications": 2, "num_citations": 28, "num_publications_5y": 0, "num_citations_5y": 20, "num_publications_10y": 2, "num_citations_10y": 20, "publications_years": {"2013": 2}, "citations_years": {"2014": 2, "2015": 3, "2016": 4, "2017": 5, "2018": 6, "2019": 7, "2020": 1}, "old_citations": {"2013": 28}, "isVisible": false}, "2038199457": {"name": "petros aristidou", "type": "author", "activity": 10, "h_index": 6, "h5_index": 4, "mag_id": "2038199457", "num_publications": 2, "num_citations": 13, "num_publications_5y": 0, "num_citations_5y": 10, "num_publications_10y": 2, "num_citations_10y": 11, "publications_years": {"2013": 2}, "citations_years": {"2016": 1, "2017": 2, "2018": 2, "2019": 2, "2013": 1, "2014": 3, "2015": 2}, "old_citations": {"2013": 13}, "isVisible": false}, "2097575619": {"name": "attila simo", "type": "author", "activity": 11, "h_index": 3, "h5_index": 0, "mag_id": "2097575619", "num_publications": 2, "num_citations": 1, "num_publications_5y": 0, "num_citations_5y": 1, "num_publications_10y": 2, "num_citations_10y": 1, "publications_years": {"2013": 2}, "citations_years": {"2016": 1}, "old_citations": {"2013": 1}, "isVisible": false}, "2154518293": {"name": "pedro faria", "type": "author", "activity": 12, "h_index": 10, "h5_index": 4, "mag_id": "2154518293", "num_publications": 2, "num_citations": 10, "num_publications_5y": 0, "num_citations_5y": 8, "num_publications_10y": 2, "num_citations_10y": 8, "publications_years": {"2013": 2}, "citations_years": {"2015": 4, "2016": 0, "2017": 1, "2018": 3, "2019": 2}, "old_citations": {"2013": 10}, "isVisible": false}, "2309716867": {"name": "zita vale", "type": "author", "activity": 29, "h_index": 20, "h5_index": 9, "mag_id": "2309716867", "num_publications": 2, "num_citations": 10, "num_publications_5y": 0, "num_citations_5y": 8, "num_publications_10y": 2, "num_citations_10y": 8, "publications_years": {"2013": 2}, "citations_years": {"2015": 4, "2016": 0, "2017": 1, "2018": 3, "2019": 2}, "old_citations": {"2013": 10}, "isVisible": false}, "253644049": {"name": "raluca schiopu", "type": "author", "activity": 3, "h_index": 0, "h5_index": 0, "mag_id": "253644049", "num_publications": 1, "num_citations": 0, "num_publications_5y": 0, "num_citations_5y": 0, "num_publications_10y": 1, "num_citations_10y": 0, "publications_years": {"2013": 1}, "citations_years": {}, "old_citations": {"2013": 0}, "isVisible": false}, "269971128": {"name": "jairo quirostortos", "type": "author", "activity": 5, "h_index": 5, "h5_index": 5, "mag_id": "269971128", "num_publications": 1, "num_citations": 0, "num_publications_5y": 0, "num_citations_5y": 0, "num_publications_10y": 1, "num_citations_10y": 0, "publications_years": {"2013": 1}, "citations_years": {}, "old_citations": {"2013": 10}, "isVisible": false}, "362541128": {"name": "ioannis p panapakidis", "type": "author", "activity": 7, "h_index": 3, "h5_index": 2, "mag_id": "362541128", "num_publications": 1, "num_citations": 0, "num_publications_5y": 0, "num_citations_5y": 0, "num_publications_10y": 1, "num_citations_10y": 0, "publications_years": {"2013": 1}, "citations_years": {}, "old_citations": {"2013": 0}, "isVisible": false}, "724943421": {"name": "denis sidorov", "type": "author", "activity": 19, "h_index": 6, "h5_index": 4, "mag_id": "724943421", "num_publications": 1, "num_citations": 3, "num_publications_5y": 0, "num_citations_5y": 3, "num_publications_10y": 1, "num_citations_10y": 3, "publications_years": {"2013": 1}, "citations_years": {"2014": 1, "2015": 1, "2016": 1}, "old_citations": {"2013": 3}, "isVisible": false}, "1225158242": {"name": "luigi vanfretti", "type": "author", "activity": 14, "h_index": 12, "h5_index": 5, "mag_id": "1225158242", "num_publications": 1, "num_citations": 42, "num_publications_5y": 0, "num_citations_5y": 40, "num_publications_10y": 1, "num_citations_10y": 41, "publications_years": {"2013": 1}, "citations_years": {"2013": 1, "2014": 7, "2015": 10, "2016": 8, "2017": 8, "2018": 7, "2019": 1}, "old_citations": {"2013": 42}, "isVisible": false}, "1861113362": {"name": "denis sallin", "type": "author", "activity": 3, "h_index": 3, "h5_index": 0, "mag_id": "1861113362", "num_publications": 1, "num_citations": 0, "num_publications_5y": 0, "num_citations_5y": 0, "num_publications_10y": 1, "num_citations_10y": 0, "publications_years": {"2013": 1}, "citations_years": {}, "old_citations": {"2013": 0}, "isVisible": false}, "1911708666": {"name": "ferdinanda ponci", "type": "author", "activity": 20, "h_index": 10, "h5_index": 5, "mag_id": "1911708666", "num_publications": 1, "num_citations": 0, "num_publications_5y": 0, "num_citations_5y": 0, "num_publications_10y": 1, "num_citations_10y": 0, "publications_years": {"2013": 1}, "citations_years": {}, "old_citations": {"2013": 0}, "isVisible": false}, "1948203414": {"name": "pedro sanchezmartin", "type": "author", "activity": 16, "h_index": 1, "h5_index": 0, "mag_id": "1948203414", "num_publications": 1, "num_citations": 1, "num_publications_5y": 0, "num_citations_5y": 1, "num_publications_10y": 1, "num_citations_10y": 1, "publications_years": {"2013": 1}, "citations_years": {"2014": 1}, "old_citations": {"2013": 1}, "isVisible": false}, "1975947869": {"name": "peter schegner", "type": "author", "activity": 19, "h_index": 6, "h5_index": 2, "mag_id": "1975947869", "num_publications": 1, "num_citations": 14, "num_publications_5y": 0, "num_citations_5y": 14, "num_publications_10y": 1, "num_citations_10y": 14, "publications_years": {"2013": 1}, "citations_years": {"2014": 3, "2015": 0, "2016": 5, "2017": 2, "2018": 4}, "old_citations": {"2013": 14}, "isVisible": false}, "1976347986": {"name": "sam weckx", "type": "author", "activity": 1, "h_index": 1, "h5_index": 0, "mag_id": "1976347986", "num_publications": 1, "num_citations": 2, "num_publications_5y": 0, "num_citations_5y": 2, "num_publications_10y": 1, "num_citations_10y": 2, "publications_years": {"2013": 1}, "citations_years": {"2016": 1, "2017": 1}, "old_citations": {"2013": 2}, "isVisible": false}, "1986501051": {"name": "osvaldo r saavedra", "type": "author", "activity": 26, "h_index": 5, "h5_index": 1, "mag_id": "1986501051", "num_publications": 1, "num_citations": 0, "num_publications_5y": 0, "num_citations_5y": 0, "num_publications_10y": 1, "num_citations_10y": 0, "publications_years": {"2013": 1}, "citations_years": {}, "old_citations": {"2013": 0}, "isVisible": false}, "1987157597": {"name": "johan driesen", "type": "author", "activity": 22, "h_index": 13, "h5_index": 3, "mag_id": "1987157597", "num_publications": 1, "num_citations": 2, "num_publications_5y": 0, "num_citations_5y": 2, "num_publications_10y": 1, "num_citations_10y": 2, "publications_years": {"2013": 1}, "citations_years": {"2016": 1, "2017": 1}, "old_citations": {"2013": 2}, "isVisible": false}, "1991111616": {"name": "m biserica", "type": "author", "activity": 1, "h_index": 1, "h5_index": 0, "mag_id": "1991111616", "num_publications": 1, "num_citations": 4, "num_publications_5y": 0, "num_citations_5y": 3, "num_publications_10y": 1, "num_citations_10y": 3, "publications_years": {"2013": 1}, "citations_years": {"2018": 3, "2019": 1}, "old_citations": {"2013": 4}, "isVisible": false}, "1992195777": {"name": "lars norum", "type": "author", "activity": 11, "h_index": 4, "h5_index": 2, "mag_id": "1992195777", "num_publications": 1, "num_citations": 16, "num_publications_5y": 0, "num_citations_5y": 12, "num_publications_10y": 1, "num_citations_10y": 13, "publications_years": {"2013": 1}, "citations_years": {"2013": 1, "2014": 1, "2015": 5, "2016": 0, "2017": 3, "2018": 3, "2019": 3}, "old_citations": {"2013": 16}, "isVisible": false}, "1994942064": {"name": "hans ivar skjelbred", "type": "author", "activity": 6, "h_index": 2, "h5_index": 2, "mag_id": "1994942064", "num_publications": 1, "num_citations": 0, "num_publications_5y": 0, "num_citations_5y": 0, "num_publications_10y": 1, "num_citations_10y": 0, "publications_years": {"2013": 1}, "citations_years": {}, "old_citations": {"2013": 0}, "isVisible": false}, "2000497599": {"name": "mario paolone", "type": "author", "activity": 19, "h_index": 13, "h5_index": 5, "mag_id": "2000497599", "num_publications": 1, "num_citations": 28, "num_publications_5y": 0, "num_citations_5y": 20, "num_publications_10y": 1, "num_citations_10y": 20, "publications_years": {"2013": 1}, "citations_years": {"2014": 2, "2015": 3, "2016": 4, "2017": 5, "2018": 6, "2019": 7, "2020": 1}, "old_citations": {"2013": 28}, "isVisible": false}, "2003053077": {"name": "wadaed uturbey", "type": "author", "activity": 16, "h_index": 2, "h5_index": 0, "mag_id": "2003053077", "num_publications": 1, "num_citations": 1, "num_publications_5y": 0, "num_citations_5y": 1, "num_publications_10y": 1, "num_citations_10y": 1, "publications_years": {"2013": 1}, "citations_years": {"2015": 1}, "old_citations": {"2013": 1}, "isVisible": false}, "2011512050": {"name": "theodoros kyriakidis", "type": "author", "activity": 3, "h_index": 3, "h5_index": 0, "mag_id": "2011512050", "num_publications": 1, "num_citations": 0, "num_publications_5y": 0, "num_citations_5y": 0, "num_publications_10y": 1, "num_citations_10y": 0, "publications_years": {"2013": 1}, "citations_years": {}, "old_citations": {"2013": 0}, "isVisible": false}, "2015371424": {"name": "vadim spiryaev", "type": "author", "activity": 9, "h_index": 3, "h5_index": 0, "mag_id": "2015371424", "num_publications": 1, "num_citations": 3, "num_publications_5y": 0, "num_citations_5y": 3, "num_publications_10y": 1, "num_citations_10y": 3, "publications_years": {"2013": 1}, "citations_years": {"2014": 1, "2015": 1, "2016": 1}, "old_citations": {"2013": 3}, "isVisible": false}, "2015592671": {"name": "anthony s deese", "type": "author", "activity": 14, "h_index": 7, "h5_index": 2, "mag_id": "2015592671", "num_publications": 1, "num_citations": 0, "num_publications_5y": 0, "num_citations_5y": 0, "num_publications_10y": 1, "num_citations_10y": 0, "publications_years": {"2013": 1}, "citations_years": {}, "old_citations": {"2013": 0}, "isVisible": false}, "2019742068": {"name": "vedran s peric", "type": "author", "activity": 5, "h_index": 2, "h5_index": 1, "mag_id": "2019742068", "num_publications": 1, "num_citations": 42, "num_publications_5y": 0, "num_citations_5y": 40, "num_publications_10y": 1, "num_citations_10y": 41, "publications_years": {"2013": 1}, "citations_years": {"2013": 1, "2014": 7, "2015": 10, "2016": 8, "2017": 8, "2018": 7, "2019": 1}, "old_citations": {"2013": 42}, "isVisible": false}, "2021115168": {"name": "antheia deacu", "type": "author", "activity": 6, "h_index": 2, "h5_index": 1, "mag_id": "2021115168", "num_publications": 1, "num_citations": 0, "num_publications_5y": 0, "num_citations_5y": 0, "num_publications_10y": 1, "num_citations_10y": 0, "publications_years": {"2013": 1}, "citations_years": {}, "old_citations": {"2013": 0}, "isVisible": false}, "2037636963": {"name": "grigoris k papagiannis", "type": "author", "activity": 18, "h_index": 5, "h5_index": 3, "mag_id": "2037636963", "num_publications": 1, "num_citations": 0, "num_publications_5y": 0, "num_citations_5y": 0, "num_publications_10y": 1, "num_citations_10y": 0, "publications_years": {"2013": 1}, "citations_years": {}, "old_citations": {"2013": 0}, "isVisible": false}, "2040834078": {"name": "carlos a coello coello", "type": "author", "activity": 27, "h_index": 55, "h5_index": 8, "mag_id": "2040834078", "num_publications": 1, "num_citations": 2, "num_publications_5y": 0, "num_citations_5y": 1, "num_publications_10y": 1, "num_citations_10y": 1, "publications_years": {"2013": 1}, "citations_years": {"2017": 1, "2018": 0, "2019": 0, "2020": 1}, "old_citations": {"2013": 2}, "isVisible": false}, "2049705408": {"name": "victor kurbatsky", "type": "author", "activity": 8, "h_index": 2, "h5_index": 2, "mag_id": "2049705408", "num_publications": 1, "num_citations": 3, "num_publications_5y": 0, "num_citations_5y": 3, "num_publications_10y": 1, "num_citations_10y": 3, "publications_years": {"2013": 1}, "citations_years": {"2014": 1, "2015": 1, "2016": 1}, "old_citations": {"2013": 3}, "isVisible": false}, "2052537116": {"name": "jeanchristophe passelergue", "type": "author", "activity": 3, "h_index": 1, "h5_index": 0, "mag_id": "2052537116", "num_publications": 1, "num_citations": 4, "num_publications_5y": 0, "num_citations_5y": 3, "num_publications_10y": 1, "num_citations_10y": 3, "publications_years": {"2013": 1}, "citations_years": {"2018": 3, "2019": 1}, "old_citations": {"2013": 4}, "isVisible": false}, "2053720372": {"name": "florin solomonesc", "type": "author", "activity": 3, "h_index": 2, "h5_index": 0, "mag_id": "2053720372", "num_publications": 1, "num_citations": 1, "num_publications_5y": 0, "num_citations_5y": 1, "num_publications_10y": 1, "num_citations_10y": 1, "publications_years": {"2013": 1}, "citations_years": {"2016": 1}, "old_citations": {"2013": 1}, "isVisible": false}, "2054231148": {"name": "minas c alexiadis", "type": "author", "activity": 3, "h_index": 2, "h5_index": 0, "mag_id": "2054231148", "num_publications": 1, "num_citations": 0, "num_publications_5y": 0, "num_citations_5y": 0, "num_publications_10y": 1, "num_citations_10y": 0, "publications_years": {"2013": 1}, "citations_years": {}, "old_citations": {"2013": 0}, "isVisible": false}, "2061319974": {"name": "j o gjerde", "type": "author", "activity": 7, "h_index": 1, "h5_index": 0, "mag_id": "2061319974", "num_publications": 1, "num_citations": 42, "num_publications_5y": 0, "num_citations_5y": 40, "num_publications_10y": 1, "num_citations_10y": 41, "publications_years": {"2013": 1}, "citations_years": {"2013": 1, "2014": 7, "2015": 10, "2016": 8, "2017": 8, "2018": 7, "2019": 1}, "old_citations": {"2013": 42}, "isVisible": false}, "2062217133": {"name": "maher kayal", "type": "author", "activity": 30, "h_index": 16, "h5_index": 2, "mag_id": "2062217133", "num_publications": 1, "num_citations": 0, "num_publications_5y": 0, "num_citations_5y": 0, "num_publications_10y": 1, "num_citations_10y": 0, "publications_years": {"2013": 1}, "citations_years": {}, "old_citations": {"2013": 0}, "isVisible": false}, "2071687265": {"name": "nikita tomin", "type": "author", "activity": 10, "h_index": 5, "h5_index": 2, "mag_id": "2071687265", "num_publications": 1, "num_citations": 3, "num_publications_5y": 0, "num_citations_5y": 3, "num_publications_10y": 1, "num_citations_10y": 3, "publications_years": {"2013": 1}, "citations_years": {"2014": 1, "2015": 1, "2016": 1}, "old_citations": {"2013": 3}, "isVisible": false}, "2073310699": {"name": "a v timbus", "type": "author", "activity": 4, "h_index": 1, "h5_index": 0, "mag_id": "2073310699", "num_publications": 1, "num_citations": 0, "num_publications_5y": 0, "num_citations_5y": 0, "num_publications_10y": 1, "num_citations_10y": 0, "publications_years": {"2013": 1}, "citations_years": {}, "old_citations": {"2013": 0}, "isVisible": false}, "2084043828": {"name": "marius cornoiu", "type": "author", "activity": 1, "h_index": 1, "h5_index": 0, "mag_id": "2084043828", "num_publications": 1, "num_citations": 1, "num_publications_5y": 0, "num_citations_5y": 1, "num_publications_10y": 1, "num_citations_10y": 1, "publications_years": {"2013": 1}, "citations_years": {"2016": 1}, "old_citations": {"2013": 1}, "isVisible": false}, "2093975554": {"name": "vemund halmo aarstrand", "type": "author", "activity": 1, "h_index": 1, "h5_index": 0, "mag_id": "2093975554", "num_publications": 1, "num_citations": 42, "num_publications_5y": 0, "num_citations_5y": 40, "num_publications_10y": 1, "num_citations_10y": 41, "publications_years": {"2013": 1}, "citations_years": {"2013": 1, "2014": 7, "2015": 10, "2016": 8, "2017": 8, "2018": 7, "2019": 1}, "old_citations": {"2013": 42}, "isVisible": false}, "2103813711": {"name": "thais de fatima araujo", "type": "author", "activity": 3, "h_index": 1, "h5_index": 0, "mag_id": "2103813711", "num_publications": 1, "num_citations": 1, "num_publications_5y": 0, "num_citations_5y": 1, "num_publications_10y": 1, "num_citations_10y": 1, "publications_years": {"2013": 1}, "citations_years": {"2015": 1}, "old_citations": {"2013": 1}, "isVisible": false}, "2106997828": {"name": "guillaume foggia", "type": "author", "activity": 3, "h_index": 1, "h5_index": 0, "mag_id": "2106997828", "num_publications": 1, "num_citations": 4, "num_publications_5y": 0, "num_citations_5y": 3, "num_publications_10y": 1, "num_citations_10y": 3, "publications_years": {"2013": 1}, "citations_years": {"2018": 3, "2019": 1}, "old_citations": {"2013": 4}, "isVisible": false}, "2107111618": {"name": "arshad saleem", "type": "author", "activity": 14, "h_index": 5, "h5_index": 0, "mag_id": "2107111618", "num_publications": 1, "num_citations": 3, "num_publications_5y": 0, "num_citations_5y": 2, "num_publications_10y": 1, "num_citations_10y": 2, "publications_years": {"2013": 1}, "citations_years": {"2014": 2, "2015": 0, "2016": 0, "2017": 0, "2018": 0, "2019": 1}, "old_citations": {"2013": 3}, "isVisible": false}, "2108433407": {"name": "kanali togawa", "type": "author", "activity": 5, "h_index": 2, "h5_index": 1, "mag_id": "2108433407", "num_publications": 1, "num_citations": 0, "num_publications_5y": 0, "num_citations_5y": 0, "num_publications_10y": 1, "num_citations_10y": 0, "publications_years": {"2013": 1}, "citations_years": {}, "old_citations": {"2013": 0}, "isVisible": false}, "2108449888": {"name": "jose ignacio munoz", "type": "author", "activity": 6, "h_index": 2, "h5_index": 1, "mag_id": "2108449888", "num_publications": 1, "num_citations": 7, "num_publications_5y": 0, "num_citations_5y": 5, "num_publications_10y": 1, "num_citations_10y": 6, "publications_years": {"2013": 1}, "citations_years": {"2013": 1, "2014": 0, "2015": 1, "2016": 2, "2017": 1, "2018": 1, "2019": 1}, "old_citations": {"2013": 7}, "isVisible": false}, "2111056629": {"name": "mostafa nick", "type": "author", "activity": 9, "h_index": 2, "h5_index": 1, "mag_id": "2111056629", "num_publications": 1, "num_citations": 28, "num_publications_5y": 0, "num_citations_5y": 20, "num_publications_10y": 1, "num_citations_10y": 20, "publications_years": {"2013": 1}, "citations_years": {"2014": 2, "2015": 3, "2016": 4, "2017": 5, "2018": 6, "2019": 7, "2020": 1}, "old_citations": {"2013": 28}, "isVisible": false}, "2113392366": {"name": "dan cristian", "type": "author", "activity": 4, "h_index": 2, "h5_index": 0, "mag_id": "2113392366", "num_publications": 1, "num_citations": 1, "num_publications_5y": 0, "num_citations_5y": 1, "num_publications_10y": 1, "num_citations_10y": 1, "publications_years": {"2013": 1}, "citations_years": {"2016": 1}, "old_citations": {"2013": 1}, "isVisible": false}, "2115049101": {"name": "ira nagel", "type": "author", "activity": 7, "h_index": 5, "h5_index": 0, "mag_id": "2115049101", "num_publications": 1, "num_citations": 0, "num_publications_5y": 0, "num_citations_5y": 0, "num_publications_10y": 1, "num_citations_10y": 0, "publications_years": {"2013": 1}, "citations_years": {}, "old_citations": {"2013": 0}, "isVisible": false}, "2121187635": {"name": "miguel a medina", "type": "author", "activity": 8, "h_index": 4, "h5_index": 0, "mag_id": "2121187635", "num_publications": 1, "num_citations": 2, "num_publications_5y": 0, "num_citations_5y": 1, "num_publications_10y": 1, "num_citations_10y": 1, "publications_years": {"2013": 1}, "citations_years": {"2017": 1, "2018": 0, "2019": 0, "2020": 1}, "old_citations": {"2013": 2}, "isVisible": false}, "2129150197": {"name": "cosmin oros", "type": "author", "activity": 4, "h_index": 0, "h5_index": 0, "mag_id": "2129150197", "num_publications": 1, "num_citations": 0, "num_publications_5y": 0, "num_citations_5y": 0, "num_publications_10y": 1, "num_citations_10y": 0, "publications_years": {"2013": 1}, "citations_years": {}, "old_citations": {"2013": 0}, "isVisible": false}, "2132630423": {"name": "pablo eguia lopez", "type": "author", "activity": 7, "h_index": 1, "h5_index": 1, "mag_id": "2132630423", "num_publications": 1, "num_citations": 1, "num_publications_5y": 0, "num_citations_5y": 1, "num_publications_10y": 1, "num_citations_10y": 1, "publications_years": {"2013": 1}, "citations_years": {"2017": 1}, "old_citations": {"2013": 1}, "isVisible": false}, "2137684768": {"name": "esther torres iglesias", "type": "author", "activity": 3, "h_index": 1, "h5_index": 0, "mag_id": "2137684768", "num_publications": 1, "num_citations": 1, "num_publications_5y": 0, "num_citations_5y": 1, "num_publications_10y": 1, "num_citations_10y": 1, "publications_years": {"2013": 1}, "citations_years": {"2017": 1}, "old_citations": {"2013": 1}, "isVisible": false}, "2140499680": {"name": "vladimir terzija", "type": "author", "activity": 29, "h_index": 10, "h5_index": 4, "mag_id": "2140499680", "num_publications": 1, "num_citations": 0, "num_publications_5y": 0, "num_citations_5y": 0, "num_publications_10y": 1, "num_citations_10y": 0, "publications_years": {"2013": 1}, "citations_years": {}, "old_citations": {"2013": 10}, "isVisible": false}, "2141657466": {"name": "laurent fabre", "type": "author", "activity": 8, "h_index": 5, "h5_index": 0, "mag_id": "2141657466", "num_publications": 1, "num_citations": 0, "num_publications_5y": 0, "num_citations_5y": 0, "num_publications_10y": 1, "num_citations_10y": 0, "publications_years": {"2013": 1}, "citations_years": {}, "old_citations": {"2013": 0}, "isVisible": false}, "2148861113": {"name": "guillaume lanz", "type": "author", "activity": 5, "h_index": 3, "h5_index": 0, "mag_id": "2148861113", "num_publications": 1, "num_citations": 0, "num_publications_5y": 0, "num_citations_5y": 0, "num_publications_10y": 1, "num_citations_10y": 0, "publications_years": {"2013": 1}, "citations_years": {}, "old_citations": {"2013": 0}, "isVisible": false}, "2152624007": {"name": "junjie tang", "type": "author", "activity": 7, "h_index": 1, "h5_index": 1, "mag_id": "2152624007", "num_publications": 1, "num_citations": 0, "num_publications_5y": 0, "num_citations_5y": 0, "num_publications_10y": 1, "num_citations_10y": 0, "publications_years": {"2013": 1}, "citations_years": {}, "old_citations": {"2013": 0}, "isVisible": false}, "2161451432": {"name": "javier contreras sanz", "type": "author", "activity": 5, "h_index": 1, "h5_index": 0, "mag_id": "2161451432", "num_publications": 1, "num_citations": 7, "num_publications_5y": 0, "num_citations_5y": 5, "num_publications_10y": 1, "num_citations_10y": 6, "publications_years": {"2013": 1}, "citations_years": {"2013": 1, "2014": 0, "2015": 1, "2016": 2, "2017": 1, "2018": 1, "2019": 1}, "old_citations": {"2013": 7}, "isVisible": false}, "2168587130": {"name": "hugo morais", "type": "author", "activity": 13, "h_index": 13, "h5_index": 4, "mag_id": "2168587130", "num_publications": 1, "num_citations": 1, "num_publications_5y": 0, "num_citations_5y": 1, "num_publications_10y": 1, "num_citations_10y": 1, "publications_years": {"2013": 1}, "citations_years": {"2015": 1}, "old_citations": {"2013": 1}, "isVisible": false}, "2169177658": {"name": "lars nordstrom", "type": "author", "activity": 14, "h_index": 9, "h5_index": 2, "mag_id": "2169177658", "num_publications": 1, "num_citations": 3, "num_publications_5y": 0, "num_citations_5y": 2, "num_publications_10y": 1, "num_citations_10y": 2, "publications_years": {"2013": 1}, "citations_years": {"2014": 2, "2015": 0, "2016": 0, "2017": 0, "2018": 0, "2019": 1}, "old_citations": {"2013": 3}, "isVisible": false}, "2205757028": {"name": "davide fabozzi", "type": "author", "activity": 4, "h_index": 5, "h5_index": 0, "mag_id": "2205757028", "num_publications": 1, "num_citations": 6, "num_publications_5y": 0, "num_citations_5y": 5, "num_publications_10y": 1, "num_citations_10y": 6, "publications_years": {"2013": 1}, "citations_years": {"2013": 1, "2014": 3, "2015": 2}, "old_citations": {"2013": 6}, "isVisible": false}, "2222431560": {"name": "jeanlouis bergerand", "type": "author", "activity": 1, "h_index": 1, "h5_index": 0, "mag_id": "2222431560", "num_publications": 1, "num_citations": 2, "num_publications_5y": 0, "num_citations_5y": 1, "num_publications_10y": 1, "num_citations_10y": 1, "publications_years": {"2013": 1}, "citations_years": {"2018": 1, "2019": 0, "2020": 1}, "old_citations": {"2013": 2}, "isVisible": false}, "2222693815": {"name": "haarla liisa", "type": "author", "activity": 1, "h_index": 1, "h5_index": 0, "mag_id": "2222693815", "num_publications": 1, "num_citations": 5, "num_publications_5y": 0, "num_citations_5y": 2, "num_publications_10y": 1, "num_citations_10y": 3, "publications_years": {"2013": 1}, "citations_years": {"2013": 1, "2014": 1, "2015": 0, "2016": 1, "2017": 0, "2018": 0, "2019": 2}, "old_citations": {"2013": 5}, "isVisible": false}, "2223431553": {"name": "antonio alberdialen", "type": "author", "activity": 1, "h_index": 1, "h5_index": 0, "mag_id": "2223431553", "num_publications": 1, "num_citations": 1, "num_publications_5y": 0, "num_citations_5y": 1, "num_publications_10y": 1, "num_citations_10y": 1, "publications_years": {"2013": 1}, "citations_years": {"2014": 1}, "old_citations": {"2013": 1}, "isVisible": false}, "2224761105": {"name": "aitor hernandez sautua", "type": "author", "activity": 1, "h_index": 1, "h5_index": 0, "mag_id": "2224761105", "num_publications": 1, "num_citations": 1, "num_publications_5y": 0, "num_citations_5y": 1, "num_publications_10y": 1, "num_citations_10y": 1, "publications_years": {"2013": 1}, "citations_years": {"2017": 1}, "old_citations": {"2013": 1}, "isVisible": false}, "2225686934": {"name": "m shoaib almas", "type": "author", "activity": 1, "h_index": 1, "h5_index": 0, "mag_id": "2225686934", "num_publications": 1, "num_citations": 42, "num_publications_5y": 0, "num_citations_5y": 40, "num_publications_10y": 1, "num_citations_10y": 41, "publications_years": {"2013": 1}, "citations_years": {"2013": 1, "2014": 7, "2015": 10, "2016": 8, "2017": 8, "2018": 7, "2019": 1}, "old_citations": {"2013": 42}, "isVisible": false}, "2228985767": {"name": "francesco naso", "type": "author", "activity": 0, "h_index": 0, "h5_index": 0, "mag_id": "2228985767", "num_publications": 1, "num_citations": 0, "num_publications_5y": 0, "num_citations_5y": 0, "num_publications_10y": 1, "num_citations_10y": 0, "publications_years": {"2013": 1}, "citations_years": {}, "old_citations": {"2013": 0}, "isVisible": false}, "2229970983": {"name": "m angel rodriguez vidal", "type": "author", "activity": 1, "h_index": 1, "h5_index": 0, "mag_id": "2229970983", "num_publications": 1, "num_citations": 1, "num_publications_5y": 0, "num_citations_5y": 1, "num_publications_10y": 1, "num_citations_10y": 1, "publications_years": {"2013": 1}, "citations_years": {"2017": 1}, "old_citations": {"2013": 1}, "isVisible": false}, "2249743650": {"name": "antonello monti", "type": "author", "activity": 25, "h_index": 19, "h5_index": 10, "mag_id": "2249743650", "num_publications": 1, "num_citations": 0, "num_publications_5y": 0, "num_citations_5y": 0, "num_publications_10y": 1, "num_citations_10y": 0, "publications_years": {"2013": 1}, "citations_years": {}, "old_citations": {"2013": 0}, "isVisible": false}, "2266184351": {"name": "shahid hussain", "type": "author", "activity": 4, "h_index": 4, "h5_index": 0, "mag_id": "2266184351", "num_publications": 1, "num_citations": 3, "num_publications_5y": 0, "num_citations_5y": 2, "num_publications_10y": 1, "num_citations_10y": 2, "publications_years": {"2013": 1}, "citations_years": {"2014": 2, "2015": 0, "2016": 0, "2017": 0, "2018": 0, "2019": 1}, "old_citations": {"2013": 3}, "isVisible": false}, "2273885555": {"name": "jose roberto sanches mantovani", "type": "author", "activity": 25, "h_index": 8, "h5_index": 3, "mag_id": "2273885555", "num_publications": 1, "num_citations": 7, "num_publications_5y": 0, "num_citations_5y": 5, "num_publications_10y": 1, "num_citations_10y": 6, "publications_years": {"2013": 1}, "citations_years": {"2013": 1, "2014": 0, "2015": 1, "2016": 2, "2017": 1, "2018": 1, "2019": 1}, "old_citations": {"2013": 7}, "isVisible": false}, "2279641072": {"name": "jose sanchez", "type": "author", "activity": 5, "h_index": 3, "h5_index": 0, "mag_id": "2279641072", "num_publications": 1, "num_citations": 13, "num_publications_5y": 0, "num_citations_5y": 7, "num_publications_10y": 1, "num_citations_10y": 12, "publications_years": {"2013": 1}, "citations_years": {"2013": 5, "2014": 2, "2015": 3, "2016": 2, "2017": 0, "2018": 0, "2019": 0, "2020": 1}, "old_citations": {"2013": 13}, "isVisible": false}, "2280370964": {"name": "bolun xu", "type": "author", "activity": 0, "h_index": 0, "h5_index": 0, "mag_id": "2280370964", "num_publications": 1, "num_citations": 0, "num_publications_5y": 0, "num_citations_5y": 0, "num_publications_10y": 1, "num_citations_10y": 0, "publications_years": {"2013": 1}, "citations_years": {}, "old_citations": {"2013": 0}, "isVisible": false}, "2298328821": {"name": "raphael caire", "type": "author", "activity": 15, "h_index": 5, "h5_index": 4, "mag_id": "2298328821", "num_publications": 1, "num_citations": 13, "num_publications_5y": 0, "num_citations_5y": 7, "num_publications_10y": 1, "num_citations_10y": 12, "publications_years": {"2013": 1}, "citations_years": {"2013": 5, "2014": 2, "2015": 3, "2016": 2, "2017": 0, "2018": 0, "2019": 0, "2020": 1}, "old_citations": {"2013": 13}, "isVisible": false}, "2304112800": {"name": "juan m ramirez", "type": "author", "activity": 24, "h_index": 8, "h5_index": 1, "mag_id": "2304112800", "num_publications": 1, "num_citations": 2, "num_publications_5y": 0, "num_citations_5y": 1, "num_publications_10y": 1, "num_citations_10y": 1, "publications_years": {"2013": 1}, "citations_years": {"2017": 1, "2018": 0, "2019": 0, "2020": 1}, "old_citations": {"2013": 2}, "isVisible": false}, "2305170411": {"name": "c l toh", "type": "author", "activity": 17, "h_index": 2, "h5_index": 1, "mag_id": "2305170411", "num_publications": 1, "num_citations": 16, "num_publications_5y": 0, "num_citations_5y": 12, "num_publications_10y": 1, "num_citations_10y": 13, "publications_years": {"2013": 1}, "citations_years": {"2013": 1, "2014": 1, "2015": 5, "2016": 0, "2017": 3, "2018": 3, "2019": 3}, "old_citations": {"2013": 16}, "isVisible": false}, "2334476661": {"name": "julio lopez", "type": "author", "activity": 10, "h_index": 2, "h5_index": 1, "mag_id": "2334476661", "num_publications": 1, "num_citations": 7, "num_publications_5y": 0, "num_citations_5y": 5, "num_publications_10y": 1, "num_citations_10y": 6, "publications_years": {"2013": 1}, "citations_years": {"2013": 1, "2014": 0, "2015": 1, "2016": 2, "2017": 1, "2018": 1, "2019": 1}, "old_citations": {"2013": 7}, "isVisible": false}, "2434154972": {"name": "yan zhang", "type": "author", "activity": 4, "h_index": 3, "h5_index": 0, "mag_id": "2434154972", "num_publications": 1, "num_citations": 5, "num_publications_5y": 0, "num_citations_5y": 2, "num_publications_10y": 1, "num_citations_10y": 3, "publications_years": {"2013": 1}, "citations_years": {"2013": 1, "2014": 1, "2015": 0, "2016": 1, "2017": 0, "2018": 0, "2019": 2}, "old_citations": {"2013": 5}, "isVisible": false}, "2460550426": {"name": "m hohmann", "type": "author", "activity": 1, "h_index": 1, "h5_index": 0, "mag_id": "2460550426", "num_publications": 1, "num_citations": 28, "num_publications_5y": 0, "num_citations_5y": 20, "num_publications_10y": 1, "num_citations_10y": 20, "publications_years": {"2013": 1}, "citations_years": {"2014": 2, "2015": 3, "2016": 4, "2017": 5, "2018": 6, "2019": 7, "2020": 1}, "old_citations": {"2013": 28}, "isVisible": false}, "2462970009": {"name": "emmanuel chanzy", "type": "author", "activity": 3, "h_index": 1, "h5_index": 0, "mag_id": "2462970009", "num_publications": 1, "num_citations": 4, "num_publications_5y": 0, "num_citations_5y": 3, "num_publications_10y": 1, "num_citations_10y": 3, "publications_years": {"2013": 1}, "citations_years": {"2018": 3, "2019": 1}, "old_citations": {"2013": 4}, "isVisible": false}, "2476222473": {"name": "olena morozova", "type": "author", "activity": 0, "h_index": 0, "h5_index": 0, "mag_id": "2476222473", "num_publications": 1, "num_citations": 0, "num_publications_5y": 0, "num_citations_5y": 0, "num_publications_10y": 1, "num_citations_10y": 0, "publications_years": {"2013": 1}, "citations_years": {}, "old_citations": {"2013": 0}, "isVisible": false}, "2479956252": {"name": "pedro antunes", "type": "author", "activity": 1, "h_index": 2, "h5_index": 0, "mag_id": "2479956252", "num_publications": 1, "num_citations": 9, "num_publications_5y": 0, "num_citations_5y": 7, "num_publications_10y": 1, "num_citations_10y": 7, "publications_years": {"2013": 1}, "citations_years": {"2015": 3, "2016": 0, "2017": 1, "2018": 3, "2019": 2}, "old_citations": {"2013": 9}, "isVisible": false}, "2520885873": {"name": "hanchao liu", "type": "author", "activity": 5, "h_index": 2, "h5_index": 1, "mag_id": "2520885873", "num_publications": 1, "num_citations": 7, "num_publications_5y": 0, "num_citations_5y": 4, "num_publications_10y": 1, "num_citations_10y": 6, "publications_years": {"2013": 1}, "citations_years": {"2013": 2, "2014": 2, "2015": 0, "2016": 1, "2017": 0, "2018": 1, "2019": 1}, "old_citations": {"2013": 7}, "isVisible": false}, "2569871158": {"name": "fei ni", "type": "author", "activity": 5, "h_index": 2, "h5_index": 1, "mag_id": "2569871158", "num_publications": 1, "num_citations": 0, "num_publications_5y": 0, "num_citations_5y": 0, "num_publications_10y": 1, "num_citations_10y": 0, "publications_years": {"2013": 1}, "citations_years": {}, "old_citations": {"2013": 0}, "isVisible": false}, "2598188965": {"name": "marija zima", "type": "author", "activity": 0, "h_index": 0, "h5_index": 0, "mag_id": "2598188965", "num_publications": 1, "num_citations": 0, "num_publications_5y": 0, "num_citations_5y": 0, "num_publications_10y": 1, "num_citations_10y": 0, "publications_years": {"2013": 1}, "citations_years": {}, "old_citations": {"2013": 0}, "isVisible": false}, "2605818828": {"name": "claudio r martins", "type": "author", "activity": 1, "h_index": 0, "h5_index": 0, "mag_id": "2605818828", "num_publications": 1, "num_citations": 0, "num_publications_5y": 0, "num_citations_5y": 0, "num_publications_10y": 1, "num_citations_10y": 0, "publications_years": {"2013": 1}, "citations_years": {}, "old_citations": {"2013": 0}, "isVisible": false}, "2612756212": {"name": "m domagk", "type": "author", "activity": 1, "h_index": 1, "h5_index": 0, "mag_id": "2612756212", "num_publications": 1, "num_citations": 14, "num_publications_5y": 0, "num_citations_5y": 14, "num_publications_10y": 1, "num_citations_10y": 14, "publications_years": {"2013": 1}, "citations_years": {"2014": 3, "2015": 0, "2016": 5, "2017": 2, "2018": 4}, "old_citations": {"2013": 14}, "isVisible": false}, "2624352123": {"name": "j dickert", "type": "author", "activity": 1, "h_index": 1, "h5_index": 0, "mag_id": "2624352123", "num_publications": 1, "num_citations": 14, "num_publications_5y": 0, "num_citations_5y": 14, "num_publications_10y": 1, "num_citations_10y": 14, "publications_years": {"2013": 1}, "citations_years": {"2014": 3, "2015": 0, "2016": 5, "2017": 2, "2018": 4}, "old_citations": {"2013": 14}, "isVisible": false}, "2627260448": {"name": "oana pop", "type": "author", "activity": 11, "h_index": 3, "h5_index": 0, "mag_id": "2627260448", "num_publications": 1, "num_citations": 0, "num_publications_5y": 0, "num_citations_5y": 0, "num_publications_10y": 1, "num_citations_10y": 0, "publications_years": {"2013": 1}, "citations_years": {}, "old_citations": {"2013": 0}, "isVisible": false}, "2660706592": {"name": "jian sun", "type": "author", "activity": 1, "h_index": 1, "h5_index": 0, "mag_id": "2660706592", "num_publications": 1, "num_citations": 7, "num_publications_5y": 0, "num_citations_5y": 4, "num_publications_10y": 1, "num_citations_10y": 6, "publications_years": {"2013": 1}, "citations_years": {"2013": 2, "2014": 2, "2015": 0, "2016": 1, "2017": 0, "2018": 1, "2019": 1}, "old_citations": {"2013": 7}, "isVisible": false}, "2677616614": {"name": "veronique boutin", "type": "author", "activity": 1, "h_index": 1, "h5_index": 0, "mag_id": "2677616614", "num_publications": 1, "num_citations": 2, "num_publications_5y": 0, "num_citations_5y": 1, "num_publications_10y": 1, "num_citations_10y": 1, "publications_years": {"2013": 1}, "citations_years": {"2018": 1, "2019": 0, "2020": 1}, "old_citations": {"2013": 2}, "isVisible": false}, "2739253775": {"name": "tiago soares", "type": "author", "activity": 14, "h_index": 2, "h5_index": 1, "mag_id": "2739253775", "num_publications": 1, "num_citations": 1, "num_publications_5y": 0, "num_citations_5y": 1, "num_publications_10y": 1, "num_citations_10y": 1, "publications_years": {"2013": 1}, "citations_years": {"2015": 1}, "old_citations": {"2013": 1}, "isVisible": false}, "2792117613": {"name": "mats larsson", "type": "author", "activity": 16, "h_index": 5, "h5_index": 0, "mag_id": "2792117613", "num_publications": 1, "num_citations": 5, "num_publications_5y": 0, "num_citations_5y": 2, "num_publications_10y": 1, "num_citations_10y": 3, "publications_years": {"2013": 1}, "citations_years": {"2013": 1, "2014": 1, "2015": 0, "2016": 1, "2017": 0, "2018": 0, "2019": 2}, "old_citations": {"2013": 5}, "isVisible": false}, "2917002750": {"name": "rune gustavsson", "type": "author", "activity": 3, "h_index": 3, "h5_index": 0, "mag_id": "2917002750", "num_publications": 1, "num_citations": 3, "num_publications_5y": 0, "num_citations_5y": 2, "num_publications_10y": 1, "num_citations_10y": 2, "publications_years": {"2013": 1}, "citations_years": {"2014": 2, "2015": 0, "2016": 0, "2017": 0, "2018": 0, "2019": 1}, "old_citations": {"2013": 3}, "isVisible": false}, "2950093290": {"name": "jukka turunen", "type": "author", "activity": 1, "h_index": 1, "h5_index": 0, "mag_id": "2950093290", "num_publications": 1, "num_citations": 5, "num_publications_5y": 0, "num_citations_5y": 2, "num_publications_10y": 1, "num_citations_10y": 3, "publications_years": {"2013": 1}, "citations_years": {"2013": 1, "2014": 1, "2015": 0, "2016": 1, "2017": 0, "2018": 0, "2019": 2}, "old_citations": {"2013": 5}, "isVisible": false}, "2973298206": {"name": "nouredine hadjsaid", "type": "author", "activity": 1, "h_index": 1, "h5_index": 0, "mag_id": "2973298206", "num_publications": 1, "num_citations": 13, "num_publications_5y": 0, "num_citations_5y": 7, "num_publications_10y": 1, "num_citations_10y": 12, "publications_years": {"2013": 1}, "citations_years": {"2013": 5, "2014": 2, "2015": 3, "2016": 2, "2017": 0, "2018": 0, "2019": 0, "2020": 1}, "old_citations": {"2013": 13}, "isVisible": false}, "3013508877": {"name": "r dhulst", "type": "author", "activity": 8, "h_index": 3, "h5_index": 0, "mag_id": "3013508877", "num_publications": 1, "num_citations": 2, "num_publications_5y": 0, "num_citations_5y": 2, "num_publications_10y": 1, "num_citations_10y": 2, "publications_years": {"2013": 1}, "citations_years": {"2016": 1, "2017": 1}, "old_citations": {"2013": 2}, "isVisible": false}}, "countries": {"Belgium": {"name": "Belgium", "type": "country", "h5_index": 72, "num_publications": 3, "num_citations": 15, "num_publications_5y": 0, "num_citations_5y": 12, "num_publications_10y": 3, "num_citations_10y": 13, "publications_years": {"2013": 3}, "citations_years": {"2016": 2, "2017": 3, "2018": 2, "2019": 2, "2013": 1, "2014": 3, "2015": 2}, "old_citations": {"2013": 15}, "isVisible": false}, "France": {"name": "France", "type": "country", "h5_index": 99, "num_publications": 3, "num_citations": 32, "num_publications_5y": 0, "num_citations_5y": 23, "num_publications_10y": 3, "num_citations_10y": 23, "publications_years": {"2013": 3}, "citations_years": {"2014": 2, "2015": 3, "2016": 4, "2017": 5, "2018": 9, "2019": 8, "2020": 1}, "old_citations": {"2013": 32}, "isVisible": false}, "Brazil": {"name": "Brazil", "type": "country", "h5_index": 57, "num_publications": 2, "num_citations": 8, "num_publications_5y": 0, "num_citations_5y": 6, "num_publications_10y": 2, "num_citations_10y": 7, "publications_years": {"2013": 2}, "citations_years": {"2015": 2, "2013": 1, "2014": 0, "2016": 2, "2017": 1, "2018": 1, "2019": 1}, "old_citations": {"2013": 8}, "isVisible": false}, "Norway": {"name": "Norway", "type": "country", "h5_index": 56, "num_publications": 2, "num_citations": 16, "num_publications_5y": 0, "num_citations_5y": 12, "num_publications_10y": 2, "num_citations_10y": 13, "publications_years": {"2013": 2}, "citations_years": {"2013": 1, "2014": 1, "2015": 5, "2016": 0, "2017": 3, "2018": 3, "2019": 3}, "old_citations": {"2013": 16}, "isVisible": false}, "Spain": {"name": "Spain", "type": "country", "h5_index": 91, "num_publications": 2, "num_citations": 2, "num_publications_5y": 0, "num_citations_5y": 2, "num_publications_10y": 2, "num_citations_10y": 2, "publications_years": {"2013": 2}, "citations_years": {"2014": 1, "2017": 1}, "old_citations": {"2013": 2}, "isVisible": false}, "United Kingdom": {"name": "United Kingdom", "type": "country", "h5_index": 172, "num_publications": 2, "num_citations": 6, "num_publications_5y": 0, "num_citations_5y": 5, "num_publications_10y": 2, "num_citations_10y": 6, "publications_years": {"2013": 2}, "citations_years": {"2013": 1, "2014": 3, "2015": 2}, "old_citations": {"2013": 16}, "isVisible": false}, "United States": {"name": "United States", "type": "country", "h5_index": 308, "num_publications": 2, "num_citations": 7, "num_publications_5y": 0, "num_citations_5y": 4, "num_publications_10y": 2, "num_citations_10y": 6, "publications_years": {"2013": 2}, "citations_years": {"2013": 2, "2014": 2, "2015": 0, "2016": 1, "2017": 0, "2018": 1, "2019": 1}, "old_citations": {"2013": 7}, "isVisible": false}, "Finland": {"name": "Finland", "type": "country", "h5_index": 68, "num_publications": 1, "num_citations": 5, "num_publications_5y": 0, "num_citations_5y": 2, "num_publications_10y": 1, "num_citations_10y": 3, "publications_years": {"2013": 1}, "citations_years": {"2013": 1, "2014": 1, "2015": 0, "2016": 1, "2017": 0, "2018": 0, "2019": 2}, "old_citations": {"2013": 5}, "isVisible": false}, "Germany": {"name": "Germany", "type": "country", "h5_index": 139, "num_publications": 1, "num_citations": 0, "num_publications_5y": 0, "num_citations_5y": 0, "num_publications_10y": 1, "num_citations_10y": 0, "publications_years": {"2013": 1}, "citations_years": {}, "old_citations": {"2013": 0}, "isVisible": false}, "Greece": {"name": "Greece", "type": "country", "h5_index": 57, "num_publications": 1, "num_citations": 0, "num_publications_5y": 0, "num_citations_5y": 0, "num_publications_10y": 1, "num_citations_10y": 0, "publications_years": {"2013": 1}, "citations_years": {}, "old_citations": {"2013": 0}, "isVisible": false}, "Italy": {"name": "Italy", "type": "country", "h5_index": 94, "num_publications": 1, "num_citations": 0, "num_publications_5y": 0, "num_citations_5y": 0, "num_publications_10y": 1, "num_citations_10y": 0, "publications_years": {"2013": 1}, "citations_years": {}, "old_citations": {"2013": 0}, "isVisible": false}, "Sweden": {"name": "Sweden", "type": "country", "h5_index": 82, "num_publications": 1, "num_citations": 3, "num_publications_5y": 0, "num_citations_5y": 2, "num_publications_10y": 1, "num_citations_10y": 2, "publications_years": {"2013": 1}, "citations_years": {"2014": 2, "2015": 0, "2016": 0, "2017": 0, "2018": 0, "2019": 1}, "old_citations": {"2013": 3}, "isVisible": false}}, "industrial_sectors": {"energy": {"name": "energy", "type": "industrial sector", "h5_index": 24, "num_publications": 1, "num_citations": 0, "num_publications_5y": 0, "num_citations_5y": 0, "num_publications_10y": 1, "num_citations_10y": 0, "publications_years": {"2013": 1}, "citations_years": {}, "old_citations": {"2013": 0}, "isVisible": false}, "oil_and_gas_industry": {"name": "oil_and_gas_industry", "type": "industrial sector", "h5_index": 17, "num_publications": 1, "num_citations": 0, "num_publications_5y": 0, "num_citations_5y": 0, "num_publications_10y": 1, "num_citations_10y": 0, "publications_years": {"2013": 1}, "citations_years": {}, "old_citations": {"2013": 0}, "isVisible": false}, "transportation": {"name": "transportation", "type": "industrial sector", "h5_index": 43, "num_publications": 1, "num_citations": 4, "num_publications_5y": 0, "num_citations_5y": 3, "num_publications_10y": 1, "num_citations_10y": 3, "publications_years": {"2013": 1}, "citations_years": {"2018": 3, "2019": 1}, "old_citations": {"2013": 4}, "isVisible": false}}}, "conference_comparison": {"computer science": {}}, "topics_dna": {"publications": {}, "citations": {"normalized": {}, "average": {}}}, "info": {"num_publications": 31, "num_citations": 185.0, "impact_factor": {}, "publications_years": {"2013": 31}, "citations_years": {"2013": 12, "2014": 25, "2015": 30, "2016": 27, "2017": 25, "2018": 31, "2019": 21, "2020": 4}, "old_citations": {"2013": 185}, "h5_index": 0}, "percentile": {"computer science": {"2013": 82}}, "conference_ranking": {"computer science": {"2013": 726}}, "academia": {"num_publications": 15, "num_citations": 66, "publications_years": {"2013": 15}, "old_citations": {"2013": 66}, "num_publications_5y": 0, "num_citations_5y": 0, "num_publications_10y": 15, "num_citations_10y": 66}, "industry": {"num_publications": 2, "num_citations": 4, "publications_years": {"2013": 2}, "old_citations": {"2013": 4}, "num_publications_5y": 0, "num_citations_5y": 0, "num_publications_10y": 2, "num_citations_10y": 4}, "collaborative": {"num_publications": 0, "num_citations": 0, "publications_years": {}, "old_citations": {}, "num_publications_5y": 0, "num_citations_5y": 0, "num_publications_10y": 0, "num_citations_10y": 0}, "conferences": {}, "journals": {}, "organizations": {"publication_overall": ["University of Li\u00e8ge", "\u00c9cole Normale Sup\u00e9rieure", "Aalto University", "Alstom (France)", "Aristotle University of Thessaloniki", "College of New Jersey", "Comillas Pontifical University", "Enel (Italy)", "Imperial College London", "KU Leuven", "Norwegian University of Science and Technology", "RWTH Aachen University", "Rensselaer Polytechnic Institute", "Royal Institute of Technology", "SINTEF", "Sao Paulo State University", "Universidade Federal de Minas Gerais", "University of Manchester", "University of the Basque Country"], "citation_overall": ["\u00c9cole Normale Sup\u00e9rieure", "Norwegian University of Science and Technology", "University of Li\u00e8ge", "University of Manchester", "Rensselaer Polytechnic Institute", "Sao Paulo State University", "Imperial College London", "Aalto University", "Alstom (France)", "Royal Institute of Technology", "KU Leuven", "Comillas Pontifical University", "Universidade Federal de Minas Gerais", "University of the Basque Country", "Aristotle University of Thessaloniki", "College of New Jersey", "Enel (Italy)", "RWTH Aachen University", "SINTEF"], "publication_10_years": ["University of Li\u00e8ge", "\u00c9cole Normale Sup\u00e9rieure", "Aalto University", "Alstom (France)", "Aristotle University of Thessaloniki", "College of New Jersey", "Comillas Pontifical University", "Enel (Italy)", "Imperial College London", "KU Leuven", "Norwegian University of Science and Technology", "RWTH Aachen University", "Rensselaer Polytechnic Institute", "Royal Institute of Technology", "SINTEF", "Sao Paulo State University", "Universidade Federal de Minas Gerais", "University of Manchester", "University of the Basque Country"], "citation_10_years": ["\u00c9cole Normale Sup\u00e9rieure", "Norwegian University of Science and Technology", "University of Li\u00e8ge", "University of Manchester", "Rensselaer Polytechnic Institute", "Sao Paulo State University", "Imperial College London", "Aalto University", "Alstom (France)", "Royal Institute of Technology", "KU Leuven", "Comillas Pontifical University", "Universidade Federal de Minas Gerais", "University of the Basque Country", "Aristotle University of Thessaloniki", "College of New Jersey", "Enel (Italy)", "RWTH Aachen University", "SINTEF"], "publication_5_years": [], "citation_5_years": []}, "countries": {"publication_overall": ["Belgium", "France", "Brazil", "Norway", "Spain", "United Kingdom", "United States", "Finland", "Germany", "Greece", "Italy", "Sweden"], "citation_overall": ["France", "Norway", "United Kingdom", "Belgium", "Brazil", "United States", "Finland", "Sweden", "Spain", "Germany", "Greece", "Italy"], "publication_10_years": ["Belgium", "France", "Brazil", "Norway", "Spain", "United Kingdom", "United States", "Finland", "Germany", "Greece", "Italy", "Sweden"], "citation_10_years": ["France", "Norway", "United Kingdom", "Belgium", "Brazil", "United States", "Finland", "Sweden", "Spain", "Germany", "Greece", "Italy"], "publication_5_years": [], "citation_5_years": []}, "topics": {"publication_overall": ["computer science", "computer systems", "computer networks", "artificial intelligence", "telecommunication systems", "mathematics", "communication systems", "wireless telecommunication systems", "computer hardware", "engineering", "electricity", "local area networks", "distributed computer systems", "distribution systems", "economics", "sensors", "telecommunication networks", "bayesian networks", "commerce", "correlation analysis"], "citation_overall": ["computer science", "computer systems", "computer networks", "telecommunication systems", "communication systems", "wireless telecommunication systems", "computer hardware", "distributed computer systems", "artificial intelligence", "local area networks", "sensors", "bayesian networks", "distributed parameter networks", "distribution network", "inference engines", "telecommunication networks", "microprocessor chips", "bandwidth", "engineering", "distributed systems"], "publication_10_years": ["computer science", "computer systems", "computer networks", "artificial intelligence", "telecommunication systems", "mathematics", "communication systems", "wireless telecommunication systems", "computer hardware", "engineering", "electricity", "local area networks", "distributed computer systems", "distribution systems", "economics", "sensors", "telecommunication networks", "bayesian networks", "commerce", "correlation analysis"], "citation_10_years": ["computer science", "computer systems", "computer networks", "telecommunication systems", "communication systems", "wireless telecommunication systems", "computer hardware", "distributed computer systems", "artificial intelligence", "local area networks", "sensors", "bayesian networks", "distributed parameter networks", "distribution network", "inference engines", "telecommunication networks", "microprocessor chips", "bandwidth", "engineering", "distributed systems"], "publication_5_years": [], "citation_5_years": []}, "main_topics": ["computer science"], "authors": {"publication_overall": ["227669401", "436857911", "1981517227", "1991062479", "2038199457", "2097575619", "2154518293", "2309716867", "253644049", "269971128", "362541128", "724943421", "1225158242", "1861113362", "1911708666", "1948203414", "1975947869", "1976347986", "1986501051", "1987157597", "1991111616", "1992195777", "1994942064", "2000497599", "2003053077", "2011512050", "2015371424", "2015592671", "2019742068", "2021115168", "2037636963", "2040834078", "2049705408", "2052537116", "2053720372", "2054231148", "2061319974", "2062217133", "2071687265", "2073310699", "2084043828", "2093975554", "2103813711", "2106997828", "2107111618", "2108433407", "2108449888", "2111056629", "2113392366", "2115049101", "2121187635", "2129150197", "2132630423", "2137684768", "2140499680", "2141657466", "2148861113", "2152624007", "2161451432", "2168587130", "2169177658", "2205757028", "2222431560", "2222693815", "2223431553", "2224761105", "2225686934", "2228985767", "2229970983", "2249743650", "2266184351", "2273885555", "2279641072", "2280370964", "2298328821", "2304112800", "2305170411", "2334476661", "2434154972", "2460550426", "2462970009", "2476222473", "2479956252", "2520885873", "2569871158", "2598188965", "2605818828", "2612756212", "2624352123", "2627260448", "2660706592", "2677616614", "2739253775", "2792117613", "2917002750", "2950093290", "2973298206", "3013508877"], "citation_overall": ["1225158242", "2019742068", "2061319974", "2093975554", "2225686934", "1991062479", "2000497599", "2111056629", "2460550426", "1992195777", "2305170411", "1975947869", "2612756212", "2624352123", "1981517227", "2038199457", "2279641072", "2298328821", "2973298206", "269971128", "2140499680", "2154518293", "2309716867", "2479956252", "2108449888", "2161451432", "2273885555", "2334476661", "2520885873", "2660706592", "2205757028", "2222693815", "2434154972", "2792117613", "2950093290", "1991111616", "2052537116", "2106997828", "2462970009", "724943421", "2015371424", "2049705408", "2071687265", "2107111618", "2169177658", "2266184351", "2917002750", "1976347986", "1987157597", "2040834078", "2121187635", "2222431560", "2304112800", "2677616614", "3013508877", "227669401", "436857911", "1948203414", "2003053077", "2053720372", "2084043828", "2097575619", "2103813711", "2113392366", "2132630423", "2137684768", "2168587130", "2223431553", "2224761105", "2229970983", "2739253775", "253644049", "362541128", "1861113362", "1911708666", "1986501051", "1994942064", "2011512050", "2015592671", "2021115168", "2037636963", "2054231148", "2062217133", "2073310699", "2108433407", "2115049101", "2129150197", "2141657466", "2148861113", "2152624007", "2228985767", "2249743650", "2280370964", "2476222473", "2569871158", "2598188965", "2605818828", "2627260448"], "publication_10_years": ["227669401", "436857911", "1981517227", "1991062479", "2038199457", "2097575619", "2154518293", "2309716867", "253644049", "269971128", "362541128", "724943421", "1225158242", "1861113362", "1911708666", "1948203414", "1975947869", "1976347986", "1986501051", "1987157597", "1991111616", "1992195777", "1994942064", "2000497599", "2003053077", "2011512050", "2015371424", "2015592671", "2019742068", "2021115168", "2037636963", "2040834078", "2049705408", "2052537116", "2053720372", "2054231148", "2061319974", "2062217133", "2071687265", "2073310699", "2084043828", "2093975554", "2103813711", "2106997828", "2107111618", "2108433407", "2108449888", "2111056629", "2113392366", "2115049101", "2121187635", "2129150197", "2132630423", "2137684768", "2140499680", "2141657466", "2148861113", "2152624007", "2161451432", "2168587130", "2169177658", "2205757028", "2222431560", "2222693815", "2223431553", "2224761105", "2225686934", "2228985767", "2229970983", "2249743650", "2266184351", "2273885555", "2279641072", "2280370964", "2298328821", "2304112800", "2305170411", "2334476661", "2434154972", "2460550426", "2462970009", "2476222473", "2479956252", "2520885873", "2569871158", "2598188965", "2605818828", "2612756212", "2624352123", "2627260448", "2660706592", "2677616614", "2739253775", "2792117613", "2917002750", "2950093290", "2973298206", "3013508877"], "citation_10_years": ["1225158242", "2019742068", "2061319974", "2093975554", "2225686934", "1991062479", "2000497599", "2111056629", "2460550426", "1992195777", "2305170411", "1975947869", "2612756212", "2624352123", "1981517227", "2038199457", "2279641072", "2298328821", "2973298206", "269971128", "2140499680", "2154518293", "2309716867", "2479956252", "2108449888", "2161451432", "2273885555", "2334476661", "2520885873", "2660706592", "2205757028", "2222693815", "2434154972", "2792117613", "2950093290", "1991111616", "2052537116", "2106997828", "2462970009", "724943421", "2015371424", "2049705408", "2071687265", "2107111618", "2169177658", "2266184351", "2917002750", "1976347986", "1987157597", "2040834078", "2121187635", "2222431560", "2304112800", "2677616614", "3013508877", "227669401", "436857911", "1948203414", "2003053077", "2053720372", "2084043828", "2097575619", "2103813711", "2113392366", "2132630423", "2137684768", "2168587130", "2223431553", "2224761105", "2229970983", "2739253775", "253644049", "362541128", "1861113362", "1911708666", "1986501051", "1994942064", "2011512050", "2015592671", "2021115168", "2037636963", "2054231148", "2062217133", "2073310699", "2108433407", "2115049101", "2129150197", "2141657466", "2148861113", "2152624007", "2228985767", "2249743650", "2280370964", "2476222473", "2569871158", "2598188965", "2605818828", "2627260448"], "publication_5_years": [], "citation_5_years": []}, "industrial_sectors": {"publication_overall": ["energy", "oil_and_gas_industry", "transportation"], "citation_overall": ["transportation", "energy", "oil_and_gas_industry"], "publication_10_years": ["energy", "oil_and_gas_industry", "transportation"], "citation_10_years": ["transportation", "energy", "oil_and_gas_industry"], "publication_5_years": [], "citation_5_years": []}}