{"name": "International Conference on Electrical Power Quality and Utilisation", "acronym": "Utilisation", "type": "conference", "uniqueEntities": {"organizations": {"North China Electric Power University": {"name": "North China Electric Power University", "type": "organization", "organization_type": "Education", "h_index": 38, "h5_index": 29, "num_publications": 2, "num_citations": 10, "num_publications_5y": 0, "num_citations_5y": 8, "num_publications_10y": 2, "num_citations_10y": 10, "publications_years": {"2011": 2}, "citations_years": {"2016": 5, "2012": 2, "2013": 0, "2014": 2, "2015": 0, "2017": 1}, "old_citations": {"2011": 10}, "isVisible": false}, "Universitat Polit\u00e8cnica de Catalunya": {"name": "Universitat Polit\u00e8cnica de Catalunya", "type": "organization", "organization_type": "Education", "h_index": 114, "h5_index": 35, "num_publications": 2, "num_citations": 5, "num_publications_5y": 0, "num_citations_5y": 4, "num_publications_10y": 1, "num_citations_10y": 5, "publications_years": {"2011": 1, "2007": 1}, "citations_years": {"2014": 2, "2015": 0, "2016": 1, "2017": 1, "2011": 1, "2012": 0, "2013": 0}, "old_citations": {"2011": 3, "2007": 2}, "isVisible": false}, "University of Strathclyde": {"name": "University of Strathclyde", "type": "organization", "organization_type": "Education", "h_index": 91, "h5_index": 17, "num_publications": 2, "num_citations": 10, "num_publications_5y": 0, "num_citations_5y": 8, "num_publications_10y": 2, "num_citations_10y": 10, "publications_years": {"2011": 2}, "citations_years": {"2016": 5, "2012": 2, "2013": 0, "2014": 2, "2015": 0, "2017": 1}, "old_citations": {"2011": 10}, "isVisible": false}, "Amirkabir University of Technology": {"name": "Amirkabir University of Technology", "type": "organization", "organization_type": "Education", "h_index": 66, "h5_index": 25, "num_publications": 1, "num_citations": 3, "num_publications_5y": 0, "num_citations_5y": 2, "num_publications_10y": 1, "num_citations_10y": 3, "publications_years": {"2011": 1}, "citations_years": {"2012": 1, "2013": 0, "2014": 1, "2015": 1}, "old_citations": {"2011": 3}, "isVisible": false}, "Chiang Mai University": {"name": "Chiang Mai University", "type": "organization", "organization_type": "Education", "h_index": 25, "h5_index": 10, "num_publications": 1, "num_citations": 4, "num_publications_5y": 0, "num_citations_5y": 0, "num_publications_10y": 0, "num_citations_10y": 4, "publications_years": {"2007": 1}, "citations_years": {"2012": 3, "2013": 1}, "old_citations": {"2007": 4}, "isVisible": false}, "Eindhoven University of Technology": {"name": "Eindhoven University of Technology", "type": "organization", "organization_type": "Education", "h_index": 159, "h5_index": 40, "num_publications": 1, "num_citations": 27, "num_publications_5y": 0, "num_citations_5y": 7, "num_publications_10y": 0, "num_citations_10y": 24, "publications_years": {"2007": 1}, "citations_years": {"2008": 1, "2009": 3, "2010": 2, "2011": 6, "2012": 3, "2013": 3, "2014": 1, "2015": 2, "2016": 2, "2017": 2, "2018": 0, "2019": 1, "2020": 1}, "old_citations": {"2007": 27}, "isVisible": false}, "Electric Power Research Institute": {"name": "Electric Power Research Institute", "type": "organization", "organization_type": "Nonprofit", "h_index": 28, "h5_index": 19, "num_publications": 1, "num_citations": 4, "num_publications_5y": 0, "num_citations_5y": 0, "num_publications_10y": 0, "num_citations_10y": 4, "publications_years": {"2007": 1}, "citations_years": {"2012": 3, "2013": 1}, "old_citations": {"2007": 4}, "isVisible": false}, "Islamic Azad University, Tehran": {"name": "Islamic Azad University, Tehran", "type": "organization", "organization_type": "Education", "h_index": 70, "h5_index": 42, "num_publications": 1, "num_citations": 17, "num_publications_5y": 0, "num_citations_5y": 11, "num_publications_10y": 0, "num_citations_10y": 15, "publications_years": {"2007": 1}, "citations_years": {"2009": 1, "2010": 0, "2011": 0, "2012": 1, "2013": 2, "2014": 2, "2015": 2, "2016": 4, "2017": 2, "2018": 1, "2019": 0, "2020": 2}, "old_citations": {"2007": 17}, "isVisible": false}, "King Mongkut's Institute of Technology Ladkrabang": {"name": "King Mongkut's Institute of Technology Ladkrabang", "type": "organization", "organization_type": "Education", "h_index": 30, "h5_index": 10, "num_publications": 1, "num_citations": 0, "num_publications_5y": 0, "num_citations_5y": 0, "num_publications_10y": 0, "num_citations_10y": 0, "publications_years": {"2007": 1}, "citations_years": {}, "old_citations": {"2007": 0}, "isVisible": false}, "La Salle University": {"name": "La Salle University", "type": "organization", "organization_type": "Education", "h_index": 28, "h5_index": 7, "num_publications": 1, "num_citations": 11, "num_publications_5y": 0, "num_citations_5y": 4, "num_publications_10y": 0, "num_citations_10y": 11, "publications_years": {"2007": 1}, "citations_years": {"2009": 2, "2010": 0, "2011": 1, "2012": 2, "2013": 2, "2014": 1, "2015": 2, "2016": 0, "2017": 1}, "old_citations": {"2007": 11}, "isVisible": false}, "National Technical University of Athens": {"name": "National Technical University of Athens", "type": "organization", "organization_type": "Education", "h_index": 91, "h5_index": 27, "num_publications": 1, "num_citations": 10, "num_publications_5y": 0, "num_citations_5y": 4, "num_publications_10y": 0, "num_citations_10y": 9, "publications_years": {"2007": 1}, "citations_years": {"2010": 1, "2011": 0, "2012": 3, "2013": 1, "2014": 2, "2015": 0, "2016": 1, "2017": 0, "2018": 1, "2019": 1}, "old_citations": {"2007": 10}, "isVisible": false}, "North-West University": {"name": "North-West University", "type": "organization", "organization_type": "Education", "h_index": 24, "h5_index": 7, "num_publications": 1, "num_citations": 1, "num_publications_5y": 0, "num_citations_5y": 1, "num_publications_10y": 1, "num_citations_10y": 1, "publications_years": {"2011": 1}, "citations_years": {"2017": 1}, "old_citations": {"2011": 1}, "isVisible": false}, "Opole University of Technology": {"name": "Opole University of Technology", "type": "organization", "organization_type": "Education", "h_index": 14, "h5_index": 7, "num_publications": 1, "num_citations": 19, "num_publications_5y": 0, "num_citations_5y": 9, "num_publications_10y": 0, "num_citations_10y": 17, "publications_years": {"2007": 1}, "citations_years": {"2008": 1, "2009": 1, "2010": 2, "2011": 1, "2012": 3, "2013": 1, "2014": 3, "2015": 0, "2016": 0, "2017": 1, "2018": 5, "2019": 1}, "old_citations": {"2007": 19}, "isVisible": false}, "Polytechnic University of Turin": {"name": "Polytechnic University of Turin", "type": "organization", "organization_type": "Education", "h_index": 108, "h5_index": 31, "num_publications": 1, "num_citations": 2, "num_publications_5y": 0, "num_citations_5y": 1, "num_publications_10y": 0, "num_citations_10y": 2, "publications_years": {"2007": 1}, "citations_years": {"2011": 1, "2012": 0, "2013": 0, "2014": 0, "2015": 1}, "old_citations": {"2007": 2}, "isVisible": false}, "Schneider Electric (France)": {"name": "Schneider Electric (France)", "type": "organization", "organization_type": "Company", "h_index": 28, "h5_index": 10, "num_publications": 1, "num_citations": 3, "num_publications_5y": 0, "num_citations_5y": 3, "num_publications_10y": 1, "num_citations_10y": 3, "publications_years": {"2011": 1}, "citations_years": {"2014": 1, "2015": 0, "2016": 1, "2017": 1}, "old_citations": {"2011": 3}, "isVisible": false}, "State University of Campinas": {"name": "State University of Campinas", "type": "organization", "organization_type": "Education", "h_index": 92, "h5_index": 26, "num_publications": 1, "num_citations": 5, "num_publications_5y": 0, "num_citations_5y": 4, "num_publications_10y": 1, "num_citations_10y": 4, "publications_years": {"2011": 1}, "citations_years": {"2014": 1, "2015": 1, "2016": 1, "2017": 1, "2018": 0, "2019": 0, "2020": 1}, "old_citations": {"2011": 5}, "isVisible": false}, "Stellenbosch University": {"name": "Stellenbosch University", "type": "organization", "organization_type": "Education", "h_index": 48, "h5_index": 17, "num_publications": 1, "num_citations": 1, "num_publications_5y": 0, "num_citations_5y": 1, "num_publications_10y": 1, "num_citations_10y": 1, "publications_years": {"2011": 1}, "citations_years": {"2017": 1}, "old_citations": {"2011": 1}, "isVisible": false}, "Tallinn University of Technology": {"name": "Tallinn University of Technology", "type": "organization", "organization_type": "Education", "h_index": 35, "h5_index": 13, "num_publications": 1, "num_citations": 22, "num_publications_5y": 0, "num_citations_5y": 9, "num_publications_10y": 1, "num_citations_10y": 19, "publications_years": {"2009": 1}, "citations_years": {"2010": 4, "2011": 0, "2012": 5, "2013": 1, "2014": 1, "2015": 4, "2016": 3, "2017": 0, "2018": 1, "2019": 2, "2020": 1}, "old_citations": {"2009": 22}, "isVisible": false}, "Technical University of Crete": {"name": "Technical University of Crete", "type": "organization", "organization_type": "Education", "h_index": 57, "h5_index": 18, "num_publications": 1, "num_citations": 10, "num_publications_5y": 0, "num_citations_5y": 4, "num_publications_10y": 0, "num_citations_10y": 9, "publications_years": {"2007": 1}, "citations_years": {"2010": 1, "2011": 0, "2012": 3, "2013": 1, "2014": 2, "2015": 0, "2016": 1, "2017": 0, "2018": 1, "2019": 1}, "old_citations": {"2007": 10}, "isVisible": false}, "Tokai University": {"name": "Tokai University", "type": "organization", "organization_type": "Education", "h_index": 28, "h5_index": 7, "num_publications": 1, "num_citations": 0, "num_publications_5y": 0, "num_citations_5y": 0, "num_publications_10y": 0, "num_citations_10y": 0, "publications_years": {"2007": 1}, "citations_years": {}, "old_citations": {"2007": 0}, "isVisible": false}, "Transelectrica (Romania)": {"name": "Transelectrica (Romania)", "type": "organization", "organization_type": "Company", "h_index": 4, "h5_index": 1, "num_publications": 1, "num_citations": 2, "num_publications_5y": 0, "num_citations_5y": 1, "num_publications_10y": 0, "num_citations_10y": 2, "publications_years": {"2007": 1}, "citations_years": {"2011": 1, "2012": 0, "2013": 0, "2014": 1}, "old_citations": {"2007": 2}, "isVisible": false}, "Universitat Polit\u00e8cnica de Val\u00e8ncia": {"name": "Universitat Polit\u00e8cnica de Val\u00e8ncia", "type": "organization", "organization_type": "Education", "h_index": 83, "h5_index": 31, "num_publications": 1, "num_citations": 2, "num_publications_5y": 0, "num_citations_5y": 0, "num_publications_10y": 1, "num_citations_10y": 2, "publications_years": {"2011": 1}, "citations_years": {"2012": 1, "2013": 1}, "old_citations": {"2011": 2}, "isVisible": false}, "University of Cassino and Southern Lazio": {"name": "University of Cassino and Southern Lazio", "type": "organization", "organization_type": "Education", "h_index": 33, "h5_index": 14, "num_publications": 1, "num_citations": 12, "num_publications_5y": 0, "num_citations_5y": 5, "num_publications_10y": 0, "num_citations_10y": 11, "publications_years": {"2007": 1}, "citations_years": {"2010": 1, "2011": 2, "2012": 2, "2013": 1, "2014": 3, "2015": 1, "2016": 1, "2017": 0, "2018": 0, "2019": 0, "2020": 1}, "old_citations": {"2007": 12}, "isVisible": false}, "University of Coimbra": {"name": "University of Coimbra", "type": "organization", "organization_type": "Education", "h_index": 76, "h5_index": 25, "num_publications": 1, "num_citations": 7, "num_publications_5y": 0, "num_citations_5y": 3, "num_publications_10y": 0, "num_citations_10y": 5, "publications_years": {"2007": 1}, "citations_years": {"2012": 1, "2013": 1, "2014": 1, "2015": 1, "2016": 0, "2017": 0, "2018": 1, "2019": 2}, "old_citations": {"2007": 7}, "isVisible": false}, "University of Crete": {"name": "University of Crete", "type": "organization", "organization_type": "Education", "h_index": 67, "h5_index": 18, "num_publications": 1, "num_citations": 10, "num_publications_5y": 0, "num_citations_5y": 4, "num_publications_10y": 0, "num_citations_10y": 9, "publications_years": {"2007": 1}, "citations_years": {"2010": 1, "2011": 0, "2012": 3, "2013": 1, "2014": 2, "2015": 0, "2016": 1, "2017": 0, "2018": 1, "2019": 1}, "old_citations": {"2007": 10}, "isVisible": false}, "University of Naples Federico II": {"name": "University of Naples Federico II", "type": "organization", "organization_type": "Education", "h_index": 59, "h5_index": 27, "num_publications": 1, "num_citations": 12, "num_publications_5y": 0, "num_citations_5y": 5, "num_publications_10y": 0, "num_citations_10y": 11, "publications_years": {"2007": 1}, "citations_years": {"2010": 1, "2011": 2, "2012": 2, "2013": 1, "2014": 3, "2015": 1, "2016": 1, "2017": 0, "2018": 0, "2019": 0, "2020": 1}, "old_citations": {"2007": 12}, "isVisible": false}, "University of Ostrava": {"name": "University of Ostrava", "type": "organization", "organization_type": "Education", "h_index": 26, "h5_index": 9, "num_publications": 1, "num_citations": 11, "num_publications_5y": 0, "num_citations_5y": 8, "num_publications_10y": 0, "num_citations_10y": 10, "publications_years": {"2007": 1}, "citations_years": {"2008": 1, "2009": 1, "2010": 0, "2011": 1, "2012": 0, "2013": 0, "2014": 3, "2015": 3, "2016": 2}, "old_citations": {"2007": 11}, "isVisible": false}, "University of \u0141\u00f3d\u017a": {"name": "University of \u0141\u00f3d\u017a", "type": "organization", "organization_type": "Education", "h_index": 26, "h5_index": 5, "num_publications": 1, "num_citations": 1, "num_publications_5y": 0, "num_citations_5y": 0, "num_publications_10y": 0, "num_citations_10y": 1, "publications_years": {"2007": 1}, "citations_years": {"2010": 1}, "old_citations": {"2007": 1}, "isVisible": false}, "Wroc\u0142aw University of Science and Technology": {"name": "Wroc\u0142aw University of Science and Technology", "type": "organization", "organization_type": "Education", "h_index": 52, "h5_index": 15, "num_publications": 1, "num_citations": 19, "num_publications_5y": 0, "num_citations_5y": 9, "num_publications_10y": 0, "num_citations_10y": 17, "publications_years": {"2007": 1}, "citations_years": {"2008": 1, "2009": 1, "2010": 2, "2011": 1, "2012": 3, "2013": 1, "2014": 3, "2015": 0, "2016": 0, "2017": 1, "2018": 5, "2019": 1}, "old_citations": {"2007": 19}, "isVisible": false}}, "topics": {"computer science": {"name": "computer science", "type": "topic", "h_index": 1779, "h5_index": 416, "num_publications": 30, "num_citations": 212, "num_publications_5y": 0, "num_citations_5y": 100, "num_publications_10y": 10, "num_citations_10y": 194, "publications_years": {"2007": 18, "2011": 9, "2009": 1, "2005": 1, "2003": 1}, "citations_years": {"2008": 4, "2009": 12, "2010": 13, "2011": 15, "2012": 36, "2013": 18, "2014": 30, "2015": 20, "2016": 25, "2017": 15, "2018": 10, "2019": 8, "2020": 6}, "old_citations": {"2007": 157, "2011": 33, "2009": 22, "2005": 0, "2003": 0}, "isVisible": false}, "computer systems": {"name": "computer systems", "type": "topic", "h_index": 1595, "h5_index": 367, "num_publications": 27, "num_citations": 179, "num_publications_5y": 0, "num_citations_5y": 81, "num_publications_10y": 9, "num_citations_10y": 164, "publications_years": {"2007": 16, "2011": 8, "2009": 1, "2005": 1, "2003": 1}, "citations_years": {"2008": 4, "2009": 11, "2010": 12, "2011": 15, "2012": 30, "2013": 15, "2014": 24, "2015": 18, "2016": 19, "2017": 12, "2018": 8, "2019": 7, "2020": 4}, "old_citations": {"2007": 130, "2011": 27, "2009": 22, "2005": 0, "2003": 0}, "isVisible": false}, "computer networks": {"name": "computer networks", "type": "topic", "h_index": 1262, "h5_index": 332, "num_publications": 23, "num_citations": 163, "num_publications_5y": 0, "num_citations_5y": 74, "num_publications_10y": 9, "num_citations_10y": 150, "publications_years": {"2007": 13, "2011": 8, "2009": 1, "2003": 1}, "citations_years": {"2008": 3, "2009": 10, "2010": 10, "2011": 14, "2012": 28, "2013": 14, "2014": 22, "2015": 17, "2016": 20, "2017": 12, "2018": 3, "2019": 6, "2020": 4}, "old_citations": {"2007": 111, "2011": 30, "2009": 22, "2003": 0}, "isVisible": false}, "telecommunication systems": {"name": "telecommunication systems", "type": "topic", "h_index": 1187, "h5_index": 277, "num_publications": 20, "num_citations": 130, "num_publications_5y": 0, "num_citations_5y": 63, "num_publications_10y": 8, "num_citations_10y": 120, "publications_years": {"2007": 11, "2011": 7, "2009": 1, "2003": 1}, "citations_years": {"2008": 2, "2009": 7, "2010": 8, "2011": 8, "2012": 23, "2013": 11, "2014": 19, "2015": 15, "2016": 17, "2017": 9, "2018": 3, "2019": 5, "2020": 3}, "old_citations": {"2007": 84, "2011": 24, "2009": 22, "2003": 0}, "isVisible": false}, "communication systems": {"name": "communication systems", "type": "topic", "h_index": 1092, "h5_index": 254, "num_publications": 19, "num_citations": 126, "num_publications_5y": 0, "num_citations_5y": 59, "num_publications_10y": 7, "num_citations_10y": 116, "publications_years": {"2007": 11, "2011": 6, "2009": 1, "2003": 1}, "citations_years": {"2008": 2, "2009": 7, "2010": 8, "2011": 8, "2012": 23, "2013": 11, "2014": 19, "2015": 15, "2016": 13, "2017": 9, "2018": 3, "2019": 5, "2020": 3}, "old_citations": {"2007": 84, "2011": 20, "2009": 22, "2003": 0}, "isVisible": false}, "mathematics": {"name": "mathematics", "type": "topic", "h_index": 1364, "h5_index": 300, "num_publications": 19, "num_citations": 109, "num_publications_5y": 0, "num_citations_5y": 50, "num_publications_10y": 6, "num_citations_10y": 101, "publications_years": {"2007": 12, "2011": 6, "2003": 1}, "citations_years": {"2010": 6, "2011": 11, "2012": 19, "2013": 8, "2014": 17, "2015": 11, "2016": 7, "2017": 9, "2018": 6, "2019": 2, "2020": 3, "2008": 3, "2009": 7}, "old_citations": {"2007": 85, "2011": 24, "2003": 0}, "isVisible": false}, "wireless telecommunication systems": {"name": "wireless telecommunication systems", "type": "topic", "h_index": 1087, "h5_index": 254, "num_publications": 19, "num_citations": 126, "num_publications_5y": 0, "num_citations_5y": 59, "num_publications_10y": 7, "num_citations_10y": 116, "publications_years": {"2007": 11, "2011": 6, "2009": 1, "2003": 1}, "citations_years": {"2008": 2, "2009": 7, "2010": 8, "2011": 8, "2012": 23, "2013": 11, "2014": 19, "2015": 15, "2016": 13, "2017": 9, "2018": 3, "2019": 5, "2020": 3}, "old_citations": {"2007": 84, "2011": 20, "2009": 22, "2003": 0}, "isVisible": false}, "computer hardware": {"name": "computer hardware", "type": "topic", "h_index": 1150, "h5_index": 279, "num_publications": 16, "num_citations": 104, "num_publications_5y": 0, "num_citations_5y": 50, "num_publications_10y": 6, "num_citations_10y": 95, "publications_years": {"2007": 9, "2011": 5, "2009": 1, "2003": 1}, "citations_years": {"2010": 7, "2011": 6, "2012": 20, "2013": 8, "2014": 14, "2015": 13, "2016": 10, "2017": 5, "2018": 8, "2019": 5, "2020": 2, "2009": 4, "2008": 2}, "old_citations": {"2007": 66, "2011": 16, "2009": 22, "2003": 0}, "isVisible": false}, "engineering": {"name": "engineering", "type": "topic", "h_index": 1177, "h5_index": 287, "num_publications": 16, "num_citations": 124, "num_publications_5y": 0, "num_citations_5y": 59, "num_publications_10y": 7, "num_citations_10y": 115, "publications_years": {"2007": 8, "2011": 6, "2009": 1, "2003": 1}, "citations_years": {"2008": 2, "2009": 7, "2010": 10, "2011": 7, "2012": 22, "2013": 10, "2014": 17, "2015": 11, "2016": 15, "2017": 9, "2018": 7, "2019": 4, "2020": 3}, "old_citations": {"2007": 79, "2011": 23, "2009": 22, "2003": 0}, "isVisible": false}, "sensors": {"name": "sensors", "type": "topic", "h_index": 960, "h5_index": 229, "num_publications": 14, "num_citations": 85, "num_publications_5y": 0, "num_citations_5y": 41, "num_publications_10y": 6, "num_citations_10y": 78, "publications_years": {"2007": 7, "2011": 5, "2009": 1, "2003": 1}, "citations_years": {"2010": 5, "2011": 5, "2012": 17, "2013": 7, "2014": 11, "2015": 13, "2016": 10, "2017": 4, "2018": 3, "2019": 4, "2020": 2, "2009": 3, "2008": 1}, "old_citations": {"2007": 47, "2011": 16, "2009": 22, "2003": 0}, "isVisible": false}, "distributed computer systems": {"name": "distributed computer systems", "type": "topic", "h_index": 985, "h5_index": 228, "num_publications": 11, "num_citations": 83, "num_publications_5y": 0, "num_citations_5y": 40, "num_publications_10y": 2, "num_citations_10y": 76, "publications_years": {"2007": 8, "2011": 2, "2003": 1}, "citations_years": {"2008": 3, "2009": 6, "2010": 5, "2011": 6, "2012": 12, "2013": 7, "2014": 15, "2015": 6, "2016": 9, "2017": 5, "2018": 5, "2019": 2, "2020": 2}, "old_citations": {"2007": 76, "2011": 7, "2003": 0}, "isVisible": false}, "electricity": {"name": "electricity", "type": "topic", "h_index": 643, "h5_index": 148, "num_publications": 11, "num_citations": 88, "num_publications_5y": 0, "num_citations_5y": 43, "num_publications_10y": 6, "num_citations_10y": 82, "publications_years": {"2007": 4, "2011": 5, "2009": 1, "2003": 1}, "citations_years": {"2008": 1, "2009": 6, "2010": 6, "2011": 4, "2012": 15, "2013": 8, "2014": 10, "2015": 9, "2016": 14, "2017": 8, "2018": 2, "2019": 3, "2020": 2}, "old_citations": {"2007": 47, "2011": 19, "2009": 22, "2003": 0}, "isVisible": false}, "optical fibers": {"name": "optical fibers", "type": "topic", "h_index": 457, "h5_index": 111, "num_publications": 11, "num_citations": 67, "num_publications_5y": 0, "num_citations_5y": 33, "num_publications_10y": 4, "num_citations_10y": 60, "publications_years": {"2007": 6, "2009": 1, "2011": 3, "2003": 1}, "citations_years": {"2010": 5, "2011": 4, "2012": 13, "2013": 4, "2014": 9, "2015": 11, "2016": 10, "2017": 1, "2018": 2, "2019": 4, "2020": 2, "2008": 1, "2009": 1}, "old_citations": {"2007": 36, "2009": 22, "2011": 9, "2003": 0}, "isVisible": false}, "bandwidth": {"name": "bandwidth", "type": "topic", "h_index": 922, "h5_index": 201, "num_publications": 10, "num_citations": 32, "num_publications_5y": 0, "num_citations_5y": 19, "num_publications_10y": 5, "num_citations_10y": 31, "publications_years": {"2007": 4, "2011": 5, "2003": 1}, "citations_years": {"2010": 1, "2011": 3, "2012": 6, "2013": 2, "2014": 7, "2015": 1, "2016": 6, "2017": 4, "2018": 1, "2019": 0, "2020": 1}, "old_citations": {"2007": 14, "2011": 18, "2003": 0}, "isVisible": false}, "fiber optic networks": {"name": "fiber optic networks", "type": "topic", "h_index": 431, "h5_index": 112, "num_publications": 10, "num_citations": 63, "num_publications_5y": 0, "num_citations_5y": 31, "num_publications_10y": 3, "num_citations_10y": 56, "publications_years": {"2007": 6, "2009": 1, "2011": 2, "2003": 1}, "citations_years": {"2010": 5, "2011": 4, "2012": 11, "2013": 4, "2014": 8, "2015": 10, "2016": 10, "2017": 1, "2018": 2, "2019": 4, "2020": 2, "2008": 1, "2009": 1}, "old_citations": {"2007": 36, "2009": 22, "2011": 5, "2003": 0}, "isVisible": false}, "optical materials": {"name": "optical materials", "type": "topic", "h_index": 363, "h5_index": 93, "num_publications": 10, "num_citations": 63, "num_publications_5y": 0, "num_citations_5y": 31, "num_publications_10y": 3, "num_citations_10y": 56, "publications_years": {"2007": 6, "2009": 1, "2011": 2, "2003": 1}, "citations_years": {"2010": 5, "2011": 4, "2012": 11, "2013": 4, "2014": 8, "2015": 10, "2016": 10, "2017": 1, "2018": 2, "2019": 4, "2020": 2, "2008": 1, "2009": 1}, "old_citations": {"2007": 36, "2009": 22, "2011": 5, "2003": 0}, "isVisible": false}, "artificial intelligence": {"name": "artificial intelligence", "type": "topic", "h_index": 1421, "h5_index": 373, "num_publications": 9, "num_citations": 62, "num_publications_5y": 0, "num_citations_5y": 27, "num_publications_10y": 1, "num_citations_10y": 57, "publications_years": {"2011": 1, "2007": 6, "2005": 1, "2003": 1}, "citations_years": {"2012": 7, "2013": 7, "2014": 6, "2015": 6, "2016": 6, "2017": 7, "2018": 2, "2008": 1, "2009": 6, "2010": 2, "2011": 8, "2019": 1, "2020": 3}, "old_citations": {"2011": 5, "2007": 57, "2005": 0, "2003": 0}, "isVisible": false}, "distributed systems": {"name": "distributed systems", "type": "topic", "h_index": 859, "h5_index": 209, "num_publications": 9, "num_citations": 71, "num_publications_5y": 0, "num_citations_5y": 35, "num_publications_10y": 2, "num_citations_10y": 65, "publications_years": {"2007": 6, "2011": 2, "2003": 1}, "citations_years": {"2008": 3, "2009": 6, "2010": 4, "2011": 4, "2012": 10, "2013": 6, "2014": 12, "2015": 5, "2016": 8, "2017": 5, "2018": 5, "2019": 2, "2020": 1}, "old_citations": {"2007": 64, "2011": 7, "2003": 0}, "isVisible": false}, "economics": {"name": "economics", "type": "topic", "h_index": 583, "h5_index": 144, "num_publications": 9, "num_citations": 77, "num_publications_5y": 0, "num_citations_5y": 37, "num_publications_10y": 4, "num_citations_10y": 70, "publications_years": {"2007": 5, "2011": 4}, "citations_years": {"2008": 1, "2009": 4, "2010": 4, "2011": 4, "2012": 13, "2013": 8, "2014": 13, "2015": 4, "2016": 13, "2017": 5, "2018": 2, "2019": 4, "2020": 2}, "old_citations": {"2007": 63, "2011": 14}, "isVisible": false}, "parallel processing systems": {"name": "parallel processing systems", "type": "topic", "h_index": 845, "h5_index": 208, "num_publications": 9, "num_citations": 71, "num_publications_5y": 0, "num_citations_5y": 35, "num_publications_10y": 2, "num_citations_10y": 65, "publications_years": {"2007": 6, "2011": 2, "2003": 1}, "citations_years": {"2008": 3, "2009": 6, "2010": 4, "2011": 4, "2012": 10, "2013": 6, "2014": 12, "2015": 5, "2016": 8, "2017": 5, "2018": 5, "2019": 2, "2020": 1}, "old_citations": {"2007": 64, "2011": 7, "2003": 0}, "isVisible": false}, "distribution systems": {"name": "distribution systems", "type": "topic", "h_index": 200, "h5_index": 64, "num_publications": 5, "num_citations": 56, "num_publications_5y": 0, "num_citations_5y": 27, "num_publications_10y": 2, "num_citations_10y": 52, "publications_years": {"2007": 3, "2011": 2}, "citations_years": {"2008": 1, "2009": 4, "2010": 3, "2011": 5, "2012": 8, "2013": 5, "2014": 11, "2015": 3, "2016": 8, "2017": 5, "2018": 0, "2019": 1, "2020": 2}, "old_citations": {"2007": 48, "2011": 8}, "isVisible": false}, "energy utilization": {"name": "energy utilization", "type": "topic", "h_index": 640, "h5_index": 146, "num_publications": 7, "num_citations": 51, "num_publications_5y": 0, "num_citations_5y": 26, "num_publications_10y": 4, "num_citations_10y": 48, "publications_years": {"2007": 2, "2011": 4, "2003": 1}, "citations_years": {"2008": 1, "2009": 4, "2010": 2, "2011": 3, "2012": 8, "2013": 5, "2014": 8, "2015": 3, "2016": 7, "2017": 7, "2018": 1, "2019": 1, "2020": 1}, "old_citations": {"2007": 36, "2011": 15, "2003": 0}, "isVisible": false}, "telecommunication networks": {"name": "telecommunication networks", "type": "topic", "h_index": 1116, "h5_index": 258, "num_publications": 8, "num_citations": 26, "num_publications_5y": 0, "num_citations_5y": 15, "num_publications_10y": 4, "num_citations_10y": 25, "publications_years": {"2007": 3, "2011": 4, "2003": 1}, "citations_years": {"2010": 1, "2011": 3, "2012": 4, "2013": 2, "2014": 5, "2015": 1, "2016": 5, "2017": 3, "2018": 1, "2019": 0, "2020": 1}, "old_citations": {"2007": 14, "2011": 12, "2003": 0}, "isVisible": false}, "telecommunication traffic": {"name": "telecommunication traffic", "type": "topic", "h_index": 1036, "h5_index": 233, "num_publications": 8, "num_citations": 26, "num_publications_5y": 0, "num_citations_5y": 15, "num_publications_10y": 4, "num_citations_10y": 25, "publications_years": {"2007": 3, "2011": 4, "2003": 1}, "citations_years": {"2010": 1, "2011": 3, "2012": 4, "2013": 2, "2014": 5, "2015": 1, "2016": 5, "2017": 3, "2018": 1, "2019": 0, "2020": 1}, "old_citations": {"2007": 14, "2011": 12, "2003": 0}, "isVisible": false}, "commerce": {"name": "commerce", "type": "topic", "h_index": 443, "h5_index": 129, "num_publications": 4, "num_citations": 44, "num_publications_5y": 0, "num_citations_5y": 21, "num_publications_10y": 3, "num_citations_10y": 41, "publications_years": {"2007": 1, "2011": 3}, "citations_years": {"2008": 1, "2009": 4, "2010": 2, "2011": 2, "2012": 7, "2013": 5, "2014": 7, "2015": 2, "2016": 7, "2017": 5, "2018": 0, "2019": 1, "2020": 1}, "old_citations": {"2007": 34, "2011": 10}, "isVisible": false}, "computer imaging and vision": {"name": "computer imaging and vision", "type": "topic", "h_index": 1142, "h5_index": 334, "num_publications": 4, "num_citations": 16, "num_publications_5y": 0, "num_citations_5y": 10, "num_publications_10y": 3, "num_citations_10y": 16, "publications_years": {"2011": 3, "2007": 1}, "citations_years": {"2012": 5, "2013": 0, "2014": 4, "2015": 1, "2016": 1, "2017": 3, "2018": 1, "2010": 1}, "old_citations": {"2011": 15, "2007": 1}, "isVisible": false}, "harmonic analysis": {"name": "harmonic analysis", "type": "topic", "h_index": 74, "h5_index": 17, "num_publications": 5, "num_citations": 10, "num_publications_5y": 0, "num_citations_5y": 7, "num_publications_10y": 3, "num_citations_10y": 10, "publications_years": {"2007": 2, "2011": 3}, "citations_years": {"2017": 2, "2012": 3, "2013": 0, "2014": 3, "2015": 1, "2016": 1}, "old_citations": {"2007": 0, "2011": 10}, "isVisible": false}, "image processing": {"name": "image processing", "type": "topic", "h_index": 1113, "h5_index": 328, "num_publications": 4, "num_citations": 16, "num_publications_5y": 0, "num_citations_5y": 10, "num_publications_10y": 3, "num_citations_10y": 16, "publications_years": {"2011": 3, "2007": 1}, "citations_years": {"2012": 5, "2013": 0, "2014": 4, "2015": 1, "2016": 1, "2017": 3, "2018": 1, "2010": 1}, "old_citations": {"2011": 15, "2007": 1}, "isVisible": false}, "wavelet": {"name": "wavelet", "type": "topic", "h_index": 267, "h5_index": 60, "num_publications": 2, "num_citations": 11, "num_publications_5y": 0, "num_citations_5y": 8, "num_publications_10y": 2, "num_citations_10y": 11, "publications_years": {"2011": 2}, "citations_years": {"2012": 3, "2013": 0, "2014": 3, "2015": 0, "2016": 1, "2017": 3, "2018": 1}, "old_citations": {"2011": 11}, "isVisible": false}, "wavelet analysis": {"name": "wavelet analysis", "type": "topic", "h_index": 182, "h5_index": 48, "num_publications": 2, "num_citations": 11, "num_publications_5y": 0, "num_citations_5y": 8, "num_publications_10y": 2, "num_citations_10y": 11, "publications_years": {"2011": 2}, "citations_years": {"2012": 3, "2013": 0, "2014": 3, "2015": 0, "2016": 1, "2017": 3, "2018": 1}, "old_citations": {"2011": 11}, "isVisible": false}}, "authors": {"2124604376": {"name": "k l lo", "type": "author", "activity": 24, "h_index": 5, "h5_index": 1, "mag_id": "2124604376", "num_publications": 2, "num_citations": 10, "num_publications_5y": 0, "num_citations_5y": 8, "num_publications_10y": 2, "num_citations_10y": 10, "publications_years": {"2011": 2}, "citations_years": {"2016": 5, "2012": 2, "2013": 0, "2014": 2, "2015": 0, "2017": 1}, "old_citations": {"2011": 10}, "isVisible": false}, "137003249": {"name": "janusz mroczka", "type": "author", "activity": 16, "h_index": 7, "h5_index": 1, "mag_id": "137003249", "num_publications": 1, "num_citations": 19, "num_publications_5y": 0, "num_citations_5y": 9, "num_publications_10y": 0, "num_citations_10y": 17, "publications_years": {"2007": 1}, "citations_years": {"2008": 1, "2009": 1, "2010": 2, "2011": 1, "2012": 3, "2013": 1, "2014": 3, "2015": 0, "2016": 0, "2017": 1, "2018": 5, "2019": 1}, "old_citations": {"2007": 19}, "isVisible": false}, "231657052": {"name": "pau lloretgallego", "type": "author", "activity": 9, "h_index": 1, "h5_index": 0, "mag_id": "231657052", "num_publications": 1, "num_citations": 3, "num_publications_5y": 0, "num_citations_5y": 3, "num_publications_10y": 1, "num_citations_10y": 3, "publications_years": {"2011": 1}, "citations_years": {"2014": 1, "2015": 0, "2016": 1, "2017": 1}, "old_citations": {"2011": 3}, "isVisible": false}, "255903033": {"name": "p varilone", "type": "author", "activity": 19, "h_index": 4, "h5_index": 1, "mag_id": "255903033", "num_publications": 1, "num_citations": 12, "num_publications_5y": 0, "num_citations_5y": 5, "num_publications_10y": 0, "num_citations_10y": 11, "publications_years": {"2007": 1}, "citations_years": {"2010": 1, "2011": 2, "2012": 2, "2013": 1, "2014": 3, "2015": 1, "2016": 1, "2017": 0, "2018": 0, "2019": 0, "2020": 1}, "old_citations": {"2007": 12}, "isVisible": false}, "286066992": {"name": "monthon leelajindakrairerk", "type": "author", "activity": 11, "h_index": 1, "h5_index": 0, "mag_id": "286066992", "num_publications": 1, "num_citations": 0, "num_publications_5y": 0, "num_citations_5y": 0, "num_publications_10y": 0, "num_citations_10y": 0, "publications_years": {"2007": 1}, "citations_years": {}, "old_citations": {"2007": 0}, "isVisible": false}, "369130625": {"name": "i mastrandrea", "type": "author", "activity": 1, "h_index": 1, "h5_index": 0, "mag_id": "369130625", "num_publications": 1, "num_citations": 12, "num_publications_5y": 0, "num_citations_5y": 5, "num_publications_10y": 0, "num_citations_10y": 11, "publications_years": {"2007": 1}, "citations_years": {"2010": 1, "2011": 2, "2012": 2, "2013": 1, "2014": 3, "2015": 1, "2016": 1, "2017": 0, "2018": 0, "2019": 0, "2020": 1}, "old_citations": {"2007": 12}, "isVisible": false}, "795695473": {"name": "m szmajda", "type": "author", "activity": 15, "h_index": 1, "h5_index": 0, "mag_id": "795695473", "num_publications": 1, "num_citations": 19, "num_publications_5y": 0, "num_citations_5y": 9, "num_publications_10y": 0, "num_citations_10y": 17, "publications_years": {"2007": 1}, "citations_years": {"2008": 1, "2009": 1, "2010": 2, "2011": 1, "2012": 3, "2013": 1, "2014": 3, "2015": 0, "2016": 0, "2017": 1, "2018": 5, "2019": 1}, "old_citations": {"2007": 19}, "isVisible": false}, "937379621": {"name": "manuel alcazarortega", "type": "author", "activity": 9, "h_index": 1, "h5_index": 0, "mag_id": "937379621", "num_publications": 1, "num_citations": 2, "num_publications_5y": 0, "num_citations_5y": 0, "num_publications_10y": 1, "num_citations_10y": 2, "publications_years": {"2011": 1}, "citations_years": {"2012": 1, "2013": 1}, "old_citations": {"2011": 2}, "isVisible": false}, "971249362": {"name": "marina a tsili", "type": "author", "activity": 4, "h_index": 2, "h5_index": 0, "mag_id": "971249362", "num_publications": 1, "num_citations": 10, "num_publications_5y": 0, "num_citations_5y": 4, "num_publications_10y": 0, "num_citations_10y": 9, "publications_years": {"2007": 1}, "citations_years": {"2010": 1, "2011": 0, "2012": 3, "2013": 1, "2014": 2, "2015": 0, "2016": 1, "2017": 0, "2018": 1, "2019": 1}, "old_citations": {"2007": 10}, "isVisible": false}, "1145339742": {"name": "agusti egeaalvarez", "type": "author", "activity": 9, "h_index": 2, "h5_index": 0, "mag_id": "1145339742", "num_publications": 1, "num_citations": 3, "num_publications_5y": 0, "num_citations_5y": 3, "num_publications_10y": 1, "num_citations_10y": 3, "publications_years": {"2011": 1}, "citations_years": {"2014": 1, "2015": 0, "2016": 1, "2017": 1}, "old_citations": {"2011": 3}, "isVisible": false}, "1768870331": {"name": "p tricoli", "type": "author", "activity": 13, "h_index": 3, "h5_index": 2, "mag_id": "1768870331", "num_publications": 1, "num_citations": 0, "num_publications_5y": 0, "num_citations_5y": 0, "num_publications_10y": 0, "num_citations_10y": 0, "publications_years": {"2007": 1}, "citations_years": {}, "old_citations": {"2007": 0}, "isVisible": false}, "1868657421": {"name": "indrek roasto", "type": "author", "activity": 12, "h_index": 5, "h5_index": 1, "mag_id": "1868657421", "num_publications": 1, "num_citations": 22, "num_publications_5y": 0, "num_citations_5y": 9, "num_publications_10y": 1, "num_citations_10y": 19, "publications_years": {"2009": 1}, "citations_years": {"2010": 4, "2011": 0, "2012": 5, "2013": 1, "2014": 1, "2015": 4, "2016": 3, "2017": 0, "2018": 1, "2019": 2, "2020": 1}, "old_citations": {"2009": 22}, "isVisible": false}, "1906026339": {"name": "ondrej viktorin", "type": "author", "activity": 1, "h_index": 0, "h5_index": 0, "mag_id": "1906026339", "num_publications": 1, "num_citations": 0, "num_publications_5y": 0, "num_citations_5y": 0, "num_publications_10y": 0, "num_citations_10y": 0, "publications_years": {"2005": 1}, "citations_years": {}, "old_citations": {"2005": 0}, "isVisible": false}, "1907658061": {"name": "tanel jalakas", "type": "author", "activity": 13, "h_index": 5, "h5_index": 1, "mag_id": "1907658061", "num_publications": 1, "num_citations": 22, "num_publications_5y": 0, "num_citations_5y": 9, "num_publications_10y": 1, "num_citations_10y": 19, "publications_years": {"2009": 1}, "citations_years": {"2010": 4, "2011": 0, "2012": 5, "2013": 1, "2014": 1, "2015": 4, "2016": 3, "2017": 0, "2018": 1, "2019": 2, "2020": 1}, "old_citations": {"2009": 22}, "isVisible": false}, "1911559164": {"name": "roberto villafafilarobles", "type": "author", "activity": 11, "h_index": 3, "h5_index": 0, "mag_id": "1911559164", "num_publications": 1, "num_citations": 3, "num_publications_5y": 0, "num_citations_5y": 3, "num_publications_10y": 1, "num_citations_10y": 3, "publications_years": {"2011": 1}, "citations_years": {"2014": 1, "2015": 0, "2016": 1, "2017": 1}, "old_citations": {"2011": 3}, "isVisible": false}, "1963494607": {"name": "f kavehnia", "type": "author", "activity": 2, "h_index": 1, "h5_index": 0, "mag_id": "1963494607", "num_publications": 1, "num_citations": 17, "num_publications_5y": 0, "num_citations_5y": 11, "num_publications_10y": 0, "num_citations_10y": 15, "publications_years": {"2007": 1}, "citations_years": {"2009": 1, "2010": 0, "2011": 0, "2012": 1, "2013": 2, "2014": 2, "2015": 2, "2016": 4, "2017": 2, "2018": 1, "2019": 0, "2020": 2}, "old_citations": {"2007": 17}, "isVisible": false}, "1964170650": {"name": "j lykkegaard", "type": "author", "activity": 1, "h_index": 0, "h5_index": 0, "mag_id": "1964170650", "num_publications": 1, "num_citations": 0, "num_publications_5y": 0, "num_citations_5y": 0, "num_publications_10y": 0, "num_citations_10y": 0, "publications_years": {"2007": 1}, "citations_years": {}, "old_citations": {"2007": 0}, "isVisible": false}, "1986764388": {"name": "dmitri vinnikov", "type": "author", "activity": 13, "h_index": 8, "h5_index": 2, "mag_id": "1986764388", "num_publications": 1, "num_citations": 22, "num_publications_5y": 0, "num_citations_5y": 9, "num_publications_10y": 1, "num_citations_10y": 19, "publications_years": {"2009": 1}, "citations_years": {"2010": 4, "2011": 0, "2012": 5, "2013": 1, "2014": 1, "2015": 4, "2016": 3, "2017": 0, "2018": 1, "2019": 2, "2020": 1}, "old_citations": {"2009": 22}, "isVisible": false}, "1986823759": {"name": "n farokhnia", "type": "author", "activity": 7, "h_index": 4, "h5_index": 0, "mag_id": "1986823759", "num_publications": 1, "num_citations": 3, "num_publications_5y": 0, "num_citations_5y": 2, "num_publications_10y": 1, "num_citations_10y": 3, "publications_years": {"2011": 1}, "citations_years": {"2012": 1, "2013": 0, "2014": 1, "2015": 1}, "old_citations": {"2011": 3}, "isVisible": false}, "1987157597": {"name": "johan driesen", "type": "author", "activity": 22, "h_index": 13, "h5_index": 3, "mag_id": "1987157597", "num_publications": 1, "num_citations": 0, "num_publications_5y": 0, "num_citations_5y": 0, "num_publications_10y": 0, "num_citations_10y": 0, "publications_years": {"2005": 1}, "citations_years": {}, "old_citations": {"2005": 0}, "isVisible": false}, "2000225153": {"name": "j wasilewski", "type": "author", "activity": 11, "h_index": 2, "h5_index": 0, "mag_id": "2000225153", "num_publications": 1, "num_citations": 0, "num_publications_5y": 0, "num_citations_5y": 0, "num_publications_10y": 0, "num_citations_10y": 0, "publications_years": {"2007": 1}, "citations_years": {}, "old_citations": {"2007": 0}, "isVisible": false}, "2004206243": {"name": "a graillot", "type": "author", "activity": 1, "h_index": 1, "h5_index": 0, "mag_id": "2004206243", "num_publications": 1, "num_citations": 34, "num_publications_5y": 0, "num_citations_5y": 14, "num_publications_10y": 0, "num_citations_10y": 32, "publications_years": {"2007": 1}, "citations_years": {"2008": 1, "2009": 4, "2010": 2, "2011": 2, "2012": 6, "2013": 4, "2014": 5, "2015": 1, "2016": 5, "2017": 3, "2018": 0, "2019": 1}, "old_citations": {"2007": 34}, "isVisible": false}, "2021155614": {"name": "carlos alvarez bel", "type": "author", "activity": 7, "h_index": 1, "h5_index": 0, "mag_id": "2021155614", "num_publications": 1, "num_citations": 2, "num_publications_5y": 0, "num_citations_5y": 0, "num_publications_10y": 1, "num_citations_10y": 2, "publications_years": {"2011": 1}, "citations_years": {"2012": 1, "2013": 1}, "old_citations": {"2011": 2}, "isVisible": false}, "2032787700": {"name": "p gburczyk", "type": "author", "activity": 1, "h_index": 1, "h5_index": 0, "mag_id": "2032787700", "num_publications": 1, "num_citations": 1, "num_publications_5y": 0, "num_citations_5y": 0, "num_publications_10y": 0, "num_citations_10y": 1, "publications_years": {"2007": 1}, "citations_years": {"2010": 1}, "old_citations": {"2007": 1}, "isVisible": false}, "2036394285": {"name": "gert mehlmann", "type": "author", "activity": 2, "h_index": 3, "h5_index": 0, "mag_id": "2036394285", "num_publications": 1, "num_citations": 4, "num_publications_5y": 0, "num_citations_5y": 2, "num_publications_10y": 1, "num_citations_10y": 4, "publications_years": {"2011": 1}, "citations_years": {"2012": 2, "2013": 0, "2014": 1, "2015": 1}, "old_citations": {"2011": 4}, "isVisible": false}, "2036665133": {"name": "mircea chindris", "type": "author", "activity": 8, "h_index": 2, "h5_index": 0, "mag_id": "2036665133", "num_publications": 1, "num_citations": 2, "num_publications_5y": 0, "num_citations_5y": 1, "num_publications_10y": 0, "num_citations_10y": 2, "publications_years": {"2007": 1}, "citations_years": {"2011": 1, "2012": 0, "2013": 0, "2014": 1}, "old_citations": {"2007": 2}, "isVisible": false}, "2039454688": {"name": "krzysztof gorecki", "type": "author", "activity": 13, "h_index": 1, "h5_index": 0, "mag_id": "2039454688", "num_publications": 1, "num_citations": 19, "num_publications_5y": 0, "num_citations_5y": 9, "num_publications_10y": 0, "num_citations_10y": 17, "publications_years": {"2007": 1}, "citations_years": {"2008": 1, "2009": 1, "2010": 2, "2011": 1, "2012": 3, "2013": 1, "2014": 3, "2015": 0, "2016": 0, "2017": 1, "2018": 5, "2019": 1}, "old_citations": {"2007": 19}, "isVisible": false}, "2040301487": {"name": "aleksandar milchevski", "type": "author", "activity": 5, "h_index": 2, "h5_index": 0, "mag_id": "2040301487", "num_publications": 1, "num_citations": 5, "num_publications_5y": 0, "num_citations_5y": 4, "num_publications_10y": 1, "num_citations_10y": 5, "publications_years": {"2011": 1}, "citations_years": {"2012": 1, "2013": 0, "2014": 1, "2015": 0, "2016": 0, "2017": 2, "2018": 1}, "old_citations": {"2011": 5}, "isVisible": false}, "2052779821": {"name": "w l kling", "type": "author", "activity": 16, "h_index": 11, "h5_index": 2, "mag_id": "2052779821", "num_publications": 1, "num_citations": 27, "num_publications_5y": 0, "num_citations_5y": 7, "num_publications_10y": 0, "num_citations_10y": 24, "publications_years": {"2007": 1}, "citations_years": {"2008": 1, "2009": 3, "2010": 2, "2011": 6, "2012": 3, "2013": 3, "2014": 1, "2015": 2, "2016": 2, "2017": 2, "2018": 0, "2019": 1, "2020": 1}, "old_citations": {"2007": 27}, "isVisible": false}, "2080917012": {"name": "w wiechowski", "type": "author", "activity": 9, "h_index": 4, "h5_index": 0, "mag_id": "2080917012", "num_publications": 1, "num_citations": 0, "num_publications_5y": 0, "num_citations_5y": 0, "num_publications_10y": 0, "num_citations_10y": 0, "publications_years": {"2007": 1}, "citations_years": {}, "old_citations": {"2007": 0}, "isVisible": false}, "2091804408": {"name": "a tenconi", "type": "author", "activity": 23, "h_index": 8, "h5_index": 0, "mag_id": "2091804408", "num_publications": 1, "num_citations": 2, "num_publications_5y": 0, "num_citations_5y": 1, "num_publications_10y": 0, "num_citations_10y": 2, "publications_years": {"2007": 1}, "citations_years": {"2011": 1, "2012": 0, "2013": 0, "2014": 0, "2015": 1}, "old_citations": {"2007": 2}, "isVisible": false}, "2096442310": {"name": "petr bilik", "type": "author", "activity": 13, "h_index": 8, "h5_index": 6, "mag_id": "2096442310", "num_publications": 1, "num_citations": 11, "num_publications_5y": 0, "num_citations_5y": 8, "num_publications_10y": 0, "num_citations_10y": 10, "publications_years": {"2007": 1}, "citations_years": {"2008": 1, "2009": 1, "2010": 0, "2011": 1, "2012": 0, "2013": 0, "2014": 3, "2015": 3, "2016": 2}, "old_citations": {"2007": 11}, "isVisible": false}, "2096742559": {"name": "j h blom", "type": "author", "activity": 2, "h_index": 1, "h5_index": 0, "mag_id": "2096742559", "num_publications": 1, "num_citations": 27, "num_publications_5y": 0, "num_citations_5y": 7, "num_publications_10y": 0, "num_citations_10y": 24, "publications_years": {"2007": 1}, "citations_years": {"2008": 1, "2009": 3, "2010": 2, "2011": 6, "2012": 3, "2013": 3, "2014": 1, "2015": 2, "2016": 2, "2017": 2, "2018": 0, "2019": 1, "2020": 1}, "old_citations": {"2007": 27}, "isVisible": false}, "2100941214": {"name": "joaquim delgado", "type": "author", "activity": 3, "h_index": 1, "h5_index": 0, "mag_id": "2100941214", "num_publications": 1, "num_citations": 7, "num_publications_5y": 0, "num_citations_5y": 3, "num_publications_10y": 0, "num_citations_10y": 5, "publications_years": {"2007": 1}, "citations_years": {"2012": 1, "2013": 1, "2014": 1, "2015": 1, "2016": 0, "2017": 0, "2018": 1, "2019": 2}, "old_citations": {"2007": 7}, "isVisible": false}, "2101016040": {"name": "m r askari", "type": "author", "activity": 2, "h_index": 1, "h5_index": 0, "mag_id": "2101016040", "num_publications": 1, "num_citations": 17, "num_publications_5y": 0, "num_citations_5y": 11, "num_publications_10y": 0, "num_citations_10y": 15, "publications_years": {"2007": 1}, "citations_years": {"2009": 1, "2010": 0, "2011": 0, "2012": 1, "2013": 2, "2014": 2, "2015": 2, "2016": 4, "2017": 2, "2018": 1, "2019": 0, "2020": 2}, "old_citations": {"2007": 17}, "isVisible": false}, "2102291407": {"name": "yoshibumi mizutani", "type": "author", "activity": 11, "h_index": 1, "h5_index": 0, "mag_id": "2102291407", "num_publications": 1, "num_citations": 0, "num_publications_5y": 0, "num_citations_5y": 0, "num_publications_10y": 0, "num_citations_10y": 0, "publications_years": {"2007": 1}, "citations_years": {}, "old_citations": {"2007": 0}, "isVisible": false}, "2105213772": {"name": "l koval", "type": "author", "activity": 2, "h_index": 2, "h5_index": 0, "mag_id": "2105213772", "num_publications": 1, "num_citations": 11, "num_publications_5y": 0, "num_citations_5y": 8, "num_publications_10y": 0, "num_citations_10y": 10, "publications_years": {"2007": 1}, "citations_years": {"2008": 1, "2009": 1, "2010": 0, "2011": 1, "2012": 0, "2013": 0, "2014": 3, "2015": 3, "2016": 2}, "old_citations": {"2007": 11}, "isVisible": false}, "2107369451": {"name": "camilo a cortes", "type": "author", "activity": 13, "h_index": 3, "h5_index": 3, "mag_id": "2107369451", "num_publications": 1, "num_citations": 11, "num_publications_5y": 0, "num_citations_5y": 4, "num_publications_10y": 0, "num_citations_10y": 11, "publications_years": {"2007": 1}, "citations_years": {"2009": 2, "2010": 0, "2011": 1, "2012": 2, "2013": 2, "2014": 1, "2015": 2, "2016": 0, "2017": 1}, "old_citations": {"2007": 11}, "isVisible": false}, "2108187088": {"name": "jose antenor pomilio", "type": "author", "activity": 26, "h_index": 5, "h5_index": 3, "mag_id": "2108187088", "num_publications": 1, "num_citations": 5, "num_publications_5y": 0, "num_citations_5y": 4, "num_publications_10y": 1, "num_citations_10y": 4, "publications_years": {"2011": 1}, "citations_years": {"2014": 1, "2015": 1, "2016": 1, "2017": 1, "2018": 0, "2019": 0, "2020": 1}, "old_citations": {"2011": 5}, "isVisible": false}, "2109163567": {"name": "ronnie belmans", "type": "author", "activity": 25, "h_index": 12, "h5_index": 0, "mag_id": "2109163567", "num_publications": 1, "num_citations": 0, "num_publications_5y": 0, "num_citations_5y": 0, "num_publications_10y": 0, "num_citations_10y": 0, "publications_years": {"2005": 1}, "citations_years": {}, "old_citations": {"2005": 0}, "isVisible": false}, "2112508100": {"name": "guillermo escriva escriva", "type": "author", "activity": 1, "h_index": 1, "h5_index": 0, "mag_id": "2112508100", "num_publications": 1, "num_citations": 2, "num_publications_5y": 0, "num_citations_5y": 0, "num_publications_10y": 1, "num_citations_10y": 2, "publications_years": {"2011": 1}, "citations_years": {"2012": 1, "2013": 1}, "old_citations": {"2011": 2}, "isVisible": false}, "2115847460": {"name": "g griva", "type": "author", "activity": 26, "h_index": 6, "h5_index": 1, "mag_id": "2115847460", "num_publications": 1, "num_citations": 2, "num_publications_5y": 0, "num_citations_5y": 1, "num_publications_10y": 0, "num_citations_10y": 2, "publications_years": {"2007": 1}, "citations_years": {"2011": 1, "2012": 0, "2013": 0, "2014": 0, "2015": 1}, "old_citations": {"2007": 2}, "isVisible": false}, "2121073690": {"name": "johan rens", "type": "author", "activity": 9, "h_index": 2, "h5_index": 1, "mag_id": "2121073690", "num_publications": 1, "num_citations": 1, "num_publications_5y": 0, "num_citations_5y": 1, "num_publications_10y": 1, "num_citations_10y": 1, "publications_years": {"2011": 1}, "citations_years": {"2017": 1}, "old_citations": {"2011": 1}, "isVisible": false}, "2125733495": {"name": "a t de almeida", "type": "author", "activity": 19, "h_index": 11, "h5_index": 0, "mag_id": "2125733495", "num_publications": 1, "num_citations": 7, "num_publications_5y": 0, "num_citations_5y": 3, "num_publications_10y": 0, "num_citations_10y": 5, "publications_years": {"2007": 1}, "citations_years": {"2012": 1, "2013": 1, "2014": 1, "2015": 1, "2016": 0, "2017": 0, "2018": 1, "2019": 2}, "old_citations": {"2007": 7}, "isVisible": false}, "2126952687": {"name": "claus leth bak", "type": "author", "activity": 16, "h_index": 6, "h5_index": 4, "mag_id": "2126952687", "num_publications": 1, "num_citations": 0, "num_publications_5y": 0, "num_citations_5y": 0, "num_publications_10y": 0, "num_citations_10y": 0, "publications_years": {"2007": 1}, "citations_years": {}, "old_citations": {"2007": 0}, "isVisible": false}, "2135986753": {"name": "j j perez", "type": "author", "activity": 1, "h_index": 1, "h5_index": 0, "mag_id": "2135986753", "num_publications": 1, "num_citations": 11, "num_publications_5y": 0, "num_citations_5y": 4, "num_publications_10y": 0, "num_citations_10y": 11, "publications_years": {"2007": 1}, "citations_years": {"2009": 2, "2010": 0, "2011": 1, "2012": 2, "2013": 2, "2014": 1, "2015": 2, "2016": 0, "2017": 1}, "old_citations": {"2007": 11}, "isVisible": false}, "2141455779": {"name": "s h fathi", "type": "author", "activity": 19, "h_index": 7, "h5_index": 1, "mag_id": "2141455779", "num_publications": 1, "num_citations": 3, "num_publications_5y": 0, "num_citations_5y": 2, "num_publications_10y": 1, "num_citations_10y": 3, "publications_years": {"2011": 1}, "citations_years": {"2012": 1, "2013": 0, "2014": 1, "2015": 1}, "old_citations": {"2011": 3}, "isVisible": false}, "2143711019": {"name": "g herold", "type": "author", "activity": 18, "h_index": 4, "h5_index": 0, "mag_id": "2143711019", "num_publications": 1, "num_citations": 4, "num_publications_5y": 0, "num_citations_5y": 2, "num_publications_10y": 1, "num_citations_10y": 4, "publications_years": {"2011": 1}, "citations_years": {"2012": 2, "2013": 0, "2014": 1, "2015": 1}, "old_citations": {"2011": 4}, "isVisible": false}, "2153710809": {"name": "jose r baptista", "type": "author", "activity": 1, "h_index": 1, "h5_index": 0, "mag_id": "2153710809", "num_publications": 1, "num_citations": 5, "num_publications_5y": 0, "num_citations_5y": 4, "num_publications_10y": 1, "num_citations_10y": 4, "publications_years": {"2011": 1}, "citations_years": {"2014": 1, "2015": 1, "2016": 1, "2017": 1, "2018": 0, "2019": 0, "2020": 1}, "old_citations": {"2011": 5}, "isVisible": false}, "2162529873": {"name": "p verde", "type": "author", "activity": 24, "h_index": 6, "h5_index": 0, "mag_id": "2162529873", "num_publications": 1, "num_citations": 12, "num_publications_5y": 0, "num_citations_5y": 5, "num_publications_10y": 0, "num_citations_10y": 11, "publications_years": {"2007": 1}, "citations_years": {"2010": 1, "2011": 2, "2012": 2, "2013": 1, "2014": 3, "2015": 1, "2016": 1, "2017": 0, "2018": 0, "2019": 0, "2020": 1}, "old_citations": {"2007": 12}, "isVisible": false}, "2169986607": {"name": "zhemin lin", "type": "author", "activity": 1, "h_index": 1, "h5_index": 0, "mag_id": "2169986607", "num_publications": 1, "num_citations": 4, "num_publications_5y": 0, "num_citations_5y": 4, "num_publications_10y": 1, "num_citations_10y": 4, "publications_years": {"2011": 1}, "citations_years": {"2016": 4}, "old_citations": {"2011": 4}, "isVisible": false}, "2199610503": {"name": "birgitte bakjensen", "type": "author", "activity": 28, "h_index": 7, "h5_index": 5, "mag_id": "2199610503", "num_publications": 1, "num_citations": 0, "num_publications_5y": 0, "num_citations_5y": 0, "num_publications_10y": 0, "num_citations_10y": 0, "publications_years": {"2007": 1}, "citations_years": {}, "old_citations": {"2007": 0}, "isVisible": false}, "2222076328": {"name": "angel silossanchez", "type": "author", "activity": 1, "h_index": 1, "h5_index": 0, "mag_id": "2222076328", "num_publications": 1, "num_citations": 3, "num_publications_5y": 0, "num_citations_5y": 3, "num_publications_10y": 1, "num_citations_10y": 3, "publications_years": {"2011": 1}, "citations_years": {"2014": 1, "2015": 0, "2016": 1, "2017": 1}, "old_citations": {"2011": 3}, "isVisible": false}, "2226642460": {"name": "raul perezmartinez", "type": "author", "activity": 1, "h_index": 1, "h5_index": 0, "mag_id": "2226642460", "num_publications": 1, "num_citations": 3, "num_publications_5y": 0, "num_citations_5y": 3, "num_publications_10y": 1, "num_citations_10y": 3, "publications_years": {"2011": 1}, "citations_years": {"2014": 1, "2015": 0, "2016": 1, "2017": 1}, "old_citations": {"2011": 3}, "isVisible": false}, "2226829909": {"name": "a sudria i anderu", "type": "author", "activity": 1, "h_index": 1, "h5_index": 0, "mag_id": "2226829909", "num_publications": 1, "num_citations": 2, "num_publications_5y": 0, "num_citations_5y": 1, "num_publications_10y": 0, "num_citations_10y": 2, "publications_years": {"2007": 1}, "citations_years": {"2011": 1, "2012": 0, "2013": 0, "2014": 1}, "old_citations": {"2007": 2}, "isVisible": false}, "2230383650": {"name": "amaro f antunes", "type": "author", "activity": 1, "h_index": 1, "h5_index": 0, "mag_id": "2230383650", "num_publications": 1, "num_citations": 5, "num_publications_5y": 0, "num_citations_5y": 4, "num_publications_10y": 1, "num_citations_10y": 4, "publications_years": {"2011": 1}, "citations_years": {"2014": 1, "2015": 1, "2016": 1, "2017": 1, "2018": 0, "2019": 0, "2020": 1}, "old_citations": {"2011": 5}, "isVisible": false}, "2238772828": {"name": "s premrudeepreechacharn", "type": "author", "activity": 17, "h_index": 5, "h5_index": 2, "mag_id": "2238772828", "num_publications": 1, "num_citations": 4, "num_publications_5y": 0, "num_citations_5y": 0, "num_publications_10y": 0, "num_citations_10y": 4, "publications_years": {"2007": 1}, "citations_years": {"2012": 3, "2013": 1}, "old_citations": {"2007": 4}, "isVisible": false}, "2274315690": {"name": "g carpinelli", "type": "author", "activity": 22, "h_index": 7, "h5_index": 3, "mag_id": "2274315690", "num_publications": 1, "num_citations": 12, "num_publications_5y": 0, "num_citations_5y": 5, "num_publications_10y": 0, "num_citations_10y": 11, "publications_years": {"2007": 1}, "citations_years": {"2010": 1, "2011": 2, "2012": 2, "2013": 1, "2014": 3, "2015": 1, "2016": 1, "2017": 0, "2018": 0, "2019": 0, "2020": 1}, "old_citations": {"2007": 12}, "isVisible": false}, "2285930039": {"name": "l piegari", "type": "author", "activity": 18, "h_index": 3, "h5_index": 2, "mag_id": "2285930039", "num_publications": 1, "num_citations": 0, "num_publications_5y": 0, "num_citations_5y": 0, "num_publications_10y": 0, "num_citations_10y": 0, "publications_years": {"2007": 1}, "citations_years": {}, "old_citations": {"2007": 0}, "isVisible": false}, "2304644078": {"name": "pavlos s georgilakis", "type": "author", "activity": 23, "h_index": 12, "h5_index": 2, "mag_id": "2304644078", "num_publications": 1, "num_citations": 10, "num_publications_5y": 0, "num_citations_5y": 4, "num_publications_10y": 0, "num_citations_10y": 9, "publications_years": {"2007": 1}, "citations_years": {"2010": 1, "2011": 0, "2012": 3, "2013": 1, "2014": 2, "2015": 0, "2016": 1, "2017": 0, "2018": 1, "2019": 1}, "old_citations": {"2007": 10}, "isVisible": false}, "2305320251": {"name": "c bud", "type": "author", "activity": 1, "h_index": 1, "h5_index": 0, "mag_id": "2305320251", "num_publications": 1, "num_citations": 2, "num_publications_5y": 0, "num_citations_5y": 1, "num_publications_10y": 0, "num_citations_10y": 2, "publications_years": {"2007": 1}, "citations_years": {"2011": 1, "2012": 0, "2013": 0, "2014": 1}, "old_citations": {"2007": 2}, "isVisible": false}, "2310706566": {"name": "r mienski", "type": "author", "activity": 1, "h_index": 1, "h5_index": 0, "mag_id": "2310706566", "num_publications": 1, "num_citations": 1, "num_publications_5y": 0, "num_citations_5y": 0, "num_publications_10y": 0, "num_citations_10y": 1, "publications_years": {"2007": 1}, "citations_years": {"2010": 1}, "old_citations": {"2007": 1}, "isVisible": false}, "2310761319": {"name": "i wasiak", "type": "author", "activity": 11, "h_index": 1, "h5_index": 0, "mag_id": "2310761319", "num_publications": 1, "num_citations": 1, "num_publications_5y": 0, "num_citations_5y": 0, "num_publications_10y": 0, "num_citations_10y": 1, "publications_years": {"2007": 1}, "citations_years": {"2010": 1}, "old_citations": {"2007": 1}, "isVisible": false}, "2311826207": {"name": "r pawelek", "type": "author", "activity": 11, "h_index": 1, "h5_index": 0, "mag_id": "2311826207", "num_publications": 1, "num_citations": 1, "num_publications_5y": 0, "num_citations_5y": 0, "num_publications_10y": 0, "num_citations_10y": 1, "publications_years": {"2007": 1}, "citations_years": {"2010": 1}, "old_citations": {"2007": 1}, "isVisible": false}, "2464578964": {"name": "a vahabzadeh", "type": "author", "activity": 1, "h_index": 1, "h5_index": 0, "mag_id": "2464578964", "num_publications": 1, "num_citations": 3, "num_publications_5y": 0, "num_citations_5y": 2, "num_publications_10y": 1, "num_citations_10y": 3, "publications_years": {"2011": 1}, "citations_years": {"2012": 1, "2013": 0, "2014": 1, "2015": 1}, "old_citations": {"2011": 3}, "isVisible": false}, "2465863959": {"name": "r bojoi", "type": "author", "activity": 20, "h_index": 6, "h5_index": 1, "mag_id": "2465863959", "num_publications": 1, "num_citations": 2, "num_publications_5y": 0, "num_citations_5y": 1, "num_publications_10y": 0, "num_citations_10y": 2, "publications_years": {"2007": 1}, "citations_years": {"2011": 1, "2012": 0, "2013": 0, "2014": 0, "2015": 1}, "old_citations": {"2007": 2}, "isVisible": false}, "2470776035": {"name": "e i amoiralis", "type": "author", "activity": 1, "h_index": 1, "h5_index": 0, "mag_id": "2470776035", "num_publications": 1, "num_citations": 10, "num_publications_5y": 0, "num_citations_5y": 4, "num_publications_10y": 0, "num_citations_10y": 9, "publications_years": {"2007": 1}, "citations_years": {"2010": 1, "2011": 0, "2012": 3, "2013": 1, "2014": 2, "2015": 0, "2016": 1, "2017": 0, "2018": 1, "2019": 1}, "old_citations": {"2007": 10}, "isVisible": false}, "2471888407": {"name": "j f g cobben", "type": "author", "activity": 20, "h_index": 5, "h5_index": 3, "mag_id": "2471888407", "num_publications": 1, "num_citations": 27, "num_publications_5y": 0, "num_citations_5y": 7, "num_publications_10y": 0, "num_citations_10y": 24, "publications_years": {"2007": 1}, "citations_years": {"2008": 1, "2009": 3, "2010": 2, "2011": 6, "2012": 3, "2013": 3, "2014": 1, "2015": 2, "2016": 2, "2017": 2, "2018": 0, "2019": 1, "2020": 1}, "old_citations": {"2007": 27}, "isVisible": false}, "2482764746": {"name": "pedro andrade saraiva", "type": "author", "activity": 1, "h_index": 1, "h5_index": 0, "mag_id": "2482764746", "num_publications": 1, "num_citations": 7, "num_publications_5y": 0, "num_citations_5y": 3, "num_publications_10y": 0, "num_citations_10y": 5, "publications_years": {"2007": 1}, "citations_years": {"2012": 1, "2013": 1, "2014": 1, "2015": 1, "2016": 0, "2017": 0, "2018": 1, "2019": 2}, "old_citations": {"2007": 7}, "isVisible": false}, "2555606197": {"name": "a gomez", "type": "author", "activity": 1, "h_index": 1, "h5_index": 0, "mag_id": "2555606197", "num_publications": 1, "num_citations": 11, "num_publications_5y": 0, "num_citations_5y": 4, "num_publications_10y": 0, "num_citations_10y": 11, "publications_years": {"2007": 1}, "citations_years": {"2009": 2, "2010": 0, "2011": 1, "2012": 2, "2013": 2, "2014": 1, "2015": 2, "2016": 0, "2017": 1}, "old_citations": {"2007": 11}, "isVisible": false}, "2561134832": {"name": "z haydari", "type": "author", "activity": 1, "h_index": 1, "h5_index": 0, "mag_id": "2561134832", "num_publications": 1, "num_citations": 17, "num_publications_5y": 0, "num_citations_5y": 11, "num_publications_10y": 0, "num_citations_10y": 15, "publications_years": {"2007": 1}, "citations_years": {"2009": 1, "2010": 0, "2011": 0, "2012": 1, "2013": 2, "2014": 2, "2015": 2, "2016": 4, "2017": 2, "2018": 1, "2019": 0, "2020": 2}, "old_citations": {"2007": 17}, "isVisible": false}, "2561161021": {"name": "m ganbariyan", "type": "author", "activity": 1, "h_index": 1, "h5_index": 0, "mag_id": "2561161021", "num_publications": 1, "num_citations": 17, "num_publications_5y": 0, "num_citations_5y": 11, "num_publications_10y": 0, "num_citations_10y": 15, "publications_years": {"2007": 1}, "citations_years": {"2009": 1, "2010": 0, "2011": 0, "2012": 1, "2013": 2, "2014": 2, "2015": 2, "2016": 4, "2017": 2, "2018": 1, "2019": 0, "2020": 2}, "old_citations": {"2007": 17}, "isVisible": false}, "2561382912": {"name": "u takahiro", "type": "author", "activity": 1, "h_index": 0, "h5_index": 0, "mag_id": "2561382912", "num_publications": 1, "num_citations": 0, "num_publications_5y": 0, "num_citations_5y": 0, "num_publications_10y": 0, "num_citations_10y": 0, "publications_years": {"2007": 1}, "citations_years": {}, "old_citations": {"2007": 0}, "isVisible": false}, "2564487438": {"name": "c sorndit", "type": "author", "activity": 1, "h_index": 1, "h5_index": 0, "mag_id": "2564487438", "num_publications": 1, "num_citations": 4, "num_publications_5y": 0, "num_citations_5y": 0, "num_publications_10y": 0, "num_citations_10y": 4, "publications_years": {"2007": 1}, "citations_years": {"2012": 3, "2013": 1}, "old_citations": {"2007": 4}, "isVisible": false}, "2570419933": {"name": "p caramia", "type": "author", "activity": 24, "h_index": 5, "h5_index": 2, "mag_id": "2570419933", "num_publications": 1, "num_citations": 12, "num_publications_5y": 0, "num_citations_5y": 5, "num_publications_10y": 0, "num_citations_10y": 11, "publications_years": {"2007": 1}, "citations_years": {"2010": 1, "2011": 2, "2012": 2, "2013": 1, "2014": 3, "2015": 1, "2016": 1, "2017": 0, "2018": 0, "2019": 0, "2020": 1}, "old_citations": {"2007": 12}, "isVisible": false}, "2588798636": {"name": "r chiumeo", "type": "author", "activity": 1, "h_index": 1, "h5_index": 0, "mag_id": "2588798636", "num_publications": 1, "num_citations": 12, "num_publications_5y": 0, "num_citations_5y": 5, "num_publications_10y": 0, "num_citations_10y": 11, "publications_years": {"2007": 1}, "citations_years": {"2010": 1, "2011": 2, "2012": 2, "2013": 1, "2014": 3, "2015": 1, "2016": 1, "2017": 0, "2018": 0, "2019": 0, "2020": 1}, "old_citations": {"2007": 12}, "isVisible": false}, "2617937796": {"name": "c pica", "type": "author", "activity": 2, "h_index": 2, "h5_index": 0, "mag_id": "2617937796", "num_publications": 1, "num_citations": 2, "num_publications_5y": 0, "num_citations_5y": 1, "num_publications_10y": 0, "num_citations_10y": 2, "publications_years": {"2007": 1}, "citations_years": {"2011": 1, "2012": 0, "2013": 0, "2014": 0, "2015": 1}, "old_citations": {"2007": 2}, "isVisible": false}, "2618574837": {"name": "dimitar taskovski", "type": "author", "activity": 7, "h_index": 2, "h5_index": 0, "mag_id": "2618574837", "num_publications": 1, "num_citations": 5, "num_publications_5y": 0, "num_citations_5y": 4, "num_publications_10y": 1, "num_citations_10y": 5, "publications_years": {"2011": 1}, "citations_years": {"2012": 1, "2013": 0, "2014": 1, "2015": 0, "2016": 0, "2017": 2, "2018": 1}, "old_citations": {"2011": 5}, "isVisible": false}, "2625375777": {"name": "e konecna", "type": "author", "activity": 1, "h_index": 0, "h5_index": 0, "mag_id": "2625375777", "num_publications": 1, "num_citations": 0, "num_publications_5y": 0, "num_citations_5y": 0, "num_publications_10y": 0, "num_citations_10y": 0, "publications_years": {"2007": 1}, "citations_years": {}, "old_citations": {"2007": 0}, "isVisible": false}, "2629382536": {"name": "xinyi gu", "type": "author", "activity": 1, "h_index": 1, "h5_index": 0, "mag_id": "2629382536", "num_publications": 1, "num_citations": 6, "num_publications_5y": 0, "num_citations_5y": 4, "num_publications_10y": 1, "num_citations_10y": 6, "publications_years": {"2011": 1}, "citations_years": {"2012": 2, "2013": 0, "2014": 2, "2015": 0, "2016": 1, "2017": 1}, "old_citations": {"2011": 6}, "isVisible": false}, "2634730536": {"name": "b fortenbery", "type": "author", "activity": 1, "h_index": 0, "h5_index": 0, "mag_id": "2634730536", "num_publications": 1, "num_citations": 0, "num_publications_5y": 0, "num_citations_5y": 0, "num_publications_10y": 0, "num_citations_10y": 0, "publications_years": {"2007": 1}, "citations_years": {}, "old_citations": {"2007": 0}, "isVisible": false}, "2637016597": {"name": "barbara kaszowska", "type": "author", "activity": 1, "h_index": 0, "h5_index": 0, "mag_id": "2637016597", "num_publications": 1, "num_citations": 0, "num_publications_5y": 0, "num_citations_5y": 0, "num_publications_10y": 0, "num_citations_10y": 0, "publications_years": {"2003": 1}, "citations_years": {}, "old_citations": {"2003": 0}, "isVisible": false}, "2638959354": {"name": "ming zhou", "type": "author", "activity": 1, "h_index": 1, "h5_index": 0, "mag_id": "2638959354", "num_publications": 1, "num_citations": 4, "num_publications_5y": 0, "num_citations_5y": 4, "num_publications_10y": 1, "num_citations_10y": 4, "publications_years": {"2011": 1}, "citations_years": {"2016": 4}, "old_citations": {"2011": 4}, "isVisible": false}, "2642074493": {"name": "f tarsia", "type": "author", "activity": 1, "h_index": 1, "h5_index": 0, "mag_id": "2642074493", "num_publications": 1, "num_citations": 12, "num_publications_5y": 0, "num_citations_5y": 5, "num_publications_10y": 0, "num_citations_10y": 11, "publications_years": {"2007": 1}, "citations_years": {"2010": 1, "2011": 2, "2012": 2, "2013": 1, "2014": 3, "2015": 1, "2016": 1, "2017": 0, "2018": 0, "2019": 0, "2020": 1}, "old_citations": {"2007": 12}, "isVisible": false}, "2643275748": {"name": "antonio m moura", "type": "author", "activity": 1, "h_index": 1, "h5_index": 0, "mag_id": "2643275748", "num_publications": 1, "num_citations": 5, "num_publications_5y": 0, "num_citations_5y": 4, "num_publications_10y": 1, "num_citations_10y": 4, "publications_years": {"2011": 1}, "citations_years": {"2014": 1, "2015": 1, "2016": 1, "2017": 1, "2018": 0, "2019": 0, "2020": 1}, "old_citations": {"2011": 5}, "isVisible": false}, "2644013392": {"name": "gengyin li", "type": "author", "activity": 1, "h_index": 1, "h5_index": 0, "mag_id": "2644013392", "num_publications": 1, "num_citations": 4, "num_publications_5y": 0, "num_citations_5y": 4, "num_publications_10y": 1, "num_citations_10y": 4, "publications_years": {"2011": 1}, "citations_years": {"2016": 4}, "old_citations": {"2011": 4}, "isVisible": false}, "2656499008": {"name": "s gual", "type": "author", "activity": 1, "h_index": 1, "h5_index": 0, "mag_id": "2656499008", "num_publications": 1, "num_citations": 34, "num_publications_5y": 0, "num_citations_5y": 14, "num_publications_10y": 0, "num_citations_10y": 32, "publications_years": {"2007": 1}, "citations_years": {"2008": 1, "2009": 4, "2010": 2, "2011": 2, "2012": 6, "2013": 4, "2014": 5, "2015": 1, "2016": 5, "2017": 3, "2018": 0, "2019": 1}, "old_citations": {"2007": 34}, "isVisible": false}, "2659369539": {"name": "o ornago", "type": "author", "activity": 1, "h_index": 1, "h5_index": 0, "mag_id": "2659369539", "num_publications": 1, "num_citations": 12, "num_publications_5y": 0, "num_citations_5y": 5, "num_publications_10y": 0, "num_citations_10y": 11, "publications_years": {"2007": 1}, "citations_years": {"2010": 1, "2011": 2, "2012": 2, "2013": 1, "2014": 3, "2015": 1, "2016": 1, "2017": 0, "2018": 0, "2019": 0, "2020": 1}, "old_citations": {"2007": 12}, "isVisible": false}, "2663026771": {"name": "b tomoiaga", "type": "author", "activity": 1, "h_index": 1, "h5_index": 0, "mag_id": "2663026771", "num_publications": 1, "num_citations": 2, "num_publications_5y": 0, "num_citations_5y": 1, "num_publications_10y": 0, "num_citations_10y": 2, "publications_years": {"2007": 1}, "citations_years": {"2011": 1, "2012": 0, "2013": 0, "2014": 1}, "old_citations": {"2007": 2}, "isVisible": false}, "2664743259": {"name": "k mizutani", "type": "author", "activity": 1, "h_index": 0, "h5_index": 0, "mag_id": "2664743259", "num_publications": 1, "num_citations": 0, "num_publications_5y": 0, "num_citations_5y": 0, "num_publications_10y": 0, "num_citations_10y": 0, "publications_years": {"2007": 1}, "citations_years": {}, "old_citations": {"2007": 0}, "isVisible": false}, "2675344630": {"name": "gengyin li", "type": "author", "activity": 1, "h_index": 1, "h5_index": 0, "mag_id": "2675344630", "num_publications": 1, "num_citations": 6, "num_publications_5y": 0, "num_citations_5y": 4, "num_publications_10y": 1, "num_citations_10y": 6, "publications_years": {"2011": 1}, "citations_years": {"2012": 2, "2013": 0, "2014": 2, "2015": 0, "2016": 1, "2017": 1}, "old_citations": {"2011": 6}, "isVisible": false}, "2677381219": {"name": "fredrik svensson", "type": "author", "activity": 1, "h_index": 1, "h5_index": 0, "mag_id": "2677381219", "num_publications": 1, "num_citations": 4, "num_publications_5y": 0, "num_citations_5y": 2, "num_publications_10y": 1, "num_citations_10y": 4, "publications_years": {"2011": 1}, "citations_years": {"2012": 2, "2013": 0, "2014": 1, "2015": 1}, "old_citations": {"2011": 4}, "isVisible": false}, "2681783556": {"name": "j kubin", "type": "author", "activity": 1, "h_index": 0, "h5_index": 0, "mag_id": "2681783556", "num_publications": 1, "num_citations": 0, "num_publications_5y": 0, "num_citations_5y": 0, "num_publications_10y": 0, "num_citations_10y": 0, "publications_years": {"2007": 1}, "citations_years": {}, "old_citations": {"2007": 0}, "isVisible": false}, "2692796649": {"name": "w kepinski", "type": "author", "activity": 1, "h_index": 1, "h5_index": 0, "mag_id": "2692796649", "num_publications": 1, "num_citations": 1, "num_publications_5y": 0, "num_citations_5y": 0, "num_publications_10y": 0, "num_citations_10y": 1, "publications_years": {"2007": 1}, "citations_years": {"2010": 1}, "old_citations": {"2007": 1}, "isVisible": false}, "2694219444": {"name": "ming zhou", "type": "author", "activity": 1, "h_index": 1, "h5_index": 0, "mag_id": "2694219444", "num_publications": 1, "num_citations": 6, "num_publications_5y": 0, "num_citations_5y": 4, "num_publications_10y": 1, "num_citations_10y": 6, "publications_years": {"2011": 1}, "citations_years": {"2012": 2, "2013": 0, "2014": 2, "2015": 0, "2016": 1, "2017": 1}, "old_citations": {"2011": 6}, "isVisible": false}, "2701423045": {"name": "c rong", "type": "author", "activity": 1, "h_index": 1, "h5_index": 0, "mag_id": "2701423045", "num_publications": 1, "num_citations": 27, "num_publications_5y": 0, "num_citations_5y": 7, "num_publications_10y": 0, "num_citations_10y": 24, "publications_years": {"2007": 1}, "citations_years": {"2008": 1, "2009": 3, "2010": 2, "2011": 6, "2012": 3, "2013": 3, "2014": 1, "2015": 2, "2016": 2, "2017": 2, "2018": 0, "2019": 1, "2020": 1}, "old_citations": {"2007": 27}, "isVisible": false}, "2704733622": {"name": "h colin", "type": "author", "activity": 1, "h_index": 1, "h5_index": 0, "mag_id": "2704733622", "num_publications": 1, "num_citations": 34, "num_publications_5y": 0, "num_citations_5y": 14, "num_publications_10y": 0, "num_citations_10y": 32, "publications_years": {"2007": 1}, "citations_years": {"2008": 1, "2009": 4, "2010": 2, "2011": 2, "2012": 6, "2013": 4, "2014": 5, "2015": 1, "2016": 5, "2017": 3, "2018": 0, "2019": 1}, "old_citations": {"2007": 34}, "isVisible": false}, "2706121200": {"name": "antonios g kladas", "type": "author", "activity": 14, "h_index": 3, "h5_index": 0, "mag_id": "2706121200", "num_publications": 1, "num_citations": 10, "num_publications_5y": 0, "num_citations_5y": 4, "num_publications_10y": 0, "num_citations_10y": 9, "publications_years": {"2007": 1}, "citations_years": {"2010": 1, "2011": 0, "2012": 3, "2013": 1, "2014": 2, "2015": 0, "2016": 1, "2017": 0, "2018": 1, "2019": 1}, "old_citations": {"2007": 10}, "isVisible": false}, "2718118730": {"name": "x vallve", "type": "author", "activity": 1, "h_index": 1, "h5_index": 0, "mag_id": "2718118730", "num_publications": 1, "num_citations": 34, "num_publications_5y": 0, "num_citations_5y": 14, "num_publications_10y": 0, "num_citations_10y": 32, "publications_years": {"2007": 1}, "citations_years": {"2008": 1, "2009": 4, "2010": 2, "2011": 2, "2012": 6, "2013": 4, "2014": 5, "2015": 1, "2016": 5, "2017": 3, "2018": 0, "2019": 1}, "old_citations": {"2007": 34}, "isVisible": false}, "2722573969": {"name": "tiaan stander", "type": "author", "activity": 1, "h_index": 1, "h5_index": 0, "mag_id": "2722573969", "num_publications": 1, "num_citations": 1, "num_publications_5y": 0, "num_citations_5y": 1, "num_publications_10y": 1, "num_citations_10y": 1, "publications_years": {"2011": 1}, "citations_years": {"2017": 1}, "old_citations": {"2011": 1}, "isVisible": false}, "2810656797": {"name": "j m a myrzik", "type": "author", "activity": 2, "h_index": 1, "h5_index": 0, "mag_id": "2810656797", "num_publications": 1, "num_citations": 27, "num_publications_5y": 0, "num_citations_5y": 7, "num_publications_10y": 0, "num_citations_10y": 24, "publications_years": {"2007": 1}, "citations_years": {"2008": 1, "2009": 3, "2010": 2, "2011": 6, "2012": 3, "2013": 3, "2014": 1, "2015": 2, "2016": 2, "2017": 2, "2018": 0, "2019": 1, "2020": 1}, "old_citations": {"2007": 27}, "isVisible": false}, "2973675707": {"name": "c madtharad", "type": "author", "activity": 1, "h_index": 1, "h5_index": 0, "mag_id": "2973675707", "num_publications": 1, "num_citations": 4, "num_publications_5y": 0, "num_citations_5y": 0, "num_publications_10y": 0, "num_citations_10y": 4, "publications_years": {"2007": 1}, "citations_years": {"2012": 3, "2013": 1}, "old_citations": {"2007": 4}, "isVisible": false}, "2973980762": {"name": "m mcgranaghan", "type": "author", "activity": 1, "h_index": 1, "h5_index": 0, "mag_id": "2973980762", "num_publications": 1, "num_citations": 4, "num_publications_5y": 0, "num_citations_5y": 0, "num_publications_10y": 0, "num_citations_10y": 4, "publications_years": {"2007": 1}, "citations_years": {"2012": 3, "2013": 1}, "old_citations": {"2007": 4}, "isVisible": false}, "2755957665": {"name": "ayoub kavousi", "type": "author", "activity": 1, "h_index": 1, "h5_index": 0, "mag_id": "2755957665", "num_publications": 1, "num_citations": 3, "num_publications_5y": 0, "num_citations_5y": 2, "num_publications_10y": 1, "num_citations_10y": 3, "publications_years": {"2011": 1}, "citations_years": {"2012": 1, "2013": 0, "2014": 1, "2015": 1}, "old_citations": {"2011": 3}, "isVisible": false}, "2986822048": {"name": "andreas sumper", "type": "author", "activity": 16, "h_index": 4, "h5_index": 2, "mag_id": "2986822048", "num_publications": 1, "num_citations": 3, "num_publications_5y": 0, "num_citations_5y": 3, "num_publications_10y": 1, "num_citations_10y": 3, "publications_years": {"2011": 1}, "citations_years": {"2014": 1, "2015": 0, "2016": 1, "2017": 1}, "old_citations": {"2011": 3}, "isVisible": false}}, "countries": {"Spain": {"name": "Spain", "type": "country", "h5_index": 91, "num_publications": 3, "num_citations": 7, "num_publications_5y": 0, "num_citations_5y": 4, "num_publications_10y": 2, "num_citations_10y": 7, "publications_years": {"2011": 2, "2007": 1}, "citations_years": {"2014": 2, "2015": 0, "2016": 1, "2017": 1, "2012": 1, "2013": 1, "2011": 1}, "old_citations": {"2011": 5, "2007": 2}, "isVisible": false}, "China": {"name": "China", "type": "country", "h5_index": 214, "num_publications": 2, "num_citations": 10, "num_publications_5y": 0, "num_citations_5y": 8, "num_publications_10y": 2, "num_citations_10y": 10, "publications_years": {"2011": 2}, "citations_years": {"2016": 5, "2012": 2, "2013": 0, "2014": 2, "2015": 0, "2017": 1}, "old_citations": {"2011": 10}, "isVisible": false}, "Iran": {"name": "Iran", "type": "country", "h5_index": 63, "num_publications": 2, "num_citations": 20, "num_publications_5y": 0, "num_citations_5y": 13, "num_publications_10y": 1, "num_citations_10y": 18, "publications_years": {"2007": 1, "2011": 1}, "citations_years": {"2009": 1, "2010": 0, "2011": 0, "2012": 2, "2013": 2, "2014": 3, "2015": 3, "2016": 4, "2017": 2, "2018": 1, "2019": 0, "2020": 2}, "old_citations": {"2007": 17, "2011": 3}, "isVisible": false}, "Italy": {"name": "Italy", "type": "country", "h5_index": 94, "num_publications": 2, "num_citations": 14, "num_publications_5y": 0, "num_citations_5y": 6, "num_publications_10y": 0, "num_citations_10y": 13, "publications_years": {"2007": 2}, "citations_years": {"2010": 1, "2011": 3, "2012": 2, "2013": 1, "2014": 3, "2015": 2, "2016": 1, "2017": 0, "2018": 0, "2019": 0, "2020": 1}, "old_citations": {"2007": 14}, "isVisible": false}, "Poland": {"name": "Poland", "type": "country", "h5_index": 46, "num_publications": 2, "num_citations": 20, "num_publications_5y": 0, "num_citations_5y": 9, "num_publications_10y": 0, "num_citations_10y": 18, "publications_years": {"2007": 2}, "citations_years": {"2008": 1, "2009": 1, "2010": 3, "2011": 1, "2012": 3, "2013": 1, "2014": 3, "2015": 0, "2016": 0, "2017": 1, "2018": 5, "2019": 1}, "old_citations": {"2007": 20}, "isVisible": false}, "Thailand": {"name": "Thailand", "type": "country", "h5_index": 24, "num_publications": 2, "num_citations": 4, "num_publications_5y": 0, "num_citations_5y": 0, "num_publications_10y": 0, "num_citations_10y": 4, "publications_years": {"2007": 2}, "citations_years": {"2012": 3, "2013": 1}, "old_citations": {"2007": 4}, "isVisible": false}, "United Kingdom": {"name": "United Kingdom", "type": "country", "h5_index": 172, "num_publications": 2, "num_citations": 10, "num_publications_5y": 0, "num_citations_5y": 8, "num_publications_10y": 2, "num_citations_10y": 10, "publications_years": {"2011": 2}, "citations_years": {"2016": 5, "2012": 2, "2013": 0, "2014": 2, "2015": 0, "2017": 1}, "old_citations": {"2011": 10}, "isVisible": false}, "United States": {"name": "United States", "type": "country", "h5_index": 308, "num_publications": 2, "num_citations": 15, "num_publications_5y": 0, "num_citations_5y": 4, "num_publications_10y": 0, "num_citations_10y": 15, "publications_years": {"2007": 2}, "citations_years": {"2009": 2, "2010": 0, "2011": 1, "2012": 5, "2013": 3, "2014": 1, "2015": 2, "2016": 0, "2017": 1}, "old_citations": {"2007": 15}, "isVisible": false}, "Brazil": {"name": "Brazil", "type": "country", "h5_index": 57, "num_publications": 1, "num_citations": 5, "num_publications_5y": 0, "num_citations_5y": 4, "num_publications_10y": 1, "num_citations_10y": 4, "publications_years": {"2011": 1}, "citations_years": {"2014": 1, "2015": 1, "2016": 1, "2017": 1, "2018": 0, "2019": 0, "2020": 1}, "old_citations": {"2011": 5}, "isVisible": false}, "Czechia": {"name": "Czechia", "type": "country", "h5_index": 43, "num_publications": 1, "num_citations": 11, "num_publications_5y": 0, "num_citations_5y": 8, "num_publications_10y": 0, "num_citations_10y": 10, "publications_years": {"2007": 1}, "citations_years": {"2008": 1, "2009": 1, "2010": 0, "2011": 1, "2012": 0, "2013": 0, "2014": 3, "2015": 3, "2016": 2}, "old_citations": {"2007": 11}, "isVisible": false}, "Estonia": {"name": "Estonia", "type": "country", "h5_index": 27, "num_publications": 1, "num_citations": 22, "num_publications_5y": 0, "num_citations_5y": 9, "num_publications_10y": 1, "num_citations_10y": 19, "publications_years": {"2009": 1}, "citations_years": {"2010": 4, "2011": 0, "2012": 5, "2013": 1, "2014": 1, "2015": 4, "2016": 3, "2017": 0, "2018": 1, "2019": 2, "2020": 1}, "old_citations": {"2009": 22}, "isVisible": false}, "France": {"name": "France", "type": "country", "h5_index": 99, "num_publications": 1, "num_citations": 3, "num_publications_5y": 0, "num_citations_5y": 3, "num_publications_10y": 1, "num_citations_10y": 3, "publications_years": {"2011": 1}, "citations_years": {"2014": 1, "2015": 0, "2016": 1, "2017": 1}, "old_citations": {"2011": 3}, "isVisible": false}, "Greece": {"name": "Greece", "type": "country", "h5_index": 57, "num_publications": 1, "num_citations": 10, "num_publications_5y": 0, "num_citations_5y": 4, "num_publications_10y": 0, "num_citations_10y": 9, "publications_years": {"2007": 1}, "citations_years": {"2010": 1, "2011": 0, "2012": 3, "2013": 1, "2014": 2, "2015": 0, "2016": 1, "2017": 0, "2018": 1, "2019": 1}, "old_citations": {"2007": 10}, "isVisible": false}, "Japan": {"name": "Japan", "type": "country", "h5_index": 94, "num_publications": 1, "num_citations": 0, "num_publications_5y": 0, "num_citations_5y": 0, "num_publications_10y": 0, "num_citations_10y": 0, "publications_years": {"2007": 1}, "citations_years": {}, "old_citations": {"2007": 0}, "isVisible": false}, "Netherlands": {"name": "Netherlands", "type": "country", "h5_index": 91, "num_publications": 1, "num_citations": 27, "num_publications_5y": 0, "num_citations_5y": 7, "num_publications_10y": 0, "num_citations_10y": 24, "publications_years": {"2007": 1}, "citations_years": {"2008": 1, "2009": 3, "2010": 2, "2011": 6, "2012": 3, "2013": 3, "2014": 1, "2015": 2, "2016": 2, "2017": 2, "2018": 0, "2019": 1, "2020": 1}, "old_citations": {"2007": 27}, "isVisible": false}, "Portugal": {"name": "Portugal", "type": "country", "h5_index": 44, "num_publications": 1, "num_citations": 7, "num_publications_5y": 0, "num_citations_5y": 3, "num_publications_10y": 0, "num_citations_10y": 5, "publications_years": {"2007": 1}, "citations_years": {"2012": 1, "2013": 1, "2014": 1, "2015": 1, "2016": 0, "2017": 0, "2018": 1, "2019": 2}, "old_citations": {"2007": 7}, "isVisible": false}, "Romania": {"name": "Romania", "type": "country", "h5_index": 27, "num_publications": 1, "num_citations": 2, "num_publications_5y": 0, "num_citations_5y": 1, "num_publications_10y": 0, "num_citations_10y": 2, "publications_years": {"2007": 1}, "citations_years": {"2011": 1, "2012": 0, "2013": 0, "2014": 1}, "old_citations": {"2007": 2}, "isVisible": false}, "South Africa": {"name": "South Africa", "type": "country", "h5_index": 38, "num_publications": 1, "num_citations": 1, "num_publications_5y": 0, "num_citations_5y": 1, "num_publications_10y": 1, "num_citations_10y": 1, "publications_years": {"2011": 1}, "citations_years": {"2017": 1}, "old_citations": {"2011": 1}, "isVisible": false}}, "industrial_sectors": {"energy": {"name": "energy", "type": "industrial sector", "h5_index": 24, "num_publications": 2, "num_citations": 5, "num_publications_5y": 0, "num_citations_5y": 4, "num_publications_10y": 1, "num_citations_10y": 5, "publications_years": {"2011": 1, "2007": 1}, "citations_years": {"2014": 2, "2015": 0, "2016": 1, "2017": 1, "2011": 1, "2012": 0, "2013": 0}, "old_citations": {"2011": 3, "2007": 2}, "isVisible": false}, "automation": {"name": "automation", "type": "industrial sector", "h5_index": 11, "num_publications": 1, "num_citations": 3, "num_publications_5y": 0, "num_citations_5y": 3, "num_publications_10y": 1, "num_citations_10y": 3, "publications_years": {"2011": 1}, "citations_years": {"2014": 1, "2015": 0, "2016": 1, "2017": 1}, "old_citations": {"2011": 3}, "isVisible": false}, "technology": {"name": "technology", "type": "industrial sector", "h5_index": 229, "num_publications": 1, "num_citations": 3, "num_publications_5y": 0, "num_citations_5y": 3, "num_publications_10y": 1, "num_citations_10y": 3, "publications_years": {"2011": 1}, "citations_years": {"2014": 1, "2015": 0, "2016": 1, "2017": 1}, "old_citations": {"2011": 3}, "isVisible": false}}}, "conference_comparison": {"computer science": {}}, "topics_dna": {"publications": {}, "citations": {"normalized": {}, "average": {}}}, "info": {"num_publications": 30, "num_citations": 212.0, "impact_factor": {"2005": 0.0, "2006": 0.0, "2007": 0.0, "2008": 0.2222222222222222, "2009": 0.6666666666666666, "2010": 4.0, "2011": 0.0}, "publications_years": {"2007": 18, "2011": 9, "2003": 1, "2005": 1, "2009": 1}, "citations_years": {"2008": 4, "2009": 12, "2010": 13, "2011": 15, "2012": 36, "2013": 18, "2014": 30, "2015": 20, "2016": 25, "2017": 15, "2018": 10, "2019": 8, "2020": 6}, "old_citations": {"2007": 157, "2011": 33, "2003": 0, "2005": 0, "2009": 22}, "h5_index": 0}, "percentile": {"computer science": {"2007": 81, "2011": 65, "2003": 16, "2005": 16, "2009": 94}}, "conference_ranking": {"computer science": {"2007": 781, "2011": 1453, "2003": 3575, "2005": 3576, "2009": 246}}, "academia": {"num_publications": 18, "num_citations": 160, "publications_years": {"2007": 11, "2008": 0, "2009": 1, "2010": 0, "2011": 6}, "old_citations": {"2007": 117, "2008": 0, "2009": 22, "2010": 0, "2011": 21}, "num_publications_5y": 0, "num_citations_5y": 0, "num_publications_10y": 6, "num_citations_10y": 21}, "industry": {"num_publications": 0, "num_citations": 0, "publications_years": {}, "old_citations": {}, "num_publications_5y": 0, "num_citations_5y": 0, "num_publications_10y": 0, "num_citations_10y": 0}, "collaborative": {"num_publications": 2, "num_citations": 5, "publications_years": {"2007": 1, "2008": 0, "2009": 0, "2010": 0, "2011": 1}, "old_citations": {"2007": 2, "2008": 0, "2009": 0, "2010": 0, "2011": 3}, "num_publications_5y": 0, "num_citations_5y": 0, "num_publications_10y": 1, "num_citations_10y": 3}, "conferences": {}, "journals": {}, "organizations": {"publication_overall": ["North China Electric Power University", "Universitat Polit\u00e8cnica de Catalunya", "University of Strathclyde", "Amirkabir University of Technology", "Chiang Mai University", "Eindhoven University of Technology", "Electric Power Research Institute", "Islamic Azad University, Tehran", "King Mongkut's Institute of Technology Ladkrabang", "La Salle University", "National Technical University of Athens", "North-West University", "Opole University of Technology", "Polytechnic University of Turin", "Schneider Electric (France)", "State University of Campinas", "Stellenbosch University", "Tallinn University of Technology", "Technical University of Crete", "Tokai University", "Transelectrica (Romania)", "Universitat Polit\u00e8cnica de Val\u00e8ncia", "University of Cassino and Southern Lazio", "University of Coimbra", "University of Crete", "University of Naples Federico II", "University of Ostrava", "University of \u0141\u00f3d\u017a", "Wroc\u0142aw University of Science and Technology"], "citation_overall": ["Eindhoven University of Technology", "Tallinn University of Technology", "Opole University of Technology", "Wroc\u0142aw University of Science and Technology", "Islamic Azad University, Tehran", "University of Cassino and Southern Lazio", "University of Naples Federico II", "La Salle University", "University of Ostrava", "National Technical University of Athens", "North China Electric Power University", "Technical University of Crete", "University of Crete", "University of Strathclyde", "University of Coimbra", "State University of Campinas", "Universitat Polit\u00e8cnica de Catalunya", "Chiang Mai University", "Electric Power Research Institute", "Amirkabir University of Technology", "Schneider Electric (France)", "Polytechnic University of Turin", "Transelectrica (Romania)", "Universitat Polit\u00e8cnica de Val\u00e8ncia", "North-West University", "Stellenbosch University", "University of \u0141\u00f3d\u017a", "King Mongkut's Institute of Technology Ladkrabang", "Tokai University"], "publication_10_years": ["North China Electric Power University", "University of Strathclyde", "Amirkabir University of Technology", "North-West University", "Schneider Electric (France)", "State University of Campinas", "Stellenbosch University", "Universitat Polit\u00e8cnica de Catalunya", "Universitat Polit\u00e8cnica de Val\u00e8ncia"], "citation_10_years": ["North China Electric Power University", "University of Strathclyde", "State University of Campinas", "Amirkabir University of Technology", "Schneider Electric (France)", "Universitat Polit\u00e8cnica de Catalunya", "Universitat Polit\u00e8cnica de Val\u00e8ncia", "North-West University", "Stellenbosch University"], "publication_5_years": [], "citation_5_years": []}, "countries": {"publication_overall": ["Spain", "China", "Iran", "Italy", "Poland", "Thailand", "United Kingdom", "United States", "Brazil", "Czechia", "Estonia", "France", "Greece", "Japan", "Netherlands", "Portugal", "Romania", "South Africa"], "citation_overall": ["Netherlands", "Estonia", "Iran", "Poland", "United States", "Italy", "Czechia", "China", "Greece", "United Kingdom", "Portugal", "Spain", "Brazil", "Thailand", "France", "Romania", "South Africa", "Japan"], "publication_10_years": ["China", "Spain", "United Kingdom", "Brazil", "France", "Iran", "South Africa"], "citation_10_years": ["China", "United Kingdom", "Brazil", "Spain", "France", "Iran", "South Africa"], "publication_5_years": [], "citation_5_years": []}, "topics": {"publication_overall": ["computer science", "computer systems", "computer networks", "telecommunication systems", "communication systems", "mathematics", "wireless telecommunication systems", "computer hardware", "engineering", "sensors", "distributed computer systems", "electricity", "optical fibers", "bandwidth", "fiber optic networks", "optical materials", "artificial intelligence", "distributed systems", "economics", "parallel processing systems"], "citation_overall": ["computer science", "computer systems", "computer networks", "telecommunication systems", "communication systems", "wireless telecommunication systems", "engineering", "mathematics", "computer hardware", "electricity", "sensors", "distributed computer systems", "economics", "distributed systems", "parallel processing systems", "optical fibers", "fiber optic networks", "optical materials", "artificial intelligence", "distribution systems"], "publication_10_years": ["computer science", "computer networks", "computer systems", "telecommunication systems", "communication systems", "engineering", "mathematics", "wireless telecommunication systems", "bandwidth", "computer hardware", "electricity", "sensors", "economics", "energy utilization", "telecommunication networks", "telecommunication traffic", "commerce", "computer imaging and vision", "harmonic analysis", "image processing"], "citation_10_years": ["computer science", "computer networks", "computer systems", "mathematics", "telecommunication systems", "engineering", "communication systems", "wireless telecommunication systems", "electricity", "bandwidth", "computer hardware", "sensors", "computer imaging and vision", "energy utilization", "image processing", "economics", "telecommunication networks", "telecommunication traffic", "wavelet", "wavelet analysis"], "publication_5_years": [], "citation_5_years": []}, "main_topics": ["computer science"], "authors": {"publication_overall": ["2124604376", "137003249", "231657052", "255903033", "286066992", "369130625", "795695473", "937379621", "971249362", "1145339742", "1768870331", "1868657421", "1906026339", "1907658061", "1911559164", "1963494607", "1964170650", "1986764388", "1986823759", "1987157597", "2000225153", "2004206243", "2021155614", "2032787700", "2036394285", "2036665133", "2039454688", "2040301487", "2052779821", "2080917012", "2091804408", "2096442310", "2096742559", "2100941214", "2101016040", "2102291407", "2105213772", "2107369451", "2108187088", "2109163567", "2112508100", "2115847460", "2121073690", "2125733495", "2126952687", "2135986753", "2141455779", "2143711019", "2153710809", "2162529873", "2169986607", "2199610503", "2222076328", "2226642460", "2226829909", "2230383650", "2238772828", "2274315690", "2285930039", "2304644078", "2305320251", "2310706566", "2310761319", "2311826207", "2464578964", "2465863959", "2470776035", "2471888407", "2482764746", "2555606197", "2561134832", "2561161021", "2561382912", "2564487438", "2570419933", "2588798636", "2617937796", "2618574837", "2625375777", "2629382536", "2634730536", "2637016597", "2638959354", "2642074493", "2643275748", "2644013392", "2656499008", "2659369539", "2663026771", "2664743259", "2675344630", "2677381219", "2681783556", "2692796649", "2694219444", "2701423045", "2704733622", "2706121200", "2718118730", "2722573969"], "citation_overall": ["2004206243", "2656499008", "2704733622", "2718118730", "2052779821", "2096742559", "2471888407", "2701423045", "2810656797", "1868657421", "1907658061", "1986764388", "137003249", "795695473", "2039454688", "1963494607", "2101016040", "2561134832", "2561161021", "255903033", "369130625", "2162529873", "2274315690", "2570419933", "2588798636", "2642074493", "2659369539", "2096442310", "2105213772", "2107369451", "2135986753", "2555606197", "971249362", "2124604376", "2304644078", "2470776035", "2706121200", "2100941214", "2125733495", "2482764746", "2629382536", "2675344630", "2694219444", "2040301487", "2108187088", "2153710809", "2230383650", "2618574837", "2643275748", "2036394285", "2143711019", "2169986607", "2238772828", "2564487438", "2638959354", "2644013392", "2677381219", "2973675707", "2973980762", "231657052", "1145339742", "1911559164", "1986823759", "2141455779", "2222076328", "2226642460", "2464578964", "2755957665", "2986822048", "937379621", "2021155614", "2036665133", "2091804408", "2112508100", "2115847460", "2226829909", "2305320251", "2465863959", "2617937796", "2663026771", "2032787700", "2121073690", "2310706566", "2310761319", "2311826207", "2692796649", "2722573969", "286066992", "1768870331", "1906026339", "1964170650", "1987157597", "2000225153", "2080917012", "2102291407", "2109163567", "2126952687", "2199610503", "2285930039", "2561382912"], "publication_10_years": ["2124604376", "231657052", "937379621", "1145339742", "1911559164", "1986823759", "2021155614", "2036394285", "2040301487", "2108187088", "2112508100", "2121073690", "2141455779", "2143711019", "2153710809", "2169986607", "2222076328", "2226642460", "2230383650", "2464578964", "2618574837", "2629382536", "2638959354", "2643275748", "2644013392", "2675344630", "2677381219", "2694219444", "2722573969", "2755957665", "2986822048"], "citation_10_years": ["2124604376", "2629382536", "2675344630", "2694219444", "2040301487", "2108187088", "2153710809", "2230383650", "2618574837", "2643275748", "2036394285", "2143711019", "2169986607", "2638959354", "2644013392", "2677381219", "231657052", "1145339742", "1911559164", "1986823759", "2141455779", "2222076328", "2226642460", "2464578964", "2755957665", "2986822048", "937379621", "2021155614", "2112508100", "2121073690", "2722573969"], "publication_5_years": [], "citation_5_years": []}, "industrial_sectors": {"publication_overall": ["energy", "automation", "technology"], "citation_overall": ["energy", "automation", "technology"], "publication_10_years": ["automation", "energy", "technology"], "citation_10_years": ["automation", "energy", "technology"], "publication_5_years": [], "citation_5_years": []}}