{"name": "USENIX Summer Technical Conference", "acronym": "Usenix-stc", "type": "conference", "uniqueEntities": {"organizations": {"Columbia University": {"name": "Columbia University", "type": "organization", "organization_type": "Education", "h_index": 249, "h5_index": 61, "num_publications": 2, "num_citations": 18, "num_publications_5y": 0, "num_citations_5y": 6, "num_publications_10y": 0, "num_citations_10y": 6, "publications_years": {"1993": 1, "1994": 1}, "citations_years": {"1994": 1, "1995": 1, "1996": 1, "1997": 3, "1998": 1, "1999": 1, "2000": 1, "2001": 0, "2002": 0, "2003": 1, "2004": 0, "2005": 0, "2006": 0, "2007": 2, "2008": 0, "2009": 0, "2010": 0, "2011": 0, "2012": 0, "2013": 0, "2014": 0, "2015": 1, "2016": 1, "2017": 2, "2018": 2}, "old_citations": {"1993": 4, "1994": 14}, "isVisible": false}, "Purdue University West Lafayette": {"name": "Purdue University West Lafayette", "type": "organization", "organization_type": "Education", "h_index": 215, "h5_index": 48, "num_publications": 2, "num_citations": 72, "num_publications_5y": 0, "num_citations_5y": 10, "num_publications_10y": 0, "num_citations_10y": 33, "publications_years": {"1993": 1, "1994": 1}, "citations_years": {"1993": 3, "1994": 3, "1995": 2, "1996": 4, "1997": 4, "1998": 2, "1999": 4, "2000": 1, "2001": 1, "2002": 0, "2003": 5, "2004": 3, "2005": 2, "2006": 1, "2007": 2, "2008": 1, "2009": 5, "2010": 6, "2011": 6, "2012": 3, "2013": 3, "2014": 6, "2015": 0, "2016": 1, "2017": 2, "2018": 1, "2019": 1}, "old_citations": {"1993": 5, "1994": 67}, "isVisible": false}, "University of California, Berkeley": {"name": "University of California, Berkeley", "type": "organization", "organization_type": "Education", "h_index": 452, "h5_index": 107, "num_publications": 2, "num_citations": 46, "num_publications_5y": 0, "num_citations_5y": 1, "num_publications_10y": 0, "num_citations_10y": 4, "publications_years": {"1993": 1, "1994": 1}, "citations_years": {"1993": 3, "1994": 4, "1995": 4, "1996": 1, "1997": 4, "1998": 1, "1999": 3, "2000": 1, "2001": 1, "2002": 8, "2003": 0, "2004": 3, "2005": 4, "2006": 2, "2007": 2, "2008": 1, "2009": 0, "2010": 2, "2011": 0, "2012": 1, "2013": 0, "2014": 1}, "old_citations": {"1993": 41, "1994": 5}, "isVisible": false}, "University of California, Los Angeles": {"name": "University of California, Los Angeles", "type": "organization", "organization_type": "Education", "h_index": 287, "h5_index": 56, "num_publications": 2, "num_citations": 227, "num_publications_5y": 0, "num_citations_5y": 13, "num_publications_10y": 0, "num_citations_10y": 57, "publications_years": {"1994": 2}, "citations_years": {"1994": 8, "1995": 11, "1996": 12, "1997": 11, "1998": 16, "1999": 15, "2000": 4, "2001": 8, "2002": 15, "2003": 9, "2004": 13, "2005": 9, "2006": 13, "2007": 18, "2008": 5, "2009": 11, "2010": 7, "2011": 8, "2012": 9, "2013": 9, "2014": 3, "2015": 6, "2016": 3, "2017": 0, "2018": 1, "2019": 3}, "old_citations": {"1994": 227}, "isVisible": false}, "University of Kentucky": {"name": "University of Kentucky", "type": "organization", "organization_type": "Education", "h_index": 105, "h5_index": 34, "num_publications": 2, "num_citations": 353, "num_publications_5y": 0, "num_citations_5y": 39, "num_publications_10y": 0, "num_citations_10y": 101, "publications_years": {"1993": 1, "1994": 1}, "citations_years": {"1994": 3, "1995": 8, "1996": 13, "1997": 6, "1998": 5, "1999": 17, "2000": 9, "2001": 15, "2002": 12, "2003": 20, "2004": 20, "2005": 31, "2006": 26, "2007": 33, "2008": 27, "2009": 10, "2010": 16, "2011": 11, "2012": 15, "2013": 10, "2014": 11, "2015": 7, "2016": 7, "2017": 6, "2018": 8, "2019": 6, "2020": 1}, "old_citations": {"1993": 12, "1994": 341}, "isVisible": false}, "Carnegie Mellon University": {"name": "Carnegie Mellon University", "type": "organization", "organization_type": "Education", "h_index": 441, "h5_index": 107, "num_publications": 1, "num_citations": 37, "num_publications_5y": 0, "num_citations_5y": 1, "num_publications_10y": 0, "num_citations_10y": 1, "publications_years": {"1994": 1}, "citations_years": {"1994": 3, "1995": 5, "1996": 2, "1997": 5, "1998": 3, "1999": 6, "2000": 2, "2001": 3, "2002": 1, "2003": 1, "2004": 1, "2005": 1, "2006": 0, "2007": 1, "2008": 2, "2009": 0, "2010": 0, "2011": 0, "2012": 0, "2013": 0, "2014": 1}, "old_citations": {"1994": 37}, "isVisible": false}, "Harvard University": {"name": "Harvard University", "type": "organization", "organization_type": "Education", "h_index": 250, "h5_index": 71, "num_publications": 1, "num_citations": 50, "num_publications_5y": 0, "num_citations_5y": 1, "num_publications_10y": 0, "num_citations_10y": 9, "publications_years": {"1994": 1}, "citations_years": {"1994": 1, "1995": 7, "1996": 8, "1997": 6, "1998": 3, "1999": 4, "2000": 2, "2001": 1, "2002": 1, "2003": 2, "2004": 1, "2005": 1, "2006": 1, "2007": 1, "2008": 2, "2009": 0, "2010": 2, "2011": 1, "2012": 5, "2013": 0, "2014": 0, "2015": 1}, "old_citations": {"1994": 50}, "isVisible": false}, "Massachusetts Institute of Technology": {"name": "Massachusetts Institute of Technology", "type": "organization", "organization_type": "Education", "h_index": 475, "h5_index": 100, "num_publications": 1, "num_citations": 11, "num_publications_5y": 0, "num_citations_5y": 1, "num_publications_10y": 0, "num_citations_10y": 1, "publications_years": {"1994": 1}, "citations_years": {"1994": 2, "1995": 2, "1996": 1, "1997": 0, "1998": 3, "1999": 0, "2000": 0, "2001": 0, "2002": 2, "2003": 0, "2004": 0, "2005": 0, "2006": 0, "2007": 0, "2008": 0, "2009": 0, "2010": 0, "2011": 0, "2012": 0, "2013": 0, "2014": 1}, "old_citations": {"1994": 11}, "isVisible": false}, "National Taiwan University": {"name": "National Taiwan University", "type": "organization", "organization_type": "Education", "h_index": 132, "h5_index": 34, "num_publications": 1, "num_citations": 1, "num_publications_5y": 0, "num_citations_5y": 0, "num_publications_10y": 0, "num_citations_10y": 0, "publications_years": {"1994": 1}, "citations_years": {"1999": 1}, "old_citations": {"1994": 1}, "isVisible": false}, "Princeton University": {"name": "Princeton University", "type": "organization", "organization_type": "Education", "h_index": 310, "h5_index": 74, "num_publications": 1, "num_citations": 109, "num_publications_5y": 0, "num_citations_5y": 5, "num_publications_10y": 0, "num_citations_10y": 18, "publications_years": {"1994": 1}, "citations_years": {"1994": 1, "1995": 5, "1996": 6, "1997": 10, "1998": 1, "1999": 5, "2000": 7, "2001": 6, "2002": 8, "2003": 5, "2004": 8, "2005": 10, "2006": 6, "2007": 5, "2008": 8, "2009": 1, "2010": 1, "2011": 0, "2012": 8, "2013": 3, "2014": 0, "2015": 1, "2016": 2, "2017": 1, "2018": 1}, "old_citations": {"1994": 109}, "isVisible": false}, "The University of Texas at Austin": {"name": "The University of Texas at Austin", "type": "organization", "organization_type": "Education", "h_index": 268, "h5_index": 65, "num_publications": 1, "num_citations": 18, "num_publications_5y": 0, "num_citations_5y": 0, "num_publications_10y": 0, "num_citations_10y": 5, "publications_years": {"1994": 1}, "citations_years": {"1994": 2, "1995": 0, "1996": 1, "1997": 0, "1998": 2, "1999": 0, "2000": 1, "2001": 2, "2002": 1, "2003": 0, "2004": 1, "2005": 0, "2006": 0, "2007": 1, "2008": 2, "2009": 0, "2010": 2, "2011": 3}, "old_citations": {"1994": 18}, "isVisible": false}, "University of Utah": {"name": "University of Utah", "type": "organization", "organization_type": "Education", "h_index": 145, "h5_index": 34, "num_publications": 1, "num_citations": 45, "num_publications_5y": 0, "num_citations_5y": 3, "num_publications_10y": 0, "num_citations_10y": 13, "publications_years": {"1993": 1}, "citations_years": {"1994": 2, "1995": 0, "1996": 0, "1997": 0, "1998": 1, "1999": 2, "2000": 1, "2001": 1, "2002": 4, "2003": 5, "2004": 3, "2005": 3, "2006": 5, "2007": 1, "2008": 3, "2009": 3, "2010": 1, "2011": 2, "2012": 3, "2013": 1, "2014": 0, "2015": 1, "2016": 1, "2017": 1, "2018": 0, "2019": 1}, "old_citations": {"1993": 45}, "isVisible": false}}, "topics": {"computer science": {"name": "computer science", "type": "topic", "h_index": 1779, "h5_index": 416, "num_publications": 39, "num_citations": 2040, "num_publications_5y": 0, "num_citations_5y": 191, "num_publications_10y": 0, "num_citations_10y": 535, "publications_years": {"1994": 20, "1993": 19}, "citations_years": {"1993": 25, "1994": 78, "1995": 123, "1996": 112, "1997": 101, "1998": 78, "1999": 122, "2000": 75, "2001": 70, "2002": 98, "2003": 94, "2004": 117, "2005": 108, "2006": 98, "2007": 99, "2008": 82, "2009": 59, "2010": 80, "2011": 59, "2012": 85, "2013": 61, "2014": 50, "2015": 40, "2016": 49, "2017": 26, "2018": 26, "2019": 20, "2020": 4, "1992": 1}, "old_citations": {"1994": 1306, "1993": 734}, "isVisible": false}, "computer systems": {"name": "computer systems", "type": "topic", "h_index": 1595, "h5_index": 367, "num_publications": 38, "num_citations": 1964, "num_publications_5y": 0, "num_citations_5y": 189, "num_publications_10y": 0, "num_citations_10y": 530, "publications_years": {"1994": 20, "1993": 18}, "citations_years": {"1994": 75, "1995": 117, "1996": 107, "1997": 93, "1998": 74, "1999": 120, "2000": 64, "2001": 65, "2002": 95, "2003": 90, "2004": 111, "2005": 104, "2006": 97, "2007": 95, "2008": 80, "2009": 59, "2010": 80, "2011": 58, "2012": 83, "2013": 61, "2014": 49, "2015": 40, "2016": 49, "2017": 26, "2018": 25, "1993": 22, "2019": 20, "2020": 4, "1992": 1}, "old_citations": {"1994": 1306, "1993": 658}, "isVisible": false}, "computer networks": {"name": "computer networks", "type": "topic", "h_index": 1262, "h5_index": 332, "num_publications": 29, "num_citations": 1598, "num_publications_5y": 0, "num_citations_5y": 183, "num_publications_10y": 0, "num_citations_10y": 491, "publications_years": {"1994": 16, "1993": 13}, "citations_years": {"1994": 45, "1995": 81, "1996": 75, "1997": 68, "1998": 48, "1999": 98, "2000": 46, "2001": 54, "2002": 73, "2003": 73, "2004": 85, "2005": 85, "2006": 85, "2007": 89, "2008": 70, "2009": 46, "2010": 68, "2011": 57, "2012": 78, "2013": 59, "2014": 47, "2015": 37, "2016": 49, "2017": 25, "2018": 25, "1993": 8, "2019": 20, "2020": 4}, "old_citations": {"1994": 1292, "1993": 306}, "isVisible": false}, "operating systems": {"name": "operating systems", "type": "topic", "h_index": 509, "h5_index": 104, "num_publications": 26, "num_citations": 1657, "num_publications_5y": 0, "num_citations_5y": 138, "num_publications_10y": 0, "num_citations_10y": 408, "publications_years": {"1994": 14, "1993": 12}, "citations_years": {"1993": 16, "1994": 54, "1995": 92, "1996": 86, "1997": 81, "1998": 65, "1999": 106, "2000": 66, "2001": 63, "2002": 82, "2003": 79, "2004": 105, "2005": 95, "2006": 87, "2007": 79, "2008": 71, "2009": 51, "2010": 65, "2011": 47, "2012": 66, "2013": 41, "2014": 33, "2015": 33, "2016": 31, "2017": 19, "2018": 22, "2019": 17, "2020": 4, "1992": 1}, "old_citations": {"1994": 1154, "1993": 503}, "isVisible": false}, "computer hardware": {"name": "computer hardware", "type": "topic", "h_index": 1150, "h5_index": 279, "num_publications": 25, "num_citations": 1479, "num_publications_5y": 0, "num_citations_5y": 168, "num_publications_10y": 0, "num_citations_10y": 434, "publications_years": {"1994": 15, "1993": 10}, "citations_years": {"1993": 21, "1994": 52, "1995": 83, "1996": 75, "1997": 70, "1998": 42, "1999": 81, "2000": 58, "2001": 54, "2002": 62, "2003": 64, "2004": 81, "2005": 77, "2006": 71, "2007": 70, "2008": 63, "2009": 38, "2010": 62, "2011": 47, "2012": 65, "2013": 54, "2014": 44, "2015": 31, "2016": 45, "2017": 24, "2018": 24, "2019": 17, "2020": 4}, "old_citations": {"1994": 1061, "1993": 418}, "isVisible": false}, "telecommunication networks": {"name": "telecommunication networks", "type": "topic", "h_index": 1116, "h5_index": 258, "num_publications": 25, "num_citations": 1497, "num_publications_5y": 0, "num_citations_5y": 179, "num_publications_10y": 0, "num_citations_10y": 473, "publications_years": {"1994": 16, "1993": 9}, "citations_years": {"1994": 38, "1995": 74, "1996": 73, "1997": 64, "1998": 46, "1999": 91, "2000": 44, "2001": 52, "2002": 61, "2003": 67, "2004": 80, "2005": 77, "2006": 78, "2007": 85, "2008": 66, "2009": 43, "2010": 65, "2011": 55, "2012": 73, "2013": 58, "2014": 46, "2015": 36, "2016": 48, "2017": 24, "2018": 25, "1993": 5, "2019": 19, "2020": 4}, "old_citations": {"1994": 1292, "1993": 205}, "isVisible": false}, "telecommunication systems": {"name": "telecommunication systems", "type": "topic", "h_index": 1187, "h5_index": 277, "num_publications": 25, "num_citations": 1497, "num_publications_5y": 0, "num_citations_5y": 179, "num_publications_10y": 0, "num_citations_10y": 473, "publications_years": {"1994": 16, "1993": 9}, "citations_years": {"1994": 38, "1995": 74, "1996": 73, "1997": 64, "1998": 46, "1999": 91, "2000": 44, "2001": 52, "2002": 61, "2003": 67, "2004": 80, "2005": 77, "2006": 78, "2007": 85, "2008": 66, "2009": 43, "2010": 65, "2011": 55, "2012": 73, "2013": 58, "2014": 46, "2015": 36, "2016": 48, "2017": 24, "2018": 25, "1993": 5, "2019": 19, "2020": 4}, "old_citations": {"1994": 1292, "1993": 205}, "isVisible": false}, "distributed computer systems": {"name": "distributed computer systems", "type": "topic", "h_index": 985, "h5_index": 228, "num_publications": 22, "num_citations": 1415, "num_publications_5y": 0, "num_citations_5y": 122, "num_publications_10y": 0, "num_citations_10y": 364, "publications_years": {"1994": 13, "1993": 9}, "citations_years": {"1994": 51, "1995": 80, "1996": 75, "1997": 71, "1998": 49, "1999": 83, "2000": 49, "2001": 54, "2002": 76, "2003": 64, "2004": 77, "2005": 80, "2006": 79, "2007": 72, "2008": 57, "2009": 43, "2010": 63, "2011": 41, "2012": 57, "2013": 38, "2014": 26, "2015": 31, "2016": 29, "2017": 16, "2018": 20, "1993": 14, "2019": 16, "2020": 3, "1992": 1}, "old_citations": {"1994": 1082, "1993": 333}, "isVisible": false}, "telecommunication traffic": {"name": "telecommunication traffic", "type": "topic", "h_index": 1036, "h5_index": 233, "num_publications": 21, "num_citations": 1291, "num_publications_5y": 0, "num_citations_5y": 166, "num_publications_10y": 0, "num_citations_10y": 419, "publications_years": {"1994": 14, "1993": 7}, "citations_years": {"1994": 33, "1995": 65, "1996": 61, "1997": 55, "1998": 34, "1999": 79, "2000": 39, "2001": 46, "2002": 47, "2003": 58, "2004": 69, "2005": 66, "2006": 65, "2007": 69, "2008": 61, "2009": 32, "2010": 56, "2011": 48, "2012": 65, "2013": 52, "2014": 43, "2015": 29, "2016": 46, "2017": 24, "2018": 24, "1993": 4, "2019": 17, "2020": 4}, "old_citations": {"1994": 1108, "1993": 183}, "isVisible": false}, "distributed systems": {"name": "distributed systems", "type": "topic", "h_index": 859, "h5_index": 209, "num_publications": 18, "num_citations": 1187, "num_publications_5y": 0, "num_citations_5y": 110, "num_publications_10y": 0, "num_citations_10y": 309, "publications_years": {"1994": 11, "1993": 7}, "citations_years": {"1994": 44, "1995": 69, "1996": 62, "1997": 60, "1998": 34, "1999": 71, "2000": 42, "2001": 45, "2002": 57, "2003": 54, "2004": 64, "2005": 69, "2006": 66, "2007": 56, "2008": 53, "2009": 31, "2010": 51, "2011": 34, "2012": 49, "2013": 34, "2014": 23, "2015": 25, "2016": 27, "2017": 16, "2018": 19, "1993": 14, "2019": 14, "2020": 3, "1992": 1}, "old_citations": {"1994": 898, "1993": 289}, "isVisible": false}, "microprocessor chips": {"name": "microprocessor chips", "type": "topic", "h_index": 744, "h5_index": 175, "num_publications": 18, "num_citations": 1187, "num_publications_5y": 0, "num_citations_5y": 125, "num_publications_10y": 0, "num_citations_10y": 328, "publications_years": {"1994": 12, "1993": 6}, "citations_years": {"1993": 16, "1994": 37, "1995": 64, "1996": 55, "1997": 60, "1998": 32, "1999": 71, "2000": 51, "2001": 43, "2002": 50, "2003": 52, "2004": 73, "2005": 66, "2006": 57, "2007": 57, "2008": 56, "2009": 31, "2010": 50, "2011": 34, "2012": 52, "2013": 36, "2014": 27, "2015": 28, "2016": 28, "2017": 20, "2018": 22, "2019": 15, "2020": 4}, "old_citations": {"1994": 892, "1993": 295}, "isVisible": false}, "parallel processing systems": {"name": "parallel processing systems", "type": "topic", "h_index": 845, "h5_index": 208, "num_publications": 17, "num_citations": 1103, "num_publications_5y": 0, "num_citations_5y": 108, "num_publications_10y": 0, "num_citations_10y": 294, "publications_years": {"1994": 10, "1993": 7}, "citations_years": {"1994": 42, "1995": 68, "1996": 59, "1997": 58, "1998": 33, "1999": 69, "2000": 38, "2001": 37, "2002": 50, "2003": 48, "2004": 62, "2005": 61, "2006": 54, "2007": 48, "2008": 50, "2009": 29, "2010": 47, "2011": 30, "2012": 47, "2013": 33, "2014": 22, "2015": 25, "2016": 26, "2017": 16, "2018": 19, "1993": 14, "2019": 14, "2020": 3, "1992": 1}, "old_citations": {"1994": 814, "1993": 289}, "isVisible": false}, "communication systems": {"name": "communication systems", "type": "topic", "h_index": 1092, "h5_index": 254, "num_publications": 16, "num_citations": 459, "num_publications_5y": 0, "num_citations_5y": 29, "num_publications_10y": 0, "num_citations_10y": 103, "publications_years": {"1994": 8, "1993": 8}, "citations_years": {"1994": 21, "1995": 31, "1996": 31, "1997": 34, "1998": 21, "1999": 41, "2000": 18, "2001": 22, "2002": 20, "2003": 20, "2004": 13, "2005": 21, "2006": 18, "2007": 22, "2008": 14, "2009": 10, "2010": 19, "2011": 16, "2012": 16, "2013": 13, "2014": 12, "1993": 5, "2015": 3, "2016": 5, "2017": 5, "2018": 4, "2019": 3, "2020": 1}, "old_citations": {"1994": 329, "1993": 130}, "isVisible": false}, "bandwidth": {"name": "bandwidth", "type": "topic", "h_index": 922, "h5_index": 201, "num_publications": 15, "num_citations": 1083, "num_publications_5y": 0, "num_citations_5y": 124, "num_publications_10y": 0, "num_citations_10y": 327, "publications_years": {"1994": 12, "1993": 3}, "citations_years": {"1994": 21, "1995": 46, "1996": 48, "1997": 43, "1998": 27, "1999": 73, "2000": 36, "2001": 44, "2002": 44, "2003": 51, "2004": 63, "2005": 63, "2006": 63, "2007": 57, "2008": 59, "2009": 25, "2010": 49, "2011": 42, "2012": 53, "2013": 34, "2014": 26, "2015": 26, "2016": 30, "2017": 20, "2018": 22, "2019": 14, "2020": 3, "1993": 1}, "old_citations": {"1994": 1026, "1993": 57}, "isVisible": false}, "data communication systems": {"name": "data communication systems", "type": "topic", "h_index": 1013, "h5_index": 234, "num_publications": 15, "num_citations": 1029, "num_publications_5y": 0, "num_citations_5y": 143, "num_publications_10y": 0, "num_citations_10y": 354, "publications_years": {"1994": 9, "1993": 6}, "citations_years": {"1994": 27, "1995": 47, "1996": 50, "1997": 39, "1998": 27, "1999": 53, "2000": 25, "2001": 36, "2002": 36, "2003": 44, "2004": 60, "2005": 54, "2006": 50, "2007": 54, "2008": 51, "2009": 26, "2010": 48, "2011": 39, "2012": 50, "2013": 48, "2014": 35, "2015": 26, "2016": 42, "2017": 19, "2018": 21, "1993": 5, "2019": 15, "2020": 2}, "old_citations": {"1994": 881, "1993": 148}, "isVisible": false}, "wireless telecommunication systems": {"name": "wireless telecommunication systems", "type": "topic", "h_index": 1087, "h5_index": 254, "num_publications": 15, "num_citations": 418, "num_publications_5y": 0, "num_citations_5y": 28, "num_publications_10y": 0, "num_citations_10y": 99, "publications_years": {"1994": 8, "1993": 7}, "citations_years": {"1994": 17, "1995": 27, "1996": 30, "1997": 32, "1998": 20, "1999": 39, "2000": 17, "2001": 21, "2002": 13, "2003": 20, "2004": 11, "2005": 17, "2006": 16, "2007": 20, "2008": 13, "2009": 10, "2010": 17, "2011": 16, "2012": 15, "2013": 13, "2014": 11, "1993": 2, "2015": 3, "2016": 5, "2017": 5, "2018": 4, "2019": 3, "2020": 1}, "old_citations": {"1994": 329, "1993": 89}, "isVisible": false}, "file systems": {"name": "file systems", "type": "topic", "h_index": 263, "h5_index": 38, "num_publications": 13, "num_citations": 968, "num_publications_5y": 0, "num_citations_5y": 58, "num_publications_10y": 0, "num_citations_10y": 209, "publications_years": {"1994": 8, "1993": 5}, "citations_years": {"1994": 33, "1995": 50, "1996": 54, "1997": 42, "1998": 43, "1999": 68, "2000": 26, "2001": 42, "2002": 51, "2003": 49, "2004": 60, "2005": 65, "2006": 60, "2007": 54, "2008": 47, "2009": 30, "2010": 41, "2011": 28, "2012": 30, "2013": 22, "2014": 16, "2015": 15, "2016": 12, "2017": 6, "2018": 9, "2019": 9, "2020": 1, "1993": 4, "1992": 1}, "old_citations": {"1994": 756, "1993": 212}, "isVisible": false}, "computer programming": {"name": "computer programming", "type": "topic", "h_index": 873, "h5_index": 186, "num_publications": 12, "num_citations": 731, "num_publications_5y": 0, "num_citations_5y": 75, "num_publications_10y": 0, "num_citations_10y": 218, "publications_years": {"1994": 7, "1993": 5}, "citations_years": {"1994": 25, "1995": 38, "1996": 38, "1997": 38, "1998": 27, "1999": 29, "2000": 30, "2001": 24, "2002": 43, "2003": 30, "2004": 46, "2005": 32, "2006": 36, "2007": 33, "2008": 22, "2009": 29, "2010": 35, "2011": 24, "2012": 36, "2013": 19, "2014": 12, "2015": 22, "2016": 19, "2017": 10, "2018": 12, "1993": 11, "2019": 9, "2020": 2}, "old_citations": {"1994": 527, "1993": 204}, "isVisible": false}, "computer security": {"name": "computer security", "type": "topic", "h_index": 977, "h5_index": 220, "num_publications": 12, "num_citations": 518, "num_publications_5y": 0, "num_citations_5y": 52, "num_publications_10y": 0, "num_citations_10y": 129, "publications_years": {"1994": 6, "1993": 6}, "citations_years": {"1994": 25, "1995": 36, "1996": 23, "1997": 21, "1998": 19, "1999": 36, "2000": 18, "2001": 20, "2002": 30, "2003": 19, "2004": 28, "2005": 33, "2006": 28, "2007": 19, "2008": 22, "2009": 11, "2010": 15, "2011": 11, "2012": 19, "2013": 21, "2014": 16, "2015": 7, "2016": 19, "2017": 6, "2018": 4, "2019": 3, "1993": 8, "2020": 1}, "old_citations": {"1994": 169, "1993": 349}, "isVisible": false}, "internet": {"name": "internet", "type": "topic", "h_index": 1102, "h5_index": 245, "num_publications": 12, "num_citations": 497, "num_publications_5y": 0, "num_citations_5y": 53, "num_publications_10y": 0, "num_citations_10y": 134, "publications_years": {"1994": 6, "1993": 6}, "citations_years": {"1994": 23, "1995": 36, "1996": 32, "1997": 30, "1998": 18, "1999": 26, "2000": 13, "2001": 18, "2002": 17, "2003": 21, "2004": 27, "2005": 27, "2006": 23, "2007": 26, "2008": 18, "2009": 12, "2010": 17, "2011": 12, "2012": 19, "2013": 21, "2014": 18, "1993": 6, "2015": 7, "2016": 18, "2017": 6, "2018": 4, "2019": 2}, "old_citations": {"1994": 253, "1993": 244}, "isVisible": false}, "cache memory": {"name": "cache memory", "type": "topic", "h_index": 367, "h5_index": 87, "num_publications": 8, "num_citations": 881, "num_publications_5y": 0, "num_citations_5y": 109, "num_publications_10y": 0, "num_citations_10y": 269, "publications_years": {"1993": 1, "1994": 7}, "citations_years": {"1993": 4, "1994": 16, "1995": 35, "1996": 38, "1997": 37, "1998": 21, "1999": 49, "2000": 33, "2001": 36, "2002": 34, "2003": 41, "2004": 58, "2005": 53, "2006": 48, "2007": 46, "2008": 48, "2009": 20, "2010": 38, "2011": 31, "2012": 42, "2013": 29, "2014": 20, "2015": 23, "2016": 27, "2017": 17, "2018": 22, "2019": 13, "2020": 2}, "old_citations": {"1993": 76, "1994": 805}, "isVisible": false}, "software engineering": {"name": "software engineering", "type": "topic", "h_index": 964, "h5_index": 236, "num_publications": 12, "num_citations": 805, "num_publications_5y": 0, "num_citations_5y": 116, "num_publications_10y": 0, "num_citations_10y": 279, "publications_years": {"1994": 5, "1993": 7}, "citations_years": {"1994": 35, "1995": 56, "1996": 41, "1997": 39, "1998": 33, "1999": 45, "2000": 26, "2001": 17, "2002": 35, "2003": 29, "2004": 41, "2005": 26, "2006": 31, "2007": 31, "2008": 17, "2009": 32, "2010": 32, "2011": 28, "2012": 38, "2013": 33, "2014": 30, "1993": 13, "2015": 24, "2016": 34, "2017": 14, "2018": 14, "2019": 10, "2020": 1}, "old_citations": {"1994": 489, "1993": 316}, "isVisible": false}, "buffer storage": {"name": "buffer storage", "type": "topic", "h_index": 342, "h5_index": 70, "num_publications": 7, "num_citations": 796, "num_publications_5y": 0, "num_citations_5y": 101, "num_publications_10y": 0, "num_citations_10y": 258, "publications_years": {"1994": 7}, "citations_years": {"1994": 13, "1995": 29, "1996": 32, "1997": 29, "1998": 17, "1999": 47, "2000": 21, "2001": 31, "2002": 32, "2003": 36, "2004": 53, "2005": 49, "2006": 47, "2007": 40, "2008": 46, "2009": 20, "2010": 38, "2011": 30, "2012": 40, "2013": 29, "2014": 19, "2015": 22, "2016": 26, "2017": 15, "2018": 19, "2019": 13, "2020": 2, "1993": 1}, "old_citations": {"1994": 796}, "isVisible": false}, "storage allocation (computer)": {"name": "storage allocation (computer)", "type": "topic", "h_index": 331, "h5_index": 69, "num_publications": 7, "num_citations": 796, "num_publications_5y": 0, "num_citations_5y": 101, "num_publications_10y": 0, "num_citations_10y": 258, "publications_years": {"1994": 7}, "citations_years": {"1994": 13, "1995": 29, "1996": 32, "1997": 29, "1998": 17, "1999": 47, "2000": 21, "2001": 31, "2002": 32, "2003": 36, "2004": 53, "2005": 49, "2006": 47, "2007": 40, "2008": 46, "2009": 20, "2010": 38, "2011": 30, "2012": 40, "2013": 29, "2014": 19, "2015": 22, "2016": 26, "2017": 15, "2018": 19, "2019": 13, "2020": 2, "1993": 1}, "old_citations": {"1994": 796}, "isVisible": false}, "cache": {"name": "cache", "type": "topic", "h_index": 293, "h5_index": 66, "num_publications": 6, "num_citations": 791, "num_publications_5y": 0, "num_citations_5y": 101, "num_publications_10y": 0, "num_citations_10y": 258, "publications_years": {"1994": 6}, "citations_years": {"1994": 13, "1995": 29, "1996": 32, "1997": 27, "1998": 17, "1999": 46, "2000": 21, "2001": 31, "2002": 31, "2003": 36, "2004": 52, "2005": 49, "2006": 47, "2007": 40, "2008": 46, "2009": 20, "2010": 38, "2011": 30, "2012": 40, "2013": 29, "2014": 19, "2015": 22, "2016": 26, "2017": 15, "2018": 19, "2019": 13, "2020": 2, "1993": 1}, "old_citations": {"1994": 791}, "isVisible": false}}, "authors": {"2012181057": {"name": "gerald j popek", "type": "author", "activity": 27, "h_index": 22, "h5_index": 0, "mag_id": "2012181057", "num_publications": 2, "num_citations": 227, "num_publications_5y": 0, "num_citations_5y": 13, "num_publications_10y": 0, "num_citations_10y": 57, "publications_years": {"1994": 2}, "citations_years": {"1994": 8, "1995": 11, "1996": 12, "1997": 11, "1998": 16, "1999": 15, "2000": 4, "2001": 8, "2002": 15, "2003": 9, "2004": 13, "2005": 9, "2006": 13, "2007": 18, "2008": 5, "2009": 11, "2010": 7, "2011": 8, "2012": 9, "2013": 9, "2014": 3, "2015": 6, "2016": 3, "2017": 0, "2018": 1, "2019": 3}, "old_citations": {"1994": 227}, "isVisible": false}, "2048307374": {"name": "peter reiher", "type": "author", "activity": 30, "h_index": 30, "h5_index": 2, "mag_id": "2048307374", "num_publications": 2, "num_citations": 227, "num_publications_5y": 0, "num_citations_5y": 13, "num_publications_10y": 0, "num_citations_10y": 57, "publications_years": {"1994": 2}, "citations_years": {"1994": 8, "1995": 11, "1996": 12, "1997": 11, "1998": 16, "1999": 15, "2000": 4, "2001": 8, "2002": 15, "2003": 9, "2004": 13, "2005": 9, "2006": 13, "2007": 18, "2008": 5, "2009": 11, "2010": 7, "2011": 8, "2012": 9, "2013": 9, "2014": 3, "2015": 6, "2016": 3, "2017": 0, "2018": 1, "2019": 3}, "old_citations": {"1994": 227}, "isVisible": false}, "2094201894": {"name": "dan duchamp", "type": "author", "activity": 7, "h_index": 7, "h5_index": 0, "mag_id": "2094201894", "num_publications": 2, "num_citations": 18, "num_publications_5y": 0, "num_citations_5y": 6, "num_publications_10y": 0, "num_citations_10y": 6, "publications_years": {"1993": 1, "1994": 1}, "citations_years": {"1994": 1, "1995": 1, "1996": 1, "1997": 3, "1998": 1, "1999": 1, "2000": 1, "2001": 0, "2002": 0, "2003": 1, "2004": 0, "2005": 0, "2006": 0, "2007": 2, "2008": 0, "2009": 0, "2010": 0, "2011": 0, "2012": 0, "2013": 0, "2014": 0, "2015": 1, "2016": 1, "2017": 2, "2018": 2}, "old_citations": {"1993": 4, "1994": 14}, "isVisible": false}, "2118768225": {"name": "graham hamilton", "type": "author", "activity": 10, "h_index": 6, "h5_index": 0, "mag_id": "2118768225", "num_publications": 2, "num_citations": 224, "num_publications_5y": 0, "num_citations_5y": 6, "num_publications_10y": 0, "num_citations_10y": 25, "publications_years": {"1993": 2}, "citations_years": {"1993": 11, "1994": 16, "1995": 24, "1996": 18, "1997": 20, "1998": 12, "1999": 11, "2000": 23, "2001": 9, "2002": 10, "2003": 9, "2004": 12, "2005": 9, "2006": 4, "2007": 8, "2008": 3, "2009": 8, "2010": 4, "2011": 1, "2012": 5, "2013": 1, "2014": 2, "2015": 2, "2016": 0, "2017": 1, "2018": 1}, "old_citations": {"1993": 224}, "isVisible": false}, "120280277": {"name": "howard p katseff", "type": "author", "activity": 4, "h_index": 3, "h5_index": 0, "mag_id": "120280277", "num_publications": 1, "num_citations": 7, "num_publications_5y": 0, "num_citations_5y": 0, "num_publications_10y": 0, "num_citations_10y": 0, "publications_years": {"1993": 1}, "citations_years": {"1994": 2, "1995": 2, "1996": 1, "1997": 2}, "old_citations": {"1993": 7}, "isVisible": false}, "156243902": {"name": "jay lepreau", "type": "author", "activity": 17, "h_index": 27, "h5_index": 0, "mag_id": "156243902", "num_publications": 1, "num_citations": 45, "num_publications_5y": 0, "num_citations_5y": 3, "num_publications_10y": 0, "num_citations_10y": 13, "publications_years": {"1993": 1}, "citations_years": {"1994": 2, "1995": 0, "1996": 0, "1997": 0, "1998": 1, "1999": 2, "2000": 1, "2001": 1, "2002": 4, "2003": 5, "2004": 3, "2005": 3, "2006": 5, "2007": 1, "2008": 3, "2009": 3, "2010": 1, "2011": 2, "2012": 3, "2013": 1, "2014": 0, "2015": 1, "2016": 1, "2017": 1, "2018": 0, "2019": 1}, "old_citations": {"1993": 45}, "isVisible": false}, "164462782": {"name": "ken w shirriff", "type": "author", "activity": 4, "h_index": 7, "h5_index": 0, "mag_id": "164462782", "num_publications": 1, "num_citations": 5, "num_publications_5y": 0, "num_citations_5y": 0, "num_publications_10y": 0, "num_citations_10y": 0, "publications_years": {"1994": 1}, "citations_years": {"1997": 2, "1998": 0, "1999": 1, "2000": 0, "2001": 0, "2002": 1, "2003": 0, "2004": 1}, "old_citations": {"1994": 5}, "isVisible": false}, "226893169": {"name": "thomas charuhas", "type": "author", "activity": 7, "h_index": 2, "h5_index": 0, "mag_id": "226893169", "num_publications": 1, "num_citations": 50, "num_publications_5y": 0, "num_citations_5y": 1, "num_publications_10y": 0, "num_citations_10y": 9, "publications_years": {"1994": 1}, "citations_years": {"1994": 1, "1995": 7, "1996": 8, "1997": 6, "1998": 3, "1999": 4, "2000": 2, "2001": 1, "2002": 1, "2003": 2, "2004": 1, "2005": 1, "2006": 1, "2007": 1, "2008": 2, "2009": 0, "2010": 2, "2011": 1, "2012": 5, "2013": 0, "2014": 0, "2015": 1}, "old_citations": {"1994": 50}, "isVisible": false}, "234653941": {"name": "edward w felten", "type": "author", "activity": 28, "h_index": 48, "h5_index": 3, "mag_id": "234653941", "num_publications": 1, "num_citations": 109, "num_publications_5y": 0, "num_citations_5y": 5, "num_publications_10y": 0, "num_citations_10y": 18, "publications_years": {"1994": 1}, "citations_years": {"1994": 1, "1995": 5, "1996": 6, "1997": 10, "1998": 1, "1999": 5, "2000": 7, "2001": 6, "2002": 8, "2003": 5, "2004": 8, "2005": 10, "2006": 6, "2007": 5, "2008": 8, "2009": 1, "2010": 1, "2011": 0, "2012": 8, "2013": 3, "2014": 0, "2015": 1, "2016": 2, "2017": 1, "2018": 1}, "old_citations": {"1994": 109}, "isVisible": false}, "270493864": {"name": "john ousterhout", "type": "author", "activity": 30, "h_index": 29, "h5_index": 4, "mag_id": "270493864", "num_publications": 1, "num_citations": 5, "num_publications_5y": 0, "num_citations_5y": 0, "num_publications_10y": 0, "num_citations_10y": 0, "publications_years": {"1994": 1}, "citations_years": {"1997": 2, "1998": 0, "1999": 1, "2000": 0, "2001": 0, "2002": 1, "2003": 0, "2004": 1}, "old_citations": {"1994": 5}, "isVisible": false}, "272814634": {"name": "john heidemann", "type": "author", "activity": 30, "h_index": 58, "h5_index": 7, "mag_id": "272814634", "num_publications": 1, "num_citations": 183, "num_publications_5y": 0, "num_citations_5y": 12, "num_publications_10y": 0, "num_citations_10y": 49, "publications_years": {"1994": 1}, "citations_years": {"1994": 5, "1995": 9, "1996": 8, "1997": 8, "1998": 11, "1999": 9, "2000": 4, "2001": 5, "2002": 14, "2003": 8, "2004": 11, "2005": 9, "2006": 12, "2007": 15, "2008": 4, "2009": 11, "2010": 7, "2011": 7, "2012": 8, "2013": 4, "2014": 3, "2015": 6, "2016": 2, "2017": 0, "2018": 1, "2019": 2}, "old_citations": {"1994": 183}, "isVisible": false}, "288563946": {"name": "erez zadok", "type": "author", "activity": 28, "h_index": 38, "h5_index": 6, "mag_id": "288563946", "num_publications": 1, "num_citations": 4, "num_publications_5y": 0, "num_citations_5y": 0, "num_publications_10y": 0, "num_citations_10y": 0, "publications_years": {"1993": 1}, "citations_years": {"1994": 1, "1995": 1, "1996": 0, "1997": 1, "1998": 1}, "old_citations": {"1993": 4}, "isVisible": false}, "416104820": {"name": "m satyanarayanan", "type": "author", "activity": 30, "h_index": 65, "h5_index": 11, "mag_id": "416104820", "num_publications": 1, "num_citations": 37, "num_publications_5y": 0, "num_citations_5y": 1, "num_publications_10y": 0, "num_citations_10y": 1, "publications_years": {"1994": 1}, "citations_years": {"1994": 3, "1995": 5, "1996": 2, "1997": 5, "1998": 3, "1999": 6, "2000": 2, "2001": 3, "2002": 1, "2003": 1, "2004": 1, "2005": 1, "2006": 0, "2007": 1, "2008": 2, "2009": 0, "2010": 0, "2011": 0, "2012": 0, "2013": 0, "2014": 1}, "old_citations": {"1994": 37}, "isVisible": false}, "1154410896": {"name": "james griffioen", "type": "author", "activity": 27, "h_index": 13, "h5_index": 3, "mag_id": "1154410896", "num_publications": 1, "num_citations": 341, "num_publications_5y": 0, "num_citations_5y": 39, "num_publications_10y": 0, "num_citations_10y": 101, "publications_years": {"1994": 1}, "citations_years": {"1994": 2, "1995": 8, "1996": 13, "1997": 6, "1998": 5, "1999": 17, "2000": 9, "2001": 15, "2002": 12, "2003": 19, "2004": 20, "2005": 30, "2006": 26, "2007": 24, "2008": 27, "2009": 10, "2010": 16, "2011": 11, "2012": 15, "2013": 10, "2014": 11, "2015": 7, "2016": 7, "2017": 6, "2018": 8, "2019": 6, "2020": 1}, "old_citations": {"1994": 341}, "isVisible": false}, "1980507756": {"name": "john k zao", "type": "author", "activity": 26, "h_index": 16, "h5_index": 6, "mag_id": "1980507756", "num_publications": 1, "num_citations": 50, "num_publications_5y": 0, "num_citations_5y": 1, "num_publications_10y": 0, "num_citations_10y": 9, "publications_years": {"1994": 1}, "citations_years": {"1994": 1, "1995": 7, "1996": 8, "1997": 6, "1998": 3, "1999": 4, "2000": 2, "2001": 1, "2002": 1, "2003": 2, "2004": 1, "2005": 1, "2006": 1, "2007": 1, "2008": 2, "2009": 0, "2010": 2, "2011": 1, "2012": 5, "2013": 0, "2014": 0, "2015": 1}, "old_citations": {"1994": 50}, "isVisible": false}, "1998011677": {"name": "dave singleton", "type": "author", "activity": 4, "h_index": 2, "h5_index": 0, "mag_id": "1998011677", "num_publications": 1, "num_citations": 17, "num_publications_5y": 0, "num_citations_5y": 1, "num_publications_10y": 0, "num_citations_10y": 5, "publications_years": {"1993": 1}, "citations_years": {"1993": 1, "1994": 0, "1995": 0, "1996": 1, "1997": 1, "1998": 0, "1999": 2, "2000": 1, "2001": 1, "2002": 0, "2003": 0, "2004": 0, "2005": 2, "2006": 1, "2007": 1, "2008": 1, "2009": 0, "2010": 2, "2011": 0, "2012": 0, "2013": 2, "2014": 0, "2015": 1}, "old_citations": {"1993": 17}, "isVisible": false}, "1998397950": {"name": "yenjen oyang", "type": "author", "activity": 31, "h_index": 11, "h5_index": 1, "mag_id": "1998397950", "num_publications": 1, "num_citations": 1, "num_publications_5y": 0, "num_citations_5y": 0, "num_publications_10y": 0, "num_citations_10y": 0, "publications_years": {"1994": 1}, "citations_years": {"1999": 1}, "old_citations": {"1994": 1}, "isVisible": false}, "2000097793": {"name": "k chang", "type": "author", "activity": 6, "h_index": 3, "h5_index": 0, "mag_id": "2000097793", "num_publications": 1, "num_citations": 50, "num_publications_5y": 0, "num_citations_5y": 1, "num_publications_10y": 0, "num_citations_10y": 9, "publications_years": {"1994": 1}, "citations_years": {"1994": 1, "1995": 7, "1996": 8, "1997": 6, "1998": 3, "1999": 4, "2000": 2, "2001": 1, "2002": 1, "2003": 2, "2004": 1, "2005": 1, "2006": 1, "2007": 1, "2008": 2, "2009": 0, "2010": 2, "2011": 1, "2012": 5, "2013": 0, "2014": 0, "2015": 1}, "old_citations": {"1994": 50}, "isVisible": false}, "2018433396": {"name": "jeffrey c mogul", "type": "author", "activity": 29, "h_index": 44, "h5_index": 0, "mag_id": "2018433396", "num_publications": 1, "num_citations": 61, "num_publications_5y": 0, "num_citations_5y": 2, "num_publications_10y": 0, "num_citations_10y": 16, "publications_years": {"1994": 1}, "citations_years": {"1993": 1, "1994": 4, "1995": 8, "1996": 6, "1997": 1, "1998": 2, "1999": 11, "2000": 1, "2001": 1, "2002": 1, "2003": 3, "2004": 3, "2005": 2, "2006": 0, "2007": 0, "2008": 1, "2009": 2, "2010": 6, "2011": 4, "2012": 1, "2013": 1, "2014": 0, "2015": 1, "2016": 1}, "old_citations": {"1994": 61}, "isVisible": false}, "2022030413": {"name": "sedat akyurek", "type": "author", "activity": 5, "h_index": 4, "h5_index": 0, "mag_id": "2022030413", "num_publications": 1, "num_citations": 6, "num_publications_5y": 0, "num_citations_5y": 0, "num_publications_10y": 0, "num_citations_10y": 0, "publications_years": {"1993": 1}, "citations_years": {"1994": 1, "1995": 2, "1996": 1, "1997": 1, "1998": 0, "1999": 0, "2000": 0, "2001": 0, "2002": 0, "2003": 1}, "old_citations": {"1993": 6}, "isVisible": false}, "2031963039": {"name": "james gettys", "type": "author", "activity": 23, "h_index": 11, "h5_index": 0, "mag_id": "2031963039", "num_publications": 1, "num_citations": 104, "num_publications_5y": 0, "num_citations_5y": 31, "num_publications_10y": 0, "num_citations_10y": 52, "publications_years": {"1993": 1}, "citations_years": {"1993": 2, "1994": 8, "1995": 15, "1996": 9, "1997": 3, "1998": 4, "1999": 1, "2000": 1, "2001": 0, "2002": 3, "2003": 0, "2004": 2, "2005": 0, "2006": 1, "2007": 1, "2008": 1, "2009": 0, "2010": 0, "2011": 0, "2012": 7, "2013": 14, "2014": 10, "2015": 3, "2016": 15, "2017": 2, "2018": 1, "2019": 1}, "old_citations": {"1993": 104}, "isVisible": false}, "2072487745": {"name": "thomas b london", "type": "author", "activity": 1, "h_index": 1, "h5_index": 0, "mag_id": "2072487745", "num_publications": 1, "num_citations": 7, "num_publications_5y": 0, "num_citations_5y": 0, "num_publications_10y": 0, "num_citations_10y": 0, "publications_years": {"1993": 1}, "citations_years": {"1994": 2, "1995": 2, "1996": 1, "1997": 2}, "old_citations": {"1993": 7}, "isVisible": false}, "2083354019": {"name": "k lakshman", "type": "author", "activity": 4, "h_index": 3, "h5_index": 0, "mag_id": "2083354019", "num_publications": 1, "num_citations": 12, "num_publications_5y": 0, "num_citations_5y": 0, "num_publications_10y": 0, "num_citations_10y": 0, "publications_years": {"1993": 1}, "citations_years": {"1994": 1, "1995": 0, "1996": 0, "1997": 0, "1998": 0, "1999": 0, "2000": 0, "2001": 0, "2002": 0, "2003": 1, "2004": 0, "2005": 1, "2006": 0, "2007": 9}, "old_citations": {"1993": 12}, "isVisible": false}, "2095792263": {"name": "lincoln stein", "type": "author", "activity": 29, "h_index": 17, "h5_index": 5, "mag_id": "2095792263", "num_publications": 1, "num_citations": 11, "num_publications_5y": 0, "num_citations_5y": 1, "num_publications_10y": 0, "num_citations_10y": 1, "publications_years": {"1994": 1}, "citations_years": {"1994": 2, "1995": 2, "1996": 1, "1997": 0, "1998": 3, "1999": 0, "2000": 0, "2001": 0, "2002": 2, "2003": 0, "2004": 0, "2005": 0, "2006": 0, "2007": 0, "2008": 0, "2009": 0, "2010": 0, "2011": 0, "2012": 0, "2013": 0, "2014": 1}, "old_citations": {"1994": 11}, "isVisible": false}, "2096845160": {"name": "randy appleton", "type": "author", "activity": 5, "h_index": 2, "h5_index": 0, "mag_id": "2096845160", "num_publications": 1, "num_citations": 341, "num_publications_5y": 0, "num_citations_5y": 39, "num_publications_10y": 0, "num_citations_10y": 101, "publications_years": {"1994": 1}, "citations_years": {"1994": 2, "1995": 8, "1996": 13, "1997": 6, "1998": 5, "1999": 17, "2000": 9, "2001": 15, "2002": 12, "2003": 19, "2004": 20, "2005": 30, "2006": 26, "2007": 24, "2008": 27, "2009": 10, "2010": 16, "2011": 11, "2012": 15, "2013": 10, "2014": 11, "2015": 7, "2016": 7, "2017": 6, "2018": 8, "2019": 6, "2020": 1}, "old_citations": {"1994": 341}, "isVisible": false}, "2098553043": {"name": "david ratner", "type": "author", "activity": 11, "h_index": 7, "h5_index": 0, "mag_id": "2098553043", "num_publications": 1, "num_citations": 183, "num_publications_5y": 0, "num_citations_5y": 12, "num_publications_10y": 0, "num_citations_10y": 49, "publications_years": {"1994": 1}, "citations_years": {"1994": 5, "1995": 9, "1996": 8, "1997": 8, "1998": 11, "1999": 9, "2000": 4, "2001": 5, "2002": 14, "2003": 8, "2004": 11, "2005": 9, "2006": 12, "2007": 15, "2008": 4, "2009": 11, "2010": 7, "2011": 7, "2012": 8, "2013": 4, "2014": 3, "2015": 6, "2016": 2, "2017": 0, "2018": 1, "2019": 2}, "old_citations": {"1994": 183}, "isVisible": false}, "2102645393": {"name": "richard wheeler", "type": "author", "activity": 11, "h_index": 13, "h5_index": 0, "mag_id": "2102645393", "num_publications": 1, "num_citations": 61, "num_publications_5y": 0, "num_citations_5y": 0, "num_publications_10y": 0, "num_citations_10y": 0, "publications_years": {"1993": 1}, "citations_years": {"1992": 1, "1993": 1, "1994": 8, "1995": 10, "1996": 10, "1997": 7, "1998": 7, "1999": 4, "2000": 2, "2001": 0, "2002": 3, "2003": 5, "2004": 1, "2005": 0, "2006": 1, "2007": 0, "2008": 1}, "old_citations": {"1993": 61}, "isVisible": false}, "2103900012": {"name": "vernon rego", "type": "author", "activity": 30, "h_index": 11, "h5_index": 2, "mag_id": "2103900012", "num_publications": 1, "num_citations": 5, "num_publications_5y": 0, "num_citations_5y": 0, "num_publications_10y": 0, "num_citations_10y": 0, "publications_years": {"1993": 1}, "citations_years": {"1993": 3, "1994": 1, "1995": 0, "1996": 0, "1997": 0, "1998": 0, "1999": 1}, "old_citations": {"1993": 5}, "isVisible": false}, "2112752255": {"name": "robert morris", "type": "author", "activity": 29, "h_index": 59, "h5_index": 2, "mag_id": "2112752255", "num_publications": 1, "num_citations": 50, "num_publications_5y": 0, "num_citations_5y": 1, "num_publications_10y": 0, "num_citations_10y": 9, "publications_years": {"1994": 1}, "citations_years": {"1994": 1, "1995": 7, "1996": 8, "1997": 6, "1998": 3, "1999": 4, "2000": 2, "2001": 1, "2002": 1, "2003": 2, "2004": 1, "2005": 1, "2006": 1, "2007": 1, "2008": 2, "2009": 0, "2010": 2, "2011": 1, "2012": 5, "2013": 0, "2014": 0, "2015": 1}, "old_citations": {"1994": 50}, "isVisible": false}, "2120837596": {"name": "mary pat reeve", "type": "author", "activity": 1, "h_index": 1, "h5_index": 0, "mag_id": "2120837596", "num_publications": 1, "num_citations": 11, "num_publications_5y": 0, "num_citations_5y": 1, "num_publications_10y": 0, "num_citations_10y": 1, "publications_years": {"1994": 1}, "citations_years": {"1994": 2, "1995": 2, "1996": 1, "1997": 0, "1998": 3, "1999": 0, "2000": 0, "2001": 0, "2002": 2, "2003": 0, "2004": 0, "2005": 0, "2006": 0, "2007": 0, "2008": 0, "2009": 0, "2010": 0, "2011": 0, "2012": 0, "2013": 0, "2014": 1}, "old_citations": {"1994": 11}, "isVisible": false}, "2129923796": {"name": "kevin j clarke", "type": "author", "activity": 12, "h_index": 3, "h5_index": 0, "mag_id": "2129923796", "num_publications": 1, "num_citations": 17, "num_publications_5y": 0, "num_citations_5y": 1, "num_publications_10y": 0, "num_citations_10y": 5, "publications_years": {"1993": 1}, "citations_years": {"1993": 1, "1994": 0, "1995": 0, "1996": 1, "1997": 1, "1998": 0, "1999": 2, "2000": 1, "2001": 1, "2002": 0, "2003": 0, "2004": 0, "2005": 2, "2006": 1, "2007": 1, "2008": 1, "2009": 0, "2010": 2, "2011": 0, "2012": 0, "2013": 2, "2014": 0, "2015": 1}, "old_citations": {"1993": 17}, "isVisible": false}, "2130553062": {"name": "cliff young", "type": "author", "activity": 6, "h_index": 7, "h5_index": 0, "mag_id": "2130553062", "num_publications": 1, "num_citations": 50, "num_publications_5y": 0, "num_citations_5y": 1, "num_publications_10y": 0, "num_citations_10y": 9, "publications_years": {"1994": 1}, "citations_years": {"1994": 1, "1995": 7, "1996": 8, "1997": 6, "1998": 3, "1999": 4, "2000": 2, "2001": 1, "2002": 1, "2003": 2, "2004": 1, "2005": 1, "2006": 1, "2007": 1, "2008": 2, "2009": 0, "2010": 2, "2011": 1, "2012": 5, "2013": 0, "2014": 0, "2015": 1}, "old_citations": {"1994": 50}, "isVisible": false}, "2132777562": {"name": "nathan goodman", "type": "author", "activity": 14, "h_index": 6, "h5_index": 0, "mag_id": "2132777562", "num_publications": 1, "num_citations": 11, "num_publications_5y": 0, "num_citations_5y": 1, "num_publications_10y": 0, "num_citations_10y": 1, "publications_years": {"1994": 1}, "citations_years": {"1994": 2, "1995": 2, "1996": 1, "1997": 0, "1998": 3, "1999": 0, "2000": 0, "2001": 0, "2002": 2, "2003": 0, "2004": 0, "2005": 0, "2006": 0, "2007": 0, "2008": 0, "2009": 0, "2010": 0, "2011": 0, "2012": 0, "2013": 0, "2014": 1}, "old_citations": {"1994": 11}, "isVisible": false}, "2137031152": {"name": "brad karp", "type": "author", "activity": 30, "h_index": 22, "h5_index": 2, "mag_id": "2137031152", "num_publications": 1, "num_citations": 50, "num_publications_5y": 0, "num_citations_5y": 1, "num_publications_10y": 0, "num_citations_10y": 9, "publications_years": {"1994": 1}, "citations_years": {"1994": 1, "1995": 7, "1996": 8, "1997": 6, "1998": 3, "1999": 4, "2000": 2, "2001": 1, "2002": 1, "2003": 2, "2004": 1, "2005": 1, "2006": 1, "2007": 1, "2008": 2, "2009": 0, "2010": 2, "2011": 1, "2012": 5, "2013": 0, "2014": 0, "2015": 1}, "old_citations": {"1994": 50}, "isVisible": false}, "2142037325": {"name": "simon s lam", "type": "author", "activity": 28, "h_index": 32, "h5_index": 4, "mag_id": "2142037325", "num_publications": 1, "num_citations": 18, "num_publications_5y": 0, "num_citations_5y": 0, "num_publications_10y": 0, "num_citations_10y": 5, "publications_years": {"1994": 1}, "citations_years": {"1994": 2, "1995": 0, "1996": 1, "1997": 0, "1998": 2, "1999": 0, "2000": 1, "2001": 2, "2002": 1, "2003": 0, "2004": 1, "2005": 0, "2006": 0, "2007": 1, "2008": 2, "2009": 0, "2010": 2, "2011": 3}, "old_citations": {"1994": 18}, "isVisible": false}, "2147100820": {"name": "michael n nelson", "type": "author", "activity": 10, "h_index": 6, "h5_index": 0, "mag_id": "2147100820", "num_publications": 1, "num_citations": 76, "num_publications_5y": 0, "num_citations_5y": 2, "num_publications_10y": 0, "num_citations_10y": 5, "publications_years": {"1993": 1}, "citations_years": {"1993": 3, "1994": 3, "1995": 6, "1996": 5, "1997": 8, "1998": 4, "1999": 2, "2000": 11, "2001": 5, "2002": 3, "2003": 4, "2004": 6, "2005": 4, "2006": 1, "2007": 4, "2008": 2, "2009": 0, "2010": 0, "2011": 1, "2012": 2, "2013": 0, "2014": 1, "2015": 0, "2016": 0, "2017": 0, "2018": 1}, "old_citations": {"1993": 76}, "isVisible": false}, "2148869393": {"name": "thomas anderson", "type": "author", "activity": 31, "h_index": 84, "h5_index": 9, "mag_id": "2148869393", "num_publications": 1, "num_citations": 41, "num_publications_5y": 0, "num_citations_5y": 1, "num_publications_10y": 0, "num_citations_10y": 4, "publications_years": {"1993": 1}, "citations_years": {"1993": 3, "1994": 4, "1995": 4, "1996": 1, "1997": 2, "1998": 1, "1999": 2, "2000": 1, "2001": 1, "2002": 7, "2003": 0, "2004": 2, "2005": 4, "2006": 2, "2007": 2, "2008": 1, "2009": 0, "2010": 2, "2011": 0, "2012": 1, "2013": 0, "2014": 1}, "old_citations": {"1993": 41}, "isVisible": false}, "2149828693": {"name": "douglas e comer", "type": "author", "activity": 30, "h_index": 15, "h5_index": 3, "mag_id": "2149828693", "num_publications": 1, "num_citations": 67, "num_publications_5y": 0, "num_citations_5y": 10, "num_publications_10y": 0, "num_citations_10y": 33, "publications_years": {"1994": 1}, "citations_years": {"1994": 2, "1995": 2, "1996": 4, "1997": 4, "1998": 2, "1999": 3, "2000": 1, "2001": 1, "2002": 0, "2003": 5, "2004": 3, "2005": 2, "2006": 1, "2007": 2, "2008": 1, "2009": 5, "2010": 6, "2011": 6, "2012": 3, "2013": 3, "2014": 6, "2015": 0, "2016": 1, "2017": 2, "2018": 1, "2019": 1}, "old_citations": {"1994": 67}, "isVisible": false}, "2153309499": {"name": "evan w adams", "type": "author", "activity": 10, "h_index": 6, "h5_index": 0, "mag_id": "2153309499", "num_publications": 1, "num_citations": 3, "num_publications_5y": 0, "num_citations_5y": 0, "num_publications_10y": 0, "num_citations_10y": 0, "publications_years": {"1994": 1}, "citations_years": {"1994": 1, "1995": 1, "1996": 0, "1997": 0, "1998": 0, "1999": 0, "2000": 0, "2001": 0, "2002": 0, "2003": 1}, "old_citations": {"1994": 3}, "isVisible": false}, "2157592790": {"name": "kenneth salem", "type": "author", "activity": 31, "h_index": 24, "h5_index": 4, "mag_id": "2157592790", "num_publications": 1, "num_citations": 6, "num_publications_5y": 0, "num_citations_5y": 0, "num_publications_10y": 0, "num_citations_10y": 0, "publications_years": {"1993": 1}, "citations_years": {"1994": 1, "1995": 2, "1996": 1, "1997": 1, "1998": 0, "1999": 0, "2000": 0, "2001": 0, "2002": 0, "2003": 1}, "old_citations": {"1993": 6}, "isVisible": false}, "2157623862": {"name": "janche sang", "type": "author", "activity": 28, "h_index": 8, "h5_index": 2, "mag_id": "2157623862", "num_publications": 1, "num_citations": 5, "num_publications_5y": 0, "num_citations_5y": 0, "num_publications_10y": 0, "num_citations_10y": 0, "publications_years": {"1993": 1}, "citations_years": {"1993": 3, "1994": 1, "1995": 0, "1996": 0, "1997": 0, "1998": 0, "1999": 1}, "old_citations": {"1993": 5}, "isVisible": false}, "2158373488": {"name": "kehsiung chung", "type": "author", "activity": 3, "h_index": 4, "h5_index": 0, "mag_id": "2158373488", "num_publications": 1, "num_citations": 5, "num_publications_5y": 0, "num_citations_5y": 0, "num_publications_10y": 0, "num_citations_10y": 0, "publications_years": {"1993": 1}, "citations_years": {"1993": 3, "1994": 1, "1995": 0, "1996": 0, "1997": 0, "1998": 0, "1999": 1}, "old_citations": {"1993": 5}, "isVisible": false}, "2163328135": {"name": "diane tang", "type": "author", "activity": 22, "h_index": 14, "h5_index": 0, "mag_id": "2163328135", "num_publications": 1, "num_citations": 50, "num_publications_5y": 0, "num_citations_5y": 1, "num_publications_10y": 0, "num_citations_10y": 9, "publications_years": {"1994": 1}, "citations_years": {"1994": 1, "1995": 7, "1996": 8, "1997": 6, "1998": 3, "1999": 4, "2000": 2, "2001": 1, "2002": 1, "2003": 2, "2004": 1, "2005": 1, "2006": 1, "2007": 1, "2008": 2, "2009": 0, "2010": 2, "2011": 1, "2012": 5, "2013": 0, "2014": 0, "2015": 1}, "old_citations": {"1994": 50}, "isVisible": false}, "2166597129": {"name": "kai li", "type": "author", "activity": 31, "h_index": 59, "h5_index": 4, "mag_id": "2166597129", "num_publications": 1, "num_citations": 109, "num_publications_5y": 0, "num_citations_5y": 5, "num_publications_10y": 0, "num_citations_10y": 18, "publications_years": {"1994": 1}, "citations_years": {"1994": 1, "1995": 5, "1996": 6, "1997": 10, "1998": 1, "1999": 5, "2000": 7, "2001": 6, "2002": 8, "2003": 5, "2004": 8, "2005": 10, "2006": 6, "2007": 5, "2008": 8, "2009": 1, "2010": 1, "2011": 0, "2012": 8, "2013": 3, "2014": 0, "2015": 1, "2016": 2, "2017": 1, "2018": 1}, "old_citations": {"1994": 109}, "isVisible": false}, "2169037486": {"name": "pei cao", "type": "author", "activity": 22, "h_index": 26, "h5_index": 0, "mag_id": "2169037486", "num_publications": 1, "num_citations": 109, "num_publications_5y": 0, "num_citations_5y": 5, "num_publications_10y": 0, "num_citations_10y": 18, "publications_years": {"1994": 1}, "citations_years": {"1994": 1, "1995": 5, "1996": 6, "1997": 10, "1998": 1, "1999": 5, "2000": 7, "2001": 6, "2002": 8, "2003": 5, "2004": 8, "2005": 10, "2006": 6, "2007": 5, "2008": 8, "2009": 1, "2010": 1, "2011": 0, "2012": 8, "2013": 3, "2014": 0, "2015": 1, "2016": 2, "2017": 1, "2018": 1}, "old_citations": {"1994": 109}, "isVisible": false}, "2194398270": {"name": "trevor blackwell", "type": "author", "activity": 6, "h_index": 5, "h5_index": 0, "mag_id": "2194398270", "num_publications": 1, "num_citations": 50, "num_publications_5y": 0, "num_citations_5y": 1, "num_publications_10y": 0, "num_citations_10y": 9, "publications_years": {"1994": 1}, "citations_years": {"1994": 1, "1995": 7, "1996": 8, "1997": 6, "1998": 3, "1999": 4, "2000": 2, "2001": 1, "2002": 1, "2003": 2, "2004": 1, "2005": 1, "2006": 1, "2007": 1, "2008": 2, "2009": 0, "2010": 2, "2011": 1, "2012": 5, "2013": 0, "2014": 0, "2015": 1}, "old_citations": {"1994": 50}, "isVisible": false}, "2251587739": {"name": "chihchung chen", "type": "author", "activity": 1, "h_index": 1, "h5_index": 0, "mag_id": "2251587739", "num_publications": 1, "num_citations": 1, "num_publications_5y": 0, "num_citations_5y": 0, "num_publications_10y": 0, "num_citations_10y": 0, "publications_years": {"1994": 1}, "citations_years": {"1999": 1}, "old_citations": {"1994": 1}, "isVisible": false}, "2251903538": {"name": "bart smaalders", "type": "author", "activity": 16, "h_index": 9, "h5_index": 0, "mag_id": "2251903538", "num_publications": 1, "num_citations": 17, "num_publications_5y": 0, "num_citations_5y": 1, "num_publications_10y": 0, "num_citations_10y": 5, "publications_years": {"1993": 1}, "citations_years": {"1993": 1, "1994": 0, "1995": 0, "1996": 1, "1997": 1, "1998": 0, "1999": 2, "2000": 1, "2001": 1, "2002": 0, "2003": 0, "2004": 0, "2005": 2, "2006": 1, "2007": 1, "2008": 1, "2009": 0, "2010": 2, "2011": 0, "2012": 0, "2013": 2, "2014": 0, "2015": 1}, "old_citations": {"1993": 17}, "isVisible": false}, "2273962136": {"name": "andy nanopoulos", "type": "author", "activity": 1, "h_index": 1, "h5_index": 0, "mag_id": "2273962136", "num_publications": 1, "num_citations": 61, "num_publications_5y": 0, "num_citations_5y": 0, "num_publications_10y": 0, "num_citations_10y": 0, "publications_years": {"1993": 1}, "citations_years": {"1992": 1, "1993": 1, "1994": 8, "1995": 10, "1996": 10, "1997": 7, "1998": 7, "1999": 4, "2000": 2, "2001": 0, "2002": 3, "2003": 5, "2004": 1, "2005": 0, "2006": 1, "2007": 0, "2008": 1}, "old_citations": {"1993": 61}, "isVisible": false}, "2275243877": {"name": "shaowen su", "type": "author", "activity": 1, "h_index": 1, "h5_index": 0, "mag_id": "2275243877", "num_publications": 1, "num_citations": 18, "num_publications_5y": 0, "num_citations_5y": 0, "num_publications_10y": 0, "num_citations_10y": 5, "publications_years": {"1994": 1}, "citations_years": {"1994": 2, "1995": 0, "1996": 1, "1997": 0, "1998": 2, "1999": 0, "2000": 1, "2001": 2, "2002": 1, "2003": 0, "2004": 1, "2005": 0, "2006": 0, "2007": 1, "2008": 2, "2009": 0, "2010": 2, "2011": 3}, "old_citations": {"1994": 18}, "isVisible": false}, "2276105013": {"name": "curtis yarvin", "type": "author", "activity": 1, "h_index": 1, "h5_index": 0, "mag_id": "2276105013", "num_publications": 1, "num_citations": 41, "num_publications_5y": 0, "num_citations_5y": 1, "num_publications_10y": 0, "num_citations_10y": 4, "publications_years": {"1993": 1}, "citations_years": {"1993": 3, "1994": 4, "1995": 4, "1996": 1, "1997": 2, "1998": 1, "1999": 2, "2000": 1, "2001": 1, "2002": 7, "2003": 0, "2004": 2, "2005": 4, "2006": 2, "2007": 2, "2008": 1, "2009": 0, "2010": 2, "2011": 0, "2012": 1, "2013": 0, "2014": 1}, "old_citations": {"1993": 41}, "isVisible": false}, "2277885450": {"name": "ewan milne", "type": "author", "activity": 1, "h_index": 1, "h5_index": 0, "mag_id": "2277885450", "num_publications": 1, "num_citations": 61, "num_publications_5y": 0, "num_citations_5y": 0, "num_publications_10y": 0, "num_citations_10y": 0, "publications_years": {"1993": 1}, "citations_years": {"1992": 1, "1993": 1, "1994": 8, "1995": 10, "1996": 10, "1997": 7, "1998": 7, "1999": 4, "2000": 2, "2001": 0, "2002": 3, "2003": 5, "2004": 1, "2005": 0, "2006": 1, "2007": 0, "2008": 1}, "old_citations": {"1993": 61}, "isVisible": false}, "2278381003": {"name": "ert dredge", "type": "author", "activity": 1, "h_index": 1, "h5_index": 0, "mag_id": "2278381003", "num_publications": 1, "num_citations": 11, "num_publications_5y": 0, "num_citations_5y": 1, "num_publications_10y": 0, "num_citations_10y": 1, "publications_years": {"1994": 1}, "citations_years": {"1994": 2, "1995": 2, "1996": 1, "1997": 0, "1998": 3, "1999": 0, "2000": 0, "2001": 0, "2002": 2, "2003": 0, "2004": 0, "2005": 0, "2006": 0, "2007": 0, "2008": 0, "2009": 0, "2010": 0, "2011": 0, "2012": 0, "2013": 0, "2014": 1}, "old_citations": {"1994": 11}, "isVisible": false}, "2280427301": {"name": "w david li", "type": "author", "activity": 1, "h_index": 1, "h5_index": 0, "mag_id": "2280427301", "num_publications": 1, "num_citations": 50, "num_publications_5y": 0, "num_citations_5y": 1, "num_publications_10y": 0, "num_citations_10y": 9, "publications_years": {"1994": 1}, "citations_years": {"1994": 1, "1995": 7, "1996": 8, "1997": 6, "1998": 3, "1999": 4, "2000": 2, "2001": 1, "2002": 1, "2003": 2, "2004": 1, "2005": 1, "2006": 1, "2007": 1, "2008": 2, "2009": 0, "2010": 2, "2011": 1, "2012": 5, "2013": 0, "2014": 0, "2015": 1}, "old_citations": {"1994": 50}, "isVisible": false}, "2280708553": {"name": "raghuram bindignavle", "type": "author", "activity": 1, "h_index": 1, "h5_index": 0, "mag_id": "2280708553", "num_publications": 1, "num_citations": 18, "num_publications_5y": 0, "num_citations_5y": 0, "num_publications_10y": 0, "num_citations_10y": 5, "publications_years": {"1994": 1}, "citations_years": {"1994": 2, "1995": 0, "1996": 1, "1997": 0, "1998": 2, "1999": 0, "2000": 1, "2001": 2, "2002": 1, "2003": 0, "2004": 1, "2005": 0, "2006": 0, "2007": 1, "2008": 2, "2009": 0, "2010": 2, "2011": 3}, "old_citations": {"1994": 18}, "isVisible": false}, "2284997090": {"name": "bill nesheim", "type": "author", "activity": 1, "h_index": 1, "h5_index": 0, "mag_id": "2284997090", "num_publications": 1, "num_citations": 61, "num_publications_5y": 0, "num_citations_5y": 0, "num_publications_10y": 0, "num_citations_10y": 0, "publications_years": {"1993": 1}, "citations_years": {"1992": 1, "1993": 1, "1994": 8, "1995": 10, "1996": 10, "1997": 7, "1998": 7, "1999": 4, "2000": 2, "2001": 0, "2002": 3, "2003": 5, "2004": 1, "2005": 0, "2006": 1, "2007": 0, "2008": 1}, "old_citations": {"1993": 61}, "isVisible": false}, "2346583870": {"name": "geoffrey h kuenning", "type": "author", "activity": 20, "h_index": 9, "h5_index": 0, "mag_id": "2346583870", "num_publications": 1, "num_citations": 44, "num_publications_5y": 0, "num_citations_5y": 1, "num_publications_10y": 0, "num_citations_10y": 8, "publications_years": {"1994": 1}, "citations_years": {"1994": 3, "1995": 2, "1996": 4, "1997": 3, "1998": 5, "1999": 6, "2000": 0, "2001": 3, "2002": 1, "2003": 1, "2004": 2, "2005": 0, "2006": 1, "2007": 3, "2008": 1, "2009": 0, "2010": 0, "2011": 1, "2012": 1, "2013": 5, "2014": 0, "2015": 0, "2016": 1, "2017": 0, "2018": 0, "2019": 1}, "old_citations": {"1994": 44}, "isVisible": false}, "2426470670": {"name": "mark j daly", "type": "author", "activity": 26, "h_index": 6, "h5_index": 1, "mag_id": "2426470670", "num_publications": 1, "num_citations": 11, "num_publications_5y": 0, "num_citations_5y": 1, "num_publications_10y": 0, "num_citations_10y": 1, "publications_years": {"1994": 1}, "citations_years": {"1994": 2, "1995": 2, "1996": 1, "1997": 0, "1998": 3, "1999": 0, "2000": 0, "2001": 0, "2002": 2, "2003": 0, "2004": 0, "2005": 0, "2006": 0, "2007": 0, "2008": 0, "2009": 0, "2010": 0, "2011": 0, "2012": 0, "2013": 0, "2014": 1}, "old_citations": {"1994": 11}, "isVisible": false}, "2431583638": {"name": "robert j hall", "type": "author", "activity": 5, "h_index": 7, "h5_index": 0, "mag_id": "2431583638", "num_publications": 1, "num_citations": 44, "num_publications_5y": 0, "num_citations_5y": 5, "num_publications_10y": 0, "num_citations_10y": 10, "publications_years": {"1993": 1}, "citations_years": {"1995": 4, "1996": 1, "1997": 1, "1998": 2, "1999": 13, "2000": 4, "2001": 1, "2002": 2, "2003": 1, "2004": 0, "2005": 3, "2006": 0, "2007": 1, "2008": 1, "2009": 1, "2010": 0, "2011": 1, "2012": 2, "2013": 1, "2014": 2, "2015": 0, "2016": 1, "2017": 1, "2018": 1}, "old_citations": {"1993": 44}, "isVisible": false}, "2433604097": {"name": "greg skinner", "type": "author", "activity": 1, "h_index": 1, "h5_index": 0, "mag_id": "2433604097", "num_publications": 1, "num_citations": 183, "num_publications_5y": 0, "num_citations_5y": 12, "num_publications_10y": 0, "num_citations_10y": 49, "publications_years": {"1994": 1}, "citations_years": {"1994": 5, "1995": 9, "1996": 8, "1997": 8, "1998": 11, "1999": 9, "2000": 4, "2001": 5, "2002": 14, "2003": 8, "2004": 11, "2005": 9, "2006": 12, "2007": 15, "2008": 4, "2009": 11, "2010": 7, "2011": 7, "2012": 8, "2013": 4, "2014": 3, "2015": 6, "2016": 2, "2017": 0, "2018": 1, "2019": 2}, "old_citations": {"1994": 183}, "isVisible": false}, "2480615991": {"name": "chengzen yang", "type": "author", "activity": 3, "h_index": 1, "h5_index": 0, "mag_id": "2480615991", "num_publications": 1, "num_citations": 1, "num_publications_5y": 0, "num_citations_5y": 0, "num_publications_10y": 0, "num_citations_10y": 0, "publications_years": {"1994": 1}, "citations_years": {"1999": 1}, "old_citations": {"1994": 1}, "isVisible": false}, "2483424175": {"name": "susan j loverso", "type": "author", "activity": 1, "h_index": 1, "h5_index": 0, "mag_id": "2483424175", "num_publications": 1, "num_citations": 61, "num_publications_5y": 0, "num_citations_5y": 0, "num_publications_10y": 0, "num_citations_10y": 0, "publications_years": {"1993": 1}, "citations_years": {"1992": 1, "1993": 1, "1994": 8, "1995": 10, "1996": 10, "1997": 7, "1998": 7, "1999": 4, "2000": 2, "2001": 0, "2002": 3, "2003": 5, "2004": 1, "2005": 0, "2006": 1, "2007": 0, "2008": 1}, "old_citations": {"1993": 61}, "isVisible": false}, "2494626814": {"name": "jeff bonwick", "type": "author", "activity": 15, "h_index": 2, "h5_index": 0, "mag_id": "2494626814", "num_publications": 1, "num_citations": 199, "num_publications_5y": 0, "num_citations_5y": 53, "num_publications_10y": 0, "num_citations_10y": 114, "publications_years": {"1994": 1}, "citations_years": {"1995": 1, "1996": 1, "1997": 2, "1998": 1, "1999": 1, "2000": 2, "2001": 3, "2002": 8, "2003": 7, "2004": 18, "2005": 6, "2006": 14, "2007": 7, "2008": 7, "2009": 7, "2010": 15, "2011": 14, "2012": 15, "2013": 10, "2014": 7, "2015": 13, "2016": 15, "2017": 8, "2018": 10, "2019": 6, "2020": 1}, "old_citations": {"1994": 199}, "isVisible": false}, "2505584513": {"name": "timothy w curry", "type": "author", "activity": 1, "h_index": 1, "h5_index": 0, "mag_id": "2505584513", "num_publications": 1, "num_citations": 64, "num_publications_5y": 0, "num_citations_5y": 9, "num_publications_10y": 0, "num_citations_10y": 24, "publications_years": {"1994": 1}, "citations_years": {"1995": 1, "1996": 0, "1997": 0, "1998": 2, "1999": 6, "2000": 3, "2001": 1, "2002": 1, "2003": 4, "2004": 6, "2005": 2, "2006": 3, "2007": 4, "2008": 5, "2009": 2, "2010": 3, "2011": 3, "2012": 4, "2013": 3, "2014": 4, "2015": 2, "2016": 1, "2017": 2, "2018": 0, "2019": 1, "2020": 1}, "old_citations": {"1994": 64}, "isVisible": false}, "2514109417": {"name": "liam r e quin", "type": "author", "activity": 1, "h_index": 0, "h5_index": 0, "mag_id": "2514109417", "num_publications": 1, "num_citations": 0, "num_publications_5y": 0, "num_citations_5y": 0, "num_publications_10y": 0, "num_citations_10y": 0, "publications_years": {"1994": 1}, "citations_years": {}, "old_citations": {"1994": 0}, "isVisible": false}, "2555257712": {"name": "giri kuthethoor", "type": "author", "activity": 1, "h_index": 1, "h5_index": 0, "mag_id": "2555257712", "num_publications": 1, "num_citations": 12, "num_publications_5y": 0, "num_citations_5y": 0, "num_publications_10y": 0, "num_citations_10y": 0, "publications_years": {"1993": 1}, "citations_years": {"1994": 1, "1995": 0, "1996": 0, "1997": 0, "1998": 0, "1999": 0, "2000": 0, "2001": 0, "2002": 0, "2003": 1, "2004": 0, "2005": 1, "2006": 0, "2007": 9}, "old_citations": {"1993": 12}, "isVisible": false}, "2573500036": {"name": "h t kung", "type": "author", "activity": 30, "h_index": 31, "h5_index": 9, "mag_id": "2573500036", "num_publications": 1, "num_citations": 50, "num_publications_5y": 0, "num_citations_5y": 1, "num_publications_10y": 0, "num_citations_10y": 9, "publications_years": {"1994": 1}, "citations_years": {"1994": 1, "1995": 7, "1996": 8, "1997": 6, "1998": 3, "1999": 4, "2000": 2, "2001": 1, "2002": 1, "2003": 2, "2004": 1, "2005": 1, "2006": 1, "2007": 1, "2008": 2, "2009": 0, "2010": 2, "2011": 1, "2012": 5, "2013": 0, "2014": 0, "2015": 1}, "old_citations": {"1994": 50}, "isVisible": false}, "2592256804": {"name": "raj yavatkar", "type": "author", "activity": 5, "h_index": 4, "h5_index": 0, "mag_id": "2592256804", "num_publications": 1, "num_citations": 12, "num_publications_5y": 0, "num_citations_5y": 0, "num_publications_10y": 0, "num_citations_10y": 0, "publications_years": {"1993": 1}, "citations_years": {"1994": 1, "1995": 0, "1996": 0, "1997": 0, "1998": 0, "1999": 0, "2000": 0, "2001": 0, "2002": 0, "2003": 1, "2004": 0, "2005": 1, "2006": 0, "2007": 9}, "old_citations": {"1993": 12}, "isVisible": false}, "2608687506": {"name": "steve rozen", "type": "author", "activity": 16, "h_index": 7, "h5_index": 0, "mag_id": "2608687506", "num_publications": 1, "num_citations": 11, "num_publications_5y": 0, "num_citations_5y": 1, "num_publications_10y": 0, "num_citations_10y": 1, "publications_years": {"1994": 1}, "citations_years": {"1994": 2, "1995": 2, "1996": 1, "1997": 0, "1998": 3, "1999": 0, "2000": 0, "2001": 0, "2002": 2, "2003": 0, "2004": 0, "2005": 0, "2006": 0, "2007": 0, "2008": 0, "2009": 0, "2010": 0, "2011": 0, "2012": 0, "2013": 0, "2014": 1}, "old_citations": {"1994": 11}, "isVisible": false}, "2609677864": {"name": "panos kougiouris", "type": "author", "activity": 4, "h_index": 2, "h5_index": 0, "mag_id": "2609677864", "num_publications": 1, "num_citations": 148, "num_publications_5y": 0, "num_citations_5y": 4, "num_publications_10y": 0, "num_citations_10y": 20, "publications_years": {"1993": 1}, "citations_years": {"1993": 8, "1994": 13, "1995": 18, "1996": 13, "1997": 12, "1998": 8, "1999": 9, "2000": 12, "2001": 4, "2002": 7, "2003": 5, "2004": 6, "2005": 5, "2006": 3, "2007": 4, "2008": 1, "2009": 8, "2010": 4, "2011": 0, "2012": 3, "2013": 1, "2014": 1, "2015": 2, "2016": 0, "2017": 1}, "old_citations": {"1993": 148}, "isVisible": false}, "2611407526": {"name": "glenn c skinner", "type": "author", "activity": 1, "h_index": 1, "h5_index": 0, "mag_id": "2611407526", "num_publications": 1, "num_citations": 40, "num_publications_5y": 0, "num_citations_5y": 0, "num_publications_10y": 0, "num_citations_10y": 6, "publications_years": {"1993": 1}, "citations_years": {"1994": 1, "1995": 1, "1996": 5, "1997": 2, "1998": 3, "1999": 2, "2000": 3, "2001": 4, "2002": 5, "2003": 2, "2004": 2, "2005": 2, "2006": 1, "2007": 1, "2008": 0, "2009": 1, "2010": 5}, "old_citations": {"1993": 40}, "isVisible": false}, "2621190376": {"name": "steve evans", "type": "author", "activity": 1, "h_index": 1, "h5_index": 0, "mag_id": "2621190376", "num_publications": 1, "num_citations": 17, "num_publications_5y": 0, "num_citations_5y": 1, "num_publications_10y": 0, "num_citations_10y": 5, "publications_years": {"1993": 1}, "citations_years": {"1993": 1, "1994": 0, "1995": 0, "1996": 1, "1997": 1, "1998": 0, "1999": 2, "2000": 1, "2001": 1, "2002": 0, "2003": 0, "2004": 0, "2005": 2, "2006": 1, "2007": 1, "2008": 1, "2009": 0, "2010": 2, "2011": 0, "2012": 0, "2013": 2, "2014": 0, "2015": 1}, "old_citations": {"1993": 17}, "isVisible": false}, "2624061129": {"name": "bruce e keith", "type": "author", "activity": 1, "h_index": 1, "h5_index": 0, "mag_id": "2624061129", "num_publications": 1, "num_citations": 98, "num_publications_5y": 0, "num_citations_5y": 1, "num_publications_10y": 0, "num_citations_10y": 12, "publications_years": {"1993": 1}, "citations_years": {"1993": 2, "1994": 4, "1995": 4, "1996": 3, "1997": 4, "1998": 5, "1999": 6, "2000": 1, "2001": 3, "2002": 5, "2003": 4, "2004": 17, "2005": 12, "2006": 7, "2007": 1, "2008": 8, "2009": 4, "2010": 3, "2011": 1, "2012": 2, "2013": 1, "2014": 0, "2015": 1}, "old_citations": {"1993": 98}, "isVisible": false}, "2627612665": {"name": "thomas mark levergood", "type": "author", "activity": 9, "h_index": 5, "h5_index": 0, "mag_id": "2627612665", "num_publications": 1, "num_citations": 104, "num_publications_5y": 0, "num_citations_5y": 31, "num_publications_10y": 0, "num_citations_10y": 52, "publications_years": {"1993": 1}, "citations_years": {"1993": 2, "1994": 8, "1995": 15, "1996": 9, "1997": 3, "1998": 4, "1999": 1, "2000": 1, "2001": 0, "2002": 3, "2003": 0, "2004": 2, "2005": 0, "2006": 1, "2007": 1, "2008": 1, "2009": 0, "2010": 0, "2011": 0, "2012": 7, "2013": 14, "2014": 10, "2015": 3, "2016": 15, "2017": 2, "2018": 1, "2019": 1}, "old_citations": {"1993": 104}, "isVisible": false}, "2636161486": {"name": "andre marquis", "type": "author", "activity": 1, "h_index": 1, "h5_index": 0, "mag_id": "2636161486", "num_publications": 1, "num_citations": 11, "num_publications_5y": 0, "num_citations_5y": 1, "num_publications_10y": 0, "num_citations_10y": 1, "publications_years": {"1994": 1}, "citations_years": {"1994": 2, "1995": 2, "1996": 1, "1997": 0, "1998": 3, "1999": 0, "2000": 0, "2001": 0, "2002": 2, "2003": 0, "2004": 0, "2005": 0, "2006": 0, "2007": 0, "2008": 0, "2009": 0, "2010": 0, "2011": 0, "2012": 0, "2013": 0, "2014": 1}, "old_citations": {"1994": 11}, "isVisible": false}, "2636838017": {"name": "dong lin", "type": "author", "activity": 8, "h_index": 5, "h5_index": 0, "mag_id": "2636838017", "num_publications": 1, "num_citations": 50, "num_publications_5y": 0, "num_citations_5y": 1, "num_publications_10y": 0, "num_citations_10y": 9, "publications_years": {"1994": 1}, "citations_years": {"1994": 1, "1995": 7, "1996": 8, "1997": 6, "1998": 3, "1999": 4, "2000": 2, "2001": 1, "2002": 1, "2003": 2, "2004": 1, "2005": 1, "2006": 1, "2007": 1, "2008": 2, "2009": 0, "2010": 2, "2011": 1, "2012": 5, "2013": 0, "2014": 0, "2015": 1}, "old_citations": {"1994": 50}, "isVisible": false}, "2641666611": {"name": "bob lyon", "type": "author", "activity": 1, "h_index": 1, "h5_index": 0, "mag_id": "2641666611", "num_publications": 1, "num_citations": 6, "num_publications_5y": 0, "num_citations_5y": 0, "num_publications_10y": 0, "num_citations_10y": 1, "publications_years": {"1993": 1}, "citations_years": {"1993": 1, "1994": 0, "1995": 0, "1996": 0, "1997": 1, "1998": 0, "1999": 0, "2000": 0, "2001": 1, "2002": 0, "2003": 1, "2004": 1, "2005": 0, "2006": 0, "2007": 0, "2008": 0, "2009": 1}, "old_citations": {"1993": 6}, "isVisible": false}, "2646004696": {"name": "brent callaghan", "type": "author", "activity": 1, "h_index": 1, "h5_index": 0, "mag_id": "2646004696", "num_publications": 1, "num_citations": 9, "num_publications_5y": 0, "num_citations_5y": 0, "num_publications_10y": 0, "num_citations_10y": 1, "publications_years": {"1993": 1}, "citations_years": {"1995": 1, "1996": 0, "1997": 1, "1998": 0, "1999": 3, "2000": 0, "2001": 0, "2002": 1, "2003": 0, "2004": 0, "2005": 1, "2006": 0, "2007": 1, "2008": 0, "2009": 0, "2010": 0, "2011": 0, "2012": 1}, "old_citations": {"1993": 9}, "isVisible": false}, "2647731356": {"name": "robert a alfieri", "type": "author", "activity": 1, "h_index": 1, "h5_index": 0, "mag_id": "2647731356", "num_publications": 1, "num_citations": 15, "num_publications_5y": 0, "num_citations_5y": 1, "num_publications_10y": 0, "num_citations_10y": 6, "publications_years": {"1994": 1}, "citations_years": {"1995": 3, "1996": 1, "1997": 1, "1998": 0, "1999": 0, "2000": 1, "2001": 0, "2002": 0, "2003": 1, "2004": 0, "2005": 0, "2006": 0, "2007": 0, "2008": 0, "2009": 1, "2010": 1, "2011": 0, "2012": 2, "2013": 1, "2014": 1, "2015": 0, "2016": 0, "2017": 0, "2018": 0, "2019": 1, "2020": 1}, "old_citations": {"1994": 15}, "isVisible": false}, "2650391879": {"name": "satinder singh", "type": "author", "activity": 1, "h_index": 1, "h5_index": 0, "mag_id": "2650391879", "num_publications": 1, "num_citations": 9, "num_publications_5y": 0, "num_citations_5y": 0, "num_publications_10y": 0, "num_citations_10y": 1, "publications_years": {"1993": 1}, "citations_years": {"1995": 1, "1996": 0, "1997": 1, "1998": 0, "1999": 3, "2000": 0, "2001": 0, "2002": 1, "2003": 0, "2004": 0, "2005": 1, "2006": 0, "2007": 1, "2008": 0, "2009": 0, "2010": 0, "2011": 0, "2012": 1}, "old_citations": {"1993": 9}, "isVisible": false}, "2653121005": {"name": "marshall isman", "type": "author", "activity": 1, "h_index": 1, "h5_index": 0, "mag_id": "2653121005", "num_publications": 1, "num_citations": 61, "num_publications_5y": 0, "num_citations_5y": 0, "num_publications_10y": 0, "num_citations_10y": 0, "publications_years": {"1993": 1}, "citations_years": {"1992": 1, "1993": 1, "1994": 8, "1995": 10, "1996": 10, "1997": 7, "1998": 7, "1999": 4, "2000": 2, "2001": 0, "2002": 3, "2003": 5, "2004": 1, "2005": 0, "2006": 1, "2007": 0, "2008": 1}, "old_citations": {"1993": 61}, "isVisible": false}, "2660370573": {"name": "thomas k wong", "type": "author", "activity": 1, "h_index": 1, "h5_index": 0, "mag_id": "2660370573", "num_publications": 1, "num_citations": 40, "num_publications_5y": 0, "num_citations_5y": 0, "num_publications_10y": 0, "num_citations_10y": 6, "publications_years": {"1993": 1}, "citations_years": {"1994": 1, "1995": 1, "1996": 5, "1997": 2, "1998": 3, "1999": 2, "2000": 3, "2001": 4, "2002": 5, "2003": 2, "2004": 2, "2005": 2, "2006": 1, "2007": 1, "2008": 0, "2009": 1, "2010": 5}, "old_citations": {"1993": 40}, "isVisible": false}, "2662053214": {"name": "john c lin", "type": "author", "activity": 3, "h_index": 2, "h5_index": 0, "mag_id": "2662053214", "num_publications": 1, "num_citations": 67, "num_publications_5y": 0, "num_citations_5y": 10, "num_publications_10y": 0, "num_citations_10y": 33, "publications_years": {"1994": 1}, "citations_years": {"1994": 2, "1995": 2, "1996": 4, "1997": 4, "1998": 2, "1999": 3, "2000": 1, "2001": 1, "2002": 0, "2003": 5, "2004": 3, "2005": 2, "2006": 1, "2007": 2, "2008": 1, "2009": 5, "2010": 6, "2011": 6, "2012": 3, "2013": 3, "2014": 6, "2015": 0, "2016": 1, "2017": 2, "2018": 1, "2019": 1}, "old_citations": {"1994": 67}, "isVisible": false}, "2662262698": {"name": "lawrence c stewart", "type": "author", "activity": 17, "h_index": 6, "h5_index": 0, "mag_id": "2662262698", "num_publications": 1, "num_citations": 104, "num_publications_5y": 0, "num_citations_5y": 31, "num_publications_10y": 0, "num_citations_10y": 52, "publications_years": {"1993": 1}, "citations_years": {"1993": 2, "1994": 8, "1995": 15, "1996": 9, "1997": 3, "1998": 4, "1999": 1, "2000": 1, "2001": 0, "2002": 3, "2003": 0, "2004": 2, "2005": 0, "2006": 1, "2007": 1, "2008": 1, "2009": 0, "2010": 0, "2011": 0, "2012": 7, "2013": 14, "2014": 10, "2015": 3, "2016": 15, "2017": 2, "2018": 1, "2019": 1}, "old_citations": {"1993": 104}, "isVisible": false}, "2674772042": {"name": "jeffrey s haemer", "type": "author", "activity": 1, "h_index": 0, "h5_index": 0, "mag_id": "2674772042", "num_publications": 1, "num_citations": 0, "num_publications_5y": 0, "num_citations_5y": 0, "num_publications_10y": 0, "num_citations_10y": 0, "publications_years": {"1994": 1}, "citations_years": {}, "old_citations": {"1994": 0}, "isVisible": false}, "2687993214": {"name": "joe moran", "type": "author", "activity": 1, "h_index": 1, "h5_index": 0, "mag_id": "2687993214", "num_publications": 1, "num_citations": 6, "num_publications_5y": 0, "num_citations_5y": 0, "num_publications_10y": 0, "num_citations_10y": 1, "publications_years": {"1993": 1}, "citations_years": {"1993": 1, "1994": 0, "1995": 0, "1996": 0, "1997": 1, "1998": 0, "1999": 0, "2000": 0, "2001": 1, "2002": 0, "2003": 1, "2004": 1, "2005": 0, "2006": 0, "2007": 0, "2008": 0, "2009": 1}, "old_citations": {"1993": 6}, "isVisible": false}, "2689534929": {"name": "andrew c payne", "type": "author", "activity": 3, "h_index": 3, "h5_index": 0, "mag_id": "2689534929", "num_publications": 1, "num_citations": 104, "num_publications_5y": 0, "num_citations_5y": 31, "num_publications_10y": 0, "num_citations_10y": 52, "publications_years": {"1993": 1}, "citations_years": {"1993": 2, "1994": 8, "1995": 15, "1996": 9, "1997": 3, "1998": 4, "1999": 1, "2000": 1, "2001": 0, "2002": 3, "2003": 0, "2004": 2, "2005": 0, "2006": 1, "2007": 1, "2008": 1, "2009": 0, "2010": 0, "2011": 0, "2012": 7, "2013": 14, "2014": 10, "2015": 3, "2016": 15, "2017": 2, "2018": 1, "2019": 1}, "old_citations": {"1993": 104}, "isVisible": false}, "2712129768": {"name": "mark wittle", "type": "author", "activity": 1, "h_index": 1, "h5_index": 0, "mag_id": "2712129768", "num_publications": 1, "num_citations": 98, "num_publications_5y": 0, "num_citations_5y": 1, "num_publications_10y": 0, "num_citations_10y": 12, "publications_years": {"1993": 1}, "citations_years": {"1993": 2, "1994": 4, "1995": 4, "1996": 3, "1997": 4, "1998": 5, "1999": 6, "2000": 1, "2001": 3, "2002": 5, "2003": 4, "2004": 17, "2005": 12, "2006": 7, "2007": 1, "2008": 8, "2009": 4, "2010": 3, "2011": 1, "2012": 2, "2013": 1, "2014": 0, "2015": 1}, "old_citations": {"1993": 98}, "isVisible": false}, "2718675520": {"name": "robert polansky", "type": "author", "activity": 1, "h_index": 1, "h5_index": 0, "mag_id": "2718675520", "num_publications": 1, "num_citations": 50, "num_publications_5y": 0, "num_citations_5y": 1, "num_publications_10y": 0, "num_citations_10y": 9, "publications_years": {"1994": 1}, "citations_years": {"1994": 1, "1995": 7, "1996": 8, "1997": 6, "1998": 3, "1999": 4, "2000": 2, "2001": 1, "2002": 1, "2003": 2, "2004": 1, "2005": 1, "2006": 1, "2007": 1, "2008": 2, "2009": 0, "2010": 2, "2011": 1, "2012": 5, "2013": 0, "2014": 0, "2015": 1}, "old_citations": {"1994": 50}, "isVisible": false}, "2780479793": {"name": "james kempf", "type": "author", "activity": 29, "h_index": 25, "h5_index": 2, "mag_id": "2780479793", "num_publications": 1, "num_citations": 5, "num_publications_5y": 0, "num_citations_5y": 0, "num_publications_10y": 0, "num_citations_10y": 0, "publications_years": {"1993": 1}, "citations_years": {"1996": 3, "1997": 0, "1998": 1, "1999": 0, "2000": 0, "2001": 0, "2002": 0, "2003": 1}, "old_citations": {"1993": 5}, "isVisible": false}, "2798837843": {"name": "kee chan", "type": "author", "activity": 1, "h_index": 1, "h5_index": 0, "mag_id": "2798837843", "num_publications": 1, "num_citations": 50, "num_publications_5y": 0, "num_citations_5y": 1, "num_publications_10y": 0, "num_citations_10y": 9, "publications_years": {"1994": 1}, "citations_years": {"1994": 1, "1995": 7, "1996": 8, "1997": 6, "1998": 3, "1999": 4, "2000": 2, "2001": 1, "2002": 1, "2003": 2, "2004": 1, "2005": 1, "2006": 1, "2007": 1, "2008": 2, "2009": 0, "2010": 2, "2011": 1, "2012": 5, "2013": 0, "2014": 0, "2015": 1}, "old_citations": {"1994": 50}, "isVisible": false}, "2903854414": {"name": "matt blaze", "type": "author", "activity": 24, "h_index": 21, "h5_index": 2, "mag_id": "2903854414", "num_publications": 1, "num_citations": 84, "num_publications_5y": 0, "num_citations_5y": 2, "num_publications_10y": 0, "num_citations_10y": 15, "publications_years": {"1994": 1}, "citations_years": {"1994": 2, "1995": 1, "1996": 3, "1997": 2, "1998": 1, "1999": 2, "2000": 4, "2001": 8, "2002": 7, "2003": 6, "2004": 2, "2005": 8, "2006": 12, "2007": 8, "2008": 3, "2009": 2, "2010": 4, "2011": 4, "2012": 2, "2013": 1, "2014": 1, "2015": 0, "2016": 1}, "old_citations": {"1994": 84}, "isVisible": false}, "2950017974": {"name": "thomas y c woo", "type": "author", "activity": 6, "h_index": 6, "h5_index": 0, "mag_id": "2950017974", "num_publications": 1, "num_citations": 18, "num_publications_5y": 0, "num_citations_5y": 0, "num_publications_10y": 0, "num_citations_10y": 5, "publications_years": {"1994": 1}, "citations_years": {"1994": 2, "1995": 0, "1996": 1, "1997": 0, "1998": 2, "1999": 0, "2000": 1, "2001": 2, "2002": 1, "2003": 0, "2004": 1, "2005": 0, "2006": 0, "2007": 1, "2008": 2, "2009": 0, "2010": 2, "2011": 3}, "old_citations": {"1994": 18}, "isVisible": false}, "2950507329": {"name": "lily b mummert", "type": "author", "activity": 25, "h_index": 7, "h5_index": 1, "mag_id": "2950507329", "num_publications": 1, "num_citations": 37, "num_publications_5y": 0, "num_citations_5y": 1, "num_publications_10y": 0, "num_citations_10y": 1, "publications_years": {"1994": 1}, "citations_years": {"1994": 3, "1995": 5, "1996": 2, "1997": 5, "1998": 3, "1999": 6, "2000": 2, "2001": 3, "2002": 1, "2003": 1, "2004": 1, "2005": 1, "2006": 0, "2007": 1, "2008": 2, "2009": 0, "2010": 0, "2011": 0, "2012": 0, "2013": 0, "2014": 1}, "old_citations": {"1994": 37}, "isVisible": false}, "2973368883": {"name": "peter hoogenboom", "type": "author", "activity": 1, "h_index": 1, "h5_index": 0, "mag_id": "2973368883", "num_publications": 1, "num_citations": 45, "num_publications_5y": 0, "num_citations_5y": 3, "num_publications_10y": 0, "num_citations_10y": 13, "publications_years": {"1993": 1}, "citations_years": {"1994": 2, "1995": 0, "1996": 0, "1997": 0, "1998": 1, "1999": 2, "2000": 1, "2001": 1, "2002": 4, "2003": 5, "2004": 3, "2005": 3, "2006": 5, "2007": 1, "2008": 3, "2009": 3, "2010": 1, "2011": 2, "2012": 3, "2013": 1, "2014": 0, "2015": 1, "2016": 1, "2017": 1, "2018": 0, "2019": 1}, "old_citations": {"1993": 45}, "isVisible": false}, "2973574916": {"name": "aaron j goldberg", "type": "author", "activity": 1, "h_index": 1, "h5_index": 0, "mag_id": "2973574916", "num_publications": 1, "num_citations": 44, "num_publications_5y": 0, "num_citations_5y": 5, "num_publications_10y": 0, "num_citations_10y": 10, "publications_years": {"1993": 1}, "citations_years": {"1995": 4, "1996": 1, "1997": 1, "1998": 2, "1999": 13, "2000": 4, "2001": 1, "2002": 2, "2003": 1, "2004": 0, "2005": 3, "2006": 0, "2007": 1, "2008": 1, "2009": 1, "2010": 0, "2011": 1, "2012": 2, "2013": 1, "2014": 2, "2015": 0, "2016": 1, "2017": 1, "2018": 1}, "old_citations": {"1993": 44}, "isVisible": false}, "2974257528": {"name": "g winfeld treese", "type": "author", "activity": 1, "h_index": 1, "h5_index": 0, "mag_id": "2974257528", "num_publications": 1, "num_citations": 104, "num_publications_5y": 0, "num_citations_5y": 31, "num_publications_10y": 0, "num_citations_10y": 52, "publications_years": {"1993": 1}, "citations_years": {"1993": 2, "1994": 8, "1995": 15, "1996": 9, "1997": 3, "1998": 4, "1999": 1, "2000": 1, "2001": 0, "2002": 3, "2003": 0, "2004": 2, "2005": 0, "2006": 1, "2007": 1, "2008": 1, "2009": 0, "2010": 0, "2011": 0, "2012": 7, "2013": 14, "2014": 10, "2015": 3, "2016": 15, "2017": 2, "2018": 1, "2019": 1}, "old_citations": {"1993": 104}, "isVisible": false}, "2974644144": {"name": "richard bukowski", "type": "author", "activity": 9, "h_index": 3, "h5_index": 0, "mag_id": "2974644144", "num_publications": 1, "num_citations": 41, "num_publications_5y": 0, "num_citations_5y": 1, "num_publications_10y": 0, "num_citations_10y": 4, "publications_years": {"1993": 1}, "citations_years": {"1993": 3, "1994": 4, "1995": 4, "1996": 1, "1997": 2, "1998": 1, "1999": 2, "2000": 1, "2001": 1, "2002": 7, "2003": 0, "2004": 2, "2005": 4, "2006": 2, "2007": 2, "2008": 1, "2009": 0, "2010": 2, "2011": 0, "2012": 1, "2013": 0, "2014": 1}, "old_citations": {"1993": 41}, "isVisible": false}, "2974680399": {"name": "glenn s fowler", "type": "author", "activity": 5, "h_index": 6, "h5_index": 0, "mag_id": "2974680399", "num_publications": 1, "num_citations": 6, "num_publications_5y": 0, "num_citations_5y": 0, "num_publications_10y": 0, "num_citations_10y": 0, "publications_years": {"1993": 1}, "citations_years": {"1994": 1, "1995": 0, "1996": 0, "1997": 3, "1998": 0, "1999": 2}, "old_citations": {"1993": 6}, "isVisible": false}, "2982790332": {"name": "james s gwertzman", "type": "author", "activity": 2, "h_index": 2, "h5_index": 0, "mag_id": "2982790332", "num_publications": 1, "num_citations": 50, "num_publications_5y": 0, "num_citations_5y": 1, "num_publications_10y": 0, "num_citations_10y": 9, "publications_years": {"1994": 1}, "citations_years": {"1994": 1, "1995": 7, "1996": 8, "1997": 6, "1998": 3, "1999": 4, "2000": 2, "2001": 1, "2002": 1, "2003": 2, "2004": 1, "2005": 1, "2006": 1, "2007": 1, "2008": 2, "2009": 0, "2010": 2, "2011": 1, "2012": 5, "2013": 0, "2014": 0, "2015": 1}, "old_citations": {"1994": 50}, "isVisible": false}}, "countries": {"United States": {"name": "United States", "type": "country", "h5_index": 308, "num_publications": 16, "num_citations": 986, "num_publications_5y": 0, "num_citations_5y": 80, "num_publications_10y": 0, "num_citations_10y": 248, "publications_years": {"1994": 11, "1993": 5}, "citations_years": {"1994": 30, "1995": 45, "1996": 49, "1997": 49, "1998": 38, "1999": 57, "2000": 29, "2001": 38, "2002": 52, "2003": 48, "2004": 53, "2005": 61, "2006": 54, "2007": 66, "2008": 51, "2009": 30, "2010": 37, "2011": 31, "2012": 44, "2013": 26, "2014": 23, "2015": 17, "2016": 15, "2017": 12, "2018": 13, "1993": 6, "2019": 11, "2020": 1}, "old_citations": {"1994": 879, "1993": 107}, "isVisible": false}, "Taiwan": {"name": "Taiwan", "type": "country", "h5_index": 69, "num_publications": 1, "num_citations": 1, "num_publications_5y": 0, "num_citations_5y": 0, "num_publications_10y": 0, "num_citations_10y": 0, "publications_years": {"1994": 1}, "citations_years": {"1999": 1}, "old_citations": {"1994": 1}, "isVisible": false}}}, "conference_comparison": {"computer science": {}}, "topics_dna": {"publications": {}, "citations": {"normalized": {}, "average": {}}}, "info": {"num_publications": 39, "num_citations": 2040.0, "impact_factor": {}, "publications_years": {"1994": 20, "1993": 19}, "citations_years": {"1992": 1, "1993": 25, "1994": 78, "1995": 123, "1996": 112, "1997": 101, "1998": 78, "1999": 122, "2000": 75, "2001": 70, "2002": 98, "2003": 94, "2004": 117, "2005": 108, "2006": 98, "2007": 99, "2008": 82, "2009": 59, "2010": 80, "2011": 59, "2012": 85, "2013": 61, "2014": 50, "2015": 40, "2016": 49, "2017": 26, "2018": 26, "2019": 20, "2020": 4}, "old_citations": {"1994": 1306, "1993": 734}, "h5_index": 0}, "percentile": {"computer science": {"1994": 99, "1993": 98}}, "conference_ranking": {"computer science": {"1994": 42, "1993": 57}}, "academia": {"num_publications": 15, "num_citations": 926, "publications_years": {"1993": 5, "1994": 10}, "old_citations": {"1993": 107, "1994": 819}, "num_publications_5y": 0, "num_citations_5y": 0, "num_publications_10y": 0, "num_citations_10y": 0}, "industry": {"num_publications": 0, "num_citations": 0, "publications_years": {}, "old_citations": {}, "num_publications_5y": 0, "num_citations_5y": 0, "num_publications_10y": 0, "num_citations_10y": 0}, "collaborative": {"num_publications": 0, "num_citations": 0, "publications_years": {}, "old_citations": {}, "num_publications_5y": 0, "num_citations_5y": 0, "num_publications_10y": 0, "num_citations_10y": 0}, "conferences": {}, "journals": {}, "organizations": {"publication_overall": ["Columbia University", "Purdue University West Lafayette", "University of California, Berkeley", "University of California, Los Angeles", "University of Kentucky", "Carnegie Mellon University", "Harvard University", "Massachusetts Institute of Technology", "National Taiwan University", "Princeton University", "The University of Texas at Austin", "University of Utah"], "citation_overall": ["University of Kentucky", "University of California, Los Angeles", "Princeton University", "Purdue University West Lafayette", "Harvard University", "University of California, Berkeley", "University of Utah", "Carnegie Mellon University", "Columbia University", "The University of Texas at Austin", "Massachusetts Institute of Technology", "National Taiwan University"], "publication_10_years": [], "citation_10_years": [], "publication_5_years": [], "citation_5_years": []}, "countries": {"publication_overall": ["United States", "Taiwan"], "citation_overall": ["United States", "Taiwan"], "publication_10_years": [], "citation_10_years": [], "publication_5_years": [], "citation_5_years": []}, "topics": {"publication_overall": ["computer science", "computer systems", "computer networks", "operating systems", "computer hardware", "telecommunication networks", "telecommunication systems", "distributed computer systems", "telecommunication traffic", "distributed systems", "microprocessor chips", "parallel processing systems", "communication systems", "bandwidth", "data communication systems", "wireless telecommunication systems", "file systems", "computer programming", "computer security", "internet"], "citation_overall": ["computer science", "computer systems", "operating systems", "computer networks", "telecommunication networks", "telecommunication systems", "computer hardware", "distributed computer systems", "telecommunication traffic", "distributed systems", "microprocessor chips", "parallel processing systems", "bandwidth", "data communication systems", "file systems", "cache memory", "software engineering", "buffer storage", "storage allocation (computer)", "cache"], "publication_10_years": [], "citation_10_years": [], "publication_5_years": [], "citation_5_years": []}, "main_topics": ["computer science"], "authors": {"publication_overall": ["2012181057", "2048307374", "2094201894", "2118768225", "120280277", "156243902", "164462782", "226893169", "234653941", "270493864", "272814634", "288563946", "416104820", "1154410896", "1980507756", "1998011677", "1998397950", "2000097793", "2018433396", "2022030413", "2031963039", "2072487745", "2083354019", "2095792263", "2096845160", "2098553043", "2102645393", "2103900012", "2112752255", "2120837596", "2129923796", "2130553062", "2132777562", "2137031152", "2142037325", "2147100820", "2148869393", "2149828693", "2153309499", "2157592790", "2157623862", "2158373488", "2163328135", "2166597129", "2169037486", "2194398270", "2251587739", "2251903538", "2273962136", "2275243877", "2276105013", "2277885450", "2278381003", "2280427301", "2280708553", "2284997090", "2346583870", "2426470670", "2431583638", "2433604097", "2480615991", "2483424175", "2494626814", "2505584513", "2514109417", "2555257712", "2573500036", "2592256804", "2608687506", "2609677864", "2611407526", "2621190376", "2624061129", "2627612665", "2636161486", "2636838017", "2641666611", "2646004696", "2647731356", "2650391879", "2653121005", "2660370573", "2662053214", "2662262698", "2674772042", "2687993214", "2689534929", "2712129768", "2718675520", "2780479793", "2798837843", "2903854414", "2950017974", "2950507329", "2973368883", "2973574916", "2974257528", "2974644144", "2974680399", "2982790332"], "citation_overall": ["1154410896", "2096845160", "2012181057", "2048307374", "2118768225", "2494626814", "272814634", "2098553043", "2433604097", "2609677864", "234653941", "2166597129", "2169037486", "2031963039", "2627612665", "2662262698", "2689534929", "2974257528", "2624061129", "2712129768", "2903854414", "2147100820", "2149828693", "2662053214", "2505584513", "2018433396", "2102645393", "2273962136", "2277885450", "2284997090", "2483424175", "2653121005", "226893169", "1980507756", "2000097793", "2112752255", "2130553062", "2137031152", "2163328135", "2194398270", "2280427301", "2573500036", "2636838017", "2718675520", "2798837843", "2982790332", "156243902", "2973368883", "2346583870", "2431583638", "2973574916", "2148869393", "2276105013", "2974644144", "2611407526", "2660370573", "416104820", "2950507329", "2094201894", "2142037325", "2275243877", "2280708553", "2950017974", "1998011677", "2129923796", "2251903538", "2621190376", "2647731356", "2083354019", "2555257712", "2592256804", "2095792263", "2120837596", "2132777562", "2278381003", "2426470670", "2608687506", "2636161486", "2646004696", "2650391879", "120280277", "2072487745", "2022030413", "2157592790", "2641666611", "2687993214", "2974680399", "164462782", "270493864", "2103900012", "2157623862", "2158373488", "2780479793", "288563946", "2153309499", "1998397950", "2251587739", "2480615991", "2514109417", "2674772042"], "publication_10_years": [], "citation_10_years": [], "publication_5_years": [], "citation_5_years": []}, "industrial_sectors": {"publication_overall": [], "citation_overall": [], "publication_10_years": [], "citation_10_years": [], "publication_5_years": [], "citation_5_years": []}}