{"name": "Parallel Rendering Symposium", "acronym": "PRS", "type": "conference", "uniqueEntities": {"organizations": {"Stanford University": {"name": "Stanford University", "type": "organization", "organization_type": "Education", "h_index": 472, "h5_index": 120, "num_publications": 5, "num_citations": 133, "num_publications_5y": 0, "num_citations_5y": 2, "num_publications_10y": 0, "num_citations_10y": 16, "publications_years": {"1997": 3, "1995": 2}, "citations_years": {"2008": 1, "2009": 3, "2010": 6, "1998": 10, "1999": 12, "2000": 13, "2001": 15, "2002": 14, "2003": 9, "2004": 9, "2005": 4, "2006": 3, "1996": 9, "1997": 13, "2007": 4, "1994": 1, "1995": 0, "2011": 2, "2012": 2, "2013": 1, "2014": 0, "2015": 1, "2016": 1}, "old_citations": {"1997": 31, "1995": 102}, "isVisible": false}, "University of North Carolina at Chapel Hill": {"name": "University of North Carolina at Chapel Hill", "type": "organization", "organization_type": "Education", "h_index": 189, "h5_index": 47, "num_publications": 5, "num_citations": 108, "num_publications_5y": 0, "num_citations_5y": 9, "num_publications_10y": 0, "num_citations_10y": 24, "publications_years": {"1997": 2, "1993": 2, "1995": 1}, "citations_years": {"1998": 3, "1999": 4, "2000": 6, "2001": 8, "2002": 4, "2003": 5, "2004": 7, "2005": 5, "2006": 4, "2007": 1, "2008": 6, "2009": 8, "2010": 1, "2011": 5, "2012": 1, "2013": 0, "2014": 2, "1994": 8, "1995": 6, "1996": 10, "1997": 7, "2015": 3, "2016": 2, "2017": 1, "2018": 1}, "old_citations": {"1997": 24, "1993": 81, "1995": 3}, "isVisible": false}, "Langley Research Center": {"name": "Langley Research Center", "type": "organization", "organization_type": "Facility", "h_index": 53, "h5_index": 9, "num_publications": 4, "num_citations": 292, "num_publications_5y": 0, "num_citations_5y": 31, "num_publications_10y": 0, "num_citations_10y": 81, "publications_years": {"1993": 2, "1995": 1, "1997": 1}, "citations_years": {"1994": 13, "1995": 12, "1996": 11, "1997": 15, "1998": 11, "1999": 11, "2000": 9, "2001": 25, "2002": 14, "2003": 16, "2004": 19, "2005": 16, "2006": 9, "2007": 16, "2008": 7, "2009": 9, "2010": 13, "2011": 13, "2012": 13, "2013": 2, "2014": 7, "2015": 8, "2016": 7, "2017": 5, "2018": 4, "2019": 5, "1993": 2}, "old_citations": {"1993": 138, "1995": 66, "1997": 88}, "isVisible": false}, "Princeton University": {"name": "Princeton University", "type": "organization", "organization_type": "Education", "h_index": 310, "h5_index": 74, "num_publications": 3, "num_citations": 37, "num_publications_5y": 0, "num_citations_5y": 2, "num_publications_10y": 0, "num_citations_10y": 3, "publications_years": {"1997": 1, "1995": 1, "1993": 1}, "citations_years": {"1998": 3, "1999": 2, "2000": 2, "2001": 5, "2002": 1, "2003": 4, "2004": 3, "2005": 0, "2006": 3, "1996": 2, "1997": 4, "1993": 1, "1994": 1, "1995": 2, "2007": 1, "2008": 0, "2009": 0, "2010": 0, "2011": 0, "2012": 0, "2013": 1, "2014": 0, "2015": 1, "2016": 1}, "old_citations": {"1997": 4, "1995": 7, "1993": 26}, "isVisible": false}, "Australian National University": {"name": "Australian National University", "type": "organization", "organization_type": "Education", "h_index": 144, "h5_index": 58, "num_publications": 2, "num_citations": 37, "num_publications_5y": 0, "num_citations_5y": 4, "num_publications_10y": 0, "num_citations_10y": 9, "publications_years": {"1997": 1, "1993": 1}, "citations_years": {"2011": 4, "2012": 1, "2013": 0, "2014": 2, "1993": 1, "1994": 2, "1995": 7, "1996": 5, "1997": 3, "1998": 0, "1999": 2, "2000": 2, "2001": 1, "2002": 2, "2003": 1, "2004": 0, "2005": 2, "2006": 0, "2007": 0, "2008": 0, "2009": 0, "2010": 0, "2015": 0, "2016": 2}, "old_citations": {"1997": 2, "1993": 35}, "isVisible": false}, "Jet Propulsion Lab": {"name": "Jet Propulsion Lab", "type": "organization", "organization_type": "Facility", "h_index": 55, "h5_index": 10, "num_publications": 2, "num_citations": 65, "num_publications_5y": 0, "num_citations_5y": 1, "num_publications_10y": 0, "num_citations_10y": 6, "publications_years": {"1997": 1, "1995": 1}, "citations_years": {"1997": 1, "1998": 3, "1999": 4, "2000": 2, "2001": 2, "2002": 5, "2003": 2, "2004": 9, "2005": 2, "2006": 3, "2007": 19, "2008": 2, "2009": 2, "2010": 2, "2011": 0, "2012": 0, "2013": 1, "2014": 1, "2015": 0, "2016": 0, "2017": 0, "2018": 0, "2019": 1, "1995": 1, "1996": 3}, "old_citations": {"1997": 59, "1995": 6}, "isVisible": false}, "Los Alamos National Laboratory": {"name": "Los Alamos National Laboratory", "type": "organization", "organization_type": "Facility", "h_index": 115, "h5_index": 25, "num_publications": 2, "num_citations": 2, "num_publications_5y": 0, "num_citations_5y": 0, "num_publications_10y": 0, "num_citations_10y": 1, "publications_years": {"1997": 1, "1993": 1}, "citations_years": {"2008": 1, "2009": 0, "2010": 1}, "old_citations": {"1997": 2, "1993": 0}, "isVisible": false}, "University of California, Santa Cruz": {"name": "University of California, Santa Cruz", "type": "organization", "organization_type": "Education", "h_index": 154, "h5_index": 24, "num_publications": 2, "num_citations": 36, "num_publications_5y": 0, "num_citations_5y": 1, "num_publications_10y": 0, "num_citations_10y": 6, "publications_years": {"1995": 1, "1993": 1}, "citations_years": {"1994": 1, "1995": 4, "1996": 2, "1997": 3, "1998": 2, "1999": 1, "2000": 3, "2001": 5, "2002": 0, "2003": 3, "2004": 1, "2005": 1, "2006": 0, "2007": 4, "2008": 0, "2009": 1, "2010": 0, "2011": 2, "2012": 2, "2013": 0, "2014": 1}, "old_citations": {"1995": 0, "1993": 36}, "isVisible": false}, "Ames Research Center": {"name": "Ames Research Center", "type": "organization", "organization_type": "Facility", "h_index": 114, "h5_index": 19, "num_publications": 1, "num_citations": 0, "num_publications_5y": 0, "num_citations_5y": 0, "num_publications_10y": 0, "num_citations_10y": 0, "publications_years": {"1995": 1}, "citations_years": {}, "old_citations": {"1995": 0}, "isVisible": false}, "Bilkent University": {"name": "Bilkent University", "type": "organization", "organization_type": "Education", "h_index": 73, "h5_index": 19, "num_publications": 1, "num_citations": 6, "num_publications_5y": 0, "num_citations_5y": 0, "num_publications_10y": 0, "num_citations_10y": 0, "publications_years": {"1993": 1}, "citations_years": {"1995": 3, "1996": 1, "1997": 2}, "old_citations": {"1993": 6}, "isVisible": false}, "Cornell University": {"name": "Cornell University", "type": "organization", "organization_type": "Education", "h_index": 294, "h5_index": 73, "num_publications": 1, "num_citations": 19, "num_publications_5y": 0, "num_citations_5y": 0, "num_publications_10y": 0, "num_citations_10y": 5, "publications_years": {"1995": 1}, "citations_years": {"1995": 1, "1996": 2, "1997": 5, "1998": 2, "1999": 0, "2000": 0, "2001": 0, "2002": 1, "2003": 0, "2004": 0, "2005": 1, "2006": 0, "2007": 2, "2008": 0, "2009": 2, "2010": 0, "2011": 0, "2012": 2, "2013": 1}, "old_citations": {"1995": 19}, "isVisible": false}, "French Institute for Research in Computer Science and Automation": {"name": "French Institute for Research in Computer Science and Automation", "type": "organization", "organization_type": "Government", "h_index": 247, "h5_index": 53, "num_publications": 1, "num_citations": 22, "num_publications_5y": 0, "num_citations_5y": 0, "num_publications_10y": 0, "num_citations_10y": 0, "publications_years": {"1997": 1}, "citations_years": {"1998": 5, "1999": 4, "2000": 2, "2001": 0, "2002": 3, "2003": 0, "2004": 1, "2005": 4, "2006": 2, "2007": 0, "2008": 1}, "old_citations": {"1997": 22}, "isVisible": false}, "Georgia Institute of Technology": {"name": "Georgia Institute of Technology", "type": "organization", "organization_type": "Education", "h_index": 280, "h5_index": 72, "num_publications": 1, "num_citations": 0, "num_publications_5y": 0, "num_citations_5y": 0, "num_publications_10y": 0, "num_citations_10y": 0, "publications_years": {"1993": 1}, "citations_years": {}, "old_citations": {"1993": 0}, "isVisible": false}, "Hewlett-Packard (United States)": {"name": "Hewlett-Packard (United States)", "type": "organization", "organization_type": "Company", "h_index": 241, "h5_index": 32, "num_publications": 1, "num_citations": 33, "num_publications_5y": 0, "num_citations_5y": 0, "num_publications_10y": 0, "num_citations_10y": 4, "publications_years": {"1995": 1}, "citations_years": {"1996": 3, "1997": 5, "1998": 2, "1999": 6, "2000": 3, "2001": 2, "2002": 3, "2003": 2, "2004": 0, "2005": 2, "2006": 1, "2007": 0, "2008": 0, "2009": 1, "2010": 0, "2011": 1, "2012": 2}, "old_citations": {"1995": 33}, "isVisible": false}, "Lawrence Livermore National Laboratory": {"name": "Lawrence Livermore National Laboratory", "type": "organization", "organization_type": "Facility", "h_index": 105, "h5_index": 26, "num_publications": 1, "num_citations": 32, "num_publications_5y": 0, "num_citations_5y": 3, "num_publications_10y": 0, "num_citations_10y": 10, "publications_years": {"1993": 1}, "citations_years": {"1994": 5, "1995": 1, "1996": 2, "1997": 2, "1998": 2, "1999": 0, "2000": 4, "2001": 4, "2002": 0, "2003": 0, "2004": 0, "2005": 1, "2006": 0, "2007": 0, "2008": 0, "2009": 3, "2010": 0, "2011": 3, "2012": 1, "2013": 0, "2014": 2, "2015": 0, "2016": 1, "2017": 0, "2018": 0, "2019": 0, "2020": 1}, "old_citations": {"1993": 32}, "isVisible": false}, "National Tsing Hua University": {"name": "National Tsing Hua University", "type": "organization", "organization_type": "Education", "h_index": 93, "h5_index": 29, "num_publications": 1, "num_citations": 37, "num_publications_5y": 0, "num_citations_5y": 11, "num_publications_10y": 0, "num_citations_10y": 16, "publications_years": {"1997": 1}, "citations_years": {"1998": 1, "1999": 0, "2000": 3, "2001": 0, "2002": 2, "2003": 2, "2004": 1, "2005": 4, "2006": 3, "2007": 2, "2008": 1, "2009": 1, "2010": 2, "2011": 0, "2012": 1, "2013": 1, "2014": 1, "2015": 4, "2016": 3, "2017": 2, "2018": 1, "2019": 2}, "old_citations": {"1997": 37}, "isVisible": false}, "Pennsylvania State University": {"name": "Pennsylvania State University", "type": "organization", "organization_type": "Education", "h_index": 194, "h5_index": 50, "num_publications": 1, "num_citations": 7, "num_publications_5y": 0, "num_citations_5y": 0, "num_publications_10y": 0, "num_citations_10y": 0, "publications_years": {"1993": 1}, "citations_years": {"1992": 1, "1993": 0, "1994": 2, "1995": 1, "1996": 0, "1997": 0, "1998": 0, "1999": 2, "2000": 0, "2001": 0, "2002": 1}, "old_citations": {"1993": 7}, "isVisible": false}, "Syracuse University": {"name": "Syracuse University", "type": "organization", "organization_type": "Education", "h_index": 119, "h5_index": 28, "num_publications": 1, "num_citations": 11, "num_publications_5y": 0, "num_citations_5y": 0, "num_publications_10y": 0, "num_citations_10y": 1, "publications_years": {"1997": 1}, "citations_years": {"1998": 1, "1999": 2, "2000": 1, "2001": 3, "2002": 1, "2003": 0, "2004": 1, "2005": 0, "2006": 0, "2007": 0, "2008": 1, "2009": 0, "2010": 0, "2011": 1}, "old_citations": {"1997": 11}, "isVisible": false}, "Technion \u2013 Israel Institute of Technology": {"name": "Technion \u2013 Israel Institute of Technology", "type": "organization", "organization_type": "Education", "h_index": 195, "h5_index": 42, "num_publications": 1, "num_citations": 8, "num_publications_5y": 0, "num_citations_5y": 1, "num_publications_10y": 0, "num_citations_10y": 3, "publications_years": {"1997": 1}, "citations_years": {"2000": 2, "2001": 2, "2002": 0, "2003": 0, "2004": 1, "2005": 0, "2006": 0, "2007": 0, "2008": 0, "2009": 0, "2010": 0, "2011": 0, "2012": 2, "2013": 0, "2014": 1}, "old_citations": {"1997": 8}, "isVisible": false}, "Tohoku University": {"name": "Tohoku University", "type": "organization", "organization_type": "Education", "h_index": 84, "h5_index": 32, "num_publications": 1, "num_citations": 25, "num_publications_5y": 0, "num_citations_5y": 0, "num_publications_10y": 0, "num_citations_10y": 1, "publications_years": {"1997": 1}, "citations_years": {"1999": 3, "2000": 3, "2001": 5, "2002": 4, "2003": 4, "2004": 2, "2005": 2, "2006": 0, "2007": 1, "2008": 0, "2009": 0, "2010": 1}, "old_citations": {"1997": 25}, "isVisible": false}, "University of Tennessee at Knoxville": {"name": "University of Tennessee at Knoxville", "type": "organization", "organization_type": "Education", "h_index": 125, "h5_index": 29, "num_publications": 1, "num_citations": 0, "num_publications_5y": 0, "num_citations_5y": 0, "num_publications_10y": 0, "num_citations_10y": 0, "publications_years": {"1993": 1}, "citations_years": {}, "old_citations": {"1993": 0}, "isVisible": false}, "University of Virginia": {"name": "University of Virginia", "type": "organization", "organization_type": "Education", "h_index": 179, "h5_index": 36, "num_publications": 1, "num_citations": 0, "num_publications_5y": 0, "num_citations_5y": 0, "num_publications_10y": 0, "num_citations_10y": 0, "publications_years": {"1993": 1}, "citations_years": {}, "old_citations": {"1993": 0}, "isVisible": false}, "University of Washington": {"name": "University of Washington", "type": "organization", "organization_type": "Education", "h_index": 312, "h5_index": 71, "num_publications": 1, "num_citations": 31, "num_publications_5y": 0, "num_citations_5y": 0, "num_publications_10y": 0, "num_citations_10y": 1, "publications_years": {"1993": 1}, "citations_years": {"1994": 2, "1995": 5, "1996": 3, "1997": 3, "1998": 2, "1999": 2, "2000": 1, "2001": 3, "2002": 2, "2003": 0, "2004": 3, "2005": 2, "2006": 1, "2007": 1, "2008": 0, "2009": 0, "2010": 0, "2011": 1}, "old_citations": {"1993": 31}, "isVisible": false}, "\u00c9cole Polytechnique F\u00e9d\u00e9rale de Lausanne": {"name": "\u00c9cole Polytechnique F\u00e9d\u00e9rale de Lausanne", "type": "organization", "organization_type": "Facility", "h_index": 216, "h5_index": 61, "num_publications": 1, "num_citations": 2, "num_publications_5y": 0, "num_citations_5y": 0, "num_publications_10y": 0, "num_citations_10y": 0, "publications_years": {"1995": 1}, "citations_years": {"1998": 1, "1999": 0, "2000": 0, "2001": 0, "2002": 1}, "old_citations": {"1995": 2}, "isVisible": false}}, "topics": {"computer science": {"name": "computer science", "type": "topic", "h_index": 1779, "h5_index": 416, "num_publications": 44, "num_citations": 1157, "num_publications_5y": 0, "num_citations_5y": 84, "num_publications_10y": 0, "num_citations_10y": 253, "publications_years": {"1997": 14, "1995": 13, "1993": 17}, "citations_years": {"2008": 26, "2009": 41, "2010": 32, "2000": 62, "2001": 92, "2002": 65, "2003": 54, "2004": 65, "2005": 52, "2006": 35, "2007": 64, "2011": 40, "2012": 47, "2013": 9, "2014": 22, "1996": 63, "1997": 78, "1998": 57, "1999": 65, "2015": 20, "2016": 21, "2017": 13, "2018": 8, "2019": 10, "1994": 47, "1995": 62, "2020": 2, "1993": 4, "1992": 1}, "old_citations": {"1997": 287, "1995": 267, "1993": 603}, "isVisible": false}, "computer systems": {"name": "computer systems", "type": "topic", "h_index": 1595, "h5_index": 367, "num_publications": 40, "num_citations": 1132, "num_publications_5y": 0, "num_citations_5y": 84, "num_publications_10y": 0, "num_citations_10y": 251, "publications_years": {"1997": 14, "1995": 11, "1993": 15}, "citations_years": {"2008": 25, "2009": 40, "2010": 32, "2000": 61, "2001": 90, "2002": 64, "2003": 54, "2004": 63, "2005": 51, "2006": 35, "2007": 64, "2011": 39, "2012": 47, "2013": 9, "2014": 22, "1996": 56, "1997": 76, "1998": 56, "1999": 64, "2015": 20, "2016": 21, "2017": 13, "2018": 8, "2019": 10, "1994": 47, "1995": 58, "2020": 2, "1993": 4, "1992": 1}, "old_citations": {"1997": 287, "1995": 252, "1993": 593}, "isVisible": false}, "distributed computer systems": {"name": "distributed computer systems", "type": "topic", "h_index": 985, "h5_index": 228, "num_publications": 38, "num_citations": 1122, "num_publications_5y": 0, "num_citations_5y": 84, "num_publications_10y": 0, "num_citations_10y": 250, "publications_years": {"1997": 14, "1995": 9, "1993": 15}, "citations_years": {"2008": 25, "2009": 40, "2010": 32, "2000": 61, "2001": 87, "2002": 63, "2003": 54, "2004": 63, "2005": 51, "2006": 35, "2007": 63, "2011": 38, "2012": 47, "2013": 9, "2014": 22, "1996": 54, "1997": 76, "1998": 55, "1999": 63, "2015": 20, "2016": 21, "2017": 13, "2018": 8, "2019": 10, "1994": 47, "1995": 58, "2020": 2, "1993": 4, "1992": 1}, "old_citations": {"1997": 287, "1995": 242, "1993": 593}, "isVisible": false}, "distributed systems": {"name": "distributed systems", "type": "topic", "h_index": 859, "h5_index": 209, "num_publications": 38, "num_citations": 1122, "num_publications_5y": 0, "num_citations_5y": 84, "num_publications_10y": 0, "num_citations_10y": 250, "publications_years": {"1997": 14, "1995": 9, "1993": 15}, "citations_years": {"2008": 25, "2009": 40, "2010": 32, "2000": 61, "2001": 87, "2002": 63, "2003": 54, "2004": 63, "2005": 51, "2006": 35, "2007": 63, "2011": 38, "2012": 47, "2013": 9, "2014": 22, "1996": 54, "1997": 76, "1998": 55, "1999": 63, "2015": 20, "2016": 21, "2017": 13, "2018": 8, "2019": 10, "1994": 47, "1995": 58, "2020": 2, "1993": 4, "1992": 1}, "old_citations": {"1997": 287, "1995": 242, "1993": 593}, "isVisible": false}, "parallel processing systems": {"name": "parallel processing systems", "type": "topic", "h_index": 845, "h5_index": 208, "num_publications": 38, "num_citations": 1122, "num_publications_5y": 0, "num_citations_5y": 84, "num_publications_10y": 0, "num_citations_10y": 250, "publications_years": {"1997": 14, "1995": 9, "1993": 15}, "citations_years": {"2008": 25, "2009": 40, "2010": 32, "2000": 61, "2001": 87, "2002": 63, "2003": 54, "2004": 63, "2005": 51, "2006": 35, "2007": 63, "2011": 38, "2012": 47, "2013": 9, "2014": 22, "1996": 54, "1997": 76, "1998": 55, "1999": 63, "2015": 20, "2016": 21, "2017": 13, "2018": 8, "2019": 10, "1994": 47, "1995": 58, "2020": 2, "1993": 4, "1992": 1}, "old_citations": {"1997": 287, "1995": 242, "1993": 593}, "isVisible": false}, "computer hardware": {"name": "computer hardware", "type": "topic", "h_index": 1150, "h5_index": 279, "num_publications": 34, "num_citations": 1065, "num_publications_5y": 0, "num_citations_5y": 81, "num_publications_10y": 0, "num_citations_10y": 239, "publications_years": {"1997": 13, "1995": 9, "1993": 12}, "citations_years": {"2008": 25, "2009": 38, "2010": 32, "2000": 59, "2001": 89, "2002": 60, "2003": 53, "2004": 63, "2005": 48, "2006": 35, "2007": 62, "2011": 36, "2012": 44, "2013": 8, "2014": 21, "1996": 48, "1997": 66, "1998": 54, "1999": 60, "2015": 20, "2016": 19, "2017": 13, "2018": 8, "2019": 10, "1994": 43, "1995": 46, "2020": 2, "1993": 3}, "old_citations": {"1997": 287, "1995": 233, "1993": 545}, "isVisible": false}, "parallel algorithms": {"name": "parallel algorithms", "type": "topic", "h_index": 516, "h5_index": 110, "num_publications": 34, "num_citations": 944, "num_publications_5y": 0, "num_citations_5y": 78, "num_publications_10y": 0, "num_citations_10y": 224, "publications_years": {"1997": 14, "1995": 8, "1993": 12}, "citations_years": {"2008": 25, "2009": 36, "2010": 27, "2000": 48, "2001": 65, "2002": 54, "2003": 43, "2004": 52, "2005": 48, "2006": 31, "2007": 54, "2011": 34, "2012": 42, "2013": 7, "2014": 20, "1996": 43, "1997": 60, "1998": 43, "1999": 50, "2015": 18, "2016": 19, "2017": 13, "2018": 8, "2019": 10, "1994": 41, "1995": 47, "2020": 2, "1993": 3, "1992": 1}, "old_citations": {"1997": 287, "1995": 147, "1993": 510}, "isVisible": false}, "microprocessor chips": {"name": "microprocessor chips", "type": "topic", "h_index": 744, "h5_index": 175, "num_publications": 31, "num_citations": 1047, "num_publications_5y": 0, "num_citations_5y": 81, "num_publications_10y": 0, "num_citations_10y": 238, "publications_years": {"1997": 12, "1995": 7, "1993": 12}, "citations_years": {"2008": 25, "2009": 38, "2010": 32, "2000": 59, "2001": 86, "2002": 58, "2003": 53, "2004": 63, "2005": 48, "2006": 35, "2007": 61, "2011": 35, "2012": 44, "2013": 8, "2014": 21, "1996": 46, "1997": 63, "1998": 52, "1999": 56, "2015": 20, "2016": 19, "2017": 13, "2018": 8, "2019": 10, "1994": 43, "1995": 46, "2020": 2, "1993": 3}, "old_citations": {"1997": 287, "1995": 215, "1993": 545}, "isVisible": false}, "computer imaging and vision": {"name": "computer imaging and vision", "type": "topic", "h_index": 1142, "h5_index": 334, "num_publications": 29, "num_citations": 722, "num_publications_5y": 0, "num_citations_5y": 56, "num_publications_10y": 0, "num_citations_10y": 160, "publications_years": {"1997": 9, "1995": 10, "1993": 10}, "citations_years": {"2008": 15, "2009": 25, "2010": 20, "2000": 39, "2001": 48, "2002": 36, "2003": 37, "2004": 41, "2005": 40, "2006": 25, "2007": 49, "2011": 22, "2012": 31, "2013": 6, "2014": 14, "1996": 35, "1997": 48, "1998": 33, "1999": 39, "2015": 13, "2016": 15, "2017": 9, "2018": 5, "2019": 10, "1994": 26, "1995": 37, "2020": 2, "1993": 1, "1992": 1}, "old_citations": {"1997": 245, "1995": 164, "1993": 313}, "isVisible": false}, "program processors": {"name": "program processors", "type": "topic", "h_index": 613, "h5_index": 151, "num_publications": 29, "num_citations": 981, "num_publications_5y": 0, "num_citations_5y": 80, "num_publications_10y": 0, "num_citations_10y": 232, "publications_years": {"1997": 11, "1995": 6, "1993": 12}, "citations_years": {"2008": 23, "2009": 36, "2010": 30, "2000": 57, "2001": 84, "2002": 54, "2003": 49, "2004": 55, "2005": 46, "2006": 32, "2007": 42, "2011": 35, "2012": 44, "2013": 7, "2014": 20, "1996": 45, "1997": 59, "1998": 48, "1999": 52, "1994": 43, "1995": 46, "2015": 20, "2016": 19, "2017": 13, "2018": 8, "2019": 9, "2020": 2, "1993": 3}, "old_citations": {"1997": 228, "1995": 208, "1993": 545}, "isVisible": false}, "parallel architectures": {"name": "parallel architectures", "type": "topic", "h_index": 531, "h5_index": 116, "num_publications": 26, "num_citations": 957, "num_publications_5y": 0, "num_citations_5y": 78, "num_publications_10y": 0, "num_citations_10y": 227, "publications_years": {"1997": 10, "1995": 5, "1993": 11}, "citations_years": {"2000": 54, "2001": 78, "2002": 55, "2003": 47, "2004": 52, "2005": 46, "2006": 30, "2007": 41, "2008": 22, "2009": 35, "2010": 29, "2011": 35, "2012": 44, "2013": 6, "2014": 20, "1996": 42, "1997": 61, "1998": 46, "1999": 55, "1994": 40, "1995": 47, "2015": 19, "2016": 18, "2017": 13, "2018": 8, "2019": 9, "2020": 2, "1993": 2, "1992": 1}, "old_citations": {"1997": 226, "1995": 214, "1993": 517}, "isVisible": false}, "computer programming": {"name": "computer programming", "type": "topic", "h_index": 873, "h5_index": 186, "num_publications": 25, "num_citations": 796, "num_publications_5y": 0, "num_citations_5y": 67, "num_publications_10y": 0, "num_citations_10y": 195, "publications_years": {"1997": 12, "1995": 5, "1993": 8}, "citations_years": {"2008": 22, "2009": 29, "2010": 26, "2000": 43, "2001": 63, "2002": 48, "2003": 36, "2004": 48, "2005": 40, "2006": 30, "2007": 52, "2011": 29, "2012": 38, "2013": 6, "2014": 18, "1996": 26, "1997": 37, "1998": 37, "1999": 43, "2015": 15, "2016": 15, "2017": 12, "2018": 7, "2019": 10, "1994": 31, "1995": 30, "2020": 2, "1993": 2, "1992": 1}, "old_citations": {"1997": 287, "1995": 121, "1993": 388}, "isVisible": false}, "multi core": {"name": "multi core", "type": "topic", "h_index": 425, "h5_index": 85, "num_publications": 23, "num_citations": 772, "num_publications_5y": 0, "num_citations_5y": 61, "num_publications_10y": 0, "num_citations_10y": 179, "publications_years": {"1997": 10, "1995": 5, "1993": 8}, "citations_years": {"2000": 52, "2001": 72, "2002": 41, "2003": 39, "2004": 43, "2005": 37, "2006": 29, "2007": 34, "2008": 15, "2009": 31, "2010": 21, "2011": 24, "2012": 36, "2013": 6, "2014": 15, "1996": 33, "1997": 43, "1998": 39, "1999": 44, "1994": 30, "1995": 28, "2015": 15, "2016": 15, "2017": 11, "2018": 5, "2019": 9, "2020": 2, "1993": 3}, "old_citations": {"1997": 226, "1995": 208, "1993": 338}, "isVisible": false}, "image processing": {"name": "image processing", "type": "topic", "h_index": 1113, "h5_index": 328, "num_publications": 22, "num_citations": 567, "num_publications_5y": 0, "num_citations_5y": 40, "num_publications_10y": 0, "num_citations_10y": 123, "publications_years": {"1997": 6, "1995": 7, "1993": 9}, "citations_years": {"2008": 12, "2009": 20, "2010": 15, "2000": 27, "2001": 45, "2002": 28, "2003": 32, "2004": 34, "2005": 29, "2006": 14, "2007": 41, "2011": 18, "2012": 25, "2013": 5, "2014": 11, "1996": 28, "1997": 36, "1998": 20, "1999": 27, "2015": 8, "2016": 11, "2017": 7, "2018": 3, "2019": 7, "1994": 26, "1995": 34, "2020": 2, "1993": 1, "1992": 1}, "old_citations": {"1997": 182, "1995": 78, "1993": 307}, "isVisible": false}, "computer networks": {"name": "computer networks", "type": "topic", "h_index": 1262, "h5_index": 332, "num_publications": 21, "num_citations": 741, "num_publications_5y": 0, "num_citations_5y": 57, "num_publications_10y": 0, "num_citations_10y": 166, "publications_years": {"1997": 5, "1995": 6, "1993": 10}, "citations_years": {"2000": 37, "2001": 53, "2002": 46, "2003": 28, "2004": 45, "2005": 29, "2006": 22, "2007": 42, "2008": 18, "2009": 24, "2010": 23, "2011": 23, "2012": 32, "2013": 7, "2014": 13, "1996": 36, "1997": 49, "1998": 42, "1999": 42, "2015": 14, "2016": 14, "2017": 10, "2018": 6, "2019": 5, "1994": 39, "1995": 36, "2020": 2, "1993": 3, "1992": 1}, "old_citations": {"1997": 137, "1995": 134, "1993": 470}, "isVisible": false}, "embedded systems": {"name": "embedded systems", "type": "topic", "h_index": 799, "h5_index": 168, "num_publications": 20, "num_citations": 644, "num_publications_5y": 0, "num_citations_5y": 45, "num_publications_10y": 0, "num_citations_10y": 143, "publications_years": {"1997": 9, "1995": 5, "1993": 6}, "citations_years": {"2008": 17, "2009": 26, "2010": 21, "1996": 24, "1997": 30, "1998": 31, "1999": 36, "2000": 39, "2001": 58, "2002": 37, "2003": 33, "2004": 46, "2005": 30, "2006": 25, "2007": 47, "2011": 21, "2012": 24, "2013": 6, "2014": 11, "2015": 11, "2016": 12, "2017": 7, "2018": 4, "2019": 8, "1994": 21, "1995": 15, "2020": 2, "1993": 1, "1992": 1}, "old_citations": {"1997": 235, "1995": 173, "1993": 236}, "isVisible": false}, "human computer interaction": {"name": "human computer interaction", "type": "topic", "h_index": 934, "h5_index": 215, "num_publications": 20, "num_citations": 355, "num_publications_5y": 0, "num_citations_5y": 19, "num_publications_10y": 0, "num_citations_10y": 62, "publications_years": {"1997": 6, "1995": 6, "1993": 8}, "citations_years": {"2008": 6, "2009": 12, "2010": 10, "1998": 22, "1999": 24, "2000": 22, "2001": 18, "2002": 19, "2003": 17, "2004": 19, "2005": 17, "2006": 14, "1997": 26, "2007": 35, "2011": 7, "2012": 11, "2013": 3, "2014": 6, "2015": 5, "2016": 4, "2017": 2, "2018": 2, "2019": 4, "1994": 10, "1995": 19, "1996": 20, "1992": 1, "1993": 0}, "old_citations": {"1997": 149, "1995": 111, "1993": 95}, "isVisible": false}, "computer programming languages": {"name": "computer programming languages", "type": "topic", "h_index": 746, "h5_index": 154, "num_publications": 19, "num_citations": 659, "num_publications_5y": 0, "num_citations_5y": 61, "num_publications_10y": 0, "num_citations_10y": 166, "publications_years": {"1997": 10, "1995": 2, "1993": 7}, "citations_years": {"2000": 37, "2001": 55, "2002": 43, "2003": 31, "2004": 35, "2005": 35, "2006": 24, "2007": 26, "2008": 18, "2009": 23, "2010": 20, "2011": 24, "2012": 33, "2013": 5, "2014": 15, "1996": 19, "1997": 30, "1998": 31, "1999": 35, "1994": 31, "1995": 30, "2015": 14, "2016": 14, "2017": 12, "2018": 6, "2019": 8, "2020": 2, "1993": 2, "1992": 1}, "old_citations": {"1997": 226, "1995": 45, "1993": 388}, "isVisible": false}, "image analysis": {"name": "image analysis", "type": "topic", "h_index": 988, "h5_index": 315, "num_publications": 19, "num_citations": 506, "num_publications_5y": 0, "num_citations_5y": 37, "num_publications_10y": 0, "num_citations_10y": 106, "publications_years": {"1997": 6, "1995": 6, "1993": 7}, "citations_years": {"2008": 12, "2009": 14, "2010": 15, "2000": 23, "2001": 41, "2002": 27, "2003": 32, "2004": 34, "2005": 27, "2006": 14, "2007": 39, "2011": 14, "2012": 22, "2013": 4, "2014": 9, "1996": 21, "1997": 28, "1998": 16, "1999": 26, "2015": 8, "2016": 10, "2017": 7, "2018": 3, "2019": 7, "1994": 21, "1995": 29, "1993": 1, "1992": 1, "2020": 1}, "old_citations": {"1997": 182, "1995": 59, "1993": 265}, "isVisible": false}, "telecommunication systems": {"name": "telecommunication systems", "type": "topic", "h_index": 1187, "h5_index": 277, "num_publications": 18, "num_citations": 541, "num_publications_5y": 0, "num_citations_5y": 30, "num_publications_10y": 0, "num_citations_10y": 99, "publications_years": {"1997": 4, "1995": 6, "1993": 8}, "citations_years": {"2000": 29, "2001": 46, "2002": 36, "2003": 17, "2004": 32, "2005": 18, "2006": 14, "2007": 31, "2008": 11, "2009": 17, "2010": 14, "2011": 17, "2012": 17, "2013": 4, "2014": 9, "1996": 33, "1997": 41, "1998": 38, "1999": 37, "2015": 7, "2016": 7, "2017": 4, "2018": 3, "2019": 1, "1994": 29, "1995": 25, "2020": 1, "1993": 3}, "old_citations": {"1997": 100, "1995": 134, "1993": 307}, "isVisible": false}, "parallel programming": {"name": "parallel programming", "type": "topic", "h_index": 425, "h5_index": 94, "num_publications": 17, "num_citations": 641, "num_publications_5y": 0, "num_citations_5y": 61, "num_publications_10y": 0, "num_citations_10y": 165, "publications_years": {"1997": 9, "1995": 2, "1993": 6}, "citations_years": {"2000": 36, "2001": 52, "2002": 41, "2003": 31, "2004": 34, "2005": 35, "2006": 24, "2007": 26, "2008": 17, "2009": 23, "2010": 20, "2011": 23, "2012": 33, "2013": 5, "2014": 15, "1996": 19, "1997": 30, "1998": 30, "1999": 31, "1994": 29, "1995": 29, "2015": 14, "2016": 14, "2017": 12, "2018": 6, "2019": 8, "2020": 2, "1993": 2}, "old_citations": {"1997": 215, "1995": 45, "1993": 381}, "isVisible": false}, "communication": {"name": "communication", "type": "topic", "h_index": 886, "h5_index": 209, "num_publications": 16, "num_citations": 578, "num_publications_5y": 0, "num_citations_5y": 53, "num_publications_10y": 0, "num_citations_10y": 136, "publications_years": {"1997": 8, "1995": 3, "1993": 5}, "citations_years": {"2000": 28, "2001": 45, "2002": 32, "2003": 27, "2004": 37, "2005": 31, "2006": 22, "2007": 39, "2008": 17, "2009": 21, "2010": 18, "2011": 21, "2012": 19, "2013": 4, "2014": 12, "1996": 25, "1997": 31, "1998": 24, "1999": 30, "2015": 15, "2016": 12, "2017": 8, "2018": 6, "2019": 8, "1994": 19, "1995": 25, "1993": 2}, "old_citations": {"1997": 236, "1995": 101, "1993": 241}, "isVisible": false}, "mathematics": {"name": "mathematics", "type": "topic", "h_index": 1364, "h5_index": 300, "num_publications": 15, "num_citations": 568, "num_publications_5y": 0, "num_citations_5y": 38, "num_publications_10y": 0, "num_citations_10y": 123, "publications_years": {"1997": 5, "1995": 7, "1993": 3}, "citations_years": {"2000": 35, "2001": 47, "2002": 34, "2003": 31, "2004": 38, "2005": 26, "2006": 17, "2007": 41, "2008": 11, "2009": 22, "2010": 17, "2011": 15, "2012": 25, "2013": 6, "2014": 9, "1996": 23, "1997": 40, "1998": 28, "1999": 34, "2015": 9, "2016": 10, "2017": 7, "2018": 3, "2019": 7, "1994": 18, "1995": 13, "2020": 2}, "old_citations": {"1997": 191, "1995": 174, "1993": 203}, "isVisible": false}}, "authors": {"224969953": {"name": "thomas w crockett", "type": "author", "activity": 19, "h_index": 5, "h5_index": 0, "mag_id": "224969953", "num_publications": 3, "num_citations": 121, "num_publications_5y": 0, "num_citations_5y": 16, "num_publications_10y": 0, "num_citations_10y": 31, "publications_years": {"1993": 2, "1997": 1}, "citations_years": {"1993": 2, "1994": 5, "1995": 3, "1996": 3, "1997": 1, "1998": 3, "1999": 4, "2000": 4, "2001": 18, "2002": 3, "2003": 10, "2004": 7, "2005": 10, "2006": 4, "2007": 7, "2008": 2, "2009": 5, "2010": 3, "2011": 3, "2012": 3, "2013": 1, "2014": 2, "2015": 5, "2016": 4, "2017": 4, "2018": 1, "2019": 4}, "old_citations": {"1993": 33, "1997": 88}, "isVisible": false}, "1795195344": {"name": "james painter", "type": "author", "activity": 19, "h_index": 10, "h5_index": 0, "mag_id": "1795195344", "num_publications": 3, "num_citations": 107, "num_publications_5y": 0, "num_citations_5y": 10, "num_publications_10y": 0, "num_citations_10y": 30, "publications_years": {"1997": 1, "1993": 1, "1995": 1}, "citations_years": {"2008": 5, "2009": 0, "2010": 8, "1994": 8, "1995": 9, "1996": 3, "1997": 8, "1998": 6, "1999": 4, "2000": 1, "2001": 4, "2002": 11, "2003": 3, "2004": 7, "2005": 3, "2006": 2, "2007": 3, "2011": 6, "2012": 5, "2013": 1, "2014": 3, "2015": 2, "2016": 2, "2017": 1, "2018": 2}, "old_citations": {"1997": 2, "1993": 105, "1995": 0}, "isVisible": false}, "2059591427": {"name": "charles hansen", "type": "author", "activity": 31, "h_index": 45, "h5_index": 4, "mag_id": "2059591427", "num_publications": 3, "num_citations": 105, "num_publications_5y": 0, "num_citations_5y": 10, "num_publications_10y": 0, "num_citations_10y": 29, "publications_years": {"1993": 2, "1995": 1}, "citations_years": {"1994": 8, "1995": 9, "1996": 3, "1997": 8, "1998": 6, "1999": 4, "2000": 1, "2001": 4, "2002": 11, "2003": 3, "2004": 7, "2005": 3, "2006": 2, "2007": 3, "2008": 4, "2009": 0, "2010": 7, "2011": 6, "2012": 5, "2013": 1, "2014": 3, "2015": 2, "2016": 2, "2017": 1, "2018": 2}, "old_citations": {"1993": 105, "1995": 0}, "isVisible": false}, "2122423217": {"name": "kwanliu ma", "type": "author", "activity": 31, "h_index": 55, "h5_index": 10, "mag_id": "2122423217", "num_publications": 3, "num_citations": 259, "num_publications_5y": 0, "num_citations_5y": 30, "num_publications_10y": 0, "num_citations_10y": 77, "publications_years": {"1993": 1, "1995": 1, "1997": 1}, "citations_years": {"1994": 8, "1995": 9, "1996": 8, "1997": 14, "1998": 9, "1999": 9, "2000": 7, "2001": 18, "2002": 14, "2003": 15, "2004": 19, "2005": 15, "2006": 9, "2007": 16, "2008": 7, "2009": 8, "2010": 13, "2011": 12, "2012": 12, "2013": 2, "2014": 7, "2015": 8, "2016": 7, "2017": 4, "2018": 4, "2019": 5}, "old_citations": {"1993": 105, "1995": 66, "1997": 88}, "isVisible": false}, "2567821937": {"name": "scott whitman", "type": "author", "activity": 5, "h_index": 4, "h5_index": 0, "mag_id": "2567821937", "num_publications": 3, "num_citations": 68, "num_publications_5y": 0, "num_citations_5y": 1, "num_publications_10y": 0, "num_citations_10y": 6, "publications_years": {"1993": 1, "1997": 1, "1995": 1}, "citations_years": {"1997": 2, "1998": 4, "1999": 4, "2000": 3, "2001": 4, "2002": 4, "2003": 2, "2004": 9, "2005": 3, "2006": 3, "2007": 19, "2008": 3, "2009": 2, "2010": 2, "2011": 0, "2012": 0, "2013": 1, "2014": 1, "2015": 0, "2016": 0, "2017": 0, "2018": 0, "2019": 1, "1996": 1}, "old_citations": {"1993": 0, "1997": 59, "1995": 9}, "isVisible": false}, "88300806": {"name": "craig m wittenbrink", "type": "author", "activity": 27, "h_index": 18, "h5_index": 1, "mag_id": "88300806", "num_publications": 2, "num_citations": 31, "num_publications_5y": 0, "num_citations_5y": 0, "num_publications_10y": 0, "num_citations_10y": 1, "publications_years": {"1995": 1, "1993": 1}, "citations_years": {"1994": 2, "1995": 5, "1996": 3, "1997": 3, "1998": 2, "1999": 2, "2000": 1, "2001": 3, "2002": 2, "2003": 0, "2004": 3, "2005": 2, "2006": 1, "2007": 1, "2008": 0, "2009": 0, "2010": 0, "2011": 1}, "old_citations": {"1995": 0, "1993": 31}, "isVisible": false}, "1724258709": {"name": "paul mackerras", "type": "author", "activity": 6, "h_index": 4, "h5_index": 0, "mag_id": "1724258709", "num_publications": 2, "num_citations": 37, "num_publications_5y": 0, "num_citations_5y": 4, "num_publications_10y": 0, "num_citations_10y": 9, "publications_years": {"1997": 1, "1993": 1}, "citations_years": {"2011": 4, "2012": 1, "2013": 0, "2014": 2, "1993": 1, "1994": 2, "1995": 7, "1996": 5, "1997": 3, "1998": 0, "1999": 2, "2000": 2, "2001": 1, "2002": 2, "2003": 1, "2004": 0, "2005": 2, "2006": 0, "2007": 0, "2008": 0, "2009": 0, "2010": 0, "2015": 0, "2016": 2}, "old_citations": {"1997": 2, "1993": 35}, "isVisible": false}, "2083428524": {"name": "brian corrie", "type": "author", "activity": 28, "h_index": 9, "h5_index": 1, "mag_id": "2083428524", "num_publications": 2, "num_citations": 37, "num_publications_5y": 0, "num_citations_5y": 4, "num_publications_10y": 0, "num_citations_10y": 9, "publications_years": {"1997": 1, "1993": 1}, "citations_years": {"2011": 4, "2012": 1, "2013": 0, "2014": 2, "1993": 1, "1994": 2, "1995": 7, "1996": 5, "1997": 3, "1998": 0, "1999": 2, "2000": 2, "2001": 1, "2002": 2, "2003": 1, "2004": 0, "2005": 2, "2006": 0, "2007": 0, "2008": 0, "2009": 0, "2010": 0, "2015": 0, "2016": 2}, "old_citations": {"1997": 2, "1993": 35}, "isVisible": false}, "2225733586": {"name": "pat hanrahan", "type": "author", "activity": 31, "h_index": 70, "h5_index": 10, "mag_id": "2225733586", "num_publications": 2, "num_citations": 33, "num_publications_5y": 0, "num_citations_5y": 2, "num_publications_10y": 0, "num_citations_10y": 3, "publications_years": {"1995": 1, "1993": 1}, "citations_years": {"1996": 2, "1997": 4, "1998": 2, "1999": 2, "2000": 1, "2001": 5, "2002": 0, "2003": 4, "1993": 1, "1994": 1, "1995": 2, "2004": 3, "2005": 0, "2006": 2, "2007": 1, "2008": 0, "2009": 0, "2010": 0, "2011": 0, "2012": 0, "2013": 1, "2014": 0, "2015": 1, "2016": 1}, "old_citations": {"1995": 7, "1993": 26}, "isVisible": false}, "2295168294": {"name": "m krogh", "type": "author", "activity": 16, "h_index": 6, "h5_index": 0, "mag_id": "2295168294", "num_publications": 2, "num_citations": 105, "num_publications_5y": 0, "num_citations_5y": 10, "num_publications_10y": 0, "num_citations_10y": 29, "publications_years": {"1993": 1, "1995": 1}, "citations_years": {"1994": 8, "1995": 9, "1996": 3, "1997": 8, "1998": 6, "1999": 4, "2000": 1, "2001": 4, "2002": 11, "2003": 3, "2004": 7, "2005": 3, "2006": 2, "2007": 3, "2008": 4, "2009": 0, "2010": 7, "2011": 6, "2012": 5, "2013": 1, "2014": 3, "2015": 2, "2016": 2, "2017": 1, "2018": 2}, "old_citations": {"1993": 105, "1995": 0}, "isVisible": false}, "2298886649": {"name": "michael cox", "type": "author", "activity": 24, "h_index": 10, "h5_index": 0, "mag_id": "2298886649", "num_publications": 2, "num_citations": 26, "num_publications_5y": 0, "num_citations_5y": 2, "num_publications_10y": 0, "num_citations_10y": 3, "publications_years": {"1995": 1, "1993": 1}, "citations_years": {"1993": 1, "1994": 1, "1995": 2, "1996": 1, "1997": 1, "1998": 1, "1999": 2, "2000": 1, "2001": 5, "2002": 0, "2003": 2, "2004": 3, "2005": 0, "2006": 2, "2007": 1, "2008": 0, "2009": 0, "2010": 0, "2011": 0, "2012": 0, "2013": 1, "2014": 0, "2015": 1, "2016": 1}, "old_citations": {"1995": 0, "1993": 26}, "isVisible": false}, "2674707169": {"name": "gordon stoll", "type": "author", "activity": 6, "h_index": 6, "h5_index": 0, "mag_id": "2674707169", "num_publications": 2, "num_citations": 9, "num_publications_5y": 0, "num_citations_5y": 0, "num_publications_10y": 0, "num_citations_10y": 1, "publications_years": {"1997": 1, "1995": 1}, "citations_years": {"2008": 1, "2009": 0, "2010": 1, "1996": 1, "1997": 3, "1998": 1, "1999": 0, "2000": 0, "2001": 0, "2002": 0, "2003": 2}, "old_citations": {"1997": 2, "1995": 7}, "isVisible": false}, "2849385003": {"name": "p peggy li", "type": "author", "activity": 14, "h_index": 4, "h5_index": 0, "mag_id": "2849385003", "num_publications": 2, "num_citations": 65, "num_publications_5y": 0, "num_citations_5y": 1, "num_publications_10y": 0, "num_citations_10y": 6, "publications_years": {"1997": 1, "1995": 1}, "citations_years": {"1997": 1, "1998": 3, "1999": 4, "2000": 2, "2001": 2, "2002": 5, "2003": 2, "2004": 9, "2005": 2, "2006": 3, "2007": 19, "2008": 2, "2009": 2, "2010": 2, "2011": 0, "2012": 0, "2013": 1, "2014": 1, "2015": 0, "2016": 0, "2017": 0, "2018": 0, "2019": 1, "1995": 1, "1996": 3}, "old_citations": {"1997": 59, "1995": 6}, "isVisible": false}, "28937385": {"name": "bulent ozguc", "type": "author", "activity": 24, "h_index": 7, "h5_index": 0, "mag_id": "28937385", "num_publications": 1, "num_citations": 6, "num_publications_5y": 0, "num_citations_5y": 0, "num_publications_10y": 0, "num_citations_10y": 0, "publications_years": {"1993": 1}, "citations_years": {"1995": 3, "1996": 1, "1997": 2}, "old_citations": {"1993": 6}, "isVisible": false}, "150122416": {"name": "david zareski", "type": "author", "activity": 1, "h_index": 2, "h5_index": 0, "mag_id": "150122416", "num_publications": 1, "num_citations": 19, "num_publications_5y": 0, "num_citations_5y": 0, "num_publications_10y": 0, "num_citations_10y": 5, "publications_years": {"1995": 1}, "citations_years": {"1995": 1, "1996": 2, "1997": 5, "1998": 2, "1999": 0, "2000": 0, "2001": 0, "2002": 1, "2003": 0, "2004": 0, "2005": 1, "2006": 0, "2007": 2, "2008": 0, "2009": 2, "2010": 0, "2011": 0, "2012": 2, "2013": 1}, "old_citations": {"1995": 19}, "isVisible": false}, "156302704": {"name": "cevdet aykanat", "type": "author", "activity": 31, "h_index": 25, "h5_index": 6, "mag_id": "156302704", "num_publications": 1, "num_citations": 6, "num_publications_5y": 0, "num_citations_5y": 0, "num_publications_10y": 0, "num_citations_10y": 0, "publications_years": {"1993": 1}, "citations_years": {"1995": 3, "1996": 1, "1997": 2}, "old_citations": {"1993": 6}, "isVisible": false}, "234653941": {"name": "edward w felten", "type": "author", "activity": 28, "h_index": 48, "h5_index": 3, "mag_id": "234653941", "num_publications": 1, "num_citations": 7, "num_publications_5y": 0, "num_citations_5y": 0, "num_publications_10y": 0, "num_citations_10y": 0, "publications_years": {"1995": 1}, "citations_years": {"1996": 1, "1997": 3, "1998": 1, "1999": 0, "2000": 0, "2001": 0, "2002": 0, "2003": 2}, "old_citations": {"1995": 7}, "isVisible": false}, "533106700": {"name": "thierry priol", "type": "author", "activity": 27, "h_index": 22, "h5_index": 1, "mag_id": "533106700", "num_publications": 1, "num_citations": 22, "num_publications_5y": 0, "num_citations_5y": 0, "num_publications_10y": 0, "num_citations_10y": 0, "publications_years": {"1997": 1}, "citations_years": {"1998": 5, "1999": 4, "2000": 2, "2001": 0, "2002": 3, "2003": 0, "2004": 1, "2005": 4, "2006": 2, "2007": 0, "2008": 1}, "old_citations": {"1997": 22}, "isVisible": false}, "674896738": {"name": "philip m hubbard", "type": "author", "activity": 4, "h_index": 5, "h5_index": 0, "mag_id": "674896738", "num_publications": 1, "num_citations": 19, "num_publications_5y": 0, "num_citations_5y": 0, "num_publications_10y": 0, "num_citations_10y": 5, "publications_years": {"1995": 1}, "citations_years": {"1995": 1, "1996": 2, "1997": 5, "1998": 2, "1999": 0, "2000": 0, "2001": 0, "2002": 1, "2003": 0, "2004": 0, "2005": 1, "2006": 0, "2007": 2, "2008": 0, "2009": 2, "2010": 0, "2011": 0, "2012": 2, "2013": 1}, "old_citations": {"1995": 19}, "isVisible": false}, "1595706662": {"name": "tobias orloff", "type": "author", "activity": 3, "h_index": 2, "h5_index": 0, "mag_id": "1595706662", "num_publications": 1, "num_citations": 33, "num_publications_5y": 0, "num_citations_5y": 1, "num_publications_10y": 0, "num_citations_10y": 4, "publications_years": {"1993": 1}, "citations_years": {"1993": 2, "1994": 5, "1995": 3, "1996": 3, "1997": 1, "1998": 2, "1999": 2, "2000": 2, "2001": 7, "2002": 0, "2003": 1, "2004": 0, "2005": 1, "2006": 0, "2007": 0, "2008": 0, "2009": 1, "2010": 0, "2011": 1, "2012": 1, "2013": 0, "2014": 0, "2015": 0, "2016": 0, "2017": 1}, "old_citations": {"1993": 33}, "isVisible": false}, "1890083705": {"name": "ulrich neumann", "type": "author", "activity": 30, "h_index": 48, "h5_index": 9, "mag_id": "1890083705", "num_publications": 1, "num_citations": 66, "num_publications_5y": 0, "num_citations_5y": 8, "num_publications_10y": 0, "num_citations_10y": 17, "publications_years": {"1993": 1}, "citations_years": {"1994": 4, "1995": 5, "1996": 7, "1997": 5, "1998": 1, "1999": 3, "2000": 1, "2001": 3, "2002": 2, "2003": 4, "2004": 4, "2005": 5, "2006": 1, "2007": 1, "2008": 3, "2009": 4, "2010": 1, "2011": 3, "2012": 1, "2013": 0, "2014": 1, "2015": 3, "2016": 2, "2017": 1, "2018": 1}, "old_citations": {"1993": 66}, "isVisible": false}, "1970379083": {"name": "bretton wade", "type": "author", "activity": 1, "h_index": 2, "h5_index": 0, "mag_id": "1970379083", "num_publications": 1, "num_citations": 19, "num_publications_5y": 0, "num_citations_5y": 0, "num_publications_10y": 0, "num_citations_10y": 5, "publications_years": {"1995": 1}, "citations_years": {"1995": 1, "1996": 2, "1997": 5, "1998": 2, "1999": 0, "2000": 0, "2001": 0, "2002": 1, "2003": 0, "2004": 0, "2005": 1, "2006": 0, "2007": 2, "2008": 0, "2009": 2, "2010": 0, "2011": 0, "2012": 2, "2013": 1}, "old_citations": {"1995": 19}, "isVisible": false}, "1997181476": {"name": "judy challinger", "type": "author", "activity": 4, "h_index": 2, "h5_index": 0, "mag_id": "1997181476", "num_publications": 1, "num_citations": 36, "num_publications_5y": 0, "num_citations_5y": 1, "num_publications_10y": 0, "num_citations_10y": 6, "publications_years": {"1993": 1}, "citations_years": {"1994": 1, "1995": 4, "1996": 2, "1997": 3, "1998": 2, "1999": 1, "2000": 3, "2001": 5, "2002": 0, "2003": 3, "2004": 1, "2005": 1, "2006": 0, "2007": 4, "2008": 0, "2009": 1, "2010": 0, "2011": 2, "2012": 2, "2013": 0, "2014": 1}, "old_citations": {"1993": 36}, "isVisible": false}, "1998742316": {"name": "luc renambot", "type": "author", "activity": 24, "h_index": 19, "h5_index": 2, "mag_id": "1998742316", "num_publications": 1, "num_citations": 22, "num_publications_5y": 0, "num_citations_5y": 0, "num_publications_10y": 0, "num_citations_10y": 0, "publications_years": {"1997": 1}, "citations_years": {"1998": 5, "1999": 4, "2000": 2, "2001": 0, "2002": 3, "2003": 0, "2004": 1, "2005": 4, "2006": 2, "2007": 0, "2008": 1}, "old_citations": {"1997": 22}, "isVisible": false}, "2013475279": {"name": "arun k somani", "type": "author", "activity": 31, "h_index": 40, "h5_index": 4, "mag_id": "2013475279", "num_publications": 1, "num_citations": 31, "num_publications_5y": 0, "num_citations_5y": 0, "num_publications_10y": 0, "num_citations_10y": 1, "publications_years": {"1993": 1}, "citations_years": {"1994": 2, "1995": 5, "1996": 3, "1997": 3, "1998": 2, "1999": 2, "2000": 1, "2001": 3, "2002": 2, "2003": 0, "2004": 3, "2005": 2, "2006": 1, "2007": 1, "2008": 0, "2009": 0, "2010": 0, "2011": 1}, "old_citations": {"1993": 31}, "isVisible": false}, "2025582004": {"name": "david w curkendall", "type": "author", "activity": 11, "h_index": 2, "h5_index": 0, "mag_id": "2025582004", "num_publications": 1, "num_citations": 6, "num_publications_5y": 0, "num_citations_5y": 0, "num_publications_10y": 0, "num_citations_10y": 0, "publications_years": {"1995": 1}, "citations_years": {"1995": 1, "1996": 3, "1997": 0, "1998": 0, "1999": 0, "2000": 0, "2001": 0, "2002": 1, "2003": 0, "2004": 1}, "old_citations": {"1995": 6}, "isVisible": false}, "2032416059": {"name": "kentaro sano", "type": "author", "activity": 24, "h_index": 12, "h5_index": 4, "mag_id": "2032416059", "num_publications": 1, "num_citations": 25, "num_publications_5y": 0, "num_citations_5y": 0, "num_publications_10y": 0, "num_citations_10y": 1, "publications_years": {"1997": 1}, "citations_years": {"1999": 3, "2000": 3, "2001": 5, "2002": 4, "2003": 4, "2004": 2, "2005": 2, "2006": 0, "2007": 1, "2008": 0, "2009": 0, "2010": 1}, "old_citations": {"1997": 25}, "isVisible": false}, "2046017758": {"name": "david ellsworth", "type": "author", "activity": 26, "h_index": 7, "h5_index": 0, "mag_id": "2046017758", "num_publications": 1, "num_citations": 15, "num_publications_5y": 0, "num_citations_5y": 0, "num_publications_10y": 0, "num_citations_10y": 1, "publications_years": {"1993": 1}, "citations_years": {"1994": 4, "1995": 1, "1996": 3, "1997": 2, "1998": 1, "1999": 0, "2000": 2, "2001": 1, "2002": 0, "2003": 0, "2004": 0, "2005": 0, "2006": 0, "2007": 0, "2008": 0, "2009": 1}, "old_citations": {"1993": 15}, "isVisible": false}, "2096502860": {"name": "xavier pueyo", "type": "author", "activity": 31, "h_index": 13, "h5_index": 1, "mag_id": "2096502860", "num_publications": 1, "num_citations": 22, "num_publications_5y": 0, "num_citations_5y": 0, "num_publications_10y": 0, "num_citations_10y": 0, "publications_years": {"1997": 1}, "citations_years": {"1998": 5, "1999": 4, "2000": 2, "2001": 0, "2002": 3, "2003": 0, "2004": 1, "2005": 4, "2006": 2, "2007": 0, "2008": 1}, "old_citations": {"1997": 22}, "isVisible": false}, "2103213634": {"name": "peter shirley", "type": "author", "activity": 30, "h_index": 42, "h5_index": 2, "mag_id": "2103213634", "num_publications": 1, "num_citations": 19, "num_publications_5y": 0, "num_citations_5y": 0, "num_publications_10y": 0, "num_citations_10y": 5, "publications_years": {"1995": 1}, "citations_years": {"1995": 1, "1996": 2, "1997": 5, "1998": 2, "1999": 0, "2000": 0, "2001": 0, "2002": 1, "2003": 0, "2004": 0, "2005": 1, "2006": 0, "2007": 2, "2008": 0, "2009": 2, "2010": 0, "2011": 0, "2012": 2, "2013": 1}, "old_citations": {"1995": 19}, "isVisible": false}, "2107516595": {"name": "tongyee lee", "type": "author", "activity": 28, "h_index": 26, "h5_index": 4, "mag_id": "2107516595", "num_publications": 1, "num_citations": 10, "num_publications_5y": 0, "num_citations_5y": 0, "num_publications_10y": 0, "num_citations_10y": 1, "publications_years": {"1995": 1}, "citations_years": {"1996": 2, "1997": 0, "1998": 1, "1999": 1, "2000": 0, "2001": 3, "2002": 1, "2003": 0, "2004": 0, "2005": 0, "2006": 0, "2007": 1, "2008": 0, "2009": 0, "2010": 0, "2011": 1}, "old_citations": {"1995": 10}, "isVisible": false}, "2113620782": {"name": "michael e palmer", "type": "author", "activity": 3, "h_index": 2, "h5_index": 0, "mag_id": "2113620782", "num_publications": 1, "num_citations": 11, "num_publications_5y": 0, "num_citations_5y": 0, "num_publications_10y": 0, "num_citations_10y": 1, "publications_years": {"1997": 1}, "citations_years": {"1998": 1, "1999": 2, "2000": 1, "2001": 3, "2002": 1, "2003": 0, "2004": 1, "2005": 0, "2006": 0, "2007": 0, "2008": 1, "2009": 0, "2010": 0, "2011": 1}, "old_citations": {"1997": 11}, "isVisible": false}, "2115732777": {"name": "hiroyuki kitajima", "type": "author", "activity": 6, "h_index": 2, "h5_index": 0, "mag_id": "2115732777", "num_publications": 1, "num_citations": 25, "num_publications_5y": 0, "num_citations_5y": 0, "num_publications_10y": 0, "num_citations_10y": 1, "publications_years": {"1997": 1}, "citations_years": {"1999": 3, "2000": 3, "2001": 5, "2002": 4, "2003": 4, "2004": 2, "2005": 2, "2006": 0, "2007": 1, "2008": 0, "2009": 0, "2010": 1}, "old_citations": {"1997": 25}, "isVisible": false}, "2123889396": {"name": "c s raghavendra", "type": "author", "activity": 30, "h_index": 38, "h5_index": 6, "mag_id": "2123889396", "num_publications": 1, "num_citations": 10, "num_publications_5y": 0, "num_citations_5y": 0, "num_publications_10y": 0, "num_citations_10y": 1, "publications_years": {"1995": 1}, "citations_years": {"1996": 2, "1997": 0, "1998": 1, "1999": 1, "2000": 0, "2001": 3, "2002": 1, "2003": 0, "2004": 0, "2005": 0, "2006": 0, "2007": 1, "2008": 0, "2009": 0, "2010": 0, "2011": 1}, "old_citations": {"1995": 10}, "isVisible": false}, "2126242708": {"name": "tungkuang wu", "type": "author", "activity": 26, "h_index": 9, "h5_index": 1, "mag_id": "2126242708", "num_publications": 1, "num_citations": 7, "num_publications_5y": 0, "num_citations_5y": 0, "num_publications_10y": 0, "num_citations_10y": 0, "publications_years": {"1993": 1}, "citations_years": {"1992": 1, "1993": 0, "1994": 2, "1995": 1, "1996": 0, "1997": 0, "1998": 0, "1999": 2, "2000": 0, "2001": 0, "2002": 1}, "old_citations": {"1993": 7}, "isVisible": false}, "2135728993": {"name": "assaf schuster", "type": "author", "activity": 31, "h_index": 39, "h5_index": 6, "mag_id": "2135728993", "num_publications": 1, "num_citations": 8, "num_publications_5y": 0, "num_citations_5y": 1, "num_publications_10y": 0, "num_citations_10y": 3, "publications_years": {"1997": 1}, "citations_years": {"2000": 2, "2001": 2, "2002": 0, "2003": 0, "2004": 1, "2005": 0, "2006": 0, "2007": 0, "2008": 0, "2009": 0, "2010": 0, "2011": 0, "2012": 2, "2013": 0, "2014": 1}, "old_citations": {"1997": 8}, "isVisible": false}, "2137048488": {"name": "scott whitman", "type": "author", "activity": 2, "h_index": 3, "h5_index": 0, "mag_id": "2137048488", "num_publications": 1, "num_citations": 32, "num_publications_5y": 0, "num_citations_5y": 3, "num_publications_10y": 0, "num_citations_10y": 10, "publications_years": {"1993": 1}, "citations_years": {"1994": 5, "1995": 1, "1996": 2, "1997": 2, "1998": 2, "1999": 0, "2000": 4, "2001": 4, "2002": 0, "2003": 0, "2004": 0, "2005": 1, "2006": 0, "2007": 0, "2008": 0, "2009": 3, "2010": 0, "2011": 3, "2012": 1, "2013": 0, "2014": 2, "2015": 0, "2016": 1, "2017": 0, "2018": 0, "2019": 0, "2020": 1}, "old_citations": {"1993": 32}, "isVisible": false}, "2139439197": {"name": "randy pausch", "type": "author", "activity": 27, "h_index": 24, "h5_index": 0, "mag_id": "2139439197", "num_publications": 1, "num_citations": 0, "num_publications_5y": 0, "num_citations_5y": 0, "num_publications_10y": 0, "num_citations_10y": 0, "publications_years": {"1993": 1}, "citations_years": {}, "old_citations": {"1993": 0}, "isVisible": false}, "2140543344": {"name": "douglas w clark", "type": "author", "activity": 15, "h_index": 20, "h5_index": 0, "mag_id": "2140543344", "num_publications": 1, "num_citations": 7, "num_publications_5y": 0, "num_citations_5y": 0, "num_publications_10y": 0, "num_citations_10y": 0, "publications_years": {"1995": 1}, "citations_years": {"1996": 1, "1997": 3, "1998": 1, "1999": 0, "2000": 0, "2001": 0, "2002": 0, "2003": 2}, "old_citations": {"1995": 7}, "isVisible": false}, "2157116051": {"name": "jaswinder pal singh", "type": "author", "activity": 28, "h_index": 37, "h5_index": 0, "mag_id": "2157116051", "num_publications": 1, "num_citations": 4, "num_publications_5y": 0, "num_citations_5y": 0, "num_publications_10y": 0, "num_citations_10y": 0, "publications_years": {"1997": 1}, "citations_years": {"1998": 1, "1999": 0, "2000": 1, "2001": 0, "2002": 1, "2003": 0, "2004": 0, "2005": 0, "2006": 1}, "old_citations": {"1997": 4}, "isVisible": false}, "2166597129": {"name": "kai li", "type": "author", "activity": 31, "h_index": 59, "h5_index": 4, "mag_id": "2166597129", "num_publications": 1, "num_citations": 7, "num_publications_5y": 0, "num_citations_5y": 0, "num_publications_10y": 0, "num_citations_10y": 0, "publications_years": {"1995": 1}, "citations_years": {"1996": 1, "1997": 3, "1998": 1, "1999": 0, "2000": 0, "2001": 0, "2002": 0, "2003": 2}, "old_citations": {"1995": 7}, "isVisible": false}, "2169054666": {"name": "chenchin feng", "type": "author", "activity": 1, "h_index": 1, "h5_index": 0, "mag_id": "2169054666", "num_publications": 1, "num_citations": 37, "num_publications_5y": 0, "num_citations_5y": 11, "num_publications_10y": 0, "num_citations_10y": 16, "publications_years": {"1997": 1}, "citations_years": {"1998": 1, "1999": 0, "2000": 3, "2001": 0, "2002": 2, "2003": 2, "2004": 1, "2005": 4, "2006": 3, "2007": 2, "2008": 1, "2009": 1, "2010": 2, "2011": 0, "2012": 1, "2013": 1, "2014": 1, "2015": 4, "2016": 3, "2017": 2, "2018": 1, "2019": 2}, "old_citations": {"1997": 37}, "isVisible": false}, "2170664621": {"name": "hiroaki kobayashi", "type": "author", "activity": 27, "h_index": 16, "h5_index": 4, "mag_id": "2170664621", "num_publications": 1, "num_citations": 25, "num_publications_5y": 0, "num_citations_5y": 0, "num_publications_10y": 0, "num_citations_10y": 1, "publications_years": {"1997": 1}, "citations_years": {"1999": 3, "2000": 3, "2001": 5, "2002": 4, "2003": 4, "2004": 2, "2005": 2, "2006": 0, "2007": 1, "2008": 0, "2009": 0, "2010": 1}, "old_citations": {"1997": 25}, "isVisible": false}, "2171298838": {"name": "scott e hudson", "type": "author", "activity": 31, "h_index": 52, "h5_index": 12, "mag_id": "2171298838", "num_publications": 1, "num_citations": 0, "num_publications_5y": 0, "num_citations_5y": 0, "num_publications_10y": 0, "num_citations_10y": 0, "publications_years": {"1993": 1}, "citations_years": {}, "old_citations": {"1993": 0}, "isVisible": false}, "2177730716": {"name": "tolga capin", "type": "author", "activity": 28, "h_index": 26, "h5_index": 2, "mag_id": "2177730716", "num_publications": 1, "num_citations": 6, "num_publications_5y": 0, "num_citations_5y": 0, "num_publications_10y": 0, "num_citations_10y": 0, "publications_years": {"1993": 1}, "citations_years": {"1995": 3, "1996": 1, "1997": 2}, "old_citations": {"1993": 6}, "isVisible": false}, "2193907057": {"name": "james d foley", "type": "author", "activity": 31, "h_index": 23, "h5_index": 1, "mag_id": "2193907057", "num_publications": 1, "num_citations": 0, "num_publications_5y": 0, "num_citations_5y": 0, "num_publications_10y": 0, "num_citations_10y": 0, "publications_years": {"1993": 1}, "citations_years": {}, "old_citations": {"1993": 0}, "isVisible": false}, "2195378657": {"name": "amit reisman", "type": "author", "activity": 4, "h_index": 2, "h5_index": 0, "mag_id": "2195378657", "num_publications": 1, "num_citations": 8, "num_publications_5y": 0, "num_citations_5y": 1, "num_publications_10y": 0, "num_citations_10y": 3, "publications_years": {"1997": 1}, "citations_years": {"2000": 2, "2001": 2, "2002": 0, "2003": 0, "2004": 1, "2005": 0, "2006": 0, "2007": 0, "2008": 0, "2009": 0, "2010": 0, "2011": 0, "2012": 2, "2013": 0, "2014": 1}, "old_citations": {"1997": 8}, "isVisible": false}, "2202076524": {"name": "james t c kaba", "type": "author", "activity": 16, "h_index": 8, "h5_index": 0, "mag_id": "2202076524", "num_publications": 1, "num_citations": 10, "num_publications_5y": 0, "num_citations_5y": 0, "num_publications_10y": 0, "num_citations_10y": 2, "publications_years": {"1993": 1}, "citations_years": {"1995": 3, "1996": 3, "1997": 1, "1998": 0, "1999": 1, "2000": 0, "2001": 0, "2002": 0, "2003": 0, "2004": 0, "2005": 0, "2006": 0, "2007": 0, "2008": 0, "2009": 1, "2010": 0, "2011": 1}, "old_citations": {"1993": 10}, "isVisible": false}, "2248009761": {"name": "craig gotsman", "type": "author", "activity": 26, "h_index": 39, "h5_index": 1, "mag_id": "2248009761", "num_publications": 1, "num_citations": 8, "num_publications_5y": 0, "num_citations_5y": 1, "num_publications_10y": 0, "num_citations_10y": 3, "publications_years": {"1997": 1}, "citations_years": {"2000": 2, "2001": 2, "2002": 0, "2003": 0, "2004": 1, "2005": 0, "2006": 0, "2007": 0, "2008": 0, "2009": 0, "2010": 0, "2011": 0, "2012": 2, "2013": 0, "2014": 1}, "old_citations": {"1997": 8}, "isVisible": false}, "2276732019": {"name": "brad vander zanden", "type": "author", "activity": 30, "h_index": 10, "h5_index": 1, "mag_id": "2276732019", "num_publications": 1, "num_citations": 0, "num_publications_5y": 0, "num_citations_5y": 0, "num_publications_10y": 0, "num_citations_10y": 0, "publications_years": {"1993": 1}, "citations_years": {}, "old_citations": {"1993": 0}, "isVisible": false}, "2284616829": {"name": "anselmo lastra", "type": "author", "activity": 25, "h_index": 28, "h5_index": 2, "mag_id": "2284616829", "num_publications": 1, "num_citations": 3, "num_publications_5y": 0, "num_citations_5y": 0, "num_publications_10y": 0, "num_citations_10y": 0, "publications_years": {"1995": 1}, "citations_years": {"2004": 3}, "old_citations": {"1995": 3}, "isVisible": false}, "2308610918": {"name": "vineet singh", "type": "author", "activity": 12, "h_index": 14, "h5_index": 0, "mag_id": "2308610918", "num_publications": 1, "num_citations": 33, "num_publications_5y": 0, "num_citations_5y": 0, "num_publications_10y": 0, "num_citations_10y": 4, "publications_years": {"1995": 1}, "citations_years": {"1996": 3, "1997": 5, "1998": 2, "1999": 6, "2000": 3, "2001": 2, "2002": 3, "2003": 2, "2004": 0, "2005": 2, "2006": 1, "2007": 0, "2008": 0, "2009": 1, "2010": 0, "2011": 1, "2012": 2}, "old_citations": {"1995": 33}, "isVisible": false}, "2427176490": {"name": "philippe lacroute", "type": "author", "activity": 2, "h_index": 2, "h5_index": 0, "mag_id": "2427176490", "num_publications": 1, "num_citations": 95, "num_publications_5y": 0, "num_citations_5y": 2, "num_publications_10y": 0, "num_citations_10y": 14, "publications_years": {"1995": 1}, "citations_years": {"1994": 1, "1995": 0, "1996": 8, "1997": 10, "1998": 8, "1999": 9, "2000": 9, "2001": 10, "2002": 9, "2003": 3, "2004": 7, "2005": 2, "2006": 2, "2007": 3, "2008": 0, "2009": 3, "2010": 4, "2011": 2, "2012": 2, "2013": 1, "2014": 0, "2015": 1, "2016": 1}, "old_citations": {"1995": 95}, "isVisible": false}, "2440198284": {"name": "j volkert", "type": "author", "activity": 1, "h_index": 1, "h5_index": 0, "mag_id": "2440198284", "num_publications": 1, "num_citations": 8, "num_publications_5y": 0, "num_citations_5y": 0, "num_publications_10y": 0, "num_citations_10y": 0, "publications_years": {"1995": 1}, "citations_years": {"1997": 3, "1998": 1, "1999": 3, "2000": 0, "2001": 0, "2002": 1}, "old_citations": {"1995": 8}, "isVisible": false}, "2476911366": {"name": "g c de verdiere", "type": "author", "activity": 1, "h_index": 0, "h5_index": 0, "mag_id": "2476911366", "num_publications": 1, "num_citations": 0, "num_publications_5y": 0, "num_citations_5y": 0, "num_publications_10y": 0, "num_citations_10y": 0, "publications_years": {"1995": 1}, "citations_years": {}, "old_citations": {"1995": 0}, "isVisible": false}, "2480014551": {"name": "samuel p uselton", "type": "author", "activity": 4, "h_index": 1, "h5_index": 0, "mag_id": "2480014551", "num_publications": 1, "num_citations": 0, "num_publications_5y": 0, "num_citations_5y": 0, "num_publications_10y": 0, "num_citations_10y": 0, "publications_years": {"1995": 1}, "citations_years": {}, "old_citations": {"1995": 0}, "isVisible": false}, "2484074748": {"name": "anton gunzinger", "type": "author", "activity": 11, "h_index": 2, "h5_index": 0, "mag_id": "2484074748", "num_publications": 1, "num_citations": 2, "num_publications_5y": 0, "num_citations_5y": 0, "num_publications_10y": 0, "num_citations_10y": 0, "publications_years": {"1995": 1}, "citations_years": {"1998": 1, "1999": 0, "2000": 0, "2001": 0, "2002": 1}, "old_citations": {"1995": 2}, "isVisible": false}, "2576874547": {"name": "carl mueller", "type": "author", "activity": 14, "h_index": 2, "h5_index": 0, "mag_id": "2576874547", "num_publications": 1, "num_citations": 24, "num_publications_5y": 0, "num_citations_5y": 1, "num_publications_10y": 0, "num_citations_10y": 6, "publications_years": {"1997": 1}, "citations_years": {"1998": 1, "1999": 1, "2000": 3, "2001": 4, "2002": 2, "2003": 1, "2004": 0, "2005": 0, "2006": 3, "2007": 0, "2008": 3, "2009": 3, "2010": 0, "2011": 2, "2012": 0, "2013": 0, "2014": 1}, "old_citations": {"1997": 24}, "isVisible": false}, "2611344481": {"name": "james tsaio", "type": "author", "activity": 1, "h_index": 1, "h5_index": 0, "mag_id": "2611344481", "num_publications": 1, "num_citations": 59, "num_publications_5y": 0, "num_citations_5y": 1, "num_publications_10y": 0, "num_citations_10y": 6, "publications_years": {"1997": 1}, "citations_years": {"1997": 1, "1998": 3, "1999": 4, "2000": 2, "2001": 2, "2002": 4, "2003": 2, "2004": 8, "2005": 2, "2006": 3, "2007": 19, "2008": 2, "2009": 2, "2010": 2, "2011": 0, "2012": 0, "2013": 1, "2014": 1, "2015": 0, "2016": 0, "2017": 0, "2018": 0, "2019": 1}, "old_citations": {"1997": 59}, "isVisible": false}, "2620500951": {"name": "j n nicholas", "type": "author", "activity": 1, "h_index": 1, "h5_index": 0, "mag_id": "2620500951", "num_publications": 1, "num_citations": 10, "num_publications_5y": 0, "num_citations_5y": 0, "num_publications_10y": 0, "num_citations_10y": 1, "publications_years": {"1995": 1}, "citations_years": {"1996": 2, "1997": 0, "1998": 1, "1999": 1, "2000": 0, "2001": 3, "2002": 1, "2003": 0, "2004": 0, "2005": 0, "2006": 0, "2007": 1, "2008": 0, "2009": 0, "2010": 0, "2011": 1}, "old_citations": {"1995": 10}, "isVisible": false}, "2630501512": {"name": "ananth grama", "type": "author", "activity": 1, "h_index": 1, "h5_index": 0, "mag_id": "2630501512", "num_publications": 1, "num_citations": 33, "num_publications_5y": 0, "num_citations_5y": 0, "num_publications_10y": 0, "num_citations_10y": 4, "publications_years": {"1995": 1}, "citations_years": {"1996": 3, "1997": 5, "1998": 2, "1999": 6, "2000": 3, "2001": 2, "2002": 3, "2003": 2, "2004": 0, "2005": 2, "2006": 1, "2007": 0, "2008": 0, "2009": 1, "2010": 0, "2011": 1, "2012": 2}, "old_citations": {"1995": 33}, "isVisible": false}, "2630553744": {"name": "tadao nakamura", "type": "author", "activity": 12, "h_index": 2, "h5_index": 0, "mag_id": "2630553744", "num_publications": 1, "num_citations": 25, "num_publications_5y": 0, "num_citations_5y": 0, "num_publications_10y": 0, "num_citations_10y": 1, "publications_years": {"1997": 1}, "citations_years": {"1999": 3, "2000": 3, "2001": 5, "2002": 4, "2003": 4, "2004": 2, "2005": 2, "2006": 0, "2007": 1, "2008": 0, "2009": 0, "2010": 1}, "old_citations": {"1997": 25}, "isVisible": false}, "2638550777": {"name": "william m hsu", "type": "author", "activity": 1, "h_index": 1, "h5_index": 0, "mag_id": "2638550777", "num_publications": 1, "num_citations": 156, "num_publications_5y": 0, "num_citations_5y": 16, "num_publications_10y": 0, "num_citations_10y": 51, "publications_years": {"1993": 1}, "citations_years": {"1994": 8, "1995": 10, "1996": 3, "1997": 8, "1998": 3, "1999": 3, "2000": 5, "2001": 7, "2002": 7, "2003": 9, "2004": 12, "2005": 7, "2006": 5, "2007": 9, "2008": 6, "2009": 6, "2010": 7, "2011": 6, "2012": 14, "2013": 2, "2014": 3, "2015": 3, "2016": 4, "2017": 4, "2018": 2, "2019": 2, "2020": 1}, "old_citations": {"1993": 156}, "isVisible": false}, "2639824856": {"name": "minesh b amin", "type": "author", "activity": 2, "h_index": 2, "h5_index": 0, "mag_id": "2639824856", "num_publications": 1, "num_citations": 33, "num_publications_5y": 0, "num_citations_5y": 0, "num_publications_10y": 0, "num_citations_10y": 4, "publications_years": {"1995": 1}, "citations_years": {"1996": 3, "1997": 5, "1998": 2, "1999": 6, "2000": 3, "2001": 2, "2002": 3, "2003": 2, "2004": 0, "2005": 2, "2006": 1, "2007": 0, "2008": 0, "2009": 1, "2010": 0, "2011": 1, "2012": 2}, "old_citations": {"1995": 33}, "isVisible": false}, "2642079511": {"name": "n england", "type": "author", "activity": 1, "h_index": 0, "h5_index": 0, "mag_id": "2642079511", "num_publications": 1, "num_citations": 0, "num_publications_5y": 0, "num_citations_5y": 0, "num_publications_10y": 0, "num_citations_10y": 0, "publications_years": {"1997": 1}, "citations_years": {}, "old_citations": {"1997": 0}, "isVisible": false}, "2647599793": {"name": "f crow", "type": "author", "activity": 1, "h_index": 0, "h5_index": 0, "mag_id": "2647599793", "num_publications": 1, "num_citations": 0, "num_publications_5y": 0, "num_citations_5y": 0, "num_publications_10y": 0, "num_citations_10y": 0, "publications_years": {"1997": 1}, "citations_years": {}, "old_citations": {"1997": 0}, "isVisible": false}, "2648287946": {"name": "w sturzlinger", "type": "author", "activity": 1, "h_index": 1, "h5_index": 0, "mag_id": "2648287946", "num_publications": 1, "num_citations": 8, "num_publications_5y": 0, "num_citations_5y": 0, "num_publications_10y": 0, "num_citations_10y": 0, "publications_years": {"1995": 1}, "citations_years": {"1997": 3, "1998": 1, "1999": 3, "2000": 0, "2001": 0, "2002": 1}, "old_citations": {"1995": 8}, "isVisible": false}, "2656749736": {"name": "bin wei", "type": "author", "activity": 4, "h_index": 3, "h5_index": 0, "mag_id": "2656749736", "num_publications": 1, "num_citations": 7, "num_publications_5y": 0, "num_citations_5y": 0, "num_publications_10y": 0, "num_citations_10y": 0, "publications_years": {"1995": 1}, "citations_years": {"1996": 1, "1997": 3, "1998": 1, "1999": 0, "2000": 0, "2001": 0, "2002": 0, "2003": 2}, "old_citations": {"1995": 7}, "isVisible": false}, "2664394130": {"name": "shinine yang", "type": "author", "activity": 1, "h_index": 1, "h5_index": 0, "mag_id": "2664394130", "num_publications": 1, "num_citations": 37, "num_publications_5y": 0, "num_citations_5y": 11, "num_publications_10y": 0, "num_citations_10y": 16, "publications_years": {"1997": 1}, "citations_years": {"1998": 1, "1999": 0, "2000": 3, "2001": 0, "2002": 2, "2003": 2, "2004": 1, "2005": 4, "2006": 3, "2007": 2, "2008": 1, "2009": 1, "2010": 2, "2011": 0, "2012": 1, "2013": 1, "2014": 1, "2015": 4, "2016": 3, "2017": 2, "2018": 1, "2019": 2}, "old_citations": {"1997": 37}, "isVisible": false}, "2665783841": {"name": "wilfrid lefer", "type": "author", "activity": 1, "h_index": 1, "h5_index": 0, "mag_id": "2665783841", "num_publications": 1, "num_citations": 24, "num_publications_5y": 0, "num_citations_5y": 2, "num_publications_10y": 0, "num_citations_10y": 10, "publications_years": {"1993": 1}, "citations_years": {"1994": 1, "1995": 1, "1996": 1, "1997": 2, "1998": 1, "1999": 1, "2000": 0, "2001": 2, "2002": 2, "2003": 0, "2004": 0, "2005": 0, "2006": 0, "2007": 3, "2008": 0, "2009": 3, "2010": 0, "2011": 0, "2012": 5, "2013": 0, "2014": 1, "2015": 0, "2016": 0, "2017": 1}, "old_citations": {"1993": 24}, "isVisible": false}, "2694710816": {"name": "indranil chakravarty", "type": "author", "activity": 1, "h_index": 1, "h5_index": 0, "mag_id": "2694710816", "num_publications": 1, "num_citations": 21, "num_publications_5y": 0, "num_citations_5y": 1, "num_publications_10y": 0, "num_citations_10y": 3, "publications_years": {"1993": 1}, "citations_years": {"1994": 3, "1995": 5, "1996": 0, "1997": 2, "1998": 1, "1999": 1, "2000": 0, "2001": 2, "2002": 0, "2003": 3, "2004": 0, "2005": 0, "2006": 0, "2007": 1, "2008": 0, "2009": 0, "2010": 1, "2011": 0, "2012": 1, "2013": 0, "2014": 1}, "old_citations": {"1993": 21}, "isVisible": false}, "2700748492": {"name": "roberto mendoza", "type": "author", "activity": 1, "h_index": 1, "h5_index": 0, "mag_id": "2700748492", "num_publications": 1, "num_citations": 59, "num_publications_5y": 0, "num_citations_5y": 1, "num_publications_10y": 0, "num_citations_10y": 6, "publications_years": {"1997": 1}, "citations_years": {"1997": 1, "1998": 3, "1999": 4, "2000": 2, "2001": 2, "2002": 4, "2003": 2, "2004": 8, "2005": 2, "2006": 3, "2007": 19, "2008": 2, "2009": 2, "2010": 2, "2011": 0, "2012": 0, "2013": 1, "2014": 1, "2015": 0, "2016": 0, "2017": 0, "2018": 0, "2019": 1}, "old_citations": {"1997": 59}, "isVisible": false}, "2708871085": {"name": "brian totty", "type": "author", "activity": 3, "h_index": 2, "h5_index": 0, "mag_id": "2708871085", "num_publications": 1, "num_citations": 11, "num_publications_5y": 0, "num_citations_5y": 0, "num_publications_10y": 0, "num_citations_10y": 1, "publications_years": {"1997": 1}, "citations_years": {"1998": 1, "1999": 2, "2000": 1, "2001": 3, "2002": 1, "2003": 0, "2004": 1, "2005": 0, "2006": 0, "2007": 0, "2008": 1, "2009": 0, "2010": 0, "2011": 1}, "old_citations": {"1997": 11}, "isVisible": false}, "2712085515": {"name": "robert garmann", "type": "author", "activity": 1, "h_index": 1, "h5_index": 0, "mag_id": "2712085515", "num_publications": 1, "num_citations": 5, "num_publications_5y": 0, "num_citations_5y": 0, "num_publications_10y": 0, "num_citations_10y": 1, "publications_years": {"1997": 1}, "citations_years": {"1999": 1, "2000": 2, "2001": 1, "2002": 0, "2003": 0, "2004": 0, "2005": 0, "2006": 0, "2007": 0, "2008": 0, "2009": 1}, "old_citations": {"1997": 5}, "isVisible": false}, "2717127875": {"name": "g schaufler", "type": "author", "activity": 1, "h_index": 1, "h5_index": 0, "mag_id": "2717127875", "num_publications": 1, "num_citations": 8, "num_publications_5y": 0, "num_citations_5y": 0, "num_publications_10y": 0, "num_citations_10y": 0, "publications_years": {"1995": 1}, "citations_years": {"1997": 3, "1998": 1, "1999": 3, "2000": 0, "2001": 0, "2002": 1}, "old_citations": {"1995": 8}, "isVisible": false}, "2719386608": {"name": "emilio camahort", "type": "author", "activity": 1, "h_index": 1, "h5_index": 0, "mag_id": "2719386608", "num_publications": 1, "num_citations": 21, "num_publications_5y": 0, "num_citations_5y": 1, "num_publications_10y": 0, "num_citations_10y": 3, "publications_years": {"1993": 1}, "citations_years": {"1994": 3, "1995": 5, "1996": 0, "1997": 2, "1998": 1, "1999": 1, "2000": 0, "2001": 2, "2002": 0, "2003": 3, "2004": 0, "2005": 0, "2006": 0, "2007": 1, "2008": 0, "2009": 0, "2010": 1, "2011": 0, "2012": 1, "2013": 0, "2014": 1}, "old_citations": {"1993": 21}, "isVisible": false}, "2719425942": {"name": "jim richard", "type": "author", "activity": 1, "h_index": 1, "h5_index": 0, "mag_id": "2719425942", "num_publications": 1, "num_citations": 4, "num_publications_5y": 0, "num_citations_5y": 0, "num_publications_10y": 0, "num_citations_10y": 0, "publications_years": {"1997": 1}, "citations_years": {"1998": 1, "1999": 0, "2000": 1, "2001": 0, "2002": 1, "2003": 0, "2004": 0, "2005": 0, "2006": 1}, "old_citations": {"1997": 4}, "isVisible": false}, "2754722827": {"name": "steven molnar", "type": "author", "activity": 18, "h_index": 12, "h5_index": 0, "mag_id": "2754722827", "num_publications": 1, "num_citations": 3, "num_publications_5y": 0, "num_citations_5y": 0, "num_publications_10y": 0, "num_citations_10y": 0, "publications_years": {"1995": 1}, "citations_years": {"2004": 3}, "old_citations": {"1995": 3}, "isVisible": false}, "2769408378": {"name": "gilles subrenat", "type": "author", "activity": 1, "h_index": 1, "h5_index": 0, "mag_id": "2769408378", "num_publications": 1, "num_citations": 12, "num_publications_5y": 0, "num_citations_5y": 0, "num_publications_10y": 0, "num_citations_10y": 0, "publications_years": {"1995": 1}, "citations_years": {"1996": 1, "1997": 1, "1998": 3, "1999": 2, "2000": 2, "2001": 0, "2002": 1, "2003": 0, "2004": 0, "2005": 0, "2006": 2}, "old_citations": {"1995": 12}, "isVisible": false}, "2777087907": {"name": "martin l brady", "type": "author", "activity": 5, "h_index": 3, "h5_index": 0, "mag_id": "2777087907", "num_publications": 1, "num_citations": 7, "num_publications_5y": 0, "num_citations_5y": 0, "num_publications_10y": 0, "num_citations_10y": 0, "publications_years": {"1993": 1}, "citations_years": {"1992": 1, "1993": 0, "1994": 2, "1995": 1, "1996": 0, "1997": 0, "1998": 0, "1999": 2, "2000": 0, "2001": 0, "2002": 1}, "old_citations": {"1993": 7}, "isVisible": false}, "2788372060": {"name": "peter kohler", "type": "author", "activity": 4, "h_index": 2, "h5_index": 0, "mag_id": "2788372060", "num_publications": 1, "num_citations": 2, "num_publications_5y": 0, "num_citations_5y": 0, "num_publications_10y": 0, "num_citations_10y": 0, "publications_years": {"1995": 1}, "citations_years": {"1998": 1, "1999": 0, "2000": 0, "2001": 0, "2002": 1}, "old_citations": {"1995": 2}, "isVisible": false}, "2788619078": {"name": "bernhard baumle", "type": "author", "activity": 4, "h_index": 2, "h5_index": 0, "mag_id": "2788619078", "num_publications": 1, "num_citations": 2, "num_publications_5y": 0, "num_citations_5y": 0, "num_publications_10y": 0, "num_citations_10y": 0, "publications_years": {"1995": 1}, "citations_years": {"1998": 1, "1999": 0, "2000": 0, "2001": 0, "2002": 1}, "old_citations": {"1995": 2}, "isVisible": false}, "2797814394": {"name": "pascal guitton", "type": "author", "activity": 2, "h_index": 2, "h5_index": 0, "mag_id": "2797814394", "num_publications": 1, "num_citations": 12, "num_publications_5y": 0, "num_citations_5y": 0, "num_publications_10y": 0, "num_citations_10y": 0, "publications_years": {"1995": 1}, "citations_years": {"1996": 1, "1997": 1, "1998": 3, "1999": 2, "2000": 2, "2001": 0, "2002": 1, "2003": 0, "2004": 0, "2005": 0, "2006": 2}, "old_citations": {"1995": 12}, "isVisible": false}, "2913134116": {"name": "kwaliu ma", "type": "author", "activity": 1, "h_index": 1, "h5_index": 0, "mag_id": "2913134116", "num_publications": 1, "num_citations": 2, "num_publications_5y": 0, "num_citations_5y": 0, "num_publications_10y": 0, "num_citations_10y": 1, "publications_years": {"1997": 1}, "citations_years": {"2008": 1, "2009": 0, "2010": 1}, "old_citations": {"1997": 2}, "isVisible": false}, "2925076046": {"name": "bruno arnaldi", "type": "author", "activity": 19, "h_index": 16, "h5_index": 0, "mag_id": "2925076046", "num_publications": 1, "num_citations": 22, "num_publications_5y": 0, "num_citations_5y": 0, "num_publications_10y": 0, "num_citations_10y": 0, "publications_years": {"1997": 1}, "citations_years": {"1998": 5, "1999": 4, "2000": 2, "2001": 0, "2002": 3, "2003": 0, "2004": 1, "2005": 4, "2006": 2, "2007": 0, "2008": 1}, "old_citations": {"1997": 22}, "isVisible": false}, "2973823071": {"name": "william h duquette", "type": "author", "activity": 1, "h_index": 1, "h5_index": 0, "mag_id": "2973823071", "num_publications": 1, "num_citations": 6, "num_publications_5y": 0, "num_citations_5y": 0, "num_publications_10y": 0, "num_citations_10y": 0, "publications_years": {"1995": 1}, "citations_years": {"1995": 1, "1996": 3, "1997": 0, "1998": 0, "1999": 0, "2000": 0, "2001": 0, "2002": 1, "2003": 0, "2004": 1}, "old_citations": {"1995": 6}, "isVisible": false}, "2974016050": {"name": "jean roman", "type": "author", "activity": 5, "h_index": 3, "h5_index": 0, "mag_id": "2974016050", "num_publications": 1, "num_citations": 12, "num_publications_5y": 0, "num_citations_5y": 0, "num_publications_10y": 0, "num_citations_10y": 0, "publications_years": {"1995": 1}, "citations_years": {"1996": 1, "1997": 1, "1998": 3, "1999": 2, "2000": 2, "2001": 0, "2002": 1, "2003": 0, "2004": 0, "2005": 0, "2006": 2}, "old_citations": {"1995": 12}, "isVisible": false}, "2983124149": {"name": "joseph peters", "type": "author", "activity": 1, "h_index": 1, "h5_index": 0, "mag_id": "2983124149", "num_publications": 1, "num_citations": 10, "num_publications_5y": 0, "num_citations_5y": 0, "num_publications_10y": 0, "num_citations_10y": 2, "publications_years": {"1993": 1}, "citations_years": {"1995": 3, "1996": 3, "1997": 1, "1998": 0, "1999": 1, "2000": 0, "2001": 0, "2002": 0, "2003": 0, "2004": 0, "2005": 0, "2006": 0, "2007": 0, "2008": 0, "2009": 1, "2010": 0, "2011": 1}, "old_citations": {"1993": 10}, "isVisible": false}, "2989156049": {"name": "stephen taylor", "type": "author", "activity": 10, "h_index": 8, "h5_index": 0, "mag_id": "2989156049", "num_publications": 1, "num_citations": 11, "num_publications_5y": 0, "num_citations_5y": 0, "num_publications_10y": 0, "num_citations_10y": 1, "publications_years": {"1997": 1}, "citations_years": {"1998": 1, "1999": 2, "2000": 1, "2001": 3, "2002": 1, "2003": 0, "2004": 1, "2005": 0, "2006": 0, "2007": 0, "2008": 1, "2009": 0, "2010": 0, "2011": 1}, "old_citations": {"1997": 11}, "isVisible": false}}, "countries": {"United States": {"name": "United States", "type": "country", "h5_index": 308, "num_publications": 27, "num_citations": 793, "num_publications_5y": 0, "num_citations_5y": 49, "num_publications_10y": 0, "num_citations_10y": 157, "publications_years": {"1997": 8, "1995": 8, "1993": 11}, "citations_years": {"2008": 17, "2009": 29, "2010": 22, "1996": 46, "1997": 55, "1998": 39, "1999": 46, "2000": 43, "2001": 72, "2002": 45, "2003": 39, "2004": 52, "2005": 34, "2006": 23, "2007": 48, "2011": 28, "2012": 23, "2013": 6, "2014": 13, "2015": 13, "2016": 12, "2017": 6, "2018": 5, "2019": 6, "1994": 33, "1995": 33, "2020": 1, "1993": 3, "1992": 1}, "old_citations": {"1997": 213, "1995": 229, "1993": 351}, "isVisible": false}, "Australia": {"name": "Australia", "type": "country", "h5_index": 141, "num_publications": 2, "num_citations": 37, "num_publications_5y": 0, "num_citations_5y": 4, "num_publications_10y": 0, "num_citations_10y": 9, "publications_years": {"1997": 1, "1993": 1}, "citations_years": {"2011": 4, "2012": 1, "2013": 0, "2014": 2, "1993": 1, "1994": 2, "1995": 7, "1996": 5, "1997": 3, "1998": 0, "1999": 2, "2000": 2, "2001": 1, "2002": 2, "2003": 1, "2004": 0, "2005": 2, "2006": 0, "2007": 0, "2008": 0, "2009": 0, "2010": 0, "2015": 0, "2016": 2}, "old_citations": {"1997": 2, "1993": 35}, "isVisible": false}, "France": {"name": "France", "type": "country", "h5_index": 99, "num_publications": 1, "num_citations": 22, "num_publications_5y": 0, "num_citations_5y": 0, "num_publications_10y": 0, "num_citations_10y": 0, "publications_years": {"1997": 1}, "citations_years": {"1998": 5, "1999": 4, "2000": 2, "2001": 0, "2002": 3, "2003": 0, "2004": 1, "2005": 4, "2006": 2, "2007": 0, "2008": 1}, "old_citations": {"1997": 22}, "isVisible": false}, "Israel": {"name": "Israel", "type": "country", "h5_index": 110, "num_publications": 1, "num_citations": 8, "num_publications_5y": 0, "num_citations_5y": 1, "num_publications_10y": 0, "num_citations_10y": 3, "publications_years": {"1997": 1}, "citations_years": {"2000": 2, "2001": 2, "2002": 0, "2003": 0, "2004": 1, "2005": 0, "2006": 0, "2007": 0, "2008": 0, "2009": 0, "2010": 0, "2011": 0, "2012": 2, "2013": 0, "2014": 1}, "old_citations": {"1997": 8}, "isVisible": false}, "Japan": {"name": "Japan", "type": "country", "h5_index": 94, "num_publications": 1, "num_citations": 25, "num_publications_5y": 0, "num_citations_5y": 0, "num_publications_10y": 0, "num_citations_10y": 1, "publications_years": {"1997": 1}, "citations_years": {"1999": 3, "2000": 3, "2001": 5, "2002": 4, "2003": 4, "2004": 2, "2005": 2, "2006": 0, "2007": 1, "2008": 0, "2009": 0, "2010": 1}, "old_citations": {"1997": 25}, "isVisible": false}, "Switzerland": {"name": "Switzerland", "type": "country", "h5_index": 102, "num_publications": 1, "num_citations": 2, "num_publications_5y": 0, "num_citations_5y": 0, "num_publications_10y": 0, "num_citations_10y": 0, "publications_years": {"1995": 1}, "citations_years": {"1998": 1, "1999": 0, "2000": 0, "2001": 0, "2002": 1}, "old_citations": {"1995": 2}, "isVisible": false}, "Taiwan": {"name": "Taiwan", "type": "country", "h5_index": 69, "num_publications": 1, "num_citations": 37, "num_publications_5y": 0, "num_citations_5y": 11, "num_publications_10y": 0, "num_citations_10y": 16, "publications_years": {"1997": 1}, "citations_years": {"1998": 1, "1999": 0, "2000": 3, "2001": 0, "2002": 2, "2003": 2, "2004": 1, "2005": 4, "2006": 3, "2007": 2, "2008": 1, "2009": 1, "2010": 2, "2011": 0, "2012": 1, "2013": 1, "2014": 1, "2015": 4, "2016": 3, "2017": 2, "2018": 1, "2019": 2}, "old_citations": {"1997": 37}, "isVisible": false}, "Turkey": {"name": "Turkey", "type": "country", "h5_index": 56, "num_publications": 1, "num_citations": 6, "num_publications_5y": 0, "num_citations_5y": 0, "num_publications_10y": 0, "num_citations_10y": 0, "publications_years": {"1993": 1}, "citations_years": {"1995": 3, "1996": 1, "1997": 2}, "old_citations": {"1993": 6}, "isVisible": false}}, "industrial_sectors": {"computing_and_it": {"name": "computing_and_it", "type": "industrial sector", "h5_index": 221, "num_publications": 1, "num_citations": 33, "num_publications_5y": 0, "num_citations_5y": 0, "num_publications_10y": 0, "num_citations_10y": 4, "publications_years": {"1995": 1}, "citations_years": {"1996": 3, "1997": 5, "1998": 2, "1999": 6, "2000": 3, "2001": 2, "2002": 3, "2003": 2, "2004": 0, "2005": 2, "2006": 1, "2007": 0, "2008": 0, "2009": 1, "2010": 0, "2011": 1, "2012": 2}, "old_citations": {"1995": 33}, "isVisible": false}, "technology": {"name": "technology", "type": "industrial sector", "h5_index": 229, "num_publications": 1, "num_citations": 33, "num_publications_5y": 0, "num_citations_5y": 0, "num_publications_10y": 0, "num_citations_10y": 4, "publications_years": {"1995": 1}, "citations_years": {"1996": 3, "1997": 5, "1998": 2, "1999": 6, "2000": 3, "2001": 2, "2002": 3, "2003": 2, "2004": 0, "2005": 2, "2006": 1, "2007": 0, "2008": 0, "2009": 1, "2010": 0, "2011": 1, "2012": 2}, "old_citations": {"1995": 33}, "isVisible": false}}}, "conference_comparison": {"computer science": {}}, "topics_dna": {"publications": {}, "citations": {"normalized": {}, "average": {}}}, "info": {"num_publications": 45, "num_citations": 1160.0, "impact_factor": {"1995": 3.5294117647058822, "1996": 1.8571428571428572, "1997": 2.4285714285714284}, "publications_years": {"1993": 17, "1995": 14, "1997": 14}, "citations_years": {"1992": 1, "1993": 4, "1994": 47, "1995": 62, "1996": 63, "1997": 78, "1998": 57, "1999": 65, "2000": 62, "2001": 92, "2002": 65, "2003": 54, "2004": 68, "2005": 52, "2006": 35, "2007": 64, "2008": 26, "2009": 41, "2010": 32, "2011": 40, "2012": 47, "2013": 9, "2014": 22, "2015": 20, "2016": 21, "2017": 13, "2018": 8, "2019": 10, "2020": 2}, "old_citations": {"1993": 603, "1995": 270, "1997": 287}, "h5_index": 0}, "percentile": {"computer science": {"1993": 98, "1995": 96, "1997": 95}}, "conference_ranking": {"computer science": {"1993": 63, "1995": 153, "1997": 174}}, "academia": {"num_publications": 20, "num_citations": 450, "publications_years": {"1993": 9, "1994": 0, "1995": 3, "1996": 0, "1997": 8}, "old_citations": {"1993": 222, "1994": 0, "1995": 117, "1996": 0, "1997": 111}, "num_publications_5y": 0, "num_citations_5y": 0, "num_publications_10y": 0, "num_citations_10y": 0}, "industry": {"num_publications": 1, "num_citations": 33, "publications_years": {"1995": 1}, "old_citations": {"1995": 33}, "num_publications_5y": 0, "num_citations_5y": 0, "num_publications_10y": 0, "num_citations_10y": 0}, "collaborative": {"num_publications": 0, "num_citations": 0, "publications_years": {}, "old_citations": {}, "num_publications_5y": 0, "num_citations_5y": 0, "num_publications_10y": 0, "num_citations_10y": 0}, "conferences": {}, "journals": {}, "organizations": {"publication_overall": ["Stanford University", "University of North Carolina at Chapel Hill", "Langley Research Center", "Princeton University", "Australian National University", "Jet Propulsion Lab", "Los Alamos National Laboratory", "University of California, Santa Cruz", "Ames Research Center", "Bilkent University", "Cornell University", "French Institute for Research in Computer Science and Automation", "Georgia Institute of Technology", "Hewlett-Packard (United States)", "Lawrence Livermore National Laboratory", "National Tsing Hua University", "Pennsylvania State University", "Syracuse University", "Technion \u2013 Israel Institute of Technology", "Tohoku University", "University of Tennessee at Knoxville", "University of Virginia", "University of Washington", "\u00c9cole Polytechnique F\u00e9d\u00e9rale de Lausanne"], "citation_overall": ["Langley Research Center", "Stanford University", "University of North Carolina at Chapel Hill", "Jet Propulsion Lab", "Australian National University", "National Tsing Hua University", "Princeton University", "University of California, Santa Cruz", "Hewlett-Packard (United States)", "Lawrence Livermore National Laboratory", "University of Washington", "Tohoku University", "French Institute for Research in Computer Science and Automation", "Cornell University", "Syracuse University", "Technion \u2013 Israel Institute of Technology", "Pennsylvania State University", "Bilkent University", "Los Alamos National Laboratory", "\u00c9cole Polytechnique F\u00e9d\u00e9rale de Lausanne", "Ames Research Center", "Georgia Institute of Technology", "University of Tennessee at Knoxville", "University of Virginia"], "publication_10_years": [], "citation_10_years": [], "publication_5_years": [], "citation_5_years": []}, "countries": {"publication_overall": ["United States", "Australia", "France", "Israel", "Japan", "Switzerland", "Taiwan", "Turkey"], "citation_overall": ["United States", "Australia", "Taiwan", "Japan", "France", "Israel", "Turkey", "Switzerland"], "publication_10_years": [], "citation_10_years": [], "publication_5_years": [], "citation_5_years": []}, "topics": {"publication_overall": ["computer science", "computer systems", "distributed computer systems", "distributed systems", "parallel processing systems", "computer hardware", "parallel algorithms", "microprocessor chips", "computer imaging and vision", "program processors", "parallel architectures", "computer programming", "multi core", "image processing", "computer networks", "embedded systems", "human computer interaction", "computer programming languages", "image analysis", "telecommunication systems"], "citation_overall": ["computer science", "computer systems", "distributed computer systems", "distributed systems", "parallel processing systems", "computer hardware", "microprocessor chips", "program processors", "parallel architectures", "parallel algorithms", "computer programming", "multi core", "computer networks", "computer imaging and vision", "computer programming languages", "embedded systems", "parallel programming", "communication", "mathematics", "image processing"], "publication_10_years": [], "citation_10_years": [], "publication_5_years": [], "citation_5_years": []}, "main_topics": ["computer science"], "authors": {"publication_overall": ["224969953", "1795195344", "2059591427", "2122423217", "2567821937", "88300806", "1724258709", "2083428524", "2225733586", "2295168294", "2298886649", "2674707169", "2849385003", "28937385", "150122416", "156302704", "234653941", "533106700", "674896738", "1595706662", "1890083705", "1970379083", "1997181476", "1998742316", "2013475279", "2025582004", "2032416059", "2046017758", "2096502860", "2103213634", "2107516595", "2113620782", "2115732777", "2123889396", "2126242708", "2135728993", "2137048488", "2139439197", "2140543344", "2157116051", "2166597129", "2169054666", "2170664621", "2171298838", "2177730716", "2193907057", "2195378657", "2202076524", "2248009761", "2276732019", "2284616829", "2308610918", "2427176490", "2440198284", "2476911366", "2480014551", "2484074748", "2576874547", "2611344481", "2620500951", "2630501512", "2630553744", "2638550777", "2639824856", "2642079511", "2647599793", "2648287946", "2656749736", "2664394130", "2665783841", "2694710816", "2700748492", "2708871085", "2712085515", "2717127875", "2719386608", "2719425942", "2754722827", "2769408378", "2777087907", "2788372060", "2788619078", "2797814394", "2913134116", "2925076046", "2973823071", "2974016050", "2983124149", "2989156049"], "citation_overall": ["2122423217", "2638550777", "224969953", "1795195344", "2059591427", "2295168294", "2427176490", "2567821937", "1890083705", "2849385003", "2611344481", "2700748492", "1724258709", "2083428524", "2169054666", "2664394130", "1997181476", "1595706662", "2225733586", "2308610918", "2630501512", "2639824856", "2137048488", "88300806", "2013475279", "2298886649", "2032416059", "2115732777", "2170664621", "2630553744", "2576874547", "2665783841", "533106700", "1998742316", "2096502860", "2925076046", "2694710816", "2719386608", "150122416", "674896738", "1970379083", "2103213634", "2046017758", "2769408378", "2797814394", "2974016050", "2113620782", "2708871085", "2989156049", "2107516595", "2123889396", "2202076524", "2620500951", "2983124149", "2674707169", "2135728993", "2195378657", "2248009761", "2440198284", "2648287946", "2717127875", "234653941", "2126242708", "2140543344", "2166597129", "2656749736", "2777087907", "28937385", "156302704", "2025582004", "2177730716", "2973823071", "2712085515", "2157116051", "2719425942", "2284616829", "2754722827", "2484074748", "2788372060", "2788619078", "2913134116", "2139439197", "2171298838", "2193907057", "2276732019", "2476911366", "2480014551", "2642079511", "2647599793"], "publication_10_years": [], "citation_10_years": [], "publication_5_years": [], "citation_5_years": []}, "industrial_sectors": {"publication_overall": ["computing_and_it", "technology"], "citation_overall": ["computing_and_it", "technology"], "publication_10_years": [], "citation_10_years": [], "publication_5_years": [], "citation_5_years": []}}