{"name": "International Conference on Curves and Surfaces", "acronym": "ICCS", "type": "conference", "uniqueEntities": {"organizations": {"University of Valencia": {"name": "University of Valencia", "type": "organization", "organization_type": "Education", "h_index": 61, "h5_index": 19, "num_publications": 2, "num_citations": 2, "num_publications_5y": 1, "num_citations_5y": 1, "num_publications_10y": 2, "num_citations_10y": 2, "publications_years": {"2014": 1, "2010": 1}, "citations_years": {"2012": 1, "2013": 0, "2014": 0, "2015": 0, "2016": 1}, "old_citations": {"2014": 0, "2010": 2}, "isVisible": false}, "Innsbruck Medical University": {"name": "Innsbruck Medical University", "type": "organization", "organization_type": "Education", "h_index": 17, "h5_index": 7, "num_publications": 1, "num_citations": 1, "num_publications_5y": 1, "num_citations_5y": 0, "num_publications_10y": 1, "num_citations_10y": 0, "publications_years": {"2014": 1}, "citations_years": {"2019": 1}, "old_citations": {"2014": 1}, "isVisible": false}, "Johannes Kepler University of Linz": {"name": "Johannes Kepler University of Linz", "type": "organization", "organization_type": "Education", "h_index": 74, "h5_index": 29, "num_publications": 1, "num_citations": 5, "num_publications_5y": 0, "num_citations_5y": 2, "num_publications_10y": 1, "num_citations_10y": 5, "publications_years": {"2010": 1}, "citations_years": {"2012": 3, "2013": 0, "2014": 0, "2015": 1, "2016": 0, "2017": 1}, "old_citations": {"2010": 5}, "isVisible": false}, "MTU Aero Engines (Germany)": {"name": "MTU Aero Engines (Germany)", "type": "organization", "organization_type": "Company", "h_index": 7, "h5_index": 2, "num_publications": 1, "num_citations": 5, "num_publications_5y": 0, "num_citations_5y": 2, "num_publications_10y": 1, "num_citations_10y": 5, "publications_years": {"2010": 1}, "citations_years": {"2012": 3, "2013": 0, "2014": 0, "2015": 1, "2016": 0, "2017": 1}, "old_citations": {"2010": 5}, "isVisible": false}, "RWTH Aachen University": {"name": "RWTH Aachen University", "type": "organization", "organization_type": "Education", "h_index": 144, "h5_index": 43, "num_publications": 1, "num_citations": 45, "num_publications_5y": 0, "num_citations_5y": 25, "num_publications_10y": 1, "num_citations_10y": 37, "publications_years": {"2010": 1}, "citations_years": {"2012": 5, "2013": 7, "2014": 4, "2015": 2, "2016": 8, "2017": 6, "2018": 5, "2019": 8}, "old_citations": {"2010": 45}, "isVisible": false}, "Technion \u2013 Israel Institute of Technology": {"name": "Technion \u2013 Israel Institute of Technology", "type": "organization", "organization_type": "Education", "h_index": 195, "h5_index": 42, "num_publications": 1, "num_citations": 1027, "num_publications_5y": 0, "num_citations_5y": 667, "num_publications_10y": 1, "num_citations_10y": 723, "publications_years": {"2010": 1}, "citations_years": {"2011": 5, "2012": 19, "2013": 32, "2014": 63, "2015": 96, "2016": 141, "2017": 169, "2018": 198, "2019": 242, "2020": 62}, "old_citations": {"2010": 1027}, "isVisible": false}, "Tel Aviv University": {"name": "Tel Aviv University", "type": "organization", "organization_type": "Education", "h_index": 157, "h5_index": 44, "num_publications": 1, "num_citations": 0, "num_publications_5y": 1, "num_citations_5y": 0, "num_publications_10y": 1, "num_citations_10y": 0, "publications_years": {"2014": 1}, "citations_years": {}, "old_citations": {"2014": 0}, "isVisible": false}, "University of Calgary": {"name": "University of Calgary", "type": "organization", "organization_type": "Education", "h_index": 134, "h5_index": 27, "num_publications": 1, "num_citations": 4, "num_publications_5y": 1, "num_citations_5y": 3, "num_publications_10y": 1, "num_citations_10y": 3, "publications_years": {"2014": 1}, "citations_years": {"2015": 1, "2016": 2, "2017": 0, "2018": 0, "2019": 1}, "old_citations": {"2014": 4}, "isVisible": false}, "University of California System": {"name": "University of California System", "type": "organization", "organization_type": "Education", "h_index": 134, "h5_index": 52, "num_publications": 1, "num_citations": 1, "num_publications_5y": 1, "num_citations_5y": 1, "num_publications_10y": 1, "num_citations_10y": 1, "publications_years": {"2014": 1}, "citations_years": {"2018": 1}, "old_citations": {"2014": 1}, "isVisible": false}, "University of Stuttgart": {"name": "University of Stuttgart", "type": "organization", "organization_type": "Education", "h_index": 113, "h5_index": 32, "num_publications": 1, "num_citations": 10, "num_publications_5y": 1, "num_citations_5y": 6, "num_publications_10y": 1, "num_citations_10y": 6, "publications_years": {"2014": 1}, "citations_years": {"2015": 1, "2016": 2, "2017": 1, "2018": 2, "2019": 3, "2020": 1}, "old_citations": {"2014": 10}, "isVisible": false}, "University of Turin": {"name": "University of Turin", "type": "organization", "organization_type": "Education", "h_index": 71, "h5_index": 26, "num_publications": 1, "num_citations": 1, "num_publications_5y": 1, "num_citations_5y": 0, "num_publications_10y": 1, "num_citations_10y": 0, "publications_years": {"2014": 1}, "citations_years": {"2019": 1}, "old_citations": {"2014": 1}, "isVisible": false}, "\u00c9cole Normale Sup\u00e9rieure": {"name": "\u00c9cole Normale Sup\u00e9rieure", "type": "organization", "organization_type": "Other", "h_index": 189, "h5_index": 38, "num_publications": 1, "num_citations": 0, "num_publications_5y": 1, "num_citations_5y": 0, "num_publications_10y": 1, "num_citations_10y": 0, "publications_years": {"2014": 1}, "citations_years": {}, "old_citations": {"2014": 0}, "isVisible": false}, "\u00c9cole Polytechnique F\u00e9d\u00e9rale de Lausanne": {"name": "\u00c9cole Polytechnique F\u00e9d\u00e9rale de Lausanne", "type": "organization", "organization_type": "Facility", "h_index": 216, "h5_index": 61, "num_publications": 1, "num_citations": 0, "num_publications_5y": 1, "num_citations_5y": 0, "num_publications_10y": 1, "num_citations_10y": 0, "publications_years": {"2014": 1}, "citations_years": {}, "old_citations": {"2014": 0}, "isVisible": false}}, "topics": {"computer science": {"name": "computer science", "type": "topic", "h_index": 1779, "h5_index": 416, "num_publications": 36, "num_citations": 1205, "num_publications_5y": 9, "num_citations_5y": 721, "num_publications_10y": 13, "num_citations_10y": 815, "publications_years": {"2010": 4, "2014": 9, "1994": 20, "2007": 2, "1993": 1}, "citations_years": {"2012": 32, "2013": 41, "2014": 71, "2015": 104, "2016": 155, "2017": 180, "2018": 211, "2019": 257, "2011": 9, "2020": 64, "2008": 5, "2009": 6, "2010": 6, "2007": 8, "1995": 7, "1996": 5, "1997": 10, "1998": 3, "1999": 1, "2000": 2, "2001": 4, "2002": 3, "2003": 4, "2004": 3, "2005": 7, "2006": 4, "1994": 2, "1993": 1}, "old_citations": {"2010": 1079, "2014": 21, "1994": 79, "2007": 25, "1993": 1}, "isVisible": false}, "computer imaging and vision": {"name": "computer imaging and vision", "type": "topic", "h_index": 1142, "h5_index": 334, "num_publications": 24, "num_citations": 1113, "num_publications_5y": 8, "num_citations_5y": 689, "num_publications_10y": 11, "num_citations_10y": 764, "publications_years": {"2010": 3, "2014": 8, "2007": 1, "1994": 12}, "citations_years": {"2012": 25, "2013": 34, "2014": 67, "2015": 100, "2016": 145, "2017": 173, "2018": 204, "2019": 246, "2011": 7, "2020": 63, "2007": 4, "2008": 4, "2009": 4, "2010": 5, "1995": 5, "1996": 3, "1997": 4, "1998": 2, "1999": 0, "2000": 2, "2001": 1, "2002": 1, "2003": 4, "2004": 1, "2005": 5, "2006": 1, "1994": 2, "1993": 1}, "old_citations": {"2010": 1034, "2014": 11, "2007": 23, "1994": 45}, "isVisible": false}, "mathematics": {"name": "mathematics", "type": "topic", "h_index": 1364, "h5_index": 300, "num_publications": 24, "num_citations": 1127, "num_publications_5y": 7, "num_citations_5y": 693, "num_publications_10y": 10, "num_citations_10y": 769, "publications_years": {"2010": 3, "2014": 7, "1994": 12, "2007": 1, "1993": 1}, "citations_years": {"2012": 25, "2013": 34, "2014": 67, "2015": 100, "2016": 147, "2017": 174, "2018": 205, "2019": 249, "2011": 8, "2020": 64, "2007": 6, "2008": 2, "2009": 4, "2010": 5, "1995": 6, "1996": 4, "1997": 8, "1998": 2, "1999": 1, "2000": 2, "2001": 1, "2002": 1, "2003": 3, "2004": 2, "2005": 3, "2006": 2, "1994": 1, "1993": 1}, "old_citations": {"2010": 1034, "2014": 19, "1994": 50, "2007": 23, "1993": 1}, "isVisible": false}, "image processing": {"name": "image processing", "type": "topic", "h_index": 1113, "h5_index": 328, "num_publications": 21, "num_citations": 1083, "num_publications_5y": 7, "num_citations_5y": 681, "num_publications_10y": 10, "num_citations_10y": 746, "publications_years": {"2010": 3, "2014": 7, "1994": 11}, "citations_years": {"2012": 24, "2013": 32, "2014": 64, "2015": 99, "2016": 145, "2017": 171, "2018": 202, "2019": 245, "2011": 6, "2020": 62, "1995": 5, "1996": 3, "1997": 4, "1998": 1, "1999": 0, "2000": 2, "2001": 0, "2002": 1, "2003": 4, "2004": 1, "2005": 3, "2006": 1, "2007": 2, "2008": 0, "2009": 1, "2010": 2, "1994": 2, "1993": 1}, "old_citations": {"2010": 1034, "2014": 10, "1994": 39}, "isVisible": false}, "computer aided design": {"name": "computer aided design", "type": "topic", "h_index": 485, "h5_index": 107, "num_publications": 18, "num_citations": 91, "num_publications_5y": 5, "num_citations_5y": 24, "num_publications_10y": 6, "num_citations_10y": 43, "publications_years": {"2010": 1, "2014": 5, "2007": 2, "1994": 9, "1993": 1}, "citations_years": {"2012": 6, "2013": 2, "2014": 3, "2015": 4, "2016": 5, "2017": 5, "2018": 7, "2019": 6, "2008": 5, "2009": 4, "2010": 3, "2011": 4, "2007": 5, "2020": 2, "1998": 2, "1999": 1, "2000": 1, "2001": 3, "2002": 1, "2003": 2, "2004": 1, "2005": 6, "2006": 3, "1995": 2, "1996": 2, "1994": 1, "1997": 5}, "old_citations": {"2010": 5, "2014": 20, "2007": 25, "1994": 40, "1993": 1}, "isVisible": false}, "computer systems": {"name": "computer systems", "type": "topic", "h_index": 1595, "h5_index": 367, "num_publications": 17, "num_citations": 1098, "num_publications_5y": 6, "num_citations_5y": 686, "num_publications_10y": 8, "num_citations_10y": 760, "publications_years": {"2014": 6, "2010": 2, "2007": 2, "1994": 6, "1993": 1}, "citations_years": {"2016": 145, "2017": 172, "2018": 204, "2015": 99, "2019": 245, "2012": 22, "2013": 34, "2014": 66, "2011": 8, "2020": 63, "2008": 3, "2009": 6, "2010": 4, "2007": 6, "1995": 2, "1996": 3, "1997": 4, "1998": 2, "1999": 1, "2000": 0, "2001": 2, "2002": 2, "2003": 1, "2004": 2, "2005": 0, "2006": 1, "1993": 1}, "old_citations": {"2014": 11, "2010": 1029, "2007": 25, "1994": 32, "1993": 1}, "isVisible": false}, "image analysis": {"name": "image analysis", "type": "topic", "h_index": 988, "h5_index": 315, "num_publications": 16, "num_citations": 1075, "num_publications_5y": 5, "num_citations_5y": 679, "num_publications_10y": 7, "num_citations_10y": 741, "publications_years": {"2010": 2, "2014": 5, "1994": 9}, "citations_years": {"2012": 23, "2013": 32, "2014": 64, "2015": 99, "2016": 144, "2017": 171, "2018": 201, "2019": 245, "2011": 6, "2020": 62, "1995": 4, "1996": 2, "1997": 3, "1998": 1, "1999": 0, "2000": 1, "2001": 1, "2002": 1, "2003": 2, "2004": 1, "2005": 5, "2006": 1, "2007": 1, "2008": 2, "2009": 0, "2010": 1, "1994": 1, "1993": 1}, "old_citations": {"2010": 1032, "2014": 10, "1994": 33}, "isVisible": false}, "splines": {"name": "splines", "type": "topic", "h_index": 218, "h5_index": 40, "num_publications": 15, "num_citations": 63, "num_publications_5y": 3, "num_citations_5y": 12, "num_publications_10y": 4, "num_citations_10y": 21, "publications_years": {"2010": 1, "2014": 3, "2007": 1, "1994": 9, "1993": 1}, "citations_years": {"2012": 5, "2013": 0, "2014": 0, "2015": 4, "2016": 4, "2017": 2, "2018": 2, "2019": 5, "2008": 3, "2009": 1, "2010": 0, "2011": 3, "2020": 1, "1998": 2, "1999": 1, "2000": 1, "2001": 3, "2002": 1, "2003": 2, "2004": 1, "2005": 6, "2006": 3, "2007": 3, "1995": 2, "1996": 2, "1994": 1, "1997": 5}, "old_citations": {"2010": 5, "2014": 15, "2007": 2, "1994": 40, "1993": 1}, "isVisible": false}, "image reconstruction": {"name": "image reconstruction", "type": "topic", "h_index": 725, "h5_index": 240, "num_publications": 13, "num_citations": 1062, "num_publications_5y": 5, "num_citations_5y": 678, "num_publications_10y": 7, "num_citations_10y": 740, "publications_years": {"2010": 2, "2014": 5, "1994": 6}, "citations_years": {"2012": 23, "2013": 32, "2014": 64, "2015": 98, "2016": 144, "2017": 171, "2018": 201, "2019": 245, "2011": 6, "2020": 62, "1995": 1, "1996": 1, "2000": 1, "2001": 0, "2002": 1, "2003": 2, "2004": 1, "2005": 3, "2006": 1, "2007": 1, "2008": 0, "2009": 0, "2010": 1, "1994": 1, "1997": 1, "1998": 0, "1999": 0, "1993": 1}, "old_citations": {"2010": 1032, "2014": 10, "1994": 20}, "isVisible": false}, "engineering": {"name": "engineering", "type": "topic", "h_index": 1177, "h5_index": 287, "num_publications": 11, "num_citations": 1077, "num_publications_5y": 6, "num_citations_5y": 684, "num_publications_10y": 7, "num_citations_10y": 754, "publications_years": {"2014": 6, "2010": 1, "2007": 1, "1994": 3}, "citations_years": {"2016": 144, "2017": 172, "2018": 204, "2015": 98, "2019": 245, "2011": 6, "2012": 21, "2013": 34, "2014": 66, "2020": 63, "2007": 3, "2008": 2, "2009": 5, "2010": 4, "1995": 1, "1996": 1, "1997": 1, "1998": 1, "1999": 0, "2000": 0, "2001": 1, "2002": 2, "2003": 1, "2004": 1, "2005": 0, "2006": 0, "1993": 1}, "old_citations": {"2014": 10, "2010": 1027, "2007": 23, "1994": 17}, "isVisible": false}, "artificial intelligence": {"name": "artificial intelligence", "type": "topic", "h_index": 1421, "h5_index": 373, "num_publications": 10, "num_citations": 1045, "num_publications_5y": 4, "num_citations_5y": 676, "num_publications_10y": 5, "num_citations_10y": 732, "publications_years": {"2014": 4, "1994": 5, "2010": 1}, "citations_years": {"2016": 144, "2017": 170, "2018": 200, "2015": 99, "2019": 244, "2011": 5, "2012": 19, "2013": 32, "2014": 63, "2020": 62, "1995": 2, "1996": 1, "1997": 3, "1998": 0, "1999": 0, "2000": 0, "2001": 0, "2002": 0, "2003": 0, "2004": 0, "2005": 0, "2006": 0, "2007": 0, "2008": 0, "2009": 0, "2010": 0, "1993": 1}, "old_citations": {"2014": 10, "1994": 8, "2010": 1027}, "isVisible": false}, "cubic spline": {"name": "cubic spline", "type": "topic", "h_index": 101, "h5_index": 17, "num_publications": 9, "num_citations": 34, "num_publications_5y": 2, "num_citations_5y": 9, "num_publications_10y": 3, "num_citations_10y": 14, "publications_years": {"2010": 1, "2014": 2, "1994": 6}, "citations_years": {"2012": 4, "2013": 0, "2014": 0, "2015": 3, "2016": 2, "2017": 2, "2018": 2, "2019": 3, "2020": 1, "1998": 1, "1999": 0, "2000": 0, "2001": 2, "2002": 0, "2003": 1, "2004": 0, "2005": 4, "2006": 2, "2007": 1, "2008": 2, "1994": 1, "1995": 0, "1996": 0, "1997": 2, "2009": 1, "2010": 0, "2011": 0}, "old_citations": {"2010": 5, "2014": 11, "1994": 18}, "isVisible": false}, "signal processing": {"name": "signal processing", "type": "topic", "h_index": 1012, "h5_index": 255, "num_publications": 9, "num_citations": 1053, "num_publications_5y": 5, "num_citations_5y": 676, "num_publications_10y": 6, "num_citations_10y": 736, "publications_years": {"2014": 5, "2010": 1, "1994": 3}, "citations_years": {"2016": 144, "2017": 170, "2018": 201, "2015": 98, "2019": 244, "2011": 5, "2012": 20, "2013": 32, "2014": 63, "2020": 62, "1995": 1, "1996": 1, "1997": 1, "1998": 1, "1999": 0, "2000": 0, "2001": 1, "2002": 2, "2003": 1, "2004": 1, "2005": 0, "2006": 0, "2007": 1, "2008": 0, "2009": 2, "2010": 1, "1993": 1}, "old_citations": {"2014": 9, "2010": 1027, "1994": 17}, "isVisible": false}, "reconstruction": {"name": "reconstruction", "type": "topic", "h_index": 320, "h5_index": 103, "num_publications": 8, "num_citations": 22, "num_publications_5y": 3, "num_citations_5y": 7, "num_publications_10y": 4, "num_citations_10y": 12, "publications_years": {"2010": 1, "2014": 3, "1994": 4}, "citations_years": {"2012": 4, "2013": 0, "2014": 0, "2015": 1, "2016": 1, "2017": 2, "2018": 3, "1995": 1, "1996": 1, "2000": 1, "2001": 0, "2002": 1, "2003": 2, "2004": 0, "2005": 2, "2006": 0, "2007": 0, "2008": 0, "2009": 0, "2010": 0, "2011": 1, "2019": 1, "1994": 1, "1997": 0, "1998": 0, "1999": 0}, "old_citations": {"2010": 5, "2014": 5, "1994": 12}, "isVisible": false}, "telecommunication systems": {"name": "telecommunication systems", "type": "topic", "h_index": 1187, "h5_index": 277, "num_publications": 8, "num_citations": 1051, "num_publications_5y": 4, "num_citations_5y": 673, "num_publications_10y": 5, "num_citations_10y": 734, "publications_years": {"2014": 4, "2010": 1, "1994": 3}, "citations_years": {"2015": 98, "2016": 143, "2017": 169, "2018": 200, "2019": 244, "2011": 5, "2012": 20, "2013": 32, "2014": 63, "2020": 62, "1995": 1, "1996": 1, "1997": 1, "1998": 1, "1999": 0, "2000": 0, "2001": 1, "2002": 2, "2003": 1, "2004": 1, "2005": 0, "2006": 0, "2007": 2, "2008": 0, "2009": 3, "2010": 1}, "old_citations": {"2014": 6, "2010": 1027, "1994": 18}, "isVisible": false}, "wavelet transforms": {"name": "wavelet transforms", "type": "topic", "h_index": 381, "h5_index": 92, "num_publications": 8, "num_citations": 21, "num_publications_5y": 2, "num_citations_5y": 3, "num_publications_10y": 3, "num_citations_10y": 6, "publications_years": {"2014": 2, "2010": 1, "1994": 5}, "citations_years": {"2012": 1, "2013": 0, "2014": 0, "2015": 1, "2016": 1, "1995": 3, "1996": 2, "1997": 3, "1998": 1, "1999": 0, "2000": 1, "2001": 0, "2002": 0, "2003": 2, "2004": 0, "2005": 0, "2006": 0, "2007": 1, "2008": 0, "2009": 1, "2010": 1, "2011": 0, "1994": 1, "1993": 1, "2017": 0, "2018": 1}, "old_citations": {"2014": 0, "2010": 2, "1994": 19}, "isVisible": false}, "communication systems": {"name": "communication systems", "type": "topic", "h_index": 1092, "h5_index": 254, "num_publications": 7, "num_citations": 1051, "num_publications_5y": 3, "num_citations_5y": 673, "num_publications_10y": 4, "num_citations_10y": 734, "publications_years": {"2014": 3, "2010": 1, "1994": 3}, "citations_years": {"2015": 98, "2016": 143, "2017": 169, "2018": 200, "2019": 244, "2011": 5, "2012": 20, "2013": 32, "2014": 63, "2020": 62, "1995": 1, "1996": 1, "1997": 1, "1998": 1, "1999": 0, "2000": 0, "2001": 1, "2002": 2, "2003": 1, "2004": 1, "2005": 0, "2006": 0, "2007": 2, "2008": 0, "2009": 3, "2010": 1}, "old_citations": {"2014": 6, "2010": 1027, "1994": 18}, "isVisible": false}, "computer hardware": {"name": "computer hardware", "type": "topic", "h_index": 1150, "h5_index": 279, "num_publications": 7, "num_citations": 1040, "num_publications_5y": 3, "num_citations_5y": 675, "num_publications_10y": 4, "num_citations_10y": 732, "publications_years": {"2014": 3, "2010": 1, "1994": 3}, "citations_years": {"2016": 144, "2017": 170, "2018": 200, "2015": 98, "2019": 243, "2011": 5, "2012": 19, "2013": 32, "2014": 63, "2020": 62, "1996": 1, "2007": 1, "2008": 0, "2009": 1, "1993": 1}, "old_citations": {"2014": 9, "2010": 1027, "1994": 4}, "isVisible": false}, "computer networks": {"name": "computer networks", "type": "topic", "h_index": 1262, "h5_index": 332, "num_publications": 7, "num_citations": 1051, "num_publications_5y": 3, "num_citations_5y": 673, "num_publications_10y": 4, "num_citations_10y": 734, "publications_years": {"2014": 3, "2010": 1, "1994": 3}, "citations_years": {"2015": 98, "2016": 143, "2017": 169, "2018": 200, "2019": 244, "2011": 5, "2012": 20, "2013": 32, "2014": 63, "2020": 62, "1995": 1, "1996": 1, "1997": 1, "1998": 1, "1999": 0, "2000": 0, "2001": 1, "2002": 2, "2003": 1, "2004": 1, "2005": 0, "2006": 0, "2007": 2, "2008": 0, "2009": 3, "2010": 1}, "old_citations": {"2014": 6, "2010": 1027, "1994": 18}, "isVisible": false}, "image coding": {"name": "image coding", "type": "topic", "h_index": 759, "h5_index": 203, "num_publications": 7, "num_citations": 1049, "num_publications_5y": 0, "num_citations_5y": 670, "num_publications_10y": 2, "num_citations_10y": 731, "publications_years": {"2010": 2, "1994": 5}, "citations_years": {"2012": 23, "2013": 32, "2014": 63, "2015": 98, "2016": 141, "2017": 170, "2011": 6, "2018": 198, "2019": 243, "2020": 62, "1995": 4, "1996": 2, "1997": 2, "1998": 0, "1999": 0, "2000": 1, "2001": 0, "2002": 1, "2003": 1, "2004": 0, "2005": 2, "2006": 0, "2007": 0, "2008": 0, "2009": 0, "2010": 0}, "old_citations": {"2010": 1032, "1994": 17}, "isVisible": false}, "wireless telecommunication systems": {"name": "wireless telecommunication systems", "type": "topic", "h_index": 1087, "h5_index": 254, "num_publications": 7, "num_citations": 1051, "num_publications_5y": 3, "num_citations_5y": 673, "num_publications_10y": 4, "num_citations_10y": 734, "publications_years": {"2014": 3, "2010": 1, "1994": 3}, "citations_years": {"2015": 98, "2016": 143, "2017": 169, "2018": 200, "2019": 244, "2011": 5, "2012": 20, "2013": 32, "2014": 63, "2020": 62, "1995": 1, "1996": 1, "1997": 1, "1998": 1, "1999": 0, "2000": 0, "2001": 1, "2002": 2, "2003": 1, "2004": 1, "2005": 0, "2006": 0, "2007": 2, "2008": 0, "2009": 3, "2010": 1}, "old_citations": {"2014": 6, "2010": 1027, "1994": 18}, "isVisible": false}, "communication channels (information theory)": {"name": "communication channels (information theory)", "type": "topic", "h_index": 925, "h5_index": 216, "num_publications": 5, "num_citations": 1049, "num_publications_5y": 1, "num_citations_5y": 672, "num_publications_10y": 2, "num_citations_10y": 733, "publications_years": {"2014": 1, "2010": 1, "1994": 3}, "citations_years": {"2015": 98, "2016": 143, "2017": 169, "2018": 199, "2019": 243, "2011": 5, "2012": 20, "2013": 32, "2014": 63, "2020": 62, "1995": 1, "1996": 1, "1997": 1, "1998": 1, "1999": 0, "2000": 0, "2001": 1, "2002": 2, "2003": 1, "2004": 1, "2005": 0, "2006": 0, "2007": 2, "2008": 0, "2009": 3, "2010": 1}, "old_citations": {"2014": 4, "2010": 1027, "1994": 18}, "isVisible": false}, "signal to noise ratio": {"name": "signal to noise ratio", "type": "topic", "h_index": 821, "h5_index": 194, "num_publications": 5, "num_citations": 1048, "num_publications_5y": 2, "num_citations_5y": 672, "num_publications_10y": 3, "num_citations_10y": 732, "publications_years": {"2014": 2, "2010": 1, "1994": 2}, "citations_years": {"2015": 98, "2016": 143, "2017": 169, "2018": 199, "2019": 244, "2011": 5, "2012": 20, "2013": 32, "2014": 63, "2020": 62, "1995": 1, "1996": 1, "1997": 1, "1998": 1, "1999": 0, "2000": 0, "2001": 1, "2002": 2, "2003": 1, "2004": 1, "2005": 0, "2006": 0, "2007": 1, "2008": 0, "2009": 2, "2010": 1}, "old_citations": {"2014": 5, "2010": 1027, "1994": 16}, "isVisible": false}, "graph theory": {"name": "graph theory", "type": "topic", "h_index": 726, "h5_index": 150, "num_publications": 6, "num_citations": 1047, "num_publications_5y": 2, "num_citations_5y": 668, "num_publications_10y": 3, "num_citations_10y": 726, "publications_years": {"2014": 2, "2010": 1, "1994": 2, "1993": 1}, "citations_years": {"2011": 6, "2012": 19, "2013": 32, "2014": 64, "2015": 96, "2016": 141, "2017": 169, "2018": 198, "2019": 242, "2020": 62, "1995": 1, "1996": 1, "1997": 4, "1998": 1, "1999": 1, "2000": 0, "2001": 1, "2002": 0, "2003": 0, "2004": 2, "2005": 1, "2006": 2, "2007": 3, "2008": 0, "2009": 0, "2010": 1}, "old_citations": {"2014": 0, "2010": 1027, "1994": 19, "1993": 1}, "isVisible": false}, "theoretical computer science": {"name": "theoretical computer science", "type": "topic", "h_index": 883, "h5_index": 203, "num_publications": 6, "num_citations": 1047, "num_publications_5y": 2, "num_citations_5y": 668, "num_publications_10y": 3, "num_citations_10y": 726, "publications_years": {"2014": 2, "2010": 1, "1994": 2, "1993": 1}, "citations_years": {"2011": 6, "2012": 19, "2013": 32, "2014": 64, "2015": 96, "2016": 141, "2017": 169, "2018": 198, "2019": 242, "2020": 62, "1995": 1, "1996": 1, "1997": 4, "1998": 1, "1999": 1, "2000": 0, "2001": 1, "2002": 0, "2003": 0, "2004": 2, "2005": 1, "2006": 2, "2007": 3, "2008": 0, "2009": 0, "2010": 1}, "old_citations": {"2014": 0, "2010": 1027, "1994": 19, "1993": 1}, "isVisible": false}, "numerical methods": {"name": "numerical methods", "type": "topic", "h_index": 597, "h5_index": 145, "num_publications": 5, "num_citations": 18, "num_publications_5y": 4, "num_citations_5y": 7, "num_publications_10y": 4, "num_citations_10y": 8, "publications_years": {"2014": 4, "1994": 1}, "citations_years": {"2019": 4, "2015": 1, "2016": 2, "2017": 1, "2018": 2, "2020": 1, "1997": 1, "1998": 0, "1999": 0, "2000": 0, "2001": 0, "2002": 0, "2003": 0, "2004": 1, "2005": 1, "2006": 1, "2007": 1, "2008": 0, "2009": 0, "2010": 1, "2011": 0, "2012": 0, "2013": 0, "2014": 1}, "old_citations": {"2014": 11, "1994": 7}, "isVisible": false}, "human computer interaction": {"name": "human computer interaction", "type": "topic", "h_index": 934, "h5_index": 215, "num_publications": 5, "num_citations": 10, "num_publications_5y": 3, "num_citations_5y": 2, "num_publications_10y": 3, "num_citations_10y": 3, "publications_years": {"2014": 3, "2007": 1, "1994": 1}, "citations_years": {"2015": 1, "2018": 1, "2008": 3, "2009": 0, "2010": 0, "2011": 1, "1998": 1, "1999": 0, "2000": 0, "2001": 1, "2002": 0, "2003": 0, "2004": 0, "2005": 2, "2006": 0, "2007": 0}, "old_citations": {"2014": 2, "2007": 2, "1994": 6}, "isVisible": false}, "image segmentation": {"name": "image segmentation", "type": "topic", "h_index": 870, "h5_index": 282, "num_publications": 5, "num_citations": 1033, "num_publications_5y": 3, "num_citations_5y": 670, "num_publications_10y": 4, "num_citations_10y": 726, "publications_years": {"2014": 3, "2010": 1, "1994": 1}, "citations_years": {"2015": 97, "2016": 143, "2017": 169, "2018": 198, "2019": 244, "2011": 5, "2012": 19, "2013": 32, "2014": 63, "2020": 62, "1993": 1}, "old_citations": {"2014": 5, "2010": 1027, "1994": 1}, "isVisible": false}, "machine learning": {"name": "machine learning", "type": "topic", "h_index": 1123, "h5_index": 351, "num_publications": 6, "num_citations": 1038, "num_publications_5y": 3, "num_citations_5y": 674, "num_publications_10y": 4, "num_citations_10y": 730, "publications_years": {"2014": 3, "2010": 1, "1994": 2}, "citations_years": {"2016": 144, "2017": 170, "2018": 200, "2015": 97, "2019": 244, "2011": 5, "2012": 19, "2013": 32, "2014": 63, "2020": 62, "1995": 1, "1993": 1}, "old_citations": {"2014": 9, "2010": 1027, "1994": 2}, "isVisible": false}, "adaptive algorithms": {"name": "adaptive algorithms", "type": "topic", "h_index": 506, "h5_index": 100, "num_publications": 5, "num_citations": 21, "num_publications_5y": 2, "num_citations_5y": 10, "num_publications_10y": 2, "num_citations_10y": 10, "publications_years": {"2014": 2, "1994": 3}, "citations_years": {"2015": 3, "2016": 4, "2017": 1, "2018": 2, "2019": 4, "2020": 1, "1995": 2, "1996": 1, "1997": 3, "1998": 0, "1999": 0, "2000": 0, "2001": 0, "2002": 0, "2003": 0, "2004": 0, "2005": 0, "2006": 0, "2007": 0, "2008": 0, "2009": 0, "2010": 0, "2011": 0, "2012": 0, "2013": 0, "2014": 0}, "old_citations": {"2014": 14, "1994": 7}, "isVisible": false}, "software": {"name": "software", "type": "topic", "h_index": 902, "h5_index": 167, "num_publications": 7, "num_citations": 68, "num_publications_5y": 2, "num_citations_5y": 35, "num_publications_10y": 3, "num_citations_10y": 47, "publications_years": {"2010": 1, "2014": 2, "1994": 4}, "citations_years": {"2012": 5, "2013": 7, "2014": 4, "2015": 5, "2016": 12, "2017": 7, "2018": 7, "2019": 12, "2020": 1, "1995": 2, "1996": 1, "1997": 5, "1998": 0, "1999": 0, "2000": 0, "2001": 0, "2002": 0, "2003": 0, "2004": 0, "2005": 0, "2006": 0, "2007": 0, "2008": 0, "2009": 0, "2010": 0, "2011": 0}, "old_citations": {"2010": 45, "2014": 14, "1994": 9}, "isVisible": false}, "finite element method": {"name": "finite element method", "type": "topic", "h_index": 144, "h5_index": 30, "num_publications": 1, "num_citations": 10, "num_publications_5y": 1, "num_citations_5y": 6, "num_publications_10y": 1, "num_citations_10y": 6, "publications_years": {"2014": 1}, "citations_years": {"2015": 1, "2016": 2, "2017": 1, "2018": 2, "2019": 3, "2020": 1}, "old_citations": {"2014": 10}, "isVisible": false}, "numerical example": {"name": "numerical example", "type": "topic", "h_index": 190, "h5_index": 66, "num_publications": 1, "num_citations": 10, "num_publications_5y": 1, "num_citations_5y": 6, "num_publications_10y": 1, "num_citations_10y": 6, "publications_years": {"2014": 1}, "citations_years": {"2015": 1, "2016": 2, "2017": 1, "2018": 2, "2019": 3, "2020": 1}, "old_citations": {"2014": 10}, "isVisible": false}, "spline functions": {"name": "spline functions", "type": "topic", "h_index": 41, "h5_index": 8, "num_publications": 6, "num_citations": 26, "num_publications_5y": 1, "num_citations_5y": 6, "num_publications_10y": 1, "num_citations_10y": 8, "publications_years": {"2014": 1, "1994": 5}, "citations_years": {"2015": 1, "2016": 2, "2017": 1, "2018": 2, "2019": 3, "2020": 1, "1998": 1, "1999": 0, "2000": 0, "2001": 2, "2002": 0, "2003": 0, "2004": 0, "2005": 4, "2006": 2, "2007": 1, "2008": 2, "2009": 1, "1997": 2, "2010": 0, "2011": 0, "2012": 1}, "old_citations": {"2014": 10, "1994": 16}, "isVisible": false}}, "authors": {"1779994631": {"name": "klaus denker", "type": "author", "activity": 4, "h_index": 4, "h5_index": 0, "mag_id": "1779994631", "num_publications": 2, "num_citations": 5, "num_publications_5y": 2, "num_citations_5y": 5, "num_publications_10y": 2, "num_citations_10y": 5, "publications_years": {"2014": 2}, "citations_years": {"2016": 1, "2017": 1, "2018": 3}, "old_citations": {"2014": 5}, "isVisible": false}, "1965615608": {"name": "georg umlauf", "type": "author", "activity": 15, "h_index": 7, "h5_index": 1, "mag_id": "1965615608", "num_publications": 2, "num_citations": 5, "num_publications_5y": 2, "num_citations_5y": 5, "num_publications_10y": 2, "num_citations_10y": 5, "publications_years": {"2014": 2}, "citations_years": {"2016": 1, "2017": 1, "2018": 3}, "old_citations": {"2014": 5}, "isVisible": false}, "1971889600": {"name": "jeanpierre kruth", "type": "author", "activity": 26, "h_index": 10, "h5_index": 0, "mag_id": "1971889600", "num_publications": 2, "num_citations": 13, "num_publications_5y": 0, "num_citations_5y": 0, "num_publications_10y": 0, "num_citations_10y": 1, "publications_years": {"1994": 1, "1993": 1}, "citations_years": {"1995": 1, "1996": 1, "1997": 3, "1998": 1, "1999": 1, "2000": 0, "2001": 1, "2002": 0, "2003": 0, "2004": 1, "2005": 0, "2006": 1, "2007": 2, "2008": 0, "2009": 0, "2010": 0, "2011": 1}, "old_citations": {"1994": 12, "1993": 1}, "isVisible": false}, "2102586250": {"name": "francesc arandiga", "type": "author", "activity": 12, "h_index": 2, "h5_index": 0, "mag_id": "2102586250", "num_publications": 2, "num_citations": 2, "num_publications_5y": 1, "num_citations_5y": 1, "num_publications_10y": 2, "num_citations_10y": 2, "publications_years": {"2014": 1, "2010": 1}, "citations_years": {"2012": 1, "2013": 0, "2014": 0, "2015": 0, "2016": 1}, "old_citations": {"2014": 0, "2010": 2}, "isVisible": false}, "2135773226": {"name": "david levin", "type": "author", "activity": 30, "h_index": 12, "h5_index": 1, "mag_id": "2135773226", "num_publications": 2, "num_citations": 15, "num_publications_5y": 1, "num_citations_5y": 0, "num_publications_10y": 1, "num_citations_10y": 1, "publications_years": {"1994": 1, "2014": 1}, "citations_years": {"1997": 1, "1998": 0, "1999": 1, "2000": 0, "2001": 2, "2002": 0, "2003": 3, "2004": 1, "2005": 1, "2006": 1, "2007": 3, "2008": 1, "2009": 0, "2010": 0, "2011": 0, "2012": 0, "2013": 1}, "old_citations": {"1994": 15, "2014": 0}, "isVisible": false}, "2148130117": {"name": "dionisio f yanez", "type": "author", "activity": 8, "h_index": 1, "h5_index": 0, "mag_id": "2148130117", "num_publications": 2, "num_citations": 2, "num_publications_5y": 1, "num_citations_5y": 1, "num_publications_10y": 2, "num_citations_10y": 2, "publications_years": {"2014": 1, "2010": 1}, "citations_years": {"2012": 1, "2013": 0, "2014": 0, "2015": 0, "2016": 1}, "old_citations": {"2014": 0, "2010": 2}, "isVisible": false}, "8772650": {"name": "nira dyn", "type": "author", "activity": 30, "h_index": 8, "h5_index": 0, "mag_id": "8772650", "num_publications": 1, "num_citations": 15, "num_publications_5y": 0, "num_citations_5y": 0, "num_publications_10y": 0, "num_citations_10y": 1, "publications_years": {"1994": 1}, "citations_years": {"1997": 1, "1998": 0, "1999": 1, "2000": 0, "2001": 2, "2002": 0, "2003": 3, "2004": 1, "2005": 1, "2006": 1, "2007": 3, "2008": 1, "2009": 0, "2010": 0, "2011": 0, "2012": 0, "2013": 1}, "old_citations": {"1994": 15}, "isVisible": false}, "135779809": {"name": "bert juttler", "type": "author", "activity": 26, "h_index": 12, "h5_index": 1, "mag_id": "135779809", "num_publications": 1, "num_citations": 5, "num_publications_5y": 0, "num_citations_5y": 2, "num_publications_10y": 1, "num_citations_10y": 5, "publications_years": {"2010": 1}, "citations_years": {"2012": 3, "2013": 0, "2014": 0, "2015": 1, "2016": 0, "2017": 1}, "old_citations": {"2010": 5}, "isVisible": false}, "171490633": {"name": "ali mahdaviamiri", "type": "author", "activity": 9, "h_index": 5, "h5_index": 4, "mag_id": "171490633", "num_publications": 1, "num_citations": 4, "num_publications_5y": 1, "num_citations_5y": 3, "num_publications_10y": 1, "num_citations_10y": 3, "publications_years": {"2014": 1}, "citations_years": {"2015": 1, "2016": 2, "2017": 0, "2018": 0, "2019": 1}, "old_citations": {"2014": 4}, "isVisible": false}, "177951892": {"name": "helmut pottmann", "type": "author", "activity": 30, "h_index": 26, "h5_index": 3, "mag_id": "177951892", "num_publications": 1, "num_citations": 23, "num_publications_5y": 0, "num_citations_5y": 7, "num_publications_10y": 0, "num_citations_10y": 17, "publications_years": {"2007": 1}, "citations_years": {"2007": 2, "2008": 2, "2009": 3, "2010": 3, "2011": 1, "2012": 1, "2013": 2, "2014": 3, "2015": 0, "2016": 0, "2017": 2, "2018": 2, "2019": 1, "2020": 1}, "old_citations": {"2007": 23}, "isVisible": false}, "182809730": {"name": "bernhard quatember", "type": "author", "activity": 9, "h_index": 2, "h5_index": 0, "mag_id": "182809730", "num_publications": 1, "num_citations": 1, "num_publications_5y": 1, "num_citations_5y": 0, "num_publications_10y": 1, "num_citations_10y": 0, "publications_years": {"2014": 1}, "citations_years": {"2019": 1}, "old_citations": {"2014": 1}, "isVisible": false}, "283251092": {"name": "philipp slusallek", "type": "author", "activity": 30, "h_index": 32, "h5_index": 6, "mag_id": "283251092", "num_publications": 1, "num_citations": 0, "num_publications_5y": 0, "num_citations_5y": 0, "num_publications_10y": 0, "num_citations_10y": 0, "publications_years": {"1994": 1}, "citations_years": {}, "old_citations": {"1994": 0}, "isVisible": false}, "416744812": {"name": "michael elad", "type": "author", "activity": 22, "h_index": 46, "h5_index": 13, "mag_id": "416744812", "num_publications": 1, "num_citations": 1027, "num_publications_5y": 0, "num_citations_5y": 667, "num_publications_10y": 1, "num_citations_10y": 723, "publications_years": {"2010": 1}, "citations_years": {"2011": 5, "2012": 19, "2013": 32, "2014": 63, "2015": 96, "2016": 141, "2017": 169, "2018": 198, "2019": 242, "2020": 62}, "old_citations": {"2010": 1027}, "isVisible": false}, "1558856818": {"name": "rune dalmo", "type": "author", "activity": 7, "h_index": 1, "h5_index": 0, "mag_id": "1558856818", "num_publications": 1, "num_citations": 1, "num_publications_5y": 1, "num_citations_5y": 1, "num_publications_10y": 1, "num_citations_10y": 1, "publications_years": {"2014": 1}, "citations_years": {"2015": 1}, "old_citations": {"2014": 1}, "isVisible": false}, "1602206141": {"name": "johannes kaasa", "type": "author", "activity": 9, "h_index": 2, "h5_index": 0, "mag_id": "1602206141", "num_publications": 1, "num_citations": 1, "num_publications_5y": 0, "num_citations_5y": 0, "num_publications_10y": 0, "num_citations_10y": 0, "publications_years": {"1994": 1}, "citations_years": {"1995": 1}, "old_citations": {"1994": 1}, "isVisible": false}, "1821145341": {"name": "faramarz samavati", "type": "author", "activity": 22, "h_index": 19, "h5_index": 5, "mag_id": "1821145341", "num_publications": 1, "num_citations": 4, "num_publications_5y": 1, "num_citations_5y": 3, "num_publications_10y": 1, "num_citations_10y": 3, "publications_years": {"2014": 1}, "citations_years": {"2015": 1, "2016": 2, "2017": 0, "2018": 0, "2019": 1}, "old_citations": {"2014": 4}, "isVisible": false}, "1926607344": {"name": "m bozzini", "type": "author", "activity": 19, "h_index": 3, "h5_index": 0, "mag_id": "1926607344", "num_publications": 1, "num_citations": 6, "num_publications_5y": 0, "num_citations_5y": 1, "num_publications_10y": 0, "num_citations_10y": 2, "publications_years": {"1994": 1}, "citations_years": {"1996": 1, "1997": 1, "1998": 1, "1999": 0, "2000": 0, "2001": 0, "2002": 0, "2003": 1, "2004": 0, "2005": 0, "2006": 0, "2007": 0, "2008": 0, "2009": 1, "2010": 0, "2011": 0, "2012": 0, "2013": 0, "2014": 0, "2015": 0, "2016": 0, "2017": 0, "2018": 1}, "old_citations": {"1994": 6}, "isVisible": false}, "1933561188": {"name": "tom lyche", "type": "author", "activity": 21, "h_index": 6, "h5_index": 0, "mag_id": "1933561188", "num_publications": 1, "num_citations": 2, "num_publications_5y": 0, "num_citations_5y": 0, "num_publications_10y": 0, "num_citations_10y": 1, "publications_years": {"1994": 1}, "citations_years": {"2007": 1, "2008": 0, "2009": 1}, "old_citations": {"1994": 2}, "isVisible": false}, "1934135995": {"name": "pedram pad", "type": "author", "activity": 10, "h_index": 7, "h5_index": 1, "mag_id": "1934135995", "num_publications": 1, "num_citations": 0, "num_publications_5y": 1, "num_citations_5y": 0, "num_publications_10y": 1, "num_citations_10y": 0, "publications_years": {"2014": 1}, "citations_years": {}, "old_citations": {"2014": 0}, "isVisible": false}, "1964182561": {"name": "roberto cavoretto", "type": "author", "activity": 11, "h_index": 4, "h5_index": 1, "mag_id": "1964182561", "num_publications": 1, "num_citations": 1, "num_publications_5y": 1, "num_citations_5y": 0, "num_publications_10y": 1, "num_citations_10y": 0, "publications_years": {"2014": 1}, "citations_years": {"2019": 1}, "old_citations": {"2014": 1}, "isVisible": false}, "1968586732": {"name": "andreas kolb", "type": "author", "activity": 27, "h_index": 23, "h5_index": 3, "mag_id": "1968586732", "num_publications": 1, "num_citations": 0, "num_publications_5y": 0, "num_citations_5y": 0, "num_publications_10y": 0, "num_citations_10y": 0, "publications_years": {"1994": 1}, "citations_years": {}, "old_citations": {"1994": 0}, "isVisible": false}, "1973665459": {"name": "matan protter", "type": "author", "activity": 1, "h_index": 1, "h5_index": 0, "mag_id": "1973665459", "num_publications": 1, "num_citations": 1027, "num_publications_5y": 0, "num_citations_5y": 667, "num_publications_10y": 1, "num_citations_10y": 723, "publications_years": {"2010": 1}, "citations_years": {"2011": 5, "2012": 19, "2013": 32, "2014": 63, "2015": 96, "2016": 141, "2017": 169, "2018": 198, "2019": 242, "2020": 62}, "old_citations": {"2010": 1027}, "isVisible": false}, "1978048696": {"name": "jan mobius", "type": "author", "activity": 8, "h_index": 1, "h5_index": 0, "mag_id": "1978048696", "num_publications": 1, "num_citations": 45, "num_publications_5y": 0, "num_citations_5y": 25, "num_publications_10y": 1, "num_citations_10y": 37, "publications_years": {"2010": 1}, "citations_years": {"2012": 5, "2013": 7, "2014": 4, "2015": 2, "2016": 8, "2017": 6, "2018": 5, "2019": 8}, "old_citations": {"2010": 45}, "isVisible": false}, "1978829428": {"name": "jostein bratlie", "type": "author", "activity": 7, "h_index": 1, "h5_index": 0, "mag_id": "1978829428", "num_publications": 1, "num_citations": 1, "num_publications_5y": 1, "num_citations_5y": 1, "num_publications_10y": 1, "num_citations_10y": 1, "publications_years": {"2014": 1}, "citations_years": {"2015": 1}, "old_citations": {"2014": 1}, "isVisible": false}, "1985097485": {"name": "ronald a devore", "type": "author", "activity": 22, "h_index": 9, "h5_index": 0, "mag_id": "1985097485", "num_publications": 1, "num_citations": 5, "num_publications_5y": 0, "num_citations_5y": 1, "num_publications_10y": 0, "num_citations_10y": 1, "publications_years": {"1994": 1}, "citations_years": {"1995": 1, "1996": 1, "1997": 2, "1998": 0, "1999": 0, "2000": 0, "2001": 0, "2002": 0, "2003": 0, "2004": 0, "2005": 0, "2006": 0, "2007": 0, "2008": 0, "2009": 0, "2010": 0, "2011": 0, "2012": 0, "2013": 0, "2014": 0, "2015": 1}, "old_citations": {"1994": 5}, "isVisible": false}, "1985366706": {"name": "leif kobbelt", "type": "author", "activity": 26, "h_index": 54, "h5_index": 10, "mag_id": "1985366706", "num_publications": 1, "num_citations": 45, "num_publications_5y": 0, "num_citations_5y": 25, "num_publications_10y": 1, "num_citations_10y": 37, "publications_years": {"2010": 1}, "citations_years": {"2012": 5, "2013": 7, "2014": 4, "2015": 2, "2016": 8, "2017": 6, "2018": 5, "2019": 8}, "old_citations": {"2010": 45}, "isVisible": false}, "1996518183": {"name": "michael unser", "type": "author", "activity": 31, "h_index": 35, "h5_index": 4, "mag_id": "1996518183", "num_publications": 1, "num_citations": 0, "num_publications_5y": 1, "num_citations_5y": 0, "num_publications_10y": 1, "num_citations_10y": 0, "publications_years": {"2014": 1}, "citations_years": {}, "old_citations": {"2014": 0}, "isVisible": false}, "1999676658": {"name": "geir westgaard", "type": "author", "activity": 12, "h_index": 3, "h5_index": 0, "mag_id": "1999676658", "num_publications": 1, "num_citations": 1, "num_publications_5y": 0, "num_citations_5y": 0, "num_publications_10y": 0, "num_citations_10y": 0, "publications_years": {"1994": 1}, "citations_years": {"1995": 1}, "old_citations": {"1994": 1}, "isVisible": false}, "2076239140": {"name": "johannes wallner", "type": "author", "activity": 19, "h_index": 17, "h5_index": 2, "mag_id": "2076239140", "num_publications": 1, "num_citations": 23, "num_publications_5y": 0, "num_citations_5y": 7, "num_publications_10y": 0, "num_citations_10y": 17, "publications_years": {"2007": 1}, "citations_years": {"2007": 2, "2008": 2, "2009": 3, "2010": 3, "2011": 1, "2012": 1, "2013": 2, "2014": 3, "2015": 0, "2016": 0, "2017": 2, "2018": 2, "2019": 1, "2020": 1}, "old_citations": {"2007": 23}, "isVisible": false}, "2077457866": {"name": "pep mulet", "type": "author", "activity": 21, "h_index": 2, "h5_index": 0, "mag_id": "2077457866", "num_publications": 1, "num_citations": 0, "num_publications_5y": 1, "num_citations_5y": 0, "num_publications_10y": 1, "num_citations_10y": 0, "publications_years": {"2014": 1}, "citations_years": {}, "old_citations": {"2014": 0}, "isVisible": false}, "2092778449": {"name": "wolfgang recheis", "type": "author", "activity": 8, "h_index": 1, "h5_index": 0, "mag_id": "2092778449", "num_publications": 1, "num_citations": 1, "num_publications_5y": 1, "num_citations_5y": 0, "num_publications_10y": 1, "num_citations_10y": 0, "publications_years": {"2014": 1}, "citations_years": {"2019": 1}, "old_citations": {"2014": 1}, "isVisible": false}, "2098250646": {"name": "borre bang", "type": "author", "activity": 18, "h_index": 3, "h5_index": 0, "mag_id": "2098250646", "num_publications": 1, "num_citations": 1, "num_publications_5y": 1, "num_citations_5y": 1, "num_publications_10y": 1, "num_citations_10y": 1, "publications_years": {"2014": 1}, "citations_years": {"2015": 1}, "old_citations": {"2014": 1}, "isVisible": false}, "2108108349": {"name": "martin mayr", "type": "author", "activity": 8, "h_index": 1, "h5_index": 0, "mag_id": "2108108349", "num_publications": 1, "num_citations": 1, "num_publications_5y": 1, "num_citations_5y": 0, "num_publications_10y": 1, "num_citations_10y": 0, "publications_years": {"2014": 1}, "citations_years": {"2019": 1}, "old_citations": {"2014": 1}, "isVisible": false}, "2112544405": {"name": "manuel caputo", "type": "author", "activity": 3, "h_index": 2, "h5_index": 0, "mag_id": "2112544405", "num_publications": 1, "num_citations": 4, "num_publications_5y": 1, "num_citations_5y": 4, "num_publications_10y": 1, "num_citations_10y": 4, "publications_years": {"2014": 1}, "citations_years": {"2016": 1, "2017": 1, "2018": 2}, "old_citations": {"2014": 4}, "isVisible": false}, "2120329726": {"name": "harvey diamond", "type": "author", "activity": 5, "h_index": 1, "h5_index": 0, "mag_id": "2120329726", "num_publications": 1, "num_citations": 0, "num_publications_5y": 0, "num_citations_5y": 0, "num_publications_10y": 0, "num_citations_10y": 0, "publications_years": {"1994": 1}, "citations_years": {}, "old_citations": {"1994": 0}, "isVisible": false}, "2122502592": {"name": "bernd hamann", "type": "author", "activity": 31, "h_index": 37, "h5_index": 5, "mag_id": "2122502592", "num_publications": 1, "num_citations": 1, "num_publications_5y": 1, "num_citations_5y": 1, "num_publications_10y": 1, "num_citations_10y": 1, "publications_years": {"2014": 1}, "citations_years": {"2018": 1}, "old_citations": {"2014": 1}, "isVisible": false}, "2126764247": {"name": "reinhard klein", "type": "author", "activity": 29, "h_index": 33, "h5_index": 7, "mag_id": "2126764247", "num_publications": 1, "num_citations": 0, "num_publications_5y": 0, "num_citations_5y": 0, "num_publications_10y": 0, "num_citations_10y": 0, "publications_years": {"1994": 1}, "citations_years": {}, "old_citations": {"1994": 0}, "isVisible": false}, "2135226195": {"name": "alessandra de rossi", "type": "author", "activity": 11, "h_index": 2, "h5_index": 1, "mag_id": "2135226195", "num_publications": 1, "num_citations": 1, "num_publications_5y": 1, "num_citations_5y": 0, "num_publications_10y": 1, "num_citations_10y": 0, "publications_years": {"2014": 1}, "citations_years": {"2019": 1}, "old_citations": {"2014": 1}, "isVisible": false}, "2139778092": {"name": "louise a raphael", "type": "author", "activity": 24, "h_index": 1, "h5_index": 0, "mag_id": "2139778092", "num_publications": 1, "num_citations": 0, "num_publications_5y": 0, "num_citations_5y": 0, "num_publications_10y": 0, "num_citations_10y": 0, "publications_years": {"1994": 1}, "citations_years": {}, "old_citations": {"1994": 0}, "isVisible": false}, "2141618831": {"name": "qiming wang", "type": "author", "activity": 21, "h_index": 5, "h5_index": 1, "mag_id": "2141618831", "num_publications": 1, "num_citations": 2, "num_publications_5y": 0, "num_citations_5y": 0, "num_publications_10y": 0, "num_citations_10y": 1, "publications_years": {"2007": 1}, "citations_years": {"2008": 1, "2009": 0, "2010": 0, "2011": 1}, "old_citations": {"2007": 2}, "isVisible": false}, "2145439847": {"name": "m g cox", "type": "author", "activity": 27, "h_index": 8, "h5_index": 1, "mag_id": "2145439847", "num_publications": 1, "num_citations": 1, "num_publications_5y": 0, "num_citations_5y": 0, "num_publications_10y": 0, "num_citations_10y": 0, "publications_years": {"1994": 1}, "citations_years": {"1996": 1}, "old_citations": {"1994": 1}, "isVisible": false}, "2151198679": {"name": "weiyin ma", "type": "author", "activity": 25, "h_index": 11, "h5_index": 2, "mag_id": "2151198679", "num_publications": 1, "num_citations": 12, "num_publications_5y": 0, "num_citations_5y": 0, "num_publications_10y": 0, "num_citations_10y": 1, "publications_years": {"1994": 1}, "citations_years": {"1995": 1, "1996": 1, "1997": 2, "1998": 1, "1999": 1, "2000": 0, "2001": 1, "2002": 0, "2003": 0, "2004": 1, "2005": 0, "2006": 1, "2007": 2, "2008": 0, "2009": 0, "2010": 0, "2011": 1}, "old_citations": {"1994": 12}, "isVisible": false}, "2157403202": {"name": "jorg horner", "type": "author", "activity": 7, "h_index": 2, "h5_index": 0, "mag_id": "2157403202", "num_publications": 1, "num_citations": 10, "num_publications_5y": 1, "num_citations_5y": 6, "num_publications_10y": 1, "num_citations_10y": 6, "publications_years": {"2014": 1}, "citations_years": {"2015": 1, "2016": 2, "2017": 1, "2018": 2, "2019": 3, "2020": 1}, "old_citations": {"2014": 10}, "isVisible": false}, "2168579431": {"name": "tor dokken", "type": "author", "activity": 23, "h_index": 8, "h5_index": 1, "mag_id": "2168579431", "num_publications": 1, "num_citations": 2, "num_publications_5y": 0, "num_citations_5y": 0, "num_publications_10y": 0, "num_citations_10y": 1, "publications_years": {"1994": 1}, "citations_years": {"2007": 1, "2008": 0, "2009": 1}, "old_citations": {"1994": 2}, "isVisible": false}, "2168717196": {"name": "changsheng zhao", "type": "author", "activity": 1, "h_index": 2, "h5_index": 0, "mag_id": "2168717196", "num_publications": 1, "num_citations": 2, "num_publications_5y": 0, "num_citations_5y": 0, "num_publications_10y": 0, "num_citations_10y": 0, "publications_years": {"1994": 1}, "citations_years": {"1994": 1, "1995": 0, "1996": 0, "1997": 0, "1998": 0, "1999": 0, "2000": 0, "2001": 0, "2002": 0, "2003": 1}, "old_citations": {"1994": 2}, "isVisible": false}, "2171853932": {"name": "pascal laube", "type": "author", "activity": 5, "h_index": 1, "h5_index": 1, "mag_id": "2171853932", "num_publications": 1, "num_citations": 4, "num_publications_5y": 1, "num_citations_5y": 4, "num_publications_10y": 1, "num_citations_10y": 4, "publications_years": {"2014": 1}, "citations_years": {"2016": 1, "2017": 1, "2018": 2}, "old_citations": {"2014": 4}, "isVisible": false}, "2175559996": {"name": "matthias o franz", "type": "author", "activity": 23, "h_index": 13, "h5_index": 2, "mag_id": "2175559996", "num_publications": 1, "num_citations": 4, "num_publications_5y": 1, "num_citations_5y": 4, "num_publications_10y": 1, "num_citations_10y": 4, "publications_years": {"2014": 1}, "citations_years": {"2016": 1, "2017": 1, "2018": 2}, "old_citations": {"2014": 4}, "isVisible": false}, "2187997294": {"name": "albert cohen", "type": "author", "activity": 26, "h_index": 35, "h5_index": 6, "mag_id": "2187997294", "num_publications": 1, "num_citations": 2, "num_publications_5y": 0, "num_citations_5y": 1, "num_publications_10y": 1, "num_citations_10y": 2, "publications_years": {"2010": 1}, "citations_years": {"2012": 1, "2013": 0, "2014": 0, "2015": 0, "2016": 1}, "old_citations": {"2010": 2}, "isVisible": false}, "2283340098": {"name": "r bartels", "type": "author", "activity": 1, "h_index": 1, "h5_index": 0, "mag_id": "2283340098", "num_publications": 1, "num_citations": 2, "num_publications_5y": 0, "num_citations_5y": 0, "num_publications_10y": 0, "num_citations_10y": 0, "publications_years": {"1994": 1}, "citations_years": {"1997": 2}, "old_citations": {"1994": 2}, "isVisible": false}, "2288915949": {"name": "roman zeyde", "type": "author", "activity": 1, "h_index": 1, "h5_index": 0, "mag_id": "2288915949", "num_publications": 1, "num_citations": 1027, "num_publications_5y": 0, "num_citations_5y": 667, "num_publications_10y": 1, "num_citations_10y": 723, "publications_years": {"2010": 1}, "citations_years": {"2011": 5, "2012": 19, "2013": 32, "2014": 63, "2015": 96, "2016": 141, "2017": 169, "2018": 198, "2019": 242, "2020": 62}, "old_citations": {"2010": 1027}, "isVisible": false}, "2314431409": {"name": "richard r patterson", "type": "author", "activity": 1, "h_index": 1, "h5_index": 0, "mag_id": "2314431409", "num_publications": 1, "num_citations": 6, "num_publications_5y": 0, "num_citations_5y": 0, "num_publications_10y": 0, "num_citations_10y": 0, "publications_years": {"1994": 1}, "citations_years": {"1998": 1, "1999": 0, "2000": 0, "2001": 1, "2002": 0, "2003": 0, "2004": 0, "2005": 2, "2006": 0, "2007": 0, "2008": 2}, "old_citations": {"1994": 6}, "isVisible": false}, "2332937377": {"name": "david grosmann", "type": "author", "activity": 1, "h_index": 1, "h5_index": 0, "mag_id": "2332937377", "num_publications": 1, "num_citations": 5, "num_publications_5y": 0, "num_citations_5y": 2, "num_publications_10y": 1, "num_citations_10y": 5, "publications_years": {"2010": 1}, "citations_years": {"2012": 3, "2013": 0, "2014": 0, "2015": 1, "2016": 0, "2017": 1}, "old_citations": {"2010": 5}, "isVisible": false}, "2399094498": {"name": "hanli qiao", "type": "author", "activity": 1, "h_index": 1, "h5_index": 0, "mag_id": "2399094498", "num_publications": 1, "num_citations": 1, "num_publications_5y": 1, "num_citations_5y": 0, "num_publications_10y": 1, "num_citations_10y": 0, "publications_years": {"2014": 1}, "citations_years": {"2019": 1}, "old_citations": {"2014": 1}, "isVisible": false}, "2430781295": {"name": "yael kagan", "type": "author", "activity": 1, "h_index": 0, "h5_index": 0, "mag_id": "2430781295", "num_publications": 1, "num_citations": 0, "num_publications_5y": 1, "num_citations_5y": 0, "num_publications_10y": 1, "num_citations_10y": 0, "publications_years": {"2014": 1}, "citations_years": {}, "old_citations": {"2014": 0}, "isVisible": false}, "2435820312": {"name": "marco paluszny", "type": "author", "activity": 24, "h_index": 2, "h5_index": 1, "mag_id": "2435820312", "num_publications": 1, "num_citations": 6, "num_publications_5y": 0, "num_citations_5y": 0, "num_publications_10y": 0, "num_citations_10y": 0, "publications_years": {"1994": 1}, "citations_years": {"1998": 1, "1999": 0, "2000": 0, "2001": 1, "2002": 0, "2003": 0, "2004": 0, "2005": 2, "2006": 0, "2007": 0, "2008": 2}, "old_citations": {"1994": 6}, "isVisible": false}, "2486262846": {"name": "andreas neubauer", "type": "author", "activity": 26, "h_index": 3, "h5_index": 0, "mag_id": "2486262846", "num_publications": 1, "num_citations": 7, "num_publications_5y": 0, "num_citations_5y": 1, "num_publications_10y": 0, "num_citations_10y": 2, "publications_years": {"1994": 1}, "citations_years": {"1997": 1, "1998": 0, "1999": 0, "2000": 0, "2001": 0, "2002": 0, "2003": 0, "2004": 1, "2005": 1, "2006": 1, "2007": 1, "2008": 0, "2009": 0, "2010": 1, "2011": 0, "2012": 0, "2013": 0, "2014": 1}, "old_citations": {"1994": 7}, "isVisible": false}, "2489894716": {"name": "andreas keller", "type": "author", "activity": 1, "h_index": 1, "h5_index": 0, "mag_id": "2489894716", "num_publications": 1, "num_citations": 10, "num_publications_5y": 1, "num_citations_5y": 6, "num_publications_10y": 1, "num_citations_10y": 6, "publications_years": {"2014": 1}, "citations_years": {"2015": 1, "2016": 2, "2017": 1, "2018": 2, "2019": 3, "2020": 1}, "old_citations": {"2014": 10}, "isVisible": false}, "2493653434": {"name": "esfandiar nava yazdani", "type": "author", "activity": 1, "h_index": 1, "h5_index": 0, "mag_id": "2493653434", "num_publications": 1, "num_citations": 10, "num_publications_5y": 1, "num_citations_5y": 6, "num_publications_10y": 1, "num_citations_10y": 6, "publications_years": {"2014": 1}, "citations_years": {"2015": 1, "2016": 2, "2017": 1, "2018": 2, "2019": 3, "2020": 1}, "old_citations": {"2014": 10}, "isVisible": false}, "2504035527": {"name": "christian apprich", "type": "author", "activity": 1, "h_index": 1, "h5_index": 0, "mag_id": "2504035527", "num_publications": 1, "num_citations": 10, "num_publications_5y": 1, "num_citations_5y": 6, "num_publications_10y": 1, "num_citations_10y": 6, "publications_years": {"2014": 1}, "citations_years": {"2015": 1, "2016": 2, "2017": 1, "2018": 2, "2019": 3, "2020": 1}, "old_citations": {"2014": 10}, "isVisible": false}, "2507177934": {"name": "mohammed tazeroualti", "type": "author", "activity": 1, "h_index": 1, "h5_index": 0, "mag_id": "2507177934", "num_publications": 1, "num_citations": 6, "num_publications_5y": 0, "num_citations_5y": 0, "num_publications_10y": 0, "num_citations_10y": 0, "publications_years": {"1994": 1}, "citations_years": {"1998": 3, "1999": 0, "2000": 1, "2001": 0, "2002": 1, "2003": 0, "2004": 0, "2005": 0, "2006": 1}, "old_citations": {"1994": 6}, "isVisible": false}, "2520464222": {"name": "whe ma", "type": "author", "activity": 4, "h_index": 3, "h5_index": 0, "mag_id": "2520464222", "num_publications": 1, "num_citations": 1, "num_publications_5y": 0, "num_citations_5y": 0, "num_publications_10y": 0, "num_citations_10y": 0, "publications_years": {"1993": 1}, "citations_years": {"1997": 1}, "old_citations": {"1993": 1}, "isVisible": false}, "2570301886": {"name": "klaus hollig", "type": "author", "activity": 14, "h_index": 3, "h5_index": 0, "mag_id": "2570301886", "num_publications": 1, "num_citations": 10, "num_publications_5y": 1, "num_citations_5y": 6, "num_publications_10y": 1, "num_citations_10y": 6, "publications_years": {"2014": 1}, "citations_years": {"2015": 1, "2016": 2, "2017": 1, "2018": 2, "2019": 3, "2020": 1}, "old_citations": {"2014": 10}, "isVisible": false}, "2601035271": {"name": "m daniel", "type": "author", "activity": 1, "h_index": 1, "h5_index": 0, "mag_id": "2601035271", "num_publications": 1, "num_citations": 1, "num_publications_5y": 0, "num_citations_5y": 0, "num_publications_10y": 0, "num_citations_10y": 0, "publications_years": {"1994": 1}, "citations_years": {"1997": 1}, "old_citations": {"1994": 1}, "isVisible": false}, "2625672784": {"name": "sigrid brellcokcan", "type": "author", "activity": 1, "h_index": 1, "h5_index": 0, "mag_id": "2625672784", "num_publications": 1, "num_citations": 23, "num_publications_5y": 0, "num_citations_5y": 7, "num_publications_10y": 0, "num_citations_10y": 17, "publications_years": {"2007": 1}, "citations_years": {"2007": 2, "2008": 2, "2009": 3, "2010": 3, "2011": 1, "2012": 1, "2013": 2, "2014": 3, "2015": 0, "2016": 0, "2017": 2, "2018": 2, "2019": 1, "2020": 1}, "old_citations": {"2007": 23}, "isVisible": false}, "2629921377": {"name": "i j anderson", "type": "author", "activity": 5, "h_index": 1, "h5_index": 0, "mag_id": "2629921377", "num_publications": 1, "num_citations": 1, "num_publications_5y": 0, "num_citations_5y": 0, "num_publications_10y": 0, "num_citations_10y": 0, "publications_years": {"1994": 1}, "citations_years": {"1996": 1}, "old_citations": {"1994": 1}, "isVisible": false}, "2635311660": {"name": "g baszenski", "type": "author", "activity": 1, "h_index": 1, "h5_index": 0, "mag_id": "2635311660", "num_publications": 1, "num_citations": 2, "num_publications_5y": 0, "num_citations_5y": 0, "num_publications_10y": 0, "num_citations_10y": 0, "publications_years": {"1994": 1}, "citations_years": {"1995": 2}, "old_citations": {"1994": 2}, "isVisible": false}, "2643010570": {"name": "f de tisi", "type": "author", "activity": 1, "h_index": 1, "h5_index": 0, "mag_id": "2643010570", "num_publications": 1, "num_citations": 6, "num_publications_5y": 0, "num_citations_5y": 1, "num_publications_10y": 0, "num_citations_10y": 2, "publications_years": {"1994": 1}, "citations_years": {"1996": 1, "1997": 1, "1998": 1, "1999": 0, "2000": 0, "2001": 0, "2002": 0, "2003": 1, "2004": 0, "2005": 0, "2006": 0, "2007": 0, "2008": 0, "2009": 1, "2010": 0, "2011": 0, "2012": 0, "2013": 0, "2014": 0, "2015": 0, "2016": 0, "2017": 0, "2018": 1}, "old_citations": {"1994": 6}, "isVisible": false}, "2643974949": {"name": "roger mohr", "type": "author", "activity": 1, "h_index": 1, "h5_index": 0, "mag_id": "2643974949", "num_publications": 1, "num_citations": 2, "num_publications_5y": 0, "num_citations_5y": 0, "num_publications_10y": 0, "num_citations_10y": 0, "publications_years": {"1994": 1}, "citations_years": {"1994": 1, "1995": 0, "1996": 0, "1997": 0, "1998": 0, "1999": 0, "2000": 0, "2001": 0, "2002": 0, "2003": 1}, "old_citations": {"1994": 2}, "isVisible": false}, "2644303496": {"name": "b lavayssiere", "type": "author", "activity": 1, "h_index": 1, "h5_index": 0, "mag_id": "2644303496", "num_publications": 1, "num_citations": 2, "num_publications_5y": 0, "num_citations_5y": 0, "num_publications_10y": 0, "num_citations_10y": 0, "publications_years": {"1994": 1}, "citations_years": {"1995": 1, "1996": 1}, "old_citations": {"1994": 2}, "isVisible": false}, "2648347900": {"name": "m tasche", "type": "author", "activity": 1, "h_index": 1, "h5_index": 0, "mag_id": "2648347900", "num_publications": 1, "num_citations": 2, "num_publications_5y": 0, "num_citations_5y": 0, "num_publications_10y": 0, "num_citations_10y": 0, "publications_years": {"1994": 1}, "citations_years": {"1995": 2}, "old_citations": {"1994": 2}, "isVisible": false}, "2649237452": {"name": "raul gormaz", "type": "author", "activity": 1, "h_index": 1, "h5_index": 0, "mag_id": "2649237452", "num_publications": 1, "num_citations": 6, "num_publications_5y": 0, "num_citations_5y": 0, "num_publications_10y": 0, "num_citations_10y": 1, "publications_years": {"1994": 1}, "citations_years": {"2001": 1, "2002": 0, "2003": 0, "2004": 0, "2005": 2, "2006": 2, "2007": 0, "2008": 0, "2009": 0, "2010": 0, "2011": 0, "2012": 1}, "old_citations": {"1994": 6}, "isVisible": false}, "2649956932": {"name": "b chalmond", "type": "author", "activity": 1, "h_index": 1, "h5_index": 0, "mag_id": "2649956932", "num_publications": 1, "num_citations": 2, "num_publications_5y": 0, "num_citations_5y": 0, "num_publications_10y": 0, "num_citations_10y": 0, "publications_years": {"1994": 1}, "citations_years": {"1995": 1, "1996": 1}, "old_citations": {"1994": 2}, "isVisible": false}, "2671051695": {"name": "s harbour", "type": "author", "activity": 1, "h_index": 1, "h5_index": 0, "mag_id": "2671051695", "num_publications": 1, "num_citations": 1, "num_publications_5y": 0, "num_citations_5y": 0, "num_publications_10y": 0, "num_citations_10y": 0, "publications_years": {"1994": 1}, "citations_years": {"1996": 1}, "old_citations": {"1994": 1}, "isVisible": false}, "2674675455": {"name": "j c mason", "type": "author", "activity": 1, "h_index": 1, "h5_index": 0, "mag_id": "2674675455", "num_publications": 1, "num_citations": 1, "num_publications_5y": 0, "num_citations_5y": 0, "num_publications_10y": 0, "num_citations_10y": 0, "publications_years": {"1994": 1}, "citations_years": {"1996": 1}, "old_citations": {"1994": 1}, "isVisible": false}, "2686419785": {"name": "l brunie", "type": "author", "activity": 1, "h_index": 1, "h5_index": 0, "mag_id": "2686419785", "num_publications": 1, "num_citations": 1, "num_publications_5y": 0, "num_citations_5y": 0, "num_publications_10y": 0, "num_citations_10y": 0, "publications_years": {"1994": 1}, "citations_years": {"1993": 1}, "old_citations": {"1994": 1}, "isVisible": false}, "2711221631": {"name": "p cinquin", "type": "author", "activity": 1, "h_index": 1, "h5_index": 0, "mag_id": "2711221631", "num_publications": 1, "num_citations": 1, "num_publications_5y": 0, "num_citations_5y": 0, "num_publications_10y": 0, "num_citations_10y": 0, "publications_years": {"1994": 1}, "citations_years": {"1993": 1}, "old_citations": {"1994": 1}, "isVisible": false}, "2715236856": {"name": "pierre montes", "type": "author", "activity": 1, "h_index": 1, "h5_index": 0, "mag_id": "2715236856", "num_publications": 1, "num_citations": 10, "num_publications_5y": 0, "num_citations_5y": 1, "num_publications_10y": 0, "num_citations_10y": 4, "publications_years": {"1994": 1}, "citations_years": {"1995": 1, "1996": 0, "1997": 0, "1998": 0, "1999": 0, "2000": 0, "2001": 1, "2002": 2, "2003": 0, "2004": 1, "2005": 0, "2006": 0, "2007": 1, "2008": 0, "2009": 1, "2010": 1, "2011": 0, "2012": 1, "2013": 0, "2014": 0, "2015": 1}, "old_citations": {"1994": 10}, "isVisible": false}, "2776982681": {"name": "bonita v saunders", "type": "author", "activity": 1, "h_index": 1, "h5_index": 0, "mag_id": "2776982681", "num_publications": 1, "num_citations": 2, "num_publications_5y": 0, "num_citations_5y": 0, "num_publications_10y": 0, "num_citations_10y": 1, "publications_years": {"2007": 1}, "citations_years": {"2008": 1, "2009": 0, "2010": 0, "2011": 1}, "old_citations": {"2007": 2}, "isVisible": false}, "2778030472": {"name": "anestis antoniadis", "type": "author", "activity": 1, "h_index": 1, "h5_index": 0, "mag_id": "2778030472", "num_publications": 1, "num_citations": 5, "num_publications_5y": 0, "num_citations_5y": 0, "num_publications_10y": 0, "num_citations_10y": 1, "publications_years": {"1994": 1}, "citations_years": {"1994": 1, "1995": 0, "1996": 0, "1997": 0, "1998": 0, "1999": 0, "2000": 1, "2001": 0, "2002": 0, "2003": 1, "2004": 0, "2005": 0, "2006": 0, "2007": 1, "2008": 0, "2009": 0, "2010": 1}, "old_citations": {"1994": 5}, "isVisible": false}, "2913799286": {"name": "jeanchristophe roux", "type": "author", "activity": 1, "h_index": 1, "h5_index": 0, "mag_id": "2913799286", "num_publications": 1, "num_citations": 8, "num_publications_5y": 0, "num_citations_5y": 0, "num_publications_10y": 0, "num_citations_10y": 2, "publications_years": {"1994": 1}, "citations_years": {"2000": 1, "2001": 0, "2002": 1, "2003": 1, "2004": 0, "2005": 2, "2006": 0, "2007": 0, "2008": 0, "2009": 0, "2010": 0, "2011": 1, "2012": 1, "2013": 0, "2014": 0, "2015": 0, "2016": 0, "2017": 0, "2018": 0, "2019": 1}, "old_citations": {"1994": 8}, "isVisible": false}, "2918878042": {"name": "daniel williams", "type": "author", "activity": 1, "h_index": 0, "h5_index": 0, "mag_id": "2918878042", "num_publications": 1, "num_citations": 0, "num_publications_5y": 0, "num_citations_5y": 0, "num_publications_10y": 0, "num_citations_10y": 0, "publications_years": {"1994": 1}, "citations_years": {}, "old_citations": {"1994": 0}, "isVisible": false}, "2922008003": {"name": "m rossini", "type": "author", "activity": 16, "h_index": 2, "h5_index": 0, "mag_id": "2922008003", "num_publications": 1, "num_citations": 6, "num_publications_5y": 0, "num_citations_5y": 1, "num_publications_10y": 0, "num_citations_10y": 2, "publications_years": {"1994": 1}, "citations_years": {"1996": 1, "1997": 1, "1998": 1, "1999": 0, "2000": 0, "2001": 0, "2002": 0, "2003": 1, "2004": 0, "2005": 0, "2006": 0, "2007": 0, "2008": 0, "2009": 1, "2010": 0, "2011": 0, "2012": 0, "2013": 0, "2014": 0, "2015": 0, "2016": 0, "2017": 0, "2018": 1}, "old_citations": {"1994": 6}, "isVisible": false}, "2923229622": {"name": "gunther greiner", "type": "author", "activity": 2, "h_index": 1, "h5_index": 0, "mag_id": "2923229622", "num_publications": 1, "num_citations": 0, "num_publications_5y": 0, "num_citations_5y": 0, "num_publications_10y": 0, "num_citations_10y": 0, "publications_years": {"1994": 1}, "citations_years": {}, "old_citations": {"1994": 0}, "isVisible": false}, "2973568999": {"name": "f coldefy", "type": "author", "activity": 1, "h_index": 1, "h5_index": 0, "mag_id": "2973568999", "num_publications": 1, "num_citations": 2, "num_publications_5y": 0, "num_citations_5y": 0, "num_publications_10y": 0, "num_citations_10y": 0, "publications_years": {"1994": 1}, "citations_years": {"1995": 1, "1996": 1}, "old_citations": {"1994": 2}, "isVisible": false}, "2973844122": {"name": "a nicolas", "type": "author", "activity": 1, "h_index": 1, "h5_index": 0, "mag_id": "2973844122", "num_publications": 1, "num_citations": 1, "num_publications_5y": 0, "num_citations_5y": 0, "num_publications_10y": 0, "num_citations_10y": 0, "publications_years": {"1994": 1}, "citations_years": {"1997": 1}, "old_citations": {"1994": 1}, "isVisible": false}}, "countries": {"Germany": {"name": "Germany", "type": "country", "h5_index": 139, "num_publications": 3, "num_citations": 60, "num_publications_5y": 1, "num_citations_5y": 33, "num_publications_10y": 3, "num_citations_10y": 48, "publications_years": {"2010": 2, "2014": 1}, "citations_years": {"2012": 8, "2013": 7, "2014": 4, "2015": 4, "2016": 10, "2017": 8, "2018": 7, "2019": 11, "2020": 1}, "old_citations": {"2010": 50, "2014": 10}, "isVisible": false}, "Austria": {"name": "Austria", "type": "country", "h5_index": 71, "num_publications": 2, "num_citations": 6, "num_publications_5y": 1, "num_citations_5y": 2, "num_publications_10y": 2, "num_citations_10y": 5, "publications_years": {"2010": 1, "2014": 1}, "citations_years": {"2012": 3, "2013": 0, "2014": 0, "2015": 1, "2016": 0, "2017": 1, "2019": 1}, "old_citations": {"2010": 5, "2014": 1}, "isVisible": false}, "Israel": {"name": "Israel", "type": "country", "h5_index": 110, "num_publications": 2, "num_citations": 1027, "num_publications_5y": 1, "num_citations_5y": 667, "num_publications_10y": 2, "num_citations_10y": 723, "publications_years": {"2010": 1, "2014": 1}, "citations_years": {"2011": 5, "2012": 19, "2013": 32, "2014": 63, "2015": 96, "2016": 141, "2017": 169, "2018": 198, "2019": 242, "2020": 62}, "old_citations": {"2010": 1027, "2014": 0}, "isVisible": false}, "Spain": {"name": "Spain", "type": "country", "h5_index": 91, "num_publications": 2, "num_citations": 2, "num_publications_5y": 1, "num_citations_5y": 1, "num_publications_10y": 2, "num_citations_10y": 2, "publications_years": {"2014": 1, "2010": 1}, "citations_years": {"2012": 1, "2013": 0, "2014": 0, "2015": 0, "2016": 1}, "old_citations": {"2014": 0, "2010": 2}, "isVisible": false}, "Canada": {"name": "Canada", "type": "country", "h5_index": 128, "num_publications": 1, "num_citations": 4, "num_publications_5y": 1, "num_citations_5y": 3, "num_publications_10y": 1, "num_citations_10y": 3, "publications_years": {"2014": 1}, "citations_years": {"2015": 1, "2016": 2, "2017": 0, "2018": 0, "2019": 1}, "old_citations": {"2014": 4}, "isVisible": false}, "France": {"name": "France", "type": "country", "h5_index": 99, "num_publications": 1, "num_citations": 0, "num_publications_5y": 1, "num_citations_5y": 0, "num_publications_10y": 1, "num_citations_10y": 0, "publications_years": {"2014": 1}, "citations_years": {}, "old_citations": {"2014": 0}, "isVisible": false}, "Italy": {"name": "Italy", "type": "country", "h5_index": 94, "num_publications": 1, "num_citations": 1, "num_publications_5y": 1, "num_citations_5y": 0, "num_publications_10y": 1, "num_citations_10y": 0, "publications_years": {"2014": 1}, "citations_years": {"2019": 1}, "old_citations": {"2014": 1}, "isVisible": false}, "Switzerland": {"name": "Switzerland", "type": "country", "h5_index": 102, "num_publications": 1, "num_citations": 0, "num_publications_5y": 1, "num_citations_5y": 0, "num_publications_10y": 1, "num_citations_10y": 0, "publications_years": {"2014": 1}, "citations_years": {}, "old_citations": {"2014": 0}, "isVisible": false}, "United States": {"name": "United States", "type": "country", "h5_index": 308, "num_publications": 1, "num_citations": 1, "num_publications_5y": 1, "num_citations_5y": 1, "num_publications_10y": 1, "num_citations_10y": 1, "publications_years": {"2014": 1}, "citations_years": {"2018": 1}, "old_citations": {"2014": 1}, "isVisible": false}}, "industrial_sectors": {"aerospace": {"name": "aerospace", "type": "industrial sector", "h5_index": 17, "num_publications": 1, "num_citations": 5, "num_publications_5y": 0, "num_citations_5y": 2, "num_publications_10y": 1, "num_citations_10y": 5, "publications_years": {"2010": 1}, "citations_years": {"2012": 3, "2013": 0, "2014": 0, "2015": 1, "2016": 0, "2017": 1}, "old_citations": {"2010": 5}, "isVisible": false}, "defence_and_security": {"name": "defence_and_security", "type": "industrial sector", "h5_index": 19, "num_publications": 1, "num_citations": 5, "num_publications_5y": 0, "num_citations_5y": 2, "num_publications_10y": 1, "num_citations_10y": 5, "publications_years": {"2010": 1}, "citations_years": {"2012": 3, "2013": 0, "2014": 0, "2015": 1, "2016": 0, "2017": 1}, "old_citations": {"2010": 5}, "isVisible": false}, "transportation": {"name": "transportation", "type": "industrial sector", "h5_index": 43, "num_publications": 1, "num_citations": 5, "num_publications_5y": 0, "num_citations_5y": 2, "num_publications_10y": 1, "num_citations_10y": 5, "publications_years": {"2010": 1}, "citations_years": {"2012": 3, "2013": 0, "2014": 0, "2015": 1, "2016": 0, "2017": 1}, "old_citations": {"2010": 5}, "isVisible": false}}}, "conference_comparison": {"computer science": {}}, "topics_dna": {"publications": {}, "citations": {"normalized": {}, "average": {}}}, "info": {"num_publications": 38, "num_citations": 1226.0, "impact_factor": {"1995": 0.30434782608695654, "1996": 0.22727272727272727, "1997": 0, "1998": 0, "1999": 0, "2000": 0, "2001": 0, "2002": 0, "2003": 0, "2004": 0, "2005": 0, "2006": 0, "2007": 0, "2008": 1.5, "2009": 1.5, "2010": 0, "2011": 1.25, "2012": 7.0, "2013": 0, "2014": 0}, "publications_years": {"1994": 22, "2014": 9, "2010": 4, "2007": 2, "1993": 1}, "citations_years": {"1993": 1, "1994": 2, "1995": 7, "1996": 5, "1997": 11, "1998": 6, "1999": 2, "2000": 3, "2001": 6, "2002": 4, "2003": 7, "2004": 4, "2005": 8, "2006": 6, "2007": 11, "2008": 6, "2009": 6, "2010": 6, "2011": 9, "2012": 32, "2013": 42, "2014": 71, "2015": 104, "2016": 155, "2017": 180, "2018": 211, "2019": 257, "2020": 64}, "old_citations": {"1994": 100, "2014": 21, "2010": 1079, "2007": 25, "1993": 1}, "h5_index": 0}, "percentile": {"computer science": {"1994": 92, "2014": 65, "2010": 99, "2007": 86, "1993": 90}}, "conference_ranking": {"computer science": {"1994": 336, "2014": 1492, "2010": 3, "2007": 556, "1993": 402}}, "academia": {"num_publications": 9, "num_citations": 1090, "publications_years": {"2010": 3, "2011": 0, "2012": 0, "2013": 0, "2014": 6}, "old_citations": {"2010": 1074, "2011": 0, "2012": 0, "2013": 0, "2014": 16}, "num_publications_5y": 0, "num_citations_5y": 0, "num_publications_10y": 6, "num_citations_10y": 16}, "industry": {"num_publications": 0, "num_citations": 0, "publications_years": {}, "old_citations": {}, "num_publications_5y": 0, "num_citations_5y": 0, "num_publications_10y": 0, "num_citations_10y": 0}, "collaborative": {"num_publications": 1, "num_citations": 5, "publications_years": {"2010": 1}, "old_citations": {"2010": 5}, "num_publications_5y": 0, "num_citations_5y": 0, "num_publications_10y": 0, "num_citations_10y": 0}, "conferences": {}, "journals": {}, "organizations": {"publication_overall": ["University of Valencia", "Innsbruck Medical University", "Johannes Kepler University of Linz", "MTU Aero Engines (Germany)", "RWTH Aachen University", "Technion \u2013 Israel Institute of Technology", "Tel Aviv University", "University of Calgary", "University of California System", "University of Stuttgart", "University of Turin", "\u00c9cole Normale Sup\u00e9rieure", "\u00c9cole Polytechnique F\u00e9d\u00e9rale de Lausanne"], "citation_overall": ["Technion \u2013 Israel Institute of Technology", "RWTH Aachen University", "University of Stuttgart", "Johannes Kepler University of Linz", "MTU Aero Engines (Germany)", "University of Calgary", "University of Valencia", "Innsbruck Medical University", "University of California System", "University of Turin", "Tel Aviv University", "\u00c9cole Normale Sup\u00e9rieure", "\u00c9cole Polytechnique F\u00e9d\u00e9rale de Lausanne"], "publication_10_years": ["Innsbruck Medical University", "Tel Aviv University", "University of Calgary", "University of California System", "University of Stuttgart", "University of Turin", "University of Valencia", "\u00c9cole Normale Sup\u00e9rieure", "\u00c9cole Polytechnique F\u00e9d\u00e9rale de Lausanne"], "citation_10_years": ["University of Stuttgart", "University of Calgary", "Innsbruck Medical University", "University of California System", "University of Turin", "Tel Aviv University", "University of Valencia", "\u00c9cole Normale Sup\u00e9rieure", "\u00c9cole Polytechnique F\u00e9d\u00e9rale de Lausanne"], "publication_5_years": [], "citation_5_years": []}, "countries": {"publication_overall": ["Germany", "Austria", "Israel", "Spain", "Canada", "France", "Italy", "Switzerland", "United States"], "citation_overall": ["Israel", "Germany", "Austria", "Canada", "Spain", "Italy", "United States", "France", "Switzerland"], "publication_10_years": ["Austria", "Canada", "France", "Germany", "Israel", "Italy", "Spain", "Switzerland", "United States"], "citation_10_years": ["Germany", "Canada", "Austria", "Italy", "United States", "France", "Israel", "Spain", "Switzerland"], "publication_5_years": [], "citation_5_years": []}, "topics": {"publication_overall": ["computer science", "computer imaging and vision", "mathematics", "image processing", "computer aided design", "computer systems", "image analysis", "splines", "image reconstruction", "engineering", "artificial intelligence", "cubic spline", "signal processing", "reconstruction", "telecommunication systems", "wavelet transforms", "communication systems", "computer hardware", "computer networks", "image coding"], "citation_overall": ["computer science", "mathematics", "computer imaging and vision", "computer systems", "image processing", "engineering", "image analysis", "image reconstruction", "signal processing", "communication systems", "computer networks", "telecommunication systems", "wireless telecommunication systems", "communication channels (information theory)", "image coding", "signal to noise ratio", "graph theory", "theoretical computer science", "artificial intelligence", "computer hardware"], "publication_10_years": ["computer science", "computer imaging and vision", "image processing", "mathematics", "computer systems", "engineering", "computer aided design", "image analysis", "image reconstruction", "signal processing", "artificial intelligence", "numerical methods", "telecommunication systems", "communication systems", "computer hardware", "computer networks", "human computer interaction", "image segmentation", "machine learning", "reconstruction"], "citation_10_years": ["computer science", "computer aided design", "mathematics", "splines", "adaptive algorithms", "software", "computer imaging and vision", "computer systems", "cubic spline", "numerical methods", "artificial intelligence", "engineering", "finite element method", "image analysis", "image processing", "image reconstruction", "numerical example", "spline functions", "computer hardware", "machine learning"], "publication_5_years": [], "citation_5_years": []}, "main_topics": ["computer science"], "authors": {"publication_overall": ["1779994631", "1965615608", "1971889600", "2102586250", "2135773226", "2148130117", "8772650", "135779809", "171490633", "177951892", "182809730", "283251092", "416744812", "1558856818", "1602206141", "1821145341", "1926607344", "1933561188", "1934135995", "1964182561", "1968586732", "1973665459", "1978048696", "1978829428", "1985097485", "1985366706", "1996518183", "1999676658", "2076239140", "2077457866", "2092778449", "2098250646", "2108108349", "2112544405", "2120329726", "2122502592", "2126764247", "2135226195", "2139778092", "2141618831", "2145439847", "2151198679", "2157403202", "2168579431", "2168717196", "2171853932", "2175559996", "2187997294", "2283340098", "2288915949", "2314431409", "2332937377", "2399094498", "2430781295", "2435820312", "2486262846", "2489894716", "2493653434", "2504035527", "2507177934", "2520464222", "2570301886", "2601035271", "2625672784", "2629921377", "2635311660", "2643010570", "2643974949", "2644303496", "2648347900", "2649237452", "2649956932", "2671051695", "2674675455", "2686419785", "2711221631", "2715236856", "2776982681", "2778030472", "2913799286", "2918878042", "2922008003", "2923229622", "2973568999", "2973844122"], "citation_overall": ["416744812", "1973665459", "2288915949", "1978048696", "1985366706", "177951892", "2076239140", "2625672784", "8772650", "2135773226", "1971889600", "2151198679", "2157403202", "2489894716", "2493653434", "2504035527", "2570301886", "2715236856", "2913799286", "2486262846", "1926607344", "2314431409", "2435820312", "2507177934", "2643010570", "2649237452", "2922008003", "135779809", "1779994631", "1965615608", "1985097485", "2332937377", "2778030472", "171490633", "1821145341", "2112544405", "2171853932", "2175559996", "1933561188", "2102586250", "2141618831", "2148130117", "2168579431", "2168717196", "2187997294", "2283340098", "2635311660", "2643974949", "2644303496", "2648347900", "2649956932", "2776982681", "2973568999", "182809730", "1558856818", "1602206141", "1964182561", "1978829428", "1999676658", "2092778449", "2098250646", "2108108349", "2122502592", "2135226195", "2145439847", "2399094498", "2520464222", "2601035271", "2629921377", "2671051695", "2674675455", "2686419785", "2711221631", "2973844122", "283251092", "1934135995", "1968586732", "1996518183", "2077457866", "2120329726", "2126764247", "2139778092", "2430781295", "2918878042", "2923229622"], "publication_10_years": ["1779994631", "1965615608", "171490633", "182809730", "1558856818", "1821145341", "1934135995", "1964182561", "1978829428", "1996518183", "2077457866", "2092778449", "2098250646", "2102586250", "2108108349", "2112544405", "2122502592", "2135226195", "2135773226", "2148130117", "2157403202", "2171853932", "2175559996", "2399094498", "2430781295", "2489894716", "2493653434", "2504035527", "2570301886"], "citation_10_years": ["2157403202", "2489894716", "2493653434", "2504035527", "2570301886", "1779994631", "1965615608", "171490633", "1821145341", "2112544405", "2171853932", "2175559996", "182809730", "1558856818", "1964182561", "1978829428", "2092778449", "2098250646", "2108108349", "2122502592", "2135226195", "2399094498", "1934135995", "1996518183", "2077457866", "2102586250", "2135773226", "2148130117", "2430781295"], "publication_5_years": [], "citation_5_years": []}, "industrial_sectors": {"publication_overall": ["aerospace", "defence_and_security", "transportation"], "citation_overall": ["aerospace", "defence_and_security", "transportation"], "publication_10_years": [], "citation_10_years": [], "publication_5_years": [], "citation_5_years": []}}