{"name": "IEEE Power Engineering and Automation Conference", "acronym": "PEAC", "type": "conference", "uniqueEntities": {"organizations": {"Electric Power Research Institute": {"name": "Electric Power Research Institute", "type": "organization", "organization_type": "Nonprofit", "h_index": 28, "h5_index": 19, "num_publications": 3, "num_citations": 4, "num_publications_5y": 0, "num_citations_5y": 3, "num_publications_10y": 3, "num_citations_10y": 3, "publications_years": {"2011": 3}, "citations_years": {"2015": 2, "2016": 0, "2017": 1, "2018": 0, "2019": 1}, "old_citations": {"2011": 4}, "isVisible": false}, "Sichuan University": {"name": "Sichuan University", "type": "organization", "organization_type": "Education", "h_index": 56, "h5_index": 39, "num_publications": 3, "num_citations": 0, "num_publications_5y": 0, "num_citations_5y": 0, "num_publications_10y": 3, "num_citations_10y": 0, "publications_years": {"2011": 3}, "citations_years": {}, "old_citations": {"2011": 0}, "isVisible": false}, "South China University of Technology": {"name": "South China University of Technology", "type": "organization", "organization_type": "Education", "h_index": 83, "h5_index": 54, "num_publications": 3, "num_citations": 7, "num_publications_5y": 0, "num_citations_5y": 6, "num_publications_10y": 3, "num_citations_10y": 7, "publications_years": {"2011": 3}, "citations_years": {"2013": 1, "2014": 1, "2015": 1, "2016": 2, "2017": 1, "2018": 1}, "old_citations": {"2011": 7}, "isVisible": false}, "Beihang University": {"name": "Beihang University", "type": "organization", "organization_type": "Education", "h_index": 90, "h5_index": 58, "num_publications": 2, "num_citations": 2, "num_publications_5y": 0, "num_citations_5y": 0, "num_publications_10y": 2, "num_citations_10y": 2, "publications_years": {"2011": 2}, "citations_years": {"2013": 2}, "old_citations": {"2011": 2}, "isVisible": false}, "North China Electric Power University": {"name": "North China Electric Power University", "type": "organization", "organization_type": "Education", "h_index": 38, "h5_index": 29, "num_publications": 2, "num_citations": 4, "num_publications_5y": 0, "num_citations_5y": 4, "num_publications_10y": 2, "num_citations_10y": 4, "publications_years": {"2011": 2}, "citations_years": {"2015": 2, "2014": 2}, "old_citations": {"2011": 4}, "isVisible": false}, "Shanghai Jiao Tong University": {"name": "Shanghai Jiao Tong University", "type": "organization", "organization_type": "Education", "h_index": 136, "h5_index": 71, "num_publications": 2, "num_citations": 0, "num_publications_5y": 0, "num_citations_5y": 0, "num_publications_10y": 2, "num_citations_10y": 0, "publications_years": {"2012": 2}, "citations_years": {}, "old_citations": {"2012": 0}, "isVisible": false}, "Taiyuan University of Technology": {"name": "Taiyuan University of Technology", "type": "organization", "organization_type": "Education", "h_index": 21, "h5_index": 13, "num_publications": 2, "num_citations": 0, "num_publications_5y": 0, "num_citations_5y": 0, "num_publications_10y": 2, "num_citations_10y": 0, "publications_years": {"2011": 2}, "citations_years": {}, "old_citations": {"2011": 0}, "isVisible": false}, "Wuhan University": {"name": "Wuhan University", "type": "organization", "organization_type": "Education", "h_index": 85, "h5_index": 51, "num_publications": 2, "num_citations": 6, "num_publications_5y": 0, "num_citations_5y": 4, "num_publications_10y": 2, "num_citations_10y": 6, "publications_years": {"2011": 2}, "citations_years": {"2013": 2, "2014": 1, "2015": 1, "2016": 0, "2017": 0, "2018": 2}, "old_citations": {"2011": 6}, "isVisible": false}, "Alstom (France)": {"name": "Alstom (France)", "type": "organization", "organization_type": "Company", "h_index": 26, "h5_index": 6, "num_publications": 1, "num_citations": 0, "num_publications_5y": 0, "num_citations_5y": 0, "num_publications_10y": 1, "num_citations_10y": 0, "publications_years": {"2011": 1}, "citations_years": {}, "old_citations": {"2011": 0}, "isVisible": false}, "Beijing Institute of Technology": {"name": "Beijing Institute of Technology", "type": "organization", "organization_type": "Education", "h_index": 76, "h5_index": 53, "num_publications": 1, "num_citations": 0, "num_publications_5y": 0, "num_citations_5y": 0, "num_publications_10y": 1, "num_citations_10y": 0, "publications_years": {"2011": 1}, "citations_years": {}, "old_citations": {"2011": 0}, "isVisible": false}, "Beijing University of Posts and Telecommunications": {"name": "Beijing University of Posts and Telecommunications", "type": "organization", "organization_type": "Education", "h_index": 107, "h5_index": 59, "num_publications": 1, "num_citations": 3, "num_publications_5y": 0, "num_citations_5y": 2, "num_publications_10y": 1, "num_citations_10y": 2, "publications_years": {"2011": 1}, "citations_years": {"2014": 1, "2015": 0, "2016": 0, "2017": 0, "2018": 1, "2019": 0, "2020": 1}, "old_citations": {"2011": 3}, "isVisible": false}, "Beijing University of Technology": {"name": "Beijing University of Technology", "type": "organization", "organization_type": "Education", "h_index": 47, "h5_index": 28, "num_publications": 1, "num_citations": 0, "num_publications_5y": 0, "num_citations_5y": 0, "num_publications_10y": 1, "num_citations_10y": 0, "publications_years": {"2011": 1}, "citations_years": {}, "old_citations": {"2011": 0}, "isVisible": false}, "Changsha University of Science and Technology": {"name": "Changsha University of Science and Technology", "type": "organization", "organization_type": "Education", "h_index": 24, "h5_index": 20, "num_publications": 1, "num_citations": 4, "num_publications_5y": 0, "num_citations_5y": 3, "num_publications_10y": 1, "num_citations_10y": 4, "publications_years": {"2011": 1}, "citations_years": {"2013": 1, "2014": 1, "2015": 2}, "old_citations": {"2011": 4}, "isVisible": false}, "China Three Gorges University": {"name": "China Three Gorges University", "type": "organization", "organization_type": "Education", "h_index": 21, "h5_index": 14, "num_publications": 1, "num_citations": 2, "num_publications_5y": 0, "num_citations_5y": 2, "num_publications_10y": 1, "num_citations_10y": 2, "publications_years": {"2012": 1}, "citations_years": {"2014": 2}, "old_citations": {"2012": 2}, "isVisible": false}, "Fuzhou University": {"name": "Fuzhou University", "type": "organization", "organization_type": "Education", "h_index": 43, "h5_index": 24, "num_publications": 1, "num_citations": 0, "num_publications_5y": 0, "num_citations_5y": 0, "num_publications_10y": 1, "num_citations_10y": 0, "publications_years": {"2011": 1}, "citations_years": {}, "old_citations": {"2011": 0}, "isVisible": false}, "Guilin University of Technology": {"name": "Guilin University of Technology", "type": "organization", "organization_type": "Education", "h_index": 14, "h5_index": 10, "num_publications": 1, "num_citations": 0, "num_publications_5y": 0, "num_citations_5y": 0, "num_publications_10y": 1, "num_citations_10y": 0, "publications_years": {"2011": 1}, "citations_years": {}, "old_citations": {"2011": 0}, "isVisible": false}, "Hohai University": {"name": "Hohai University", "type": "organization", "organization_type": "Education", "h_index": 45, "h5_index": 31, "num_publications": 1, "num_citations": 0, "num_publications_5y": 0, "num_citations_5y": 0, "num_publications_10y": 1, "num_citations_10y": 0, "publications_years": {"2011": 1}, "citations_years": {}, "old_citations": {"2011": 0}, "isVisible": false}, "Hunan University": {"name": "Hunan University", "type": "organization", "organization_type": "Education", "h_index": 64, "h5_index": 37, "num_publications": 1, "num_citations": 0, "num_publications_5y": 0, "num_citations_5y": 0, "num_publications_10y": 1, "num_citations_10y": 0, "publications_years": {"2011": 1}, "citations_years": {}, "old_citations": {"2011": 0}, "isVisible": false}, "Kunming University of Science and Technology": {"name": "Kunming University of Science and Technology", "type": "organization", "organization_type": "Education", "h_index": 29, "h5_index": 19, "num_publications": 1, "num_citations": 0, "num_publications_5y": 0, "num_citations_5y": 0, "num_publications_10y": 1, "num_citations_10y": 0, "publications_years": {"2012": 1}, "citations_years": {}, "old_citations": {"2012": 0}, "isVisible": false}, "Nanjing University": {"name": "Nanjing University", "type": "organization", "organization_type": "Education", "h_index": 115, "h5_index": 51, "num_publications": 1, "num_citations": 0, "num_publications_5y": 0, "num_citations_5y": 0, "num_publications_10y": 1, "num_citations_10y": 0, "publications_years": {"2011": 1}, "citations_years": {}, "old_citations": {"2011": 0}, "isVisible": false}, "National Institute of Technology Durgapur": {"name": "National Institute of Technology Durgapur", "type": "organization", "organization_type": "Education", "h_index": 25, "h5_index": 13, "num_publications": 1, "num_citations": 4, "num_publications_5y": 0, "num_citations_5y": 3, "num_publications_10y": 1, "num_citations_10y": 3, "publications_years": {"2011": 1}, "citations_years": {"2014": 1, "2015": 1, "2016": 1, "2017": 0, "2018": 0, "2019": 0, "2020": 1}, "old_citations": {"2011": 4}, "isVisible": false}, "Shanghai University": {"name": "Shanghai University", "type": "organization", "organization_type": "Education", "h_index": 68, "h5_index": 37, "num_publications": 1, "num_citations": 0, "num_publications_5y": 0, "num_citations_5y": 0, "num_publications_10y": 1, "num_citations_10y": 0, "publications_years": {"2012": 1}, "citations_years": {}, "old_citations": {"2012": 0}, "isVisible": false}, "Shanghai University of Engineering Sciences": {"name": "Shanghai University of Engineering Sciences", "type": "organization", "organization_type": "Education", "h_index": 16, "h5_index": 11, "num_publications": 1, "num_citations": 3, "num_publications_5y": 0, "num_citations_5y": 3, "num_publications_10y": 1, "num_citations_10y": 3, "publications_years": {"2012": 1}, "citations_years": {"2014": 1, "2015": 1, "2016": 1}, "old_citations": {"2012": 3}, "isVisible": false}, "Shenyang Institute of Automation": {"name": "Shenyang Institute of Automation", "type": "organization", "organization_type": "Facility", "h_index": 23, "h5_index": 8, "num_publications": 1, "num_citations": 0, "num_publications_5y": 0, "num_citations_5y": 0, "num_publications_10y": 1, "num_citations_10y": 0, "publications_years": {"2011": 1}, "citations_years": {}, "old_citations": {"2011": 0}, "isVisible": false}, "Tsinghua University": {"name": "Tsinghua University", "type": "organization", "organization_type": "Education", "h_index": 193, "h5_index": 102, "num_publications": 1, "num_citations": 0, "num_publications_5y": 0, "num_citations_5y": 0, "num_publications_10y": 1, "num_citations_10y": 0, "publications_years": {"2011": 1}, "citations_years": {}, "old_citations": {"2011": 0}, "isVisible": false}, "University of Banja Luka": {"name": "University of Banja Luka", "type": "organization", "organization_type": "Education", "h_index": 13, "h5_index": 8, "num_publications": 1, "num_citations": 0, "num_publications_5y": 0, "num_citations_5y": 0, "num_publications_10y": 1, "num_citations_10y": 0, "publications_years": {"2011": 1}, "citations_years": {}, "old_citations": {"2011": 0}, "isVisible": false}, "University of Electronic Science and Technology of China": {"name": "University of Electronic Science and Technology of China", "type": "organization", "organization_type": "Education", "h_index": 89, "h5_index": 70, "num_publications": 1, "num_citations": 0, "num_publications_5y": 0, "num_citations_5y": 0, "num_publications_10y": 1, "num_citations_10y": 0, "publications_years": {"2012": 1}, "citations_years": {}, "old_citations": {"2012": 0}, "isVisible": false}, "University of Science and Technology Beijing": {"name": "University of Science and Technology Beijing", "type": "organization", "organization_type": "Education", "h_index": 57, "h5_index": 39, "num_publications": 1, "num_citations": 3, "num_publications_5y": 0, "num_citations_5y": 2, "num_publications_10y": 1, "num_citations_10y": 2, "publications_years": {"2011": 1}, "citations_years": {"2015": 1, "2016": 0, "2017": 1, "2018": 0, "2019": 1}, "old_citations": {"2011": 3}, "isVisible": false}, "Valeo (France)": {"name": "Valeo (France)", "type": "organization", "organization_type": "Company", "h_index": 22, "h5_index": 12, "num_publications": 1, "num_citations": 1, "num_publications_5y": 0, "num_citations_5y": 0, "num_publications_10y": 1, "num_citations_10y": 0, "publications_years": {"2012": 1}, "citations_years": {"2020": 1}, "old_citations": {"2012": 1}, "isVisible": false}, "Zhejiang Ocean University": {"name": "Zhejiang Ocean University", "type": "organization", "organization_type": "Education", "h_index": 13, "h5_index": 6, "num_publications": 1, "num_citations": 2, "num_publications_5y": 0, "num_citations_5y": 2, "num_publications_10y": 1, "num_citations_10y": 2, "publications_years": {"2012": 1}, "citations_years": {"2016": 2}, "old_citations": {"2012": 2}, "isVisible": false}, "Zhengzhou University": {"name": "Zhengzhou University", "type": "organization", "organization_type": "Education", "h_index": 36, "h5_index": 24, "num_publications": 1, "num_citations": 1, "num_publications_5y": 0, "num_citations_5y": 1, "num_publications_10y": 1, "num_citations_10y": 1, "publications_years": {"2011": 1}, "citations_years": {"2014": 1}, "old_citations": {"2011": 1}, "isVisible": false}}, "topics": {"computer science": {"name": "computer science", "type": "topic", "h_index": 1779, "h5_index": 416, "num_publications": 47, "num_citations": 72, "num_publications_5y": 0, "num_citations_5y": 57, "num_publications_10y": 47, "num_citations_10y": 68, "publications_years": {"2011": 33, "2012": 14}, "citations_years": {"2014": 15, "2015": 19, "2016": 12, "2017": 5, "2018": 6, "2019": 1, "2020": 3, "2013": 9, "2012": 2}, "old_citations": {"2011": 37, "2012": 35}, "isVisible": false}, "computer systems": {"name": "computer systems", "type": "topic", "h_index": 1595, "h5_index": 367, "num_publications": 39, "num_citations": 47, "num_publications_5y": 0, "num_citations_5y": 34, "num_publications_10y": 39, "num_citations_10y": 43, "publications_years": {"2011": 29, "2012": 10}, "citations_years": {"2014": 8, "2015": 13, "2016": 7, "2017": 3, "2018": 3, "2019": 1, "2020": 3, "2013": 7, "2012": 2}, "old_citations": {"2011": 24, "2012": 23}, "isVisible": false}, "engineering": {"name": "engineering", "type": "topic", "h_index": 1177, "h5_index": 287, "num_publications": 30, "num_citations": 37, "num_publications_5y": 0, "num_citations_5y": 28, "num_publications_10y": 30, "num_citations_10y": 36, "publications_years": {"2011": 18, "2012": 12}, "citations_years": {"2013": 7, "2014": 5, "2015": 11, "2020": 1, "2012": 1, "2016": 6, "2017": 3, "2018": 3}, "old_citations": {"2011": 14, "2012": 23}, "isVisible": false}, "computer networks": {"name": "computer networks", "type": "topic", "h_index": 1262, "h5_index": 332, "num_publications": 27, "num_citations": 52, "num_publications_5y": 0, "num_citations_5y": 43, "num_publications_10y": 27, "num_citations_10y": 50, "publications_years": {"2011": 18, "2012": 9}, "citations_years": {"2014": 8, "2013": 6, "2015": 16, "2016": 11, "2017": 5, "2018": 3, "2019": 1, "2012": 1, "2020": 1}, "old_citations": {"2011": 23, "2012": 29}, "isVisible": false}, "mathematics": {"name": "mathematics", "type": "topic", "h_index": 1364, "h5_index": 300, "num_publications": 25, "num_citations": 44, "num_publications_5y": 0, "num_citations_5y": 37, "num_publications_10y": 25, "num_citations_10y": 42, "publications_years": {"2011": 16, "2012": 9}, "citations_years": {"2014": 10, "2015": 10, "2016": 10, "2017": 3, "2018": 4, "2019": 0, "2020": 2, "2012": 1, "2013": 4}, "old_citations": {"2011": 21, "2012": 23}, "isVisible": false}, "telecommunication systems": {"name": "telecommunication systems", "type": "topic", "h_index": 1187, "h5_index": 277, "num_publications": 23, "num_citations": 34, "num_publications_5y": 0, "num_citations_5y": 27, "num_publications_10y": 23, "num_citations_10y": 32, "publications_years": {"2011": 15, "2012": 8}, "citations_years": {"2014": 5, "2015": 11, "2016": 6, "2017": 3, "2018": 2, "2019": 1, "2013": 4, "2012": 1, "2020": 1}, "old_citations": {"2011": 15, "2012": 19}, "isVisible": false}, "communication systems": {"name": "communication systems", "type": "topic", "h_index": 1092, "h5_index": 254, "num_publications": 20, "num_citations": 33, "num_publications_5y": 0, "num_citations_5y": 26, "num_publications_10y": 20, "num_citations_10y": 31, "publications_years": {"2011": 12, "2012": 8}, "citations_years": {"2015": 11, "2016": 6, "2017": 3, "2018": 2, "2019": 1, "2013": 4, "2012": 1, "2014": 4, "2020": 1}, "old_citations": {"2011": 14, "2012": 19}, "isVisible": false}, "computer hardware": {"name": "computer hardware", "type": "topic", "h_index": 1150, "h5_index": 279, "num_publications": 20, "num_citations": 25, "num_publications_5y": 0, "num_citations_5y": 19, "num_publications_10y": 20, "num_citations_10y": 24, "publications_years": {"2011": 16, "2012": 4}, "citations_years": {"2014": 7, "2013": 5, "2015": 8, "2016": 4, "2017": 0, "2018": 0, "2019": 0, "2020": 1}, "old_citations": {"2011": 23, "2012": 2}, "isVisible": false}, "wireless telecommunication systems": {"name": "wireless telecommunication systems", "type": "topic", "h_index": 1087, "h5_index": 254, "num_publications": 20, "num_citations": 33, "num_publications_5y": 0, "num_citations_5y": 26, "num_publications_10y": 20, "num_citations_10y": 31, "publications_years": {"2011": 12, "2012": 8}, "citations_years": {"2015": 11, "2016": 6, "2017": 3, "2018": 2, "2019": 1, "2013": 4, "2012": 1, "2014": 4, "2020": 1}, "old_citations": {"2011": 14, "2012": 19}, "isVisible": false}, "artificial intelligence": {"name": "artificial intelligence", "type": "topic", "h_index": 1421, "h5_index": 373, "num_publications": 19, "num_citations": 22, "num_publications_5y": 0, "num_citations_5y": 19, "num_publications_10y": 19, "num_citations_10y": 20, "publications_years": {"2011": 13, "2012": 6}, "citations_years": {"2014": 5, "2015": 5, "2016": 4, "2017": 3, "2018": 2, "2019": 1, "2020": 1, "2013": 1}, "old_citations": {"2011": 7, "2012": 15}, "isVisible": false}, "signal processing": {"name": "signal processing", "type": "topic", "h_index": 1012, "h5_index": 255, "num_publications": 17, "num_citations": 21, "num_publications_5y": 0, "num_citations_5y": 14, "num_publications_10y": 17, "num_citations_10y": 21, "publications_years": {"2011": 10, "2012": 7}, "citations_years": {"2013": 6, "2014": 4, "2015": 6, "2012": 1, "2016": 3, "2017": 0, "2018": 1}, "old_citations": {"2011": 11, "2012": 10}, "isVisible": false}, "sensors": {"name": "sensors", "type": "topic", "h_index": 960, "h5_index": 229, "num_publications": 16, "num_citations": 24, "num_publications_5y": 0, "num_citations_5y": 18, "num_publications_10y": 16, "num_citations_10y": 23, "publications_years": {"2011": 13, "2012": 3}, "citations_years": {"2013": 5, "2014": 6, "2015": 8, "2016": 4, "2017": 0, "2018": 0, "2019": 0, "2020": 1}, "old_citations": {"2011": 22, "2012": 2}, "isVisible": false}, "software": {"name": "software", "type": "topic", "h_index": 902, "h5_index": 167, "num_publications": 14, "num_citations": 26, "num_publications_5y": 0, "num_citations_5y": 23, "num_publications_10y": 14, "num_citations_10y": 25, "publications_years": {"2011": 9, "2012": 5}, "citations_years": {"2014": 8, "2015": 7, "2016": 3, "2017": 2, "2018": 3, "2020": 1, "2013": 2}, "old_citations": {"2011": 13, "2012": 13}, "isVisible": false}, "control systems": {"name": "control systems", "type": "topic", "h_index": 433, "h5_index": 104, "num_publications": 13, "num_citations": 14, "num_publications_5y": 0, "num_citations_5y": 9, "num_publications_10y": 13, "num_citations_10y": 13, "publications_years": {"2011": 11, "2012": 2}, "citations_years": {"2013": 4, "2014": 3, "2015": 5, "2020": 1, "2016": 1}, "old_citations": {"2011": 10, "2012": 4}, "isVisible": false}, "telecommunication networks": {"name": "telecommunication networks", "type": "topic", "h_index": 1116, "h5_index": 258, "num_publications": 13, "num_citations": 13, "num_publications_5y": 0, "num_citations_5y": 9, "num_publications_10y": 13, "num_citations_10y": 13, "publications_years": {"2011": 9, "2012": 4}, "citations_years": {"2014": 3, "2013": 3, "2012": 1, "2015": 2, "2016": 3, "2017": 0, "2018": 1}, "old_citations": {"2011": 3, "2012": 10}, "isVisible": false}, "automation": {"name": "automation", "type": "topic", "h_index": 579, "h5_index": 144, "num_publications": 12, "num_citations": 6, "num_publications_5y": 0, "num_citations_5y": 3, "num_publications_10y": 12, "num_citations_10y": 6, "publications_years": {"2011": 10, "2012": 2}, "citations_years": {"2013": 3, "2014": 1, "2015": 1, "2016": 1}, "old_citations": {"2011": 3, "2012": 3}, "isVisible": false}, "communication channels (information theory)": {"name": "communication channels (information theory)", "type": "topic", "h_index": 925, "h5_index": 216, "num_publications": 12, "num_citations": 16, "num_publications_5y": 0, "num_citations_5y": 12, "num_publications_10y": 12, "num_citations_10y": 16, "publications_years": {"2011": 7, "2012": 5}, "citations_years": {"2015": 5, "2012": 1, "2013": 3, "2014": 3, "2016": 3, "2017": 0, "2018": 1}, "old_citations": {"2011": 6, "2012": 10}, "isVisible": false}, "computer imaging and vision": {"name": "computer imaging and vision", "type": "topic", "h_index": 1142, "h5_index": 334, "num_publications": 10, "num_citations": 21, "num_publications_5y": 0, "num_citations_5y": 18, "num_publications_10y": 10, "num_citations_10y": 20, "publications_years": {"2011": 7, "2012": 3}, "citations_years": {"2014": 3, "2015": 7, "2016": 2, "2017": 2, "2018": 4, "2019": 0, "2020": 1, "2013": 2}, "old_citations": {"2011": 12, "2012": 9}, "isVisible": false}, "fiber optic networks": {"name": "fiber optic networks", "type": "topic", "h_index": 431, "h5_index": 112, "num_publications": 10, "num_citations": 21, "num_publications_5y": 0, "num_citations_5y": 15, "num_publications_10y": 10, "num_citations_10y": 20, "publications_years": {"2011": 8, "2012": 2}, "citations_years": {"2013": 5, "2014": 4, "2015": 7, "2016": 4, "2017": 0, "2018": 0, "2019": 0, "2020": 1}, "old_citations": {"2011": 19, "2012": 2}, "isVisible": false}, "image processing": {"name": "image processing", "type": "topic", "h_index": 1113, "h5_index": 328, "num_publications": 10, "num_citations": 21, "num_publications_5y": 0, "num_citations_5y": 18, "num_publications_10y": 10, "num_citations_10y": 20, "publications_years": {"2011": 7, "2012": 3}, "citations_years": {"2014": 3, "2015": 7, "2016": 2, "2017": 2, "2018": 4, "2019": 0, "2020": 1, "2013": 2}, "old_citations": {"2011": 12, "2012": 9}, "isVisible": false}, "image analysis": {"name": "image analysis", "type": "topic", "h_index": 988, "h5_index": 315, "num_publications": 9, "num_citations": 21, "num_publications_5y": 0, "num_citations_5y": 18, "num_publications_10y": 9, "num_citations_10y": 20, "publications_years": {"2011": 7, "2012": 2}, "citations_years": {"2014": 3, "2015": 7, "2016": 2, "2017": 2, "2018": 4, "2019": 0, "2020": 1, "2013": 2}, "old_citations": {"2011": 12, "2012": 9}, "isVisible": false}, "optical fibers": {"name": "optical fibers", "type": "topic", "h_index": 457, "h5_index": 111, "num_publications": 9, "num_citations": 21, "num_publications_5y": 0, "num_citations_5y": 15, "num_publications_10y": 9, "num_citations_10y": 20, "publications_years": {"2011": 8, "2012": 1}, "citations_years": {"2013": 5, "2014": 4, "2015": 7, "2016": 4, "2017": 0, "2018": 0, "2019": 0, "2020": 1}, "old_citations": {"2011": 19, "2012": 2}, "isVisible": false}, "optical materials": {"name": "optical materials", "type": "topic", "h_index": 363, "h5_index": 93, "num_publications": 9, "num_citations": 21, "num_publications_5y": 0, "num_citations_5y": 15, "num_publications_10y": 9, "num_citations_10y": 20, "publications_years": {"2011": 8, "2012": 1}, "citations_years": {"2013": 5, "2014": 4, "2015": 7, "2016": 4, "2017": 0, "2018": 0, "2019": 0, "2020": 1}, "old_citations": {"2011": 19, "2012": 2}, "isVisible": false}, "distributed computer systems": {"name": "distributed computer systems", "type": "topic", "h_index": 985, "h5_index": 228, "num_publications": 9, "num_citations": 20, "num_publications_5y": 0, "num_citations_5y": 16, "num_publications_10y": 9, "num_citations_10y": 18, "publications_years": {"2011": 7, "2012": 2}, "citations_years": {"2013": 2, "2014": 2, "2015": 7, "2016": 3, "2017": 3, "2018": 1, "2019": 1, "2020": 1}, "old_citations": {"2011": 11, "2012": 9}, "isVisible": false}}, "authors": {"944071133": {"name": "jiang xiuchen", "type": "author", "activity": 20, "h_index": 11, "h5_index": 3, "mag_id": "944071133", "num_publications": 2, "num_citations": 0, "num_publications_5y": 0, "num_citations_5y": 0, "num_publications_10y": 2, "num_citations_10y": 0, "publications_years": {"2012": 2}, "citations_years": {}, "old_citations": {"2012": 0}, "isVisible": false}, "1202891008": {"name": "sheng gehao", "type": "author", "activity": 8, "h_index": 10, "h5_index": 4, "mag_id": "1202891008", "num_publications": 2, "num_citations": 0, "num_publications_5y": 0, "num_citations_5y": 0, "num_publications_10y": 2, "num_citations_10y": 0, "publications_years": {"2012": 2}, "citations_years": {}, "old_citations": {"2012": 0}, "isVisible": false}, "2079951499": {"name": "yang honggeng", "type": "author", "activity": 16, "h_index": 3, "h5_index": 0, "mag_id": "2079951499", "num_publications": 2, "num_citations": 0, "num_publications_5y": 0, "num_citations_5y": 0, "num_publications_10y": 2, "num_citations_10y": 0, "publications_years": {"2011": 2}, "citations_years": {}, "old_citations": {"2011": 0}, "isVisible": false}, "2222437067": {"name": "wang wenkai", "type": "author", "activity": 7, "h_index": 2, "h5_index": 1, "mag_id": "2222437067", "num_publications": 2, "num_citations": 10, "num_publications_5y": 0, "num_citations_5y": 10, "num_publications_10y": 2, "num_citations_10y": 10, "publications_years": {"2012": 2}, "citations_years": {"2014": 1, "2015": 3, "2016": 3, "2017": 2, "2018": 1}, "old_citations": {"2012": 10}, "isVisible": false}, "2230806783": {"name": "peng huanxin", "type": "author", "activity": 7, "h_index": 2, "h5_index": 1, "mag_id": "2230806783", "num_publications": 2, "num_citations": 10, "num_publications_5y": 0, "num_citations_5y": 10, "num_publications_10y": 2, "num_citations_10y": 10, "publications_years": {"2012": 2}, "citations_years": {"2014": 1, "2015": 3, "2016": 3, "2017": 2, "2018": 1}, "old_citations": {"2012": 10}, "isVisible": false}, "2310030483": {"name": "song jiancheng", "type": "author", "activity": 11, "h_index": 7, "h5_index": 3, "mag_id": "2310030483", "num_publications": 2, "num_citations": 0, "num_publications_5y": 0, "num_citations_5y": 0, "num_publications_10y": 2, "num_citations_10y": 0, "publications_years": {"2011": 2}, "citations_years": {}, "old_citations": {"2011": 0}, "isVisible": false}, "2744231094": {"name": "zhao qingsheng", "type": "author", "activity": 8, "h_index": 2, "h5_index": 0, "mag_id": "2744231094", "num_publications": 2, "num_citations": 0, "num_publications_5y": 0, "num_citations_5y": 0, "num_publications_10y": 2, "num_citations_10y": 0, "publications_years": {"2011": 2}, "citations_years": {}, "old_citations": {"2011": 0}, "isVisible": false}, "242589112": {"name": "jiang xiankang", "type": "author", "activity": 1, "h_index": 0, "h5_index": 0, "mag_id": "242589112", "num_publications": 1, "num_citations": 0, "num_publications_5y": 0, "num_citations_5y": 0, "num_publications_10y": 1, "num_citations_10y": 0, "publications_years": {"2011": 1}, "citations_years": {}, "old_citations": {"2011": 0}, "isVisible": false}, "1443764501": {"name": "wei linjun", "type": "author", "activity": 9, "h_index": 6, "h5_index": 1, "mag_id": "1443764501", "num_publications": 1, "num_citations": 3, "num_publications_5y": 0, "num_citations_5y": 2, "num_publications_10y": 1, "num_citations_10y": 3, "publications_years": {"2011": 1}, "citations_years": {"2013": 1, "2014": 1, "2015": 1}, "old_citations": {"2011": 3}, "isVisible": false}, "1984358005": {"name": "chi yongning", "type": "author", "activity": 9, "h_index": 6, "h5_index": 1, "mag_id": "1984358005", "num_publications": 1, "num_citations": 3, "num_publications_5y": 0, "num_citations_5y": 2, "num_publications_10y": 1, "num_citations_10y": 3, "publications_years": {"2011": 1}, "citations_years": {"2013": 1, "2014": 1, "2015": 1}, "old_citations": {"2011": 3}, "isVisible": false}, "1998963021": {"name": "liu jianhua", "type": "author", "activity": 2, "h_index": 1, "h5_index": 0, "mag_id": "1998963021", "num_publications": 1, "num_citations": 4, "num_publications_5y": 0, "num_citations_5y": 3, "num_publications_10y": 1, "num_citations_10y": 4, "publications_years": {"2011": 1}, "citations_years": {"2013": 1, "2014": 1, "2015": 2}, "old_citations": {"2011": 4}, "isVisible": false}, "2006435255": {"name": "bai jianxun", "type": "author", "activity": 1, "h_index": 0, "h5_index": 0, "mag_id": "2006435255", "num_publications": 1, "num_citations": 0, "num_publications_5y": 0, "num_citations_5y": 0, "num_publications_10y": 1, "num_citations_10y": 0, "publications_years": {"2011": 1}, "citations_years": {}, "old_citations": {"2011": 0}, "isVisible": false}, "2013668752": {"name": "li renfa", "type": "author", "activity": 15, "h_index": 6, "h5_index": 1, "mag_id": "2013668752", "num_publications": 1, "num_citations": 0, "num_publications_5y": 0, "num_citations_5y": 0, "num_publications_10y": 1, "num_citations_10y": 0, "publications_years": {"2011": 1}, "citations_years": {}, "old_citations": {"2011": 0}, "isVisible": false}, "2071200795": {"name": "qian yong", "type": "author", "activity": 15, "h_index": 6, "h5_index": 2, "mag_id": "2071200795", "num_publications": 1, "num_citations": 0, "num_publications_5y": 0, "num_citations_5y": 0, "num_publications_10y": 1, "num_citations_10y": 0, "publications_years": {"2012": 1}, "citations_years": {}, "old_citations": {"2012": 0}, "isVisible": false}, "2101317102": {"name": "hongjie li", "type": "author", "activity": 1, "h_index": 1, "h5_index": 0, "mag_id": "2101317102", "num_publications": 1, "num_citations": 2, "num_publications_5y": 0, "num_citations_5y": 2, "num_publications_10y": 1, "num_citations_10y": 2, "publications_years": {"2012": 1}, "citations_years": {"2014": 2}, "old_citations": {"2012": 2}, "isVisible": false}, "2101497078": {"name": "xiangyang liu", "type": "author", "activity": 9, "h_index": 2, "h5_index": 1, "mag_id": "2101497078", "num_publications": 1, "num_citations": 0, "num_publications_5y": 0, "num_citations_5y": 0, "num_publications_10y": 1, "num_citations_10y": 0, "publications_years": {"2011": 1}, "citations_years": {}, "old_citations": {"2011": 0}, "isVisible": false}, "2113463232": {"name": "hanlin liu", "type": "author", "activity": 1, "h_index": 1, "h5_index": 0, "mag_id": "2113463232", "num_publications": 1, "num_citations": 5, "num_publications_5y": 0, "num_citations_5y": 4, "num_publications_10y": 1, "num_citations_10y": 5, "publications_years": {"2011": 1}, "citations_years": {"2013": 1, "2014": 1, "2015": 1, "2016": 2}, "old_citations": {"2011": 5}, "isVisible": false}, "2139217463": {"name": "ningfei wang", "type": "author", "activity": 9, "h_index": 2, "h5_index": 1, "mag_id": "2139217463", "num_publications": 1, "num_citations": 0, "num_publications_5y": 0, "num_citations_5y": 0, "num_publications_10y": 1, "num_citations_10y": 0, "publications_years": {"2011": 1}, "citations_years": {}, "old_citations": {"2011": 0}, "isVisible": false}, "2148784497": {"name": "dongying zhang", "type": "author", "activity": 1, "h_index": 1, "h5_index": 0, "mag_id": "2148784497", "num_publications": 1, "num_citations": 1, "num_publications_5y": 0, "num_citations_5y": 1, "num_publications_10y": 1, "num_citations_10y": 1, "publications_years": {"2011": 1}, "citations_years": {"2015": 1}, "old_citations": {"2011": 1}, "isVisible": false}, "2151203879": {"name": "liu feng", "type": "author", "activity": 9, "h_index": 0, "h5_index": 0, "mag_id": "2151203879", "num_publications": 1, "num_citations": 0, "num_publications_5y": 0, "num_citations_5y": 0, "num_publications_10y": 1, "num_citations_10y": 0, "publications_years": {"2011": 1}, "citations_years": {}, "old_citations": {"2011": 0}, "isVisible": false}, "2154134484": {"name": "lei yong", "type": "author", "activity": 1, "h_index": 0, "h5_index": 0, "mag_id": "2154134484", "num_publications": 1, "num_citations": 0, "num_publications_5y": 0, "num_citations_5y": 0, "num_publications_10y": 1, "num_citations_10y": 0, "publications_years": {"2011": 1}, "citations_years": {}, "old_citations": {"2011": 0}, "isVisible": false}, "2156741956": {"name": "xiaoli meng", "type": "author", "activity": 8, "h_index": 5, "h5_index": 1, "mag_id": "2156741956", "num_publications": 1, "num_citations": 3, "num_publications_5y": 0, "num_citations_5y": 2, "num_publications_10y": 1, "num_citations_10y": 2, "publications_years": {"2011": 1}, "citations_years": {"2015": 1, "2016": 0, "2017": 1, "2018": 0, "2019": 1}, "old_citations": {"2011": 3}, "isVisible": false}, "2157118647": {"name": "yongning chi", "type": "author", "activity": 11, "h_index": 2, "h5_index": 1, "mag_id": "2157118647", "num_publications": 1, "num_citations": 1, "num_publications_5y": 0, "num_citations_5y": 1, "num_publications_10y": 1, "num_citations_10y": 1, "publications_years": {"2011": 1}, "citations_years": {"2015": 1}, "old_citations": {"2011": 1}, "isVisible": false}, "2157742622": {"name": "cui yue", "type": "author", "activity": 1, "h_index": 0, "h5_index": 0, "mag_id": "2157742622", "num_publications": 1, "num_citations": 0, "num_publications_5y": 0, "num_citations_5y": 0, "num_publications_10y": 1, "num_citations_10y": 0, "publications_years": {"2011": 1}, "citations_years": {}, "old_citations": {"2011": 0}, "isVisible": false}, "2166161675": {"name": "jialiang wen", "type": "author", "activity": 1, "h_index": 1, "h5_index": 0, "mag_id": "2166161675", "num_publications": 1, "num_citations": 2, "num_publications_5y": 0, "num_citations_5y": 2, "num_publications_10y": 1, "num_citations_10y": 2, "publications_years": {"2012": 1}, "citations_years": {"2015": 1, "2016": 1}, "old_citations": {"2012": 2}, "isVisible": false}, "2186003573": {"name": "tony yip", "type": "author", "activity": 2, "h_index": 2, "h5_index": 0, "mag_id": "2186003573", "num_publications": 1, "num_citations": 0, "num_publications_5y": 0, "num_citations_5y": 0, "num_publications_10y": 1, "num_citations_10y": 0, "publications_years": {"2011": 1}, "citations_years": {}, "old_citations": {"2011": 0}, "isVisible": false}, "2222502586": {"name": "guo fangying", "type": "author", "activity": 1, "h_index": 0, "h5_index": 0, "mag_id": "2222502586", "num_publications": 1, "num_citations": 0, "num_publications_5y": 0, "num_citations_5y": 0, "num_publications_10y": 1, "num_citations_10y": 0, "publications_years": {"2012": 1}, "citations_years": {}, "old_citations": {"2012": 0}, "isVisible": false}, "2223021832": {"name": "zhang qingqing", "type": "author", "activity": 1, "h_index": 0, "h5_index": 0, "mag_id": "2223021832", "num_publications": 1, "num_citations": 0, "num_publications_5y": 0, "num_citations_5y": 0, "num_publications_10y": 1, "num_citations_10y": 0, "publications_years": {"2012": 1}, "citations_years": {}, "old_citations": {"2012": 0}, "isVisible": false}, "2223272134": {"name": "zhu wenjun", "type": "author", "activity": 4, "h_index": 5, "h5_index": 0, "mag_id": "2223272134", "num_publications": 1, "num_citations": 0, "num_publications_5y": 0, "num_citations_5y": 0, "num_publications_10y": 1, "num_citations_10y": 0, "publications_years": {"2012": 1}, "citations_years": {}, "old_citations": {"2012": 0}, "isVisible": false}, "2223502239": {"name": "gaofei deng", "type": "author", "activity": 1, "h_index": 0, "h5_index": 0, "mag_id": "2223502239", "num_publications": 1, "num_citations": 0, "num_publications_5y": 0, "num_citations_5y": 0, "num_publications_10y": 1, "num_citations_10y": 0, "publications_years": {"2011": 1}, "citations_years": {}, "old_citations": {"2011": 0}, "isVisible": false}, "2223751313": {"name": "ma haiwei", "type": "author", "activity": 1, "h_index": 1, "h5_index": 0, "mag_id": "2223751313", "num_publications": 1, "num_citations": 1, "num_publications_5y": 0, "num_citations_5y": 0, "num_publications_10y": 1, "num_citations_10y": 1, "publications_years": {"2011": 1}, "citations_years": {"2013": 1}, "old_citations": {"2011": 1}, "isVisible": false}, "2224421766": {"name": "yao guoshun", "type": "author", "activity": 1, "h_index": 1, "h5_index": 0, "mag_id": "2224421766", "num_publications": 1, "num_citations": 1, "num_publications_5y": 0, "num_citations_5y": 0, "num_publications_10y": 1, "num_citations_10y": 1, "publications_years": {"2011": 1}, "citations_years": {"2013": 1}, "old_citations": {"2011": 1}, "isVisible": false}, "2224518709": {"name": "wang hongbin", "type": "author", "activity": 8, "h_index": 5, "h5_index": 2, "mag_id": "2224518709", "num_publications": 1, "num_citations": 0, "num_publications_5y": 0, "num_citations_5y": 0, "num_publications_10y": 1, "num_citations_10y": 0, "publications_years": {"2012": 1}, "citations_years": {}, "old_citations": {"2012": 0}, "isVisible": false}, "2224814290": {"name": "ziqi wang", "type": "author", "activity": 1, "h_index": 1, "h5_index": 0, "mag_id": "2224814290", "num_publications": 1, "num_citations": 1, "num_publications_5y": 0, "num_citations_5y": 1, "num_publications_10y": 1, "num_citations_10y": 1, "publications_years": {"2011": 1}, "citations_years": {"2014": 1}, "old_citations": {"2011": 1}, "isVisible": false}, "2225287472": {"name": "han junxiu", "type": "author", "activity": 1, "h_index": 0, "h5_index": 0, "mag_id": "2225287472", "num_publications": 1, "num_citations": 0, "num_publications_5y": 0, "num_citations_5y": 0, "num_publications_10y": 1, "num_citations_10y": 0, "publications_years": {"2011": 1}, "citations_years": {}, "old_citations": {"2011": 0}, "isVisible": false}, "2225434359": {"name": "jinguang fu", "type": "author", "activity": 1, "h_index": 1, "h5_index": 0, "mag_id": "2225434359", "num_publications": 1, "num_citations": 1, "num_publications_5y": 0, "num_citations_5y": 1, "num_publications_10y": 1, "num_citations_10y": 1, "publications_years": {"2011": 1}, "citations_years": {"2014": 1}, "old_citations": {"2011": 1}, "isVisible": false}, "2226017833": {"name": "zheng ruiguan", "type": "author", "activity": 1, "h_index": 0, "h5_index": 0, "mag_id": "2226017833", "num_publications": 1, "num_citations": 0, "num_publications_5y": 0, "num_citations_5y": 0, "num_publications_10y": 1, "num_citations_10y": 0, "publications_years": {"2011": 1}, "citations_years": {}, "old_citations": {"2011": 0}, "isVisible": false}, "2226111029": {"name": "jianxi lin", "type": "author", "activity": 1, "h_index": 0, "h5_index": 0, "mag_id": "2226111029", "num_publications": 1, "num_citations": 0, "num_publications_5y": 0, "num_citations_5y": 0, "num_publications_10y": 1, "num_citations_10y": 0, "publications_years": {"2011": 1}, "citations_years": {}, "old_citations": {"2011": 0}, "isVisible": false}, "2227564818": {"name": "yuzhang lin", "type": "author", "activity": 8, "h_index": 1, "h5_index": 1, "mag_id": "2227564818", "num_publications": 1, "num_citations": 0, "num_publications_5y": 0, "num_citations_5y": 0, "num_publications_10y": 1, "num_citations_10y": 0, "publications_years": {"2011": 1}, "citations_years": {}, "old_citations": {"2011": 0}, "isVisible": false}, "2227586833": {"name": "ma wenji", "type": "author", "activity": 1, "h_index": 1, "h5_index": 0, "mag_id": "2227586833", "num_publications": 1, "num_citations": 3, "num_publications_5y": 0, "num_citations_5y": 2, "num_publications_10y": 1, "num_citations_10y": 2, "publications_years": {"2011": 1}, "citations_years": {"2014": 1, "2015": 0, "2016": 0, "2017": 0, "2018": 1, "2019": 0, "2020": 1}, "old_citations": {"2011": 3}, "isVisible": false}, "2228248064": {"name": "qing kaiyu", "type": "author", "activity": 1, "h_index": 1, "h5_index": 0, "mag_id": "2228248064", "num_publications": 1, "num_citations": 8, "num_publications_5y": 0, "num_citations_5y": 6, "num_publications_10y": 1, "num_citations_10y": 8, "publications_years": {"2012": 1}, "citations_years": {"2012": 1, "2013": 1, "2014": 2, "2015": 1, "2016": 2, "2017": 0, "2018": 1}, "old_citations": {"2012": 8}, "isVisible": false}, "2228658202": {"name": "yang xiaoming", "type": "author", "activity": 1, "h_index": 1, "h5_index": 0, "mag_id": "2228658202", "num_publications": 1, "num_citations": 1, "num_publications_5y": 0, "num_citations_5y": 0, "num_publications_10y": 1, "num_citations_10y": 1, "publications_years": {"2011": 1}, "citations_years": {"2013": 1}, "old_citations": {"2011": 1}, "isVisible": false}, "2228734645": {"name": "zhonglin xia", "type": "author", "activity": 1, "h_index": 2, "h5_index": 0, "mag_id": "2228734645", "num_publications": 1, "num_citations": 5, "num_publications_5y": 0, "num_citations_5y": 4, "num_publications_10y": 1, "num_citations_10y": 5, "publications_years": {"2011": 1}, "citations_years": {"2013": 1, "2014": 1, "2015": 1, "2016": 0, "2017": 0, "2018": 2}, "old_citations": {"2011": 5}, "isVisible": false}, "2229338267": {"name": "zongyue li", "type": "author", "activity": 1, "h_index": 0, "h5_index": 0, "mag_id": "2229338267", "num_publications": 1, "num_citations": 0, "num_publications_5y": 0, "num_citations_5y": 0, "num_publications_10y": 1, "num_citations_10y": 0, "publications_years": {"2011": 1}, "citations_years": {}, "old_citations": {"2011": 0}, "isVisible": false}, "2229350258": {"name": "zeng qingguang", "type": "author", "activity": 6, "h_index": 1, "h5_index": 0, "mag_id": "2229350258", "num_publications": 1, "num_citations": 0, "num_publications_5y": 0, "num_citations_5y": 0, "num_publications_10y": 1, "num_citations_10y": 0, "publications_years": {"2011": 1}, "citations_years": {}, "old_citations": {"2011": 0}, "isVisible": false}, "2230031063": {"name": "eekeng yu", "type": "author", "activity": 1, "h_index": 0, "h5_index": 0, "mag_id": "2230031063", "num_publications": 1, "num_citations": 0, "num_publications_5y": 0, "num_citations_5y": 0, "num_publications_10y": 1, "num_citations_10y": 0, "publications_years": {"2011": 1}, "citations_years": {}, "old_citations": {"2011": 0}, "isVisible": false}, "2231125102": {"name": "bowen liu", "type": "author", "activity": 1, "h_index": 0, "h5_index": 0, "mag_id": "2231125102", "num_publications": 1, "num_citations": 0, "num_publications_5y": 0, "num_citations_5y": 0, "num_publications_10y": 1, "num_citations_10y": 0, "publications_years": {"2011": 1}, "citations_years": {}, "old_citations": {"2011": 0}, "isVisible": false}, "2231513190": {"name": "huang lida", "type": "author", "activity": 7, "h_index": 1, "h5_index": 1, "mag_id": "2231513190", "num_publications": 1, "num_citations": 0, "num_publications_5y": 0, "num_citations_5y": 0, "num_publications_10y": 1, "num_citations_10y": 0, "publications_years": {"2011": 1}, "citations_years": {}, "old_citations": {"2011": 0}, "isVisible": false}, "2232291943": {"name": "shao yuying", "type": "author", "activity": 2, "h_index": 2, "h5_index": 0, "mag_id": "2232291943", "num_publications": 1, "num_citations": 0, "num_publications_5y": 0, "num_citations_5y": 0, "num_publications_10y": 1, "num_citations_10y": 0, "publications_years": {"2012": 1}, "citations_years": {}, "old_citations": {"2012": 0}, "isVisible": false}, "2235597237": {"name": "li yan", "type": "author", "activity": 9, "h_index": 6, "h5_index": 2, "mag_id": "2235597237", "num_publications": 1, "num_citations": 3, "num_publications_5y": 0, "num_citations_5y": 2, "num_publications_10y": 1, "num_citations_10y": 3, "publications_years": {"2011": 1}, "citations_years": {"2013": 1, "2014": 1, "2015": 1}, "old_citations": {"2011": 3}, "isVisible": false}, "2237028439": {"name": "xue xue", "type": "author", "activity": 1, "h_index": 1, "h5_index": 0, "mag_id": "2237028439", "num_publications": 1, "num_citations": 9, "num_publications_5y": 0, "num_citations_5y": 9, "num_publications_10y": 1, "num_citations_10y": 9, "publications_years": {"2012": 1}, "citations_years": {"2015": 4, "2016": 2, "2017": 2, "2018": 1}, "old_citations": {"2012": 9}, "isVisible": false}, "2239368203": {"name": "chunyan wu", "type": "author", "activity": 1, "h_index": 0, "h5_index": 0, "mag_id": "2239368203", "num_publications": 1, "num_citations": 0, "num_publications_5y": 0, "num_citations_5y": 0, "num_publications_10y": 1, "num_citations_10y": 0, "publications_years": {"2011": 1}, "citations_years": {}, "old_citations": {"2011": 0}, "isVisible": false}, "2269511823": {"name": "jing zhaoxia", "type": "author", "activity": 10, "h_index": 2, "h5_index": 2, "mag_id": "2269511823", "num_publications": 1, "num_citations": 2, "num_publications_5y": 0, "num_citations_5y": 2, "num_publications_10y": 1, "num_citations_10y": 2, "publications_years": {"2011": 1}, "citations_years": {"2017": 1, "2018": 1}, "old_citations": {"2011": 2}, "isVisible": false}, "2280349256": {"name": "danfeng hu", "type": "author", "activity": 1, "h_index": 1, "h5_index": 0, "mag_id": "2280349256", "num_publications": 1, "num_citations": 5, "num_publications_5y": 0, "num_citations_5y": 4, "num_publications_10y": 1, "num_citations_10y": 5, "publications_years": {"2011": 1}, "citations_years": {"2013": 1, "2014": 1, "2015": 1, "2016": 0, "2017": 0, "2018": 2}, "old_citations": {"2011": 5}, "isVisible": false}, "2296751075": {"name": "linjun wei", "type": "author", "activity": 3, "h_index": 2, "h5_index": 0, "mag_id": "2296751075", "num_publications": 1, "num_citations": 1, "num_publications_5y": 0, "num_citations_5y": 1, "num_publications_10y": 1, "num_citations_10y": 1, "publications_years": {"2011": 1}, "citations_years": {"2015": 1}, "old_citations": {"2011": 1}, "isVisible": false}, "2302302184": {"name": "hu yue", "type": "author", "activity": 8, "h_index": 6, "h5_index": 1, "mag_id": "2302302184", "num_publications": 1, "num_citations": 0, "num_publications_5y": 0, "num_citations_5y": 0, "num_publications_10y": 1, "num_citations_10y": 0, "publications_years": {"2012": 1}, "citations_years": {}, "old_citations": {"2012": 0}, "isVisible": false}, "2303783195": {"name": "chang peng", "type": "author", "activity": 1, "h_index": 1, "h5_index": 0, "mag_id": "2303783195", "num_publications": 1, "num_citations": 2, "num_publications_5y": 0, "num_citations_5y": 2, "num_publications_10y": 1, "num_citations_10y": 2, "publications_years": {"2012": 1}, "citations_years": {"2015": 1, "2016": 1}, "old_citations": {"2012": 2}, "isVisible": false}, "2306389035": {"name": "yongmei liu", "type": "author", "activity": 7, "h_index": 3, "h5_index": 1, "mag_id": "2306389035", "num_publications": 1, "num_citations": 3, "num_publications_5y": 0, "num_citations_5y": 2, "num_publications_10y": 1, "num_citations_10y": 2, "publications_years": {"2011": 1}, "citations_years": {"2015": 1, "2016": 0, "2017": 1, "2018": 0, "2019": 1}, "old_citations": {"2011": 3}, "isVisible": false}, "2308709354": {"name": "li wei", "type": "author", "activity": 1, "h_index": 1, "h5_index": 0, "mag_id": "2308709354", "num_publications": 1, "num_citations": 3, "num_publications_5y": 0, "num_citations_5y": 3, "num_publications_10y": 1, "num_citations_10y": 3, "publications_years": {"2011": 1}, "citations_years": {"2014": 2, "2015": 1}, "old_citations": {"2011": 3}, "isVisible": false}, "2327895914": {"name": "jinghan he", "type": "author", "activity": 14, "h_index": 4, "h5_index": 2, "mag_id": "2327895914", "num_publications": 1, "num_citations": 0, "num_publications_5y": 0, "num_citations_5y": 0, "num_publications_10y": 1, "num_citations_10y": 0, "publications_years": {"2011": 1}, "citations_years": {}, "old_citations": {"2011": 0}, "isVisible": false}, "2345856232": {"name": "shiyu xu", "type": "author", "activity": 1, "h_index": 1, "h5_index": 0, "mag_id": "2345856232", "num_publications": 1, "num_citations": 1, "num_publications_5y": 0, "num_citations_5y": 1, "num_publications_10y": 1, "num_citations_10y": 1, "publications_years": {"2011": 1}, "citations_years": {"2015": 1}, "old_citations": {"2011": 1}, "isVisible": false}, "2381991008": {"name": "yan jiajun", "type": "author", "activity": 1, "h_index": 0, "h5_index": 0, "mag_id": "2381991008", "num_publications": 1, "num_citations": 0, "num_publications_5y": 0, "num_citations_5y": 0, "num_publications_10y": 1, "num_citations_10y": 0, "publications_years": {"2011": 1}, "citations_years": {}, "old_citations": {"2011": 0}, "isVisible": false}, "2392300157": {"name": "hao zhang", "type": "author", "activity": 3, "h_index": 2, "h5_index": 0, "mag_id": "2392300157", "num_publications": 1, "num_citations": 0, "num_publications_5y": 0, "num_citations_5y": 0, "num_publications_10y": 1, "num_citations_10y": 0, "publications_years": {"2011": 1}, "citations_years": {}, "old_citations": {"2011": 0}, "isVisible": false}, "2421469820": {"name": "li ping", "type": "author", "activity": 1, "h_index": 1, "h5_index": 0, "mag_id": "2421469820", "num_publications": 1, "num_citations": 1, "num_publications_5y": 0, "num_citations_5y": 0, "num_publications_10y": 1, "num_citations_10y": 0, "publications_years": {"2012": 1}, "citations_years": {"2020": 1}, "old_citations": {"2012": 1}, "isVisible": false}, "2422777290": {"name": "tian feng", "type": "author", "activity": 1, "h_index": 0, "h5_index": 0, "mag_id": "2422777290", "num_publications": 1, "num_citations": 0, "num_publications_5y": 0, "num_citations_5y": 0, "num_publications_10y": 1, "num_citations_10y": 0, "publications_years": {"2011": 1}, "citations_years": {}, "old_citations": {"2011": 0}, "isVisible": false}, "2424405826": {"name": "lei yang", "type": "author", "activity": 2, "h_index": 2, "h5_index": 0, "mag_id": "2424405826", "num_publications": 1, "num_citations": 0, "num_publications_5y": 0, "num_citations_5y": 0, "num_publications_10y": 1, "num_citations_10y": 0, "publications_years": {"2011": 1}, "citations_years": {}, "old_citations": {"2011": 0}, "isVisible": false}, "2427243039": {"name": "zhengwen deng", "type": "author", "activity": 1, "h_index": 0, "h5_index": 0, "mag_id": "2427243039", "num_publications": 1, "num_citations": 0, "num_publications_5y": 0, "num_citations_5y": 0, "num_publications_10y": 1, "num_citations_10y": 0, "publications_years": {"2012": 1}, "citations_years": {}, "old_citations": {"2012": 0}, "isVisible": false}, "2428197617": {"name": "jun xu", "type": "author", "activity": 1, "h_index": 0, "h5_index": 0, "mag_id": "2428197617", "num_publications": 1, "num_citations": 0, "num_publications_5y": 0, "num_citations_5y": 0, "num_publications_10y": 1, "num_citations_10y": 0, "publications_years": {"2011": 1}, "citations_years": {}, "old_citations": {"2011": 0}, "isVisible": false}, "2429689628": {"name": "ding yiping", "type": "author", "activity": 1, "h_index": 1, "h5_index": 0, "mag_id": "2429689628", "num_publications": 1, "num_citations": 4, "num_publications_5y": 0, "num_citations_5y": 3, "num_publications_10y": 1, "num_citations_10y": 4, "publications_years": {"2011": 1}, "citations_years": {"2013": 1, "2014": 1, "2015": 2}, "old_citations": {"2011": 4}, "isVisible": false}, "2435752094": {"name": "zheshen wang", "type": "author", "activity": 1, "h_index": 1, "h5_index": 0, "mag_id": "2435752094", "num_publications": 1, "num_citations": 3, "num_publications_5y": 0, "num_citations_5y": 2, "num_publications_10y": 1, "num_citations_10y": 2, "publications_years": {"2011": 1}, "citations_years": {"2015": 1, "2016": 0, "2017": 1, "2018": 0, "2019": 1}, "old_citations": {"2011": 3}, "isVisible": false}, "2437670026": {"name": "yang guang", "type": "author", "activity": 1, "h_index": 1, "h5_index": 0, "mag_id": "2437670026", "num_publications": 1, "num_citations": 3, "num_publications_5y": 0, "num_citations_5y": 2, "num_publications_10y": 1, "num_citations_10y": 2, "publications_years": {"2011": 1}, "citations_years": {"2014": 1, "2015": 0, "2016": 0, "2017": 0, "2018": 1, "2019": 0, "2020": 1}, "old_citations": {"2011": 3}, "isVisible": false}, "2440997607": {"name": "jing zhang", "type": "author", "activity": 1, "h_index": 1, "h5_index": 0, "mag_id": "2440997607", "num_publications": 1, "num_citations": 3, "num_publications_5y": 0, "num_citations_5y": 3, "num_publications_10y": 1, "num_citations_10y": 3, "publications_years": {"2012": 1}, "citations_years": {"2014": 1, "2015": 1, "2016": 1}, "old_citations": {"2012": 3}, "isVisible": false}, "2441245931": {"name": "wang zhen", "type": "author", "activity": 9, "h_index": 6, "h5_index": 1, "mag_id": "2441245931", "num_publications": 1, "num_citations": 3, "num_publications_5y": 0, "num_citations_5y": 2, "num_publications_10y": 1, "num_citations_10y": 3, "publications_years": {"2011": 1}, "citations_years": {"2013": 1, "2014": 1, "2015": 1}, "old_citations": {"2011": 3}, "isVisible": false}, "2442238566": {"name": "s p bose", "type": "author", "activity": 2, "h_index": 2, "h5_index": 0, "mag_id": "2442238566", "num_publications": 1, "num_citations": 4, "num_publications_5y": 0, "num_citations_5y": 3, "num_publications_10y": 1, "num_citations_10y": 3, "publications_years": {"2011": 1}, "citations_years": {"2014": 1, "2015": 1, "2016": 1, "2017": 0, "2018": 0, "2019": 0, "2020": 1}, "old_citations": {"2011": 4}, "isVisible": false}, "2442255551": {"name": "liu chao", "type": "author", "activity": 9, "h_index": 3, "h5_index": 1, "mag_id": "2442255551", "num_publications": 1, "num_citations": 3, "num_publications_5y": 0, "num_citations_5y": 2, "num_publications_10y": 1, "num_citations_10y": 3, "publications_years": {"2011": 1}, "citations_years": {"2013": 1, "2014": 1, "2015": 1}, "old_citations": {"2011": 3}, "isVisible": false}, "2443199188": {"name": "zhongde xue", "type": "author", "activity": 1, "h_index": 0, "h5_index": 0, "mag_id": "2443199188", "num_publications": 1, "num_citations": 0, "num_publications_5y": 0, "num_citations_5y": 0, "num_publications_10y": 1, "num_citations_10y": 0, "publications_years": {"2011": 1}, "citations_years": {}, "old_citations": {"2011": 0}, "isVisible": false}, "2462698524": {"name": "z q bo", "type": "author", "activity": 11, "h_index": 5, "h5_index": 0, "mag_id": "2462698524", "num_publications": 1, "num_citations": 0, "num_publications_5y": 0, "num_citations_5y": 0, "num_publications_10y": 1, "num_citations_10y": 0, "publications_years": {"2011": 1}, "citations_years": {}, "old_citations": {"2011": 0}, "isVisible": false}, "2466323576": {"name": "s deb", "type": "author", "activity": 1, "h_index": 1, "h5_index": 0, "mag_id": "2466323576", "num_publications": 1, "num_citations": 4, "num_publications_5y": 0, "num_citations_5y": 3, "num_publications_10y": 1, "num_citations_10y": 3, "publications_years": {"2011": 1}, "citations_years": {"2014": 1, "2015": 1, "2016": 1, "2017": 0, "2018": 0, "2019": 0, "2020": 1}, "old_citations": {"2011": 4}, "isVisible": false}, "2475430010": {"name": "chao liu", "type": "author", "activity": 11, "h_index": 2, "h5_index": 1, "mag_id": "2475430010", "num_publications": 1, "num_citations": 1, "num_publications_5y": 0, "num_citations_5y": 1, "num_publications_10y": 1, "num_citations_10y": 1, "publications_years": {"2011": 1}, "citations_years": {"2015": 1}, "old_citations": {"2011": 1}, "isVisible": false}, "2476228752": {"name": "xiong wei", "type": "author", "activity": 9, "h_index": 1, "h5_index": 1, "mag_id": "2476228752", "num_publications": 1, "num_citations": 1, "num_publications_5y": 0, "num_citations_5y": 0, "num_publications_10y": 1, "num_citations_10y": 1, "publications_years": {"2011": 1}, "citations_years": {"2012": 1}, "old_citations": {"2011": 1}, "isVisible": false}, "2492015357": {"name": "guan hong", "type": "author", "activity": 2, "h_index": 2, "h5_index": 0, "mag_id": "2492015357", "num_publications": 1, "num_citations": 0, "num_publications_5y": 0, "num_citations_5y": 0, "num_publications_10y": 1, "num_citations_10y": 0, "publications_years": {"2012": 1}, "citations_years": {}, "old_citations": {"2012": 0}, "isVisible": false}, "2499839147": {"name": "feng hong", "type": "author", "activity": 1, "h_index": 0, "h5_index": 0, "mag_id": "2499839147", "num_publications": 1, "num_citations": 0, "num_publications_5y": 0, "num_citations_5y": 0, "num_publications_10y": 1, "num_citations_10y": 0, "publications_years": {"2011": 1}, "citations_years": {}, "old_citations": {"2011": 0}, "isVisible": false}, "2504254551": {"name": "fei yan", "type": "author", "activity": 1, "h_index": 0, "h5_index": 0, "mag_id": "2504254551", "num_publications": 1, "num_citations": 0, "num_publications_5y": 0, "num_citations_5y": 0, "num_publications_10y": 1, "num_citations_10y": 0, "publications_years": {"2011": 1}, "citations_years": {}, "old_citations": {"2011": 0}, "isVisible": false}, "2504617893": {"name": "cao lan", "type": "author", "activity": 1, "h_index": 1, "h5_index": 0, "mag_id": "2504617893", "num_publications": 1, "num_citations": 1, "num_publications_5y": 0, "num_citations_5y": 0, "num_publications_10y": 1, "num_citations_10y": 0, "publications_years": {"2012": 1}, "citations_years": {"2020": 1}, "old_citations": {"2012": 1}, "isVisible": false}, "2567900137": {"name": "xueyan hu", "type": "author", "activity": 1, "h_index": 2, "h5_index": 0, "mag_id": "2567900137", "num_publications": 1, "num_citations": 5, "num_publications_5y": 0, "num_citations_5y": 4, "num_publications_10y": 1, "num_citations_10y": 5, "publications_years": {"2011": 1}, "citations_years": {"2013": 1, "2014": 1, "2015": 1, "2016": 0, "2017": 0, "2018": 2}, "old_citations": {"2011": 5}, "isVisible": false}, "2567930235": {"name": "zhenyunie", "type": "author", "activity": 1, "h_index": 1, "h5_index": 0, "mag_id": "2567930235", "num_publications": 1, "num_citations": 2, "num_publications_5y": 0, "num_citations_5y": 2, "num_publications_10y": 1, "num_citations_10y": 2, "publications_years": {"2012": 1}, "citations_years": {"2016": 2}, "old_citations": {"2012": 2}, "isVisible": false}, "2569360107": {"name": "qiping yang", "type": "author", "activity": 1, "h_index": 0, "h5_index": 0, "mag_id": "2569360107", "num_publications": 1, "num_citations": 0, "num_publications_5y": 0, "num_citations_5y": 0, "num_publications_10y": 1, "num_citations_10y": 0, "publications_years": {"2012": 1}, "citations_years": {}, "old_citations": {"2012": 0}, "isVisible": false}, "2569714346": {"name": "wang shengwei", "type": "author", "activity": 1, "h_index": 1, "h5_index": 0, "mag_id": "2569714346", "num_publications": 1, "num_citations": 9, "num_publications_5y": 0, "num_citations_5y": 9, "num_publications_10y": 1, "num_citations_10y": 9, "publications_years": {"2012": 1}, "citations_years": {"2015": 4, "2016": 2, "2017": 2, "2018": 1}, "old_citations": {"2012": 9}, "isVisible": false}, "2570001159": {"name": "yan xiao", "type": "author", "activity": 1, "h_index": 1, "h5_index": 0, "mag_id": "2570001159", "num_publications": 1, "num_citations": 8, "num_publications_5y": 0, "num_citations_5y": 6, "num_publications_10y": 1, "num_citations_10y": 8, "publications_years": {"2012": 1}, "citations_years": {"2012": 1, "2013": 1, "2014": 2, "2015": 1, "2016": 2, "2017": 0, "2018": 1}, "old_citations": {"2012": 8}, "isVisible": false}, "2570463283": {"name": "hui dong", "type": "author", "activity": 1, "h_index": 0, "h5_index": 0, "mag_id": "2570463283", "num_publications": 1, "num_citations": 0, "num_publications_5y": 0, "num_citations_5y": 0, "num_publications_10y": 1, "num_citations_10y": 0, "publications_years": {"2012": 1}, "citations_years": {}, "old_citations": {"2012": 0}, "isVisible": false}, "2571095035": {"name": "zhang jie", "type": "author", "activity": 1, "h_index": 1, "h5_index": 0, "mag_id": "2571095035", "num_publications": 1, "num_citations": 8, "num_publications_5y": 0, "num_citations_5y": 6, "num_publications_10y": 1, "num_citations_10y": 8, "publications_years": {"2012": 1}, "citations_years": {"2012": 1, "2013": 1, "2014": 2, "2015": 1, "2016": 2, "2017": 0, "2018": 1}, "old_citations": {"2012": 8}, "isVisible": false}, "2571438012": {"name": "jun wen", "type": "author", "activity": 1, "h_index": 1, "h5_index": 0, "mag_id": "2571438012", "num_publications": 1, "num_citations": 2, "num_publications_5y": 0, "num_citations_5y": 2, "num_publications_10y": 1, "num_citations_10y": 2, "publications_years": {"2012": 1}, "citations_years": {"2015": 1, "2016": 1}, "old_citations": {"2012": 2}, "isVisible": false}, "2581745391": {"name": "shilei xu", "type": "author", "activity": 1, "h_index": 0, "h5_index": 0, "mag_id": "2581745391", "num_publications": 1, "num_citations": 0, "num_publications_5y": 0, "num_citations_5y": 0, "num_publications_10y": 1, "num_citations_10y": 0, "publications_years": {"2011": 1}, "citations_years": {}, "old_citations": {"2011": 0}, "isVisible": false}, "2585907688": {"name": "yan li", "type": "author", "activity": 11, "h_index": 3, "h5_index": 2, "mag_id": "2585907688", "num_publications": 1, "num_citations": 1, "num_publications_5y": 0, "num_citations_5y": 1, "num_publications_10y": 1, "num_citations_10y": 1, "publications_years": {"2011": 1}, "citations_years": {"2015": 1}, "old_citations": {"2011": 1}, "isVisible": false}, "2595785862": {"name": "qingfu wang", "type": "author", "activity": 1, "h_index": 0, "h5_index": 0, "mag_id": "2595785862", "num_publications": 1, "num_citations": 0, "num_publications_5y": 0, "num_citations_5y": 0, "num_publications_10y": 1, "num_citations_10y": 0, "publications_years": {"2011": 1}, "citations_years": {}, "old_citations": {"2011": 0}, "isVisible": false}, "2610060770": {"name": "d v rajan", "type": "author", "activity": 2, "h_index": 2, "h5_index": 0, "mag_id": "2610060770", "num_publications": 1, "num_citations": 4, "num_publications_5y": 0, "num_citations_5y": 3, "num_publications_10y": 1, "num_citations_10y": 3, "publications_years": {"2011": 1}, "citations_years": {"2014": 1, "2015": 1, "2016": 1, "2017": 0, "2018": 0, "2019": 0, "2020": 1}, "old_citations": {"2011": 4}, "isVisible": false}, "2628036115": {"name": "wei xie", "type": "author", "activity": 1, "h_index": 2, "h5_index": 0, "mag_id": "2628036115", "num_publications": 1, "num_citations": 5, "num_publications_5y": 0, "num_citations_5y": 4, "num_publications_10y": 1, "num_citations_10y": 5, "publications_years": {"2011": 1}, "citations_years": {"2013": 1, "2014": 1, "2015": 1, "2016": 0, "2017": 0, "2018": 2}, "old_citations": {"2011": 5}, "isVisible": false}, "2628691505": {"name": "danfeng xu", "type": "author", "activity": 1, "h_index": 0, "h5_index": 0, "mag_id": "2628691505", "num_publications": 1, "num_citations": 0, "num_publications_5y": 0, "num_citations_5y": 0, "num_publications_10y": 1, "num_citations_10y": 0, "publications_years": {"2012": 1}, "citations_years": {}, "old_citations": {"2012": 0}, "isVisible": false}, "2628694044": {"name": "ruigang song", "type": "author", "activity": 1, "h_index": 1, "h5_index": 0, "mag_id": "2628694044", "num_publications": 1, "num_citations": 3, "num_publications_5y": 0, "num_citations_5y": 3, "num_publications_10y": 1, "num_citations_10y": 3, "publications_years": {"2012": 1}, "citations_years": {"2014": 1, "2015": 1, "2016": 1}, "old_citations": {"2012": 3}, "isVisible": false}, "2629071306": {"name": "mihaylo y stoychitch", "type": "author", "activity": 5, "h_index": 1, "h5_index": 0, "mag_id": "2629071306", "num_publications": 1, "num_citations": 0, "num_publications_5y": 0, "num_citations_5y": 0, "num_publications_10y": 1, "num_citations_10y": 0, "publications_years": {"2011": 1}, "citations_years": {}, "old_citations": {"2011": 0}, "isVisible": false}, "2654356120": {"name": "qianqing qin", "type": "author", "activity": 1, "h_index": 2, "h5_index": 0, "mag_id": "2654356120", "num_publications": 1, "num_citations": 5, "num_publications_5y": 0, "num_citations_5y": 4, "num_publications_10y": 1, "num_citations_10y": 5, "publications_years": {"2011": 1}, "citations_years": {"2013": 1, "2014": 1, "2015": 1, "2016": 0, "2017": 0, "2018": 2}, "old_citations": {"2011": 5}, "isVisible": false}, "2654950493": {"name": "zhiyong yuan", "type": "author", "activity": 2, "h_index": 2, "h5_index": 0, "mag_id": "2654950493", "num_publications": 1, "num_citations": 5, "num_publications_5y": 0, "num_citations_5y": 4, "num_publications_10y": 1, "num_citations_10y": 5, "publications_years": {"2011": 1}, "citations_years": {"2013": 1, "2014": 1, "2015": 1, "2016": 0, "2017": 0, "2018": 2}, "old_citations": {"2011": 5}, "isVisible": false}, "2717255687": {"name": "jinliang jiang", "type": "author", "activity": 1, "h_index": 1, "h5_index": 0, "mag_id": "2717255687", "num_publications": 1, "num_citations": 5, "num_publications_5y": 0, "num_citations_5y": 4, "num_publications_10y": 1, "num_citations_10y": 5, "publications_years": {"2011": 1}, "citations_years": {"2013": 1, "2014": 1, "2015": 1, "2016": 2}, "old_citations": {"2011": 5}, "isVisible": false}, "2717475620": {"name": "p s bhowmik", "type": "author", "activity": 2, "h_index": 2, "h5_index": 0, "mag_id": "2717475620", "num_publications": 1, "num_citations": 4, "num_publications_5y": 0, "num_citations_5y": 3, "num_publications_10y": 1, "num_citations_10y": 3, "publications_years": {"2011": 1}, "citations_years": {"2014": 1, "2015": 1, "2016": 1, "2017": 0, "2018": 0, "2019": 0, "2020": 1}, "old_citations": {"2011": 4}, "isVisible": false}, "2632109471": {"name": "jian yang", "type": "author", "activity": 1, "h_index": 1, "h5_index": 0, "mag_id": "2632109471", "num_publications": 1, "num_citations": 3, "num_publications_5y": 0, "num_citations_5y": 3, "num_publications_10y": 1, "num_citations_10y": 3, "publications_years": {"2012": 1}, "citations_years": {"2014": 1, "2015": 1, "2016": 1}, "old_citations": {"2012": 3}, "isVisible": false}, "2654242430": {"name": "wanxing sheng", "type": "author", "activity": 15, "h_index": 9, "h5_index": 2, "mag_id": "2654242430", "num_publications": 1, "num_citations": 3, "num_publications_5y": 0, "num_citations_5y": 2, "num_publications_10y": 1, "num_citations_10y": 2, "publications_years": {"2011": 1}, "citations_years": {"2015": 1, "2016": 0, "2017": 1, "2018": 0, "2019": 1}, "old_citations": {"2011": 3}, "isVisible": false}, "2668436189": {"name": "jia zhijuan", "type": "author", "activity": 1, "h_index": 1, "h5_index": 0, "mag_id": "2668436189", "num_publications": 1, "num_citations": 3, "num_publications_5y": 0, "num_citations_5y": 2, "num_publications_10y": 1, "num_citations_10y": 2, "publications_years": {"2011": 1}, "citations_years": {"2014": 1, "2015": 0, "2016": 0, "2017": 0, "2018": 1, "2019": 0, "2020": 1}, "old_citations": {"2011": 3}, "isVisible": false}, "2712626254": {"name": "jiang shan", "type": "author", "activity": 1, "h_index": 1, "h5_index": 0, "mag_id": "2712626254", "num_publications": 1, "num_citations": 3, "num_publications_5y": 0, "num_citations_5y": 3, "num_publications_10y": 1, "num_citations_10y": 3, "publications_years": {"2011": 1}, "citations_years": {"2014": 2, "2015": 1}, "old_citations": {"2011": 3}, "isVisible": false}, "2761104306": {"name": "yusheng quan", "type": "author", "activity": 1, "h_index": 1, "h5_index": 0, "mag_id": "2761104306", "num_publications": 1, "num_citations": 3, "num_publications_5y": 0, "num_citations_5y": 3, "num_publications_10y": 1, "num_citations_10y": 3, "publications_years": {"2011": 1}, "citations_years": {"2014": 2, "2015": 1}, "old_citations": {"2011": 3}, "isVisible": false}, "2937424781": {"name": "wang chensheng", "type": "author", "activity": 5, "h_index": 2, "h5_index": 0, "mag_id": "2937424781", "num_publications": 1, "num_citations": 3, "num_publications_5y": 0, "num_citations_5y": 2, "num_publications_10y": 1, "num_citations_10y": 2, "publications_years": {"2011": 1}, "citations_years": {"2014": 1, "2015": 0, "2016": 0, "2017": 0, "2018": 1, "2019": 0, "2020": 1}, "old_citations": {"2011": 3}, "isVisible": false}, "2636945608": {"name": "jing wu", "type": "author", "activity": 1, "h_index": 1, "h5_index": 0, "mag_id": "2636945608", "num_publications": 1, "num_citations": 2, "num_publications_5y": 0, "num_citations_5y": 2, "num_publications_10y": 1, "num_citations_10y": 2, "publications_years": {"2012": 1}, "citations_years": {"2015": 1, "2016": 1}, "old_citations": {"2012": 2}, "isVisible": false}, "2644892719": {"name": "zhanming xie", "type": "author", "activity": 1, "h_index": 1, "h5_index": 0, "mag_id": "2644892719", "num_publications": 1, "num_citations": 2, "num_publications_5y": 0, "num_citations_5y": 0, "num_publications_10y": 1, "num_citations_10y": 2, "publications_years": {"2011": 1}, "citations_years": {"2013": 2}, "old_citations": {"2011": 2}, "isVisible": false}, "2651159862": {"name": "yu wang", "type": "author", "activity": 1, "h_index": 1, "h5_index": 0, "mag_id": "2651159862", "num_publications": 1, "num_citations": 2, "num_publications_5y": 0, "num_citations_5y": 2, "num_publications_10y": 1, "num_citations_10y": 2, "publications_years": {"2012": 1}, "citations_years": {"2015": 1, "2016": 1}, "old_citations": {"2012": 2}, "isVisible": false}, "2669466269": {"name": "zhonghua yang", "type": "author", "activity": 1, "h_index": 1, "h5_index": 0, "mag_id": "2669466269", "num_publications": 1, "num_citations": 2, "num_publications_5y": 0, "num_citations_5y": 2, "num_publications_10y": 1, "num_citations_10y": 2, "publications_years": {"2012": 1}, "citations_years": {"2014": 2}, "old_citations": {"2012": 2}, "isVisible": false}, "2674296203": {"name": "changhao xia", "type": "author", "activity": 1, "h_index": 1, "h5_index": 0, "mag_id": "2674296203", "num_publications": 1, "num_citations": 2, "num_publications_5y": 0, "num_citations_5y": 2, "num_publications_10y": 1, "num_citations_10y": 2, "publications_years": {"2012": 1}, "citations_years": {"2014": 2}, "old_citations": {"2012": 2}, "isVisible": false}, "2702534664": {"name": "hong guo", "type": "author", "activity": 1, "h_index": 1, "h5_index": 0, "mag_id": "2702534664", "num_publications": 1, "num_citations": 2, "num_publications_5y": 0, "num_citations_5y": 0, "num_publications_10y": 1, "num_citations_10y": 2, "publications_years": {"2011": 1}, "citations_years": {"2013": 2}, "old_citations": {"2011": 2}, "isVisible": false}, "2849585007": {"name": "chen xiaopeng", "type": "author", "activity": 7, "h_index": 1, "h5_index": 0, "mag_id": "2849585007", "num_publications": 1, "num_citations": 2, "num_publications_5y": 0, "num_citations_5y": 2, "num_publications_10y": 1, "num_citations_10y": 2, "publications_years": {"2011": 1}, "citations_years": {"2017": 1, "2018": 1}, "old_citations": {"2011": 2}, "isVisible": false}, "2984156326": {"name": "rui wu", "type": "author", "activity": 1, "h_index": 1, "h5_index": 0, "mag_id": "2984156326", "num_publications": 1, "num_citations": 2, "num_publications_5y": 0, "num_citations_5y": 2, "num_publications_10y": 1, "num_citations_10y": 2, "publications_years": {"2012": 1}, "citations_years": {"2015": 1, "2016": 1}, "old_citations": {"2012": 2}, "isVisible": false}, "2659526454": {"name": "zhu zhongni", "type": "author", "activity": 1, "h_index": 1, "h5_index": 0, "mag_id": "2659526454", "num_publications": 1, "num_citations": 1, "num_publications_5y": 0, "num_citations_5y": 0, "num_publications_10y": 1, "num_citations_10y": 1, "publications_years": {"2011": 1}, "citations_years": {"2013": 1}, "old_citations": {"2011": 1}, "isVisible": false}, "2669699437": {"name": "gao jingxiang", "type": "author", "activity": 1, "h_index": 1, "h5_index": 0, "mag_id": "2669699437", "num_publications": 1, "num_citations": 1, "num_publications_5y": 0, "num_citations_5y": 0, "num_publications_10y": 1, "num_citations_10y": 1, "publications_years": {"2011": 1}, "citations_years": {"2013": 1}, "old_citations": {"2011": 1}, "isVisible": false}, "2699185164": {"name": "delong jiang", "type": "author", "activity": 1, "h_index": 1, "h5_index": 0, "mag_id": "2699185164", "num_publications": 1, "num_citations": 1, "num_publications_5y": 0, "num_citations_5y": 1, "num_publications_10y": 1, "num_citations_10y": 1, "publications_years": {"2011": 1}, "citations_years": {"2014": 1}, "old_citations": {"2011": 1}, "isVisible": false}, "2754561003": {"name": "su shiwei", "type": "author", "activity": 1, "h_index": 1, "h5_index": 0, "mag_id": "2754561003", "num_publications": 1, "num_citations": 1, "num_publications_5y": 0, "num_citations_5y": 0, "num_publications_10y": 1, "num_citations_10y": 1, "publications_years": {"2011": 1}, "citations_years": {"2012": 1}, "old_citations": {"2011": 1}, "isVisible": false}, "2754761816": {"name": "jiang haiyan", "type": "author", "activity": 1, "h_index": 1, "h5_index": 0, "mag_id": "2754761816", "num_publications": 1, "num_citations": 1, "num_publications_5y": 0, "num_citations_5y": 0, "num_publications_10y": 1, "num_citations_10y": 1, "publications_years": {"2011": 1}, "citations_years": {"2013": 1}, "old_citations": {"2011": 1}, "isVisible": false}}, "countries": {"China": {"name": "China", "type": "country", "h5_index": 214, "num_publications": 35, "num_citations": 37, "num_publications_5y": 0, "num_citations_5y": 29, "num_publications_10y": 35, "num_citations_10y": 35, "publications_years": {"2011": 27, "2012": 8}, "citations_years": {"2014": 10, "2015": 8, "2016": 5, "2017": 2, "2018": 4, "2019": 1, "2020": 1, "2013": 6}, "old_citations": {"2011": 30, "2012": 7}, "isVisible": false}, "United States": {"name": "United States", "type": "country", "h5_index": 308, "num_publications": 3, "num_citations": 4, "num_publications_5y": 0, "num_citations_5y": 3, "num_publications_10y": 3, "num_citations_10y": 3, "publications_years": {"2011": 3}, "citations_years": {"2015": 2, "2016": 0, "2017": 1, "2018": 0, "2019": 1}, "old_citations": {"2011": 4}, "isVisible": false}, "France": {"name": "France", "type": "country", "h5_index": 99, "num_publications": 2, "num_citations": 1, "num_publications_5y": 0, "num_citations_5y": 0, "num_publications_10y": 2, "num_citations_10y": 0, "publications_years": {"2011": 1, "2012": 1}, "citations_years": {"2020": 1}, "old_citations": {"2011": 0, "2012": 1}, "isVisible": false}, "Bosnia and Herzegovina": {"name": "Bosnia and Herzegovina", "type": "country", "h5_index": 17, "num_publications": 1, "num_citations": 0, "num_publications_5y": 0, "num_citations_5y": 0, "num_publications_10y": 1, "num_citations_10y": 0, "publications_years": {"2011": 1}, "citations_years": {}, "old_citations": {"2011": 0}, "isVisible": false}, "India": {"name": "India", "type": "country", "h5_index": 78, "num_publications": 1, "num_citations": 4, "num_publications_5y": 0, "num_citations_5y": 3, "num_publications_10y": 1, "num_citations_10y": 3, "publications_years": {"2011": 1}, "citations_years": {"2014": 1, "2015": 1, "2016": 1, "2017": 0, "2018": 0, "2019": 0, "2020": 1}, "old_citations": {"2011": 4}, "isVisible": false}}, "industrial_sectors": {"transportation": {"name": "transportation", "type": "industrial sector", "h5_index": 43, "num_publications": 2, "num_citations": 1, "num_publications_5y": 0, "num_citations_5y": 0, "num_publications_10y": 2, "num_citations_10y": 0, "publications_years": {"2011": 1, "2012": 1}, "citations_years": {"2020": 1}, "old_citations": {"2011": 0, "2012": 1}, "isVisible": false}, "automotive": {"name": "automotive", "type": "industrial sector", "h5_index": 42, "num_publications": 1, "num_citations": 1, "num_publications_5y": 0, "num_citations_5y": 0, "num_publications_10y": 1, "num_citations_10y": 0, "publications_years": {"2012": 1}, "citations_years": {"2020": 1}, "old_citations": {"2012": 1}, "isVisible": false}}}, "conference_comparison": {"computer science": {}}, "topics_dna": {"publications": {}, "citations": {"normalized": {}, "average": {}}}, "info": {"num_publications": 49, "num_citations": 76.0, "impact_factor": {}, "publications_years": {"2011": 34, "2012": 15}, "citations_years": {"2012": 2, "2013": 9, "2014": 15, "2015": 19, "2016": 14, "2017": 6, "2018": 7, "2019": 1, "2020": 3}, "old_citations": {"2011": 39, "2012": 37}, "h5_index": 0}, "percentile": {"computer science": {"2011": 54, "2012": 61}}, "conference_ranking": {"computer science": {"2011": 1960, "2012": 1662}}, "academia": {"num_publications": 32, "num_citations": 32, "publications_years": {"2011": 24, "2012": 8}, "old_citations": {"2011": 25, "2012": 7}, "num_publications_5y": 0, "num_citations_5y": 0, "num_publications_10y": 32, "num_citations_10y": 32}, "industry": {"num_publications": 2, "num_citations": 1, "publications_years": {"2011": 1, "2012": 1}, "old_citations": {"2011": 0, "2012": 1}, "num_publications_5y": 0, "num_citations_5y": 0, "num_publications_10y": 2, "num_citations_10y": 1}, "collaborative": {"num_publications": 0, "num_citations": 0, "publications_years": {}, "old_citations": {}, "num_publications_5y": 0, "num_citations_5y": 0, "num_publications_10y": 0, "num_citations_10y": 0}, "conferences": {}, "journals": {}, "organizations": {"publication_overall": ["Electric Power Research Institute", "Sichuan University", "South China University of Technology", "Beihang University", "North China Electric Power University", "Shanghai Jiao Tong University", "Taiyuan University of Technology", "Wuhan University", "Alstom (France)", "Beijing Institute of Technology", "Beijing University of Posts and Telecommunications", "Beijing University of Technology", "Changsha University of Science and Technology", "China Three Gorges University", "Fuzhou University", "Guilin University of Technology", "Hohai University", "Hunan University", "Kunming University of Science and Technology", "Nanjing University", "National Institute of Technology Durgapur", "Shanghai University", "Shanghai University of Engineering Sciences", "Shenyang Institute of Automation", "Tsinghua University", "University of Banja Luka", "University of Electronic Science and Technology of China", "University of Science and Technology Beijing", "Valeo (France)", "Zhejiang Ocean University", "Zhengzhou University"], "citation_overall": ["South China University of Technology", "Wuhan University", "Changsha University of Science and Technology", "Electric Power Research Institute", "National Institute of Technology Durgapur", "North China Electric Power University", "Beijing University of Posts and Telecommunications", "Shanghai University of Engineering Sciences", "University of Science and Technology Beijing", "Beihang University", "China Three Gorges University", "Zhejiang Ocean University", "Valeo (France)", "Zhengzhou University", "Alstom (France)", "Beijing Institute of Technology", "Beijing University of Technology", "Fuzhou University", "Guilin University of Technology", "Hohai University", "Hunan University", "Kunming University of Science and Technology", "Nanjing University", "Shanghai Jiao Tong University", "Shanghai University", "Shenyang Institute of Automation", "Sichuan University", "Taiyuan University of Technology", "Tsinghua University", "University of Banja Luka", "University of Electronic Science and Technology of China"], "publication_10_years": ["Electric Power Research Institute", "Sichuan University", "South China University of Technology", "Beihang University", "North China Electric Power University", "Shanghai Jiao Tong University", "Taiyuan University of Technology", "Wuhan University", "Alstom (France)", "Beijing Institute of Technology", "Beijing University of Posts and Telecommunications", "Beijing University of Technology", "Changsha University of Science and Technology", "China Three Gorges University", "Fuzhou University", "Guilin University of Technology", "Hohai University", "Hunan University", "Kunming University of Science and Technology", "Nanjing University", "National Institute of Technology Durgapur", "Shanghai University", "Shanghai University of Engineering Sciences", "Shenyang Institute of Automation", "Tsinghua University", "University of Banja Luka", "University of Electronic Science and Technology of China", "University of Science and Technology Beijing", "Valeo (France)", "Zhejiang Ocean University", "Zhengzhou University"], "citation_10_years": ["South China University of Technology", "Wuhan University", "Changsha University of Science and Technology", "Electric Power Research Institute", "National Institute of Technology Durgapur", "North China Electric Power University", "Beijing University of Posts and Telecommunications", "Shanghai University of Engineering Sciences", "University of Science and Technology Beijing", "Beihang University", "China Three Gorges University", "Zhejiang Ocean University", "Valeo (France)", "Zhengzhou University", "Alstom (France)", "Beijing Institute of Technology", "Beijing University of Technology", "Fuzhou University", "Guilin University of Technology", "Hohai University", "Hunan University", "Kunming University of Science and Technology", "Nanjing University", "Shanghai Jiao Tong University", "Shanghai University", "Shenyang Institute of Automation", "Sichuan University", "Taiyuan University of Technology", "Tsinghua University", "University of Banja Luka", "University of Electronic Science and Technology of China"], "publication_5_years": [], "citation_5_years": []}, "countries": {"publication_overall": ["China", "United States", "France", "Bosnia and Herzegovina", "India"], "citation_overall": ["China", "India", "United States", "France", "Bosnia and Herzegovina"], "publication_10_years": ["China", "United States", "France", "Bosnia and Herzegovina", "India"], "citation_10_years": ["China", "India", "United States", "France", "Bosnia and Herzegovina"], "publication_5_years": [], "citation_5_years": []}, "topics": {"publication_overall": ["computer science", "computer systems", "engineering", "computer networks", "mathematics", "telecommunication systems", "communication systems", "computer hardware", "wireless telecommunication systems", "artificial intelligence", "signal processing", "sensors", "software", "control systems", "telecommunication networks", "automation", "communication channels (information theory)", "computer imaging and vision", "fiber optic networks", "image processing"], "citation_overall": ["computer science", "computer networks", "computer systems", "mathematics", "engineering", "telecommunication systems", "communication systems", "wireless telecommunication systems", "software", "computer hardware", "sensors", "artificial intelligence", "computer imaging and vision", "fiber optic networks", "image analysis", "image processing", "optical fibers", "optical materials", "signal processing", "distributed computer systems"], "publication_10_years": ["computer science", "computer systems", "engineering", "computer networks", "mathematics", "telecommunication systems", "communication systems", "computer hardware", "wireless telecommunication systems", "artificial intelligence", "signal processing", "sensors", "software", "control systems", "telecommunication networks", "automation", "communication channels (information theory)", "computer imaging and vision", "fiber optic networks", "image processing"], "citation_10_years": ["computer science", "computer networks", "computer systems", "mathematics", "engineering", "telecommunication systems", "communication systems", "wireless telecommunication systems", "software", "computer hardware", "sensors", "artificial intelligence", "computer imaging and vision", "fiber optic networks", "image analysis", "image processing", "optical fibers", "optical materials", "signal processing", "distributed computer systems"], "publication_5_years": [], "citation_5_years": []}, "main_topics": ["computer science"], "authors": {"publication_overall": ["944071133", "1202891008", "2079951499", "2222437067", "2230806783", "2310030483", "2744231094", "242589112", "1443764501", "1984358005", "1998963021", "2006435255", "2013668752", "2071200795", "2101317102", "2101497078", "2113463232", "2139217463", "2148784497", "2151203879", "2154134484", "2156741956", "2157118647", "2157742622", "2166161675", "2186003573", "2222502586", "2223021832", "2223272134", "2223502239", "2223751313", "2224421766", "2224518709", "2224814290", "2225287472", "2225434359", "2226017833", "2226111029", "2227564818", "2227586833", "2228248064", "2228658202", "2228734645", "2229338267", "2229350258", "2230031063", "2231125102", "2231513190", "2232291943", "2235597237", "2237028439", "2239368203", "2269511823", "2280349256", "2296751075", "2302302184", "2303783195", "2306389035", "2308709354", "2327895914", "2345856232", "2381991008", "2392300157", "2421469820", "2422777290", "2424405826", "2427243039", "2428197617", "2429689628", "2435752094", "2437670026", "2440997607", "2441245931", "2442238566", "2442255551", "2443199188", "2462698524", "2466323576", "2475430010", "2476228752", "2492015357", "2499839147", "2504254551", "2504617893", "2567900137", "2567930235", "2569360107", "2569714346", "2570001159", "2570463283", "2571095035", "2571438012", "2581745391", "2585907688", "2595785862", "2610060770", "2628036115", "2628691505", "2628694044", "2629071306"], "citation_overall": ["2222437067", "2230806783", "2237028439", "2569714346", "2228248064", "2570001159", "2571095035", "2113463232", "2228734645", "2280349256", "2567900137", "2628036115", "2654356120", "2654950493", "2717255687", "1998963021", "2429689628", "2442238566", "2466323576", "2610060770", "2717475620", "1443764501", "1984358005", "2156741956", "2227586833", "2235597237", "2306389035", "2308709354", "2435752094", "2437670026", "2440997607", "2441245931", "2442255551", "2628694044", "2632109471", "2654242430", "2668436189", "2712626254", "2761104306", "2937424781", "2101317102", "2166161675", "2269511823", "2303783195", "2567930235", "2571438012", "2636945608", "2644892719", "2651159862", "2669466269", "2674296203", "2702534664", "2849585007", "2984156326", "2148784497", "2157118647", "2223751313", "2224421766", "2224814290", "2225434359", "2228658202", "2296751075", "2345856232", "2421469820", "2475430010", "2476228752", "2504617893", "2585907688", "2659526454", "2669699437", "2699185164", "2754561003", "2754761816", "242589112", "944071133", "1202891008", "2006435255", "2013668752", "2071200795", "2079951499", "2101497078", "2139217463", "2151203879", "2154134484", "2157742622", "2186003573", "2222502586", "2223021832", "2223272134", "2223502239", "2224518709", "2225287472", "2226017833", "2226111029", "2227564818", "2229338267", "2229350258", "2230031063", "2231125102", "2231513190"], "publication_10_years": ["944071133", "1202891008", "2079951499", "2222437067", "2230806783", "2310030483", "2744231094", "242589112", "1443764501", "1984358005", "1998963021", "2006435255", "2013668752", "2071200795", "2101317102", "2101497078", "2113463232", "2139217463", "2148784497", "2151203879", "2154134484", "2156741956", "2157118647", "2157742622", "2166161675", "2186003573", "2222502586", "2223021832", "2223272134", "2223502239", "2223751313", "2224421766", "2224518709", "2224814290", "2225287472", "2225434359", "2226017833", "2226111029", "2227564818", "2227586833", "2228248064", "2228658202", "2228734645", "2229338267", "2229350258", "2230031063", "2231125102", "2231513190", "2232291943", "2235597237", "2237028439", "2239368203", "2269511823", "2280349256", "2296751075", "2302302184", "2303783195", "2306389035", "2308709354", "2327895914", "2345856232", "2381991008", "2392300157", "2421469820", "2422777290", "2424405826", "2427243039", "2428197617", "2429689628", "2435752094", "2437670026", "2440997607", "2441245931", "2442238566", "2442255551", "2443199188", "2462698524", "2466323576", "2475430010", "2476228752", "2492015357", "2499839147", "2504254551", "2504617893", "2567900137", "2567930235", "2569360107", "2569714346", "2570001159", "2570463283", "2571095035", "2571438012", "2581745391", "2585907688", "2595785862", "2610060770", "2628036115", "2628691505", "2628694044", "2629071306"], "citation_10_years": ["2222437067", "2230806783", "2237028439", "2569714346", "2228248064", "2570001159", "2571095035", "2113463232", "2228734645", "2280349256", "2567900137", "2628036115", "2654356120", "2654950493", "2717255687", "1998963021", "2429689628", "2442238566", "2466323576", "2610060770", "2717475620", "1443764501", "1984358005", "2156741956", "2227586833", "2235597237", "2306389035", "2308709354", "2435752094", "2437670026", "2440997607", "2441245931", "2442255551", "2628694044", "2632109471", "2654242430", "2668436189", "2712626254", "2761104306", "2937424781", "2101317102", "2166161675", "2269511823", "2303783195", "2567930235", "2571438012", "2636945608", "2644892719", "2651159862", "2669466269", "2674296203", "2702534664", "2849585007", "2984156326", "2148784497", "2157118647", "2223751313", "2224421766", "2224814290", "2225434359", "2228658202", "2296751075", "2345856232", "2421469820", "2475430010", "2476228752", "2504617893", "2585907688", "2659526454", "2669699437", "2699185164", "2754561003", "2754761816", "242589112", "944071133", "1202891008", "2006435255", "2013668752", "2071200795", "2079951499", "2101497078", "2139217463", "2151203879", "2154134484", "2157742622", "2186003573", "2222502586", "2223021832", "2223272134", "2223502239", "2224518709", "2225287472", "2226017833", "2226111029", "2227564818", "2229338267", "2229350258", "2230031063", "2231125102", "2231513190"], "publication_5_years": [], "citation_5_years": []}, "industrial_sectors": {"publication_overall": ["transportation", "automotive"], "citation_overall": ["automotive", "transportation"], "publication_10_years": ["transportation", "automotive"], "citation_10_years": ["automotive", "transportation"], "publication_5_years": [], "citation_5_years": []}}