{"name": "Photonics Global Conference", "acronym": "PGC", "type": "conference", "uniqueEntities": {"organizations": {"University of Melbourne": {"name": "University of Melbourne", "type": "organization", "organization_type": "Education", "h_index": 173, "h5_index": 48, "num_publications": 5, "num_citations": 8, "num_publications_5y": 0, "num_citations_5y": 6, "num_publications_10y": 5, "num_citations_10y": 7, "publications_years": {"2012": 4, "2010": 1}, "citations_years": {"2015": 1, "2016": 3, "2017": 1, "2018": 0, "2019": 1, "2013": 1, "2014": 1}, "old_citations": {"2012": 7, "2010": 1}, "isVisible": false}, "Nanyang Technological University": {"name": "Nanyang Technological University", "type": "organization", "organization_type": "Education", "h_index": 200, "h5_index": 78, "num_publications": 4, "num_citations": 2, "num_publications_5y": 0, "num_citations_5y": 1, "num_publications_10y": 4, "num_citations_10y": 2, "publications_years": {"2012": 2, "2010": 2}, "citations_years": {"2014": 1, "2013": 1}, "old_citations": {"2012": 1, "2010": 1}, "isVisible": false}, "Shanghai Jiao Tong University": {"name": "Shanghai Jiao Tong University", "type": "organization", "organization_type": "Education", "h_index": 136, "h5_index": 71, "num_publications": 4, "num_citations": 7, "num_publications_5y": 0, "num_citations_5y": 2, "num_publications_10y": 4, "num_citations_10y": 6, "publications_years": {"2012": 2, "2010": 2}, "citations_years": {"2013": 1, "2014": 1, "2015": 1, "2016": 0, "2017": 0, "2018": 0, "2019": 0, "2020": 1, "2012": 3}, "old_citations": {"2012": 4, "2010": 3}, "isVisible": false}, "Chosun University": {"name": "Chosun University", "type": "organization", "organization_type": "Education", "h_index": 32, "h5_index": 13, "num_publications": 2, "num_citations": 9, "num_publications_5y": 0, "num_citations_5y": 3, "num_publications_10y": 2, "num_citations_10y": 8, "publications_years": {"2010": 1, "2012": 1}, "citations_years": {"2011": 2, "2012": 1, "2013": 2, "2014": 0, "2015": 1, "2016": 0, "2017": 0, "2018": 2, "2019": 1}, "old_citations": {"2010": 9, "2012": 0}, "isVisible": false}, "Huawei Technologies (China)": {"name": "Huawei Technologies (China)", "type": "organization", "organization_type": "Company", "h_index": 105, "h5_index": 62, "num_publications": 2, "num_citations": 3, "num_publications_5y": 0, "num_citations_5y": 3, "num_publications_10y": 2, "num_citations_10y": 3, "publications_years": {"2010": 2}, "citations_years": {"2014": 1, "2015": 1, "2016": 1}, "old_citations": {"2010": 3}, "isVisible": false}, "National Taiwan University of Science and Technology": {"name": "National Taiwan University of Science and Technology", "type": "organization", "organization_type": "Education", "h_index": 93, "h5_index": 27, "num_publications": 2, "num_citations": 2, "num_publications_5y": 0, "num_citations_5y": 1, "num_publications_10y": 2, "num_citations_10y": 2, "publications_years": {"2010": 2}, "citations_years": {"2013": 1, "2015": 1}, "old_citations": {"2010": 2}, "isVisible": false}, "Seikei University": {"name": "Seikei University", "type": "organization", "organization_type": "Education", "h_index": 31, "h5_index": 6, "num_publications": 2, "num_citations": 1, "num_publications_5y": 0, "num_citations_5y": 0, "num_publications_10y": 2, "num_citations_10y": 1, "publications_years": {"2012": 1, "2010": 1}, "citations_years": {"2012": 1}, "old_citations": {"2012": 0, "2010": 1}, "isVisible": false}, "Tamkang University": {"name": "Tamkang University", "type": "organization", "organization_type": "Education", "h_index": 58, "h5_index": 15, "num_publications": 2, "num_citations": 2, "num_publications_5y": 0, "num_citations_5y": 1, "num_publications_10y": 2, "num_citations_10y": 2, "publications_years": {"2010": 2}, "citations_years": {"2013": 1, "2015": 1}, "old_citations": {"2010": 2}, "isVisible": false}, "University of Sydney": {"name": "University of Sydney", "type": "organization", "organization_type": "Education", "h_index": 133, "h5_index": 63, "num_publications": 2, "num_citations": 0, "num_publications_5y": 0, "num_citations_5y": 0, "num_publications_10y": 2, "num_citations_10y": 0, "publications_years": {"2010": 1, "2012": 1}, "citations_years": {}, "old_citations": {"2010": 0, "2012": 0}, "isVisible": false}, "California Institute of Technology": {"name": "California Institute of Technology", "type": "organization", "organization_type": "Education", "h_index": 219, "h5_index": 42, "num_publications": 1, "num_citations": 1, "num_publications_5y": 0, "num_citations_5y": 1, "num_publications_10y": 1, "num_citations_10y": 1, "publications_years": {"2012": 1}, "citations_years": {"2017": 1}, "old_citations": {"2012": 1}, "isVisible": false}, "Czech Education and Scientific Net work": {"name": "Czech Education and Scientific Net work", "type": "organization", "organization_type": "Other", "h_index": 16, "h5_index": 7, "num_publications": 1, "num_citations": 1, "num_publications_5y": 0, "num_citations_5y": 0, "num_publications_10y": 1, "num_citations_10y": 0, "publications_years": {"2012": 1}, "citations_years": {"2019": 1}, "old_citations": {"2012": 1}, "isVisible": false}, "Georgia Institute of Technology": {"name": "Georgia Institute of Technology", "type": "organization", "organization_type": "Education", "h_index": 280, "h5_index": 72, "num_publications": 1, "num_citations": 1, "num_publications_5y": 0, "num_citations_5y": 1, "num_publications_10y": 1, "num_citations_10y": 1, "publications_years": {"2012": 1}, "citations_years": {"2017": 1}, "old_citations": {"2012": 1}, "isVisible": false}, "Hofstra University": {"name": "Hofstra University", "type": "organization", "organization_type": "Education", "h_index": 35, "h5_index": 14, "num_publications": 1, "num_citations": 0, "num_publications_5y": 0, "num_citations_5y": 0, "num_publications_10y": 1, "num_citations_10y": 0, "publications_years": {"2012": 1}, "citations_years": {}, "old_citations": {"2012": 0}, "isVisible": false}, "Indian Institute of Science Bangalore": {"name": "Indian Institute of Science Bangalore", "type": "organization", "organization_type": "Education", "h_index": 93, "h5_index": 30, "num_publications": 1, "num_citations": 0, "num_publications_5y": 0, "num_citations_5y": 0, "num_publications_10y": 1, "num_citations_10y": 0, "publications_years": {"2010": 1}, "citations_years": {}, "old_citations": {"2010": 0}, "isVisible": false}, "Institute for Infocomm Research": {"name": "Institute for Infocomm Research", "type": "organization", "organization_type": "Facility", "h_index": 118, "h5_index": 33, "num_publications": 1, "num_citations": 0, "num_publications_5y": 0, "num_citations_5y": 0, "num_publications_10y": 1, "num_citations_10y": 0, "publications_years": {"2012": 1}, "citations_years": {}, "old_citations": {"2012": 0}, "isVisible": false}, "Multimedia University": {"name": "Multimedia University", "type": "organization", "organization_type": "Education", "h_index": 51, "h5_index": 15, "num_publications": 1, "num_citations": 2, "num_publications_5y": 0, "num_citations_5y": 2, "num_publications_10y": 1, "num_citations_10y": 2, "publications_years": {"2012": 1}, "citations_years": {"2014": 2}, "old_citations": {"2012": 2}, "isVisible": false}, "Nanjing University": {"name": "Nanjing University", "type": "organization", "organization_type": "Education", "h_index": 115, "h5_index": 51, "num_publications": 1, "num_citations": 1, "num_publications_5y": 0, "num_citations_5y": 1, "num_publications_10y": 1, "num_citations_10y": 1, "publications_years": {"2012": 1}, "citations_years": {"2016": 1}, "old_citations": {"2012": 1}, "isVisible": false}, "National Chiao Tung University": {"name": "National Chiao Tung University", "type": "organization", "organization_type": "Education", "h_index": 130, "h5_index": 31, "num_publications": 1, "num_citations": 1, "num_publications_5y": 0, "num_citations_5y": 0, "num_publications_10y": 1, "num_citations_10y": 1, "publications_years": {"2010": 1}, "citations_years": {"2012": 1}, "old_citations": {"2010": 1}, "isVisible": false}, "National Chung Hsing University": {"name": "National Chung Hsing University", "type": "organization", "organization_type": "Education", "h_index": 58, "h5_index": 17, "num_publications": 1, "num_citations": 0, "num_publications_5y": 0, "num_citations_5y": 0, "num_publications_10y": 1, "num_citations_10y": 0, "publications_years": {"2012": 1}, "citations_years": {}, "old_citations": {"2012": 0}, "isVisible": false}, "National Institute of Information and Communications Technology": {"name": "National Institute of Information and Communications Technology", "type": "organization", "organization_type": "Facility", "h_index": 55, "h5_index": 26, "num_publications": 1, "num_citations": 0, "num_publications_5y": 0, "num_citations_5y": 0, "num_publications_10y": 1, "num_citations_10y": 0, "publications_years": {"2010": 1}, "citations_years": {}, "old_citations": {"2010": 0}, "isVisible": false}, "National Taipei University of Technology": {"name": "National Taipei University of Technology", "type": "organization", "organization_type": "Education", "h_index": 58, "h5_index": 15, "num_publications": 1, "num_citations": 1, "num_publications_5y": 0, "num_citations_5y": 0, "num_publications_10y": 1, "num_citations_10y": 1, "publications_years": {"2010": 1}, "citations_years": {"2013": 1}, "old_citations": {"2010": 1}, "isVisible": false}, "National Tsing Hua University": {"name": "National Tsing Hua University", "type": "organization", "organization_type": "Education", "h_index": 93, "h5_index": 29, "num_publications": 1, "num_citations": 1, "num_publications_5y": 0, "num_citations_5y": 0, "num_publications_10y": 1, "num_citations_10y": 1, "publications_years": {"2010": 1}, "citations_years": {"2012": 1}, "old_citations": {"2010": 1}, "isVisible": false}, "National United University": {"name": "National United University", "type": "organization", "organization_type": "Education", "h_index": 29, "h5_index": 6, "num_publications": 1, "num_citations": 0, "num_publications_5y": 0, "num_citations_5y": 0, "num_publications_10y": 1, "num_citations_10y": 0, "publications_years": {"2012": 1}, "citations_years": {}, "old_citations": {"2012": 0}, "isVisible": false}, "National University of Sciences and Technology": {"name": "National University of Sciences and Technology", "type": "organization", "organization_type": "Education", "h_index": 39, "h5_index": 27, "num_publications": 1, "num_citations": 1, "num_publications_5y": 0, "num_citations_5y": 1, "num_publications_10y": 1, "num_citations_10y": 1, "publications_years": {"2012": 1}, "citations_years": {"2017": 1}, "old_citations": {"2012": 1}, "isVisible": false}, "National University of Singapore": {"name": "National University of Singapore", "type": "organization", "organization_type": "Education", "h_index": 219, "h5_index": 81, "num_publications": 1, "num_citations": 0, "num_publications_5y": 0, "num_citations_5y": 0, "num_publications_10y": 1, "num_citations_10y": 0, "publications_years": {"2012": 1}, "citations_years": {}, "old_citations": {"2012": 0}, "isVisible": false}, "SRM Institute of Science and Technology": {"name": "SRM Institute of Science and Technology", "type": "organization", "organization_type": "Education", "h_index": 17, "h5_index": 10, "num_publications": 1, "num_citations": 8, "num_publications_5y": 0, "num_citations_5y": 5, "num_publications_10y": 1, "num_citations_10y": 6, "publications_years": {"2012": 1}, "citations_years": {"2013": 1, "2014": 0, "2015": 1, "2016": 1, "2017": 0, "2018": 3, "2019": 1, "2020": 1}, "old_citations": {"2012": 8}, "isVisible": false}, "Shanghai Normal University": {"name": "Shanghai Normal University", "type": "organization", "organization_type": "Education", "h_index": 20, "h5_index": 8, "num_publications": 1, "num_citations": 0, "num_publications_5y": 0, "num_citations_5y": 0, "num_publications_10y": 1, "num_citations_10y": 0, "publications_years": {"2012": 1}, "citations_years": {}, "old_citations": {"2012": 0}, "isVisible": false}, "Southwest Jiaotong University": {"name": "Southwest Jiaotong University", "type": "organization", "organization_type": "Education", "h_index": 62, "h5_index": 40, "num_publications": 1, "num_citations": 0, "num_publications_5y": 0, "num_citations_5y": 0, "num_publications_10y": 1, "num_citations_10y": 0, "publications_years": {"2010": 1}, "citations_years": {}, "old_citations": {"2010": 0}, "isVisible": false}, "University of Hertfordshire": {"name": "University of Hertfordshire", "type": "organization", "organization_type": "Education", "h_index": 76, "h5_index": 16, "num_publications": 1, "num_citations": 1, "num_publications_5y": 0, "num_citations_5y": 1, "num_publications_10y": 1, "num_citations_10y": 1, "publications_years": {"2012": 1}, "citations_years": {"2015": 1}, "old_citations": {"2012": 1}, "isVisible": false}, "University of Montpellier": {"name": "University of Montpellier", "type": "organization", "organization_type": "Education", "h_index": 56, "h5_index": 19, "num_publications": 1, "num_citations": 0, "num_publications_5y": 0, "num_citations_5y": 0, "num_publications_10y": 1, "num_citations_10y": 0, "publications_years": {"2010": 1}, "citations_years": {}, "old_citations": {"2010": 0}, "isVisible": false}}, "topics": {"computer science": {"name": "computer science", "type": "topic", "h_index": 1779, "h5_index": 416, "num_publications": 42, "num_citations": 51, "num_publications_5y": 0, "num_citations_5y": 29, "num_publications_10y": 42, "num_citations_10y": 45, "publications_years": {"2012": 21, "2010": 21}, "citations_years": {"2013": 8, "2014": 8, "2015": 7, "2016": 6, "2017": 3, "2018": 5, "2019": 4, "2020": 2, "2011": 2, "2012": 6}, "old_citations": {"2012": 28, "2010": 23}, "isVisible": false}, "computer networks": {"name": "computer networks", "type": "topic", "h_index": 1262, "h5_index": 332, "num_publications": 41, "num_citations": 51, "num_publications_5y": 0, "num_citations_5y": 29, "num_publications_10y": 41, "num_citations_10y": 45, "publications_years": {"2012": 20, "2010": 21}, "citations_years": {"2013": 8, "2014": 8, "2015": 7, "2016": 6, "2017": 3, "2018": 5, "2019": 4, "2020": 2, "2011": 2, "2012": 6}, "old_citations": {"2012": 28, "2010": 23}, "isVisible": false}, "computer systems": {"name": "computer systems", "type": "topic", "h_index": 1595, "h5_index": 367, "num_publications": 41, "num_citations": 51, "num_publications_5y": 0, "num_citations_5y": 29, "num_publications_10y": 41, "num_citations_10y": 45, "publications_years": {"2012": 20, "2010": 21}, "citations_years": {"2013": 8, "2014": 8, "2015": 7, "2016": 6, "2017": 3, "2018": 5, "2019": 4, "2020": 2, "2011": 2, "2012": 6}, "old_citations": {"2012": 28, "2010": 23}, "isVisible": false}, "telecommunication systems": {"name": "telecommunication systems", "type": "topic", "h_index": 1187, "h5_index": 277, "num_publications": 41, "num_citations": 51, "num_publications_5y": 0, "num_citations_5y": 29, "num_publications_10y": 41, "num_citations_10y": 45, "publications_years": {"2012": 20, "2010": 21}, "citations_years": {"2013": 8, "2014": 8, "2015": 7, "2016": 6, "2017": 3, "2018": 5, "2019": 4, "2020": 2, "2011": 2, "2012": 6}, "old_citations": {"2012": 28, "2010": 23}, "isVisible": false}, "communication systems": {"name": "communication systems", "type": "topic", "h_index": 1092, "h5_index": 254, "num_publications": 40, "num_citations": 50, "num_publications_5y": 0, "num_citations_5y": 29, "num_publications_10y": 40, "num_citations_10y": 44, "publications_years": {"2012": 20, "2010": 20}, "citations_years": {"2013": 8, "2014": 8, "2015": 7, "2016": 6, "2017": 3, "2018": 5, "2019": 4, "2020": 2, "2011": 2, "2012": 5}, "old_citations": {"2012": 28, "2010": 22}, "isVisible": false}, "wireless telecommunication systems": {"name": "wireless telecommunication systems", "type": "topic", "h_index": 1087, "h5_index": 254, "num_publications": 40, "num_citations": 50, "num_publications_5y": 0, "num_citations_5y": 29, "num_publications_10y": 40, "num_citations_10y": 44, "publications_years": {"2012": 20, "2010": 20}, "citations_years": {"2013": 8, "2014": 8, "2015": 7, "2016": 6, "2017": 3, "2018": 5, "2019": 4, "2020": 2, "2011": 2, "2012": 5}, "old_citations": {"2012": 28, "2010": 22}, "isVisible": false}, "computer hardware": {"name": "computer hardware", "type": "topic", "h_index": 1150, "h5_index": 279, "num_publications": 38, "num_citations": 50, "num_publications_5y": 0, "num_citations_5y": 29, "num_publications_10y": 38, "num_citations_10y": 44, "publications_years": {"2012": 20, "2010": 18}, "citations_years": {"2013": 7, "2014": 8, "2015": 7, "2016": 6, "2017": 3, "2018": 5, "2019": 4, "2020": 2, "2011": 2, "2012": 6}, "old_citations": {"2012": 28, "2010": 22}, "isVisible": false}, "telecommunication networks": {"name": "telecommunication networks", "type": "topic", "h_index": 1116, "h5_index": 258, "num_publications": 37, "num_citations": 42, "num_publications_5y": 0, "num_citations_5y": 26, "num_publications_10y": 37, "num_citations_10y": 37, "publications_years": {"2012": 20, "2010": 17}, "citations_years": {"2013": 6, "2014": 8, "2015": 6, "2016": 6, "2017": 3, "2018": 3, "2019": 3, "2020": 2, "2012": 5}, "old_citations": {"2012": 28, "2010": 14}, "isVisible": false}, "telecommunication traffic": {"name": "telecommunication traffic", "type": "topic", "h_index": 1036, "h5_index": 233, "num_publications": 36, "num_citations": 41, "num_publications_5y": 0, "num_citations_5y": 25, "num_publications_10y": 36, "num_citations_10y": 36, "publications_years": {"2012": 19, "2010": 17}, "citations_years": {"2013": 6, "2014": 8, "2015": 6, "2016": 5, "2017": 3, "2018": 3, "2019": 3, "2020": 2, "2012": 5}, "old_citations": {"2012": 27, "2010": 14}, "isVisible": false}, "sensors": {"name": "sensors", "type": "topic", "h_index": 960, "h5_index": 229, "num_publications": 35, "num_citations": 49, "num_publications_5y": 0, "num_citations_5y": 29, "num_publications_10y": 35, "num_citations_10y": 43, "publications_years": {"2012": 19, "2010": 16}, "citations_years": {"2013": 7, "2014": 8, "2015": 7, "2016": 6, "2017": 3, "2018": 5, "2019": 4, "2020": 2, "2011": 2, "2012": 5}, "old_citations": {"2012": 28, "2010": 21}, "isVisible": false}, "communication channels (information theory)": {"name": "communication channels (information theory)", "type": "topic", "h_index": 925, "h5_index": 216, "num_publications": 34, "num_citations": 40, "num_publications_5y": 0, "num_citations_5y": 24, "num_publications_10y": 34, "num_citations_10y": 37, "publications_years": {"2012": 18, "2010": 16}, "citations_years": {"2013": 6, "2014": 8, "2015": 6, "2016": 5, "2017": 3, "2018": 2, "2019": 2, "2020": 1, "2011": 2, "2012": 5}, "old_citations": {"2012": 19, "2010": 21}, "isVisible": false}, "bandwidth": {"name": "bandwidth", "type": "topic", "h_index": 922, "h5_index": 201, "num_publications": 32, "num_citations": 40, "num_publications_5y": 0, "num_citations_5y": 26, "num_publications_10y": 32, "num_citations_10y": 35, "publications_years": {"2012": 18, "2010": 14}, "citations_years": {"2013": 6, "2014": 8, "2015": 6, "2016": 6, "2017": 3, "2018": 3, "2019": 3, "2020": 2, "2012": 3}, "old_citations": {"2012": 28, "2010": 12}, "isVisible": false}, "engineering": {"name": "engineering", "type": "topic", "h_index": 1177, "h5_index": 287, "num_publications": 32, "num_citations": 41, "num_publications_5y": 0, "num_citations_5y": 25, "num_publications_10y": 32, "num_citations_10y": 35, "publications_years": {"2012": 20, "2010": 12}, "citations_years": {"2013": 7, "2014": 7, "2015": 6, "2016": 4, "2017": 3, "2018": 5, "2019": 4, "2020": 2, "2011": 2, "2012": 1}, "old_citations": {"2012": 25, "2010": 16}, "isVisible": false}, "optical fibers": {"name": "optical fibers", "type": "topic", "h_index": 457, "h5_index": 111, "num_publications": 32, "num_citations": 40, "num_publications_5y": 0, "num_citations_5y": 24, "num_publications_10y": 32, "num_citations_10y": 36, "publications_years": {"2012": 18, "2010": 14}, "citations_years": {"2013": 5, "2014": 8, "2015": 6, "2016": 5, "2017": 3, "2018": 2, "2019": 3, "2020": 1, "2011": 2, "2012": 5}, "old_citations": {"2012": 20, "2010": 20}, "isVisible": false}, "fiber optic networks": {"name": "fiber optic networks", "type": "topic", "h_index": 431, "h5_index": 112, "num_publications": 29, "num_citations": 36, "num_publications_5y": 0, "num_citations_5y": 20, "num_publications_10y": 29, "num_citations_10y": 32, "publications_years": {"2012": 14, "2010": 15}, "citations_years": {"2013": 5, "2014": 7, "2015": 6, "2016": 4, "2017": 1, "2018": 2, "2019": 3, "2020": 1, "2011": 2, "2012": 5}, "old_citations": {"2012": 16, "2010": 20}, "isVisible": false}, "data communication systems": {"name": "data communication systems", "type": "topic", "h_index": 1013, "h5_index": 234, "num_publications": 28, "num_citations": 21, "num_publications_5y": 0, "num_citations_5y": 14, "num_publications_10y": 28, "num_citations_10y": 18, "publications_years": {"2012": 15, "2010": 13}, "citations_years": {"2013": 3, "2014": 6, "2015": 4, "2016": 3, "2017": 1, "2018": 0, "2019": 2, "2020": 1, "2012": 1}, "old_citations": {"2012": 14, "2010": 7}, "isVisible": false}, "optical materials": {"name": "optical materials", "type": "topic", "h_index": 363, "h5_index": 93, "num_publications": 28, "num_citations": 38, "num_publications_5y": 0, "num_citations_5y": 23, "num_publications_10y": 28, "num_citations_10y": 34, "publications_years": {"2012": 16, "2010": 12}, "citations_years": {"2013": 5, "2014": 8, "2015": 6, "2016": 5, "2017": 2, "2018": 2, "2019": 3, "2020": 1, "2011": 2, "2012": 4}, "old_citations": {"2012": 19, "2010": 19}, "isVisible": false}, "signal processing": {"name": "signal processing", "type": "topic", "h_index": 1012, "h5_index": 255, "num_publications": 28, "num_citations": 35, "num_publications_5y": 0, "num_citations_5y": 22, "num_publications_10y": 28, "num_citations_10y": 30, "publications_years": {"2012": 18, "2010": 10}, "citations_years": {"2013": 5, "2014": 7, "2015": 5, "2016": 3, "2017": 2, "2018": 5, "2019": 3, "2020": 2, "2011": 2, "2012": 1}, "old_citations": {"2012": 21, "2010": 14}, "isVisible": false}, "wavelength division multiplexing": {"name": "wavelength division multiplexing", "type": "topic", "h_index": 356, "h5_index": 92, "num_publications": 27, "num_citations": 25, "num_publications_5y": 0, "num_citations_5y": 14, "num_publications_10y": 27, "num_citations_10y": 22, "publications_years": {"2012": 13, "2010": 14}, "citations_years": {"2013": 3, "2014": 6, "2015": 5, "2016": 2, "2017": 1, "2018": 0, "2019": 2, "2020": 1, "2012": 5}, "old_citations": {"2012": 13, "2010": 12}, "isVisible": false}, "packet networks": {"name": "packet networks", "type": "topic", "h_index": 650, "h5_index": 151, "num_publications": 25, "num_citations": 27, "num_publications_5y": 0, "num_citations_5y": 18, "num_publications_10y": 25, "num_citations_10y": 24, "publications_years": {"2012": 15, "2010": 10}, "citations_years": {"2013": 3, "2014": 7, "2015": 5, "2016": 4, "2017": 2, "2018": 0, "2019": 2, "2020": 1, "2012": 3}, "old_citations": {"2012": 17, "2010": 10}, "isVisible": false}, "wireless communications": {"name": "wireless communications", "type": "topic", "h_index": 773, "h5_index": 173, "num_publications": 20, "num_citations": 31, "num_publications_5y": 0, "num_citations_5y": 19, "num_publications_10y": 20, "num_citations_10y": 27, "publications_years": {"2012": 12, "2010": 8}, "citations_years": {"2013": 5, "2014": 5, "2015": 5, "2016": 4, "2017": 2, "2018": 3, "2019": 2, "2020": 2, "2012": 3}, "old_citations": {"2012": 23, "2010": 8}, "isVisible": false}, "signal to noise ratio": {"name": "signal to noise ratio", "type": "topic", "h_index": 821, "h5_index": 194, "num_publications": 23, "num_citations": 26, "num_publications_5y": 0, "num_citations_5y": 17, "num_publications_10y": 23, "num_citations_10y": 24, "publications_years": {"2012": 15, "2010": 8}, "citations_years": {"2013": 4, "2014": 7, "2015": 4, "2016": 2, "2017": 2, "2018": 2, "2019": 1, "2020": 1, "2011": 2, "2012": 1}, "old_citations": {"2012": 12, "2010": 14}, "isVisible": false}, "mathematics": {"name": "mathematics", "type": "topic", "h_index": 1364, "h5_index": 300, "num_publications": 24, "num_citations": 16, "num_publications_5y": 0, "num_citations_5y": 12, "num_publications_10y": 24, "num_citations_10y": 15, "publications_years": {"2012": 15, "2010": 9}, "citations_years": {"2013": 3, "2014": 6, "2015": 3, "2016": 2, "2017": 1, "2018": 0, "2019": 0, "2020": 1}, "old_citations": {"2012": 10, "2010": 6}, "isVisible": false}, "routers": {"name": "routers", "type": "topic", "h_index": 752, "h5_index": 160, "num_publications": 11, "num_citations": 17, "num_publications_5y": 0, "num_citations_5y": 12, "num_publications_10y": 11, "num_citations_10y": 14, "publications_years": {"2010": 4, "2012": 7}, "citations_years": {"2015": 2, "2016": 2, "2017": 2, "2018": 3, "2019": 2, "2014": 3, "2013": 2, "2020": 1}, "old_citations": {"2010": 1, "2012": 16}, "isVisible": false}}, "authors": {"2148574484": {"name": "elaine wong", "type": "author", "activity": 30, "h_index": 12, "h5_index": 8, "mag_id": "2148574484", "num_publications": 3, "num_citations": 4, "num_publications_5y": 0, "num_citations_5y": 3, "num_publications_10y": 3, "num_citations_10y": 3, "publications_years": {"2012": 3}, "citations_years": {"2015": 1, "2016": 1, "2017": 1, "2018": 0, "2019": 1}, "old_citations": {"2012": 4}, "isVisible": false}, "2082107733": {"name": "dai hanawa", "type": "author", "activity": 11, "h_index": 6, "h5_index": 0, "mag_id": "2082107733", "num_publications": 2, "num_citations": 1, "num_publications_5y": 0, "num_citations_5y": 0, "num_publications_10y": 2, "num_citations_10y": 1, "publications_years": {"2012": 1, "2010": 1}, "citations_years": {"2012": 1}, "old_citations": {"2012": 0, "2010": 1}, "isVisible": false}, "2110820298": {"name": "minghsueh chuang", "type": "author", "activity": 9, "h_index": 3, "h5_index": 0, "mag_id": "2110820298", "num_publications": 2, "num_citations": 2, "num_publications_5y": 0, "num_citations_5y": 1, "num_publications_10y": 2, "num_citations_10y": 2, "publications_years": {"2010": 2}, "citations_years": {"2013": 1, "2015": 1}, "old_citations": {"2010": 2}, "isVisible": false}, "2113345447": {"name": "xiaoke yi", "type": "author", "activity": 16, "h_index": 1, "h5_index": 1, "mag_id": "2113345447", "num_publications": 2, "num_citations": 0, "num_publications_5y": 0, "num_citations_5y": 0, "num_publications_10y": 2, "num_citations_10y": 0, "publications_years": {"2010": 1, "2012": 1}, "citations_years": {}, "old_citations": {"2010": 0, "2012": 0}, "isVisible": false}, "2151547897": {"name": "kimio oguchi", "type": "author", "activity": 19, "h_index": 6, "h5_index": 1, "mag_id": "2151547897", "num_publications": 2, "num_citations": 1, "num_publications_5y": 0, "num_citations_5y": 0, "num_publications_10y": 2, "num_citations_10y": 1, "publications_years": {"2012": 1, "2010": 1}, "citations_years": {"2012": 1}, "old_citations": {"2012": 0, "2010": 1}, "isVisible": false}, "2153003896": {"name": "sanliang lee", "type": "author", "activity": 17, "h_index": 5, "h5_index": 0, "mag_id": "2153003896", "num_publications": 2, "num_citations": 2, "num_publications_5y": 0, "num_citations_5y": 1, "num_publications_10y": 2, "num_citations_10y": 2, "publications_years": {"2010": 2}, "citations_years": {"2013": 1, "2015": 1}, "old_citations": {"2010": 2}, "isVisible": false}, "2154824078": {"name": "xiaofeng hu", "type": "author", "activity": 7, "h_index": 3, "h5_index": 0, "mag_id": "2154824078", "num_publications": 2, "num_citations": 7, "num_publications_5y": 0, "num_citations_5y": 2, "num_publications_10y": 2, "num_citations_10y": 6, "publications_years": {"2012": 1, "2010": 1}, "citations_years": {"2013": 1, "2014": 1, "2015": 1, "2016": 0, "2017": 0, "2018": 0, "2019": 0, "2020": 1, "2012": 3}, "old_citations": {"2012": 4, "2010": 3}, "isVisible": false}, "2154846905": {"name": "pan cao", "type": "author", "activity": 5, "h_index": 3, "h5_index": 0, "mag_id": "2154846905", "num_publications": 2, "num_citations": 7, "num_publications_5y": 0, "num_citations_5y": 2, "num_publications_10y": 2, "num_citations_10y": 6, "publications_years": {"2012": 1, "2010": 1}, "citations_years": {"2013": 1, "2014": 1, "2015": 1, "2016": 0, "2017": 0, "2018": 0, "2019": 0, "2020": 1, "2012": 3}, "old_citations": {"2012": 4, "2010": 3}, "isVisible": false}, "2156048252": {"name": "yikai su", "type": "author", "activity": 18, "h_index": 8, "h5_index": 4, "mag_id": "2156048252", "num_publications": 2, "num_citations": 7, "num_publications_5y": 0, "num_citations_5y": 2, "num_publications_10y": 2, "num_citations_10y": 6, "publications_years": {"2012": 1, "2010": 1}, "citations_years": {"2013": 1, "2014": 1, "2015": 1, "2016": 0, "2017": 0, "2018": 0, "2019": 0, "2020": 1, "2012": 3}, "old_citations": {"2012": 4, "2010": 3}, "isVisible": false}, "2158923118": {"name": "maluge pubuduni imali dias", "type": "author", "activity": 9, "h_index": 4, "h5_index": 2, "mag_id": "2158923118", "num_publications": 2, "num_citations": 4, "num_publications_5y": 0, "num_citations_5y": 3, "num_publications_10y": 2, "num_citations_10y": 3, "publications_years": {"2012": 2}, "citations_years": {"2015": 1, "2016": 1, "2017": 1, "2018": 0, "2019": 1}, "old_citations": {"2012": 4}, "isVisible": false}, "2290666468": {"name": "chung ghiu lee", "type": "author", "activity": 10, "h_index": 4, "h5_index": 2, "mag_id": "2290666468", "num_publications": 2, "num_citations": 9, "num_publications_5y": 0, "num_citations_5y": 3, "num_publications_10y": 2, "num_citations_10y": 8, "publications_years": {"2010": 1, "2012": 1}, "citations_years": {"2011": 2, "2012": 1, "2013": 2, "2014": 0, "2015": 1, "2016": 0, "2017": 0, "2018": 2, "2019": 1}, "old_citations": {"2010": 9, "2012": 0}, "isVisible": false}, "2358249145": {"name": "shuchuan lin", "type": "author", "activity": 4, "h_index": 2, "h5_index": 0, "mag_id": "2358249145", "num_publications": 2, "num_citations": 2, "num_publications_5y": 0, "num_citations_5y": 1, "num_publications_10y": 2, "num_citations_10y": 2, "publications_years": {"2010": 2}, "citations_years": {"2013": 1, "2015": 1}, "old_citations": {"2010": 2}, "isVisible": false}, "2924411653": {"name": "chunliang yang", "type": "author", "activity": 15, "h_index": 2, "h5_index": 0, "mag_id": "2924411653", "num_publications": 2, "num_citations": 2, "num_publications_5y": 0, "num_citations_5y": 1, "num_publications_10y": 2, "num_citations_10y": 2, "publications_years": {"2010": 2}, "citations_years": {"2013": 1, "2015": 1}, "old_citations": {"2010": 2}, "isVisible": false}, "271491609": {"name": "jan radil", "type": "author", "activity": 18, "h_index": 3, "h5_index": 2, "mag_id": "271491609", "num_publications": 1, "num_citations": 1, "num_publications_5y": 0, "num_citations_5y": 0, "num_publications_10y": 1, "num_citations_10y": 0, "publications_years": {"2012": 1}, "citations_years": {"2019": 1}, "old_citations": {"2012": 1}, "isVisible": false}, "373914545": {"name": "a m vibin", "type": "author", "activity": 5, "h_index": 1, "h5_index": 0, "mag_id": "373914545", "num_publications": 1, "num_citations": 8, "num_publications_5y": 0, "num_citations_5y": 5, "num_publications_10y": 1, "num_citations_10y": 6, "publications_years": {"2012": 1}, "citations_years": {"2013": 1, "2014": 0, "2015": 1, "2016": 1, "2017": 0, "2018": 3, "2019": 1, "2020": 1}, "old_citations": {"2012": 8}, "isVisible": false}, "1174662105": {"name": "hesham a bakarman", "type": "author", "activity": 12, "h_index": 5, "h5_index": 0, "mag_id": "1174662105", "num_publications": 1, "num_citations": 2, "num_publications_5y": 0, "num_citations_5y": 2, "num_publications_10y": 1, "num_citations_10y": 2, "publications_years": {"2012": 1}, "citations_years": {"2014": 2}, "old_citations": {"2012": 2}, "isVisible": false}, "1473471911": {"name": "fu chit yaw", "type": "author", "activity": 1, "h_index": 1, "h5_index": 0, "mag_id": "1473471911", "num_publications": 1, "num_citations": 1, "num_publications_5y": 0, "num_citations_5y": 0, "num_publications_10y": 1, "num_citations_10y": 1, "publications_years": {"2010": 1}, "citations_years": {"2013": 1}, "old_citations": {"2010": 1}, "isVisible": false}, "1590470099": {"name": "pandelis kourtessis", "type": "author", "activity": 19, "h_index": 7, "h5_index": 1, "mag_id": "1590470099", "num_publications": 1, "num_citations": 1, "num_publications_5y": 0, "num_citations_5y": 1, "num_publications_10y": 1, "num_citations_10y": 1, "publications_years": {"2012": 1}, "citations_years": {"2015": 1}, "old_citations": {"2012": 1}, "isVisible": false}, "1686113183": {"name": "ampalavanapillai nirmalathas", "type": "author", "activity": 22, "h_index": 10, "h5_index": 6, "mag_id": "1686113183", "num_publications": 1, "num_citations": 3, "num_publications_5y": 0, "num_citations_5y": 3, "num_publications_10y": 1, "num_citations_10y": 3, "publications_years": {"2012": 1}, "citations_years": {"2014": 1, "2015": 0, "2016": 2}, "old_citations": {"2012": 3}, "isVisible": false}, "1831161430": {"name": "josef vojtech", "type": "author", "activity": 14, "h_index": 4, "h5_index": 4, "mag_id": "1831161430", "num_publications": 1, "num_citations": 1, "num_publications_5y": 0, "num_citations_5y": 0, "num_publications_10y": 1, "num_citations_10y": 0, "publications_years": {"2012": 1}, "citations_years": {"2019": 1}, "old_citations": {"2012": 1}, "isVisible": false}, "1841170749": {"name": "sirajudeen gulam razul", "type": "author", "activity": 16, "h_index": 5, "h5_index": 2, "mag_id": "1841170749", "num_publications": 1, "num_citations": 1, "num_publications_5y": 0, "num_citations_5y": 0, "num_publications_10y": 1, "num_citations_10y": 1, "publications_years": {"2010": 1}, "citations_years": {"2013": 1}, "old_citations": {"2010": 1}, "isVisible": false}, "1986324673": {"name": "qunyou hung", "type": "author", "activity": 1, "h_index": 1, "h5_index": 0, "mag_id": "1986324673", "num_publications": 1, "num_citations": 1, "num_publications_5y": 0, "num_citations_5y": 1, "num_publications_10y": 1, "num_citations_10y": 1, "publications_years": {"2010": 1}, "citations_years": {"2015": 1}, "old_citations": {"2010": 1}, "isVisible": false}, "1990580318": {"name": "bernard cousin", "type": "author", "activity": 26, "h_index": 15, "h5_index": 6, "mag_id": "1990580318", "num_publications": 1, "num_citations": 0, "num_publications_5y": 0, "num_citations_5y": 0, "num_publications_10y": 1, "num_citations_10y": 0, "publications_years": {"2010": 1}, "citations_years": {}, "old_citations": {"2010": 0}, "isVisible": false}, "1992266609": {"name": "tawfig eltaif", "type": "author", "activity": 12, "h_index": 3, "h5_index": 1, "mag_id": "1992266609", "num_publications": 1, "num_citations": 2, "num_publications_5y": 0, "num_citations_5y": 2, "num_publications_10y": 1, "num_citations_10y": 2, "publications_years": {"2012": 1}, "citations_years": {"2014": 2}, "old_citations": {"2012": 2}, "isVisible": false}, "1996152816": {"name": "w c kwong", "type": "author", "activity": 30, "h_index": 22, "h5_index": 4, "mag_id": "1996152816", "num_publications": 1, "num_citations": 0, "num_publications_5y": 0, "num_citations_5y": 0, "num_publications_10y": 1, "num_citations_10y": 0, "publications_years": {"2012": 1}, "citations_years": {}, "old_citations": {"2012": 0}, "isVisible": false}, "1996999000": {"name": "robert ayre", "type": "author", "activity": 25, "h_index": 10, "h5_index": 1, "mag_id": "1996999000", "num_publications": 1, "num_citations": 1, "num_publications_5y": 0, "num_citations_5y": 0, "num_publications_10y": 1, "num_citations_10y": 1, "publications_years": {"2010": 1}, "citations_years": {"2013": 1}, "old_citations": {"2010": 1}, "isVisible": false}, "1999861332": {"name": "pavel skoda", "type": "author", "activity": 8, "h_index": 3, "h5_index": 3, "mag_id": "1999861332", "num_publications": 1, "num_citations": 1, "num_publications_5y": 0, "num_citations_5y": 0, "num_publications_10y": 1, "num_citations_10y": 0, "publications_years": {"2012": 1}, "citations_years": {"2019": 1}, "old_citations": {"2012": 1}, "isVisible": false}, "2032004065": {"name": "f amoozegar", "type": "author", "activity": 10, "h_index": 1, "h5_index": 0, "mag_id": "2032004065", "num_publications": 1, "num_citations": 1, "num_publications_5y": 0, "num_citations_5y": 1, "num_publications_10y": 1, "num_citations_10y": 1, "publications_years": {"2012": 1}, "citations_years": {"2017": 1}, "old_citations": {"2012": 1}, "isVisible": false}, "2032945646": {"name": "an v tran", "type": "author", "activity": 14, "h_index": 5, "h5_index": 0, "mag_id": "2032945646", "num_publications": 1, "num_citations": 1, "num_publications_5y": 0, "num_citations_5y": 0, "num_publications_10y": 1, "num_citations_10y": 1, "publications_years": {"2010": 1}, "citations_years": {"2013": 1}, "old_citations": {"2010": 1}, "isVisible": false}, "2042101112": {"name": "sandu abeywickrama", "type": "author", "activity": 3, "h_index": 2, "h5_index": 0, "mag_id": "2042101112", "num_publications": 1, "num_citations": 0, "num_publications_5y": 0, "num_citations_5y": 0, "num_publications_10y": 1, "num_citations_10y": 0, "publications_years": {"2012": 1}, "citations_years": {}, "old_citations": {"2012": 0}, "isVisible": false}, "2052531454": {"name": "kerry hinton", "type": "author", "activity": 22, "h_index": 11, "h5_index": 4, "mag_id": "2052531454", "num_publications": 1, "num_citations": 1, "num_publications_5y": 0, "num_citations_5y": 0, "num_publications_10y": 1, "num_citations_10y": 1, "publications_years": {"2010": 1}, "citations_years": {"2013": 1}, "old_citations": {"2010": 1}, "isVisible": false}, "2091027898": {"name": "ali adibi", "type": "author", "activity": 22, "h_index": 5, "h5_index": 2, "mag_id": "2091027898", "num_publications": 1, "num_citations": 1, "num_publications_5y": 0, "num_citations_5y": 1, "num_publications_10y": 1, "num_citations_10y": 1, "publications_years": {"2012": 1}, "citations_years": {"2017": 1}, "old_citations": {"2012": 1}, "isVisible": false}, "2097649935": {"name": "wei pan", "type": "author", "activity": 12, "h_index": 5, "h5_index": 2, "mag_id": "2097649935", "num_publications": 1, "num_citations": 0, "num_publications_5y": 0, "num_citations_5y": 0, "num_publications_10y": 1, "num_citations_10y": 0, "publications_years": {"2010": 1}, "citations_years": {}, "old_citations": {"2010": 0}, "isVisible": false}, "2098143961": {"name": "junhui hu", "type": "author", "activity": 4, "h_index": 1, "h5_index": 0, "mag_id": "2098143961", "num_publications": 1, "num_citations": 1, "num_publications_5y": 0, "num_citations_5y": 1, "num_publications_10y": 1, "num_citations_10y": 1, "publications_years": {"2012": 1}, "citations_years": {"2016": 1}, "old_citations": {"2012": 1}, "isVisible": false}, "2099616994": {"name": "chengyuan chang", "type": "author", "activity": 8, "h_index": 8, "h5_index": 0, "mag_id": "2099616994", "num_publications": 1, "num_citations": 0, "num_publications_5y": 0, "num_citations_5y": 0, "num_publications_10y": 1, "num_citations_10y": 0, "publications_years": {"2012": 1}, "citations_years": {}, "old_citations": {"2012": 0}, "isVisible": false}, "2101371209": {"name": "bipin sankar gopalakrishna pillai", "type": "author", "activity": 7, "h_index": 2, "h5_index": 1, "mag_id": "2101371209", "num_publications": 1, "num_citations": 1, "num_publications_5y": 0, "num_citations_5y": 0, "num_publications_10y": 1, "num_citations_10y": 1, "publications_years": {"2010": 1}, "citations_years": {"2013": 1}, "old_citations": {"2010": 1}, "isVisible": false}, "2107094063": {"name": "yaohui jin", "type": "author", "activity": 17, "h_index": 14, "h5_index": 5, "mag_id": "2107094063", "num_publications": 1, "num_citations": 0, "num_publications_5y": 0, "num_citations_5y": 0, "num_publications_10y": 1, "num_citations_10y": 0, "publications_years": {"2010": 1}, "citations_years": {}, "old_citations": {"2010": 0}, "isVisible": false}, "2109634889": {"name": "miloslav hula", "type": "author", "activity": 11, "h_index": 2, "h5_index": 1, "mag_id": "2109634889", "num_publications": 1, "num_citations": 1, "num_publications_5y": 0, "num_citations_5y": 0, "num_publications_10y": 1, "num_citations_10y": 0, "publications_years": {"2012": 1}, "citations_years": {"2019": 1}, "old_citations": {"2012": 1}, "isVisible": false}, "2110837099": {"name": "jewei su", "type": "author", "activity": 2, "h_index": 1, "h5_index": 0, "mag_id": "2110837099", "num_publications": 1, "num_citations": 0, "num_publications_5y": 0, "num_citations_5y": 0, "num_publications_10y": 1, "num_citations_10y": 0, "publications_years": {"2012": 1}, "citations_years": {}, "old_citations": {"2012": 0}, "isVisible": false}, "2117732269": {"name": "changyuan yu", "type": "author", "activity": 15, "h_index": 9, "h5_index": 2, "mag_id": "2117732269", "num_publications": 1, "num_citations": 0, "num_publications_5y": 0, "num_citations_5y": 0, "num_publications_10y": 1, "num_citations_10y": 0, "publications_years": {"2012": 1}, "citations_years": {}, "old_citations": {"2012": 0}, "isVisible": false}, "2119127008": {"name": "vladimir smotlacha", "type": "author", "activity": 12, "h_index": 5, "h5_index": 3, "mag_id": "2119127008", "num_publications": 1, "num_citations": 1, "num_publications_5y": 0, "num_citations_5y": 0, "num_publications_10y": 1, "num_citations_10y": 0, "publications_years": {"2012": 1}, "citations_years": {"2019": 1}, "old_citations": {"2012": 1}, "isVisible": false}, "2119374909": {"name": "yoshinari awaji", "type": "author", "activity": 16, "h_index": 7, "h5_index": 5, "mag_id": "2119374909", "num_publications": 1, "num_citations": 0, "num_publications_5y": 0, "num_citations_5y": 0, "num_publications_10y": 1, "num_citations_10y": 0, "publications_years": {"2010": 1}, "citations_years": {}, "old_citations": {"2010": 0}, "isVisible": false}, "2120424394": {"name": "wansu lim", "type": "author", "activity": 12, "h_index": 4, "h5_index": 1, "mag_id": "2120424394", "num_publications": 1, "num_citations": 1, "num_publications_5y": 0, "num_citations_5y": 1, "num_publications_10y": 1, "num_citations_10y": 1, "publications_years": {"2012": 1}, "citations_years": {"2015": 1}, "old_citations": {"2012": 1}, "isVisible": false}, "2122239721": {"name": "chien aun chan", "type": "author", "activity": 13, "h_index": 7, "h5_index": 2, "mag_id": "2122239721", "num_publications": 1, "num_citations": 0, "num_publications_5y": 0, "num_citations_5y": 0, "num_publications_10y": 1, "num_citations_10y": 0, "publications_years": {"2012": 1}, "citations_years": {}, "old_citations": {"2012": 0}, "isVisible": false}, "2123860343": {"name": "fen zhou", "type": "author", "activity": 12, "h_index": 12, "h5_index": 6, "mag_id": "2123860343", "num_publications": 1, "num_citations": 0, "num_publications_5y": 0, "num_citations_5y": 0, "num_publications_10y": 1, "num_citations_10y": 0, "publications_years": {"2010": 1}, "citations_years": {}, "old_citations": {"2010": 0}, "isVisible": false}, "2124439713": {"name": "xiaojun yu", "type": "author", "activity": 11, "h_index": 4, "h5_index": 1, "mag_id": "2124439713", "num_publications": 1, "num_citations": 1, "num_publications_5y": 0, "num_citations_5y": 1, "num_publications_10y": 1, "num_citations_10y": 1, "publications_years": {"2012": 1}, "citations_years": {"2014": 1}, "old_citations": {"2012": 1}, "isVisible": false}, "2125339223": {"name": "gaoxi xiao", "type": "author", "activity": 22, "h_index": 16, "h5_index": 6, "mag_id": "2125339223", "num_publications": 1, "num_citations": 1, "num_publications_5y": 0, "num_citations_5y": 1, "num_publications_10y": 1, "num_citations_10y": 1, "publications_years": {"2012": 1}, "citations_years": {"2014": 1}, "old_citations": {"2012": 1}, "isVisible": false}, "2127026159": {"name": "milos milosavljevic", "type": "author", "activity": 9, "h_index": 5, "h5_index": 1, "mag_id": "2127026159", "num_publications": 1, "num_citations": 1, "num_publications_5y": 0, "num_citations_5y": 1, "num_publications_10y": 1, "num_citations_10y": 1, "publications_years": {"2012": 1}, "citations_years": {"2015": 1}, "old_citations": {"2012": 1}, "isVisible": false}, "2128505437": {"name": "bin luo", "type": "author", "activity": 11, "h_index": 5, "h5_index": 2, "mag_id": "2128505437", "num_publications": 1, "num_citations": 0, "num_publications_5y": 0, "num_citations_5y": 0, "num_publications_10y": 1, "num_citations_10y": 0, "publications_years": {"2010": 1}, "citations_years": {}, "old_citations": {"2010": 0}, "isVisible": false}, "2129851458": {"name": "shaohua yu", "type": "author", "activity": 11, "h_index": 4, "h5_index": 3, "mag_id": "2129851458", "num_publications": 1, "num_citations": 0, "num_publications_5y": 0, "num_citations_5y": 0, "num_publications_10y": 1, "num_citations_10y": 0, "publications_years": {"2012": 1}, "citations_years": {}, "old_citations": {"2012": 0}, "isVisible": false}, "2131462688": {"name": "shingo yamakawa", "type": "author", "activity": 4, "h_index": 1, "h5_index": 0, "mag_id": "2131462688", "num_publications": 1, "num_citations": 1, "num_publications_5y": 0, "num_citations_5y": 0, "num_publications_10y": 1, "num_citations_10y": 1, "publications_years": {"2010": 1}, "citations_years": {"2012": 1}, "old_citations": {"2010": 1}, "isVisible": false}, "2132208092": {"name": "miklos molnar", "type": "author", "activity": 17, "h_index": 12, "h5_index": 3, "mag_id": "2132208092", "num_publications": 1, "num_citations": 0, "num_publications_5y": 0, "num_citations_5y": 0, "num_publications_10y": 1, "num_citations_10y": 0, "publications_years": {"2010": 1}, "citations_years": {}, "old_citations": {"2010": 0}, "isVisible": false}, "2133261186": {"name": "mu xu", "type": "author", "activity": 6, "h_index": 5, "h5_index": 5, "mag_id": "2133261186", "num_publications": 1, "num_citations": 4, "num_publications_5y": 0, "num_citations_5y": 2, "num_publications_10y": 1, "num_citations_10y": 3, "publications_years": {"2012": 1}, "citations_years": {"2013": 1, "2014": 1, "2015": 1, "2016": 0, "2017": 0, "2018": 0, "2019": 0, "2020": 1}, "old_citations": {"2012": 4}, "isVisible": false}, "2141043845": {"name": "shilin xiao", "type": "author", "activity": 18, "h_index": 7, "h5_index": 3, "mag_id": "2141043845", "num_publications": 1, "num_citations": 0, "num_publications_5y": 0, "num_citations_5y": 0, "num_publications_10y": 1, "num_citations_10y": 0, "publications_years": {"2012": 1}, "citations_years": {}, "old_citations": {"2012": 0}, "isVisible": false}, "2141162377": {"name": "shota shimazaki", "type": "author", "activity": 2, "h_index": 2, "h5_index": 0, "mag_id": "2141162377", "num_publications": 1, "num_citations": 0, "num_publications_5y": 0, "num_citations_5y": 0, "num_publications_10y": 1, "num_citations_10y": 0, "publications_years": {"2012": 1}, "citations_years": {}, "old_citations": {"2012": 0}, "isVisible": false}, "2141437430": {"name": "wende zhong", "type": "author", "activity": 20, "h_index": 13, "h5_index": 6, "mag_id": "2141437430", "num_publications": 1, "num_citations": 0, "num_publications_5y": 0, "num_citations_5y": 0, "num_publications_10y": 1, "num_citations_10y": 0, "publications_years": {"2012": 1}, "citations_years": {}, "old_citations": {"2012": 0}, "isVisible": false}, "2143366792": {"name": "zhiming zhuang", "type": "author", "activity": 2, "h_index": 1, "h5_index": 0, "mag_id": "2143366792", "num_publications": 1, "num_citations": 4, "num_publications_5y": 0, "num_citations_5y": 2, "num_publications_10y": 1, "num_citations_10y": 3, "publications_years": {"2012": 1}, "citations_years": {"2013": 1, "2014": 1, "2015": 1, "2016": 0, "2017": 0, "2018": 0, "2019": 0, "2020": 1}, "old_citations": {"2012": 4}, "isVisible": false}, "2145414022": {"name": "anlin yi", "type": "author", "activity": 9, "h_index": 1, "h5_index": 1, "mag_id": "2145414022", "num_publications": 1, "num_citations": 0, "num_publications_5y": 0, "num_citations_5y": 0, "num_publications_10y": 1, "num_citations_10y": 0, "publications_years": {"2010": 1}, "citations_years": {}, "old_citations": {"2010": 0}, "isVisible": false}, "2145975050": {"name": "weisheng hu", "type": "author", "activity": 24, "h_index": 16, "h5_index": 9, "mag_id": "2145975050", "num_publications": 1, "num_citations": 0, "num_publications_5y": 0, "num_citations_5y": 0, "num_publications_10y": 1, "num_citations_10y": 0, "publications_years": {"2010": 1}, "citations_years": {}, "old_citations": {"2010": 0}, "isVisible": false}, "2146206848": {"name": "shanthi prince", "type": "author", "activity": 10, "h_index": 5, "h5_index": 2, "mag_id": "2146206848", "num_publications": 1, "num_citations": 8, "num_publications_5y": 0, "num_citations_5y": 5, "num_publications_10y": 1, "num_citations_10y": 6, "publications_years": {"2012": 1}, "citations_years": {"2013": 1, "2014": 0, "2015": 1, "2016": 1, "2017": 0, "2018": 3, "2019": 1, "2020": 1}, "old_citations": {"2012": 8}, "isVisible": false}, "2147308314": {"name": "guuchang yang", "type": "author", "activity": 28, "h_index": 21, "h5_index": 4, "mag_id": "2147308314", "num_publications": 1, "num_citations": 0, "num_publications_5y": 0, "num_citations_5y": 0, "num_publications_10y": 1, "num_citations_10y": 0, "publications_years": {"2012": 1}, "citations_years": {}, "old_citations": {"2012": 0}, "isVisible": false}, "2149930712": {"name": "tomoki sakai", "type": "author", "activity": 4, "h_index": 3, "h5_index": 0, "mag_id": "2149930712", "num_publications": 1, "num_citations": 1, "num_publications_5y": 0, "num_citations_5y": 0, "num_publications_10y": 1, "num_citations_10y": 1, "publications_years": {"2010": 1}, "citations_years": {"2012": 1}, "old_citations": {"2010": 1}, "isVisible": false}, "2150341941": {"name": "shiyi cao", "type": "author", "activity": 3, "h_index": 2, "h5_index": 0, "mag_id": "2150341941", "num_publications": 1, "num_citations": 3, "num_publications_5y": 0, "num_citations_5y": 3, "num_publications_10y": 1, "num_citations_10y": 3, "publications_years": {"2010": 1}, "citations_years": {"2014": 1, "2015": 1, "2016": 1}, "old_citations": {"2010": 3}, "isVisible": false}, "2153054806": {"name": "yizhuo yang", "type": "author", "activity": 9, "h_index": 4, "h5_index": 0, "mag_id": "2153054806", "num_publications": 1, "num_citations": 3, "num_publications_5y": 0, "num_citations_5y": 3, "num_publications_10y": 1, "num_citations_10y": 3, "publications_years": {"2012": 1}, "citations_years": {"2014": 1, "2015": 0, "2016": 2}, "old_citations": {"2012": 3}, "isVisible": false}, "2153173328": {"name": "stanislav sima", "type": "author", "activity": 8, "h_index": 2, "h5_index": 0, "mag_id": "2153173328", "num_publications": 1, "num_citations": 1, "num_publications_5y": 0, "num_citations_5y": 0, "num_publications_10y": 1, "num_citations_10y": 0, "publications_years": {"2012": 1}, "citations_years": {"2019": 1}, "old_citations": {"2012": 1}, "isVisible": false}, "2157101889": {"name": "liwei li", "type": "author", "activity": 1, "h_index": 0, "h5_index": 0, "mag_id": "2157101889", "num_publications": 1, "num_citations": 0, "num_publications_5y": 0, "num_citations_5y": 0, "num_publications_10y": 1, "num_citations_10y": 0, "publications_years": {"2012": 1}, "citations_years": {}, "old_citations": {"2012": 0}, "isVisible": false}, "2160771338": {"name": "christina lim", "type": "author", "activity": 20, "h_index": 7, "h5_index": 4, "mag_id": "2160771338", "num_publications": 1, "num_citations": 3, "num_publications_5y": 0, "num_citations_5y": 3, "num_publications_10y": 1, "num_citations_10y": 3, "publications_years": {"2012": 1}, "citations_years": {"2014": 1, "2015": 0, "2016": 2}, "old_citations": {"2012": 3}, "isVisible": false}, "2162532469": {"name": "ali javed hashmi", "type": "author", "activity": 12, "h_index": 2, "h5_index": 0, "mag_id": "2162532469", "num_publications": 1, "num_citations": 1, "num_publications_5y": 0, "num_citations_5y": 1, "num_publications_10y": 1, "num_citations_10y": 1, "publications_years": {"2012": 1}, "citations_years": {"2017": 1}, "old_citations": {"2012": 1}, "isVisible": false}, "2163550163": {"name": "xuping zhang", "type": "author", "activity": 9, "h_index": 6, "h5_index": 3, "mag_id": "2163550163", "num_publications": 1, "num_citations": 1, "num_publications_5y": 0, "num_citations_5y": 1, "num_publications_10y": 1, "num_citations_10y": 1, "publications_years": {"2012": 1}, "citations_years": {"2016": 1}, "old_citations": {"2012": 1}, "isVisible": false}, "2163733277": {"name": "weiqiang sun", "type": "author", "activity": 24, "h_index": 12, "h5_index": 5, "mag_id": "2163733277", "num_publications": 1, "num_citations": 0, "num_publications_5y": 0, "num_citations_5y": 0, "num_publications_10y": 1, "num_citations_10y": 0, "publications_years": {"2010": 1}, "citations_years": {}, "old_citations": {"2010": 0}, "isVisible": false}, "2164824961": {"name": "michael mueller", "type": "author", "activity": 11, "h_index": 2, "h5_index": 0, "mag_id": "2164824961", "num_publications": 1, "num_citations": 0, "num_publications_5y": 0, "num_citations_5y": 0, "num_publications_10y": 1, "num_citations_10y": 0, "publications_years": {"2012": 1}, "citations_years": {}, "old_citations": {"2012": 0}, "isVisible": false}, "2166916975": {"name": "xiangnong wu", "type": "author", "activity": 1, "h_index": 0, "h5_index": 0, "mag_id": "2166916975", "num_publications": 1, "num_citations": 0, "num_publications_5y": 0, "num_citations_5y": 0, "num_publications_10y": 1, "num_citations_10y": 0, "publications_years": {"2012": 1}, "citations_years": {}, "old_citations": {"2012": 0}, "isVisible": false}, "2185613937": {"name": "lianshan yan", "type": "author", "activity": 18, "h_index": 7, "h5_index": 2, "mag_id": "2185613937", "num_publications": 1, "num_citations": 0, "num_publications_5y": 0, "num_citations_5y": 0, "num_publications_10y": 1, "num_citations_10y": 0, "publications_years": {"2010": 1}, "citations_years": {}, "old_citations": {"2010": 0}, "isVisible": false}, "2222355818": {"name": "chengchun chiang", "type": "author", "activity": 1, "h_index": 1, "h5_index": 0, "mag_id": "2222355818", "num_publications": 1, "num_citations": 1, "num_publications_5y": 0, "num_citations_5y": 0, "num_publications_10y": 1, "num_citations_10y": 1, "publications_years": {"2010": 1}, "citations_years": {"2013": 1}, "old_citations": {"2010": 1}, "isVisible": false}, "2223500316": {"name": "ng beng koon", "type": "author", "activity": 3, "h_index": 1, "h5_index": 0, "mag_id": "2223500316", "num_publications": 1, "num_citations": 1, "num_publications_5y": 0, "num_citations_5y": 0, "num_publications_10y": 1, "num_citations_10y": 1, "publications_years": {"2010": 1}, "citations_years": {"2013": 1}, "old_citations": {"2010": 1}, "isVisible": false}, "2224501977": {"name": "v t cartaxo adolfo", "type": "author", "activity": 1, "h_index": 1, "h5_index": 0, "mag_id": "2224501977", "num_publications": 1, "num_citations": 1, "num_publications_5y": 0, "num_citations_5y": 1, "num_publications_10y": 1, "num_citations_10y": 1, "publications_years": {"2010": 1}, "citations_years": {"2014": 1}, "old_citations": {"2010": 1}, "isVisible": false}, "2225482239": {"name": "naiying tsai", "type": "author", "activity": 1, "h_index": 1, "h5_index": 0, "mag_id": "2225482239", "num_publications": 1, "num_citations": 1, "num_publications_5y": 0, "num_citations_5y": 0, "num_publications_10y": 1, "num_citations_10y": 1, "publications_years": {"2010": 1}, "citations_years": {"2013": 1}, "old_citations": {"2010": 1}, "isVisible": false}, "2225692335": {"name": "arpita ghosh", "type": "author", "activity": 1, "h_index": 1, "h5_index": 0, "mag_id": "2225692335", "num_publications": 1, "num_citations": 8, "num_publications_5y": 0, "num_citations_5y": 5, "num_publications_10y": 1, "num_citations_10y": 6, "publications_years": {"2012": 1}, "citations_years": {"2013": 1, "2014": 0, "2015": 1, "2016": 1, "2017": 0, "2018": 3, "2019": 1, "2020": 1}, "old_citations": {"2012": 8}, "isVisible": false}, "2225786226": {"name": "do ky son", "type": "author", "activity": 4, "h_index": 2, "h5_index": 0, "mag_id": "2225786226", "num_publications": 1, "num_citations": 9, "num_publications_5y": 0, "num_citations_5y": 3, "num_publications_10y": 1, "num_citations_10y": 8, "publications_years": {"2010": 1}, "citations_years": {"2011": 2, "2012": 1, "2013": 2, "2014": 0, "2015": 1, "2016": 0, "2017": 0, "2018": 2, "2019": 1}, "old_citations": {"2010": 9}, "isVisible": false}, "2226023356": {"name": "ashish kumar das", "type": "author", "activity": 1, "h_index": 1, "h5_index": 0, "mag_id": "2226023356", "num_publications": 1, "num_citations": 8, "num_publications_5y": 0, "num_citations_5y": 5, "num_publications_10y": 1, "num_citations_10y": 6, "publications_years": {"2012": 1}, "citations_years": {"2013": 1, "2014": 0, "2015": 1, "2016": 1, "2017": 0, "2018": 3, "2019": 1, "2020": 1}, "old_citations": {"2012": 8}, "isVisible": false}, "2226124044": {"name": "qian ni", "type": "author", "activity": 1, "h_index": 0, "h5_index": 0, "mag_id": "2226124044", "num_publications": 1, "num_citations": 0, "num_publications_5y": 0, "num_citations_5y": 0, "num_publications_10y": 1, "num_citations_10y": 0, "publications_years": {"2012": 1}, "citations_years": {}, "old_citations": {"2012": 0}, "isVisible": false}, "2227457815": {"name": "a minasian robert", "type": "author", "activity": 1, "h_index": 0, "h5_index": 0, "mag_id": "2227457815", "num_publications": 1, "num_citations": 0, "num_publications_5y": 0, "num_citations_5y": 0, "num_publications_10y": 1, "num_citations_10y": 0, "publications_years": {"2010": 1}, "citations_years": {}, "old_citations": {"2010": 0}, "isVisible": false}, "2227574926": {"name": "a p morgado jose", "type": "author", "activity": 1, "h_index": 1, "h5_index": 0, "mag_id": "2227574926", "num_publications": 1, "num_citations": 1, "num_publications_5y": 0, "num_citations_5y": 1, "num_publications_10y": 1, "num_citations_10y": 1, "publications_years": {"2010": 1}, "citations_years": {"2014": 1}, "old_citations": {"2010": 1}, "isVisible": false}, "2227775247": {"name": "abhinand sundararajan", "type": "author", "activity": 1, "h_index": 0, "h5_index": 0, "mag_id": "2227775247", "num_publications": 1, "num_citations": 0, "num_publications_5y": 0, "num_citations_5y": 0, "num_publications_10y": 1, "num_citations_10y": 0, "publications_years": {"2010": 1}, "citations_years": {}, "old_citations": {"2010": 0}, "isVisible": false}, "2228949575": {"name": "h w chan erwin", "type": "author", "activity": 1, "h_index": 0, "h5_index": 0, "mag_id": "2228949575", "num_publications": 1, "num_citations": 0, "num_publications_5y": 0, "num_citations_5y": 0, "num_publications_10y": 1, "num_citations_10y": 0, "publications_years": {"2010": 1}, "citations_years": {}, "old_citations": {"2010": 0}, "isVisible": false}, "2230612953": {"name": "lim soo kim", "type": "author", "activity": 1, "h_index": 1, "h5_index": 0, "mag_id": "2230612953", "num_publications": 1, "num_citations": 1, "num_publications_5y": 0, "num_citations_5y": 0, "num_publications_10y": 1, "num_citations_10y": 1, "publications_years": {"2010": 1}, "citations_years": {"2013": 1}, "old_citations": {"2010": 1}, "isVisible": false}, "2230791871": {"name": "ali eftikhar", "type": "author", "activity": 1, "h_index": 1, "h5_index": 0, "mag_id": "2230791871", "num_publications": 1, "num_citations": 1, "num_publications_5y": 0, "num_citations_5y": 1, "num_publications_10y": 1, "num_citations_10y": 1, "publications_years": {"2012": 1}, "citations_years": {"2017": 1}, "old_citations": {"2012": 1}, "isVisible": false}, "2230881376": {"name": "w vliegenhart", "type": "author", "activity": 1, "h_index": 1, "h5_index": 0, "mag_id": "2230881376", "num_publications": 1, "num_citations": 2, "num_publications_5y": 0, "num_citations_5y": 2, "num_publications_10y": 1, "num_citations_10y": 2, "publications_years": {"2012": 1}, "citations_years": {"2014": 1, "2015": 0, "2016": 0, "2017": 1}, "old_citations": {"2012": 2}, "isVisible": false}, "2231046089": {"name": "yusiang huang", "type": "author", "activity": 1, "h_index": 1, "h5_index": 0, "mag_id": "2231046089", "num_publications": 1, "num_citations": 1, "num_publications_5y": 0, "num_citations_5y": 0, "num_publications_10y": 1, "num_citations_10y": 1, "publications_years": {"2010": 1}, "citations_years": {"2013": 1}, "old_citations": {"2010": 1}, "isVisible": false}, "2231610584": {"name": "tamal shahriar", "type": "author", "activity": 1, "h_index": 0, "h5_index": 0, "mag_id": "2231610584", "num_publications": 1, "num_citations": 0, "num_publications_5y": 0, "num_citations_5y": 0, "num_publications_10y": 1, "num_citations_10y": 0, "publications_years": {"2012": 1}, "citations_years": {}, "old_citations": {"2012": 0}, "isVisible": false}, "2274642900": {"name": "yong pan", "type": "author", "activity": 3, "h_index": 0, "h5_index": 0, "mag_id": "2274642900", "num_publications": 1, "num_citations": 0, "num_publications_5y": 0, "num_citations_5y": 0, "num_publications_10y": 1, "num_citations_10y": 0, "publications_years": {"2012": 1}, "citations_years": {}, "old_citations": {"2012": 0}, "isVisible": false}, "2285479457": {"name": "tee hiang cheng", "type": "author", "activity": 21, "h_index": 11, "h5_index": 0, "mag_id": "2285479457", "num_publications": 1, "num_citations": 1, "num_publications_5y": 0, "num_citations_5y": 1, "num_publications_10y": 1, "num_citations_10y": 1, "publications_years": {"2012": 1}, "citations_years": {"2014": 1}, "old_citations": {"2012": 1}, "isVisible": false}, "2293854562": {"name": "r s tucker", "type": "author", "activity": 25, "h_index": 17, "h5_index": 1, "mag_id": "2293854562", "num_publications": 1, "num_citations": 1, "num_publications_5y": 0, "num_citations_5y": 0, "num_publications_10y": 1, "num_citations_10y": 1, "publications_years": {"2010": 1}, "citations_years": {"2013": 1}, "old_citations": {"2010": 1}, "isVisible": false}, "2299840191": {"name": "chungyu chang", "type": "author", "activity": 1, "h_index": 1, "h5_index": 0, "mag_id": "2299840191", "num_publications": 1, "num_citations": 0, "num_publications_5y": 0, "num_citations_5y": 0, "num_publications_10y": 1, "num_citations_10y": 0, "publications_years": {"2012": 1}, "citations_years": {}, "old_citations": {"2012": 0}, "isVisible": false}, "2304484007": {"name": "f n hauske", "type": "author", "activity": 7, "h_index": 7, "h5_index": 0, "mag_id": "2304484007", "num_publications": 1, "num_citations": 0, "num_publications_5y": 0, "num_citations_5y": 0, "num_publications_10y": 1, "num_citations_10y": 0, "publications_years": {"2010": 1}, "citations_years": {}, "old_citations": {"2010": 0}, "isVisible": false}, "2304974112": {"name": "tao wang", "type": "author", "activity": 4, "h_index": 2, "h5_index": 0, "mag_id": "2304974112", "num_publications": 1, "num_citations": 4, "num_publications_5y": 0, "num_citations_5y": 2, "num_publications_10y": 1, "num_citations_10y": 3, "publications_years": {"2012": 1}, "citations_years": {"2013": 1, "2014": 1, "2015": 1, "2016": 0, "2017": 0, "2018": 0, "2019": 0, "2020": 1}, "old_citations": {"2012": 4}, "isVisible": false}, "2305906008": {"name": "daojun xue", "type": "author", "activity": 2, "h_index": 0, "h5_index": 0, "mag_id": "2305906008", "num_publications": 1, "num_citations": 0, "num_publications_5y": 0, "num_citations_5y": 0, "num_publications_10y": 1, "num_citations_10y": 0, "publications_years": {"2012": 1}, "citations_years": {}, "old_citations": {"2012": 0}, "isVisible": false}, "2309932711": {"name": "takeshi kamiya", "type": "author", "activity": 1, "h_index": 0, "h5_index": 0, "mag_id": "2309932711", "num_publications": 1, "num_citations": 0, "num_publications_5y": 0, "num_citations_5y": 0, "num_publications_10y": 1, "num_citations_10y": 0, "publications_years": {"2010": 1}, "citations_years": {}, "old_citations": {"2010": 0}, "isVisible": false}, "2336042830": {"name": "tiago m f alves", "type": "author", "activity": 13, "h_index": 5, "h5_index": 1, "mag_id": "2336042830", "num_publications": 1, "num_citations": 1, "num_publications_5y": 0, "num_citations_5y": 1, "num_publications_10y": 1, "num_citations_10y": 1, "publications_years": {"2010": 1}, "citations_years": {"2014": 1}, "old_citations": {"2010": 1}, "isVisible": false}, "2399202539": {"name": "aadithya ravi", "type": "author", "activity": 1, "h_index": 0, "h5_index": 0, "mag_id": "2399202539", "num_publications": 1, "num_citations": 0, "num_publications_5y": 0, "num_citations_5y": 0, "num_publications_10y": 1, "num_citations_10y": 0, "publications_years": {"2010": 1}, "citations_years": {}, "old_citations": {"2010": 0}, "isVisible": false}, "2858450415": {"name": "eun byeol cho", "type": "author", "activity": 2, "h_index": 2, "h5_index": 0, "mag_id": "2858450415", "num_publications": 1, "num_citations": 9, "num_publications_5y": 0, "num_citations_5y": 3, "num_publications_10y": 1, "num_citations_10y": 8, "publications_years": {"2010": 1}, "citations_years": {"2011": 2, "2012": 1, "2013": 2, "2014": 0, "2015": 1, "2016": 0, "2017": 0, "2018": 2, "2019": 1}, "old_citations": {"2010": 9}, "isVisible": false}, "2607399310": {"name": "jiayang wu", "type": "author", "activity": 9, "h_index": 2, "h5_index": 0, "mag_id": "2607399310", "num_publications": 1, "num_citations": 4, "num_publications_5y": 0, "num_citations_5y": 2, "num_publications_10y": 1, "num_citations_10y": 3, "publications_years": {"2012": 1}, "citations_years": {"2013": 1, "2014": 1, "2015": 1, "2016": 0, "2017": 0, "2018": 0, "2019": 0, "2020": 1}, "old_citations": {"2012": 4}, "isVisible": false}, "2494134804": {"name": "jianlin zhou", "type": "author", "activity": 1, "h_index": 1, "h5_index": 0, "mag_id": "2494134804", "num_publications": 1, "num_citations": 3, "num_publications_5y": 0, "num_citations_5y": 3, "num_publications_10y": 1, "num_citations_10y": 3, "publications_years": {"2010": 1}, "citations_years": {"2014": 1, "2015": 1, "2016": 1}, "old_citations": {"2010": 3}, "isVisible": false}, "2641893197": {"name": "jianfei he", "type": "author", "activity": 1, "h_index": 1, "h5_index": 0, "mag_id": "2641893197", "num_publications": 1, "num_citations": 3, "num_publications_5y": 0, "num_citations_5y": 3, "num_publications_10y": 1, "num_citations_10y": 3, "publications_years": {"2010": 1}, "citations_years": {"2014": 1, "2015": 1, "2016": 1}, "old_citations": {"2010": 3}, "isVisible": false}, "2665598470": {"name": "liang zhang", "type": "author", "activity": 5, "h_index": 3, "h5_index": 0, "mag_id": "2665598470", "num_publications": 1, "num_citations": 3, "num_publications_5y": 0, "num_citations_5y": 0, "num_publications_10y": 1, "num_citations_10y": 3, "publications_years": {"2010": 1}, "citations_years": {"2012": 3}, "old_citations": {"2010": 3}, "isVisible": false}, "2674926240": {"name": "juan qi", "type": "author", "activity": 1, "h_index": 1, "h5_index": 0, "mag_id": "2674926240", "num_publications": 1, "num_citations": 3, "num_publications_5y": 0, "num_citations_5y": 3, "num_publications_10y": 1, "num_citations_10y": 3, "publications_years": {"2010": 1}, "citations_years": {"2014": 1, "2015": 1, "2016": 1}, "old_citations": {"2010": 3}, "isVisible": false}, "2884428511": {"name": "ning deng", "type": "author", "activity": 1, "h_index": 1, "h5_index": 0, "mag_id": "2884428511", "num_publications": 1, "num_citations": 3, "num_publications_5y": 0, "num_citations_5y": 3, "num_publications_10y": 1, "num_citations_10y": 3, "publications_years": {"2010": 1}, "citations_years": {"2014": 1, "2015": 1, "2016": 1}, "old_citations": {"2010": 3}, "isVisible": false}, "2915672103": {"name": "teng ma", "type": "author", "activity": 1, "h_index": 1, "h5_index": 0, "mag_id": "2915672103", "num_publications": 1, "num_citations": 3, "num_publications_5y": 0, "num_citations_5y": 3, "num_publications_10y": 1, "num_citations_10y": 3, "publications_years": {"2010": 1}, "citations_years": {"2014": 1, "2015": 1, "2016": 1}, "old_citations": {"2010": 3}, "isVisible": false}, "2964107738": {"name": "xiaozhong shi", "type": "author", "activity": 1, "h_index": 1, "h5_index": 0, "mag_id": "2964107738", "num_publications": 1, "num_citations": 3, "num_publications_5y": 0, "num_citations_5y": 3, "num_publications_10y": 1, "num_citations_10y": 3, "publications_years": {"2010": 1}, "citations_years": {"2014": 1, "2015": 1, "2016": 1}, "old_citations": {"2010": 3}, "isVisible": false}, "2439065305": {"name": "t habisreuther", "type": "author", "activity": 1, "h_index": 1, "h5_index": 0, "mag_id": "2439065305", "num_publications": 1, "num_citations": 2, "num_publications_5y": 0, "num_citations_5y": 2, "num_publications_10y": 1, "num_citations_10y": 2, "publications_years": {"2012": 1}, "citations_years": {"2014": 1, "2015": 0, "2016": 0, "2017": 1}, "old_citations": {"2012": 2}, "isVisible": false}, "2642019123": {"name": "l k cheng", "type": "author", "activity": 1, "h_index": 1, "h5_index": 0, "mag_id": "2642019123", "num_publications": 1, "num_citations": 2, "num_publications_5y": 0, "num_citations_5y": 2, "num_publications_10y": 1, "num_citations_10y": 2, "publications_years": {"2012": 1}, "citations_years": {"2014": 1, "2015": 0, "2016": 0, "2017": 1}, "old_citations": {"2012": 2}, "isVisible": false}, "2429849823": {"name": "gu jun", "type": "author", "activity": 1, "h_index": 1, "h5_index": 0, "mag_id": "2429849823", "num_publications": 1, "num_citations": 1, "num_publications_5y": 0, "num_citations_5y": 0, "num_publications_10y": 1, "num_citations_10y": 1, "publications_years": {"2010": 1}, "citations_years": {"2013": 1}, "old_citations": {"2010": 1}, "isVisible": false}, "2434164825": {"name": "zhu fan", "type": "author", "activity": 1, "h_index": 1, "h5_index": 0, "mag_id": "2434164825", "num_publications": 1, "num_citations": 1, "num_publications_5y": 0, "num_citations_5y": 1, "num_publications_10y": 1, "num_citations_10y": 1, "publications_years": {"2012": 1}, "citations_years": {"2016": 1}, "old_citations": {"2012": 1}, "isVisible": false}, "2439490714": {"name": "yungyang liang", "type": "author", "activity": 1, "h_index": 1, "h5_index": 0, "mag_id": "2439490714", "num_publications": 1, "num_citations": 1, "num_publications_5y": 0, "num_citations_5y": 0, "num_publications_10y": 1, "num_citations_10y": 1, "publications_years": {"2010": 1}, "citations_years": {"2013": 1}, "old_citations": {"2010": 1}, "isVisible": false}, "2463462851": {"name": "john m senior", "type": "author", "activity": 29, "h_index": 8, "h5_index": 1, "mag_id": "2463462851", "num_publications": 1, "num_citations": 1, "num_publications_5y": 0, "num_citations_5y": 1, "num_publications_10y": 1, "num_citations_10y": 1, "publications_years": {"2012": 1}, "citations_years": {"2015": 1}, "old_citations": {"2012": 1}, "isVisible": false}, "2634696949": {"name": "pochou lai", "type": "author", "activity": 1, "h_index": 1, "h5_index": 0, "mag_id": "2634696949", "num_publications": 1, "num_citations": 1, "num_publications_5y": 0, "num_citations_5y": 0, "num_publications_10y": 1, "num_citations_10y": 1, "publications_years": {"2010": 1}, "citations_years": {"2013": 1}, "old_citations": {"2010": 1}, "isVisible": false}, "2636721854": {"name": "kaiming feng", "type": "author", "activity": 1, "h_index": 1, "h5_index": 0, "mag_id": "2636721854", "num_publications": 1, "num_citations": 1, "num_publications_5y": 0, "num_citations_5y": 0, "num_publications_10y": 1, "num_citations_10y": 1, "publications_years": {"2010": 1}, "citations_years": {"2012": 1}, "old_citations": {"2010": 1}, "isVisible": false}, "2682766990": {"name": "weiren peng", "type": "author", "activity": 1, "h_index": 1, "h5_index": 0, "mag_id": "2682766990", "num_publications": 1, "num_citations": 1, "num_publications_5y": 0, "num_citations_5y": 0, "num_publications_10y": 1, "num_citations_10y": 1, "publications_years": {"2010": 1}, "citations_years": {"2012": 1}, "old_citations": {"2010": 1}, "isVisible": false}, "2689339184": {"name": "hsiusheng lin", "type": "author", "activity": 1, "h_index": 1, "h5_index": 0, "mag_id": "2689339184", "num_publications": 1, "num_citations": 1, "num_publications_5y": 0, "num_citations_5y": 0, "num_publications_10y": 1, "num_citations_10y": 1, "publications_years": {"2010": 1}, "citations_years": {"2013": 1}, "old_citations": {"2010": 1}, "isVisible": false}, "2763458393": {"name": "daniel fonseca", "type": "author", "activity": 11, "h_index": 4, "h5_index": 0, "mag_id": "2763458393", "num_publications": 1, "num_citations": 1, "num_publications_5y": 0, "num_citations_5y": 1, "num_publications_10y": 1, "num_citations_10y": 1, "publications_years": {"2010": 1}, "citations_years": {"2014": 1}, "old_citations": {"2010": 1}, "isVisible": false}, "2947267558": {"name": "yixin zhang", "type": "author", "activity": 1, "h_index": 1, "h5_index": 0, "mag_id": "2947267558", "num_publications": 1, "num_citations": 1, "num_publications_5y": 0, "num_citations_5y": 1, "num_publications_10y": 1, "num_citations_10y": 1, "publications_years": {"2012": 1}, "citations_years": {"2016": 1}, "old_citations": {"2012": 1}, "isVisible": false}, "2507635839": {"name": "tao zeng", "type": "author", "activity": 9, "h_index": 2, "h5_index": 1, "mag_id": "2507635839", "num_publications": 1, "num_citations": 0, "num_publications_5y": 0, "num_citations_5y": 0, "num_publications_10y": 1, "num_citations_10y": 0, "publications_years": {"2012": 1}, "citations_years": {}, "old_citations": {"2012": 0}, "isVisible": false}, "2517772326": {"name": "qi yang", "type": "author", "activity": 10, "h_index": 6, "h5_index": 2, "mag_id": "2517772326", "num_publications": 1, "num_citations": 0, "num_publications_5y": 0, "num_citations_5y": 0, "num_publications_10y": 1, "num_citations_10y": 0, "publications_years": {"2012": 1}, "citations_years": {}, "old_citations": {"2012": 0}, "isVisible": false}, "2546915069": {"name": "xiao xiao", "type": "author", "activity": 2, "h_index": 1, "h5_index": 0, "mag_id": "2546915069", "num_publications": 1, "num_citations": 0, "num_publications_5y": 0, "num_citations_5y": 0, "num_publications_10y": 1, "num_citations_10y": 0, "publications_years": {"2012": 1}, "citations_years": {}, "old_citations": {"2012": 0}, "isVisible": false}, "2617796095": {"name": "min zhu", "type": "author", "activity": 5, "h_index": 5, "h5_index": 0, "mag_id": "2617796095", "num_publications": 1, "num_citations": 0, "num_publications_5y": 0, "num_citations_5y": 0, "num_publications_10y": 1, "num_citations_10y": 0, "publications_years": {"2012": 1}, "citations_years": {}, "old_citations": {"2012": 0}, "isVisible": false}, "2651717381": {"name": "soeun kim", "type": "author", "activity": 1, "h_index": 0, "h5_index": 0, "mag_id": "2651717381", "num_publications": 1, "num_citations": 0, "num_publications_5y": 0, "num_citations_5y": 0, "num_publications_10y": 1, "num_citations_10y": 0, "publications_years": {"2012": 1}, "citations_years": {}, "old_citations": {"2012": 0}, "isVisible": false}, "2663732930": {"name": "jing yang", "type": "author", "activity": 6, "h_index": 2, "h5_index": 0, "mag_id": "2663732930", "num_publications": 1, "num_citations": 0, "num_publications_5y": 0, "num_citations_5y": 0, "num_publications_10y": 1, "num_citations_10y": 0, "publications_years": {"2012": 1}, "citations_years": {}, "old_citations": {"2012": 0}, "isVisible": false}, "2681346301": {"name": "yeonmo yang", "type": "author", "activity": 1, "h_index": 0, "h5_index": 0, "mag_id": "2681346301", "num_publications": 1, "num_citations": 0, "num_publications_5y": 0, "num_citations_5y": 0, "num_publications_10y": 1, "num_citations_10y": 0, "publications_years": {"2012": 1}, "citations_years": {}, "old_citations": {"2012": 0}, "isVisible": false}, "2687103774": {"name": "jie li", "type": "author", "activity": 8, "h_index": 1, "h5_index": 1, "mag_id": "2687103774", "num_publications": 1, "num_citations": 0, "num_publications_5y": 0, "num_citations_5y": 0, "num_publications_10y": 1, "num_citations_10y": 0, "publications_years": {"2012": 1}, "citations_years": {}, "old_citations": {"2012": 0}, "isVisible": false}, "2696418261": {"name": "ye yin", "type": "author", "activity": 1, "h_index": 0, "h5_index": 0, "mag_id": "2696418261", "num_publications": 1, "num_citations": 0, "num_publications_5y": 0, "num_citations_5y": 0, "num_publications_10y": 1, "num_citations_10y": 0, "publications_years": {"2012": 1}, "citations_years": {}, "old_citations": {"2012": 0}, "isVisible": false}, "2707681789": {"name": "jing zhang", "type": "author", "activity": 1, "h_index": 0, "h5_index": 0, "mag_id": "2707681789", "num_publications": 1, "num_citations": 0, "num_publications_5y": 0, "num_citations_5y": 0, "num_publications_10y": 1, "num_citations_10y": 0, "publications_years": {"2012": 1}, "citations_years": {}, "old_citations": {"2012": 0}, "isVisible": false}, "2720212742": {"name": "yi yu", "type": "author", "activity": 5, "h_index": 1, "h5_index": 0, "mag_id": "2720212742", "num_publications": 1, "num_citations": 0, "num_publications_5y": 0, "num_citations_5y": 0, "num_publications_10y": 1, "num_citations_10y": 0, "publications_years": {"2012": 1}, "citations_years": {}, "old_citations": {"2012": 0}, "isVisible": false}, "2996802042": {"name": "ming luo", "type": "author", "activity": 1, "h_index": 0, "h5_index": 0, "mag_id": "2996802042", "num_publications": 1, "num_citations": 0, "num_publications_5y": 0, "num_citations_5y": 0, "num_publications_10y": 1, "num_citations_10y": 0, "publications_years": {"2012": 1}, "citations_years": {}, "old_citations": {"2012": 0}, "isVisible": false}, "3001717829": {"name": "markus c amann", "type": "author", "activity": 10, "h_index": 1, "h5_index": 1, "mag_id": "3001717829", "num_publications": 1, "num_citations": 0, "num_publications_5y": 0, "num_citations_5y": 0, "num_publications_10y": 1, "num_citations_10y": 0, "publications_years": {"2012": 1}, "citations_years": {}, "old_citations": {"2012": 0}, "isVisible": false}}, "countries": {"China": {"name": "China", "type": "country", "h5_index": 214, "num_publications": 9, "num_citations": 11, "num_publications_5y": 0, "num_citations_5y": 6, "num_publications_10y": 9, "num_citations_10y": 10, "publications_years": {"2012": 4, "2010": 5}, "citations_years": {"2013": 1, "2014": 2, "2015": 2, "2016": 2, "2017": 0, "2018": 0, "2019": 0, "2020": 1, "2012": 3}, "old_citations": {"2012": 5, "2010": 6}, "isVisible": false}, "Australia": {"name": "Australia", "type": "country", "h5_index": 141, "num_publications": 7, "num_citations": 8, "num_publications_5y": 0, "num_citations_5y": 6, "num_publications_10y": 7, "num_citations_10y": 7, "publications_years": {"2012": 5, "2010": 2}, "citations_years": {"2015": 1, "2016": 3, "2017": 1, "2018": 0, "2019": 1, "2013": 1, "2014": 1}, "old_citations": {"2012": 7, "2010": 1}, "isVisible": false}, "Singapore": {"name": "Singapore", "type": "country", "h5_index": 105, "num_publications": 5, "num_citations": 2, "num_publications_5y": 0, "num_citations_5y": 1, "num_publications_10y": 5, "num_citations_10y": 2, "publications_years": {"2012": 3, "2010": 2}, "citations_years": {"2014": 1, "2013": 1}, "old_citations": {"2012": 1, "2010": 1}, "isVisible": false}, "Taiwan": {"name": "Taiwan", "type": "country", "h5_index": 69, "num_publications": 5, "num_citations": 4, "num_publications_5y": 0, "num_citations_5y": 1, "num_publications_10y": 5, "num_citations_10y": 4, "publications_years": {"2012": 1, "2010": 4}, "citations_years": {"2013": 2, "2015": 1, "2012": 1}, "old_citations": {"2012": 0, "2010": 4}, "isVisible": false}, "Japan": {"name": "Japan", "type": "country", "h5_index": 94, "num_publications": 3, "num_citations": 1, "num_publications_5y": 0, "num_citations_5y": 0, "num_publications_10y": 3, "num_citations_10y": 1, "publications_years": {"2012": 1, "2010": 2}, "citations_years": {"2012": 1}, "old_citations": {"2012": 0, "2010": 1}, "isVisible": false}, "India": {"name": "India", "type": "country", "h5_index": 78, "num_publications": 2, "num_citations": 8, "num_publications_5y": 0, "num_citations_5y": 5, "num_publications_10y": 2, "num_citations_10y": 6, "publications_years": {"2010": 1, "2012": 1}, "citations_years": {"2013": 1, "2014": 0, "2015": 1, "2016": 1, "2017": 0, "2018": 3, "2019": 1, "2020": 1}, "old_citations": {"2010": 0, "2012": 8}, "isVisible": false}, "South Korea": {"name": "South Korea", "type": "country", "h5_index": 100, "num_publications": 2, "num_citations": 9, "num_publications_5y": 0, "num_citations_5y": 3, "num_publications_10y": 2, "num_citations_10y": 8, "publications_years": {"2010": 1, "2012": 1}, "citations_years": {"2011": 2, "2012": 1, "2013": 2, "2014": 0, "2015": 1, "2016": 0, "2017": 0, "2018": 2, "2019": 1}, "old_citations": {"2010": 9, "2012": 0}, "isVisible": false}, "United States": {"name": "United States", "type": "country", "h5_index": 308, "num_publications": 2, "num_citations": 1, "num_publications_5y": 0, "num_citations_5y": 1, "num_publications_10y": 2, "num_citations_10y": 1, "publications_years": {"2012": 2}, "citations_years": {"2017": 1}, "old_citations": {"2012": 1}, "isVisible": false}, "Czechia": {"name": "Czechia", "type": "country", "h5_index": 43, "num_publications": 1, "num_citations": 1, "num_publications_5y": 0, "num_citations_5y": 0, "num_publications_10y": 1, "num_citations_10y": 0, "publications_years": {"2012": 1}, "citations_years": {"2019": 1}, "old_citations": {"2012": 1}, "isVisible": false}, "France": {"name": "France", "type": "country", "h5_index": 99, "num_publications": 1, "num_citations": 0, "num_publications_5y": 0, "num_citations_5y": 0, "num_publications_10y": 1, "num_citations_10y": 0, "publications_years": {"2010": 1}, "citations_years": {}, "old_citations": {"2010": 0}, "isVisible": false}, "Malaysia": {"name": "Malaysia", "type": "country", "h5_index": 62, "num_publications": 1, "num_citations": 2, "num_publications_5y": 0, "num_citations_5y": 2, "num_publications_10y": 1, "num_citations_10y": 2, "publications_years": {"2012": 1}, "citations_years": {"2014": 2}, "old_citations": {"2012": 2}, "isVisible": false}, "Pakistan": {"name": "Pakistan", "type": "country", "h5_index": 49, "num_publications": 1, "num_citations": 1, "num_publications_5y": 0, "num_citations_5y": 1, "num_publications_10y": 1, "num_citations_10y": 1, "publications_years": {"2012": 1}, "citations_years": {"2017": 1}, "old_citations": {"2012": 1}, "isVisible": false}, "United Kingdom": {"name": "United Kingdom", "type": "country", "h5_index": 172, "num_publications": 1, "num_citations": 1, "num_publications_5y": 0, "num_citations_5y": 1, "num_publications_10y": 1, "num_citations_10y": 1, "publications_years": {"2012": 1}, "citations_years": {"2015": 1}, "old_citations": {"2012": 1}, "isVisible": false}}, "industrial_sectors": {"computing_and_it": {"name": "computing_and_it", "type": "industrial sector", "h5_index": 221, "num_publications": 2, "num_citations": 3, "num_publications_5y": 0, "num_citations_5y": 3, "num_publications_10y": 2, "num_citations_10y": 3, "publications_years": {"2010": 2}, "citations_years": {"2014": 1, "2015": 1, "2016": 1}, "old_citations": {"2010": 3}, "isVisible": false}, "semiconductor": {"name": "semiconductor", "type": "industrial sector", "h5_index": 102, "num_publications": 2, "num_citations": 3, "num_publications_5y": 0, "num_citations_5y": 3, "num_publications_10y": 2, "num_citations_10y": 3, "publications_years": {"2010": 2}, "citations_years": {"2014": 1, "2015": 1, "2016": 1}, "old_citations": {"2010": 3}, "isVisible": false}, "technology": {"name": "technology", "type": "industrial sector", "h5_index": 229, "num_publications": 2, "num_citations": 3, "num_publications_5y": 0, "num_citations_5y": 3, "num_publications_10y": 2, "num_citations_10y": 3, "publications_years": {"2010": 2}, "citations_years": {"2014": 1, "2015": 1, "2016": 1}, "old_citations": {"2010": 3}, "isVisible": false}, "telecommunications": {"name": "telecommunications", "type": "industrial sector", "h5_index": 89, "num_publications": 2, "num_citations": 3, "num_publications_5y": 0, "num_citations_5y": 3, "num_publications_10y": 2, "num_citations_10y": 3, "publications_years": {"2010": 2}, "citations_years": {"2014": 1, "2015": 1, "2016": 1}, "old_citations": {"2010": 3}, "isVisible": false}}}, "conference_comparison": {"computer science": {}}, "topics_dna": {"publications": {}, "citations": {"normalized": {}, "average": {}}}, "info": {"num_publications": 42, "num_citations": 51.0, "impact_factor": {"2012": 0.2857142857142857}, "publications_years": {"2010": 21, "2012": 21}, "citations_years": {"2011": 2, "2012": 6, "2013": 8, "2014": 8, "2015": 7, "2016": 6, "2017": 3, "2018": 5, "2019": 4, "2020": 2}, "old_citations": {"2010": 23, "2012": 28}, "h5_index": 0}, "percentile": {"computer science": {"2010": 54, "2012": 55}}, "conference_ranking": {"computer science": {"2010": 1956, "2012": 1921}}, "academia": {"num_publications": 31, "num_citations": 40, "publications_years": {"2010": 15, "2011": 0, "2012": 16}, "old_citations": {"2010": 19, "2011": 0, "2012": 21}, "num_publications_5y": 0, "num_citations_5y": 0, "num_publications_10y": 16, "num_citations_10y": 21}, "industry": {"num_publications": 1, "num_citations": 0, "publications_years": {"2010": 1}, "old_citations": {"2010": 0}, "num_publications_5y": 0, "num_citations_5y": 0, "num_publications_10y": 0, "num_citations_10y": 0}, "collaborative": {"num_publications": 0, "num_citations": 0, "publications_years": {}, "old_citations": {}, "num_publications_5y": 0, "num_citations_5y": 0, "num_publications_10y": 0, "num_citations_10y": 0}, "conferences": {}, "journals": {}, "organizations": {"publication_overall": ["University of Melbourne", "Nanyang Technological University", "Shanghai Jiao Tong University", "Chosun University", "Huawei Technologies (China)", "National Taiwan University of Science and Technology", "Seikei University", "Tamkang University", "University of Sydney", "California Institute of Technology", "Czech Education and Scientific Net work", "Georgia Institute of Technology", "Hofstra University", "Indian Institute of Science Bangalore", "Institute for Infocomm Research", "Multimedia University", "Nanjing University", "National Chiao Tung University", "National Chung Hsing University", "National Institute of Information and Communications Technology", "National Taipei University of Technology", "National Tsing Hua University", "National United University", "National University of Sciences and Technology", "National University of Singapore", "SRM Institute of Science and Technology", "Shanghai Normal University", "Southwest Jiaotong University", "University of Hertfordshire", "University of Montpellier"], "citation_overall": ["Chosun University", "SRM Institute of Science and Technology", "University of Melbourne", "Shanghai Jiao Tong University", "Huawei Technologies (China)", "Multimedia University", "Nanyang Technological University", "National Taiwan University of Science and Technology", "Tamkang University", "California Institute of Technology", "Czech Education and Scientific Net work", "Georgia Institute of Technology", "Nanjing University", "National Chiao Tung University", "National Taipei University of Technology", "National Tsing Hua University", "National University of Sciences and Technology", "Seikei University", "University of Hertfordshire", "Hofstra University", "Indian Institute of Science Bangalore", "Institute for Infocomm Research", "National Chung Hsing University", "National Institute of Information and Communications Technology", "National United University", "National University of Singapore", "Shanghai Normal University", "Southwest Jiaotong University", "University of Montpellier", "University of Sydney"], "publication_10_years": ["University of Melbourne", "Nanyang Technological University", "Shanghai Jiao Tong University", "California Institute of Technology", "Chosun University", "Czech Education and Scientific Net work", "Georgia Institute of Technology", "Hofstra University", "Institute for Infocomm Research", "Multimedia University", "Nanjing University", "National Chung Hsing University", "National United University", "National University of Sciences and Technology", "National University of Singapore", "SRM Institute of Science and Technology", "Seikei University", "Shanghai Normal University", "University of Hertfordshire", "University of Sydney"], "citation_10_years": ["SRM Institute of Science and Technology", "University of Melbourne", "Shanghai Jiao Tong University", "Multimedia University", "California Institute of Technology", "Czech Education and Scientific Net work", "Georgia Institute of Technology", "Nanjing University", "Nanyang Technological University", "National University of Sciences and Technology", "University of Hertfordshire", "Chosun University", "Hofstra University", "Institute for Infocomm Research", "National Chung Hsing University", "National United University", "National University of Singapore", "Seikei University", "Shanghai Normal University", "University of Sydney"], "publication_5_years": [], "citation_5_years": []}, "countries": {"publication_overall": ["China", "Australia", "Singapore", "Taiwan", "Japan", "India", "South Korea", "United States", "Czechia", "France", "Malaysia", "Pakistan", "United Kingdom"], "citation_overall": ["China", "South Korea", "Australia", "India", "Taiwan", "Malaysia", "Singapore", "Czechia", "Japan", "Pakistan", "United Kingdom", "United States", "France"], "publication_10_years": ["Australia", "China", "Singapore", "United States", "Czechia", "India", "Japan", "Malaysia", "Pakistan", "South Korea", "Taiwan", "United Kingdom"], "citation_10_years": ["India", "Australia", "China", "Malaysia", "Czechia", "Pakistan", "Singapore", "United Kingdom", "United States", "Japan", "South Korea", "Taiwan"], "publication_5_years": [], "citation_5_years": []}, "topics": {"publication_overall": ["computer science", "computer networks", "computer systems", "telecommunication systems", "communication systems", "wireless telecommunication systems", "computer hardware", "telecommunication networks", "telecommunication traffic", "sensors", "communication channels (information theory)", "bandwidth", "engineering", "optical fibers", "fiber optic networks", "data communication systems", "optical materials", "signal processing", "wavelength division multiplexing", "packet networks"], "citation_overall": ["computer networks", "computer science", "computer systems", "telecommunication systems", "communication systems", "computer hardware", "wireless telecommunication systems", "sensors", "telecommunication networks", "engineering", "telecommunication traffic", "bandwidth", "communication channels (information theory)", "optical fibers", "optical materials", "fiber optic networks", "signal processing", "wireless communications", "packet networks", "signal to noise ratio"], "publication_10_years": ["computer science", "communication systems", "computer hardware", "computer networks", "computer systems", "engineering", "telecommunication networks", "telecommunication systems", "wireless telecommunication systems", "sensors", "telecommunication traffic", "bandwidth", "communication channels (information theory)", "optical fibers", "signal processing", "optical materials", "data communication systems", "mathematics", "packet networks", "signal to noise ratio"], "citation_10_years": ["bandwidth", "communication systems", "computer hardware", "computer networks", "computer science", "computer systems", "sensors", "telecommunication networks", "telecommunication systems", "wireless telecommunication systems", "telecommunication traffic", "engineering", "wireless communications", "signal processing", "optical fibers", "communication channels (information theory)", "optical materials", "packet networks", "fiber optic networks", "routers"], "publication_5_years": [], "citation_5_years": []}, "main_topics": ["computer science"], "authors": {"publication_overall": ["2148574484", "2082107733", "2110820298", "2113345447", "2151547897", "2153003896", "2154824078", "2154846905", "2156048252", "2158923118", "2290666468", "2358249145", "2924411653", "271491609", "373914545", "1174662105", "1473471911", "1590470099", "1686113183", "1831161430", "1841170749", "1986324673", "1990580318", "1992266609", "1996152816", "1996999000", "1999861332", "2032004065", "2032945646", "2042101112", "2052531454", "2091027898", "2097649935", "2098143961", "2099616994", "2101371209", "2107094063", "2109634889", "2110837099", "2117732269", "2119127008", "2119374909", "2120424394", "2122239721", "2123860343", "2124439713", "2125339223", "2127026159", "2128505437", "2129851458", "2131462688", "2132208092", "2133261186", "2141043845", "2141162377", "2141437430", "2143366792", "2145414022", "2145975050", "2146206848", "2147308314", "2149930712", "2150341941", "2153054806", "2153173328", "2157101889", "2160771338", "2162532469", "2163550163", "2163733277", "2164824961", "2166916975", "2185613937", "2222355818", "2223500316", "2224501977", "2225482239", "2225692335", "2225786226", "2226023356", "2226124044", "2227457815", "2227574926", "2227775247", "2228949575", "2230612953", "2230791871", "2230881376", "2231046089", "2231610584", "2274642900", "2285479457", "2293854562", "2299840191", "2304484007", "2304974112", "2305906008", "2309932711", "2336042830", "2399202539"], "citation_overall": ["2225786226", "2290666468", "2858450415", "373914545", "2146206848", "2225692335", "2226023356", "2154824078", "2154846905", "2156048252", "2133261186", "2143366792", "2148574484", "2158923118", "2304974112", "2607399310", "1686113183", "2150341941", "2153054806", "2160771338", "2494134804", "2641893197", "2665598470", "2674926240", "2884428511", "2915672103", "2964107738", "1174662105", "1992266609", "2110820298", "2153003896", "2230881376", "2358249145", "2439065305", "2642019123", "2924411653", "271491609", "1473471911", "1590470099", "1831161430", "1841170749", "1986324673", "1996999000", "1999861332", "2032004065", "2032945646", "2052531454", "2082107733", "2091027898", "2098143961", "2101371209", "2109634889", "2119127008", "2120424394", "2124439713", "2125339223", "2127026159", "2131462688", "2149930712", "2151547897", "2153173328", "2162532469", "2163550163", "2222355818", "2223500316", "2224501977", "2225482239", "2227574926", "2230612953", "2230791871", "2231046089", "2285479457", "2293854562", "2336042830", "2429849823", "2434164825", "2439490714", "2463462851", "2634696949", "2636721854", "2682766990", "2689339184", "2763458393", "2947267558", "1990580318", "1996152816", "2042101112", "2097649935", "2099616994", "2107094063", "2110837099", "2113345447", "2117732269", "2119374909", "2122239721", "2123860343", "2128505437", "2129851458", "2132208092", "2141043845"], "publication_10_years": ["2148574484", "2158923118", "271491609", "373914545", "1174662105", "1590470099", "1686113183", "1831161430", "1992266609", "1996152816", "1999861332", "2032004065", "2042101112", "2082107733", "2091027898", "2098143961", "2099616994", "2109634889", "2110837099", "2113345447", "2117732269", "2119127008", "2120424394", "2122239721", "2124439713", "2125339223", "2127026159", "2129851458", "2133261186", "2141043845", "2141162377", "2141437430", "2143366792", "2146206848", "2147308314", "2151547897", "2153054806", "2153173328", "2154824078", "2154846905", "2156048252", "2157101889", "2160771338", "2162532469", "2163550163", "2164824961", "2166916975", "2225692335", "2226023356", "2226124044", "2230791871", "2230881376", "2231610584", "2274642900", "2285479457", "2290666468", "2299840191", "2304974112", "2305906008", "2434164825", "2439065305", "2463462851", "2507635839", "2517772326", "2546915069", "2607399310", "2617796095", "2642019123", "2651717381", "2663732930", "2681346301", "2687103774", "2696418261", "2707681789", "2720212742", "2947267558", "2996802042", "3001717829"], "citation_10_years": ["373914545", "2146206848", "2225692335", "2226023356", "2133261186", "2143366792", "2148574484", "2154824078", "2154846905", "2156048252", "2158923118", "2304974112", "2607399310", "1686113183", "2153054806", "2160771338", "1174662105", "1992266609", "2230881376", "2439065305", "2642019123", "271491609", "1590470099", "1831161430", "1999861332", "2032004065", "2091027898", "2098143961", "2109634889", "2119127008", "2120424394", "2124439713", "2125339223", "2127026159", "2153173328", "2162532469", "2163550163", "2230791871", "2285479457", "2434164825", "2463462851", "2947267558", "1996152816", "2042101112", "2082107733", "2099616994", "2110837099", "2113345447", "2117732269", "2122239721", "2129851458", "2141043845", "2141162377", "2141437430", "2147308314", "2151547897", "2157101889", "2164824961", "2166916975", "2226124044", "2231610584", "2274642900", "2290666468", "2299840191", "2305906008", "2507635839", "2517772326", "2546915069", "2617796095", "2651717381", "2663732930", "2681346301", "2687103774", "2696418261", "2707681789", "2720212742", "2996802042", "3001717829"], "publication_5_years": [], "citation_5_years": []}, "industrial_sectors": {"publication_overall": ["computing_and_it", "semiconductor", "technology", "telecommunications"], "citation_overall": ["computing_and_it", "semiconductor", "technology", "telecommunications"], "publication_10_years": [], "citation_10_years": [], "publication_5_years": [], "citation_5_years": []}}