{"name": "IEEE Conference on Biomedical Engineering and Sciences", "acronym": "IECBES", "type": "conference", "uniqueEntities": {"organizations": {"University of Technology Malaysia": {"name": "University of Technology Malaysia", "type": "organization", "organization_type": "Education", "h_index": 61, "h5_index": 33, "num_publications": 7, "num_citations": 2, "num_publications_5y": 7, "num_citations_5y": 2, "num_publications_10y": 7, "num_citations_10y": 2, "publications_years": {"2014": 7}, "citations_years": {"2017": 1, "2015": 1}, "old_citations": {"2014": 2}, "isVisible": false}, "National University of Malaysia": {"name": "National University of Malaysia", "type": "organization", "organization_type": "Education", "h_index": 44, "h5_index": 21, "num_publications": 4, "num_citations": 9, "num_publications_5y": 4, "num_citations_5y": 8, "num_publications_10y": 4, "num_citations_10y": 8, "publications_years": {"2014": 4}, "citations_years": {"2016": 4, "2017": 3, "2018": 0, "2019": 1, "2015": 1}, "old_citations": {"2014": 9}, "isVisible": false}, "Universiti Malaysia Perlis": {"name": "Universiti Malaysia Perlis", "type": "organization", "organization_type": "Education", "h_index": 29, "h5_index": 10, "num_publications": 3, "num_citations": 4, "num_publications_5y": 3, "num_citations_5y": 3, "num_publications_10y": 3, "num_citations_10y": 3, "publications_years": {"2014": 3}, "citations_years": {"2016": 1, "2017": 0, "2018": 1, "2015": 1, "2019": 1}, "old_citations": {"2014": 4}, "isVisible": false}, "Agency for Science, Technology and Research": {"name": "Agency for Science, Technology and Research", "type": "organization", "organization_type": "Government", "h_index": 84, "h5_index": 37, "num_publications": 2, "num_citations": 1, "num_publications_5y": 2, "num_citations_5y": 1, "num_publications_10y": 2, "num_citations_10y": 1, "publications_years": {"2014": 2}, "citations_years": {"2015": 1}, "old_citations": {"2014": 1}, "isVisible": false}, "National Institutes of Health": {"name": "National Institutes of Health", "type": "organization", "organization_type": "Government", "h_index": 129, "h5_index": 37, "num_publications": 2, "num_citations": 1, "num_publications_5y": 2, "num_citations_5y": 1, "num_publications_10y": 2, "num_citations_10y": 1, "publications_years": {"2014": 2}, "citations_years": {"2017": 1}, "old_citations": {"2014": 1}, "isVisible": false}, "RMIT University": {"name": "RMIT University", "type": "organization", "organization_type": "Education", "h_index": 94, "h5_index": 43, "num_publications": 2, "num_citations": 8, "num_publications_5y": 2, "num_citations_5y": 6, "num_publications_10y": 2, "num_citations_10y": 6, "publications_years": {"2014": 2}, "citations_years": {"2016": 3, "2017": 1, "2015": 1, "2018": 1, "2019": 0, "2020": 2}, "old_citations": {"2014": 8}, "isVisible": false}, "Universiti Teknologi Petronas": {"name": "Universiti Teknologi Petronas", "type": "organization", "organization_type": "Education", "h_index": 31, "h5_index": 17, "num_publications": 2, "num_citations": 3, "num_publications_5y": 2, "num_citations_5y": 3, "num_publications_10y": 2, "num_citations_10y": 3, "publications_years": {"2014": 2}, "citations_years": {"2015": 1, "2018": 2}, "old_citations": {"2014": 3}, "isVisible": false}, "Assiut University": {"name": "Assiut University", "type": "organization", "organization_type": "Education", "h_index": 22, "h5_index": 12, "num_publications": 1, "num_citations": 2, "num_publications_5y": 1, "num_citations_5y": 2, "num_publications_10y": 1, "num_citations_10y": 2, "publications_years": {"2014": 1}, "citations_years": {"2017": 1, "2018": 1}, "old_citations": {"2014": 2}, "isVisible": false}, "Bangladesh University of Engineering and Technology": {"name": "Bangladesh University of Engineering and Technology", "type": "organization", "organization_type": "Education", "h_index": 33, "h5_index": 17, "num_publications": 1, "num_citations": 1, "num_publications_5y": 1, "num_citations_5y": 1, "num_publications_10y": 1, "num_citations_10y": 1, "publications_years": {"2014": 1}, "citations_years": {"2016": 1}, "old_citations": {"2014": 1}, "isVisible": false}, "Charit\u00e9": {"name": "Charit\u00e9", "type": "organization", "organization_type": "Healthcare", "h_index": 55, "h5_index": 16, "num_publications": 1, "num_citations": 3, "num_publications_5y": 1, "num_citations_5y": 3, "num_publications_10y": 1, "num_citations_10y": 3, "publications_years": {"2014": 1}, "citations_years": {"2016": 2, "2017": 1}, "old_citations": {"2014": 3}, "isVisible": false}, "Curtin University Sarawak": {"name": "Curtin University Sarawak", "type": "organization", "organization_type": "Education", "h_index": 7, "h5_index": 4, "num_publications": 1, "num_citations": 3, "num_publications_5y": 1, "num_citations_5y": 2, "num_publications_10y": 1, "num_citations_10y": 2, "publications_years": {"2014": 1}, "citations_years": {"2016": 1, "2017": 1, "2018": 0, "2019": 0, "2020": 1}, "old_citations": {"2014": 3}, "isVisible": false}, "Diponegoro University": {"name": "Diponegoro University", "type": "organization", "organization_type": "Education", "h_index": 8, "h5_index": 5, "num_publications": 1, "num_citations": 4, "num_publications_5y": 1, "num_citations_5y": 3, "num_publications_10y": 1, "num_citations_10y": 3, "publications_years": {"2014": 1}, "citations_years": {"2015": 2, "2016": 0, "2017": 0, "2018": 1, "2019": 0, "2020": 1}, "old_citations": {"2014": 4}, "isVisible": false}, "Egypt-Japan University of Science and Technology": {"name": "Egypt-Japan University of Science and Technology", "type": "organization", "organization_type": "Education", "h_index": 18, "h5_index": 8, "num_publications": 1, "num_citations": 2, "num_publications_5y": 1, "num_citations_5y": 2, "num_publications_10y": 1, "num_citations_10y": 2, "publications_years": {"2014": 1}, "citations_years": {"2017": 1, "2018": 1}, "old_citations": {"2014": 2}, "isVisible": false}, "Hospital Kuala Lumpur": {"name": "Hospital Kuala Lumpur", "type": "organization", "organization_type": "Healthcare", "h_index": 2, "h5_index": 2, "num_publications": 1, "num_citations": 1, "num_publications_5y": 1, "num_citations_5y": 1, "num_publications_10y": 1, "num_citations_10y": 1, "publications_years": {"2014": 1}, "citations_years": {"2015": 1}, "old_citations": {"2014": 1}, "isVisible": false}, "Indian Institute of Technology Hyderabad": {"name": "Indian Institute of Technology Hyderabad", "type": "organization", "organization_type": "Education", "h_index": 24, "h5_index": 17, "num_publications": 1, "num_citations": 0, "num_publications_5y": 1, "num_citations_5y": 0, "num_publications_10y": 1, "num_citations_10y": 0, "publications_years": {"2014": 1}, "citations_years": {}, "old_citations": {"2014": 0}, "isVisible": false}, "Indian Institute of Technology Madras": {"name": "Indian Institute of Technology Madras", "type": "organization", "organization_type": "Facility", "h_index": 67, "h5_index": 21, "num_publications": 1, "num_citations": 2, "num_publications_5y": 1, "num_citations_5y": 1, "num_publications_10y": 1, "num_citations_10y": 1, "publications_years": {"2014": 1}, "citations_years": {"2016": 1, "2017": 0, "2018": 0, "2019": 1}, "old_citations": {"2014": 2}, "isVisible": false}, "International Islamic University Malaysia": {"name": "International Islamic University Malaysia", "type": "organization", "organization_type": "Education", "h_index": 34, "h5_index": 12, "num_publications": 1, "num_citations": 1, "num_publications_5y": 1, "num_citations_5y": 1, "num_publications_10y": 1, "num_citations_10y": 1, "publications_years": {"2014": 1}, "citations_years": {"2015": 1}, "old_citations": {"2014": 1}, "isVisible": false}, "Islamic Azad University, Tehran": {"name": "Islamic Azad University, Tehran", "type": "organization", "organization_type": "Education", "h_index": 70, "h5_index": 42, "num_publications": 1, "num_citations": 0, "num_publications_5y": 1, "num_citations_5y": 0, "num_publications_10y": 1, "num_citations_10y": 0, "publications_years": {"2014": 1}, "citations_years": {}, "old_citations": {"2014": 0}, "isVisible": false}, "King Saud University": {"name": "King Saud University", "type": "organization", "organization_type": "Education", "h_index": 70, "h5_index": 48, "num_publications": 1, "num_citations": 4, "num_publications_5y": 1, "num_citations_5y": 3, "num_publications_10y": 1, "num_citations_10y": 3, "publications_years": {"2014": 1}, "citations_years": {"2015": 1, "2016": 0, "2017": 2, "2018": 0, "2019": 1}, "old_citations": {"2014": 4}, "isVisible": false}, "Mahidol University": {"name": "Mahidol University", "type": "organization", "organization_type": "Education", "h_index": 28, "h5_index": 13, "num_publications": 1, "num_citations": 1, "num_publications_5y": 1, "num_citations_5y": 1, "num_publications_10y": 1, "num_citations_10y": 1, "publications_years": {"2014": 1}, "citations_years": {"2017": 1}, "old_citations": {"2014": 1}, "isVisible": false}, "National Skin Centre": {"name": "National Skin Centre", "type": "organization", "organization_type": "Healthcare", "h_index": 4, "h5_index": 3, "num_publications": 1, "num_citations": 1, "num_publications_5y": 1, "num_citations_5y": 1, "num_publications_10y": 1, "num_citations_10y": 1, "publications_years": {"2014": 1}, "citations_years": {"2015": 1}, "old_citations": {"2014": 1}, "isVisible": false}, "Ochanomizu University": {"name": "Ochanomizu University", "type": "organization", "organization_type": "Education", "h_index": 26, "h5_index": 7, "num_publications": 1, "num_citations": 0, "num_publications_5y": 1, "num_citations_5y": 0, "num_publications_10y": 1, "num_citations_10y": 0, "publications_years": {"2014": 1}, "citations_years": {}, "old_citations": {"2014": 0}, "isVisible": false}, "Osaka University": {"name": "Osaka University", "type": "organization", "organization_type": "Education", "h_index": 100, "h5_index": 31, "num_publications": 1, "num_citations": 0, "num_publications_5y": 1, "num_citations_5y": 0, "num_publications_10y": 1, "num_citations_10y": 0, "publications_years": {"2014": 1}, "citations_years": {}, "old_citations": {"2014": 0}, "isVisible": false}, "Soran University": {"name": "Soran University", "type": "organization", "organization_type": "Education", "h_index": 4, "h5_index": 1, "num_publications": 1, "num_citations": 0, "num_publications_5y": 1, "num_citations_5y": 0, "num_publications_10y": 1, "num_citations_10y": 0, "publications_years": {"2014": 1}, "citations_years": {}, "old_citations": {"2014": 0}, "isVisible": false}, "Technical University of Malaysia Malacca": {"name": "Technical University of Malaysia Malacca", "type": "organization", "organization_type": "Education", "h_index": 24, "h5_index": 17, "num_publications": 1, "num_citations": 10, "num_publications_5y": 1, "num_citations_5y": 5, "num_publications_10y": 1, "num_citations_10y": 5, "publications_years": {"2014": 1}, "citations_years": {"2015": 1, "2016": 2, "2017": 0, "2018": 2, "2019": 5}, "old_citations": {"2014": 10}, "isVisible": false}, "Texas A&M University": {"name": "Texas A&M University", "type": "organization", "organization_type": "Education", "h_index": 161, "h5_index": 40, "num_publications": 1, "num_citations": 3, "num_publications_5y": 1, "num_citations_5y": 3, "num_publications_10y": 1, "num_citations_10y": 3, "publications_years": {"2014": 1}, "citations_years": {"2016": 2, "2017": 1}, "old_citations": {"2014": 3}, "isVisible": false}, "Tun Hussein Onn University of Malaysia": {"name": "Tun Hussein Onn University of Malaysia", "type": "organization", "organization_type": "Education", "h_index": 24, "h5_index": 14, "num_publications": 1, "num_citations": 1, "num_publications_5y": 1, "num_citations_5y": 1, "num_publications_10y": 1, "num_citations_10y": 1, "publications_years": {"2014": 1}, "citations_years": {"2015": 1}, "old_citations": {"2014": 1}, "isVisible": false}, "Universiti Malaysia Sarawak": {"name": "Universiti Malaysia Sarawak", "type": "organization", "organization_type": "Education", "h_index": 22, "h5_index": 8, "num_publications": 1, "num_citations": 3, "num_publications_5y": 1, "num_citations_5y": 1, "num_publications_10y": 1, "num_citations_10y": 1, "publications_years": {"2014": 1}, "citations_years": {"2016": 1, "2017": 0, "2018": 0, "2019": 2}, "old_citations": {"2014": 3}, "isVisible": false}, "Universiti Teknologi MARA": {"name": "Universiti Teknologi MARA", "type": "organization", "organization_type": "Education", "h_index": 27, "h5_index": 11, "num_publications": 1, "num_citations": 3, "num_publications_5y": 1, "num_citations_5y": 1, "num_publications_10y": 1, "num_citations_10y": 1, "publications_years": {"2014": 1}, "citations_years": {"2016": 1, "2017": 0, "2018": 0, "2019": 2}, "old_citations": {"2014": 3}, "isVisible": false}, "Universiti Tunku Abdul Rahman": {"name": "Universiti Tunku Abdul Rahman", "type": "organization", "organization_type": "Education", "h_index": 29, "h5_index": 15, "num_publications": 1, "num_citations": 1, "num_publications_5y": 1, "num_citations_5y": 1, "num_publications_10y": 1, "num_citations_10y": 1, "publications_years": {"2014": 1}, "citations_years": {"2015": 1}, "old_citations": {"2014": 1}, "isVisible": false}, "University of Malaya": {"name": "University of Malaya", "type": "organization", "organization_type": "Education", "h_index": 66, "h5_index": 39, "num_publications": 1, "num_citations": 0, "num_publications_5y": 1, "num_citations_5y": 0, "num_publications_10y": 1, "num_citations_10y": 0, "publications_years": {"2014": 1}, "citations_years": {}, "old_citations": {"2014": 0}, "isVisible": false}, "University of Moratuwa": {"name": "University of Moratuwa", "type": "organization", "organization_type": "Education", "h_index": 22, "h5_index": 10, "num_publications": 1, "num_citations": 3, "num_publications_5y": 1, "num_citations_5y": 2, "num_publications_10y": 1, "num_citations_10y": 2, "publications_years": {"2014": 1}, "citations_years": {"2015": 1, "2016": 0, "2017": 0, "2018": 1, "2019": 1}, "old_citations": {"2014": 3}, "isVisible": false}, "University of Nottingham": {"name": "University of Nottingham", "type": "organization", "organization_type": "Education", "h_index": 139, "h5_index": 37, "num_publications": 1, "num_citations": 3, "num_publications_5y": 1, "num_citations_5y": 2, "num_publications_10y": 1, "num_citations_10y": 2, "publications_years": {"2014": 1}, "citations_years": {"2016": 1, "2017": 0, "2018": 1, "2019": 0, "2020": 1}, "old_citations": {"2014": 3}, "isVisible": false}, "University of Wollongong": {"name": "University of Wollongong", "type": "organization", "organization_type": "Education", "h_index": 85, "h5_index": 29, "num_publications": 1, "num_citations": 4, "num_publications_5y": 1, "num_citations_5y": 3, "num_publications_10y": 1, "num_citations_10y": 3, "publications_years": {"2014": 1}, "citations_years": {"2015": 2, "2016": 0, "2017": 0, "2018": 1, "2019": 0, "2020": 1}, "old_citations": {"2014": 4}, "isVisible": false}, "University of York": {"name": "University of York", "type": "organization", "organization_type": "Education", "h_index": 113, "h5_index": 27, "num_publications": 1, "num_citations": 3, "num_publications_5y": 1, "num_citations_5y": 2, "num_publications_10y": 1, "num_citations_10y": 2, "publications_years": {"2014": 1}, "citations_years": {"2016": 1, "2017": 0, "2018": 1, "2019": 0, "2020": 1}, "old_citations": {"2014": 3}, "isVisible": false}, "Universit\u00e9 de Sherbrooke": {"name": "Universit\u00e9 de Sherbrooke", "type": "organization", "organization_type": "Education", "h_index": 62, "h5_index": 25, "num_publications": 1, "num_citations": 5, "num_publications_5y": 1, "num_citations_5y": 2, "num_publications_10y": 1, "num_citations_10y": 2, "publications_years": {"2014": 1}, "citations_years": {"2017": 2, "2018": 0, "2019": 2, "2020": 1}, "old_citations": {"2014": 5}, "isVisible": false}}, "topics": {"computer science": {"name": "computer science", "type": "topic", "h_index": 1779, "h5_index": 416, "num_publications": 37, "num_citations": 70, "num_publications_5y": 37, "num_citations_5y": 50, "num_publications_10y": 37, "num_citations_10y": 50, "publications_years": {"2014": 37}, "citations_years": {"2015": 14, "2016": 15, "2017": 11, "2018": 10, "2019": 14, "2020": 6}, "old_citations": {"2014": 70}, "isVisible": false}, "computer imaging and vision": {"name": "computer imaging and vision", "type": "topic", "h_index": 1142, "h5_index": 334, "num_publications": 29, "num_citations": 55, "num_publications_5y": 29, "num_citations_5y": 39, "num_publications_10y": 29, "num_citations_10y": 39, "publications_years": {"2014": 29}, "citations_years": {"2015": 12, "2016": 12, "2017": 10, "2018": 5, "2019": 13, "2020": 3}, "old_citations": {"2014": 55}, "isVisible": false}, "image processing": {"name": "image processing", "type": "topic", "h_index": 1113, "h5_index": 328, "num_publications": 29, "num_citations": 55, "num_publications_5y": 29, "num_citations_5y": 39, "num_publications_10y": 29, "num_citations_10y": 39, "publications_years": {"2014": 29}, "citations_years": {"2015": 12, "2016": 12, "2017": 10, "2018": 5, "2019": 13, "2020": 3}, "old_citations": {"2014": 55}, "isVisible": false}, "computer systems": {"name": "computer systems", "type": "topic", "h_index": 1595, "h5_index": 367, "num_publications": 28, "num_citations": 59, "num_publications_5y": 28, "num_citations_5y": 41, "num_publications_10y": 28, "num_citations_10y": 41, "publications_years": {"2014": 28}, "citations_years": {"2015": 12, "2016": 12, "2017": 9, "2018": 8, "2019": 12, "2020": 6}, "old_citations": {"2014": 59}, "isVisible": false}, "artificial intelligence": {"name": "artificial intelligence", "type": "topic", "h_index": 1421, "h5_index": 373, "num_publications": 24, "num_citations": 50, "num_publications_5y": 24, "num_citations_5y": 34, "num_publications_10y": 24, "num_citations_10y": 34, "publications_years": {"2014": 24}, "citations_years": {"2015": 11, "2016": 10, "2017": 6, "2018": 7, "2019": 11, "2020": 5}, "old_citations": {"2014": 50}, "isVisible": false}, "engineering": {"name": "engineering", "type": "topic", "h_index": 1177, "h5_index": 287, "num_publications": 23, "num_citations": 53, "num_publications_5y": 23, "num_citations_5y": 38, "num_publications_10y": 23, "num_citations_10y": 38, "publications_years": {"2014": 23}, "citations_years": {"2015": 7, "2016": 14, "2017": 8, "2018": 9, "2019": 12, "2020": 3}, "old_citations": {"2014": 53}, "isVisible": false}, "computer networks": {"name": "computer networks", "type": "topic", "h_index": 1262, "h5_index": 332, "num_publications": 22, "num_citations": 46, "num_publications_5y": 22, "num_citations_5y": 34, "num_publications_10y": 22, "num_citations_10y": 34, "publications_years": {"2014": 22}, "citations_years": {"2015": 8, "2016": 11, "2017": 7, "2018": 8, "2019": 10, "2020": 2}, "old_citations": {"2014": 46}, "isVisible": false}, "image analysis": {"name": "image analysis", "type": "topic", "h_index": 988, "h5_index": 315, "num_publications": 22, "num_citations": 29, "num_publications_5y": 22, "num_citations_5y": 21, "num_publications_10y": 22, "num_citations_10y": 21, "publications_years": {"2014": 22}, "citations_years": {"2016": 6, "2017": 6, "2018": 2, "2019": 6, "2015": 7, "2020": 2}, "old_citations": {"2014": 29}, "isVisible": false}, "mathematics": {"name": "mathematics", "type": "topic", "h_index": 1364, "h5_index": 300, "num_publications": 22, "num_citations": 48, "num_publications_5y": 22, "num_citations_5y": 34, "num_publications_10y": 22, "num_citations_10y": 34, "publications_years": {"2014": 22}, "citations_years": {"2015": 8, "2016": 13, "2017": 7, "2018": 6, "2019": 11, "2020": 3}, "old_citations": {"2014": 48}, "isVisible": false}, "signal processing": {"name": "signal processing", "type": "topic", "h_index": 1012, "h5_index": 255, "num_publications": 22, "num_citations": 51, "num_publications_5y": 22, "num_citations_5y": 36, "num_publications_10y": 22, "num_citations_10y": 36, "publications_years": {"2014": 22}, "citations_years": {"2015": 7, "2016": 13, "2017": 8, "2018": 8, "2019": 12, "2020": 3}, "old_citations": {"2014": 51}, "isVisible": false}, "machine learning": {"name": "machine learning", "type": "topic", "h_index": 1123, "h5_index": 351, "num_publications": 21, "num_citations": 44, "num_publications_5y": 21, "num_citations_5y": 29, "num_publications_10y": 21, "num_citations_10y": 29, "publications_years": {"2014": 21}, "citations_years": {"2015": 11, "2016": 8, "2017": 5, "2018": 5, "2019": 10, "2020": 5}, "old_citations": {"2014": 44}, "isVisible": false}, "image reconstruction": {"name": "image reconstruction", "type": "topic", "h_index": 725, "h5_index": 240, "num_publications": 18, "num_citations": 21, "num_publications_5y": 18, "num_citations_5y": 16, "num_publications_10y": 18, "num_citations_10y": 16, "publications_years": {"2014": 18}, "citations_years": {"2016": 6, "2017": 3, "2018": 2, "2019": 4, "2015": 5, "2020": 1}, "old_citations": {"2014": 21}, "isVisible": false}, "computer hardware": {"name": "computer hardware", "type": "topic", "h_index": 1150, "h5_index": 279, "num_publications": 16, "num_citations": 28, "num_publications_5y": 16, "num_citations_5y": 20, "num_publications_10y": 16, "num_citations_10y": 20, "publications_years": {"2014": 16}, "citations_years": {"2016": 9, "2017": 2, "2018": 6, "2019": 5, "2015": 3, "2020": 3}, "old_citations": {"2014": 28}, "isVisible": false}, "pattern recognition": {"name": "pattern recognition", "type": "topic", "h_index": 922, "h5_index": 287, "num_publications": 16, "num_citations": 31, "num_publications_5y": 16, "num_citations_5y": 22, "num_publications_10y": 16, "num_citations_10y": 22, "publications_years": {"2014": 16}, "citations_years": {"2015": 9, "2016": 6, "2017": 3, "2018": 4, "2019": 7, "2020": 2}, "old_citations": {"2014": 31}, "isVisible": false}, "communication systems": {"name": "communication systems", "type": "topic", "h_index": 1092, "h5_index": 254, "num_publications": 15, "num_citations": 30, "num_publications_5y": 15, "num_citations_5y": 24, "num_publications_10y": 15, "num_citations_10y": 24, "publications_years": {"2014": 15}, "citations_years": {"2015": 5, "2016": 8, "2017": 7, "2018": 4, "2019": 4, "2020": 2}, "old_citations": {"2014": 30}, "isVisible": false}, "imaging systems": {"name": "imaging systems", "type": "topic", "h_index": 614, "h5_index": 207, "num_publications": 15, "num_citations": 18, "num_publications_5y": 15, "num_citations_5y": 13, "num_publications_10y": 15, "num_citations_10y": 13, "publications_years": {"2014": 15}, "citations_years": {"2016": 6, "2017": 3, "2018": 0, "2019": 4, "2015": 4, "2020": 1}, "old_citations": {"2014": 18}, "isVisible": false}, "telecommunication systems": {"name": "telecommunication systems", "type": "topic", "h_index": 1187, "h5_index": 277, "num_publications": 15, "num_citations": 30, "num_publications_5y": 15, "num_citations_5y": 24, "num_publications_10y": 15, "num_citations_10y": 24, "publications_years": {"2014": 15}, "citations_years": {"2015": 5, "2016": 8, "2017": 7, "2018": 4, "2019": 4, "2020": 2}, "old_citations": {"2014": 30}, "isVisible": false}, "wireless telecommunication systems": {"name": "wireless telecommunication systems", "type": "topic", "h_index": 1087, "h5_index": 254, "num_publications": 15, "num_citations": 30, "num_publications_5y": 15, "num_citations_5y": 24, "num_publications_10y": 15, "num_citations_10y": 24, "publications_years": {"2014": 15}, "citations_years": {"2015": 5, "2016": 8, "2017": 7, "2018": 4, "2019": 4, "2020": 2}, "old_citations": {"2014": 30}, "isVisible": false}, "image quality": {"name": "image quality", "type": "topic", "h_index": 704, "h5_index": 206, "num_publications": 14, "num_citations": 14, "num_publications_5y": 14, "num_citations_5y": 12, "num_publications_10y": 14, "num_citations_10y": 12, "publications_years": {"2014": 14}, "citations_years": {"2016": 3, "2017": 1, "2018": 2, "2019": 1, "2015": 6, "2020": 1}, "old_citations": {"2014": 14}, "isVisible": false}, "image segmentation": {"name": "image segmentation", "type": "topic", "h_index": 870, "h5_index": 282, "num_publications": 14, "num_citations": 18, "num_publications_5y": 14, "num_citations_5y": 13, "num_publications_10y": 14, "num_citations_10y": 13, "publications_years": {"2014": 14}, "citations_years": {"2016": 2, "2017": 4, "2018": 2, "2019": 3, "2015": 5, "2020": 2}, "old_citations": {"2014": 18}, "isVisible": false}, "classification methods": {"name": "classification methods", "type": "topic", "h_index": 551, "h5_index": 185, "num_publications": 7, "num_citations": 22, "num_publications_5y": 7, "num_citations_5y": 14, "num_publications_10y": 7, "num_citations_10y": 14, "publications_years": {"2014": 7}, "citations_years": {"2015": 5, "2016": 4, "2017": 1, "2018": 4, "2019": 7, "2020": 1}, "old_citations": {"2014": 22}, "isVisible": false}, "communication channels (information theory)": {"name": "communication channels (information theory)", "type": "topic", "h_index": 925, "h5_index": 216, "num_publications": 11, "num_citations": 22, "num_publications_5y": 11, "num_citations_5y": 17, "num_publications_10y": 11, "num_citations_10y": 17, "publications_years": {"2014": 11}, "citations_years": {"2015": 3, "2016": 6, "2017": 4, "2018": 4, "2019": 3, "2020": 2}, "old_citations": {"2014": 22}, "isVisible": false}, "signal to noise ratio": {"name": "signal to noise ratio", "type": "topic", "h_index": 821, "h5_index": 194, "num_publications": 11, "num_citations": 22, "num_publications_5y": 11, "num_citations_5y": 17, "num_publications_10y": 11, "num_citations_10y": 17, "publications_years": {"2014": 11}, "citations_years": {"2015": 4, "2016": 6, "2017": 4, "2018": 3, "2019": 4, "2020": 1}, "old_citations": {"2014": 22}, "isVisible": false}, "wavelet transforms": {"name": "wavelet transforms", "type": "topic", "h_index": 381, "h5_index": 92, "num_publications": 8, "num_citations": 22, "num_publications_5y": 8, "num_citations_5y": 18, "num_publications_10y": 8, "num_citations_10y": 18, "publications_years": {"2014": 8}, "citations_years": {"2015": 3, "2016": 8, "2017": 7, "2018": 0, "2019": 3, "2020": 1}, "old_citations": {"2014": 22}, "isVisible": false}}, "authors": {"2009583704": {"name": "suhaini kadiman", "type": "author", "activity": 6, "h_index": 5, "h5_index": 1, "mag_id": "2009583704", "num_publications": 2, "num_citations": 1, "num_publications_5y": 2, "num_citations_5y": 1, "num_publications_10y": 2, "num_citations_10y": 1, "publications_years": {"2014": 2}, "citations_years": {"2017": 1}, "old_citations": {"2014": 1}, "isVisible": false}, "2024133299": {"name": "ashrani aizzuddin abd rahni", "type": "author", "activity": 13, "h_index": 4, "h5_index": 1, "mag_id": "2024133299", "num_publications": 2, "num_citations": 1, "num_publications_5y": 2, "num_citations_5y": 1, "num_publications_10y": 2, "num_citations_10y": 1, "publications_years": {"2014": 2}, "citations_years": {"2015": 1}, "old_citations": {"2014": 1}, "isVisible": false}, "2038698122": {"name": "kalaivani chellappan", "type": "author", "activity": 10, "h_index": 3, "h5_index": 2, "mag_id": "2038698122", "num_publications": 2, "num_citations": 4, "num_publications_5y": 2, "num_citations_5y": 4, "num_publications_10y": 2, "num_citations_10y": 4, "publications_years": {"2014": 2}, "citations_years": {"2016": 2, "2017": 2}, "old_citations": {"2014": 4}, "isVisible": false}, "2099217936": {"name": "dean cvetkovic", "type": "author", "activity": 14, "h_index": 8, "h5_index": 2, "mag_id": "2099217936", "num_publications": 2, "num_citations": 8, "num_publications_5y": 2, "num_citations_5y": 6, "num_publications_10y": 2, "num_citations_10y": 6, "publications_years": {"2014": 2}, "citations_years": {"2016": 3, "2017": 1, "2015": 1, "2018": 1, "2019": 0, "2020": 2}, "old_citations": {"2014": 8}, "isVisible": false}, "2102597909": {"name": "nidal kamel", "type": "author", "activity": 16, "h_index": 12, "h5_index": 6, "mag_id": "2102597909", "num_publications": 2, "num_citations": 3, "num_publications_5y": 2, "num_citations_5y": 3, "num_publications_10y": 2, "num_citations_10y": 3, "publications_years": {"2014": 2}, "citations_years": {"2015": 1, "2018": 2}, "old_citations": {"2014": 3}, "isVisible": false}, "2103798582": {"name": "damon wing kee wong", "type": "author", "activity": 12, "h_index": 19, "h5_index": 8, "mag_id": "2103798582", "num_publications": 2, "num_citations": 1, "num_publications_5y": 2, "num_citations_5y": 1, "num_publications_10y": 2, "num_citations_10y": 1, "publications_years": {"2014": 2}, "citations_years": {"2015": 1}, "old_citations": {"2014": 1}, "isVisible": false}, "2141741215": {"name": "jiang liu", "type": "author", "activity": 29, "h_index": 23, "h5_index": 9, "mag_id": "2141741215", "num_publications": 2, "num_citations": 1, "num_publications_5y": 2, "num_citations_5y": 1, "num_publications_10y": 2, "num_citations_10y": 1, "publications_years": {"2014": 2}, "citations_years": {"2015": 1}, "old_citations": {"2014": 1}, "isVisible": false}, "2427394029": {"name": "jun cheng", "type": "author", "activity": 18, "h_index": 14, "h5_index": 7, "mag_id": "2427394029", "num_publications": 2, "num_citations": 1, "num_publications_5y": 2, "num_citations_5y": 1, "num_publications_10y": 2, "num_citations_10y": 1, "publications_years": {"2014": 2}, "citations_years": {"2015": 1}, "old_citations": {"2014": 1}, "isVisible": false}, "2669937692": {"name": "annan li", "type": "author", "activity": 12, "h_index": 12, "h5_index": 6, "mag_id": "2669937692", "num_publications": 2, "num_citations": 1, "num_publications_5y": 2, "num_citations_5y": 1, "num_publications_10y": 2, "num_citations_10y": 1, "publications_years": {"2014": 2}, "citations_years": {"2015": 1}, "old_citations": {"2014": 1}, "isVisible": false}, "119476720": {"name": "naif alajlan", "type": "author", "activity": 16, "h_index": 16, "h5_index": 7, "mag_id": "119476720", "num_publications": 1, "num_citations": 4, "num_publications_5y": 1, "num_citations_5y": 3, "num_publications_10y": 1, "num_citations_10y": 3, "publications_years": {"2014": 1}, "citations_years": {"2015": 1, "2016": 0, "2017": 2, "2018": 0, "2019": 1}, "old_citations": {"2014": 4}, "isVisible": false}, "134283057": {"name": "ehsan golkar", "type": "author", "activity": 7, "h_index": 2, "h5_index": 1, "mag_id": "134283057", "num_publications": 1, "num_citations": 1, "num_publications_5y": 1, "num_citations_5y": 1, "num_publications_10y": 1, "num_citations_10y": 1, "publications_years": {"2014": 1}, "citations_years": {"2015": 1}, "old_citations": {"2014": 1}, "isVisible": false}, "138548067": {"name": "maxime descoteaux", "type": "author", "activity": 17, "h_index": 21, "h5_index": 5, "mag_id": "138548067", "num_publications": 1, "num_citations": 5, "num_publications_5y": 1, "num_citations_5y": 2, "num_publications_10y": 1, "num_citations_10y": 2, "publications_years": {"2014": 1}, "citations_years": {"2017": 2, "2018": 0, "2019": 2, "2020": 1}, "old_citations": {"2014": 5}, "isVisible": false}, "206029660": {"name": "moh arozi", "type": "author", "activity": 1, "h_index": 1, "h5_index": 0, "mag_id": "206029660", "num_publications": 1, "num_citations": 4, "num_publications_5y": 1, "num_citations_5y": 3, "num_publications_10y": 1, "num_citations_10y": 3, "publications_years": {"2014": 1}, "citations_years": {"2015": 2, "2016": 0, "2017": 0, "2018": 1, "2019": 0, "2020": 1}, "old_citations": {"2014": 4}, "isVisible": false}, "301446548": {"name": "emad malaekah", "type": "author", "activity": 2, "h_index": 2, "h5_index": 0, "mag_id": "301446548", "num_publications": 1, "num_citations": 5, "num_publications_5y": 1, "num_citations_5y": 3, "num_publications_10y": 1, "num_citations_10y": 3, "publications_years": {"2014": 1}, "citations_years": {"2015": 1, "2016": 1, "2017": 0, "2018": 1, "2019": 0, "2020": 2}, "old_citations": {"2014": 5}, "isVisible": false}, "342412512": {"name": "eleftherios garyfallidis", "type": "author", "activity": 9, "h_index": 8, "h5_index": 3, "mag_id": "342412512", "num_publications": 1, "num_citations": 5, "num_publications_5y": 1, "num_citations_5y": 2, "num_publications_10y": 1, "num_citations_10y": 2, "publications_years": {"2014": 1}, "citations_years": {"2017": 2, "2018": 0, "2019": 2, "2020": 1}, "old_citations": {"2014": 5}, "isVisible": false}, "355185090": {"name": "m b malarvili", "type": "author", "activity": 17, "h_index": 8, "h5_index": 3, "mag_id": "355185090", "num_publications": 1, "num_citations": 0, "num_publications_5y": 1, "num_citations_5y": 0, "num_publications_10y": 1, "num_citations_10y": 0, "publications_years": {"2014": 1}, "citations_years": {}, "old_citations": {"2014": 0}, "isVisible": false}, "476794377": {"name": "vivek akkala", "type": "author", "activity": 2, "h_index": 2, "h5_index": 0, "mag_id": "476794377", "num_publications": 1, "num_citations": 0, "num_publications_5y": 1, "num_citations_5y": 0, "num_publications_10y": 1, "num_citations_10y": 0, "publications_years": {"2014": 1}, "citations_years": {}, "old_citations": {"2014": 0}, "isVisible": false}, "1539144412": {"name": "amandeep s sidhu", "type": "author", "activity": 16, "h_index": 9, "h5_index": 1, "mag_id": "1539144412", "num_publications": 1, "num_citations": 3, "num_publications_5y": 1, "num_citations_5y": 2, "num_publications_10y": 1, "num_citations_10y": 2, "publications_years": {"2014": 1}, "citations_years": {"2016": 1, "2017": 1, "2018": 0, "2019": 0, "2020": 1}, "old_citations": {"2014": 3}, "isVisible": false}, "1904998129": {"name": "ramiro chaparrovargas", "type": "author", "activity": 4, "h_index": 2, "h5_index": 1, "mag_id": "1904998129", "num_publications": 1, "num_citations": 3, "num_publications_5y": 1, "num_citations_5y": 3, "num_publications_10y": 1, "num_citations_10y": 3, "publications_years": {"2014": 1}, "citations_years": {"2016": 2, "2017": 1}, "old_citations": {"2014": 3}, "isVisible": false}, "1925866290": {"name": "norlida buniyamin", "type": "author", "activity": 14, "h_index": 7, "h5_index": 2, "mag_id": "1925866290", "num_publications": 1, "num_citations": 3, "num_publications_5y": 1, "num_citations_5y": 1, "num_publications_10y": 1, "num_citations_10y": 1, "publications_years": {"2014": 1}, "citations_years": {"2016": 1, "2017": 0, "2018": 0, "2019": 2}, "old_citations": {"2014": 3}, "isVisible": false}, "1981808095": {"name": "norlaili mat safri", "type": "author", "activity": 13, "h_index": 5, "h5_index": 1, "mag_id": "1981808095", "num_publications": 1, "num_citations": 0, "num_publications_5y": 1, "num_citations_5y": 0, "num_publications_10y": 1, "num_citations_10y": 0, "publications_years": {"2014": 1}, "citations_years": {}, "old_citations": {"2014": 0}, "isVisible": false}, "1998174842": {"name": "kasumawati lias", "type": "author", "activity": 11, "h_index": 5, "h5_index": 1, "mag_id": "1998174842", "num_publications": 1, "num_citations": 3, "num_publications_5y": 1, "num_citations_5y": 1, "num_publications_10y": 1, "num_citations_10y": 1, "publications_years": {"2014": 1}, "citations_years": {"2016": 1, "2017": 0, "2018": 0, "2019": 2}, "old_citations": {"2014": 3}, "isVisible": false}, "2000265839": {"name": "vooi voon yap", "type": "author", "activity": 13, "h_index": 6, "h5_index": 2, "mag_id": "2000265839", "num_publications": 1, "num_citations": 1, "num_publications_5y": 1, "num_citations_5y": 1, "num_publications_10y": 1, "num_citations_10y": 1, "publications_years": {"2014": 1}, "citations_years": {"2015": 1}, "old_citations": {"2014": 1}, "isVisible": false}, "2005248411": {"name": "mamun bin ibne reaz", "type": "author", "activity": 19, "h_index": 14, "h5_index": 5, "mag_id": "2005248411", "num_publications": 1, "num_citations": 4, "num_publications_5y": 1, "num_citations_5y": 3, "num_publications_10y": 1, "num_citations_10y": 3, "publications_years": {"2014": 1}, "citations_years": {"2016": 2, "2017": 1, "2018": 0, "2019": 1}, "old_citations": {"2014": 4}, "isVisible": false}, "2008839795": {"name": "azura mohd affandi", "type": "author", "activity": 4, "h_index": 1, "h5_index": 0, "mag_id": "2008839795", "num_publications": 1, "num_citations": 1, "num_publications_5y": 1, "num_citations_5y": 1, "num_publications_10y": 1, "num_citations_10y": 1, "publications_years": {"2014": 1}, "citations_years": {"2015": 1}, "old_citations": {"2014": 1}, "isVisible": false}, "2020968369": {"name": "sazali bin yaccob", "type": "author", "activity": 2, "h_index": 2, "h5_index": 0, "mag_id": "2020968369", "num_publications": 1, "num_citations": 2, "num_publications_5y": 1, "num_citations_5y": 1, "num_publications_10y": 1, "num_citations_10y": 1, "publications_years": {"2014": 1}, "citations_years": {"2015": 1, "2016": 0, "2017": 0, "2018": 0, "2019": 1}, "old_citations": {"2014": 2}, "isVisible": false}, "2025048669": {"name": "mehdi astaraki", "type": "author", "activity": 7, "h_index": 3, "h5_index": 0, "mag_id": "2025048669", "num_publications": 1, "num_citations": 0, "num_publications_5y": 1, "num_citations_5y": 0, "num_publications_10y": 1, "num_citations_10y": 0, "publications_years": {"2014": 1}, "citations_years": {}, "old_citations": {"2014": 0}, "isVisible": false}, "2026116171": {"name": "p rajalakshmi", "type": "author", "activity": 15, "h_index": 9, "h5_index": 5, "mag_id": "2026116171", "num_publications": 1, "num_citations": 0, "num_publications_5y": 1, "num_citations_5y": 0, "num_publications_10y": 1, "num_citations_10y": 0, "publications_years": {"2014": 1}, "citations_years": {}, "old_citations": {"2014": 0}, "isVisible": false}, "2028736467": {"name": "md khayrul bashar", "type": "author", "activity": 18, "h_index": 4, "h5_index": 1, "mag_id": "2028736467", "num_publications": 1, "num_citations": 0, "num_publications_5y": 1, "num_citations_5y": 0, "num_publications_10y": 1, "num_citations_10y": 0, "publications_years": {"2014": 1}, "citations_years": {}, "old_citations": {"2014": 0}, "isVisible": false}, "2049241367": {"name": "ahmad athif mohd faudzi", "type": "author", "activity": 14, "h_index": 6, "h5_index": 2, "mag_id": "2049241367", "num_publications": 1, "num_citations": 1, "num_publications_5y": 1, "num_citations_5y": 1, "num_publications_10y": 1, "num_citations_10y": 1, "publications_years": {"2014": 1}, "citations_years": {"2017": 1}, "old_citations": {"2014": 1}, "isVisible": false}, "2071662502": {"name": "belinda pingguanmurphy", "type": "author", "activity": 6, "h_index": 1, "h5_index": 1, "mag_id": "2071662502", "num_publications": 1, "num_citations": 0, "num_publications_5y": 1, "num_citations_5y": 0, "num_publications_10y": 1, "num_citations_10y": 0, "publications_years": {"2014": 1}, "citations_years": {}, "old_citations": {"2014": 0}, "isVisible": false}, "2079086071": {"name": "israna hossain arka", "type": "author", "activity": 9, "h_index": 2, "h5_index": 0, "mag_id": "2079086071", "num_publications": 1, "num_citations": 0, "num_publications_5y": 1, "num_citations_5y": 0, "num_publications_10y": 1, "num_citations_10y": 0, "publications_years": {"2014": 1}, "citations_years": {}, "old_citations": {"2014": 0}, "isVisible": false}, "2081416699": {"name": "david m halliday", "type": "author", "activity": 26, "h_index": 11, "h5_index": 5, "mag_id": "2081416699", "num_publications": 1, "num_citations": 3, "num_publications_5y": 1, "num_citations_5y": 2, "num_publications_10y": 1, "num_citations_10y": 2, "publications_years": {"2014": 1}, "citations_years": {"2016": 1, "2017": 0, "2018": 1, "2019": 0, "2020": 1}, "old_citations": {"2014": 3}, "isVisible": false}, "2083499651": {"name": "f s a saad", "type": "author", "activity": 10, "h_index": 3, "h5_index": 2, "mag_id": "2083499651", "num_publications": 1, "num_citations": 2, "num_publications_5y": 1, "num_citations_5y": 2, "num_publications_10y": 1, "num_citations_10y": 2, "publications_years": {"2014": 1}, "citations_years": {"2016": 1, "2017": 0, "2018": 1}, "old_citations": {"2014": 2}, "isVisible": false}, "2088986270": {"name": "eko supriyanto", "type": "author", "activity": 13, "h_index": 9, "h5_index": 3, "mag_id": "2088986270", "num_publications": 1, "num_citations": 1, "num_publications_5y": 1, "num_citations_5y": 1, "num_publications_10y": 1, "num_citations_10y": 1, "publications_years": {"2014": 1}, "citations_years": {"2017": 1}, "old_citations": {"2014": 1}, "isVisible": false}, "2093613503": {"name": "mochammad ariyanto", "type": "author", "activity": 8, "h_index": 3, "h5_index": 2, "mag_id": "2093613503", "num_publications": 1, "num_citations": 4, "num_publications_5y": 1, "num_citations_5y": 3, "num_publications_10y": 1, "num_citations_10y": 3, "publications_years": {"2014": 1}, "citations_years": {"2015": 2, "2016": 0, "2017": 0, "2018": 1, "2019": 0, "2020": 1}, "old_citations": {"2014": 4}, "isVisible": false}, "2095272313": {"name": "sabariah baharun", "type": "author", "activity": 7, "h_index": 8, "h5_index": 5, "mag_id": "2095272313", "num_publications": 1, "num_citations": 1, "num_publications_5y": 1, "num_citations_5y": 1, "num_publications_10y": 1, "num_citations_10y": 1, "publications_years": {"2014": 1}, "citations_years": {"2015": 1}, "old_citations": {"2014": 1}, "isVisible": false}, "2098723869": {"name": "mahyar hamedi", "type": "author", "activity": 10, "h_index": 7, "h5_index": 1, "mag_id": "2098723869", "num_publications": 1, "num_citations": 0, "num_publications_5y": 1, "num_citations_5y": 0, "num_publications_10y": 1, "num_citations_10y": 0, "publications_years": {"2014": 1}, "citations_years": {}, "old_citations": {"2014": 0}, "isVisible": false}, "2104826469": {"name": "humaira nisar", "type": "author", "activity": 21, "h_index": 7, "h5_index": 4, "mag_id": "2104826469", "num_publications": 1, "num_citations": 1, "num_publications_5y": 1, "num_citations_5y": 1, "num_publications_10y": 1, "num_citations_10y": 1, "publications_years": {"2014": 1}, "citations_years": {"2015": 1}, "old_citations": {"2014": 1}, "isVisible": false}, "2104952493": {"name": "jyh jong tang", "type": "author", "activity": 2, "h_index": 1, "h5_index": 0, "mag_id": "2104952493", "num_publications": 1, "num_citations": 1, "num_publications_5y": 1, "num_citations_5y": 1, "num_publications_10y": 1, "num_citations_10y": 1, "publications_years": {"2014": 1}, "citations_years": {"2015": 1}, "old_citations": {"2014": 1}, "isVisible": false}, "2105892304": {"name": "abrar hussain", "type": "author", "activity": 5, "h_index": 2, "h5_index": 2, "mag_id": "2105892304", "num_publications": 1, "num_citations": 4, "num_publications_5y": 1, "num_citations_5y": 4, "num_publications_10y": 1, "num_citations_10y": 4, "publications_years": {"2014": 1}, "citations_years": {"2016": 2, "2017": 2}, "old_citations": {"2014": 4}, "isVisible": false}, "2106432712": {"name": "sukhairi sudin", "type": "author", "activity": 6, "h_index": 2, "h5_index": 2, "mag_id": "2106432712", "num_publications": 1, "num_citations": 2, "num_publications_5y": 1, "num_citations_5y": 2, "num_publications_10y": 1, "num_citations_10y": 2, "publications_years": {"2014": 1}, "citations_years": {"2016": 1, "2017": 0, "2018": 1}, "old_citations": {"2014": 2}, "isVisible": false}, "2110327199": {"name": "shanmugam veeramani", "type": "author", "activity": 11, "h_index": 2, "h5_index": 1, "mag_id": "2110327199", "num_publications": 1, "num_citations": 3, "num_publications_5y": 1, "num_citations_5y": 2, "num_publications_10y": 1, "num_citations_10y": 2, "publications_years": {"2014": 1}, "citations_years": {"2016": 1, "2017": 1, "2018": 0, "2019": 0, "2020": 1}, "old_citations": {"2014": 3}, "isVisible": false}, "2111304482": {"name": "aamir saeed malik", "type": "author", "activity": 21, "h_index": 17, "h5_index": 10, "mag_id": "2111304482", "num_publications": 1, "num_citations": 1, "num_publications_5y": 1, "num_citations_5y": 1, "num_publications_10y": 1, "num_citations_10y": 1, "publications_years": {"2014": 1}, "citations_years": {"2015": 1}, "old_citations": {"2014": 1}, "isVisible": false}, "2112147744": {"name": "ajith pasqual", "type": "author", "activity": 22, "h_index": 6, "h5_index": 3, "mag_id": "2112147744", "num_publications": 1, "num_citations": 3, "num_publications_5y": 1, "num_citations_5y": 2, "num_publications_10y": 1, "num_citations_10y": 2, "publications_years": {"2014": 1}, "citations_years": {"2015": 1, "2016": 0, "2017": 0, "2018": 1, "2019": 1}, "old_citations": {"2014": 3}, "isVisible": false}, "2115489812": {"name": "masni mohd ali", "type": "author", "activity": 9, "h_index": 3, "h5_index": 1, "mag_id": "2115489812", "num_publications": 1, "num_citations": 4, "num_publications_5y": 1, "num_citations_5y": 3, "num_publications_10y": 1, "num_citations_10y": 3, "publications_years": {"2014": 1}, "citations_years": {"2016": 2, "2017": 1, "2018": 0, "2019": 1}, "old_citations": {"2014": 4}, "isVisible": false}, "2117326409": {"name": "kazuo yamagata", "type": "author", "activity": 1, "h_index": 1, "h5_index": 0, "mag_id": "2117326409", "num_publications": 1, "num_citations": 0, "num_publications_5y": 1, "num_citations_5y": 0, "num_publications_10y": 1, "num_citations_10y": 0, "publications_years": {"2014": 1}, "citations_years": {}, "old_citations": {"2014": 0}, "isVisible": false}, "2119152155": {"name": "mohd ridzuan ahmad", "type": "author", "activity": 16, "h_index": 2, "h5_index": 1, "mag_id": "2119152155", "num_publications": 1, "num_citations": 0, "num_publications_5y": 1, "num_citations_5y": 0, "num_publications_10y": 1, "num_citations_10y": 0, "publications_years": {"2014": 1}, "citations_years": {}, "old_citations": {"2014": 0}, "isVisible": false}, "2120557631": {"name": "shahrul naim sidek", "type": "author", "activity": 21, "h_index": 5, "h5_index": 2, "mag_id": "2120557631", "num_publications": 1, "num_citations": 1, "num_publications_5y": 1, "num_citations_5y": 1, "num_publications_10y": 1, "num_citations_10y": 1, "publications_years": {"2014": 1}, "citations_years": {"2015": 1}, "old_citations": {"2014": 1}, "isVisible": false}, "2121345246": {"name": "khin wee lai", "type": "author", "activity": 9, "h_index": 2, "h5_index": 1, "mag_id": "2121345246", "num_publications": 1, "num_citations": 0, "num_publications_5y": 1, "num_citations_5y": 0, "num_publications_10y": 1, "num_citations_10y": 0, "publications_years": {"2014": 1}, "citations_years": {}, "old_citations": {"2014": 0}, "isVisible": false}, "2122113786": {"name": "beena ahmed", "type": "author", "activity": 16, "h_index": 10, "h5_index": 3, "mag_id": "2122113786", "num_publications": 1, "num_citations": 3, "num_publications_5y": 1, "num_citations_5y": 3, "num_publications_10y": 1, "num_citations_10y": 3, "publications_years": {"2014": 1}, "citations_years": {"2016": 2, "2017": 1}, "old_citations": {"2014": 3}, "isVisible": false}, "2125352415": {"name": "hiroaki yoshida", "type": "author", "activity": 19, "h_index": 1, "h5_index": 1, "mag_id": "2125352415", "num_publications": 1, "num_citations": 0, "num_publications_5y": 1, "num_citations_5y": 0, "num_publications_10y": 1, "num_citations_10y": 0, "publications_years": {"2014": 1}, "citations_years": {}, "old_citations": {"2014": 0}, "isVisible": false}, "2125788979": {"name": "aimi shazwani ghazali", "type": "author", "activity": 6, "h_index": 3, "h5_index": 1, "mag_id": "2125788979", "num_publications": 1, "num_citations": 1, "num_publications_5y": 1, "num_citations_5y": 1, "num_publications_10y": 1, "num_citations_10y": 1, "publications_years": {"2014": 1}, "citations_years": {"2015": 1}, "old_citations": {"2014": 1}, "isVisible": false}, "2128666699": {"name": "riza sulaiman", "type": "author", "activity": 19, "h_index": 7, "h5_index": 1, "mag_id": "2128666699", "num_publications": 1, "num_citations": 1, "num_publications_5y": 1, "num_citations_5y": 1, "num_publications_10y": 1, "num_citations_10y": 1, "publications_years": {"2014": 1}, "citations_years": {"2015": 1}, "old_citations": {"2014": 1}, "isVisible": false}, "2130614818": {"name": "k n khor", "type": "author", "activity": 1, "h_index": 0, "h5_index": 0, "mag_id": "2130614818", "num_publications": 1, "num_citations": 0, "num_publications_5y": 1, "num_citations_5y": 0, "num_publications_10y": 1, "num_citations_10y": 0, "publications_years": {"2014": 1}, "citations_years": {}, "old_citations": {"2014": 0}, "isVisible": false}, "2134093992": {"name": "a k m muzahidul islam", "type": "author", "activity": 8, "h_index": 8, "h5_index": 3, "mag_id": "2134093992", "num_publications": 1, "num_citations": 1, "num_publications_5y": 1, "num_citations_5y": 1, "num_publications_10y": 1, "num_citations_10y": 1, "publications_years": {"2014": 1}, "citations_years": {"2015": 1}, "old_citations": {"2014": 1}, "isVisible": false}, "2137797017": {"name": "chieng thion ming", "type": "author", "activity": 1, "h_index": 0, "h5_index": 0, "mag_id": "2137797017", "num_publications": 1, "num_citations": 0, "num_publications_5y": 1, "num_citations_5y": 0, "num_publications_10y": 1, "num_citations_10y": 0, "publications_years": {"2014": 1}, "citations_years": {}, "old_citations": {"2014": 0}, "isVisible": false}, "2149302249": {"name": "a zakaria", "type": "author", "activity": 11, "h_index": 9, "h5_index": 3, "mag_id": "2149302249", "num_publications": 1, "num_citations": 2, "num_publications_5y": 1, "num_citations_5y": 2, "num_publications_10y": 1, "num_citations_10y": 2, "publications_years": {"2014": 1}, "citations_years": {"2016": 1, "2017": 0, "2018": 1}, "old_citations": {"2014": 2}, "isVisible": false}, "2152374758": {"name": "g saravana kumar", "type": "author", "activity": 17, "h_index": 4, "h5_index": 1, "mag_id": "2152374758", "num_publications": 1, "num_citations": 2, "num_publications_5y": 1, "num_citations_5y": 1, "num_publications_10y": 1, "num_citations_10y": 1, "publications_years": {"2014": 1}, "citations_years": {"2016": 1, "2017": 0, "2018": 0, "2019": 1}, "old_citations": {"2014": 2}, "isVisible": false}, "2153768255": {"name": "yin fen low", "type": "author", "activity": 14, "h_index": 5, "h5_index": 2, "mag_id": "2153768255", "num_publications": 1, "num_citations": 10, "num_publications_5y": 1, "num_citations_5y": 5, "num_publications_10y": 1, "num_citations_10y": 5, "publications_years": {"2014": 1}, "citations_years": {"2015": 1, "2016": 2, "2017": 0, "2018": 2, "2019": 5}, "old_citations": {"2014": 10}, "isVisible": false}, "2153908396": {"name": "alias mohd noor", "type": "author", "activity": 6, "h_index": 6, "h5_index": 0, "mag_id": "2153908396", "num_publications": 1, "num_citations": 0, "num_publications_5y": 1, "num_citations_5y": 0, "num_publications_10y": 1, "num_citations_10y": 0, "publications_years": {"2014": 1}, "citations_years": {}, "old_citations": {"2014": 0}, "isVisible": false}, "2154553732": {"name": "joga dharma setiawan", "type": "author", "activity": 26, "h_index": 5, "h5_index": 1, "mag_id": "2154553732", "num_publications": 1, "num_citations": 4, "num_publications_5y": 1, "num_citations_5y": 3, "num_publications_10y": 1, "num_citations_10y": 3, "publications_years": {"2014": 1}, "citations_years": {"2015": 2, "2016": 0, "2017": 0, "2018": 1, "2019": 0, "2020": 1}, "old_citations": {"2014": 4}, "isVisible": false}, "2157357784": {"name": "chanakya reddy patti", "type": "author", "activity": 4, "h_index": 3, "h5_index": 2, "mag_id": "2157357784", "num_publications": 1, "num_citations": 5, "num_publications_5y": 1, "num_citations_5y": 3, "num_publications_10y": 1, "num_citations_10y": 3, "publications_years": {"2014": 1}, "citations_years": {"2015": 1, "2016": 1, "2017": 0, "2018": 1, "2019": 0, "2020": 2}, "old_citations": {"2014": 5}, "isVisible": false}, "2158469718": {"name": "syazreen hashim", "type": "author", "activity": 1, "h_index": 0, "h5_index": 0, "mag_id": "2158469718", "num_publications": 1, "num_citations": 0, "num_publications_5y": 1, "num_citations_5y": 0, "num_publications_10y": 1, "num_citations_10y": 0, "publications_years": {"2014": 1}, "citations_years": {}, "old_citations": {"2014": 0}, "isVisible": false}, "2159292161": {"name": "fezri aziz", "type": "author", "activity": 3, "h_index": 2, "h5_index": 1, "mag_id": "2159292161", "num_publications": 1, "num_citations": 2, "num_publications_5y": 1, "num_citations_5y": 2, "num_publications_10y": 1, "num_citations_10y": 2, "publications_years": {"2014": 1}, "citations_years": {"2016": 1, "2017": 0, "2018": 1}, "old_citations": {"2014": 2}, "isVisible": false}, "2159521916": {"name": "rubana h chowdhury", "type": "author", "activity": 4, "h_index": 2, "h5_index": 0, "mag_id": "2159521916", "num_publications": 1, "num_citations": 4, "num_publications_5y": 1, "num_citations_5y": 3, "num_publications_10y": 1, "num_citations_10y": 3, "publications_years": {"2014": 1}, "citations_years": {"2016": 2, "2017": 1, "2018": 0, "2019": 1}, "old_citations": {"2014": 4}, "isVisible": false}, "2167911164": {"name": "paulraj m p", "type": "author", "activity": 11, "h_index": 2, "h5_index": 0, "mag_id": "2167911164", "num_publications": 1, "num_citations": 2, "num_publications_5y": 1, "num_citations_5y": 1, "num_publications_10y": 1, "num_citations_10y": 1, "publications_years": {"2014": 1}, "citations_years": {"2015": 1, "2016": 0, "2017": 0, "2018": 0, "2019": 1}, "old_citations": {"2014": 2}, "isVisible": false}, "2170648329": {"name": "afandi ahmad", "type": "author", "activity": 13, "h_index": 7, "h5_index": 2, "mag_id": "2170648329", "num_publications": 1, "num_citations": 1, "num_publications_5y": 1, "num_citations_5y": 1, "num_publications_10y": 1, "num_citations_10y": 1, "publications_years": {"2014": 1}, "citations_years": {"2015": 1}, "old_citations": {"2014": 1}, "isVisible": false}, "2199338733": {"name": "shhussain salleh", "type": "author", "activity": 18, "h_index": 13, "h5_index": 2, "mag_id": "2199338733", "num_publications": 1, "num_citations": 0, "num_publications_5y": 1, "num_citations_5y": 0, "num_publications_10y": 1, "num_citations_10y": 0, "publications_years": {"2014": 1}, "citations_years": {}, "old_citations": {"2014": 0}, "isVisible": false}, "2222288746": {"name": "d s wickramasuriya", "type": "author", "activity": 1, "h_index": 1, "h5_index": 0, "mag_id": "2222288746", "num_publications": 1, "num_citations": 3, "num_publications_5y": 1, "num_citations_5y": 2, "num_publications_10y": 1, "num_citations_10y": 2, "publications_years": {"2014": 1}, "citations_years": {"2015": 1, "2016": 0, "2017": 0, "2018": 1, "2019": 1}, "old_citations": {"2014": 3}, "isVisible": false}, "2222577914": {"name": "osama abdelaal", "type": "author", "activity": 1, "h_index": 1, "h5_index": 0, "mag_id": "2222577914", "num_publications": 1, "num_citations": 2, "num_publications_5y": 1, "num_citations_5y": 2, "num_publications_10y": 1, "num_citations_10y": 2, "publications_years": {"2014": 1}, "citations_years": {"2017": 1, "2018": 1}, "old_citations": {"2014": 2}, "isVisible": false}, "2222865621": {"name": "wan amirah w azlan", "type": "author", "activity": 3, "h_index": 1, "h5_index": 1, "mag_id": "2222865621", "num_publications": 1, "num_citations": 10, "num_publications_5y": 1, "num_citations_5y": 5, "num_publications_10y": 1, "num_citations_10y": 5, "publications_years": {"2014": 1}, "citations_years": {"2015": 1, "2016": 2, "2017": 0, "2018": 2, "2019": 5}, "old_citations": {"2014": 10}, "isVisible": false}, "2223505065": {"name": "diah arianti", "type": "author", "activity": 1, "h_index": 1, "h5_index": 0, "mag_id": "2223505065", "num_publications": 1, "num_citations": 1, "num_publications_5y": 1, "num_citations_5y": 1, "num_publications_10y": 1, "num_citations_10y": 1, "publications_years": {"2014": 1}, "citations_years": {"2015": 1}, "old_citations": {"2014": 1}, "isVisible": false}, "2223784567": {"name": "panrasee rittipravat", "type": "author", "activity": 1, "h_index": 1, "h5_index": 0, "mag_id": "2223784567", "num_publications": 1, "num_citations": 1, "num_publications_5y": 1, "num_citations_5y": 1, "num_publications_10y": 1, "num_citations_10y": 1, "publications_years": {"2014": 1}, "citations_years": {"2017": 1}, "old_citations": {"2014": 1}, "isVisible": false}, "2224122260": {"name": "rosdiana shahri", "type": "author", "activity": 1, "h_index": 1, "h5_index": 0, "mag_id": "2224122260", "num_publications": 1, "num_citations": 1, "num_publications_5y": 1, "num_citations_5y": 1, "num_publications_10y": 1, "num_citations_10y": 1, "publications_years": {"2014": 1}, "citations_years": {"2015": 1}, "old_citations": {"2014": 1}, "isVisible": false}, "2224171682": {"name": "jiyo s athertya", "type": "author", "activity": 4, "h_index": 2, "h5_index": 2, "mag_id": "2224171682", "num_publications": 1, "num_citations": 2, "num_publications_5y": 1, "num_citations_5y": 1, "num_publications_10y": 1, "num_citations_10y": 1, "publications_years": {"2014": 1}, "citations_years": {"2016": 1, "2017": 0, "2018": 0, "2019": 1}, "old_citations": {"2014": 2}, "isVisible": false}, "2224253115": {"name": "ibrahim eldesouky", "type": "author", "activity": 1, "h_index": 1, "h5_index": 0, "mag_id": "2224253115", "num_publications": 1, "num_citations": 2, "num_publications_5y": 1, "num_citations_5y": 2, "num_publications_10y": 1, "num_citations_10y": 2, "publications_years": {"2014": 1}, "citations_years": {"2017": 1, "2018": 1}, "old_citations": {"2014": 2}, "isVisible": false}, "2225942022": {"name": "nonthaporn nakphu", "type": "author", "activity": 1, "h_index": 1, "h5_index": 0, "mag_id": "2225942022", "num_publications": 1, "num_citations": 1, "num_publications_5y": 1, "num_citations_5y": 1, "num_publications_10y": 1, "num_citations_10y": 1, "publications_years": {"2014": 1}, "citations_years": {"2017": 1}, "old_citations": {"2014": 1}, "isVisible": false}, "2226265615": {"name": "rasha hyder", "type": "author", "activity": 2, "h_index": 2, "h5_index": 0, "mag_id": "2226265615", "num_publications": 1, "num_citations": 2, "num_publications_5y": 1, "num_citations_5y": 2, "num_publications_10y": 1, "num_citations_10y": 2, "publications_years": {"2014": 1}, "citations_years": {"2018": 2}, "old_citations": {"2014": 2}, "isVisible": false}, "2226603470": {"name": "cindy r chang", "type": "author", "activity": 2, "h_index": 1, "h5_index": 0, "mag_id": "2226603470", "num_publications": 1, "num_citations": 4, "num_publications_5y": 1, "num_citations_5y": 3, "num_publications_10y": 1, "num_citations_10y": 3, "publications_years": {"2014": 1}, "citations_years": {"2015": 2, "2016": 0, "2017": 0, "2018": 1, "2019": 0, "2020": 1}, "old_citations": {"2014": 4}, "isVisible": false}, "2226932013": {"name": "nor diana binti zakaria", "type": "author", "activity": 1, "h_index": 0, "h5_index": 0, "mag_id": "2226932013", "num_publications": 1, "num_citations": 0, "num_publications_5y": 1, "num_citations_5y": 0, "num_publications_10y": 1, "num_citations_10y": 0, "publications_years": {"2014": 1}, "citations_years": {}, "old_citations": {"2014": 0}, "isVisible": false}, "2227730848": {"name": "siti nadia ishak", "type": "author", "activity": 1, "h_index": 0, "h5_index": 0, "mag_id": "2227730848", "num_publications": 1, "num_citations": 0, "num_publications_5y": 1, "num_citations_5y": 0, "num_publications_10y": 1, "num_citations_10y": 0, "publications_years": {"2014": 1}, "citations_years": {}, "old_citations": {"2014": 0}, "isVisible": false}, "2227828411": {"name": "siti n makhtar", "type": "author", "activity": 7, "h_index": 1, "h5_index": 0, "mag_id": "2227828411", "num_publications": 1, "num_citations": 3, "num_publications_5y": 1, "num_citations_5y": 2, "num_publications_10y": 1, "num_citations_10y": 2, "publications_years": {"2014": 1}, "citations_years": {"2016": 1, "2017": 0, "2018": 1, "2019": 0, "2020": 1}, "old_citations": {"2014": 3}, "isVisible": false}, "2228660863": {"name": "yau kwang chng", "type": "author", "activity": 2, "h_index": 1, "h5_index": 0, "mag_id": "2228660863", "num_publications": 1, "num_citations": 1, "num_publications_5y": 1, "num_citations_5y": 1, "num_publications_10y": 1, "num_citations_10y": 1, "publications_years": {"2014": 1}, "citations_years": {"2015": 1}, "old_citations": {"2014": 1}, "isVisible": false}, "2230414849": {"name": "amir faisal", "type": "author", "activity": 6, "h_index": 2, "h5_index": 1, "mag_id": "2230414849", "num_publications": 1, "num_citations": 0, "num_publications_5y": 1, "num_citations_5y": 0, "num_publications_10y": 1, "num_citations_10y": 0, "publications_years": {"2014": 1}, "citations_years": {}, "old_citations": {"2014": 0}, "isVisible": false}, "2230972636": {"name": "azlan muharam", "type": "author", "activity": 4, "h_index": 1, "h5_index": 0, "mag_id": "2230972636", "num_publications": 1, "num_citations": 1, "num_publications_5y": 1, "num_citations_5y": 1, "num_publications_10y": 1, "num_citations_10y": 1, "publications_years": {"2014": 1}, "citations_years": {"2015": 1}, "old_citations": {"2014": 1}, "isVisible": false}, "2231019309": {"name": "ahmad faizal salleh", "type": "author", "activity": 8, "h_index": 2, "h5_index": 1, "mag_id": "2231019309", "num_publications": 1, "num_citations": 2, "num_publications_5y": 1, "num_citations_5y": 2, "num_publications_10y": 1, "num_citations_10y": 2, "publications_years": {"2014": 1}, "citations_years": {"2016": 1, "2017": 0, "2018": 1}, "old_citations": {"2014": 2}, "isVisible": false}, "2231119857": {"name": "yogesh c k", "type": "author", "activity": 1, "h_index": 1, "h5_index": 0, "mag_id": "2231119857", "num_publications": 1, "num_citations": 2, "num_publications_5y": 1, "num_citations_5y": 1, "num_publications_10y": 1, "num_citations_10y": 1, "publications_years": {"2014": 1}, "citations_years": {"2015": 1, "2016": 0, "2017": 0, "2018": 0, "2019": 1}, "old_citations": {"2014": 2}, "isVisible": false}, "2231123923": {"name": "muhammad nasir masood", "type": "author", "activity": 1, "h_index": 1, "h5_index": 0, "mag_id": "2231123923", "num_publications": 1, "num_citations": 3, "num_publications_5y": 1, "num_citations_5y": 2, "num_publications_10y": 1, "num_citations_10y": 2, "publications_years": {"2014": 1}, "citations_years": {"2016": 1, "2017": 1, "2018": 0, "2019": 0, "2020": 1}, "old_citations": {"2014": 3}, "isVisible": false}, "2231175664": {"name": "mohd zulkarnaen ahmad narihan", "type": "author", "activity": 1, "h_index": 1, "h5_index": 0, "mag_id": "2231175664", "num_publications": 1, "num_citations": 3, "num_publications_5y": 1, "num_citations_5y": 1, "num_publications_10y": 1, "num_citations_10y": 1, "publications_years": {"2014": 1}, "citations_years": {"2016": 1, "2017": 0, "2018": 0, "2019": 2}, "old_citations": {"2014": 3}, "isVisible": false}, "2231451152": {"name": "p chamila dissayanaka", "type": "author", "activity": 1, "h_index": 1, "h5_index": 0, "mag_id": "2231451152", "num_publications": 1, "num_citations": 3, "num_publications_5y": 1, "num_citations_5y": 3, "num_publications_10y": 1, "num_citations_10y": 3, "publications_years": {"2014": 1}, "citations_years": {"2016": 2, "2017": 1}, "old_citations": {"2014": 3}, "isVisible": false}, "2231992785": {"name": "dolwin ching ching kho", "type": "author", "activity": 1, "h_index": 1, "h5_index": 0, "mag_id": "2231992785", "num_publications": 1, "num_citations": 1, "num_publications_5y": 1, "num_citations_5y": 1, "num_publications_10y": 1, "num_citations_10y": 1, "publications_years": {"2014": 1}, "citations_years": {"2017": 1}, "old_citations": {"2014": 1}, "isVisible": false}, "2232423175": {"name": "siti zamratol m", "type": "author", "activity": 1, "h_index": 1, "h5_index": 0, "mag_id": "2232423175", "num_publications": 1, "num_citations": 4, "num_publications_5y": 1, "num_citations_5y": 4, "num_publications_10y": 1, "num_citations_10y": 4, "publications_years": {"2014": 1}, "citations_years": {"2016": 2, "2017": 2}, "old_citations": {"2014": 4}, "isVisible": false}, "2239482071": {"name": "r bharath", "type": "author", "activity": 6, "h_index": 4, "h5_index": 3, "mag_id": "2239482071", "num_publications": 1, "num_citations": 0, "num_publications_5y": 1, "num_citations_5y": 0, "num_publications_10y": 1, "num_citations_10y": 0, "publications_years": {"2014": 1}, "citations_years": {}, "old_citations": {"2014": 0}, "isVisible": false}, "2273721874": {"name": "mohammed imamul hassan bhuiyan", "type": "author", "activity": 19, "h_index": 14, "h5_index": 4, "mag_id": "2273721874", "num_publications": 1, "num_citations": 1, "num_publications_5y": 1, "num_citations_5y": 1, "num_publications_10y": 1, "num_citations_10y": 1, "publications_years": {"2014": 1}, "citations_years": {"2016": 1}, "old_citations": {"2014": 1}, "isVisible": false}, "2276670224": {"name": "mohd afzan othman", "type": "author", "activity": 11, "h_index": 2, "h5_index": 1, "mag_id": "2276670224", "num_publications": 1, "num_citations": 0, "num_publications_5y": 1, "num_citations_5y": 0, "num_publications_10y": 1, "num_citations_10y": 0, "publications_years": {"2014": 1}, "citations_years": {}, "old_citations": {"2014": 0}, "isVisible": false}, "2278806803": {"name": "thomas penzel", "type": "author", "activity": 28, "h_index": 11, "h5_index": 6, "mag_id": "2278806803", "num_publications": 1, "num_citations": 3, "num_publications_5y": 1, "num_citations_5y": 3, "num_publications_10y": 1, "num_citations_10y": 3, "publications_years": {"2014": 1}, "citations_years": {"2016": 2, "2017": 1}, "old_citations": {"2014": 3}, "isVisible": false}, "2279835831": {"name": "ramesh sahathevan", "type": "author", "activity": 7, "h_index": 1, "h5_index": 0, "mag_id": "2279835831", "num_publications": 1, "num_citations": 0, "num_publications_5y": 1, "num_citations_5y": 0, "num_publications_10y": 1, "num_citations_10y": 0, "publications_years": {"2014": 1}, "citations_years": {}, "old_citations": {"2014": 0}, "isVisible": false}, "2279840136": {"name": "fatima oulebsir boumghar", "type": "author", "activity": 21, "h_index": 3, "h5_index": 0, "mag_id": "2279840136", "num_publications": 1, "num_citations": 5, "num_publications_5y": 1, "num_citations_5y": 2, "num_publications_10y": 1, "num_citations_10y": 2, "publications_years": {"2014": 1}, "citations_years": {"2017": 2, "2018": 0, "2019": 2, "2020": 1}, "old_citations": {"2014": 5}, "isVisible": false}, "2298930974": {"name": "marcalexandre cote", "type": "author", "activity": 9, "h_index": 6, "h5_index": 6, "mag_id": "2298930974", "num_publications": 1, "num_citations": 5, "num_publications_5y": 1, "num_citations_5y": 2, "num_publications_10y": 1, "num_citations_10y": 2, "publications_years": {"2014": 1}, "citations_years": {"2017": 2, "2018": 0, "2019": 2, "2020": 1}, "old_citations": {"2014": 5}, "isVisible": false}, "2718466197": {"name": "amira chekir", "type": "author", "activity": 1, "h_index": 1, "h5_index": 0, "mag_id": "2718466197", "num_publications": 1, "num_citations": 5, "num_publications_5y": 1, "num_citations_5y": 2, "num_publications_10y": 1, "num_citations_10y": 2, "publications_years": {"2014": 1}, "citations_years": {"2017": 2, "2018": 0, "2019": 2, "2020": 1}, "old_citations": {"2014": 5}, "isVisible": false}, "2315497548": {"name": "saiful islam", "type": "author", "activity": 15, "h_index": 7, "h5_index": 4, "mag_id": "2315497548", "num_publications": 1, "num_citations": 4, "num_publications_5y": 1, "num_citations_5y": 3, "num_publications_10y": 1, "num_citations_10y": 3, "publications_years": {"2014": 1}, "citations_years": {"2015": 1, "2016": 0, "2017": 2, "2018": 0, "2019": 1}, "old_citations": {"2014": 4}, "isVisible": false}, "2787215688": {"name": "wahyu caesarendra", "type": "author", "activity": 11, "h_index": 5, "h5_index": 3, "mag_id": "2787215688", "num_publications": 1, "num_citations": 4, "num_publications_5y": 1, "num_citations_5y": 3, "num_publications_10y": 1, "num_citations_10y": 3, "publications_years": {"2014": 1}, "citations_years": {"2015": 2, "2016": 0, "2017": 0, "2018": 1, "2019": 0, "2020": 1}, "old_citations": {"2014": 4}, "isVisible": false}, "2425917475": {"name": "l p wijesinghe", "type": "author", "activity": 1, "h_index": 2, "h5_index": 0, "mag_id": "2425917475", "num_publications": 1, "num_citations": 3, "num_publications_5y": 1, "num_citations_5y": 2, "num_publications_10y": 1, "num_citations_10y": 2, "publications_years": {"2014": 1}, "citations_years": {"2015": 1, "2016": 0, "2017": 0, "2018": 1, "2019": 1}, "old_citations": {"2014": 3}, "isVisible": false}, "2615311964": {"name": "mohd harizal senik", "type": "author", "activity": 7, "h_index": 2, "h5_index": 1, "mag_id": "2615311964", "num_publications": 1, "num_citations": 3, "num_publications_5y": 1, "num_citations_5y": 2, "num_publications_10y": 1, "num_citations_10y": 2, "publications_years": {"2014": 1}, "citations_years": {"2016": 1, "2017": 0, "2018": 1, "2019": 0, "2020": 1}, "old_citations": {"2014": 3}, "isVisible": false}, "2615453940": {"name": "robert mason", "type": "author", "activity": 13, "h_index": 3, "h5_index": 2, "mag_id": "2615453940", "num_publications": 1, "num_citations": 3, "num_publications_5y": 1, "num_citations_5y": 2, "num_publications_10y": 1, "num_citations_10y": 2, "publications_years": {"2014": 1}, "citations_years": {"2016": 1, "2017": 0, "2018": 1, "2019": 0, "2020": 1}, "old_citations": {"2014": 3}, "isVisible": false}, "2321224385": {"name": "tong boon tang", "type": "author", "activity": 17, "h_index": 9, "h5_index": 5, "mag_id": "2321224385", "num_publications": 1, "num_citations": 2, "num_publications_5y": 1, "num_citations_5y": 2, "num_publications_10y": 1, "num_citations_10y": 2, "publications_years": {"2014": 1}, "citations_years": {"2018": 2}, "old_citations": {"2014": 2}, "isVisible": false}, "2497233148": {"name": "hassan elhofy", "type": "author", "activity": 7, "h_index": 2, "h5_index": 0, "mag_id": "2497233148", "num_publications": 1, "num_citations": 2, "num_publications_5y": 1, "num_citations_5y": 2, "num_publications_10y": 1, "num_citations_10y": 2, "publications_years": {"2014": 1}, "citations_years": {"2017": 1, "2018": 1}, "old_citations": {"2014": 2}, "isVisible": false}, "2616713040": {"name": "ali yeon md shakaff", "type": "author", "activity": 17, "h_index": 10, "h5_index": 2, "mag_id": "2616713040", "num_publications": 1, "num_citations": 2, "num_publications_5y": 1, "num_citations_5y": 2, "num_publications_10y": 1, "num_citations_10y": 2, "publications_years": {"2014": 1}, "citations_years": {"2016": 1, "2017": 0, "2018": 1}, "old_citations": {"2014": 2}, "isVisible": false}, "2704531037": {"name": "najwa amanina mohd hishamuddin", "type": "author", "activity": 1, "h_index": 1, "h5_index": 0, "mag_id": "2704531037", "num_publications": 1, "num_citations": 2, "num_publications_5y": 1, "num_citations_5y": 2, "num_publications_10y": 1, "num_citations_10y": 2, "publications_years": {"2014": 1}, "citations_years": {"2016": 1, "2017": 0, "2018": 1}, "old_citations": {"2014": 2}, "isVisible": false}, "2964055665": {"name": "jose bornot", "type": "author", "activity": 1, "h_index": 1, "h5_index": 0, "mag_id": "2964055665", "num_publications": 1, "num_citations": 2, "num_publications_5y": 1, "num_citations_5y": 2, "num_publications_10y": 1, "num_citations_10y": 2, "publications_years": {"2014": 1}, "citations_years": {"2018": 2}, "old_citations": {"2014": 2}, "isVisible": false}, "2310793416": {"name": "dyah ekashanti octorina dewi", "type": "author", "activity": 11, "h_index": 3, "h5_index": 1, "mag_id": "2310793416", "num_publications": 1, "num_citations": 1, "num_publications_5y": 1, "num_citations_5y": 1, "num_publications_10y": 1, "num_citations_10y": 1, "publications_years": {"2014": 1}, "citations_years": {"2017": 1}, "old_citations": {"2014": 1}, "isVisible": false}, "2481279927": {"name": "muhammad qurhanul rizqie", "type": "author", "activity": 1, "h_index": 1, "h5_index": 0, "mag_id": "2481279927", "num_publications": 1, "num_citations": 1, "num_publications_5y": 1, "num_citations_5y": 1, "num_publications_10y": 1, "num_citations_10y": 1, "publications_years": {"2014": 1}, "citations_years": {"2017": 1}, "old_citations": {"2014": 1}, "isVisible": false}, "2672831262": {"name": "sarat chandra das", "type": "author", "activity": 1, "h_index": 1, "h5_index": 0, "mag_id": "2672831262", "num_publications": 1, "num_citations": 1, "num_publications_5y": 1, "num_citations_5y": 1, "num_publications_10y": 1, "num_citations_10y": 1, "publications_years": {"2014": 1}, "citations_years": {"2015": 1}, "old_citations": {"2014": 1}, "isVisible": false}, "2723750812": {"name": "hong liang tey", "type": "author", "activity": 5, "h_index": 2, "h5_index": 2, "mag_id": "2723750812", "num_publications": 1, "num_citations": 1, "num_publications_5y": 1, "num_citations_5y": 1, "num_publications_10y": 1, "num_citations_10y": 1, "publications_years": {"2014": 1}, "citations_years": {"2015": 1}, "old_citations": {"2014": 1}, "isVisible": false}, "2801608108": {"name": "javed khan", "type": "author", "activity": 6, "h_index": 1, "h5_index": 0, "mag_id": "2801608108", "num_publications": 1, "num_citations": 1, "num_publications_5y": 1, "num_citations_5y": 1, "num_publications_10y": 1, "num_citations_10y": 1, "publications_years": {"2014": 1}, "citations_years": {"2015": 1}, "old_citations": {"2014": 1}, "isVisible": false}, "2917229363": {"name": "anindya bijoy das", "type": "author", "activity": 10, "h_index": 4, "h5_index": 2, "mag_id": "2917229363", "num_publications": 1, "num_citations": 1, "num_publications_5y": 1, "num_citations_5y": 1, "num_publications_10y": 1, "num_citations_10y": 1, "publications_years": {"2014": 1}, "citations_years": {"2016": 1}, "old_citations": {"2014": 1}, "isVisible": false}, "2923476648": {"name": "shozo komaki", "type": "author", "activity": 4, "h_index": 6, "h5_index": 2, "mag_id": "2923476648", "num_publications": 1, "num_citations": 1, "num_publications_5y": 1, "num_citations_5y": 1, "num_publications_10y": 1, "num_citations_10y": 1, "publications_years": {"2014": 1}, "citations_years": {"2015": 1}, "old_citations": {"2014": 1}, "isVisible": false}}, "countries": {"Malaysia": {"name": "Malaysia", "type": "country", "h5_index": 62, "num_publications": 23, "num_citations": 37, "num_publications_5y": 23, "num_citations_5y": 27, "num_publications_10y": 23, "num_citations_10y": 27, "publications_years": {"2014": 23}, "citations_years": {"2015": 8, "2016": 9, "2017": 5, "2018": 5, "2019": 9, "2020": 1}, "old_citations": {"2014": 37}, "isVisible": false}, "Australia": {"name": "Australia", "type": "country", "h5_index": 141, "num_publications": 3, "num_citations": 12, "num_publications_5y": 3, "num_citations_5y": 9, "num_publications_10y": 3, "num_citations_10y": 9, "publications_years": {"2014": 3}, "citations_years": {"2016": 3, "2017": 1, "2015": 3, "2018": 2, "2019": 0, "2020": 3}, "old_citations": {"2014": 12}, "isVisible": false}, "United States": {"name": "United States", "type": "country", "h5_index": 308, "num_publications": 3, "num_citations": 4, "num_publications_5y": 3, "num_citations_5y": 4, "num_publications_10y": 3, "num_citations_10y": 4, "publications_years": {"2014": 3}, "citations_years": {"2016": 2, "2017": 2}, "old_citations": {"2014": 4}, "isVisible": false}, "India": {"name": "India", "type": "country", "h5_index": 78, "num_publications": 2, "num_citations": 2, "num_publications_5y": 2, "num_citations_5y": 1, "num_publications_10y": 2, "num_citations_10y": 1, "publications_years": {"2014": 2}, "citations_years": {"2016": 1, "2017": 0, "2018": 0, "2019": 1}, "old_citations": {"2014": 2}, "isVisible": false}, "Singapore": {"name": "Singapore", "type": "country", "h5_index": 105, "num_publications": 2, "num_citations": 1, "num_publications_5y": 2, "num_citations_5y": 1, "num_publications_10y": 2, "num_citations_10y": 1, "publications_years": {"2014": 2}, "citations_years": {"2015": 1}, "old_citations": {"2014": 1}, "isVisible": false}, "Bangladesh": {"name": "Bangladesh", "type": "country", "h5_index": 25, "num_publications": 1, "num_citations": 1, "num_publications_5y": 1, "num_citations_5y": 1, "num_publications_10y": 1, "num_citations_10y": 1, "publications_years": {"2014": 1}, "citations_years": {"2016": 1}, "old_citations": {"2014": 1}, "isVisible": false}, "Canada": {"name": "Canada", "type": "country", "h5_index": 128, "num_publications": 1, "num_citations": 5, "num_publications_5y": 1, "num_citations_5y": 2, "num_publications_10y": 1, "num_citations_10y": 2, "publications_years": {"2014": 1}, "citations_years": {"2017": 2, "2018": 0, "2019": 2, "2020": 1}, "old_citations": {"2014": 5}, "isVisible": false}, "Egypt": {"name": "Egypt", "type": "country", "h5_index": 47, "num_publications": 1, "num_citations": 2, "num_publications_5y": 1, "num_citations_5y": 2, "num_publications_10y": 1, "num_citations_10y": 2, "publications_years": {"2014": 1}, "citations_years": {"2017": 1, "2018": 1}, "old_citations": {"2014": 2}, "isVisible": false}, "Germany": {"name": "Germany", "type": "country", "h5_index": 139, "num_publications": 1, "num_citations": 3, "num_publications_5y": 1, "num_citations_5y": 3, "num_publications_10y": 1, "num_citations_10y": 3, "publications_years": {"2014": 1}, "citations_years": {"2016": 2, "2017": 1}, "old_citations": {"2014": 3}, "isVisible": false}, "Indonesia": {"name": "Indonesia", "type": "country", "h5_index": 19, "num_publications": 1, "num_citations": 4, "num_publications_5y": 1, "num_citations_5y": 3, "num_publications_10y": 1, "num_citations_10y": 3, "publications_years": {"2014": 1}, "citations_years": {"2015": 2, "2016": 0, "2017": 0, "2018": 1, "2019": 0, "2020": 1}, "old_citations": {"2014": 4}, "isVisible": false}, "Iran": {"name": "Iran", "type": "country", "h5_index": 63, "num_publications": 1, "num_citations": 0, "num_publications_5y": 1, "num_citations_5y": 0, "num_publications_10y": 1, "num_citations_10y": 0, "publications_years": {"2014": 1}, "citations_years": {}, "old_citations": {"2014": 0}, "isVisible": false}, "Iraq": {"name": "Iraq", "type": "country", "h5_index": 23, "num_publications": 1, "num_citations": 0, "num_publications_5y": 1, "num_citations_5y": 0, "num_publications_10y": 1, "num_citations_10y": 0, "publications_years": {"2014": 1}, "citations_years": {}, "old_citations": {"2014": 0}, "isVisible": false}, "Japan": {"name": "Japan", "type": "country", "h5_index": 94, "num_publications": 1, "num_citations": 0, "num_publications_5y": 1, "num_citations_5y": 0, "num_publications_10y": 1, "num_citations_10y": 0, "publications_years": {"2014": 1}, "citations_years": {}, "old_citations": {"2014": 0}, "isVisible": false}, "Saudi Arabia": {"name": "Saudi Arabia", "type": "country", "h5_index": 72, "num_publications": 1, "num_citations": 4, "num_publications_5y": 1, "num_citations_5y": 3, "num_publications_10y": 1, "num_citations_10y": 3, "publications_years": {"2014": 1}, "citations_years": {"2015": 1, "2016": 0, "2017": 2, "2018": 0, "2019": 1}, "old_citations": {"2014": 4}, "isVisible": false}, "Sri Lanka": {"name": "Sri Lanka", "type": "country", "h5_index": 14, "num_publications": 1, "num_citations": 3, "num_publications_5y": 1, "num_citations_5y": 2, "num_publications_10y": 1, "num_citations_10y": 2, "publications_years": {"2014": 1}, "citations_years": {"2015": 1, "2016": 0, "2017": 0, "2018": 1, "2019": 1}, "old_citations": {"2014": 3}, "isVisible": false}, "Thailand": {"name": "Thailand", "type": "country", "h5_index": 24, "num_publications": 1, "num_citations": 1, "num_publications_5y": 1, "num_citations_5y": 1, "num_publications_10y": 1, "num_citations_10y": 1, "publications_years": {"2014": 1}, "citations_years": {"2017": 1}, "old_citations": {"2014": 1}, "isVisible": false}, "United Kingdom": {"name": "United Kingdom", "type": "country", "h5_index": 172, "num_publications": 1, "num_citations": 3, "num_publications_5y": 1, "num_citations_5y": 2, "num_publications_10y": 1, "num_citations_10y": 2, "publications_years": {"2014": 1}, "citations_years": {"2016": 1, "2017": 0, "2018": 1, "2019": 0, "2020": 1}, "old_citations": {"2014": 3}, "isVisible": false}}}, "conference_comparison": {"computer science": {}}, "topics_dna": {"publications": {}, "citations": {"normalized": {}, "average": {}}}, "info": {"num_publications": 37, "num_citations": 70.0, "impact_factor": {}, "publications_years": {"2014": 37}, "citations_years": {"2015": 14, "2016": 15, "2017": 11, "2018": 10, "2019": 14, "2020": 6}, "old_citations": {"2014": 70}, "h5_index": 0}, "percentile": {"computer science": {"2014": 61}}, "conference_ranking": {"computer science": {"2014": 1663}}, "academia": {"num_publications": 28, "num_citations": 60, "publications_years": {"2014": 28}, "old_citations": {"2014": 60}, "num_publications_5y": 0, "num_citations_5y": 0, "num_publications_10y": 28, "num_citations_10y": 60}, "industry": {"num_publications": 0, "num_citations": 0, "publications_years": {}, "old_citations": {}, "num_publications_5y": 0, "num_citations_5y": 0, "num_publications_10y": 0, "num_citations_10y": 0}, "collaborative": {"num_publications": 0, "num_citations": 0, "publications_years": {}, "old_citations": {}, "num_publications_5y": 0, "num_citations_5y": 0, "num_publications_10y": 0, "num_citations_10y": 0}, "conferences": {}, "journals": {}, "organizations": {"publication_overall": ["University of Technology Malaysia", "National University of Malaysia", "Universiti Malaysia Perlis", "Agency for Science, Technology and Research", "National Institutes of Health", "RMIT University", "Universiti Teknologi Petronas", "Assiut University", "Bangladesh University of Engineering and Technology", "Charit\u00e9", "Curtin University Sarawak", "Diponegoro University", "Egypt-Japan University of Science and Technology", "Hospital Kuala Lumpur", "Indian Institute of Technology Hyderabad", "Indian Institute of Technology Madras", "International Islamic University Malaysia", "Islamic Azad University, Tehran", "King Saud University", "Mahidol University", "National Skin Centre", "Ochanomizu University", "Osaka University", "Soran University", "Technical University of Malaysia Malacca", "Texas A&M University", "Tun Hussein Onn University of Malaysia", "Universiti Malaysia Sarawak", "Universiti Teknologi MARA", "Universiti Tunku Abdul Rahman", "University of Malaya", "University of Moratuwa", "University of Nottingham", "University of Wollongong", "University of York", "Universit\u00e9 de Sherbrooke"], "citation_overall": ["Technical University of Malaysia Malacca", "National University of Malaysia", "RMIT University", "Universit\u00e9 de Sherbrooke", "Diponegoro University", "King Saud University", "Universiti Malaysia Perlis", "University of Wollongong", "Charit\u00e9", "Curtin University Sarawak", "Texas A&M University", "Universiti Malaysia Sarawak", "Universiti Teknologi MARA", "Universiti Teknologi Petronas", "University of Moratuwa", "University of Nottingham", "University of York", "Assiut University", "Egypt-Japan University of Science and Technology", "Indian Institute of Technology Madras", "University of Technology Malaysia", "Agency for Science, Technology and Research", "Bangladesh University of Engineering and Technology", "Hospital Kuala Lumpur", "International Islamic University Malaysia", "Mahidol University", "National Institutes of Health", "National Skin Centre", "Tun Hussein Onn University of Malaysia", "Universiti Tunku Abdul Rahman", "Indian Institute of Technology Hyderabad", "Islamic Azad University, Tehran", "Ochanomizu University", "Osaka University", "Soran University", "University of Malaya"], "publication_10_years": ["University of Technology Malaysia", "National University of Malaysia", "Universiti Malaysia Perlis", "Agency for Science, Technology and Research", "National Institutes of Health", "RMIT University", "Universiti Teknologi Petronas", "Assiut University", "Bangladesh University of Engineering and Technology", "Charit\u00e9", "Curtin University Sarawak", "Diponegoro University", "Egypt-Japan University of Science and Technology", "Hospital Kuala Lumpur", "Indian Institute of Technology Hyderabad", "Indian Institute of Technology Madras", "International Islamic University Malaysia", "Islamic Azad University, Tehran", "King Saud University", "Mahidol University", "National Skin Centre", "Ochanomizu University", "Osaka University", "Soran University", "Technical University of Malaysia Malacca", "Texas A&M University", "Tun Hussein Onn University of Malaysia", "Universiti Malaysia Sarawak", "Universiti Teknologi MARA", "Universiti Tunku Abdul Rahman", "University of Malaya", "University of Moratuwa", "University of Nottingham", "University of Wollongong", "University of York", "Universit\u00e9 de Sherbrooke"], "citation_10_years": ["Technical University of Malaysia Malacca", "National University of Malaysia", "RMIT University", "Universit\u00e9 de Sherbrooke", "Diponegoro University", "King Saud University", "Universiti Malaysia Perlis", "University of Wollongong", "Charit\u00e9", "Curtin University Sarawak", "Texas A&M University", "Universiti Malaysia Sarawak", "Universiti Teknologi MARA", "Universiti Teknologi Petronas", "University of Moratuwa", "University of Nottingham", "University of York", "Assiut University", "Egypt-Japan University of Science and Technology", "Indian Institute of Technology Madras", "University of Technology Malaysia", "Agency for Science, Technology and Research", "Bangladesh University of Engineering and Technology", "Hospital Kuala Lumpur", "International Islamic University Malaysia", "Mahidol University", "National Institutes of Health", "National Skin Centre", "Tun Hussein Onn University of Malaysia", "Universiti Tunku Abdul Rahman", "Indian Institute of Technology Hyderabad", "Islamic Azad University, Tehran", "Ochanomizu University", "Osaka University", "Soran University", "University of Malaya"], "publication_5_years": [], "citation_5_years": []}, "countries": {"publication_overall": ["Malaysia", "Australia", "United States", "India", "Singapore", "Bangladesh", "Canada", "Egypt", "Germany", "Indonesia", "Iran", "Iraq", "Japan", "Saudi Arabia", "Sri Lanka", "Thailand", "United Kingdom"], "citation_overall": ["Malaysia", "Australia", "Canada", "Indonesia", "Saudi Arabia", "United States", "Germany", "Sri Lanka", "United Kingdom", "Egypt", "India", "Bangladesh", "Singapore", "Thailand", "Iran", "Iraq", "Japan"], "publication_10_years": ["Malaysia", "Australia", "United States", "India", "Singapore", "Bangladesh", "Canada", "Egypt", "Germany", "Indonesia", "Iran", "Iraq", "Japan", "Saudi Arabia", "Sri Lanka", "Thailand", "United Kingdom"], "citation_10_years": ["Malaysia", "Australia", "Canada", "Indonesia", "Saudi Arabia", "United States", "Germany", "Sri Lanka", "United Kingdom", "Egypt", "India", "Bangladesh", "Singapore", "Thailand", "Iran", "Iraq", "Japan"], "publication_5_years": [], "citation_5_years": []}, "topics": {"publication_overall": ["computer science", "computer imaging and vision", "image processing", "computer systems", "artificial intelligence", "engineering", "computer networks", "image analysis", "mathematics", "signal processing", "machine learning", "image reconstruction", "computer hardware", "pattern recognition", "communication systems", "imaging systems", "telecommunication systems", "wireless telecommunication systems", "image quality", "image segmentation"], "citation_overall": ["computer science", "computer systems", "computer imaging and vision", "image processing", "engineering", "signal processing", "artificial intelligence", "mathematics", "computer networks", "machine learning", "pattern recognition", "communication systems", "telecommunication systems", "wireless telecommunication systems", "image analysis", "computer hardware", "classification methods", "communication channels (information theory)", "signal to noise ratio", "wavelet transforms"], "publication_10_years": ["computer science", "computer imaging and vision", "image processing", "computer systems", "artificial intelligence", "engineering", "computer networks", "image analysis", "mathematics", "signal processing", "machine learning", "image reconstruction", "computer hardware", "pattern recognition", "communication systems", "imaging systems", "telecommunication systems", "wireless telecommunication systems", "image quality", "image segmentation"], "citation_10_years": ["computer science", "computer systems", "computer imaging and vision", "image processing", "engineering", "signal processing", "artificial intelligence", "mathematics", "computer networks", "machine learning", "pattern recognition", "communication systems", "telecommunication systems", "wireless telecommunication systems", "image analysis", "computer hardware", "classification methods", "communication channels (information theory)", "signal to noise ratio", "wavelet transforms"], "publication_5_years": [], "citation_5_years": []}, "main_topics": ["computer science"], "authors": {"publication_overall": ["2009583704", "2024133299", "2038698122", "2099217936", "2102597909", "2103798582", "2141741215", "2427394029", "2669937692", "119476720", "134283057", "138548067", "206029660", "301446548", "342412512", "355185090", "476794377", "1539144412", "1904998129", "1925866290", "1981808095", "1998174842", "2000265839", "2005248411", "2008839795", "2020968369", "2025048669", "2026116171", "2028736467", "2049241367", "2071662502", "2079086071", "2081416699", "2083499651", "2088986270", "2093613503", "2095272313", "2098723869", "2104826469", "2104952493", "2105892304", "2106432712", "2110327199", "2111304482", "2112147744", "2115489812", "2117326409", "2119152155", "2120557631", "2121345246", "2122113786", "2125352415", "2125788979", "2128666699", "2130614818", "2134093992", "2137797017", "2149302249", "2152374758", "2153768255", "2153908396", "2154553732", "2157357784", "2158469718", "2159292161", "2159521916", "2167911164", "2170648329", "2199338733", "2222288746", "2222577914", "2222865621", "2223505065", "2223784567", "2224122260", "2224171682", "2224253115", "2225942022", "2226265615", "2226603470", "2226932013", "2227730848", "2227828411", "2228660863", "2230414849", "2230972636", "2231019309", "2231119857", "2231123923", "2231175664", "2231451152", "2231992785", "2232423175", "2239482071", "2273721874", "2276670224", "2278806803", "2279835831", "2279840136", "2298930974"], "citation_overall": ["2153768255", "2222865621", "2099217936", "138548067", "301446548", "342412512", "2157357784", "2279840136", "2298930974", "2718466197", "119476720", "206029660", "2005248411", "2038698122", "2093613503", "2105892304", "2115489812", "2154553732", "2159521916", "2226603470", "2232423175", "2315497548", "2787215688", "1539144412", "1904998129", "1925866290", "1998174842", "2081416699", "2102597909", "2110327199", "2112147744", "2122113786", "2222288746", "2227828411", "2231123923", "2231175664", "2231451152", "2278806803", "2425917475", "2615311964", "2615453940", "2020968369", "2083499651", "2106432712", "2149302249", "2152374758", "2159292161", "2167911164", "2222577914", "2224171682", "2224253115", "2226265615", "2231019309", "2231119857", "2321224385", "2497233148", "2616713040", "2704531037", "2964055665", "134283057", "2000265839", "2008839795", "2009583704", "2024133299", "2049241367", "2088986270", "2095272313", "2103798582", "2104826469", "2104952493", "2111304482", "2120557631", "2125788979", "2128666699", "2134093992", "2141741215", "2170648329", "2223505065", "2223784567", "2224122260", "2225942022", "2228660863", "2230972636", "2231992785", "2273721874", "2310793416", "2427394029", "2481279927", "2669937692", "2672831262", "2723750812", "2801608108", "2917229363", "2923476648", "355185090", "476794377", "1981808095", "2025048669", "2026116171", "2028736467"], "publication_10_years": ["2009583704", "2024133299", "2038698122", "2099217936", "2102597909", "2103798582", "2141741215", "2427394029", "2669937692", "119476720", "134283057", "138548067", "206029660", "301446548", "342412512", "355185090", "476794377", "1539144412", "1904998129", "1925866290", "1981808095", "1998174842", "2000265839", "2005248411", "2008839795", "2020968369", "2025048669", "2026116171", "2028736467", "2049241367", "2071662502", "2079086071", "2081416699", "2083499651", "2088986270", "2093613503", "2095272313", "2098723869", "2104826469", "2104952493", "2105892304", "2106432712", "2110327199", "2111304482", "2112147744", "2115489812", "2117326409", "2119152155", "2120557631", "2121345246", "2122113786", "2125352415", "2125788979", "2128666699", "2130614818", "2134093992", "2137797017", "2149302249", "2152374758", "2153768255", "2153908396", "2154553732", "2157357784", "2158469718", "2159292161", "2159521916", "2167911164", "2170648329", "2199338733", "2222288746", "2222577914", "2222865621", "2223505065", "2223784567", "2224122260", "2224171682", "2224253115", "2225942022", "2226265615", "2226603470", "2226932013", "2227730848", "2227828411", "2228660863", "2230414849", "2230972636", "2231019309", "2231119857", "2231123923", "2231175664", "2231451152", "2231992785", "2232423175", "2239482071", "2273721874", "2276670224", "2278806803", "2279835831", "2279840136", "2298930974"], "citation_10_years": ["2153768255", "2222865621", "2099217936", "138548067", "301446548", "342412512", "2157357784", "2279840136", "2298930974", "2718466197", "119476720", "206029660", "2005248411", "2038698122", "2093613503", "2105892304", "2115489812", "2154553732", "2159521916", "2226603470", "2232423175", "2315497548", "2787215688", "1539144412", "1904998129", "1925866290", "1998174842", "2081416699", "2102597909", "2110327199", "2112147744", "2122113786", "2222288746", "2227828411", "2231123923", "2231175664", "2231451152", "2278806803", "2425917475", "2615311964", "2615453940", "2020968369", "2083499651", "2106432712", "2149302249", "2152374758", "2159292161", "2167911164", "2222577914", "2224171682", "2224253115", "2226265615", "2231019309", "2231119857", "2321224385", "2497233148", "2616713040", "2704531037", "2964055665", "134283057", "2000265839", "2008839795", "2009583704", "2024133299", "2049241367", "2088986270", "2095272313", "2103798582", "2104826469", "2104952493", "2111304482", "2120557631", "2125788979", "2128666699", "2134093992", "2141741215", "2170648329", "2223505065", "2223784567", "2224122260", "2225942022", "2228660863", "2230972636", "2231992785", "2273721874", "2310793416", "2427394029", "2481279927", "2669937692", "2672831262", "2723750812", "2801608108", "2917229363", "2923476648", "355185090", "476794377", "1981808095", "2025048669", "2026116171", "2028736467"], "publication_5_years": [], "citation_5_years": []}, "industrial_sectors": {"publication_overall": [], "citation_overall": [], "publication_10_years": [], "citation_10_years": [], "publication_5_years": [], "citation_5_years": []}}