{"name": "IEEE Workshop on Fault-Tolerant Parallel and Distributed Systems", "acronym": "FTPDS", "type": "conference", "uniqueEntities": {"organizations": {"IBM (United States)": {"name": "IBM (United States)", "type": "organization", "organization_type": "Company", "h_index": 421, "h5_index": 72, "num_publications": 2, "num_citations": 16, "num_publications_5y": 0, "num_citations_5y": 1, "num_publications_10y": 0, "num_citations_10y": 3, "publications_years": {"1994": 2}, "citations_years": {"1998": 2, "1999": 1, "2000": 0, "2001": 2, "2002": 1, "2003": 4, "2004": 1, "2005": 1, "2006": 0, "2007": 1, "2008": 0, "2009": 1, "2010": 1, "2011": 0, "2012": 0, "2013": 0, "2014": 0, "2015": 1}, "old_citations": {"1994": 16}, "isVisible": false}, "Texas A&M University": {"name": "Texas A&M University", "type": "organization", "organization_type": "Education", "h_index": 161, "h5_index": 40, "num_publications": 2, "num_citations": 5, "num_publications_5y": 0, "num_citations_5y": 0, "num_publications_10y": 0, "num_citations_10y": 1, "publications_years": {"1994": 2}, "citations_years": {"1996": 1, "1997": 0, "1998": 0, "1999": 0, "2000": 0, "2001": 0, "2002": 0, "2003": 1, "2004": 0, "2005": 1, "2006": 0, "2007": 0, "2008": 0, "2009": 0, "2010": 1, "2011": 0, "2012": 0, "2013": 0, "2014": 0, "2015": 0, "2016": 0, "2017": 0, "2018": 0, "2019": 1}, "old_citations": {"1994": 5}, "isVisible": false}, "University of Illinois at Urbana Champaign": {"name": "University of Illinois at Urbana Champaign", "type": "organization", "organization_type": "Education", "h_index": 325, "h5_index": 70, "num_publications": 2, "num_citations": 8, "num_publications_5y": 0, "num_citations_5y": 0, "num_publications_10y": 0, "num_citations_10y": 0, "publications_years": {"1994": 2}, "citations_years": {"1997": 1, "1998": 0, "1999": 1, "2000": 0, "2001": 1, "2002": 3, "2003": 1, "2004": 0, "2005": 0, "2006": 0, "2007": 0, "2008": 1}, "old_citations": {"1994": 8}, "isVisible": false}, "Florida Atlantic University": {"name": "Florida Atlantic University", "type": "organization", "organization_type": "Education", "h_index": 105, "h5_index": 24, "num_publications": 1, "num_citations": 0, "num_publications_5y": 0, "num_citations_5y": 0, "num_publications_10y": 0, "num_citations_10y": 0, "publications_years": {"1994": 1}, "citations_years": {}, "old_citations": {"1994": 0}, "isVisible": false}, "Georgia Institute of Technology": {"name": "Georgia Institute of Technology", "type": "organization", "organization_type": "Education", "h_index": 280, "h5_index": 72, "num_publications": 1, "num_citations": 2, "num_publications_5y": 0, "num_citations_5y": 0, "num_publications_10y": 0, "num_citations_10y": 0, "publications_years": {"1994": 1}, "citations_years": {"1996": 1, "1997": 0, "1998": 0, "1999": 0, "2000": 0, "2001": 1}, "old_citations": {"1994": 2}, "isVisible": false}, "Hewlett-Packard (United States)": {"name": "Hewlett-Packard (United States)", "type": "organization", "organization_type": "Company", "h_index": 241, "h5_index": 32, "num_publications": 1, "num_citations": 8, "num_publications_5y": 0, "num_citations_5y": 2, "num_publications_10y": 0, "num_citations_10y": 4, "publications_years": {"1994": 1}, "citations_years": {"1997": 1, "1998": 0, "1999": 0, "2000": 0, "2001": 0, "2002": 1, "2003": 0, "2004": 0, "2005": 0, "2006": 0, "2007": 1, "2008": 1, "2009": 0, "2010": 1, "2011": 1, "2012": 0, "2013": 0, "2014": 1, "2015": 1}, "old_citations": {"1994": 8}, "isVisible": false}, "Iwate University": {"name": "Iwate University", "type": "organization", "organization_type": "Education", "h_index": 22, "h5_index": 4, "num_publications": 1, "num_citations": 1, "num_publications_5y": 0, "num_citations_5y": 0, "num_publications_10y": 0, "num_citations_10y": 0, "publications_years": {"1994": 1}, "citations_years": {"1997": 1}, "old_citations": {"1994": 1}, "isVisible": false}, "Osaka University": {"name": "Osaka University", "type": "organization", "organization_type": "Education", "h_index": 100, "h5_index": 31, "num_publications": 1, "num_citations": 0, "num_publications_5y": 0, "num_citations_5y": 0, "num_publications_10y": 0, "num_citations_10y": 0, "publications_years": {"1994": 1}, "citations_years": {}, "old_citations": {"1994": 0}, "isVisible": false}, "Santa Clara University": {"name": "Santa Clara University", "type": "organization", "organization_type": "Education", "h_index": 45, "h5_index": 17, "num_publications": 1, "num_citations": 7, "num_publications_5y": 0, "num_citations_5y": 0, "num_publications_10y": 0, "num_citations_10y": 1, "publications_years": {"1994": 1}, "citations_years": {"1998": 2, "1999": 1, "2000": 0, "2001": 0, "2002": 2, "2003": 1, "2004": 0, "2005": 0, "2006": 0, "2007": 0, "2008": 0, "2009": 0, "2010": 1}, "old_citations": {"1994": 7}, "isVisible": false}, "Stanford University": {"name": "Stanford University", "type": "organization", "organization_type": "Education", "h_index": 472, "h5_index": 120, "num_publications": 1, "num_citations": 9, "num_publications_5y": 0, "num_citations_5y": 0, "num_publications_10y": 0, "num_citations_10y": 0, "publications_years": {"1994": 1}, "citations_years": {"1995": 1, "1996": 0, "1997": 1, "1998": 1, "1999": 0, "2000": 0, "2001": 0, "2002": 1, "2003": 2, "2004": 0, "2005": 1, "2006": 0, "2007": 0, "2008": 1, "2009": 0, "2010": 0, "2011": 0, "2012": 0, "2013": 0, "2014": 0, "2015": 0, "2016": 0, "2017": 0, "2018": 0, "2019": 1}, "old_citations": {"1994": 9}, "isVisible": false}, "Technion \u2013 Israel Institute of Technology": {"name": "Technion \u2013 Israel Institute of Technology", "type": "organization", "organization_type": "Education", "h_index": 195, "h5_index": 42, "num_publications": 1, "num_citations": 1, "num_publications_5y": 0, "num_citations_5y": 0, "num_publications_10y": 0, "num_citations_10y": 0, "publications_years": {"1994": 1}, "citations_years": {"1997": 1}, "old_citations": {"1994": 1}, "isVisible": false}, "Universities UK": {"name": "Universities UK", "type": "organization", "organization_type": "Nonprofit", "h_index": 38, "h5_index": 2, "num_publications": 1, "num_citations": 24, "num_publications_5y": 0, "num_citations_5y": 0, "num_publications_10y": 0, "num_citations_10y": 4, "publications_years": {"1994": 1}, "citations_years": {"1995": 2, "1996": 2, "1997": 2, "1998": 0, "1999": 2, "2000": 6, "2001": 0, "2002": 2, "2003": 1, "2004": 1, "2005": 1, "2006": 0, "2007": 1, "2008": 0, "2009": 2, "2010": 1, "2011": 0, "2012": 0, "2013": 1}, "old_citations": {"1994": 24}, "isVisible": false}, "University of California, Irvine": {"name": "University of California, Irvine", "type": "organization", "organization_type": "Education", "h_index": 214, "h5_index": 50, "num_publications": 1, "num_citations": 8, "num_publications_5y": 0, "num_citations_5y": 0, "num_publications_10y": 0, "num_citations_10y": 0, "publications_years": {"1994": 1}, "citations_years": {"1998": 1, "1999": 0, "2000": 0, "2001": 2, "2002": 2, "2003": 0, "2004": 0, "2005": 2, "2006": 0, "2007": 0, "2008": 1}, "old_citations": {"1994": 8}, "isVisible": false}, "University of Crete": {"name": "University of Crete", "type": "organization", "organization_type": "Education", "h_index": 67, "h5_index": 18, "num_publications": 1, "num_citations": 0, "num_publications_5y": 0, "num_citations_5y": 0, "num_publications_10y": 0, "num_citations_10y": 0, "publications_years": {"1994": 1}, "citations_years": {}, "old_citations": {"1994": 0}, "isVisible": false}, "University of Pittsburgh": {"name": "University of Pittsburgh", "type": "organization", "organization_type": "Education", "h_index": 174, "h5_index": 40, "num_publications": 1, "num_citations": 1, "num_publications_5y": 0, "num_citations_5y": 0, "num_publications_10y": 0, "num_citations_10y": 0, "publications_years": {"1994": 1}, "citations_years": {"1996": 1}, "old_citations": {"1994": 1}, "isVisible": false}, "University of Stuttgart": {"name": "University of Stuttgart", "type": "organization", "organization_type": "Education", "h_index": 113, "h5_index": 32, "num_publications": 1, "num_citations": 2, "num_publications_5y": 0, "num_citations_5y": 0, "num_publications_10y": 0, "num_citations_10y": 0, "publications_years": {"1994": 1}, "citations_years": {"1995": 1, "1996": 0, "1997": 0, "1998": 0, "1999": 0, "2000": 0, "2001": 0, "2002": 0, "2003": 0, "2004": 0, "2005": 0, "2006": 0, "2007": 0, "2008": 1}, "old_citations": {"1994": 2}, "isVisible": false}, "University of Wisconsin\u2013Madison": {"name": "University of Wisconsin\u2013Madison", "type": "organization", "organization_type": "Education", "h_index": 261, "h5_index": 43, "num_publications": 1, "num_citations": 0, "num_publications_5y": 0, "num_citations_5y": 0, "num_publications_10y": 0, "num_citations_10y": 0, "publications_years": {"1994": 1}, "citations_years": {}, "old_citations": {"1994": 0}, "isVisible": false}, "Utah State University": {"name": "Utah State University", "type": "organization", "organization_type": "Education", "h_index": 77, "h5_index": 25, "num_publications": 1, "num_citations": 3, "num_publications_5y": 0, "num_citations_5y": 0, "num_publications_10y": 0, "num_citations_10y": 1, "publications_years": {"1994": 1}, "citations_years": {"1996": 1, "1997": 0, "1998": 0, "1999": 0, "2000": 0, "2001": 0, "2002": 0, "2003": 0, "2004": 0, "2005": 1, "2006": 0, "2007": 0, "2008": 0, "2009": 0, "2010": 0, "2011": 0, "2012": 1}, "old_citations": {"1994": 3}, "isVisible": false}}, "topics": {"computer science": {"name": "computer science", "type": "topic", "h_index": 1779, "h5_index": 416, "num_publications": 30, "num_citations": 133, "num_publications_5y": 0, "num_citations_5y": 5, "num_publications_10y": 0, "num_citations_10y": 20, "publications_years": {"1994": 29, "2003": 1}, "citations_years": {"1997": 11, "1999": 9, "2000": 8, "2001": 10, "2002": 12, "2003": 10, "2004": 4, "2005": 9, "2006": 2, "1995": 4, "1996": 9, "1998": 12, "2007": 4, "2008": 6, "2009": 4, "2010": 5, "2011": 1, "2012": 2, "2013": 3, "2014": 1, "2015": 3, "2016": 0, "2017": 1, "2018": 0, "2019": 2, "1994": 1}, "old_citations": {"1994": 133, "2003": 0}, "isVisible": false}, "computer systems": {"name": "computer systems", "type": "topic", "h_index": 1595, "h5_index": 367, "num_publications": 29, "num_citations": 133, "num_publications_5y": 0, "num_citations_5y": 5, "num_publications_10y": 0, "num_citations_10y": 20, "publications_years": {"1994": 28, "2003": 1}, "citations_years": {"1997": 11, "1999": 9, "2000": 8, "2001": 10, "2002": 12, "2003": 10, "2004": 4, "2005": 9, "2006": 2, "1995": 4, "1996": 9, "1998": 12, "2007": 4, "2008": 6, "2009": 4, "2010": 5, "2011": 1, "2012": 2, "2013": 3, "2014": 1, "2015": 3, "2016": 0, "2017": 1, "2018": 0, "2019": 2, "1994": 1}, "old_citations": {"1994": 133, "2003": 0}, "isVisible": false}, "distributed computer systems": {"name": "distributed computer systems", "type": "topic", "h_index": 985, "h5_index": 228, "num_publications": 29, "num_citations": 133, "num_publications_5y": 0, "num_citations_5y": 5, "num_publications_10y": 0, "num_citations_10y": 20, "publications_years": {"1994": 28, "2003": 1}, "citations_years": {"1997": 11, "1999": 9, "2000": 8, "2001": 10, "2002": 12, "2003": 10, "2004": 4, "2005": 9, "2006": 2, "1995": 4, "1996": 9, "1998": 12, "2007": 4, "2008": 6, "2009": 4, "2010": 5, "2011": 1, "2012": 2, "2013": 3, "2014": 1, "2015": 3, "2016": 0, "2017": 1, "2018": 0, "2019": 2, "1994": 1}, "old_citations": {"1994": 133, "2003": 0}, "isVisible": false}, "computer networks": {"name": "computer networks", "type": "topic", "h_index": 1262, "h5_index": 332, "num_publications": 28, "num_citations": 132, "num_publications_5y": 0, "num_citations_5y": 5, "num_publications_10y": 0, "num_citations_10y": 20, "publications_years": {"1994": 27, "2003": 1}, "citations_years": {"1997": 11, "1999": 9, "2000": 8, "2001": 9, "2002": 12, "2003": 10, "2004": 4, "2005": 9, "2006": 2, "1995": 4, "1996": 9, "1998": 12, "2007": 4, "2008": 6, "2009": 4, "2010": 5, "2011": 1, "2012": 2, "2013": 3, "2014": 1, "2015": 3, "2016": 0, "2017": 1, "2018": 0, "2019": 2, "1994": 1}, "old_citations": {"1994": 132, "2003": 0}, "isVisible": false}, "distributed systems": {"name": "distributed systems", "type": "topic", "h_index": 859, "h5_index": 209, "num_publications": 23, "num_citations": 87, "num_publications_5y": 0, "num_citations_5y": 5, "num_publications_10y": 0, "num_citations_10y": 15, "publications_years": {"1994": 23}, "citations_years": {"1997": 7, "1996": 6, "1998": 11, "1999": 5, "2000": 1, "2001": 10, "2002": 6, "2003": 6, "2004": 3, "2005": 6, "2006": 1, "2007": 3, "2008": 4, "2009": 2, "2010": 4, "2011": 1, "2012": 1, "2013": 2, "2014": 1, "2015": 3, "2016": 0, "2017": 1, "2018": 0, "2019": 1, "1994": 1, "1995": 1}, "old_citations": {"1994": 87}, "isVisible": false}, "fault tolerant computer systems": {"name": "fault tolerant computer systems", "type": "topic", "h_index": 371, "h5_index": 76, "num_publications": 22, "num_citations": 116, "num_publications_5y": 0, "num_citations_5y": 4, "num_publications_10y": 0, "num_citations_10y": 19, "publications_years": {"1994": 22}, "citations_years": {"1997": 10, "1999": 9, "2000": 7, "2001": 6, "2002": 12, "2003": 10, "2004": 3, "2005": 7, "2006": 1, "1995": 4, "1996": 8, "1998": 9, "2007": 4, "2008": 6, "2009": 4, "2010": 5, "2011": 1, "2012": 2, "2013": 3, "2014": 1, "2015": 3, "2016": 0, "2017": 0, "2018": 0, "2019": 1}, "old_citations": {"1994": 116}, "isVisible": false}, "computer hardware": {"name": "computer hardware", "type": "topic", "h_index": 1150, "h5_index": 279, "num_publications": 21, "num_citations": 65, "num_publications_5y": 0, "num_citations_5y": 3, "num_publications_10y": 0, "num_citations_10y": 7, "publications_years": {"1994": 21}, "citations_years": {"1997": 6, "1999": 4, "2000": 2, "2001": 7, "2002": 8, "2003": 3, "2004": 1, "2005": 5, "2006": 2, "1996": 5, "1998": 7, "2007": 1, "2008": 4, "2009": 0, "2010": 3, "2011": 1, "2012": 0, "2013": 0, "2014": 1, "2015": 1, "2016": 0, "2017": 1, "2018": 0, "2019": 1, "1994": 1, "1995": 1}, "old_citations": {"1994": 65}, "isVisible": false}, "parallel processing systems": {"name": "parallel processing systems", "type": "topic", "h_index": 845, "h5_index": 208, "num_publications": 19, "num_citations": 50, "num_publications_5y": 0, "num_citations_5y": 3, "num_publications_10y": 0, "num_citations_10y": 8, "publications_years": {"1994": 19}, "citations_years": {"1997": 5, "1996": 5, "1998": 7, "1999": 3, "2000": 1, "2001": 5, "2002": 3, "2003": 2, "2004": 1, "2005": 3, "2006": 1, "2007": 1, "2008": 2, "2009": 1, "2010": 3, "2011": 1, "2012": 0, "2013": 0, "2014": 1, "2015": 1, "2016": 0, "2017": 1, "2018": 0, "2019": 1, "1994": 1, "1995": 1}, "old_citations": {"1994": 50}, "isVisible": false}, "software design": {"name": "software design", "type": "topic", "h_index": 907, "h5_index": 227, "num_publications": 19, "num_citations": 113, "num_publications_5y": 0, "num_citations_5y": 4, "num_publications_10y": 0, "num_citations_10y": 19, "publications_years": {"1994": 19}, "citations_years": {"1999": 8, "2000": 7, "2001": 6, "2002": 12, "2003": 10, "2004": 3, "2005": 7, "2006": 1, "1995": 4, "1996": 7, "1997": 9, "1998": 9, "2007": 4, "2008": 6, "2009": 4, "2010": 5, "2011": 1, "2012": 2, "2013": 3, "2014": 1, "2015": 3, "2016": 0, "2017": 0, "2018": 0, "2019": 1}, "old_citations": {"1994": 113}, "isVisible": false}, "software engineering": {"name": "software engineering", "type": "topic", "h_index": 964, "h5_index": 236, "num_publications": 19, "num_citations": 113, "num_publications_5y": 0, "num_citations_5y": 4, "num_publications_10y": 0, "num_citations_10y": 19, "publications_years": {"1994": 19}, "citations_years": {"1999": 8, "2000": 7, "2001": 6, "2002": 12, "2003": 10, "2004": 3, "2005": 7, "2006": 1, "1995": 4, "1996": 7, "1997": 9, "1998": 9, "2007": 4, "2008": 6, "2009": 4, "2010": 5, "2011": 1, "2012": 2, "2013": 3, "2014": 1, "2015": 3, "2016": 0, "2017": 0, "2018": 0, "2019": 1}, "old_citations": {"1994": 113}, "isVisible": false}, "fault tolerance": {"name": "fault tolerance", "type": "topic", "h_index": 291, "h5_index": 60, "num_publications": 18, "num_citations": 113, "num_publications_5y": 0, "num_citations_5y": 4, "num_publications_10y": 0, "num_citations_10y": 19, "publications_years": {"1994": 18}, "citations_years": {"1999": 8, "2000": 7, "2001": 6, "2002": 12, "2003": 10, "2004": 3, "2005": 7, "2006": 1, "1995": 4, "1996": 7, "1997": 9, "1998": 9, "2007": 4, "2008": 6, "2009": 4, "2010": 5, "2011": 1, "2012": 2, "2013": 3, "2014": 1, "2015": 3, "2016": 0, "2017": 0, "2018": 0, "2019": 1}, "old_citations": {"1994": 113}, "isVisible": false}, "microprocessor chips": {"name": "microprocessor chips", "type": "topic", "h_index": 744, "h5_index": 175, "num_publications": 18, "num_citations": 58, "num_publications_5y": 0, "num_citations_5y": 3, "num_publications_10y": 0, "num_citations_10y": 7, "publications_years": {"1994": 18}, "citations_years": {"1997": 5, "1999": 3, "2000": 2, "2001": 7, "2002": 5, "2003": 2, "2004": 1, "2005": 5, "2006": 2, "1996": 5, "1998": 7, "2007": 1, "2008": 3, "2009": 0, "2010": 3, "2011": 1, "2012": 0, "2013": 0, "2014": 1, "2015": 1, "2016": 0, "2017": 1, "2018": 0, "2019": 1, "1994": 1, "1995": 1}, "old_citations": {"1994": 58}, "isVisible": false}, "software quality": {"name": "software quality", "type": "topic", "h_index": 534, "h5_index": 122, "num_publications": 18, "num_citations": 113, "num_publications_5y": 0, "num_citations_5y": 4, "num_publications_10y": 0, "num_citations_10y": 19, "publications_years": {"1994": 18}, "citations_years": {"1999": 8, "2000": 7, "2001": 6, "2002": 12, "2003": 10, "2004": 3, "2005": 7, "2006": 1, "1995": 4, "1996": 7, "1997": 9, "1998": 9, "2007": 4, "2008": 6, "2009": 4, "2010": 5, "2011": 1, "2012": 2, "2013": 3, "2014": 1, "2015": 3, "2016": 0, "2017": 0, "2018": 0, "2019": 1}, "old_citations": {"1994": 113}, "isVisible": false}, "embedded systems": {"name": "embedded systems", "type": "topic", "h_index": 799, "h5_index": 168, "num_publications": 16, "num_citations": 58, "num_publications_5y": 0, "num_citations_5y": 2, "num_publications_10y": 0, "num_citations_10y": 7, "publications_years": {"1994": 16}, "citations_years": {"1999": 4, "2000": 2, "2001": 7, "2002": 4, "2003": 2, "2004": 2, "2005": 5, "2006": 2, "1996": 5, "1997": 5, "1998": 8, "2007": 1, "2008": 2, "2009": 0, "2010": 2, "2011": 0, "2012": 1, "2013": 2, "2014": 0, "2015": 1, "2016": 0, "2017": 1, "2018": 0, "2019": 1, "1994": 1, "1995": 0}, "old_citations": {"1994": 58}, "isVisible": false}, "telecommunication systems": {"name": "telecommunication systems", "type": "topic", "h_index": 1187, "h5_index": 277, "num_publications": 16, "num_citations": 76, "num_publications_5y": 0, "num_citations_5y": 4, "num_publications_10y": 0, "num_citations_10y": 11, "publications_years": {"1994": 16}, "citations_years": {"1997": 7, "1996": 3, "1998": 10, "1999": 5, "2000": 1, "2001": 5, "2002": 8, "2003": 9, "2004": 2, "2005": 5, "2006": 1, "2007": 2, "2008": 3, "2009": 2, "2010": 4, "2011": 1, "2012": 0, "2013": 0, "2014": 1, "2015": 2, "2016": 0, "2017": 1, "2018": 0, "2019": 2, "1995": 1, "1994": 1}, "old_citations": {"1994": 76}, "isVisible": false}, "program processors": {"name": "program processors", "type": "topic", "h_index": 613, "h5_index": 151, "num_publications": 15, "num_citations": 44, "num_publications_5y": 0, "num_citations_5y": 3, "num_publications_10y": 0, "num_citations_10y": 6, "publications_years": {"1994": 15}, "citations_years": {"1997": 5, "1996": 5, "1998": 6, "1999": 2, "2000": 1, "2001": 5, "2002": 3, "2003": 1, "2004": 1, "2005": 2, "2006": 1, "2007": 1, "2008": 2, "2009": 0, "2010": 2, "2011": 1, "2012": 0, "2013": 0, "2014": 1, "2015": 1, "2016": 0, "2017": 1, "2018": 0, "2019": 1, "1994": 1, "1995": 1}, "old_citations": {"1994": 44}, "isVisible": false}, "engineering": {"name": "engineering", "type": "topic", "h_index": 1177, "h5_index": 287, "num_publications": 13, "num_citations": 50, "num_publications_5y": 0, "num_citations_5y": 1, "num_publications_10y": 0, "num_citations_10y": 7, "publications_years": {"1994": 13}, "citations_years": {"1999": 3, "2000": 1, "2001": 4, "2002": 5, "2003": 4, "2004": 1, "2005": 5, "2006": 1, "1997": 4, "1995": 1, "1996": 4, "1998": 5, "2007": 1, "2008": 3, "2009": 0, "2010": 2, "2011": 0, "2012": 2, "2013": 2, "2014": 0, "2015": 1, "2016": 0, "2017": 0, "2018": 0, "2019": 1}, "old_citations": {"1994": 50}, "isVisible": false}, "multi core": {"name": "multi core", "type": "topic", "h_index": 425, "h5_index": 85, "num_publications": 13, "num_citations": 34, "num_publications_5y": 0, "num_citations_5y": 1, "num_publications_10y": 0, "num_citations_10y": 2, "publications_years": {"1994": 13}, "citations_years": {"1997": 4, "1996": 4, "1998": 6, "1999": 2, "2000": 1, "2001": 4, "2002": 2, "2003": 1, "2004": 1, "2005": 2, "2006": 1, "2007": 0, "2008": 1, "2009": 0, "2010": 1, "2011": 0, "2012": 0, "2013": 0, "2014": 0, "2015": 0, "2016": 0, "2017": 1, "2018": 0, "2019": 1, "1994": 1, "1995": 1}, "old_citations": {"1994": 34}, "isVisible": false}, "telecommunication networks": {"name": "telecommunication networks", "type": "topic", "h_index": 1116, "h5_index": 258, "num_publications": 13, "num_citations": 64, "num_publications_5y": 0, "num_citations_5y": 4, "num_publications_10y": 0, "num_citations_10y": 11, "publications_years": {"1994": 13}, "citations_years": {"1997": 5, "1996": 2, "1998": 9, "1999": 4, "2000": 1, "2001": 5, "2002": 7, "2003": 7, "2004": 2, "2005": 4, "2006": 1, "2007": 2, "2008": 2, "2009": 2, "2010": 4, "2011": 1, "2012": 0, "2013": 0, "2014": 1, "2015": 2, "2016": 0, "2017": 1, "2018": 0, "2019": 1, "1994": 1, "1995": 0}, "old_citations": {"1994": 64}, "isVisible": false}, "bandwidth": {"name": "bandwidth", "type": "topic", "h_index": 922, "h5_index": 201, "num_publications": 12, "num_citations": 54, "num_publications_5y": 0, "num_citations_5y": 3, "num_publications_10y": 0, "num_citations_10y": 7, "publications_years": {"1994": 12}, "citations_years": {"1997": 5, "1996": 2, "1998": 9, "1999": 1, "2000": 1, "2001": 5, "2002": 6, "2003": 3, "2004": 1, "2005": 5, "2006": 1, "2007": 1, "2008": 3, "2009": 1, "2010": 2, "2011": 1, "2012": 0, "2013": 0, "2014": 1, "2015": 1, "2016": 0, "2017": 1, "2018": 0, "2019": 2, "1995": 1, "1994": 1}, "old_citations": {"1994": 54}, "isVisible": false}, "data communication systems": {"name": "data communication systems", "type": "topic", "h_index": 1013, "h5_index": 234, "num_publications": 11, "num_citations": 47, "num_publications_5y": 0, "num_citations_5y": 2, "num_publications_10y": 0, "num_citations_10y": 6, "publications_years": {"1994": 11}, "citations_years": {"1997": 4, "1996": 1, "1998": 6, "1999": 2, "2000": 0, "2001": 2, "2002": 9, "2003": 4, "2004": 0, "2005": 4, "2006": 0, "2007": 1, "2008": 4, "2009": 1, "2010": 2, "2011": 1, "2012": 0, "2013": 0, "2014": 1, "2015": 1, "2016": 0, "2017": 0, "2018": 0, "2019": 2, "1995": 1, "1994": 1}, "old_citations": {"1994": 47}, "isVisible": false}, "software": {"name": "software", "type": "topic", "h_index": 902, "h5_index": 167, "num_publications": 7, "num_citations": 46, "num_publications_5y": 0, "num_citations_5y": 0, "num_publications_10y": 0, "num_citations_10y": 4, "publications_years": {"1994": 7}, "citations_years": {"1999": 4, "2000": 7, "2001": 2, "2002": 7, "2003": 2, "2004": 1, "2005": 3, "2006": 1, "1995": 2, "1996": 3, "1997": 5, "1998": 2, "2007": 1, "2008": 2, "2009": 2, "2010": 1, "2011": 0, "2012": 0, "2013": 1}, "old_citations": {"1994": 46}, "isVisible": false}}, "authors": {"2617264732": {"name": "w k fuchs", "type": "author", "activity": 14, "h_index": 29, "h5_index": 0, "mag_id": "2617264732", "num_publications": 2, "num_citations": 8, "num_publications_5y": 0, "num_citations_5y": 0, "num_publications_10y": 0, "num_citations_10y": 0, "publications_years": {"1994": 2}, "citations_years": {"1997": 1, "1998": 0, "1999": 1, "2000": 0, "2001": 1, "2002": 3, "2003": 1, "2004": 0, "2005": 0, "2006": 0, "2007": 0, "2008": 1}, "old_citations": {"1994": 8}, "isVisible": false}, "7677107": {"name": "erik maehle", "type": "author", "activity": 30, "h_index": 12, "h5_index": 3, "mag_id": "7677107", "num_publications": 1, "num_citations": 2, "num_publications_5y": 0, "num_citations_5y": 0, "num_publications_10y": 0, "num_citations_10y": 1, "publications_years": {"1994": 1}, "citations_years": {"1998": 1, "1999": 0, "2000": 0, "2001": 0, "2002": 0, "2003": 0, "2004": 0, "2005": 0, "2006": 0, "2007": 0, "2008": 0, "2009": 1}, "old_citations": {"1994": 2}, "isVisible": false}, "73978092": {"name": "tohru kikuno", "type": "author", "activity": 26, "h_index": 21, "h5_index": 0, "mag_id": "73978092", "num_publications": 1, "num_citations": 0, "num_publications_5y": 0, "num_citations_5y": 0, "num_publications_10y": 0, "num_citations_10y": 0, "publications_years": {"1994": 1}, "citations_years": {}, "old_citations": {"1994": 0}, "isVisible": false}, "153931680": {"name": "hakan lennerstad", "type": "author", "activity": 26, "h_index": 7, "h5_index": 0, "mag_id": "153931680", "num_publications": 1, "num_citations": 0, "num_publications_5y": 0, "num_citations_5y": 0, "num_publications_10y": 0, "num_citations_10y": 0, "publications_years": {"2003": 1}, "citations_years": {}, "old_citations": {"2003": 0}, "isVisible": false}, "349443823": {"name": "michele colajanni", "type": "author", "activity": 30, "h_index": 27, "h5_index": 6, "mag_id": "349443823", "num_publications": 1, "num_citations": 4, "num_publications_5y": 0, "num_citations_5y": 0, "num_publications_10y": 0, "num_citations_10y": 0, "publications_years": {"1994": 1}, "citations_years": {"1996": 1, "1997": 2, "1998": 1}, "old_citations": {"1994": 4}, "isVisible": false}, "409588908": {"name": "cmf rubiracalsavara", "type": "author", "activity": 7, "h_index": 2, "h5_index": 0, "mag_id": "409588908", "num_publications": 1, "num_citations": 24, "num_publications_5y": 0, "num_citations_5y": 0, "num_publications_10y": 0, "num_citations_10y": 4, "publications_years": {"1994": 1}, "citations_years": {"1995": 2, "1996": 2, "1997": 2, "1998": 0, "1999": 2, "2000": 6, "2001": 0, "2002": 2, "2003": 1, "2004": 1, "2005": 1, "2006": 0, "2007": 1, "2008": 0, "2009": 2, "2010": 1, "2011": 0, "2012": 0, "2013": 1}, "old_citations": {"1994": 24}, "isVisible": false}, "1183556006": {"name": "wenmei w hwu", "type": "author", "activity": 31, "h_index": 55, "h5_index": 11, "mag_id": "1183556006", "num_publications": 1, "num_citations": 1, "num_publications_5y": 0, "num_citations_5y": 0, "num_publications_10y": 0, "num_citations_10y": 0, "publications_years": {"1994": 1}, "citations_years": {"2001": 1}, "old_citations": {"1994": 1}, "isVisible": false}, "1224323949": {"name": "dirk h hohndel", "type": "author", "activity": 2, "h_index": 1, "h5_index": 0, "mag_id": "1224323949", "num_publications": 1, "num_citations": 2, "num_publications_5y": 0, "num_citations_5y": 0, "num_publications_10y": 0, "num_citations_10y": 0, "publications_years": {"1994": 1}, "citations_years": {"1996": 1, "1997": 0, "1998": 0, "1999": 1}, "old_citations": {"1994": 2}, "isVisible": false}, "1800344280": {"name": "kamilla klonowska", "type": "author", "activity": 4, "h_index": 4, "h5_index": 0, "mag_id": "1800344280", "num_publications": 1, "num_citations": 0, "num_publications_5y": 0, "num_citations_5y": 0, "num_publications_10y": 0, "num_citations_10y": 0, "publications_years": {"2003": 1}, "citations_years": {}, "old_citations": {"2003": 0}, "isVisible": false}, "2015341686": {"name": "o zimmerman", "type": "author", "activity": 1, "h_index": 1, "h5_index": 0, "mag_id": "2015341686", "num_publications": 1, "num_citations": 1, "num_publications_5y": 0, "num_citations_5y": 0, "num_publications_10y": 0, "num_citations_10y": 0, "publications_years": {"1994": 1}, "citations_years": {"1997": 1}, "old_citations": {"1994": 1}, "isVisible": false}, "2029293694": {"name": "b randell", "type": "author", "activity": 30, "h_index": 23, "h5_index": 2, "mag_id": "2029293694", "num_publications": 1, "num_citations": 24, "num_publications_5y": 0, "num_citations_5y": 0, "num_publications_10y": 0, "num_citations_10y": 4, "publications_years": {"1994": 1}, "citations_years": {"1995": 2, "1996": 2, "1997": 2, "1998": 0, "1999": 2, "2000": 6, "2001": 0, "2002": 2, "2003": 1, "2004": 1, "2005": 1, "2006": 0, "2007": 1, "2008": 0, "2009": 2, "2010": 1, "2011": 0, "2012": 0, "2013": 1}, "old_citations": {"1994": 24}, "isVisible": false}, "2073659410": {"name": "m kanthanathan", "type": "author", "activity": 4, "h_index": 2, "h5_index": 0, "mag_id": "2073659410", "num_publications": 1, "num_citations": 16, "num_publications_5y": 0, "num_citations_5y": 1, "num_publications_10y": 0, "num_citations_10y": 3, "publications_years": {"1994": 1}, "citations_years": {"1998": 2, "1999": 1, "2000": 0, "2001": 2, "2002": 1, "2003": 4, "2004": 1, "2005": 1, "2006": 0, "2007": 1, "2008": 0, "2009": 1, "2010": 1, "2011": 0, "2012": 0, "2013": 0, "2014": 0, "2015": 1}, "old_citations": {"1994": 16}, "isVisible": false}, "2076797653": {"name": "rami melhem", "type": "author", "activity": 31, "h_index": 46, "h5_index": 9, "mag_id": "2076797653", "num_publications": 1, "num_citations": 1, "num_publications_5y": 0, "num_citations_5y": 0, "num_publications_10y": 0, "num_citations_10y": 0, "publications_years": {"1994": 1}, "citations_years": {"1996": 1}, "old_citations": {"1994": 1}, "isVisible": false}, "2081893783": {"name": "yoshiaki kakuda", "type": "author", "activity": 30, "h_index": 14, "h5_index": 2, "mag_id": "2081893783", "num_publications": 1, "num_citations": 0, "num_publications_5y": 0, "num_citations_5y": 0, "num_publications_10y": 0, "num_citations_10y": 0, "publications_years": {"1994": 1}, "citations_years": {}, "old_citations": {"1994": 0}, "isVisible": false}, "2097985012": {"name": "d k pradhan", "type": "author", "activity": 31, "h_index": 32, "h5_index": 2, "mag_id": "2097985012", "num_publications": 1, "num_citations": 8, "num_publications_5y": 0, "num_citations_5y": 2, "num_publications_10y": 0, "num_citations_10y": 4, "publications_years": {"1994": 1}, "citations_years": {"1997": 1, "1998": 0, "1999": 0, "2000": 0, "2001": 0, "2002": 1, "2003": 0, "2004": 0, "2005": 0, "2006": 0, "2007": 1, "2008": 1, "2009": 0, "2010": 1, "2011": 1, "2012": 0, "2013": 0, "2014": 1, "2015": 1}, "old_citations": {"1994": 8}, "isVisible": false}, "2100138252": {"name": "shengtzong cheng", "type": "author", "activity": 29, "h_index": 13, "h5_index": 2, "mag_id": "2100138252", "num_publications": 1, "num_citations": 3, "num_publications_5y": 0, "num_citations_5y": 0, "num_publications_10y": 0, "num_citations_10y": 0, "publications_years": {"1994": 1}, "citations_years": {"1999": 1, "2000": 1, "2001": 0, "2002": 0, "2003": 0, "2004": 0, "2005": 0, "2006": 1}, "old_citations": {"1994": 3}, "isVisible": false}, "2101367683": {"name": "sajal k das", "type": "author", "activity": 31, "h_index": 72, "h5_index": 16, "mag_id": "2101367683", "num_publications": 1, "num_citations": 2, "num_publications_5y": 0, "num_citations_5y": 0, "num_publications_10y": 0, "num_citations_10y": 0, "publications_years": {"1994": 1}, "citations_years": {"1996": 1, "1997": 0, "1998": 0, "1999": 1}, "old_citations": {"1994": 2}, "isVisible": false}, "2104865906": {"name": "rajiv gupta", "type": "author", "activity": 30, "h_index": 50, "h5_index": 6, "mag_id": "2104865906", "num_publications": 1, "num_citations": 1, "num_publications_5y": 0, "num_citations_5y": 0, "num_publications_10y": 0, "num_citations_10y": 0, "publications_years": {"1994": 1}, "citations_years": {"1996": 1}, "old_citations": {"1994": 1}, "isVisible": false}, "2118693514": {"name": "satish k tripathi", "type": "author", "activity": 16, "h_index": 26, "h5_index": 0, "mag_id": "2118693514", "num_publications": 1, "num_citations": 3, "num_publications_5y": 0, "num_citations_5y": 0, "num_publications_10y": 0, "num_citations_10y": 0, "publications_years": {"1994": 1}, "citations_years": {"1999": 1, "2000": 1, "2001": 0, "2002": 0, "2003": 0, "2004": 0, "2005": 0, "2006": 1}, "old_citations": {"1994": 3}, "isVisible": false}, "2120394101": {"name": "n suri", "type": "author", "activity": 1, "h_index": 1, "h5_index": 0, "mag_id": "2120394101", "num_publications": 1, "num_citations": 1, "num_publications_5y": 0, "num_citations_5y": 0, "num_publications_10y": 0, "num_citations_10y": 0, "publications_years": {"1994": 1}, "citations_years": {"1997": 1}, "old_citations": {"1994": 1}, "isVisible": false}, "2121420925": {"name": "chiamei chen", "type": "author", "activity": 26, "h_index": 10, "h5_index": 1, "mag_id": "2121420925", "num_publications": 1, "num_citations": 3, "num_publications_5y": 0, "num_citations_5y": 0, "num_publications_10y": 0, "num_citations_10y": 0, "publications_years": {"1994": 1}, "citations_years": {"1999": 1, "2000": 1, "2001": 0, "2002": 0, "2003": 0, "2004": 0, "2005": 0, "2006": 1}, "old_citations": {"1994": 3}, "isVisible": false}, "2137802269": {"name": "yimin wang", "type": "author", "activity": 24, "h_index": 46, "h5_index": 0, "mag_id": "2137802269", "num_publications": 1, "num_citations": 7, "num_publications_5y": 0, "num_citations_5y": 0, "num_publications_10y": 0, "num_citations_10y": 0, "publications_years": {"1994": 1}, "citations_years": {"1997": 1, "1998": 0, "1999": 1, "2000": 0, "2001": 0, "2002": 3, "2003": 1, "2004": 0, "2005": 0, "2006": 0, "2007": 0, "2008": 1}, "old_citations": {"1994": 7}, "isVisible": false}, "2156909159": {"name": "israel koren", "type": "author", "activity": 30, "h_index": 29, "h5_index": 5, "mag_id": "2156909159", "num_publications": 1, "num_citations": 10, "num_publications_5y": 0, "num_citations_5y": 1, "num_publications_10y": 0, "num_citations_10y": 1, "publications_years": {"1994": 1}, "citations_years": {"1998": 2, "1999": 0, "2000": 1, "2001": 3, "2002": 0, "2003": 0, "2004": 1, "2005": 1, "2006": 1, "2007": 0, "2008": 0, "2009": 0, "2010": 0, "2011": 0, "2012": 0, "2013": 0, "2014": 0, "2015": 0, "2016": 0, "2017": 1}, "old_citations": {"1994": 10}, "isVisible": false}, "2159739428": {"name": "chun gong", "type": "author", "activity": 5, "h_index": 3, "h5_index": 0, "mag_id": "2159739428", "num_publications": 1, "num_citations": 1, "num_publications_5y": 0, "num_citations_5y": 0, "num_publications_10y": 0, "num_citations_10y": 0, "publications_years": {"1994": 1}, "citations_years": {"1996": 1}, "old_citations": {"1994": 1}, "isVisible": false}, "2161144543": {"name": "lars lundberg", "type": "author", "activity": 30, "h_index": 17, "h5_index": 3, "mag_id": "2161144543", "num_publications": 1, "num_citations": 0, "num_publications_5y": 0, "num_citations_5y": 0, "num_publications_10y": 0, "num_citations_10y": 0, "publications_years": {"2003": 1}, "citations_years": {}, "old_citations": {"2003": 0}, "isVisible": false}, "2223031141": {"name": "jyhcharn liu", "type": "author", "activity": 29, "h_index": 13, "h5_index": 2, "mag_id": "2223031141", "num_publications": 1, "num_citations": 2, "num_publications_5y": 0, "num_citations_5y": 0, "num_publications_10y": 0, "num_citations_10y": 0, "publications_years": {"1994": 1}, "citations_years": {"1996": 1, "1997": 0, "1998": 0, "1999": 0, "2000": 0, "2001": 0, "2002": 0, "2003": 0, "2004": 0, "2005": 0, "2006": 0, "2007": 0, "2008": 0, "2009": 0, "2010": 0, "2011": 0, "2012": 0, "2013": 0, "2014": 0, "2015": 0, "2016": 0, "2017": 0, "2018": 0, "2019": 1}, "old_citations": {"1994": 2}, "isVisible": false}, "2231184093": {"name": "r kosuru", "type": "author", "activity": 1, "h_index": 0, "h5_index": 0, "mag_id": "2231184093", "num_publications": 1, "num_citations": 0, "num_publications_5y": 0, "num_citations_5y": 0, "num_publications_10y": 0, "num_citations_10y": 0, "publications_years": {"1994": 1}, "citations_years": {}, "old_citations": {"1994": 0}, "isVisible": false}, "2231871188": {"name": "m m de azevedo", "type": "author", "activity": 3, "h_index": 2, "h5_index": 0, "mag_id": "2231871188", "num_publications": 1, "num_citations": 8, "num_publications_5y": 0, "num_citations_5y": 0, "num_publications_10y": 0, "num_citations_10y": 0, "publications_years": {"1994": 1}, "citations_years": {"1998": 1, "1999": 0, "2000": 0, "2001": 2, "2002": 2, "2003": 0, "2004": 0, "2005": 2, "2006": 0, "2007": 0, "2008": 1}, "old_citations": {"1994": 8}, "isVisible": false}, "2258346231": {"name": "debendra das sharma", "type": "author", "activity": 23, "h_index": 15, "h5_index": 1, "mag_id": "2258346231", "num_publications": 1, "num_citations": 8, "num_publications_5y": 0, "num_citations_5y": 2, "num_publications_10y": 0, "num_citations_10y": 4, "publications_years": {"1994": 1}, "citations_years": {"1997": 1, "1998": 0, "1999": 0, "2000": 0, "2001": 0, "2002": 1, "2003": 0, "2004": 0, "2005": 0, "2006": 0, "2007": 1, "2008": 1, "2009": 0, "2010": 1, "2011": 1, "2012": 0, "2013": 0, "2014": 1, "2015": 1}, "old_citations": {"1994": 8}, "isVisible": false}, "2307312074": {"name": "shyhkwei chen", "type": "author", "activity": 11, "h_index": 6, "h5_index": 0, "mag_id": "2307312074", "num_publications": 1, "num_citations": 1, "num_publications_5y": 0, "num_citations_5y": 0, "num_publications_10y": 0, "num_citations_10y": 0, "publications_years": {"1994": 1}, "citations_years": {"2001": 1}, "old_citations": {"1994": 1}, "isVisible": false}, "2308300023": {"name": "arun chandra", "type": "author", "activity": 5, "h_index": 4, "h5_index": 0, "mag_id": "2308300023", "num_publications": 1, "num_citations": 16, "num_publications_5y": 0, "num_citations_5y": 1, "num_publications_10y": 0, "num_citations_10y": 3, "publications_years": {"1994": 1}, "citations_years": {"1998": 2, "1999": 1, "2000": 0, "2001": 2, "2002": 1, "2003": 4, "2004": 1, "2005": 1, "2006": 0, "2007": 1, "2008": 0, "2009": 1, "2010": 1, "2011": 0, "2012": 0, "2013": 0, "2014": 0, "2015": 1}, "old_citations": {"1994": 16}, "isVisible": false}, "2345576053": {"name": "yilong chen", "type": "author", "activity": 4, "h_index": 2, "h5_index": 0, "mag_id": "2345576053", "num_publications": 1, "num_citations": 2, "num_publications_5y": 0, "num_citations_5y": 0, "num_publications_10y": 0, "num_citations_10y": 0, "publications_years": {"1994": 1}, "citations_years": {"1996": 1, "1997": 0, "1998": 0, "1999": 0, "2000": 0, "2001": 0, "2002": 0, "2003": 0, "2004": 0, "2005": 0, "2006": 0, "2007": 0, "2008": 0, "2009": 0, "2010": 0, "2011": 0, "2012": 0, "2013": 0, "2014": 0, "2015": 0, "2016": 0, "2017": 0, "2018": 0, "2019": 1}, "old_citations": {"1994": 2}, "isVisible": false}, "2373111296": {"name": "s vlaovic", "type": "author", "activity": 1, "h_index": 1, "h5_index": 0, "mag_id": "2373111296", "num_publications": 1, "num_citations": 7, "num_publications_5y": 0, "num_citations_5y": 0, "num_publications_10y": 0, "num_citations_10y": 1, "publications_years": {"1994": 1}, "citations_years": {"1998": 2, "1999": 1, "2000": 0, "2001": 0, "2002": 2, "2003": 1, "2004": 0, "2005": 0, "2006": 0, "2007": 0, "2008": 0, "2009": 0, "2010": 1}, "old_citations": {"1994": 7}, "isVisible": false}, "2562979580": {"name": "t sugasawa", "type": "author", "activity": 1, "h_index": 0, "h5_index": 0, "mag_id": "2562979580", "num_publications": 1, "num_citations": 0, "num_publications_5y": 0, "num_citations_5y": 0, "num_publications_10y": 0, "num_citations_10y": 0, "publications_years": {"1994": 1}, "citations_years": {}, "old_citations": {"1994": 0}, "isVisible": false}, "2573076035": {"name": "k kurata", "type": "author", "activity": 1, "h_index": 1, "h5_index": 0, "mag_id": "2573076035", "num_publications": 1, "num_citations": 1, "num_publications_5y": 0, "num_citations_5y": 0, "num_publications_10y": 0, "num_citations_10y": 0, "publications_years": {"1994": 1}, "citations_years": {"1997": 1}, "old_citations": {"1994": 1}, "isVisible": false}, "2573265720": {"name": "s r ahuja", "type": "author", "activity": 1, "h_index": 0, "h5_index": 0, "mag_id": "2573265720", "num_publications": 1, "num_citations": 0, "num_publications_5y": 0, "num_citations_5y": 0, "num_publications_10y": 0, "num_citations_10y": 0, "publications_years": {"1994": 1}, "citations_years": {}, "old_citations": {"1994": 0}, "isVisible": false}, "2578705075": {"name": "r k hansen", "type": "author", "activity": 1, "h_index": 1, "h5_index": 0, "mag_id": "2578705075", "num_publications": 1, "num_citations": 3, "num_publications_5y": 0, "num_citations_5y": 0, "num_publications_10y": 0, "num_citations_10y": 1, "publications_years": {"1994": 1}, "citations_years": {"1996": 1, "1997": 0, "1998": 0, "1999": 0, "2000": 0, "2001": 0, "2002": 0, "2003": 0, "2004": 0, "2005": 1, "2006": 0, "2007": 0, "2008": 0, "2009": 0, "2010": 0, "2011": 0, "2012": 1}, "old_citations": {"1994": 3}, "isVisible": false}, "2579592106": {"name": "d p cox", "type": "author", "activity": 1, "h_index": 1, "h5_index": 0, "mag_id": "2579592106", "num_publications": 1, "num_citations": 16, "num_publications_5y": 0, "num_citations_5y": 1, "num_publications_10y": 0, "num_citations_10y": 3, "publications_years": {"1994": 1}, "citations_years": {"1998": 2, "1999": 1, "2000": 0, "2001": 2, "2002": 1, "2003": 4, "2004": 1, "2005": 1, "2006": 0, "2007": 1, "2008": 0, "2009": 1, "2010": 1, "2011": 0, "2012": 0, "2013": 0, "2014": 0, "2015": 1}, "old_citations": {"1994": 16}, "isVisible": false}, "2653447867": {"name": "s h hosseini", "type": "author", "activity": 1, "h_index": 0, "h5_index": 0, "mag_id": "2653447867", "num_publications": 1, "num_citations": 0, "num_publications_5y": 0, "num_citations_5y": 0, "num_publications_10y": 0, "num_citations_10y": 0, "publications_years": {"1994": 1}, "citations_years": {}, "old_citations": {"1994": 0}, "isVisible": false}, "2654650239": {"name": "n bauch", "type": "author", "activity": 1, "h_index": 1, "h5_index": 0, "mag_id": "2654650239", "num_publications": 1, "num_citations": 2, "num_publications_5y": 0, "num_citations_5y": 0, "num_publications_10y": 0, "num_citations_10y": 1, "publications_years": {"1994": 1}, "citations_years": {"1998": 1, "1999": 0, "2000": 0, "2001": 0, "2002": 0, "2003": 0, "2004": 0, "2005": 0, "2006": 0, "2007": 0, "2008": 0, "2009": 1}, "old_citations": {"1994": 2}, "isVisible": false}, "2655037183": {"name": "g ahrens", "type": "author", "activity": 6, "h_index": 2, "h5_index": 0, "mag_id": "2655037183", "num_publications": 1, "num_citations": 16, "num_publications_5y": 0, "num_citations_5y": 1, "num_publications_10y": 0, "num_citations_10y": 3, "publications_years": {"1994": 1}, "citations_years": {"1998": 2, "1999": 1, "2000": 0, "2001": 2, "2002": 1, "2003": 4, "2004": 1, "2005": 1, "2006": 0, "2007": 1, "2008": 0, "2009": 1, "2010": 1, "2011": 0, "2012": 0, "2013": 0, "2014": 0, "2015": 1}, "old_citations": {"1994": 16}, "isVisible": false}, "2655352039": {"name": "a mendelson", "type": "author", "activity": 1, "h_index": 1, "h5_index": 0, "mag_id": "2655352039", "num_publications": 1, "num_citations": 1, "num_publications_5y": 0, "num_citations_5y": 0, "num_publications_10y": 0, "num_citations_10y": 0, "publications_years": {"1994": 1}, "citations_years": {"1997": 1}, "old_citations": {"1994": 1}, "isVisible": false}, "2657243159": {"name": "kai yu", "type": "author", "activity": 1, "h_index": 1, "h5_index": 0, "mag_id": "2657243159", "num_publications": 1, "num_citations": 10, "num_publications_5y": 0, "num_citations_5y": 1, "num_publications_10y": 0, "num_citations_10y": 1, "publications_years": {"1994": 1}, "citations_years": {"1998": 2, "1999": 0, "2000": 1, "2001": 3, "2002": 0, "2003": 0, "2004": 1, "2005": 1, "2006": 1, "2007": 0, "2008": 0, "2009": 0, "2010": 0, "2011": 0, "2012": 0, "2013": 0, "2014": 0, "2015": 0, "2016": 0, "2017": 1}, "old_citations": {"1994": 10}, "isVisible": false}, "2678651682": {"name": "i takanami", "type": "author", "activity": 1, "h_index": 1, "h5_index": 0, "mag_id": "2678651682", "num_publications": 1, "num_citations": 1, "num_publications_5y": 0, "num_citations_5y": 0, "num_publications_10y": 0, "num_citations_10y": 0, "publications_years": {"1994": 1}, "citations_years": {"1997": 1}, "old_citations": {"1994": 1}, "isVisible": false}, "2678961127": {"name": "jie wu", "type": "author", "activity": 1, "h_index": 0, "h5_index": 0, "mag_id": "2678961127", "num_publications": 1, "num_citations": 0, "num_publications_5y": 0, "num_citations_5y": 0, "num_publications_10y": 0, "num_citations_10y": 0, "publications_years": {"1994": 1}, "citations_years": {}, "old_citations": {"1994": 0}, "isVisible": false}, "2695072839": {"name": "qiang li", "type": "author", "activity": 1, "h_index": 1, "h5_index": 0, "mag_id": "2695072839", "num_publications": 1, "num_citations": 7, "num_publications_5y": 0, "num_citations_5y": 0, "num_publications_10y": 0, "num_citations_10y": 1, "publications_years": {"1994": 1}, "citations_years": {"1998": 2, "1999": 1, "2000": 0, "2001": 0, "2002": 2, "2003": 1, "2004": 0, "2005": 0, "2006": 0, "2007": 0, "2008": 0, "2009": 0, "2010": 1}, "old_citations": {"1994": 7}, "isVisible": false}, "2704657217": {"name": "d m blough", "type": "author", "activity": 1, "h_index": 1, "h5_index": 0, "mag_id": "2704657217", "num_publications": 1, "num_citations": 8, "num_publications_5y": 0, "num_citations_5y": 0, "num_publications_10y": 0, "num_citations_10y": 0, "publications_years": {"1994": 1}, "citations_years": {"1998": 1, "1999": 0, "2000": 0, "2001": 2, "2002": 2, "2003": 0, "2004": 0, "2005": 2, "2006": 0, "2007": 0, "2008": 1}, "old_citations": {"1994": 8}, "isVisible": false}, "2718411817": {"name": "j xu", "type": "author", "activity": 11, "h_index": 13, "h5_index": 0, "mag_id": "2718411817", "num_publications": 1, "num_citations": 24, "num_publications_5y": 0, "num_citations_5y": 0, "num_publications_10y": 0, "num_citations_10y": 4, "publications_years": {"1994": 1}, "citations_years": {"1995": 2, "1996": 2, "1997": 2, "1998": 0, "1999": 2, "2000": 6, "2001": 0, "2002": 2, "2003": 1, "2004": 1, "2005": 1, "2006": 0, "2007": 1, "2008": 0, "2009": 2, "2010": 1, "2011": 0, "2012": 0, "2013": 1}, "old_citations": {"1994": 24}, "isVisible": false}, "2923897438": {"name": "r j stroud", "type": "author", "activity": 2, "h_index": 2, "h5_index": 0, "mag_id": "2923897438", "num_publications": 1, "num_citations": 24, "num_publications_5y": 0, "num_citations_5y": 0, "num_publications_10y": 0, "num_citations_10y": 4, "publications_years": {"1994": 1}, "citations_years": {"1995": 2, "1996": 2, "1997": 2, "1998": 0, "1999": 2, "2000": 6, "2001": 0, "2002": 2, "2003": 1, "2004": 1, "2005": 1, "2006": 0, "2007": 1, "2008": 0, "2009": 2, "2010": 1, "2011": 0, "2012": 0, "2013": 1}, "old_citations": {"1994": 24}, "isVisible": false}, "2940553627": {"name": "v grassi", "type": "author", "activity": 5, "h_index": 1, "h5_index": 0, "mag_id": "2940553627", "num_publications": 1, "num_citations": 4, "num_publications_5y": 0, "num_citations_5y": 0, "num_publications_10y": 0, "num_citations_10y": 0, "publications_years": {"1994": 1}, "citations_years": {"1996": 1, "1997": 2, "1998": 1}, "old_citations": {"1994": 4}, "isVisible": false}, "2941283967": {"name": "m angelaccio", "type": "author", "activity": 7, "h_index": 3, "h5_index": 0, "mag_id": "2941283967", "num_publications": 1, "num_citations": 4, "num_publications_5y": 0, "num_citations_5y": 0, "num_publications_10y": 0, "num_citations_10y": 0, "publications_years": {"1994": 1}, "citations_years": {"1996": 1, "1997": 2, "1998": 1}, "old_citations": {"1994": 4}, "isVisible": false}, "2949469351": {"name": "sabine r ohring", "type": "author", "activity": 6, "h_index": 8, "h5_index": 0, "mag_id": "2949469351", "num_publications": 1, "num_citations": 2, "num_publications_5y": 0, "num_citations_5y": 0, "num_publications_10y": 0, "num_citations_10y": 0, "publications_years": {"1994": 1}, "citations_years": {"1996": 1, "1997": 0, "1998": 0, "1999": 1}, "old_citations": {"1994": 2}, "isVisible": false}, "2973321315": {"name": "m leu", "type": "author", "activity": 1, "h_index": 1, "h5_index": 0, "mag_id": "2973321315", "num_publications": 1, "num_citations": 13, "num_publications_5y": 0, "num_citations_5y": 1, "num_publications_10y": 0, "num_citations_10y": 4, "publications_years": {"1994": 1}, "citations_years": {"1996": 1, "1997": 2, "1998": 1, "1999": 1, "2000": 0, "2001": 1, "2002": 0, "2003": 0, "2004": 1, "2005": 0, "2006": 0, "2007": 1, "2008": 1, "2009": 0, "2010": 0, "2011": 0, "2012": 1, "2013": 2, "2014": 0, "2015": 1}, "old_citations": {"1994": 13}, "isVisible": false}, "2973432889": {"name": "k m altawil", "type": "author", "activity": 1, "h_index": 1, "h5_index": 0, "mag_id": "2973432889", "num_publications": 1, "num_citations": 3, "num_publications_5y": 0, "num_citations_5y": 0, "num_publications_10y": 0, "num_citations_10y": 1, "publications_years": {"1994": 1}, "citations_years": {"2003": 1, "2004": 0, "2005": 1, "2006": 0, "2007": 0, "2008": 0, "2009": 0, "2010": 1}, "old_citations": {"1994": 3}, "isVisible": false}, "2973468063": {"name": "j bruck", "type": "author", "activity": 1, "h_index": 1, "h5_index": 0, "mag_id": "2973468063", "num_publications": 1, "num_citations": 9, "num_publications_5y": 0, "num_citations_5y": 0, "num_publications_10y": 0, "num_citations_10y": 0, "publications_years": {"1994": 1}, "citations_years": {"1995": 1, "1996": 0, "1997": 1, "1998": 1, "1999": 0, "2000": 0, "2001": 0, "2002": 1, "2003": 2, "2004": 0, "2005": 1, "2006": 0, "2007": 0, "2008": 1, "2009": 0, "2010": 0, "2011": 0, "2012": 0, "2013": 0, "2014": 0, "2015": 0, "2016": 0, "2017": 0, "2018": 0, "2019": 1}, "old_citations": {"1994": 9}, "isVisible": false}, "2973500305": {"name": "t a varvarigou", "type": "author", "activity": 1, "h_index": 0, "h5_index": 0, "mag_id": "2973500305", "num_publications": 1, "num_citations": 0, "num_publications_5y": 0, "num_citations_5y": 0, "num_publications_10y": 0, "num_citations_10y": 0, "publications_years": {"1994": 1}, "citations_years": {}, "old_citations": {"1994": 0}, "isVisible": false}, "2973587092": {"name": "m ahamad", "type": "author", "activity": 1, "h_index": 1, "h5_index": 0, "mag_id": "2973587092", "num_publications": 1, "num_citations": 2, "num_publications_5y": 0, "num_citations_5y": 0, "num_publications_10y": 0, "num_citations_10y": 0, "publications_years": {"1994": 1}, "citations_years": {"1996": 1, "1997": 0, "1998": 0, "1999": 0, "2000": 0, "2001": 1}, "old_citations": {"1994": 2}, "isVisible": false}, "2973646007": {"name": "w g schneeweiss", "type": "author", "activity": 1, "h_index": 1, "h5_index": 0, "mag_id": "2973646007", "num_publications": 1, "num_citations": 1, "num_publications_5y": 0, "num_citations_5y": 0, "num_publications_10y": 0, "num_citations_10y": 0, "publications_years": {"1994": 1}, "citations_years": {"1999": 1}, "old_citations": {"1994": 1}, "isVisible": false}, "2973744578": {"name": "d r avresky", "type": "author", "activity": 1, "h_index": 1, "h5_index": 0, "mag_id": "2973744578", "num_publications": 1, "num_citations": 3, "num_publications_5y": 0, "num_citations_5y": 0, "num_publications_10y": 0, "num_citations_10y": 1, "publications_years": {"1994": 1}, "citations_years": {"2003": 1, "2004": 0, "2005": 1, "2006": 0, "2007": 0, "2008": 0, "2009": 0, "2010": 1}, "old_citations": {"1994": 3}, "isVisible": false}, "2973746227": {"name": "k j perry", "type": "author", "activity": 1, "h_index": 0, "h5_index": 0, "mag_id": "2973746227", "num_publications": 1, "num_citations": 0, "num_publications_5y": 0, "num_citations_5y": 0, "num_publications_10y": 0, "num_citations_10y": 0, "publications_years": {"1994": 1}, "citations_years": {}, "old_citations": {"1994": 0}, "isVisible": false}, "2973771546": {"name": "a ziv", "type": "author", "activity": 1, "h_index": 1, "h5_index": 0, "mag_id": "2973771546", "num_publications": 1, "num_citations": 9, "num_publications_5y": 0, "num_citations_5y": 0, "num_publications_10y": 0, "num_citations_10y": 0, "publications_years": {"1994": 1}, "citations_years": {"1995": 1, "1996": 0, "1997": 1, "1998": 1, "1999": 0, "2000": 0, "2001": 0, "2002": 1, "2003": 2, "2004": 0, "2005": 1, "2006": 0, "2007": 0, "2008": 1, "2009": 0, "2010": 0, "2011": 0, "2012": 0, "2013": 0, "2014": 0, "2015": 0, "2016": 0, "2017": 0, "2018": 0, "2019": 1}, "old_citations": {"1994": 9}, "isVisible": false}, "2973964165": {"name": "j trotter", "type": "author", "activity": 1, "h_index": 1, "h5_index": 0, "mag_id": "2973964165", "num_publications": 1, "num_citations": 3, "num_publications_5y": 0, "num_citations_5y": 0, "num_publications_10y": 0, "num_citations_10y": 0, "publications_years": {"1994": 1}, "citations_years": {"1994": 1, "1995": 0, "1996": 0, "1997": 0, "1998": 1, "1999": 0, "2000": 0, "2001": 0, "2002": 0, "2003": 0, "2004": 0, "2005": 1}, "old_citations": {"1994": 3}, "isVisible": false}, "2974275922": {"name": "k echtle", "type": "author", "activity": 1, "h_index": 1, "h5_index": 0, "mag_id": "2974275922", "num_publications": 1, "num_citations": 13, "num_publications_5y": 0, "num_citations_5y": 1, "num_publications_10y": 0, "num_citations_10y": 4, "publications_years": {"1994": 1}, "citations_years": {"1996": 1, "1997": 2, "1998": 1, "1999": 1, "2000": 0, "2001": 1, "2002": 0, "2003": 0, "2004": 1, "2005": 0, "2006": 0, "2007": 1, "2008": 1, "2009": 0, "2010": 0, "2011": 0, "2012": 1, "2013": 2, "2014": 0, "2015": 1}, "old_citations": {"1994": 13}, "isVisible": false}, "2974497100": {"name": "j maier", "type": "author", "activity": 1, "h_index": 1, "h5_index": 0, "mag_id": "2974497100", "num_publications": 1, "num_citations": 2, "num_publications_5y": 0, "num_citations_5y": 0, "num_publications_10y": 0, "num_citations_10y": 0, "publications_years": {"1994": 1}, "citations_years": {"1995": 1, "1996": 0, "1997": 0, "1998": 0, "1999": 0, "2000": 0, "2001": 0, "2002": 0, "2003": 0, "2004": 0, "2005": 0, "2006": 0, "2007": 0, "2008": 1}, "old_citations": {"1994": 2}, "isVisible": false}, "2974583814": {"name": "s r cannon", "type": "author", "activity": 1, "h_index": 1, "h5_index": 0, "mag_id": "2974583814", "num_publications": 1, "num_citations": 3, "num_publications_5y": 0, "num_citations_5y": 0, "num_publications_10y": 0, "num_citations_10y": 1, "publications_years": {"1994": 1}, "citations_years": {"1996": 1, "1997": 0, "1998": 0, "1999": 0, "2000": 0, "2001": 0, "2002": 0, "2003": 0, "2004": 0, "2005": 1, "2006": 0, "2007": 0, "2008": 0, "2009": 0, "2010": 0, "2011": 0, "2012": 1}, "old_citations": {"1994": 3}, "isVisible": false}, "2974698317": {"name": "j a garay", "type": "author", "activity": 1, "h_index": 0, "h5_index": 0, "mag_id": "2974698317", "num_publications": 1, "num_citations": 0, "num_publications_5y": 0, "num_citations_5y": 0, "num_publications_10y": 0, "num_citations_10y": 0, "publications_years": {"1994": 1}, "citations_years": {}, "old_citations": {"1994": 0}, "isVisible": false}, "2974740500": {"name": "t a varvarigou", "type": "author", "activity": 1, "h_index": 1, "h5_index": 0, "mag_id": "2974740500", "num_publications": 1, "num_citations": 3, "num_publications_5y": 0, "num_citations_5y": 0, "num_publications_10y": 0, "num_citations_10y": 0, "publications_years": {"1994": 1}, "citations_years": {"1994": 1, "1995": 0, "1996": 0, "1997": 0, "1998": 1, "1999": 0, "2000": 0, "2001": 0, "2002": 0, "2003": 0, "2004": 0, "2005": 1}, "old_citations": {"1994": 3}, "isVisible": false}, "2974889583": {"name": "m chelliah", "type": "author", "activity": 1, "h_index": 1, "h5_index": 0, "mag_id": "2974889583", "num_publications": 1, "num_citations": 2, "num_publications_5y": 0, "num_citations_5y": 0, "num_publications_10y": 0, "num_citations_10y": 0, "publications_years": {"1994": 1}, "citations_years": {"1996": 1, "1997": 0, "1998": 0, "1999": 0, "2000": 0, "2001": 1}, "old_citations": {"1994": 2}, "isVisible": false}}, "countries": {"United States": {"name": "United States", "type": "country", "h5_index": 308, "num_publications": 15, "num_citations": 67, "num_publications_5y": 0, "num_citations_5y": 3, "num_publications_10y": 0, "num_citations_10y": 10, "publications_years": {"1994": 15}, "citations_years": {"1996": 4, "1997": 3, "1998": 6, "1999": 3, "2000": 0, "2001": 6, "2002": 10, "2003": 9, "2004": 1, "2005": 6, "2006": 0, "2007": 2, "2008": 4, "2009": 1, "2010": 4, "2011": 1, "2012": 1, "2013": 0, "2014": 1, "2015": 2, "2016": 0, "2017": 0, "2018": 0, "2019": 2, "1995": 1}, "old_citations": {"1994": 67}, "isVisible": false}, "Japan": {"name": "Japan", "type": "country", "h5_index": 94, "num_publications": 2, "num_citations": 1, "num_publications_5y": 0, "num_citations_5y": 0, "num_publications_10y": 0, "num_citations_10y": 0, "publications_years": {"1994": 2}, "citations_years": {"1997": 1}, "old_citations": {"1994": 1}, "isVisible": false}, "Germany": {"name": "Germany", "type": "country", "h5_index": 139, "num_publications": 1, "num_citations": 2, "num_publications_5y": 0, "num_citations_5y": 0, "num_publications_10y": 0, "num_citations_10y": 0, "publications_years": {"1994": 1}, "citations_years": {"1995": 1, "1996": 0, "1997": 0, "1998": 0, "1999": 0, "2000": 0, "2001": 0, "2002": 0, "2003": 0, "2004": 0, "2005": 0, "2006": 0, "2007": 0, "2008": 1}, "old_citations": {"1994": 2}, "isVisible": false}, "Greece": {"name": "Greece", "type": "country", "h5_index": 57, "num_publications": 1, "num_citations": 0, "num_publications_5y": 0, "num_citations_5y": 0, "num_publications_10y": 0, "num_citations_10y": 0, "publications_years": {"1994": 1}, "citations_years": {}, "old_citations": {"1994": 0}, "isVisible": false}, "Israel": {"name": "Israel", "type": "country", "h5_index": 110, "num_publications": 1, "num_citations": 1, "num_publications_5y": 0, "num_citations_5y": 0, "num_publications_10y": 0, "num_citations_10y": 0, "publications_years": {"1994": 1}, "citations_years": {"1997": 1}, "old_citations": {"1994": 1}, "isVisible": false}, "United Kingdom": {"name": "United Kingdom", "type": "country", "h5_index": 172, "num_publications": 1, "num_citations": 24, "num_publications_5y": 0, "num_citations_5y": 0, "num_publications_10y": 0, "num_citations_10y": 4, "publications_years": {"1994": 1}, "citations_years": {"1995": 2, "1996": 2, "1997": 2, "1998": 0, "1999": 2, "2000": 6, "2001": 0, "2002": 2, "2003": 1, "2004": 1, "2005": 1, "2006": 0, "2007": 1, "2008": 0, "2009": 2, "2010": 1, "2011": 0, "2012": 0, "2013": 1}, "old_citations": {"1994": 24}, "isVisible": false}}, "industrial_sectors": {"computing_and_it": {"name": "computing_and_it", "type": "industrial sector", "h5_index": 221, "num_publications": 3, "num_citations": 24, "num_publications_5y": 0, "num_citations_5y": 3, "num_publications_10y": 0, "num_citations_10y": 7, "publications_years": {"1994": 3}, "citations_years": {"1997": 1, "1998": 2, "1999": 1, "2000": 0, "2001": 2, "2002": 2, "2003": 4, "2004": 1, "2005": 1, "2006": 0, "2007": 2, "2008": 1, "2009": 1, "2010": 2, "2011": 1, "2012": 0, "2013": 0, "2014": 1, "2015": 2}, "old_citations": {"1994": 24}, "isVisible": false}, "technology": {"name": "technology", "type": "industrial sector", "h5_index": 229, "num_publications": 3, "num_citations": 24, "num_publications_5y": 0, "num_citations_5y": 3, "num_publications_10y": 0, "num_citations_10y": 7, "publications_years": {"1994": 3}, "citations_years": {"1997": 1, "1998": 2, "1999": 1, "2000": 0, "2001": 2, "2002": 2, "2003": 4, "2004": 1, "2005": 1, "2006": 0, "2007": 2, "2008": 1, "2009": 1, "2010": 2, "2011": 1, "2012": 0, "2013": 0, "2014": 1, "2015": 2}, "old_citations": {"1994": 24}, "isVisible": false}, "information_technology": {"name": "information_technology", "type": "industrial sector", "h5_index": 74, "num_publications": 2, "num_citations": 16, "num_publications_5y": 0, "num_citations_5y": 1, "num_publications_10y": 0, "num_citations_10y": 3, "publications_years": {"1994": 2}, "citations_years": {"1998": 2, "1999": 1, "2000": 0, "2001": 2, "2002": 1, "2003": 4, "2004": 1, "2005": 1, "2006": 0, "2007": 1, "2008": 0, "2009": 1, "2010": 1, "2011": 0, "2012": 0, "2013": 0, "2014": 0, "2015": 1}, "old_citations": {"1994": 16}, "isVisible": false}}}, "conference_comparison": {"computer science": {}}, "topics_dna": {"publications": {}, "citations": {"normalized": {}, "average": {}}}, "info": {"num_publications": 30, "num_citations": 133.0, "impact_factor": {"1996": 0.3103448275862069, "1997": 0, "1998": 0, "1999": 0, "2000": 0, "2001": 0, "2002": 0, "2003": 0}, "publications_years": {"1994": 29, "2003": 1}, "citations_years": {"1994": 1, "1995": 4, "1996": 9, "1997": 11, "1998": 12, "1999": 9, "2000": 8, "2001": 10, "2002": 12, "2003": 10, "2004": 4, "2005": 9, "2006": 2, "2007": 4, "2008": 6, "2009": 4, "2010": 5, "2011": 1, "2012": 2, "2013": 3, "2014": 1, "2015": 3, "2016": 0, "2017": 1, "2018": 0, "2019": 2}, "old_citations": {"1994": 133, "2003": 0}, "h5_index": 0}, "percentile": {"computer science": {"1994": 92, "2003": 16}}, "conference_ranking": {"computer science": {"1994": 333, "2003": 3583}}, "academia": {"num_publications": 17, "num_citations": 47, "publications_years": {"1994": 17}, "old_citations": {"1994": 47}, "num_publications_5y": 0, "num_citations_5y": 0, "num_publications_10y": 0, "num_citations_10y": 0}, "industry": {"num_publications": 3, "num_citations": 24, "publications_years": {"1994": 3}, "old_citations": {"1994": 24}, "num_publications_5y": 0, "num_citations_5y": 0, "num_publications_10y": 0, "num_citations_10y": 0}, "collaborative": {"num_publications": 0, "num_citations": 0, "publications_years": {}, "old_citations": {}, "num_publications_5y": 0, "num_citations_5y": 0, "num_publications_10y": 0, "num_citations_10y": 0}, "conferences": {}, "journals": {}, "organizations": {"publication_overall": ["IBM (United States)", "Texas A&M University", "University of Illinois at Urbana Champaign", "Florida Atlantic University", "Georgia Institute of Technology", "Hewlett-Packard (United States)", "Iwate University", "Osaka University", "Santa Clara University", "Stanford University", "Technion \u2013 Israel Institute of Technology", "Universities UK", "University of California, Irvine", "University of Crete", "University of Pittsburgh", "University of Stuttgart", "University of Wisconsin\u2013Madison", "Utah State University"], "citation_overall": ["Universities UK", "IBM (United States)", "Stanford University", "Hewlett-Packard (United States)", "University of California, Irvine", "University of Illinois at Urbana Champaign", "Santa Clara University", "Texas A&M University", "Utah State University", "Georgia Institute of Technology", "University of Stuttgart", "Iwate University", "Technion \u2013 Israel Institute of Technology", "University of Pittsburgh", "Florida Atlantic University", "Osaka University", "University of Crete", "University of Wisconsin\u2013Madison"], "publication_10_years": [], "citation_10_years": [], "publication_5_years": [], "citation_5_years": []}, "countries": {"publication_overall": ["United States", "Japan", "Germany", "Greece", "Israel", "United Kingdom"], "citation_overall": ["United States", "United Kingdom", "Germany", "Israel", "Japan", "Greece"], "publication_10_years": [], "citation_10_years": [], "publication_5_years": [], "citation_5_years": []}, "topics": {"publication_overall": ["computer science", "computer systems", "distributed computer systems", "computer networks", "distributed systems", "fault tolerant computer systems", "computer hardware", "parallel processing systems", "software design", "software engineering", "fault tolerance", "microprocessor chips", "software quality", "embedded systems", "telecommunication systems", "program processors", "engineering", "multi core", "telecommunication networks", "bandwidth"], "citation_overall": ["computer science", "computer systems", "distributed computer systems", "computer networks", "fault tolerant computer systems", "fault tolerance", "software design", "software engineering", "software quality", "distributed systems", "telecommunication systems", "computer hardware", "telecommunication networks", "embedded systems", "microprocessor chips", "bandwidth", "engineering", "parallel processing systems", "data communication systems", "software"], "publication_10_years": [], "citation_10_years": [], "publication_5_years": [], "citation_5_years": []}, "main_topics": ["computer science"], "authors": {"publication_overall": ["2617264732", "7677107", "73978092", "153931680", "349443823", "409588908", "1183556006", "1224323949", "1800344280", "2015341686", "2029293694", "2073659410", "2076797653", "2081893783", "2097985012", "2100138252", "2101367683", "2104865906", "2118693514", "2120394101", "2121420925", "2137802269", "2156909159", "2159739428", "2161144543", "2223031141", "2231184093", "2231871188", "2258346231", "2307312074", "2308300023", "2345576053", "2373111296", "2562979580", "2573076035", "2573265720", "2578705075", "2579592106", "2653447867", "2654650239", "2655037183", "2655352039", "2657243159", "2678651682", "2678961127", "2695072839", "2704657217", "2718411817", "2923897438", "2940553627", "2941283967", "2949469351", "2973321315", "2973432889", "2973468063", "2973500305", "2973587092", "2973646007", "2973744578", "2973746227", "2973771546", "2973964165", "2974275922", "2974497100", "2974583814", "2974698317", "2974740500", "2974889583"], "citation_overall": ["409588908", "2029293694", "2718411817", "2923897438", "2073659410", "2308300023", "2579592106", "2655037183", "2973321315", "2974275922", "2156909159", "2657243159", "2973468063", "2973771546", "2097985012", "2231871188", "2258346231", "2617264732", "2704657217", "2137802269", "2373111296", "2695072839", "349443823", "2940553627", "2941283967", "2100138252", "2118693514", "2121420925", "2578705075", "2973432889", "2973744578", "2973964165", "2974583814", "2974740500", "7677107", "1224323949", "2101367683", "2223031141", "2345576053", "2654650239", "2949469351", "2973587092", "2974497100", "2974889583", "1183556006", "2015341686", "2076797653", "2104865906", "2120394101", "2159739428", "2307312074", "2573076035", "2655352039", "2678651682", "2973646007", "73978092", "153931680", "1800344280", "2081893783", "2161144543", "2231184093", "2562979580", "2573265720", "2653447867", "2678961127", "2973500305", "2973746227", "2974698317"], "publication_10_years": [], "citation_10_years": [], "publication_5_years": [], "citation_5_years": []}, "industrial_sectors": {"publication_overall": ["computing_and_it", "technology", "information_technology"], "citation_overall": ["computing_and_it", "technology", "information_technology"], "publication_10_years": [], "citation_10_years": [], "publication_5_years": [], "citation_5_years": []}}