{"name": "Workshop on Control and Modeling for Power Electronics", "acronym": "COMPEL", "type": "conference", "uniqueEntities": {"organizations": {"Doshisha University": {"name": "Doshisha University", "type": "organization", "organization_type": "Education", "h_index": 29, "h5_index": 10, "num_publications": 4, "num_citations": 8, "num_publications_5y": 1, "num_citations_5y": 7, "num_publications_10y": 4, "num_citations_10y": 8, "publications_years": {"2013": 1, "2010": 1, "2014": 1, "2012": 1}, "citations_years": {"2016": 2, "2015": 2, "2013": 1, "2014": 2, "2017": 0, "2018": 1}, "old_citations": {"2013": 1, "2010": 0, "2014": 2, "2012": 5}, "isVisible": false}, "University of British Columbia": {"name": "University of British Columbia", "type": "organization", "organization_type": "Education", "h_index": 210, "h5_index": 56, "num_publications": 3, "num_citations": 4, "num_publications_5y": 1, "num_citations_5y": 3, "num_publications_10y": 3, "num_citations_10y": 3, "publications_years": {"2013": 2, "2015": 1}, "citations_years": {"2016": 2, "2017": 1, "2018": 0, "2019": 1}, "old_citations": {"2013": 2, "2015": 2}, "isVisible": false}, "Carlos III University of Madrid": {"name": "Carlos III University of Madrid", "type": "organization", "organization_type": "Education", "h_index": 68, "h5_index": 28, "num_publications": 2, "num_citations": 14, "num_publications_5y": 0, "num_citations_5y": 7, "num_publications_10y": 2, "num_citations_10y": 14, "publications_years": {"2010": 2}, "citations_years": {"2011": 1, "2012": 2, "2013": 4, "2014": 2, "2015": 2, "2016": 2, "2017": 1}, "old_citations": {"2010": 14}, "isVisible": false}, "KU Leuven": {"name": "KU Leuven", "type": "organization", "organization_type": "Education", "h_index": 183, "h5_index": 52, "num_publications": 2, "num_citations": 4, "num_publications_5y": 1, "num_citations_5y": 2, "num_publications_10y": 2, "num_citations_10y": 2, "publications_years": {"2017": 1, "2012": 1}, "citations_years": {"2018": 1, "2014": 1, "2015": 0, "2016": 0, "2017": 0, "2019": 2}, "old_citations": {"2017": 1, "2012": 3}, "isVisible": false}, "Stellenbosch University": {"name": "Stellenbosch University", "type": "organization", "organization_type": "Education", "h_index": 48, "h5_index": 17, "num_publications": 2, "num_citations": 6, "num_publications_5y": 2, "num_citations_5y": 1, "num_publications_10y": 2, "num_citations_10y": 1, "publications_years": {"2016": 2}, "citations_years": {"2017": 1, "2018": 0, "2019": 3, "2020": 2}, "old_citations": {"2016": 6}, "isVisible": false}, "Technical University of Madrid": {"name": "Technical University of Madrid", "type": "organization", "organization_type": "Education", "h_index": 89, "h5_index": 28, "num_publications": 2, "num_citations": 5, "num_publications_5y": 0, "num_citations_5y": 1, "num_publications_10y": 2, "num_citations_10y": 5, "publications_years": {"2010": 2}, "citations_years": {"2011": 1, "2012": 1, "2013": 2, "2014": 1}, "old_citations": {"2010": 5}, "isVisible": false}, "University of Illinois at Urbana Champaign": {"name": "University of Illinois at Urbana Champaign", "type": "organization", "organization_type": "Education", "h_index": 325, "h5_index": 70, "num_publications": 2, "num_citations": 9, "num_publications_5y": 0, "num_citations_5y": 5, "num_publications_10y": 0, "num_citations_10y": 8, "publications_years": {"2008": 2}, "citations_years": {"2008": 1, "2009": 1, "2010": 1, "2011": 0, "2012": 1, "2013": 0, "2014": 1, "2015": 1, "2016": 2, "2017": 0, "2018": 1}, "old_citations": {"2008": 9}, "isVisible": false}, "Autonomous University of Madrid": {"name": "Autonomous University of Madrid", "type": "organization", "organization_type": "Education", "h_index": 66, "h5_index": 21, "num_publications": 1, "num_citations": 0, "num_publications_5y": 1, "num_citations_5y": 0, "num_publications_10y": 1, "num_citations_10y": 0, "publications_years": {"2016": 1}, "citations_years": {}, "old_citations": {"2016": 0}, "isVisible": false}, "ETH Zurich": {"name": "ETH Zurich", "type": "organization", "organization_type": "Education", "h_index": 222, "h5_index": 81, "num_publications": 1, "num_citations": 7, "num_publications_5y": 0, "num_citations_5y": 2, "num_publications_10y": 0, "num_citations_10y": 7, "publications_years": {"2008": 1}, "citations_years": {"2011": 1, "2012": 2, "2013": 2, "2014": 0, "2015": 0, "2016": 0, "2017": 2}, "old_citations": {"2008": 7}, "isVisible": false}, "Ericsson (Sweden)": {"name": "Ericsson (Sweden)", "type": "organization", "organization_type": "Company", "h_index": 158, "h5_index": 36, "num_publications": 1, "num_citations": 2, "num_publications_5y": 0, "num_citations_5y": 1, "num_publications_10y": 1, "num_citations_10y": 2, "publications_years": {"2010": 1}, "citations_years": {"2010": 1, "2011": 0, "2012": 0, "2013": 0, "2014": 0, "2015": 1}, "old_citations": {"2010": 2}, "isVisible": false}, "Intel (United States)": {"name": "Intel (United States)", "type": "organization", "organization_type": "Company", "h_index": 279, "h5_index": 62, "num_publications": 1, "num_citations": 0, "num_publications_5y": 0, "num_citations_5y": 0, "num_publications_10y": 1, "num_citations_10y": 0, "publications_years": {"2010": 1}, "citations_years": {}, "old_citations": {"2010": 0}, "isVisible": false}, "Manitoba Hydro": {"name": "Manitoba Hydro", "type": "organization", "organization_type": "Company", "h_index": 6, "h5_index": 1, "num_publications": 1, "num_citations": 0, "num_publications_5y": 1, "num_citations_5y": 0, "num_publications_10y": 1, "num_citations_10y": 0, "publications_years": {"2015": 1}, "citations_years": {}, "old_citations": {"2015": 0}, "isVisible": false}, "Missouri University of Science and Technology": {"name": "Missouri University of Science and Technology", "type": "organization", "organization_type": "Education", "h_index": 78, "h5_index": 29, "num_publications": 1, "num_citations": 3, "num_publications_5y": 0, "num_citations_5y": 3, "num_publications_10y": 0, "num_citations_10y": 3, "publications_years": {"2008": 1}, "citations_years": {"2014": 1, "2015": 0, "2016": 2}, "old_citations": {"2008": 3}, "isVisible": false}, "Nagasaki University": {"name": "Nagasaki University", "type": "organization", "organization_type": "Education", "h_index": 21, "h5_index": 5, "num_publications": 1, "num_citations": 13, "num_publications_5y": 0, "num_citations_5y": 8, "num_publications_10y": 1, "num_citations_10y": 12, "publications_years": {"2012": 1}, "citations_years": {"2012": 1, "2013": 3, "2014": 2, "2015": 5, "2016": 0, "2017": 1, "2018": 0, "2019": 1}, "old_citations": {"2012": 13}, "isVisible": false}, "National Ilan University": {"name": "National Ilan University", "type": "organization", "organization_type": "Education", "h_index": 38, "h5_index": 12, "num_publications": 1, "num_citations": 2, "num_publications_5y": 1, "num_citations_5y": 1, "num_publications_10y": 1, "num_citations_10y": 1, "publications_years": {"2017": 1}, "citations_years": {"2018": 1, "2019": 1}, "old_citations": {"2017": 2}, "isVisible": false}, "Osaka University": {"name": "Osaka University", "type": "organization", "organization_type": "Education", "h_index": 100, "h5_index": 31, "num_publications": 1, "num_citations": 7, "num_publications_5y": 0, "num_citations_5y": 4, "num_publications_10y": 1, "num_citations_10y": 6, "publications_years": {"2012": 1}, "citations_years": {"2012": 1, "2013": 1, "2014": 1, "2015": 0, "2016": 1, "2017": 2, "2018": 0, "2019": 0, "2020": 1}, "old_citations": {"2012": 7}, "isVisible": false}, "RWTH Aachen University": {"name": "RWTH Aachen University", "type": "organization", "organization_type": "Education", "h_index": 144, "h5_index": 43, "num_publications": 1, "num_citations": 8, "num_publications_5y": 0, "num_citations_5y": 4, "num_publications_10y": 1, "num_citations_10y": 6, "publications_years": {"2012": 1}, "citations_years": {"2013": 2, "2014": 0, "2015": 3, "2016": 0, "2017": 1, "2018": 0, "2019": 1, "2020": 1}, "old_citations": {"2012": 8}, "isVisible": false}, "Sofia University": {"name": "Sofia University", "type": "organization", "organization_type": "Education", "h_index": 21, "h5_index": 9, "num_publications": 1, "num_citations": 0, "num_publications_5y": 0, "num_citations_5y": 0, "num_publications_10y": 0, "num_citations_10y": 0, "publications_years": {"2008": 1}, "citations_years": {}, "old_citations": {"2008": 0}, "isVisible": false}, "Ulsan National Institute of Science and Technology": {"name": "Ulsan National Institute of Science and Technology", "type": "organization", "organization_type": "Education", "h_index": 37, "h5_index": 22, "num_publications": 1, "num_citations": 2, "num_publications_5y": 1, "num_citations_5y": 1, "num_publications_10y": 1, "num_citations_10y": 1, "publications_years": {"2017": 1}, "citations_years": {"2018": 1, "2019": 1}, "old_citations": {"2017": 2}, "isVisible": false}, "Universidade Federal de Santa Maria": {"name": "Universidade Federal de Santa Maria", "type": "organization", "organization_type": "Education", "h_index": 18, "h5_index": 8, "num_publications": 1, "num_citations": 1, "num_publications_5y": 1, "num_citations_5y": 1, "num_publications_10y": 1, "num_citations_10y": 1, "publications_years": {"2017": 1}, "citations_years": {"2018": 1}, "old_citations": {"2017": 1}, "isVisible": false}, "University of Arkansas at Fayetteville": {"name": "University of Arkansas at Fayetteville", "type": "organization", "organization_type": "Education", "h_index": 66, "h5_index": 20, "num_publications": 1, "num_citations": 2, "num_publications_5y": 1, "num_citations_5y": 1, "num_publications_10y": 1, "num_citations_10y": 1, "publications_years": {"2017": 1}, "citations_years": {"2018": 1, "2019": 0, "2020": 1}, "old_citations": {"2017": 2}, "isVisible": false}, "University of California, Berkeley": {"name": "University of California, Berkeley", "type": "organization", "organization_type": "Education", "h_index": 452, "h5_index": 107, "num_publications": 1, "num_citations": 2, "num_publications_5y": 1, "num_citations_5y": 2, "num_publications_10y": 1, "num_citations_10y": 2, "publications_years": {"2017": 1}, "citations_years": {"2017": 1, "2018": 1}, "old_citations": {"2017": 2}, "isVisible": false}, "University of Kansas": {"name": "University of Kansas", "type": "organization", "organization_type": "Education", "h_index": 86, "h5_index": 22, "num_publications": 1, "num_citations": 2, "num_publications_5y": 1, "num_citations_5y": 1, "num_publications_10y": 1, "num_citations_10y": 1, "publications_years": {"2017": 1}, "citations_years": {"2018": 1, "2019": 0, "2020": 1}, "old_citations": {"2017": 2}, "isVisible": false}, "University of Manitoba": {"name": "University of Manitoba", "type": "organization", "organization_type": "Education", "h_index": 87, "h5_index": 27, "num_publications": 1, "num_citations": 0, "num_publications_5y": 1, "num_citations_5y": 0, "num_publications_10y": 1, "num_citations_10y": 0, "publications_years": {"2015": 1}, "citations_years": {}, "old_citations": {"2015": 0}, "isVisible": false}, "University of Nottingham": {"name": "University of Nottingham", "type": "organization", "organization_type": "Education", "h_index": 139, "h5_index": 37, "num_publications": 1, "num_citations": 0, "num_publications_5y": 1, "num_citations_5y": 0, "num_publications_10y": 1, "num_citations_10y": 0, "publications_years": {"2016": 1}, "citations_years": {}, "old_citations": {"2016": 0}, "isVisible": false}, "University of Siegen": {"name": "University of Siegen", "type": "organization", "organization_type": "Education", "h_index": 52, "h5_index": 16, "num_publications": 1, "num_citations": 1, "num_publications_5y": 1, "num_citations_5y": 1, "num_publications_10y": 1, "num_citations_10y": 1, "publications_years": {"2014": 1}, "citations_years": {"2015": 1}, "old_citations": {"2014": 1}, "isVisible": false}, "University of Vigo": {"name": "University of Vigo", "type": "organization", "organization_type": "Education", "h_index": 58, "h5_index": 22, "num_publications": 1, "num_citations": 1, "num_publications_5y": 1, "num_citations_5y": 1, "num_publications_10y": 1, "num_citations_10y": 1, "publications_years": {"2014": 1}, "citations_years": {"2015": 1}, "old_citations": {"2014": 1}, "isVisible": false}, "University of Zaragoza": {"name": "University of Zaragoza", "type": "organization", "organization_type": "Education", "h_index": 77, "h5_index": 25, "num_publications": 1, "num_citations": 3, "num_publications_5y": 1, "num_citations_5y": 2, "num_publications_10y": 1, "num_citations_10y": 2, "publications_years": {"2014": 1}, "citations_years": {"2016": 1, "2017": 0, "2018": 1, "2019": 0, "2020": 1}, "old_citations": {"2014": 3}, "isVisible": false}}, "topics": {"computer science": {"name": "computer science", "type": "topic", "h_index": 1779, "h5_index": 416, "num_publications": 32, "num_citations": 110, "num_publications_5y": 14, "num_citations_5y": 63, "num_publications_10y": 27, "num_citations_10y": 91, "publications_years": {"2010": 5, "2014": 4, "2008": 5, "2017": 5, "2013": 3, "2012": 5, "2016": 3, "2015": 2}, "citations_years": {"2010": 3, "2011": 2, "2012": 7, "2013": 13, "2014": 9, "2015": 17, "2016": 14, "2017": 14, "2018": 9, "2019": 9, "2020": 9, "2009": 3, "2008": 1}, "old_citations": {"2010": 16, "2014": 20, "2008": 19, "2017": 8, "2013": 3, "2012": 36, "2016": 6, "2015": 2}, "isVisible": false}, "computer systems": {"name": "computer systems", "type": "topic", "h_index": 1595, "h5_index": 367, "num_publications": 29, "num_citations": 107, "num_publications_5y": 12, "num_citations_5y": 60, "num_publications_10y": 24, "num_citations_10y": 88, "publications_years": {"2010": 5, "2014": 4, "2008": 5, "2017": 4, "2013": 2, "2012": 5, "2016": 2, "2015": 2}, "citations_years": {"2010": 3, "2011": 2, "2012": 7, "2013": 13, "2014": 9, "2015": 17, "2016": 13, "2017": 13, "2018": 8, "2019": 9, "2020": 9, "2009": 3, "2008": 1}, "old_citations": {"2010": 16, "2014": 20, "2008": 19, "2017": 7, "2013": 1, "2012": 36, "2016": 6, "2015": 2}, "isVisible": false}, "mathematics": {"name": "mathematics", "type": "topic", "h_index": 1364, "h5_index": 300, "num_publications": 24, "num_citations": 93, "num_publications_5y": 11, "num_citations_5y": 53, "num_publications_10y": 20, "num_citations_10y": 79, "publications_years": {"2010": 5, "2014": 2, "2008": 4, "2017": 4, "2012": 3, "2016": 3, "2013": 1, "2015": 2}, "citations_years": {"2010": 3, "2011": 2, "2012": 7, "2013": 11, "2014": 8, "2015": 12, "2016": 12, "2017": 13, "2018": 8, "2019": 5, "2020": 8, "2009": 3, "2008": 1}, "old_citations": {"2010": 16, "2014": 17, "2008": 19, "2017": 6, "2012": 25, "2016": 6, "2013": 2, "2015": 2}, "isVisible": false}, "engineering": {"name": "engineering", "type": "topic", "h_index": 1177, "h5_index": 287, "num_publications": 23, "num_citations": 102, "num_publications_5y": 9, "num_citations_5y": 56, "num_publications_10y": 20, "num_citations_10y": 84, "publications_years": {"2010": 4, "2014": 2, "2008": 3, "2013": 2, "2017": 4, "2012": 5, "2016": 2, "2015": 1}, "citations_years": {"2010": 3, "2011": 2, "2012": 7, "2013": 13, "2014": 8, "2015": 15, "2016": 11, "2017": 14, "2018": 8, "2019": 8, "2020": 9, "2009": 3, "2008": 1}, "old_citations": {"2010": 16, "2014": 17, "2008": 16, "2013": 3, "2017": 6, "2012": 36, "2016": 6, "2015": 2}, "isVisible": false}, "computer hardware": {"name": "computer hardware", "type": "topic", "h_index": 1150, "h5_index": 279, "num_publications": 22, "num_citations": 74, "num_publications_5y": 9, "num_citations_5y": 39, "num_publications_10y": 18, "num_citations_10y": 60, "publications_years": {"2010": 4, "2014": 3, "2008": 4, "2013": 1, "2017": 3, "2012": 4, "2016": 2, "2015": 1}, "citations_years": {"2010": 2, "2011": 2, "2012": 6, "2013": 10, "2014": 7, "2015": 10, "2016": 9, "2017": 7, "2018": 6, "2019": 7, "2020": 6, "2008": 1, "2009": 1}, "old_citations": {"2010": 16, "2014": 6, "2008": 16, "2013": 1, "2017": 4, "2012": 23, "2016": 6, "2015": 2}, "isVisible": false}, "computer networks": {"name": "computer networks", "type": "topic", "h_index": 1262, "h5_index": 332, "num_publications": 19, "num_citations": 88, "num_publications_5y": 8, "num_citations_5y": 49, "num_publications_10y": 15, "num_citations_10y": 70, "publications_years": {"2010": 1, "2014": 4, "2008": 4, "2017": 3, "2013": 1, "2012": 5, "2016": 1}, "citations_years": {"2010": 3, "2011": 1, "2012": 5, "2013": 9, "2014": 7, "2015": 15, "2016": 9, "2017": 11, "2018": 7, "2019": 8, "2020": 9, "2009": 3, "2008": 1}, "old_citations": {"2010": 2, "2014": 20, "2008": 19, "2017": 5, "2013": 0, "2012": 36, "2016": 6}, "isVisible": false}, "signal processing": {"name": "signal processing", "type": "topic", "h_index": 1012, "h5_index": 255, "num_publications": 17, "num_citations": 58, "num_publications_5y": 6, "num_citations_5y": 27, "num_publications_10y": 15, "num_citations_10y": 45, "publications_years": {"2010": 3, "2008": 2, "2013": 2, "2017": 3, "2012": 4, "2016": 2, "2015": 1}, "citations_years": {"2010": 2, "2011": 2, "2012": 5, "2013": 8, "2014": 5, "2015": 6, "2008": 1, "2009": 1, "2016": 4, "2017": 7, "2018": 5, "2019": 7, "2020": 5}, "old_citations": {"2010": 7, "2008": 13, "2013": 3, "2017": 4, "2012": 23, "2016": 6, "2015": 2}, "isVisible": false}, "field programmable gate arrays (fpga)": {"name": "field programmable gate arrays (fpga)", "type": "topic", "h_index": 594, "h5_index": 149, "num_publications": 15, "num_citations": 47, "num_publications_5y": 6, "num_citations_5y": 25, "num_publications_10y": 14, "num_citations_10y": 36, "publications_years": {"2010": 4, "2014": 3, "2013": 1, "2017": 1, "2012": 3, "2016": 2, "2008": 1}, "citations_years": {"2010": 1, "2011": 1, "2012": 2, "2013": 7, "2014": 5, "2015": 9, "2016": 5, "2017": 3, "2018": 3, "2019": 6, "2020": 5}, "old_citations": {"2010": 16, "2014": 6, "2013": 1, "2017": 2, "2012": 16, "2016": 6, "2008": 0}, "isVisible": false}, "automation": {"name": "automation", "type": "topic", "h_index": 579, "h5_index": 144, "num_publications": 14, "num_citations": 63, "num_publications_5y": 7, "num_citations_5y": 37, "num_publications_10y": 12, "num_citations_10y": 55, "publications_years": {"2010": 4, "2014": 2, "2008": 2, "2017": 4, "2012": 1, "2015": 1}, "citations_years": {"2010": 3, "2011": 1, "2012": 4, "2013": 7, "2014": 4, "2015": 11, "2016": 8, "2017": 7, "2018": 7, "2019": 2, "2020": 5, "2009": 3, "2008": 1}, "old_citations": {"2010": 16, "2014": 17, "2008": 9, "2017": 6, "2012": 13, "2015": 2}, "isVisible": false}, "process control": {"name": "process control", "type": "topic", "h_index": 538, "h5_index": 133, "num_publications": 14, "num_citations": 63, "num_publications_5y": 7, "num_citations_5y": 37, "num_publications_10y": 12, "num_citations_10y": 55, "publications_years": {"2010": 4, "2014": 2, "2008": 2, "2017": 4, "2012": 1, "2015": 1}, "citations_years": {"2010": 3, "2011": 1, "2012": 4, "2013": 7, "2014": 4, "2015": 11, "2016": 8, "2017": 7, "2018": 7, "2019": 2, "2020": 5, "2009": 3, "2008": 1}, "old_citations": {"2010": 16, "2014": 17, "2008": 9, "2017": 6, "2012": 13, "2015": 2}, "isVisible": false}, "adaptive control systems": {"name": "adaptive control systems", "type": "topic", "h_index": 496, "h5_index": 131, "num_publications": 13, "num_citations": 62, "num_publications_5y": 6, "num_citations_5y": 36, "num_publications_10y": 11, "num_citations_10y": 54, "publications_years": {"2010": 4, "2014": 2, "2008": 2, "2017": 3, "2012": 1, "2015": 1}, "citations_years": {"2010": 3, "2011": 1, "2012": 4, "2013": 7, "2014": 4, "2015": 11, "2016": 8, "2017": 7, "2018": 6, "2019": 2, "2020": 5, "2009": 3, "2008": 1}, "old_citations": {"2010": 16, "2014": 17, "2008": 9, "2017": 5, "2012": 13, "2015": 2}, "isVisible": false}, "matrix algebra": {"name": "matrix algebra", "type": "topic", "h_index": 771, "h5_index": 183, "num_publications": 13, "num_citations": 55, "num_publications_5y": 4, "num_citations_5y": 28, "num_publications_10y": 10, "num_citations_10y": 46, "publications_years": {"2010": 4, "2014": 1, "2008": 3, "2012": 1, "2016": 1, "2017": 1, "2013": 1, "2015": 1}, "citations_years": {"2010": 3, "2011": 1, "2012": 4, "2013": 7, "2014": 5, "2015": 9, "2016": 7, "2017": 4, "2018": 3, "2019": 5, "2020": 3, "2009": 3, "2008": 1}, "old_citations": {"2010": 16, "2014": 3, "2008": 12, "2012": 13, "2016": 6, "2017": 1, "2013": 2, "2015": 2}, "isVisible": false}, "software": {"name": "software", "type": "topic", "h_index": 902, "h5_index": 167, "num_publications": 13, "num_citations": 37, "num_publications_5y": 7, "num_citations_5y": 25, "num_publications_10y": 12, "num_citations_10y": 28, "publications_years": {"2014": 2, "2013": 1, "2010": 1, "2017": 2, "2012": 3, "2016": 1, "2015": 2, "2008": 1}, "citations_years": {"2015": 7, "2016": 6, "2018": 4, "2019": 4, "2020": 5, "2013": 3, "2014": 3, "2017": 5}, "old_citations": {"2014": 15, "2013": 1, "2010": 0, "2017": 3, "2012": 16, "2016": 0, "2015": 2, "2008": 0}, "isVisible": false}, "telecommunication systems": {"name": "telecommunication systems", "type": "topic", "h_index": 1187, "h5_index": 277, "num_publications": 13, "num_citations": 50, "num_publications_5y": 6, "num_citations_5y": 25, "num_publications_10y": 11, "num_citations_10y": 39, "publications_years": {"2010": 1, "2014": 3, "2008": 2, "2017": 2, "2013": 1, "2012": 3, "2016": 1}, "citations_years": {"2010": 2, "2011": 1, "2012": 4, "2013": 6, "2014": 3, "2015": 8, "2016": 3, "2017": 6, "2018": 5, "2019": 5, "2020": 5, "2008": 1, "2009": 1}, "old_citations": {"2010": 2, "2014": 6, "2008": 13, "2017": 3, "2013": 0, "2012": 20, "2016": 6}, "isVisible": false}, "communication systems": {"name": "communication systems", "type": "topic", "h_index": 1092, "h5_index": 254, "num_publications": 12, "num_citations": 50, "num_publications_5y": 6, "num_citations_5y": 25, "num_publications_10y": 10, "num_citations_10y": 39, "publications_years": {"2010": 1, "2014": 3, "2008": 2, "2017": 2, "2012": 3, "2016": 1}, "citations_years": {"2010": 2, "2011": 1, "2012": 4, "2013": 6, "2014": 3, "2015": 8, "2016": 3, "2017": 6, "2018": 5, "2019": 5, "2020": 5, "2008": 1, "2009": 1}, "old_citations": {"2010": 2, "2014": 6, "2008": 13, "2017": 3, "2012": 20, "2016": 6}, "isVisible": false}, "linear matrix inequalities": {"name": "linear matrix inequalities", "type": "topic", "h_index": 571, "h5_index": 144, "num_publications": 12, "num_citations": 53, "num_publications_5y": 4, "num_citations_5y": 26, "num_publications_10y": 9, "num_citations_10y": 44, "publications_years": {"2010": 4, "2014": 1, "2008": 3, "2012": 1, "2016": 1, "2017": 1, "2015": 1}, "citations_years": {"2010": 3, "2011": 1, "2012": 4, "2013": 7, "2014": 5, "2015": 9, "2016": 6, "2017": 3, "2018": 3, "2019": 5, "2020": 3, "2009": 3, "2008": 1}, "old_citations": {"2010": 16, "2014": 3, "2008": 12, "2012": 13, "2016": 6, "2017": 1, "2015": 2}, "isVisible": false}, "wireless telecommunication systems": {"name": "wireless telecommunication systems", "type": "topic", "h_index": 1087, "h5_index": 254, "num_publications": 12, "num_citations": 50, "num_publications_5y": 6, "num_citations_5y": 25, "num_publications_10y": 10, "num_citations_10y": 39, "publications_years": {"2010": 1, "2014": 3, "2008": 2, "2017": 2, "2012": 3, "2016": 1}, "citations_years": {"2010": 2, "2011": 1, "2012": 4, "2013": 6, "2014": 3, "2015": 8, "2016": 3, "2017": 6, "2018": 5, "2019": 5, "2020": 5, "2008": 1, "2009": 1}, "old_citations": {"2010": 2, "2014": 6, "2008": 13, "2017": 3, "2012": 20, "2016": 6}, "isVisible": false}, "control systems": {"name": "control systems", "type": "topic", "h_index": 433, "h5_index": 104, "num_publications": 11, "num_citations": 55, "num_publications_5y": 6, "num_citations_5y": 30, "num_publications_10y": 9, "num_citations_10y": 41, "publications_years": {"2010": 1, "2014": 3, "2008": 2, "2017": 2, "2012": 2, "2016": 1}, "citations_years": {"2010": 3, "2011": 0, "2012": 2, "2013": 3, "2014": 3, "2015": 10, "2016": 5, "2017": 7, "2018": 5, "2019": 6, "2020": 7, "2009": 3, "2008": 1}, "old_citations": {"2010": 2, "2014": 18, "2008": 9, "2017": 4, "2012": 16, "2016": 6}, "isVisible": false}, "control theory": {"name": "control theory", "type": "topic", "h_index": 389, "h5_index": 109, "num_publications": 10, "num_citations": 44, "num_publications_5y": 4, "num_citations_5y": 22, "num_publications_10y": 8, "num_citations_10y": 39, "publications_years": {"2014": 1, "2008": 2, "2010": 3, "2017": 2, "2012": 1, "2015": 1}, "citations_years": {"2016": 4, "2017": 2, "2018": 4, "2019": 2, "2020": 2, "2009": 3, "2010": 2, "2008": 1, "2011": 1, "2012": 4, "2013": 7, "2014": 4, "2015": 8}, "old_citations": {"2014": 3, "2008": 9, "2010": 14, "2017": 3, "2012": 13, "2015": 2}, "isVisible": false}, "feedback systems": {"name": "feedback systems", "type": "topic", "h_index": 445, "h5_index": 121, "num_publications": 10, "num_citations": 44, "num_publications_5y": 4, "num_citations_5y": 22, "num_publications_10y": 8, "num_citations_10y": 39, "publications_years": {"2014": 1, "2008": 2, "2010": 3, "2017": 2, "2012": 1, "2015": 1}, "citations_years": {"2016": 4, "2017": 2, "2018": 4, "2019": 2, "2020": 2, "2009": 3, "2010": 2, "2008": 1, "2011": 1, "2012": 4, "2013": 7, "2014": 4, "2015": 8}, "old_citations": {"2014": 3, "2008": 9, "2010": 14, "2017": 3, "2012": 13, "2015": 2}, "isVisible": false}, "computer imaging and vision": {"name": "computer imaging and vision", "type": "topic", "h_index": 1142, "h5_index": 334, "num_publications": 8, "num_citations": 44, "num_publications_5y": 4, "num_citations_5y": 24, "num_publications_10y": 8, "num_citations_10y": 32, "publications_years": {"2010": 1, "2017": 1, "2016": 2, "2013": 1, "2012": 2, "2014": 1}, "citations_years": {"2011": 1, "2012": 2, "2013": 5, "2014": 2, "2018": 2, "2019": 5, "2017": 9, "2020": 7, "2016": 6, "2015": 5}, "old_citations": {"2010": 5, "2017": 2, "2016": 6, "2013": 2, "2012": 15, "2014": 14}, "isVisible": false}, "image processing": {"name": "image processing", "type": "topic", "h_index": 1113, "h5_index": 328, "num_publications": 8, "num_citations": 44, "num_publications_5y": 4, "num_citations_5y": 24, "num_publications_10y": 8, "num_citations_10y": 32, "publications_years": {"2010": 1, "2017": 1, "2016": 2, "2013": 1, "2012": 2, "2014": 1}, "citations_years": {"2011": 1, "2012": 2, "2013": 5, "2014": 2, "2018": 2, "2019": 5, "2017": 9, "2020": 7, "2016": 6, "2015": 5}, "old_citations": {"2010": 5, "2017": 2, "2016": 6, "2013": 2, "2012": 15, "2014": 14}, "isVisible": false}, "communication": {"name": "communication", "type": "topic", "h_index": 886, "h5_index": 209, "num_publications": 8, "num_citations": 22, "num_publications_5y": 3, "num_citations_5y": 18, "num_publications_10y": 8, "num_citations_10y": 22, "publications_years": {"2014": 2, "2013": 2, "2010": 2, "2012": 1, "2017": 1}, "citations_years": {"2015": 5, "2016": 5, "2013": 3, "2014": 3, "2017": 3, "2018": 2, "2012": 1}, "old_citations": {"2014": 3, "2013": 3, "2010": 9, "2012": 5, "2017": 2}, "isVisible": false}, "computer programming": {"name": "computer programming", "type": "topic", "h_index": 873, "h5_index": 186, "num_publications": 7, "num_citations": 31, "num_publications_5y": 3, "num_citations_5y": 18, "num_publications_10y": 6, "num_citations_10y": 28, "publications_years": {"2014": 1, "2013": 1, "2017": 1, "2012": 2, "2016": 1, "2008": 1}, "citations_years": {"2016": 2, "2017": 3, "2018": 3, "2019": 1, "2020": 2, "2013": 6, "2014": 4, "2015": 6, "2012": 3, "2011": 1}, "old_citations": {"2014": 3, "2013": 1, "2017": 2, "2012": 18, "2016": 0, "2008": 7}, "isVisible": false}, "image analysis": {"name": "image analysis", "type": "topic", "h_index": 988, "h5_index": 315, "num_publications": 6, "num_citations": 37, "num_publications_5y": 4, "num_citations_5y": 21, "num_publications_10y": 6, "num_citations_10y": 25, "publications_years": {"2017": 1, "2016": 2, "2012": 2, "2014": 1}, "citations_years": {"2018": 2, "2019": 5, "2017": 8, "2020": 7, "2012": 1, "2013": 3, "2014": 1, "2015": 5, "2016": 5}, "old_citations": {"2017": 2, "2016": 6, "2012": 15, "2014": 14}, "isVisible": false}, "distributed computer systems": {"name": "distributed computer systems", "type": "topic", "h_index": 985, "h5_index": 228, "num_publications": 8, "num_citations": 40, "num_publications_5y": 3, "num_citations_5y": 23, "num_publications_10y": 6, "num_citations_10y": 33, "publications_years": {"2014": 2, "2013": 1, "2012": 2, "2016": 1, "2008": 2}, "citations_years": {"2016": 5, "2017": 4, "2018": 2, "2019": 4, "2020": 3, "2015": 7, "2013": 6, "2014": 5, "2012": 3, "2011": 1}, "old_citations": {"2014": 5, "2013": 1, "2012": 18, "2016": 6, "2008": 10}, "isVisible": false}, "communication channels (information theory)": {"name": "communication channels (information theory)", "type": "topic", "h_index": 925, "h5_index": 216, "num_publications": 5, "num_citations": 17, "num_publications_5y": 3, "num_citations_5y": 6, "num_publications_10y": 4, "num_citations_10y": 10, "publications_years": {"2010": 1, "2008": 1, "2017": 2, "2016": 1}, "citations_years": {"2010": 2, "2011": 0, "2012": 1, "2013": 0, "2014": 0, "2015": 2, "2008": 1, "2009": 1, "2016": 0, "2017": 1, "2018": 3, "2019": 4, "2020": 2}, "old_citations": {"2010": 2, "2008": 6, "2017": 3, "2016": 6}, "isVisible": false}, "matlab": {"name": "matlab", "type": "topic", "h_index": 246, "h5_index": 51, "num_publications": 6, "num_citations": 19, "num_publications_5y": 5, "num_citations_5y": 14, "num_publications_10y": 5, "num_citations_10y": 14, "publications_years": {"2017": 2, "2016": 1, "2015": 1, "2008": 1, "2014": 1}, "citations_years": {"2018": 3, "2019": 1, "2020": 4, "2016": 5, "2017": 4, "2015": 2}, "old_citations": {"2017": 3, "2016": 0, "2015": 2, "2008": 0, "2014": 14}, "isVisible": false}, "image coding": {"name": "image coding", "type": "topic", "h_index": 759, "h5_index": 203, "num_publications": 3, "num_citations": 22, "num_publications_5y": 3, "num_citations_5y": 13, "num_publications_10y": 3, "num_citations_10y": 13, "publications_years": {"2017": 1, "2016": 1, "2014": 1}, "citations_years": {"2018": 2, "2019": 4, "2017": 5, "2020": 5, "2015": 2, "2016": 4}, "old_citations": {"2017": 2, "2016": 6, "2014": 14}, "isVisible": false}, "image compression": {"name": "image compression", "type": "topic", "h_index": 557, "h5_index": 142, "num_publications": 2, "num_citations": 8, "num_publications_5y": 2, "num_citations_5y": 2, "num_publications_10y": 2, "num_citations_10y": 2, "publications_years": {"2017": 1, "2016": 1}, "citations_years": {"2018": 1, "2019": 4, "2017": 1, "2020": 2}, "old_citations": {"2017": 2, "2016": 6}, "isVisible": false}, "image quality": {"name": "image quality", "type": "topic", "h_index": 704, "h5_index": 206, "num_publications": 2, "num_citations": 8, "num_publications_5y": 2, "num_citations_5y": 2, "num_publications_10y": 2, "num_citations_10y": 2, "publications_years": {"2017": 1, "2016": 1}, "citations_years": {"2018": 1, "2019": 4, "2017": 1, "2020": 2}, "old_citations": {"2017": 2, "2016": 6}, "isVisible": false}}, "authors": {"2171587701": {"name": "toshiji kato", "type": "author", "activity": 29, "h_index": 6, "h5_index": 0, "mag_id": "2171587701", "num_publications": 4, "num_citations": 8, "num_publications_5y": 1, "num_citations_5y": 7, "num_publications_10y": 4, "num_citations_10y": 8, "publications_years": {"2013": 1, "2010": 1, "2014": 1, "2012": 1}, "citations_years": {"2016": 2, "2015": 2, "2013": 1, "2014": 2, "2017": 0, "2018": 1}, "old_citations": {"2013": 1, "2010": 0, "2014": 2, "2012": 5}, "isVisible": false}, "2159673386": {"name": "kaoru inoue", "type": "author", "activity": 18, "h_index": 3, "h5_index": 0, "mag_id": "2159673386", "num_publications": 3, "num_citations": 8, "num_publications_5y": 1, "num_citations_5y": 7, "num_publications_10y": 3, "num_citations_10y": 8, "publications_years": {"2013": 1, "2014": 1, "2012": 1}, "citations_years": {"2016": 2, "2015": 2, "2013": 1, "2014": 2, "2017": 0, "2018": 1}, "old_citations": {"2013": 1, "2014": 2, "2012": 5}, "isVisible": false}, "1987157597": {"name": "johan driesen", "type": "author", "activity": 22, "h_index": 13, "h5_index": 3, "mag_id": "1987157597", "num_publications": 2, "num_citations": 4, "num_publications_5y": 1, "num_citations_5y": 2, "num_publications_10y": 2, "num_citations_10y": 2, "publications_years": {"2017": 1, "2012": 1}, "citations_years": {"2018": 1, "2014": 1, "2015": 0, "2016": 0, "2017": 0, "2019": 2}, "old_citations": {"2017": 1, "2012": 3}, "isVisible": false}, "2042690715": {"name": "jeroen tant", "type": "author", "activity": 8, "h_index": 2, "h5_index": 1, "mag_id": "2042690715", "num_publications": 2, "num_citations": 4, "num_publications_5y": 1, "num_citations_5y": 2, "num_publications_10y": 2, "num_citations_10y": 2, "publications_years": {"2017": 1, "2012": 1}, "citations_years": {"2018": 1, "2014": 1, "2015": 0, "2016": 0, "2017": 0, "2019": 2}, "old_citations": {"2017": 1, "2012": 3}, "isVisible": false}, "2112889444": {"name": "a lazaro", "type": "author", "activity": 19, "h_index": 6, "h5_index": 2, "mag_id": "2112889444", "num_publications": 2, "num_citations": 14, "num_publications_5y": 0, "num_citations_5y": 7, "num_publications_10y": 2, "num_citations_10y": 14, "publications_years": {"2010": 2}, "citations_years": {"2011": 1, "2012": 2, "2013": 4, "2014": 2, "2015": 2, "2016": 2, "2017": 1}, "old_citations": {"2010": 14}, "isVisible": false}, "2119153656": {"name": "yukiko kotani", "type": "author", "activity": 2, "h_index": 2, "h5_index": 0, "mag_id": "2119153656", "num_publications": 2, "num_citations": 6, "num_publications_5y": 0, "num_citations_5y": 5, "num_publications_10y": 2, "num_citations_10y": 6, "publications_years": {"2013": 1, "2012": 1}, "citations_years": {"2016": 1, "2013": 1, "2014": 2, "2015": 1, "2017": 0, "2018": 1}, "old_citations": {"2013": 1, "2012": 5}, "isVisible": false}, "2146737000": {"name": "takumi ogawa", "type": "author", "activity": 2, "h_index": 1, "h5_index": 0, "mag_id": "2146737000", "num_publications": 2, "num_citations": 3, "num_publications_5y": 1, "num_citations_5y": 3, "num_publications_10y": 2, "num_citations_10y": 3, "publications_years": {"2013": 1, "2014": 1}, "citations_years": {"2016": 2, "2015": 1}, "old_citations": {"2013": 1, "2014": 2}, "isVisible": false}, "2305246619": {"name": "philip t krein", "type": "author", "activity": 26, "h_index": 8, "h5_index": 2, "mag_id": "2305246619", "num_publications": 2, "num_citations": 9, "num_publications_5y": 0, "num_citations_5y": 5, "num_publications_10y": 0, "num_citations_10y": 8, "publications_years": {"2008": 2}, "citations_years": {"2008": 1, "2009": 1, "2010": 1, "2011": 0, "2012": 1, "2013": 0, "2014": 1, "2015": 1, "2016": 2, "2017": 0, "2018": 1}, "old_citations": {"2008": 9}, "isVisible": false}, "2306724805": {"name": "p zumel", "type": "author", "activity": 20, "h_index": 5, "h5_index": 0, "mag_id": "2306724805", "num_publications": 2, "num_citations": 14, "num_publications_5y": 0, "num_citations_5y": 7, "num_publications_10y": 2, "num_citations_10y": 14, "publications_years": {"2010": 2}, "citations_years": {"2011": 1, "2012": 2, "2013": 4, "2014": 2, "2015": 2, "2016": 2, "2017": 1}, "old_citations": {"2010": 14}, "isVisible": false}, "2307382902": {"name": "a barrado", "type": "author", "activity": 19, "h_index": 5, "h5_index": 0, "mag_id": "2307382902", "num_publications": 2, "num_citations": 14, "num_publications_5y": 0, "num_citations_5y": 7, "num_publications_10y": 2, "num_citations_10y": 14, "publications_years": {"2010": 2}, "citations_years": {"2011": 1, "2012": 2, "2013": 4, "2014": 2, "2015": 2, "2016": 2, "2017": 1}, "old_citations": {"2010": 14}, "isVisible": false}, "1137689234": {"name": "hamid atighechi", "type": "author", "activity": 6, "h_index": 2, "h5_index": 1, "mag_id": "1137689234", "num_publications": 1, "num_citations": 2, "num_publications_5y": 0, "num_citations_5y": 2, "num_publications_10y": 1, "num_citations_10y": 2, "publications_years": {"2013": 1}, "citations_years": {"2016": 1, "2017": 1}, "old_citations": {"2013": 2}, "isVisible": false}, "1492475119": {"name": "hanno stagge", "type": "author", "activity": 5, "h_index": 3, "h5_index": 1, "mag_id": "1492475119", "num_publications": 1, "num_citations": 8, "num_publications_5y": 0, "num_citations_5y": 4, "num_publications_10y": 1, "num_citations_10y": 6, "publications_years": {"2012": 1}, "citations_years": {"2013": 2, "2014": 0, "2015": 3, "2016": 0, "2017": 1, "2018": 0, "2019": 1, "2020": 1}, "old_citations": {"2012": 8}, "isVisible": false}, "1586979686": {"name": "a musing", "type": "author", "activity": 7, "h_index": 5, "h5_index": 0, "mag_id": "1586979686", "num_publications": 1, "num_citations": 7, "num_publications_5y": 0, "num_citations_5y": 2, "num_publications_10y": 0, "num_citations_10y": 7, "publications_years": {"2008": 1}, "citations_years": {"2011": 1, "2012": 2, "2013": 2, "2014": 0, "2015": 0, "2016": 0, "2017": 2}, "old_citations": {"2008": 7}, "isVisible": false}, "1760125747": {"name": "hiroaki kakigano", "type": "author", "activity": 7, "h_index": 3, "h5_index": 0, "mag_id": "1760125747", "num_publications": 1, "num_citations": 7, "num_publications_5y": 0, "num_citations_5y": 4, "num_publications_10y": 1, "num_citations_10y": 6, "publications_years": {"2012": 1}, "citations_years": {"2012": 1, "2013": 1, "2014": 1, "2015": 0, "2016": 1, "2017": 2, "2018": 0, "2019": 0, "2020": 1}, "old_citations": {"2012": 7}, "isVisible": false}, "1846547590": {"name": "juan j rodriguezandina", "type": "author", "activity": 24, "h_index": 7, "h5_index": 1, "mag_id": "1846547590", "num_publications": 1, "num_citations": 1, "num_publications_5y": 1, "num_citations_5y": 1, "num_publications_10y": 1, "num_citations_10y": 1, "publications_years": {"2014": 1}, "citations_years": {"2015": 1}, "old_citations": {"2014": 1}, "isVisible": false}, "1874172883": {"name": "g vitale", "type": "author", "activity": 24, "h_index": 6, "h5_index": 1, "mag_id": "1874172883", "num_publications": 1, "num_citations": 14, "num_publications_5y": 1, "num_citations_5y": 11, "num_publications_10y": 1, "num_citations_10y": 11, "publications_years": {"2014": 1}, "citations_years": {"2015": 2, "2016": 4, "2017": 4, "2018": 1, "2019": 0, "2020": 3}, "old_citations": {"2014": 14}, "isVisible": false}, "1916451402": {"name": "toshifumi ise", "type": "author", "activity": 17, "h_index": 5, "h5_index": 3, "mag_id": "1916451402", "num_publications": 1, "num_citations": 7, "num_publications_5y": 0, "num_citations_5y": 4, "num_publications_10y": 1, "num_citations_10y": 6, "publications_years": {"2012": 1}, "citations_years": {"2012": 1, "2013": 1, "2014": 1, "2015": 0, "2016": 1, "2017": 2, "2018": 0, "2019": 0, "2020": 1}, "old_citations": {"2012": 7}, "isVisible": false}, "1980595175": {"name": "fujio kurokawa", "type": "author", "activity": 27, "h_index": 7, "h5_index": 3, "mag_id": "1980595175", "num_publications": 1, "num_citations": 13, "num_publications_5y": 0, "num_citations_5y": 8, "num_publications_10y": 1, "num_citations_10y": 12, "publications_years": {"2012": 1}, "citations_years": {"2012": 1, "2013": 3, "2014": 2, "2015": 5, "2016": 0, "2017": 1, "2018": 0, "2019": 1}, "old_citations": {"2012": 13}, "isVisible": false}, "1984072533": {"name": "a benigni", "type": "author", "activity": 6, "h_index": 4, "h5_index": 0, "mag_id": "1984072533", "num_publications": 1, "num_citations": 8, "num_publications_5y": 0, "num_citations_5y": 4, "num_publications_10y": 1, "num_citations_10y": 6, "publications_years": {"2012": 1}, "citations_years": {"2013": 2, "2014": 0, "2015": 3, "2016": 0, "2017": 1, "2018": 0, "2019": 1, "2020": 1}, "old_citations": {"2012": 8}, "isVisible": false}, "2002172303": {"name": "toit mouton", "type": "author", "activity": 8, "h_index": 2, "h5_index": 0, "mag_id": "2002172303", "num_publications": 1, "num_citations": 0, "num_publications_5y": 1, "num_citations_5y": 0, "num_publications_10y": 1, "num_citations_10y": 0, "publications_years": {"2016": 1}, "citations_years": {}, "old_citations": {"2016": 0}, "isVisible": false}, "2042039081": {"name": "m c di piazza", "type": "author", "activity": 12, "h_index": 4, "h5_index": 1, "mag_id": "2042039081", "num_publications": 1, "num_citations": 14, "num_publications_5y": 1, "num_citations_5y": 11, "num_publications_10y": 1, "num_citations_10y": 11, "publications_years": {"2014": 1}, "citations_years": {"2015": 2, "2016": 4, "2017": 4, "2018": 1, "2019": 0, "2020": 3}, "old_citations": {"2014": 14}, "isVisible": false}, "2044098504": {"name": "jorge rodrigo massing", "type": "author", "activity": 4, "h_index": 1, "h5_index": 1, "mag_id": "2044098504", "num_publications": 1, "num_citations": 1, "num_publications_5y": 1, "num_citations_5y": 1, "num_publications_10y": 1, "num_citations_10y": 1, "publications_years": {"2017": 1}, "citations_years": {"2018": 1}, "old_citations": {"2017": 1}, "isVisible": false}, "2052394727": {"name": "hidenori maruta", "type": "author", "activity": 10, "h_index": 4, "h5_index": 1, "mag_id": "2052394727", "num_publications": 1, "num_citations": 13, "num_publications_5y": 0, "num_citations_5y": 8, "num_publications_10y": 1, "num_citations_10y": 12, "publications_years": {"2012": 1}, "citations_years": {"2012": 1, "2013": 3, "2014": 2, "2015": 5, "2016": 0, "2017": 1, "2018": 0, "2019": 1}, "old_citations": {"2012": 13}, "isVisible": false}, "2081479045": {"name": "juri jatskevich", "type": "author", "activity": 21, "h_index": 12, "h5_index": 2, "mag_id": "2081479045", "num_publications": 1, "num_citations": 2, "num_publications_5y": 0, "num_citations_5y": 2, "num_publications_10y": 1, "num_citations_10y": 2, "publications_years": {"2013": 1}, "citations_years": {"2016": 1, "2017": 1}, "old_citations": {"2013": 2}, "isVisible": false}, "2082528285": {"name": "sebastien cliquennois", "type": "author", "activity": 1, "h_index": 2, "h5_index": 0, "mag_id": "2082528285", "num_publications": 1, "num_citations": 2, "num_publications_5y": 0, "num_citations_5y": 1, "num_publications_10y": 1, "num_citations_10y": 2, "publications_years": {"2010": 1}, "citations_years": {"2010": 1, "2011": 0, "2012": 0, "2013": 0, "2014": 0, "2015": 1}, "old_citations": {"2010": 2}, "isVisible": false}, "2094899773": {"name": "matias anun", "type": "author", "activity": 1, "h_index": 1, "h5_index": 0, "mag_id": "2094899773", "num_publications": 1, "num_citations": 0, "num_publications_5y": 0, "num_citations_5y": 0, "num_publications_10y": 1, "num_citations_10y": 0, "publications_years": {"2013": 1}, "citations_years": {}, "old_citations": {"2013": 0}, "isVisible": false}, "2100874531": {"name": "deepak gautam", "type": "author", "activity": 4, "h_index": 2, "h5_index": 0, "mag_id": "2100874531", "num_publications": 1, "num_citations": 2, "num_publications_5y": 1, "num_citations_5y": 1, "num_publications_10y": 1, "num_citations_10y": 1, "publications_years": {"2015": 1}, "citations_years": {"2016": 1, "2017": 0, "2018": 0, "2019": 1}, "old_citations": {"2015": 2}, "isVisible": false}, "2101587019": {"name": "cristina fernandez", "type": "author", "activity": 19, "h_index": 3, "h5_index": 0, "mag_id": "2101587019", "num_publications": 1, "num_citations": 5, "num_publications_5y": 0, "num_citations_5y": 1, "num_publications_10y": 1, "num_citations_10y": 5, "publications_years": {"2010": 1}, "citations_years": {"2011": 1, "2012": 1, "2013": 2, "2014": 1}, "old_citations": {"2010": 5}, "isVisible": false}, "2101771544": {"name": "hendrik du toit mouton", "type": "author", "activity": 17, "h_index": 4, "h5_index": 3, "mag_id": "2101771544", "num_publications": 1, "num_citations": 6, "num_publications_5y": 1, "num_citations_5y": 1, "num_publications_10y": 1, "num_citations_10y": 1, "publications_years": {"2016": 1}, "citations_years": {"2017": 1, "2018": 0, "2019": 3, "2020": 2}, "old_citations": {"2016": 6}, "isVisible": false}, "2104089266": {"name": "a j rix", "type": "author", "activity": 5, "h_index": 2, "h5_index": 2, "mag_id": "2104089266", "num_publications": 1, "num_citations": 6, "num_publications_5y": 1, "num_citations_5y": 1, "num_publications_10y": 1, "num_citations_10y": 1, "publications_years": {"2016": 1}, "citations_years": {"2017": 1, "2018": 0, "2019": 3, "2020": 2}, "old_citations": {"2016": 6}, "isVisible": false}, "2106623087": {"name": "mario pacas", "type": "author", "activity": 8, "h_index": 2, "h5_index": 1, "mag_id": "2106623087", "num_publications": 1, "num_citations": 1, "num_publications_5y": 1, "num_citations_5y": 1, "num_publications_10y": 1, "num_citations_10y": 1, "publications_years": {"2014": 1}, "citations_years": {"2015": 1}, "old_citations": {"2014": 1}, "isVisible": false}, "2111106945": {"name": "johann w kolar", "type": "author", "activity": 26, "h_index": 16, "h5_index": 5, "mag_id": "2111106945", "num_publications": 1, "num_citations": 7, "num_publications_5y": 0, "num_citations_5y": 2, "num_publications_10y": 0, "num_citations_10y": 7, "publications_years": {"2008": 1}, "citations_years": {"2011": 1, "2012": 2, "2013": 2, "2014": 0, "2015": 0, "2016": 0, "2017": 2}, "old_citations": {"2008": 7}, "isVisible": false}, "2126221690": {"name": "jonathan w kimball", "type": "author", "activity": 13, "h_index": 9, "h5_index": 2, "mag_id": "2126221690", "num_publications": 1, "num_citations": 3, "num_publications_5y": 0, "num_citations_5y": 3, "num_publications_10y": 0, "num_citations_10y": 3, "publications_years": {"2008": 1}, "citations_years": {"2014": 1, "2015": 0, "2016": 2}, "old_citations": {"2008": 3}, "isVisible": false}, "2131995661": {"name": "sergio cannizzaro", "type": "author", "activity": 1, "h_index": 1, "h5_index": 0, "mag_id": "2131995661", "num_publications": 1, "num_citations": 14, "num_publications_5y": 1, "num_citations_5y": 11, "num_publications_10y": 1, "num_citations_10y": 11, "publications_years": {"2014": 1}, "citations_years": {"2015": 2, "2016": 4, "2017": 4, "2018": 1, "2019": 0, "2020": 3}, "old_citations": {"2014": 14}, "isVisible": false}, "2135611032": {"name": "j a oliver", "type": "author", "activity": 19, "h_index": 2, "h5_index": 1, "mag_id": "2135611032", "num_publications": 1, "num_citations": 0, "num_publications_5y": 0, "num_citations_5y": 0, "num_publications_10y": 1, "num_citations_10y": 0, "publications_years": {"2010": 1}, "citations_years": {}, "old_citations": {"2010": 0}, "isVisible": false}, "2137662378": {"name": "carlos sagues", "type": "author", "activity": 28, "h_index": 18, "h5_index": 4, "mag_id": "2137662378", "num_publications": 1, "num_citations": 3, "num_publications_5y": 1, "num_citations_5y": 2, "num_publications_10y": 1, "num_citations_10y": 2, "publications_years": {"2014": 1}, "citations_years": {"2016": 1, "2017": 0, "2018": 1, "2019": 0, "2020": 1}, "old_citations": {"2014": 3}, "isVisible": false}, "2138263574": {"name": "d navarro", "type": "author", "activity": 26, "h_index": 10, "h5_index": 2, "mag_id": "2138263574", "num_publications": 1, "num_citations": 3, "num_publications_5y": 1, "num_citations_5y": 2, "num_publications_10y": 1, "num_citations_10y": 2, "publications_years": {"2014": 1}, "citations_years": {"2016": 1, "2017": 0, "2018": 1, "2019": 0, "2020": 1}, "old_citations": {"2014": 3}, "isVisible": false}, "2140293264": {"name": "jason poon", "type": "author", "activity": 7, "h_index": 2, "h5_index": 1, "mag_id": "2140293264", "num_publications": 1, "num_citations": 2, "num_publications_5y": 1, "num_citations_5y": 2, "num_publications_10y": 1, "num_citations_10y": 2, "publications_years": {"2017": 1}, "citations_years": {"2017": 1, "2018": 1}, "old_citations": {"2017": 2}, "isVisible": false}, "2143358173": {"name": "stephen m cox", "type": "author", "activity": 3, "h_index": 2, "h5_index": 2, "mag_id": "2143358173", "num_publications": 1, "num_citations": 0, "num_publications_5y": 1, "num_citations_5y": 0, "num_publications_10y": 1, "num_citations_10y": 0, "publications_years": {"2016": 1}, "citations_years": {}, "old_citations": {"2016": 0}, "isVisible": false}, "2143419524": {"name": "rik w de doncker", "type": "author", "activity": 29, "h_index": 9, "h5_index": 6, "mag_id": "2143419524", "num_publications": 1, "num_citations": 8, "num_publications_5y": 0, "num_citations_5y": 4, "num_publications_10y": 1, "num_citations_10y": 6, "publications_years": {"2012": 1}, "citations_years": {"2013": 2, "2014": 0, "2015": 3, "2016": 0, "2017": 1, "2018": 0, "2019": 1, "2020": 1}, "old_citations": {"2012": 8}, "isVisible": false}, "2144185262": {"name": "humberto pinheiro", "type": "author", "activity": 24, "h_index": 4, "h5_index": 2, "mag_id": "2144185262", "num_publications": 1, "num_citations": 1, "num_publications_5y": 1, "num_citations_5y": 1, "num_publications_10y": 1, "num_citations_10y": 1, "publications_years": {"2017": 1}, "citations_years": {"2018": 1}, "old_citations": {"2017": 1}, "isVisible": false}, "2148526305": {"name": "marcelo pozo", "type": "author", "activity": 1, "h_index": 1, "h5_index": 0, "mag_id": "2148526305", "num_publications": 1, "num_citations": 1, "num_publications_5y": 1, "num_citations_5y": 1, "num_publications_10y": 1, "num_citations_10y": 1, "publications_years": {"2014": 1}, "citations_years": {"2015": 1}, "old_citations": {"2014": 1}, "isVisible": false}, "2150598326": {"name": "kimitoshi ueno", "type": "author", "activity": 2, "h_index": 2, "h5_index": 0, "mag_id": "2150598326", "num_publications": 1, "num_citations": 13, "num_publications_5y": 0, "num_citations_5y": 8, "num_publications_10y": 1, "num_citations_10y": 12, "publications_years": {"2012": 1}, "citations_years": {"2012": 1, "2013": 3, "2014": 2, "2015": 5, "2016": 0, "2017": 1, "2018": 0, "2019": 1}, "old_citations": {"2012": 13}, "isVisible": false}, "2150706574": {"name": "s r sanders", "type": "author", "activity": 30, "h_index": 15, "h5_index": 2, "mag_id": "2150706574", "num_publications": 1, "num_citations": 2, "num_publications_5y": 1, "num_citations_5y": 2, "num_publications_10y": 1, "num_citations_10y": 2, "publications_years": {"2017": 1}, "citations_years": {"2017": 1, "2018": 1}, "old_citations": {"2017": 2}, "isVisible": false}, "2155343199": {"name": "s s ang", "type": "author", "activity": 11, "h_index": 3, "h5_index": 2, "mag_id": "2155343199", "num_publications": 1, "num_citations": 2, "num_publications_5y": 1, "num_citations_5y": 1, "num_publications_10y": 1, "num_citations_10y": 1, "publications_years": {"2017": 1}, "citations_years": {"2018": 1, "2019": 0, "2020": 1}, "old_citations": {"2017": 2}, "isVisible": false}, "2157837954": {"name": "j i artigas", "type": "author", "activity": 24, "h_index": 6, "h5_index": 1, "mag_id": "2157837954", "num_publications": 1, "num_citations": 3, "num_publications_5y": 1, "num_citations_5y": 2, "num_publications_10y": 1, "num_citations_10y": 2, "publications_years": {"2014": 1}, "citations_years": {"2016": 1, "2017": 0, "2018": 1, "2019": 0, "2020": 1}, "old_citations": {"2014": 3}, "isVisible": false}, "2164519833": {"name": "wim michiels", "type": "author", "activity": 23, "h_index": 9, "h5_index": 2, "mag_id": "2164519833", "num_publications": 1, "num_citations": 3, "num_publications_5y": 0, "num_citations_5y": 1, "num_publications_10y": 1, "num_citations_10y": 1, "publications_years": {"2012": 1}, "citations_years": {"2014": 1, "2015": 0, "2016": 0, "2017": 0, "2018": 0, "2019": 2}, "old_citations": {"2012": 3}, "isVisible": false}, "2164829797": {"name": "oscar lucia", "type": "author", "activity": 13, "h_index": 6, "h5_index": 2, "mag_id": "2164829797", "num_publications": 1, "num_citations": 3, "num_publications_5y": 1, "num_citations_5y": 2, "num_publications_10y": 1, "num_citations_10y": 2, "publications_years": {"2014": 1}, "citations_years": {"2016": 1, "2017": 0, "2018": 1, "2019": 0, "2020": 1}, "old_citations": {"2014": 3}, "isVisible": false}, "2167224568": {"name": "r prieto", "type": "author", "activity": 14, "h_index": 2, "h5_index": 0, "mag_id": "2167224568", "num_publications": 1, "num_citations": 0, "num_publications_5y": 0, "num_citations_5y": 0, "num_publications_10y": 1, "num_citations_10y": 0, "publications_years": {"2010": 1}, "citations_years": {}, "old_citations": {"2010": 0}, "isVisible": false}, "2167533727": {"name": "katherine a kim", "type": "author", "activity": 3, "h_index": 2, "h5_index": 2, "mag_id": "2167533727", "num_publications": 1, "num_citations": 2, "num_publications_5y": 1, "num_citations_5y": 1, "num_publications_10y": 1, "num_citations_10y": 1, "publications_years": {"2017": 1}, "citations_years": {"2018": 1, "2019": 1}, "old_citations": {"2017": 2}, "isVisible": false}, "2174710513": {"name": "shaahin filizadeh", "type": "author", "activity": 16, "h_index": 7, "h5_index": 1, "mag_id": "2174710513", "num_publications": 1, "num_citations": 0, "num_publications_5y": 1, "num_citations_5y": 0, "num_publications_10y": 1, "num_citations_10y": 0, "publications_years": {"2015": 1}, "citations_years": {}, "old_citations": {"2015": 0}, "isVisible": false}, "2193146251": {"name": "w g dunford", "type": "author", "activity": 24, "h_index": 3, "h5_index": 0, "mag_id": "2193146251", "num_publications": 1, "num_citations": 2, "num_publications_5y": 1, "num_citations_5y": 1, "num_publications_10y": 1, "num_citations_10y": 1, "publications_years": {"2015": 1}, "citations_years": {"2016": 1, "2017": 0, "2018": 0, "2019": 1}, "old_citations": {"2015": 2}, "isVisible": false}, "2217425014": {"name": "martin ordonez", "type": "author", "activity": 16, "h_index": 5, "h5_index": 0, "mag_id": "2217425014", "num_publications": 1, "num_citations": 0, "num_publications_5y": 0, "num_citations_5y": 0, "num_publications_10y": 1, "num_citations_10y": 0, "publications_years": {"2013": 1}, "citations_years": {}, "old_citations": {"2013": 0}, "isVisible": false}, "2224775371": {"name": "l a barragan", "type": "author", "activity": 26, "h_index": 7, "h5_index": 1, "mag_id": "2224775371", "num_publications": 1, "num_citations": 3, "num_publications_5y": 1, "num_citations_5y": 2, "num_publications_10y": 1, "num_citations_10y": 2, "publications_years": {"2014": 1}, "citations_years": {"2016": 1, "2017": 0, "2018": 1, "2019": 0, "2020": 1}, "old_citations": {"2014": 3}, "isVisible": false}, "2225244688": {"name": "masashi motomura", "type": "author", "activity": 5, "h_index": 3, "h5_index": 1, "mag_id": "2225244688", "num_publications": 1, "num_citations": 13, "num_publications_5y": 0, "num_citations_5y": 8, "num_publications_10y": 1, "num_citations_10y": 12, "publications_years": {"2012": 1}, "citations_years": {"2012": 1, "2013": 3, "2014": 2, "2015": 5, "2016": 0, "2017": 1, "2018": 0, "2019": 1}, "old_citations": {"2012": 13}, "isVisible": false}, "2229413119": {"name": "yubo kevin lei", "type": "author", "activity": 1, "h_index": 1, "h5_index": 0, "mag_id": "2229413119", "num_publications": 1, "num_citations": 2, "num_publications_5y": 1, "num_citations_5y": 1, "num_publications_10y": 1, "num_citations_10y": 1, "publications_years": {"2015": 1}, "citations_years": {"2016": 1, "2017": 0, "2018": 0, "2019": 1}, "old_citations": {"2015": 2}, "isVisible": false}, "2229773754": {"name": "ali yazdanpanah goharrizi", "type": "author", "activity": 2, "h_index": 1, "h5_index": 0, "mag_id": "2229773754", "num_publications": 1, "num_citations": 0, "num_publications_5y": 1, "num_citations_5y": 0, "num_publications_10y": 1, "num_citations_10y": 0, "publications_years": {"2015": 1}, "citations_years": {}, "old_citations": {"2015": 0}, "isVisible": false}, "2233929003": {"name": "javier garrido", "type": "author", "activity": 22, "h_index": 10, "h5_index": 1, "mag_id": "2233929003", "num_publications": 1, "num_citations": 0, "num_publications_5y": 1, "num_citations_5y": 0, "num_publications_10y": 1, "num_citations_10y": 0, "publications_years": {"2016": 1}, "citations_years": {}, "old_citations": {"2016": 0}, "isVisible": false}, "2236998369": {"name": "hiroshi fujiwara", "type": "author", "activity": 1, "h_index": 1, "h5_index": 0, "mag_id": "2236998369", "num_publications": 1, "num_citations": 7, "num_publications_5y": 0, "num_citations_5y": 4, "num_publications_10y": 1, "num_citations_10y": 6, "publications_years": {"2012": 1}, "citations_years": {"2012": 1, "2013": 1, "2014": 1, "2015": 0, "2016": 1, "2017": 2, "2018": 0, "2019": 0, "2020": 1}, "old_citations": {"2012": 7}, "isVisible": false}, "2240869445": {"name": "daniel vila", "type": "author", "activity": 1, "h_index": 1, "h5_index": 0, "mag_id": "2240869445", "num_publications": 1, "num_citations": 1, "num_publications_5y": 1, "num_citations_5y": 1, "num_publications_10y": 1, "num_citations_10y": 1, "publications_years": {"2014": 1}, "citations_years": {"2015": 1}, "old_citations": {"2014": 1}, "isVisible": false}, "2249743650": {"name": "antonello monti", "type": "author", "activity": 25, "h_index": 19, "h5_index": 10, "mag_id": "2249743650", "num_publications": 1, "num_citations": 8, "num_publications_5y": 0, "num_citations_5y": 4, "num_publications_10y": 1, "num_citations_10y": 6, "publications_years": {"2012": 1}, "citations_years": {"2013": 2, "2014": 0, "2015": 3, "2016": 0, "2017": 1, "2018": 0, "2019": 1, "2020": 1}, "old_citations": {"2012": 8}, "isVisible": false}, "2279442990": {"name": "alberto sanchez", "type": "author", "activity": 8, "h_index": 4, "h5_index": 1, "mag_id": "2279442990", "num_publications": 1, "num_citations": 0, "num_publications_5y": 1, "num_citations_5y": 0, "num_publications_10y": 1, "num_citations_10y": 0, "publications_years": {"2016": 1}, "citations_years": {}, "old_citations": {"2016": 0}, "isVisible": false}, "2293405594": {"name": "s amini akbarabadi", "type": "author", "activity": 1, "h_index": 1, "h5_index": 0, "mag_id": "2293405594", "num_publications": 1, "num_citations": 2, "num_publications_5y": 0, "num_citations_5y": 2, "num_publications_10y": 1, "num_citations_10y": 2, "publications_years": {"2013": 1}, "citations_years": {"2016": 1, "2017": 1}, "old_citations": {"2013": 2}, "isVisible": false}, "2303281393": {"name": "yushi miura", "type": "author", "activity": 16, "h_index": 4, "h5_index": 2, "mag_id": "2303281393", "num_publications": 1, "num_citations": 7, "num_publications_5y": 0, "num_citations_5y": 4, "num_publications_10y": 1, "num_citations_10y": 6, "publications_years": {"2012": 1}, "citations_years": {"2012": 1, "2013": 1, "2014": 1, "2015": 0, "2016": 1, "2017": 2, "2018": 0, "2019": 0, "2020": 1}, "old_citations": {"2012": 7}, "isVisible": false}, "2309931088": {"name": "fumiaki koga", "type": "author", "activity": 1, "h_index": 1, "h5_index": 0, "mag_id": "2309931088", "num_publications": 1, "num_citations": 5, "num_publications_5y": 0, "num_citations_5y": 4, "num_publications_10y": 1, "num_citations_10y": 5, "publications_years": {"2012": 1}, "citations_years": {"2013": 1, "2014": 2, "2015": 1, "2016": 0, "2017": 0, "2018": 1}, "old_citations": {"2012": 5}, "isVisible": false}, "2311823987": {"name": "federico luchino", "type": "author", "activity": 1, "h_index": 0, "h5_index": 0, "mag_id": "2311823987", "num_publications": 1, "num_citations": 0, "num_publications_5y": 0, "num_citations_5y": 0, "num_publications_10y": 1, "num_citations_10y": 0, "publications_years": {"2013": 1}, "citations_years": {}, "old_citations": {"2013": 0}, "isVisible": false}, "2352327343": {"name": "fernanda carnielutti", "type": "author", "activity": 8, "h_index": 2, "h5_index": 1, "mag_id": "2352327343", "num_publications": 1, "num_citations": 1, "num_publications_5y": 1, "num_citations_5y": 1, "num_publications_10y": 1, "num_citations_10y": 1, "publications_years": {"2017": 1}, "citations_years": {"2018": 1}, "old_citations": {"2017": 1}, "isVisible": false}, "2396070365": {"name": "m luna", "type": "author", "activity": 5, "h_index": 2, "h5_index": 1, "mag_id": "2396070365", "num_publications": 1, "num_citations": 14, "num_publications_5y": 1, "num_citations_5y": 11, "num_publications_10y": 1, "num_citations_10y": 11, "publications_years": {"2014": 1}, "citations_years": {"2015": 2, "2016": 4, "2017": 4, "2018": 1, "2019": 0, "2020": 3}, "old_citations": {"2014": 14}, "isVisible": false}, "2428695339": {"name": "r velazquez", "type": "author", "activity": 1, "h_index": 1, "h5_index": 0, "mag_id": "2428695339", "num_publications": 1, "num_citations": 3, "num_publications_5y": 1, "num_citations_5y": 2, "num_publications_10y": 1, "num_citations_10y": 2, "publications_years": {"2014": 1}, "citations_years": {"2016": 1, "2017": 0, "2018": 1, "2019": 0, "2020": 1}, "old_citations": {"2014": 3}, "isVisible": false}, "2437048166": {"name": "angel de castro", "type": "author", "activity": 14, "h_index": 6, "h5_index": 1, "mag_id": "2437048166", "num_publications": 1, "num_citations": 0, "num_publications_5y": 1, "num_citations_5y": 0, "num_publications_10y": 1, "num_citations_10y": 0, "publications_years": {"2016": 1}, "citations_years": {}, "old_citations": {"2016": 0}, "isVisible": false}, "2461650059": {"name": "rajendra singh", "type": "author", "activity": 2, "h_index": 1, "h5_index": 0, "mag_id": "2461650059", "num_publications": 1, "num_citations": 0, "num_publications_5y": 1, "num_citations_5y": 0, "num_publications_10y": 1, "num_citations_10y": 0, "publications_years": {"2015": 1}, "citations_years": {}, "old_citations": {"2015": 0}, "isVisible": false}, "2464010681": {"name": "l laguna", "type": "author", "activity": 3, "h_index": 1, "h5_index": 0, "mag_id": "2464010681", "num_publications": 1, "num_citations": 0, "num_publications_5y": 0, "num_citations_5y": 0, "num_publications_10y": 1, "num_citations_10y": 0, "publications_years": {"2010": 1}, "citations_years": {}, "old_citations": {"2010": 0}, "isVisible": false}, "2467829473": {"name": "a m gole", "type": "author", "activity": 18, "h_index": 3, "h5_index": 0, "mag_id": "2467829473", "num_publications": 1, "num_citations": 0, "num_publications_5y": 1, "num_citations_5y": 0, "num_publications_10y": 1, "num_citations_10y": 0, "publications_years": {"2015": 1}, "citations_years": {}, "old_citations": {"2015": 0}, "isVisible": false}, "2509826201": {"name": "ali a abushaiba", "type": "author", "activity": 3, "h_index": 2, "h5_index": 2, "mag_id": "2509826201", "num_publications": 1, "num_citations": 2, "num_publications_5y": 1, "num_citations_5y": 1, "num_publications_10y": 1, "num_citations_10y": 1, "publications_years": {"2017": 1}, "citations_years": {"2018": 1, "2019": 0, "2020": 1}, "old_citations": {"2017": 2}, "isVisible": false}, "2510253999": {"name": "joanie m c geldenhuys", "type": "author", "activity": 1, "h_index": 1, "h5_index": 1, "mag_id": "2510253999", "num_publications": 1, "num_citations": 6, "num_publications_5y": 1, "num_citations_5y": 1, "num_publications_10y": 1, "num_citations_10y": 1, "publications_years": {"2016": 1}, "citations_years": {"2017": 1, "2018": 0, "2019": 3, "2020": 2}, "old_citations": {"2016": 6}, "isVisible": false}, "2511841799": {"name": "fernando lopez colino", "type": "author", "activity": 1, "h_index": 0, "h5_index": 0, "mag_id": "2511841799", "num_publications": 1, "num_citations": 0, "num_publications_5y": 1, "num_citations_5y": 0, "num_publications_10y": 1, "num_citations_10y": 0, "publications_years": {"2016": 1}, "citations_years": {}, "old_citations": {"2016": 0}, "isVisible": false}, "2554627150": {"name": "g ragonesi", "type": "author", "activity": 1, "h_index": 1, "h5_index": 0, "mag_id": "2554627150", "num_publications": 1, "num_citations": 3, "num_publications_5y": 0, "num_citations_5y": 0, "num_publications_10y": 0, "num_citations_10y": 3, "publications_years": {"2008": 1}, "citations_years": {"2009": 2, "2010": 1}, "old_citations": {"2008": 3}, "isVisible": false}, "2565900487": {"name": "brian t kuhn", "type": "author", "activity": 5, "h_index": 3, "h5_index": 0, "mag_id": "2565900487", "num_publications": 1, "num_citations": 3, "num_publications_5y": 0, "num_citations_5y": 3, "num_publications_10y": 0, "num_citations_10y": 3, "publications_years": {"2008": 1}, "citations_years": {"2014": 1, "2015": 0, "2016": 2}, "old_citations": {"2008": 3}, "isVisible": false}, "2570148425": {"name": "felix adler", "type": "author", "activity": 1, "h_index": 2, "h5_index": 0, "mag_id": "2570148425", "num_publications": 1, "num_citations": 8, "num_publications_5y": 0, "num_citations_5y": 4, "num_publications_10y": 1, "num_citations_10y": 6, "publications_years": {"2012": 1}, "citations_years": {"2013": 2, "2014": 0, "2015": 3, "2016": 0, "2017": 1, "2018": 0, "2019": 1, "2020": 1}, "old_citations": {"2012": 8}, "isVisible": false}, "2572549396": {"name": "a fernandezherrero", "type": "author", "activity": 1, "h_index": 1, "h5_index": 0, "mag_id": "2572549396", "num_publications": 1, "num_citations": 5, "num_publications_5y": 0, "num_citations_5y": 1, "num_publications_10y": 1, "num_citations_10y": 5, "publications_years": {"2010": 1}, "citations_years": {"2011": 1, "2012": 1, "2013": 2, "2014": 1}, "old_citations": {"2010": 5}, "isVisible": false}, "2637009238": {"name": "g angelov", "type": "author", "activity": 1, "h_index": 0, "h5_index": 0, "mag_id": "2637009238", "num_publications": 1, "num_citations": 0, "num_publications_5y": 0, "num_citations_5y": 0, "num_publications_10y": 0, "num_citations_10y": 0, "publications_years": {"2008": 1}, "citations_years": {}, "old_citations": {"2008": 0}, "isVisible": false}, "2667231572": {"name": "m hristov", "type": "author", "activity": 1, "h_index": 0, "h5_index": 0, "mag_id": "2667231572", "num_publications": 1, "num_citations": 0, "num_publications_5y": 0, "num_citations_5y": 0, "num_publications_10y": 0, "num_citations_10y": 0, "publications_years": {"2008": 1}, "citations_years": {}, "old_citations": {"2008": 0}, "isVisible": false}, "2681545119": {"name": "irene villar", "type": "author", "activity": 1, "h_index": 0, "h5_index": 0, "mag_id": "2681545119", "num_publications": 1, "num_citations": 0, "num_publications_5y": 1, "num_citations_5y": 0, "num_publications_10y": 1, "num_citations_10y": 0, "publications_years": {"2016": 1}, "citations_years": {}, "old_citations": {"2016": 0}, "isVisible": false}, "2685568920": {"name": "h visairocruz", "type": "author", "activity": 1, "h_index": 0, "h5_index": 0, "mag_id": "2685568920", "num_publications": 1, "num_citations": 0, "num_publications_5y": 0, "num_citations_5y": 0, "num_publications_10y": 1, "num_citations_10y": 0, "publications_years": {"2010": 1}, "citations_years": {}, "old_citations": {"2010": 0}, "isVisible": false}, "2686124286": {"name": "takuya hiraiwa", "type": "author", "activity": 1, "h_index": 1, "h5_index": 0, "mag_id": "2686124286", "num_publications": 1, "num_citations": 7, "num_publications_5y": 0, "num_citations_5y": 4, "num_publications_10y": 1, "num_citations_10y": 6, "publications_years": {"2012": 1}, "citations_years": {"2012": 1, "2013": 1, "2014": 1, "2015": 0, "2016": 1, "2017": 2, "2018": 0, "2019": 0, "2020": 1}, "old_citations": {"2012": 7}, "isVisible": false}, "2712147630": {"name": "m sucu", "type": "author", "activity": 1, "h_index": 1, "h5_index": 0, "mag_id": "2712147630", "num_publications": 1, "num_citations": 2, "num_publications_5y": 0, "num_citations_5y": 2, "num_publications_10y": 1, "num_citations_10y": 2, "publications_years": {"2013": 1}, "citations_years": {"2016": 1, "2017": 1}, "old_citations": {"2013": 2}, "isVisible": false}, "2745335541": {"name": "hoejeong jeong", "type": "author", "activity": 1, "h_index": 1, "h5_index": 1, "mag_id": "2745335541", "num_publications": 1, "num_citations": 2, "num_publications_5y": 1, "num_citations_5y": 1, "num_publications_10y": 1, "num_citations_10y": 1, "publications_years": {"2017": 1}, "citations_years": {"2018": 1, "2019": 1}, "old_citations": {"2017": 2}, "isVisible": false}, "2746892183": {"name": "yuchen liu", "type": "author", "activity": 6, "h_index": 1, "h5_index": 1, "mag_id": "2746892183", "num_publications": 1, "num_citations": 2, "num_publications_5y": 1, "num_citations_5y": 1, "num_publications_10y": 1, "num_citations_10y": 1, "publications_years": {"2017": 1}, "citations_years": {"2018": 1, "2019": 1}, "old_citations": {"2017": 2}, "isVisible": false}, "2747762309": {"name": "akrem m elrajoubi", "type": "author", "activity": 1, "h_index": 1, "h5_index": 1, "mag_id": "2747762309", "num_publications": 1, "num_citations": 2, "num_publications_5y": 1, "num_citations_5y": 1, "num_publications_10y": 1, "num_citations_10y": 1, "publications_years": {"2017": 1}, "citations_years": {"2018": 1, "2019": 0, "2020": 1}, "old_citations": {"2017": 2}, "isVisible": false}, "2776418445": {"name": "kaoru inoue", "type": "author", "activity": 4, "h_index": 3, "h5_index": 0, "mag_id": "2776418445", "num_publications": 1, "num_citations": 0, "num_publications_5y": 0, "num_citations_5y": 0, "num_publications_10y": 1, "num_citations_10y": 0, "publications_years": {"2010": 1}, "citations_years": {}, "old_citations": {"2010": 0}, "isVisible": false}, "2803827660": {"name": "j a cobos", "type": "author", "activity": 13, "h_index": 1, "h5_index": 0, "mag_id": "2803827660", "num_publications": 1, "num_citations": 0, "num_publications_5y": 0, "num_citations_5y": 0, "num_publications_10y": 1, "num_citations_10y": 0, "publications_years": {"2010": 1}, "citations_years": {}, "old_citations": {"2010": 0}, "isVisible": false}, "2946831019": {"name": "tobias geyer", "type": "author", "activity": 1, "h_index": 1, "h5_index": 1, "mag_id": "2946831019", "num_publications": 1, "num_citations": 6, "num_publications_5y": 1, "num_citations_5y": 1, "num_publications_10y": 1, "num_citations_10y": 1, "publications_years": {"2016": 1}, "citations_years": {"2017": 1, "2018": 0, "2019": 3, "2020": 2}, "old_citations": {"2016": 6}, "isVisible": false}, "2949476049": {"name": "m garciavalderas", "type": "author", "activity": 1, "h_index": 1, "h5_index": 0, "mag_id": "2949476049", "num_publications": 1, "num_citations": 9, "num_publications_5y": 0, "num_citations_5y": 6, "num_publications_10y": 1, "num_citations_10y": 9, "publications_years": {"2010": 1}, "citations_years": {"2012": 1, "2013": 2, "2014": 1, "2015": 2, "2016": 2, "2017": 1}, "old_citations": {"2010": 9}, "isVisible": false}, "2957013789": {"name": "marian craciun", "type": "author", "activity": 2, "h_index": 2, "h5_index": 0, "mag_id": "2957013789", "num_publications": 1, "num_citations": 2, "num_publications_5y": 1, "num_citations_5y": 1, "num_publications_10y": 1, "num_citations_10y": 1, "publications_years": {"2015": 1}, "citations_years": {"2016": 1, "2017": 0, "2018": 0, "2019": 1}, "old_citations": {"2015": 2}, "isVisible": false}, "2974392933": {"name": "s cliquennois", "type": "author", "activity": 1, "h_index": 1, "h5_index": 0, "mag_id": "2974392933", "num_publications": 1, "num_citations": 3, "num_publications_5y": 0, "num_citations_5y": 0, "num_publications_10y": 0, "num_citations_10y": 3, "publications_years": {"2008": 1}, "citations_years": {"2009": 2, "2010": 1}, "old_citations": {"2008": 3}, "isVisible": false}, "2980733258": {"name": "yoshihiro fujiwara", "type": "author", "activity": 2, "h_index": 0, "h5_index": 0, "mag_id": "2980733258", "num_publications": 1, "num_citations": 0, "num_publications_5y": 0, "num_citations_5y": 0, "num_publications_10y": 1, "num_citations_10y": 0, "publications_years": {"2010": 1}, "citations_years": {}, "old_citations": {"2010": 0}, "isVisible": false}, "2982722607": {"name": "g e pitel", "type": "author", "activity": 1, "h_index": 1, "h5_index": 0, "mag_id": "2982722607", "num_publications": 1, "num_citations": 6, "num_publications_5y": 0, "num_citations_5y": 2, "num_publications_10y": 0, "num_citations_10y": 5, "publications_years": {"2008": 1}, "citations_years": {"2008": 1, "2009": 1, "2010": 1, "2011": 0, "2012": 1, "2013": 0, "2014": 0, "2015": 1, "2016": 0, "2017": 0, "2018": 1}, "old_citations": {"2008": 6}, "isVisible": false}, "2984972948": {"name": "c lopezongil", "type": "author", "activity": 1, "h_index": 1, "h5_index": 0, "mag_id": "2984972948", "num_publications": 1, "num_citations": 9, "num_publications_5y": 0, "num_citations_5y": 6, "num_publications_10y": 1, "num_citations_10y": 9, "publications_years": {"2010": 1}, "citations_years": {"2012": 1, "2013": 2, "2014": 1, "2015": 2, "2016": 2, "2017": 1}, "old_citations": {"2010": 9}, "isVisible": false}}, "countries": {"Japan": {"name": "Japan", "type": "country", "h5_index": 94, "num_publications": 6, "num_citations": 28, "num_publications_5y": 1, "num_citations_5y": 19, "num_publications_10y": 6, "num_citations_10y": 26, "publications_years": {"2013": 1, "2010": 1, "2014": 1, "2012": 3}, "citations_years": {"2016": 3, "2015": 7, "2013": 5, "2014": 5, "2017": 3, "2018": 1, "2012": 2, "2019": 1, "2020": 1}, "old_citations": {"2013": 1, "2010": 0, "2014": 2, "2012": 25}, "isVisible": false}, "Spain": {"name": "Spain", "type": "country", "h5_index": 91, "num_publications": 6, "num_citations": 18, "num_publications_5y": 3, "num_citations_5y": 10, "num_publications_10y": 6, "num_citations_10y": 17, "publications_years": {"2014": 2, "2010": 3, "2016": 1}, "citations_years": {"2016": 3, "2017": 1, "2018": 1, "2019": 0, "2020": 1, "2015": 3, "2011": 1, "2012": 2, "2013": 4, "2014": 2}, "old_citations": {"2014": 4, "2010": 14, "2016": 0}, "isVisible": false}, "United States": {"name": "United States", "type": "country", "h5_index": 308, "num_publications": 5, "num_citations": 13, "num_publications_5y": 2, "num_citations_5y": 8, "num_publications_10y": 3, "num_citations_10y": 11, "publications_years": {"2008": 2, "2010": 1, "2017": 2}, "citations_years": {"2008": 1, "2009": 1, "2010": 1, "2011": 0, "2012": 1, "2013": 0, "2014": 1, "2015": 1, "2016": 2, "2017": 1, "2018": 3, "2019": 0, "2020": 1}, "old_citations": {"2008": 9, "2010": 0, "2017": 4}, "isVisible": false}, "Canada": {"name": "Canada", "type": "country", "h5_index": 128, "num_publications": 4, "num_citations": 4, "num_publications_5y": 2, "num_citations_5y": 3, "num_publications_10y": 4, "num_citations_10y": 3, "publications_years": {"2013": 2, "2015": 2}, "citations_years": {"2016": 2, "2017": 1, "2018": 0, "2019": 1}, "old_citations": {"2013": 2, "2015": 2}, "isVisible": false}, "Belgium": {"name": "Belgium", "type": "country", "h5_index": 72, "num_publications": 2, "num_citations": 4, "num_publications_5y": 1, "num_citations_5y": 2, "num_publications_10y": 2, "num_citations_10y": 2, "publications_years": {"2017": 1, "2012": 1}, "citations_years": {"2018": 1, "2014": 1, "2015": 0, "2016": 0, "2017": 0, "2019": 2}, "old_citations": {"2017": 1, "2012": 3}, "isVisible": false}, "Germany": {"name": "Germany", "type": "country", "h5_index": 139, "num_publications": 2, "num_citations": 9, "num_publications_5y": 1, "num_citations_5y": 5, "num_publications_10y": 2, "num_citations_10y": 7, "publications_years": {"2014": 1, "2012": 1}, "citations_years": {"2015": 4, "2013": 2, "2014": 0, "2016": 0, "2017": 1, "2018": 0, "2019": 1, "2020": 1}, "old_citations": {"2014": 1, "2012": 8}, "isVisible": false}, "South Africa": {"name": "South Africa", "type": "country", "h5_index": 38, "num_publications": 2, "num_citations": 6, "num_publications_5y": 2, "num_citations_5y": 1, "num_publications_10y": 2, "num_citations_10y": 1, "publications_years": {"2016": 2}, "citations_years": {"2017": 1, "2018": 0, "2019": 3, "2020": 2}, "old_citations": {"2016": 6}, "isVisible": false}, "Brazil": {"name": "Brazil", "type": "country", "h5_index": 57, "num_publications": 1, "num_citations": 1, "num_publications_5y": 1, "num_citations_5y": 1, "num_publications_10y": 1, "num_citations_10y": 1, "publications_years": {"2017": 1}, "citations_years": {"2018": 1}, "old_citations": {"2017": 1}, "isVisible": false}, "Bulgaria": {"name": "Bulgaria", "type": "country", "h5_index": 17, "num_publications": 1, "num_citations": 0, "num_publications_5y": 0, "num_citations_5y": 0, "num_publications_10y": 0, "num_citations_10y": 0, "publications_years": {"2008": 1}, "citations_years": {}, "old_citations": {"2008": 0}, "isVisible": false}, "South Korea": {"name": "South Korea", "type": "country", "h5_index": 100, "num_publications": 1, "num_citations": 2, "num_publications_5y": 1, "num_citations_5y": 1, "num_publications_10y": 1, "num_citations_10y": 1, "publications_years": {"2017": 1}, "citations_years": {"2018": 1, "2019": 1}, "old_citations": {"2017": 2}, "isVisible": false}, "Sweden": {"name": "Sweden", "type": "country", "h5_index": 82, "num_publications": 1, "num_citations": 2, "num_publications_5y": 0, "num_citations_5y": 1, "num_publications_10y": 1, "num_citations_10y": 2, "publications_years": {"2010": 1}, "citations_years": {"2010": 1, "2011": 0, "2012": 0, "2013": 0, "2014": 0, "2015": 1}, "old_citations": {"2010": 2}, "isVisible": false}, "Switzerland": {"name": "Switzerland", "type": "country", "h5_index": 102, "num_publications": 1, "num_citations": 7, "num_publications_5y": 0, "num_citations_5y": 2, "num_publications_10y": 0, "num_citations_10y": 7, "publications_years": {"2008": 1}, "citations_years": {"2011": 1, "2012": 2, "2013": 2, "2014": 0, "2015": 0, "2016": 0, "2017": 2}, "old_citations": {"2008": 7}, "isVisible": false}, "Taiwan": {"name": "Taiwan", "type": "country", "h5_index": 69, "num_publications": 1, "num_citations": 2, "num_publications_5y": 1, "num_citations_5y": 1, "num_publications_10y": 1, "num_citations_10y": 1, "publications_years": {"2017": 1}, "citations_years": {"2018": 1, "2019": 1}, "old_citations": {"2017": 2}, "isVisible": false}, "United Kingdom": {"name": "United Kingdom", "type": "country", "h5_index": 172, "num_publications": 1, "num_citations": 0, "num_publications_5y": 1, "num_citations_5y": 0, "num_publications_10y": 1, "num_citations_10y": 0, "publications_years": {"2016": 1}, "citations_years": {}, "old_citations": {"2016": 0}, "isVisible": false}}, "industrial_sectors": {"technology": {"name": "technology", "type": "industrial sector", "h5_index": 229, "num_publications": 2, "num_citations": 2, "num_publications_5y": 0, "num_citations_5y": 1, "num_publications_10y": 2, "num_citations_10y": 2, "publications_years": {"2010": 2}, "citations_years": {"2010": 1, "2011": 0, "2012": 0, "2013": 0, "2014": 0, "2015": 1}, "old_citations": {"2010": 2}, "isVisible": false}, "computing_and_it": {"name": "computing_and_it", "type": "industrial sector", "h5_index": 221, "num_publications": 1, "num_citations": 2, "num_publications_5y": 0, "num_citations_5y": 1, "num_publications_10y": 1, "num_citations_10y": 2, "publications_years": {"2010": 1}, "citations_years": {"2010": 1, "2011": 0, "2012": 0, "2013": 0, "2014": 0, "2015": 1}, "old_citations": {"2010": 2}, "isVisible": false}, "energy": {"name": "energy", "type": "industrial sector", "h5_index": 24, "num_publications": 1, "num_citations": 0, "num_publications_5y": 1, "num_citations_5y": 0, "num_publications_10y": 1, "num_citations_10y": 0, "publications_years": {"2015": 1}, "citations_years": {}, "old_citations": {"2015": 0}, "isVisible": false}, "oil_and_gas_industry": {"name": "oil_and_gas_industry", "type": "industrial sector", "h5_index": 17, "num_publications": 1, "num_citations": 0, "num_publications_5y": 1, "num_citations_5y": 0, "num_publications_10y": 1, "num_citations_10y": 0, "publications_years": {"2015": 1}, "citations_years": {}, "old_citations": {"2015": 0}, "isVisible": false}, "semiconductor": {"name": "semiconductor", "type": "industrial sector", "h5_index": 102, "num_publications": 1, "num_citations": 0, "num_publications_5y": 0, "num_citations_5y": 0, "num_publications_10y": 1, "num_citations_10y": 0, "publications_years": {"2010": 1}, "citations_years": {}, "old_citations": {"2010": 0}, "isVisible": false}, "telecommunications": {"name": "telecommunications", "type": "industrial sector", "h5_index": 89, "num_publications": 1, "num_citations": 2, "num_publications_5y": 0, "num_citations_5y": 1, "num_publications_10y": 1, "num_citations_10y": 2, "publications_years": {"2010": 1}, "citations_years": {"2010": 1, "2011": 0, "2012": 0, "2013": 0, "2014": 0, "2015": 1}, "old_citations": {"2010": 2}, "isVisible": false}}}, "conference_comparison": {"computer science": {}}, "topics_dna": {"publications": {}, "citations": {"normalized": {}, "average": {}}}, "info": {"num_publications": 32, "num_citations": 110.0, "impact_factor": {"2010": 0.4, "2011": 0.2, "2012": 0.4, "2013": 1.4, "2014": 0.75, "2015": 0.5714285714285714, "2016": 1.1666666666666667, "2017": 0.2}, "publications_years": {"2008": 5, "2010": 5, "2012": 5, "2017": 5, "2014": 4, "2013": 3, "2016": 3, "2015": 2}, "citations_years": {"2008": 1, "2009": 3, "2010": 3, "2011": 2, "2012": 7, "2013": 13, "2014": 9, "2015": 17, "2016": 14, "2017": 14, "2018": 9, "2019": 9, "2020": 9}, "old_citations": {"2008": 19, "2010": 16, "2012": 36, "2017": 8, "2014": 20, "2013": 3, "2016": 6, "2015": 2}, "h5_index": 2}, "percentile": {"computer science": {"2008": 68, "2010": 63, "2012": 83, "2017": 76, "2014": 82, "2013": 54, "2016": 71, "2015": 55}}, "conference_ranking": {"computer science": {"2008": 1351, "2010": 1552, "2012": 706, "2017": 1016, "2014": 762, "2013": 1958, "2016": 1204, "2015": 1883}}, "academia": {"num_publications": 26, "num_citations": 88, "publications_years": {"2008": 4, "2009": 0, "2010": 3, "2011": 0, "2012": 5, "2013": 3, "2014": 2, "2015": 1, "2016": 3, "2017": 5}, "old_citations": {"2008": 16, "2009": 0, "2010": 14, "2011": 0, "2012": 36, "2013": 3, "2014": 3, "2015": 2, "2016": 6, "2017": 8}, "num_publications_5y": 8, "num_citations_5y": 14, "num_publications_10y": 19, "num_citations_10y": 58}, "industry": {"num_publications": 1, "num_citations": 2, "publications_years": {"2010": 1}, "old_citations": {"2010": 2}, "num_publications_5y": 0, "num_citations_5y": 0, "num_publications_10y": 0, "num_citations_10y": 0}, "collaborative": {"num_publications": 2, "num_citations": 0, "publications_years": {"2010": 1, "2011": 0, "2012": 0, "2013": 0, "2014": 0, "2015": 1}, "old_citations": {"2010": 0, "2011": 0, "2012": 0, "2013": 0, "2014": 0, "2015": 0}, "num_publications_5y": 0, "num_citations_5y": 0, "num_publications_10y": 1, "num_citations_10y": 0}, "conferences": {}, "journals": {}, "organizations": {"publication_overall": ["Doshisha University", "University of British Columbia", "Carlos III University of Madrid", "KU Leuven", "Stellenbosch University", "Technical University of Madrid", "University of Illinois at Urbana Champaign", "Autonomous University of Madrid", "ETH Zurich", "Ericsson (Sweden)", "Intel (United States)", "Manitoba Hydro", "Missouri University of Science and Technology", "Nagasaki University", "National Ilan University", "Osaka University", "RWTH Aachen University", "Sofia University", "Ulsan National Institute of Science and Technology", "Universidade Federal de Santa Maria", "University of Arkansas at Fayetteville", "University of California, Berkeley", "University of Kansas", "University of Manitoba", "University of Nottingham", "University of Siegen", "University of Vigo", "University of Zaragoza"], "citation_overall": ["Carlos III University of Madrid", "Nagasaki University", "University of Illinois at Urbana Champaign", "Doshisha University", "RWTH Aachen University", "ETH Zurich", "Osaka University", "Stellenbosch University", "Technical University of Madrid", "KU Leuven", "University of British Columbia", "Missouri University of Science and Technology", "University of Zaragoza", "Ericsson (Sweden)", "National Ilan University", "Ulsan National Institute of Science and Technology", "University of Arkansas at Fayetteville", "University of California, Berkeley", "University of Kansas", "Universidade Federal de Santa Maria", "University of Siegen", "University of Vigo", "Autonomous University of Madrid", "Intel (United States)", "Manitoba Hydro", "Sofia University", "University of Manitoba", "University of Nottingham"], "publication_10_years": ["Doshisha University", "University of British Columbia", "KU Leuven", "Stellenbosch University", "Autonomous University of Madrid", "Manitoba Hydro", "Nagasaki University", "National Ilan University", "Osaka University", "RWTH Aachen University", "Ulsan National Institute of Science and Technology", "Universidade Federal de Santa Maria", "University of Arkansas at Fayetteville", "University of California, Berkeley", "University of Kansas", "University of Manitoba", "University of Nottingham", "University of Siegen", "University of Vigo", "University of Zaragoza"], "citation_10_years": ["Nagasaki University", "Doshisha University", "RWTH Aachen University", "Osaka University", "Stellenbosch University", "KU Leuven", "University of British Columbia", "University of Zaragoza", "National Ilan University", "Ulsan National Institute of Science and Technology", "University of Arkansas at Fayetteville", "University of California, Berkeley", "University of Kansas", "Universidade Federal de Santa Maria", "University of Siegen", "University of Vigo", "Autonomous University of Madrid", "Manitoba Hydro", "University of Manitoba", "University of Nottingham"], "publication_5_years": ["Stellenbosch University", "Autonomous University of Madrid", "KU Leuven", "National Ilan University", "Ulsan National Institute of Science and Technology", "Universidade Federal de Santa Maria", "University of Arkansas at Fayetteville", "University of California, Berkeley", "University of Kansas", "University of Nottingham"], "citation_5_years": ["Stellenbosch University", "National Ilan University", "Ulsan National Institute of Science and Technology", "University of Arkansas at Fayetteville", "University of California, Berkeley", "University of Kansas", "KU Leuven", "Universidade Federal de Santa Maria", "Autonomous University of Madrid", "University of Nottingham"]}, "countries": {"publication_overall": ["Japan", "Spain", "United States", "Canada", "Belgium", "Germany", "South Africa", "Brazil", "Bulgaria", "South Korea", "Sweden", "Switzerland", "Taiwan", "United Kingdom"], "citation_overall": ["Japan", "Spain", "United States", "Germany", "Switzerland", "South Africa", "Belgium", "Canada", "South Korea", "Sweden", "Taiwan", "Brazil", "Bulgaria", "United Kingdom"], "publication_10_years": ["Japan", "Canada", "Spain", "Belgium", "Germany", "South Africa", "United States", "Brazil", "South Korea", "Taiwan", "United Kingdom"], "citation_10_years": ["Japan", "Germany", "South Africa", "Belgium", "Canada", "Spain", "United States", "South Korea", "Taiwan", "Brazil", "United Kingdom"], "publication_5_years": ["South Africa", "United States", "Belgium", "Brazil", "South Korea", "Spain", "Taiwan", "United Kingdom"], "citation_5_years": ["South Africa", "United States", "South Korea", "Taiwan", "Belgium", "Brazil", "Spain", "United Kingdom"]}, "topics": {"publication_overall": ["computer science", "computer systems", "mathematics", "engineering", "computer hardware", "computer networks", "signal processing", "field programmable gate arrays (fpga)", "automation", "process control", "adaptive control systems", "matrix algebra", "software", "telecommunication systems", "communication systems", "linear matrix inequalities", "wireless telecommunication systems", "control systems", "control theory", "feedback systems"], "citation_overall": ["computer science", "computer systems", "engineering", "mathematics", "computer networks", "computer hardware", "automation", "process control", "adaptive control systems", "signal processing", "control systems", "matrix algebra", "linear matrix inequalities", "communication systems", "telecommunication systems", "wireless telecommunication systems", "field programmable gate arrays (fpga)", "computer imaging and vision", "control theory", "feedback systems"], "publication_10_years": ["computer science", "computer systems", "engineering", "mathematics", "computer hardware", "computer networks", "signal processing", "software", "field programmable gate arrays (fpga)", "telecommunication systems", "communication systems", "wireless telecommunication systems", "automation", "control systems", "process control", "adaptive control systems", "computer imaging and vision", "image processing", "communication", "computer programming"], "citation_10_years": ["computer science", "computer systems", "engineering", "computer networks", "mathematics", "control systems", "computer hardware", "computer imaging and vision", "image processing", "automation", "process control", "signal processing", "adaptive control systems", "image analysis", "software", "communication systems", "telecommunication systems", "wireless telecommunication systems", "field programmable gate arrays (fpga)", "distributed computer systems"], "publication_5_years": ["computer science", "mathematics", "computer systems", "engineering", "computer hardware", "signal processing", "automation", "computer networks", "process control", "adaptive control systems", "communication channels (information theory)", "communication systems", "computer imaging and vision", "control systems", "field programmable gate arrays (fpga)", "image analysis", "image processing", "matlab", "software", "telecommunication systems"], "citation_5_years": ["computer science", "computer systems", "engineering", "mathematics", "computer networks", "computer hardware", "control systems", "signal processing", "communication channels (information theory)", "communication systems", "telecommunication systems", "wireless telecommunication systems", "computer imaging and vision", "field programmable gate arrays (fpga)", "image analysis", "image coding", "image compression", "image processing", "image quality", "linear matrix inequalities"]}, "main_topics": ["computer science"], "authors": {"publication_overall": ["2171587701", "2159673386", "1987157597", "2042690715", "2112889444", "2119153656", "2146737000", "2305246619", "2306724805", "2307382902", "1137689234", "1492475119", "1586979686", "1760125747", "1846547590", "1874172883", "1916451402", "1980595175", "1984072533", "2002172303", "2042039081", "2044098504", "2052394727", "2081479045", "2082528285", "2094899773", "2100874531", "2101587019", "2101771544", "2104089266", "2106623087", "2111106945", "2126221690", "2131995661", "2135611032", "2137662378", "2138263574", "2140293264", "2143358173", "2143419524", "2144185262", "2148526305", "2150598326", "2150706574", "2155343199", "2157837954", "2164519833", "2164829797", "2167224568", "2167533727", "2174710513", "2193146251", "2217425014", "2224775371", "2225244688", "2229413119", "2229773754", "2233929003", "2236998369", "2240869445", "2249743650", "2279442990", "2293405594", "2303281393", "2309931088", "2311823987", "2352327343", "2396070365", "2428695339", "2437048166", "2461650059", "2464010681", "2467829473", "2509826201", "2510253999", "2511841799", "2554627150", "2565900487", "2570148425", "2572549396", "2637009238", "2667231572", "2681545119", "2685568920", "2686124286", "2712147630", "2745335541", "2746892183", "2747762309", "2776418445", "2803827660", "2946831019", "2949476049", "2957013789", "2974392933", "2980733258", "2982722607", "2984972948"], "citation_overall": ["1874172883", "2042039081", "2112889444", "2131995661", "2306724805", "2307382902", "2396070365", "1980595175", "2052394727", "2150598326", "2225244688", "2305246619", "2949476049", "2984972948", "1492475119", "1984072533", "2143419524", "2159673386", "2171587701", "2249743650", "2570148425", "1586979686", "1760125747", "1916451402", "2111106945", "2236998369", "2303281393", "2686124286", "2101771544", "2104089266", "2119153656", "2510253999", "2946831019", "2982722607", "2101587019", "2309931088", "2572549396", "1987157597", "2042690715", "2126221690", "2137662378", "2138263574", "2146737000", "2157837954", "2164519833", "2164829797", "2224775371", "2428695339", "2554627150", "2565900487", "2974392933", "1137689234", "2081479045", "2082528285", "2100874531", "2140293264", "2150706574", "2155343199", "2167533727", "2193146251", "2229413119", "2293405594", "2509826201", "2712147630", "2745335541", "2746892183", "2747762309", "2957013789", "1846547590", "2044098504", "2106623087", "2144185262", "2148526305", "2240869445", "2352327343", "2002172303", "2094899773", "2135611032", "2143358173", "2167224568", "2174710513", "2217425014", "2229773754", "2233929003", "2279442990", "2311823987", "2437048166", "2461650059", "2464010681", "2467829473", "2511841799", "2637009238", "2667231572", "2681545119", "2685568920", "2776418445", "2803827660", "2980733258"], "publication_10_years": ["2159673386", "2171587701", "1987157597", "2042690715", "2119153656", "2146737000", "1137689234", "1492475119", "1760125747", "1846547590", "1874172883", "1916451402", "1980595175", "1984072533", "2002172303", "2042039081", "2044098504", "2052394727", "2081479045", "2094899773", "2100874531", "2101771544", "2104089266", "2106623087", "2131995661", "2137662378", "2138263574", "2140293264", "2143358173", "2143419524", "2144185262", "2148526305", "2150598326", "2150706574", "2155343199", "2157837954", "2164519833", "2164829797", "2167533727", "2174710513", "2193146251", "2217425014", "2224775371", "2225244688", "2229413119", "2229773754", "2233929003", "2236998369", "2240869445", "2249743650", "2279442990", "2293405594", "2303281393", "2309931088", "2311823987", "2352327343", "2396070365", "2428695339", "2437048166", "2461650059", "2467829473", "2509826201", "2510253999", "2511841799", "2570148425", "2681545119", "2686124286", "2712147630", "2745335541", "2746892183", "2747762309", "2946831019", "2957013789"], "citation_10_years": ["1874172883", "2042039081", "2131995661", "2396070365", "1980595175", "2052394727", "2150598326", "2225244688", "1492475119", "1984072533", "2143419524", "2159673386", "2171587701", "2249743650", "2570148425", "1760125747", "1916451402", "2236998369", "2303281393", "2686124286", "2101771544", "2104089266", "2119153656", "2510253999", "2946831019", "2309931088", "1987157597", "2042690715", "2137662378", "2138263574", "2146737000", "2157837954", "2164519833", "2164829797", "2224775371", "2428695339", "1137689234", "2081479045", "2100874531", "2140293264", "2150706574", "2155343199", "2167533727", "2193146251", "2229413119", "2293405594", "2509826201", "2712147630", "2745335541", "2746892183", "2747762309", "2957013789", "1846547590", "2044098504", "2106623087", "2144185262", "2148526305", "2240869445", "2352327343", "2002172303", "2094899773", "2143358173", "2174710513", "2217425014", "2229773754", "2233929003", "2279442990", "2311823987", "2437048166", "2461650059", "2467829473", "2511841799", "2681545119"], "publication_5_years": ["1987157597", "2002172303", "2042690715", "2044098504", "2101771544", "2104089266", "2140293264", "2143358173", "2144185262", "2150706574", "2155343199", "2167533727", "2233929003", "2279442990", "2352327343", "2437048166", "2509826201", "2510253999", "2511841799", "2681545119", "2745335541", "2746892183", "2747762309", "2946831019"], "citation_5_years": ["2101771544", "2104089266", "2510253999", "2946831019", "2140293264", "2150706574", "2155343199", "2167533727", "2509826201", "2745335541", "2746892183", "2747762309", "1987157597", "2042690715", "2044098504", "2144185262", "2352327343", "2002172303", "2143358173", "2233929003", "2279442990", "2437048166", "2511841799", "2681545119"]}, "industrial_sectors": {"publication_overall": ["technology", "computing_and_it", "energy", "oil_and_gas_industry", "semiconductor", "telecommunications"], "citation_overall": ["computing_and_it", "technology", "telecommunications", "energy", "oil_and_gas_industry", "semiconductor"], "publication_10_years": ["energy", "oil_and_gas_industry"], "citation_10_years": ["energy", "oil_and_gas_industry"], "publication_5_years": [], "citation_5_years": []}}