{"name": "Workshop practical aspects automated reasoning", "acronym": "PAAR", "type": "conference", "uniqueEntities": {"organizations": {"University of Manchester": {"name": "University of Manchester", "type": "organization", "organization_type": "Education", "h_index": 171, "h5_index": 38, "num_publications": 5, "num_citations": 25, "num_publications_5y": 2, "num_citations_5y": 4, "num_publications_10y": 5, "num_citations_10y": 12, "publications_years": {"2010": 1, "2012": 2, "2018": 2}, "citations_years": {"2010": 1, "2011": 1, "2012": 4, "2013": 2, "2014": 1, "2015": 0, "2016": 2, "2017": 0, "2018": 1, "2019": 11, "2020": 2}, "old_citations": {"2010": 2, "2012": 17, "2018": 8}, "isVisible": false}, "University of Miami": {"name": "University of Miami", "type": "organization", "organization_type": "Education", "h_index": 75, "h5_index": 24, "num_publications": 4, "num_citations": 17, "num_publications_5y": 2, "num_citations_5y": 2, "num_publications_10y": 2, "num_citations_10y": 15, "publications_years": {"2014": 1, "2008": 2, "2018": 1}, "citations_years": {"2008": 1, "2009": 3, "2010": 6, "2011": 1, "2012": 1, "2013": 2, "2014": 1, "2015": 0, "2016": 0, "2017": 1, "2019": 1}, "old_citations": {"2014": 0, "2008": 16, "2018": 1}, "isVisible": false}, "Max Planck Society": {"name": "Max Planck Society", "type": "organization", "organization_type": "Nonprofit", "h_index": 248, "h5_index": 87, "num_publications": 3, "num_citations": 2, "num_publications_5y": 1, "num_citations_5y": 0, "num_publications_10y": 2, "num_citations_10y": 2, "publications_years": {"2014": 1, "2012": 1, "2019": 1}, "citations_years": {"2012": 1, "2013": 1}, "old_citations": {"2014": 4, "2012": 2, "2019": 0}, "isVisible": false}, "Freie Universit\u00e4t Berlin": {"name": "Freie Universit\u00e4t Berlin", "type": "organization", "organization_type": "Education", "h_index": 87, "h5_index": 25, "num_publications": 2, "num_citations": 0, "num_publications_5y": 1, "num_citations_5y": 0, "num_publications_10y": 2, "num_citations_10y": 0, "publications_years": {"2013": 1, "2016": 1}, "citations_years": {}, "old_citations": {"2013": 0, "2016": 1}, "isVisible": false}, "Johannes Kepler University of Linz": {"name": "Johannes Kepler University of Linz", "type": "organization", "organization_type": "Education", "h_index": 74, "h5_index": 29, "num_publications": 2, "num_citations": 0, "num_publications_5y": 0, "num_citations_5y": 0, "num_publications_10y": 2, "num_citations_10y": 0, "publications_years": {"2013": 2}, "citations_years": {}, "old_citations": {"2013": 16}, "isVisible": false}, "Radboud University Nijmegen": {"name": "Radboud University Nijmegen", "type": "organization", "organization_type": "Education", "h_index": 104, "h5_index": 36, "num_publications": 2, "num_citations": 1, "num_publications_5y": 1, "num_citations_5y": 1, "num_publications_10y": 2, "num_citations_10y": 1, "publications_years": {"2015": 1, "2013": 1}, "citations_years": {"2014": 1}, "old_citations": {"2015": 0, "2013": 1}, "isVisible": false}, "Saarland University": {"name": "Saarland University", "type": "organization", "organization_type": "Education", "h_index": 118, "h5_index": 33, "num_publications": 2, "num_citations": 5, "num_publications_5y": 0, "num_citations_5y": 1, "num_publications_10y": 1, "num_citations_10y": 5, "publications_years": {"2010": 1, "2008": 1}, "citations_years": {"2010": 1, "2011": 1, "2012": 1, "2013": 1, "2014": 1}, "old_citations": {"2010": 5, "2008": 0}, "isVisible": false}, "TU Wien": {"name": "TU Wien", "type": "organization", "organization_type": "Education", "h_index": 131, "h5_index": 38, "num_publications": 2, "num_citations": 0, "num_publications_5y": 0, "num_citations_5y": 0, "num_publications_10y": 2, "num_citations_10y": 0, "publications_years": {"2013": 2}, "citations_years": {}, "old_citations": {"2013": 16}, "isVisible": false}, "Universit\u00e4t Innsbruck": {"name": "Universit\u00e4t Innsbruck", "type": "organization", "organization_type": "Education", "h_index": 78, "h5_index": 23, "num_publications": 2, "num_citations": 1, "num_publications_5y": 1, "num_citations_5y": 1, "num_publications_10y": 2, "num_citations_10y": 1, "publications_years": {"2015": 1, "2013": 1}, "citations_years": {"2014": 1}, "old_citations": {"2015": 0, "2013": 1}, "isVisible": false}, "\u00c9cole Polytechnique": {"name": "\u00c9cole Polytechnique", "type": "organization", "organization_type": "Education", "h_index": 95, "h5_index": 25, "num_publications": 2, "num_citations": 0, "num_publications_5y": 1, "num_citations_5y": 0, "num_publications_10y": 2, "num_citations_10y": 0, "publications_years": {"2016": 1, "2013": 1}, "citations_years": {}, "old_citations": {"2016": 1, "2013": 0}, "isVisible": false}, "Australian National University": {"name": "Australian National University", "type": "organization", "organization_type": "Education", "h_index": 144, "h5_index": 58, "num_publications": 1, "num_citations": 0, "num_publications_5y": 0, "num_citations_5y": 0, "num_publications_10y": 1, "num_citations_10y": 0, "publications_years": {"2013": 1}, "citations_years": {}, "old_citations": {"2013": 0}, "isVisible": false}, "Chalmers University of Technology": {"name": "Chalmers University of Technology", "type": "organization", "organization_type": "Education", "h_index": 117, "h5_index": 35, "num_publications": 1, "num_citations": 1, "num_publications_5y": 1, "num_citations_5y": 0, "num_publications_10y": 1, "num_citations_10y": 0, "publications_years": {"2018": 1}, "citations_years": {"2019": 1}, "old_citations": {"2018": 1}, "isVisible": false}, "Czech Technical University in Prague": {"name": "Czech Technical University in Prague", "type": "organization", "organization_type": "Education", "h_index": 79, "h5_index": 34, "num_publications": 1, "num_citations": 0, "num_publications_5y": 1, "num_citations_5y": 0, "num_publications_10y": 1, "num_citations_10y": 0, "publications_years": {"2015": 1}, "citations_years": {}, "old_citations": {"2015": 0}, "isVisible": false}, "IT University of Copenhagen": {"name": "IT University of Copenhagen", "type": "organization", "organization_type": "Education", "h_index": 74, "h5_index": 24, "num_publications": 1, "num_citations": 0, "num_publications_5y": 0, "num_citations_5y": 0, "num_publications_10y": 0, "num_citations_10y": 0, "publications_years": {"2008": 1}, "citations_years": {}, "old_citations": {"2008": 0}, "isVisible": false}, "Imperial College London": {"name": "Imperial College London", "type": "organization", "organization_type": "Education", "h_index": 180, "h5_index": 75, "num_publications": 1, "num_citations": 0, "num_publications_5y": 0, "num_citations_5y": 0, "num_publications_10y": 1, "num_citations_10y": 0, "publications_years": {"2013": 1}, "citations_years": {}, "old_citations": {"2013": 0}, "isVisible": false}, "International University": {"name": "International University", "type": "organization", "organization_type": "Education", "h_index": 30, "h5_index": 15, "num_publications": 1, "num_citations": 0, "num_publications_5y": 0, "num_citations_5y": 0, "num_publications_10y": 0, "num_citations_10y": 0, "publications_years": {"2008": 1}, "citations_years": {}, "old_citations": {"2008": 0}, "isVisible": false}, "Rensselaer Polytechnic Institute": {"name": "Rensselaer Polytechnic Institute", "type": "organization", "organization_type": "Education", "h_index": 147, "h5_index": 28, "num_publications": 1, "num_citations": 7, "num_publications_5y": 0, "num_citations_5y": 0, "num_publications_10y": 0, "num_citations_10y": 6, "publications_years": {"2008": 1}, "citations_years": {"2008": 1, "2009": 2, "2010": 2, "2011": 0, "2012": 2}, "old_citations": {"2008": 7}, "isVisible": false}, "The University of Texas at El Paso": {"name": "The University of Texas at El Paso", "type": "organization", "organization_type": "Education", "h_index": 55, "h5_index": 15, "num_publications": 1, "num_citations": 7, "num_publications_5y": 0, "num_citations_5y": 0, "num_publications_10y": 0, "num_citations_10y": 6, "publications_years": {"2008": 1}, "citations_years": {"2008": 1, "2009": 2, "2010": 2, "2011": 0, "2012": 2}, "old_citations": {"2008": 7}, "isVisible": false}, "University of Cambridge": {"name": "University of Cambridge", "type": "organization", "organization_type": "Education", "h_index": 250, "h5_index": 62, "num_publications": 1, "num_citations": 0, "num_publications_5y": 0, "num_citations_5y": 0, "num_publications_10y": 1, "num_citations_10y": 0, "publications_years": {"2012": 1}, "citations_years": {}, "old_citations": {"2012": 0}, "isVisible": false}, "University of Edinburgh": {"name": "University of Edinburgh", "type": "organization", "organization_type": "Education", "h_index": 198, "h5_index": 57, "num_publications": 1, "num_citations": 0, "num_publications_5y": 0, "num_citations_5y": 0, "num_publications_10y": 1, "num_citations_10y": 0, "publications_years": {"2012": 1}, "citations_years": {}, "old_citations": {"2012": 0}, "isVisible": false}, "University of Iowa": {"name": "University of Iowa", "type": "organization", "organization_type": "Education", "h_index": 108, "h5_index": 24, "num_publications": 1, "num_citations": 0, "num_publications_5y": 0, "num_citations_5y": 0, "num_publications_10y": 1, "num_citations_10y": 0, "publications_years": {"2013": 1}, "citations_years": {}, "old_citations": {"2013": 0}, "isVisible": false}, "University of Liverpool": {"name": "University of Liverpool", "type": "organization", "organization_type": "Education", "h_index": 95, "h5_index": 28, "num_publications": 1, "num_citations": 8, "num_publications_5y": 0, "num_citations_5y": 1, "num_publications_10y": 1, "num_citations_10y": 6, "publications_years": {"2012": 1}, "citations_years": {"2010": 1, "2011": 1, "2012": 2, "2013": 1, "2014": 1, "2015": 0, "2016": 0, "2017": 0, "2018": 0, "2019": 2}, "old_citations": {"2012": 8}, "isVisible": false}, "University of London": {"name": "University of London", "type": "organization", "organization_type": "Education", "h_index": 105, "h5_index": 16, "num_publications": 1, "num_citations": 0, "num_publications_5y": 0, "num_citations_5y": 0, "num_publications_10y": 1, "num_citations_10y": 0, "publications_years": {"2013": 1}, "citations_years": {}, "old_citations": {"2013": 0}, "isVisible": false}, "University of Milan": {"name": "University of Milan", "type": "organization", "organization_type": "Education", "h_index": 110, "h5_index": 26, "num_publications": 1, "num_citations": 0, "num_publications_5y": 0, "num_citations_5y": 0, "num_publications_10y": 1, "num_citations_10y": 0, "publications_years": {"2012": 1}, "citations_years": {}, "old_citations": {"2012": 0}, "isVisible": false}, "University of Potsdam": {"name": "University of Potsdam", "type": "organization", "organization_type": "Education", "h_index": 67, "h5_index": 17, "num_publications": 1, "num_citations": 0, "num_publications_5y": 0, "num_citations_5y": 0, "num_publications_10y": 1, "num_citations_10y": 0, "publications_years": {"2013": 1}, "citations_years": {}, "old_citations": {"2013": 0}, "isVisible": false}, "University of Utah": {"name": "University of Utah", "type": "organization", "organization_type": "Education", "h_index": 145, "h5_index": 34, "num_publications": 1, "num_citations": 0, "num_publications_5y": 0, "num_citations_5y": 0, "num_publications_10y": 1, "num_citations_10y": 0, "publications_years": {"2013": 1}, "citations_years": {}, "old_citations": {"2013": 0}, "isVisible": false}, "Worcester Polytechnic Institute": {"name": "Worcester Polytechnic Institute", "type": "organization", "organization_type": "Education", "h_index": 90, "h5_index": 22, "num_publications": 1, "num_citations": 0, "num_publications_5y": 1, "num_citations_5y": 0, "num_publications_10y": 1, "num_citations_10y": 0, "publications_years": {"2015": 1}, "citations_years": {}, "old_citations": {"2015": 0}, "isVisible": false}}, "topics": {"computer science": {"name": "computer science", "type": "topic", "h_index": 1779, "h5_index": 416, "num_publications": 33, "num_citations": 59, "num_publications_5y": 8, "num_citations_5y": 11, "num_publications_10y": 27, "num_citations_10y": 46, "publications_years": {"2014": 3, "2010": 2, "2012": 6, "2013": 11, "2016": 1, "2008": 5, "2019": 1, "2018": 2, "2015": 2}, "citations_years": {"2010": 10, "2011": 3, "2012": 10, "2013": 7, "2014": 4, "2015": 1, "2016": 2, "2017": 2, "2018": 2, "2019": 10, "2008": 2, "2009": 5, "2020": 1}, "old_citations": {"2014": 7, "2010": 7, "2012": 19, "2013": 19, "2016": 1, "2008": 23, "2019": 0, "2018": 6, "2015": 0}, "isVisible": false}, "artificial intelligence": {"name": "artificial intelligence", "type": "topic", "h_index": 1421, "h5_index": 373, "num_publications": 30, "num_citations": 54, "num_publications_5y": 6, "num_citations_5y": 11, "num_publications_10y": 24, "num_citations_10y": 46, "publications_years": {"2014": 3, "2010": 2, "2012": 6, "2013": 10, "2016": 1, "2008": 5, "2019": 1, "2018": 1, "2015": 1}, "citations_years": {"2010": 10, "2011": 3, "2012": 10, "2013": 7, "2014": 4, "2015": 1, "2016": 2, "2017": 2, "2018": 2, "2019": 5, "2008": 2, "2009": 5, "2020": 1}, "old_citations": {"2014": 7, "2010": 7, "2012": 19, "2013": 19, "2016": 1, "2008": 23, "2019": 0, "2018": 1, "2015": 0}, "isVisible": false}, "formal logic": {"name": "formal logic", "type": "topic", "h_index": 532, "h5_index": 93, "num_publications": 29, "num_citations": 42, "num_publications_5y": 6, "num_citations_5y": 10, "num_publications_10y": 24, "num_citations_10y": 34, "publications_years": {"2014": 3, "2010": 2, "2012": 6, "2013": 10, "2016": 1, "2008": 4, "2019": 1, "2018": 1, "2015": 1}, "citations_years": {"2010": 5, "2011": 2, "2012": 9, "2013": 5, "2014": 3, "2015": 1, "2016": 2, "2017": 2, "2018": 2, "2019": 5, "2008": 2, "2009": 3, "2020": 1}, "old_citations": {"2014": 7, "2010": 7, "2012": 19, "2013": 19, "2016": 1, "2008": 11, "2019": 0, "2018": 1, "2015": 0}, "isVisible": false}, "formal languages and automata theory": {"name": "formal languages and automata theory", "type": "topic", "h_index": 546, "h5_index": 122, "num_publications": 22, "num_citations": 31, "num_publications_5y": 6, "num_citations_5y": 7, "num_publications_10y": 17, "num_citations_10y": 24, "publications_years": {"2010": 2, "2013": 7, "2016": 1, "2014": 2, "2008": 4, "2019": 1, "2012": 2, "2018": 2, "2015": 1}, "citations_years": {"2010": 7, "2011": 2, "2012": 2, "2013": 3, "2014": 3, "2008": 1, "2009": 3, "2015": 1, "2016": 0, "2017": 2, "2019": 6, "2018": 1}, "old_citations": {"2010": 7, "2013": 1, "2016": 1, "2014": 3, "2008": 16, "2019": 0, "2012": 0, "2018": 6, "2015": 0}, "isVisible": false}, "theoretical computer science": {"name": "theoretical computer science", "type": "topic", "h_index": 883, "h5_index": 203, "num_publications": 22, "num_citations": 31, "num_publications_5y": 6, "num_citations_5y": 7, "num_publications_10y": 17, "num_citations_10y": 24, "publications_years": {"2010": 2, "2013": 7, "2016": 1, "2014": 2, "2008": 4, "2019": 1, "2012": 2, "2018": 2, "2015": 1}, "citations_years": {"2010": 7, "2011": 2, "2012": 2, "2013": 3, "2014": 3, "2008": 1, "2009": 3, "2015": 1, "2016": 0, "2017": 2, "2019": 6, "2018": 1}, "old_citations": {"2010": 7, "2013": 1, "2016": 1, "2014": 3, "2008": 16, "2019": 0, "2012": 0, "2018": 6, "2015": 0}, "isVisible": false}, "linguistics": {"name": "linguistics", "type": "topic", "h_index": 867, "h5_index": 206, "num_publications": 18, "num_citations": 30, "num_publications_5y": 5, "num_citations_5y": 7, "num_publications_10y": 14, "num_citations_10y": 24, "publications_years": {"2014": 3, "2010": 2, "2013": 5, "2016": 1, "2008": 3, "2019": 1, "2012": 2, "2018": 1}, "citations_years": {"2010": 7, "2011": 2, "2012": 2, "2013": 3, "2014": 3, "2008": 1, "2009": 3, "2015": 1, "2016": 0, "2017": 2, "2019": 5, "2018": 1}, "old_citations": {"2014": 7, "2010": 7, "2013": 1, "2016": 1, "2008": 16, "2019": 0, "2012": 0, "2018": 5}, "isVisible": false}, "automata theory": {"name": "automata theory", "type": "topic", "h_index": 432, "h5_index": 93, "num_publications": 17, "num_citations": 10, "num_publications_5y": 5, "num_citations_5y": 5, "num_publications_10y": 15, "num_citations_10y": 9, "publications_years": {"2010": 2, "2013": 6, "2016": 1, "2014": 2, "2019": 1, "2012": 2, "2018": 1, "2008": 1, "2015": 1}, "citations_years": {"2010": 1, "2011": 1, "2012": 1, "2013": 1, "2014": 2, "2019": 1, "2015": 1, "2016": 0, "2017": 1, "2018": 1}, "old_citations": {"2010": 7, "2013": 1, "2016": 1, "2014": 3, "2019": 0, "2012": 0, "2018": 1, "2008": 0, "2015": 0}, "isVisible": false}, "computer systems": {"name": "computer systems", "type": "topic", "h_index": 1595, "h5_index": 367, "num_publications": 17, "num_citations": 5, "num_publications_5y": 4, "num_citations_5y": 1, "num_publications_10y": 15, "num_citations_10y": 5, "publications_years": {"2014": 2, "2010": 1, "2013": 7, "2012": 3, "2016": 1, "2019": 1, "2015": 1, "2008": 1}, "citations_years": {"2012": 2, "2013": 2, "2014": 1}, "old_citations": {"2014": 4, "2010": 2, "2013": 19, "2012": 2, "2016": 1, "2019": 0, "2015": 0, "2008": 0}, "isVisible": false}, "mathematics": {"name": "mathematics", "type": "topic", "h_index": 1364, "h5_index": 300, "num_publications": 16, "num_citations": 21, "num_publications_5y": 4, "num_citations_5y": 4, "num_publications_10y": 13, "num_citations_10y": 14, "publications_years": {"2012": 2, "2016": 1, "2013": 7, "2008": 2, "2019": 1, "2018": 2, "2014": 1}, "citations_years": {"2012": 4, "2013": 2, "2008": 1, "2009": 2, "2010": 2, "2011": 0, "2019": 6, "2014": 1, "2015": 1, "2016": 0, "2017": 1, "2018": 1}, "old_citations": {"2012": 2, "2016": 1, "2013": 19, "2008": 7, "2019": 0, "2018": 6, "2014": 3}, "isVisible": false}, "semantics": {"name": "semantics", "type": "topic", "h_index": 803, "h5_index": 226, "num_publications": 16, "num_citations": 32, "num_publications_5y": 4, "num_citations_5y": 7, "num_publications_10y": 12, "num_citations_10y": 26, "publications_years": {"2014": 3, "2010": 2, "2013": 5, "2012": 1, "2008": 3, "2019": 1, "2018": 1}, "citations_years": {"2010": 7, "2011": 2, "2012": 3, "2013": 4, "2014": 3, "2008": 1, "2009": 3, "2015": 1, "2016": 0, "2017": 2, "2019": 5, "2018": 1}, "old_citations": {"2014": 7, "2010": 7, "2013": 1, "2012": 2, "2008": 16, "2019": 0, "2018": 5}, "isVisible": false}, "software engineering": {"name": "software engineering", "type": "topic", "h_index": 964, "h5_index": 236, "num_publications": 16, "num_citations": 27, "num_publications_5y": 1, "num_citations_5y": 3, "num_publications_10y": 12, "num_citations_10y": 26, "publications_years": {"2010": 2, "2013": 6, "2016": 1, "2008": 3, "2019": 1, "2012": 3}, "citations_years": {"2010": 8, "2011": 2, "2012": 5, "2013": 4, "2014": 3, "2008": 1, "2009": 4}, "old_citations": {"2010": 7, "2013": 19, "2016": 1, "2008": 19, "2019": 0, "2012": 0}, "isVisible": false}, "formal languages": {"name": "formal languages", "type": "topic", "h_index": 475, "h5_index": 93, "num_publications": 15, "num_citations": 30, "num_publications_5y": 3, "num_citations_5y": 7, "num_publications_10y": 11, "num_citations_10y": 24, "publications_years": {"2010": 2, "2016": 1, "2013": 4, "2008": 3, "2019": 1, "2012": 2, "2018": 1, "2014": 1}, "citations_years": {"2010": 7, "2011": 2, "2012": 2, "2013": 3, "2014": 3, "2008": 1, "2009": 3, "2015": 1, "2016": 0, "2017": 2, "2019": 5, "2018": 1}, "old_citations": {"2010": 7, "2016": 1, "2013": 1, "2008": 16, "2019": 0, "2012": 0, "2018": 5, "2014": 3}, "isVisible": false}, "software design": {"name": "software design", "type": "topic", "h_index": 907, "h5_index": 227, "num_publications": 14, "num_citations": 10, "num_publications_5y": 1, "num_citations_5y": 1, "num_publications_10y": 11, "num_citations_10y": 9, "publications_years": {"2010": 1, "2013": 6, "2016": 1, "2008": 2, "2019": 1, "2012": 3}, "citations_years": {"2008": 1, "2009": 2, "2010": 2, "2011": 0, "2012": 3, "2013": 1, "2014": 1}, "old_citations": {"2010": 2, "2013": 19, "2016": 1, "2008": 7, "2019": 0, "2012": 0}, "isVisible": false}, "computer programming": {"name": "computer programming", "type": "topic", "h_index": 873, "h5_index": 186, "num_publications": 12, "num_citations": 25, "num_publications_5y": 2, "num_citations_5y": 5, "num_publications_10y": 11, "num_citations_10y": 19, "publications_years": {"2014": 2, "2012": 4, "2013": 5, "2008": 1}, "citations_years": {"2010": 2, "2011": 1, "2012": 6, "2013": 4, "2014": 1, "2015": 0, "2016": 2, "2017": 1, "2018": 1, "2019": 4, "2008": 1, "2009": 1, "2020": 1}, "old_citations": {"2014": 4, "2012": 19, "2013": 18, "2008": 4}, "isVisible": false}, "computer programming languages": {"name": "computer programming languages", "type": "topic", "h_index": 746, "h5_index": 154, "num_publications": 12, "num_citations": 25, "num_publications_5y": 2, "num_citations_5y": 5, "num_publications_10y": 11, "num_citations_10y": 19, "publications_years": {"2014": 2, "2012": 4, "2013": 5, "2008": 1}, "citations_years": {"2010": 2, "2011": 1, "2012": 6, "2013": 4, "2014": 1, "2015": 0, "2016": 2, "2017": 1, "2018": 1, "2019": 4, "2008": 1, "2009": 1, "2020": 1}, "old_citations": {"2014": 4, "2012": 19, "2013": 18, "2008": 4}, "isVisible": false}, "engineering": {"name": "engineering", "type": "topic", "h_index": 1177, "h5_index": 287, "num_publications": 12, "num_citations": 21, "num_publications_5y": 3, "num_citations_5y": 5, "num_publications_10y": 9, "num_citations_10y": 20, "publications_years": {"2010": 2, "2008": 2, "2019": 1, "2018": 1, "2013": 2, "2012": 2, "2015": 1, "2014": 1}, "citations_years": {"2010": 6, "2011": 2, "2012": 2, "2013": 3, "2014": 2, "2009": 2, "2019": 1, "2015": 1, "2016": 0, "2017": 1, "2018": 1}, "old_citations": {"2010": 7, "2008": 12, "2019": 0, "2018": 1, "2013": 0, "2012": 0, "2015": 0, "2014": 3}, "isVisible": false}, "ontology": {"name": "ontology", "type": "topic", "h_index": 444, "h5_index": 98, "num_publications": 12, "num_citations": 31, "num_publications_5y": 2, "num_citations_5y": 6, "num_publications_10y": 8, "num_citations_10y": 25, "publications_years": {"2010": 2, "2012": 1, "2013": 3, "2008": 3, "2019": 1, "2018": 1, "2014": 1}, "citations_years": {"2010": 7, "2011": 2, "2012": 3, "2013": 4, "2014": 2, "2008": 1, "2009": 3, "2015": 1, "2016": 0, "2017": 2, "2019": 5, "2018": 1}, "old_citations": {"2010": 7, "2012": 2, "2013": 0, "2008": 16, "2019": 0, "2018": 5, "2014": 3}, "isVisible": false}, "architecting": {"name": "architecting", "type": "topic", "h_index": 522, "h5_index": 97, "num_publications": 11, "num_citations": 3, "num_publications_5y": 1, "num_citations_5y": 1, "num_publications_10y": 9, "num_citations_10y": 3, "publications_years": {"2010": 1, "2016": 1, "2013": 5, "2019": 1, "2012": 2, "2008": 1}, "citations_years": {"2012": 1, "2013": 1, "2014": 1}, "old_citations": {"2010": 2, "2016": 1, "2013": 19, "2019": 0, "2012": 0, "2008": 0}, "isVisible": false}, "architecture verification and validation": {"name": "architecture verification and validation", "type": "topic", "h_index": 434, "h5_index": 78, "num_publications": 11, "num_citations": 3, "num_publications_5y": 1, "num_citations_5y": 1, "num_publications_10y": 9, "num_citations_10y": 3, "publications_years": {"2010": 1, "2016": 1, "2013": 5, "2019": 1, "2012": 2, "2008": 1}, "citations_years": {"2012": 1, "2013": 1, "2014": 1}, "old_citations": {"2010": 2, "2016": 1, "2013": 19, "2019": 0, "2012": 0, "2008": 0}, "isVisible": false}, "computer hardware": {"name": "computer hardware", "type": "topic", "h_index": 1150, "h5_index": 279, "num_publications": 11, "num_citations": 13, "num_publications_5y": 1, "num_citations_5y": 7, "num_publications_10y": 9, "num_citations_10y": 10, "publications_years": {"2010": 1, "2013": 4, "2019": 1, "2012": 3, "2008": 1, "2014": 1}, "citations_years": {"2012": 2, "2013": 1, "2014": 1, "2015": 1, "2016": 2, "2017": 1, "2018": 2, "2019": 2, "2020": 1}, "old_citations": {"2010": 2, "2013": 1, "2019": 0, "2012": 9, "2008": 0, "2014": 3}, "isVisible": false}, "logic programming": {"name": "logic programming", "type": "topic", "h_index": 351, "h5_index": 72, "num_publications": 6, "num_citations": 16, "num_publications_5y": 1, "num_citations_5y": 2, "num_publications_10y": 5, "num_citations_10y": 13, "publications_years": {"2012": 2, "2013": 2, "2014": 1, "2008": 1}, "citations_years": {"2010": 2, "2011": 1, "2012": 4, "2013": 3, "2014": 1, "2015": 0, "2016": 0, "2017": 1, "2018": 0, "2019": 2, "2008": 1, "2009": 1}, "old_citations": {"2012": 10, "2013": 18, "2014": 0, "2008": 4}, "isVisible": false}, "reasoning": {"name": "reasoning", "type": "topic", "h_index": 315, "h5_index": 78, "num_publications": 11, "num_citations": 29, "num_publications_5y": 2, "num_citations_5y": 6, "num_publications_10y": 7, "num_citations_10y": 23, "publications_years": {"2010": 2, "2013": 3, "2008": 3, "2019": 1, "2018": 1, "2014": 1}, "citations_years": {"2010": 7, "2011": 2, "2012": 2, "2013": 3, "2014": 2, "2008": 1, "2009": 3, "2015": 1, "2016": 0, "2017": 2, "2019": 5, "2018": 1}, "old_citations": {"2010": 7, "2013": 0, "2008": 16, "2019": 0, "2018": 5, "2014": 3}, "isVisible": false}, "theorem provers": {"name": "theorem provers", "type": "topic", "h_index": 114, "h5_index": 23, "num_publications": 11, "num_citations": 23, "num_publications_5y": 3, "num_citations_5y": 5, "num_publications_10y": 9, "num_citations_10y": 18, "publications_years": {"2014": 1, "2010": 2, "2016": 1, "2008": 1, "2019": 1, "2012": 3, "2018": 1, "2013": 1}, "citations_years": {"2010": 3, "2011": 1, "2012": 5, "2013": 2, "2014": 2, "2008": 1, "2009": 2, "2019": 3, "2015": 0, "2016": 2, "2017": 0, "2018": 1, "2020": 1}, "old_citations": {"2014": 4, "2010": 7, "2016": 1, "2008": 7, "2019": 0, "2012": 9, "2018": 1, "2013": 1}, "isVisible": false}, "propositional logic": {"name": "propositional logic", "type": "topic", "h_index": 122, "h5_index": 17, "num_publications": 5, "num_citations": 12, "num_publications_5y": 1, "num_citations_5y": 1, "num_publications_10y": 5, "num_citations_10y": 10, "publications_years": {"2012": 2, "2013": 2, "2014": 1}, "citations_years": {"2010": 1, "2011": 1, "2012": 4, "2013": 3, "2014": 1, "2015": 0, "2016": 0, "2017": 0, "2018": 0, "2019": 2}, "old_citations": {"2012": 10, "2013": 18, "2014": 0}, "isVisible": false}, "boolean functions": {"name": "boolean functions", "type": "topic", "h_index": 296, "h5_index": 60, "num_publications": 10, "num_citations": 8, "num_publications_5y": 2, "num_citations_5y": 3, "num_publications_10y": 10, "num_citations_10y": 7, "publications_years": {"2012": 2, "2013": 6, "2018": 1, "2014": 1}, "citations_years": {"2012": 2, "2013": 2, "2019": 1, "2015": 1, "2016": 0, "2017": 1, "2018": 1}, "old_citations": {"2012": 2, "2013": 18, "2018": 1, "2014": 3}, "isVisible": false}, "decision theory": {"name": "decision theory", "type": "topic", "h_index": 312, "h5_index": 73, "num_publications": 11, "num_citations": 3, "num_publications_5y": 1, "num_citations_5y": 1, "num_publications_10y": 10, "num_citations_10y": 3, "publications_years": {"2010": 1, "2016": 1, "2013": 6, "2019": 1, "2012": 2}, "citations_years": {"2012": 1, "2013": 1, "2014": 1}, "old_citations": {"2010": 2, "2016": 1, "2013": 19, "2019": 0, "2012": 0}, "isVisible": false}, "satisfiability": {"name": "satisfiability", "type": "topic", "h_index": 183, "h5_index": 34, "num_publications": 11, "num_citations": 5, "num_publications_5y": 1, "num_citations_5y": 1, "num_publications_10y": 10, "num_citations_10y": 5, "publications_years": {"2010": 1, "2012": 3, "2016": 1, "2013": 5, "2019": 1}, "citations_years": {"2012": 2, "2013": 2, "2014": 1}, "old_citations": {"2010": 2, "2012": 2, "2016": 1, "2013": 19, "2019": 0}, "isVisible": false}, "embedded systems": {"name": "embedded systems", "type": "topic", "h_index": 799, "h5_index": 168, "num_publications": 11, "num_citations": 3, "num_publications_5y": 1, "num_citations_5y": 1, "num_publications_10y": 9, "num_citations_10y": 3, "publications_years": {"2010": 1, "2016": 1, "2013": 5, "2019": 1, "2012": 2, "2008": 1}, "citations_years": {"2012": 1, "2013": 1, "2014": 1}, "old_citations": {"2010": 2, "2016": 1, "2013": 19, "2019": 0, "2012": 0, "2008": 0}, "isVisible": false}, "model checking": {"name": "model checking", "type": "topic", "h_index": 433, "h5_index": 77, "num_publications": 11, "num_citations": 3, "num_publications_5y": 1, "num_citations_5y": 1, "num_publications_10y": 9, "num_citations_10y": 3, "publications_years": {"2010": 1, "2016": 1, "2013": 5, "2019": 1, "2012": 2, "2008": 1}, "citations_years": {"2012": 1, "2013": 1, "2014": 1}, "old_citations": {"2010": 2, "2016": 1, "2013": 19, "2019": 0, "2012": 0, "2008": 0}, "isVisible": false}, "software architecture": {"name": "software architecture", "type": "topic", "h_index": 821, "h5_index": 210, "num_publications": 11, "num_citations": 3, "num_publications_5y": 1, "num_citations_5y": 1, "num_publications_10y": 9, "num_citations_10y": 3, "publications_years": {"2010": 1, "2016": 1, "2013": 5, "2019": 1, "2012": 2, "2008": 1}, "citations_years": {"2012": 1, "2013": 1, "2014": 1}, "old_citations": {"2010": 2, "2016": 1, "2013": 19, "2019": 0, "2012": 0, "2008": 0}, "isVisible": false}, "sat solvers": {"name": "sat solvers", "type": "topic", "h_index": 129, "h5_index": 25, "num_publications": 4, "num_citations": 2, "num_publications_5y": 0, "num_citations_5y": 0, "num_publications_10y": 4, "num_citations_10y": 2, "publications_years": {"2013": 4}, "citations_years": {"2012": 1, "2013": 1}, "old_citations": {"2013": 18}, "isVisible": false}, "computability and decidability": {"name": "computability and decidability", "type": "topic", "h_index": 186, "h5_index": 30, "num_publications": 6, "num_citations": 1, "num_publications_5y": 1, "num_citations_5y": 1, "num_publications_10y": 5, "num_citations_10y": 1, "publications_years": {"2010": 1, "2016": 1, "2019": 1, "2012": 2, "2013": 1}, "citations_years": {"2014": 1}, "old_citations": {"2010": 2, "2016": 1, "2019": 0, "2012": 0, "2013": 1}, "isVisible": false}, "decision procedure": {"name": "decision procedure", "type": "topic", "h_index": 110, "h5_index": 18, "num_publications": 6, "num_citations": 1, "num_publications_5y": 1, "num_citations_5y": 1, "num_publications_10y": 5, "num_citations_10y": 1, "publications_years": {"2010": 1, "2016": 1, "2019": 1, "2012": 2, "2013": 1}, "citations_years": {"2014": 1}, "old_citations": {"2010": 2, "2016": 1, "2019": 0, "2012": 0, "2013": 1}, "isVisible": false}, "graph theory": {"name": "graph theory", "type": "topic", "h_index": 726, "h5_index": 150, "num_publications": 6, "num_citations": 1, "num_publications_5y": 1, "num_citations_5y": 1, "num_publications_10y": 5, "num_citations_10y": 1, "publications_years": {"2010": 1, "2016": 1, "2019": 1, "2012": 2, "2013": 1}, "citations_years": {"2014": 1}, "old_citations": {"2010": 2, "2016": 1, "2019": 0, "2012": 0, "2013": 1}, "isVisible": false}, "nonlinear functions": {"name": "nonlinear functions", "type": "topic", "h_index": 107, "h5_index": 36, "num_publications": 3, "num_citations": 5, "num_publications_5y": 2, "num_citations_5y": 0, "num_publications_10y": 2, "num_citations_10y": 0, "publications_years": {"2016": 1, "2018": 1, "2008": 1}, "citations_years": {"2019": 5}, "old_citations": {"2016": 1, "2018": 5, "2008": 0}, "isVisible": false}, "automated reasoning": {"name": "automated reasoning", "type": "topic", "h_index": 72, "h5_index": 16, "num_publications": 7, "num_citations": 4, "num_publications_5y": 3, "num_citations_5y": 3, "num_publications_10y": 6, "num_citations_10y": 3, "publications_years": {"2010": 1, "2018": 1, "2013": 2, "2008": 1, "2015": 1, "2014": 1}, "citations_years": {"2019": 1, "2015": 1, "2016": 0, "2017": 1, "2018": 1}, "old_citations": {"2010": 2, "2018": 1, "2013": 0, "2008": 0, "2015": 0, "2014": 3}, "isVisible": false}, "automated theorem proving": {"name": "automated theorem proving", "type": "topic", "h_index": 41, "h5_index": 8, "num_publications": 5, "num_citations": 6, "num_publications_5y": 2, "num_citations_5y": 1, "num_publications_10y": 5, "num_citations_10y": 5, "publications_years": {"2010": 2, "2013": 1, "2014": 1, "2018": 1}, "citations_years": {"2010": 1, "2011": 1, "2012": 1, "2013": 1, "2014": 1, "2019": 1}, "old_citations": {"2010": 7, "2013": 0, "2014": 0, "2018": 1}, "isVisible": false}, "automation": {"name": "automation", "type": "topic", "h_index": 579, "h5_index": 144, "num_publications": 8, "num_citations": 4, "num_publications_5y": 3, "num_citations_5y": 3, "num_publications_10y": 7, "num_citations_10y": 3, "publications_years": {"2010": 1, "2018": 1, "2013": 2, "2012": 1, "2008": 1, "2015": 1, "2014": 1}, "citations_years": {"2019": 1, "2015": 1, "2016": 0, "2017": 1, "2018": 1}, "old_citations": {"2010": 2, "2018": 1, "2013": 0, "2012": 0, "2008": 0, "2015": 0, "2014": 3}, "isVisible": false}, "boolean algebra": {"name": "boolean algebra", "type": "topic", "h_index": 136, "h5_index": 27, "num_publications": 1, "num_citations": 1, "num_publications_5y": 1, "num_citations_5y": 0, "num_publications_10y": 1, "num_citations_10y": 0, "publications_years": {"2018": 1}, "citations_years": {"2019": 1}, "old_citations": {"2018": 1}, "isVisible": false}}, "authors": {"2973601199": {"name": "geoffrey sutcliffe", "type": "author", "activity": 15, "h_index": 9, "h5_index": 5, "mag_id": "2973601199", "num_publications": 4, "num_citations": 17, "num_publications_5y": 1, "num_citations_5y": 2, "num_publications_10y": 1, "num_citations_10y": 15, "publications_years": {"2008": 3, "2018": 1}, "citations_years": {"2008": 1, "2009": 3, "2010": 6, "2011": 1, "2012": 1, "2013": 2, "2014": 1, "2015": 0, "2016": 0, "2017": 1, "2019": 1}, "old_citations": {"2008": 16, "2018": 1}, "isVisible": false}, "1914724826": {"name": "christoph benzmuller", "type": "author", "activity": 29, "h_index": 20, "h5_index": 7, "mag_id": "1914724826", "num_publications": 3, "num_citations": 5, "num_publications_5y": 0, "num_citations_5y": 1, "num_publications_10y": 2, "num_citations_10y": 5, "publications_years": {"2010": 1, "2013": 1, "2008": 1}, "citations_years": {"2010": 1, "2011": 1, "2012": 1, "2013": 1, "2014": 1}, "old_citations": {"2010": 5, "2013": 0, "2008": 0}, "isVisible": false}, "2102617764": {"name": "renate a schmidt", "type": "author", "activity": 29, "h_index": 20, "h5_index": 3, "mag_id": "2102617764", "num_publications": 3, "num_citations": 17, "num_publications_5y": 0, "num_citations_5y": 4, "num_publications_10y": 2, "num_citations_10y": 12, "publications_years": {"2012": 2, "2008": 1}, "citations_years": {"2010": 1, "2011": 1, "2012": 4, "2013": 2, "2014": 1, "2015": 0, "2016": 2, "2017": 0, "2018": 1, "2019": 4, "2020": 1}, "old_citations": {"2012": 17, "2008": 0}, "isVisible": false}, "2601233120": {"name": "adam pease", "type": "author", "activity": 19, "h_index": 15, "h5_index": 2, "mag_id": "2601233120", "num_publications": 3, "num_citations": 21, "num_publications_5y": 0, "num_citations_5y": 3, "num_publications_10y": 1, "num_citations_10y": 20, "publications_years": {"2010": 1, "2008": 2}, "citations_years": {"2010": 7, "2011": 2, "2012": 2, "2013": 3, "2014": 2, "2008": 1, "2009": 3, "2015": 0, "2016": 0, "2017": 1}, "old_citations": {"2010": 5, "2008": 16}, "isVisible": false}, "992937061": {"name": "steven trac", "type": "author", "activity": 4, "h_index": 4, "h5_index": 0, "mag_id": "992937061", "num_publications": 2, "num_citations": 16, "num_publications_5y": 0, "num_citations_5y": 2, "num_publications_10y": 0, "num_citations_10y": 15, "publications_years": {"2008": 2}, "citations_years": {"2008": 1, "2009": 3, "2010": 6, "2011": 1, "2012": 1, "2013": 2, "2014": 1, "2015": 0, "2016": 0, "2017": 1}, "old_citations": {"2008": 16}, "isVisible": false}, "2102600924": {"name": "josef urban", "type": "author", "activity": 18, "h_index": 27, "h5_index": 9, "mag_id": "2102600924", "num_publications": 2, "num_citations": 1, "num_publications_5y": 1, "num_citations_5y": 1, "num_publications_10y": 2, "num_citations_10y": 1, "publications_years": {"2015": 1, "2013": 1}, "citations_years": {"2014": 1}, "old_citations": {"2015": 0, "2013": 1}, "isVisible": false}, "2125114630": {"name": "giles reger", "type": "author", "activity": 8, "h_index": 13, "h5_index": 9, "mag_id": "2125114630", "num_publications": 2, "num_citations": 8, "num_publications_5y": 2, "num_citations_5y": 0, "num_publications_10y": 2, "num_citations_10y": 0, "publications_years": {"2018": 2}, "citations_years": {"2019": 7, "2020": 1}, "old_citations": {"2018": 8}, "isVisible": false}, "2242438494": {"name": "armin biere", "type": "author", "activity": 22, "h_index": 39, "h5_index": 8, "mag_id": "2242438494", "num_publications": 2, "num_citations": 0, "num_publications_5y": 0, "num_citations_5y": 0, "num_publications_10y": 2, "num_citations_10y": 0, "publications_years": {"2013": 2}, "citations_years": {}, "old_citations": {"2013": 16}, "isVisible": false}, "2485078132": {"name": "cezary kaliszyk", "type": "author", "activity": 17, "h_index": 18, "h5_index": 9, "mag_id": "2485078132", "num_publications": 2, "num_citations": 1, "num_publications_5y": 1, "num_citations_5y": 1, "num_publications_10y": 2, "num_citations_10y": 1, "publications_years": {"2015": 1, "2013": 1}, "citations_years": {"2014": 1}, "old_citations": {"2015": 0, "2013": 1}, "isVisible": false}, "2639435464": {"name": "tomer libal", "type": "author", "activity": 10, "h_index": 3, "h5_index": 0, "mag_id": "2639435464", "num_publications": 2, "num_citations": 0, "num_publications_5y": 1, "num_citations_5y": 0, "num_publications_10y": 2, "num_citations_10y": 0, "publications_years": {"2016": 1, "2013": 1}, "citations_years": {}, "old_citations": {"2016": 1, "2013": 0}, "isVisible": false}, "2899732360": {"name": "geoff sutcliffe", "type": "author", "activity": 31, "h_index": 21, "h5_index": 2, "mag_id": "2899732360", "num_publications": 2, "num_citations": 7, "num_publications_5y": 1, "num_citations_5y": 0, "num_publications_10y": 1, "num_citations_10y": 6, "publications_years": {"2014": 1, "2008": 1}, "citations_years": {"2008": 1, "2009": 2, "2010": 2, "2011": 0, "2012": 2}, "old_citations": {"2014": 0, "2008": 7}, "isVisible": false}, "45528909": {"name": "alexander leitsch", "type": "author", "activity": 29, "h_index": 8, "h5_index": 1, "mag_id": "45528909", "num_publications": 1, "num_citations": 0, "num_publications_5y": 0, "num_citations_5y": 0, "num_publications_10y": 1, "num_citations_10y": 0, "publications_years": {"2013": 1}, "citations_years": {}, "old_citations": {"2013": 0}, "isVisible": false}, "48057563": {"name": "ullrich hustadt", "type": "author", "activity": 27, "h_index": 22, "h5_index": 3, "mag_id": "48057563", "num_publications": 1, "num_citations": 8, "num_publications_5y": 0, "num_citations_5y": 1, "num_publications_10y": 1, "num_citations_10y": 6, "publications_years": {"2012": 1}, "citations_years": {"2010": 1, "2011": 1, "2012": 2, "2013": 1, "2014": 1, "2015": 0, "2016": 0, "2017": 0, "2018": 0, "2019": 2}, "old_citations": {"2012": 8}, "isVisible": false}, "184670821": {"name": "patrick wischnewski", "type": "author", "activity": 9, "h_index": 4, "h5_index": 1, "mag_id": "184670821", "num_publications": 1, "num_citations": 2, "num_publications_5y": 0, "num_citations_5y": 0, "num_publications_10y": 1, "num_citations_10y": 2, "publications_years": {"2012": 1}, "citations_years": {"2012": 1, "2013": 1}, "old_citations": {"2012": 2}, "isVisible": false}, "236860028": {"name": "deborah l mcguinness", "type": "author", "activity": 31, "h_index": 51, "h5_index": 3, "mag_id": "236860028", "num_publications": 1, "num_citations": 7, "num_publications_5y": 0, "num_citations_5y": 0, "num_publications_10y": 0, "num_citations_10y": 6, "publications_years": {"2008": 1}, "citations_years": {"2008": 1, "2009": 2, "2010": 2, "2011": 0, "2012": 2}, "old_citations": {"2008": 7}, "isVisible": false}, "269043658": {"name": "roger villemaire", "type": "author", "activity": 28, "h_index": 11, "h5_index": 1, "mag_id": "269043658", "num_publications": 1, "num_citations": 2, "num_publications_5y": 0, "num_citations_5y": 0, "num_publications_10y": 1, "num_citations_10y": 2, "publications_years": {"2013": 1}, "citations_years": {"2012": 1, "2013": 1}, "old_citations": {"2013": 2}, "isVisible": false}, "364566352": {"name": "david e rydeheard", "type": "author", "activity": 28, "h_index": 10, "h5_index": 1, "mag_id": "364566352", "num_publications": 1, "num_citations": 0, "num_publications_5y": 0, "num_citations_5y": 0, "num_publications_10y": 1, "num_citations_10y": 0, "publications_years": {"2010": 1}, "citations_years": {}, "old_citations": {"2010": 2}, "isVisible": false}, "443565481": {"name": "thomas raths", "type": "author", "activity": 10, "h_index": 4, "h5_index": 0, "mag_id": "443565481", "num_publications": 1, "num_citations": 0, "num_publications_5y": 0, "num_citations_5y": 0, "num_publications_10y": 1, "num_citations_10y": 0, "publications_years": {"2013": 1}, "citations_years": {}, "old_citations": {"2013": 0}, "isVisible": false}, "686710517": {"name": "boris konev", "type": "author", "activity": 20, "h_index": 14, "h5_index": 3, "mag_id": "686710517", "num_publications": 1, "num_citations": 0, "num_publications_5y": 0, "num_citations_5y": 0, "num_publications_10y": 0, "num_citations_10y": 0, "publications_years": {"2008": 1}, "citations_years": {}, "old_citations": {"2008": 0}, "isVisible": false}, "739540358": {"name": "jacques fleuriot", "type": "author", "activity": 20, "h_index": 10, "h5_index": 2, "mag_id": "739540358", "num_publications": 1, "num_citations": 0, "num_publications_5y": 0, "num_citations_5y": 0, "num_publications_10y": 1, "num_citations_10y": 0, "publications_years": {"2012": 1}, "citations_years": {}, "old_citations": {"2012": 0}, "isVisible": false}, "1870921167": {"name": "uwe waldmann", "type": "author", "activity": 28, "h_index": 9, "h5_index": 3, "mag_id": "1870921167", "num_publications": 1, "num_citations": 0, "num_publications_5y": 0, "num_citations_5y": 0, "num_publications_10y": 0, "num_citations_10y": 0, "publications_years": {"2019": 1}, "citations_years": {}, "old_citations": {"2019": 0}, "isVisible": false}, "1938809442": {"name": "evgenii kotelnikov", "type": "author", "activity": 8, "h_index": 3, "h5_index": 3, "mag_id": "1938809442", "num_publications": 1, "num_citations": 1, "num_publications_5y": 1, "num_citations_5y": 0, "num_publications_10y": 1, "num_citations_10y": 0, "publications_years": {"2018": 1}, "citations_years": {"2019": 1}, "old_citations": {"2018": 1}, "isVisible": false}, "1995438375": {"name": "dmitry tishkovsky", "type": "author", "activity": 21, "h_index": 8, "h5_index": 1, "mag_id": "1995438375", "num_publications": 1, "num_citations": 9, "num_publications_5y": 0, "num_citations_5y": 3, "num_publications_10y": 1, "num_citations_10y": 6, "publications_years": {"2012": 1}, "citations_years": {"2012": 2, "2013": 1, "2014": 0, "2015": 0, "2016": 2, "2017": 0, "2018": 1, "2019": 2, "2020": 1}, "old_citations": {"2012": 9}, "isVisible": false}, "2016735973": {"name": "lawrence c paulson", "type": "author", "activity": 30, "h_index": 31, "h5_index": 5, "mag_id": "2016735973", "num_publications": 1, "num_citations": 0, "num_publications_5y": 0, "num_citations_5y": 0, "num_publications_10y": 1, "num_citations_10y": 0, "publications_years": {"2012": 1}, "citations_years": {}, "old_citations": {"2012": 0}, "isVisible": false}, "2051889591": {"name": "ji\u0159i vyskocil", "type": "author", "activity": 12, "h_index": 8, "h5_index": 1, "mag_id": "2051889591", "num_publications": 1, "num_citations": 0, "num_publications_5y": 1, "num_citations_5y": 0, "num_publications_10y": 1, "num_citations_10y": 0, "publications_years": {"2015": 1}, "citations_years": {}, "old_citations": {"2015": 0}, "isVisible": false}, "2085498508": {"name": "djihed afifi", "type": "author", "activity": 1, "h_index": 1, "h5_index": 0, "mag_id": "2085498508", "num_publications": 1, "num_citations": 0, "num_publications_5y": 0, "num_citations_5y": 0, "num_publications_10y": 1, "num_citations_10y": 0, "publications_years": {"2010": 1}, "citations_years": {}, "old_citations": {"2010": 2}, "isVisible": false}, "2101122120": {"name": "martina seidl", "type": "author", "activity": 17, "h_index": 18, "h5_index": 7, "mag_id": "2101122120", "num_publications": 1, "num_citations": 0, "num_publications_5y": 0, "num_citations_5y": 0, "num_publications_10y": 1, "num_citations_10y": 0, "publications_years": {"2013": 1}, "citations_years": {}, "old_citations": {"2013": 16}, "isVisible": false}, "2103374545": {"name": "cesare tinelli", "type": "author", "activity": 24, "h_index": 28, "h5_index": 8, "mag_id": "2103374545", "num_publications": 1, "num_citations": 0, "num_publications_5y": 0, "num_citations_5y": 0, "num_publications_10y": 1, "num_citations_10y": 0, "publications_years": {"2013": 1}, "citations_years": {}, "old_citations": {"2013": 0}, "isVisible": false}, "2103680662": {"name": "diego caminha b de oliveira", "type": "author", "activity": 6, "h_index": 3, "h5_index": 0, "mag_id": "2103680662", "num_publications": 1, "num_citations": 0, "num_publications_5y": 0, "num_citations_5y": 0, "num_publications_10y": 1, "num_citations_10y": 0, "publications_years": {"2013": 1}, "citations_years": {}, "old_citations": {"2013": 0}, "isVisible": false}, "2105290673": {"name": "daniel j dougherty", "type": "author", "activity": 29, "h_index": 11, "h5_index": 4, "mag_id": "2105290673", "num_publications": 1, "num_citations": 0, "num_publications_5y": 1, "num_citations_5y": 0, "num_publications_10y": 1, "num_citations_10y": 0, "publications_years": {"2015": 1}, "citations_years": {}, "old_citations": {"2015": 0}, "isVisible": false}, "2119868531": {"name": "peter baumgartner", "type": "author", "activity": 30, "h_index": 22, "h5_index": 1, "mag_id": "2119868531", "num_publications": 1, "num_citations": 0, "num_publications_5y": 0, "num_citations_5y": 0, "num_publications_10y": 0, "num_citations_10y": 0, "publications_years": {"2019": 1}, "citations_years": {}, "old_citations": {"2019": 0}, "isVisible": false}, "2121181338": {"name": "alexander steen", "type": "author", "activity": 7, "h_index": 5, "h5_index": 5, "mag_id": "2121181338", "num_publications": 1, "num_citations": 0, "num_publications_5y": 1, "num_citations_5y": 0, "num_publications_10y": 1, "num_citations_10y": 0, "publications_years": {"2016": 1}, "citations_years": {}, "old_citations": {"2016": 1}, "isVisible": false}, "2122644706": {"name": "salman saghafi", "type": "author", "activity": 4, "h_index": 3, "h5_index": 0, "mag_id": "2122644706", "num_publications": 1, "num_citations": 0, "num_publications_5y": 1, "num_citations_5y": 0, "num_publications_10y": 1, "num_citations_10y": 0, "publications_years": {"2015": 1}, "citations_years": {}, "old_citations": {"2015": 0}, "isVisible": false}, "2129824716": {"name": "anthony monnet", "type": "author", "activity": 4, "h_index": 2, "h5_index": 0, "mag_id": "2129824716", "num_publications": 1, "num_citations": 2, "num_publications_5y": 0, "num_citations_5y": 0, "num_publications_10y": 1, "num_citations_10y": 2, "publications_years": {"2013": 1}, "citations_years": {"2012": 1, "2013": 1}, "old_citations": {"2013": 2}, "isVisible": false}, "2140973943": {"name": "laura i meikle", "type": "author", "activity": 10, "h_index": 3, "h5_index": 0, "mag_id": "2140973943", "num_publications": 1, "num_citations": 0, "num_publications_5y": 0, "num_citations_5y": 0, "num_publications_10y": 1, "num_citations_10y": 0, "publications_years": {"2012": 1}, "citations_years": {}, "old_citations": {"2012": 0}, "isVisible": false}, "2142354296": {"name": "guido fiorino", "type": "author", "activity": 18, "h_index": 4, "h5_index": 1, "mag_id": "2142354296", "num_publications": 1, "num_citations": 0, "num_publications_5y": 0, "num_citations_5y": 0, "num_publications_10y": 1, "num_citations_10y": 0, "publications_years": {"2012": 1}, "citations_years": {}, "old_citations": {"2012": 0}, "isVisible": false}, "2142397118": {"name": "paulo pinheiro da silva", "type": "author", "activity": 15, "h_index": 17, "h5_index": 0, "mag_id": "2142397118", "num_publications": 1, "num_citations": 7, "num_publications_5y": 0, "num_citations_5y": 0, "num_publications_10y": 0, "num_citations_10y": 6, "publications_years": {"2008": 1}, "citations_years": {"2008": 1, "2009": 2, "2010": 2, "2011": 0, "2012": 2}, "old_citations": {"2008": 7}, "isVisible": false}, "2143597024": {"name": "daniel wand", "type": "author", "activity": 6, "h_index": 2, "h5_index": 1, "mag_id": "2143597024", "num_publications": 1, "num_citations": 0, "num_publications_5y": 1, "num_citations_5y": 0, "num_publications_10y": 1, "num_citations_10y": 0, "publications_years": {"2014": 1}, "citations_years": {}, "old_citations": {"2014": 4}, "isVisible": false}, "2145819526": {"name": "jason crampton", "type": "author", "activity": 19, "h_index": 26, "h5_index": 4, "mag_id": "2145819526", "num_publications": 1, "num_citations": 0, "num_publications_5y": 0, "num_citations_5y": 0, "num_publications_10y": 1, "num_citations_10y": 0, "publications_years": {"2013": 1}, "citations_years": {}, "old_citations": {"2013": 0}, "isVisible": false}, "2146671991": {"name": "rajeev gore", "type": "author", "activity": 25, "h_index": 16, "h5_index": 2, "mag_id": "2146671991", "num_publications": 1, "num_citations": 0, "num_publications_5y": 0, "num_citations_5y": 0, "num_publications_10y": 1, "num_citations_10y": 0, "publications_years": {"2013": 1}, "citations_years": {}, "old_citations": {"2013": 0}, "isVisible": false}, "2147995978": {"name": "nicholas del rio", "type": "author", "activity": 14, "h_index": 7, "h5_index": 0, "mag_id": "2147995978", "num_publications": 1, "num_citations": 7, "num_publications_5y": 0, "num_citations_5y": 0, "num_publications_10y": 0, "num_citations_10y": 6, "publications_years": {"2008": 1}, "citations_years": {"2008": 1, "2009": 2, "2010": 2, "2011": 0, "2012": 2}, "old_citations": {"2008": 7}, "isVisible": false}, "2148585361": {"name": "christoph weidenbach", "type": "author", "activity": 30, "h_index": 19, "h5_index": 3, "mag_id": "2148585361", "num_publications": 1, "num_citations": 2, "num_publications_5y": 0, "num_citations_5y": 0, "num_publications_10y": 1, "num_citations_10y": 2, "publications_years": {"2012": 1}, "citations_years": {"2012": 1, "2013": 1}, "old_citations": {"2012": 2}, "isVisible": false}, "2149156319": {"name": "jens otten", "type": "author", "activity": 14, "h_index": 9, "h5_index": 2, "mag_id": "2149156319", "num_publications": 1, "num_citations": 0, "num_publications_5y": 0, "num_citations_5y": 0, "num_publications_10y": 1, "num_citations_10y": 0, "publications_years": {"2013": 1}, "citations_years": {}, "old_citations": {"2013": 0}, "isVisible": false}, "2150602102": {"name": "stephan schulz", "type": "author", "activity": 17, "h_index": 2, "h5_index": 0, "mag_id": "2150602102", "num_publications": 1, "num_citations": 0, "num_publications_5y": 0, "num_citations_5y": 0, "num_publications_10y": 0, "num_citations_10y": 0, "publications_years": {"2008": 1}, "citations_years": {}, "old_citations": {"2008": 0}, "isVisible": false}, "2155306770": {"name": "howard barringer", "type": "author", "activity": 26, "h_index": 22, "h5_index": 0, "mag_id": "2155306770", "num_publications": 1, "num_citations": 0, "num_publications_5y": 0, "num_citations_5y": 0, "num_publications_10y": 1, "num_citations_10y": 0, "publications_years": {"2010": 1}, "citations_years": {}, "old_citations": {"2010": 2}, "isVisible": false}, "2155540298": {"name": "jim huanpu kuo", "type": "author", "activity": 4, "h_index": 5, "h5_index": 0, "mag_id": "2155540298", "num_publications": 1, "num_citations": 0, "num_publications_5y": 0, "num_citations_5y": 0, "num_publications_10y": 1, "num_citations_10y": 0, "publications_years": {"2013": 1}, "citations_years": {}, "old_citations": {"2013": 0}, "isVisible": false}, "2172276480": {"name": "cynthia chang", "type": "author", "activity": 8, "h_index": 5, "h5_index": 0, "mag_id": "2172276480", "num_publications": 1, "num_citations": 7, "num_publications_5y": 0, "num_citations_5y": 0, "num_publications_10y": 0, "num_citations_10y": 6, "publications_years": {"2008": 1}, "citations_years": {"2008": 1, "2009": 2, "2010": 2, "2011": 0, "2012": 2}, "old_citations": {"2008": 7}, "isVisible": false}, "2173565604": {"name": "mohammad khodadadi", "type": "author", "activity": 9, "h_index": 4, "h5_index": 2, "mag_id": "2173565604", "num_publications": 1, "num_citations": 9, "num_publications_5y": 0, "num_citations_5y": 3, "num_publications_10y": 1, "num_citations_10y": 6, "publications_years": {"2012": 1}, "citations_years": {"2012": 2, "2013": 1, "2014": 0, "2015": 0, "2016": 2, "2017": 0, "2018": 1, "2019": 2, "2020": 1}, "old_citations": {"2012": 9}, "isVisible": false}, "2247473723": {"name": "florian rabe", "type": "author", "activity": 14, "h_index": 10, "h5_index": 4, "mag_id": "2247473723", "num_publications": 1, "num_citations": 0, "num_publications_5y": 0, "num_citations_5y": 0, "num_publications_10y": 0, "num_citations_10y": 0, "publications_years": {"2008": 1}, "citations_years": {}, "old_citations": {"2008": 0}, "isVisible": false}, "2285700556": {"name": "tianyi liang", "type": "author", "activity": 5, "h_index": 4, "h5_index": 2, "mag_id": "2285700556", "num_publications": 1, "num_citations": 0, "num_publications_5y": 0, "num_citations_5y": 0, "num_publications_10y": 1, "num_citations_10y": 0, "publications_years": {"2013": 1}, "citations_years": {}, "old_citations": {"2013": 0}, "isVisible": false}, "2286649343": {"name": "carsten schurmann", "type": "author", "activity": 18, "h_index": 11, "h5_index": 2, "mag_id": "2286649343", "num_publications": 1, "num_citations": 0, "num_publications_5y": 0, "num_citations_5y": 0, "num_publications_10y": 0, "num_citations_10y": 0, "publications_years": {"2008": 1}, "citations_years": {}, "old_citations": {"2008": 0}, "isVisible": false}, "2527467599": {"name": "li ding", "type": "author", "activity": 13, "h_index": 27, "h5_index": 0, "mag_id": "2527467599", "num_publications": 1, "num_citations": 7, "num_publications_5y": 0, "num_citations_5y": 0, "num_publications_10y": 0, "num_citations_10y": 6, "publications_years": {"2008": 1}, "citations_years": {"2008": 1, "2009": 2, "2010": 2, "2011": 0, "2012": 2}, "old_citations": {"2008": 7}, "isVisible": false}, "2560663543": {"name": "jimmy thomson", "type": "author", "activity": 4, "h_index": 4, "h5_index": 0, "mag_id": "2560663543", "num_publications": 1, "num_citations": 0, "num_publications_5y": 0, "num_citations_5y": 0, "num_publications_10y": 1, "num_citations_10y": 0, "publications_years": {"2013": 1}, "citations_years": {}, "old_citations": {"2013": 0}, "isVisible": false}, "2645432769": {"name": "negin arhami", "type": "author", "activity": 5, "h_index": 0, "h5_index": 0, "mag_id": "2645432769", "num_publications": 1, "num_citations": 0, "num_publications_5y": 1, "num_citations_5y": 0, "num_publications_10y": 1, "num_citations_10y": 0, "publications_years": {"2014": 1}, "citations_years": {}, "old_citations": {"2014": 0}, "isVisible": false}, "2655494236": {"name": "david monniaux", "type": "author", "activity": 2, "h_index": 1, "h5_index": 0, "mag_id": "2655494236", "num_publications": 1, "num_citations": 0, "num_publications_5y": 0, "num_citations_5y": 0, "num_publications_10y": 1, "num_citations_10y": 0, "publications_years": {"2013": 1}, "citations_years": {}, "old_citations": {"2013": 0}, "isVisible": false}, "2718039933": {"name": "boris motik", "type": "author", "activity": 2, "h_index": 0, "h5_index": 0, "mag_id": "2718039933", "num_publications": 1, "num_citations": 0, "num_publications_5y": 0, "num_citations_5y": 0, "num_publications_10y": 1, "num_citations_10y": 0, "publications_years": {"2013": 1}, "citations_years": {}, "old_citations": {"2013": 0}, "isVisible": false}, "2721368239": {"name": "nick siegel", "type": "author", "activity": 3, "h_index": 2, "h5_index": 0, "mag_id": "2721368239", "num_publications": 1, "num_citations": 4, "num_publications_5y": 0, "num_citations_5y": 1, "num_publications_10y": 0, "num_citations_10y": 3, "publications_years": {"2008": 1}, "citations_years": {"2008": 1, "2009": 1, "2010": 1, "2011": 0, "2012": 0, "2013": 0, "2014": 0, "2015": 0, "2016": 0, "2017": 1}, "old_citations": {"2008": 4}, "isVisible": false}, "2776013358": {"name": "michael huth", "type": "author", "activity": 27, "h_index": 16, "h5_index": 4, "mag_id": "2776013358", "num_publications": 1, "num_citations": 0, "num_publications_5y": 0, "num_citations_5y": 0, "num_publications_10y": 1, "num_citations_10y": 0, "publications_years": {"2013": 1}, "citations_years": {}, "old_citations": {"2013": 0}, "isVisible": false}, "2791922677": {"name": "florian lonsing", "type": "author", "activity": 11, "h_index": 14, "h5_index": 4, "mag_id": "2791922677", "num_publications": 1, "num_citations": 0, "num_publications_5y": 0, "num_citations_5y": 0, "num_publications_10y": 1, "num_citations_10y": 0, "publications_years": {"2013": 1}, "citations_years": {}, "old_citations": {"2013": 16}, "isVisible": false}, "2809691666": {"name": "ahmed bhayat", "type": "author", "activity": 2, "h_index": 2, "h5_index": 2, "mag_id": "2809691666", "num_publications": 1, "num_citations": 5, "num_publications_5y": 1, "num_citations_5y": 0, "num_publications_10y": 1, "num_citations_10y": 0, "publications_years": {"2018": 1}, "citations_years": {"2019": 5}, "old_citations": {"2018": 5}, "isVisible": false}, "2907093648": {"name": "michael rawson", "type": "author", "activity": 2, "h_index": 2, "h5_index": 2, "mag_id": "2907093648", "num_publications": 1, "num_citations": 3, "num_publications_5y": 1, "num_citations_5y": 0, "num_publications_10y": 1, "num_citations_10y": 0, "publications_years": {"2018": 1}, "citations_years": {"2019": 2, "2020": 1}, "old_citations": {"2018": 3}, "isVisible": false}, "2955330965": {"name": "simon cruanes", "type": "author", "activity": 1, "h_index": 1, "h5_index": 0, "mag_id": "2955330965", "num_publications": 1, "num_citations": 3, "num_publications_5y": 1, "num_citations_5y": 3, "num_publications_10y": 1, "num_citations_10y": 3, "publications_years": {"2014": 1}, "citations_years": {"2015": 1, "2016": 0, "2017": 1, "2018": 1}, "old_citations": {"2014": 3}, "isVisible": false}}, "countries": {"United Kingdom": {"name": "United Kingdom", "type": "country", "h5_index": 172, "num_publications": 8, "num_citations": 25, "num_publications_5y": 2, "num_citations_5y": 4, "num_publications_10y": 8, "num_citations_10y": 12, "publications_years": {"2010": 1, "2012": 4, "2018": 2, "2013": 1}, "citations_years": {"2010": 1, "2011": 1, "2012": 4, "2013": 2, "2014": 1, "2015": 0, "2016": 2, "2017": 0, "2018": 1, "2019": 11, "2020": 2}, "old_citations": {"2010": 2, "2012": 17, "2018": 8, "2013": 0}, "isVisible": false}, "United States": {"name": "United States", "type": "country", "h5_index": 308, "num_publications": 8, "num_citations": 24, "num_publications_5y": 3, "num_citations_5y": 2, "num_publications_10y": 5, "num_citations_10y": 21, "publications_years": {"2013": 2, "2014": 1, "2008": 3, "2018": 1, "2015": 1}, "citations_years": {"2008": 2, "2009": 5, "2010": 8, "2011": 1, "2012": 3, "2013": 2, "2014": 1, "2015": 0, "2016": 0, "2017": 1, "2019": 1}, "old_citations": {"2013": 0, "2014": 0, "2008": 23, "2018": 1, "2015": 0}, "isVisible": false}, "Germany": {"name": "Germany", "type": "country", "h5_index": 139, "num_publications": 7, "num_citations": 7, "num_publications_5y": 2, "num_citations_5y": 1, "num_publications_10y": 5, "num_citations_10y": 7, "publications_years": {"2014": 1, "2010": 1, "2013": 1, "2012": 1, "2016": 1, "2019": 1, "2008": 1}, "citations_years": {"2010": 1, "2011": 1, "2012": 2, "2013": 2, "2014": 1}, "old_citations": {"2014": 4, "2010": 5, "2013": 0, "2012": 2, "2016": 1, "2019": 0, "2008": 0}, "isVisible": false}, "Austria": {"name": "Austria", "type": "country", "h5_index": 71, "num_publications": 5, "num_citations": 1, "num_publications_5y": 1, "num_citations_5y": 1, "num_publications_10y": 5, "num_citations_10y": 1, "publications_years": {"2013": 4, "2015": 1}, "citations_years": {"2014": 1}, "old_citations": {"2013": 17, "2015": 0}, "isVisible": false}, "France": {"name": "France", "type": "country", "h5_index": 99, "num_publications": 2, "num_citations": 0, "num_publications_5y": 1, "num_citations_5y": 0, "num_publications_10y": 2, "num_citations_10y": 0, "publications_years": {"2016": 1, "2013": 1}, "citations_years": {}, "old_citations": {"2016": 1, "2013": 0}, "isVisible": false}, "Netherlands": {"name": "Netherlands", "type": "country", "h5_index": 91, "num_publications": 2, "num_citations": 1, "num_publications_5y": 1, "num_citations_5y": 1, "num_publications_10y": 2, "num_citations_10y": 1, "publications_years": {"2015": 1, "2013": 1}, "citations_years": {"2014": 1}, "old_citations": {"2015": 0, "2013": 1}, "isVisible": false}, "Australia": {"name": "Australia", "type": "country", "h5_index": 141, "num_publications": 1, "num_citations": 0, "num_publications_5y": 0, "num_citations_5y": 0, "num_publications_10y": 1, "num_citations_10y": 0, "publications_years": {"2013": 1}, "citations_years": {}, "old_citations": {"2013": 0}, "isVisible": false}, "Cambodia": {"name": "Cambodia", "type": "country", "h5_index": 15, "num_publications": 1, "num_citations": 0, "num_publications_5y": 0, "num_citations_5y": 0, "num_publications_10y": 0, "num_citations_10y": 0, "publications_years": {"2008": 1}, "citations_years": {}, "old_citations": {"2008": 0}, "isVisible": false}, "Czechia": {"name": "Czechia", "type": "country", "h5_index": 43, "num_publications": 1, "num_citations": 0, "num_publications_5y": 1, "num_citations_5y": 0, "num_publications_10y": 1, "num_citations_10y": 0, "publications_years": {"2015": 1}, "citations_years": {}, "old_citations": {"2015": 0}, "isVisible": false}, "Denmark": {"name": "Denmark", "type": "country", "h5_index": 65, "num_publications": 1, "num_citations": 0, "num_publications_5y": 0, "num_citations_5y": 0, "num_publications_10y": 0, "num_citations_10y": 0, "publications_years": {"2008": 1}, "citations_years": {}, "old_citations": {"2008": 0}, "isVisible": false}, "Italy": {"name": "Italy", "type": "country", "h5_index": 94, "num_publications": 1, "num_citations": 0, "num_publications_5y": 0, "num_citations_5y": 0, "num_publications_10y": 1, "num_citations_10y": 0, "publications_years": {"2012": 1}, "citations_years": {}, "old_citations": {"2012": 0}, "isVisible": false}, "Sweden": {"name": "Sweden", "type": "country", "h5_index": 82, "num_publications": 1, "num_citations": 1, "num_publications_5y": 1, "num_citations_5y": 0, "num_publications_10y": 1, "num_citations_10y": 0, "publications_years": {"2018": 1}, "citations_years": {"2019": 1}, "old_citations": {"2018": 1}, "isVisible": false}}}, "conference_comparison": {"computer science": {}}, "topics_dna": {"publications": {}, "citations": {"normalized": {}, "average": {}}}, "info": {"num_publications": 34, "num_citations": 85.0, "impact_factor": {"2010": 1.6, "2011": 1.0, "2012": 1.0, "2013": 0.5, "2014": 0.125, "2015": 0.09090909090909091, "2016": 0.0, "2017": 0.0, "2018": 0, "2019": 2.6666666666666665}, "publications_years": {"2013": 11, "2012": 6, "2008": 5, "2014": 3, "2018": 3, "2010": 2, "2015": 2, "2016": 1, "2019": 1}, "citations_years": {"2008": 2, "2009": 5, "2010": 10, "2011": 3, "2012": 10, "2013": 7, "2014": 4, "2015": 1, "2016": 2, "2017": 2, "2018": 2, "2019": 12, "2020": 2}, "old_citations": {"2013": 19, "2012": 19, "2008": 23, "2014": 7, "2018": 9, "2010": 7, "2015": 0, "2016": 1, "2019": 0}, "h5_index": 2}, "percentile": {"computer science": {"2013": 51, "2012": 65, "2008": 71, "2014": 70, "2018": 94, "2010": 71, "2015": 14, "2016": 14, "2019": 16}}, "conference_ranking": {"computer science": {"2013": 2050, "2012": 1487, "2008": 1233, "2014": 1261, "2018": 227, "2010": 1238, "2015": 3640, "2016": 3639, "2019": 3585}}, "academia": {"num_publications": 27, "num_citations": 74, "publications_years": {"2008": 4, "2009": 0, "2010": 2, "2011": 0, "2012": 5, "2013": 9, "2014": 1, "2015": 2, "2016": 1, "2017": 0, "2018": 3}, "old_citations": {"2008": 23, "2009": 0, "2010": 7, "2011": 0, "2012": 17, "2013": 17, "2014": 0, "2015": 0, "2016": 1, "2017": 0, "2018": 9}, "num_publications_5y": 4, "num_citations_5y": 10, "num_publications_10y": 21, "num_citations_10y": 44}, "industry": {"num_publications": 0, "num_citations": 0, "publications_years": {}, "old_citations": {}, "num_publications_5y": 0, "num_citations_5y": 0, "num_publications_10y": 0, "num_citations_10y": 0}, "collaborative": {"num_publications": 0, "num_citations": 0, "publications_years": {}, "old_citations": {}, "num_publications_5y": 0, "num_citations_5y": 0, "num_publications_10y": 0, "num_citations_10y": 0}, "conferences": {}, "journals": {}, "organizations": {"publication_overall": ["University of Manchester", "University of Miami", "Max Planck Society", "Freie Universit\u00e4t Berlin", "Johannes Kepler University of Linz", "Radboud University Nijmegen", "Saarland University", "TU Wien", "Universit\u00e4t Innsbruck", "\u00c9cole Polytechnique", "Australian National University", "Chalmers University of Technology", "Czech Technical University in Prague", "IT University of Copenhagen", "Imperial College London", "International University", "Rensselaer Polytechnic Institute", "The University of Texas at El Paso", "University of Cambridge", "University of Edinburgh", "University of Iowa", "University of Liverpool", "University of London", "University of Milan", "University of Potsdam", "University of Utah", "Worcester Polytechnic Institute"], "citation_overall": ["University of Manchester", "University of Miami", "Johannes Kepler University of Linz", "TU Wien", "University of Liverpool", "Rensselaer Polytechnic Institute", "The University of Texas at El Paso", "Max Planck Society", "Saarland University", "Chalmers University of Technology", "Freie Universit\u00e4t Berlin", "Radboud University Nijmegen", "Universit\u00e4t Innsbruck", "\u00c9cole Polytechnique", "Australian National University", "Czech Technical University in Prague", "IT University of Copenhagen", "Imperial College London", "International University", "University of Cambridge", "University of Edinburgh", "University of Iowa", "University of London", "University of Milan", "University of Potsdam", "University of Utah", "Worcester Polytechnic Institute"], "publication_10_years": ["University of Manchester", "Max Planck Society", "Freie Universit\u00e4t Berlin", "Johannes Kepler University of Linz", "Radboud University Nijmegen", "TU Wien", "University of Miami", "Universit\u00e4t Innsbruck", "\u00c9cole Polytechnique", "Australian National University", "Chalmers University of Technology", "Czech Technical University in Prague", "Imperial College London", "University of Cambridge", "University of Edinburgh", "University of Iowa", "University of Liverpool", "University of London", "University of Milan", "University of Potsdam", "University of Utah", "Worcester Polytechnic Institute"], "citation_10_years": ["University of Manchester", "Johannes Kepler University of Linz", "TU Wien", "University of Liverpool", "Max Planck Society", "Chalmers University of Technology", "Freie Universit\u00e4t Berlin", "Radboud University Nijmegen", "University of Miami", "Universit\u00e4t Innsbruck", "\u00c9cole Polytechnique", "Australian National University", "Czech Technical University in Prague", "Imperial College London", "University of Cambridge", "University of Edinburgh", "University of Iowa", "University of London", "University of Milan", "University of Potsdam", "University of Utah", "Worcester Polytechnic Institute"], "publication_5_years": ["University of Manchester", "Chalmers University of Technology", "Freie Universit\u00e4t Berlin", "Max Planck Society", "University of Miami", "\u00c9cole Polytechnique"], "citation_5_years": ["University of Manchester", "Chalmers University of Technology", "Freie Universit\u00e4t Berlin", "University of Miami", "\u00c9cole Polytechnique", "Max Planck Society"]}, "countries": {"publication_overall": ["United Kingdom", "United States", "Germany", "Austria", "France", "Netherlands", "Australia", "Cambodia", "Czechia", "Denmark", "Italy", "Sweden"], "citation_overall": ["United Kingdom", "United States", "Austria", "Germany", "France", "Netherlands", "Sweden", "Australia", "Cambodia", "Czechia", "Denmark", "Italy"], "publication_10_years": ["United Kingdom", "Austria", "Germany", "United States", "France", "Netherlands", "Australia", "Czechia", "Italy", "Sweden"], "citation_10_years": ["United Kingdom", "Austria", "Germany", "France", "Netherlands", "Sweden", "United States", "Australia", "Czechia", "Italy"], "publication_5_years": ["Germany", "United Kingdom", "France", "Sweden", "United States"], "citation_5_years": ["United Kingdom", "France", "Germany", "Sweden", "United States"]}, "topics": {"publication_overall": ["computer science", "artificial intelligence", "formal logic", "formal languages and automata theory", "theoretical computer science", "linguistics", "automata theory", "computer systems", "mathematics", "semantics", "software engineering", "formal languages", "software design", "computer programming", "computer programming languages", "engineering", "ontology", "architecting", "architecture verification and validation", "computer hardware"], "citation_overall": ["computer science", "artificial intelligence", "formal logic", "software engineering", "computer programming", "computer programming languages", "mathematics", "semantics", "linguistics", "formal languages and automata theory", "theoretical computer science", "formal languages", "ontology", "logic programming", "reasoning", "theorem provers", "software design", "computer systems", "propositional logic", "boolean functions"], "publication_10_years": ["computer science", "artificial intelligence", "formal logic", "formal languages and automata theory", "theoretical computer science", "computer systems", "automata theory", "mathematics", "linguistics", "computer programming", "computer programming languages", "semantics", "software design", "software engineering", "boolean functions", "decision theory", "formal languages", "satisfiability", "architecting", "architecture verification and validation"], "citation_10_years": ["computer science", "artificial intelligence", "formal logic", "computer programming", "computer programming languages", "mathematics", "logic programming", "propositional logic", "computer systems", "boolean functions", "satisfiability", "architecting", "architecture verification and validation", "decision theory", "embedded systems", "model checking", "software architecture", "software design", "software engineering", "sat solvers"], "publication_5_years": ["computer science", "formal languages and automata theory", "mathematics", "theoretical computer science", "artificial intelligence", "automata theory", "formal languages", "formal logic", "linguistics", "theorem provers", "architecting", "architecture verification and validation", "computability and decidability", "computer systems", "decision procedure", "decision theory", "embedded systems", "engineering", "graph theory", "model checking"], "citation_5_years": ["computer science", "formal languages and automata theory", "mathematics", "theoretical computer science", "formal languages", "linguistics", "nonlinear functions", "ontology", "reasoning", "semantics", "artificial intelligence", "automata theory", "formal logic", "theorem provers", "architecting", "architecture verification and validation", "automated reasoning", "automated theorem proving", "automation", "boolean algebra"]}, "main_topics": ["computer science"], "authors": {"publication_overall": ["2973601199", "1914724826", "2102617764", "2601233120", "992937061", "2102600924", "2125114630", "2242438494", "2485078132", "2639435464", "2899732360", "45528909", "48057563", "184670821", "236860028", "269043658", "364566352", "443565481", "686710517", "739540358", "1870921167", "1938809442", "1995438375", "2016735973", "2051889591", "2085498508", "2101122120", "2103374545", "2103680662", "2105290673", "2119868531", "2121181338", "2122644706", "2129824716", "2140973943", "2142354296", "2142397118", "2143597024", "2145819526", "2146671991", "2147995978", "2148585361", "2149156319", "2150602102", "2155306770", "2155540298", "2172276480", "2173565604", "2247473723", "2285700556", "2286649343", "2527467599", "2560663543", "2645432769", "2655494236", "2718039933", "2721368239", "2776013358", "2791922677", "2809691666", "2907093648", "2955330965"], "citation_overall": ["2601233120", "2102617764", "2973601199", "992937061", "2101122120", "2242438494", "2791922677", "1995438375", "2173565604", "48057563", "2125114630", "236860028", "2142397118", "2147995978", "2172276480", "2527467599", "2899732360", "1914724826", "2809691666", "2143597024", "2721368239", "2907093648", "2955330965", "184670821", "269043658", "364566352", "2085498508", "2129824716", "2148585361", "2155306770", "1938809442", "2102600924", "2121181338", "2485078132", "2639435464", "45528909", "443565481", "686710517", "739540358", "1870921167", "2016735973", "2051889591", "2103374545", "2103680662", "2105290673", "2119868531", "2122644706", "2140973943", "2142354296", "2145819526", "2146671991", "2149156319", "2150602102", "2155540298", "2247473723", "2285700556", "2286649343", "2560663543", "2645432769", "2655494236", "2718039933", "2776013358"], "publication_10_years": ["2102600924", "2102617764", "2125114630", "2242438494", "2485078132", "2639435464", "45528909", "48057563", "184670821", "269043658", "443565481", "739540358", "1870921167", "1914724826", "1938809442", "1995438375", "2016735973", "2051889591", "2101122120", "2103374545", "2103680662", "2105290673", "2119868531", "2121181338", "2122644706", "2129824716", "2140973943", "2142354296", "2143597024", "2145819526", "2146671991", "2148585361", "2149156319", "2155540298", "2173565604", "2285700556", "2560663543", "2645432769", "2655494236", "2718039933", "2776013358", "2791922677", "2809691666", "2899732360", "2907093648", "2955330965", "2973601199"], "citation_10_years": ["2102617764", "2101122120", "2242438494", "2791922677", "1995438375", "2173565604", "48057563", "2125114630", "2809691666", "2143597024", "2907093648", "2955330965", "184670821", "269043658", "2129824716", "2148585361", "1938809442", "2102600924", "2121181338", "2485078132", "2639435464", "2973601199", "45528909", "443565481", "739540358", "1870921167", "1914724826", "2016735973", "2051889591", "2103374545", "2103680662", "2105290673", "2119868531", "2122644706", "2140973943", "2142354296", "2145819526", "2146671991", "2149156319", "2155540298", "2285700556", "2560663543", "2645432769", "2655494236", "2718039933", "2776013358", "2899732360"], "publication_5_years": ["2125114630", "1870921167", "1938809442", "2119868531", "2121181338", "2639435464", "2809691666", "2907093648", "2973601199"], "citation_5_years": ["2125114630", "2809691666", "2907093648", "1938809442", "2121181338", "2639435464", "2973601199", "1870921167", "2119868531"]}, "industrial_sectors": {"publication_overall": [], "citation_overall": [], "publication_10_years": [], "citation_10_years": [], "publication_5_years": [], "citation_5_years": []}}