{"name": "International Conference on Reliability Systems Engineering", "acronym": "ICRSE", "type": "conference", "uniqueEntities": {"organizations": {"Beihang University": {"name": "Beihang University", "type": "organization", "organization_type": "Education", "h_index": 90, "h5_index": 58, "num_publications": 30, "num_citations": 25, "num_publications_5y": 30, "num_citations_5y": 11, "num_publications_10y": 30, "num_citations_10y": 11, "publications_years": {"2015": 14, "2017": 16}, "citations_years": {"2018": 8, "2017": 3, "2019": 12, "2020": 2}, "old_citations": {"2015": 14, "2017": 11}, "isVisible": false}, "National University of Defense Technology": {"name": "National University of Defense Technology", "type": "organization", "organization_type": "Education", "h_index": 81, "h5_index": 40, "num_publications": 2, "num_citations": 0, "num_publications_5y": 2, "num_citations_5y": 0, "num_publications_10y": 2, "num_citations_10y": 0, "publications_years": {"2017": 2}, "citations_years": {}, "old_citations": {"2017": 0}, "isVisible": false}, "National University of Singapore": {"name": "National University of Singapore", "type": "organization", "organization_type": "Education", "h_index": 219, "h5_index": 81, "num_publications": 2, "num_citations": 0, "num_publications_5y": 2, "num_citations_5y": 0, "num_publications_10y": 2, "num_citations_10y": 0, "publications_years": {"2017": 1, "2015": 1}, "citations_years": {}, "old_citations": {"2017": 0, "2015": 0}, "isVisible": false}, "Naval University of Engineering": {"name": "Naval University of Engineering", "type": "organization", "organization_type": "Education", "h_index": 14, "h5_index": 8, "num_publications": 2, "num_citations": 0, "num_publications_5y": 2, "num_citations_5y": 0, "num_publications_10y": 2, "num_citations_10y": 0, "publications_years": {"2017": 2}, "citations_years": {}, "old_citations": {"2017": 0}, "isVisible": false}, "Ball State University": {"name": "Ball State University", "type": "organization", "organization_type": "Education", "h_index": 42, "h5_index": 10, "num_publications": 1, "num_citations": 0, "num_publications_5y": 1, "num_citations_5y": 0, "num_publications_10y": 1, "num_citations_10y": 0, "publications_years": {"2017": 1}, "citations_years": {}, "old_citations": {"2017": 0}, "isVisible": false}, "Chinese Academy of Sciences": {"name": "Chinese Academy of Sciences", "type": "organization", "organization_type": "Government", "h_index": 188, "h5_index": 102, "num_publications": 1, "num_citations": 3, "num_publications_5y": 1, "num_citations_5y": 3, "num_publications_10y": 1, "num_citations_10y": 3, "publications_years": {"2015": 1}, "citations_years": {"2016": 1, "2017": 1, "2018": 1}, "old_citations": {"2015": 3}, "isVisible": false}, "Harbin Institute of Technology": {"name": "Harbin Institute of Technology", "type": "organization", "organization_type": "Education", "h_index": 112, "h5_index": 64, "num_publications": 1, "num_citations": 0, "num_publications_5y": 1, "num_citations_5y": 0, "num_publications_10y": 1, "num_citations_10y": 0, "publications_years": {"2015": 1}, "citations_years": {}, "old_citations": {"2015": 0}, "isVisible": false}, "Jinan University": {"name": "Jinan University", "type": "organization", "organization_type": "Education", "h_index": 39, "h5_index": 30, "num_publications": 1, "num_citations": 1, "num_publications_5y": 1, "num_citations_5y": 0, "num_publications_10y": 1, "num_citations_10y": 0, "publications_years": {"2017": 1}, "citations_years": {"2020": 1}, "old_citations": {"2017": 1}, "isVisible": false}, "Lublin University of Technology": {"name": "Lublin University of Technology", "type": "organization", "organization_type": "Education", "h_index": 14, "h5_index": 8, "num_publications": 1, "num_citations": 2, "num_publications_5y": 1, "num_citations_5y": 2, "num_publications_10y": 1, "num_citations_10y": 2, "publications_years": {"2017": 1}, "citations_years": {"2017": 2}, "old_citations": {"2017": 2}, "isVisible": false}, "Polytechnic University of Milan": {"name": "Polytechnic University of Milan", "type": "organization", "organization_type": "Education", "h_index": 126, "h5_index": 42, "num_publications": 1, "num_citations": 0, "num_publications_5y": 1, "num_citations_5y": 0, "num_publications_10y": 1, "num_citations_10y": 0, "publications_years": {"2015": 1}, "citations_years": {}, "old_citations": {"2015": 0}, "isVisible": false}, "South China University of Technology": {"name": "South China University of Technology", "type": "organization", "organization_type": "Education", "h_index": 83, "h5_index": 54, "num_publications": 1, "num_citations": 0, "num_publications_5y": 1, "num_citations_5y": 0, "num_publications_10y": 1, "num_citations_10y": 0, "publications_years": {"2017": 1}, "citations_years": {}, "old_citations": {"2017": 0}, "isVisible": false}, "Spanish National Research Council": {"name": "Spanish National Research Council", "type": "organization", "organization_type": "Government", "h_index": 100, "h5_index": 31, "num_publications": 1, "num_citations": 0, "num_publications_5y": 1, "num_citations_5y": 0, "num_publications_10y": 1, "num_citations_10y": 0, "publications_years": {"2015": 1}, "citations_years": {}, "old_citations": {"2015": 0}, "isVisible": false}, "University of Economics and Innovation": {"name": "University of Economics and Innovation", "type": "organization", "organization_type": "Education", "h_index": 2, "h5_index": 2, "num_publications": 1, "num_citations": 2, "num_publications_5y": 1, "num_citations_5y": 2, "num_publications_10y": 1, "num_citations_10y": 2, "publications_years": {"2017": 1}, "citations_years": {"2017": 2}, "old_citations": {"2017": 2}, "isVisible": false}, "University of Electronic Science and Technology of China": {"name": "University of Electronic Science and Technology of China", "type": "organization", "organization_type": "Education", "h_index": 89, "h5_index": 70, "num_publications": 1, "num_citations": 1, "num_publications_5y": 1, "num_citations_5y": 0, "num_publications_10y": 1, "num_citations_10y": 0, "publications_years": {"2017": 1}, "citations_years": {"2020": 1}, "old_citations": {"2017": 1}, "isVisible": false}}, "topics": {"computer science": {"name": "computer science", "type": "topic", "h_index": 1779, "h5_index": 416, "num_publications": 46, "num_citations": 34, "num_publications_5y": 46, "num_citations_5y": 18, "num_publications_10y": 46, "num_citations_10y": 18, "publications_years": {"2015": 18, "2017": 28}, "citations_years": {"2018": 11, "2017": 6, "2019": 13, "2020": 3, "2016": 1}, "old_citations": {"2015": 17, "2017": 17}, "isVisible": false}, "computer systems": {"name": "computer systems", "type": "topic", "h_index": 1595, "h5_index": 367, "num_publications": 41, "num_citations": 31, "num_publications_5y": 41, "num_citations_5y": 16, "num_publications_10y": 41, "num_citations_10y": 16, "publications_years": {"2015": 16, "2017": 25}, "citations_years": {"2018": 9, "2017": 6, "2019": 12, "2020": 3, "2016": 1}, "old_citations": {"2015": 16, "2017": 15}, "isVisible": false}, "artificial intelligence": {"name": "artificial intelligence", "type": "topic", "h_index": 1421, "h5_index": 373, "num_publications": 33, "num_citations": 18, "num_publications_5y": 33, "num_citations_5y": 9, "num_publications_10y": 33, "num_citations_10y": 9, "publications_years": {"2015": 13, "2017": 20}, "citations_years": {"2017": 5, "2018": 4, "2019": 6, "2020": 3}, "old_citations": {"2015": 10, "2017": 8}, "isVisible": false}, "software engineering": {"name": "software engineering", "type": "topic", "h_index": 964, "h5_index": 236, "num_publications": 33, "num_citations": 26, "num_publications_5y": 33, "num_citations_5y": 17, "num_publications_10y": 33, "num_citations_10y": 17, "publications_years": {"2015": 11, "2017": 22}, "citations_years": {"2018": 10, "2017": 6, "2019": 7, "2020": 2, "2016": 1}, "old_citations": {"2015": 12, "2017": 14}, "isVisible": false}, "software design": {"name": "software design", "type": "topic", "h_index": 907, "h5_index": 227, "num_publications": 29, "num_citations": 23, "num_publications_5y": 29, "num_citations_5y": 14, "num_publications_10y": 29, "num_citations_10y": 14, "publications_years": {"2015": 11, "2017": 18}, "citations_years": {"2018": 9, "2017": 4, "2019": 7, "2020": 2, "2016": 1}, "old_citations": {"2015": 12, "2017": 11}, "isVisible": false}, "computer networks": {"name": "computer networks", "type": "topic", "h_index": 1262, "h5_index": 332, "num_publications": 27, "num_citations": 23, "num_publications_5y": 27, "num_citations_5y": 14, "num_publications_10y": 27, "num_citations_10y": 14, "publications_years": {"2015": 9, "2017": 18}, "citations_years": {"2018": 9, "2019": 6, "2017": 4, "2020": 3, "2016": 1}, "old_citations": {"2015": 11, "2017": 12}, "isVisible": false}, "computer hardware": {"name": "computer hardware", "type": "topic", "h_index": 1150, "h5_index": 279, "num_publications": 24, "num_citations": 14, "num_publications_5y": 24, "num_citations_5y": 7, "num_publications_10y": 24, "num_citations_10y": 7, "publications_years": {"2015": 10, "2017": 14}, "citations_years": {"2018": 4, "2019": 6, "2020": 1, "2016": 1, "2017": 2}, "old_citations": {"2015": 8, "2017": 6}, "isVisible": false}, "engineering": {"name": "engineering", "type": "topic", "h_index": 1177, "h5_index": 287, "num_publications": 24, "num_citations": 18, "num_publications_5y": 24, "num_citations_5y": 9, "num_publications_10y": 24, "num_citations_10y": 9, "publications_years": {"2017": 15, "2015": 9}, "citations_years": {"2018": 5, "2017": 4, "2020": 3, "2019": 6}, "old_citations": {"2017": 8, "2015": 10}, "isVisible": false}, "distributed computer systems": {"name": "distributed computer systems", "type": "topic", "h_index": 985, "h5_index": 228, "num_publications": 21, "num_citations": 10, "num_publications_5y": 21, "num_citations_5y": 6, "num_publications_10y": 21, "num_citations_10y": 6, "publications_years": {"2015": 8, "2017": 13}, "citations_years": {"2018": 4, "2019": 2, "2020": 2, "2016": 1, "2017": 1}, "old_citations": {"2015": 5, "2017": 5}, "isVisible": false}, "mathematics": {"name": "mathematics", "type": "topic", "h_index": 1364, "h5_index": 300, "num_publications": 21, "num_citations": 12, "num_publications_5y": 21, "num_citations_5y": 4, "num_publications_10y": 21, "num_citations_10y": 4, "publications_years": {"2015": 10, "2017": 11}, "citations_years": {"2018": 2, "2019": 6, "2017": 2, "2020": 2}, "old_citations": {"2015": 5, "2017": 7}, "isVisible": false}, "embedded systems": {"name": "embedded systems", "type": "topic", "h_index": 799, "h5_index": 168, "num_publications": 20, "num_citations": 12, "num_publications_5y": 20, "num_citations_5y": 8, "num_publications_10y": 20, "num_citations_10y": 8, "publications_years": {"2015": 8, "2017": 12}, "citations_years": {"2017": 3, "2018": 4, "2019": 3, "2020": 1, "2016": 1}, "old_citations": {"2015": 6, "2017": 6}, "isVisible": false}, "software": {"name": "software", "type": "topic", "h_index": 902, "h5_index": 167, "num_publications": 19, "num_citations": 17, "num_publications_5y": 19, "num_citations_5y": 10, "num_publications_10y": 19, "num_citations_10y": 10, "publications_years": {"2015": 8, "2017": 11}, "citations_years": {"2018": 7, "2019": 5, "2020": 2, "2016": 1, "2017": 2}, "old_citations": {"2015": 9, "2017": 8}, "isVisible": false}, "software quality": {"name": "software quality", "type": "topic", "h_index": 534, "h5_index": 122, "num_publications": 19, "num_citations": 15, "num_publications_5y": 19, "num_citations_5y": 9, "num_publications_10y": 19, "num_citations_10y": 9, "publications_years": {"2015": 9, "2017": 10}, "citations_years": {"2017": 3, "2018": 5, "2020": 2, "2019": 4, "2016": 1}, "old_citations": {"2015": 10, "2017": 5}, "isVisible": false}, "telecommunication systems": {"name": "telecommunication systems", "type": "topic", "h_index": 1187, "h5_index": 277, "num_publications": 18, "num_citations": 17, "num_publications_5y": 18, "num_citations_5y": 9, "num_publications_10y": 18, "num_citations_10y": 9, "publications_years": {"2017": 13, "2015": 5}, "citations_years": {"2018": 6, "2019": 6, "2020": 2, "2016": 1, "2017": 2}, "old_citations": {"2017": 9, "2015": 8}, "isVisible": false}, "theoretical computer science": {"name": "theoretical computer science", "type": "topic", "h_index": 883, "h5_index": 203, "num_publications": 16, "num_citations": 11, "num_publications_5y": 16, "num_citations_5y": 6, "num_publications_10y": 16, "num_citations_10y": 6, "publications_years": {"2017": 11, "2015": 5}, "citations_years": {"2017": 4, "2018": 2, "2019": 4, "2020": 1}, "old_citations": {"2017": 8, "2015": 3}, "isVisible": false}, "fault tolerant computer systems": {"name": "fault tolerant computer systems", "type": "topic", "h_index": 371, "h5_index": 76, "num_publications": 15, "num_citations": 8, "num_publications_5y": 15, "num_citations_5y": 6, "num_publications_10y": 15, "num_citations_10y": 6, "publications_years": {"2015": 6, "2017": 9}, "citations_years": {"2018": 4, "2020": 2, "2016": 1, "2017": 1}, "old_citations": {"2015": 5, "2017": 3}, "isVisible": false}, "computer programming": {"name": "computer programming", "type": "topic", "h_index": 873, "h5_index": 186, "num_publications": 14, "num_citations": 13, "num_publications_5y": 14, "num_citations_5y": 7, "num_publications_10y": 14, "num_citations_10y": 7, "publications_years": {"2017": 9, "2015": 5}, "citations_years": {"2017": 4, "2019": 5, "2018": 3, "2020": 1}, "old_citations": {"2017": 7, "2015": 6}, "isVisible": false}, "software architecture": {"name": "software architecture", "type": "topic", "h_index": 821, "h5_index": 210, "num_publications": 14, "num_citations": 9, "num_publications_5y": 14, "num_citations_5y": 6, "num_publications_10y": 14, "num_citations_10y": 6, "publications_years": {"2015": 5, "2017": 9}, "citations_years": {"2017": 2, "2018": 4, "2019": 3}, "old_citations": {"2015": 3, "2017": 6}, "isVisible": false}, "telecommunication networks": {"name": "telecommunication networks", "type": "topic", "h_index": 1116, "h5_index": 258, "num_publications": 14, "num_citations": 10, "num_publications_5y": 14, "num_citations_5y": 7, "num_publications_10y": 14, "num_citations_10y": 7, "publications_years": {"2017": 11, "2015": 3}, "citations_years": {"2018": 5, "2019": 2, "2020": 1, "2016": 1, "2017": 1}, "old_citations": {"2017": 7, "2015": 3}, "isVisible": false}, "communication systems": {"name": "communication systems", "type": "topic", "h_index": 1092, "h5_index": 254, "num_publications": 13, "num_citations": 11, "num_publications_5y": 13, "num_citations_5y": 3, "num_publications_10y": 13, "num_citations_10y": 3, "publications_years": {"2017": 9, "2015": 4}, "citations_years": {"2019": 6, "2020": 2, "2018": 2, "2017": 1}, "old_citations": {"2017": 6, "2015": 5}, "isVisible": false}, "wireless telecommunication systems": {"name": "wireless telecommunication systems", "type": "topic", "h_index": 1087, "h5_index": 254, "num_publications": 13, "num_citations": 11, "num_publications_5y": 13, "num_citations_5y": 3, "num_publications_10y": 13, "num_citations_10y": 3, "publications_years": {"2017": 9, "2015": 4}, "citations_years": {"2019": 6, "2020": 2, "2018": 2, "2017": 1}, "old_citations": {"2017": 6, "2015": 5}, "isVisible": false}, "field programmable gate arrays (fpga)": {"name": "field programmable gate arrays (fpga)", "type": "topic", "h_index": 594, "h5_index": 149, "num_publications": 10, "num_citations": 10, "num_publications_5y": 10, "num_citations_5y": 4, "num_publications_10y": 10, "num_citations_10y": 4, "publications_years": {"2017": 6, "2015": 4}, "citations_years": {"2019": 5, "2020": 1, "2016": 1, "2017": 2, "2018": 1}, "old_citations": {"2017": 3, "2015": 7}, "isVisible": false}, "graph theory": {"name": "graph theory", "type": "topic", "h_index": 726, "h5_index": 150, "num_publications": 10, "num_citations": 10, "num_publications_5y": 10, "num_citations_5y": 6, "num_publications_10y": 10, "num_citations_10y": 6, "publications_years": {"2015": 4, "2017": 6}, "citations_years": {"2017": 4, "2018": 2, "2019": 4}, "old_citations": {"2015": 3, "2017": 7}, "isVisible": false}, "sensors": {"name": "sensors", "type": "topic", "h_index": 960, "h5_index": 229, "num_publications": 13, "num_citations": 4, "num_publications_5y": 13, "num_citations_5y": 2, "num_publications_10y": 13, "num_citations_10y": 2, "publications_years": {"2017": 9, "2015": 4}, "citations_years": {"2020": 1, "2019": 1, "2018": 2}, "old_citations": {"2017": 4, "2015": 0}, "isVisible": false}, "bandwidth": {"name": "bandwidth", "type": "topic", "h_index": 922, "h5_index": 201, "num_publications": 11, "num_citations": 9, "num_publications_5y": 11, "num_citations_5y": 6, "num_publications_10y": 11, "num_citations_10y": 6, "publications_years": {"2017": 8, "2015": 3}, "citations_years": {"2018": 4, "2019": 2, "2020": 1, "2016": 1, "2017": 1}, "old_citations": {"2017": 6, "2015": 3}, "isVisible": false}, "object oriented programming": {"name": "object oriented programming", "type": "topic", "h_index": 636, "h5_index": 129, "num_publications": 9, "num_citations": 7, "num_publications_5y": 9, "num_citations_5y": 5, "num_publications_10y": 9, "num_citations_10y": 5, "publications_years": {"2017": 6, "2015": 3}, "citations_years": {"2017": 3, "2019": 2, "2018": 2}, "old_citations": {"2017": 6, "2015": 1}, "isVisible": false}}, "authors": {"2130351508": {"name": "shihai wang", "type": "author", "activity": 7, "h_index": 1, "h5_index": 1, "mag_id": "2130351508", "num_publications": 4, "num_citations": 1, "num_publications_5y": 4, "num_citations_5y": 0, "num_publications_10y": 4, "num_citations_10y": 0, "publications_years": {"2017": 4}, "citations_years": {"2019": 1}, "old_citations": {"2017": 1}, "isVisible": false}, "2660878564": {"name": "minyan lu", "type": "author", "activity": 10, "h_index": 3, "h5_index": 2, "mag_id": "2660878564", "num_publications": 4, "num_citations": 5, "num_publications_5y": 4, "num_citations_5y": 4, "num_publications_10y": 4, "num_citations_10y": 4, "publications_years": {"2015": 2, "2017": 2}, "citations_years": {"2018": 4, "2019": 1}, "old_citations": {"2015": 1, "2017": 4}, "isVisible": false}, "2674288129": {"name": "yi ren", "type": "author", "activity": 9, "h_index": 5, "h5_index": 4, "mag_id": "2674288129", "num_publications": 4, "num_citations": 3, "num_publications_5y": 4, "num_citations_5y": 0, "num_publications_10y": 4, "num_citations_10y": 0, "publications_years": {"2017": 2, "2015": 2}, "citations_years": {"2019": 3}, "old_citations": {"2017": 0, "2015": 3}, "isVisible": false}, "2651194964": {"name": "hong zhang", "type": "author", "activity": 3, "h_index": 1, "h5_index": 1, "mag_id": "2651194964", "num_publications": 3, "num_citations": 2, "num_publications_5y": 3, "num_citations_5y": 0, "num_publications_10y": 3, "num_citations_10y": 0, "publications_years": {"2015": 2, "2017": 1}, "citations_years": {"2019": 2}, "old_citations": {"2015": 0, "2017": 2}, "isVisible": false}, "2755003916": {"name": "bin liu", "type": "author", "activity": 11, "h_index": 3, "h5_index": 3, "mag_id": "2755003916", "num_publications": 3, "num_citations": 1, "num_publications_5y": 3, "num_citations_5y": 0, "num_publications_10y": 3, "num_citations_10y": 0, "publications_years": {"2017": 3}, "citations_years": {"2019": 1}, "old_citations": {"2017": 1}, "isVisible": false}, "2111528926": {"name": "linlin liu", "type": "author", "activity": 9, "h_index": 4, "h5_index": 2, "mag_id": "2111528926", "num_publications": 2, "num_citations": 3, "num_publications_5y": 2, "num_citations_5y": 0, "num_publications_10y": 2, "num_citations_10y": 0, "publications_years": {"2015": 2}, "citations_years": {"2019": 3}, "old_citations": {"2015": 3}, "isVisible": false}, "2119630813": {"name": "tingdi zhao", "type": "author", "activity": 12, "h_index": 4, "h5_index": 3, "mag_id": "2119630813", "num_publications": 2, "num_citations": 1, "num_publications_5y": 2, "num_citations_5y": 1, "num_publications_10y": 2, "num_citations_10y": 1, "publications_years": {"2015": 1, "2017": 1}, "citations_years": {"2017": 1}, "old_citations": {"2015": 1, "2017": 0}, "isVisible": false}, "2227658848": {"name": "luyi li", "type": "author", "activity": 5, "h_index": 2, "h5_index": 1, "mag_id": "2227658848", "num_publications": 2, "num_citations": 3, "num_publications_5y": 2, "num_citations_5y": 2, "num_publications_10y": 2, "num_citations_10y": 2, "publications_years": {"2015": 1, "2017": 1}, "citations_years": {"2018": 2, "2019": 1}, "old_citations": {"2015": 1, "2017": 2}, "isVisible": false}, "2228244349": {"name": "tingyang gu", "type": "author", "activity": 5, "h_index": 2, "h5_index": 1, "mag_id": "2228244349", "num_publications": 2, "num_citations": 3, "num_publications_5y": 2, "num_citations_5y": 3, "num_publications_10y": 2, "num_citations_10y": 3, "publications_years": {"2015": 1, "2017": 1}, "citations_years": {"2018": 3}, "old_citations": {"2015": 1, "2017": 2}, "isVisible": false}, "2232867642": {"name": "shuai yan", "type": "author", "activity": 3, "h_index": 1, "h5_index": 1, "mag_id": "2232867642", "num_publications": 2, "num_citations": 2, "num_publications_5y": 2, "num_citations_5y": 0, "num_publications_10y": 2, "num_citations_10y": 0, "publications_years": {"2015": 1, "2017": 1}, "citations_years": {"2019": 2}, "old_citations": {"2015": 0, "2017": 2}, "isVisible": false}, "2607992668": {"name": "yifan xu", "type": "author", "activity": 1, "h_index": 0, "h5_index": 0, "mag_id": "2607992668", "num_publications": 2, "num_citations": 0, "num_publications_5y": 2, "num_citations_5y": 0, "num_publications_10y": 2, "num_citations_10y": 0, "publications_years": {"2017": 2}, "citations_years": {}, "old_citations": {"2017": 0}, "isVisible": false}, "2621708142": {"name": "wenzhe li", "type": "author", "activity": 1, "h_index": 1, "h5_index": 1, "mag_id": "2621708142", "num_publications": 2, "num_citations": 1, "num_publications_5y": 2, "num_citations_5y": 0, "num_publications_10y": 2, "num_citations_10y": 0, "publications_years": {"2017": 2}, "citations_years": {"2019": 1}, "old_citations": {"2017": 1}, "isVisible": false}, "2621793840": {"name": "xuhao guo", "type": "author", "activity": 1, "h_index": 1, "h5_index": 1, "mag_id": "2621793840", "num_publications": 2, "num_citations": 1, "num_publications_5y": 2, "num_citations_5y": 0, "num_publications_10y": 2, "num_citations_10y": 0, "publications_years": {"2017": 2}, "citations_years": {"2019": 1}, "old_citations": {"2017": 1}, "isVisible": false}, "2631523236": {"name": "jianbin guo", "type": "author", "activity": 1, "h_index": 1, "h5_index": 0, "mag_id": "2631523236", "num_publications": 2, "num_citations": 1, "num_publications_5y": 2, "num_citations_5y": 0, "num_publications_10y": 2, "num_citations_10y": 0, "publications_years": {"2015": 2}, "citations_years": {"2020": 1}, "old_citations": {"2015": 1}, "isVisible": false}, "2667973513": {"name": "shengkui zeng", "type": "author", "activity": 1, "h_index": 1, "h5_index": 0, "mag_id": "2667973513", "num_publications": 2, "num_citations": 1, "num_publications_5y": 2, "num_citations_5y": 0, "num_publications_10y": 2, "num_citations_10y": 0, "publications_years": {"2015": 2}, "citations_years": {"2020": 1}, "old_citations": {"2015": 1}, "isVisible": false}, "2673634751": {"name": "boping xiao", "type": "author", "activity": 4, "h_index": 1, "h5_index": 0, "mag_id": "2673634751", "num_publications": 2, "num_citations": 1, "num_publications_5y": 2, "num_citations_5y": 1, "num_publications_10y": 2, "num_citations_10y": 1, "publications_years": {"2015": 1, "2017": 1}, "citations_years": {"2018": 1}, "old_citations": {"2015": 1, "2017": 0}, "isVisible": false}, "2673901930": {"name": "jianwei lv", "type": "author", "activity": 10, "h_index": 1, "h5_index": 0, "mag_id": "2673901930", "num_publications": 2, "num_citations": 0, "num_publications_5y": 2, "num_citations_5y": 0, "num_publications_10y": 2, "num_citations_10y": 0, "publications_years": {"2017": 2}, "citations_years": {}, "old_citations": {"2017": 0}, "isVisible": false}, "2754642404": {"name": "guanghan bai", "type": "author", "activity": 3, "h_index": 0, "h5_index": 0, "mag_id": "2754642404", "num_publications": 2, "num_citations": 0, "num_publications_5y": 2, "num_citations_5y": 0, "num_publications_10y": 2, "num_citations_10y": 0, "publications_years": {"2017": 2}, "citations_years": {}, "old_citations": {"2017": 0}, "isVisible": false}, "2754906509": {"name": "haibin yuan", "type": "author", "activity": 1, "h_index": 0, "h5_index": 0, "mag_id": "2754906509", "num_publications": 2, "num_citations": 0, "num_publications_5y": 2, "num_citations_5y": 0, "num_publications_10y": 2, "num_citations_10y": 0, "publications_years": {"2017": 2}, "citations_years": {}, "old_citations": {"2017": 0}, "isVisible": false}, "2755173218": {"name": "junyong tao", "type": "author", "activity": 1, "h_index": 0, "h5_index": 0, "mag_id": "2755173218", "num_publications": 2, "num_citations": 0, "num_publications_5y": 2, "num_citations_5y": 0, "num_publications_10y": 2, "num_citations_10y": 0, "publications_years": {"2017": 2}, "citations_years": {}, "old_citations": {"2017": 0}, "isVisible": false}, "2755992440": {"name": "yunan zhang", "type": "author", "activity": 3, "h_index": 0, "h5_index": 0, "mag_id": "2755992440", "num_publications": 2, "num_citations": 0, "num_publications_5y": 2, "num_citations_5y": 0, "num_publications_10y": 2, "num_citations_10y": 0, "publications_years": {"2017": 2}, "citations_years": {}, "old_citations": {"2017": 0}, "isVisible": false}, "1873465681": {"name": "jozef stoklosa", "type": "author", "activity": 5, "h_index": 1, "h5_index": 1, "mag_id": "1873465681", "num_publications": 1, "num_citations": 2, "num_publications_5y": 1, "num_citations_5y": 2, "num_publications_10y": 1, "num_citations_10y": 2, "publications_years": {"2017": 1}, "citations_years": {"2017": 2}, "old_citations": {"2017": 2}, "isVisible": false}, "2045884131": {"name": "grzegorz litak", "type": "author", "activity": 20, "h_index": 2, "h5_index": 2, "mag_id": "2045884131", "num_publications": 1, "num_citations": 2, "num_publications_5y": 1, "num_citations_5y": 2, "num_publications_10y": 1, "num_citations_10y": 2, "publications_years": {"2017": 1}, "citations_years": {"2017": 2}, "old_citations": {"2017": 2}, "isVisible": false}, "2067867551": {"name": "liudong xing", "type": "author", "activity": 19, "h_index": 25, "h5_index": 8, "mag_id": "2067867551", "num_publications": 1, "num_citations": 1, "num_publications_5y": 1, "num_citations_5y": 0, "num_publications_10y": 1, "num_citations_10y": 0, "publications_years": {"2017": 1}, "citations_years": {"2020": 1}, "old_citations": {"2017": 1}, "isVisible": false}, "2076144126": {"name": "enrico zio", "type": "author", "activity": 27, "h_index": 26, "h5_index": 11, "mag_id": "2076144126", "num_publications": 1, "num_citations": 0, "num_publications_5y": 1, "num_citations_5y": 0, "num_publications_10y": 1, "num_citations_10y": 0, "publications_years": {"2015": 1}, "citations_years": {}, "old_citations": {"2015": 0}, "isVisible": false}, "2104816207": {"name": "zongren xie", "type": "author", "activity": 1, "h_index": 0, "h5_index": 0, "mag_id": "2104816207", "num_publications": 1, "num_citations": 0, "num_publications_5y": 1, "num_citations_5y": 0, "num_publications_10y": 1, "num_citations_10y": 0, "publications_years": {"2017": 1}, "citations_years": {}, "old_citations": {"2017": 0}, "isVisible": false}, "2106985379": {"name": "dezhen yang", "type": "author", "activity": 8, "h_index": 2, "h5_index": 2, "mag_id": "2106985379", "num_publications": 1, "num_citations": 0, "num_publications_5y": 1, "num_citations_5y": 0, "num_publications_10y": 1, "num_citations_10y": 0, "publications_years": {"2017": 1}, "citations_years": {}, "old_citations": {"2017": 0}, "isVisible": false}, "2118941424": {"name": "jian jiao", "type": "author", "activity": 10, "h_index": 3, "h5_index": 2, "mag_id": "2118941424", "num_publications": 1, "num_citations": 1, "num_publications_5y": 1, "num_citations_5y": 1, "num_publications_10y": 1, "num_citations_10y": 1, "publications_years": {"2015": 1}, "citations_years": {"2017": 1}, "old_citations": {"2015": 1}, "isVisible": false}, "2120552681": {"name": "zhen yuan", "type": "author", "activity": 2, "h_index": 1, "h5_index": 0, "mag_id": "2120552681", "num_publications": 1, "num_citations": 1, "num_publications_5y": 1, "num_citations_5y": 1, "num_publications_10y": 1, "num_citations_10y": 1, "publications_years": {"2015": 1}, "citations_years": {"2018": 1}, "old_citations": {"2015": 1}, "isVisible": false}, "2127809202": {"name": "qingqing zhai", "type": "author", "activity": 5, "h_index": 3, "h5_index": 3, "mag_id": "2127809202", "num_publications": 1, "num_citations": 0, "num_publications_5y": 1, "num_citations_5y": 0, "num_publications_10y": 1, "num_citations_10y": 0, "publications_years": {"2017": 1}, "citations_years": {}, "old_citations": {"2017": 0}, "isVisible": false}, "2138856153": {"name": "guofu zhai", "type": "author", "activity": 9, "h_index": 1, "h5_index": 1, "mag_id": "2138856153", "num_publications": 1, "num_citations": 0, "num_publications_5y": 1, "num_citations_5y": 0, "num_publications_10y": 1, "num_citations_10y": 0, "publications_years": {"2015": 1}, "citations_years": {}, "old_citations": {"2015": 0}, "isVisible": false}, "2144652983": {"name": "zhisheng ye", "type": "author", "activity": 7, "h_index": 5, "h5_index": 4, "mag_id": "2144652983", "num_publications": 1, "num_citations": 0, "num_publications_5y": 1, "num_citations_5y": 0, "num_publications_10y": 1, "num_citations_10y": 0, "publications_years": {"2017": 1}, "citations_years": {}, "old_citations": {"2017": 0}, "isVisible": false}, "2152315734": {"name": "chaonan wang", "type": "author", "activity": 8, "h_index": 5, "h5_index": 3, "mag_id": "2152315734", "num_publications": 1, "num_citations": 1, "num_publications_5y": 1, "num_citations_5y": 0, "num_publications_10y": 1, "num_citations_10y": 0, "publications_years": {"2017": 1}, "citations_years": {"2020": 1}, "old_citations": {"2017": 1}, "isVisible": false}, "2154223443": {"name": "yanhua zhang", "type": "author", "activity": 1, "h_index": 1, "h5_index": 0, "mag_id": "2154223443", "num_publications": 1, "num_citations": 3, "num_publications_5y": 1, "num_citations_5y": 0, "num_publications_10y": 1, "num_citations_10y": 0, "publications_years": {"2015": 1}, "citations_years": {"2019": 3}, "old_citations": {"2015": 3}, "isVisible": false}, "2154698672": {"name": "zitan zhao", "type": "author", "activity": 1, "h_index": 1, "h5_index": 0, "mag_id": "2154698672", "num_publications": 1, "num_citations": 1, "num_publications_5y": 1, "num_citations_5y": 0, "num_publications_10y": 1, "num_citations_10y": 0, "publications_years": {"2015": 1}, "citations_years": {"2020": 1}, "old_citations": {"2015": 1}, "isVisible": false}, "2162792521": {"name": "zhifeng li", "type": "author", "activity": 4, "h_index": 2, "h5_index": 1, "mag_id": "2162792521", "num_publications": 1, "num_citations": 0, "num_publications_5y": 1, "num_citations_5y": 0, "num_publications_10y": 1, "num_citations_10y": 0, "publications_years": {"2015": 1}, "citations_years": {}, "old_citations": {"2015": 0}, "isVisible": false}, "2222343983": {"name": "jiping fan", "type": "author", "activity": 2, "h_index": 1, "h5_index": 0, "mag_id": "2222343983", "num_publications": 1, "num_citations": 1, "num_publications_5y": 1, "num_citations_5y": 1, "num_publications_10y": 1, "num_citations_10y": 1, "publications_years": {"2015": 1}, "citations_years": {"2017": 1}, "old_citations": {"2015": 1}, "isVisible": false}, "2227563614": {"name": "kong yaonan", "type": "author", "activity": 1, "h_index": 0, "h5_index": 0, "mag_id": "2227563614", "num_publications": 1, "num_citations": 0, "num_publications_5y": 1, "num_citations_5y": 0, "num_publications_10y": 1, "num_citations_10y": 0, "publications_years": {"2015": 1}, "citations_years": {}, "old_citations": {"2015": 0}, "isVisible": false}, "2227822318": {"name": "kaihua qi", "type": "author", "activity": 1, "h_index": 0, "h5_index": 0, "mag_id": "2227822318", "num_publications": 1, "num_citations": 0, "num_publications_5y": 1, "num_citations_5y": 0, "num_publications_10y": 1, "num_citations_10y": 0, "publications_years": {"2017": 1}, "citations_years": {}, "old_citations": {"2017": 0}, "isVisible": false}, "2231689999": {"name": "zengkai wang", "type": "author", "activity": 5, "h_index": 1, "h5_index": 1, "mag_id": "2231689999", "num_publications": 1, "num_citations": 0, "num_publications_5y": 1, "num_citations_5y": 0, "num_publications_10y": 1, "num_citations_10y": 0, "publications_years": {"2015": 1}, "citations_years": {}, "old_citations": {"2015": 0}, "isVisible": false}, "2232110338": {"name": "ye zhisheng", "type": "author", "activity": 1, "h_index": 0, "h5_index": 0, "mag_id": "2232110338", "num_publications": 1, "num_citations": 0, "num_publications_5y": 1, "num_citations_5y": 0, "num_publications_10y": 1, "num_citations_10y": 0, "publications_years": {"2015": 1}, "citations_years": {}, "old_citations": {"2015": 0}, "isVisible": false}, "2232477958": {"name": "yongshu zhang", "type": "author", "activity": 1, "h_index": 0, "h5_index": 0, "mag_id": "2232477958", "num_publications": 1, "num_citations": 0, "num_publications_5y": 1, "num_citations_5y": 0, "num_publications_10y": 1, "num_citations_10y": 0, "publications_years": {"2015": 1}, "citations_years": {}, "old_citations": {"2015": 0}, "isVisible": false}, "2234160218": {"name": "siyuan hu", "type": "author", "activity": 1, "h_index": 0, "h5_index": 0, "mag_id": "2234160218", "num_publications": 1, "num_citations": 0, "num_publications_5y": 1, "num_citations_5y": 0, "num_publications_10y": 1, "num_citations_10y": 0, "publications_years": {"2015": 1}, "citations_years": {}, "old_citations": {"2015": 0}, "isVisible": false}, "2234920427": {"name": "yujie wang", "type": "author", "activity": 8, "h_index": 3, "h5_index": 2, "mag_id": "2234920427", "num_publications": 1, "num_citations": 1, "num_publications_5y": 1, "num_citations_5y": 0, "num_publications_10y": 1, "num_citations_10y": 0, "publications_years": {"2017": 1}, "citations_years": {"2020": 1}, "old_citations": {"2017": 1}, "isVisible": false}, "2237026893": {"name": "lin mu", "type": "author", "activity": 2, "h_index": 1, "h5_index": 0, "mag_id": "2237026893", "num_publications": 1, "num_citations": 1, "num_publications_5y": 1, "num_citations_5y": 1, "num_publications_10y": 1, "num_citations_10y": 1, "publications_years": {"2015": 1}, "citations_years": {"2018": 1}, "old_citations": {"2015": 1}, "isVisible": false}, "2241451124": {"name": "qimeng cao", "type": "author", "activity": 1, "h_index": 1, "h5_index": 0, "mag_id": "2241451124", "num_publications": 1, "num_citations": 5, "num_publications_5y": 1, "num_citations_5y": 2, "num_publications_10y": 1, "num_citations_10y": 2, "publications_years": {"2015": 1}, "citations_years": {"2017": 1, "2018": 1, "2019": 2, "2020": 1}, "old_citations": {"2015": 5}, "isVisible": false}, "2293314207": {"name": "jie deng", "type": "author", "activity": 1, "h_index": 0, "h5_index": 0, "mag_id": "2293314207", "num_publications": 1, "num_citations": 0, "num_publications_5y": 1, "num_citations_5y": 0, "num_publications_10y": 1, "num_citations_10y": 0, "publications_years": {"2015": 1}, "citations_years": {}, "old_citations": {"2015": 0}, "isVisible": false}, "2302723835": {"name": "qing sun", "type": "author", "activity": 1, "h_index": 1, "h5_index": 0, "mag_id": "2302723835", "num_publications": 1, "num_citations": 5, "num_publications_5y": 1, "num_citations_5y": 2, "num_publications_10y": 1, "num_citations_10y": 2, "publications_years": {"2015": 1}, "citations_years": {"2017": 1, "2018": 1, "2019": 2, "2020": 1}, "old_citations": {"2015": 5}, "isVisible": false}, "2303173503": {"name": "wenbo wu", "type": "author", "activity": 1, "h_index": 1, "h5_index": 0, "mag_id": "2303173503", "num_publications": 1, "num_citations": 1, "num_publications_5y": 1, "num_citations_5y": 1, "num_publications_10y": 1, "num_citations_10y": 1, "publications_years": {"2015": 1}, "citations_years": {"2017": 1}, "old_citations": {"2015": 1}, "isVisible": false}, "2304752169": {"name": "dongdong li", "type": "author", "activity": 1, "h_index": 1, "h5_index": 0, "mag_id": "2304752169", "num_publications": 1, "num_citations": 1, "num_publications_5y": 1, "num_citations_5y": 1, "num_publications_10y": 1, "num_citations_10y": 1, "publications_years": {"2015": 1}, "citations_years": {"2018": 1}, "old_citations": {"2015": 1}, "isVisible": false}, "2305893613": {"name": "zilong wang", "type": "author", "activity": 1, "h_index": 1, "h5_index": 0, "mag_id": "2305893613", "num_publications": 1, "num_citations": 3, "num_publications_5y": 1, "num_citations_5y": 3, "num_publications_10y": 1, "num_citations_10y": 3, "publications_years": {"2015": 1}, "citations_years": {"2016": 1, "2017": 1, "2018": 1}, "old_citations": {"2015": 3}, "isVisible": false}, "2310860525": {"name": "guo zhou", "type": "author", "activity": 1, "h_index": 0, "h5_index": 0, "mag_id": "2310860525", "num_publications": 1, "num_citations": 0, "num_publications_5y": 1, "num_citations_5y": 0, "num_publications_10y": 1, "num_citations_10y": 0, "publications_years": {"2015": 1}, "citations_years": {}, "old_citations": {"2015": 0}, "isVisible": false}, "2326365589": {"name": "yufeng xue", "type": "author", "activity": 4, "h_index": 0, "h5_index": 0, "mag_id": "2326365589", "num_publications": 1, "num_citations": 0, "num_publications_5y": 1, "num_citations_5y": 0, "num_publications_10y": 1, "num_citations_10y": 0, "publications_years": {"2017": 1}, "citations_years": {}, "old_citations": {"2017": 0}, "isVisible": false}, "2466165761": {"name": "lan lin", "type": "author", "activity": 15, "h_index": 5, "h5_index": 0, "mag_id": "2466165761", "num_publications": 1, "num_citations": 0, "num_publications_5y": 1, "num_citations_5y": 0, "num_publications_10y": 1, "num_citations_10y": 0, "publications_years": {"2017": 1}, "citations_years": {}, "old_citations": {"2017": 0}, "isVisible": false}, "2476066261": {"name": "a drozd", "type": "author", "activity": 3, "h_index": 2, "h5_index": 2, "mag_id": "2476066261", "num_publications": 1, "num_citations": 2, "num_publications_5y": 1, "num_citations_5y": 2, "num_publications_10y": 1, "num_citations_10y": 2, "publications_years": {"2017": 1}, "citations_years": {"2017": 2}, "old_citations": {"2017": 2}, "isVisible": false}, "2493379436": {"name": "mieczyslaw dziubinski", "type": "author", "activity": 14, "h_index": 2, "h5_index": 2, "mag_id": "2493379436", "num_publications": 1, "num_citations": 2, "num_publications_5y": 1, "num_citations_5y": 2, "num_publications_10y": 1, "num_citations_10y": 2, "publications_years": {"2017": 1}, "citations_years": {"2017": 2}, "old_citations": {"2017": 2}, "isVisible": false}, "2516810584": {"name": "andrzej marciniak", "type": "author", "activity": 19, "h_index": 3, "h5_index": 1, "mag_id": "2516810584", "num_publications": 1, "num_citations": 2, "num_publications_5y": 1, "num_citations_5y": 2, "num_publications_10y": 1, "num_citations_10y": 2, "publications_years": {"2017": 1}, "citations_years": {"2017": 2}, "old_citations": {"2017": 2}, "isVisible": false}, "2524596924": {"name": "chao feng", "type": "author", "activity": 2, "h_index": 1, "h5_index": 1, "mag_id": "2524596924", "num_publications": 1, "num_citations": 2, "num_publications_5y": 1, "num_citations_5y": 0, "num_publications_10y": 1, "num_citations_10y": 0, "publications_years": {"2017": 1}, "citations_years": {"2019": 2}, "old_citations": {"2017": 2}, "isVisible": false}, "2531148751": {"name": "piao chen", "type": "author", "activity": 1, "h_index": 1, "h5_index": 1, "mag_id": "2531148751", "num_publications": 1, "num_citations": 0, "num_publications_5y": 1, "num_citations_5y": 0, "num_publications_10y": 1, "num_citations_10y": 0, "publications_years": {"2017": 1}, "citations_years": {}, "old_citations": {"2017": 0}, "isVisible": false}, "2571293111": {"name": "bo sun", "type": "author", "activity": 11, "h_index": 5, "h5_index": 2, "mag_id": "2571293111", "num_publications": 1, "num_citations": 0, "num_publications_5y": 1, "num_citations_5y": 0, "num_publications_10y": 1, "num_citations_10y": 0, "publications_years": {"2017": 1}, "citations_years": {}, "old_citations": {"2017": 0}, "isVisible": false}, "2574476132": {"name": "zhiqiang li", "type": "author", "activity": 2, "h_index": 1, "h5_index": 1, "mag_id": "2574476132", "num_publications": 1, "num_citations": 1, "num_publications_5y": 1, "num_citations_5y": 0, "num_publications_10y": 1, "num_citations_10y": 0, "publications_years": {"2017": 1}, "citations_years": {"2019": 1}, "old_citations": {"2017": 1}, "isVisible": false}, "2610432176": {"name": "shigang yin", "type": "author", "activity": 1, "h_index": 1, "h5_index": 1, "mag_id": "2610432176", "num_publications": 1, "num_citations": 2, "num_publications_5y": 1, "num_citations_5y": 0, "num_publications_10y": 1, "num_citations_10y": 0, "publications_years": {"2017": 1}, "citations_years": {"2019": 2}, "old_citations": {"2017": 2}, "isVisible": false}, "2629912375": {"name": "junyou shi", "type": "author", "activity": 6, "h_index": 1, "h5_index": 1, "mag_id": "2629912375", "num_publications": 1, "num_citations": 1, "num_publications_5y": 1, "num_citations_5y": 0, "num_publications_10y": 1, "num_citations_10y": 0, "publications_years": {"2017": 1}, "citations_years": {"2019": 1}, "old_citations": {"2017": 1}, "isVisible": false}, "2631135323": {"name": "qing liu", "type": "author", "activity": 1, "h_index": 0, "h5_index": 0, "mag_id": "2631135323", "num_publications": 1, "num_citations": 0, "num_publications_5y": 1, "num_citations_5y": 0, "num_publications_10y": 1, "num_citations_10y": 0, "publications_years": {"2015": 1}, "citations_years": {}, "old_citations": {"2015": 0}, "isVisible": false}, "2631284277": {"name": "huobin tan", "type": "author", "activity": 1, "h_index": 1, "h5_index": 0, "mag_id": "2631284277", "num_publications": 1, "num_citations": 5, "num_publications_5y": 1, "num_citations_5y": 2, "num_publications_10y": 1, "num_citations_10y": 2, "publications_years": {"2015": 1}, "citations_years": {"2017": 1, "2018": 1, "2019": 2, "2020": 1}, "old_citations": {"2015": 5}, "isVisible": false}, "2636539251": {"name": "qiang feng", "type": "author", "activity": 11, "h_index": 5, "h5_index": 3, "mag_id": "2636539251", "num_publications": 1, "num_citations": 0, "num_publications_5y": 1, "num_citations_5y": 0, "num_publications_10y": 1, "num_citations_10y": 0, "publications_years": {"2017": 1}, "citations_years": {}, "old_citations": {"2017": 0}, "isVisible": false}, "2644272377": {"name": "yangzhen fu", "type": "author", "activity": 2, "h_index": 1, "h5_index": 1, "mag_id": "2644272377", "num_publications": 1, "num_citations": 2, "num_publications_5y": 1, "num_citations_5y": 0, "num_publications_10y": 1, "num_citations_10y": 0, "publications_years": {"2017": 1}, "citations_years": {"2019": 2}, "old_citations": {"2017": 2}, "isVisible": false}, "2658534117": {"name": "yumei wu", "type": "author", "activity": 1, "h_index": 0, "h5_index": 0, "mag_id": "2658534117", "num_publications": 1, "num_citations": 0, "num_publications_5y": 1, "num_citations_5y": 0, "num_publications_10y": 1, "num_citations_10y": 0, "publications_years": {"2015": 1}, "citations_years": {}, "old_citations": {"2015": 0}, "isVisible": false}, "2659278568": {"name": "sujuan zhang", "type": "author", "activity": 1, "h_index": 0, "h5_index": 0, "mag_id": "2659278568", "num_publications": 1, "num_citations": 0, "num_publications_5y": 1, "num_citations_5y": 0, "num_publications_10y": 1, "num_citations_10y": 0, "publications_years": {"2015": 1}, "citations_years": {}, "old_citations": {"2015": 0}, "isVisible": false}, "2661923508": {"name": "qi dong", "type": "author", "activity": 2, "h_index": 1, "h5_index": 1, "mag_id": "2661923508", "num_publications": 1, "num_citations": 1, "num_publications_5y": 1, "num_citations_5y": 0, "num_publications_10y": 1, "num_citations_10y": 0, "publications_years": {"2017": 1}, "citations_years": {"2019": 1}, "old_citations": {"2017": 1}, "isVisible": false}, "2665605002": {"name": "qinghua cao", "type": "author", "activity": 1, "h_index": 1, "h5_index": 0, "mag_id": "2665605002", "num_publications": 1, "num_citations": 5, "num_publications_5y": 1, "num_citations_5y": 2, "num_publications_10y": 1, "num_citations_10y": 2, "publications_years": {"2015": 1}, "citations_years": {"2017": 1, "2018": 1, "2019": 2, "2020": 1}, "old_citations": {"2015": 5}, "isVisible": false}, "2672376932": {"name": "meisi jia", "type": "author", "activity": 1, "h_index": 0, "h5_index": 0, "mag_id": "2672376932", "num_publications": 1, "num_citations": 0, "num_publications_5y": 1, "num_citations_5y": 0, "num_publications_10y": 1, "num_citations_10y": 0, "publications_years": {"2015": 1}, "citations_years": {}, "old_citations": {"2015": 0}, "isVisible": false}, "2680887438": {"name": "tingxue xu", "type": "author", "activity": 2, "h_index": 1, "h5_index": 1, "mag_id": "2680887438", "num_publications": 1, "num_citations": 1, "num_publications_5y": 1, "num_citations_5y": 0, "num_publications_10y": 1, "num_citations_10y": 0, "publications_years": {"2017": 1}, "citations_years": {"2019": 1}, "old_citations": {"2017": 1}, "isVisible": false}, "2684423030": {"name": "dongxiao tang", "type": "author", "activity": 1, "h_index": 0, "h5_index": 0, "mag_id": "2684423030", "num_publications": 1, "num_citations": 0, "num_publications_5y": 1, "num_citations_5y": 0, "num_publications_10y": 1, "num_citations_10y": 0, "publications_years": {"2015": 1}, "citations_years": {}, "old_citations": {"2015": 0}, "isVisible": false}, "2685693201": {"name": "guoqi li", "type": "author", "activity": 7, "h_index": 3, "h5_index": 1, "mag_id": "2685693201", "num_publications": 1, "num_citations": 0, "num_publications_5y": 1, "num_citations_5y": 0, "num_publications_10y": 1, "num_citations_10y": 0, "publications_years": {"2017": 1}, "citations_years": {}, "old_citations": {"2017": 0}, "isVisible": false}, "2690466123": {"name": "junyuan gu", "type": "author", "activity": 2, "h_index": 1, "h5_index": 1, "mag_id": "2690466123", "num_publications": 1, "num_citations": 1, "num_publications_5y": 1, "num_citations_5y": 0, "num_publications_10y": 1, "num_citations_10y": 0, "publications_years": {"2017": 1}, "citations_years": {"2019": 1}, "old_citations": {"2017": 1}, "isVisible": false}, "2693295480": {"name": "wenjing bi", "type": "author", "activity": 1, "h_index": 0, "h5_index": 0, "mag_id": "2693295480", "num_publications": 1, "num_citations": 0, "num_publications_5y": 1, "num_citations_5y": 0, "num_publications_10y": 1, "num_citations_10y": 0, "publications_years": {"2017": 1}, "citations_years": {}, "old_citations": {"2017": 0}, "isVisible": false}, "2697992500": {"name": "jin tian", "type": "author", "activity": 1, "h_index": 1, "h5_index": 0, "mag_id": "2697992500", "num_publications": 1, "num_citations": 2, "num_publications_5y": 1, "num_citations_5y": 2, "num_publications_10y": 1, "num_citations_10y": 2, "publications_years": {"2015": 1}, "citations_years": {"2017": 1, "2018": 1}, "old_citations": {"2015": 2}, "isVisible": false}, "2698713895": {"name": "haidan yu", "type": "author", "activity": 1, "h_index": 0, "h5_index": 0, "mag_id": "2698713895", "num_publications": 1, "num_citations": 0, "num_publications_5y": 1, "num_citations_5y": 0, "num_publications_10y": 1, "num_citations_10y": 0, "publications_years": {"2015": 1}, "citations_years": {}, "old_citations": {"2015": 0}, "isVisible": false}, "2700818413": {"name": "shunkun yang", "type": "author", "activity": 1, "h_index": 0, "h5_index": 0, "mag_id": "2700818413", "num_publications": 1, "num_citations": 0, "num_publications_5y": 1, "num_citations_5y": 0, "num_publications_10y": 1, "num_citations_10y": 0, "publications_years": {"2015": 1}, "citations_years": {}, "old_citations": {"2015": 0}, "isVisible": false}, "2704930091": {"name": "zili wang", "type": "author", "activity": 8, "h_index": 4, "h5_index": 2, "mag_id": "2704930091", "num_publications": 1, "num_citations": 3, "num_publications_5y": 1, "num_citations_5y": 0, "num_publications_10y": 1, "num_citations_10y": 0, "publications_years": {"2015": 1}, "citations_years": {"2019": 3}, "old_citations": {"2015": 3}, "isVisible": false}, "2707797471": {"name": "yuanxun shao", "type": "author", "activity": 7, "h_index": 2, "h5_index": 1, "mag_id": "2707797471", "num_publications": 1, "num_citations": 0, "num_publications_5y": 1, "num_citations_5y": 0, "num_publications_10y": 1, "num_citations_10y": 0, "publications_years": {"2017": 1}, "citations_years": {}, "old_citations": {"2017": 0}, "isVisible": false}, "2714280525": {"name": "zixia zheng", "type": "author", "activity": 1, "h_index": 1, "h5_index": 0, "mag_id": "2714280525", "num_publications": 1, "num_citations": 2, "num_publications_5y": 1, "num_citations_5y": 2, "num_publications_10y": 1, "num_citations_10y": 2, "publications_years": {"2015": 1}, "citations_years": {"2017": 1, "2018": 1}, "old_citations": {"2015": 2}, "isVisible": false}, "2716036363": {"name": "junyou shi", "type": "author", "activity": 1, "h_index": 0, "h5_index": 0, "mag_id": "2716036363", "num_publications": 1, "num_citations": 0, "num_publications_5y": 1, "num_citations_5y": 0, "num_publications_10y": 1, "num_citations_10y": 0, "publications_years": {"2017": 1}, "citations_years": {}, "old_citations": {"2017": 0}, "isVisible": false}, "2718176249": {"name": "yan liu", "type": "author", "activity": 2, "h_index": 1, "h5_index": 1, "mag_id": "2718176249", "num_publications": 1, "num_citations": 0, "num_publications_5y": 1, "num_citations_5y": 0, "num_publications_10y": 1, "num_citations_10y": 0, "publications_years": {"2015": 1}, "citations_years": {}, "old_citations": {"2015": 0}, "isVisible": false}, "2740956175": {"name": "xuerong ye", "type": "author", "activity": 1, "h_index": 0, "h5_index": 0, "mag_id": "2740956175", "num_publications": 1, "num_citations": 0, "num_publications_5y": 1, "num_citations_5y": 0, "num_publications_10y": 1, "num_citations_10y": 0, "publications_years": {"2015": 1}, "citations_years": {}, "old_citations": {"2015": 0}, "isVisible": false}, "2754047308": {"name": "qin wang", "type": "author", "activity": 1, "h_index": 0, "h5_index": 0, "mag_id": "2754047308", "num_publications": 1, "num_citations": 0, "num_publications_5y": 1, "num_citations_5y": 0, "num_publications_10y": 1, "num_citations_10y": 0, "publications_years": {"2017": 1}, "citations_years": {}, "old_citations": {"2017": 0}, "isVisible": false}, "2754087965": {"name": "tiankun liu", "type": "author", "activity": 1, "h_index": 0, "h5_index": 0, "mag_id": "2754087965", "num_publications": 1, "num_citations": 0, "num_publications_5y": 1, "num_citations_5y": 0, "num_publications_10y": 1, "num_citations_10y": 0, "publications_years": {"2017": 1}, "citations_years": {}, "old_citations": {"2017": 0}, "isVisible": false}, "2754091902": {"name": "jianlong wu", "type": "author", "activity": 1, "h_index": 0, "h5_index": 0, "mag_id": "2754091902", "num_publications": 1, "num_citations": 0, "num_publications_5y": 1, "num_citations_5y": 0, "num_publications_10y": 1, "num_citations_10y": 0, "publications_years": {"2017": 1}, "citations_years": {}, "old_citations": {"2017": 0}, "isVisible": false}, "2754150128": {"name": "yongming liu", "type": "author", "activity": 1, "h_index": 0, "h5_index": 0, "mag_id": "2754150128", "num_publications": 1, "num_citations": 0, "num_publications_5y": 1, "num_citations_5y": 0, "num_publications_10y": 1, "num_citations_10y": 0, "publications_years": {"2017": 1}, "citations_years": {}, "old_citations": {"2017": 0}, "isVisible": false}, "2754162805": {"name": "john c tucker", "type": "author", "activity": 1, "h_index": 0, "h5_index": 0, "mag_id": "2754162805", "num_publications": 1, "num_citations": 0, "num_publications_5y": 1, "num_citations_5y": 0, "num_publications_10y": 1, "num_citations_10y": 0, "publications_years": {"2017": 1}, "citations_years": {}, "old_citations": {"2017": 0}, "isVisible": false}, "2754180875": {"name": "shiyi kong", "type": "author", "activity": 2, "h_index": 1, "h5_index": 1, "mag_id": "2754180875", "num_publications": 1, "num_citations": 2, "num_publications_5y": 1, "num_citations_5y": 1, "num_publications_10y": 1, "num_citations_10y": 1, "publications_years": {"2017": 1}, "citations_years": {"2018": 1, "2019": 1}, "old_citations": {"2017": 2}, "isVisible": false}, "2754257870": {"name": "zhiao ye", "type": "author", "activity": 2, "h_index": 1, "h5_index": 1, "mag_id": "2754257870", "num_publications": 1, "num_citations": 0, "num_publications_5y": 1, "num_citations_5y": 0, "num_publications_10y": 1, "num_citations_10y": 0, "publications_years": {"2017": 1}, "citations_years": {}, "old_citations": {"2017": 0}, "isVisible": false}, "2754386926": {"name": "jing yao", "type": "author", "activity": 1, "h_index": 0, "h5_index": 0, "mag_id": "2754386926", "num_publications": 1, "num_citations": 0, "num_publications_5y": 1, "num_citations_5y": 0, "num_publications_10y": 1, "num_citations_10y": 0, "publications_years": {"2017": 1}, "citations_years": {}, "old_citations": {"2017": 0}, "isVisible": false}, "2754527163": {"name": "jiang shao", "type": "author", "activity": 1, "h_index": 1, "h5_index": 1, "mag_id": "2754527163", "num_publications": 1, "num_citations": 1, "num_publications_5y": 1, "num_citations_5y": 1, "num_publications_10y": 1, "num_citations_10y": 1, "publications_years": {"2017": 1}, "citations_years": {"2018": 1}, "old_citations": {"2017": 1}, "isVisible": false}, "2754618965": {"name": "ning huang", "type": "author", "activity": 1, "h_index": 1, "h5_index": 1, "mag_id": "2754618965", "num_publications": 1, "num_citations": 2, "num_publications_5y": 1, "num_citations_5y": 0, "num_publications_10y": 1, "num_citations_10y": 0, "publications_years": {"2017": 1}, "citations_years": {"2019": 2}, "old_citations": {"2017": 2}, "isVisible": false}, "2754636132": {"name": "becky hammons", "type": "author", "activity": 1, "h_index": 0, "h5_index": 0, "mag_id": "2754636132", "num_publications": 1, "num_citations": 0, "num_publications_5y": 1, "num_citations_5y": 0, "num_publications_10y": 1, "num_citations_10y": 0, "publications_years": {"2017": 1}, "citations_years": {}, "old_citations": {"2017": 0}, "isVisible": false}, "2754860785": {"name": "zefei lan", "type": "author", "activity": 1, "h_index": 0, "h5_index": 0, "mag_id": "2754860785", "num_publications": 1, "num_citations": 0, "num_publications_5y": 1, "num_citations_5y": 0, "num_publications_10y": 1, "num_citations_10y": 0, "publications_years": {"2017": 1}, "citations_years": {}, "old_citations": {"2017": 0}, "isVisible": false}, "2754860869": {"name": "linyu fu", "type": "author", "activity": 2, "h_index": 1, "h5_index": 1, "mag_id": "2754860869", "num_publications": 1, "num_citations": 1, "num_publications_5y": 1, "num_citations_5y": 0, "num_publications_10y": 1, "num_citations_10y": 0, "publications_years": {"2017": 1}, "citations_years": {"2019": 1}, "old_citations": {"2017": 1}, "isVisible": false}, "2755013449": {"name": "ming zhang", "type": "author", "activity": 1, "h_index": 1, "h5_index": 1, "mag_id": "2755013449", "num_publications": 1, "num_citations": 1, "num_publications_5y": 1, "num_citations_5y": 1, "num_publications_10y": 1, "num_citations_10y": 1, "publications_years": {"2017": 1}, "citations_years": {"2018": 1}, "old_citations": {"2017": 1}, "isVisible": false}, "2755806789": {"name": "lijian li", "type": "author", "activity": 1, "h_index": 1, "h5_index": 0, "mag_id": "2755806789", "num_publications": 1, "num_citations": 3, "num_publications_5y": 1, "num_citations_5y": 3, "num_publications_10y": 1, "num_citations_10y": 3, "publications_years": {"2015": 1}, "citations_years": {"2016": 1, "2017": 1, "2018": 1}, "old_citations": {"2015": 3}, "isVisible": false}, "2755912272": {"name": "meisong zheng", "type": "author", "activity": 1, "h_index": 1, "h5_index": 0, "mag_id": "2755912272", "num_publications": 1, "num_citations": 3, "num_publications_5y": 1, "num_citations_5y": 3, "num_publications_10y": 1, "num_citations_10y": 3, "publications_years": {"2015": 1}, "citations_years": {"2016": 1, "2017": 1, "2018": 1}, "old_citations": {"2015": 3}, "isVisible": false}, "2755152435": {"name": "xiaohong bao", "type": "author", "activity": 1, "h_index": 1, "h5_index": 1, "mag_id": "2755152435", "num_publications": 1, "num_citations": 2, "num_publications_5y": 1, "num_citations_5y": 0, "num_publications_10y": 1, "num_citations_10y": 0, "publications_years": {"2017": 1}, "citations_years": {"2019": 2}, "old_citations": {"2017": 2}, "isVisible": false}, "2755719956": {"name": "hao zhang", "type": "author", "activity": 2, "h_index": 1, "h5_index": 1, "mag_id": "2755719956", "num_publications": 1, "num_citations": 2, "num_publications_5y": 1, "num_citations_5y": 2, "num_publications_10y": 1, "num_citations_10y": 2, "publications_years": {"2017": 1}, "citations_years": {"2018": 2}, "old_citations": {"2017": 2}, "isVisible": false}, "2756180513": {"name": "biwei li", "type": "author", "activity": 1, "h_index": 1, "h5_index": 1, "mag_id": "2756180513", "num_publications": 1, "num_citations": 2, "num_publications_5y": 1, "num_citations_5y": 0, "num_publications_10y": 1, "num_citations_10y": 0, "publications_years": {"2017": 1}, "citations_years": {"2019": 2}, "old_citations": {"2017": 2}, "isVisible": false}, "2756357713": {"name": "lina sun", "type": "author", "activity": 1, "h_index": 1, "h5_index": 1, "mag_id": "2756357713", "num_publications": 1, "num_citations": 2, "num_publications_5y": 1, "num_citations_5y": 0, "num_publications_10y": 1, "num_citations_10y": 0, "publications_years": {"2017": 1}, "citations_years": {"2019": 2}, "old_citations": {"2017": 2}, "isVisible": false}, "2755083516": {"name": "shuo chang", "type": "author", "activity": 1, "h_index": 1, "h5_index": 1, "mag_id": "2755083516", "num_publications": 1, "num_citations": 1, "num_publications_5y": 1, "num_citations_5y": 1, "num_publications_10y": 1, "num_citations_10y": 1, "publications_years": {"2017": 1}, "citations_years": {"2018": 1}, "old_citations": {"2017": 1}, "isVisible": false}, "2755157749": {"name": "yi wang", "type": "author", "activity": 1, "h_index": 1, "h5_index": 1, "mag_id": "2755157749", "num_publications": 1, "num_citations": 1, "num_publications_5y": 1, "num_citations_5y": 1, "num_publications_10y": 1, "num_citations_10y": 1, "publications_years": {"2017": 1}, "citations_years": {"2018": 1}, "old_citations": {"2017": 1}, "isVisible": false}, "2755404874": {"name": "siyuan zhou", "type": "author", "activity": 1, "h_index": 1, "h5_index": 1, "mag_id": "2755404874", "num_publications": 1, "num_citations": 1, "num_publications_5y": 1, "num_citations_5y": 0, "num_publications_10y": 1, "num_citations_10y": 0, "publications_years": {"2017": 1}, "citations_years": {"2019": 1}, "old_citations": {"2017": 1}, "isVisible": false}, "2755431313": {"name": "lingjie zhang", "type": "author", "activity": 1, "h_index": 1, "h5_index": 1, "mag_id": "2755431313", "num_publications": 1, "num_citations": 1, "num_publications_5y": 1, "num_citations_5y": 1, "num_publications_10y": 1, "num_citations_10y": 1, "publications_years": {"2017": 1}, "citations_years": {"2018": 1}, "old_citations": {"2017": 1}, "isVisible": false}, "2755450828": {"name": "fengming lu", "type": "author", "activity": 1, "h_index": 1, "h5_index": 1, "mag_id": "2755450828", "num_publications": 1, "num_citations": 1, "num_publications_5y": 1, "num_citations_5y": 1, "num_publications_10y": 1, "num_citations_10y": 1, "publications_years": {"2017": 1}, "citations_years": {"2018": 1}, "old_citations": {"2017": 1}, "isVisible": false}, "2755598302": {"name": "jin an", "type": "author", "activity": 1, "h_index": 1, "h5_index": 1, "mag_id": "2755598302", "num_publications": 1, "num_citations": 1, "num_publications_5y": 1, "num_citations_5y": 0, "num_publications_10y": 1, "num_citations_10y": 0, "publications_years": {"2017": 1}, "citations_years": {"2019": 1}, "old_citations": {"2017": 1}, "isVisible": false}, "2755114048": {"name": "michael wolfe", "type": "author", "activity": 1, "h_index": 0, "h5_index": 0, "mag_id": "2755114048", "num_publications": 1, "num_citations": 0, "num_publications_5y": 1, "num_citations_5y": 0, "num_publications_10y": 1, "num_citations_10y": 0, "publications_years": {"2017": 1}, "citations_years": {}, "old_citations": {"2017": 0}, "isVisible": false}, "2755316991": {"name": "du liu", "type": "author", "activity": 3, "h_index": 0, "h5_index": 0, "mag_id": "2755316991", "num_publications": 1, "num_citations": 0, "num_publications_5y": 1, "num_citations_5y": 0, "num_publications_10y": 1, "num_citations_10y": 0, "publications_years": {"2017": 1}, "citations_years": {}, "old_citations": {"2017": 0}, "isVisible": false}, "2755386974": {"name": "yaoyao yang", "type": "author", "activity": 1, "h_index": 0, "h5_index": 0, "mag_id": "2755386974", "num_publications": 1, "num_citations": 0, "num_publications_5y": 1, "num_citations_5y": 0, "num_publications_10y": 1, "num_citations_10y": 0, "publications_years": {"2017": 1}, "citations_years": {}, "old_citations": {"2017": 0}, "isVisible": false}, "2755563094": {"name": "weiguo hou", "type": "author", "activity": 1, "h_index": 0, "h5_index": 0, "mag_id": "2755563094", "num_publications": 1, "num_citations": 0, "num_publications_5y": 1, "num_citations_5y": 0, "num_publications_10y": 1, "num_citations_10y": 0, "publications_years": {"2017": 1}, "citations_years": {}, "old_citations": {"2017": 0}, "isVisible": false}, "2755592534": {"name": "guangqiang wang", "type": "author", "activity": 1, "h_index": 0, "h5_index": 0, "mag_id": "2755592534", "num_publications": 1, "num_citations": 0, "num_publications_5y": 1, "num_citations_5y": 0, "num_publications_10y": 1, "num_citations_10y": 0, "publications_years": {"2017": 1}, "citations_years": {}, "old_citations": {"2017": 0}, "isVisible": false}, "2755619054": {"name": "longkun an", "type": "author", "activity": 1, "h_index": 0, "h5_index": 0, "mag_id": "2755619054", "num_publications": 1, "num_citations": 0, "num_publications_5y": 1, "num_citations_5y": 0, "num_publications_10y": 1, "num_citations_10y": 0, "publications_years": {"2017": 1}, "citations_years": {}, "old_citations": {"2017": 0}, "isVisible": false}, "2755664674": {"name": "xiaoguang chen", "type": "author", "activity": 1, "h_index": 0, "h5_index": 0, "mag_id": "2755664674", "num_publications": 1, "num_citations": 0, "num_publications_5y": 1, "num_citations_5y": 0, "num_publications_10y": 1, "num_citations_10y": 0, "publications_years": {"2017": 1}, "citations_years": {}, "old_citations": {"2017": 0}, "isVisible": false}, "2755715147": {"name": "zhenyu lian", "type": "author", "activity": 1, "h_index": 0, "h5_index": 0, "mag_id": "2755715147", "num_publications": 1, "num_citations": 0, "num_publications_5y": 1, "num_citations_5y": 0, "num_publications_10y": 1, "num_citations_10y": 0, "publications_years": {"2017": 1}, "citations_years": {}, "old_citations": {"2017": 0}, "isVisible": false}, "2756137228": {"name": "jiapan fu", "type": "author", "activity": 1, "h_index": 0, "h5_index": 0, "mag_id": "2756137228", "num_publications": 1, "num_citations": 0, "num_publications_5y": 1, "num_citations_5y": 0, "num_publications_10y": 1, "num_citations_10y": 0, "publications_years": {"2017": 1}, "citations_years": {}, "old_citations": {"2017": 0}, "isVisible": false}, "2756248076": {"name": "jing yang", "type": "author", "activity": 1, "h_index": 0, "h5_index": 0, "mag_id": "2756248076", "num_publications": 1, "num_citations": 0, "num_publications_5y": 1, "num_citations_5y": 0, "num_publications_10y": 1, "num_citations_10y": 0, "publications_years": {"2017": 1}, "citations_years": {}, "old_citations": {"2017": 0}, "isVisible": false}}, "countries": {"China": {"name": "China", "type": "country", "h5_index": 214, "num_publications": 38, "num_citations": 29, "num_publications_5y": 38, "num_citations_5y": 14, "num_publications_10y": 38, "num_citations_10y": 14, "publications_years": {"2015": 16, "2017": 22}, "citations_years": {"2018": 9, "2017": 4, "2019": 12, "2020": 3, "2016": 1}, "old_citations": {"2015": 17, "2017": 12}, "isVisible": false}, "Singapore": {"name": "Singapore", "type": "country", "h5_index": 105, "num_publications": 2, "num_citations": 0, "num_publications_5y": 2, "num_citations_5y": 0, "num_publications_10y": 2, "num_citations_10y": 0, "publications_years": {"2017": 1, "2015": 1}, "citations_years": {}, "old_citations": {"2017": 0, "2015": 0}, "isVisible": false}, "Italy": {"name": "Italy", "type": "country", "h5_index": 94, "num_publications": 1, "num_citations": 0, "num_publications_5y": 1, "num_citations_5y": 0, "num_publications_10y": 1, "num_citations_10y": 0, "publications_years": {"2015": 1}, "citations_years": {}, "old_citations": {"2015": 0}, "isVisible": false}, "Poland": {"name": "Poland", "type": "country", "h5_index": 46, "num_publications": 1, "num_citations": 2, "num_publications_5y": 1, "num_citations_5y": 2, "num_publications_10y": 1, "num_citations_10y": 2, "publications_years": {"2017": 1}, "citations_years": {"2017": 2}, "old_citations": {"2017": 2}, "isVisible": false}, "Spain": {"name": "Spain", "type": "country", "h5_index": 91, "num_publications": 1, "num_citations": 0, "num_publications_5y": 1, "num_citations_5y": 0, "num_publications_10y": 1, "num_citations_10y": 0, "publications_years": {"2015": 1}, "citations_years": {}, "old_citations": {"2015": 0}, "isVisible": false}, "United States": {"name": "United States", "type": "country", "h5_index": 308, "num_publications": 1, "num_citations": 0, "num_publications_5y": 1, "num_citations_5y": 0, "num_publications_10y": 1, "num_citations_10y": 0, "publications_years": {"2017": 1}, "citations_years": {}, "old_citations": {"2017": 0}, "isVisible": false}}}, "conference_comparison": {"computer science": {}}, "topics_dna": {"publications": {}, "citations": {"normalized": {}, "average": {}}}, "info": {"num_publications": 46, "num_citations": 34.0, "impact_factor": {"2017": 0.2222222222222222}, "publications_years": {"2017": 28, "2015": 18}, "citations_years": {"2016": 1, "2017": 6, "2018": 11, "2019": 13, "2020": 3}, "old_citations": {"2017": 17, "2015": 17}, "h5_index": 2}, "percentile": {"computer science": {"2017": 60, "2015": 55}}, "conference_ranking": {"computer science": {"2017": 1683, "2015": 1897}}, "academia": {"num_publications": 41, "num_citations": 28, "publications_years": {"2015": 16, "2016": 0, "2017": 25}, "old_citations": {"2015": 14, "2016": 0, "2017": 14}, "num_publications_5y": 25, "num_citations_5y": 14, "num_publications_10y": 41, "num_citations_10y": 28}, "industry": {"num_publications": 0, "num_citations": 0, "publications_years": {}, "old_citations": {}, "num_publications_5y": 0, "num_citations_5y": 0, "num_publications_10y": 0, "num_citations_10y": 0}, "collaborative": {"num_publications": 0, "num_citations": 0, "publications_years": {}, "old_citations": {}, "num_publications_5y": 0, "num_citations_5y": 0, "num_publications_10y": 0, "num_citations_10y": 0}, "conferences": {}, "journals": {}, "organizations": {"publication_overall": ["Beihang University", "National University of Defense Technology", "National University of Singapore", "Naval University of Engineering", "Ball State University", "Chinese Academy of Sciences", "Harbin Institute of Technology", "Jinan University", "Lublin University of Technology", "Polytechnic University of Milan", "South China University of Technology", "Spanish National Research Council", "University of Economics and Innovation", "University of Electronic Science and Technology of China"], "citation_overall": ["Beihang University", "Chinese Academy of Sciences", "Lublin University of Technology", "University of Economics and Innovation", "Jinan University", "University of Electronic Science and Technology of China", "Ball State University", "Harbin Institute of Technology", "National University of Defense Technology", "National University of Singapore", "Naval University of Engineering", "Polytechnic University of Milan", "South China University of Technology", "Spanish National Research Council"], "publication_10_years": ["Beihang University", "National University of Defense Technology", "National University of Singapore", "Naval University of Engineering", "Ball State University", "Chinese Academy of Sciences", "Harbin Institute of Technology", "Jinan University", "Lublin University of Technology", "Polytechnic University of Milan", "South China University of Technology", "Spanish National Research Council", "University of Economics and Innovation", "University of Electronic Science and Technology of China"], "citation_10_years": ["Beihang University", "Chinese Academy of Sciences", "Lublin University of Technology", "University of Economics and Innovation", "Jinan University", "University of Electronic Science and Technology of China", "Ball State University", "Harbin Institute of Technology", "National University of Defense Technology", "National University of Singapore", "Naval University of Engineering", "Polytechnic University of Milan", "South China University of Technology", "Spanish National Research Council"], "publication_5_years": ["Beihang University", "National University of Defense Technology", "Naval University of Engineering", "Ball State University", "Jinan University", "Lublin University of Technology", "National University of Singapore", "South China University of Technology", "University of Economics and Innovation", "University of Electronic Science and Technology of China"], "citation_5_years": ["Beihang University", "Lublin University of Technology", "University of Economics and Innovation", "Jinan University", "University of Electronic Science and Technology of China", "Ball State University", "National University of Defense Technology", "National University of Singapore", "Naval University of Engineering", "South China University of Technology"]}, "countries": {"publication_overall": ["China", "Singapore", "Italy", "Poland", "Spain", "United States"], "citation_overall": ["China", "Poland", "Italy", "Singapore", "Spain", "United States"], "publication_10_years": ["China", "Singapore", "Italy", "Poland", "Spain", "United States"], "citation_10_years": ["China", "Poland", "Italy", "Singapore", "Spain", "United States"], "publication_5_years": ["China", "Poland", "Singapore", "United States"], "citation_5_years": ["China", "Poland", "Singapore", "United States"]}, "topics": {"publication_overall": ["computer science", "computer systems", "artificial intelligence", "software engineering", "software design", "computer networks", "computer hardware", "engineering", "distributed computer systems", "mathematics", "embedded systems", "software", "software quality", "telecommunication systems", "theoretical computer science", "fault tolerant computer systems", "computer programming", "software architecture", "telecommunication networks", "communication systems"], "citation_overall": ["computer science", "computer systems", "software engineering", "computer networks", "software design", "artificial intelligence", "engineering", "software", "telecommunication systems", "software quality", "computer hardware", "computer programming", "embedded systems", "mathematics", "communication systems", "theoretical computer science", "wireless telecommunication systems", "distributed computer systems", "field programmable gate arrays (fpga)", "graph theory"], "publication_10_years": ["computer science", "computer systems", "artificial intelligence", "software engineering", "software design", "computer networks", "computer hardware", "engineering", "distributed computer systems", "mathematics", "embedded systems", "software", "software quality", "telecommunication systems", "theoretical computer science", "fault tolerant computer systems", "computer programming", "software architecture", "telecommunication networks", "communication systems"], "citation_10_years": ["computer science", "computer systems", "software engineering", "computer networks", "software design", "artificial intelligence", "engineering", "software", "telecommunication systems", "software quality", "computer hardware", "computer programming", "embedded systems", "mathematics", "communication systems", "theoretical computer science", "wireless telecommunication systems", "distributed computer systems", "field programmable gate arrays (fpga)", "graph theory"], "publication_5_years": ["computer science", "computer systems", "software engineering", "artificial intelligence", "computer networks", "software design", "engineering", "computer hardware", "distributed computer systems", "telecommunication systems", "embedded systems", "mathematics", "software", "telecommunication networks", "theoretical computer science", "software quality", "communication systems", "computer programming", "fault tolerant computer systems", "sensors"], "citation_5_years": ["computer science", "computer systems", "software engineering", "computer networks", "software design", "telecommunication systems", "artificial intelligence", "engineering", "software", "theoretical computer science", "computer programming", "graph theory", "mathematics", "telecommunication networks", "bandwidth", "communication systems", "computer hardware", "embedded systems", "object oriented programming", "software architecture"]}, "main_topics": ["computer science"], "authors": {"publication_overall": ["2130351508", "2660878564", "2674288129", "2651194964", "2755003916", "2111528926", "2119630813", "2227658848", "2228244349", "2232867642", "2607992668", "2621708142", "2621793840", "2631523236", "2667973513", "2673634751", "2673901930", "2754642404", "2754906509", "2755173218", "2755992440", "1873465681", "2045884131", "2067867551", "2076144126", "2104816207", "2106985379", "2118941424", "2120552681", "2127809202", "2138856153", "2144652983", "2152315734", "2154223443", "2154698672", "2162792521", "2222343983", "2227563614", "2227822318", "2231689999", "2232110338", "2232477958", "2234160218", "2234920427", "2237026893", "2241451124", "2293314207", "2302723835", "2303173503", "2304752169", "2305893613", "2310860525", "2326365589", "2466165761", "2476066261", "2493379436", "2516810584", "2524596924", "2531148751", "2571293111", "2574476132", "2610432176", "2629912375", "2631135323", "2631284277", "2636539251", "2644272377", "2658534117", "2659278568", "2661923508", "2665605002", "2672376932", "2680887438", "2684423030", "2685693201", "2690466123", "2693295480", "2697992500", "2698713895", "2700818413", "2704930091", "2707797471", "2714280525", "2716036363", "2718176249", "2740956175", "2754047308", "2754087965", "2754091902", "2754150128", "2754162805", "2754180875", "2754257870", "2754386926", "2754527163", "2754618965", "2754636132", "2754860785", "2754860869", "2755013449"], "citation_overall": ["2241451124", "2302723835", "2631284277", "2660878564", "2665605002", "2111528926", "2154223443", "2227658848", "2228244349", "2305893613", "2674288129", "2704930091", "2755806789", "2755912272", "1873465681", "2045884131", "2232867642", "2476066261", "2493379436", "2516810584", "2524596924", "2610432176", "2644272377", "2651194964", "2697992500", "2714280525", "2754180875", "2754618965", "2755152435", "2755719956", "2756180513", "2756357713", "2067867551", "2118941424", "2119630813", "2120552681", "2130351508", "2152315734", "2154698672", "2222343983", "2234920427", "2237026893", "2303173503", "2304752169", "2574476132", "2621708142", "2621793840", "2629912375", "2631523236", "2661923508", "2667973513", "2673634751", "2680887438", "2690466123", "2754527163", "2754860869", "2755003916", "2755013449", "2755083516", "2755157749", "2755404874", "2755431313", "2755450828", "2755598302", "2076144126", "2104816207", "2106985379", "2127809202", "2138856153", "2144652983", "2162792521", "2227563614", "2227822318", "2231689999", "2232110338", "2232477958", "2234160218", "2293314207", "2310860525", "2326365589", "2466165761", "2531148751", "2571293111", "2607992668", "2631135323", "2636539251", "2658534117", "2659278568", "2672376932", "2673901930", "2684423030", "2685693201", "2693295480", "2698713895", "2700818413", "2707797471", "2716036363", "2718176249", "2740956175", "2754047308"], "publication_10_years": ["2130351508", "2660878564", "2674288129", "2651194964", "2755003916", "2111528926", "2119630813", "2227658848", "2228244349", "2232867642", "2607992668", "2621708142", "2621793840", "2631523236", "2667973513", "2673634751", "2673901930", "2754642404", "2754906509", "2755173218", "2755992440", "1873465681", "2045884131", "2067867551", "2076144126", "2104816207", "2106985379", "2118941424", "2120552681", "2127809202", "2138856153", "2144652983", "2152315734", "2154223443", "2154698672", "2162792521", "2222343983", "2227563614", "2227822318", "2231689999", "2232110338", "2232477958", "2234160218", "2234920427", "2237026893", "2241451124", "2293314207", "2302723835", "2303173503", "2304752169", "2305893613", "2310860525", "2326365589", "2466165761", "2476066261", "2493379436", "2516810584", "2524596924", "2531148751", "2571293111", "2574476132", "2610432176", "2629912375", "2631135323", "2631284277", "2636539251", "2644272377", "2658534117", "2659278568", "2661923508", "2665605002", "2672376932", "2680887438", "2684423030", "2685693201", "2690466123", "2693295480", "2697992500", "2698713895", "2700818413", "2704930091", "2707797471", "2714280525", "2716036363", "2718176249", "2740956175", "2754047308", "2754087965", "2754091902", "2754150128", "2754162805", "2754180875", "2754257870", "2754386926", "2754527163", "2754618965", "2754636132", "2754860785", "2754860869", "2755013449"], "citation_10_years": ["2241451124", "2302723835", "2631284277", "2660878564", "2665605002", "2111528926", "2154223443", "2227658848", "2228244349", "2305893613", "2674288129", "2704930091", "2755806789", "2755912272", "1873465681", "2045884131", "2232867642", "2476066261", "2493379436", "2516810584", "2524596924", "2610432176", "2644272377", "2651194964", "2697992500", "2714280525", "2754180875", "2754618965", "2755152435", "2755719956", "2756180513", "2756357713", "2067867551", "2118941424", "2119630813", "2120552681", "2130351508", "2152315734", "2154698672", "2222343983", "2234920427", "2237026893", "2303173503", "2304752169", "2574476132", "2621708142", "2621793840", "2629912375", "2631523236", "2661923508", "2667973513", "2673634751", "2680887438", "2690466123", "2754527163", "2754860869", "2755003916", "2755013449", "2755083516", "2755157749", "2755404874", "2755431313", "2755450828", "2755598302", "2076144126", "2104816207", "2106985379", "2127809202", "2138856153", "2144652983", "2162792521", "2227563614", "2227822318", "2231689999", "2232110338", "2232477958", "2234160218", "2293314207", "2310860525", "2326365589", "2466165761", "2531148751", "2571293111", "2607992668", "2631135323", "2636539251", "2658534117", "2659278568", "2672376932", "2673901930", "2684423030", "2685693201", "2693295480", "2698713895", "2700818413", "2707797471", "2716036363", "2718176249", "2740956175", "2754047308"], "publication_5_years": ["2130351508", "2755003916", "2607992668", "2621708142", "2621793840", "2660878564", "2673901930", "2674288129", "2754642404", "2754906509", "2755173218", "2755992440", "1873465681", "2045884131", "2067867551", "2104816207", "2106985379", "2119630813", "2127809202", "2144652983", "2152315734", "2227658848", "2227822318", "2228244349", "2232867642", "2234920427", "2326365589", "2466165761", "2476066261", "2493379436", "2516810584", "2524596924", "2531148751", "2571293111", "2574476132", "2610432176", "2629912375", "2636539251", "2644272377", "2651194964", "2661923508", "2673634751", "2680887438", "2685693201", "2690466123", "2693295480", "2707797471", "2716036363", "2754047308", "2754087965", "2754091902", "2754150128", "2754162805", "2754180875", "2754257870", "2754386926", "2754527163", "2754618965", "2754636132", "2754860785", "2754860869", "2755013449", "2755083516", "2755114048", "2755152435", "2755157749", "2755316991", "2755386974", "2755404874", "2755431313", "2755450828", "2755563094", "2755592534", "2755598302", "2755619054", "2755664674", "2755715147", "2755719956", "2756137228", "2756180513", "2756248076", "2756357713"], "citation_5_years": ["2660878564", "1873465681", "2045884131", "2227658848", "2228244349", "2232867642", "2476066261", "2493379436", "2516810584", "2524596924", "2610432176", "2644272377", "2651194964", "2754180875", "2754618965", "2755152435", "2755719956", "2756180513", "2756357713", "2067867551", "2130351508", "2152315734", "2234920427", "2574476132", "2621708142", "2621793840", "2629912375", "2661923508", "2680887438", "2690466123", "2754527163", "2754860869", "2755003916", "2755013449", "2755083516", "2755157749", "2755404874", "2755431313", "2755450828", "2755598302", "2104816207", "2106985379", "2119630813", "2127809202", "2144652983", "2227822318", "2326365589", "2466165761", "2531148751", "2571293111", "2607992668", "2636539251", "2673634751", "2673901930", "2674288129", "2685693201", "2693295480", "2707797471", "2716036363", "2754047308", "2754087965", "2754091902", "2754150128", "2754162805", "2754257870", "2754386926", "2754636132", "2754642404", "2754860785", "2754906509", "2755114048", "2755173218", "2755316991", "2755386974", "2755563094", "2755592534", "2755619054", "2755664674", "2755715147", "2755992440", "2756137228", "2756248076"]}, "industrial_sectors": {"publication_overall": [], "citation_overall": [], "publication_10_years": [], "citation_10_years": [], "publication_5_years": [], "citation_5_years": []}}