{"name": "Workshop on Rapid Malcode", "acronym": "WORM", "type": "conference", "uniqueEntities": {"organizations": {"University of California, San Diego": {"name": "University of California, San Diego", "type": "organization", "organization_type": "Education", "h_index": 285, "h5_index": 61, "num_publications": 3, "num_citations": 55, "num_publications_5y": 0, "num_citations_5y": 7, "num_publications_10y": 0, "num_citations_10y": 29, "publications_years": {"2005": 2, "2003": 1}, "citations_years": {"2004": 1, "2005": 0, "2006": 13, "2007": 5, "2008": 7, "2009": 3, "2010": 7, "2011": 7, "2012": 5, "2013": 0, "2014": 4, "2015": 2, "2016": 1}, "old_citations": {"2005": 55, "2003": 0}, "isVisible": false}, "Carnegie Mellon University": {"name": "Carnegie Mellon University", "type": "organization", "organization_type": "Education", "h_index": 441, "h5_index": 107, "num_publications": 2, "num_citations": 184, "num_publications_5y": 0, "num_citations_5y": 29, "num_publications_10y": 0, "num_citations_10y": 102, "publications_years": {"2004": 1, "2003": 1}, "citations_years": {"2005": 18, "2006": 21, "2007": 14, "2008": 16, "2009": 29, "2010": 15, "2011": 16, "2012": 5, "2013": 8, "2014": 7, "2015": 8, "2016": 10, "2003": 2, "2004": 10, "2017": 4, "2018": 0, "2019": 0, "2020": 1}, "old_citations": {"2004": 52, "2003": 132}, "isVisible": false}, "Harvard University": {"name": "Harvard University", "type": "organization", "organization_type": "Education", "h_index": 250, "h5_index": 71, "num_publications": 2, "num_citations": 86, "num_publications_5y": 0, "num_citations_5y": 12, "num_publications_10y": 0, "num_citations_10y": 49, "publications_years": {"2003": 1, "2005": 1}, "citations_years": {"2003": 1, "2004": 5, "2005": 3, "2006": 9, "2007": 10, "2008": 9, "2009": 9, "2010": 6, "2011": 6, "2012": 7, "2013": 9, "2014": 4, "2015": 3, "2016": 4, "2017": 1}, "old_citations": {"2003": 37, "2005": 49}, "isVisible": false}, "Massachusetts Institute of Technology": {"name": "Massachusetts Institute of Technology", "type": "organization", "organization_type": "Education", "h_index": 475, "h5_index": 100, "num_publications": 2, "num_citations": 527, "num_publications_5y": 0, "num_citations_5y": 88, "num_publications_10y": 0, "num_citations_10y": 269, "publications_years": {"2003": 2}, "citations_years": {"2003": 1, "2004": 26, "2005": 46, "2006": 59, "2007": 56, "2008": 61, "2009": 42, "2010": 31, "2011": 41, "2012": 31, "2013": 36, "2014": 34, "2015": 23, "2016": 13, "2017": 13, "2018": 5, "2019": 9}, "old_citations": {"2003": 527}, "isVisible": false}, "Mitre (United States)": {"name": "Mitre (United States)", "type": "organization", "organization_type": "Company", "h_index": 102, "h5_index": 13, "num_publications": 2, "num_citations": 196, "num_publications_5y": 0, "num_citations_5y": 25, "num_publications_10y": 0, "num_citations_10y": 107, "publications_years": {"2004": 1, "2003": 1}, "citations_years": {"2005": 20, "2006": 20, "2007": 16, "2008": 30, "2009": 24, "2010": 15, "2011": 14, "2012": 11, "2013": 18, "2014": 6, "2015": 5, "2016": 5, "2017": 8, "2018": 1, "2019": 1, "2004": 2}, "old_citations": {"2004": 151, "2003": 45}, "isVisible": false}, "SRI International": {"name": "SRI International", "type": "organization", "organization_type": "Nonprofit", "h_index": 142, "h5_index": 22, "num_publications": 2, "num_citations": 126, "num_publications_5y": 0, "num_citations_5y": 36, "num_publications_10y": 0, "num_citations_10y": 69, "publications_years": {"2004": 1, "2003": 1}, "citations_years": {"2004": 7, "2005": 10, "2006": 13, "2007": 12, "2008": 12, "2009": 4, "2010": 8, "2011": 9, "2012": 5, "2013": 7, "2014": 11, "2015": 17, "2016": 6, "2017": 1, "2018": 1, "2002": 1, "2003": 1, "2019": 1}, "old_citations": {"2004": 53, "2003": 73}, "isVisible": false}, "Symantec (United States)": {"name": "Symantec (United States)", "type": "organization", "organization_type": "Company", "h_index": 95, "h5_index": 13, "num_publications": 2, "num_citations": 170, "num_publications_5y": 0, "num_citations_5y": 25, "num_publications_10y": 0, "num_citations_10y": 86, "publications_years": {"2003": 1, "2005": 1}, "citations_years": {"2004": 9, "2005": 20, "2006": 11, "2007": 19, "2008": 23, "2009": 19, "2010": 12, "2011": 11, "2012": 8, "2013": 11, "2014": 10, "2015": 6, "2016": 8, "2017": 0, "2018": 1, "2019": 2}, "old_citations": {"2003": 159, "2005": 11}, "isVisible": false}, "Carleton University": {"name": "Carleton University", "type": "organization", "organization_type": "Education", "h_index": 120, "h5_index": 41, "num_publications": 1, "num_citations": 67, "num_publications_5y": 0, "num_citations_5y": 5, "num_publications_10y": 0, "num_citations_10y": 38, "publications_years": {"2005": 1}, "citations_years": {"2004": 1, "2005": 0, "2006": 11, "2007": 7, "2008": 10, "2009": 7, "2010": 2, "2011": 7, "2012": 9, "2013": 8, "2014": 3, "2015": 1, "2016": 1}, "old_citations": {"2005": 67}, "isVisible": false}, "Columbia University": {"name": "Columbia University", "type": "organization", "organization_type": "Education", "h_index": 249, "h5_index": 61, "num_publications": 1, "num_citations": 0, "num_publications_5y": 0, "num_citations_5y": 0, "num_publications_10y": 0, "num_citations_10y": 0, "publications_years": {"2005": 1}, "citations_years": {}, "old_citations": {"2005": 0}, "isVisible": false}, "Dartmouth College": {"name": "Dartmouth College", "type": "organization", "organization_type": "Education", "h_index": 127, "h5_index": 34, "num_publications": 1, "num_citations": 208, "num_publications_5y": 0, "num_citations_5y": 64, "num_publications_10y": 0, "num_citations_10y": 132, "publications_years": {"2003": 1}, "citations_years": {"2004": 8, "2005": 13, "2006": 18, "2007": 16, "2008": 20, "2009": 13, "2010": 6, "2011": 6, "2012": 4, "2013": 39, "2014": 21, "2015": 11, "2016": 7, "2017": 11, "2018": 14, "2019": 1}, "old_citations": {"2003": 208}, "isVisible": false}, "ETH Zurich": {"name": "ETH Zurich", "type": "organization", "organization_type": "Education", "h_index": 222, "h5_index": 81, "num_publications": 1, "num_citations": 81, "num_publications_5y": 0, "num_citations_5y": 13, "num_publications_10y": 0, "num_citations_10y": 35, "publications_years": {"2003": 1}, "citations_years": {"2004": 6, "2005": 10, "2006": 9, "2007": 9, "2008": 12, "2009": 4, "2010": 8, "2011": 3, "2012": 3, "2013": 4, "2014": 8, "2015": 4, "2016": 0, "2017": 1}, "old_citations": {"2003": 81}, "isVisible": false}, "Georgia Institute of Technology": {"name": "Georgia Institute of Technology", "type": "organization", "organization_type": "Education", "h_index": 280, "h5_index": 72, "num_publications": 1, "num_citations": 55, "num_publications_5y": 0, "num_citations_5y": 4, "num_publications_10y": 0, "num_citations_10y": 30, "publications_years": {"2005": 1}, "citations_years": {"2006": 3, "2007": 10, "2008": 12, "2009": 9, "2010": 7, "2011": 7, "2012": 2, "2013": 1, "2014": 2, "2015": 0, "2016": 1, "2017": 1}, "old_citations": {"2005": 55}, "isVisible": false}, "Institute for Infocomm Research": {"name": "Institute for Infocomm Research", "type": "organization", "organization_type": "Facility", "h_index": 118, "h5_index": 33, "num_publications": 1, "num_citations": 63, "num_publications_5y": 0, "num_citations_5y": 24, "num_publications_10y": 0, "num_citations_10y": 37, "publications_years": {"2005": 1}, "citations_years": {"2006": 7, "2007": 7, "2008": 7, "2009": 7, "2010": 0, "2011": 1, "2012": 3, "2013": 2, "2014": 8, "2015": 3, "2016": 5, "2017": 2, "2018": 6, "2019": 5}, "old_citations": {"2005": 63}, "isVisible": false}, "International Computer Science Institute": {"name": "International Computer Science Institute", "type": "organization", "organization_type": "Nonprofit", "h_index": 96, "h5_index": 18, "num_publications": 1, "num_citations": 0, "num_publications_5y": 0, "num_citations_5y": 0, "num_publications_10y": 0, "num_citations_10y": 0, "publications_years": {"2005": 1}, "citations_years": {}, "old_citations": {"2005": 0}, "isVisible": false}, "Johns Hopkins University": {"name": "Johns Hopkins University", "type": "organization", "organization_type": "Education", "h_index": 191, "h5_index": 58, "num_publications": 1, "num_citations": 24, "num_publications_5y": 0, "num_citations_5y": 1, "num_publications_10y": 0, "num_citations_10y": 14, "publications_years": {"2005": 1}, "citations_years": {"2006": 4, "2007": 3, "2008": 3, "2009": 3, "2010": 5, "2011": 3, "2012": 1, "2013": 1, "2014": 0, "2015": 0, "2016": 1}, "old_citations": {"2005": 24}, "isVisible": false}, "Microsoft (United States)": {"name": "Microsoft (United States)", "type": "organization", "organization_type": "Company", "h_index": 460, "h5_index": 116, "num_publications": 1, "num_citations": 39, "num_publications_5y": 0, "num_citations_5y": 4, "num_publications_10y": 0, "num_citations_10y": 19, "publications_years": {"2005": 1}, "citations_years": {"2006": 4, "2007": 11, "2008": 5, "2009": 4, "2010": 4, "2011": 2, "2012": 3, "2013": 2, "2014": 0, "2015": 0, "2016": 2, "2017": 0, "2018": 2}, "old_citations": {"2005": 39}, "isVisible": false}, "North Carolina State University": {"name": "North Carolina State University", "type": "organization", "organization_type": "Education", "h_index": 186, "h5_index": 36, "num_publications": 1, "num_citations": 97, "num_publications_5y": 0, "num_citations_5y": 18, "num_publications_10y": 0, "num_citations_10y": 56, "publications_years": {"2004": 1}, "citations_years": {"2005": 9, "2006": 12, "2007": 15, "2008": 5, "2009": 12, "2010": 3, "2011": 7, "2012": 8, "2013": 8, "2014": 4, "2015": 5, "2016": 6, "2017": 2, "2018": 1}, "old_citations": {"2004": 97}, "isVisible": false}, "Pennsylvania State University": {"name": "Pennsylvania State University", "type": "organization", "organization_type": "Education", "h_index": 194, "h5_index": 50, "num_publications": 1, "num_citations": 59, "num_publications_5y": 0, "num_citations_5y": 3, "num_publications_10y": 0, "num_citations_10y": 20, "publications_years": {"2004": 1}, "citations_years": {"2004": 1, "2005": 3, "2006": 12, "2007": 12, "2008": 11, "2009": 6, "2010": 2, "2011": 4, "2012": 2, "2013": 3, "2014": 1, "2015": 0, "2016": 2}, "old_citations": {"2004": 59}, "isVisible": false}, "Rutgers, The State University of New Jersey": {"name": "Rutgers, The State University of New Jersey", "type": "organization", "organization_type": "Education", "h_index": 218, "h5_index": 52, "num_publications": 1, "num_citations": 0, "num_publications_5y": 0, "num_citations_5y": 0, "num_publications_10y": 0, "num_citations_10y": 0, "publications_years": {"2005": 1}, "citations_years": {}, "old_citations": {"2005": 0}, "isVisible": false}, "University of California, Berkeley": {"name": "University of California, Berkeley", "type": "organization", "organization_type": "Education", "h_index": 452, "h5_index": 107, "num_publications": 1, "num_citations": 433, "num_publications_5y": 0, "num_citations_5y": 74, "num_publications_10y": 0, "num_citations_10y": 213, "publications_years": {"2003": 1}, "citations_years": {"2003": 1, "2004": 24, "2005": 38, "2006": 49, "2007": 46, "2008": 54, "2009": 33, "2010": 24, "2011": 32, "2012": 21, "2013": 29, "2014": 30, "2015": 17, "2016": 13, "2017": 10, "2018": 4, "2019": 8}, "old_citations": {"2003": 433}, "isVisible": false}, "University of California, Davis": {"name": "University of California, Davis", "type": "organization", "organization_type": "Education", "h_index": 175, "h5_index": 49, "num_publications": 1, "num_citations": 53, "num_publications_5y": 0, "num_citations_5y": 9, "num_publications_10y": 0, "num_citations_10y": 21, "publications_years": {"2004": 1}, "citations_years": {"2004": 1, "2005": 6, "2006": 10, "2007": 9, "2008": 6, "2009": 1, "2010": 4, "2011": 4, "2012": 1, "2013": 2, "2014": 2, "2015": 4, "2016": 2, "2017": 0, "2018": 1}, "old_citations": {"2004": 53}, "isVisible": false}, "University of Illinois at Urbana Champaign": {"name": "University of Illinois at Urbana Champaign", "type": "organization", "organization_type": "Education", "h_index": 325, "h5_index": 70, "num_publications": 1, "num_citations": 14, "num_publications_5y": 0, "num_citations_5y": 1, "num_publications_10y": 0, "num_citations_10y": 4, "publications_years": {"2005": 1}, "citations_years": {"2005": 2, "2006": 3, "2007": 1, "2008": 4, "2009": 2, "2010": 1, "2011": 0, "2012": 0, "2013": 0, "2014": 1}, "old_citations": {"2005": 14}, "isVisible": false}, "University of Massachusetts Amherst": {"name": "University of Massachusetts Amherst", "type": "organization", "organization_type": "Education", "h_index": 225, "h5_index": 50, "num_publications": 1, "num_citations": 247, "num_publications_5y": 0, "num_citations_5y": 32, "num_publications_10y": 0, "num_citations_10y": 133, "publications_years": {"2003": 1}, "citations_years": {"2003": 1, "2004": 15, "2005": 21, "2006": 33, "2007": 23, "2008": 17, "2009": 13, "2010": 28, "2011": 22, "2012": 16, "2013": 22, "2014": 10, "2015": 10, "2016": 8, "2017": 4, "2018": 0, "2019": 2, "2020": 2}, "old_citations": {"2003": 247}, "isVisible": false}, "University of Michigan\u2013Ann Arbor": {"name": "University of Michigan\u2013Ann Arbor", "type": "organization", "organization_type": "Education", "h_index": 264, "h5_index": 65, "num_publications": 1, "num_citations": 107, "num_publications_5y": 0, "num_citations_5y": 16, "num_publications_10y": 0, "num_citations_10y": 43, "publications_years": {"2004": 1}, "citations_years": {"2004": 2, "2005": 20, "2006": 11, "2007": 12, "2008": 16, "2009": 9, "2010": 8, "2011": 2, "2012": 5, "2013": 3, "2014": 7, "2015": 3, "2016": 4, "2017": 0, "2018": 2, "2019": 3}, "old_citations": {"2004": 107}, "isVisible": false}, "University of Turabo": {"name": "University of Turabo", "type": "organization", "organization_type": "Education", "h_index": 7, "h5_index": 3, "num_publications": 1, "num_citations": 44, "num_publications_5y": 0, "num_citations_5y": 8, "num_publications_10y": 0, "num_citations_10y": 23, "publications_years": {"2004": 1}, "citations_years": {"2004": 1, "2005": 4, "2006": 4, "2007": 6, "2008": 6, "2009": 7, "2010": 2, "2011": 2, "2012": 3, "2013": 1, "2014": 4, "2015": 4}, "old_citations": {"2004": 44}, "isVisible": false}, "University of Washington": {"name": "University of Washington", "type": "organization", "organization_type": "Education", "h_index": 312, "h5_index": 71, "num_publications": 1, "num_citations": 11, "num_publications_5y": 0, "num_citations_5y": 1, "num_publications_10y": 0, "num_citations_10y": 6, "publications_years": {"2005": 1}, "citations_years": {"2006": 2, "2007": 1, "2008": 2, "2009": 2, "2010": 2, "2011": 1, "2012": 0, "2013": 0, "2014": 0, "2015": 0, "2016": 1}, "old_citations": {"2005": 11}, "isVisible": false}}, "topics": {"computer science": {"name": "computer science", "type": "topic", "h_index": 1779, "h5_index": 416, "num_publications": 33, "num_citations": 2669, "num_publications_5y": 0, "num_citations_5y": 447, "num_publications_10y": 0, "num_citations_10y": 1387, "publications_years": {"2005": 13, "2004": 9, "2003": 11}, "citations_years": {"2006": 312, "2007": 304, "2008": 313, "2009": 244, "2010": 190, "2011": 184, "2012": 134, "2013": 188, "2014": 154, "2015": 115, "2016": 90, "2017": 52, "2018": 36, "2019": 26, "2005": 222, "2004": 94, "2003": 6, "2020": 4, "2002": 1}, "old_citations": {"2005": 388, "2004": 772, "2003": 1509}, "isVisible": false}, "computer security": {"name": "computer security", "type": "topic", "h_index": 977, "h5_index": 220, "num_publications": 33, "num_citations": 2669, "num_publications_5y": 0, "num_citations_5y": 447, "num_publications_10y": 0, "num_citations_10y": 1387, "publications_years": {"2005": 13, "2004": 9, "2003": 11}, "citations_years": {"2006": 312, "2007": 304, "2008": 313, "2009": 244, "2010": 190, "2011": 184, "2012": 134, "2013": 188, "2014": 154, "2015": 115, "2016": 90, "2017": 52, "2018": 36, "2019": 26, "2005": 222, "2004": 94, "2003": 6, "2020": 4, "2002": 1}, "old_citations": {"2005": 388, "2004": 772, "2003": 1509}, "isVisible": false}, "cryptography": {"name": "cryptography", "type": "topic", "h_index": 761, "h5_index": 179, "num_publications": 33, "num_citations": 2669, "num_publications_5y": 0, "num_citations_5y": 447, "num_publications_10y": 0, "num_citations_10y": 1387, "publications_years": {"2005": 13, "2004": 9, "2003": 11}, "citations_years": {"2006": 312, "2007": 304, "2008": 313, "2009": 244, "2010": 190, "2011": 184, "2012": 134, "2013": 188, "2014": 154, "2015": 115, "2016": 90, "2017": 52, "2018": 36, "2019": 26, "2005": 222, "2004": 94, "2003": 6, "2020": 4, "2002": 1}, "old_citations": {"2005": 388, "2004": 772, "2003": 1509}, "isVisible": false}, "cryptology": {"name": "cryptology", "type": "topic", "h_index": 761, "h5_index": 179, "num_publications": 33, "num_citations": 2669, "num_publications_5y": 0, "num_citations_5y": 447, "num_publications_10y": 0, "num_citations_10y": 1387, "publications_years": {"2005": 13, "2004": 9, "2003": 11}, "citations_years": {"2006": 312, "2007": 304, "2008": 313, "2009": 244, "2010": 190, "2011": 184, "2012": 134, "2013": 188, "2014": 154, "2015": 115, "2016": 90, "2017": 52, "2018": 36, "2019": 26, "2005": 222, "2004": 94, "2003": 6, "2020": 4, "2002": 1}, "old_citations": {"2005": 388, "2004": 772, "2003": 1509}, "isVisible": false}, "computer networks": {"name": "computer networks", "type": "topic", "h_index": 1262, "h5_index": 332, "num_publications": 32, "num_citations": 2669, "num_publications_5y": 0, "num_citations_5y": 447, "num_publications_10y": 0, "num_citations_10y": 1387, "publications_years": {"2005": 12, "2004": 9, "2003": 11}, "citations_years": {"2006": 312, "2007": 304, "2008": 313, "2009": 244, "2010": 190, "2011": 184, "2012": 134, "2013": 188, "2014": 154, "2015": 115, "2016": 90, "2017": 52, "2018": 36, "2019": 26, "2005": 222, "2004": 94, "2003": 6, "2020": 4, "2002": 1}, "old_citations": {"2005": 388, "2004": 772, "2003": 1509}, "isVisible": false}, "network security": {"name": "network security", "type": "topic", "h_index": 658, "h5_index": 157, "num_publications": 32, "num_citations": 2669, "num_publications_5y": 0, "num_citations_5y": 447, "num_publications_10y": 0, "num_citations_10y": 1387, "publications_years": {"2005": 12, "2004": 9, "2003": 11}, "citations_years": {"2006": 312, "2007": 304, "2008": 313, "2009": 244, "2010": 190, "2011": 184, "2012": 134, "2013": 188, "2014": 154, "2015": 115, "2016": 90, "2017": 52, "2018": 36, "2019": 26, "2005": 222, "2004": 94, "2003": 6, "2020": 4, "2002": 1}, "old_citations": {"2005": 388, "2004": 772, "2003": 1509}, "isVisible": false}, "security of data": {"name": "security of data", "type": "topic", "h_index": 883, "h5_index": 199, "num_publications": 32, "num_citations": 2669, "num_publications_5y": 0, "num_citations_5y": 447, "num_publications_10y": 0, "num_citations_10y": 1387, "publications_years": {"2005": 12, "2004": 9, "2003": 11}, "citations_years": {"2006": 312, "2007": 304, "2008": 313, "2009": 244, "2010": 190, "2011": 184, "2012": 134, "2013": 188, "2014": 154, "2015": 115, "2016": 90, "2017": 52, "2018": 36, "2019": 26, "2005": 222, "2004": 94, "2003": 6, "2020": 4, "2002": 1}, "old_citations": {"2005": 388, "2004": 772, "2003": 1509}, "isVisible": false}, "computer crime": {"name": "computer crime", "type": "topic", "h_index": 466, "h5_index": 123, "num_publications": 31, "num_citations": 2658, "num_publications_5y": 0, "num_citations_5y": 442, "num_publications_10y": 0, "num_citations_10y": 1378, "publications_years": {"2005": 11, "2004": 9, "2003": 11}, "citations_years": {"2006": 312, "2007": 303, "2008": 312, "2009": 244, "2010": 189, "2011": 183, "2012": 133, "2013": 187, "2014": 152, "2015": 113, "2016": 89, "2017": 52, "2018": 36, "2019": 26, "2005": 222, "2004": 94, "2003": 6, "2020": 4, "2002": 1}, "old_citations": {"2005": 377, "2004": 772, "2003": 1509}, "isVisible": false}, "operating systems": {"name": "operating systems", "type": "topic", "h_index": 509, "h5_index": 104, "num_publications": 31, "num_citations": 2658, "num_publications_5y": 0, "num_citations_5y": 442, "num_publications_10y": 0, "num_citations_10y": 1378, "publications_years": {"2005": 11, "2004": 9, "2003": 11}, "citations_years": {"2006": 312, "2007": 303, "2008": 312, "2009": 244, "2010": 189, "2011": 183, "2012": 133, "2013": 187, "2014": 152, "2015": 113, "2016": 89, "2017": 52, "2018": 36, "2019": 26, "2005": 222, "2004": 94, "2003": 6, "2020": 4, "2002": 1}, "old_citations": {"2005": 377, "2004": 772, "2003": 1509}, "isVisible": false}, "computer viruses": {"name": "computer viruses", "type": "topic", "h_index": 198, "h5_index": 46, "num_publications": 30, "num_citations": 2658, "num_publications_5y": 0, "num_citations_5y": 442, "num_publications_10y": 0, "num_citations_10y": 1378, "publications_years": {"2005": 11, "2004": 9, "2003": 10}, "citations_years": {"2006": 312, "2007": 303, "2008": 312, "2009": 244, "2010": 189, "2011": 183, "2012": 133, "2013": 187, "2014": 152, "2015": 113, "2016": 89, "2017": 52, "2018": 36, "2019": 26, "2005": 222, "2004": 94, "2003": 6, "2020": 4, "2002": 1}, "old_citations": {"2005": 377, "2004": 772, "2003": 1509}, "isVisible": false}, "computer worms": {"name": "computer worms", "type": "topic", "h_index": 121, "h5_index": 17, "num_publications": 29, "num_citations": 2564, "num_publications_5y": 0, "num_citations_5y": 428, "num_publications_10y": 0, "num_citations_10y": 1322, "publications_years": {"2005": 11, "2004": 9, "2003": 9}, "citations_years": {"2006": 302, "2007": 293, "2008": 305, "2009": 235, "2010": 182, "2011": 174, "2012": 123, "2013": 180, "2014": 148, "2015": 107, "2016": 89, "2017": 49, "2018": 35, "2019": 25, "2005": 214, "2004": 92, "2003": 6, "2020": 4, "2002": 1}, "old_citations": {"2005": 377, "2004": 772, "2003": 1415}, "isVisible": false}, "worms": {"name": "worms", "type": "topic", "h_index": 113, "h5_index": 17, "num_publications": 28, "num_citations": 2432, "num_publications_5y": 0, "num_citations_5y": 404, "num_publications_10y": 0, "num_citations_10y": 1243, "publications_years": {"2005": 11, "2004": 9, "2003": 8}, "citations_years": {"2006": 290, "2007": 287, "2008": 293, "2009": 216, "2010": 170, "2011": 162, "2012": 119, "2013": 172, "2014": 143, "2015": 101, "2016": 80, "2017": 45, "2018": 35, "2019": 25, "2005": 204, "2004": 82, "2003": 4, "2020": 3, "2002": 1}, "old_citations": {"2005": 377, "2004": 772, "2003": 1283}, "isVisible": false}, "internet worm": {"name": "internet worm", "type": "topic", "h_index": 76, "h5_index": 7, "num_publications": 22, "num_citations": 2009, "num_publications_5y": 0, "num_citations_5y": 320, "num_publications_10y": 0, "num_citations_10y": 1030, "publications_years": {"2005": 10, "2004": 5, "2003": 7}, "citations_years": {"2006": 238, "2007": 224, "2008": 251, "2009": 178, "2010": 143, "2011": 135, "2012": 101, "2013": 153, "2014": 117, "2015": 69, "2016": 65, "2017": 38, "2018": 31, "2019": 22, "2005": 164, "2004": 75, "2003": 3, "2020": 2}, "old_citations": {"2005": 377, "2004": 422, "2003": 1210}, "isVisible": false}, "computer systems": {"name": "computer systems", "type": "topic", "h_index": 1595, "h5_index": 367, "num_publications": 19, "num_citations": 1337, "num_publications_5y": 0, "num_citations_5y": 258, "num_publications_10y": 0, "num_citations_10y": 723, "publications_years": {"2005": 9, "2004": 5, "2003": 5}, "citations_years": {"2006": 155, "2007": 144, "2008": 156, "2009": 130, "2010": 98, "2011": 83, "2012": 59, "2013": 95, "2014": 81, "2015": 66, "2016": 48, "2017": 34, "2018": 29, "2019": 14, "2005": 108, "2004": 31, "2020": 2, "2002": 1, "2003": 3}, "old_citations": {"2005": 266, "2004": 519, "2003": 552}, "isVisible": false}, "internet": {"name": "internet", "type": "topic", "h_index": 1102, "h5_index": 245, "num_publications": 16, "num_citations": 1036, "num_publications_5y": 0, "num_citations_5y": 157, "num_publications_10y": 0, "num_citations_10y": 494, "publications_years": {"2005": 8, "2004": 6, "2003": 2}, "citations_years": {"2006": 141, "2007": 146, "2008": 119, "2009": 96, "2010": 80, "2011": 61, "2012": 50, "2013": 50, "2014": 54, "2015": 41, "2016": 35, "2017": 14, "2018": 13, "2019": 11, "2005": 97, "2004": 25, "2003": 1, "2020": 2}, "old_citations": {"2005": 176, "2004": 532, "2003": 328}, "isVisible": false}, "telecommunication networks": {"name": "telecommunication networks", "type": "topic", "h_index": 1116, "h5_index": 258, "num_publications": 16, "num_citations": 1111, "num_publications_5y": 0, "num_citations_5y": 224, "num_publications_10y": 0, "num_citations_10y": 599, "publications_years": {"2005": 8, "2004": 5, "2003": 3}, "citations_years": {"2006": 134, "2007": 129, "2008": 125, "2009": 101, "2010": 79, "2011": 66, "2012": 51, "2013": 78, "2014": 72, "2015": 57, "2016": 37, "2017": 29, "2018": 29, "2019": 14, "2005": 88, "2004": 19, "2020": 1, "2002": 1, "2003": 1}, "old_citations": {"2005": 217, "2004": 519, "2003": 375}, "isVisible": false}, "telecommunication systems": {"name": "telecommunication systems", "type": "topic", "h_index": 1187, "h5_index": 277, "num_publications": 16, "num_citations": 1111, "num_publications_5y": 0, "num_citations_5y": 224, "num_publications_10y": 0, "num_citations_10y": 599, "publications_years": {"2005": 8, "2004": 5, "2003": 3}, "citations_years": {"2006": 134, "2007": 129, "2008": 125, "2009": 101, "2010": 79, "2011": 66, "2012": 51, "2013": 78, "2014": 72, "2015": 57, "2016": 37, "2017": 29, "2018": 29, "2019": 14, "2005": 88, "2004": 19, "2020": 1, "2002": 1, "2003": 1}, "old_citations": {"2005": 217, "2004": 519, "2003": 375}, "isVisible": false}, "telecommunication traffic": {"name": "telecommunication traffic", "type": "topic", "h_index": 1036, "h5_index": 233, "num_publications": 16, "num_citations": 1111, "num_publications_5y": 0, "num_citations_5y": 224, "num_publications_10y": 0, "num_citations_10y": 599, "publications_years": {"2005": 8, "2004": 5, "2003": 3}, "citations_years": {"2006": 134, "2007": 129, "2008": 125, "2009": 101, "2010": 79, "2011": 66, "2012": 51, "2013": 78, "2014": 72, "2015": 57, "2016": 37, "2017": 29, "2018": 29, "2019": 14, "2005": 88, "2004": 19, "2020": 1, "2002": 1, "2003": 1}, "old_citations": {"2005": 217, "2004": 519, "2003": 375}, "isVisible": false}, "bandwidth": {"name": "bandwidth", "type": "topic", "h_index": 922, "h5_index": 201, "num_publications": 10, "num_citations": 748, "num_publications_5y": 0, "num_citations_5y": 124, "num_publications_10y": 0, "num_citations_10y": 354, "publications_years": {"2005": 3, "2004": 4, "2003": 3}, "citations_years": {"2006": 93, "2007": 110, "2008": 90, "2009": 63, "2010": 52, "2011": 43, "2012": 38, "2013": 34, "2014": 42, "2015": 40, "2016": 23, "2017": 11, "2018": 8, "2004": 17, "2005": 76, "2019": 6, "2002": 1, "2003": 1}, "old_citations": {"2005": 64, "2004": 436, "2003": 248}, "isVisible": false}, "intrusion detection": {"name": "intrusion detection", "type": "topic", "h_index": 388, "h5_index": 98, "num_publications": 10, "num_citations": 718, "num_publications_5y": 0, "num_citations_5y": 101, "num_publications_10y": 0, "num_citations_10y": 397, "publications_years": {"2004": 3, "2005": 4, "2003": 3}, "citations_years": {"2005": 58, "2006": 85, "2007": 81, "2008": 75, "2009": 85, "2010": 55, "2011": 58, "2012": 50, "2013": 48, "2014": 31, "2015": 27, "2016": 25, "2017": 14, "2018": 4, "2019": 4, "2003": 1, "2004": 17}, "old_citations": {"2004": 300, "2005": 128, "2003": 290}, "isVisible": false}, "worm detection": {"name": "worm detection", "type": "topic", "h_index": 41, "h5_index": 5, "num_publications": 10, "num_citations": 1178, "num_publications_5y": 0, "num_citations_5y": 202, "num_publications_10y": 0, "num_citations_10y": 619, "publications_years": {"2005": 4, "2004": 2, "2003": 4}, "citations_years": {"2006": 121, "2007": 130, "2008": 154, "2009": 108, "2010": 78, "2011": 79, "2012": 50, "2013": 102, "2014": 69, "2015": 41, "2016": 39, "2005": 97, "2017": 30, "2018": 23, "2019": 12, "2004": 44, "2003": 1}, "old_citations": {"2005": 129, "2004": 204, "2003": 845}, "isVisible": false}, "worm propagation": {"name": "worm propagation", "type": "topic", "h_index": 46, "h5_index": 6, "num_publications": 8, "num_citations": 828, "num_publications_5y": 0, "num_citations_5y": 110, "num_publications_10y": 0, "num_citations_10y": 440, "publications_years": {"2004": 3, "2005": 2, "2003": 3}, "citations_years": {"2005": 62, "2006": 107, "2007": 88, "2008": 89, "2009": 83, "2010": 72, "2011": 66, "2012": 49, "2013": 60, "2014": 34, "2015": 28, "2016": 28, "2017": 17, "2018": 3, "2019": 3, "2004": 33, "2003": 3, "2020": 3}, "old_citations": {"2004": 262, "2005": 106, "2003": 460}, "isVisible": false}}, "authors": {"716133098": {"name": "vern paxson", "type": "author", "activity": 27, "h_index": 79, "h5_index": 14, "mag_id": "716133098", "num_publications": 4, "num_citations": 665, "num_publications_5y": 0, "num_citations_5y": 100, "num_publications_10y": 0, "num_citations_10y": 297, "publications_years": {"2004": 2, "2003": 1, "2005": 1}, "citations_years": {"2004": 25, "2005": 61, "2006": 90, "2007": 94, "2008": 88, "2009": 53, "2010": 40, "2011": 46, "2012": 25, "2013": 33, "2014": 37, "2015": 24, "2016": 19, "2003": 1, "2017": 14, "2018": 6, "2019": 9}, "old_citations": {"2004": 232, "2003": 433, "2005": 0}, "isVisible": false}, "1969189354": {"name": "stuart staniford", "type": "author", "activity": 19, "h_index": 19, "h5_index": 1, "mag_id": "1969189354", "num_publications": 3, "num_citations": 606, "num_publications_5y": 0, "num_citations_5y": 97, "num_publications_10y": 0, "num_citations_10y": 277, "publications_years": {"2003": 2, "2004": 1}, "citations_years": {"2003": 1, "2004": 24, "2005": 58, "2006": 78, "2007": 82, "2008": 77, "2009": 47, "2010": 38, "2011": 42, "2012": 23, "2013": 30, "2014": 36, "2015": 24, "2016": 17, "2017": 14, "2018": 6, "2019": 9}, "old_citations": {"2003": 433, "2004": 173}, "isVisible": false}, "2157031836": {"name": "nicholas weaver", "type": "author", "activity": 21, "h_index": 30, "h5_index": 5, "mag_id": "2157031836", "num_publications": 3, "num_citations": 665, "num_publications_5y": 0, "num_citations_5y": 100, "num_publications_10y": 0, "num_citations_10y": 297, "publications_years": {"2004": 2, "2003": 1}, "citations_years": {"2004": 25, "2005": 61, "2006": 90, "2007": 94, "2008": 88, "2009": 53, "2010": 40, "2011": 46, "2012": 25, "2013": 33, "2014": 37, "2015": 24, "2016": 19, "2003": 1, "2017": 14, "2018": 6, "2019": 9}, "old_citations": {"2004": 232, "2003": 433}, "isVisible": false}, "2171030022": {"name": "stefan savage", "type": "author", "activity": 27, "h_index": 67, "h5_index": 5, "mag_id": "2171030022", "num_publications": 3, "num_citations": 55, "num_publications_5y": 0, "num_citations_5y": 7, "num_publications_10y": 0, "num_citations_10y": 29, "publications_years": {"2005": 2, "2003": 1}, "citations_years": {"2004": 1, "2005": 0, "2006": 13, "2007": 5, "2008": 7, "2009": 3, "2010": 7, "2011": 7, "2012": 5, "2013": 0, "2014": 4, "2015": 2, "2016": 1}, "old_citations": {"2005": 55, "2003": 0}, "isVisible": false}, "2125948329": {"name": "robert k cunningham", "type": "author", "activity": 28, "h_index": 17, "h5_index": 3, "mag_id": "2125948329", "num_publications": 2, "num_citations": 527, "num_publications_5y": 0, "num_citations_5y": 88, "num_publications_10y": 0, "num_citations_10y": 269, "publications_years": {"2003": 2}, "citations_years": {"2003": 1, "2004": 26, "2005": 46, "2006": 59, "2007": 56, "2008": 61, "2009": 42, "2010": 31, "2011": 41, "2012": 31, "2013": 36, "2014": 34, "2015": 23, "2016": 13, "2017": 13, "2018": 5, "2019": 9}, "old_citations": {"2003": 527}, "isVisible": false}, "2190938742": {"name": "linda briesemeister", "type": "author", "activity": 17, "h_index": 7, "h5_index": 1, "mag_id": "2190938742", "num_publications": 2, "num_citations": 126, "num_publications_5y": 0, "num_citations_5y": 36, "num_publications_10y": 0, "num_citations_10y": 69, "publications_years": {"2004": 1, "2003": 1}, "citations_years": {"2004": 7, "2005": 10, "2006": 13, "2007": 12, "2008": 12, "2009": 4, "2010": 8, "2011": 9, "2012": 5, "2013": 7, "2014": 11, "2015": 17, "2016": 6, "2017": 1, "2018": 1, "2002": 1, "2003": 1, "2019": 1}, "old_citations": {"2004": 53, "2003": 73}, "isVisible": false}, "2312129071": {"name": "chenxi wang", "type": "author", "activity": 6, "h_index": 6, "h5_index": 0, "mag_id": "2312129071", "num_publications": 2, "num_citations": 184, "num_publications_5y": 0, "num_citations_5y": 29, "num_publications_10y": 0, "num_citations_10y": 102, "publications_years": {"2004": 1, "2003": 1}, "citations_years": {"2005": 18, "2006": 21, "2007": 14, "2008": 16, "2009": 29, "2010": 15, "2011": 16, "2012": 5, "2013": 8, "2014": 7, "2015": 8, "2016": 10, "2003": 2, "2004": 10, "2017": 4, "2018": 0, "2019": 0, "2020": 1}, "old_citations": {"2004": 52, "2003": 132}, "isVisible": false}, "2389047378": {"name": "phillip porras", "type": "author", "activity": 25, "h_index": 37, "h5_index": 6, "mag_id": "2389047378", "num_publications": 2, "num_citations": 126, "num_publications_5y": 0, "num_citations_5y": 36, "num_publications_10y": 0, "num_citations_10y": 69, "publications_years": {"2004": 1, "2003": 1}, "citations_years": {"2004": 7, "2005": 10, "2006": 13, "2007": 12, "2008": 12, "2009": 4, "2010": 8, "2011": 9, "2012": 5, "2013": 7, "2014": 11, "2015": 17, "2016": 6, "2017": 1, "2018": 1, "2002": 1, "2003": 1, "2019": 1}, "old_citations": {"2004": 53, "2003": 73}, "isVisible": false}, "2481451005": {"name": "daniel r ellis", "type": "author", "activity": 4, "h_index": 3, "h5_index": 0, "mag_id": "2481451005", "num_publications": 2, "num_citations": 196, "num_publications_5y": 0, "num_citations_5y": 25, "num_publications_10y": 0, "num_citations_10y": 107, "publications_years": {"2004": 1, "2003": 1}, "citations_years": {"2005": 20, "2006": 20, "2007": 16, "2008": 30, "2009": 24, "2010": 15, "2011": 14, "2012": 11, "2013": 18, "2014": 6, "2015": 5, "2016": 5, "2017": 8, "2018": 1, "2019": 1, "2004": 2}, "old_citations": {"2004": 151, "2003": 45}, "isVisible": false}, "2557995223": {"name": "michael d smith", "type": "author", "activity": 23, "h_index": 38, "h5_index": 0, "mag_id": "2557995223", "num_publications": 2, "num_citations": 86, "num_publications_5y": 0, "num_citations_5y": 12, "num_publications_10y": 0, "num_citations_10y": 49, "publications_years": {"2003": 1, "2005": 1}, "citations_years": {"2003": 1, "2004": 5, "2005": 3, "2006": 9, "2007": 10, "2008": 9, "2009": 9, "2010": 6, "2011": 6, "2012": 7, "2013": 9, "2014": 4, "2015": 3, "2016": 4, "2017": 1}, "old_citations": {"2003": 37, "2005": 49}, "isVisible": false}, "126037460": {"name": "fabian monrose", "type": "author", "activity": 24, "h_index": 37, "h5_index": 8, "mag_id": "126037460", "num_publications": 1, "num_citations": 24, "num_publications_5y": 0, "num_citations_5y": 1, "num_publications_10y": 0, "num_citations_10y": 14, "publications_years": {"2005": 1}, "citations_years": {"2006": 4, "2007": 3, "2008": 3, "2009": 3, "2010": 5, "2011": 3, "2012": 1, "2013": 1, "2014": 0, "2015": 0, "2016": 1}, "old_citations": {"2005": 24}, "isVisible": false}, "133397247": {"name": "thomas dubendorfer", "type": "author", "activity": 5, "h_index": 4, "h5_index": 0, "mag_id": "133397247", "num_publications": 1, "num_citations": 81, "num_publications_5y": 0, "num_citations_5y": 13, "num_publications_10y": 0, "num_citations_10y": 35, "publications_years": {"2003": 1}, "citations_years": {"2004": 6, "2005": 10, "2006": 9, "2007": 9, "2008": 12, "2009": 4, "2010": 8, "2011": 3, "2012": 3, "2013": 4, "2014": 8, "2015": 4, "2016": 0, "2017": 1}, "old_citations": {"2003": 81}, "isVisible": false}, "143871111": {"name": "kostas g anagnostakis", "type": "author", "activity": 13, "h_index": 28, "h5_index": 0, "mag_id": "143871111", "num_publications": 1, "num_citations": 63, "num_publications_5y": 0, "num_citations_5y": 24, "num_publications_10y": 0, "num_citations_10y": 37, "publications_years": {"2005": 1}, "citations_years": {"2006": 7, "2007": 7, "2008": 7, "2009": 7, "2010": 0, "2011": 1, "2012": 3, "2013": 2, "2014": 8, "2015": 3, "2016": 5, "2017": 2, "2018": 6, "2019": 5}, "old_citations": {"2005": 63}, "isVisible": false}, "241629895": {"name": "geoffrey m voelker", "type": "author", "activity": 26, "h_index": 62, "h5_index": 5, "mag_id": "241629895", "num_publications": 1, "num_citations": 55, "num_publications_5y": 0, "num_citations_5y": 7, "num_publications_10y": 0, "num_citations_10y": 29, "publications_years": {"2005": 1}, "citations_years": {"2004": 1, "2005": 0, "2006": 13, "2007": 5, "2008": 7, "2009": 3, "2010": 7, "2011": 7, "2012": 5, "2013": 0, "2014": 4, "2015": 2, "2016": 1}, "old_citations": {"2005": 55}, "isVisible": false}, "299775663": {"name": "angelos d keromytis", "type": "author", "activity": 24, "h_index": 58, "h5_index": 8, "mag_id": "299775663", "num_publications": 1, "num_citations": 0, "num_publications_5y": 0, "num_citations_5y": 0, "num_publications_10y": 0, "num_citations_10y": 0, "publications_years": {"2005": 1}, "citations_years": {}, "old_citations": {"2005": 0}, "isVisible": false}, "300064627": {"name": "roger khazan", "type": "author", "activity": 24, "h_index": 10, "h5_index": 1, "mag_id": "300064627", "num_publications": 1, "num_citations": 94, "num_publications_5y": 0, "num_citations_5y": 14, "num_publications_10y": 0, "num_citations_10y": 56, "publications_years": {"2003": 1}, "citations_years": {"2004": 2, "2005": 8, "2006": 10, "2007": 10, "2008": 7, "2009": 9, "2010": 7, "2011": 9, "2012": 10, "2013": 7, "2014": 4, "2015": 6, "2016": 0, "2017": 3, "2018": 1, "2019": 1}, "old_citations": {"2003": 94}, "isVisible": false}, "336502892": {"name": "george kesidis", "type": "author", "activity": 30, "h_index": 28, "h5_index": 9, "mag_id": "336502892", "num_publications": 1, "num_citations": 59, "num_publications_5y": 0, "num_citations_5y": 3, "num_publications_10y": 0, "num_citations_10y": 20, "publications_years": {"2004": 1}, "citations_years": {"2004": 1, "2005": 3, "2006": 12, "2007": 12, "2008": 11, "2009": 6, "2010": 2, "2011": 4, "2012": 2, "2013": 3, "2014": 1, "2015": 0, "2016": 2}, "old_citations": {"2004": 59}, "isVisible": false}, "634280958": {"name": "paul c van oorschot", "type": "author", "activity": 31, "h_index": 31, "h5_index": 5, "mag_id": "634280958", "num_publications": 1, "num_citations": 67, "num_publications_5y": 0, "num_citations_5y": 5, "num_publications_10y": 0, "num_citations_10y": 38, "publications_years": {"2005": 1}, "citations_years": {"2004": 1, "2005": 0, "2006": 11, "2007": 7, "2008": 10, "2009": 7, "2010": 2, "2011": 7, "2012": 9, "2013": 8, "2014": 3, "2015": 1, "2016": 1}, "old_citations": {"2005": 67}, "isVisible": false}, "1820885472": {"name": "ihab hamadeh", "type": "author", "activity": 6, "h_index": 7, "h5_index": 0, "mag_id": "1820885472", "num_publications": 1, "num_citations": 59, "num_publications_5y": 0, "num_citations_5y": 3, "num_publications_10y": 0, "num_citations_10y": 20, "publications_years": {"2004": 1}, "citations_years": {"2004": 1, "2005": 3, "2006": 12, "2007": 12, "2008": 11, "2009": 6, "2010": 2, "2011": 4, "2012": 2, "2013": 3, "2014": 1, "2015": 0, "2016": 2}, "old_citations": {"2004": 59}, "isVisible": false}, "1973983982": {"name": "evangelos p markatos", "type": "author", "activity": 31, "h_index": 36, "h5_index": 7, "mag_id": "1973983982", "num_publications": 1, "num_citations": 63, "num_publications_5y": 0, "num_citations_5y": 24, "num_publications_10y": 0, "num_citations_10y": 37, "publications_years": {"2005": 1}, "citations_years": {"2006": 7, "2007": 7, "2008": 7, "2009": 7, "2010": 0, "2011": 1, "2012": 3, "2013": 2, "2014": 8, "2015": 3, "2016": 5, "2017": 2, "2018": 6, "2019": 5}, "old_citations": {"2005": 63}, "isVisible": false}, "1979996574": {"name": "roman hiestand", "type": "author", "activity": 4, "h_index": 2, "h5_index": 0, "mag_id": "1979996574", "num_publications": 1, "num_citations": 81, "num_publications_5y": 0, "num_citations_5y": 13, "num_publications_10y": 0, "num_citations_10y": 35, "publications_years": {"2003": 1}, "citations_years": {"2004": 6, "2005": 10, "2006": 9, "2007": 9, "2008": 12, "2009": 4, "2010": 8, "2011": 3, "2012": 3, "2013": 4, "2014": 8, "2015": 4, "2016": 0, "2017": 1}, "old_citations": {"2003": 81}, "isVisible": false}, "1988594917": {"name": "edward d lazowska", "type": "author", "activity": 31, "h_index": 28, "h5_index": 1, "mag_id": "1988594917", "num_publications": 1, "num_citations": 11, "num_publications_5y": 0, "num_citations_5y": 1, "num_publications_10y": 0, "num_citations_10y": 6, "publications_years": {"2005": 1}, "citations_years": {"2006": 2, "2007": 1, "2008": 2, "2009": 2, "2010": 2, "2011": 1, "2012": 0, "2013": 0, "2014": 0, "2015": 0, "2016": 1}, "old_citations": {"2005": 11}, "isVisible": false}, "1992645465": {"name": "milan vojnovic", "type": "author", "activity": 20, "h_index": 29, "h5_index": 4, "mag_id": "1992645465", "num_publications": 1, "num_citations": 39, "num_publications_5y": 0, "num_citations_5y": 4, "num_publications_10y": 0, "num_citations_10y": 19, "publications_years": {"2005": 1}, "citations_years": {"2006": 4, "2007": 11, "2008": 5, "2009": 4, "2010": 4, "2011": 2, "2012": 3, "2013": 2, "2014": 0, "2015": 0, "2016": 2, "2017": 0, "2018": 2}, "old_citations": {"2005": 39}, "isVisible": false}, "1993035910": {"name": "cliff c zou", "type": "author", "activity": 18, "h_index": 25, "h5_index": 5, "mag_id": "1993035910", "num_publications": 1, "num_citations": 247, "num_publications_5y": 0, "num_citations_5y": 32, "num_publications_10y": 0, "num_citations_10y": 133, "publications_years": {"2003": 1}, "citations_years": {"2003": 1, "2004": 15, "2005": 21, "2006": 33, "2007": 23, "2008": 17, "2009": 13, "2010": 28, "2011": 22, "2012": 16, "2013": 22, "2014": 10, "2015": 10, "2016": 8, "2017": 4, "2018": 0, "2019": 2, "2020": 2}, "old_citations": {"2003": 247}, "isVisible": false}, "2019942005": {"name": "patrick lincoln", "type": "author", "activity": 28, "h_index": 31, "h5_index": 2, "mag_id": "2019942005", "num_publications": 1, "num_citations": 73, "num_publications_5y": 0, "num_citations_5y": 27, "num_publications_10y": 0, "num_citations_10y": 48, "publications_years": {"2003": 1}, "citations_years": {"2002": 1, "2003": 1, "2004": 6, "2005": 4, "2006": 3, "2007": 3, "2008": 6, "2009": 3, "2010": 4, "2011": 5, "2012": 4, "2013": 5, "2014": 9, "2015": 13, "2016": 4, "2017": 1, "2018": 0, "2019": 1}, "old_citations": {"2003": 73}, "isVisible": false}, "2031220304": {"name": "david j malan", "type": "author", "activity": 17, "h_index": 11, "h5_index": 1, "mag_id": "2031220304", "num_publications": 1, "num_citations": 49, "num_publications_5y": 0, "num_citations_5y": 9, "num_publications_10y": 0, "num_citations_10y": 31, "publications_years": {"2005": 1}, "citations_years": {"2006": 6, "2007": 5, "2008": 7, "2009": 6, "2010": 5, "2011": 3, "2012": 4, "2013": 4, "2014": 3, "2015": 3, "2016": 2, "2017": 1}, "old_citations": {"2005": 49}, "isVisible": false}, "2037133037": {"name": "spiros antonatos", "type": "author", "activity": 12, "h_index": 16, "h5_index": 0, "mag_id": "2037133037", "num_publications": 1, "num_citations": 63, "num_publications_5y": 0, "num_citations_5y": 24, "num_publications_10y": 0, "num_citations_10y": 37, "publications_years": {"2005": 1}, "citations_years": {"2006": 7, "2007": 7, "2008": 7, "2009": 7, "2010": 0, "2011": 1, "2012": 3, "2013": 2, "2014": 8, "2015": 3, "2016": 5, "2017": 2, "2018": 6, "2019": 5}, "old_citations": {"2005": 63}, "isVisible": false}, "2044013107": {"name": "steven d gribble", "type": "author", "activity": 20, "h_index": 47, "h5_index": 0, "mag_id": "2044013107", "num_publications": 1, "num_citations": 11, "num_publications_5y": 0, "num_citations_5y": 1, "num_publications_10y": 0, "num_citations_10y": 6, "publications_years": {"2005": 1}, "citations_years": {"2006": 2, "2007": 1, "2008": 2, "2009": 2, "2010": 2, "2011": 1, "2012": 0, "2013": 0, "2014": 0, "2015": 0, "2016": 1}, "old_citations": {"2005": 11}, "isVisible": false}, "2058126059": {"name": "jesse c rabek", "type": "author", "activity": 8, "h_index": 3, "h5_index": 0, "mag_id": "2058126059", "num_publications": 1, "num_citations": 94, "num_publications_5y": 0, "num_citations_5y": 14, "num_publications_10y": 0, "num_citations_10y": 56, "publications_years": {"2003": 1}, "citations_years": {"2004": 2, "2005": 8, "2006": 10, "2007": 10, "2008": 7, "2009": 9, "2010": 7, "2011": 9, "2012": 10, "2013": 7, "2014": 4, "2015": 6, "2016": 0, "2017": 3, "2018": 1, "2019": 1}, "old_citations": {"2003": 94}, "isVisible": false}, "2097446259": {"name": "mohammad mannan", "type": "author", "activity": 16, "h_index": 16, "h5_index": 5, "mag_id": "2097446259", "num_publications": 1, "num_citations": 67, "num_publications_5y": 0, "num_citations_5y": 5, "num_publications_10y": 0, "num_citations_10y": 38, "publications_years": {"2005": 1}, "citations_years": {"2004": 1, "2005": 0, "2006": 11, "2007": 7, "2008": 10, "2009": 7, "2010": 2, "2011": 7, "2012": 9, "2013": 8, "2014": 3, "2015": 1, "2016": 1}, "old_citations": {"2005": 67}, "isVisible": false}, "2101903611": {"name": "cynthia wong", "type": "author", "activity": 5, "h_index": 4, "h5_index": 0, "mag_id": "2101903611", "num_publications": 1, "num_citations": 52, "num_publications_5y": 0, "num_citations_5y": 5, "num_publications_10y": 0, "num_citations_10y": 23, "publications_years": {"2004": 1}, "citations_years": {"2005": 8, "2006": 9, "2007": 8, "2008": 4, "2009": 10, "2010": 3, "2011": 4, "2012": 1, "2013": 0, "2014": 2, "2015": 2, "2016": 1}, "old_citations": {"2004": 52}, "isVisible": false}, "2103072630": {"name": "frank castaneda", "type": "author", "activity": 1, "h_index": 1, "h5_index": 0, "mag_id": "2103072630", "num_publications": 1, "num_citations": 97, "num_publications_5y": 0, "num_citations_5y": 18, "num_publications_10y": 0, "num_citations_10y": 56, "publications_years": {"2004": 1}, "citations_years": {"2005": 9, "2006": 12, "2007": 15, "2008": 5, "2009": 12, "2010": 3, "2011": 7, "2012": 8, "2013": 8, "2014": 4, "2015": 5, "2016": 6, "2017": 2, "2018": 1}, "old_citations": {"2004": 97}, "isVisible": false}, "2110449791": {"name": "karl n levitt", "type": "author", "activity": 29, "h_index": 26, "h5_index": 3, "mag_id": "2110449791", "num_publications": 1, "num_citations": 53, "num_publications_5y": 0, "num_citations_5y": 9, "num_publications_10y": 0, "num_citations_10y": 21, "publications_years": {"2004": 1}, "citations_years": {"2004": 1, "2005": 6, "2006": 10, "2007": 9, "2008": 6, "2009": 1, "2010": 4, "2011": 4, "2012": 1, "2013": 2, "2014": 2, "2015": 4, "2016": 2, "2017": 0, "2018": 1}, "old_citations": {"2004": 53}, "isVisible": false}, "2117120085": {"name": "jintao xiong", "type": "author", "activity": 1, "h_index": 1, "h5_index": 0, "mag_id": "2117120085", "num_publications": 1, "num_citations": 44, "num_publications_5y": 0, "num_citations_5y": 8, "num_publications_10y": 0, "num_citations_10y": 23, "publications_years": {"2004": 1}, "citations_years": {"2004": 1, "2005": 4, "2006": 4, "2007": 6, "2008": 6, "2009": 7, "2010": 2, "2011": 2, "2012": 3, "2013": 1, "2014": 4, "2015": 4}, "old_citations": {"2004": 44}, "isVisible": false}, "2118959496": {"name": "weibo gong", "type": "author", "activity": 30, "h_index": 34, "h5_index": 2, "mag_id": "2118959496", "num_publications": 1, "num_citations": 247, "num_publications_5y": 0, "num_citations_5y": 32, "num_publications_10y": 0, "num_citations_10y": 133, "publications_years": {"2003": 1}, "citations_years": {"2003": 1, "2004": 15, "2005": 21, "2006": 33, "2007": 23, "2008": 17, "2009": 13, "2010": 28, "2011": 22, "2012": 16, "2013": 22, "2014": 10, "2015": 10, "2016": 8, "2017": 4, "2018": 0, "2019": 2, "2020": 2}, "old_citations": {"2003": 247}, "isVisible": false}, "2120463413": {"name": "robert s gray", "type": "author", "activity": 16, "h_index": 23, "h5_index": 0, "mag_id": "2120463413", "num_publications": 1, "num_citations": 208, "num_publications_5y": 0, "num_citations_5y": 64, "num_publications_10y": 0, "num_citations_10y": 132, "publications_years": {"2003": 1}, "citations_years": {"2004": 8, "2005": 13, "2006": 18, "2007": 16, "2008": 20, "2009": 13, "2010": 6, "2011": 6, "2012": 4, "2013": 39, "2014": 21, "2015": 11, "2016": 7, "2017": 11, "2018": 14, "2019": 1}, "old_citations": {"2003": 208}, "isVisible": false}, "2122982230": {"name": "farnam jahanian", "type": "author", "activity": 24, "h_index": 43, "h5_index": 0, "mag_id": "2122982230", "num_publications": 1, "num_citations": 107, "num_publications_5y": 0, "num_citations_5y": 16, "num_publications_10y": 0, "num_citations_10y": 43, "publications_years": {"2004": 1}, "citations_years": {"2004": 2, "2005": 20, "2006": 11, "2007": 12, "2008": 16, "2009": 9, "2010": 8, "2011": 2, "2012": 5, "2013": 3, "2014": 7, "2015": 3, "2016": 4, "2017": 0, "2018": 2, "2019": 3}, "old_citations": {"2004": 107}, "isVisible": false}, "2127857902": {"name": "arno wagner", "type": "author", "activity": 18, "h_index": 7, "h5_index": 1, "mag_id": "2127857902", "num_publications": 1, "num_citations": 81, "num_publications_5y": 0, "num_citations_5y": 13, "num_publications_10y": 0, "num_citations_10y": 35, "publications_years": {"2003": 1}, "citations_years": {"2004": 6, "2005": 10, "2006": 9, "2007": 9, "2008": 12, "2009": 4, "2010": 8, "2011": 3, "2012": 3, "2013": 4, "2014": 8, "2015": 4, "2016": 0, "2017": 1}, "old_citations": {"2003": 81}, "isVisible": false}, "2132271428": {"name": "darrell kienzle", "type": "author", "activity": 21, "h_index": 9, "h5_index": 0, "mag_id": "2132271428", "num_publications": 1, "num_citations": 159, "num_publications_5y": 0, "num_citations_5y": 20, "num_publications_10y": 0, "num_citations_10y": 77, "publications_years": {"2003": 1}, "citations_years": {"2004": 9, "2005": 20, "2006": 11, "2007": 18, "2008": 22, "2009": 19, "2010": 11, "2011": 10, "2012": 7, "2013": 10, "2014": 8, "2015": 4, "2016": 7, "2017": 0, "2018": 1, "2019": 2}, "old_citations": {"2003": 159}, "isVisible": false}, "2138007316": {"name": "danny mcpherson", "type": "author", "activity": 24, "h_index": 14, "h5_index": 1, "mag_id": "2138007316", "num_publications": 1, "num_citations": 107, "num_publications_5y": 0, "num_citations_5y": 16, "num_publications_10y": 0, "num_citations_10y": 43, "publications_years": {"2004": 1}, "citations_years": {"2004": 2, "2005": 20, "2006": 11, "2007": 12, "2008": 16, "2009": 9, "2010": 8, "2011": 2, "2012": 5, "2013": 3, "2014": 7, "2015": 3, "2016": 4, "2017": 0, "2018": 2, "2019": 3}, "old_citations": {"2004": 107}, "isVisible": false}, "2140596136": {"name": "chuanyi ji", "type": "author", "activity": 27, "h_index": 24, "h5_index": 1, "mag_id": "2140596136", "num_publications": 1, "num_citations": 55, "num_publications_5y": 0, "num_citations_5y": 4, "num_publications_10y": 0, "num_citations_10y": 30, "publications_years": {"2005": 1}, "citations_years": {"2006": 3, "2007": 10, "2008": 12, "2009": 9, "2010": 7, "2011": 7, "2012": 2, "2013": 1, "2014": 2, "2015": 0, "2016": 1, "2017": 1}, "old_citations": {"2005": 55}, "isVisible": false}, "2144750247": {"name": "stan bielski", "type": "author", "activity": 4, "h_index": 3, "h5_index": 0, "mag_id": "2144750247", "num_publications": 1, "num_citations": 52, "num_publications_5y": 0, "num_citations_5y": 5, "num_publications_10y": 0, "num_citations_10y": 23, "publications_years": {"2004": 1}, "citations_years": {"2005": 8, "2006": 9, "2007": 8, "2008": 4, "2009": 10, "2010": 3, "2011": 4, "2012": 1, "2013": 0, "2014": 2, "2015": 2, "2016": 1}, "old_citations": {"2004": 52}, "isVisible": false}, "2145764876": {"name": "vincent h berk", "type": "author", "activity": 10, "h_index": 9, "h5_index": 0, "mag_id": "2145764876", "num_publications": 1, "num_citations": 208, "num_publications_5y": 0, "num_citations_5y": 64, "num_publications_10y": 0, "num_citations_10y": 132, "publications_years": {"2003": 1}, "citations_years": {"2004": 8, "2005": 13, "2006": 18, "2007": 16, "2008": 20, "2009": 13, "2010": 6, "2011": 6, "2012": 4, "2013": 39, "2014": 21, "2015": 11, "2016": 7, "2017": 11, "2018": 14, "2019": 1}, "old_citations": {"2003": 208}, "isVisible": false}, "2146216389": {"name": "emre c sezer", "type": "author", "activity": 7, "h_index": 6, "h5_index": 0, "mag_id": "2146216389", "num_publications": 1, "num_citations": 97, "num_publications_5y": 0, "num_citations_5y": 18, "num_publications_10y": 0, "num_citations_10y": 56, "publications_years": {"2004": 1}, "citations_years": {"2005": 9, "2006": 12, "2007": 15, "2008": 5, "2009": 12, "2010": 3, "2011": 7, "2012": 8, "2013": 8, "2014": 4, "2015": 5, "2016": 6, "2017": 2, "2018": 1}, "old_citations": {"2004": 97}, "isVisible": false}, "2149183651": {"name": "kurt rohloff", "type": "author", "activity": 18, "h_index": 13, "h5_index": 7, "mag_id": "2149183651", "num_publications": 1, "num_citations": 14, "num_publications_5y": 0, "num_citations_5y": 1, "num_publications_10y": 0, "num_citations_10y": 4, "publications_years": {"2005": 1}, "citations_years": {"2005": 2, "2006": 3, "2007": 1, "2008": 4, "2009": 2, "2010": 1, "2011": 0, "2012": 0, "2013": 0, "2014": 1}, "old_citations": {"2005": 14}, "isVisible": false}, "2156514130": {"name": "scott m lewandowski", "type": "author", "activity": 2, "h_index": 3, "h5_index": 0, "mag_id": "2156514130", "num_publications": 1, "num_citations": 94, "num_publications_5y": 0, "num_citations_5y": 14, "num_publications_10y": 0, "num_citations_10y": 56, "publications_years": {"2003": 1}, "citations_years": {"2004": 2, "2005": 8, "2006": 10, "2007": 10, "2008": 7, "2009": 9, "2010": 7, "2011": 9, "2012": 10, "2013": 7, "2014": 4, "2015": 6, "2016": 0, "2017": 3, "2018": 1, "2019": 1}, "old_citations": {"2003": 94}, "isVisible": false}, "2159635634": {"name": "z morley mao", "type": "author", "activity": 18, "h_index": 38, "h5_index": 11, "mag_id": "2159635634", "num_publications": 1, "num_citations": 107, "num_publications_5y": 0, "num_citations_5y": 16, "num_publications_10y": 0, "num_citations_10y": 43, "publications_years": {"2004": 1}, "citations_years": {"2004": 2, "2005": 20, "2006": 11, "2007": 12, "2008": 16, "2009": 9, "2010": 8, "2011": 2, "2012": 5, "2013": 3, "2014": 7, "2015": 3, "2016": 4, "2017": 0, "2018": 2, "2019": 3}, "old_citations": {"2004": 107}, "isVisible": false}, "2167647949": {"name": "moheeb abu rajab", "type": "author", "activity": 12, "h_index": 15, "h5_index": 1, "mag_id": "2167647949", "num_publications": 1, "num_citations": 24, "num_publications_5y": 0, "num_citations_5y": 1, "num_publications_10y": 0, "num_citations_10y": 14, "publications_years": {"2005": 1}, "citations_years": {"2006": 4, "2007": 3, "2008": 3, "2009": 3, "2010": 5, "2011": 3, "2012": 1, "2013": 1, "2014": 0, "2015": 0, "2016": 1}, "old_citations": {"2005": 24}, "isVisible": false}, "2170784007": {"name": "david m nicol", "type": "author", "activity": 31, "h_index": 39, "h5_index": 5, "mag_id": "2170784007", "num_publications": 1, "num_citations": 208, "num_publications_5y": 0, "num_citations_5y": 64, "num_publications_10y": 0, "num_citations_10y": 132, "publications_years": {"2003": 1}, "citations_years": {"2004": 8, "2005": 13, "2006": 18, "2007": 16, "2008": 20, "2009": 13, "2010": 6, "2011": 6, "2012": 4, "2013": 39, "2014": 21, "2015": 11, "2016": 7, "2017": 11, "2018": 14, "2019": 1}, "old_citations": {"2003": 208}, "isVisible": false}, "2176159190": {"name": "vijay atluri", "type": "author", "activity": 24, "h_index": 10, "h5_index": 1, "mag_id": "2176159190", "num_publications": 1, "num_citations": 0, "num_publications_5y": 0, "num_citations_5y": 0, "num_publications_10y": 0, "num_citations_10y": 0, "publications_years": {"2005": 1}, "citations_years": {}, "old_citations": {"2005": 0}, "isVisible": false}, "2177075905": {"name": "don towsley", "type": "author", "activity": 31, "h_index": 102, "h5_index": 14, "mag_id": "2177075905", "num_publications": 1, "num_citations": 247, "num_publications_5y": 0, "num_citations_5y": 32, "num_publications_10y": 0, "num_citations_10y": 133, "publications_years": {"2003": 1}, "citations_years": {"2003": 1, "2004": 15, "2005": 21, "2006": 33, "2007": 23, "2008": 17, "2009": 13, "2010": 28, "2011": 22, "2012": 16, "2013": 22, "2014": 10, "2015": 10, "2016": 8, "2017": 4, "2018": 0, "2019": 2, "2020": 2}, "old_citations": {"2003": 247}, "isVisible": false}, "2183146457": {"name": "jeff rowe", "type": "author", "activity": 18, "h_index": 13, "h5_index": 3, "mag_id": "2183146457", "num_publications": 1, "num_citations": 53, "num_publications_5y": 0, "num_citations_5y": 9, "num_publications_10y": 0, "num_citations_10y": 21, "publications_years": {"2004": 1}, "citations_years": {"2004": 1, "2005": 6, "2006": 10, "2007": 9, "2008": 6, "2009": 1, "2010": 4, "2011": 4, "2012": 1, "2013": 2, "2014": 2, "2015": 4, "2016": 2, "2017": 0, "2018": 1}, "old_citations": {"2004": 53}, "isVisible": false}, "2183949470": {"name": "justin ma", "type": "author", "activity": 7, "h_index": 9, "h5_index": 0, "mag_id": "2183949470", "num_publications": 1, "num_citations": 55, "num_publications_5y": 0, "num_citations_5y": 7, "num_publications_10y": 0, "num_citations_10y": 29, "publications_years": {"2005": 1}, "citations_years": {"2004": 1, "2005": 0, "2006": 13, "2007": 5, "2008": 7, "2009": 3, "2010": 7, "2011": 7, "2012": 5, "2013": 0, "2014": 4, "2015": 2, "2016": 1}, "old_citations": {"2005": 55}, "isVisible": false}, "2194303113": {"name": "evan cooke", "type": "author", "activity": 6, "h_index": 14, "h5_index": 0, "mag_id": "2194303113", "num_publications": 1, "num_citations": 107, "num_publications_5y": 0, "num_citations_5y": 16, "num_publications_10y": 0, "num_citations_10y": 43, "publications_years": {"2004": 1}, "citations_years": {"2004": 2, "2005": 20, "2006": 11, "2007": 12, "2008": 16, "2009": 9, "2010": 8, "2011": 2, "2012": 5, "2013": 3, "2014": 7, "2015": 3, "2016": 4, "2017": 0, "2018": 2, "2019": 3}, "old_citations": {"2004": 107}, "isVisible": false}, "2222970782": {"name": "yucheng allen ting", "type": "author", "activity": 1, "h_index": 1, "h5_index": 0, "mag_id": "2222970782", "num_publications": 1, "num_citations": 53, "num_publications_5y": 0, "num_citations_5y": 9, "num_publications_10y": 0, "num_citations_10y": 21, "publications_years": {"2004": 1}, "citations_years": {"2004": 1, "2005": 6, "2006": 10, "2007": 9, "2008": 6, "2009": 1, "2010": 4, "2011": 4, "2012": 1, "2013": 2, "2014": 2, "2015": 4, "2016": 2, "2017": 0, "2018": 1}, "old_citations": {"2004": 53}, "isVisible": false}, "2227199588": {"name": "scott d tenaglia", "type": "author", "activity": 1, "h_index": 1, "h5_index": 0, "mag_id": "2227199588", "num_publications": 1, "num_citations": 151, "num_publications_5y": 0, "num_citations_5y": 24, "num_publications_10y": 0, "num_citations_10y": 93, "publications_years": {"2004": 1}, "citations_years": {"2005": 10, "2006": 17, "2007": 12, "2008": 18, "2009": 20, "2010": 13, "2011": 12, "2012": 11, "2013": 13, "2014": 5, "2015": 5, "2016": 5, "2017": 8, "2018": 1, "2019": 1}, "old_citations": {"2004": 151}, "isVisible": false}, "2232349157": {"name": "kira s attwood", "type": "author", "activity": 1, "h_index": 1, "h5_index": 0, "mag_id": "2232349157", "num_publications": 1, "num_citations": 151, "num_publications_5y": 0, "num_citations_5y": 24, "num_publications_10y": 0, "num_citations_10y": 93, "publications_years": {"2004": 1}, "citations_years": {"2005": 10, "2006": 17, "2007": 12, "2008": 18, "2009": 20, "2010": 13, "2011": 12, "2012": 11, "2013": 13, "2014": 5, "2015": 5, "2016": 5, "2017": 8, "2018": 1, "2019": 1}, "old_citations": {"2004": 151}, "isVisible": false}, "2239624330": {"name": "bernhard plattner", "type": "author", "activity": 28, "h_index": 35, "h5_index": 2, "mag_id": "2239624330", "num_publications": 1, "num_citations": 81, "num_publications_5y": 0, "num_citations_5y": 13, "num_publications_10y": 0, "num_citations_10y": 35, "publications_years": {"2003": 1}, "citations_years": {"2004": 6, "2005": 10, "2006": 9, "2007": 9, "2008": 12, "2009": 4, "2010": 8, "2011": 3, "2012": 3, "2013": 4, "2014": 8, "2015": 4, "2016": 0, "2017": 1}, "old_citations": {"2003": 81}, "isVisible": false}, "2296334763": {"name": "keith skinner", "type": "author", "activity": 23, "h_index": 7, "h5_index": 0, "mag_id": "2296334763", "num_publications": 1, "num_citations": 53, "num_publications_5y": 0, "num_citations_5y": 9, "num_publications_10y": 0, "num_citations_10y": 21, "publications_years": {"2004": 1}, "citations_years": {"2004": 1, "2005": 6, "2006": 10, "2007": 9, "2008": 6, "2009": 1, "2010": 4, "2011": 4, "2012": 1, "2013": 2, "2014": 2, "2015": 4, "2016": 2, "2017": 0, "2018": 1}, "old_citations": {"2004": 53}, "isVisible": false}, "2298659980": {"name": "andreas terzis", "type": "author", "activity": 21, "h_index": 38, "h5_index": 2, "mag_id": "2298659980", "num_publications": 1, "num_citations": 24, "num_publications_5y": 0, "num_citations_5y": 1, "num_publications_10y": 0, "num_citations_10y": 14, "publications_years": {"2005": 1}, "citations_years": {"2006": 4, "2007": 3, "2008": 3, "2009": 3, "2010": 5, "2011": 3, "2012": 1, "2013": 1, "2014": 0, "2015": 0, "2016": 1}, "old_citations": {"2005": 24}, "isVisible": false}, "2300615266": {"name": "michael bailey", "type": "author", "activity": 19, "h_index": 29, "h5_index": 13, "mag_id": "2300615266", "num_publications": 1, "num_citations": 107, "num_publications_5y": 0, "num_citations_5y": 16, "num_publications_10y": 0, "num_citations_10y": 43, "publications_years": {"2004": 1}, "citations_years": {"2004": 2, "2005": 20, "2006": 11, "2007": 12, "2008": 16, "2009": 9, "2010": 8, "2011": 2, "2012": 5, "2013": 3, "2014": 7, "2015": 3, "2016": 4, "2017": 0, "2018": 2, "2019": 3}, "old_citations": {"2004": 107}, "isVisible": false}, "2304896318": {"name": "jonathan m mccune", "type": "author", "activity": 11, "h_index": 31, "h5_index": 0, "mag_id": "2304896318", "num_publications": 1, "num_citations": 52, "num_publications_5y": 0, "num_citations_5y": 5, "num_publications_10y": 0, "num_citations_10y": 23, "publications_years": {"2004": 1}, "citations_years": {"2005": 8, "2006": 9, "2007": 8, "2008": 4, "2009": 10, "2010": 3, "2011": 4, "2012": 1, "2013": 0, "2014": 2, "2015": 2, "2016": 1}, "old_citations": {"2004": 52}, "isVisible": false}, "2346785178": {"name": "ayalvadi ganesh", "type": "author", "activity": 25, "h_index": 23, "h5_index": 2, "mag_id": "2346785178", "num_publications": 1, "num_citations": 39, "num_publications_5y": 0, "num_citations_5y": 4, "num_publications_10y": 0, "num_citations_10y": 19, "publications_years": {"2005": 1}, "citations_years": {"2006": 4, "2007": 11, "2008": 5, "2009": 4, "2010": 4, "2011": 2, "2012": 3, "2013": 2, "2014": 0, "2015": 0, "2016": 2, "2017": 0, "2018": 2}, "old_citations": {"2005": 39}, "isVisible": false}, "2433614536": {"name": "john g aiken", "type": "author", "activity": 3, "h_index": 2, "h5_index": 0, "mag_id": "2433614536", "num_publications": 1, "num_citations": 151, "num_publications_5y": 0, "num_citations_5y": 24, "num_publications_10y": 0, "num_citations_10y": 93, "publications_years": {"2004": 1}, "citations_years": {"2005": 10, "2006": 17, "2007": 12, "2008": 18, "2009": 20, "2010": 13, "2011": 12, "2012": 11, "2013": 13, "2014": 5, "2015": 5, "2016": 5, "2017": 8, "2018": 1, "2019": 1}, "old_citations": {"2004": 151}, "isVisible": false}, "2439919800": {"name": "david w richardson", "type": "author", "activity": 7, "h_index": 4, "h5_index": 0, "mag_id": "2439919800", "num_publications": 1, "num_citations": 11, "num_publications_5y": 0, "num_citations_5y": 1, "num_publications_10y": 0, "num_citations_10y": 6, "publications_years": {"2005": 1}, "citations_years": {"2006": 2, "2007": 1, "2008": 2, "2009": 2, "2010": 2, "2011": 1, "2012": 0, "2013": 0, "2014": 0, "2015": 0, "2016": 1}, "old_citations": {"2005": 11}, "isVisible": false}, "2484912196": {"name": "david moore", "type": "author", "activity": 6, "h_index": 23, "h5_index": 0, "mag_id": "2484912196", "num_publications": 1, "num_citations": 173, "num_publications_5y": 0, "num_citations_5y": 23, "num_publications_10y": 0, "num_citations_10y": 64, "publications_years": {"2004": 1}, "citations_years": {"2005": 20, "2006": 29, "2007": 36, "2008": 23, "2009": 14, "2010": 14, "2011": 10, "2012": 2, "2013": 1, "2014": 6, "2015": 7, "2016": 4, "2017": 4, "2018": 2, "2019": 1}, "old_citations": {"2004": 173}, "isVisible": false}, "2529826611": {"name": "brian hernacki", "type": "author", "activity": 15, "h_index": 16, "h5_index": 1, "mag_id": "2529826611", "num_publications": 1, "num_citations": 11, "num_publications_5y": 0, "num_citations_5y": 5, "num_publications_10y": 0, "num_citations_10y": 9, "publications_years": {"2005": 1}, "citations_years": {"2007": 1, "2008": 1, "2009": 0, "2010": 1, "2011": 1, "2012": 1, "2013": 1, "2014": 2, "2015": 2, "2016": 1}, "old_citations": {"2005": 11}, "isVisible": false}, "2547879898": {"name": "mark cornwell", "type": "author", "activity": 1, "h_index": 1, "h5_index": 0, "mag_id": "2547879898", "num_publications": 1, "num_citations": 36, "num_publications_5y": 0, "num_citations_5y": 8, "num_publications_10y": 0, "num_citations_10y": 22, "publications_years": {"2004": 1}, "citations_years": {"2005": 3, "2006": 4, "2007": 3, "2008": 2, "2009": 2, "2010": 4, "2011": 3, "2012": 1, "2013": 4, "2014": 3, "2015": 3, "2016": 1, "2017": 0, "2018": 1, "2019": 1, "2020": 1}, "old_citations": {"2004": 36}, "isVisible": false}, "2577642908": {"name": "matthew elder", "type": "author", "activity": 17, "h_index": 9, "h5_index": 0, "mag_id": "2577642908", "num_publications": 1, "num_citations": 159, "num_publications_5y": 0, "num_citations_5y": 20, "num_publications_10y": 0, "num_citations_10y": 77, "publications_years": {"2003": 1}, "citations_years": {"2004": 9, "2005": 20, "2006": 11, "2007": 18, "2008": 22, "2009": 19, "2010": 11, "2011": 10, "2012": 7, "2013": 10, "2014": 8, "2015": 4, "2016": 7, "2017": 0, "2018": 1, "2019": 2}, "old_citations": {"2003": 159}, "isVisible": false}, "2630948034": {"name": "james e just", "type": "author", "activity": 1, "h_index": 1, "h5_index": 0, "mag_id": "2630948034", "num_publications": 1, "num_citations": 36, "num_publications_5y": 0, "num_citations_5y": 8, "num_publications_10y": 0, "num_citations_10y": 22, "publications_years": {"2004": 1}, "citations_years": {"2005": 3, "2006": 4, "2007": 3, "2008": 2, "2009": 2, "2010": 4, "2011": 3, "2012": 1, "2013": 4, "2014": 3, "2015": 3, "2016": 1, "2017": 0, "2018": 1, "2019": 1, "2020": 1}, "old_citations": {"2004": 36}, "isVisible": false}, "2643751904": {"name": "yang wang", "type": "author", "activity": 1, "h_index": 1, "h5_index": 0, "mag_id": "2643751904", "num_publications": 1, "num_citations": 132, "num_publications_5y": 0, "num_citations_5y": 24, "num_publications_10y": 0, "num_citations_10y": 79, "publications_years": {"2003": 1}, "citations_years": {"2003": 2, "2004": 10, "2005": 10, "2006": 12, "2007": 6, "2008": 12, "2009": 19, "2010": 12, "2011": 12, "2012": 4, "2013": 8, "2014": 5, "2015": 6, "2016": 9, "2017": 4, "2018": 0, "2019": 0, "2020": 1}, "old_citations": {"2003": 132}, "isVisible": false}, "2652195670": {"name": "zesheng chen", "type": "author", "activity": 17, "h_index": 14, "h5_index": 2, "mag_id": "2652195670", "num_publications": 1, "num_citations": 55, "num_publications_5y": 0, "num_citations_5y": 4, "num_publications_10y": 0, "num_citations_10y": 30, "publications_years": {"2005": 1}, "citations_years": {"2006": 3, "2007": 10, "2008": 12, "2009": 9, "2010": 7, "2011": 7, "2012": 2, "2013": 1, "2014": 2, "2015": 0, "2016": 1, "2017": 1}, "old_citations": {"2005": 55}, "isVisible": false}, "2662133529": {"name": "david w watson", "type": "author", "activity": 5, "h_index": 7, "h5_index": 0, "mag_id": "2662133529", "num_publications": 1, "num_citations": 107, "num_publications_5y": 0, "num_citations_5y": 16, "num_publications_10y": 0, "num_citations_10y": 43, "publications_years": {"2004": 1}, "citations_years": {"2004": 2, "2005": 20, "2006": 11, "2007": 12, "2008": 16, "2009": 9, "2010": 8, "2011": 2, "2012": 5, "2013": 3, "2014": 7, "2015": 3, "2016": 4, "2017": 0, "2018": 2, "2019": 3}, "old_citations": {"2004": 107}, "isVisible": false}, "2664713669": {"name": "jun xu", "type": "author", "activity": 8, "h_index": 11, "h5_index": 0, "mag_id": "2664713669", "num_publications": 1, "num_citations": 97, "num_publications_5y": 0, "num_citations_5y": 18, "num_publications_10y": 0, "num_citations_10y": 56, "publications_years": {"2004": 1}, "citations_years": {"2005": 9, "2006": 12, "2007": 15, "2008": 5, "2009": 12, "2010": 3, "2011": 7, "2012": 8, "2013": 8, "2014": 4, "2015": 5, "2016": 6, "2017": 2, "2018": 1}, "old_citations": {"2004": 97}, "isVisible": false}, "2779728267": {"name": "periklis akritidis", "type": "author", "activity": 14, "h_index": 16, "h5_index": 0, "mag_id": "2779728267", "num_publications": 1, "num_citations": 63, "num_publications_5y": 0, "num_citations_5y": 24, "num_publications_10y": 0, "num_citations_10y": 37, "publications_years": {"2005": 1}, "citations_years": {"2006": 7, "2007": 7, "2008": 7, "2009": 7, "2010": 0, "2011": 1, "2012": 3, "2013": 2, "2014": 8, "2015": 3, "2016": 5, "2017": 2, "2018": 6, "2019": 5}, "old_citations": {"2005": 63}, "isVisible": false}, "2899997753": {"name": "tamer basar", "type": "author", "activity": 30, "h_index": 55, "h5_index": 10, "mag_id": "2899997753", "num_publications": 1, "num_citations": 14, "num_publications_5y": 0, "num_citations_5y": 1, "num_publications_10y": 0, "num_citations_10y": 4, "publications_years": {"2005": 1}, "citations_years": {"2005": 2, "2006": 3, "2007": 1, "2008": 4, "2009": 2, "2010": 1, "2011": 0, "2012": 0, "2013": 0, "2014": 1}, "old_citations": {"2005": 14}, "isVisible": false}, "2950762993": {"name": "stuart schechter", "type": "author", "activity": 23, "h_index": 9, "h5_index": 1, "mag_id": "2950762993", "num_publications": 1, "num_citations": 37, "num_publications_5y": 0, "num_citations_5y": 3, "num_publications_10y": 0, "num_citations_10y": 18, "publications_years": {"2003": 1}, "citations_years": {"2003": 1, "2004": 5, "2005": 3, "2006": 3, "2007": 5, "2008": 2, "2009": 3, "2010": 1, "2011": 3, "2012": 3, "2013": 5, "2014": 1, "2015": 0, "2016": 2}, "old_citations": {"2003": 37}, "isVisible": false}, "2974122934": {"name": "michael liljenstam", "type": "author", "activity": 3, "h_index": 5, "h5_index": 0, "mag_id": "2974122934", "num_publications": 1, "num_citations": 208, "num_publications_5y": 0, "num_citations_5y": 64, "num_publications_10y": 0, "num_citations_10y": 132, "publications_years": {"2003": 1}, "citations_years": {"2004": 8, "2005": 13, "2006": 18, "2007": 16, "2008": 20, "2009": 13, "2010": 6, "2011": 6, "2012": 4, "2013": 39, "2014": 21, "2015": 11, "2016": 7, "2017": 11, "2018": 14, "2019": 1}, "old_citations": {"2003": 208}, "isVisible": false}}, "countries": {"United States": {"name": "United States", "type": "country", "h5_index": 308, "num_publications": 28, "num_citations": 2249, "num_publications_5y": 0, "num_citations_5y": 374, "num_publications_10y": 0, "num_citations_10y": 1191, "publications_years": {"2004": 7, "2005": 11, "2003": 10}, "citations_years": {"2005": 189, "2006": 252, "2007": 242, "2008": 259, "2009": 210, "2010": 162, "2011": 160, "2012": 116, "2013": 169, "2014": 126, "2015": 97, "2016": 79, "2017": 45, "2018": 27, "2019": 19, "2004": 87, "2003": 6, "2020": 3, "2002": 1}, "old_citations": {"2004": 563, "2005": 258, "2003": 1428}, "isVisible": false}, "Canada": {"name": "Canada", "type": "country", "h5_index": 128, "num_publications": 1, "num_citations": 67, "num_publications_5y": 0, "num_citations_5y": 5, "num_publications_10y": 0, "num_citations_10y": 38, "publications_years": {"2005": 1}, "citations_years": {"2004": 1, "2005": 0, "2006": 11, "2007": 7, "2008": 10, "2009": 7, "2010": 2, "2011": 7, "2012": 9, "2013": 8, "2014": 3, "2015": 1, "2016": 1}, "old_citations": {"2005": 67}, "isVisible": false}, "Singapore": {"name": "Singapore", "type": "country", "h5_index": 105, "num_publications": 1, "num_citations": 63, "num_publications_5y": 0, "num_citations_5y": 24, "num_publications_10y": 0, "num_citations_10y": 37, "publications_years": {"2005": 1}, "citations_years": {"2006": 7, "2007": 7, "2008": 7, "2009": 7, "2010": 0, "2011": 1, "2012": 3, "2013": 2, "2014": 8, "2015": 3, "2016": 5, "2017": 2, "2018": 6, "2019": 5}, "old_citations": {"2005": 63}, "isVisible": false}, "Switzerland": {"name": "Switzerland", "type": "country", "h5_index": 102, "num_publications": 1, "num_citations": 81, "num_publications_5y": 0, "num_citations_5y": 13, "num_publications_10y": 0, "num_citations_10y": 35, "publications_years": {"2003": 1}, "citations_years": {"2004": 6, "2005": 10, "2006": 9, "2007": 9, "2008": 12, "2009": 4, "2010": 8, "2011": 3, "2012": 3, "2013": 4, "2014": 8, "2015": 4, "2016": 0, "2017": 1}, "old_citations": {"2003": 81}, "isVisible": false}}, "industrial_sectors": {"computing_and_it": {"name": "computing_and_it", "type": "industrial sector", "h5_index": 221, "num_publications": 3, "num_citations": 209, "num_publications_5y": 0, "num_citations_5y": 29, "num_publications_10y": 0, "num_citations_10y": 105, "publications_years": {"2005": 2, "2003": 1}, "citations_years": {"2006": 15, "2007": 30, "2008": 28, "2009": 23, "2010": 16, "2011": 13, "2012": 11, "2013": 13, "2014": 10, "2015": 6, "2016": 10, "2017": 0, "2018": 3, "2004": 9, "2005": 20, "2019": 2}, "old_citations": {"2005": 50, "2003": 159}, "isVisible": false}, "technology": {"name": "technology", "type": "industrial sector", "h5_index": 229, "num_publications": 3, "num_citations": 209, "num_publications_5y": 0, "num_citations_5y": 29, "num_publications_10y": 0, "num_citations_10y": 105, "publications_years": {"2005": 2, "2003": 1}, "citations_years": {"2006": 15, "2007": 30, "2008": 28, "2009": 23, "2010": 16, "2011": 13, "2012": 11, "2013": 13, "2014": 10, "2015": 6, "2016": 10, "2017": 0, "2018": 3, "2004": 9, "2005": 20, "2019": 2}, "old_citations": {"2005": 50, "2003": 159}, "isVisible": false}, "electronics": {"name": "electronics", "type": "industrial sector", "h5_index": 134, "num_publications": 1, "num_citations": 39, "num_publications_5y": 0, "num_citations_5y": 4, "num_publications_10y": 0, "num_citations_10y": 19, "publications_years": {"2005": 1}, "citations_years": {"2006": 4, "2007": 11, "2008": 5, "2009": 4, "2010": 4, "2011": 2, "2012": 3, "2013": 2, "2014": 0, "2015": 0, "2016": 2, "2017": 0, "2018": 2}, "old_citations": {"2005": 39}, "isVisible": false}}}, "conference_comparison": {"computer science": {}}, "topics_dna": {"publications": {}, "citations": {"normalized": {}, "average": {}}}, "info": {"num_publications": 33, "num_citations": 2669.0, "impact_factor": {"2005": 11.0}, "publications_years": {"2005": 13, "2003": 11, "2004": 9}, "citations_years": {"2002": 1, "2003": 6, "2004": 94, "2005": 222, "2006": 312, "2007": 304, "2008": 313, "2009": 244, "2010": 190, "2011": 184, "2012": 134, "2013": 188, "2014": 154, "2015": 115, "2016": 90, "2017": 52, "2018": 36, "2019": 26, "2020": 4}, "old_citations": {"2005": 388, "2003": 1509, "2004": 772}, "h5_index": 0}, "percentile": {"computer science": {"2005": 94, "2003": 99, "2004": 98}}, "conference_ranking": {"computer science": {"2005": 224, "2003": 24, "2004": 47}}, "academia": {"num_publications": 22, "num_citations": 1866, "publications_years": {"2003": 8, "2004": 5, "2005": 9}, "old_citations": {"2003": 1232, "2004": 359, "2005": 275}, "num_publications_5y": 0, "num_citations_5y": 0, "num_publications_10y": 0, "num_citations_10y": 0}, "industry": {"num_publications": 5, "num_citations": 405, "publications_years": {"2003": 2, "2004": 1, "2005": 2}, "old_citations": {"2003": 204, "2004": 151, "2005": 50}, "num_publications_5y": 0, "num_citations_5y": 0, "num_publications_10y": 0, "num_citations_10y": 0}, "collaborative": {"num_publications": 0, "num_citations": 0, "publications_years": {}, "old_citations": {}, "num_publications_5y": 0, "num_citations_5y": 0, "num_publications_10y": 0, "num_citations_10y": 0}, "conferences": {}, "journals": {}, "organizations": {"publication_overall": ["University of California, San Diego", "Carnegie Mellon University", "Harvard University", "Massachusetts Institute of Technology", "Mitre (United States)", "SRI International", "Symantec (United States)", "Carleton University", "Columbia University", "Dartmouth College", "ETH Zurich", "Georgia Institute of Technology", "Institute for Infocomm Research", "International Computer Science Institute", "Johns Hopkins University", "Microsoft (United States)", "North Carolina State University", "Pennsylvania State University", "Rutgers, The State University of New Jersey", "University of California, Berkeley", "University of California, Davis", "University of Illinois at Urbana Champaign", "University of Massachusetts Amherst", "University of Michigan\u2013Ann Arbor", "University of Turabo", "University of Washington"], "citation_overall": ["Massachusetts Institute of Technology", "University of California, Berkeley", "University of Massachusetts Amherst", "Dartmouth College", "Mitre (United States)", "Carnegie Mellon University", "Symantec (United States)", "SRI International", "University of Michigan\u2013Ann Arbor", "North Carolina State University", "Harvard University", "ETH Zurich", "Carleton University", "Institute for Infocomm Research", "Pennsylvania State University", "Georgia Institute of Technology", "University of California, San Diego", "University of California, Davis", "University of Turabo", "Microsoft (United States)", "Johns Hopkins University", "University of Illinois at Urbana Champaign", "University of Washington", "Columbia University", "International Computer Science Institute", "Rutgers, The State University of New Jersey"], "publication_10_years": [], "citation_10_years": [], "publication_5_years": [], "citation_5_years": []}, "countries": {"publication_overall": ["United States", "Canada", "Singapore", "Switzerland"], "citation_overall": ["United States", "Switzerland", "Canada", "Singapore"], "publication_10_years": [], "citation_10_years": [], "publication_5_years": [], "citation_5_years": []}, "topics": {"publication_overall": ["computer science", "computer security", "cryptography", "cryptology", "computer networks", "network security", "security of data", "computer crime", "operating systems", "computer viruses", "computer worms", "worms", "internet worm", "computer systems", "internet", "telecommunication networks", "telecommunication systems", "telecommunication traffic", "bandwidth", "intrusion detection"], "citation_overall": ["computer networks", "computer science", "computer security", "cryptography", "cryptology", "network security", "security of data", "computer crime", "computer viruses", "operating systems", "computer worms", "worms", "internet worm", "computer systems", "worm detection", "telecommunication networks", "telecommunication systems", "telecommunication traffic", "internet", "worm propagation"], "publication_10_years": [], "citation_10_years": [], "publication_5_years": [], "citation_5_years": []}, "main_topics": ["computer science"], "authors": {"publication_overall": ["716133098", "1969189354", "2157031836", "2171030022", "2125948329", "2190938742", "2312129071", "2389047378", "2481451005", "2557995223", "126037460", "133397247", "143871111", "241629895", "299775663", "300064627", "336502892", "634280958", "1820885472", "1973983982", "1979996574", "1988594917", "1992645465", "1993035910", "2019942005", "2031220304", "2037133037", "2044013107", "2058126059", "2097446259", "2101903611", "2103072630", "2110449791", "2117120085", "2118959496", "2120463413", "2122982230", "2127857902", "2132271428", "2138007316", "2140596136", "2144750247", "2145764876", "2146216389", "2149183651", "2156514130", "2159635634", "2167647949", "2170784007", "2176159190", "2177075905", "2183146457", "2183949470", "2194303113", "2222970782", "2227199588", "2232349157", "2239624330", "2296334763", "2298659980", "2300615266", "2304896318", "2346785178", "2433614536", "2439919800", "2484912196", "2529826611", "2547879898", "2577642908", "2630948034", "2643751904", "2652195670", "2662133529", "2664713669", "2779728267", "2899997753", "2950762993", "2974122934"], "citation_overall": ["716133098", "2157031836", "1969189354", "2125948329", "1993035910", "2118959496", "2177075905", "2120463413", "2145764876", "2170784007", "2974122934", "2481451005", "2312129071", "2484912196", "2132271428", "2577642908", "2227199588", "2232349157", "2433614536", "2643751904", "2190938742", "2389047378", "2122982230", "2138007316", "2159635634", "2194303113", "2300615266", "2662133529", "2103072630", "2146216389", "2664713669", "300064627", "2058126059", "2156514130", "2557995223", "133397247", "1979996574", "2127857902", "2239624330", "2019942005", "634280958", "2097446259", "143871111", "1973983982", "2037133037", "2779728267", "336502892", "1820885472", "241629895", "2140596136", "2171030022", "2183949470", "2652195670", "2110449791", "2183146457", "2222970782", "2296334763", "2101903611", "2144750247", "2304896318", "2031220304", "2117120085", "1992645465", "2346785178", "2950762993", "2547879898", "2630948034", "126037460", "2167647949", "2298659980", "2149183651", "2899997753", "1988594917", "2044013107", "2439919800", "2529826611", "299775663", "2176159190"], "publication_10_years": [], "citation_10_years": [], "publication_5_years": [], "citation_5_years": []}, "industrial_sectors": {"publication_overall": ["computing_and_it", "technology", "electronics"], "citation_overall": ["computing_and_it", "technology", "electronics"], "publication_10_years": [], "citation_10_years": [], "publication_5_years": [], "citation_5_years": []}}