{"name": "IEEE Colloquium on Humanities, Science and Engineering", "acronym": "CHSE", "type": "conference", "uniqueEntities": {"organizations": {"Universiti Teknologi MARA": {"name": "Universiti Teknologi MARA", "type": "organization", "organization_type": "Education", "h_index": 27, "h5_index": 11, "num_publications": 16, "num_citations": 71, "num_publications_5y": 0, "num_citations_5y": 55, "num_publications_10y": 16, "num_citations_10y": 67, "publications_years": {"2011": 10, "2012": 6}, "citations_years": {"2018": 8, "2012": 3, "2013": 9, "2014": 10, "2015": 23, "2016": 5, "2017": 9, "2019": 4}, "old_citations": {"2011": 35, "2012": 36}, "isVisible": false}, "Universiti Teknologi Petronas": {"name": "Universiti Teknologi Petronas", "type": "organization", "organization_type": "Education", "h_index": 31, "h5_index": 17, "num_publications": 3, "num_citations": 1, "num_publications_5y": 0, "num_citations_5y": 1, "num_publications_10y": 3, "num_citations_10y": 1, "publications_years": {"2011": 1, "2012": 2}, "citations_years": {"2017": 1}, "old_citations": {"2011": 0, "2012": 1}, "isVisible": false}, "Islamic Azad University, Tehran": {"name": "Islamic Azad University, Tehran", "type": "organization", "organization_type": "Education", "h_index": 70, "h5_index": 42, "num_publications": 2, "num_citations": 3, "num_publications_5y": 0, "num_citations_5y": 3, "num_publications_10y": 2, "num_citations_10y": 3, "publications_years": {"2011": 2}, "citations_years": {"2014": 2, "2015": 0, "2016": 0, "2017": 0, "2018": 1}, "old_citations": {"2011": 3}, "isVisible": false}, "Academic Center for Education, Culture and Research": {"name": "Academic Center for Education, Culture and Research", "type": "organization", "organization_type": "Nonprofit", "h_index": 7, "h5_index": 5, "num_publications": 1, "num_citations": 3, "num_publications_5y": 0, "num_citations_5y": 3, "num_publications_10y": 1, "num_citations_10y": 3, "publications_years": {"2011": 1}, "citations_years": {"2014": 2, "2015": 0, "2016": 0, "2017": 0, "2018": 1}, "old_citations": {"2011": 3}, "isVisible": false}, "Curtin University": {"name": "Curtin University", "type": "organization", "organization_type": "Education", "h_index": 73, "h5_index": 21, "num_publications": 1, "num_citations": 1, "num_publications_5y": 0, "num_citations_5y": 1, "num_publications_10y": 1, "num_citations_10y": 1, "publications_years": {"2012": 1}, "citations_years": {"2017": 1}, "old_citations": {"2012": 1}, "isVisible": false}, "Islamic Azad University, Science and Research Branch": {"name": "Islamic Azad University, Science and Research Branch", "type": "organization", "organization_type": "Education", "h_index": 17, "h5_index": 4, "num_publications": 1, "num_citations": 0, "num_publications_5y": 0, "num_citations_5y": 0, "num_publications_10y": 1, "num_citations_10y": 0, "publications_years": {"2011": 1}, "citations_years": {}, "old_citations": {"2011": 0}, "isVisible": false}, "King Mongkut's Institute of Technology Ladkrabang": {"name": "King Mongkut's Institute of Technology Ladkrabang", "type": "organization", "organization_type": "Education", "h_index": 30, "h5_index": 10, "num_publications": 1, "num_citations": 0, "num_publications_5y": 0, "num_citations_5y": 0, "num_publications_10y": 1, "num_citations_10y": 0, "publications_years": {"2011": 1}, "citations_years": {}, "old_citations": {"2011": 0}, "isVisible": false}, "Liverpool John Moores University": {"name": "Liverpool John Moores University", "type": "organization", "organization_type": "Education", "h_index": 46, "h5_index": 25, "num_publications": 1, "num_citations": 4, "num_publications_5y": 0, "num_citations_5y": 3, "num_publications_10y": 1, "num_citations_10y": 4, "publications_years": {"2011": 1}, "citations_years": {"2013": 1, "2014": 2, "2015": 0, "2016": 1}, "old_citations": {"2011": 4}, "isVisible": false}, "MIMOS (Malaysia)": {"name": "MIMOS (Malaysia)", "type": "organization", "organization_type": "Company", "h_index": 18, "h5_index": 7, "num_publications": 1, "num_citations": 8, "num_publications_5y": 0, "num_citations_5y": 8, "num_publications_10y": 1, "num_citations_10y": 8, "publications_years": {"2012": 1}, "citations_years": {"2014": 1, "2015": 2, "2016": 1, "2017": 2, "2018": 2}, "old_citations": {"2012": 8}, "isVisible": false}, "National University of Malaysia": {"name": "National University of Malaysia", "type": "organization", "organization_type": "Education", "h_index": 44, "h5_index": 21, "num_publications": 1, "num_citations": 1, "num_publications_5y": 0, "num_citations_5y": 1, "num_publications_10y": 1, "num_citations_10y": 1, "publications_years": {"2012": 1}, "citations_years": {"2015": 1}, "old_citations": {"2012": 1}, "isVisible": false}, "National University of Singapore": {"name": "National University of Singapore", "type": "organization", "organization_type": "Education", "h_index": 219, "h5_index": 81, "num_publications": 1, "num_citations": 10, "num_publications_5y": 0, "num_citations_5y": 7, "num_publications_10y": 1, "num_citations_10y": 10, "publications_years": {"2011": 1}, "citations_years": {"2013": 3, "2014": 2, "2015": 1, "2016": 1, "2017": 1, "2018": 2}, "old_citations": {"2011": 10}, "isVisible": false}, "Technical University of Malaysia Malacca": {"name": "Technical University of Malaysia Malacca", "type": "organization", "organization_type": "Education", "h_index": 24, "h5_index": 17, "num_publications": 1, "num_citations": 1, "num_publications_5y": 0, "num_citations_5y": 1, "num_publications_10y": 1, "num_citations_10y": 1, "publications_years": {"2012": 1}, "citations_years": {"2015": 1}, "old_citations": {"2012": 1}, "isVisible": false}, "Universiti Malaysia Sarawak": {"name": "Universiti Malaysia Sarawak", "type": "organization", "organization_type": "Education", "h_index": 22, "h5_index": 8, "num_publications": 1, "num_citations": 5, "num_publications_5y": 0, "num_citations_5y": 5, "num_publications_10y": 1, "num_citations_10y": 5, "publications_years": {"2012": 1}, "citations_years": {"2014": 2, "2015": 0, "2016": 0, "2017": 3}, "old_citations": {"2012": 5}, "isVisible": false}, "Universiti Putra Malaysia": {"name": "Universiti Putra Malaysia", "type": "organization", "organization_type": "Education", "h_index": 42, "h5_index": 19, "num_publications": 1, "num_citations": 0, "num_publications_5y": 0, "num_citations_5y": 0, "num_publications_10y": 1, "num_citations_10y": 0, "publications_years": {"2012": 1}, "citations_years": {}, "old_citations": {"2012": 0}, "isVisible": false}, "Universiti Sains Malaysia": {"name": "Universiti Sains Malaysia", "type": "organization", "organization_type": "Education", "h_index": 49, "h5_index": 22, "num_publications": 1, "num_citations": 13, "num_publications_5y": 0, "num_citations_5y": 11, "num_publications_10y": 1, "num_citations_10y": 11, "publications_years": {"2011": 1}, "citations_years": {"2015": 3, "2016": 5, "2017": 3, "2018": 0, "2019": 2}, "old_citations": {"2011": 13}, "isVisible": false}, "University of Bradford": {"name": "University of Bradford", "type": "organization", "organization_type": "Education", "h_index": 57, "h5_index": 17, "num_publications": 1, "num_citations": 2, "num_publications_5y": 0, "num_citations_5y": 1, "num_publications_10y": 1, "num_citations_10y": 2, "publications_years": {"2011": 1}, "citations_years": {"2012": 1, "2013": 0, "2014": 0, "2015": 0, "2016": 0, "2017": 1}, "old_citations": {"2011": 2}, "isVisible": false}, "University of Selangor": {"name": "University of Selangor", "type": "organization", "organization_type": "Education", "h_index": 5, "h5_index": 1, "num_publications": 1, "num_citations": 0, "num_publications_5y": 0, "num_citations_5y": 0, "num_publications_10y": 1, "num_citations_10y": 0, "publications_years": {"2011": 1}, "citations_years": {}, "old_citations": {"2011": 0}, "isVisible": false}}, "topics": {"computer science": {"name": "computer science", "type": "topic", "h_index": 1779, "h5_index": 416, "num_publications": 32, "num_citations": 127, "num_publications_5y": 0, "num_citations_5y": 102, "num_publications_10y": 32, "num_citations_10y": 120, "publications_years": {"2011": 21, "2012": 11}, "citations_years": {"2018": 13, "2012": 4, "2013": 14, "2014": 23, "2015": 33, "2016": 14, "2017": 19, "2019": 7}, "old_citations": {"2011": 75, "2012": 52}, "isVisible": false}, "computer systems": {"name": "computer systems", "type": "topic", "h_index": 1595, "h5_index": 367, "num_publications": 26, "num_citations": 99, "num_publications_5y": 0, "num_citations_5y": 76, "num_publications_10y": 26, "num_citations_10y": 94, "publications_years": {"2011": 17, "2012": 9}, "citations_years": {"2018": 11, "2012": 4, "2013": 14, "2014": 18, "2015": 26, "2016": 8, "2017": 13, "2019": 5}, "old_citations": {"2011": 56, "2012": 43}, "isVisible": false}, "artificial intelligence": {"name": "artificial intelligence", "type": "topic", "h_index": 1421, "h5_index": 373, "num_publications": 15, "num_citations": 56, "num_publications_5y": 0, "num_citations_5y": 43, "num_publications_10y": 15, "num_citations_10y": 53, "publications_years": {"2011": 10, "2012": 5}, "citations_years": {"2012": 3, "2013": 7, "2014": 8, "2015": 14, "2016": 8, "2017": 9, "2018": 4, "2019": 3}, "old_citations": {"2011": 42, "2012": 14}, "isVisible": false}, "computer hardware": {"name": "computer hardware", "type": "topic", "h_index": 1150, "h5_index": 279, "num_publications": 14, "num_citations": 55, "num_publications_5y": 0, "num_citations_5y": 46, "num_publications_10y": 14, "num_citations_10y": 53, "publications_years": {"2011": 8, "2012": 6}, "citations_years": {"2013": 6, "2014": 11, "2015": 15, "2016": 6, "2017": 9, "2018": 5, "2019": 2, "2012": 1}, "old_citations": {"2011": 21, "2012": 34}, "isVisible": false}, "mathematics": {"name": "mathematics", "type": "topic", "h_index": 1364, "h5_index": 300, "num_publications": 14, "num_citations": 22, "num_publications_5y": 0, "num_citations_5y": 16, "num_publications_10y": 14, "num_citations_10y": 21, "publications_years": {"2011": 11, "2012": 3}, "citations_years": {"2018": 4, "2015": 5, "2012": 2, "2013": 3, "2014": 5, "2016": 0, "2017": 2, "2019": 1}, "old_citations": {"2011": 21, "2012": 1}, "isVisible": false}, "computer imaging and vision": {"name": "computer imaging and vision", "type": "topic", "h_index": 1142, "h5_index": 334, "num_publications": 13, "num_citations": 62, "num_publications_5y": 0, "num_citations_5y": 52, "num_publications_10y": 13, "num_citations_10y": 59, "publications_years": {"2011": 7, "2012": 6}, "citations_years": {"2012": 2, "2013": 5, "2014": 15, "2015": 16, "2016": 5, "2017": 11, "2018": 5, "2019": 3}, "old_citations": {"2011": 32, "2012": 30}, "isVisible": false}, "engineering": {"name": "engineering", "type": "topic", "h_index": 1177, "h5_index": 287, "num_publications": 11, "num_citations": 32, "num_publications_5y": 0, "num_citations_5y": 28, "num_publications_10y": 11, "num_citations_10y": 31, "publications_years": {"2011": 6, "2012": 5}, "citations_years": {"2018": 1, "2015": 10, "2013": 3, "2014": 8, "2016": 4, "2017": 5, "2019": 1}, "old_citations": {"2011": 8, "2012": 24}, "isVisible": false}, "telecommunication systems": {"name": "telecommunication systems", "type": "topic", "h_index": 1187, "h5_index": 277, "num_publications": 11, "num_citations": 53, "num_publications_5y": 0, "num_citations_5y": 41, "num_publications_10y": 11, "num_citations_10y": 50, "publications_years": {"2011": 7, "2012": 4}, "citations_years": {"2012": 2, "2013": 7, "2014": 6, "2015": 17, "2016": 5, "2017": 7, "2018": 6, "2019": 3}, "old_citations": {"2011": 20, "2012": 33}, "isVisible": false}, "human computer interaction": {"name": "human computer interaction", "type": "topic", "h_index": 934, "h5_index": 215, "num_publications": 10, "num_citations": 48, "num_publications_5y": 0, "num_citations_5y": 40, "num_publications_10y": 10, "num_citations_10y": 46, "publications_years": {"2011": 4, "2012": 6}, "citations_years": {"2013": 6, "2014": 8, "2015": 12, "2016": 5, "2017": 7, "2018": 8, "2019": 2}, "old_citations": {"2011": 22, "2012": 26}, "isVisible": false}, "image processing": {"name": "image processing", "type": "topic", "h_index": 1113, "h5_index": 328, "num_publications": 10, "num_citations": 57, "num_publications_5y": 0, "num_citations_5y": 48, "num_publications_10y": 10, "num_citations_10y": 54, "publications_years": {"2011": 6, "2012": 4}, "citations_years": {"2012": 2, "2013": 4, "2014": 13, "2015": 16, "2016": 4, "2017": 10, "2018": 5, "2019": 3}, "old_citations": {"2011": 28, "2012": 29}, "isVisible": false}, "communication systems": {"name": "communication systems", "type": "topic", "h_index": 1092, "h5_index": 254, "num_publications": 9, "num_citations": 41, "num_publications_5y": 0, "num_citations_5y": 30, "num_publications_10y": 9, "num_citations_10y": 40, "publications_years": {"2011": 6, "2012": 3}, "citations_years": {"2012": 2, "2013": 8, "2014": 5, "2015": 11, "2016": 4, "2017": 5, "2018": 5, "2019": 1}, "old_citations": {"2011": 22, "2012": 19}, "isVisible": false}, "computer networks": {"name": "computer networks", "type": "topic", "h_index": 1262, "h5_index": 332, "num_publications": 9, "num_citations": 31, "num_publications_5y": 0, "num_citations_5y": 23, "num_publications_10y": 9, "num_citations_10y": 30, "publications_years": {"2011": 6, "2012": 3}, "citations_years": {"2012": 2, "2013": 5, "2014": 3, "2015": 10, "2016": 3, "2017": 4, "2018": 3, "2019": 1}, "old_citations": {"2011": 12, "2012": 19}, "isVisible": false}, "education": {"name": "education", "type": "topic", "h_index": 639, "h5_index": 124, "num_publications": 9, "num_citations": 29, "num_publications_5y": 0, "num_citations_5y": 23, "num_publications_10y": 9, "num_citations_10y": 27, "publications_years": {"2011": 4, "2012": 5}, "citations_years": {"2013": 4, "2014": 5, "2015": 10, "2016": 4, "2018": 1, "2019": 2, "2017": 3}, "old_citations": {"2011": 8, "2012": 21}, "isVisible": false}, "information systems": {"name": "information systems", "type": "topic", "h_index": 679, "h5_index": 124, "num_publications": 9, "num_citations": 36, "num_publications_5y": 0, "num_citations_5y": 28, "num_publications_10y": 9, "num_citations_10y": 33, "publications_years": {"2011": 6, "2012": 3}, "citations_years": {"2018": 2, "2013": 5, "2014": 8, "2015": 11, "2016": 5, "2017": 2, "2019": 3}, "old_citations": {"2011": 16, "2012": 20}, "isVisible": false}, "user interfaces": {"name": "user interfaces", "type": "topic", "h_index": 845, "h5_index": 182, "num_publications": 9, "num_citations": 48, "num_publications_5y": 0, "num_citations_5y": 40, "num_publications_10y": 9, "num_citations_10y": 46, "publications_years": {"2011": 3, "2012": 6}, "citations_years": {"2013": 6, "2014": 8, "2015": 12, "2016": 5, "2017": 7, "2018": 8, "2019": 2}, "old_citations": {"2011": 22, "2012": 26}, "isVisible": false}, "software": {"name": "software", "type": "topic", "h_index": 902, "h5_index": 167, "num_publications": 8, "num_citations": 22, "num_publications_5y": 0, "num_citations_5y": 16, "num_publications_10y": 8, "num_citations_10y": 21, "publications_years": {"2011": 5, "2012": 3}, "citations_years": {"2013": 4, "2014": 5, "2015": 2, "2016": 1, "2017": 5, "2018": 3, "2019": 1, "2012": 1}, "old_citations": {"2011": 16, "2012": 6}, "isVisible": false}, "telecommunication networks": {"name": "telecommunication networks", "type": "topic", "h_index": 1116, "h5_index": 258, "num_publications": 8, "num_citations": 53, "num_publications_5y": 0, "num_citations_5y": 41, "num_publications_10y": 8, "num_citations_10y": 50, "publications_years": {"2011": 5, "2012": 3}, "citations_years": {"2012": 2, "2013": 7, "2014": 6, "2015": 17, "2016": 5, "2017": 7, "2018": 6, "2019": 3}, "old_citations": {"2011": 20, "2012": 33}, "isVisible": false}, "wireless telecommunication systems": {"name": "wireless telecommunication systems", "type": "topic", "h_index": 1087, "h5_index": 254, "num_publications": 8, "num_citations": 31, "num_publications_5y": 0, "num_citations_5y": 23, "num_publications_10y": 8, "num_citations_10y": 30, "publications_years": {"2011": 5, "2012": 3}, "citations_years": {"2012": 2, "2013": 5, "2014": 3, "2015": 10, "2016": 3, "2017": 4, "2018": 3, "2019": 1}, "old_citations": {"2011": 12, "2012": 19}, "isVisible": false}, "correlation analysis": {"name": "correlation analysis", "type": "topic", "h_index": 1044, "h5_index": 224, "num_publications": 7, "num_citations": 19, "num_publications_5y": 0, "num_citations_5y": 14, "num_publications_10y": 7, "num_citations_10y": 18, "publications_years": {"2011": 6, "2012": 1}, "citations_years": {"2018": 4, "2015": 5, "2019": 1, "2012": 1, "2013": 3, "2014": 4, "2016": 0, "2017": 1}, "old_citations": {"2011": 18, "2012": 1}, "isVisible": false}, "database systems": {"name": "database systems", "type": "topic", "h_index": 1167, "h5_index": 276, "num_publications": 7, "num_citations": 19, "num_publications_5y": 0, "num_citations_5y": 15, "num_publications_10y": 7, "num_citations_10y": 18, "publications_years": {"2011": 4, "2012": 3}, "citations_years": {"2013": 2, "2014": 4, "2015": 8, "2016": 1, "2017": 2, "2018": 0, "2019": 1, "2012": 1}, "old_citations": {"2011": 14, "2012": 5}, "isVisible": false}, "image coding": {"name": "image coding", "type": "topic", "h_index": 759, "h5_index": 203, "num_publications": 6, "num_citations": 39, "num_publications_5y": 0, "num_citations_5y": 34, "num_publications_10y": 6, "num_citations_10y": 37, "publications_years": {"2011": 3, "2012": 3}, "citations_years": {"2012": 1, "2013": 2, "2014": 8, "2015": 13, "2016": 2, "2017": 8, "2018": 3, "2019": 2}, "old_citations": {"2011": 18, "2012": 21}, "isVisible": false}, "linguistics": {"name": "linguistics", "type": "topic", "h_index": 867, "h5_index": 206, "num_publications": 7, "num_citations": 36, "num_publications_5y": 0, "num_citations_5y": 30, "num_publications_10y": 7, "num_citations_10y": 33, "publications_years": {"2012": 4, "2011": 3}, "citations_years": {"2015": 13, "2013": 3, "2014": 3, "2017": 6, "2016": 8, "2018": 0, "2019": 3}, "old_citations": {"2012": 22, "2011": 14}, "isVisible": false}, "image analysis": {"name": "image analysis", "type": "topic", "h_index": 988, "h5_index": 315, "num_publications": 7, "num_citations": 34, "num_publications_5y": 0, "num_citations_5y": 29, "num_publications_10y": 7, "num_citations_10y": 33, "publications_years": {"2011": 4, "2012": 3}, "citations_years": {"2012": 2, "2013": 2, "2014": 9, "2015": 9, "2016": 2, "2017": 7, "2018": 2, "2019": 1}, "old_citations": {"2011": 19, "2012": 15}, "isVisible": false}, "telecommunication traffic": {"name": "telecommunication traffic", "type": "topic", "h_index": 1036, "h5_index": 233, "num_publications": 6, "num_citations": 34, "num_publications_5y": 0, "num_citations_5y": 25, "num_publications_10y": 6, "num_citations_10y": 32, "publications_years": {"2011": 5, "2012": 1}, "citations_years": {"2012": 2, "2013": 5, "2014": 4, "2015": 9, "2016": 2, "2017": 5, "2018": 5, "2019": 2}, "old_citations": {"2011": 20, "2012": 14}, "isVisible": false}}, "authors": {"100562892": {"name": "arifah fasha rosmani", "type": "author", "activity": 9, "h_index": 3, "h5_index": 0, "mag_id": "100562892", "num_publications": 2, "num_citations": 22, "num_publications_5y": 0, "num_citations_5y": 18, "num_publications_10y": 2, "num_citations_10y": 20, "publications_years": {"2012": 1, "2011": 1}, "citations_years": {"2013": 2, "2014": 3, "2015": 7, "2016": 2, "2017": 3, "2018": 3, "2019": 2}, "old_citations": {"2012": 14, "2011": 8}, "isVisible": false}, "804098854": {"name": "zati aqmar zaharudin", "type": "author", "activity": 3, "h_index": 3, "h5_index": 0, "mag_id": "804098854", "num_publications": 2, "num_citations": 11, "num_publications_5y": 0, "num_citations_5y": 7, "num_publications_10y": 2, "num_citations_10y": 11, "publications_years": {"2012": 1, "2011": 1}, "citations_years": {"2018": 3, "2012": 1, "2013": 3, "2014": 1, "2015": 2, "2016": 0, "2017": 1}, "old_citations": {"2012": 1, "2011": 10}, "isVisible": false}, "2137638918": {"name": "noraimi azlin mohd nordin", "type": "author", "activity": 2, "h_index": 2, "h5_index": 0, "mag_id": "2137638918", "num_publications": 2, "num_citations": 11, "num_publications_5y": 0, "num_citations_5y": 7, "num_publications_10y": 2, "num_citations_10y": 11, "publications_years": {"2012": 1, "2011": 1}, "citations_years": {"2018": 3, "2012": 1, "2013": 3, "2014": 1, "2015": 2, "2016": 0, "2017": 1}, "old_citations": {"2012": 1, "2011": 10}, "isVisible": false}, "21019295": {"name": "adrian david cheok", "type": "author", "activity": 23, "h_index": 33, "h5_index": 5, "mag_id": "21019295", "num_publications": 1, "num_citations": 10, "num_publications_5y": 0, "num_citations_5y": 7, "num_publications_10y": 1, "num_citations_10y": 10, "publications_years": {"2011": 1}, "citations_years": {"2013": 3, "2014": 2, "2015": 1, "2016": 1, "2017": 1, "2018": 2}, "old_citations": {"2011": 10}, "isVisible": false}, "165887551": {"name": "ashok sivaji", "type": "author", "activity": 9, "h_index": 7, "h5_index": 2, "mag_id": "165887551", "num_publications": 1, "num_citations": 8, "num_publications_5y": 0, "num_citations_5y": 8, "num_publications_10y": 1, "num_citations_10y": 8, "publications_years": {"2012": 1}, "citations_years": {"2014": 1, "2015": 2, "2016": 1, "2017": 2, "2018": 2}, "old_citations": {"2012": 8}, "isVisible": false}, "416371739": {"name": "nassir harrag", "type": "author", "activity": 9, "h_index": 2, "h5_index": 2, "mag_id": "416371739", "num_publications": 1, "num_citations": 1, "num_publications_5y": 0, "num_citations_5y": 1, "num_publications_10y": 1, "num_citations_10y": 1, "publications_years": {"2011": 1}, "citations_years": {"2014": 1}, "old_citations": {"2011": 1}, "isVisible": false}, "1125097691": {"name": "elham saadatian", "type": "author", "activity": 5, "h_index": 8, "h5_index": 0, "mag_id": "1125097691", "num_publications": 1, "num_citations": 10, "num_publications_5y": 0, "num_citations_5y": 7, "num_publications_10y": 1, "num_citations_10y": 10, "publications_years": {"2011": 1}, "citations_years": {"2013": 3, "2014": 2, "2015": 1, "2016": 1, "2017": 1, "2018": 2}, "old_citations": {"2011": 10}, "isVisible": false}, "1236309742": {"name": "martin hanneghan", "type": "author", "activity": 24, "h_index": 14, "h5_index": 3, "mag_id": "1236309742", "num_publications": 1, "num_citations": 4, "num_publications_5y": 0, "num_citations_5y": 3, "num_publications_10y": 1, "num_citations_10y": 4, "publications_years": {"2011": 1}, "citations_years": {"2013": 1, "2014": 2, "2015": 0, "2016": 1}, "old_citations": {"2011": 4}, "isVisible": false}, "1516136121": {"name": "abdelghani harrag", "type": "author", "activity": 15, "h_index": 4, "h5_index": 2, "mag_id": "1516136121", "num_publications": 1, "num_citations": 1, "num_publications_5y": 0, "num_citations_5y": 1, "num_publications_10y": 1, "num_citations_10y": 1, "publications_years": {"2011": 1}, "citations_years": {"2014": 1}, "old_citations": {"2011": 1}, "isVisible": false}, "1827031538": {"name": "pooia lalbakhsh", "type": "author", "activity": 12, "h_index": 5, "h5_index": 2, "mag_id": "1827031538", "num_publications": 1, "num_citations": 0, "num_publications_5y": 0, "num_citations_5y": 0, "num_publications_10y": 1, "num_citations_10y": 0, "publications_years": {"2011": 1}, "citations_years": {}, "old_citations": {"2011": 0}, "isVisible": false}, "1952131647": {"name": "josefina barnachea janier", "type": "author", "activity": 7, "h_index": 2, "h5_index": 0, "mag_id": "1952131647", "num_publications": 1, "num_citations": 0, "num_publications_5y": 0, "num_citations_5y": 0, "num_publications_10y": 1, "num_citations_10y": 0, "publications_years": {"2012": 1}, "citations_years": {}, "old_citations": {"2012": 0}, "isVisible": false}, "1956022238": {"name": "ahmad khushairy makhtar", "type": "author", "activity": 8, "h_index": 3, "h5_index": 0, "mag_id": "1956022238", "num_publications": 1, "num_citations": 5, "num_publications_5y": 0, "num_citations_5y": 5, "num_publications_10y": 1, "num_citations_10y": 5, "publications_years": {"2011": 1}, "citations_years": {"2014": 3, "2015": 2}, "old_citations": {"2011": 5}, "isVisible": false}, "1970931208": {"name": "nurul hazra abdul salam", "type": "author", "activity": 3, "h_index": 1, "h5_index": 0, "mag_id": "1970931208", "num_publications": 1, "num_citations": 0, "num_publications_5y": 0, "num_citations_5y": 0, "num_publications_10y": 1, "num_citations_10y": 0, "publications_years": {"2011": 1}, "citations_years": {}, "old_citations": {"2011": 0}, "isVisible": false}, "1975212577": {"name": "i m yassin", "type": "author", "activity": 13, "h_index": 9, "h5_index": 2, "mag_id": "1975212577", "num_publications": 1, "num_citations": 0, "num_publications_5y": 0, "num_citations_5y": 0, "num_publications_10y": 1, "num_citations_10y": 0, "publications_years": {"2011": 1}, "citations_years": {}, "old_citations": {"2011": 0}, "isVisible": false}, "1976871560": {"name": "fuziyah ishak", "type": "author", "activity": 8, "h_index": 0, "h5_index": 0, "mag_id": "1976871560", "num_publications": 1, "num_citations": 0, "num_publications_5y": 0, "num_citations_5y": 0, "num_publications_10y": 1, "num_citations_10y": 0, "publications_years": {"2012": 1}, "citations_years": {}, "old_citations": {"2012": 0}, "isVisible": false}, "1982786919": {"name": "mohd nor azmi ab patar", "type": "author", "activity": 8, "h_index": 3, "h5_index": 1, "mag_id": "1982786919", "num_publications": 1, "num_citations": 5, "num_publications_5y": 0, "num_citations_5y": 5, "num_publications_10y": 1, "num_citations_10y": 5, "publications_years": {"2011": 1}, "citations_years": {"2014": 3, "2015": 2}, "old_citations": {"2011": 5}, "isVisible": false}, "2029587334": {"name": "mehdi n fesharaki", "type": "author", "activity": 7, "h_index": 6, "h5_index": 0, "mag_id": "2029587334", "num_publications": 1, "num_citations": 0, "num_publications_5y": 0, "num_citations_5y": 0, "num_publications_10y": 1, "num_citations_10y": 0, "publications_years": {"2011": 1}, "citations_years": {}, "old_citations": {"2011": 0}, "isVisible": false}, "2040952053": {"name": "tayeb mohamadi", "type": "author", "activity": 1, "h_index": 2, "h5_index": 0, "mag_id": "2040952053", "num_publications": 1, "num_citations": 1, "num_publications_5y": 0, "num_citations_5y": 1, "num_publications_10y": 1, "num_citations_10y": 1, "publications_years": {"2011": 1}, "citations_years": {"2014": 1}, "old_citations": {"2011": 1}, "isVisible": false}, "2055561699": {"name": "jamaluddin mahmud", "type": "author", "activity": 15, "h_index": 3, "h5_index": 1, "mag_id": "2055561699", "num_publications": 1, "num_citations": 5, "num_publications_5y": 0, "num_citations_5y": 5, "num_publications_10y": 1, "num_citations_10y": 5, "publications_years": {"2011": 1}, "citations_years": {"2014": 3, "2015": 2}, "old_citations": {"2011": 5}, "isVisible": false}, "2079679602": {"name": "muhamad fairus kamaruzaman", "type": "author", "activity": 7, "h_index": 4, "h5_index": 1, "mag_id": "2079679602", "num_publications": 1, "num_citations": 18, "num_publications_5y": 0, "num_citations_5y": 15, "num_publications_10y": 1, "num_citations_10y": 17, "publications_years": {"2012": 1}, "citations_years": {"2013": 2, "2014": 2, "2015": 8, "2016": 3, "2017": 2, "2018": 0, "2019": 1}, "old_citations": {"2012": 18}, "isVisible": false}, "2084547603": {"name": "riaza mohd rias", "type": "author", "activity": 8, "h_index": 5, "h5_index": 0, "mag_id": "2084547603", "num_publications": 1, "num_citations": 0, "num_publications_5y": 0, "num_citations_5y": 0, "num_publications_10y": 1, "num_citations_10y": 0, "publications_years": {"2011": 1}, "citations_years": {}, "old_citations": {"2011": 0}, "isVisible": false}, "2089500321": {"name": "noorli khamis", "type": "author", "activity": 9, "h_index": 1, "h5_index": 0, "mag_id": "2089500321", "num_publications": 1, "num_citations": 1, "num_publications_5y": 0, "num_citations_5y": 1, "num_publications_10y": 1, "num_citations_10y": 1, "publications_years": {"2012": 1}, "citations_years": {"2015": 1}, "old_citations": {"2012": 1}, "isVisible": false}, "2097924938": {"name": "imran ho abdullah", "type": "author", "activity": 8, "h_index": 1, "h5_index": 0, "mag_id": "2097924938", "num_publications": 1, "num_citations": 1, "num_publications_5y": 0, "num_citations_5y": 1, "num_publications_10y": 1, "num_citations_10y": 1, "publications_years": {"2012": 1}, "citations_years": {"2015": 1}, "old_citations": {"2012": 1}, "isVisible": false}, "2099001976": {"name": "norzilah musa", "type": "author", "activity": 9, "h_index": 2, "h5_index": 0, "mag_id": "2099001976", "num_publications": 1, "num_citations": 2, "num_publications_5y": 0, "num_citations_5y": 2, "num_publications_10y": 1, "num_citations_10y": 2, "publications_years": {"2012": 1}, "citations_years": {"2015": 2}, "old_citations": {"2012": 2}, "isVisible": false}, "2100397587": {"name": "zulkipli ghazali", "type": "author", "activity": 8, "h_index": 0, "h5_index": 0, "mag_id": "2100397587", "num_publications": 1, "num_citations": 0, "num_publications_5y": 0, "num_citations_5y": 0, "num_publications_10y": 1, "num_citations_10y": 0, "publications_years": {"2011": 1}, "citations_years": {}, "old_citations": {"2011": 0}, "isVisible": false}, "2104001116": {"name": "siti z z abidin", "type": "author", "activity": 15, "h_index": 8, "h5_index": 2, "mag_id": "2104001116", "num_publications": 1, "num_citations": 2, "num_publications_5y": 0, "num_citations_5y": 2, "num_publications_10y": 1, "num_citations_10y": 2, "publications_years": {"2012": 1}, "citations_years": {"2015": 2}, "old_citations": {"2012": 2}, "isVisible": false}, "2118958013": {"name": "maimun huja husin", "type": "author", "activity": 4, "h_index": 3, "h5_index": 0, "mag_id": "2118958013", "num_publications": 1, "num_citations": 5, "num_publications_5y": 0, "num_citations_5y": 5, "num_publications_10y": 1, "num_citations_10y": 5, "publications_years": {"2012": 1}, "citations_years": {"2014": 2, "2015": 0, "2016": 0, "2017": 3}, "old_citations": {"2012": 5}, "isVisible": false}, "2124687663": {"name": "nor amalina nordin", "type": "author", "activity": 2, "h_index": 2, "h5_index": 0, "mag_id": "2124687663", "num_publications": 1, "num_citations": 10, "num_publications_5y": 0, "num_citations_5y": 6, "num_publications_10y": 1, "num_citations_10y": 10, "publications_years": {"2011": 1}, "citations_years": {"2012": 1, "2013": 3, "2014": 1, "2015": 2, "2016": 0, "2017": 1, "2018": 2}, "old_citations": {"2011": 10}, "isVisible": false}, "2128803789": {"name": "siewphaik loke", "type": "author", "activity": 7, "h_index": 3, "h5_index": 0, "mag_id": "2128803789", "num_publications": 1, "num_citations": 1, "num_publications_5y": 0, "num_citations_5y": 1, "num_publications_10y": 1, "num_citations_10y": 1, "publications_years": {"2012": 1}, "citations_years": {"2017": 1}, "old_citations": {"2012": 1}, "isVisible": false}, "2133068580": {"name": "m f m sabri", "type": "author", "activity": 4, "h_index": 3, "h5_index": 0, "mag_id": "2133068580", "num_publications": 1, "num_citations": 5, "num_publications_5y": 0, "num_citations_5y": 5, "num_publications_10y": 1, "num_citations_10y": 5, "publications_years": {"2012": 1}, "citations_years": {"2014": 2, "2015": 0, "2016": 0, "2017": 3}, "old_citations": {"2012": 5}, "isVisible": false}, "2133203483": {"name": "nurmuslimah kamilah abdullah", "type": "author", "activity": 1, "h_index": 1, "h5_index": 0, "mag_id": "2133203483", "num_publications": 1, "num_citations": 1, "num_publications_5y": 0, "num_citations_5y": 1, "num_publications_10y": 1, "num_citations_10y": 1, "publications_years": {"2011": 1}, "citations_years": {"2018": 1}, "old_citations": {"2011": 1}, "isVisible": false}, "2137831161": {"name": "nooritawati md tahir", "type": "author", "activity": 14, "h_index": 10, "h5_index": 3, "mag_id": "2137831161", "num_publications": 1, "num_citations": 5, "num_publications_5y": 0, "num_citations_5y": 4, "num_publications_10y": 1, "num_citations_10y": 5, "publications_years": {"2011": 1}, "citations_years": {"2012": 1, "2013": 0, "2014": 0, "2015": 2, "2016": 0, "2017": 2}, "old_citations": {"2011": 5}, "isVisible": false}, "2139900755": {"name": "herniza md tahir", "type": "author", "activity": 1, "h_index": 1, "h5_index": 0, "mag_id": "2139900755", "num_publications": 1, "num_citations": 1, "num_publications_5y": 0, "num_citations_5y": 1, "num_publications_10y": 1, "num_citations_10y": 1, "publications_years": {"2012": 1}, "citations_years": {"2018": 1}, "old_citations": {"2012": 1}, "isVisible": false}, "2142983085": {"name": "mohd khairul mohd salleh", "type": "author", "activity": 10, "h_index": 5, "h5_index": 1, "mag_id": "2142983085", "num_publications": 1, "num_citations": 0, "num_publications_5y": 0, "num_citations_5y": 0, "num_publications_10y": 1, "num_citations_10y": 0, "publications_years": {"2011": 1}, "citations_years": {}, "old_citations": {"2011": 0}, "isVisible": false}, "2147875978": {"name": "m amin a majid", "type": "author", "activity": 1, "h_index": 0, "h5_index": 0, "mag_id": "2147875978", "num_publications": 1, "num_citations": 0, "num_publications_5y": 0, "num_citations_5y": 0, "num_publications_10y": 1, "num_citations_10y": 0, "publications_years": {"2011": 1}, "citations_years": {}, "old_citations": {"2011": 0}, "isVisible": false}, "2150004530": {"name": "wahidah husain", "type": "author", "activity": 14, "h_index": 7, "h5_index": 1, "mag_id": "2150004530", "num_publications": 1, "num_citations": 13, "num_publications_5y": 0, "num_citations_5y": 11, "num_publications_10y": 1, "num_citations_10y": 11, "publications_years": {"2011": 1}, "citations_years": {"2015": 3, "2016": 5, "2017": 3, "2018": 0, "2019": 2}, "old_citations": {"2011": 13}, "isVisible": false}, "2155858322": {"name": "s mohamed", "type": "author", "activity": 1, "h_index": 0, "h5_index": 0, "mag_id": "2155858322", "num_publications": 1, "num_citations": 0, "num_publications_5y": 0, "num_citations_5y": 0, "num_publications_10y": 1, "num_citations_10y": 0, "publications_years": {"2011": 1}, "citations_years": {}, "old_citations": {"2011": 0}, "isVisible": false}, "2157868983": {"name": "mohammad hafiz ismail", "type": "author", "activity": 11, "h_index": 4, "h5_index": 0, "mag_id": "2157868983", "num_publications": 1, "num_citations": 14, "num_publications_5y": 0, "num_citations_5y": 10, "num_publications_10y": 1, "num_citations_10y": 12, "publications_years": {"2012": 1}, "citations_years": {"2013": 2, "2014": 0, "2015": 5, "2016": 1, "2017": 2, "2018": 2, "2019": 2}, "old_citations": {"2012": 14}, "isVisible": false}, "2158276098": {"name": "norhidayah a kadir", "type": "author", "activity": 1, "h_index": 1, "h5_index": 0, "mag_id": "2158276098", "num_publications": 1, "num_citations": 10, "num_publications_5y": 0, "num_citations_5y": 6, "num_publications_10y": 1, "num_citations_10y": 10, "publications_years": {"2011": 1}, "citations_years": {"2012": 1, "2013": 3, "2014": 1, "2015": 2, "2016": 0, "2017": 1, "2018": 2}, "old_citations": {"2011": 10}, "isVisible": false}, "2161037385": {"name": "mohamed suleiman", "type": "author", "activity": 13, "h_index": 1, "h5_index": 0, "mag_id": "2161037385", "num_publications": 1, "num_citations": 0, "num_publications_5y": 0, "num_citations_5y": 0, "num_publications_10y": 1, "num_citations_10y": 0, "publications_years": {"2012": 1}, "citations_years": {}, "old_citations": {"2012": 0}, "isVisible": false}, "2164320003": {"name": "azyanee luqman", "type": "author", "activity": 6, "h_index": 1, "h5_index": 1, "mag_id": "2164320003", "num_publications": 1, "num_citations": 1, "num_publications_5y": 0, "num_citations_5y": 1, "num_publications_10y": 1, "num_citations_10y": 1, "publications_years": {"2011": 1}, "citations_years": {"2018": 1}, "old_citations": {"2011": 1}, "isVisible": false}, "2169940730": {"name": "wan fatimah wan ahmad", "type": "author", "activity": 12, "h_index": 10, "h5_index": 2, "mag_id": "2169940730", "num_publications": 1, "num_citations": 0, "num_publications_5y": 0, "num_citations_5y": 0, "num_publications_10y": 1, "num_citations_10y": 0, "publications_years": {"2012": 1}, "citations_years": {}, "old_citations": {"2012": 0}, "isVisible": false}, "2170583325": {"name": "siti zulaiha ahmad", "type": "author", "activity": 9, "h_index": 4, "h5_index": 1, "mag_id": "2170583325", "num_publications": 1, "num_citations": 14, "num_publications_5y": 0, "num_citations_5y": 10, "num_publications_10y": 1, "num_citations_10y": 12, "publications_years": {"2012": 1}, "citations_years": {"2013": 2, "2014": 0, "2015": 5, "2016": 1, "2017": 2, "2018": 2, "2019": 2}, "old_citations": {"2012": 14}, "isVisible": false}, "2193816673": {"name": "nasriah zakaria", "type": "author", "activity": 12, "h_index": 6, "h5_index": 1, "mag_id": "2193816673", "num_publications": 1, "num_citations": 13, "num_publications_5y": 0, "num_citations_5y": 11, "num_publications_10y": 1, "num_citations_10y": 11, "publications_years": {"2011": 1}, "citations_years": {"2015": 3, "2016": 5, "2017": 3, "2018": 0, "2019": 2}, "old_citations": {"2011": 13}, "isVisible": false}, "2202076626": {"name": "a k halim", "type": "author", "activity": 10, "h_index": 3, "h5_index": 0, "mag_id": "2202076626", "num_publications": 1, "num_citations": 0, "num_publications_5y": 0, "num_citations_5y": 0, "num_publications_10y": 1, "num_citations_10y": 0, "publications_years": {"2011": 1}, "citations_years": {}, "old_citations": {"2011": 0}, "isVisible": false}, "2222197205": {"name": "muhammad yusuf masod", "type": "author", "activity": 5, "h_index": 1, "h5_index": 0, "mag_id": "2222197205", "num_publications": 1, "num_citations": 2, "num_publications_5y": 0, "num_citations_5y": 0, "num_publications_10y": 1, "num_citations_10y": 2, "publications_years": {"2011": 1}, "citations_years": {"2012": 1, "2013": 1}, "old_citations": {"2011": 2}, "isVisible": false}, "2222267790": {"name": "marha abdol ghapar", "type": "author", "activity": 1, "h_index": 1, "h5_index": 0, "mag_id": "2222267790", "num_publications": 1, "num_citations": 1, "num_publications_5y": 0, "num_citations_5y": 1, "num_publications_10y": 1, "num_citations_10y": 1, "publications_years": {"2011": 1}, "citations_years": {"2018": 1}, "old_citations": {"2011": 1}, "isVisible": false}, "2222483558": {"name": "nurul hazwani ab ghani", "type": "author", "activity": 1, "h_index": 1, "h5_index": 0, "mag_id": "2222483558", "num_publications": 1, "num_citations": 1, "num_publications_5y": 0, "num_citations_5y": 1, "num_publications_10y": 1, "num_citations_10y": 1, "publications_years": {"2012": 1}, "citations_years": {"2018": 1}, "old_citations": {"2012": 1}, "isVisible": false}, "2222521753": {"name": "hamidin abdullah", "type": "author", "activity": 1, "h_index": 1, "h5_index": 0, "mag_id": "2222521753", "num_publications": 1, "num_citations": 2, "num_publications_5y": 0, "num_citations_5y": 0, "num_publications_10y": 1, "num_citations_10y": 2, "publications_years": {"2011": 1}, "citations_years": {"2012": 1, "2013": 1}, "old_citations": {"2011": 2}, "isVisible": false}, "2222802590": {"name": "mohamed nordin zakaria", "type": "author", "activity": 7, "h_index": 3, "h5_index": 1, "mag_id": "2222802590", "num_publications": 1, "num_citations": 1, "num_publications_5y": 0, "num_citations_5y": 1, "num_publications_10y": 1, "num_citations_10y": 1, "publications_years": {"2012": 1}, "citations_years": {"2017": 1}, "old_citations": {"2012": 1}, "isVisible": false}, "2222808345": {"name": "hawa mohd ekhsan", "type": "author", "activity": 4, "h_index": 2, "h5_index": 0, "mag_id": "2222808345", "num_publications": 1, "num_citations": 14, "num_publications_5y": 0, "num_citations_5y": 10, "num_publications_10y": 1, "num_citations_10y": 12, "publications_years": {"2012": 1}, "citations_years": {"2013": 2, "2014": 0, "2015": 5, "2016": 1, "2017": 2, "2018": 2, "2019": 2}, "old_citations": {"2012": 14}, "isVisible": false}, "2223471328": {"name": "a johari", "type": "author", "activity": 2, "h_index": 1, "h5_index": 0, "mag_id": "2223471328", "num_publications": 1, "num_citations": 0, "num_publications_5y": 0, "num_citations_5y": 0, "num_publications_10y": 1, "num_citations_10y": 0, "publications_years": {"2011": 1}, "citations_years": {}, "old_citations": {"2011": 0}, "isVisible": false}, "2223497193": {"name": "nadia abdul wahab", "type": "author", "activity": 4, "h_index": 3, "h5_index": 0, "mag_id": "2223497193", "num_publications": 1, "num_citations": 8, "num_publications_5y": 0, "num_citations_5y": 8, "num_publications_10y": 1, "num_citations_10y": 8, "publications_years": {"2011": 1}, "citations_years": {"2014": 3, "2015": 2, "2016": 1, "2017": 1, "2018": 1}, "old_citations": {"2011": 8}, "isVisible": false}, "2224107488": {"name": "ngipkhean chuan", "type": "author", "activity": 1, "h_index": 1, "h5_index": 0, "mag_id": "2224107488", "num_publications": 1, "num_citations": 8, "num_publications_5y": 0, "num_citations_5y": 8, "num_publications_10y": 1, "num_citations_10y": 8, "publications_years": {"2012": 1}, "citations_years": {"2014": 1, "2015": 2, "2016": 1, "2017": 2, "2018": 2}, "old_citations": {"2012": 8}, "isVisible": false}, "2225064230": {"name": "ahmad syazwan nasaruddin", "type": "author", "activity": 1, "h_index": 1, "h5_index": 0, "mag_id": "2225064230", "num_publications": 1, "num_citations": 5, "num_publications_5y": 0, "num_citations_5y": 4, "num_publications_10y": 1, "num_citations_10y": 5, "publications_years": {"2011": 1}, "citations_years": {"2012": 1, "2013": 0, "2014": 0, "2015": 2, "2016": 0, "2017": 2}, "old_citations": {"2011": 5}, "isVisible": false}, "2225719683": {"name": "r nordiana", "type": "author", "activity": 1, "h_index": 1, "h5_index": 0, "mag_id": "2225719683", "num_publications": 1, "num_citations": 5, "num_publications_5y": 0, "num_citations_5y": 5, "num_publications_10y": 1, "num_citations_10y": 5, "publications_years": {"2012": 1}, "citations_years": {"2014": 2, "2015": 0, "2016": 0, "2017": 3}, "old_citations": {"2012": 5}, "isVisible": false}, "2226214827": {"name": "i h zainol", "type": "author", "activity": 1, "h_index": 1, "h5_index": 0, "mag_id": "2226214827", "num_publications": 1, "num_citations": 18, "num_publications_5y": 0, "num_citations_5y": 15, "num_publications_10y": 1, "num_citations_10y": 17, "publications_years": {"2012": 1}, "citations_years": {"2013": 2, "2014": 2, "2015": 8, "2016": 3, "2017": 2, "2018": 0, "2019": 1}, "old_citations": {"2012": 18}, "isVisible": false}, "2226348417": {"name": "lee chew wen", "type": "author", "activity": 1, "h_index": 1, "h5_index": 0, "mag_id": "2226348417", "num_publications": 1, "num_citations": 7, "num_publications_5y": 0, "num_citations_5y": 5, "num_publications_10y": 1, "num_citations_10y": 6, "publications_years": {"2011": 1}, "citations_years": {"2013": 1, "2014": 3, "2015": 1, "2016": 1, "2017": 0, "2018": 0, "2019": 1}, "old_citations": {"2011": 7}, "isVisible": false}, "2227234281": {"name": "mohd shamsul daud", "type": "author", "activity": 1, "h_index": 1, "h5_index": 0, "mag_id": "2227234281", "num_publications": 1, "num_citations": 2, "num_publications_5y": 0, "num_citations_5y": 2, "num_publications_10y": 1, "num_citations_10y": 2, "publications_years": {"2011": 1}, "citations_years": {"2014": 1, "2015": 1}, "old_citations": {"2011": 2}, "isVisible": false}, "2227389456": {"name": "hazza alhazza", "type": "author", "activity": 1, "h_index": 1, "h5_index": 0, "mag_id": "2227389456", "num_publications": 1, "num_citations": 2, "num_publications_5y": 0, "num_citations_5y": 1, "num_publications_10y": 1, "num_citations_10y": 2, "publications_years": {"2011": 1}, "citations_years": {"2012": 1, "2013": 0, "2014": 0, "2015": 0, "2016": 0, "2017": 1}, "old_citations": {"2011": 2}, "isVisible": false}, "2228086623": {"name": "c w rabiatul adawiyah c w kamal", "type": "author", "activity": 1, "h_index": 1, "h5_index": 0, "mag_id": "2228086623", "num_publications": 1, "num_citations": 1, "num_publications_5y": 0, "num_citations_5y": 1, "num_publications_10y": 1, "num_citations_10y": 1, "publications_years": {"2012": 1}, "citations_years": {"2018": 1}, "old_citations": {"2012": 1}, "isVisible": false}, "2228369711": {"name": "wan khadijah yusof", "type": "author", "activity": 2, "h_index": 1, "h5_index": 0, "mag_id": "2228369711", "num_publications": 1, "num_citations": 0, "num_publications_5y": 0, "num_citations_5y": 0, "num_publications_10y": 1, "num_citations_10y": 0, "publications_years": {"2011": 1}, "citations_years": {}, "old_citations": {"2011": 0}, "isVisible": false}, "2229326654": {"name": "stephen tang", "type": "author", "activity": 15, "h_index": 9, "h5_index": 4, "mag_id": "2229326654", "num_publications": 1, "num_citations": 4, "num_publications_5y": 0, "num_citations_5y": 3, "num_publications_10y": 1, "num_citations_10y": 4, "publications_years": {"2011": 1}, "citations_years": {"2013": 1, "2014": 2, "2015": 0, "2016": 1}, "old_citations": {"2011": 4}, "isVisible": false}, "2229833123": {"name": "mohamad amin osman", "type": "author", "activity": 1, "h_index": 1, "h5_index": 0, "mag_id": "2229833123", "num_publications": 1, "num_citations": 1, "num_publications_5y": 0, "num_citations_5y": 1, "num_publications_10y": 1, "num_citations_10y": 1, "publications_years": {"2012": 1}, "citations_years": {"2017": 1}, "old_citations": {"2012": 1}, "isVisible": false}, "2230482307": {"name": "mojtaba hashemi", "type": "author", "activity": 1, "h_index": 1, "h5_index": 0, "mag_id": "2230482307", "num_publications": 1, "num_citations": 3, "num_publications_5y": 0, "num_citations_5y": 3, "num_publications_10y": 1, "num_citations_10y": 3, "publications_years": {"2011": 1}, "citations_years": {"2014": 2, "2015": 0, "2016": 0, "2017": 0, "2018": 1}, "old_citations": {"2011": 3}, "isVisible": false}, "2230722655": {"name": "sooi li cheng", "type": "author", "activity": 1, "h_index": 1, "h5_index": 0, "mag_id": "2230722655", "num_publications": 1, "num_citations": 13, "num_publications_5y": 0, "num_citations_5y": 11, "num_publications_10y": 1, "num_citations_10y": 11, "publications_years": {"2011": 1}, "citations_years": {"2015": 3, "2016": 5, "2017": 3, "2018": 0, "2019": 2}, "old_citations": {"2011": 13}, "isVisible": false}, "2231305819": {"name": "nik noor amalina amirah nik ludin", "type": "author", "activity": 1, "h_index": 1, "h5_index": 0, "mag_id": "2231305819", "num_publications": 1, "num_citations": 14, "num_publications_5y": 0, "num_citations_5y": 10, "num_publications_10y": 1, "num_citations_10y": 12, "publications_years": {"2012": 1}, "citations_years": {"2013": 2, "2014": 0, "2015": 5, "2016": 1, "2017": 2, "2018": 2, "2019": 2}, "old_citations": {"2012": 14}, "isVisible": false}, "2231498622": {"name": "shah rizam mohd shah baki", "type": "author", "activity": 6, "h_index": 5, "h5_index": 0, "mag_id": "2231498622", "num_publications": 1, "num_citations": 5, "num_publications_5y": 0, "num_citations_5y": 4, "num_publications_10y": 1, "num_citations_10y": 5, "publications_years": {"2011": 1}, "citations_years": {"2012": 1, "2013": 0, "2014": 0, "2015": 2, "2016": 0, "2017": 2}, "old_citations": {"2011": 5}, "isVisible": false}, "2231938769": {"name": "nii hideaki", "type": "author", "activity": 1, "h_index": 1, "h5_index": 0, "mag_id": "2231938769", "num_publications": 1, "num_citations": 10, "num_publications_5y": 0, "num_citations_5y": 7, "num_publications_10y": 1, "num_citations_10y": 10, "publications_years": {"2011": 1}, "citations_years": {"2013": 3, "2014": 2, "2015": 1, "2016": 1, "2017": 1, "2018": 2}, "old_citations": {"2011": 10}, "isVisible": false}, "2232192095": {"name": "s y leong", "type": "author", "activity": 1, "h_index": 1, "h5_index": 0, "mag_id": "2232192095", "num_publications": 1, "num_citations": 5, "num_publications_5y": 0, "num_citations_5y": 5, "num_publications_10y": 1, "num_citations_10y": 5, "publications_years": {"2012": 1}, "citations_years": {"2014": 2, "2015": 0, "2016": 0, "2017": 3}, "old_citations": {"2012": 5}, "isVisible": false}, "2259347265": {"name": "mohd hanif mohd ramli", "type": "author", "activity": 6, "h_index": 3, "h5_index": 0, "mag_id": "2259347265", "num_publications": 1, "num_citations": 5, "num_publications_5y": 0, "num_citations_5y": 5, "num_publications_10y": 1, "num_citations_10y": 5, "publications_years": {"2011": 1}, "citations_years": {"2014": 3, "2015": 2}, "old_citations": {"2011": 5}, "isVisible": false}, "2265109297": {"name": "lee jing wei", "type": "author", "activity": 1, "h_index": 1, "h5_index": 0, "mag_id": "2265109297", "num_publications": 1, "num_citations": 13, "num_publications_5y": 0, "num_citations_5y": 11, "num_publications_10y": 1, "num_citations_10y": 11, "publications_years": {"2011": 1}, "citations_years": {"2015": 3, "2016": 5, "2017": 3, "2018": 0, "2019": 2}, "old_citations": {"2011": 13}, "isVisible": false}, "2302653920": {"name": "alan g downe", "type": "author", "activity": 1, "h_index": 1, "h5_index": 0, "mag_id": "2302653920", "num_publications": 1, "num_citations": 1, "num_publications_5y": 0, "num_citations_5y": 1, "num_publications_10y": 1, "num_citations_10y": 1, "publications_years": {"2012": 1}, "citations_years": {"2017": 1}, "old_citations": {"2012": 1}, "isVisible": false}, "2344136570": {"name": "owen noel newton fernando", "type": "author", "activity": 17, "h_index": 9, "h5_index": 0, "mag_id": "2344136570", "num_publications": 1, "num_citations": 10, "num_publications_5y": 0, "num_citations_5y": 7, "num_publications_10y": 1, "num_citations_10y": 10, "publications_years": {"2011": 1}, "citations_years": {"2013": 3, "2014": 2, "2015": 1, "2016": 1, "2017": 1, "2018": 2}, "old_citations": {"2011": 10}, "isVisible": false}, "2347663666": {"name": "roslani embi", "type": "author", "activity": 9, "h_index": 2, "h5_index": 0, "mag_id": "2347663666", "num_publications": 1, "num_citations": 2, "num_publications_5y": 0, "num_citations_5y": 1, "num_publications_10y": 1, "num_citations_10y": 1, "publications_years": {"2011": 1}, "citations_years": {"2018": 1, "2019": 1}, "old_citations": {"2011": 2}, "isVisible": false}, "2396960515": {"name": "noorzan mohd noor", "type": "author", "activity": 1, "h_index": 1, "h5_index": 0, "mag_id": "2396960515", "num_publications": 1, "num_citations": 2, "num_publications_5y": 0, "num_citations_5y": 1, "num_publications_10y": 1, "num_citations_10y": 2, "publications_years": {"2012": 1}, "citations_years": {"2013": 1, "2014": 0, "2015": 1}, "old_citations": {"2012": 2}, "isVisible": false}, "2420485867": {"name": "rahul ramakrishna", "type": "author", "activity": 1, "h_index": 0, "h5_index": 0, "mag_id": "2420485867", "num_publications": 1, "num_citations": 0, "num_publications_5y": 0, "num_citations_5y": 0, "num_publications_10y": 1, "num_citations_10y": 0, "publications_years": {"2011": 1}, "citations_years": {}, "old_citations": {"2011": 0}, "isVisible": false}, "2427220493": {"name": "ajith perakum madurapperuma", "type": "author", "activity": 1, "h_index": 1, "h5_index": 0, "mag_id": "2427220493", "num_publications": 1, "num_citations": 10, "num_publications_5y": 0, "num_citations_5y": 7, "num_publications_10y": 1, "num_citations_10y": 10, "publications_years": {"2011": 1}, "citations_years": {"2013": 3, "2014": 2, "2015": 1, "2016": 1, "2017": 1, "2018": 2}, "old_citations": {"2011": 10}, "isVisible": false}, "2430964648": {"name": "mohd norhisham mustafa", "type": "author", "activity": 1, "h_index": 0, "h5_index": 0, "mag_id": "2430964648", "num_publications": 1, "num_citations": 0, "num_publications_5y": 0, "num_citations_5y": 0, "num_publications_10y": 1, "num_citations_10y": 0, "publications_years": {"2011": 1}, "citations_years": {}, "old_citations": {"2011": 0}, "isVisible": false}, "2460211018": {"name": "roshidi hassan", "type": "author", "activity": 2, "h_index": 2, "h5_index": 0, "mag_id": "2460211018", "num_publications": 1, "num_citations": 2, "num_publications_5y": 0, "num_citations_5y": 1, "num_publications_10y": 1, "num_citations_10y": 1, "publications_years": {"2011": 1}, "citations_years": {"2018": 1, "2019": 1}, "old_citations": {"2011": 2}, "isVisible": false}, "2472381298": {"name": "nasiroh omar", "type": "author", "activity": 14, "h_index": 7, "h5_index": 1, "mag_id": "2472381298", "num_publications": 1, "num_citations": 2, "num_publications_5y": 0, "num_citations_5y": 2, "num_publications_10y": 1, "num_citations_10y": 2, "publications_years": {"2012": 1}, "citations_years": {"2015": 2}, "old_citations": {"2012": 2}, "isVisible": false}, "2500686405": {"name": "shruti priya iyer", "type": "author", "activity": 1, "h_index": 1, "h5_index": 0, "mag_id": "2500686405", "num_publications": 1, "num_citations": 10, "num_publications_5y": 0, "num_citations_5y": 7, "num_publications_10y": 1, "num_citations_10y": 10, "publications_years": {"2011": 1}, "citations_years": {"2013": 3, "2014": 2, "2015": 1, "2016": 1, "2017": 1, "2018": 2}, "old_citations": {"2011": 10}, "isVisible": false}, "2503752243": {"name": "chen lihui", "type": "author", "activity": 1, "h_index": 1, "h5_index": 0, "mag_id": "2503752243", "num_publications": 1, "num_citations": 10, "num_publications_5y": 0, "num_citations_5y": 7, "num_publications_10y": 1, "num_citations_10y": 10, "publications_years": {"2011": 1}, "citations_years": {"2013": 3, "2014": 2, "2015": 1, "2016": 1, "2017": 1, "2018": 2}, "old_citations": {"2011": 10}, "isVisible": false}, "2517786461": {"name": "montree kumngern", "type": "author", "activity": 16, "h_index": 9, "h5_index": 3, "mag_id": "2517786461", "num_publications": 1, "num_citations": 0, "num_publications_5y": 0, "num_citations_5y": 0, "num_publications_10y": 1, "num_citations_10y": 0, "publications_years": {"2011": 1}, "citations_years": {}, "old_citations": {"2011": 0}, "isVisible": false}, "2543900210": {"name": "zubair amin", "type": "author", "activity": 1, "h_index": 1, "h5_index": 0, "mag_id": "2543900210", "num_publications": 1, "num_citations": 10, "num_publications_5y": 0, "num_citations_5y": 7, "num_publications_10y": 1, "num_citations_10y": 10, "publications_years": {"2011": 1}, "citations_years": {"2013": 3, "2014": 2, "2015": 1, "2016": 1, "2017": 1, "2018": 2}, "old_citations": {"2011": 10}, "isVisible": false}, "2568924947": {"name": "mohamad mali", "type": "author", "activity": 1, "h_index": 1, "h5_index": 0, "mag_id": "2568924947", "num_publications": 1, "num_citations": 5, "num_publications_5y": 0, "num_citations_5y": 5, "num_publications_10y": 1, "num_citations_10y": 5, "publications_years": {"2011": 1}, "citations_years": {"2014": 3, "2015": 2}, "old_citations": {"2011": 5}, "isVisible": false}, "2617504742": {"name": "mohd aris abdullah", "type": "author", "activity": 1, "h_index": 1, "h5_index": 0, "mag_id": "2617504742", "num_publications": 1, "num_citations": 2, "num_publications_5y": 0, "num_citations_5y": 0, "num_publications_10y": 1, "num_citations_10y": 2, "publications_years": {"2011": 1}, "citations_years": {"2012": 1, "2013": 1}, "old_citations": {"2011": 2}, "isVisible": false}, "2629844904": {"name": "shazila abdullah", "type": "author", "activity": 1, "h_index": 1, "h5_index": 0, "mag_id": "2629844904", "num_publications": 1, "num_citations": 2, "num_publications_5y": 0, "num_citations_5y": 1, "num_publications_10y": 1, "num_citations_10y": 2, "publications_years": {"2012": 1}, "citations_years": {"2013": 1, "2014": 0, "2015": 1}, "old_citations": {"2012": 2}, "isVisible": false}, "2638555097": {"name": "gopalakrishnakone ponnampalam", "type": "author", "activity": 1, "h_index": 2, "h5_index": 0, "mag_id": "2638555097", "num_publications": 1, "num_citations": 10, "num_publications_5y": 0, "num_citations_5y": 7, "num_publications_10y": 1, "num_citations_10y": 10, "publications_years": {"2011": 1}, "citations_years": {"2013": 3, "2014": 2, "2015": 1, "2016": 1, "2017": 1, "2018": 2}, "old_citations": {"2011": 10}, "isVisible": false}, "2643940987": {"name": "mohd khanapi abd ghani", "type": "author", "activity": 1, "h_index": 1, "h5_index": 0, "mag_id": "2643940987", "num_publications": 1, "num_citations": 7, "num_publications_5y": 0, "num_citations_5y": 5, "num_publications_10y": 1, "num_citations_10y": 6, "publications_years": {"2011": 1}, "citations_years": {"2013": 1, "2014": 3, "2015": 1, "2016": 1, "2017": 0, "2018": 0, "2019": 1}, "old_citations": {"2011": 7}, "isVisible": false}, "2646856013": {"name": "maimunah mohd shah", "type": "author", "activity": 2, "h_index": 2, "h5_index": 0, "mag_id": "2646856013", "num_publications": 1, "num_citations": 2, "num_publications_5y": 0, "num_citations_5y": 1, "num_publications_10y": 1, "num_citations_10y": 1, "publications_years": {"2011": 1}, "citations_years": {"2018": 1, "2019": 1}, "old_citations": {"2011": 2}, "isVisible": false}, "2647726134": {"name": "rose arienah mohd hamdan", "type": "author", "activity": 1, "h_index": 0, "h5_index": 0, "mag_id": "2647726134", "num_publications": 1, "num_citations": 0, "num_publications_5y": 0, "num_citations_5y": 0, "num_publications_10y": 1, "num_citations_10y": 0, "publications_years": {"2012": 1}, "citations_years": {}, "old_citations": {"2012": 0}, "isVisible": false}, "2673521972": {"name": "nur hasmiera abdul halim", "type": "author", "activity": 1, "h_index": 1, "h5_index": 0, "mag_id": "2673521972", "num_publications": 1, "num_citations": 1, "num_publications_5y": 0, "num_citations_5y": 1, "num_publications_10y": 1, "num_citations_10y": 1, "publications_years": {"2012": 1}, "citations_years": {"2018": 1}, "old_citations": {"2012": 1}, "isVisible": false}, "2681899851": {"name": "jasmin ilyani ahmad", "type": "author", "activity": 8, "h_index": 1, "h5_index": 1, "mag_id": "2681899851", "num_publications": 1, "num_citations": 2, "num_publications_5y": 0, "num_citations_5y": 2, "num_publications_10y": 1, "num_citations_10y": 2, "publications_years": {"2011": 1}, "citations_years": {"2014": 1, "2015": 1}, "old_citations": {"2011": 2}, "isVisible": false}, "2702662412": {"name": "m v bhaskara rao", "type": "author", "activity": 1, "h_index": 0, "h5_index": 0, "mag_id": "2702662412", "num_publications": 1, "num_citations": 0, "num_publications_5y": 0, "num_citations_5y": 0, "num_publications_10y": 1, "num_citations_10y": 0, "publications_years": {"2011": 1}, "citations_years": {}, "old_citations": {"2011": 0}, "isVisible": false}, "2965357885": {"name": "hasliza abu hassan", "type": "author", "activity": 8, "h_index": 4, "h5_index": 0, "mag_id": "2965357885", "num_publications": 1, "num_citations": 0, "num_publications_5y": 0, "num_citations_5y": 0, "num_publications_10y": 1, "num_citations_10y": 0, "publications_years": {"2011": 1}, "citations_years": {}, "old_citations": {"2011": 0}, "isVisible": false}, "2974030426": {"name": "hojjat baghban", "type": "author", "activity": 1, "h_index": 1, "h5_index": 0, "mag_id": "2974030426", "num_publications": 1, "num_citations": 3, "num_publications_5y": 0, "num_citations_5y": 3, "num_publications_10y": 1, "num_citations_10y": 3, "publications_years": {"2011": 1}, "citations_years": {"2014": 2, "2015": 0, "2016": 0, "2017": 0, "2018": 1}, "old_citations": {"2011": 3}, "isVisible": false}}, "countries": {"Malaysia": {"name": "Malaysia", "type": "country", "h5_index": 62, "num_publications": 22, "num_citations": 98, "num_publications_5y": 0, "num_citations_5y": 80, "num_publications_10y": 22, "num_citations_10y": 92, "publications_years": {"2011": 12, "2012": 10}, "citations_years": {"2018": 10, "2012": 3, "2013": 9, "2015": 29, "2014": 13, "2016": 11, "2017": 17, "2019": 6}, "old_citations": {"2011": 48, "2012": 50}, "isVisible": false}, "Iran": {"name": "Iran", "type": "country", "h5_index": 63, "num_publications": 2, "num_citations": 3, "num_publications_5y": 0, "num_citations_5y": 3, "num_publications_10y": 2, "num_citations_10y": 3, "publications_years": {"2011": 2}, "citations_years": {"2014": 2, "2015": 0, "2016": 0, "2017": 0, "2018": 1}, "old_citations": {"2011": 3}, "isVisible": false}, "United Kingdom": {"name": "United Kingdom", "type": "country", "h5_index": 172, "num_publications": 2, "num_citations": 6, "num_publications_5y": 0, "num_citations_5y": 4, "num_publications_10y": 2, "num_citations_10y": 6, "publications_years": {"2011": 2}, "citations_years": {"2013": 1, "2014": 2, "2015": 0, "2016": 1, "2012": 1, "2017": 1}, "old_citations": {"2011": 6}, "isVisible": false}, "Australia": {"name": "Australia", "type": "country", "h5_index": 141, "num_publications": 1, "num_citations": 1, "num_publications_5y": 0, "num_citations_5y": 1, "num_publications_10y": 1, "num_citations_10y": 1, "publications_years": {"2012": 1}, "citations_years": {"2017": 1}, "old_citations": {"2012": 1}, "isVisible": false}, "Singapore": {"name": "Singapore", "type": "country", "h5_index": 105, "num_publications": 1, "num_citations": 10, "num_publications_5y": 0, "num_citations_5y": 7, "num_publications_10y": 1, "num_citations_10y": 10, "publications_years": {"2011": 1}, "citations_years": {"2013": 3, "2014": 2, "2015": 1, "2016": 1, "2017": 1, "2018": 2}, "old_citations": {"2011": 10}, "isVisible": false}, "Thailand": {"name": "Thailand", "type": "country", "h5_index": 24, "num_publications": 1, "num_citations": 0, "num_publications_5y": 0, "num_citations_5y": 0, "num_publications_10y": 1, "num_citations_10y": 0, "publications_years": {"2011": 1}, "citations_years": {}, "old_citations": {"2011": 0}, "isVisible": false}}}, "conference_comparison": {"computer science": {}}, "topics_dna": {"publications": {}, "citations": {"normalized": {}, "average": {}}}, "info": {"num_publications": 32, "num_citations": 127.0, "impact_factor": {}, "publications_years": {"2011": 21, "2012": 11}, "citations_years": {"2012": 4, "2013": 14, "2014": 23, "2015": 33, "2016": 14, "2017": 19, "2018": 13, "2019": 7}, "old_citations": {"2011": 75, "2012": 52}, "h5_index": 0}, "percentile": {"computer science": {"2011": 65, "2012": 74}}, "conference_ranking": {"computer science": {"2011": 1473, "2012": 1104}}, "academia": {"num_publications": 23, "num_citations": 95, "publications_years": {"2011": 15, "2012": 8}, "old_citations": {"2011": 54, "2012": 41}, "num_publications_5y": 0, "num_citations_5y": 0, "num_publications_10y": 23, "num_citations_10y": 95}, "industry": {"num_publications": 1, "num_citations": 8, "publications_years": {"2012": 1}, "old_citations": {"2012": 8}, "num_publications_5y": 0, "num_citations_5y": 0, "num_publications_10y": 1, "num_citations_10y": 8}, "collaborative": {"num_publications": 0, "num_citations": 0, "publications_years": {}, "old_citations": {}, "num_publications_5y": 0, "num_citations_5y": 0, "num_publications_10y": 0, "num_citations_10y": 0}, "conferences": {}, "journals": {}, "organizations": {"publication_overall": ["Universiti Teknologi MARA", "Universiti Teknologi Petronas", "Islamic Azad University, Tehran", "Academic Center for Education, Culture and Research", "Curtin University", "Islamic Azad University, Science and Research Branch", "King Mongkut's Institute of Technology Ladkrabang", "Liverpool John Moores University", "MIMOS (Malaysia)", "National University of Malaysia", "National University of Singapore", "Technical University of Malaysia Malacca", "Universiti Malaysia Sarawak", "Universiti Putra Malaysia", "Universiti Sains Malaysia", "University of Bradford", "University of Selangor"], "citation_overall": ["Universiti Teknologi MARA", "Universiti Sains Malaysia", "National University of Singapore", "MIMOS (Malaysia)", "Universiti Malaysia Sarawak", "Liverpool John Moores University", "Academic Center for Education, Culture and Research", "Islamic Azad University, Tehran", "University of Bradford", "Curtin University", "National University of Malaysia", "Technical University of Malaysia Malacca", "Universiti Teknologi Petronas", "Islamic Azad University, Science and Research Branch", "King Mongkut's Institute of Technology Ladkrabang", "Universiti Putra Malaysia", "University of Selangor"], "publication_10_years": ["Universiti Teknologi MARA", "Universiti Teknologi Petronas", "Islamic Azad University, Tehran", "Academic Center for Education, Culture and Research", "Curtin University", "Islamic Azad University, Science and Research Branch", "King Mongkut's Institute of Technology Ladkrabang", "Liverpool John Moores University", "MIMOS (Malaysia)", "National University of Malaysia", "National University of Singapore", "Technical University of Malaysia Malacca", "Universiti Malaysia Sarawak", "Universiti Putra Malaysia", "Universiti Sains Malaysia", "University of Bradford", "University of Selangor"], "citation_10_years": ["Universiti Teknologi MARA", "Universiti Sains Malaysia", "National University of Singapore", "MIMOS (Malaysia)", "Universiti Malaysia Sarawak", "Liverpool John Moores University", "Academic Center for Education, Culture and Research", "Islamic Azad University, Tehran", "University of Bradford", "Curtin University", "National University of Malaysia", "Technical University of Malaysia Malacca", "Universiti Teknologi Petronas", "Islamic Azad University, Science and Research Branch", "King Mongkut's Institute of Technology Ladkrabang", "Universiti Putra Malaysia", "University of Selangor"], "publication_5_years": [], "citation_5_years": []}, "countries": {"publication_overall": ["Malaysia", "Iran", "United Kingdom", "Australia", "Singapore", "Thailand"], "citation_overall": ["Malaysia", "Singapore", "United Kingdom", "Iran", "Australia", "Thailand"], "publication_10_years": ["Malaysia", "Iran", "United Kingdom", "Australia", "Singapore", "Thailand"], "citation_10_years": ["Malaysia", "Singapore", "United Kingdom", "Iran", "Australia", "Thailand"], "publication_5_years": [], "citation_5_years": []}, "topics": {"publication_overall": ["computer science", "computer systems", "artificial intelligence", "computer hardware", "mathematics", "computer imaging and vision", "engineering", "telecommunication systems", "human computer interaction", "image processing", "communication systems", "computer networks", "education", "information systems", "user interfaces", "software", "telecommunication networks", "wireless telecommunication systems", "correlation analysis", "database systems"], "citation_overall": ["computer science", "computer systems", "computer imaging and vision", "image processing", "artificial intelligence", "computer hardware", "telecommunication networks", "telecommunication systems", "human computer interaction", "user interfaces", "communication systems", "image coding", "information systems", "linguistics", "image analysis", "telecommunication traffic", "engineering", "computer networks", "wireless telecommunication systems", "education"], "publication_10_years": ["computer science", "computer systems", "artificial intelligence", "computer hardware", "mathematics", "computer imaging and vision", "engineering", "telecommunication systems", "human computer interaction", "image processing", "communication systems", "computer networks", "education", "information systems", "user interfaces", "software", "telecommunication networks", "wireless telecommunication systems", "correlation analysis", "database systems"], "citation_10_years": ["computer science", "computer systems", "computer imaging and vision", "image processing", "artificial intelligence", "computer hardware", "telecommunication networks", "telecommunication systems", "human computer interaction", "user interfaces", "communication systems", "image coding", "information systems", "linguistics", "image analysis", "telecommunication traffic", "engineering", "computer networks", "wireless telecommunication systems", "education"], "publication_5_years": [], "citation_5_years": []}, "main_topics": ["computer science"], "authors": {"publication_overall": ["100562892", "804098854", "2137638918", "21019295", "165887551", "416371739", "1125097691", "1236309742", "1516136121", "1827031538", "1952131647", "1956022238", "1970931208", "1975212577", "1976871560", "1982786919", "2029587334", "2040952053", "2055561699", "2079679602", "2084547603", "2089500321", "2097924938", "2099001976", "2100397587", "2104001116", "2118958013", "2124687663", "2128803789", "2133068580", "2133203483", "2137831161", "2139900755", "2142983085", "2147875978", "2150004530", "2155858322", "2157868983", "2158276098", "2161037385", "2164320003", "2169940730", "2170583325", "2193816673", "2202076626", "2222197205", "2222267790", "2222483558", "2222521753", "2222802590", "2222808345", "2223471328", "2223497193", "2224107488", "2225064230", "2225719683", "2226214827", "2226348417", "2227234281", "2227389456", "2228086623", "2228369711", "2229326654", "2229833123", "2230482307", "2230722655", "2231305819", "2231498622", "2231938769", "2232192095", "2259347265", "2265109297", "2302653920", "2344136570", "2347663666", "2396960515", "2420485867", "2427220493", "2430964648", "2460211018", "2472381298", "2500686405", "2503752243", "2517786461", "2543900210", "2568924947", "2617504742", "2629844904", "2638555097", "2643940987", "2646856013", "2647726134", "2673521972", "2681899851", "2702662412", "2965357885", "2974030426"], "citation_overall": ["100562892", "2079679602", "2226214827", "2157868983", "2170583325", "2222808345", "2231305819", "2150004530", "2193816673", "2230722655", "2265109297", "804098854", "2137638918", "21019295", "1125097691", "2124687663", "2158276098", "2231938769", "2344136570", "2427220493", "2500686405", "2503752243", "2543900210", "2638555097", "165887551", "2223497193", "2224107488", "2226348417", "2643940987", "1956022238", "1982786919", "2055561699", "2118958013", "2133068580", "2137831161", "2225064230", "2225719683", "2231498622", "2232192095", "2259347265", "2568924947", "1236309742", "2229326654", "2230482307", "2974030426", "2099001976", "2104001116", "2222197205", "2222521753", "2227234281", "2227389456", "2347663666", "2396960515", "2460211018", "2472381298", "2617504742", "2629844904", "2646856013", "2681899851", "416371739", "1516136121", "2040952053", "2089500321", "2097924938", "2128803789", "2133203483", "2139900755", "2164320003", "2222267790", "2222483558", "2222802590", "2228086623", "2229833123", "2302653920", "2673521972", "1827031538", "1952131647", "1970931208", "1975212577", "1976871560", "2029587334", "2084547603", "2100397587", "2142983085", "2147875978", "2155858322", "2161037385", "2169940730", "2202076626", "2223471328", "2228369711", "2420485867", "2430964648", "2517786461", "2647726134", "2702662412", "2965357885"], "publication_10_years": ["100562892", "804098854", "2137638918", "21019295", "165887551", "416371739", "1125097691", "1236309742", "1516136121", "1827031538", "1952131647", "1956022238", "1970931208", "1975212577", "1976871560", "1982786919", "2029587334", "2040952053", "2055561699", "2079679602", "2084547603", "2089500321", "2097924938", "2099001976", "2100397587", "2104001116", "2118958013", "2124687663", "2128803789", "2133068580", "2133203483", "2137831161", "2139900755", "2142983085", "2147875978", "2150004530", "2155858322", "2157868983", "2158276098", "2161037385", "2164320003", "2169940730", "2170583325", "2193816673", "2202076626", "2222197205", "2222267790", "2222483558", "2222521753", "2222802590", "2222808345", "2223471328", "2223497193", "2224107488", "2225064230", "2225719683", "2226214827", "2226348417", "2227234281", "2227389456", "2228086623", "2228369711", "2229326654", "2229833123", "2230482307", "2230722655", "2231305819", "2231498622", "2231938769", "2232192095", "2259347265", "2265109297", "2302653920", "2344136570", "2347663666", "2396960515", "2420485867", "2427220493", "2430964648", "2460211018", "2472381298", "2500686405", "2503752243", "2517786461", "2543900210", "2568924947", "2617504742", "2629844904", "2638555097", "2643940987", "2646856013", "2647726134", "2673521972", "2681899851", "2702662412", "2965357885", "2974030426"], "citation_10_years": ["100562892", "2079679602", "2226214827", "2157868983", "2170583325", "2222808345", "2231305819", "2150004530", "2193816673", "2230722655", "2265109297", "804098854", "2137638918", "21019295", "1125097691", "2124687663", "2158276098", "2231938769", "2344136570", "2427220493", "2500686405", "2503752243", "2543900210", "2638555097", "165887551", "2223497193", "2224107488", "2226348417", "2643940987", "1956022238", "1982786919", "2055561699", "2118958013", "2133068580", "2137831161", "2225064230", "2225719683", "2231498622", "2232192095", "2259347265", "2568924947", "1236309742", "2229326654", "2230482307", "2974030426", "2099001976", "2104001116", "2222197205", "2222521753", "2227234281", "2227389456", "2347663666", "2396960515", "2460211018", "2472381298", "2617504742", "2629844904", "2646856013", "2681899851", "416371739", "1516136121", "2040952053", "2089500321", "2097924938", "2128803789", "2133203483", "2139900755", "2164320003", "2222267790", "2222483558", "2222802590", "2228086623", "2229833123", "2302653920", "2673521972", "1827031538", "1952131647", "1970931208", "1975212577", "1976871560", "2029587334", "2084547603", "2100397587", "2142983085", "2147875978", "2155858322", "2161037385", "2169940730", "2202076626", "2223471328", "2228369711", "2420485867", "2430964648", "2517786461", "2647726134", "2702662412", "2965357885"], "publication_5_years": [], "citation_5_years": []}, "industrial_sectors": {"publication_overall": [], "citation_overall": [], "publication_10_years": [], "citation_10_years": [], "publication_5_years": [], "citation_5_years": []}}