{"name": "International Conference on Product Innovation Management", "acronym": "ICPIM", "type": "conference", "uniqueEntities": {"organizations": {"Wuhan University of Technology": {"name": "Wuhan University of Technology", "type": "organization", "organization_type": "Education", "h_index": 48, "h5_index": 21, "num_publications": 17, "num_citations": 6, "num_publications_5y": 0, "num_citations_5y": 4, "num_publications_10y": 17, "num_citations_10y": 6, "publications_years": {"2011": 17}, "citations_years": {"2017": 2, "2012": 1, "2013": 1, "2014": 0, "2015": 1, "2018": 1}, "old_citations": {"2011": 6}, "isVisible": false}, "Chinese Academy of Sciences": {"name": "Chinese Academy of Sciences", "type": "organization", "organization_type": "Government", "h_index": 188, "h5_index": 102, "num_publications": 1, "num_citations": 1, "num_publications_5y": 0, "num_citations_5y": 1, "num_publications_10y": 1, "num_citations_10y": 1, "publications_years": {"2011": 1}, "citations_years": {"2014": 1}, "old_citations": {"2011": 1}, "isVisible": false}, "Dalian University of Technology": {"name": "Dalian University of Technology", "type": "organization", "organization_type": "Education", "h_index": 95, "h5_index": 63, "num_publications": 1, "num_citations": 0, "num_publications_5y": 0, "num_citations_5y": 0, "num_publications_10y": 1, "num_citations_10y": 0, "publications_years": {"2011": 1}, "citations_years": {}, "old_citations": {"2011": 0}, "isVisible": false}, "Harbin Institute of Technology": {"name": "Harbin Institute of Technology", "type": "organization", "organization_type": "Education", "h_index": 112, "h5_index": 64, "num_publications": 1, "num_citations": 0, "num_publications_5y": 0, "num_citations_5y": 0, "num_publications_10y": 1, "num_citations_10y": 0, "publications_years": {"2011": 1}, "citations_years": {}, "old_citations": {"2011": 0}, "isVisible": false}, "Hebei University of Technology": {"name": "Hebei University of Technology", "type": "organization", "organization_type": "Education", "h_index": 24, "h5_index": 14, "num_publications": 1, "num_citations": 0, "num_publications_5y": 0, "num_citations_5y": 0, "num_publications_10y": 1, "num_citations_10y": 0, "publications_years": {"2011": 1}, "citations_years": {}, "old_citations": {"2011": 0}, "isVisible": false}, "Hohai University": {"name": "Hohai University", "type": "organization", "organization_type": "Education", "h_index": 45, "h5_index": 31, "num_publications": 1, "num_citations": 3, "num_publications_5y": 0, "num_citations_5y": 1, "num_publications_10y": 1, "num_citations_10y": 2, "publications_years": {"2011": 1}, "citations_years": {"2013": 1, "2014": 1, "2015": 0, "2016": 0, "2017": 0, "2018": 0, "2019": 1}, "old_citations": {"2011": 3}, "isVisible": false}, "Hubei Institute of Fine Arts": {"name": "Hubei Institute of Fine Arts", "type": "organization", "organization_type": "Education", "h_index": 1, "h5_index": 1, "num_publications": 1, "num_citations": 0, "num_publications_5y": 0, "num_citations_5y": 0, "num_publications_10y": 1, "num_citations_10y": 0, "publications_years": {"2011": 1}, "citations_years": {}, "old_citations": {"2011": 0}, "isVisible": false}, "Hubei University": {"name": "Hubei University", "type": "organization", "organization_type": "Education", "h_index": 30, "h5_index": 20, "num_publications": 1, "num_citations": 0, "num_publications_5y": 0, "num_citations_5y": 0, "num_publications_10y": 1, "num_citations_10y": 0, "publications_years": {"2011": 1}, "citations_years": {}, "old_citations": {"2011": 0}, "isVisible": false}, "Hunan University of Commerce": {"name": "Hunan University of Commerce", "type": "organization", "organization_type": "Education", "h_index": 14, "h5_index": 10, "num_publications": 1, "num_citations": 1, "num_publications_5y": 0, "num_citations_5y": 1, "num_publications_10y": 1, "num_citations_10y": 1, "publications_years": {"2011": 1}, "citations_years": {"2017": 1}, "old_citations": {"2011": 1}, "isVisible": false}, "Inner Mongolia University of Technology": {"name": "Inner Mongolia University of Technology", "type": "organization", "organization_type": "Education", "h_index": 9, "h5_index": 8, "num_publications": 1, "num_citations": 0, "num_publications_5y": 0, "num_citations_5y": 0, "num_publications_10y": 1, "num_citations_10y": 0, "publications_years": {"2011": 1}, "citations_years": {}, "old_citations": {"2011": 0}, "isVisible": false}, "Jianghan University": {"name": "Jianghan University", "type": "organization", "organization_type": "Education", "h_index": 12, "h5_index": 5, "num_publications": 1, "num_citations": 0, "num_publications_5y": 0, "num_citations_5y": 0, "num_publications_10y": 1, "num_citations_10y": 0, "publications_years": {"2011": 1}, "citations_years": {}, "old_citations": {"2011": 0}, "isVisible": false}, "Naval University of Engineering": {"name": "Naval University of Engineering", "type": "organization", "organization_type": "Education", "h_index": 14, "h5_index": 8, "num_publications": 1, "num_citations": 0, "num_publications_5y": 0, "num_citations_5y": 0, "num_publications_10y": 1, "num_citations_10y": 0, "publications_years": {"2011": 1}, "citations_years": {}, "old_citations": {"2011": 0}, "isVisible": false}, "Sanjiang University": {"name": "Sanjiang University", "type": "organization", "organization_type": "Education", "h_index": 2, "h5_index": 1, "num_publications": 1, "num_citations": 3, "num_publications_5y": 0, "num_citations_5y": 1, "num_publications_10y": 1, "num_citations_10y": 2, "publications_years": {"2011": 1}, "citations_years": {"2013": 1, "2014": 1, "2015": 0, "2016": 0, "2017": 0, "2018": 0, "2019": 1}, "old_citations": {"2011": 3}, "isVisible": false}, "Tianjin University": {"name": "Tianjin University", "type": "organization", "organization_type": "Education", "h_index": 74, "h5_index": 50, "num_publications": 1, "num_citations": 0, "num_publications_5y": 0, "num_citations_5y": 0, "num_publications_10y": 1, "num_citations_10y": 0, "publications_years": {"2011": 1}, "citations_years": {}, "old_citations": {"2011": 0}, "isVisible": false}, "Tianjin University of Commerce": {"name": "Tianjin University of Commerce", "type": "organization", "organization_type": "Education", "h_index": 10, "h5_index": 5, "num_publications": 1, "num_citations": 0, "num_publications_5y": 0, "num_citations_5y": 0, "num_publications_10y": 1, "num_citations_10y": 0, "publications_years": {"2011": 1}, "citations_years": {}, "old_citations": {"2011": 0}, "isVisible": false}, "Wuhan Polytechnic University": {"name": "Wuhan Polytechnic University", "type": "organization", "organization_type": "Education", "h_index": 12, "h5_index": 8, "num_publications": 1, "num_citations": 0, "num_publications_5y": 0, "num_citations_5y": 0, "num_publications_10y": 1, "num_citations_10y": 0, "publications_years": {"2011": 1}, "citations_years": {}, "old_citations": {"2011": 0}, "isVisible": false}, "Wuhan University of Science and Technology": {"name": "Wuhan University of Science and Technology", "type": "organization", "organization_type": "Education", "h_index": 27, "h5_index": 19, "num_publications": 1, "num_citations": 0, "num_publications_5y": 0, "num_citations_5y": 0, "num_publications_10y": 1, "num_citations_10y": 0, "publications_years": {"2011": 1}, "citations_years": {}, "old_citations": {"2011": 0}, "isVisible": false}, "Xiamen University": {"name": "Xiamen University", "type": "organization", "organization_type": "Education", "h_index": 65, "h5_index": 44, "num_publications": 1, "num_citations": 2, "num_publications_5y": 0, "num_citations_5y": 1, "num_publications_10y": 1, "num_citations_10y": 2, "publications_years": {"2011": 1}, "citations_years": {"2013": 1, "2014": 0, "2015": 1}, "old_citations": {"2011": 2}, "isVisible": false}, "Zhongyuan University of Technology": {"name": "Zhongyuan University of Technology", "type": "organization", "organization_type": "Education", "h_index": 18, "h5_index": 11, "num_publications": 1, "num_citations": 0, "num_publications_5y": 0, "num_citations_5y": 0, "num_publications_10y": 1, "num_citations_10y": 0, "publications_years": {"2011": 1}, "citations_years": {}, "old_citations": {"2011": 0}, "isVisible": false}}, "topics": {"computer science": {"name": "computer science", "type": "topic", "h_index": 1779, "h5_index": 416, "num_publications": 33, "num_citations": 12, "num_publications_5y": 0, "num_citations_5y": 7, "num_publications_10y": 33, "num_citations_10y": 11, "publications_years": {"2011": 32, "2010": 1}, "citations_years": {"2013": 3, "2014": 2, "2015": 2, "2016": 0, "2017": 2, "2018": 1, "2019": 1, "2012": 1}, "old_citations": {"2011": 12, "2010": 0}, "isVisible": false}, "computer systems": {"name": "computer systems", "type": "topic", "h_index": 1595, "h5_index": 367, "num_publications": 25, "num_citations": 9, "num_publications_5y": 0, "num_citations_5y": 6, "num_publications_10y": 25, "num_citations_10y": 9, "publications_years": {"2011": 24, "2010": 1}, "citations_years": {"2017": 2, "2014": 1, "2012": 1, "2013": 2, "2015": 2, "2018": 1}, "old_citations": {"2011": 9, "2010": 0}, "isVisible": false}, "artificial intelligence": {"name": "artificial intelligence", "type": "topic", "h_index": 1421, "h5_index": 373, "num_publications": 18, "num_citations": 6, "num_publications_5y": 0, "num_citations_5y": 3, "num_publications_10y": 18, "num_citations_10y": 5, "publications_years": {"2011": 18}, "citations_years": {"2013": 2, "2014": 2, "2015": 0, "2016": 0, "2017": 0, "2018": 1, "2019": 1}, "old_citations": {"2011": 6}, "isVisible": false}, "hierarchical system": {"name": "hierarchical system", "type": "topic", "h_index": 451, "h5_index": 97, "num_publications": 11, "num_citations": 2, "num_publications_5y": 0, "num_citations_5y": 2, "num_publications_10y": 11, "num_citations_10y": 2, "publications_years": {"2011": 11}, "citations_years": {"2017": 1, "2014": 1}, "old_citations": {"2011": 2}, "isVisible": false}, "computer networks": {"name": "computer networks", "type": "topic", "h_index": 1262, "h5_index": 332, "num_publications": 9, "num_citations": 2, "num_publications_5y": 0, "num_citations_5y": 2, "num_publications_10y": 9, "num_citations_10y": 2, "publications_years": {"2011": 8, "2010": 1}, "citations_years": {"2014": 1, "2017": 1}, "old_citations": {"2011": 2, "2010": 0}, "isVisible": false}, "software engineering": {"name": "software engineering", "type": "topic", "h_index": 964, "h5_index": 236, "num_publications": 9, "num_citations": 2, "num_publications_5y": 0, "num_citations_5y": 1, "num_publications_10y": 9, "num_citations_10y": 2, "publications_years": {"2010": 1, "2011": 8}, "citations_years": {"2014": 1, "2013": 1}, "old_citations": {"2010": 0, "2011": 2}, "isVisible": false}, "mathematics": {"name": "mathematics", "type": "topic", "h_index": 1364, "h5_index": 300, "num_publications": 8, "num_citations": 1, "num_publications_5y": 0, "num_citations_5y": 1, "num_publications_10y": 8, "num_citations_10y": 1, "publications_years": {"2011": 8}, "citations_years": {"2017": 1}, "old_citations": {"2011": 1}, "isVisible": false}, "telecommunication systems": {"name": "telecommunication systems", "type": "topic", "h_index": 1187, "h5_index": 277, "num_publications": 8, "num_citations": 4, "num_publications_5y": 0, "num_citations_5y": 3, "num_publications_10y": 8, "num_citations_10y": 4, "publications_years": {"2011": 8}, "citations_years": {"2014": 1, "2017": 1, "2013": 1, "2015": 1}, "old_citations": {"2011": 4}, "isVisible": false}, "computer aided design": {"name": "computer aided design", "type": "topic", "h_index": 485, "h5_index": 107, "num_publications": 7, "num_citations": 1, "num_publications_5y": 0, "num_citations_5y": 0, "num_publications_10y": 7, "num_citations_10y": 1, "publications_years": {"2011": 6, "2010": 1}, "citations_years": {"2013": 1}, "old_citations": {"2011": 1, "2010": 0}, "isVisible": false}, "evaluation index": {"name": "evaluation index", "type": "topic", "h_index": 80, "h5_index": 22, "num_publications": 7, "num_citations": 1, "num_publications_5y": 0, "num_citations_5y": 1, "num_publications_10y": 7, "num_citations_10y": 1, "publications_years": {"2011": 7}, "citations_years": {"2017": 1}, "old_citations": {"2011": 1}, "isVisible": false}, "knowledge based systems": {"name": "knowledge based systems", "type": "topic", "h_index": 660, "h5_index": 129, "num_publications": 7, "num_citations": 4, "num_publications_5y": 0, "num_citations_5y": 2, "num_publications_10y": 7, "num_citations_10y": 3, "publications_years": {"2011": 7}, "citations_years": {"2013": 1, "2014": 2, "2015": 0, "2016": 0, "2017": 0, "2018": 0, "2019": 1}, "old_citations": {"2011": 4}, "isVisible": false}, "knowledge management": {"name": "knowledge management", "type": "topic", "h_index": 396, "h5_index": 83, "num_publications": 7, "num_citations": 4, "num_publications_5y": 0, "num_citations_5y": 2, "num_publications_10y": 7, "num_citations_10y": 3, "publications_years": {"2011": 7}, "citations_years": {"2013": 1, "2014": 2, "2015": 0, "2016": 0, "2017": 0, "2018": 0, "2019": 1}, "old_citations": {"2011": 4}, "isVisible": false}, "telecommunication networks": {"name": "telecommunication networks", "type": "topic", "h_index": 1116, "h5_index": 258, "num_publications": 7, "num_citations": 4, "num_publications_5y": 0, "num_citations_5y": 3, "num_publications_10y": 7, "num_citations_10y": 4, "publications_years": {"2011": 7}, "citations_years": {"2014": 1, "2017": 1, "2013": 1, "2015": 1}, "old_citations": {"2011": 4}, "isVisible": false}, "database systems": {"name": "database systems", "type": "topic", "h_index": 1167, "h5_index": 276, "num_publications": 6, "num_citations": 4, "num_publications_5y": 0, "num_citations_5y": 3, "num_publications_10y": 6, "num_citations_10y": 4, "publications_years": {"2011": 6}, "citations_years": {"2017": 1, "2012": 1, "2013": 0, "2014": 0, "2015": 1, "2018": 1}, "old_citations": {"2011": 4}, "isVisible": false}, "evaluation models": {"name": "evaluation models", "type": "topic", "h_index": 81, "h5_index": 23, "num_publications": 6, "num_citations": 1, "num_publications_5y": 0, "num_citations_5y": 1, "num_publications_10y": 6, "num_citations_10y": 1, "publications_years": {"2011": 6}, "citations_years": {"2017": 1}, "old_citations": {"2011": 1}, "isVisible": false}, "information systems": {"name": "information systems", "type": "topic", "h_index": 679, "h5_index": 124, "num_publications": 6, "num_citations": 1, "num_publications_5y": 0, "num_citations_5y": 1, "num_publications_10y": 6, "num_citations_10y": 1, "publications_years": {"2010": 1, "2011": 5}, "citations_years": {"2014": 1}, "old_citations": {"2010": 0, "2011": 1}, "isVisible": false}, "machine learning": {"name": "machine learning", "type": "topic", "h_index": 1123, "h5_index": 351, "num_publications": 6, "num_citations": 2, "num_publications_5y": 0, "num_citations_5y": 1, "num_publications_10y": 6, "num_citations_10y": 2, "publications_years": {"2011": 6}, "citations_years": {"2013": 1, "2018": 1}, "old_citations": {"2011": 2}, "isVisible": false}, "product design": {"name": "product design", "type": "topic", "h_index": 265, "h5_index": 49, "num_publications": 6, "num_citations": 0, "num_publications_5y": 0, "num_citations_5y": 0, "num_publications_10y": 6, "num_citations_10y": 0, "publications_years": {"2011": 5, "2010": 1}, "citations_years": {}, "old_citations": {"2011": 0, "2010": 0}, "isVisible": false}, "software architecture": {"name": "software architecture", "type": "topic", "h_index": 821, "h5_index": 210, "num_publications": 6, "num_citations": 2, "num_publications_5y": 0, "num_citations_5y": 1, "num_publications_10y": 6, "num_citations_10y": 2, "publications_years": {"2011": 6}, "citations_years": {"2014": 1, "2013": 1}, "old_citations": {"2011": 2}, "isVisible": false}, "software design": {"name": "software design", "type": "topic", "h_index": 907, "h5_index": 227, "num_publications": 6, "num_citations": 2, "num_publications_5y": 0, "num_citations_5y": 1, "num_publications_10y": 6, "num_citations_10y": 2, "publications_years": {"2011": 6}, "citations_years": {"2014": 1, "2013": 1}, "old_citations": {"2011": 2}, "isVisible": false}, "telecommunication traffic": {"name": "telecommunication traffic", "type": "topic", "h_index": 1036, "h5_index": 233, "num_publications": 5, "num_citations": 4, "num_publications_5y": 0, "num_citations_5y": 3, "num_publications_10y": 5, "num_citations_10y": 4, "publications_years": {"2011": 5}, "citations_years": {"2014": 1, "2017": 1, "2013": 1, "2015": 1}, "old_citations": {"2011": 4}, "isVisible": false}, "computer hardware": {"name": "computer hardware", "type": "topic", "h_index": 1150, "h5_index": 279, "num_publications": 3, "num_citations": 3, "num_publications_5y": 0, "num_citations_5y": 2, "num_publications_10y": 3, "num_citations_10y": 3, "publications_years": {"2011": 3}, "citations_years": {"2014": 1, "2013": 1, "2015": 1}, "old_citations": {"2011": 3}, "isVisible": false}, "computer imaging and vision": {"name": "computer imaging and vision", "type": "topic", "h_index": 1142, "h5_index": 334, "num_publications": 3, "num_citations": 3, "num_publications_5y": 0, "num_citations_5y": 1, "num_publications_10y": 3, "num_citations_10y": 3, "publications_years": {"2011": 3}, "citations_years": {"2013": 2, "2014": 0, "2015": 1}, "old_citations": {"2011": 3}, "isVisible": false}, "computer security": {"name": "computer security", "type": "topic", "h_index": 977, "h5_index": 220, "num_publications": 5, "num_citations": 3, "num_publications_5y": 0, "num_citations_5y": 2, "num_publications_10y": 5, "num_citations_10y": 3, "publications_years": {"2011": 5}, "citations_years": {"2017": 1, "2013": 1, "2014": 0, "2015": 1}, "old_citations": {"2011": 3}, "isVisible": false}, "cryptography": {"name": "cryptography", "type": "topic", "h_index": 761, "h5_index": 179, "num_publications": 3, "num_citations": 3, "num_publications_5y": 0, "num_citations_5y": 2, "num_publications_10y": 3, "num_citations_10y": 3, "publications_years": {"2011": 3}, "citations_years": {"2017": 1, "2013": 1, "2014": 0, "2015": 1}, "old_citations": {"2011": 3}, "isVisible": false}, "cryptology": {"name": "cryptology", "type": "topic", "h_index": 761, "h5_index": 179, "num_publications": 3, "num_citations": 3, "num_publications_5y": 0, "num_citations_5y": 2, "num_publications_10y": 3, "num_citations_10y": 3, "publications_years": {"2011": 3}, "citations_years": {"2017": 1, "2013": 1, "2014": 0, "2015": 1}, "old_citations": {"2011": 3}, "isVisible": false}, "explicit knowledge": {"name": "explicit knowledge", "type": "topic", "h_index": 212, "h5_index": 49, "num_publications": 3, "num_citations": 3, "num_publications_5y": 0, "num_citations_5y": 1, "num_publications_10y": 3, "num_citations_10y": 2, "publications_years": {"2011": 3}, "citations_years": {"2013": 1, "2014": 1, "2015": 0, "2016": 0, "2017": 0, "2018": 0, "2019": 1}, "old_citations": {"2011": 3}, "isVisible": false}, "image processing": {"name": "image processing", "type": "topic", "h_index": 1113, "h5_index": 328, "num_publications": 3, "num_citations": 3, "num_publications_5y": 0, "num_citations_5y": 1, "num_publications_10y": 3, "num_citations_10y": 3, "publications_years": {"2011": 3}, "citations_years": {"2013": 2, "2014": 0, "2015": 1}, "old_citations": {"2011": 3}, "isVisible": false}, "information management": {"name": "information management", "type": "topic", "h_index": 462, "h5_index": 109, "num_publications": 3, "num_citations": 3, "num_publications_5y": 0, "num_citations_5y": 2, "num_publications_10y": 3, "num_citations_10y": 3, "publications_years": {"2011": 3}, "citations_years": {"2017": 1, "2012": 1, "2013": 0, "2014": 0, "2015": 1}, "old_citations": {"2011": 3}, "isVisible": false}, "information technology": {"name": "information technology", "type": "topic", "h_index": 696, "h5_index": 149, "num_publications": 5, "num_citations": 3, "num_publications_5y": 0, "num_citations_5y": 2, "num_publications_10y": 5, "num_citations_10y": 3, "publications_years": {"2011": 5}, "citations_years": {"2017": 1, "2012": 1, "2013": 0, "2014": 0, "2015": 1}, "old_citations": {"2011": 3}, "isVisible": false}, "internet": {"name": "internet", "type": "topic", "h_index": 1102, "h5_index": 245, "num_publications": 5, "num_citations": 3, "num_publications_5y": 0, "num_citations_5y": 2, "num_publications_10y": 5, "num_citations_10y": 3, "publications_years": {"2011": 5}, "citations_years": {"2013": 1, "2014": 0, "2015": 1, "2018": 1}, "old_citations": {"2011": 3}, "isVisible": false}, "internet protocols": {"name": "internet protocols", "type": "topic", "h_index": 808, "h5_index": 165, "num_publications": 3, "num_citations": 3, "num_publications_5y": 0, "num_citations_5y": 2, "num_publications_10y": 3, "num_citations_10y": 3, "publications_years": {"2011": 3}, "citations_years": {"2014": 1, "2013": 1, "2015": 1}, "old_citations": {"2011": 3}, "isVisible": false}, "architecture designs": {"name": "architecture designs", "type": "topic", "h_index": 483, "h5_index": 145, "num_publications": 5, "num_citations": 1, "num_publications_5y": 0, "num_citations_5y": 0, "num_publications_10y": 5, "num_citations_10y": 1, "publications_years": {"2011": 5}, "citations_years": {"2013": 1}, "old_citations": {"2011": 1}, "isVisible": false}, "communication": {"name": "communication", "type": "topic", "h_index": 886, "h5_index": 209, "num_publications": 5, "num_citations": 2, "num_publications_5y": 0, "num_citations_5y": 2, "num_publications_10y": 5, "num_citations_10y": 2, "publications_years": {"2011": 5}, "citations_years": {"2014": 1, "2017": 1}, "old_citations": {"2011": 2}, "isVisible": false}}, "authors": {"242047132": {"name": "su hefen", "type": "author", "activity": 1, "h_index": 0, "h5_index": 0, "mag_id": "242047132", "num_publications": 1, "num_citations": 0, "num_publications_5y": 0, "num_citations_5y": 0, "num_publications_10y": 1, "num_citations_10y": 0, "publications_years": {"2011": 1}, "citations_years": {}, "old_citations": {"2011": 0}, "isVisible": false}, "335898576": {"name": "lu yuduo", "type": "author", "activity": 1, "h_index": 0, "h5_index": 0, "mag_id": "335898576", "num_publications": 1, "num_citations": 0, "num_publications_5y": 0, "num_citations_5y": 0, "num_publications_10y": 1, "num_citations_10y": 0, "publications_years": {"2011": 1}, "citations_years": {}, "old_citations": {"2011": 0}, "isVisible": false}, "913894348": {"name": "diao zhaofeng", "type": "author", "activity": 1, "h_index": 0, "h5_index": 0, "mag_id": "913894348", "num_publications": 1, "num_citations": 0, "num_publications_5y": 0, "num_citations_5y": 0, "num_publications_10y": 1, "num_citations_10y": 0, "publications_years": {"2011": 1}, "citations_years": {}, "old_citations": {"2011": 0}, "isVisible": false}, "1581023097": {"name": "chen xiaopeng", "type": "author", "activity": 1, "h_index": 0, "h5_index": 0, "mag_id": "1581023097", "num_publications": 1, "num_citations": 0, "num_publications_5y": 0, "num_citations_5y": 0, "num_publications_10y": 1, "num_citations_10y": 0, "publications_years": {"2011": 1}, "citations_years": {}, "old_citations": {"2011": 0}, "isVisible": false}, "1910525237": {"name": "zhang junli", "type": "author", "activity": 1, "h_index": 0, "h5_index": 0, "mag_id": "1910525237", "num_publications": 1, "num_citations": 0, "num_publications_5y": 0, "num_citations_5y": 0, "num_publications_10y": 1, "num_citations_10y": 0, "publications_years": {"2011": 1}, "citations_years": {}, "old_citations": {"2011": 0}, "isVisible": false}, "2000303156": {"name": "guan shunfeng", "type": "author", "activity": 1, "h_index": 0, "h5_index": 0, "mag_id": "2000303156", "num_publications": 1, "num_citations": 0, "num_publications_5y": 0, "num_citations_5y": 0, "num_publications_10y": 1, "num_citations_10y": 0, "publications_years": {"2011": 1}, "citations_years": {}, "old_citations": {"2011": 0}, "isVisible": false}, "2015678072": {"name": "yan xiangbin", "type": "author", "activity": 12, "h_index": 1, "h5_index": 0, "mag_id": "2015678072", "num_publications": 1, "num_citations": 0, "num_publications_5y": 0, "num_citations_5y": 0, "num_publications_10y": 1, "num_citations_10y": 0, "publications_years": {"2011": 1}, "citations_years": {}, "old_citations": {"2011": 0}, "isVisible": false}, "2021996386": {"name": "li chunchang", "type": "author", "activity": 1, "h_index": 0, "h5_index": 0, "mag_id": "2021996386", "num_publications": 1, "num_citations": 0, "num_publications_5y": 0, "num_citations_5y": 0, "num_publications_10y": 1, "num_citations_10y": 0, "publications_years": {"2011": 1}, "citations_years": {}, "old_citations": {"2011": 0}, "isVisible": false}, "2043413375": {"name": "chen liwen", "type": "author", "activity": 8, "h_index": 1, "h5_index": 0, "mag_id": "2043413375", "num_publications": 1, "num_citations": 0, "num_publications_5y": 0, "num_citations_5y": 0, "num_publications_10y": 1, "num_citations_10y": 0, "publications_years": {"2011": 1}, "citations_years": {}, "old_citations": {"2011": 0}, "isVisible": false}, "2104150506": {"name": "tao ran", "type": "author", "activity": 1, "h_index": 1, "h5_index": 0, "mag_id": "2104150506", "num_publications": 1, "num_citations": 1, "num_publications_5y": 0, "num_citations_5y": 0, "num_publications_10y": 1, "num_citations_10y": 1, "publications_years": {"2011": 1}, "citations_years": {"2013": 1}, "old_citations": {"2011": 1}, "isVisible": false}, "2121210007": {"name": "lou ping", "type": "author", "activity": 9, "h_index": 0, "h5_index": 0, "mag_id": "2121210007", "num_publications": 1, "num_citations": 0, "num_publications_5y": 0, "num_citations_5y": 0, "num_publications_10y": 1, "num_citations_10y": 0, "publications_years": {"2011": 1}, "citations_years": {}, "old_citations": {"2011": 0}, "isVisible": false}, "2157499444": {"name": "liu xiaofei", "type": "author", "activity": 1, "h_index": 0, "h5_index": 0, "mag_id": "2157499444", "num_publications": 1, "num_citations": 0, "num_publications_5y": 0, "num_citations_5y": 0, "num_publications_10y": 1, "num_citations_10y": 0, "publications_years": {"2011": 1}, "citations_years": {}, "old_citations": {"2011": 0}, "isVisible": false}, "2222552141": {"name": "yin qi", "type": "author", "activity": 1, "h_index": 1, "h5_index": 0, "mag_id": "2222552141", "num_publications": 1, "num_citations": 2, "num_publications_5y": 0, "num_citations_5y": 1, "num_publications_10y": 1, "num_citations_10y": 2, "publications_years": {"2011": 1}, "citations_years": {"2013": 1, "2014": 0, "2015": 1}, "old_citations": {"2011": 2}, "isVisible": false}, "2223617406": {"name": "xu yanmei", "type": "author", "activity": 1, "h_index": 1, "h5_index": 0, "mag_id": "2223617406", "num_publications": 1, "num_citations": 1, "num_publications_5y": 0, "num_citations_5y": 1, "num_publications_10y": 1, "num_citations_10y": 1, "publications_years": {"2011": 1}, "citations_years": {"2014": 1}, "old_citations": {"2011": 1}, "isVisible": false}, "2223660540": {"name": "yanmei zhu", "type": "author", "activity": 1, "h_index": 0, "h5_index": 0, "mag_id": "2223660540", "num_publications": 1, "num_citations": 0, "num_publications_5y": 0, "num_citations_5y": 0, "num_publications_10y": 1, "num_citations_10y": 0, "publications_years": {"2011": 1}, "citations_years": {}, "old_citations": {"2011": 0}, "isVisible": false}, "2224925375": {"name": "wangxianqun", "type": "author", "activity": 1, "h_index": 0, "h5_index": 0, "mag_id": "2224925375", "num_publications": 1, "num_citations": 0, "num_publications_5y": 0, "num_citations_5y": 0, "num_publications_10y": 1, "num_citations_10y": 0, "publications_years": {"2011": 1}, "citations_years": {}, "old_citations": {"2011": 0}, "isVisible": false}, "2226963766": {"name": "yao xiang", "type": "author", "activity": 1, "h_index": 1, "h5_index": 0, "mag_id": "2226963766", "num_publications": 1, "num_citations": 1, "num_publications_5y": 0, "num_citations_5y": 1, "num_publications_10y": 1, "num_citations_10y": 1, "publications_years": {"2011": 1}, "citations_years": {"2014": 1}, "old_citations": {"2011": 1}, "isVisible": false}, "2227034828": {"name": "zhang huiying", "type": "author", "activity": 11, "h_index": 2, "h5_index": 0, "mag_id": "2227034828", "num_publications": 1, "num_citations": 0, "num_publications_5y": 0, "num_citations_5y": 0, "num_publications_10y": 1, "num_citations_10y": 0, "publications_years": {"2011": 1}, "citations_years": {}, "old_citations": {"2011": 0}, "isVisible": false}, "2228445100": {"name": "deng mingran", "type": "author", "activity": 6, "h_index": 1, "h5_index": 0, "mag_id": "2228445100", "num_publications": 1, "num_citations": 0, "num_publications_5y": 0, "num_citations_5y": 0, "num_publications_10y": 1, "num_citations_10y": 0, "publications_years": {"2011": 1}, "citations_years": {}, "old_citations": {"2011": 0}, "isVisible": false}, "2228574571": {"name": "zhang changyong", "type": "author", "activity": 5, "h_index": 0, "h5_index": 0, "mag_id": "2228574571", "num_publications": 1, "num_citations": 0, "num_publications_5y": 0, "num_citations_5y": 0, "num_publications_10y": 1, "num_citations_10y": 0, "publications_years": {"2011": 1}, "citations_years": {}, "old_citations": {"2011": 0}, "isVisible": false}, "2228765892": {"name": "cao xiaoli", "type": "author", "activity": 1, "h_index": 0, "h5_index": 0, "mag_id": "2228765892", "num_publications": 1, "num_citations": 0, "num_publications_5y": 0, "num_citations_5y": 0, "num_publications_10y": 1, "num_citations_10y": 0, "publications_years": {"2011": 1}, "citations_years": {}, "old_citations": {"2011": 0}, "isVisible": false}, "2231757242": {"name": "ke jianfeng", "type": "author", "activity": 1, "h_index": 0, "h5_index": 0, "mag_id": "2231757242", "num_publications": 1, "num_citations": 0, "num_publications_5y": 0, "num_citations_5y": 0, "num_publications_10y": 1, "num_citations_10y": 0, "publications_years": {"2011": 1}, "citations_years": {}, "old_citations": {"2011": 0}, "isVisible": false}, "2231887554": {"name": "huang taozhen", "type": "author", "activity": 1, "h_index": 1, "h5_index": 0, "mag_id": "2231887554", "num_publications": 1, "num_citations": 3, "num_publications_5y": 0, "num_citations_5y": 1, "num_publications_10y": 1, "num_citations_10y": 2, "publications_years": {"2011": 1}, "citations_years": {"2013": 1, "2014": 1, "2015": 0, "2016": 0, "2017": 0, "2018": 0, "2019": 1}, "old_citations": {"2011": 3}, "isVisible": false}, "2232005251": {"name": "liu wendong", "type": "author", "activity": 1, "h_index": 0, "h5_index": 0, "mag_id": "2232005251", "num_publications": 1, "num_citations": 0, "num_publications_5y": 0, "num_citations_5y": 0, "num_publications_10y": 1, "num_citations_10y": 0, "publications_years": {"2011": 1}, "citations_years": {}, "old_citations": {"2011": 0}, "isVisible": false}, "2232116267": {"name": "xinjuan song", "type": "author", "activity": 1, "h_index": 0, "h5_index": 0, "mag_id": "2232116267", "num_publications": 1, "num_citations": 0, "num_publications_5y": 0, "num_citations_5y": 0, "num_publications_10y": 1, "num_citations_10y": 0, "publications_years": {"2011": 1}, "citations_years": {}, "old_citations": {"2011": 0}, "isVisible": false}, "2269804247": {"name": "cao yang", "type": "author", "activity": 1, "h_index": 0, "h5_index": 0, "mag_id": "2269804247", "num_publications": 1, "num_citations": 0, "num_publications_5y": 0, "num_citations_5y": 0, "num_publications_10y": 1, "num_citations_10y": 0, "publications_years": {"2010": 1}, "citations_years": {}, "old_citations": {"2010": 0}, "isVisible": false}, "2281366062": {"name": "chang qing", "type": "author", "activity": 2, "h_index": 1, "h5_index": 0, "mag_id": "2281366062", "num_publications": 1, "num_citations": 0, "num_publications_5y": 0, "num_citations_5y": 0, "num_publications_10y": 1, "num_citations_10y": 0, "publications_years": {"2011": 1}, "citations_years": {}, "old_citations": {"2011": 0}, "isVisible": false}, "2306308163": {"name": "zhu jingjing", "type": "author", "activity": 1, "h_index": 0, "h5_index": 0, "mag_id": "2306308163", "num_publications": 1, "num_citations": 0, "num_publications_5y": 0, "num_citations_5y": 0, "num_publications_10y": 1, "num_citations_10y": 0, "publications_years": {"2011": 1}, "citations_years": {}, "old_citations": {"2011": 0}, "isVisible": false}, "2306340650": {"name": "chen wang", "type": "author", "activity": 1, "h_index": 1, "h5_index": 0, "mag_id": "2306340650", "num_publications": 1, "num_citations": 1, "num_publications_5y": 0, "num_citations_5y": 1, "num_publications_10y": 1, "num_citations_10y": 1, "publications_years": {"2011": 1}, "citations_years": {"2017": 1}, "old_citations": {"2011": 1}, "isVisible": false}, "2311910278": {"name": "lin mei", "type": "author", "activity": 1, "h_index": 0, "h5_index": 0, "mag_id": "2311910278", "num_publications": 1, "num_citations": 0, "num_publications_5y": 0, "num_citations_5y": 0, "num_publications_10y": 1, "num_citations_10y": 0, "publications_years": {"2011": 1}, "citations_years": {}, "old_citations": {"2011": 0}, "isVisible": false}, "2326836243": {"name": "chen zhenhua", "type": "author", "activity": 1, "h_index": 1, "h5_index": 0, "mag_id": "2326836243", "num_publications": 1, "num_citations": 1, "num_publications_5y": 0, "num_citations_5y": 1, "num_publications_10y": 1, "num_citations_10y": 1, "publications_years": {"2011": 1}, "citations_years": {"2018": 1}, "old_citations": {"2011": 1}, "isVisible": false}, "2349474691": {"name": "jiang weixian", "type": "author", "activity": 1, "h_index": 0, "h5_index": 0, "mag_id": "2349474691", "num_publications": 1, "num_citations": 0, "num_publications_5y": 0, "num_citations_5y": 0, "num_publications_10y": 1, "num_citations_10y": 0, "publications_years": {"2011": 1}, "citations_years": {}, "old_citations": {"2011": 0}, "isVisible": false}, "2354593353": {"name": "zhao fuqiang", "type": "author", "activity": 1, "h_index": 0, "h5_index": 0, "mag_id": "2354593353", "num_publications": 1, "num_citations": 0, "num_publications_5y": 0, "num_citations_5y": 0, "num_publications_10y": 1, "num_citations_10y": 0, "publications_years": {"2011": 1}, "citations_years": {}, "old_citations": {"2011": 0}, "isVisible": false}, "2357833529": {"name": "chen yali", "type": "author", "activity": 1, "h_index": 1, "h5_index": 0, "mag_id": "2357833529", "num_publications": 1, "num_citations": 3, "num_publications_5y": 0, "num_citations_5y": 1, "num_publications_10y": 1, "num_citations_10y": 2, "publications_years": {"2011": 1}, "citations_years": {"2013": 1, "2014": 1, "2015": 0, "2016": 0, "2017": 0, "2018": 0, "2019": 1}, "old_citations": {"2011": 3}, "isVisible": false}, "2420074421": {"name": "liu yinping", "type": "author", "activity": 1, "h_index": 0, "h5_index": 0, "mag_id": "2420074421", "num_publications": 1, "num_citations": 0, "num_publications_5y": 0, "num_citations_5y": 0, "num_publications_10y": 1, "num_citations_10y": 0, "publications_years": {"2011": 1}, "citations_years": {}, "old_citations": {"2011": 0}, "isVisible": false}, "2421867482": {"name": "zhu feng", "type": "author", "activity": 1, "h_index": 0, "h5_index": 0, "mag_id": "2421867482", "num_publications": 1, "num_citations": 0, "num_publications_5y": 0, "num_citations_5y": 0, "num_publications_10y": 1, "num_citations_10y": 0, "publications_years": {"2011": 1}, "citations_years": {}, "old_citations": {"2011": 0}, "isVisible": false}, "2422452741": {"name": "yan zhi", "type": "author", "activity": 1, "h_index": 0, "h5_index": 0, "mag_id": "2422452741", "num_publications": 1, "num_citations": 0, "num_publications_5y": 0, "num_citations_5y": 0, "num_publications_10y": 1, "num_citations_10y": 0, "publications_years": {"2011": 1}, "citations_years": {}, "old_citations": {"2011": 0}, "isVisible": false}, "2430801815": {"name": "ge zhihong", "type": "author", "activity": 1, "h_index": 1, "h5_index": 0, "mag_id": "2430801815", "num_publications": 1, "num_citations": 1, "num_publications_5y": 0, "num_citations_5y": 1, "num_publications_10y": 1, "num_citations_10y": 1, "publications_years": {"2011": 1}, "citations_years": {"2017": 1}, "old_citations": {"2011": 1}, "isVisible": false}, "2431024678": {"name": "song hui", "type": "author", "activity": 1, "h_index": 0, "h5_index": 0, "mag_id": "2431024678", "num_publications": 1, "num_citations": 0, "num_publications_5y": 0, "num_citations_5y": 0, "num_publications_10y": 1, "num_citations_10y": 0, "publications_years": {"2011": 1}, "citations_years": {}, "old_citations": {"2011": 0}, "isVisible": false}, "2436361915": {"name": "wang huawei", "type": "author", "activity": 1, "h_index": 0, "h5_index": 0, "mag_id": "2436361915", "num_publications": 1, "num_citations": 0, "num_publications_5y": 0, "num_citations_5y": 0, "num_publications_10y": 1, "num_citations_10y": 0, "publications_years": {"2011": 1}, "citations_years": {}, "old_citations": {"2011": 0}, "isVisible": false}, "2473416983": {"name": "xu fengju", "type": "author", "activity": 1, "h_index": 0, "h5_index": 0, "mag_id": "2473416983", "num_publications": 1, "num_citations": 0, "num_publications_5y": 0, "num_citations_5y": 0, "num_publications_10y": 1, "num_citations_10y": 0, "publications_years": {"2011": 1}, "citations_years": {}, "old_citations": {"2011": 0}, "isVisible": false}, "2477903662": {"name": "guo xiaodong", "type": "author", "activity": 1, "h_index": 0, "h5_index": 0, "mag_id": "2477903662", "num_publications": 1, "num_citations": 0, "num_publications_5y": 0, "num_citations_5y": 0, "num_publications_10y": 1, "num_citations_10y": 0, "publications_years": {"2011": 1}, "citations_years": {}, "old_citations": {"2011": 0}, "isVisible": false}, "2479214872": {"name": "liu long", "type": "author", "activity": 1, "h_index": 1, "h5_index": 0, "mag_id": "2479214872", "num_publications": 1, "num_citations": 1, "num_publications_5y": 0, "num_citations_5y": 1, "num_publications_10y": 1, "num_citations_10y": 1, "publications_years": {"2011": 1}, "citations_years": {"2014": 1}, "old_citations": {"2011": 1}, "isVisible": false}, "2484448344": {"name": "dai xiaojing", "type": "author", "activity": 1, "h_index": 0, "h5_index": 0, "mag_id": "2484448344", "num_publications": 1, "num_citations": 0, "num_publications_5y": 0, "num_citations_5y": 0, "num_publications_10y": 1, "num_citations_10y": 0, "publications_years": {"2011": 1}, "citations_years": {}, "old_citations": {"2011": 0}, "isVisible": false}, "2506238826": {"name": "cao dan", "type": "author", "activity": 1, "h_index": 0, "h5_index": 0, "mag_id": "2506238826", "num_publications": 1, "num_citations": 0, "num_publications_5y": 0, "num_citations_5y": 0, "num_publications_10y": 1, "num_citations_10y": 0, "publications_years": {"2011": 1}, "citations_years": {}, "old_citations": {"2011": 0}, "isVisible": false}, "2632417649": {"name": "luo fan", "type": "author", "activity": 1, "h_index": 1, "h5_index": 0, "mag_id": "2632417649", "num_publications": 1, "num_citations": 1, "num_publications_5y": 0, "num_citations_5y": 1, "num_publications_10y": 1, "num_citations_10y": 1, "publications_years": {"2011": 1}, "citations_years": {"2017": 1}, "old_citations": {"2011": 1}, "isVisible": false}, "2633933100": {"name": "an jianmin", "type": "author", "activity": 1, "h_index": 1, "h5_index": 0, "mag_id": "2633933100", "num_publications": 1, "num_citations": 2, "num_publications_5y": 0, "num_citations_5y": 1, "num_publications_10y": 1, "num_citations_10y": 2, "publications_years": {"2011": 1}, "citations_years": {"2012": 1, "2013": 0, "2014": 0, "2015": 1}, "old_citations": {"2011": 2}, "isVisible": false}, "2643188068": {"name": "sun shengxiang", "type": "author", "activity": 1, "h_index": 0, "h5_index": 0, "mag_id": "2643188068", "num_publications": 1, "num_citations": 0, "num_publications_5y": 0, "num_citations_5y": 0, "num_publications_10y": 1, "num_citations_10y": 0, "publications_years": {"2011": 1}, "citations_years": {}, "old_citations": {"2011": 0}, "isVisible": false}, "2643938643": {"name": "liu feng", "type": "author", "activity": 1, "h_index": 0, "h5_index": 0, "mag_id": "2643938643", "num_publications": 1, "num_citations": 0, "num_publications_5y": 0, "num_citations_5y": 0, "num_publications_10y": 1, "num_citations_10y": 0, "publications_years": {"2011": 1}, "citations_years": {}, "old_citations": {"2011": 0}, "isVisible": false}, "2646552669": {"name": "wang yan", "type": "author", "activity": 1, "h_index": 0, "h5_index": 0, "mag_id": "2646552669", "num_publications": 1, "num_citations": 0, "num_publications_5y": 0, "num_citations_5y": 0, "num_publications_10y": 1, "num_citations_10y": 0, "publications_years": {"2011": 1}, "citations_years": {}, "old_citations": {"2011": 0}, "isVisible": false}, "2652080745": {"name": "wang hui", "type": "author", "activity": 1, "h_index": 0, "h5_index": 0, "mag_id": "2652080745", "num_publications": 1, "num_citations": 0, "num_publications_5y": 0, "num_citations_5y": 0, "num_publications_10y": 1, "num_citations_10y": 0, "publications_years": {"2011": 1}, "citations_years": {}, "old_citations": {"2011": 0}, "isVisible": false}, "2662340583": {"name": "yu jiao", "type": "author", "activity": 1, "h_index": 0, "h5_index": 0, "mag_id": "2662340583", "num_publications": 1, "num_citations": 0, "num_publications_5y": 0, "num_citations_5y": 0, "num_publications_10y": 1, "num_citations_10y": 0, "publications_years": {"2011": 1}, "citations_years": {}, "old_citations": {"2011": 0}, "isVisible": false}, "2662814027": {"name": "chen xinglin", "type": "author", "activity": 1, "h_index": 0, "h5_index": 0, "mag_id": "2662814027", "num_publications": 1, "num_citations": 0, "num_publications_5y": 0, "num_citations_5y": 0, "num_publications_10y": 1, "num_citations_10y": 0, "publications_years": {"2011": 1}, "citations_years": {}, "old_citations": {"2011": 0}, "isVisible": false}, "2666867756": {"name": "wu kai", "type": "author", "activity": 1, "h_index": 0, "h5_index": 0, "mag_id": "2666867756", "num_publications": 1, "num_citations": 0, "num_publications_5y": 0, "num_citations_5y": 0, "num_publications_10y": 1, "num_citations_10y": 0, "publications_years": {"2011": 1}, "citations_years": {}, "old_citations": {"2011": 0}, "isVisible": false}, "2671094856": {"name": "wang jun", "type": "author", "activity": 1, "h_index": 1, "h5_index": 0, "mag_id": "2671094856", "num_publications": 1, "num_citations": 1, "num_publications_5y": 0, "num_citations_5y": 1, "num_publications_10y": 1, "num_citations_10y": 1, "publications_years": {"2011": 1}, "citations_years": {"2017": 1}, "old_citations": {"2011": 1}, "isVisible": false}, "2672682717": {"name": "li yingxue", "type": "author", "activity": 1, "h_index": 1, "h5_index": 0, "mag_id": "2672682717", "num_publications": 1, "num_citations": 1, "num_publications_5y": 0, "num_citations_5y": 1, "num_publications_10y": 1, "num_citations_10y": 1, "publications_years": {"2011": 1}, "citations_years": {"2017": 1}, "old_citations": {"2011": 1}, "isVisible": false}, "2672935004": {"name": "zhang rui", "type": "author", "activity": 1, "h_index": 0, "h5_index": 0, "mag_id": "2672935004", "num_publications": 1, "num_citations": 0, "num_publications_5y": 0, "num_citations_5y": 0, "num_publications_10y": 1, "num_citations_10y": 0, "publications_years": {"2011": 1}, "citations_years": {}, "old_citations": {"2011": 0}, "isVisible": false}, "2686993235": {"name": "liang dong", "type": "author", "activity": 1, "h_index": 0, "h5_index": 0, "mag_id": "2686993235", "num_publications": 1, "num_citations": 0, "num_publications_5y": 0, "num_citations_5y": 0, "num_publications_10y": 1, "num_citations_10y": 0, "publications_years": {"2011": 1}, "citations_years": {}, "old_citations": {"2011": 0}, "isVisible": false}, "2701638950": {"name": "lan fei", "type": "author", "activity": 1, "h_index": 0, "h5_index": 0, "mag_id": "2701638950", "num_publications": 1, "num_citations": 0, "num_publications_5y": 0, "num_citations_5y": 0, "num_publications_10y": 1, "num_citations_10y": 0, "publications_years": {"2011": 1}, "citations_years": {}, "old_citations": {"2011": 0}, "isVisible": false}, "2704665171": {"name": "li yanmin", "type": "author", "activity": 1, "h_index": 0, "h5_index": 0, "mag_id": "2704665171", "num_publications": 1, "num_citations": 0, "num_publications_5y": 0, "num_citations_5y": 0, "num_publications_10y": 1, "num_citations_10y": 0, "publications_years": {"2011": 1}, "citations_years": {}, "old_citations": {"2011": 0}, "isVisible": false}, "2711247411": {"name": "zhang tianyi", "type": "author", "activity": 1, "h_index": 0, "h5_index": 0, "mag_id": "2711247411", "num_publications": 1, "num_citations": 0, "num_publications_5y": 0, "num_citations_5y": 0, "num_publications_10y": 1, "num_citations_10y": 0, "publications_years": {"2011": 1}, "citations_years": {}, "old_citations": {"2011": 0}, "isVisible": false}, "2712504898": {"name": "wang bing", "type": "author", "activity": 1, "h_index": 0, "h5_index": 0, "mag_id": "2712504898", "num_publications": 1, "num_citations": 0, "num_publications_5y": 0, "num_citations_5y": 0, "num_publications_10y": 1, "num_citations_10y": 0, "publications_years": {"2011": 1}, "citations_years": {}, "old_citations": {"2011": 0}, "isVisible": false}, "2751476607": {"name": "yang lijun", "type": "author", "activity": 8, "h_index": 0, "h5_index": 0, "mag_id": "2751476607", "num_publications": 1, "num_citations": 0, "num_publications_5y": 0, "num_citations_5y": 0, "num_publications_10y": 1, "num_citations_10y": 0, "publications_years": {"2011": 1}, "citations_years": {}, "old_citations": {"2011": 0}, "isVisible": false}, "2936798399": {"name": "zhan bin", "type": "author", "activity": 1, "h_index": 0, "h5_index": 0, "mag_id": "2936798399", "num_publications": 1, "num_citations": 0, "num_publications_5y": 0, "num_citations_5y": 0, "num_publications_10y": 1, "num_citations_10y": 0, "publications_years": {"2011": 1}, "citations_years": {}, "old_citations": {"2011": 0}, "isVisible": false}}, "countries": {"China": {"name": "China", "type": "country", "h5_index": 214, "num_publications": 32, "num_citations": 12, "num_publications_5y": 0, "num_citations_5y": 7, "num_publications_10y": 32, "num_citations_10y": 11, "publications_years": {"2011": 32}, "citations_years": {"2013": 3, "2014": 2, "2015": 2, "2016": 0, "2017": 2, "2018": 1, "2019": 1, "2012": 1}, "old_citations": {"2011": 12}, "isVisible": false}}}, "conference_comparison": {"computer science": {}}, "topics_dna": {"publications": {}, "citations": {"normalized": {}, "average": {}}}, "info": {"num_publications": 33, "num_citations": 12.0, "impact_factor": {}, "publications_years": {"2011": 32, "2010": 1}, "citations_years": {"2012": 1, "2013": 3, "2014": 2, "2015": 2, "2016": 0, "2017": 2, "2018": 1, "2019": 1}, "old_citations": {"2011": 12, "2010": 0}, "h5_index": 0}, "percentile": {"computer science": {"2011": 51, "2010": 15}}, "conference_ranking": {"computer science": {"2011": 2082, "2010": 3607}}, "academia": {"num_publications": 31, "num_citations": 11, "publications_years": {"2011": 31}, "old_citations": {"2011": 11}, "num_publications_5y": 0, "num_citations_5y": 0, "num_publications_10y": 31, "num_citations_10y": 11}, "industry": {"num_publications": 0, "num_citations": 0, "publications_years": {}, "old_citations": {}, "num_publications_5y": 0, "num_citations_5y": 0, "num_publications_10y": 0, "num_citations_10y": 0}, "collaborative": {"num_publications": 0, "num_citations": 0, "publications_years": {}, "old_citations": {}, "num_publications_5y": 0, "num_citations_5y": 0, "num_publications_10y": 0, "num_citations_10y": 0}, "conferences": {}, "journals": {}, "organizations": {"publication_overall": ["Wuhan University of Technology", "Chinese Academy of Sciences", "Dalian University of Technology", "Harbin Institute of Technology", "Hebei University of Technology", "Hohai University", "Hubei Institute of Fine Arts", "Hubei University", "Hunan University of Commerce", "Inner Mongolia University of Technology", "Jianghan University", "Naval University of Engineering", "Sanjiang University", "Tianjin University", "Tianjin University of Commerce", "Wuhan Polytechnic University", "Wuhan University of Science and Technology", "Xiamen University", "Zhongyuan University of Technology"], "citation_overall": ["Wuhan University of Technology", "Hohai University", "Sanjiang University", "Xiamen University", "Chinese Academy of Sciences", "Hunan University of Commerce", "Dalian University of Technology", "Harbin Institute of Technology", "Hebei University of Technology", "Hubei Institute of Fine Arts", "Hubei University", "Inner Mongolia University of Technology", "Jianghan University", "Naval University of Engineering", "Tianjin University", "Tianjin University of Commerce", "Wuhan Polytechnic University", "Wuhan University of Science and Technology", "Zhongyuan University of Technology"], "publication_10_years": ["Wuhan University of Technology", "Chinese Academy of Sciences", "Dalian University of Technology", "Harbin Institute of Technology", "Hebei University of Technology", "Hohai University", "Hubei Institute of Fine Arts", "Hubei University", "Hunan University of Commerce", "Inner Mongolia University of Technology", "Jianghan University", "Naval University of Engineering", "Sanjiang University", "Tianjin University", "Tianjin University of Commerce", "Wuhan Polytechnic University", "Wuhan University of Science and Technology", "Xiamen University", "Zhongyuan University of Technology"], "citation_10_years": ["Wuhan University of Technology", "Hohai University", "Sanjiang University", "Xiamen University", "Chinese Academy of Sciences", "Hunan University of Commerce", "Dalian University of Technology", "Harbin Institute of Technology", "Hebei University of Technology", "Hubei Institute of Fine Arts", "Hubei University", "Inner Mongolia University of Technology", "Jianghan University", "Naval University of Engineering", "Tianjin University", "Tianjin University of Commerce", "Wuhan Polytechnic University", "Wuhan University of Science and Technology", "Zhongyuan University of Technology"], "publication_5_years": [], "citation_5_years": []}, "countries": {"publication_overall": ["China"], "citation_overall": ["China"], "publication_10_years": ["China"], "citation_10_years": ["China"], "publication_5_years": [], "citation_5_years": []}, "topics": {"publication_overall": ["computer science", "computer systems", "artificial intelligence", "hierarchical system", "computer networks", "software engineering", "mathematics", "telecommunication systems", "computer aided design", "evaluation index", "knowledge based systems", "knowledge management", "telecommunication networks", "database systems", "evaluation models", "information systems", "machine learning", "product design", "software architecture", "software design"], "citation_overall": ["computer science", "computer systems", "artificial intelligence", "database systems", "knowledge based systems", "knowledge management", "telecommunication networks", "telecommunication systems", "telecommunication traffic", "computer hardware", "computer imaging and vision", "computer security", "cryptography", "cryptology", "explicit knowledge", "image processing", "information management", "information technology", "internet", "internet protocols"], "publication_10_years": ["computer science", "computer systems", "artificial intelligence", "hierarchical system", "computer networks", "mathematics", "software engineering", "telecommunication systems", "evaluation index", "knowledge based systems", "knowledge management", "telecommunication networks", "computer aided design", "database systems", "evaluation models", "machine learning", "software architecture", "software design", "architecture designs", "communication"], "citation_10_years": ["computer science", "computer systems", "artificial intelligence", "database systems", "knowledge based systems", "knowledge management", "telecommunication networks", "telecommunication systems", "telecommunication traffic", "computer hardware", "computer imaging and vision", "computer security", "cryptography", "cryptology", "explicit knowledge", "image processing", "information management", "information technology", "internet", "internet protocols"], "publication_5_years": [], "citation_5_years": []}, "main_topics": ["computer science"], "authors": {"publication_overall": ["242047132", "335898576", "913894348", "1581023097", "1910525237", "2000303156", "2015678072", "2021996386", "2043413375", "2104150506", "2121210007", "2157499444", "2222552141", "2223617406", "2223660540", "2224925375", "2226963766", "2227034828", "2228445100", "2228574571", "2228765892", "2231757242", "2231887554", "2232005251", "2232116267", "2269804247", "2281366062", "2306308163", "2306340650", "2311910278", "2326836243", "2349474691", "2354593353", "2357833529", "2420074421", "2421867482", "2422452741", "2430801815", "2431024678", "2436361915", "2473416983", "2477903662", "2479214872", "2484448344", "2506238826", "2632417649", "2633933100", "2643188068", "2643938643", "2646552669", "2652080745", "2662340583", "2662814027", "2666867756", "2671094856", "2672682717", "2672935004", "2686993235", "2701638950", "2704665171", "2711247411", "2712504898", "2751476607", "2936798399"], "citation_overall": ["2231887554", "2357833529", "2222552141", "2633933100", "2104150506", "2223617406", "2226963766", "2306340650", "2326836243", "2430801815", "2479214872", "2632417649", "2671094856", "2672682717", "242047132", "335898576", "913894348", "1581023097", "1910525237", "2000303156", "2015678072", "2021996386", "2043413375", "2121210007", "2157499444", "2223660540", "2224925375", "2227034828", "2228445100", "2228574571", "2228765892", "2231757242", "2232005251", "2232116267", "2269804247", "2281366062", "2306308163", "2311910278", "2349474691", "2354593353", "2420074421", "2421867482", "2422452741", "2431024678", "2436361915", "2473416983", "2477903662", "2484448344", "2506238826", "2643188068", "2643938643", "2646552669", "2652080745", "2662340583", "2662814027", "2666867756", "2672935004", "2686993235", "2701638950", "2704665171", "2711247411", "2712504898", "2751476607", "2936798399"], "publication_10_years": ["242047132", "335898576", "913894348", "1581023097", "1910525237", "2000303156", "2015678072", "2021996386", "2043413375", "2104150506", "2121210007", "2157499444", "2222552141", "2223617406", "2223660540", "2224925375", "2226963766", "2227034828", "2228445100", "2228574571", "2228765892", "2231757242", "2231887554", "2232005251", "2232116267", "2281366062", "2306308163", "2306340650", "2311910278", "2326836243", "2349474691", "2354593353", "2357833529", "2420074421", "2421867482", "2422452741", "2430801815", "2431024678", "2436361915", "2473416983", "2477903662", "2479214872", "2484448344", "2506238826", "2632417649", "2633933100", "2643188068", "2643938643", "2646552669", "2652080745", "2662340583", "2662814027", "2666867756", "2671094856", "2672682717", "2672935004", "2686993235", "2701638950", "2704665171", "2711247411", "2712504898", "2751476607", "2936798399"], "citation_10_years": ["2231887554", "2357833529", "2222552141", "2633933100", "2104150506", "2223617406", "2226963766", "2306340650", "2326836243", "2430801815", "2479214872", "2632417649", "2671094856", "2672682717", "242047132", "335898576", "913894348", "1581023097", "1910525237", "2000303156", "2015678072", "2021996386", "2043413375", "2121210007", "2157499444", "2223660540", "2224925375", "2227034828", "2228445100", "2228574571", "2228765892", "2231757242", "2232005251", "2232116267", "2281366062", "2306308163", "2311910278", "2349474691", "2354593353", "2420074421", "2421867482", "2422452741", "2431024678", "2436361915", "2473416983", "2477903662", "2484448344", "2506238826", "2643188068", "2643938643", "2646552669", "2652080745", "2662340583", "2662814027", "2666867756", "2672935004", "2686993235", "2701638950", "2704665171", "2711247411", "2712504898", "2751476607", "2936798399"], "publication_5_years": [], "citation_5_years": []}, "industrial_sectors": {"publication_overall": [], "citation_overall": [], "publication_10_years": [], "citation_10_years": [], "publication_5_years": [], "citation_5_years": []}}