{"name": "International Conference on Microwave and Photonics", "acronym": "ICMAP", "type": "conference", "uniqueEntities": {"organizations": {"Indian Institute of Technology Indore": {"name": "Indian Institute of Technology Indore", "type": "organization", "organization_type": "Education", "h_index": 29, "h5_index": 20, "num_publications": 4, "num_citations": 1, "num_publications_5y": 4, "num_citations_5y": 0, "num_publications_10y": 4, "num_citations_10y": 0, "publications_years": {"2018": 4}, "citations_years": {"2019": 1}, "old_citations": {"2018": 1}, "isVisible": false}, "Indian Institute of Technology Dhanbad": {"name": "Indian Institute of Technology Dhanbad", "type": "organization", "organization_type": "Education", "h_index": 35, "h5_index": 20, "num_publications": 3, "num_citations": 3, "num_publications_5y": 3, "num_citations_5y": 0, "num_publications_10y": 3, "num_citations_10y": 0, "publications_years": {"2018": 2, "2015": 1}, "citations_years": {"2020": 2, "2019": 1}, "old_citations": {"2018": 3, "2015": 0}, "isVisible": false}, "Defence Research and Development Organisation": {"name": "Defence Research and Development Organisation", "type": "organization", "organization_type": "Government", "h_index": 18, "h5_index": 8, "num_publications": 2, "num_citations": 1, "num_publications_5y": 2, "num_citations_5y": 1, "num_publications_10y": 2, "num_citations_10y": 1, "publications_years": {"2015": 1, "2018": 1}, "citations_years": {"2018": 1}, "old_citations": {"2015": 0, "2018": 1}, "isVisible": false}, "Atal Bihari Vajpayee Indian Institute of Information Technology and Management": {"name": "Atal Bihari Vajpayee Indian Institute of Information Technology and Management", "type": "organization", "organization_type": "Education", "h_index": 23, "h5_index": 10, "num_publications": 1, "num_citations": 2, "num_publications_5y": 1, "num_citations_5y": 1, "num_publications_10y": 1, "num_citations_10y": 1, "publications_years": {"2018": 1}, "citations_years": {"2018": 1, "2019": 1}, "old_citations": {"2018": 2}, "isVisible": false}, "Council of Scientific and Industrial Research": {"name": "Council of Scientific and Industrial Research", "type": "organization", "organization_type": "Government", "h_index": 30, "h5_index": 12, "num_publications": 1, "num_citations": 2, "num_publications_5y": 1, "num_citations_5y": 0, "num_publications_10y": 1, "num_citations_10y": 0, "publications_years": {"2018": 1}, "citations_years": {"2019": 1, "2020": 1}, "old_citations": {"2018": 2}, "isVisible": false}, "Guru Gobind Singh Indraprastha University": {"name": "Guru Gobind Singh Indraprastha University", "type": "organization", "organization_type": "Education", "h_index": 27, "h5_index": 9, "num_publications": 1, "num_citations": 0, "num_publications_5y": 1, "num_citations_5y": 0, "num_publications_10y": 1, "num_citations_10y": 0, "publications_years": {"2015": 1}, "citations_years": {}, "old_citations": {"2015": 0}, "isVisible": false}, "Indian Institute of Science Bangalore": {"name": "Indian Institute of Science Bangalore", "type": "organization", "organization_type": "Education", "h_index": 93, "h5_index": 30, "num_publications": 1, "num_citations": 0, "num_publications_5y": 1, "num_citations_5y": 0, "num_publications_10y": 1, "num_citations_10y": 0, "publications_years": {"2015": 1}, "citations_years": {}, "old_citations": {"2015": 0}, "isVisible": false}, "Indian Institute of Technology Bhubaneswar": {"name": "Indian Institute of Technology Bhubaneswar", "type": "organization", "organization_type": "Education", "h_index": 22, "h5_index": 16, "num_publications": 1, "num_citations": 0, "num_publications_5y": 0, "num_citations_5y": 0, "num_publications_10y": 1, "num_citations_10y": 0, "publications_years": {"2013": 1}, "citations_years": {}, "old_citations": {"2013": 0}, "isVisible": false}, "Indian Institute of Technology Delhi": {"name": "Indian Institute of Technology Delhi", "type": "organization", "organization_type": "Education", "h_index": 75, "h5_index": 27, "num_publications": 1, "num_citations": 0, "num_publications_5y": 1, "num_citations_5y": 0, "num_publications_10y": 1, "num_citations_10y": 0, "publications_years": {"2018": 1}, "citations_years": {}, "old_citations": {"2018": 0}, "isVisible": false}, "Indian Institute of Technology Gandhinagar": {"name": "Indian Institute of Technology Gandhinagar", "type": "organization", "organization_type": "Education", "h_index": 14, "h5_index": 11, "num_publications": 1, "num_citations": 0, "num_publications_5y": 1, "num_citations_5y": 0, "num_publications_10y": 1, "num_citations_10y": 0, "publications_years": {"2018": 1}, "citations_years": {}, "old_citations": {"2018": 0}, "isVisible": false}, "Indian Institute of Technology Kanpur": {"name": "Indian Institute of Technology Kanpur", "type": "organization", "organization_type": "Education", "h_index": 70, "h5_index": 26, "num_publications": 1, "num_citations": 0, "num_publications_5y": 1, "num_citations_5y": 0, "num_publications_10y": 1, "num_citations_10y": 0, "publications_years": {"2018": 1}, "citations_years": {}, "old_citations": {"2018": 0}, "isVisible": false}, "Indian Institute of Technology Kharagpur": {"name": "Indian Institute of Technology Kharagpur", "type": "organization", "organization_type": "Education", "h_index": 72, "h5_index": 31, "num_publications": 1, "num_citations": 0, "num_publications_5y": 1, "num_citations_5y": 0, "num_publications_10y": 1, "num_citations_10y": 0, "publications_years": {"2018": 1}, "citations_years": {}, "old_citations": {"2018": 0}, "isVisible": false}, "Indian Institute of Technology Patna": {"name": "Indian Institute of Technology Patna", "type": "organization", "organization_type": "Education", "h_index": 23, "h5_index": 15, "num_publications": 1, "num_citations": 1, "num_publications_5y": 1, "num_citations_5y": 0, "num_publications_10y": 1, "num_citations_10y": 0, "publications_years": {"2018": 1}, "citations_years": {"2019": 1}, "old_citations": {"2018": 1}, "isVisible": false}, "Indian Institute of Technology Roorkee": {"name": "Indian Institute of Technology Roorkee", "type": "organization", "organization_type": "Education", "h_index": 51, "h5_index": 25, "num_publications": 1, "num_citations": 2, "num_publications_5y": 0, "num_citations_5y": 2, "num_publications_10y": 1, "num_citations_10y": 2, "publications_years": {"2013": 1}, "citations_years": {"2014": 2}, "old_citations": {"2013": 2}, "isVisible": false}, "Malaviya National Institute of Technology Jaipur": {"name": "Malaviya National Institute of Technology Jaipur", "type": "organization", "organization_type": "Education", "h_index": 31, "h5_index": 18, "num_publications": 1, "num_citations": 1, "num_publications_5y": 1, "num_citations_5y": 1, "num_publications_10y": 1, "num_citations_10y": 1, "publications_years": {"2015": 1}, "citations_years": {"2017": 1}, "old_citations": {"2015": 1}, "isVisible": false}, "Motilal Nehru National Institute of Technology": {"name": "Motilal Nehru National Institute of Technology", "type": "organization", "organization_type": "Education", "h_index": 26, "h5_index": 17, "num_publications": 1, "num_citations": 0, "num_publications_5y": 1, "num_citations_5y": 0, "num_publications_10y": 1, "num_citations_10y": 0, "publications_years": {"2018": 1}, "citations_years": {}, "old_citations": {"2018": 0}, "isVisible": false}, "Pondicherry University": {"name": "Pondicherry University", "type": "organization", "organization_type": "Education", "h_index": 26, "h5_index": 13, "num_publications": 1, "num_citations": 0, "num_publications_5y": 1, "num_citations_5y": 0, "num_publications_10y": 1, "num_citations_10y": 0, "publications_years": {"2018": 1}, "citations_years": {}, "old_citations": {"2018": 0}, "isVisible": false}, "Sant Longowal Institute of Engineering and Technology": {"name": "Sant Longowal Institute of Engineering and Technology", "type": "organization", "organization_type": "Education", "h_index": 15, "h5_index": 8, "num_publications": 1, "num_citations": 0, "num_publications_5y": 1, "num_citations_5y": 0, "num_publications_10y": 1, "num_citations_10y": 0, "publications_years": {"2018": 1}, "citations_years": {}, "old_citations": {"2018": 0}, "isVisible": false}, "Sant'Anna School of Advanced Studies": {"name": "Sant'Anna School of Advanced Studies", "type": "organization", "organization_type": "Education", "h_index": 66, "h5_index": 20, "num_publications": 1, "num_citations": 0, "num_publications_5y": 1, "num_citations_5y": 0, "num_publications_10y": 1, "num_citations_10y": 0, "publications_years": {"2015": 1}, "citations_years": {}, "old_citations": {"2015": 0}, "isVisible": false}}, "topics": {"computer science": {"name": "computer science", "type": "topic", "h_index": 1779, "h5_index": 416, "num_publications": 31, "num_citations": 15, "num_publications_5y": 27, "num_citations_5y": 7, "num_publications_10y": 31, "num_citations_10y": 7, "publications_years": {"2015": 5, "2018": 22, "2013": 4}, "citations_years": {"2017": 1, "2018": 4, "2019": 5, "2020": 3, "2014": 2}, "old_citations": {"2015": 1, "2018": 10, "2013": 4}, "isVisible": false}, "computer networks": {"name": "computer networks", "type": "topic", "h_index": 1262, "h5_index": 332, "num_publications": 28, "num_citations": 13, "num_publications_5y": 25, "num_citations_5y": 5, "num_publications_10y": 28, "num_citations_10y": 5, "publications_years": {"2015": 5, "2018": 20, "2013": 3}, "citations_years": {"2017": 1, "2018": 4, "2019": 5, "2020": 3}, "old_citations": {"2015": 1, "2018": 10, "2013": 2}, "isVisible": false}, "computer systems": {"name": "computer systems", "type": "topic", "h_index": 1595, "h5_index": 367, "num_publications": 28, "num_citations": 13, "num_publications_5y": 25, "num_citations_5y": 5, "num_publications_10y": 28, "num_citations_10y": 5, "publications_years": {"2015": 5, "2018": 20, "2013": 3}, "citations_years": {"2017": 1, "2018": 4, "2019": 5, "2020": 3}, "old_citations": {"2015": 1, "2018": 10, "2013": 2}, "isVisible": false}, "telecommunication systems": {"name": "telecommunication systems", "type": "topic", "h_index": 1187, "h5_index": 277, "num_publications": 28, "num_citations": 13, "num_publications_5y": 25, "num_citations_5y": 5, "num_publications_10y": 28, "num_citations_10y": 5, "publications_years": {"2015": 5, "2018": 20, "2013": 3}, "citations_years": {"2017": 1, "2018": 4, "2019": 5, "2020": 3}, "old_citations": {"2015": 1, "2018": 10, "2013": 2}, "isVisible": false}, "communication systems": {"name": "communication systems", "type": "topic", "h_index": 1092, "h5_index": 254, "num_publications": 26, "num_citations": 12, "num_publications_5y": 23, "num_citations_5y": 4, "num_publications_10y": 26, "num_citations_10y": 4, "publications_years": {"2015": 5, "2018": 18, "2013": 3}, "citations_years": {"2017": 1, "2018": 3, "2019": 5, "2020": 3}, "old_citations": {"2015": 1, "2018": 9, "2013": 2}, "isVisible": false}, "wireless telecommunication systems": {"name": "wireless telecommunication systems", "type": "topic", "h_index": 1087, "h5_index": 254, "num_publications": 26, "num_citations": 12, "num_publications_5y": 23, "num_citations_5y": 4, "num_publications_10y": 26, "num_citations_10y": 4, "publications_years": {"2015": 5, "2018": 18, "2013": 3}, "citations_years": {"2017": 1, "2018": 3, "2019": 5, "2020": 3}, "old_citations": {"2015": 1, "2018": 9, "2013": 2}, "isVisible": false}, "engineering": {"name": "engineering", "type": "topic", "h_index": 1177, "h5_index": 287, "num_publications": 25, "num_citations": 12, "num_publications_5y": 21, "num_citations_5y": 6, "num_publications_10y": 25, "num_citations_10y": 6, "publications_years": {"2018": 17, "2013": 4, "2015": 4}, "citations_years": {"2018": 4, "2019": 4, "2020": 2, "2014": 2}, "old_citations": {"2018": 8, "2013": 4, "2015": 0}, "isVisible": false}, "computer hardware": {"name": "computer hardware", "type": "topic", "h_index": 1150, "h5_index": 279, "num_publications": 24, "num_citations": 13, "num_publications_5y": 21, "num_citations_5y": 6, "num_publications_10y": 24, "num_citations_10y": 6, "publications_years": {"2015": 5, "2018": 16, "2013": 3}, "citations_years": {"2017": 1, "2018": 3, "2019": 5, "2020": 2, "2014": 2}, "old_citations": {"2015": 1, "2018": 8, "2013": 4}, "isVisible": false}, "sensors": {"name": "sensors", "type": "topic", "h_index": 960, "h5_index": 229, "num_publications": 23, "num_citations": 13, "num_publications_5y": 20, "num_citations_5y": 6, "num_publications_10y": 23, "num_citations_10y": 6, "publications_years": {"2015": 5, "2018": 15, "2013": 3}, "citations_years": {"2017": 1, "2018": 3, "2019": 5, "2020": 2, "2014": 2}, "old_citations": {"2015": 1, "2018": 8, "2013": 4}, "isVisible": false}, "signal processing": {"name": "signal processing", "type": "topic", "h_index": 1012, "h5_index": 255, "num_publications": 23, "num_citations": 12, "num_publications_5y": 19, "num_citations_5y": 6, "num_publications_10y": 23, "num_citations_10y": 6, "publications_years": {"2018": 15, "2013": 4, "2015": 4}, "citations_years": {"2018": 4, "2019": 4, "2020": 2, "2014": 2}, "old_citations": {"2018": 8, "2013": 4, "2015": 0}, "isVisible": false}, "telecommunication networks": {"name": "telecommunication networks", "type": "topic", "h_index": 1116, "h5_index": 258, "num_publications": 21, "num_citations": 11, "num_publications_5y": 19, "num_citations_5y": 5, "num_publications_10y": 21, "num_citations_10y": 5, "publications_years": {"2015": 5, "2018": 14, "2013": 2}, "citations_years": {"2017": 1, "2018": 4, "2019": 3, "2020": 3}, "old_citations": {"2015": 1, "2018": 8, "2013": 2}, "isVisible": false}, "mathematics": {"name": "mathematics", "type": "topic", "h_index": 1364, "h5_index": 300, "num_publications": 19, "num_citations": 10, "num_publications_5y": 15, "num_citations_5y": 5, "num_publications_10y": 19, "num_citations_10y": 5, "publications_years": {"2013": 4, "2018": 12, "2015": 3}, "citations_years": {"2018": 3, "2019": 3, "2020": 2, "2014": 2}, "old_citations": {"2013": 4, "2018": 6, "2015": 0}, "isVisible": false}, "telecommunication traffic": {"name": "telecommunication traffic", "type": "topic", "h_index": 1036, "h5_index": 233, "num_publications": 18, "num_citations": 10, "num_publications_5y": 16, "num_citations_5y": 5, "num_publications_10y": 18, "num_citations_10y": 5, "publications_years": {"2015": 4, "2018": 12, "2013": 2}, "citations_years": {"2017": 1, "2018": 4, "2019": 3, "2020": 2}, "old_citations": {"2015": 1, "2018": 7, "2013": 2}, "isVisible": false}, "communication channels (information theory)": {"name": "communication channels (information theory)", "type": "topic", "h_index": 925, "h5_index": 216, "num_publications": 17, "num_citations": 8, "num_publications_5y": 14, "num_citations_5y": 3, "num_publications_10y": 17, "num_citations_10y": 3, "publications_years": {"2013": 3, "2018": 10, "2015": 4}, "citations_years": {"2018": 3, "2019": 3, "2020": 2}, "old_citations": {"2013": 2, "2018": 6, "2015": 0}, "isVisible": false}, "signal to noise ratio": {"name": "signal to noise ratio", "type": "topic", "h_index": 821, "h5_index": 194, "num_publications": 16, "num_citations": 7, "num_publications_5y": 13, "num_citations_5y": 3, "num_publications_10y": 16, "num_citations_10y": 3, "publications_years": {"2013": 3, "2018": 9, "2015": 4}, "citations_years": {"2018": 3, "2019": 3, "2020": 1}, "old_citations": {"2013": 2, "2018": 5, "2015": 0}, "isVisible": false}, "bandwidth": {"name": "bandwidth", "type": "topic", "h_index": 922, "h5_index": 201, "num_publications": 14, "num_citations": 10, "num_publications_5y": 12, "num_citations_5y": 4, "num_publications_10y": 14, "num_citations_10y": 4, "publications_years": {"2015": 2, "2018": 10, "2013": 2}, "citations_years": {"2017": 1, "2018": 3, "2019": 3, "2020": 3}, "old_citations": {"2015": 1, "2018": 7, "2013": 2}, "isVisible": false}, "optical fibers": {"name": "optical fibers", "type": "topic", "h_index": 457, "h5_index": 111, "num_publications": 14, "num_citations": 7, "num_publications_5y": 14, "num_citations_5y": 3, "num_publications_10y": 14, "num_citations_10y": 3, "publications_years": {"2015": 3, "2018": 11}, "citations_years": {"2017": 1, "2020": 1, "2019": 3, "2018": 2}, "old_citations": {"2015": 1, "2018": 6}, "isVisible": false}, "signal detection": {"name": "signal detection", "type": "topic", "h_index": 720, "h5_index": 185, "num_publications": 14, "num_citations": 5, "num_publications_5y": 12, "num_citations_5y": 3, "num_publications_10y": 14, "num_citations_10y": 3, "publications_years": {"2018": 9, "2013": 2, "2015": 3}, "citations_years": {"2018": 3, "2019": 1, "2020": 1}, "old_citations": {"2018": 5, "2013": 0, "2015": 0}, "isVisible": false}, "antennas": {"name": "antennas", "type": "topic", "h_index": 645, "h5_index": 152, "num_publications": 13, "num_citations": 7, "num_publications_5y": 10, "num_citations_5y": 3, "num_publications_10y": 13, "num_citations_10y": 3, "publications_years": {"2013": 3, "2018": 8, "2015": 2}, "citations_years": {"2018": 3, "2019": 3, "2020": 1}, "old_citations": {"2013": 2, "2018": 5, "2015": 0}, "isVisible": false}, "computer imaging and vision": {"name": "computer imaging and vision", "type": "topic", "h_index": 1142, "h5_index": 334, "num_publications": 13, "num_citations": 10, "num_publications_5y": 11, "num_citations_5y": 5, "num_publications_10y": 13, "num_citations_10y": 5, "publications_years": {"2015": 3, "2018": 8, "2013": 2}, "citations_years": {"2017": 1, "2019": 4, "2018": 2, "2020": 1, "2014": 2}, "old_citations": {"2015": 1, "2018": 7, "2013": 2}, "isVisible": false}, "image processing": {"name": "image processing", "type": "topic", "h_index": 1113, "h5_index": 328, "num_publications": 13, "num_citations": 10, "num_publications_5y": 11, "num_citations_5y": 5, "num_publications_10y": 13, "num_citations_10y": 5, "publications_years": {"2015": 3, "2018": 8, "2013": 2}, "citations_years": {"2017": 1, "2019": 4, "2018": 2, "2020": 1, "2014": 2}, "old_citations": {"2015": 1, "2018": 7, "2013": 2}, "isVisible": false}, "image analysis": {"name": "image analysis", "type": "topic", "h_index": 988, "h5_index": 315, "num_publications": 12, "num_citations": 9, "num_publications_5y": 10, "num_citations_5y": 4, "num_publications_10y": 12, "num_citations_10y": 4, "publications_years": {"2018": 8, "2015": 2, "2013": 2}, "citations_years": {"2019": 4, "2018": 2, "2020": 1, "2014": 2}, "old_citations": {"2018": 7, "2015": 0, "2013": 2}, "isVisible": false}, "computer security": {"name": "computer security", "type": "topic", "h_index": 977, "h5_index": 220, "num_publications": 8, "num_citations": 8, "num_publications_5y": 7, "num_citations_5y": 4, "num_publications_10y": 8, "num_citations_10y": 4, "publications_years": {"2018": 7, "2013": 1}, "citations_years": {"2018": 2, "2020": 2, "2019": 2, "2014": 2}, "old_citations": {"2018": 6, "2013": 2}, "isVisible": false}, "probability": {"name": "probability", "type": "topic", "h_index": 918, "h5_index": 211, "num_publications": 12, "num_citations": 6, "num_publications_5y": 10, "num_citations_5y": 2, "num_publications_10y": 12, "num_citations_10y": 2, "publications_years": {"2018": 9, "2013": 2, "2015": 1}, "citations_years": {"2020": 2, "2019": 2, "2018": 2}, "old_citations": {"2018": 6, "2013": 0, "2015": 0}, "isVisible": false}, "cryptography": {"name": "cryptography", "type": "topic", "h_index": 761, "h5_index": 179, "num_publications": 6, "num_citations": 6, "num_publications_5y": 6, "num_citations_5y": 2, "num_publications_10y": 6, "num_citations_10y": 2, "publications_years": {"2018": 6}, "citations_years": {"2018": 2, "2020": 2, "2019": 2}, "old_citations": {"2018": 6}, "isVisible": false}, "cryptology": {"name": "cryptology", "type": "topic", "h_index": 761, "h5_index": 179, "num_publications": 6, "num_citations": 6, "num_publications_5y": 6, "num_citations_5y": 2, "num_publications_10y": 6, "num_citations_10y": 2, "publications_years": {"2018": 6}, "citations_years": {"2018": 2, "2020": 2, "2019": 2}, "old_citations": {"2018": 6}, "isVisible": false}}, "authors": {"2281393132": {"name": "shashi prakash", "type": "author", "activity": 10, "h_index": 6, "h5_index": 5, "mag_id": "2281393132", "num_publications": 5, "num_citations": 1, "num_publications_5y": 5, "num_citations_5y": 0, "num_publications_10y": 5, "num_citations_10y": 0, "publications_years": {"2018": 5}, "citations_years": {"2019": 1}, "old_citations": {"2018": 1}, "isVisible": true}, "2102717851": {"name": "vimal bhatia", "type": "author", "activity": 19, "h_index": 9, "h5_index": 9, "mag_id": "2102717851", "num_publications": 4, "num_citations": 1, "num_publications_5y": 4, "num_citations_5y": 0, "num_publications_10y": 4, "num_citations_10y": 0, "publications_years": {"2018": 4}, "citations_years": {"2019": 1}, "old_citations": {"2018": 1}, "isVisible": false}, "2604268816": {"name": "amit chatterjee", "type": "author", "activity": 2, "h_index": 1, "h5_index": 1, "mag_id": "2604268816", "num_publications": 4, "num_citations": 1, "num_publications_5y": 4, "num_citations_5y": 0, "num_publications_10y": 4, "num_citations_10y": 0, "publications_years": {"2018": 4}, "citations_years": {"2019": 1}, "old_citations": {"2018": 1}, "isVisible": false}, "142529531": {"name": "jitendra dhanotia", "type": "author", "activity": 2, "h_index": 1, "h5_index": 1, "mag_id": "142529531", "num_publications": 2, "num_citations": 1, "num_publications_5y": 2, "num_citations_5y": 0, "num_publications_10y": 2, "num_citations_10y": 0, "publications_years": {"2018": 2}, "citations_years": {"2019": 1}, "old_citations": {"2018": 1}, "isVisible": false}, "2800821715": {"name": "puneet singh", "type": "author", "activity": 1, "h_index": 0, "h5_index": 0, "mag_id": "2800821715", "num_publications": 2, "num_citations": 0, "num_publications_5y": 2, "num_citations_5y": 0, "num_publications_10y": 2, "num_citations_10y": 0, "publications_years": {"2018": 2}, "citations_years": {}, "old_citations": {"2018": 0}, "isVisible": false}, "340251133": {"name": "paolo ghelfi", "type": "author", "activity": 15, "h_index": 4, "h5_index": 1, "mag_id": "340251133", "num_publications": 1, "num_citations": 0, "num_publications_5y": 1, "num_citations_5y": 0, "num_publications_10y": 1, "num_citations_10y": 0, "publications_years": {"2015": 1}, "citations_years": {}, "old_citations": {"2015": 0}, "isVisible": false}, "437047280": {"name": "t shanmuganantham", "type": "author", "activity": 13, "h_index": 4, "h5_index": 3, "mag_id": "437047280", "num_publications": 1, "num_citations": 0, "num_publications_5y": 1, "num_citations_5y": 0, "num_publications_10y": 1, "num_citations_10y": 0, "publications_years": {"2018": 1}, "citations_years": {}, "old_citations": {"2018": 0}, "isVisible": false}, "1271160705": {"name": "francesco laghezza", "type": "author", "activity": 8, "h_index": 3, "h5_index": 1, "mag_id": "1271160705", "num_publications": 1, "num_citations": 0, "num_publications_5y": 1, "num_citations_5y": 0, "num_publications_10y": 1, "num_citations_10y": 0, "publications_years": {"2015": 1}, "citations_years": {}, "old_citations": {"2015": 0}, "isVisible": false}, "1903016032": {"name": "s s kakatkar", "type": "author", "activity": 4, "h_index": 1, "h5_index": 1, "mag_id": "1903016032", "num_publications": 1, "num_citations": 2, "num_publications_5y": 0, "num_citations_5y": 1, "num_publications_10y": 1, "num_citations_10y": 1, "publications_years": {"2013": 1}, "citations_years": {"2018": 1, "2019": 1}, "old_citations": {"2013": 2}, "isVisible": false}, "1909602784": {"name": "daniel onori", "type": "author", "activity": 6, "h_index": 2, "h5_index": 1, "mag_id": "1909602784", "num_publications": 1, "num_citations": 0, "num_publications_5y": 1, "num_citations_5y": 0, "num_publications_10y": 1, "num_citations_10y": 0, "publications_years": {"2015": 1}, "citations_years": {}, "old_citations": {"2015": 0}, "isVisible": false}, "1912722470": {"name": "santanu dwari", "type": "author", "activity": 8, "h_index": 4, "h5_index": 2, "mag_id": "1912722470", "num_publications": 1, "num_citations": 1, "num_publications_5y": 1, "num_citations_5y": 1, "num_publications_10y": 1, "num_citations_10y": 1, "publications_years": {"2018": 1}, "citations_years": {"2018": 1}, "old_citations": {"2018": 1}, "isVisible": false}, "1967743685": {"name": "giovanni serafino", "type": "author", "activity": 8, "h_index": 2, "h5_index": 1, "mag_id": "1967743685", "num_publications": 1, "num_citations": 0, "num_publications_5y": 1, "num_citations_5y": 0, "num_publications_10y": 1, "num_citations_10y": 0, "publications_years": {"2015": 1}, "citations_years": {}, "old_citations": {"2015": 0}, "isVisible": false}, "1984040005": {"name": "antonella bogoni", "type": "author", "activity": 18, "h_index": 9, "h5_index": 2, "mag_id": "1984040005", "num_publications": 1, "num_citations": 0, "num_publications_5y": 1, "num_citations_5y": 0, "num_publications_10y": 1, "num_citations_10y": 0, "publications_years": {"2015": 1}, "citations_years": {}, "old_citations": {"2015": 0}, "isVisible": false}, "2008512801": {"name": "m scaffardi", "type": "author", "activity": 13, "h_index": 7, "h5_index": 1, "mag_id": "2008512801", "num_publications": 1, "num_citations": 0, "num_publications_5y": 1, "num_citations_5y": 0, "num_publications_10y": 1, "num_citations_10y": 0, "publications_years": {"2015": 1}, "citations_years": {}, "old_citations": {"2015": 0}, "isVisible": false}, "2038497187": {"name": "lalit mohan saini", "type": "author", "activity": 17, "h_index": 4, "h5_index": 2, "mag_id": "2038497187", "num_publications": 1, "num_citations": 2, "num_publications_5y": 0, "num_citations_5y": 2, "num_publications_10y": 1, "num_citations_10y": 2, "publications_years": {"2013": 1}, "citations_years": {"2014": 2}, "old_citations": {"2013": 2}, "isVisible": false}, "2091887378": {"name": "naveen k nishchal", "type": "author", "activity": 16, "h_index": 4, "h5_index": 1, "mag_id": "2091887378", "num_publications": 1, "num_citations": 1, "num_publications_5y": 1, "num_citations_5y": 0, "num_publications_10y": 1, "num_citations_10y": 0, "publications_years": {"2018": 1}, "citations_years": {"2019": 1}, "old_citations": {"2018": 1}, "isVisible": false}, "2102748333": {"name": "divya sharma", "type": "author", "activity": 4, "h_index": 1, "h5_index": 1, "mag_id": "2102748333", "num_publications": 1, "num_citations": 0, "num_publications_5y": 1, "num_citations_5y": 0, "num_publications_10y": 1, "num_citations_10y": 0, "publications_years": {"2018": 1}, "citations_years": {}, "old_citations": {"2018": 0}, "isVisible": false}, "2103354896": {"name": "subrat kar", "type": "author", "activity": 22, "h_index": 9, "h5_index": 3, "mag_id": "2103354896", "num_publications": 1, "num_citations": 0, "num_publications_5y": 1, "num_citations_5y": 0, "num_publications_10y": 1, "num_citations_10y": 0, "publications_years": {"2018": 1}, "citations_years": {}, "old_citations": {"2018": 0}, "isVisible": false}, "2114492282": {"name": "pankaj srivastava", "type": "author", "activity": 10, "h_index": 2, "h5_index": 1, "mag_id": "2114492282", "num_publications": 1, "num_citations": 2, "num_publications_5y": 1, "num_citations_5y": 1, "num_publications_10y": 1, "num_citations_10y": 1, "publications_years": {"2018": 1}, "citations_years": {"2018": 1, "2019": 1}, "old_citations": {"2018": 2}, "isVisible": false}, "2120593917": {"name": "v k jain", "type": "author", "activity": 30, "h_index": 6, "h5_index": 2, "mag_id": "2120593917", "num_publications": 1, "num_citations": 0, "num_publications_5y": 1, "num_citations_5y": 0, "num_publications_10y": 1, "num_citations_10y": 0, "publications_years": {"2018": 1}, "citations_years": {}, "old_citations": {"2018": 0}, "isVisible": false}, "2121346000": {"name": "raghvendra kumar chaudhary", "type": "author", "activity": 8, "h_index": 5, "h5_index": 4, "mag_id": "2121346000", "num_publications": 1, "num_citations": 0, "num_publications_5y": 1, "num_citations_5y": 0, "num_publications_10y": 1, "num_citations_10y": 0, "publications_years": {"2018": 1}, "citations_years": {}, "old_citations": {"2018": 0}, "isVisible": false}, "2125103132": {"name": "sushrut das", "type": "author", "activity": 7, "h_index": 3, "h5_index": 2, "mag_id": "2125103132", "num_publications": 1, "num_citations": 1, "num_publications_5y": 1, "num_citations_5y": 0, "num_publications_10y": 1, "num_citations_10y": 0, "publications_years": {"2018": 1}, "citations_years": {"2020": 1}, "old_citations": {"2018": 1}, "isVisible": false}, "2128596328": {"name": "raja datta", "type": "author", "activity": 19, "h_index": 13, "h5_index": 5, "mag_id": "2128596328", "num_publications": 1, "num_citations": 0, "num_publications_5y": 1, "num_citations_5y": 0, "num_publications_10y": 1, "num_citations_10y": 0, "publications_years": {"2018": 1}, "citations_years": {}, "old_citations": {"2018": 0}, "isVisible": false}, "2134892988": {"name": "dharmendra singh", "type": "author", "activity": 20, "h_index": 4, "h5_index": 2, "mag_id": "2134892988", "num_publications": 1, "num_citations": 2, "num_publications_5y": 0, "num_citations_5y": 2, "num_publications_10y": 1, "num_citations_10y": 2, "publications_years": {"2013": 1}, "citations_years": {"2014": 2}, "old_citations": {"2013": 2}, "isVisible": false}, "2137296708": {"name": "p k sahu", "type": "author", "activity": 15, "h_index": 4, "h5_index": 1, "mag_id": "2137296708", "num_publications": 1, "num_citations": 0, "num_publications_5y": 0, "num_citations_5y": 0, "num_publications_10y": 1, "num_citations_10y": 0, "publications_years": {"2013": 1}, "citations_years": {}, "old_citations": {"2013": 0}, "isVisible": false}, "2139321277": {"name": "sanjoy mandal", "type": "author", "activity": 4, "h_index": 1, "h5_index": 0, "mag_id": "2139321277", "num_publications": 1, "num_citations": 0, "num_publications_5y": 1, "num_citations_5y": 0, "num_publications_10y": 1, "num_citations_10y": 0, "publications_years": {"2015": 1}, "citations_years": {}, "old_citations": {"2015": 0}, "isVisible": false}, "2146757389": {"name": "debasish datta", "type": "author", "activity": 30, "h_index": 8, "h5_index": 3, "mag_id": "2146757389", "num_publications": 1, "num_citations": 0, "num_publications_5y": 1, "num_citations_5y": 0, "num_publications_10y": 1, "num_citations_10y": 0, "publications_years": {"2018": 1}, "citations_years": {}, "old_citations": {"2018": 0}, "isVisible": false}, "2150555481": {"name": "s ashok kumar", "type": "author", "activity": 8, "h_index": 2, "h5_index": 0, "mag_id": "2150555481", "num_publications": 1, "num_citations": 0, "num_publications_5y": 1, "num_citations_5y": 0, "num_publications_10y": 1, "num_citations_10y": 0, "publications_years": {"2018": 1}, "citations_years": {}, "old_citations": {"2018": 0}, "isVisible": false}, "2155131013": {"name": "syed tajammul ahmad", "type": "author", "activity": 3, "h_index": 1, "h5_index": 1, "mag_id": "2155131013", "num_publications": 1, "num_citations": 0, "num_publications_5y": 1, "num_citations_5y": 0, "num_publications_10y": 1, "num_citations_10y": 0, "publications_years": {"2018": 1}, "citations_years": {}, "old_citations": {"2018": 0}, "isVisible": false}, "2160978702": {"name": "k pradeep kumar", "type": "author", "activity": 3, "h_index": 1, "h5_index": 1, "mag_id": "2160978702", "num_publications": 1, "num_citations": 0, "num_publications_5y": 1, "num_citations_5y": 0, "num_publications_10y": 1, "num_citations_10y": 0, "publications_years": {"2018": 1}, "citations_years": {}, "old_citations": {"2018": 0}, "isVisible": false}, "2170384730": {"name": "rakesh kumar naik", "type": "author", "activity": 1, "h_index": 0, "h5_index": 0, "mag_id": "2170384730", "num_publications": 1, "num_citations": 0, "num_publications_5y": 0, "num_citations_5y": 0, "num_publications_10y": 1, "num_citations_10y": 0, "publications_years": {"2013": 1}, "citations_years": {}, "old_citations": {"2013": 0}, "isVisible": false}, "2178362932": {"name": "mukesh kumar gupta", "type": "author", "activity": 6, "h_index": 4, "h5_index": 0, "mag_id": "2178362932", "num_publications": 1, "num_citations": 1, "num_publications_5y": 1, "num_citations_5y": 1, "num_publications_10y": 1, "num_citations_10y": 1, "publications_years": {"2015": 1}, "citations_years": {"2017": 1}, "old_citations": {"2015": 1}, "isVisible": false}, "2209960564": {"name": "k p ray", "type": "author", "activity": 6, "h_index": 2, "h5_index": 1, "mag_id": "2209960564", "num_publications": 1, "num_citations": 2, "num_publications_5y": 0, "num_citations_5y": 1, "num_publications_10y": 1, "num_citations_10y": 1, "publications_years": {"2013": 1}, "citations_years": {"2018": 1, "2019": 1}, "old_citations": {"2013": 2}, "isVisible": false}, "2226046093": {"name": "t jaisingh", "type": "author", "activity": 1, "h_index": 1, "h5_index": 1, "mag_id": "2226046093", "num_publications": 1, "num_citations": 1, "num_publications_5y": 1, "num_citations_5y": 0, "num_publications_10y": 1, "num_citations_10y": 0, "publications_years": {"2018": 1}, "citations_years": {"2020": 1}, "old_citations": {"2018": 1}, "isVisible": false}, "2228366317": {"name": "jairam more", "type": "author", "activity": 1, "h_index": 0, "h5_index": 0, "mag_id": "2228366317", "num_publications": 1, "num_citations": 0, "num_publications_5y": 0, "num_citations_5y": 0, "num_publications_10y": 1, "num_citations_10y": 0, "publications_years": {"2013": 1}, "citations_years": {}, "old_citations": {"2013": 0}, "isVisible": false}, "2228904204": {"name": "n s madaka", "type": "author", "activity": 1, "h_index": 1, "h5_index": 0, "mag_id": "2228904204", "num_publications": 1, "num_citations": 2, "num_publications_5y": 0, "num_citations_5y": 1, "num_publications_10y": 1, "num_citations_10y": 1, "publications_years": {"2013": 1}, "citations_years": {"2018": 1, "2019": 1}, "old_citations": {"2013": 2}, "isVisible": false}, "2234967038": {"name": "vinod k singh", "type": "author", "activity": 5, "h_index": 2, "h5_index": 2, "mag_id": "2234967038", "num_publications": 1, "num_citations": 2, "num_publications_5y": 1, "num_citations_5y": 0, "num_publications_10y": 1, "num_citations_10y": 0, "publications_years": {"2018": 1}, "citations_years": {"2019": 1, "2020": 1}, "old_citations": {"2018": 2}, "isVisible": false}, "2238680603": {"name": "surinder singh", "type": "author", "activity": 12, "h_index": 5, "h5_index": 3, "mag_id": "2238680603", "num_publications": 1, "num_citations": 0, "num_publications_5y": 1, "num_citations_5y": 0, "num_publications_10y": 1, "num_citations_10y": 0, "publications_years": {"2018": 1}, "citations_years": {}, "old_citations": {"2018": 0}, "isVisible": false}, "2288821425": {"name": "dinesh nagar", "type": "author", "activity": 1, "h_index": 1, "h5_index": 0, "mag_id": "2288821425", "num_publications": 1, "num_citations": 1, "num_publications_5y": 1, "num_citations_5y": 1, "num_publications_10y": 1, "num_citations_10y": 1, "publications_years": {"2015": 1}, "citations_years": {"2017": 1}, "old_citations": {"2015": 1}, "isVisible": false}, "2297801793": {"name": "nidhi verma", "type": "author", "activity": 1, "h_index": 0, "h5_index": 0, "mag_id": "2297801793", "num_publications": 1, "num_citations": 0, "num_publications_5y": 1, "num_citations_5y": 0, "num_publications_10y": 1, "num_citations_10y": 0, "publications_years": {"2015": 1}, "citations_years": {}, "old_citations": {"2015": 0}, "isVisible": false}, "2299056090": {"name": "ghanshyam singh", "type": "author", "activity": 13, "h_index": 3, "h5_index": 3, "mag_id": "2299056090", "num_publications": 1, "num_citations": 1, "num_publications_5y": 1, "num_citations_5y": 1, "num_publications_10y": 1, "num_citations_10y": 1, "publications_years": {"2015": 1}, "citations_years": {"2017": 1}, "old_citations": {"2015": 1}, "isVisible": false}, "2303523564": {"name": "filippo scotti", "type": "author", "activity": 8, "h_index": 3, "h5_index": 1, "mag_id": "2303523564", "num_publications": 1, "num_citations": 0, "num_publications_5y": 1, "num_citations_5y": 0, "num_publications_10y": 1, "num_citations_10y": 0, "publications_years": {"2015": 1}, "citations_years": {}, "old_citations": {"2015": 0}, "isVisible": false}, "2308613316": {"name": "amit kumar garg", "type": "author", "activity": 4, "h_index": 2, "h5_index": 2, "mag_id": "2308613316", "num_publications": 1, "num_citations": 1, "num_publications_5y": 1, "num_citations_5y": 1, "num_publications_10y": 1, "num_citations_10y": 1, "publications_years": {"2015": 1}, "citations_years": {"2017": 1}, "old_citations": {"2015": 1}, "isVisible": false}, "2311921375": {"name": "ritu raj singh", "type": "author", "activity": 15, "h_index": 5, "h5_index": 2, "mag_id": "2311921375", "num_publications": 1, "num_citations": 0, "num_publications_5y": 1, "num_citations_5y": 0, "num_publications_10y": 1, "num_citations_10y": 0, "publications_years": {"2018": 1}, "citations_years": {}, "old_citations": {"2018": 0}, "isVisible": false}, "2374343173": {"name": "abhinav gautam", "type": "author", "activity": 2, "h_index": 0, "h5_index": 0, "mag_id": "2374343173", "num_publications": 1, "num_citations": 0, "num_publications_5y": 1, "num_citations_5y": 0, "num_publications_10y": 1, "num_citations_10y": 0, "publications_years": {"2018": 1}, "citations_years": {}, "old_citations": {"2018": 0}, "isVisible": false}, "2428984432": {"name": "ajay yadav bharti", "type": "author", "activity": 2, "h_index": 1, "h5_index": 1, "mag_id": "2428984432", "num_publications": 1, "num_citations": 0, "num_publications_5y": 1, "num_citations_5y": 0, "num_publications_10y": 1, "num_citations_10y": 0, "publications_years": {"2018": 1}, "citations_years": {}, "old_citations": {"2018": 0}, "isVisible": false}, "2440662301": {"name": "k raghavendra", "type": "author", "activity": 1, "h_index": 0, "h5_index": 0, "mag_id": "2440662301", "num_publications": 1, "num_citations": 0, "num_publications_5y": 1, "num_citations_5y": 0, "num_publications_10y": 1, "num_citations_10y": 0, "publications_years": {"2018": 1}, "citations_years": {}, "old_citations": {"2018": 0}, "isVisible": false}, "2482313790": {"name": "upama vyas", "type": "author", "activity": 3, "h_index": 2, "h5_index": 2, "mag_id": "2482313790", "num_publications": 1, "num_citations": 0, "num_publications_5y": 1, "num_citations_5y": 0, "num_publications_10y": 1, "num_citations_10y": 0, "publications_years": {"2018": 1}, "citations_years": {}, "old_citations": {"2018": 0}, "isVisible": false}, "2486725922": {"name": "amitesh kumar", "type": "author", "activity": 2, "h_index": 1, "h5_index": 1, "mag_id": "2486725922", "num_publications": 1, "num_citations": 0, "num_publications_5y": 1, "num_citations_5y": 0, "num_publications_10y": 1, "num_citations_10y": 0, "publications_years": {"2018": 1}, "citations_years": {}, "old_citations": {"2018": 0}, "isVisible": false}, "2491394260": {"name": "subash c b gopinath", "type": "author", "activity": 9, "h_index": 1, "h5_index": 1, "mag_id": "2491394260", "num_publications": 1, "num_citations": 0, "num_publications_5y": 1, "num_citations_5y": 0, "num_publications_10y": 1, "num_citations_10y": 0, "publications_years": {"2018": 1}, "citations_years": {}, "old_citations": {"2018": 0}, "isVisible": false}, "2494680438": {"name": "devlina adhikari", "type": "author", "activity": 3, "h_index": 0, "h5_index": 0, "mag_id": "2494680438", "num_publications": 1, "num_citations": 0, "num_publications_5y": 1, "num_citations_5y": 0, "num_publications_10y": 1, "num_citations_10y": 0, "publications_years": {"2018": 1}, "citations_years": {}, "old_citations": {"2018": 0}, "isVisible": false}, "2499201240": {"name": "y k prajapati", "type": "author", "activity": 4, "h_index": 1, "h5_index": 1, "mag_id": "2499201240", "num_publications": 1, "num_citations": 0, "num_publications_5y": 1, "num_citations_5y": 0, "num_publications_10y": 1, "num_citations_10y": 0, "publications_years": {"2018": 1}, "citations_years": {}, "old_citations": {"2018": 0}, "isVisible": false}, "2571102314": {"name": "ravi s hegde", "type": "author", "activity": 4, "h_index": 2, "h5_index": 2, "mag_id": "2571102314", "num_publications": 1, "num_citations": 0, "num_publications_5y": 1, "num_citations_5y": 0, "num_publications_10y": 1, "num_citations_10y": 0, "publications_years": {"2018": 1}, "citations_years": {}, "old_citations": {"2018": 0}, "isVisible": false}, "2575635721": {"name": "vikas mittal", "type": "author", "activity": 7, "h_index": 1, "h5_index": 1, "mag_id": "2575635721", "num_publications": 1, "num_citations": 2, "num_publications_5y": 0, "num_citations_5y": 2, "num_publications_10y": 1, "num_citations_10y": 2, "publications_years": {"2013": 1}, "citations_years": {"2014": 2}, "old_citations": {"2013": 2}, "isVisible": false}, "2617340118": {"name": "dharmendra patel", "type": "author", "activity": 1, "h_index": 0, "h5_index": 0, "mag_id": "2617340118", "num_publications": 1, "num_citations": 0, "num_publications_5y": 0, "num_citations_5y": 0, "num_publications_10y": 1, "num_citations_10y": 0, "publications_years": {"2013": 1}, "citations_years": {}, "old_citations": {"2013": 0}, "isVisible": false}, "2642550466": {"name": "d meena", "type": "author", "activity": 1, "h_index": 0, "h5_index": 0, "mag_id": "2642550466", "num_publications": 1, "num_citations": 0, "num_publications_5y": 1, "num_citations_5y": 0, "num_publications_10y": 1, "num_citations_10y": 0, "publications_years": {"2015": 1}, "citations_years": {}, "old_citations": {"2015": 0}, "isVisible": false}, "2643808660": {"name": "k nirmala", "type": "author", "activity": 1, "h_index": 1, "h5_index": 0, "mag_id": "2643808660", "num_publications": 1, "num_citations": 2, "num_publications_5y": 0, "num_citations_5y": 1, "num_publications_10y": 1, "num_citations_10y": 1, "publications_years": {"2013": 1}, "citations_years": {"2018": 1, "2019": 1}, "old_citations": {"2013": 2}, "isVisible": false}, "2650532434": {"name": "c prince", "type": "author", "activity": 1, "h_index": 1, "h5_index": 0, "mag_id": "2650532434", "num_publications": 1, "num_citations": 2, "num_publications_5y": 0, "num_citations_5y": 1, "num_publications_10y": 1, "num_citations_10y": 1, "publications_years": {"2013": 1}, "citations_years": {"2018": 1, "2019": 1}, "old_citations": {"2013": 2}, "isVisible": false}, "2672728777": {"name": "gireesh g soni", "type": "author", "activity": 1, "h_index": 0, "h5_index": 0, "mag_id": "2672728777", "num_publications": 1, "num_citations": 0, "num_publications_5y": 0, "num_citations_5y": 0, "num_publications_10y": 1, "num_citations_10y": 0, "publications_years": {"2013": 1}, "citations_years": {}, "old_citations": {"2013": 0}, "isVisible": false}, "2705728211": {"name": "p banerjee", "type": "author", "activity": 1, "h_index": 0, "h5_index": 0, "mag_id": "2705728211", "num_publications": 1, "num_citations": 0, "num_publications_5y": 1, "num_citations_5y": 0, "num_publications_10y": 1, "num_citations_10y": 0, "publications_years": {"2015": 1}, "citations_years": {}, "old_citations": {"2015": 0}, "isVisible": false}, "2721284381": {"name": "t srinivas", "type": "author", "activity": 1, "h_index": 0, "h5_index": 0, "mag_id": "2721284381", "num_publications": 1, "num_citations": 0, "num_publications_5y": 1, "num_citations_5y": 0, "num_publications_10y": 1, "num_citations_10y": 0, "publications_years": {"2015": 1}, "citations_years": {}, "old_citations": {"2015": 0}, "isVisible": false}, "2744726159": {"name": "sonika priyadarsini biswal", "type": "author", "activity": 3, "h_index": 1, "h5_index": 1, "mag_id": "2744726159", "num_publications": 1, "num_citations": 1, "num_publications_5y": 1, "num_citations_5y": 0, "num_publications_10y": 1, "num_citations_10y": 0, "publications_years": {"2018": 1}, "citations_years": {"2020": 1}, "old_citations": {"2018": 1}, "isVisible": false}, "2769785271": {"name": "jaisingh thangaraj", "type": "author", "activity": 5, "h_index": 3, "h5_index": 3, "mag_id": "2769785271", "num_publications": 1, "num_citations": 0, "num_publications_5y": 1, "num_citations_5y": 0, "num_publications_10y": 1, "num_citations_10y": 0, "publications_years": {"2018": 1}, "citations_years": {}, "old_citations": {"2018": 0}, "isVisible": false}, "2796442015": {"name": "rohit mathur", "type": "author", "activity": 1, "h_index": 1, "h5_index": 1, "mag_id": "2796442015", "num_publications": 1, "num_citations": 1, "num_publications_5y": 1, "num_citations_5y": 1, "num_publications_10y": 1, "num_citations_10y": 1, "publications_years": {"2018": 1}, "citations_years": {"2018": 1}, "old_citations": {"2018": 1}, "isVisible": false}, "2799348096": {"name": "milan kumar pal", "type": "author", "activity": 1, "h_index": 0, "h5_index": 0, "mag_id": "2799348096", "num_publications": 1, "num_citations": 0, "num_publications_5y": 1, "num_citations_5y": 0, "num_publications_10y": 1, "num_citations_10y": 0, "publications_years": {"2018": 1}, "citations_years": {}, "old_citations": {"2018": 0}, "isVisible": false}, "2799806563": {"name": "avishek kumar", "type": "author", "activity": 2, "h_index": 1, "h5_index": 1, "mag_id": "2799806563", "num_publications": 1, "num_citations": 1, "num_publications_5y": 1, "num_citations_5y": 0, "num_publications_10y": 1, "num_citations_10y": 0, "publications_years": {"2018": 1}, "citations_years": {"2019": 1}, "old_citations": {"2018": 1}, "isVisible": false}, "2799820383": {"name": "tanmoya nemai ghosh", "type": "author", "activity": 1, "h_index": 1, "h5_index": 1, "mag_id": "2799820383", "num_publications": 1, "num_citations": 2, "num_publications_5y": 1, "num_citations_5y": 0, "num_publications_10y": 1, "num_citations_10y": 0, "publications_years": {"2018": 1}, "citations_years": {"2019": 1, "2020": 1}, "old_citations": {"2018": 2}, "isVisible": false}, "2800054634": {"name": "annapurna kumari", "type": "author", "activity": 1, "h_index": 1, "h5_index": 1, "mag_id": "2800054634", "num_publications": 1, "num_citations": 2, "num_publications_5y": 1, "num_citations_5y": 1, "num_publications_10y": 1, "num_citations_10y": 1, "publications_years": {"2018": 1}, "citations_years": {"2018": 1, "2019": 1}, "old_citations": {"2018": 2}, "isVisible": false}, "2800496506": {"name": "vrinda khurana", "type": "author", "activity": 1, "h_index": 1, "h5_index": 1, "mag_id": "2800496506", "num_publications": 1, "num_citations": 1, "num_publications_5y": 1, "num_citations_5y": 1, "num_publications_10y": 1, "num_citations_10y": 1, "publications_years": {"2018": 1}, "citations_years": {"2018": 1}, "old_citations": {"2018": 1}, "isVisible": false}, "2800705221": {"name": "p singh", "type": "author", "activity": 1, "h_index": 1, "h5_index": 1, "mag_id": "2800705221", "num_publications": 1, "num_citations": 2, "num_publications_5y": 1, "num_citations_5y": 0, "num_publications_10y": 1, "num_citations_10y": 0, "publications_years": {"2018": 1}, "citations_years": {"2019": 1, "2020": 1}, "old_citations": {"2018": 2}, "isVisible": false}, "2800816286": {"name": "pravakar mallick", "type": "author", "activity": 1, "h_index": 0, "h5_index": 0, "mag_id": "2800816286", "num_publications": 1, "num_citations": 0, "num_publications_5y": 1, "num_citations_5y": 0, "num_publications_10y": 1, "num_citations_10y": 0, "publications_years": {"2018": 1}, "citations_years": {}, "old_citations": {"2018": 0}, "isVisible": false}, "2801111526": {"name": "pradeep k vutla", "type": "author", "activity": 1, "h_index": 0, "h5_index": 0, "mag_id": "2801111526", "num_publications": 1, "num_citations": 0, "num_publications_5y": 1, "num_citations_5y": 0, "num_publications_10y": 1, "num_citations_10y": 0, "publications_years": {"2018": 1}, "citations_years": {}, "old_citations": {"2018": 0}, "isVisible": false}, "2801428012": {"name": "katuboina neelaveni", "type": "author", "activity": 1, "h_index": 0, "h5_index": 0, "mag_id": "2801428012", "num_publications": 1, "num_citations": 0, "num_publications_5y": 1, "num_citations_5y": 0, "num_publications_10y": 1, "num_citations_10y": 0, "publications_years": {"2018": 1}, "citations_years": {}, "old_citations": {"2018": 0}, "isVisible": false}, "2801480779": {"name": "e v subba rao", "type": "author", "activity": 1, "h_index": 0, "h5_index": 0, "mag_id": "2801480779", "num_publications": 1, "num_citations": 0, "num_publications_5y": 1, "num_citations_5y": 0, "num_publications_10y": 1, "num_citations_10y": 0, "publications_years": {"2018": 1}, "citations_years": {}, "old_citations": {"2018": 0}, "isVisible": false}, "2802032473": {"name": "s k chaulya", "type": "author", "activity": 1, "h_index": 1, "h5_index": 1, "mag_id": "2802032473", "num_publications": 1, "num_citations": 2, "num_publications_5y": 1, "num_citations_5y": 0, "num_publications_10y": 1, "num_citations_10y": 0, "publications_years": {"2018": 1}, "citations_years": {"2019": 1, "2020": 1}, "old_citations": {"2018": 2}, "isVisible": false}, "2802492019": {"name": "raghavendra s solanki", "type": "author", "activity": 1, "h_index": 1, "h5_index": 1, "mag_id": "2802492019", "num_publications": 1, "num_citations": 1, "num_publications_5y": 1, "num_citations_5y": 1, "num_publications_10y": 1, "num_citations_10y": 1, "publications_years": {"2018": 1}, "citations_years": {"2018": 1}, "old_citations": {"2018": 1}, "isVisible": false}, "2803000476": {"name": "arun kumar ray", "type": "author", "activity": 1, "h_index": 0, "h5_index": 0, "mag_id": "2803000476", "num_publications": 1, "num_citations": 0, "num_publications_5y": 1, "num_citations_5y": 0, "num_publications_10y": 1, "num_citations_10y": 0, "publications_years": {"2018": 1}, "citations_years": {}, "old_citations": {"2018": 0}, "isVisible": false}, "2803006257": {"name": "dilbag singh", "type": "author", "activity": 1, "h_index": 0, "h5_index": 0, "mag_id": "2803006257", "num_publications": 1, "num_citations": 0, "num_publications_5y": 1, "num_citations_5y": 0, "num_publications_10y": 1, "num_citations_10y": 0, "publications_years": {"2018": 1}, "citations_years": {}, "old_citations": {"2018": 0}, "isVisible": false}, "2998464982": {"name": "krupali d donda", "type": "author", "activity": 1, "h_index": 0, "h5_index": 0, "mag_id": "2998464982", "num_publications": 1, "num_citations": 0, "num_publications_5y": 1, "num_citations_5y": 0, "num_publications_10y": 1, "num_citations_10y": 0, "publications_years": {"2018": 1}, "citations_years": {}, "old_citations": {"2018": 0}, "isVisible": false}, "3011886862": {"name": "shrinivas petale", "type": "author", "activity": 2, "h_index": 1, "h5_index": 1, "mag_id": "3011886862", "num_publications": 1, "num_citations": 1, "num_publications_5y": 1, "num_citations_5y": 0, "num_publications_10y": 1, "num_citations_10y": 0, "publications_years": {"2018": 1}, "citations_years": {"2020": 1}, "old_citations": {"2018": 1}, "isVisible": false}}, "countries": {"India": {"name": "India", "type": "country", "h5_index": 78, "num_publications": 22, "num_citations": 11, "num_publications_5y": 20, "num_citations_5y": 5, "num_publications_10y": 22, "num_citations_10y": 5, "publications_years": {"2015": 4, "2018": 16, "2013": 2}, "citations_years": {"2017": 1, "2020": 2, "2019": 4, "2018": 2, "2014": 2}, "old_citations": {"2015": 1, "2018": 8, "2013": 2}, "isVisible": false}, "Italy": {"name": "Italy", "type": "country", "h5_index": 94, "num_publications": 1, "num_citations": 0, "num_publications_5y": 1, "num_citations_5y": 0, "num_publications_10y": 1, "num_citations_10y": 0, "publications_years": {"2015": 1}, "citations_years": {}, "old_citations": {"2015": 0}, "isVisible": false}}}, "conference_comparison": {"computer science": {}}, "topics_dna": {"publications": {}, "citations": {"normalized": {}, "average": {}}}, "info": {"num_publications": 31, "num_citations": 15.0, "impact_factor": {"2015": 0.0, "2016": 0.0, "2017": 0.2, "2018": 0}, "publications_years": {"2018": 22, "2015": 5, "2013": 4}, "citations_years": {"2014": 2, "2015": 0, "2016": 0, "2017": 1, "2018": 4, "2019": 5, "2020": 3}, "old_citations": {"2018": 10, "2015": 1, "2013": 4}, "h5_index": 2}, "percentile": {"computer science": {"2018": 67, "2015": 51, "2013": 54}}, "conference_ranking": {"computer science": {"2018": 1393, "2015": 2063, "2013": 1959}}, "academia": {"num_publications": 20, "num_citations": 8, "publications_years": {"2013": 2, "2014": 0, "2015": 4, "2016": 0, "2017": 0, "2018": 14}, "old_citations": {"2013": 2, "2014": 0, "2015": 1, "2016": 0, "2017": 0, "2018": 5}, "num_publications_5y": 14, "num_citations_5y": 5, "num_publications_10y": 20, "num_citations_10y": 8}, "industry": {"num_publications": 0, "num_citations": 0, "publications_years": {}, "old_citations": {}, "num_publications_5y": 0, "num_citations_5y": 0, "num_publications_10y": 0, "num_citations_10y": 0}, "collaborative": {"num_publications": 0, "num_citations": 0, "publications_years": {}, "old_citations": {}, "num_publications_5y": 0, "num_citations_5y": 0, "num_publications_10y": 0, "num_citations_10y": 0}, "conferences": {}, "journals": {}, "organizations": {"publication_overall": ["Indian Institute of Technology Indore", "Indian Institute of Technology Dhanbad", "Defence Research and Development Organisation", "Atal Bihari Vajpayee Indian Institute of Information Technology and Management", "Council of Scientific and Industrial Research", "Guru Gobind Singh Indraprastha University", "Indian Institute of Science Bangalore", "Indian Institute of Technology Bhubaneswar", "Indian Institute of Technology Delhi", "Indian Institute of Technology Gandhinagar", "Indian Institute of Technology Kanpur", "Indian Institute of Technology Kharagpur", "Indian Institute of Technology Patna", "Indian Institute of Technology Roorkee", "Malaviya National Institute of Technology Jaipur", "Motilal Nehru National Institute of Technology", "Pondicherry University", "Sant Longowal Institute of Engineering and Technology", "Sant'Anna School of Advanced Studies"], "citation_overall": ["Indian Institute of Technology Dhanbad", "Atal Bihari Vajpayee Indian Institute of Information Technology and Management", "Council of Scientific and Industrial Research", "Indian Institute of Technology Roorkee", "Defence Research and Development Organisation", "Indian Institute of Technology Indore", "Indian Institute of Technology Patna", "Malaviya National Institute of Technology Jaipur", "Guru Gobind Singh Indraprastha University", "Indian Institute of Science Bangalore", "Indian Institute of Technology Bhubaneswar", "Indian Institute of Technology Delhi", "Indian Institute of Technology Gandhinagar", "Indian Institute of Technology Kanpur", "Indian Institute of Technology Kharagpur", "Motilal Nehru National Institute of Technology", "Pondicherry University", "Sant Longowal Institute of Engineering and Technology", "Sant'Anna School of Advanced Studies"], "publication_10_years": ["Indian Institute of Technology Indore", "Indian Institute of Technology Dhanbad", "Defence Research and Development Organisation", "Atal Bihari Vajpayee Indian Institute of Information Technology and Management", "Council of Scientific and Industrial Research", "Guru Gobind Singh Indraprastha University", "Indian Institute of Science Bangalore", "Indian Institute of Technology Bhubaneswar", "Indian Institute of Technology Delhi", "Indian Institute of Technology Gandhinagar", "Indian Institute of Technology Kanpur", "Indian Institute of Technology Kharagpur", "Indian Institute of Technology Patna", "Indian Institute of Technology Roorkee", "Malaviya National Institute of Technology Jaipur", "Motilal Nehru National Institute of Technology", "Pondicherry University", "Sant Longowal Institute of Engineering and Technology", "Sant'Anna School of Advanced Studies"], "citation_10_years": ["Indian Institute of Technology Dhanbad", "Atal Bihari Vajpayee Indian Institute of Information Technology and Management", "Council of Scientific and Industrial Research", "Indian Institute of Technology Roorkee", "Defence Research and Development Organisation", "Indian Institute of Technology Indore", "Indian Institute of Technology Patna", "Malaviya National Institute of Technology Jaipur", "Guru Gobind Singh Indraprastha University", "Indian Institute of Science Bangalore", "Indian Institute of Technology Bhubaneswar", "Indian Institute of Technology Delhi", "Indian Institute of Technology Gandhinagar", "Indian Institute of Technology Kanpur", "Indian Institute of Technology Kharagpur", "Motilal Nehru National Institute of Technology", "Pondicherry University", "Sant Longowal Institute of Engineering and Technology", "Sant'Anna School of Advanced Studies"], "publication_5_years": ["Indian Institute of Technology Indore", "Indian Institute of Technology Dhanbad", "Atal Bihari Vajpayee Indian Institute of Information Technology and Management", "Council of Scientific and Industrial Research", "Defence Research and Development Organisation", "Indian Institute of Technology Delhi", "Indian Institute of Technology Gandhinagar", "Indian Institute of Technology Kanpur", "Indian Institute of Technology Kharagpur", "Indian Institute of Technology Patna", "Motilal Nehru National Institute of Technology", "Pondicherry University", "Sant Longowal Institute of Engineering and Technology"], "citation_5_years": ["Indian Institute of Technology Dhanbad", "Atal Bihari Vajpayee Indian Institute of Information Technology and Management", "Council of Scientific and Industrial Research", "Defence Research and Development Organisation", "Indian Institute of Technology Indore", "Indian Institute of Technology Patna", "Indian Institute of Technology Delhi", "Indian Institute of Technology Gandhinagar", "Indian Institute of Technology Kanpur", "Indian Institute of Technology Kharagpur", "Motilal Nehru National Institute of Technology", "Pondicherry University", "Sant Longowal Institute of Engineering and Technology"]}, "countries": {"publication_overall": ["India", "Italy"], "citation_overall": ["India", "Italy"], "publication_10_years": ["India", "Italy"], "citation_10_years": ["India", "Italy"], "publication_5_years": ["India"], "citation_5_years": ["India"]}, "topics": {"publication_overall": ["computer science", "computer networks", "computer systems", "telecommunication systems", "communication systems", "wireless telecommunication systems", "engineering", "computer hardware", "sensors", "signal processing", "telecommunication networks", "mathematics", "telecommunication traffic", "communication channels (information theory)", "signal to noise ratio", "bandwidth", "optical fibers", "signal detection", "antennas", "computer imaging and vision"], "citation_overall": ["computer science", "computer hardware", "computer networks", "computer systems", "sensors", "telecommunication systems", "communication systems", "engineering", "signal processing", "wireless telecommunication systems", "telecommunication networks", "bandwidth", "computer imaging and vision", "image processing", "mathematics", "telecommunication traffic", "image analysis", "communication channels (information theory)", "computer security", "antennas"], "publication_10_years": ["computer science", "computer networks", "computer systems", "telecommunication systems", "communication systems", "wireless telecommunication systems", "engineering", "computer hardware", "sensors", "signal processing", "telecommunication networks", "mathematics", "telecommunication traffic", "communication channels (information theory)", "signal to noise ratio", "bandwidth", "optical fibers", "signal detection", "antennas", "computer imaging and vision"], "citation_10_years": ["computer science", "computer hardware", "computer networks", "computer systems", "sensors", "telecommunication systems", "communication systems", "engineering", "signal processing", "wireless telecommunication systems", "telecommunication networks", "bandwidth", "computer imaging and vision", "image processing", "mathematics", "telecommunication traffic", "image analysis", "communication channels (information theory)", "computer security", "antennas"], "publication_5_years": ["computer science", "computer networks", "computer systems", "telecommunication systems", "communication systems", "wireless telecommunication systems", "engineering", "computer hardware", "sensors", "signal processing", "telecommunication networks", "mathematics", "telecommunication traffic", "optical fibers", "bandwidth", "communication channels (information theory)", "probability", "signal detection", "signal to noise ratio", "antennas"], "citation_5_years": ["computer networks", "computer science", "computer systems", "telecommunication systems", "communication systems", "wireless telecommunication systems", "computer hardware", "engineering", "sensors", "signal processing", "telecommunication networks", "bandwidth", "computer imaging and vision", "image analysis", "image processing", "telecommunication traffic", "communication channels (information theory)", "computer security", "cryptography", "cryptology"]}, "main_topics": ["computer science"], "authors": {"publication_overall": ["2281393132", "2102717851", "2604268816", "142529531", "2800821715", "340251133", "437047280", "1271160705", "1903016032", "1909602784", "1912722470", "1967743685", "1984040005", "2008512801", "2038497187", "2091887378", "2102748333", "2103354896", "2114492282", "2120593917", "2121346000", "2125103132", "2128596328", "2134892988", "2137296708", "2139321277", "2146757389", "2150555481", "2155131013", "2160978702", "2170384730", "2178362932", "2209960564", "2226046093", "2228366317", "2228904204", "2234967038", "2238680603", "2288821425", "2297801793", "2299056090", "2303523564", "2308613316", "2311921375", "2374343173", "2428984432", "2440662301", "2482313790", "2486725922", "2491394260", "2494680438", "2499201240", "2571102314", "2575635721", "2617340118", "2642550466", "2643808660", "2650532434", "2672728777", "2705728211", "2721284381", "2744726159", "2769785271", "2796442015", "2799348096", "2799806563", "2799820383", "2800054634", "2800496506", "2800705221", "2800816286", "2801111526", "2801428012", "2801480779", "2802032473", "2802492019", "2803000476", "2803006257", "2998464982", "3011886862"], "citation_overall": ["1903016032", "2038497187", "2114492282", "2134892988", "2209960564", "2228904204", "2234967038", "2575635721", "2643808660", "2650532434", "2799820383", "2800054634", "2800705221", "2802032473", "142529531", "1912722470", "2091887378", "2102717851", "2125103132", "2178362932", "2226046093", "2281393132", "2288821425", "2299056090", "2308613316", "2604268816", "2744726159", "2796442015", "2799806563", "2800496506", "2802492019", "3011886862", "340251133", "437047280", "1271160705", "1909602784", "1967743685", "1984040005", "2008512801", "2102748333", "2103354896", "2120593917", "2121346000", "2128596328", "2137296708", "2139321277", "2146757389", "2150555481", "2155131013", "2160978702", "2170384730", "2228366317", "2238680603", "2297801793", "2303523564", "2311921375", "2374343173", "2428984432", "2440662301", "2482313790", "2486725922", "2491394260", "2494680438", "2499201240", "2571102314", "2617340118", "2642550466", "2672728777", "2705728211", "2721284381", "2769785271", "2799348096", "2800816286", "2800821715", "2801111526", "2801428012", "2801480779", "2803000476", "2803006257", "2998464982"], "publication_10_years": ["2281393132", "2102717851", "2604268816", "142529531", "2800821715", "340251133", "437047280", "1271160705", "1903016032", "1909602784", "1912722470", "1967743685", "1984040005", "2008512801", "2038497187", "2091887378", "2102748333", "2103354896", "2114492282", "2120593917", "2121346000", "2125103132", "2128596328", "2134892988", "2137296708", "2139321277", "2146757389", "2150555481", "2155131013", "2160978702", "2170384730", "2178362932", "2209960564", "2226046093", "2228366317", "2228904204", "2234967038", "2238680603", "2288821425", "2297801793", "2299056090", "2303523564", "2308613316", "2311921375", "2374343173", "2428984432", "2440662301", "2482313790", "2486725922", "2491394260", "2494680438", "2499201240", "2571102314", "2575635721", "2617340118", "2642550466", "2643808660", "2650532434", "2672728777", "2705728211", "2721284381", "2744726159", "2769785271", "2796442015", "2799348096", "2799806563", "2799820383", "2800054634", "2800496506", "2800705221", "2800816286", "2801111526", "2801428012", "2801480779", "2802032473", "2802492019", "2803000476", "2803006257", "2998464982", "3011886862"], "citation_10_years": ["1903016032", "2038497187", "2114492282", "2134892988", "2209960564", "2228904204", "2234967038", "2575635721", "2643808660", "2650532434", "2799820383", "2800054634", "2800705221", "2802032473", "142529531", "1912722470", "2091887378", "2102717851", "2125103132", "2178362932", "2226046093", "2281393132", "2288821425", "2299056090", "2308613316", "2604268816", "2744726159", "2796442015", "2799806563", "2800496506", "2802492019", "3011886862", "340251133", "437047280", "1271160705", "1909602784", "1967743685", "1984040005", "2008512801", "2102748333", "2103354896", "2120593917", "2121346000", "2128596328", "2137296708", "2139321277", "2146757389", "2150555481", "2155131013", "2160978702", "2170384730", "2228366317", "2238680603", "2297801793", "2303523564", "2311921375", "2374343173", "2428984432", "2440662301", "2482313790", "2486725922", "2491394260", "2494680438", "2499201240", "2571102314", "2617340118", "2642550466", "2672728777", "2705728211", "2721284381", "2769785271", "2799348096", "2800816286", "2800821715", "2801111526", "2801428012", "2801480779", "2803000476", "2803006257", "2998464982"], "publication_5_years": ["2281393132", "2102717851", "2604268816", "142529531", "2800821715", "437047280", "1912722470", "2091887378", "2102748333", "2103354896", "2114492282", "2120593917", "2121346000", "2125103132", "2128596328", "2146757389", "2150555481", "2155131013", "2160978702", "2226046093", "2234967038", "2238680603", "2311921375", "2374343173", "2428984432", "2440662301", "2482313790", "2486725922", "2491394260", "2494680438", "2499201240", "2571102314", "2744726159", "2769785271", "2796442015", "2799348096", "2799806563", "2799820383", "2800054634", "2800496506", "2800705221", "2800816286", "2801111526", "2801428012", "2801480779", "2802032473", "2802492019", "2803000476", "2803006257", "2998464982", "3011886862"], "citation_5_years": ["2114492282", "2234967038", "2799820383", "2800054634", "2800705221", "2802032473", "142529531", "1912722470", "2091887378", "2102717851", "2125103132", "2226046093", "2281393132", "2604268816", "2744726159", "2796442015", "2799806563", "2800496506", "2802492019", "3011886862", "437047280", "2102748333", "2103354896", "2120593917", "2121346000", "2128596328", "2146757389", "2150555481", "2155131013", "2160978702", "2238680603", "2311921375", "2374343173", "2428984432", "2440662301", "2482313790", "2486725922", "2491394260", "2494680438", "2499201240", "2571102314", "2769785271", "2799348096", "2800816286", "2800821715", "2801111526", "2801428012", "2801480779", "2803000476", "2803006257", "2998464982"]}, "industrial_sectors": {"publication_overall": [], "citation_overall": [], "publication_10_years": [], "citation_10_years": [], "publication_5_years": [], "citation_5_years": []}}