{"name": "IEEE MTT-S International Microwave Workshop Series on RF and Wireless Technologies for Biomedical and Healthcare Applications", "acronym": "IMWS-Bio", "type": "conference", "uniqueEntities": {"organizations": {"National University of Singapore": {"name": "National University of Singapore", "type": "organization", "organization_type": "Education", "h_index": 219, "h5_index": 81, "num_publications": 4, "num_citations": 3, "num_publications_5y": 0, "num_citations_5y": 3, "num_publications_10y": 4, "num_citations_10y": 3, "publications_years": {"2013": 4}, "citations_years": {"2015": 1, "2014": 2}, "old_citations": {"2013": 3}, "isVisible": false}, "Agency for Science, Technology and Research": {"name": "Agency for Science, Technology and Research", "type": "organization", "organization_type": "Government", "h_index": 84, "h5_index": 37, "num_publications": 2, "num_citations": 2, "num_publications_5y": 0, "num_citations_5y": 2, "num_publications_10y": 2, "num_citations_10y": 2, "publications_years": {"2013": 2}, "citations_years": {"2014": 1, "2015": 1}, "old_citations": {"2013": 2}, "isVisible": false}, "Oriental Institute of Technology": {"name": "Oriental Institute of Technology", "type": "organization", "organization_type": "Education", "h_index": 18, "h5_index": 4, "num_publications": 2, "num_citations": 4, "num_publications_5y": 1, "num_citations_5y": 2, "num_publications_10y": 2, "num_citations_10y": 2, "publications_years": {"2015": 1, "2013": 1}, "citations_years": {"2016": 1, "2017": 1, "2018": 0, "2019": 2}, "old_citations": {"2015": 4, "2013": 0}, "isVisible": false}, "Queen Mary University of London": {"name": "Queen Mary University of London", "type": "organization", "organization_type": "Education", "h_index": 131, "h5_index": 53, "num_publications": 2, "num_citations": 2, "num_publications_5y": 2, "num_citations_5y": 2, "num_publications_10y": 2, "num_citations_10y": 2, "publications_years": {"2014": 2}, "citations_years": {"2015": 1, "2016": 1}, "old_citations": {"2014": 2}, "isVisible": false}, "Texas Tech University": {"name": "Texas Tech University", "type": "organization", "organization_type": "Education", "h_index": 67, "h5_index": 20, "num_publications": 2, "num_citations": 10, "num_publications_5y": 2, "num_citations_5y": 7, "num_publications_10y": 2, "num_citations_10y": 7, "publications_years": {"2015": 2}, "citations_years": {"2017": 4, "2018": 2, "2019": 3, "2016": 1}, "old_citations": {"2015": 10}, "isVisible": false}, "University of Queensland": {"name": "University of Queensland", "type": "organization", "organization_type": "Education", "h_index": 125, "h5_index": 41, "num_publications": 2, "num_citations": 19, "num_publications_5y": 1, "num_citations_5y": 16, "num_publications_10y": 2, "num_citations_10y": 17, "publications_years": {"2013": 1, "2014": 1}, "citations_years": {"2013": 1, "2014": 2, "2015": 8, "2016": 3, "2017": 0, "2018": 3, "2019": 2}, "old_citations": {"2013": 11, "2014": 8}, "isVisible": false}, "California Institute of Technology": {"name": "California Institute of Technology", "type": "organization", "organization_type": "Education", "h_index": 219, "h5_index": 42, "num_publications": 1, "num_citations": 0, "num_publications_5y": 1, "num_citations_5y": 0, "num_publications_10y": 1, "num_citations_10y": 0, "publications_years": {"2014": 1}, "citations_years": {}, "old_citations": {"2014": 0}, "isVisible": false}, "Chalmers University of Technology": {"name": "Chalmers University of Technology", "type": "organization", "organization_type": "Education", "h_index": 117, "h5_index": 35, "num_publications": 1, "num_citations": 1, "num_publications_5y": 1, "num_citations_5y": 0, "num_publications_10y": 1, "num_citations_10y": 0, "publications_years": {"2015": 1}, "citations_years": {"2019": 1}, "old_citations": {"2015": 1}, "isVisible": false}, "French National Centre for Scientific Research": {"name": "French National Centre for Scientific Research", "type": "organization", "organization_type": "Government", "h_index": 177, "h5_index": 44, "num_publications": 1, "num_citations": 0, "num_publications_5y": 1, "num_citations_5y": 0, "num_publications_10y": 1, "num_citations_10y": 0, "publications_years": {"2014": 1}, "citations_years": {}, "old_citations": {"2014": 0}, "isVisible": false}, "German Cancer Research Center": {"name": "German Cancer Research Center", "type": "organization", "organization_type": "Facility", "h_index": 48, "h5_index": 18, "num_publications": 1, "num_citations": 0, "num_publications_5y": 1, "num_citations_5y": 0, "num_publications_10y": 1, "num_citations_10y": 0, "publications_years": {"2014": 1}, "citations_years": {}, "old_citations": {"2014": 0}, "isVisible": false}, "Hanyang University": {"name": "Hanyang University", "type": "organization", "organization_type": "Education", "h_index": 67, "h5_index": 24, "num_publications": 1, "num_citations": 0, "num_publications_5y": 1, "num_citations_5y": 0, "num_publications_10y": 1, "num_citations_10y": 0, "publications_years": {"2015": 1}, "citations_years": {}, "old_citations": {"2015": 0}, "isVisible": false}, "Institute for Infocomm Research": {"name": "Institute for Infocomm Research", "type": "organization", "organization_type": "Facility", "h_index": 118, "h5_index": 33, "num_publications": 1, "num_citations": 1, "num_publications_5y": 0, "num_citations_5y": 1, "num_publications_10y": 1, "num_citations_10y": 1, "publications_years": {"2013": 1}, "citations_years": {"2015": 1}, "old_citations": {"2013": 1}, "isVisible": false}, "KU Leuven": {"name": "KU Leuven", "type": "organization", "organization_type": "Education", "h_index": 183, "h5_index": 52, "num_publications": 1, "num_citations": 5, "num_publications_5y": 0, "num_citations_5y": 4, "num_publications_10y": 1, "num_citations_10y": 4, "publications_years": {"2013": 1}, "citations_years": {"2014": 1, "2015": 0, "2016": 1, "2017": 1, "2018": 1, "2019": 1}, "old_citations": {"2013": 5}, "isVisible": false}, "King's College London": {"name": "King's College London", "type": "organization", "organization_type": "Education", "h_index": 110, "h5_index": 41, "num_publications": 1, "num_citations": 2, "num_publications_5y": 1, "num_citations_5y": 2, "num_publications_10y": 1, "num_citations_10y": 2, "publications_years": {"2014": 1}, "citations_years": {"2017": 2}, "old_citations": {"2014": 2}, "isVisible": false}, "Massachusetts Institute of Technology": {"name": "Massachusetts Institute of Technology", "type": "organization", "organization_type": "Education", "h_index": 475, "h5_index": 100, "num_publications": 1, "num_citations": 3, "num_publications_5y": 1, "num_citations_5y": 2, "num_publications_10y": 1, "num_citations_10y": 2, "publications_years": {"2015": 1}, "citations_years": {"2017": 1, "2018": 1, "2019": 0, "2020": 1}, "old_citations": {"2015": 3}, "isVisible": false}, "Nanjing University of Science and Technology": {"name": "Nanjing University of Science and Technology", "type": "organization", "organization_type": "Education", "h_index": 71, "h5_index": 44, "num_publications": 1, "num_citations": 1, "num_publications_5y": 0, "num_citations_5y": 1, "num_publications_10y": 1, "num_citations_10y": 1, "publications_years": {"2013": 1}, "citations_years": {"2015": 1}, "old_citations": {"2013": 1}, "isVisible": false}, "Nanyang Technological University": {"name": "Nanyang Technological University", "type": "organization", "organization_type": "Education", "h_index": 200, "h5_index": 78, "num_publications": 1, "num_citations": 23, "num_publications_5y": 0, "num_citations_5y": 18, "num_publications_10y": 1, "num_citations_10y": 18, "publications_years": {"2013": 1}, "citations_years": {"2014": 1, "2015": 4, "2016": 5, "2017": 5, "2018": 3, "2019": 4, "2020": 1}, "old_citations": {"2013": 23}, "isVisible": false}, "National Taiwan University of Science and Technology": {"name": "National Taiwan University of Science and Technology", "type": "organization", "organization_type": "Education", "h_index": 93, "h5_index": 27, "num_publications": 1, "num_citations": 0, "num_publications_5y": 0, "num_citations_5y": 0, "num_publications_10y": 1, "num_citations_10y": 0, "publications_years": {"2013": 1}, "citations_years": {}, "old_citations": {"2013": 0}, "isVisible": false}, "National Tsing Hua University": {"name": "National Tsing Hua University", "type": "organization", "organization_type": "Education", "h_index": 93, "h5_index": 29, "num_publications": 1, "num_citations": 4, "num_publications_5y": 1, "num_citations_5y": 2, "num_publications_10y": 1, "num_citations_10y": 2, "publications_years": {"2015": 1}, "citations_years": {"2016": 1, "2017": 1, "2018": 0, "2019": 2}, "old_citations": {"2015": 4}, "isVisible": false}, "Queen's University Belfast": {"name": "Queen's University Belfast", "type": "organization", "organization_type": "Education", "h_index": 81, "h5_index": 34, "num_publications": 1, "num_citations": 4, "num_publications_5y": 1, "num_citations_5y": 4, "num_publications_10y": 1, "num_citations_10y": 4, "publications_years": {"2014": 1}, "citations_years": {"2015": 2, "2016": 2}, "old_citations": {"2014": 4}, "isVisible": false}, "Ritsumeikan University": {"name": "Ritsumeikan University", "type": "organization", "organization_type": "Education", "h_index": 41, "h5_index": 15, "num_publications": 1, "num_citations": 2, "num_publications_5y": 1, "num_citations_5y": 2, "num_publications_10y": 1, "num_citations_10y": 2, "publications_years": {"2015": 1}, "citations_years": {"2016": 2}, "old_citations": {"2015": 2}, "isVisible": false}, "Sahlgrenska University Hospital": {"name": "Sahlgrenska University Hospital", "type": "organization", "organization_type": "Healthcare", "h_index": 13, "h5_index": 4, "num_publications": 1, "num_citations": 1, "num_publications_5y": 1, "num_citations_5y": 0, "num_publications_10y": 1, "num_citations_10y": 0, "publications_years": {"2015": 1}, "citations_years": {"2019": 1}, "old_citations": {"2015": 1}, "isVisible": false}, "Shanxi University": {"name": "Shanxi University", "type": "organization", "organization_type": "Education", "h_index": 31, "h5_index": 16, "num_publications": 1, "num_citations": 2, "num_publications_5y": 0, "num_citations_5y": 2, "num_publications_10y": 1, "num_citations_10y": 2, "publications_years": {"2013": 1}, "citations_years": {"2014": 2}, "old_citations": {"2013": 2}, "isVisible": false}, "Sophia University": {"name": "Sophia University", "type": "organization", "organization_type": "Education", "h_index": 21, "h5_index": 6, "num_publications": 1, "num_citations": 1, "num_publications_5y": 1, "num_citations_5y": 1, "num_publications_10y": 1, "num_citations_10y": 1, "publications_years": {"2015": 1}, "citations_years": {"2016": 1}, "old_citations": {"2015": 1}, "isVisible": false}, "The Ohio State University": {"name": "The Ohio State University", "type": "organization", "organization_type": "Education", "h_index": 172, "h5_index": 46, "num_publications": 1, "num_citations": 0, "num_publications_5y": 1, "num_citations_5y": 0, "num_publications_10y": 1, "num_citations_10y": 0, "publications_years": {"2015": 1}, "citations_years": {}, "old_citations": {"2015": 0}, "isVisible": false}, "The University of Texas at Arlington": {"name": "The University of Texas at Arlington", "type": "organization", "organization_type": "Education", "h_index": 111, "h5_index": 33, "num_publications": 1, "num_citations": 1, "num_publications_5y": 1, "num_citations_5y": 1, "num_publications_10y": 1, "num_citations_10y": 1, "publications_years": {"2015": 1}, "citations_years": {"2016": 1}, "old_citations": {"2015": 1}, "isVisible": false}, "Universitat Polit\u00e8cnica de Catalunya": {"name": "Universitat Polit\u00e8cnica de Catalunya", "type": "organization", "organization_type": "Education", "h_index": 114, "h5_index": 35, "num_publications": 1, "num_citations": 0, "num_publications_5y": 1, "num_citations_5y": 0, "num_publications_10y": 1, "num_citations_10y": 0, "publications_years": {"2014": 1}, "citations_years": {}, "old_citations": {"2014": 0}, "isVisible": false}, "University of Bristol": {"name": "University of Bristol", "type": "organization", "organization_type": "Education", "h_index": 130, "h5_index": 40, "num_publications": 1, "num_citations": 0, "num_publications_5y": 1, "num_citations_5y": 0, "num_publications_10y": 1, "num_citations_10y": 0, "publications_years": {"2014": 1}, "citations_years": {}, "old_citations": {"2014": 0}, "isVisible": false}, "University of Gothenburg": {"name": "University of Gothenburg", "type": "organization", "organization_type": "Education", "h_index": 54, "h5_index": 20, "num_publications": 1, "num_citations": 1, "num_publications_5y": 1, "num_citations_5y": 0, "num_publications_10y": 1, "num_citations_10y": 0, "publications_years": {"2015": 1}, "citations_years": {"2019": 1}, "old_citations": {"2015": 1}, "isVisible": false}, "University of Hong Kong": {"name": "University of Hong Kong", "type": "organization", "organization_type": "Education", "h_index": 136, "h5_index": 48, "num_publications": 1, "num_citations": 0, "num_publications_5y": 0, "num_citations_5y": 0, "num_publications_10y": 1, "num_citations_10y": 0, "publications_years": {"2013": 1}, "citations_years": {}, "old_citations": {"2013": 0}, "isVisible": false}, "University of Minnesota": {"name": "University of Minnesota", "type": "organization", "organization_type": "Education", "h_index": 235, "h5_index": 43, "num_publications": 1, "num_citations": 1, "num_publications_5y": 0, "num_citations_5y": 1, "num_publications_10y": 1, "num_citations_10y": 1, "publications_years": {"2013": 1}, "citations_years": {"2015": 1}, "old_citations": {"2013": 1}, "isVisible": false}, "University of South Florida": {"name": "University of South Florida", "type": "organization", "organization_type": "Education", "h_index": 108, "h5_index": 24, "num_publications": 1, "num_citations": 7, "num_publications_5y": 1, "num_citations_5y": 6, "num_publications_10y": 1, "num_citations_10y": 6, "publications_years": {"2014": 1}, "citations_years": {"2015": 3, "2016": 1, "2017": 0, "2018": 2, "2019": 0, "2020": 1}, "old_citations": {"2014": 7}, "isVisible": false}, "Yuan Ze University": {"name": "Yuan Ze University", "type": "organization", "organization_type": "Education", "h_index": 65, "h5_index": 17, "num_publications": 1, "num_citations": 0, "num_publications_5y": 0, "num_citations_5y": 0, "num_publications_10y": 1, "num_citations_10y": 0, "publications_years": {"2013": 1}, "citations_years": {}, "old_citations": {"2013": 0}, "isVisible": false}, "Zhejiang University": {"name": "Zhejiang University", "type": "organization", "organization_type": "Education", "h_index": 131, "h5_index": 62, "num_publications": 1, "num_citations": 3, "num_publications_5y": 1, "num_citations_5y": 3, "num_publications_10y": 1, "num_citations_10y": 3, "publications_years": {"2015": 1}, "citations_years": {"2016": 3}, "old_citations": {"2015": 3}, "isVisible": false}}, "topics": {"computer science": {"name": "computer science", "type": "topic", "h_index": 1779, "h5_index": 416, "num_publications": 36, "num_citations": 103, "num_publications_5y": 22, "num_citations_5y": 84, "num_publications_10y": 36, "num_citations_10y": 85, "publications_years": {"2015": 11, "2013": 14, "2014": 11}, "citations_years": {"2016": 23, "2017": 16, "2018": 13, "2019": 14, "2013": 1, "2014": 11, "2015": 21, "2020": 4}, "old_citations": {"2015": 25, "2013": 55, "2014": 23}, "isVisible": false}, "computer networks": {"name": "computer networks", "type": "topic", "h_index": 1262, "h5_index": 332, "num_publications": 33, "num_citations": 94, "num_publications_5y": 19, "num_citations_5y": 78, "num_publications_10y": 33, "num_citations_10y": 79, "publications_years": {"2013": 14, "2015": 9, "2014": 10}, "citations_years": {"2013": 1, "2014": 11, "2015": 21, "2016": 22, "2017": 12, "2018": 12, "2019": 12, "2020": 3}, "old_citations": {"2013": 55, "2015": 18, "2014": 21}, "isVisible": false}, "computer systems": {"name": "computer systems", "type": "topic", "h_index": 1595, "h5_index": 367, "num_publications": 33, "num_citations": 94, "num_publications_5y": 19, "num_citations_5y": 78, "num_publications_10y": 33, "num_citations_10y": 79, "publications_years": {"2013": 14, "2015": 9, "2014": 10}, "citations_years": {"2013": 1, "2014": 11, "2015": 21, "2016": 22, "2017": 12, "2018": 12, "2019": 12, "2020": 3}, "old_citations": {"2013": 55, "2015": 18, "2014": 21}, "isVisible": false}, "telecommunication systems": {"name": "telecommunication systems", "type": "topic", "h_index": 1187, "h5_index": 277, "num_publications": 33, "num_citations": 94, "num_publications_5y": 19, "num_citations_5y": 78, "num_publications_10y": 33, "num_citations_10y": 79, "publications_years": {"2013": 14, "2015": 9, "2014": 10}, "citations_years": {"2013": 1, "2014": 11, "2015": 21, "2016": 22, "2017": 12, "2018": 12, "2019": 12, "2020": 3}, "old_citations": {"2013": 55, "2015": 18, "2014": 21}, "isVisible": false}, "communication systems": {"name": "communication systems", "type": "topic", "h_index": 1092, "h5_index": 254, "num_publications": 31, "num_citations": 91, "num_publications_5y": 18, "num_citations_5y": 75, "num_publications_10y": 31, "num_citations_10y": 76, "publications_years": {"2013": 13, "2015": 8, "2014": 10}, "citations_years": {"2013": 1, "2014": 11, "2015": 20, "2016": 20, "2017": 12, "2018": 12, "2019": 12, "2020": 3}, "old_citations": {"2013": 54, "2015": 16, "2014": 21}, "isVisible": false}, "wireless telecommunication systems": {"name": "wireless telecommunication systems", "type": "topic", "h_index": 1087, "h5_index": 254, "num_publications": 31, "num_citations": 91, "num_publications_5y": 18, "num_citations_5y": 75, "num_publications_10y": 31, "num_citations_10y": 76, "publications_years": {"2013": 13, "2015": 8, "2014": 10}, "citations_years": {"2013": 1, "2014": 11, "2015": 20, "2016": 20, "2017": 12, "2018": 12, "2019": 12, "2020": 3}, "old_citations": {"2013": 54, "2015": 16, "2014": 21}, "isVisible": false}, "engineering": {"name": "engineering", "type": "topic", "h_index": 1177, "h5_index": 287, "num_publications": 29, "num_citations": 96, "num_publications_5y": 18, "num_citations_5y": 79, "num_publications_10y": 29, "num_citations_10y": 80, "publications_years": {"2013": 11, "2014": 10, "2015": 8}, "citations_years": {"2013": 1, "2014": 11, "2015": 20, "2016": 20, "2017": 15, "2018": 13, "2019": 12, "2020": 4}, "old_citations": {"2013": 54, "2014": 23, "2015": 19}, "isVisible": false}, "signal processing": {"name": "signal processing", "type": "topic", "h_index": 1012, "h5_index": 255, "num_publications": 29, "num_citations": 96, "num_publications_5y": 18, "num_citations_5y": 79, "num_publications_10y": 29, "num_citations_10y": 80, "publications_years": {"2013": 11, "2014": 10, "2015": 8}, "citations_years": {"2013": 1, "2014": 11, "2015": 20, "2016": 20, "2017": 15, "2018": 13, "2019": 12, "2020": 4}, "old_citations": {"2013": 54, "2014": 23, "2015": 19}, "isVisible": false}, "mathematics": {"name": "mathematics", "type": "topic", "h_index": 1364, "h5_index": 300, "num_publications": 25, "num_citations": 90, "num_publications_5y": 15, "num_citations_5y": 73, "num_publications_10y": 25, "num_citations_10y": 74, "publications_years": {"2015": 7, "2013": 10, "2014": 8}, "citations_years": {"2016": 19, "2017": 15, "2018": 12, "2019": 12, "2013": 1, "2014": 8, "2015": 19, "2020": 4}, "old_citations": {"2015": 22, "2013": 47, "2014": 21}, "isVisible": false}, "communication channels (information theory)": {"name": "communication channels (information theory)", "type": "topic", "h_index": 925, "h5_index": 216, "num_publications": 22, "num_citations": 80, "num_publications_5y": 13, "num_citations_5y": 66, "num_publications_10y": 22, "num_citations_10y": 67, "publications_years": {"2013": 9, "2015": 5, "2014": 8}, "citations_years": {"2013": 1, "2014": 8, "2015": 19, "2016": 17, "2017": 11, "2018": 11, "2019": 10, "2020": 3}, "old_citations": {"2013": 47, "2015": 14, "2014": 19}, "isVisible": false}, "antennas": {"name": "antennas", "type": "topic", "h_index": 645, "h5_index": 152, "num_publications": 21, "num_citations": 77, "num_publications_5y": 13, "num_citations_5y": 62, "num_publications_10y": 21, "num_citations_10y": 63, "publications_years": {"2013": 8, "2015": 6, "2014": 7}, "citations_years": {"2013": 1, "2014": 8, "2015": 17, "2016": 15, "2017": 11, "2018": 11, "2019": 11, "2020": 3}, "old_citations": {"2013": 47, "2015": 15, "2014": 15}, "isVisible": false}, "computer hardware": {"name": "computer hardware", "type": "topic", "h_index": 1150, "h5_index": 279, "num_publications": 21, "num_citations": 51, "num_publications_5y": 13, "num_citations_5y": 40, "num_publications_10y": 21, "num_citations_10y": 41, "publications_years": {"2013": 8, "2015": 7, "2014": 6}, "citations_years": {"2013": 1, "2014": 6, "2015": 10, "2016": 8, "2017": 8, "2018": 8, "2019": 8, "2020": 2}, "old_citations": {"2013": 25, "2015": 16, "2014": 10}, "isVisible": false}, "signal to noise ratio": {"name": "signal to noise ratio", "type": "topic", "h_index": 821, "h5_index": 194, "num_publications": 20, "num_citations": 78, "num_publications_5y": 12, "num_citations_5y": 64, "num_publications_10y": 20, "num_citations_10y": 65, "publications_years": {"2013": 8, "2015": 5, "2014": 7}, "citations_years": {"2013": 1, "2014": 6, "2015": 19, "2016": 17, "2017": 11, "2018": 11, "2019": 10, "2020": 3}, "old_citations": {"2013": 45, "2015": 14, "2014": 19}, "isVisible": false}, "bandwidth": {"name": "bandwidth", "type": "topic", "h_index": 922, "h5_index": 201, "num_publications": 19, "num_citations": 74, "num_publications_5y": 12, "num_citations_5y": 59, "num_publications_10y": 19, "num_citations_10y": 60, "publications_years": {"2013": 7, "2015": 7, "2014": 5}, "citations_years": {"2013": 1, "2014": 5, "2015": 16, "2016": 18, "2017": 9, "2018": 11, "2019": 11, "2020": 3}, "old_citations": {"2013": 46, "2015": 13, "2014": 15}, "isVisible": false}, "computer imaging and vision": {"name": "computer imaging and vision", "type": "topic", "h_index": 1142, "h5_index": 334, "num_publications": 18, "num_citations": 43, "num_publications_5y": 12, "num_citations_5y": 34, "num_publications_10y": 18, "num_citations_10y": 34, "publications_years": {"2015": 8, "2014": 4, "2013": 6}, "citations_years": {"2016": 8, "2017": 10, "2018": 5, "2019": 7, "2020": 2, "2015": 6, "2014": 5}, "old_citations": {"2015": 22, "2014": 10, "2013": 11}, "isVisible": false}, "image processing": {"name": "image processing", "type": "topic", "h_index": 1113, "h5_index": 328, "num_publications": 18, "num_citations": 43, "num_publications_5y": 12, "num_citations_5y": 34, "num_publications_10y": 18, "num_citations_10y": 34, "publications_years": {"2015": 8, "2014": 4, "2013": 6}, "citations_years": {"2016": 8, "2017": 10, "2018": 5, "2019": 7, "2020": 2, "2015": 6, "2014": 5}, "old_citations": {"2015": 22, "2014": 10, "2013": 11}, "isVisible": false}, "sensors": {"name": "sensors", "type": "topic", "h_index": 960, "h5_index": 229, "num_publications": 18, "num_citations": 39, "num_publications_5y": 12, "num_citations_5y": 31, "num_publications_10y": 18, "num_citations_10y": 31, "publications_years": {"2015": 7, "2013": 6, "2014": 5}, "citations_years": {"2016": 7, "2017": 8, "2018": 6, "2019": 6, "2020": 2, "2014": 4, "2015": 6}, "old_citations": {"2015": 16, "2013": 13, "2014": 10}, "isVisible": false}, "signal detection": {"name": "signal detection", "type": "topic", "h_index": 720, "h5_index": 185, "num_publications": 18, "num_citations": 75, "num_publications_5y": 11, "num_citations_5y": 62, "num_publications_10y": 18, "num_citations_10y": 63, "publications_years": {"2013": 7, "2014": 6, "2015": 5}, "citations_years": {"2013": 1, "2014": 7, "2015": 19, "2016": 17, "2017": 9, "2018": 10, "2019": 10, "2020": 2}, "old_citations": {"2013": 40, "2014": 21, "2015": 14}, "isVisible": false}, "telecommunication networks": {"name": "telecommunication networks", "type": "topic", "h_index": 1116, "h5_index": 258, "num_publications": 18, "num_citations": 69, "num_publications_5y": 11, "num_citations_5y": 54, "num_publications_10y": 18, "num_citations_10y": 55, "publications_years": {"2013": 7, "2014": 6, "2015": 5}, "citations_years": {"2013": 1, "2014": 5, "2015": 16, "2016": 13, "2017": 9, "2018": 11, "2019": 11, "2020": 3}, "old_citations": {"2013": 46, "2014": 15, "2015": 8}, "isVisible": false}, "matrix algebra": {"name": "matrix algebra", "type": "topic", "h_index": 771, "h5_index": 183, "num_publications": 15, "num_citations": 70, "num_publications_5y": 8, "num_citations_5y": 57, "num_publications_10y": 15, "num_citations_10y": 58, "publications_years": {"2013": 7, "2014": 4, "2015": 4}, "citations_years": {"2013": 1, "2014": 7, "2015": 15, "2016": 15, "2017": 11, "2018": 9, "2019": 10, "2020": 2}, "old_citations": {"2013": 45, "2014": 12, "2015": 13}, "isVisible": false}, "probability": {"name": "probability", "type": "topic", "h_index": 918, "h5_index": 211, "num_publications": 15, "num_citations": 69, "num_publications_5y": 9, "num_citations_5y": 56, "num_publications_10y": 15, "num_citations_10y": 57, "publications_years": {"2015": 4, "2013": 6, "2014": 5}, "citations_years": {"2016": 17, "2017": 7, "2018": 9, "2019": 10, "2013": 1, "2014": 5, "2015": 18, "2020": 2}, "old_citations": {"2015": 12, "2013": 38, "2014": 19}, "isVisible": false}, "telecommunication traffic": {"name": "telecommunication traffic", "type": "topic", "h_index": 1036, "h5_index": 233, "num_publications": 15, "num_citations": 69, "num_publications_5y": 8, "num_citations_5y": 54, "num_publications_10y": 15, "num_citations_10y": 55, "publications_years": {"2013": 7, "2014": 5, "2015": 3}, "citations_years": {"2013": 1, "2014": 5, "2015": 16, "2016": 13, "2017": 9, "2018": 11, "2019": 11, "2020": 3}, "old_citations": {"2013": 46, "2014": 15, "2015": 8}, "isVisible": false}, "bit error rate": {"name": "bit error rate", "type": "topic", "h_index": 619, "h5_index": 143, "num_publications": 14, "num_citations": 65, "num_publications_5y": 8, "num_citations_5y": 54, "num_publications_10y": 14, "num_citations_10y": 55, "publications_years": {"2013": 6, "2014": 5, "2015": 3}, "citations_years": {"2013": 1, "2014": 5, "2015": 18, "2016": 16, "2017": 6, "2018": 9, "2019": 8, "2020": 2}, "old_citations": {"2013": 38, "2014": 19, "2015": 8}, "isVisible": false}, "fading (radio)": {"name": "fading (radio)", "type": "topic", "h_index": 576, "h5_index": 133, "num_publications": 14, "num_citations": 65, "num_publications_5y": 8, "num_citations_5y": 54, "num_publications_10y": 14, "num_citations_10y": 55, "publications_years": {"2013": 6, "2014": 5, "2015": 3}, "citations_years": {"2013": 1, "2014": 5, "2015": 18, "2016": 16, "2017": 6, "2018": 9, "2019": 8, "2020": 2}, "old_citations": {"2013": 38, "2014": 19, "2015": 8}, "isVisible": false}}, "authors": {"310544496": {"name": "william scanlon", "type": "author", "activity": 24, "h_index": 18, "h5_index": 2, "mag_id": "310544496", "num_publications": 2, "num_citations": 4, "num_publications_5y": 2, "num_citations_5y": 4, "num_publications_10y": 2, "num_citations_10y": 4, "publications_years": {"2014": 2}, "citations_years": {"2015": 2, "2016": 2}, "old_citations": {"2014": 4}, "isVisible": false}, "1984974637": {"name": "a m abbosh", "type": "author", "activity": 17, "h_index": 12, "h5_index": 7, "mag_id": "1984974637", "num_publications": 2, "num_citations": 19, "num_publications_5y": 1, "num_citations_5y": 16, "num_publications_10y": 2, "num_citations_10y": 17, "publications_years": {"2013": 1, "2014": 1}, "citations_years": {"2013": 1, "2014": 2, "2015": 8, "2016": 3, "2017": 0, "2018": 3, "2019": 2}, "old_citations": {"2013": 11, "2014": 8}, "isVisible": false}, "2022758756": {"name": "akram alomainy", "type": "author", "activity": 16, "h_index": 10, "h5_index": 9, "mag_id": "2022758756", "num_publications": 2, "num_citations": 2, "num_publications_5y": 2, "num_citations_5y": 2, "num_publications_10y": 2, "num_citations_10y": 2, "publications_years": {"2014": 2}, "citations_years": {"2015": 1, "2016": 1}, "old_citations": {"2014": 2}, "isVisible": false}, "2089193435": {"name": "ronan sauleau", "type": "author", "activity": 21, "h_index": 6, "h5_index": 4, "mag_id": "2089193435", "num_publications": 2, "num_citations": 0, "num_publications_5y": 2, "num_citations_5y": 0, "num_publications_10y": 2, "num_citations_10y": 0, "publications_years": {"2014": 2}, "citations_years": {}, "old_citations": {"2014": 0}, "isVisible": false}, "2102234735": {"name": "yang hao", "type": "author", "activity": 18, "h_index": 10, "h5_index": 5, "mag_id": "2102234735", "num_publications": 2, "num_citations": 2, "num_publications_5y": 2, "num_citations_5y": 2, "num_publications_10y": 2, "num_citations_10y": 2, "publications_years": {"2014": 2}, "citations_years": {"2015": 1, "2016": 1}, "old_citations": {"2014": 2}, "isVisible": false}, "2134746495": {"name": "changzhi li", "type": "author", "activity": 15, "h_index": 11, "h5_index": 6, "mag_id": "2134746495", "num_publications": 2, "num_citations": 10, "num_publications_5y": 2, "num_citations_5y": 7, "num_publications_10y": 2, "num_citations_10y": 7, "publications_years": {"2015": 2}, "citations_years": {"2017": 4, "2018": 2, "2019": 3, "2016": 1}, "old_citations": {"2015": 10}, "isVisible": false}, "2144916540": {"name": "minkyu je", "type": "author", "activity": 22, "h_index": 17, "h5_index": 3, "mag_id": "2144916540", "num_publications": 2, "num_citations": 2, "num_publications_5y": 0, "num_citations_5y": 2, "num_publications_10y": 2, "num_citations_10y": 2, "publications_years": {"2013": 2}, "citations_years": {"2014": 1, "2015": 1}, "old_citations": {"2013": 2}, "isVisible": false}, "85928128": {"name": "dominique schreurs", "type": "author", "activity": 24, "h_index": 9, "h5_index": 3, "mag_id": "85928128", "num_publications": 1, "num_citations": 5, "num_publications_5y": 0, "num_citations_5y": 4, "num_publications_10y": 1, "num_citations_10y": 4, "publications_years": {"2013": 1}, "citations_years": {"2014": 1, "2015": 0, "2016": 1, "2017": 1, "2018": 1, "2019": 1}, "old_citations": {"2013": 5}, "isVisible": false}, "187693229": {"name": "nacer chahat", "type": "author", "activity": 9, "h_index": 5, "h5_index": 3, "mag_id": "187693229", "num_publications": 1, "num_citations": 0, "num_publications_5y": 1, "num_citations_5y": 0, "num_publications_10y": 1, "num_citations_10y": 0, "publications_years": {"2014": 1}, "citations_years": {}, "old_citations": {"2014": 0}, "isVisible": false}, "248017937": {"name": "hana dobsicek trefna", "type": "author", "activity": 12, "h_index": 2, "h5_index": 0, "mag_id": "248017937", "num_publications": 1, "num_citations": 1, "num_publications_5y": 1, "num_citations_5y": 0, "num_publications_10y": 1, "num_citations_10y": 0, "publications_years": {"2015": 1}, "citations_years": {"2019": 1}, "old_citations": {"2015": 1}, "isVisible": false}, "328655702": {"name": "basari", "type": "author", "activity": 11, "h_index": 5, "h5_index": 3, "mag_id": "328655702", "num_publications": 1, "num_citations": 6, "num_publications_5y": 0, "num_citations_5y": 4, "num_publications_10y": 1, "num_citations_10y": 4, "publications_years": {"2013": 1}, "citations_years": {"2014": 1, "2015": 0, "2016": 0, "2017": 2, "2018": 1, "2019": 1, "2020": 1}, "old_citations": {"2013": 6}, "isVisible": false}, "405787584": {"name": "maxim zhadobov", "type": "author", "activity": 11, "h_index": 3, "h5_index": 1, "mag_id": "405787584", "num_publications": 1, "num_citations": 0, "num_publications_5y": 1, "num_citations_5y": 0, "num_publications_10y": 1, "num_citations_10y": 0, "publications_years": {"2014": 1}, "citations_years": {}, "old_citations": {"2014": 0}, "isVisible": false}, "590882515": {"name": "guy a e vandenbosch", "type": "author", "activity": 27, "h_index": 9, "h5_index": 5, "mag_id": "590882515", "num_publications": 1, "num_citations": 5, "num_publications_5y": 0, "num_citations_5y": 4, "num_publications_10y": 1, "num_citations_10y": 4, "publications_years": {"2013": 1}, "citations_years": {"2014": 1, "2015": 0, "2016": 1, "2017": 1, "2018": 1, "2019": 1}, "old_citations": {"2013": 5}, "isVisible": false}, "1491101871": {"name": "thomas p ketterl", "type": "author", "activity": 3, "h_index": 3, "h5_index": 0, "mag_id": "1491101871", "num_publications": 1, "num_citations": 7, "num_publications_5y": 1, "num_citations_5y": 6, "num_publications_10y": 1, "num_citations_10y": 6, "publications_years": {"2014": 1}, "citations_years": {"2015": 3, "2016": 1, "2017": 0, "2018": 2, "2019": 0, "2020": 1}, "old_citations": {"2014": 7}, "isVisible": false}, "1587568646": {"name": "pegah takook", "type": "author", "activity": 5, "h_index": 1, "h5_index": 0, "mag_id": "1587568646", "num_publications": 1, "num_citations": 1, "num_publications_5y": 1, "num_citations_5y": 0, "num_publications_10y": 1, "num_citations_10y": 0, "publications_years": {"2015": 1}, "citations_years": {"2019": 1}, "old_citations": {"2015": 1}, "isVisible": false}, "1915306459": {"name": "s ahdi rezaeieh", "type": "author", "activity": 5, "h_index": 4, "h5_index": 1, "mag_id": "1915306459", "num_publications": 1, "num_citations": 8, "num_publications_5y": 1, "num_citations_5y": 8, "num_publications_10y": 1, "num_citations_10y": 8, "publications_years": {"2014": 1}, "citations_years": {"2015": 5, "2016": 2, "2017": 0, "2018": 1}, "old_citations": {"2014": 8}, "isVisible": false}, "1966497372": {"name": "andreas fhager", "type": "author", "activity": 16, "h_index": 4, "h5_index": 1, "mag_id": "1966497372", "num_publications": 1, "num_citations": 1, "num_publications_5y": 1, "num_citations_5y": 0, "num_publications_10y": 1, "num_citations_10y": 0, "publications_years": {"2015": 1}, "citations_years": {"2019": 1}, "old_citations": {"2015": 1}, "isVisible": false}, "1971030276": {"name": "ahmed toaha mobashsher", "type": "author", "activity": 12, "h_index": 9, "h5_index": 4, "mag_id": "1971030276", "num_publications": 1, "num_citations": 11, "num_publications_5y": 0, "num_citations_5y": 8, "num_publications_10y": 1, "num_citations_10y": 9, "publications_years": {"2013": 1}, "citations_years": {"2013": 1, "2014": 2, "2015": 3, "2016": 1, "2017": 0, "2018": 2, "2019": 2}, "old_citations": {"2013": 11}, "isVisible": false}, "1975387699": {"name": "panagiotis kosmas", "type": "author", "activity": 18, "h_index": 9, "h5_index": 4, "mag_id": "1975387699", "num_publications": 1, "num_citations": 2, "num_publications_5y": 1, "num_citations_5y": 2, "num_publications_10y": 1, "num_citations_10y": 2, "publications_years": {"2014": 1}, "citations_years": {"2017": 2}, "old_citations": {"2014": 2}, "isVisible": false}, "1986473870": {"name": "fitri yuli zulkifli", "type": "author", "activity": 9, "h_index": 4, "h5_index": 2, "mag_id": "1986473870", "num_publications": 1, "num_citations": 6, "num_publications_5y": 0, "num_citations_5y": 4, "num_publications_10y": 1, "num_citations_10y": 4, "publications_years": {"2013": 1}, "citations_years": {"2014": 1, "2015": 0, "2016": 0, "2017": 2, "2018": 1, "2019": 1, "2020": 1}, "old_citations": {"2013": 6}, "isVisible": false}, "1996768038": {"name": "kamil ugurbil", "type": "author", "activity": 27, "h_index": 17, "h5_index": 5, "mag_id": "1996768038", "num_publications": 1, "num_citations": 1, "num_publications_5y": 0, "num_citations_5y": 1, "num_publications_10y": 1, "num_citations_10y": 1, "publications_years": {"2013": 1}, "citations_years": {"2015": 1}, "old_citations": {"2013": 1}, "isVisible": false}, "2004551521": {"name": "devashish shrivastava", "type": "author", "activity": 1, "h_index": 1, "h5_index": 0, "mag_id": "2004551521", "num_publications": 1, "num_citations": 1, "num_publications_5y": 0, "num_citations_5y": 1, "num_publications_10y": 1, "num_citations_10y": 1, "publications_years": {"2013": 1}, "citations_years": {"2015": 1}, "old_citations": {"2013": 1}, "isVisible": false}, "2005879000": {"name": "gregor adriany", "type": "author", "activity": 25, "h_index": 3, "h5_index": 1, "mag_id": "2005879000", "num_publications": 1, "num_citations": 1, "num_publications_5y": 0, "num_citations_5y": 1, "num_publications_10y": 1, "num_citations_10y": 1, "publications_years": {"2013": 1}, "citations_years": {"2015": 1}, "old_citations": {"2013": 1}, "isVisible": false}, "2007722475": {"name": "jiangtao huangfu", "type": "author", "activity": 13, "h_index": 3, "h5_index": 1, "mag_id": "2007722475", "num_publications": 1, "num_citations": 3, "num_publications_5y": 1, "num_citations_5y": 3, "num_publications_10y": 1, "num_citations_10y": 3, "publications_years": {"2015": 1}, "citations_years": {"2016": 3}, "old_citations": {"2015": 3}, "isVisible": false}, "2014902243": {"name": "ping jack soh", "type": "author", "activity": 15, "h_index": 6, "h5_index": 4, "mag_id": "2014902243", "num_publications": 1, "num_citations": 5, "num_publications_5y": 0, "num_citations_5y": 4, "num_publications_10y": 1, "num_citations_10y": 4, "publications_years": {"2013": 1}, "citations_years": {"2014": 1, "2015": 0, "2016": 1, "2017": 1, "2018": 1, "2019": 1}, "old_citations": {"2013": 5}, "isVisible": false}, "2033967412": {"name": "eko tjipto rahardjo", "type": "author", "activity": 15, "h_index": 5, "h5_index": 2, "mag_id": "2033967412", "num_publications": 1, "num_citations": 6, "num_publications_5y": 0, "num_citations_5y": 4, "num_publications_10y": 1, "num_citations_10y": 4, "publications_years": {"2013": 1}, "citations_years": {"2014": 1, "2015": 0, "2016": 0, "2017": 2, "2018": 1, "2019": 1, "2020": 1}, "old_citations": {"2013": 6}, "isVisible": false}, "2035799481": {"name": "a r guraliuc", "type": "author", "activity": 9, "h_index": 4, "h5_index": 1, "mag_id": "2035799481", "num_publications": 1, "num_citations": 0, "num_publications_5y": 1, "num_citations_5y": 0, "num_publications_10y": 1, "num_citations_10y": 0, "publications_years": {"2014": 1}, "citations_years": {}, "old_citations": {"2014": 0}, "isVisible": false}, "2037787832": {"name": "tomas mckelvey", "type": "author", "activity": 26, "h_index": 11, "h5_index": 4, "mag_id": "2037787832", "num_publications": 1, "num_citations": 1, "num_publications_5y": 1, "num_citations_5y": 0, "num_publications_10y": 1, "num_citations_10y": 0, "publications_years": {"2015": 1}, "citations_years": {"2019": 1}, "old_citations": {"2015": 1}, "isVisible": false}, "2055082360": {"name": "ian butterworth", "type": "author", "activity": 6, "h_index": 3, "h5_index": 1, "mag_id": "2055082360", "num_publications": 1, "num_citations": 3, "num_publications_5y": 1, "num_citations_5y": 2, "num_publications_10y": 1, "num_citations_10y": 2, "publications_years": {"2015": 1}, "citations_years": {"2017": 1, "2018": 1, "2019": 0, "2020": 1}, "old_citations": {"2015": 3}, "isVisible": false}, "2056505735": {"name": "lance delabarre", "type": "author", "activity": 5, "h_index": 2, "h5_index": 0, "mag_id": "2056505735", "num_publications": 1, "num_citations": 1, "num_publications_5y": 0, "num_citations_5y": 1, "num_publications_10y": 1, "num_citations_10y": 1, "publications_years": {"2013": 1}, "citations_years": {"2015": 1}, "old_citations": {"2013": 1}, "isVisible": false}, "2065149234": {"name": "alessio brizzi", "type": "author", "activity": 4, "h_index": 3, "h5_index": 0, "mag_id": "2065149234", "num_publications": 1, "num_citations": 0, "num_publications_5y": 1, "num_citations_5y": 0, "num_publications_10y": 1, "num_citations_10y": 0, "publications_years": {"2014": 1}, "citations_years": {}, "old_citations": {"2014": 0}, "isVisible": false}, "2067224683": {"name": "asimina kiourti", "type": "author", "activity": 10, "h_index": 7, "h5_index": 3, "mag_id": "2067224683", "num_publications": 1, "num_citations": 0, "num_publications_5y": 1, "num_citations_5y": 0, "num_publications_10y": 1, "num_citations_10y": 0, "publications_years": {"2015": 1}, "citations_years": {}, "old_citations": {"2015": 0}, "isVisible": false}, "2069399241": {"name": "herbert zirath", "type": "author", "activity": 27, "h_index": 8, "h5_index": 0, "mag_id": "2069399241", "num_publications": 1, "num_citations": 1, "num_publications_5y": 1, "num_citations_5y": 0, "num_publications_10y": 1, "num_citations_10y": 0, "publications_years": {"2015": 1}, "citations_years": {"2019": 1}, "old_citations": {"2015": 1}, "isVisible": false}, "2083437662": {"name": "albert cabellos", "type": "author", "activity": 10, "h_index": 4, "h5_index": 3, "mag_id": "2083437662", "num_publications": 1, "num_citations": 0, "num_publications_5y": 1, "num_citations_5y": 0, "num_publications_10y": 1, "num_citations_10y": 0, "publications_years": {"2014": 1}, "citations_years": {}, "old_citations": {"2014": 0}, "isVisible": false}, "2096731517": {"name": "wenhsien fang", "type": "author", "activity": 26, "h_index": 9, "h5_index": 3, "mag_id": "2096731517", "num_publications": 1, "num_citations": 0, "num_publications_5y": 0, "num_citations_5y": 0, "num_publications_10y": 1, "num_citations_10y": 0, "publications_years": {"2013": 1}, "citations_years": {}, "old_citations": {"2013": 0}, "isVisible": false}, "2099478392": {"name": "youngtaek hong", "type": "author", "activity": 6, "h_index": 1, "h5_index": 1, "mag_id": "2099478392", "num_publications": 1, "num_citations": 0, "num_publications_5y": 1, "num_citations_5y": 0, "num_publications_10y": 1, "num_citations_10y": 0, "publications_years": {"2015": 1}, "citations_years": {}, "old_citations": {"2015": 0}, "isVisible": false}, "2103803069": {"name": "gabriel e arrobo", "type": "author", "activity": 7, "h_index": 4, "h5_index": 0, "mag_id": "2103803069", "num_publications": 1, "num_citations": 7, "num_publications_5y": 1, "num_citations_5y": 6, "num_publications_10y": 1, "num_citations_10y": 6, "publications_years": {"2014": 1}, "citations_years": {"2015": 3, "2016": 1, "2017": 0, "2018": 2, "2019": 0, "2020": 1}, "old_citations": {"2014": 7}, "isVisible": false}, "2105656434": {"name": "sheng sun", "type": "author", "activity": 16, "h_index": 4, "h5_index": 2, "mag_id": "2105656434", "num_publications": 1, "num_citations": 0, "num_publications_5y": 0, "num_citations_5y": 0, "num_publications_10y": 1, "num_citations_10y": 0, "publications_years": {"2013": 1}, "citations_years": {}, "old_citations": {"2013": 0}, "isVisible": false}, "2105960247": {"name": "runbo ma", "type": "author", "activity": 14, "h_index": 2, "h5_index": 0, "mag_id": "2105960247", "num_publications": 1, "num_citations": 2, "num_publications_5y": 0, "num_citations_5y": 2, "num_publications_10y": 1, "num_citations_10y": 2, "publications_years": {"2013": 1}, "citations_years": {"2014": 2}, "old_citations": {"2013": 2}, "isVisible": false}, "2106296613": {"name": "dauchyrh chang", "type": "author", "activity": 26, "h_index": 2, "h5_index": 0, "mag_id": "2106296613", "num_publications": 1, "num_citations": 0, "num_publications_5y": 0, "num_citations_5y": 0, "num_publications_10y": 1, "num_citations_10y": 0, "publications_years": {"2013": 1}, "citations_years": {}, "old_citations": {"2013": 0}, "isVisible": false}, "2108038239": {"name": "seong ki yoo", "type": "author", "activity": 6, "h_index": 4, "h5_index": 3, "mag_id": "2108038239", "num_publications": 1, "num_citations": 4, "num_publications_5y": 1, "num_citations_5y": 4, "num_publications_10y": 1, "num_citations_10y": 4, "publications_years": {"2014": 1}, "citations_years": {"2015": 2, "2016": 2}, "old_citations": {"2014": 4}, "isVisible": false}, "2109301670": {"name": "hongliang ren", "type": "author", "activity": 15, "h_index": 17, "h5_index": 8, "mag_id": "2109301670", "num_publications": 1, "num_citations": 2, "num_publications_5y": 0, "num_citations_5y": 2, "num_publications_10y": 1, "num_citations_10y": 2, "publications_years": {"2013": 1}, "citations_years": {"2014": 2}, "old_citations": {"2013": 2}, "isVisible": false}, "2115089669": {"name": "yinan yu", "type": "author", "activity": 24, "h_index": 4, "h5_index": 1, "mag_id": "2115089669", "num_publications": 1, "num_citations": 1, "num_publications_5y": 1, "num_citations_5y": 0, "num_publications_10y": 1, "num_citations_10y": 0, "publications_years": {"2015": 1}, "citations_years": {"2019": 1}, "old_citations": {"2015": 1}, "isVisible": false}, "2115173795": {"name": "chihhung lee", "type": "author", "activity": 2, "h_index": 0, "h5_index": 0, "mag_id": "2115173795", "num_publications": 1, "num_citations": 0, "num_publications_5y": 0, "num_citations_5y": 0, "num_publications_10y": 1, "num_citations_10y": 0, "publications_years": {"2013": 1}, "citations_years": {}, "old_citations": {"2013": 0}, "isVisible": false}, "2117013199": {"name": "marco mercuri", "type": "author", "activity": 9, "h_index": 7, "h5_index": 4, "mag_id": "2117013199", "num_publications": 1, "num_citations": 5, "num_publications_5y": 0, "num_citations_5y": 4, "num_publications_10y": 1, "num_citations_10y": 4, "publications_years": {"2013": 1}, "citations_years": {"2014": 1, "2015": 0, "2016": 1, "2017": 1, "2018": 1, "2019": 1}, "old_citations": {"2013": 5}, "isVisible": false}, "2123441157": {"name": "wenmei zhang", "type": "author", "activity": 15, "h_index": 3, "h5_index": 0, "mag_id": "2123441157", "num_publications": 1, "num_citations": 2, "num_publications_5y": 0, "num_citations_5y": 2, "num_publications_10y": 1, "num_citations_10y": 2, "publications_years": {"2013": 1}, "citations_years": {"2014": 2}, "old_citations": {"2013": 2}, "isVisible": false}, "2124171597": {"name": "chengkuo lee", "type": "author", "activity": 19, "h_index": 5, "h5_index": 4, "mag_id": "2124171597", "num_publications": 1, "num_citations": 0, "num_publications_5y": 0, "num_citations_5y": 0, "num_publications_10y": 1, "num_citations_10y": 0, "publications_years": {"2013": 1}, "citations_years": {}, "old_citations": {"2013": 0}, "isVisible": false}, "2125855356": {"name": "m f karim", "type": "author", "activity": 2, "h_index": 1, "h5_index": 0, "mag_id": "2125855356", "num_publications": 1, "num_citations": 1, "num_publications_5y": 0, "num_citations_5y": 1, "num_publications_10y": 1, "num_citations_10y": 1, "publications_years": {"2013": 1}, "citations_years": {"2015": 1}, "old_citations": {"2013": 1}, "isVisible": false}, "2125896001": {"name": "carlos s mendoza", "type": "author", "activity": 10, "h_index": 6, "h5_index": 1, "mag_id": "2125896001", "num_publications": 1, "num_citations": 3, "num_publications_5y": 1, "num_citations_5y": 2, "num_publications_10y": 1, "num_citations_10y": 2, "publications_years": {"2015": 1}, "citations_years": {"2017": 1, "2018": 1, "2019": 0, "2020": 1}, "old_citations": {"2015": 3}, "isVisible": false}, "2125961039": {"name": "j thomas vaughan", "type": "author", "activity": 11, "h_index": 4, "h5_index": 1, "mag_id": "2125961039", "num_publications": 1, "num_citations": 1, "num_publications_5y": 0, "num_citations_5y": 1, "num_publications_10y": 1, "num_citations_10y": 1, "publications_years": {"2013": 1}, "citations_years": {"2015": 1}, "old_citations": {"2013": 1}, "isVisible": false}, "2127060916": {"name": "mikael elam", "type": "author", "activity": 5, "h_index": 1, "h5_index": 0, "mag_id": "2127060916", "num_publications": 1, "num_citations": 1, "num_publications_5y": 1, "num_citations_5y": 0, "num_publications_10y": 1, "num_citations_10y": 0, "publications_years": {"2015": 1}, "citations_years": {"2019": 1}, "old_citations": {"2015": 1}, "isVisible": false}, "2128760696": {"name": "dexin ye", "type": "author", "activity": 5, "h_index": 2, "h5_index": 1, "mag_id": "2128760696", "num_publications": 1, "num_citations": 3, "num_publications_5y": 1, "num_citations_5y": 3, "num_publications_10y": 1, "num_citations_10y": 3, "publications_years": {"2015": 1}, "citations_years": {"2016": 3}, "old_citations": {"2015": 3}, "isVisible": false}, "2130956965": {"name": "chee keong ho", "type": "author", "activity": 3, "h_index": 3, "h5_index": 0, "mag_id": "2130956965", "num_publications": 1, "num_citations": 2, "num_publications_5y": 0, "num_citations_5y": 2, "num_publications_10y": 1, "num_citations_10y": 2, "publications_years": {"2013": 1}, "citations_years": {"2014": 1, "2015": 1}, "old_citations": {"2013": 2}, "isVisible": false}, "2137445850": {"name": "max o munoz", "type": "author", "activity": 5, "h_index": 2, "h5_index": 1, "mag_id": "2137445850", "num_publications": 1, "num_citations": 2, "num_publications_5y": 1, "num_citations_5y": 2, "num_publications_10y": 1, "num_citations_10y": 2, "publications_years": {"2014": 1}, "citations_years": {"2015": 1, "2016": 1}, "old_citations": {"2014": 2}, "isVisible": false}, "2138517673": {"name": "jinfeng tian", "type": "author", "activity": 1, "h_index": 1, "h5_index": 0, "mag_id": "2138517673", "num_publications": 1, "num_citations": 1, "num_publications_5y": 0, "num_citations_5y": 1, "num_publications_10y": 1, "num_citations_10y": 1, "publications_years": {"2013": 1}, "citations_years": {"2015": 1}, "old_citations": {"2013": 1}, "isVisible": false}, "2142919095": {"name": "luca giancardo", "type": "author", "activity": 13, "h_index": 8, "h5_index": 2, "mag_id": "2142919095", "num_publications": 1, "num_citations": 3, "num_publications_5y": 1, "num_citations_5y": 2, "num_publications_10y": 1, "num_citations_10y": 2, "publications_years": {"2015": 1}, "citations_years": {"2017": 1, "2018": 1, "2019": 0, "2020": 1}, "old_citations": {"2015": 3}, "isVisible": false}, "2149084127": {"name": "xinwei chen", "type": "author", "activity": 7, "h_index": 2, "h5_index": 0, "mag_id": "2149084127", "num_publications": 1, "num_citations": 2, "num_publications_5y": 0, "num_citations_5y": 2, "num_publications_10y": 1, "num_citations_10y": 2, "publications_years": {"2013": 1}, "citations_years": {"2014": 2}, "old_citations": {"2013": 2}, "isVisible": false}, "2149326059": {"name": "jinpil tak", "type": "author", "activity": 6, "h_index": 1, "h5_index": 1, "mag_id": "2149326059", "num_publications": 1, "num_citations": 0, "num_publications_5y": 1, "num_citations_5y": 0, "num_publications_10y": 1, "num_citations_10y": 0, "publications_years": {"2015": 1}, "citations_years": {}, "old_citations": {"2015": 0}, "isVisible": false}, "2150774824": {"name": "ali zamani", "type": "author", "activity": 17, "h_index": 4, "h5_index": 2, "mag_id": "2150774824", "num_publications": 1, "num_citations": 8, "num_publications_5y": 1, "num_citations_5y": 8, "num_publications_10y": 1, "num_citations_10y": 8, "publications_years": {"2014": 1}, "citations_years": {"2015": 5, "2016": 2, "2017": 0, "2018": 1}, "old_citations": {"2014": 8}, "isVisible": false}, "2153324051": {"name": "j c chiao", "type": "author", "activity": 26, "h_index": 5, "h5_index": 1, "mag_id": "2153324051", "num_publications": 1, "num_citations": 1, "num_publications_5y": 1, "num_citations_5y": 1, "num_publications_10y": 1, "num_citations_10y": 1, "publications_years": {"2015": 1}, "citations_years": {"2016": 1}, "old_citations": {"2015": 1}, "isVisible": false}, "2155720449": {"name": "yongxin guo", "type": "author", "activity": 20, "h_index": 10, "h5_index": 4, "mag_id": "2155720449", "num_publications": 1, "num_citations": 1, "num_publications_5y": 0, "num_citations_5y": 1, "num_publications_10y": 1, "num_citations_10y": 1, "publications_years": {"2013": 1}, "citations_years": {"2015": 1}, "old_citations": {"2013": 1}, "isVisible": false}, "2161310805": {"name": "lider fang", "type": "author", "activity": 6, "h_index": 0, "h5_index": 0, "mag_id": "2161310805", "num_publications": 1, "num_citations": 0, "num_publications_5y": 0, "num_citations_5y": 0, "num_publications_10y": 1, "num_citations_10y": 0, "publications_years": {"2013": 1}, "citations_years": {}, "old_citations": {"2013": 0}, "isVisible": false}, "2162131737": {"name": "mikael persson", "type": "author", "activity": 17, "h_index": 8, "h5_index": 1, "mag_id": "2162131737", "num_publications": 1, "num_citations": 1, "num_publications_5y": 1, "num_citations_5y": 0, "num_publications_10y": 1, "num_citations_10y": 0, "publications_years": {"2015": 1}, "citations_years": {"2019": 1}, "old_citations": {"2015": 1}, "isVisible": false}, "2162210308": {"name": "simon l cotton", "type": "author", "activity": 15, "h_index": 11, "h5_index": 6, "mag_id": "2162210308", "num_publications": 1, "num_citations": 4, "num_publications_5y": 1, "num_citations_5y": 4, "num_publications_10y": 1, "num_citations_10y": 4, "publications_years": {"2014": 1}, "citations_years": {"2015": 2, "2016": 2}, "old_citations": {"2014": 4}, "isVisible": false}, "2163749263": {"name": "luca daniel", "type": "author", "activity": 20, "h_index": 24, "h5_index": 7, "mag_id": "2163749263", "num_publications": 1, "num_citations": 3, "num_publications_5y": 1, "num_citations_5y": 2, "num_publications_10y": 1, "num_citations_10y": 2, "publications_years": {"2015": 1}, "citations_years": {"2017": 1, "2018": 1, "2019": 0, "2020": 1}, "old_citations": {"2015": 3}, "isVisible": false}, "2165283614": {"name": "xuezhi zeng", "type": "author", "activity": 6, "h_index": 1, "h5_index": 0, "mag_id": "2165283614", "num_publications": 1, "num_citations": 1, "num_publications_5y": 1, "num_citations_5y": 0, "num_publications_10y": 1, "num_citations_10y": 0, "publications_years": {"2015": 1}, "citations_years": {"2019": 1}, "old_citations": {"2015": 1}, "isVisible": false}, "2171717251": {"name": "b j mohammed", "type": "author", "activity": 10, "h_index": 6, "h5_index": 2, "mag_id": "2171717251", "num_publications": 1, "num_citations": 11, "num_publications_5y": 0, "num_citations_5y": 8, "num_publications_10y": 1, "num_citations_10y": 9, "publications_years": {"2013": 1}, "citations_years": {"2013": 1, "2014": 2, "2015": 3, "2016": 1, "2017": 0, "2018": 2, "2019": 2}, "old_citations": {"2013": 11}, "isVisible": false}, "2185414893": {"name": "kehshih chuang", "type": "author", "activity": 27, "h_index": 8, "h5_index": 0, "mag_id": "2185414893", "num_publications": 1, "num_citations": 4, "num_publications_5y": 1, "num_citations_5y": 2, "num_publications_10y": 1, "num_citations_10y": 2, "publications_years": {"2015": 1}, "citations_years": {"2016": 1, "2017": 1, "2018": 0, "2019": 2}, "old_citations": {"2015": 4}, "isVisible": false}, "2190745759": {"name": "khaleda ali", "type": "author", "activity": 6, "h_index": 2, "h5_index": 1, "mag_id": "2190745759", "num_publications": 1, "num_citations": 0, "num_publications_5y": 1, "num_citations_5y": 0, "num_publications_10y": 1, "num_citations_10y": 0, "publications_years": {"2014": 1}, "citations_years": {}, "old_citations": {"2014": 0}, "isVisible": false}, "2223790312": {"name": "yuuta miyataki", "type": "author", "activity": 1, "h_index": 1, "h5_index": 0, "mag_id": "2223790312", "num_publications": 1, "num_citations": 2, "num_publications_5y": 1, "num_citations_5y": 2, "num_publications_10y": 1, "num_citations_10y": 2, "publications_years": {"2015": 1}, "citations_years": {"2016": 2}, "old_citations": {"2015": 2}, "isVisible": false}, "2224636387": {"name": "shin hayakawa", "type": "author", "activity": 3, "h_index": 1, "h5_index": 1, "mag_id": "2224636387", "num_publications": 1, "num_citations": 1, "num_publications_5y": 1, "num_citations_5y": 1, "num_publications_10y": 1, "num_citations_10y": 1, "publications_years": {"2015": 1}, "citations_years": {"2016": 1}, "old_citations": {"2015": 1}, "isVisible": false}, "2226286505": {"name": "john l volakis", "type": "author", "activity": 30, "h_index": 14, "h5_index": 5, "mag_id": "2226286505", "num_publications": 1, "num_citations": 0, "num_publications_5y": 1, "num_citations_5y": 0, "num_publications_10y": 1, "num_citations_10y": 0, "publications_years": {"2015": 1}, "citations_years": {}, "old_citations": {"2015": 0}, "isVisible": false}, "2226374997": {"name": "asiful islam", "type": "author", "activity": 5, "h_index": 1, "h5_index": 1, "mag_id": "2226374997", "num_publications": 1, "num_citations": 0, "num_publications_5y": 1, "num_citations_5y": 0, "num_publications_10y": 1, "num_citations_10y": 0, "publications_years": {"2015": 1}, "citations_years": {}, "old_citations": {"2015": 0}, "isVisible": false}, "2226600087": {"name": "zhengyu peng", "type": "author", "activity": 3, "h_index": 3, "h5_index": 1, "mag_id": "2226600087", "num_publications": 1, "num_citations": 5, "num_publications_5y": 1, "num_citations_5y": 3, "num_publications_10y": 1, "num_citations_10y": 3, "publications_years": {"2015": 1}, "citations_years": {"2016": 1, "2017": 1, "2018": 1, "2019": 2}, "old_citations": {"2015": 5}, "isVisible": false}, "2228449142": {"name": "dony canisius sirait", "type": "author", "activity": 1, "h_index": 1, "h5_index": 0, "mag_id": "2228449142", "num_publications": 1, "num_citations": 6, "num_publications_5y": 0, "num_citations_5y": 4, "num_publications_10y": 1, "num_citations_10y": 4, "publications_years": {"2013": 1}, "citations_years": {"2014": 1, "2015": 0, "2016": 0, "2017": 2, "2018": 1, "2019": 1, "2020": 1}, "old_citations": {"2013": 6}, "isVisible": false}, "2228635586": {"name": "shintaro kiyoda", "type": "author", "activity": 2, "h_index": 1, "h5_index": 0, "mag_id": "2228635586", "num_publications": 1, "num_citations": 2, "num_publications_5y": 1, "num_citations_5y": 2, "num_publications_10y": 1, "num_citations_10y": 2, "publications_years": {"2015": 1}, "citations_years": {"2016": 2}, "old_citations": {"2015": 2}, "isVisible": false}, "2228888343": {"name": "zhenzhuang miao", "type": "author", "activity": 5, "h_index": 2, "h5_index": 2, "mag_id": "2228888343", "num_publications": 1, "num_citations": 2, "num_publications_5y": 1, "num_citations_5y": 2, "num_publications_10y": 1, "num_citations_10y": 2, "publications_years": {"2014": 1}, "citations_years": {"2017": 2}, "old_citations": {"2014": 2}, "isVisible": false}, "2229871279": {"name": "takaki kurashige", "type": "author", "activity": 2, "h_index": 1, "h5_index": 0, "mag_id": "2229871279", "num_publications": 1, "num_citations": 2, "num_publications_5y": 1, "num_citations_5y": 2, "num_publications_10y": 1, "num_citations_10y": 2, "publications_years": {"2015": 1}, "citations_years": {"2016": 2}, "old_citations": {"2015": 2}, "isVisible": false}, "2230180633": {"name": "frank popiela", "type": "author", "activity": 1, "h_index": 1, "h5_index": 0, "mag_id": "2230180633", "num_publications": 1, "num_citations": 2, "num_publications_5y": 0, "num_citations_5y": 2, "num_publications_10y": 1, "num_citations_10y": 2, "publications_years": {"2013": 1}, "citations_years": {"2014": 1, "2015": 0, "2016": 1}, "old_citations": {"2013": 2}, "isVisible": false}, "2231272512": {"name": "jose seralles", "type": "author", "activity": 1, "h_index": 1, "h5_index": 0, "mag_id": "2231272512", "num_publications": 1, "num_citations": 3, "num_publications_5y": 1, "num_citations_5y": 2, "num_publications_10y": 1, "num_citations_10y": 2, "publications_years": {"2015": 1}, "citations_years": {"2017": 1, "2018": 1, "2019": 0, "2020": 1}, "old_citations": {"2015": 3}, "isVisible": false}, "2231392059": {"name": "jianming zhao", "type": "author", "activity": 7, "h_index": 4, "h5_index": 1, "mag_id": "2231392059", "num_publications": 1, "num_citations": 0, "num_publications_5y": 0, "num_citations_5y": 0, "num_publications_10y": 1, "num_citations_10y": 0, "publications_years": {"2013": 1}, "citations_years": {}, "old_citations": {"2013": 0}, "isVisible": false}, "2235142715": {"name": "richard d gitlin", "type": "author", "activity": 30, "h_index": 34, "h5_index": 6, "mag_id": "2235142715", "num_publications": 1, "num_citations": 7, "num_publications_5y": 1, "num_citations_5y": 6, "num_publications_10y": 1, "num_citations_10y": 6, "publications_years": {"2014": 1}, "citations_years": {"2015": 3, "2016": 1, "2017": 0, "2018": 2, "2019": 0, "2020": 1}, "old_citations": {"2014": 7}, "isVisible": false}, "2247346755": {"name": "rizwan masood", "type": "author", "activity": 1, "h_index": 0, "h5_index": 0, "mag_id": "2247346755", "num_publications": 1, "num_citations": 0, "num_publications_5y": 1, "num_citations_5y": 0, "num_publications_10y": 1, "num_citations_10y": 0, "publications_years": {"2014": 1}, "citations_years": {}, "old_citations": {"2014": 0}, "isVisible": false}, "2251281020": {"name": "hitoshi hayashi", "type": "author", "activity": 7, "h_index": 3, "h5_index": 1, "mag_id": "2251281020", "num_publications": 1, "num_citations": 1, "num_publications_5y": 1, "num_citations_5y": 1, "num_publications_10y": 1, "num_citations_10y": 1, "publications_years": {"2015": 1}, "citations_years": {"2016": 1}, "old_citations": {"2015": 1}, "isVisible": false}, "2265599963": {"name": "yong ping xu", "type": "author", "activity": 19, "h_index": 13, "h5_index": 5, "mag_id": "2265599963", "num_publications": 1, "num_citations": 0, "num_publications_5y": 0, "num_citations_5y": 0, "num_publications_10y": 1, "num_citations_10y": 0, "publications_years": {"2013": 1}, "citations_years": {}, "old_citations": {"2013": 0}, "isVisible": false}, "2293945964": {"name": "shun sato", "type": "author", "activity": 2, "h_index": 1, "h5_index": 0, "mag_id": "2293945964", "num_publications": 1, "num_citations": 1, "num_publications_5y": 1, "num_citations_5y": 1, "num_publications_10y": 1, "num_citations_10y": 1, "publications_years": {"2015": 1}, "citations_years": {"2016": 1}, "old_citations": {"2015": 1}, "isVisible": false}, "2296349425": {"name": "lei yao", "type": "author", "activity": 13, "h_index": 7, "h5_index": 2, "mag_id": "2296349425", "num_publications": 1, "num_citations": 0, "num_publications_5y": 0, "num_citations_5y": 0, "num_publications_10y": 1, "num_citations_10y": 0, "publications_years": {"2013": 1}, "citations_years": {}, "old_citations": {"2013": 0}, "isVisible": false}, "2303557422": {"name": "yang liu", "type": "author", "activity": 4, "h_index": 3, "h5_index": 2, "mag_id": "2303557422", "num_publications": 1, "num_citations": 7, "num_publications_5y": 1, "num_citations_5y": 6, "num_publications_10y": 1, "num_citations_10y": 6, "publications_years": {"2014": 1}, "citations_years": {"2015": 3, "2016": 1, "2017": 0, "2018": 2, "2019": 0, "2020": 1}, "old_citations": {"2014": 7}, "isVisible": false}, "2305661955": {"name": "jaehoon choi", "type": "author", "activity": 22, "h_index": 7, "h5_index": 2, "mag_id": "2305661955", "num_publications": 1, "num_citations": 0, "num_publications_5y": 1, "num_citations_5y": 0, "num_publications_10y": 1, "num_citations_10y": 0, "publications_years": {"2015": 1}, "citations_years": {}, "old_citations": {"2015": 0}, "isVisible": false}, "2310934569": {"name": "m birkholz", "type": "author", "activity": 4, "h_index": 2, "h5_index": 0, "mag_id": "2310934569", "num_publications": 1, "num_citations": 2, "num_publications_5y": 0, "num_citations_5y": 2, "num_publications_10y": 1, "num_citations_10y": 2, "publications_years": {"2013": 1}, "citations_years": {"2014": 1, "2015": 0, "2016": 1}, "old_citations": {"2013": 2}, "isVisible": false}, "2416354927": {"name": "christian person", "type": "author", "activity": 17, "h_index": 2, "h5_index": 1, "mag_id": "2416354927", "num_publications": 1, "num_citations": 0, "num_publications_5y": 1, "num_citations_5y": 0, "num_publications_10y": 1, "num_citations_10y": 0, "publications_years": {"2014": 1}, "citations_years": {}, "old_citations": {"2014": 0}, "isVisible": false}, "2430944138": {"name": "yin li", "type": "author", "activity": 1, "h_index": 0, "h5_index": 0, "mag_id": "2430944138", "num_publications": 1, "num_citations": 0, "num_publications_5y": 0, "num_citations_5y": 0, "num_publications_10y": 1, "num_citations_10y": 0, "publications_years": {"2013": 1}, "citations_years": {}, "old_citations": {"2013": 0}, "isVisible": false}, "2432650391": {"name": "w y shi", "type": "author", "activity": 1, "h_index": 1, "h5_index": 0, "mag_id": "2432650391", "num_publications": 1, "num_citations": 1, "num_publications_5y": 1, "num_citations_5y": 1, "num_publications_10y": 1, "num_citations_10y": 1, "publications_years": {"2015": 1}, "citations_years": {"2016": 1}, "old_citations": {"2015": 1}, "isVisible": false}, "2487661328": {"name": "chwee ming lim", "type": "author", "activity": 8, "h_index": 3, "h5_index": 3, "mag_id": "2487661328", "num_publications": 1, "num_citations": 2, "num_publications_5y": 0, "num_citations_5y": 2, "num_publications_10y": 1, "num_citations_10y": 2, "publications_years": {"2013": 1}, "citations_years": {"2014": 2}, "old_citations": {"2013": 2}, "isVisible": false}, "2501247999": {"name": "xin liu", "type": "author", "activity": 10, "h_index": 12, "h5_index": 4, "mag_id": "2501247999", "num_publications": 1, "num_citations": 2, "num_publications_5y": 0, "num_citations_5y": 2, "num_publications_10y": 1, "num_citations_10y": 2, "publications_years": {"2013": 1}, "citations_years": {"2014": 1, "2015": 1}, "old_citations": {"2013": 2}, "isVisible": false}, "2577375614": {"name": "sungmin sohn", "type": "author", "activity": 14, "h_index": 5, "h5_index": 1, "mag_id": "2577375614", "num_publications": 1, "num_citations": 1, "num_publications_5y": 0, "num_citations_5y": 1, "num_publications_10y": 1, "num_citations_10y": 1, "publications_years": {"2013": 1}, "citations_years": {"2015": 1}, "old_citations": {"2013": 1}, "isVisible": false}, "2609293451": {"name": "xu liu", "type": "author", "activity": 7, "h_index": 3, "h5_index": 0, "mag_id": "2609293451", "num_publications": 1, "num_citations": 0, "num_publications_5y": 0, "num_citations_5y": 0, "num_publications_10y": 1, "num_citations_10y": 0, "publications_years": {"2013": 1}, "citations_years": {}, "old_citations": {"2013": 0}, "isVisible": false}, "2619423061": {"name": "qiao cheng", "type": "author", "activity": 5, "h_index": 2, "h5_index": 2, "mag_id": "2619423061", "num_publications": 1, "num_citations": 2, "num_publications_5y": 1, "num_citations_5y": 2, "num_publications_10y": 1, "num_citations_10y": 2, "publications_years": {"2014": 1}, "citations_years": {"2015": 1, "2016": 1}, "old_citations": {"2014": 2}, "isVisible": false}, "2619594741": {"name": "janerik karlsson", "type": "author", "activity": 1, "h_index": 1, "h5_index": 0, "mag_id": "2619594741", "num_publications": 1, "num_citations": 1, "num_publications_5y": 1, "num_citations_5y": 0, "num_publications_10y": 1, "num_citations_10y": 0, "publications_years": {"2015": 1}, "citations_years": {"2019": 1}, "old_citations": {"2015": 1}, "isVisible": false}, "2630248118": {"name": "yue ping zhang", "type": "author", "activity": 1, "h_index": 1, "h5_index": 0, "mag_id": "2630248118", "num_publications": 1, "num_citations": 23, "num_publications_5y": 0, "num_citations_5y": 18, "num_publications_10y": 1, "num_citations_10y": 18, "publications_years": {"2013": 1}, "citations_years": {"2014": 1, "2015": 4, "2016": 5, "2017": 5, "2018": 3, "2019": 4, "2020": 1}, "old_citations": {"2013": 23}, "isVisible": false}, "2678733340": {"name": "zihao chen", "type": "author", "activity": 1, "h_index": 1, "h5_index": 0, "mag_id": "2678733340", "num_publications": 1, "num_citations": 23, "num_publications_5y": 0, "num_citations_5y": 18, "num_publications_10y": 1, "num_citations_10y": 18, "publications_years": {"2013": 1}, "citations_years": {"2014": 1, "2015": 4, "2016": 5, "2017": 5, "2018": 3, "2019": 4, "2020": 1}, "old_citations": {"2013": 23}, "isVisible": false}, "2684989102": {"name": "s mustafa", "type": "author", "activity": 13, "h_index": 3, "h5_index": 1, "mag_id": "2684989102", "num_publications": 1, "num_citations": 11, "num_publications_5y": 0, "num_citations_5y": 8, "num_publications_10y": 1, "num_citations_10y": 9, "publications_years": {"2013": 1}, "citations_years": {"2013": 1, "2014": 2, "2015": 3, "2016": 1, "2017": 0, "2018": 2, "2019": 2}, "old_citations": {"2013": 11}, "isVisible": false}, "2685856963": {"name": "yao tang", "type": "author", "activity": 1, "h_index": 1, "h5_index": 0, "mag_id": "2685856963", "num_publications": 1, "num_citations": 5, "num_publications_5y": 1, "num_citations_5y": 4, "num_publications_10y": 1, "num_citations_10y": 4, "publications_years": {"2015": 1}, "citations_years": {"2017": 3, "2018": 1, "2019": 1}, "old_citations": {"2015": 5}, "isVisible": false}, "2676578433": {"name": "meilin su", "type": "author", "activity": 1, "h_index": 1, "h5_index": 0, "mag_id": "2676578433", "num_publications": 1, "num_citations": 4, "num_publications_5y": 1, "num_citations_5y": 2, "num_publications_10y": 1, "num_citations_10y": 2, "publications_years": {"2015": 1}, "citations_years": {"2016": 1, "2017": 1, "2018": 0, "2019": 2}, "old_citations": {"2015": 4}, "isVisible": false}, "2703708580": {"name": "tiancun hu", "type": "author", "activity": 1, "h_index": 1, "h5_index": 0, "mag_id": "2703708580", "num_publications": 1, "num_citations": 3, "num_publications_5y": 1, "num_citations_5y": 3, "num_publications_10y": 1, "num_citations_10y": 3, "publications_years": {"2015": 1}, "citations_years": {"2016": 3}, "old_citations": {"2015": 3}, "isVisible": false}, "2998826545": {"name": "tianyi zhou", "type": "author", "activity": 4, "h_index": 2, "h5_index": 2, "mag_id": "2998826545", "num_publications": 1, "num_citations": 3, "num_publications_5y": 1, "num_citations_5y": 3, "num_publications_10y": 1, "num_citations_10y": 3, "publications_years": {"2015": 1}, "citations_years": {"2016": 3}, "old_citations": {"2015": 3}, "isVisible": false}, "2651696953": {"name": "steffen ortmann", "type": "author", "activity": 1, "h_index": 1, "h5_index": 0, "mag_id": "2651696953", "num_publications": 1, "num_citations": 2, "num_publications_5y": 0, "num_citations_5y": 2, "num_publications_10y": 1, "num_citations_10y": 2, "publications_years": {"2013": 1}, "citations_years": {"2014": 1, "2015": 0, "2016": 1}, "old_citations": {"2013": 2}, "isVisible": false}, "2652890547": {"name": "thomas basmer", "type": "author", "activity": 1, "h_index": 1, "h5_index": 0, "mag_id": "2652890547", "num_publications": 1, "num_citations": 2, "num_publications_5y": 0, "num_citations_5y": 2, "num_publications_10y": 1, "num_citations_10y": 2, "publications_years": {"2013": 1}, "citations_years": {"2014": 1, "2015": 0, "2016": 1}, "old_citations": {"2013": 2}, "isVisible": false}, "2690448201": {"name": "wei liu", "type": "author", "activity": 6, "h_index": 2, "h5_index": 1, "mag_id": "2690448201", "num_publications": 1, "num_citations": 2, "num_publications_5y": 0, "num_citations_5y": 2, "num_publications_10y": 1, "num_citations_10y": 2, "publications_years": {"2013": 1}, "citations_years": {"2014": 2}, "old_citations": {"2013": 2}, "isVisible": false}, "2754512675": {"name": "liyun yan", "type": "author", "activity": 1, "h_index": 1, "h5_index": 0, "mag_id": "2754512675", "num_publications": 1, "num_citations": 2, "num_publications_5y": 0, "num_citations_5y": 2, "num_publications_10y": 1, "num_citations_10y": 2, "publications_years": {"2013": 1}, "citations_years": {"2014": 2}, "old_citations": {"2013": 2}, "isVisible": false}, "2808955168": {"name": "nicole todtenberg", "type": "author", "activity": 1, "h_index": 1, "h5_index": 0, "mag_id": "2808955168", "num_publications": 1, "num_citations": 2, "num_publications_5y": 0, "num_citations_5y": 2, "num_publications_10y": 1, "num_citations_10y": 2, "publications_years": {"2013": 1}, "citations_years": {"2014": 1, "2015": 0, "2016": 1}, "old_citations": {"2013": 2}, "isVisible": false}, "2937371540": {"name": "tadahiko maeda", "type": "author", "activity": 1, "h_index": 1, "h5_index": 0, "mag_id": "2937371540", "num_publications": 1, "num_citations": 2, "num_publications_5y": 1, "num_citations_5y": 2, "num_publications_10y": 1, "num_citations_10y": 2, "publications_years": {"2015": 1}, "citations_years": {"2016": 2}, "old_citations": {"2015": 2}, "isVisible": false}, "2682471662": {"name": "h hu", "type": "author", "activity": 1, "h_index": 1, "h5_index": 0, "mag_id": "2682471662", "num_publications": 1, "num_citations": 1, "num_publications_5y": 0, "num_citations_5y": 1, "num_publications_10y": 1, "num_citations_10y": 1, "publications_years": {"2013": 1}, "citations_years": {"2015": 1}, "old_citations": {"2013": 1}, "isVisible": false}, "2683554742": {"name": "b luo", "type": "author", "activity": 1, "h_index": 1, "h5_index": 0, "mag_id": "2683554742", "num_publications": 1, "num_citations": 1, "num_publications_5y": 0, "num_citations_5y": 1, "num_publications_10y": 1, "num_citations_10y": 1, "publications_years": {"2013": 1}, "citations_years": {"2015": 1}, "old_citations": {"2013": 1}, "isVisible": false}, "2688171897": {"name": "a r leyman", "type": "author", "activity": 1, "h_index": 1, "h5_index": 0, "mag_id": "2688171897", "num_publications": 1, "num_citations": 1, "num_publications_5y": 0, "num_citations_5y": 1, "num_publications_10y": 1, "num_citations_10y": 1, "publications_years": {"2013": 1}, "citations_years": {"2015": 1}, "old_citations": {"2013": 1}, "isVisible": false}, "2706369345": {"name": "l c ong", "type": "author", "activity": 1, "h_index": 1, "h5_index": 0, "mag_id": "2706369345", "num_publications": 1, "num_citations": 1, "num_publications_5y": 0, "num_citations_5y": 1, "num_publications_10y": 1, "num_citations_10y": 1, "publications_years": {"2013": 1}, "citations_years": {"2015": 1}, "old_citations": {"2013": 1}, "isVisible": false}, "2803322263": {"name": "t m chiam", "type": "author", "activity": 1, "h_index": 1, "h5_index": 0, "mag_id": "2803322263", "num_publications": 1, "num_citations": 1, "num_publications_5y": 0, "num_citations_5y": 1, "num_publications_10y": 1, "num_citations_10y": 1, "publications_years": {"2013": 1}, "citations_years": {"2015": 1}, "old_citations": {"2013": 1}, "isVisible": false}, "2938494758": {"name": "x h zhu", "type": "author", "activity": 1, "h_index": 1, "h5_index": 0, "mag_id": "2938494758", "num_publications": 1, "num_citations": 1, "num_publications_5y": 0, "num_citations_5y": 1, "num_publications_10y": 1, "num_citations_10y": 1, "publications_years": {"2013": 1}, "citations_years": {"2015": 1}, "old_citations": {"2013": 1}, "isVisible": false}}, "countries": {"United States": {"name": "United States", "type": "country", "h5_index": 308, "num_publications": 8, "num_citations": 22, "num_publications_5y": 7, "num_citations_5y": 17, "num_publications_10y": 8, "num_citations_10y": 17, "publications_years": {"2015": 5, "2013": 1, "2014": 2}, "citations_years": {"2016": 3, "2017": 5, "2018": 5, "2019": 3, "2020": 2, "2015": 4}, "old_citations": {"2015": 14, "2013": 1, "2014": 7}, "isVisible": false}, "Singapore": {"name": "Singapore", "type": "country", "h5_index": 105, "num_publications": 6, "num_citations": 28, "num_publications_5y": 0, "num_citations_5y": 23, "num_publications_10y": 6, "num_citations_10y": 23, "publications_years": {"2013": 6}, "citations_years": {"2014": 4, "2015": 6, "2016": 5, "2017": 5, "2018": 3, "2019": 4, "2020": 1}, "old_citations": {"2013": 28}, "isVisible": false}, "United Kingdom": {"name": "United Kingdom", "type": "country", "h5_index": 172, "num_publications": 5, "num_citations": 8, "num_publications_5y": 5, "num_citations_5y": 8, "num_publications_10y": 5, "num_citations_10y": 8, "publications_years": {"2014": 5}, "citations_years": {"2017": 2, "2015": 3, "2016": 3}, "old_citations": {"2014": 8}, "isVisible": false}, "China": {"name": "China", "type": "country", "h5_index": 214, "num_publications": 4, "num_citations": 6, "num_publications_5y": 1, "num_citations_5y": 6, "num_publications_10y": 4, "num_citations_10y": 6, "publications_years": {"2013": 3, "2015": 1}, "citations_years": {"2015": 1, "2016": 3, "2014": 2}, "old_citations": {"2013": 3, "2015": 3}, "isVisible": false}, "Australia": {"name": "Australia", "type": "country", "h5_index": 141, "num_publications": 2, "num_citations": 19, "num_publications_5y": 1, "num_citations_5y": 16, "num_publications_10y": 2, "num_citations_10y": 17, "publications_years": {"2013": 1, "2014": 1}, "citations_years": {"2013": 1, "2014": 2, "2015": 8, "2016": 3, "2017": 0, "2018": 3, "2019": 2}, "old_citations": {"2013": 11, "2014": 8}, "isVisible": false}, "Japan": {"name": "Japan", "type": "country", "h5_index": 94, "num_publications": 2, "num_citations": 3, "num_publications_5y": 2, "num_citations_5y": 3, "num_publications_10y": 2, "num_citations_10y": 3, "publications_years": {"2015": 2}, "citations_years": {"2016": 3}, "old_citations": {"2015": 3}, "isVisible": false}, "Taiwan": {"name": "Taiwan", "type": "country", "h5_index": 69, "num_publications": 2, "num_citations": 4, "num_publications_5y": 1, "num_citations_5y": 2, "num_publications_10y": 2, "num_citations_10y": 2, "publications_years": {"2015": 1, "2013": 1}, "citations_years": {"2016": 1, "2017": 1, "2018": 0, "2019": 2}, "old_citations": {"2015": 4, "2013": 0}, "isVisible": false}, "Belgium": {"name": "Belgium", "type": "country", "h5_index": 72, "num_publications": 1, "num_citations": 5, "num_publications_5y": 0, "num_citations_5y": 4, "num_publications_10y": 1, "num_citations_10y": 4, "publications_years": {"2013": 1}, "citations_years": {"2014": 1, "2015": 0, "2016": 1, "2017": 1, "2018": 1, "2019": 1}, "old_citations": {"2013": 5}, "isVisible": false}, "France": {"name": "France", "type": "country", "h5_index": 99, "num_publications": 1, "num_citations": 0, "num_publications_5y": 1, "num_citations_5y": 0, "num_publications_10y": 1, "num_citations_10y": 0, "publications_years": {"2014": 1}, "citations_years": {}, "old_citations": {"2014": 0}, "isVisible": false}, "Germany": {"name": "Germany", "type": "country", "h5_index": 139, "num_publications": 1, "num_citations": 0, "num_publications_5y": 1, "num_citations_5y": 0, "num_publications_10y": 1, "num_citations_10y": 0, "publications_years": {"2014": 1}, "citations_years": {}, "old_citations": {"2014": 0}, "isVisible": false}, "South Korea": {"name": "South Korea", "type": "country", "h5_index": 100, "num_publications": 1, "num_citations": 0, "num_publications_5y": 1, "num_citations_5y": 0, "num_publications_10y": 1, "num_citations_10y": 0, "publications_years": {"2015": 1}, "citations_years": {}, "old_citations": {"2015": 0}, "isVisible": false}, "Spain": {"name": "Spain", "type": "country", "h5_index": 91, "num_publications": 1, "num_citations": 0, "num_publications_5y": 1, "num_citations_5y": 0, "num_publications_10y": 1, "num_citations_10y": 0, "publications_years": {"2014": 1}, "citations_years": {}, "old_citations": {"2014": 0}, "isVisible": false}, "Sweden": {"name": "Sweden", "type": "country", "h5_index": 82, "num_publications": 1, "num_citations": 1, "num_publications_5y": 1, "num_citations_5y": 0, "num_publications_10y": 1, "num_citations_10y": 0, "publications_years": {"2015": 1}, "citations_years": {"2019": 1}, "old_citations": {"2015": 1}, "isVisible": false}}}, "conference_comparison": {"computer science": {}}, "topics_dna": {"publications": {}, "citations": {"normalized": {}, "average": {}}}, "info": {"num_publications": 36, "num_citations": 103.0, "impact_factor": {"2015": 0.84}, "publications_years": {"2013": 14, "2014": 11, "2015": 11}, "citations_years": {"2013": 1, "2014": 11, "2015": 21, "2016": 23, "2017": 16, "2018": 13, "2019": 14, "2020": 4}, "old_citations": {"2013": 55, "2014": 23, "2015": 25}, "h5_index": 0}, "percentile": {"computer science": {"2013": 73, "2014": 63, "2015": 69}}, "conference_ranking": {"computer science": {"2013": 1142, "2014": 1574, "2015": 1307}}, "academia": {"num_publications": 26, "num_citations": 90, "publications_years": {"2013": 8, "2014": 8, "2015": 10}, "old_citations": {"2013": 43, "2014": 23, "2015": 24}, "num_publications_5y": 0, "num_citations_5y": 0, "num_publications_10y": 26, "num_citations_10y": 90}, "industry": {"num_publications": 0, "num_citations": 0, "publications_years": {}, "old_citations": {}, "num_publications_5y": 0, "num_citations_5y": 0, "num_publications_10y": 0, "num_citations_10y": 0}, "collaborative": {"num_publications": 0, "num_citations": 0, "publications_years": {}, "old_citations": {}, "num_publications_5y": 0, "num_citations_5y": 0, "num_publications_10y": 0, "num_citations_10y": 0}, "conferences": {}, "journals": {}, "organizations": {"publication_overall": ["National University of Singapore", "Agency for Science, Technology and Research", "Oriental Institute of Technology", "Queen Mary University of London", "Texas Tech University", "University of Queensland", "California Institute of Technology", "Chalmers University of Technology", "French National Centre for Scientific Research", "German Cancer Research Center", "Hanyang University", "Institute for Infocomm Research", "KU Leuven", "King's College London", "Massachusetts Institute of Technology", "Nanjing University of Science and Technology", "Nanyang Technological University", "National Taiwan University of Science and Technology", "National Tsing Hua University", "Queen's University Belfast", "Ritsumeikan University", "Sahlgrenska University Hospital", "Shanxi University", "Sophia University", "The Ohio State University", "The University of Texas at Arlington", "Universitat Polit\u00e8cnica de Catalunya", "University of Bristol", "University of Gothenburg", "University of Hong Kong", "University of Minnesota", "University of South Florida", "Yuan Ze University", "Zhejiang University"], "citation_overall": ["Nanyang Technological University", "University of Queensland", "Texas Tech University", "University of South Florida", "KU Leuven", "National Tsing Hua University", "Oriental Institute of Technology", "Queen's University Belfast", "Massachusetts Institute of Technology", "National University of Singapore", "Zhejiang University", "Agency for Science, Technology and Research", "King's College London", "Queen Mary University of London", "Ritsumeikan University", "Shanxi University", "Chalmers University of Technology", "Institute for Infocomm Research", "Nanjing University of Science and Technology", "Sahlgrenska University Hospital", "Sophia University", "The University of Texas at Arlington", "University of Gothenburg", "University of Minnesota", "California Institute of Technology", "French National Centre for Scientific Research", "German Cancer Research Center", "Hanyang University", "National Taiwan University of Science and Technology", "The Ohio State University", "Universitat Polit\u00e8cnica de Catalunya", "University of Bristol", "University of Hong Kong", "Yuan Ze University"], "publication_10_years": ["National University of Singapore", "Agency for Science, Technology and Research", "Oriental Institute of Technology", "Queen Mary University of London", "Texas Tech University", "University of Queensland", "California Institute of Technology", "Chalmers University of Technology", "French National Centre for Scientific Research", "German Cancer Research Center", "Hanyang University", "Institute for Infocomm Research", "KU Leuven", "King's College London", "Massachusetts Institute of Technology", "Nanjing University of Science and Technology", "Nanyang Technological University", "National Taiwan University of Science and Technology", "National Tsing Hua University", "Queen's University Belfast", "Ritsumeikan University", "Sahlgrenska University Hospital", "Shanxi University", "Sophia University", "The Ohio State University", "The University of Texas at Arlington", "Universitat Polit\u00e8cnica de Catalunya", "University of Bristol", "University of Gothenburg", "University of Hong Kong", "University of Minnesota", "University of South Florida", "Yuan Ze University", "Zhejiang University"], "citation_10_years": ["Nanyang Technological University", "University of Queensland", "Texas Tech University", "University of South Florida", "KU Leuven", "National Tsing Hua University", "Oriental Institute of Technology", "Queen's University Belfast", "Massachusetts Institute of Technology", "National University of Singapore", "Zhejiang University", "Agency for Science, Technology and Research", "King's College London", "Queen Mary University of London", "Ritsumeikan University", "Shanxi University", "Chalmers University of Technology", "Institute for Infocomm Research", "Nanjing University of Science and Technology", "Sahlgrenska University Hospital", "Sophia University", "The University of Texas at Arlington", "University of Gothenburg", "University of Minnesota", "California Institute of Technology", "French National Centre for Scientific Research", "German Cancer Research Center", "Hanyang University", "National Taiwan University of Science and Technology", "The Ohio State University", "Universitat Polit\u00e8cnica de Catalunya", "University of Bristol", "University of Hong Kong", "Yuan Ze University"], "publication_5_years": [], "citation_5_years": []}, "countries": {"publication_overall": ["United States", "Singapore", "United Kingdom", "China", "Australia", "Japan", "Taiwan", "Belgium", "France", "Germany", "South Korea", "Spain", "Sweden"], "citation_overall": ["Singapore", "United States", "Australia", "United Kingdom", "China", "Belgium", "Taiwan", "Japan", "Sweden", "France", "Germany", "South Korea", "Spain"], "publication_10_years": ["United States", "Singapore", "United Kingdom", "China", "Australia", "Japan", "Taiwan", "Belgium", "France", "Germany", "South Korea", "Spain", "Sweden"], "citation_10_years": ["Singapore", "United States", "Australia", "United Kingdom", "China", "Belgium", "Taiwan", "Japan", "Sweden", "France", "Germany", "South Korea", "Spain"], "publication_5_years": [], "citation_5_years": []}, "topics": {"publication_overall": ["computer science", "computer networks", "computer systems", "telecommunication systems", "communication systems", "wireless telecommunication systems", "engineering", "signal processing", "mathematics", "communication channels (information theory)", "antennas", "computer hardware", "signal to noise ratio", "bandwidth", "computer imaging and vision", "image processing", "sensors", "signal detection", "telecommunication networks", "matrix algebra"], "citation_overall": ["computer science", "engineering", "signal processing", "computer networks", "computer systems", "telecommunication systems", "communication systems", "wireless telecommunication systems", "mathematics", "communication channels (information theory)", "signal to noise ratio", "antennas", "signal detection", "bandwidth", "matrix algebra", "probability", "telecommunication networks", "telecommunication traffic", "bit error rate", "fading (radio)"], "publication_10_years": ["computer science", "computer networks", "computer systems", "telecommunication systems", "communication systems", "wireless telecommunication systems", "engineering", "signal processing", "mathematics", "communication channels (information theory)", "antennas", "computer hardware", "signal to noise ratio", "bandwidth", "computer imaging and vision", "image processing", "sensors", "signal detection", "telecommunication networks", "matrix algebra"], "citation_10_years": ["computer science", "engineering", "signal processing", "computer networks", "computer systems", "telecommunication systems", "communication systems", "wireless telecommunication systems", "mathematics", "communication channels (information theory)", "signal to noise ratio", "antennas", "signal detection", "bandwidth", "matrix algebra", "probability", "telecommunication networks", "telecommunication traffic", "bit error rate", "fading (radio)"], "publication_5_years": [], "citation_5_years": []}, "main_topics": ["computer science"], "authors": {"publication_overall": ["310544496", "1984974637", "2022758756", "2089193435", "2102234735", "2134746495", "2144916540", "85928128", "187693229", "248017937", "328655702", "405787584", "590882515", "1491101871", "1587568646", "1915306459", "1966497372", "1971030276", "1975387699", "1986473870", "1996768038", "2004551521", "2005879000", "2007722475", "2014902243", "2033967412", "2035799481", "2037787832", "2055082360", "2056505735", "2065149234", "2067224683", "2069399241", "2083437662", "2096731517", "2099478392", "2103803069", "2105656434", "2105960247", "2106296613", "2108038239", "2109301670", "2115089669", "2115173795", "2117013199", "2123441157", "2124171597", "2125855356", "2125896001", "2125961039", "2127060916", "2128760696", "2130956965", "2137445850", "2138517673", "2142919095", "2149084127", "2149326059", "2150774824", "2153324051", "2155720449", "2161310805", "2162131737", "2162210308", "2163749263", "2165283614", "2171717251", "2185414893", "2190745759", "2223790312", "2224636387", "2226286505", "2226374997", "2226600087", "2228449142", "2228635586", "2228888343", "2229871279", "2230180633", "2231272512", "2231392059", "2235142715", "2247346755", "2251281020", "2265599963", "2293945964", "2296349425", "2303557422", "2305661955", "2310934569", "2416354927", "2430944138", "2432650391", "2487661328", "2501247999", "2577375614", "2609293451", "2619423061", "2619594741", "2630248118"], "citation_overall": ["2630248118", "2678733340", "1984974637", "1971030276", "2171717251", "2684989102", "2134746495", "1915306459", "2150774824", "1491101871", "2103803069", "2235142715", "2303557422", "328655702", "1986473870", "2033967412", "2228449142", "85928128", "590882515", "2014902243", "2117013199", "2226600087", "2685856963", "310544496", "2108038239", "2162210308", "2185414893", "2676578433", "2007722475", "2055082360", "2125896001", "2128760696", "2142919095", "2163749263", "2231272512", "2703708580", "2998826545", "1975387699", "2022758756", "2102234735", "2105960247", "2109301670", "2123441157", "2130956965", "2137445850", "2144916540", "2149084127", "2223790312", "2228635586", "2228888343", "2229871279", "2230180633", "2310934569", "2487661328", "2501247999", "2619423061", "2651696953", "2652890547", "2690448201", "2754512675", "2808955168", "2937371540", "248017937", "1587568646", "1966497372", "1996768038", "2004551521", "2005879000", "2037787832", "2056505735", "2069399241", "2115089669", "2125855356", "2125961039", "2127060916", "2138517673", "2153324051", "2155720449", "2162131737", "2165283614", "2224636387", "2251281020", "2293945964", "2432650391", "2577375614", "2619594741", "2682471662", "2683554742", "2688171897", "2706369345", "2803322263", "2938494758", "187693229", "405787584", "2035799481", "2065149234", "2067224683", "2083437662", "2089193435", "2096731517"], "publication_10_years": ["310544496", "1984974637", "2022758756", "2089193435", "2102234735", "2134746495", "2144916540", "85928128", "187693229", "248017937", "328655702", "405787584", "590882515", "1491101871", "1587568646", "1915306459", "1966497372", "1971030276", "1975387699", "1986473870", "1996768038", "2004551521", "2005879000", "2007722475", "2014902243", "2033967412", "2035799481", "2037787832", "2055082360", "2056505735", "2065149234", "2067224683", "2069399241", "2083437662", "2096731517", "2099478392", "2103803069", "2105656434", "2105960247", "2106296613", "2108038239", "2109301670", "2115089669", "2115173795", "2117013199", "2123441157", "2124171597", "2125855356", "2125896001", "2125961039", "2127060916", "2128760696", "2130956965", "2137445850", "2138517673", "2142919095", "2149084127", "2149326059", "2150774824", "2153324051", "2155720449", "2161310805", "2162131737", "2162210308", "2163749263", "2165283614", "2171717251", "2185414893", "2190745759", "2223790312", "2224636387", "2226286505", "2226374997", "2226600087", "2228449142", "2228635586", "2228888343", "2229871279", "2230180633", "2231272512", "2231392059", "2235142715", "2247346755", "2251281020", "2265599963", "2293945964", "2296349425", "2303557422", "2305661955", "2310934569", "2416354927", "2430944138", "2432650391", "2487661328", "2501247999", "2577375614", "2609293451", "2619423061", "2619594741", "2630248118"], "citation_10_years": ["2630248118", "2678733340", "1984974637", "1971030276", "2171717251", "2684989102", "2134746495", "1915306459", "2150774824", "1491101871", "2103803069", "2235142715", "2303557422", "328655702", "1986473870", "2033967412", "2228449142", "85928128", "590882515", "2014902243", "2117013199", "2226600087", "2685856963", "310544496", "2108038239", "2162210308", "2185414893", "2676578433", "2007722475", "2055082360", "2125896001", "2128760696", "2142919095", "2163749263", "2231272512", "2703708580", "2998826545", "1975387699", "2022758756", "2102234735", "2105960247", "2109301670", "2123441157", "2130956965", "2137445850", "2144916540", "2149084127", "2223790312", "2228635586", "2228888343", "2229871279", "2230180633", "2310934569", "2487661328", "2501247999", "2619423061", "2651696953", "2652890547", "2690448201", "2754512675", "2808955168", "2937371540", "248017937", "1587568646", "1966497372", "1996768038", "2004551521", "2005879000", "2037787832", "2056505735", "2069399241", "2115089669", "2125855356", "2125961039", "2127060916", "2138517673", "2153324051", "2155720449", "2162131737", "2165283614", "2224636387", "2251281020", "2293945964", "2432650391", "2577375614", "2619594741", "2682471662", "2683554742", "2688171897", "2706369345", "2803322263", "2938494758", "187693229", "405787584", "2035799481", "2065149234", "2067224683", "2083437662", "2089193435", "2096731517"], "publication_5_years": [], "citation_5_years": []}, "industrial_sectors": {"publication_overall": [], "citation_overall": [], "publication_10_years": [], "citation_10_years": [], "publication_5_years": [], "citation_5_years": []}}