{"name": "Wireless Mobile Communication and Healthcare", "acronym": "MobiHealth", "type": "conference", "uniqueEntities": {"organizations": {"University of Patras": {"name": "University of Patras", "type": "organization", "organization_type": "Education", "h_index": 86, "h5_index": 20, "num_publications": 7, "num_citations": 3, "num_publications_5y": 0, "num_citations_5y": 0, "num_publications_10y": 7, "num_citations_10y": 2, "publications_years": {"2012": 5, "2013": 2}, "citations_years": {"2011": 2, "2019": 1}, "old_citations": {"2012": 3, "2013": 0}, "isVisible": false}, "National Technical University of Athens": {"name": "National Technical University of Athens", "type": "organization", "organization_type": "Education", "h_index": 91, "h5_index": 27, "num_publications": 4, "num_citations": 5, "num_publications_5y": 0, "num_citations_5y": 2, "num_publications_10y": 4, "num_citations_10y": 4, "publications_years": {"2012": 4}, "citations_years": {"2011": 2, "2019": 1, "2014": 1, "2015": 0, "2016": 1}, "old_citations": {"2012": 5}, "isVisible": false}, "University of Piraeus": {"name": "University of Piraeus", "type": "organization", "organization_type": "Education", "h_index": 60, "h5_index": 16, "num_publications": 3, "num_citations": 1, "num_publications_5y": 0, "num_citations_5y": 1, "num_publications_10y": 3, "num_citations_10y": 1, "publications_years": {"2012": 2, "2011": 1}, "citations_years": {"2014": 1}, "old_citations": {"2012": 1, "2011": 0}, "isVisible": false}, "National and Kapodistrian University of Athens": {"name": "National and Kapodistrian University of Athens", "type": "organization", "organization_type": "Education", "h_index": 100, "h5_index": 27, "num_publications": 2, "num_citations": 4, "num_publications_5y": 0, "num_citations_5y": 2, "num_publications_10y": 2, "num_citations_10y": 4, "publications_years": {"2012": 2}, "citations_years": {"2011": 2, "2014": 1, "2015": 0, "2016": 1}, "old_citations": {"2012": 4}, "isVisible": false}, "University of Seville": {"name": "University of Seville", "type": "organization", "organization_type": "Education", "h_index": 68, "h5_index": 25, "num_publications": 2, "num_citations": 0, "num_publications_5y": 0, "num_citations_5y": 0, "num_publications_10y": 2, "num_citations_10y": 0, "publications_years": {"2013": 2}, "citations_years": {}, "old_citations": {"2013": 0}, "isVisible": false}, "University of Zagreb": {"name": "University of Zagreb", "type": "organization", "organization_type": "Education", "h_index": 50, "h5_index": 22, "num_publications": 2, "num_citations": 5, "num_publications_5y": 0, "num_citations_5y": 4, "num_publications_10y": 2, "num_citations_10y": 5, "publications_years": {"2012": 1, "2013": 1}, "citations_years": {"2013": 1, "2014": 2, "2015": 0, "2016": 1, "2017": 0, "2018": 1}, "old_citations": {"2012": 2, "2013": 3}, "isVisible": false}, "University of the Aegean": {"name": "University of the Aegean", "type": "organization", "organization_type": "Education", "h_index": 67, "h5_index": 17, "num_publications": 2, "num_citations": 1, "num_publications_5y": 0, "num_citations_5y": 0, "num_publications_10y": 2, "num_citations_10y": 0, "publications_years": {"2012": 2}, "citations_years": {"2019": 1}, "old_citations": {"2012": 1}, "isVisible": false}, "Aalto University": {"name": "Aalto University", "type": "organization", "organization_type": "Education", "h_index": 101, "h5_index": 49, "num_publications": 1, "num_citations": 1, "num_publications_5y": 0, "num_citations_5y": 1, "num_publications_10y": 1, "num_citations_10y": 1, "publications_years": {"2012": 1}, "citations_years": {"2014": 1}, "old_citations": {"2012": 1}, "isVisible": false}, "Adidas (Canada)": {"name": "Adidas (Canada)", "type": "organization", "organization_type": "Company", "h_index": 15, "h5_index": 5, "num_publications": 1, "num_citations": 0, "num_publications_5y": 0, "num_citations_5y": 0, "num_publications_10y": 1, "num_citations_10y": 0, "publications_years": {"2013": 1}, "citations_years": {}, "old_citations": {"2013": 0}, "isVisible": false}, "Amrita Vishwa Vidyapeetham University": {"name": "Amrita Vishwa Vidyapeetham University", "type": "organization", "organization_type": "Education", "h_index": 31, "h5_index": 18, "num_publications": 1, "num_citations": 0, "num_publications_5y": 0, "num_citations_5y": 0, "num_publications_10y": 1, "num_citations_10y": 0, "publications_years": {"2012": 1}, "citations_years": {}, "old_citations": {"2012": 0}, "isVisible": false}, "Asan Medical Center": {"name": "Asan Medical Center", "type": "organization", "organization_type": "Healthcare", "h_index": 9, "h5_index": 8, "num_publications": 1, "num_citations": 0, "num_publications_5y": 0, "num_citations_5y": 0, "num_publications_10y": 1, "num_citations_10y": 0, "publications_years": {"2012": 1}, "citations_years": {}, "old_citations": {"2012": 0}, "isVisible": false}, "ETH Zurich": {"name": "ETH Zurich", "type": "organization", "organization_type": "Education", "h_index": 222, "h5_index": 81, "num_publications": 1, "num_citations": 1, "num_publications_5y": 0, "num_citations_5y": 0, "num_publications_10y": 1, "num_citations_10y": 1, "publications_years": {"2013": 1}, "citations_years": {"2013": 1}, "old_citations": {"2013": 1}, "isVisible": false}, "Federal University of Rio de Janeiro": {"name": "Federal University of Rio de Janeiro", "type": "organization", "organization_type": "Education", "h_index": 58, "h5_index": 20, "num_publications": 1, "num_citations": 0, "num_publications_5y": 0, "num_citations_5y": 0, "num_publications_10y": 1, "num_citations_10y": 0, "publications_years": {"2013": 1}, "citations_years": {}, "old_citations": {"2013": 0}, "isVisible": false}, "G\u00fcm\u00fc\u015fhane University": {"name": "G\u00fcm\u00fc\u015fhane University", "type": "organization", "organization_type": "Education", "h_index": 6, "h5_index": 3, "num_publications": 1, "num_citations": 0, "num_publications_5y": 0, "num_citations_5y": 0, "num_publications_10y": 1, "num_citations_10y": 0, "publications_years": {"2012": 1}, "citations_years": {}, "old_citations": {"2012": 0}, "isVisible": false}, "Hungarian Academy of Sciences": {"name": "Hungarian Academy of Sciences", "type": "organization", "organization_type": "Government", "h_index": 74, "h5_index": 20, "num_publications": 1, "num_citations": 2, "num_publications_5y": 0, "num_citations_5y": 2, "num_publications_10y": 1, "num_citations_10y": 2, "publications_years": {"2012": 1}, "citations_years": {"2015": 2}, "old_citations": {"2012": 2}, "isVisible": false}, "Indian Council of Agricultural Research": {"name": "Indian Council of Agricultural Research", "type": "organization", "organization_type": "Government", "h_index": 41, "h5_index": 12, "num_publications": 1, "num_citations": 2, "num_publications_5y": 0, "num_citations_5y": 2, "num_publications_10y": 1, "num_citations_10y": 2, "publications_years": {"2012": 1}, "citations_years": {"2014": 1, "2015": 1}, "old_citations": {"2012": 2}, "isVisible": false}, "Institut Sup\u00e9rieur d'\u00c9lectronique de Paris": {"name": "Institut Sup\u00e9rieur d'\u00c9lectronique de Paris", "type": "organization", "organization_type": "Education", "h_index": 14, "h5_index": 5, "num_publications": 1, "num_citations": 0, "num_publications_5y": 0, "num_citations_5y": 0, "num_publications_10y": 1, "num_citations_10y": 0, "publications_years": {"2012": 1}, "citations_years": {}, "old_citations": {"2012": 0}, "isVisible": false}, "Joanneum Research": {"name": "Joanneum Research", "type": "organization", "organization_type": "Facility", "h_index": 31, "h5_index": 9, "num_publications": 1, "num_citations": 0, "num_publications_5y": 0, "num_citations_5y": 0, "num_publications_10y": 1, "num_citations_10y": 0, "publications_years": {"2012": 1}, "citations_years": {}, "old_citations": {"2012": 0}, "isVisible": false}, "Karlsruhe Institute of Technology": {"name": "Karlsruhe Institute of Technology", "type": "organization", "organization_type": "Education", "h_index": 156, "h5_index": 37, "num_publications": 1, "num_citations": 0, "num_publications_5y": 0, "num_citations_5y": 0, "num_publications_10y": 1, "num_citations_10y": 0, "publications_years": {"2013": 1}, "citations_years": {}, "old_citations": {"2013": 0}, "isVisible": false}, "King Abdulaziz City for Science and Technology": {"name": "King Abdulaziz City for Science and Technology", "type": "organization", "organization_type": "Facility", "h_index": 22, "h5_index": 12, "num_publications": 1, "num_citations": 0, "num_publications_5y": 0, "num_citations_5y": 0, "num_publications_10y": 1, "num_citations_10y": 0, "publications_years": {"2013": 1}, "citations_years": {}, "old_citations": {"2013": 0}, "isVisible": false}, "King Saud University": {"name": "King Saud University", "type": "organization", "organization_type": "Education", "h_index": 70, "h5_index": 48, "num_publications": 1, "num_citations": 1, "num_publications_5y": 0, "num_citations_5y": 1, "num_publications_10y": 1, "num_citations_10y": 1, "publications_years": {"2012": 1}, "citations_years": {"2014": 1}, "old_citations": {"2012": 1}, "isVisible": false}, "National Academies of Sciences, Engineering, and Medicine": {"name": "National Academies of Sciences, Engineering, and Medicine", "type": "organization", "organization_type": "Government", "h_index": 130, "h5_index": 36, "num_publications": 1, "num_citations": 2, "num_publications_5y": 0, "num_citations_5y": 2, "num_publications_10y": 1, "num_citations_10y": 2, "publications_years": {"2012": 1}, "citations_years": {"2014": 1, "2015": 1}, "old_citations": {"2012": 2}, "isVisible": false}, "National Institute of Information and Communications Technology": {"name": "National Institute of Information and Communications Technology", "type": "organization", "organization_type": "Facility", "h_index": 55, "h5_index": 26, "num_publications": 1, "num_citations": 1, "num_publications_5y": 0, "num_citations_5y": 1, "num_publications_10y": 1, "num_citations_10y": 1, "publications_years": {"2012": 1}, "citations_years": {"2016": 1}, "old_citations": {"2012": 1}, "isVisible": false}, "National Institute of Standards and Technology": {"name": "National Institute of Standards and Technology", "type": "organization", "organization_type": "Government", "h_index": 116, "h5_index": 29, "num_publications": 1, "num_citations": 0, "num_publications_5y": 0, "num_citations_5y": 0, "num_publications_10y": 1, "num_citations_10y": 0, "publications_years": {"2013": 1}, "citations_years": {}, "old_citations": {"2013": 0}, "isVisible": false}, "National University of C\u00f3rdoba": {"name": "National University of C\u00f3rdoba", "type": "organization", "organization_type": "Education", "h_index": 24, "h5_index": 10, "num_publications": 1, "num_citations": 0, "num_publications_5y": 0, "num_citations_5y": 0, "num_publications_10y": 1, "num_citations_10y": 0, "publications_years": {"2012": 1}, "citations_years": {}, "old_citations": {"2012": 0}, "isVisible": false}, "Nice Sophia Antipolis University": {"name": "Nice Sophia Antipolis University", "type": "organization", "organization_type": "Education", "h_index": 53, "h5_index": 12, "num_publications": 1, "num_citations": 0, "num_publications_5y": 0, "num_citations_5y": 0, "num_publications_10y": 1, "num_citations_10y": 0, "publications_years": {"2013": 1}, "citations_years": {}, "old_citations": {"2013": 0}, "isVisible": false}, "Pompeu Fabra University": {"name": "Pompeu Fabra University", "type": "organization", "organization_type": "Education", "h_index": 85, "h5_index": 30, "num_publications": 1, "num_citations": 1, "num_publications_5y": 0, "num_citations_5y": 1, "num_publications_10y": 1, "num_citations_10y": 1, "publications_years": {"2012": 1}, "citations_years": {"2014": 1}, "old_citations": {"2012": 1}, "isVisible": false}, "RWTH Aachen University": {"name": "RWTH Aachen University", "type": "organization", "organization_type": "Education", "h_index": 144, "h5_index": 43, "num_publications": 1, "num_citations": 0, "num_publications_5y": 0, "num_citations_5y": 0, "num_publications_10y": 1, "num_citations_10y": 0, "publications_years": {"2013": 1}, "citations_years": {}, "old_citations": {"2013": 0}, "isVisible": false}, "Sel\u00e7uk University": {"name": "Sel\u00e7uk University", "type": "organization", "organization_type": "Education", "h_index": 52, "h5_index": 9, "num_publications": 1, "num_citations": 0, "num_publications_5y": 0, "num_citations_5y": 0, "num_publications_10y": 1, "num_citations_10y": 0, "publications_years": {"2012": 1}, "citations_years": {}, "old_citations": {"2012": 0}, "isVisible": false}, "Slovak University of Technology in Bratislava": {"name": "Slovak University of Technology in Bratislava", "type": "organization", "organization_type": "Education", "h_index": 22, "h5_index": 10, "num_publications": 1, "num_citations": 0, "num_publications_5y": 0, "num_citations_5y": 0, "num_publications_10y": 1, "num_citations_10y": 0, "publications_years": {"2013": 1}, "citations_years": {}, "old_citations": {"2013": 0}, "isVisible": false}, "Technical University of Madrid": {"name": "Technical University of Madrid", "type": "organization", "organization_type": "Education", "h_index": 89, "h5_index": 28, "num_publications": 1, "num_citations": 0, "num_publications_5y": 0, "num_citations_5y": 0, "num_publications_10y": 1, "num_citations_10y": 0, "publications_years": {"2012": 1}, "citations_years": {}, "old_citations": {"2012": 0}, "isVisible": false}, "University of Arkansas at Little Rock": {"name": "University of Arkansas at Little Rock", "type": "organization", "organization_type": "Education", "h_index": 49, "h5_index": 12, "num_publications": 1, "num_citations": 0, "num_publications_5y": 0, "num_citations_5y": 0, "num_publications_10y": 1, "num_citations_10y": 0, "publications_years": {"2012": 1}, "citations_years": {}, "old_citations": {"2012": 0}, "isVisible": false}, "University of Erlangen-Nuremberg": {"name": "University of Erlangen-Nuremberg", "type": "organization", "organization_type": "Education", "h_index": 104, "h5_index": 38, "num_publications": 1, "num_citations": 0, "num_publications_5y": 0, "num_citations_5y": 0, "num_publications_10y": 1, "num_citations_10y": 0, "publications_years": {"2013": 1}, "citations_years": {}, "old_citations": {"2013": 0}, "isVisible": false}, "University of Geneva": {"name": "University of Geneva", "type": "organization", "organization_type": "Education", "h_index": 103, "h5_index": 20, "num_publications": 1, "num_citations": 0, "num_publications_5y": 0, "num_citations_5y": 0, "num_publications_10y": 1, "num_citations_10y": 0, "publications_years": {"2012": 1}, "citations_years": {}, "old_citations": {"2012": 0}, "isVisible": false}, "University of Ioannina": {"name": "University of Ioannina", "type": "organization", "organization_type": "Education", "h_index": 61, "h5_index": 17, "num_publications": 1, "num_citations": 1, "num_publications_5y": 0, "num_citations_5y": 0, "num_publications_10y": 1, "num_citations_10y": 0, "publications_years": {"2012": 1}, "citations_years": {"2019": 1}, "old_citations": {"2012": 1}, "isVisible": false}, "University of Lisbon": {"name": "University of Lisbon", "type": "organization", "organization_type": "Education", "h_index": 64, "h5_index": 20, "num_publications": 1, "num_citations": 0, "num_publications_5y": 0, "num_citations_5y": 0, "num_publications_10y": 1, "num_citations_10y": 0, "publications_years": {"2013": 1}, "citations_years": {}, "old_citations": {"2013": 0}, "isVisible": false}, "University of Oulu": {"name": "University of Oulu", "type": "organization", "organization_type": "Education", "h_index": 118, "h5_index": 44, "num_publications": 1, "num_citations": 1, "num_publications_5y": 0, "num_citations_5y": 1, "num_publications_10y": 1, "num_citations_10y": 1, "publications_years": {"2012": 1}, "citations_years": {"2014": 1}, "old_citations": {"2012": 1}, "isVisible": false}, "University of Pavia": {"name": "University of Pavia", "type": "organization", "organization_type": "Education", "h_index": 66, "h5_index": 19, "num_publications": 1, "num_citations": 0, "num_publications_5y": 0, "num_citations_5y": 0, "num_publications_10y": 1, "num_citations_10y": 0, "publications_years": {"2012": 1}, "citations_years": {}, "old_citations": {"2012": 0}, "isVisible": false}, "University of Sousse": {"name": "University of Sousse", "type": "organization", "organization_type": "Education", "h_index": 18, "h5_index": 10, "num_publications": 1, "num_citations": 0, "num_publications_5y": 0, "num_citations_5y": 0, "num_publications_10y": 1, "num_citations_10y": 0, "publications_years": {"2013": 1}, "citations_years": {}, "old_citations": {"2013": 0}, "isVisible": false}, "University of Ulsan": {"name": "University of Ulsan", "type": "organization", "organization_type": "Education", "h_index": 34, "h5_index": 14, "num_publications": 1, "num_citations": 0, "num_publications_5y": 0, "num_citations_5y": 0, "num_publications_10y": 1, "num_citations_10y": 0, "publications_years": {"2012": 1}, "citations_years": {}, "old_citations": {"2012": 0}, "isVisible": false}, "University of Zurich": {"name": "University of Zurich", "type": "organization", "organization_type": "Education", "h_index": 118, "h5_index": 44, "num_publications": 1, "num_citations": 1, "num_publications_5y": 0, "num_citations_5y": 0, "num_publications_10y": 1, "num_citations_10y": 1, "publications_years": {"2013": 1}, "citations_years": {"2013": 1}, "old_citations": {"2013": 1}, "isVisible": false}, "Vodafone (United Kingdom)": {"name": "Vodafone (United Kingdom)", "type": "organization", "organization_type": "Company", "h_index": 42, "h5_index": 10, "num_publications": 1, "num_citations": 0, "num_publications_5y": 0, "num_citations_5y": 0, "num_publications_10y": 1, "num_citations_10y": 0, "publications_years": {"2012": 1}, "citations_years": {}, "old_citations": {"2012": 0}, "isVisible": false}, "\u00c9cole Normale Sup\u00e9rieure": {"name": "\u00c9cole Normale Sup\u00e9rieure", "type": "organization", "organization_type": "Other", "h_index": 189, "h5_index": 38, "num_publications": 1, "num_citations": 1, "num_publications_5y": 0, "num_citations_5y": 1, "num_publications_10y": 1, "num_citations_10y": 1, "publications_years": {"2012": 1}, "citations_years": {"2014": 1}, "old_citations": {"2012": 1}, "isVisible": false}, "\u00d3buda University": {"name": "\u00d3buda University", "type": "organization", "organization_type": "Education", "h_index": 19, "h5_index": 9, "num_publications": 1, "num_citations": 2, "num_publications_5y": 0, "num_citations_5y": 2, "num_publications_10y": 1, "num_citations_10y": 2, "publications_years": {"2012": 1}, "citations_years": {"2015": 2}, "old_citations": {"2012": 2}, "isVisible": false}}, "topics": {"computer science": {"name": "computer science", "type": "topic", "h_index": 1779, "h5_index": 416, "num_publications": 46, "num_citations": 22, "num_publications_5y": 0, "num_citations_5y": 15, "num_publications_10y": 46, "num_citations_10y": 20, "publications_years": {"2012": 29, "2013": 16, "2011": 1}, "citations_years": {"2011": 2, "2013": 3, "2019": 2, "2014": 7, "2016": 3, "2015": 3, "2017": 1, "2018": 1}, "old_citations": {"2012": 17, "2013": 5, "2011": 0}, "isVisible": false}, "computer systems": {"name": "computer systems", "type": "topic", "h_index": 1595, "h5_index": 367, "num_publications": 40, "num_citations": 21, "num_publications_5y": 0, "num_citations_5y": 15, "num_publications_10y": 40, "num_citations_10y": 19, "publications_years": {"2012": 26, "2013": 13, "2011": 1}, "citations_years": {"2011": 2, "2013": 2, "2019": 2, "2014": 7, "2016": 3, "2015": 3, "2017": 1, "2018": 1}, "old_citations": {"2012": 17, "2013": 4, "2011": 0}, "isVisible": false}, "computer networks": {"name": "computer networks", "type": "topic", "h_index": 1262, "h5_index": 332, "num_publications": 31, "num_citations": 20, "num_publications_5y": 0, "num_citations_5y": 15, "num_publications_10y": 31, "num_citations_10y": 18, "publications_years": {"2012": 22, "2013": 8, "2011": 1}, "citations_years": {"2011": 2, "2019": 2, "2014": 7, "2013": 1, "2016": 3, "2015": 3, "2017": 1, "2018": 1}, "old_citations": {"2012": 17, "2013": 3, "2011": 0}, "isVisible": false}, "telecommunication systems": {"name": "telecommunication systems", "type": "topic", "h_index": 1187, "h5_index": 277, "num_publications": 31, "num_citations": 21, "num_publications_5y": 0, "num_citations_5y": 15, "num_publications_10y": 31, "num_citations_10y": 19, "publications_years": {"2012": 21, "2013": 9, "2011": 1}, "citations_years": {"2011": 2, "2013": 2, "2019": 2, "2014": 7, "2016": 3, "2015": 3, "2017": 1, "2018": 1}, "old_citations": {"2012": 17, "2013": 4, "2011": 0}, "isVisible": false}, "computer hardware": {"name": "computer hardware", "type": "topic", "h_index": 1150, "h5_index": 279, "num_publications": 29, "num_citations": 15, "num_publications_5y": 0, "num_citations_5y": 11, "num_publications_10y": 29, "num_citations_10y": 14, "publications_years": {"2012": 18, "2013": 10, "2011": 1}, "citations_years": {"2013": 3, "2019": 1, "2014": 5, "2017": 1, "2015": 3, "2016": 1, "2018": 1}, "old_citations": {"2012": 10, "2013": 5, "2011": 0}, "isVisible": false}, "communication systems": {"name": "communication systems", "type": "topic", "h_index": 1092, "h5_index": 254, "num_publications": 28, "num_citations": 19, "num_publications_5y": 0, "num_citations_5y": 14, "num_publications_10y": 28, "num_citations_10y": 17, "publications_years": {"2012": 19, "2013": 8, "2011": 1}, "citations_years": {"2011": 2, "2019": 2, "2014": 7, "2013": 1, "2016": 3, "2015": 3, "2017": 0, "2018": 1}, "old_citations": {"2012": 16, "2013": 3, "2011": 0}, "isVisible": false}, "wireless telecommunication systems": {"name": "wireless telecommunication systems", "type": "topic", "h_index": 1087, "h5_index": 254, "num_publications": 28, "num_citations": 19, "num_publications_5y": 0, "num_citations_5y": 14, "num_publications_10y": 28, "num_citations_10y": 17, "publications_years": {"2012": 19, "2013": 8, "2011": 1}, "citations_years": {"2011": 2, "2019": 2, "2014": 7, "2013": 1, "2016": 3, "2015": 3, "2017": 0, "2018": 1}, "old_citations": {"2012": 16, "2013": 3, "2011": 0}, "isVisible": false}, "telecommunication networks": {"name": "telecommunication networks", "type": "topic", "h_index": 1116, "h5_index": 258, "num_publications": 23, "num_citations": 18, "num_publications_5y": 0, "num_citations_5y": 12, "num_publications_10y": 23, "num_citations_10y": 16, "publications_years": {"2012": 15, "2013": 7, "2011": 1}, "citations_years": {"2011": 2, "2013": 2, "2019": 2, "2014": 6, "2017": 1, "2015": 3, "2016": 1, "2018": 1}, "old_citations": {"2012": 14, "2013": 4, "2011": 0}, "isVisible": false}, "sensors": {"name": "sensors", "type": "topic", "h_index": 960, "h5_index": 229, "num_publications": 22, "num_citations": 7, "num_publications_5y": 0, "num_citations_5y": 4, "num_publications_10y": 22, "num_citations_10y": 7, "publications_years": {"2012": 13, "2013": 8, "2011": 1}, "citations_years": {"2013": 3, "2014": 3, "2017": 1}, "old_citations": {"2012": 5, "2013": 2, "2011": 0}, "isVisible": false}, "communication channels (information theory)": {"name": "communication channels (information theory)", "type": "topic", "h_index": 925, "h5_index": 216, "num_publications": 18, "num_citations": 14, "num_publications_5y": 0, "num_citations_5y": 10, "num_publications_10y": 18, "num_citations_10y": 13, "publications_years": {"2012": 12, "2013": 5, "2011": 1}, "citations_years": {"2011": 2, "2019": 1, "2013": 1, "2014": 4, "2016": 2, "2015": 3, "2017": 0, "2018": 1}, "old_citations": {"2012": 11, "2013": 3, "2011": 0}, "isVisible": false}, "human computer interaction": {"name": "human computer interaction", "type": "topic", "h_index": 934, "h5_index": 215, "num_publications": 17, "num_citations": 9, "num_publications_5y": 0, "num_citations_5y": 3, "num_publications_10y": 17, "num_citations_10y": 7, "publications_years": {"2012": 12, "2013": 5}, "citations_years": {"2011": 2, "2013": 2, "2019": 2, "2014": 2, "2015": 1}, "old_citations": {"2012": 8, "2013": 1}, "isVisible": false}, "user interfaces": {"name": "user interfaces", "type": "topic", "h_index": 845, "h5_index": 182, "num_publications": 17, "num_citations": 9, "num_publications_5y": 0, "num_citations_5y": 3, "num_publications_10y": 17, "num_citations_10y": 7, "publications_years": {"2012": 12, "2013": 5}, "citations_years": {"2011": 2, "2013": 2, "2019": 2, "2014": 2, "2015": 1}, "old_citations": {"2012": 8, "2013": 1}, "isVisible": false}, "data communication systems": {"name": "data communication systems", "type": "topic", "h_index": 1013, "h5_index": 234, "num_publications": 15, "num_citations": 14, "num_publications_5y": 0, "num_citations_5y": 11, "num_publications_10y": 15, "num_citations_10y": 12, "publications_years": {"2012": 11, "2011": 1, "2013": 3}, "citations_years": {"2019": 2, "2013": 1, "2014": 5, "2017": 1, "2015": 3, "2016": 1, "2018": 1}, "old_citations": {"2012": 11, "2011": 0, "2013": 3}, "isVisible": false}, "engineering": {"name": "engineering", "type": "topic", "h_index": 1177, "h5_index": 287, "num_publications": 15, "num_citations": 11, "num_publications_5y": 0, "num_citations_5y": 7, "num_publications_10y": 15, "num_citations_10y": 11, "publications_years": {"2012": 9, "2013": 5, "2011": 1}, "citations_years": {"2011": 2, "2013": 2, "2014": 4, "2016": 2, "2015": 0, "2017": 0, "2018": 1}, "old_citations": {"2012": 7, "2013": 4, "2011": 0}, "isVisible": false}, "artificial intelligence": {"name": "artificial intelligence", "type": "topic", "h_index": 1421, "h5_index": 373, "num_publications": 14, "num_citations": 3, "num_publications_5y": 0, "num_citations_5y": 0, "num_publications_10y": 14, "num_citations_10y": 3, "publications_years": {"2012": 8, "2013": 6}, "citations_years": {"2011": 2, "2013": 1}, "old_citations": {"2012": 2, "2013": 1}, "isVisible": false}, "mobile computing": {"name": "mobile computing", "type": "topic", "h_index": 664, "h5_index": 170, "num_publications": 14, "num_citations": 13, "num_publications_5y": 0, "num_citations_5y": 10, "num_publications_10y": 14, "num_citations_10y": 11, "publications_years": {"2012": 10, "2011": 1, "2013": 3}, "citations_years": {"2019": 2, "2013": 1, "2014": 5, "2015": 3, "2016": 1, "2017": 0, "2018": 1}, "old_citations": {"2012": 10, "2011": 0, "2013": 3}, "isVisible": false}, "mobile devices": {"name": "mobile devices", "type": "topic", "h_index": 594, "h5_index": 156, "num_publications": 14, "num_citations": 13, "num_publications_5y": 0, "num_citations_5y": 10, "num_publications_10y": 14, "num_citations_10y": 11, "publications_years": {"2012": 10, "2011": 1, "2013": 3}, "citations_years": {"2019": 2, "2013": 1, "2014": 5, "2015": 3, "2016": 1, "2017": 0, "2018": 1}, "old_citations": {"2012": 10, "2011": 0, "2013": 3}, "isVisible": false}, "mobile telecommunication systems": {"name": "mobile telecommunication systems", "type": "topic", "h_index": 732, "h5_index": 170, "num_publications": 13, "num_citations": 13, "num_publications_5y": 0, "num_citations_5y": 9, "num_publications_10y": 13, "num_citations_10y": 12, "publications_years": {"2012": 9, "2011": 1, "2013": 3}, "citations_years": {"2011": 2, "2019": 1, "2013": 1, "2014": 4, "2015": 3, "2016": 1, "2017": 0, "2018": 1}, "old_citations": {"2012": 10, "2011": 0, "2013": 3}, "isVisible": false}, "wireless communications": {"name": "wireless communications", "type": "topic", "h_index": 773, "h5_index": 173, "num_publications": 12, "num_citations": 6, "num_publications_5y": 0, "num_citations_5y": 5, "num_publications_10y": 12, "num_citations_10y": 6, "publications_years": {"2012": 9, "2011": 1, "2013": 2}, "citations_years": {"2014": 3, "2013": 1, "2016": 2, "2015": 0}, "old_citations": {"2012": 6, "2011": 0, "2013": 0}, "isVisible": false}, "bandwidth": {"name": "bandwidth", "type": "topic", "h_index": 922, "h5_index": 201, "num_publications": 11, "num_citations": 6, "num_publications_5y": 0, "num_citations_5y": 3, "num_publications_10y": 11, "num_citations_10y": 6, "publications_years": {"2012": 8, "2011": 1, "2013": 2}, "citations_years": {"2011": 2, "2014": 2, "2013": 1, "2017": 1}, "old_citations": {"2012": 6, "2011": 0, "2013": 0}, "isVisible": false}, "mobile phones": {"name": "mobile phones", "type": "topic", "h_index": 388, "h5_index": 101, "num_publications": 10, "num_citations": 11, "num_publications_5y": 0, "num_citations_5y": 9, "num_publications_10y": 10, "num_citations_10y": 10, "publications_years": {"2012": 7, "2013": 3}, "citations_years": {"2019": 1, "2013": 1, "2014": 4, "2015": 3, "2016": 1, "2017": 0, "2018": 1}, "old_citations": {"2012": 8, "2013": 3}, "isVisible": false}, "signal processing": {"name": "signal processing", "type": "topic", "h_index": 1012, "h5_index": 255, "num_publications": 9, "num_citations": 9, "num_publications_5y": 0, "num_citations_5y": 5, "num_publications_10y": 9, "num_citations_10y": 9, "publications_years": {"2012": 5, "2013": 4}, "citations_years": {"2011": 2, "2013": 2, "2014": 2, "2016": 2, "2015": 0, "2017": 0, "2018": 1}, "old_citations": {"2012": 5, "2013": 4}, "isVisible": false}, "smart phones": {"name": "smart phones", "type": "topic", "h_index": 248, "h5_index": 86, "num_publications": 8, "num_citations": 9, "num_publications_5y": 0, "num_citations_5y": 7, "num_publications_10y": 8, "num_citations_10y": 8, "publications_years": {"2012": 6, "2013": 2}, "citations_years": {"2019": 1, "2013": 1, "2014": 3, "2015": 2, "2016": 1, "2017": 0, "2018": 1}, "old_citations": {"2012": 6, "2013": 3}, "isVisible": false}, "telephone sets": {"name": "telephone sets", "type": "topic", "h_index": 334, "h5_index": 90, "num_publications": 8, "num_citations": 9, "num_publications_5y": 0, "num_citations_5y": 7, "num_publications_10y": 8, "num_citations_10y": 8, "publications_years": {"2012": 6, "2013": 2}, "citations_years": {"2019": 1, "2013": 1, "2014": 3, "2015": 2, "2016": 1, "2017": 0, "2018": 1}, "old_citations": {"2012": 6, "2013": 3}, "isVisible": false}}, "authors": {"2302738125": {"name": "dimitrios k lymberopoulos", "type": "author", "activity": 29, "h_index": 10, "h5_index": 2, "mag_id": "2302738125", "num_publications": 4, "num_citations": 0, "num_publications_5y": 0, "num_citations_5y": 0, "num_publications_10y": 4, "num_citations_10y": 0, "publications_years": {"2012": 2, "2013": 2}, "citations_years": {}, "old_citations": {"2012": 0, "2013": 0}, "isVisible": false}, "113507752": {"name": "george vassilacopoulos", "type": "author", "activity": 22, "h_index": 9, "h5_index": 1, "mag_id": "113507752", "num_publications": 2, "num_citations": 1, "num_publications_5y": 0, "num_citations_5y": 1, "num_publications_10y": 2, "num_citations_10y": 1, "publications_years": {"2012": 2}, "citations_years": {"2014": 1}, "old_citations": {"2012": 1}, "isVisible": false}, "234096698": {"name": "flora malamateniou", "type": "author", "activity": 20, "h_index": 7, "h5_index": 1, "mag_id": "234096698", "num_publications": 2, "num_citations": 1, "num_publications_5y": 0, "num_citations_5y": 1, "num_publications_10y": 2, "num_citations_10y": 1, "publications_years": {"2012": 2}, "citations_years": {"2014": 1}, "old_citations": {"2012": 1}, "isVisible": false}, "277170147": {"name": "dinko oletic", "type": "author", "activity": 9, "h_index": 7, "h5_index": 2, "mag_id": "277170147", "num_publications": 2, "num_citations": 5, "num_publications_5y": 0, "num_citations_5y": 4, "num_publications_10y": 2, "num_citations_10y": 5, "publications_years": {"2012": 1, "2013": 1}, "citations_years": {"2013": 1, "2014": 2, "2015": 0, "2016": 1, "2017": 0, "2018": 1}, "old_citations": {"2012": 2, "2013": 3}, "isVisible": false}, "1246271955": {"name": "vedran bilas", "type": "author", "activity": 24, "h_index": 9, "h5_index": 4, "mag_id": "1246271955", "num_publications": 2, "num_citations": 5, "num_publications_5y": 0, "num_citations_5y": 4, "num_publications_10y": 2, "num_citations_10y": 5, "publications_years": {"2012": 1, "2013": 1}, "citations_years": {"2013": 1, "2014": 2, "2015": 0, "2016": 1, "2017": 0, "2018": 1}, "old_citations": {"2012": 2, "2013": 3}, "isVisible": false}, "1880775466": {"name": "javier reinatosina", "type": "author", "activity": 23, "h_index": 13, "h5_index": 2, "mag_id": "1880775466", "num_publications": 2, "num_citations": 0, "num_publications_5y": 0, "num_citations_5y": 0, "num_publications_10y": 2, "num_citations_10y": 0, "publications_years": {"2013": 2}, "citations_years": {}, "old_citations": {"2013": 0}, "isVisible": false}, "1976637790": {"name": "lamprini kolovou", "type": "author", "activity": 10, "h_index": 1, "h5_index": 0, "mag_id": "1976637790", "num_publications": 2, "num_citations": 0, "num_publications_5y": 0, "num_citations_5y": 0, "num_publications_10y": 2, "num_citations_10y": 0, "publications_years": {"2012": 1, "2013": 1}, "citations_years": {}, "old_citations": {"2012": 0, "2013": 0}, "isVisible": false}, "1998025027": {"name": "charalampos doukas", "type": "author", "activity": 10, "h_index": 17, "h5_index": 0, "mag_id": "1998025027", "num_publications": 2, "num_citations": 1, "num_publications_5y": 0, "num_citations_5y": 0, "num_publications_10y": 2, "num_citations_10y": 0, "publications_years": {"2012": 2}, "citations_years": {"2019": 1}, "old_citations": {"2012": 1}, "isVisible": false}, "2037238907": {"name": "foteini andriopoulou", "type": "author", "activity": 8, "h_index": 3, "h5_index": 0, "mag_id": "2037238907", "num_publications": 2, "num_citations": 0, "num_publications_5y": 0, "num_citations_5y": 0, "num_publications_10y": 2, "num_citations_10y": 0, "publications_years": {"2012": 1, "2013": 1}, "citations_years": {}, "old_citations": {"2012": 0, "2013": 0}, "isVisible": false}, "2065775943": {"name": "stavros koulouridis", "type": "author", "activity": 12, "h_index": 3, "h5_index": 1, "mag_id": "2065775943", "num_publications": 2, "num_citations": 2, "num_publications_5y": 0, "num_citations_5y": 0, "num_publications_10y": 2, "num_citations_10y": 2, "publications_years": {"2012": 2}, "citations_years": {"2011": 2}, "old_citations": {"2012": 2}, "isVisible": false}, "2067224683": {"name": "asimina kiourti", "type": "author", "activity": 10, "h_index": 7, "h5_index": 3, "mag_id": "2067224683", "num_publications": 2, "num_citations": 4, "num_publications_5y": 0, "num_citations_5y": 2, "num_publications_10y": 2, "num_citations_10y": 4, "publications_years": {"2012": 2}, "citations_years": {"2011": 2, "2014": 1, "2015": 0, "2016": 1}, "old_citations": {"2012": 4}, "isVisible": false}, "2159620732": {"name": "laura m roa", "type": "author", "activity": 29, "h_index": 13, "h5_index": 2, "mag_id": "2159620732", "num_publications": 2, "num_citations": 0, "num_publications_5y": 0, "num_citations_5y": 0, "num_publications_10y": 2, "num_citations_10y": 0, "publications_years": {"2013": 2}, "citations_years": {}, "old_citations": {"2013": 0}, "isVisible": false}, "2251586358": {"name": "ilias maglogiannis", "type": "author", "activity": 18, "h_index": 28, "h5_index": 6, "mag_id": "2251586358", "num_publications": 2, "num_citations": 1, "num_publications_5y": 0, "num_citations_5y": 0, "num_publications_10y": 2, "num_citations_10y": 0, "publications_years": {"2012": 2}, "citations_years": {"2019": 1}, "old_citations": {"2012": 1}, "isVisible": false}, "2470012203": {"name": "david naranjo", "type": "author", "activity": 6, "h_index": 1, "h5_index": 0, "mag_id": "2470012203", "num_publications": 2, "num_citations": 0, "num_publications_5y": 0, "num_citations_5y": 0, "num_publications_10y": 2, "num_citations_10y": 0, "publications_years": {"2013": 2}, "citations_years": {}, "old_citations": {"2013": 0}, "isVisible": false}, "2639741509": {"name": "jesper thestrup", "type": "author", "activity": 8, "h_index": 2, "h5_index": 1, "mag_id": "2639741509", "num_publications": 2, "num_citations": 1, "num_publications_5y": 0, "num_citations_5y": 1, "num_publications_10y": 2, "num_citations_10y": 1, "publications_years": {"2012": 2}, "citations_years": {"2017": 1}, "old_citations": {"2012": 1}, "isVisible": false}, "2893133478": {"name": "konstantina s nikita", "type": "author", "activity": 2, "h_index": 2, "h5_index": 0, "mag_id": "2893133478", "num_publications": 2, "num_citations": 4, "num_publications_5y": 0, "num_citations_5y": 2, "num_publications_10y": 2, "num_citations_10y": 4, "publications_years": {"2012": 2}, "citations_years": {"2011": 2, "2014": 1, "2015": 0, "2016": 1}, "old_citations": {"2012": 4}, "isVisible": false}, "20193127": {"name": "mohamed aymen chalouf", "type": "author", "activity": 12, "h_index": 5, "h5_index": 2, "mag_id": "20193127", "num_publications": 1, "num_citations": 1, "num_publications_5y": 0, "num_citations_5y": 0, "num_publications_10y": 1, "num_citations_10y": 1, "publications_years": {"2013": 1}, "citations_years": {"2013": 1}, "old_citations": {"2013": 1}, "isVisible": false}, "28625824": {"name": "giordano lanzola", "type": "author", "activity": 31, "h_index": 14, "h5_index": 1, "mag_id": "28625824", "num_publications": 1, "num_citations": 0, "num_publications_5y": 0, "num_citations_5y": 0, "num_publications_10y": 1, "num_citations_10y": 0, "publications_years": {"2012": 1}, "citations_years": {}, "old_citations": {"2012": 0}, "isVisible": false}, "60873185": {"name": "viktor kozlovszky", "type": "author", "activity": 6, "h_index": 2, "h5_index": 0, "mag_id": "60873185", "num_publications": 1, "num_citations": 2, "num_publications_5y": 0, "num_citations_5y": 2, "num_publications_10y": 1, "num_citations_10y": 2, "publications_years": {"2012": 1}, "citations_years": {"2015": 2}, "old_citations": {"2012": 2}, "isVisible": false}, "100075248": {"name": "emmanouil georgakakis", "type": "author", "activity": 4, "h_index": 5, "h5_index": 0, "mag_id": "100075248", "num_publications": 1, "num_citations": 0, "num_publications_5y": 0, "num_citations_5y": 0, "num_publications_10y": 1, "num_citations_10y": 0, "publications_years": {"2011": 1}, "citations_years": {}, "old_citations": {"2011": 0}, "isVisible": false}, "101862635": {"name": "miguel angel valero duboy", "type": "author", "activity": 7, "h_index": 2, "h5_index": 1, "mag_id": "101862635", "num_publications": 1, "num_citations": 0, "num_publications_5y": 0, "num_citations_5y": 0, "num_publications_10y": 1, "num_citations_10y": 0, "publications_years": {"2012": 1}, "citations_years": {}, "old_citations": {"2012": 0}, "isVisible": false}, "165310314": {"name": "martina ziefle", "type": "author", "activity": 18, "h_index": 23, "h5_index": 8, "mag_id": "165310314", "num_publications": 1, "num_citations": 0, "num_publications_5y": 0, "num_citations_5y": 0, "num_publications_10y": 1, "num_citations_10y": 0, "publications_years": {"2013": 1}, "citations_years": {}, "old_citations": {"2013": 0}, "isVisible": false}, "229124356": {"name": "tayeb lemlouma", "type": "author", "activity": 17, "h_index": 9, "h5_index": 5, "mag_id": "229124356", "num_publications": 1, "num_citations": 1, "num_publications_5y": 0, "num_citations_5y": 0, "num_publications_10y": 1, "num_citations_10y": 1, "publications_years": {"2013": 1}, "citations_years": {"2013": 1}, "old_citations": {"2013": 1}, "isVisible": false}, "233774814": {"name": "bruno arsenali", "type": "author", "activity": 2, "h_index": 2, "h5_index": 0, "mag_id": "233774814", "num_publications": 1, "num_citations": 2, "num_publications_5y": 0, "num_citations_5y": 1, "num_publications_10y": 1, "num_citations_10y": 2, "publications_years": {"2012": 1}, "citations_years": {"2013": 1, "2014": 1}, "old_citations": {"2012": 2}, "isVisible": false}, "248087451": {"name": "christos douligeris", "type": "author", "activity": 30, "h_index": 28, "h5_index": 4, "mag_id": "248087451", "num_publications": 1, "num_citations": 0, "num_publications_5y": 0, "num_citations_5y": 0, "num_publications_10y": 1, "num_citations_10y": 0, "publications_years": {"2011": 1}, "citations_years": {}, "old_citations": {"2011": 0}, "isVisible": false}, "265598566": {"name": "janos siczmesziar", "type": "author", "activity": 2, "h_index": 2, "h5_index": 0, "mag_id": "265598566", "num_publications": 1, "num_citations": 2, "num_publications_5y": 0, "num_citations_5y": 2, "num_publications_10y": 1, "num_citations_10y": 2, "publications_years": {"2012": 1}, "citations_years": {"2015": 2}, "old_citations": {"2012": 2}, "isVisible": false}, "270011204": {"name": "aniko boruzs", "type": "author", "activity": 2, "h_index": 2, "h5_index": 0, "mag_id": "270011204", "num_publications": 1, "num_citations": 2, "num_publications_5y": 0, "num_citations_5y": 2, "num_publications_10y": 1, "num_citations_10y": 2, "publications_years": {"2012": 1}, "citations_years": {"2015": 2}, "old_citations": {"2012": 2}, "isVisible": false}, "275487712": {"name": "rajesh kannan megalingam", "type": "author", "activity": 12, "h_index": 8, "h5_index": 4, "mag_id": "275487712", "num_publications": 1, "num_citations": 0, "num_publications_5y": 0, "num_citations_5y": 0, "num_publications_10y": 1, "num_citations_10y": 0, "publications_years": {"2012": 1}, "citations_years": {}, "old_citations": {"2012": 0}, "isVisible": false}, "307714218": {"name": "vasileios giotsas", "type": "author", "activity": 12, "h_index": 10, "h5_index": 5, "mag_id": "307714218", "num_publications": 1, "num_citations": 0, "num_publications_5y": 0, "num_citations_5y": 0, "num_publications_10y": 1, "num_citations_10y": 0, "publications_years": {"2011": 1}, "citations_years": {}, "old_citations": {"2011": 0}, "isVisible": false}, "708455271": {"name": "d koutsouris", "type": "author", "activity": 18, "h_index": 19, "h5_index": 0, "mag_id": "708455271", "num_publications": 1, "num_citations": 0, "num_publications_5y": 0, "num_citations_5y": 0, "num_publications_10y": 1, "num_citations_10y": 0, "publications_years": {"2012": 1}, "citations_years": {}, "old_citations": {"2012": 0}, "isVisible": false}, "722911409": {"name": "annemarie derypinna", "type": "author", "activity": 16, "h_index": 5, "h5_index": 1, "mag_id": "722911409", "num_publications": 1, "num_citations": 0, "num_publications_5y": 0, "num_citations_5y": 0, "num_publications_10y": 1, "num_citations_10y": 0, "publications_years": {"2013": 1}, "citations_years": {}, "old_citations": {"2013": 0}, "isVisible": false}, "724764054": {"name": "patrick garda", "type": "author", "activity": 30, "h_index": 8, "h5_index": 1, "mag_id": "724764054", "num_publications": 1, "num_citations": 0, "num_publications_5y": 0, "num_citations_5y": 0, "num_publications_10y": 1, "num_citations_10y": 0, "publications_years": {"2013": 1}, "citations_years": {}, "old_citations": {"2013": 0}, "isVisible": false}, "789897929": {"name": "miklos kozlovszky", "type": "author", "activity": 18, "h_index": 10, "h5_index": 3, "mag_id": "789897929", "num_publications": 1, "num_citations": 2, "num_publications_5y": 0, "num_citations_5y": 2, "num_publications_10y": 1, "num_citations_10y": 2, "publications_years": {"2012": 1}, "citations_years": {"2015": 2}, "old_citations": {"2012": 2}, "isVisible": false}, "1064582366": {"name": "dimitrios d vergados", "type": "author", "activity": 19, "h_index": 20, "h5_index": 5, "mag_id": "1064582366", "num_publications": 1, "num_citations": 0, "num_publications_5y": 0, "num_citations_5y": 0, "num_publications_10y": 1, "num_citations_10y": 0, "publications_years": {"2011": 1}, "citations_years": {}, "old_citations": {"2011": 0}, "isVisible": false}, "1207750424": {"name": "jarmo verho", "type": "author", "activity": 15, "h_index": 8, "h5_index": 2, "mag_id": "1207750424", "num_publications": 1, "num_citations": 0, "num_publications_5y": 0, "num_citations_5y": 0, "num_publications_10y": 1, "num_citations_10y": 0, "publications_years": {"2012": 1}, "citations_years": {}, "old_citations": {"2012": 0}, "isVisible": false}, "1251818701": {"name": "hussain m alrizzo", "type": "author", "activity": 18, "h_index": 11, "h5_index": 6, "mag_id": "1251818701", "num_publications": 1, "num_citations": 0, "num_publications_5y": 0, "num_citations_5y": 0, "num_publications_10y": 1, "num_citations_10y": 0, "publications_years": {"2012": 1}, "citations_years": {}, "old_citations": {"2012": 0}, "isVisible": false}, "1265058821": {"name": "bjoern m eskofier", "type": "author", "activity": 13, "h_index": 16, "h5_index": 10, "mag_id": "1265058821", "num_publications": 1, "num_citations": 0, "num_publications_5y": 0, "num_citations_5y": 0, "num_publications_10y": 1, "num_citations_10y": 0, "publications_years": {"2013": 1}, "citations_years": {}, "old_citations": {"2013": 0}, "isVisible": false}, "1406499979": {"name": "balwant godara", "type": "author", "activity": 12, "h_index": 5, "h5_index": 0, "mag_id": "1406499979", "num_publications": 1, "num_citations": 0, "num_publications_5y": 0, "num_citations_5y": 0, "num_publications_10y": 1, "num_citations_10y": 0, "publications_years": {"2012": 1}, "citations_years": {}, "old_citations": {"2012": 0}, "isVisible": false}, "1518286654": {"name": "peter rosengren", "type": "author", "activity": 26, "h_index": 4, "h5_index": 2, "mag_id": "1518286654", "num_publications": 1, "num_citations": 1, "num_publications_5y": 0, "num_citations_5y": 1, "num_publications_10y": 1, "num_citations_10y": 1, "publications_years": {"2012": 1}, "citations_years": {"2017": 1}, "old_citations": {"2012": 1}, "isVisible": false}, "1722078861": {"name": "nathan theill", "type": "author", "activity": 2, "h_index": 1, "h5_index": 0, "mag_id": "1722078861", "num_publications": 1, "num_citations": 1, "num_publications_5y": 0, "num_citations_5y": 0, "num_publications_10y": 1, "num_citations_10y": 1, "publications_years": {"2013": 1}, "citations_years": {"2013": 1}, "old_citations": {"2013": 1}, "isVisible": false}, "1782959188": {"name": "bertrand granado", "type": "author", "activity": 24, "h_index": 9, "h5_index": 3, "mag_id": "1782959188", "num_publications": 1, "num_citations": 0, "num_publications_5y": 0, "num_citations_5y": 0, "num_publications_10y": 1, "num_citations_10y": 0, "publications_years": {"2013": 1}, "citations_years": {}, "old_citations": {"2013": 0}, "isVisible": false}, "1810582675": {"name": "kamya yekeh yazdandoost", "type": "author", "activity": 14, "h_index": 7, "h5_index": 3, "mag_id": "1810582675", "num_publications": 1, "num_citations": 1, "num_publications_5y": 0, "num_citations_5y": 1, "num_publications_10y": 1, "num_citations_10y": 1, "publications_years": {"2012": 1}, "citations_years": {"2016": 1}, "old_citations": {"2012": 1}, "isVisible": false}, "1885970704": {"name": "m poulymenopoulou", "type": "author", "activity": 4, "h_index": 4, "h5_index": 0, "mag_id": "1885970704", "num_publications": 1, "num_citations": 1, "num_publications_5y": 0, "num_citations_5y": 1, "num_publications_10y": 1, "num_citations_10y": 1, "publications_years": {"2012": 1}, "citations_years": {"2014": 1}, "old_citations": {"2012": 1}, "isVisible": false}, "1903344472": {"name": "vasilios c protopappas", "type": "author", "activity": 10, "h_index": 5, "h5_index": 1, "mag_id": "1903344472", "num_publications": 1, "num_citations": 1, "num_publications_5y": 0, "num_citations_5y": 0, "num_publications_10y": 1, "num_citations_10y": 0, "publications_years": {"2012": 1}, "citations_years": {"2019": 1}, "old_citations": {"2012": 1}, "isVisible": false}, "1935365505": {"name": "kamran sayrafianpour", "type": "author", "activity": 16, "h_index": 11, "h5_index": 1, "mag_id": "1935365505", "num_publications": 1, "num_citations": 0, "num_publications_5y": 0, "num_citations_5y": 0, "num_publications_10y": 1, "num_citations_10y": 0, "publications_years": {"2013": 1}, "citations_years": {}, "old_citations": {"2013": 0}, "isVisible": false}, "1966545597": {"name": "krisztian karoczkai", "type": "author", "activity": 12, "h_index": 6, "h5_index": 2, "mag_id": "1966545597", "num_publications": 1, "num_citations": 2, "num_publications_5y": 0, "num_citations_5y": 2, "num_publications_10y": 1, "num_citations_10y": 2, "publications_years": {"2012": 1}, "citations_years": {"2015": 2}, "old_citations": {"2012": 2}, "isVisible": false}, "1967431839": {"name": "maria christopoulou", "type": "author", "activity": 5, "h_index": 2, "h5_index": 0, "mag_id": "1967431839", "num_publications": 1, "num_citations": 2, "num_publications_5y": 0, "num_citations_5y": 0, "num_publications_10y": 1, "num_citations_10y": 2, "publications_years": {"2012": 1}, "citations_years": {"2011": 2}, "old_citations": {"2012": 2}, "isVisible": false}, "1974280859": {"name": "rolf adelsberger", "type": "author", "activity": 9, "h_index": 5, "h5_index": 0, "mag_id": "1974280859", "num_publications": 1, "num_citations": 1, "num_publications_5y": 0, "num_citations_5y": 0, "num_publications_10y": 1, "num_citations_10y": 1, "publications_years": {"2013": 1}, "citations_years": {"2013": 1}, "old_citations": {"2013": 1}, "isVisible": false}, "1978697517": {"name": "antti vehkaoja", "type": "author", "activity": 17, "h_index": 9, "h5_index": 3, "mag_id": "1978697517", "num_publications": 1, "num_citations": 0, "num_publications_5y": 0, "num_citations_5y": 0, "num_publications_10y": 1, "num_citations_10y": 0, "publications_years": {"2012": 1}, "citations_years": {}, "old_citations": {"2012": 0}, "isVisible": false}, "1982948576": {"name": "hani alzaid", "type": "author", "activity": 11, "h_index": 8, "h5_index": 2, "mag_id": "1982948576", "num_publications": 1, "num_citations": 0, "num_publications_5y": 0, "num_citations_5y": 0, "num_publications_10y": 1, "num_citations_10y": 0, "publications_years": {"2013": 1}, "citations_years": {}, "old_citations": {"2013": 0}, "isVisible": false}, "1985923252": {"name": "stefan asanin", "type": "author", "activity": 6, "h_index": 2, "h5_index": 0, "mag_id": "1985923252", "num_publications": 1, "num_citations": 1, "num_publications_5y": 0, "num_citations_5y": 1, "num_publications_10y": 1, "num_citations_10y": 1, "publications_years": {"2012": 1}, "citations_years": {"2017": 1}, "old_citations": {"2012": 1}, "isVisible": false}, "1990925046": {"name": "khalil hachicha", "type": "author", "activity": 16, "h_index": 5, "h5_index": 0, "mag_id": "1990925046", "num_publications": 1, "num_citations": 0, "num_publications_5y": 0, "num_citations_5y": 0, "num_publications_10y": 1, "num_citations_10y": 0, "publications_years": {"2013": 1}, "citations_years": {}, "old_citations": {"2013": 0}, "isVisible": false}, "2001149074": {"name": "eleni i georga", "type": "author", "activity": 10, "h_index": 4, "h5_index": 1, "mag_id": "2001149074", "num_publications": 1, "num_citations": 1, "num_publications_5y": 0, "num_citations_5y": 0, "num_publications_10y": 1, "num_citations_10y": 0, "publications_years": {"2012": 1}, "citations_years": {"2019": 1}, "old_citations": {"2012": 1}, "isVisible": false}, "2002116574": {"name": "e biglieri", "type": "author", "activity": 29, "h_index": 27, "h5_index": 3, "mag_id": "2002116574", "num_publications": 1, "num_citations": 1, "num_publications_5y": 0, "num_citations_5y": 1, "num_publications_10y": 1, "num_citations_10y": 1, "publications_years": {"2012": 1}, "citations_years": {"2014": 1}, "old_citations": {"2012": 1}, "isVisible": false}, "2004743625": {"name": "janos ferenczi", "type": "author", "activity": 3, "h_index": 2, "h5_index": 0, "mag_id": "2004743625", "num_publications": 1, "num_citations": 2, "num_publications_5y": 0, "num_citations_5y": 2, "num_publications_10y": 1, "num_citations_10y": 2, "publications_years": {"2012": 1}, "citations_years": {"2015": 2}, "old_citations": {"2012": 2}, "isVisible": false}, "2005177508": {"name": "m a callejon", "type": "author", "activity": 2, "h_index": 2, "h5_index": 0, "mag_id": "2005177508", "num_publications": 1, "num_citations": 0, "num_publications_5y": 0, "num_citations_5y": 0, "num_publications_10y": 1, "num_citations_10y": 0, "publications_years": {"2013": 1}, "citations_years": {}, "old_citations": {"2013": 0}, "isVisible": false}, "2011514459": {"name": "peter kotcauer", "type": "author", "activity": 4, "h_index": 2, "h5_index": 0, "mag_id": "2011514459", "num_publications": 1, "num_citations": 2, "num_publications_5y": 0, "num_citations_5y": 2, "num_publications_10y": 1, "num_citations_10y": 2, "publications_years": {"2012": 1}, "citations_years": {"2015": 2}, "old_citations": {"2012": 2}, "isVisible": false}, "2017670344": {"name": "zsolt meixner", "type": "author", "activity": 4, "h_index": 2, "h5_index": 0, "mag_id": "2017670344", "num_publications": 1, "num_citations": 2, "num_publications_5y": 0, "num_citations_5y": 2, "num_publications_10y": 1, "num_citations_10y": 2, "publications_years": {"2012": 1}, "citations_years": {"2015": 2}, "old_citations": {"2012": 2}, "isVisible": false}, "2021342117": {"name": "gergely windisch", "type": "author", "activity": 5, "h_index": 3, "h5_index": 0, "mag_id": "2021342117", "num_publications": 1, "num_citations": 2, "num_publications_5y": 0, "num_citations_5y": 2, "num_publications_10y": 1, "num_citations_10y": 2, "publications_years": {"2012": 1}, "citations_years": {"2015": 2}, "old_citations": {"2012": 2}, "isVisible": false}, "2029879404": {"name": "andrei gurtov", "type": "author", "activity": 20, "h_index": 25, "h5_index": 11, "mag_id": "2029879404", "num_publications": 1, "num_citations": 1, "num_publications_5y": 0, "num_citations_5y": 1, "num_publications_10y": 1, "num_citations_10y": 1, "publications_years": {"2012": 1}, "citations_years": {"2014": 1}, "old_citations": {"2012": 1}, "isVisible": false}, "2033834200": {"name": "evy i karavatselou", "type": "author", "activity": 18, "h_index": 3, "h5_index": 0, "mag_id": "2033834200", "num_publications": 1, "num_citations": 0, "num_publications_5y": 0, "num_citations_5y": 0, "num_publications_10y": 1, "num_citations_10y": 0, "publications_years": {"2012": 1}, "citations_years": {}, "old_citations": {"2012": 0}, "isVisible": false}, "2034448535": {"name": "gerhard troster", "type": "author", "activity": 30, "h_index": 50, "h5_index": 6, "mag_id": "2034448535", "num_publications": 1, "num_citations": 1, "num_publications_5y": 0, "num_citations_5y": 0, "num_publications_10y": 1, "num_citations_10y": 1, "publications_years": {"2013": 1}, "citations_years": {"2013": 1}, "old_citations": {"2013": 1}, "isVisible": false}, "2036032814": {"name": "aniello minutolo", "type": "author", "activity": 13, "h_index": 8, "h5_index": 3, "mag_id": "2036032814", "num_publications": 1, "num_citations": 2, "num_publications_5y": 0, "num_citations_5y": 2, "num_publications_10y": 1, "num_citations_10y": 2, "publications_years": {"2012": 1}, "citations_years": {"2014": 1, "2015": 1}, "old_citations": {"2012": 2}, "isVisible": false}, "2038931657": {"name": "mirnes tubic", "type": "author", "activity": 2, "h_index": 1, "h5_index": 0, "mag_id": "2038931657", "num_publications": 1, "num_citations": 0, "num_publications_5y": 0, "num_citations_5y": 0, "num_publications_10y": 1, "num_citations_10y": 0, "publications_years": {"2013": 1}, "citations_years": {}, "old_citations": {"2013": 0}, "isVisible": false}, "2039750845": {"name": "stefan hey", "type": "author", "activity": 14, "h_index": 2, "h5_index": 0, "mag_id": "2039750845", "num_publications": 1, "num_citations": 0, "num_publications_5y": 0, "num_citations_5y": 0, "num_publications_10y": 1, "num_citations_10y": 0, "publications_years": {"2013": 1}, "citations_years": {}, "old_citations": {"2013": 0}, "isVisible": false}, "2041160222": {"name": "athanasios kakarountas", "type": "author", "activity": 18, "h_index": 11, "h5_index": 0, "mag_id": "2041160222", "num_publications": 1, "num_citations": 0, "num_publications_5y": 0, "num_citations_5y": 0, "num_publications_10y": 1, "num_citations_10y": 0, "publications_years": {"2012": 1}, "citations_years": {}, "old_citations": {"2012": 0}, "isVisible": false}, "2053225952": {"name": "akhil kakkanattu sudhakaran", "type": "author", "activity": 3, "h_index": 0, "h5_index": 0, "mag_id": "2053225952", "num_publications": 1, "num_citations": 0, "num_publications_5y": 0, "num_citations_5y": 0, "num_publications_10y": 1, "num_citations_10y": 0, "publications_years": {"2012": 1}, "citations_years": {}, "old_citations": {"2012": 0}, "isVisible": false}, "2059572039": {"name": "ioannis kouris", "type": "author", "activity": 18, "h_index": 6, "h5_index": 1, "mag_id": "2059572039", "num_publications": 1, "num_citations": 0, "num_publications_5y": 0, "num_citations_5y": 0, "num_publications_10y": 1, "num_citations_10y": 0, "publications_years": {"2012": 1}, "citations_years": {}, "old_citations": {"2012": 0}, "isVisible": false}, "2065730239": {"name": "dmitriy kuptsov", "type": "author", "activity": 8, "h_index": 6, "h5_index": 1, "mag_id": "2065730239", "num_publications": 1, "num_citations": 1, "num_publications_5y": 0, "num_citations_5y": 1, "num_publications_10y": 1, "num_citations_10y": 1, "publications_years": {"2012": 1}, "citations_years": {"2014": 1}, "old_citations": {"2012": 1}, "isVisible": false}, "2065821544": {"name": "nikos tsourakis", "type": "author", "activity": 16, "h_index": 7, "h5_index": 2, "mag_id": "2065821544", "num_publications": 1, "num_citations": 0, "num_publications_5y": 0, "num_citations_5y": 0, "num_publications_10y": 1, "num_citations_10y": 0, "publications_years": {"2012": 1}, "citations_years": {}, "old_citations": {"2012": 0}, "isVisible": false}, "2071662869": {"name": "stefanos a nikolidakis", "type": "author", "activity": 5, "h_index": 5, "h5_index": 0, "mag_id": "2071662869", "num_publications": 1, "num_citations": 0, "num_publications_5y": 0, "num_citations_5y": 0, "num_publications_10y": 1, "num_citations_10y": 0, "publications_years": {"2011": 1}, "citations_years": {}, "old_citations": {"2011": 0}, "isVisible": false}, "2071878260": {"name": "daniel g rucker", "type": "author", "activity": 6, "h_index": 4, "h5_index": 0, "mag_id": "2071878260", "num_publications": 1, "num_citations": 0, "num_publications_5y": 0, "num_citations_5y": 0, "num_publications_10y": 1, "num_citations_10y": 0, "publications_years": {"2012": 1}, "citations_years": {}, "old_citations": {"2012": 0}, "isVisible": false}, "2074129607": {"name": "nabil alrajeh", "type": "author", "activity": 10, "h_index": 19, "h5_index": 11, "mag_id": "2074129607", "num_publications": 1, "num_citations": 1, "num_publications_5y": 0, "num_citations_5y": 1, "num_publications_10y": 1, "num_citations_10y": 1, "publications_years": {"2012": 1}, "citations_years": {"2014": 1}, "old_citations": {"2012": 1}, "isVisible": false}, "2085962183": {"name": "davide capozzi", "type": "author", "activity": 9, "h_index": 5, "h5_index": 0, "mag_id": "2085962183", "num_publications": 1, "num_citations": 0, "num_publications_5y": 0, "num_citations_5y": 0, "num_publications_10y": 1, "num_citations_10y": 0, "publications_years": {"2012": 1}, "citations_years": {}, "old_citations": {"2012": 0}, "isVisible": false}, "2086966048": {"name": "katrin arning", "type": "author", "activity": 12, "h_index": 9, "h5_index": 2, "mag_id": "2086966048", "num_publications": 1, "num_citations": 0, "num_publications_5y": 0, "num_citations_5y": 0, "num_publications_10y": 1, "num_citations_10y": 0, "publications_years": {"2013": 1}, "citations_years": {}, "old_citations": {"2013": 0}, "isVisible": false}, "2089081603": {"name": "panagiota anastasopoulou", "type": "author", "activity": 6, "h_index": 2, "h5_index": 0, "mag_id": "2089081603", "num_publications": 1, "num_citations": 0, "num_publications_5y": 0, "num_citations_5y": 0, "num_publications_10y": 1, "num_citations_10y": 0, "publications_years": {"2013": 1}, "citations_years": {}, "old_citations": {"2013": 0}, "isVisible": false}, "2098852118": {"name": "a c f santos", "type": "author", "activity": 13, "h_index": 1, "h5_index": 0, "mag_id": "2098852118", "num_publications": 1, "num_citations": 0, "num_publications_5y": 0, "num_citations_5y": 0, "num_publications_10y": 1, "num_citations_10y": 0, "publications_years": {"2013": 1}, "citations_years": {}, "old_citations": {"2013": 0}, "isVisible": false}, "2098967376": {"name": "amara amara", "type": "author", "activity": 15, "h_index": 9, "h5_index": 4, "mag_id": "2098967376", "num_publications": 1, "num_citations": 0, "num_publications_5y": 0, "num_citations_5y": 0, "num_publications_10y": 1, "num_citations_10y": 0, "publications_years": {"2012": 1}, "citations_years": {}, "old_citations": {"2012": 0}, "isVisible": false}, "2100986805": {"name": "sebastien topin", "type": "author", "activity": 2, "h_index": 1, "h5_index": 0, "mag_id": "2100986805", "num_publications": 1, "num_citations": 0, "num_publications_5y": 0, "num_citations_5y": 0, "num_publications_10y": 1, "num_citations_10y": 0, "publications_years": {"2013": 1}, "citations_years": {}, "old_citations": {"2013": 0}, "isVisible": false}, "2108569926": {"name": "paula estrella", "type": "author", "activity": 14, "h_index": 4, "h5_index": 1, "mag_id": "2108569926", "num_publications": 1, "num_citations": 0, "num_publications_5y": 0, "num_citations_5y": 0, "num_publications_10y": 1, "num_citations_10y": 0, "publications_years": {"2012": 1}, "citations_years": {}, "old_citations": {"2012": 0}, "isVisible": false}, "2109317405": {"name": "peter beck", "type": "author", "activity": 10, "h_index": 4, "h5_index": 0, "mag_id": "2109317405", "num_publications": 1, "num_citations": 0, "num_publications_5y": 0, "num_citations_5y": 0, "num_publications_10y": 1, "num_citations_10y": 0, "publications_years": {"2012": 1}, "citations_years": {}, "old_citations": {"2012": 0}, "isVisible": false}, "2113660176": {"name": "yuhui bai", "type": "author", "activity": 3, "h_index": 3, "h5_index": 0, "mag_id": "2113660176", "num_publications": 1, "num_citations": 0, "num_publications_5y": 0, "num_citations_5y": 0, "num_publications_10y": 1, "num_citations_10y": 0, "publications_years": {"2013": 1}, "citations_years": {}, "old_citations": {"2013": 0}, "isVisible": false}, "2118204362": {"name": "sylvain hochberg", "type": "author", "activity": 6, "h_index": 2, "h5_index": 1, "mag_id": "2118204362", "num_publications": 1, "num_citations": 0, "num_publications_5y": 0, "num_citations_5y": 0, "num_publications_10y": 1, "num_citations_10y": 0, "publications_years": {"2013": 1}, "citations_years": {}, "old_citations": {"2013": 0}, "isVisible": false}, "2122203316": {"name": "soufiene ben othman", "type": "author", "activity": 4, "h_index": 6, "h5_index": 0, "mag_id": "2122203316", "num_publications": 1, "num_citations": 0, "num_publications_5y": 0, "num_citations_5y": 0, "num_publications_10y": 1, "num_citations_10y": 0, "publications_years": {"2013": 1}, "citations_years": {}, "old_citations": {"2013": 0}, "isVisible": false}, "2126931971": {"name": "harun sumbul", "type": "author", "activity": 2, "h_index": 0, "h5_index": 0, "mag_id": "2126931971", "num_publications": 1, "num_citations": 0, "num_publications_5y": 0, "num_citations_5y": 0, "num_publications_10y": 1, "num_citations_10y": 0, "publications_years": {"2012": 1}, "citations_years": {}, "old_citations": {"2012": 0}, "isVisible": false}, "2126956418": {"name": "fatih basciftci", "type": "author", "activity": 10, "h_index": 5, "h5_index": 2, "mag_id": "2126956418", "num_publications": 1, "num_citations": 0, "num_publications_5y": 0, "num_citations_5y": 0, "num_publications_10y": 1, "num_citations_10y": 0, "publications_years": {"2012": 1}, "citations_years": {}, "old_citations": {"2012": 0}, "isVisible": false}, "2127241443": {"name": "deepak krishnan melepurath unnikrishnan", "type": "author", "activity": 3, "h_index": 1, "h5_index": 0, "mag_id": "2127241443", "num_publications": 1, "num_citations": 0, "num_publications_5y": 0, "num_citations_5y": 0, "num_publications_10y": 1, "num_citations_10y": 0, "publications_years": {"2012": 1}, "citations_years": {}, "old_citations": {"2012": 0}, "isVisible": false}, "2127805459": {"name": "beatriz martin de juan", "type": "author", "activity": 2, "h_index": 0, "h5_index": 0, "mag_id": "2127805459", "num_publications": 1, "num_citations": 0, "num_publications_5y": 0, "num_citations_5y": 0, "num_publications_10y": 1, "num_citations_10y": 0, "publications_years": {"2012": 1}, "citations_years": {}, "old_citations": {"2012": 0}, "isVisible": false}, "2129124083": {"name": "massimo esposito", "type": "author", "activity": 19, "h_index": 14, "h5_index": 6, "mag_id": "2129124083", "num_publications": 1, "num_citations": 2, "num_publications_5y": 0, "num_citations_5y": 2, "num_publications_10y": 1, "num_citations_10y": 2, "publications_years": {"2012": 1}, "citations_years": {"2014": 1, "2015": 1}, "old_citations": {"2012": 2}, "isVisible": false}, "2129484920": {"name": "alper comert", "type": "author", "activity": 8, "h_index": 5, "h5_index": 0, "mag_id": "2129484920", "num_publications": 1, "num_citations": 0, "num_publications_5y": 0, "num_citations_5y": 0, "num_publications_10y": 1, "num_citations_10y": 0, "publications_years": {"2012": 1}, "citations_years": {}, "old_citations": {"2012": 0}, "isVisible": false}, "2131422803": {"name": "georgia n athanasiou", "type": "author", "activity": 7, "h_index": 3, "h5_index": 1, "mag_id": "2131422803", "num_publications": 1, "num_citations": 0, "num_publications_5y": 0, "num_citations_5y": 0, "num_publications_10y": 1, "num_citations_10y": 0, "publications_years": {"2013": 1}, "citations_years": {}, "old_citations": {"2013": 0}, "isVisible": false}, "2133541557": {"name": "abdelbasset trad", "type": "author", "activity": 13, "h_index": 8, "h5_index": 0, "mag_id": "2133541557", "num_publications": 1, "num_citations": 0, "num_publications_5y": 0, "num_citations_5y": 0, "num_publications_10y": 1, "num_citations_10y": 0, "publications_years": {"2013": 1}, "citations_years": {}, "old_citations": {"2013": 0}, "isVisible": false}, "2135400177": {"name": "franz rott", "type": "author", "activity": 4, "h_index": 1, "h5_index": 0, "mag_id": "2135400177", "num_publications": 1, "num_citations": 0, "num_publications_5y": 0, "num_citations_5y": 0, "num_publications_10y": 1, "num_citations_10y": 0, "publications_years": {"2013": 1}, "citations_years": {}, "old_citations": {"2013": 0}, "isVisible": false}, "2139339726": {"name": "diana soler", "type": "author", "activity": 2, "h_index": 0, "h5_index": 0, "mag_id": "2139339726", "num_publications": 1, "num_citations": 0, "num_publications_5y": 0, "num_citations_5y": 0, "num_publications_10y": 1, "num_citations_10y": 0, "publications_years": {"2012": 1}, "citations_years": {}, "old_citations": {"2012": 0}, "isVisible": false}, "2142570366": {"name": "ilias mavridis", "type": "author", "activity": 3, "h_index": 1, "h5_index": 0, "mag_id": "2142570366", "num_publications": 1, "num_citations": 0, "num_publications_5y": 0, "num_citations_5y": 0, "num_publications_10y": 1, "num_citations_10y": 0, "publications_years": {"2012": 1}, "citations_years": {}, "old_citations": {"2012": 0}, "isVisible": false}, "2145292316": {"name": "peeter kool", "type": "author", "activity": 24, "h_index": 3, "h5_index": 2, "mag_id": "2145292316", "num_publications": 1, "num_citations": 1, "num_publications_5y": 0, "num_citations_5y": 1, "num_publications_10y": 1, "num_citations_10y": 1, "publications_years": {"2012": 1}, "citations_years": {"2017": 1}, "old_citations": {"2012": 1}, "isVisible": false}, "2145864474": {"name": "sandor acs", "type": "author", "activity": 6, "h_index": 6, "h5_index": 0, "mag_id": "2145864474", "num_publications": 1, "num_citations": 2, "num_publications_5y": 0, "num_citations_5y": 2, "num_publications_10y": 1, "num_citations_10y": 2, "publications_years": {"2012": 1}, "citations_years": {"2015": 2}, "old_citations": {"2012": 2}, "isVisible": false}, "2146625622": {"name": "judit marton", "type": "author", "activity": 2, "h_index": 2, "h5_index": 0, "mag_id": "2146625622", "num_publications": 1, "num_citations": 2, "num_publications_5y": 0, "num_citations_5y": 2, "num_publications_10y": 1, "num_citations_10y": 2, "publications_years": {"2012": 1}, "citations_years": {"2015": 2}, "old_citations": {"2012": 2}, "isVisible": false}, "2147140904": {"name": "ulf jensen", "type": "author", "activity": 11, "h_index": 6, "h5_index": 3, "mag_id": "2147140904", "num_publications": 1, "num_citations": 0, "num_publications_5y": 0, "num_citations_5y": 0, "num_publications_10y": 1, "num_citations_10y": 0, "publications_years": {"2013": 1}, "citations_years": {}, "old_citations": {"2013": 0}, "isVisible": false}, "2150208546": {"name": "vera schumacher", "type": "author", "activity": 2, "h_index": 1, "h5_index": 0, "mag_id": "2150208546", "num_publications": 1, "num_citations": 1, "num_publications_5y": 0, "num_citations_5y": 0, "num_publications_10y": 1, "num_citations_10y": 1, "publications_years": {"2013": 1}, "citations_years": {"2013": 1}, "old_citations": {"2013": 1}, "isVisible": false}, "2152605536": {"name": "mateja skrapec", "type": "author", "activity": 4, "h_index": 2, "h5_index": 0, "mag_id": "2152605536", "num_publications": 1, "num_citations": 3, "num_publications_5y": 0, "num_citations_5y": 3, "num_publications_10y": 1, "num_citations_10y": 3, "publications_years": {"2013": 1}, "citations_years": {"2014": 1, "2015": 0, "2016": 1, "2017": 0, "2018": 1}, "old_citations": {"2013": 3}, "isVisible": false}, "2160906436": {"name": "giuseppe de pietro", "type": "author", "activity": 30, "h_index": 18, "h5_index": 7, "mag_id": "2160906436", "num_publications": 1, "num_citations": 2, "num_publications_5y": 0, "num_citations_5y": 2, "num_publications_10y": 1, "num_citations_10y": 2, "publications_years": {"2012": 1}, "citations_years": {"2014": 1, "2015": 1}, "old_citations": {"2012": 2}, "isVisible": false}, "2278953871": {"name": "pal bogdanov", "type": "author", "activity": 8, "h_index": 3, "h5_index": 1, "mag_id": "2278953871", "num_publications": 1, "num_citations": 2, "num_publications_5y": 0, "num_citations_5y": 2, "num_publications_10y": 1, "num_citations_10y": 2, "publications_years": {"2012": 1}, "citations_years": {"2015": 2}, "old_citations": {"2012": 2}, "isVisible": false}, "2342174904": {"name": "michalis tsakalakis", "type": "author", "activity": 2, "h_index": 2, "h5_index": 0, "mag_id": "2342174904", "num_publications": 1, "num_citations": 2, "num_publications_5y": 0, "num_citations_5y": 2, "num_publications_10y": 1, "num_citations_10y": 2, "publications_years": {"2012": 1}, "citations_years": {"2014": 1, "2015": 0, "2016": 1}, "old_citations": {"2012": 2}, "isVisible": false}, "2397123720": {"name": "diogo junior", "type": "author", "activity": 2, "h_index": 1, "h5_index": 0, "mag_id": "2397123720", "num_publications": 1, "num_citations": 2, "num_publications_5y": 0, "num_citations_5y": 2, "num_publications_10y": 1, "num_citations_10y": 2, "publications_years": {"2013": 1}, "citations_years": {"2014": 1, "2015": 1}, "old_citations": {"2013": 2}, "isVisible": false}, "2405202621": {"name": "ricardo belchior", "type": "author", "activity": 2, "h_index": 1, "h5_index": 0, "mag_id": "2405202621", "num_publications": 1, "num_citations": 2, "num_publications_5y": 0, "num_citations_5y": 2, "num_publications_10y": 1, "num_citations_10y": 2, "publications_years": {"2013": 1}, "citations_years": {"2014": 1, "2015": 1}, "old_citations": {"2013": 2}, "isVisible": false}, "2689921107": {"name": "antonio monteiro", "type": "author", "activity": 2, "h_index": 1, "h5_index": 0, "mag_id": "2689921107", "num_publications": 1, "num_citations": 2, "num_publications_5y": 0, "num_citations_5y": 2, "num_publications_10y": 1, "num_citations_10y": 2, "publications_years": {"2013": 1}, "citations_years": {"2014": 1, "2015": 1}, "old_citations": {"2013": 2}, "isVisible": false}, "2177609505": {"name": "angel lozano", "type": "author", "activity": 23, "h_index": 34, "h5_index": 4, "mag_id": "2177609505", "num_publications": 1, "num_citations": 1, "num_publications_5y": 0, "num_citations_5y": 1, "num_publications_10y": 1, "num_citations_10y": 1, "publications_years": {"2012": 1}, "citations_years": {"2014": 1}, "old_citations": {"2012": 1}, "isVisible": false}, "2238025108": {"name": "dimitrios i fotiadis", "type": "author", "activity": 21, "h_index": 33, "h5_index": 7, "mag_id": "2238025108", "num_publications": 1, "num_citations": 1, "num_publications_5y": 0, "num_citations_5y": 0, "num_publications_10y": 1, "num_citations_10y": 0, "publications_years": {"2012": 1}, "citations_years": {"2019": 1}, "old_citations": {"2012": 1}, "isVisible": false}, "2251152730": {"name": "panayiotis tsanakas", "type": "author", "activity": 25, "h_index": 10, "h5_index": 4, "mag_id": "2251152730", "num_publications": 1, "num_citations": 1, "num_publications_5y": 0, "num_citations_5y": 0, "num_publications_10y": 1, "num_citations_10y": 0, "publications_years": {"2012": 1}, "citations_years": {"2019": 1}, "old_citations": {"2012": 1}, "isVisible": false}, "2310870819": {"name": "boris nechaev", "type": "author", "activity": 6, "h_index": 3, "h5_index": 0, "mag_id": "2310870819", "num_publications": 1, "num_citations": 1, "num_publications_5y": 0, "num_citations_5y": 1, "num_publications_10y": 1, "num_citations_10y": 1, "publications_years": {"2012": 1}, "citations_years": {"2014": 1}, "old_citations": {"2012": 1}, "isVisible": false}, "2326861017": {"name": "matts ahlsen", "type": "author", "activity": 23, "h_index": 3, "h5_index": 2, "mag_id": "2326861017", "num_publications": 1, "num_citations": 1, "num_publications_5y": 0, "num_citations_5y": 1, "num_publications_10y": 1, "num_citations_10y": 1, "publications_years": {"2012": 1}, "citations_years": {"2017": 1}, "old_citations": {"2012": 1}, "isVisible": false}, "2585111108": {"name": "bouchaib bounabat", "type": "author", "activity": 14, "h_index": 4, "h5_index": 2, "mag_id": "2585111108", "num_publications": 1, "num_citations": 1, "num_publications_5y": 0, "num_citations_5y": 1, "num_publications_10y": 1, "num_citations_10y": 1, "publications_years": {"2012": 1}, "citations_years": {"2014": 1}, "old_citations": {"2012": 1}, "isVisible": false}, "2916769366": {"name": "bert arnrich", "type": "author", "activity": 3, "h_index": 2, "h5_index": 0, "mag_id": "2916769366", "num_publications": 1, "num_citations": 1, "num_publications_5y": 0, "num_citations_5y": 0, "num_publications_10y": 1, "num_citations_10y": 1, "publications_years": {"2013": 1}, "citations_years": {"2013": 1}, "old_citations": {"2013": 1}, "isVisible": false}, "2953187205": {"name": "thomas pliakas", "type": "author", "activity": 6, "h_index": 2, "h5_index": 0, "mag_id": "2953187205", "num_publications": 1, "num_citations": 1, "num_publications_5y": 0, "num_citations_5y": 0, "num_publications_10y": 1, "num_citations_10y": 0, "publications_years": {"2012": 1}, "citations_years": {"2019": 1}, "old_citations": {"2012": 1}, "isVisible": false}}, "countries": {"Greece": {"name": "Greece", "type": "country", "h5_index": 57, "num_publications": 13, "num_citations": 7, "num_publications_5y": 0, "num_citations_5y": 3, "num_publications_10y": 13, "num_citations_10y": 5, "publications_years": {"2012": 10, "2011": 1, "2013": 2}, "citations_years": {"2011": 2, "2019": 2, "2014": 2, "2015": 0, "2016": 1}, "old_citations": {"2012": 7, "2011": 0, "2013": 0}, "isVisible": false}, "Spain": {"name": "Spain", "type": "country", "h5_index": 91, "num_publications": 4, "num_citations": 1, "num_publications_5y": 0, "num_citations_5y": 1, "num_publications_10y": 4, "num_citations_10y": 1, "publications_years": {"2013": 2, "2012": 2}, "citations_years": {"2014": 1}, "old_citations": {"2013": 0, "2012": 1}, "isVisible": false}, "France": {"name": "France", "type": "country", "h5_index": 99, "num_publications": 3, "num_citations": 1, "num_publications_5y": 0, "num_citations_5y": 1, "num_publications_10y": 3, "num_citations_10y": 1, "publications_years": {"2012": 2, "2013": 1}, "citations_years": {"2014": 1}, "old_citations": {"2012": 1, "2013": 0}, "isVisible": false}, "Germany": {"name": "Germany", "type": "country", "h5_index": 139, "num_publications": 3, "num_citations": 0, "num_publications_5y": 0, "num_citations_5y": 0, "num_publications_10y": 3, "num_citations_10y": 0, "publications_years": {"2013": 3}, "citations_years": {}, "old_citations": {"2013": 0}, "isVisible": false}, "United States": {"name": "United States", "type": "country", "h5_index": 308, "num_publications": 3, "num_citations": 2, "num_publications_5y": 0, "num_citations_5y": 2, "num_publications_10y": 3, "num_citations_10y": 2, "publications_years": {"2012": 2, "2013": 1}, "citations_years": {"2014": 1, "2015": 1}, "old_citations": {"2012": 2, "2013": 0}, "isVisible": false}, "Croatia": {"name": "Croatia", "type": "country", "h5_index": 24, "num_publications": 2, "num_citations": 5, "num_publications_5y": 0, "num_citations_5y": 4, "num_publications_10y": 2, "num_citations_10y": 5, "publications_years": {"2012": 1, "2013": 1}, "citations_years": {"2013": 1, "2014": 2, "2015": 0, "2016": 1, "2017": 0, "2018": 1}, "old_citations": {"2012": 2, "2013": 3}, "isVisible": false}, "India": {"name": "India", "type": "country", "h5_index": 78, "num_publications": 2, "num_citations": 2, "num_publications_5y": 0, "num_citations_5y": 2, "num_publications_10y": 2, "num_citations_10y": 2, "publications_years": {"2012": 2}, "citations_years": {"2014": 1, "2015": 1}, "old_citations": {"2012": 2}, "isVisible": false}, "Saudi Arabia": {"name": "Saudi Arabia", "type": "country", "h5_index": 72, "num_publications": 2, "num_citations": 1, "num_publications_5y": 0, "num_citations_5y": 1, "num_publications_10y": 2, "num_citations_10y": 1, "publications_years": {"2013": 1, "2012": 1}, "citations_years": {"2014": 1}, "old_citations": {"2013": 0, "2012": 1}, "isVisible": false}, "Switzerland": {"name": "Switzerland", "type": "country", "h5_index": 102, "num_publications": 2, "num_citations": 1, "num_publications_5y": 0, "num_citations_5y": 0, "num_publications_10y": 2, "num_citations_10y": 1, "publications_years": {"2013": 1, "2012": 1}, "citations_years": {"2013": 1}, "old_citations": {"2013": 1, "2012": 0}, "isVisible": false}, "Argentina": {"name": "Argentina", "type": "country", "h5_index": 26, "num_publications": 1, "num_citations": 0, "num_publications_5y": 0, "num_citations_5y": 0, "num_publications_10y": 1, "num_citations_10y": 0, "publications_years": {"2012": 1}, "citations_years": {}, "old_citations": {"2012": 0}, "isVisible": false}, "Austria": {"name": "Austria", "type": "country", "h5_index": 71, "num_publications": 1, "num_citations": 0, "num_publications_5y": 0, "num_citations_5y": 0, "num_publications_10y": 1, "num_citations_10y": 0, "publications_years": {"2012": 1}, "citations_years": {}, "old_citations": {"2012": 0}, "isVisible": false}, "Brazil": {"name": "Brazil", "type": "country", "h5_index": 57, "num_publications": 1, "num_citations": 0, "num_publications_5y": 0, "num_citations_5y": 0, "num_publications_10y": 1, "num_citations_10y": 0, "publications_years": {"2013": 1}, "citations_years": {}, "old_citations": {"2013": 0}, "isVisible": false}, "Canada": {"name": "Canada", "type": "country", "h5_index": 128, "num_publications": 1, "num_citations": 0, "num_publications_5y": 0, "num_citations_5y": 0, "num_publications_10y": 1, "num_citations_10y": 0, "publications_years": {"2013": 1}, "citations_years": {}, "old_citations": {"2013": 0}, "isVisible": false}, "Finland": {"name": "Finland", "type": "country", "h5_index": 68, "num_publications": 1, "num_citations": 1, "num_publications_5y": 0, "num_citations_5y": 1, "num_publications_10y": 1, "num_citations_10y": 1, "publications_years": {"2012": 1}, "citations_years": {"2014": 1}, "old_citations": {"2012": 1}, "isVisible": false}, "Hungary": {"name": "Hungary", "type": "country", "h5_index": 28, "num_publications": 1, "num_citations": 2, "num_publications_5y": 0, "num_citations_5y": 2, "num_publications_10y": 1, "num_citations_10y": 2, "publications_years": {"2012": 1}, "citations_years": {"2015": 2}, "old_citations": {"2012": 2}, "isVisible": false}, "Italy": {"name": "Italy", "type": "country", "h5_index": 94, "num_publications": 1, "num_citations": 0, "num_publications_5y": 0, "num_citations_5y": 0, "num_publications_10y": 1, "num_citations_10y": 0, "publications_years": {"2012": 1}, "citations_years": {}, "old_citations": {"2012": 0}, "isVisible": false}, "Japan": {"name": "Japan", "type": "country", "h5_index": 94, "num_publications": 1, "num_citations": 1, "num_publications_5y": 0, "num_citations_5y": 1, "num_publications_10y": 1, "num_citations_10y": 1, "publications_years": {"2012": 1}, "citations_years": {"2016": 1}, "old_citations": {"2012": 1}, "isVisible": false}, "Portugal": {"name": "Portugal", "type": "country", "h5_index": 44, "num_publications": 1, "num_citations": 0, "num_publications_5y": 0, "num_citations_5y": 0, "num_publications_10y": 1, "num_citations_10y": 0, "publications_years": {"2013": 1}, "citations_years": {}, "old_citations": {"2013": 0}, "isVisible": false}, "Slovakia": {"name": "Slovakia", "type": "country", "h5_index": 18, "num_publications": 1, "num_citations": 0, "num_publications_5y": 0, "num_citations_5y": 0, "num_publications_10y": 1, "num_citations_10y": 0, "publications_years": {"2013": 1}, "citations_years": {}, "old_citations": {"2013": 0}, "isVisible": false}, "South Korea": {"name": "South Korea", "type": "country", "h5_index": 100, "num_publications": 1, "num_citations": 0, "num_publications_5y": 0, "num_citations_5y": 0, "num_publications_10y": 1, "num_citations_10y": 0, "publications_years": {"2012": 1}, "citations_years": {}, "old_citations": {"2012": 0}, "isVisible": false}}, "industrial_sectors": {"cosmetics": {"name": "cosmetics", "type": "industrial sector", "h5_index": 7, "num_publications": 1, "num_citations": 0, "num_publications_5y": 0, "num_citations_5y": 0, "num_publications_10y": 1, "num_citations_10y": 0, "publications_years": {"2013": 1}, "citations_years": {}, "old_citations": {"2013": 0}, "isVisible": false}, "retail": {"name": "retail", "type": "industrial sector", "h5_index": 15, "num_publications": 1, "num_citations": 0, "num_publications_5y": 0, "num_citations_5y": 0, "num_publications_10y": 1, "num_citations_10y": 0, "publications_years": {"2013": 1}, "citations_years": {}, "old_citations": {"2013": 0}, "isVisible": false}, "technology": {"name": "technology", "type": "industrial sector", "h5_index": 229, "num_publications": 1, "num_citations": 0, "num_publications_5y": 0, "num_citations_5y": 0, "num_publications_10y": 1, "num_citations_10y": 0, "publications_years": {"2012": 1}, "citations_years": {}, "old_citations": {"2012": 0}, "isVisible": false}, "telecommunications": {"name": "telecommunications", "type": "industrial sector", "h5_index": 89, "num_publications": 1, "num_citations": 0, "num_publications_5y": 0, "num_citations_5y": 0, "num_publications_10y": 1, "num_citations_10y": 0, "publications_years": {"2012": 1}, "citations_years": {}, "old_citations": {"2012": 0}, "isVisible": false}}}, "conference_comparison": {"computer science": {}}, "topics_dna": {"publications": {}, "citations": {"normalized": {}, "average": {}}}, "info": {"num_publications": 47, "num_citations": 24.0, "impact_factor": {"2013": 0.03333333333333333}, "publications_years": {"2012": 29, "2013": 17, "2011": 1}, "citations_years": {"2011": 2, "2012": 0, "2013": 3, "2014": 8, "2015": 4, "2016": 3, "2017": 1, "2018": 1, "2019": 2}, "old_citations": {"2012": 17, "2013": 7, "2011": 0}, "h5_index": 0}, "percentile": {"computer science": {"2012": 52, "2013": 52, "2011": 18}}, "conference_ranking": {"computer science": {"2012": 2035, "2013": 2039, "2011": 3478}}, "academia": {"num_publications": 30, "num_citations": 14, "publications_years": {"2011": 1, "2012": 18, "2013": 11}, "old_citations": {"2011": 0, "2012": 10, "2013": 4}, "num_publications_5y": 0, "num_citations_5y": 0, "num_publications_10y": 30, "num_citations_10y": 14}, "industry": {"num_publications": 0, "num_citations": 0, "publications_years": {}, "old_citations": {}, "num_publications_5y": 0, "num_citations_5y": 0, "num_publications_10y": 0, "num_citations_10y": 0}, "collaborative": {"num_publications": 2, "num_citations": 0, "publications_years": {"2012": 1, "2013": 1}, "old_citations": {"2012": 0, "2013": 0}, "num_publications_5y": 0, "num_citations_5y": 0, "num_publications_10y": 2, "num_citations_10y": 0}, "conferences": {}, "journals": {}, "organizations": {"publication_overall": ["University of Patras", "National Technical University of Athens", "University of Piraeus", "National and Kapodistrian University of Athens", "University of Seville", "University of Zagreb", "University of the Aegean", "Aalto University", "Adidas (Canada)", "Amrita Vishwa Vidyapeetham University", "Asan Medical Center", "ETH Zurich", "Federal University of Rio de Janeiro", "G\u00fcm\u00fc\u015fhane University", "Hungarian Academy of Sciences", "Indian Council of Agricultural Research", "Institut Sup\u00e9rieur d'\u00c9lectronique de Paris", "Joanneum Research", "Karlsruhe Institute of Technology", "King Abdulaziz City for Science and Technology", "King Saud University", "National Academies of Sciences, Engineering, and Medicine", "National Institute of Information and Communications Technology", "National Institute of Standards and Technology", "National University of C\u00f3rdoba", "Nice Sophia Antipolis University", "Pompeu Fabra University", "RWTH Aachen University", "Sel\u00e7uk University", "Slovak University of Technology in Bratislava", "Technical University of Madrid", "University of Arkansas at Little Rock", "University of Erlangen-Nuremberg", "University of Geneva", "University of Ioannina", "University of Lisbon", "University of Oulu", "University of Pavia", "University of Sousse", "University of Ulsan", "University of Zurich", "Vodafone (United Kingdom)", "\u00c9cole Normale Sup\u00e9rieure", "\u00d3buda University"], "citation_overall": ["National Technical University of Athens", "University of Zagreb", "National and Kapodistrian University of Athens", "University of Patras", "Hungarian Academy of Sciences", "Indian Council of Agricultural Research", "National Academies of Sciences, Engineering, and Medicine", "\u00d3buda University", "Aalto University", "ETH Zurich", "King Saud University", "National Institute of Information and Communications Technology", "Pompeu Fabra University", "University of Ioannina", "University of Oulu", "University of Piraeus", "University of Zurich", "University of the Aegean", "\u00c9cole Normale Sup\u00e9rieure", "Adidas (Canada)", "Amrita Vishwa Vidyapeetham University", "Asan Medical Center", "Federal University of Rio de Janeiro", "G\u00fcm\u00fc\u015fhane University", "Institut Sup\u00e9rieur d'\u00c9lectronique de Paris", "Joanneum Research", "Karlsruhe Institute of Technology", "King Abdulaziz City for Science and Technology", "National Institute of Standards and Technology", "National University of C\u00f3rdoba", "Nice Sophia Antipolis University", "RWTH Aachen University", "Sel\u00e7uk University", "Slovak University of Technology in Bratislava", "Technical University of Madrid", "University of Arkansas at Little Rock", "University of Erlangen-Nuremberg", "University of Geneva", "University of Lisbon", "University of Pavia", "University of Seville", "University of Sousse", "University of Ulsan", "Vodafone (United Kingdom)"], "publication_10_years": ["University of Patras", "National Technical University of Athens", "University of Piraeus", "National and Kapodistrian University of Athens", "University of Seville", "University of Zagreb", "University of the Aegean", "Aalto University", "Adidas (Canada)", "Amrita Vishwa Vidyapeetham University", "Asan Medical Center", "ETH Zurich", "Federal University of Rio de Janeiro", "G\u00fcm\u00fc\u015fhane University", "Hungarian Academy of Sciences", "Indian Council of Agricultural Research", "Institut Sup\u00e9rieur d'\u00c9lectronique de Paris", "Joanneum Research", "Karlsruhe Institute of Technology", "King Abdulaziz City for Science and Technology", "King Saud University", "National Academies of Sciences, Engineering, and Medicine", "National Institute of Information and Communications Technology", "National Institute of Standards and Technology", "National University of C\u00f3rdoba", "Nice Sophia Antipolis University", "Pompeu Fabra University", "RWTH Aachen University", "Sel\u00e7uk University", "Slovak University of Technology in Bratislava", "Technical University of Madrid", "University of Arkansas at Little Rock", "University of Erlangen-Nuremberg", "University of Geneva", "University of Ioannina", "University of Lisbon", "University of Oulu", "University of Pavia", "University of Sousse", "University of Ulsan", "University of Zurich", "Vodafone (United Kingdom)", "\u00c9cole Normale Sup\u00e9rieure", "\u00d3buda University"], "citation_10_years": ["National Technical University of Athens", "University of Zagreb", "National and Kapodistrian University of Athens", "University of Patras", "Hungarian Academy of Sciences", "Indian Council of Agricultural Research", "National Academies of Sciences, Engineering, and Medicine", "\u00d3buda University", "Aalto University", "ETH Zurich", "King Saud University", "National Institute of Information and Communications Technology", "Pompeu Fabra University", "University of Ioannina", "University of Oulu", "University of Piraeus", "University of Zurich", "University of the Aegean", "\u00c9cole Normale Sup\u00e9rieure", "Adidas (Canada)", "Amrita Vishwa Vidyapeetham University", "Asan Medical Center", "Federal University of Rio de Janeiro", "G\u00fcm\u00fc\u015fhane University", "Institut Sup\u00e9rieur d'\u00c9lectronique de Paris", "Joanneum Research", "Karlsruhe Institute of Technology", "King Abdulaziz City for Science and Technology", "National Institute of Standards and Technology", "National University of C\u00f3rdoba", "Nice Sophia Antipolis University", "RWTH Aachen University", "Sel\u00e7uk University", "Slovak University of Technology in Bratislava", "Technical University of Madrid", "University of Arkansas at Little Rock", "University of Erlangen-Nuremberg", "University of Geneva", "University of Lisbon", "University of Pavia", "University of Seville", "University of Sousse", "University of Ulsan", "Vodafone (United Kingdom)"], "publication_5_years": [], "citation_5_years": []}, "countries": {"publication_overall": ["Greece", "Spain", "France", "Germany", "United States", "Croatia", "India", "Saudi Arabia", "Switzerland", "Argentina", "Austria", "Brazil", "Canada", "Finland", "Hungary", "Italy", "Japan", "Portugal", "Slovakia", "South Korea"], "citation_overall": ["Greece", "Croatia", "Hungary", "India", "United States", "Finland", "France", "Japan", "Saudi Arabia", "Spain", "Switzerland", "Argentina", "Austria", "Brazil", "Canada", "Germany", "Italy", "Portugal", "Slovakia", "South Korea"], "publication_10_years": ["Greece", "Spain", "France", "Germany", "United States", "Croatia", "India", "Saudi Arabia", "Switzerland", "Argentina", "Austria", "Brazil", "Canada", "Finland", "Hungary", "Italy", "Japan", "Portugal", "Slovakia", "South Korea"], "citation_10_years": ["Greece", "Croatia", "Hungary", "India", "United States", "Finland", "France", "Japan", "Saudi Arabia", "Spain", "Switzerland", "Argentina", "Austria", "Brazil", "Canada", "Germany", "Italy", "Portugal", "Slovakia", "South Korea"], "publication_5_years": [], "citation_5_years": []}, "topics": {"publication_overall": ["computer science", "computer systems", "computer networks", "telecommunication systems", "computer hardware", "communication systems", "wireless telecommunication systems", "telecommunication networks", "sensors", "communication channels (information theory)", "human computer interaction", "user interfaces", "data communication systems", "engineering", "artificial intelligence", "mobile computing", "mobile devices", "mobile telecommunication systems", "wireless communications", "bandwidth"], "citation_overall": ["computer science", "computer systems", "telecommunication systems", "computer networks", "communication systems", "wireless telecommunication systems", "telecommunication networks", "computer hardware", "communication channels (information theory)", "data communication systems", "mobile computing", "mobile devices", "mobile telecommunication systems", "engineering", "mobile phones", "human computer interaction", "signal processing", "smart phones", "telephone sets", "user interfaces"], "publication_10_years": ["computer science", "computer systems", "computer networks", "telecommunication systems", "computer hardware", "communication systems", "wireless telecommunication systems", "telecommunication networks", "sensors", "communication channels (information theory)", "human computer interaction", "user interfaces", "data communication systems", "engineering", "artificial intelligence", "mobile computing", "mobile devices", "mobile telecommunication systems", "wireless communications", "bandwidth"], "citation_10_years": ["computer science", "computer systems", "telecommunication systems", "computer networks", "communication systems", "wireless telecommunication systems", "telecommunication networks", "computer hardware", "communication channels (information theory)", "data communication systems", "mobile computing", "mobile devices", "mobile telecommunication systems", "engineering", "mobile phones", "human computer interaction", "signal processing", "smart phones", "telephone sets", "user interfaces"], "publication_5_years": [], "citation_5_years": []}, "main_topics": ["computer science"], "authors": {"publication_overall": ["2302738125", "113507752", "234096698", "277170147", "1246271955", "1880775466", "1976637790", "1998025027", "2037238907", "2065775943", "2067224683", "2159620732", "2251586358", "2470012203", "2639741509", "2893133478", "20193127", "28625824", "60873185", "100075248", "101862635", "165310314", "229124356", "233774814", "248087451", "265598566", "270011204", "275487712", "307714218", "708455271", "722911409", "724764054", "789897929", "1064582366", "1207750424", "1251818701", "1265058821", "1406499979", "1518286654", "1722078861", "1782959188", "1810582675", "1885970704", "1903344472", "1935365505", "1966545597", "1967431839", "1974280859", "1978697517", "1982948576", "1985923252", "1990925046", "2001149074", "2002116574", "2004743625", "2005177508", "2011514459", "2017670344", "2021342117", "2029879404", "2033834200", "2034448535", "2036032814", "2038931657", "2039750845", "2041160222", "2053225952", "2059572039", "2065730239", "2065821544", "2071662869", "2071878260", "2074129607", "2085962183", "2086966048", "2089081603", "2098852118", "2098967376", "2100986805", "2108569926", "2109317405", "2113660176", "2118204362", "2122203316", "2126931971", "2126956418", "2127241443", "2127805459", "2129124083", "2129484920", "2131422803", "2133541557", "2135400177", "2139339726", "2142570366", "2145292316", "2145864474", "2146625622", "2147140904", "2150208546"], "citation_overall": ["277170147", "1246271955", "2067224683", "2893133478", "2152605536", "60873185", "233774814", "265598566", "270011204", "789897929", "1966545597", "1967431839", "2004743625", "2011514459", "2017670344", "2021342117", "2036032814", "2065775943", "2129124083", "2145864474", "2146625622", "2160906436", "2278953871", "2342174904", "2397123720", "2405202621", "2689921107", "20193127", "113507752", "229124356", "234096698", "1518286654", "1722078861", "1810582675", "1885970704", "1903344472", "1974280859", "1985923252", "1998025027", "2001149074", "2002116574", "2029879404", "2034448535", "2065730239", "2074129607", "2145292316", "2150208546", "2177609505", "2238025108", "2251152730", "2251586358", "2310870819", "2326861017", "2585111108", "2639741509", "2916769366", "2953187205", "28625824", "100075248", "101862635", "165310314", "248087451", "275487712", "307714218", "708455271", "722911409", "724764054", "1064582366", "1207750424", "1251818701", "1265058821", "1406499979", "1782959188", "1880775466", "1935365505", "1976637790", "1978697517", "1982948576", "1990925046", "2005177508", "2033834200", "2037238907", "2038931657", "2039750845", "2041160222", "2053225952", "2059572039", "2065821544", "2071662869", "2071878260", "2085962183", "2086966048", "2089081603", "2098852118", "2098967376", "2100986805", "2108569926", "2109317405", "2113660176", "2118204362"], "publication_10_years": ["2302738125", "113507752", "234096698", "277170147", "1246271955", "1880775466", "1976637790", "1998025027", "2037238907", "2065775943", "2067224683", "2159620732", "2251586358", "2470012203", "2639741509", "2893133478", "20193127", "28625824", "60873185", "100075248", "101862635", "165310314", "229124356", "233774814", "248087451", "265598566", "270011204", "275487712", "307714218", "708455271", "722911409", "724764054", "789897929", "1064582366", "1207750424", "1251818701", "1265058821", "1406499979", "1518286654", "1722078861", "1782959188", "1810582675", "1885970704", "1903344472", "1935365505", "1966545597", "1967431839", "1974280859", "1978697517", "1982948576", "1985923252", "1990925046", "2001149074", "2002116574", "2004743625", "2005177508", "2011514459", "2017670344", "2021342117", "2029879404", "2033834200", "2034448535", "2036032814", "2038931657", "2039750845", "2041160222", "2053225952", "2059572039", "2065730239", "2065821544", "2071662869", "2071878260", "2074129607", "2085962183", "2086966048", "2089081603", "2098852118", "2098967376", "2100986805", "2108569926", "2109317405", "2113660176", "2118204362", "2122203316", "2126931971", "2126956418", "2127241443", "2127805459", "2129124083", "2129484920", "2131422803", "2133541557", "2135400177", "2139339726", "2142570366", "2145292316", "2145864474", "2146625622", "2147140904", "2150208546"], "citation_10_years": ["277170147", "1246271955", "2067224683", "2893133478", "2152605536", "60873185", "233774814", "265598566", "270011204", "789897929", "1966545597", "1967431839", "2004743625", "2011514459", "2017670344", "2021342117", "2036032814", "2065775943", "2129124083", "2145864474", "2146625622", "2160906436", "2278953871", "2342174904", "2397123720", "2405202621", "2689921107", "20193127", "113507752", "229124356", "234096698", "1518286654", "1722078861", "1810582675", "1885970704", "1903344472", "1974280859", "1985923252", "1998025027", "2001149074", "2002116574", "2029879404", "2034448535", "2065730239", "2074129607", "2145292316", "2150208546", "2177609505", "2238025108", "2251152730", "2251586358", "2310870819", "2326861017", "2585111108", "2639741509", "2916769366", "2953187205", "28625824", "100075248", "101862635", "165310314", "248087451", "275487712", "307714218", "708455271", "722911409", "724764054", "1064582366", "1207750424", "1251818701", "1265058821", "1406499979", "1782959188", "1880775466", "1935365505", "1976637790", "1978697517", "1982948576", "1990925046", "2005177508", "2033834200", "2037238907", "2038931657", "2039750845", "2041160222", "2053225952", "2059572039", "2065821544", "2071662869", "2071878260", "2085962183", "2086966048", "2089081603", "2098852118", "2098967376", "2100986805", "2108569926", "2109317405", "2113660176", "2118204362"], "publication_5_years": [], "citation_5_years": []}, "industrial_sectors": {"publication_overall": ["cosmetics", "retail", "technology", "telecommunications"], "citation_overall": ["cosmetics", "retail", "technology", "telecommunications"], "publication_10_years": ["cosmetics", "retail", "technology", "telecommunications"], "citation_10_years": ["cosmetics", "retail", "technology", "telecommunications"], "publication_5_years": [], "citation_5_years": []}}