{"name": "Internatioal Conference on Antenna Theory and Techniques", "acronym": "ATT", "type": "conference", "uniqueEntities": {"organizations": {"University of Kharkiv": {"name": "University of Kharkiv", "type": "organization", "organization_type": "Education", "h_index": 13, "h5_index": 10, "num_publications": 5, "num_citations": 9, "num_publications_5y": 0, "num_citations_5y": 9, "num_publications_10y": 5, "num_citations_10y": 9, "publications_years": {"2013": 5}, "citations_years": {"2014": 1, "2015": 4, "2016": 4}, "old_citations": {"2013": 9}, "isVisible": false}, "Moscow Aviation Institute": {"name": "Moscow Aviation Institute", "type": "organization", "organization_type": "Education", "h_index": 11, "h5_index": 6, "num_publications": 2, "num_citations": 0, "num_publications_5y": 0, "num_citations_5y": 0, "num_publications_10y": 2, "num_citations_10y": 0, "publications_years": {"2013": 2}, "citations_years": {}, "old_citations": {"2013": 0}, "isVisible": false}, "National Aviation University": {"name": "National Aviation University", "type": "organization", "organization_type": "Education", "h_index": 8, "h5_index": 6, "num_publications": 1, "num_citations": 1, "num_publications_5y": 0, "num_citations_5y": 1, "num_publications_10y": 1, "num_citations_10y": 1, "publications_years": {"2013": 1}, "citations_years": {"2014": 1}, "old_citations": {"2013": 1}, "isVisible": false}, "Netherlands Institute for Radio Astronomy": {"name": "Netherlands Institute for Radio Astronomy", "type": "organization", "organization_type": "Other", "h_index": 23, "h5_index": 6, "num_publications": 1, "num_citations": 0, "num_publications_5y": 0, "num_citations_5y": 0, "num_publications_10y": 1, "num_citations_10y": 0, "publications_years": {"2013": 1}, "citations_years": {}, "old_citations": {"2013": 0}, "isVisible": false}, "Queen Mary University of London": {"name": "Queen Mary University of London", "type": "organization", "organization_type": "Education", "h_index": 131, "h5_index": 53, "num_publications": 1, "num_citations": 0, "num_publications_5y": 0, "num_citations_5y": 0, "num_publications_10y": 1, "num_citations_10y": 0, "publications_years": {"2013": 1}, "citations_years": {}, "old_citations": {"2013": 0}, "isVisible": false}}, "topics": {"computer science": {"name": "computer science", "type": "topic", "h_index": 1779, "h5_index": 416, "num_publications": 31, "num_citations": 48, "num_publications_5y": 0, "num_citations_5y": 42, "num_publications_10y": 31, "num_citations_10y": 44, "publications_years": {"2013": 31}, "citations_years": {"2017": 6, "2014": 5, "2015": 14, "2016": 15, "2018": 2, "2019": 4, "2013": 2}, "old_citations": {"2013": 48}, "isVisible": false}, "computer systems": {"name": "computer systems", "type": "topic", "h_index": 1595, "h5_index": 367, "num_publications": 31, "num_citations": 48, "num_publications_5y": 0, "num_citations_5y": 42, "num_publications_10y": 31, "num_citations_10y": 44, "publications_years": {"2013": 31}, "citations_years": {"2017": 6, "2014": 5, "2015": 14, "2016": 15, "2018": 2, "2019": 4, "2013": 2}, "old_citations": {"2013": 48}, "isVisible": false}, "engineering": {"name": "engineering", "type": "topic", "h_index": 1177, "h5_index": 287, "num_publications": 31, "num_citations": 48, "num_publications_5y": 0, "num_citations_5y": 42, "num_publications_10y": 31, "num_citations_10y": 44, "publications_years": {"2013": 31}, "citations_years": {"2017": 6, "2014": 5, "2015": 14, "2016": 15, "2018": 2, "2019": 4, "2013": 2}, "old_citations": {"2013": 48}, "isVisible": false}, "communication channels (information theory)": {"name": "communication channels (information theory)", "type": "topic", "h_index": 925, "h5_index": 216, "num_publications": 29, "num_citations": 48, "num_publications_5y": 0, "num_citations_5y": 42, "num_publications_10y": 29, "num_citations_10y": 44, "publications_years": {"2013": 29}, "citations_years": {"2017": 6, "2014": 5, "2015": 14, "2016": 15, "2018": 2, "2019": 4, "2013": 2}, "old_citations": {"2013": 48}, "isVisible": false}, "communication systems": {"name": "communication systems", "type": "topic", "h_index": 1092, "h5_index": 254, "num_publications": 29, "num_citations": 48, "num_publications_5y": 0, "num_citations_5y": 42, "num_publications_10y": 29, "num_citations_10y": 44, "publications_years": {"2013": 29}, "citations_years": {"2017": 6, "2014": 5, "2015": 14, "2016": 15, "2018": 2, "2019": 4, "2013": 2}, "old_citations": {"2013": 48}, "isVisible": false}, "computer networks": {"name": "computer networks", "type": "topic", "h_index": 1262, "h5_index": 332, "num_publications": 29, "num_citations": 48, "num_publications_5y": 0, "num_citations_5y": 42, "num_publications_10y": 29, "num_citations_10y": 44, "publications_years": {"2013": 29}, "citations_years": {"2017": 6, "2014": 5, "2015": 14, "2016": 15, "2018": 2, "2019": 4, "2013": 2}, "old_citations": {"2013": 48}, "isVisible": false}, "signal processing": {"name": "signal processing", "type": "topic", "h_index": 1012, "h5_index": 255, "num_publications": 29, "num_citations": 48, "num_publications_5y": 0, "num_citations_5y": 42, "num_publications_10y": 29, "num_citations_10y": 44, "publications_years": {"2013": 29}, "citations_years": {"2017": 6, "2014": 5, "2015": 14, "2016": 15, "2018": 2, "2019": 4, "2013": 2}, "old_citations": {"2013": 48}, "isVisible": false}, "telecommunication systems": {"name": "telecommunication systems", "type": "topic", "h_index": 1187, "h5_index": 277, "num_publications": 29, "num_citations": 48, "num_publications_5y": 0, "num_citations_5y": 42, "num_publications_10y": 29, "num_citations_10y": 44, "publications_years": {"2013": 29}, "citations_years": {"2017": 6, "2014": 5, "2015": 14, "2016": 15, "2018": 2, "2019": 4, "2013": 2}, "old_citations": {"2013": 48}, "isVisible": false}, "wireless telecommunication systems": {"name": "wireless telecommunication systems", "type": "topic", "h_index": 1087, "h5_index": 254, "num_publications": 29, "num_citations": 48, "num_publications_5y": 0, "num_citations_5y": 42, "num_publications_10y": 29, "num_citations_10y": 44, "publications_years": {"2013": 29}, "citations_years": {"2017": 6, "2014": 5, "2015": 14, "2016": 15, "2018": 2, "2019": 4, "2013": 2}, "old_citations": {"2013": 48}, "isVisible": false}, "antennas": {"name": "antennas", "type": "topic", "h_index": 645, "h5_index": 152, "num_publications": 27, "num_citations": 42, "num_publications_5y": 0, "num_citations_5y": 36, "num_publications_10y": 27, "num_citations_10y": 38, "publications_years": {"2013": 27}, "citations_years": {"2017": 5, "2014": 3, "2015": 13, "2016": 14, "2018": 1, "2019": 4, "2013": 2}, "old_citations": {"2013": 42}, "isVisible": false}, "mathematics": {"name": "mathematics", "type": "topic", "h_index": 1364, "h5_index": 300, "num_publications": 27, "num_citations": 34, "num_publications_5y": 0, "num_citations_5y": 28, "num_publications_10y": 27, "num_citations_10y": 30, "publications_years": {"2013": 27}, "citations_years": {"2017": 5, "2014": 2, "2015": 9, "2016": 11, "2018": 1, "2019": 4, "2013": 2}, "old_citations": {"2013": 34}, "isVisible": false}, "signal to noise ratio": {"name": "signal to noise ratio", "type": "topic", "h_index": 821, "h5_index": 194, "num_publications": 27, "num_citations": 40, "num_publications_5y": 0, "num_citations_5y": 34, "num_publications_10y": 27, "num_citations_10y": 36, "publications_years": {"2013": 27}, "citations_years": {"2017": 6, "2014": 4, "2015": 10, "2016": 12, "2018": 2, "2019": 4, "2013": 2}, "old_citations": {"2013": 40}, "isVisible": false}, "matrix algebra": {"name": "matrix algebra", "type": "topic", "h_index": 771, "h5_index": 183, "num_publications": 25, "num_citations": 32, "num_publications_5y": 0, "num_citations_5y": 26, "num_publications_10y": 25, "num_citations_10y": 28, "publications_years": {"2013": 25}, "citations_years": {"2014": 2, "2015": 8, "2016": 11, "2017": 4, "2018": 1, "2019": 4, "2013": 2}, "old_citations": {"2013": 32}, "isVisible": false}, "antenna arrays": {"name": "antenna arrays", "type": "topic", "h_index": 373, "h5_index": 89, "num_publications": 24, "num_citations": 32, "num_publications_5y": 0, "num_citations_5y": 26, "num_publications_10y": 24, "num_citations_10y": 28, "publications_years": {"2013": 24}, "citations_years": {"2014": 2, "2015": 8, "2016": 11, "2017": 4, "2018": 1, "2019": 4, "2013": 2}, "old_citations": {"2013": 32}, "isVisible": false}, "multiplexing": {"name": "multiplexing", "type": "topic", "h_index": 447, "h5_index": 109, "num_publications": 16, "num_citations": 26, "num_publications_5y": 0, "num_citations_5y": 22, "num_publications_10y": 16, "num_citations_10y": 24, "publications_years": {"2013": 16}, "citations_years": {"2014": 2, "2015": 8, "2016": 10, "2017": 2, "2018": 0, "2019": 2, "2013": 2}, "old_citations": {"2013": 26}, "isVisible": false}, "signal detection": {"name": "signal detection", "type": "topic", "h_index": 720, "h5_index": 185, "num_publications": 16, "num_citations": 28, "num_publications_5y": 0, "num_citations_5y": 26, "num_publications_10y": 16, "num_citations_10y": 28, "publications_years": {"2013": 16}, "citations_years": {"2017": 3, "2014": 3, "2015": 8, "2016": 11, "2018": 1, "2013": 2}, "old_citations": {"2013": 28}, "isVisible": false}, "directional patterns (antenna)": {"name": "directional patterns (antenna)", "type": "topic", "h_index": 259, "h5_index": 75, "num_publications": 15, "num_citations": 17, "num_publications_5y": 0, "num_citations_5y": 14, "num_publications_10y": 15, "num_citations_10y": 15, "publications_years": {"2013": 15}, "citations_years": {"2014": 2, "2015": 5, "2016": 3, "2017": 3, "2018": 1, "2019": 2, "2013": 1}, "old_citations": {"2013": 17}, "isVisible": false}, "probability": {"name": "probability", "type": "topic", "h_index": 918, "h5_index": 211, "num_publications": 15, "num_citations": 22, "num_publications_5y": 0, "num_citations_5y": 20, "num_publications_10y": 15, "num_citations_10y": 22, "publications_years": {"2013": 15}, "citations_years": {"2017": 2, "2014": 1, "2015": 7, "2016": 10, "2013": 2}, "old_citations": {"2013": 22}, "isVisible": false}, "antenna accessories": {"name": "antenna accessories", "type": "topic", "h_index": 199, "h5_index": 54, "num_publications": 14, "num_citations": 25, "num_publications_5y": 0, "num_citations_5y": 21, "num_publications_10y": 14, "num_citations_10y": 23, "publications_years": {"2013": 14}, "citations_years": {"2014": 2, "2015": 7, "2016": 10, "2017": 2, "2018": 0, "2019": 2, "2013": 2}, "old_citations": {"2013": 25}, "isVisible": false}, "bit error rate": {"name": "bit error rate", "type": "topic", "h_index": 619, "h5_index": 143, "num_publications": 14, "num_citations": 22, "num_publications_5y": 0, "num_citations_5y": 20, "num_publications_10y": 14, "num_citations_10y": 22, "publications_years": {"2013": 14}, "citations_years": {"2017": 2, "2014": 1, "2015": 7, "2016": 10, "2013": 2}, "old_citations": {"2013": 22}, "isVisible": false}, "telecommunication networks": {"name": "telecommunication networks", "type": "topic", "h_index": 1116, "h5_index": 258, "num_publications": 13, "num_citations": 39, "num_publications_5y": 0, "num_citations_5y": 35, "num_publications_10y": 13, "num_citations_10y": 37, "publications_years": {"2013": 13}, "citations_years": {"2017": 4, "2014": 4, "2015": 12, "2016": 14, "2018": 1, "2019": 2, "2013": 2}, "old_citations": {"2013": 39}, "isVisible": false}, "bandwidth": {"name": "bandwidth", "type": "topic", "h_index": 922, "h5_index": 201, "num_publications": 9, "num_citations": 34, "num_publications_5y": 0, "num_citations_5y": 28, "num_publications_10y": 9, "num_citations_10y": 30, "publications_years": {"2013": 9}, "citations_years": {"2015": 10, "2016": 13, "2017": 3, "2018": 1, "2019": 4, "2014": 1, "2013": 2}, "old_citations": {"2013": 34}, "isVisible": false}, "telecommunication traffic": {"name": "telecommunication traffic", "type": "topic", "h_index": 1036, "h5_index": 233, "num_publications": 11, "num_citations": 30, "num_publications_5y": 0, "num_citations_5y": 26, "num_publications_10y": 11, "num_citations_10y": 28, "publications_years": {"2013": 11}, "citations_years": {"2017": 2, "2015": 10, "2016": 13, "2018": 0, "2019": 2, "2014": 1, "2013": 2}, "old_citations": {"2013": 30}, "isVisible": false}}, "authors": {"2633738094": {"name": "v v pavlikov", "type": "author", "activity": 13, "h_index": 5, "h5_index": 3, "mag_id": "2633738094", "num_publications": 2, "num_citations": 13, "num_publications_5y": 0, "num_citations_5y": 11, "num_publications_10y": 2, "num_citations_10y": 13, "publications_years": {"2013": 2}, "citations_years": {"2013": 2, "2014": 0, "2015": 3, "2016": 8}, "old_citations": {"2013": 13}, "isVisible": false}, "150384486": {"name": "g p pochanin", "type": "author", "activity": 17, "h_index": 2, "h5_index": 1, "mag_id": "150384486", "num_publications": 1, "num_citations": 2, "num_publications_5y": 0, "num_citations_5y": 2, "num_publications_10y": 1, "num_citations_10y": 2, "publications_years": {"2013": 1}, "citations_years": {"2015": 1, "2016": 1}, "old_citations": {"2013": 2}, "isVisible": false}, "595262790": {"name": "p v kholod", "type": "author", "activity": 6, "h_index": 1, "h5_index": 0, "mag_id": "595262790", "num_publications": 1, "num_citations": 2, "num_publications_5y": 0, "num_citations_5y": 2, "num_publications_10y": 1, "num_citations_10y": 2, "publications_years": {"2013": 1}, "citations_years": {"2015": 1, "2016": 1}, "old_citations": {"2013": 2}, "isVisible": false}, "683195113": {"name": "o m dumin", "type": "author", "activity": 12, "h_index": 2, "h5_index": 1, "mag_id": "683195113", "num_publications": 1, "num_citations": 0, "num_publications_5y": 0, "num_citations_5y": 0, "num_publications_10y": 1, "num_citations_10y": 0, "publications_years": {"2013": 1}, "citations_years": {}, "old_citations": {"2013": 0}, "isVisible": false}, "1218840719": {"name": "d s gubsky", "type": "author", "activity": 7, "h_index": 4, "h5_index": 2, "mag_id": "1218840719", "num_publications": 1, "num_citations": 6, "num_publications_5y": 0, "num_citations_5y": 5, "num_publications_10y": 1, "num_citations_10y": 5, "publications_years": {"2013": 1}, "citations_years": {"2015": 1, "2016": 1, "2017": 2, "2018": 1, "2019": 1}, "old_citations": {"2013": 6}, "isVisible": false}, "1221145395": {"name": "i v mamay", "type": "author", "activity": 7, "h_index": 4, "h5_index": 2, "mag_id": "1221145395", "num_publications": 1, "num_citations": 6, "num_publications_5y": 0, "num_citations_5y": 5, "num_publications_10y": 1, "num_citations_10y": 5, "publications_years": {"2013": 1}, "citations_years": {"2015": 1, "2016": 1, "2017": 2, "2018": 1, "2019": 1}, "old_citations": {"2013": 6}, "isVisible": false}, "1623226313": {"name": "d a savochkin", "type": "author", "activity": 5, "h_index": 2, "h5_index": 1, "mag_id": "1623226313", "num_publications": 1, "num_citations": 6, "num_publications_5y": 0, "num_citations_5y": 6, "num_publications_10y": 1, "num_citations_10y": 6, "publications_years": {"2013": 1}, "citations_years": {"2014": 2, "2015": 1, "2016": 1, "2017": 1, "2018": 1}, "old_citations": {"2013": 6}, "isVisible": false}, "1952082787": {"name": "oleksandr sushko", "type": "author", "activity": 1, "h_index": 0, "h5_index": 0, "mag_id": "1952082787", "num_publications": 1, "num_citations": 0, "num_publications_5y": 0, "num_citations_5y": 0, "num_publications_10y": 1, "num_citations_10y": 0, "publications_years": {"2013": 1}, "citations_years": {}, "old_citations": {"2013": 0}, "isVisible": false}, "1961511701": {"name": "a v lemeshko", "type": "author", "activity": 2, "h_index": 2, "h5_index": 0, "mag_id": "1961511701", "num_publications": 1, "num_citations": 8, "num_publications_5y": 0, "num_citations_5y": 8, "num_publications_10y": 1, "num_citations_10y": 8, "publications_years": {"2013": 1}, "citations_years": {"2014": 1, "2015": 4, "2016": 3}, "old_citations": {"2013": 8}, "isVisible": false}, "1970368011": {"name": "kastriot shala", "type": "author", "activity": 1, "h_index": 0, "h5_index": 0, "mag_id": "1970368011", "num_publications": 1, "num_citations": 0, "num_publications_5y": 0, "num_citations_5y": 0, "num_publications_10y": 1, "num_citations_10y": 0, "publications_years": {"2013": 1}, "citations_years": {}, "old_citations": {"2013": 0}, "isVisible": false}, "1994829072": {"name": "robert s donnan", "type": "author", "activity": 16, "h_index": 2, "h5_index": 0, "mag_id": "1994829072", "num_publications": 1, "num_citations": 0, "num_publications_5y": 0, "num_citations_5y": 0, "num_publications_10y": 1, "num_citations_10y": 0, "publications_years": {"2013": 1}, "citations_years": {}, "old_citations": {"2013": 0}, "isVisible": false}, "2068057758": {"name": "vladimir v denisenko", "type": "author", "activity": 1, "h_index": 0, "h5_index": 0, "mag_id": "2068057758", "num_publications": 1, "num_citations": 0, "num_publications_5y": 0, "num_citations_5y": 0, "num_publications_10y": 1, "num_citations_10y": 0, "publications_years": {"2013": 1}, "citations_years": {}, "old_citations": {"2013": 0}, "isVisible": false}, "2084656640": {"name": "r dubrovka", "type": "author", "activity": 7, "h_index": 1, "h5_index": 0, "mag_id": "2084656640", "num_publications": 1, "num_citations": 0, "num_publications_5y": 0, "num_citations_5y": 0, "num_publications_10y": 1, "num_citations_10y": 0, "publications_years": {"2013": 1}, "citations_years": {}, "old_citations": {"2013": 0}, "isVisible": false}, "2116552142": {"name": "victor filippovich kravchenko", "type": "author", "activity": 25, "h_index": 3, "h5_index": 1, "mag_id": "2116552142", "num_publications": 1, "num_citations": 11, "num_publications_5y": 0, "num_citations_5y": 10, "num_publications_10y": 1, "num_citations_10y": 11, "publications_years": {"2013": 1}, "citations_years": {"2013": 1, "2014": 0, "2015": 2, "2016": 8}, "old_citations": {"2013": 11}, "isVisible": false}, "2156679343": {"name": "sergey garkusha", "type": "author", "activity": 5, "h_index": 4, "h5_index": 0, "mag_id": "2156679343", "num_publications": 1, "num_citations": 8, "num_publications_5y": 0, "num_citations_5y": 8, "num_publications_10y": 1, "num_citations_10y": 8, "publications_years": {"2013": 1}, "citations_years": {"2014": 1, "2015": 4, "2016": 3}, "old_citations": {"2013": 8}, "isVisible": false}, "2218154045": {"name": "v v zemlyakov", "type": "author", "activity": 3, "h_index": 3, "h5_index": 0, "mag_id": "2218154045", "num_publications": 1, "num_citations": 6, "num_publications_5y": 0, "num_citations_5y": 5, "num_publications_10y": 1, "num_citations_10y": 5, "publications_years": {"2013": 1}, "citations_years": {"2015": 1, "2016": 1, "2017": 2, "2018": 1, "2019": 1}, "old_citations": {"2013": 6}, "isVisible": false}, "2222037874": {"name": "v povhlib", "type": "author", "activity": 1, "h_index": 0, "h5_index": 0, "mag_id": "2222037874", "num_publications": 1, "num_citations": 0, "num_publications_5y": 0, "num_citations_5y": 0, "num_publications_10y": 1, "num_citations_10y": 0, "publications_years": {"2013": 1}, "citations_years": {}, "old_citations": {"2013": 0}, "isVisible": false}, "2222257290": {"name": "i ye pochanina", "type": "author", "activity": 1, "h_index": 1, "h5_index": 0, "mag_id": "2222257290", "num_publications": 1, "num_citations": 2, "num_publications_5y": 0, "num_citations_5y": 2, "num_publications_10y": 1, "num_citations_10y": 2, "publications_years": {"2013": 1}, "citations_years": {"2015": 1, "2016": 1}, "old_citations": {"2013": 2}, "isVisible": false}, "2223216183": {"name": "o kobylinskyi", "type": "author", "activity": 1, "h_index": 1, "h5_index": 0, "mag_id": "2223216183", "num_publications": 1, "num_citations": 3, "num_publications_5y": 0, "num_citations_5y": 3, "num_publications_10y": 1, "num_citations_10y": 3, "publications_years": {"2013": 1}, "citations_years": {"2014": 1, "2015": 1, "2016": 0, "2017": 1}, "old_citations": {"2013": 3}, "isVisible": false}, "2224177917": {"name": "m g vitkov", "type": "author", "activity": 1, "h_index": 0, "h5_index": 0, "mag_id": "2224177917", "num_publications": 1, "num_citations": 0, "num_publications_5y": 0, "num_citations_5y": 0, "num_publications_10y": 1, "num_citations_10y": 0, "publications_years": {"2013": 1}, "citations_years": {}, "old_citations": {"2013": 0}, "isVisible": false}, "2224684533": {"name": "p bannykh", "type": "author", "activity": 1, "h_index": 1, "h5_index": 0, "mag_id": "2224684533", "num_publications": 1, "num_citations": 3, "num_publications_5y": 0, "num_citations_5y": 3, "num_publications_10y": 1, "num_citations_10y": 3, "publications_years": {"2013": 1}, "citations_years": {"2014": 1, "2015": 1, "2016": 0, "2017": 1}, "old_citations": {"2013": 3}, "isVisible": false}, "2225729319": {"name": "a a shcherbina", "type": "author", "activity": 1, "h_index": 1, "h5_index": 0, "mag_id": "2225729319", "num_publications": 1, "num_citations": 1, "num_publications_5y": 0, "num_citations_5y": 1, "num_publications_10y": 1, "num_citations_10y": 1, "publications_years": {"2013": 1}, "citations_years": {"2016": 1}, "old_citations": {"2013": 1}, "isVisible": false}, "2225981477": {"name": "a i riabushei", "type": "author", "activity": 1, "h_index": 0, "h5_index": 0, "mag_id": "2225981477", "num_publications": 1, "num_citations": 0, "num_publications_5y": 0, "num_citations_5y": 0, "num_publications_10y": 1, "num_citations_10y": 0, "publications_years": {"2013": 1}, "citations_years": {}, "old_citations": {"2013": 0}, "isVisible": false}, "2226460240": {"name": "a a kravcthenco", "type": "author", "activity": 1, "h_index": 0, "h5_index": 0, "mag_id": "2226460240", "num_publications": 1, "num_citations": 0, "num_publications_5y": 0, "num_citations_5y": 0, "num_publications_10y": 1, "num_citations_10y": 0, "publications_years": {"2013": 1}, "citations_years": {}, "old_citations": {"2013": 0}, "isVisible": false}, "2228142017": {"name": "n v zhuchkova", "type": "author", "activity": 1, "h_index": 1, "h5_index": 0, "mag_id": "2228142017", "num_publications": 1, "num_citations": 1, "num_publications_5y": 0, "num_citations_5y": 1, "num_publications_10y": 1, "num_citations_10y": 1, "publications_years": {"2013": 1}, "citations_years": {"2017": 1}, "old_citations": {"2013": 1}, "isVisible": false}, "2228750395": {"name": "v g lykhograi", "type": "author", "activity": 1, "h_index": 1, "h5_index": 0, "mag_id": "2228750395", "num_publications": 1, "num_citations": 1, "num_publications_5y": 0, "num_citations_5y": 1, "num_publications_10y": 1, "num_citations_10y": 1, "publications_years": {"2013": 1}, "citations_years": {"2016": 1}, "old_citations": {"2013": 1}, "isVisible": false}, "2228791666": {"name": "g f moseitchouk", "type": "author", "activity": 1, "h_index": 0, "h5_index": 0, "mag_id": "2228791666", "num_publications": 1, "num_citations": 0, "num_publications_5y": 0, "num_citations_5y": 0, "num_publications_10y": 1, "num_citations_10y": 0, "publications_years": {"2013": 1}, "citations_years": {}, "old_citations": {"2013": 0}, "isVisible": false}, "2229402616": {"name": "i a yuskevich", "type": "author", "activity": 1, "h_index": 0, "h5_index": 0, "mag_id": "2229402616", "num_publications": 1, "num_citations": 0, "num_publications_5y": 0, "num_citations_5y": 0, "num_publications_10y": 1, "num_citations_10y": 0, "publications_years": {"2013": 1}, "citations_years": {}, "old_citations": {"2013": 0}, "isVisible": false}, "2229640911": {"name": "y v korotetskiy", "type": "author", "activity": 1, "h_index": 0, "h5_index": 0, "mag_id": "2229640911", "num_publications": 1, "num_citations": 0, "num_publications_5y": 0, "num_citations_5y": 0, "num_publications_10y": 1, "num_citations_10y": 0, "publications_years": {"2013": 1}, "citations_years": {}, "old_citations": {"2013": 0}, "isVisible": false}, "2229754986": {"name": "nooh taha nasif", "type": "author", "activity": 2, "h_index": 1, "h5_index": 0, "mag_id": "2229754986", "num_publications": 1, "num_citations": 1, "num_publications_5y": 0, "num_citations_5y": 1, "num_publications_10y": 1, "num_citations_10y": 1, "publications_years": {"2013": 1}, "citations_years": {"2016": 1}, "old_citations": {"2013": 1}, "isVisible": false}, "2230050776": {"name": "p a ageev", "type": "author", "activity": 1, "h_index": 0, "h5_index": 0, "mag_id": "2230050776", "num_publications": 1, "num_citations": 0, "num_publications_5y": 0, "num_citations_5y": 0, "num_publications_10y": 1, "num_citations_10y": 0, "publications_years": {"2013": 1}, "citations_years": {}, "old_citations": {"2013": 0}, "isVisible": false}, "2230285368": {"name": "y a koltunov", "type": "author", "activity": 1, "h_index": 1, "h5_index": 0, "mag_id": "2230285368", "num_publications": 1, "num_citations": 0, "num_publications_5y": 0, "num_citations_5y": 0, "num_publications_10y": 1, "num_citations_10y": 0, "publications_years": {"2013": 1}, "citations_years": {}, "old_citations": {"2013": 0}, "isVisible": false}, "2230468425": {"name": "a a pospelova", "type": "author", "activity": 1, "h_index": 1, "h5_index": 0, "mag_id": "2230468425", "num_publications": 1, "num_citations": 1, "num_publications_5y": 0, "num_citations_5y": 1, "num_publications_10y": 1, "num_citations_10y": 1, "publications_years": {"2013": 1}, "citations_years": {"2015": 1}, "old_citations": {"2013": 1}, "isVisible": false}, "2230940511": {"name": "r r anamova", "type": "author", "activity": 1, "h_index": 0, "h5_index": 0, "mag_id": "2230940511", "num_publications": 1, "num_citations": 0, "num_publications_5y": 0, "num_citations_5y": 0, "num_publications_10y": 1, "num_citations_10y": 0, "publications_years": {"2013": 1}, "citations_years": {}, "old_citations": {"2013": 0}, "isVisible": false}, "2231145428": {"name": "v pochernyaev", "type": "author", "activity": 1, "h_index": 0, "h5_index": 0, "mag_id": "2231145428", "num_publications": 1, "num_citations": 0, "num_publications_5y": 0, "num_citations_5y": 0, "num_publications_10y": 1, "num_citations_10y": 0, "publications_years": {"2013": 1}, "citations_years": {}, "old_citations": {"2013": 0}, "isVisible": false}, "2231707748": {"name": "i v neroda", "type": "author", "activity": 1, "h_index": 0, "h5_index": 0, "mag_id": "2231707748", "num_publications": 1, "num_citations": 0, "num_publications_5y": 0, "num_citations_5y": 0, "num_publications_10y": 1, "num_citations_10y": 0, "publications_years": {"2013": 1}, "citations_years": {}, "old_citations": {"2013": 0}, "isVisible": false}, "2293988544": {"name": "y n ulianov", "type": "author", "activity": 1, "h_index": 1, "h5_index": 0, "mag_id": "2293988544", "num_publications": 1, "num_citations": 1, "num_publications_5y": 0, "num_citations_5y": 1, "num_publications_10y": 1, "num_citations_10y": 1, "publications_years": {"2013": 1}, "citations_years": {"2015": 1}, "old_citations": {"2013": 1}, "isVisible": false}, "2304367445": {"name": "gennady p sinyavsky", "type": "author", "activity": 15, "h_index": 3, "h5_index": 2, "mag_id": "2304367445", "num_publications": 1, "num_citations": 6, "num_publications_5y": 0, "num_citations_5y": 5, "num_publications_10y": 1, "num_citations_10y": 5, "publications_years": {"2013": 1}, "citations_years": {"2015": 1, "2016": 1, "2017": 2, "2018": 1, "2019": 1}, "old_citations": {"2013": 6}, "isVisible": false}, "2305907210": {"name": "e k pozdnyakov", "type": "author", "activity": 1, "h_index": 0, "h5_index": 0, "mag_id": "2305907210", "num_publications": 1, "num_citations": 0, "num_publications_5y": 0, "num_citations_5y": 0, "num_publications_10y": 1, "num_citations_10y": 0, "publications_years": {"2013": 1}, "citations_years": {}, "old_citations": {"2013": 0}, "isVisible": false}, "2397153339": {"name": "v a katrich", "type": "author", "activity": 7, "h_index": 1, "h5_index": 0, "mag_id": "2397153339", "num_publications": 1, "num_citations": 0, "num_publications_5y": 0, "num_citations_5y": 0, "num_publications_10y": 1, "num_citations_10y": 0, "publications_years": {"2013": 1}, "citations_years": {}, "old_citations": {"2013": 0}, "isVisible": false}, "2487217826": {"name": "v g kozlov", "type": "author", "activity": 1, "h_index": 0, "h5_index": 0, "mag_id": "2487217826", "num_publications": 1, "num_citations": 0, "num_publications_5y": 0, "num_citations_5y": 0, "num_publications_10y": 1, "num_citations_10y": 0, "publications_years": {"2013": 1}, "citations_years": {}, "old_citations": {"2013": 0}, "isVisible": false}, "2487468713": {"name": "a a smal", "type": "author", "activity": 1, "h_index": 1, "h5_index": 0, "mag_id": "2487468713", "num_publications": 1, "num_citations": 1, "num_publications_5y": 0, "num_citations_5y": 0, "num_publications_10y": 1, "num_citations_10y": 0, "publications_years": {"2013": 1}, "citations_years": {"2019": 1}, "old_citations": {"2013": 1}, "isVisible": false}, "2490193417": {"name": "v v korotkov", "type": "author", "activity": 1, "h_index": 0, "h5_index": 0, "mag_id": "2490193417", "num_publications": 1, "num_citations": 0, "num_publications_5y": 0, "num_citations_5y": 0, "num_publications_10y": 1, "num_citations_10y": 0, "publications_years": {"2013": 1}, "citations_years": {}, "old_citations": {"2013": 0}, "isVisible": false}, "2490977492": {"name": "g p sinyavsky", "type": "author", "activity": 1, "h_index": 0, "h5_index": 0, "mag_id": "2490977492", "num_publications": 1, "num_citations": 0, "num_publications_5y": 0, "num_citations_5y": 0, "num_publications_10y": 1, "num_citations_10y": 0, "publications_years": {"2013": 1}, "citations_years": {}, "old_citations": {"2013": 0}, "isVisible": false}, "2575240336": {"name": "v i rudakov", "type": "author", "activity": 1, "h_index": 0, "h5_index": 0, "mag_id": "2575240336", "num_publications": 1, "num_citations": 0, "num_publications_5y": 0, "num_citations_5y": 0, "num_publications_10y": 1, "num_citations_10y": 0, "publications_years": {"2013": 1}, "citations_years": {}, "old_citations": {"2013": 0}, "isVisible": false}, "2575536646": {"name": "v i rudakov", "type": "author", "activity": 1, "h_index": 0, "h5_index": 0, "mag_id": "2575536646", "num_publications": 1, "num_citations": 0, "num_publications_5y": 0, "num_citations_5y": 0, "num_publications_10y": 1, "num_citations_10y": 0, "publications_years": {"2013": 1}, "citations_years": {}, "old_citations": {"2013": 0}, "isVisible": false}, "2577762937": {"name": "v n tkachenko", "type": "author", "activity": 1, "h_index": 0, "h5_index": 0, "mag_id": "2577762937", "num_publications": 1, "num_citations": 0, "num_publications_5y": 0, "num_citations_5y": 0, "num_publications_10y": 1, "num_citations_10y": 0, "publications_years": {"2013": 1}, "citations_years": {}, "old_citations": {"2013": 0}, "isVisible": false}, "2612878082": {"name": "v k volosyuk", "type": "author", "activity": 13, "h_index": 4, "h5_index": 2, "mag_id": "2612878082", "num_publications": 1, "num_citations": 11, "num_publications_5y": 0, "num_citations_5y": 10, "num_publications_10y": 1, "num_citations_10y": 11, "publications_years": {"2013": 1}, "citations_years": {"2013": 1, "2014": 0, "2015": 2, "2016": 8}, "old_citations": {"2013": 11}, "isVisible": false}, "2635978462": {"name": "v a petrov", "type": "author", "activity": 1, "h_index": 0, "h5_index": 0, "mag_id": "2635978462", "num_publications": 1, "num_citations": 0, "num_publications_5y": 0, "num_citations_5y": 0, "num_publications_10y": 1, "num_citations_10y": 0, "publications_years": {"2013": 1}, "citations_years": {}, "old_citations": {"2013": 0}, "isVisible": false}, "2636572443": {"name": "yu b gimpilevich", "type": "author", "activity": 1, "h_index": 1, "h5_index": 0, "mag_id": "2636572443", "num_publications": 1, "num_citations": 6, "num_publications_5y": 0, "num_citations_5y": 6, "num_publications_10y": 1, "num_citations_10y": 6, "publications_years": {"2013": 1}, "citations_years": {"2014": 2, "2015": 1, "2016": 1, "2017": 1, "2018": 1}, "old_citations": {"2013": 6}, "isVisible": false}, "2640047772": {"name": "t m loftus", "type": "author", "activity": 1, "h_index": 0, "h5_index": 0, "mag_id": "2640047772", "num_publications": 1, "num_citations": 0, "num_publications_5y": 0, "num_citations_5y": 0, "num_publications_10y": 1, "num_citations_10y": 0, "publications_years": {"2013": 1}, "citations_years": {}, "old_citations": {"2013": 0}, "isVisible": false}, "2642289723": {"name": "a a orlenko", "type": "author", "activity": 1, "h_index": 1, "h5_index": 0, "mag_id": "2642289723", "num_publications": 1, "num_citations": 2, "num_publications_5y": 0, "num_citations_5y": 2, "num_publications_10y": 1, "num_citations_10y": 2, "publications_years": {"2013": 1}, "citations_years": {"2015": 1, "2016": 1}, "old_citations": {"2013": 2}, "isVisible": false}, "2642979573": {"name": "a a iaremenko", "type": "author", "activity": 1, "h_index": 1, "h5_index": 0, "mag_id": "2642979573", "num_publications": 1, "num_citations": 3, "num_publications_5y": 0, "num_citations_5y": 3, "num_publications_10y": 1, "num_citations_10y": 3, "publications_years": {"2013": 1}, "citations_years": {"2014": 1, "2015": 1, "2016": 0, "2017": 1}, "old_citations": {"2013": 3}, "isVisible": false}, "2646338372": {"name": "v p bunakov", "type": "author", "activity": 1, "h_index": 0, "h5_index": 0, "mag_id": "2646338372", "num_publications": 1, "num_citations": 0, "num_publications_5y": 0, "num_citations_5y": 0, "num_publications_10y": 1, "num_citations_10y": 0, "publications_years": {"2013": 1}, "citations_years": {}, "old_citations": {"2013": 0}, "isVisible": false}, "2648339318": {"name": "m b protsenko", "type": "author", "activity": 1, "h_index": 1, "h5_index": 0, "mag_id": "2648339318", "num_publications": 1, "num_citations": 3, "num_publications_5y": 0, "num_citations_5y": 3, "num_publications_10y": 1, "num_citations_10y": 3, "publications_years": {"2013": 1}, "citations_years": {"2014": 1, "2015": 1, "2016": 0, "2017": 1}, "old_citations": {"2013": 3}, "isVisible": false}, "2656926626": {"name": "o v bondarenko", "type": "author", "activity": 1, "h_index": 0, "h5_index": 0, "mag_id": "2656926626", "num_publications": 1, "num_citations": 0, "num_publications_5y": 0, "num_citations_5y": 0, "num_publications_10y": 1, "num_citations_10y": 0, "publications_years": {"2013": 1}, "citations_years": {}, "old_citations": {"2013": 0}, "isVisible": false}, "2659712917": {"name": "v i vetrov", "type": "author", "activity": 1, "h_index": 1, "h5_index": 0, "mag_id": "2659712917", "num_publications": 1, "num_citations": 1, "num_publications_5y": 0, "num_citations_5y": 1, "num_publications_10y": 1, "num_citations_10y": 1, "publications_years": {"2013": 1}, "citations_years": {"2015": 1}, "old_citations": {"2013": 1}, "isVisible": false}, "2661358029": {"name": "yu i choni", "type": "author", "activity": 1, "h_index": 0, "h5_index": 0, "mag_id": "2661358029", "num_publications": 1, "num_citations": 0, "num_publications_5y": 0, "num_citations_5y": 0, "num_publications_10y": 1, "num_citations_10y": 0, "publications_years": {"2013": 1}, "citations_years": {}, "old_citations": {"2013": 0}, "isVisible": false}, "2671180123": {"name": "a a rodionov", "type": "author", "activity": 1, "h_index": 0, "h5_index": 0, "mag_id": "2671180123", "num_publications": 1, "num_citations": 0, "num_publications_5y": 0, "num_citations_5y": 0, "num_publications_10y": 1, "num_citations_10y": 0, "publications_years": {"2013": 1}, "citations_years": {}, "old_citations": {"2013": 0}, "isVisible": false}, "2673424888": {"name": "v l misailov", "type": "author", "activity": 1, "h_index": 1, "h5_index": 0, "mag_id": "2673424888", "num_publications": 1, "num_citations": 1, "num_publications_5y": 0, "num_citations_5y": 1, "num_publications_10y": 1, "num_citations_10y": 1, "publications_years": {"2013": 1}, "citations_years": {"2015": 1}, "old_citations": {"2013": 1}, "isVisible": false}, "2674768657": {"name": "v s skvortsov", "type": "author", "activity": 1, "h_index": 1, "h5_index": 0, "mag_id": "2674768657", "num_publications": 1, "num_citations": 1, "num_publications_5y": 0, "num_citations_5y": 1, "num_publications_10y": 1, "num_citations_10y": 1, "publications_years": {"2013": 1}, "citations_years": {"2015": 1}, "old_citations": {"2013": 1}, "isVisible": false}, "2676239169": {"name": "a m shitikov", "type": "author", "activity": 1, "h_index": 0, "h5_index": 0, "mag_id": "2676239169", "num_publications": 1, "num_citations": 0, "num_publications_5y": 0, "num_citations_5y": 0, "num_publications_10y": 1, "num_citations_10y": 0, "publications_years": {"2013": 1}, "citations_years": {}, "old_citations": {"2013": 0}, "isVisible": false}, "2687985635": {"name": "v s vovchenko", "type": "author", "activity": 1, "h_index": 1, "h5_index": 0, "mag_id": "2687985635", "num_publications": 1, "num_citations": 1, "num_publications_5y": 0, "num_citations_5y": 1, "num_publications_10y": 1, "num_citations_10y": 1, "publications_years": {"2013": 1}, "citations_years": {"2016": 1}, "old_citations": {"2013": 1}, "isVisible": false}, "2689351442": {"name": "v v kudriashov", "type": "author", "activity": 1, "h_index": 0, "h5_index": 0, "mag_id": "2689351442", "num_publications": 1, "num_citations": 0, "num_publications_5y": 0, "num_citations_5y": 0, "num_publications_10y": 1, "num_citations_10y": 0, "publications_years": {"2013": 1}, "citations_years": {}, "old_citations": {"2013": 0}, "isVisible": false}, "2690003772": {"name": "k a lukin", "type": "author", "activity": 1, "h_index": 0, "h5_index": 0, "mag_id": "2690003772", "num_publications": 1, "num_citations": 0, "num_publications_5y": 0, "num_citations_5y": 0, "num_publications_10y": 1, "num_citations_10y": 0, "publications_years": {"2013": 1}, "citations_years": {}, "old_citations": {"2013": 0}, "isVisible": false}, "2690402086": {"name": "o l shilyaeva", "type": "author", "activity": 1, "h_index": 0, "h5_index": 0, "mag_id": "2690402086", "num_publications": 1, "num_citations": 0, "num_publications_5y": 0, "num_citations_5y": 0, "num_publications_10y": 1, "num_citations_10y": 0, "publications_years": {"2013": 1}, "citations_years": {}, "old_citations": {"2013": 0}, "isVisible": false}, "2699396208": {"name": "a s ivanenkov", "type": "author", "activity": 1, "h_index": 0, "h5_index": 0, "mag_id": "2699396208", "num_publications": 1, "num_citations": 0, "num_publications_5y": 0, "num_citations_5y": 0, "num_publications_10y": 1, "num_citations_10y": 0, "publications_years": {"2013": 1}, "citations_years": {}, "old_citations": {"2013": 0}, "isVisible": false}, "2699726636": {"name": "bin yang", "type": "author", "activity": 2, "h_index": 1, "h5_index": 0, "mag_id": "2699726636", "num_publications": 1, "num_citations": 0, "num_publications_5y": 0, "num_citations_5y": 0, "num_publications_10y": 1, "num_citations_10y": 0, "publications_years": {"2013": 1}, "citations_years": {}, "old_citations": {"2013": 0}, "isVisible": false}, "2700098847": {"name": "m v rozhnovskiy", "type": "author", "activity": 1, "h_index": 1, "h5_index": 0, "mag_id": "2700098847", "num_publications": 1, "num_citations": 3, "num_publications_5y": 0, "num_citations_5y": 3, "num_publications_10y": 1, "num_citations_10y": 3, "publications_years": {"2013": 1}, "citations_years": {"2014": 1, "2015": 1, "2016": 0, "2017": 1}, "old_citations": {"2013": 3}, "isVisible": false}, "2700924775": {"name": "v a loshakov", "type": "author", "activity": 1, "h_index": 0, "h5_index": 0, "mag_id": "2700924775", "num_publications": 1, "num_citations": 0, "num_publications_5y": 0, "num_citations_5y": 0, "num_publications_10y": 1, "num_citations_10y": 0, "publications_years": {"2013": 1}, "citations_years": {}, "old_citations": {"2013": 0}, "isVisible": false}, "2702808154": {"name": "e a sukachev", "type": "author", "activity": 1, "h_index": 1, "h5_index": 0, "mag_id": "2702808154", "num_publications": 1, "num_citations": 1, "num_publications_5y": 0, "num_citations_5y": 1, "num_publications_10y": 1, "num_citations_10y": 1, "publications_years": {"2013": 1}, "citations_years": {"2015": 1}, "old_citations": {"2013": 1}, "isVisible": false}, "2706896620": {"name": "a i sinani", "type": "author", "activity": 1, "h_index": 0, "h5_index": 0, "mag_id": "2706896620", "num_publications": 1, "num_citations": 0, "num_publications_5y": 0, "num_citations_5y": 0, "num_publications_10y": 1, "num_citations_10y": 0, "publications_years": {"2013": 1}, "citations_years": {}, "old_citations": {"2013": 0}, "isVisible": false}, "2715637873": {"name": "n g maksimova", "type": "author", "activity": 1, "h_index": 1, "h5_index": 0, "mag_id": "2715637873", "num_publications": 1, "num_citations": 1, "num_publications_5y": 0, "num_citations_5y": 1, "num_publications_10y": 1, "num_citations_10y": 1, "publications_years": {"2013": 1}, "citations_years": {"2015": 1}, "old_citations": {"2013": 1}, "isVisible": false}, "2721561870": {"name": "a a golovin", "type": "author", "activity": 1, "h_index": 0, "h5_index": 0, "mag_id": "2721561870", "num_publications": 1, "num_citations": 0, "num_publications_5y": 0, "num_citations_5y": 0, "num_publications_10y": 1, "num_citations_10y": 0, "publications_years": {"2013": 1}, "citations_years": {}, "old_citations": {"2013": 0}, "isVisible": false}, "2734836434": {"name": "volodymyr astapenya", "type": "author", "activity": 7, "h_index": 3, "h5_index": 2, "mag_id": "2734836434", "num_publications": 1, "num_citations": 4, "num_publications_5y": 0, "num_citations_5y": 2, "num_publications_10y": 1, "num_citations_10y": 2, "publications_years": {"2013": 1}, "citations_years": {"2015": 1, "2016": 0, "2017": 1, "2018": 0, "2019": 2}, "old_citations": {"2013": 4}, "isVisible": false}, "2754479186": {"name": "s a masalov", "type": "author", "activity": 6, "h_index": 1, "h5_index": 0, "mag_id": "2754479186", "num_publications": 1, "num_citations": 2, "num_publications_5y": 0, "num_citations_5y": 2, "num_publications_10y": 1, "num_citations_10y": 2, "publications_years": {"2013": 1}, "citations_years": {"2015": 1, "2016": 1}, "old_citations": {"2013": 2}, "isVisible": false}, "2779361410": {"name": "o o bezvesilniy", "type": "author", "activity": 1, "h_index": 0, "h5_index": 0, "mag_id": "2779361410", "num_publications": 1, "num_citations": 0, "num_publications_5y": 0, "num_citations_5y": 0, "num_publications_10y": 1, "num_citations_10y": 0, "publications_years": {"2013": 1}, "citations_years": {}, "old_citations": {"2013": 0}, "isVisible": false}, "2780825908": {"name": "d m vavriv", "type": "author", "activity": 1, "h_index": 0, "h5_index": 0, "mag_id": "2780825908", "num_publications": 1, "num_citations": 0, "num_publications_5y": 0, "num_citations_5y": 0, "num_publications_10y": 1, "num_citations_10y": 0, "publications_years": {"2013": 1}, "citations_years": {}, "old_citations": {"2013": 0}, "isVisible": false}, "2950756792": {"name": "volodymyr sokolov", "type": "author", "activity": 7, "h_index": 1, "h5_index": 0, "mag_id": "2950756792", "num_publications": 1, "num_citations": 4, "num_publications_5y": 0, "num_citations_5y": 2, "num_publications_10y": 1, "num_citations_10y": 2, "publications_years": {"2013": 1}, "citations_years": {"2015": 1, "2016": 0, "2017": 1, "2018": 0, "2019": 2}, "old_citations": {"2013": 4}, "isVisible": false}, "2973445270": {"name": "l y ilnitskiy", "type": "author", "activity": 1, "h_index": 1, "h5_index": 0, "mag_id": "2973445270", "num_publications": 1, "num_citations": 1, "num_publications_5y": 0, "num_citations_5y": 1, "num_publications_10y": 1, "num_citations_10y": 1, "publications_years": {"2013": 1}, "citations_years": {"2014": 1}, "old_citations": {"2013": 1}, "isVisible": false}, "2974711432": {"name": "o a shcherbyna", "type": "author", "activity": 1, "h_index": 1, "h5_index": 0, "mag_id": "2974711432", "num_publications": 1, "num_citations": 1, "num_publications_5y": 0, "num_citations_5y": 1, "num_publications_10y": 1, "num_citations_10y": 1, "publications_years": {"2013": 1}, "citations_years": {"2014": 1}, "old_citations": {"2013": 1}, "isVisible": false}}, "countries": {"Ukraine": {"name": "Ukraine", "type": "country", "h5_index": 16, "num_publications": 6, "num_citations": 10, "num_publications_5y": 0, "num_citations_5y": 10, "num_publications_10y": 6, "num_citations_10y": 10, "publications_years": {"2013": 6}, "citations_years": {"2014": 2, "2015": 4, "2016": 4}, "old_citations": {"2013": 10}, "isVisible": false}, "Russia": {"name": "Russia", "type": "country", "h5_index": 45, "num_publications": 2, "num_citations": 0, "num_publications_5y": 0, "num_citations_5y": 0, "num_publications_10y": 2, "num_citations_10y": 0, "publications_years": {"2013": 2}, "citations_years": {}, "old_citations": {"2013": 0}, "isVisible": false}, "Netherlands": {"name": "Netherlands", "type": "country", "h5_index": 91, "num_publications": 1, "num_citations": 0, "num_publications_5y": 0, "num_citations_5y": 0, "num_publications_10y": 1, "num_citations_10y": 0, "publications_years": {"2013": 1}, "citations_years": {}, "old_citations": {"2013": 0}, "isVisible": false}, "United Kingdom": {"name": "United Kingdom", "type": "country", "h5_index": 172, "num_publications": 1, "num_citations": 0, "num_publications_5y": 0, "num_citations_5y": 0, "num_publications_10y": 1, "num_citations_10y": 0, "publications_years": {"2013": 1}, "citations_years": {}, "old_citations": {"2013": 0}, "isVisible": false}}}, "conference_comparison": {"computer science": {}}, "topics_dna": {"publications": {}, "citations": {"normalized": {}, "average": {}}}, "info": {"num_publications": 31, "num_citations": 48.0, "impact_factor": {}, "publications_years": {"2013": 31}, "citations_years": {"2013": 2, "2014": 5, "2015": 14, "2016": 15, "2017": 6, "2018": 2, "2019": 4}, "old_citations": {"2013": 48}, "h5_index": 0}, "percentile": {"computer science": {"2013": 57}}, "conference_ranking": {"computer science": {"2013": 1815}}, "academia": {"num_publications": 8, "num_citations": 10, "publications_years": {"2013": 8}, "old_citations": {"2013": 10}, "num_publications_5y": 0, "num_citations_5y": 0, "num_publications_10y": 8, "num_citations_10y": 10}, "industry": {"num_publications": 0, "num_citations": 0, "publications_years": {}, "old_citations": {}, "num_publications_5y": 0, "num_citations_5y": 0, "num_publications_10y": 0, "num_citations_10y": 0}, "collaborative": {"num_publications": 0, "num_citations": 0, "publications_years": {}, "old_citations": {}, "num_publications_5y": 0, "num_citations_5y": 0, "num_publications_10y": 0, "num_citations_10y": 0}, "conferences": {}, "journals": {}, "organizations": {"publication_overall": ["University of Kharkiv", "Moscow Aviation Institute", "National Aviation University", "Netherlands Institute for Radio Astronomy", "Queen Mary University of London"], "citation_overall": ["University of Kharkiv", "National Aviation University", "Moscow Aviation Institute", "Netherlands Institute for Radio Astronomy", "Queen Mary University of London"], "publication_10_years": ["University of Kharkiv", "Moscow Aviation Institute", "National Aviation University", "Netherlands Institute for Radio Astronomy", "Queen Mary University of London"], "citation_10_years": ["University of Kharkiv", "National Aviation University", "Moscow Aviation Institute", "Netherlands Institute for Radio Astronomy", "Queen Mary University of London"], "publication_5_years": [], "citation_5_years": []}, "countries": {"publication_overall": ["Ukraine", "Russia", "Netherlands", "United Kingdom"], "citation_overall": ["Ukraine", "Netherlands", "Russia", "United Kingdom"], "publication_10_years": ["Ukraine", "Russia", "Netherlands", "United Kingdom"], "citation_10_years": ["Ukraine", "Netherlands", "Russia", "United Kingdom"], "publication_5_years": [], "citation_5_years": []}, "topics": {"publication_overall": ["computer science", "computer systems", "engineering", "communication channels (information theory)", "communication systems", "computer networks", "signal processing", "telecommunication systems", "wireless telecommunication systems", "antennas", "mathematics", "signal to noise ratio", "matrix algebra", "antenna arrays", "multiplexing", "signal detection", "directional patterns (antenna)", "probability", "antenna accessories", "bit error rate"], "citation_overall": ["communication channels (information theory)", "communication systems", "computer networks", "computer science", "computer systems", "engineering", "signal processing", "telecommunication systems", "wireless telecommunication systems", "antennas", "signal to noise ratio", "telecommunication networks", "bandwidth", "mathematics", "antenna arrays", "matrix algebra", "telecommunication traffic", "signal detection", "multiplexing", "antenna accessories"], "publication_10_years": ["computer science", "computer systems", "engineering", "communication channels (information theory)", "communication systems", "computer networks", "signal processing", "telecommunication systems", "wireless telecommunication systems", "antennas", "mathematics", "signal to noise ratio", "matrix algebra", "antenna arrays", "multiplexing", "signal detection", "directional patterns (antenna)", "probability", "antenna accessories", "bit error rate"], "citation_10_years": ["communication channels (information theory)", "communication systems", "computer networks", "computer science", "computer systems", "engineering", "signal processing", "telecommunication systems", "wireless telecommunication systems", "antennas", "signal to noise ratio", "telecommunication networks", "bandwidth", "mathematics", "antenna arrays", "matrix algebra", "telecommunication traffic", "signal detection", "multiplexing", "antenna accessories"], "publication_5_years": [], "citation_5_years": []}, "main_topics": ["computer science"], "authors": {"publication_overall": ["2633738094", "150384486", "595262790", "683195113", "1218840719", "1221145395", "1623226313", "1952082787", "1961511701", "1970368011", "1994829072", "2068057758", "2084656640", "2116552142", "2156679343", "2218154045", "2222037874", "2222257290", "2223216183", "2224177917", "2224684533", "2225729319", "2225981477", "2226460240", "2228142017", "2228750395", "2228791666", "2229402616", "2229640911", "2229754986", "2230050776", "2230285368", "2230468425", "2230940511", "2231145428", "2231707748", "2293988544", "2304367445", "2305907210", "2397153339", "2487217826", "2487468713", "2490193417", "2490977492", "2575240336", "2575536646", "2577762937", "2612878082", "2635978462", "2636572443", "2640047772", "2642289723", "2642979573", "2646338372", "2648339318", "2656926626", "2659712917", "2661358029", "2671180123", "2673424888", "2674768657", "2676239169", "2687985635", "2689351442", "2690003772", "2690402086", "2699396208", "2699726636", "2700098847", "2700924775", "2702808154", "2706896620", "2715637873", "2721561870", "2734836434", "2754479186", "2779361410", "2780825908", "2950756792", "2973445270", "2974711432"], "citation_overall": ["2633738094", "2116552142", "2612878082", "1961511701", "2156679343", "1218840719", "1221145395", "1623226313", "2218154045", "2304367445", "2636572443", "2734836434", "2950756792", "2223216183", "2224684533", "2642979573", "2648339318", "2700098847", "150384486", "595262790", "2222257290", "2642289723", "2754479186", "2225729319", "2228142017", "2228750395", "2229754986", "2230468425", "2293988544", "2487468713", "2659712917", "2673424888", "2674768657", "2687985635", "2702808154", "2715637873", "2973445270", "2974711432", "683195113", "1952082787", "1970368011", "1994829072", "2068057758", "2084656640", "2222037874", "2224177917", "2225981477", "2226460240", "2228791666", "2229402616", "2229640911", "2230050776", "2230285368", "2230940511", "2231145428", "2231707748", "2305907210", "2397153339", "2487217826", "2490193417", "2490977492", "2575240336", "2575536646", "2577762937", "2635978462", "2640047772", "2646338372", "2656926626", "2661358029", "2671180123", "2676239169", "2689351442", "2690003772", "2690402086", "2699396208", "2699726636", "2700924775", "2706896620", "2721561870", "2779361410", "2780825908"], "publication_10_years": ["2633738094", "150384486", "595262790", "683195113", "1218840719", "1221145395", "1623226313", "1952082787", "1961511701", "1970368011", "1994829072", "2068057758", "2084656640", "2116552142", "2156679343", "2218154045", "2222037874", "2222257290", "2223216183", "2224177917", "2224684533", "2225729319", "2225981477", "2226460240", "2228142017", "2228750395", "2228791666", "2229402616", "2229640911", "2229754986", "2230050776", "2230285368", "2230468425", "2230940511", "2231145428", "2231707748", "2293988544", "2304367445", "2305907210", "2397153339", "2487217826", "2487468713", "2490193417", "2490977492", "2575240336", "2575536646", "2577762937", "2612878082", "2635978462", "2636572443", "2640047772", "2642289723", "2642979573", "2646338372", "2648339318", "2656926626", "2659712917", "2661358029", "2671180123", "2673424888", "2674768657", "2676239169", "2687985635", "2689351442", "2690003772", "2690402086", "2699396208", "2699726636", "2700098847", "2700924775", "2702808154", "2706896620", "2715637873", "2721561870", "2734836434", "2754479186", "2779361410", "2780825908", "2950756792", "2973445270", "2974711432"], "citation_10_years": ["2633738094", "2116552142", "2612878082", "1961511701", "2156679343", "1218840719", "1221145395", "1623226313", "2218154045", "2304367445", "2636572443", "2734836434", "2950756792", "2223216183", "2224684533", "2642979573", "2648339318", "2700098847", "150384486", "595262790", "2222257290", "2642289723", "2754479186", "2225729319", "2228142017", "2228750395", "2229754986", "2230468425", "2293988544", "2487468713", "2659712917", "2673424888", "2674768657", "2687985635", "2702808154", "2715637873", "2973445270", "2974711432", "683195113", "1952082787", "1970368011", "1994829072", "2068057758", "2084656640", "2222037874", "2224177917", "2225981477", "2226460240", "2228791666", "2229402616", "2229640911", "2230050776", "2230285368", "2230940511", "2231145428", "2231707748", "2305907210", "2397153339", "2487217826", "2490193417", "2490977492", "2575240336", "2575536646", "2577762937", "2635978462", "2640047772", "2646338372", "2656926626", "2661358029", "2671180123", "2676239169", "2689351442", "2690003772", "2690402086", "2699396208", "2699726636", "2700924775", "2706896620", "2721561870", "2779361410", "2780825908"], "publication_5_years": [], "citation_5_years": []}, "industrial_sectors": {"publication_overall": [], "citation_overall": [], "publication_10_years": [], "citation_10_years": [], "publication_5_years": [], "citation_5_years": []}}