{"name": "International Workshop Automated Verification Critical Systems", "acronym": "AVOCS", "type": "conference", "uniqueEntities": {"organizations": {"French Institute for Research in Computer Science and Automation": {"name": "French Institute for Research in Computer Science and Automation", "type": "organization", "organization_type": "Government", "h_index": 247, "h5_index": 53, "num_publications": 4, "num_citations": 25, "num_publications_5y": 1, "num_citations_5y": 18, "num_publications_10y": 3, "num_citations_10y": 23, "publications_years": {"2009": 1, "2010": 1, "2007": 1, "2014": 1}, "citations_years": {"2010": 1, "2011": 0, "2012": 3, "2013": 1, "2014": 5, "2015": 6, "2016": 3, "2017": 3, "2018": 1, "2019": 2}, "old_citations": {"2009": 0, "2010": 11, "2007": 2, "2014": 12}, "isVisible": false}, "Aalborg University": {"name": "Aalborg University", "type": "organization", "organization_type": "Education", "h_index": 132, "h5_index": 41, "num_publications": 2, "num_citations": 15, "num_publications_5y": 2, "num_citations_5y": 12, "num_publications_10y": 2, "num_citations_10y": 12, "publications_years": {"2014": 2}, "citations_years": {"2014": 3, "2015": 4, "2016": 2, "2017": 2, "2018": 1, "2019": 3}, "old_citations": {"2014": 15}, "isVisible": false}, "ETH Zurich": {"name": "ETH Zurich", "type": "organization", "organization_type": "Education", "h_index": 222, "h5_index": 81, "num_publications": 2, "num_citations": 15, "num_publications_5y": 0, "num_citations_5y": 9, "num_publications_10y": 2, "num_citations_10y": 15, "publications_years": {"2012": 1, "2010": 1}, "citations_years": {"2012": 3, "2013": 2, "2014": 4, "2015": 3, "2016": 1, "2017": 0, "2018": 1, "2011": 1}, "old_citations": {"2012": 11, "2010": 4}, "isVisible": false}, "KU Leuven": {"name": "KU Leuven", "type": "organization", "organization_type": "Education", "h_index": 183, "h5_index": 52, "num_publications": 2, "num_citations": 11, "num_publications_5y": 0, "num_citations_5y": 4, "num_publications_10y": 2, "num_citations_10y": 10, "publications_years": {"2011": 2}, "citations_years": {"2010": 1, "2011": 1, "2012": 1, "2013": 3, "2014": 2, "2015": 1, "2016": 0, "2017": 0, "2018": 1, "2019": 0, "2020": 1}, "old_citations": {"2011": 11}, "isVisible": false}, "Newcastle University": {"name": "Newcastle University", "type": "organization", "organization_type": "Education", "h_index": 85, "h5_index": 37, "num_publications": 2, "num_citations": 18, "num_publications_5y": 0, "num_citations_5y": 9, "num_publications_10y": 2, "num_citations_10y": 17, "publications_years": {"2012": 1, "2011": 1}, "citations_years": {"2012": 3, "2013": 4, "2014": 4, "2015": 3, "2016": 1, "2017": 0, "2018": 1, "2010": 1, "2011": 0, "2019": 0, "2020": 1}, "old_citations": {"2012": 11, "2011": 7}, "isVisible": false}, "University of Milan": {"name": "University of Milan", "type": "organization", "organization_type": "Education", "h_index": 110, "h5_index": 26, "num_publications": 2, "num_citations": 13, "num_publications_5y": 1, "num_citations_5y": 10, "num_publications_10y": 2, "num_citations_10y": 13, "publications_years": {"2010": 1, "2014": 1}, "citations_years": {"2010": 1, "2011": 0, "2012": 1, "2013": 1, "2014": 3, "2015": 2, "2016": 2, "2017": 3}, "old_citations": {"2010": 11, "2014": 2}, "isVisible": false}, "University of Queensland": {"name": "University of Queensland", "type": "organization", "organization_type": "Education", "h_index": 125, "h5_index": 41, "num_publications": 2, "num_citations": 22, "num_publications_5y": 0, "num_citations_5y": 9, "num_publications_10y": 2, "num_citations_10y": 21, "publications_years": {"2011": 1, "2013": 1}, "citations_years": {"2012": 6, "2013": 6, "2014": 7, "2015": 1, "2016": 0, "2017": 0, "2018": 1, "2019": 1}, "old_citations": {"2011": 11, "2013": 11}, "isVisible": false}, "Armstrong Atlantic State University": {"name": "Armstrong Atlantic State University", "type": "organization", "organization_type": "Education", "h_index": 14, "h5_index": 1, "num_publications": 1, "num_citations": 11, "num_publications_5y": 0, "num_citations_5y": 2, "num_publications_10y": 0, "num_citations_10y": 11, "publications_years": {"2007": 1}, "citations_years": {"2009": 2, "2010": 3, "2011": 0, "2012": 1, "2013": 3, "2014": 1, "2015": 0, "2016": 0, "2017": 1}, "old_citations": {"2007": 11}, "isVisible": false}, "Australian National University": {"name": "Australian National University", "type": "organization", "organization_type": "Education", "h_index": 144, "h5_index": 58, "num_publications": 1, "num_citations": 20, "num_publications_5y": 0, "num_citations_5y": 2, "num_publications_10y": 0, "num_citations_10y": 15, "publications_years": {"2007": 1}, "citations_years": {"2006": 5, "2007": 0, "2008": 0, "2009": 2, "2010": 2, "2011": 3, "2012": 4, "2013": 2, "2014": 0, "2015": 1, "2016": 1}, "old_citations": {"2007": 20}, "isVisible": false}, "Brno University of Technology": {"name": "Brno University of Technology", "type": "organization", "organization_type": "Education", "h_index": 62, "h5_index": 22, "num_publications": 1, "num_citations": 3, "num_publications_5y": 0, "num_citations_5y": 1, "num_publications_10y": 0, "num_citations_10y": 1, "publications_years": {"2007": 1}, "citations_years": {"2007": 2, "2008": 0, "2009": 0, "2010": 0, "2011": 0, "2012": 0, "2013": 0, "2014": 0, "2015": 1}, "old_citations": {"2007": 3}, "isVisible": false}, "Chalmers University of Technology": {"name": "Chalmers University of Technology", "type": "organization", "organization_type": "Education", "h_index": 117, "h5_index": 35, "num_publications": 1, "num_citations": 3, "num_publications_5y": 1, "num_citations_5y": 2, "num_publications_10y": 1, "num_citations_10y": 2, "publications_years": {"2015": 1}, "citations_years": {"2017": 2, "2018": 0, "2019": 1}, "old_citations": {"2015": 3}, "isVisible": false}, "Halmstad University": {"name": "Halmstad University", "type": "organization", "organization_type": "Education", "h_index": 41, "h5_index": 16, "num_publications": 1, "num_citations": 12, "num_publications_5y": 1, "num_citations_5y": 10, "num_publications_10y": 1, "num_citations_10y": 10, "publications_years": {"2014": 1}, "citations_years": {"2015": 2, "2016": 3, "2017": 4, "2018": 1, "2019": 2}, "old_citations": {"2014": 12}, "isVisible": false}, "Imperial College London": {"name": "Imperial College London", "type": "organization", "organization_type": "Education", "h_index": 180, "h5_index": 75, "num_publications": 1, "num_citations": 7, "num_publications_5y": 0, "num_citations_5y": 1, "num_publications_10y": 0, "num_citations_10y": 2, "publications_years": {"2007": 1}, "citations_years": {"2007": 3, "2008": 2, "2009": 1, "2010": 0, "2011": 0, "2012": 0, "2013": 0, "2014": 0, "2015": 1}, "old_citations": {"2007": 7}, "isVisible": false}, "Karlsruhe Institute of Technology": {"name": "Karlsruhe Institute of Technology", "type": "organization", "organization_type": "Education", "h_index": 156, "h5_index": 37, "num_publications": 1, "num_citations": 0, "num_publications_5y": 1, "num_citations_5y": 0, "num_publications_10y": 1, "num_citations_10y": 0, "publications_years": {"2014": 1}, "citations_years": {}, "old_citations": {"2014": 0}, "isVisible": false}, "Microsoft (United States)": {"name": "Microsoft (United States)", "type": "organization", "organization_type": "Company", "h_index": 460, "h5_index": 116, "num_publications": 1, "num_citations": 8, "num_publications_5y": 0, "num_citations_5y": 8, "num_publications_10y": 1, "num_citations_10y": 8, "publications_years": {"2012": 1}, "citations_years": {"2014": 1, "2015": 3, "2016": 3, "2017": 0, "2018": 1}, "old_citations": {"2012": 8}, "isVisible": false}, "National University of C\u00f3rdoba": {"name": "National University of C\u00f3rdoba", "type": "organization", "organization_type": "Education", "h_index": 24, "h5_index": 10, "num_publications": 1, "num_citations": 20, "num_publications_5y": 0, "num_citations_5y": 2, "num_publications_10y": 0, "num_citations_10y": 15, "publications_years": {"2007": 1}, "citations_years": {"2006": 5, "2007": 0, "2008": 0, "2009": 2, "2010": 2, "2011": 3, "2012": 4, "2013": 2, "2014": 0, "2015": 1, "2016": 1}, "old_citations": {"2007": 20}, "isVisible": false}, "National University of Singapore": {"name": "National University of Singapore", "type": "organization", "organization_type": "Education", "h_index": 219, "h5_index": 81, "num_publications": 1, "num_citations": 4, "num_publications_5y": 1, "num_citations_5y": 2, "num_publications_10y": 1, "num_citations_10y": 2, "publications_years": {"2015": 1}, "citations_years": {"2016": 2, "2017": 0, "2018": 0, "2019": 1, "2020": 1}, "old_citations": {"2015": 4}, "isVisible": false}, "Radboud University Nijmegen": {"name": "Radboud University Nijmegen", "type": "organization", "organization_type": "Education", "h_index": 104, "h5_index": 36, "num_publications": 1, "num_citations": 4, "num_publications_5y": 0, "num_citations_5y": 2, "num_publications_10y": 1, "num_citations_10y": 4, "publications_years": {"2011": 1}, "citations_years": {"2011": 1, "2012": 0, "2013": 1, "2014": 1, "2015": 0, "2016": 0, "2017": 0, "2018": 1}, "old_citations": {"2011": 4}, "isVisible": false}, "Universita della Svizzera Italiana": {"name": "Universita della Svizzera Italiana", "type": "organization", "organization_type": "Education", "h_index": 81, "h5_index": 33, "num_publications": 1, "num_citations": 11, "num_publications_5y": 0, "num_citations_5y": 8, "num_publications_10y": 1, "num_citations_10y": 11, "publications_years": {"2010": 1}, "citations_years": {"2010": 1, "2011": 0, "2012": 1, "2013": 1, "2014": 3, "2015": 2, "2016": 1, "2017": 2}, "old_citations": {"2010": 11}, "isVisible": false}, "University of Bergamo": {"name": "University of Bergamo", "type": "organization", "organization_type": "Education", "h_index": 32, "h5_index": 11, "num_publications": 1, "num_citations": 2, "num_publications_5y": 1, "num_citations_5y": 2, "num_publications_10y": 1, "num_citations_10y": 2, "publications_years": {"2014": 1}, "citations_years": {"2016": 1, "2017": 1}, "old_citations": {"2014": 2}, "isVisible": false}, "University of Cambridge": {"name": "University of Cambridge", "type": "organization", "organization_type": "Education", "h_index": 250, "h5_index": 62, "num_publications": 1, "num_citations": 15, "num_publications_5y": 0, "num_citations_5y": 3, "num_publications_10y": 0, "num_citations_10y": 10, "publications_years": {"2007": 1}, "citations_years": {"2006": 1, "2007": 1, "2008": 2, "2009": 3, "2010": 0, "2011": 2, "2012": 1, "2013": 1, "2014": 1, "2015": 2, "2016": 0, "2017": 0, "2018": 0, "2019": 1}, "old_citations": {"2007": 15}, "isVisible": false}, "University of Edinburgh": {"name": "University of Edinburgh", "type": "organization", "organization_type": "Education", "h_index": 198, "h5_index": 57, "num_publications": 1, "num_citations": 10, "num_publications_5y": 1, "num_citations_5y": 5, "num_publications_10y": 1, "num_citations_10y": 5, "publications_years": {"2015": 1}, "citations_years": {"2017": 2, "2018": 3, "2019": 4, "2020": 1}, "old_citations": {"2015": 10}, "isVisible": false}, "University of Oxford": {"name": "University of Oxford", "type": "organization", "organization_type": "Education", "h_index": 245, "h5_index": 88, "num_publications": 1, "num_citations": 11, "num_publications_5y": 0, "num_citations_5y": 2, "num_publications_10y": 0, "num_citations_10y": 11, "publications_years": {"2007": 1}, "citations_years": {"2009": 2, "2010": 3, "2011": 0, "2012": 1, "2013": 3, "2014": 1, "2015": 0, "2016": 0, "2017": 1}, "old_citations": {"2007": 11}, "isVisible": false}, "University of Sheffield": {"name": "University of Sheffield", "type": "organization", "organization_type": "Education", "h_index": 135, "h5_index": 40, "num_publications": 1, "num_citations": 11, "num_publications_5y": 0, "num_citations_5y": 5, "num_publications_10y": 1, "num_citations_10y": 11, "publications_years": {"2013": 1}, "citations_years": {"2012": 1, "2013": 5, "2014": 4, "2015": 1}, "old_citations": {"2013": 11}, "isVisible": false}, "University of Southampton": {"name": "University of Southampton", "type": "organization", "organization_type": "Education", "h_index": 148, "h5_index": 38, "num_publications": 1, "num_citations": 11, "num_publications_5y": 0, "num_citations_5y": 7, "num_publications_10y": 1, "num_citations_10y": 11, "publications_years": {"2012": 1}, "citations_years": {"2012": 2, "2013": 2, "2014": 3, "2015": 2, "2016": 1, "2017": 0, "2018": 1}, "old_citations": {"2012": 11}, "isVisible": false}, "University of Surrey": {"name": "University of Surrey", "type": "organization", "organization_type": "Education", "h_index": 116, "h5_index": 43, "num_publications": 1, "num_citations": 4, "num_publications_5y": 0, "num_citations_5y": 1, "num_publications_10y": 0, "num_citations_10y": 4, "publications_years": {"2007": 1}, "citations_years": {"2010": 1, "2011": 0, "2012": 2, "2013": 0, "2014": 1}, "old_citations": {"2007": 4}, "isVisible": false}, "University of Turin": {"name": "University of Turin", "type": "organization", "organization_type": "Education", "h_index": 71, "h5_index": 26, "num_publications": 1, "num_citations": 2, "num_publications_5y": 1, "num_citations_5y": 1, "num_publications_10y": 1, "num_citations_10y": 1, "publications_years": {"2014": 1}, "citations_years": {"2015": 1, "2016": 0, "2017": 0, "2018": 0, "2019": 1}, "old_citations": {"2014": 2}, "isVisible": false}, "University of Twente": {"name": "University of Twente", "type": "organization", "organization_type": "Education", "h_index": 122, "h5_index": 27, "num_publications": 1, "num_citations": 7, "num_publications_5y": 0, "num_citations_5y": 5, "num_publications_10y": 1, "num_citations_10y": 7, "publications_years": {"2012": 1}, "citations_years": {"2013": 2, "2014": 2, "2015": 1, "2016": 0, "2017": 1, "2018": 1}, "old_citations": {"2012": 7}, "isVisible": false}, "University of Utah": {"name": "University of Utah", "type": "organization", "organization_type": "Education", "h_index": 145, "h5_index": 34, "num_publications": 1, "num_citations": 15, "num_publications_5y": 0, "num_citations_5y": 3, "num_publications_10y": 0, "num_citations_10y": 10, "publications_years": {"2007": 1}, "citations_years": {"2006": 1, "2007": 1, "2008": 2, "2009": 3, "2010": 0, "2011": 2, "2012": 1, "2013": 1, "2014": 1, "2015": 2, "2016": 0, "2017": 0, "2018": 0, "2019": 1}, "old_citations": {"2007": 15}, "isVisible": false}, "University of Warwick": {"name": "University of Warwick", "type": "organization", "organization_type": "Education", "h_index": 110, "h5_index": 40, "num_publications": 1, "num_citations": 11, "num_publications_5y": 0, "num_citations_5y": 2, "num_publications_10y": 0, "num_citations_10y": 11, "publications_years": {"2007": 1}, "citations_years": {"2009": 2, "2010": 3, "2011": 0, "2012": 1, "2013": 3, "2014": 1, "2015": 0, "2016": 0, "2017": 1}, "old_citations": {"2007": 11}, "isVisible": false}, "\u00c9cole Normale Sup\u00e9rieure": {"name": "\u00c9cole Normale Sup\u00e9rieure", "type": "organization", "organization_type": "Other", "h_index": 189, "h5_index": 38, "num_publications": 1, "num_citations": 0, "num_publications_5y": 0, "num_citations_5y": 0, "num_publications_10y": 1, "num_citations_10y": 0, "publications_years": {"2010": 1}, "citations_years": {}, "old_citations": {"2010": 0}, "isVisible": false}}, "topics": {"computer science": {"name": "computer science", "type": "topic", "h_index": 1779, "h5_index": 416, "num_publications": 32, "num_citations": 194, "num_publications_5y": 11, "num_citations_5y": 91, "num_publications_10y": 24, "num_citations_10y": 158, "publications_years": {"2011": 3, "2012": 4, "2015": 4, "2007": 7, "2014": 6, "2009": 1, "2010": 4, "2018": 1, "2006": 1, "2013": 1}, "citations_years": {"2012": 21, "2013": 21, "2014": 25, "2015": 25, "2016": 15, "2017": 15, "2018": 11, "2019": 16, "2020": 3, "2006": 6, "2007": 6, "2008": 5, "2009": 8, "2010": 8, "2011": 9}, "old_citations": {"2011": 22, "2012": 26, "2015": 18, "2007": 62, "2014": 31, "2009": 0, "2010": 21, "2018": 2, "2006": 1, "2013": 11}, "isVisible": false}, "software engineering": {"name": "software engineering", "type": "topic", "h_index": 964, "h5_index": 236, "num_publications": 31, "num_citations": 179, "num_publications_5y": 11, "num_citations_5y": 88, "num_publications_10y": 24, "num_citations_10y": 148, "publications_years": {"2011": 3, "2012": 4, "2015": 4, "2007": 6, "2014": 6, "2009": 1, "2010": 4, "2018": 1, "2006": 1, "2013": 1}, "citations_years": {"2012": 20, "2013": 20, "2014": 24, "2015": 23, "2016": 15, "2017": 15, "2018": 11, "2019": 15, "2020": 3, "2006": 5, "2007": 5, "2008": 3, "2009": 5, "2010": 8, "2011": 7}, "old_citations": {"2011": 22, "2012": 26, "2015": 18, "2007": 47, "2014": 31, "2009": 0, "2010": 21, "2018": 2, "2006": 1, "2013": 11}, "isVisible": false}, "computer systems": {"name": "computer systems", "type": "topic", "h_index": 1595, "h5_index": 367, "num_publications": 30, "num_citations": 187, "num_publications_5y": 10, "num_citations_5y": 87, "num_publications_10y": 22, "num_citations_10y": 152, "publications_years": {"2011": 3, "2012": 4, "2015": 3, "2007": 7, "2014": 6, "2009": 1, "2010": 3, "2018": 1, "2006": 1, "2013": 1}, "citations_years": {"2012": 20, "2013": 21, "2014": 24, "2015": 24, "2016": 15, "2017": 13, "2018": 11, "2019": 15, "2020": 3, "2006": 6, "2007": 6, "2008": 5, "2009": 8, "2010": 8, "2011": 8}, "old_citations": {"2011": 22, "2012": 26, "2015": 15, "2007": 62, "2014": 31, "2009": 0, "2010": 17, "2018": 2, "2006": 1, "2013": 11}, "isVisible": false}, "software design": {"name": "software design", "type": "topic", "h_index": 907, "h5_index": 227, "num_publications": 30, "num_citations": 168, "num_publications_5y": 11, "num_citations_5y": 84, "num_publications_10y": 23, "num_citations_10y": 138, "publications_years": {"2012": 4, "2015": 4, "2007": 6, "2014": 6, "2009": 1, "2011": 2, "2010": 4, "2018": 1, "2006": 1, "2013": 1}, "citations_years": {"2013": 19, "2014": 21, "2015": 23, "2016": 15, "2017": 15, "2018": 10, "2019": 14, "2020": 3, "2006": 5, "2007": 5, "2008": 3, "2009": 5, "2010": 8, "2011": 7, "2012": 15}, "old_citations": {"2012": 26, "2015": 18, "2007": 47, "2014": 31, "2009": 0, "2011": 11, "2010": 21, "2018": 2, "2006": 1, "2013": 11}, "isVisible": false}, "artificial intelligence": {"name": "artificial intelligence", "type": "topic", "h_index": 1421, "h5_index": 373, "num_publications": 27, "num_citations": 162, "num_publications_5y": 8, "num_citations_5y": 72, "num_publications_10y": 19, "num_citations_10y": 136, "publications_years": {"2011": 3, "2012": 3, "2007": 7, "2014": 5, "2009": 1, "2010": 3, "2015": 2, "2018": 1, "2006": 1, "2013": 1}, "citations_years": {"2012": 21, "2013": 20, "2014": 23, "2015": 20, "2016": 10, "2017": 12, "2018": 7, "2019": 8, "2006": 6, "2007": 6, "2008": 5, "2009": 8, "2010": 8, "2011": 7, "2020": 1}, "old_citations": {"2011": 22, "2012": 26, "2007": 62, "2014": 19, "2009": 0, "2010": 15, "2015": 4, "2018": 2, "2006": 1, "2013": 11}, "isVisible": false}, "software architecture": {"name": "software architecture", "type": "topic", "h_index": 821, "h5_index": 210, "num_publications": 26, "num_citations": 158, "num_publications_5y": 9, "num_citations_5y": 78, "num_publications_10y": 19, "num_citations_10y": 130, "publications_years": {"2012": 4, "2015": 3, "2007": 6, "2014": 5, "2009": 1, "2011": 2, "2010": 2, "2018": 1, "2006": 1, "2013": 1}, "citations_years": {"2013": 19, "2014": 19, "2015": 22, "2016": 15, "2017": 12, "2018": 10, "2019": 12, "2020": 3, "2006": 5, "2007": 5, "2008": 3, "2009": 5, "2010": 8, "2011": 6, "2012": 14}, "old_citations": {"2012": 26, "2015": 15, "2007": 47, "2014": 28, "2009": 0, "2011": 11, "2010": 17, "2018": 2, "2006": 1, "2013": 11}, "isVisible": false}, "embedded systems": {"name": "embedded systems", "type": "topic", "h_index": 799, "h5_index": 168, "num_publications": 25, "num_citations": 150, "num_publications_5y": 9, "num_citations_5y": 79, "num_publications_10y": 19, "num_citations_10y": 130, "publications_years": {"2011": 3, "2012": 3, "2007": 5, "2014": 6, "2009": 1, "2010": 2, "2018": 1, "2015": 2, "2006": 1, "2013": 1}, "citations_years": {"2012": 16, "2013": 19, "2014": 24, "2015": 22, "2016": 14, "2017": 11, "2018": 8, "2019": 11, "2006": 1, "2007": 3, "2008": 3, "2009": 5, "2010": 6, "2011": 5, "2020": 2}, "old_citations": {"2011": 22, "2012": 26, "2007": 35, "2014": 31, "2009": 0, "2010": 17, "2018": 2, "2015": 5, "2006": 1, "2013": 11}, "isVisible": false}, "formal logic": {"name": "formal logic", "type": "topic", "h_index": 532, "h5_index": 93, "num_publications": 24, "num_citations": 157, "num_publications_5y": 5, "num_citations_5y": 69, "num_publications_10y": 16, "num_citations_10y": 133, "publications_years": {"2011": 3, "2012": 3, "2007": 7, "2009": 1, "2010": 3, "2015": 2, "2006": 1, "2014": 3, "2013": 1}, "citations_years": {"2012": 21, "2013": 20, "2014": 22, "2015": 20, "2016": 10, "2017": 11, "2018": 6, "2019": 6, "2006": 6, "2007": 6, "2008": 5, "2009": 8, "2010": 8, "2011": 7, "2020": 1}, "old_citations": {"2011": 22, "2012": 26, "2007": 62, "2009": 0, "2010": 15, "2015": 4, "2006": 1, "2014": 16, "2013": 11}, "isVisible": false}, "architecting": {"name": "architecting", "type": "topic", "h_index": 522, "h5_index": 97, "num_publications": 21, "num_citations": 119, "num_publications_5y": 7, "num_citations_5y": 69, "num_publications_10y": 16, "num_citations_10y": 107, "publications_years": {"2012": 3, "2007": 4, "2014": 5, "2009": 1, "2011": 2, "2010": 2, "2015": 2, "2006": 1, "2013": 1}, "citations_years": {"2013": 17, "2014": 19, "2015": 20, "2016": 14, "2017": 10, "2018": 6, "2009": 2, "2010": 6, "2011": 3, "2012": 10, "2019": 7, "2020": 2, "2008": 1, "2007": 2}, "old_citations": {"2012": 26, "2007": 20, "2014": 28, "2009": 0, "2011": 11, "2010": 17, "2015": 5, "2006": 1, "2013": 11}, "isVisible": false}, "architecture verification and validation": {"name": "architecture verification and validation", "type": "topic", "h_index": 434, "h5_index": 78, "num_publications": 21, "num_citations": 119, "num_publications_5y": 7, "num_citations_5y": 69, "num_publications_10y": 16, "num_citations_10y": 107, "publications_years": {"2012": 3, "2007": 4, "2014": 5, "2009": 1, "2011": 2, "2010": 2, "2015": 2, "2006": 1, "2013": 1}, "citations_years": {"2013": 17, "2014": 19, "2015": 20, "2016": 14, "2017": 10, "2018": 6, "2009": 2, "2010": 6, "2011": 3, "2012": 10, "2019": 7, "2020": 2, "2008": 1, "2007": 2}, "old_citations": {"2012": 26, "2007": 20, "2014": 28, "2009": 0, "2011": 11, "2010": 17, "2015": 5, "2006": 1, "2013": 11}, "isVisible": false}, "model checking": {"name": "model checking", "type": "topic", "h_index": 433, "h5_index": 77, "num_publications": 21, "num_citations": 119, "num_publications_5y": 7, "num_citations_5y": 69, "num_publications_10y": 16, "num_citations_10y": 107, "publications_years": {"2012": 3, "2007": 4, "2014": 5, "2009": 1, "2011": 2, "2010": 2, "2015": 2, "2006": 1, "2013": 1}, "citations_years": {"2013": 17, "2014": 19, "2015": 20, "2016": 14, "2017": 10, "2018": 6, "2009": 2, "2010": 6, "2011": 3, "2012": 10, "2019": 7, "2020": 2, "2008": 1, "2007": 2}, "old_citations": {"2012": 26, "2007": 20, "2014": 28, "2009": 0, "2011": 11, "2010": 17, "2015": 5, "2006": 1, "2013": 11}, "isVisible": false}, "software quality": {"name": "software quality", "type": "topic", "h_index": 534, "h5_index": 122, "num_publications": 21, "num_citations": 109, "num_publications_5y": 9, "num_citations_5y": 53, "num_publications_10y": 17, "num_citations_10y": 83, "publications_years": {"2015": 4, "2007": 4, "2014": 5, "2009": 1, "2011": 2, "2010": 4, "2012": 1}, "citations_years": {"2017": 12, "2018": 6, "2019": 11, "2020": 3, "2006": 5, "2007": 5, "2008": 2, "2009": 3, "2010": 4, "2011": 7, "2012": 9, "2013": 7, "2014": 8, "2015": 15, "2016": 12}, "old_citations": {"2015": 18, "2007": 32, "2014": 19, "2009": 0, "2011": 11, "2010": 21, "2012": 8}, "isVisible": false}, "computer programming": {"name": "computer programming", "type": "topic", "h_index": 873, "h5_index": 186, "num_publications": 20, "num_citations": 118, "num_publications_5y": 5, "num_citations_5y": 52, "num_publications_10y": 14, "num_citations_10y": 95, "publications_years": {"2011": 3, "2015": 1, "2007": 5, "2014": 3, "2009": 1, "2012": 3, "2010": 2, "2018": 1, "2006": 1}, "citations_years": {"2012": 15, "2013": 11, "2014": 14, "2015": 13, "2016": 8, "2017": 8, "2018": 9, "2019": 11, "2020": 2, "2006": 1, "2007": 4, "2008": 5, "2009": 6, "2010": 5, "2011": 6}, "old_citations": {"2011": 22, "2015": 10, "2007": 39, "2014": 15, "2009": 0, "2012": 19, "2010": 10, "2018": 2, "2006": 1}, "isVisible": false}, "theoretical computer science": {"name": "theoretical computer science", "type": "topic", "h_index": 883, "h5_index": 203, "num_publications": 20, "num_citations": 105, "num_publications_5y": 8, "num_citations_5y": 64, "num_publications_10y": 17, "num_citations_10y": 93, "publications_years": {"2011": 2, "2012": 3, "2009": 1, "2007": 2, "2010": 2, "2015": 3, "2014": 5, "2006": 1, "2013": 1}, "citations_years": {"2012": 14, "2013": 12, "2014": 19, "2015": 17, "2016": 12, "2017": 10, "2018": 6, "2019": 9, "2010": 2, "2011": 1, "2020": 2, "2008": 1}, "old_citations": {"2011": 18, "2012": 26, "2009": 0, "2007": 6, "2010": 4, "2015": 8, "2014": 31, "2006": 1, "2013": 11}, "isVisible": false}, "verification and validation": {"name": "verification and validation", "type": "topic", "h_index": 462, "h5_index": 112, "num_publications": 20, "num_citations": 99, "num_publications_5y": 8, "num_citations_5y": 48, "num_publications_10y": 16, "num_citations_10y": 78, "publications_years": {"2007": 4, "2014": 5, "2009": 1, "2011": 2, "2010": 4, "2012": 1, "2015": 3}, "citations_years": {"2006": 5, "2007": 5, "2008": 2, "2009": 3, "2010": 4, "2011": 7, "2012": 9, "2013": 7, "2014": 8, "2015": 15, "2016": 12, "2017": 10, "2018": 3, "2019": 7, "2020": 2}, "old_citations": {"2007": 32, "2014": 19, "2009": 0, "2011": 11, "2010": 21, "2012": 8, "2015": 8}, "isVisible": false}, "computer hardware": {"name": "computer hardware", "type": "topic", "h_index": 1150, "h5_index": 279, "num_publications": 19, "num_citations": 140, "num_publications_5y": 7, "num_citations_5y": 69, "num_publications_10y": 14, "num_citations_10y": 116, "publications_years": {"2011": 2, "2012": 3, "2007": 5, "2014": 5, "2010": 2, "2018": 1, "2015": 1}, "citations_years": {"2012": 18, "2013": 12, "2014": 18, "2015": 21, "2016": 14, "2017": 9, "2018": 7, "2019": 11, "2006": 6, "2007": 3, "2008": 2, "2009": 5, "2010": 5, "2011": 7, "2020": 2}, "old_citations": {"2011": 18, "2012": 26, "2007": 44, "2014": 29, "2010": 17, "2018": 2, "2015": 4}, "isVisible": false}, "verification": {"name": "verification", "type": "topic", "h_index": 381, "h5_index": 85, "num_publications": 19, "num_citations": 88, "num_publications_5y": 8, "num_citations_5y": 40, "num_publications_10y": 15, "num_citations_10y": 67, "publications_years": {"2007": 4, "2014": 5, "2009": 1, "2011": 2, "2010": 3, "2012": 1, "2015": 3}, "citations_years": {"2006": 5, "2007": 5, "2008": 2, "2009": 3, "2010": 3, "2011": 7, "2012": 8, "2013": 6, "2014": 5, "2015": 13, "2016": 11, "2017": 8, "2018": 3, "2019": 7, "2020": 2}, "old_citations": {"2007": 32, "2014": 19, "2009": 0, "2011": 11, "2010": 10, "2012": 8, "2015": 8}, "isVisible": false}, "distributed computer systems": {"name": "distributed computer systems", "type": "topic", "h_index": 985, "h5_index": 228, "num_publications": 18, "num_citations": 119, "num_publications_5y": 5, "num_citations_5y": 54, "num_publications_10y": 14, "num_citations_10y": 89, "publications_years": {"2012": 3, "2015": 2, "2007": 4, "2009": 1, "2011": 2, "2010": 3, "2014": 3}, "citations_years": {"2013": 10, "2014": 12, "2015": 18, "2016": 10, "2017": 7, "2018": 7, "2019": 11, "2020": 3, "2006": 6, "2007": 6, "2008": 4, "2009": 6, "2010": 4, "2011": 8, "2012": 7}, "old_citations": {"2012": 15, "2015": 14, "2007": 45, "2009": 0, "2011": 11, "2010": 17, "2014": 17}, "isVisible": false}, "formal languages and automata theory": {"name": "formal languages and automata theory", "type": "topic", "h_index": 546, "h5_index": 122, "num_publications": 18, "num_citations": 104, "num_publications_5y": 7, "num_citations_5y": 63, "num_publications_10y": 15, "num_citations_10y": 92, "publications_years": {"2011": 2, "2012": 3, "2009": 1, "2007": 2, "2010": 1, "2015": 2, "2014": 5, "2006": 1, "2013": 1}, "citations_years": {"2012": 14, "2013": 12, "2014": 19, "2015": 16, "2016": 12, "2017": 10, "2018": 6, "2019": 9, "2010": 2, "2011": 1, "2020": 2, "2008": 1}, "old_citations": {"2011": 18, "2012": 26, "2009": 0, "2007": 6, "2010": 4, "2015": 7, "2014": 31, "2006": 1, "2013": 11}, "isVisible": false}, "linguistics": {"name": "linguistics", "type": "topic", "h_index": 867, "h5_index": 206, "num_publications": 18, "num_citations": 109, "num_publications_5y": 6, "num_citations_5y": 62, "num_publications_10y": 14, "num_citations_10y": 92, "publications_years": {"2011": 2, "2012": 3, "2009": 1, "2007": 3, "2010": 1, "2015": 2, "2014": 4, "2006": 1, "2013": 1}, "citations_years": {"2012": 14, "2013": 12, "2014": 19, "2015": 17, "2016": 11, "2017": 9, "2018": 6, "2019": 9, "2010": 2, "2011": 1, "2020": 2, "2007": 3, "2008": 3, "2009": 1}, "old_citations": {"2011": 18, "2012": 26, "2009": 0, "2007": 13, "2010": 4, "2015": 7, "2014": 29, "2006": 1, "2013": 11}, "isVisible": false}, "engineering": {"name": "engineering", "type": "topic", "h_index": 1177, "h5_index": 287, "num_publications": 15, "num_citations": 116, "num_publications_5y": 7, "num_citations_5y": 53, "num_publications_10y": 11, "num_citations_10y": 95, "publications_years": {"2011": 2, "2007": 4, "2014": 5, "2012": 1, "2010": 1, "2018": 1, "2015": 1}, "citations_years": {"2012": 18, "2013": 9, "2014": 15, "2015": 15, "2016": 10, "2017": 8, "2018": 5, "2019": 10, "2006": 6, "2007": 1, "2008": 2, "2009": 5, "2010": 5, "2011": 5, "2020": 2}, "old_citations": {"2011": 18, "2007": 41, "2014": 29, "2012": 11, "2010": 11, "2018": 2, "2015": 4}, "isVisible": false}, "computer programming languages": {"name": "computer programming languages", "type": "topic", "h_index": 746, "h5_index": 154, "num_publications": 15, "num_citations": 107, "num_publications_5y": 2, "num_citations_5y": 47, "num_publications_10y": 10, "num_citations_10y": 86, "publications_years": {"2011": 3, "2015": 1, "2007": 4, "2009": 1, "2012": 3, "2010": 1, "2006": 1, "2014": 1}, "citations_years": {"2012": 12, "2013": 11, "2014": 12, "2015": 12, "2016": 8, "2017": 7, "2018": 8, "2019": 9, "2020": 2, "2006": 1, "2007": 4, "2008": 5, "2009": 6, "2010": 5, "2011": 5}, "old_citations": {"2011": 22, "2015": 10, "2007": 37, "2009": 0, "2012": 19, "2010": 6, "2006": 1, "2014": 12}, "isVisible": false}, "formal languages": {"name": "formal languages", "type": "topic", "h_index": 475, "h5_index": 93, "num_publications": 16, "num_citations": 98, "num_publications_5y": 5, "num_citations_5y": 59, "num_publications_10y": 13, "num_citations_10y": 88, "publications_years": {"2011": 2, "2012": 3, "2009": 1, "2007": 2, "2010": 1, "2015": 1, "2014": 4, "2006": 1, "2013": 1}, "citations_years": {"2012": 14, "2013": 12, "2014": 19, "2015": 16, "2016": 9, "2017": 9, "2018": 6, "2019": 8, "2010": 2, "2011": 1, "2020": 1, "2008": 1}, "old_citations": {"2011": 18, "2012": 26, "2009": 0, "2007": 6, "2010": 4, "2015": 3, "2014": 29, "2006": 1, "2013": 11}, "isVisible": false}, "object oriented programming": {"name": "object oriented programming", "type": "topic", "h_index": 636, "h5_index": 129, "num_publications": 14, "num_citations": 85, "num_publications_5y": 5, "num_citations_5y": 45, "num_publications_10y": 11, "num_citations_10y": 69, "publications_years": {"2011": 3, "2015": 1, "2014": 3, "2012": 2, "2007": 3, "2010": 1, "2018": 1}, "citations_years": {"2012": 13, "2013": 6, "2014": 12, "2015": 10, "2016": 7, "2017": 7, "2018": 9, "2019": 9, "2020": 2, "2010": 2, "2011": 2, "2007": 3, "2008": 2, "2009": 1}, "old_citations": {"2011": 22, "2015": 10, "2014": 15, "2012": 19, "2007": 13, "2010": 4, "2018": 2}, "isVisible": false}, "architecture designs": {"name": "architecture designs", "type": "topic", "h_index": 483, "h5_index": 145, "num_publications": 2, "num_citations": 9, "num_publications_5y": 1, "num_citations_5y": 6, "num_publications_10y": 2, "num_citations_10y": 8, "publications_years": {"2012": 1, "2018": 1}, "citations_years": {"2013": 2, "2014": 2, "2015": 1, "2016": 0, "2017": 1, "2018": 2, "2019": 1}, "old_citations": {"2012": 7, "2018": 2}, "isVisible": false}, "authentication": {"name": "authentication", "type": "topic", "h_index": 615, "h5_index": 135, "num_publications": 3, "num_citations": 13, "num_publications_5y": 1, "num_citations_5y": 8, "num_publications_10y": 3, "num_citations_10y": 12, "publications_years": {"2012": 1, "2011": 1, "2018": 1}, "citations_years": {"2013": 3, "2014": 3, "2015": 1, "2016": 0, "2017": 1, "2018": 3, "2011": 1, "2012": 0, "2019": 1}, "old_citations": {"2012": 7, "2011": 4, "2018": 2}, "isVisible": false}, "classifiers": {"name": "classifiers", "type": "topic", "h_index": 607, "h5_index": 162, "num_publications": 1, "num_citations": 2, "num_publications_5y": 1, "num_citations_5y": 1, "num_publications_10y": 1, "num_citations_10y": 1, "publications_years": {"2018": 1}, "citations_years": {"2018": 1, "2019": 1}, "old_citations": {"2018": 2}, "isVisible": false}, "computer networks": {"name": "computer networks", "type": "topic", "h_index": 1262, "h5_index": 332, "num_publications": 11, "num_citations": 91, "num_publications_5y": 4, "num_citations_5y": 51, "num_publications_10y": 10, "num_citations_10y": 78, "publications_years": {"2011": 1, "2012": 2, "2007": 1, "2010": 3, "2018": 1, "2014": 3}, "citations_years": {"2012": 10, "2013": 7, "2014": 11, "2015": 15, "2016": 11, "2017": 8, "2018": 6, "2019": 8, "2006": 5, "2007": 0, "2008": 0, "2009": 2, "2010": 3, "2011": 5}, "old_citations": {"2011": 11, "2012": 15, "2007": 20, "2010": 17, "2018": 2, "2014": 26}, "isVisible": false}, "computer security": {"name": "computer security", "type": "topic", "h_index": 977, "h5_index": 220, "num_publications": 5, "num_citations": 33, "num_publications_5y": 2, "num_citations_5y": 26, "num_publications_10y": 5, "num_citations_10y": 30, "publications_years": {"2012": 2, "2011": 1, "2018": 1, "2014": 1}, "citations_years": {"2013": 3, "2014": 4, "2015": 6, "2016": 6, "2017": 5, "2018": 5, "2011": 1, "2012": 0, "2019": 3}, "old_citations": {"2012": 15, "2011": 4, "2018": 2, "2014": 12}, "isVisible": false}, "cryptography": {"name": "cryptography", "type": "topic", "h_index": 761, "h5_index": 179, "num_publications": 4, "num_citations": 21, "num_publications_5y": 1, "num_citations_5y": 16, "num_publications_10y": 4, "num_citations_10y": 20, "publications_years": {"2012": 2, "2011": 1, "2018": 1}, "citations_years": {"2013": 3, "2014": 4, "2015": 4, "2016": 3, "2017": 1, "2018": 4, "2011": 1, "2012": 0, "2019": 1}, "old_citations": {"2012": 15, "2011": 4, "2018": 2}, "isVisible": false}, "cryptology": {"name": "cryptology", "type": "topic", "h_index": 761, "h5_index": 179, "num_publications": 4, "num_citations": 21, "num_publications_5y": 1, "num_citations_5y": 16, "num_publications_10y": 4, "num_citations_10y": 20, "publications_years": {"2012": 2, "2011": 1, "2018": 1}, "citations_years": {"2013": 3, "2014": 4, "2015": 4, "2016": 3, "2017": 1, "2018": 4, "2011": 1, "2012": 0, "2019": 1}, "old_citations": {"2012": 15, "2011": 4, "2018": 2}, "isVisible": false}, "digital signal processing": {"name": "digital signal processing", "type": "topic", "h_index": 435, "h5_index": 97, "num_publications": 9, "num_citations": 52, "num_publications_5y": 4, "num_citations_5y": 27, "num_publications_10y": 7, "num_citations_10y": 46, "publications_years": {"2011": 2, "2014": 3, "2012": 1, "2007": 2, "2018": 1}, "citations_years": {"2012": 12, "2013": 5, "2014": 9, "2015": 5, "2016": 4, "2017": 5, "2018": 4, "2019": 5, "2010": 2, "2011": 0, "2020": 1}, "old_citations": {"2011": 18, "2014": 15, "2012": 11, "2007": 6, "2018": 2}, "isVisible": false}, "embedded software": {"name": "embedded software", "type": "topic", "h_index": 157, "h5_index": 31, "num_publications": 3, "num_citations": 5, "num_publications_5y": 2, "num_citations_5y": 3, "num_publications_10y": 3, "num_citations_10y": 3, "publications_years": {"2009": 1, "2018": 1, "2014": 1}, "citations_years": {"2018": 1, "2019": 2, "2014": 1, "2015": 0, "2016": 0, "2017": 1}, "old_citations": {"2009": 0, "2018": 2, "2014": 3}, "isVisible": false}, "field programmable gate arrays (fpga)": {"name": "field programmable gate arrays (fpga)", "type": "topic", "h_index": 594, "h5_index": 149, "num_publications": 11, "num_citations": 74, "num_publications_5y": 4, "num_citations_5y": 35, "num_publications_10y": 8, "num_citations_10y": 63, "publications_years": {"2011": 2, "2012": 2, "2007": 3, "2014": 3, "2018": 1}, "citations_years": {"2012": 13, "2013": 8, "2014": 12, "2015": 8, "2016": 4, "2017": 6, "2018": 5, "2019": 6, "2006": 1, "2007": 1, "2008": 2, "2009": 3, "2010": 2, "2011": 2, "2020": 1}, "old_citations": {"2011": 18, "2012": 18, "2007": 21, "2014": 15, "2018": 2}, "isVisible": false}, "intelligent control": {"name": "intelligent control", "type": "topic", "h_index": 367, "h5_index": 70, "num_publications": 2, "num_citations": 2, "num_publications_5y": 1, "num_citations_5y": 1, "num_publications_10y": 2, "num_citations_10y": 1, "publications_years": {"2009": 1, "2018": 1}, "citations_years": {"2018": 1, "2019": 1}, "old_citations": {"2009": 0, "2018": 2}, "isVisible": false}, "intelligent systems": {"name": "intelligent systems", "type": "topic", "h_index": 375, "h5_index": 78, "num_publications": 2, "num_citations": 2, "num_publications_5y": 1, "num_citations_5y": 1, "num_publications_10y": 2, "num_citations_10y": 1, "publications_years": {"2009": 1, "2018": 1}, "citations_years": {"2018": 1, "2019": 1}, "old_citations": {"2009": 0, "2018": 2}, "isVisible": false}, "kernel function": {"name": "kernel function", "type": "topic", "h_index": 183, "h5_index": 44, "num_publications": 1, "num_citations": 2, "num_publications_5y": 1, "num_citations_5y": 1, "num_publications_10y": 1, "num_citations_10y": 1, "publications_years": {"2018": 1}, "citations_years": {"2018": 1, "2019": 1}, "old_citations": {"2018": 2}, "isVisible": false}}, "authors": {"2094595120": {"name": "ian j hayes", "type": "author", "activity": 30, "h_index": 18, "h5_index": 5, "mag_id": "2094595120", "num_publications": 2, "num_citations": 22, "num_publications_5y": 0, "num_citations_5y": 9, "num_publications_10y": 2, "num_citations_10y": 21, "publications_years": {"2011": 1, "2013": 1}, "citations_years": {"2012": 6, "2013": 6, "2014": 7, "2015": 1, "2016": 0, "2017": 0, "2018": 1, "2019": 1}, "old_citations": {"2011": 11, "2013": 11}, "isVisible": false}, "2094734848": {"name": "axel legay", "type": "author", "activity": 18, "h_index": 34, "h5_index": 11, "mag_id": "2094734848", "num_publications": 2, "num_citations": 16, "num_publications_5y": 2, "num_citations_5y": 12, "num_publications_10y": 2, "num_citations_10y": 12, "publications_years": {"2014": 1, "2015": 1}, "citations_years": {"2014": 2, "2015": 4, "2016": 4, "2017": 1, "2018": 1, "2019": 3, "2020": 1}, "old_citations": {"2014": 12, "2015": 4}, "isVisible": false}, "2097000653": {"name": "stephan merz", "type": "author", "activity": 27, "h_index": 19, "h5_index": 2, "mag_id": "2097000653", "num_publications": 2, "num_citations": 8, "num_publications_5y": 0, "num_citations_5y": 2, "num_publications_10y": 1, "num_citations_10y": 7, "publications_years": {"2007": 1, "2010": 1}, "citations_years": {"2012": 2, "2011": 2, "2013": 1, "2014": 0, "2015": 1, "2016": 1, "2017": 0, "2018": 0, "2019": 1}, "old_citations": {"2007": 2, "2010": 6}, "isVisible": false}, "2103345461": {"name": "brijesh dongol", "type": "author", "activity": 16, "h_index": 11, "h5_index": 4, "mag_id": "2103345461", "num_publications": 2, "num_citations": 22, "num_publications_5y": 0, "num_citations_5y": 9, "num_publications_10y": 2, "num_citations_10y": 21, "publications_years": {"2011": 1, "2013": 1}, "citations_years": {"2012": 6, "2013": 6, "2014": 7, "2015": 1, "2016": 0, "2017": 0, "2018": 1, "2019": 1}, "old_citations": {"2011": 11, "2013": 11}, "isVisible": false}, "2108301595": {"name": "thai son hoang", "type": "author", "activity": 18, "h_index": 15, "h5_index": 4, "mag_id": "2108301595", "num_publications": 2, "num_citations": 15, "num_publications_5y": 0, "num_citations_5y": 9, "num_publications_10y": 2, "num_citations_10y": 15, "publications_years": {"2012": 1, "2010": 1}, "citations_years": {"2012": 3, "2013": 2, "2014": 4, "2015": 3, "2016": 1, "2017": 0, "2018": 1, "2011": 1}, "old_citations": {"2012": 11, "2010": 4}, "isVisible": false}, "2136663722": {"name": "alexandre david", "type": "author", "activity": 18, "h_index": 29, "h5_index": 1, "mag_id": "2136663722", "num_publications": 2, "num_citations": 15, "num_publications_5y": 2, "num_citations_5y": 12, "num_publications_10y": 2, "num_citations_10y": 12, "publications_years": {"2014": 2}, "citations_years": {"2014": 3, "2015": 4, "2016": 2, "2017": 2, "2018": 1, "2019": 3}, "old_citations": {"2014": 15}, "isVisible": false}, "62918503": {"name": "ciprian teodorov", "type": "author", "activity": 14, "h_index": 5, "h5_index": 3, "mag_id": "62918503", "num_publications": 1, "num_citations": 1, "num_publications_5y": 1, "num_citations_5y": 1, "num_publications_10y": 1, "num_citations_10y": 1, "publications_years": {"2015": 1}, "citations_years": {"2015": 1}, "old_citations": {"2015": 1}, "isVisible": false}, "69807651": {"name": "cristina seceleanu", "type": "author", "activity": 19, "h_index": 11, "h5_index": 4, "mag_id": "69807651", "num_publications": 1, "num_citations": 3, "num_publications_5y": 1, "num_citations_5y": 2, "num_publications_10y": 1, "num_citations_10y": 2, "publications_years": {"2014": 1}, "citations_years": {"2014": 1, "2015": 0, "2016": 0, "2017": 1, "2018": 0, "2019": 1}, "old_citations": {"2014": 3}, "isVisible": false}, "71838327": {"name": "paolo arcaini", "type": "author", "activity": 11, "h_index": 11, "h5_index": 8, "mag_id": "71838327", "num_publications": 1, "num_citations": 2, "num_publications_5y": 1, "num_citations_5y": 2, "num_publications_10y": 1, "num_citations_10y": 2, "publications_years": {"2014": 1}, "citations_years": {"2016": 1, "2017": 1}, "old_citations": {"2014": 2}, "isVisible": false}, "92025121": {"name": "paolo torrini", "type": "author", "activity": 19, "h_index": 8, "h5_index": 2, "mag_id": "92025121", "num_publications": 1, "num_citations": 2, "num_publications_5y": 1, "num_citations_5y": 1, "num_publications_10y": 1, "num_citations_10y": 1, "publications_years": {"2018": 1}, "citations_years": {"2018": 1, "2019": 1}, "old_citations": {"2018": 2}, "isVisible": false}, "100721418": {"name": "tomas vojnar", "type": "author", "activity": 24, "h_index": 23, "h5_index": 5, "mag_id": "100721418", "num_publications": 1, "num_citations": 3, "num_publications_5y": 0, "num_citations_5y": 1, "num_publications_10y": 0, "num_citations_10y": 1, "publications_years": {"2007": 1}, "citations_years": {"2007": 2, "2008": 0, "2009": 0, "2010": 0, "2011": 0, "2012": 0, "2013": 0, "2014": 0, "2015": 1}, "old_citations": {"2007": 3}, "isVisible": false}, "101859016": {"name": "samuel hym", "type": "author", "activity": 13, "h_index": 5, "h5_index": 2, "mag_id": "101859016", "num_publications": 1, "num_citations": 2, "num_publications_5y": 1, "num_citations_5y": 1, "num_publications_10y": 1, "num_citations_10y": 1, "publications_years": {"2018": 1}, "citations_years": {"2018": 1, "2019": 1}, "old_citations": {"2018": 2}, "isVisible": false}, "185015260": {"name": "silvio ghilardi", "type": "author", "activity": 20, "h_index": 16, "h5_index": 3, "mag_id": "185015260", "num_publications": 1, "num_citations": 11, "num_publications_5y": 0, "num_citations_5y": 8, "num_publications_10y": 1, "num_citations_10y": 11, "publications_years": {"2010": 1}, "citations_years": {"2010": 1, "2011": 0, "2012": 1, "2013": 1, "2014": 3, "2015": 2, "2016": 1, "2017": 2}, "old_citations": {"2010": 11}, "isVisible": false}, "220035981": {"name": "pieter philippaerts", "type": "author", "activity": 9, "h_index": 12, "h5_index": 0, "mag_id": "220035981", "num_publications": 1, "num_citations": 4, "num_publications_5y": 0, "num_citations_5y": 2, "num_publications_10y": 1, "num_citations_10y": 4, "publications_years": {"2011": 1}, "citations_years": {"2011": 1, "2012": 0, "2013": 1, "2014": 1, "2015": 0, "2016": 0, "2017": 0, "2018": 1}, "old_citations": {"2011": 4}, "isVisible": false}, "233250515": {"name": "frank piessens", "type": "author", "activity": 29, "h_index": 40, "h5_index": 13, "mag_id": "233250515", "num_publications": 1, "num_citations": 4, "num_publications_5y": 0, "num_citations_5y": 2, "num_publications_10y": 1, "num_citations_10y": 4, "publications_years": {"2011": 1}, "citations_years": {"2011": 1, "2012": 0, "2013": 1, "2014": 1, "2015": 0, "2016": 0, "2017": 0, "2018": 1}, "old_citations": {"2011": 4}, "isVisible": false}, "237773291": {"name": "martin quinson", "type": "author", "activity": 19, "h_index": 14, "h5_index": 3, "mag_id": "237773291", "num_publications": 1, "num_citations": 6, "num_publications_5y": 0, "num_citations_5y": 2, "num_publications_10y": 1, "num_citations_10y": 5, "publications_years": {"2010": 1}, "citations_years": {"2011": 2, "2012": 0, "2013": 1, "2014": 0, "2015": 1, "2016": 1, "2017": 0, "2018": 0, "2019": 1}, "old_citations": {"2010": 6}, "isVisible": false}, "342943809": {"name": "jan tobias muhlberg", "type": "author", "activity": 15, "h_index": 7, "h5_index": 4, "mag_id": "342943809", "num_publications": 1, "num_citations": 7, "num_publications_5y": 0, "num_citations_5y": 2, "num_publications_10y": 1, "num_citations_10y": 6, "publications_years": {"2011": 1}, "citations_years": {"2010": 1, "2011": 0, "2012": 1, "2013": 2, "2014": 1, "2015": 1, "2016": 0, "2017": 0, "2018": 0, "2019": 0, "2020": 1}, "old_citations": {"2011": 7}, "isVisible": false}, "376095773": {"name": "elvinia riccobene", "type": "author", "activity": 31, "h_index": 24, "h5_index": 6, "mag_id": "376095773", "num_publications": 1, "num_citations": 2, "num_publications_5y": 1, "num_citations_5y": 2, "num_publications_10y": 1, "num_citations_10y": 2, "publications_years": {"2014": 1}, "citations_years": {"2016": 1, "2017": 1}, "old_citations": {"2014": 2}, "isVisible": false}, "699765864": {"name": "hernan vanzetto", "type": "author", "activity": 4, "h_index": 2, "h5_index": 0, "mag_id": "699765864", "num_publications": 1, "num_citations": 8, "num_publications_5y": 0, "num_citations_5y": 8, "num_publications_10y": 1, "num_citations_10y": 8, "publications_years": {"2012": 1}, "citations_years": {"2014": 1, "2015": 3, "2016": 3, "2017": 0, "2018": 1}, "old_citations": {"2012": 8}, "isVisible": false}, "1124261249": {"name": "jan smans", "type": "author", "activity": 13, "h_index": 15, "h5_index": 0, "mag_id": "1124261249", "num_publications": 1, "num_citations": 4, "num_publications_5y": 0, "num_citations_5y": 2, "num_publications_10y": 1, "num_citations_10y": 4, "publications_years": {"2011": 1}, "citations_years": {"2011": 1, "2012": 0, "2013": 1, "2014": 1, "2015": 0, "2016": 0, "2017": 0, "2018": 1}, "old_citations": {"2011": 4}, "isVisible": false}, "1448723432": {"name": "morteza mohaqeqi", "type": "author", "activity": 10, "h_index": 6, "h5_index": 4, "mag_id": "1448723432", "num_publications": 1, "num_citations": 12, "num_publications_5y": 1, "num_citations_5y": 10, "num_publications_10y": 1, "num_citations_10y": 10, "publications_years": {"2014": 1}, "citations_years": {"2015": 2, "2016": 3, "2017": 4, "2018": 1, "2019": 2}, "old_citations": {"2014": 12}, "isVisible": false}, "1525450287": {"name": "vincent ribaud", "type": "author", "activity": 23, "h_index": 4, "h5_index": 1, "mag_id": "1525450287", "num_publications": 1, "num_citations": 1, "num_publications_5y": 1, "num_citations_5y": 1, "num_publications_10y": 1, "num_citations_10y": 1, "publications_years": {"2015": 1}, "citations_years": {"2015": 1}, "old_citations": {"2015": 1}, "isVisible": false}, "1568895586": {"name": "robert atkey", "type": "author", "activity": 17, "h_index": 10, "h5_index": 4, "mag_id": "1568895586", "num_publications": 1, "num_citations": 10, "num_publications_5y": 1, "num_citations_5y": 5, "num_publications_10y": 1, "num_citations_10y": 5, "publications_years": {"2015": 1}, "citations_years": {"2017": 2, "2018": 3, "2019": 4, "2020": 1}, "old_citations": {"2015": 10}, "isVisible": false}, "1729248790": {"name": "thorsten bormer", "type": "author", "activity": 11, "h_index": 5, "h5_index": 2, "mag_id": "1729248790", "num_publications": 1, "num_citations": 0, "num_publications_5y": 1, "num_citations_5y": 0, "num_publications_10y": 1, "num_citations_10y": 0, "publications_years": {"2014": 1}, "citations_years": {}, "old_citations": {"2014": 0}, "isVisible": false}, "1909015218": {"name": "gilles grimaud", "type": "author", "activity": 23, "h_index": 9, "h5_index": 3, "mag_id": "1909015218", "num_publications": 1, "num_citations": 2, "num_publications_5y": 1, "num_citations_5y": 1, "num_publications_10y": 1, "num_citations_10y": 1, "publications_years": {"2018": 1}, "citations_years": {"2018": 1, "2019": 1}, "old_citations": {"2018": 2}, "isVisible": false}, "1989091640": {"name": "konrad slind", "type": "author", "activity": 18, "h_index": 13, "h5_index": 0, "mag_id": "1989091640", "num_publications": 1, "num_citations": 15, "num_publications_5y": 0, "num_citations_5y": 3, "num_publications_10y": 0, "num_citations_10y": 10, "publications_years": {"2007": 1}, "citations_years": {"2006": 1, "2007": 1, "2008": 2, "2009": 3, "2010": 0, "2011": 2, "2012": 1, "2013": 1, "2014": 1, "2015": 2, "2016": 0, "2017": 0, "2018": 0, "2019": 1}, "old_citations": {"2007": 15}, "isVisible": false}, "1992867684": {"name": "jane sinclair", "type": "author", "activity": 21, "h_index": 10, "h5_index": 3, "mag_id": "1992867684", "num_publications": 1, "num_citations": 11, "num_publications_5y": 0, "num_citations_5y": 2, "num_publications_10y": 0, "num_citations_10y": 11, "publications_years": {"2007": 1}, "citations_years": {"2009": 2, "2010": 3, "2011": 0, "2012": 1, "2013": 3, "2014": 1, "2015": 0, "2016": 0, "2017": 1}, "old_citations": {"2007": 11}, "isVisible": false}, "1994987434": {"name": "scott owens", "type": "author", "activity": 20, "h_index": 22, "h5_index": 5, "mag_id": "1994987434", "num_publications": 1, "num_citations": 15, "num_publications_5y": 0, "num_citations_5y": 3, "num_publications_10y": 0, "num_citations_10y": 10, "publications_years": {"2007": 1}, "citations_years": {"2006": 1, "2007": 1, "2008": 2, "2009": 3, "2010": 0, "2011": 2, "2012": 1, "2013": 1, "2014": 1, "2015": 2, "2016": 0, "2017": 0, "2018": 0, "2019": 1}, "old_citations": {"2007": 15}, "isVisible": false}, "2000853892": {"name": "damian barsotti", "type": "author", "activity": 14, "h_index": 2, "h5_index": 0, "mag_id": "2000853892", "num_publications": 1, "num_citations": 20, "num_publications_5y": 0, "num_citations_5y": 2, "num_publications_10y": 0, "num_citations_10y": 15, "publications_years": {"2007": 1}, "citations_years": {"2006": 5, "2007": 0, "2008": 0, "2009": 2, "2010": 2, "2011": 3, "2012": 4, "2013": 2, "2014": 0, "2015": 1, "2016": 1}, "old_citations": {"2007": 20}, "isVisible": false}, "2009790770": {"name": "helen treharne", "type": "author", "activity": 25, "h_index": 15, "h5_index": 4, "mag_id": "2009790770", "num_publications": 1, "num_citations": 4, "num_publications_5y": 0, "num_citations_5y": 1, "num_publications_10y": 0, "num_citations_10y": 4, "publications_years": {"2007": 1}, "citations_years": {"2010": 1, "2011": 0, "2012": 2, "2013": 0, "2014": 1}, "old_citations": {"2007": 4}, "isVisible": false}, "2011261465": {"name": "paul pettersson", "type": "author", "activity": 24, "h_index": 36, "h5_index": 4, "mag_id": "2011261465", "num_publications": 1, "num_citations": 3, "num_publications_5y": 1, "num_citations_5y": 2, "num_publications_10y": 1, "num_citations_10y": 2, "publications_years": {"2014": 1}, "citations_years": {"2014": 1, "2015": 0, "2016": 0, "2017": 1, "2018": 0, "2019": 1}, "old_citations": {"2014": 3}, "isVisible": false}, "2012430722": {"name": "juliano iyoda", "type": "author", "activity": 21, "h_index": 7, "h5_index": 3, "mag_id": "2012430722", "num_publications": 1, "num_citations": 15, "num_publications_5y": 0, "num_citations_5y": 3, "num_publications_10y": 0, "num_citations_10y": 10, "publications_years": {"2007": 1}, "citations_years": {"2006": 1, "2007": 1, "2008": 2, "2009": 3, "2010": 0, "2011": 2, "2012": 1, "2013": 1, "2014": 1, "2015": 2, "2016": 0, "2017": 0, "2018": 0, "2019": 1}, "old_citations": {"2007": 15}, "isVisible": false}, "2018476539": {"name": "a w roscoe", "type": "author", "activity": 30, "h_index": 23, "h5_index": 5, "mag_id": "2018476539", "num_publications": 1, "num_citations": 11, "num_publications_5y": 0, "num_citations_5y": 2, "num_publications_10y": 0, "num_citations_10y": 11, "publications_years": {"2007": 1}, "citations_years": {"2009": 2, "2010": 3, "2011": 0, "2012": 1, "2013": 3, "2014": 1, "2015": 0, "2016": 0, "2017": 1}, "old_citations": {"2007": 11}, "isVisible": false}, "2022342432": {"name": "tom van dijk", "type": "author", "activity": 11, "h_index": 8, "h5_index": 5, "mag_id": "2022342432", "num_publications": 1, "num_citations": 7, "num_publications_5y": 0, "num_citations_5y": 5, "num_publications_10y": 1, "num_citations_10y": 7, "publications_years": {"2012": 1}, "citations_years": {"2013": 2, "2014": 2, "2015": 1, "2016": 0, "2017": 1, "2018": 1}, "old_citations": {"2012": 7}, "isVisible": false}, "2027566263": {"name": "danny bogsted poulsen", "type": "author", "activity": 10, "h_index": 11, "h5_index": 3, "mag_id": "2027566263", "num_publications": 1, "num_citations": 12, "num_publications_5y": 1, "num_citations_5y": 10, "num_publications_10y": 1, "num_citations_10y": 10, "publications_years": {"2014": 1}, "citations_years": {"2014": 2, "2015": 4, "2016": 2, "2017": 1, "2018": 1, "2019": 2}, "old_citations": {"2014": 12}, "isVisible": false}, "2035784232": {"name": "nick moffat", "type": "author", "activity": 13, "h_index": 5, "h5_index": 0, "mag_id": "2035784232", "num_publications": 1, "num_citations": 1, "num_publications_5y": 0, "num_citations_5y": 0, "num_publications_10y": 0, "num_citations_10y": 0, "publications_years": {"2006": 1}, "citations_years": {"2008": 1}, "old_citations": {"2006": 1}, "isVisible": false}, "2038785220": {"name": "bernhard beckert", "type": "author", "activity": 28, "h_index": 19, "h5_index": 4, "mag_id": "2038785220", "num_publications": 1, "num_citations": 0, "num_publications_5y": 1, "num_citations_5y": 0, "num_publications_10y": 1, "num_citations_10y": 0, "publications_years": {"2014": 1}, "citations_years": {}, "old_citations": {"2014": 0}, "isVisible": false}, "2047640227": {"name": "cyrille jegourel", "type": "author", "activity": 8, "h_index": 7, "h5_index": 3, "mag_id": "2047640227", "num_publications": 1, "num_citations": 4, "num_publications_5y": 1, "num_citations_5y": 2, "num_publications_10y": 1, "num_citations_10y": 2, "publications_years": {"2015": 1}, "citations_years": {"2016": 2, "2017": 0, "2018": 0, "2019": 1, "2020": 1}, "old_citations": {"2015": 4}, "isVisible": false}, "2051561770": {"name": "louismarie traonouez", "type": "author", "activity": 12, "h_index": 12, "h5_index": 6, "mag_id": "2051561770", "num_publications": 1, "num_citations": 4, "num_publications_5y": 1, "num_citations_5y": 2, "num_publications_10y": 1, "num_citations_10y": 2, "publications_years": {"2015": 1}, "citations_years": {"2016": 2, "2017": 0, "2018": 0, "2019": 1, "2020": 1}, "old_citations": {"2015": 4}, "isVisible": false}, "2055335673": {"name": "alfons laarman", "type": "author", "activity": 12, "h_index": 14, "h5_index": 4, "mag_id": "2055335673", "num_publications": 1, "num_citations": 7, "num_publications_5y": 0, "num_citations_5y": 5, "num_publications_10y": 1, "num_citations_10y": 7, "publications_years": {"2012": 1}, "citations_years": {"2013": 2, "2014": 2, "2015": 1, "2016": 0, "2017": 1, "2018": 1}, "old_citations": {"2012": 7}, "isVisible": false}, "2059405868": {"name": "thierry gautier", "type": "author", "activity": 25, "h_index": 18, "h5_index": 3, "mag_id": "2059405868", "num_publications": 1, "num_citations": 0, "num_publications_5y": 0, "num_citations_5y": 0, "num_publications_10y": 1, "num_citations_10y": 0, "publications_years": {"2009": 1}, "citations_years": {}, "old_citations": {"2009": 0}, "isVisible": false}, "2063404503": {"name": "donald sannella", "type": "author", "activity": 30, "h_index": 17, "h5_index": 2, "mag_id": "2063404503", "num_publications": 1, "num_citations": 10, "num_publications_5y": 1, "num_citations_5y": 5, "num_publications_10y": 1, "num_citations_10y": 5, "publications_years": {"2015": 1}, "citations_years": {"2017": 2, "2018": 3, "2019": 4, "2020": 1}, "old_citations": {"2015": 10}, "isVisible": false}, "2069577751": {"name": "jeremy sproston", "type": "author", "activity": 19, "h_index": 18, "h5_index": 1, "mag_id": "2069577751", "num_publications": 1, "num_citations": 2, "num_publications_5y": 1, "num_citations_5y": 1, "num_publications_10y": 1, "num_citations_10y": 1, "publications_years": {"2014": 1}, "citations_years": {"2015": 1, "2016": 0, "2017": 0, "2018": 0, "2019": 1}, "old_citations": {"2014": 2}, "isVisible": false}, "2079352371": {"name": "alexei iliasov", "type": "author", "activity": 16, "h_index": 11, "h5_index": 2, "mag_id": "2079352371", "num_publications": 1, "num_citations": 11, "num_publications_5y": 0, "num_citations_5y": 7, "num_publications_10y": 1, "num_citations_10y": 11, "publications_years": {"2012": 1}, "citations_years": {"2012": 2, "2013": 2, "2014": 3, "2015": 2, "2016": 1, "2017": 0, "2018": 1}, "old_citations": {"2012": 11}, "isVisible": false}, "2082628902": {"name": "leo hatvani", "type": "author", "activity": 10, "h_index": 3, "h5_index": 2, "mag_id": "2082628902", "num_publications": 1, "num_citations": 3, "num_publications_5y": 1, "num_citations_5y": 2, "num_publications_10y": 1, "num_citations_10y": 2, "publications_years": {"2014": 1}, "citations_years": {"2014": 1, "2015": 0, "2016": 0, "2017": 1, "2018": 0, "2019": 1}, "old_citations": {"2014": 3}, "isVisible": false}, "2087196210": {"name": "frederic vogels", "type": "author", "activity": 8, "h_index": 4, "h5_index": 0, "mag_id": "2087196210", "num_publications": 1, "num_citations": 4, "num_publications_5y": 0, "num_citations_5y": 2, "num_publications_10y": 1, "num_citations_10y": 4, "publications_years": {"2011": 1}, "citations_years": {"2011": 1, "2012": 0, "2013": 1, "2014": 1, "2015": 0, "2016": 0, "2017": 0, "2018": 1}, "old_citations": {"2011": 4}, "isVisible": false}, "2088725692": {"name": "angelo gargantini", "type": "author", "activity": 25, "h_index": 22, "h5_index": 8, "mag_id": "2088725692", "num_publications": 1, "num_citations": 2, "num_publications_5y": 1, "num_citations_5y": 2, "num_publications_10y": 1, "num_citations_10y": 2, "publications_years": {"2014": 1}, "citations_years": {"2016": 1, "2017": 1}, "old_citations": {"2014": 2}, "isVisible": false}, "2097981542": {"name": "elena pagani", "type": "author", "activity": 27, "h_index": 15, "h5_index": 3, "mag_id": "2097981542", "num_publications": 1, "num_citations": 11, "num_publications_5y": 0, "num_citations_5y": 8, "num_publications_10y": 1, "num_citations_10y": 11, "publications_years": {"2010": 1}, "citations_years": {"2010": 1, "2011": 0, "2012": 1, "2013": 1, "2014": 3, "2015": 2, "2016": 1, "2017": 2}, "old_citations": {"2010": 11}, "isVisible": false}, "2105127320": {"name": "bart jacobs", "type": "author", "activity": 26, "h_index": 36, "h5_index": 7, "mag_id": "2105127320", "num_publications": 1, "num_citations": 4, "num_publications_5y": 0, "num_citations_5y": 2, "num_publications_10y": 1, "num_citations_10y": 4, "publications_years": {"2011": 1}, "citations_years": {"2011": 1, "2012": 0, "2013": 1, "2014": 1, "2015": 0, "2016": 0, "2017": 0, "2018": 1}, "old_citations": {"2011": 4}, "isVisible": false}, "2117388511": {"name": "cristian rosa", "type": "author", "activity": 4, "h_index": 3, "h5_index": 0, "mag_id": "2117388511", "num_publications": 1, "num_citations": 6, "num_publications_5y": 0, "num_citations_5y": 2, "num_publications_10y": 1, "num_citations_10y": 5, "publications_years": {"2010": 1}, "citations_years": {"2011": 2, "2012": 0, "2013": 1, "2014": 0, "2015": 1, "2016": 1, "2017": 0, "2018": 0, "2019": 1}, "old_citations": {"2010": 6}, "isVisible": false}, "2119770075": {"name": "andrew ireland", "type": "author", "activity": 29, "h_index": 11, "h5_index": 2, "mag_id": "2119770075", "num_publications": 1, "num_citations": 0, "num_publications_5y": 0, "num_citations_5y": 0, "num_publications_10y": 1, "num_citations_10y": 0, "publications_years": {"2012": 1}, "citations_years": {}, "old_citations": {"2012": 0}, "isVisible": false}, "2126147314": {"name": "john derrick", "type": "author", "activity": 27, "h_index": 28, "h5_index": 4, "mag_id": "2126147314", "num_publications": 1, "num_citations": 11, "num_publications_5y": 0, "num_citations_5y": 5, "num_publications_10y": 1, "num_citations_10y": 11, "publications_years": {"2013": 1}, "citations_years": {"2012": 1, "2013": 5, "2014": 4, "2015": 1}, "old_citations": {"2013": 11}, "isVisible": false}, "2130286953": {"name": "michael goldsmith", "type": "author", "activity": 30, "h_index": 18, "h5_index": 5, "mag_id": "2130286953", "num_publications": 1, "num_citations": 1, "num_publications_5y": 0, "num_citations_5y": 0, "num_publications_10y": 0, "num_citations_10y": 0, "publications_years": {"2006": 1}, "citations_years": {"2008": 1}, "old_citations": {"2006": 1}, "isVisible": false}, "2135141918": {"name": "pavel erlebach", "type": "author", "activity": 2, "h_index": 2, "h5_index": 0, "mag_id": "2135141918", "num_publications": 1, "num_citations": 3, "num_publications_5y": 0, "num_citations_5y": 1, "num_publications_10y": 0, "num_citations_10y": 1, "publications_years": {"2007": 1}, "citations_years": {"2007": 2, "2008": 0, "2009": 0, "2010": 0, "2011": 0, "2012": 0, "2013": 0, "2014": 0, "2015": 1}, "old_citations": {"2007": 3}, "isVisible": false}, "2138087194": {"name": "michael j c gordon", "type": "author", "activity": 23, "h_index": 17, "h5_index": 0, "mag_id": "2138087194", "num_publications": 1, "num_citations": 15, "num_publications_5y": 0, "num_citations_5y": 3, "num_publications_10y": 0, "num_citations_10y": 10, "publications_years": {"2007": 1}, "citations_years": {"2006": 1, "2007": 1, "2008": 2, "2009": 3, "2010": 0, "2011": 2, "2012": 1, "2013": 1, "2014": 1, "2015": 2, "2016": 0, "2017": 0, "2018": 0, "2019": 1}, "old_citations": {"2007": 15}, "isVisible": false}, "2140043143": {"name": "leonor prensa nieto", "type": "author", "activity": 9, "h_index": 4, "h5_index": 0, "mag_id": "2140043143", "num_publications": 1, "num_citations": 20, "num_publications_5y": 0, "num_citations_5y": 2, "num_publications_10y": 0, "num_citations_10y": 15, "publications_years": {"2007": 1}, "citations_years": {"2006": 5, "2007": 0, "2008": 0, "2009": 2, "2010": 2, "2011": 3, "2012": 4, "2013": 2, "2014": 0, "2015": 1, "2016": 1}, "old_citations": {"2007": 20}, "isVisible": false}, "2146581609": {"name": "kim guldstrand larsen", "type": "author", "activity": 31, "h_index": 58, "h5_index": 8, "mag_id": "2146581609", "num_publications": 1, "num_citations": 12, "num_publications_5y": 1, "num_citations_5y": 10, "num_publications_10y": 1, "num_citations_10y": 10, "publications_years": {"2014": 1}, "citations_years": {"2014": 2, "2015": 4, "2016": 2, "2017": 1, "2018": 1, "2019": 2}, "old_citations": {"2014": 12}, "isVisible": false}, "2147975349": {"name": "mohammad reza mousavi", "type": "author", "activity": 18, "h_index": 18, "h5_index": 6, "mag_id": "2147975349", "num_publications": 1, "num_citations": 12, "num_publications_5y": 1, "num_citations_5y": 10, "num_publications_10y": 1, "num_citations_10y": 10, "publications_years": {"2014": 1}, "citations_years": {"2015": 2, "2016": 3, "2017": 4, "2018": 1, "2019": 2}, "old_citations": {"2014": 12}, "isVisible": false}, "2149024948": {"name": "julio c peralta", "type": "author", "activity": 3, "h_index": 1, "h5_index": 0, "mag_id": "2149024948", "num_publications": 1, "num_citations": 0, "num_publications_5y": 0, "num_citations_5y": 0, "num_publications_10y": 1, "num_citations_10y": 0, "publications_years": {"2009": 1}, "citations_years": {}, "old_citations": {"2009": 0}, "isVisible": false}, "2156906482": {"name": "moa johansson", "type": "author", "activity": 14, "h_index": 7, "h5_index": 2, "mag_id": "2156906482", "num_publications": 1, "num_citations": 3, "num_publications_5y": 1, "num_citations_5y": 2, "num_publications_10y": 1, "num_citations_10y": 2, "publications_years": {"2015": 1}, "citations_years": {"2017": 2, "2018": 0, "2019": 1}, "old_citations": {"2015": 3}, "isVisible": false}, "2159707715": {"name": "silvio ranise", "type": "author", "activity": 22, "h_index": 19, "h5_index": 3, "mag_id": "2159707715", "num_publications": 1, "num_citations": 11, "num_publications_5y": 0, "num_citations_5y": 8, "num_publications_10y": 1, "num_citations_10y": 11, "publications_years": {"2010": 1}, "citations_years": {"2010": 1, "2011": 0, "2012": 1, "2013": 1, "2014": 3, "2015": 2, "2016": 1, "2017": 2}, "old_citations": {"2010": 11}, "isVisible": false}, "2162549760": {"name": "renato silva", "type": "author", "activity": 6, "h_index": 5, "h5_index": 0, "mag_id": "2162549760", "num_publications": 1, "num_citations": 11, "num_publications_5y": 0, "num_citations_5y": 7, "num_publications_10y": 1, "num_citations_10y": 11, "publications_years": {"2012": 1}, "citations_years": {"2012": 2, "2013": 2, "2014": 3, "2015": 2, "2016": 1, "2017": 0, "2018": 1}, "old_citations": {"2012": 11}, "isVisible": false}, "2163930190": {"name": "leo freitas", "type": "author", "activity": 19, "h_index": 11, "h5_index": 2, "mag_id": "2163930190", "num_publications": 1, "num_citations": 7, "num_publications_5y": 0, "num_citations_5y": 2, "num_publications_10y": 1, "num_citations_10y": 6, "publications_years": {"2011": 1}, "citations_years": {"2010": 1, "2011": 0, "2012": 1, "2013": 2, "2014": 1, "2015": 1, "2016": 0, "2017": 0, "2018": 0, "2019": 0, "2020": 1}, "old_citations": {"2011": 7}, "isVisible": false}, "2207060053": {"name": "david nowak", "type": "author", "activity": 22, "h_index": 6, "h5_index": 2, "mag_id": "2207060053", "num_publications": 1, "num_citations": 2, "num_publications_5y": 1, "num_citations_5y": 1, "num_publications_10y": 1, "num_citations_10y": 1, "publications_years": {"2018": 1}, "citations_years": {"2018": 1, "2019": 1}, "old_citations": {"2018": 2}, "isVisible": false}, "2227340056": {"name": "khaoula essalhi", "type": "author", "activity": 1, "h_index": 1, "h5_index": 0, "mag_id": "2227340056", "num_publications": 1, "num_citations": 1, "num_publications_5y": 1, "num_citations_5y": 1, "num_publications_10y": 1, "num_citations_10y": 1, "publications_years": {"2015": 1}, "citations_years": {"2015": 1}, "old_citations": {"2015": 1}, "isVisible": false}, "2290170918": {"name": "francesco alberti", "type": "author", "activity": 8, "h_index": 10, "h5_index": 2, "mag_id": "2290170918", "num_publications": 1, "num_citations": 11, "num_publications_5y": 0, "num_citations_5y": 8, "num_publications_10y": 1, "num_citations_10y": 11, "publications_years": {"2010": 1}, "citations_years": {"2010": 1, "2011": 0, "2012": 1, "2013": 1, "2014": 3, "2015": 2, "2016": 1, "2017": 2}, "old_citations": {"2010": 11}, "isVisible": false}, "2290815287": {"name": "alwen tiu", "type": "author", "activity": 20, "h_index": 16, "h5_index": 5, "mag_id": "2290815287", "num_publications": 1, "num_citations": 20, "num_publications_5y": 0, "num_citations_5y": 2, "num_publications_10y": 0, "num_citations_10y": 15, "publications_years": {"2007": 1}, "citations_years": {"2006": 5, "2007": 0, "2008": 0, "2009": 2, "2010": 2, "2011": 3, "2012": 4, "2013": 2, "2014": 0, "2015": 1, "2016": 1}, "old_citations": {"2007": 20}, "isVisible": false}, "2310447534": {"name": "eunyoung kang", "type": "author", "activity": 16, "h_index": 8, "h5_index": 4, "mag_id": "2310447534", "num_publications": 1, "num_citations": 2, "num_publications_5y": 0, "num_citations_5y": 0, "num_publications_10y": 0, "num_citations_10y": 2, "publications_years": {"2007": 1}, "citations_years": {"2012": 2}, "old_citations": {"2007": 2}, "isVisible": false}, "2401485276": {"name": "rajiv murali", "type": "author", "activity": 5, "h_index": 2, "h5_index": 1, "mag_id": "2401485276", "num_publications": 1, "num_citations": 0, "num_publications_5y": 0, "num_citations_5y": 0, "num_publications_10y": 1, "num_citations_10y": 0, "publications_years": {"2012": 1}, "citations_years": {}, "old_citations": {"2012": 0}, "isVisible": false}, "2431680407": {"name": "wei wei", "type": "author", "activity": 2, "h_index": 1, "h5_index": 0, "mag_id": "2431680407", "num_publications": 1, "num_citations": 11, "num_publications_5y": 0, "num_citations_5y": 7, "num_publications_10y": 1, "num_citations_10y": 11, "publications_years": {"2012": 1}, "citations_years": {"2012": 2, "2013": 2, "2014": 3, "2015": 2, "2016": 1, "2017": 0, "2018": 1}, "old_citations": {"2012": 11}, "isVisible": false}, "2461323104": {"name": "joy n reed", "type": "author", "activity": 23, "h_index": 7, "h5_index": 0, "mag_id": "2461323104", "num_publications": 1, "num_citations": 11, "num_publications_5y": 0, "num_citations_5y": 2, "num_publications_10y": 0, "num_citations_10y": 11, "publications_years": {"2007": 1}, "citations_years": {"2009": 2, "2010": 3, "2011": 0, "2012": 1, "2013": 3, "2014": 1, "2015": 0, "2016": 0, "2017": 1}, "old_citations": {"2007": 11}, "isVisible": false}, "2486319428": {"name": "neil evans", "type": "author", "activity": 17, "h_index": 6, "h5_index": 0, "mag_id": "2486319428", "num_publications": 1, "num_citations": 4, "num_publications_5y": 0, "num_citations_5y": 1, "num_publications_10y": 0, "num_citations_10y": 4, "publications_years": {"2007": 1}, "citations_years": {"2010": 1, "2011": 0, "2012": 2, "2013": 0, "2014": 1}, "old_citations": {"2007": 4}, "isVisible": false}, "2508953572": {"name": "narjes jomaa", "type": "author", "activity": 3, "h_index": 2, "h5_index": 2, "mag_id": "2508953572", "num_publications": 1, "num_citations": 2, "num_publications_5y": 1, "num_citations_5y": 1, "num_publications_10y": 1, "num_citations_10y": 1, "publications_years": {"2018": 1}, "citations_years": {"2018": 1, "2019": 1}, "old_citations": {"2018": 2}, "isVisible": false}, "2513599574": {"name": "zoe drey", "type": "author", "activity": 3, "h_index": 2, "h5_index": 2, "mag_id": "2513599574", "num_publications": 1, "num_citations": 1, "num_publications_5y": 1, "num_citations_5y": 1, "num_publications_10y": 1, "num_citations_10y": 1, "publications_years": {"2015": 1}, "citations_years": {"2015": 1}, "old_citations": {"2015": 1}, "isVisible": false}, "2527522460": {"name": "stephan merz", "type": "author", "activity": 15, "h_index": 4, "h5_index": 1, "mag_id": "2527522460", "num_publications": 1, "num_citations": 8, "num_publications_5y": 0, "num_citations_5y": 8, "num_publications_10y": 1, "num_citations_10y": 8, "publications_years": {"2012": 1}, "citations_years": {"2014": 1, "2015": 3, "2016": 3, "2017": 0, "2018": 1}, "old_citations": {"2012": 8}, "isVisible": false}, "2583850968": {"name": "nathaniel charlton", "type": "author", "activity": 4, "h_index": 4, "h5_index": 0, "mag_id": "2583850968", "num_publications": 1, "num_citations": 7, "num_publications_5y": 0, "num_citations_5y": 1, "num_publications_10y": 0, "num_citations_10y": 2, "publications_years": {"2007": 1}, "citations_years": {"2007": 3, "2008": 2, "2009": 1, "2010": 0, "2011": 0, "2012": 0, "2013": 0, "2014": 0, "2015": 1}, "old_citations": {"2007": 7}, "isVisible": false}, "2602085652": {"name": "gian paolo rossi", "type": "author", "activity": 27, "h_index": 18, "h5_index": 4, "mag_id": "2602085652", "num_publications": 1, "num_citations": 11, "num_publications_5y": 0, "num_citations_5y": 8, "num_publications_10y": 1, "num_citations_10y": 11, "publications_years": {"2010": 1}, "citations_years": {"2010": 1, "2011": 0, "2012": 1, "2013": 1, "2014": 3, "2015": 2, "2016": 1, "2017": 2}, "old_citations": {"2010": 11}, "isVisible": false}, "2633065749": {"name": "siham rim boudaoud", "type": "author", "activity": 1, "h_index": 1, "h5_index": 0, "mag_id": "2633065749", "num_publications": 1, "num_citations": 1, "num_publications_5y": 1, "num_citations_5y": 1, "num_publications_10y": 1, "num_citations_10y": 1, "publications_years": {"2015": 1}, "citations_years": {"2015": 1}, "old_citations": {"2015": 1}, "isVisible": false}, "2654107886": {"name": "milan ceska", "type": "author", "activity": 24, "h_index": 6, "h5_index": 5, "mag_id": "2654107886", "num_publications": 1, "num_citations": 3, "num_publications_5y": 0, "num_citations_5y": 1, "num_publications_10y": 0, "num_citations_10y": 1, "publications_years": {"2007": 1}, "citations_years": {"2007": 2, "2008": 0, "2009": 0, "2010": 0, "2011": 0, "2012": 0, "2013": 0, "2014": 0, "2015": 1}, "old_citations": {"2007": 3}, "isVisible": false}, "2663121153": {"name": "walid taha", "type": "author", "activity": 23, "h_index": 28, "h5_index": 3, "mag_id": "2663121153", "num_publications": 1, "num_citations": 12, "num_publications_5y": 1, "num_citations_5y": 10, "num_publications_10y": 1, "num_citations_10y": 10, "publications_years": {"2014": 1}, "citations_years": {"2015": 2, "2016": 3, "2017": 4, "2018": 1, "2019": 2}, "old_citations": {"2014": 12}, "isVisible": false}, "2694804397": {"name": "emre yilmaz", "type": "author", "activity": 1, "h_index": 1, "h5_index": 0, "mag_id": "2694804397", "num_publications": 1, "num_citations": 4, "num_publications_5y": 0, "num_citations_5y": 2, "num_publications_10y": 1, "num_citations_10y": 4, "publications_years": {"2010": 1}, "citations_years": {"2011": 1, "2012": 1, "2013": 0, "2014": 1, "2015": 1}, "old_citations": {"2010": 4}, "isVisible": false}, "2893821085": {"name": "sean sedwards", "type": "author", "activity": 9, "h_index": 6, "h5_index": 4, "mag_id": "2893821085", "num_publications": 1, "num_citations": 4, "num_publications_5y": 1, "num_citations_5y": 2, "num_publications_10y": 1, "num_citations_10y": 2, "publications_years": {"2015": 1}, "citations_years": {"2016": 2, "2017": 0, "2018": 0, "2019": 1, "2020": 1}, "old_citations": {"2015": 4}, "isVisible": false}, "2904338349": {"name": "irene lobo valbuena", "type": "author", "activity": 1, "h_index": 1, "h5_index": 0, "mag_id": "2904338349", "num_publications": 1, "num_citations": 3, "num_publications_5y": 1, "num_citations_5y": 2, "num_publications_10y": 1, "num_citations_10y": 2, "publications_years": {"2015": 1}, "citations_years": {"2017": 2, "2018": 0, "2019": 1}, "old_citations": {"2015": 3}, "isVisible": false}, "2952671360": {"name": "jan cornelis van de pol", "type": "author", "activity": 9, "h_index": 6, "h5_index": 2, "mag_id": "2952671360", "num_publications": 1, "num_citations": 7, "num_publications_5y": 0, "num_citations_5y": 5, "num_publications_10y": 1, "num_citations_10y": 7, "publications_years": {"2012": 1}, "citations_years": {"2013": 2, "2014": 2, "2015": 1, "2016": 0, "2017": 1, "2018": 1}, "old_citations": {"2012": 7}, "isVisible": false}, "3003399383": {"name": "dominique mery", "type": "author", "activity": 1, "h_index": 0, "h5_index": 0, "mag_id": "3003399383", "num_publications": 1, "num_citations": 0, "num_publications_5y": 0, "num_citations_5y": 0, "num_publications_10y": 1, "num_citations_10y": 0, "publications_years": {"2010": 1}, "citations_years": {}, "old_citations": {"2010": 0}, "isVisible": false}, "3003714779": {"name": "mohammed tounsi", "type": "author", "activity": 1, "h_index": 0, "h5_index": 0, "mag_id": "3003714779", "num_publications": 1, "num_citations": 0, "num_publications_5y": 0, "num_citations_5y": 0, "num_publications_10y": 1, "num_citations_10y": 0, "publications_years": {"2010": 1}, "citations_years": {}, "old_citations": {"2010": 0}, "isVisible": false}, "3004369907": {"name": "mohammed mosbah", "type": "author", "activity": 1, "h_index": 0, "h5_index": 0, "mag_id": "3004369907", "num_publications": 1, "num_citations": 0, "num_publications_5y": 0, "num_citations_5y": 0, "num_publications_10y": 1, "num_citations_10y": 0, "publications_years": {"2010": 1}, "citations_years": {}, "old_citations": {"2010": 0}, "isVisible": false}}, "countries": {"United Kingdom": {"name": "United Kingdom", "type": "country", "h5_index": 172, "num_publications": 8, "num_citations": 76, "num_publications_5y": 1, "num_citations_5y": 26, "num_publications_10y": 4, "num_citations_10y": 60, "publications_years": {"2015": 1, "2007": 4, "2012": 1, "2011": 1, "2013": 1}, "citations_years": {"2017": 3, "2018": 4, "2019": 5, "2020": 2, "2006": 1, "2007": 4, "2008": 4, "2009": 6, "2010": 5, "2011": 2, "2012": 8, "2013": 13, "2014": 11, "2015": 7, "2016": 1}, "old_citations": {"2015": 10, "2007": 37, "2012": 11, "2011": 7, "2013": 11}, "isVisible": false}, "France": {"name": "France", "type": "country", "h5_index": 99, "num_publications": 5, "num_citations": 25, "num_publications_5y": 1, "num_citations_5y": 18, "num_publications_10y": 4, "num_citations_10y": 23, "publications_years": {"2009": 1, "2010": 2, "2007": 1, "2014": 1}, "citations_years": {"2010": 1, "2011": 0, "2012": 3, "2013": 1, "2014": 5, "2015": 6, "2016": 3, "2017": 3, "2018": 1, "2019": 2}, "old_citations": {"2009": 0, "2010": 11, "2007": 2, "2014": 12}, "isVisible": false}, "Australia": {"name": "Australia", "type": "country", "h5_index": 141, "num_publications": 3, "num_citations": 42, "num_publications_5y": 0, "num_citations_5y": 11, "num_publications_10y": 2, "num_citations_10y": 36, "publications_years": {"2011": 1, "2007": 1, "2013": 1}, "citations_years": {"2012": 10, "2013": 8, "2014": 7, "2015": 2, "2016": 1, "2017": 0, "2018": 1, "2019": 1, "2006": 5, "2007": 0, "2008": 0, "2009": 2, "2010": 2, "2011": 3}, "old_citations": {"2011": 11, "2007": 20, "2013": 11}, "isVisible": false}, "Italy": {"name": "Italy", "type": "country", "h5_index": 94, "num_publications": 3, "num_citations": 15, "num_publications_5y": 2, "num_citations_5y": 11, "num_publications_10y": 3, "num_citations_10y": 14, "publications_years": {"2010": 1, "2014": 2}, "citations_years": {"2010": 1, "2011": 0, "2012": 1, "2013": 1, "2014": 3, "2015": 3, "2016": 2, "2017": 3, "2018": 0, "2019": 1}, "old_citations": {"2010": 11, "2014": 4}, "isVisible": false}, "Switzerland": {"name": "Switzerland", "type": "country", "h5_index": 102, "num_publications": 3, "num_citations": 26, "num_publications_5y": 0, "num_citations_5y": 17, "num_publications_10y": 3, "num_citations_10y": 26, "publications_years": {"2012": 1, "2010": 2}, "citations_years": {"2012": 4, "2013": 3, "2014": 7, "2015": 5, "2016": 2, "2017": 2, "2018": 1, "2010": 1, "2011": 1}, "old_citations": {"2012": 11, "2010": 15}, "isVisible": false}, "United States": {"name": "United States", "type": "country", "h5_index": 308, "num_publications": 3, "num_citations": 34, "num_publications_5y": 0, "num_citations_5y": 13, "num_publications_10y": 1, "num_citations_10y": 29, "publications_years": {"2007": 2, "2012": 1}, "citations_years": {"2006": 1, "2007": 1, "2008": 2, "2009": 5, "2010": 3, "2011": 2, "2012": 2, "2013": 4, "2014": 3, "2015": 5, "2016": 3, "2017": 1, "2018": 1, "2019": 1}, "old_citations": {"2007": 26, "2012": 8}, "isVisible": false}, "Belgium": {"name": "Belgium", "type": "country", "h5_index": 72, "num_publications": 2, "num_citations": 11, "num_publications_5y": 0, "num_citations_5y": 4, "num_publications_10y": 2, "num_citations_10y": 10, "publications_years": {"2011": 2}, "citations_years": {"2010": 1, "2011": 1, "2012": 1, "2013": 3, "2014": 2, "2015": 1, "2016": 0, "2017": 0, "2018": 1, "2019": 0, "2020": 1}, "old_citations": {"2011": 11}, "isVisible": false}, "Denmark": {"name": "Denmark", "type": "country", "h5_index": 65, "num_publications": 2, "num_citations": 15, "num_publications_5y": 2, "num_citations_5y": 12, "num_publications_10y": 2, "num_citations_10y": 12, "publications_years": {"2014": 2}, "citations_years": {"2014": 3, "2015": 4, "2016": 2, "2017": 2, "2018": 1, "2019": 3}, "old_citations": {"2014": 15}, "isVisible": false}, "Netherlands": {"name": "Netherlands", "type": "country", "h5_index": 91, "num_publications": 2, "num_citations": 11, "num_publications_5y": 0, "num_citations_5y": 7, "num_publications_10y": 2, "num_citations_10y": 11, "publications_years": {"2012": 1, "2011": 1}, "citations_years": {"2013": 3, "2014": 3, "2015": 1, "2016": 0, "2017": 1, "2018": 2, "2011": 1, "2012": 0}, "old_citations": {"2012": 7, "2011": 4}, "isVisible": false}, "Sweden": {"name": "Sweden", "type": "country", "h5_index": 82, "num_publications": 2, "num_citations": 15, "num_publications_5y": 2, "num_citations_5y": 12, "num_publications_10y": 2, "num_citations_10y": 12, "publications_years": {"2015": 1, "2014": 1}, "citations_years": {"2017": 6, "2018": 1, "2019": 3, "2015": 2, "2016": 3}, "old_citations": {"2015": 3, "2014": 12}, "isVisible": false}, "Argentina": {"name": "Argentina", "type": "country", "h5_index": 26, "num_publications": 1, "num_citations": 20, "num_publications_5y": 0, "num_citations_5y": 2, "num_publications_10y": 0, "num_citations_10y": 15, "publications_years": {"2007": 1}, "citations_years": {"2006": 5, "2007": 0, "2008": 0, "2009": 2, "2010": 2, "2011": 3, "2012": 4, "2013": 2, "2014": 0, "2015": 1, "2016": 1}, "old_citations": {"2007": 20}, "isVisible": false}, "Czechia": {"name": "Czechia", "type": "country", "h5_index": 43, "num_publications": 1, "num_citations": 3, "num_publications_5y": 0, "num_citations_5y": 1, "num_publications_10y": 0, "num_citations_10y": 1, "publications_years": {"2007": 1}, "citations_years": {"2007": 2, "2008": 0, "2009": 0, "2010": 0, "2011": 0, "2012": 0, "2013": 0, "2014": 0, "2015": 1}, "old_citations": {"2007": 3}, "isVisible": false}, "Germany": {"name": "Germany", "type": "country", "h5_index": 139, "num_publications": 1, "num_citations": 0, "num_publications_5y": 1, "num_citations_5y": 0, "num_publications_10y": 1, "num_citations_10y": 0, "publications_years": {"2014": 1}, "citations_years": {}, "old_citations": {"2014": 0}, "isVisible": false}, "Singapore": {"name": "Singapore", "type": "country", "h5_index": 105, "num_publications": 1, "num_citations": 4, "num_publications_5y": 1, "num_citations_5y": 2, "num_publications_10y": 1, "num_citations_10y": 2, "publications_years": {"2015": 1}, "citations_years": {"2016": 2, "2017": 0, "2018": 0, "2019": 1, "2020": 1}, "old_citations": {"2015": 4}, "isVisible": false}}, "industrial_sectors": {"computing_and_it": {"name": "computing_and_it", "type": "industrial sector", "h5_index": 221, "num_publications": 1, "num_citations": 8, "num_publications_5y": 0, "num_citations_5y": 8, "num_publications_10y": 1, "num_citations_10y": 8, "publications_years": {"2012": 1}, "citations_years": {"2014": 1, "2015": 3, "2016": 3, "2017": 0, "2018": 1}, "old_citations": {"2012": 8}, "isVisible": false}, "electronics": {"name": "electronics", "type": "industrial sector", "h5_index": 134, "num_publications": 1, "num_citations": 8, "num_publications_5y": 0, "num_citations_5y": 8, "num_publications_10y": 1, "num_citations_10y": 8, "publications_years": {"2012": 1}, "citations_years": {"2014": 1, "2015": 3, "2016": 3, "2017": 0, "2018": 1}, "old_citations": {"2012": 8}, "isVisible": false}, "technology": {"name": "technology", "type": "industrial sector", "h5_index": 229, "num_publications": 1, "num_citations": 8, "num_publications_5y": 0, "num_citations_5y": 8, "num_publications_10y": 1, "num_citations_10y": 8, "publications_years": {"2012": 1}, "citations_years": {"2014": 1, "2015": 3, "2016": 3, "2017": 0, "2018": 1}, "old_citations": {"2012": 8}, "isVisible": false}}}, "conference_comparison": {"computer science": {}}, "topics_dna": {"publications": {}, "citations": {"normalized": {}, "average": {}}}, "info": {"num_publications": 32, "num_citations": 194.0, "impact_factor": {"2008": 0.625, "2009": 1.1428571428571428, "2010": 0.0, "2011": 0.6, "2012": 1.1428571428571428, "2013": 1.1428571428571428, "2014": 2.0, "2015": 1.1428571428571428, "2016": 0.8, "2017": 1.0, "2018": 0}, "publications_years": {"2007": 7, "2014": 6, "2010": 4, "2012": 4, "2015": 4, "2011": 3, "2006": 1, "2009": 1, "2013": 1, "2018": 1}, "citations_years": {"2006": 6, "2007": 6, "2008": 5, "2009": 8, "2010": 8, "2011": 9, "2012": 21, "2013": 21, "2014": 25, "2015": 25, "2016": 15, "2017": 15, "2018": 11, "2019": 16, "2020": 3}, "old_citations": {"2007": 62, "2014": 31, "2010": 21, "2012": 26, "2015": 18, "2011": 22, "2006": 1, "2009": 0, "2013": 11, "2018": 2}, "h5_index": 1}, "percentile": {"computer science": {"2007": 81, "2014": 82, "2010": 72, "2012": 81, "2015": 85, "2011": 81, "2006": 66, "2009": 15, "2013": 91, "2018": 90}}, "conference_ranking": {"computer science": {"2007": 773, "2014": 733, "2010": 1183, "2012": 798, "2015": 619, "2011": 783, "2006": 1434, "2009": 3615, "2013": 349, "2018": 404}}, "academia": {"num_publications": 21, "num_citations": 151, "publications_years": {"2007": 6, "2008": 0, "2009": 0, "2010": 1, "2011": 3, "2012": 2, "2013": 1, "2014": 5, "2015": 3}, "old_citations": {"2007": 60, "2008": 0, "2009": 0, "2010": 4, "2011": 22, "2012": 18, "2013": 11, "2014": 19, "2015": 17}, "num_publications_5y": 0, "num_citations_5y": 0, "num_publications_10y": 14, "num_citations_10y": 87}, "industry": {"num_publications": 1, "num_citations": 8, "publications_years": {"2012": 1}, "old_citations": {"2012": 8}, "num_publications_5y": 0, "num_citations_5y": 0, "num_publications_10y": 1, "num_citations_10y": 8}, "collaborative": {"num_publications": 0, "num_citations": 0, "publications_years": {}, "old_citations": {}, "num_publications_5y": 0, "num_citations_5y": 0, "num_publications_10y": 0, "num_citations_10y": 0}, "conferences": {}, "journals": {}, "organizations": {"publication_overall": ["French Institute for Research in Computer Science and Automation", "Aalborg University", "ETH Zurich", "KU Leuven", "Newcastle University", "University of Milan", "University of Queensland", "Armstrong Atlantic State University", "Australian National University", "Brno University of Technology", "Chalmers University of Technology", "Halmstad University", "Imperial College London", "Karlsruhe Institute of Technology", "Microsoft (United States)", "National University of C\u00f3rdoba", "National University of Singapore", "Radboud University Nijmegen", "Universita della Svizzera Italiana", "University of Bergamo", "University of Cambridge", "University of Edinburgh", "University of Oxford", "University of Sheffield", "University of Southampton", "University of Surrey", "University of Turin", "University of Twente", "University of Utah", "University of Warwick", "\u00c9cole Normale Sup\u00e9rieure"], "citation_overall": ["French Institute for Research in Computer Science and Automation", "University of Queensland", "Australian National University", "National University of C\u00f3rdoba", "Newcastle University", "Aalborg University", "ETH Zurich", "University of Cambridge", "University of Utah", "University of Milan", "Halmstad University", "Armstrong Atlantic State University", "KU Leuven", "Universita della Svizzera Italiana", "University of Oxford", "University of Sheffield", "University of Southampton", "University of Warwick", "University of Edinburgh", "Microsoft (United States)", "Imperial College London", "University of Twente", "National University of Singapore", "Radboud University Nijmegen", "University of Surrey", "Brno University of Technology", "Chalmers University of Technology", "University of Bergamo", "University of Turin", "Karlsruhe Institute of Technology", "\u00c9cole Normale Sup\u00e9rieure"], "publication_10_years": ["Aalborg University", "KU Leuven", "Newcastle University", "University of Queensland", "Chalmers University of Technology", "ETH Zurich", "French Institute for Research in Computer Science and Automation", "Halmstad University", "Karlsruhe Institute of Technology", "Microsoft (United States)", "National University of Singapore", "Radboud University Nijmegen", "University of Bergamo", "University of Edinburgh", "University of Milan", "University of Sheffield", "University of Southampton", "University of Turin", "University of Twente"], "citation_10_years": ["University of Queensland", "Newcastle University", "Aalborg University", "French Institute for Research in Computer Science and Automation", "Halmstad University", "ETH Zurich", "KU Leuven", "University of Sheffield", "University of Southampton", "University of Edinburgh", "Microsoft (United States)", "University of Twente", "National University of Singapore", "Radboud University Nijmegen", "Chalmers University of Technology", "University of Bergamo", "University of Milan", "University of Turin", "Karlsruhe Institute of Technology"], "publication_5_years": [], "citation_5_years": []}, "countries": {"publication_overall": ["United Kingdom", "France", "Australia", "Italy", "Switzerland", "United States", "Belgium", "Denmark", "Netherlands", "Sweden", "Argentina", "Czechia", "Germany", "Singapore"], "citation_overall": ["United Kingdom", "Australia", "United States", "Switzerland", "France", "Argentina", "Denmark", "Italy", "Sweden", "Belgium", "Netherlands", "Singapore", "Czechia", "Germany"], "publication_10_years": ["United Kingdom", "Australia", "Belgium", "Denmark", "Italy", "Netherlands", "Sweden", "France", "Germany", "Singapore", "Switzerland", "United States"], "citation_10_years": ["United Kingdom", "Australia", "Denmark", "Sweden", "France", "Belgium", "Netherlands", "Switzerland", "United States", "Italy", "Singapore", "Germany"], "publication_5_years": [], "citation_5_years": []}, "topics": {"publication_overall": ["computer science", "software engineering", "computer systems", "software design", "artificial intelligence", "software architecture", "embedded systems", "formal logic", "architecting", "architecture verification and validation", "model checking", "software quality", "computer programming", "theoretical computer science", "verification and validation", "computer hardware", "verification", "distributed computer systems", "formal languages and automata theory", "linguistics"], "citation_overall": ["computer science", "computer systems", "software engineering", "software design", "artificial intelligence", "software architecture", "formal logic", "embedded systems", "computer hardware", "architecting", "architecture verification and validation", "distributed computer systems", "model checking", "computer programming", "engineering", "linguistics", "software quality", "computer programming languages", "theoretical computer science", "formal languages and automata theory"], "publication_10_years": ["computer science", "software engineering", "computer systems", "software design", "embedded systems", "software architecture", "artificial intelligence", "theoretical computer science", "architecting", "architecture verification and validation", "formal languages and automata theory", "model checking", "computer hardware", "formal logic", "linguistics", "software quality", "computer programming", "formal languages", "verification", "verification and validation"], "citation_10_years": ["computer science", "software engineering", "computer systems", "software design", "embedded systems", "theoretical computer science", "formal languages and automata theory", "software architecture", "linguistics", "formal languages", "artificial intelligence", "architecting", "architecture verification and validation", "model checking", "computer hardware", "formal logic", "computer programming", "object oriented programming", "engineering", "computer programming languages"], "publication_5_years": ["architecture designs", "artificial intelligence", "authentication", "classifiers", "computer hardware", "computer networks", "computer programming", "computer science", "computer security", "computer systems", "cryptography", "cryptology", "digital signal processing", "embedded software", "embedded systems", "engineering", "field programmable gate arrays (fpga)", "intelligent control", "intelligent systems", "kernel function"], "citation_5_years": ["architecture designs", "artificial intelligence", "authentication", "classifiers", "computer hardware", "computer networks", "computer programming", "computer science", "computer security", "computer systems", "cryptography", "cryptology", "digital signal processing", "embedded software", "embedded systems", "engineering", "field programmable gate arrays (fpga)", "intelligent control", "intelligent systems", "kernel function"]}, "main_topics": ["computer science"], "authors": {"publication_overall": ["2094595120", "2094734848", "2097000653", "2103345461", "2108301595", "2136663722", "62918503", "69807651", "71838327", "92025121", "100721418", "101859016", "185015260", "220035981", "233250515", "237773291", "342943809", "376095773", "699765864", "1124261249", "1448723432", "1525450287", "1568895586", "1729248790", "1909015218", "1989091640", "1992867684", "1994987434", "2000853892", "2009790770", "2011261465", "2012430722", "2018476539", "2022342432", "2027566263", "2035784232", "2038785220", "2047640227", "2051561770", "2055335673", "2059405868", "2063404503", "2069577751", "2079352371", "2082628902", "2087196210", "2088725692", "2097981542", "2105127320", "2117388511", "2119770075", "2126147314", "2130286953", "2135141918", "2138087194", "2140043143", "2146581609", "2147975349", "2149024948", "2156906482", "2159707715", "2162549760", "2163930190", "2207060053", "2227340056", "2290170918", "2290815287", "2310447534", "2401485276", "2431680407", "2461323104", "2486319428", "2508953572", "2513599574", "2527522460", "2583850968", "2602085652", "2633065749", "2654107886", "2663121153", "2694804397", "2893821085", "2904338349", "2952671360", "3003399383", "3003714779", "3004369907"], "citation_overall": ["2094595120", "2103345461", "2000853892", "2140043143", "2290815287", "2094734848", "1989091640", "1994987434", "2012430722", "2108301595", "2136663722", "2138087194", "1448723432", "2027566263", "2146581609", "2147975349", "2663121153", "185015260", "1992867684", "2018476539", "2079352371", "2097981542", "2126147314", "2159707715", "2162549760", "2290170918", "2431680407", "2461323104", "2602085652", "1568895586", "2063404503", "699765864", "2097000653", "2527522460", "342943809", "2022342432", "2055335673", "2163930190", "2583850968", "2952671360", "237773291", "2117388511", "220035981", "233250515", "1124261249", "2009790770", "2047640227", "2051561770", "2087196210", "2105127320", "2486319428", "2694804397", "2893821085", "69807651", "100721418", "2011261465", "2082628902", "2135141918", "2156906482", "2654107886", "2904338349", "71838327", "92025121", "101859016", "376095773", "1909015218", "2069577751", "2088725692", "2207060053", "2310447534", "2508953572", "62918503", "1525450287", "2035784232", "2130286953", "2227340056", "2513599574", "2633065749", "1729248790", "2038785220", "2059405868", "2119770075", "2149024948", "2401485276", "3003399383", "3003714779", "3004369907"], "publication_10_years": ["2094595120", "2094734848", "2103345461", "2136663722", "62918503", "69807651", "71838327", "92025121", "101859016", "220035981", "233250515", "342943809", "376095773", "699765864", "1124261249", "1448723432", "1525450287", "1568895586", "1729248790", "1909015218", "2011261465", "2022342432", "2027566263", "2038785220", "2047640227", "2051561770", "2055335673", "2063404503", "2069577751", "2079352371", "2082628902", "2087196210", "2088725692", "2105127320", "2108301595", "2119770075", "2126147314", "2146581609", "2147975349", "2156906482", "2162549760", "2163930190", "2207060053", "2227340056", "2401485276", "2431680407", "2508953572", "2513599574", "2527522460", "2633065749", "2663121153", "2893821085", "2904338349", "2952671360"], "citation_10_years": ["2094595120", "2103345461", "2094734848", "2136663722", "1448723432", "2027566263", "2146581609", "2147975349", "2663121153", "2079352371", "2108301595", "2126147314", "2162549760", "2431680407", "1568895586", "2063404503", "699765864", "2527522460", "342943809", "2022342432", "2055335673", "2163930190", "2952671360", "220035981", "233250515", "1124261249", "2047640227", "2051561770", "2087196210", "2105127320", "2893821085", "69807651", "2011261465", "2082628902", "2156906482", "2904338349", "71838327", "92025121", "101859016", "376095773", "1909015218", "2069577751", "2088725692", "2207060053", "2508953572", "62918503", "1525450287", "2227340056", "2513599574", "2633065749", "1729248790", "2038785220", "2119770075", "2401485276"], "publication_5_years": ["92025121", "101859016", "1909015218", "2207060053", "2508953572"], "citation_5_years": ["92025121", "101859016", "1909015218", "2207060053", "2508953572"]}, "industrial_sectors": {"publication_overall": ["computing_and_it", "electronics", "technology"], "citation_overall": ["computing_and_it", "electronics", "technology"], "publication_10_years": ["computing_and_it", "electronics", "technology"], "citation_10_years": ["computing_and_it", "electronics", "technology"], "publication_5_years": [], "citation_5_years": []}}