{"name": "Central and East European Conference on Software Engineering Techniques", "acronym": "CEE-SET", "type": "conference", "uniqueEntities": {"organizations": {"Warsaw University of Technology": {"name": "Warsaw University of Technology", "type": "organization", "organization_type": "Education", "h_index": 57, "h5_index": 21, "num_publications": 6, "num_citations": 44, "num_publications_5y": 0, "num_citations_5y": 17, "num_publications_10y": 3, "num_citations_10y": 42, "publications_years": {"2009": 3, "2008": 3}, "citations_years": {"2010": 4, "2011": 5, "2012": 7, "2013": 4, "2014": 3, "2015": 4, "2016": 2, "2017": 6, "2018": 2, "2019": 2, "2009": 5}, "old_citations": {"2009": 35, "2008": 9}, "isVisible": false}, "AGH University of Science and Technology": {"name": "AGH University of Science and Technology", "type": "organization", "organization_type": "Education", "h_index": 48, "h5_index": 20, "num_publications": 2, "num_citations": 8, "num_publications_5y": 0, "num_citations_5y": 6, "num_publications_10y": 1, "num_citations_10y": 8, "publications_years": {"2009": 1, "2008": 1}, "citations_years": {"2012": 1, "2013": 0, "2014": 2, "2015": 1, "2016": 0, "2017": 1, "2018": 2, "2009": 1, "2010": 0, "2011": 0}, "old_citations": {"2009": 6, "2008": 2}, "isVisible": false}, "Rzesz\u00f3w University of Technology": {"name": "Rzesz\u00f3w University of Technology", "type": "organization", "organization_type": "Education", "h_index": 20, "h5_index": 7, "num_publications": 2, "num_citations": 8, "num_publications_5y": 0, "num_citations_5y": 6, "num_publications_10y": 1, "num_citations_10y": 8, "publications_years": {"2009": 1, "2008": 1}, "citations_years": {"2012": 1, "2013": 0, "2014": 2, "2015": 1, "2016": 0, "2017": 1, "2018": 2, "2009": 1, "2010": 0, "2011": 0}, "old_citations": {"2009": 6, "2008": 2}, "isVisible": false}, "University of Navarra": {"name": "University of Navarra", "type": "organization", "organization_type": "Education", "h_index": 51, "h5_index": 12, "num_publications": 2, "num_citations": 22, "num_publications_5y": 0, "num_citations_5y": 10, "num_publications_10y": 0, "num_citations_10y": 18, "publications_years": {"2008": 1, "2007": 1}, "citations_years": {"2010": 1, "2011": 2, "2012": 0, "2013": 5, "2014": 3, "2015": 1, "2016": 2, "2017": 3, "2018": 1, "2019": 4}, "old_citations": {"2008": 21, "2007": 1}, "isVisible": false}, "Aalborg University": {"name": "Aalborg University", "type": "organization", "organization_type": "Education", "h_index": 132, "h5_index": 41, "num_publications": 1, "num_citations": 5, "num_publications_5y": 0, "num_citations_5y": 3, "num_publications_10y": 0, "num_citations_10y": 5, "publications_years": {"2008": 1}, "citations_years": {"2009": 2, "2010": 0, "2011": 0, "2012": 0, "2013": 0, "2014": 0, "2015": 1, "2016": 1, "2017": 0, "2018": 1}, "old_citations": {"2008": 5}, "isVisible": false}, "Brno University of Technology": {"name": "Brno University of Technology", "type": "organization", "organization_type": "Education", "h_index": 62, "h5_index": 22, "num_publications": 1, "num_citations": 2, "num_publications_5y": 0, "num_citations_5y": 0, "num_publications_10y": 0, "num_citations_10y": 2, "publications_years": {"2008": 1}, "citations_years": {"2010": 1, "2011": 0, "2012": 0, "2013": 1}, "old_citations": {"2008": 2}, "isVisible": false}, "Charles University": {"name": "Charles University", "type": "organization", "organization_type": "Education", "h_index": 63, "h5_index": 21, "num_publications": 1, "num_citations": 9, "num_publications_5y": 0, "num_citations_5y": 3, "num_publications_10y": 0, "num_citations_10y": 9, "publications_years": {"2008": 1}, "citations_years": {"2010": 1, "2011": 0, "2012": 4, "2013": 1, "2014": 2, "2015": 0, "2016": 0, "2017": 0, "2018": 1}, "old_citations": {"2008": 9}, "isVisible": false}, "Chemnitz University of Technology": {"name": "Chemnitz University of Technology", "type": "organization", "organization_type": "Education", "h_index": 42, "h5_index": 13, "num_publications": 1, "num_citations": 2, "num_publications_5y": 0, "num_citations_5y": 1, "num_publications_10y": 1, "num_citations_10y": 1, "publications_years": {"2009": 1}, "citations_years": {"2018": 1, "2019": 1}, "old_citations": {"2009": 2}, "isVisible": false}, "Gda\u0144sk University of Technology": {"name": "Gda\u0144sk University of Technology", "type": "organization", "organization_type": "Education", "h_index": 33, "h5_index": 13, "num_publications": 1, "num_citations": 11, "num_publications_5y": 0, "num_citations_5y": 2, "num_publications_10y": 0, "num_citations_10y": 9, "publications_years": {"2008": 1}, "citations_years": {"2008": 2, "2009": 0, "2010": 0, "2011": 4, "2012": 1, "2013": 2, "2014": 0, "2015": 1, "2016": 1}, "old_citations": {"2008": 11}, "isVisible": false}, "IBM (United States)": {"name": "IBM (United States)", "type": "organization", "organization_type": "Company", "h_index": 421, "h5_index": 72, "num_publications": 1, "num_citations": 3, "num_publications_5y": 0, "num_citations_5y": 1, "num_publications_10y": 0, "num_citations_10y": 3, "publications_years": {"2008": 1}, "citations_years": {"2013": 2, "2014": 0, "2015": 1}, "old_citations": {"2008": 3}, "isVisible": false}, "Iran University of Science and Technology": {"name": "Iran University of Science and Technology", "type": "organization", "organization_type": "Education", "h_index": 55, "h5_index": 22, "num_publications": 1, "num_citations": 9, "num_publications_5y": 0, "num_citations_5y": 6, "num_publications_10y": 1, "num_citations_10y": 8, "publications_years": {"2009": 1}, "citations_years": {"2013": 2, "2014": 0, "2015": 0, "2016": 1, "2017": 2, "2018": 3, "2019": 0, "2020": 1}, "old_citations": {"2009": 9}, "isVisible": false}, "Jan D\u0142ugosz University": {"name": "Jan D\u0142ugosz University", "type": "organization", "organization_type": "Education", "h_index": 10, "h5_index": 5, "num_publications": 1, "num_citations": 2, "num_publications_5y": 0, "num_citations_5y": 0, "num_publications_10y": 1, "num_citations_10y": 2, "publications_years": {"2009": 1}, "citations_years": {"2011": 1, "2012": 0, "2013": 1}, "old_citations": {"2009": 2}, "isVisible": false}, "Karlsruhe Institute of Technology": {"name": "Karlsruhe Institute of Technology", "type": "organization", "organization_type": "Education", "h_index": 156, "h5_index": 37, "num_publications": 1, "num_citations": 5, "num_publications_5y": 0, "num_citations_5y": 3, "num_publications_10y": 0, "num_citations_10y": 5, "publications_years": {"2008": 1}, "citations_years": {"2013": 2, "2014": 1, "2015": 2}, "old_citations": {"2008": 5}, "isVisible": false}, "Kaunas University of Technology": {"name": "Kaunas University of Technology", "type": "organization", "organization_type": "Education", "h_index": 27, "h5_index": 11, "num_publications": 1, "num_citations": 2, "num_publications_5y": 0, "num_citations_5y": 2, "num_publications_10y": 0, "num_citations_10y": 2, "publications_years": {"2008": 1}, "citations_years": {"2015": 2}, "old_citations": {"2008": 2}, "isVisible": false}, "Kazakh-British Technical University": {"name": "Kazakh-British Technical University", "type": "organization", "organization_type": "Education", "h_index": 6, "h5_index": 2, "num_publications": 1, "num_citations": 2, "num_publications_5y": 0, "num_citations_5y": 1, "num_publications_10y": 1, "num_citations_10y": 2, "publications_years": {"2009": 1}, "citations_years": {"2012": 1, "2013": 0, "2014": 0, "2015": 1}, "old_citations": {"2009": 2}, "isVisible": false}, "Kielce University of Technology": {"name": "Kielce University of Technology", "type": "organization", "organization_type": "Education", "h_index": 19, "h5_index": 9, "num_publications": 1, "num_citations": 4, "num_publications_5y": 0, "num_citations_5y": 1, "num_publications_10y": 1, "num_citations_10y": 4, "publications_years": {"2009": 1}, "citations_years": {"2011": 1, "2012": 1, "2013": 1, "2014": 0, "2015": 1}, "old_citations": {"2009": 4}, "isVisible": false}, "King's College London": {"name": "King's College London", "type": "organization", "organization_type": "Education", "h_index": 110, "h5_index": 41, "num_publications": 1, "num_citations": 2, "num_publications_5y": 0, "num_citations_5y": 1, "num_publications_10y": 1, "num_citations_10y": 2, "publications_years": {"2009": 1}, "citations_years": {"2012": 1, "2013": 0, "2014": 0, "2015": 1}, "old_citations": {"2009": 2}, "isVisible": false}, "Paul Sabatier University": {"name": "Paul Sabatier University", "type": "organization", "organization_type": "Education", "h_index": 64, "h5_index": 13, "num_publications": 1, "num_citations": 3, "num_publications_5y": 0, "num_citations_5y": 0, "num_publications_10y": 1, "num_citations_10y": 3, "publications_years": {"2009": 1}, "citations_years": {"2011": 2, "2012": 1}, "old_citations": {"2009": 3}, "isVisible": false}, "Pozna\u0144 University of Technology": {"name": "Pozna\u0144 University of Technology", "type": "organization", "organization_type": "Education", "h_index": 68, "h5_index": 20, "num_publications": 1, "num_citations": 20, "num_publications_5y": 0, "num_citations_5y": 5, "num_publications_10y": 0, "num_citations_10y": 20, "publications_years": {"2008": 1}, "citations_years": {"2010": 3, "2011": 4, "2012": 6, "2013": 2, "2014": 2, "2015": 2, "2016": 0, "2017": 1}, "old_citations": {"2008": 20}, "isVisible": false}, "RWTH Aachen University": {"name": "RWTH Aachen University", "type": "organization", "organization_type": "Education", "h_index": 144, "h5_index": 43, "num_publications": 1, "num_citations": 2, "num_publications_5y": 0, "num_citations_5y": 1, "num_publications_10y": 0, "num_citations_10y": 1, "publications_years": {"2008": 1}, "citations_years": {"2008": 1, "2009": 0, "2010": 0, "2011": 0, "2012": 0, "2013": 0, "2014": 1}, "old_citations": {"2008": 2}, "isVisible": false}, "Siemens (Germany)": {"name": "Siemens (Germany)", "type": "organization", "organization_type": "Company", "h_index": 141, "h5_index": 32, "num_publications": 1, "num_citations": 5, "num_publications_5y": 0, "num_citations_5y": 2, "num_publications_10y": 0, "num_citations_10y": 5, "publications_years": {"2008": 1}, "citations_years": {"2009": 1, "2010": 2, "2011": 0, "2012": 0, "2013": 0, "2014": 1, "2015": 1}, "old_citations": {"2008": 5}, "isVisible": false}, "Silesian University of Technology": {"name": "Silesian University of Technology", "type": "organization", "organization_type": "Education", "h_index": 39, "h5_index": 18, "num_publications": 1, "num_citations": 8, "num_publications_5y": 0, "num_citations_5y": 5, "num_publications_10y": 1, "num_citations_10y": 8, "publications_years": {"2009": 1}, "citations_years": {"2012": 1, "2013": 2, "2014": 2, "2015": 0, "2016": 3}, "old_citations": {"2009": 8}, "isVisible": false}, "Slovak University of Technology in Bratislava": {"name": "Slovak University of Technology in Bratislava", "type": "organization", "organization_type": "Education", "h_index": 22, "h5_index": 10, "num_publications": 1, "num_citations": 9, "num_publications_5y": 0, "num_citations_5y": 6, "num_publications_10y": 1, "num_citations_10y": 9, "publications_years": {"2009": 1}, "citations_years": {"2010": 1, "2011": 0, "2012": 2, "2013": 0, "2014": 0, "2015": 4, "2016": 2}, "old_citations": {"2009": 9}, "isVisible": false}, "Swinburne University of Technology": {"name": "Swinburne University of Technology", "type": "organization", "organization_type": "Education", "h_index": 83, "h5_index": 37, "num_publications": 1, "num_citations": 9, "num_publications_5y": 0, "num_citations_5y": 6, "num_publications_10y": 0, "num_citations_10y": 9, "publications_years": {"2008": 1}, "citations_years": {"2009": 1, "2010": 0, "2011": 1, "2012": 1, "2013": 0, "2014": 1, "2015": 2, "2016": 2, "2017": 0, "2018": 1}, "old_citations": {"2008": 9}, "isVisible": false}, "TU Wien": {"name": "TU Wien", "type": "organization", "organization_type": "Education", "h_index": 131, "h5_index": 38, "num_publications": 1, "num_citations": 5, "num_publications_5y": 0, "num_citations_5y": 2, "num_publications_10y": 0, "num_citations_10y": 5, "publications_years": {"2008": 1}, "citations_years": {"2009": 1, "2010": 2, "2011": 0, "2012": 0, "2013": 0, "2014": 1, "2015": 1}, "old_citations": {"2008": 5}, "isVisible": false}, "Tallinn University of Technology": {"name": "Tallinn University of Technology", "type": "organization", "organization_type": "Education", "h_index": 35, "h5_index": 13, "num_publications": 1, "num_citations": 1, "num_publications_5y": 0, "num_citations_5y": 0, "num_publications_10y": 0, "num_citations_10y": 1, "publications_years": {"2008": 1}, "citations_years": {"2010": 1}, "old_citations": {"2008": 1}, "isVisible": false}, "Toshiba (Japan)": {"name": "Toshiba (Japan)", "type": "organization", "organization_type": "Company", "h_index": 140, "h5_index": 27, "num_publications": 1, "num_citations": 1, "num_publications_5y": 0, "num_citations_5y": 0, "num_publications_10y": 0, "num_citations_10y": 1, "publications_years": {"2007": 1}, "citations_years": {"2011": 1}, "old_citations": {"2007": 1}, "isVisible": false}, "UNSW Sydney": {"name": "UNSW Sydney", "type": "organization", "organization_type": "Education", "h_index": 146, "h5_index": 56, "num_publications": 1, "num_citations": 21, "num_publications_5y": 0, "num_citations_5y": 10, "num_publications_10y": 0, "num_citations_10y": 17, "publications_years": {"2008": 1}, "citations_years": {"2010": 1, "2011": 1, "2012": 0, "2013": 5, "2014": 3, "2015": 1, "2016": 2, "2017": 3, "2018": 1, "2019": 4}, "old_citations": {"2008": 21}, "isVisible": false}, "University of Bayreuth": {"name": "University of Bayreuth", "type": "organization", "organization_type": "Education", "h_index": 33, "h5_index": 13, "num_publications": 1, "num_citations": 2, "num_publications_5y": 0, "num_citations_5y": 1, "num_publications_10y": 1, "num_citations_10y": 1, "publications_years": {"2009": 1}, "citations_years": {"2018": 1, "2019": 1}, "old_citations": {"2009": 2}, "isVisible": false}, "University of Oulu": {"name": "University of Oulu", "type": "organization", "organization_type": "Education", "h_index": 118, "h5_index": 44, "num_publications": 1, "num_citations": 5, "num_publications_5y": 0, "num_citations_5y": 4, "num_publications_10y": 0, "num_citations_10y": 5, "publications_years": {"2008": 1}, "citations_years": {"2012": 1, "2013": 0, "2014": 2, "2015": 1, "2016": 0, "2017": 0, "2018": 1}, "old_citations": {"2008": 5}, "isVisible": false}, "University of Warsaw": {"name": "University of Warsaw", "type": "organization", "organization_type": "Education", "h_index": 79, "h5_index": 21, "num_publications": 1, "num_citations": 2, "num_publications_5y": 0, "num_citations_5y": 0, "num_publications_10y": 0, "num_citations_10y": 2, "publications_years": {"2008": 1}, "citations_years": {"2009": 1, "2010": 1}, "old_citations": {"2008": 2}, "isVisible": false}, "Vytautas Magnus University": {"name": "Vytautas Magnus University", "type": "organization", "organization_type": "Education", "h_index": 16, "h5_index": 4, "num_publications": 1, "num_citations": 2, "num_publications_5y": 0, "num_citations_5y": 2, "num_publications_10y": 0, "num_citations_10y": 2, "publications_years": {"2008": 1}, "citations_years": {"2015": 2}, "old_citations": {"2008": 2}, "isVisible": false}, "Wroc\u0142aw University of Science and Technology": {"name": "Wroc\u0142aw University of Science and Technology", "type": "organization", "organization_type": "Education", "h_index": 52, "h5_index": 15, "num_publications": 1, "num_citations": 2, "num_publications_5y": 0, "num_citations_5y": 2, "num_publications_10y": 1, "num_citations_10y": 2, "publications_years": {"2009": 1}, "citations_years": {"2016": 1, "2017": 0, "2018": 1}, "old_citations": {"2009": 2}, "isVisible": false}}, "topics": {"computer science": {"name": "computer science", "type": "topic", "h_index": 1779, "h5_index": 416, "num_publications": 38, "num_citations": 223, "num_publications_5y": 0, "num_citations_5y": 99, "num_publications_10y": 16, "num_citations_10y": 210, "publications_years": {"2008": 21, "2009": 16, "2007": 1}, "citations_years": {"2009": 11, "2010": 20, "2011": 23, "2012": 31, "2013": 26, "2014": 21, "2015": 29, "2016": 18, "2017": 16, "2018": 15, "2019": 8, "2020": 1, "2008": 4}, "old_citations": {"2008": 121, "2009": 101, "2007": 1}, "isVisible": false}, "computer systems": {"name": "computer systems", "type": "topic", "h_index": 1595, "h5_index": 367, "num_publications": 30, "num_citations": 175, "num_publications_5y": 0, "num_citations_5y": 75, "num_publications_10y": 14, "num_citations_10y": 167, "publications_years": {"2009": 14, "2008": 16}, "citations_years": {"2010": 17, "2011": 20, "2012": 28, "2013": 18, "2014": 14, "2015": 22, "2016": 14, "2017": 12, "2018": 13, "2019": 4, "2020": 1, "2009": 9, "2008": 3}, "old_citations": {"2009": 96, "2008": 79}, "isVisible": false}, "software engineering": {"name": "software engineering", "type": "topic", "h_index": 964, "h5_index": 236, "num_publications": 30, "num_citations": 177, "num_publications_5y": 0, "num_citations_5y": 78, "num_publications_10y": 10, "num_citations_10y": 165, "publications_years": {"2009": 10, "2008": 19, "2007": 1}, "citations_years": {"2012": 24, "2013": 21, "2014": 16, "2015": 25, "2016": 12, "2017": 13, "2018": 12, "2019": 7, "2020": 1, "2010": 17, "2011": 16, "2009": 9, "2008": 4}, "old_citations": {"2009": 64, "2008": 112, "2007": 1}, "isVisible": false}, "computer programming": {"name": "computer programming", "type": "topic", "h_index": 873, "h5_index": 186, "num_publications": 26, "num_citations": 145, "num_publications_5y": 0, "num_citations_5y": 70, "num_publications_10y": 10, "num_citations_10y": 134, "publications_years": {"2009": 10, "2008": 16}, "citations_years": {"2012": 19, "2013": 19, "2014": 13, "2015": 22, "2016": 12, "2017": 12, "2018": 11, "2019": 7, "2020": 1, "2010": 10, "2011": 10, "2009": 6, "2008": 3}, "old_citations": {"2009": 67, "2008": 78}, "isVisible": false}, "software design": {"name": "software design", "type": "topic", "h_index": 907, "h5_index": 227, "num_publications": 26, "num_citations": 133, "num_publications_5y": 0, "num_citations_5y": 60, "num_publications_10y": 8, "num_citations_10y": 123, "publications_years": {"2009": 8, "2008": 17, "2007": 1}, "citations_years": {"2012": 15, "2013": 16, "2014": 13, "2015": 19, "2016": 11, "2017": 7, "2018": 10, "2019": 5, "2020": 1, "2010": 12, "2011": 11, "2009": 9, "2008": 4}, "old_citations": {"2009": 42, "2008": 90, "2007": 1}, "isVisible": false}, "software architecture": {"name": "software architecture", "type": "topic", "h_index": 821, "h5_index": 210, "num_publications": 22, "num_citations": 98, "num_publications_5y": 0, "num_citations_5y": 47, "num_publications_10y": 8, "num_citations_10y": 94, "publications_years": {"2009": 8, "2008": 13, "2007": 1}, "citations_years": {"2012": 14, "2013": 9, "2014": 10, "2015": 17, "2016": 8, "2017": 4, "2018": 8, "2019": 1, "2020": 1, "2009": 8, "2010": 10, "2011": 6, "2008": 2}, "old_citations": {"2009": 42, "2008": 55, "2007": 1}, "isVisible": false}, "artificial intelligence": {"name": "artificial intelligence", "type": "topic", "h_index": 1421, "h5_index": 373, "num_publications": 21, "num_citations": 118, "num_publications_5y": 0, "num_citations_5y": 54, "num_publications_10y": 6, "num_citations_10y": 113, "publications_years": {"2008": 14, "2009": 6, "2007": 1}, "citations_years": {"2009": 6, "2010": 12, "2011": 10, "2012": 17, "2013": 14, "2014": 12, "2015": 17, "2016": 5, "2017": 11, "2018": 9, "2019": 3, "2020": 1, "2008": 1}, "old_citations": {"2008": 73, "2009": 44, "2007": 1}, "isVisible": false}, "object oriented programming": {"name": "object oriented programming", "type": "topic", "h_index": 636, "h5_index": 129, "num_publications": 21, "num_citations": 122, "num_publications_5y": 0, "num_citations_5y": 64, "num_publications_10y": 9, "num_citations_10y": 113, "publications_years": {"2009": 9, "2008": 12}, "citations_years": {"2012": 17, "2013": 13, "2014": 12, "2015": 18, "2016": 11, "2017": 12, "2018": 11, "2019": 7, "2020": 1, "2010": 9, "2011": 4, "2009": 6, "2008": 1}, "old_citations": {"2009": 64, "2008": 58}, "isVisible": false}, "computer programming languages": {"name": "computer programming languages", "type": "topic", "h_index": 746, "h5_index": 154, "num_publications": 18, "num_citations": 92, "num_publications_5y": 0, "num_citations_5y": 46, "num_publications_10y": 7, "num_citations_10y": 89, "publications_years": {"2008": 11, "2009": 7}, "citations_years": {"2009": 5, "2010": 9, "2011": 5, "2012": 16, "2013": 8, "2014": 8, "2015": 18, "2016": 7, "2017": 7, "2018": 6, "2019": 3}, "old_citations": {"2008": 37, "2009": 55}, "isVisible": false}, "software": {"name": "software", "type": "topic", "h_index": 902, "h5_index": 167, "num_publications": 17, "num_citations": 98, "num_publications_5y": 0, "num_citations_5y": 51, "num_publications_10y": 5, "num_citations_10y": 90, "publications_years": {"2008": 11, "2009": 5, "2007": 1}, "citations_years": {"2009": 4, "2010": 10, "2011": 6, "2012": 11, "2013": 8, "2014": 13, "2015": 12, "2016": 8, "2017": 8, "2018": 10, "2019": 5, "2020": 1, "2008": 2}, "old_citations": {"2008": 66, "2009": 31, "2007": 1}, "isVisible": false}, "embedded systems": {"name": "embedded systems", "type": "topic", "h_index": 799, "h5_index": 168, "num_publications": 14, "num_citations": 79, "num_publications_5y": 0, "num_citations_5y": 40, "num_publications_10y": 5, "num_citations_10y": 76, "publications_years": {"2009": 5, "2008": 9}, "citations_years": {"2013": 9, "2014": 8, "2015": 12, "2016": 5, "2017": 8, "2018": 7, "2019": 2, "2020": 1, "2010": 6, "2011": 4, "2012": 13, "2009": 4}, "old_citations": {"2009": 48, "2008": 31}, "isVisible": false}, "architecting": {"name": "architecting", "type": "topic", "h_index": 522, "h5_index": 97, "num_publications": 12, "num_citations": 56, "num_publications_5y": 0, "num_citations_5y": 26, "num_publications_10y": 4, "num_citations_10y": 53, "publications_years": {"2009": 4, "2008": 8}, "citations_years": {"2013": 6, "2014": 8, "2015": 6, "2016": 3, "2017": 3, "2018": 6, "2019": 1, "2020": 1, "2009": 4, "2010": 5, "2011": 2, "2012": 10, "2008": 1}, "old_citations": {"2009": 26, "2008": 30}, "isVisible": false}, "computer networks": {"name": "computer networks", "type": "topic", "h_index": 1262, "h5_index": 332, "num_publications": 12, "num_citations": 60, "num_publications_5y": 0, "num_citations_5y": 23, "num_publications_10y": 5, "num_citations_10y": 57, "publications_years": {"2009": 5, "2008": 7}, "citations_years": {"2010": 4, "2011": 10, "2012": 8, "2013": 8, "2014": 2, "2015": 11, "2016": 6, "2017": 1, "2018": 3, "2019": 1, "2009": 4, "2008": 2}, "old_citations": {"2009": 31, "2008": 29}, "isVisible": false}, "distributed computer systems": {"name": "distributed computer systems", "type": "topic", "h_index": 985, "h5_index": 228, "num_publications": 12, "num_citations": 71, "num_publications_5y": 0, "num_citations_5y": 27, "num_publications_10y": 7, "num_citations_10y": 69, "publications_years": {"2009": 7, "2008": 5}, "citations_years": {"2012": 11, "2013": 7, "2014": 3, "2015": 13, "2016": 7, "2017": 2, "2018": 2, "2009": 4, "2010": 7, "2011": 13, "2008": 2}, "old_citations": {"2009": 48, "2008": 23}, "isVisible": false}, "engineering": {"name": "engineering", "type": "topic", "h_index": 1177, "h5_index": 287, "num_publications": 12, "num_citations": 59, "num_publications_5y": 0, "num_citations_5y": 28, "num_publications_10y": 3, "num_citations_10y": 54, "publications_years": {"2008": 8, "2009": 3, "2007": 1}, "citations_years": {"2009": 2, "2010": 3, "2011": 8, "2012": 4, "2013": 9, "2014": 4, "2015": 9, "2016": 8, "2017": 3, "2018": 4, "2019": 0, "2020": 1, "2008": 4}, "old_citations": {"2008": 39, "2009": 19, "2007": 1}, "isVisible": false}, "theoretical computer science": {"name": "theoretical computer science", "type": "topic", "h_index": 883, "h5_index": 203, "num_publications": 12, "num_citations": 75, "num_publications_5y": 0, "num_citations_5y": 32, "num_publications_10y": 3, "num_citations_10y": 74, "publications_years": {"2008": 9, "2009": 3}, "citations_years": {"2009": 5, "2010": 9, "2011": 10, "2012": 13, "2013": 5, "2014": 8, "2015": 12, "2016": 5, "2017": 4, "2018": 3, "2008": 1}, "old_citations": {"2008": 53, "2009": 22}, "isVisible": false}, "information systems": {"name": "information systems", "type": "topic", "h_index": 679, "h5_index": 124, "num_publications": 11, "num_citations": 40, "num_publications_5y": 0, "num_citations_5y": 16, "num_publications_10y": 5, "num_citations_10y": 37, "publications_years": {"2009": 5, "2008": 6}, "citations_years": {"2010": 7, "2011": 3, "2012": 5, "2013": 4, "2014": 1, "2015": 6, "2016": 3, "2017": 3, "2018": 3, "2019": 2, "2009": 2, "2008": 1}, "old_citations": {"2009": 24, "2008": 16}, "isVisible": false}, "internet": {"name": "internet", "type": "topic", "h_index": 1102, "h5_index": 245, "num_publications": 11, "num_citations": 41, "num_publications_5y": 0, "num_citations_5y": 20, "num_publications_10y": 4, "num_citations_10y": 38, "publications_years": {"2009": 4, "2008": 7}, "citations_years": {"2012": 4, "2013": 7, "2014": 4, "2015": 5, "2016": 6, "2017": 1, "2018": 4, "2009": 2, "2010": 1, "2011": 4, "2019": 1, "2008": 2}, "old_citations": {"2009": 18, "2008": 23}, "isVisible": false}, "linguistics": {"name": "linguistics", "type": "topic", "h_index": 867, "h5_index": 206, "num_publications": 11, "num_citations": 89, "num_publications_5y": 0, "num_citations_5y": 35, "num_publications_10y": 3, "num_citations_10y": 86, "publications_years": {"2008": 8, "2009": 3}, "citations_years": {"2009": 6, "2010": 12, "2011": 8, "2012": 17, "2013": 8, "2014": 8, "2015": 10, "2016": 4, "2017": 9, "2018": 4, "2019": 2, "2008": 1}, "old_citations": {"2008": 52, "2009": 37}, "isVisible": false}, "database systems": {"name": "database systems", "type": "topic", "h_index": 1167, "h5_index": 276, "num_publications": 10, "num_citations": 54, "num_publications_5y": 0, "num_citations_5y": 21, "num_publications_10y": 3, "num_citations_10y": 54, "publications_years": {"2008": 7, "2009": 3}, "citations_years": {"2009": 1, "2010": 8, "2011": 5, "2012": 12, "2015": 8, "2016": 6, "2013": 7, "2014": 5, "2017": 2}, "old_citations": {"2008": 31, "2009": 23}, "isVisible": false}, "mathematics": {"name": "mathematics", "type": "topic", "h_index": 1364, "h5_index": 300, "num_publications": 9, "num_citations": 74, "num_publications_5y": 0, "num_citations_5y": 42, "num_publications_10y": 4, "num_citations_10y": 67, "publications_years": {"2008": 4, "2009": 4, "2007": 1}, "citations_years": {"2009": 1, "2010": 2, "2011": 6, "2012": 5, "2013": 11, "2014": 7, "2015": 10, "2016": 6, "2017": 11, "2018": 8, "2019": 6, "2020": 1}, "old_citations": {"2008": 35, "2009": 38, "2007": 1}, "isVisible": false}, "requirements engineering": {"name": "requirements engineering", "type": "topic", "h_index": 283, "h5_index": 47, "num_publications": 9, "num_citations": 67, "num_publications_5y": 0, "num_citations_5y": 29, "num_publications_10y": 2, "num_citations_10y": 65, "publications_years": {"2008": 7, "2009": 2}, "citations_years": {"2009": 2, "2010": 8, "2011": 5, "2012": 15, "2013": 6, "2014": 8, "2015": 10, "2016": 1, "2017": 6, "2018": 4, "2019": 2}, "old_citations": {"2008": 45, "2009": 22}, "isVisible": false}, "functional requirement": {"name": "functional requirement", "type": "topic", "h_index": 217, "h5_index": 32, "num_publications": 6, "num_citations": 61, "num_publications_5y": 0, "num_citations_5y": 26, "num_publications_10y": 1, "num_citations_10y": 59, "publications_years": {"2008": 5, "2009": 1}, "citations_years": {"2009": 2, "2010": 7, "2011": 5, "2012": 14, "2013": 5, "2014": 8, "2015": 7, "2016": 1, "2017": 6, "2018": 4, "2019": 2}, "old_citations": {"2008": 41, "2009": 20}, "isVisible": false}, "semantics": {"name": "semantics", "type": "topic", "h_index": 803, "h5_index": 226, "num_publications": 8, "num_citations": 59, "num_publications_5y": 0, "num_citations_5y": 14, "num_publications_10y": 2, "num_citations_10y": 58, "publications_years": {"2009": 2, "2008": 6}, "citations_years": {"2009": 4, "2010": 9, "2011": 10, "2012": 14, "2013": 7, "2014": 6, "2015": 4, "2016": 1, "2017": 2, "2018": 1, "2008": 1}, "old_citations": {"2009": 13, "2008": 46}, "isVisible": false}}, "authors": {"1026438672": {"name": "tomasz szmuc", "type": "author", "activity": 14, "h_index": 6, "h5_index": 1, "mag_id": "1026438672", "num_publications": 2, "num_citations": 8, "num_publications_5y": 0, "num_citations_5y": 6, "num_publications_10y": 1, "num_citations_10y": 8, "publications_years": {"2009": 1, "2008": 1}, "citations_years": {"2012": 1, "2013": 0, "2014": 2, "2015": 1, "2016": 0, "2017": 1, "2018": 2, "2009": 1, "2010": 0, "2011": 0}, "old_citations": {"2009": 6, "2008": 2}, "isVisible": false}, "1173591590": {"name": "slawomir samolej", "type": "author", "activity": 15, "h_index": 3, "h5_index": 1, "mag_id": "1173591590", "num_publications": 2, "num_citations": 8, "num_publications_5y": 0, "num_citations_5y": 6, "num_publications_10y": 1, "num_citations_10y": 8, "publications_years": {"2009": 1, "2008": 1}, "citations_years": {"2012": 1, "2013": 0, "2014": 2, "2015": 1, "2016": 0, "2017": 1, "2018": 2, "2009": 1, "2010": 0, "2011": 0}, "old_citations": {"2009": 6, "2008": 2}, "isVisible": false}, "2057566357": {"name": "valentino vranic", "type": "author", "activity": 19, "h_index": 9, "h5_index": 3, "mag_id": "2057566357", "num_publications": 2, "num_citations": 14, "num_publications_5y": 0, "num_citations_5y": 9, "num_publications_10y": 1, "num_citations_10y": 14, "publications_years": {"2008": 1, "2009": 1}, "citations_years": {"2009": 2, "2010": 1, "2011": 0, "2012": 2, "2013": 0, "2014": 0, "2015": 5, "2016": 3, "2017": 0, "2018": 1}, "old_citations": {"2008": 5, "2009": 9}, "isVisible": false}, "2095595419": {"name": "jurgen munch", "type": "author", "activity": 26, "h_index": 24, "h5_index": 6, "mag_id": "2095595419", "num_publications": 2, "num_citations": 22, "num_publications_5y": 0, "num_citations_5y": 10, "num_publications_10y": 0, "num_citations_10y": 18, "publications_years": {"2008": 1, "2007": 1}, "citations_years": {"2010": 1, "2011": 2, "2012": 0, "2013": 5, "2014": 3, "2015": 1, "2016": 2, "2017": 3, "2018": 1, "2019": 4}, "old_citations": {"2008": 21, "2007": 1}, "isVisible": false}, "2157332363": {"name": "radoslav menkyna", "type": "author", "activity": 3, "h_index": 4, "h5_index": 0, "mag_id": "2157332363", "num_publications": 2, "num_citations": 14, "num_publications_5y": 0, "num_citations_5y": 9, "num_publications_10y": 1, "num_citations_10y": 14, "publications_years": {"2008": 1, "2009": 1}, "citations_years": {"2009": 2, "2010": 1, "2011": 0, "2012": 2, "2013": 0, "2014": 0, "2015": 5, "2016": 3, "2017": 0, "2018": 1}, "old_citations": {"2008": 5, "2009": 9}, "isVisible": false}, "29047808": {"name": "ilona bluemke", "type": "author", "activity": 25, "h_index": 6, "h5_index": 2, "mag_id": "29047808", "num_publications": 1, "num_citations": 4, "num_publications_5y": 0, "num_citations_5y": 2, "num_publications_10y": 1, "num_citations_10y": 4, "publications_years": {"2009": 1}, "citations_years": {"2012": 1, "2013": 1, "2014": 0, "2015": 1, "2016": 0, "2017": 1}, "old_citations": {"2009": 4}, "isVisible": false}, "32978245": {"name": "bogumila hnatkowska", "type": "author", "activity": 21, "h_index": 5, "h5_index": 2, "mag_id": "32978245", "num_publications": 1, "num_citations": 2, "num_publications_5y": 0, "num_citations_5y": 2, "num_publications_10y": 1, "num_citations_10y": 2, "publications_years": {"2009": 1}, "citations_years": {"2016": 1, "2017": 0, "2018": 1}, "old_citations": {"2009": 2}, "isVisible": false}, "47006932": {"name": "krzysztof sapiecha", "type": "author", "activity": 25, "h_index": 6, "h5_index": 2, "mag_id": "47006932", "num_publications": 1, "num_citations": 4, "num_publications_5y": 0, "num_citations_5y": 1, "num_publications_10y": 1, "num_citations_10y": 4, "publications_years": {"2009": 1}, "citations_years": {"2011": 1, "2012": 1, "2013": 1, "2014": 0, "2015": 1}, "old_citations": {"2009": 4}, "isVisible": false}, "71904759": {"name": "anna derezinska", "type": "author", "activity": 27, "h_index": 10, "h5_index": 2, "mag_id": "71904759", "num_publications": 1, "num_citations": 20, "num_publications_5y": 0, "num_citations_5y": 12, "num_publications_10y": 1, "num_citations_10y": 18, "publications_years": {"2009": 1}, "citations_years": {"2010": 1, "2011": 1, "2012": 2, "2013": 2, "2014": 1, "2015": 3, "2016": 1, "2017": 5, "2018": 2, "2019": 2}, "old_citations": {"2009": 20}, "isVisible": false}, "72178632": {"name": "adam trendowicz", "type": "author", "activity": 8, "h_index": 2, "h5_index": 0, "mag_id": "72178632", "num_publications": 1, "num_citations": 1, "num_publications_5y": 0, "num_citations_5y": 0, "num_publications_10y": 0, "num_citations_10y": 1, "publications_years": {"2007": 1}, "citations_years": {"2011": 1}, "old_citations": {"2007": 1}, "isVisible": false}, "78186291": {"name": "thomas gschwind", "type": "author", "activity": 15, "h_index": 9, "h5_index": 1, "mag_id": "78186291", "num_publications": 1, "num_citations": 3, "num_publications_5y": 0, "num_citations_5y": 1, "num_publications_10y": 0, "num_citations_10y": 3, "publications_years": {"2008": 1}, "citations_years": {"2013": 2, "2014": 0, "2015": 1}, "old_citations": {"2008": 3}, "isVisible": false}, "78240413": {"name": "bjorn krellner", "type": "author", "activity": 6, "h_index": 2, "h5_index": 0, "mag_id": "78240413", "num_publications": 1, "num_citations": 2, "num_publications_5y": 0, "num_citations_5y": 1, "num_publications_10y": 1, "num_citations_10y": 1, "publications_years": {"2009": 1}, "citations_years": {"2018": 1, "2019": 1}, "old_citations": {"2009": 2}, "isVisible": false}, "119798386": {"name": "mariusz bedla", "type": "author", "activity": 12, "h_index": 3, "h5_index": 0, "mag_id": "119798386", "num_publications": 1, "num_citations": 4, "num_publications_5y": 0, "num_citations_5y": 1, "num_publications_10y": 1, "num_citations_10y": 4, "publications_years": {"2009": 1}, "citations_years": {"2011": 1, "2012": 1, "2013": 1, "2014": 0, "2015": 1}, "old_citations": {"2009": 4}, "isVisible": false}, "147472307": {"name": "michal bebjak", "type": "author", "activity": 3, "h_index": 3, "h5_index": 0, "mag_id": "147472307", "num_publications": 1, "num_citations": 5, "num_publications_5y": 0, "num_citations_5y": 3, "num_publications_10y": 0, "num_citations_10y": 5, "publications_years": {"2008": 1}, "citations_years": {"2009": 2, "2010": 0, "2011": 0, "2012": 0, "2013": 0, "2014": 0, "2015": 1, "2016": 1, "2017": 0, "2018": 1}, "old_citations": {"2008": 5}, "isVisible": false}, "200415345": {"name": "pavol navrat", "type": "author", "activity": 27, "h_index": 12, "h5_index": 2, "mag_id": "200415345", "num_publications": 1, "num_citations": 5, "num_publications_5y": 0, "num_citations_5y": 2, "num_publications_10y": 1, "num_citations_10y": 4, "publications_years": {"2009": 1}, "citations_years": {"2010": 1, "2011": 0, "2012": 0, "2013": 1, "2014": 0, "2015": 0, "2016": 0, "2017": 1, "2018": 1, "2019": 1}, "old_citations": {"2009": 5}, "isVisible": false}, "207298610": {"name": "bozena wo\u017anaszcze\u015bniak", "type": "author", "activity": 12, "h_index": 6, "h5_index": 1, "mag_id": "207298610", "num_publications": 1, "num_citations": 2, "num_publications_5y": 0, "num_citations_5y": 0, "num_publications_10y": 1, "num_citations_10y": 2, "publications_years": {"2009": 1}, "citations_years": {"2011": 1, "2012": 0, "2013": 1}, "old_citations": {"2009": 2}, "isVisible": false}, "243508580": {"name": "marcin szlenk", "type": "author", "activity": 17, "h_index": 5, "h5_index": 1, "mag_id": "243508580", "num_publications": 1, "num_citations": 5, "num_publications_5y": 0, "num_citations_5y": 2, "num_publications_10y": 0, "num_citations_10y": 5, "publications_years": {"2008": 1}, "citations_years": {"2009": 2, "2010": 0, "2011": 0, "2012": 1, "2013": 0, "2014": 2}, "old_citations": {"2008": 5}, "isVisible": false}, "282794039": {"name": "erki eessaar", "type": "author", "activity": 15, "h_index": 4, "h5_index": 1, "mag_id": "282794039", "num_publications": 1, "num_citations": 1, "num_publications_5y": 0, "num_citations_5y": 0, "num_publications_10y": 0, "num_citations_10y": 1, "publications_years": {"2008": 1}, "citations_years": {"2010": 1}, "old_citations": {"2008": 1}, "isVisible": false}, "308244512": {"name": "sascha hunold", "type": "author", "activity": 7, "h_index": 7, "h5_index": 0, "mag_id": "308244512", "num_publications": 1, "num_citations": 2, "num_publications_5y": 0, "num_citations_5y": 1, "num_publications_10y": 1, "num_citations_10y": 1, "publications_years": {"2009": 1}, "citations_years": {"2018": 1, "2019": 1}, "old_citations": {"2009": 2}, "isVisible": false}, "313787655": {"name": "pasi kuvaja", "type": "author", "activity": 27, "h_index": 12, "h5_index": 6, "mag_id": "313787655", "num_publications": 1, "num_citations": 5, "num_publications_5y": 0, "num_citations_5y": 4, "num_publications_10y": 0, "num_citations_10y": 5, "publications_years": {"2008": 1}, "citations_years": {"2012": 1, "2013": 0, "2014": 2, "2015": 1, "2016": 0, "2017": 0, "2018": 1}, "old_citations": {"2008": 5}, "isVisible": false}, "372955294": {"name": "kazimierz subieta", "type": "author", "activity": 29, "h_index": 13, "h5_index": 0, "mag_id": "372955294", "num_publications": 1, "num_citations": 2, "num_publications_5y": 0, "num_citations_5y": 0, "num_publications_10y": 0, "num_citations_10y": 2, "publications_years": {"2008": 1}, "citations_years": {"2009": 1, "2010": 1}, "old_citations": {"2008": 2}, "isVisible": false}, "396160509": {"name": "piotr habela", "type": "author", "activity": 15, "h_index": 7, "h5_index": 0, "mag_id": "396160509", "num_publications": 1, "num_citations": 2, "num_publications_5y": 0, "num_citations_5y": 0, "num_publications_10y": 0, "num_citations_10y": 2, "publications_years": {"2008": 1}, "citations_years": {"2009": 1, "2010": 1}, "old_citations": {"2008": 2}, "isVisible": false}, "674901608": {"name": "krzysztof stencel", "type": "author", "activity": 16, "h_index": 12, "h5_index": 2, "mag_id": "674901608", "num_publications": 1, "num_citations": 2, "num_publications_5y": 0, "num_citations_5y": 0, "num_publications_10y": 0, "num_citations_10y": 2, "publications_years": {"2008": 1}, "citations_years": {"2009": 1, "2010": 1}, "old_citations": {"2008": 2}, "isVisible": false}, "707051502": {"name": "yasushi ishigai", "type": "author", "activity": 9, "h_index": 3, "h5_index": 0, "mag_id": "707051502", "num_publications": 1, "num_citations": 1, "num_publications_5y": 0, "num_citations_5y": 0, "num_publications_10y": 0, "num_citations_10y": 1, "publications_years": {"2007": 1}, "citations_years": {"2011": 1}, "old_citations": {"2007": 1}, "isVisible": false}, "711476896": {"name": "stefan biffl", "type": "author", "activity": 28, "h_index": 27, "h5_index": 5, "mag_id": "711476896", "num_publications": 1, "num_citations": 5, "num_publications_5y": 0, "num_citations_5y": 2, "num_publications_10y": 0, "num_citations_10y": 5, "publications_years": {"2008": 1}, "citations_years": {"2009": 1, "2010": 2, "2011": 0, "2012": 0, "2013": 0, "2014": 1, "2015": 1}, "old_citations": {"2008": 5}, "isVisible": false}, "718305395": {"name": "miroslaw ochodek", "type": "author", "activity": 15, "h_index": 7, "h5_index": 3, "mag_id": "718305395", "num_publications": 1, "num_citations": 20, "num_publications_5y": 0, "num_citations_5y": 5, "num_publications_10y": 0, "num_citations_10y": 20, "publications_years": {"2008": 1}, "citations_years": {"2010": 3, "2011": 4, "2012": 6, "2013": 2, "2014": 2, "2015": 2, "2016": 0, "2017": 1}, "old_citations": {"2008": 20}, "isVisible": false}, "976721086": {"name": "marian lekav\u00fd", "type": "author", "activity": 3, "h_index": 2, "h5_index": 0, "mag_id": "976721086", "num_publications": 1, "num_citations": 5, "num_publications_5y": 0, "num_citations_5y": 2, "num_publications_10y": 1, "num_citations_10y": 4, "publications_years": {"2009": 1}, "citations_years": {"2010": 1, "2011": 0, "2012": 0, "2013": 1, "2014": 0, "2015": 0, "2016": 0, "2017": 1, "2018": 1, "2019": 1}, "old_citations": {"2009": 5}, "isVisible": false}, "1122187853": {"name": "peter dolog", "type": "author", "activity": 19, "h_index": 24, "h5_index": 5, "mag_id": "1122187853", "num_publications": 1, "num_citations": 5, "num_publications_5y": 0, "num_citations_5y": 3, "num_publications_10y": 0, "num_citations_10y": 5, "publications_years": {"2008": 1}, "citations_years": {"2009": 2, "2010": 0, "2011": 0, "2012": 0, "2013": 0, "2014": 0, "2015": 1, "2016": 1, "2017": 0, "2018": 1}, "old_citations": {"2008": 5}, "isVisible": false}, "1244044867": {"name": "krzysztof sacha", "type": "author", "activity": 26, "h_index": 7, "h5_index": 1, "mag_id": "1244044867", "num_publications": 1, "num_citations": 11, "num_publications_5y": 0, "num_citations_5y": 1, "num_publications_10y": 1, "num_citations_10y": 11, "publications_years": {"2009": 1}, "citations_years": {"2009": 1, "2010": 2, "2011": 4, "2012": 2, "2013": 1, "2014": 0, "2015": 0, "2016": 1}, "old_citations": {"2009": 11}, "isVisible": false}, "1471430439": {"name": "dirk wilking", "type": "author", "activity": 4, "h_index": 3, "h5_index": 0, "mag_id": "1471430439", "num_publications": 1, "num_citations": 2, "num_publications_5y": 0, "num_citations_5y": 1, "num_publications_10y": 0, "num_citations_10y": 1, "publications_years": {"2008": 1}, "citations_years": {"2008": 1, "2009": 0, "2010": 0, "2011": 0, "2012": 0, "2013": 0, "2014": 1}, "old_citations": {"2008": 2}, "isVisible": false}, "1747272225": {"name": "hagen volzer", "type": "author", "activity": 13, "h_index": 14, "h5_index": 3, "mag_id": "1747272225", "num_publications": 1, "num_citations": 3, "num_publications_5y": 0, "num_citations_5y": 1, "num_publications_10y": 0, "num_citations_10y": 3, "publications_years": {"2008": 1}, "citations_years": {"2013": 2, "2014": 0, "2015": 1}, "old_citations": {"2008": 3}, "isVisible": false}, "1793965813": {"name": "marcin gorawski", "type": "author", "activity": 19, "h_index": 11, "h5_index": 1, "mag_id": "1793965813", "num_publications": 1, "num_citations": 8, "num_publications_5y": 0, "num_citations_5y": 5, "num_publications_10y": 1, "num_citations_10y": 8, "publications_years": {"2009": 1}, "citations_years": {"2012": 1, "2013": 2, "2014": 2, "2015": 0, "2016": 3}, "old_citations": {"2009": 8}, "isVisible": false}, "1850417542": {"name": "thomas rauber", "type": "author", "activity": 29, "h_index": 19, "h5_index": 3, "mag_id": "1850417542", "num_publications": 1, "num_citations": 2, "num_publications_5y": 0, "num_citations_5y": 1, "num_publications_10y": 1, "num_citations_10y": 1, "publications_years": {"2009": 1}, "citations_years": {"2018": 1, "2019": 1}, "old_citations": {"2009": 2}, "isVisible": false}, "1919091370": {"name": "petr hn\u011btynka", "type": "author", "activity": 12, "h_index": 9, "h5_index": 0, "mag_id": "1919091370", "num_publications": 1, "num_citations": 9, "num_publications_5y": 0, "num_citations_5y": 3, "num_publications_10y": 0, "num_citations_10y": 9, "publications_years": {"2008": 1}, "citations_years": {"2010": 1, "2011": 0, "2012": 4, "2013": 1, "2014": 2, "2015": 0, "2016": 0, "2017": 0, "2018": 1}, "old_citations": {"2008": 9}, "isVisible": false}, "1978071725": {"name": "timur umarov", "type": "author", "activity": 8, "h_index": 2, "h5_index": 0, "mag_id": "1978071725", "num_publications": 1, "num_citations": 2, "num_publications_5y": 0, "num_citations_5y": 1, "num_publications_10y": 1, "num_citations_10y": 2, "publications_years": {"2009": 1}, "citations_years": {"2012": 1, "2013": 0, "2014": 0, "2015": 1}, "old_citations": {"2009": 2}, "isVisible": false}, "1999894784": {"name": "anna felkner", "type": "author", "activity": 9, "h_index": 4, "h5_index": 0, "mag_id": "1999894784", "num_publications": 1, "num_citations": 11, "num_publications_5y": 0, "num_citations_5y": 1, "num_publications_10y": 1, "num_citations_10y": 11, "publications_years": {"2009": 1}, "citations_years": {"2009": 1, "2010": 2, "2011": 4, "2012": 2, "2013": 1, "2014": 0, "2015": 0, "2016": 1}, "old_citations": {"2009": 11}, "isVisible": false}, "2002433716": {"name": "petr weiss", "type": "author", "activity": 3, "h_index": 2, "h5_index": 0, "mag_id": "2002433716", "num_publications": 1, "num_citations": 2, "num_publications_5y": 0, "num_citations_5y": 0, "num_publications_10y": 0, "num_citations_10y": 2, "publications_years": {"2008": 1}, "citations_years": {"2010": 1, "2011": 0, "2012": 0, "2013": 1}, "old_citations": {"2008": 2}, "isVisible": false}, "2017422669": {"name": "aleksander chroszcz", "type": "author", "activity": 7, "h_index": 4, "h5_index": 0, "mag_id": "2017422669", "num_publications": 1, "num_citations": 8, "num_publications_5y": 0, "num_citations_5y": 5, "num_publications_10y": 1, "num_citations_10y": 8, "publications_years": {"2009": 1}, "citations_years": {"2012": 1, "2013": 2, "2014": 2, "2015": 0, "2016": 3}, "old_citations": {"2009": 8}, "isVisible": false}, "2018357410": {"name": "artur rembiszewski", "type": "author", "activity": 7, "h_index": 2, "h5_index": 0, "mag_id": "2018357410", "num_publications": 1, "num_citations": 4, "num_publications_5y": 0, "num_citations_5y": 2, "num_publications_10y": 1, "num_citations_10y": 4, "publications_years": {"2009": 1}, "citations_years": {"2012": 1, "2013": 1, "2014": 0, "2015": 1, "2016": 0, "2017": 1}, "old_citations": {"2009": 4}, "isVisible": false}, "2023937925": {"name": "gudula runger", "type": "author", "activity": 28, "h_index": 17, "h5_index": 3, "mag_id": "2023937925", "num_publications": 1, "num_citations": 2, "num_publications_5y": 0, "num_citations_5y": 1, "num_publications_10y": 1, "num_citations_10y": 1, "publications_years": {"2009": 1}, "citations_years": {"2018": 1, "2019": 1}, "old_citations": {"2009": 2}, "isVisible": false}, "2026280049": {"name": "krzysztof kaczmarski", "type": "author", "activity": 16, "h_index": 9, "h5_index": 1, "mag_id": "2026280049", "num_publications": 1, "num_citations": 2, "num_publications_5y": 0, "num_citations_5y": 0, "num_publications_10y": 0, "num_citations_10y": 2, "publications_years": {"2008": 1}, "citations_years": {"2009": 1, "2010": 1}, "old_citations": {"2008": 2}, "isVisible": false}, "2026758046": {"name": "pavol mederly", "type": "author", "activity": 2, "h_index": 2, "h5_index": 0, "mag_id": "2026758046", "num_publications": 1, "num_citations": 5, "num_publications_5y": 0, "num_citations_5y": 2, "num_publications_10y": 1, "num_citations_10y": 4, "publications_years": {"2009": 1}, "citations_years": {"2010": 1, "2011": 0, "2012": 0, "2013": 1, "2014": 0, "2015": 0, "2016": 0, "2017": 1, "2018": 1, "2019": 1}, "old_citations": {"2009": 5}, "isVisible": false}, "2027619000": {"name": "jouni simila", "type": "author", "activity": 23, "h_index": 6, "h5_index": 2, "mag_id": "2027619000", "num_publications": 1, "num_citations": 5, "num_publications_5y": 0, "num_citations_5y": 4, "num_publications_10y": 0, "num_citations_10y": 5, "publications_years": {"2008": 1}, "citations_years": {"2012": 1, "2013": 0, "2014": 2, "2015": 1, "2016": 0, "2017": 0, "2018": 1}, "old_citations": {"2008": 5}, "isVisible": false}, "2032654697": {"name": "jochen m kuster", "type": "author", "activity": 20, "h_index": 25, "h5_index": 2, "mag_id": "2032654697", "num_publications": 1, "num_citations": 3, "num_publications_5y": 0, "num_citations_5y": 1, "num_publications_10y": 0, "num_citations_10y": 3, "publications_years": {"2008": 1}, "citations_years": {"2013": 2, "2014": 0, "2015": 1}, "old_citations": {"2008": 3}, "isVisible": false}, "2048653866": {"name": "andrzej ratkowski", "type": "author", "activity": 10, "h_index": 2, "h5_index": 1, "mag_id": "2048653866", "num_publications": 1, "num_citations": 2, "num_publications_5y": 0, "num_citations_5y": 0, "num_publications_10y": 0, "num_citations_10y": 2, "publications_years": {"2008": 1}, "citations_years": {"2009": 1, "2010": 0, "2011": 0, "2012": 1}, "old_citations": {"2008": 2}, "isVisible": false}, "2052259280": {"name": "lionel mariemagdeleine", "type": "author", "activity": 1, "h_index": 1, "h5_index": 0, "mag_id": "2052259280", "num_publications": 1, "num_citations": 3, "num_publications_5y": 0, "num_citations_5y": 0, "num_publications_10y": 1, "num_citations_10y": 3, "publications_years": {"2009": 1}, "citations_years": {"2011": 2, "2012": 1}, "old_citations": {"2009": 3}, "isVisible": false}, "2077474590": {"name": "stefan kowalewski", "type": "author", "activity": 24, "h_index": 21, "h5_index": 4, "mag_id": "2077474590", "num_publications": 1, "num_citations": 2, "num_publications_5y": 0, "num_citations_5y": 1, "num_publications_10y": 0, "num_citations_10y": 1, "publications_years": {"2008": 1}, "citations_years": {"2008": 1, "2009": 0, "2010": 0, "2011": 0, "2012": 0, "2013": 0, "2014": 1}, "old_citations": {"2008": 2}, "isVisible": false}, "2077536208": {"name": "janusz gorski", "type": "author", "activity": 28, "h_index": 11, "h5_index": 0, "mag_id": "2077536208", "num_publications": 1, "num_citations": 11, "num_publications_5y": 0, "num_citations_5y": 2, "num_publications_10y": 0, "num_citations_10y": 9, "publications_years": {"2008": 1}, "citations_years": {"2008": 2, "2009": 0, "2010": 0, "2011": 4, "2012": 1, "2013": 2, "2014": 0, "2015": 1, "2016": 1}, "old_citations": {"2008": 11}, "isVisible": false}, "2077738730": {"name": "thomas reichel", "type": "author", "activity": 7, "h_index": 3, "h5_index": 0, "mag_id": "2077738730", "num_publications": 1, "num_citations": 2, "num_publications_5y": 0, "num_citations_5y": 1, "num_publications_10y": 1, "num_citations_10y": 1, "publications_years": {"2009": 1}, "citations_years": {"2018": 1, "2019": 1}, "old_citations": {"2009": 2}, "isVisible": false}, "2078546087": {"name": "juan garbajosa sopena", "type": "author", "activity": 5, "h_index": 1, "h5_index": 0, "mag_id": "2078546087", "num_publications": 1, "num_citations": 7, "num_publications_5y": 0, "num_citations_5y": 1, "num_publications_10y": 0, "num_citations_10y": 6, "publications_years": {"2008": 1}, "citations_years": {"2008": 1, "2009": 1, "2010": 2, "2011": 2, "2012": 0, "2013": 0, "2014": 0, "2015": 0, "2016": 0, "2017": 1}, "old_citations": {"2008": 7}, "isVisible": false}, "2091919119": {"name": "grzegorz falda", "type": "author", "activity": 3, "h_index": 2, "h5_index": 0, "mag_id": "2091919119", "num_publications": 1, "num_citations": 2, "num_publications_5y": 0, "num_citations_5y": 0, "num_publications_10y": 0, "num_citations_10y": 2, "publications_years": {"2008": 1}, "citations_years": {"2009": 1, "2010": 1}, "old_citations": {"2008": 2}, "isVisible": false}, "2097470146": {"name": "isabelle cote", "type": "author", "activity": 14, "h_index": 8, "h5_index": 1, "mag_id": "2097470146", "num_publications": 1, "num_citations": 1, "num_publications_5y": 0, "num_citations_5y": 0, "num_publications_10y": 1, "num_citations_10y": 1, "publications_years": {"2009": 1}, "citations_years": {"2012": 1}, "old_citations": {"2009": 1}, "isVisible": false}, "2119266361": {"name": "ross jeffery", "type": "author", "activity": 28, "h_index": 17, "h5_index": 1, "mag_id": "2119266361", "num_publications": 1, "num_citations": 21, "num_publications_5y": 0, "num_citations_5y": 10, "num_publications_10y": 0, "num_citations_10y": 17, "publications_years": {"2008": 1}, "citations_years": {"2010": 1, "2011": 1, "2012": 0, "2013": 5, "2014": 3, "2015": 1, "2016": 2, "2017": 3, "2018": 1, "2019": 4}, "old_citations": {"2008": 21}, "isVisible": false}, "2132947874": {"name": "jana koehler", "type": "author", "activity": 26, "h_index": 29, "h5_index": 0, "mag_id": "2132947874", "num_publications": 1, "num_citations": 3, "num_publications_5y": 0, "num_citations_5y": 1, "num_publications_10y": 0, "num_citations_10y": 3, "publications_years": {"2008": 1}, "citations_years": {"2013": 2, "2014": 0, "2015": 1}, "old_citations": {"2008": 3}, "isVisible": false}, "2138564696": {"name": "sergei soloviev", "type": "author", "activity": 19, "h_index": 3, "h5_index": 0, "mag_id": "2138564696", "num_publications": 1, "num_citations": 3, "num_publications_5y": 0, "num_citations_5y": 0, "num_publications_10y": 1, "num_citations_10y": 3, "publications_years": {"2009": 1}, "citations_years": {"2011": 2, "2012": 1}, "old_citations": {"2009": 3}, "isVisible": false}, "2147529223": {"name": "axel wickenkamp", "type": "author", "activity": 8, "h_index": 2, "h5_index": 0, "mag_id": "2147529223", "num_publications": 1, "num_citations": 1, "num_publications_5y": 0, "num_citations_5y": 0, "num_publications_10y": 0, "num_citations_10y": 1, "publications_years": {"2007": 1}, "citations_years": {"2011": 1}, "old_citations": {"2007": 1}, "isVisible": false}, "2150042355": {"name": "saeed parsa", "type": "author", "activity": 17, "h_index": 11, "h5_index": 4, "mag_id": "2150042355", "num_publications": 1, "num_citations": 9, "num_publications_5y": 0, "num_citations_5y": 6, "num_publications_10y": 1, "num_citations_10y": 8, "publications_years": {"2009": 1}, "citations_years": {"2013": 2, "2014": 0, "2015": 0, "2016": 1, "2017": 2, "2018": 3, "2019": 0, "2020": 1}, "old_citations": {"2009": 9}, "isVisible": false}, "2152541344": {"name": "alireza khalilian", "type": "author", "activity": 12, "h_index": 6, "h5_index": 2, "mag_id": "2152541344", "num_publications": 1, "num_citations": 9, "num_publications_5y": 0, "num_citations_5y": 6, "num_publications_10y": 1, "num_citations_10y": 8, "publications_years": {"2009": 1}, "citations_years": {"2013": 2, "2014": 0, "2015": 0, "2016": 1, "2017": 2, "2018": 3, "2019": 0, "2020": 1}, "old_citations": {"2009": 9}, "isVisible": false}, "2157529645": {"name": "marvin ferber", "type": "author", "activity": 8, "h_index": 3, "h5_index": 0, "mag_id": "2157529645", "num_publications": 1, "num_citations": 2, "num_publications_5y": 0, "num_citations_5y": 1, "num_publications_10y": 1, "num_citations_10y": 1, "publications_years": {"2009": 1}, "citations_years": {"2018": 1, "2019": 1}, "old_citations": {"2009": 2}, "isVisible": false}, "2164889879": {"name": "olaf zimmermann", "type": "author", "activity": 26, "h_index": 20, "h5_index": 6, "mag_id": "2164889879", "num_publications": 1, "num_citations": 3, "num_publications_5y": 0, "num_citations_5y": 1, "num_publications_10y": 0, "num_citations_10y": 3, "publications_years": {"2008": 1}, "citations_years": {"2013": 2, "2014": 0, "2015": 1}, "old_citations": {"2008": 3}, "isVisible": false}, "2166670235": {"name": "angelina espinoza limon", "type": "author", "activity": 5, "h_index": 1, "h5_index": 0, "mag_id": "2166670235", "num_publications": 1, "num_citations": 7, "num_publications_5y": 0, "num_citations_5y": 1, "num_publications_10y": 0, "num_citations_10y": 6, "publications_years": {"2008": 1}, "citations_years": {"2008": 1, "2009": 1, "2010": 2, "2011": 2, "2012": 0, "2013": 0, "2014": 0, "2015": 0, "2016": 0, "2017": 1}, "old_citations": {"2008": 7}, "isVisible": false}, "2167244300": {"name": "michal dobis", "type": "author", "activity": 1, "h_index": 1, "h5_index": 0, "mag_id": "2167244300", "num_publications": 1, "num_citations": 3, "num_publications_5y": 0, "num_citations_5y": 3, "num_publications_10y": 0, "num_citations_10y": 3, "publications_years": {"2008": 1}, "citations_years": {"2015": 2, "2016": 1}, "old_citations": {"2008": 3}, "isVisible": false}, "2177958217": {"name": "maxime rebout", "type": "author", "activity": 2, "h_index": 2, "h5_index": 0, "mag_id": "2177958217", "num_publications": 1, "num_citations": 3, "num_publications_5y": 0, "num_citations_5y": 0, "num_publications_10y": 1, "num_citations_10y": 3, "publications_years": {"2009": 1}, "citations_years": {"2011": 2, "2012": 1}, "old_citations": {"2009": 3}, "isVisible": false}, "2194512002": {"name": "matthias heindl", "type": "author", "activity": 8, "h_index": 6, "h5_index": 0, "mag_id": "2194512002", "num_publications": 1, "num_citations": 5, "num_publications_5y": 0, "num_citations_5y": 2, "num_publications_10y": 0, "num_citations_10y": 5, "publications_years": {"2008": 1}, "citations_years": {"2009": 1, "2010": 2, "2011": 0, "2012": 0, "2013": 0, "2014": 1, "2015": 1}, "old_citations": {"2008": 5}, "isVisible": false}, "2213637286": {"name": "louis feraud", "type": "author", "activity": 11, "h_index": 3, "h5_index": 0, "mag_id": "2213637286", "num_publications": 1, "num_citations": 3, "num_publications_5y": 0, "num_citations_5y": 0, "num_publications_10y": 1, "num_citations_10y": 3, "publications_years": {"2009": 1}, "citations_years": {"2011": 2, "2012": 1}, "old_citations": {"2009": 3}, "isVisible": false}, "2279925182": {"name": "jana ceri\u0146ab\u0113rzi\u0146a", "type": "author", "activity": 1, "h_index": 1, "h5_index": 0, "mag_id": "2279925182", "num_publications": 1, "num_citations": 13, "num_publications_5y": 0, "num_citations_5y": 6, "num_publications_10y": 1, "num_citations_10y": 13, "publications_years": {"2009": 1}, "citations_years": {"2010": 3, "2011": 1, "2012": 3, "2013": 0, "2014": 1, "2015": 2, "2016": 2, "2017": 1}, "old_citations": {"2009": 13}, "isVisible": false}, "2282027841": {"name": "\u0123irts karn\u012btis", "type": "author", "activity": 1, "h_index": 1, "h5_index": 0, "mag_id": "2282027841", "num_publications": 1, "num_citations": 13, "num_publications_5y": 0, "num_citations_5y": 6, "num_publications_10y": 1, "num_citations_10y": 13, "publications_years": {"2009": 1}, "citations_years": {"2010": 3, "2011": 1, "2012": 3, "2013": 0, "2014": 1, "2015": 2, "2016": 2, "2017": 1}, "old_citations": {"2009": 13}, "isVisible": false}, "2284230813": {"name": "j\u0101nis bicevskis", "type": "author", "activity": 1, "h_index": 1, "h5_index": 0, "mag_id": "2284230813", "num_publications": 1, "num_citations": 13, "num_publications_5y": 0, "num_citations_5y": 6, "num_publications_10y": 1, "num_citations_10y": 13, "publications_years": {"2009": 1}, "citations_years": {"2010": 3, "2011": 1, "2012": 3, "2013": 0, "2014": 1, "2015": 2, "2016": 2, "2017": 1}, "old_citations": {"2009": 13}, "isVisible": false}, "2303923838": {"name": "ruslanas vitiutinas", "type": "author", "activity": 4, "h_index": 2, "h5_index": 0, "mag_id": "2303923838", "num_publications": 1, "num_citations": 2, "num_publications_5y": 0, "num_citations_5y": 2, "num_publications_10y": 0, "num_citations_10y": 2, "publications_years": {"2008": 1}, "citations_years": {"2015": 2}, "old_citations": {"2008": 2}, "isVisible": false}, "2309247402": {"name": "jeanine souquieres", "type": "author", "activity": 18, "h_index": 11, "h5_index": 0, "mag_id": "2309247402", "num_publications": 1, "num_citations": 1, "num_publications_5y": 0, "num_citations_5y": 0, "num_publications_10y": 1, "num_citations_10y": 1, "publications_years": {"2009": 1}, "citations_years": {"2012": 1}, "old_citations": {"2009": 1}, "isVisible": false}, "2326208953": {"name": "david schilli", "type": "author", "activity": 1, "h_index": 1, "h5_index": 0, "mag_id": "2326208953", "num_publications": 1, "num_citations": 2, "num_publications_5y": 0, "num_citations_5y": 1, "num_publications_10y": 0, "num_citations_10y": 1, "publications_years": {"2008": 1}, "citations_years": {"2008": 1, "2009": 0, "2010": 0, "2011": 0, "2012": 0, "2013": 0, "2014": 1}, "old_citations": {"2008": 2}, "isVisible": false}, "2369417154": {"name": "michael ochs", "type": "author", "activity": 12, "h_index": 2, "h5_index": 0, "mag_id": "2369417154", "num_publications": 1, "num_citations": 1, "num_publications_5y": 0, "num_citations_5y": 0, "num_publications_10y": 0, "num_citations_10y": 1, "publications_years": {"2007": 1}, "citations_years": {"2011": 1}, "old_citations": {"2007": 1}, "isVisible": false}, "2437319402": {"name": "andrzej zalewski", "type": "author", "activity": 12, "h_index": 6, "h5_index": 1, "mag_id": "2437319402", "num_publications": 1, "num_citations": 2, "num_publications_5y": 0, "num_citations_5y": 0, "num_publications_10y": 0, "num_citations_10y": 2, "publications_years": {"2008": 1}, "citations_years": {"2009": 1, "2010": 0, "2011": 0, "2012": 1}, "old_citations": {"2008": 2}, "isVisible": false}, "2503872291": {"name": "hanna hanhela", "type": "author", "activity": 1, "h_index": 1, "h5_index": 0, "mag_id": "2503872291", "num_publications": 1, "num_citations": 5, "num_publications_5y": 0, "num_citations_5y": 4, "num_publications_10y": 0, "num_citations_10y": 5, "publications_years": {"2008": 1}, "citations_years": {"2012": 1, "2013": 0, "2014": 2, "2015": 1, "2016": 0, "2017": 0, "2018": 1}, "old_citations": {"2008": 5}, "isVisible": false}, "2508775396": {"name": "marek zavodsk\u00fd", "type": "author", "activity": 1, "h_index": 1, "h5_index": 0, "mag_id": "2508775396", "num_publications": 1, "num_citations": 5, "num_publications_5y": 0, "num_citations_5y": 2, "num_publications_10y": 1, "num_citations_10y": 4, "publications_years": {"2009": 1}, "citations_years": {"2010": 1, "2011": 0, "2012": 0, "2013": 1, "2014": 0, "2015": 0, "2016": 0, "2017": 1, "2018": 1, "2019": 1}, "old_citations": {"2009": 5}, "isVisible": false}, "2509150711": {"name": "jan franc\u016f", "type": "author", "activity": 1, "h_index": 1, "h5_index": 0, "mag_id": "2509150711", "num_publications": 1, "num_citations": 9, "num_publications_5y": 0, "num_citations_5y": 3, "num_publications_10y": 0, "num_citations_10y": 9, "publications_years": {"2008": 1}, "citations_years": {"2010": 1, "2011": 0, "2012": 4, "2013": 1, "2014": 2, "2015": 0, "2016": 0, "2017": 0, "2018": 1}, "old_citations": {"2008": 9}, "isVisible": false}, "2557299791": {"name": "maritta heisel", "type": "author", "activity": 31, "h_index": 18, "h5_index": 4, "mag_id": "2557299791", "num_publications": 1, "num_citations": 1, "num_publications_5y": 0, "num_citations_5y": 0, "num_publications_10y": 1, "num_citations_10y": 1, "publications_years": {"2009": 1}, "citations_years": {"2012": 1}, "old_citations": {"2009": 1}, "isVisible": false}, "2560552410": {"name": "andreas hofer", "type": "author", "activity": 5, "h_index": 5, "h5_index": 0, "mag_id": "2560552410", "num_publications": 1, "num_citations": 5, "num_publications_5y": 0, "num_citations_5y": 3, "num_publications_10y": 0, "num_citations_10y": 5, "publications_years": {"2008": 1}, "citations_years": {"2013": 2, "2014": 1, "2015": 2}, "old_citations": {"2008": 5}, "isVisible": false}, "2566735038": {"name": "krzysztof kasprzyk", "type": "author", "activity": 2, "h_index": 2, "h5_index": 0, "mag_id": "2566735038", "num_publications": 1, "num_citations": 2, "num_publications_5y": 0, "num_citations_5y": 2, "num_publications_10y": 1, "num_citations_10y": 2, "publications_years": {"2009": 1}, "citations_years": {"2016": 1, "2017": 0, "2018": 1}, "old_citations": {"2009": 2}, "isVisible": false}, "2601012329": {"name": "iman poernomo", "type": "author", "activity": 17, "h_index": 15, "h5_index": 0, "mag_id": "2601012329", "num_publications": 1, "num_citations": 2, "num_publications_5y": 0, "num_citations_5y": 1, "num_publications_10y": 1, "num_citations_10y": 2, "publications_years": {"2009": 1}, "citations_years": {"2012": 1, "2013": 0, "2014": 0, "2015": 1}, "old_citations": {"2009": 2}, "isVisible": false}, "2633386575": {"name": "petr saloun", "type": "author", "activity": 1, "h_index": 0, "h5_index": 0, "mag_id": "2633386575", "num_publications": 1, "num_citations": 0, "num_publications_5y": 0, "num_citations_5y": 0, "num_publications_10y": 0, "num_citations_10y": 0, "publications_years": {"2008": 1}, "citations_years": {}, "old_citations": {"2008": 0}, "isVisible": false}, "2654820959": {"name": "jerzy nawrocki", "type": "author", "activity": 31, "h_index": 11, "h5_index": 2, "mag_id": "2654820959", "num_publications": 1, "num_citations": 20, "num_publications_5y": 0, "num_citations_5y": 5, "num_publications_10y": 0, "num_citations_10y": 20, "publications_years": {"2008": 1}, "citations_years": {"2010": 3, "2011": 4, "2012": 6, "2013": 2, "2014": 2, "2015": 2, "2016": 0, "2017": 1}, "old_citations": {"2008": 20}, "isVisible": false}, "2668420189": {"name": "tomas turecek", "type": "author", "activity": 1, "h_index": 0, "h5_index": 0, "mag_id": "2668420189", "num_publications": 1, "num_citations": 0, "num_publications_5y": 0, "num_citations_5y": 0, "num_publications_10y": 0, "num_citations_10y": 0, "publications_years": {"2008": 1}, "citations_years": {}, "old_citations": {"2008": 0}, "isVisible": false}, "2690836456": {"name": "\u0142ukasz cyra", "type": "author", "activity": 1, "h_index": 1, "h5_index": 0, "mag_id": "2690836456", "num_publications": 1, "num_citations": 11, "num_publications_5y": 0, "num_citations_5y": 2, "num_publications_10y": 0, "num_citations_10y": 9, "publications_years": {"2008": 1}, "citations_years": {"2008": 2, "2009": 0, "2010": 0, "2011": 4, "2012": 1, "2013": 2, "2014": 0, "2015": 1, "2016": 1}, "old_citations": {"2008": 11}, "isVisible": false}, "2695094102": {"name": "lubomir majtas", "type": "author", "activity": 1, "h_index": 1, "h5_index": 0, "mag_id": "2695094102", "num_publications": 1, "num_citations": 3, "num_publications_5y": 0, "num_citations_5y": 3, "num_publications_10y": 0, "num_citations_10y": 3, "publications_years": {"2008": 1}, "citations_years": {"2015": 2, "2016": 1}, "old_citations": {"2008": 3}, "isVisible": false}, "2776581371": {"name": "m f lau", "type": "author", "activity": 1, "h_index": 1, "h5_index": 0, "mag_id": "2776581371", "num_publications": 1, "num_citations": 9, "num_publications_5y": 0, "num_citations_5y": 6, "num_publications_10y": 0, "num_citations_10y": 9, "publications_years": {"2008": 1}, "citations_years": {"2009": 1, "2010": 0, "2011": 1, "2012": 1, "2013": 0, "2014": 1, "2015": 2, "2016": 2, "2017": 0, "2018": 1}, "old_citations": {"2008": 9}, "isVisible": false}, "2779945026": {"name": "takashi kawaguchi", "type": "author", "activity": 8, "h_index": 1, "h5_index": 0, "mag_id": "2779945026", "num_publications": 1, "num_citations": 1, "num_publications_5y": 0, "num_citations_5y": 0, "num_publications_10y": 0, "num_citations_10y": 1, "publications_years": {"2007": 1}, "citations_years": {"2011": 1}, "old_citations": {"2007": 1}, "isVisible": false}, "2924674045": {"name": "adam trendowicz", "type": "author", "activity": 19, "h_index": 16, "h5_index": 2, "mag_id": "2924674045", "num_publications": 1, "num_citations": 21, "num_publications_5y": 0, "num_citations_5y": 10, "num_publications_10y": 0, "num_citations_10y": 17, "publications_years": {"2008": 1}, "citations_years": {"2010": 1, "2011": 1, "2012": 0, "2013": 5, "2014": 3, "2015": 1, "2016": 2, "2017": 3, "2018": 1, "2019": 4}, "old_citations": {"2008": 21}, "isVisible": false}, "2973346309": {"name": "a c barus", "type": "author", "activity": 1, "h_index": 1, "h5_index": 0, "mag_id": "2973346309", "num_publications": 1, "num_citations": 9, "num_publications_5y": 0, "num_citations_5y": 6, "num_publications_10y": 0, "num_citations_10y": 9, "publications_years": {"2008": 1}, "citations_years": {"2009": 1, "2010": 0, "2011": 1, "2012": 1, "2013": 0, "2014": 1, "2015": 2, "2016": 2, "2017": 0, "2018": 1}, "old_citations": {"2008": 9}, "isVisible": false}, "2973674465": {"name": "f c kuo", "type": "author", "activity": 1, "h_index": 1, "h5_index": 0, "mag_id": "2973674465", "num_publications": 1, "num_citations": 9, "num_publications_5y": 0, "num_citations_5y": 6, "num_publications_10y": 0, "num_citations_10y": 9, "publications_years": {"2008": 1}, "citations_years": {"2009": 1, "2010": 0, "2011": 1, "2012": 1, "2013": 0, "2014": 1, "2015": 2, "2016": 2, "2017": 0, "2018": 1}, "old_citations": {"2008": 9}, "isVisible": false}, "2973730378": {"name": "d grant", "type": "author", "activity": 1, "h_index": 1, "h5_index": 0, "mag_id": "2973730378", "num_publications": 1, "num_citations": 9, "num_publications_5y": 0, "num_citations_5y": 6, "num_publications_10y": 0, "num_citations_10y": 9, "publications_years": {"2008": 1}, "citations_years": {"2009": 1, "2010": 0, "2011": 1, "2012": 1, "2013": 0, "2014": 1, "2015": 2, "2016": 2, "2017": 0, "2018": 1}, "old_citations": {"2008": 9}, "isVisible": false}, "2973851515": {"name": "anna szustek", "type": "author", "activity": 1, "h_index": 1, "h5_index": 0, "mag_id": "2973851515", "num_publications": 1, "num_citations": 20, "num_publications_5y": 0, "num_citations_5y": 12, "num_publications_10y": 1, "num_citations_10y": 18, "publications_years": {"2009": 1}, "citations_years": {"2010": 1, "2011": 1, "2012": 2, "2013": 2, "2014": 1, "2015": 3, "2016": 1, "2017": 5, "2018": 2, "2019": 2}, "old_citations": {"2009": 20}, "isVisible": false}, "2987273619": {"name": "darius silingas", "type": "author", "activity": 1, "h_index": 1, "h5_index": 0, "mag_id": "2987273619", "num_publications": 1, "num_citations": 2, "num_publications_5y": 0, "num_citations_5y": 2, "num_publications_10y": 0, "num_citations_10y": 2, "publications_years": {"2008": 1}, "citations_years": {"2015": 2}, "old_citations": {"2008": 2}, "isVisible": false}, "3001351320": {"name": "tsong yueh chen", "type": "author", "activity": 31, "h_index": 43, "h5_index": 10, "mag_id": "3001351320", "num_publications": 1, "num_citations": 9, "num_publications_5y": 0, "num_citations_5y": 6, "num_publications_10y": 0, "num_citations_10y": 9, "publications_years": {"2008": 1}, "citations_years": {"2009": 1, "2010": 0, "2011": 1, "2012": 1, "2013": 0, "2014": 1, "2015": 2, "2016": 2, "2017": 0, "2018": 1}, "old_citations": {"2008": 9}, "isVisible": false}}, "countries": {"Poland": {"name": "Poland", "type": "country", "h5_index": 46, "num_publications": 14, "num_citations": 99, "num_publications_5y": 0, "num_citations_5y": 38, "num_publications_10y": 8, "num_citations_10y": 95, "publications_years": {"2009": 8, "2008": 6}, "citations_years": {"2012": 17, "2013": 12, "2014": 9, "2015": 9, "2016": 7, "2017": 8, "2018": 5, "2010": 7, "2011": 15, "2019": 2, "2009": 6, "2008": 2}, "old_citations": {"2009": 57, "2008": 42}, "isVisible": false}, "Germany": {"name": "Germany", "type": "country", "h5_index": 139, "num_publications": 4, "num_citations": 14, "num_publications_5y": 0, "num_citations_5y": 7, "num_publications_10y": 1, "num_citations_10y": 12, "publications_years": {"2008": 3, "2009": 1}, "citations_years": {"2009": 1, "2010": 2, "2011": 0, "2012": 0, "2013": 2, "2014": 3, "2015": 3, "2018": 1, "2019": 1, "2008": 1}, "old_citations": {"2008": 12, "2009": 2}, "isVisible": false}, "Australia": {"name": "Australia", "type": "country", "h5_index": 141, "num_publications": 2, "num_citations": 30, "num_publications_5y": 0, "num_citations_5y": 16, "num_publications_10y": 0, "num_citations_10y": 26, "publications_years": {"2008": 2}, "citations_years": {"2009": 1, "2010": 1, "2011": 2, "2012": 1, "2013": 5, "2014": 4, "2015": 3, "2016": 4, "2017": 3, "2018": 2, "2019": 4}, "old_citations": {"2008": 30}, "isVisible": false}, "Czechia": {"name": "Czechia", "type": "country", "h5_index": 43, "num_publications": 2, "num_citations": 11, "num_publications_5y": 0, "num_citations_5y": 3, "num_publications_10y": 0, "num_citations_10y": 11, "publications_years": {"2008": 2}, "citations_years": {"2010": 2, "2011": 0, "2012": 4, "2013": 2, "2014": 2, "2015": 0, "2016": 0, "2017": 0, "2018": 1}, "old_citations": {"2008": 11}, "isVisible": false}, "Spain": {"name": "Spain", "type": "country", "h5_index": 91, "num_publications": 2, "num_citations": 22, "num_publications_5y": 0, "num_citations_5y": 10, "num_publications_10y": 0, "num_citations_10y": 18, "publications_years": {"2008": 1, "2007": 1}, "citations_years": {"2010": 1, "2011": 2, "2012": 0, "2013": 5, "2014": 3, "2015": 1, "2016": 2, "2017": 3, "2018": 1, "2019": 4}, "old_citations": {"2008": 21, "2007": 1}, "isVisible": false}, "Austria": {"name": "Austria", "type": "country", "h5_index": 71, "num_publications": 1, "num_citations": 5, "num_publications_5y": 0, "num_citations_5y": 2, "num_publications_10y": 0, "num_citations_10y": 5, "publications_years": {"2008": 1}, "citations_years": {"2009": 1, "2010": 2, "2011": 0, "2012": 0, "2013": 0, "2014": 1, "2015": 1}, "old_citations": {"2008": 5}, "isVisible": false}, "Denmark": {"name": "Denmark", "type": "country", "h5_index": 65, "num_publications": 1, "num_citations": 5, "num_publications_5y": 0, "num_citations_5y": 3, "num_publications_10y": 0, "num_citations_10y": 5, "publications_years": {"2008": 1}, "citations_years": {"2009": 2, "2010": 0, "2011": 0, "2012": 0, "2013": 0, "2014": 0, "2015": 1, "2016": 1, "2017": 0, "2018": 1}, "old_citations": {"2008": 5}, "isVisible": false}, "Estonia": {"name": "Estonia", "type": "country", "h5_index": 27, "num_publications": 1, "num_citations": 1, "num_publications_5y": 0, "num_citations_5y": 0, "num_publications_10y": 0, "num_citations_10y": 1, "publications_years": {"2008": 1}, "citations_years": {"2010": 1}, "old_citations": {"2008": 1}, "isVisible": false}, "Finland": {"name": "Finland", "type": "country", "h5_index": 68, "num_publications": 1, "num_citations": 5, "num_publications_5y": 0, "num_citations_5y": 4, "num_publications_10y": 0, "num_citations_10y": 5, "publications_years": {"2008": 1}, "citations_years": {"2012": 1, "2013": 0, "2014": 2, "2015": 1, "2016": 0, "2017": 0, "2018": 1}, "old_citations": {"2008": 5}, "isVisible": false}, "France": {"name": "France", "type": "country", "h5_index": 99, "num_publications": 1, "num_citations": 3, "num_publications_5y": 0, "num_citations_5y": 0, "num_publications_10y": 1, "num_citations_10y": 3, "publications_years": {"2009": 1}, "citations_years": {"2011": 2, "2012": 1}, "old_citations": {"2009": 3}, "isVisible": false}, "Iran": {"name": "Iran", "type": "country", "h5_index": 63, "num_publications": 1, "num_citations": 9, "num_publications_5y": 0, "num_citations_5y": 6, "num_publications_10y": 1, "num_citations_10y": 8, "publications_years": {"2009": 1}, "citations_years": {"2013": 2, "2014": 0, "2015": 0, "2016": 1, "2017": 2, "2018": 3, "2019": 0, "2020": 1}, "old_citations": {"2009": 9}, "isVisible": false}, "Japan": {"name": "Japan", "type": "country", "h5_index": 94, "num_publications": 1, "num_citations": 1, "num_publications_5y": 0, "num_citations_5y": 0, "num_publications_10y": 0, "num_citations_10y": 1, "publications_years": {"2007": 1}, "citations_years": {"2011": 1}, "old_citations": {"2007": 1}, "isVisible": false}, "Kazakhstan": {"name": "Kazakhstan", "type": "country", "h5_index": 20, "num_publications": 1, "num_citations": 2, "num_publications_5y": 0, "num_citations_5y": 1, "num_publications_10y": 1, "num_citations_10y": 2, "publications_years": {"2009": 1}, "citations_years": {"2012": 1, "2013": 0, "2014": 0, "2015": 1}, "old_citations": {"2009": 2}, "isVisible": false}, "Lithuania": {"name": "Lithuania", "type": "country", "h5_index": 19, "num_publications": 1, "num_citations": 2, "num_publications_5y": 0, "num_citations_5y": 2, "num_publications_10y": 0, "num_citations_10y": 2, "publications_years": {"2008": 1}, "citations_years": {"2015": 2}, "old_citations": {"2008": 2}, "isVisible": false}, "Slovakia": {"name": "Slovakia", "type": "country", "h5_index": 18, "num_publications": 1, "num_citations": 9, "num_publications_5y": 0, "num_citations_5y": 6, "num_publications_10y": 1, "num_citations_10y": 9, "publications_years": {"2009": 1}, "citations_years": {"2010": 1, "2011": 0, "2012": 2, "2013": 0, "2014": 0, "2015": 4, "2016": 2}, "old_citations": {"2009": 9}, "isVisible": false}, "United Kingdom": {"name": "United Kingdom", "type": "country", "h5_index": 172, "num_publications": 1, "num_citations": 2, "num_publications_5y": 0, "num_citations_5y": 1, "num_publications_10y": 1, "num_citations_10y": 2, "publications_years": {"2009": 1}, "citations_years": {"2012": 1, "2013": 0, "2014": 0, "2015": 1}, "old_citations": {"2009": 2}, "isVisible": false}, "United States": {"name": "United States", "type": "country", "h5_index": 308, "num_publications": 1, "num_citations": 3, "num_publications_5y": 0, "num_citations_5y": 1, "num_publications_10y": 0, "num_citations_10y": 3, "publications_years": {"2008": 1}, "citations_years": {"2013": 2, "2014": 0, "2015": 1}, "old_citations": {"2008": 3}, "isVisible": false}}, "industrial_sectors": {"management": {"name": "management", "type": "industrial sector", "h5_index": 67, "num_publications": 2, "num_citations": 6, "num_publications_5y": 0, "num_citations_5y": 2, "num_publications_10y": 0, "num_citations_10y": 6, "publications_years": {"2008": 1, "2007": 1}, "citations_years": {"2009": 1, "2010": 2, "2011": 1, "2012": 0, "2013": 0, "2014": 1, "2015": 1}, "old_citations": {"2008": 5, "2007": 1}, "isVisible": false}, "computing_and_it": {"name": "computing_and_it", "type": "industrial sector", "h5_index": 221, "num_publications": 1, "num_citations": 3, "num_publications_5y": 0, "num_citations_5y": 1, "num_publications_10y": 0, "num_citations_10y": 3, "publications_years": {"2008": 1}, "citations_years": {"2013": 2, "2014": 0, "2015": 1}, "old_citations": {"2008": 3}, "isVisible": false}, "information_technology": {"name": "information_technology", "type": "industrial sector", "h5_index": 74, "num_publications": 1, "num_citations": 3, "num_publications_5y": 0, "num_citations_5y": 1, "num_publications_10y": 0, "num_citations_10y": 3, "publications_years": {"2008": 1}, "citations_years": {"2013": 2, "2014": 0, "2015": 1}, "old_citations": {"2008": 3}, "isVisible": false}, "technology": {"name": "technology", "type": "industrial sector", "h5_index": 229, "num_publications": 1, "num_citations": 3, "num_publications_5y": 0, "num_citations_5y": 1, "num_publications_10y": 0, "num_citations_10y": 3, "publications_years": {"2008": 1}, "citations_years": {"2013": 2, "2014": 0, "2015": 1}, "old_citations": {"2008": 3}, "isVisible": false}}}, "conference_comparison": {"computer science": {}}, "topics_dna": {"publications": {}, "citations": {"normalized": {}, "average": {}}}, "info": {"num_publications": 38, "num_citations": 223.0, "impact_factor": {"2009": 0.45454545454545453}, "publications_years": {"2008": 21, "2009": 16, "2007": 1}, "citations_years": {"2008": 4, "2009": 11, "2010": 20, "2011": 23, "2012": 31, "2013": 26, "2014": 21, "2015": 29, "2016": 18, "2017": 16, "2018": 15, "2019": 8, "2020": 1}, "old_citations": {"2008": 121, "2009": 101, "2007": 1}, "h5_index": 0}, "percentile": {"computer science": {"2008": 74, "2009": 75, "2007": 62}}, "conference_ranking": {"computer science": {"2008": 1087, "2009": 1047, "2007": 1585}}, "academia": {"num_publications": 28, "num_citations": 183, "publications_years": {"2008": 16, "2009": 12}, "old_citations": {"2008": 103, "2009": 80}, "num_publications_5y": 0, "num_citations_5y": 0, "num_publications_10y": 0, "num_citations_10y": 0}, "industry": {"num_publications": 1, "num_citations": 3, "publications_years": {"2008": 1}, "old_citations": {"2008": 3}, "num_publications_5y": 0, "num_citations_5y": 0, "num_publications_10y": 0, "num_citations_10y": 0}, "collaborative": {"num_publications": 2, "num_citations": 6, "publications_years": {"2007": 1, "2008": 1}, "old_citations": {"2007": 1, "2008": 5}, "num_publications_5y": 0, "num_citations_5y": 0, "num_publications_10y": 0, "num_citations_10y": 0}, "conferences": {}, "journals": {}, "organizations": {"publication_overall": ["Warsaw University of Technology", "AGH University of Science and Technology", "Rzesz\u00f3w University of Technology", "University of Navarra", "Aalborg University", "Brno University of Technology", "Charles University", "Chemnitz University of Technology", "Gda\u0144sk University of Technology", "IBM (United States)", "Iran University of Science and Technology", "Jan D\u0142ugosz University", "Karlsruhe Institute of Technology", "Kaunas University of Technology", "Kazakh-British Technical University", "Kielce University of Technology", "King's College London", "Paul Sabatier University", "Pozna\u0144 University of Technology", "RWTH Aachen University", "Siemens (Germany)", "Silesian University of Technology", "Slovak University of Technology in Bratislava", "Swinburne University of Technology", "TU Wien", "Tallinn University of Technology", "Toshiba (Japan)", "UNSW Sydney", "University of Bayreuth", "University of Oulu", "University of Warsaw", "Vytautas Magnus University", "Wroc\u0142aw University of Science and Technology"], "citation_overall": ["Warsaw University of Technology", "University of Navarra", "UNSW Sydney", "Pozna\u0144 University of Technology", "Gda\u0144sk University of Technology", "Charles University", "Iran University of Science and Technology", "Slovak University of Technology in Bratislava", "Swinburne University of Technology", "AGH University of Science and Technology", "Rzesz\u00f3w University of Technology", "Silesian University of Technology", "Aalborg University", "Karlsruhe Institute of Technology", "Siemens (Germany)", "TU Wien", "University of Oulu", "Kielce University of Technology", "IBM (United States)", "Paul Sabatier University", "Brno University of Technology", "Chemnitz University of Technology", "Jan D\u0142ugosz University", "Kaunas University of Technology", "Kazakh-British Technical University", "King's College London", "RWTH Aachen University", "University of Bayreuth", "University of Warsaw", "Vytautas Magnus University", "Wroc\u0142aw University of Science and Technology", "Tallinn University of Technology", "Toshiba (Japan)"], "publication_10_years": [], "citation_10_years": [], "publication_5_years": [], "citation_5_years": []}, "countries": {"publication_overall": ["Poland", "Germany", "Australia", "Czechia", "Spain", "Austria", "Denmark", "Estonia", "Finland", "France", "Iran", "Japan", "Kazakhstan", "Lithuania", "Slovakia", "United Kingdom", "United States"], "citation_overall": ["Poland", "Australia", "Spain", "Germany", "Czechia", "Iran", "Slovakia", "Austria", "Denmark", "Finland", "France", "United States", "Kazakhstan", "Lithuania", "United Kingdom", "Estonia", "Japan"], "publication_10_years": [], "citation_10_years": [], "publication_5_years": [], "citation_5_years": []}, "topics": {"publication_overall": ["computer science", "computer systems", "software engineering", "computer programming", "software design", "software architecture", "artificial intelligence", "object oriented programming", "computer programming languages", "software", "embedded systems", "architecting", "computer networks", "distributed computer systems", "engineering", "theoretical computer science", "information systems", "internet", "linguistics", "database systems"], "citation_overall": ["computer science", "software engineering", "computer systems", "computer programming", "software design", "object oriented programming", "artificial intelligence", "software", "software architecture", "computer programming languages", "linguistics", "embedded systems", "theoretical computer science", "mathematics", "distributed computer systems", "requirements engineering", "functional requirement", "computer networks", "engineering", "semantics"], "publication_10_years": [], "citation_10_years": [], "publication_5_years": [], "citation_5_years": []}, "main_topics": ["computer science"], "authors": {"publication_overall": ["1026438672", "1173591590", "2057566357", "2095595419", "2157332363", "29047808", "32978245", "47006932", "71904759", "72178632", "78186291", "78240413", "119798386", "147472307", "200415345", "207298610", "243508580", "282794039", "308244512", "313787655", "372955294", "396160509", "674901608", "707051502", "711476896", "718305395", "976721086", "1122187853", "1244044867", "1471430439", "1747272225", "1793965813", "1850417542", "1919091370", "1978071725", "1999894784", "2002433716", "2017422669", "2018357410", "2023937925", "2026280049", "2026758046", "2027619000", "2032654697", "2048653866", "2052259280", "2077474590", "2077536208", "2077738730", "2078546087", "2091919119", "2097470146", "2119266361", "2132947874", "2138564696", "2147529223", "2150042355", "2152541344", "2157529645", "2164889879", "2166670235", "2167244300", "2177958217", "2194512002", "2213637286", "2279925182", "2282027841", "2284230813", "2303923838", "2309247402", "2326208953", "2369417154", "2437319402", "2503872291", "2508775396", "2509150711", "2557299791", "2560552410", "2566735038", "2601012329", "2633386575", "2654820959", "2668420189", "2690836456", "2695094102", "2776581371", "2779945026", "2924674045", "2973346309", "2973674465", "2973730378", "2973851515", "2987273619", "3001351320"], "citation_overall": ["2095595419", "2119266361", "2924674045", "71904759", "718305395", "2654820959", "2973851515", "2057566357", "2157332363", "2279925182", "2282027841", "2284230813", "1244044867", "1999894784", "2077536208", "2690836456", "1919091370", "2150042355", "2152541344", "2509150711", "2776581371", "2973346309", "2973674465", "2973730378", "3001351320", "1026438672", "1173591590", "1793965813", "2017422669", "2078546087", "2166670235", "147472307", "200415345", "243508580", "313787655", "711476896", "976721086", "1122187853", "2026758046", "2027619000", "2194512002", "2503872291", "2508775396", "2560552410", "29047808", "47006932", "119798386", "2018357410", "78186291", "1747272225", "2032654697", "2052259280", "2132947874", "2138564696", "2164889879", "2167244300", "2177958217", "2213637286", "2695094102", "32978245", "78240413", "207298610", "308244512", "372955294", "396160509", "674901608", "1471430439", "1850417542", "1978071725", "2002433716", "2023937925", "2026280049", "2048653866", "2077474590", "2077738730", "2091919119", "2157529645", "2303923838", "2326208953", "2437319402", "2566735038", "2601012329", "2987273619", "72178632", "282794039", "707051502", "2097470146", "2147529223", "2309247402", "2369417154", "2557299791", "2779945026", "2633386575", "2668420189"], "publication_10_years": [], "citation_10_years": [], "publication_5_years": [], "citation_5_years": []}, "industrial_sectors": {"publication_overall": ["management", "computing_and_it", "information_technology", "technology"], "citation_overall": ["management", "computing_and_it", "information_technology", "technology"], "publication_10_years": [], "citation_10_years": [], "publication_5_years": [], "citation_5_years": []}}