{"name": "Special Interest Group on Computer Personnel Research Annual Conference", "acronym": "SIGCPR", "type": "conference", "uniqueEntities": {"organizations": {"Metropolitan State University of Denver": {"name": "Metropolitan State University of Denver", "type": "organization", "organization_type": "Education", "h_index": 17, "h5_index": 3, "num_publications": 3, "num_citations": 11, "num_publications_5y": 0, "num_citations_5y": 1, "num_publications_10y": 0, "num_citations_10y": 2, "publications_years": {"1997": 1, "1999": 1, "1998": 1}, "citations_years": {"2002": 2, "2003": 3, "2004": 1, "2005": 0, "2006": 0, "2007": 0, "2008": 0, "2009": 0, "2010": 0, "2011": 1, "2012": 0, "2013": 0, "2014": 0, "2015": 1, "1999": 1, "2000": 2, "2001": 0}, "old_citations": {"1997": 2, "1999": 5, "1998": 4}, "isVisible": false}, "California State University, San Bernardino": {"name": "California State University, San Bernardino", "type": "organization", "organization_type": "Education", "h_index": 19, "h5_index": 4, "num_publications": 2, "num_citations": 12, "num_publications_5y": 0, "num_citations_5y": 0, "num_publications_10y": 0, "num_citations_10y": 1, "publications_years": {"1998": 1, "1997": 1}, "citations_years": {"1999": 2, "2000": 0, "2001": 0, "2002": 0, "2003": 0, "2004": 2, "2005": 0, "2006": 2, "2007": 1, "2008": 2, "2009": 0, "2010": 0, "2011": 1, "1998": 2}, "old_citations": {"1998": 6, "1997": 6}, "isVisible": false}, "Claremont Graduate University": {"name": "Claremont Graduate University", "type": "organization", "organization_type": "Education", "h_index": 44, "h5_index": 9, "num_publications": 2, "num_citations": 12, "num_publications_5y": 0, "num_citations_5y": 0, "num_publications_10y": 0, "num_citations_10y": 1, "publications_years": {"1998": 1, "1997": 1}, "citations_years": {"1999": 2, "2000": 0, "2001": 0, "2002": 0, "2003": 0, "2004": 2, "2005": 0, "2006": 2, "2007": 1, "2008": 2, "2009": 0, "2010": 0, "2011": 1, "1998": 2}, "old_citations": {"1998": 6, "1997": 6}, "isVisible": false}, "Colorado State University": {"name": "Colorado State University", "type": "organization", "organization_type": "Education", "h_index": 101, "h5_index": 28, "num_publications": 1, "num_citations": 11, "num_publications_5y": 0, "num_citations_5y": 1, "num_publications_10y": 0, "num_citations_10y": 6, "publications_years": {"1999": 1}, "citations_years": {"2001": 1, "2002": 2, "2003": 1, "2004": 0, "2005": 0, "2006": 0, "2007": 1, "2008": 0, "2009": 0, "2010": 3, "2011": 0, "2012": 0, "2013": 2, "2014": 1}, "old_citations": {"1999": 11}, "isVisible": false}, "Florida State University": {"name": "Florida State University", "type": "organization", "organization_type": "Education", "h_index": 108, "h5_index": 24, "num_publications": 1, "num_citations": 2, "num_publications_5y": 0, "num_citations_5y": 1, "num_publications_10y": 0, "num_citations_10y": 1, "publications_years": {"1997": 1}, "citations_years": {"1999": 1, "2000": 0, "2001": 0, "2002": 0, "2003": 0, "2004": 0, "2005": 0, "2006": 0, "2007": 0, "2008": 0, "2009": 0, "2010": 0, "2011": 0, "2012": 0, "2013": 0, "2014": 1}, "old_citations": {"1997": 2}, "isVisible": false}, "George Mason University": {"name": "George Mason University", "type": "organization", "organization_type": "Education", "h_index": 155, "h5_index": 33, "num_publications": 1, "num_citations": 17, "num_publications_5y": 0, "num_citations_5y": 2, "num_publications_10y": 0, "num_citations_10y": 6, "publications_years": {"1999": 1}, "citations_years": {"2001": 2, "2002": 1, "2003": 2, "2004": 1, "2005": 1, "2006": 1, "2007": 2, "2008": 1, "2009": 1, "2010": 1, "2011": 0, "2012": 1, "2013": 1, "2014": 0, "2015": 0, "2016": 0, "2017": 2}, "old_citations": {"1999": 17}, "isVisible": false}, "Intel (United States)": {"name": "Intel (United States)", "type": "organization", "organization_type": "Company", "h_index": 279, "h5_index": 62, "num_publications": 1, "num_citations": 5, "num_publications_5y": 0, "num_citations_5y": 1, "num_publications_10y": 0, "num_citations_10y": 2, "publications_years": {"2001": 1}, "citations_years": {"2004": 1, "2005": 1, "2006": 0, "2007": 1, "2008": 0, "2009": 0, "2010": 0, "2011": 1, "2012": 0, "2013": 0, "2014": 0, "2015": 0, "2016": 0, "2017": 1}, "old_citations": {"2001": 5}, "isVisible": false}, "Pennsylvania State University": {"name": "Pennsylvania State University", "type": "organization", "organization_type": "Education", "h_index": 194, "h5_index": 50, "num_publications": 1, "num_citations": 5, "num_publications_5y": 0, "num_citations_5y": 1, "num_publications_10y": 0, "num_citations_10y": 2, "publications_years": {"2001": 1}, "citations_years": {"2004": 1, "2005": 1, "2006": 0, "2007": 1, "2008": 0, "2009": 0, "2010": 0, "2011": 1, "2012": 0, "2013": 0, "2014": 0, "2015": 0, "2016": 0, "2017": 1}, "old_citations": {"2001": 5}, "isVisible": false}, "Robert Morris University Illinois": {"name": "Robert Morris University Illinois", "type": "organization", "organization_type": "Education", "h_index": 6, "h5_index": 0, "num_publications": 1, "num_citations": 44, "num_publications_5y": 0, "num_citations_5y": 5, "num_publications_10y": 0, "num_citations_10y": 23, "publications_years": {"1999": 1}, "citations_years": {"2002": 1, "2003": 1, "2004": 3, "2005": 1, "2006": 5, "2007": 5, "2008": 3, "2009": 3, "2010": 3, "2011": 4, "2012": 6, "2013": 2, "2014": 1, "2015": 0, "2016": 1, "2017": 2, "2018": 1, "2019": 1, "2020": 1}, "old_citations": {"1999": 44}, "isVisible": false}, "San Jose State University": {"name": "San Jose State University", "type": "organization", "organization_type": "Education", "h_index": 61, "h5_index": 17, "num_publications": 1, "num_citations": 0, "num_publications_5y": 0, "num_citations_5y": 0, "num_publications_10y": 0, "num_citations_10y": 0, "publications_years": {"2000": 1}, "citations_years": {}, "old_citations": {"2000": 0}, "isVisible": false}, "Temple University": {"name": "Temple University", "type": "organization", "organization_type": "Education", "h_index": 95, "h5_index": 41, "num_publications": 1, "num_citations": 1, "num_publications_5y": 0, "num_citations_5y": 0, "num_publications_10y": 0, "num_citations_10y": 1, "publications_years": {"2001": 1}, "citations_years": {"2011": 1}, "old_citations": {"2001": 1}, "isVisible": false}, "University of Arkansas at Little Rock": {"name": "University of Arkansas at Little Rock", "type": "organization", "organization_type": "Education", "h_index": 49, "h5_index": 12, "num_publications": 1, "num_citations": 37, "num_publications_5y": 0, "num_citations_5y": 5, "num_publications_10y": 0, "num_citations_10y": 17, "publications_years": {"2001": 1}, "citations_years": {"2001": 1, "2002": 1, "2003": 0, "2004": 1, "2005": 4, "2006": 5, "2007": 4, "2008": 3, "2009": 3, "2010": 3, "2011": 2, "2012": 3, "2013": 1, "2014": 0, "2015": 0, "2016": 1, "2017": 1, "2018": 3, "2019": 1}, "old_citations": {"2001": 37}, "isVisible": false}, "University of Dayton": {"name": "University of Dayton", "type": "organization", "organization_type": "Education", "h_index": 44, "h5_index": 14, "num_publications": 1, "num_citations": 2, "num_publications_5y": 0, "num_citations_5y": 1, "num_publications_10y": 0, "num_citations_10y": 1, "publications_years": {"1997": 1}, "citations_years": {"1999": 1, "2000": 0, "2001": 0, "2002": 0, "2003": 0, "2004": 0, "2005": 0, "2006": 0, "2007": 0, "2008": 0, "2009": 0, "2010": 0, "2011": 0, "2012": 0, "2013": 0, "2014": 1}, "old_citations": {"1997": 2}, "isVisible": false}, "University of Louisville": {"name": "University of Louisville", "type": "organization", "organization_type": "Education", "h_index": 64, "h5_index": 16, "num_publications": 1, "num_citations": 7, "num_publications_5y": 0, "num_citations_5y": 1, "num_publications_10y": 0, "num_citations_10y": 2, "publications_years": {"1997": 1}, "citations_years": {"1999": 2, "2000": 1, "2001": 0, "2002": 1, "2003": 0, "2004": 0, "2005": 0, "2006": 1, "2007": 0, "2008": 0, "2009": 0, "2010": 0, "2011": 1, "2012": 0, "2013": 0, "2014": 0, "2015": 1}, "old_citations": {"1997": 7}, "isVisible": false}, "University of Minnesota": {"name": "University of Minnesota", "type": "organization", "organization_type": "Education", "h_index": 235, "h5_index": 43, "num_publications": 1, "num_citations": 5, "num_publications_5y": 0, "num_citations_5y": 1, "num_publications_10y": 0, "num_citations_10y": 2, "publications_years": {"1997": 1}, "citations_years": {"2005": 1, "2006": 1, "2007": 1, "2008": 0, "2009": 0, "2010": 0, "2011": 0, "2012": 1, "2013": 0, "2014": 0, "2015": 0, "2016": 0, "2017": 0, "2018": 1}, "old_citations": {"1997": 5}, "isVisible": false}, "University of Pittsburgh": {"name": "University of Pittsburgh", "type": "organization", "organization_type": "Education", "h_index": 174, "h5_index": 40, "num_publications": 1, "num_citations": 44, "num_publications_5y": 0, "num_citations_5y": 5, "num_publications_10y": 0, "num_citations_10y": 23, "publications_years": {"1999": 1}, "citations_years": {"2002": 1, "2003": 1, "2004": 3, "2005": 1, "2006": 5, "2007": 5, "2008": 3, "2009": 3, "2010": 3, "2011": 4, "2012": 6, "2013": 2, "2014": 1, "2015": 0, "2016": 1, "2017": 2, "2018": 1, "2019": 1, "2020": 1}, "old_citations": {"1999": 44}, "isVisible": false}}, "topics": {"computer science": {"name": "computer science", "type": "topic", "h_index": 1779, "h5_index": 416, "num_publications": 28, "num_citations": 198, "num_publications_5y": 0, "num_citations_5y": 24, "num_publications_10y": 0, "num_citations_10y": 78, "publications_years": {"1992": 13, "1997": 6, "2000": 1, "1999": 4, "2001": 3, "1998": 1}, "citations_years": {"1994": 3, "1995": 3, "1996": 1, "1997": 2, "2002": 9, "2003": 9, "2004": 11, "2005": 9, "2006": 17, "2007": 19, "2008": 10, "2009": 9, "2010": 16, "2011": 11, "2012": 11, "2013": 7, "2014": 7, "2015": 2, "1998": 4, "1999": 9, "2000": 3, "2001": 4, "2016": 2, "2017": 6, "2018": 7, "2019": 2, "2020": 1, "1992": 1, "1993": 3}, "old_citations": {"1992": 33, "1997": 39, "2000": 0, "1999": 77, "2001": 43, "1998": 6}, "isVisible": false}, "computer systems": {"name": "computer systems", "type": "topic", "h_index": 1595, "h5_index": 367, "num_publications": 22, "num_citations": 190, "num_publications_5y": 0, "num_citations_5y": 23, "num_publications_10y": 0, "num_citations_10y": 75, "publications_years": {"1992": 9, "1997": 5, "1999": 4, "2001": 3, "1998": 1}, "citations_years": {"1994": 3, "1995": 3, "1996": 0, "1997": 2, "2002": 9, "2003": 9, "2004": 11, "2005": 8, "2006": 16, "2007": 18, "2008": 10, "2009": 9, "2010": 15, "2011": 11, "2012": 10, "2013": 7, "2014": 7, "2015": 2, "1998": 4, "1999": 8, "2000": 3, "2001": 4, "2016": 2, "2017": 6, "2018": 6, "2019": 2, "2020": 1, "1992": 1, "1993": 3}, "old_citations": {"1992": 30, "1997": 34, "1999": 77, "2001": 43, "1998": 6}, "isVisible": false}, "software engineering": {"name": "software engineering", "type": "topic", "h_index": 964, "h5_index": 236, "num_publications": 13, "num_citations": 103, "num_publications_5y": 0, "num_citations_5y": 13, "num_publications_10y": 0, "num_citations_10y": 40, "publications_years": {"1997": 4, "1999": 2, "1992": 3, "2001": 3, "1998": 1}, "citations_years": {"1998": 4, "1999": 5, "2000": 1, "2001": 3, "2002": 2, "2003": 5, "2004": 7, "2005": 7, "2006": 10, "2007": 10, "2008": 6, "2009": 5, "2010": 8, "2011": 6, "2012": 5, "2013": 3, "2014": 3, "2015": 0, "2016": 1, "2017": 4, "2018": 5, "2019": 1, "1996": 1, "1993": 1}, "old_citations": {"1997": 30, "1999": 22, "1992": 2, "2001": 43, "1998": 6}, "isVisible": false}, "information systems": {"name": "information systems", "type": "topic", "h_index": 679, "h5_index": 124, "num_publications": 12, "num_citations": 136, "num_publications_5y": 0, "num_citations_5y": 18, "num_publications_10y": 0, "num_citations_10y": 65, "publications_years": {"1997": 1, "1992": 6, "2001": 2, "1999": 3}, "citations_years": {"1998": 2, "1999": 2, "2000": 0, "2001": 4, "2002": 5, "2003": 4, "2004": 8, "2005": 6, "2006": 12, "2007": 13, "2008": 8, "2009": 8, "2010": 14, "2011": 8, "2012": 10, "2013": 7, "2014": 5, "2015": 0, "2016": 2, "2017": 5, "2018": 6, "2019": 2, "2020": 1, "1994": 1, "1995": 2, "1996": 0, "1997": 0, "1993": 1}, "old_citations": {"1997": 17, "1992": 9, "2001": 38, "1999": 72}, "isVisible": false}, "information technology": {"name": "information technology", "type": "topic", "h_index": 696, "h5_index": 149, "num_publications": 12, "num_citations": 88, "num_publications_5y": 0, "num_citations_5y": 11, "num_publications_10y": 0, "num_citations_10y": 34, "publications_years": {"1992": 7, "1997": 2, "2000": 1, "2001": 2}, "citations_years": {"1994": 2, "1995": 3, "1996": 0, "1997": 2, "1998": 2, "1999": 4, "2000": 2, "2001": 1, "2002": 4, "2003": 2, "2004": 3, "2005": 5, "2006": 8, "2007": 8, "2008": 4, "2009": 5, "2010": 8, "2011": 5, "2012": 3, "2013": 2, "2014": 4, "2015": 1, "2016": 1, "2017": 1, "2018": 4, "2019": 1, "1992": 1, "1993": 2}, "old_citations": {"1992": 26, "1997": 24, "2000": 0, "2001": 38}, "isVisible": false}, "computer security": {"name": "computer security", "type": "topic", "h_index": 977, "h5_index": 220, "num_publications": 11, "num_citations": 73, "num_publications_5y": 0, "num_citations_5y": 9, "num_publications_10y": 0, "num_citations_10y": 31, "publications_years": {"1992": 6, "1997": 2, "2001": 1, "1998": 1, "1999": 1}, "citations_years": {"1994": 1, "1995": 2, "1996": 0, "1997": 1, "2002": 3, "2003": 2, "2004": 5, "2005": 1, "2006": 8, "2007": 7, "2008": 5, "2009": 4, "2010": 3, "2011": 7, "2012": 6, "2013": 2, "2014": 3, "2015": 2, "1999": 4, "2000": 1, "2001": 0, "2016": 1, "2017": 2, "2018": 1, "2019": 1, "2020": 1, "1998": 0}, "old_citations": {"1992": 13, "1997": 9, "2001": 1, "1998": 6, "1999": 44}, "isVisible": false}, "software design": {"name": "software design", "type": "topic", "h_index": 907, "h5_index": 227, "num_publications": 11, "num_citations": 92, "num_publications_5y": 0, "num_citations_5y": 13, "num_publications_10y": 0, "num_citations_10y": 39, "publications_years": {"1997": 4, "1992": 3, "2001": 3, "1999": 1}, "citations_years": {"1998": 4, "1999": 3, "2000": 0, "2001": 3, "2002": 2, "2003": 2, "2004": 5, "2005": 7, "2006": 9, "2007": 10, "2008": 5, "2009": 5, "2010": 8, "2011": 5, "2012": 5, "2013": 3, "2014": 3, "2015": 0, "2016": 1, "2017": 4, "2018": 5, "2019": 1, "1996": 1, "1993": 1}, "old_citations": {"1997": 30, "1992": 2, "2001": 43, "1999": 17}, "isVisible": false}, "information retrieval": {"name": "information retrieval", "type": "topic", "h_index": 882, "h5_index": 227, "num_publications": 9, "num_citations": 65, "num_publications_5y": 0, "num_citations_5y": 8, "num_publications_10y": 0, "num_citations_10y": 29, "publications_years": {"1992": 5, "1997": 2, "2001": 1, "1999": 1}, "citations_years": {"1994": 1, "1995": 2, "1996": 0, "1997": 1, "2002": 3, "2003": 2, "2004": 3, "2005": 1, "2006": 7, "2007": 7, "2008": 3, "2009": 4, "2010": 3, "2011": 6, "2012": 6, "2013": 2, "2014": 2, "2015": 2, "1999": 3, "2000": 1, "2001": 0, "2016": 1, "2017": 2, "2018": 1, "2019": 1, "2020": 1, "1998": 0}, "old_citations": {"1992": 11, "1997": 9, "2001": 1, "1999": 44}, "isVisible": false}, "personal information": {"name": "personal information", "type": "topic", "h_index": 527, "h5_index": 93, "num_publications": 9, "num_citations": 65, "num_publications_5y": 0, "num_citations_5y": 8, "num_publications_10y": 0, "num_citations_10y": 29, "publications_years": {"1992": 5, "1997": 2, "2001": 1, "1999": 1}, "citations_years": {"1994": 1, "1995": 2, "1996": 0, "1997": 1, "2002": 3, "2003": 2, "2004": 3, "2005": 1, "2006": 7, "2007": 7, "2008": 3, "2009": 4, "2010": 3, "2011": 6, "2012": 6, "2013": 2, "2014": 2, "2015": 2, "1999": 3, "2000": 1, "2001": 0, "2016": 1, "2017": 2, "2018": 1, "2019": 1, "2020": 1, "1998": 0}, "old_citations": {"1992": 11, "1997": 9, "2001": 1, "1999": 44}, "isVisible": false}, "privacy": {"name": "privacy", "type": "topic", "h_index": 618, "h5_index": 137, "num_publications": 9, "num_citations": 65, "num_publications_5y": 0, "num_citations_5y": 8, "num_publications_10y": 0, "num_citations_10y": 29, "publications_years": {"1992": 5, "1997": 2, "2001": 1, "1999": 1}, "citations_years": {"1994": 1, "1995": 2, "1996": 0, "1997": 1, "2002": 3, "2003": 2, "2004": 3, "2005": 1, "2006": 7, "2007": 7, "2008": 3, "2009": 4, "2010": 3, "2011": 6, "2012": 6, "2013": 2, "2014": 2, "2015": 2, "1999": 3, "2000": 1, "2001": 0, "2016": 1, "2017": 2, "2018": 1, "2019": 1, "2020": 1, "1998": 0}, "old_citations": {"1992": 11, "1997": 9, "2001": 1, "1999": 44}, "isVisible": false}, "recommender systems": {"name": "recommender systems", "type": "topic", "h_index": 614, "h5_index": 140, "num_publications": 9, "num_citations": 65, "num_publications_5y": 0, "num_citations_5y": 8, "num_publications_10y": 0, "num_citations_10y": 29, "publications_years": {"1992": 5, "1997": 2, "2001": 1, "1999": 1}, "citations_years": {"1994": 1, "1995": 2, "1996": 0, "1997": 1, "2002": 3, "2003": 2, "2004": 3, "2005": 1, "2006": 7, "2007": 7, "2008": 3, "2009": 4, "2010": 3, "2011": 6, "2012": 6, "2013": 2, "2014": 2, "2015": 2, "1999": 3, "2000": 1, "2001": 0, "2016": 1, "2017": 2, "2018": 1, "2019": 1, "2020": 1, "1998": 0}, "old_citations": {"1992": 11, "1997": 9, "2001": 1, "1999": 44}, "isVisible": false}, "user information": {"name": "user information", "type": "topic", "h_index": 518, "h5_index": 91, "num_publications": 9, "num_citations": 65, "num_publications_5y": 0, "num_citations_5y": 8, "num_publications_10y": 0, "num_citations_10y": 29, "publications_years": {"1992": 5, "1997": 2, "2001": 1, "1999": 1}, "citations_years": {"1994": 1, "1995": 2, "1996": 0, "1997": 1, "2002": 3, "2003": 2, "2004": 3, "2005": 1, "2006": 7, "2007": 7, "2008": 3, "2009": 4, "2010": 3, "2011": 6, "2012": 6, "2013": 2, "2014": 2, "2015": 2, "1999": 3, "2000": 1, "2001": 0, "2016": 1, "2017": 2, "2018": 1, "2019": 1, "2020": 1, "1998": 0}, "old_citations": {"1992": 11, "1997": 9, "2001": 1, "1999": 44}, "isVisible": false}, "artificial intelligence": {"name": "artificial intelligence", "type": "topic", "h_index": 1421, "h5_index": 373, "num_publications": 8, "num_citations": 89, "num_publications_5y": 0, "num_citations_5y": 10, "num_publications_10y": 0, "num_citations_10y": 39, "publications_years": {"1999": 3, "1998": 1, "1997": 1, "1992": 3}, "citations_years": {"2001": 3, "2002": 4, "2003": 4, "2004": 7, "2005": 3, "2006": 8, "2007": 9, "2008": 5, "2009": 4, "2010": 7, "2011": 5, "2012": 8, "2013": 5, "2014": 2, "2015": 0, "2016": 1, "2017": 4, "1999": 2, "2000": 0, "2018": 3, "2019": 1, "2020": 1, "1994": 1, "1995": 2, "1996": 0, "1997": 0, "1998": 0}, "old_citations": {"1999": 72, "1998": 6, "1997": 5, "1992": 6}, "isVisible": false}, "computer hardware": {"name": "computer hardware", "type": "topic", "h_index": 1150, "h5_index": 279, "num_publications": 8, "num_citations": 73, "num_publications_5y": 0, "num_citations_5y": 9, "num_publications_10y": 0, "num_citations_10y": 29, "publications_years": {"1992": 3, "1999": 1, "1998": 1, "2001": 2, "1997": 1}, "citations_years": {"2001": 3, "2002": 2, "2003": 2, "2004": 5, "2005": 7, "2006": 8, "2007": 8, "2008": 5, "2009": 4, "2010": 5, "2011": 4, "2012": 5, "2013": 2, "2014": 0, "2015": 0, "2016": 1, "2017": 4, "1999": 2, "2000": 0, "2018": 4, "2019": 1, "1996": 1}, "old_citations": {"1992": 3, "1999": 17, "1998": 6, "2001": 42, "1997": 5}, "isVisible": false}, "computer networks": {"name": "computer networks", "type": "topic", "h_index": 1262, "h5_index": 332, "num_publications": 8, "num_citations": 43, "num_publications_5y": 0, "num_citations_5y": 3, "num_publications_10y": 0, "num_citations_10y": 7, "publications_years": {"1997": 2, "1999": 1, "1998": 1, "1992": 3, "2001": 1}, "citations_years": {"2002": 3, "2003": 5, "2004": 3, "2005": 2, "2006": 3, "2007": 5, "2008": 2, "2009": 1, "2010": 1, "2011": 2, "2012": 0, "2013": 0, "2014": 1, "2015": 1, "1999": 3, "2000": 2, "2001": 0, "1998": 2, "2016": 0, "2017": 1, "1992": 1, "1993": 2, "1994": 1, "1995": 1, "1996": 0, "1997": 1}, "old_citations": {"1997": 8, "1999": 5, "1998": 6, "1992": 19, "2001": 5}, "isVisible": false}, "data communication systems": {"name": "data communication systems", "type": "topic", "h_index": 1013, "h5_index": 234, "num_publications": 8, "num_citations": 39, "num_publications_5y": 0, "num_citations_5y": 4, "num_publications_10y": 0, "num_citations_10y": 7, "publications_years": {"1997": 2, "1999": 1, "1992": 4, "2001": 1}, "citations_years": {"2002": 3, "2003": 5, "2004": 1, "2005": 2, "2006": 2, "2007": 5, "2008": 2, "2009": 1, "2010": 1, "2011": 1, "2012": 0, "2013": 0, "2014": 2, "2015": 1, "1999": 2, "2000": 2, "2001": 0, "1998": 2, "2016": 0, "2017": 1, "1992": 1, "1993": 2, "1994": 1, "1995": 1, "1996": 0, "1997": 1}, "old_citations": {"1997": 8, "1999": 5, "1992": 21, "2001": 5}, "isVisible": false}, "telecommunication networks": {"name": "telecommunication networks", "type": "topic", "h_index": 1116, "h5_index": 258, "num_publications": 8, "num_citations": 39, "num_publications_5y": 0, "num_citations_5y": 4, "num_publications_10y": 0, "num_citations_10y": 7, "publications_years": {"1997": 2, "1999": 1, "1992": 4, "2001": 1}, "citations_years": {"2002": 3, "2003": 5, "2004": 1, "2005": 2, "2006": 2, "2007": 5, "2008": 2, "2009": 1, "2010": 1, "2011": 1, "2012": 0, "2013": 0, "2014": 2, "2015": 1, "1999": 2, "2000": 2, "2001": 0, "1998": 2, "2016": 0, "2017": 1, "1992": 1, "1993": 2, "1994": 1, "1995": 1, "1996": 0, "1997": 1}, "old_citations": {"1997": 8, "1999": 5, "1992": 21, "2001": 5}, "isVisible": false}, "telecommunication systems": {"name": "telecommunication systems", "type": "topic", "h_index": 1187, "h5_index": 277, "num_publications": 8, "num_citations": 39, "num_publications_5y": 0, "num_citations_5y": 4, "num_publications_10y": 0, "num_citations_10y": 7, "publications_years": {"1997": 2, "1999": 1, "1992": 4, "2001": 1}, "citations_years": {"2002": 3, "2003": 5, "2004": 1, "2005": 2, "2006": 2, "2007": 5, "2008": 2, "2009": 1, "2010": 1, "2011": 1, "2012": 0, "2013": 0, "2014": 2, "2015": 1, "1999": 2, "2000": 2, "2001": 0, "1998": 2, "2016": 0, "2017": 1, "1992": 1, "1993": 2, "1994": 1, "1995": 1, "1996": 0, "1997": 1}, "old_citations": {"1997": 8, "1999": 5, "1992": 21, "2001": 5}, "isVisible": false}, "education": {"name": "education", "type": "topic", "h_index": 639, "h5_index": 124, "num_publications": 6, "num_citations": 31, "num_publications_5y": 0, "num_citations_5y": 3, "num_publications_10y": 0, "num_citations_10y": 10, "publications_years": {"1999": 2, "1998": 1, "2001": 1, "1992": 2}, "citations_years": {"1999": 1, "2000": 2, "2001": 2, "2002": 2, "2003": 5, "2004": 2, "2005": 1, "2006": 1, "2007": 3, "2008": 2, "2009": 1, "2010": 2, "2011": 2, "2012": 1, "2013": 1, "2014": 1, "2015": 0, "2016": 0, "2017": 2}, "old_citations": {"1999": 22, "1998": 4, "2001": 1, "1992": 4}, "isVisible": false}, "internet": {"name": "internet", "type": "topic", "h_index": 1102, "h5_index": 245, "num_publications": 6, "num_citations": 34, "num_publications_5y": 0, "num_citations_5y": 6, "num_publications_10y": 0, "num_citations_10y": 14, "publications_years": {"1997": 4, "2000": 1, "1992": 1}, "citations_years": {"2002": 2, "2003": 0, "2004": 2, "2005": 0, "2006": 3, "2007": 2, "2008": 2, "2009": 1, "2010": 4, "2011": 2, "2012": 0, "2013": 1, "2014": 3, "2015": 2, "1998": 4, "1999": 4, "2000": 1, "2001": 0, "2016": 0, "2017": 0, "2018": 1}, "old_citations": {"1997": 32, "2000": 0, "1992": 2}, "isVisible": false}, "knowledge based systems": {"name": "knowledge based systems", "type": "topic", "h_index": 660, "h5_index": 129, "num_publications": 5, "num_citations": 81, "num_publications_5y": 0, "num_citations_5y": 8, "num_publications_10y": 0, "num_citations_10y": 36, "publications_years": {"1999": 3, "1998": 1, "1992": 1}, "citations_years": {"2001": 3, "2002": 4, "2003": 4, "2004": 6, "2005": 2, "2006": 7, "2007": 8, "2008": 5, "2009": 4, "2010": 7, "2011": 5, "2012": 7, "2013": 5, "2014": 2, "2015": 0, "2016": 1, "2017": 4, "1999": 2, "2000": 0, "2018": 1, "2019": 1, "2020": 1, "1995": 2, "1996": 0, "1997": 0, "1998": 0}, "old_citations": {"1999": 72, "1998": 6, "1992": 3}, "isVisible": false}, "knowledge management": {"name": "knowledge management", "type": "topic", "h_index": 396, "h5_index": 83, "num_publications": 4, "num_citations": 75, "num_publications_5y": 0, "num_citations_5y": 8, "num_publications_10y": 0, "num_citations_10y": 35, "publications_years": {"1999": 3, "1992": 1}, "citations_years": {"2001": 3, "2002": 4, "2003": 4, "2004": 4, "2005": 2, "2006": 6, "2007": 8, "2008": 4, "2009": 4, "2010": 7, "2011": 4, "2012": 7, "2013": 5, "2014": 2, "2015": 0, "2016": 1, "2017": 4, "2018": 1, "2019": 1, "2020": 1, "1995": 2, "1996": 0, "1997": 0, "1998": 0, "1999": 1}, "old_citations": {"1999": 72, "1992": 3}, "isVisible": false}, "software architecture": {"name": "software architecture", "type": "topic", "h_index": 821, "h5_index": 210, "num_publications": 4, "num_citations": 61, "num_publications_5y": 0, "num_citations_5y": 10, "num_publications_10y": 0, "num_citations_10y": 30, "publications_years": {"1997": 2, "2001": 2}, "citations_years": {"1998": 2, "1999": 2, "2000": 0, "2001": 1, "2002": 1, "2003": 0, "2004": 4, "2005": 5, "2006": 6, "2007": 6, "2008": 3, "2009": 4, "2010": 7, "2011": 4, "2012": 3, "2013": 2, "2014": 3, "2015": 0, "2016": 1, "2017": 2, "2018": 4, "2019": 1}, "old_citations": {"1997": 19, "2001": 42}, "isVisible": false}, "computer programming": {"name": "computer programming", "type": "topic", "h_index": 873, "h5_index": 186, "num_publications": 5, "num_citations": 47, "num_publications_5y": 0, "num_citations_5y": 7, "num_publications_10y": 0, "num_citations_10y": 20, "publications_years": {"1997": 2, "1999": 1, "1998": 1, "2001": 1}, "citations_years": {"1998": 2, "1999": 3, "2000": 0, "2001": 2, "2002": 1, "2003": 2, "2004": 6, "2005": 2, "2006": 3, "2007": 4, "2008": 2, "2009": 2, "2010": 5, "2011": 3, "2012": 1, "2013": 2, "2014": 3, "2015": 0, "2016": 0, "2017": 3, "2018": 1}, "old_citations": {"1997": 19, "1999": 17, "1998": 6, "2001": 5}, "isVisible": false}, "sensors": {"name": "sensors", "type": "topic", "h_index": 960, "h5_index": 229, "num_publications": 4, "num_citations": 45, "num_publications_5y": 0, "num_citations_5y": 6, "num_publications_10y": 0, "num_citations_10y": 20, "publications_years": {"2001": 2, "1992": 2}, "citations_years": {"2001": 1, "2002": 1, "2003": 0, "2004": 2, "2005": 5, "2006": 5, "2007": 5, "2008": 3, "2009": 3, "2010": 4, "2011": 3, "2012": 3, "2013": 1, "2014": 0, "2015": 0, "2016": 1, "2017": 2, "2018": 3, "2019": 1, "1999": 1, "2000": 0, "1996": 1}, "old_citations": {"2001": 42, "1992": 3}, "isVisible": false}, "information overloads": {"name": "information overloads", "type": "topic", "h_index": 98, "h5_index": 22, "num_publications": 1, "num_citations": 44, "num_publications_5y": 0, "num_citations_5y": 5, "num_publications_10y": 0, "num_citations_10y": 23, "publications_years": {"1999": 1}, "citations_years": {"2002": 1, "2003": 1, "2004": 3, "2005": 1, "2006": 5, "2007": 5, "2008": 3, "2009": 3, "2010": 3, "2011": 4, "2012": 6, "2013": 2, "2014": 1, "2015": 0, "2016": 1, "2017": 2, "2018": 1, "2019": 1, "2020": 1}, "old_citations": {"1999": 44}, "isVisible": false}}, "authors": {"2142736239": {"name": "ritu agarwal", "type": "author", "activity": 30, "h_index": 27, "h5_index": 2, "mag_id": "2142736239", "num_publications": 3, "num_citations": 9, "num_publications_5y": 0, "num_citations_5y": 2, "num_publications_10y": 0, "num_citations_10y": 3, "publications_years": {"1997": 1, "1992": 2}, "citations_years": {"1999": 1, "2000": 0, "2001": 0, "2002": 0, "2003": 1, "2004": 0, "2005": 0, "2006": 1, "2007": 2, "2008": 0, "2009": 1, "2010": 0, "2011": 0, "2012": 0, "2013": 0, "2014": 2, "1993": 1}, "old_citations": {"1997": 2, "1992": 7}, "isVisible": false}, "356142320": {"name": "lorne olfman", "type": "author", "activity": 29, "h_index": 23, "h5_index": 1, "mag_id": "356142320", "num_publications": 2, "num_citations": 12, "num_publications_5y": 0, "num_citations_5y": 0, "num_publications_10y": 0, "num_citations_10y": 1, "publications_years": {"1998": 1, "1997": 1}, "citations_years": {"1999": 2, "2000": 0, "2001": 0, "2002": 0, "2003": 0, "2004": 2, "2005": 0, "2006": 2, "2007": 1, "2008": 2, "2009": 0, "2010": 0, "2011": 1, "1998": 2}, "old_citations": {"1998": 6, "1997": 6}, "isVisible": false}, "363140096": {"name": "fred niederman", "type": "author", "activity": 28, "h_index": 13, "h5_index": 1, "mag_id": "363140096", "num_publications": 2, "num_citations": 13, "num_publications_5y": 0, "num_citations_5y": 0, "num_publications_10y": 0, "num_citations_10y": 1, "publications_years": {"1992": 2}, "citations_years": {"1992": 1, "1993": 2, "1994": 1, "1995": 1, "1996": 0, "1997": 1, "1998": 0, "1999": 0, "2000": 1, "2001": 0, "2002": 2, "2003": 1, "2004": 0, "2005": 1, "2006": 0, "2007": 1, "2008": 0, "2009": 0, "2010": 1}, "old_citations": {"1992": 13}, "isVisible": false}, "675963422": {"name": "kathryn a marold", "type": "author", "activity": 15, "h_index": 2, "h5_index": 0, "mag_id": "675963422", "num_publications": 2, "num_citations": 7, "num_publications_5y": 0, "num_citations_5y": 1, "num_publications_10y": 0, "num_citations_10y": 1, "publications_years": {"1997": 1, "1999": 1}, "citations_years": {"2002": 1, "2003": 3, "2004": 0, "2005": 0, "2006": 0, "2007": 0, "2008": 0, "2009": 0, "2010": 0, "2011": 0, "2012": 0, "2013": 0, "2014": 0, "2015": 1, "1999": 1, "2000": 1, "2001": 0}, "old_citations": {"1997": 2, "1999": 5}, "isVisible": false}, "1506387889": {"name": "conrad shayo", "type": "author", "activity": 28, "h_index": 6, "h5_index": 0, "mag_id": "1506387889", "num_publications": 2, "num_citations": 12, "num_publications_5y": 0, "num_citations_5y": 0, "num_publications_10y": 0, "num_citations_10y": 1, "publications_years": {"1998": 1, "1997": 1}, "citations_years": {"1999": 2, "2000": 0, "2001": 0, "2002": 0, "2003": 0, "2004": 2, "2005": 0, "2006": 2, "2007": 1, "2008": 2, "2009": 0, "2010": 0, "2011": 1, "1998": 2}, "old_citations": {"1998": 6, "1997": 6}, "isVisible": false}, "2045062617": {"name": "charles h mawhinney", "type": "author", "activity": 20, "h_index": 2, "h5_index": 0, "mag_id": "2045062617", "num_publications": 2, "num_citations": 6, "num_publications_5y": 0, "num_citations_5y": 0, "num_publications_10y": 0, "num_citations_10y": 2, "publications_years": {"1998": 1, "1992": 1}, "citations_years": {"2000": 1, "2001": 0, "2002": 1, "2003": 0, "2004": 1, "2005": 0, "2006": 0, "2007": 1, "2008": 0, "2009": 0, "2010": 1, "2011": 1}, "old_citations": {"1998": 4, "1992": 2}, "isVisible": false}, "2124024504": {"name": "gwynne larsen", "type": "author", "activity": 11, "h_index": 2, "h5_index": 0, "mag_id": "2124024504", "num_publications": 2, "num_citations": 7, "num_publications_5y": 0, "num_citations_5y": 1, "num_publications_10y": 0, "num_citations_10y": 1, "publications_years": {"1997": 1, "1999": 1}, "citations_years": {"2002": 1, "2003": 3, "2004": 0, "2005": 0, "2006": 0, "2007": 0, "2008": 0, "2009": 0, "2010": 0, "2011": 0, "2012": 0, "2013": 0, "2014": 0, "2015": 1, "1999": 1, "2000": 1, "2001": 0}, "old_citations": {"1997": 2, "1999": 5}, "isVisible": false}, "176270549": {"name": "juhani iivari", "type": "author", "activity": 28, "h_index": 24, "h5_index": 1, "mag_id": "176270549", "num_publications": 1, "num_citations": 2, "num_publications_5y": 0, "num_citations_5y": 0, "num_publications_10y": 0, "num_citations_10y": 1, "publications_years": {"1992": 1}, "citations_years": {"1999": 1, "2000": 0, "2001": 0, "2002": 0, "2003": 0, "2004": 0, "2005": 0, "2006": 0, "2007": 0, "2008": 0, "2009": 0, "2010": 1}, "old_citations": {"1992": 2}, "isVisible": false}, "203319978": {"name": "thomas w ferratt", "type": "author", "activity": 29, "h_index": 10, "h5_index": 1, "mag_id": "203319978", "num_publications": 1, "num_citations": 1, "num_publications_5y": 0, "num_citations_5y": 0, "num_publications_10y": 0, "num_citations_10y": 0, "publications_years": {"1992": 1}, "citations_years": {"1993": 1}, "old_citations": {"1992": 1}, "isVisible": false}, "1804368671": {"name": "greg stefaniak", "type": "author", "activity": 1, "h_index": 1, "h5_index": 0, "mag_id": "1804368671", "num_publications": 1, "num_citations": 37, "num_publications_5y": 0, "num_citations_5y": 5, "num_publications_10y": 0, "num_citations_10y": 17, "publications_years": {"2001": 1}, "citations_years": {"2001": 1, "2002": 1, "2003": 0, "2004": 1, "2005": 4, "2006": 5, "2007": 4, "2008": 3, "2009": 3, "2010": 3, "2011": 2, "2012": 3, "2013": 1, "2014": 0, "2015": 0, "2016": 1, "2017": 1, "2018": 3, "2019": 1}, "old_citations": {"2001": 37}, "isVisible": false}, "1806024273": {"name": "john t nosek", "type": "author", "activity": 22, "h_index": 8, "h5_index": 0, "mag_id": "1806024273", "num_publications": 1, "num_citations": 1, "num_publications_5y": 0, "num_citations_5y": 0, "num_publications_10y": 0, "num_citations_10y": 1, "publications_years": {"2001": 1}, "citations_years": {"2011": 1}, "old_citations": {"2001": 1}, "isVisible": false}, "1895994038": {"name": "james b pick", "type": "author", "activity": 28, "h_index": 6, "h5_index": 3, "mag_id": "1895994038", "num_publications": 1, "num_citations": 3, "num_publications_5y": 0, "num_citations_5y": 0, "num_publications_10y": 0, "num_citations_10y": 0, "publications_years": {"1992": 1}, "citations_years": {"1995": 2, "1996": 0, "1997": 0, "1998": 0, "1999": 1}, "old_citations": {"1992": 3}, "isVisible": false}, "1988603006": {"name": "irja ervasti", "type": "author", "activity": 1, "h_index": 1, "h5_index": 0, "mag_id": "1988603006", "num_publications": 1, "num_citations": 2, "num_publications_5y": 0, "num_citations_5y": 0, "num_publications_10y": 0, "num_citations_10y": 1, "publications_years": {"1992": 1}, "citations_years": {"1999": 1, "2000": 0, "2001": 0, "2002": 0, "2003": 0, "2004": 0, "2005": 0, "2006": 0, "2007": 0, "2008": 0, "2009": 0, "2010": 1}, "old_citations": {"1992": 2}, "isVisible": false}, "2013013632": {"name": "peggy m beranek", "type": "author", "activity": 25, "h_index": 8, "h5_index": 0, "mag_id": "2013013632", "num_publications": 1, "num_citations": 13, "num_publications_5y": 0, "num_citations_5y": 0, "num_publications_10y": 0, "num_citations_10y": 1, "publications_years": {"1992": 1}, "citations_years": {"1992": 1, "1993": 2, "1994": 1, "1995": 1, "1996": 0, "1997": 1, "1998": 0, "1999": 0, "2000": 1, "2001": 0, "2002": 2, "2003": 1, "2004": 0, "2005": 1, "2006": 0, "2007": 1, "2008": 0, "2009": 0, "2010": 1}, "old_citations": {"1992": 13}, "isVisible": false}, "2028177932": {"name": "aniruddha s vaidya", "type": "author", "activity": 22, "h_index": 10, "h5_index": 0, "mag_id": "2028177932", "num_publications": 1, "num_citations": 5, "num_publications_5y": 0, "num_citations_5y": 1, "num_publications_10y": 0, "num_citations_10y": 2, "publications_years": {"2001": 1}, "citations_years": {"2004": 1, "2005": 1, "2006": 0, "2007": 1, "2008": 0, "2009": 0, "2010": 0, "2011": 1, "2012": 0, "2013": 0, "2014": 0, "2015": 0, "2016": 0, "2017": 1}, "old_citations": {"2001": 5}, "isVisible": false}, "2048734736": {"name": "andre p calitz", "type": "author", "activity": 26, "h_index": 9, "h5_index": 1, "mag_id": "2048734736", "num_publications": 1, "num_citations": 17, "num_publications_5y": 0, "num_citations_5y": 3, "num_publications_10y": 0, "num_citations_10y": 10, "publications_years": {"1997": 1}, "citations_years": {"1998": 2, "1999": 1, "2000": 0, "2001": 0, "2002": 0, "2003": 0, "2004": 2, "2005": 0, "2006": 1, "2007": 1, "2008": 0, "2009": 1, "2010": 4, "2011": 1, "2012": 0, "2013": 1, "2014": 2, "2015": 0, "2016": 0, "2017": 0, "2018": 1}, "old_citations": {"1997": 17}, "isVisible": false}, "2054044612": {"name": "edward j quigley", "type": "author", "activity": 1, "h_index": 1, "h5_index": 0, "mag_id": "2054044612", "num_publications": 1, "num_citations": 44, "num_publications_5y": 0, "num_citations_5y": 5, "num_publications_10y": 0, "num_citations_10y": 23, "publications_years": {"1999": 1}, "citations_years": {"2002": 1, "2003": 1, "2004": 3, "2005": 1, "2006": 5, "2007": 5, "2008": 3, "2009": 3, "2010": 3, "2011": 4, "2012": 6, "2013": 2, "2014": 1, "2015": 0, "2016": 1, "2017": 2, "2018": 1, "2019": 1, "2020": 1}, "old_citations": {"1999": 44}, "isVisible": false}, "2067706721": {"name": "stephen r ruth", "type": "author", "activity": 26, "h_index": 8, "h5_index": 0, "mag_id": "2067706721", "num_publications": 1, "num_citations": 17, "num_publications_5y": 0, "num_citations_5y": 2, "num_publications_10y": 0, "num_citations_10y": 6, "publications_years": {"1999": 1}, "citations_years": {"2001": 2, "2002": 1, "2003": 2, "2004": 1, "2005": 1, "2006": 1, "2007": 2, "2008": 1, "2009": 1, "2010": 1, "2011": 0, "2012": 1, "2013": 1, "2014": 0, "2015": 0, "2016": 0, "2017": 2}, "old_citations": {"1999": 17}, "isVisible": false}, "2089824539": {"name": "jonathan k trower", "type": "author", "activity": 1, "h_index": 1, "h5_index": 0, "mag_id": "2089824539", "num_publications": 1, "num_citations": 1, "num_publications_5y": 0, "num_citations_5y": 0, "num_publications_10y": 0, "num_citations_10y": 0, "publications_years": {"1992": 1}, "citations_years": {"1996": 1}, "old_citations": {"1992": 1}, "isVisible": false}, "2095978113": {"name": "mark watson", "type": "author", "activity": 1, "h_index": 1, "h5_index": 0, "mag_id": "2095978113", "num_publications": 1, "num_citations": 17, "num_publications_5y": 0, "num_citations_5y": 3, "num_publications_10y": 0, "num_citations_10y": 10, "publications_years": {"1997": 1}, "citations_years": {"1998": 2, "1999": 1, "2000": 0, "2001": 0, "2002": 0, "2003": 0, "2004": 2, "2005": 0, "2006": 1, "2007": 1, "2008": 0, "2009": 1, "2010": 4, "2011": 1, "2012": 0, "2013": 1, "2014": 2, "2015": 0, "2016": 0, "2017": 0, "2018": 1}, "old_citations": {"1997": 17}, "isVisible": false}, "2096455838": {"name": "martha myers", "type": "author", "activity": 16, "h_index": 5, "h5_index": 0, "mag_id": "2096455838", "num_publications": 1, "num_citations": 6, "num_publications_5y": 0, "num_citations_5y": 0, "num_publications_10y": 0, "num_citations_10y": 2, "publications_years": {"1992": 1}, "citations_years": {"2003": 1, "2004": 1, "2005": 0, "2006": 0, "2007": 0, "2008": 2, "2009": 0, "2010": 1, "2011": 0, "2012": 0, "2013": 1}, "old_citations": {"1992": 6}, "isVisible": false}, "2096588356": {"name": "joseph s morrell", "type": "author", "activity": 17, "h_index": 3, "h5_index": 0, "mag_id": "2096588356", "num_publications": 1, "num_citations": 4, "num_publications_5y": 0, "num_citations_5y": 0, "num_publications_10y": 0, "num_citations_10y": 1, "publications_years": {"1998": 1}, "citations_years": {"2000": 1, "2001": 0, "2002": 1, "2003": 0, "2004": 1, "2005": 0, "2006": 0, "2007": 0, "2008": 0, "2009": 0, "2010": 0, "2011": 1}, "old_citations": {"1998": 4}, "isVisible": false}, "2107468044": {"name": "detmar w straub", "type": "author", "activity": 31, "h_index": 33, "h5_index": 3, "mag_id": "2107468044", "num_publications": 1, "num_citations": 1, "num_publications_5y": 0, "num_citations_5y": 0, "num_publications_10y": 0, "num_citations_10y": 0, "publications_years": {"1992": 1}, "citations_years": {"1996": 1}, "old_citations": {"1992": 1}, "isVisible": false}, "2118326272": {"name": "janet l bailey", "type": "author", "activity": 10, "h_index": 2, "h5_index": 0, "mag_id": "2118326272", "num_publications": 1, "num_citations": 37, "num_publications_5y": 0, "num_citations_5y": 5, "num_publications_10y": 0, "num_citations_10y": 17, "publications_years": {"2001": 1}, "citations_years": {"2001": 1, "2002": 1, "2003": 0, "2004": 1, "2005": 4, "2006": 5, "2007": 4, "2008": 3, "2009": 3, "2010": 3, "2011": 2, "2012": 3, "2013": 1, "2014": 0, "2015": 0, "2016": 1, "2017": 1, "2018": 3, "2019": 1}, "old_citations": {"2001": 37}, "isVisible": false}, "2119616653": {"name": "ephraim r mclean", "type": "author", "activity": 30, "h_index": 19, "h5_index": 2, "mag_id": "2119616653", "num_publications": 1, "num_citations": 2, "num_publications_5y": 0, "num_citations_5y": 1, "num_publications_10y": 0, "num_citations_10y": 1, "publications_years": {"1992": 1}, "citations_years": {"2008": 1, "2009": 0, "2010": 0, "2011": 0, "2012": 0, "2013": 0, "2014": 1}, "old_citations": {"1992": 2}, "isVisible": false}, "2120550803": {"name": "robert m barker", "type": "author", "activity": 19, "h_index": 3, "h5_index": 0, "mag_id": "2120550803", "num_publications": 1, "num_citations": 7, "num_publications_5y": 0, "num_citations_5y": 1, "num_publications_10y": 0, "num_citations_10y": 2, "publications_years": {"1997": 1}, "citations_years": {"1999": 2, "2000": 1, "2001": 0, "2002": 1, "2003": 0, "2004": 0, "2005": 0, "2006": 1, "2007": 0, "2008": 0, "2009": 0, "2010": 0, "2011": 1, "2012": 0, "2013": 0, "2014": 0, "2015": 1}, "old_citations": {"1997": 7}, "isVisible": false}, "2148884282": {"name": "andrew l wright", "type": "author", "activity": 15, "h_index": 3, "h5_index": 0, "mag_id": "2148884282", "num_publications": 1, "num_citations": 7, "num_publications_5y": 0, "num_citations_5y": 1, "num_publications_10y": 0, "num_citations_10y": 2, "publications_years": {"1997": 1}, "citations_years": {"1999": 2, "2000": 1, "2001": 0, "2002": 1, "2003": 0, "2004": 0, "2005": 0, "2006": 1, "2007": 0, "2008": 0, "2009": 0, "2010": 0, "2011": 1, "2012": 0, "2013": 0, "2014": 0, "2015": 1}, "old_citations": {"1997": 7}, "isVisible": false}, "2150435169": {"name": "larry e short", "type": "author", "activity": 4, "h_index": 2, "h5_index": 0, "mag_id": "2150435169", "num_publications": 1, "num_citations": 1, "num_publications_5y": 0, "num_citations_5y": 0, "num_publications_10y": 0, "num_citations_10y": 0, "publications_years": {"1992": 1}, "citations_years": {"1993": 1}, "old_citations": {"1992": 1}, "isVisible": false}, "2152458273": {"name": "virgil frizzell", "type": "author", "activity": 1, "h_index": 1, "h5_index": 0, "mag_id": "2152458273", "num_publications": 1, "num_citations": 17, "num_publications_5y": 0, "num_citations_5y": 2, "num_publications_10y": 0, "num_citations_10y": 6, "publications_years": {"1999": 1}, "citations_years": {"2001": 2, "2002": 1, "2003": 2, "2004": 1, "2005": 1, "2006": 1, "2007": 2, "2008": 1, "2009": 1, "2010": 1, "2011": 0, "2012": 1, "2013": 1, "2014": 0, "2015": 0, "2016": 0, "2017": 2}, "old_citations": {"1999": 17}, "isVisible": false}, "2153510845": {"name": "chita r das", "type": "author", "activity": 30, "h_index": 47, "h5_index": 11, "mag_id": "2153510845", "num_publications": 1, "num_citations": 5, "num_publications_5y": 0, "num_citations_5y": 1, "num_publications_10y": 0, "num_citations_10y": 2, "publications_years": {"2001": 1}, "citations_years": {"2004": 1, "2005": 1, "2006": 0, "2007": 1, "2008": 0, "2009": 0, "2010": 0, "2011": 1, "2012": 0, "2013": 0, "2014": 0, "2015": 0, "2016": 0, "2017": 1}, "old_citations": {"2001": 5}, "isVisible": false}, "2164822421": {"name": "malu roldan", "type": "author", "activity": 10, "h_index": 2, "h5_index": 0, "mag_id": "2164822421", "num_publications": 1, "num_citations": 0, "num_publications_5y": 0, "num_citations_5y": 0, "num_publications_10y": 0, "num_citations_10y": 0, "publications_years": {"2000": 1}, "citations_years": {}, "old_citations": {"2000": 0}, "isVisible": false}, "2167092868": {"name": "anand sivasubramaniam", "type": "author", "activity": 29, "h_index": 47, "h5_index": 8, "mag_id": "2167092868", "num_publications": 1, "num_citations": 5, "num_publications_5y": 0, "num_citations_5y": 1, "num_publications_10y": 0, "num_citations_10y": 2, "publications_years": {"2001": 1}, "citations_years": {"2004": 1, "2005": 1, "2006": 0, "2007": 1, "2008": 0, "2009": 0, "2010": 0, "2011": 1, "2012": 0, "2013": 0, "2014": 0, "2015": 0, "2016": 0, "2017": 1}, "old_citations": {"2001": 5}, "isVisible": false}, "2170055997": {"name": "stanley j smits", "type": "author", "activity": 12, "h_index": 2, "h5_index": 0, "mag_id": "2170055997", "num_publications": 1, "num_citations": 2, "num_publications_5y": 0, "num_citations_5y": 1, "num_publications_10y": 0, "num_citations_10y": 1, "publications_years": {"1992": 1}, "citations_years": {"2008": 1, "2009": 0, "2010": 0, "2011": 0, "2012": 0, "2013": 0, "2014": 1}, "old_citations": {"1992": 2}, "isVisible": false}, "2222547277": {"name": "steven m zeltman", "type": "author", "activity": 1, "h_index": 0, "h5_index": 0, "mag_id": "2222547277", "num_publications": 1, "num_citations": 0, "num_publications_5y": 0, "num_citations_5y": 0, "num_publications_10y": 0, "num_citations_10y": 0, "publications_years": {"1992": 1}, "citations_years": {}, "old_citations": {"1992": 0}, "isVisible": false}, "2222795895": {"name": "jeffrey theobald", "type": "author", "activity": 1, "h_index": 1, "h5_index": 0, "mag_id": "2222795895", "num_publications": 1, "num_citations": 17, "num_publications_5y": 0, "num_citations_5y": 2, "num_publications_10y": 0, "num_citations_10y": 6, "publications_years": {"1999": 1}, "citations_years": {"2001": 2, "2002": 1, "2003": 2, "2004": 1, "2005": 1, "2006": 1, "2007": 2, "2008": 1, "2009": 1, "2010": 1, "2011": 0, "2012": 1, "2013": 1, "2014": 0, "2015": 0, "2016": 0, "2017": 2}, "old_citations": {"1999": 17}, "isVisible": false}, "2223490580": {"name": "paul robertus", "type": "author", "activity": 1, "h_index": 1, "h5_index": 0, "mag_id": "2223490580", "num_publications": 1, "num_citations": 5, "num_publications_5y": 0, "num_citations_5y": 0, "num_publications_10y": 0, "num_citations_10y": 0, "publications_years": {"1999": 1}, "citations_years": {"1999": 1, "2000": 1, "2001": 0, "2002": 0, "2003": 3}, "old_citations": {"1999": 5}, "isVisible": false}, "2224879192": {"name": "david l bahn", "type": "author", "activity": 2, "h_index": 1, "h5_index": 0, "mag_id": "2224879192", "num_publications": 1, "num_citations": 5, "num_publications_5y": 0, "num_citations_5y": 1, "num_publications_10y": 0, "num_citations_10y": 2, "publications_years": {"1997": 1}, "citations_years": {"2005": 1, "2006": 1, "2007": 1, "2008": 0, "2009": 0, "2010": 0, "2011": 0, "2012": 1, "2013": 0, "2014": 0, "2015": 0, "2016": 0, "2017": 0, "2018": 1}, "old_citations": {"1997": 5}, "isVisible": false}, "2230848812": {"name": "gideon de v de kock", "type": "author", "activity": 6, "h_index": 2, "h5_index": 0, "mag_id": "2230848812", "num_publications": 1, "num_citations": 17, "num_publications_5y": 0, "num_citations_5y": 3, "num_publications_10y": 0, "num_citations_10y": 10, "publications_years": {"1997": 1}, "citations_years": {"1998": 2, "1999": 1, "2000": 0, "2001": 0, "2002": 0, "2003": 0, "2004": 2, "2005": 0, "2006": 1, "2007": 1, "2008": 0, "2009": 1, "2010": 4, "2011": 1, "2012": 0, "2013": 1, "2014": 2, "2015": 0, "2016": 0, "2017": 0, "2018": 1}, "old_citations": {"1997": 17}, "isVisible": false}, "2232331738": {"name": "jayesh prasad", "type": "author", "activity": 29, "h_index": 14, "h5_index": 1, "mag_id": "2232331738", "num_publications": 1, "num_citations": 2, "num_publications_5y": 0, "num_citations_5y": 1, "num_publications_10y": 0, "num_citations_10y": 1, "publications_years": {"1997": 1}, "citations_years": {"1999": 1, "2000": 0, "2001": 0, "2002": 0, "2003": 0, "2004": 0, "2005": 0, "2006": 0, "2007": 0, "2008": 0, "2009": 0, "2010": 0, "2011": 0, "2012": 0, "2013": 0, "2014": 1}, "old_citations": {"1997": 2}, "isVisible": false}, "2291596209": {"name": "catherine m beise", "type": "author", "activity": 14, "h_index": 4, "h5_index": 0, "mag_id": "2291596209", "num_publications": 1, "num_citations": 13, "num_publications_5y": 0, "num_citations_5y": 0, "num_publications_10y": 0, "num_citations_10y": 1, "publications_years": {"1992": 1}, "citations_years": {"1992": 1, "1993": 2, "1994": 1, "1995": 1, "1996": 0, "1997": 1, "1998": 0, "1999": 0, "2000": 1, "2001": 0, "2002": 2, "2003": 1, "2004": 0, "2005": 1, "2006": 0, "2007": 1, "2008": 0, "2009": 0, "2010": 1}, "old_citations": {"1992": 13}, "isVisible": false}, "2434186914": {"name": "j david naumann", "type": "author", "activity": 13, "h_index": 3, "h5_index": 0, "mag_id": "2434186914", "num_publications": 1, "num_citations": 5, "num_publications_5y": 0, "num_citations_5y": 1, "num_publications_10y": 0, "num_citations_10y": 2, "publications_years": {"1997": 1}, "citations_years": {"2005": 1, "2006": 1, "2007": 1, "2008": 0, "2009": 0, "2010": 0, "2011": 0, "2012": 1, "2013": 0, "2014": 0, "2015": 0, "2016": 0, "2017": 0, "2018": 1}, "old_citations": {"1997": 5}, "isVisible": false}, "2496778118": {"name": "anthony debons", "type": "author", "activity": 16, "h_index": 2, "h5_index": 0, "mag_id": "2496778118", "num_publications": 1, "num_citations": 44, "num_publications_5y": 0, "num_citations_5y": 5, "num_publications_10y": 0, "num_citations_10y": 23, "publications_years": {"1999": 1}, "citations_years": {"2002": 1, "2003": 1, "2004": 3, "2005": 1, "2006": 5, "2007": 5, "2008": 3, "2009": 3, "2010": 3, "2011": 4, "2012": 6, "2013": 2, "2014": 1, "2015": 0, "2016": 1, "2017": 2, "2018": 1, "2019": 1, "2020": 1}, "old_citations": {"1999": 44}, "isVisible": false}, "2573325717": {"name": "mohan tanniru", "type": "author", "activity": 30, "h_index": 16, "h5_index": 2, "mag_id": "2573325717", "num_publications": 1, "num_citations": 6, "num_publications_5y": 0, "num_citations_5y": 1, "num_publications_10y": 0, "num_citations_10y": 2, "publications_years": {"1992": 1}, "citations_years": {"2003": 1, "2004": 0, "2005": 0, "2006": 1, "2007": 2, "2008": 0, "2009": 1, "2010": 0, "2011": 0, "2012": 0, "2013": 0, "2014": 1}, "old_citations": {"1992": 6}, "isVisible": false}, "2647838535": {"name": "michael vineyard", "type": "author", "activity": 2, "h_index": 1, "h5_index": 0, "mag_id": "2647838535", "num_publications": 1, "num_citations": 0, "num_publications_5y": 0, "num_citations_5y": 0, "num_publications_10y": 0, "num_citations_10y": 0, "publications_years": {"1992": 1}, "citations_years": {}, "old_citations": {"1992": 0}, "isVisible": false}, "2647943044": {"name": "roger w harris", "type": "author", "activity": 1, "h_index": 1, "h5_index": 0, "mag_id": "2647943044", "num_publications": 1, "num_citations": 2, "num_publications_5y": 0, "num_citations_5y": 0, "num_publications_10y": 0, "num_citations_10y": 0, "publications_years": {"1992": 1}, "citations_years": {"1994": 1, "1995": 0, "1996": 0, "1997": 1}, "old_citations": {"1992": 2}, "isVisible": false}, "2655779197": {"name": "john r tanner", "type": "author", "activity": 2, "h_index": 2, "h5_index": 0, "mag_id": "2655779197", "num_publications": 1, "num_citations": 2, "num_publications_5y": 0, "num_citations_5y": 1, "num_publications_10y": 0, "num_citations_10y": 1, "publications_years": {"1992": 1}, "citations_years": {"2008": 1, "2009": 0, "2010": 0, "2011": 0, "2012": 0, "2013": 0, "2014": 1}, "old_citations": {"1992": 2}, "isVisible": false}, "2699610269": {"name": "herman p hoplin", "type": "author", "activity": 1, "h_index": 0, "h5_index": 0, "mag_id": "2699610269", "num_publications": 1, "num_citations": 0, "num_publications_5y": 0, "num_citations_5y": 0, "num_publications_10y": 0, "num_citations_10y": 0, "publications_years": {"1992": 1}, "citations_years": {}, "old_citations": {"1992": 0}, "isVisible": false}, "2714338435": {"name": "robert a rademacher", "type": "author", "activity": 1, "h_index": 1, "h5_index": 0, "mag_id": "2714338435", "num_publications": 1, "num_citations": 11, "num_publications_5y": 0, "num_citations_5y": 1, "num_publications_10y": 0, "num_citations_10y": 6, "publications_years": {"1999": 1}, "citations_years": {"2001": 1, "2002": 2, "2003": 1, "2004": 0, "2005": 0, "2006": 0, "2007": 1, "2008": 0, "2009": 0, "2010": 3, "2011": 0, "2012": 0, "2013": 2, "2014": 1}, "old_citations": {"1999": 11}, "isVisible": false}, "2974236563": {"name": "ken shaw", "type": "author", "activity": 1, "h_index": 1, "h5_index": 0, "mag_id": "2974236563", "num_publications": 1, "num_citations": 5, "num_publications_5y": 0, "num_citations_5y": 0, "num_publications_10y": 0, "num_citations_10y": 0, "publications_years": {"1999": 1}, "citations_years": {"1999": 1, "2000": 1, "2001": 0, "2002": 0, "2003": 3}, "old_citations": {"1999": 5}, "isVisible": false}, "2986805100": {"name": "eelko k r e huizingh", "type": "author", "activity": 1, "h_index": 0, "h5_index": 0, "mag_id": "2986805100", "num_publications": 1, "num_citations": 0, "num_publications_5y": 0, "num_citations_5y": 0, "num_publications_10y": 0, "num_citations_10y": 0, "publications_years": {"1992": 1}, "citations_years": {}, "old_citations": {"1992": 0}, "isVisible": false}, "2987194147": {"name": "jeanne w ross", "type": "author", "activity": 1, "h_index": 1, "h5_index": 0, "mag_id": "2987194147", "num_publications": 1, "num_citations": 3, "num_publications_5y": 0, "num_citations_5y": 1, "num_publications_10y": 0, "num_citations_10y": 1, "publications_years": {"1992": 1}, "citations_years": {"1994": 1, "1995": 0, "1996": 0, "1997": 0, "1998": 0, "1999": 0, "2000": 0, "2001": 0, "2002": 0, "2003": 0, "2004": 1, "2005": 0, "2006": 0, "2007": 0, "2008": 0, "2009": 0, "2010": 0, "2011": 0, "2012": 0, "2013": 0, "2014": 0, "2015": 0, "2016": 0, "2017": 0, "2018": 1}, "old_citations": {"1992": 3}, "isVisible": false}}, "countries": {"United States": {"name": "United States", "type": "country", "h5_index": 308, "num_publications": 15, "num_citations": 152, "num_publications_5y": 0, "num_citations_5y": 18, "num_publications_10y": 0, "num_citations_10y": 63, "publications_years": {"1997": 5, "2000": 1, "1999": 4, "1998": 2, "2001": 3}, "citations_years": {"2002": 8, "2003": 7, "2004": 9, "2005": 8, "2006": 15, "2007": 15, "2008": 9, "2009": 7, "2010": 10, "2011": 11, "2012": 11, "2013": 6, "2014": 3, "2015": 2, "1999": 6, "2000": 3, "2001": 4, "2016": 2, "2017": 6, "1998": 2, "2018": 5, "2019": 2, "2020": 1}, "old_citations": {"1997": 22, "2000": 0, "1999": 77, "1998": 10, "2001": 43}, "isVisible": false}}, "industrial_sectors": {"semiconductor": {"name": "semiconductor", "type": "industrial sector", "h5_index": 102, "num_publications": 1, "num_citations": 5, "num_publications_5y": 0, "num_citations_5y": 1, "num_publications_10y": 0, "num_citations_10y": 2, "publications_years": {"2001": 1}, "citations_years": {"2004": 1, "2005": 1, "2006": 0, "2007": 1, "2008": 0, "2009": 0, "2010": 0, "2011": 1, "2012": 0, "2013": 0, "2014": 0, "2015": 0, "2016": 0, "2017": 1}, "old_citations": {"2001": 5}, "isVisible": false}, "technology": {"name": "technology", "type": "industrial sector", "h5_index": 229, "num_publications": 1, "num_citations": 5, "num_publications_5y": 0, "num_citations_5y": 1, "num_publications_10y": 0, "num_citations_10y": 2, "publications_years": {"2001": 1}, "citations_years": {"2004": 1, "2005": 1, "2006": 0, "2007": 1, "2008": 0, "2009": 0, "2010": 0, "2011": 1, "2012": 0, "2013": 0, "2014": 0, "2015": 0, "2016": 0, "2017": 1}, "old_citations": {"2001": 5}, "isVisible": false}}}, "conference_comparison": {"computer science": {}}, "topics_dna": {"publications": {}, "citations": {"normalized": {}, "average": {}}}, "info": {"num_publications": 31, "num_citations": 210.0, "impact_factor": {"1994": 0.2, "1995": 0, "1996": 0, "1997": 0, "1998": 0.6666666666666666, "1999": 0.75, "2000": 0.3333333333333333, "2001": 0.6}, "publications_years": {"1992": 15, "1997": 6, "1999": 4, "2001": 3, "1998": 2, "2000": 1}, "citations_years": {"1992": 1, "1993": 3, "1994": 3, "1995": 3, "1996": 1, "1997": 2, "1998": 4, "1999": 9, "2000": 4, "2001": 4, "2002": 10, "2003": 10, "2004": 13, "2005": 9, "2006": 17, "2007": 20, "2008": 12, "2009": 9, "2010": 18, "2011": 12, "2012": 11, "2013": 8, "2014": 7, "2015": 2, "2016": 2, "2017": 6, "2018": 7, "2019": 2, "2020": 1}, "old_citations": {"1992": 41, "1997": 39, "1999": 77, "2001": 43, "1998": 10, "2000": 0}, "h5_index": 0}, "percentile": {"computer science": {"1992": 93, "1997": 90, "1999": 94, "2001": 91, "1998": 88, "2000": 17}}, "conference_ranking": {"computer science": {"1992": 288, "1997": 389, "1999": 238, "2001": 355, "1998": 484, "2000": 3529}}, "academia": {"num_publications": 14, "num_citations": 147, "publications_years": {"1997": 5, "1998": 2, "1999": 4, "2000": 1, "2001": 2}, "old_citations": {"1997": 22, "1998": 10, "1999": 77, "2000": 0, "2001": 38}, "num_publications_5y": 0, "num_citations_5y": 0, "num_publications_10y": 0, "num_citations_10y": 0}, "industry": {"num_publications": 0, "num_citations": 0, "publications_years": {}, "old_citations": {}, "num_publications_5y": 0, "num_citations_5y": 0, "num_publications_10y": 0, "num_citations_10y": 0}, "collaborative": {"num_publications": 1, "num_citations": 5, "publications_years": {"2001": 1}, "old_citations": {"2001": 5}, "num_publications_5y": 0, "num_citations_5y": 0, "num_publications_10y": 0, "num_citations_10y": 0}, "conferences": {}, "journals": {}, "organizations": {"publication_overall": ["Metropolitan State University of Denver", "California State University, San Bernardino", "Claremont Graduate University", "Colorado State University", "Florida State University", "George Mason University", "Intel (United States)", "Pennsylvania State University", "Robert Morris University Illinois", "San Jose State University", "Temple University", "University of Arkansas at Little Rock", "University of Dayton", "University of Louisville", "University of Minnesota", "University of Pittsburgh"], "citation_overall": ["Robert Morris University Illinois", "University of Pittsburgh", "University of Arkansas at Little Rock", "George Mason University", "California State University, San Bernardino", "Claremont Graduate University", "Colorado State University", "Metropolitan State University of Denver", "University of Louisville", "Intel (United States)", "Pennsylvania State University", "University of Minnesota", "Florida State University", "University of Dayton", "Temple University", "San Jose State University"], "publication_10_years": [], "citation_10_years": [], "publication_5_years": [], "citation_5_years": []}, "countries": {"publication_overall": ["United States"], "citation_overall": ["United States"], "publication_10_years": [], "citation_10_years": [], "publication_5_years": [], "citation_5_years": []}, "topics": {"publication_overall": ["computer science", "computer systems", "software engineering", "information systems", "information technology", "computer security", "software design", "information retrieval", "personal information", "privacy", "recommender systems", "user information", "artificial intelligence", "computer hardware", "computer networks", "data communication systems", "telecommunication networks", "telecommunication systems", "education", "internet"], "citation_overall": ["computer science", "computer systems", "information systems", "software engineering", "software design", "artificial intelligence", "information technology", "knowledge based systems", "knowledge management", "computer hardware", "computer security", "information retrieval", "personal information", "privacy", "recommender systems", "user information", "software architecture", "computer programming", "sensors", "information overloads"], "publication_10_years": [], "citation_10_years": [], "publication_5_years": [], "citation_5_years": []}, "main_topics": ["computer science"], "authors": {"publication_overall": ["2142736239", "356142320", "363140096", "675963422", "1506387889", "2045062617", "2124024504", "176270549", "203319978", "1804368671", "1806024273", "1895994038", "1988603006", "2013013632", "2028177932", "2048734736", "2054044612", "2067706721", "2089824539", "2095978113", "2096455838", "2096588356", "2107468044", "2118326272", "2119616653", "2120550803", "2148884282", "2150435169", "2152458273", "2153510845", "2164822421", "2167092868", "2170055997", "2222547277", "2222795895", "2223490580", "2224879192", "2230848812", "2232331738", "2291596209", "2434186914", "2496778118", "2573325717", "2647838535", "2647943044", "2655779197", "2699610269", "2714338435", "2974236563", "2986805100", "2987194147"], "citation_overall": ["2054044612", "2496778118", "1804368671", "2118326272", "2048734736", "2067706721", "2095978113", "2152458273", "2222795895", "2230848812", "363140096", "2013013632", "2291596209", "356142320", "1506387889", "2714338435", "2142736239", "675963422", "2120550803", "2124024504", "2148884282", "2045062617", "2096455838", "2573325717", "2028177932", "2153510845", "2167092868", "2223490580", "2224879192", "2434186914", "2974236563", "2096588356", "1895994038", "2987194147", "176270549", "1988603006", "2119616653", "2170055997", "2232331738", "2647943044", "2655779197", "203319978", "1806024273", "2089824539", "2107468044", "2150435169", "2164822421", "2222547277", "2647838535", "2699610269", "2986805100"], "publication_10_years": [], "citation_10_years": [], "publication_5_years": [], "citation_5_years": []}, "industrial_sectors": {"publication_overall": ["semiconductor", "technology"], "citation_overall": ["semiconductor", "technology"], "publication_10_years": [], "citation_10_years": [], "publication_5_years": [], "citation_5_years": []}}