{"name": "European Conference on Mathematical and Theoretical Biology", "acronym": "ECMTB", "type": "conference", "uniqueEntities": {"organizations": {"University of Oxford": {"name": "University of Oxford", "type": "organization", "organization_type": "Education", "h_index": 245, "h5_index": 88, "num_publications": 5, "num_citations": 0, "num_publications_5y": 5, "num_citations_5y": 0, "num_publications_10y": 5, "num_citations_10y": 0, "publications_years": {"2014": 5}, "citations_years": {}, "old_citations": {"2014": 0}, "isVisible": false}, "City, University of London": {"name": "City, University of London", "type": "organization", "organization_type": "Education", "h_index": 77, "h5_index": 23, "num_publications": 2, "num_citations": 0, "num_publications_5y": 1, "num_citations_5y": 0, "num_publications_10y": 2, "num_citations_10y": 0, "publications_years": {"2014": 1, "2012": 1}, "citations_years": {}, "old_citations": {"2014": 0, "2012": 1}, "isVisible": false}, "French Institute for Research in Computer Science and Automation": {"name": "French Institute for Research in Computer Science and Automation", "type": "organization", "organization_type": "Government", "h_index": 247, "h5_index": 53, "num_publications": 2, "num_citations": 0, "num_publications_5y": 1, "num_citations_5y": 0, "num_publications_10y": 1, "num_citations_10y": 0, "publications_years": {"2014": 1, "2008": 1}, "citations_years": {}, "old_citations": {"2014": 0, "2008": 0}, "isVisible": false}, "Heidelberg University": {"name": "Heidelberg University", "type": "organization", "organization_type": "Education", "h_index": 82, "h5_index": 32, "num_publications": 2, "num_citations": 0, "num_publications_5y": 2, "num_citations_5y": 0, "num_publications_10y": 2, "num_citations_10y": 0, "publications_years": {"2014": 2}, "citations_years": {}, "old_citations": {"2014": 0}, "isVisible": false}, "Silesian University of Technology": {"name": "Silesian University of Technology", "type": "organization", "organization_type": "Education", "h_index": 39, "h5_index": 18, "num_publications": 2, "num_citations": 0, "num_publications_5y": 2, "num_citations_5y": 0, "num_publications_10y": 2, "num_citations_10y": 0, "publications_years": {"2014": 2}, "citations_years": {}, "old_citations": {"2014": 0}, "isVisible": false}, "TU Dresden": {"name": "TU Dresden", "type": "organization", "organization_type": "Education", "h_index": 101, "h5_index": 32, "num_publications": 2, "num_citations": 0, "num_publications_5y": 2, "num_citations_5y": 0, "num_publications_10y": 2, "num_citations_10y": 0, "publications_years": {"2014": 2}, "citations_years": {}, "old_citations": {"2014": 0}, "isVisible": false}, "University of Warwick": {"name": "University of Warwick", "type": "organization", "organization_type": "Education", "h_index": 110, "h5_index": 40, "num_publications": 2, "num_citations": 0, "num_publications_5y": 2, "num_citations_5y": 0, "num_publications_10y": 2, "num_citations_10y": 0, "publications_years": {"2014": 2}, "citations_years": {}, "old_citations": {"2014": 0}, "isVisible": false}, "Uppsala University": {"name": "Uppsala University", "type": "organization", "organization_type": "Education", "h_index": 111, "h5_index": 30, "num_publications": 2, "num_citations": 0, "num_publications_5y": 2, "num_citations_5y": 0, "num_publications_10y": 2, "num_citations_10y": 0, "publications_years": {"2014": 2}, "citations_years": {}, "old_citations": {"2014": 0}, "isVisible": false}, "Complutense University of Madrid": {"name": "Complutense University of Madrid", "type": "organization", "organization_type": "Education", "h_index": 80, "h5_index": 21, "num_publications": 1, "num_citations": 0, "num_publications_5y": 1, "num_citations_5y": 0, "num_publications_10y": 1, "num_citations_10y": 0, "publications_years": {"2014": 1}, "citations_years": {}, "old_citations": {"2014": 0}, "isVisible": false}, "ETH Zurich": {"name": "ETH Zurich", "type": "organization", "organization_type": "Education", "h_index": 222, "h5_index": 81, "num_publications": 1, "num_citations": 0, "num_publications_5y": 1, "num_citations_5y": 0, "num_publications_10y": 1, "num_citations_10y": 0, "publications_years": {"2014": 1}, "citations_years": {}, "old_citations": {"2014": 0}, "isVisible": false}, "Federal University of Rio de Janeiro": {"name": "Federal University of Rio de Janeiro", "type": "organization", "organization_type": "Education", "h_index": 58, "h5_index": 20, "num_publications": 1, "num_citations": 0, "num_publications_5y": 1, "num_citations_5y": 0, "num_publications_10y": 1, "num_citations_10y": 0, "publications_years": {"2014": 1}, "citations_years": {}, "old_citations": {"2014": 0}, "isVisible": false}, "French National Centre for Scientific Research": {"name": "French National Centre for Scientific Research", "type": "organization", "organization_type": "Government", "h_index": 177, "h5_index": 44, "num_publications": 1, "num_citations": 0, "num_publications_5y": 1, "num_citations_5y": 0, "num_publications_10y": 1, "num_citations_10y": 0, "publications_years": {"2014": 1}, "citations_years": {}, "old_citations": {"2014": 0}, "isVisible": false}, "Friedrich Schiller University Jena": {"name": "Friedrich Schiller University Jena", "type": "organization", "organization_type": "Education", "h_index": 59, "h5_index": 18, "num_publications": 1, "num_citations": 0, "num_publications_5y": 1, "num_citations_5y": 0, "num_publications_10y": 1, "num_citations_10y": 0, "publications_years": {"2014": 1}, "citations_years": {}, "old_citations": {"2014": 0}, "isVisible": false}, "Imperial College London": {"name": "Imperial College London", "type": "organization", "organization_type": "Education", "h_index": 180, "h5_index": 75, "num_publications": 1, "num_citations": 0, "num_publications_5y": 1, "num_citations_5y": 0, "num_publications_10y": 1, "num_citations_10y": 0, "publications_years": {"2014": 1}, "citations_years": {}, "old_citations": {"2014": 0}, "isVisible": false}, "James Hutton Institute": {"name": "James Hutton Institute", "type": "organization", "organization_type": "Nonprofit", "h_index": 20, "h5_index": 11, "num_publications": 1, "num_citations": 0, "num_publications_5y": 1, "num_citations_5y": 0, "num_publications_10y": 1, "num_citations_10y": 0, "publications_years": {"2014": 1}, "citations_years": {}, "old_citations": {"2014": 0}, "isVisible": false}, "KU Leuven": {"name": "KU Leuven", "type": "organization", "organization_type": "Education", "h_index": 183, "h5_index": 52, "num_publications": 1, "num_citations": 0, "num_publications_5y": 1, "num_citations_5y": 0, "num_publications_10y": 1, "num_citations_10y": 0, "publications_years": {"2014": 1}, "citations_years": {}, "old_citations": {"2014": 0}, "isVisible": false}, "Lahore University of Management Sciences": {"name": "Lahore University of Management Sciences", "type": "organization", "organization_type": "Education", "h_index": 28, "h5_index": 11, "num_publications": 1, "num_citations": 0, "num_publications_5y": 1, "num_citations_5y": 0, "num_publications_10y": 1, "num_citations_10y": 0, "publications_years": {"2014": 1}, "citations_years": {}, "old_citations": {"2014": 0}, "isVisible": false}, "Link\u00f6ping University": {"name": "Link\u00f6ping University", "type": "organization", "organization_type": "Education", "h_index": 116, "h5_index": 38, "num_publications": 1, "num_citations": 0, "num_publications_5y": 1, "num_citations_5y": 0, "num_publications_10y": 1, "num_citations_10y": 0, "publications_years": {"2014": 1}, "citations_years": {}, "old_citations": {"2014": 0}, "isVisible": false}, "Ludwig Maximilian University of Munich": {"name": "Ludwig Maximilian University of Munich", "type": "organization", "organization_type": "Education", "h_index": 137, "h5_index": 37, "num_publications": 1, "num_citations": 0, "num_publications_5y": 1, "num_citations_5y": 0, "num_publications_10y": 1, "num_citations_10y": 0, "publications_years": {"2014": 1}, "citations_years": {}, "old_citations": {"2014": 0}, "isVisible": false}, "Moscow Institute of Physics and Technology": {"name": "Moscow Institute of Physics and Technology", "type": "organization", "organization_type": "Education", "h_index": 26, "h5_index": 15, "num_publications": 1, "num_citations": 0, "num_publications_5y": 1, "num_citations_5y": 0, "num_publications_10y": 1, "num_citations_10y": 0, "publications_years": {"2014": 1}, "citations_years": {}, "old_citations": {"2014": 0}, "isVisible": false}, "Northern Illinois University": {"name": "Northern Illinois University", "type": "organization", "organization_type": "Education", "h_index": 59, "h5_index": 13, "num_publications": 1, "num_citations": 0, "num_publications_5y": 1, "num_citations_5y": 0, "num_publications_10y": 1, "num_citations_10y": 0, "publications_years": {"2014": 1}, "citations_years": {}, "old_citations": {"2014": 0}, "isVisible": false}, "Paris Dauphine University": {"name": "Paris Dauphine University", "type": "organization", "organization_type": "Education", "h_index": 52, "h5_index": 15, "num_publications": 1, "num_citations": 0, "num_publications_5y": 1, "num_citations_5y": 0, "num_publications_10y": 1, "num_citations_10y": 0, "publications_years": {"2014": 1}, "citations_years": {}, "old_citations": {"2014": 0}, "isVisible": false}, "Paul Ehrlich Institut": {"name": "Paul Ehrlich Institut", "type": "organization", "organization_type": "Facility", "h_index": 2, "h5_index": 1, "num_publications": 1, "num_citations": 0, "num_publications_5y": 1, "num_citations_5y": 0, "num_publications_10y": 1, "num_citations_10y": 0, "publications_years": {"2014": 1}, "citations_years": {}, "old_citations": {"2014": 0}, "isVisible": false}, "Polish Academy of Sciences": {"name": "Polish Academy of Sciences", "type": "organization", "organization_type": "Government", "h_index": 64, "h5_index": 26, "num_publications": 1, "num_citations": 0, "num_publications_5y": 1, "num_citations_5y": 0, "num_publications_10y": 1, "num_citations_10y": 0, "publications_years": {"2014": 1}, "citations_years": {}, "old_citations": {"2014": 0}, "isVisible": false}, "Rice University": {"name": "Rice University", "type": "organization", "organization_type": "Education", "h_index": 191, "h5_index": 31, "num_publications": 1, "num_citations": 0, "num_publications_5y": 1, "num_citations_5y": 0, "num_publications_10y": 1, "num_citations_10y": 0, "publications_years": {"2014": 1}, "citations_years": {}, "old_citations": {"2014": 0}, "isVisible": false}, "Russian Academy of Sciences": {"name": "Russian Academy of Sciences", "type": "organization", "organization_type": "Government", "h_index": 56, "h5_index": 18, "num_publications": 1, "num_citations": 0, "num_publications_5y": 1, "num_citations_5y": 0, "num_publications_10y": 1, "num_citations_10y": 0, "publications_years": {"2014": 1}, "citations_years": {}, "old_citations": {"2014": 0}, "isVisible": false}, "Siberian Federal University": {"name": "Siberian Federal University", "type": "organization", "organization_type": "Education", "h_index": 8, "h5_index": 6, "num_publications": 1, "num_citations": 0, "num_publications_5y": 1, "num_citations_5y": 0, "num_publications_10y": 1, "num_citations_10y": 0, "publications_years": {"2014": 1}, "citations_years": {}, "old_citations": {"2014": 0}, "isVisible": false}, "Stockholm University": {"name": "Stockholm University", "type": "organization", "organization_type": "Education", "h_index": 67, "h5_index": 23, "num_publications": 1, "num_citations": 0, "num_publications_5y": 1, "num_citations_5y": 0, "num_publications_10y": 1, "num_citations_10y": 0, "publications_years": {"2014": 1}, "citations_years": {}, "old_citations": {"2014": 0}, "isVisible": false}, "Sup\u00e9lec": {"name": "Sup\u00e9lec", "type": "organization", "organization_type": "Education", "h_index": 63, "h5_index": 12, "num_publications": 1, "num_citations": 0, "num_publications_5y": 0, "num_citations_5y": 0, "num_publications_10y": 0, "num_citations_10y": 0, "publications_years": {"2008": 1}, "citations_years": {}, "old_citations": {"2008": 0}, "isVisible": false}, "The Ohio State University": {"name": "The Ohio State University", "type": "organization", "organization_type": "Education", "h_index": 172, "h5_index": 46, "num_publications": 1, "num_citations": 0, "num_publications_5y": 1, "num_citations_5y": 0, "num_publications_10y": 1, "num_citations_10y": 0, "publications_years": {"2014": 1}, "citations_years": {}, "old_citations": {"2014": 0}, "isVisible": false}, "University of Adelaide": {"name": "University of Adelaide", "type": "organization", "organization_type": "Education", "h_index": 106, "h5_index": 61, "num_publications": 1, "num_citations": 0, "num_publications_5y": 1, "num_citations_5y": 0, "num_publications_10y": 1, "num_citations_10y": 0, "publications_years": {"2014": 1}, "citations_years": {}, "old_citations": {"2014": 0}, "isVisible": false}, "University of California, Berkeley": {"name": "University of California, Berkeley", "type": "organization", "organization_type": "Education", "h_index": 452, "h5_index": 107, "num_publications": 1, "num_citations": 0, "num_publications_5y": 1, "num_citations_5y": 0, "num_publications_10y": 1, "num_citations_10y": 0, "publications_years": {"2014": 1}, "citations_years": {}, "old_citations": {"2014": 0}, "isVisible": false}, "University of Dundee": {"name": "University of Dundee", "type": "organization", "organization_type": "Education", "h_index": 69, "h5_index": 18, "num_publications": 1, "num_citations": 0, "num_publications_5y": 1, "num_citations_5y": 0, "num_publications_10y": 1, "num_citations_10y": 0, "publications_years": {"2014": 1}, "citations_years": {}, "old_citations": {"2014": 0}, "isVisible": false}, "University of Exeter": {"name": "University of Exeter", "type": "organization", "organization_type": "Education", "h_index": 74, "h5_index": 35, "num_publications": 1, "num_citations": 0, "num_publications_5y": 1, "num_citations_5y": 0, "num_publications_10y": 1, "num_citations_10y": 0, "publications_years": {"2014": 1}, "citations_years": {}, "old_citations": {"2014": 0}, "isVisible": false}, "University of Glasgow": {"name": "University of Glasgow", "type": "organization", "organization_type": "Education", "h_index": 129, "h5_index": 33, "num_publications": 1, "num_citations": 0, "num_publications_5y": 1, "num_citations_5y": 0, "num_publications_10y": 1, "num_citations_10y": 0, "publications_years": {"2014": 1}, "citations_years": {}, "old_citations": {"2014": 0}, "isVisible": false}, "University of Liverpool": {"name": "University of Liverpool", "type": "organization", "organization_type": "Education", "h_index": 95, "h5_index": 28, "num_publications": 1, "num_citations": 0, "num_publications_5y": 1, "num_citations_5y": 0, "num_publications_10y": 1, "num_citations_10y": 0, "publications_years": {"2014": 1}, "citations_years": {}, "old_citations": {"2014": 0}, "isVisible": false}, "University of Lorraine": {"name": "University of Lorraine", "type": "organization", "organization_type": "Education", "h_index": 36, "h5_index": 19, "num_publications": 1, "num_citations": 0, "num_publications_5y": 1, "num_citations_5y": 0, "num_publications_10y": 1, "num_citations_10y": 0, "publications_years": {"2014": 1}, "citations_years": {}, "old_citations": {"2014": 0}, "isVisible": false}, "University of Melbourne": {"name": "University of Melbourne", "type": "organization", "organization_type": "Education", "h_index": 173, "h5_index": 48, "num_publications": 1, "num_citations": 0, "num_publications_5y": 1, "num_citations_5y": 0, "num_publications_10y": 1, "num_citations_10y": 0, "publications_years": {"2018": 1}, "citations_years": {}, "old_citations": {"2018": 0}, "isVisible": false}, "University of Padua": {"name": "University of Padua", "type": "organization", "organization_type": "Education", "h_index": 107, "h5_index": 40, "num_publications": 1, "num_citations": 2, "num_publications_5y": 1, "num_citations_5y": 2, "num_publications_10y": 1, "num_citations_10y": 2, "publications_years": {"2014": 1}, "citations_years": {"2014": 2}, "old_citations": {"2014": 2}, "isVisible": false}, "University of Western Australia": {"name": "University of Western Australia", "type": "organization", "organization_type": "Education", "h_index": 84, "h5_index": 30, "num_publications": 1, "num_citations": 0, "num_publications_5y": 1, "num_citations_5y": 0, "num_publications_10y": 1, "num_citations_10y": 0, "publications_years": {"2014": 1}, "citations_years": {}, "old_citations": {"2014": 0}, "isVisible": false}, "Universit\u00e9 Catholique de Louvain": {"name": "Universit\u00e9 Catholique de Louvain", "type": "organization", "organization_type": "Education", "h_index": 113, "h5_index": 28, "num_publications": 1, "num_citations": 0, "num_publications_5y": 1, "num_citations_5y": 0, "num_publications_10y": 1, "num_citations_10y": 0, "publications_years": {"2014": 1}, "citations_years": {}, "old_citations": {"2014": 0}, "isVisible": false}, "VU Amsterdam": {"name": "VU Amsterdam", "type": "organization", "organization_type": "Education", "h_index": 129, "h5_index": 32, "num_publications": 1, "num_citations": 0, "num_publications_5y": 1, "num_citations_5y": 0, "num_publications_10y": 1, "num_citations_10y": 0, "publications_years": {"2014": 1}, "citations_years": {}, "old_citations": {"2014": 0}, "isVisible": false}}, "topics": {"computer science": {"name": "computer science", "type": "topic", "h_index": 1779, "h5_index": 416, "num_publications": 60, "num_citations": 4, "num_publications_5y": 55, "num_citations_5y": 2, "num_publications_10y": 57, "num_citations_10y": 2, "publications_years": {"2014": 52, "2012": 1, "2011": 1, "2018": 3, "2005": 2, "2008": 1}, "citations_years": {"2020": 2, "2014": 2}, "old_citations": {"2014": 2, "2012": 1, "2011": 0, "2018": 2, "2005": 0, "2008": 0}, "isVisible": false}, "mathematics": {"name": "mathematics", "type": "topic", "h_index": 1364, "h5_index": 300, "num_publications": 51, "num_citations": 4, "num_publications_5y": 47, "num_citations_5y": 2, "num_publications_10y": 49, "num_citations_10y": 2, "publications_years": {"2014": 44, "2012": 1, "2011": 1, "2018": 3, "2005": 1, "2008": 1}, "citations_years": {"2020": 2, "2014": 2}, "old_citations": {"2014": 2, "2012": 1, "2011": 0, "2018": 2, "2005": 0, "2008": 0}, "isVisible": false}, "computer systems": {"name": "computer systems", "type": "topic", "h_index": 1595, "h5_index": 367, "num_publications": 41, "num_citations": 4, "num_publications_5y": 38, "num_citations_5y": 2, "num_publications_10y": 39, "num_citations_10y": 2, "publications_years": {"2014": 36, "2012": 1, "2018": 2, "2005": 1, "2008": 1}, "citations_years": {"2020": 2, "2014": 2}, "old_citations": {"2014": 2, "2012": 1, "2018": 2, "2005": 0, "2008": 0}, "isVisible": false}, "probability": {"name": "probability", "type": "topic", "h_index": 918, "h5_index": 211, "num_publications": 35, "num_citations": 4, "num_publications_5y": 33, "num_citations_5y": 2, "num_publications_10y": 35, "num_citations_10y": 2, "publications_years": {"2014": 30, "2012": 1, "2011": 1, "2018": 3}, "citations_years": {"2020": 2, "2014": 2}, "old_citations": {"2014": 2, "2012": 1, "2011": 0, "2018": 2}, "isVisible": false}, "computer networks": {"name": "computer networks", "type": "topic", "h_index": 1262, "h5_index": 332, "num_publications": 33, "num_citations": 4, "num_publications_5y": 32, "num_citations_5y": 2, "num_publications_10y": 33, "num_citations_10y": 2, "publications_years": {"2014": 30, "2011": 1, "2018": 2}, "citations_years": {"2020": 2, "2014": 2}, "old_citations": {"2014": 2, "2011": 0, "2018": 2}, "isVisible": false}, "engineering": {"name": "engineering", "type": "topic", "h_index": 1177, "h5_index": 287, "num_publications": 28, "num_citations": 2, "num_publications_5y": 26, "num_citations_5y": 2, "num_publications_10y": 26, "num_citations_10y": 2, "publications_years": {"2014": 25, "2005": 1, "2018": 1, "2008": 1}, "citations_years": {"2014": 2}, "old_citations": {"2014": 2, "2005": 0, "2018": 0, "2008": 0}, "isVisible": false}, "stochastic processes": {"name": "stochastic processes", "type": "topic", "h_index": 517, "h5_index": 126, "num_publications": 26, "num_citations": 2, "num_publications_5y": 24, "num_citations_5y": 0, "num_publications_10y": 26, "num_citations_10y": 0, "publications_years": {"2014": 21, "2012": 1, "2011": 1, "2018": 3}, "citations_years": {"2020": 2}, "old_citations": {"2014": 0, "2012": 1, "2011": 0, "2018": 2}, "isVisible": false}, "artificial intelligence": {"name": "artificial intelligence", "type": "topic", "h_index": 1421, "h5_index": 373, "num_publications": 25, "num_citations": 2, "num_publications_5y": 24, "num_citations_5y": 2, "num_publications_10y": 25, "num_citations_10y": 2, "publications_years": {"2014": 22, "2012": 1, "2018": 2}, "citations_years": {"2014": 2}, "old_citations": {"2014": 2, "2012": 1, "2018": 0}, "isVisible": false}, "correlation analysis": {"name": "correlation analysis", "type": "topic", "h_index": 1044, "h5_index": 224, "num_publications": 23, "num_citations": 0, "num_publications_5y": 21, "num_citations_5y": 0, "num_publications_10y": 22, "num_citations_10y": 0, "publications_years": {"2014": 20, "2011": 1, "2018": 1, "2008": 1}, "citations_years": {}, "old_citations": {"2014": 0, "2011": 0, "2018": 0, "2008": 0}, "isVisible": false}, "telecommunication systems": {"name": "telecommunication systems", "type": "topic", "h_index": 1187, "h5_index": 277, "num_publications": 21, "num_citations": 4, "num_publications_5y": 21, "num_citations_5y": 2, "num_publications_10y": 21, "num_citations_10y": 2, "publications_years": {"2014": 19, "2018": 2}, "citations_years": {"2020": 2, "2014": 2}, "old_citations": {"2014": 2, "2018": 2}, "isVisible": false}, "telecommunication networks": {"name": "telecommunication networks", "type": "topic", "h_index": 1116, "h5_index": 258, "num_publications": 19, "num_citations": 4, "num_publications_5y": 19, "num_citations_5y": 2, "num_publications_10y": 19, "num_citations_10y": 2, "publications_years": {"2014": 17, "2018": 2}, "citations_years": {"2020": 2, "2014": 2}, "old_citations": {"2014": 2, "2018": 2}, "isVisible": false}, "numerical model": {"name": "numerical model", "type": "topic", "h_index": 546, "h5_index": 144, "num_publications": 18, "num_citations": 0, "num_publications_5y": 17, "num_citations_5y": 0, "num_publications_10y": 18, "num_citations_10y": 0, "publications_years": {"2014": 16, "2012": 1, "2018": 1}, "citations_years": {}, "old_citations": {"2014": 0, "2012": 1, "2018": 0}, "isVisible": false}, "telecommunication traffic": {"name": "telecommunication traffic", "type": "topic", "h_index": 1036, "h5_index": 233, "num_publications": 18, "num_citations": 4, "num_publications_5y": 18, "num_citations_5y": 2, "num_publications_10y": 18, "num_citations_10y": 2, "publications_years": {"2014": 16, "2018": 2}, "citations_years": {"2020": 2, "2014": 2}, "old_citations": {"2014": 2, "2018": 2}, "isVisible": false}, "computer imaging and vision": {"name": "computer imaging and vision", "type": "topic", "h_index": 1142, "h5_index": 334, "num_publications": 17, "num_citations": 2, "num_publications_5y": 16, "num_citations_5y": 2, "num_publications_10y": 16, "num_citations_10y": 2, "publications_years": {"2014": 15, "2018": 1, "2005": 1}, "citations_years": {"2014": 2}, "old_citations": {"2014": 2, "2018": 0, "2005": 0}, "isVisible": false}, "theoretical computer science": {"name": "theoretical computer science", "type": "topic", "h_index": 883, "h5_index": 203, "num_publications": 17, "num_citations": 0, "num_publications_5y": 15, "num_citations_5y": 0, "num_publications_10y": 16, "num_citations_10y": 0, "publications_years": {"2014": 15, "2012": 1, "2008": 1}, "citations_years": {}, "old_citations": {"2014": 0, "2012": 1, "2008": 0}, "isVisible": false}, "communication systems": {"name": "communication systems", "type": "topic", "h_index": 1092, "h5_index": 254, "num_publications": 16, "num_citations": 4, "num_publications_5y": 16, "num_citations_5y": 2, "num_publications_10y": 16, "num_citations_10y": 2, "publications_years": {"2014": 15, "2018": 1}, "citations_years": {"2020": 2, "2014": 2}, "old_citations": {"2014": 2, "2018": 2}, "isVisible": false}, "signal processing": {"name": "signal processing", "type": "topic", "h_index": 1012, "h5_index": 255, "num_publications": 16, "num_citations": 2, "num_publications_5y": 16, "num_citations_5y": 2, "num_publications_10y": 16, "num_citations_10y": 2, "publications_years": {"2014": 16}, "citations_years": {"2014": 2}, "old_citations": {"2014": 2}, "isVisible": false}, "wireless telecommunication systems": {"name": "wireless telecommunication systems", "type": "topic", "h_index": 1087, "h5_index": 254, "num_publications": 16, "num_citations": 4, "num_publications_5y": 16, "num_citations_5y": 2, "num_publications_10y": 16, "num_citations_10y": 2, "publications_years": {"2014": 15, "2018": 1}, "citations_years": {"2020": 2, "2014": 2}, "old_citations": {"2014": 2, "2018": 2}, "isVisible": false}, "image processing": {"name": "image processing", "type": "topic", "h_index": 1113, "h5_index": 328, "num_publications": 15, "num_citations": 2, "num_publications_5y": 14, "num_citations_5y": 2, "num_publications_10y": 14, "num_citations_10y": 2, "publications_years": {"2014": 14, "2005": 1}, "citations_years": {"2014": 2}, "old_citations": {"2014": 2, "2005": 0}, "isVisible": false}, "network architecture": {"name": "network architecture", "type": "topic", "h_index": 747, "h5_index": 266, "num_publications": 15, "num_citations": 2, "num_publications_5y": 15, "num_citations_5y": 0, "num_publications_10y": 15, "num_citations_10y": 0, "publications_years": {"2014": 14, "2018": 1}, "citations_years": {"2020": 2}, "old_citations": {"2014": 0, "2018": 2}, "isVisible": false}, "bandwidth": {"name": "bandwidth", "type": "topic", "h_index": 922, "h5_index": 201, "num_publications": 11, "num_citations": 4, "num_publications_5y": 11, "num_citations_5y": 2, "num_publications_10y": 11, "num_citations_10y": 2, "publications_years": {"2014": 10, "2018": 1}, "citations_years": {"2020": 2, "2014": 2}, "old_citations": {"2014": 2, "2018": 2}, "isVisible": false}, "communication": {"name": "communication", "type": "topic", "h_index": 886, "h5_index": 209, "num_publications": 10, "num_citations": 4, "num_publications_5y": 10, "num_citations_5y": 2, "num_publications_10y": 10, "num_citations_10y": 2, "publications_years": {"2014": 8, "2018": 2}, "citations_years": {"2020": 2, "2014": 2}, "old_citations": {"2014": 2, "2018": 2}, "isVisible": false}, "evolutionary algorithms": {"name": "evolutionary algorithms", "type": "topic", "h_index": 520, "h5_index": 117, "num_publications": 6, "num_citations": 2, "num_publications_5y": 5, "num_citations_5y": 2, "num_publications_10y": 6, "num_citations_10y": 2, "publications_years": {"2014": 4, "2012": 1, "2018": 1}, "citations_years": {"2014": 2}, "old_citations": {"2014": 2, "2012": 1, "2018": 0}, "isVisible": false}, "evolutionary process": {"name": "evolutionary process", "type": "topic", "h_index": 244, "h5_index": 48, "num_publications": 4, "num_citations": 2, "num_publications_5y": 3, "num_citations_5y": 2, "num_publications_10y": 4, "num_citations_10y": 2, "publications_years": {"2014": 3, "2012": 1}, "citations_years": {"2014": 2}, "old_citations": {"2014": 2, "2012": 1}, "isVisible": false}, "genetic algorithms": {"name": "genetic algorithms", "type": "topic", "h_index": 557, "h5_index": 121, "num_publications": 6, "num_citations": 2, "num_publications_5y": 5, "num_citations_5y": 2, "num_publications_10y": 6, "num_citations_10y": 2, "publications_years": {"2014": 4, "2012": 1, "2018": 1}, "citations_years": {"2014": 2}, "old_citations": {"2014": 2, "2012": 1, "2018": 0}, "isVisible": false}, "antennas": {"name": "antennas", "type": "topic", "h_index": 645, "h5_index": 152, "num_publications": 2, "num_citations": 2, "num_publications_5y": 2, "num_citations_5y": 2, "num_publications_10y": 2, "num_citations_10y": 2, "publications_years": {"2014": 2}, "citations_years": {"2014": 2}, "old_citations": {"2014": 2}, "isVisible": false}, "bit error rate": {"name": "bit error rate", "type": "topic", "h_index": 619, "h5_index": 143, "num_publications": 2, "num_citations": 2, "num_publications_5y": 2, "num_citations_5y": 2, "num_publications_10y": 2, "num_citations_10y": 2, "publications_years": {"2014": 2}, "citations_years": {"2014": 2}, "old_citations": {"2014": 2}, "isVisible": false}, "brain activity": {"name": "brain activity", "type": "topic", "h_index": 113, "h5_index": 35, "num_publications": 1, "num_citations": 2, "num_publications_5y": 1, "num_citations_5y": 2, "num_publications_10y": 1, "num_citations_10y": 2, "publications_years": {"2014": 1}, "citations_years": {"2014": 2}, "old_citations": {"2014": 2}, "isVisible": false}, "stochastic": {"name": "stochastic", "type": "topic", "h_index": 407, "h5_index": 114, "num_publications": 15, "num_citations": 0, "num_publications_5y": 14, "num_citations_5y": 0, "num_publications_10y": 15, "num_citations_10y": 0, "publications_years": {"2014": 13, "2012": 1, "2018": 1}, "citations_years": {}, "old_citations": {"2014": 0, "2012": 1, "2018": 0}, "isVisible": false}, "human computer interaction": {"name": "human computer interaction", "type": "topic", "h_index": 934, "h5_index": 215, "num_publications": 10, "num_citations": 0, "num_publications_5y": 9, "num_citations_5y": 0, "num_publications_10y": 9, "num_citations_10y": 0, "publications_years": {"2014": 7, "2018": 2, "2005": 1}, "citations_years": {}, "old_citations": {"2014": 0, "2018": 0, "2005": 0}, "isVisible": false}, "stochastic dynamics": {"name": "stochastic dynamics", "type": "topic", "h_index": 150, "h5_index": 35, "num_publications": 6, "num_citations": 2, "num_publications_5y": 6, "num_citations_5y": 0, "num_publications_10y": 6, "num_citations_10y": 0, "publications_years": {"2014": 4, "2018": 2}, "citations_years": {"2020": 2}, "old_citations": {"2014": 0, "2018": 2}, "isVisible": false}, "user interfaces": {"name": "user interfaces", "type": "topic", "h_index": 845, "h5_index": 182, "num_publications": 8, "num_citations": 0, "num_publications_5y": 7, "num_citations_5y": 0, "num_publications_10y": 7, "num_citations_10y": 0, "publications_years": {"2014": 5, "2018": 2, "2005": 1}, "citations_years": {}, "old_citations": {"2014": 0, "2018": 0, "2005": 0}, "isVisible": false}, "adaptive algorithms": {"name": "adaptive algorithms", "type": "topic", "h_index": 506, "h5_index": 100, "num_publications": 2, "num_citations": 0, "num_publications_5y": 2, "num_citations_5y": 0, "num_publications_10y": 2, "num_citations_10y": 0, "publications_years": {"2014": 1, "2018": 1}, "citations_years": {}, "old_citations": {"2014": 0, "2018": 0}, "isVisible": false}, "adaptive control systems": {"name": "adaptive control systems", "type": "topic", "h_index": 496, "h5_index": 131, "num_publications": 10, "num_citations": 0, "num_publications_5y": 8, "num_citations_5y": 0, "num_publications_10y": 8, "num_citations_10y": 0, "publications_years": {"2014": 7, "2005": 1, "2018": 1, "2008": 1}, "citations_years": {}, "old_citations": {"2014": 0, "2005": 0, "2018": 0, "2008": 0}, "isVisible": false}, "administrative data processing": {"name": "administrative data processing", "type": "topic", "h_index": 224, "h5_index": 38, "num_publications": 1, "num_citations": 0, "num_publications_5y": 1, "num_citations_5y": 0, "num_publications_10y": 1, "num_citations_10y": 0, "publications_years": {"2018": 1}, "citations_years": {}, "old_citations": {"2018": 0}, "isVisible": false}, "applied mathematics": {"name": "applied mathematics", "type": "topic", "h_index": 104, "h5_index": 19, "num_publications": 1, "num_citations": 0, "num_publications_5y": 1, "num_citations_5y": 0, "num_publications_10y": 1, "num_citations_10y": 0, "publications_years": {"2018": 1}, "citations_years": {}, "old_citations": {"2018": 0}, "isVisible": false}, "asymptotic stability": {"name": "asymptotic stability", "type": "topic", "h_index": 177, "h5_index": 66, "num_publications": 2, "num_citations": 0, "num_publications_5y": 2, "num_citations_5y": 0, "num_publications_10y": 2, "num_citations_10y": 0, "publications_years": {"2014": 1, "2018": 1}, "citations_years": {}, "old_citations": {"2014": 0, "2018": 0}, "isVisible": false}, "augmentative and alternative communication": {"name": "augmentative and alternative communication", "type": "topic", "h_index": 46, "h5_index": 9, "num_publications": 1, "num_citations": 0, "num_publications_5y": 1, "num_citations_5y": 0, "num_publications_10y": 1, "num_citations_10y": 0, "publications_years": {"2018": 1}, "citations_years": {}, "old_citations": {"2018": 0}, "isVisible": false}, "communication networks": {"name": "communication networks", "type": "topic", "h_index": 374, "h5_index": 99, "num_publications": 5, "num_citations": 2, "num_publications_5y": 5, "num_citations_5y": 0, "num_publications_10y": 5, "num_citations_10y": 0, "publications_years": {"2014": 4, "2018": 1}, "citations_years": {"2020": 2}, "old_citations": {"2014": 0, "2018": 2}, "isVisible": false}, "local area networks": {"name": "local area networks", "type": "topic", "h_index": 677, "h5_index": 151, "num_publications": 4, "num_citations": 2, "num_publications_5y": 4, "num_citations_5y": 0, "num_publications_10y": 4, "num_citations_10y": 0, "publications_years": {"2014": 3, "2018": 1}, "citations_years": {"2020": 2}, "old_citations": {"2014": 0, "2018": 2}, "isVisible": false}, "mesh network": {"name": "mesh network", "type": "topic", "h_index": 262, "h5_index": 77, "num_publications": 4, "num_citations": 2, "num_publications_5y": 4, "num_citations_5y": 0, "num_publications_10y": 4, "num_citations_10y": 0, "publications_years": {"2014": 3, "2018": 1}, "citations_years": {"2020": 2}, "old_citations": {"2014": 0, "2018": 2}, "isVisible": false}, "routers": {"name": "routers", "type": "topic", "h_index": 752, "h5_index": 160, "num_publications": 5, "num_citations": 2, "num_publications_5y": 5, "num_citations_5y": 0, "num_publications_10y": 5, "num_citations_10y": 0, "publications_years": {"2014": 4, "2018": 1}, "citations_years": {"2020": 2}, "old_citations": {"2014": 0, "2018": 2}, "isVisible": false}, "routing algorithms": {"name": "routing algorithms", "type": "topic", "h_index": 767, "h5_index": 164, "num_publications": 6, "num_citations": 2, "num_publications_5y": 6, "num_citations_5y": 0, "num_publications_10y": 6, "num_citations_10y": 0, "publications_years": {"2014": 5, "2018": 1}, "citations_years": {"2020": 2}, "old_citations": {"2014": 0, "2018": 2}, "isVisible": false}, "wireless local area networks (wlan)": {"name": "wireless local area networks (wlan)", "type": "topic", "h_index": 642, "h5_index": 136, "num_publications": 4, "num_citations": 2, "num_publications_5y": 4, "num_citations_5y": 0, "num_publications_10y": 4, "num_citations_10y": 0, "publications_years": {"2014": 3, "2018": 1}, "citations_years": {"2020": 2}, "old_citations": {"2014": 0, "2018": 2}, "isVisible": false}}, "authors": {"2320546803": {"name": "christoforos hadjichrysanthou", "type": "author", "activity": 1, "h_index": 0, "h5_index": 0, "mag_id": "2320546803", "num_publications": 2, "num_citations": 0, "num_publications_5y": 1, "num_citations_5y": 0, "num_publications_10y": 2, "num_citations_10y": 0, "publications_years": {"2014": 1, "2012": 1}, "citations_years": {}, "old_citations": {"2014": 0, "2012": 1}, "isVisible": false}, "2792562107": {"name": "frederic grognard", "type": "author", "activity": 19, "h_index": 2, "h5_index": 0, "mag_id": "2792562107", "num_publications": 2, "num_citations": 0, "num_publications_5y": 2, "num_citations_5y": 0, "num_publications_10y": 2, "num_citations_10y": 0, "publications_years": {"2018": 2}, "citations_years": {}, "old_citations": {"2018": 0}, "isVisible": false}, "2893098120": {"name": "ludovic mailleret", "type": "author", "activity": 1, "h_index": 0, "h5_index": 0, "mag_id": "2893098120", "num_publications": 2, "num_citations": 0, "num_publications_5y": 2, "num_citations_5y": 0, "num_publications_10y": 2, "num_citations_10y": 0, "publications_years": {"2018": 2}, "citations_years": {}, "old_citations": {"2018": 0}, "isVisible": false}, "205832852": {"name": "mustafa khammash", "type": "author", "activity": 30, "h_index": 17, "h5_index": 4, "mag_id": "205832852", "num_publications": 1, "num_citations": 0, "num_publications_5y": 1, "num_citations_5y": 0, "num_publications_10y": 1, "num_citations_10y": 0, "publications_years": {"2014": 1}, "citations_years": {}, "old_citations": {"2014": 0}, "isVisible": false}, "237661239": {"name": "gabriel turinici", "type": "author", "activity": 16, "h_index": 4, "h5_index": 0, "mag_id": "237661239", "num_publications": 1, "num_citations": 0, "num_publications_5y": 1, "num_citations_5y": 0, "num_publications_10y": 1, "num_citations_10y": 0, "publications_years": {"2014": 1}, "citations_years": {}, "old_citations": {"2014": 0}, "isVisible": false}, "318682616": {"name": "uno wennergren", "type": "author", "activity": 6, "h_index": 1, "h5_index": 1, "mag_id": "318682616", "num_publications": 1, "num_citations": 0, "num_publications_5y": 1, "num_citations_5y": 0, "num_publications_10y": 1, "num_citations_10y": 0, "publications_years": {"2014": 1}, "citations_years": {}, "old_citations": {"2014": 0}, "isVisible": false}, "324140890": {"name": "birgit bruggemeier", "type": "author", "activity": 1, "h_index": 0, "h5_index": 0, "mag_id": "324140890", "num_publications": 1, "num_citations": 0, "num_publications_5y": 1, "num_citations_5y": 0, "num_publications_10y": 1, "num_citations_10y": 0, "publications_years": {"2014": 1}, "citations_years": {}, "old_citations": {"2014": 0}, "isVisible": false}, "405125416": {"name": "zeinab mokhtariasl", "type": "author", "activity": 1, "h_index": 0, "h5_index": 0, "mag_id": "405125416", "num_publications": 1, "num_citations": 0, "num_publications_5y": 1, "num_citations_5y": 0, "num_publications_10y": 1, "num_citations_10y": 0, "publications_years": {"2014": 1}, "citations_years": {}, "old_citations": {"2014": 0}, "isVisible": false}, "424064927": {"name": "a glyn bengougha", "type": "author", "activity": 0, "h_index": 0, "h5_index": 0, "mag_id": "424064927", "num_publications": 1, "num_citations": 0, "num_publications_5y": 1, "num_citations_5y": 0, "num_publications_10y": 1, "num_citations_10y": 0, "publications_years": {"2014": 1}, "citations_years": {}, "old_citations": {"2014": 0}, "isVisible": false}, "666164923": {"name": "dirk drasdo", "type": "author", "activity": 17, "h_index": 8, "h5_index": 2, "mag_id": "666164923", "num_publications": 1, "num_citations": 0, "num_publications_5y": 1, "num_citations_5y": 0, "num_publications_10y": 1, "num_citations_10y": 0, "publications_years": {"2014": 1}, "citations_years": {}, "old_citations": {"2014": 0}, "isVisible": false}, "859058238": {"name": "amos maritan", "type": "author", "activity": 21, "h_index": 6, "h5_index": 2, "mag_id": "859058238", "num_publications": 1, "num_citations": 2, "num_publications_5y": 1, "num_citations_5y": 2, "num_publications_10y": 1, "num_citations_10y": 2, "publications_years": {"2014": 1}, "citations_years": {"2014": 2}, "old_citations": {"2014": 2}, "isVisible": false}, "1076857839": {"name": "timur gamilov", "type": "author", "activity": 5, "h_index": 2, "h5_index": 1, "mag_id": "1076857839", "num_publications": 1, "num_citations": 0, "num_publications_5y": 1, "num_citations_5y": 0, "num_publications_10y": 1, "num_citations_10y": 0, "publications_years": {"2014": 1}, "citations_years": {}, "old_citations": {"2014": 0}, "isVisible": false}, "1097369710": {"name": "stefania audoly", "type": "author", "activity": 28, "h_index": 5, "h5_index": 0, "mag_id": "1097369710", "num_publications": 1, "num_citations": 0, "num_publications_5y": 0, "num_citations_5y": 0, "num_publications_10y": 0, "num_citations_10y": 0, "publications_years": {"2005": 1}, "citations_years": {}, "old_citations": {"2005": 0}, "isVisible": false}, "1213297321": {"name": "mariya ptashnyk", "type": "author", "activity": 0, "h_index": 0, "h5_index": 0, "mag_id": "1213297321", "num_publications": 1, "num_citations": 0, "num_publications_5y": 1, "num_citations_5y": 0, "num_publications_10y": 1, "num_citations_10y": 0, "publications_years": {"2014": 1}, "citations_years": {}, "old_citations": {"2014": 0}, "isVisible": false}, "1309171752": {"name": "alf gerisch", "type": "author", "activity": 14, "h_index": 6, "h5_index": 0, "mag_id": "1309171752", "num_publications": 1, "num_citations": 0, "num_publications_5y": 1, "num_citations_5y": 0, "num_publications_10y": 1, "num_citations_10y": 0, "publications_years": {"2014": 1}, "citations_years": {}, "old_citations": {"2014": 0}, "isVisible": false}, "1566889479": {"name": "damian stichel", "type": "author", "activity": 4, "h_index": 1, "h5_index": 1, "mag_id": "1566889479", "num_publications": 1, "num_citations": 0, "num_publications_5y": 1, "num_citations_5y": 0, "num_publications_10y": 1, "num_citations_10y": 0, "publications_years": {"2014": 1}, "citations_years": {}, "old_citations": {"2014": 0}, "isVisible": false}, "1611647598": {"name": "samuel alizon", "type": "author", "activity": 1, "h_index": 0, "h5_index": 0, "mag_id": "1611647598", "num_publications": 1, "num_citations": 0, "num_publications_5y": 1, "num_citations_5y": 0, "num_publications_10y": 1, "num_citations_10y": 0, "publications_years": {"2014": 1}, "citations_years": {}, "old_citations": {"2014": 0}, "isVisible": false}, "1761598273": {"name": "mathieu moslonkalefebvre", "type": "author", "activity": 4, "h_index": 0, "h5_index": 0, "mag_id": "1761598273", "num_publications": 1, "num_citations": 0, "num_publications_5y": 1, "num_citations_5y": 0, "num_publications_10y": 1, "num_citations_10y": 0, "publications_years": {"2014": 1}, "citations_years": {}, "old_citations": {"2014": 0}, "isVisible": false}, "1774360753": {"name": "antonis papachristodoulou", "type": "author", "activity": 19, "h_index": 23, "h5_index": 6, "mag_id": "1774360753", "num_publications": 1, "num_citations": 0, "num_publications_5y": 0, "num_citations_5y": 0, "num_publications_10y": 0, "num_citations_10y": 0, "publications_years": {"2008": 1}, "citations_years": {}, "old_citations": {"2008": 0}, "isVisible": false}, "1884707443": {"name": "michael w deem", "type": "author", "activity": 19, "h_index": 1, "h5_index": 0, "mag_id": "1884707443", "num_publications": 1, "num_citations": 0, "num_publications_5y": 1, "num_citations_5y": 0, "num_publications_10y": 1, "num_citations_10y": 0, "publications_years": {"2014": 1}, "citations_years": {}, "old_citations": {"2014": 0}, "isVisible": false}, "1898366314": {"name": "jan hasenauer", "type": "author", "activity": 10, "h_index": 16, "h5_index": 13, "mag_id": "1898366314", "num_publications": 1, "num_citations": 0, "num_publications_5y": 1, "num_citations_5y": 0, "num_publications_10y": 1, "num_citations_10y": 0, "publications_years": {"2014": 1}, "citations_years": {}, "old_citations": {"2014": 0}, "isVisible": false}, "1966496991": {"name": "xavier draye", "type": "author", "activity": 6, "h_index": 2, "h5_index": 0, "mag_id": "1966496991", "num_publications": 1, "num_citations": 0, "num_publications_5y": 1, "num_citations_5y": 0, "num_publications_10y": 1, "num_citations_10y": 0, "publications_years": {"2014": 1}, "citations_years": {}, "old_citations": {"2014": 0}, "isVisible": false}, "1968110966": {"name": "maria pia saccomani", "type": "author", "activity": 28, "h_index": 7, "h5_index": 1, "mag_id": "1968110966", "num_publications": 1, "num_citations": 0, "num_publications_5y": 0, "num_citations_5y": 0, "num_publications_10y": 0, "num_citations_10y": 0, "publications_years": {"2005": 1}, "citations_years": {}, "old_citations": {"2005": 0}, "isVisible": false}, "1968339796": {"name": "walter de back", "type": "author", "activity": 14, "h_index": 2, "h5_index": 1, "mag_id": "1968339796", "num_publications": 1, "num_citations": 0, "num_publications_5y": 1, "num_citations_5y": 0, "num_publications_10y": 1, "num_citations_10y": 0, "publications_years": {"2014": 1}, "citations_years": {}, "old_citations": {"2014": 0}, "isVisible": false}, "1971860330": {"name": "tim odenthal", "type": "author", "activity": 2, "h_index": 0, "h5_index": 0, "mag_id": "1971860330", "num_publications": 1, "num_citations": 0, "num_publications_5y": 1, "num_citations_5y": 0, "num_publications_10y": 1, "num_citations_10y": 0, "publications_years": {"2014": 1}, "citations_years": {}, "old_citations": {"2014": 0}, "isVisible": false}, "1972371135": {"name": "matthew m peet", "type": "author", "activity": 17, "h_index": 6, "h5_index": 2, "mag_id": "1972371135", "num_publications": 1, "num_citations": 0, "num_publications_5y": 0, "num_citations_5y": 0, "num_publications_10y": 0, "num_citations_10y": 0, "publications_years": {"2008": 1}, "citations_years": {}, "old_citations": {"2008": 0}, "isVisible": false}, "1975765587": {"name": "caroline colijn", "type": "author", "activity": 10, "h_index": 2, "h5_index": 2, "mag_id": "1975765587", "num_publications": 1, "num_citations": 0, "num_publications_5y": 1, "num_citations_5y": 0, "num_publications_10y": 1, "num_citations_10y": 0, "publications_years": {"2014": 1}, "citations_years": {}, "old_citations": {"2014": 0}, "isVisible": false}, "1987106804": {"name": "lilian villarin pildain", "type": "author", "activity": 1, "h_index": 0, "h5_index": 0, "mag_id": "1987106804", "num_publications": 1, "num_citations": 0, "num_publications_5y": 1, "num_citations_5y": 0, "num_publications_10y": 1, "num_citations_10y": 0, "publications_years": {"2014": 1}, "citations_years": {}, "old_citations": {"2014": 0}, "isVisible": false}, "1987707326": {"name": "giuseppina bellu", "type": "author", "activity": 19, "h_index": 5, "h5_index": 0, "mag_id": "1987707326", "num_publications": 1, "num_citations": 0, "num_publications_5y": 0, "num_citations_5y": 0, "num_publications_10y": 0, "num_citations_10y": 0, "publications_years": {"2005": 1}, "citations_years": {}, "old_citations": {"2005": 0}, "isVisible": false}, "1993658114": {"name": "stephen marsland", "type": "author", "activity": 19, "h_index": 18, "h5_index": 3, "mag_id": "1993658114", "num_publications": 1, "num_citations": 0, "num_publications_5y": 0, "num_citations_5y": 0, "num_publications_10y": 0, "num_citations_10y": 0, "publications_years": {"2005": 1}, "citations_years": {}, "old_citations": {"2005": 0}, "isVisible": false}, "1997186170": {"name": "silviuiulian niculescu", "type": "author", "activity": 27, "h_index": 18, "h5_index": 3, "mag_id": "1997186170", "num_publications": 1, "num_citations": 0, "num_publications_5y": 0, "num_citations_5y": 0, "num_publications_10y": 0, "num_citations_10y": 0, "publications_years": {"2008": 1}, "citations_years": {}, "old_citations": {"2008": 0}, "isVisible": false}, "2002033685": {"name": "jeanluc gouze", "type": "author", "activity": 24, "h_index": 6, "h5_index": 1, "mag_id": "2002033685", "num_publications": 1, "num_citations": 2, "num_publications_5y": 1, "num_citations_5y": 0, "num_publications_10y": 1, "num_citations_10y": 0, "publications_years": {"2018": 1}, "citations_years": {"2020": 2}, "old_citations": {"2018": 2}, "isVisible": false}, "2010268704": {"name": "carole j twining", "type": "author", "activity": 20, "h_index": 17, "h5_index": 0, "mag_id": "2010268704", "num_publications": 1, "num_citations": 0, "num_publications_5y": 0, "num_citations_5y": 0, "num_publications_10y": 0, "num_citations_10y": 0, "publications_years": {"2005": 1}, "citations_years": {}, "old_citations": {"2005": 0}, "isVisible": false}, "2020428204": {"name": "franziska matthaus", "type": "author", "activity": 6, "h_index": 1, "h5_index": 0, "mag_id": "2020428204", "num_publications": 1, "num_citations": 0, "num_publications_5y": 1, "num_citations_5y": 0, "num_publications_10y": 1, "num_citations_10y": 0, "publications_years": {"2014": 1}, "citations_years": {}, "old_citations": {"2014": 0}, "isVisible": false}, "2025348784": {"name": "francis g woodhouse", "type": "author", "activity": 5, "h_index": 0, "h5_index": 0, "mag_id": "2025348784", "num_publications": 1, "num_citations": 0, "num_publications_5y": 1, "num_citations_5y": 0, "num_publications_10y": 1, "num_citations_10y": 0, "publications_years": {"2014": 1}, "citations_years": {}, "old_citations": {"2014": 0}, "isVisible": false}, "2027069229": {"name": "bart smeets", "type": "author", "activity": 2, "h_index": 0, "h5_index": 0, "mag_id": "2027069229", "num_publications": 1, "num_citations": 0, "num_publications_5y": 1, "num_citations_5y": 0, "num_publications_10y": 1, "num_citations_10y": 0, "publications_years": {"2014": 1}, "citations_years": {}, "old_citations": {"2014": 0}, "isVisible": false}, "2038888374": {"name": "thomas a house", "type": "author", "activity": 8, "h_index": 4, "h5_index": 0, "mag_id": "2038888374", "num_publications": 1, "num_citations": 0, "num_publications_5y": 1, "num_citations_5y": 0, "num_publications_10y": 1, "num_citations_10y": 0, "publications_years": {"2014": 1}, "citations_years": {}, "old_citations": {"2014": 0}, "isVisible": false}, "2052013336": {"name": "mason a porter", "type": "author", "activity": 19, "h_index": 13, "h5_index": 7, "mag_id": "2052013336", "num_publications": 1, "num_citations": 0, "num_publications_5y": 1, "num_citations_5y": 0, "num_publications_10y": 1, "num_citations_10y": 0, "publications_years": {"2014": 1}, "citations_years": {}, "old_citations": {"2014": 0}, "isVisible": false}, "2059192791": {"name": "stefan engblom", "type": "author", "activity": 14, "h_index": 8, "h5_index": 4, "mag_id": "2059192791", "num_publications": 1, "num_citations": 0, "num_publications_5y": 1, "num_citations_5y": 0, "num_publications_10y": 1, "num_citations_10y": 0, "publications_years": {"2014": 1}, "citations_years": {}, "old_citations": {"2014": 0}, "isVisible": false}, "2059720231": {"name": "michael o adu", "type": "author", "activity": 0, "h_index": 0, "h5_index": 0, "mag_id": "2059720231", "num_publications": 1, "num_citations": 0, "num_publications_5y": 1, "num_citations_5y": 0, "num_publications_10y": 1, "num_citations_10y": 0, "publications_years": {"2014": 1}, "citations_years": {}, "old_citations": {"2014": 0}, "isVisible": false}, "2069192544": {"name": "georg fritz", "type": "author", "activity": 8, "h_index": 1, "h5_index": 0, "mag_id": "2069192544", "num_publications": 1, "num_citations": 0, "num_publications_5y": 1, "num_citations_5y": 0, "num_publications_10y": 1, "num_citations_10y": 0, "publications_years": {"2014": 1}, "citations_years": {}, "old_citations": {"2014": 0}, "isVisible": false}, "2069377079": {"name": "tom britton", "type": "author", "activity": 20, "h_index": 5, "h5_index": 2, "mag_id": "2069377079", "num_publications": 1, "num_citations": 0, "num_publications_5y": 1, "num_citations_5y": 0, "num_publications_10y": 1, "num_citations_10y": 0, "publications_years": {"2014": 1}, "citations_years": {}, "old_citations": {"2014": 0}, "isVisible": false}, "2088375146": {"name": "giacomo plazzotta", "type": "author", "activity": 0, "h_index": 0, "h5_index": 0, "mag_id": "2088375146", "num_publications": 1, "num_citations": 0, "num_publications_5y": 1, "num_citations_5y": 0, "num_publications_10y": 1, "num_citations_10y": 0, "publications_years": {"2014": 1}, "citations_years": {}, "old_citations": {"2014": 0}, "isVisible": false}, "2102843089": {"name": "stephen f goodwin", "type": "author", "activity": 1, "h_index": 0, "h5_index": 0, "mag_id": "2102843089", "num_publications": 1, "num_citations": 0, "num_publications_5y": 1, "num_citations_5y": 0, "num_publications_10y": 1, "num_citations_10y": 0, "publications_years": {"2014": 1}, "citations_years": {}, "old_citations": {"2014": 0}, "isVisible": false}, "2110645842": {"name": "david smith", "type": "author", "activity": 26, "h_index": 18, "h5_index": 7, "mag_id": "2110645842", "num_publications": 1, "num_citations": 0, "num_publications_5y": 1, "num_citations_5y": 0, "num_publications_10y": 1, "num_citations_10y": 0, "publications_years": {"2014": 1}, "citations_years": {}, "old_citations": {"2014": 0}, "isVisible": false}, "2114808525": {"name": "c taylor", "type": "author", "activity": 31, "h_index": 53, "h5_index": 3, "mag_id": "2114808525", "num_publications": 1, "num_citations": 0, "num_publications_5y": 0, "num_citations_5y": 0, "num_publications_10y": 0, "num_citations_10y": 0, "publications_years": {"2005": 1}, "citations_years": {}, "old_citations": {"2005": 0}, "isVisible": false}, "2116474015": {"name": "alexander r a anderson", "type": "author", "activity": 18, "h_index": 7, "h5_index": 3, "mag_id": "2116474015", "num_publications": 1, "num_citations": 0, "num_publications_5y": 1, "num_citations_5y": 0, "num_publications_10y": 1, "num_citations_10y": 0, "publications_years": {"2014": 1}, "citations_years": {}, "old_citations": {"2014": 0}, "isVisible": false}, "2122114627": {"name": "paul r taylor", "type": "author", "activity": 1, "h_index": 0, "h5_index": 0, "mag_id": "2122114627", "num_publications": 1, "num_citations": 0, "num_publications_5y": 1, "num_citations_5y": 0, "num_publications_10y": 1, "num_citations_10y": 0, "publications_years": {"2014": 1}, "citations_years": {}, "old_citations": {"2014": 0}, "isVisible": false}, "2125058004": {"name": "christel kamp", "type": "author", "activity": 5, "h_index": 1, "h5_index": 0, "mag_id": "2125058004", "num_publications": 1, "num_citations": 0, "num_publications_5y": 1, "num_citations_5y": 0, "num_publications_10y": 1, "num_citations_10y": 0, "publications_years": {"2014": 1}, "citations_years": {}, "old_citations": {"2014": 0}, "isVisible": false}, "2128360318": {"name": "andreas deutsch", "type": "author", "activity": 17, "h_index": 13, "h5_index": 2, "mag_id": "2128360318", "num_publications": 1, "num_citations": 0, "num_publications_5y": 1, "num_citations_5y": 0, "num_publications_10y": 1, "num_citations_10y": 0, "publications_years": {"2014": 1}, "citations_years": {}, "old_citations": {"2014": 0}, "isVisible": false}, "2129348211": {"name": "ozgur e akman", "type": "author", "activity": 17, "h_index": 4, "h5_index": 2, "mag_id": "2129348211", "num_publications": 1, "num_citations": 0, "num_publications_5y": 1, "num_citations_5y": 0, "num_publications_10y": 1, "num_citations_10y": 0, "publications_years": {"2014": 1}, "citations_years": {}, "old_citations": {"2014": 0}, "isVisible": false}, "2137174618": {"name": "rodney beard", "type": "author", "activity": 19, "h_index": 1, "h5_index": 0, "mag_id": "2137174618", "num_publications": 1, "num_citations": 0, "num_publications_5y": 1, "num_citations_5y": 0, "num_publications_10y": 1, "num_citations_10y": 0, "publications_years": {"2014": 1}, "citations_years": {}, "old_citations": {"2014": 0}, "isVisible": false}, "2138109836": {"name": "julia amador", "type": "author", "activity": 6, "h_index": 4, "h5_index": 0, "mag_id": "2138109836", "num_publications": 1, "num_citations": 0, "num_publications_5y": 1, "num_citations_5y": 0, "num_publications_10y": 1, "num_citations_10y": 0, "publications_years": {"2014": 1}, "citations_years": {}, "old_citations": {"2014": 0}, "isVisible": false}, "2138395482": {"name": "vikram sunkara", "type": "author", "activity": 0, "h_index": 0, "h5_index": 0, "mag_id": "2138395482", "num_publications": 1, "num_citations": 0, "num_publications_5y": 1, "num_citations_5y": 0, "num_publications_10y": 1, "num_citations_10y": 0, "publications_years": {"2014": 1}, "citations_years": {}, "old_citations": {"2014": 0}, "isVisible": false}, "2144985292": {"name": "alexander g fletcher", "type": "author", "activity": 11, "h_index": 9, "h5_index": 3, "mag_id": "2144985292", "num_publications": 1, "num_citations": 0, "num_publications_5y": 1, "num_citations_5y": 0, "num_publications_10y": 1, "num_citations_10y": 0, "publications_years": {"2014": 1}, "citations_years": {}, "old_citations": {"2014": 0}, "isVisible": false}, "2150793875": {"name": "alistair m middleton", "type": "author", "activity": 1, "h_index": 0, "h5_index": 0, "mag_id": "2150793875", "num_publications": 1, "num_citations": 0, "num_publications_5y": 1, "num_citations_5y": 0, "num_publications_10y": 1, "num_citations_10y": 0, "publications_years": {"2014": 1}, "citations_years": {}, "old_citations": {"2014": 0}, "isVisible": false}, "2150848074": {"name": "lorenzo pellis", "type": "author", "activity": 2, "h_index": 1, "h5_index": 0, "mag_id": "2150848074", "num_publications": 1, "num_citations": 0, "num_publications_5y": 1, "num_citations_5y": 0, "num_publications_10y": 1, "num_citations_10y": 0, "publications_years": {"2014": 1}, "citations_years": {}, "old_citations": {"2014": 0}, "isVisible": false}, "2152667973": {"name": "lionel x dupuy", "type": "author", "activity": 0, "h_index": 0, "h5_index": 0, "mag_id": "2152667973", "num_publications": 1, "num_citations": 0, "num_publications_5y": 1, "num_citations_5y": 0, "num_publications_10y": 1, "num_citations_10y": 0, "publications_years": {"2014": 1}, "citations_years": {}, "old_citations": {"2014": 0}, "isVisible": false}, "2156313109": {"name": "adnan khan", "type": "author", "activity": 4, "h_index": 1, "h5_index": 1, "mag_id": "2156313109", "num_publications": 1, "num_citations": 0, "num_publications_5y": 1, "num_citations_5y": 0, "num_publications_10y": 1, "num_citations_10y": 0, "publications_years": {"2014": 1}, "citations_years": {}, "old_citations": {"2014": 0}, "isVisible": false}, "2166559991": {"name": "deborah c markham", "type": "author", "activity": 1, "h_index": 0, "h5_index": 0, "mag_id": "2166559991", "num_publications": 1, "num_citations": 0, "num_publications_5y": 1, "num_citations_5y": 0, "num_publications_10y": 1, "num_citations_10y": 0, "publications_years": {"2014": 1}, "citations_years": {}, "old_citations": {"2014": 0}, "isVisible": false}, "2167910322": {"name": "olivier bernard", "type": "author", "activity": 24, "h_index": 12, "h5_index": 2, "mag_id": "2167910322", "num_publications": 1, "num_citations": 2, "num_publications_5y": 1, "num_citations_5y": 0, "num_publications_10y": 1, "num_citations_10y": 0, "publications_years": {"2018": 1}, "citations_years": {"2020": 2}, "old_citations": {"2018": 2}, "isVisible": false}, "2182064902": {"name": "doron levy", "type": "author", "activity": 8, "h_index": 1, "h5_index": 0, "mag_id": "2182064902", "num_publications": 1, "num_citations": 0, "num_publications_5y": 0, "num_citations_5y": 0, "num_publications_10y": 0, "num_citations_10y": 0, "publications_years": {"2008": 1}, "citations_years": {}, "old_citations": {"2008": 0}, "isVisible": false}, "2198314183": {"name": "kieran j sharkey", "type": "author", "activity": 4, "h_index": 2, "h5_index": 1, "mag_id": "2198314183", "num_publications": 1, "num_citations": 0, "num_publications_5y": 1, "num_citations_5y": 0, "num_publications_10y": 1, "num_citations_10y": 0, "publications_years": {"2014": 1}, "citations_years": {}, "old_citations": {"2014": 0}, "isVisible": false}, "2229870300": {"name": "fabian j theis", "type": "author", "activity": 18, "h_index": 24, "h5_index": 11, "mag_id": "2229870300", "num_publications": 1, "num_citations": 0, "num_publications_5y": 1, "num_citations_5y": 0, "num_publications_10y": 1, "num_citations_10y": 0, "publications_years": {"2014": 1}, "citations_years": {}, "old_citations": {"2014": 0}, "isVisible": false}, "2236334814": {"name": "vineet kumar", "type": "author", "activity": 1, "h_index": 0, "h5_index": 0, "mag_id": "2236334814", "num_publications": 1, "num_citations": 0, "num_publications_5y": 1, "num_citations_5y": 0, "num_publications_10y": 1, "num_citations_10y": 0, "publications_years": {"2014": 1}, "citations_years": {}, "old_citations": {"2014": 0}, "isVisible": false}, "2281949700": {"name": "andrzej swierniak", "type": "author", "activity": 28, "h_index": 7, "h5_index": 3, "mag_id": "2281949700", "num_publications": 1, "num_citations": 0, "num_publications_5y": 1, "num_citations_5y": 0, "num_publications_10y": 1, "num_citations_10y": 0, "publications_years": {"2014": 1}, "citations_years": {}, "old_citations": {"2014": 0}, "isVisible": false}, "2303341532": {"name": "johannes neitsch", "type": "author", "activity": 2, "h_index": 1, "h5_index": 0, "mag_id": "2303341532", "num_publications": 1, "num_citations": 0, "num_publications_5y": 1, "num_citations_5y": 0, "num_publications_10y": 1, "num_citations_10y": 0, "publications_years": {"2014": 1}, "citations_years": {}, "old_citations": {"2014": 0}, "isVisible": false}, "2306499175": {"name": "sabrina hross", "type": "author", "activity": 5, "h_index": 3, "h5_index": 1, "mag_id": "2306499175", "num_publications": 1, "num_citations": 0, "num_publications_5y": 1, "num_citations_5y": 0, "num_publications_10y": 1, "num_citations_10y": 0, "publications_years": {"2014": 1}, "citations_years": {}, "old_citations": {"2014": 0}, "isVisible": false}, "2307168105": {"name": "yuri v ivanov", "type": "author", "activity": 2, "h_index": 1, "h5_index": 0, "mag_id": "2307168105", "num_publications": 1, "num_citations": 0, "num_publications_5y": 1, "num_citations_5y": 0, "num_publications_10y": 1, "num_citations_10y": 0, "publications_years": {"2014": 1}, "citations_years": {}, "old_citations": {"2014": 0}, "isVisible": false}, "2309220001": {"name": "bruce s gardiner", "type": "author", "activity": 17, "h_index": 0, "h5_index": 0, "mag_id": "2309220001", "num_publications": 1, "num_citations": 0, "num_publications_5y": 1, "num_citations_5y": 0, "num_publications_10y": 1, "num_citations_10y": 0, "publications_years": {"2014": 1}, "citations_years": {}, "old_citations": {"2014": 0}, "isVisible": false}, "2309538131": {"name": "l dangio", "type": "author", "activity": 10, "h_index": 3, "h5_index": 0, "mag_id": "2309538131", "num_publications": 1, "num_citations": 0, "num_publications_5y": 0, "num_citations_5y": 0, "num_publications_10y": 0, "num_citations_10y": 0, "publications_years": {"2005": 1}, "citations_years": {}, "old_citations": {"2005": 0}, "isVisible": false}, "2309669111": {"name": "krzysztof psiukmaksymowicz", "type": "author", "activity": 25, "h_index": 4, "h5_index": 3, "mag_id": "2309669111", "num_publications": 1, "num_citations": 0, "num_publications_5y": 1, "num_citations_5y": 0, "num_publications_10y": 1, "num_citations_10y": 0, "publications_years": {"2014": 1}, "citations_years": {}, "old_citations": {"2014": 0}, "isVisible": false}, "2310403740": {"name": "maya mincheva", "type": "author", "activity": 4, "h_index": 2, "h5_index": 1, "mag_id": "2310403740", "num_publications": 1, "num_citations": 0, "num_publications_5y": 1, "num_citations_5y": 0, "num_publications_10y": 1, "num_citations_10y": 0, "publications_years": {"2014": 1}, "citations_years": {}, "old_citations": {"2014": 0}, "isVisible": false}, "2324159937": {"name": "ankit gupta", "type": "author", "activity": 8, "h_index": 2, "h5_index": 1, "mag_id": "2324159937", "num_publications": 1, "num_citations": 0, "num_publications_5y": 1, "num_citations_5y": 0, "num_publications_10y": 1, "num_citations_10y": 0, "publications_years": {"2014": 1}, "citations_years": {}, "old_citations": {"2014": 0}, "isVisible": false}, "2341574692": {"name": "paul van liedekerke", "type": "author", "activity": 2, "h_index": 0, "h5_index": 0, "mag_id": "2341574692", "num_publications": 1, "num_citations": 0, "num_publications_5y": 1, "num_citations_5y": 0, "num_publications_10y": 1, "num_citations_10y": 0, "publications_years": {"2014": 1}, "citations_years": {}, "old_citations": {"2014": 0}, "isVisible": false}, "2345801959": {"name": "timothy m kinyanjui", "type": "author", "activity": 3, "h_index": 1, "h5_index": 1, "mag_id": "2345801959", "num_publications": 1, "num_citations": 0, "num_publications_5y": 1, "num_citations_5y": 0, "num_publications_10y": 1, "num_citations_10y": 0, "publications_years": {"2014": 1}, "citations_years": {}, "old_citations": {"2014": 0}, "isVisible": false}, "2409164484": {"name": "ruchira s datta", "type": "author", "activity": 11, "h_index": 7, "h5_index": 0, "mag_id": "2409164484", "num_publications": 1, "num_citations": 0, "num_publications_5y": 1, "num_citations_5y": 0, "num_publications_10y": 1, "num_citations_10y": 0, "publications_years": {"2014": 1}, "citations_years": {}, "old_citations": {"2014": 0}, "isVisible": false}, "2429352549": {"name": "herman ramon", "type": "author", "activity": 21, "h_index": 5, "h5_index": 0, "mag_id": "2429352549", "num_publications": 1, "num_citations": 0, "num_publications_5y": 1, "num_citations_5y": 0, "num_publications_10y": 1, "num_citations_10y": 0, "publications_years": {"2014": 1}, "citations_years": {}, "old_citations": {"2014": 0}, "isVisible": false}, "2441090456": {"name": "house thomas", "type": "author", "activity": 1, "h_index": 0, "h5_index": 0, "mag_id": "2441090456", "num_publications": 1, "num_citations": 0, "num_publications_5y": 1, "num_citations_5y": 0, "num_publications_10y": 1, "num_citations_10y": 0, "publications_years": {"2014": 1}, "citations_years": {}, "old_citations": {"2014": 0}, "isVisible": false}, "2473080656": {"name": "mathisca c m de gunst", "type": "author", "activity": 15, "h_index": 2, "h5_index": 1, "mag_id": "2473080656", "num_publications": 1, "num_citations": 0, "num_publications_5y": 1, "num_citations_5y": 0, "num_publications_10y": 1, "num_citations_10y": 0, "publications_years": {"2014": 1}, "citations_years": {}, "old_citations": {"2014": 0}, "isVisible": false}, "2567944053": {"name": "pierre bernhard", "type": "author", "activity": 28, "h_index": 5, "h5_index": 0, "mag_id": "2567944053", "num_publications": 1, "num_citations": 0, "num_publications_5y": 1, "num_citations_5y": 0, "num_publications_10y": 1, "num_citations_10y": 0, "publications_years": {"2018": 1}, "citations_years": {}, "old_citations": {"2018": 0}, "isVisible": false}, "2568930659": {"name": "sergey simakov", "type": "author", "activity": 5, "h_index": 3, "h5_index": 2, "mag_id": "2568930659", "num_publications": 1, "num_citations": 0, "num_publications_5y": 1, "num_citations_5y": 0, "num_publications_10y": 1, "num_citations_10y": 0, "publications_years": {"2014": 1}, "citations_years": {}, "old_citations": {"2014": 0}, "isVisible": false}, "2609561830": {"name": "benjamin hepp", "type": "author", "activity": 5, "h_index": 4, "h5_index": 4, "mag_id": "2609561830", "num_publications": 1, "num_citations": 0, "num_publications_5y": 1, "num_citations_5y": 0, "num_publications_10y": 1, "num_citations_10y": 0, "publications_years": {"2014": 1}, "citations_years": {}, "old_citations": {"2014": 0}, "isVisible": false}, "2614972954": {"name": "sorin tanasenicola", "type": "author", "activity": 1, "h_index": 0, "h5_index": 0, "mag_id": "2614972954", "num_publications": 1, "num_citations": 0, "num_publications_5y": 1, "num_citations_5y": 0, "num_publications_10y": 1, "num_citations_10y": 0, "publications_years": {"2014": 1}, "citations_years": {}, "old_citations": {"2014": 0}, "isVisible": false}, "2618260411": {"name": "agata charzynska", "type": "author", "activity": 2, "h_index": 2, "h5_index": 0, "mag_id": "2618260411", "num_publications": 1, "num_citations": 0, "num_publications_5y": 1, "num_citations_5y": 0, "num_publications_10y": 1, "num_citations_10y": 0, "publications_years": {"2014": 1}, "citations_years": {}, "old_citations": {"2014": 0}, "isVisible": false}, "2620607207": {"name": "grzegorz a rempala", "type": "author", "activity": 15, "h_index": 4, "h5_index": 1, "mag_id": "2620607207", "num_publications": 1, "num_citations": 0, "num_publications_5y": 1, "num_citations_5y": 0, "num_publications_10y": 1, "num_citations_10y": 0, "publications_years": {"2014": 1}, "citations_years": {}, "old_citations": {"2014": 0}, "isVisible": false}, "2630987010": {"name": "valeriy dmitriy perminov", "type": "author", "activity": 1, "h_index": 0, "h5_index": 0, "mag_id": "2630987010", "num_publications": 1, "num_citations": 0, "num_publications_5y": 1, "num_citations_5y": 0, "num_publications_10y": 1, "num_citations_10y": 0, "publications_years": {"2014": 1}, "citations_years": {}, "old_citations": {"2014": 0}, "isVisible": false}, "2638718770": {"name": "philip gerrish", "type": "author", "activity": 1, "h_index": 0, "h5_index": 0, "mag_id": "2638718770", "num_publications": 1, "num_citations": 0, "num_publications_5y": 1, "num_citations_5y": 0, "num_publications_10y": 1, "num_citations_10y": 0, "publications_years": {"2014": 1}, "citations_years": {}, "old_citations": {"2014": 0}, "isVisible": false}, "2661544285": {"name": "franziska matthaeus", "type": "author", "activity": 1, "h_index": 0, "h5_index": 0, "mag_id": "2661544285", "num_publications": 1, "num_citations": 0, "num_publications_5y": 1, "num_citations_5y": 0, "num_publications_10y": 1, "num_citations_10y": 0, "publications_years": {"2014": 1}, "citations_years": {}, "old_citations": {"2014": 0}, "isVisible": false}, "2672184745": {"name": "roberta sirovich", "type": "author", "activity": 1, "h_index": 0, "h5_index": 0, "mag_id": "2672184745", "num_publications": 1, "num_citations": 0, "num_publications_5y": 0, "num_citations_5y": 0, "num_publications_10y": 1, "num_citations_10y": 0, "publications_years": {"2011": 1}, "citations_years": {}, "old_citations": {"2011": 0}, "isVisible": false}, "2685422665": {"name": "dimitris kalogiros", "type": "author", "activity": 0, "h_index": 0, "h5_index": 0, "mag_id": "2685422665", "num_publications": 1, "num_citations": 0, "num_publications_5y": 1, "num_citations_5y": 0, "num_publications_10y": 1, "num_citations_10y": 0, "publications_years": {"2014": 1}, "citations_years": {}, "old_citations": {"2014": 0}, "isVisible": false}, "2688812719": {"name": "baba issa camara", "type": "author", "activity": 5, "h_index": 0, "h5_index": 0, "mag_id": "2688812719", "num_publications": 1, "num_citations": 0, "num_publications_5y": 1, "num_citations_5y": 0, "num_publications_10y": 1, "num_citations_10y": 0, "publications_years": {"2014": 1}, "citations_years": {}, "old_citations": {"2014": 0}, "isVisible": false}, "2689494595": {"name": "souvik bhattacharya", "type": "author", "activity": 1, "h_index": 0, "h5_index": 0, "mag_id": "2689494595", "num_publications": 1, "num_citations": 0, "num_publications_5y": 1, "num_citations_5y": 0, "num_publications_10y": 1, "num_citations_10y": 0, "publications_years": {"2014": 1}, "citations_years": {}, "old_citations": {"2014": 0}, "isVisible": false}, "2699786923": {"name": "r p mondaini", "type": "author", "activity": 1, "h_index": 0, "h5_index": 0, "mag_id": "2699786923", "num_publications": 1, "num_citations": 0, "num_publications_5y": 1, "num_citations_5y": 0, "num_publications_10y": 1, "num_citations_10y": 0, "publications_years": {"2014": 1}, "citations_years": {}, "old_citations": {"2014": 0}, "isVisible": false}, "2714557701": {"name": "a hellander", "type": "author", "activity": 1, "h_index": 0, "h5_index": 0, "mag_id": "2714557701", "num_publications": 1, "num_citations": 0, "num_publications_5y": 1, "num_citations_5y": 0, "num_publications_10y": 1, "num_citations_10y": 0, "publications_years": {"2014": 1}, "citations_years": {}, "old_citations": {"2014": 0}, "isVisible": false}, "2740768971": {"name": "claudia lopez zazueta", "type": "author", "activity": 1, "h_index": 1, "h5_index": 1, "mag_id": "2740768971", "num_publications": 1, "num_citations": 2, "num_publications_5y": 1, "num_citations_5y": 0, "num_publications_10y": 1, "num_citations_10y": 0, "publications_years": {"2018": 1}, "citations_years": {"2020": 2}, "old_citations": {"2018": 2}, "isVisible": false}, "2761626575": {"name": "fabien halkett", "type": "author", "activity": 1, "h_index": 0, "h5_index": 0, "mag_id": "2761626575", "num_publications": 1, "num_citations": 0, "num_publications_5y": 1, "num_citations_5y": 0, "num_publications_10y": 1, "num_citations_10y": 0, "publications_years": {"2018": 1}, "citations_years": {}, "old_citations": {"2018": 0}, "isVisible": false}, "2767851284": {"name": "ivan yegorov", "type": "author", "activity": 1, "h_index": 1, "h5_index": 1, "mag_id": "2767851284", "num_publications": 1, "num_citations": 0, "num_publications_5y": 1, "num_citations_5y": 0, "num_publications_10y": 1, "num_citations_10y": 0, "publications_years": {"2018": 1}, "citations_years": {}, "old_citations": {"2018": 0}, "isVisible": false}, "2865100531": {"name": "koichiro uriu", "type": "author", "activity": 1, "h_index": 0, "h5_index": 0, "mag_id": "2865100531", "num_publications": 1, "num_citations": 0, "num_publications_5y": 1, "num_citations_5y": 0, "num_publications_10y": 1, "num_citations_10y": 0, "publications_years": {"2014": 1}, "citations_years": {}, "old_citations": {"2014": 0}, "isVisible": false}, "2890160474": {"name": "david davtian", "type": "author", "activity": 1, "h_index": 0, "h5_index": 0, "mag_id": "2890160474", "num_publications": 1, "num_citations": 0, "num_publications_5y": 1, "num_citations_5y": 0, "num_publications_10y": 1, "num_citations_10y": 0, "publications_years": {"2018": 1}, "citations_years": {}, "old_citations": {"2018": 0}, "isVisible": false}, "2902873092": {"name": "julien guegan", "type": "author", "activity": 1, "h_index": 0, "h5_index": 0, "mag_id": "2902873092", "num_publications": 1, "num_citations": 0, "num_publications_5y": 1, "num_citations_5y": 0, "num_publications_10y": 1, "num_citations_10y": 0, "publications_years": {"2018": 1}, "citations_years": {}, "old_citations": {"2018": 0}, "isVisible": false}, "2919001548": {"name": "p i belobrov", "type": "author", "activity": 10, "h_index": 0, "h5_index": 0, "mag_id": "2919001548", "num_publications": 1, "num_citations": 0, "num_publications_5y": 1, "num_citations_5y": 0, "num_publications_10y": 1, "num_citations_10y": 0, "publications_years": {"2014": 1}, "citations_years": {}, "old_citations": {"2014": 0}, "isVisible": false}, "2963632427": {"name": "tomas vejchodsky", "type": "author", "activity": 1, "h_index": 0, "h5_index": 0, "mag_id": "2963632427", "num_publications": 1, "num_citations": 0, "num_publications_5y": 1, "num_citations_5y": 0, "num_publications_10y": 1, "num_citations_10y": 0, "publications_years": {"2014": 1}, "citations_years": {}, "old_citations": {"2014": 0}, "isVisible": false}, "3012331272": {"name": "ryan tasseff", "type": "author", "activity": 1, "h_index": 0, "h5_index": 0, "mag_id": "3012331272", "num_publications": 1, "num_citations": 0, "num_publications_5y": 1, "num_citations_5y": 0, "num_publications_10y": 1, "num_citations_10y": 0, "publications_years": {"2014": 1}, "citations_years": {}, "old_citations": {"2014": 0}, "isVisible": false}}, "countries": {"United Kingdom": {"name": "United Kingdom", "type": "country", "h5_index": 172, "num_publications": 14, "num_citations": 0, "num_publications_5y": 13, "num_citations_5y": 0, "num_publications_10y": 14, "num_citations_10y": 0, "publications_years": {"2014": 13, "2012": 1}, "citations_years": {}, "old_citations": {"2014": 0, "2012": 1}, "isVisible": false}, "Germany": {"name": "Germany", "type": "country", "h5_index": 139, "num_publications": 7, "num_citations": 0, "num_publications_5y": 7, "num_citations_5y": 0, "num_publications_10y": 7, "num_citations_10y": 0, "publications_years": {"2014": 7}, "citations_years": {}, "old_citations": {"2014": 0}, "isVisible": false}, "France": {"name": "France", "type": "country", "h5_index": 99, "num_publications": 5, "num_citations": 0, "num_publications_5y": 4, "num_citations_5y": 0, "num_publications_10y": 4, "num_citations_10y": 0, "publications_years": {"2014": 4, "2008": 1}, "citations_years": {}, "old_citations": {"2014": 0, "2008": 0}, "isVisible": false}, "Sweden": {"name": "Sweden", "type": "country", "h5_index": 82, "num_publications": 4, "num_citations": 0, "num_publications_5y": 4, "num_citations_5y": 0, "num_publications_10y": 4, "num_citations_10y": 0, "publications_years": {"2014": 4}, "citations_years": {}, "old_citations": {"2014": 0}, "isVisible": false}, "United States": {"name": "United States", "type": "country", "h5_index": 308, "num_publications": 4, "num_citations": 0, "num_publications_5y": 4, "num_citations_5y": 0, "num_publications_10y": 4, "num_citations_10y": 0, "publications_years": {"2014": 4}, "citations_years": {}, "old_citations": {"2014": 0}, "isVisible": false}, "Australia": {"name": "Australia", "type": "country", "h5_index": 141, "num_publications": 3, "num_citations": 0, "num_publications_5y": 3, "num_citations_5y": 0, "num_publications_10y": 3, "num_citations_10y": 0, "publications_years": {"2014": 2, "2018": 1}, "citations_years": {}, "old_citations": {"2014": 0, "2018": 0}, "isVisible": false}, "Poland": {"name": "Poland", "type": "country", "h5_index": 46, "num_publications": 3, "num_citations": 0, "num_publications_5y": 3, "num_citations_5y": 0, "num_publications_10y": 3, "num_citations_10y": 0, "publications_years": {"2014": 3}, "citations_years": {}, "old_citations": {"2014": 0}, "isVisible": false}, "Belgium": {"name": "Belgium", "type": "country", "h5_index": 72, "num_publications": 2, "num_citations": 0, "num_publications_5y": 2, "num_citations_5y": 0, "num_publications_10y": 2, "num_citations_10y": 0, "publications_years": {"2014": 2}, "citations_years": {}, "old_citations": {"2014": 0}, "isVisible": false}, "Russia": {"name": "Russia", "type": "country", "h5_index": 45, "num_publications": 2, "num_citations": 0, "num_publications_5y": 2, "num_citations_5y": 0, "num_publications_10y": 2, "num_citations_10y": 0, "publications_years": {"2014": 2}, "citations_years": {}, "old_citations": {"2014": 0}, "isVisible": false}, "Brazil": {"name": "Brazil", "type": "country", "h5_index": 57, "num_publications": 1, "num_citations": 0, "num_publications_5y": 1, "num_citations_5y": 0, "num_publications_10y": 1, "num_citations_10y": 0, "publications_years": {"2014": 1}, "citations_years": {}, "old_citations": {"2014": 0}, "isVisible": false}, "Italy": {"name": "Italy", "type": "country", "h5_index": 94, "num_publications": 1, "num_citations": 2, "num_publications_5y": 1, "num_citations_5y": 2, "num_publications_10y": 1, "num_citations_10y": 2, "publications_years": {"2014": 1}, "citations_years": {"2014": 2}, "old_citations": {"2014": 2}, "isVisible": false}, "Netherlands": {"name": "Netherlands", "type": "country", "h5_index": 91, "num_publications": 1, "num_citations": 0, "num_publications_5y": 1, "num_citations_5y": 0, "num_publications_10y": 1, "num_citations_10y": 0, "publications_years": {"2014": 1}, "citations_years": {}, "old_citations": {"2014": 0}, "isVisible": false}, "Pakistan": {"name": "Pakistan", "type": "country", "h5_index": 49, "num_publications": 1, "num_citations": 0, "num_publications_5y": 1, "num_citations_5y": 0, "num_publications_10y": 1, "num_citations_10y": 0, "publications_years": {"2014": 1}, "citations_years": {}, "old_citations": {"2014": 0}, "isVisible": false}, "Spain": {"name": "Spain", "type": "country", "h5_index": 91, "num_publications": 1, "num_citations": 0, "num_publications_5y": 1, "num_citations_5y": 0, "num_publications_10y": 1, "num_citations_10y": 0, "publications_years": {"2014": 1}, "citations_years": {}, "old_citations": {"2014": 0}, "isVisible": false}, "Switzerland": {"name": "Switzerland", "type": "country", "h5_index": 102, "num_publications": 1, "num_citations": 0, "num_publications_5y": 1, "num_citations_5y": 0, "num_publications_10y": 1, "num_citations_10y": 0, "publications_years": {"2014": 1}, "citations_years": {}, "old_citations": {"2014": 0}, "isVisible": false}}}, "conference_comparison": {"computer science": {}}, "topics_dna": {"publications": {}, "citations": {"normalized": {}, "average": {}}}, "info": {"num_publications": 61, "num_citations": 5.0, "impact_factor": {"2007": 0.0, "2008": 0, "2009": 0.0, "2010": 0.0, "2011": 0, "2012": 0.0, "2013": 0.0, "2014": 0, "2015": 0.0, "2016": 0.0, "2017": 0, "2018": 0}, "publications_years": {"2014": 53, "2018": 3, "2005": 2, "2008": 1, "2011": 1, "2012": 1}, "citations_years": {"2014": 2, "2015": 0, "2016": 0, "2017": 0, "2018": 0, "2019": 0, "2020": 2}, "old_citations": {"2014": 2, "2018": 2, "2005": 0, "2008": 0, "2011": 0, "2012": 1}, "h5_index": 1}, "percentile": {"computer science": {"2014": 51, "2018": 73, "2005": 20, "2008": 18, "2011": 18, "2012": 18}}, "conference_ranking": {"computer science": {"2014": 2084, "2018": 1146, "2005": 3375, "2008": 3464, "2011": 3479, "2012": 3484}}, "academia": {"num_publications": 41, "num_citations": 3, "publications_years": {"2012": 1, "2013": 0, "2014": 39, "2015": 0, "2016": 0, "2017": 0, "2018": 1}, "old_citations": {"2012": 1, "2013": 0, "2014": 2, "2015": 0, "2016": 0, "2017": 0, "2018": 0}, "num_publications_5y": 1, "num_citations_5y": 0, "num_publications_10y": 41, "num_citations_10y": 3}, "industry": {"num_publications": 0, "num_citations": 0, "publications_years": {}, "old_citations": {}, "num_publications_5y": 0, "num_citations_5y": 0, "num_publications_10y": 0, "num_citations_10y": 0}, "collaborative": {"num_publications": 0, "num_citations": 0, "publications_years": {}, "old_citations": {}, "num_publications_5y": 0, "num_citations_5y": 0, "num_publications_10y": 0, "num_citations_10y": 0}, "conferences": {}, "journals": {}, "organizations": {"publication_overall": ["University of Oxford", "City, University of London", "French Institute for Research in Computer Science and Automation", "Heidelberg University", "Silesian University of Technology", "TU Dresden", "University of Warwick", "Uppsala University", "Complutense University of Madrid", "ETH Zurich", "Federal University of Rio de Janeiro", "French National Centre for Scientific Research", "Friedrich Schiller University Jena", "Imperial College London", "James Hutton Institute", "KU Leuven", "Lahore University of Management Sciences", "Link\u00f6ping University", "Ludwig Maximilian University of Munich", "Moscow Institute of Physics and Technology", "Northern Illinois University", "Paris Dauphine University", "Paul Ehrlich Institut", "Polish Academy of Sciences", "Rice University", "Russian Academy of Sciences", "Siberian Federal University", "Stockholm University", "Sup\u00e9lec", "The Ohio State University", "University of Adelaide", "University of California, Berkeley", "University of Dundee", "University of Exeter", "University of Glasgow", "University of Liverpool", "University of Lorraine", "University of Melbourne", "University of Padua", "University of Western Australia", "Universit\u00e9 Catholique de Louvain", "VU Amsterdam"], "citation_overall": ["University of Padua", "City, University of London", "Complutense University of Madrid", "ETH Zurich", "Federal University of Rio de Janeiro", "French Institute for Research in Computer Science and Automation", "French National Centre for Scientific Research", "Friedrich Schiller University Jena", "Heidelberg University", "Imperial College London", "James Hutton Institute", "KU Leuven", "Lahore University of Management Sciences", "Link\u00f6ping University", "Ludwig Maximilian University of Munich", "Moscow Institute of Physics and Technology", "Northern Illinois University", "Paris Dauphine University", "Paul Ehrlich Institut", "Polish Academy of Sciences", "Rice University", "Russian Academy of Sciences", "Siberian Federal University", "Silesian University of Technology", "Stockholm University", "Sup\u00e9lec", "TU Dresden", "The Ohio State University", "University of Adelaide", "University of California, Berkeley", "University of Dundee", "University of Exeter", "University of Glasgow", "University of Liverpool", "University of Lorraine", "University of Melbourne", "University of Oxford", "University of Warwick", "University of Western Australia", "Universit\u00e9 Catholique de Louvain", "Uppsala University", "VU Amsterdam"], "publication_10_years": ["University of Oxford", "City, University of London", "Heidelberg University", "Silesian University of Technology", "TU Dresden", "University of Warwick", "Uppsala University", "Complutense University of Madrid", "ETH Zurich", "Federal University of Rio de Janeiro", "French Institute for Research in Computer Science and Automation", "French National Centre for Scientific Research", "Friedrich Schiller University Jena", "Imperial College London", "James Hutton Institute", "KU Leuven", "Lahore University of Management Sciences", "Link\u00f6ping University", "Ludwig Maximilian University of Munich", "Moscow Institute of Physics and Technology", "Northern Illinois University", "Paris Dauphine University", "Paul Ehrlich Institut", "Polish Academy of Sciences", "Rice University", "Russian Academy of Sciences", "Siberian Federal University", "Stockholm University", "The Ohio State University", "University of Adelaide", "University of California, Berkeley", "University of Dundee", "University of Exeter", "University of Glasgow", "University of Liverpool", "University of Lorraine", "University of Melbourne", "University of Padua", "University of Western Australia", "Universit\u00e9 Catholique de Louvain", "VU Amsterdam"], "citation_10_years": ["University of Padua", "City, University of London", "Complutense University of Madrid", "ETH Zurich", "Federal University of Rio de Janeiro", "French Institute for Research in Computer Science and Automation", "French National Centre for Scientific Research", "Friedrich Schiller University Jena", "Heidelberg University", "Imperial College London", "James Hutton Institute", "KU Leuven", "Lahore University of Management Sciences", "Link\u00f6ping University", "Ludwig Maximilian University of Munich", "Moscow Institute of Physics and Technology", "Northern Illinois University", "Paris Dauphine University", "Paul Ehrlich Institut", "Polish Academy of Sciences", "Rice University", "Russian Academy of Sciences", "Siberian Federal University", "Silesian University of Technology", "Stockholm University", "TU Dresden", "The Ohio State University", "University of Adelaide", "University of California, Berkeley", "University of Dundee", "University of Exeter", "University of Glasgow", "University of Liverpool", "University of Lorraine", "University of Melbourne", "University of Oxford", "University of Warwick", "University of Western Australia", "Universit\u00e9 Catholique de Louvain", "Uppsala University", "VU Amsterdam"], "publication_5_years": ["University of Melbourne"], "citation_5_years": ["University of Melbourne"]}, "countries": {"publication_overall": ["United Kingdom", "Germany", "France", "Sweden", "United States", "Australia", "Poland", "Belgium", "Russia", "Brazil", "Italy", "Netherlands", "Pakistan", "Spain", "Switzerland"], "citation_overall": ["Italy", "United Kingdom", "Australia", "Belgium", "Brazil", "France", "Germany", "Netherlands", "Pakistan", "Poland", "Russia", "Spain", "Sweden", "Switzerland", "United States"], "publication_10_years": ["United Kingdom", "Germany", "France", "Sweden", "United States", "Australia", "Poland", "Belgium", "Russia", "Brazil", "Italy", "Netherlands", "Pakistan", "Spain", "Switzerland"], "citation_10_years": ["Italy", "United Kingdom", "Australia", "Belgium", "Brazil", "France", "Germany", "Netherlands", "Pakistan", "Poland", "Russia", "Spain", "Sweden", "Switzerland", "United States"], "publication_5_years": ["Australia"], "citation_5_years": ["Australia"]}, "topics": {"publication_overall": ["computer science", "mathematics", "computer systems", "probability", "computer networks", "engineering", "stochastic processes", "artificial intelligence", "correlation analysis", "telecommunication systems", "telecommunication networks", "numerical model", "telecommunication traffic", "computer imaging and vision", "theoretical computer science", "communication systems", "signal processing", "wireless telecommunication systems", "image processing", "network architecture"], "citation_overall": ["computer science", "computer systems", "mathematics", "probability", "bandwidth", "communication", "communication systems", "computer networks", "telecommunication networks", "telecommunication systems", "telecommunication traffic", "wireless telecommunication systems", "artificial intelligence", "evolutionary algorithms", "evolutionary process", "genetic algorithms", "stochastic processes", "antennas", "bit error rate", "brain activity"], "publication_10_years": ["computer science", "mathematics", "computer systems", "probability", "computer networks", "engineering", "stochastic processes", "artificial intelligence", "correlation analysis", "telecommunication systems", "telecommunication networks", "numerical model", "telecommunication traffic", "communication systems", "computer imaging and vision", "signal processing", "theoretical computer science", "wireless telecommunication systems", "network architecture", "stochastic"], "citation_10_years": ["computer science", "computer systems", "mathematics", "probability", "bandwidth", "communication", "communication systems", "computer networks", "telecommunication networks", "telecommunication systems", "telecommunication traffic", "wireless telecommunication systems", "artificial intelligence", "evolutionary algorithms", "evolutionary process", "genetic algorithms", "stochastic processes", "antennas", "bit error rate", "brain activity"], "publication_5_years": ["computer science", "mathematics", "probability", "stochastic processes", "artificial intelligence", "communication", "computer networks", "computer systems", "human computer interaction", "stochastic dynamics", "telecommunication networks", "telecommunication systems", "telecommunication traffic", "user interfaces", "adaptive algorithms", "adaptive control systems", "administrative data processing", "applied mathematics", "asymptotic stability", "augmentative and alternative communication"], "citation_5_years": ["bandwidth", "communication", "communication networks", "communication systems", "computer networks", "computer science", "computer systems", "local area networks", "mathematics", "mesh network", "network architecture", "probability", "routers", "routing algorithms", "stochastic dynamics", "stochastic processes", "telecommunication networks", "telecommunication systems", "telecommunication traffic", "wireless local area networks (wlan)"]}, "main_topics": ["computer science"], "authors": {"publication_overall": ["2320546803", "2792562107", "2893098120", "205832852", "237661239", "318682616", "324140890", "405125416", "424064927", "666164923", "859058238", "1076857839", "1097369710", "1213297321", "1309171752", "1566889479", "1611647598", "1761598273", "1774360753", "1884707443", "1898366314", "1966496991", "1968110966", "1968339796", "1971860330", "1972371135", "1975765587", "1987106804", "1987707326", "1993658114", "1997186170", "2002033685", "2010268704", "2020428204", "2025348784", "2027069229", "2038888374", "2052013336", "2059192791", "2059720231", "2069192544", "2069377079", "2088375146", "2102843089", "2110645842", "2114808525", "2116474015", "2122114627", "2125058004", "2128360318", "2129348211", "2137174618", "2138109836", "2138395482", "2144985292", "2150793875", "2150848074", "2152667973", "2156313109", "2166559991", "2167910322", "2182064902", "2198314183", "2229870300", "2236334814", "2281949700", "2303341532", "2306499175", "2307168105", "2309220001", "2309538131", "2309669111", "2310403740", "2324159937", "2341574692", "2345801959", "2409164484", "2429352549", "2441090456", "2473080656", "2567944053", "2568930659", "2609561830", "2614972954", "2618260411", "2620607207", "2630987010", "2638718770", "2661544285", "2672184745", "2685422665", "2688812719", "2689494595", "2699786923", "2714557701", "2740768971", "2761626575", "2767851284", "2865100531", "2890160474"], "citation_overall": ["859058238", "2002033685", "2167910322", "2740768971", "2320546803", "205832852", "237661239", "318682616", "324140890", "405125416", "424064927", "666164923", "1076857839", "1097369710", "1213297321", "1309171752", "1566889479", "1611647598", "1761598273", "1774360753", "1884707443", "1898366314", "1966496991", "1968110966", "1968339796", "1971860330", "1972371135", "1975765587", "1987106804", "1987707326", "1993658114", "1997186170", "2010268704", "2020428204", "2025348784", "2027069229", "2038888374", "2052013336", "2059192791", "2059720231", "2069192544", "2069377079", "2088375146", "2102843089", "2110645842", "2114808525", "2116474015", "2122114627", "2125058004", "2128360318", "2129348211", "2137174618", "2138109836", "2138395482", "2144985292", "2150793875", "2150848074", "2152667973", "2156313109", "2166559991", "2182064902", "2198314183", "2229870300", "2236334814", "2281949700", "2303341532", "2306499175", "2307168105", "2309220001", "2309538131", "2309669111", "2310403740", "2324159937", "2341574692", "2345801959", "2409164484", "2429352549", "2441090456", "2473080656", "2567944053", "2568930659", "2609561830", "2614972954", "2618260411", "2620607207", "2630987010", "2638718770", "2661544285", "2672184745", "2685422665", "2688812719", "2689494595", "2699786923", "2714557701", "2761626575", "2767851284", "2792562107", "2865100531", "2890160474", "2893098120"], "publication_10_years": ["2320546803", "2792562107", "2893098120", "205832852", "237661239", "318682616", "324140890", "405125416", "424064927", "666164923", "859058238", "1076857839", "1213297321", "1309171752", "1566889479", "1611647598", "1761598273", "1884707443", "1898366314", "1966496991", "1968339796", "1971860330", "1975765587", "1987106804", "2002033685", "2020428204", "2025348784", "2027069229", "2038888374", "2052013336", "2059192791", "2059720231", "2069192544", "2069377079", "2088375146", "2102843089", "2110645842", "2116474015", "2122114627", "2125058004", "2128360318", "2129348211", "2137174618", "2138109836", "2138395482", "2144985292", "2150793875", "2150848074", "2152667973", "2156313109", "2166559991", "2167910322", "2198314183", "2229870300", "2236334814", "2281949700", "2303341532", "2306499175", "2307168105", "2309220001", "2309669111", "2310403740", "2324159937", "2341574692", "2345801959", "2409164484", "2429352549", "2441090456", "2473080656", "2567944053", "2568930659", "2609561830", "2614972954", "2618260411", "2620607207", "2630987010", "2638718770", "2661544285", "2672184745", "2685422665", "2688812719", "2689494595", "2699786923", "2714557701", "2740768971", "2761626575", "2767851284", "2865100531", "2890160474", "2902873092", "2919001548", "2963632427", "3012331272"], "citation_10_years": ["859058238", "2002033685", "2167910322", "2740768971", "2320546803", "205832852", "237661239", "318682616", "324140890", "405125416", "424064927", "666164923", "1076857839", "1213297321", "1309171752", "1566889479", "1611647598", "1761598273", "1884707443", "1898366314", "1966496991", "1968339796", "1971860330", "1975765587", "1987106804", "2020428204", "2025348784", "2027069229", "2038888374", "2052013336", "2059192791", "2059720231", "2069192544", "2069377079", "2088375146", "2102843089", "2110645842", "2116474015", "2122114627", "2125058004", "2128360318", "2129348211", "2137174618", "2138109836", "2138395482", "2144985292", "2150793875", "2150848074", "2152667973", "2156313109", "2166559991", "2198314183", "2229870300", "2236334814", "2281949700", "2303341532", "2306499175", "2307168105", "2309220001", "2309669111", "2310403740", "2324159937", "2341574692", "2345801959", "2409164484", "2429352549", "2441090456", "2473080656", "2567944053", "2568930659", "2609561830", "2614972954", "2618260411", "2620607207", "2630987010", "2638718770", "2661544285", "2672184745", "2685422665", "2688812719", "2689494595", "2699786923", "2714557701", "2761626575", "2767851284", "2792562107", "2865100531", "2890160474", "2893098120", "2902873092", "2919001548", "2963632427", "3012331272"], "publication_5_years": ["2792562107", "2893098120", "2002033685", "2167910322", "2567944053", "2740768971", "2761626575", "2767851284", "2890160474", "2902873092"], "citation_5_years": ["2002033685", "2167910322", "2740768971", "2567944053", "2761626575", "2767851284", "2792562107", "2890160474", "2893098120", "2902873092"]}, "industrial_sectors": {"publication_overall": [], "citation_overall": [], "publication_10_years": [], "citation_10_years": [], "publication_5_years": [], "citation_5_years": []}}