{"name": "IEEE Annual Conference on Power Electronics Specialist", "acronym": "PES", "type": "conference", "uniqueEntities": {"organizations": {"Hanyang University": {"name": "Hanyang University", "type": "organization", "organization_type": "Education", "h_index": 67, "h5_index": 24, "num_publications": 2, "num_citations": 38, "num_publications_5y": 0, "num_citations_5y": 7, "num_publications_10y": 0, "num_citations_10y": 25, "publications_years": {"2003": 2}, "citations_years": {"2006": 3, "2007": 2, "2008": 5, "2009": 3, "2010": 4, "2011": 6, "2012": 3, "2013": 2, "2014": 2, "2015": 1, "2016": 0, "2017": 4, "2018": 0, "2019": 3}, "old_citations": {"2003": 38}, "isVisible": false}, "Kyushu University": {"name": "Kyushu University", "type": "organization", "organization_type": "Education", "h_index": 68, "h5_index": 25, "num_publications": 2, "num_citations": 25, "num_publications_5y": 0, "num_citations_5y": 4, "num_publications_10y": 0, "num_citations_10y": 11, "publications_years": {"2003": 2}, "citations_years": {"2003": 1, "2004": 2, "2005": 4, "2006": 0, "2007": 4, "2008": 3, "2009": 2, "2010": 1, "2011": 1, "2012": 3, "2013": 0, "2014": 4}, "old_citations": {"2003": 25}, "isVisible": false}, "Nanjing University": {"name": "Nanjing University", "type": "organization", "organization_type": "Education", "h_index": 115, "h5_index": 51, "num_publications": 2, "num_citations": 65, "num_publications_5y": 0, "num_citations_5y": 18, "num_publications_10y": 0, "num_citations_10y": 58, "publications_years": {"2003": 2}, "citations_years": {"2005": 1, "2006": 0, "2007": 1, "2008": 4, "2009": 12, "2010": 8, "2011": 5, "2012": 12, "2013": 3, "2014": 7, "2015": 4, "2016": 3, "2017": 2, "2018": 2, "2004": 1}, "old_citations": {"2003": 65}, "isVisible": false}, "Yamaguchi University": {"name": "Yamaguchi University", "type": "organization", "organization_type": "Education", "h_index": 32, "h5_index": 10, "num_publications": 2, "num_citations": 27, "num_publications_5y": 0, "num_citations_5y": 7, "num_publications_10y": 0, "num_citations_10y": 14, "publications_years": {"2003": 2}, "citations_years": {"2003": 3, "2004": 3, "2005": 3, "2006": 0, "2007": 0, "2008": 4, "2009": 0, "2010": 3, "2011": 2, "2012": 0, "2013": 2, "2014": 3, "2015": 3, "2016": 0, "2017": 0, "2018": 1}, "old_citations": {"2003": 27}, "isVisible": false}, "Concordia University": {"name": "Concordia University", "type": "organization", "organization_type": "Education", "h_index": 105, "h5_index": 36, "num_publications": 1, "num_citations": 7, "num_publications_5y": 0, "num_citations_5y": 1, "num_publications_10y": 0, "num_citations_10y": 2, "publications_years": {"2003": 1}, "citations_years": {"2004": 1, "2005": 1, "2006": 1, "2007": 1, "2008": 1, "2009": 0, "2010": 0, "2011": 0, "2012": 1, "2013": 0, "2014": 0, "2015": 0, "2016": 0, "2017": 1}, "old_citations": {"2003": 7}, "isVisible": false}, "Dartmouth College": {"name": "Dartmouth College", "type": "organization", "organization_type": "Education", "h_index": 127, "h5_index": 34, "num_publications": 1, "num_citations": 13, "num_publications_5y": 0, "num_citations_5y": 2, "num_publications_10y": 0, "num_citations_10y": 3, "publications_years": {"2003": 1}, "citations_years": {"2005": 5, "2006": 1, "2007": 2, "2008": 2, "2009": 1, "2010": 0, "2011": 0, "2012": 0, "2013": 0, "2014": 1, "2015": 0, "2016": 1}, "old_citations": {"2003": 13}, "isVisible": false}, "Delft University of Technology": {"name": "Delft University of Technology", "type": "organization", "organization_type": "Education", "h_index": 160, "h5_index": 46, "num_publications": 1, "num_citations": 9, "num_publications_5y": 0, "num_citations_5y": 0, "num_publications_10y": 0, "num_citations_10y": 4, "publications_years": {"2003": 1}, "citations_years": {"2005": 3, "2006": 1, "2007": 1, "2008": 0, "2009": 2, "2010": 0, "2011": 0, "2012": 0, "2013": 2}, "old_citations": {"2003": 9}, "isVisible": false}, "Folkwang University of the Arts": {"name": "Folkwang University of the Arts", "type": "organization", "organization_type": "Education", "h_index": 21, "h5_index": 8, "num_publications": 1, "num_citations": 4, "num_publications_5y": 0, "num_citations_5y": 2, "num_publications_10y": 0, "num_citations_10y": 2, "publications_years": {"2003": 1}, "citations_years": {"2005": 1, "2006": 0, "2007": 0, "2008": 1, "2009": 0, "2010": 0, "2011": 0, "2012": 0, "2013": 0, "2014": 0, "2015": 1, "2016": 0, "2017": 0, "2018": 1}, "old_citations": {"2003": 4}, "isVisible": false}, "French National Centre for Scientific Research": {"name": "French National Centre for Scientific Research", "type": "organization", "organization_type": "Government", "h_index": 177, "h5_index": 44, "num_publications": 1, "num_citations": 10, "num_publications_5y": 0, "num_citations_5y": 0, "num_publications_10y": 0, "num_citations_10y": 3, "publications_years": {"2003": 1}, "citations_years": {"2006": 1, "2007": 3, "2008": 3, "2009": 3}, "old_citations": {"2003": 10}, "isVisible": false}, "I-Shou University": {"name": "I-Shou University", "type": "organization", "organization_type": "Education", "h_index": 48, "h5_index": 7, "num_publications": 1, "num_citations": 13, "num_publications_5y": 0, "num_citations_5y": 0, "num_publications_10y": 0, "num_citations_10y": 7, "publications_years": {"2003": 1}, "citations_years": {"2005": 1, "2006": 2, "2007": 0, "2008": 3, "2009": 2, "2010": 1, "2011": 2, "2012": 1, "2013": 1}, "old_citations": {"2003": 13}, "isVisible": false}, "Instituto de Salud Carlos III": {"name": "Instituto de Salud Carlos III", "type": "organization", "organization_type": "Nonprofit", "h_index": 62, "h5_index": 16, "num_publications": 1, "num_citations": 7, "num_publications_5y": 0, "num_citations_5y": 0, "num_publications_10y": 0, "num_citations_10y": 1, "publications_years": {"2003": 1}, "citations_years": {"2004": 2, "2005": 2, "2006": 0, "2007": 0, "2008": 2, "2009": 1}, "old_citations": {"2003": 7}, "isVisible": false}, "Kumoh National Institute of Technology": {"name": "Kumoh National Institute of Technology", "type": "organization", "organization_type": "Education", "h_index": 25, "h5_index": 14, "num_publications": 1, "num_citations": 4, "num_publications_5y": 0, "num_citations_5y": 0, "num_publications_10y": 0, "num_citations_10y": 2, "publications_years": {"2003": 1}, "citations_years": {"2005": 2, "2006": 0, "2007": 0, "2008": 0, "2009": 0, "2010": 0, "2011": 0, "2012": 1, "2013": 1}, "old_citations": {"2003": 4}, "isVisible": false}, "Nanyang Technological University": {"name": "Nanyang Technological University", "type": "organization", "organization_type": "Education", "h_index": 200, "h5_index": 78, "num_publications": 1, "num_citations": 8, "num_publications_5y": 0, "num_citations_5y": 1, "num_publications_10y": 0, "num_citations_10y": 7, "publications_years": {"2003": 1}, "citations_years": {"2009": 4, "2010": 0, "2011": 1, "2012": 0, "2013": 1, "2014": 0, "2015": 0, "2016": 0, "2017": 1, "2018": 0, "2019": 1}, "old_citations": {"2003": 8}, "isVisible": false}, "Polytechnic University of Turin": {"name": "Polytechnic University of Turin", "type": "organization", "organization_type": "Education", "h_index": 108, "h5_index": 31, "num_publications": 1, "num_citations": 46, "num_publications_5y": 0, "num_citations_5y": 16, "num_publications_10y": 0, "num_citations_10y": 32, "publications_years": {"2003": 1}, "citations_years": {"2004": 2, "2005": 3, "2006": 3, "2007": 0, "2008": 6, "2009": 1, "2010": 3, "2011": 3, "2012": 2, "2013": 7, "2014": 3, "2015": 2, "2016": 4, "2017": 4, "2018": 3}, "old_citations": {"2003": 46}, "isVisible": false}, "TDK (Japan)": {"name": "TDK (Japan)", "type": "organization", "organization_type": "Company", "h_index": 20, "h5_index": 2, "num_publications": 1, "num_citations": 15, "num_publications_5y": 0, "num_citations_5y": 3, "num_publications_10y": 0, "num_citations_10y": 6, "publications_years": {"2003": 1}, "citations_years": {"2003": 1, "2004": 1, "2005": 1, "2006": 0, "2007": 4, "2008": 2, "2009": 1, "2010": 1, "2011": 0, "2012": 1, "2013": 0, "2014": 3}, "old_citations": {"2003": 15}, "isVisible": false}, "Texas A&M University": {"name": "Texas A&M University", "type": "organization", "organization_type": "Education", "h_index": 161, "h5_index": 40, "num_publications": 1, "num_citations": 63, "num_publications_5y": 0, "num_citations_5y": 24, "num_publications_10y": 0, "num_citations_10y": 49, "publications_years": {"2003": 1}, "citations_years": {"2003": 2, "2004": 1, "2005": 3, "2006": 5, "2007": 2, "2008": 0, "2009": 3, "2010": 9, "2011": 4, "2012": 4, "2013": 5, "2014": 6, "2015": 4, "2016": 7, "2017": 5, "2018": 2, "2019": 1}, "old_citations": {"2003": 63}, "isVisible": false}, "Tsinghua University": {"name": "Tsinghua University", "type": "organization", "organization_type": "Education", "h_index": 193, "h5_index": 102, "num_publications": 1, "num_citations": 1, "num_publications_5y": 0, "num_citations_5y": 0, "num_publications_10y": 0, "num_citations_10y": 0, "publications_years": {"2003": 1}, "citations_years": {"2007": 1}, "old_citations": {"2003": 1}, "isVisible": false}, "University of Central Florida": {"name": "University of Central Florida", "type": "organization", "organization_type": "Education", "h_index": 135, "h5_index": 45, "num_publications": 1, "num_citations": 9, "num_publications_5y": 0, "num_citations_5y": 3, "num_publications_10y": 0, "num_citations_10y": 5, "publications_years": {"2003": 1}, "citations_years": {"2004": 1, "2005": 0, "2006": 1, "2007": 2, "2008": 0, "2009": 1, "2010": 1, "2011": 0, "2012": 0, "2013": 0, "2014": 0, "2015": 2, "2016": 1}, "old_citations": {"2003": 9}, "isVisible": false}, "University of Illinois at Urbana Champaign": {"name": "University of Illinois at Urbana Champaign", "type": "organization", "organization_type": "Education", "h_index": 325, "h5_index": 70, "num_publications": 1, "num_citations": 6, "num_publications_5y": 0, "num_citations_5y": 0, "num_publications_10y": 0, "num_citations_10y": 2, "publications_years": {"2003": 1}, "citations_years": {"2004": 2, "2005": 0, "2006": 1, "2007": 1, "2008": 0, "2009": 0, "2010": 1, "2011": 1}, "old_citations": {"2003": 6}, "isVisible": false}, "University of Missouri": {"name": "University of Missouri", "type": "organization", "organization_type": "Education", "h_index": 102, "h5_index": 26, "num_publications": 1, "num_citations": 0, "num_publications_5y": 0, "num_citations_5y": 0, "num_publications_10y": 0, "num_citations_10y": 0, "publications_years": {"2003": 1}, "citations_years": {}, "old_citations": {"2003": 0}, "isVisible": false}, "University of Zielona G\u00f3ra": {"name": "University of Zielona G\u00f3ra", "type": "organization", "organization_type": "Education", "h_index": 25, "h5_index": 9, "num_publications": 1, "num_citations": 17, "num_publications_5y": 0, "num_citations_5y": 2, "num_publications_10y": 0, "num_citations_10y": 11, "publications_years": {"2003": 1}, "citations_years": {"2004": 2, "2005": 0, "2006": 0, "2007": 1, "2008": 3, "2009": 1, "2010": 0, "2011": 2, "2012": 4, "2013": 2, "2014": 1, "2015": 0, "2016": 0, "2017": 0, "2018": 1}, "old_citations": {"2003": 17}, "isVisible": false}, "Valparaiso University": {"name": "Valparaiso University", "type": "organization", "organization_type": "Education", "h_index": 37, "h5_index": 15, "num_publications": 1, "num_citations": 4, "num_publications_5y": 0, "num_citations_5y": 2, "num_publications_10y": 0, "num_citations_10y": 2, "publications_years": {"2003": 1}, "citations_years": {"2005": 1, "2006": 0, "2007": 0, "2008": 1, "2009": 0, "2010": 0, "2011": 0, "2012": 0, "2013": 0, "2014": 0, "2015": 1, "2016": 0, "2017": 0, "2018": 1}, "old_citations": {"2003": 4}, "isVisible": false}, "Xi'an Jiaotong University": {"name": "Xi'an Jiaotong University", "type": "organization", "organization_type": "Education", "h_index": 108, "h5_index": 57, "num_publications": 1, "num_citations": 10, "num_publications_5y": 0, "num_citations_5y": 0, "num_publications_10y": 0, "num_citations_10y": 7, "publications_years": {"2003": 1}, "citations_years": {"2007": 1, "2008": 2, "2009": 1, "2010": 2, "2011": 2, "2012": 0, "2013": 2}, "old_citations": {"2003": 10}, "isVisible": false}}, "topics": {"computer science": {"name": "computer science", "type": "topic", "h_index": 1779, "h5_index": 416, "num_publications": 36, "num_citations": 588, "num_publications_5y": 0, "num_citations_5y": 150, "num_publications_10y": 0, "num_citations_10y": 382, "publications_years": {"2003": 36}, "citations_years": {"2004": 21, "2005": 46, "2006": 33, "2007": 36, "2008": 53, "2009": 51, "2010": 47, "2011": 41, "2012": 50, "2013": 43, "2014": 42, "2015": 31, "2016": 36, "2017": 28, "2018": 13, "2019": 10, "2003": 7}, "old_citations": {"2003": 588}, "isVisible": false}, "computer systems": {"name": "computer systems", "type": "topic", "h_index": 1595, "h5_index": 367, "num_publications": 30, "num_citations": 533, "num_publications_5y": 0, "num_citations_5y": 133, "num_publications_10y": 0, "num_citations_10y": 347, "publications_years": {"2003": 30}, "citations_years": {"2004": 17, "2005": 40, "2006": 30, "2007": 36, "2008": 47, "2009": 48, "2010": 41, "2011": 37, "2012": 48, "2013": 40, "2014": 38, "2015": 22, "2016": 35, "2017": 27, "2018": 11, "2019": 10, "2003": 6}, "old_citations": {"2003": 533}, "isVisible": false}, "computer networks": {"name": "computer networks", "type": "topic", "h_index": 1262, "h5_index": 332, "num_publications": 27, "num_citations": 508, "num_publications_5y": 0, "num_citations_5y": 136, "num_publications_10y": 0, "num_citations_10y": 341, "publications_years": {"2003": 27}, "citations_years": {"2004": 17, "2005": 35, "2006": 26, "2007": 31, "2008": 42, "2009": 45, "2010": 41, "2011": 35, "2012": 44, "2013": 40, "2014": 40, "2015": 25, "2016": 34, "2017": 26, "2018": 11, "2019": 9, "2003": 7}, "old_citations": {"2003": 508}, "isVisible": false}, "mathematics": {"name": "mathematics", "type": "topic", "h_index": 1364, "h5_index": 300, "num_publications": 27, "num_citations": 500, "num_publications_5y": 0, "num_citations_5y": 140, "num_publications_10y": 0, "num_citations_10y": 341, "publications_years": {"2003": 27}, "citations_years": {"2004": 17, "2005": 31, "2006": 27, "2007": 25, "2008": 44, "2009": 40, "2010": 44, "2011": 38, "2012": 42, "2013": 37, "2014": 36, "2015": 31, "2016": 35, "2017": 26, "2018": 12, "2019": 9, "2003": 6}, "old_citations": {"2003": 500}, "isVisible": false}, "computer hardware": {"name": "computer hardware", "type": "topic", "h_index": 1150, "h5_index": 279, "num_publications": 23, "num_citations": 383, "num_publications_5y": 0, "num_citations_5y": 96, "num_publications_10y": 0, "num_citations_10y": 250, "publications_years": {"2003": 23}, "citations_years": {"2004": 11, "2005": 35, "2006": 23, "2007": 22, "2008": 30, "2009": 34, "2010": 32, "2011": 26, "2012": 33, "2013": 29, "2014": 25, "2015": 17, "2016": 27, "2017": 21, "2018": 6, "2019": 9, "2003": 3}, "old_citations": {"2003": 383}, "isVisible": false}, "engineering": {"name": "engineering", "type": "topic", "h_index": 1177, "h5_index": 287, "num_publications": 21, "num_citations": 240, "num_publications_5y": 0, "num_citations_5y": 44, "num_publications_10y": 0, "num_citations_10y": 161, "publications_years": {"2003": 21}, "citations_years": {"2004": 12, "2005": 13, "2006": 6, "2007": 15, "2008": 26, "2009": 31, "2010": 24, "2011": 22, "2012": 25, "2013": 15, "2014": 15, "2015": 10, "2016": 6, "2017": 8, "2018": 5, "2003": 3, "2019": 4}, "old_citations": {"2003": 240}, "isVisible": false}, "telecommunication systems": {"name": "telecommunication systems", "type": "topic", "h_index": 1187, "h5_index": 277, "num_publications": 21, "num_citations": 438, "num_publications_5y": 0, "num_citations_5y": 122, "num_publications_10y": 0, "num_citations_10y": 306, "publications_years": {"2003": 21}, "citations_years": {"2004": 11, "2005": 29, "2006": 26, "2007": 24, "2008": 32, "2009": 41, "2010": 34, "2011": 30, "2012": 42, "2013": 37, "2014": 33, "2015": 22, "2016": 34, "2017": 23, "2018": 10, "2019": 7, "2003": 3}, "old_citations": {"2003": 438}, "isVisible": false}, "matrix algebra": {"name": "matrix algebra", "type": "topic", "h_index": 771, "h5_index": 183, "num_publications": 19, "num_citations": 336, "num_publications_5y": 0, "num_citations_5y": 91, "num_publications_10y": 0, "num_citations_10y": 233, "publications_years": {"2003": 19}, "citations_years": {"2005": 17, "2006": 17, "2007": 20, "2008": 29, "2009": 32, "2010": 29, "2011": 27, "2012": 32, "2013": 22, "2014": 26, "2015": 23, "2016": 20, "2017": 16, "2018": 6, "2019": 7, "2004": 9, "2003": 4}, "old_citations": {"2003": 336}, "isVisible": false}, "communication systems": {"name": "communication systems", "type": "topic", "h_index": 1092, "h5_index": 254, "num_publications": 17, "num_citations": 357, "num_publications_5y": 0, "num_citations_5y": 104, "num_publications_10y": 0, "num_citations_10y": 252, "publications_years": {"2003": 17}, "citations_years": {"2004": 7, "2005": 20, "2006": 22, "2007": 23, "2008": 23, "2009": 34, "2010": 29, "2011": 26, "2012": 33, "2013": 26, "2014": 28, "2015": 20, "2016": 30, "2017": 19, "2018": 7, "2019": 7, "2003": 3}, "old_citations": {"2003": 357}, "isVisible": false}, "linear matrix inequalities": {"name": "linear matrix inequalities", "type": "topic", "h_index": 571, "h5_index": 144, "num_publications": 17, "num_citations": 325, "num_publications_5y": 0, "num_citations_5y": 91, "num_publications_10y": 0, "num_citations_10y": 229, "publications_years": {"2003": 17}, "citations_years": {"2005": 16, "2006": 16, "2007": 17, "2008": 29, "2009": 32, "2010": 27, "2011": 25, "2012": 32, "2013": 22, "2014": 26, "2015": 23, "2016": 20, "2017": 16, "2018": 6, "2019": 7, "2004": 7, "2003": 4}, "old_citations": {"2003": 325}, "isVisible": false}, "wireless telecommunication systems": {"name": "wireless telecommunication systems", "type": "topic", "h_index": 1087, "h5_index": 254, "num_publications": 17, "num_citations": 357, "num_publications_5y": 0, "num_citations_5y": 104, "num_publications_10y": 0, "num_citations_10y": 252, "publications_years": {"2003": 17}, "citations_years": {"2004": 7, "2005": 20, "2006": 22, "2007": 23, "2008": 23, "2009": 34, "2010": 29, "2011": 26, "2012": 33, "2013": 26, "2014": 28, "2015": 20, "2016": 30, "2017": 19, "2018": 7, "2019": 7, "2003": 3}, "old_citations": {"2003": 357}, "isVisible": false}, "signal processing": {"name": "signal processing", "type": "topic", "h_index": 1012, "h5_index": 255, "num_publications": 16, "num_citations": 192, "num_publications_5y": 0, "num_citations_5y": 40, "num_publications_10y": 0, "num_citations_10y": 135, "publications_years": {"2003": 16}, "citations_years": {"2004": 9, "2005": 9, "2006": 4, "2007": 13, "2008": 18, "2009": 25, "2010": 20, "2011": 17, "2012": 20, "2013": 13, "2014": 14, "2015": 10, "2016": 5, "2017": 7, "2018": 4, "2019": 3, "2003": 1}, "old_citations": {"2003": 192}, "isVisible": false}, "switching control": {"name": "switching control", "type": "topic", "h_index": 280, "h5_index": 62, "num_publications": 15, "num_citations": 256, "num_publications_5y": 0, "num_citations_5y": 70, "num_publications_10y": 0, "num_citations_10y": 170, "publications_years": {"2003": 15}, "citations_years": {"2005": 15, "2006": 16, "2007": 14, "2008": 25, "2009": 21, "2010": 18, "2011": 17, "2012": 24, "2013": 20, "2014": 19, "2015": 19, "2016": 17, "2017": 11, "2018": 4, "2019": 5, "2004": 7, "2003": 4}, "old_citations": {"2003": 256}, "isVisible": false}, "switching systems": {"name": "switching systems", "type": "topic", "h_index": 292, "h5_index": 67, "num_publications": 15, "num_citations": 256, "num_publications_5y": 0, "num_citations_5y": 70, "num_publications_10y": 0, "num_citations_10y": 170, "publications_years": {"2003": 15}, "citations_years": {"2005": 15, "2006": 16, "2007": 14, "2008": 25, "2009": 21, "2010": 18, "2011": 17, "2012": 24, "2013": 20, "2014": 19, "2015": 19, "2016": 17, "2017": 11, "2018": 4, "2019": 5, "2004": 7, "2003": 4}, "old_citations": {"2003": 256}, "isVisible": false}, "sensors": {"name": "sensors", "type": "topic", "h_index": 960, "h5_index": 229, "num_publications": 14, "num_citations": 304, "num_publications_5y": 0, "num_citations_5y": 91, "num_publications_10y": 0, "num_citations_10y": 205, "publications_years": {"2003": 14}, "citations_years": {"2004": 5, "2005": 25, "2006": 18, "2007": 20, "2008": 19, "2009": 24, "2010": 22, "2011": 21, "2012": 24, "2013": 23, "2014": 23, "2015": 16, "2016": 27, "2017": 20, "2018": 5, "2019": 9, "2003": 3}, "old_citations": {"2003": 304}, "isVisible": false}, "bandwidth": {"name": "bandwidth", "type": "topic", "h_index": 922, "h5_index": 201, "num_publications": 12, "num_citations": 195, "num_publications_5y": 0, "num_citations_5y": 46, "num_publications_10y": 0, "num_citations_10y": 132, "publications_years": {"2003": 12}, "citations_years": {"2005": 9, "2006": 10, "2007": 16, "2008": 20, "2009": 20, "2010": 21, "2011": 17, "2012": 14, "2013": 14, "2004": 4, "2014": 14, "2015": 9, "2016": 8, "2017": 10, "2018": 5, "2003": 1, "2019": 3}, "old_citations": {"2003": 195}, "isVisible": false}, "fiber optic networks": {"name": "fiber optic networks", "type": "topic", "h_index": 431, "h5_index": 112, "num_publications": 10, "num_citations": 259, "num_publications_5y": 0, "num_citations_5y": 82, "num_publications_10y": 0, "num_citations_10y": 180, "publications_years": {"2003": 10}, "citations_years": {"2005": 20, "2006": 19, "2007": 16, "2008": 12, "2009": 21, "2010": 18, "2011": 17, "2012": 21, "2013": 21, "2014": 21, "2015": 16, "2016": 25, "2017": 16, "2018": 4, "2019": 7, "2004": 2, "2003": 3}, "old_citations": {"2003": 259}, "isVisible": false}, "microprocessor chips": {"name": "microprocessor chips", "type": "topic", "h_index": 744, "h5_index": 175, "num_publications": 10, "num_citations": 142, "num_publications_5y": 0, "num_citations_5y": 50, "num_publications_10y": 0, "num_citations_10y": 107, "publications_years": {"2003": 10}, "citations_years": {"2005": 10, "2006": 3, "2007": 2, "2008": 11, "2009": 9, "2010": 14, "2011": 7, "2012": 14, "2013": 13, "2014": 14, "2015": 10, "2016": 15, "2017": 8, "2018": 3, "2019": 3, "2004": 6}, "old_citations": {"2003": 142}, "isVisible": false}, "network topology": {"name": "network topology", "type": "topic", "h_index": 375, "h5_index": 79, "num_publications": 10, "num_citations": 257, "num_publications_5y": 0, "num_citations_5y": 78, "num_publications_10y": 0, "num_citations_10y": 184, "publications_years": {"2003": 10}, "citations_years": {"2005": 18, "2006": 10, "2007": 11, "2008": 18, "2009": 26, "2010": 18, "2011": 16, "2012": 28, "2013": 18, "2014": 24, "2015": 18, "2016": 20, "2017": 11, "2018": 5, "2019": 4, "2004": 8, "2003": 4}, "old_citations": {"2003": 257}, "isVisible": false}, "robotics": {"name": "robotics", "type": "topic", "h_index": 677, "h5_index": 171, "num_publications": 10, "num_citations": 151, "num_publications_5y": 0, "num_citations_5y": 40, "num_publications_10y": 0, "num_citations_10y": 97, "publications_years": {"2003": 10}, "citations_years": {"2004": 8, "2005": 8, "2006": 8, "2007": 9, "2008": 16, "2009": 9, "2010": 13, "2011": 12, "2012": 12, "2013": 11, "2014": 10, "2015": 7, "2016": 7, "2017": 11, "2018": 5, "2003": 1, "2019": 4}, "old_citations": {"2003": 151}, "isVisible": false}, "optical fibers": {"name": "optical fibers", "type": "topic", "h_index": 457, "h5_index": 111, "num_publications": 9, "num_citations": 253, "num_publications_5y": 0, "num_citations_5y": 77, "num_publications_10y": 0, "num_citations_10y": 166, "publications_years": {"2003": 9}, "citations_years": {"2005": 25, "2006": 18, "2007": 16, "2008": 16, "2009": 19, "2010": 16, "2011": 15, "2012": 19, "2013": 20, "2014": 20, "2015": 13, "2016": 24, "2017": 16, "2018": 4, "2019": 6, "2003": 3, "2004": 3}, "old_citations": {"2003": 253}, "isVisible": false}, "optical materials": {"name": "optical materials", "type": "topic", "h_index": 363, "h5_index": 93, "num_publications": 9, "num_citations": 253, "num_publications_5y": 0, "num_citations_5y": 77, "num_publications_10y": 0, "num_citations_10y": 166, "publications_years": {"2003": 9}, "citations_years": {"2005": 25, "2006": 18, "2007": 16, "2008": 16, "2009": 19, "2010": 16, "2011": 15, "2012": 19, "2013": 20, "2014": 20, "2015": 13, "2016": 24, "2017": 16, "2018": 4, "2019": 6, "2003": 3, "2004": 3}, "old_citations": {"2003": 253}, "isVisible": false}, "pulsed laser applications": {"name": "pulsed laser applications", "type": "topic", "h_index": 273, "h5_index": 59, "num_publications": 9, "num_citations": 253, "num_publications_5y": 0, "num_citations_5y": 77, "num_publications_10y": 0, "num_citations_10y": 166, "publications_years": {"2003": 9}, "citations_years": {"2005": 25, "2006": 18, "2007": 16, "2008": 16, "2009": 19, "2010": 16, "2011": 15, "2012": 19, "2013": 20, "2014": 20, "2015": 13, "2016": 24, "2017": 16, "2018": 4, "2019": 6, "2003": 3, "2004": 3}, "old_citations": {"2003": 253}, "isVisible": false}, "fiber lasers": {"name": "fiber lasers", "type": "topic", "h_index": 274, "h5_index": 64, "num_publications": 7, "num_citations": 228, "num_publications_5y": 0, "num_citations_5y": 76, "num_publications_10y": 0, "num_citations_10y": 162, "publications_years": {"2003": 7}, "citations_years": {"2005": 18, "2006": 15, "2007": 14, "2008": 9, "2009": 19, "2010": 16, "2011": 14, "2012": 18, "2013": 19, "2014": 20, "2015": 13, "2016": 24, "2017": 15, "2018": 4, "2019": 6, "2003": 3, "2004": 1}, "old_citations": {"2003": 228}, "isVisible": false}}, "authors": {"2132229325": {"name": "mutsuo nakaoka", "type": "author", "activity": 19, "h_index": 8, "h5_index": 0, "mag_id": "2132229325", "num_publications": 3, "num_citations": 27, "num_publications_5y": 0, "num_citations_5y": 7, "num_publications_10y": 0, "num_citations_10y": 14, "publications_years": {"2003": 3}, "citations_years": {"2003": 3, "2004": 3, "2005": 3, "2006": 0, "2007": 0, "2008": 4, "2009": 0, "2010": 3, "2011": 2, "2012": 0, "2013": 2, "2014": 3, "2015": 3, "2016": 0, "2017": 0, "2018": 1}, "old_citations": {"2003": 27}, "isVisible": false}, "2078687290": {"name": "dongseok hyun", "type": "author", "activity": 23, "h_index": 7, "h5_index": 0, "mag_id": "2078687290", "num_publications": 2, "num_citations": 38, "num_publications_5y": 0, "num_citations_5y": 7, "num_publications_10y": 0, "num_citations_10y": 25, "publications_years": {"2003": 2}, "citations_years": {"2006": 3, "2007": 2, "2008": 5, "2009": 3, "2010": 4, "2011": 6, "2012": 3, "2013": 2, "2014": 2, "2015": 1, "2016": 0, "2017": 4, "2018": 0, "2019": 3}, "old_citations": {"2003": 38}, "isVisible": false}, "2145468365": {"name": "sungchan ahn", "type": "author", "activity": 7, "h_index": 3, "h5_index": 0, "mag_id": "2145468365", "num_publications": 2, "num_citations": 38, "num_publications_5y": 0, "num_citations_5y": 7, "num_publications_10y": 0, "num_citations_10y": 25, "publications_years": {"2003": 2}, "citations_years": {"2006": 3, "2007": 2, "2008": 5, "2009": 3, "2010": 4, "2011": 6, "2012": 3, "2013": 2, "2014": 2, "2015": 1, "2016": 0, "2017": 4, "2018": 0, "2019": 3}, "old_citations": {"2003": 38}, "isVisible": false}, "2505057009": {"name": "taesung kim", "type": "author", "activity": 5, "h_index": 3, "h5_index": 0, "mag_id": "2505057009", "num_publications": 2, "num_citations": 38, "num_publications_5y": 0, "num_citations_5y": 7, "num_publications_10y": 0, "num_citations_10y": 25, "publications_years": {"2003": 2}, "citations_years": {"2006": 3, "2007": 2, "2008": 5, "2009": 3, "2010": 4, "2011": 6, "2012": 3, "2013": 2, "2014": 2, "2015": 1, "2016": 0, "2017": 4, "2018": 0, "2019": 3}, "old_citations": {"2003": 38}, "isVisible": false}, "98607083": {"name": "tomonobu senjyu", "type": "author", "activity": 27, "h_index": 13, "h5_index": 6, "mag_id": "98607083", "num_publications": 1, "num_citations": 4, "num_publications_5y": 0, "num_citations_5y": 4, "num_publications_10y": 0, "num_citations_10y": 4, "publications_years": {"2003": 1}, "citations_years": {"2014": 1, "2015": 3}, "old_citations": {"2003": 4}, "isVisible": false}, "154023052": {"name": "katsumi uezato", "type": "author", "activity": 12, "h_index": 11, "h5_index": 0, "mag_id": "154023052", "num_publications": 1, "num_citations": 4, "num_publications_5y": 0, "num_citations_5y": 4, "num_publications_10y": 0, "num_citations_10y": 4, "publications_years": {"2003": 1}, "citations_years": {"2014": 1, "2015": 3}, "old_citations": {"2003": 4}, "isVisible": false}, "212474694": {"name": "wang zanji", "type": "author", "activity": 13, "h_index": 4, "h5_index": 0, "mag_id": "212474694", "num_publications": 1, "num_citations": 1, "num_publications_5y": 0, "num_citations_5y": 0, "num_publications_10y": 0, "num_citations_10y": 0, "publications_years": {"2003": 1}, "citations_years": {"2007": 1}, "old_citations": {"2003": 1}, "isVisible": false}, "253875730": {"name": "naomitsu urasaki", "type": "author", "activity": 16, "h_index": 4, "h5_index": 0, "mag_id": "253875730", "num_publications": 1, "num_citations": 4, "num_publications_5y": 0, "num_citations_5y": 4, "num_publications_10y": 0, "num_citations_10y": 4, "publications_years": {"2003": 1}, "citations_years": {"2014": 1, "2015": 3}, "old_citations": {"2003": 4}, "isVisible": false}, "304149158": {"name": "a kempski", "type": "author", "activity": 14, "h_index": 2, "h5_index": 0, "mag_id": "304149158", "num_publications": 1, "num_citations": 17, "num_publications_5y": 0, "num_citations_5y": 2, "num_publications_10y": 0, "num_citations_10y": 11, "publications_years": {"2003": 1}, "citations_years": {"2004": 2, "2005": 0, "2006": 0, "2007": 1, "2008": 3, "2009": 1, "2010": 0, "2011": 2, "2012": 4, "2013": 2, "2014": 1, "2015": 0, "2016": 0, "2017": 0, "2018": 1}, "old_citations": {"2003": 17}, "isVisible": false}, "661554572": {"name": "steven d pekarek", "type": "author", "activity": 24, "h_index": 11, "h5_index": 1, "mag_id": "661554572", "num_publications": 1, "num_citations": 0, "num_publications_5y": 0, "num_citations_5y": 0, "num_publications_10y": 0, "num_citations_10y": 0, "publications_years": {"2003": 1}, "citations_years": {}, "old_citations": {"2003": 0}, "isVisible": false}, "1175203240": {"name": "g benysek", "type": "author", "activity": 17, "h_index": 3, "h5_index": 0, "mag_id": "1175203240", "num_publications": 1, "num_citations": 17, "num_publications_5y": 0, "num_citations_5y": 2, "num_publications_10y": 0, "num_citations_10y": 11, "publications_years": {"2003": 1}, "citations_years": {"2004": 2, "2005": 0, "2006": 0, "2007": 1, "2008": 3, "2009": 1, "2010": 0, "2011": 2, "2012": 4, "2013": 2, "2014": 1, "2015": 0, "2016": 0, "2017": 0, "2018": 1}, "old_citations": {"2003": 17}, "isVisible": false}, "1616826797": {"name": "masahito shoyama", "type": "author", "activity": 25, "h_index": 5, "h5_index": 2, "mag_id": "1616826797", "num_publications": 1, "num_citations": 10, "num_publications_5y": 0, "num_citations_5y": 1, "num_publications_10y": 0, "num_citations_10y": 5, "publications_years": {"2003": 1}, "citations_years": {"2004": 1, "2005": 3, "2006": 0, "2007": 0, "2008": 1, "2009": 1, "2010": 0, "2011": 1, "2012": 2, "2013": 0, "2014": 1}, "old_citations": {"2003": 10}, "isVisible": false}, "1832197716": {"name": "oleg wasynczuk", "type": "author", "activity": 21, "h_index": 7, "h5_index": 0, "mag_id": "1832197716", "num_publications": 1, "num_citations": 0, "num_publications_5y": 0, "num_citations_5y": 0, "num_publications_10y": 0, "num_citations_10y": 0, "publications_years": {"2003": 1}, "citations_years": {}, "old_citations": {"2003": 0}, "isVisible": false}, "1885005392": {"name": "chen jianye", "type": "author", "activity": 10, "h_index": 2, "h5_index": 0, "mag_id": "1885005392", "num_publications": 1, "num_citations": 1, "num_publications_5y": 0, "num_citations_5y": 0, "num_publications_10y": 0, "num_citations_10y": 0, "publications_years": {"2003": 1}, "citations_years": {"2007": 1}, "old_citations": {"2003": 1}, "isVisible": false}, "1892796201": {"name": "frederic richardeau", "type": "author", "activity": 17, "h_index": 3, "h5_index": 1, "mag_id": "1892796201", "num_publications": 1, "num_citations": 10, "num_publications_5y": 0, "num_citations_5y": 0, "num_publications_10y": 0, "num_citations_10y": 3, "publications_years": {"2003": 1}, "citations_years": {"2006": 1, "2007": 3, "2008": 3, "2009": 3}, "old_citations": {"2003": 10}, "isVisible": false}, "1986447732": {"name": "p n enjeti", "type": "author", "activity": 31, "h_index": 8, "h5_index": 3, "mag_id": "1986447732", "num_publications": 1, "num_citations": 63, "num_publications_5y": 0, "num_citations_5y": 24, "num_publications_10y": 0, "num_citations_10y": 49, "publications_years": {"2003": 1}, "citations_years": {"2003": 2, "2004": 1, "2005": 3, "2006": 5, "2007": 2, "2008": 0, "2009": 3, "2010": 9, "2011": 4, "2012": 4, "2013": 5, "2014": 6, "2015": 4, "2016": 7, "2017": 5, "2018": 2, "2019": 1}, "old_citations": {"2003": 63}, "isVisible": false}, "2003474401": {"name": "k rustom", "type": "author", "activity": 2, "h_index": 2, "h5_index": 0, "mag_id": "2003474401", "num_publications": 1, "num_citations": 9, "num_publications_5y": 0, "num_citations_5y": 3, "num_publications_10y": 0, "num_citations_10y": 5, "publications_years": {"2003": 1}, "citations_years": {"2004": 1, "2005": 0, "2006": 1, "2007": 2, "2008": 0, "2009": 1, "2010": 1, "2011": 0, "2012": 0, "2013": 0, "2014": 0, "2015": 2, "2016": 1}, "old_citations": {"2003": 9}, "isVisible": false}, "2007691347": {"name": "henri foch", "type": "author", "activity": 1, "h_index": 1, "h5_index": 0, "mag_id": "2007691347", "num_publications": 1, "num_citations": 10, "num_publications_5y": 0, "num_citations_5y": 0, "num_publications_10y": 0, "num_citations_10y": 3, "publications_years": {"2003": 1}, "citations_years": {"2006": 1, "2007": 3, "2008": 3, "2009": 3}, "old_citations": {"2003": 10}, "isVisible": false}, "2013919721": {"name": "eddy aeloiza", "type": "author", "activity": 16, "h_index": 3, "h5_index": 2, "mag_id": "2013919721", "num_publications": 1, "num_citations": 63, "num_publications_5y": 0, "num_citations_5y": 24, "num_publications_10y": 0, "num_citations_10y": 49, "publications_years": {"2003": 1}, "citations_years": {"2003": 2, "2004": 1, "2005": 3, "2006": 5, "2007": 2, "2008": 0, "2009": 3, "2010": 9, "2011": 4, "2012": 4, "2013": 5, "2014": 6, "2015": 4, "2016": 7, "2017": 5, "2018": 2, "2019": 1}, "old_citations": {"2003": 63}, "isVisible": false}, "2014290859": {"name": "manabu ishitobi", "type": "author", "activity": 1, "h_index": 1, "h5_index": 0, "mag_id": "2014290859", "num_publications": 1, "num_citations": 6, "num_publications_5y": 0, "num_citations_5y": 0, "num_publications_10y": 0, "num_citations_10y": 0, "publications_years": {"2003": 1}, "citations_years": {"2003": 2, "2004": 1, "2005": 1, "2006": 0, "2007": 0, "2008": 2}, "old_citations": {"2003": 6}, "isVisible": false}, "2019601011": {"name": "j pontt", "type": "author", "activity": 17, "h_index": 4, "h5_index": 0, "mag_id": "2019601011", "num_publications": 1, "num_citations": 4, "num_publications_5y": 0, "num_citations_5y": 2, "num_publications_10y": 0, "num_citations_10y": 2, "publications_years": {"2003": 1}, "citations_years": {"2005": 1, "2006": 0, "2007": 0, "2008": 1, "2009": 0, "2010": 0, "2011": 0, "2012": 0, "2013": 0, "2014": 0, "2015": 1, "2016": 0, "2017": 0, "2018": 1}, "old_citations": {"2003": 4}, "isVisible": false}, "2046831020": {"name": "f profumo", "type": "author", "activity": 29, "h_index": 9, "h5_index": 2, "mag_id": "2046831020", "num_publications": 1, "num_citations": 46, "num_publications_5y": 0, "num_citations_5y": 16, "num_publications_10y": 0, "num_citations_10y": 32, "publications_years": {"2003": 1}, "citations_years": {"2004": 2, "2005": 3, "2006": 3, "2007": 0, "2008": 6, "2009": 1, "2010": 3, "2011": 3, "2012": 2, "2013": 7, "2014": 3, "2015": 2, "2016": 4, "2017": 4, "2018": 3}, "old_citations": {"2003": 46}, "isVisible": false}, "2062456341": {"name": "zhao dongyuan", "type": "author", "activity": 3, "h_index": 1, "h5_index": 0, "mag_id": "2062456341", "num_publications": 1, "num_citations": 1, "num_publications_5y": 0, "num_citations_5y": 0, "num_publications_10y": 0, "num_citations_10y": 0, "publications_years": {"2003": 1}, "citations_years": {"2007": 1}, "old_citations": {"2003": 1}, "isVisible": false}, "2063300140": {"name": "h tuusa", "type": "author", "activity": 9, "h_index": 3, "h5_index": 0, "mag_id": "2063300140", "num_publications": 1, "num_citations": 22, "num_publications_5y": 0, "num_citations_5y": 4, "num_publications_10y": 0, "num_citations_10y": 18, "publications_years": {"2003": 1}, "citations_years": {"2007": 2, "2008": 1, "2009": 3, "2010": 3, "2011": 3, "2012": 4, "2013": 1, "2014": 1, "2015": 0, "2016": 1, "2017": 1, "2018": 1, "2019": 1}, "old_citations": {"2003": 22}, "isVisible": false}, "2065081339": {"name": "yu xinjie", "type": "author", "activity": 5, "h_index": 1, "h5_index": 0, "mag_id": "2065081339", "num_publications": 1, "num_citations": 1, "num_publications_5y": 0, "num_citations_5y": 0, "num_publications_10y": 0, "num_citations_10y": 0, "publications_years": {"2003": 1}, "citations_years": {"2007": 1}, "old_citations": {"2003": 1}, "isVisible": false}, "2069831376": {"name": "yukihiko okamura", "type": "author", "activity": 11, "h_index": 1, "h5_index": 0, "mag_id": "2069831376", "num_publications": 1, "num_citations": 0, "num_publications_5y": 0, "num_citations_5y": 0, "num_publications_10y": 0, "num_citations_10y": 0, "publications_years": {"2003": 1}, "citations_years": {}, "old_citations": {"2003": 0}, "isVisible": false}, "2079700792": {"name": "e olias", "type": "author", "activity": 10, "h_index": 2, "h5_index": 0, "mag_id": "2079700792", "num_publications": 1, "num_citations": 7, "num_publications_5y": 0, "num_citations_5y": 0, "num_publications_10y": 0, "num_citations_10y": 1, "publications_years": {"2003": 1}, "citations_years": {"2004": 2, "2005": 2, "2006": 0, "2007": 0, "2008": 2, "2009": 1}, "old_citations": {"2003": 7}, "isVisible": false}, "2081479045": {"name": "juri jatskevich", "type": "author", "activity": 21, "h_index": 12, "h5_index": 2, "mag_id": "2081479045", "num_publications": 1, "num_citations": 0, "num_publications_5y": 0, "num_citations_5y": 0, "num_publications_10y": 0, "num_citations_10y": 0, "publications_years": {"2003": 1}, "citations_years": {}, "old_citations": {"2003": 0}, "isVisible": false}, "2091804408": {"name": "a tenconi", "type": "author", "activity": 23, "h_index": 8, "h5_index": 0, "mag_id": "2091804408", "num_publications": 1, "num_citations": 46, "num_publications_5y": 0, "num_citations_5y": 16, "num_publications_10y": 0, "num_citations_10y": 32, "publications_years": {"2003": 1}, "citations_years": {"2004": 2, "2005": 3, "2006": 3, "2007": 0, "2008": 6, "2009": 1, "2010": 3, "2011": 3, "2012": 2, "2013": 7, "2014": 3, "2015": 2, "2016": 4, "2017": 4, "2018": 3}, "old_citations": {"2003": 46}, "isVisible": false}, "2096463319": {"name": "l gamage", "type": "author", "activity": 1, "h_index": 1, "h5_index": 0, "mag_id": "2096463319", "num_publications": 1, "num_citations": 6, "num_publications_5y": 0, "num_citations_5y": 0, "num_publications_10y": 0, "num_citations_10y": 0, "publications_years": {"2003": 1}, "citations_years": {"2003": 2, "2004": 1, "2005": 1, "2006": 0, "2007": 0, "2008": 2}, "old_citations": {"2003": 6}, "isVisible": false}, "2097788790": {"name": "s buso", "type": "author", "activity": 23, "h_index": 6, "h5_index": 0, "mag_id": "2097788790", "num_publications": 1, "num_citations": 6, "num_publications_5y": 0, "num_citations_5y": 0, "num_publications_10y": 0, "num_citations_10y": 0, "publications_years": {"2003": 1}, "citations_years": {"2004": 1, "2005": 1, "2006": 2, "2007": 2}, "old_citations": {"2003": 6}, "isVisible": false}, "2100590599": {"name": "c aguilar", "type": "author", "activity": 19, "h_index": 3, "h5_index": 1, "mag_id": "2100590599", "num_publications": 1, "num_citations": 54, "num_publications_5y": 0, "num_citations_5y": 4, "num_publications_10y": 0, "num_citations_10y": 28, "publications_years": {"2003": 1}, "citations_years": {"2003": 1, "2004": 0, "2005": 5, "2006": 8, "2007": 7, "2008": 4, "2009": 8, "2010": 1, "2011": 4, "2012": 8, "2013": 3, "2014": 1, "2015": 0, "2016": 1, "2017": 2, "2018": 0, "2019": 1}, "old_citations": {"2003": 54}, "isVisible": false}, "2103372300": {"name": "j garcia", "type": "author", "activity": 13, "h_index": 3, "h5_index": 0, "mag_id": "2103372300", "num_publications": 1, "num_citations": 5, "num_publications_5y": 0, "num_citations_5y": 0, "num_publications_10y": 0, "num_citations_10y": 2, "publications_years": {"2003": 1}, "citations_years": {"2005": 1, "2006": 0, "2007": 2, "2008": 0, "2009": 0, "2010": 1, "2011": 1}, "old_citations": {"2003": 5}, "isVisible": false}, "2105986941": {"name": "j d owens", "type": "author", "activity": 1, "h_index": 1, "h5_index": 0, "mag_id": "2105986941", "num_publications": 1, "num_citations": 6, "num_publications_5y": 0, "num_citations_5y": 0, "num_publications_10y": 0, "num_citations_10y": 2, "publications_years": {"2003": 1}, "citations_years": {"2004": 2, "2005": 0, "2006": 1, "2007": 1, "2008": 0, "2009": 0, "2010": 1, "2011": 1}, "old_citations": {"2003": 6}, "isVisible": false}, "2106567118": {"name": "p l chapman", "type": "author", "activity": 12, "h_index": 6, "h5_index": 0, "mag_id": "2106567118", "num_publications": 1, "num_citations": 6, "num_publications_5y": 0, "num_citations_5y": 0, "num_publications_10y": 0, "num_citations_10y": 2, "publications_years": {"2003": 1}, "citations_years": {"2004": 2, "2005": 0, "2006": 1, "2007": 1, "2008": 0, "2009": 0, "2010": 1, "2011": 1}, "old_citations": {"2003": 6}, "isVisible": false}, "2107065624": {"name": "tamotsu ninomiya", "type": "author", "activity": 29, "h_index": 7, "h5_index": 1, "mag_id": "2107065624", "num_publications": 1, "num_citations": 10, "num_publications_5y": 0, "num_citations_5y": 1, "num_publications_10y": 0, "num_citations_10y": 5, "publications_years": {"2003": 1}, "citations_years": {"2004": 1, "2005": 3, "2006": 0, "2007": 0, "2008": 1, "2009": 1, "2010": 0, "2011": 1, "2012": 2, "2013": 0, "2014": 1}, "old_citations": {"2003": 10}, "isVisible": false}, "2107551309": {"name": "m c cavalcanti", "type": "author", "activity": 15, "h_index": 6, "h5_index": 0, "mag_id": "2107551309", "num_publications": 1, "num_citations": 76, "num_publications_5y": 0, "num_citations_5y": 45, "num_publications_10y": 0, "num_citations_10y": 69, "publications_years": {"2003": 1}, "citations_years": {"2005": 1, "2006": 0, "2007": 0, "2008": 3, "2009": 1, "2010": 5, "2011": 4, "2012": 6, "2013": 8, "2014": 12, "2015": 9, "2016": 15, "2017": 7, "2018": 2, "2019": 3}, "old_citations": {"2003": 76}, "isVisible": false}, "2107854809": {"name": "hacksung kim", "type": "author", "activity": 1, "h_index": 1, "h5_index": 0, "mag_id": "2107854809", "num_publications": 1, "num_citations": 4, "num_publications_5y": 0, "num_citations_5y": 0, "num_publications_10y": 0, "num_citations_10y": 2, "publications_years": {"2003": 1}, "citations_years": {"2005": 2, "2006": 0, "2007": 0, "2008": 0, "2009": 0, "2010": 0, "2011": 0, "2012": 1, "2013": 1}, "old_citations": {"2003": 4}, "isVisible": false}, "2109885097": {"name": "p villegas", "type": "author", "activity": 11, "h_index": 2, "h5_index": 0, "mag_id": "2109885097", "num_publications": 1, "num_citations": 5, "num_publications_5y": 0, "num_citations_5y": 0, "num_publications_10y": 0, "num_citations_10y": 2, "publications_years": {"2003": 1}, "citations_years": {"2005": 1, "2006": 0, "2007": 2, "2008": 0, "2009": 0, "2010": 1, "2011": 1}, "old_citations": {"2003": 5}, "isVisible": false}, "2112889444": {"name": "a lazaro", "type": "author", "activity": 19, "h_index": 6, "h5_index": 2, "mag_id": "2112889444", "num_publications": 1, "num_citations": 7, "num_publications_5y": 0, "num_citations_5y": 0, "num_publications_10y": 0, "num_citations_10y": 1, "publications_years": {"2003": 1}, "citations_years": {"2004": 2, "2005": 2, "2006": 0, "2007": 0, "2008": 2, "2009": 1}, "old_citations": {"2003": 7}, "isVisible": false}, "2113463976": {"name": "r vazquez", "type": "author", "activity": 1, "h_index": 1, "h5_index": 0, "mag_id": "2113463976", "num_publications": 1, "num_citations": 7, "num_publications_5y": 0, "num_citations_5y": 0, "num_publications_10y": 0, "num_citations_10y": 1, "publications_years": {"2003": 1}, "citations_years": {"2004": 2, "2005": 2, "2006": 0, "2007": 0, "2008": 2, "2009": 1}, "old_citations": {"2003": 7}, "isVisible": false}, "2116809074": {"name": "seiya abe", "type": "author", "activity": 12, "h_index": 5, "h5_index": 0, "mag_id": "2116809074", "num_publications": 1, "num_citations": 15, "num_publications_5y": 0, "num_citations_5y": 3, "num_publications_10y": 0, "num_citations_10y": 6, "publications_years": {"2003": 1}, "citations_years": {"2003": 1, "2004": 1, "2005": 1, "2006": 0, "2007": 4, "2008": 2, "2009": 1, "2010": 1, "2011": 0, "2012": 1, "2013": 0, "2014": 3}, "old_citations": {"2003": 15}, "isVisible": false}, "2117853956": {"name": "s w h de haan", "type": "author", "activity": 16, "h_index": 2, "h5_index": 0, "mag_id": "2117853956", "num_publications": 1, "num_citations": 9, "num_publications_5y": 0, "num_citations_5y": 0, "num_publications_10y": 0, "num_citations_10y": 4, "publications_years": {"2003": 1}, "citations_years": {"2005": 3, "2006": 1, "2007": 1, "2008": 0, "2009": 2, "2010": 0, "2011": 0, "2012": 0, "2013": 2}, "old_citations": {"2003": 9}, "isVisible": false}, "2126947194": {"name": "xu yang", "type": "author", "activity": 18, "h_index": 3, "h5_index": 2, "mag_id": "2126947194", "num_publications": 1, "num_citations": 10, "num_publications_5y": 0, "num_citations_5y": 0, "num_publications_10y": 0, "num_citations_10y": 7, "publications_years": {"2003": 1}, "citations_years": {"2007": 1, "2008": 2, "2009": 1, "2010": 2, "2011": 2, "2012": 0, "2013": 2}, "old_citations": {"2003": 10}, "isVisible": false}, "2127938198": {"name": "jose rodriguez", "type": "author", "activity": 26, "h_index": 13, "h5_index": 5, "mag_id": "2127938198", "num_publications": 1, "num_citations": 4, "num_publications_5y": 0, "num_citations_5y": 2, "num_publications_10y": 0, "num_citations_10y": 2, "publications_years": {"2003": 1}, "citations_years": {"2005": 1, "2006": 0, "2007": 0, "2008": 1, "2009": 0, "2010": 0, "2011": 0, "2012": 0, "2013": 0, "2014": 0, "2015": 1, "2016": 0, "2017": 0, "2018": 1}, "old_citations": {"2003": 4}, "isVisible": false}, "2132192692": {"name": "robert smolenski", "type": "author", "activity": 19, "h_index": 3, "h5_index": 0, "mag_id": "2132192692", "num_publications": 1, "num_citations": 17, "num_publications_5y": 0, "num_citations_5y": 2, "num_publications_10y": 0, "num_citations_10y": 11, "publications_years": {"2003": 1}, "citations_years": {"2004": 2, "2005": 0, "2006": 0, "2007": 1, "2008": 3, "2009": 1, "2010": 0, "2011": 2, "2012": 4, "2013": 2, "2014": 1, "2015": 0, "2016": 0, "2017": 0, "2018": 1}, "old_citations": {"2003": 17}, "isVisible": false}, "2132446264": {"name": "fang lin luo", "type": "author", "activity": 19, "h_index": 6, "h5_index": 0, "mag_id": "2132446264", "num_publications": 1, "num_citations": 8, "num_publications_5y": 0, "num_citations_5y": 1, "num_publications_10y": 0, "num_citations_10y": 7, "publications_years": {"2003": 1}, "citations_years": {"2009": 4, "2010": 0, "2011": 1, "2012": 0, "2013": 1, "2014": 0, "2015": 0, "2016": 0, "2017": 1, "2018": 0, "2019": 1}, "old_citations": {"2003": 8}, "isVisible": false}, "2134786688": {"name": "l moran", "type": "author", "activity": 27, "h_index": 4, "h5_index": 1, "mag_id": "2134786688", "num_publications": 1, "num_citations": 63, "num_publications_5y": 0, "num_citations_5y": 24, "num_publications_10y": 0, "num_citations_10y": 49, "publications_years": {"2003": 1}, "citations_years": {"2003": 2, "2004": 1, "2005": 3, "2006": 5, "2007": 2, "2008": 0, "2009": 3, "2010": 9, "2011": 4, "2012": 4, "2013": 5, "2014": 6, "2015": 4, "2016": 7, "2017": 5, "2018": 2, "2019": 1}, "old_citations": {"2003": 63}, "isVisible": false}, "2137892479": {"name": "samir kouro", "type": "author", "activity": 16, "h_index": 3, "h5_index": 1, "mag_id": "2137892479", "num_publications": 1, "num_citations": 4, "num_publications_5y": 0, "num_citations_5y": 2, "num_publications_10y": 0, "num_citations_10y": 2, "publications_years": {"2003": 1}, "citations_years": {"2005": 1, "2006": 0, "2007": 0, "2008": 1, "2009": 0, "2010": 0, "2011": 0, "2012": 0, "2013": 0, "2014": 0, "2015": 1, "2016": 0, "2017": 0, "2018": 1}, "old_citations": {"2003": 4}, "isVisible": false}, "2146289847": {"name": "l rossetto", "type": "author", "activity": 23, "h_index": 5, "h5_index": 0, "mag_id": "2146289847", "num_publications": 1, "num_citations": 6, "num_publications_5y": 0, "num_citations_5y": 0, "num_publications_10y": 0, "num_citations_10y": 0, "publications_years": {"2003": 1}, "citations_years": {"2004": 1, "2005": 1, "2006": 2, "2007": 2}, "old_citations": {"2003": 6}, "isVisible": false}, "2146440154": {"name": "sanghyun park", "type": "author", "activity": 30, "h_index": 18, "h5_index": 4, "mag_id": "2146440154", "num_publications": 1, "num_citations": 18, "num_publications_5y": 0, "num_citations_5y": 3, "num_publications_10y": 0, "num_citations_10y": 11, "publications_years": {"2003": 1}, "citations_years": {"2006": 3, "2007": 0, "2008": 3, "2009": 1, "2010": 1, "2011": 3, "2012": 2, "2013": 1, "2014": 1, "2015": 1, "2016": 0, "2017": 1, "2018": 0, "2019": 1}, "old_citations": {"2003": 18}, "isVisible": false}, "2147803596": {"name": "tarek ahmed", "type": "author", "activity": 3, "h_index": 3, "h5_index": 0, "mag_id": "2147803596", "num_publications": 1, "num_citations": 0, "num_publications_5y": 0, "num_citations_5y": 0, "num_publications_10y": 0, "num_citations_10y": 0, "publications_years": {"2003": 1}, "citations_years": {}, "old_citations": {"2003": 0}, "isVisible": false}, "2148167838": {"name": "charles r sullivan", "type": "author", "activity": 29, "h_index": 5, "h5_index": 2, "mag_id": "2148167838", "num_publications": 1, "num_citations": 13, "num_publications_5y": 0, "num_citations_5y": 2, "num_publications_10y": 0, "num_citations_10y": 3, "publications_years": {"2003": 1}, "citations_years": {"2005": 5, "2006": 1, "2007": 2, "2008": 2, "2009": 1, "2010": 0, "2011": 0, "2012": 0, "2013": 0, "2014": 1, "2015": 0, "2016": 1}, "old_citations": {"2003": 13}, "isVisible": false}, "2152747051": {"name": "i j pitel", "type": "author", "activity": 1, "h_index": 1, "h5_index": 0, "mag_id": "2152747051", "num_publications": 1, "num_citations": 63, "num_publications_5y": 0, "num_citations_5y": 24, "num_publications_10y": 0, "num_citations_10y": 49, "publications_years": {"2003": 1}, "citations_years": {"2003": 2, "2004": 1, "2005": 3, "2006": 5, "2007": 2, "2008": 0, "2009": 3, "2010": 9, "2011": 4, "2012": 4, "2013": 5, "2014": 6, "2015": 4, "2016": 7, "2017": 5, "2018": 2, "2019": 1}, "old_citations": {"2003": 63}, "isVisible": false}, "2153995839": {"name": "wenkai wu", "type": "author", "activity": 3, "h_index": 2, "h5_index": 0, "mag_id": "2153995839", "num_publications": 1, "num_citations": 9, "num_publications_5y": 0, "num_citations_5y": 3, "num_publications_10y": 0, "num_citations_10y": 5, "publications_years": {"2003": 1}, "citations_years": {"2004": 1, "2005": 0, "2006": 1, "2007": 2, "2008": 0, "2009": 1, "2010": 1, "2011": 0, "2012": 0, "2013": 0, "2014": 0, "2015": 2, "2016": 1}, "old_citations": {"2003": 9}, "isVisible": false}, "2154954147": {"name": "hong mao", "type": "author", "activity": 3, "h_index": 2, "h5_index": 0, "mag_id": "2154954147", "num_publications": 1, "num_citations": 9, "num_publications_5y": 0, "num_citations_5y": 3, "num_publications_10y": 0, "num_citations_10y": 5, "publications_years": {"2003": 1}, "citations_years": {"2004": 1, "2005": 0, "2006": 1, "2007": 2, "2008": 0, "2009": 1, "2010": 1, "2011": 0, "2012": 0, "2013": 0, "2014": 0, "2015": 2, "2016": 1}, "old_citations": {"2003": 9}, "isVisible": false}, "2155470566": {"name": "praveen jain", "type": "author", "activity": 23, "h_index": 9, "h5_index": 3, "mag_id": "2155470566", "num_publications": 1, "num_citations": 7, "num_publications_5y": 0, "num_citations_5y": 1, "num_publications_10y": 0, "num_citations_10y": 2, "publications_years": {"2003": 1}, "citations_years": {"2004": 1, "2005": 1, "2006": 1, "2007": 1, "2008": 1, "2009": 0, "2010": 0, "2011": 0, "2012": 1, "2013": 0, "2014": 0, "2015": 0, "2016": 0, "2017": 1}, "old_citations": {"2003": 7}, "isVisible": false}, "2162935594": {"name": "m rascon", "type": "author", "activity": 1, "h_index": 1, "h5_index": 0, "mag_id": "2162935594", "num_publications": 1, "num_citations": 5, "num_publications_5y": 0, "num_citations_5y": 0, "num_publications_10y": 0, "num_citations_10y": 2, "publications_years": {"2003": 1}, "citations_years": {"2005": 1, "2006": 0, "2007": 2, "2008": 0, "2009": 0, "2010": 1, "2011": 1}, "old_citations": {"2003": 5}, "isVisible": false}, "2168462260": {"name": "j a ferreira", "type": "author", "activity": 21, "h_index": 8, "h5_index": 3, "mag_id": "2168462260", "num_publications": 1, "num_citations": 9, "num_publications_5y": 0, "num_citations_5y": 0, "num_publications_10y": 0, "num_citations_10y": 4, "publications_years": {"2003": 1}, "citations_years": {"2005": 3, "2006": 1, "2007": 1, "2008": 0, "2009": 2, "2010": 0, "2011": 0, "2012": 0, "2013": 2}, "old_citations": {"2003": 9}, "isVisible": false}, "2181794324": {"name": "xinbo ruan", "type": "author", "activity": 17, "h_index": 9, "h5_index": 1, "mag_id": "2181794324", "num_publications": 1, "num_citations": 16, "num_publications_5y": 0, "num_citations_5y": 1, "num_publications_10y": 0, "num_citations_10y": 13, "publications_years": {"2003": 1}, "citations_years": {"2004": 1, "2005": 0, "2006": 0, "2007": 0, "2008": 2, "2009": 3, "2010": 2, "2011": 0, "2012": 5, "2013": 2, "2014": 1}, "old_citations": {"2003": 16}, "isVisible": false}, "2206646516": {"name": "linquan zhou", "type": "author", "activity": 1, "h_index": 1, "h5_index": 0, "mag_id": "2206646516", "num_publications": 1, "num_citations": 16, "num_publications_5y": 0, "num_citations_5y": 1, "num_publications_10y": 0, "num_citations_10y": 13, "publications_years": {"2003": 1}, "citations_years": {"2004": 1, "2005": 0, "2006": 0, "2007": 0, "2008": 2, "2009": 3, "2010": 2, "2011": 0, "2012": 5, "2013": 2, "2014": 1}, "old_citations": {"2003": 16}, "isVisible": false}, "2285496854": {"name": "d sutanto", "type": "author", "activity": 30, "h_index": 9, "h5_index": 2, "mag_id": "2285496854", "num_publications": 1, "num_citations": 5, "num_publications_5y": 0, "num_citations_5y": 2, "num_publications_10y": 0, "num_citations_10y": 3, "publications_years": {"2003": 1}, "citations_years": {"2004": 2, "2005": 0, "2006": 0, "2007": 0, "2008": 0, "2009": 0, "2010": 0, "2011": 0, "2012": 0, "2013": 1, "2014": 0, "2015": 0, "2016": 2}, "old_citations": {"2003": 5}, "isVisible": false}, "2288839327": {"name": "weihong qiu", "type": "author", "activity": 10, "h_index": 2, "h5_index": 0, "mag_id": "2288839327", "num_publications": 1, "num_citations": 9, "num_publications_5y": 0, "num_citations_5y": 3, "num_publications_10y": 0, "num_citations_10y": 5, "publications_years": {"2003": 1}, "citations_years": {"2004": 1, "2005": 0, "2006": 1, "2007": 2, "2008": 0, "2009": 1, "2010": 1, "2011": 0, "2012": 0, "2013": 0, "2014": 0, "2015": 2, "2016": 1}, "old_citations": {"2003": 9}, "isVisible": false}, "2307382902": {"name": "a barrado", "type": "author", "activity": 19, "h_index": 5, "h5_index": 0, "mag_id": "2307382902", "num_publications": 1, "num_citations": 7, "num_publications_5y": 0, "num_citations_5y": 0, "num_publications_10y": 0, "num_citations_10y": 1, "publications_years": {"2003": 1}, "citations_years": {"2004": 2, "2005": 2, "2006": 0, "2007": 0, "2008": 2, "2009": 1}, "old_citations": {"2003": 7}, "isVisible": false}, "2307513325": {"name": "m pavlovsky", "type": "author", "activity": 1, "h_index": 1, "h5_index": 0, "mag_id": "2307513325", "num_publications": 1, "num_citations": 9, "num_publications_5y": 0, "num_citations_5y": 0, "num_publications_10y": 0, "num_citations_10y": 4, "publications_years": {"2003": 1}, "citations_years": {"2005": 3, "2006": 1, "2007": 1, "2008": 0, "2009": 2, "2010": 0, "2011": 0, "2012": 0, "2013": 2}, "old_citations": {"2003": 9}, "isVisible": false}, "2311942417": {"name": "ge li", "type": "author", "activity": 1, "h_index": 1, "h5_index": 0, "mag_id": "2311942417", "num_publications": 1, "num_citations": 10, "num_publications_5y": 0, "num_citations_5y": 1, "num_publications_10y": 0, "num_citations_10y": 5, "publications_years": {"2003": 1}, "citations_years": {"2004": 1, "2005": 3, "2006": 0, "2007": 0, "2008": 1, "2009": 1, "2010": 0, "2011": 1, "2012": 2, "2013": 0, "2014": 1}, "old_citations": {"2003": 10}, "isVisible": false}, "2319936794": {"name": "a m llor", "type": "author", "activity": 1, "h_index": 1, "h5_index": 0, "mag_id": "2319936794", "num_publications": 1, "num_citations": 10, "num_publications_5y": 0, "num_citations_5y": 1, "num_publications_10y": 0, "num_citations_10y": 5, "publications_years": {"2003": 1}, "citations_years": {"2004": 2, "2005": 2, "2006": 1, "2007": 0, "2008": 0, "2009": 1, "2010": 2, "2011": 0, "2012": 1, "2013": 0, "2014": 0, "2015": 0, "2016": 0, "2017": 1}, "old_citations": {"2003": 10}, "isVisible": false}, "2344110432": {"name": "m m hernando", "type": "author", "activity": 17, "h_index": 3, "h5_index": 1, "mag_id": "2344110432", "num_publications": 1, "num_citations": 5, "num_publications_5y": 0, "num_citations_5y": 0, "num_publications_10y": 0, "num_citations_10y": 2, "publications_years": {"2003": 1}, "citations_years": {"2005": 1, "2006": 0, "2007": 2, "2008": 0, "2009": 0, "2010": 1, "2011": 1}, "old_citations": {"2003": 5}, "isVisible": false}, "2429063581": {"name": "d boroyevich", "type": "author", "activity": 1, "h_index": 1, "h5_index": 0, "mag_id": "2429063581", "num_publications": 1, "num_citations": 76, "num_publications_5y": 0, "num_citations_5y": 45, "num_publications_10y": 0, "num_citations_10y": 69, "publications_years": {"2003": 1}, "citations_years": {"2005": 1, "2006": 0, "2007": 0, "2008": 3, "2009": 1, "2010": 5, "2011": 4, "2012": 6, "2013": 8, "2014": 12, "2015": 9, "2016": 15, "2017": 7, "2018": 2, "2019": 3}, "old_citations": {"2003": 76}, "isVisible": false}, "2431417521": {"name": "taewoo kim", "type": "author", "activity": 1, "h_index": 1, "h5_index": 0, "mag_id": "2431417521", "num_publications": 1, "num_citations": 4, "num_publications_5y": 0, "num_citations_5y": 0, "num_publications_10y": 0, "num_citations_10y": 2, "publications_years": {"2003": 1}, "citations_years": {"2005": 2, "2006": 0, "2007": 0, "2008": 0, "2009": 0, "2010": 0, "2011": 0, "2012": 1, "2013": 1}, "old_citations": {"2003": 4}, "isVisible": false}, "2436880249": {"name": "w dong", "type": "author", "activity": 1, "h_index": 1, "h5_index": 0, "mag_id": "2436880249", "num_publications": 1, "num_citations": 76, "num_publications_5y": 0, "num_citations_5y": 45, "num_publications_10y": 0, "num_citations_10y": 69, "publications_years": {"2003": 1}, "citations_years": {"2005": 1, "2006": 0, "2007": 0, "2008": 3, "2009": 1, "2010": 5, "2011": 4, "2012": 6, "2013": 8, "2014": 12, "2015": 9, "2016": 15, "2017": 7, "2018": 2, "2019": 3}, "old_citations": {"2003": 76}, "isVisible": false}, "2461089836": {"name": "k kinjo", "type": "author", "activity": 1, "h_index": 1, "h5_index": 0, "mag_id": "2461089836", "num_publications": 1, "num_citations": 4, "num_publications_5y": 0, "num_citations_5y": 4, "num_publications_10y": 0, "num_citations_10y": 4, "publications_years": {"2003": 1}, "citations_years": {"2014": 1, "2015": 3}, "old_citations": {"2003": 4}, "isVisible": false}, "2465863959": {"name": "r bojoi", "type": "author", "activity": 20, "h_index": 6, "h5_index": 1, "mag_id": "2465863959", "num_publications": 1, "num_citations": 46, "num_publications_5y": 0, "num_citations_5y": 16, "num_publications_10y": 0, "num_citations_10y": 32, "publications_years": {"2003": 1}, "citations_years": {"2004": 2, "2005": 3, "2006": 3, "2007": 0, "2008": 6, "2009": 1, "2010": 3, "2011": 3, "2012": 2, "2013": 7, "2014": 3, "2015": 2, "2016": 4, "2017": 4, "2018": 3}, "old_citations": {"2003": 46}, "isVisible": false}, "2476471131": {"name": "ryszard strzelecki", "type": "author", "activity": 20, "h_index": 5, "h5_index": 2, "mag_id": "2476471131", "num_publications": 1, "num_citations": 17, "num_publications_5y": 0, "num_citations_5y": 2, "num_publications_10y": 0, "num_citations_10y": 11, "publications_years": {"2003": 1}, "citations_years": {"2004": 2, "2005": 0, "2006": 0, "2007": 1, "2008": 3, "2009": 1, "2010": 0, "2011": 2, "2012": 4, "2013": 2, "2014": 1, "2015": 0, "2016": 0, "2017": 0, "2018": 1}, "old_citations": {"2003": 17}, "isVisible": false}, "2489198121": {"name": "f canales", "type": "author", "activity": 1, "h_index": 1, "h5_index": 0, "mag_id": "2489198121", "num_publications": 1, "num_citations": 54, "num_publications_5y": 0, "num_citations_5y": 4, "num_publications_10y": 0, "num_citations_10y": 28, "publications_years": {"2003": 1}, "citations_years": {"2003": 1, "2004": 0, "2005": 5, "2006": 8, "2007": 7, "2008": 4, "2009": 8, "2010": 1, "2011": 4, "2012": 8, "2013": 3, "2014": 1, "2015": 0, "2016": 1, "2017": 2, "2018": 0, "2019": 1}, "old_citations": {"2003": 54}, "isVisible": false}, "2574685458": {"name": "x linshi", "type": "author", "activity": 1, "h_index": 1, "h5_index": 0, "mag_id": "2574685458", "num_publications": 1, "num_citations": 10, "num_publications_5y": 0, "num_citations_5y": 1, "num_publications_10y": 0, "num_citations_10y": 5, "publications_years": {"2003": 1}, "citations_years": {"2004": 2, "2005": 2, "2006": 1, "2007": 0, "2008": 0, "2009": 1, "2010": 2, "2011": 0, "2012": 1, "2013": 0, "2014": 0, "2015": 0, "2016": 0, "2017": 1}, "old_citations": {"2003": 10}, "isVisible": false}, "2575827695": {"name": "c b jacobina", "type": "author", "activity": 7, "h_index": 3, "h5_index": 0, "mag_id": "2575827695", "num_publications": 1, "num_citations": 76, "num_publications_5y": 0, "num_citations_5y": 45, "num_publications_10y": 0, "num_citations_10y": 69, "publications_years": {"2003": 1}, "citations_years": {"2005": 1, "2006": 0, "2007": 0, "2008": 3, "2009": 1, "2010": 5, "2011": 4, "2012": 6, "2013": 8, "2014": 12, "2015": 9, "2016": 15, "2017": 7, "2018": 2, "2019": 3}, "old_citations": {"2003": 76}, "isVisible": false}, "2635436804": {"name": "kunchih lin", "type": "author", "activity": 1, "h_index": 1, "h5_index": 0, "mag_id": "2635436804", "num_publications": 1, "num_citations": 13, "num_publications_5y": 0, "num_citations_5y": 0, "num_publications_10y": 0, "num_citations_10y": 7, "publications_years": {"2003": 1}, "citations_years": {"2005": 1, "2006": 2, "2007": 0, "2008": 3, "2009": 2, "2010": 1, "2011": 2, "2012": 1, "2013": 1}, "old_citations": {"2003": 13}, "isVisible": false}, "2645233054": {"name": "j vazquez", "type": "author", "activity": 5, "h_index": 2, "h5_index": 0, "mag_id": "2645233054", "num_publications": 1, "num_citations": 7, "num_publications_5y": 0, "num_citations_5y": 0, "num_publications_10y": 0, "num_citations_10y": 1, "publications_years": {"2003": 1}, "citations_years": {"2004": 2, "2005": 2, "2006": 0, "2007": 0, "2008": 2, "2009": 1}, "old_citations": {"2003": 7}, "isVisible": false}, "2645397896": {"name": "s arnalte", "type": "author", "activity": 1, "h_index": 1, "h5_index": 0, "mag_id": "2645397896", "num_publications": 1, "num_citations": 10, "num_publications_5y": 0, "num_citations_5y": 1, "num_publications_10y": 0, "num_citations_10y": 5, "publications_years": {"2003": 1}, "citations_years": {"2004": 2, "2005": 2, "2006": 1, "2007": 0, "2008": 0, "2009": 1, "2010": 2, "2011": 0, "2012": 1, "2013": 0, "2014": 0, "2015": 0, "2016": 0, "2017": 1}, "old_citations": {"2003": 10}, "isVisible": false}, "2650470583": {"name": "f c lee", "type": "author", "activity": 1, "h_index": 1, "h5_index": 0, "mag_id": "2650470583", "num_publications": 1, "num_citations": 9, "num_publications_5y": 0, "num_citations_5y": 0, "num_publications_10y": 0, "num_citations_10y": 5, "publications_years": {"2003": 1}, "citations_years": {"2005": 1, "2006": 2, "2007": 1, "2008": 0, "2009": 1, "2010": 3, "2011": 0, "2012": 0, "2013": 1}, "old_citations": {"2003": 9}, "isVisible": false}, "2652022391": {"name": "f c lee", "type": "author", "activity": 1, "h_index": 1, "h5_index": 0, "mag_id": "2652022391", "num_publications": 1, "num_citations": 54, "num_publications_5y": 0, "num_citations_5y": 4, "num_publications_10y": 0, "num_citations_10y": 28, "publications_years": {"2003": 1}, "citations_years": {"2003": 1, "2004": 0, "2005": 5, "2006": 8, "2007": 7, "2008": 4, "2009": 8, "2010": 1, "2011": 4, "2012": 8, "2013": 3, "2014": 1, "2015": 0, "2016": 1, "2017": 2, "2018": 0, "2019": 1}, "old_citations": {"2003": 54}, "isVisible": false}, "2654496049": {"name": "m eskola", "type": "author", "activity": 1, "h_index": 1, "h5_index": 0, "mag_id": "2654496049", "num_publications": 1, "num_citations": 22, "num_publications_5y": 0, "num_citations_5y": 4, "num_publications_10y": 0, "num_citations_10y": 18, "publications_years": {"2003": 1}, "citations_years": {"2007": 2, "2008": 1, "2009": 3, "2010": 3, "2011": 3, "2012": 4, "2013": 1, "2014": 1, "2015": 0, "2016": 1, "2017": 1, "2018": 1, "2019": 1}, "old_citations": {"2003": 22}, "isVisible": false}, "2663050251": {"name": "j m retif", "type": "author", "activity": 1, "h_index": 1, "h5_index": 0, "mag_id": "2663050251", "num_publications": 1, "num_citations": 10, "num_publications_5y": 0, "num_citations_5y": 1, "num_publications_10y": 0, "num_citations_10y": 5, "publications_years": {"2003": 1}, "citations_years": {"2004": 2, "2005": 2, "2006": 1, "2007": 0, "2008": 0, "2009": 1, "2010": 2, "2011": 0, "2012": 1, "2013": 0, "2014": 0, "2015": 0, "2016": 0, "2017": 1}, "old_citations": {"2003": 10}, "isVisible": false}, "2666225764": {"name": "d delisle", "type": "author", "activity": 1, "h_index": 0, "h5_index": 0, "mag_id": "2666225764", "num_publications": 1, "num_citations": 0, "num_publications_5y": 0, "num_citations_5y": 0, "num_publications_10y": 0, "num_citations_10y": 0, "publications_years": {"2003": 1}, "citations_years": {}, "old_citations": {"2003": 0}, "isVisible": false}, "2667734817": {"name": "jun liu", "type": "author", "activity": 1, "h_index": 1, "h5_index": 0, "mag_id": "2667734817", "num_publications": 1, "num_citations": 49, "num_publications_5y": 0, "num_citations_5y": 17, "num_publications_10y": 0, "num_citations_10y": 45, "publications_years": {"2003": 1}, "citations_years": {"2005": 1, "2006": 0, "2007": 1, "2008": 2, "2009": 9, "2010": 6, "2011": 5, "2012": 7, "2013": 1, "2014": 6, "2015": 4, "2016": 3, "2017": 2, "2018": 2}, "old_citations": {"2003": 49}, "isVisible": false}, "2668996809": {"name": "yangguang yan", "type": "author", "activity": 1, "h_index": 1, "h5_index": 0, "mag_id": "2668996809", "num_publications": 1, "num_citations": 49, "num_publications_5y": 0, "num_citations_5y": 17, "num_publications_10y": 0, "num_citations_10y": 45, "publications_years": {"2003": 1}, "citations_years": {"2005": 1, "2006": 0, "2007": 1, "2008": 2, "2009": 9, "2010": 6, "2011": 5, "2012": 7, "2013": 1, "2014": 6, "2015": 4, "2016": 3, "2017": 2, "2018": 2}, "old_citations": {"2003": 49}, "isVisible": false}, "2673881488": {"name": "s hamada", "type": "author", "activity": 1, "h_index": 1, "h5_index": 0, "mag_id": "2673881488", "num_publications": 1, "num_citations": 21, "num_publications_5y": 0, "num_citations_5y": 7, "num_publications_10y": 0, "num_citations_10y": 14, "publications_years": {"2003": 1}, "citations_years": {"2003": 1, "2004": 2, "2005": 2, "2006": 0, "2007": 0, "2008": 2, "2009": 0, "2010": 3, "2011": 2, "2012": 0, "2013": 2, "2014": 3, "2015": 3, "2016": 0, "2017": 0, "2018": 1}, "old_citations": {"2003": 21}, "isVisible": false}, "2676512806": {"name": "k w e cheng", "type": "author", "activity": 21, "h_index": 13, "h5_index": 4, "mag_id": "2676512806", "num_publications": 1, "num_citations": 5, "num_publications_5y": 0, "num_citations_5y": 2, "num_publications_10y": 0, "num_citations_10y": 3, "publications_years": {"2003": 1}, "citations_years": {"2004": 2, "2005": 0, "2006": 0, "2007": 0, "2008": 0, "2009": 0, "2010": 0, "2011": 0, "2012": 0, "2013": 1, "2014": 0, "2015": 0, "2016": 2}, "old_citations": {"2003": 5}, "isVisible": false}, "2681691835": {"name": "j sebastian", "type": "author", "activity": 18, "h_index": 3, "h5_index": 2, "mag_id": "2681691835", "num_publications": 1, "num_citations": 5, "num_publications_5y": 0, "num_citations_5y": 0, "num_publications_10y": 0, "num_citations_10y": 2, "publications_years": {"2003": 1}, "citations_years": {"2005": 1, "2006": 0, "2007": 2, "2008": 0, "2009": 0, "2010": 1, "2011": 1}, "old_citations": {"2003": 5}, "isVisible": false}, "2683587803": {"name": "n roux", "type": "author", "activity": 1, "h_index": 1, "h5_index": 0, "mag_id": "2683587803", "num_publications": 1, "num_citations": 10, "num_publications_5y": 0, "num_citations_5y": 0, "num_publications_10y": 0, "num_citations_10y": 3, "publications_years": {"2003": 1}, "citations_years": {"2006": 1, "2007": 3, "2008": 3, "2009": 3}, "old_citations": {"2003": 10}, "isVisible": false}, "2684861374": {"name": "m linke", "type": "author", "activity": 1, "h_index": 1, "h5_index": 0, "mag_id": "2684861374", "num_publications": 1, "num_citations": 18, "num_publications_5y": 0, "num_citations_5y": 0, "num_publications_10y": 0, "num_citations_10y": 2, "publications_years": {"2003": 1}, "citations_years": {"2004": 1, "2005": 6, "2006": 2, "2007": 1, "2008": 6, "2009": 0, "2010": 0, "2011": 1, "2012": 0, "2013": 1}, "old_citations": {"2003": 18}, "isVisible": false}, "2689102713": {"name": "ming xu", "type": "author", "activity": 1, "h_index": 1, "h5_index": 0, "mag_id": "2689102713", "num_publications": 1, "num_citations": 9, "num_publications_5y": 0, "num_citations_5y": 0, "num_publications_10y": 0, "num_citations_10y": 5, "publications_years": {"2003": 1}, "citations_years": {"2005": 1, "2006": 2, "2007": 1, "2008": 0, "2009": 1, "2010": 3, "2011": 0, "2012": 0, "2013": 1}, "old_citations": {"2003": 9}, "isVisible": false}, "2689965735": {"name": "hong ye", "type": "author", "activity": 14, "h_index": 4, "h5_index": 0, "mag_id": "2689965735", "num_publications": 1, "num_citations": 8, "num_publications_5y": 0, "num_citations_5y": 1, "num_publications_10y": 0, "num_citations_10y": 7, "publications_years": {"2003": 1}, "citations_years": {"2009": 4, "2010": 0, "2011": 1, "2012": 0, "2013": 1, "2014": 0, "2015": 0, "2016": 0, "2017": 1, "2018": 0, "2019": 1}, "old_citations": {"2003": 8}, "isVisible": false}, "2764428289": {"name": "k soshin", "type": "author", "activity": 1, "h_index": 1, "h5_index": 0, "mag_id": "2764428289", "num_publications": 1, "num_citations": 6, "num_publications_5y": 0, "num_citations_5y": 0, "num_publications_10y": 0, "num_citations_10y": 0, "publications_years": {"2003": 1}, "citations_years": {"2003": 2, "2004": 1, "2005": 1, "2006": 0, "2007": 0, "2008": 2}, "old_citations": {"2003": 6}, "isVisible": false}, "2793824705": {"name": "w zhu", "type": "author", "activity": 1, "h_index": 0, "h5_index": 0, "mag_id": "2793824705", "num_publications": 1, "num_citations": 0, "num_publications_5y": 0, "num_citations_5y": 0, "num_publications_10y": 0, "num_citations_10y": 0, "publications_years": {"2003": 1}, "citations_years": {}, "old_citations": {"2003": 0}, "isVisible": false}, "2798451866": {"name": "t ninomiya", "type": "author", "activity": 1, "h_index": 1, "h5_index": 0, "mag_id": "2798451866", "num_publications": 1, "num_citations": 15, "num_publications_5y": 0, "num_citations_5y": 3, "num_publications_10y": 0, "num_citations_10y": 6, "publications_years": {"2003": 1}, "citations_years": {"2003": 1, "2004": 1, "2005": 1, "2006": 0, "2007": 4, "2008": 2, "2009": 1, "2010": 1, "2011": 0, "2012": 1, "2013": 0, "2014": 3}, "old_citations": {"2003": 15}, "isVisible": false}, "2804408586": {"name": "t zaitsu", "type": "author", "activity": 1, "h_index": 1, "h5_index": 0, "mag_id": "2804408586", "num_publications": 1, "num_citations": 15, "num_publications_5y": 0, "num_citations_5y": 3, "num_publications_10y": 0, "num_citations_10y": 6, "publications_years": {"2003": 1}, "citations_years": {"2003": 1, "2004": 1, "2005": 1, "2006": 0, "2007": 4, "2008": 2, "2009": 1, "2010": 1, "2011": 0, "2012": 1, "2013": 0, "2014": 3}, "old_citations": {"2003": 15}, "isVisible": false}, "2858992251": {"name": "liu bin", "type": "author", "activity": 1, "h_index": 1, "h5_index": 0, "mag_id": "2858992251", "num_publications": 1, "num_citations": 1, "num_publications_5y": 0, "num_citations_5y": 0, "num_publications_10y": 0, "num_citations_10y": 0, "publications_years": {"2003": 1}, "citations_years": {"2007": 1}, "old_citations": {"2003": 1}, "isVisible": false}, "2906627849": {"name": "e r c da silva", "type": "author", "activity": 8, "h_index": 3, "h5_index": 0, "mag_id": "2906627849", "num_publications": 1, "num_citations": 76, "num_publications_5y": 0, "num_citations_5y": 45, "num_publications_10y": 0, "num_citations_10y": 69, "publications_years": {"2003": 1}, "citations_years": {"2005": 1, "2006": 0, "2007": 0, "2008": 3, "2009": 1, "2010": 5, "2011": 4, "2012": 6, "2013": 8, "2014": 12, "2015": 9, "2016": 15, "2017": 7, "2018": 2, "2019": 3}, "old_citations": {"2003": 76}, "isVisible": false}, "2974472528": {"name": "p barbosa", "type": "author", "activity": 1, "h_index": 1, "h5_index": 0, "mag_id": "2974472528", "num_publications": 1, "num_citations": 54, "num_publications_5y": 0, "num_citations_5y": 4, "num_publications_10y": 0, "num_citations_10y": 28, "publications_years": {"2003": 1}, "citations_years": {"2003": 1, "2004": 0, "2005": 5, "2006": 8, "2007": 7, "2008": 4, "2009": 8, "2010": 1, "2011": 4, "2012": 8, "2013": 3, "2014": 1, "2015": 0, "2016": 1, "2017": 2, "2018": 0, "2019": 1}, "old_citations": {"2003": 54}, "isVisible": false}, "2973975417": {"name": "s moisseev", "type": "author", "activity": 1, "h_index": 1, "h5_index": 0, "mag_id": "2973975417", "num_publications": 1, "num_citations": 21, "num_publications_5y": 0, "num_citations_5y": 7, "num_publications_10y": 0, "num_citations_10y": 14, "publications_years": {"2003": 1}, "citations_years": {"2003": 1, "2004": 2, "2005": 2, "2006": 0, "2007": 0, "2008": 2, "2009": 0, "2010": 3, "2011": 2, "2012": 0, "2013": 2, "2014": 3, "2015": 3, "2016": 0, "2017": 0, "2018": 1}, "old_citations": {"2003": 21}, "isVisible": false}, "2974045118": {"name": "s sato", "type": "author", "activity": 1, "h_index": 1, "h5_index": 0, "mag_id": "2974045118", "num_publications": 1, "num_citations": 21, "num_publications_5y": 0, "num_citations_5y": 7, "num_publications_10y": 0, "num_citations_10y": 14, "publications_years": {"2003": 1}, "citations_years": {"2003": 1, "2004": 2, "2005": 2, "2006": 0, "2007": 0, "2008": 2, "2009": 0, "2010": 3, "2011": 2, "2012": 0, "2013": 2, "2014": 3, "2015": 3, "2016": 0, "2017": 0, "2018": 1}, "old_citations": {"2003": 21}, "isVisible": false}, "2983566818": {"name": "kihong park", "type": "author", "activity": 5, "h_index": 2, "h5_index": 0, "mag_id": "2983566818", "num_publications": 1, "num_citations": 20, "num_publications_5y": 0, "num_citations_5y": 4, "num_publications_10y": 0, "num_citations_10y": 14, "publications_years": {"2003": 1}, "citations_years": {"2007": 2, "2008": 2, "2009": 2, "2010": 3, "2011": 3, "2012": 1, "2013": 1, "2014": 1, "2015": 0, "2016": 0, "2017": 3, "2018": 0, "2019": 2}, "old_citations": {"2003": 20}, "isVisible": false}, "2974475345": {"name": "r m kennel", "type": "author", "activity": 1, "h_index": 1, "h5_index": 0, "mag_id": "2974475345", "num_publications": 1, "num_citations": 18, "num_publications_5y": 0, "num_citations_5y": 0, "num_publications_10y": 0, "num_citations_10y": 2, "publications_years": {"2003": 1}, "citations_years": {"2004": 1, "2005": 6, "2006": 2, "2007": 1, "2008": 6, "2009": 0, "2010": 0, "2011": 1, "2012": 0, "2013": 1}, "old_citations": {"2003": 18}, "isVisible": false}, "2974913619": {"name": "p szczupak", "type": "author", "activity": 1, "h_index": 1, "h5_index": 0, "mag_id": "2974913619", "num_publications": 1, "num_citations": 18, "num_publications_5y": 0, "num_citations_5y": 0, "num_publications_10y": 0, "num_citations_10y": 2, "publications_years": {"2003": 1}, "citations_years": {"2004": 1, "2005": 6, "2006": 2, "2007": 1, "2008": 6, "2009": 0, "2010": 0, "2011": 1, "2012": 0, "2013": 1}, "old_citations": {"2003": 18}, "isVisible": false}, "2937857125": {"name": "j yamamoto", "type": "author", "activity": 1, "h_index": 1, "h5_index": 0, "mag_id": "2937857125", "num_publications": 1, "num_citations": 15, "num_publications_5y": 0, "num_citations_5y": 3, "num_publications_10y": 0, "num_citations_10y": 6, "publications_years": {"2003": 1}, "citations_years": {"2003": 1, "2004": 1, "2005": 1, "2006": 0, "2007": 4, "2008": 2, "2009": 1, "2010": 1, "2011": 0, "2012": 1, "2013": 0, "2014": 3}, "old_citations": {"2003": 15}, "isVisible": false}, "2973277033": {"name": "poyuan chen", "type": "author", "activity": 1, "h_index": 1, "h5_index": 0, "mag_id": "2973277033", "num_publications": 1, "num_citations": 13, "num_publications_5y": 0, "num_citations_5y": 0, "num_publications_10y": 0, "num_citations_10y": 7, "publications_years": {"2003": 1}, "citations_years": {"2005": 1, "2006": 2, "2007": 0, "2008": 3, "2009": 2, "2010": 1, "2011": 2, "2012": 1, "2013": 1}, "old_citations": {"2003": 13}, "isVisible": false}, "2974771449": {"name": "m jinno", "type": "author", "activity": 1, "h_index": 1, "h5_index": 0, "mag_id": "2974771449", "num_publications": 1, "num_citations": 13, "num_publications_5y": 0, "num_citations_5y": 0, "num_publications_10y": 0, "num_citations_10y": 7, "publications_years": {"2003": 1}, "citations_years": {"2005": 1, "2006": 2, "2007": 0, "2008": 3, "2009": 2, "2010": 1, "2011": 2, "2012": 1, "2013": 1}, "old_citations": {"2003": 13}, "isVisible": false}, "2915361017": {"name": "z a wang", "type": "author", "activity": 1, "h_index": 1, "h5_index": 0, "mag_id": "2915361017", "num_publications": 1, "num_citations": 10, "num_publications_5y": 0, "num_citations_5y": 0, "num_publications_10y": 0, "num_citations_10y": 7, "publications_years": {"2003": 1}, "citations_years": {"2007": 1, "2008": 2, "2009": 1, "2010": 2, "2011": 2, "2012": 0, "2013": 2}, "old_citations": {"2003": 10}, "isVisible": false}, "2963999130": {"name": "i batarseh", "type": "author", "activity": 8, "h_index": 3, "h5_index": 0, "mag_id": "2963999130", "num_publications": 1, "num_citations": 9, "num_publications_5y": 0, "num_citations_5y": 3, "num_publications_10y": 0, "num_citations_10y": 5, "publications_years": {"2003": 1}, "citations_years": {"2004": 1, "2005": 0, "2006": 1, "2007": 2, "2008": 0, "2009": 1, "2010": 1, "2011": 0, "2012": 0, "2013": 0, "2014": 0, "2015": 2, "2016": 1}, "old_citations": {"2003": 9}, "isVisible": false}, "2974473389": {"name": "j pleite", "type": "author", "activity": 5, "h_index": 2, "h5_index": 0, "mag_id": "2974473389", "num_publications": 1, "num_citations": 7, "num_publications_5y": 0, "num_citations_5y": 0, "num_publications_10y": 0, "num_citations_10y": 1, "publications_years": {"2003": 1}, "citations_years": {"2004": 2, "2005": 2, "2006": 0, "2007": 0, "2008": 2, "2009": 1}, "old_citations": {"2003": 7}, "isVisible": false}, "2974616510": {"name": "m qiu", "type": "author", "activity": 1, "h_index": 1, "h5_index": 0, "mag_id": "2974616510", "num_publications": 1, "num_citations": 7, "num_publications_5y": 0, "num_citations_5y": 1, "num_publications_10y": 0, "num_citations_10y": 2, "publications_years": {"2003": 1}, "citations_years": {"2004": 1, "2005": 1, "2006": 1, "2007": 1, "2008": 1, "2009": 0, "2010": 0, "2011": 0, "2012": 1, "2013": 0, "2014": 0, "2015": 0, "2016": 0, "2017": 1}, "old_citations": {"2003": 7}, "isVisible": false}, "2974755870": {"name": "h zhang", "type": "author", "activity": 1, "h_index": 1, "h5_index": 0, "mag_id": "2974755870", "num_publications": 1, "num_citations": 7, "num_publications_5y": 0, "num_citations_5y": 1, "num_publications_10y": 0, "num_citations_10y": 2, "publications_years": {"2003": 1}, "citations_years": {"2004": 1, "2005": 1, "2006": 1, "2007": 1, "2008": 1, "2009": 0, "2010": 0, "2011": 0, "2012": 1, "2013": 0, "2014": 0, "2015": 0, "2016": 0, "2017": 1}, "old_citations": {"2003": 7}, "isVisible": false}, "2974478124": {"name": "s moisseev", "type": "author", "activity": 1, "h_index": 1, "h5_index": 0, "mag_id": "2974478124", "num_publications": 1, "num_citations": 6, "num_publications_5y": 0, "num_citations_5y": 0, "num_publications_10y": 0, "num_citations_10y": 0, "publications_years": {"2003": 1}, "citations_years": {"2003": 2, "2004": 1, "2005": 1, "2006": 0, "2007": 0, "2008": 2}, "old_citations": {"2003": 6}, "isVisible": false}, "2936289289": {"name": "x d xue", "type": "author", "activity": 1, "h_index": 1, "h5_index": 0, "mag_id": "2936289289", "num_publications": 1, "num_citations": 5, "num_publications_5y": 0, "num_citations_5y": 2, "num_publications_10y": 0, "num_citations_10y": 3, "publications_years": {"2003": 1}, "citations_years": {"2004": 2, "2005": 0, "2006": 0, "2007": 0, "2008": 0, "2009": 0, "2010": 0, "2011": 0, "2012": 0, "2013": 1, "2014": 0, "2015": 0, "2016": 2}, "old_citations": {"2003": 5}, "isVisible": false}, "2938605393": {"name": "s l ho", "type": "author", "activity": 1, "h_index": 1, "h5_index": 0, "mag_id": "2938605393", "num_publications": 1, "num_citations": 5, "num_publications_5y": 0, "num_citations_5y": 2, "num_publications_10y": 0, "num_citations_10y": 3, "publications_years": {"2003": 1}, "citations_years": {"2004": 2, "2005": 0, "2006": 0, "2007": 0, "2008": 0, "2009": 0, "2010": 0, "2011": 0, "2012": 0, "2013": 1, "2014": 0, "2015": 0, "2016": 2}, "old_citations": {"2003": 5}, "isVisible": false}, "2993938517": {"name": "alberto fernandez", "type": "author", "activity": 1, "h_index": 1, "h5_index": 0, "mag_id": "2993938517", "num_publications": 1, "num_citations": 5, "num_publications_5y": 0, "num_citations_5y": 0, "num_publications_10y": 0, "num_citations_10y": 2, "publications_years": {"2003": 1}, "citations_years": {"2005": 1, "2006": 0, "2007": 2, "2008": 0, "2009": 0, "2010": 1, "2011": 1}, "old_citations": {"2003": 5}, "isVisible": false}}, "countries": {"United States": {"name": "United States", "type": "country", "h5_index": 308, "num_publications": 6, "num_citations": 95, "num_publications_5y": 0, "num_citations_5y": 31, "num_publications_10y": 0, "num_citations_10y": 61, "publications_years": {"2003": 6}, "citations_years": {"2004": 4, "2005": 9, "2006": 8, "2007": 7, "2008": 3, "2009": 5, "2010": 11, "2011": 5, "2012": 4, "2013": 5, "2014": 7, "2015": 7, "2016": 9, "2003": 2, "2017": 5, "2018": 3, "2019": 1}, "old_citations": {"2003": 95}, "isVisible": false}, "China": {"name": "China", "type": "country", "h5_index": 214, "num_publications": 4, "num_citations": 76, "num_publications_5y": 0, "num_citations_5y": 18, "num_publications_10y": 0, "num_citations_10y": 65, "publications_years": {"2003": 4}, "citations_years": {"2005": 1, "2006": 0, "2007": 3, "2008": 6, "2009": 13, "2010": 10, "2011": 7, "2012": 12, "2013": 5, "2014": 7, "2015": 4, "2016": 3, "2017": 2, "2018": 2, "2004": 1}, "old_citations": {"2003": 76}, "isVisible": false}, "Japan": {"name": "Japan", "type": "country", "h5_index": 94, "num_publications": 4, "num_citations": 52, "num_publications_5y": 0, "num_citations_5y": 11, "num_publications_10y": 0, "num_citations_10y": 25, "publications_years": {"2003": 4}, "citations_years": {"2003": 4, "2004": 5, "2005": 7, "2006": 0, "2007": 4, "2008": 7, "2009": 2, "2010": 4, "2011": 3, "2012": 3, "2013": 2, "2014": 7, "2015": 3, "2016": 0, "2017": 0, "2018": 1}, "old_citations": {"2003": 52}, "isVisible": false}, "South Korea": {"name": "South Korea", "type": "country", "h5_index": 100, "num_publications": 3, "num_citations": 42, "num_publications_5y": 0, "num_citations_5y": 7, "num_publications_10y": 0, "num_citations_10y": 27, "publications_years": {"2003": 3}, "citations_years": {"2005": 2, "2006": 3, "2007": 2, "2008": 5, "2009": 3, "2010": 4, "2011": 6, "2012": 4, "2013": 3, "2014": 2, "2015": 1, "2016": 0, "2017": 4, "2018": 0, "2019": 3}, "old_citations": {"2003": 42}, "isVisible": false}, "Canada": {"name": "Canada", "type": "country", "h5_index": 128, "num_publications": 1, "num_citations": 7, "num_publications_5y": 0, "num_citations_5y": 1, "num_publications_10y": 0, "num_citations_10y": 2, "publications_years": {"2003": 1}, "citations_years": {"2004": 1, "2005": 1, "2006": 1, "2007": 1, "2008": 1, "2009": 0, "2010": 0, "2011": 0, "2012": 1, "2013": 0, "2014": 0, "2015": 0, "2016": 0, "2017": 1}, "old_citations": {"2003": 7}, "isVisible": false}, "France": {"name": "France", "type": "country", "h5_index": 99, "num_publications": 1, "num_citations": 10, "num_publications_5y": 0, "num_citations_5y": 0, "num_publications_10y": 0, "num_citations_10y": 3, "publications_years": {"2003": 1}, "citations_years": {"2006": 1, "2007": 3, "2008": 3, "2009": 3}, "old_citations": {"2003": 10}, "isVisible": false}, "Germany": {"name": "Germany", "type": "country", "h5_index": 139, "num_publications": 1, "num_citations": 4, "num_publications_5y": 0, "num_citations_5y": 2, "num_publications_10y": 0, "num_citations_10y": 2, "publications_years": {"2003": 1}, "citations_years": {"2005": 1, "2006": 0, "2007": 0, "2008": 1, "2009": 0, "2010": 0, "2011": 0, "2012": 0, "2013": 0, "2014": 0, "2015": 1, "2016": 0, "2017": 0, "2018": 1}, "old_citations": {"2003": 4}, "isVisible": false}, "Italy": {"name": "Italy", "type": "country", "h5_index": 94, "num_publications": 1, "num_citations": 46, "num_publications_5y": 0, "num_citations_5y": 16, "num_publications_10y": 0, "num_citations_10y": 32, "publications_years": {"2003": 1}, "citations_years": {"2004": 2, "2005": 3, "2006": 3, "2007": 0, "2008": 6, "2009": 1, "2010": 3, "2011": 3, "2012": 2, "2013": 7, "2014": 3, "2015": 2, "2016": 4, "2017": 4, "2018": 3}, "old_citations": {"2003": 46}, "isVisible": false}, "Netherlands": {"name": "Netherlands", "type": "country", "h5_index": 91, "num_publications": 1, "num_citations": 9, "num_publications_5y": 0, "num_citations_5y": 0, "num_publications_10y": 0, "num_citations_10y": 4, "publications_years": {"2003": 1}, "citations_years": {"2005": 3, "2006": 1, "2007": 1, "2008": 0, "2009": 2, "2010": 0, "2011": 0, "2012": 0, "2013": 2}, "old_citations": {"2003": 9}, "isVisible": false}, "Poland": {"name": "Poland", "type": "country", "h5_index": 46, "num_publications": 1, "num_citations": 17, "num_publications_5y": 0, "num_citations_5y": 2, "num_publications_10y": 0, "num_citations_10y": 11, "publications_years": {"2003": 1}, "citations_years": {"2004": 2, "2005": 0, "2006": 0, "2007": 1, "2008": 3, "2009": 1, "2010": 0, "2011": 2, "2012": 4, "2013": 2, "2014": 1, "2015": 0, "2016": 0, "2017": 0, "2018": 1}, "old_citations": {"2003": 17}, "isVisible": false}, "Singapore": {"name": "Singapore", "type": "country", "h5_index": 105, "num_publications": 1, "num_citations": 8, "num_publications_5y": 0, "num_citations_5y": 1, "num_publications_10y": 0, "num_citations_10y": 7, "publications_years": {"2003": 1}, "citations_years": {"2009": 4, "2010": 0, "2011": 1, "2012": 0, "2013": 1, "2014": 0, "2015": 0, "2016": 0, "2017": 1, "2018": 0, "2019": 1}, "old_citations": {"2003": 8}, "isVisible": false}, "Spain": {"name": "Spain", "type": "country", "h5_index": 91, "num_publications": 1, "num_citations": 7, "num_publications_5y": 0, "num_citations_5y": 0, "num_publications_10y": 0, "num_citations_10y": 1, "publications_years": {"2003": 1}, "citations_years": {"2004": 2, "2005": 2, "2006": 0, "2007": 0, "2008": 2, "2009": 1}, "old_citations": {"2003": 7}, "isVisible": false}, "Taiwan": {"name": "Taiwan", "type": "country", "h5_index": 69, "num_publications": 1, "num_citations": 13, "num_publications_5y": 0, "num_citations_5y": 0, "num_publications_10y": 0, "num_citations_10y": 7, "publications_years": {"2003": 1}, "citations_years": {"2005": 1, "2006": 2, "2007": 0, "2008": 3, "2009": 2, "2010": 1, "2011": 2, "2012": 1, "2013": 1}, "old_citations": {"2003": 13}, "isVisible": false}}, "industrial_sectors": {"electronics": {"name": "electronics", "type": "industrial sector", "h5_index": 134, "num_publications": 1, "num_citations": 15, "num_publications_5y": 0, "num_citations_5y": 3, "num_publications_10y": 0, "num_citations_10y": 6, "publications_years": {"2003": 1}, "citations_years": {"2003": 1, "2004": 1, "2005": 1, "2006": 0, "2007": 4, "2008": 2, "2009": 1, "2010": 1, "2011": 0, "2012": 1, "2013": 0, "2014": 3}, "old_citations": {"2003": 15}, "isVisible": false}, "technology": {"name": "technology", "type": "industrial sector", "h5_index": 229, "num_publications": 1, "num_citations": 15, "num_publications_5y": 0, "num_citations_5y": 3, "num_publications_10y": 0, "num_citations_10y": 6, "publications_years": {"2003": 1}, "citations_years": {"2003": 1, "2004": 1, "2005": 1, "2006": 0, "2007": 4, "2008": 2, "2009": 1, "2010": 1, "2011": 0, "2012": 1, "2013": 0, "2014": 3}, "old_citations": {"2003": 15}, "isVisible": false}}}, "conference_comparison": {"computer science": {}}, "topics_dna": {"publications": {}, "citations": {"normalized": {}, "average": {}}}, "info": {"num_publications": 37, "num_citations": 594.0, "impact_factor": {}, "publications_years": {"2003": 37}, "citations_years": {"2003": 7, "2004": 23, "2005": 46, "2006": 34, "2007": 37, "2008": 53, "2009": 51, "2010": 48, "2011": 42, "2012": 50, "2013": 43, "2014": 42, "2015": 31, "2016": 36, "2017": 28, "2018": 13, "2019": 10}, "old_citations": {"2003": 594}, "h5_index": 0}, "percentile": {"computer science": {"2003": 90}}, "conference_ranking": {"computer science": {"2003": 411}}, "academia": {"num_publications": 22, "num_citations": 350, "publications_years": {"2003": 22}, "old_citations": {"2003": 350}, "num_publications_5y": 0, "num_citations_5y": 0, "num_publications_10y": 0, "num_citations_10y": 0}, "industry": {"num_publications": 0, "num_citations": 0, "publications_years": {}, "old_citations": {}, "num_publications_5y": 0, "num_citations_5y": 0, "num_publications_10y": 0, "num_citations_10y": 0}, "collaborative": {"num_publications": 1, "num_citations": 15, "publications_years": {"2003": 1}, "old_citations": {"2003": 15}, "num_publications_5y": 0, "num_citations_5y": 0, "num_publications_10y": 0, "num_citations_10y": 0}, "conferences": {}, "journals": {}, "organizations": {"publication_overall": ["Hanyang University", "Kyushu University", "Nanjing University", "Yamaguchi University", "Concordia University", "Dartmouth College", "Delft University of Technology", "Folkwang University of the Arts", "French National Centre for Scientific Research", "I-Shou University", "Instituto de Salud Carlos III", "Kumoh National Institute of Technology", "Nanyang Technological University", "Polytechnic University of Turin", "TDK (Japan)", "Texas A&M University", "Tsinghua University", "University of Central Florida", "University of Illinois at Urbana Champaign", "University of Missouri", "University of Zielona G\u00f3ra", "Valparaiso University", "Xi'an Jiaotong University"], "citation_overall": ["Nanjing University", "Texas A&M University", "Polytechnic University of Turin", "Hanyang University", "Yamaguchi University", "Kyushu University", "University of Zielona G\u00f3ra", "TDK (Japan)", "Dartmouth College", "I-Shou University", "French National Centre for Scientific Research", "Xi'an Jiaotong University", "Delft University of Technology", "University of Central Florida", "Nanyang Technological University", "Concordia University", "Instituto de Salud Carlos III", "University of Illinois at Urbana Champaign", "Folkwang University of the Arts", "Kumoh National Institute of Technology", "Valparaiso University", "Tsinghua University", "University of Missouri"], "publication_10_years": [], "citation_10_years": [], "publication_5_years": [], "citation_5_years": []}, "countries": {"publication_overall": ["United States", "China", "Japan", "South Korea", "Canada", "France", "Germany", "Italy", "Netherlands", "Poland", "Singapore", "Spain", "Taiwan"], "citation_overall": ["United States", "China", "Japan", "Italy", "South Korea", "Poland", "Taiwan", "France", "Netherlands", "Singapore", "Canada", "Spain", "Germany"], "publication_10_years": [], "citation_10_years": [], "publication_5_years": [], "citation_5_years": []}, "topics": {"publication_overall": ["computer science", "computer systems", "computer networks", "mathematics", "computer hardware", "engineering", "telecommunication systems", "matrix algebra", "communication systems", "linear matrix inequalities", "wireless telecommunication systems", "signal processing", "switching control", "switching systems", "sensors", "bandwidth", "fiber optic networks", "microprocessor chips", "network topology", "robotics"], "citation_overall": ["computer science", "computer systems", "computer networks", "mathematics", "telecommunication systems", "computer hardware", "communication systems", "wireless telecommunication systems", "matrix algebra", "linear matrix inequalities", "sensors", "fiber optic networks", "network topology", "switching control", "switching systems", "optical fibers", "optical materials", "pulsed laser applications", "engineering", "fiber lasers"], "publication_10_years": [], "citation_10_years": [], "publication_5_years": [], "citation_5_years": []}, "main_topics": ["computer science"], "authors": {"publication_overall": ["2132229325", "2078687290", "2145468365", "2505057009", "98607083", "154023052", "212474694", "253875730", "304149158", "661554572", "1175203240", "1616826797", "1832197716", "1885005392", "1892796201", "1986447732", "2003474401", "2007691347", "2013919721", "2014290859", "2019601011", "2046831020", "2062456341", "2063300140", "2065081339", "2069831376", "2079700792", "2081479045", "2091804408", "2096463319", "2097788790", "2100590599", "2103372300", "2105986941", "2106567118", "2107065624", "2107551309", "2107854809", "2109885097", "2112889444", "2113463976", "2116809074", "2117853956", "2126947194", "2127938198", "2132192692", "2132446264", "2134786688", "2137892479", "2146289847", "2146440154", "2147803596", "2148167838", "2152747051", "2153995839", "2154954147", "2155470566", "2162935594", "2168462260", "2181794324", "2206646516", "2285496854", "2288839327", "2307382902", "2307513325", "2311942417", "2319936794", "2344110432", "2429063581", "2431417521", "2436880249", "2461089836", "2465863959", "2476471131", "2489198121", "2574685458", "2575827695", "2635436804", "2645233054", "2645397896", "2650470583", "2652022391", "2654496049", "2663050251", "2666225764", "2667734817", "2668996809", "2673881488", "2676512806", "2681691835", "2683587803", "2684861374", "2689102713", "2689965735", "2764428289", "2793824705", "2798451866", "2804408586", "2858992251", "2906627849"], "citation_overall": ["2107551309", "2429063581", "2436880249", "2575827695", "2906627849", "1986447732", "2013919721", "2134786688", "2152747051", "2100590599", "2489198121", "2652022391", "2974472528", "2667734817", "2668996809", "2046831020", "2091804408", "2465863959", "2078687290", "2145468365", "2505057009", "2132229325", "2063300140", "2654496049", "2673881488", "2973975417", "2974045118", "2983566818", "2146440154", "2684861374", "2974475345", "2974913619", "304149158", "1175203240", "2132192692", "2476471131", "2181794324", "2206646516", "2116809074", "2798451866", "2804408586", "2937857125", "2148167838", "2635436804", "2973277033", "2974771449", "1616826797", "1892796201", "2007691347", "2107065624", "2126947194", "2311942417", "2319936794", "2574685458", "2645397896", "2663050251", "2683587803", "2915361017", "2003474401", "2117853956", "2153995839", "2154954147", "2168462260", "2288839327", "2307513325", "2650470583", "2689102713", "2963999130", "2132446264", "2689965735", "2079700792", "2112889444", "2113463976", "2155470566", "2307382902", "2645233054", "2974473389", "2974616510", "2974755870", "2014290859", "2096463319", "2097788790", "2105986941", "2106567118", "2146289847", "2764428289", "2974478124", "2103372300", "2109885097", "2162935594", "2285496854", "2344110432", "2676512806", "2681691835", "2936289289", "2938605393", "2993938517", "98607083", "154023052", "253875730"], "publication_10_years": [], "citation_10_years": [], "publication_5_years": [], "citation_5_years": []}, "industrial_sectors": {"publication_overall": ["electronics", "technology"], "citation_overall": ["electronics", "technology"], "publication_10_years": [], "citation_10_years": [], "publication_5_years": [], "citation_5_years": []}}