{"name": "International Workshop on Satisfiability Modulo Theories", "acronym": "SMT", "type": "conference", "uniqueEntities": {"organizations": {"Johannes Kepler University of Linz": {"name": "Johannes Kepler University of Linz", "type": "organization", "organization_type": "Education", "h_index": 74, "h5_index": 29, "num_publications": 4, "num_citations": 73, "num_publications_5y": 0, "num_citations_5y": 26, "num_publications_10y": 2, "num_citations_10y": 67, "publications_years": {"2008": 2, "2009": 1, "2013": 1}, "citations_years": {"2008": 2, "2009": 8, "2010": 10, "2011": 4, "2012": 6, "2013": 13, "2014": 5, "2015": 3, "2016": 6, "2017": 4, "2018": 8, "2019": 4}, "old_citations": {"2008": 45, "2009": 42, "2013": 5}, "isVisible": false}, "Uppsala University": {"name": "Uppsala University", "type": "organization", "organization_type": "Education", "h_index": 111, "h5_index": 30, "num_publications": 4, "num_citations": 3, "num_publications_5y": 4, "num_citations_5y": 3, "num_publications_10y": 4, "num_citations_10y": 3, "publications_years": {"2016": 2, "2014": 2}, "citations_years": {"2015": 3}, "old_citations": {"2016": 0, "2014": 3}, "isVisible": false}, "University of Iowa": {"name": "University of Iowa", "type": "organization", "organization_type": "Education", "h_index": 108, "h5_index": 24, "num_publications": 3, "num_citations": 1, "num_publications_5y": 1, "num_citations_5y": 0, "num_publications_10y": 2, "num_citations_10y": 0, "publications_years": {"2009": 1, "2017": 1, "2008": 1}, "citations_years": {"2019": 1}, "old_citations": {"2009": 15, "2017": 1, "2008": 24}, "isVisible": false}, "Ericsson (Sweden)": {"name": "Ericsson (Sweden)", "type": "organization", "organization_type": "Company", "h_index": 158, "h5_index": 36, "num_publications": 2, "num_citations": 3, "num_publications_5y": 2, "num_citations_5y": 3, "num_publications_10y": 2, "num_citations_10y": 3, "publications_years": {"2014": 2}, "citations_years": {"2015": 3}, "old_citations": {"2014": 3}, "isVisible": false}, "French Institute for Research in Computer Science and Automation": {"name": "French Institute for Research in Computer Science and Automation", "type": "organization", "organization_type": "Government", "h_index": 247, "h5_index": 53, "num_publications": 2, "num_citations": 1, "num_publications_5y": 0, "num_citations_5y": 1, "num_publications_10y": 2, "num_citations_10y": 1, "publications_years": {"2013": 1, "2010": 1}, "citations_years": {"2014": 1}, "old_citations": {"2013": 1, "2010": 4}, "isVisible": false}, "Intel (United States)": {"name": "Intel (United States)", "type": "organization", "organization_type": "Company", "h_index": 279, "h5_index": 62, "num_publications": 2, "num_citations": 10, "num_publications_5y": 0, "num_citations_5y": 6, "num_publications_10y": 1, "num_citations_10y": 10, "publications_years": {"2012": 1, "2008": 1}, "citations_years": {"2012": 1, "2013": 3, "2014": 0, "2015": 2, "2016": 0, "2017": 4}, "old_citations": {"2012": 10, "2008": 24}, "isVisible": false}, "Microsoft (United States)": {"name": "Microsoft (United States)", "type": "organization", "organization_type": "Company", "h_index": 460, "h5_index": 116, "num_publications": 2, "num_citations": 0, "num_publications_5y": 1, "num_citations_5y": 0, "num_publications_10y": 1, "num_citations_10y": 0, "publications_years": {"2016": 1, "2008": 1}, "citations_years": {}, "old_citations": {"2016": 0, "2008": 0}, "isVisible": false}, "New York University": {"name": "New York University", "type": "organization", "organization_type": "Education", "h_index": 228, "h5_index": 59, "num_publications": 2, "num_citations": 0, "num_publications_5y": 0, "num_citations_5y": 0, "num_publications_10y": 1, "num_citations_10y": 0, "publications_years": {"2008": 1, "2013": 1}, "citations_years": {}, "old_citations": {"2008": 0, "2013": 0}, "isVisible": false}, "TU Wien": {"name": "TU Wien", "type": "organization", "organization_type": "Education", "h_index": 131, "h5_index": 38, "num_publications": 2, "num_citations": 2, "num_publications_5y": 1, "num_citations_5y": 1, "num_publications_10y": 2, "num_citations_10y": 1, "publications_years": {"2017": 1, "2010": 1}, "citations_years": {"2018": 1, "2019": 1}, "old_citations": {"2017": 2, "2010": 4}, "isVisible": false}, "Cairo University": {"name": "Cairo University", "type": "organization", "organization_type": "Education", "h_index": 54, "h5_index": 27, "num_publications": 1, "num_citations": 1, "num_publications_5y": 0, "num_citations_5y": 0, "num_publications_10y": 1, "num_citations_10y": 0, "publications_years": {"2013": 1}, "citations_years": {"2019": 1}, "old_citations": {"2013": 1}, "isVisible": false}, "Chalmers University of Technology": {"name": "Chalmers University of Technology", "type": "organization", "organization_type": "Education", "h_index": 117, "h5_index": 35, "num_publications": 1, "num_citations": 2, "num_publications_5y": 1, "num_citations_5y": 1, "num_publications_10y": 1, "num_citations_10y": 1, "publications_years": {"2017": 1}, "citations_years": {"2018": 1, "2019": 1}, "old_citations": {"2017": 2}, "isVisible": false}, "Concordia University": {"name": "Concordia University", "type": "organization", "organization_type": "Education", "h_index": 105, "h5_index": 36, "num_publications": 1, "num_citations": 0, "num_publications_5y": 0, "num_citations_5y": 0, "num_publications_10y": 1, "num_citations_10y": 0, "publications_years": {"2009": 1}, "citations_years": {}, "old_citations": {"2009": 4}, "isVisible": false}, "Fondazione Bruno Kessler": {"name": "Fondazione Bruno Kessler", "type": "organization", "organization_type": "Facility", "h_index": 58, "h5_index": 25, "num_publications": 1, "num_citations": 0, "num_publications_5y": 0, "num_citations_5y": 0, "num_publications_10y": 1, "num_citations_10y": 0, "publications_years": {"2013": 1}, "citations_years": {}, "old_citations": {"2013": 0}, "isVisible": false}, "Karlsruhe Institute of Technology": {"name": "Karlsruhe Institute of Technology", "type": "organization", "organization_type": "Education", "h_index": 156, "h5_index": 37, "num_publications": 1, "num_citations": 0, "num_publications_5y": 0, "num_citations_5y": 0, "num_publications_10y": 1, "num_citations_10y": 0, "publications_years": {"2013": 1}, "citations_years": {}, "old_citations": {"2013": 0}, "isVisible": false}, "Massachusetts Institute of Technology": {"name": "Massachusetts Institute of Technology", "type": "organization", "organization_type": "Education", "h_index": 475, "h5_index": 100, "num_publications": 1, "num_citations": 5, "num_publications_5y": 0, "num_citations_5y": 3, "num_publications_10y": 1, "num_citations_10y": 3, "publications_years": {"2012": 1}, "citations_years": {"2014": 1, "2015": 1, "2016": 1, "2017": 0, "2018": 0, "2019": 0, "2020": 2}, "old_citations": {"2012": 5}, "isVisible": false}, "Max Planck Society": {"name": "Max Planck Society", "type": "organization", "organization_type": "Nonprofit", "h_index": 248, "h5_index": 87, "num_publications": 1, "num_citations": 1, "num_publications_5y": 1, "num_citations_5y": 1, "num_publications_10y": 1, "num_citations_10y": 1, "publications_years": {"2014": 1}, "citations_years": {"2015": 1}, "old_citations": {"2014": 1}, "isVisible": false}, "SRI International": {"name": "SRI International", "type": "organization", "organization_type": "Nonprofit", "h_index": 142, "h5_index": 22, "num_publications": 1, "num_citations": 0, "num_publications_5y": 0, "num_citations_5y": 0, "num_publications_10y": 1, "num_citations_10y": 0, "publications_years": {"2013": 1}, "citations_years": {}, "old_citations": {"2013": 0}, "isVisible": false}, "University of Milan": {"name": "University of Milan", "type": "organization", "organization_type": "Education", "h_index": 110, "h5_index": 26, "num_publications": 1, "num_citations": 0, "num_publications_5y": 0, "num_citations_5y": 0, "num_publications_10y": 1, "num_citations_10y": 0, "publications_years": {"2013": 1}, "citations_years": {}, "old_citations": {"2013": 0}, "isVisible": false}, "University of Paris-Sud": {"name": "University of Paris-Sud", "type": "organization", "organization_type": "Education", "h_index": 79, "h5_index": 22, "num_publications": 1, "num_citations": 1, "num_publications_5y": 0, "num_citations_5y": 1, "num_publications_10y": 1, "num_citations_10y": 1, "publications_years": {"2013": 1}, "citations_years": {"2014": 1}, "old_citations": {"2013": 1}, "isVisible": false}, "University of Verona": {"name": "University of Verona", "type": "organization", "organization_type": "Education", "h_index": 58, "h5_index": 20, "num_publications": 1, "num_citations": 0, "num_publications_5y": 0, "num_citations_5y": 0, "num_publications_10y": 0, "num_citations_10y": 0, "publications_years": {"2019": 1}, "citations_years": {}, "old_citations": {"2019": 0}, "isVisible": false}, "University of Wroc\u0142aw": {"name": "University of Wroc\u0142aw", "type": "organization", "organization_type": "Education", "h_index": 36, "h5_index": 13, "num_publications": 1, "num_citations": 28, "num_publications_5y": 0, "num_citations_5y": 10, "num_publications_10y": 1, "num_citations_10y": 25, "publications_years": {"2009": 1}, "citations_years": {"2010": 2, "2011": 6, "2012": 2, "2013": 5, "2014": 2, "2015": 2, "2016": 6, "2017": 0, "2018": 0, "2019": 3}, "old_citations": {"2009": 28}, "isVisible": false}, "Virginia Tech": {"name": "Virginia Tech", "type": "organization", "organization_type": "Education", "h_index": 151, "h5_index": 52, "num_publications": 1, "num_citations": 0, "num_publications_5y": 0, "num_citations_5y": 0, "num_publications_10y": 0, "num_citations_10y": 0, "publications_years": {"2008": 1}, "citations_years": {}, "old_citations": {"2008": 7}, "isVisible": false}, "Washington University in St. Louis": {"name": "Washington University in St. Louis", "type": "organization", "organization_type": "Education", "h_index": 162, "h5_index": 35, "num_publications": 1, "num_citations": 8, "num_publications_5y": 0, "num_citations_5y": 1, "num_publications_10y": 0, "num_citations_10y": 7, "publications_years": {"2008": 1}, "citations_years": {"2008": 1, "2009": 3, "2010": 0, "2011": 1, "2012": 1, "2013": 1, "2014": 1}, "old_citations": {"2008": 8}, "isVisible": false}, "\u00c9cole Normale Sup\u00e9rieure": {"name": "\u00c9cole Normale Sup\u00e9rieure", "type": "organization", "organization_type": "Other", "h_index": 189, "h5_index": 38, "num_publications": 1, "num_citations": 0, "num_publications_5y": 1, "num_citations_5y": 0, "num_publications_10y": 1, "num_citations_10y": 0, "publications_years": {"2018": 1}, "citations_years": {}, "old_citations": {"2018": 0}, "isVisible": false}}, "topics": {"computer science": {"name": "computer science", "type": "topic", "h_index": 1779, "h5_index": 416, "num_publications": 28, "num_citations": 167, "num_publications_5y": 8, "num_citations_5y": 67, "num_publications_10y": 21, "num_citations_10y": 152, "publications_years": {"2009": 5, "2008": 7, "2016": 1, "2017": 2, "2013": 4, "2012": 3, "2014": 4, "2018": 1, "2010": 1}, "citations_years": {"2019": 10, "2008": 3, "2009": 11, "2010": 15, "2011": 12, "2012": 17, "2013": 30, "2014": 14, "2015": 16, "2016": 18, "2017": 9, "2018": 10, "2020": 2}, "old_citations": {"2009": 89, "2008": 119, "2016": 0, "2017": 3, "2013": 6, "2012": 20, "2014": 4, "2018": 0, "2010": 4}, "isVisible": false}, "artificial intelligence": {"name": "artificial intelligence", "type": "topic", "h_index": 1421, "h5_index": 373, "num_publications": 26, "num_citations": 132, "num_publications_5y": 8, "num_citations_5y": 51, "num_publications_10y": 21, "num_citations_10y": 117, "publications_years": {"2009": 5, "2016": 1, "2008": 5, "2017": 2, "2013": 4, "2012": 3, "2014": 4, "2018": 1, "2010": 1}, "citations_years": {"2019": 10, "2008": 3, "2009": 11, "2010": 12, "2011": 11, "2012": 10, "2013": 22, "2014": 9, "2015": 12, "2016": 13, "2017": 8, "2018": 9, "2020": 2}, "old_citations": {"2009": 89, "2016": 0, "2008": 77, "2017": 3, "2013": 6, "2012": 20, "2014": 4, "2018": 0, "2010": 4}, "isVisible": false}, "computer systems": {"name": "computer systems", "type": "topic", "h_index": 1595, "h5_index": 367, "num_publications": 25, "num_citations": 167, "num_publications_5y": 7, "num_citations_5y": 67, "num_publications_10y": 18, "num_citations_10y": 152, "publications_years": {"2009": 5, "2008": 7, "2016": 1, "2017": 2, "2013": 4, "2012": 2, "2018": 1, "2014": 3}, "citations_years": {"2019": 10, "2008": 3, "2009": 11, "2010": 15, "2011": 12, "2012": 17, "2013": 30, "2014": 14, "2015": 16, "2016": 18, "2017": 9, "2018": 10, "2020": 2}, "old_citations": {"2009": 89, "2008": 119, "2016": 0, "2017": 3, "2013": 6, "2012": 15, "2018": 0, "2014": 4}, "isVisible": false}, "formal logic": {"name": "formal logic", "type": "topic", "h_index": 532, "h5_index": 93, "num_publications": 22, "num_citations": 129, "num_publications_5y": 6, "num_citations_5y": 50, "num_publications_10y": 17, "num_citations_10y": 116, "publications_years": {"2009": 5, "2016": 1, "2008": 5, "2013": 2, "2012": 3, "2017": 1, "2014": 3, "2018": 1, "2010": 1}, "citations_years": {"2008": 3, "2009": 11, "2010": 12, "2011": 11, "2012": 10, "2013": 22, "2014": 9, "2015": 11, "2016": 13, "2017": 8, "2018": 9, "2019": 8, "2020": 2}, "old_citations": {"2009": 89, "2016": 0, "2008": 77, "2013": 5, "2012": 20, "2017": 2, "2014": 3, "2018": 0, "2010": 4}, "isVisible": false}, "mathematics": {"name": "mathematics", "type": "topic", "h_index": 1364, "h5_index": 300, "num_publications": 21, "num_citations": 125, "num_publications_5y": 4, "num_citations_5y": 47, "num_publications_10y": 14, "num_citations_10y": 113, "publications_years": {"2009": 4, "2008": 7, "2016": 1, "2017": 2, "2013": 4, "2012": 2, "2014": 1}, "citations_years": {"2019": 7, "2008": 3, "2009": 11, "2010": 13, "2011": 6, "2012": 14, "2013": 22, "2014": 12, "2015": 8, "2016": 12, "2017": 5, "2018": 10, "2020": 2}, "old_citations": {"2009": 61, "2008": 119, "2016": 0, "2017": 3, "2013": 6, "2012": 10, "2014": 0}, "isVisible": false}, "software design": {"name": "software design", "type": "topic", "h_index": 907, "h5_index": 227, "num_publications": 21, "num_citations": 126, "num_publications_5y": 4, "num_citations_5y": 47, "num_publications_10y": 15, "num_citations_10y": 113, "publications_years": {"2009": 5, "2008": 6, "2016": 1, "2013": 3, "2012": 2, "2017": 1, "2014": 1, "2018": 1, "2010": 1}, "citations_years": {"2008": 3, "2009": 11, "2010": 12, "2011": 11, "2012": 10, "2013": 22, "2014": 9, "2015": 8, "2016": 13, "2017": 8, "2018": 9, "2019": 8, "2020": 2}, "old_citations": {"2009": 89, "2008": 84, "2016": 0, "2013": 5, "2012": 15, "2017": 2, "2014": 0, "2018": 0, "2010": 4}, "isVisible": false}, "software engineering": {"name": "software engineering", "type": "topic", "h_index": 964, "h5_index": 236, "num_publications": 21, "num_citations": 126, "num_publications_5y": 4, "num_citations_5y": 47, "num_publications_10y": 15, "num_citations_10y": 113, "publications_years": {"2009": 5, "2008": 6, "2016": 1, "2013": 3, "2012": 2, "2017": 1, "2014": 1, "2018": 1, "2010": 1}, "citations_years": {"2008": 3, "2009": 11, "2010": 12, "2011": 11, "2012": 10, "2013": 22, "2014": 9, "2015": 8, "2016": 13, "2017": 8, "2018": 9, "2019": 8, "2020": 2}, "old_citations": {"2009": 89, "2008": 84, "2016": 0, "2013": 5, "2012": 15, "2017": 2, "2014": 0, "2018": 0, "2010": 4}, "isVisible": false}, "embedded systems": {"name": "embedded systems", "type": "topic", "h_index": 799, "h5_index": 168, "num_publications": 19, "num_citations": 127, "num_publications_5y": 4, "num_citations_5y": 47, "num_publications_10y": 14, "num_citations_10y": 113, "publications_years": {"2009": 5, "2008": 5, "2016": 1, "2017": 2, "2013": 3, "2012": 2, "2018": 1}, "citations_years": {"2019": 9, "2008": 3, "2009": 11, "2010": 12, "2011": 11, "2012": 10, "2013": 22, "2014": 9, "2015": 8, "2016": 13, "2017": 8, "2018": 9, "2020": 2}, "old_citations": {"2009": 89, "2008": 65, "2016": 0, "2017": 3, "2013": 5, "2012": 15, "2018": 0}, "isVisible": false}, "software architecture": {"name": "software architecture", "type": "topic", "h_index": 821, "h5_index": 210, "num_publications": 18, "num_citations": 126, "num_publications_5y": 3, "num_citations_5y": 47, "num_publications_10y": 13, "num_citations_10y": 113, "publications_years": {"2009": 5, "2008": 5, "2016": 1, "2013": 3, "2012": 2, "2017": 1, "2018": 1}, "citations_years": {"2008": 3, "2009": 11, "2010": 12, "2011": 11, "2012": 10, "2013": 22, "2014": 9, "2015": 8, "2016": 13, "2017": 8, "2018": 9, "2019": 8, "2020": 2}, "old_citations": {"2009": 89, "2008": 65, "2016": 0, "2013": 5, "2012": 15, "2017": 2, "2018": 0}, "isVisible": false}, "architecting": {"name": "architecting", "type": "topic", "h_index": 522, "h5_index": 97, "num_publications": 17, "num_citations": 126, "num_publications_5y": 3, "num_citations_5y": 47, "num_publications_10y": 12, "num_citations_10y": 113, "publications_years": {"2009": 5, "2008": 5, "2016": 1, "2013": 2, "2012": 2, "2017": 1, "2018": 1}, "citations_years": {"2008": 3, "2009": 11, "2010": 12, "2011": 11, "2012": 10, "2013": 22, "2014": 9, "2015": 8, "2016": 13, "2017": 8, "2018": 9, "2019": 8, "2020": 2}, "old_citations": {"2009": 89, "2008": 65, "2016": 0, "2013": 5, "2012": 15, "2017": 2, "2018": 0}, "isVisible": false}, "architecture verification and validation": {"name": "architecture verification and validation", "type": "topic", "h_index": 434, "h5_index": 78, "num_publications": 17, "num_citations": 126, "num_publications_5y": 3, "num_citations_5y": 47, "num_publications_10y": 12, "num_citations_10y": 113, "publications_years": {"2009": 5, "2008": 5, "2016": 1, "2013": 2, "2012": 2, "2017": 1, "2018": 1}, "citations_years": {"2008": 3, "2009": 11, "2010": 12, "2011": 11, "2012": 10, "2013": 22, "2014": 9, "2015": 8, "2016": 13, "2017": 8, "2018": 9, "2019": 8, "2020": 2}, "old_citations": {"2009": 89, "2008": 65, "2016": 0, "2013": 5, "2012": 15, "2017": 2, "2018": 0}, "isVisible": false}, "computer programming": {"name": "computer programming", "type": "topic", "h_index": 873, "h5_index": 186, "num_publications": 17, "num_citations": 155, "num_publications_5y": 5, "num_citations_5y": 64, "num_publications_10y": 14, "num_citations_10y": 143, "publications_years": {"2016": 1, "2009": 3, "2008": 3, "2017": 1, "2013": 3, "2012": 3, "2018": 1, "2014": 2}, "citations_years": {"2019": 8, "2008": 2, "2009": 8, "2010": 15, "2011": 11, "2012": 16, "2013": 29, "2014": 13, "2015": 15, "2016": 18, "2017": 9, "2018": 9, "2020": 2}, "old_citations": {"2016": 0, "2009": 70, "2008": 61, "2017": 1, "2013": 5, "2012": 20, "2018": 0, "2014": 3}, "isVisible": false}, "model checking": {"name": "model checking", "type": "topic", "h_index": 433, "h5_index": 77, "num_publications": 17, "num_citations": 126, "num_publications_5y": 3, "num_citations_5y": 47, "num_publications_10y": 12, "num_citations_10y": 113, "publications_years": {"2009": 5, "2008": 5, "2016": 1, "2013": 2, "2012": 2, "2017": 1, "2018": 1}, "citations_years": {"2008": 3, "2009": 11, "2010": 12, "2011": 11, "2012": 10, "2013": 22, "2014": 9, "2015": 8, "2016": 13, "2017": 8, "2018": 9, "2019": 8, "2020": 2}, "old_citations": {"2009": 89, "2008": 65, "2016": 0, "2013": 5, "2012": 15, "2017": 2, "2018": 0}, "isVisible": false}, "computer programming languages": {"name": "computer programming languages", "type": "topic", "h_index": 746, "h5_index": 154, "num_publications": 16, "num_citations": 155, "num_publications_5y": 5, "num_citations_5y": 64, "num_publications_10y": 13, "num_citations_10y": 143, "publications_years": {"2016": 1, "2009": 3, "2008": 3, "2017": 1, "2013": 2, "2012": 3, "2018": 1, "2014": 2}, "citations_years": {"2019": 8, "2008": 2, "2009": 8, "2010": 15, "2011": 11, "2012": 16, "2013": 29, "2014": 13, "2015": 15, "2016": 18, "2017": 9, "2018": 9, "2020": 2}, "old_citations": {"2016": 0, "2009": 70, "2008": 61, "2017": 1, "2013": 5, "2012": 20, "2018": 0, "2014": 3}, "isVisible": false}, "linguistics": {"name": "linguistics", "type": "topic", "h_index": 867, "h5_index": 206, "num_publications": 16, "num_citations": 156, "num_publications_5y": 5, "num_citations_5y": 65, "num_publications_10y": 12, "num_citations_10y": 144, "publications_years": {"2016": 1, "2009": 3, "2008": 4, "2017": 1, "2012": 3, "2018": 1, "2014": 2, "2013": 1}, "citations_years": {"2019": 8, "2008": 2, "2009": 8, "2010": 15, "2011": 11, "2012": 16, "2013": 29, "2014": 13, "2015": 16, "2016": 18, "2017": 9, "2018": 9, "2020": 2}, "old_citations": {"2016": 0, "2009": 74, "2008": 85, "2017": 1, "2012": 20, "2018": 0, "2014": 4, "2013": 5}, "isVisible": false}, "computer networks": {"name": "computer networks", "type": "topic", "h_index": 1262, "h5_index": 332, "num_publications": 14, "num_citations": 42, "num_publications_5y": 5, "num_citations_5y": 17, "num_publications_10y": 11, "num_citations_10y": 35, "publications_years": {"2009": 1, "2016": 1, "2017": 2, "2008": 3, "2013": 3, "2014": 2, "2010": 1, "2012": 1}, "citations_years": {"2019": 3, "2008": 2, "2009": 6, "2010": 2, "2011": 0, "2012": 3, "2013": 7, "2014": 4, "2015": 4, "2016": 5, "2017": 2, "2018": 2, "2020": 2}, "old_citations": {"2009": 15, "2016": 0, "2017": 3, "2008": 69, "2013": 5, "2014": 3, "2010": 4, "2012": 5}, "isVisible": false}, "matrix algebra": {"name": "matrix algebra", "type": "topic", "h_index": 771, "h5_index": 183, "num_publications": 14, "num_citations": 116, "num_publications_5y": 3, "num_citations_5y": 46, "num_publications_10y": 9, "num_citations_10y": 106, "publications_years": {"2008": 5, "2016": 1, "2009": 2, "2017": 2, "2013": 2, "2012": 2}, "citations_years": {"2019": 6, "2008": 2, "2009": 8, "2010": 13, "2011": 5, "2012": 13, "2013": 21, "2014": 11, "2015": 8, "2016": 12, "2017": 5, "2018": 10, "2020": 2}, "old_citations": {"2008": 111, "2016": 0, "2009": 46, "2017": 3, "2013": 5, "2012": 10}, "isVisible": false}, "computer hardware": {"name": "computer hardware", "type": "topic", "h_index": 1150, "h5_index": 279, "num_publications": 13, "num_citations": 39, "num_publications_5y": 3, "num_citations_5y": 14, "num_publications_10y": 9, "num_citations_10y": 32, "publications_years": {"2009": 1, "2008": 4, "2016": 1, "2017": 2, "2013": 3, "2010": 1, "2012": 1}, "citations_years": {"2019": 3, "2008": 2, "2009": 6, "2010": 2, "2011": 0, "2012": 3, "2013": 7, "2014": 4, "2015": 1, "2016": 5, "2017": 2, "2018": 2, "2020": 2}, "old_citations": {"2009": 15, "2008": 76, "2016": 0, "2017": 3, "2013": 5, "2010": 4, "2012": 5}, "isVisible": false}, "software quality": {"name": "software quality", "type": "topic", "h_index": 534, "h5_index": 122, "num_publications": 13, "num_citations": 93, "num_publications_5y": 3, "num_citations_5y": 36, "num_publications_10y": 10, "num_citations_10y": 84, "publications_years": {"2009": 3, "2008": 3, "2016": 1, "2013": 1, "2012": 2, "2014": 1, "2018": 1, "2010": 1}, "citations_years": {"2008": 1, "2009": 5, "2010": 10, "2011": 11, "2012": 7, "2013": 15, "2014": 6, "2015": 8, "2016": 9, "2017": 6, "2018": 7, "2019": 6, "2020": 2}, "old_citations": {"2009": 85, "2008": 34, "2016": 0, "2013": 0, "2012": 15, "2014": 0, "2018": 0, "2010": 4}, "isVisible": false}, "satisfiability": {"name": "satisfiability", "type": "topic", "h_index": 183, "h5_index": 34, "num_publications": 12, "num_citations": 90, "num_publications_5y": 2, "num_citations_5y": 35, "num_publications_10y": 8, "num_citations_10y": 79, "publications_years": {"2016": 1, "2009": 4, "2008": 4, "2017": 1, "2012": 1, "2013": 1}, "citations_years": {"2008": 1, "2009": 5, "2010": 10, "2011": 11, "2012": 6, "2013": 12, "2014": 6, "2018": 8, "2019": 8, "2015": 6, "2016": 11, "2017": 4, "2020": 2}, "old_citations": {"2016": 0, "2009": 74, "2008": 51, "2017": 2, "2012": 5, "2013": 5}, "isVisible": false}, "theoretical computer science": {"name": "theoretical computer science", "type": "topic", "h_index": 883, "h5_index": 203, "num_publications": 11, "num_citations": 79, "num_publications_5y": 2, "num_citations_5y": 29, "num_publications_10y": 8, "num_citations_10y": 70, "publications_years": {"2016": 1, "2009": 2, "2008": 3, "2017": 1, "2012": 2, "2010": 1, "2013": 1}, "citations_years": {"2019": 5, "2008": 2, "2009": 8, "2010": 10, "2011": 4, "2012": 6, "2013": 13, "2014": 6, "2015": 4, "2016": 7, "2017": 4, "2018": 8, "2020": 2}, "old_citations": {"2016": 0, "2009": 46, "2008": 50, "2017": 1, "2012": 10, "2010": 4, "2013": 5}, "isVisible": false}, "iterative solvers": {"name": "iterative solvers", "type": "topic", "h_index": 120, "h5_index": 32, "num_publications": 7, "num_citations": 84, "num_publications_5y": 2, "num_citations_5y": 36, "num_publications_10y": 5, "num_citations_10y": 78, "publications_years": {"2016": 1, "2012": 2, "2008": 2, "2017": 1, "2009": 1}, "citations_years": {"2018": 9, "2019": 4, "2010": 11, "2011": 5, "2012": 10, "2013": 14, "2014": 8, "2015": 8, "2016": 8, "2017": 3, "2009": 2, "2020": 2}, "old_citations": {"2016": 0, "2012": 10, "2008": 59, "2017": 2, "2009": 42}, "isVisible": false}, "engineering": {"name": "engineering", "type": "topic", "h_index": 1177, "h5_index": 287, "num_publications": 11, "num_citations": 47, "num_publications_5y": 3, "num_citations_5y": 19, "num_publications_10y": 7, "num_citations_10y": 41, "publications_years": {"2008": 4, "2016": 1, "2017": 1, "2013": 2, "2012": 2, "2014": 1}, "citations_years": {"2019": 2, "2008": 2, "2009": 6, "2010": 2, "2011": 0, "2012": 4, "2013": 10, "2014": 4, "2015": 3, "2016": 5, "2017": 6, "2018": 1, "2020": 2}, "old_citations": {"2008": 76, "2016": 0, "2017": 1, "2013": 5, "2012": 15, "2014": 0}, "isVisible": false}, "logic programming": {"name": "logic programming", "type": "topic", "h_index": 351, "h5_index": 72, "num_publications": 10, "num_citations": 46, "num_publications_5y": 3, "num_citations_5y": 22, "num_publications_10y": 9, "num_citations_10y": 41, "publications_years": {"2016": 1, "2009": 2, "2008": 1, "2013": 1, "2012": 3, "2014": 2}, "citations_years": {"2012": 3, "2013": 8, "2014": 3, "2015": 8, "2016": 7, "2017": 4, "2010": 2, "2011": 6, "2018": 0, "2019": 3, "2020": 2}, "old_citations": {"2016": 0, "2009": 28, "2008": 0, "2013": 0, "2012": 20, "2014": 3}, "isVisible": false}, "semantics": {"name": "semantics", "type": "topic", "h_index": 803, "h5_index": 226, "num_publications": 10, "num_citations": 66, "num_publications_5y": 3, "num_citations_5y": 24, "num_publications_10y": 8, "num_citations_10y": 57, "publications_years": {"2016": 1, "2009": 2, "2008": 2, "2017": 1, "2012": 2, "2014": 1, "2013": 1}, "citations_years": {"2019": 5, "2008": 2, "2009": 6, "2010": 4, "2011": 6, "2012": 5, "2013": 12, "2014": 6, "2015": 4, "2016": 11, "2017": 2, "2018": 1, "2020": 2}, "old_citations": {"2016": 0, "2009": 32, "2008": 26, "2017": 1, "2012": 10, "2014": 1, "2013": 5}, "isVisible": false}, "boolean functions": {"name": "boolean functions", "type": "topic", "h_index": 296, "h5_index": 60, "num_publications": 9, "num_citations": 21, "num_publications_5y": 3, "num_citations_5y": 9, "num_publications_10y": 7, "num_citations_10y": 15, "publications_years": {"2016": 1, "2009": 2, "2008": 2, "2017": 2, "2012": 1, "2013": 1}, "citations_years": {"2019": 3, "2008": 1, "2009": 3, "2010": 0, "2011": 1, "2012": 1, "2013": 1, "2014": 2, "2018": 1, "2015": 1, "2016": 3, "2017": 2, "2020": 2}, "old_citations": {"2016": 0, "2009": 4, "2008": 8, "2017": 3, "2012": 5, "2013": 5}, "isVisible": false}, "computer security": {"name": "computer security", "type": "topic", "h_index": 977, "h5_index": 220, "num_publications": 7, "num_citations": 34, "num_publications_5y": 3, "num_citations_5y": 11, "num_publications_10y": 6, "num_citations_10y": 29, "publications_years": {"2009": 1, "2016": 1, "2017": 2, "2008": 1, "2010": 1, "2013": 1}, "citations_years": {"2019": 3, "2008": 2, "2009": 6, "2010": 2, "2011": 0, "2012": 3, "2013": 7, "2014": 3, "2015": 0, "2016": 4, "2017": 2, "2018": 2}, "old_citations": {"2009": 15, "2016": 0, "2017": 3, "2008": 26, "2010": 4, "2013": 5}, "isVisible": false}, "cryptography": {"name": "cryptography", "type": "topic", "h_index": 761, "h5_index": 179, "num_publications": 7, "num_citations": 34, "num_publications_5y": 3, "num_citations_5y": 11, "num_publications_10y": 6, "num_citations_10y": 29, "publications_years": {"2009": 1, "2016": 1, "2017": 2, "2008": 1, "2010": 1, "2013": 1}, "citations_years": {"2019": 3, "2008": 2, "2009": 6, "2010": 2, "2011": 0, "2012": 3, "2013": 7, "2014": 3, "2015": 0, "2016": 4, "2017": 2, "2018": 2}, "old_citations": {"2009": 15, "2016": 0, "2017": 3, "2008": 26, "2010": 4, "2013": 5}, "isVisible": false}, "cryptology": {"name": "cryptology", "type": "topic", "h_index": 761, "h5_index": 179, "num_publications": 7, "num_citations": 34, "num_publications_5y": 3, "num_citations_5y": 11, "num_publications_10y": 6, "num_citations_10y": 29, "publications_years": {"2009": 1, "2016": 1, "2017": 2, "2008": 1, "2010": 1, "2013": 1}, "citations_years": {"2019": 3, "2008": 2, "2009": 6, "2010": 2, "2011": 0, "2012": 3, "2013": 7, "2014": 3, "2015": 0, "2016": 4, "2017": 2, "2018": 2}, "old_citations": {"2009": 15, "2016": 0, "2017": 3, "2008": 26, "2010": 4, "2013": 5}, "isVisible": false}, "decision theory": {"name": "decision theory", "type": "topic", "h_index": 312, "h5_index": 73, "num_publications": 7, "num_citations": 58, "num_publications_5y": 3, "num_citations_5y": 21, "num_publications_10y": 5, "num_citations_10y": 50, "publications_years": {"2016": 1, "2017": 2, "2008": 2, "2009": 1, "2012": 1}, "citations_years": {"2019": 5, "2008": 1, "2009": 5, "2010": 8, "2011": 5, "2012": 4, "2013": 7, "2014": 4, "2018": 8, "2015": 4, "2016": 3, "2017": 2, "2020": 2}, "old_citations": {"2016": 0, "2017": 3, "2008": 32, "2009": 42, "2012": 5}, "isVisible": false}, "linear systems": {"name": "linear systems", "type": "topic", "h_index": 298, "h5_index": 73, "num_publications": 7, "num_citations": 84, "num_publications_5y": 2, "num_citations_5y": 36, "num_publications_10y": 5, "num_citations_10y": 78, "publications_years": {"2016": 1, "2012": 2, "2008": 2, "2017": 1, "2009": 1}, "citations_years": {"2018": 9, "2019": 4, "2010": 11, "2011": 5, "2012": 10, "2013": 14, "2014": 8, "2015": 8, "2016": 8, "2017": 3, "2009": 2, "2020": 2}, "old_citations": {"2016": 0, "2012": 10, "2008": 59, "2017": 2, "2009": 42}, "isVisible": false}, "microprocessor chips": {"name": "microprocessor chips", "type": "topic", "h_index": 744, "h5_index": 175, "num_publications": 6, "num_citations": 2, "num_publications_5y": 2, "num_citations_5y": 1, "num_publications_10y": 5, "num_citations_10y": 1, "publications_years": {"2009": 1, "2008": 1, "2016": 1, "2013": 1, "2017": 1, "2010": 1}, "citations_years": {"2018": 1, "2019": 1}, "old_citations": {"2009": 15, "2008": 7, "2016": 0, "2013": 0, "2017": 2, "2010": 4}, "isVisible": false}}, "authors": {"2242438494": {"name": "armin biere", "type": "author", "activity": 22, "h_index": 39, "h5_index": 8, "mag_id": "2242438494", "num_publications": 4, "num_citations": 73, "num_publications_5y": 0, "num_citations_5y": 26, "num_publications_10y": 2, "num_citations_10y": 67, "publications_years": {"2008": 2, "2009": 1, "2013": 1}, "citations_years": {"2008": 2, "2009": 8, "2010": 10, "2011": 4, "2012": 6, "2013": 13, "2014": 5, "2015": 3, "2016": 6, "2017": 4, "2018": 8, "2019": 4}, "old_citations": {"2008": 45, "2009": 42, "2013": 5}, "isVisible": false}, "1204937030": {"name": "robert brummayer", "type": "author", "activity": 6, "h_index": 7, "h5_index": 0, "mag_id": "1204937030", "num_publications": 3, "num_citations": 68, "num_publications_5y": 0, "num_citations_5y": 22, "num_publications_10y": 1, "num_citations_10y": 63, "publications_years": {"2008": 2, "2009": 1}, "citations_years": {"2008": 2, "2009": 8, "2010": 10, "2011": 4, "2012": 6, "2013": 13, "2014": 5, "2015": 3, "2016": 4, "2017": 2, "2018": 8, "2019": 3}, "old_citations": {"2008": 45, "2009": 42}, "isVisible": false}, "2139635517": {"name": "amit goel", "type": "author", "activity": 7, "h_index": 8, "h5_index": 0, "mag_id": "2139635517", "num_publications": 3, "num_citations": 10, "num_publications_5y": 0, "num_citations_5y": 6, "num_publications_10y": 1, "num_citations_10y": 10, "publications_years": {"2008": 2, "2012": 1}, "citations_years": {"2012": 1, "2013": 3, "2014": 0, "2015": 2, "2016": 0, "2017": 4}, "old_citations": {"2008": 24, "2012": 10}, "isVisible": false}, "93979365": {"name": "guillaume melquiond", "type": "author", "activity": 17, "h_index": 15, "h5_index": 3, "mag_id": "93979365", "num_publications": 2, "num_citations": 0, "num_publications_5y": 1, "num_citations_5y": 0, "num_publications_10y": 2, "num_citations_10y": 0, "publications_years": {"2012": 1, "2014": 1}, "citations_years": {}, "old_citations": {"2012": 5, "2014": 0}, "isVisible": false}, "1973565090": {"name": "aaron stump", "type": "author", "activity": 21, "h_index": 20, "h5_index": 5, "mag_id": "1973565090", "num_publications": 2, "num_citations": 8, "num_publications_5y": 0, "num_citations_5y": 1, "num_publications_10y": 1, "num_citations_10y": 7, "publications_years": {"2009": 1, "2008": 1}, "citations_years": {"2008": 1, "2009": 3, "2010": 0, "2011": 1, "2012": 1, "2013": 1, "2014": 1}, "old_citations": {"2009": 15, "2008": 8}, "isVisible": false}, "2027488504": {"name": "duckki oe", "type": "author", "activity": 6, "h_index": 3, "h5_index": 0, "mag_id": "2027488504", "num_publications": 2, "num_citations": 8, "num_publications_5y": 0, "num_citations_5y": 1, "num_publications_10y": 1, "num_citations_10y": 7, "publications_years": {"2009": 1, "2008": 1}, "citations_years": {"2008": 1, "2009": 3, "2010": 0, "2011": 1, "2012": 1, "2013": 1, "2014": 1}, "old_citations": {"2009": 15, "2008": 8}, "isVisible": false}, "2104124020": {"name": "sylvain conchon", "type": "author", "activity": 16, "h_index": 4, "h5_index": 1, "mag_id": "2104124020", "num_publications": 2, "num_citations": 0, "num_publications_5y": 1, "num_citations_5y": 0, "num_publications_10y": 2, "num_citations_10y": 0, "publications_years": {"2012": 1, "2018": 1}, "citations_years": {}, "old_citations": {"2012": 5, "2018": 0}, "isVisible": false}, "2309513059": {"name": "olga grinchtein", "type": "author", "activity": 5, "h_index": 3, "h5_index": 0, "mag_id": "2309513059", "num_publications": 2, "num_citations": 3, "num_publications_5y": 2, "num_citations_5y": 3, "num_publications_10y": 2, "num_citations_10y": 3, "publications_years": {"2014": 2}, "citations_years": {"2015": 3}, "old_citations": {"2014": 3}, "isVisible": false}, "2406231994": {"name": "mats carlsson", "type": "author", "activity": 30, "h_index": 17, "h5_index": 3, "mag_id": "2406231994", "num_publications": 2, "num_citations": 3, "num_publications_5y": 2, "num_citations_5y": 3, "num_publications_10y": 2, "num_citations_10y": 3, "publications_years": {"2014": 2}, "citations_years": {"2015": 3}, "old_citations": {"2014": 3}, "isVisible": false}, "2464676005": {"name": "justin pearson", "type": "author", "activity": 26, "h_index": 11, "h5_index": 4, "mag_id": "2464676005", "num_publications": 2, "num_citations": 3, "num_publications_5y": 2, "num_citations_5y": 3, "num_publications_10y": 2, "num_citations_10y": 3, "publications_years": {"2014": 2}, "citations_years": {"2015": 3}, "old_citations": {"2014": 3}, "isVisible": false}, "2952617823": {"name": "sylvain conchon", "type": "author", "activity": 21, "h_index": 8, "h5_index": 2, "mag_id": "2952617823", "num_publications": 2, "num_citations": 36, "num_publications_5y": 0, "num_citations_5y": 17, "num_publications_10y": 1, "num_citations_10y": 36, "publications_years": {"2013": 1, "2008": 1}, "citations_years": {"2014": 6, "2010": 3, "2011": 1, "2012": 7, "2013": 8, "2015": 4, "2016": 5, "2017": 1, "2018": 1}, "old_citations": {"2013": 1, "2008": 35}, "isVisible": false}, "7088146": {"name": "volker haarslev", "type": "author", "activity": 30, "h_index": 25, "h5_index": 2, "mag_id": "7088146", "num_publications": 1, "num_citations": 0, "num_publications_5y": 0, "num_citations_5y": 0, "num_publications_10y": 1, "num_citations_10y": 0, "publications_years": {"2009": 1}, "citations_years": {}, "old_citations": {"2009": 4}, "isVisible": false}, "16743706": {"name": "evelyne contejean", "type": "author", "activity": 27, "h_index": 11, "h5_index": 2, "mag_id": "16743706", "num_publications": 1, "num_citations": 35, "num_publications_5y": 0, "num_citations_5y": 16, "num_publications_10y": 0, "num_citations_10y": 35, "publications_years": {"2008": 1}, "citations_years": {"2010": 3, "2011": 1, "2012": 7, "2013": 8, "2014": 5, "2015": 4, "2016": 5, "2017": 1, "2018": 1}, "old_citations": {"2008": 35}, "isVisible": false}, "75217033": {"name": "christoph m wintersteiger", "type": "author", "activity": 13, "h_index": 13, "h5_index": 3, "mag_id": "75217033", "num_publications": 1, "num_citations": 0, "num_publications_5y": 1, "num_citations_5y": 0, "num_publications_10y": 1, "num_citations_10y": 0, "publications_years": {"2016": 1}, "citations_years": {}, "old_citations": {"2016": 0}, "isVisible": false}, "90484267": {"name": "stephane lescuyer", "type": "author", "activity": 6, "h_index": 4, "h5_index": 0, "mag_id": "90484267", "num_publications": 1, "num_citations": 35, "num_publications_5y": 0, "num_citations_5y": 16, "num_publications_10y": 0, "num_citations_10y": 35, "publications_years": {"2008": 1}, "citations_years": {"2010": 3, "2011": 1, "2012": 7, "2013": 8, "2014": 5, "2015": 4, "2016": 5, "2017": 1, "2018": 1}, "old_citations": {"2008": 35}, "isVisible": false}, "97485413": {"name": "andreas dolzmann", "type": "author", "activity": 18, "h_index": 5, "h5_index": 0, "mag_id": "97485413", "num_publications": 1, "num_citations": 1, "num_publications_5y": 1, "num_citations_5y": 1, "num_publications_10y": 1, "num_citations_10y": 1, "publications_years": {"2014": 1}, "citations_years": {"2015": 1}, "old_citations": {"2014": 1}, "isVisible": false}, "134407106": {"name": "mohamed iguernelala", "type": "author", "activity": 6, "h_index": 4, "h5_index": 1, "mag_id": "134407106", "num_publications": 1, "num_citations": 0, "num_publications_5y": 0, "num_citations_5y": 0, "num_publications_10y": 1, "num_citations_10y": 0, "publications_years": {"2012": 1}, "citations_years": {}, "old_citations": {"2012": 5}, "isVisible": false}, "669130765": {"name": "maria paola bonacina", "type": "author", "activity": 30, "h_index": 12, "h5_index": 2, "mag_id": "669130765", "num_publications": 1, "num_citations": 0, "num_publications_5y": 0, "num_citations_5y": 0, "num_publications_10y": 0, "num_citations_10y": 0, "publications_years": {"2019": 1}, "citations_years": {}, "old_citations": {"2019": 0}, "isVisible": false}, "1235273647": {"name": "arnaud hubaux", "type": "author", "activity": 9, "h_index": 15, "h5_index": 0, "mag_id": "1235273647", "num_publications": 1, "num_citations": 5, "num_publications_5y": 0, "num_citations_5y": 3, "num_publications_10y": 1, "num_citations_10y": 3, "publications_years": {"2012": 1}, "citations_years": {"2014": 1, "2015": 1, "2016": 1, "2017": 0, "2018": 0, "2019": 0, "2020": 2}, "old_citations": {"2012": 5}, "isVisible": false}, "1575187145": {"name": "andrei paskevich", "type": "author", "activity": 15, "h_index": 9, "h5_index": 2, "mag_id": "1575187145", "num_publications": 1, "num_citations": 1, "num_publications_5y": 0, "num_citations_5y": 1, "num_publications_10y": 1, "num_citations_10y": 1, "publications_years": {"2013": 1}, "citations_years": {"2014": 1}, "old_citations": {"2013": 1}, "isVisible": false}, "1607802917": {"name": "carsten sinz", "type": "author", "activity": 24, "h_index": 17, "h5_index": 1, "mag_id": "1607802917", "num_publications": 1, "num_citations": 0, "num_publications_5y": 0, "num_citations_5y": 0, "num_publications_10y": 1, "num_citations_10y": 0, "publications_years": {"2013": 1}, "citations_years": {}, "old_citations": {"2013": 0}, "isVisible": false}, "1895570744": {"name": "bruno woltzenlogel paleo", "type": "author", "activity": 12, "h_index": 8, "h5_index": 3, "mag_id": "1895570744", "num_publications": 1, "num_citations": 0, "num_publications_5y": 0, "num_citations_5y": 0, "num_publications_10y": 1, "num_citations_10y": 0, "publications_years": {"2010": 1}, "citations_years": {}, "old_citations": {"2010": 4}, "isVisible": false}, "1917334880": {"name": "amr g wassal", "type": "author", "activity": 10, "h_index": 4, "h5_index": 2, "mag_id": "1917334880", "num_publications": 1, "num_citations": 1, "num_publications_5y": 0, "num_citations_5y": 0, "num_publications_10y": 1, "num_citations_10y": 0, "publications_years": {"2013": 1}, "citations_years": {"2019": 1}, "old_citations": {"2013": 1}, "isVisible": false}, "1918427700": {"name": "roberto bruttomesso", "type": "author", "activity": 10, "h_index": 16, "h5_index": 0, "mag_id": "1918427700", "num_publications": 1, "num_citations": 0, "num_publications_5y": 0, "num_citations_5y": 0, "num_publications_10y": 1, "num_citations_10y": 0, "publications_years": {"2013": 1}, "citations_years": {}, "old_citations": {"2013": 0}, "isVisible": false}, "1970241101": {"name": "leonardo de moura", "type": "author", "activity": 23, "h_index": 28, "h5_index": 4, "mag_id": "1970241101", "num_publications": 1, "num_citations": 0, "num_publications_5y": 0, "num_citations_5y": 0, "num_publications_10y": 0, "num_citations_10y": 0, "publications_years": {"2008": 1}, "citations_years": {}, "old_citations": {"2008": 0}, "isVisible": false}, "1980097442": {"name": "marek kosta", "type": "author", "activity": 6, "h_index": 2, "h5_index": 1, "mag_id": "1980097442", "num_publications": 1, "num_citations": 1, "num_publications_5y": 1, "num_citations_5y": 1, "num_publications_10y": 1, "num_citations_10y": 1, "publications_years": {"2014": 1}, "citations_years": {"2015": 1}, "old_citations": {"2014": 1}, "isVisible": false}, "2004682898": {"name": "nevin m darwish", "type": "author", "activity": 18, "h_index": 5, "h5_index": 0, "mag_id": "2004682898", "num_publications": 1, "num_citations": 1, "num_publications_5y": 0, "num_citations_5y": 0, "num_publications_10y": 1, "num_citations_10y": 0, "publications_years": {"2013": 1}, "citations_years": {"2019": 1}, "old_citations": {"2013": 1}, "isVisible": false}, "2057467911": {"name": "sava krstic", "type": "author", "activity": 18, "h_index": 12, "h5_index": 1, "mag_id": "2057467911", "num_publications": 1, "num_citations": 0, "num_publications_5y": 0, "num_citations_5y": 0, "num_publications_10y": 0, "num_citations_10y": 0, "publications_years": {"2008": 1}, "citations_years": {}, "old_citations": {"2008": 24}, "isVisible": false}, "2074071061": {"name": "boyan yordanov", "type": "author", "activity": 13, "h_index": 8, "h5_index": 3, "mag_id": "2074071061", "num_publications": 1, "num_citations": 0, "num_publications_5y": 1, "num_citations_5y": 0, "num_publications_10y": 1, "num_citations_10y": 0, "publications_years": {"2016": 1}, "citations_years": {}, "old_citations": {"2016": 0}, "isVisible": false}, "2097000653": {"name": "stephan merz", "type": "author", "activity": 27, "h_index": 19, "h5_index": 2, "mag_id": "2097000653", "num_publications": 1, "num_citations": 0, "num_publications_5y": 0, "num_citations_5y": 0, "num_publications_10y": 1, "num_citations_10y": 0, "publications_years": {"2010": 1}, "citations_years": {}, "old_citations": {"2010": 4}, "isVisible": false}, "2106828797": {"name": "andrei voronkov", "type": "author", "activity": 30, "h_index": 28, "h5_index": 6, "mag_id": "2106828797", "num_publications": 1, "num_citations": 2, "num_publications_5y": 1, "num_citations_5y": 1, "num_publications_10y": 1, "num_citations_10y": 1, "publications_years": {"2017": 1}, "citations_years": {"2018": 1, "2019": 1}, "old_citations": {"2017": 2}, "isVisible": false}, "2107215388": {"name": "alexander fuchs", "type": "author", "activity": 7, "h_index": 4, "h5_index": 0, "mag_id": "2107215388", "num_publications": 1, "num_citations": 0, "num_publications_5y": 0, "num_citations_5y": 0, "num_publications_10y": 0, "num_citations_10y": 0, "publications_years": {"2008": 1}, "citations_years": {}, "old_citations": {"2008": 24}, "isVisible": false}, "2109549325": {"name": "nannan he", "type": "author", "activity": 13, "h_index": 4, "h5_index": 2, "mag_id": "2109549325", "num_publications": 1, "num_citations": 0, "num_publications_5y": 0, "num_citations_5y": 0, "num_publications_10y": 0, "num_citations_10y": 0, "publications_years": {"2008": 1}, "citations_years": {}, "old_citations": {"2008": 7}, "isVisible": false}, "2118432880": {"name": "alberto griggio", "type": "author", "activity": 14, "h_index": 19, "h5_index": 6, "mag_id": "2118432880", "num_publications": 1, "num_citations": 0, "num_publications_5y": 0, "num_citations_5y": 0, "num_publications_10y": 1, "num_citations_10y": 0, "publications_years": {"2013": 1}, "citations_years": {}, "old_citations": {"2013": 0}, "isVisible": false}, "2118526916": {"name": "natarajan shankar", "type": "author", "activity": 31, "h_index": 32, "h5_index": 4, "mag_id": "2118526916", "num_publications": 1, "num_citations": 0, "num_publications_5y": 0, "num_citations_5y": 0, "num_publications_10y": 1, "num_citations_10y": 0, "publications_years": {"2013": 1}, "citations_years": {}, "old_citations": {"2013": 0}, "isVisible": false}, "2125114630": {"name": "giles reger", "type": "author", "activity": 8, "h_index": 13, "h5_index": 9, "mag_id": "2125114630", "num_publications": 1, "num_citations": 2, "num_publications_5y": 1, "num_citations_5y": 1, "num_publications_10y": 1, "num_citations_10y": 1, "publications_years": {"2017": 1}, "citations_years": {"2018": 1, "2019": 1}, "old_citations": {"2017": 2}, "isVisible": false}, "2125935717": {"name": "raphael michel", "type": "author", "activity": 8, "h_index": 3, "h5_index": 1, "mag_id": "2125935717", "num_publications": 1, "num_citations": 5, "num_publications_5y": 0, "num_citations_5y": 3, "num_publications_10y": 1, "num_citations_10y": 3, "publications_years": {"2012": 1}, "citations_years": {"2014": 1, "2015": 1, "2016": 1, "2017": 0, "2018": 0, "2019": 0, "2020": 2}, "old_citations": {"2012": 5}, "isVisible": false}, "2132061773": {"name": "andreas frohlich", "type": "author", "activity": 8, "h_index": 6, "h5_index": 1, "mag_id": "2132061773", "num_publications": 1, "num_citations": 5, "num_publications_5y": 0, "num_citations_5y": 4, "num_publications_10y": 1, "num_citations_10y": 4, "publications_years": {"2013": 1}, "citations_years": {"2016": 2, "2017": 2, "2018": 0, "2019": 1}, "old_citations": {"2013": 5}, "isVisible": false}, "2136212275": {"name": "clark barrett", "type": "author", "activity": 24, "h_index": 28, "h5_index": 11, "mag_id": "2136212275", "num_publications": 1, "num_citations": 0, "num_publications_5y": 0, "num_citations_5y": 0, "num_publications_10y": 0, "num_citations_10y": 0, "publications_years": {"2008": 1}, "citations_years": {}, "old_citations": {"2008": 0}, "isVisible": false}, "2136756203": {"name": "patrick heymans", "type": "author", "activity": 22, "h_index": 35, "h5_index": 5, "mag_id": "2136756203", "num_publications": 1, "num_citations": 5, "num_publications_5y": 0, "num_citations_5y": 3, "num_publications_10y": 1, "num_citations_10y": 3, "publications_years": {"2012": 1}, "citations_years": {"2014": 1, "2015": 1, "2016": 1, "2017": 0, "2018": 0, "2019": 0, "2020": 2}, "old_citations": {"2012": 5}, "isVisible": false}, "2147583627": {"name": "andrew reynolds", "type": "author", "activity": 12, "h_index": 12, "h5_index": 8, "mag_id": "2147583627", "num_publications": 1, "num_citations": 0, "num_publications_5y": 0, "num_citations_5y": 0, "num_publications_10y": 1, "num_citations_10y": 0, "publications_years": {"2009": 1}, "citations_years": {}, "old_citations": {"2009": 15}, "isVisible": false}, "2148775093": {"name": "francis gasse", "type": "author", "activity": 4, "h_index": 2, "h5_index": 0, "mag_id": "2148775093", "num_publications": 1, "num_citations": 0, "num_publications_5y": 0, "num_citations_5y": 0, "num_publications_10y": 1, "num_citations_10y": 0, "publications_years": {"2009": 1}, "citations_years": {}, "old_citations": {"2009": 4}, "isVisible": false}, "2151932271": {"name": "sarajane dunn", "type": "author", "activity": 7, "h_index": 4, "h5_index": 3, "mag_id": "2151932271", "num_publications": 1, "num_citations": 0, "num_publications_5y": 1, "num_citations_5y": 0, "num_publications_10y": 1, "num_citations_10y": 0, "publications_years": {"2016": 1}, "citations_years": {}, "old_citations": {"2016": 0}, "isVisible": false}, "2155495616": {"name": "stephan falke", "type": "author", "activity": 14, "h_index": 15, "h5_index": 1, "mag_id": "2155495616", "num_publications": 1, "num_citations": 0, "num_publications_5y": 0, "num_citations_5y": 0, "num_publications_10y": 1, "num_citations_10y": 0, "publications_years": {"2013": 1}, "citations_years": {}, "old_citations": {"2013": 0}, "isVisible": false}, "2159047157": {"name": "michael s hsiao", "type": "author", "activity": 25, "h_index": 31, "h5_index": 2, "mag_id": "2159047157", "num_publications": 1, "num_citations": 0, "num_publications_5y": 0, "num_citations_5y": 0, "num_publications_10y": 0, "num_citations_10y": 0, "publications_years": {"2008": 1}, "citations_years": {}, "old_citations": {"2008": 7}, "isVisible": false}, "2160109692": {"name": "tjark weber", "type": "author", "activity": 17, "h_index": 13, "h5_index": 3, "mag_id": "2160109692", "num_publications": 1, "num_citations": 0, "num_publications_5y": 1, "num_citations_5y": 0, "num_publications_10y": 1, "num_citations_10y": 0, "publications_years": {"2016": 1}, "citations_years": {}, "old_citations": {"2016": 0}, "isVisible": false}, "2188309671": {"name": "thomas sturm", "type": "author", "activity": 23, "h_index": 11, "h5_index": 3, "mag_id": "2188309671", "num_publications": 1, "num_citations": 1, "num_publications_5y": 1, "num_citations_5y": 1, "num_publications_10y": 1, "num_citations_10y": 1, "publications_years": {"2014": 1}, "citations_years": {"2015": 1}, "old_citations": {"2014": 1}, "isVisible": false}, "2227931120": {"name": "pascal fontaine", "type": "author", "activity": 20, "h_index": 10, "h5_index": 3, "mag_id": "2227931120", "num_publications": 1, "num_citations": 0, "num_publications_5y": 0, "num_citations_5y": 0, "num_publications_10y": 1, "num_citations_10y": 0, "publications_years": {"2010": 1}, "citations_years": {}, "old_citations": {"2010": 4}, "isVisible": false}, "2230453015": {"name": "morgan deters", "type": "author", "activity": 19, "h_index": 11, "h5_index": 2, "mag_id": "2230453015", "num_publications": 1, "num_citations": 0, "num_publications_5y": 0, "num_citations_5y": 0, "num_publications_10y": 1, "num_citations_10y": 0, "publications_years": {"2013": 1}, "citations_years": {}, "old_citations": {"2013": 0}, "isVisible": false}, "2235683801": {"name": "vijay ganesh", "type": "author", "activity": 22, "h_index": 23, "h5_index": 9, "mag_id": "2235683801", "num_publications": 1, "num_citations": 5, "num_publications_5y": 0, "num_citations_5y": 3, "num_publications_10y": 1, "num_citations_10y": 3, "publications_years": {"2012": 1}, "citations_years": {"2014": 1, "2015": 1, "2016": 1, "2017": 0, "2018": 0, "2019": 0, "2020": 2}, "old_citations": {"2012": 5}, "isVisible": false}, "2246293330": {"name": "peter backeman", "type": "author", "activity": 4, "h_index": 3, "h5_index": 2, "mag_id": "2246293330", "num_publications": 1, "num_citations": 0, "num_publications_5y": 1, "num_citations_5y": 0, "num_publications_10y": 1, "num_citations_10y": 0, "publications_years": {"2016": 1}, "citations_years": {}, "old_citations": {"2016": 0}, "isVisible": false}, "2250845150": {"name": "francois bobot", "type": "author", "activity": 8, "h_index": 6, "h5_index": 0, "mag_id": "2250845150", "num_publications": 1, "num_citations": 35, "num_publications_5y": 0, "num_citations_5y": 16, "num_publications_10y": 0, "num_citations_10y": 35, "publications_years": {"2008": 1}, "citations_years": {"2010": 3, "2011": 1, "2012": 7, "2013": 8, "2014": 5, "2015": 4, "2016": 5, "2017": 1, "2018": 1}, "old_citations": {"2008": 35}, "isVisible": false}, "2259247454": {"name": "gergely kovasznai", "type": "author", "activity": 17, "h_index": 5, "h5_index": 1, "mag_id": "2259247454", "num_publications": 1, "num_citations": 5, "num_publications_5y": 0, "num_citations_5y": 4, "num_publications_10y": 1, "num_citations_10y": 4, "publications_years": {"2013": 1}, "citations_years": {"2016": 2, "2017": 2, "2018": 0, "2019": 1}, "old_citations": {"2013": 5}, "isVisible": false}, "2260094904": {"name": "martin suda", "type": "author", "activity": 12, "h_index": 10, "h5_index": 6, "mag_id": "2260094904", "num_publications": 1, "num_citations": 2, "num_publications_5y": 1, "num_citations_5y": 1, "num_publications_10y": 1, "num_citations_10y": 1, "publications_years": {"2017": 1}, "citations_years": {"2018": 1, "2019": 1}, "old_citations": {"2017": 2}, "isVisible": false}, "2310419326": {"name": "florian merz", "type": "author", "activity": 7, "h_index": 8, "h5_index": 0, "mag_id": "2310419326", "num_publications": 1, "num_citations": 0, "num_publications_5y": 0, "num_citations_5y": 0, "num_publications_10y": 1, "num_citations_10y": 0, "publications_years": {"2013": 1}, "citations_years": {}, "old_citations": {"2013": 0}, "isVisible": false}, "2328486443": {"name": "alain mebsout", "type": "author", "activity": 7, "h_index": 6, "h5_index": 4, "mag_id": "2328486443", "num_publications": 1, "num_citations": 0, "num_publications_5y": 1, "num_citations_5y": 0, "num_publications_10y": 1, "num_citations_10y": 0, "publications_years": {"2018": 1}, "citations_years": {}, "old_citations": {"2018": 0}, "isVisible": false}, "2338522071": {"name": "cody roux", "type": "author", "activity": 1, "h_index": 0, "h5_index": 0, "mag_id": "2338522071", "num_publications": 1, "num_citations": 0, "num_publications_5y": 0, "num_citations_5y": 0, "num_publications_10y": 1, "num_citations_10y": 0, "publications_years": {"2012": 1}, "citations_years": {}, "old_citations": {"2012": 5}, "isVisible": false}, "2370326612": {"name": "rebekah leslie", "type": "author", "activity": 1, "h_index": 1, "h5_index": 0, "mag_id": "2370326612", "num_publications": 1, "num_citations": 10, "num_publications_5y": 0, "num_citations_5y": 6, "num_publications_10y": 1, "num_citations_10y": 10, "publications_years": {"2012": 1}, "citations_years": {"2012": 1, "2013": 3, "2014": 0, "2015": 2, "2016": 0, "2017": 4}, "old_citations": {"2012": 10}, "isVisible": false}, "2622809686": {"name": "ofer strichman", "type": "author", "activity": 1, "h_index": 0, "h5_index": 0, "mag_id": "2622809686", "num_publications": 1, "num_citations": 0, "num_publications_5y": 0, "num_citations_5y": 0, "num_publications_10y": 1, "num_citations_10y": 0, "publications_years": {"2009": 1}, "citations_years": {}, "old_citations": {"2009": 0}, "isVisible": false}, "2624394627": {"name": "bruno dutertre", "type": "author", "activity": 1, "h_index": 0, "h5_index": 0, "mag_id": "2624394627", "num_publications": 1, "num_citations": 0, "num_publications_5y": 0, "num_citations_5y": 0, "num_publications_10y": 1, "num_citations_10y": 0, "publications_years": {"2009": 1}, "citations_years": {}, "old_citations": {"2009": 0}, "isVisible": false}, "2639579951": {"name": "dejan jovanovic", "type": "author", "activity": 16, "h_index": 9, "h5_index": 4, "mag_id": "2639579951", "num_publications": 1, "num_citations": 1, "num_publications_5y": 1, "num_citations_5y": 0, "num_publications_10y": 1, "num_citations_10y": 0, "publications_years": {"2017": 1}, "citations_years": {"2019": 1}, "old_citations": {"2017": 1}, "isVisible": false}, "2665486129": {"name": "david r cok", "type": "author", "activity": 2, "h_index": 1, "h5_index": 0, "mag_id": "2665486129", "num_publications": 1, "num_citations": 0, "num_publications_5y": 0, "num_citations_5y": 0, "num_publications_10y": 1, "num_citations_10y": 0, "publications_years": {"2013": 1}, "citations_years": {}, "old_citations": {"2013": 0}, "isVisible": false}, "2689691509": {"name": "michal moskal", "type": "author", "activity": 3, "h_index": 5, "h5_index": 0, "mag_id": "2689691509", "num_publications": 1, "num_citations": 28, "num_publications_5y": 0, "num_citations_5y": 10, "num_publications_10y": 1, "num_citations_10y": 25, "publications_years": {"2009": 1}, "citations_years": {"2010": 2, "2011": 6, "2012": 2, "2013": 5, "2014": 2, "2015": 2, "2016": 6, "2017": 0, "2018": 0, "2019": 3}, "old_citations": {"2009": 28}, "isVisible": false}, "2689718294": {"name": "mohammad abdul aziz", "type": "author", "activity": 2, "h_index": 1, "h5_index": 0, "mag_id": "2689718294", "num_publications": 1, "num_citations": 1, "num_publications_5y": 0, "num_citations_5y": 0, "num_publications_10y": 1, "num_citations_10y": 0, "publications_years": {"2013": 1}, "citations_years": {"2019": 1}, "old_citations": {"2013": 1}, "isVisible": false}, "2737316898": {"name": "stephane grahamlengrand", "type": "author", "activity": 1, "h_index": 1, "h5_index": 1, "mag_id": "2737316898", "num_publications": 1, "num_citations": 1, "num_publications_5y": 1, "num_citations_5y": 0, "num_publications_10y": 1, "num_citations_10y": 0, "publications_years": {"2017": 1}, "citations_years": {"2019": 1}, "old_citations": {"2017": 1}, "isVisible": false}, "2757884086": {"name": "mohamed iguernlala", "type": "author", "activity": 3, "h_index": 2, "h5_index": 2, "mag_id": "2757884086", "num_publications": 1, "num_citations": 0, "num_publications_5y": 1, "num_citations_5y": 0, "num_publications_10y": 1, "num_citations_10y": 0, "publications_years": {"2018": 1}, "citations_years": {}, "old_citations": {"2018": 0}, "isVisible": false}, "2781016048": {"name": "claire dross", "type": "author", "activity": 1, "h_index": 1, "h5_index": 0, "mag_id": "2781016048", "num_publications": 1, "num_citations": 1, "num_publications_5y": 0, "num_citations_5y": 1, "num_publications_10y": 1, "num_citations_10y": 1, "publications_years": {"2013": 1}, "citations_years": {"2014": 1}, "old_citations": {"2013": 1}, "isVisible": false}, "2791922677": {"name": "florian lonsing", "type": "author", "activity": 11, "h_index": 14, "h5_index": 4, "mag_id": "2791922677", "num_publications": 1, "num_citations": 26, "num_publications_5y": 0, "num_citations_5y": 6, "num_publications_10y": 0, "num_citations_10y": 24, "publications_years": {"2008": 1}, "citations_years": {"2008": 2, "2009": 6, "2010": 2, "2011": 0, "2012": 3, "2013": 7, "2014": 3, "2015": 0, "2016": 2, "2017": 0, "2018": 1}, "old_citations": {"2008": 26}, "isVisible": false}, "2908646039": {"name": "albin coquereau", "type": "author", "activity": 1, "h_index": 0, "h5_index": 0, "mag_id": "2908646039", "num_publications": 1, "num_citations": 0, "num_publications_5y": 1, "num_citations_5y": 0, "num_publications_10y": 1, "num_citations_10y": 0, "publications_years": {"2018": 1}, "citations_years": {}, "old_citations": {"2018": 0}, "isVisible": false}, "2914126688": {"name": "domagoj babic", "type": "author", "activity": 1, "h_index": 0, "h5_index": 0, "mag_id": "2914126688", "num_publications": 1, "num_citations": 0, "num_publications_5y": 0, "num_citations_5y": 0, "num_publications_10y": 0, "num_citations_10y": 0, "publications_years": {"2008": 1}, "citations_years": {}, "old_citations": {"2008": 0}, "isVisible": false}, "2949852321": {"name": "mark r tuttle", "type": "author", "activity": 11, "h_index": 8, "h5_index": 0, "mag_id": "2949852321", "num_publications": 1, "num_citations": 10, "num_publications_5y": 0, "num_citations_5y": 6, "num_publications_10y": 1, "num_citations_10y": 10, "publications_years": {"2012": 1}, "citations_years": {"2012": 1, "2013": 3, "2014": 0, "2015": 2, "2016": 0, "2017": 4}, "old_citations": {"2012": 10}, "isVisible": false}, "2966529354": {"name": "giulio mazzi", "type": "author", "activity": 1, "h_index": 0, "h5_index": 0, "mag_id": "2966529354", "num_publications": 1, "num_citations": 0, "num_publications_5y": 0, "num_citations_5y": 0, "num_publications_10y": 0, "num_citations_10y": 0, "publications_years": {"2019": 1}, "citations_years": {}, "old_citations": {"2019": 0}, "isVisible": false}, "2967484603": {"name": "johannes kanig", "type": "author", "activity": 8, "h_index": 2, "h5_index": 0, "mag_id": "2967484603", "num_publications": 1, "num_citations": 1, "num_publications_5y": 0, "num_citations_5y": 1, "num_publications_10y": 1, "num_citations_10y": 1, "publications_years": {"2013": 1}, "citations_years": {"2014": 1}, "old_citations": {"2013": 1}, "isVisible": false}, "2975646319": {"name": "sava krsti", "type": "author", "activity": 1, "h_index": 1, "h5_index": 0, "mag_id": "2975646319", "num_publications": 1, "num_citations": 10, "num_publications_5y": 0, "num_citations_5y": 6, "num_publications_10y": 1, "num_citations_10y": 10, "publications_years": {"2012": 1}, "citations_years": {"2012": 1, "2013": 3, "2014": 0, "2015": 2, "2016": 0, "2017": 4}, "old_citations": {"2012": 10}, "isVisible": false}}, "countries": {"United States": {"name": "United States", "type": "country", "h5_index": 308, "num_publications": 11, "num_citations": 24, "num_publications_5y": 2, "num_citations_5y": 10, "num_publications_10y": 7, "num_citations_10y": 20, "publications_years": {"2009": 1, "2008": 4, "2016": 1, "2017": 1, "2013": 2, "2012": 2}, "citations_years": {"2019": 1, "2008": 1, "2009": 3, "2010": 0, "2011": 1, "2012": 2, "2013": 4, "2014": 2, "2015": 3, "2016": 1, "2017": 4, "2018": 0, "2020": 2}, "old_citations": {"2009": 15, "2008": 39, "2016": 0, "2017": 1, "2013": 0, "2012": 15}, "isVisible": false}, "Austria": {"name": "Austria", "type": "country", "h5_index": 71, "num_publications": 6, "num_citations": 75, "num_publications_5y": 1, "num_citations_5y": 27, "num_publications_10y": 4, "num_citations_10y": 68, "publications_years": {"2008": 2, "2017": 1, "2009": 1, "2010": 1, "2013": 1}, "citations_years": {"2008": 2, "2009": 8, "2010": 10, "2011": 4, "2012": 6, "2013": 13, "2014": 5, "2015": 3, "2016": 6, "2017": 4, "2018": 9, "2019": 5}, "old_citations": {"2008": 45, "2017": 2, "2009": 42, "2010": 4, "2013": 5}, "isVisible": false}, "Sweden": {"name": "Sweden", "type": "country", "h5_index": 82, "num_publications": 5, "num_citations": 5, "num_publications_5y": 5, "num_citations_5y": 4, "num_publications_10y": 5, "num_citations_10y": 4, "publications_years": {"2016": 2, "2017": 1, "2014": 2}, "citations_years": {"2018": 1, "2019": 1, "2015": 3}, "old_citations": {"2016": 0, "2017": 2, "2014": 3}, "isVisible": false}, "France": {"name": "France", "type": "country", "h5_index": 99, "num_publications": 3, "num_citations": 1, "num_publications_5y": 1, "num_citations_5y": 1, "num_publications_10y": 3, "num_citations_10y": 1, "publications_years": {"2013": 1, "2018": 1, "2010": 1}, "citations_years": {"2014": 1}, "old_citations": {"2013": 1, "2018": 0, "2010": 4}, "isVisible": false}, "Germany": {"name": "Germany", "type": "country", "h5_index": 139, "num_publications": 2, "num_citations": 1, "num_publications_5y": 1, "num_citations_5y": 1, "num_publications_10y": 2, "num_citations_10y": 1, "publications_years": {"2013": 1, "2014": 1}, "citations_years": {"2015": 1}, "old_citations": {"2013": 0, "2014": 1}, "isVisible": false}, "Italy": {"name": "Italy", "type": "country", "h5_index": 94, "num_publications": 2, "num_citations": 0, "num_publications_5y": 0, "num_citations_5y": 0, "num_publications_10y": 1, "num_citations_10y": 0, "publications_years": {"2019": 1, "2013": 1}, "citations_years": {}, "old_citations": {"2019": 0, "2013": 0}, "isVisible": false}, "Canada": {"name": "Canada", "type": "country", "h5_index": 128, "num_publications": 1, "num_citations": 0, "num_publications_5y": 0, "num_citations_5y": 0, "num_publications_10y": 1, "num_citations_10y": 0, "publications_years": {"2009": 1}, "citations_years": {}, "old_citations": {"2009": 4}, "isVisible": false}, "Egypt": {"name": "Egypt", "type": "country", "h5_index": 47, "num_publications": 1, "num_citations": 1, "num_publications_5y": 0, "num_citations_5y": 0, "num_publications_10y": 1, "num_citations_10y": 0, "publications_years": {"2013": 1}, "citations_years": {"2019": 1}, "old_citations": {"2013": 1}, "isVisible": false}, "Poland": {"name": "Poland", "type": "country", "h5_index": 46, "num_publications": 1, "num_citations": 28, "num_publications_5y": 0, "num_citations_5y": 10, "num_publications_10y": 1, "num_citations_10y": 25, "publications_years": {"2009": 1}, "citations_years": {"2010": 2, "2011": 6, "2012": 2, "2013": 5, "2014": 2, "2015": 2, "2016": 6, "2017": 0, "2018": 0, "2019": 3}, "old_citations": {"2009": 28}, "isVisible": false}}, "industrial_sectors": {"technology": {"name": "technology", "type": "industrial sector", "h5_index": 229, "num_publications": 6, "num_citations": 13, "num_publications_5y": 3, "num_citations_5y": 9, "num_publications_10y": 4, "num_citations_10y": 13, "publications_years": {"2016": 1, "2008": 2, "2012": 1, "2014": 2}, "citations_years": {"2012": 1, "2013": 3, "2014": 0, "2015": 5, "2016": 0, "2017": 4}, "old_citations": {"2016": 0, "2008": 24, "2012": 10, "2014": 3}, "isVisible": false}, "computing_and_it": {"name": "computing_and_it", "type": "industrial sector", "h5_index": 221, "num_publications": 4, "num_citations": 3, "num_publications_5y": 3, "num_citations_5y": 3, "num_publications_10y": 3, "num_citations_10y": 3, "publications_years": {"2016": 1, "2008": 1, "2014": 2}, "citations_years": {"2015": 3}, "old_citations": {"2016": 0, "2008": 0, "2014": 3}, "isVisible": false}, "electronics": {"name": "electronics", "type": "industrial sector", "h5_index": 134, "num_publications": 2, "num_citations": 0, "num_publications_5y": 1, "num_citations_5y": 0, "num_publications_10y": 1, "num_citations_10y": 0, "publications_years": {"2016": 1, "2008": 1}, "citations_years": {}, "old_citations": {"2016": 0, "2008": 0}, "isVisible": false}, "semiconductor": {"name": "semiconductor", "type": "industrial sector", "h5_index": 102, "num_publications": 2, "num_citations": 10, "num_publications_5y": 0, "num_citations_5y": 6, "num_publications_10y": 1, "num_citations_10y": 10, "publications_years": {"2012": 1, "2008": 1}, "citations_years": {"2012": 1, "2013": 3, "2014": 0, "2015": 2, "2016": 0, "2017": 4}, "old_citations": {"2012": 10, "2008": 24}, "isVisible": false}, "telecommunications": {"name": "telecommunications", "type": "industrial sector", "h5_index": 89, "num_publications": 2, "num_citations": 3, "num_publications_5y": 2, "num_citations_5y": 3, "num_publications_10y": 2, "num_citations_10y": 3, "publications_years": {"2014": 2}, "citations_years": {"2015": 3}, "old_citations": {"2014": 3}, "isVisible": false}}}, "conference_comparison": {"computer science": {}}, "topics_dna": {"publications": {}, "citations": {"normalized": {}, "average": {}}}, "info": {"num_publications": 32, "num_citations": 246.0, "impact_factor": {"2010": 2.142857142857143, "2011": 3.3333333333333335, "2012": 0, "2013": 1.5, "2014": 0.25, "2015": 0.4, "2016": 0.0, "2017": 0.0, "2018": 0.3333333333333333, "2019": 0.6666666666666666}, "publications_years": {"2008": 7, "2013": 6, "2009": 5, "2014": 4, "2012": 3, "2016": 2, "2017": 2, "2010": 1, "2018": 1, "2019": 1}, "citations_years": {"2008": 3, "2009": 11, "2010": 15, "2011": 12, "2012": 17, "2013": 30, "2014": 15, "2015": 16, "2016": 18, "2017": 9, "2018": 10, "2019": 10, "2020": 2}, "old_citations": {"2008": 119, "2013": 7, "2009": 89, "2014": 4, "2012": 20, "2016": 0, "2017": 3, "2010": 4, "2018": 0, "2019": 0}, "h5_index": 1}, "percentile": {"computer science": {"2008": 91, "2013": 55, "2009": 94, "2014": 54, "2012": 84, "2016": 13, "2017": 74, "2010": 12, "2018": 13, "2019": 13}}, "conference_ranking": {"computer science": {"2008": 350, "2013": 1904, "2009": 234, "2014": 1948, "2012": 683, "2016": 3712, "2017": 1080, "2010": 3738, "2018": 3700, "2019": 3676}}, "academia": {"num_publications": 16, "num_citations": 163, "publications_years": {"2008": 4, "2009": 4, "2010": 0, "2011": 0, "2012": 1, "2013": 3, "2014": 0, "2015": 0, "2016": 1, "2017": 2, "2018": 0, "2019": 1}, "old_citations": {"2008": 60, "2009": 89, "2010": 0, "2011": 0, "2012": 5, "2013": 6, "2014": 0, "2015": 0, "2016": 0, "2017": 3, "2018": 0, "2019": 0}, "num_publications_5y": 4, "num_citations_5y": 3, "num_publications_10y": 8, "num_citations_10y": 14}, "industry": {"num_publications": 1, "num_citations": 10, "publications_years": {"2012": 1}, "old_citations": {"2012": 10}, "num_publications_5y": 0, "num_citations_5y": 0, "num_publications_10y": 1, "num_citations_10y": 10}, "collaborative": {"num_publications": 5, "num_citations": 27, "publications_years": {"2008": 2, "2009": 0, "2010": 0, "2011": 0, "2012": 0, "2013": 0, "2014": 2, "2015": 0, "2016": 1}, "old_citations": {"2008": 24, "2009": 0, "2010": 0, "2011": 0, "2012": 0, "2013": 0, "2014": 3, "2015": 0, "2016": 0}, "num_publications_5y": 1, "num_citations_5y": 0, "num_publications_10y": 3, "num_citations_10y": 3}, "conferences": {}, "journals": {}, "organizations": {"publication_overall": ["Johannes Kepler University of Linz", "Uppsala University", "University of Iowa", "Ericsson (Sweden)", "French Institute for Research in Computer Science and Automation", "Intel (United States)", "Microsoft (United States)", "New York University", "TU Wien", "Cairo University", "Chalmers University of Technology", "Concordia University", "Fondazione Bruno Kessler", "Karlsruhe Institute of Technology", "Massachusetts Institute of Technology", "Max Planck Society", "SRI International", "University of Milan", "University of Paris-Sud", "University of Verona", "University of Wroc\u0142aw", "Virginia Tech", "Washington University in St. Louis", "\u00c9cole Normale Sup\u00e9rieure"], "citation_overall": ["Johannes Kepler University of Linz", "University of Iowa", "Intel (United States)", "University of Wroc\u0142aw", "Washington University in St. Louis", "Virginia Tech", "TU Wien", "French Institute for Research in Computer Science and Automation", "Massachusetts Institute of Technology", "Concordia University", "Ericsson (Sweden)", "Uppsala University", "Chalmers University of Technology", "Cairo University", "Max Planck Society", "University of Paris-Sud", "Fondazione Bruno Kessler", "Karlsruhe Institute of Technology", "Microsoft (United States)", "New York University", "SRI International", "University of Milan", "University of Verona", "\u00c9cole Normale Sup\u00e9rieure"], "publication_10_years": ["Uppsala University", "Ericsson (Sweden)", "Cairo University", "Chalmers University of Technology", "Fondazione Bruno Kessler", "French Institute for Research in Computer Science and Automation", "Intel (United States)", "Johannes Kepler University of Linz", "Karlsruhe Institute of Technology", "Massachusetts Institute of Technology", "Max Planck Society", "Microsoft (United States)", "New York University", "SRI International", "TU Wien", "University of Iowa", "University of Milan", "University of Paris-Sud", "University of Verona", "\u00c9cole Normale Sup\u00e9rieure"], "citation_10_years": ["Intel (United States)", "Johannes Kepler University of Linz", "Massachusetts Institute of Technology", "Ericsson (Sweden)", "Uppsala University", "Chalmers University of Technology", "TU Wien", "Cairo University", "French Institute for Research in Computer Science and Automation", "Max Planck Society", "University of Iowa", "University of Paris-Sud", "Fondazione Bruno Kessler", "Karlsruhe Institute of Technology", "Microsoft (United States)", "New York University", "SRI International", "University of Milan", "University of Verona", "\u00c9cole Normale Sup\u00e9rieure"], "publication_5_years": ["Uppsala University", "Chalmers University of Technology", "Microsoft (United States)", "TU Wien", "University of Iowa", "University of Verona", "\u00c9cole Normale Sup\u00e9rieure"], "citation_5_years": ["Chalmers University of Technology", "TU Wien", "University of Iowa", "Microsoft (United States)", "University of Verona", "Uppsala University", "\u00c9cole Normale Sup\u00e9rieure"]}, "countries": {"publication_overall": ["United States", "Austria", "Sweden", "France", "Germany", "Italy", "Canada", "Egypt", "Poland"], "citation_overall": ["Austria", "United States", "Poland", "France", "Sweden", "Canada", "Egypt", "Germany", "Italy"], "publication_10_years": ["United States", "Sweden", "Austria", "France", "Germany", "Italy", "Egypt"], "citation_10_years": ["United States", "Austria", "Sweden", "Egypt", "France", "Germany", "Italy"], "publication_5_years": ["Sweden", "United States", "Austria", "France", "Italy"], "citation_5_years": ["Austria", "Sweden", "United States", "France", "Italy"]}, "topics": {"publication_overall": ["computer science", "artificial intelligence", "computer systems", "formal logic", "mathematics", "software design", "software engineering", "embedded systems", "software architecture", "architecting", "architecture verification and validation", "computer programming", "model checking", "computer programming languages", "linguistics", "computer networks", "matrix algebra", "computer hardware", "software quality", "satisfiability"], "citation_overall": ["computer science", "computer systems", "artificial intelligence", "formal logic", "mathematics", "software design", "software engineering", "linguistics", "embedded systems", "architecting", "architecture verification and validation", "model checking", "software architecture", "matrix algebra", "computer programming", "computer programming languages", "software quality", "satisfiability", "theoretical computer science", "iterative solvers"], "publication_10_years": ["artificial intelligence", "computer science", "computer systems", "computer programming", "formal logic", "computer programming languages", "mathematics", "computer networks", "embedded systems", "linguistics", "software design", "software engineering", "software architecture", "architecting", "architecture verification and validation", "computer hardware", "engineering", "logic programming", "matrix algebra", "model checking"], "citation_10_years": ["artificial intelligence", "computer science", "formal logic", "linguistics", "computer programming", "computer programming languages", "computer systems", "embedded systems", "logic programming", "architecting", "architecture verification and validation", "model checking", "software architecture", "software design", "software engineering", "engineering", "mathematics", "matrix algebra", "semantics", "computer networks"], "publication_5_years": ["artificial intelligence", "computer science", "computer systems", "embedded systems", "architecting", "architecture verification and validation", "boolean functions", "computer hardware", "computer networks", "computer programming", "computer programming languages", "computer security", "cryptography", "cryptology", "decision theory", "formal logic", "linguistics", "mathematics", "matrix algebra", "model checking"], "citation_5_years": ["artificial intelligence", "boolean functions", "computer hardware", "computer networks", "computer science", "computer security", "computer systems", "cryptography", "cryptology", "decision theory", "embedded systems", "mathematics", "matrix algebra", "architecting", "architecture verification and validation", "formal logic", "iterative solvers", "linear systems", "microprocessor chips", "model checking"]}, "main_topics": ["computer science"], "authors": {"publication_overall": ["2242438494", "1204937030", "2139635517", "93979365", "1973565090", "2027488504", "2104124020", "2309513059", "2406231994", "2464676005", "2952617823", "7088146", "16743706", "75217033", "90484267", "97485413", "134407106", "669130765", "1235273647", "1575187145", "1607802917", "1895570744", "1917334880", "1918427700", "1970241101", "1980097442", "2004682898", "2057467911", "2074071061", "2097000653", "2106828797", "2107215388", "2109549325", "2118432880", "2118526916", "2125114630", "2125935717", "2132061773", "2136212275", "2136756203", "2147583627", "2148775093", "2151932271", "2155495616", "2159047157", "2160109692", "2188309671", "2227931120", "2230453015", "2235683801", "2246293330", "2250845150", "2259247454", "2260094904", "2310419326", "2328486443", "2338522071", "2370326612", "2622809686", "2624394627", "2639579951", "2665486129", "2689691509", "2689718294", "2737316898", "2757884086", "2781016048", "2791922677", "2908646039", "2914126688", "2949852321", "2966529354", "2967484603", "2975646319"], "citation_overall": ["2242438494", "1204937030", "2952617823", "16743706", "90484267", "2250845150", "2139635517", "2689691509", "2791922677", "2057467911", "2107215388", "1973565090", "2027488504", "2147583627", "2370326612", "2949852321", "2975646319", "2109549325", "2159047157", "93979365", "134407106", "1235273647", "2104124020", "2125935717", "2132061773", "2136756203", "2235683801", "2259247454", "2338522071", "7088146", "1895570744", "2097000653", "2148775093", "2227931120", "2309513059", "2406231994", "2464676005", "2106828797", "2125114630", "2260094904", "97485413", "1575187145", "1917334880", "1980097442", "2004682898", "2188309671", "2639579951", "2689718294", "2737316898", "2781016048", "2967484603", "75217033", "669130765", "1607802917", "1918427700", "1970241101", "2074071061", "2118432880", "2118526916", "2136212275", "2151932271", "2155495616", "2160109692", "2230453015", "2246293330", "2310419326", "2328486443", "2622809686", "2624394627", "2665486129", "2757884086", "2908646039", "2914126688", "2966529354"], "publication_10_years": ["93979365", "2104124020", "2309513059", "2406231994", "2464676005", "75217033", "97485413", "134407106", "669130765", "1235273647", "1575187145", "1607802917", "1917334880", "1918427700", "1980097442", "2004682898", "2074071061", "2106828797", "2118432880", "2118526916", "2125114630", "2125935717", "2132061773", "2136756203", "2139635517", "2151932271", "2155495616", "2160109692", "2188309671", "2230453015", "2235683801", "2242438494", "2246293330", "2259247454", "2260094904", "2310419326", "2328486443", "2338522071", "2370326612", "2639579951", "2665486129", "2689718294", "2737316898", "2757884086", "2781016048", "2908646039", "2949852321", "2952617823", "2966529354", "2967484603", "2975646319"], "citation_10_years": ["2139635517", "2370326612", "2949852321", "2975646319", "93979365", "134407106", "1235273647", "2104124020", "2125935717", "2132061773", "2136756203", "2235683801", "2242438494", "2259247454", "2338522071", "2309513059", "2406231994", "2464676005", "2106828797", "2125114630", "2260094904", "97485413", "1575187145", "1917334880", "1980097442", "2004682898", "2188309671", "2639579951", "2689718294", "2737316898", "2781016048", "2952617823", "2967484603", "75217033", "669130765", "1607802917", "1918427700", "2074071061", "2118432880", "2118526916", "2151932271", "2155495616", "2160109692", "2230453015", "2246293330", "2310419326", "2328486443", "2665486129", "2757884086", "2908646039", "2966529354"], "publication_5_years": ["75217033", "669130765", "2074071061", "2104124020", "2106828797", "2125114630", "2151932271", "2160109692", "2246293330", "2260094904", "2328486443", "2639579951", "2737316898", "2757884086", "2908646039", "2966529354"], "citation_5_years": ["2106828797", "2125114630", "2260094904", "2639579951", "2737316898", "75217033", "669130765", "2074071061", "2104124020", "2151932271", "2160109692", "2246293330", "2328486443", "2757884086", "2908646039", "2966529354"]}, "industrial_sectors": {"publication_overall": ["technology", "computing_and_it", "electronics", "semiconductor", "telecommunications"], "citation_overall": ["technology", "semiconductor", "computing_and_it", "telecommunications", "electronics"], "publication_10_years": ["technology", "computing_and_it", "telecommunications", "electronics", "semiconductor"], "citation_10_years": ["technology", "semiconductor", "computing_and_it", "telecommunications", "electronics"], "publication_5_years": ["computing_and_it", "electronics", "technology"], "citation_5_years": ["computing_and_it", "electronics", "technology"]}}