{"name": "Systems and Frameworks for Computational Morphology", "acronym": "SFCM", "type": "conference", "uniqueEntities": {"organizations": {"University of Helsinki": {"name": "University of Helsinki", "type": "organization", "organization_type": "Education", "h_index": 102, "h5_index": 32, "num_publications": 5, "num_citations": 109, "num_publications_5y": 1, "num_citations_5y": 65, "num_publications_10y": 5, "num_citations_10y": 108, "publications_years": {"2009": 2, "2011": 1, "2015": 1, "2013": 1}, "citations_years": {"2009": 4, "2010": 4, "2011": 5, "2012": 17, "2013": 13, "2014": 19, "2015": 23, "2016": 9, "2017": 13, "2018": 1, "2019": 1}, "old_citations": {"2009": 61, "2011": 40, "2015": 0, "2013": 8}, "isVisible": false}, "French Institute for Research in Computer Science and Automation": {"name": "French Institute for Research in Computer Science and Automation", "type": "organization", "organization_type": "Government", "h_index": 247, "h5_index": 53, "num_publications": 2, "num_citations": 10, "num_publications_5y": 0, "num_citations_5y": 7, "num_publications_10y": 2, "num_citations_10y": 9, "publications_years": {"2011": 1, "2013": 1}, "citations_years": {"2011": 1, "2012": 0, "2013": 1, "2014": 3, "2015": 2, "2016": 0, "2017": 2, "2018": 0, "2019": 1}, "old_citations": {"2011": 5, "2013": 5}, "isVisible": false}, "University of Potsdam": {"name": "University of Potsdam", "type": "organization", "organization_type": "Education", "h_index": 67, "h5_index": 17, "num_publications": 2, "num_citations": 8, "num_publications_5y": 0, "num_citations_5y": 1, "num_publications_10y": 2, "num_citations_10y": 8, "publications_years": {"2009": 2}, "citations_years": {"2009": 2, "2010": 2, "2011": 0, "2012": 1, "2013": 2, "2014": 0, "2015": 1}, "old_citations": {"2009": 8}, "isVisible": false}, "University of Zurich": {"name": "University of Zurich", "type": "organization", "organization_type": "Education", "h_index": 118, "h5_index": 44, "num_publications": 2, "num_citations": 2, "num_publications_5y": 0, "num_citations_5y": 1, "num_publications_10y": 2, "num_citations_10y": 2, "publications_years": {"2013": 2}, "citations_years": {"2013": 1, "2014": 1}, "old_citations": {"2013": 2}, "isVisible": false}, "Autonomous University of Madrid": {"name": "Autonomous University of Madrid", "type": "organization", "organization_type": "Education", "h_index": 66, "h5_index": 21, "num_publications": 1, "num_citations": 0, "num_publications_5y": 0, "num_citations_5y": 0, "num_publications_10y": 1, "num_citations_10y": 0, "publications_years": {"2013": 1}, "citations_years": {}, "old_citations": {"2013": 0}, "isVisible": false}, "Berlin-Brandenburg Academy of Sciences and Humanities": {"name": "Berlin-Brandenburg Academy of Sciences and Humanities", "type": "organization", "organization_type": "Education", "h_index": 3, "h5_index": 2, "num_publications": 1, "num_citations": 0, "num_publications_5y": 1, "num_citations_5y": 0, "num_publications_10y": 1, "num_citations_10y": 0, "publications_years": {"2015": 1}, "citations_years": {}, "old_citations": {"2015": 0}, "isVisible": false}, "Cairo University": {"name": "Cairo University", "type": "organization", "organization_type": "Education", "h_index": 54, "h5_index": 27, "num_publications": 1, "num_citations": 0, "num_publications_5y": 0, "num_citations_5y": 0, "num_publications_10y": 1, "num_citations_10y": 0, "publications_years": {"2013": 1}, "citations_years": {}, "old_citations": {"2013": 0}, "isVisible": false}, "Charles University": {"name": "Charles University", "type": "organization", "organization_type": "Education", "h_index": 63, "h5_index": 21, "num_publications": 1, "num_citations": 0, "num_publications_5y": 1, "num_citations_5y": 0, "num_publications_10y": 1, "num_citations_10y": 0, "publications_years": {"2015": 1}, "citations_years": {}, "old_citations": {"2015": 0}, "isVisible": false}, "Dublin City University": {"name": "Dublin City University", "type": "organization", "organization_type": "Education", "h_index": 80, "h5_index": 27, "num_publications": 1, "num_citations": 10, "num_publications_5y": 0, "num_citations_5y": 8, "num_publications_10y": 1, "num_citations_10y": 9, "publications_years": {"2011": 1}, "citations_years": {"2013": 1, "2014": 2, "2015": 1, "2016": 2, "2017": 3, "2018": 0, "2019": 1}, "old_citations": {"2011": 10}, "isVisible": false}, "French National Centre for Scientific Research": {"name": "French National Centre for Scientific Research", "type": "organization", "organization_type": "Government", "h_index": 177, "h5_index": 44, "num_publications": 1, "num_citations": 5, "num_publications_5y": 0, "num_citations_5y": 5, "num_publications_10y": 1, "num_citations_10y": 5, "publications_years": {"2013": 1}, "citations_years": {"2014": 2, "2015": 2, "2016": 0, "2017": 1}, "old_citations": {"2013": 5}, "isVisible": false}, "Goethe University Frankfurt": {"name": "Goethe University Frankfurt", "type": "organization", "organization_type": "Education", "h_index": 60, "h5_index": 22, "num_publications": 1, "num_citations": 2, "num_publications_5y": 1, "num_citations_5y": 2, "num_publications_10y": 1, "num_citations_10y": 2, "publications_years": {"2015": 1}, "citations_years": {"2016": 2}, "old_citations": {"2015": 2}, "isVisible": false}, "Heidelberg University": {"name": "Heidelberg University", "type": "organization", "organization_type": "Education", "h_index": 82, "h5_index": 32, "num_publications": 1, "num_citations": 9, "num_publications_5y": 0, "num_citations_5y": 3, "num_publications_10y": 1, "num_citations_10y": 9, "publications_years": {"2009": 1}, "citations_years": {"2010": 3, "2011": 3, "2012": 0, "2013": 0, "2014": 1, "2015": 0, "2016": 2}, "old_citations": {"2009": 9}, "isVisible": false}, "IBM (United States)": {"name": "IBM (United States)", "type": "organization", "organization_type": "Company", "h_index": 421, "h5_index": 72, "num_publications": 1, "num_citations": 6, "num_publications_5y": 0, "num_citations_5y": 5, "num_publications_10y": 1, "num_citations_10y": 6, "publications_years": {"2011": 1}, "citations_years": {"2012": 1, "2013": 0, "2014": 3, "2015": 0, "2016": 2}, "old_citations": {"2011": 6}, "isVisible": false}, "Johns Hopkins University": {"name": "Johns Hopkins University", "type": "organization", "organization_type": "Education", "h_index": 191, "h5_index": 58, "num_publications": 1, "num_citations": 12, "num_publications_5y": 1, "num_citations_5y": 10, "num_publications_10y": 1, "num_citations_10y": 10, "publications_years": {"2015": 1}, "citations_years": {"2016": 3, "2017": 2, "2018": 5, "2019": 2}, "old_citations": {"2015": 12}, "isVisible": false}, "Leipzig University": {"name": "Leipzig University", "type": "organization", "organization_type": "Education", "h_index": 92, "h5_index": 22, "num_publications": 1, "num_citations": 0, "num_publications_5y": 1, "num_citations_5y": 0, "num_publications_10y": 1, "num_citations_10y": 0, "publications_years": {"2015": 1}, "citations_years": {}, "old_citations": {"2015": 0}, "isVisible": false}, "Stanford University": {"name": "Stanford University", "type": "organization", "organization_type": "Education", "h_index": 472, "h5_index": 120, "num_publications": 1, "num_citations": 5, "num_publications_5y": 0, "num_citations_5y": 3, "num_publications_10y": 1, "num_citations_10y": 5, "publications_years": {"2011": 1}, "citations_years": {"2013": 2, "2014": 1, "2015": 2}, "old_citations": {"2011": 5}, "isVisible": false}, "University of Erlangen-Nuremberg": {"name": "University of Erlangen-Nuremberg", "type": "organization", "organization_type": "Education", "h_index": 104, "h5_index": 38, "num_publications": 1, "num_citations": 3, "num_publications_5y": 0, "num_citations_5y": 0, "num_publications_10y": 1, "num_citations_10y": 3, "publications_years": {"2009": 1}, "citations_years": {"2010": 2, "2011": 1}, "old_citations": {"2009": 3}, "isVisible": false}, "University of Freiburg": {"name": "University of Freiburg", "type": "organization", "organization_type": "Education", "h_index": 131, "h5_index": 45, "num_publications": 1, "num_citations": 9, "num_publications_5y": 0, "num_citations_5y": 3, "num_publications_10y": 1, "num_citations_10y": 9, "publications_years": {"2009": 1}, "citations_years": {"2010": 3, "2011": 3, "2012": 0, "2013": 0, "2014": 1, "2015": 0, "2016": 2}, "old_citations": {"2009": 9}, "isVisible": false}, "University of Lorraine": {"name": "University of Lorraine", "type": "organization", "organization_type": "Education", "h_index": 36, "h5_index": 19, "num_publications": 1, "num_citations": 4, "num_publications_5y": 0, "num_citations_5y": 3, "num_publications_10y": 1, "num_citations_10y": 3, "publications_years": {"2013": 1}, "citations_years": {"2014": 2, "2015": 1, "2016": 0, "2017": 0, "2018": 0, "2019": 1}, "old_citations": {"2013": 4}, "isVisible": false}, "University of Salerno": {"name": "University of Salerno", "type": "organization", "organization_type": "Education", "h_index": 67, "h5_index": 29, "num_publications": 1, "num_citations": 0, "num_publications_5y": 1, "num_citations_5y": 0, "num_publications_10y": 1, "num_citations_10y": 0, "publications_years": {"2015": 1}, "citations_years": {}, "old_citations": {"2015": 0}, "isVisible": false}, "University of Stuttgart": {"name": "University of Stuttgart", "type": "organization", "organization_type": "Education", "h_index": 113, "h5_index": 32, "num_publications": 1, "num_citations": 1, "num_publications_5y": 0, "num_citations_5y": 0, "num_publications_10y": 1, "num_citations_10y": 1, "publications_years": {"2011": 1}, "citations_years": {"2012": 1}, "old_citations": {"2011": 1}, "isVisible": false}, "University of Trier": {"name": "University of Trier", "type": "organization", "organization_type": "Education", "h_index": 43, "h5_index": 11, "num_publications": 1, "num_citations": 1, "num_publications_5y": 1, "num_citations_5y": 1, "num_publications_10y": 1, "num_citations_10y": 1, "publications_years": {"2015": 1}, "citations_years": {"2016": 1}, "old_citations": {"2015": 1}, "isVisible": false}}, "topics": {"computer science": {"name": "computer science", "type": "topic", "h_index": 1779, "h5_index": 416, "num_publications": 32, "num_citations": 202, "num_publications_5y": 10, "num_citations_5y": 115, "num_publications_10y": 32, "num_citations_10y": 195, "publications_years": {"2009": 8, "2011": 7, "2013": 7, "2015": 10}, "citations_years": {"2010": 15, "2011": 12, "2009": 6, "2012": 25, "2014": 34, "2015": 30, "2016": 23, "2017": 21, "2018": 7, "2019": 7, "2013": 22}, "old_citations": {"2009": 91, "2011": 75, "2013": 19, "2015": 17}, "isVisible": false}, "computer systems": {"name": "computer systems", "type": "topic", "h_index": 1595, "h5_index": 367, "num_publications": 31, "num_citations": 200, "num_publications_5y": 10, "num_citations_5y": 115, "num_publications_10y": 31, "num_citations_10y": 193, "publications_years": {"2009": 7, "2011": 7, "2013": 7, "2015": 10}, "citations_years": {"2010": 15, "2011": 12, "2009": 5, "2012": 24, "2014": 34, "2015": 30, "2016": 23, "2017": 21, "2018": 7, "2019": 7, "2013": 22}, "old_citations": {"2009": 89, "2011": 75, "2013": 19, "2015": 17}, "isVisible": false}, "linguistics": {"name": "linguistics", "type": "topic", "h_index": 867, "h5_index": 206, "num_publications": 29, "num_citations": 201, "num_publications_5y": 7, "num_citations_5y": 114, "num_publications_10y": 29, "num_citations_10y": 194, "publications_years": {"2009": 8, "2011": 7, "2013": 7, "2015": 7}, "citations_years": {"2010": 15, "2011": 12, "2009": 6, "2012": 25, "2014": 34, "2015": 30, "2016": 22, "2017": 21, "2018": 7, "2019": 7, "2013": 22}, "old_citations": {"2009": 91, "2011": 75, "2013": 19, "2015": 16}, "isVisible": false}, "database systems": {"name": "database systems", "type": "topic", "h_index": 1167, "h5_index": 276, "num_publications": 28, "num_citations": 199, "num_publications_5y": 7, "num_citations_5y": 114, "num_publications_10y": 28, "num_citations_10y": 192, "publications_years": {"2009": 7, "2011": 7, "2013": 7, "2015": 7}, "citations_years": {"2010": 15, "2011": 12, "2009": 5, "2012": 24, "2014": 34, "2015": 30, "2016": 22, "2017": 21, "2018": 7, "2019": 7, "2013": 22}, "old_citations": {"2009": 89, "2011": 75, "2013": 19, "2015": 16}, "isVisible": false}, "artificial intelligence": {"name": "artificial intelligence", "type": "topic", "h_index": 1421, "h5_index": 373, "num_publications": 26, "num_citations": 180, "num_publications_5y": 7, "num_citations_5y": 109, "num_publications_10y": 26, "num_citations_10y": 173, "publications_years": {"2009": 5, "2011": 7, "2013": 7, "2015": 7}, "citations_years": {"2010": 8, "2011": 7, "2012": 24, "2014": 32, "2015": 30, "2016": 20, "2017": 20, "2018": 7, "2019": 7, "2009": 4, "2013": 21}, "old_citations": {"2009": 70, "2011": 75, "2013": 19, "2015": 16}, "isVisible": false}, "computational linguistics": {"name": "computational linguistics", "type": "topic", "h_index": 668, "h5_index": 175, "num_publications": 25, "num_citations": 193, "num_publications_5y": 7, "num_citations_5y": 112, "num_publications_10y": 25, "num_citations_10y": 187, "publications_years": {"2009": 6, "2013": 7, "2011": 5, "2015": 7}, "citations_years": {"2010": 15, "2011": 11, "2009": 5, "2014": 33, "2015": 30, "2016": 22, "2017": 20, "2018": 7, "2019": 6, "2012": 23, "2013": 21}, "old_citations": {"2009": 89, "2013": 19, "2011": 69, "2015": 16}, "isVisible": false}, "semantics": {"name": "semantics", "type": "topic", "h_index": 803, "h5_index": 226, "num_publications": 24, "num_citations": 85, "num_publications_5y": 7, "num_citations_5y": 52, "num_publications_10y": 24, "num_citations_10y": 78, "publications_years": {"2009": 4, "2011": 6, "2013": 7, "2015": 7}, "citations_years": {"2010": 6, "2011": 4, "2012": 8, "2014": 17, "2015": 7, "2016": 13, "2017": 9, "2018": 6, "2019": 7, "2009": 1, "2013": 7}, "old_citations": {"2009": 15, "2011": 35, "2013": 19, "2015": 16}, "isVisible": false}, "natural language processing": {"name": "natural language processing", "type": "topic", "h_index": 660, "h5_index": 182, "num_publications": 21, "num_citations": 70, "num_publications_5y": 6, "num_citations_5y": 48, "num_publications_10y": 21, "num_citations_10y": 64, "publications_years": {"2009": 3, "2011": 5, "2013": 7, "2015": 6}, "citations_years": {"2010": 2, "2011": 1, "2012": 7, "2014": 15, "2015": 7, "2016": 13, "2017": 7, "2018": 6, "2019": 6, "2009": 1, "2013": 5}, "old_citations": {"2009": 5, "2011": 30, "2013": 19, "2015": 16}, "isVisible": false}, "natural languages": {"name": "natural languages", "type": "topic", "h_index": 664, "h5_index": 185, "num_publications": 21, "num_citations": 70, "num_publications_5y": 6, "num_citations_5y": 48, "num_publications_10y": 21, "num_citations_10y": 64, "publications_years": {"2009": 3, "2011": 5, "2013": 7, "2015": 6}, "citations_years": {"2010": 2, "2011": 1, "2012": 7, "2014": 15, "2015": 7, "2016": 13, "2017": 7, "2018": 6, "2019": 6, "2009": 1, "2013": 5}, "old_citations": {"2009": 5, "2011": 30, "2013": 19, "2015": 16}, "isVisible": false}, "formal languages and automata theory": {"name": "formal languages and automata theory", "type": "topic", "h_index": 546, "h5_index": 122, "num_publications": 12, "num_citations": 157, "num_publications_5y": 1, "num_citations_5y": 94, "num_publications_10y": 12, "num_citations_10y": 153, "publications_years": {"2009": 4, "2011": 4, "2013": 3, "2015": 1}, "citations_years": {"2009": 5, "2010": 9, "2011": 9, "2012": 18, "2013": 18, "2014": 27, "2015": 28, "2016": 16, "2017": 17, "2018": 6, "2019": 4}, "old_citations": {"2009": 76, "2011": 56, "2013": 13, "2015": 12}, "isVisible": false}, "syntactics": {"name": "syntactics", "type": "topic", "h_index": 364, "h5_index": 83, "num_publications": 12, "num_citations": 35, "num_publications_5y": 4, "num_citations_5y": 19, "num_publications_10y": 12, "num_citations_10y": 33, "publications_years": {"2009": 2, "2013": 4, "2015": 4, "2011": 2}, "citations_years": {"2010": 6, "2011": 3, "2014": 9, "2015": 2, "2016": 4, "2017": 4, "2018": 0, "2019": 2, "2012": 2, "2013": 3}, "old_citations": {"2009": 13, "2013": 6, "2015": 0, "2011": 16}, "isVisible": false}, "theoretical computer science": {"name": "theoretical computer science", "type": "topic", "h_index": 883, "h5_index": 203, "num_publications": 12, "num_citations": 157, "num_publications_5y": 1, "num_citations_5y": 94, "num_publications_10y": 12, "num_citations_10y": 153, "publications_years": {"2009": 4, "2011": 4, "2013": 3, "2015": 1}, "citations_years": {"2009": 5, "2010": 9, "2011": 9, "2012": 18, "2013": 18, "2014": 27, "2015": 28, "2016": 16, "2017": 17, "2018": 6, "2019": 4}, "old_citations": {"2009": 76, "2011": 56, "2013": 13, "2015": 12}, "isVisible": false}, "machine learning": {"name": "machine learning", "type": "topic", "h_index": 1123, "h5_index": 351, "num_publications": 11, "num_citations": 87, "num_publications_5y": 4, "num_citations_5y": 60, "num_publications_10y": 11, "num_citations_10y": 81, "publications_years": {"2013": 3, "2015": 4, "2009": 1, "2011": 3}, "citations_years": {"2014": 14, "2015": 12, "2016": 14, "2017": 13, "2018": 7, "2019": 6, "2013": 11, "2012": 10}, "old_citations": {"2013": 13, "2015": 16, "2009": 0, "2011": 58}, "isVisible": false}, "automata theory": {"name": "automata theory", "type": "topic", "h_index": 432, "h5_index": 93, "num_publications": 10, "num_citations": 147, "num_publications_5y": 1, "num_citations_5y": 87, "num_publications_10y": 10, "num_citations_10y": 144, "publications_years": {"2009": 4, "2011": 3, "2013": 2, "2015": 1}, "citations_years": {"2009": 5, "2010": 9, "2011": 8, "2012": 18, "2013": 17, "2014": 24, "2015": 26, "2016": 16, "2017": 15, "2018": 6, "2019": 3}, "old_citations": {"2009": 76, "2011": 51, "2013": 8, "2015": 12}, "isVisible": false}, "pattern recognition": {"name": "pattern recognition", "type": "topic", "h_index": 922, "h5_index": 287, "num_publications": 10, "num_citations": 77, "num_publications_5y": 4, "num_citations_5y": 52, "num_publications_10y": 10, "num_citations_10y": 72, "publications_years": {"2013": 3, "2015": 4, "2009": 1, "2011": 2}, "citations_years": {"2014": 12, "2015": 11, "2016": 12, "2017": 10, "2018": 7, "2019": 5, "2013": 10, "2012": 10}, "old_citations": {"2013": 13, "2015": 16, "2009": 0, "2011": 48}, "isVisible": false}, "translation (languages)": {"name": "translation (languages)", "type": "topic", "h_index": 336, "h5_index": 84, "num_publications": 9, "num_citations": 147, "num_publications_5y": 1, "num_citations_5y": 87, "num_publications_10y": 9, "num_citations_10y": 144, "publications_years": {"2009": 4, "2011": 3, "2015": 1, "2013": 1}, "citations_years": {"2009": 5, "2010": 9, "2011": 8, "2012": 18, "2013": 17, "2014": 24, "2015": 26, "2016": 16, "2017": 15, "2018": 6, "2019": 3}, "old_citations": {"2009": 76, "2011": 51, "2015": 12, "2013": 8}, "isVisible": false}, "computer programming": {"name": "computer programming", "type": "topic", "h_index": 873, "h5_index": 186, "num_publications": 8, "num_citations": 79, "num_publications_5y": 0, "num_citations_5y": 46, "num_publications_10y": 8, "num_citations_10y": 78, "publications_years": {"2009": 3, "2013": 2, "2011": 3}, "citations_years": {"2010": 7, "2011": 4, "2012": 7, "2013": 14, "2014": 12, "2015": 15, "2016": 7, "2017": 11, "2018": 1, "2019": 1}, "old_citations": {"2009": 18, "2013": 6, "2011": 55}, "isVisible": false}, "correlation analysis": {"name": "correlation analysis", "type": "topic", "h_index": 1044, "h5_index": 224, "num_publications": 8, "num_citations": 52, "num_publications_5y": 4, "num_citations_5y": 31, "num_publications_10y": 8, "num_citations_10y": 51, "publications_years": {"2013": 1, "2009": 1, "2011": 2, "2015": 4}, "citations_years": {"2013": 10, "2012": 10, "2014": 7, "2015": 9, "2016": 6, "2017": 7, "2018": 2, "2019": 1}, "old_citations": {"2013": 1, "2009": 0, "2011": 48, "2015": 3}, "isVisible": false}, "mathematics": {"name": "mathematics", "type": "topic", "h_index": 1364, "h5_index": 300, "num_publications": 8, "num_citations": 52, "num_publications_5y": 4, "num_citations_5y": 31, "num_publications_10y": 8, "num_citations_10y": 51, "publications_years": {"2013": 1, "2009": 1, "2011": 2, "2015": 4}, "citations_years": {"2013": 10, "2012": 10, "2014": 7, "2015": 9, "2016": 6, "2017": 7, "2018": 2, "2019": 1}, "old_citations": {"2013": 1, "2009": 0, "2011": 48, "2015": 3}, "isVisible": false}, "computer networks": {"name": "computer networks", "type": "topic", "h_index": 1262, "h5_index": 332, "num_publications": 7, "num_citations": 47, "num_publications_5y": 3, "num_citations_5y": 29, "num_publications_10y": 7, "num_citations_10y": 47, "publications_years": {"2011": 3, "2013": 1, "2015": 3}, "citations_years": {"2012": 7, "2013": 11, "2014": 7, "2015": 11, "2016": 3, "2017": 7, "2018": 1}, "old_citations": {"2011": 46, "2013": 1, "2015": 0}, "isVisible": false}, "finite automata": {"name": "finite automata", "type": "topic", "h_index": 286, "h5_index": 52, "num_publications": 7, "num_citations": 129, "num_publications_5y": 0, "num_citations_5y": 72, "num_publications_10y": 7, "num_citations_10y": 128, "publications_years": {"2009": 4, "2011": 2, "2013": 1}, "citations_years": {"2009": 5, "2010": 9, "2011": 8, "2012": 17, "2013": 17, "2014": 21, "2015": 26, "2016": 11, "2017": 13, "2018": 1, "2019": 1}, "old_citations": {"2009": 76, "2011": 45, "2013": 8}, "isVisible": false}, "finite state automata": {"name": "finite state automata", "type": "topic", "h_index": 155, "h5_index": 23, "num_publications": 7, "num_citations": 129, "num_publications_5y": 0, "num_citations_5y": 72, "num_publications_10y": 7, "num_citations_10y": 128, "publications_years": {"2009": 4, "2011": 2, "2013": 1}, "citations_years": {"2009": 5, "2010": 9, "2011": 8, "2012": 17, "2013": 17, "2014": 21, "2015": 26, "2016": 11, "2017": 13, "2018": 1, "2019": 1}, "old_citations": {"2009": 76, "2011": 45, "2013": 8}, "isVisible": false}, "finite state machines": {"name": "finite state machines", "type": "topic", "h_index": 147, "h5_index": 21, "num_publications": 5, "num_citations": 122, "num_publications_5y": 0, "num_citations_5y": 69, "num_publications_10y": 5, "num_citations_10y": 121, "publications_years": {"2009": 3, "2011": 1, "2013": 1}, "citations_years": {"2010": 9, "2011": 8, "2012": 17, "2013": 15, "2014": 20, "2015": 24, "2016": 11, "2017": 13, "2018": 1, "2009": 3, "2019": 1}, "old_citations": {"2009": 74, "2011": 40, "2013": 8}, "isVisible": false}, "education": {"name": "education", "type": "topic", "h_index": 639, "h5_index": 124, "num_publications": 4, "num_citations": 113, "num_publications_5y": 0, "num_citations_5y": 66, "num_publications_10y": 4, "num_citations_10y": 112, "publications_years": {"2011": 1, "2009": 2, "2013": 1}, "citations_years": {"2012": 17, "2013": 15, "2014": 19, "2015": 24, "2016": 9, "2017": 13, "2018": 1, "2009": 3, "2010": 6, "2011": 5, "2019": 1}, "old_citations": {"2011": 40, "2009": 65, "2013": 8}, "isVisible": false}, "libraries": {"name": "libraries", "type": "topic", "h_index": 377, "h5_index": 75, "num_publications": 4, "num_citations": 113, "num_publications_5y": 0, "num_citations_5y": 66, "num_publications_10y": 4, "num_citations_10y": 112, "publications_years": {"2011": 1, "2009": 2, "2013": 1}, "citations_years": {"2012": 17, "2013": 15, "2014": 19, "2015": 24, "2016": 9, "2017": 13, "2018": 1, "2009": 3, "2010": 6, "2011": 5, "2019": 1}, "old_citations": {"2011": 40, "2009": 65, "2013": 8}, "isVisible": false}, "knowledge based systems": {"name": "knowledge based systems", "type": "topic", "h_index": 660, "h5_index": 129, "num_publications": 7, "num_citations": 85, "num_publications_5y": 2, "num_citations_5y": 52, "num_publications_10y": 7, "num_citations_10y": 82, "publications_years": {"2009": 2, "2013": 3, "2015": 2}, "citations_years": {"2010": 6, "2011": 6, "2014": 14, "2015": 16, "2016": 9, "2017": 8, "2018": 5, "2019": 3, "2009": 3, "2012": 10, "2013": 5}, "old_citations": {"2009": 62, "2013": 9, "2015": 14}, "isVisible": false}, "internet": {"name": "internet", "type": "topic", "h_index": 1102, "h5_index": 245, "num_publications": 7, "num_citations": 58, "num_publications_5y": 1, "num_citations_5y": 36, "num_publications_10y": 7, "num_citations_10y": 56, "publications_years": {"2011": 4, "2009": 1, "2015": 1, "2013": 1}, "citations_years": {"2012": 8, "2009": 1, "2010": 0, "2011": 1, "2013": 10, "2014": 9, "2015": 10, "2016": 5, "2017": 11, "2018": 1, "2019": 2}, "old_citations": {"2011": 56, "2009": 2, "2015": 0, "2013": 0}, "isVisible": false}, "character recognition": {"name": "character recognition", "type": "topic", "h_index": 411, "h5_index": 116, "num_publications": 6, "num_citations": 24, "num_publications_5y": 2, "num_citations_5y": 16, "num_publications_10y": 6, "num_citations_10y": 21, "publications_years": {"2013": 2, "2009": 1, "2011": 1, "2015": 2}, "citations_years": {"2014": 6, "2015": 2, "2016": 6, "2017": 1, "2018": 1, "2019": 3, "2012": 4, "2013": 1}, "old_citations": {"2013": 12, "2009": 0, "2011": 8, "2015": 4}, "isVisible": false}, "information retrieval": {"name": "information retrieval", "type": "topic", "h_index": 882, "h5_index": 227, "num_publications": 5, "num_citations": 59, "num_publications_5y": 1, "num_citations_5y": 39, "num_publications_10y": 5, "num_citations_10y": 57, "publications_years": {"2009": 1, "2011": 2, "2015": 1, "2013": 1}, "citations_years": {"2009": 1, "2010": 0, "2011": 0, "2012": 7, "2013": 10, "2014": 7, "2015": 11, "2016": 6, "2017": 9, "2018": 6, "2019": 2}, "old_citations": {"2009": 2, "2011": 45, "2015": 12, "2013": 0}, "isVisible": false}}, "authors": {"2151869777": {"name": "krister linden", "type": "author", "activity": 19, "h_index": 11, "h5_index": 4, "mag_id": "2151869777", "num_publications": 5, "num_citations": 109, "num_publications_5y": 1, "num_citations_5y": 65, "num_publications_10y": 5, "num_citations_10y": 108, "publications_years": {"2009": 2, "2011": 1, "2015": 1, "2013": 1}, "citations_years": {"2009": 4, "2010": 4, "2011": 5, "2012": 17, "2013": 13, "2014": 19, "2015": 23, "2016": 9, "2017": 13, "2018": 1, "2019": 1}, "old_citations": {"2009": 61, "2011": 40, "2015": 0, "2013": 8}, "isVisible": true}, "2056752081": {"name": "miikka silfverberg", "type": "author", "activity": 12, "h_index": 8, "h5_index": 3, "mag_id": "2056752081", "num_publications": 4, "num_citations": 107, "num_publications_5y": 1, "num_citations_5y": 65, "num_publications_10y": 4, "num_citations_10y": 106, "publications_years": {"2011": 1, "2009": 1, "2015": 1, "2013": 1}, "citations_years": {"2012": 16, "2013": 13, "2014": 19, "2015": 23, "2016": 9, "2017": 13, "2018": 1, "2009": 3, "2010": 4, "2011": 5, "2019": 1}, "old_citations": {"2011": 40, "2009": 59, "2015": 0, "2013": 8}, "isVisible": false}, "1976471301": {"name": "erik axelson", "type": "author", "activity": 5, "h_index": 3, "h5_index": 0, "mag_id": "1976471301", "num_publications": 3, "num_citations": 48, "num_publications_5y": 1, "num_citations_5y": 33, "num_publications_10y": 3, "num_citations_10y": 47, "publications_years": {"2011": 1, "2015": 1, "2013": 1}, "citations_years": {"2012": 6, "2013": 8, "2014": 9, "2015": 10, "2016": 5, "2017": 8, "2018": 1, "2019": 1}, "old_citations": {"2011": 40, "2015": 0, "2013": 8}, "isVisible": false}, "2156295048": {"name": "sam hardwick", "type": "author", "activity": 5, "h_index": 4, "h5_index": 0, "mag_id": "2156295048", "num_publications": 3, "num_citations": 48, "num_publications_5y": 1, "num_citations_5y": 33, "num_publications_10y": 3, "num_citations_10y": 47, "publications_years": {"2011": 1, "2015": 1, "2013": 1}, "citations_years": {"2012": 6, "2013": 8, "2014": 9, "2015": 10, "2016": 5, "2017": 8, "2018": 1, "2019": 1}, "old_citations": {"2011": 40, "2015": 0, "2013": 8}, "isVisible": false}, "2174973128": {"name": "tommi a pirinen", "type": "author", "activity": 9, "h_index": 8, "h5_index": 0, "mag_id": "2174973128", "num_publications": 3, "num_citations": 107, "num_publications_5y": 0, "num_citations_5y": 65, "num_publications_10y": 3, "num_citations_10y": 106, "publications_years": {"2011": 1, "2009": 1, "2013": 1}, "citations_years": {"2012": 16, "2013": 13, "2014": 19, "2015": 23, "2016": 9, "2017": 13, "2018": 1, "2009": 3, "2010": 4, "2011": 5, "2019": 1}, "old_citations": {"2011": 40, "2009": 59, "2013": 8}, "isVisible": false}, "60768295": {"name": "thomas hanneforth", "type": "author", "activity": 11, "h_index": 5, "h5_index": 0, "mag_id": "60768295", "num_publications": 2, "num_citations": 8, "num_publications_5y": 0, "num_citations_5y": 1, "num_publications_10y": 2, "num_citations_10y": 8, "publications_years": {"2009": 2}, "citations_years": {"2009": 2, "2010": 2, "2011": 0, "2012": 1, "2013": 2, "2014": 0, "2015": 1}, "old_citations": {"2009": 8}, "isVisible": false}, "1632339985": {"name": "benoit sagot", "type": "author", "activity": 16, "h_index": 16, "h5_index": 4, "mag_id": "1632339985", "num_publications": 2, "num_citations": 10, "num_publications_5y": 0, "num_citations_5y": 7, "num_publications_10y": 2, "num_citations_10y": 9, "publications_years": {"2011": 1, "2013": 1}, "citations_years": {"2011": 1, "2012": 0, "2013": 1, "2014": 3, "2015": 2, "2016": 0, "2017": 2, "2018": 0, "2019": 1}, "old_citations": {"2011": 5, "2013": 5}, "isVisible": false}, "2170451395": {"name": "geraldine walther", "type": "author", "activity": 9, "h_index": 5, "h5_index": 3, "mag_id": "2170451395", "num_publications": 2, "num_citations": 10, "num_publications_5y": 0, "num_citations_5y": 7, "num_publications_10y": 2, "num_citations_10y": 9, "publications_years": {"2011": 1, "2013": 1}, "citations_years": {"2011": 1, "2012": 0, "2013": 1, "2014": 3, "2015": 2, "2016": 0, "2017": 2, "2018": 0, "2019": 1}, "old_citations": {"2011": 5, "2013": 5}, "isVisible": false}, "93711912": {"name": "josef van genabith", "type": "author", "activity": 28, "h_index": 26, "h5_index": 9, "mag_id": "93711912", "num_publications": 1, "num_citations": 10, "num_publications_5y": 0, "num_citations_5y": 8, "num_publications_10y": 1, "num_citations_10y": 9, "publications_years": {"2011": 1}, "citations_years": {"2013": 1, "2014": 2, "2015": 1, "2016": 2, "2017": 3, "2018": 0, "2019": 1}, "old_citations": {"2011": 10}, "isVisible": false}, "1060503896": {"name": "thomas proisl", "type": "author", "activity": 10, "h_index": 5, "h5_index": 2, "mag_id": "1060503896", "num_publications": 1, "num_citations": 3, "num_publications_5y": 0, "num_citations_5y": 0, "num_publications_10y": 1, "num_citations_10y": 3, "publications_years": {"2009": 1}, "citations_years": {"2010": 2, "2011": 1}, "old_citations": {"2009": 3}, "isVisible": false}, "1353996423": {"name": "christoph rosener", "type": "author", "activity": 1, "h_index": 1, "h5_index": 0, "mag_id": "1353996423", "num_publications": 1, "num_citations": 10, "num_publications_5y": 0, "num_citations_5y": 2, "num_publications_10y": 1, "num_citations_10y": 10, "publications_years": {"2009": 1}, "citations_years": {"2010": 4, "2011": 2, "2012": 1, "2013": 1, "2014": 1, "2015": 0, "2016": 0, "2017": 1}, "old_citations": {"2009": 10}, "isVisible": false}, "1892556327": {"name": "fiammetta namer", "type": "author", "activity": 17, "h_index": 8, "h5_index": 0, "mag_id": "1892556327", "num_publications": 1, "num_citations": 4, "num_publications_5y": 0, "num_citations_5y": 3, "num_publications_10y": 1, "num_citations_10y": 3, "publications_years": {"2013": 1}, "citations_years": {"2014": 2, "2015": 1, "2016": 0, "2017": 0, "2018": 0, "2019": 1}, "old_citations": {"2013": 4}, "isVisible": false}, "1971377697": {"name": "john sylakglassman", "type": "author", "activity": 4, "h_index": 6, "h5_index": 4, "mag_id": "1971377697", "num_publications": 1, "num_citations": 12, "num_publications_5y": 1, "num_citations_5y": 10, "num_publications_10y": 1, "num_citations_10y": 10, "publications_years": {"2015": 1}, "citations_years": {"2016": 3, "2017": 2, "2018": 5, "2019": 2}, "old_citations": {"2015": 12}, "isVisible": false}, "1980393614": {"name": "magda sevcikova", "type": "author", "activity": 14, "h_index": 4, "h5_index": 1, "mag_id": "1980393614", "num_publications": 1, "num_citations": 0, "num_publications_5y": 1, "num_citations_5y": 0, "num_publications_10y": 1, "num_citations_10y": 0, "publications_years": {"2015": 1}, "citations_years": {}, "old_citations": {"2015": 0}, "isVisible": false}, "1982230417": {"name": "besim kabashi", "type": "author", "activity": 10, "h_index": 3, "h5_index": 0, "mag_id": "1982230417", "num_publications": 1, "num_citations": 3, "num_publications_5y": 0, "num_citations_5y": 0, "num_publications_10y": 1, "num_citations_10y": 3, "publications_years": {"2009": 1}, "citations_years": {"2010": 2, "2011": 1}, "old_citations": {"2009": 3}, "isVisible": false}, "1993836204": {"name": "doaa samy", "type": "author", "activity": 16, "h_index": 4, "h5_index": 0, "mag_id": "1993836204", "num_publications": 1, "num_citations": 0, "num_publications_5y": 0, "num_citations_5y": 0, "num_publications_10y": 1, "num_citations_10y": 0, "publications_years": {"2013": 1}, "citations_years": {}, "old_citations": {"2013": 0}, "isVisible": false}, "2016778496": {"name": "pavel pecina", "type": "author", "activity": 17, "h_index": 18, "h5_index": 6, "mag_id": "2016778496", "num_publications": 1, "num_citations": 10, "num_publications_5y": 0, "num_citations_5y": 8, "num_publications_10y": 1, "num_citations_10y": 9, "publications_years": {"2011": 1}, "citations_years": {"2013": 1, "2014": 2, "2015": 1, "2016": 2, "2017": 3, "2018": 0, "2019": 1}, "old_citations": {"2011": 10}, "isVisible": false}, "2042800127": {"name": "david yarowsky", "type": "author", "activity": 29, "h_index": 41, "h5_index": 5, "mag_id": "2042800127", "num_publications": 1, "num_citations": 12, "num_publications_5y": 1, "num_citations_5y": 10, "num_publications_10y": 1, "num_citations_10y": 10, "publications_years": {"2015": 1}, "citations_years": {"2016": 3, "2017": 2, "2018": 5, "2019": 2}, "old_citations": {"2015": 12}, "isVisible": false}, "2070359007": {"name": "senka drobac", "type": "author", "activity": 8, "h_index": 3, "h5_index": 1, "mag_id": "2070359007", "num_publications": 1, "num_citations": 8, "num_publications_5y": 0, "num_citations_5y": 7, "num_publications_10y": 1, "num_citations_10y": 7, "publications_years": {"2013": 1}, "citations_years": {"2014": 3, "2015": 1, "2016": 2, "2017": 1, "2018": 0, "2019": 1}, "old_citations": {"2013": 8}, "isVisible": false}, "2085270040": {"name": "kaymichael wurzner", "type": "author", "activity": 12, "h_index": 5, "h5_index": 1, "mag_id": "2085270040", "num_publications": 1, "num_citations": 0, "num_publications_5y": 1, "num_citations_5y": 0, "num_publications_10y": 1, "num_citations_10y": 0, "publications_years": {"2015": 1}, "citations_years": {}, "old_citations": {"2015": 0}, "isVisible": false}, "2095035375": {"name": "jussi tuovila", "type": "author", "activity": 1, "h_index": 2, "h5_index": 0, "mag_id": "2095035375", "num_publications": 1, "num_citations": 2, "num_publications_5y": 0, "num_citations_5y": 0, "num_publications_10y": 1, "num_citations_10y": 2, "publications_years": {"2009": 1}, "citations_years": {"2009": 1, "2010": 0, "2011": 0, "2012": 1}, "old_citations": {"2009": 2}, "isVisible": false}, "2107832746": {"name": "mohammed attia", "type": "author", "activity": 14, "h_index": 12, "h5_index": 5, "mag_id": "2107832746", "num_publications": 1, "num_citations": 10, "num_publications_5y": 0, "num_citations_5y": 8, "num_publications_10y": 1, "num_citations_10y": 9, "publications_years": {"2011": 1}, "citations_years": {"2013": 1, "2014": 2, "2015": 1, "2016": 2, "2017": 3, "2018": 0, "2019": 1}, "old_citations": {"2011": 10}, "isVisible": false}, "2109880516": {"name": "kyoko sugisaki", "type": "author", "activity": 11, "h_index": 1, "h5_index": 0, "mag_id": "2109880516", "num_publications": 1, "num_citations": 1, "num_publications_5y": 0, "num_citations_5y": 1, "num_publications_10y": 1, "num_citations_10y": 1, "publications_years": {"2013": 1}, "citations_years": {"2014": 1}, "old_citations": {"2013": 1}, "isVisible": false}, "2116970217": {"name": "andrea zielinski", "type": "author", "activity": 26, "h_index": 6, "h5_index": 0, "mag_id": "2116970217", "num_publications": 1, "num_citations": 9, "num_publications_5y": 0, "num_citations_5y": 3, "num_publications_10y": 1, "num_citations_10y": 9, "publications_years": {"2009": 1}, "citations_years": {"2010": 3, "2011": 3, "2012": 0, "2013": 0, "2014": 1, "2015": 0, "2016": 2}, "old_citations": {"2009": 9}, "isVisible": false}, "2118470150": {"name": "antonio toral", "type": "author", "activity": 16, "h_index": 14, "h5_index": 6, "mag_id": "2118470150", "num_publications": 1, "num_citations": 10, "num_publications_5y": 0, "num_citations_5y": 8, "num_publications_10y": 1, "num_citations_10y": 9, "publications_years": {"2011": 1}, "citations_years": {"2013": 1, "2014": 2, "2015": 1, "2016": 2, "2017": 3, "2018": 0, "2019": 1}, "old_citations": {"2011": 10}, "isVisible": false}, "2121939715": {"name": "stefan hofler", "type": "author", "activity": 9, "h_index": 5, "h5_index": 0, "mag_id": "2121939715", "num_publications": 1, "num_citations": 1, "num_publications_5y": 0, "num_citations_5y": 1, "num_publications_10y": 1, "num_citations_10y": 1, "publications_years": {"2013": 1}, "citations_years": {"2014": 1}, "old_citations": {"2013": 1}, "isVisible": false}, "2127038178": {"name": "carsten weber", "type": "author", "activity": 2, "h_index": 1, "h5_index": 0, "mag_id": "2127038178", "num_publications": 1, "num_citations": 3, "num_publications_5y": 0, "num_citations_5y": 0, "num_publications_10y": 1, "num_citations_10y": 3, "publications_years": {"2009": 1}, "citations_years": {"2010": 2, "2011": 1}, "old_citations": {"2009": 3}, "isVisible": false}, "2133092951": {"name": "alessandro maisto", "type": "author", "activity": 7, "h_index": 2, "h5_index": 2, "mag_id": "2133092951", "num_publications": 1, "num_citations": 0, "num_publications_5y": 1, "num_citations_5y": 0, "num_publications_10y": 1, "num_citations_10y": 0, "publications_years": {"2015": 1}, "citations_years": {}, "old_citations": {"2015": 0}, "isVisible": false}, "2142531117": {"name": "simon clematide", "type": "author", "activity": 19, "h_index": 14, "h5_index": 4, "mag_id": "2142531117", "num_publications": 1, "num_citations": 1, "num_publications_5y": 0, "num_citations_5y": 0, "num_publications_10y": 1, "num_citations_10y": 1, "publications_years": {"2013": 1}, "citations_years": {"2013": 1}, "old_citations": {"2013": 1}, "isVisible": false}, "2147781739": {"name": "matt post", "type": "author", "activity": 17, "h_index": 23, "h5_index": 11, "mag_id": "2147781739", "num_publications": 1, "num_citations": 12, "num_publications_5y": 1, "num_citations_5y": 10, "num_publications_10y": 1, "num_citations_10y": 10, "publications_years": {"2015": 1}, "citations_years": {"2016": 3, "2017": 2, "2018": 5, "2019": 2}, "old_citations": {"2015": 12}, "isVisible": false}, "2157410070": {"name": "stephan bopp", "type": "author", "activity": 16, "h_index": 2, "h5_index": 0, "mag_id": "2157410070", "num_publications": 1, "num_citations": 0, "num_publications_5y": 0, "num_citations_5y": 0, "num_publications_10y": 1, "num_citations_10y": 0, "publications_years": {"2009": 1}, "citations_years": {}, "old_citations": {"2009": 0}, "isVisible": false}, "2164732526": {"name": "michael maxwell", "type": "author", "activity": 8, "h_index": 3, "h5_index": 0, "mag_id": "2164732526", "num_publications": 1, "num_citations": 0, "num_publications_5y": 0, "num_citations_5y": 0, "num_publications_10y": 1, "num_citations_10y": 0, "publications_years": {"2013": 1}, "citations_years": {}, "old_citations": {"2013": 0}, "isVisible": false}, "2171361677": {"name": "lamia tounsi", "type": "author", "activity": 12, "h_index": 10, "h5_index": 1, "mag_id": "2171361677", "num_publications": 1, "num_citations": 10, "num_publications_5y": 0, "num_citations_5y": 8, "num_publications_10y": 1, "num_citations_10y": 9, "publications_years": {"2011": 1}, "citations_years": {"2013": 1, "2014": 2, "2015": 1, "2016": 2, "2017": 3, "2018": 0, "2019": 1}, "old_citations": {"2011": 10}, "isVisible": false}, "2176544085": {"name": "steffen eger", "type": "author", "activity": 9, "h_index": 8, "h5_index": 8, "mag_id": "2176544085", "num_publications": 1, "num_citations": 2, "num_publications_5y": 1, "num_citations_5y": 2, "num_publications_10y": 1, "num_citations_10y": 2, "publications_years": {"2015": 1}, "citations_years": {"2016": 2}, "old_citations": {"2015": 2}, "isVisible": false}, "2196286315": {"name": "johannes handl", "type": "author", "activity": 2, "h_index": 1, "h5_index": 0, "mag_id": "2196286315", "num_publications": 1, "num_citations": 3, "num_publications_5y": 0, "num_citations_5y": 0, "num_publications_10y": 1, "num_citations_10y": 3, "publications_years": {"2009": 1}, "citations_years": {"2010": 2, "2011": 1}, "old_citations": {"2009": 3}, "isVisible": false}, "2252266077": {"name": "roger que", "type": "author", "activity": 2, "h_index": 3, "h5_index": 1, "mag_id": "2252266077", "num_publications": 1, "num_citations": 12, "num_publications_5y": 1, "num_citations_5y": 10, "num_publications_10y": 1, "num_citations_10y": 10, "publications_years": {"2015": 1}, "citations_years": {"2016": 3, "2017": 2, "2018": 5, "2019": 2}, "old_citations": {"2015": 12}, "isVisible": false}, "2256769026": {"name": "oliver hellwig", "type": "author", "activity": 3, "h_index": 2, "h5_index": 1, "mag_id": "2256769026", "num_publications": 1, "num_citations": 2, "num_publications_5y": 1, "num_citations_5y": 2, "num_publications_10y": 1, "num_citations_10y": 2, "publications_years": {"2015": 1}, "citations_years": {"2016": 2}, "old_citations": {"2015": 2}, "isVisible": false}, "2290977366": {"name": "lauri karttunen", "type": "author", "activity": 30, "h_index": 22, "h5_index": 2, "mag_id": "2290977366", "num_publications": 1, "num_citations": 5, "num_publications_5y": 0, "num_citations_5y": 3, "num_publications_10y": 1, "num_citations_10y": 5, "publications_years": {"2011": 1}, "citations_years": {"2013": 2, "2014": 1, "2015": 2}, "old_citations": {"2011": 5}, "isVisible": false}, "2296201679": {"name": "sandro pedrazzini", "type": "author", "activity": 19, "h_index": 3, "h5_index": 0, "mag_id": "2296201679", "num_publications": 1, "num_citations": 0, "num_publications_5y": 0, "num_citations_5y": 0, "num_publications_10y": 1, "num_citations_10y": 0, "publications_years": {"2009": 1}, "citations_years": {}, "old_citations": {"2009": 0}, "isVisible": false}, "2307652641": {"name": "christian simon", "type": "author", "activity": 1, "h_index": 2, "h5_index": 0, "mag_id": "2307652641", "num_publications": 1, "num_citations": 9, "num_publications_5y": 0, "num_citations_5y": 3, "num_publications_10y": 1, "num_citations_10y": 9, "publications_years": {"2009": 1}, "citations_years": {"2010": 3, "2011": 3, "2012": 0, "2013": 0, "2014": 1, "2015": 0, "2016": 2}, "old_citations": {"2009": 9}, "isVisible": false}, "2405724736": {"name": "bryan jurish", "type": "author", "activity": 3, "h_index": 1, "h5_index": 0, "mag_id": "2405724736", "num_publications": 1, "num_citations": 0, "num_publications_5y": 1, "num_citations_5y": 0, "num_publications_10y": 1, "num_citations_10y": 0, "publications_years": {"2015": 1}, "citations_years": {}, "old_citations": {"2015": 0}, "isVisible": false}, "2420031337": {"name": "heinz dieter maas", "type": "author", "activity": 1, "h_index": 1, "h5_index": 0, "mag_id": "2420031337", "num_publications": 1, "num_citations": 10, "num_publications_5y": 0, "num_citations_5y": 2, "num_publications_10y": 1, "num_citations_10y": 10, "publications_years": {"2009": 1}, "citations_years": {"2010": 4, "2011": 2, "2012": 1, "2013": 1, "2014": 1, "2015": 0, "2016": 0, "2017": 1}, "old_citations": {"2009": 10}, "isVisible": false}, "2420543441": {"name": "serena pelosi", "type": "author", "activity": 8, "h_index": 3, "h5_index": 1, "mag_id": "2420543441", "num_publications": 1, "num_citations": 0, "num_publications_5y": 1, "num_citations_5y": 0, "num_publications_10y": 1, "num_citations_10y": 0, "publications_years": {"2015": 1}, "citations_years": {}, "old_citations": {"2015": 0}, "isVisible": false}, "2478207234": {"name": "tilman wittl", "type": "author", "activity": 1, "h_index": 1, "h5_index": 0, "mag_id": "2478207234", "num_publications": 1, "num_citations": 9, "num_publications_5y": 0, "num_citations_5y": 3, "num_publications_10y": 1, "num_citations_10y": 9, "publications_years": {"2009": 1}, "citations_years": {"2010": 3, "2011": 3, "2012": 0, "2013": 0, "2014": 1, "2015": 0, "2016": 2}, "old_citations": {"2009": 9}, "isVisible": false}, "2488174554": {"name": "christo kirov", "type": "author", "activity": 11, "h_index": 7, "h5_index": 5, "mag_id": "2488174554", "num_publications": 1, "num_citations": 12, "num_publications_5y": 1, "num_citations_5y": 10, "num_publications_10y": 1, "num_citations_10y": 10, "publications_years": {"2015": 1}, "citations_years": {"2016": 3, "2017": 2, "2018": 5, "2019": 2}, "old_citations": {"2015": 12}, "isVisible": false}, "2491286077": {"name": "alicia gonzalez martinez", "type": "author", "activity": 9, "h_index": 0, "h5_index": 0, "mag_id": "2491286077", "num_publications": 1, "num_citations": 0, "num_publications_5y": 0, "num_citations_5y": 0, "num_publications_10y": 1, "num_citations_10y": 0, "publications_years": {"2013": 1}, "citations_years": {}, "old_citations": {"2013": 0}, "isVisible": false}, "2492176617": {"name": "maciej janicki", "type": "author", "activity": 8, "h_index": 2, "h5_index": 0, "mag_id": "2492176617", "num_publications": 1, "num_citations": 0, "num_publications_5y": 1, "num_citations_5y": 0, "num_publications_10y": 1, "num_citations_10y": 0, "publications_years": {"2015": 1}, "citations_years": {}, "old_citations": {"2015": 0}, "isVisible": false}, "2495559929": {"name": "antonio moreno sandoval", "type": "author", "activity": 29, "h_index": 3, "h5_index": 1, "mag_id": "2495559929", "num_publications": 1, "num_citations": 0, "num_publications_5y": 0, "num_citations_5y": 0, "num_publications_10y": 1, "num_citations_10y": 0, "publications_years": {"2013": 1}, "citations_years": {}, "old_citations": {"2013": 0}, "isVisible": false}, "2556273962": {"name": "carlos g arques", "type": "author", "activity": 2, "h_index": 0, "h5_index": 0, "mag_id": "2556273962", "num_publications": 1, "num_citations": 0, "num_publications_5y": 0, "num_citations_5y": 0, "num_publications_10y": 1, "num_citations_10y": 0, "publications_years": {"2013": 1}, "citations_years": {}, "old_citations": {"2013": 0}, "isVisible": false}, "2561085188": {"name": "jurgen knauth", "type": "author", "activity": 2, "h_index": 1, "h5_index": 0, "mag_id": "2561085188", "num_publications": 1, "num_citations": 1, "num_publications_5y": 1, "num_citations_5y": 1, "num_publications_10y": 1, "num_citations_10y": 1, "publications_years": {"2015": 1}, "citations_years": {"2016": 1}, "old_citations": {"2015": 1}, "isVisible": false}, "2562388661": {"name": "juha kuokkala", "type": "author", "activity": 5, "h_index": 2, "h5_index": 1, "mag_id": "2562388661", "num_publications": 1, "num_citations": 8, "num_publications_5y": 0, "num_citations_5y": 7, "num_publications_10y": 1, "num_citations_10y": 7, "publications_years": {"2013": 1}, "citations_years": {"2014": 3, "2015": 1, "2016": 2, "2017": 1, "2018": 0, "2019": 1}, "old_citations": {"2013": 8}, "isVisible": false}, "2562705608": {"name": "david alfter", "type": "author", "activity": 2, "h_index": 1, "h5_index": 0, "mag_id": "2562705608", "num_publications": 1, "num_citations": 1, "num_publications_5y": 1, "num_citations_5y": 1, "num_publications_10y": 1, "num_citations_10y": 1, "publications_years": {"2015": 1}, "citations_years": {"2016": 1}, "old_citations": {"2015": 1}, "isVisible": false}, "2601209314": {"name": "susana lopez hervas", "type": "author", "activity": 2, "h_index": 0, "h5_index": 0, "mag_id": "2601209314", "num_publications": 1, "num_citations": 0, "num_publications_5y": 0, "num_citations_5y": 0, "num_publications_10y": 1, "num_citations_10y": 0, "publications_years": {"2013": 1}, "citations_years": {}, "old_citations": {"2013": 0}, "isVisible": false}, "2629044329": {"name": "gertrud faas", "type": "author", "activity": 2, "h_index": 1, "h5_index": 0, "mag_id": "2629044329", "num_publications": 1, "num_citations": 1, "num_publications_5y": 0, "num_citations_5y": 0, "num_publications_10y": 1, "num_citations_10y": 1, "publications_years": {"2011": 1}, "citations_years": {"2012": 1}, "old_citations": {"2011": 1}, "isVisible": false}, "2643479873": {"name": "toma tasovac", "type": "author", "activity": 1, "h_index": 0, "h5_index": 0, "mag_id": "2643479873", "num_publications": 1, "num_citations": 0, "num_publications_5y": 1, "num_citations_5y": 0, "num_publications_10y": 1, "num_citations_10y": 0, "publications_years": {"2015": 1}, "citations_years": {}, "old_citations": {"2015": 0}, "isVisible": false}, "2644599331": {"name": "jyrki niemi", "type": "author", "activity": 17, "h_index": 5, "h5_index": 0, "mag_id": "2644599331", "num_publications": 1, "num_citations": 8, "num_publications_5y": 0, "num_citations_5y": 7, "num_publications_10y": 1, "num_citations_10y": 7, "publications_years": {"2013": 1}, "citations_years": {"2014": 3, "2015": 1, "2016": 2, "2017": 1, "2018": 0, "2019": 1}, "old_citations": {"2013": 8}, "isVisible": false}, "2659332913": {"name": "claudia gdaniec", "type": "author", "activity": 14, "h_index": 4, "h5_index": 0, "mag_id": "2659332913", "num_publications": 1, "num_citations": 6, "num_publications_5y": 0, "num_citations_5y": 5, "num_publications_10y": 1, "num_citations_10y": 6, "publications_years": {"2011": 1}, "citations_years": {"2012": 1, "2013": 0, "2014": 3, "2015": 0, "2016": 2}, "old_citations": {"2011": 6}, "isVisible": false}, "2662305913": {"name": "sasa rudan", "type": "author", "activity": 1, "h_index": 0, "h5_index": 0, "mag_id": "2662305913", "num_publications": 1, "num_citations": 0, "num_publications_5y": 1, "num_citations_5y": 0, "num_publications_10y": 1, "num_citations_10y": 0, "publications_years": {"2015": 1}, "citations_years": {}, "old_citations": {"2015": 0}, "isVisible": false}, "2671781517": {"name": "sinisa rudan", "type": "author", "activity": 1, "h_index": 0, "h5_index": 0, "mag_id": "2671781517", "num_publications": 1, "num_citations": 0, "num_publications_5y": 1, "num_citations_5y": 0, "num_publications_10y": 1, "num_citations_10y": 0, "publications_years": {"2015": 1}, "citations_years": {}, "old_citations": {"2015": 0}, "isVisible": false}, "2700817350": {"name": "k\u0101rlis goba", "type": "author", "activity": 1, "h_index": 1, "h5_index": 0, "mag_id": "2700817350", "num_publications": 1, "num_citations": 8, "num_publications_5y": 0, "num_citations_5y": 2, "num_publications_10y": 1, "num_citations_10y": 7, "publications_years": {"2011": 1}, "citations_years": {"2012": 4, "2013": 1, "2014": 1, "2015": 0, "2016": 0, "2017": 0, "2018": 1, "2019": 1}, "old_citations": {"2011": 8}, "isVisible": false}, "2717957268": {"name": "esme manandise", "type": "author", "activity": 16, "h_index": 3, "h5_index": 1, "mag_id": "2717957268", "num_publications": 1, "num_citations": 6, "num_publications_5y": 0, "num_citations_5y": 5, "num_publications_10y": 1, "num_citations_10y": 6, "publications_years": {"2011": 1}, "citations_years": {"2012": 1, "2013": 0, "2014": 3, "2015": 0, "2016": 2}, "old_citations": {"2011": 6}, "isVisible": false}, "2778223392": {"name": "annibale elia", "type": "author", "activity": 20, "h_index": 5, "h5_index": 2, "mag_id": "2778223392", "num_publications": 1, "num_citations": 0, "num_publications_5y": 1, "num_citations_5y": 0, "num_publications_10y": 1, "num_citations_10y": 0, "publications_years": {"2015": 1}, "citations_years": {}, "old_citations": {"2015": 0}, "isVisible": false}, "2940728595": {"name": "axel theofilidis", "type": "author", "activity": 1, "h_index": 1, "h5_index": 0, "mag_id": "2940728595", "num_publications": 1, "num_citations": 10, "num_publications_5y": 0, "num_citations_5y": 2, "num_publications_10y": 1, "num_citations_10y": 10, "publications_years": {"2009": 1}, "citations_years": {"2010": 4, "2011": 2, "2012": 1, "2013": 1, "2014": 1, "2015": 0, "2016": 0, "2017": 1}, "old_citations": {"2009": 10}, "isVisible": false}, "2962823235": {"name": "m\u0101rcis pinnis", "type": "author", "activity": 1, "h_index": 1, "h5_index": 0, "mag_id": "2962823235", "num_publications": 1, "num_citations": 8, "num_publications_5y": 0, "num_citations_5y": 2, "num_publications_10y": 1, "num_citations_10y": 7, "publications_years": {"2011": 1}, "citations_years": {"2012": 4, "2013": 1, "2014": 1, "2015": 0, "2016": 0, "2017": 0, "2018": 1, "2019": 1}, "old_citations": {"2011": 8}, "isVisible": false}}, "countries": {"Germany": {"name": "Germany", "type": "country", "h5_index": 139, "num_publications": 9, "num_citations": 24, "num_publications_5y": 4, "num_citations_5y": 7, "num_publications_10y": 9, "num_citations_10y": 24, "publications_years": {"2009": 4, "2011": 1, "2015": 4}, "citations_years": {"2010": 7, "2011": 4, "2009": 2, "2012": 2, "2013": 2, "2014": 1, "2015": 1, "2016": 5}, "old_citations": {"2009": 20, "2011": 1, "2015": 3}, "isVisible": false}, "Finland": {"name": "Finland", "type": "country", "h5_index": 68, "num_publications": 5, "num_citations": 109, "num_publications_5y": 1, "num_citations_5y": 65, "num_publications_10y": 5, "num_citations_10y": 108, "publications_years": {"2009": 2, "2011": 1, "2015": 1, "2013": 1}, "citations_years": {"2009": 4, "2010": 4, "2011": 5, "2012": 17, "2013": 13, "2014": 19, "2015": 23, "2016": 9, "2017": 13, "2018": 1, "2019": 1}, "old_citations": {"2009": 61, "2011": 40, "2015": 0, "2013": 8}, "isVisible": false}, "France": {"name": "France", "type": "country", "h5_index": 99, "num_publications": 3, "num_citations": 14, "num_publications_5y": 0, "num_citations_5y": 10, "num_publications_10y": 3, "num_citations_10y": 12, "publications_years": {"2013": 2, "2011": 1}, "citations_years": {"2014": 5, "2015": 3, "2016": 0, "2017": 2, "2018": 0, "2019": 2, "2011": 1, "2012": 0, "2013": 1}, "old_citations": {"2013": 9, "2011": 5}, "isVisible": false}, "United States": {"name": "United States", "type": "country", "h5_index": 308, "num_publications": 3, "num_citations": 23, "num_publications_5y": 1, "num_citations_5y": 18, "num_publications_10y": 3, "num_citations_10y": 21, "publications_years": {"2011": 2, "2015": 1}, "citations_years": {"2013": 2, "2014": 4, "2015": 2, "2012": 1, "2016": 5, "2017": 2, "2018": 5, "2019": 2}, "old_citations": {"2011": 11, "2015": 12}, "isVisible": false}, "Switzerland": {"name": "Switzerland", "type": "country", "h5_index": 102, "num_publications": 2, "num_citations": 2, "num_publications_5y": 0, "num_citations_5y": 1, "num_publications_10y": 2, "num_citations_10y": 2, "publications_years": {"2013": 2}, "citations_years": {"2013": 1, "2014": 1}, "old_citations": {"2013": 2}, "isVisible": false}, "Czechia": {"name": "Czechia", "type": "country", "h5_index": 43, "num_publications": 1, "num_citations": 0, "num_publications_5y": 1, "num_citations_5y": 0, "num_publications_10y": 1, "num_citations_10y": 0, "publications_years": {"2015": 1}, "citations_years": {}, "old_citations": {"2015": 0}, "isVisible": false}, "Egypt": {"name": "Egypt", "type": "country", "h5_index": 47, "num_publications": 1, "num_citations": 0, "num_publications_5y": 0, "num_citations_5y": 0, "num_publications_10y": 1, "num_citations_10y": 0, "publications_years": {"2013": 1}, "citations_years": {}, "old_citations": {"2013": 0}, "isVisible": false}, "Ireland": {"name": "Ireland", "type": "country", "h5_index": 50, "num_publications": 1, "num_citations": 10, "num_publications_5y": 0, "num_citations_5y": 8, "num_publications_10y": 1, "num_citations_10y": 9, "publications_years": {"2011": 1}, "citations_years": {"2013": 1, "2014": 2, "2015": 1, "2016": 2, "2017": 3, "2018": 0, "2019": 1}, "old_citations": {"2011": 10}, "isVisible": false}, "Italy": {"name": "Italy", "type": "country", "h5_index": 94, "num_publications": 1, "num_citations": 0, "num_publications_5y": 1, "num_citations_5y": 0, "num_publications_10y": 1, "num_citations_10y": 0, "publications_years": {"2015": 1}, "citations_years": {}, "old_citations": {"2015": 0}, "isVisible": false}, "Spain": {"name": "Spain", "type": "country", "h5_index": 91, "num_publications": 1, "num_citations": 0, "num_publications_5y": 0, "num_citations_5y": 0, "num_publications_10y": 1, "num_citations_10y": 0, "publications_years": {"2013": 1}, "citations_years": {}, "old_citations": {"2013": 0}, "isVisible": false}}, "industrial_sectors": {"computing_and_it": {"name": "computing_and_it", "type": "industrial sector", "h5_index": 221, "num_publications": 1, "num_citations": 6, "num_publications_5y": 0, "num_citations_5y": 5, "num_publications_10y": 1, "num_citations_10y": 6, "publications_years": {"2011": 1}, "citations_years": {"2012": 1, "2013": 0, "2014": 3, "2015": 0, "2016": 2}, "old_citations": {"2011": 6}, "isVisible": false}, "information_technology": {"name": "information_technology", "type": "industrial sector", "h5_index": 74, "num_publications": 1, "num_citations": 6, "num_publications_5y": 0, "num_citations_5y": 5, "num_publications_10y": 1, "num_citations_10y": 6, "publications_years": {"2011": 1}, "citations_years": {"2012": 1, "2013": 0, "2014": 3, "2015": 0, "2016": 2}, "old_citations": {"2011": 6}, "isVisible": false}, "technology": {"name": "technology", "type": "industrial sector", "h5_index": 229, "num_publications": 1, "num_citations": 6, "num_publications_5y": 0, "num_citations_5y": 5, "num_publications_10y": 1, "num_citations_10y": 6, "publications_years": {"2011": 1}, "citations_years": {"2012": 1, "2013": 0, "2014": 3, "2015": 0, "2016": 2}, "old_citations": {"2011": 6}, "isVisible": false}}}, "conference_comparison": {"computer science": {}}, "topics_dna": {"publications": {}, "citations": {"normalized": {}, "average": {}}}, "info": {"num_publications": 32, "num_citations": 202.0, "impact_factor": {"2011": 1.375, "2012": 1.7142857142857142, "2013": 1.8571428571428572, "2014": 1.1428571428571428, "2015": 0.5714285714285714}, "publications_years": {"2015": 10, "2009": 8, "2011": 7, "2013": 7}, "citations_years": {"2009": 6, "2010": 15, "2011": 12, "2012": 25, "2013": 22, "2014": 34, "2015": 30, "2016": 23, "2017": 21, "2018": 7, "2019": 7}, "old_citations": {"2015": 17, "2009": 91, "2011": 75, "2013": 19}, "h5_index": 0}, "percentile": {"computer science": {"2015": 63, "2009": 86, "2011": 88, "2013": 65}}, "conference_ranking": {"computer science": {"2015": 1572, "2009": 588, "2011": 500, "2013": 1493}}, "academia": {"num_publications": 23, "num_citations": 166, "publications_years": {"2009": 6, "2010": 0, "2011": 4, "2012": 0, "2013": 5, "2014": 0, "2015": 8}, "old_citations": {"2009": 81, "2010": 0, "2011": 56, "2012": 0, "2013": 14, "2014": 0, "2015": 15}, "num_publications_5y": 0, "num_citations_5y": 0, "num_publications_10y": 17, "num_citations_10y": 85}, "industry": {"num_publications": 1, "num_citations": 6, "publications_years": {"2011": 1}, "old_citations": {"2011": 6}, "num_publications_5y": 0, "num_citations_5y": 0, "num_publications_10y": 1, "num_citations_10y": 6}, "collaborative": {"num_publications": 0, "num_citations": 0, "publications_years": {}, "old_citations": {}, "num_publications_5y": 0, "num_citations_5y": 0, "num_publications_10y": 0, "num_citations_10y": 0}, "conferences": {}, "journals": {}, "organizations": {"publication_overall": ["University of Helsinki", "French Institute for Research in Computer Science and Automation", "University of Potsdam", "University of Zurich", "Autonomous University of Madrid", "Berlin-Brandenburg Academy of Sciences and Humanities", "Cairo University", "Charles University", "Dublin City University", "French National Centre for Scientific Research", "Goethe University Frankfurt", "Heidelberg University", "IBM (United States)", "Johns Hopkins University", "Leipzig University", "Stanford University", "University of Erlangen-Nuremberg", "University of Freiburg", "University of Lorraine", "University of Salerno", "University of Stuttgart", "University of Trier"], "citation_overall": ["University of Helsinki", "Johns Hopkins University", "Dublin City University", "French Institute for Research in Computer Science and Automation", "Heidelberg University", "University of Freiburg", "University of Potsdam", "IBM (United States)", "French National Centre for Scientific Research", "Stanford University", "University of Lorraine", "University of Erlangen-Nuremberg", "Goethe University Frankfurt", "University of Zurich", "University of Stuttgart", "University of Trier", "Autonomous University of Madrid", "Berlin-Brandenburg Academy of Sciences and Humanities", "Cairo University", "Charles University", "Leipzig University", "University of Salerno"], "publication_10_years": ["University of Helsinki", "French Institute for Research in Computer Science and Automation", "University of Zurich", "Autonomous University of Madrid", "Berlin-Brandenburg Academy of Sciences and Humanities", "Cairo University", "Charles University", "Dublin City University", "French National Centre for Scientific Research", "Goethe University Frankfurt", "IBM (United States)", "Johns Hopkins University", "Leipzig University", "Stanford University", "University of Lorraine", "University of Salerno", "University of Stuttgart", "University of Trier"], "citation_10_years": ["University of Helsinki", "Johns Hopkins University", "Dublin City University", "French Institute for Research in Computer Science and Automation", "IBM (United States)", "French National Centre for Scientific Research", "Stanford University", "University of Lorraine", "Goethe University Frankfurt", "University of Zurich", "University of Stuttgart", "University of Trier", "Autonomous University of Madrid", "Berlin-Brandenburg Academy of Sciences and Humanities", "Cairo University", "Charles University", "Leipzig University", "University of Salerno"], "publication_5_years": [], "citation_5_years": []}, "countries": {"publication_overall": ["Germany", "Finland", "France", "United States", "Switzerland", "Czechia", "Egypt", "Ireland", "Italy", "Spain"], "citation_overall": ["Finland", "Germany", "United States", "France", "Ireland", "Switzerland", "Czechia", "Egypt", "Italy", "Spain"], "publication_10_years": ["Germany", "Finland", "France", "United States", "Switzerland", "Czechia", "Egypt", "Ireland", "Italy", "Spain"], "citation_10_years": ["Finland", "United States", "France", "Ireland", "Germany", "Switzerland", "Czechia", "Egypt", "Italy", "Spain"], "publication_5_years": [], "citation_5_years": []}, "topics": {"publication_overall": ["computer science", "computer systems", "linguistics", "database systems", "artificial intelligence", "computational linguistics", "semantics", "natural language processing", "natural languages", "formal languages and automata theory", "syntactics", "theoretical computer science", "machine learning", "automata theory", "pattern recognition", "translation (languages)", "computer programming", "correlation analysis", "mathematics", "computer networks"], "citation_overall": ["computer science", "linguistics", "computer systems", "database systems", "computational linguistics", "artificial intelligence", "formal languages and automata theory", "theoretical computer science", "automata theory", "translation (languages)", "finite automata", "finite state automata", "finite state machines", "education", "libraries", "machine learning", "knowledge based systems", "semantics", "computer programming", "pattern recognition"], "publication_10_years": ["computer science", "computer systems", "artificial intelligence", "database systems", "linguistics", "semantics", "computational linguistics", "natural language processing", "natural languages", "machine learning", "syntactics", "pattern recognition", "formal languages and automata theory", "theoretical computer science", "computer networks", "correlation analysis", "mathematics", "automata theory", "internet", "character recognition"], "citation_10_years": ["computer science", "computer systems", "artificial intelligence", "database systems", "linguistics", "computational linguistics", "machine learning", "formal languages and automata theory", "theoretical computer science", "pattern recognition", "automata theory", "translation (languages)", "semantics", "natural language processing", "natural languages", "computer programming", "information retrieval", "internet", "finite automata", "finite state automata"], "publication_5_years": [], "citation_5_years": []}, "main_topics": ["computer science"], "authors": {"publication_overall": ["2151869777", "2056752081", "1976471301", "2156295048", "2174973128", "60768295", "1632339985", "2170451395", "93711912", "1060503896", "1353996423", "1892556327", "1971377697", "1980393614", "1982230417", "1993836204", "2016778496", "2042800127", "2070359007", "2085270040", "2095035375", "2107832746", "2109880516", "2116970217", "2118470150", "2121939715", "2127038178", "2133092951", "2142531117", "2147781739", "2157410070", "2164732526", "2171361677", "2176544085", "2196286315", "2252266077", "2256769026", "2290977366", "2296201679", "2307652641", "2405724736", "2420031337", "2420543441", "2478207234", "2488174554", "2491286077", "2492176617", "2495559929", "2556273962", "2561085188", "2562388661", "2562705608", "2601209314", "2629044329", "2643479873", "2644599331", "2659332913", "2662305913", "2671781517", "2700817350", "2717957268", "2778223392", "2940728595", "2962823235"], "citation_overall": ["2151869777", "2056752081", "2174973128", "1976471301", "2156295048", "1971377697", "2042800127", "2147781739", "2252266077", "2488174554", "93711912", "1353996423", "1632339985", "2016778496", "2107832746", "2118470150", "2170451395", "2171361677", "2420031337", "2940728595", "2116970217", "2307652641", "2478207234", "60768295", "2070359007", "2562388661", "2644599331", "2700817350", "2962823235", "2659332913", "2717957268", "2290977366", "1892556327", "1060503896", "1982230417", "2127038178", "2196286315", "2095035375", "2176544085", "2256769026", "2109880516", "2121939715", "2142531117", "2561085188", "2562705608", "2629044329", "1980393614", "1993836204", "2085270040", "2133092951", "2157410070", "2164732526", "2296201679", "2405724736", "2420543441", "2491286077", "2492176617", "2495559929", "2556273962", "2601209314", "2643479873", "2662305913", "2671781517", "2778223392"], "publication_10_years": ["1976471301", "2056752081", "2151869777", "2156295048", "1632339985", "2170451395", "2174973128", "93711912", "1892556327", "1971377697", "1980393614", "1993836204", "2016778496", "2042800127", "2070359007", "2085270040", "2107832746", "2109880516", "2118470150", "2121939715", "2133092951", "2142531117", "2147781739", "2164732526", "2171361677", "2176544085", "2252266077", "2256769026", "2290977366", "2405724736", "2420543441", "2488174554", "2491286077", "2492176617", "2495559929", "2556273962", "2561085188", "2562388661", "2562705608", "2601209314", "2629044329", "2643479873", "2644599331", "2659332913", "2662305913", "2671781517", "2700817350", "2717957268", "2778223392", "2962823235"], "citation_10_years": ["1976471301", "2056752081", "2151869777", "2156295048", "2174973128", "1971377697", "2042800127", "2147781739", "2252266077", "2488174554", "93711912", "1632339985", "2016778496", "2107832746", "2118470150", "2170451395", "2171361677", "2070359007", "2562388661", "2644599331", "2700817350", "2962823235", "2659332913", "2717957268", "2290977366", "1892556327", "2176544085", "2256769026", "2109880516", "2121939715", "2142531117", "2561085188", "2562705608", "2629044329", "1980393614", "1993836204", "2085270040", "2133092951", "2164732526", "2405724736", "2420543441", "2491286077", "2492176617", "2495559929", "2556273962", "2601209314", "2643479873", "2662305913", "2671781517", "2778223392"], "publication_5_years": [], "citation_5_years": []}, "industrial_sectors": {"publication_overall": ["computing_and_it", "information_technology", "technology"], "citation_overall": ["computing_and_it", "information_technology", "technology"], "publication_10_years": ["computing_and_it", "information_technology", "technology"], "citation_10_years": ["computing_and_it", "information_technology", "technology"], "publication_5_years": [], "citation_5_years": []}}