{"name": "International Symposium on Semiconductor Manufacturing", "acronym": "ISSM", "type": "conference", "uniqueEntities": {"organizations": {"National Taiwan University": {"name": "National Taiwan University", "type": "organization", "organization_type": "Education", "h_index": 132, "h5_index": 34, "num_publications": 5, "num_citations": 20, "num_publications_5y": 0, "num_citations_5y": 2, "num_publications_10y": 1, "num_citations_10y": 6, "publications_years": {"2008": 1, "2006": 1, "2010": 1, "1999": 1, "1997": 1}, "citations_years": {"2009": 1, "2010": 1, "2012": 2, "2013": 0, "2014": 0, "2015": 2, "2000": 2, "2001": 3, "2002": 1, "2003": 2, "2004": 4, "2005": 1, "2006": 0, "2007": 1}, "old_citations": {"2008": 0, "2006": 2, "2010": 4, "1999": 14, "1997": 0}, "isVisible": false}, "Toshiba (Japan)": {"name": "Toshiba (Japan)", "type": "organization", "organization_type": "Company", "h_index": 140, "h5_index": 27, "num_publications": 3, "num_citations": 15, "num_publications_5y": 2, "num_citations_5y": 5, "num_publications_10y": 2, "num_citations_10y": 6, "publications_years": {"2016": 2, "2008": 1}, "citations_years": {"2017": 3, "2010": 1, "2018": 2, "2019": 6, "2020": 3}, "old_citations": {"2016": 14, "2008": 1}, "isVisible": false}, "Advanced Micro Devices (Canada)": {"name": "Advanced Micro Devices (Canada)", "type": "organization", "organization_type": "Company", "h_index": 103, "h5_index": 16, "num_publications": 2, "num_citations": 19, "num_publications_5y": 0, "num_citations_5y": 7, "num_publications_10y": 0, "num_citations_10y": 18, "publications_years": {"2006": 1, "2007": 1}, "citations_years": {"2015": 3, "2016": 1, "2017": 0, "2018": 1, "2010": 1, "2011": 3, "2012": 6, "2013": 1, "2014": 2, "2019": 1}, "old_citations": {"2006": 2, "2007": 17}, "isVisible": false}, "Intel (United States)": {"name": "Intel (United States)", "type": "organization", "organization_type": "Company", "h_index": 279, "h5_index": 62, "num_publications": 2, "num_citations": 5, "num_publications_5y": 0, "num_citations_5y": 2, "num_publications_10y": 0, "num_citations_10y": 3, "publications_years": {"2000": 1, "2001": 1}, "citations_years": {"2012": 1, "2013": 0, "2014": 0, "2015": 1, "2016": 0, "2017": 1, "2004": 1, "2005": 1, "2006": 0, "2007": 0, "2008": 0, "2009": 0, "2010": 0, "2011": 0}, "old_citations": {"2000": 2, "2001": 3}, "isVisible": false}, "Renesas Electronics (United States)": {"name": "Renesas Electronics (United States)", "type": "organization", "organization_type": "Company", "h_index": 54, "h5_index": 6, "num_publications": 2, "num_citations": 18, "num_publications_5y": 0, "num_citations_5y": 1, "num_publications_10y": 0, "num_citations_10y": 12, "publications_years": {"2003": 1, "2008": 1}, "citations_years": {"2004": 2, "2005": 1, "2006": 0, "2007": 2, "2008": 1, "2009": 6, "2010": 3, "2011": 0, "2012": 1, "2013": 1, "2014": 0, "2015": 1}, "old_citations": {"2003": 18, "2008": 0}, "isVisible": false}, "Arizona State University": {"name": "Arizona State University", "type": "organization", "organization_type": "Education", "h_index": 169, "h5_index": 56, "num_publications": 1, "num_citations": 0, "num_publications_5y": 0, "num_citations_5y": 0, "num_publications_10y": 0, "num_citations_10y": 0, "publications_years": {"2001": 1}, "citations_years": {}, "old_citations": {"2001": 0}, "isVisible": false}, "Fujitsu (Japan)": {"name": "Fujitsu (Japan)", "type": "organization", "organization_type": "Company", "h_index": 132, "h5_index": 18, "num_publications": 1, "num_citations": 2, "num_publications_5y": 0, "num_citations_5y": 0, "num_publications_10y": 0, "num_citations_10y": 0, "publications_years": {"2001": 1}, "citations_years": {"2001": 1, "2002": 0, "2003": 0, "2004": 1}, "old_citations": {"2001": 2}, "isVisible": false}, "Georgia Institute of Technology": {"name": "Georgia Institute of Technology", "type": "organization", "organization_type": "Education", "h_index": 280, "h5_index": 72, "num_publications": 1, "num_citations": 6, "num_publications_5y": 0, "num_citations_5y": 1, "num_publications_10y": 0, "num_citations_10y": 3, "publications_years": {"2005": 1}, "citations_years": {"2005": 1, "2006": 0, "2007": 2, "2008": 0, "2009": 0, "2010": 0, "2011": 1, "2012": 0, "2013": 1, "2014": 0, "2015": 0, "2016": 1}, "old_citations": {"2005": 6}, "isVisible": false}, "Mitsubishi Electric (Germany)": {"name": "Mitsubishi Electric (Germany)", "type": "organization", "organization_type": "Company", "h_index": 82, "h5_index": 16, "num_publications": 1, "num_citations": 0, "num_publications_5y": 0, "num_citations_5y": 0, "num_publications_10y": 0, "num_citations_10y": 0, "publications_years": {"2008": 1}, "citations_years": {}, "old_citations": {"2008": 0}, "isVisible": false}, "Panasonic (Japan)": {"name": "Panasonic (Japan)", "type": "organization", "organization_type": "Company", "h_index": 139, "h5_index": 20, "num_publications": 1, "num_citations": 1, "num_publications_5y": 1, "num_citations_5y": 1, "num_publications_10y": 1, "num_citations_10y": 1, "publications_years": {"2016": 1}, "citations_years": {"2017": 1}, "old_citations": {"2016": 1}, "isVisible": false}, "Shibaura Institute of Technology": {"name": "Shibaura Institute of Technology", "type": "organization", "organization_type": "Education", "h_index": 21, "h5_index": 9, "num_publications": 1, "num_citations": 1, "num_publications_5y": 0, "num_citations_5y": 0, "num_publications_10y": 0, "num_citations_10y": 1, "publications_years": {"2008": 1}, "citations_years": {"2010": 1}, "old_citations": {"2008": 1}, "isVisible": false}, "University of Connecticut": {"name": "University of Connecticut", "type": "organization", "organization_type": "Education", "h_index": 108, "h5_index": 28, "num_publications": 1, "num_citations": 4, "num_publications_5y": 0, "num_citations_5y": 2, "num_publications_10y": 1, "num_citations_10y": 4, "publications_years": {"2010": 1}, "citations_years": {"2012": 2, "2013": 0, "2014": 0, "2015": 2}, "old_citations": {"2010": 4}, "isVisible": false}, "University of Pavia": {"name": "University of Pavia", "type": "organization", "organization_type": "Education", "h_index": 66, "h5_index": 19, "num_publications": 1, "num_citations": 3, "num_publications_5y": 0, "num_citations_5y": 0, "num_publications_10y": 0, "num_citations_10y": 0, "publications_years": {"2005": 1}, "citations_years": {"2005": 2, "2006": 0, "2007": 1}, "old_citations": {"2005": 3}, "isVisible": false}}, "topics": {"computer science": {"name": "computer science", "type": "topic", "h_index": 1779, "h5_index": 416, "num_publications": 31, "num_citations": 111, "num_publications_5y": 4, "num_citations_5y": 22, "num_publications_10y": 6, "num_citations_10y": 60, "publications_years": {"2008": 4, "2011": 1, "2003": 4, "2016": 3, "2006": 2, "1999": 2, "2005": 3, "2010": 1, "2000": 1, "2001": 3, "2007": 1, "2015": 1, "1997": 2, "1994": 1, "1995": 1, "1990": 1}, "citations_years": {"2012": 12, "2013": 5, "2017": 6, "2009": 8, "2010": 8, "2015": 8, "2016": 2, "2018": 4, "2005": 8, "2006": 2, "2007": 9, "2008": 2, "2011": 5, "2014": 2, "2004": 8, "2000": 2, "2001": 4, "2002": 1, "2003": 3, "2019": 7, "2020": 3, "1997": 1, "1998": 1, "1999": 0}, "old_citations": {"2008": 1, "2011": 4, "2003": 31, "2016": 15, "2006": 4, "1999": 14, "2005": 10, "2010": 4, "2000": 2, "2001": 5, "2007": 17, "2015": 0, "1997": 0, "1994": 0, "1995": 3, "1990": 1}, "isVisible": false}, "computer hardware": {"name": "computer hardware", "type": "topic", "h_index": 1150, "h5_index": 279, "num_publications": 21, "num_citations": 78, "num_publications_5y": 4, "num_citations_5y": 19, "num_publications_10y": 6, "num_citations_10y": 52, "publications_years": {"2008": 4, "2011": 1, "2016": 3, "2006": 1, "1999": 1, "2010": 1, "2003": 2, "2001": 1, "2007": 1, "2015": 1, "1997": 2, "1994": 1, "1995": 1, "1990": 1}, "citations_years": {"2012": 11, "2013": 4, "2017": 4, "2015": 8, "2016": 1, "2018": 4, "2014": 2, "2004": 3, "2005": 4, "2006": 0, "2007": 4, "2008": 2, "2009": 7, "2010": 7, "2011": 4, "2019": 7, "2020": 3, "1997": 1, "1998": 1, "1999": 0, "2000": 0, "2001": 0, "2002": 0, "2003": 1}, "old_citations": {"2008": 1, "2011": 4, "2016": 15, "2006": 2, "1999": 0, "2010": 4, "2003": 28, "2001": 3, "2007": 17, "2015": 0, "1997": 0, "1994": 0, "1995": 3, "1990": 1}, "isVisible": false}, "computer systems": {"name": "computer systems", "type": "topic", "h_index": 1595, "h5_index": 367, "num_publications": 20, "num_citations": 77, "num_publications_5y": 2, "num_citations_5y": 11, "num_publications_10y": 3, "num_citations_10y": 41, "publications_years": {"2011": 1, "2016": 1, "2006": 2, "2005": 3, "2003": 1, "1999": 1, "2001": 3, "2008": 1, "2007": 1, "2015": 1, "1997": 2, "1994": 1, "1995": 1, "1990": 1}, "citations_years": {"2012": 9, "2013": 5, "2017": 1, "2009": 7, "2010": 5, "2015": 5, "2016": 2, "2018": 1, "2005": 6, "2006": 1, "2007": 6, "2004": 8, "2008": 2, "2011": 4, "2014": 2, "2000": 2, "2001": 4, "2002": 1, "2003": 3, "2019": 1, "1997": 1, "1998": 1, "1999": 0}, "old_citations": {"2011": 4, "2016": 1, "2006": 4, "2005": 10, "2003": 18, "1999": 14, "2001": 5, "2008": 0, "2007": 17, "2015": 0, "1997": 0, "1994": 0, "1995": 3, "1990": 1}, "isVisible": false}, "mathematics": {"name": "mathematics", "type": "topic", "h_index": 1364, "h5_index": 300, "num_publications": 20, "num_citations": 57, "num_publications_5y": 2, "num_citations_5y": 12, "num_publications_10y": 3, "num_citations_10y": 30, "publications_years": {"2008": 3, "2016": 2, "2006": 1, "1999": 2, "2005": 3, "2003": 1, "2010": 1, "2007": 1, "1997": 2, "2001": 2, "1994": 1, "1990": 1}, "citations_years": {"2017": 4, "2009": 1, "2010": 3, "2005": 4, "2006": 2, "2007": 5, "2008": 0, "2011": 4, "2012": 8, "2013": 2, "2014": 2, "2015": 4, "2016": 2, "2000": 2, "2001": 4, "2002": 1, "2003": 2, "2004": 5, "2018": 0, "2019": 1, "1998": 1}, "old_citations": {"2008": 1, "2016": 3, "2006": 2, "1999": 14, "2005": 10, "2003": 3, "2010": 4, "2007": 17, "1997": 0, "2001": 2, "1994": 0, "1990": 1}, "isVisible": false}, "artificial intelligence": {"name": "artificial intelligence", "type": "topic", "h_index": 1421, "h5_index": 373, "num_publications": 17, "num_citations": 76, "num_publications_5y": 3, "num_citations_5y": 18, "num_publications_10y": 4, "num_citations_10y": 38, "publications_years": {"2008": 1, "2011": 1, "2016": 3, "2006": 1, "2005": 1, "2003": 2, "2000": 1, "1999": 1, "2001": 2, "2007": 1, "1997": 2, "1995": 1}, "citations_years": {"2012": 9, "2013": 3, "2017": 6, "2015": 5, "2016": 1, "2018": 4, "2005": 6, "2006": 1, "2007": 5, "2008": 1, "2009": 1, "2010": 3, "2011": 4, "2014": 2, "2000": 2, "2001": 3, "2002": 1, "2003": 3, "2004": 5, "2019": 7, "2020": 3, "1997": 1, "1998": 0, "1999": 0}, "old_citations": {"2008": 0, "2011": 4, "2016": 15, "2006": 2, "2005": 3, "2003": 13, "2000": 2, "1999": 14, "2001": 3, "2007": 17, "1997": 0, "1995": 3}, "isVisible": false}, "correlation analysis": {"name": "correlation analysis", "type": "topic", "h_index": 1044, "h5_index": 224, "num_publications": 14, "num_citations": 39, "num_publications_5y": 2, "num_citations_5y": 12, "num_publications_10y": 3, "num_citations_10y": 30, "publications_years": {"2008": 3, "2016": 2, "2006": 1, "1999": 1, "2003": 1, "2010": 1, "2007": 1, "2005": 2, "2001": 2}, "citations_years": {"2017": 4, "2009": 1, "2010": 3, "2006": 2, "2007": 3, "2008": 0, "2011": 4, "2012": 8, "2013": 2, "2014": 2, "2015": 4, "2016": 2, "2018": 0, "2019": 1, "2005": 1, "2001": 1, "2002": 0, "2003": 0, "2004": 1}, "old_citations": {"2008": 1, "2016": 3, "2006": 2, "1999": 0, "2003": 3, "2010": 4, "2007": 17, "2005": 7, "2001": 2}, "isVisible": false}, "sensors": {"name": "sensors", "type": "topic", "h_index": 960, "h5_index": 229, "num_publications": 14, "num_citations": 72, "num_publications_5y": 3, "num_citations_5y": 16, "num_publications_10y": 5, "num_citations_10y": 49, "publications_years": {"2008": 2, "2011": 1, "1999": 1, "2016": 2, "2010": 1, "2003": 2, "2001": 1, "2007": 1, "2015": 1, "1997": 1, "1990": 1}, "citations_years": {"2012": 11, "2013": 4, "2017": 3, "2014": 2, "2015": 7, "2004": 3, "2005": 4, "2006": 0, "2007": 4, "2008": 1, "2009": 7, "2010": 7, "2011": 4, "2016": 1, "2018": 3, "2019": 7, "2020": 3, "1998": 1}, "old_citations": {"2008": 1, "2011": 4, "1999": 0, "2016": 14, "2010": 4, "2003": 28, "2001": 3, "2007": 17, "2015": 0, "1997": 0, "1990": 1}, "isVisible": false}, "engineering": {"name": "engineering", "type": "topic", "h_index": 1177, "h5_index": 287, "num_publications": 13, "num_citations": 72, "num_publications_5y": 2, "num_citations_5y": 10, "num_publications_10y": 2, "num_citations_10y": 34, "publications_years": {"2008": 2, "1999": 2, "2003": 1, "2007": 1, "2015": 1, "2016": 1, "2005": 1, "1997": 1, "2001": 2, "1995": 1}, "citations_years": {"2004": 7, "2005": 3, "2006": 0, "2007": 5, "2008": 2, "2009": 6, "2010": 4, "2011": 4, "2012": 7, "2013": 3, "2014": 2, "2015": 3, "2000": 2, "2001": 4, "2002": 1, "2003": 3, "2016": 2, "2017": 1, "2018": 2, "2019": 7, "2020": 3, "1997": 1, "1998": 0, "1999": 0}, "old_citations": {"2008": 0, "1999": 14, "2003": 18, "2007": 17, "2015": 0, "2016": 12, "2005": 6, "1997": 0, "2001": 2, "1995": 3}, "isVisible": false}, "engineers": {"name": "engineers", "type": "topic", "h_index": 285, "h5_index": 54, "num_publications": 10, "num_citations": 33, "num_publications_5y": 3, "num_citations_5y": 10, "num_publications_10y": 4, "num_citations_10y": 17, "publications_years": {"2008": 2, "1999": 1, "2016": 2, "2010": 1, "2001": 1, "2015": 1, "2003": 1, "1990": 1}, "citations_years": {"2017": 3, "2012": 2, "2013": 0, "2014": 0, "2015": 4, "2004": 1, "2005": 3, "2006": 0, "2007": 2, "2008": 0, "2009": 1, "2010": 3, "2011": 1, "2018": 3, "2019": 6, "2020": 3, "2016": 0, "1998": 1}, "old_citations": {"2008": 1, "1999": 0, "2016": 14, "2010": 4, "2001": 3, "2015": 0, "2003": 10, "1990": 1}, "isVisible": false}, "optical fibers": {"name": "optical fibers", "type": "topic", "h_index": 457, "h5_index": 111, "num_publications": 10, "num_citations": 33, "num_publications_5y": 3, "num_citations_5y": 10, "num_publications_10y": 4, "num_citations_10y": 17, "publications_years": {"2008": 2, "1999": 1, "2016": 2, "2010": 1, "2001": 1, "2015": 1, "2003": 1, "1990": 1}, "citations_years": {"2017": 3, "2012": 2, "2013": 0, "2014": 0, "2015": 4, "2004": 1, "2005": 3, "2006": 0, "2007": 2, "2008": 0, "2009": 1, "2010": 3, "2011": 1, "2018": 3, "2019": 6, "2020": 3, "2016": 0, "1998": 1}, "old_citations": {"2008": 1, "1999": 0, "2016": 14, "2010": 4, "2001": 3, "2015": 0, "2003": 10, "1990": 1}, "isVisible": false}, "database systems": {"name": "database systems", "type": "topic", "h_index": 1167, "h5_index": 276, "num_publications": 8, "num_citations": 22, "num_publications_5y": 2, "num_citations_5y": 3, "num_publications_10y": 2, "num_citations_10y": 5, "publications_years": {"2016": 1, "2006": 2, "1999": 1, "2015": 1, "2001": 1, "1994": 1, "1990": 1}, "citations_years": {"2017": 1, "2009": 1, "2010": 1, "2015": 1, "2016": 0, "2018": 1, "2000": 2, "2001": 4, "2002": 1, "2003": 2, "2004": 5, "2005": 1, "2006": 0, "2007": 1, "1998": 1}, "old_citations": {"2016": 1, "2006": 4, "1999": 14, "2015": 0, "2001": 2, "1994": 0, "1990": 1}, "isVisible": false}, "embedded systems": {"name": "embedded systems", "type": "topic", "h_index": 799, "h5_index": 168, "num_publications": 8, "num_citations": 43, "num_publications_5y": 1, "num_citations_5y": 6, "num_publications_10y": 2, "num_citations_10y": 32, "publications_years": {"2011": 1, "2003": 1, "2008": 1, "2007": 1, "2005": 1, "2015": 1, "1997": 1, "1995": 1}, "citations_years": {"2012": 9, "2013": 4, "2004": 2, "2005": 1, "2006": 1, "2007": 2, "2008": 2, "2009": 6, "2010": 4, "2011": 3, "2014": 2, "2015": 3, "2016": 1, "2017": 0, "2018": 0, "2019": 1, "1997": 1, "1998": 0, "1999": 0, "2000": 0, "2001": 0, "2002": 0, "2003": 1}, "old_citations": {"2011": 4, "2003": 18, "2008": 0, "2007": 17, "2005": 1, "2015": 0, "1997": 0, "1995": 3}, "isVisible": false}, "software engineering": {"name": "software engineering", "type": "topic", "h_index": 964, "h5_index": 236, "num_publications": 8, "num_citations": 31, "num_publications_5y": 1, "num_citations_5y": 6, "num_publications_10y": 3, "num_citations_10y": 23, "publications_years": {"2008": 2, "2011": 1, "2006": 1, "2010": 1, "2003": 1, "2001": 1, "2015": 1}, "citations_years": {"2012": 5, "2013": 3, "2015": 5, "2016": 0, "2017": 0, "2018": 1, "2014": 0, "2004": 3, "2005": 2, "2006": 0, "2007": 2, "2008": 1, "2009": 6, "2010": 3, "2011": 0}, "old_citations": {"2008": 0, "2011": 4, "2006": 2, "2010": 4, "2003": 18, "2001": 3, "2015": 0}, "isVisible": false}, "computer programming": {"name": "computer programming", "type": "topic", "h_index": 873, "h5_index": 186, "num_publications": 7, "num_citations": 12, "num_publications_5y": 1, "num_citations_5y": 3, "num_publications_10y": 2, "num_citations_10y": 7, "publications_years": {"2011": 1, "2003": 1, "2006": 1, "2001": 1, "2008": 1, "2015": 1, "1995": 1}, "citations_years": {"2012": 2, "2013": 2, "2015": 2, "2016": 0, "2017": 0, "2018": 1, "2004": 1, "2005": 1, "2006": 0, "2007": 0, "2008": 1, "2009": 0, "2010": 0, "2011": 0, "2014": 0, "1997": 1, "1998": 0, "1999": 0, "2000": 0, "2001": 0, "2002": 0, "2003": 1}, "old_citations": {"2011": 4, "2003": 0, "2006": 2, "2001": 3, "2008": 0, "2015": 0, "1995": 3}, "isVisible": false}, "knowledge based systems": {"name": "knowledge based systems", "type": "topic", "h_index": 660, "h5_index": 129, "num_publications": 7, "num_citations": 41, "num_publications_5y": 0, "num_citations_5y": 9, "num_publications_10y": 0, "num_citations_10y": 21, "publications_years": {"2008": 1, "2006": 1, "2000": 1, "1999": 1, "2001": 1, "2007": 1, "1995": 1}, "citations_years": {"2015": 4, "2016": 1, "2017": 1, "2018": 1, "2012": 7, "2013": 1, "2014": 2, "2000": 2, "2001": 3, "2002": 1, "2003": 3, "2004": 5, "2005": 2, "2006": 0, "2007": 1, "2008": 1, "2009": 0, "2010": 1, "2011": 3, "2019": 1, "1997": 1, "1998": 0, "1999": 0}, "old_citations": {"2008": 0, "2006": 2, "2000": 2, "1999": 14, "2001": 3, "2007": 17, "1995": 3}, "isVisible": false}, "theoretical computer science": {"name": "theoretical computer science", "type": "topic", "h_index": 883, "h5_index": 203, "num_publications": 7, "num_citations": 35, "num_publications_5y": 1, "num_citations_5y": 7, "num_publications_10y": 2, "num_citations_10y": 20, "publications_years": {"2003": 1, "2010": 1, "1999": 1, "2007": 1, "2015": 1, "1997": 1, "1994": 1}, "citations_years": {"2012": 8, "2013": 1, "2014": 2, "2015": 4, "2000": 2, "2001": 3, "2002": 1, "2003": 2, "2004": 4, "2005": 1, "2006": 0, "2007": 1, "2010": 1, "2011": 3, "2016": 1, "2017": 0, "2018": 0, "2019": 1}, "old_citations": {"2003": 0, "2010": 4, "1999": 14, "2007": 17, "2015": 0, "1997": 0, "1994": 0}, "isVisible": false}, "computer aided design": {"name": "computer aided design", "type": "topic", "h_index": 485, "h5_index": 107, "num_publications": 6, "num_citations": 31, "num_publications_5y": 0, "num_citations_5y": 4, "num_publications_10y": 0, "num_citations_10y": 19, "publications_years": {"1999": 1, "2003": 3, "2008": 2}, "citations_years": {"2006": 1, "2007": 5, "2008": 1, "2009": 7, "2010": 5, "2011": 1, "2012": 1, "2013": 1, "2014": 0, "2015": 2, "2016": 0, "2017": 1, "2004": 2, "2005": 3, "2018": 1}, "old_citations": {"1999": 0, "2003": 31, "2008": 0}, "isVisible": false}, "computer networks": {"name": "computer networks", "type": "topic", "h_index": 1262, "h5_index": 332, "num_publications": 6, "num_citations": 42, "num_publications_5y": 1, "num_citations_5y": 7, "num_publications_10y": 2, "num_citations_10y": 33, "publications_years": {"2011": 1, "2003": 1, "2001": 1, "2007": 1, "2015": 1, "1997": 1}, "citations_years": {"2012": 9, "2013": 4, "2004": 3, "2005": 2, "2006": 0, "2007": 2, "2008": 1, "2009": 6, "2010": 4, "2011": 3, "2014": 2, "2015": 4, "2016": 1, "2017": 0, "2018": 0, "2019": 1}, "old_citations": {"2011": 4, "2003": 18, "2001": 3, "2007": 17, "2015": 0, "1997": 0}, "isVisible": false}, "machine learning": {"name": "machine learning", "type": "topic", "h_index": 1123, "h5_index": 351, "num_publications": 6, "num_citations": 26, "num_publications_5y": 2, "num_citations_5y": 6, "num_publications_10y": 2, "num_citations_10y": 10, "publications_years": {"2016": 2, "2005": 1, "2001": 1, "1997": 1, "2003": 1}, "citations_years": {"2017": 2, "2005": 4, "2006": 0, "2007": 3, "2018": 3, "2019": 6, "2020": 3, "2008": 0, "2009": 1, "2010": 2, "2011": 1, "2012": 0, "2013": 0, "2014": 0, "2015": 1, "2016": 0}, "old_citations": {"2016": 13, "2005": 3, "2001": 0, "1997": 0, "2003": 10}, "isVisible": false}, "signal processing": {"name": "signal processing", "type": "topic", "h_index": 1012, "h5_index": 255, "num_publications": 6, "num_citations": 40, "num_publications_5y": 0, "num_citations_5y": 6, "num_publications_10y": 0, "num_citations_10y": 28, "publications_years": {"2003": 1, "2008": 1, "2007": 1, "1997": 1, "2001": 1, "1995": 1}, "citations_years": {"2004": 3, "2005": 1, "2006": 0, "2007": 2, "2008": 2, "2009": 6, "2010": 4, "2011": 3, "2012": 7, "2013": 2, "2014": 2, "2015": 3, "2016": 1, "2017": 0, "2018": 0, "2019": 1, "2001": 1, "2002": 0, "2003": 1, "1997": 1, "1998": 0, "1999": 0, "2000": 0}, "old_citations": {"2003": 18, "2008": 0, "2007": 17, "1997": 0, "2001": 2, "1995": 3}, "isVisible": false}, "telecommunication networks": {"name": "telecommunication networks", "type": "topic", "h_index": 1116, "h5_index": 258, "num_publications": 6, "num_citations": 45, "num_publications_5y": 0, "num_citations_5y": 8, "num_publications_10y": 0, "num_citations_10y": 32, "publications_years": {"2003": 1, "2001": 1, "2007": 1, "2005": 1, "1997": 1, "1990": 1}, "citations_years": {"2004": 3, "2005": 3, "2006": 0, "2007": 4, "2008": 1, "2009": 6, "2010": 4, "2011": 4, "2012": 7, "2013": 3, "2014": 2, "2015": 4, "2016": 2, "2017": 0, "2018": 0, "2019": 1, "1998": 1}, "old_citations": {"2003": 18, "2001": 3, "2007": 17, "2005": 6, "1997": 0, "1990": 1}, "isVisible": false}, "telecommunication systems": {"name": "telecommunication systems", "type": "topic", "h_index": 1187, "h5_index": 277, "num_publications": 6, "num_citations": 45, "num_publications_5y": 0, "num_citations_5y": 8, "num_publications_10y": 0, "num_citations_10y": 32, "publications_years": {"2003": 1, "2001": 1, "2007": 1, "2005": 1, "1997": 1, "1990": 1}, "citations_years": {"2004": 3, "2005": 3, "2006": 0, "2007": 4, "2008": 1, "2009": 6, "2010": 4, "2011": 4, "2012": 7, "2013": 3, "2014": 2, "2015": 4, "2016": 2, "2017": 0, "2018": 0, "2019": 1, "1998": 1}, "old_citations": {"2003": 18, "2001": 3, "2007": 17, "2005": 6, "1997": 0, "1990": 1}, "isVisible": false}, "telecommunication traffic": {"name": "telecommunication traffic", "type": "topic", "h_index": 1036, "h5_index": 233, "num_publications": 6, "num_citations": 45, "num_publications_5y": 0, "num_citations_5y": 8, "num_publications_10y": 0, "num_citations_10y": 32, "publications_years": {"2003": 1, "2001": 1, "2007": 1, "2005": 1, "1997": 1, "1990": 1}, "citations_years": {"2004": 3, "2005": 3, "2006": 0, "2007": 4, "2008": 1, "2009": 6, "2010": 4, "2011": 4, "2012": 7, "2013": 3, "2014": 2, "2015": 4, "2016": 2, "2017": 0, "2018": 0, "2019": 1, "1998": 1}, "old_citations": {"2003": 18, "2001": 3, "2007": 17, "2005": 6, "1997": 0, "1990": 1}, "isVisible": false}, "field programmable gate arrays (fpga)": {"name": "field programmable gate arrays (fpga)", "type": "topic", "h_index": 594, "h5_index": 149, "num_publications": 5, "num_citations": 42, "num_publications_5y": 0, "num_citations_5y": 6, "num_publications_10y": 1, "num_citations_10y": 32, "publications_years": {"2011": 1, "2003": 1, "2007": 1, "1997": 1, "1995": 1}, "citations_years": {"2012": 9, "2013": 4, "2004": 2, "2005": 1, "2006": 0, "2007": 2, "2008": 2, "2009": 6, "2010": 4, "2011": 3, "2014": 2, "2015": 3, "2016": 1, "2017": 0, "2018": 0, "2019": 1, "1997": 1, "1998": 0, "1999": 0, "2000": 0, "2001": 0, "2002": 0, "2003": 1}, "old_citations": {"2011": 4, "2003": 18, "2007": 17, "1997": 0, "1995": 3}, "isVisible": false}, "bandwidth": {"name": "bandwidth", "type": "topic", "h_index": 922, "h5_index": 201, "num_publications": 4, "num_citations": 38, "num_publications_5y": 0, "num_citations_5y": 7, "num_publications_10y": 0, "num_citations_10y": 29, "publications_years": {"2003": 1, "2001": 1, "2007": 1, "1997": 1}, "citations_years": {"2004": 3, "2005": 2, "2006": 0, "2007": 2, "2008": 1, "2009": 6, "2010": 4, "2011": 3, "2012": 7, "2013": 2, "2014": 2, "2015": 4, "2016": 1, "2017": 0, "2018": 0, "2019": 1}, "old_citations": {"2003": 18, "2001": 3, "2007": 17, "1997": 0}, "isVisible": false}, "communication channels (information theory)": {"name": "communication channels (information theory)", "type": "topic", "h_index": 925, "h5_index": 216, "num_publications": 4, "num_citations": 38, "num_publications_5y": 0, "num_citations_5y": 7, "num_publications_10y": 0, "num_citations_10y": 29, "publications_years": {"2003": 1, "2001": 1, "2007": 1, "1997": 1}, "citations_years": {"2004": 3, "2005": 2, "2006": 0, "2007": 2, "2008": 1, "2009": 6, "2010": 4, "2011": 3, "2012": 7, "2013": 2, "2014": 2, "2015": 4, "2016": 1, "2017": 0, "2018": 0, "2019": 1}, "old_citations": {"2003": 18, "2001": 3, "2007": 17, "1997": 0}, "isVisible": false}, "communication systems": {"name": "communication systems", "type": "topic", "h_index": 1092, "h5_index": 254, "num_publications": 4, "num_citations": 38, "num_publications_5y": 0, "num_citations_5y": 7, "num_publications_10y": 0, "num_citations_10y": 29, "publications_years": {"2003": 1, "2001": 1, "2007": 1, "1997": 1}, "citations_years": {"2004": 3, "2005": 2, "2006": 0, "2007": 2, "2008": 1, "2009": 6, "2010": 4, "2011": 3, "2012": 7, "2013": 2, "2014": 2, "2015": 4, "2016": 1, "2017": 0, "2018": 0, "2019": 1}, "old_citations": {"2003": 18, "2001": 3, "2007": 17, "1997": 0}, "isVisible": false}, "wireless communications": {"name": "wireless communications", "type": "topic", "h_index": 773, "h5_index": 173, "num_publications": 4, "num_citations": 38, "num_publications_5y": 0, "num_citations_5y": 7, "num_publications_10y": 0, "num_citations_10y": 29, "publications_years": {"2003": 1, "2001": 1, "2007": 1, "1997": 1}, "citations_years": {"2004": 3, "2005": 2, "2006": 0, "2007": 2, "2008": 1, "2009": 6, "2010": 4, "2011": 3, "2012": 7, "2013": 2, "2014": 2, "2015": 4, "2016": 1, "2017": 0, "2018": 0, "2019": 1}, "old_citations": {"2003": 18, "2001": 3, "2007": 17, "1997": 0}, "isVisible": false}, "big data": {"name": "big data", "type": "topic", "h_index": 185, "h5_index": 103, "num_publications": 2, "num_citations": 13, "num_publications_5y": 2, "num_citations_5y": 4, "num_publications_10y": 2, "num_citations_10y": 4, "publications_years": {"2016": 2}, "citations_years": {"2017": 2, "2018": 2, "2019": 6, "2020": 3}, "old_citations": {"2016": 13}, "isVisible": false}, "data mining": {"name": "data mining", "type": "topic", "h_index": 861, "h5_index": 196, "num_publications": 4, "num_citations": 18, "num_publications_5y": 2, "num_citations_5y": 4, "num_publications_10y": 2, "num_citations_10y": 6, "publications_years": {"2016": 2, "2006": 1, "2005": 1}, "citations_years": {"2017": 2, "2009": 1, "2010": 1, "2005": 2, "2006": 0, "2007": 1, "2018": 2, "2019": 6, "2020": 3}, "old_citations": {"2016": 13, "2006": 2, "2005": 3}, "isVisible": false}, "digital storage": {"name": "digital storage", "type": "topic", "h_index": 327, "h5_index": 112, "num_publications": 2, "num_citations": 13, "num_publications_5y": 2, "num_citations_5y": 4, "num_publications_10y": 2, "num_citations_10y": 4, "publications_years": {"2016": 2}, "citations_years": {"2017": 2, "2018": 2, "2019": 6, "2020": 3}, "old_citations": {"2016": 13}, "isVisible": false}, "information retrieval": {"name": "information retrieval", "type": "topic", "h_index": 882, "h5_index": 227, "num_publications": 4, "num_citations": 6, "num_publications_5y": 2, "num_citations_5y": 4, "num_publications_10y": 2, "num_citations_10y": 4, "publications_years": {"2016": 2, "2001": 1, "1997": 1}, "citations_years": {"2017": 3, "2004": 1, "2005": 1, "2006": 0, "2007": 0, "2008": 0, "2009": 0, "2010": 0, "2011": 0, "2012": 0, "2013": 0, "2014": 0, "2015": 1}, "old_citations": {"2016": 3, "2001": 3, "1997": 0}, "isVisible": false}, "network architecture": {"name": "network architecture", "type": "topic", "h_index": 747, "h5_index": 266, "num_publications": 3, "num_citations": 7, "num_publications_5y": 1, "num_citations_5y": 1, "num_publications_10y": 2, "num_citations_10y": 5, "publications_years": {"2011": 1, "2001": 1, "2015": 1}, "citations_years": {"2012": 2, "2013": 2, "2004": 1, "2005": 1, "2006": 0, "2007": 0, "2008": 0, "2009": 0, "2010": 0, "2011": 0, "2014": 0, "2015": 1}, "old_citations": {"2011": 4, "2001": 3, "2015": 0}, "isVisible": false}, "association rules": {"name": "association rules", "type": "topic", "h_index": 358, "h5_index": 78, "num_publications": 2, "num_citations": 14, "num_publications_5y": 1, "num_citations_5y": 3, "num_publications_10y": 1, "num_citations_10y": 5, "publications_years": {"2006": 1, "2016": 1}, "citations_years": {"2009": 1, "2010": 1, "2017": 1, "2018": 2, "2019": 6, "2020": 3}, "old_citations": {"2006": 2, "2016": 12}, "isVisible": false}, "automation": {"name": "automation", "type": "topic", "h_index": 579, "h5_index": 144, "num_publications": 4, "num_citations": 28, "num_publications_5y": 1, "num_citations_5y": 3, "num_publications_10y": 1, "num_citations_10y": 3, "publications_years": {"1999": 1, "2016": 1, "2001": 2}, "citations_years": {"2000": 2, "2001": 4, "2002": 1, "2003": 2, "2004": 5, "2005": 1, "2006": 0, "2007": 1, "2017": 1, "2018": 2, "2019": 6, "2020": 3}, "old_citations": {"1999": 14, "2016": 12, "2001": 2}, "isVisible": false}, "clustering algorithms": {"name": "clustering algorithms", "type": "topic", "h_index": 574, "h5_index": 133, "num_publications": 2, "num_citations": 15, "num_publications_5y": 1, "num_citations_5y": 3, "num_publications_10y": 1, "num_citations_10y": 3, "publications_years": {"2005": 1, "2016": 1}, "citations_years": {"2005": 2, "2006": 0, "2007": 1, "2017": 1, "2018": 2, "2019": 6, "2020": 3}, "old_citations": {"2005": 3, "2016": 12}, "isVisible": false}, "data mining techniques": {"name": "data mining techniques", "type": "topic", "h_index": 228, "h5_index": 48, "num_publications": 1, "num_citations": 12, "num_publications_5y": 1, "num_citations_5y": 3, "num_publications_10y": 1, "num_citations_10y": 3, "publications_years": {"2016": 1}, "citations_years": {"2017": 1, "2018": 2, "2019": 6, "2020": 3}, "old_citations": {"2016": 12}, "isVisible": false}, "deep learning": {"name": "deep learning", "type": "topic", "h_index": 260, "h5_index": 185, "num_publications": 1, "num_citations": 12, "num_publications_5y": 1, "num_citations_5y": 3, "num_publications_10y": 1, "num_citations_10y": 3, "publications_years": {"2016": 1}, "citations_years": {"2017": 1, "2018": 2, "2019": 6, "2020": 3}, "old_citations": {"2016": 12}, "isVisible": false}, "neural networks": {"name": "neural networks", "type": "topic", "h_index": 604, "h5_index": 293, "num_publications": 4, "num_citations": 22, "num_publications_5y": 1, "num_citations_5y": 5, "num_publications_10y": 1, "num_citations_10y": 9, "publications_years": {"2016": 1, "2001": 1, "1997": 1, "2003": 1}, "citations_years": {"2017": 1, "2018": 3, "2019": 6, "2020": 3, "2005": 2, "2006": 0, "2007": 2, "2008": 0, "2009": 1, "2010": 2, "2011": 1, "2012": 0, "2013": 0, "2014": 0, "2015": 1, "2016": 0}, "old_citations": {"2016": 12, "2001": 0, "1997": 0, "2003": 10}, "isVisible": false}, "architectural models": {"name": "architectural models", "type": "topic", "h_index": 227, "h5_index": 58, "num_publications": 1, "num_citations": 4, "num_publications_5y": 0, "num_citations_5y": 0, "num_publications_10y": 1, "num_citations_10y": 4, "publications_years": {"2011": 1}, "citations_years": {"2012": 2, "2013": 2}, "old_citations": {"2011": 4}, "isVisible": false}, "architecture designs": {"name": "architecture designs", "type": "topic", "h_index": 483, "h5_index": 145, "num_publications": 2, "num_citations": 6, "num_publications_5y": 0, "num_citations_5y": 2, "num_publications_10y": 1, "num_citations_10y": 6, "publications_years": {"2011": 1, "2006": 1}, "citations_years": {"2012": 2, "2013": 2, "2015": 1, "2016": 0, "2017": 0, "2018": 1}, "old_citations": {"2011": 4, "2006": 2}, "isVisible": false}, "classification methods": {"name": "classification methods", "type": "topic", "h_index": 551, "h5_index": 185, "num_publications": 4, "num_citations": 6, "num_publications_5y": 1, "num_citations_5y": 1, "num_publications_10y": 1, "num_citations_10y": 1, "publications_years": {"2016": 1, "2005": 1, "2001": 1, "1997": 1}, "citations_years": {"2017": 1, "2005": 2, "2006": 0, "2007": 1, "2001": 1, "2002": 0, "2003": 0, "2004": 1}, "old_citations": {"2016": 1, "2005": 3, "2001": 2, "1997": 0}, "isVisible": false}, "classification models": {"name": "classification models", "type": "topic", "h_index": 421, "h5_index": 143, "num_publications": 3, "num_citations": 6, "num_publications_5y": 1, "num_citations_5y": 1, "num_publications_10y": 1, "num_citations_10y": 1, "publications_years": {"2016": 1, "2005": 1, "2001": 1}, "citations_years": {"2017": 1, "2005": 2, "2006": 0, "2007": 1, "2001": 1, "2002": 0, "2003": 0, "2004": 1}, "old_citations": {"2016": 1, "2005": 3, "2001": 2}, "isVisible": false}, "computational linguistics": {"name": "computational linguistics", "type": "topic", "h_index": 668, "h5_index": 175, "num_publications": 1, "num_citations": 1, "num_publications_5y": 1, "num_citations_5y": 1, "num_publications_10y": 1, "num_citations_10y": 1, "publications_years": {"2016": 1}, "citations_years": {"2017": 1}, "old_citations": {"2016": 1}, "isVisible": false}}, "authors": {"2892769692": {"name": "shichung chang", "type": "author", "activity": 29, "h_index": 6, "h5_index": 0, "mag_id": "2892769692", "num_publications": 4, "num_citations": 18, "num_publications_5y": 0, "num_citations_5y": 2, "num_publications_10y": 1, "num_citations_10y": 4, "publications_years": {"2008": 1, "2010": 1, "1999": 1, "1997": 1}, "citations_years": {"2012": 2, "2013": 0, "2014": 0, "2015": 2, "2000": 2, "2001": 3, "2002": 1, "2003": 2, "2004": 4, "2005": 1, "2006": 0, "2007": 1}, "old_citations": {"2008": 0, "2010": 4, "1999": 14, "1997": 0}, "isVisible": false}, "2499199924": {"name": "kentaro takagi", "type": "author", "activity": 3, "h_index": 2, "h5_index": 2, "mag_id": "2499199924", "num_publications": 2, "num_citations": 14, "num_publications_5y": 2, "num_citations_5y": 5, "num_publications_10y": 2, "num_citations_10y": 5, "publications_years": {"2016": 2}, "citations_years": {"2017": 3, "2018": 2, "2019": 6, "2020": 3}, "old_citations": {"2016": 14}, "isVisible": false}, "2316034": {"name": "ryohei orihara", "type": "author", "activity": 18, "h_index": 11, "h5_index": 2, "mag_id": "2316034", "num_publications": 1, "num_citations": 12, "num_publications_5y": 1, "num_citations_5y": 3, "num_publications_10y": 1, "num_citations_10y": 3, "publications_years": {"2016": 1}, "citations_years": {"2017": 1, "2018": 2, "2019": 6, "2020": 3}, "old_citations": {"2016": 12}, "isVisible": false}, "664264290": {"name": "peter b luh", "type": "author", "activity": 31, "h_index": 19, "h5_index": 4, "mag_id": "664264290", "num_publications": 1, "num_citations": 4, "num_publications_5y": 0, "num_citations_5y": 2, "num_publications_10y": 1, "num_citations_10y": 4, "publications_years": {"2010": 1}, "citations_years": {"2012": 2, "2013": 0, "2014": 0, "2015": 2}, "old_citations": {"2010": 4}, "isVisible": false}, "1513745563": {"name": "g de nicolao", "type": "author", "activity": 30, "h_index": 12, "h5_index": 1, "mag_id": "1513745563", "num_publications": 1, "num_citations": 3, "num_publications_5y": 0, "num_citations_5y": 0, "num_publications_10y": 0, "num_citations_10y": 0, "publications_years": {"2005": 1}, "citations_years": {"2005": 2, "2006": 0, "2007": 1}, "old_citations": {"2005": 3}, "isVisible": false}, "1767443615": {"name": "jiang zhibin", "type": "author", "activity": 11, "h_index": 1, "h5_index": 0, "mag_id": "1767443615", "num_publications": 1, "num_citations": 0, "num_publications_5y": 0, "num_citations_5y": 0, "num_publications_10y": 0, "num_citations_10y": 0, "publications_years": {"2003": 1}, "citations_years": {}, "old_citations": {"2003": 0}, "isVisible": false}, "1991025931": {"name": "s tanimura", "type": "author", "activity": 1, "h_index": 1, "h5_index": 0, "mag_id": "1991025931", "num_publications": 1, "num_citations": 3, "num_publications_5y": 0, "num_citations_5y": 0, "num_publications_10y": 0, "num_citations_10y": 0, "publications_years": {"1995": 1}, "citations_years": {"1997": 1, "1998": 0, "1999": 0, "2000": 0, "2001": 0, "2002": 0, "2003": 1, "2004": 0, "2005": 0, "2006": 0, "2007": 0, "2008": 1}, "old_citations": {"1995": 3}, "isVisible": false}, "1992478486": {"name": "k takeishi", "type": "author", "activity": 1, "h_index": 1, "h5_index": 0, "mag_id": "1992478486", "num_publications": 1, "num_citations": 1, "num_publications_5y": 0, "num_citations_5y": 0, "num_publications_10y": 0, "num_citations_10y": 0, "publications_years": {"2005": 1}, "citations_years": {"2006": 1}, "old_citations": {"2005": 1}, "isVisible": false}, "2037186649": {"name": "dima nazzal", "type": "author", "activity": 13, "h_index": 8, "h5_index": 0, "mag_id": "2037186649", "num_publications": 1, "num_citations": 6, "num_publications_5y": 0, "num_citations_5y": 1, "num_publications_10y": 0, "num_citations_10y": 3, "publications_years": {"2005": 1}, "citations_years": {"2005": 1, "2006": 0, "2007": 2, "2008": 0, "2009": 0, "2010": 0, "2011": 1, "2012": 0, "2013": 1, "2014": 0, "2015": 0, "2016": 1}, "old_citations": {"2005": 6}, "isVisible": false}, "2065993613": {"name": "matthew a purdy", "type": "author", "activity": 9, "h_index": 4, "h5_index": 0, "mag_id": "2065993613", "num_publications": 1, "num_citations": 17, "num_publications_5y": 0, "num_citations_5y": 5, "num_publications_10y": 0, "num_citations_10y": 16, "publications_years": {"2007": 1}, "citations_years": {"2010": 1, "2011": 3, "2012": 6, "2013": 1, "2014": 2, "2015": 2, "2016": 1, "2017": 0, "2018": 0, "2019": 1}, "old_citations": {"2007": 17}, "isVisible": false}, "2069316467": {"name": "tetsuya homma", "type": "author", "activity": 5, "h_index": 1, "h5_index": 0, "mag_id": "2069316467", "num_publications": 1, "num_citations": 1, "num_publications_5y": 0, "num_citations_5y": 0, "num_publications_10y": 0, "num_citations_10y": 1, "publications_years": {"2008": 1}, "citations_years": {"2010": 1}, "old_citations": {"2008": 1}, "isVisible": false}, "2095667215": {"name": "shengche lin", "type": "author", "activity": 1, "h_index": 1, "h5_index": 0, "mag_id": "2095667215", "num_publications": 1, "num_citations": 10, "num_publications_5y": 0, "num_citations_5y": 2, "num_publications_10y": 0, "num_citations_10y": 6, "publications_years": {"2003": 1}, "citations_years": {"2005": 2, "2006": 0, "2007": 2, "2008": 0, "2009": 1, "2010": 2, "2011": 1, "2012": 0, "2013": 0, "2014": 0, "2015": 1, "2016": 0, "2017": 0, "2018": 1}, "old_citations": {"2003": 10}, "isVisible": false}, "2110815742": {"name": "argon chen", "type": "author", "activity": 20, "h_index": 5, "h5_index": 0, "mag_id": "2110815742", "num_publications": 1, "num_citations": 2, "num_publications_5y": 0, "num_citations_5y": 0, "num_publications_10y": 0, "num_citations_10y": 2, "publications_years": {"2006": 1}, "citations_years": {"2009": 1, "2010": 1}, "old_citations": {"2006": 2}, "isVisible": false}, "2114608473": {"name": "chihmin fan", "type": "author", "activity": 2, "h_index": 1, "h5_index": 0, "mag_id": "2114608473", "num_publications": 1, "num_citations": 0, "num_publications_5y": 0, "num_citations_5y": 0, "num_publications_10y": 0, "num_citations_10y": 0, "publications_years": {"2008": 1}, "citations_years": {}, "old_citations": {"2008": 0}, "isVisible": false}, "2120785587": {"name": "g miraglia", "type": "author", "activity": 3, "h_index": 2, "h5_index": 0, "mag_id": "2120785587", "num_publications": 1, "num_citations": 3, "num_publications_5y": 0, "num_citations_5y": 0, "num_publications_10y": 0, "num_citations_10y": 0, "publications_years": {"2005": 1}, "citations_years": {"2005": 2, "2006": 0, "2007": 1}, "old_citations": {"2005": 3}, "isVisible": false}, "2123178682": {"name": "bowei hsieh", "type": "author", "activity": 9, "h_index": 2, "h5_index": 0, "mag_id": "2123178682", "num_publications": 1, "num_citations": 14, "num_publications_5y": 0, "num_citations_5y": 0, "num_publications_10y": 0, "num_citations_10y": 0, "publications_years": {"1999": 1}, "citations_years": {"2000": 2, "2001": 3, "2002": 1, "2003": 2, "2004": 4, "2005": 1, "2006": 0, "2007": 1}, "old_citations": {"1999": 14}, "isVisible": false}, "2129186786": {"name": "tadahiro ohmi", "type": "author", "activity": 27, "h_index": 15, "h5_index": 1, "mag_id": "2129186786", "num_publications": 1, "num_citations": 0, "num_publications_5y": 0, "num_citations_5y": 0, "num_publications_10y": 0, "num_citations_10y": 0, "publications_years": {"1997": 1}, "citations_years": {}, "old_citations": {"1997": 0}, "isVisible": false}, "2130479016": {"name": "koichi sakurai", "type": "author", "activity": 1, "h_index": 1, "h5_index": 0, "mag_id": "2130479016", "num_publications": 1, "num_citations": 18, "num_publications_5y": 0, "num_citations_5y": 1, "num_publications_10y": 0, "num_citations_10y": 12, "publications_years": {"2003": 1}, "citations_years": {"2004": 2, "2005": 1, "2006": 0, "2007": 2, "2008": 1, "2009": 6, "2010": 3, "2011": 0, "2012": 1, "2013": 1, "2014": 0, "2015": 1}, "old_citations": {"2003": 18}, "isVisible": false}, "2133781571": {"name": "k imaoka", "type": "author", "activity": 1, "h_index": 1, "h5_index": 0, "mag_id": "2133781571", "num_publications": 1, "num_citations": 1, "num_publications_5y": 0, "num_citations_5y": 0, "num_publications_10y": 0, "num_citations_10y": 0, "publications_years": {"2005": 1}, "citations_years": {"2006": 1}, "old_citations": {"2005": 1}, "isVisible": false}, "2146490348": {"name": "amos hong", "type": "author", "activity": 6, "h_index": 2, "h5_index": 0, "mag_id": "2146490348", "num_publications": 1, "num_citations": 2, "num_publications_5y": 0, "num_citations_5y": 0, "num_publications_10y": 0, "num_citations_10y": 2, "publications_years": {"2006": 1}, "citations_years": {"2009": 1, "2010": 1}, "old_citations": {"2006": 2}, "isVisible": false}, "2149422160": {"name": "chunhung chen", "type": "author", "activity": 30, "h_index": 25, "h5_index": 4, "mag_id": "2149422160", "num_publications": 1, "num_citations": 14, "num_publications_5y": 0, "num_citations_5y": 0, "num_publications_10y": 0, "num_citations_10y": 0, "publications_years": {"1999": 1}, "citations_years": {"2000": 2, "2001": 3, "2002": 1, "2003": 2, "2004": 4, "2005": 1, "2006": 0, "2007": 1}, "old_citations": {"1999": 14}, "isVisible": false}, "2156311462": {"name": "leon f mcginnis", "type": "author", "activity": 29, "h_index": 16, "h5_index": 2, "mag_id": "2156311462", "num_publications": 1, "num_citations": 6, "num_publications_5y": 0, "num_citations_5y": 1, "num_publications_10y": 0, "num_citations_10y": 3, "publications_years": {"2005": 1}, "citations_years": {"2005": 1, "2006": 0, "2007": 2, "2008": 0, "2009": 0, "2010": 0, "2011": 1, "2012": 0, "2013": 1, "2014": 0, "2015": 0, "2016": 1}, "old_citations": {"2005": 6}, "isVisible": false}, "2170594149": {"name": "k miwa", "type": "author", "activity": 1, "h_index": 1, "h5_index": 0, "mag_id": "2170594149", "num_publications": 1, "num_citations": 1, "num_publications_5y": 0, "num_citations_5y": 0, "num_publications_10y": 0, "num_citations_10y": 0, "publications_years": {"2005": 1}, "citations_years": {"2006": 1}, "old_citations": {"2005": 1}, "isVisible": false}, "2171856841": {"name": "kouta nakata", "type": "author", "activity": 11, "h_index": 3, "h5_index": 1, "mag_id": "2171856841", "num_publications": 1, "num_citations": 12, "num_publications_5y": 1, "num_citations_5y": 3, "num_publications_10y": 1, "num_citations_10y": 3, "publications_years": {"2016": 1}, "citations_years": {"2017": 1, "2018": 2, "2019": 6, "2020": 3}, "old_citations": {"2016": 12}, "isVisible": false}, "2222345520": {"name": "odey ho", "type": "author", "activity": 1, "h_index": 1, "h5_index": 0, "mag_id": "2222345520", "num_publications": 1, "num_citations": 2, "num_publications_5y": 0, "num_citations_5y": 0, "num_publications_10y": 0, "num_citations_10y": 2, "publications_years": {"2006": 1}, "citations_years": {"2009": 1, "2010": 1}, "old_citations": {"2006": 2}, "isVisible": false}, "2222512294": {"name": "jilun chen", "type": "author", "activity": 2, "h_index": 1, "h5_index": 0, "mag_id": "2222512294", "num_publications": 1, "num_citations": 4, "num_publications_5y": 0, "num_citations_5y": 2, "num_publications_10y": 1, "num_citations_10y": 4, "publications_years": {"2010": 1}, "citations_years": {"2012": 2, "2013": 0, "2014": 0, "2015": 2}, "old_citations": {"2010": 4}, "isVisible": false}, "2224016119": {"name": "k yihyuh doong", "type": "author", "activity": 1, "h_index": 1, "h5_index": 0, "mag_id": "2224016119", "num_publications": 1, "num_citations": 10, "num_publications_5y": 0, "num_citations_5y": 2, "num_publications_10y": 0, "num_citations_10y": 6, "publications_years": {"2003": 1}, "citations_years": {"2005": 2, "2006": 0, "2007": 2, "2008": 0, "2009": 1, "2010": 2, "2011": 1, "2012": 0, "2013": 0, "2014": 0, "2015": 1, "2016": 0, "2017": 0, "2018": 1}, "old_citations": {"2003": 10}, "isVisible": false}, "2227394478": {"name": "andy tuan", "type": "author", "activity": 1, "h_index": 0, "h5_index": 0, "mag_id": "2227394478", "num_publications": 1, "num_citations": 0, "num_publications_5y": 1, "num_citations_5y": 0, "num_publications_10y": 1, "num_citations_10y": 0, "publications_years": {"2015": 1}, "citations_years": {}, "old_citations": {"2015": 0}, "isVisible": false}, "2227579187": {"name": "yihis huang", "type": "author", "activity": 1, "h_index": 1, "h5_index": 0, "mag_id": "2227579187", "num_publications": 1, "num_citations": 2, "num_publications_5y": 0, "num_citations_5y": 0, "num_publications_10y": 0, "num_citations_10y": 2, "publications_years": {"2006": 1}, "citations_years": {"2009": 1, "2010": 1}, "old_citations": {"2006": 2}, "isVisible": false}, "2228087064": {"name": "joey chang", "type": "author", "activity": 4, "h_index": 2, "h5_index": 0, "mag_id": "2228087064", "num_publications": 1, "num_citations": 4, "num_publications_5y": 0, "num_citations_5y": 2, "num_publications_10y": 1, "num_citations_10y": 4, "publications_years": {"2010": 1}, "citations_years": {"2012": 2, "2013": 0, "2014": 0, "2015": 2}, "old_citations": {"2010": 4}, "isVisible": false}, "2228149023": {"name": "chunyao lu", "type": "author", "activity": 2, "h_index": 1, "h5_index": 0, "mag_id": "2228149023", "num_publications": 1, "num_citations": 0, "num_publications_5y": 0, "num_citations_5y": 0, "num_publications_10y": 0, "num_citations_10y": 0, "publications_years": {"2008": 1}, "citations_years": {}, "old_citations": {"2008": 0}, "isVisible": false}, "2229472827": {"name": "shianchiang chiou", "type": "author", "activity": 1, "h_index": 1, "h5_index": 0, "mag_id": "2229472827", "num_publications": 1, "num_citations": 4, "num_publications_5y": 0, "num_citations_5y": 2, "num_publications_10y": 1, "num_citations_10y": 4, "publications_years": {"2010": 1}, "citations_years": {"2012": 2, "2013": 0, "2014": 0, "2015": 2}, "old_citations": {"2010": 4}, "isVisible": false}, "2231879939": {"name": "shigenobu murashima", "type": "author", "activity": 1, "h_index": 0, "h5_index": 0, "mag_id": "2231879939", "num_publications": 1, "num_citations": 0, "num_publications_5y": 0, "num_citations_5y": 0, "num_publications_10y": 0, "num_citations_10y": 0, "publications_years": {"2008": 1}, "citations_years": {}, "old_citations": {"2008": 0}, "isVisible": false}, "2240305502": {"name": "tadashi shibata", "type": "author", "activity": 24, "h_index": 17, "h5_index": 1, "mag_id": "2240305502", "num_publications": 1, "num_citations": 0, "num_publications_5y": 0, "num_citations_5y": 0, "num_publications_10y": 0, "num_citations_10y": 0, "publications_years": {"1997": 1}, "citations_years": {}, "old_citations": {"1997": 0}, "isVisible": false}, "2266398842": {"name": "k nakata", "type": "author", "activity": 1, "h_index": 1, "h5_index": 0, "mag_id": "2266398842", "num_publications": 1, "num_citations": 3, "num_publications_5y": 0, "num_citations_5y": 0, "num_publications_10y": 0, "num_citations_10y": 0, "publications_years": {"1995": 1}, "citations_years": {"1997": 1, "1998": 0, "1999": 0, "2000": 0, "2001": 0, "2002": 0, "2003": 1, "2004": 0, "2005": 0, "2006": 0, "2007": 0, "2008": 1}, "old_citations": {"1995": 3}, "isVisible": false}, "2283983075": {"name": "akira ono", "type": "author", "activity": 1, "h_index": 0, "h5_index": 0, "mag_id": "2283983075", "num_publications": 1, "num_citations": 0, "num_publications_5y": 0, "num_citations_5y": 0, "num_publications_10y": 0, "num_citations_10y": 0, "publications_years": {"2008": 1}, "citations_years": {}, "old_citations": {"2008": 0}, "isVisible": false}, "2287030123": {"name": "kazuyuki maruo", "type": "author", "activity": 22, "h_index": 7, "h5_index": 0, "mag_id": "2287030123", "num_publications": 1, "num_citations": 0, "num_publications_5y": 0, "num_citations_5y": 0, "num_publications_10y": 0, "num_citations_10y": 0, "publications_years": {"1997": 1}, "citations_years": {}, "old_citations": {"1997": 0}, "isVisible": false}, "2295494026": {"name": "kazuyuki mori", "type": "author", "activity": 31, "h_index": 9, "h5_index": 1, "mag_id": "2295494026", "num_publications": 1, "num_citations": 0, "num_publications_5y": 0, "num_citations_5y": 0, "num_publications_10y": 0, "num_citations_10y": 0, "publications_years": {"2008": 1}, "citations_years": {}, "old_citations": {"2008": 0}, "isVisible": false}, "2301456220": {"name": "rencheng chen", "type": "author", "activity": 1, "h_index": 0, "h5_index": 0, "mag_id": "2301456220", "num_publications": 1, "num_citations": 0, "num_publications_5y": 0, "num_citations_5y": 0, "num_publications_10y": 0, "num_citations_10y": 0, "publications_years": {"1997": 1}, "citations_years": {}, "old_citations": {"1997": 0}, "isVisible": false}, "2303600504": {"name": "t kobayashi", "type": "author", "activity": 1, "h_index": 1, "h5_index": 0, "mag_id": "2303600504", "num_publications": 1, "num_citations": 1, "num_publications_5y": 0, "num_citations_5y": 0, "num_publications_10y": 0, "num_citations_10y": 0, "publications_years": {"2005": 1}, "citations_years": {"2006": 1}, "old_citations": {"2005": 1}, "isVisible": false}, "2305739516": {"name": "s matsumoto", "type": "author", "activity": 1, "h_index": 1, "h5_index": 0, "mag_id": "2305739516", "num_publications": 1, "num_citations": 3, "num_publications_5y": 0, "num_citations_5y": 0, "num_publications_10y": 0, "num_citations_10y": 0, "publications_years": {"1995": 1}, "citations_years": {"1997": 1, "1998": 0, "1999": 0, "2000": 0, "2001": 0, "2002": 0, "2003": 1, "2004": 0, "2005": 0, "2006": 0, "2007": 0, "2008": 1}, "old_citations": {"1995": 3}, "isVisible": false}, "2308381850": {"name": "fanghsiang su", "type": "author", "activity": 2, "h_index": 1, "h5_index": 0, "mag_id": "2308381850", "num_publications": 1, "num_citations": 0, "num_publications_5y": 0, "num_citations_5y": 0, "num_publications_10y": 0, "num_citations_10y": 0, "publications_years": {"2008": 1}, "citations_years": {}, "old_citations": {"2008": 0}, "isVisible": false}, "2336844558": {"name": "wataru shindo", "type": "author", "activity": 1, "h_index": 1, "h5_index": 0, "mag_id": "2336844558", "num_publications": 1, "num_citations": 2, "num_publications_5y": 0, "num_citations_5y": 0, "num_publications_10y": 0, "num_citations_10y": 0, "publications_years": {"2001": 1}, "citations_years": {"2001": 1, "2002": 0, "2003": 0, "2004": 1}, "old_citations": {"2001": 2}, "isVisible": false}, "2337815528": {"name": "c weissenborn", "type": "author", "activity": 1, "h_index": 1, "h5_index": 0, "mag_id": "2337815528", "num_publications": 1, "num_citations": 3, "num_publications_5y": 0, "num_citations_5y": 1, "num_publications_10y": 0, "num_citations_10y": 1, "publications_years": {"2001": 1}, "citations_years": {"2004": 1, "2005": 1, "2006": 0, "2007": 0, "2008": 0, "2009": 0, "2010": 0, "2011": 0, "2012": 0, "2013": 0, "2014": 0, "2015": 1}, "old_citations": {"2001": 3}, "isVisible": false}, "2338315322": {"name": "p rattanalangkan", "type": "author", "activity": 1, "h_index": 1, "h5_index": 0, "mag_id": "2338315322", "num_publications": 1, "num_citations": 2, "num_publications_5y": 0, "num_citations_5y": 0, "num_publications_10y": 0, "num_citations_10y": 0, "publications_years": {"2001": 1}, "citations_years": {"2001": 1, "2002": 0, "2003": 0, "2004": 1}, "old_citations": {"2001": 2}, "isVisible": false}, "2341100802": {"name": "r makara", "type": "author", "activity": 1, "h_index": 1, "h5_index": 0, "mag_id": "2341100802", "num_publications": 1, "num_citations": 2, "num_publications_5y": 0, "num_citations_5y": 0, "num_publications_10y": 0, "num_citations_10y": 0, "publications_years": {"2001": 1}, "citations_years": {"2001": 1, "2002": 0, "2003": 0, "2004": 1}, "old_citations": {"2001": 2}, "isVisible": false}, "2367802303": {"name": "liu huiran", "type": "author", "activity": 1, "h_index": 0, "h5_index": 0, "mag_id": "2367802303", "num_publications": 1, "num_citations": 0, "num_publications_5y": 0, "num_citations_5y": 0, "num_publications_10y": 0, "num_citations_10y": 0, "publications_years": {"2003": 1}, "citations_years": {}, "old_citations": {"2003": 0}, "isVisible": false}, "2401817779": {"name": "f di palma", "type": "author", "activity": 3, "h_index": 3, "h5_index": 0, "mag_id": "2401817779", "num_publications": 1, "num_citations": 3, "num_publications_5y": 0, "num_citations_5y": 0, "num_publications_10y": 0, "num_citations_10y": 0, "publications_years": {"2005": 1}, "citations_years": {"2005": 2, "2006": 0, "2007": 1}, "old_citations": {"2005": 3}, "isVisible": false}, "2425146944": {"name": "f j sanchez", "type": "author", "activity": 1, "h_index": 1, "h5_index": 0, "mag_id": "2425146944", "num_publications": 1, "num_citations": 3, "num_publications_5y": 0, "num_citations_5y": 1, "num_publications_10y": 0, "num_citations_10y": 1, "publications_years": {"2001": 1}, "citations_years": {"2004": 1, "2005": 1, "2006": 0, "2007": 0, "2008": 0, "2009": 0, "2010": 0, "2011": 0, "2012": 0, "2013": 0, "2014": 0, "2015": 1}, "old_citations": {"2001": 3}, "isVisible": false}, "2435857845": {"name": "f j sanchez", "type": "author", "activity": 1, "h_index": 1, "h5_index": 0, "mag_id": "2435857845", "num_publications": 1, "num_citations": 2, "num_publications_5y": 0, "num_citations_5y": 1, "num_publications_10y": 0, "num_citations_10y": 2, "publications_years": {"2000": 1}, "citations_years": {"2012": 1, "2013": 0, "2014": 0, "2015": 0, "2016": 0, "2017": 1}, "old_citations": {"2000": 2}, "isVisible": false}, "2472224571": {"name": "k l young", "type": "author", "activity": 1, "h_index": 1, "h5_index": 0, "mag_id": "2472224571", "num_publications": 1, "num_citations": 10, "num_publications_5y": 0, "num_citations_5y": 2, "num_publications_10y": 0, "num_citations_10y": 6, "publications_years": {"2003": 1}, "citations_years": {"2005": 2, "2006": 0, "2007": 2, "2008": 0, "2009": 1, "2010": 2, "2011": 1, "2012": 0, "2013": 0, "2014": 0, "2015": 1, "2016": 0, "2017": 0, "2018": 1}, "old_citations": {"2003": 10}, "isVisible": false}, "2479555225": {"name": "tomoaki kubo", "type": "author", "activity": 2, "h_index": 1, "h5_index": 0, "mag_id": "2479555225", "num_publications": 1, "num_citations": 1, "num_publications_5y": 0, "num_citations_5y": 0, "num_publications_10y": 0, "num_citations_10y": 1, "publications_years": {"2008": 1}, "citations_years": {"2010": 1}, "old_citations": {"2008": 1}, "isVisible": false}, "2480889658": {"name": "yuichi miyamura", "type": "author", "activity": 5, "h_index": 2, "h5_index": 2, "mag_id": "2480889658", "num_publications": 1, "num_citations": 2, "num_publications_5y": 1, "num_citations_5y": 2, "num_publications_10y": 1, "num_citations_10y": 2, "publications_years": {"2016": 1}, "citations_years": {"2017": 2}, "old_citations": {"2016": 2}, "isVisible": false}, "2483502670": {"name": "yoshiaki mizuoka", "type": "author", "activity": 3, "h_index": 2, "h5_index": 2, "mag_id": "2483502670", "num_publications": 1, "num_citations": 12, "num_publications_5y": 1, "num_citations_5y": 3, "num_publications_10y": 1, "num_citations_10y": 3, "publications_years": {"2016": 1}, "citations_years": {"2017": 1, "2018": 2, "2019": 6, "2020": 3}, "old_citations": {"2016": 12}, "isVisible": false}, "2488862129": {"name": "f l chen", "type": "author", "activity": 1, "h_index": 1, "h5_index": 0, "mag_id": "2488862129", "num_publications": 1, "num_citations": 10, "num_publications_5y": 0, "num_citations_5y": 2, "num_publications_10y": 0, "num_citations_10y": 6, "publications_years": {"2003": 1}, "citations_years": {"2005": 2, "2006": 0, "2007": 2, "2008": 0, "2009": 1, "2010": 2, "2011": 1, "2012": 0, "2013": 0, "2014": 0, "2015": 1, "2016": 0, "2017": 0, "2018": 1}, "old_citations": {"2003": 10}, "isVisible": false}, "2499310438": {"name": "shoichi kitamura", "type": "author", "activity": 13, "h_index": 4, "h5_index": 1, "mag_id": "2499310438", "num_publications": 1, "num_citations": 0, "num_publications_5y": 0, "num_citations_5y": 0, "num_publications_10y": 0, "num_citations_10y": 0, "publications_years": {"2008": 1}, "citations_years": {}, "old_citations": {"2008": 0}, "isVisible": false}, "2502810227": {"name": "susumu nishimura", "type": "author", "activity": 1, "h_index": 0, "h5_index": 0, "mag_id": "2502810227", "num_publications": 1, "num_citations": 0, "num_publications_5y": 0, "num_citations_5y": 0, "num_publications_10y": 0, "num_citations_10y": 0, "publications_years": {"2008": 1}, "citations_years": {}, "old_citations": {"2008": 0}, "isVisible": false}, "2525944644": {"name": "masayuki okamoto", "type": "author", "activity": 14, "h_index": 13, "h5_index": 2, "mag_id": "2525944644", "num_publications": 1, "num_citations": 2, "num_publications_5y": 1, "num_citations_5y": 2, "num_publications_10y": 1, "num_citations_10y": 2, "publications_years": {"2016": 1}, "citations_years": {"2017": 2}, "old_citations": {"2016": 2}, "isVisible": false}, "2551591974": {"name": "hungjen lin", "type": "author", "activity": 1, "h_index": 1, "h5_index": 0, "mag_id": "2551591974", "num_publications": 1, "num_citations": 2, "num_publications_5y": 0, "num_citations_5y": 2, "num_publications_10y": 0, "num_citations_10y": 2, "publications_years": {"2006": 1}, "citations_years": {"2015": 1, "2016": 0, "2017": 0, "2018": 1}, "old_citations": {"2006": 2}, "isVisible": false}, "2556693699": {"name": "akihiro kayahara", "type": "author", "activity": 1, "h_index": 1, "h5_index": 1, "mag_id": "2556693699", "num_publications": 1, "num_citations": 1, "num_publications_5y": 1, "num_citations_5y": 1, "num_publications_10y": 1, "num_citations_10y": 1, "publications_years": {"2016": 1}, "citations_years": {"2017": 1}, "old_citations": {"2016": 1}, "isVisible": false}, "2565416480": {"name": "masayoshi ichikawa", "type": "author", "activity": 19, "h_index": 5, "h5_index": 0, "mag_id": "2565416480", "num_publications": 1, "num_citations": 0, "num_publications_5y": 0, "num_citations_5y": 0, "num_publications_10y": 0, "num_citations_10y": 0, "publications_years": {"1997": 1}, "citations_years": {}, "old_citations": {"1997": 0}, "isVisible": false}, "2574989233": {"name": "k watanabe", "type": "author", "activity": 1, "h_index": 1, "h5_index": 0, "mag_id": "2574989233", "num_publications": 1, "num_citations": 1, "num_publications_5y": 0, "num_citations_5y": 0, "num_publications_10y": 0, "num_citations_10y": 0, "publications_years": {"2005": 1}, "citations_years": {"2006": 1}, "old_citations": {"2005": 1}, "isVisible": false}, "2575093607": {"name": "s moller", "type": "author", "activity": 1, "h_index": 0, "h5_index": 0, "mag_id": "2575093607", "num_publications": 1, "num_citations": 0, "num_publications_5y": 0, "num_citations_5y": 0, "num_publications_10y": 0, "num_citations_10y": 0, "publications_years": {"1999": 1}, "citations_years": {}, "old_citations": {"1999": 0}, "isVisible": false}, "2576410358": {"name": "y shimada", "type": "author", "activity": 1, "h_index": 1, "h5_index": 0, "mag_id": "2576410358", "num_publications": 1, "num_citations": 18, "num_publications_5y": 0, "num_citations_5y": 1, "num_publications_10y": 0, "num_citations_10y": 12, "publications_years": {"2003": 1}, "citations_years": {"2004": 2, "2005": 1, "2006": 0, "2007": 2, "2008": 1, "2009": 6, "2010": 3, "2011": 0, "2012": 1, "2013": 1, "2014": 0, "2015": 1}, "old_citations": {"2003": 18}, "isVisible": false}, "2579971682": {"name": "h ishizuka", "type": "author", "activity": 1, "h_index": 1, "h5_index": 0, "mag_id": "2579971682", "num_publications": 1, "num_citations": 3, "num_publications_5y": 0, "num_citations_5y": 0, "num_publications_10y": 0, "num_citations_10y": 0, "publications_years": {"1995": 1}, "citations_years": {"1997": 1, "1998": 0, "1999": 0, "2000": 0, "2001": 0, "2002": 0, "2003": 1, "2004": 0, "2005": 0, "2006": 0, "2007": 0, "2008": 1}, "old_citations": {"1995": 3}, "isVisible": false}, "2598872667": {"name": "yajung tsai", "type": "author", "activity": 1, "h_index": 0, "h5_index": 0, "mag_id": "2598872667", "num_publications": 1, "num_citations": 0, "num_publications_5y": 0, "num_citations_5y": 0, "num_publications_10y": 0, "num_citations_10y": 0, "publications_years": {"2008": 1}, "citations_years": {}, "old_citations": {"2008": 0}, "isVisible": false}, "2620762603": {"name": "shintaro sato", "type": "author", "activity": 1, "h_index": 1, "h5_index": 1, "mag_id": "2620762603", "num_publications": 1, "num_citations": 1, "num_publications_5y": 1, "num_citations_5y": 1, "num_publications_10y": 1, "num_citations_10y": 1, "publications_years": {"2016": 1}, "citations_years": {"2017": 1}, "old_citations": {"2016": 1}, "isVisible": false}, "2620879389": {"name": "ayana yamamoto", "type": "author", "activity": 2, "h_index": 2, "h5_index": 2, "mag_id": "2620879389", "num_publications": 1, "num_citations": 2, "num_publications_5y": 1, "num_citations_5y": 2, "num_publications_10y": 1, "num_citations_10y": 2, "publications_years": {"2016": 1}, "citations_years": {"2017": 2}, "old_citations": {"2016": 2}, "isVisible": false}, "2629268884": {"name": "chaowen liu", "type": "author", "activity": 1, "h_index": 1, "h5_index": 0, "mag_id": "2629268884", "num_publications": 1, "num_citations": 2, "num_publications_5y": 0, "num_citations_5y": 0, "num_publications_10y": 0, "num_citations_10y": 2, "publications_years": {"2006": 1}, "citations_years": {"2009": 1, "2010": 1}, "old_citations": {"2006": 2}, "isVisible": false}, "2634084149": {"name": "k ochiai", "type": "author", "activity": 1, "h_index": 0, "h5_index": 0, "mag_id": "2634084149", "num_publications": 1, "num_citations": 0, "num_publications_5y": 0, "num_citations_5y": 0, "num_publications_10y": 0, "num_citations_10y": 0, "publications_years": {"1994": 1}, "citations_years": {}, "old_citations": {"1994": 0}, "isVisible": false}, "2636806161": {"name": "g beal", "type": "author", "activity": 1, "h_index": 0, "h5_index": 0, "mag_id": "2636806161", "num_publications": 1, "num_citations": 0, "num_publications_5y": 0, "num_citations_5y": 0, "num_publications_10y": 0, "num_citations_10y": 0, "publications_years": {"1999": 1}, "citations_years": {}, "old_citations": {"1999": 0}, "isVisible": false}, "2637957706": {"name": "j si", "type": "author", "activity": 1, "h_index": 0, "h5_index": 0, "mag_id": "2637957706", "num_publications": 1, "num_citations": 0, "num_publications_5y": 0, "num_citations_5y": 0, "num_publications_10y": 0, "num_citations_10y": 0, "publications_years": {"2001": 1}, "citations_years": {}, "old_citations": {"2001": 0}, "isVisible": false}, "2646050159": {"name": "s arima", "type": "author", "activity": 1, "h_index": 1, "h5_index": 0, "mag_id": "2646050159", "num_publications": 1, "num_citations": 3, "num_publications_5y": 0, "num_citations_5y": 1, "num_publications_10y": 0, "num_citations_10y": 1, "publications_years": {"2003": 1}, "citations_years": {"2006": 1, "2007": 1, "2008": 0, "2009": 0, "2010": 0, "2011": 0, "2012": 0, "2013": 0, "2014": 0, "2015": 0, "2016": 0, "2017": 1}, "old_citations": {"2003": 3}, "isVisible": false}, "2648928981": {"name": "o m donzelli", "type": "author", "activity": 3, "h_index": 2, "h5_index": 0, "mag_id": "2648928981", "num_publications": 1, "num_citations": 3, "num_publications_5y": 0, "num_citations_5y": 0, "num_publications_10y": 0, "num_citations_10y": 0, "publications_years": {"2005": 1}, "citations_years": {"2005": 2, "2006": 0, "2007": 1}, "old_citations": {"2005": 3}, "isVisible": false}, "2652162867": {"name": "hsinchen wu", "type": "author", "activity": 1, "h_index": 0, "h5_index": 0, "mag_id": "2652162867", "num_publications": 1, "num_citations": 0, "num_publications_5y": 0, "num_citations_5y": 0, "num_publications_10y": 0, "num_citations_10y": 0, "publications_years": {"1997": 1}, "citations_years": {}, "old_citations": {"1997": 0}, "isVisible": false}, "2655510359": {"name": "karl cheng", "type": "author", "activity": 1, "h_index": 1, "h5_index": 0, "mag_id": "2655510359", "num_publications": 1, "num_citations": 4, "num_publications_5y": 0, "num_citations_5y": 0, "num_publications_10y": 1, "num_citations_10y": 4, "publications_years": {"2011": 1}, "citations_years": {"2012": 2, "2013": 2}, "old_citations": {"2011": 4}, "isVisible": false}, "2663564293": {"name": "k saito", "type": "author", "activity": 1, "h_index": 1, "h5_index": 0, "mag_id": "2663564293", "num_publications": 1, "num_citations": 3, "num_publications_5y": 0, "num_citations_5y": 1, "num_publications_10y": 0, "num_citations_10y": 1, "publications_years": {"2003": 1}, "citations_years": {"2006": 1, "2007": 1, "2008": 0, "2009": 0, "2010": 0, "2011": 0, "2012": 0, "2013": 0, "2014": 0, "2015": 0, "2016": 0, "2017": 1}, "old_citations": {"2003": 3}, "isVisible": false}, "2668429769": {"name": "pimin hsu", "type": "author", "activity": 1, "h_index": 1, "h5_index": 0, "mag_id": "2668429769", "num_publications": 1, "num_citations": 4, "num_publications_5y": 0, "num_citations_5y": 2, "num_publications_10y": 1, "num_citations_10y": 4, "publications_years": {"2010": 1}, "citations_years": {"2012": 2, "2013": 0, "2014": 0, "2015": 2}, "old_citations": {"2010": 4}, "isVisible": false}, "2671734133": {"name": "chenglin chao", "type": "author", "activity": 1, "h_index": 0, "h5_index": 0, "mag_id": "2671734133", "num_publications": 1, "num_citations": 0, "num_publications_5y": 0, "num_citations_5y": 0, "num_publications_10y": 0, "num_citations_10y": 0, "publications_years": {"1997": 1}, "citations_years": {}, "old_citations": {"1997": 0}, "isVisible": false}, "2672094507": {"name": "julie segal", "type": "author", "activity": 1, "h_index": 1, "h5_index": 0, "mag_id": "2672094507", "num_publications": 1, "num_citations": 2, "num_publications_5y": 0, "num_citations_5y": 2, "num_publications_10y": 0, "num_citations_10y": 2, "publications_years": {"2006": 1}, "citations_years": {"2015": 1, "2016": 0, "2017": 0, "2018": 1}, "old_citations": {"2006": 2}, "isVisible": false}, "2673760332": {"name": "s sugimoto", "type": "author", "activity": 1, "h_index": 1, "h5_index": 0, "mag_id": "2673760332", "num_publications": 1, "num_citations": 2, "num_publications_5y": 0, "num_citations_5y": 0, "num_publications_10y": 0, "num_citations_10y": 0, "publications_years": {"2001": 1}, "citations_years": {"2001": 1, "2002": 0, "2003": 0, "2004": 1}, "old_citations": {"2001": 2}, "isVisible": false}, "2676777624": {"name": "jenhsuan ho", "type": "author", "activity": 2, "h_index": 1, "h5_index": 0, "mag_id": "2676777624", "num_publications": 1, "num_citations": 4, "num_publications_5y": 0, "num_citations_5y": 2, "num_publications_10y": 1, "num_citations_10y": 4, "publications_years": {"2010": 1}, "citations_years": {"2012": 2, "2013": 0, "2014": 0, "2015": 2}, "old_citations": {"2010": 4}, "isVisible": false}, "2695661872": {"name": "lei yang", "type": "author", "activity": 1, "h_index": 0, "h5_index": 0, "mag_id": "2695661872", "num_publications": 1, "num_citations": 0, "num_publications_5y": 0, "num_citations_5y": 0, "num_publications_10y": 0, "num_citations_10y": 0, "publications_years": {"2001": 1}, "citations_years": {}, "old_citations": {"2001": 0}, "isVisible": false}, "2704678774": {"name": "jack huang", "type": "author", "activity": 1, "h_index": 0, "h5_index": 0, "mag_id": "2704678774", "num_publications": 1, "num_citations": 0, "num_publications_5y": 1, "num_citations_5y": 0, "num_publications_10y": 1, "num_citations_10y": 0, "publications_years": {"2015": 1}, "citations_years": {}, "old_citations": {"2015": 0}, "isVisible": false}, "2707588727": {"name": "hsinyi wu", "type": "author", "activity": 1, "h_index": 0, "h5_index": 0, "mag_id": "2707588727", "num_publications": 1, "num_citations": 0, "num_publications_5y": 0, "num_citations_5y": 0, "num_publications_10y": 0, "num_citations_10y": 0, "publications_years": {"1997": 1}, "citations_years": {}, "old_citations": {"1997": 0}, "isVisible": false}, "2709454975": {"name": "s nakajima", "type": "author", "activity": 4, "h_index": 1, "h5_index": 0, "mag_id": "2709454975", "num_publications": 1, "num_citations": 0, "num_publications_5y": 0, "num_citations_5y": 0, "num_publications_10y": 0, "num_citations_10y": 0, "publications_years": {"1994": 1}, "citations_years": {}, "old_citations": {"1994": 0}, "isVisible": false}, "2720217455": {"name": "r lui", "type": "author", "activity": 1, "h_index": 1, "h5_index": 0, "mag_id": "2720217455", "num_publications": 1, "num_citations": 2, "num_publications_5y": 0, "num_citations_5y": 0, "num_publications_10y": 0, "num_citations_10y": 0, "publications_years": {"2001": 1}, "citations_years": {"2001": 1, "2002": 0, "2003": 0, "2004": 1}, "old_citations": {"2001": 2}, "isVisible": false}, "2722621434": {"name": "y hirofuji", "type": "author", "activity": 1, "h_index": 1, "h5_index": 0, "mag_id": "2722621434", "num_publications": 1, "num_citations": 3, "num_publications_5y": 0, "num_citations_5y": 0, "num_publications_10y": 0, "num_citations_10y": 0, "publications_years": {"1995": 1}, "citations_years": {"1997": 1, "1998": 0, "1999": 0, "2000": 0, "2001": 0, "2002": 0, "2003": 1, "2004": 0, "2005": 0, "2006": 0, "2007": 0, "2008": 1}, "old_citations": {"1995": 3}, "isVisible": false}, "2760971359": {"name": "ko chen pin", "type": "author", "activity": 1, "h_index": 0, "h5_index": 0, "mag_id": "2760971359", "num_publications": 1, "num_citations": 0, "num_publications_5y": 0, "num_citations_5y": 0, "num_publications_10y": 0, "num_citations_10y": 0, "publications_years": {"2003": 1}, "citations_years": {}, "old_citations": {"2003": 0}, "isVisible": false}, "2761245776": {"name": "lee yen fei", "type": "author", "activity": 1, "h_index": 0, "h5_index": 0, "mag_id": "2761245776", "num_publications": 1, "num_citations": 0, "num_publications_5y": 0, "num_citations_5y": 0, "num_publications_10y": 0, "num_citations_10y": 0, "publications_years": {"2003": 1}, "citations_years": {}, "old_citations": {"2003": 0}, "isVisible": false}, "2777181206": {"name": "takahiro yamaguchi", "type": "author", "activity": 24, "h_index": 14, "h5_index": 0, "mag_id": "2777181206", "num_publications": 1, "num_citations": 0, "num_publications_5y": 0, "num_citations_5y": 0, "num_publications_10y": 0, "num_citations_10y": 0, "publications_years": {"1997": 1}, "citations_years": {}, "old_citations": {"1997": 0}, "isVisible": false}, "2805740907": {"name": "chungyang liu", "type": "author", "activity": 1, "h_index": 0, "h5_index": 0, "mag_id": "2805740907", "num_publications": 1, "num_citations": 0, "num_publications_5y": 0, "num_citations_5y": 0, "num_publications_10y": 0, "num_citations_10y": 0, "publications_years": {"1997": 1}, "citations_years": {}, "old_citations": {"1997": 0}, "isVisible": false}, "2807622455": {"name": "mingder hu", "type": "author", "activity": 1, "h_index": 0, "h5_index": 0, "mag_id": "2807622455", "num_publications": 1, "num_citations": 0, "num_publications_5y": 0, "num_citations_5y": 0, "num_publications_10y": 0, "num_citations_10y": 0, "publications_years": {"1997": 1}, "citations_years": {}, "old_citations": {"1997": 0}, "isVisible": false}, "2892631989": {"name": "liangliang sun", "type": "author", "activity": 1, "h_index": 1, "h5_index": 0, "mag_id": "2892631989", "num_publications": 1, "num_citations": 4, "num_publications_5y": 0, "num_citations_5y": 2, "num_publications_10y": 1, "num_citations_10y": 4, "publications_years": {"2010": 1}, "citations_years": {"2012": 2, "2013": 0, "2014": 0, "2015": 2}, "old_citations": {"2010": 4}, "isVisible": false}, "2938576134": {"name": "shinichi imai", "type": "author", "activity": 1, "h_index": 1, "h5_index": 1, "mag_id": "2938576134", "num_publications": 1, "num_citations": 1, "num_publications_5y": 1, "num_citations_5y": 1, "num_publications_10y": 1, "num_citations_10y": 1, "publications_years": {"2016": 1}, "citations_years": {"2017": 1}, "old_citations": {"2016": 1}, "isVisible": false}, "2941281633": {"name": "noriaki mizuhara", "type": "author", "activity": 1, "h_index": 0, "h5_index": 0, "mag_id": "2941281633", "num_publications": 1, "num_citations": 0, "num_publications_5y": 0, "num_citations_5y": 0, "num_publications_10y": 0, "num_citations_10y": 0, "publications_years": {"2008": 1}, "citations_years": {}, "old_citations": {"2008": 0}, "isVisible": false}, "2950997870": {"name": "masateru minami", "type": "author", "activity": 13, "h_index": 4, "h5_index": 0, "mag_id": "2950997870", "num_publications": 1, "num_citations": 1, "num_publications_5y": 0, "num_citations_5y": 0, "num_publications_10y": 0, "num_citations_10y": 1, "publications_years": {"2008": 1}, "citations_years": {"2010": 1}, "old_citations": {"2008": 1}, "isVisible": false}, "2973624384": {"name": "s tazawa", "type": "author", "activity": 1, "h_index": 0, "h5_index": 0, "mag_id": "2973624384", "num_publications": 1, "num_citations": 0, "num_publications_5y": 0, "num_citations_5y": 0, "num_publications_10y": 0, "num_citations_10y": 0, "publications_years": {"1994": 1}, "citations_years": {}, "old_citations": {"1994": 0}, "isVisible": false}, "2974049642": {"name": "b l farrell", "type": "author", "activity": 1, "h_index": 1, "h5_index": 0, "mag_id": "2974049642", "num_publications": 1, "num_citations": 1, "num_publications_5y": 0, "num_citations_5y": 0, "num_publications_10y": 0, "num_citations_10y": 0, "publications_years": {"1990": 1}, "citations_years": {"1998": 1}, "old_citations": {"1990": 1}, "isVisible": false}, "2981340241": {"name": "shuichi toriyama", "type": "author", "activity": 1, "h_index": 1, "h5_index": 1, "mag_id": "2981340241", "num_publications": 1, "num_citations": 2, "num_publications_5y": 1, "num_citations_5y": 2, "num_publications_10y": 1, "num_citations_10y": 2, "publications_years": {"2016": 1}, "citations_years": {"2017": 2}, "old_citations": {"2016": 2}, "isVisible": false}, "2983097523": {"name": "karen mcgaughey", "type": "author", "activity": 1, "h_index": 1, "h5_index": 0, "mag_id": "2983097523", "num_publications": 1, "num_citations": 2, "num_publications_5y": 0, "num_citations_5y": 2, "num_publications_10y": 0, "num_citations_10y": 2, "publications_years": {"2006": 1}, "citations_years": {"2015": 1, "2016": 0, "2017": 0, "2018": 1}, "old_citations": {"2006": 2}, "isVisible": false}}, "countries": {"United States": {"name": "United States", "type": "country", "h5_index": 308, "num_publications": 7, "num_citations": 33, "num_publications_5y": 0, "num_citations_5y": 6, "num_publications_10y": 1, "num_citations_10y": 22, "publications_years": {"2010": 1, "2003": 1, "2000": 1, "2001": 2, "2008": 1, "2005": 1}, "citations_years": {"2012": 4, "2013": 2, "2014": 0, "2015": 4, "2004": 3, "2005": 3, "2006": 0, "2007": 4, "2008": 1, "2009": 6, "2010": 3, "2011": 1, "2016": 1, "2017": 1}, "old_citations": {"2010": 4, "2003": 18, "2000": 2, "2001": 3, "2008": 0, "2005": 6}, "isVisible": false}, "Japan": {"name": "Japan", "type": "country", "h5_index": 94, "num_publications": 5, "num_citations": 18, "num_publications_5y": 3, "num_citations_5y": 6, "num_publications_10y": 3, "num_citations_10y": 7, "publications_years": {"2016": 3, "2008": 1, "2001": 1}, "citations_years": {"2017": 4, "2010": 1, "2018": 2, "2019": 6, "2020": 3, "2001": 1, "2002": 0, "2003": 0, "2004": 1}, "old_citations": {"2016": 15, "2008": 1, "2001": 2}, "isVisible": false}, "Taiwan": {"name": "Taiwan", "type": "country", "h5_index": 69, "num_publications": 5, "num_citations": 20, "num_publications_5y": 0, "num_citations_5y": 2, "num_publications_10y": 1, "num_citations_10y": 6, "publications_years": {"2008": 1, "2006": 1, "2010": 1, "1999": 1, "1997": 1}, "citations_years": {"2009": 1, "2010": 1, "2012": 2, "2013": 0, "2014": 0, "2015": 2, "2000": 2, "2001": 3, "2002": 1, "2003": 2, "2004": 4, "2005": 1, "2006": 0, "2007": 1}, "old_citations": {"2008": 0, "2006": 2, "2010": 4, "1999": 14, "1997": 0}, "isVisible": false}, "Canada": {"name": "Canada", "type": "country", "h5_index": 128, "num_publications": 2, "num_citations": 19, "num_publications_5y": 0, "num_citations_5y": 7, "num_publications_10y": 0, "num_citations_10y": 18, "publications_years": {"2006": 1, "2007": 1}, "citations_years": {"2015": 3, "2016": 1, "2017": 0, "2018": 1, "2010": 1, "2011": 3, "2012": 6, "2013": 1, "2014": 2, "2019": 1}, "old_citations": {"2006": 2, "2007": 17}, "isVisible": false}, "Germany": {"name": "Germany", "type": "country", "h5_index": 139, "num_publications": 1, "num_citations": 0, "num_publications_5y": 0, "num_citations_5y": 0, "num_publications_10y": 0, "num_citations_10y": 0, "publications_years": {"2008": 1}, "citations_years": {}, "old_citations": {"2008": 0}, "isVisible": false}, "Italy": {"name": "Italy", "type": "country", "h5_index": 94, "num_publications": 1, "num_citations": 3, "num_publications_5y": 0, "num_citations_5y": 0, "num_publications_10y": 0, "num_citations_10y": 0, "publications_years": {"2005": 1}, "citations_years": {"2005": 2, "2006": 0, "2007": 1}, "old_citations": {"2005": 3}, "isVisible": false}}, "industrial_sectors": {"technology": {"name": "technology", "type": "industrial sector", "h5_index": 229, "num_publications": 8, "num_citations": 45, "num_publications_5y": 1, "num_citations_5y": 11, "num_publications_10y": 1, "num_citations_10y": 34, "publications_years": {"2016": 1, "2006": 1, "2003": 1, "2000": 1, "2001": 2, "2008": 1, "2007": 1}, "citations_years": {"2017": 2, "2015": 5, "2016": 1, "2018": 1, "2004": 4, "2005": 2, "2006": 0, "2007": 2, "2008": 1, "2009": 6, "2010": 4, "2011": 3, "2012": 8, "2013": 2, "2014": 2, "2019": 1, "2001": 1, "2002": 0, "2003": 0}, "old_citations": {"2016": 1, "2006": 2, "2003": 18, "2000": 2, "2001": 5, "2008": 0, "2007": 17}, "isVisible": false}, "semiconductor": {"name": "semiconductor", "type": "industrial sector", "h5_index": 102, "num_publications": 7, "num_citations": 43, "num_publications_5y": 1, "num_citations_5y": 11, "num_publications_10y": 1, "num_citations_10y": 34, "publications_years": {"2016": 1, "2006": 1, "2003": 1, "2000": 1, "2001": 1, "2008": 1, "2007": 1}, "citations_years": {"2017": 2, "2015": 5, "2016": 1, "2018": 1, "2004": 3, "2005": 2, "2006": 0, "2007": 2, "2008": 1, "2009": 6, "2010": 4, "2011": 3, "2012": 8, "2013": 2, "2014": 2, "2019": 1}, "old_citations": {"2016": 1, "2006": 2, "2003": 18, "2000": 2, "2001": 3, "2008": 0, "2007": 17}, "isVisible": false}, "management": {"name": "management", "type": "industrial sector", "h5_index": 67, "num_publications": 3, "num_citations": 15, "num_publications_5y": 2, "num_citations_5y": 5, "num_publications_10y": 2, "num_citations_10y": 6, "publications_years": {"2016": 2, "2008": 1}, "citations_years": {"2017": 3, "2010": 1, "2018": 2, "2019": 6, "2020": 3}, "old_citations": {"2016": 14, "2008": 1}, "isVisible": false}, "electronics": {"name": "electronics", "type": "industrial sector", "h5_index": 134, "num_publications": 2, "num_citations": 1, "num_publications_5y": 1, "num_citations_5y": 1, "num_publications_10y": 1, "num_citations_10y": 1, "publications_years": {"2016": 1, "2008": 1}, "citations_years": {"2017": 1}, "old_citations": {"2016": 1, "2008": 0}, "isVisible": false}, "computing_and_it": {"name": "computing_and_it", "type": "industrial sector", "h5_index": 221, "num_publications": 1, "num_citations": 2, "num_publications_5y": 0, "num_citations_5y": 0, "num_publications_10y": 0, "num_citations_10y": 0, "publications_years": {"2001": 1}, "citations_years": {"2001": 1, "2002": 0, "2003": 0, "2004": 1}, "old_citations": {"2001": 2}, "isVisible": false}, "home_appliances": {"name": "home_appliances", "type": "industrial sector", "h5_index": 31, "num_publications": 1, "num_citations": 1, "num_publications_5y": 1, "num_citations_5y": 1, "num_publications_10y": 1, "num_citations_10y": 1, "publications_years": {"2016": 1}, "citations_years": {"2017": 1}, "old_citations": {"2016": 1}, "isVisible": false}, "telecommunications": {"name": "telecommunications", "type": "industrial sector", "h5_index": 89, "num_publications": 1, "num_citations": 2, "num_publications_5y": 0, "num_citations_5y": 0, "num_publications_10y": 0, "num_citations_10y": 0, "publications_years": {"2001": 1}, "citations_years": {"2001": 1, "2002": 0, "2003": 0, "2004": 1}, "old_citations": {"2001": 2}, "isVisible": false}}}, "conference_comparison": {"computer science": {}}, "topics_dna": {"publications": {}, "citations": {"normalized": {}, "average": {}}}, "info": {"num_publications": 31, "num_citations": 111.0, "impact_factor": {"1992": 0.0, "1993": 0, "1994": 0, "1995": 0.0, "1996": 0.0, "1997": 1.0, "1998": 0.0, "1999": 0.0, "2000": 1.0, "2001": 1.0, "2002": 0.0, "2003": 0.0, "2004": 0.5, "2005": 0.75, "2006": 0.3333333333333333, "2007": 0.6, "2008": 0.0, "2009": 0.0, "2010": 0.25, "2011": 0.0, "2012": 2.0, "2013": 2.0, "2014": 0, "2015": 0, "2016": 0.0}, "publications_years": {"2003": 4, "2008": 4, "2001": 3, "2005": 3, "2016": 3, "1997": 2, "1999": 2, "2006": 2, "1990": 1, "1994": 1, "1995": 1, "2000": 1, "2007": 1, "2010": 1, "2011": 1, "2015": 1}, "citations_years": {"1997": 1, "1998": 1, "1999": 0, "2000": 2, "2001": 4, "2002": 1, "2003": 3, "2004": 8, "2005": 8, "2006": 2, "2007": 9, "2008": 2, "2009": 8, "2010": 8, "2011": 5, "2012": 12, "2013": 5, "2014": 2, "2015": 8, "2016": 2, "2017": 6, "2018": 4, "2019": 7, "2020": 3}, "old_citations": {"2003": 31, "2008": 1, "2001": 5, "2005": 10, "2016": 15, "1997": 0, "1999": 14, "2006": 4, "1990": 1, "1994": 0, "1995": 3, "2000": 2, "2007": 17, "2010": 4, "2011": 4, "2015": 0}, "h5_index": 2}, "percentile": {"computer science": {"2003": 84, "2008": 58, "2001": 82, "2005": 73, "2016": 90, "1997": 17, "1999": 89, "2006": 68, "1990": 93, "1994": 17, "1995": 90, "2000": 84, "2007": 90, "2010": 67, "2011": 68, "2015": 15}}, "conference_ranking": {"computer science": {"2003": 651, "2008": 1765, "2001": 762, "2005": 1130, "2016": 400, "1997": 3520, "1999": 463, "2006": 1350, "1990": 296, "1994": 3524, "1995": 421, "2000": 671, "2007": 388, "2010": 1405, "2011": 1362, "2015": 3599}}, "academia": {"num_publications": 8, "num_citations": 29, "publications_years": {"1997": 1, "1998": 0, "1999": 1, "2000": 0, "2001": 1, "2002": 0, "2003": 0, "2004": 0, "2005": 2, "2006": 1, "2007": 0, "2008": 1, "2009": 0, "2010": 1}, "old_citations": {"1997": 0, "1998": 0, "1999": 14, "2000": 0, "2001": 0, "2002": 0, "2003": 0, "2004": 0, "2005": 9, "2006": 2, "2007": 0, "2008": 0, "2009": 0, "2010": 4}, "num_publications_5y": 0, "num_citations_5y": 0, "num_publications_10y": 0, "num_citations_10y": 0}, "industry": {"num_publications": 10, "num_citations": 59, "publications_years": {"2000": 1, "2001": 2, "2002": 0, "2003": 1, "2004": 0, "2005": 0, "2006": 1, "2007": 1, "2008": 1, "2009": 0, "2010": 0, "2011": 0, "2012": 0, "2013": 0, "2014": 0, "2015": 0, "2016": 3}, "old_citations": {"2000": 2, "2001": 5, "2002": 0, "2003": 18, "2004": 0, "2005": 0, "2006": 2, "2007": 17, "2008": 0, "2009": 0, "2010": 0, "2011": 0, "2012": 0, "2013": 0, "2014": 0, "2015": 0, "2016": 15}, "num_publications_5y": 3, "num_citations_5y": 15, "num_publications_10y": 3, "num_citations_10y": 15}, "collaborative": {"num_publications": 1, "num_citations": 1, "publications_years": {"2008": 1}, "old_citations": {"2008": 1}, "num_publications_5y": 0, "num_citations_5y": 0, "num_publications_10y": 0, "num_citations_10y": 0}, "conferences": {}, "journals": {}, "organizations": {"publication_overall": ["National Taiwan University", "Toshiba (Japan)", "Advanced Micro Devices (Canada)", "Intel (United States)", "Renesas Electronics (United States)", "Arizona State University", "Fujitsu (Japan)", "Georgia Institute of Technology", "Mitsubishi Electric (Germany)", "Panasonic (Japan)", "Shibaura Institute of Technology", "University of Connecticut", "University of Pavia"], "citation_overall": ["National Taiwan University", "Advanced Micro Devices (Canada)", "Renesas Electronics (United States)", "Toshiba (Japan)", "Georgia Institute of Technology", "Intel (United States)", "University of Connecticut", "University of Pavia", "Fujitsu (Japan)", "Panasonic (Japan)", "Shibaura Institute of Technology", "Arizona State University", "Mitsubishi Electric (Germany)"], "publication_10_years": ["Toshiba (Japan)", "Panasonic (Japan)"], "citation_10_years": ["Toshiba (Japan)", "Panasonic (Japan)"], "publication_5_years": ["Toshiba (Japan)", "Panasonic (Japan)"], "citation_5_years": ["Toshiba (Japan)", "Panasonic (Japan)"]}, "countries": {"publication_overall": ["United States", "Japan", "Taiwan", "Canada", "Germany", "Italy"], "citation_overall": ["United States", "Taiwan", "Canada", "Japan", "Italy", "Germany"], "publication_10_years": ["Japan"], "citation_10_years": ["Japan"], "publication_5_years": ["Japan"], "citation_5_years": ["Japan"]}, "topics": {"publication_overall": ["computer science", "computer hardware", "computer systems", "mathematics", "artificial intelligence", "correlation analysis", "sensors", "engineering", "engineers", "optical fibers", "database systems", "embedded systems", "software engineering", "computer programming", "knowledge based systems", "theoretical computer science", "computer aided design", "computer networks", "machine learning", "signal processing"], "citation_overall": ["computer science", "computer hardware", "computer systems", "artificial intelligence", "engineering", "sensors", "mathematics", "telecommunication networks", "telecommunication systems", "telecommunication traffic", "embedded systems", "computer networks", "field programmable gate arrays (fpga)", "knowledge based systems", "signal processing", "correlation analysis", "bandwidth", "communication channels (information theory)", "communication systems", "wireless communications"], "publication_10_years": ["computer hardware", "computer science", "artificial intelligence", "sensors", "computer systems", "engineers", "optical fibers", "big data", "computer networks", "computer programming", "correlation analysis", "data mining", "database systems", "digital storage", "embedded systems", "engineering", "information retrieval", "machine learning", "mathematics", "network architecture"], "citation_10_years": ["artificial intelligence", "computer hardware", "computer science", "sensors", "engineers", "optical fibers", "big data", "data mining", "digital storage", "machine learning", "association rules", "automation", "clustering algorithms", "data mining techniques", "deep learning", "engineering", "neural networks", "computer systems", "architectural models", "architecture designs"], "publication_5_years": ["artificial intelligence", "computer hardware", "computer science", "big data", "correlation analysis", "data mining", "digital storage", "engineers", "information retrieval", "machine learning", "mathematics", "optical fibers", "sensors", "association rules", "automation", "classification methods", "classification models", "clustering algorithms", "computational linguistics", "computer systems"], "citation_5_years": ["artificial intelligence", "computer hardware", "computer science", "engineers", "optical fibers", "sensors", "big data", "data mining", "digital storage", "machine learning", "association rules", "automation", "clustering algorithms", "data mining techniques", "deep learning", "engineering", "neural networks", "correlation analysis", "information retrieval", "mathematics"]}, "main_topics": ["computer science"], "authors": {"publication_overall": ["2892769692", "2499199924", "2316034", "664264290", "1513745563", "1767443615", "1991025931", "1992478486", "2037186649", "2065993613", "2069316467", "2095667215", "2110815742", "2114608473", "2120785587", "2123178682", "2129186786", "2130479016", "2133781571", "2146490348", "2149422160", "2156311462", "2170594149", "2171856841", "2222345520", "2222512294", "2224016119", "2227394478", "2227579187", "2228087064", "2228149023", "2229472827", "2231879939", "2240305502", "2266398842", "2283983075", "2287030123", "2295494026", "2301456220", "2303600504", "2305739516", "2308381850", "2336844558", "2337815528", "2338315322", "2341100802", "2367802303", "2401817779", "2425146944", "2435857845", "2472224571", "2479555225", "2480889658", "2483502670", "2488862129", "2499310438", "2502810227", "2525944644", "2551591974", "2556693699", "2565416480", "2574989233", "2575093607", "2576410358", "2579971682", "2598872667", "2620762603", "2620879389", "2629268884", "2634084149", "2636806161", "2637957706", "2646050159", "2648928981", "2652162867", "2655510359", "2663564293", "2668429769", "2671734133", "2672094507", "2673760332", "2676777624", "2695661872", "2704678774", "2707588727", "2709454975", "2720217455", "2722621434", "2760971359", "2761245776", "2777181206", "2805740907", "2807622455", "2892631989", "2938576134", "2941281633", "2950997870", "2973624384", "2974049642", "2981340241"], "citation_overall": ["2130479016", "2576410358", "2892769692", "2065993613", "2123178682", "2149422160", "2499199924", "2316034", "2171856841", "2483502670", "2095667215", "2224016119", "2472224571", "2488862129", "2037186649", "2156311462", "664264290", "2222512294", "2228087064", "2229472827", "2655510359", "2668429769", "2676777624", "2892631989", "1513745563", "1991025931", "2120785587", "2266398842", "2305739516", "2337815528", "2401817779", "2425146944", "2579971682", "2646050159", "2648928981", "2663564293", "2722621434", "2110815742", "2146490348", "2222345520", "2227579187", "2336844558", "2338315322", "2341100802", "2435857845", "2480889658", "2525944644", "2551591974", "2620879389", "2629268884", "2672094507", "2673760332", "2720217455", "2981340241", "2983097523", "1992478486", "2069316467", "2133781571", "2170594149", "2303600504", "2479555225", "2556693699", "2574989233", "2620762603", "2938576134", "2950997870", "2974049642", "1767443615", "2114608473", "2129186786", "2227394478", "2228149023", "2231879939", "2240305502", "2283983075", "2287030123", "2295494026", "2301456220", "2308381850", "2367802303", "2499310438", "2502810227", "2565416480", "2575093607", "2598872667", "2634084149", "2636806161", "2637957706", "2652162867", "2671734133", "2695661872", "2704678774", "2707588727", "2709454975", "2760971359", "2761245776", "2777181206", "2805740907", "2807622455", "2941281633"], "publication_10_years": ["2499199924", "2316034", "2171856841", "2227394478", "2480889658", "2483502670", "2525944644", "2556693699", "2620762603", "2620879389", "2655510359", "2704678774", "2938576134", "2981340241"], "citation_10_years": ["2499199924", "2316034", "2171856841", "2483502670", "2655510359", "2480889658", "2525944644", "2620879389", "2981340241", "2556693699", "2620762603", "2938576134", "2227394478", "2704678774"], "publication_5_years": ["2499199924", "2316034", "2171856841", "2480889658", "2483502670", "2525944644", "2556693699", "2620762603", "2620879389", "2938576134", "2981340241"], "citation_5_years": ["2499199924", "2316034", "2171856841", "2483502670", "2480889658", "2525944644", "2620879389", "2981340241", "2556693699", "2620762603", "2938576134"]}, "industrial_sectors": {"publication_overall": ["technology", "semiconductor", "management", "electronics", "computing_and_it", "home_appliances", "telecommunications"], "citation_overall": ["technology", "semiconductor", "management", "computing_and_it", "telecommunications", "electronics", "home_appliances"], "publication_10_years": ["management", "electronics", "home_appliances", "semiconductor", "technology"], "citation_10_years": ["management", "electronics", "home_appliances", "semiconductor", "technology"], "publication_5_years": ["management", "electronics", "home_appliances", "semiconductor", "technology"], "citation_5_years": ["management", "electronics", "home_appliances", "semiconductor", "technology"]}}