{"name": "Mediterranean Microwave Symposium", "acronym": "MMS", "type": "conference", "uniqueEntities": {"organizations": {"King Abdulaziz University": {"name": "King Abdulaziz University", "type": "organization", "organization_type": "Education", "h_index": 66, "h5_index": 48, "num_publications": 5, "num_citations": 4, "num_publications_5y": 3, "num_citations_5y": 4, "num_publications_10y": 5, "num_citations_10y": 4, "publications_years": {"2014": 2, "2013": 2, "2015": 1}, "citations_years": {"2016": 1, "2014": 1, "2015": 2}, "old_citations": {"2014": 0, "2013": 4, "2015": 0}, "isVisible": false}, "Tunis University": {"name": "Tunis University", "type": "organization", "organization_type": "Education", "h_index": 25, "h5_index": 17, "num_publications": 3, "num_citations": 1, "num_publications_5y": 2, "num_citations_5y": 1, "num_publications_10y": 3, "num_citations_10y": 1, "publications_years": {"2015": 2, "2011": 1}, "citations_years": {"2015": 1}, "old_citations": {"2015": 0, "2011": 1}, "isVisible": false}, "University of Carthage": {"name": "University of Carthage", "type": "organization", "organization_type": "Education", "h_index": 19, "h5_index": 13, "num_publications": 3, "num_citations": 5, "num_publications_5y": 1, "num_citations_5y": 4, "num_publications_10y": 3, "num_citations_10y": 5, "publications_years": {"2014": 1, "2013": 1, "2011": 1}, "citations_years": {"2014": 1, "2015": 3, "2013": 1}, "old_citations": {"2014": 0, "2013": 3, "2011": 2}, "isVisible": false}, "American University of Beirut": {"name": "American University of Beirut", "type": "organization", "organization_type": "Education", "h_index": 54, "h5_index": 18, "num_publications": 2, "num_citations": 2, "num_publications_5y": 0, "num_citations_5y": 2, "num_publications_10y": 2, "num_citations_10y": 2, "publications_years": {"2013": 2}, "citations_years": {"2015": 1, "2016": 1}, "old_citations": {"2013": 2}, "isVisible": false}, "Cadi Ayyad University": {"name": "Cadi Ayyad University", "type": "organization", "organization_type": "Education", "h_index": 16, "h5_index": 10, "num_publications": 2, "num_citations": 1, "num_publications_5y": 1, "num_citations_5y": 0, "num_publications_10y": 2, "num_citations_10y": 0, "publications_years": {"2009": 1, "2014": 1}, "citations_years": {"2019": 1}, "old_citations": {"2009": 0, "2014": 1}, "isVisible": false}, "French National Centre for Scientific Research": {"name": "French National Centre for Scientific Research", "type": "organization", "organization_type": "Government", "h_index": 177, "h5_index": 44, "num_publications": 2, "num_citations": 4, "num_publications_5y": 0, "num_citations_5y": 1, "num_publications_10y": 2, "num_citations_10y": 4, "publications_years": {"2011": 2}, "citations_years": {"2012": 3, "2013": 0, "2014": 0, "2015": 0, "2016": 1}, "old_citations": {"2011": 4}, "isVisible": false}, "State University of Campinas": {"name": "State University of Campinas", "type": "organization", "organization_type": "Education", "h_index": 92, "h5_index": 26, "num_publications": 2, "num_citations": 1, "num_publications_5y": 0, "num_citations_5y": 0, "num_publications_10y": 2, "num_citations_10y": 1, "publications_years": {"2009": 2}, "citations_years": {"2011": 1}, "old_citations": {"2009": 1}, "isVisible": false}, "Abdelmalek Essa\u00e2di University": {"name": "Abdelmalek Essa\u00e2di University", "type": "organization", "organization_type": "Education", "h_index": 9, "h5_index": 8, "num_publications": 1, "num_citations": 0, "num_publications_5y": 1, "num_citations_5y": 0, "num_publications_10y": 1, "num_citations_10y": 0, "publications_years": {"2014": 1}, "citations_years": {}, "old_citations": {"2014": 0}, "isVisible": false}, "Alcatel-Lucent (France)": {"name": "Alcatel-Lucent (France)", "type": "organization", "organization_type": "Company", "h_index": 204, "h5_index": 14, "num_publications": 1, "num_citations": 1, "num_publications_5y": 0, "num_citations_5y": 0, "num_publications_10y": 1, "num_citations_10y": 1, "publications_years": {"2009": 1}, "citations_years": {"2012": 1}, "old_citations": {"2009": 1}, "isVisible": false}, "American University of Sharjah": {"name": "American University of Sharjah", "type": "organization", "organization_type": "Education", "h_index": 38, "h5_index": 13, "num_publications": 1, "num_citations": 1, "num_publications_5y": 1, "num_citations_5y": 1, "num_publications_10y": 1, "num_citations_10y": 1, "publications_years": {"2016": 1}, "citations_years": {"2018": 1}, "old_citations": {"2016": 1}, "isVisible": false}, "Concordia University": {"name": "Concordia University", "type": "organization", "organization_type": "Education", "h_index": 105, "h5_index": 36, "num_publications": 1, "num_citations": 0, "num_publications_5y": 1, "num_citations_5y": 0, "num_publications_10y": 1, "num_citations_10y": 0, "publications_years": {"2016": 1}, "citations_years": {}, "old_citations": {"2016": 0}, "isVisible": false}, "Khalifa University of Science and Technology": {"name": "Khalifa University of Science and Technology", "type": "organization", "organization_type": "Education", "h_index": 40, "h5_index": 30, "num_publications": 1, "num_citations": 0, "num_publications_5y": 1, "num_citations_5y": 0, "num_publications_10y": 1, "num_citations_10y": 0, "publications_years": {"2016": 1}, "citations_years": {}, "old_citations": {"2016": 0}, "isVisible": false}, "Lebanese International University": {"name": "Lebanese International University", "type": "organization", "organization_type": "Education", "h_index": 9, "h5_index": 4, "num_publications": 1, "num_citations": 0, "num_publications_5y": 0, "num_citations_5y": 0, "num_publications_10y": 1, "num_citations_10y": 0, "publications_years": {"2013": 1}, "citations_years": {}, "old_citations": {"2013": 0}, "isVisible": false}, "Manouba University": {"name": "Manouba University", "type": "organization", "organization_type": "Education", "h_index": 12, "h5_index": 7, "num_publications": 1, "num_citations": 3, "num_publications_5y": 0, "num_citations_5y": 2, "num_publications_10y": 1, "num_citations_10y": 3, "publications_years": {"2011": 1}, "citations_years": {"2012": 1, "2013": 0, "2014": 0, "2015": 1, "2016": 0, "2017": 1}, "old_citations": {"2011": 3}, "isVisible": false}, "Sidi Mohamed Ben Abdellah University": {"name": "Sidi Mohamed Ben Abdellah University", "type": "organization", "organization_type": "Education", "h_index": 10, "h5_index": 8, "num_publications": 1, "num_citations": 2, "num_publications_5y": 1, "num_citations_5y": 1, "num_publications_10y": 1, "num_citations_10y": 1, "publications_years": {"2014": 1}, "citations_years": {"2016": 1, "2017": 0, "2018": 0, "2019": 1}, "old_citations": {"2014": 2}, "isVisible": false}, "University of Calgary": {"name": "University of Calgary", "type": "organization", "organization_type": "Education", "h_index": 134, "h5_index": 27, "num_publications": 1, "num_citations": 0, "num_publications_5y": 1, "num_citations_5y": 0, "num_publications_10y": 1, "num_citations_10y": 0, "publications_years": {"2015": 1}, "citations_years": {}, "old_citations": {"2015": 0}, "isVisible": false}, "University of Ottawa": {"name": "University of Ottawa", "type": "organization", "organization_type": "Education", "h_index": 124, "h5_index": 33, "num_publications": 1, "num_citations": 0, "num_publications_5y": 0, "num_citations_5y": 0, "num_publications_10y": 1, "num_citations_10y": 0, "publications_years": {"2009": 1}, "citations_years": {}, "old_citations": {"2009": 0}, "isVisible": false}, "University of Rouen": {"name": "University of Rouen", "type": "organization", "organization_type": "Education", "h_index": 35, "h5_index": 11, "num_publications": 1, "num_citations": 0, "num_publications_5y": 1, "num_citations_5y": 0, "num_publications_10y": 1, "num_citations_10y": 0, "publications_years": {"2014": 1}, "citations_years": {}, "old_citations": {"2014": 0}, "isVisible": false}, "University of Vigo": {"name": "University of Vigo", "type": "organization", "organization_type": "Education", "h_index": 58, "h5_index": 22, "num_publications": 1, "num_citations": 0, "num_publications_5y": 1, "num_citations_5y": 0, "num_publications_10y": 1, "num_citations_10y": 0, "publications_years": {"2014": 1}, "citations_years": {}, "old_citations": {"2014": 0}, "isVisible": false}, "Universit\u00e9 Catholique de Louvain": {"name": "Universit\u00e9 Catholique de Louvain", "type": "organization", "organization_type": "Education", "h_index": 113, "h5_index": 28, "num_publications": 1, "num_citations": 0, "num_publications_5y": 1, "num_citations_5y": 0, "num_publications_10y": 1, "num_citations_10y": 0, "publications_years": {"2014": 1}, "citations_years": {}, "old_citations": {"2014": 0}, "isVisible": false}, "Universit\u00e9 Laval": {"name": "Universit\u00e9 Laval", "type": "organization", "organization_type": "Education", "h_index": 73, "h5_index": 23, "num_publications": 1, "num_citations": 0, "num_publications_5y": 1, "num_citations_5y": 0, "num_publications_10y": 1, "num_citations_10y": 0, "publications_years": {"2016": 1}, "citations_years": {}, "old_citations": {"2016": 0}, "isVisible": false}, "Universit\u00e9 du Qu\u00e9bec en Abitibi-T\u00e9miscamingue": {"name": "Universit\u00e9 du Qu\u00e9bec en Abitibi-T\u00e9miscamingue", "type": "organization", "organization_type": "Education", "h_index": 9, "h5_index": 4, "num_publications": 1, "num_citations": 0, "num_publications_5y": 1, "num_citations_5y": 0, "num_publications_10y": 1, "num_citations_10y": 0, "publications_years": {"2016": 1}, "citations_years": {}, "old_citations": {"2016": 0}, "isVisible": false}}, "topics": {"computer science": {"name": "computer science", "type": "topic", "h_index": 1779, "h5_index": 416, "num_publications": 34, "num_citations": 54, "num_publications_5y": 13, "num_citations_5y": 33, "num_publications_10y": 34, "num_citations_10y": 48, "publications_years": {"2009": 7, "2013": 7, "2011": 7, "2015": 3, "2014": 7, "2016": 3}, "citations_years": {"2012": 9, "2013": 4, "2014": 2, "2015": 16, "2016": 7, "2011": 2, "2017": 5, "2018": 3, "2019": 6}, "old_citations": {"2009": 23, "2013": 7, "2011": 15, "2015": 0, "2014": 8, "2016": 1}, "isVisible": false}, "computer systems": {"name": "computer systems", "type": "topic", "h_index": 1595, "h5_index": 367, "num_publications": 34, "num_citations": 54, "num_publications_5y": 13, "num_citations_5y": 33, "num_publications_10y": 34, "num_citations_10y": 48, "publications_years": {"2009": 7, "2013": 7, "2011": 7, "2015": 3, "2014": 7, "2016": 3}, "citations_years": {"2012": 9, "2013": 4, "2014": 2, "2015": 16, "2016": 7, "2011": 2, "2017": 5, "2018": 3, "2019": 6}, "old_citations": {"2009": 23, "2013": 7, "2011": 15, "2015": 0, "2014": 8, "2016": 1}, "isVisible": false}, "computer networks": {"name": "computer networks", "type": "topic", "h_index": 1262, "h5_index": 332, "num_publications": 33, "num_citations": 50, "num_publications_5y": 12, "num_citations_5y": 30, "num_publications_10y": 33, "num_citations_10y": 45, "publications_years": {"2009": 7, "2013": 7, "2011": 7, "2015": 3, "2014": 6, "2016": 3}, "citations_years": {"2012": 9, "2013": 4, "2014": 2, "2015": 16, "2016": 6, "2011": 2, "2017": 3, "2018": 3, "2019": 5}, "old_citations": {"2009": 23, "2013": 7, "2011": 15, "2015": 0, "2014": 4, "2016": 1}, "isVisible": false}, "telecommunication systems": {"name": "telecommunication systems", "type": "topic", "h_index": 1187, "h5_index": 277, "num_publications": 33, "num_citations": 50, "num_publications_5y": 12, "num_citations_5y": 30, "num_publications_10y": 33, "num_citations_10y": 45, "publications_years": {"2009": 7, "2013": 7, "2011": 7, "2015": 3, "2014": 6, "2016": 3}, "citations_years": {"2012": 9, "2013": 4, "2014": 2, "2015": 16, "2016": 6, "2011": 2, "2017": 3, "2018": 3, "2019": 5}, "old_citations": {"2009": 23, "2013": 7, "2011": 15, "2015": 0, "2014": 4, "2016": 1}, "isVisible": false}, "communication systems": {"name": "communication systems", "type": "topic", "h_index": 1092, "h5_index": 254, "num_publications": 32, "num_citations": 50, "num_publications_5y": 11, "num_citations_5y": 30, "num_publications_10y": 32, "num_citations_10y": 45, "publications_years": {"2009": 7, "2013": 7, "2011": 7, "2015": 3, "2014": 6, "2016": 2}, "citations_years": {"2012": 9, "2013": 4, "2014": 2, "2015": 16, "2016": 6, "2011": 2, "2017": 3, "2018": 3, "2019": 5}, "old_citations": {"2009": 23, "2013": 7, "2011": 15, "2015": 0, "2014": 4, "2016": 1}, "isVisible": false}, "wireless telecommunication systems": {"name": "wireless telecommunication systems", "type": "topic", "h_index": 1087, "h5_index": 254, "num_publications": 32, "num_citations": 50, "num_publications_5y": 11, "num_citations_5y": 30, "num_publications_10y": 32, "num_citations_10y": 45, "publications_years": {"2009": 7, "2013": 7, "2011": 7, "2015": 3, "2014": 6, "2016": 2}, "citations_years": {"2012": 9, "2013": 4, "2014": 2, "2015": 16, "2016": 6, "2011": 2, "2017": 3, "2018": 3, "2019": 5}, "old_citations": {"2009": 23, "2013": 7, "2011": 15, "2015": 0, "2014": 4, "2016": 1}, "isVisible": false}, "engineering": {"name": "engineering", "type": "topic", "h_index": 1177, "h5_index": 287, "num_publications": 29, "num_citations": 40, "num_publications_5y": 12, "num_citations_5y": 25, "num_publications_10y": 29, "num_citations_10y": 37, "publications_years": {"2009": 4, "2013": 7, "2011": 6, "2015": 3, "2014": 7, "2016": 2}, "citations_years": {"2012": 7, "2013": 4, "2014": 2, "2015": 11, "2016": 6, "2017": 4, "2018": 2, "2019": 3, "2011": 1}, "old_citations": {"2009": 9, "2013": 7, "2011": 15, "2015": 0, "2014": 8, "2016": 1}, "isVisible": false}, "communication channels (information theory)": {"name": "communication channels (information theory)", "type": "topic", "h_index": 925, "h5_index": 216, "num_publications": 27, "num_citations": 48, "num_publications_5y": 9, "num_citations_5y": 30, "num_publications_10y": 27, "num_citations_10y": 44, "publications_years": {"2009": 4, "2013": 7, "2011": 7, "2015": 3, "2014": 5, "2016": 1}, "citations_years": {"2012": 9, "2013": 4, "2014": 2, "2015": 16, "2016": 6, "2011": 1, "2017": 3, "2018": 3, "2019": 4}, "old_citations": {"2009": 22, "2013": 7, "2011": 15, "2015": 0, "2014": 3, "2016": 1}, "isVisible": false}, "signal processing": {"name": "signal processing", "type": "topic", "h_index": 1012, "h5_index": 255, "num_publications": 27, "num_citations": 37, "num_publications_5y": 11, "num_citations_5y": 23, "num_publications_10y": 27, "num_citations_10y": 34, "publications_years": {"2009": 4, "2013": 7, "2011": 5, "2015": 3, "2014": 7, "2016": 1}, "citations_years": {"2012": 6, "2013": 4, "2014": 2, "2015": 10, "2016": 6, "2017": 3, "2018": 2, "2019": 3, "2011": 1}, "old_citations": {"2009": 9, "2013": 7, "2011": 12, "2015": 0, "2014": 8, "2016": 1}, "isVisible": false}, "mathematics": {"name": "mathematics", "type": "topic", "h_index": 1364, "h5_index": 300, "num_publications": 26, "num_citations": 25, "num_publications_5y": 10, "num_citations_5y": 15, "num_publications_10y": 26, "num_citations_10y": 24, "publications_years": {"2009": 3, "2013": 7, "2011": 6, "2015": 3, "2014": 5, "2016": 2}, "citations_years": {"2012": 4, "2013": 4, "2014": 2, "2015": 5, "2016": 5, "2017": 1, "2018": 2, "2019": 1, "2011": 1}, "old_citations": {"2009": 2, "2013": 7, "2011": 12, "2015": 0, "2014": 3, "2016": 1}, "isVisible": false}, "computer hardware": {"name": "computer hardware", "type": "topic", "h_index": 1150, "h5_index": 279, "num_publications": 24, "num_citations": 45, "num_publications_5y": 10, "num_citations_5y": 29, "num_publications_10y": 24, "num_citations_10y": 39, "publications_years": {"2009": 5, "2013": 5, "2011": 4, "2015": 2, "2014": 6, "2016": 2}, "citations_years": {"2012": 6, "2015": 15, "2011": 1, "2013": 3, "2014": 2, "2016": 6, "2017": 4, "2018": 2, "2019": 6}, "old_citations": {"2009": 22, "2013": 7, "2011": 9, "2015": 0, "2014": 7, "2016": 0}, "isVisible": false}, "bandwidth": {"name": "bandwidth", "type": "topic", "h_index": 922, "h5_index": 201, "num_publications": 23, "num_citations": 45, "num_publications_5y": 10, "num_citations_5y": 27, "num_publications_10y": 23, "num_citations_10y": 40, "publications_years": {"2009": 4, "2011": 5, "2015": 3, "2014": 5, "2013": 4, "2016": 2}, "citations_years": {"2012": 9, "2013": 3, "2014": 2, "2015": 15, "2016": 6, "2011": 1, "2017": 2, "2018": 2, "2019": 5}, "old_citations": {"2009": 22, "2011": 13, "2015": 0, "2014": 3, "2013": 7, "2016": 0}, "isVisible": false}, "signal to noise ratio": {"name": "signal to noise ratio", "type": "topic", "h_index": 821, "h5_index": 194, "num_publications": 22, "num_citations": 24, "num_publications_5y": 9, "num_citations_5y": 15, "num_publications_10y": 22, "num_citations_10y": 23, "publications_years": {"2009": 1, "2013": 7, "2011": 5, "2015": 3, "2014": 5, "2016": 1}, "citations_years": {"2012": 4, "2013": 4, "2014": 2, "2015": 5, "2016": 5, "2017": 1, "2018": 2, "2019": 1}, "old_citations": {"2009": 1, "2013": 7, "2011": 12, "2015": 0, "2014": 3, "2016": 1}, "isVisible": false}, "telecommunication networks": {"name": "telecommunication networks", "type": "topic", "h_index": 1116, "h5_index": 258, "num_publications": 20, "num_citations": 42, "num_publications_5y": 8, "num_citations_5y": 23, "num_publications_10y": 20, "num_citations_10y": 37, "publications_years": {"2009": 5, "2013": 3, "2011": 4, "2014": 4, "2016": 2, "2015": 2}, "citations_years": {"2012": 9, "2013": 4, "2014": 1, "2015": 12, "2016": 5, "2011": 1, "2017": 3, "2018": 2, "2019": 5}, "old_citations": {"2009": 22, "2013": 2, "2011": 14, "2014": 4, "2016": 0, "2015": 0}, "isVisible": false}, "antennas": {"name": "antennas", "type": "topic", "h_index": 645, "h5_index": 152, "num_publications": 19, "num_citations": 18, "num_publications_5y": 7, "num_citations_5y": 11, "num_publications_10y": 19, "num_citations_10y": 17, "publications_years": {"2009": 3, "2013": 5, "2011": 4, "2015": 3, "2014": 4}, "citations_years": {"2012": 4, "2013": 1, "2014": 1, "2015": 5, "2016": 5, "2017": 0, "2018": 0, "2019": 1, "2011": 1}, "old_citations": {"2009": 2, "2013": 7, "2011": 7, "2015": 0, "2014": 2}, "isVisible": false}, "matrix algebra": {"name": "matrix algebra", "type": "topic", "h_index": 771, "h5_index": 183, "num_publications": 19, "num_citations": 20, "num_publications_5y": 7, "num_citations_5y": 13, "num_publications_10y": 19, "num_citations_10y": 20, "publications_years": {"2013": 7, "2011": 5, "2015": 3, "2014": 4}, "citations_years": {"2012": 3, "2013": 4, "2014": 2, "2015": 5, "2016": 4, "2017": 1, "2018": 1}, "old_citations": {"2013": 7, "2011": 12, "2015": 0, "2014": 1}, "isVisible": false}, "probability": {"name": "probability", "type": "topic", "h_index": 918, "h5_index": 211, "num_publications": 18, "num_citations": 20, "num_publications_5y": 7, "num_citations_5y": 14, "num_publications_10y": 18, "num_citations_10y": 19, "publications_years": {"2009": 1, "2011": 4, "2015": 3, "2014": 3, "2016": 1, "2013": 6}, "citations_years": {"2012": 1, "2015": 5, "2016": 4, "2017": 1, "2018": 2, "2019": 1, "2014": 2, "2013": 4}, "old_citations": {"2009": 1, "2011": 8, "2015": 0, "2014": 3, "2016": 1, "2013": 7}, "isVisible": false}, "signal detection": {"name": "signal detection", "type": "topic", "h_index": 720, "h5_index": 185, "num_publications": 18, "num_citations": 20, "num_publications_5y": 7, "num_citations_5y": 14, "num_publications_10y": 18, "num_citations_10y": 19, "publications_years": {"2009": 1, "2011": 4, "2015": 3, "2014": 3, "2016": 1, "2013": 6}, "citations_years": {"2012": 1, "2015": 5, "2016": 4, "2017": 1, "2018": 2, "2019": 1, "2014": 2, "2013": 4}, "old_citations": {"2009": 1, "2011": 8, "2015": 0, "2014": 3, "2016": 1, "2013": 7}, "isVisible": false}, "bit error rate": {"name": "bit error rate", "type": "topic", "h_index": 619, "h5_index": 143, "num_publications": 17, "num_citations": 19, "num_publications_5y": 6, "num_citations_5y": 13, "num_publications_10y": 17, "num_citations_10y": 18, "publications_years": {"2009": 1, "2011": 4, "2015": 3, "2014": 2, "2016": 1, "2013": 6}, "citations_years": {"2012": 1, "2015": 5, "2016": 4, "2017": 0, "2018": 2, "2019": 1, "2014": 2, "2013": 4}, "old_citations": {"2009": 1, "2011": 8, "2015": 0, "2014": 2, "2016": 1, "2013": 7}, "isVisible": false}, "sensors": {"name": "sensors", "type": "topic", "h_index": 960, "h5_index": 229, "num_publications": 17, "num_citations": 44, "num_publications_5y": 7, "num_citations_5y": 28, "num_publications_10y": 17, "num_citations_10y": 38, "publications_years": {"2009": 3, "2011": 4, "2015": 1, "2014": 5, "2013": 3, "2016": 1}, "citations_years": {"2012": 6, "2015": 15, "2011": 1, "2013": 3, "2014": 2, "2016": 5, "2017": 4, "2018": 2, "2019": 6}, "old_citations": {"2009": 22, "2011": 9, "2015": 0, "2014": 7, "2013": 6, "2016": 0}, "isVisible": false}, "telecommunication traffic": {"name": "telecommunication traffic", "type": "topic", "h_index": 1036, "h5_index": 233, "num_publications": 16, "num_citations": 42, "num_publications_5y": 6, "num_citations_5y": 23, "num_publications_10y": 16, "num_citations_10y": 37, "publications_years": {"2009": 4, "2011": 4, "2014": 4, "2013": 2, "2015": 1, "2016": 1}, "citations_years": {"2012": 9, "2013": 4, "2014": 1, "2015": 12, "2016": 5, "2011": 1, "2017": 3, "2018": 2, "2019": 5}, "old_citations": {"2009": 22, "2011": 14, "2014": 4, "2013": 2, "2015": 0, "2016": 0}, "isVisible": false}, "data communication systems": {"name": "data communication systems", "type": "topic", "h_index": 1013, "h5_index": 234, "num_publications": 13, "num_citations": 36, "num_publications_5y": 3, "num_citations_5y": 21, "num_publications_10y": 13, "num_citations_10y": 31, "publications_years": {"2009": 4, "2014": 3, "2013": 3, "2011": 3}, "citations_years": {"2011": 1, "2012": 5, "2013": 4, "2014": 1, "2015": 12, "2016": 3, "2017": 3, "2018": 2, "2019": 5}, "old_citations": {"2009": 21, "2014": 4, "2013": 1, "2011": 10}, "isVisible": false}, "routing algorithms": {"name": "routing algorithms", "type": "topic", "h_index": 767, "h5_index": 164, "num_publications": 8, "num_citations": 33, "num_publications_5y": 3, "num_citations_5y": 18, "num_publications_10y": 8, "num_citations_10y": 28, "publications_years": {"2009": 3, "2014": 2, "2011": 2, "2016": 1}, "citations_years": {"2012": 6, "2011": 1, "2013": 3, "2014": 1, "2015": 11, "2016": 2, "2017": 2, "2018": 2, "2019": 5}, "old_citations": {"2009": 22, "2014": 3, "2011": 8, "2016": 0}, "isVisible": false}, "multicasts": {"name": "multicasts", "type": "topic", "h_index": 669, "h5_index": 127, "num_publications": 6, "num_citations": 32, "num_publications_5y": 2, "num_citations_5y": 18, "num_publications_10y": 6, "num_citations_10y": 27, "publications_years": {"2009": 2, "2014": 2, "2011": 2}, "citations_years": {"2011": 1, "2012": 5, "2013": 3, "2014": 1, "2015": 11, "2016": 2, "2017": 2, "2018": 2, "2019": 5}, "old_citations": {"2009": 21, "2014": 3, "2011": 8}, "isVisible": false}, "routers": {"name": "routers", "type": "topic", "h_index": 752, "h5_index": 160, "num_publications": 7, "num_citations": 32, "num_publications_5y": 2, "num_citations_5y": 18, "num_publications_10y": 7, "num_citations_10y": 28, "publications_years": {"2009": 3, "2014": 1, "2011": 2, "2016": 1}, "citations_years": {"2012": 6, "2011": 1, "2013": 3, "2014": 1, "2015": 11, "2016": 2, "2017": 2, "2018": 2, "2019": 4}, "old_citations": {"2009": 22, "2014": 2, "2011": 8, "2016": 0}, "isVisible": false}, "mobile telecommunication systems": {"name": "mobile telecommunication systems", "type": "topic", "h_index": 732, "h5_index": 170, "num_publications": 10, "num_citations": 28, "num_publications_5y": 4, "num_citations_5y": 18, "num_publications_10y": 10, "num_citations_10y": 24, "publications_years": {"2013": 2, "2009": 3, "2014": 3, "2011": 1, "2015": 1}, "citations_years": {"2011": 1, "2012": 5, "2013": 0, "2014": 0, "2015": 11, "2016": 3, "2017": 3, "2018": 1, "2019": 4}, "old_citations": {"2013": 1, "2009": 21, "2014": 3, "2011": 3, "2015": 0}, "isVisible": false}, "internet protocols": {"name": "internet protocols", "type": "topic", "h_index": 808, "h5_index": 165, "num_publications": 5, "num_citations": 27, "num_publications_5y": 1, "num_citations_5y": 17, "num_publications_10y": 5, "num_citations_10y": 23, "publications_years": {"2009": 2, "2014": 1, "2013": 1, "2011": 1}, "citations_years": {"2011": 1, "2012": 5, "2013": 0, "2014": 0, "2015": 11, "2016": 3, "2017": 2, "2018": 1, "2019": 4}, "old_citations": {"2009": 21, "2014": 2, "2013": 1, "2011": 3}, "isVisible": false}, "fading (radio)": {"name": "fading (radio)", "type": "topic", "h_index": 576, "h5_index": 133, "num_publications": 16, "num_citations": 19, "num_publications_5y": 5, "num_citations_5y": 13, "num_publications_10y": 16, "num_citations_10y": 18, "publications_years": {"2009": 1, "2011": 4, "2014": 2, "2016": 1, "2013": 6, "2015": 2}, "citations_years": {"2012": 1, "2015": 5, "2016": 4, "2017": 0, "2018": 2, "2019": 1, "2014": 2, "2013": 4}, "old_citations": {"2009": 1, "2011": 8, "2014": 2, "2016": 1, "2013": 7, "2015": 0}, "isVisible": false}, "artificial intelligence": {"name": "artificial intelligence", "type": "topic", "h_index": 1421, "h5_index": 373, "num_publications": 5, "num_citations": 9, "num_publications_5y": 3, "num_citations_5y": 5, "num_publications_10y": 5, "num_citations_10y": 7, "publications_years": {"2009": 1, "2016": 1, "2014": 2, "2011": 1}, "citations_years": {"2012": 1, "2018": 1, "2019": 2, "2013": 1, "2014": 0, "2015": 1, "2016": 1, "2017": 2}, "old_citations": {"2009": 1, "2016": 1, "2014": 5, "2011": 2}, "isVisible": false}, "artificial neural network (ann)": {"name": "artificial neural network (ann)", "type": "topic", "h_index": 83, "h5_index": 22, "num_publications": 1, "num_citations": 1, "num_publications_5y": 1, "num_citations_5y": 1, "num_publications_10y": 1, "num_citations_10y": 1, "publications_years": {"2016": 1}, "citations_years": {"2018": 1}, "old_citations": {"2016": 1}, "isVisible": false}, "block codes": {"name": "block codes", "type": "topic", "h_index": 270, "h5_index": 51, "num_publications": 1, "num_citations": 1, "num_publications_5y": 1, "num_citations_5y": 1, "num_publications_10y": 1, "num_citations_10y": 1, "publications_years": {"2016": 1}, "citations_years": {"2018": 1}, "old_citations": {"2016": 1}, "isVisible": false}, "circuit topology": {"name": "circuit topology", "type": "topic", "h_index": 50, "h5_index": 7, "num_publications": 1, "num_citations": 0, "num_publications_5y": 1, "num_citations_5y": 0, "num_publications_10y": 1, "num_citations_10y": 0, "publications_years": {"2016": 1}, "citations_years": {}, "old_citations": {"2016": 0}, "isVisible": false}, "clock signal": {"name": "clock signal", "type": "topic", "h_index": 172, "h5_index": 28, "num_publications": 1, "num_citations": 0, "num_publications_5y": 1, "num_citations_5y": 0, "num_publications_10y": 1, "num_citations_10y": 0, "publications_years": {"2016": 1}, "citations_years": {}, "old_citations": {"2016": 0}, "isVisible": false}, "cluster head": {"name": "cluster head", "type": "topic", "h_index": 168, "h5_index": 44, "num_publications": 1, "num_citations": 0, "num_publications_5y": 1, "num_citations_5y": 0, "num_publications_10y": 1, "num_citations_10y": 0, "publications_years": {"2016": 1}, "citations_years": {}, "old_citations": {"2016": 0}, "isVisible": false}, "clustering algorithms": {"name": "clustering algorithms", "type": "topic", "h_index": 574, "h5_index": 133, "num_publications": 2, "num_citations": 3, "num_publications_5y": 1, "num_citations_5y": 2, "num_publications_10y": 2, "num_citations_10y": 3, "publications_years": {"2011": 1, "2016": 1}, "citations_years": {"2012": 1, "2013": 0, "2014": 0, "2015": 1, "2016": 0, "2017": 1}, "old_citations": {"2011": 3, "2016": 0}, "isVisible": false}, "communication": {"name": "communication", "type": "topic", "h_index": 886, "h5_index": 209, "num_publications": 12, "num_citations": 11, "num_publications_5y": 6, "num_citations_5y": 6, "num_publications_10y": 12, "num_citations_10y": 10, "publications_years": {"2013": 3, "2011": 3, "2014": 3, "2016": 1, "2015": 2}, "citations_years": {"2015": 2, "2018": 2, "2012": 1, "2013": 3, "2014": 1, "2016": 0, "2017": 1, "2019": 1}, "old_citations": {"2013": 0, "2011": 9, "2014": 1, "2016": 1, "2015": 0}, "isVisible": false}, "computer imaging and vision": {"name": "computer imaging and vision", "type": "topic", "h_index": 1142, "h5_index": 334, "num_publications": 9, "num_citations": 13, "num_publications_5y": 5, "num_citations_5y": 7, "num_publications_10y": 9, "num_citations_10y": 10, "publications_years": {"2011": 2, "2014": 4, "2016": 1, "2013": 2}, "citations_years": {"2016": 2, "2017": 2, "2018": 2, "2019": 3, "2013": 3, "2014": 1, "2015": 0}, "old_citations": {"2011": 5, "2014": 7, "2016": 1, "2013": 0}, "isVisible": false}, "error performance": {"name": "error performance", "type": "topic", "h_index": 86, "h5_index": 25, "num_publications": 1, "num_citations": 1, "num_publications_5y": 1, "num_citations_5y": 1, "num_publications_10y": 1, "num_citations_10y": 1, "publications_years": {"2016": 1}, "citations_years": {"2018": 1}, "old_citations": {"2016": 1}, "isVisible": false}, "fading channels": {"name": "fading channels", "type": "topic", "h_index": 567, "h5_index": 129, "num_publications": 10, "num_citations": 10, "num_publications_5y": 2, "num_citations_5y": 5, "num_publications_10y": 10, "num_citations_10y": 10, "publications_years": {"2009": 1, "2013": 3, "2011": 4, "2016": 1, "2015": 1}, "citations_years": {"2012": 1, "2015": 2, "2018": 2, "2013": 4, "2014": 1, "2016": 0, "2017": 0}, "old_citations": {"2009": 1, "2013": 0, "2011": 8, "2016": 1, "2015": 0}, "isVisible": false}, "feedforward neural networks": {"name": "feedforward neural networks", "type": "topic", "h_index": 271, "h5_index": 117, "num_publications": 1, "num_citations": 1, "num_publications_5y": 1, "num_citations_5y": 1, "num_publications_10y": 1, "num_citations_10y": 1, "publications_years": {"2016": 1}, "citations_years": {"2018": 1}, "old_citations": {"2016": 1}, "isVisible": false}, "image analysis": {"name": "image analysis", "type": "topic", "h_index": 988, "h5_index": 315, "num_publications": 7, "num_citations": 6, "num_publications_5y": 4, "num_citations_5y": 4, "num_publications_10y": 7, "num_citations_10y": 4, "publications_years": {"2011": 1, "2014": 3, "2016": 1, "2013": 2}, "citations_years": {"2018": 1, "2019": 2, "2016": 1, "2017": 2}, "old_citations": {"2011": 0, "2014": 5, "2016": 1, "2013": 0}, "isVisible": false}, "image coding": {"name": "image coding", "type": "topic", "h_index": 759, "h5_index": 203, "num_publications": 7, "num_citations": 9, "num_publications_5y": 3, "num_citations_5y": 4, "num_publications_10y": 7, "num_citations_10y": 7, "publications_years": {"2011": 2, "2014": 2, "2016": 1, "2013": 2}, "citations_years": {"2016": 1, "2017": 0, "2018": 2, "2019": 2, "2013": 3, "2014": 1, "2015": 0}, "old_citations": {"2011": 5, "2014": 3, "2016": 1, "2013": 0}, "isVisible": false}, "image compression": {"name": "image compression", "type": "topic", "h_index": 557, "h5_index": 142, "num_publications": 4, "num_citations": 1, "num_publications_5y": 1, "num_citations_5y": 1, "num_publications_10y": 4, "num_citations_10y": 1, "publications_years": {"2011": 1, "2016": 1, "2013": 2}, "citations_years": {"2018": 1}, "old_citations": {"2011": 0, "2016": 1, "2013": 0}, "isVisible": false}, "image processing": {"name": "image processing", "type": "topic", "h_index": 1113, "h5_index": 328, "num_publications": 9, "num_citations": 13, "num_publications_5y": 5, "num_citations_5y": 7, "num_publications_10y": 9, "num_citations_10y": 10, "publications_years": {"2011": 2, "2014": 4, "2016": 1, "2013": 2}, "citations_years": {"2016": 2, "2017": 2, "2018": 2, "2019": 3, "2013": 3, "2014": 1, "2015": 0}, "old_citations": {"2011": 5, "2014": 7, "2016": 1, "2013": 0}, "isVisible": false}}, "authors": {"2144363596": {"name": "jeanmarie floch", "type": "author", "activity": 9, "h_index": 2, "h5_index": 1, "mag_id": "2144363596", "num_publications": 7, "num_citations": 5, "num_publications_5y": 4, "num_citations_5y": 5, "num_publications_10y": 7, "num_citations_10y": 5, "publications_years": {"2011": 1, "2014": 2, "2013": 2, "2015": 2}, "citations_years": {"2015": 3, "2016": 1, "2014": 1}, "old_citations": {"2011": 1, "2014": 0, "2013": 4, "2015": 0}, "isVisible": true}, "2000300490": {"name": "hatem rmili", "type": "author", "activity": 10, "h_index": 3, "h5_index": 1, "mag_id": "2000300490", "num_publications": 6, "num_citations": 5, "num_publications_5y": 3, "num_citations_5y": 5, "num_publications_10y": 6, "num_citations_10y": 5, "publications_years": {"2011": 1, "2014": 2, "2013": 2, "2015": 1}, "citations_years": {"2015": 3, "2016": 1, "2014": 1}, "old_citations": {"2011": 1, "2014": 0, "2013": 4, "2015": 0}, "isVisible": true}, "1490523169": {"name": "fethi choubani", "type": "author", "activity": 15, "h_index": 2, "h5_index": 2, "mag_id": "1490523169", "num_publications": 3, "num_citations": 4, "num_publications_5y": 1, "num_citations_5y": 4, "num_publications_10y": 3, "num_citations_10y": 4, "publications_years": {"2014": 1, "2013": 2}, "citations_years": {"2016": 1, "2014": 1, "2015": 2}, "old_citations": {"2014": 0, "2013": 4}, "isVisible": false}, "2478874678": {"name": "saber dakhli", "type": "author", "activity": 9, "h_index": 2, "h5_index": 0, "mag_id": "2478874678", "num_publications": 3, "num_citations": 4, "num_publications_5y": 1, "num_citations_5y": 4, "num_publications_10y": 3, "num_citations_10y": 4, "publications_years": {"2011": 1, "2014": 1, "2013": 1}, "citations_years": {"2015": 3, "2014": 1}, "old_citations": {"2011": 1, "2014": 0, "2013": 3}, "isVisible": false}, "2485463426": {"name": "k mahdjoubi", "type": "author", "activity": 13, "h_index": 1, "h5_index": 1, "mag_id": "2485463426", "num_publications": 3, "num_citations": 4, "num_publications_5y": 1, "num_citations_5y": 4, "num_publications_10y": 3, "num_citations_10y": 4, "publications_years": {"2011": 1, "2014": 1, "2013": 1}, "citations_years": {"2015": 3, "2014": 1}, "old_citations": {"2011": 1, "2014": 0, "2013": 3}, "isVisible": false}, "324194666": {"name": "karim y kabalan", "type": "author", "activity": 29, "h_index": 12, "h5_index": 3, "mag_id": "324194666", "num_publications": 2, "num_citations": 2, "num_publications_5y": 0, "num_citations_5y": 2, "num_publications_10y": 2, "num_citations_10y": 2, "publications_years": {"2013": 2}, "citations_years": {"2015": 1, "2016": 1}, "old_citations": {"2013": 2}, "isVisible": false}, "1164161613": {"name": "mohammed boulmalf", "type": "author", "activity": 15, "h_index": 12, "h5_index": 2, "mag_id": "1164161613", "num_publications": 2, "num_citations": 4, "num_publications_5y": 1, "num_citations_5y": 3, "num_publications_10y": 2, "num_citations_10y": 3, "publications_years": {"2009": 1, "2014": 1}, "citations_years": {"2016": 1, "2017": 2, "2018": 0, "2019": 1}, "old_citations": {"2009": 0, "2014": 4}, "isVisible": false}, "1926806576": {"name": "youssef nasser", "type": "author", "activity": 16, "h_index": 10, "h5_index": 7, "mag_id": "1926806576", "num_publications": 2, "num_citations": 2, "num_publications_5y": 0, "num_citations_5y": 2, "num_publications_10y": 2, "num_citations_10y": 2, "publications_years": {"2013": 2}, "citations_years": {"2015": 1, "2016": 1}, "old_citations": {"2013": 2}, "isVisible": false}, "2089686176": {"name": "carlos h silvasantos", "type": "author", "activity": 7, "h_index": 2, "h5_index": 0, "mag_id": "2089686176", "num_publications": 2, "num_citations": 1, "num_publications_5y": 0, "num_citations_5y": 0, "num_publications_10y": 2, "num_citations_10y": 1, "publications_years": {"2009": 2}, "citations_years": {"2011": 1}, "old_citations": {"2009": 1}, "isVisible": false}, "2190669404": {"name": "jeanmarie floch", "type": "author", "activity": 6, "h_index": 2, "h5_index": 1, "mag_id": "2190669404", "num_publications": 2, "num_citations": 4, "num_publications_5y": 0, "num_citations_5y": 1, "num_publications_10y": 2, "num_citations_10y": 4, "publications_years": {"2011": 2}, "citations_years": {"2012": 3, "2013": 0, "2014": 0, "2015": 0, "2016": 1}, "old_citations": {"2011": 4}, "isVisible": false}, "2228345986": {"name": "i ben trad", "type": "author", "activity": 1, "h_index": 0, "h5_index": 0, "mag_id": "2228345986", "num_publications": 2, "num_citations": 0, "num_publications_5y": 2, "num_citations_5y": 0, "num_publications_10y": 2, "num_citations_10y": 0, "publications_years": {"2015": 2}, "citations_years": {}, "old_citations": {"2015": 0}, "isVisible": false}, "2307536878": {"name": "ali chamas al ghouwayel", "type": "author", "activity": 9, "h_index": 3, "h5_index": 2, "mag_id": "2307536878", "num_publications": 2, "num_citations": 0, "num_publications_5y": 0, "num_citations_5y": 0, "num_publications_10y": 2, "num_citations_10y": 0, "publications_years": {"2013": 2}, "citations_years": {}, "old_citations": {"2013": 0}, "isVisible": false}, "38869183": {"name": "hanen idoudi", "type": "author", "activity": 15, "h_index": 7, "h5_index": 4, "mag_id": "38869183", "num_publications": 1, "num_citations": 3, "num_publications_5y": 0, "num_citations_5y": 2, "num_publications_10y": 1, "num_citations_10y": 3, "publications_years": {"2011": 1}, "citations_years": {"2012": 1, "2013": 0, "2014": 0, "2015": 1, "2016": 0, "2017": 1}, "old_citations": {"2011": 3}, "isVisible": false}, "102922227": {"name": "said rakrak", "type": "author", "activity": 11, "h_index": 4, "h5_index": 1, "mag_id": "102922227", "num_publications": 1, "num_citations": 1, "num_publications_5y": 1, "num_citations_5y": 0, "num_publications_10y": 1, "num_citations_10y": 0, "publications_years": {"2014": 1}, "citations_years": {"2019": 1}, "old_citations": {"2014": 1}, "isVisible": false}, "172311536": {"name": "hamid harroud", "type": "author", "activity": 18, "h_index": 10, "h5_index": 2, "mag_id": "172311536", "num_publications": 1, "num_citations": 0, "num_publications_5y": 0, "num_citations_5y": 0, "num_publications_10y": 1, "num_citations_10y": 0, "publications_years": {"2009": 1}, "citations_years": {}, "old_citations": {"2009": 0}, "isVisible": false}, "212415905": {"name": "sophia thizon", "type": "author", "activity": 1, "h_index": 0, "h5_index": 0, "mag_id": "212415905", "num_publications": 1, "num_citations": 0, "num_publications_5y": 0, "num_citations_5y": 0, "num_publications_10y": 1, "num_citations_10y": 0, "publications_years": {"2011": 1}, "citations_years": {}, "old_citations": {"2011": 0}, "isVisible": false}, "230066471": {"name": "rafik zayani", "type": "author", "activity": 14, "h_index": 11, "h5_index": 4, "mag_id": "230066471", "num_publications": 1, "num_citations": 2, "num_publications_5y": 0, "num_citations_5y": 1, "num_publications_10y": 1, "num_citations_10y": 2, "publications_years": {"2011": 1}, "citations_years": {"2013": 1, "2014": 0, "2015": 1}, "old_citations": {"2011": 2}, "isVisible": false}, "252565321": {"name": "ghais el zein", "type": "author", "activity": 28, "h_index": 9, "h5_index": 2, "mag_id": "252565321", "num_publications": 1, "num_citations": 0, "num_publications_5y": 0, "num_citations_5y": 0, "num_publications_10y": 1, "num_citations_10y": 0, "publications_years": {"2013": 1}, "citations_years": {}, "old_citations": {"2013": 0}, "isVisible": false}, "268955915": {"name": "otman aghzout", "type": "author", "activity": 7, "h_index": 2, "h5_index": 1, "mag_id": "268955915", "num_publications": 1, "num_citations": 0, "num_publications_5y": 1, "num_citations_5y": 0, "num_publications_10y": 1, "num_citations_10y": 0, "publications_years": {"2014": 1}, "citations_years": {}, "old_citations": {"2014": 0}, "isVisible": false}, "328705912": {"name": "donia oueslati", "type": "author", "activity": 6, "h_index": 0, "h5_index": 0, "mag_id": "328705912", "num_publications": 1, "num_citations": 0, "num_publications_5y": 1, "num_citations_5y": 0, "num_publications_10y": 1, "num_citations_10y": 0, "publications_years": {"2014": 1}, "citations_years": {}, "old_citations": {"2014": 0}, "isVisible": false}, "331795704": {"name": "mohammed erradi", "type": "author", "activity": 21, "h_index": 7, "h5_index": 4, "mag_id": "331795704", "num_publications": 1, "num_citations": 0, "num_publications_5y": 0, "num_citations_5y": 0, "num_publications_10y": 1, "num_citations_10y": 0, "publications_years": {"2009": 1}, "citations_years": {}, "old_citations": {"2009": 0}, "isVisible": false}, "352189681": {"name": "ilham el mourabit", "type": "author", "activity": 4, "h_index": 1, "h5_index": 0, "mag_id": "352189681", "num_publications": 1, "num_citations": 1, "num_publications_5y": 1, "num_citations_5y": 1, "num_publications_10y": 1, "num_citations_10y": 1, "publications_years": {"2014": 1}, "citations_years": {"2017": 1}, "old_citations": {"2014": 1}, "isVisible": false}, "417949289": {"name": "zahi jarir", "type": "author", "activity": 15, "h_index": 6, "h5_index": 3, "mag_id": "417949289", "num_publications": 1, "num_citations": 0, "num_publications_5y": 0, "num_citations_5y": 0, "num_publications_10y": 1, "num_citations_10y": 0, "publications_years": {"2009": 1}, "citations_years": {}, "old_citations": {"2009": 0}, "isVisible": false}, "779615592": {"name": "driss el ouadghiri", "type": "author", "activity": 11, "h_index": 7, "h5_index": 1, "mag_id": "779615592", "num_publications": 1, "num_citations": 7, "num_publications_5y": 0, "num_citations_5y": 5, "num_publications_10y": 1, "num_citations_10y": 7, "publications_years": {"2009": 1}, "citations_years": {"2012": 2, "2013": 0, "2014": 0, "2015": 5}, "old_citations": {"2009": 7}, "isVisible": false}, "931551486": {"name": "anneclaude tarot", "type": "author", "activity": 22, "h_index": 1, "h5_index": 0, "mag_id": "931551486", "num_publications": 1, "num_citations": 0, "num_publications_5y": 0, "num_citations_5y": 0, "num_publications_10y": 1, "num_citations_10y": 0, "publications_years": {"2011": 1}, "citations_years": {}, "old_citations": {"2011": 0}, "isVisible": false}, "1140116375": {"name": "ana vazquez alejos", "type": "author", "activity": 16, "h_index": 6, "h5_index": 2, "mag_id": "1140116375", "num_publications": 1, "num_citations": 0, "num_publications_5y": 1, "num_citations_5y": 0, "num_publications_10y": 1, "num_citations_10y": 0, "publications_years": {"2014": 1}, "citations_years": {}, "old_citations": {"2014": 0}, "isVisible": false}, "1188580141": {"name": "ines rouissi", "type": "author", "activity": 5, "h_index": 1, "h5_index": 1, "mag_id": "1188580141", "num_publications": 1, "num_citations": 0, "num_publications_5y": 1, "num_citations_5y": 0, "num_publications_10y": 1, "num_citations_10y": 0, "publications_years": {"2015": 1}, "citations_years": {}, "old_citations": {"2015": 0}, "isVisible": false}, "1271136564": {"name": "leila azouz saidane", "type": "author", "activity": 16, "h_index": 9, "h5_index": 7, "mag_id": "1271136564", "num_publications": 1, "num_citations": 3, "num_publications_5y": 0, "num_citations_5y": 2, "num_publications_10y": 1, "num_citations_10y": 3, "publications_years": {"2011": 1}, "citations_years": {"2012": 1, "2013": 0, "2014": 0, "2015": 1, "2016": 0, "2017": 1}, "old_citations": {"2011": 3}, "isVisible": false}, "1438295779": {"name": "ahmed a kishk", "type": "author", "activity": 28, "h_index": 7, "h5_index": 2, "mag_id": "1438295779", "num_publications": 1, "num_citations": 0, "num_publications_5y": 1, "num_citations_5y": 0, "num_publications_10y": 1, "num_citations_10y": 0, "publications_years": {"2016": 1}, "citations_years": {}, "old_citations": {"2016": 0}, "isVisible": false}, "1598694488": {"name": "abdennaceur baghdad", "type": "author", "activity": 7, "h_index": 3, "h5_index": 3, "mag_id": "1598694488", "num_publications": 1, "num_citations": 1, "num_publications_5y": 1, "num_citations_5y": 1, "num_publications_10y": 1, "num_citations_10y": 1, "publications_years": {"2014": 1}, "citations_years": {"2017": 1}, "old_citations": {"2014": 1}, "isVisible": false}, "1619137191": {"name": "bouchaib nassereddine", "type": "author", "activity": 7, "h_index": 3, "h5_index": 0, "mag_id": "1619137191", "num_publications": 1, "num_citations": 14, "num_publications_5y": 0, "num_citations_5y": 8, "num_publications_10y": 1, "num_citations_10y": 11, "publications_years": {"2009": 1}, "citations_years": {"2011": 1, "2012": 2, "2013": 0, "2014": 0, "2015": 5, "2016": 1, "2017": 1, "2018": 1, "2019": 3}, "old_citations": {"2009": 14}, "isVisible": false}, "1750541862": {"name": "h e hernandezfigueroa", "type": "author", "activity": 27, "h_index": 3, "h5_index": 1, "mag_id": "1750541862", "num_publications": 1, "num_citations": 1, "num_publications_5y": 0, "num_citations_5y": 0, "num_publications_10y": 1, "num_citations_10y": 1, "publications_years": {"2009": 1}, "citations_years": {"2011": 1}, "old_citations": {"2009": 1}, "isVisible": false}, "1916108592": {"name": "hussein hijazi", "type": "author", "activity": 13, "h_index": 6, "h5_index": 0, "mag_id": "1916108592", "num_publications": 1, "num_citations": 0, "num_publications_5y": 0, "num_citations_5y": 0, "num_publications_10y": 1, "num_citations_10y": 0, "publications_years": {"2013": 1}, "citations_years": {}, "old_citations": {"2013": 0}, "isVisible": false}, "1938268320": {"name": "habib zangar", "type": "author", "activity": 3, "h_index": 1, "h5_index": 0, "mag_id": "1938268320", "num_publications": 1, "num_citations": 1, "num_publications_5y": 0, "num_citations_5y": 1, "num_publications_10y": 1, "num_citations_10y": 1, "publications_years": {"2011": 1}, "citations_years": {"2015": 1}, "old_citations": {"2011": 1}, "isVisible": false}, "1954834852": {"name": "s bourdel", "type": "author", "activity": 16, "h_index": 6, "h5_index": 2, "mag_id": "1954834852", "num_publications": 1, "num_citations": 1, "num_publications_5y": 0, "num_citations_5y": 1, "num_publications_10y": 1, "num_citations_10y": 1, "publications_years": {"2013": 1}, "citations_years": {"2016": 1}, "old_citations": {"2013": 1}, "isVisible": false}, "1966461765": {"name": "mohamed essaaidi", "type": "author", "activity": 19, "h_index": 5, "h5_index": 3, "mag_id": "1966461765", "num_publications": 1, "num_citations": 0, "num_publications_5y": 1, "num_citations_5y": 0, "num_publications_10y": 1, "num_citations_10y": 0, "publications_years": {"2014": 1}, "citations_years": {}, "old_citations": {"2014": 0}, "isVisible": false}, "1974165291": {"name": "mohammed alhusseini", "type": "author", "activity": 18, "h_index": 11, "h5_index": 3, "mag_id": "1974165291", "num_publications": 1, "num_citations": 2, "num_publications_5y": 0, "num_citations_5y": 2, "num_publications_10y": 1, "num_citations_10y": 2, "publications_years": {"2013": 1}, "citations_years": {"2015": 1, "2016": 1}, "old_citations": {"2013": 2}, "isVisible": false}, "1981874084": {"name": "moulhime el bekkali", "type": "author", "activity": 6, "h_index": 2, "h5_index": 1, "mag_id": "1981874084", "num_publications": 1, "num_citations": 2, "num_publications_5y": 1, "num_citations_5y": 1, "num_publications_10y": 1, "num_citations_10y": 1, "publications_years": {"2014": 1}, "citations_years": {"2016": 1, "2017": 0, "2018": 0, "2019": 1}, "old_citations": {"2014": 2}, "isVisible": false}, "1990099695": {"name": "raafat lababidi", "type": "author", "activity": 8, "h_index": 2, "h5_index": 1, "mag_id": "1990099695", "num_publications": 1, "num_citations": 1, "num_publications_5y": 0, "num_citations_5y": 1, "num_publications_10y": 1, "num_citations_10y": 1, "publications_years": {"2013": 1}, "citations_years": {"2016": 1}, "old_citations": {"2013": 1}, "isVisible": false}, "1992291461": {"name": "aicha sahel", "type": "author", "activity": 12, "h_index": 4, "h5_index": 2, "mag_id": "1992291461", "num_publications": 1, "num_citations": 1, "num_publications_5y": 1, "num_citations_5y": 1, "num_publications_10y": 1, "num_citations_10y": 1, "publications_years": {"2014": 1}, "citations_years": {"2017": 1}, "old_citations": {"2014": 1}, "isVisible": false}, "1995271195": {"name": "said mazer", "type": "author", "activity": 6, "h_index": 1, "h5_index": 1, "mag_id": "1995271195", "num_publications": 1, "num_citations": 2, "num_publications_5y": 1, "num_citations_5y": 1, "num_publications_10y": 1, "num_citations_10y": 1, "publications_years": {"2014": 1}, "citations_years": {"2016": 1, "2017": 0, "2018": 0, "2019": 1}, "old_citations": {"2014": 2}, "isVisible": false}, "1997065428": {"name": "mhamed drissi", "type": "author", "activity": 15, "h_index": 2, "h5_index": 1, "mag_id": "1997065428", "num_publications": 1, "num_citations": 1, "num_publications_5y": 0, "num_citations_5y": 1, "num_publications_10y": 1, "num_citations_10y": 1, "publications_years": {"2013": 1}, "citations_years": {"2016": 1}, "old_citations": {"2013": 1}, "isVisible": false}, "2009739959": {"name": "mostafa zaizouni", "type": "author", "activity": 10, "h_index": 1, "h5_index": 0, "mag_id": "2009739959", "num_publications": 1, "num_citations": 1, "num_publications_5y": 0, "num_citations_5y": 0, "num_publications_10y": 1, "num_citations_10y": 1, "publications_years": {"2009": 1}, "citations_years": {"2012": 1}, "old_citations": {"2009": 1}, "isVisible": false}, "2018986825": {"name": "j gaubert", "type": "author", "activity": 15, "h_index": 6, "h5_index": 2, "mag_id": "2018986825", "num_publications": 1, "num_citations": 1, "num_publications_5y": 0, "num_citations_5y": 1, "num_publications_10y": 1, "num_citations_10y": 1, "publications_years": {"2013": 1}, "citations_years": {"2016": 1}, "old_citations": {"2013": 1}, "isVisible": false}, "2019767651": {"name": "lutfi albasha", "type": "author", "activity": 25, "h_index": 3, "h5_index": 2, "mag_id": "2019767651", "num_publications": 1, "num_citations": 1, "num_publications_5y": 1, "num_citations_5y": 1, "num_publications_10y": 1, "num_citations_10y": 1, "publications_years": {"2016": 1}, "citations_years": {"2018": 1}, "old_citations": {"2016": 1}, "isVisible": false}, "2039867585": {"name": "abdellah jamali", "type": "author", "activity": 12, "h_index": 5, "h5_index": 2, "mag_id": "2039867585", "num_publications": 1, "num_citations": 7, "num_publications_5y": 0, "num_citations_5y": 5, "num_publications_10y": 1, "num_citations_10y": 7, "publications_years": {"2009": 1}, "citations_years": {"2012": 2, "2013": 0, "2014": 0, "2015": 5}, "old_citations": {"2009": 7}, "isVisible": false}, "2041456316": {"name": "hasan mir", "type": "author", "activity": 16, "h_index": 8, "h5_index": 2, "mag_id": "2041456316", "num_publications": 1, "num_citations": 1, "num_publications_5y": 1, "num_citations_5y": 1, "num_publications_10y": 1, "num_citations_10y": 1, "publications_years": {"2016": 1}, "citations_years": {"2018": 1}, "old_citations": {"2016": 1}, "isVisible": false}, "2049893658": {"name": "imen ben trad", "type": "author", "activity": 4, "h_index": 1, "h5_index": 0, "mag_id": "2049893658", "num_publications": 1, "num_citations": 1, "num_publications_5y": 0, "num_citations_5y": 1, "num_publications_10y": 1, "num_citations_10y": 1, "publications_years": {"2013": 1}, "citations_years": {"2016": 1}, "old_citations": {"2013": 1}, "isVisible": false}, "2062165596": {"name": "gheorghe zaharia", "type": "author", "activity": 27, "h_index": 11, "h5_index": 2, "mag_id": "2062165596", "num_publications": 1, "num_citations": 0, "num_publications_5y": 0, "num_citations_5y": 0, "num_publications_10y": 1, "num_citations_10y": 0, "publications_years": {"2013": 1}, "citations_years": {}, "old_citations": {"2013": 0}, "isVisible": false}, "2075598134": {"name": "maha cherif dakhli", "type": "author", "activity": 10, "h_index": 3, "h5_index": 2, "mag_id": "2075598134", "num_publications": 1, "num_citations": 2, "num_publications_5y": 0, "num_citations_5y": 1, "num_publications_10y": 1, "num_citations_10y": 2, "publications_years": {"2011": 1}, "citations_years": {"2013": 1, "2014": 0, "2015": 1}, "old_citations": {"2011": 2}, "isVisible": false}, "2116073816": {"name": "ahmad khoder el sayed ahmad", "type": "author", "activity": 2, "h_index": 0, "h5_index": 0, "mag_id": "2116073816", "num_publications": 1, "num_citations": 0, "num_publications_5y": 0, "num_citations_5y": 0, "num_publications_10y": 1, "num_citations_10y": 0, "publications_years": {"2011": 1}, "citations_years": {}, "old_citations": {"2011": 0}, "isVisible": false}, "2117156802": {"name": "fadhel m ghannouchi", "type": "author", "activity": 31, "h_index": 22, "h5_index": 7, "mag_id": "2117156802", "num_publications": 1, "num_citations": 0, "num_publications_5y": 1, "num_citations_5y": 0, "num_publications_10y": 1, "num_citations_10y": 0, "publications_years": {"2015": 1}, "citations_years": {}, "old_citations": {"2015": 0}, "isVisible": false}, "2125207003": {"name": "najib naja", "type": "author", "activity": 12, "h_index": 4, "h5_index": 2, "mag_id": "2125207003", "num_publications": 1, "num_citations": 7, "num_publications_5y": 0, "num_citations_5y": 5, "num_publications_10y": 1, "num_citations_10y": 7, "publications_years": {"2009": 1}, "citations_years": {"2012": 2, "2013": 0, "2014": 0, "2015": 5}, "old_citations": {"2009": 7}, "isVisible": false}, "2126137903": {"name": "bachir habib", "type": "author", "activity": 3, "h_index": 4, "h5_index": 0, "mag_id": "2126137903", "num_publications": 1, "num_citations": 0, "num_publications_5y": 0, "num_citations_5y": 0, "num_publications_10y": 1, "num_citations_10y": 0, "publications_years": {"2013": 1}, "citations_years": {}, "old_citations": {"2013": 0}, "isVisible": false}, "2134699025": {"name": "ali elhajj", "type": "author", "activity": 30, "h_index": 13, "h5_index": 0, "mag_id": "2134699025", "num_publications": 1, "num_citations": 2, "num_publications_5y": 0, "num_citations_5y": 2, "num_publications_10y": 1, "num_citations_10y": 2, "publications_years": {"2013": 1}, "citations_years": {"2015": 1, "2016": 1}, "old_citations": {"2013": 2}, "isVisible": false}, "2146092827": {"name": "mohamed el ghazi", "type": "author", "activity": 1, "h_index": 1, "h5_index": 0, "mag_id": "2146092827", "num_publications": 1, "num_citations": 2, "num_publications_5y": 1, "num_citations_5y": 1, "num_publications_10y": 1, "num_citations_10y": 1, "publications_years": {"2014": 1}, "citations_years": {"2016": 1, "2017": 0, "2018": 0, "2019": 1}, "old_citations": {"2014": 2}, "isVisible": false}, "2148525427": {"name": "hichem trabelsi", "type": "author", "activity": 11, "h_index": 4, "h5_index": 1, "mag_id": "2148525427", "num_publications": 1, "num_citations": 0, "num_publications_5y": 1, "num_citations_5y": 0, "num_publications_10y": 1, "num_citations_10y": 0, "publications_years": {"2015": 1}, "citations_years": {}, "old_citations": {"2015": 0}, "isVisible": false}, "2151897148": {"name": "hugo enrique hernandez figueroa", "type": "author", "activity": 20, "h_index": 2, "h5_index": 0, "mag_id": "2151897148", "num_publications": 1, "num_citations": 0, "num_publications_5y": 0, "num_citations_5y": 0, "num_publications_10y": 1, "num_citations_10y": 0, "publications_years": {"2009": 1}, "citations_years": {}, "old_citations": {"2009": 0}, "isVisible": false}, "2157015169": {"name": "abdelmajid badri", "type": "author", "activity": 12, "h_index": 5, "h5_index": 3, "mag_id": "2157015169", "num_publications": 1, "num_citations": 1, "num_publications_5y": 1, "num_citations_5y": 1, "num_publications_10y": 1, "num_citations_10y": 1, "publications_years": {"2014": 1}, "citations_years": {"2017": 1}, "old_citations": {"2014": 1}, "isVisible": false}, "2188693525": {"name": "renaud loison", "type": "author", "activity": 14, "h_index": 1, "h5_index": 1, "mag_id": "2188693525", "num_publications": 1, "num_citations": 0, "num_publications_5y": 0, "num_citations_5y": 0, "num_publications_10y": 1, "num_citations_10y": 0, "publications_years": {"2011": 1}, "citations_years": {}, "old_citations": {"2011": 0}, "isVisible": false}, "2222287516": {"name": "ferhad kasem", "type": "author", "activity": 4, "h_index": 2, "h5_index": 0, "mag_id": "2222287516", "num_publications": 1, "num_citations": 2, "num_publications_5y": 0, "num_citations_5y": 2, "num_publications_10y": 1, "num_citations_10y": 2, "publications_years": {"2013": 1}, "citations_years": {"2015": 1, "2016": 1}, "old_citations": {"2013": 2}, "isVisible": false}, "2222763596": {"name": "souhir lajnef", "type": "author", "activity": 3, "h_index": 0, "h5_index": 0, "mag_id": "2222763596", "num_publications": 1, "num_citations": 0, "num_publications_5y": 1, "num_citations_5y": 0, "num_publications_10y": 1, "num_citations_10y": 0, "publications_years": {"2015": 1}, "citations_years": {}, "old_citations": {"2015": 0}, "isVisible": false}, "2222902169": {"name": "nahla hmili", "type": "author", "activity": 1, "h_index": 1, "h5_index": 0, "mag_id": "2222902169", "num_publications": 1, "num_citations": 3, "num_publications_5y": 0, "num_citations_5y": 2, "num_publications_10y": 1, "num_citations_10y": 3, "publications_years": {"2011": 1}, "citations_years": {"2012": 1, "2013": 0, "2014": 0, "2015": 1, "2016": 0, "2017": 1}, "old_citations": {"2011": 3}, "isVisible": false}, "2225035825": {"name": "guillaume lerideau", "type": "author", "activity": 1, "h_index": 0, "h5_index": 0, "mag_id": "2225035825", "num_publications": 1, "num_citations": 0, "num_publications_5y": 0, "num_citations_5y": 0, "num_publications_10y": 1, "num_citations_10y": 0, "publications_years": {"2011": 1}, "citations_years": {}, "old_citations": {"2011": 0}, "isVisible": false}, "2225144159": {"name": "marli g f hernandez", "type": "author", "activity": 1, "h_index": 0, "h5_index": 0, "mag_id": "2225144159", "num_publications": 1, "num_citations": 0, "num_publications_5y": 0, "num_citations_5y": 0, "num_publications_10y": 1, "num_citations_10y": 0, "publications_years": {"2009": 1}, "citations_years": {}, "old_citations": {"2009": 0}, "isVisible": false}, "2226069168": {"name": "fathia ouakasse", "type": "author", "activity": 6, "h_index": 1, "h5_index": 1, "mag_id": "2226069168", "num_publications": 1, "num_citations": 1, "num_publications_5y": 1, "num_citations_5y": 0, "num_publications_10y": 1, "num_citations_10y": 0, "publications_years": {"2014": 1}, "citations_years": {"2019": 1}, "old_citations": {"2014": 1}, "isVisible": false}, "2226102055": {"name": "abdelkarim ajami", "type": "author", "activity": 0, "h_index": 0, "h5_index": 0, "mag_id": "2226102055", "num_publications": 1, "num_citations": 0, "num_publications_5y": 0, "num_citations_5y": 0, "num_publications_10y": 1, "num_citations_10y": 0, "publications_years": {"2013": 1}, "citations_years": {}, "old_citations": {"2013": 0}, "isVisible": false}, "2226738703": {"name": "mouhammad malli", "type": "author", "activity": 1, "h_index": 0, "h5_index": 0, "mag_id": "2226738703", "num_publications": 1, "num_citations": 0, "num_publications_5y": 0, "num_citations_5y": 0, "num_publications_10y": 1, "num_citations_10y": 0, "publications_years": {"2013": 1}, "citations_years": {}, "old_citations": {"2013": 0}, "isVisible": false}, "2227606088": {"name": "yahya khawam", "type": "author", "activity": 1, "h_index": 1, "h5_index": 1, "mag_id": "2227606088", "num_publications": 1, "num_citations": 1, "num_publications_5y": 1, "num_citations_5y": 1, "num_publications_10y": 1, "num_citations_10y": 1, "publications_years": {"2016": 1}, "citations_years": {"2018": 1}, "old_citations": {"2016": 1}, "isVisible": false}, "2228511629": {"name": "samuel pied", "type": "author", "activity": 1, "h_index": 0, "h5_index": 0, "mag_id": "2228511629", "num_publications": 1, "num_citations": 0, "num_publications_5y": 0, "num_citations_5y": 0, "num_publications_10y": 1, "num_citations_10y": 0, "publications_years": {"2011": 1}, "citations_years": {}, "old_citations": {"2011": 0}, "isVisible": false}, "2229946226": {"name": "rida zoubairi", "type": "author", "activity": 3, "h_index": 0, "h5_index": 0, "mag_id": "2229946226", "num_publications": 1, "num_citations": 0, "num_publications_5y": 0, "num_citations_5y": 0, "num_publications_10y": 1, "num_citations_10y": 0, "publications_years": {"2009": 1}, "citations_years": {}, "old_citations": {"2009": 0}, "isVisible": false}, "2230660757": {"name": "benhajyoussef anis", "type": "author", "activity": 1, "h_index": 0, "h5_index": 0, "mag_id": "2230660757", "num_publications": 1, "num_citations": 0, "num_publications_5y": 0, "num_citations_5y": 0, "num_publications_10y": 1, "num_citations_10y": 0, "publications_years": {"2011": 1}, "citations_years": {}, "old_citations": {"2011": 0}, "isVisible": false}, "2231292886": {"name": "marco a m miranda", "type": "author", "activity": 1, "h_index": 1, "h5_index": 0, "mag_id": "2231292886", "num_publications": 1, "num_citations": 1, "num_publications_5y": 0, "num_citations_5y": 0, "num_publications_10y": 1, "num_citations_10y": 1, "publications_years": {"2009": 1}, "citations_years": {"2011": 1}, "old_citations": {"2009": 1}, "isVisible": false}, "2231886392": {"name": "hafssaa latioui", "type": "author", "activity": 2, "h_index": 0, "h5_index": 0, "mag_id": "2231886392", "num_publications": 1, "num_citations": 0, "num_publications_5y": 1, "num_citations_5y": 0, "num_publications_10y": 1, "num_citations_10y": 0, "publications_years": {"2014": 1}, "citations_years": {}, "old_citations": {"2014": 0}, "isVisible": false}, "2232034664": {"name": "mohammed mahfoudi", "type": "author", "activity": 6, "h_index": 2, "h5_index": 1, "mag_id": "2232034664", "num_publications": 1, "num_citations": 2, "num_publications_5y": 1, "num_citations_5y": 1, "num_publications_10y": 1, "num_citations_10y": 1, "publications_years": {"2014": 1}, "citations_years": {"2016": 1, "2017": 0, "2018": 0, "2019": 1}, "old_citations": {"2014": 2}, "isVisible": false}, "2232189359": {"name": "malak mrad", "type": "author", "activity": 1, "h_index": 0, "h5_index": 0, "mag_id": "2232189359", "num_publications": 1, "num_citations": 0, "num_publications_5y": 0, "num_citations_5y": 0, "num_publications_10y": 1, "num_citations_10y": 0, "publications_years": {"2013": 1}, "citations_years": {}, "old_citations": {"2013": 0}, "isVisible": false}, "2233864605": {"name": "manuel garcia sanchez", "type": "author", "activity": 24, "h_index": 12, "h5_index": 2, "mag_id": "2233864605", "num_publications": 1, "num_citations": 0, "num_publications_5y": 1, "num_citations_5y": 0, "num_publications_10y": 1, "num_citations_10y": 0, "publications_years": {"2014": 1}, "citations_years": {}, "old_citations": {"2014": 0}, "isVisible": false}, "2237209500": {"name": "nadir hakem", "type": "author", "activity": 12, "h_index": 4, "h5_index": 3, "mag_id": "2237209500", "num_publications": 1, "num_citations": 0, "num_publications_5y": 1, "num_citations_5y": 0, "num_publications_10y": 1, "num_citations_10y": 0, "publications_years": {"2016": 1}, "citations_years": {}, "old_citations": {"2016": 0}, "isVisible": false}, "2247947594": {"name": "imen zemzmi", "type": "author", "activity": 1, "h_index": 0, "h5_index": 0, "mag_id": "2247947594", "num_publications": 1, "num_citations": 0, "num_publications_5y": 1, "num_citations_5y": 0, "num_publications_10y": 1, "num_citations_10y": 0, "publications_years": {"2015": 1}, "citations_years": {}, "old_citations": {"2015": 0}, "isVisible": false}, "2255651068": {"name": "ahmed karmouch", "type": "author", "activity": 31, "h_index": 23, "h5_index": 4, "mag_id": "2255651068", "num_publications": 1, "num_citations": 0, "num_publications_5y": 0, "num_citations_5y": 0, "num_publications_10y": 1, "num_citations_10y": 0, "publications_years": {"2009": 1}, "citations_years": {}, "old_citations": {"2009": 0}, "isVisible": false}, "2284616001": {"name": "igor j f freitas", "type": "author", "activity": 1, "h_index": 0, "h5_index": 0, "mag_id": "2284616001", "num_publications": 1, "num_citations": 0, "num_publications_5y": 0, "num_citations_5y": 0, "num_publications_10y": 1, "num_citations_10y": 0, "publications_years": {"2009": 1}, "citations_years": {}, "old_citations": {"2009": 0}, "isVisible": false}, "2305124013": {"name": "azzeddin naghar", "type": "author", "activity": 4, "h_index": 1, "h5_index": 0, "mag_id": "2305124013", "num_publications": 1, "num_citations": 0, "num_publications_5y": 1, "num_citations_5y": 0, "num_publications_10y": 1, "num_citations_10y": 0, "publications_years": {"2014": 1}, "citations_years": {}, "old_citations": {"2014": 0}, "isVisible": false}, "2307101714": {"name": "g y delisle", "type": "author", "activity": 27, "h_index": 4, "h5_index": 1, "mag_id": "2307101714", "num_publications": 1, "num_citations": 0, "num_publications_5y": 1, "num_citations_5y": 0, "num_publications_10y": 1, "num_citations_10y": 0, "publications_years": {"2016": 1}, "citations_years": {}, "old_citations": {"2016": 0}, "isVisible": false}, "2307532807": {"name": "samir bennani", "type": "author", "activity": 6, "h_index": 2, "h5_index": 0, "mag_id": "2307532807", "num_publications": 1, "num_citations": 14, "num_publications_5y": 0, "num_citations_5y": 8, "num_publications_10y": 1, "num_citations_10y": 11, "publications_years": {"2009": 1}, "citations_years": {"2011": 1, "2012": 2, "2013": 0, "2014": 0, "2015": 5, "2016": 1, "2017": 1, "2018": 1, "2019": 3}, "old_citations": {"2009": 14}, "isVisible": false}, "2308100501": {"name": "noureddine boulejfen", "type": "author", "activity": 21, "h_index": 4, "h5_index": 1, "mag_id": "2308100501", "num_publications": 1, "num_citations": 0, "num_publications_5y": 1, "num_citations_5y": 0, "num_publications_10y": 1, "num_citations_10y": 0, "publications_years": {"2015": 1}, "citations_years": {}, "old_citations": {"2015": 0}, "isVisible": false}, "2310543625": {"name": "raed m shubair", "type": "author", "activity": 18, "h_index": 12, "h5_index": 7, "mag_id": "2310543625", "num_publications": 1, "num_citations": 0, "num_publications_5y": 1, "num_citations_5y": 0, "num_publications_10y": 1, "num_citations_10y": 0, "publications_years": {"2016": 1}, "citations_years": {}, "old_citations": {"2016": 0}, "isVisible": false}, "2312490784": {"name": "mohamed elkoutbi", "type": "author", "activity": 1, "h_index": 3, "h5_index": 0, "mag_id": "2312490784", "num_publications": 1, "num_citations": 4, "num_publications_5y": 1, "num_citations_5y": 3, "num_publications_10y": 1, "num_citations_10y": 3, "publications_years": {"2014": 1}, "citations_years": {"2016": 1, "2017": 2, "2018": 0, "2019": 1}, "old_citations": {"2014": 4}, "isVisible": false}, "2434231455": {"name": "ridha bouallegue", "type": "author", "activity": 22, "h_index": 14, "h5_index": 6, "mag_id": "2434231455", "num_publications": 1, "num_citations": 2, "num_publications_5y": 0, "num_citations_5y": 1, "num_publications_10y": 1, "num_citations_10y": 2, "publications_years": {"2011": 1}, "citations_years": {"2013": 1, "2014": 0, "2015": 1}, "old_citations": {"2011": 2}, "isVisible": false}, "2477255967": {"name": "mohsine bouya", "type": "author", "activity": 7, "h_index": 3, "h5_index": 1, "mag_id": "2477255967", "num_publications": 1, "num_citations": 4, "num_publications_5y": 1, "num_citations_5y": 3, "num_publications_10y": 1, "num_citations_10y": 3, "publications_years": {"2014": 1}, "citations_years": {"2016": 1, "2017": 2, "2018": 0, "2019": 1}, "old_citations": {"2014": 4}, "isVisible": false}, "2569837830": {"name": "yazan alalem", "type": "author", "activity": 4, "h_index": 1, "h5_index": 1, "mag_id": "2569837830", "num_publications": 1, "num_citations": 0, "num_publications_5y": 1, "num_citations_5y": 0, "num_publications_10y": 1, "num_citations_10y": 0, "publications_years": {"2016": 1}, "citations_years": {}, "old_citations": {"2016": 0}, "isVisible": false}, "2571251259": {"name": "ali mansour", "type": "author", "activity": 23, "h_index": 12, "h5_index": 5, "mag_id": "2571251259", "num_publications": 1, "num_citations": 1, "num_publications_5y": 0, "num_citations_5y": 1, "num_publications_10y": 1, "num_citations_10y": 1, "publications_years": {"2013": 1}, "citations_years": {"2016": 1}, "old_citations": {"2013": 1}, "isVisible": false}, "2576076831": {"name": "ahmad al masri", "type": "author", "activity": 2, "h_index": 0, "h5_index": 0, "mag_id": "2576076831", "num_publications": 1, "num_citations": 0, "num_publications_5y": 1, "num_citations_5y": 0, "num_publications_10y": 1, "num_citations_10y": 0, "publications_years": {"2016": 1}, "citations_years": {}, "old_citations": {"2016": 0}, "isVisible": false}, "2584271001": {"name": "f le roy", "type": "author", "activity": 6, "h_index": 2, "h5_index": 1, "mag_id": "2584271001", "num_publications": 1, "num_citations": 1, "num_publications_5y": 0, "num_citations_5y": 1, "num_publications_10y": 1, "num_citations_10y": 1, "publications_years": {"2013": 1}, "citations_years": {"2016": 1}, "old_citations": {"2013": 1}, "isVisible": false}, "2642471871": {"name": "redouane benaini", "type": "author", "activity": 1, "h_index": 1, "h5_index": 0, "mag_id": "2642471871", "num_publications": 1, "num_citations": 7, "num_publications_5y": 0, "num_citations_5y": 5, "num_publications_10y": 1, "num_citations_10y": 7, "publications_years": {"2009": 1}, "citations_years": {"2012": 2, "2013": 0, "2014": 0, "2015": 5}, "old_citations": {"2009": 7}, "isVisible": false}, "2658694546": {"name": "abdellah najid", "type": "author", "activity": 5, "h_index": 2, "h5_index": 1, "mag_id": "2658694546", "num_publications": 1, "num_citations": 2, "num_publications_5y": 1, "num_citations_5y": 1, "num_publications_10y": 1, "num_citations_10y": 1, "publications_years": {"2014": 1}, "citations_years": {"2016": 1, "2017": 0, "2018": 0, "2019": 1}, "old_citations": {"2014": 2}, "isVisible": false}, "2659183896": {"name": "taib bouhouche", "type": "author", "activity": 1, "h_index": 2, "h5_index": 0, "mag_id": "2659183896", "num_publications": 1, "num_citations": 4, "num_publications_5y": 1, "num_citations_5y": 3, "num_publications_10y": 1, "num_citations_10y": 3, "publications_years": {"2014": 1}, "citations_years": {"2016": 1, "2017": 2, "2018": 0, "2019": 1}, "old_citations": {"2014": 4}, "isVisible": false}, "2661887798": {"name": "a berrado", "type": "author", "activity": 1, "h_index": 1, "h5_index": 0, "mag_id": "2661887798", "num_publications": 1, "num_citations": 0, "num_publications_5y": 0, "num_citations_5y": 0, "num_publications_10y": 1, "num_citations_10y": 0, "publications_years": {"2009": 1}, "citations_years": {}, "old_citations": {"2009": 0}, "isVisible": false}, "2672230393": {"name": "nedra benletaief", "type": "author", "activity": 10, "h_index": 2, "h5_index": 0, "mag_id": "2672230393", "num_publications": 1, "num_citations": 5, "num_publications_5y": 0, "num_citations_5y": 2, "num_publications_10y": 1, "num_citations_10y": 5, "publications_years": {"2011": 1}, "citations_years": {"2013": 3, "2014": 1, "2015": 0, "2016": 0, "2017": 0, "2018": 1}, "old_citations": {"2011": 5}, "isVisible": false}, "2672916838": {"name": "tahar ezzedine", "type": "author", "activity": 1, "h_index": 0, "h5_index": 0, "mag_id": "2672916838", "num_publications": 1, "num_citations": 0, "num_publications_5y": 0, "num_citations_5y": 0, "num_publications_10y": 1, "num_citations_10y": 0, "publications_years": {"2011": 1}, "citations_years": {}, "old_citations": {"2011": 0}, "isVisible": false}, "2678056905": {"name": "mohamed moussaoui", "type": "author", "activity": 3, "h_index": 1, "h5_index": 0, "mag_id": "2678056905", "num_publications": 1, "num_citations": 1, "num_publications_5y": 0, "num_citations_5y": 0, "num_publications_10y": 1, "num_citations_10y": 1, "publications_years": {"2009": 1}, "citations_years": {"2012": 1}, "old_citations": {"2009": 1}, "isVisible": false}, "2994421406": {"name": "a maach", "type": "author", "activity": 1, "h_index": 1, "h5_index": 0, "mag_id": "2994421406", "num_publications": 1, "num_citations": 14, "num_publications_5y": 0, "num_citations_5y": 8, "num_publications_10y": 1, "num_citations_10y": 11, "publications_years": {"2009": 1}, "citations_years": {"2011": 1, "2012": 2, "2013": 0, "2014": 0, "2015": 5, "2016": 1, "2017": 1, "2018": 1, "2019": 3}, "old_citations": {"2009": 14}, "isVisible": false}, "2713347524": {"name": "houria rezig", "type": "author", "activity": 14, "h_index": 4, "h5_index": 0, "mag_id": "2713347524", "num_publications": 1, "num_citations": 5, "num_publications_5y": 0, "num_citations_5y": 2, "num_publications_10y": 1, "num_citations_10y": 5, "publications_years": {"2011": 1}, "citations_years": {"2013": 3, "2014": 1, "2015": 0, "2016": 0, "2017": 0, "2018": 1}, "old_citations": {"2011": 5}, "isVisible": false}, "2952418228": {"name": "ammar bouallegue", "type": "author", "activity": 22, "h_index": 7, "h5_index": 4, "mag_id": "2952418228", "num_publications": 1, "num_citations": 5, "num_publications_5y": 0, "num_citations_5y": 2, "num_publications_10y": 1, "num_citations_10y": 5, "publications_years": {"2011": 1}, "citations_years": {"2013": 3, "2014": 1, "2015": 0, "2016": 0, "2017": 0, "2018": 1}, "old_citations": {"2011": 5}, "isVisible": false}, "2685354247": {"name": "j m rouvaen", "type": "author", "activity": 14, "h_index": 8, "h5_index": 0, "mag_id": "2685354247", "num_publications": 1, "num_citations": 1, "num_publications_5y": 0, "num_citations_5y": 0, "num_publications_10y": 1, "num_citations_10y": 1, "publications_years": {"2009": 1}, "citations_years": {"2012": 1}, "old_citations": {"2009": 1}, "isVisible": false}, "2698966103": {"name": "l laadhar", "type": "author", "activity": 1, "h_index": 0, "h5_index": 0, "mag_id": "2698966103", "num_publications": 1, "num_citations": 0, "num_publications_5y": 1, "num_citations_5y": 0, "num_publications_10y": 1, "num_citations_10y": 0, "publications_years": {"2014": 1}, "citations_years": {}, "old_citations": {"2014": 0}, "isVisible": false}, "2709457893": {"name": "mohammed wehbi", "type": "author", "activity": 1, "h_index": 0, "h5_index": 0, "mag_id": "2709457893", "num_publications": 1, "num_citations": 0, "num_publications_5y": 0, "num_citations_5y": 0, "num_publications_10y": 1, "num_citations_10y": 0, "publications_years": {"2013": 1}, "citations_years": {}, "old_citations": {"2013": 0}, "isVisible": false}, "2718023027": {"name": "bouallegue ammar", "type": "author", "activity": 1, "h_index": 0, "h5_index": 0, "mag_id": "2718023027", "num_publications": 1, "num_citations": 0, "num_publications_5y": 0, "num_citations_5y": 0, "num_publications_10y": 1, "num_citations_10y": 0, "publications_years": {"2011": 1}, "citations_years": {}, "old_citations": {"2011": 0}, "isVisible": false}, "2762788146": {"name": "christophe dumouchel", "type": "author", "activity": 1, "h_index": 0, "h5_index": 0, "mag_id": "2762788146", "num_publications": 1, "num_citations": 0, "num_publications_5y": 1, "num_citations_5y": 0, "num_publications_10y": 1, "num_citations_10y": 0, "publications_years": {"2014": 1}, "citations_years": {}, "old_citations": {"2014": 0}, "isVisible": false}}, "countries": {"Tunisia": {"name": "Tunisia", "type": "country", "h5_index": 26, "num_publications": 7, "num_citations": 9, "num_publications_5y": 3, "num_citations_5y": 7, "num_publications_10y": 7, "num_citations_10y": 9, "publications_years": {"2015": 2, "2011": 3, "2014": 1, "2013": 1}, "citations_years": {"2015": 5, "2014": 1, "2012": 1, "2013": 1, "2016": 0, "2017": 1}, "old_citations": {"2015": 0, "2011": 6, "2014": 0, "2013": 3}, "isVisible": false}, "Saudi Arabia": {"name": "Saudi Arabia", "type": "country", "h5_index": 72, "num_publications": 5, "num_citations": 4, "num_publications_5y": 3, "num_citations_5y": 4, "num_publications_10y": 5, "num_citations_10y": 4, "publications_years": {"2014": 2, "2013": 2, "2015": 1}, "citations_years": {"2016": 1, "2014": 1, "2015": 2}, "old_citations": {"2014": 0, "2013": 4, "2015": 0}, "isVisible": false}, "Canada": {"name": "Canada", "type": "country", "h5_index": 128, "num_publications": 4, "num_citations": 0, "num_publications_5y": 3, "num_citations_5y": 0, "num_publications_10y": 4, "num_citations_10y": 0, "publications_years": {"2015": 1, "2016": 2, "2009": 1}, "citations_years": {}, "old_citations": {"2015": 0, "2016": 0, "2009": 0}, "isVisible": false}, "France": {"name": "France", "type": "country", "h5_index": 99, "num_publications": 4, "num_citations": 5, "num_publications_5y": 1, "num_citations_5y": 1, "num_publications_10y": 4, "num_citations_10y": 5, "publications_years": {"2009": 1, "2011": 2, "2014": 1}, "citations_years": {"2012": 4, "2013": 0, "2014": 0, "2015": 0, "2016": 1}, "old_citations": {"2009": 1, "2011": 4, "2014": 0}, "isVisible": false}, "Morocco": {"name": "Morocco", "type": "country", "h5_index": 20, "num_publications": 4, "num_citations": 3, "num_publications_5y": 3, "num_citations_5y": 1, "num_publications_10y": 4, "num_citations_10y": 1, "publications_years": {"2014": 3, "2009": 1}, "citations_years": {"2016": 1, "2017": 0, "2018": 0, "2019": 2}, "old_citations": {"2014": 3, "2009": 0}, "isVisible": false}, "Lebanon": {"name": "Lebanon", "type": "country", "h5_index": 25, "num_publications": 3, "num_citations": 2, "num_publications_5y": 0, "num_citations_5y": 2, "num_publications_10y": 3, "num_citations_10y": 2, "publications_years": {"2013": 3}, "citations_years": {"2015": 1, "2016": 1}, "old_citations": {"2013": 2}, "isVisible": false}, "Brazil": {"name": "Brazil", "type": "country", "h5_index": 57, "num_publications": 2, "num_citations": 1, "num_publications_5y": 0, "num_citations_5y": 0, "num_publications_10y": 2, "num_citations_10y": 1, "publications_years": {"2009": 2}, "citations_years": {"2011": 1}, "old_citations": {"2009": 1}, "isVisible": false}, "United Arab Emirates": {"name": "United Arab Emirates", "type": "country", "h5_index": 39, "num_publications": 2, "num_citations": 1, "num_publications_5y": 2, "num_citations_5y": 1, "num_publications_10y": 2, "num_citations_10y": 1, "publications_years": {"2016": 2}, "citations_years": {"2018": 1}, "old_citations": {"2016": 1}, "isVisible": false}, "Belgium": {"name": "Belgium", "type": "country", "h5_index": 72, "num_publications": 1, "num_citations": 0, "num_publications_5y": 1, "num_citations_5y": 0, "num_publications_10y": 1, "num_citations_10y": 0, "publications_years": {"2014": 1}, "citations_years": {}, "old_citations": {"2014": 0}, "isVisible": false}, "Spain": {"name": "Spain", "type": "country", "h5_index": 91, "num_publications": 1, "num_citations": 0, "num_publications_5y": 1, "num_citations_5y": 0, "num_publications_10y": 1, "num_citations_10y": 0, "publications_years": {"2014": 1}, "citations_years": {}, "old_citations": {"2014": 0}, "isVisible": false}}, "industrial_sectors": {"computing_and_it": {"name": "computing_and_it", "type": "industrial sector", "h5_index": 221, "num_publications": 1, "num_citations": 1, "num_publications_5y": 0, "num_citations_5y": 0, "num_publications_10y": 1, "num_citations_10y": 1, "publications_years": {"2009": 1}, "citations_years": {"2012": 1}, "old_citations": {"2009": 1}, "isVisible": false}, "technology": {"name": "technology", "type": "industrial sector", "h5_index": 229, "num_publications": 1, "num_citations": 1, "num_publications_5y": 0, "num_citations_5y": 0, "num_publications_10y": 1, "num_citations_10y": 1, "publications_years": {"2009": 1}, "citations_years": {"2012": 1}, "old_citations": {"2009": 1}, "isVisible": false}, "telecommunications": {"name": "telecommunications", "type": "industrial sector", "h5_index": 89, "num_publications": 1, "num_citations": 1, "num_publications_5y": 0, "num_citations_5y": 0, "num_publications_10y": 1, "num_citations_10y": 1, "publications_years": {"2009": 1}, "citations_years": {"2012": 1}, "old_citations": {"2009": 1}, "isVisible": false}}}, "conference_comparison": {"computer science": {}}, "topics_dna": {"publications": {}, "citations": {"normalized": {}, "average": {}}}, "info": {"num_publications": 34, "num_citations": 54.0, "impact_factor": {"2011": 0.2857142857142857, "2012": 0.5714285714285714, "2013": 0.5714285714285714, "2014": 0.16666666666666666, "2015": 0.23076923076923078, "2016": 0.2}, "publications_years": {"2009": 7, "2011": 7, "2013": 7, "2014": 7, "2015": 3, "2016": 3}, "citations_years": {"2011": 2, "2012": 9, "2013": 4, "2014": 2, "2015": 16, "2016": 7, "2017": 5, "2018": 3, "2019": 6}, "old_citations": {"2009": 23, "2011": 15, "2013": 7, "2014": 8, "2015": 0, "2016": 1}, "h5_index": 1}, "percentile": {"computer science": {"2009": 63, "2011": 58, "2013": 55, "2014": 55, "2015": 16, "2016": 52}}, "conference_ranking": {"computer science": {"2009": 1541, "2011": 1786, "2013": 1903, "2014": 1893, "2015": 3578, "2016": 2016}}, "academia": {"num_publications": 22, "num_citations": 17, "publications_years": {"2009": 4, "2010": 0, "2011": 3, "2012": 0, "2013": 5, "2014": 5, "2015": 2, "2016": 3}, "old_citations": {"2009": 1, "2010": 0, "2011": 6, "2012": 0, "2013": 6, "2014": 3, "2015": 0, "2016": 1}, "num_publications_5y": 3, "num_citations_5y": 1, "num_publications_10y": 18, "num_citations_10y": 16}, "industry": {"num_publications": 1, "num_citations": 1, "publications_years": {"2009": 1}, "old_citations": {"2009": 1}, "num_publications_5y": 0, "num_citations_5y": 0, "num_publications_10y": 0, "num_citations_10y": 0}, "collaborative": {"num_publications": 0, "num_citations": 0, "publications_years": {}, "old_citations": {}, "num_publications_5y": 0, "num_citations_5y": 0, "num_publications_10y": 0, "num_citations_10y": 0}, "conferences": {}, "journals": {}, "organizations": {"publication_overall": ["King Abdulaziz University", "Tunis University", "University of Carthage", "American University of Beirut", "Cadi Ayyad University", "French National Centre for Scientific Research", "State University of Campinas", "Abdelmalek Essa\u00e2di University", "Alcatel-Lucent (France)", "American University of Sharjah", "Concordia University", "Khalifa University of Science and Technology", "Lebanese International University", "Manouba University", "Sidi Mohamed Ben Abdellah University", "University of Calgary", "University of Ottawa", "University of Rouen", "University of Vigo", "Universit\u00e9 Catholique de Louvain", "Universit\u00e9 Laval", "Universit\u00e9 du Qu\u00e9bec en Abitibi-T\u00e9miscamingue"], "citation_overall": ["University of Carthage", "French National Centre for Scientific Research", "King Abdulaziz University", "Manouba University", "American University of Beirut", "Sidi Mohamed Ben Abdellah University", "Alcatel-Lucent (France)", "American University of Sharjah", "Cadi Ayyad University", "State University of Campinas", "Tunis University", "Abdelmalek Essa\u00e2di University", "Concordia University", "Khalifa University of Science and Technology", "Lebanese International University", "University of Calgary", "University of Ottawa", "University of Rouen", "University of Vigo", "Universit\u00e9 Catholique de Louvain", "Universit\u00e9 Laval", "Universit\u00e9 du Qu\u00e9bec en Abitibi-T\u00e9miscamingue"], "publication_10_years": ["King Abdulaziz University", "Tunis University", "University of Carthage", "American University of Beirut", "French National Centre for Scientific Research", "Abdelmalek Essa\u00e2di University", "American University of Sharjah", "Cadi Ayyad University", "Concordia University", "Khalifa University of Science and Technology", "Lebanese International University", "Manouba University", "Sidi Mohamed Ben Abdellah University", "University of Calgary", "University of Rouen", "University of Vigo", "Universit\u00e9 Catholique de Louvain", "Universit\u00e9 Laval", "Universit\u00e9 du Qu\u00e9bec en Abitibi-T\u00e9miscamingue"], "citation_10_years": ["University of Carthage", "French National Centre for Scientific Research", "King Abdulaziz University", "Manouba University", "American University of Beirut", "Sidi Mohamed Ben Abdellah University", "American University of Sharjah", "Cadi Ayyad University", "Tunis University", "Abdelmalek Essa\u00e2di University", "Concordia University", "Khalifa University of Science and Technology", "Lebanese International University", "University of Calgary", "University of Rouen", "University of Vigo", "Universit\u00e9 Catholique de Louvain", "Universit\u00e9 Laval", "Universit\u00e9 du Qu\u00e9bec en Abitibi-T\u00e9miscamingue"], "publication_5_years": ["American University of Sharjah", "Concordia University", "Khalifa University of Science and Technology", "Universit\u00e9 Laval", "Universit\u00e9 du Qu\u00e9bec en Abitibi-T\u00e9miscamingue"], "citation_5_years": ["American University of Sharjah", "Concordia University", "Khalifa University of Science and Technology", "Universit\u00e9 Laval", "Universit\u00e9 du Qu\u00e9bec en Abitibi-T\u00e9miscamingue"]}, "countries": {"publication_overall": ["Tunisia", "Saudi Arabia", "Canada", "France", "Morocco", "Lebanon", "Brazil", "United Arab Emirates", "Belgium", "Spain"], "citation_overall": ["Tunisia", "France", "Saudi Arabia", "Morocco", "Lebanon", "Brazil", "United Arab Emirates", "Belgium", "Canada", "Spain"], "publication_10_years": ["Tunisia", "Saudi Arabia", "Canada", "France", "Lebanon", "Morocco", "United Arab Emirates", "Belgium", "Spain"], "citation_10_years": ["Tunisia", "France", "Saudi Arabia", "Morocco", "Lebanon", "United Arab Emirates", "Belgium", "Canada", "Spain"], "publication_5_years": ["Canada", "United Arab Emirates"], "citation_5_years": ["United Arab Emirates", "Canada"]}, "topics": {"publication_overall": ["computer science", "computer systems", "computer networks", "telecommunication systems", "communication systems", "wireless telecommunication systems", "engineering", "communication channels (information theory)", "signal processing", "mathematics", "computer hardware", "bandwidth", "signal to noise ratio", "telecommunication networks", "antennas", "matrix algebra", "probability", "signal detection", "bit error rate", "sensors"], "citation_overall": ["computer science", "computer systems", "communication systems", "computer networks", "telecommunication systems", "wireless telecommunication systems", "communication channels (information theory)", "bandwidth", "computer hardware", "sensors", "telecommunication networks", "telecommunication traffic", "engineering", "signal processing", "data communication systems", "routing algorithms", "multicasts", "routers", "mobile telecommunication systems", "internet protocols"], "publication_10_years": ["computer science", "computer systems", "computer networks", "telecommunication systems", "communication systems", "engineering", "wireless telecommunication systems", "communication channels (information theory)", "mathematics", "signal processing", "signal to noise ratio", "bandwidth", "computer hardware", "matrix algebra", "probability", "signal detection", "antennas", "bit error rate", "fading (radio)", "telecommunication networks"], "citation_10_years": ["computer science", "computer systems", "engineering", "signal processing", "communication systems", "computer networks", "telecommunication systems", "wireless telecommunication systems", "communication channels (information theory)", "bandwidth", "computer hardware", "mathematics", "signal to noise ratio", "sensors", "matrix algebra", "telecommunication networks", "telecommunication traffic", "probability", "signal detection", "bit error rate"], "publication_5_years": ["computer networks", "computer science", "computer systems", "telecommunication systems", "bandwidth", "communication systems", "computer hardware", "engineering", "mathematics", "telecommunication networks", "wireless telecommunication systems", "artificial intelligence", "artificial neural network (ann)", "bit error rate", "block codes", "circuit topology", "clock signal", "cluster head", "clustering algorithms", "communication"], "citation_5_years": ["artificial intelligence", "artificial neural network (ann)", "bit error rate", "block codes", "communication", "communication channels (information theory)", "communication systems", "computer imaging and vision", "computer networks", "computer science", "computer systems", "engineering", "error performance", "fading (radio)", "fading channels", "feedforward neural networks", "image analysis", "image coding", "image compression", "image processing"]}, "main_topics": ["computer science"], "authors": {"publication_overall": ["2144363596", "2000300490", "1490523169", "2478874678", "2485463426", "324194666", "1164161613", "1926806576", "2089686176", "2190669404", "2228345986", "2307536878", "38869183", "102922227", "172311536", "212415905", "230066471", "252565321", "268955915", "328705912", "331795704", "352189681", "417949289", "779615592", "931551486", "1140116375", "1188580141", "1271136564", "1438295779", "1598694488", "1619137191", "1750541862", "1916108592", "1938268320", "1954834852", "1966461765", "1974165291", "1981874084", "1990099695", "1992291461", "1995271195", "1997065428", "2009739959", "2018986825", "2019767651", "2039867585", "2041456316", "2049893658", "2062165596", "2075598134", "2116073816", "2117156802", "2125207003", "2126137903", "2134699025", "2146092827", "2148525427", "2151897148", "2157015169", "2188693525", "2222287516", "2222763596", "2222902169", "2225035825", "2225144159", "2226069168", "2226102055", "2226738703", "2227606088", "2228511629", "2229946226", "2230660757", "2231292886", "2231886392", "2232034664", "2232189359", "2233864605", "2237209500", "2247947594", "2255651068", "2284616001", "2305124013", "2307101714", "2307532807", "2308100501", "2310543625", "2312490784", "2434231455", "2477255967", "2569837830", "2571251259", "2576076831", "2584271001", "2642471871", "2658694546", "2659183896", "2661887798", "2672230393", "2672916838", "2678056905"], "citation_overall": ["1619137191", "2307532807", "2994421406", "779615592", "2039867585", "2125207003", "2642471871", "2000300490", "2144363596", "2672230393", "2713347524", "2952418228", "1164161613", "1490523169", "2190669404", "2312490784", "2477255967", "2478874678", "2485463426", "2659183896", "38869183", "1271136564", "2222902169", "230066471", "324194666", "1926806576", "1974165291", "1981874084", "1995271195", "2075598134", "2134699025", "2146092827", "2222287516", "2232034664", "2434231455", "2658694546", "102922227", "352189681", "1598694488", "1750541862", "1938268320", "1954834852", "1990099695", "1992291461", "1997065428", "2009739959", "2018986825", "2019767651", "2041456316", "2049893658", "2089686176", "2157015169", "2226069168", "2227606088", "2231292886", "2571251259", "2584271001", "2678056905", "2685354247", "172311536", "212415905", "252565321", "268955915", "328705912", "331795704", "417949289", "931551486", "1140116375", "1188580141", "1438295779", "1916108592", "1966461765", "2062165596", "2116073816", "2117156802", "2126137903", "2148525427", "2151897148", "2188693525", "2222763596", "2225035825", "2225144159", "2226102055", "2226738703", "2228345986", "2228511629", "2229946226", "2230660757", "2231886392", "2232189359", "2233864605", "2237209500", "2247947594", "2255651068", "2284616001", "2305124013", "2307101714", "2307536878", "2308100501", "2310543625"], "publication_10_years": ["2144363596", "2000300490", "1490523169", "2478874678", "2485463426", "324194666", "1926806576", "2190669404", "2228345986", "2307536878", "38869183", "102922227", "212415905", "230066471", "252565321", "268955915", "328705912", "352189681", "931551486", "1140116375", "1164161613", "1188580141", "1271136564", "1438295779", "1598694488", "1916108592", "1938268320", "1954834852", "1966461765", "1974165291", "1981874084", "1990099695", "1992291461", "1995271195", "1997065428", "2018986825", "2019767651", "2041456316", "2049893658", "2062165596", "2075598134", "2116073816", "2117156802", "2126137903", "2134699025", "2146092827", "2148525427", "2157015169", "2188693525", "2222287516", "2222763596", "2222902169", "2225035825", "2226069168", "2226102055", "2226738703", "2227606088", "2228511629", "2230660757", "2231886392", "2232034664", "2232189359", "2233864605", "2237209500", "2247947594", "2305124013", "2307101714", "2308100501", "2310543625", "2312490784", "2434231455", "2477255967", "2569837830", "2571251259", "2576076831", "2584271001", "2658694546", "2659183896", "2672230393", "2672916838", "2698966103", "2709457893", "2713347524", "2718023027", "2762788146", "2952418228"], "citation_10_years": ["2000300490", "2144363596", "2672230393", "2713347524", "2952418228", "1164161613", "1490523169", "2190669404", "2312490784", "2477255967", "2478874678", "2485463426", "2659183896", "38869183", "1271136564", "2222902169", "230066471", "324194666", "1926806576", "1974165291", "1981874084", "1995271195", "2075598134", "2134699025", "2146092827", "2222287516", "2232034664", "2434231455", "2658694546", "102922227", "352189681", "1598694488", "1938268320", "1954834852", "1990099695", "1992291461", "1997065428", "2018986825", "2019767651", "2041456316", "2049893658", "2157015169", "2226069168", "2227606088", "2571251259", "2584271001", "212415905", "252565321", "268955915", "328705912", "931551486", "1140116375", "1188580141", "1438295779", "1916108592", "1966461765", "2062165596", "2116073816", "2117156802", "2126137903", "2148525427", "2188693525", "2222763596", "2225035825", "2226102055", "2226738703", "2228345986", "2228511629", "2230660757", "2231886392", "2232189359", "2233864605", "2237209500", "2247947594", "2305124013", "2307101714", "2307536878", "2308100501", "2310543625", "2569837830", "2576076831", "2672916838", "2698966103", "2709457893", "2718023027", "2762788146"], "publication_5_years": ["1438295779", "2019767651", "2041456316", "2227606088", "2237209500", "2307101714", "2310543625", "2569837830", "2576076831"], "citation_5_years": ["2019767651", "2041456316", "2227606088", "1438295779", "2237209500", "2307101714", "2310543625", "2569837830", "2576076831"]}, "industrial_sectors": {"publication_overall": ["computing_and_it", "technology", "telecommunications"], "citation_overall": ["computing_and_it", "technology", "telecommunications"], "publication_10_years": [], "citation_10_years": [], "publication_5_years": [], "citation_5_years": []}}