{"name": "IEEE Games Media Entertainment", "acronym": "GME", "type": "conference", "uniqueEntities": {"organizations": {"University of Ontario Institute of Technology": {"name": "University of Ontario Institute of Technology", "type": "organization", "organization_type": "Education", "h_index": 62, "h5_index": 24, "num_publications": 7, "num_citations": 28, "num_publications_5y": 7, "num_citations_5y": 25, "num_publications_10y": 7, "num_citations_10y": 25, "publications_years": {"2014": 7}, "citations_years": {"2015": 5, "2016": 5, "2017": 10, "2018": 5, "2019": 3}, "old_citations": {"2014": 28}, "isVisible": false}, "Carleton University": {"name": "Carleton University", "type": "organization", "organization_type": "Education", "h_index": 120, "h5_index": 41, "num_publications": 3, "num_citations": 5, "num_publications_5y": 3, "num_citations_5y": 4, "num_publications_10y": 3, "num_citations_10y": 4, "publications_years": {"2014": 3}, "citations_years": {"2015": 1, "2016": 0, "2017": 2, "2018": 1, "2019": 1}, "old_citations": {"2014": 5}, "isVisible": false}, "University of Saskatchewan": {"name": "University of Saskatchewan", "type": "organization", "organization_type": "Education", "h_index": 89, "h5_index": 24, "num_publications": 3, "num_citations": 13, "num_publications_5y": 3, "num_citations_5y": 12, "num_publications_10y": 3, "num_citations_10y": 12, "publications_years": {"2014": 3}, "citations_years": {"2014": 2, "2015": 4, "2016": 5, "2017": 0, "2018": 1, "2019": 1}, "old_citations": {"2014": 13}, "isVisible": false}, "University of Toronto": {"name": "University of Toronto", "type": "organization", "organization_type": "Education", "h_index": 278, "h5_index": 73, "num_publications": 3, "num_citations": 15, "num_publications_5y": 3, "num_citations_5y": 13, "num_publications_10y": 3, "num_citations_10y": 13, "publications_years": {"2014": 3}, "citations_years": {"2015": 3, "2016": 5, "2017": 2, "2018": 3, "2019": 2}, "old_citations": {"2014": 15}, "isVisible": false}, "York University": {"name": "York University", "type": "organization", "organization_type": "Education", "h_index": 114, "h5_index": 28, "num_publications": 3, "num_citations": 18, "num_publications_5y": 3, "num_citations_5y": 16, "num_publications_10y": 3, "num_citations_10y": 17, "publications_years": {"2014": 3}, "citations_years": {"2016": 2, "2017": 7, "2018": 6, "2019": 1, "2015": 1, "2013": 1, "2014": 0}, "old_citations": {"2014": 18}, "isVisible": false}, "McMaster University": {"name": "McMaster University", "type": "organization", "organization_type": "Education", "h_index": 96, "h5_index": 29, "num_publications": 2, "num_citations": 1, "num_publications_5y": 2, "num_citations_5y": 1, "num_publications_10y": 2, "num_citations_10y": 1, "publications_years": {"2014": 2}, "citations_years": {"2015": 1}, "old_citations": {"2014": 1}, "isVisible": false}, "University of Amsterdam": {"name": "University of Amsterdam", "type": "organization", "organization_type": "Education", "h_index": 164, "h5_index": 50, "num_publications": 2, "num_citations": 11, "num_publications_5y": 2, "num_citations_5y": 9, "num_publications_10y": 2, "num_citations_10y": 9, "publications_years": {"2014": 2}, "citations_years": {"2014": 2, "2015": 2, "2016": 0, "2017": 2, "2018": 3, "2019": 2}, "old_citations": {"2014": 11}, "isVisible": false}, "Uppsala University": {"name": "Uppsala University", "type": "organization", "organization_type": "Education", "h_index": 111, "h5_index": 30, "num_publications": 2, "num_citations": 1, "num_publications_5y": 2, "num_citations_5y": 1, "num_publications_10y": 2, "num_citations_10y": 1, "publications_years": {"2014": 2}, "citations_years": {"2017": 1}, "old_citations": {"2014": 1}, "isVisible": false}, "Aalborg University": {"name": "Aalborg University", "type": "organization", "organization_type": "Education", "h_index": 132, "h5_index": 41, "num_publications": 1, "num_citations": 44, "num_publications_5y": 1, "num_citations_5y": 27, "num_publications_10y": 1, "num_citations_10y": 27, "publications_years": {"2014": 1}, "citations_years": {"2015": 2, "2016": 9, "2017": 9, "2018": 7, "2019": 17}, "old_citations": {"2014": 44}, "isVisible": false}, "Carleton College": {"name": "Carleton College", "type": "organization", "organization_type": "Education", "h_index": 25, "h5_index": 10, "num_publications": 1, "num_citations": 0, "num_publications_5y": 1, "num_citations_5y": 0, "num_publications_10y": 1, "num_citations_10y": 0, "publications_years": {"2014": 1}, "citations_years": {}, "old_citations": {"2014": 0}, "isVisible": false}, "Case Western Reserve University": {"name": "Case Western Reserve University", "type": "organization", "organization_type": "Education", "h_index": 111, "h5_index": 26, "num_publications": 1, "num_citations": 2, "num_publications_5y": 1, "num_citations_5y": 1, "num_publications_10y": 1, "num_citations_10y": 1, "publications_years": {"2014": 1}, "citations_years": {"2016": 1, "2017": 0, "2018": 0, "2019": 0, "2020": 1}, "old_citations": {"2014": 2}, "isVisible": false}, "Central Michigan University": {"name": "Central Michigan University", "type": "organization", "organization_type": "Education", "h_index": 28, "h5_index": 11, "num_publications": 1, "num_citations": 0, "num_publications_5y": 1, "num_citations_5y": 0, "num_publications_10y": 1, "num_citations_10y": 0, "publications_years": {"2014": 1}, "citations_years": {}, "old_citations": {"2014": 0}, "isVisible": false}, "Deakin University": {"name": "Deakin University", "type": "organization", "organization_type": "Education", "h_index": 86, "h5_index": 39, "num_publications": 1, "num_citations": 0, "num_publications_5y": 1, "num_citations_5y": 0, "num_publications_10y": 1, "num_citations_10y": 0, "publications_years": {"2014": 1}, "citations_years": {}, "old_citations": {"2014": 0}, "isVisible": false}, "Georgian College": {"name": "Georgian College", "type": "organization", "organization_type": "Education", "h_index": 1, "h5_index": 0, "num_publications": 1, "num_citations": 3, "num_publications_5y": 1, "num_citations_5y": 3, "num_publications_10y": 1, "num_citations_10y": 3, "publications_years": {"2014": 1}, "citations_years": {"2015": 1, "2016": 0, "2017": 2}, "old_citations": {"2014": 3}, "isVisible": false}, "Indiana University Bloomington": {"name": "Indiana University Bloomington", "type": "organization", "organization_type": "Education", "h_index": 145, "h5_index": 32, "num_publications": 1, "num_citations": 1, "num_publications_5y": 1, "num_citations_5y": 1, "num_publications_10y": 1, "num_citations_10y": 1, "publications_years": {"2014": 1}, "citations_years": {"2017": 1}, "old_citations": {"2014": 1}, "isVisible": false}, "Ionian University": {"name": "Ionian University", "type": "organization", "organization_type": "Education", "h_index": 27, "h5_index": 10, "num_publications": 1, "num_citations": 6, "num_publications_5y": 1, "num_citations_5y": 4, "num_publications_10y": 1, "num_citations_10y": 4, "publications_years": {"2014": 1}, "citations_years": {"2014": 1, "2015": 0, "2016": 0, "2017": 0, "2018": 3, "2019": 2}, "old_citations": {"2014": 6}, "isVisible": false}, "Ludwig Maximilian University of Munich": {"name": "Ludwig Maximilian University of Munich", "type": "organization", "organization_type": "Education", "h_index": 137, "h5_index": 37, "num_publications": 1, "num_citations": 44, "num_publications_5y": 1, "num_citations_5y": 27, "num_publications_10y": 1, "num_citations_10y": 27, "publications_years": {"2014": 1}, "citations_years": {"2015": 2, "2016": 9, "2017": 9, "2018": 7, "2019": 17}, "old_citations": {"2014": 44}, "isVisible": false}, "New Mexico Institute of Mining and Technology": {"name": "New Mexico Institute of Mining and Technology", "type": "organization", "organization_type": "Education", "h_index": 40, "h5_index": 6, "num_publications": 1, "num_citations": 0, "num_publications_5y": 1, "num_citations_5y": 0, "num_publications_10y": 1, "num_citations_10y": 0, "publications_years": {"2014": 1}, "citations_years": {}, "old_citations": {"2014": 0}, "isVisible": false}, "Northern Ontario School of Medicine": {"name": "Northern Ontario School of Medicine", "type": "organization", "organization_type": "Healthcare", "h_index": 3, "h5_index": 1, "num_publications": 1, "num_citations": 3, "num_publications_5y": 1, "num_citations_5y": 3, "num_publications_10y": 1, "num_citations_10y": 3, "publications_years": {"2014": 1}, "citations_years": {"2015": 1, "2016": 0, "2017": 2}, "old_citations": {"2014": 3}, "isVisible": false}, "Northwestern University": {"name": "Northwestern University", "type": "organization", "organization_type": "Education", "h_index": 170, "h5_index": 40, "num_publications": 1, "num_citations": 44, "num_publications_5y": 1, "num_citations_5y": 27, "num_publications_10y": 1, "num_citations_10y": 27, "publications_years": {"2014": 1}, "citations_years": {"2015": 2, "2016": 9, "2017": 9, "2018": 7, "2019": 17}, "old_citations": {"2014": 44}, "isVisible": false}, "Ryerson University": {"name": "Ryerson University", "type": "organization", "organization_type": "Education", "h_index": 67, "h5_index": 28, "num_publications": 1, "num_citations": 8, "num_publications_5y": 1, "num_citations_5y": 6, "num_publications_10y": 1, "num_citations_10y": 6, "publications_years": {"2014": 1}, "citations_years": {"2015": 1, "2016": 3, "2017": 2, "2018": 0, "2019": 2}, "old_citations": {"2014": 8}, "isVisible": false}, "University at Buffalo, State University of New York": {"name": "University at Buffalo, State University of New York", "type": "organization", "organization_type": "Education", "h_index": 114, "h5_index": 36, "num_publications": 1, "num_citations": 0, "num_publications_5y": 1, "num_citations_5y": 0, "num_publications_10y": 1, "num_citations_10y": 0, "publications_years": {"2014": 1}, "citations_years": {}, "old_citations": {"2014": 0}, "isVisible": false}, "University of Alabama, Tuscaloosa": {"name": "University of Alabama, Tuscaloosa", "type": "organization", "organization_type": "Education", "h_index": 75, "h5_index": 21, "num_publications": 1, "num_citations": 0, "num_publications_5y": 1, "num_citations_5y": 0, "num_publications_10y": 1, "num_citations_10y": 0, "publications_years": {"2014": 1}, "citations_years": {}, "old_citations": {"2014": 0}, "isVisible": false}, "University of Houston": {"name": "University of Houston", "type": "organization", "organization_type": "Education", "h_index": 107, "h5_index": 37, "num_publications": 1, "num_citations": 2, "num_publications_5y": 1, "num_citations_5y": 2, "num_publications_10y": 1, "num_citations_10y": 2, "publications_years": {"2014": 1}, "citations_years": {"2016": 1, "2017": 1}, "old_citations": {"2014": 2}, "isVisible": false}, "University of Waterloo": {"name": "University of Waterloo", "type": "organization", "organization_type": "Education", "h_index": 185, "h5_index": 58, "num_publications": 1, "num_citations": 5, "num_publications_5y": 1, "num_citations_5y": 5, "num_publications_10y": 1, "num_citations_10y": 5, "publications_years": {"2014": 1}, "citations_years": {"2014": 1, "2015": 1, "2016": 1, "2017": 2}, "old_citations": {"2014": 5}, "isVisible": false}, "Utah Valley University": {"name": "Utah Valley University", "type": "organization", "organization_type": "Education", "h_index": 15, "h5_index": 5, "num_publications": 1, "num_citations": 0, "num_publications_5y": 1, "num_citations_5y": 0, "num_publications_10y": 1, "num_citations_10y": 0, "publications_years": {"2014": 1}, "citations_years": {}, "old_citations": {"2014": 0}, "isVisible": false}, "Western University": {"name": "Western University", "type": "organization", "organization_type": "Education", "h_index": 107, "h5_index": 28, "num_publications": 1, "num_citations": 2, "num_publications_5y": 1, "num_citations_5y": 2, "num_publications_10y": 1, "num_citations_10y": 2, "publications_years": {"2014": 1}, "citations_years": {"2016": 1, "2017": 0, "2018": 1}, "old_citations": {"2014": 2}, "isVisible": false}, "Wright State University": {"name": "Wright State University", "type": "organization", "organization_type": "Education", "h_index": 79, "h5_index": 15, "num_publications": 1, "num_citations": 1, "num_publications_5y": 1, "num_citations_5y": 1, "num_publications_10y": 1, "num_citations_10y": 1, "publications_years": {"2014": 1}, "citations_years": {"2017": 1}, "old_citations": {"2014": 1}, "isVisible": false}}, "topics": {"computer science": {"name": "computer science", "type": "topic", "h_index": 1779, "h5_index": 416, "num_publications": 46, "num_citations": 160, "num_publications_5y": 46, "num_citations_5y": 128, "num_publications_10y": 46, "num_citations_10y": 129, "publications_years": {"2014": 46}, "citations_years": {"2014": 6, "2015": 22, "2016": 31, "2017": 36, "2019": 30, "2018": 33, "2020": 1, "2013": 1}, "old_citations": {"2014": 173}, "isVisible": false}, "human computer interaction": {"name": "human computer interaction", "type": "topic", "h_index": 934, "h5_index": 215, "num_publications": 44, "num_citations": 154, "num_publications_5y": 44, "num_citations_5y": 122, "num_publications_10y": 44, "num_citations_10y": 123, "publications_years": {"2014": 44}, "citations_years": {"2019": 30, "2015": 21, "2014": 5, "2016": 30, "2017": 34, "2018": 32, "2020": 1, "2013": 1}, "old_citations": {"2014": 167}, "isVisible": false}, "computer imaging and vision": {"name": "computer imaging and vision", "type": "topic", "h_index": 1142, "h5_index": 334, "num_publications": 40, "num_citations": 148, "num_publications_5y": 40, "num_citations_5y": 117, "num_publications_10y": 40, "num_citations_10y": 118, "publications_years": {"2014": 40}, "citations_years": {"2019": 30, "2015": 21, "2014": 5, "2016": 28, "2017": 33, "2018": 30, "2013": 1}, "old_citations": {"2014": 161}, "isVisible": false}, "user interfaces": {"name": "user interfaces", "type": "topic", "h_index": 845, "h5_index": 182, "num_publications": 40, "num_citations": 147, "num_publications_5y": 40, "num_citations_5y": 115, "num_publications_10y": 40, "num_citations_10y": 116, "publications_years": {"2014": 40}, "citations_years": {"2019": 30, "2015": 20, "2014": 5, "2016": 29, "2017": 31, "2018": 30, "2020": 1, "2013": 1}, "old_citations": {"2014": 160}, "isVisible": false}, "artificial intelligence": {"name": "artificial intelligence", "type": "topic", "h_index": 1421, "h5_index": 373, "num_publications": 36, "num_citations": 146, "num_publications_5y": 36, "num_citations_5y": 115, "num_publications_10y": 36, "num_citations_10y": 116, "publications_years": {"2014": 36}, "citations_years": {"2014": 6, "2015": 18, "2016": 27, "2017": 35, "2019": 30, "2018": 29, "2013": 1}, "old_citations": {"2014": 159}, "isVisible": false}, "interactive computer graphics": {"name": "interactive computer graphics", "type": "topic", "h_index": 360, "h5_index": 76, "num_publications": 35, "num_citations": 131, "num_publications_5y": 35, "num_citations_5y": 101, "num_publications_10y": 35, "num_citations_10y": 102, "publications_years": {"2014": 35}, "citations_years": {"2019": 29, "2015": 16, "2014": 5, "2016": 25, "2017": 30, "2018": 25, "2013": 1}, "old_citations": {"2014": 144}, "isVisible": false}, "videogames": {"name": "videogames", "type": "topic", "h_index": 264, "h5_index": 54, "num_publications": 31, "num_citations": 110, "num_publications_5y": 31, "num_citations_5y": 85, "num_publications_10y": 31, "num_citations_10y": 86, "publications_years": {"2014": 31}, "citations_years": {"2019": 24, "2015": 12, "2014": 4, "2016": 23, "2017": 26, "2018": 20, "2013": 1}, "old_citations": {"2014": 123}, "isVisible": false}, "computer games": {"name": "computer games", "type": "topic", "h_index": 254, "h5_index": 54, "num_publications": 30, "num_citations": 114, "num_publications_5y": 30, "num_citations_5y": 87, "num_publications_10y": 30, "num_citations_10y": 88, "publications_years": {"2014": 30}, "citations_years": {"2019": 26, "2015": 12, "2014": 5, "2016": 22, "2017": 26, "2018": 22, "2013": 1}, "old_citations": {"2014": 127}, "isVisible": false}, "game theory": {"name": "game theory", "type": "topic", "h_index": 337, "h5_index": 80, "num_publications": 30, "num_citations": 114, "num_publications_5y": 30, "num_citations_5y": 87, "num_publications_10y": 30, "num_citations_10y": 88, "publications_years": {"2014": 30}, "citations_years": {"2019": 26, "2015": 12, "2014": 5, "2016": 22, "2017": 26, "2018": 22, "2013": 1}, "old_citations": {"2014": 127}, "isVisible": false}, "computer systems": {"name": "computer systems", "type": "topic", "h_index": 1595, "h5_index": 367, "num_publications": 24, "num_citations": 99, "num_publications_5y": 24, "num_citations_5y": 72, "num_publications_10y": 24, "num_citations_10y": 73, "publications_years": {"2014": 24}, "citations_years": {"2019": 25, "2015": 12, "2014": 3, "2016": 18, "2017": 17, "2018": 22, "2020": 1, "2013": 1}, "old_citations": {"2014": 112}, "isVisible": false}, "game design": {"name": "game design", "type": "topic", "h_index": 232, "h5_index": 43, "num_publications": 21, "num_citations": 88, "num_publications_5y": 21, "num_citations_5y": 66, "num_publications_10y": 21, "num_citations_10y": 66, "publications_years": {"2014": 21}, "citations_years": {"2015": 11, "2014": 4, "2016": 20, "2017": 18, "2018": 13, "2019": 22}, "old_citations": {"2014": 101}, "isVisible": false}, "gameplay": {"name": "gameplay", "type": "topic", "h_index": 225, "h5_index": 40, "num_publications": 21, "num_citations": 88, "num_publications_5y": 21, "num_citations_5y": 66, "num_publications_10y": 21, "num_citations_10y": 66, "publications_years": {"2014": 21}, "citations_years": {"2015": 11, "2014": 4, "2016": 20, "2017": 18, "2018": 13, "2019": 22}, "old_citations": {"2014": 101}, "isVisible": false}, "computer hardware": {"name": "computer hardware", "type": "topic", "h_index": 1150, "h5_index": 279, "num_publications": 16, "num_citations": 61, "num_publications_5y": 16, "num_citations_5y": 52, "num_publications_10y": 16, "num_citations_10y": 53, "publications_years": {"2014": 16}, "citations_years": {"2015": 10, "2016": 11, "2017": 15, "2018": 16, "2019": 7, "2020": 1, "2013": 1, "2014": 0}, "old_citations": {"2014": 61}, "isVisible": false}, "sensors": {"name": "sensors", "type": "topic", "h_index": 960, "h5_index": 229, "num_publications": 13, "num_citations": 53, "num_publications_5y": 13, "num_citations_5y": 46, "num_publications_10y": 13, "num_citations_10y": 47, "publications_years": {"2014": 13}, "citations_years": {"2015": 9, "2016": 8, "2017": 13, "2018": 16, "2019": 5, "2020": 1, "2013": 1, "2014": 0}, "old_citations": {"2014": 53}, "isVisible": false}, "telecommunication systems": {"name": "telecommunication systems", "type": "topic", "h_index": 1187, "h5_index": 277, "num_publications": 13, "num_citations": 25, "num_publications_5y": 13, "num_citations_5y": 21, "num_publications_10y": 13, "num_citations_10y": 21, "publications_years": {"2014": 13}, "citations_years": {"2019": 3, "2014": 2, "2015": 6, "2016": 6, "2017": 2, "2018": 5, "2020": 1}, "old_citations": {"2014": 38}, "isVisible": false}, "computer networks": {"name": "computer networks", "type": "topic", "h_index": 1262, "h5_index": 332, "num_publications": 12, "num_citations": 18, "num_publications_5y": 12, "num_citations_5y": 15, "num_publications_10y": 12, "num_citations_10y": 15, "publications_years": {"2014": 12}, "citations_years": {"2019": 2, "2015": 3, "2016": 5, "2017": 2, "2018": 4, "2020": 1, "2014": 1}, "old_citations": {"2014": 31}, "isVisible": false}, "image processing": {"name": "image processing", "type": "topic", "h_index": 1113, "h5_index": 328, "num_publications": 12, "num_citations": 77, "num_publications_5y": 12, "num_citations_5y": 57, "num_publications_10y": 12, "num_citations_10y": 57, "publications_years": {"2014": 12}, "citations_years": {"2014": 2, "2015": 8, "2016": 15, "2017": 18, "2018": 14, "2019": 20}, "old_citations": {"2014": 90}, "isVisible": false}, "communication systems": {"name": "communication systems", "type": "topic", "h_index": 1092, "h5_index": 254, "num_publications": 11, "num_citations": 18, "num_publications_5y": 11, "num_citations_5y": 15, "num_publications_10y": 11, "num_citations_10y": 15, "publications_years": {"2014": 11}, "citations_years": {"2019": 2, "2015": 3, "2016": 5, "2017": 2, "2018": 4, "2020": 1, "2014": 1}, "old_citations": {"2014": 31}, "isVisible": false}, "engineering": {"name": "engineering", "type": "topic", "h_index": 1177, "h5_index": 287, "num_publications": 11, "num_citations": 35, "num_publications_5y": 11, "num_citations_5y": 27, "num_publications_10y": 11, "num_citations_10y": 27, "publications_years": {"2014": 11}, "citations_years": {"2014": 2, "2015": 7, "2016": 4, "2017": 5, "2018": 9, "2019": 7, "2020": 1}, "old_citations": {"2014": 48}, "isVisible": false}, "internet": {"name": "internet", "type": "topic", "h_index": 1102, "h5_index": 245, "num_publications": 11, "num_citations": 19, "num_publications_5y": 11, "num_citations_5y": 16, "num_publications_10y": 11, "num_citations_10y": 16, "publications_years": {"2014": 11}, "citations_years": {"2015": 4, "2014": 3, "2016": 3, "2017": 2, "2018": 4, "2019": 3}, "old_citations": {"2014": 19}, "isVisible": false}, "mathematics": {"name": "mathematics", "type": "topic", "h_index": 1364, "h5_index": 300, "num_publications": 11, "num_citations": 67, "num_publications_5y": 11, "num_citations_5y": 46, "num_publications_10y": 11, "num_citations_10y": 47, "publications_years": {"2014": 11}, "citations_years": {"2015": 5, "2016": 11, "2017": 12, "2018": 17, "2019": 20, "2014": 1, "2013": 1}, "old_citations": {"2014": 80}, "isVisible": false}, "online systems": {"name": "online systems", "type": "topic", "h_index": 535, "h5_index": 136, "num_publications": 5, "num_citations": 64, "num_publications_5y": 5, "num_citations_5y": 43, "num_publications_10y": 5, "num_citations_10y": 43, "publications_years": {"2014": 5}, "citations_years": {"2015": 6, "2016": 12, "2017": 14, "2018": 11, "2019": 21}, "old_citations": {"2014": 64}, "isVisible": false}, "role-playing game": {"name": "role-playing game", "type": "topic", "h_index": 146, "h5_index": 25, "num_publications": 7, "num_citations": 51, "num_publications_5y": 7, "num_citations_5y": 34, "num_publications_10y": 7, "num_citations_10y": 34, "publications_years": {"2014": 7}, "citations_years": {"2015": 5, "2016": 12, "2017": 10, "2018": 7, "2019": 17}, "old_citations": {"2014": 64}, "isVisible": false}, "image coding": {"name": "image coding", "type": "topic", "h_index": 759, "h5_index": 203, "num_publications": 7, "num_citations": 49, "num_publications_5y": 7, "num_citations_5y": 32, "num_publications_10y": 7, "num_citations_10y": 32, "publications_years": {"2014": 7}, "citations_years": {"2015": 2, "2016": 11, "2017": 11, "2018": 7, "2019": 17, "2014": 1}, "old_citations": {"2014": 62}, "isVisible": false}}, "authors": {"668937278": {"name": "alvaro uribequevedo", "type": "author", "activity": 10, "h_index": 4, "h5_index": 3, "mag_id": "668937278", "num_publications": 3, "num_citations": 4, "num_publications_5y": 3, "num_citations_5y": 4, "num_publications_10y": 3, "num_citations_10y": 4, "publications_years": {"2014": 3}, "citations_years": {"2015": 1, "2016": 1, "2017": 1, "2018": 1}, "old_citations": {"2014": 4}, "isVisible": false}, "2059874197": {"name": "byron perezgutierrez", "type": "author", "activity": 9, "h_index": 3, "h5_index": 1, "mag_id": "2059874197", "num_publications": 3, "num_citations": 4, "num_publications_5y": 3, "num_citations_5y": 4, "num_publications_10y": 3, "num_citations_10y": 4, "publications_years": {"2014": 3}, "citations_years": {"2015": 1, "2016": 1, "2017": 1, "2018": 1}, "old_citations": {"2014": 4}, "isVisible": false}, "2063803523": {"name": "regan l mandryk", "type": "author", "activity": 22, "h_index": 30, "h5_index": 9, "mag_id": "2063803523", "num_publications": 3, "num_citations": 13, "num_publications_5y": 3, "num_citations_5y": 12, "num_publications_10y": 3, "num_citations_10y": 12, "publications_years": {"2014": 3}, "citations_years": {"2014": 2, "2015": 4, "2016": 5, "2017": 0, "2018": 1, "2019": 1}, "old_citations": {"2014": 13}, "isVisible": false}, "2134457129": {"name": "steve mann", "type": "author", "activity": 29, "h_index": 28, "h5_index": 3, "mag_id": "2134457129", "num_publications": 3, "num_citations": 8, "num_publications_5y": 3, "num_citations_5y": 8, "num_publications_10y": 3, "num_citations_10y": 8, "publications_years": {"2014": 3}, "citations_years": {"2015": 3, "2016": 2, "2017": 0, "2018": 3}, "old_citations": {"2014": 8}, "isVisible": false}, "108622167": {"name": "pejman mirzababaei", "type": "author", "activity": 9, "h_index": 10, "h5_index": 5, "mag_id": "108622167", "num_publications": 2, "num_citations": 9, "num_publications_5y": 2, "num_citations_5y": 9, "num_publications_10y": 2, "num_citations_10y": 9, "publications_years": {"2014": 2}, "citations_years": {"2015": 1, "2016": 2, "2017": 4, "2018": 2}, "old_citations": {"2014": 9}, "isVisible": false}, "111709359": {"name": "bill kapralos", "type": "author", "activity": 20, "h_index": 13, "h5_index": 4, "mag_id": "111709359", "num_publications": 2, "num_citations": 3, "num_publications_5y": 2, "num_citations_5y": 3, "num_publications_10y": 2, "num_citations_10y": 3, "publications_years": {"2014": 2}, "citations_years": {"2015": 1, "2016": 0, "2017": 2}, "old_citations": {"2014": 3}, "isVisible": false}, "216921968": {"name": "mikael fridenfalk", "type": "author", "activity": 6, "h_index": 1, "h5_index": 0, "mag_id": "216921968", "num_publications": 2, "num_citations": 1, "num_publications_5y": 2, "num_citations_5y": 1, "num_publications_10y": 2, "num_citations_10y": 1, "publications_years": {"2014": 2}, "citations_years": {"2017": 1}, "old_citations": {"2014": 1}, "isVisible": false}, "243801957": {"name": "sergio valdiviatrujillo", "type": "author", "activity": 1, "h_index": 1, "h5_index": 0, "mag_id": "243801957", "num_publications": 2, "num_citations": 2, "num_publications_5y": 2, "num_citations_5y": 2, "num_publications_10y": 2, "num_citations_10y": 2, "publications_years": {"2014": 2}, "citations_years": {"2017": 1, "2018": 1}, "old_citations": {"2014": 2}, "isVisible": false}, "272865650": {"name": "eliana pradadominguez", "type": "author", "activity": 1, "h_index": 1, "h5_index": 0, "mag_id": "272865650", "num_publications": 2, "num_citations": 2, "num_publications_5y": 2, "num_citations_5y": 2, "num_publications_10y": 2, "num_citations_10y": 2, "publications_years": {"2014": 2}, "citations_years": {"2017": 1, "2018": 1}, "old_citations": {"2014": 2}, "isVisible": false}, "664026352": {"name": "roy eagleson", "type": "author", "activity": 14, "h_index": 6, "h5_index": 3, "mag_id": "664026352", "num_publications": 2, "num_citations": 1, "num_publications_5y": 2, "num_citations_5y": 1, "num_publications_10y": 2, "num_citations_10y": 1, "publications_years": {"2014": 2}, "citations_years": {"2015": 1}, "old_citations": {"2014": 1}, "isVisible": false}, "695749453": {"name": "lennart e nacke", "type": "author", "activity": 13, "h_index": 25, "h5_index": 11, "mag_id": "695749453", "num_publications": 2, "num_citations": 9, "num_publications_5y": 2, "num_citations_5y": 9, "num_publications_10y": 2, "num_citations_10y": 9, "publications_years": {"2014": 2}, "citations_years": {"2015": 1, "2016": 2, "2017": 4, "2018": 2}, "old_citations": {"2014": 9}, "isVisible": false}, "1963762513": {"name": "ryan janzen", "type": "author", "activity": 13, "h_index": 7, "h5_index": 1, "mag_id": "1963762513", "num_publications": 2, "num_citations": 7, "num_publications_5y": 2, "num_citations_5y": 7, "num_publications_10y": 2, "num_citations_10y": 7, "publications_years": {"2014": 2}, "citations_years": {"2015": 2, "2016": 2, "2017": 0, "2018": 3}, "old_citations": {"2014": 7}, "isVisible": false}, "2005970336": {"name": "jacques carette", "type": "author", "activity": 17, "h_index": 11, "h5_index": 4, "mag_id": "2005970336", "num_publications": 2, "num_citations": 1, "num_publications_5y": 2, "num_citations_5y": 1, "num_publications_10y": 2, "num_citations_10y": 1, "publications_years": {"2014": 2}, "citations_years": {"2015": 1}, "old_citations": {"2014": 1}, "isVisible": false}, "2013699487": {"name": "robert j teather", "type": "author", "activity": 14, "h_index": 11, "h5_index": 6, "mag_id": "2013699487", "num_publications": 2, "num_citations": 1, "num_publications_5y": 2, "num_citations_5y": 1, "num_publications_10y": 2, "num_citations_10y": 1, "publications_years": {"2014": 2}, "citations_years": {"2015": 1}, "old_citations": {"2014": 1}, "isVisible": false}, "2015669128": {"name": "sander bakkes", "type": "author", "activity": 17, "h_index": 14, "h5_index": 3, "mag_id": "2015669128", "num_publications": 2, "num_citations": 11, "num_publications_5y": 2, "num_citations_5y": 9, "num_publications_10y": 2, "num_citations_10y": 9, "publications_years": {"2014": 2}, "citations_years": {"2014": 2, "2015": 2, "2016": 0, "2017": 2, "2018": 3, "2019": 2}, "old_citations": {"2014": 11}, "isVisible": false}, "2017168970": {"name": "farjana z eishita", "type": "author", "activity": 9, "h_index": 3, "h5_index": 1, "mag_id": "2017168970", "num_publications": 2, "num_citations": 8, "num_publications_5y": 2, "num_citations_5y": 7, "num_publications_10y": 2, "num_citations_10y": 7, "publications_years": {"2014": 2}, "citations_years": {"2014": 2, "2015": 2, "2016": 2, "2017": 0, "2018": 1, "2019": 1}, "old_citations": {"2014": 8}, "isVisible": false}, "2126824508": {"name": "andrew hogue", "type": "author", "activity": 18, "h_index": 11, "h5_index": 1, "mag_id": "2126824508", "num_publications": 2, "num_citations": 16, "num_publications_5y": 2, "num_citations_5y": 13, "num_publications_10y": 2, "num_citations_10y": 13, "publications_years": {"2014": 2}, "citations_years": {"2015": 3, "2016": 3, "2017": 4, "2018": 3, "2019": 3}, "old_citations": {"2014": 16}, "isVisible": false}, "2133155030": {"name": "kevin g stanley", "type": "author", "activity": 24, "h_index": 11, "h5_index": 4, "mag_id": "2133155030", "num_publications": 2, "num_citations": 8, "num_publications_5y": 2, "num_citations_5y": 7, "num_publications_10y": 2, "num_citations_10y": 7, "publications_years": {"2014": 2}, "citations_years": {"2014": 2, "2015": 2, "2016": 2, "2017": 0, "2018": 1, "2019": 1}, "old_citations": {"2014": 8}, "isVisible": false}, "2156664138": {"name": "anthony whitehead", "type": "author", "activity": 18, "h_index": 12, "h5_index": 4, "mag_id": "2156664138", "num_publications": 2, "num_citations": 4, "num_publications_5y": 2, "num_citations_5y": 3, "num_publications_10y": 2, "num_citations_10y": 3, "publications_years": {"2014": 2}, "citations_years": {"2015": 1, "2016": 0, "2017": 1, "2018": 1, "2019": 1}, "old_citations": {"2014": 4}, "isVisible": false}, "2204581160": {"name": "sandrine de ribaupierre", "type": "author", "activity": 9, "h_index": 5, "h5_index": 2, "mag_id": "2204581160", "num_publications": 2, "num_citations": 1, "num_publications_5y": 2, "num_citations_5y": 1, "num_publications_10y": 2, "num_citations_10y": 1, "publications_years": {"2014": 2}, "citations_years": {"2015": 1}, "old_citations": {"2014": 1}, "isVisible": false}, "2206355151": {"name": "i scott mackenzie", "type": "author", "activity": 31, "h_index": 49, "h5_index": 4, "mag_id": "2206355151", "num_publications": 2, "num_citations": 15, "num_publications_5y": 2, "num_citations_5y": 13, "num_publications_10y": 2, "num_citations_10y": 14, "publications_years": {"2014": 2}, "citations_years": {"2016": 2, "2017": 5, "2018": 6, "2019": 1, "2013": 1, "2014": 0, "2015": 0}, "old_citations": {"2014": 15}, "isVisible": false}, "2222847365": {"name": "mike schmalz", "type": "author", "activity": 1, "h_index": 1, "h5_index": 0, "mag_id": "2222847365", "num_publications": 2, "num_citations": 1, "num_publications_5y": 2, "num_citations_5y": 1, "num_publications_10y": 2, "num_citations_10y": 1, "publications_years": {"2014": 2}, "citations_years": {"2015": 1}, "old_citations": {"2014": 1}, "isVisible": false}, "2228093057": {"name": "justin mackenzie", "type": "author", "activity": 4, "h_index": 1, "h5_index": 1, "mag_id": "2228093057", "num_publications": 2, "num_citations": 1, "num_publications_5y": 2, "num_citations_5y": 1, "num_publications_10y": 2, "num_citations_10y": 1, "publications_years": {"2014": 2}, "citations_years": {"2015": 1}, "old_citations": {"2014": 1}, "isVisible": false}, "2231262224": {"name": "shaun carnegie", "type": "author", "activity": 1, "h_index": 1, "h5_index": 0, "mag_id": "2231262224", "num_publications": 2, "num_citations": 1, "num_publications_5y": 2, "num_citations_5y": 1, "num_publications_10y": 2, "num_citations_10y": 1, "publications_years": {"2014": 2}, "citations_years": {"2015": 1}, "old_citations": {"2014": 1}, "isVisible": false}, "39803046": {"name": "andreas mniestris", "type": "author", "activity": 1, "h_index": 2, "h5_index": 0, "mag_id": "39803046", "num_publications": 1, "num_citations": 6, "num_publications_5y": 1, "num_citations_5y": 4, "num_publications_10y": 1, "num_citations_10y": 4, "publications_years": {"2014": 1}, "citations_years": {"2014": 1, "2015": 0, "2016": 0, "2017": 0, "2018": 3, "2019": 2}, "old_citations": {"2014": 6}, "isVisible": false}, "211568200": {"name": "gerardo tibamoso", "type": "author", "activity": 4, "h_index": 2, "h5_index": 0, "mag_id": "211568200", "num_publications": 1, "num_citations": 2, "num_publications_5y": 1, "num_citations_5y": 2, "num_publications_10y": 1, "num_citations_10y": 2, "publications_years": {"2014": 1}, "citations_years": {"2015": 1, "2016": 1}, "old_citations": {"2014": 2}, "isVisible": false}, "299533391": {"name": "anthony scavarelli", "type": "author", "activity": 6, "h_index": 1, "h5_index": 1, "mag_id": "299533391", "num_publications": 1, "num_citations": 1, "num_publications_5y": 1, "num_citations_5y": 1, "num_publications_10y": 1, "num_citations_10y": 1, "publications_years": {"2014": 1}, "citations_years": {"2017": 1}, "old_citations": {"2014": 1}, "isVisible": false}, "312443591": {"name": "lizeth vegamedina", "type": "author", "activity": 6, "h_index": 2, "h5_index": 1, "mag_id": "312443591", "num_publications": 1, "num_citations": 2, "num_publications_5y": 1, "num_citations_5y": 2, "num_publications_10y": 1, "num_citations_10y": 2, "publications_years": {"2014": 1}, "citations_years": {"2015": 1, "2016": 1}, "old_citations": {"2014": 2}, "isVisible": false}, "386975339": {"name": "shaun bangay", "type": "author", "activity": 23, "h_index": 7, "h5_index": 1, "mag_id": "386975339", "num_publications": 1, "num_citations": 0, "num_publications_5y": 1, "num_citations_5y": 0, "num_publications_10y": 1, "num_citations_10y": 0, "publications_years": {"2014": 1}, "citations_years": {}, "old_citations": {"2014": 0}, "isVisible": false}, "1270854274": {"name": "deborah i fels", "type": "author", "activity": 25, "h_index": 14, "h5_index": 2, "mag_id": "1270854274", "num_publications": 1, "num_citations": 8, "num_publications_5y": 1, "num_citations_5y": 6, "num_publications_10y": 1, "num_citations_10y": 6, "publications_years": {"2014": 1}, "citations_years": {"2015": 1, "2016": 3, "2017": 2, "2018": 0, "2019": 2}, "old_citations": {"2014": 8}, "isVisible": false}, "1917812210": {"name": "jacquelyne forgette", "type": "author", "activity": 5, "h_index": 2, "h5_index": 0, "mag_id": "1917812210", "num_publications": 1, "num_citations": 2, "num_publications_5y": 1, "num_citations_5y": 2, "num_publications_10y": 1, "num_citations_10y": 2, "publications_years": {"2014": 1}, "citations_years": {"2016": 1, "2017": 0, "2018": 1}, "old_citations": {"2014": 2}, "isVisible": false}, "1976539348": {"name": "sharon mayell", "type": "author", "activity": 2, "h_index": 1, "h5_index": 0, "mag_id": "1976539348", "num_publications": 1, "num_citations": 1, "num_publications_5y": 1, "num_citations_5y": 1, "num_publications_10y": 1, "num_citations_10y": 1, "publications_years": {"2014": 1}, "citations_years": {"2017": 1}, "old_citations": {"2014": 1}, "isVisible": false}, "1986850651": {"name": "nathan nossal", "type": "author", "activity": 3, "h_index": 1, "h5_index": 0, "mag_id": "1986850651", "num_publications": 1, "num_citations": 0, "num_publications_5y": 1, "num_citations_5y": 0, "num_publications_10y": 1, "num_citations_10y": 0, "publications_years": {"2014": 1}, "citations_years": {}, "old_citations": {"2014": 13}, "isVisible": false}, "1993167823": {"name": "katie seaborn", "type": "author", "activity": 6, "h_index": 3, "h5_index": 2, "mag_id": "1993167823", "num_publications": 1, "num_citations": 8, "num_publications_5y": 1, "num_citations_5y": 6, "num_publications_10y": 1, "num_citations_10y": 6, "publications_years": {"2014": 1}, "citations_years": {"2015": 1, "2016": 3, "2017": 2, "2018": 0, "2019": 2}, "old_citations": {"2014": 8}, "isVisible": false}, "2004071169": {"name": "seyed nima yasrebi", "type": "author", "activity": 1, "h_index": 2, "h5_index": 0, "mag_id": "2004071169", "num_publications": 1, "num_citations": 6, "num_publications_5y": 1, "num_citations_5y": 6, "num_publications_10y": 1, "num_citations_10y": 6, "publications_years": {"2014": 1}, "citations_years": {"2015": 2, "2016": 2, "2017": 0, "2018": 2}, "old_citations": {"2014": 6}, "isVisible": false}, "2020403912": {"name": "josephine anstey", "type": "author", "activity": 17, "h_index": 6, "h5_index": 0, "mag_id": "2020403912", "num_publications": 1, "num_citations": 0, "num_publications_5y": 1, "num_citations_5y": 0, "num_publications_10y": 1, "num_citations_10y": 0, "publications_years": {"2014": 1}, "citations_years": {}, "old_citations": {"2014": 0}, "isVisible": false}, "2042571382": {"name": "shimon whiteson", "type": "author", "activity": 18, "h_index": 33, "h5_index": 18, "mag_id": "2042571382", "num_publications": 1, "num_citations": 10, "num_publications_5y": 1, "num_citations_5y": 8, "num_publications_10y": 1, "num_citations_10y": 8, "publications_years": {"2014": 1}, "citations_years": {"2014": 2, "2015": 2, "2016": 0, "2017": 2, "2018": 2, "2019": 2}, "old_citations": {"2014": 10}, "isVisible": false}, "2045381524": {"name": "andreas floros", "type": "author", "activity": 21, "h_index": 8, "h5_index": 1, "mag_id": "2045381524", "num_publications": 1, "num_citations": 6, "num_publications_5y": 1, "num_citations_5y": 4, "num_publications_10y": 1, "num_citations_10y": 4, "publications_years": {"2014": 1}, "citations_years": {"2014": 1, "2015": 0, "2016": 0, "2017": 0, "2018": 3, "2019": 2}, "old_citations": {"2014": 6}, "isVisible": false}, "2054672469": {"name": "jennifer jenson", "type": "author", "activity": 14, "h_index": 8, "h5_index": 3, "mag_id": "2054672469", "num_publications": 1, "num_citations": 3, "num_publications_5y": 1, "num_citations_5y": 3, "num_publications_10y": 1, "num_citations_10y": 3, "publications_years": {"2014": 1}, "citations_years": {"2015": 1, "2016": 0, "2017": 2}, "old_citations": {"2014": 3}, "isVisible": false}, "2054938421": {"name": "saad khattak", "type": "author", "activity": 13, "h_index": 3, "h5_index": 0, "mag_id": "2054938421", "num_publications": 1, "num_citations": 16, "num_publications_5y": 1, "num_citations_5y": 13, "num_publications_10y": 1, "num_citations_10y": 13, "publications_years": {"2014": 1}, "citations_years": {"2015": 3, "2016": 3, "2017": 4, "2018": 3, "2019": 3}, "old_citations": {"2014": 16}, "isVisible": false}, "2071700171": {"name": "carl gutwin", "type": "author", "activity": 29, "h_index": 54, "h5_index": 10, "mag_id": "2071700171", "num_publications": 1, "num_citations": 5, "num_publications_5y": 1, "num_citations_5y": 5, "num_publications_10y": 1, "num_citations_10y": 5, "publications_years": {"2014": 1}, "citations_years": {"2015": 2, "2016": 3}, "old_citations": {"2014": 5}, "isVisible": false}, "2088500164": {"name": "michael katchabaw", "type": "author", "activity": 26, "h_index": 10, "h5_index": 0, "mag_id": "2088500164", "num_publications": 1, "num_citations": 2, "num_publications_5y": 1, "num_citations_5y": 2, "num_publications_10y": 1, "num_citations_10y": 2, "publications_years": {"2014": 1}, "citations_years": {"2016": 1, "2017": 0, "2018": 1}, "old_citations": {"2014": 2}, "isVisible": false}, "2099634042": {"name": "dave pape", "type": "author", "activity": 19, "h_index": 8, "h5_index": 0, "mag_id": "2099634042", "num_publications": 1, "num_citations": 0, "num_publications_5y": 1, "num_citations_5y": 0, "num_publications_10y": 1, "num_citations_10y": 0, "publications_years": {"2014": 1}, "citations_years": {}, "old_citations": {"2014": 0}, "isVisible": false}, "2101916234": {"name": "tony morelli", "type": "author", "activity": 15, "h_index": 6, "h5_index": 1, "mag_id": "2101916234", "num_publications": 1, "num_citations": 0, "num_publications_5y": 1, "num_citations_5y": 0, "num_publications_10y": 1, "num_citations_10y": 0, "publications_years": {"2014": 1}, "citations_years": {}, "old_citations": {"2014": 0}, "isVisible": false}, "2109055368": {"name": "anders drachen", "type": "author", "activity": 12, "h_index": 23, "h5_index": 8, "mag_id": "2109055368", "num_publications": 1, "num_citations": 44, "num_publications_5y": 1, "num_citations_5y": 27, "num_publications_10y": 1, "num_citations_10y": 27, "publications_years": {"2014": 1}, "citations_years": {"2015": 2, "2016": 9, "2017": 9, "2018": 7, "2019": 17}, "old_citations": {"2014": 44}, "isVisible": false}, "2112838069": {"name": "donghwa jeong", "type": "author", "activity": 7, "h_index": 3, "h5_index": 1, "mag_id": "2112838069", "num_publications": 1, "num_citations": 2, "num_publications_5y": 1, "num_citations_5y": 1, "num_publications_10y": 1, "num_citations_10y": 1, "publications_years": {"2014": 1}, "citations_years": {"2016": 1, "2017": 0, "2018": 0, "2019": 0, "2020": 1}, "old_citations": {"2014": 2}, "isVisible": false}, "2114441865": {"name": "brent cowan", "type": "author", "activity": 10, "h_index": 7, "h5_index": 1, "mag_id": "2114441865", "num_publications": 1, "num_citations": 16, "num_publications_5y": 1, "num_citations_5y": 13, "num_publications_10y": 1, "num_citations_10y": 13, "publications_years": {"2014": 1}, "citations_years": {"2015": 3, "2016": 3, "2017": 4, "2018": 3, "2019": 3}, "old_citations": {"2014": 16}, "isVisible": false}, "2116319487": {"name": "mark hancock", "type": "author", "activity": 17, "h_index": 19, "h5_index": 4, "mag_id": "2116319487", "num_publications": 1, "num_citations": 5, "num_publications_5y": 1, "num_citations_5y": 5, "num_publications_10y": 1, "num_citations_10y": 5, "publications_years": {"2014": 1}, "citations_years": {"2014": 1, "2015": 1, "2016": 1, "2017": 2}, "old_citations": {"2014": 5}, "isVisible": false}, "2119169986": {"name": "kiju lee", "type": "author", "activity": 14, "h_index": 7, "h5_index": 1, "mag_id": "2119169986", "num_publications": 1, "num_citations": 2, "num_publications_5y": 1, "num_citations_5y": 1, "num_publications_10y": 1, "num_citations_10y": 1, "publications_years": {"2014": 1}, "citations_years": {"2016": 1, "2017": 0, "2018": 0, "2019": 0, "2020": 1}, "old_citations": {"2014": 2}, "isVisible": false}, "2135026795": {"name": "jo salmon", "type": "author", "activity": 1, "h_index": 1, "h5_index": 0, "mag_id": "2135026795", "num_publications": 1, "num_citations": 0, "num_publications_5y": 1, "num_citations_5y": 0, "num_publications_10y": 1, "num_citations_10y": 0, "publications_years": {"2014": 1}, "citations_years": {}, "old_citations": {"2014": 0}, "isVisible": false}, "2136458397": {"name": "ali arya", "type": "author", "activity": 23, "h_index": 11, "h5_index": 5, "mag_id": "2136458397", "num_publications": 1, "num_citations": 1, "num_publications_5y": 1, "num_citations_5y": 1, "num_publications_10y": 1, "num_citations_10y": 1, "publications_years": {"2014": 1}, "citations_years": {"2017": 1}, "old_citations": {"2014": 1}, "isVisible": false}, "2139846034": {"name": "matthias schubert", "type": "author", "activity": 21, "h_index": 19, "h5_index": 2, "mag_id": "2139846034", "num_publications": 1, "num_citations": 44, "num_publications_5y": 1, "num_citations_5y": 27, "num_publications_10y": 1, "num_citations_10y": 27, "publications_years": {"2014": 1}, "citations_years": {"2015": 2, "2016": 9, "2017": 9, "2018": 7, "2019": 17}, "old_citations": {"2014": 44}, "isVisible": false}, "2149170344": {"name": "kokolo ikeda", "type": "author", "activity": 20, "h_index": 8, "h5_index": 2, "mag_id": "2149170344", "num_publications": 1, "num_citations": 0, "num_publications_5y": 1, "num_citations_5y": 0, "num_publications_10y": 1, "num_citations_10y": 0, "publications_years": {"2014": 1}, "citations_years": {}, "old_citations": {"2014": 0}, "isVisible": false}, "2149863565": {"name": "john brennan", "type": "author", "activity": 1, "h_index": 1, "h5_index": 0, "mag_id": "2149863565", "num_publications": 1, "num_citations": 3, "num_publications_5y": 1, "num_citations_5y": 3, "num_publications_10y": 1, "num_citations_10y": 3, "publications_years": {"2014": 1}, "citations_years": {"2015": 1, "2016": 0, "2017": 2}, "old_citations": {"2014": 3}, "isVisible": false}, "2150093758": {"name": "lisa m barnett", "type": "author", "activity": 3, "h_index": 2, "h5_index": 0, "mag_id": "2150093758", "num_publications": 1, "num_citations": 0, "num_publications_5y": 1, "num_citations_5y": 0, "num_publications_10y": 1, "num_citations_10y": 0, "publications_years": {"2014": 1}, "citations_years": {}, "old_citations": {"2014": 0}, "isVisible": false}, "2153758370": {"name": "sophie mckenzie", "type": "author", "activity": 6, "h_index": 2, "h5_index": 1, "mag_id": "2153758370", "num_publications": 1, "num_citations": 0, "num_publications_5y": 1, "num_citations_5y": 0, "num_publications_10y": 1, "num_citations_10y": 0, "publications_years": {"2014": 1}, "citations_years": {}, "old_citations": {"2014": 0}, "isVisible": false}, "2154937384": {"name": "elizabeth whitaker", "type": "author", "activity": 17, "h_index": 5, "h5_index": 1, "mag_id": "2154937384", "num_publications": 1, "num_citations": 1, "num_publications_5y": 1, "num_citations_5y": 1, "num_publications_10y": 1, "num_citations_10y": 1, "publications_years": {"2014": 1}, "citations_years": {"2017": 1}, "old_citations": {"2014": 1}, "isVisible": false}, "2162845326": {"name": "miguel vargas martin", "type": "author", "activity": 23, "h_index": 11, "h5_index": 4, "mag_id": "2162845326", "num_publications": 1, "num_citations": 0, "num_publications_5y": 1, "num_citations_5y": 0, "num_publications_10y": 1, "num_citations_10y": 0, "publications_years": {"2014": 1}, "citations_years": {}, "old_citations": {"2014": 0}, "isVisible": false}, "2169304616": {"name": "tobias mahlmann", "type": "author", "activity": 12, "h_index": 10, "h5_index": 2, "mag_id": "2169304616", "num_publications": 1, "num_citations": 44, "num_publications_5y": 1, "num_citations_5y": 27, "num_publications_10y": 1, "num_citations_10y": 27, "publications_years": {"2014": 1}, "citations_years": {"2015": 2, "2016": 9, "2017": 9, "2018": 7, "2019": 17}, "old_citations": {"2014": 44}, "isVisible": false}, "2222403722": {"name": "natalie higueraburgos", "type": "author", "activity": 1, "h_index": 1, "h5_index": 0, "mag_id": "2222403722", "num_publications": 1, "num_citations": 2, "num_publications_5y": 1, "num_citations_5y": 2, "num_publications_10y": 1, "num_citations_10y": 2, "publications_years": {"2014": 1}, "citations_years": {"2015": 1, "2016": 1}, "old_citations": {"2014": 2}, "isVisible": false}, "2222705630": {"name": "nikolas grigoriou", "type": "author", "activity": 5, "h_index": 1, "h5_index": 0, "mag_id": "2222705630", "num_publications": 1, "num_citations": 6, "num_publications_5y": 1, "num_citations_5y": 4, "num_publications_10y": 1, "num_citations_10y": 4, "publications_years": {"2014": 1}, "citations_years": {"2014": 1, "2015": 0, "2016": 0, "2017": 0, "2018": 3, "2019": 2}, "old_citations": {"2014": 6}, "isVisible": false}, "2222777856": {"name": "monika bramar", "type": "author", "activity": 1, "h_index": 0, "h5_index": 0, "mag_id": "2222777856", "num_publications": 1, "num_citations": 0, "num_publications_5y": 1, "num_citations_5y": 0, "num_publications_10y": 1, "num_citations_10y": 0, "publications_years": {"2014": 1}, "citations_years": {}, "old_citations": {"2014": 0}, "isVisible": false}, "2222965461": {"name": "manivanna thevathasan", "type": "author", "activity": 2, "h_index": 1, "h5_index": 0, "mag_id": "2222965461", "num_publications": 1, "num_citations": 1, "num_publications_5y": 1, "num_citations_5y": 1, "num_publications_10y": 1, "num_citations_10y": 1, "publications_years": {"2014": 1}, "citations_years": {"2015": 1}, "old_citations": {"2014": 1}, "isVisible": false}, "2223035087": {"name": "margaree peacocke", "type": "author", "activity": 5, "h_index": 1, "h5_index": 1, "mag_id": "2223035087", "num_publications": 1, "num_citations": 0, "num_publications_5y": 1, "num_citations_5y": 0, "num_publications_10y": 1, "num_citations_10y": 0, "publications_years": {"2014": 1}, "citations_years": {}, "old_citations": {"2014": 0}, "isVisible": false}, "2223049841": {"name": "branden shroeder", "type": "author", "activity": 1, "h_index": 1, "h5_index": 0, "mag_id": "2223049841", "num_publications": 1, "num_citations": 3, "num_publications_5y": 1, "num_citations_5y": 3, "num_publications_10y": 1, "num_citations_10y": 3, "publications_years": {"2014": 1}, "citations_years": {"2015": 1, "2016": 0, "2017": 2}, "old_citations": {"2014": 3}, "isVisible": false}, "2223119786": {"name": "monica zaczynski", "type": "author", "activity": 1, "h_index": 1, "h5_index": 0, "mag_id": "2223119786", "num_publications": 1, "num_citations": 0, "num_publications_5y": 1, "num_citations_5y": 0, "num_publications_10y": 1, "num_citations_10y": 0, "publications_years": {"2014": 1}, "citations_years": {}, "old_citations": {"2014": 0}, "isVisible": false}, "2223849649": {"name": "iris yuhui wang", "type": "author", "activity": 1, "h_index": 1, "h5_index": 0, "mag_id": "2223849649", "num_publications": 1, "num_citations": 44, "num_publications_5y": 1, "num_citations_5y": 27, "num_publications_10y": 1, "num_citations_10y": 27, "publications_years": {"2014": 1}, "citations_years": {"2015": 2, "2016": 9, "2017": 9, "2018": 7, "2019": 17}, "old_citations": {"2014": 44}, "isVisible": false}, "2224715598": {"name": "lucas lupinski", "type": "author", "activity": 1, "h_index": 0, "h5_index": 0, "mag_id": "2224715598", "num_publications": 1, "num_citations": 0, "num_publications_5y": 1, "num_citations_5y": 0, "num_publications_10y": 1, "num_citations_10y": 0, "publications_years": {"2014": 1}, "citations_years": {}, "old_citations": {"2014": 0}, "isVisible": false}, "2225223105": {"name": "diego klabajan", "type": "author", "activity": 1, "h_index": 1, "h5_index": 0, "mag_id": "2225223105", "num_publications": 1, "num_citations": 44, "num_publications_5y": 1, "num_citations_5y": 27, "num_publications_10y": 1, "num_citations_10y": 27, "publications_years": {"2014": 1}, "citations_years": {"2015": 2, "2016": 9, "2017": 9, "2018": 7, "2019": 17}, "old_citations": {"2014": 44}, "isVisible": false}, "2225506661": {"name": "alvaro uribequevedoy", "type": "author", "activity": 1, "h_index": 1, "h5_index": 0, "mag_id": "2225506661", "num_publications": 1, "num_citations": 1, "num_publications_5y": 1, "num_citations_5y": 0, "num_publications_10y": 1, "num_citations_10y": 0, "publications_years": {"2014": 1}, "citations_years": {"2019": 1}, "old_citations": {"2014": 1}, "isVisible": false}, "2225524996": {"name": "justin cuaresma", "type": "author", "activity": 4, "h_index": 2, "h5_index": 1, "mag_id": "2225524996", "num_publications": 1, "num_citations": 10, "num_publications_5y": 1, "num_citations_5y": 9, "num_publications_10y": 1, "num_citations_10y": 9, "publications_years": {"2014": 1}, "citations_years": {"2016": 2, "2017": 4, "2018": 3, "2019": 1}, "old_citations": {"2014": 10}, "isVisible": false}, "2225801526": {"name": "david f arppe", "type": "author", "activity": 6, "h_index": 0, "h5_index": 0, "mag_id": "2225801526", "num_publications": 1, "num_citations": 0, "num_publications_5y": 1, "num_citations_5y": 0, "num_publications_10y": 1, "num_citations_10y": 0, "publications_years": {"2014": 1}, "citations_years": {}, "old_citations": {"2014": 0}, "isVisible": false}, "2225895460": {"name": "hisamitsu nomura", "type": "author", "activity": 0, "h_index": 0, "h5_index": 0, "mag_id": "2225895460", "num_publications": 1, "num_citations": 0, "num_publications_5y": 1, "num_citations_5y": 0, "num_publications_10y": 1, "num_citations_10y": 0, "publications_years": {"2014": 1}, "citations_years": {}, "old_citations": {"2014": 0}, "isVisible": false}, "2226380201": {"name": "harrison andrews", "type": "author", "activity": 1, "h_index": 0, "h5_index": 0, "mag_id": "2226380201", "num_publications": 1, "num_citations": 0, "num_publications_5y": 1, "num_citations_5y": 0, "num_publications_10y": 1, "num_citations_10y": 0, "publications_years": {"2014": 1}, "citations_years": {}, "old_citations": {"2014": 0}, "isVisible": false}, "2226584730": {"name": "sila temsiririrkkul", "type": "author", "activity": 3, "h_index": 2, "h5_index": 1, "mag_id": "2226584730", "num_publications": 1, "num_citations": 0, "num_publications_5y": 1, "num_citations_5y": 0, "num_publications_10y": 1, "num_citations_10y": 0, "publications_years": {"2014": 1}, "citations_years": {}, "old_citations": {"2014": 0}, "isVisible": false}, "2226781920": {"name": "catalina i constantin", "type": "author", "activity": 1, "h_index": 1, "h5_index": 0, "mag_id": "2226781920", "num_publications": 1, "num_citations": 5, "num_publications_5y": 1, "num_citations_5y": 4, "num_publications_10y": 1, "num_citations_10y": 5, "publications_years": {"2014": 1}, "citations_years": {"2013": 1, "2014": 0, "2015": 0, "2016": 0, "2017": 1, "2018": 3}, "old_citations": {"2014": 5}, "isVisible": false}, "2227325208": {"name": "robin langerait", "type": "author", "activity": 1, "h_index": 0, "h5_index": 0, "mag_id": "2227325208", "num_publications": 1, "num_citations": 0, "num_publications_5y": 1, "num_citations_5y": 0, "num_publications_10y": 1, "num_citations_10y": 0, "publications_years": {"2014": 1}, "citations_years": {}, "old_citations": {"2014": 0}, "isVisible": false}, "2227608980": {"name": "taleri hammack", "type": "author", "activity": 4, "h_index": 1, "h5_index": 0, "mag_id": "2227608980", "num_publications": 1, "num_citations": 1, "num_publications_5y": 1, "num_citations_5y": 1, "num_publications_10y": 1, "num_citations_10y": 1, "publications_years": {"2014": 1}, "citations_years": {"2017": 1}, "old_citations": {"2014": 1}, "isVisible": false}, "2227997268": {"name": "brandon drenikow", "type": "author", "activity": 4, "h_index": 1, "h5_index": 1, "mag_id": "2227997268", "num_publications": 1, "num_citations": 0, "num_publications_5y": 1, "num_citations_5y": 0, "num_publications_10y": 1, "num_citations_10y": 0, "publications_years": {"2014": 1}, "citations_years": {}, "old_citations": {"2014": 0}, "isVisible": false}, "2228060733": {"name": "gabriel aversano", "type": "author", "activity": 1, "h_index": 0, "h5_index": 0, "mag_id": "2228060733", "num_publications": 1, "num_citations": 0, "num_publications_5y": 1, "num_citations_5y": 0, "num_publications_10y": 1, "num_citations_10y": 0, "publications_years": {"2014": 1}, "citations_years": {}, "old_citations": {"2014": 0}, "isVisible": false}, "2228067837": {"name": "cristian gomezurbano", "type": "author", "activity": 1, "h_index": 1, "h5_index": 0, "mag_id": "2228067837", "num_publications": 1, "num_citations": 1, "num_publications_5y": 1, "num_citations_5y": 0, "num_publications_10y": 1, "num_citations_10y": 0, "publications_years": {"2014": 1}, "citations_years": {"2019": 1}, "old_citations": {"2014": 1}, "isVisible": false}, "2229022368": {"name": "jamal k edey", "type": "author", "activity": 1, "h_index": 1, "h5_index": 0, "mag_id": "2229022368", "num_publications": 1, "num_citations": 8, "num_publications_5y": 1, "num_citations_5y": 6, "num_publications_10y": 1, "num_citations_10y": 6, "publications_years": {"2014": 1}, "citations_years": {"2015": 1, "2016": 3, "2017": 2, "2018": 0, "2019": 2}, "old_citations": {"2014": 8}, "isVisible": false}, "2229135161": {"name": "rodrigo vicenciomoreira", "type": "author", "activity": 3, "h_index": 5, "h5_index": 2, "mag_id": "2229135161", "num_publications": 1, "num_citations": 5, "num_publications_5y": 1, "num_citations_5y": 5, "num_publications_10y": 1, "num_citations_10y": 5, "publications_years": {"2014": 1}, "citations_years": {"2015": 2, "2016": 3}, "old_citations": {"2014": 5}, "isVisible": false}, "2229140115": {"name": "rebecca langer", "type": "author", "activity": 1, "h_index": 1, "h5_index": 0, "mag_id": "2229140115", "num_publications": 1, "num_citations": 5, "num_publications_5y": 1, "num_citations_5y": 5, "num_publications_10y": 1, "num_citations_10y": 5, "publications_years": {"2014": 1}, "citations_years": {"2014": 1, "2015": 1, "2016": 1, "2017": 2}, "old_citations": {"2014": 5}, "isVisible": false}, "2229143764": {"name": "emmanouel rovithis", "type": "author", "activity": 8, "h_index": 2, "h5_index": 0, "mag_id": "2229143764", "num_publications": 1, "num_citations": 6, "num_publications_5y": 1, "num_citations_5y": 4, "num_publications_10y": 1, "num_citations_10y": 4, "publications_years": {"2014": 1}, "citations_years": {"2014": 1, "2015": 0, "2016": 0, "2017": 0, "2018": 3, "2019": 2}, "old_citations": {"2014": 6}, "isVisible": false}, "2229202848": {"name": "dennis l arsenault", "type": "author", "activity": 3, "h_index": 3, "h5_index": 1, "mag_id": "2229202848", "num_publications": 1, "num_citations": 4, "num_publications_5y": 1, "num_citations_5y": 3, "num_publications_10y": 1, "num_citations_10y": 3, "publications_years": {"2014": 1}, "citations_years": {"2015": 1, "2016": 0, "2017": 1, "2018": 1, "2019": 1}, "old_citations": {"2014": 4}, "isVisible": false}, "2229266451": {"name": "eva anderson", "type": "author", "activity": 1, "h_index": 1, "h5_index": 0, "mag_id": "2229266451", "num_publications": 1, "num_citations": 3, "num_publications_5y": 1, "num_citations_5y": 3, "num_publications_10y": 1, "num_citations_10y": 3, "publications_years": {"2014": 1}, "citations_years": {"2014": 1, "2015": 0, "2016": 2}, "old_citations": {"2014": 3}, "isVisible": false}, "2229355671": {"name": "victor cho", "type": "author", "activity": 1, "h_index": 0, "h5_index": 0, "mag_id": "2229355671", "num_publications": 1, "num_citations": 0, "num_publications_5y": 1, "num_citations_5y": 0, "num_publications_10y": 1, "num_citations_10y": 0, "publications_years": {"2014": 1}, "citations_years": {}, "old_citations": {"2014": 0}, "isVisible": false}, "2229482985": {"name": "philip trevino", "type": "author", "activity": 5, "h_index": 2, "h5_index": 0, "mag_id": "2229482985", "num_publications": 1, "num_citations": 2, "num_publications_5y": 1, "num_citations_5y": 2, "num_publications_10y": 1, "num_citations_10y": 2, "publications_years": {"2014": 1}, "citations_years": {"2016": 1, "2017": 1}, "old_citations": {"2014": 2}, "isVisible": false}, "2229574674": {"name": "arjun subramanian", "type": "author", "activity": 1, "h_index": 1, "h5_index": 0, "mag_id": "2229574674", "num_publications": 1, "num_citations": 6, "num_publications_5y": 1, "num_citations_5y": 6, "num_publications_10y": 1, "num_citations_10y": 6, "publications_years": {"2014": 1}, "citations_years": {"2015": 2, "2016": 2, "2017": 0, "2018": 2}, "old_citations": {"2014": 6}, "isVisible": false}, "2229782621": {"name": "gloria berry", "type": "author", "activity": 1, "h_index": 1, "h5_index": 0, "mag_id": "2229782621", "num_publications": 1, "num_citations": 1, "num_publications_5y": 1, "num_citations_5y": 1, "num_publications_10y": 1, "num_citations_10y": 1, "publications_years": {"2014": 1}, "citations_years": {"2017": 1}, "old_citations": {"2014": 1}, "isVisible": false}, "2230403249": {"name": "adrian togeskov", "type": "author", "activity": 1, "h_index": 0, "h5_index": 0, "mag_id": "2230403249", "num_publications": 1, "num_citations": 0, "num_publications_5y": 1, "num_citations_5y": 0, "num_publications_10y": 1, "num_citations_10y": 0, "publications_years": {"2014": 1}, "citations_years": {}, "old_citations": {"2014": 0}, "isVisible": false}, "2230573662": {"name": "brianne eby", "type": "author", "activity": 1, "h_index": 1, "h5_index": 0, "mag_id": "2230573662", "num_publications": 1, "num_citations": 1, "num_publications_5y": 1, "num_citations_5y": 1, "num_publications_10y": 1, "num_citations_10y": 1, "publications_years": {"2014": 1}, "citations_years": {"2017": 1}, "old_citations": {"2014": 1}, "isVisible": false}, "2231078803": {"name": "randal staewen", "type": "author", "activity": 1, "h_index": 1, "h5_index": 0, "mag_id": "2231078803", "num_publications": 1, "num_citations": 2, "num_publications_5y": 1, "num_citations_5y": 2, "num_publications_10y": 1, "num_citations_10y": 2, "publications_years": {"2014": 1}, "citations_years": {"2016": 1, "2017": 1}, "old_citations": {"2014": 2}, "isVisible": false}, "2231332377": {"name": "lucas lemaster", "type": "author", "activity": 1, "h_index": 1, "h5_index": 0, "mag_id": "2231332377", "num_publications": 1, "num_citations": 1, "num_publications_5y": 1, "num_citations_5y": 1, "num_publications_10y": 1, "num_citations_10y": 1, "publications_years": {"2014": 1}, "citations_years": {"2017": 1}, "old_citations": {"2014": 1}, "isVisible": false}, "2231348244": {"name": "brandon perleman", "type": "author", "activity": 1, "h_index": 1, "h5_index": 0, "mag_id": "2231348244", "num_publications": 1, "num_citations": 1, "num_publications_5y": 1, "num_citations_5y": 1, "num_publications_10y": 1, "num_citations_10y": 1, "publications_years": {"2014": 1}, "citations_years": {"2017": 1}, "old_citations": {"2014": 1}, "isVisible": false}, "2231959334": {"name": "nichole dzekalozano", "type": "author", "activity": 1, "h_index": 1, "h5_index": 0, "mag_id": "2231959334", "num_publications": 1, "num_citations": 2, "num_publications_5y": 1, "num_citations_5y": 2, "num_publications_10y": 1, "num_citations_10y": 2, "publications_years": {"2014": 1}, "citations_years": {"2015": 1, "2016": 1}, "old_citations": {"2014": 2}, "isVisible": false}, "2231974675": {"name": "santiago bedoyarodriguez", "type": "author", "activity": 1, "h_index": 1, "h5_index": 0, "mag_id": "2231974675", "num_publications": 1, "num_citations": 1, "num_publications_5y": 1, "num_citations_5y": 0, "num_publications_10y": 1, "num_citations_10y": 0, "publications_years": {"2014": 1}, "citations_years": {"2019": 1}, "old_citations": {"2014": 1}, "isVisible": false}, "2232004541": {"name": "michael kunanec", "type": "author", "activity": 1, "h_index": 1, "h5_index": 0, "mag_id": "2232004541", "num_publications": 1, "num_citations": 3, "num_publications_5y": 1, "num_citations_5y": 3, "num_publications_10y": 1, "num_citations_10y": 3, "publications_years": {"2014": 1}, "citations_years": {"2015": 1, "2016": 0, "2017": 2}, "old_citations": {"2014": 3}, "isVisible": false}, "2232164717": {"name": "chang yun", "type": "author", "activity": 10, "h_index": 4, "h5_index": 1, "mag_id": "2232164717", "num_publications": 1, "num_citations": 2, "num_publications_5y": 1, "num_citations_5y": 2, "num_publications_10y": 1, "num_citations_10y": 2, "publications_years": {"2014": 1}, "citations_years": {"2016": 1, "2017": 1}, "old_citations": {"2014": 2}, "isVisible": false}, "2427806979": {"name": "derrek chu", "type": "author", "activity": 1, "h_index": 1, "h5_index": 0, "mag_id": "2427806979", "num_publications": 1, "num_citations": 44, "num_publications_5y": 1, "num_citations_5y": 27, "num_publications_10y": 1, "num_citations_10y": 27, "publications_years": {"2014": 1}, "citations_years": {"2015": 2, "2016": 9, "2017": 9, "2018": 7, "2019": 17}, "old_citations": {"2014": 44}, "isVisible": false}, "2437650597": {"name": "john maguire", "type": "author", "activity": 1, "h_index": 1, "h5_index": 0, "mag_id": "2437650597", "num_publications": 1, "num_citations": 44, "num_publications_5y": 1, "num_citations_5y": 27, "num_publications_10y": 1, "num_citations_10y": 27, "publications_years": {"2014": 1}, "citations_years": {"2015": 2, "2016": 9, "2017": 9, "2018": 7, "2019": 17}, "old_citations": {"2014": 44}, "isVisible": false}, "2657811538": {"name": "matthew yancey", "type": "author", "activity": 1, "h_index": 1, "h5_index": 0, "mag_id": "2657811538", "num_publications": 1, "num_citations": 44, "num_publications_5y": 1, "num_citations_5y": 27, "num_publications_10y": 1, "num_citations_10y": 27, "publications_years": {"2014": 1}, "citations_years": {"2015": 2, "2016": 9, "2017": 9, "2018": 7, "2019": 17}, "old_citations": {"2014": 44}, "isVisible": false}, "2276761737": {"name": "iuliia chepurna", "type": "author", "activity": 6, "h_index": 2, "h5_index": 1, "mag_id": "2276761737", "num_publications": 1, "num_citations": 16, "num_publications_5y": 1, "num_citations_5y": 13, "num_publications_10y": 1, "num_citations_10y": 13, "publications_years": {"2014": 1}, "citations_years": {"2015": 3, "2016": 3, "2017": 4, "2018": 3, "2019": 3}, "old_citations": {"2014": 16}, "isVisible": false}, "2303136208": {"name": "hiroyuki iida", "type": "author", "activity": 28, "h_index": 11, "h5_index": 4, "mag_id": "2303136208", "num_publications": 1, "num_citations": 0, "num_publications_5y": 1, "num_citations_5y": 0, "num_publications_10y": 1, "num_citations_10y": 0, "publications_years": {"2014": 1}, "citations_years": {}, "old_citations": {"2014": 13}, "isVisible": false}, "2240172166": {"name": "efstathios charitos", "type": "author", "activity": 1, "h_index": 1, "h5_index": 0, "mag_id": "2240172166", "num_publications": 1, "num_citations": 10, "num_publications_5y": 1, "num_citations_5y": 8, "num_publications_10y": 1, "num_citations_10y": 8, "publications_years": {"2014": 1}, "citations_years": {"2014": 2, "2015": 2, "2016": 0, "2017": 2, "2018": 2, "2019": 2}, "old_citations": {"2014": 10}, "isVisible": false}, "2241701397": {"name": "arjen swellengrebel", "type": "author", "activity": 1, "h_index": 1, "h5_index": 0, "mag_id": "2241701397", "num_publications": 1, "num_citations": 10, "num_publications_5y": 1, "num_citations_5y": 8, "num_publications_10y": 1, "num_citations_10y": 8, "publications_years": {"2014": 1}, "citations_years": {"2014": 2, "2015": 2, "2016": 0, "2017": 2, "2018": 2, "2019": 2}, "old_citations": {"2014": 10}, "isVisible": false}, "2245750802": {"name": "george viorel visniuc", "type": "author", "activity": 1, "h_index": 1, "h5_index": 0, "mag_id": "2245750802", "num_publications": 1, "num_citations": 10, "num_publications_5y": 1, "num_citations_5y": 8, "num_publications_10y": 1, "num_citations_10y": 8, "publications_years": {"2014": 1}, "citations_years": {"2014": 2, "2015": 2, "2016": 0, "2017": 2, "2018": 2, "2019": 2}, "old_citations": {"2014": 10}, "isVisible": false}, "2246191801": {"name": "norbert heijne", "type": "author", "activity": 4, "h_index": 2, "h5_index": 1, "mag_id": "2246191801", "num_publications": 1, "num_citations": 10, "num_publications_5y": 1, "num_citations_5y": 8, "num_publications_10y": 1, "num_citations_10y": 8, "publications_years": {"2014": 1}, "citations_years": {"2014": 2, "2015": 2, "2016": 0, "2017": 2, "2018": 2, "2019": 2}, "old_citations": {"2014": 10}, "isVisible": false}, "2304245990": {"name": "guangliang li", "type": "author", "activity": 8, "h_index": 5, "h5_index": 3, "mag_id": "2304245990", "num_publications": 1, "num_citations": 10, "num_publications_5y": 1, "num_citations_5y": 8, "num_publications_10y": 1, "num_citations_10y": 8, "publications_years": {"2014": 1}, "citations_years": {"2014": 2, "2015": 2, "2016": 0, "2017": 2, "2018": 2, "2019": 2}, "old_citations": {"2014": 10}, "isVisible": false}, "2796952213": {"name": "carmen branje", "type": "author", "activity": 1, "h_index": 2, "h5_index": 0, "mag_id": "2796952213", "num_publications": 1, "num_citations": 8, "num_publications_5y": 1, "num_citations_5y": 6, "num_publications_10y": 1, "num_citations_10y": 6, "publications_years": {"2014": 1}, "citations_years": {"2015": 1, "2016": 3, "2017": 2, "2018": 0, "2019": 2}, "old_citations": {"2014": 8}, "isVisible": false}, "2946493570": {"name": "avishek joey bose", "type": "author", "activity": 6, "h_index": 5, "h5_index": 4, "mag_id": "2946493570", "num_publications": 1, "num_citations": 6, "num_publications_5y": 1, "num_citations_5y": 6, "num_publications_10y": 1, "num_citations_10y": 6, "publications_years": {"2014": 1}, "citations_years": {"2015": 2, "2016": 2, "2017": 0, "2018": 2}, "old_citations": {"2014": 6}, "isVisible": false}, "2294044511": {"name": "stacey d scott", "type": "author", "activity": 21, "h_index": 24, "h5_index": 3, "mag_id": "2294044511", "num_publications": 1, "num_citations": 5, "num_publications_5y": 1, "num_citations_5y": 5, "num_publications_10y": 1, "num_citations_10y": 5, "publications_years": {"2014": 1}, "citations_years": {"2014": 1, "2015": 1, "2016": 1, "2017": 2}, "old_citations": {"2014": 5}, "isVisible": false}, "2236814024": {"name": "omar sadoon", "type": "author", "activity": 1, "h_index": 1, "h5_index": 0, "mag_id": "2236814024", "num_publications": 1, "num_citations": 3, "num_publications_5y": 1, "num_citations_5y": 3, "num_publications_10y": 1, "num_citations_10y": 3, "publications_years": {"2014": 1}, "citations_years": {"2015": 1, "2016": 0, "2017": 2}, "old_citations": {"2014": 3}, "isVisible": false}, "2461481440": {"name": "brad kroese", "type": "author", "activity": 2, "h_index": 2, "h5_index": 0, "mag_id": "2461481440", "num_publications": 1, "num_citations": 3, "num_publications_5y": 1, "num_citations_5y": 3, "num_publications_10y": 1, "num_citations_10y": 3, "publications_years": {"2014": 1}, "citations_years": {"2015": 1, "2016": 0, "2017": 2}, "old_citations": {"2014": 3}, "isVisible": false}, "2479604080": {"name": "ed leach", "type": "author", "activity": 1, "h_index": 1, "h5_index": 0, "mag_id": "2479604080", "num_publications": 1, "num_citations": 3, "num_publications_5y": 1, "num_citations_5y": 3, "num_publications_10y": 1, "num_citations_10y": 3, "publications_years": {"2014": 1}, "citations_years": {"2015": 1, "2016": 0, "2017": 2}, "old_citations": {"2014": 3}, "isVisible": false}, "2656605865": {"name": "oliver pollard", "type": "author", "activity": 1, "h_index": 1, "h5_index": 0, "mag_id": "2656605865", "num_publications": 1, "num_citations": 3, "num_publications_5y": 1, "num_citations_5y": 3, "num_publications_10y": 1, "num_citations_10y": 3, "publications_years": {"2014": 1}, "citations_years": {"2015": 1, "2016": 0, "2017": 2}, "old_citations": {"2014": 3}, "isVisible": false}, "2700494170": {"name": "martin labrecque", "type": "author", "activity": 1, "h_index": 1, "h5_index": 0, "mag_id": "2700494170", "num_publications": 1, "num_citations": 2, "num_publications_5y": 1, "num_citations_5y": 2, "num_publications_10y": 1, "num_citations_10y": 2, "publications_years": {"2014": 1}, "citations_years": {"2018": 2}, "old_citations": {"2014": 2}, "isVisible": false}, "2232526003": {"name": "james schmalz", "type": "author", "activity": 1, "h_index": 1, "h5_index": 0, "mag_id": "2232526003", "num_publications": 1, "num_citations": 1, "num_publications_5y": 1, "num_citations_5y": 1, "num_publications_10y": 1, "num_citations_10y": 1, "publications_years": {"2014": 1}, "citations_years": {"2015": 1}, "old_citations": {"2014": 1}, "isVisible": false}, "2309879792": {"name": "james leonard", "type": "author", "activity": 2, "h_index": 2, "h5_index": 0, "mag_id": "2309879792", "num_publications": 1, "num_citations": 1, "num_publications_5y": 1, "num_citations_5y": 1, "num_publications_10y": 1, "num_citations_10y": 1, "publications_years": {"2014": 1}, "citations_years": {"2017": 1}, "old_citations": {"2014": 1}, "isVisible": false}, "2421685062": {"name": "richard catrambone", "type": "author", "activity": 1, "h_index": 1, "h5_index": 0, "mag_id": "2421685062", "num_publications": 1, "num_citations": 1, "num_publications_5y": 1, "num_citations_5y": 1, "num_publications_10y": 1, "num_citations_10y": 1, "publications_years": {"2014": 1}, "citations_years": {"2017": 1}, "old_citations": {"2014": 1}, "isVisible": false}, "2529191808": {"name": "alex rietveld", "type": "author", "activity": 1, "h_index": 1, "h5_index": 0, "mag_id": "2529191808", "num_publications": 1, "num_citations": 1, "num_publications_5y": 1, "num_citations_5y": 1, "num_publications_10y": 1, "num_citations_10y": 1, "publications_years": {"2014": 1}, "citations_years": {"2018": 1}, "old_citations": {"2014": 1}, "isVisible": false}}, "countries": {"Canada": {"name": "Canada", "type": "country", "h5_index": 128, "num_publications": 22, "num_citations": 84, "num_publications_5y": 22, "num_citations_5y": 75, "num_publications_10y": 22, "num_citations_10y": 76, "publications_years": {"2014": 22}, "citations_years": {"2014": 3, "2015": 15, "2016": 19, "2017": 21, "2018": 17, "2019": 8, "2013": 1}, "old_citations": {"2014": 84}, "isVisible": false}, "United States": {"name": "United States", "type": "country", "h5_index": 308, "num_publications": 9, "num_citations": 49, "num_publications_5y": 9, "num_citations_5y": 31, "num_publications_10y": 9, "num_citations_10y": 31, "publications_years": {"2014": 9}, "citations_years": {"2015": 2, "2016": 11, "2017": 11, "2018": 7, "2019": 17, "2020": 1}, "old_citations": {"2014": 49}, "isVisible": false}, "Netherlands": {"name": "Netherlands", "type": "country", "h5_index": 91, "num_publications": 2, "num_citations": 11, "num_publications_5y": 2, "num_citations_5y": 9, "num_publications_10y": 2, "num_citations_10y": 9, "publications_years": {"2014": 2}, "citations_years": {"2014": 2, "2015": 2, "2016": 0, "2017": 2, "2018": 3, "2019": 2}, "old_citations": {"2014": 11}, "isVisible": false}, "Sweden": {"name": "Sweden", "type": "country", "h5_index": 82, "num_publications": 2, "num_citations": 1, "num_publications_5y": 2, "num_citations_5y": 1, "num_publications_10y": 2, "num_citations_10y": 1, "publications_years": {"2014": 2}, "citations_years": {"2017": 1}, "old_citations": {"2014": 1}, "isVisible": false}, "Australia": {"name": "Australia", "type": "country", "h5_index": 141, "num_publications": 1, "num_citations": 0, "num_publications_5y": 1, "num_citations_5y": 0, "num_publications_10y": 1, "num_citations_10y": 0, "publications_years": {"2014": 1}, "citations_years": {}, "old_citations": {"2014": 0}, "isVisible": false}, "Denmark": {"name": "Denmark", "type": "country", "h5_index": 65, "num_publications": 1, "num_citations": 44, "num_publications_5y": 1, "num_citations_5y": 27, "num_publications_10y": 1, "num_citations_10y": 27, "publications_years": {"2014": 1}, "citations_years": {"2015": 2, "2016": 9, "2017": 9, "2018": 7, "2019": 17}, "old_citations": {"2014": 44}, "isVisible": false}, "Germany": {"name": "Germany", "type": "country", "h5_index": 139, "num_publications": 1, "num_citations": 44, "num_publications_5y": 1, "num_citations_5y": 27, "num_publications_10y": 1, "num_citations_10y": 27, "publications_years": {"2014": 1}, "citations_years": {"2015": 2, "2016": 9, "2017": 9, "2018": 7, "2019": 17}, "old_citations": {"2014": 44}, "isVisible": false}, "Greece": {"name": "Greece", "type": "country", "h5_index": 57, "num_publications": 1, "num_citations": 6, "num_publications_5y": 1, "num_citations_5y": 4, "num_publications_10y": 1, "num_citations_10y": 4, "publications_years": {"2014": 1}, "citations_years": {"2014": 1, "2015": 0, "2016": 0, "2017": 0, "2018": 3, "2019": 2}, "old_citations": {"2014": 6}, "isVisible": false}}}, "conference_comparison": {"computer science": {}}, "topics_dna": {"publications": {}, "citations": {"normalized": {}, "average": {}}}, "info": {"num_publications": 46, "num_citations": 173.0, "impact_factor": {}, "publications_years": {"2014": 46}, "citations_years": {"2013": 1, "2014": 6, "2015": 22, "2016": 31, "2017": 36, "2018": 33, "2019": 30, "2020": 1}, "old_citations": {"2014": 173}, "h5_index": 0}, "percentile": {"computer science": {"2014": 74}}, "conference_ranking": {"computer science": {"2014": 1076}}, "academia": {"num_publications": 33, "num_citations": 94, "publications_years": {"2014": 33}, "old_citations": {"2014": 94}, "num_publications_5y": 0, "num_citations_5y": 0, "num_publications_10y": 33, "num_citations_10y": 94}, "industry": {"num_publications": 0, "num_citations": 0, "publications_years": {}, "old_citations": {}, "num_publications_5y": 0, "num_citations_5y": 0, "num_publications_10y": 0, "num_citations_10y": 0}, "collaborative": {"num_publications": 0, "num_citations": 0, "publications_years": {}, "old_citations": {}, "num_publications_5y": 0, "num_citations_5y": 0, "num_publications_10y": 0, "num_citations_10y": 0}, "conferences": {}, "journals": {}, "organizations": {"publication_overall": ["University of Ontario Institute of Technology", "Carleton University", "University of Saskatchewan", "University of Toronto", "York University", "McMaster University", "University of Amsterdam", "Uppsala University", "Aalborg University", "Carleton College", "Case Western Reserve University", "Central Michigan University", "Deakin University", "Georgian College", "Indiana University Bloomington", "Ionian University", "Ludwig Maximilian University of Munich", "New Mexico Institute of Mining and Technology", "Northern Ontario School of Medicine", "Northwestern University", "Ryerson University", "University at Buffalo, State University of New York", "University of Alabama, Tuscaloosa", "University of Houston", "University of Waterloo", "Utah Valley University", "Western University", "Wright State University"], "citation_overall": ["Aalborg University", "Ludwig Maximilian University of Munich", "Northwestern University", "University of Ontario Institute of Technology", "York University", "University of Toronto", "University of Saskatchewan", "University of Amsterdam", "Ryerson University", "Ionian University", "Carleton University", "University of Waterloo", "Georgian College", "Northern Ontario School of Medicine", "Case Western Reserve University", "University of Houston", "Western University", "Indiana University Bloomington", "McMaster University", "Uppsala University", "Wright State University", "Carleton College", "Central Michigan University", "Deakin University", "New Mexico Institute of Mining and Technology", "University at Buffalo, State University of New York", "University of Alabama, Tuscaloosa", "Utah Valley University"], "publication_10_years": ["University of Ontario Institute of Technology", "Carleton University", "University of Saskatchewan", "University of Toronto", "York University", "McMaster University", "University of Amsterdam", "Uppsala University", "Aalborg University", "Carleton College", "Case Western Reserve University", "Central Michigan University", "Deakin University", "Georgian College", "Indiana University Bloomington", "Ionian University", "Ludwig Maximilian University of Munich", "New Mexico Institute of Mining and Technology", "Northern Ontario School of Medicine", "Northwestern University", "Ryerson University", "University at Buffalo, State University of New York", "University of Alabama, Tuscaloosa", "University of Houston", "University of Waterloo", "Utah Valley University", "Western University", "Wright State University"], "citation_10_years": ["Aalborg University", "Ludwig Maximilian University of Munich", "Northwestern University", "University of Ontario Institute of Technology", "York University", "University of Toronto", "University of Saskatchewan", "University of Amsterdam", "Ryerson University", "Ionian University", "Carleton University", "University of Waterloo", "Georgian College", "Northern Ontario School of Medicine", "Case Western Reserve University", "University of Houston", "Western University", "Indiana University Bloomington", "McMaster University", "Uppsala University", "Wright State University", "Carleton College", "Central Michigan University", "Deakin University", "New Mexico Institute of Mining and Technology", "University at Buffalo, State University of New York", "University of Alabama, Tuscaloosa", "Utah Valley University"], "publication_5_years": [], "citation_5_years": []}, "countries": {"publication_overall": ["Canada", "United States", "Netherlands", "Sweden", "Australia", "Denmark", "Germany", "Greece"], "citation_overall": ["Canada", "United States", "Denmark", "Germany", "Netherlands", "Greece", "Sweden", "Australia"], "publication_10_years": ["Canada", "United States", "Netherlands", "Sweden", "Australia", "Denmark", "Germany", "Greece"], "citation_10_years": ["Canada", "United States", "Denmark", "Germany", "Netherlands", "Greece", "Sweden", "Australia"], "publication_5_years": [], "citation_5_years": []}, "topics": {"publication_overall": ["computer science", "human computer interaction", "computer imaging and vision", "user interfaces", "artificial intelligence", "interactive computer graphics", "videogames", "computer games", "game theory", "computer systems", "game design", "gameplay", "computer hardware", "sensors", "telecommunication systems", "computer networks", "image processing", "communication systems", "engineering", "internet"], "citation_overall": ["computer science", "human computer interaction", "computer imaging and vision", "user interfaces", "artificial intelligence", "interactive computer graphics", "computer games", "game theory", "videogames", "computer systems", "game design", "gameplay", "image processing", "mathematics", "online systems", "role-playing game", "image coding", "computer hardware", "sensors", "engineering"], "publication_10_years": ["computer science", "human computer interaction", "computer imaging and vision", "user interfaces", "artificial intelligence", "interactive computer graphics", "videogames", "computer games", "game theory", "computer systems", "game design", "gameplay", "computer hardware", "sensors", "telecommunication systems", "computer networks", "image processing", "communication systems", "engineering", "internet"], "citation_10_years": ["computer science", "human computer interaction", "computer imaging and vision", "user interfaces", "artificial intelligence", "interactive computer graphics", "computer games", "game theory", "videogames", "computer systems", "game design", "gameplay", "image processing", "mathematics", "online systems", "role-playing game", "image coding", "computer hardware", "sensors", "engineering"], "publication_5_years": [], "citation_5_years": []}, "main_topics": ["computer science"], "authors": {"publication_overall": ["668937278", "2059874197", "2063803523", "2134457129", "108622167", "111709359", "216921968", "243801957", "272865650", "664026352", "695749453", "1963762513", "2005970336", "2013699487", "2015669128", "2017168970", "2126824508", "2133155030", "2156664138", "2204581160", "2206355151", "2222847365", "2228093057", "2231262224", "39803046", "211568200", "299533391", "312443591", "386975339", "1270854274", "1917812210", "1976539348", "1986850651", "1993167823", "2004071169", "2020403912", "2042571382", "2045381524", "2054672469", "2054938421", "2071700171", "2088500164", "2099634042", "2101916234", "2109055368", "2112838069", "2114441865", "2116319487", "2119169986", "2135026795", "2136458397", "2139846034", "2149170344", "2149863565", "2150093758", "2153758370", "2154937384", "2162845326", "2169304616", "2222403722", "2222705630", "2222777856", "2222965461", "2223035087", "2223049841", "2223119786", "2223849649", "2224715598", "2225223105", "2225506661", "2225524996", "2225801526", "2225895460", "2226380201", "2226584730", "2226781920", "2227325208", "2227608980", "2227997268", "2228060733", "2228067837", "2229022368", "2229135161", "2229140115", "2229143764", "2229202848", "2229266451", "2229355671", "2229482985", "2229574674", "2229782621", "2230403249", "2230573662", "2231078803", "2231332377", "2231348244", "2231959334", "2231974675", "2232004541", "2232164717"], "citation_overall": ["2109055368", "2139846034", "2169304616", "2223849649", "2225223105", "2427806979", "2437650597", "2657811538", "2054938421", "2114441865", "2126824508", "2276761737", "2206355151", "1986850651", "2063803523", "2303136208", "2015669128", "2042571382", "2225524996", "2240172166", "2241701397", "2245750802", "2246191801", "2304245990", "108622167", "695749453", "1270854274", "1993167823", "2017168970", "2133155030", "2134457129", "2229022368", "2796952213", "1963762513", "39803046", "2004071169", "2045381524", "2222705630", "2229143764", "2229574674", "2946493570", "2071700171", "2116319487", "2226781920", "2229135161", "2229140115", "2294044511", "668937278", "2059874197", "2156664138", "2229202848", "111709359", "2054672469", "2149863565", "2223049841", "2229266451", "2232004541", "2236814024", "2461481440", "2479604080", "2656605865", "211568200", "243801957", "272865650", "312443591", "1917812210", "2088500164", "2112838069", "2119169986", "2222403722", "2229482985", "2231078803", "2231959334", "2232164717", "2700494170", "216921968", "299533391", "664026352", "1976539348", "2005970336", "2013699487", "2136458397", "2154937384", "2204581160", "2222847365", "2222965461", "2225506661", "2227608980", "2228067837", "2228093057", "2229782621", "2230573662", "2231262224", "2231332377", "2231348244", "2231974675", "2232526003", "2309879792", "2421685062", "2529191808"], "publication_10_years": ["668937278", "2059874197", "2063803523", "2134457129", "108622167", "111709359", "216921968", "243801957", "272865650", "664026352", "695749453", "1963762513", "2005970336", "2013699487", "2015669128", "2017168970", "2126824508", "2133155030", "2156664138", "2204581160", "2206355151", "2222847365", "2228093057", "2231262224", "39803046", "211568200", "299533391", "312443591", "386975339", "1270854274", "1917812210", "1976539348", "1986850651", "1993167823", "2004071169", "2020403912", "2042571382", "2045381524", "2054672469", "2054938421", "2071700171", "2088500164", "2099634042", "2101916234", "2109055368", "2112838069", "2114441865", "2116319487", "2119169986", "2135026795", "2136458397", "2139846034", "2149170344", "2149863565", "2150093758", "2153758370", "2154937384", "2162845326", "2169304616", "2222403722", "2222705630", "2222777856", "2222965461", "2223035087", "2223049841", "2223119786", "2223849649", "2224715598", "2225223105", "2225506661", "2225524996", "2225801526", "2225895460", "2226380201", "2226584730", "2226781920", "2227325208", "2227608980", "2227997268", "2228060733", "2228067837", "2229022368", "2229135161", "2229140115", "2229143764", "2229202848", "2229266451", "2229355671", "2229482985", "2229574674", "2229782621", "2230403249", "2230573662", "2231078803", "2231332377", "2231348244", "2231959334", "2231974675", "2232004541", "2232164717"], "citation_10_years": ["2109055368", "2139846034", "2169304616", "2223849649", "2225223105", "2427806979", "2437650597", "2657811538", "2054938421", "2114441865", "2126824508", "2276761737", "2206355151", "1986850651", "2063803523", "2303136208", "2015669128", "2042571382", "2225524996", "2240172166", "2241701397", "2245750802", "2246191801", "2304245990", "108622167", "695749453", "1270854274", "1993167823", "2017168970", "2133155030", "2134457129", "2229022368", "2796952213", "1963762513", "39803046", "2004071169", "2045381524", "2222705630", "2229143764", "2229574674", "2946493570", "2071700171", "2116319487", "2226781920", "2229135161", "2229140115", "2294044511", "668937278", "2059874197", "2156664138", "2229202848", "111709359", "2054672469", "2149863565", "2223049841", "2229266451", "2232004541", "2236814024", "2461481440", "2479604080", "2656605865", "211568200", "243801957", "272865650", "312443591", "1917812210", "2088500164", "2112838069", "2119169986", "2222403722", "2229482985", "2231078803", "2231959334", "2232164717", "2700494170", "216921968", "299533391", "664026352", "1976539348", "2005970336", "2013699487", "2136458397", "2154937384", "2204581160", "2222847365", "2222965461", "2225506661", "2227608980", "2228067837", "2228093057", "2229782621", "2230573662", "2231262224", "2231332377", "2231348244", "2231974675", "2232526003", "2309879792", "2421685062", "2529191808"], "publication_5_years": [], "citation_5_years": []}, "industrial_sectors": {"publication_overall": [], "citation_overall": [], "publication_10_years": [], "citation_10_years": [], "publication_5_years": [], "citation_5_years": []}}