{"name": "International Conference on Green Computing and Communications", "acronym": "GreenCom", "type": "conference", "uniqueEntities": {"organizations": {"Chengdu University of Information Technology": {"name": "Chengdu University of Information Technology", "type": "organization", "organization_type": "Education", "h_index": 18, "h5_index": 11, "num_publications": 2, "num_citations": 27, "num_publications_5y": 0, "num_citations_5y": 19, "num_publications_10y": 2, "num_citations_10y": 26, "publications_years": {"2011": 2}, "citations_years": {"2012": 2, "2013": 5, "2014": 8, "2015": 3, "2016": 2, "2017": 3, "2018": 3, "2019": 1}, "old_citations": {"2011": 27}, "isVisible": false}, "Cognizant (United States)": {"name": "Cognizant (United States)", "type": "organization", "organization_type": "Company", "h_index": 15, "h5_index": 5, "num_publications": 2, "num_citations": 3, "num_publications_5y": 0, "num_citations_5y": 2, "num_publications_10y": 2, "num_citations_10y": 3, "publications_years": {"2011": 2}, "citations_years": {"2012": 1, "2013": 0, "2014": 2}, "old_citations": {"2011": 3}, "isVisible": false}, "National University of Defense Technology": {"name": "National University of Defense Technology", "type": "organization", "organization_type": "Education", "h_index": 81, "h5_index": 40, "num_publications": 2, "num_citations": 1, "num_publications_5y": 0, "num_citations_5y": 0, "num_publications_10y": 2, "num_citations_10y": 1, "publications_years": {"2011": 2}, "citations_years": {"2013": 1}, "old_citations": {"2011": 1}, "isVisible": false}, "Peking University": {"name": "Peking University", "type": "organization", "organization_type": "Education", "h_index": 142, "h5_index": 78, "num_publications": 2, "num_citations": 4, "num_publications_5y": 0, "num_citations_5y": 1, "num_publications_10y": 2, "num_citations_10y": 3, "publications_years": {"2011": 2}, "citations_years": {"2016": 1, "2012": 1, "2013": 1, "2014": 0, "2015": 0, "2017": 0, "2018": 0, "2019": 1}, "old_citations": {"2011": 4}, "isVisible": false}, "St. John's University": {"name": "St. John's University", "type": "organization", "organization_type": "Education", "h_index": 44, "h5_index": 19, "num_publications": 2, "num_citations": 7, "num_publications_5y": 0, "num_citations_5y": 6, "num_publications_10y": 2, "num_citations_10y": 7, "publications_years": {"2011": 2}, "citations_years": {"2013": 1, "2014": 3, "2015": 0, "2016": 1, "2017": 2}, "old_citations": {"2011": 7}, "isVisible": false}, "University of Kentucky": {"name": "University of Kentucky", "type": "organization", "organization_type": "Education", "h_index": 105, "h5_index": 34, "num_publications": 2, "num_citations": 28, "num_publications_5y": 0, "num_citations_5y": 20, "num_publications_10y": 2, "num_citations_10y": 28, "publications_years": {"2011": 2}, "citations_years": {"2013": 5, "2014": 4, "2015": 11, "2016": 2, "2017": 2, "2018": 1, "2012": 3}, "old_citations": {"2011": 28}, "isVisible": false}, "University of Miami": {"name": "University of Miami", "type": "organization", "organization_type": "Education", "h_index": 75, "h5_index": 24, "num_publications": 2, "num_citations": 10, "num_publications_5y": 0, "num_citations_5y": 5, "num_publications_10y": 2, "num_citations_10y": 10, "publications_years": {"2011": 2}, "citations_years": {"2013": 2, "2014": 1, "2015": 1, "2016": 2, "2017": 1, "2012": 3}, "old_citations": {"2011": 10}, "isVisible": false}, "Beihang University": {"name": "Beihang University", "type": "organization", "organization_type": "Education", "h_index": 90, "h5_index": 58, "num_publications": 1, "num_citations": 16, "num_publications_5y": 0, "num_citations_5y": 13, "num_publications_10y": 1, "num_citations_10y": 14, "publications_years": {"2011": 1}, "citations_years": {"2013": 1, "2014": 3, "2015": 4, "2016": 1, "2017": 3, "2018": 2, "2019": 2}, "old_citations": {"2011": 16}, "isVisible": false}, "Beijing University of Technology": {"name": "Beijing University of Technology", "type": "organization", "organization_type": "Education", "h_index": 47, "h5_index": 28, "num_publications": 1, "num_citations": 3, "num_publications_5y": 0, "num_citations_5y": 3, "num_publications_10y": 1, "num_citations_10y": 3, "publications_years": {"2011": 1}, "citations_years": {"2014": 3}, "old_citations": {"2011": 3}, "isVisible": false}, "Chinese Academy of Sciences": {"name": "Chinese Academy of Sciences", "type": "organization", "organization_type": "Government", "h_index": 188, "h5_index": 102, "num_publications": 1, "num_citations": 0, "num_publications_5y": 0, "num_citations_5y": 0, "num_publications_10y": 1, "num_citations_10y": 0, "publications_years": {"2011": 1}, "citations_years": {}, "old_citations": {"2011": 0}, "isVisible": false}, "Dalian University of Technology": {"name": "Dalian University of Technology", "type": "organization", "organization_type": "Education", "h_index": 95, "h5_index": 63, "num_publications": 1, "num_citations": 3, "num_publications_5y": 0, "num_citations_5y": 0, "num_publications_10y": 1, "num_citations_10y": 2, "publications_years": {"2011": 1}, "citations_years": {"2013": 2, "2014": 0, "2015": 0, "2016": 0, "2017": 0, "2018": 0, "2019": 0, "2020": 1}, "old_citations": {"2011": 3}, "isVisible": false}, "East China Normal University": {"name": "East China Normal University", "type": "organization", "organization_type": "Education", "h_index": 58, "h5_index": 36, "num_publications": 1, "num_citations": 0, "num_publications_5y": 0, "num_citations_5y": 0, "num_publications_10y": 1, "num_citations_10y": 0, "publications_years": {"2011": 1}, "citations_years": {}, "old_citations": {"2011": 0}, "isVisible": false}, "Georgia State University": {"name": "Georgia State University", "type": "organization", "organization_type": "Education", "h_index": 111, "h5_index": 33, "num_publications": 1, "num_citations": 9, "num_publications_5y": 0, "num_citations_5y": 7, "num_publications_10y": 1, "num_citations_10y": 9, "publications_years": {"2011": 1}, "citations_years": {"2012": 1, "2013": 1, "2014": 3, "2015": 2, "2016": 1, "2017": 1}, "old_citations": {"2011": 9}, "isVisible": false}, "Hangzhou Dianzi University": {"name": "Hangzhou Dianzi University", "type": "organization", "organization_type": "Education", "h_index": 52, "h5_index": 34, "num_publications": 1, "num_citations": 2, "num_publications_5y": 0, "num_citations_5y": 1, "num_publications_10y": 1, "num_citations_10y": 2, "publications_years": {"2011": 1}, "citations_years": {"2013": 1, "2014": 0, "2015": 1}, "old_citations": {"2011": 2}, "isVisible": false}, "Hunan University": {"name": "Hunan University", "type": "organization", "organization_type": "Education", "h_index": 64, "h5_index": 37, "num_publications": 1, "num_citations": 23, "num_publications_5y": 0, "num_citations_5y": 19, "num_publications_10y": 1, "num_citations_10y": 23, "publications_years": {"2011": 1}, "citations_years": {"2013": 4, "2014": 3, "2015": 11, "2016": 2, "2017": 2, "2018": 1}, "old_citations": {"2011": 23}, "isVisible": false}, "IBM (United States)": {"name": "IBM (United States)", "type": "organization", "organization_type": "Company", "h_index": 421, "h5_index": 72, "num_publications": 1, "num_citations": 4, "num_publications_5y": 0, "num_citations_5y": 1, "num_publications_10y": 1, "num_citations_10y": 4, "publications_years": {"2011": 1}, "citations_years": {"2012": 2, "2013": 1, "2014": 1}, "old_citations": {"2011": 4}, "isVisible": false}, "Illinois Institute of Technology": {"name": "Illinois Institute of Technology", "type": "organization", "organization_type": "Education", "h_index": 111, "h5_index": 28, "num_publications": 1, "num_citations": 5, "num_publications_5y": 0, "num_citations_5y": 4, "num_publications_10y": 1, "num_citations_10y": 5, "publications_years": {"2011": 1}, "citations_years": {"2013": 1, "2014": 0, "2015": 1, "2016": 2, "2017": 1}, "old_citations": {"2011": 5}, "isVisible": false}, "Intel (United States)": {"name": "Intel (United States)", "type": "organization", "organization_type": "Company", "h_index": 279, "h5_index": 62, "num_publications": 1, "num_citations": 1, "num_publications_5y": 0, "num_citations_5y": 1, "num_publications_10y": 1, "num_citations_10y": 1, "publications_years": {"2011": 1}, "citations_years": {"2016": 1}, "old_citations": {"2011": 1}, "isVisible": false}, "Michigan Technological University": {"name": "Michigan Technological University", "type": "organization", "organization_type": "Education", "h_index": 55, "h5_index": 18, "num_publications": 1, "num_citations": 8, "num_publications_5y": 0, "num_citations_5y": 2, "num_publications_10y": 1, "num_citations_10y": 8, "publications_years": {"2011": 1}, "citations_years": {"2012": 3, "2013": 3, "2014": 2}, "old_citations": {"2011": 8}, "isVisible": false}, "National Taiwan University": {"name": "National Taiwan University", "type": "organization", "organization_type": "Education", "h_index": 132, "h5_index": 34, "num_publications": 1, "num_citations": 0, "num_publications_5y": 0, "num_citations_5y": 0, "num_publications_10y": 1, "num_citations_10y": 0, "publications_years": {"2011": 1}, "citations_years": {}, "old_citations": {"2011": 0}, "isVisible": false}, "National Taiwan University of Science and Technology": {"name": "National Taiwan University of Science and Technology", "type": "organization", "organization_type": "Education", "h_index": 93, "h5_index": 27, "num_publications": 1, "num_citations": 7, "num_publications_5y": 0, "num_citations_5y": 6, "num_publications_10y": 1, "num_citations_10y": 7, "publications_years": {"2011": 1}, "citations_years": {"2013": 1, "2014": 3, "2015": 0, "2016": 1, "2017": 2}, "old_citations": {"2011": 7}, "isVisible": false}, "North Dakota State University": {"name": "North Dakota State University", "type": "organization", "organization_type": "Education", "h_index": 66, "h5_index": 20, "num_publications": 1, "num_citations": 6, "num_publications_5y": 0, "num_citations_5y": 4, "num_publications_10y": 1, "num_citations_10y": 6, "publications_years": {"2011": 1}, "citations_years": {"2013": 2, "2014": 1, "2015": 2, "2016": 0, "2017": 1}, "old_citations": {"2011": 6}, "isVisible": false}, "Shandong University": {"name": "Shandong University", "type": "organization", "organization_type": "Education", "h_index": 68, "h5_index": 38, "num_publications": 1, "num_citations": 42, "num_publications_5y": 0, "num_citations_5y": 34, "num_publications_10y": 1, "num_citations_10y": 38, "publications_years": {"2011": 1}, "citations_years": {"2011": 1, "2012": 1, "2013": 2, "2014": 4, "2015": 7, "2016": 10, "2017": 6, "2018": 7, "2019": 3, "2020": 1}, "old_citations": {"2011": 42}, "isVisible": false}, "Shanghai Jiao Tong University": {"name": "Shanghai Jiao Tong University", "type": "organization", "organization_type": "Education", "h_index": 136, "h5_index": 71, "num_publications": 1, "num_citations": 4, "num_publications_5y": 0, "num_citations_5y": 1, "num_publications_10y": 1, "num_citations_10y": 4, "publications_years": {"2011": 1}, "citations_years": {"2012": 2, "2013": 1, "2014": 1}, "old_citations": {"2011": 4}, "isVisible": false}, "Shenzhen University": {"name": "Shenzhen University", "type": "organization", "organization_type": "Education", "h_index": 68, "h5_index": 51, "num_publications": 1, "num_citations": 23, "num_publications_5y": 0, "num_citations_5y": 19, "num_publications_10y": 1, "num_citations_10y": 23, "publications_years": {"2011": 1}, "citations_years": {"2013": 4, "2014": 3, "2015": 11, "2016": 2, "2017": 2, "2018": 1}, "old_citations": {"2011": 23}, "isVisible": false}, "Tianjin University": {"name": "Tianjin University", "type": "organization", "organization_type": "Education", "h_index": 74, "h5_index": 50, "num_publications": 1, "num_citations": 3, "num_publications_5y": 0, "num_citations_5y": 0, "num_publications_10y": 1, "num_citations_10y": 2, "publications_years": {"2011": 1}, "citations_years": {"2013": 2, "2014": 0, "2015": 0, "2016": 0, "2017": 0, "2018": 0, "2019": 0, "2020": 1}, "old_citations": {"2011": 3}, "isVisible": false}, "Tongji University": {"name": "Tongji University", "type": "organization", "organization_type": "Education", "h_index": 76, "h5_index": 43, "num_publications": 1, "num_citations": 2, "num_publications_5y": 0, "num_citations_5y": 2, "num_publications_10y": 1, "num_citations_10y": 2, "publications_years": {"2011": 1}, "citations_years": {"2016": 1, "2017": 0, "2018": 1}, "old_citations": {"2011": 2}, "isVisible": false}, "Tunghai University": {"name": "Tunghai University", "type": "organization", "organization_type": "Education", "h_index": 36, "h5_index": 11, "num_publications": 1, "num_citations": 1, "num_publications_5y": 0, "num_citations_5y": 1, "num_publications_10y": 1, "num_citations_10y": 1, "publications_years": {"2011": 1}, "citations_years": {"2014": 1}, "old_citations": {"2011": 1}, "isVisible": false}, "Ulsan National Institute of Science and Technology": {"name": "Ulsan National Institute of Science and Technology", "type": "organization", "organization_type": "Education", "h_index": 37, "h5_index": 22, "num_publications": 1, "num_citations": 23, "num_publications_5y": 0, "num_citations_5y": 15, "num_publications_10y": 1, "num_citations_10y": 22, "publications_years": {"2011": 1}, "citations_years": {"2013": 7, "2014": 6, "2015": 2, "2016": 4, "2017": 3, "2018": 0, "2019": 0, "2020": 1}, "old_citations": {"2011": 23}, "isVisible": false}, "University of Marne la Vall\u00e9e": {"name": "University of Marne la Vall\u00e9e", "type": "organization", "organization_type": "Education", "h_index": 24, "h5_index": 5, "num_publications": 1, "num_citations": 11, "num_publications_5y": 0, "num_citations_5y": 5, "num_publications_10y": 1, "num_citations_10y": 11, "publications_years": {"2011": 1}, "citations_years": {"2012": 3, "2013": 3, "2014": 2, "2015": 1, "2016": 1, "2017": 1}, "old_citations": {"2011": 11}, "isVisible": false}, "University of St Andrews": {"name": "University of St Andrews", "type": "organization", "organization_type": "Education", "h_index": 73, "h5_index": 17, "num_publications": 1, "num_citations": 20, "num_publications_5y": 0, "num_citations_5y": 12, "num_publications_10y": 1, "num_citations_10y": 19, "publications_years": {"2011": 1}, "citations_years": {"2012": 3, "2013": 4, "2014": 3, "2015": 5, "2016": 2, "2017": 2, "2018": 0, "2019": 1}, "old_citations": {"2011": 20}, "isVisible": false}, "Virginia Commonwealth University": {"name": "Virginia Commonwealth University", "type": "organization", "organization_type": "Education", "h_index": 57, "h5_index": 22, "num_publications": 1, "num_citations": 0, "num_publications_5y": 0, "num_citations_5y": 0, "num_publications_10y": 1, "num_citations_10y": 0, "publications_years": {"2011": 1}, "citations_years": {}, "old_citations": {"2011": 0}, "isVisible": false}, "Wuhan University of Technology": {"name": "Wuhan University of Technology", "type": "organization", "organization_type": "Education", "h_index": 48, "h5_index": 21, "num_publications": 1, "num_citations": 20, "num_publications_5y": 0, "num_citations_5y": 14, "num_publications_10y": 1, "num_citations_10y": 17, "publications_years": {"2011": 1}, "citations_years": {"2013": 3, "2014": 3, "2015": 6, "2016": 1, "2017": 2, "2018": 2, "2019": 3}, "old_citations": {"2011": 20}, "isVisible": false}, "Zhejiang University": {"name": "Zhejiang University", "type": "organization", "organization_type": "Education", "h_index": 131, "h5_index": 62, "num_publications": 1, "num_citations": 3, "num_publications_5y": 0, "num_citations_5y": 2, "num_publications_10y": 1, "num_citations_10y": 3, "publications_years": {"2011": 1}, "citations_years": {"2013": 1, "2014": 0, "2015": 0, "2016": 1, "2017": 0, "2018": 1}, "old_citations": {"2011": 3}, "isVisible": false}, "Zhengzhou University": {"name": "Zhengzhou University", "type": "organization", "organization_type": "Education", "h_index": 36, "h5_index": 24, "num_publications": 1, "num_citations": 2, "num_publications_5y": 0, "num_citations_5y": 0, "num_publications_10y": 1, "num_citations_10y": 1, "publications_years": {"2011": 1}, "citations_years": {"2013": 1, "2014": 0, "2015": 0, "2016": 0, "2017": 0, "2018": 0, "2019": 0, "2020": 1}, "old_citations": {"2011": 2}, "isVisible": false}}, "topics": {"computer science": {"name": "computer science", "type": "topic", "h_index": 1779, "h5_index": 416, "num_publications": 41, "num_citations": 311, "num_publications_5y": 0, "num_citations_5y": 207, "num_publications_10y": 41, "num_citations_10y": 293, "publications_years": {"2011": 41}, "citations_years": {"2016": 37, "2017": 32, "2018": 25, "2012": 30, "2013": 55, "2014": 57, "2015": 56, "2019": 14, "2020": 4, "2011": 1}, "old_citations": {"2011": 311}, "isVisible": false}, "computer systems": {"name": "computer systems", "type": "topic", "h_index": 1595, "h5_index": 367, "num_publications": 40, "num_citations": 271, "num_publications_5y": 0, "num_citations_5y": 178, "num_publications_10y": 40, "num_citations_10y": 256, "publications_years": {"2011": 40}, "citations_years": {"2016": 33, "2017": 27, "2018": 20, "2012": 26, "2013": 51, "2014": 51, "2015": 47, "2019": 11, "2020": 4, "2011": 1}, "old_citations": {"2011": 271}, "isVisible": false}, "computer networks": {"name": "computer networks", "type": "topic", "h_index": 1262, "h5_index": 332, "num_publications": 33, "num_citations": 218, "num_publications_5y": 0, "num_citations_5y": 147, "num_publications_10y": 33, "num_citations_10y": 204, "publications_years": {"2011": 33}, "citations_years": {"2012": 18, "2013": 38, "2014": 39, "2015": 41, "2016": 26, "2017": 22, "2018": 19, "2019": 11, "2020": 3, "2011": 1}, "old_citations": {"2011": 218}, "isVisible": false}, "computer hardware": {"name": "computer hardware", "type": "topic", "h_index": 1150, "h5_index": 279, "num_publications": 31, "num_citations": 219, "num_publications_5y": 0, "num_citations_5y": 143, "num_publications_10y": 31, "num_citations_10y": 205, "publications_years": {"2011": 31}, "citations_years": {"2016": 27, "2017": 21, "2018": 20, "2012": 21, "2013": 40, "2014": 33, "2015": 42, "2019": 11, "2020": 3, "2011": 1}, "old_citations": {"2011": 219}, "isVisible": false}, "engineering": {"name": "engineering", "type": "topic", "h_index": 1177, "h5_index": 287, "num_publications": 29, "num_citations": 218, "num_publications_5y": 0, "num_citations_5y": 144, "num_publications_10y": 29, "num_citations_10y": 207, "publications_years": {"2011": 29}, "citations_years": {"2016": 28, "2017": 21, "2018": 17, "2012": 19, "2013": 43, "2014": 39, "2015": 39, "2019": 8, "2020": 3, "2011": 1}, "old_citations": {"2011": 218}, "isVisible": false}, "telecommunication networks": {"name": "telecommunication networks", "type": "topic", "h_index": 1116, "h5_index": 258, "num_publications": 28, "num_citations": 213, "num_publications_5y": 0, "num_citations_5y": 147, "num_publications_10y": 28, "num_citations_10y": 201, "publications_years": {"2011": 28}, "citations_years": {"2012": 17, "2013": 36, "2014": 39, "2015": 41, "2016": 26, "2017": 22, "2018": 19, "2019": 10, "2011": 1, "2020": 2}, "old_citations": {"2011": 213}, "isVisible": false}, "telecommunication systems": {"name": "telecommunication systems", "type": "topic", "h_index": 1187, "h5_index": 277, "num_publications": 28, "num_citations": 213, "num_publications_5y": 0, "num_citations_5y": 147, "num_publications_10y": 28, "num_citations_10y": 201, "publications_years": {"2011": 28}, "citations_years": {"2012": 17, "2013": 36, "2014": 39, "2015": 41, "2016": 26, "2017": 22, "2018": 19, "2019": 10, "2011": 1, "2020": 2}, "old_citations": {"2011": 213}, "isVisible": false}, "communication systems": {"name": "communication systems", "type": "topic", "h_index": 1092, "h5_index": 254, "num_publications": 26, "num_citations": 197, "num_publications_5y": 0, "num_citations_5y": 134, "num_publications_10y": 26, "num_citations_10y": 187, "publications_years": {"2011": 26}, "citations_years": {"2012": 17, "2013": 35, "2014": 36, "2015": 37, "2016": 25, "2017": 19, "2018": 17, "2019": 8, "2011": 1, "2020": 2}, "old_citations": {"2011": 197}, "isVisible": false}, "wireless telecommunication systems": {"name": "wireless telecommunication systems", "type": "topic", "h_index": 1087, "h5_index": 254, "num_publications": 26, "num_citations": 197, "num_publications_5y": 0, "num_citations_5y": 134, "num_publications_10y": 26, "num_citations_10y": 187, "publications_years": {"2011": 26}, "citations_years": {"2012": 17, "2013": 35, "2014": 36, "2015": 37, "2016": 25, "2017": 19, "2018": 17, "2019": 8, "2011": 1, "2020": 2}, "old_citations": {"2011": 197}, "isVisible": false}, "electricity": {"name": "electricity", "type": "topic", "h_index": 643, "h5_index": 148, "num_publications": 24, "num_citations": 204, "num_publications_5y": 0, "num_citations_5y": 136, "num_publications_10y": 24, "num_citations_10y": 193, "publications_years": {"2011": 24}, "citations_years": {"2016": 27, "2017": 20, "2018": 17, "2012": 16, "2013": 40, "2014": 34, "2015": 38, "2019": 8, "2020": 3, "2011": 1}, "old_citations": {"2011": 204}, "isVisible": false}, "energy utilization": {"name": "energy utilization", "type": "topic", "h_index": 640, "h5_index": 146, "num_publications": 24, "num_citations": 204, "num_publications_5y": 0, "num_citations_5y": 136, "num_publications_10y": 24, "num_citations_10y": 193, "publications_years": {"2011": 24}, "citations_years": {"2016": 27, "2017": 20, "2018": 17, "2012": 16, "2013": 40, "2014": 34, "2015": 38, "2019": 8, "2020": 3, "2011": 1}, "old_citations": {"2011": 204}, "isVisible": false}, "sensors": {"name": "sensors", "type": "topic", "h_index": 960, "h5_index": 229, "num_publications": 23, "num_citations": 186, "num_publications_5y": 0, "num_citations_5y": 120, "num_publications_10y": 23, "num_citations_10y": 175, "publications_years": {"2011": 23}, "citations_years": {"2012": 19, "2013": 35, "2014": 29, "2015": 35, "2016": 23, "2017": 17, "2018": 16, "2019": 8, "2020": 3, "2011": 1}, "old_citations": {"2011": 186}, "isVisible": false}, "telecommunication traffic": {"name": "telecommunication traffic", "type": "topic", "h_index": 1036, "h5_index": 233, "num_publications": 23, "num_citations": 176, "num_publications_5y": 0, "num_citations_5y": 117, "num_publications_10y": 23, "num_citations_10y": 166, "publications_years": {"2011": 23}, "citations_years": {"2012": 16, "2013": 32, "2014": 30, "2015": 34, "2016": 21, "2017": 15, "2018": 17, "2019": 8, "2011": 1, "2020": 2}, "old_citations": {"2011": 176}, "isVisible": false}, "bandwidth": {"name": "bandwidth", "type": "topic", "h_index": 922, "h5_index": 201, "num_publications": 22, "num_citations": 178, "num_publications_5y": 0, "num_citations_5y": 117, "num_publications_10y": 22, "num_citations_10y": 167, "publications_years": {"2011": 22}, "citations_years": {"2012": 17, "2013": 32, "2014": 30, "2015": 33, "2016": 21, "2017": 17, "2018": 16, "2019": 9, "2011": 1, "2020": 2}, "old_citations": {"2011": 178}, "isVisible": false}, "embedded systems": {"name": "embedded systems", "type": "topic", "h_index": 799, "h5_index": 168, "num_publications": 21, "num_citations": 117, "num_publications_5y": 0, "num_citations_5y": 72, "num_publications_10y": 21, "num_citations_10y": 111, "publications_years": {"2011": 21}, "citations_years": {"2012": 13, "2013": 26, "2014": 21, "2015": 24, "2016": 9, "2017": 9, "2018": 9, "2019": 5, "2020": 1}, "old_citations": {"2011": 117}, "isVisible": false}, "sensor nodes": {"name": "sensor nodes", "type": "topic", "h_index": 635, "h5_index": 142, "num_publications": 21, "num_citations": 184, "num_publications_5y": 0, "num_citations_5y": 120, "num_publications_10y": 21, "num_citations_10y": 174, "publications_years": {"2011": 21}, "citations_years": {"2012": 19, "2013": 34, "2014": 29, "2015": 35, "2016": 23, "2017": 17, "2018": 16, "2019": 8, "2011": 1, "2020": 2}, "old_citations": {"2011": 184}, "isVisible": false}, "wireless communications": {"name": "wireless communications", "type": "topic", "h_index": 773, "h5_index": 173, "num_publications": 20, "num_citations": 165, "num_publications_5y": 0, "num_citations_5y": 113, "num_publications_10y": 20, "num_citations_10y": 155, "publications_years": {"2011": 20}, "citations_years": {"2012": 13, "2013": 28, "2014": 28, "2015": 34, "2016": 20, "2017": 15, "2018": 16, "2019": 8, "2011": 1, "2020": 2}, "old_citations": {"2011": 165}, "isVisible": false}, "mathematics": {"name": "mathematics", "type": "topic", "h_index": 1364, "h5_index": 300, "num_publications": 19, "num_citations": 129, "num_publications_5y": 0, "num_citations_5y": 84, "num_publications_10y": 19, "num_citations_10y": 122, "publications_years": {"2011": 19}, "citations_years": {"2016": 18, "2017": 13, "2018": 11, "2012": 18, "2013": 19, "2014": 28, "2015": 14, "2019": 5, "2020": 2, "2011": 1}, "old_citations": {"2011": 129}, "isVisible": false}, "routing algorithms": {"name": "routing algorithms", "type": "topic", "h_index": 767, "h5_index": 164, "num_publications": 19, "num_citations": 160, "num_publications_5y": 0, "num_citations_5y": 109, "num_publications_10y": 19, "num_citations_10y": 150, "publications_years": {"2011": 19}, "citations_years": {"2012": 13, "2013": 27, "2014": 25, "2015": 33, "2016": 20, "2017": 15, "2018": 16, "2019": 8, "2011": 1, "2020": 2}, "old_citations": {"2011": 160}, "isVisible": false}, "distributed computer systems": {"name": "distributed computer systems", "type": "topic", "h_index": 985, "h5_index": 228, "num_publications": 18, "num_citations": 168, "num_publications_5y": 0, "num_citations_5y": 119, "num_publications_10y": 18, "num_citations_10y": 157, "publications_years": {"2011": 18}, "citations_years": {"2016": 23, "2017": 20, "2018": 13, "2013": 28, "2014": 27, "2015": 36, "2019": 9, "2020": 2, "2012": 9, "2011": 1}, "old_citations": {"2011": 168}, "isVisible": false}, "artificial intelligence": {"name": "artificial intelligence", "type": "topic", "h_index": 1421, "h5_index": 373, "num_publications": 17, "num_citations": 177, "num_publications_5y": 0, "num_citations_5y": 118, "num_publications_10y": 17, "num_citations_10y": 166, "publications_years": {"2011": 17}, "citations_years": {"2013": 26, "2014": 33, "2015": 29, "2016": 19, "2017": 20, "2018": 17, "2019": 10, "2012": 21, "2011": 1, "2020": 1}, "old_citations": {"2011": 177}, "isVisible": false}, "routers": {"name": "routers", "type": "topic", "h_index": 752, "h5_index": 160, "num_publications": 18, "num_citations": 160, "num_publications_5y": 0, "num_citations_5y": 109, "num_publications_10y": 18, "num_citations_10y": 150, "publications_years": {"2011": 18}, "citations_years": {"2012": 13, "2013": 27, "2014": 25, "2015": 33, "2016": 20, "2017": 15, "2018": 16, "2019": 8, "2011": 1, "2020": 2}, "old_citations": {"2011": 160}, "isVisible": false}}, "authors": {"1539357901": {"name": "jinka parthasarathi", "type": "author", "activity": 11, "h_index": 3, "h5_index": 0, "mag_id": "1539357901", "num_publications": 2, "num_citations": 3, "num_publications_5y": 0, "num_citations_5y": 2, "num_publications_10y": 2, "num_citations_10y": 3, "publications_years": {"2011": 2}, "citations_years": {"2012": 1, "2013": 0, "2014": 2}, "old_citations": {"2011": 3}, "isVisible": false}, "2101967527": {"name": "gang quan", "type": "author", "activity": 22, "h_index": 27, "h5_index": 7, "mag_id": "2101967527", "num_publications": 2, "num_citations": 10, "num_publications_5y": 0, "num_citations_5y": 5, "num_publications_10y": 2, "num_citations_10y": 10, "publications_years": {"2011": 2}, "citations_years": {"2013": 2, "2014": 1, "2015": 1, "2016": 2, "2017": 1, "2012": 3}, "old_citations": {"2011": 10}, "isVisible": false}, "2205317936": {"name": "karthik sundararaman", "type": "author", "activity": 3, "h_index": 2, "h5_index": 0, "mag_id": "2205317936", "num_publications": 2, "num_citations": 3, "num_publications_5y": 0, "num_citations_5y": 2, "num_publications_10y": 2, "num_citations_10y": 3, "publications_years": {"2011": 2}, "citations_years": {"2012": 1, "2013": 0, "2014": 2}, "old_citations": {"2011": 3}, "isVisible": false}, "2223949044": {"name": "meikang qiu", "type": "author", "activity": 18, "h_index": 39, "h5_index": 27, "mag_id": "2223949044", "num_publications": 2, "num_citations": 28, "num_publications_5y": 0, "num_citations_5y": 20, "num_publications_10y": 2, "num_citations_10y": 28, "publications_years": {"2011": 2}, "citations_years": {"2013": 5, "2014": 4, "2015": 11, "2016": 2, "2017": 2, "2018": 1, "2012": 3}, "old_citations": {"2011": 28}, "isVisible": false}, "2583832946": {"name": "s ramesh", "type": "author", "activity": 1, "h_index": 1, "h5_index": 0, "mag_id": "2583832946", "num_publications": 2, "num_citations": 3, "num_publications_5y": 0, "num_citations_5y": 2, "num_publications_10y": 2, "num_citations_10y": 3, "publications_years": {"2011": 2}, "citations_years": {"2012": 1, "2013": 0, "2014": 2}, "old_citations": {"2011": 3}, "isVisible": false}, "2657102774": {"name": "hui ju", "type": "author", "activity": 1, "h_index": 2, "h5_index": 0, "mag_id": "2657102774", "num_publications": 2, "num_citations": 27, "num_publications_5y": 0, "num_citations_5y": 19, "num_publications_10y": 2, "num_citations_10y": 26, "publications_years": {"2011": 2}, "citations_years": {"2012": 2, "2013": 5, "2014": 8, "2015": 3, "2016": 2, "2017": 3, "2018": 3, "2019": 1}, "old_citations": {"2011": 27}, "isVisible": false}, "2675861636": {"name": "yan shen", "type": "author", "activity": 1, "h_index": 2, "h5_index": 0, "mag_id": "2675861636", "num_publications": 2, "num_citations": 27, "num_publications_5y": 0, "num_citations_5y": 19, "num_publications_10y": 2, "num_citations_10y": 26, "publications_years": {"2011": 2}, "citations_years": {"2012": 2, "2013": 5, "2014": 8, "2015": 3, "2016": 2, "2017": 3, "2018": 3, "2019": 1}, "old_citations": {"2011": 27}, "isVisible": false}, "2689808903": {"name": "subrahmanya vrk rao", "type": "author", "activity": 12, "h_index": 2, "h5_index": 0, "mag_id": "2689808903", "num_publications": 2, "num_citations": 3, "num_publications_5y": 0, "num_citations_5y": 2, "num_publications_10y": 2, "num_citations_10y": 3, "publications_years": {"2011": 2}, "citations_years": {"2012": 1, "2013": 0, "2014": 2}, "old_citations": {"2011": 3}, "isVisible": false}, "61741735": {"name": "stephane ploix", "type": "author", "activity": 22, "h_index": 10, "h5_index": 2, "mag_id": "61741735", "num_publications": 1, "num_citations": 12, "num_publications_5y": 0, "num_citations_5y": 7, "num_publications_10y": 1, "num_citations_10y": 12, "publications_years": {"2011": 1}, "citations_years": {"2012": 1, "2013": 4, "2014": 1, "2015": 1, "2016": 2, "2017": 0, "2018": 3}, "old_citations": {"2011": 12}, "isVisible": false}, "101319827": {"name": "maryline chetto", "type": "author", "activity": 29, "h_index": 8, "h5_index": 1, "mag_id": "101319827", "num_publications": 1, "num_citations": 11, "num_publications_5y": 0, "num_citations_5y": 5, "num_publications_10y": 1, "num_citations_10y": 11, "publications_years": {"2011": 1}, "citations_years": {"2012": 3, "2013": 3, "2014": 2, "2015": 1, "2016": 1, "2017": 1}, "old_citations": {"2011": 11}, "isVisible": false}, "165967445": {"name": "pascal bouvry", "type": "author", "activity": 27, "h_index": 30, "h5_index": 13, "mag_id": "165967445", "num_publications": 1, "num_citations": 6, "num_publications_5y": 0, "num_citations_5y": 4, "num_publications_10y": 1, "num_citations_10y": 6, "publications_years": {"2011": 1}, "citations_years": {"2013": 2, "2014": 1, "2015": 2, "2016": 0, "2017": 1}, "old_citations": {"2011": 6}, "isVisible": false}, "1253972654": {"name": "jungsing jwo", "type": "author", "activity": 21, "h_index": 4, "h5_index": 0, "mag_id": "1253972654", "num_publications": 1, "num_citations": 1, "num_publications_5y": 0, "num_citations_5y": 1, "num_publications_10y": 1, "num_citations_10y": 1, "publications_years": {"2011": 1}, "citations_years": {"2014": 1}, "old_citations": {"2011": 1}, "isVisible": false}, "1600900689": {"name": "sergiu stelian iliescu", "type": "author", "activity": 13, "h_index": 3, "h5_index": 2, "mag_id": "1600900689", "num_publications": 1, "num_citations": 12, "num_publications_5y": 0, "num_citations_5y": 7, "num_publications_10y": 1, "num_citations_10y": 12, "publications_years": {"2011": 1}, "citations_years": {"2012": 1, "2013": 4, "2014": 1, "2015": 1, "2016": 2, "2017": 0, "2018": 3}, "old_citations": {"2011": 12}, "isVisible": false}, "1966722963": {"name": "dongbo bu", "type": "author", "activity": 19, "h_index": 8, "h5_index": 3, "mag_id": "1966722963", "num_publications": 1, "num_citations": 0, "num_publications_5y": 0, "num_citations_5y": 0, "num_publications_10y": 1, "num_citations_10y": 0, "publications_years": {"2011": 1}, "citations_years": {}, "old_citations": {"2011": 0}, "isVisible": false}, "1975460320": {"name": "yuan wen", "type": "author", "activity": 10, "h_index": 6, "h5_index": 2, "mag_id": "1975460320", "num_publications": 1, "num_citations": 3, "num_publications_5y": 0, "num_citations_5y": 2, "num_publications_10y": 1, "num_citations_10y": 3, "publications_years": {"2011": 1}, "citations_years": {"2013": 1, "2014": 0, "2015": 0, "2016": 1, "2017": 0, "2018": 1}, "old_citations": {"2011": 3}, "isVisible": false}, "1981290098": {"name": "xingsheng tang", "type": "author", "activity": 6, "h_index": 5, "h5_index": 0, "mag_id": "1981290098", "num_publications": 1, "num_citations": 3, "num_publications_5y": 0, "num_citations_5y": 2, "num_publications_10y": 1, "num_citations_10y": 3, "publications_years": {"2011": 1}, "citations_years": {"2013": 1, "2014": 0, "2015": 0, "2016": 1, "2017": 0, "2018": 1}, "old_citations": {"2011": 3}, "isVisible": false}, "2001345488": {"name": "johnatan e pecero", "type": "author", "activity": 10, "h_index": 17, "h5_index": 4, "mag_id": "2001345488", "num_publications": 1, "num_citations": 6, "num_publications_5y": 0, "num_citations_5y": 4, "num_publications_10y": 1, "num_citations_10y": 6, "publications_years": {"2011": 1}, "citations_years": {"2013": 2, "2014": 1, "2015": 2, "2016": 0, "2017": 1}, "old_citations": {"2011": 6}, "isVisible": false}, "2011765507": {"name": "tinfook ngai", "type": "author", "activity": 18, "h_index": 13, "h5_index": 2, "mag_id": "2011765507", "num_publications": 1, "num_citations": 1, "num_publications_5y": 0, "num_citations_5y": 1, "num_publications_10y": 1, "num_citations_10y": 1, "publications_years": {"2011": 1}, "citations_years": {"2016": 1}, "old_citations": {"2011": 1}, "isVisible": false}, "2041283634": {"name": "frederic pinel", "type": "author", "activity": 12, "h_index": 7, "h5_index": 1, "mag_id": "2041283634", "num_publications": 1, "num_citations": 6, "num_publications_5y": 0, "num_citations_5y": 4, "num_publications_10y": 1, "num_citations_10y": 6, "publications_years": {"2011": 1}, "citations_years": {"2013": 2, "2014": 1, "2015": 2, "2016": 0, "2017": 1}, "old_citations": {"2011": 6}, "isVisible": false}, "2085831204": {"name": "zongming fei", "type": "author", "activity": 28, "h_index": 18, "h5_index": 3, "mag_id": "2085831204", "num_publications": 1, "num_citations": 23, "num_publications_5y": 0, "num_citations_5y": 19, "num_publications_10y": 1, "num_citations_10y": 23, "publications_years": {"2011": 1}, "citations_years": {"2013": 4, "2014": 3, "2015": 11, "2016": 2, "2017": 2, "2018": 1}, "old_citations": {"2011": 23}, "isVisible": false}, "2098600192": {"name": "zhenzhong zhang", "type": "author", "activity": 5, "h_index": 7, "h5_index": 0, "mag_id": "2098600192", "num_publications": 1, "num_citations": 16, "num_publications_5y": 0, "num_citations_5y": 13, "num_publications_10y": 1, "num_citations_10y": 14, "publications_years": {"2011": 1}, "citations_years": {"2013": 1, "2014": 3, "2015": 4, "2016": 1, "2017": 3, "2018": 2, "2019": 2}, "old_citations": {"2011": 16}, "isVisible": false}, "2101137769": {"name": "feng xia", "type": "author", "activity": 18, "h_index": 34, "h5_index": 21, "mag_id": "2101137769", "num_publications": 1, "num_citations": 3, "num_publications_5y": 0, "num_citations_5y": 0, "num_publications_10y": 1, "num_citations_10y": 2, "publications_years": {"2011": 1}, "citations_years": {"2013": 2, "2014": 0, "2015": 0, "2016": 0, "2017": 0, "2018": 0, "2019": 0, "2020": 1}, "old_citations": {"2011": 3}, "isVisible": false}, "2101747962": {"name": "samee u khan", "type": "author", "activity": 19, "h_index": 47, "h5_index": 19, "mag_id": "2101747962", "num_publications": 1, "num_citations": 6, "num_publications_5y": 0, "num_citations_5y": 4, "num_publications_10y": 1, "num_citations_10y": 6, "publications_years": {"2011": 1}, "citations_years": {"2013": 2, "2014": 1, "2015": 2, "2016": 0, "2017": 1}, "old_citations": {"2011": 6}, "isVisible": false}, "2101990711": {"name": "yu cai", "type": "author", "activity": 16, "h_index": 8, "h5_index": 1, "mag_id": "2101990711", "num_publications": 1, "num_citations": 8, "num_publications_5y": 0, "num_citations_5y": 2, "num_publications_10y": 1, "num_citations_10y": 8, "publications_years": {"2011": 1}, "citations_years": {"2012": 3, "2013": 3, "2014": 2}, "old_citations": {"2011": 8}, "isVisible": false}, "2105655738": {"name": "saleem n bhatti", "type": "author", "activity": 25, "h_index": 21, "h5_index": 2, "mag_id": "2105655738", "num_publications": 1, "num_citations": 20, "num_publications_5y": 0, "num_citations_5y": 12, "num_publications_10y": 1, "num_citations_10y": 19, "publications_years": {"2011": 1}, "citations_years": {"2012": 3, "2013": 4, "2014": 3, "2015": 5, "2016": 2, "2017": 2, "2018": 0, "2019": 1}, "old_citations": {"2011": 20}, "isVisible": false}, "2106026334": {"name": "xiang cui", "type": "author", "activity": 8, "h_index": 5, "h5_index": 1, "mag_id": "2106026334", "num_publications": 1, "num_citations": 3, "num_publications_5y": 0, "num_citations_5y": 0, "num_publications_10y": 1, "num_citations_10y": 2, "publications_years": {"2011": 1}, "citations_years": {"2012": 1, "2013": 1, "2014": 0, "2015": 0, "2016": 0, "2017": 0, "2018": 0, "2019": 1}, "old_citations": {"2011": 3}, "isVisible": false}, "2107238495": {"name": "tianzhou chen", "type": "author", "activity": 24, "h_index": 16, "h5_index": 1, "mag_id": "2107238495", "num_publications": 1, "num_citations": 3, "num_publications_5y": 0, "num_citations_5y": 2, "num_publications_10y": 1, "num_citations_10y": 3, "publications_years": {"2011": 1}, "citations_years": {"2013": 1, "2014": 0, "2015": 0, "2016": 1, "2017": 0, "2018": 1}, "old_citations": {"2011": 3}, "isVisible": false}, "2107892393": {"name": "nan sang", "type": "author", "activity": 5, "h_index": 4, "h5_index": 0, "mag_id": "2107892393", "num_publications": 1, "num_citations": 3, "num_publications_5y": 0, "num_citations_5y": 0, "num_publications_10y": 1, "num_citations_10y": 3, "publications_years": {"2011": 1}, "citations_years": {"2012": 2, "2013": 1}, "old_citations": {"2011": 3}, "isVisible": false}, "2108693498": {"name": "zhong ming", "type": "author", "activity": 12, "h_index": 16, "h5_index": 5, "mag_id": "2108693498", "num_publications": 1, "num_citations": 23, "num_publications_5y": 0, "num_citations_5y": 19, "num_publications_10y": 1, "num_citations_10y": 23, "publications_years": {"2011": 1}, "citations_years": {"2013": 4, "2014": 3, "2015": 11, "2016": 2, "2017": 2, "2018": 1}, "old_citations": {"2011": 23}, "isVisible": false}, "2109758434": {"name": "chenying hou", "type": "author", "activity": 6, "h_index": 6, "h5_index": 1, "mag_id": "2109758434", "num_publications": 1, "num_citations": 0, "num_publications_5y": 0, "num_citations_5y": 0, "num_publications_10y": 1, "num_citations_10y": 0, "publications_years": {"2011": 1}, "citations_years": {}, "old_citations": {"2011": 0}, "isVisible": false}, "2112042812": {"name": "yanqing zhang", "type": "author", "activity": 24, "h_index": 23, "h5_index": 2, "mag_id": "2112042812", "num_publications": 1, "num_citations": 9, "num_publications_5y": 0, "num_citations_5y": 7, "num_publications_10y": 1, "num_citations_10y": 9, "publications_years": {"2011": 1}, "citations_years": {"2012": 1, "2013": 1, "2014": 3, "2015": 2, "2016": 1, "2017": 1}, "old_citations": {"2011": 9}, "isVisible": false}, "2114708568": {"name": "edwin h m sha", "type": "author", "activity": 28, "h_index": 33, "h5_index": 10, "mag_id": "2114708568", "num_publications": 1, "num_citations": 23, "num_publications_5y": 0, "num_citations_5y": 19, "num_publications_10y": 1, "num_citations_10y": 23, "publications_years": {"2011": 1}, "citations_years": {"2013": 4, "2014": 3, "2015": 11, "2016": 2, "2017": 2, "2018": 1}, "old_citations": {"2011": 23}, "isVisible": false}, "2119246027": {"name": "markus tauber", "type": "author", "activity": 4, "h_index": 5, "h5_index": 0, "mag_id": "2119246027", "num_publications": 1, "num_citations": 20, "num_publications_5y": 0, "num_citations_5y": 12, "num_publications_10y": 1, "num_citations_10y": 19, "publications_years": {"2011": 1}, "citations_years": {"2012": 3, "2013": 4, "2014": 3, "2015": 5, "2016": 2, "2017": 2, "2018": 0, "2019": 1}, "old_citations": {"2011": 20}, "isVisible": false}, "2120946704": {"name": "yifeng chen", "type": "author", "activity": 19, "h_index": 9, "h5_index": 1, "mag_id": "2120946704", "num_publications": 1, "num_citations": 3, "num_publications_5y": 0, "num_citations_5y": 0, "num_publications_10y": 1, "num_citations_10y": 2, "publications_years": {"2011": 1}, "citations_years": {"2012": 1, "2013": 1, "2014": 0, "2015": 0, "2016": 0, "2017": 0, "2018": 0, "2019": 1}, "old_citations": {"2011": 3}, "isVisible": false}, "2126933357": {"name": "sirui yang", "type": "author", "activity": 7, "h_index": 6, "h5_index": 0, "mag_id": "2126933357", "num_publications": 1, "num_citations": 1, "num_publications_5y": 0, "num_citations_5y": 1, "num_publications_10y": 1, "num_citations_10y": 1, "publications_years": {"2011": 1}, "citations_years": {"2016": 1}, "old_citations": {"2011": 1}, "isVisible": false}, "2130848692": {"name": "teiwei kuo", "type": "author", "activity": 30, "h_index": 39, "h5_index": 6, "mag_id": "2130848692", "num_publications": 1, "num_citations": 0, "num_publications_5y": 0, "num_citations_5y": 0, "num_publications_10y": 1, "num_citations_10y": 0, "publications_years": {"2011": 1}, "citations_years": {}, "old_citations": {"2011": 0}, "isVisible": false}, "2136575047": {"name": "nakku kim", "type": "author", "activity": 4, "h_index": 2, "h5_index": 0, "mag_id": "2136575047", "num_publications": 1, "num_citations": 23, "num_publications_5y": 0, "num_citations_5y": 15, "num_publications_10y": 1, "num_citations_10y": 22, "publications_years": {"2011": 1}, "citations_years": {"2013": 7, "2014": 6, "2015": 2, "2016": 4, "2017": 3, "2018": 0, "2019": 0, "2020": 1}, "old_citations": {"2011": 23}, "isVisible": false}, "2136864413": {"name": "zhiping jia", "type": "author", "activity": 17, "h_index": 14, "h5_index": 5, "mag_id": "2136864413", "num_publications": 1, "num_citations": 42, "num_publications_5y": 0, "num_citations_5y": 34, "num_publications_10y": 1, "num_citations_10y": 38, "publications_years": {"2011": 1}, "citations_years": {"2011": 1, "2012": 1, "2013": 2, "2014": 4, "2015": 7, "2016": 10, "2017": 6, "2018": 7, "2019": 3, "2020": 1}, "old_citations": {"2011": 42}, "isVisible": false}, "2137328007": {"name": "shiwu lo", "type": "author", "activity": 17, "h_index": 7, "h5_index": 0, "mag_id": "2137328007", "num_publications": 1, "num_citations": 0, "num_publications_5y": 0, "num_citations_5y": 0, "num_publications_10y": 1, "num_citations_10y": 0, "publications_years": {"2011": 1}, "citations_years": {}, "old_citations": {"2011": 0}, "isVisible": false}, "2145671926": {"name": "euiseong seo", "type": "author", "activity": 15, "h_index": 13, "h5_index": 1, "mag_id": "2145671926", "num_publications": 1, "num_citations": 23, "num_publications_5y": 0, "num_citations_5y": 15, "num_publications_10y": 1, "num_citations_10y": 22, "publications_years": {"2011": 1}, "citations_years": {"2013": 7, "2014": 6, "2015": 2, "2016": 4, "2017": 3, "2018": 0, "2019": 0, "2020": 1}, "old_citations": {"2011": 23}, "isVisible": false}, "2146015915": {"name": "youqin zhu", "type": "author", "activity": 1, "h_index": 3, "h5_index": 0, "mag_id": "2146015915", "num_publications": 1, "num_citations": 42, "num_publications_5y": 0, "num_citations_5y": 34, "num_publications_10y": 1, "num_citations_10y": 38, "publications_years": {"2011": 1}, "citations_years": {"2011": 1, "2012": 1, "2013": 2, "2014": 4, "2015": 7, "2016": 10, "2017": 6, "2018": 7, "2019": 3, "2020": 1}, "old_citations": {"2011": 42}, "isVisible": false}, "2146138662": {"name": "ning zheng", "type": "author", "activity": 14, "h_index": 8, "h5_index": 3, "mag_id": "2146138662", "num_publications": 1, "num_citations": 2, "num_publications_5y": 0, "num_citations_5y": 1, "num_publications_10y": 1, "num_citations_10y": 2, "publications_years": {"2011": 1}, "citations_years": {"2013": 1, "2014": 0, "2015": 1}, "old_citations": {"2011": 2}, "isVisible": false}, "2146818720": {"name": "lihan ju", "type": "author", "activity": 4, "h_index": 3, "h5_index": 0, "mag_id": "2146818720", "num_publications": 1, "num_citations": 3, "num_publications_5y": 0, "num_citations_5y": 2, "num_publications_10y": 1, "num_citations_10y": 3, "publications_years": {"2011": 1}, "citations_years": {"2013": 1, "2014": 0, "2015": 0, "2016": 1, "2017": 0, "2018": 1}, "old_citations": {"2011": 3}, "isVisible": false}, "2147089492": {"name": "yanis hadj said", "type": "author", "activity": 1, "h_index": 1, "h5_index": 0, "mag_id": "2147089492", "num_publications": 1, "num_citations": 12, "num_publications_5y": 0, "num_citations_5y": 7, "num_publications_10y": 1, "num_citations_10y": 12, "publications_years": {"2011": 1}, "citations_years": {"2012": 1, "2013": 4, "2014": 1, "2015": 1, "2016": 2, "2017": 0, "2018": 3}, "old_citations": {"2011": 12}, "isVisible": false}, "2149678208": {"name": "jingjie liu", "type": "author", "activity": 5, "h_index": 3, "h5_index": 0, "mag_id": "2149678208", "num_publications": 1, "num_citations": 3, "num_publications_5y": 0, "num_citations_5y": 1, "num_publications_10y": 1, "num_citations_10y": 3, "publications_years": {"2011": 1}, "citations_years": {"2012": 2, "2013": 0, "2014": 1}, "old_citations": {"2011": 3}, "isVisible": false}, "2153687383": {"name": "zhiyong liu", "type": "author", "activity": 30, "h_index": 22, "h5_index": 9, "mag_id": "2153687383", "num_publications": 1, "num_citations": 0, "num_publications_5y": 0, "num_citations_5y": 0, "num_publications_10y": 1, "num_citations_10y": 0, "publications_years": {"2011": 1}, "citations_years": {}, "old_citations": {"2011": 0}, "isVisible": false}, "2155086670": {"name": "fa zhang", "type": "author", "activity": 18, "h_index": 11, "h5_index": 7, "mag_id": "2155086670", "num_publications": 1, "num_citations": 0, "num_publications_5y": 0, "num_citations_5y": 0, "num_publications_10y": 1, "num_citations_10y": 0, "publications_years": {"2011": 1}, "citations_years": {}, "old_citations": {"2011": 0}, "isVisible": false}, "2158537360": {"name": "feiyan shi", "type": "author", "activity": 2, "h_index": 4, "h5_index": 0, "mag_id": "2158537360", "num_publications": 1, "num_citations": 20, "num_publications_5y": 0, "num_citations_5y": 14, "num_publications_10y": 1, "num_citations_10y": 17, "publications_years": {"2011": 1}, "citations_years": {"2013": 3, "2014": 3, "2015": 6, "2016": 1, "2017": 2, "2018": 2, "2019": 3}, "old_citations": {"2011": 20}, "isVisible": false}, "2159122056": {"name": "haibing guan", "type": "author", "activity": 14, "h_index": 24, "h5_index": 10, "mag_id": "2159122056", "num_publications": 1, "num_citations": 4, "num_publications_5y": 0, "num_citations_5y": 1, "num_publications_10y": 1, "num_citations_10y": 4, "publications_years": {"2011": 1}, "citations_years": {"2012": 2, "2013": 1, "2014": 1}, "old_citations": {"2011": 4}, "isVisible": false}, "2159811858": {"name": "shangping ren", "type": "author", "activity": 26, "h_index": 15, "h5_index": 6, "mag_id": "2159811858", "num_publications": 1, "num_citations": 5, "num_publications_5y": 0, "num_citations_5y": 4, "num_publications_10y": 1, "num_citations_10y": 5, "publications_years": {"2011": 1}, "citations_years": {"2013": 1, "2014": 0, "2015": 1, "2016": 2, "2017": 1}, "old_citations": {"2011": 5}, "isVisible": false}, "2160732168": {"name": "shengfeng qiu", "type": "author", "activity": 3, "h_index": 1, "h5_index": 0, "mag_id": "2160732168", "num_publications": 1, "num_citations": 0, "num_publications_5y": 0, "num_citations_5y": 0, "num_publications_10y": 1, "num_citations_10y": 0, "publications_years": {"2011": 1}, "citations_years": {}, "old_citations": {"2011": 0}, "isVisible": false}, "2161017754": {"name": "xinying zheng", "type": "author", "activity": 6, "h_index": 6, "h5_index": 0, "mag_id": "2161017754", "num_publications": 1, "num_citations": 8, "num_publications_5y": 0, "num_citations_5y": 2, "num_publications_10y": 1, "num_citations_10y": 8, "publications_years": {"2011": 1}, "citations_years": {"2012": 3, "2013": 3, "2014": 2}, "old_citations": {"2011": 8}, "isVisible": false}, "2163520108": {"name": "jiayin li", "type": "author", "activity": 7, "h_index": 12, "h5_index": 0, "mag_id": "2163520108", "num_publications": 1, "num_citations": 23, "num_publications_5y": 0, "num_citations_5y": 19, "num_publications_10y": 1, "num_citations_10y": 23, "publications_years": {"2011": 1}, "citations_years": {"2013": 4, "2014": 3, "2015": 11, "2016": 2, "2017": 2, "2018": 1}, "old_citations": {"2011": 23}, "isVisible": false}, "2165082511": {"name": "yongqiang gao", "type": "author", "activity": 4, "h_index": 4, "h5_index": 0, "mag_id": "2165082511", "num_publications": 1, "num_citations": 4, "num_publications_5y": 0, "num_citations_5y": 1, "num_publications_10y": 1, "num_citations_10y": 4, "publications_years": {"2011": 1}, "citations_years": {"2012": 2, "2013": 1, "2014": 1}, "old_citations": {"2011": 4}, "isVisible": false}, "2166596625": {"name": "iulia dumitru", "type": "author", "activity": 3, "h_index": 2, "h5_index": 0, "mag_id": "2166596625", "num_publications": 1, "num_citations": 12, "num_publications_5y": 0, "num_citations_5y": 7, "num_publications_10y": 1, "num_citations_10y": 12, "publications_years": {"2011": 1}, "citations_years": {"2012": 1, "2013": 4, "2014": 1, "2015": 1, "2016": 2, "2017": 0, "2018": 3}, "old_citations": {"2011": 12}, "isVisible": false}, "2206109422": {"name": "zhiwei xu", "type": "author", "activity": 25, "h_index": 22, "h5_index": 5, "mag_id": "2206109422", "num_publications": 1, "num_citations": 3, "num_publications_5y": 0, "num_citations_5y": 1, "num_publications_10y": 1, "num_citations_10y": 3, "publications_years": {"2011": 1}, "citations_years": {"2012": 2, "2013": 0, "2014": 1}, "old_citations": {"2011": 3}, "isVisible": false}, "2221496473": {"name": "zhengwei qi", "type": "author", "activity": 18, "h_index": 17, "h5_index": 6, "mag_id": "2221496473", "num_publications": 1, "num_citations": 4, "num_publications_5y": 0, "num_citations_5y": 1, "num_publications_10y": 1, "num_citations_10y": 4, "publications_years": {"2011": 1}, "citations_years": {"2012": 2, "2013": 1, "2014": 1}, "old_citations": {"2011": 4}, "isVisible": false}, "2222676752": {"name": "wan binqiang", "type": "author", "activity": 1, "h_index": 1, "h5_index": 0, "mag_id": "2222676752", "num_publications": 1, "num_citations": 1, "num_publications_5y": 0, "num_citations_5y": 0, "num_publications_10y": 1, "num_citations_10y": 1, "publications_years": {"2011": 1}, "citations_years": {"2013": 1}, "old_citations": {"2011": 1}, "isVisible": false}, "2223316118": {"name": "sun zhigang", "type": "author", "activity": 15, "h_index": 4, "h5_index": 3, "mag_id": "2223316118", "num_publications": 1, "num_citations": 1, "num_publications_5y": 0, "num_citations_5y": 0, "num_publications_10y": 1, "num_citations_10y": 1, "publications_years": {"2011": 1}, "citations_years": {"2013": 1}, "old_citations": {"2011": 1}, "isVisible": false}, "2224461842": {"name": "you fu lee", "type": "author", "activity": 1, "h_index": 0, "h5_index": 0, "mag_id": "2224461842", "num_publications": 1, "num_citations": 0, "num_publications_5y": 0, "num_citations_5y": 0, "num_publications_10y": 1, "num_citations_10y": 0, "publications_years": {"2011": 1}, "citations_years": {}, "old_citations": {"2011": 0}, "isVisible": false}, "2225858786": {"name": "shengqiu hu", "type": "author", "activity": 1, "h_index": 2, "h5_index": 0, "mag_id": "2225858786", "num_publications": 1, "num_citations": 16, "num_publications_5y": 0, "num_citations_5y": 13, "num_publications_10y": 1, "num_citations_10y": 14, "publications_years": {"2011": 1}, "citations_years": {"2013": 1, "2014": 3, "2015": 4, "2016": 1, "2017": 3, "2018": 2, "2019": 2}, "old_citations": {"2011": 16}, "isVisible": false}, "2226621520": {"name": "wumi zhong", "type": "author", "activity": 1, "h_index": 1, "h5_index": 0, "mag_id": "2226621520", "num_publications": 1, "num_citations": 3, "num_publications_5y": 0, "num_citations_5y": 0, "num_publications_10y": 1, "num_citations_10y": 2, "publications_years": {"2011": 1}, "citations_years": {"2013": 2, "2014": 0, "2015": 0, "2016": 0, "2017": 0, "2018": 0, "2019": 0, "2020": 1}, "old_citations": {"2011": 3}, "isVisible": false}, "2226941118": {"name": "yubin wu", "type": "author", "activity": 2, "h_index": 2, "h5_index": 0, "mag_id": "2226941118", "num_publications": 1, "num_citations": 4, "num_publications_5y": 0, "num_citations_5y": 1, "num_publications_10y": 1, "num_citations_10y": 4, "publications_years": {"2011": 1}, "citations_years": {"2012": 2, "2013": 1, "2014": 1}, "old_citations": {"2011": 4}, "isVisible": false}, "2227990180": {"name": "jeyabalan saravanakumar", "type": "author", "activity": 1, "h_index": 1, "h5_index": 0, "mag_id": "2227990180", "num_publications": 1, "num_citations": 3, "num_publications_5y": 0, "num_citations_5y": 2, "num_publications_10y": 1, "num_citations_10y": 3, "publications_years": {"2011": 1}, "citations_years": {"2012": 1, "2013": 0, "2014": 2}, "old_citations": {"2011": 3}, "isVisible": false}, "2228442754": {"name": "jitao xu", "type": "author", "activity": 1, "h_index": 1, "h5_index": 0, "mag_id": "2228442754", "num_publications": 1, "num_citations": 4, "num_publications_5y": 0, "num_citations_5y": 1, "num_publications_10y": 1, "num_citations_10y": 4, "publications_years": {"2011": 1}, "citations_years": {"2012": 2, "2013": 1, "2014": 1}, "old_citations": {"2011": 4}, "isVisible": false}, "2228537073": {"name": "chungliang hsu", "type": "author", "activity": 1, "h_index": 0, "h5_index": 0, "mag_id": "2228537073", "num_publications": 1, "num_citations": 0, "num_publications_5y": 0, "num_citations_5y": 0, "num_publications_10y": 1, "num_citations_10y": 0, "publications_years": {"2011": 1}, "citations_years": {}, "old_citations": {"2011": 0}, "isVisible": false}, "2228874924": {"name": "zhu yun duanmu", "type": "author", "activity": 1, "h_index": 0, "h5_index": 0, "mag_id": "2228874924", "num_publications": 1, "num_citations": 0, "num_publications_5y": 0, "num_citations_5y": 0, "num_publications_10y": 1, "num_citations_10y": 0, "publications_years": {"2011": 1}, "citations_years": {}, "old_citations": {"2011": 0}, "isVisible": false}, "2231585845": {"name": "v arun muthuraj", "type": "author", "activity": 1, "h_index": 0, "h5_index": 0, "mag_id": "2231585845", "num_publications": 1, "num_citations": 0, "num_publications_5y": 0, "num_citations_5y": 0, "num_publications_10y": 1, "num_citations_10y": 0, "publications_years": {"2011": 1}, "citations_years": {}, "old_citations": {"2011": 0}, "isVisible": false}, "2240536085": {"name": "yi yu", "type": "author", "activity": 3, "h_index": 3, "h5_index": 0, "mag_id": "2240536085", "num_publications": 1, "num_citations": 20, "num_publications_5y": 0, "num_citations_5y": 12, "num_publications_10y": 1, "num_citations_10y": 19, "publications_years": {"2011": 1}, "citations_years": {"2012": 3, "2013": 4, "2014": 3, "2015": 5, "2016": 2, "2017": 2, "2018": 0, "2019": 1}, "old_citations": {"2011": 20}, "isVisible": false}, "2241287711": {"name": "jungwook cho", "type": "author", "activity": 4, "h_index": 3, "h5_index": 0, "mag_id": "2241287711", "num_publications": 1, "num_citations": 23, "num_publications_5y": 0, "num_citations_5y": 15, "num_publications_10y": 1, "num_citations_10y": 22, "publications_years": {"2011": 1}, "citations_years": {"2013": 7, "2014": 6, "2015": 2, "2016": 4, "2017": 3, "2018": 0, "2019": 0, "2020": 1}, "old_citations": {"2011": 23}, "isVisible": false}, "2255041425": {"name": "zheng li", "type": "author", "activity": 12, "h_index": 7, "h5_index": 3, "mag_id": "2255041425", "num_publications": 1, "num_citations": 5, "num_publications_5y": 0, "num_citations_5y": 4, "num_publications_10y": 1, "num_citations_10y": 5, "publications_years": {"2011": 1}, "citations_years": {"2013": 1, "2014": 0, "2015": 1, "2016": 2, "2017": 1}, "old_citations": {"2011": 5}, "isVisible": false}, "2266740220": {"name": "chengchien kuo", "type": "author", "activity": 9, "h_index": 4, "h5_index": 0, "mag_id": "2266740220", "num_publications": 1, "num_citations": 7, "num_publications_5y": 0, "num_citations_5y": 6, "num_publications_10y": 1, "num_citations_10y": 7, "publications_years": {"2011": 1}, "citations_years": {"2013": 1, "2014": 3, "2015": 0, "2016": 1, "2017": 2}, "old_citations": {"2011": 7}, "isVisible": false}, "2279847985": {"name": "lei nie", "type": "author", "activity": 6, "h_index": 2, "h5_index": 1, "mag_id": "2279847985", "num_publications": 1, "num_citations": 3, "num_publications_5y": 0, "num_citations_5y": 1, "num_publications_10y": 1, "num_citations_10y": 3, "publications_years": {"2011": 1}, "citations_years": {"2012": 2, "2013": 0, "2014": 1}, "old_citations": {"2011": 3}, "isVisible": false}, "2301746177": {"name": "hongfeng li", "type": "author", "activity": 2, "h_index": 4, "h5_index": 0, "mag_id": "2301746177", "num_publications": 1, "num_citations": 20, "num_publications_5y": 0, "num_citations_5y": 14, "num_publications_10y": 1, "num_citations_10y": 17, "publications_years": {"2011": 1}, "citations_years": {"2013": 3, "2014": 3, "2015": 6, "2016": 1, "2017": 2, "2018": 2, "2019": 3}, "old_citations": {"2011": 20}, "isVisible": false}, "2309857083": {"name": "changyou zhang", "type": "author", "activity": 10, "h_index": 7, "h5_index": 6, "mag_id": "2309857083", "num_publications": 1, "num_citations": 3, "num_publications_5y": 0, "num_citations_5y": 0, "num_publications_10y": 1, "num_citations_10y": 2, "publications_years": {"2011": 1}, "citations_years": {"2012": 1, "2013": 1, "2014": 0, "2015": 0, "2016": 0, "2017": 0, "2018": 0, "2019": 1}, "old_citations": {"2011": 3}, "isVisible": false}, "2342635350": {"name": "ioana fagarasan", "type": "author", "activity": 15, "h_index": 5, "h5_index": 2, "mag_id": "2342635350", "num_publications": 1, "num_citations": 12, "num_publications_5y": 0, "num_citations_5y": 7, "num_publications_10y": 1, "num_citations_10y": 12, "publications_years": {"2011": 1}, "citations_years": {"2012": 1, "2013": 4, "2014": 1, "2015": 1, "2016": 2, "2017": 0, "2018": 3}, "old_citations": {"2011": 12}, "isVisible": false}, "2342891870": {"name": "hongchan chang", "type": "author", "activity": 13, "h_index": 2, "h5_index": 0, "mag_id": "2342891870", "num_publications": 1, "num_citations": 7, "num_publications_5y": 0, "num_citations_5y": 6, "num_publications_10y": 1, "num_citations_10y": 7, "publications_years": {"2011": 1}, "citations_years": {"2013": 1, "2014": 3, "2015": 0, "2016": 1, "2017": 2}, "old_citations": {"2011": 7}, "isVisible": false}, "2405393716": {"name": "lei ju", "type": "author", "activity": 13, "h_index": 13, "h5_index": 4, "mag_id": "2405393716", "num_publications": 1, "num_citations": 42, "num_publications_5y": 0, "num_citations_5y": 34, "num_publications_10y": 1, "num_citations_10y": 38, "publications_years": {"2011": 1}, "citations_years": {"2011": 1, "2012": 1, "2013": 2, "2014": 4, "2015": 7, "2016": 10, "2017": 6, "2018": 7, "2019": 3, "2020": 1}, "old_citations": {"2011": 42}, "isVisible": false}, "2419943152": {"name": "wei jiang", "type": "author", "activity": 10, "h_index": 5, "h5_index": 3, "mag_id": "2419943152", "num_publications": 1, "num_citations": 3, "num_publications_5y": 0, "num_citations_5y": 0, "num_publications_10y": 1, "num_citations_10y": 3, "publications_years": {"2011": 1}, "citations_years": {"2012": 2, "2013": 1}, "old_citations": {"2011": 3}, "isVisible": false}, "2423260700": {"name": "wen wu", "type": "author", "activity": 1, "h_index": 1, "h5_index": 0, "mag_id": "2423260700", "num_publications": 1, "num_citations": 2, "num_publications_5y": 0, "num_citations_5y": 1, "num_publications_10y": 1, "num_citations_10y": 2, "publications_years": {"2011": 1}, "citations_years": {"2013": 1, "2014": 0, "2015": 1}, "old_citations": {"2011": 2}, "isVisible": false}, "2425367874": {"name": "shaoan lu", "type": "author", "activity": 1, "h_index": 1, "h5_index": 0, "mag_id": "2425367874", "num_publications": 1, "num_citations": 7, "num_publications_5y": 0, "num_citations_5y": 6, "num_publications_10y": 1, "num_citations_10y": 7, "publications_years": {"2011": 1}, "citations_years": {"2013": 1, "2014": 3, "2015": 0, "2016": 1, "2017": 2}, "old_citations": {"2011": 7}, "isVisible": false}, "2427318391": {"name": "shiping yang", "type": "author", "activity": 1, "h_index": 0, "h5_index": 0, "mag_id": "2427318391", "num_publications": 1, "num_citations": 0, "num_publications_5y": 0, "num_citations_5y": 0, "num_publications_10y": 1, "num_citations_10y": 0, "publications_years": {"2011": 1}, "citations_years": {}, "old_citations": {"2011": 0}, "isVisible": false}, "2430851302": {"name": "liang liu", "type": "author", "activity": 11, "h_index": 12, "h5_index": 1, "mag_id": "2430851302", "num_publications": 1, "num_citations": 4, "num_publications_5y": 0, "num_citations_5y": 1, "num_publications_10y": 1, "num_citations_10y": 4, "publications_years": {"2011": 1}, "citations_years": {"2012": 2, "2013": 1, "2014": 1}, "old_citations": {"2011": 4}, "isVisible": false}, "2431102780": {"name": "xiaoyan wang", "type": "author", "activity": 1, "h_index": 0, "h5_index": 0, "mag_id": "2431102780", "num_publications": 1, "num_citations": 0, "num_publications_5y": 0, "num_citations_5y": 0, "num_publications_10y": 1, "num_citations_10y": 0, "publications_years": {"2011": 1}, "citations_years": {}, "old_citations": {"2011": 0}, "isVisible": false}, "2440876519": {"name": "yuan bo", "type": "author", "activity": 9, "h_index": 1, "h5_index": 0, "mag_id": "2440876519", "num_publications": 1, "num_citations": 1, "num_publications_5y": 0, "num_citations_5y": 0, "num_publications_10y": 1, "num_citations_10y": 1, "publications_years": {"2011": 1}, "citations_years": {"2013": 1}, "old_citations": {"2011": 1}, "isVisible": false}, "2460425063": {"name": "hui xia", "type": "author", "activity": 9, "h_index": 11, "h5_index": 5, "mag_id": "2460425063", "num_publications": 1, "num_citations": 42, "num_publications_5y": 0, "num_citations_5y": 34, "num_publications_10y": 1, "num_citations_10y": 38, "publications_years": {"2011": 1}, "citations_years": {"2011": 1, "2012": 1, "2013": 2, "2014": 4, "2015": 7, "2016": 10, "2017": 6, "2018": 7, "2019": 3, "2020": 1}, "old_citations": {"2011": 42}, "isVisible": false}, "2476648553": {"name": "jingyu wang", "type": "author", "activity": 1, "h_index": 1, "h5_index": 0, "mag_id": "2476648553", "num_publications": 1, "num_citations": 1, "num_publications_5y": 0, "num_citations_5y": 1, "num_publications_10y": 1, "num_citations_10y": 1, "publications_years": {"2011": 1}, "citations_years": {"2014": 1}, "old_citations": {"2011": 1}, "isVisible": false}, "2486566030": {"name": "dai yi", "type": "author", "activity": 1, "h_index": 1, "h5_index": 0, "mag_id": "2486566030", "num_publications": 1, "num_citations": 1, "num_publications_5y": 0, "num_citations_5y": 0, "num_publications_10y": 1, "num_citations_10y": 1, "publications_years": {"2011": 1}, "citations_years": {"2013": 1}, "old_citations": {"2011": 1}, "isVisible": false}, "2490163308": {"name": "yunfei bai", "type": "author", "activity": 1, "h_index": 0, "h5_index": 0, "mag_id": "2490163308", "num_publications": 1, "num_citations": 0, "num_publications_5y": 0, "num_citations_5y": 0, "num_publications_10y": 1, "num_citations_10y": 0, "publications_years": {"2011": 1}, "citations_years": {}, "old_citations": {"2011": 0}, "isVisible": false}, "2491948159": {"name": "chunhao huang", "type": "author", "activity": 1, "h_index": 1, "h5_index": 0, "mag_id": "2491948159", "num_publications": 1, "num_citations": 1, "num_publications_5y": 0, "num_citations_5y": 1, "num_publications_10y": 1, "num_citations_10y": 1, "publications_years": {"2011": 1}, "citations_years": {"2014": 1}, "old_citations": {"2011": 1}, "isVisible": false}, "2494194741": {"name": "ming xu", "type": "author", "activity": 13, "h_index": 8, "h5_index": 3, "mag_id": "2494194741", "num_publications": 1, "num_citations": 2, "num_publications_5y": 0, "num_citations_5y": 1, "num_publications_10y": 1, "num_citations_10y": 2, "publications_years": {"2011": 1}, "citations_years": {"2013": 1, "2014": 0, "2015": 1}, "old_citations": {"2011": 2}, "isVisible": false}, "2494876289": {"name": "hong mao", "type": "author", "activity": 1, "h_index": 3, "h5_index": 0, "mag_id": "2494876289", "num_publications": 1, "num_citations": 16, "num_publications_5y": 0, "num_citations_5y": 13, "num_publications_10y": 1, "num_citations_10y": 14, "publications_years": {"2011": 1}, "citations_years": {"2013": 1, "2014": 3, "2015": 4, "2016": 1, "2017": 3, "2018": 2, "2019": 2}, "old_citations": {"2011": 16}, "isVisible": false}, "2497527477": {"name": "chunlin huang", "type": "author", "activity": 1, "h_index": 0, "h5_index": 0, "mag_id": "2497527477", "num_publications": 1, "num_citations": 0, "num_publications_5y": 0, "num_citations_5y": 0, "num_publications_10y": 1, "num_citations_10y": 0, "publications_years": {"2011": 1}, "citations_years": {}, "old_citations": {"2011": 0}, "isVisible": false}, "2536954812": {"name": "damien masson", "type": "author", "activity": 11, "h_index": 7, "h5_index": 2, "mag_id": "2536954812", "num_publications": 1, "num_citations": 11, "num_publications_5y": 0, "num_citations_5y": 5, "num_publications_10y": 1, "num_citations_10y": 11, "publications_years": {"2011": 1}, "citations_years": {"2012": 3, "2013": 3, "2014": 2, "2015": 1, "2016": 1, "2017": 1}, "old_citations": {"2011": 11}, "isVisible": false}, "2541054069": {"name": "jianning liu", "type": "author", "activity": 3, "h_index": 2, "h5_index": 0, "mag_id": "2541054069", "num_publications": 1, "num_citations": 23, "num_publications_5y": 0, "num_citations_5y": 19, "num_publications_10y": 1, "num_citations_10y": 23, "publications_years": {"2011": 1}, "citations_years": {"2013": 4, "2014": 3, "2015": 11, "2016": 2, "2017": 2, "2018": 1}, "old_citations": {"2011": 23}, "isVisible": false}, "2565398356": {"name": "jian xu", "type": "author", "activity": 10, "h_index": 7, "h5_index": 3, "mag_id": "2565398356", "num_publications": 1, "num_citations": 2, "num_publications_5y": 0, "num_citations_5y": 1, "num_publications_10y": 1, "num_citations_10y": 2, "publications_years": {"2011": 1}, "citations_years": {"2013": 1, "2014": 0, "2015": 1}, "old_citations": {"2011": 2}, "isVisible": false}, "2574054072": {"name": "xiaomin liu", "type": "author", "activity": 1, "h_index": 1, "h5_index": 0, "mag_id": "2574054072", "num_publications": 1, "num_citations": 2, "num_publications_5y": 0, "num_citations_5y": 0, "num_publications_10y": 1, "num_citations_10y": 1, "publications_years": {"2011": 1}, "citations_years": {"2013": 1, "2014": 0, "2015": 0, "2016": 0, "2017": 0, "2018": 0, "2019": 0, "2020": 1}, "old_citations": {"2011": 2}, "isVisible": false}, "2580706579": {"name": "wenyan huang", "type": "author", "activity": 3, "h_index": 1, "h5_index": 0, "mag_id": "2580706579", "num_publications": 1, "num_citations": 0, "num_publications_5y": 0, "num_citations_5y": 0, "num_publications_10y": 1, "num_citations_10y": 0, "publications_years": {"2011": 1}, "citations_years": {}, "old_citations": {"2011": 0}, "isVisible": false}, "2581196673": {"name": "zhenlin guo", "type": "author", "activity": 3, "h_index": 3, "h5_index": 0, "mag_id": "2581196673", "num_publications": 1, "num_citations": 3, "num_publications_5y": 0, "num_citations_5y": 0, "num_publications_10y": 1, "num_citations_10y": 3, "publications_years": {"2011": 1}, "citations_years": {"2012": 2, "2013": 1}, "old_citations": {"2011": 3}, "isVisible": false}, "2584340721": {"name": "wei du", "type": "author", "activity": 1, "h_index": 4, "h5_index": 0, "mag_id": "2584340721", "num_publications": 1, "num_citations": 20, "num_publications_5y": 0, "num_citations_5y": 14, "num_publications_10y": 1, "num_citations_10y": 17, "publications_years": {"2011": 1}, "citations_years": {"2013": 3, "2014": 3, "2015": 6, "2016": 1, "2017": 2, "2018": 2, "2019": 3}, "old_citations": {"2011": 20}, "isVisible": false}, "2984823308": {"name": "xin li", "type": "author", "activity": 15, "h_index": 9, "h5_index": 2, "mag_id": "2984823308", "num_publications": 1, "num_citations": 42, "num_publications_5y": 0, "num_citations_5y": 34, "num_publications_10y": 1, "num_citations_10y": 38, "publications_years": {"2011": 1}, "citations_years": {"2011": 1, "2012": 1, "2013": 2, "2014": 4, "2015": 7, "2016": 10, "2017": 6, "2018": 7, "2019": 3, "2020": 1}, "old_citations": {"2011": 42}, "isVisible": false}, "2635274208": {"name": "mingtian zhou", "type": "author", "activity": 1, "h_index": 1, "h5_index": 0, "mag_id": "2635274208", "num_publications": 1, "num_citations": 40, "num_publications_5y": 0, "num_citations_5y": 29, "num_publications_10y": 1, "num_citations_10y": 37, "publications_years": {"2011": 1}, "citations_years": {"2012": 4, "2013": 4, "2014": 6, "2015": 9, "2016": 4, "2017": 5, "2018": 5, "2019": 3}, "old_citations": {"2011": 40}, "isVisible": false}, "2723942798": {"name": "qilin li", "type": "author", "activity": 1, "h_index": 1, "h5_index": 0, "mag_id": "2723942798", "num_publications": 1, "num_citations": 40, "num_publications_5y": 0, "num_citations_5y": 29, "num_publications_10y": 1, "num_citations_10y": 37, "publications_years": {"2011": 1}, "citations_years": {"2012": 4, "2013": 4, "2014": 6, "2015": 9, "2016": 4, "2017": 5, "2018": 5, "2019": 3}, "old_citations": {"2011": 40}, "isVisible": false}, "2654264744": {"name": "wei liu", "type": "author", "activity": 2, "h_index": 5, "h5_index": 0, "mag_id": "2654264744", "num_publications": 1, "num_citations": 20, "num_publications_5y": 0, "num_citations_5y": 14, "num_publications_10y": 1, "num_citations_10y": 17, "publications_years": {"2011": 1}, "citations_years": {"2013": 3, "2014": 3, "2015": 6, "2016": 1, "2017": 2, "2018": 2, "2019": 3}, "old_citations": {"2011": 20}, "isVisible": false}, "3003682815": {"name": "limin xiao", "type": "author", "activity": 1, "h_index": 1, "h5_index": 0, "mag_id": "3003682815", "num_publications": 1, "num_citations": 16, "num_publications_5y": 0, "num_citations_5y": 13, "num_publications_10y": 1, "num_citations_10y": 14, "publications_years": {"2011": 1}, "citations_years": {"2013": 1, "2014": 3, "2015": 4, "2016": 1, "2017": 3, "2018": 2, "2019": 2}, "old_citations": {"2011": 16}, "isVisible": false}, "3004081687": {"name": "li ruan", "type": "author", "activity": 10, "h_index": 12, "h5_index": 0, "mag_id": "3004081687", "num_publications": 1, "num_citations": 16, "num_publications_5y": 0, "num_citations_5y": 13, "num_publications_10y": 1, "num_citations_10y": 14, "publications_years": {"2011": 1}, "citations_years": {"2013": 1, "2014": 3, "2015": 4, "2016": 1, "2017": 3, "2018": 2, "2019": 2}, "old_citations": {"2011": 16}, "isVisible": false}, "2943572827": {"name": "serge midonnet", "type": "author", "activity": 1, "h_index": 1, "h5_index": 0, "mag_id": "2943572827", "num_publications": 1, "num_citations": 11, "num_publications_5y": 0, "num_citations_5y": 5, "num_publications_10y": 1, "num_citations_10y": 11, "publications_years": {"2011": 1}, "citations_years": {"2012": 3, "2013": 3, "2014": 2, "2015": 1, "2016": 1, "2017": 1}, "old_citations": {"2011": 11}, "isVisible": false}, "2632191105": {"name": "zhibo wang", "type": "author", "activity": 1, "h_index": 1, "h5_index": 0, "mag_id": "2632191105", "num_publications": 1, "num_citations": 9, "num_publications_5y": 0, "num_citations_5y": 7, "num_publications_10y": 1, "num_citations_10y": 9, "publications_years": {"2011": 1}, "citations_years": {"2012": 1, "2013": 1, "2014": 3, "2015": 2, "2016": 1, "2017": 1}, "old_citations": {"2011": 9}, "isVisible": false}, "2637168966": {"name": "jhenglun jiang", "type": "author", "activity": 1, "h_index": 1, "h5_index": 0, "mag_id": "2637168966", "num_publications": 1, "num_citations": 7, "num_publications_5y": 0, "num_citations_5y": 6, "num_publications_10y": 1, "num_citations_10y": 7, "publications_years": {"2011": 1}, "citations_years": {"2013": 1, "2014": 3, "2015": 0, "2016": 1, "2017": 2}, "old_citations": {"2011": 7}, "isVisible": false}, "2696419603": {"name": "li wang", "type": "author", "activity": 8, "h_index": 7, "h5_index": 1, "mag_id": "2696419603", "num_publications": 1, "num_citations": 5, "num_publications_5y": 0, "num_citations_5y": 4, "num_publications_10y": 1, "num_citations_10y": 5, "publications_years": {"2011": 1}, "citations_years": {"2013": 1, "2014": 0, "2015": 1, "2016": 2, "2017": 1}, "old_citations": {"2011": 5}, "isVisible": false}, "2805922481": {"name": "guanglei liu", "type": "author", "activity": 2, "h_index": 3, "h5_index": 0, "mag_id": "2805922481", "num_publications": 1, "num_citations": 5, "num_publications_5y": 0, "num_citations_5y": 1, "num_publications_10y": 1, "num_citations_10y": 5, "publications_years": {"2011": 1}, "citations_years": {"2012": 3, "2013": 1, "2014": 1}, "old_citations": {"2011": 5}, "isVisible": false}, "2718370967": {"name": "rui wang", "type": "author", "activity": 1, "h_index": 2, "h5_index": 0, "mag_id": "2718370967", "num_publications": 1, "num_citations": 4, "num_publications_5y": 0, "num_citations_5y": 1, "num_publications_10y": 1, "num_citations_10y": 4, "publications_years": {"2011": 1}, "citations_years": {"2012": 2, "2013": 1, "2014": 1}, "old_citations": {"2011": 4}, "isVisible": false}, "2641616733": {"name": "zenghua zhao", "type": "author", "activity": 1, "h_index": 1, "h5_index": 0, "mag_id": "2641616733", "num_publications": 1, "num_citations": 3, "num_publications_5y": 0, "num_citations_5y": 0, "num_publications_10y": 1, "num_citations_10y": 2, "publications_years": {"2011": 1}, "citations_years": {"2013": 2, "2014": 0, "2015": 0, "2016": 0, "2017": 0, "2018": 0, "2019": 0, "2020": 1}, "old_citations": {"2011": 3}, "isVisible": false}, "2648296243": {"name": "ying song", "type": "author", "activity": 1, "h_index": 1, "h5_index": 0, "mag_id": "2648296243", "num_publications": 1, "num_citations": 3, "num_publications_5y": 0, "num_citations_5y": 2, "num_publications_10y": 1, "num_citations_10y": 3, "publications_years": {"2011": 1}, "citations_years": {"2012": 1, "2013": 0, "2014": 0, "2015": 1, "2016": 1}, "old_citations": {"2011": 3}, "isVisible": false}, "2676989358": {"name": "yuzhong sun", "type": "author", "activity": 1, "h_index": 1, "h5_index": 0, "mag_id": "2676989358", "num_publications": 1, "num_citations": 3, "num_publications_5y": 0, "num_citations_5y": 2, "num_publications_10y": 1, "num_citations_10y": 3, "publications_years": {"2011": 1}, "citations_years": {"2012": 1, "2013": 0, "2014": 0, "2015": 1, "2016": 1}, "old_citations": {"2011": 3}, "isVisible": false}, "2685284090": {"name": "yue ma", "type": "author", "activity": 10, "h_index": 9, "h5_index": 8, "mag_id": "2685284090", "num_publications": 1, "num_citations": 3, "num_publications_5y": 0, "num_citations_5y": 0, "num_publications_10y": 1, "num_citations_10y": 3, "publications_years": {"2011": 1}, "citations_years": {"2012": 2, "2013": 1}, "old_citations": {"2011": 3}, "isVisible": false}, "2695590318": {"name": "haitao li", "type": "author", "activity": 1, "h_index": 1, "h5_index": 0, "mag_id": "2695590318", "num_publications": 1, "num_citations": 3, "num_publications_5y": 0, "num_citations_5y": 3, "num_publications_10y": 1, "num_citations_10y": 3, "publications_years": {"2011": 1}, "citations_years": {"2014": 3}, "old_citations": {"2011": 3}, "isVisible": false}, "2703810284": {"name": "gaotao shi", "type": "author", "activity": 1, "h_index": 1, "h5_index": 0, "mag_id": "2703810284", "num_publications": 1, "num_citations": 3, "num_publications_5y": 0, "num_citations_5y": 0, "num_publications_10y": 1, "num_citations_10y": 2, "publications_years": {"2011": 1}, "citations_years": {"2013": 2, "2014": 0, "2015": 0, "2016": 0, "2017": 0, "2018": 0, "2019": 0, "2020": 1}, "old_citations": {"2011": 3}, "isVisible": false}, "2711205333": {"name": "haiying yuan", "type": "author", "activity": 1, "h_index": 1, "h5_index": 0, "mag_id": "2711205333", "num_publications": 1, "num_citations": 3, "num_publications_5y": 0, "num_citations_5y": 3, "num_publications_10y": 1, "num_citations_10y": 3, "publications_years": {"2011": 1}, "citations_years": {"2014": 3}, "old_citations": {"2011": 3}, "isVisible": false}, "2714884148": {"name": "kun huang", "type": "author", "activity": 6, "h_index": 2, "h5_index": 1, "mag_id": "2714884148", "num_publications": 1, "num_citations": 3, "num_publications_5y": 0, "num_citations_5y": 0, "num_publications_10y": 1, "num_citations_10y": 2, "publications_years": {"2011": 1}, "citations_years": {"2012": 1, "2013": 1, "2014": 0, "2015": 0, "2016": 0, "2017": 0, "2018": 0, "2019": 1}, "old_citations": {"2011": 3}, "isVisible": false}, "2681501740": {"name": "lihua yu", "type": "author", "activity": 1, "h_index": 1, "h5_index": 0, "mag_id": "2681501740", "num_publications": 1, "num_citations": 2, "num_publications_5y": 0, "num_citations_5y": 2, "num_publications_10y": 1, "num_citations_10y": 2, "publications_years": {"2011": 1}, "citations_years": {"2016": 1, "2017": 0, "2018": 1}, "old_citations": {"2011": 2}, "isVisible": false}, "2692217032": {"name": "guosun zeng", "type": "author", "activity": 1, "h_index": 1, "h5_index": 0, "mag_id": "2692217032", "num_publications": 1, "num_citations": 2, "num_publications_5y": 0, "num_citations_5y": 2, "num_publications_10y": 1, "num_citations_10y": 2, "publications_years": {"2011": 1}, "citations_years": {"2016": 1, "2017": 0, "2018": 1}, "old_citations": {"2011": 2}, "isVisible": false}, "2695946758": {"name": "bo zhao", "type": "author", "activity": 1, "h_index": 1, "h5_index": 0, "mag_id": "2695946758", "num_publications": 1, "num_citations": 2, "num_publications_5y": 0, "num_citations_5y": 0, "num_publications_10y": 1, "num_citations_10y": 1, "publications_years": {"2011": 1}, "citations_years": {"2013": 1, "2014": 0, "2015": 0, "2016": 0, "2017": 0, "2018": 0, "2019": 0, "2020": 1}, "old_citations": {"2011": 2}, "isVisible": false}, "2697777653": {"name": "chunling ding", "type": "author", "activity": 1, "h_index": 1, "h5_index": 0, "mag_id": "2697777653", "num_publications": 1, "num_citations": 2, "num_publications_5y": 0, "num_citations_5y": 2, "num_publications_10y": 1, "num_citations_10y": 2, "publications_years": {"2011": 1}, "citations_years": {"2016": 1, "2017": 0, "2018": 1}, "old_citations": {"2011": 2}, "isVisible": false}, "2702540600": {"name": "qinrang liu", "type": "author", "activity": 1, "h_index": 1, "h5_index": 0, "mag_id": "2702540600", "num_publications": 1, "num_citations": 2, "num_publications_5y": 0, "num_citations_5y": 0, "num_publications_10y": 1, "num_citations_10y": 1, "publications_years": {"2011": 1}, "citations_years": {"2013": 1, "2014": 0, "2015": 0, "2016": 0, "2017": 0, "2018": 0, "2019": 0, "2020": 1}, "old_citations": {"2011": 2}, "isVisible": false}}, "countries": {"China": {"name": "China", "type": "country", "h5_index": 214, "num_publications": 19, "num_citations": 152, "num_publications_5y": 0, "num_citations_5y": 109, "num_publications_10y": 19, "num_citations_10y": 139, "publications_years": {"2011": 19}, "citations_years": {"2016": 19, "2017": 16, "2018": 17, "2012": 6, "2013": 23, "2014": 25, "2015": 32, "2019": 10, "2020": 3, "2011": 1}, "old_citations": {"2011": 152}, "isVisible": false}, "United States": {"name": "United States", "type": "country", "h5_index": 308, "num_publications": 13, "num_citations": 71, "num_publications_5y": 0, "num_citations_5y": 47, "num_publications_10y": 13, "num_citations_10y": 71, "publications_years": {"2011": 13}, "citations_years": {"2012": 10, "2013": 14, "2014": 16, "2016": 7, "2015": 16, "2017": 7, "2018": 1}, "old_citations": {"2011": 71}, "isVisible": false}, "Taiwan": {"name": "Taiwan", "type": "country", "h5_index": 69, "num_publications": 3, "num_citations": 8, "num_publications_5y": 0, "num_citations_5y": 7, "num_publications_10y": 3, "num_citations_10y": 8, "publications_years": {"2011": 3}, "citations_years": {"2014": 4, "2013": 1, "2015": 0, "2016": 1, "2017": 2}, "old_citations": {"2011": 8}, "isVisible": false}, "France": {"name": "France", "type": "country", "h5_index": 99, "num_publications": 1, "num_citations": 11, "num_publications_5y": 0, "num_citations_5y": 5, "num_publications_10y": 1, "num_citations_10y": 11, "publications_years": {"2011": 1}, "citations_years": {"2012": 3, "2013": 3, "2014": 2, "2015": 1, "2016": 1, "2017": 1}, "old_citations": {"2011": 11}, "isVisible": false}, "South Korea": {"name": "South Korea", "type": "country", "h5_index": 100, "num_publications": 1, "num_citations": 23, "num_publications_5y": 0, "num_citations_5y": 15, "num_publications_10y": 1, "num_citations_10y": 22, "publications_years": {"2011": 1}, "citations_years": {"2013": 7, "2014": 6, "2015": 2, "2016": 4, "2017": 3, "2018": 0, "2019": 0, "2020": 1}, "old_citations": {"2011": 23}, "isVisible": false}, "United Kingdom": {"name": "United Kingdom", "type": "country", "h5_index": 172, "num_publications": 1, "num_citations": 20, "num_publications_5y": 0, "num_citations_5y": 12, "num_publications_10y": 1, "num_citations_10y": 19, "publications_years": {"2011": 1}, "citations_years": {"2012": 3, "2013": 4, "2014": 3, "2015": 5, "2016": 2, "2017": 2, "2018": 0, "2019": 1}, "old_citations": {"2011": 20}, "isVisible": false}}, "industrial_sectors": {"technology": {"name": "technology", "type": "industrial sector", "h5_index": 229, "num_publications": 4, "num_citations": 8, "num_publications_5y": 0, "num_citations_5y": 4, "num_publications_10y": 4, "num_citations_10y": 8, "publications_years": {"2011": 4}, "citations_years": {"2012": 3, "2013": 1, "2014": 3, "2016": 1}, "old_citations": {"2011": 8}, "isVisible": false}, "computing_and_it": {"name": "computing_and_it", "type": "industrial sector", "h5_index": 221, "num_publications": 3, "num_citations": 7, "num_publications_5y": 0, "num_citations_5y": 3, "num_publications_10y": 3, "num_citations_10y": 7, "publications_years": {"2011": 3}, "citations_years": {"2012": 3, "2013": 1, "2014": 3}, "old_citations": {"2011": 7}, "isVisible": false}, "information_technology": {"name": "information_technology", "type": "industrial sector", "h5_index": 74, "num_publications": 1, "num_citations": 4, "num_publications_5y": 0, "num_citations_5y": 1, "num_publications_10y": 1, "num_citations_10y": 4, "publications_years": {"2011": 1}, "citations_years": {"2012": 2, "2013": 1, "2014": 1}, "old_citations": {"2011": 4}, "isVisible": false}, "semiconductor": {"name": "semiconductor", "type": "industrial sector", "h5_index": 102, "num_publications": 1, "num_citations": 1, "num_publications_5y": 0, "num_citations_5y": 1, "num_publications_10y": 1, "num_citations_10y": 1, "publications_years": {"2011": 1}, "citations_years": {"2016": 1}, "old_citations": {"2011": 1}, "isVisible": false}}}, "conference_comparison": {"computer science": {}}, "topics_dna": {"publications": {}, "citations": {"normalized": {}, "average": {}}}, "info": {"num_publications": 41, "num_citations": 311.0, "impact_factor": {}, "publications_years": {"2011": 41}, "citations_years": {"2011": 1, "2012": 30, "2013": 55, "2014": 57, "2015": 56, "2016": 37, "2017": 32, "2018": 25, "2019": 14, "2020": 4}, "old_citations": {"2011": 311}, "h5_index": 0}, "percentile": {"computer science": {"2011": 82}}, "conference_ranking": {"computer science": {"2011": 764}}, "academia": {"num_publications": 28, "num_citations": 219, "publications_years": {"2011": 28}, "old_citations": {"2011": 219}, "num_publications_5y": 0, "num_citations_5y": 0, "num_publications_10y": 28, "num_citations_10y": 219}, "industry": {"num_publications": 2, "num_citations": 3, "publications_years": {"2011": 2}, "old_citations": {"2011": 3}, "num_publications_5y": 0, "num_citations_5y": 0, "num_publications_10y": 2, "num_citations_10y": 3}, "collaborative": {"num_publications": 2, "num_citations": 5, "publications_years": {"2011": 2}, "old_citations": {"2011": 5}, "num_publications_5y": 0, "num_citations_5y": 0, "num_publications_10y": 2, "num_citations_10y": 5}, "conferences": {}, "journals": {}, "organizations": {"publication_overall": ["Chengdu University of Information Technology", "Cognizant (United States)", "National University of Defense Technology", "Peking University", "St. John's University", "University of Kentucky", "University of Miami", "Beihang University", "Beijing University of Technology", "Chinese Academy of Sciences", "Dalian University of Technology", "East China Normal University", "Georgia State University", "Hangzhou Dianzi University", "Hunan University", "IBM (United States)", "Illinois Institute of Technology", "Intel (United States)", "Michigan Technological University", "National Taiwan University", "National Taiwan University of Science and Technology", "North Dakota State University", "Shandong University", "Shanghai Jiao Tong University", "Shenzhen University", "Tianjin University", "Tongji University", "Tunghai University", "Ulsan National Institute of Science and Technology", "University of Marne la Vall\u00e9e", "University of St Andrews", "Virginia Commonwealth University", "Wuhan University of Technology", "Zhejiang University", "Zhengzhou University"], "citation_overall": ["Shandong University", "University of Kentucky", "Chengdu University of Information Technology", "Hunan University", "Shenzhen University", "Ulsan National Institute of Science and Technology", "University of St Andrews", "Wuhan University of Technology", "Beihang University", "University of Marne la Vall\u00e9e", "University of Miami", "Georgia State University", "Michigan Technological University", "National Taiwan University of Science and Technology", "St. John's University", "North Dakota State University", "Illinois Institute of Technology", "IBM (United States)", "Peking University", "Shanghai Jiao Tong University", "Beijing University of Technology", "Cognizant (United States)", "Dalian University of Technology", "Tianjin University", "Zhejiang University", "Hangzhou Dianzi University", "Tongji University", "Zhengzhou University", "Intel (United States)", "National University of Defense Technology", "Tunghai University", "Chinese Academy of Sciences", "East China Normal University", "National Taiwan University", "Virginia Commonwealth University"], "publication_10_years": ["Chengdu University of Information Technology", "Cognizant (United States)", "National University of Defense Technology", "Peking University", "St. John's University", "University of Kentucky", "University of Miami", "Beihang University", "Beijing University of Technology", "Chinese Academy of Sciences", "Dalian University of Technology", "East China Normal University", "Georgia State University", "Hangzhou Dianzi University", "Hunan University", "IBM (United States)", "Illinois Institute of Technology", "Intel (United States)", "Michigan Technological University", "National Taiwan University", "National Taiwan University of Science and Technology", "North Dakota State University", "Shandong University", "Shanghai Jiao Tong University", "Shenzhen University", "Tianjin University", "Tongji University", "Tunghai University", "Ulsan National Institute of Science and Technology", "University of Marne la Vall\u00e9e", "University of St Andrews", "Virginia Commonwealth University", "Wuhan University of Technology", "Zhejiang University", "Zhengzhou University"], "citation_10_years": ["Shandong University", "University of Kentucky", "Chengdu University of Information Technology", "Hunan University", "Shenzhen University", "Ulsan National Institute of Science and Technology", "University of St Andrews", "Wuhan University of Technology", "Beihang University", "University of Marne la Vall\u00e9e", "University of Miami", "Georgia State University", "Michigan Technological University", "National Taiwan University of Science and Technology", "St. John's University", "North Dakota State University", "Illinois Institute of Technology", "IBM (United States)", "Peking University", "Shanghai Jiao Tong University", "Beijing University of Technology", "Cognizant (United States)", "Dalian University of Technology", "Tianjin University", "Zhejiang University", "Hangzhou Dianzi University", "Tongji University", "Zhengzhou University", "Intel (United States)", "National University of Defense Technology", "Tunghai University", "Chinese Academy of Sciences", "East China Normal University", "National Taiwan University", "Virginia Commonwealth University"], "publication_5_years": [], "citation_5_years": []}, "countries": {"publication_overall": ["China", "United States", "Taiwan", "France", "South Korea", "United Kingdom"], "citation_overall": ["China", "United States", "South Korea", "United Kingdom", "France", "Taiwan"], "publication_10_years": ["China", "United States", "Taiwan", "France", "South Korea", "United Kingdom"], "citation_10_years": ["China", "United States", "South Korea", "United Kingdom", "France", "Taiwan"], "publication_5_years": [], "citation_5_years": []}, "topics": {"publication_overall": ["computer science", "computer systems", "computer networks", "computer hardware", "engineering", "telecommunication networks", "telecommunication systems", "communication systems", "wireless telecommunication systems", "electricity", "energy utilization", "sensors", "telecommunication traffic", "bandwidth", "embedded systems", "sensor nodes", "wireless communications", "mathematics", "routing algorithms", "distributed computer systems"], "citation_overall": ["computer science", "computer systems", "computer hardware", "computer networks", "engineering", "telecommunication networks", "telecommunication systems", "electricity", "energy utilization", "communication systems", "wireless telecommunication systems", "sensors", "sensor nodes", "bandwidth", "artificial intelligence", "telecommunication traffic", "distributed computer systems", "wireless communications", "routers", "routing algorithms"], "publication_10_years": ["computer science", "computer systems", "computer networks", "computer hardware", "engineering", "telecommunication networks", "telecommunication systems", "communication systems", "wireless telecommunication systems", "electricity", "energy utilization", "sensors", "telecommunication traffic", "bandwidth", "embedded systems", "sensor nodes", "wireless communications", "mathematics", "routing algorithms", "distributed computer systems"], "citation_10_years": ["computer science", "computer systems", "computer hardware", "computer networks", "engineering", "telecommunication networks", "telecommunication systems", "electricity", "energy utilization", "communication systems", "wireless telecommunication systems", "sensors", "sensor nodes", "bandwidth", "artificial intelligence", "telecommunication traffic", "distributed computer systems", "wireless communications", "routers", "routing algorithms"], "publication_5_years": [], "citation_5_years": []}, "main_topics": ["computer science"], "authors": {"publication_overall": ["1539357901", "2101967527", "2205317936", "2223949044", "2583832946", "2657102774", "2675861636", "2689808903", "61741735", "101319827", "165967445", "1253972654", "1600900689", "1966722963", "1975460320", "1981290098", "2001345488", "2011765507", "2041283634", "2085831204", "2098600192", "2101137769", "2101747962", "2101990711", "2105655738", "2106026334", "2107238495", "2107892393", "2108693498", "2109758434", "2112042812", "2114708568", "2119246027", "2120946704", "2126933357", "2130848692", "2136575047", "2136864413", "2137328007", "2145671926", "2146015915", "2146138662", "2146818720", "2147089492", "2149678208", "2153687383", "2155086670", "2158537360", "2159122056", "2159811858", "2160732168", "2161017754", "2163520108", "2165082511", "2166596625", "2206109422", "2221496473", "2222676752", "2223316118", "2224461842", "2225858786", "2226621520", "2226941118", "2227990180", "2228442754", "2228537073", "2228874924", "2231585845", "2240536085", "2241287711", "2255041425", "2266740220", "2279847985", "2301746177", "2309857083", "2342635350", "2342891870", "2405393716", "2419943152", "2423260700", "2425367874", "2427318391", "2430851302", "2431102780", "2440876519", "2460425063", "2476648553", "2486566030", "2490163308", "2491948159", "2494194741", "2494876289", "2497527477", "2536954812", "2541054069", "2565398356", "2574054072", "2580706579", "2581196673", "2584340721"], "citation_overall": ["2136864413", "2146015915", "2405393716", "2460425063", "2984823308", "2635274208", "2723942798", "2223949044", "2657102774", "2675861636", "2085831204", "2108693498", "2114708568", "2136575047", "2145671926", "2163520108", "2241287711", "2541054069", "2105655738", "2119246027", "2158537360", "2240536085", "2301746177", "2584340721", "2654264744", "2098600192", "2225858786", "2494876289", "3003682815", "3004081687", "61741735", "1600900689", "2147089492", "2166596625", "2342635350", "101319827", "2536954812", "2943572827", "2101967527", "2112042812", "2632191105", "2101990711", "2161017754", "2266740220", "2342891870", "2425367874", "2637168966", "165967445", "2001345488", "2041283634", "2101747962", "2159811858", "2255041425", "2696419603", "2805922481", "2159122056", "2165082511", "2221496473", "2226941118", "2228442754", "2430851302", "2718370967", "1539357901", "1975460320", "1981290098", "2101137769", "2106026334", "2107238495", "2107892393", "2120946704", "2146818720", "2149678208", "2205317936", "2206109422", "2226621520", "2227990180", "2279847985", "2309857083", "2419943152", "2581196673", "2583832946", "2641616733", "2648296243", "2676989358", "2685284090", "2689808903", "2695590318", "2703810284", "2711205333", "2714884148", "2146138662", "2423260700", "2494194741", "2565398356", "2574054072", "2681501740", "2692217032", "2695946758", "2697777653", "2702540600"], "publication_10_years": ["1539357901", "2101967527", "2205317936", "2223949044", "2583832946", "2657102774", "2675861636", "2689808903", "61741735", "101319827", "165967445", "1253972654", "1600900689", "1966722963", "1975460320", "1981290098", "2001345488", "2011765507", "2041283634", "2085831204", "2098600192", "2101137769", "2101747962", "2101990711", "2105655738", "2106026334", "2107238495", "2107892393", "2108693498", "2109758434", "2112042812", "2114708568", "2119246027", "2120946704", "2126933357", "2130848692", "2136575047", "2136864413", "2137328007", "2145671926", "2146015915", "2146138662", "2146818720", "2147089492", "2149678208", "2153687383", "2155086670", "2158537360", "2159122056", "2159811858", "2160732168", "2161017754", "2163520108", "2165082511", "2166596625", "2206109422", "2221496473", "2222676752", "2223316118", "2224461842", "2225858786", "2226621520", "2226941118", "2227990180", "2228442754", "2228537073", "2228874924", "2231585845", "2240536085", "2241287711", "2255041425", "2266740220", "2279847985", "2301746177", "2309857083", "2342635350", "2342891870", "2405393716", "2419943152", "2423260700", "2425367874", "2427318391", "2430851302", "2431102780", "2440876519", "2460425063", "2476648553", "2486566030", "2490163308", "2491948159", "2494194741", "2494876289", "2497527477", "2536954812", "2541054069", "2565398356", "2574054072", "2580706579", "2581196673", "2584340721"], "citation_10_years": ["2136864413", "2146015915", "2405393716", "2460425063", "2984823308", "2635274208", "2723942798", "2223949044", "2657102774", "2675861636", "2085831204", "2108693498", "2114708568", "2136575047", "2145671926", "2163520108", "2241287711", "2541054069", "2105655738", "2119246027", "2158537360", "2240536085", "2301746177", "2584340721", "2654264744", "2098600192", "2225858786", "2494876289", "3003682815", "3004081687", "61741735", "1600900689", "2147089492", "2166596625", "2342635350", "101319827", "2536954812", "2943572827", "2101967527", "2112042812", "2632191105", "2101990711", "2161017754", "2266740220", "2342891870", "2425367874", "2637168966", "165967445", "2001345488", "2041283634", "2101747962", "2159811858", "2255041425", "2696419603", "2805922481", "2159122056", "2165082511", "2221496473", "2226941118", "2228442754", "2430851302", "2718370967", "1539357901", "1975460320", "1981290098", "2101137769", "2106026334", "2107238495", "2107892393", "2120946704", "2146818720", "2149678208", "2205317936", "2206109422", "2226621520", "2227990180", "2279847985", "2309857083", "2419943152", "2581196673", "2583832946", "2641616733", "2648296243", "2676989358", "2685284090", "2689808903", "2695590318", "2703810284", "2711205333", "2714884148", "2146138662", "2423260700", "2494194741", "2565398356", "2574054072", "2681501740", "2692217032", "2695946758", "2697777653", "2702540600"], "publication_5_years": [], "citation_5_years": []}, "industrial_sectors": {"publication_overall": ["technology", "computing_and_it", "information_technology", "semiconductor"], "citation_overall": ["technology", "computing_and_it", "information_technology", "semiconductor"], "publication_10_years": ["technology", "computing_and_it", "information_technology", "semiconductor"], "citation_10_years": ["technology", "computing_and_it", "information_technology", "semiconductor"], "publication_5_years": [], "citation_5_years": []}}