{"name": "Informatik bewegt: Informatik - . Jahrestagung der Gesellschaft f\u00fcr Informatik e.v.", "acronym": "GI", "type": "conference", "uniqueEntities": {"organizations": {"TU Dortmund University": {"name": "TU Dortmund University", "type": "organization", "organization_type": "Education", "h_index": 73, "h5_index": 31, "num_publications": 3, "num_citations": 6, "num_publications_5y": 0, "num_citations_5y": 1, "num_publications_10y": 0, "num_citations_10y": 2, "publications_years": {"2002": 3}, "citations_years": {"2005": 1, "2006": 0, "2007": 1, "2008": 1, "2009": 1, "2010": 0, "2011": 0, "2012": 0, "2013": 0, "2014": 0, "2015": 0, "2016": 1, "2017": 0, "2018": 0, "2019": 1}, "old_citations": {"2002": 6}, "isVisible": false}, "University of Paderborn": {"name": "University of Paderborn", "type": "organization", "organization_type": "Education", "h_index": 83, "h5_index": 24, "num_publications": 2, "num_citations": 3, "num_publications_5y": 0, "num_citations_5y": 0, "num_publications_10y": 0, "num_citations_10y": 1, "publications_years": {"2002": 2}, "citations_years": {"2003": 2, "2004": 0, "2005": 0, "2006": 0, "2007": 0, "2008": 0, "2009": 0, "2010": 1}, "old_citations": {"2002": 3}, "isVisible": false}, "Daimler (Germany)": {"name": "Daimler (Germany)", "type": "organization", "organization_type": "Company", "h_index": 95, "h5_index": 17, "num_publications": 1, "num_citations": 1, "num_publications_5y": 0, "num_citations_5y": 0, "num_publications_10y": 0, "num_citations_10y": 0, "publications_years": {"2002": 1}, "citations_years": {"2007": 1}, "old_citations": {"2002": 1}, "isVisible": false}, "German Research Centre for Artificial Intelligence": {"name": "German Research Centre for Artificial Intelligence", "type": "organization", "organization_type": "Nonprofit", "h_index": 78, "h5_index": 22, "num_publications": 1, "num_citations": 5, "num_publications_5y": 0, "num_citations_5y": 0, "num_publications_10y": 0, "num_citations_10y": 1, "publications_years": {"2002": 1}, "citations_years": {"2004": 1, "2005": 2, "2006": 0, "2007": 1, "2008": 0, "2009": 0, "2010": 1}, "old_citations": {"2002": 5}, "isVisible": false}, "IBM (United States)": {"name": "IBM (United States)", "type": "organization", "organization_type": "Company", "h_index": 421, "h5_index": 72, "num_publications": 1, "num_citations": 52, "num_publications_5y": 0, "num_citations_5y": 6, "num_publications_10y": 0, "num_citations_10y": 24, "publications_years": {"2002": 1}, "citations_years": {"2002": 1, "2003": 3, "2004": 5, "2005": 2, "2006": 3, "2007": 11, "2008": 3, "2009": 3, "2010": 4, "2011": 4, "2012": 3, "2013": 4, "2014": 2, "2015": 1, "2016": 1, "2017": 1, "2018": 1}, "old_citations": {"2002": 52}, "isVisible": false}, "Iowa State University": {"name": "Iowa State University", "type": "organization", "organization_type": "Education", "h_index": 125, "h5_index": 31, "num_publications": 1, "num_citations": 2, "num_publications_5y": 0, "num_citations_5y": 0, "num_publications_10y": 0, "num_citations_10y": 0, "publications_years": {"2002": 1}, "citations_years": {"2005": 2}, "old_citations": {"2002": 2}, "isVisible": false}, "Keio University": {"name": "Keio University", "type": "organization", "organization_type": "Education", "h_index": 73, "h5_index": 22, "num_publications": 1, "num_citations": 0, "num_publications_5y": 0, "num_citations_5y": 0, "num_publications_10y": 0, "num_citations_10y": 0, "publications_years": {"2002": 1}, "citations_years": {}, "old_citations": {"2002": 0}, "isVisible": false}, "Leipzig University": {"name": "Leipzig University", "type": "organization", "organization_type": "Education", "h_index": 92, "h5_index": 22, "num_publications": 1, "num_citations": 0, "num_publications_5y": 0, "num_citations_5y": 0, "num_publications_10y": 0, "num_citations_10y": 0, "publications_years": {"2002": 1}, "citations_years": {}, "old_citations": {"2002": 0}, "isVisible": false}, "University of Hannover": {"name": "University of Hannover", "type": "organization", "organization_type": "Education", "h_index": 70, "h5_index": 19, "num_publications": 1, "num_citations": 0, "num_publications_5y": 0, "num_citations_5y": 0, "num_publications_10y": 0, "num_citations_10y": 0, "publications_years": {"2002": 1}, "citations_years": {}, "old_citations": {"2002": 0}, "isVisible": false}, "University of Illinois at Urbana Champaign": {"name": "University of Illinois at Urbana Champaign", "type": "organization", "organization_type": "Education", "h_index": 325, "h5_index": 70, "num_publications": 1, "num_citations": 8, "num_publications_5y": 0, "num_citations_5y": 0, "num_publications_10y": 0, "num_citations_10y": 1, "publications_years": {"2002": 1}, "citations_years": {"2003": 2, "2004": 1, "2005": 1, "2006": 2, "2007": 1, "2008": 0, "2009": 0, "2010": 1}, "old_citations": {"2002": 8}, "isVisible": false}, "University of Milan": {"name": "University of Milan", "type": "organization", "organization_type": "Education", "h_index": 110, "h5_index": 26, "num_publications": 1, "num_citations": 5, "num_publications_5y": 0, "num_citations_5y": 0, "num_publications_10y": 0, "num_citations_10y": 1, "publications_years": {"2002": 1}, "citations_years": {"2004": 2, "2005": 1, "2006": 0, "2007": 1, "2008": 0, "2009": 0, "2010": 0, "2011": 1}, "old_citations": {"2002": 5}, "isVisible": false}, "University of Passau": {"name": "University of Passau", "type": "organization", "organization_type": "Education", "h_index": 69, "h5_index": 24, "num_publications": 1, "num_citations": 6, "num_publications_5y": 0, "num_citations_5y": 0, "num_publications_10y": 0, "num_citations_10y": 2, "publications_years": {"2002": 1}, "citations_years": {"2004": 1, "2005": 0, "2006": 0, "2007": 3, "2008": 0, "2009": 1, "2010": 0, "2011": 1}, "old_citations": {"2002": 6}, "isVisible": false}, "University of Zurich": {"name": "University of Zurich", "type": "organization", "organization_type": "Education", "h_index": 118, "h5_index": 44, "num_publications": 1, "num_citations": 2, "num_publications_5y": 0, "num_citations_5y": 1, "num_publications_10y": 0, "num_citations_10y": 2, "publications_years": {"2002": 1}, "citations_years": {"2013": 1, "2014": 0, "2015": 1}, "old_citations": {"2002": 2}, "isVisible": false}, "\u00c9cole Polytechnique F\u00e9d\u00e9rale de Lausanne": {"name": "\u00c9cole Polytechnique F\u00e9d\u00e9rale de Lausanne", "type": "organization", "organization_type": "Facility", "h_index": 216, "h5_index": 61, "num_publications": 1, "num_citations": 52, "num_publications_5y": 0, "num_citations_5y": 6, "num_publications_10y": 0, "num_citations_10y": 24, "publications_years": {"2002": 1}, "citations_years": {"2002": 1, "2003": 3, "2004": 5, "2005": 2, "2006": 3, "2007": 11, "2008": 3, "2009": 3, "2010": 4, "2011": 4, "2012": 3, "2013": 4, "2014": 2, "2015": 1, "2016": 1, "2017": 1, "2018": 1}, "old_citations": {"2002": 52}, "isVisible": false}}, "topics": {"computer science": {"name": "computer science", "type": "topic", "h_index": 1779, "h5_index": 416, "num_publications": 45, "num_citations": 176, "num_publications_5y": 0, "num_citations_5y": 26, "num_publications_10y": 0, "num_citations_10y": 79, "publications_years": {"2002": 45}, "citations_years": {"2013": 9, "2014": 6, "2015": 11, "2005": 14, "2006": 13, "2007": 23, "2008": 9, "2009": 10, "2010": 11, "2011": 14, "2012": 9, "2016": 2, "2017": 3, "2018": 4, "2019": 2, "2004": 17, "2003": 14, "2002": 2, "2001": 2, "2020": 1}, "old_citations": {"2002": 176}, "isVisible": false}, "computer systems": {"name": "computer systems", "type": "topic", "h_index": 1595, "h5_index": 367, "num_publications": 38, "num_citations": 165, "num_publications_5y": 0, "num_citations_5y": 23, "num_publications_10y": 0, "num_citations_10y": 74, "publications_years": {"2002": 38}, "citations_years": {"2013": 8, "2014": 5, "2015": 9, "2005": 12, "2006": 12, "2007": 22, "2008": 8, "2009": 9, "2010": 11, "2011": 14, "2012": 9, "2016": 2, "2017": 3, "2018": 4, "2019": 2, "2004": 17, "2003": 14, "2002": 2, "2001": 1, "2020": 1}, "old_citations": {"2002": 165}, "isVisible": false}, "computer networks": {"name": "computer networks", "type": "topic", "h_index": 1262, "h5_index": 332, "num_publications": 23, "num_citations": 100, "num_publications_5y": 0, "num_citations_5y": 11, "num_publications_10y": 0, "num_citations_10y": 40, "publications_years": {"2002": 23}, "citations_years": {"2005": 10, "2006": 6, "2007": 19, "2008": 4, "2009": 6, "2010": 7, "2011": 8, "2012": 3, "2013": 5, "2014": 3, "2015": 4, "2016": 2, "2017": 1, "2018": 1, "2019": 1, "2004": 11, "2003": 7, "2002": 1, "2001": 1}, "old_citations": {"2002": 100}, "isVisible": false}, "internet": {"name": "internet", "type": "topic", "h_index": 1102, "h5_index": 245, "num_publications": 20, "num_citations": 60, "num_publications_5y": 0, "num_citations_5y": 2, "num_publications_10y": 0, "num_citations_10y": 18, "publications_years": {"2002": 20}, "citations_years": {"2005": 9, "2006": 4, "2007": 10, "2008": 2, "2009": 4, "2010": 4, "2011": 3, "2012": 2, "2013": 3, "2014": 0, "2015": 1, "2016": 1, "2017": 0, "2018": 0, "2019": 1, "2004": 7, "2003": 8, "2020": 1}, "old_citations": {"2002": 60}, "isVisible": false}, "telecommunication systems": {"name": "telecommunication systems", "type": "topic", "h_index": 1187, "h5_index": 277, "num_publications": 20, "num_citations": 76, "num_publications_5y": 0, "num_citations_5y": 6, "num_publications_10y": 0, "num_citations_10y": 30, "publications_years": {"2002": 20}, "citations_years": {"2004": 8, "2005": 5, "2006": 5, "2007": 16, "2008": 3, "2009": 4, "2010": 6, "2011": 7, "2003": 7, "2002": 1, "2012": 3, "2013": 4, "2014": 2, "2015": 1, "2016": 1, "2017": 1, "2018": 1, "2001": 1}, "old_citations": {"2002": 76}, "isVisible": false}, "telecommunication networks": {"name": "telecommunication networks", "type": "topic", "h_index": 1116, "h5_index": 258, "num_publications": 19, "num_citations": 76, "num_publications_5y": 0, "num_citations_5y": 6, "num_publications_10y": 0, "num_citations_10y": 30, "publications_years": {"2002": 19}, "citations_years": {"2004": 8, "2005": 5, "2006": 5, "2007": 16, "2008": 3, "2009": 4, "2010": 6, "2011": 7, "2003": 7, "2002": 1, "2012": 3, "2013": 4, "2014": 2, "2015": 1, "2016": 1, "2017": 1, "2018": 1, "2001": 1}, "old_citations": {"2002": 76}, "isVisible": false}, "artificial intelligence": {"name": "artificial intelligence", "type": "topic", "h_index": 1421, "h5_index": 373, "num_publications": 17, "num_citations": 81, "num_publications_5y": 0, "num_citations_5y": 15, "num_publications_10y": 0, "num_citations_10y": 39, "publications_years": {"2002": 17}, "citations_years": {"2013": 4, "2014": 3, "2015": 7, "2005": 9, "2006": 5, "2007": 7, "2008": 3, "2009": 4, "2010": 5, "2011": 6, "2012": 5, "2016": 1, "2017": 2, "2018": 2, "2019": 2, "2001": 2, "2002": 1, "2003": 6, "2004": 6, "2020": 1}, "old_citations": {"2002": 81}, "isVisible": false}, "communication systems": {"name": "communication systems", "type": "topic", "h_index": 1092, "h5_index": 254, "num_publications": 17, "num_citations": 75, "num_publications_5y": 0, "num_citations_5y": 6, "num_publications_10y": 0, "num_citations_10y": 30, "publications_years": {"2002": 17}, "citations_years": {"2004": 8, "2005": 5, "2006": 5, "2007": 15, "2008": 3, "2009": 4, "2010": 6, "2011": 7, "2003": 7, "2002": 1, "2012": 3, "2013": 4, "2014": 2, "2015": 1, "2016": 1, "2017": 1, "2018": 1, "2001": 1}, "old_citations": {"2002": 75}, "isVisible": false}, "database systems": {"name": "database systems", "type": "topic", "h_index": 1167, "h5_index": 276, "num_publications": 17, "num_citations": 92, "num_publications_5y": 0, "num_citations_5y": 14, "num_publications_10y": 0, "num_citations_10y": 41, "publications_years": {"2002": 17}, "citations_years": {"2005": 9, "2006": 5, "2007": 10, "2008": 5, "2009": 6, "2010": 6, "2011": 7, "2012": 5, "2013": 3, "2014": 3, "2015": 6, "2016": 1, "2017": 2, "2018": 2, "2019": 2, "2004": 10, "2003": 8, "2002": 1, "2020": 1}, "old_citations": {"2002": 92}, "isVisible": false}, "wireless telecommunication systems": {"name": "wireless telecommunication systems", "type": "topic", "h_index": 1087, "h5_index": 254, "num_publications": 17, "num_citations": 75, "num_publications_5y": 0, "num_citations_5y": 6, "num_publications_10y": 0, "num_citations_10y": 30, "publications_years": {"2002": 17}, "citations_years": {"2004": 8, "2005": 5, "2006": 5, "2007": 15, "2008": 3, "2009": 4, "2010": 6, "2011": 7, "2003": 7, "2002": 1, "2012": 3, "2013": 4, "2014": 2, "2015": 1, "2016": 1, "2017": 1, "2018": 1, "2001": 1}, "old_citations": {"2002": 75}, "isVisible": false}, "engineering": {"name": "engineering", "type": "topic", "h_index": 1177, "h5_index": 287, "num_publications": 16, "num_citations": 21, "num_publications_5y": 0, "num_citations_5y": 0, "num_publications_10y": 0, "num_citations_10y": 5, "publications_years": {"2002": 16}, "citations_years": {"2004": 3, "2005": 1, "2006": 2, "2007": 5, "2008": 0, "2009": 1, "2010": 2, "2011": 2, "2003": 4, "2001": 1, "2002": 0}, "old_citations": {"2002": 21}, "isVisible": false}, "information technology": {"name": "information technology", "type": "topic", "h_index": 696, "h5_index": 149, "num_publications": 14, "num_citations": 38, "num_publications_5y": 0, "num_citations_5y": 0, "num_publications_10y": 0, "num_citations_10y": 6, "publications_years": {"2002": 14}, "citations_years": {"2004": 5, "2005": 6, "2006": 5, "2007": 7, "2008": 3, "2009": 1, "2010": 4, "2011": 1, "2003": 6}, "old_citations": {"2002": 38}, "isVisible": false}, "communication channels (information theory)": {"name": "communication channels (information theory)", "type": "topic", "h_index": 925, "h5_index": 216, "num_publications": 13, "num_citations": 62, "num_publications_5y": 0, "num_citations_5y": 6, "num_publications_10y": 0, "num_citations_10y": 28, "publications_years": {"2002": 13}, "citations_years": {"2004": 7, "2005": 2, "2006": 3, "2007": 14, "2008": 3, "2009": 4, "2010": 4, "2011": 7, "2002": 1, "2003": 3, "2012": 3, "2013": 4, "2014": 2, "2015": 1, "2016": 1, "2017": 1, "2018": 1, "2001": 1}, "old_citations": {"2002": 62}, "isVisible": false}, "computer hardware": {"name": "computer hardware", "type": "topic", "h_index": 1150, "h5_index": 279, "num_publications": 13, "num_citations": 82, "num_publications_5y": 0, "num_citations_5y": 8, "num_publications_10y": 0, "num_citations_10y": 34, "publications_years": {"2002": 13}, "citations_years": {"2005": 5, "2006": 6, "2007": 16, "2008": 4, "2009": 5, "2010": 5, "2011": 8, "2012": 4, "2013": 4, "2014": 2, "2015": 1, "2016": 2, "2017": 1, "2018": 2, "2019": 1, "2004": 7, "2002": 1, "2003": 6, "2001": 2}, "old_citations": {"2002": 82}, "isVisible": false}, "human computer interaction": {"name": "human computer interaction", "type": "topic", "h_index": 934, "h5_index": 215, "num_publications": 13, "num_citations": 16, "num_publications_5y": 0, "num_citations_5y": 2, "num_publications_10y": 0, "num_citations_10y": 5, "publications_years": {"2002": 13}, "citations_years": {"2005": 4, "2006": 2, "2007": 1, "2008": 1, "2009": 2, "2010": 0, "2011": 1, "2012": 0, "2013": 0, "2014": 0, "2015": 1, "2016": 1, "2017": 0, "2018": 0, "2019": 1, "2003": 1, "2004": 1}, "old_citations": {"2002": 16}, "isVisible": false}, "telecommunication traffic": {"name": "telecommunication traffic", "type": "topic", "h_index": 1036, "h5_index": 233, "num_publications": 13, "num_citations": 64, "num_publications_5y": 0, "num_citations_5y": 6, "num_publications_10y": 0, "num_citations_10y": 27, "publications_years": {"2002": 13}, "citations_years": {"2004": 7, "2005": 4, "2006": 3, "2007": 15, "2008": 3, "2009": 4, "2010": 4, "2011": 6, "2002": 1, "2003": 3, "2012": 3, "2013": 4, "2014": 2, "2015": 1, "2016": 1, "2017": 1, "2018": 1, "2001": 1}, "old_citations": {"2002": 64}, "isVisible": false}, "world wide web": {"name": "world wide web", "type": "topic", "h_index": 869, "h5_index": 173, "num_publications": 13, "num_citations": 39, "num_publications_5y": 0, "num_citations_5y": 1, "num_publications_10y": 0, "num_citations_10y": 8, "publications_years": {"2002": 13}, "citations_years": {"2005": 7, "2006": 4, "2007": 7, "2008": 2, "2009": 3, "2010": 3, "2011": 1, "2012": 0, "2013": 0, "2014": 0, "2015": 0, "2016": 1, "2017": 0, "2018": 0, "2019": 1, "2004": 4, "2003": 6}, "old_citations": {"2002": 39}, "isVisible": false}, "mathematics": {"name": "mathematics", "type": "topic", "h_index": 1364, "h5_index": 300, "num_publications": 11, "num_citations": 15, "num_publications_5y": 0, "num_citations_5y": 0, "num_publications_10y": 0, "num_citations_10y": 4, "publications_years": {"2002": 11}, "citations_years": {"2004": 3, "2005": 2, "2006": 0, "2007": 5, "2008": 0, "2009": 1, "2010": 1, "2011": 2, "2001": 1, "2002": 0, "2003": 0}, "old_citations": {"2002": 15}, "isVisible": false}, "mobile telecommunication systems": {"name": "mobile telecommunication systems", "type": "topic", "h_index": 732, "h5_index": 170, "num_publications": 11, "num_citations": 62, "num_publications_5y": 0, "num_citations_5y": 6, "num_publications_10y": 0, "num_citations_10y": 28, "publications_years": {"2002": 11}, "citations_years": {"2004": 7, "2005": 2, "2006": 3, "2007": 14, "2008": 3, "2009": 4, "2010": 4, "2011": 7, "2002": 1, "2003": 3, "2012": 3, "2013": 4, "2014": 2, "2015": 1, "2016": 1, "2017": 1, "2018": 1, "2001": 1}, "old_citations": {"2002": 62}, "isVisible": false}, "communication": {"name": "communication", "type": "topic", "h_index": 886, "h5_index": 209, "num_publications": 10, "num_citations": 66, "num_publications_5y": 0, "num_citations_5y": 6, "num_publications_10y": 0, "num_citations_10y": 28, "publications_years": {"2002": 10}, "citations_years": {"2004": 8, "2005": 4, "2006": 3, "2007": 15, "2008": 3, "2009": 4, "2010": 5, "2011": 6, "2002": 1, "2003": 3, "2012": 3, "2013": 4, "2014": 2, "2015": 1, "2016": 1, "2017": 1, "2018": 1, "2001": 1}, "old_citations": {"2002": 66}, "isVisible": false}, "computer security": {"name": "computer security", "type": "topic", "h_index": 977, "h5_index": 220, "num_publications": 10, "num_citations": 99, "num_publications_5y": 0, "num_citations_5y": 10, "num_publications_10y": 0, "num_citations_10y": 42, "publications_years": {"2002": 10}, "citations_years": {"2004": 11, "2005": 8, "2006": 7, "2007": 16, "2008": 6, "2009": 5, "2010": 8, "2002": 1, "2003": 7, "2011": 6, "2012": 5, "2013": 8, "2014": 3, "2015": 4, "2016": 1, "2017": 1, "2018": 1, "2019": 0, "2020": 1}, "old_citations": {"2002": 99}, "isVisible": false}, "cryptography": {"name": "cryptography", "type": "topic", "h_index": 761, "h5_index": 179, "num_publications": 7, "num_citations": 92, "num_publications_5y": 0, "num_citations_5y": 10, "num_publications_10y": 0, "num_citations_10y": 41, "publications_years": {"2002": 7}, "citations_years": {"2004": 10, "2005": 6, "2006": 7, "2007": 14, "2008": 5, "2009": 5, "2010": 7, "2002": 1, "2003": 7, "2011": 6, "2012": 5, "2013": 8, "2014": 3, "2015": 4, "2016": 1, "2017": 1, "2018": 1, "2019": 0, "2020": 1}, "old_citations": {"2002": 92}, "isVisible": false}, "cryptology": {"name": "cryptology", "type": "topic", "h_index": 761, "h5_index": 179, "num_publications": 7, "num_citations": 92, "num_publications_5y": 0, "num_citations_5y": 10, "num_publications_10y": 0, "num_citations_10y": 41, "publications_years": {"2002": 7}, "citations_years": {"2004": 10, "2005": 6, "2006": 7, "2007": 14, "2008": 5, "2009": 5, "2010": 7, "2002": 1, "2003": 7, "2011": 6, "2012": 5, "2013": 8, "2014": 3, "2015": 4, "2016": 1, "2017": 1, "2018": 1, "2019": 0, "2020": 1}, "old_citations": {"2002": 92}, "isVisible": false}, "security of data": {"name": "security of data", "type": "topic", "h_index": 883, "h5_index": 199, "num_publications": 8, "num_citations": 79, "num_publications_5y": 0, "num_citations_5y": 9, "num_publications_10y": 0, "num_citations_10y": 32, "publications_years": {"2002": 8}, "citations_years": {"2004": 9, "2005": 5, "2006": 7, "2007": 14, "2008": 6, "2009": 4, "2010": 6, "2002": 1, "2003": 5, "2011": 5, "2012": 3, "2013": 5, "2014": 3, "2015": 3, "2016": 1, "2017": 1, "2018": 1}, "old_citations": {"2002": 79}, "isVisible": false}, "sensors": {"name": "sensors", "type": "topic", "h_index": 960, "h5_index": 229, "num_publications": 8, "num_citations": 76, "num_publications_5y": 0, "num_citations_5y": 7, "num_publications_10y": 0, "num_citations_10y": 30, "publications_years": {"2002": 8}, "citations_years": {"2005": 5, "2006": 5, "2007": 16, "2008": 4, "2009": 5, "2010": 5, "2011": 6, "2012": 3, "2013": 4, "2014": 2, "2015": 1, "2016": 2, "2017": 1, "2018": 1, "2019": 1, "2004": 7, "2002": 1, "2003": 5, "2001": 2}, "old_citations": {"2002": 76}, "isVisible": false}, "network security": {"name": "network security", "type": "topic", "h_index": 658, "h5_index": 157, "num_publications": 4, "num_citations": 72, "num_publications_5y": 0, "num_citations_5y": 9, "num_publications_10y": 0, "num_citations_10y": 31, "publications_years": {"2002": 4}, "citations_years": {"2002": 1, "2003": 5, "2004": 8, "2005": 5, "2006": 6, "2007": 13, "2008": 3, "2009": 4, "2010": 5, "2011": 5, "2012": 3, "2013": 5, "2014": 3, "2015": 3, "2016": 1, "2017": 1, "2018": 1}, "old_citations": {"2002": 72}, "isVisible": false}, "network architecture": {"name": "network architecture", "type": "topic", "h_index": 747, "h5_index": 266, "num_publications": 6, "num_citations": 66, "num_publications_5y": 0, "num_citations_5y": 8, "num_publications_10y": 0, "num_citations_10y": 29, "publications_years": {"2002": 6}, "citations_years": {"2005": 3, "2006": 3, "2007": 16, "2008": 4, "2009": 5, "2010": 4, "2011": 5, "2012": 3, "2013": 4, "2014": 2, "2015": 2, "2016": 2, "2017": 1, "2018": 1, "2019": 1, "2004": 6, "2002": 1, "2003": 3}, "old_citations": {"2002": 66}, "isVisible": false}, "data communication systems": {"name": "data communication systems", "type": "topic", "h_index": 1013, "h5_index": 234, "num_publications": 10, "num_citations": 65, "num_publications_5y": 0, "num_citations_5y": 6, "num_publications_10y": 0, "num_citations_10y": 27, "publications_years": {"2002": 10}, "citations_years": {"2003": 7, "2004": 6, "2005": 3, "2006": 5, "2007": 13, "2008": 3, "2009": 3, "2010": 6, "2002": 1, "2011": 5, "2012": 3, "2013": 4, "2014": 2, "2015": 1, "2016": 1, "2017": 1, "2018": 1}, "old_citations": {"2002": 65}, "isVisible": false}}, "authors": {"103064199": {"name": "norbert fuhr", "type": "author", "activity": 30, "h_index": 34, "h5_index": 6, "mag_id": "103064199", "num_publications": 2, "num_citations": 6, "num_publications_5y": 0, "num_citations_5y": 0, "num_publications_10y": 0, "num_citations_10y": 1, "publications_years": {"2002": 2}, "citations_years": {"2009": 1, "2003": 1, "2004": 1, "2005": 1, "2006": 2}, "old_citations": {"2002": 6}, "isVisible": false}, "3051739": {"name": "marc diefenbruch", "type": "author", "activity": 1, "h_index": 1, "h5_index": 0, "mag_id": "3051739", "num_publications": 1, "num_citations": 1, "num_publications_5y": 0, "num_citations_5y": 0, "num_publications_10y": 0, "num_citations_10y": 0, "publications_years": {"2002": 1}, "citations_years": {"2003": 1}, "old_citations": {"2002": 1}, "isVisible": false}, "73842927": {"name": "gerhard brewka", "type": "author", "activity": 30, "h_index": 26, "h5_index": 5, "mag_id": "73842927", "num_publications": 1, "num_citations": 0, "num_publications_5y": 0, "num_citations_5y": 0, "num_publications_10y": 0, "num_citations_10y": 0, "publications_years": {"2002": 1}, "citations_years": {}, "old_citations": {"2002": 0}, "isVisible": false}, "75246993": {"name": "adelhard turling", "type": "author", "activity": 8, "h_index": 5, "h5_index": 0, "mag_id": "75246993", "num_publications": 1, "num_citations": 3, "num_publications_5y": 0, "num_citations_5y": 0, "num_publications_10y": 0, "num_citations_10y": 1, "publications_years": {"2002": 1}, "citations_years": {"2003": 2, "2004": 0, "2005": 0, "2006": 0, "2007": 0, "2008": 0, "2009": 0, "2010": 1}, "old_citations": {"2002": 3}, "isVisible": false}, "86562084": {"name": "stefan kopsell", "type": "author", "activity": 20, "h_index": 8, "h5_index": 1, "mag_id": "86562084", "num_publications": 1, "num_citations": 2, "num_publications_5y": 0, "num_citations_5y": 0, "num_publications_10y": 0, "num_citations_10y": 0, "publications_years": {"2002": 1}, "citations_years": {"2007": 1, "2008": 1}, "old_citations": {"2002": 2}, "isVisible": false}, "91793043": {"name": "hannes federrath", "type": "author", "activity": 25, "h_index": 18, "h5_index": 3, "mag_id": "91793043", "num_publications": 1, "num_citations": 2, "num_publications_5y": 0, "num_citations_5y": 0, "num_publications_10y": 0, "num_citations_10y": 0, "publications_years": {"2002": 1}, "citations_years": {"2007": 1, "2008": 1}, "old_citations": {"2002": 2}, "isVisible": false}, "101886518": {"name": "armin hust", "type": "author", "activity": 6, "h_index": 5, "h5_index": 0, "mag_id": "101886518", "num_publications": 1, "num_citations": 5, "num_publications_5y": 0, "num_citations_5y": 0, "num_publications_10y": 0, "num_citations_10y": 1, "publications_years": {"2002": 1}, "citations_years": {"2004": 1, "2005": 2, "2006": 0, "2007": 1, "2008": 0, "2009": 0, "2010": 1}, "old_citations": {"2002": 5}, "isVisible": false}, "111094856": {"name": "tobias windbrake", "type": "author", "activity": 7, "h_index": 2, "h5_index": 0, "mag_id": "111094856", "num_publications": 1, "num_citations": 0, "num_publications_5y": 0, "num_citations_5y": 0, "num_publications_10y": 0, "num_citations_10y": 0, "publications_years": {"2002": 1}, "citations_years": {}, "old_citations": {"2002": 0}, "isVisible": false}, "154878420": {"name": "robert giegerich", "type": "author", "activity": 27, "h_index": 25, "h5_index": 1, "mag_id": "154878420", "num_publications": 1, "num_citations": 5, "num_publications_5y": 0, "num_citations_5y": 1, "num_publications_10y": 0, "num_citations_10y": 3, "publications_years": {"2002": 1}, "citations_years": {"2003": 1, "2004": 0, "2005": 0, "2006": 1, "2007": 0, "2008": 0, "2009": 0, "2010": 0, "2011": 1, "2012": 1, "2013": 0, "2014": 0, "2015": 0, "2016": 0, "2017": 0, "2018": 1}, "old_citations": {"2002": 5}, "isVisible": false}, "160412567": {"name": "nico maibaum", "type": "author", "activity": 3, "h_index": 3, "h5_index": 0, "mag_id": "160412567", "num_publications": 1, "num_citations": 0, "num_publications_5y": 0, "num_citations_5y": 0, "num_publications_10y": 0, "num_citations_10y": 0, "publications_years": {"2002": 1}, "citations_years": {}, "old_citations": {"2002": 0}, "isVisible": false}, "176995229": {"name": "klaus alfert", "type": "author", "activity": 3, "h_index": 2, "h5_index": 0, "mag_id": "176995229", "num_publications": 1, "num_citations": 0, "num_publications_5y": 0, "num_citations_5y": 0, "num_publications_10y": 0, "num_citations_10y": 0, "publications_years": {"2002": 1}, "citations_years": {}, "old_citations": {"2002": 0}, "isVisible": false}, "201743434": {"name": "sascha kriewel", "type": "author", "activity": 13, "h_index": 7, "h5_index": 0, "mag_id": "201743434", "num_publications": 1, "num_citations": 5, "num_publications_5y": 0, "num_citations_5y": 0, "num_publications_10y": 0, "num_citations_10y": 0, "publications_years": {"2002": 1}, "citations_years": {"2003": 1, "2004": 1, "2005": 1, "2006": 2}, "old_citations": {"2002": 5}, "isVisible": false}, "234179058": {"name": "sonja buchegger", "type": "author", "activity": 18, "h_index": 18, "h5_index": 1, "mag_id": "234179058", "num_publications": 1, "num_citations": 52, "num_publications_5y": 0, "num_citations_5y": 6, "num_publications_10y": 0, "num_citations_10y": 24, "publications_years": {"2002": 1}, "citations_years": {"2002": 1, "2003": 3, "2004": 5, "2005": 2, "2006": 3, "2007": 11, "2008": 3, "2009": 3, "2010": 4, "2011": 4, "2012": 3, "2013": 4, "2014": 2, "2015": 1, "2016": 1, "2017": 1, "2018": 1}, "old_citations": {"2002": 52}, "isVisible": false}, "316221988": {"name": "thomas grechenig", "type": "author", "activity": 27, "h_index": 14, "h5_index": 2, "mag_id": "316221988", "num_publications": 1, "num_citations": 0, "num_publications_5y": 0, "num_citations_5y": 0, "num_publications_10y": 0, "num_citations_10y": 0, "publications_years": {"2002": 1}, "citations_years": {}, "old_citations": {"2002": 0}, "isVisible": false}, "383384562": {"name": "stefan piger", "type": "author", "activity": 8, "h_index": 4, "h5_index": 0, "mag_id": "383384562", "num_publications": 1, "num_citations": 0, "num_publications_5y": 0, "num_citations_5y": 0, "num_publications_10y": 0, "num_citations_10y": 0, "publications_years": {"2002": 1}, "citations_years": {}, "old_citations": {"2002": 0}, "isVisible": false}, "441851660": {"name": "kai grosjohann", "type": "author", "activity": 11, "h_index": 6, "h5_index": 0, "mag_id": "441851660", "num_publications": 1, "num_citations": 5, "num_publications_5y": 0, "num_citations_5y": 0, "num_publications_10y": 0, "num_citations_10y": 0, "publications_years": {"2002": 1}, "citations_years": {"2003": 1, "2004": 1, "2005": 1, "2006": 2}, "old_citations": {"2002": 5}, "isVisible": false}, "568953367": {"name": "ernsterich doberkat", "type": "author", "activity": 13, "h_index": 5, "h5_index": 0, "mag_id": "568953367", "num_publications": 1, "num_citations": 0, "num_publications_5y": 0, "num_citations_5y": 0, "num_publications_10y": 0, "num_citations_10y": 0, "publications_years": {"2002": 1}, "citations_years": {}, "old_citations": {"2002": 0}, "isVisible": false}, "670430106": {"name": "clemens h cap", "type": "author", "activity": 28, "h_index": 10, "h5_index": 2, "mag_id": "670430106", "num_publications": 1, "num_citations": 0, "num_publications_5y": 0, "num_citations_5y": 0, "num_publications_10y": 0, "num_citations_10y": 0, "publications_years": {"2002": 1}, "citations_years": {}, "old_citations": {"2002": 0}, "isVisible": false}, "719052178": {"name": "wolfgang zuser", "type": "author", "activity": 5, "h_index": 4, "h5_index": 0, "mag_id": "719052178", "num_publications": 1, "num_citations": 0, "num_publications_5y": 0, "num_citations_5y": 0, "num_publications_10y": 0, "num_citations_10y": 0, "publications_years": {"2002": 1}, "citations_years": {}, "old_citations": {"2002": 0}, "isVisible": false}, "721765052": {"name": "gerhard h schildt", "type": "author", "activity": 8, "h_index": 1, "h5_index": 0, "mag_id": "721765052", "num_publications": 1, "num_citations": 0, "num_publications_5y": 0, "num_citations_5y": 0, "num_publications_10y": 0, "num_citations_10y": 0, "publications_years": {"2002": 1}, "citations_years": {}, "old_citations": {"2002": 0}, "isVisible": false}, "1110895193": {"name": "yki kortesniemi", "type": "author", "activity": 21, "h_index": 3, "h5_index": 2, "mag_id": "1110895193", "num_publications": 1, "num_citations": 7, "num_publications_5y": 0, "num_citations_5y": 3, "num_publications_10y": 0, "num_citations_10y": 5, "publications_years": {"2002": 1}, "citations_years": {"2005": 1, "2006": 1, "2007": 0, "2008": 0, "2009": 1, "2010": 0, "2011": 0, "2012": 0, "2013": 1, "2014": 1, "2015": 2}, "old_citations": {"2002": 7}, "isVisible": false}, "1969619023": {"name": "stefan klink", "type": "author", "activity": 12, "h_index": 9, "h5_index": 0, "mag_id": "1969619023", "num_publications": 1, "num_citations": 5, "num_publications_5y": 0, "num_citations_5y": 0, "num_publications_10y": 0, "num_citations_10y": 1, "publications_years": {"2002": 1}, "citations_years": {"2004": 1, "2005": 2, "2006": 0, "2007": 1, "2008": 0, "2009": 0, "2010": 1}, "old_citations": {"2002": 5}, "isVisible": false}, "2009051901": {"name": "carsten schulte", "type": "author", "activity": 19, "h_index": 16, "h5_index": 2, "mag_id": "2009051901", "num_publications": 1, "num_citations": 0, "num_publications_5y": 0, "num_citations_5y": 0, "num_publications_10y": 0, "num_citations_10y": 0, "publications_years": {"2002": 1}, "citations_years": {}, "old_citations": {"2002": 0}, "isVisible": false}, "2035096403": {"name": "ursula gather", "type": "author", "activity": 22, "h_index": 10, "h5_index": 0, "mag_id": "2035096403", "num_publications": 1, "num_citations": 0, "num_publications_5y": 0, "num_citations_5y": 0, "num_publications_10y": 0, "num_citations_10y": 0, "publications_years": {"2002": 1}, "citations_years": {}, "old_citations": {"2002": 0}, "isVisible": false}, "2070565061": {"name": "katharina morik", "type": "author", "activity": 29, "h_index": 20, "h5_index": 4, "mag_id": "2070565061", "num_publications": 1, "num_citations": 6, "num_publications_5y": 0, "num_citations_5y": 1, "num_publications_10y": 0, "num_citations_10y": 2, "publications_years": {"2002": 1}, "citations_years": {"2005": 1, "2006": 0, "2007": 1, "2008": 1, "2009": 1, "2010": 0, "2011": 0, "2012": 0, "2013": 0, "2014": 0, "2015": 0, "2016": 1, "2017": 0, "2018": 0, "2019": 1}, "old_citations": {"2002": 6}, "isVisible": false}, "2078136799": {"name": "marianne winslett", "type": "author", "activity": 31, "h_index": 39, "h5_index": 5, "mag_id": "2078136799", "num_publications": 1, "num_citations": 8, "num_publications_5y": 0, "num_citations_5y": 0, "num_publications_10y": 0, "num_citations_10y": 1, "publications_years": {"2002": 1}, "citations_years": {"2003": 2, "2004": 1, "2005": 1, "2006": 2, "2007": 1, "2008": 0, "2009": 0, "2010": 1}, "old_citations": {"2002": 8}, "isVisible": false}, "2087987499": {"name": "pierangela samarati", "type": "author", "activity": 30, "h_index": 57, "h5_index": 6, "mag_id": "2087987499", "num_publications": 1, "num_citations": 5, "num_publications_5y": 0, "num_citations_5y": 0, "num_publications_10y": 0, "num_citations_10y": 1, "publications_years": {"2002": 1}, "citations_years": {"2004": 2, "2005": 1, "2006": 0, "2007": 1, "2008": 0, "2009": 0, "2010": 0, "2011": 1}, "old_citations": {"2002": 5}, "isVisible": false}, "2100168392": {"name": "stefan bottcher", "type": "author", "activity": 30, "h_index": 11, "h5_index": 3, "mag_id": "2100168392", "num_publications": 1, "num_citations": 3, "num_publications_5y": 0, "num_citations_5y": 0, "num_publications_10y": 0, "num_citations_10y": 1, "publications_years": {"2002": 1}, "citations_years": {"2003": 2, "2004": 0, "2005": 0, "2006": 0, "2007": 0, "2008": 0, "2009": 0, "2010": 1}, "old_citations": {"2002": 3}, "isVisible": false}, "2108561392": {"name": "christian kohls", "type": "author", "activity": 18, "h_index": 5, "h5_index": 1, "mag_id": "2108561392", "num_publications": 1, "num_citations": 0, "num_publications_5y": 0, "num_citations_5y": 0, "num_publications_10y": 0, "num_citations_10y": 0, "publications_years": {"2002": 1}, "citations_years": {}, "old_citations": {"2002": 0}, "isVisible": false}, "2136680303": {"name": "gregor engels", "type": "author", "activity": 31, "h_index": 31, "h5_index": 4, "mag_id": "2136680303", "num_publications": 1, "num_citations": 0, "num_publications_5y": 0, "num_citations_5y": 0, "num_publications_10y": 0, "num_citations_10y": 0, "publications_years": {"2002": 1}, "citations_years": {}, "old_citations": {"2002": 0}, "isVisible": false}, "2137654705": {"name": "marcel hoffmann", "type": "author", "activity": 8, "h_index": 6, "h5_index": 0, "mag_id": "2137654705", "num_publications": 1, "num_citations": 1, "num_publications_5y": 0, "num_citations_5y": 0, "num_publications_10y": 0, "num_citations_10y": 0, "publications_years": {"2002": 1}, "citations_years": {"2003": 1}, "old_citations": {"2002": 1}, "isVisible": false}, "2153086089": {"name": "roland fried", "type": "author", "activity": 20, "h_index": 11, "h5_index": 2, "mag_id": "2153086089", "num_publications": 1, "num_citations": 0, "num_publications_5y": 0, "num_citations_5y": 0, "num_publications_10y": 0, "num_citations_10y": 0, "publications_years": {"2002": 1}, "citations_years": {}, "old_citations": {"2002": 0}, "isVisible": false}, "2159973444": {"name": "christian grimm", "type": "author", "activity": 8, "h_index": 5, "h5_index": 0, "mag_id": "2159973444", "num_publications": 1, "num_citations": 0, "num_publications_5y": 0, "num_citations_5y": 0, "num_publications_10y": 0, "num_citations_10y": 0, "publications_years": {"2002": 1}, "citations_years": {}, "old_citations": {"2002": 0}, "isVisible": false}, "2186162728": {"name": "burkhard freitag", "type": "author", "activity": 22, "h_index": 11, "h5_index": 0, "mag_id": "2186162728", "num_publications": 1, "num_citations": 6, "num_publications_5y": 0, "num_citations_5y": 0, "num_publications_10y": 0, "num_citations_10y": 2, "publications_years": {"2002": 1}, "citations_years": {"2004": 1, "2005": 0, "2006": 0, "2007": 3, "2008": 0, "2009": 1, "2010": 0, "2011": 1}, "old_citations": {"2002": 6}, "isVisible": false}, "2194666898": {"name": "ulrik schroeder", "type": "author", "activity": 18, "h_index": 15, "h5_index": 4, "mag_id": "2194666898", "num_publications": 1, "num_citations": 0, "num_publications_5y": 0, "num_citations_5y": 0, "num_publications_10y": 0, "num_citations_10y": 0, "publications_years": {"2002": 1}, "citations_years": {}, "old_citations": {"2002": 0}, "isVisible": false}, "2262247663": {"name": "volker brendel", "type": "author", "activity": 22, "h_index": 9, "h5_index": 1, "mag_id": "2262247663", "num_publications": 1, "num_citations": 2, "num_publications_5y": 0, "num_citations_5y": 0, "num_publications_10y": 0, "num_citations_10y": 0, "publications_years": {"2002": 1}, "citations_years": {"2005": 2}, "old_citations": {"2002": 2}, "isVisible": false}, "2262686782": {"name": "thomas leich", "type": "author", "activity": 19, "h_index": 20, "h5_index": 11, "mag_id": "2262686782", "num_publications": 1, "num_citations": 0, "num_publications_5y": 0, "num_citations_5y": 0, "num_publications_10y": 0, "num_citations_10y": 0, "publications_years": {"2002": 1}, "citations_years": {}, "old_citations": {"2002": 0}, "isVisible": false}, "2263846210": {"name": "jan m pawlowski", "type": "author", "activity": 23, "h_index": 14, "h5_index": 2, "mag_id": "2263846210", "num_publications": 1, "num_citations": 1, "num_publications_5y": 0, "num_citations_5y": 0, "num_publications_10y": 0, "num_citations_10y": 0, "publications_years": {"2002": 1}, "citations_years": {"2004": 1}, "old_citations": {"2002": 1}, "isVisible": false}, "2277859558": {"name": "corina kopka", "type": "author", "activity": 3, "h_index": 3, "h5_index": 0, "mag_id": "2277859558", "num_publications": 1, "num_citations": 0, "num_publications_5y": 0, "num_citations_5y": 0, "num_publications_10y": 0, "num_citations_10y": 0, "publications_years": {"2002": 1}, "citations_years": {}, "old_citations": {"2002": 0}, "isVisible": false}, "2282459590": {"name": "thomas herrmann", "type": "author", "activity": 27, "h_index": 18, "h5_index": 3, "mag_id": "2282459590", "num_publications": 1, "num_citations": 1, "num_publications_5y": 0, "num_citations_5y": 0, "num_publications_10y": 0, "num_citations_10y": 0, "publications_years": {"2002": 1}, "citations_years": {"2003": 1}, "old_citations": {"2002": 1}, "isVisible": false}, "2288166122": {"name": "hans jurgen holberg", "type": "author", "activity": 1, "h_index": 0, "h5_index": 0, "mag_id": "2288166122", "num_publications": 1, "num_citations": 0, "num_publications_5y": 0, "num_citations_5y": 0, "num_publications_10y": 0, "num_citations_10y": 0, "publications_years": {"2002": 1}, "citations_years": {}, "old_citations": {"2002": 0}, "isVisible": false}, "2289974251": {"name": "wilhelm hasselbring", "type": "author", "activity": 1, "h_index": 0, "h5_index": 0, "mag_id": "2289974251", "num_publications": 1, "num_citations": 0, "num_publications_5y": 0, "num_citations_5y": 0, "num_publications_10y": 0, "num_citations_10y": 0, "publications_years": {"2002": 1}, "citations_years": {}, "old_citations": {"2002": 0}, "isVisible": false}, "2290182661": {"name": "heiko nieman", "type": "author", "activity": 1, "h_index": 0, "h5_index": 0, "mag_id": "2290182661", "num_publications": 1, "num_citations": 0, "num_publications_5y": 0, "num_citations_5y": 0, "num_publications_10y": 0, "num_citations_10y": 0, "publications_years": {"2002": 1}, "citations_years": {}, "old_citations": {"2002": 0}, "isVisible": false}, "2294397137": {"name": "james c taylor", "type": "author", "activity": 15, "h_index": 3, "h5_index": 0, "mag_id": "2294397137", "num_publications": 1, "num_citations": 15, "num_publications_5y": 0, "num_citations_5y": 1, "num_publications_10y": 0, "num_citations_10y": 9, "publications_years": {"2002": 1}, "citations_years": {"2003": 2, "2004": 1, "2005": 1, "2006": 0, "2007": 1, "2008": 0, "2009": 1, "2010": 1, "2011": 1, "2012": 2, "2013": 3, "2014": 0, "2015": 1, "2016": 0, "2017": 0, "2018": 0, "2019": 0, "2020": 1}, "old_citations": {"2002": 15}, "isVisible": false}, "2306305617": {"name": "frank hoppner", "type": "author", "activity": 20, "h_index": 10, "h5_index": 1, "mag_id": "2306305617", "num_publications": 1, "num_citations": 34, "num_publications_5y": 0, "num_citations_5y": 12, "num_publications_10y": 0, "num_citations_10y": 22, "publications_years": {"2002": 1}, "citations_years": {"2002": 1, "2003": 2, "2004": 3, "2005": 1, "2006": 1, "2007": 2, "2008": 1, "2009": 2, "2010": 1, "2011": 4, "2012": 3, "2013": 0, "2014": 3, "2015": 5, "2016": 0, "2017": 2, "2018": 2, "2019": 1}, "old_citations": {"2002": 34}, "isVisible": false}, "2337784015": {"name": "masaru tomit", "type": "author", "activity": 1, "h_index": 0, "h5_index": 0, "mag_id": "2337784015", "num_publications": 1, "num_citations": 0, "num_publications_5y": 0, "num_citations_5y": 0, "num_publications_10y": 0, "num_citations_10y": 0, "publications_years": {"2002": 1}, "citations_years": {}, "old_citations": {"2002": 0}, "isVisible": false}, "2399987061": {"name": "denis gohr", "type": "author", "activity": 4, "h_index": 0, "h5_index": 0, "mag_id": "2399987061", "num_publications": 1, "num_citations": 0, "num_publications_5y": 0, "num_citations_5y": 0, "num_publications_10y": 0, "num_citations_10y": 0, "publications_years": {"2002": 1}, "citations_years": {}, "old_citations": {"2002": 0}, "isVisible": false}, "2409414805": {"name": "daniel effing", "type": "author", "activity": 1, "h_index": 1, "h5_index": 0, "mag_id": "2409414805", "num_publications": 1, "num_citations": 5, "num_publications_5y": 0, "num_citations_5y": 0, "num_publications_10y": 0, "num_citations_10y": 0, "publications_years": {"2002": 1}, "citations_years": {"2003": 1, "2004": 1, "2005": 1, "2006": 2}, "old_citations": {"2002": 5}, "isVisible": false}, "2429249806": {"name": "andreas dengel", "type": "author", "activity": 31, "h_index": 34, "h5_index": 11, "mag_id": "2429249806", "num_publications": 1, "num_citations": 5, "num_publications_5y": 0, "num_citations_5y": 0, "num_publications_10y": 0, "num_citations_10y": 1, "publications_years": {"2002": 1}, "citations_years": {"2004": 1, "2005": 2, "2006": 0, "2007": 1, "2008": 0, "2009": 0, "2010": 1}, "old_citations": {"2002": 5}, "isVisible": false}, "2434777373": {"name": "michael kaufmann", "type": "author", "activity": 1, "h_index": 0, "h5_index": 0, "mag_id": "2434777373", "num_publications": 1, "num_citations": 0, "num_publications_5y": 0, "num_citations_5y": 0, "num_publications_10y": 0, "num_citations_10y": 0, "publications_years": {"2002": 1}, "citations_years": {}, "old_citations": {"2002": 0}, "isVisible": false}, "2462273774": {"name": "gudrun fischer", "type": "author", "activity": 7, "h_index": 3, "h5_index": 0, "mag_id": "2462273774", "num_publications": 1, "num_citations": 1, "num_publications_5y": 0, "num_citations_5y": 0, "num_publications_10y": 0, "num_citations_10y": 1, "publications_years": {"2002": 1}, "citations_years": {"2009": 1}, "old_citations": {"2002": 1}, "isVisible": false}, "2462370894": {"name": "markus junker", "type": "author", "activity": 11, "h_index": 10, "h5_index": 0, "mag_id": "2462370894", "num_publications": 1, "num_citations": 5, "num_publications_5y": 0, "num_citations_5y": 0, "num_publications_10y": 0, "num_citations_10y": 1, "publications_years": {"2002": 1}, "citations_years": {"2004": 1, "2005": 2, "2006": 0, "2007": 1, "2008": 0, "2009": 0, "2010": 1}, "old_citations": {"2002": 5}, "isVisible": false}, "2489617147": {"name": "hansgerd schaal", "type": "author", "activity": 1, "h_index": 1, "h5_index": 0, "mag_id": "2489617147", "num_publications": 1, "num_citations": 1, "num_publications_5y": 0, "num_citations_5y": 0, "num_publications_10y": 0, "num_citations_10y": 0, "publications_years": {"2002": 1}, "citations_years": {"2003": 1}, "old_citations": {"2002": 1}, "isVisible": false}, "2499384987": {"name": "rodney a brooks", "type": "author", "activity": 1, "h_index": 1, "h5_index": 0, "mag_id": "2499384987", "num_publications": 1, "num_citations": 2, "num_publications_5y": 0, "num_citations_5y": 0, "num_publications_10y": 0, "num_citations_10y": 0, "publications_years": {"2002": 1}, "citations_years": {"2001": 1, "2002": 0, "2003": 0, "2004": 0, "2005": 1}, "old_citations": {"2002": 2}, "isVisible": false}, "2501379004": {"name": "norbert jesse", "type": "author", "activity": 1, "h_index": 1, "h5_index": 0, "mag_id": "2501379004", "num_publications": 1, "num_citations": 2, "num_publications_5y": 0, "num_citations_5y": 0, "num_publications_10y": 0, "num_citations_10y": 1, "publications_years": {"2002": 1}, "citations_years": {"2003": 1, "2004": 0, "2005": 0, "2006": 0, "2007": 0, "2008": 0, "2009": 0, "2010": 0, "2011": 1}, "old_citations": {"2002": 2}, "isVisible": false}, "2551226204": {"name": "jean ives le boundec", "type": "author", "activity": 1, "h_index": 1, "h5_index": 0, "mag_id": "2551226204", "num_publications": 1, "num_citations": 52, "num_publications_5y": 0, "num_citations_5y": 6, "num_publications_10y": 0, "num_citations_10y": 24, "publications_years": {"2002": 1}, "citations_years": {"2002": 1, "2003": 3, "2004": 5, "2005": 2, "2006": 3, "2007": 11, "2008": 3, "2009": 3, "2010": 4, "2011": 4, "2012": 3, "2013": 4, "2014": 2, "2015": 1, "2016": 1, "2017": 1, "2018": 1}, "old_citations": {"2002": 52}, "isVisible": false}, "2632109822": {"name": "hanswerner wiesbrock", "type": "author", "activity": 1, "h_index": 0, "h5_index": 0, "mag_id": "2632109822", "num_publications": 1, "num_citations": 0, "num_publications_5y": 0, "num_citations_5y": 0, "num_publications_10y": 0, "num_citations_10y": 0, "publications_years": {"2002": 1}, "citations_years": {}, "old_citations": {"2002": 0}, "isVisible": false}, "2636393746": {"name": "frederic legare", "type": "author", "activity": 1, "h_index": 1, "h5_index": 0, "mag_id": "2636393746", "num_publications": 1, "num_citations": 5, "num_publications_5y": 0, "num_citations_5y": 0, "num_publications_10y": 0, "num_citations_10y": 1, "publications_years": {"2002": 1}, "citations_years": {"2004": 1, "2005": 0, "2006": 1, "2007": 0, "2008": 2, "2009": 0, "2010": 1}, "old_citations": {"2002": 5}, "isVisible": false}, "2637310913": {"name": "christian brem", "type": "author", "activity": 25, "h_index": 0, "h5_index": 0, "mag_id": "2637310913", "num_publications": 1, "num_citations": 0, "num_publications_5y": 0, "num_citations_5y": 0, "num_publications_10y": 0, "num_citations_10y": 0, "publications_years": {"2002": 1}, "citations_years": {}, "old_citations": {"2002": 0}, "isVisible": false}, "2641360528": {"name": "christoph ruland", "type": "author", "activity": 1, "h_index": 0, "h5_index": 0, "mag_id": "2641360528", "num_publications": 1, "num_citations": 0, "num_publications_5y": 0, "num_citations_5y": 0, "num_publications_10y": 0, "num_citations_10y": 0, "publications_years": {"2002": 1}, "citations_years": {}, "old_citations": {"2002": 0}, "isVisible": false}, "2641805068": {"name": "heiko dorr", "type": "author", "activity": 1, "h_index": 0, "h5_index": 0, "mag_id": "2641805068", "num_publications": 1, "num_citations": 0, "num_publications_5y": 0, "num_citations_5y": 0, "num_publications_10y": 0, "num_citations_10y": 0, "publications_years": {"2002": 1}, "citations_years": {}, "old_citations": {"2002": 0}, "isVisible": false}, "2655819848": {"name": "wolfgang gentzsch", "type": "author", "activity": 1, "h_index": 0, "h5_index": 0, "mag_id": "2655819848", "num_publications": 1, "num_citations": 0, "num_publications_5y": 0, "num_citations_5y": 0, "num_publications_10y": 0, "num_citations_10y": 0, "publications_years": {"2002": 1}, "citations_years": {}, "old_citations": {"2002": 0}, "isVisible": false}, "2661634752": {"name": "christine haller", "type": "author", "activity": 1, "h_index": 0, "h5_index": 0, "mag_id": "2661634752", "num_publications": 1, "num_citations": 0, "num_publications_5y": 0, "num_citations_5y": 0, "num_publications_10y": 0, "num_citations_10y": 0, "publications_years": {"2002": 1}, "citations_years": {}, "old_citations": {"2002": 0}, "isVisible": false}, "2665956042": {"name": "norbert hammer", "type": "author", "activity": 1, "h_index": 0, "h5_index": 0, "mag_id": "2665956042", "num_publications": 1, "num_citations": 0, "num_publications_5y": 0, "num_citations_5y": 0, "num_publications_10y": 0, "num_citations_10y": 0, "publications_years": {"2002": 1}, "citations_years": {}, "old_citations": {"2002": 0}, "isVisible": false}, "2668364189": {"name": "stefan ruping", "type": "author", "activity": 12, "h_index": 8, "h5_index": 0, "mag_id": "2668364189", "num_publications": 1, "num_citations": 3, "num_publications_5y": 0, "num_citations_5y": 0, "num_publications_10y": 0, "num_citations_10y": 1, "publications_years": {"2002": 1}, "citations_years": {"2006": 1, "2007": 0, "2008": 1, "2009": 0, "2010": 1}, "old_citations": {"2002": 3}, "isVisible": false}, "2668467237": {"name": "gunnar teege", "type": "author", "activity": 1, "h_index": 1, "h5_index": 0, "mag_id": "2668467237", "num_publications": 1, "num_citations": 1, "num_publications_5y": 0, "num_citations_5y": 0, "num_publications_10y": 0, "num_citations_10y": 0, "publications_years": {"2002": 1}, "citations_years": {"2003": 1}, "old_citations": {"2002": 1}, "isVisible": false}, "2670387104": {"name": "peter breitling", "type": "author", "activity": 1, "h_index": 1, "h5_index": 0, "mag_id": "2670387104", "num_publications": 1, "num_citations": 1, "num_publications_5y": 0, "num_citations_5y": 0, "num_publications_10y": 0, "num_citations_10y": 0, "publications_years": {"2002": 1}, "citations_years": {"2003": 1}, "old_citations": {"2002": 1}, "isVisible": false}, "2681022901": {"name": "andreas friesen", "type": "author", "activity": 1, "h_index": 0, "h5_index": 0, "mag_id": "2681022901", "num_publications": 1, "num_citations": 0, "num_publications_5y": 0, "num_citations_5y": 0, "num_publications_10y": 0, "num_citations_10y": 0, "publications_years": {"2002": 1}, "citations_years": {}, "old_citations": {"2002": 0}, "isVisible": false}, "2688579462": {"name": "gero presser", "type": "author", "activity": 1, "h_index": 1, "h5_index": 0, "mag_id": "2688579462", "num_publications": 1, "num_citations": 2, "num_publications_5y": 0, "num_citations_5y": 0, "num_publications_10y": 0, "num_citations_10y": 1, "publications_years": {"2002": 1}, "citations_years": {"2001": 1, "2002": 0, "2003": 0, "2004": 0, "2005": 0, "2006": 0, "2007": 0, "2008": 0, "2009": 0, "2010": 0, "2011": 1}, "old_citations": {"2002": 2}, "isVisible": false}, "2692728282": {"name": "heinrich langos", "type": "author", "activity": 1, "h_index": 1, "h5_index": 0, "mag_id": "2692728282", "num_publications": 1, "num_citations": 2, "num_publications_5y": 0, "num_citations_5y": 0, "num_publications_10y": 0, "num_citations_10y": 0, "publications_years": {"2002": 1}, "citations_years": {"2007": 1, "2008": 1}, "old_citations": {"2002": 2}, "isVisible": false}, "2694974745": {"name": "thomas fanghanel", "type": "author", "activity": 1, "h_index": 1, "h5_index": 0, "mag_id": "2694974745", "num_publications": 1, "num_citations": 1, "num_publications_5y": 0, "num_citations_5y": 0, "num_publications_10y": 0, "num_citations_10y": 0, "publications_years": {"2002": 1}, "citations_years": {"2003": 1}, "old_citations": {"2002": 1}, "isVisible": false}, "2696025583": {"name": "matthias rarey", "type": "author", "activity": 1, "h_index": 1, "h5_index": 0, "mag_id": "2696025583", "num_publications": 1, "num_citations": 1, "num_publications_5y": 0, "num_citations_5y": 0, "num_publications_10y": 0, "num_citations_10y": 0, "publications_years": {"2002": 1}, "citations_years": {"2006": 1}, "old_citations": {"2002": 1}, "isVisible": false}, "2697508049": {"name": "stefan brands", "type": "author", "activity": 1, "h_index": 1, "h5_index": 0, "mag_id": "2697508049", "num_publications": 1, "num_citations": 5, "num_publications_5y": 0, "num_citations_5y": 0, "num_publications_10y": 0, "num_citations_10y": 1, "publications_years": {"2002": 1}, "citations_years": {"2004": 1, "2005": 0, "2006": 1, "2007": 0, "2008": 2, "2009": 0, "2010": 1}, "old_citations": {"2002": 5}, "isVisible": false}, "2704919132": {"name": "hagen hopfner", "type": "author", "activity": 1, "h_index": 1, "h5_index": 0, "mag_id": "2704919132", "num_publications": 1, "num_citations": 1, "num_publications_5y": 0, "num_citations_5y": 0, "num_publications_10y": 0, "num_citations_10y": 1, "publications_years": {"2002": 1}, "citations_years": {"2011": 1}, "old_citations": {"2002": 1}, "isVisible": false}, "2709727768": {"name": "bernd reusch", "type": "author", "activity": 1, "h_index": 1, "h5_index": 0, "mag_id": "2709727768", "num_publications": 1, "num_citations": 2, "num_publications_5y": 0, "num_citations_5y": 0, "num_publications_10y": 0, "num_citations_10y": 1, "publications_years": {"2002": 1}, "citations_years": {"2003": 1, "2004": 0, "2005": 0, "2006": 0, "2007": 0, "2008": 0, "2009": 0, "2010": 0, "2011": 1}, "old_citations": {"2002": 2}, "isVisible": false}, "2716792362": {"name": "sigrid schubert", "type": "author", "activity": 1, "h_index": 1, "h5_index": 0, "mag_id": "2716792362", "num_publications": 1, "num_citations": 2, "num_publications_5y": 0, "num_citations_5y": 0, "num_publications_10y": 0, "num_citations_10y": 1, "publications_years": {"2002": 1}, "citations_years": {"2003": 1, "2004": 0, "2005": 0, "2006": 0, "2007": 0, "2008": 0, "2009": 0, "2010": 0, "2011": 1}, "old_citations": {"2002": 2}, "isVisible": false}, "2721771376": {"name": "marco plack", "type": "author", "activity": 1, "h_index": 0, "h5_index": 0, "mag_id": "2721771376", "num_publications": 1, "num_citations": 0, "num_publications_5y": 0, "num_citations_5y": 0, "num_publications_10y": 0, "num_citations_10y": 0, "publications_years": {"2002": 1}, "citations_years": {}, "old_citations": {"2002": 0}, "isVisible": false}, "2797149309": {"name": "martin scholz", "type": "author", "activity": 6, "h_index": 7, "h5_index": 0, "mag_id": "2797149309", "num_publications": 1, "num_citations": 6, "num_publications_5y": 0, "num_citations_5y": 1, "num_publications_10y": 0, "num_citations_10y": 2, "publications_years": {"2002": 1}, "citations_years": {"2005": 1, "2006": 0, "2007": 1, "2008": 1, "2009": 1, "2010": 0, "2011": 0, "2012": 0, "2013": 0, "2014": 0, "2015": 0, "2016": 1, "2017": 0, "2018": 0, "2019": 1}, "old_citations": {"2002": 6}, "isVisible": false}, "2803137215": {"name": "benno schwikowski", "type": "author", "activity": 1, "h_index": 1, "h5_index": 0, "mag_id": "2803137215", "num_publications": 1, "num_citations": 1, "num_publications_5y": 0, "num_citations_5y": 1, "num_publications_10y": 0, "num_citations_10y": 1, "publications_years": {"2002": 1}, "citations_years": {"2015": 1}, "old_citations": {"2002": 1}, "isVisible": false}, "2920575535": {"name": "rolf pfeifer", "type": "author", "activity": 29, "h_index": 32, "h5_index": 3, "mag_id": "2920575535", "num_publications": 1, "num_citations": 2, "num_publications_5y": 0, "num_citations_5y": 1, "num_publications_10y": 0, "num_citations_10y": 2, "publications_years": {"2002": 1}, "citations_years": {"2013": 1, "2014": 0, "2015": 1}, "old_citations": {"2002": 2}, "isVisible": false}, "2973368267": {"name": "gholamreza nakhaeizadeh", "type": "author", "activity": 1, "h_index": 1, "h5_index": 0, "mag_id": "2973368267", "num_publications": 1, "num_citations": 1, "num_publications_5y": 0, "num_citations_5y": 0, "num_publications_10y": 0, "num_citations_10y": 0, "publications_years": {"2002": 1}, "citations_years": {"2007": 1}, "old_citations": {"2002": 1}, "isVisible": false}, "2974080134": {"name": "edgar hotz", "type": "author", "activity": 1, "h_index": 1, "h5_index": 0, "mag_id": "2974080134", "num_publications": 1, "num_citations": 1, "num_publications_5y": 0, "num_citations_5y": 0, "num_publications_10y": 0, "num_citations_10y": 0, "publications_years": {"2002": 1}, "citations_years": {"2007": 1}, "old_citations": {"2002": 1}, "isVisible": false}, "2974529599": {"name": "lars heyden", "type": "author", "activity": 1, "h_index": 0, "h5_index": 0, "mag_id": "2974529599", "num_publications": 1, "num_citations": 0, "num_publications_5y": 0, "num_citations_5y": 0, "num_publications_10y": 0, "num_citations_10y": 0, "publications_years": {"2002": 1}, "citations_years": {}, "old_citations": {"2002": 0}, "isVisible": false}, "2974793725": {"name": "udo grimmer", "type": "author", "activity": 1, "h_index": 1, "h5_index": 0, "mag_id": "2974793725", "num_publications": 1, "num_citations": 1, "num_publications_5y": 0, "num_citations_5y": 0, "num_publications_10y": 0, "num_citations_10y": 0, "publications_years": {"2002": 1}, "citations_years": {"2007": 1}, "old_citations": {"2002": 1}, "isVisible": false}, "2984290801": {"name": "roland eils", "type": "author", "activity": 1, "h_index": 0, "h5_index": 0, "mag_id": "2984290801", "num_publications": 1, "num_citations": 0, "num_publications_5y": 0, "num_citations_5y": 0, "num_publications_10y": 0, "num_citations_10y": 0, "publications_years": {"2002": 1}, "citations_years": {}, "old_citations": {"2002": 0}, "isVisible": false}}, "countries": {"Germany": {"name": "Germany", "type": "country", "h5_index": 139, "num_publications": 10, "num_citations": 21, "num_publications_5y": 0, "num_citations_5y": 1, "num_publications_10y": 0, "num_citations_10y": 6, "publications_years": {"2002": 10}, "citations_years": {"2005": 3, "2006": 0, "2007": 6, "2008": 1, "2009": 2, "2010": 2, "2011": 1, "2012": 0, "2013": 0, "2014": 0, "2015": 0, "2016": 1, "2017": 0, "2018": 0, "2019": 1, "2004": 2, "2003": 2}, "old_citations": {"2002": 21}, "isVisible": false}, "United States": {"name": "United States", "type": "country", "h5_index": 308, "num_publications": 3, "num_citations": 62, "num_publications_5y": 0, "num_citations_5y": 6, "num_publications_10y": 0, "num_citations_10y": 25, "publications_years": {"2002": 3}, "citations_years": {"2002": 1, "2003": 5, "2004": 6, "2005": 5, "2006": 5, "2007": 12, "2008": 3, "2009": 3, "2010": 5, "2011": 4, "2012": 3, "2013": 4, "2014": 2, "2015": 1, "2016": 1, "2017": 1, "2018": 1}, "old_citations": {"2002": 62}, "isVisible": false}, "Switzerland": {"name": "Switzerland", "type": "country", "h5_index": 102, "num_publications": 2, "num_citations": 54, "num_publications_5y": 0, "num_citations_5y": 7, "num_publications_10y": 0, "num_citations_10y": 26, "publications_years": {"2002": 2}, "citations_years": {"2013": 5, "2014": 2, "2015": 2, "2002": 1, "2003": 3, "2004": 5, "2005": 2, "2006": 3, "2007": 11, "2008": 3, "2009": 3, "2010": 4, "2011": 4, "2012": 3, "2016": 1, "2017": 1, "2018": 1}, "old_citations": {"2002": 54}, "isVisible": false}, "Italy": {"name": "Italy", "type": "country", "h5_index": 94, "num_publications": 1, "num_citations": 5, "num_publications_5y": 0, "num_citations_5y": 0, "num_publications_10y": 0, "num_citations_10y": 1, "publications_years": {"2002": 1}, "citations_years": {"2004": 2, "2005": 1, "2006": 0, "2007": 1, "2008": 0, "2009": 0, "2010": 0, "2011": 1}, "old_citations": {"2002": 5}, "isVisible": false}, "Japan": {"name": "Japan", "type": "country", "h5_index": 94, "num_publications": 1, "num_citations": 0, "num_publications_5y": 0, "num_citations_5y": 0, "num_publications_10y": 0, "num_citations_10y": 0, "publications_years": {"2002": 1}, "citations_years": {}, "old_citations": {"2002": 0}, "isVisible": false}}, "industrial_sectors": {"automotive": {"name": "automotive", "type": "industrial sector", "h5_index": 42, "num_publications": 1, "num_citations": 1, "num_publications_5y": 0, "num_citations_5y": 0, "num_publications_10y": 0, "num_citations_10y": 0, "publications_years": {"2002": 1}, "citations_years": {"2007": 1}, "old_citations": {"2002": 1}, "isVisible": false}, "computing_and_it": {"name": "computing_and_it", "type": "industrial sector", "h5_index": 221, "num_publications": 1, "num_citations": 52, "num_publications_5y": 0, "num_citations_5y": 6, "num_publications_10y": 0, "num_citations_10y": 24, "publications_years": {"2002": 1}, "citations_years": {"2002": 1, "2003": 3, "2004": 5, "2005": 2, "2006": 3, "2007": 11, "2008": 3, "2009": 3, "2010": 4, "2011": 4, "2012": 3, "2013": 4, "2014": 2, "2015": 1, "2016": 1, "2017": 1, "2018": 1}, "old_citations": {"2002": 52}, "isVisible": false}, "information_technology": {"name": "information_technology", "type": "industrial sector", "h5_index": 74, "num_publications": 1, "num_citations": 52, "num_publications_5y": 0, "num_citations_5y": 6, "num_publications_10y": 0, "num_citations_10y": 24, "publications_years": {"2002": 1}, "citations_years": {"2002": 1, "2003": 3, "2004": 5, "2005": 2, "2006": 3, "2007": 11, "2008": 3, "2009": 3, "2010": 4, "2011": 4, "2012": 3, "2013": 4, "2014": 2, "2015": 1, "2016": 1, "2017": 1, "2018": 1}, "old_citations": {"2002": 52}, "isVisible": false}, "technology": {"name": "technology", "type": "industrial sector", "h5_index": 229, "num_publications": 1, "num_citations": 52, "num_publications_5y": 0, "num_citations_5y": 6, "num_publications_10y": 0, "num_citations_10y": 24, "publications_years": {"2002": 1}, "citations_years": {"2002": 1, "2003": 3, "2004": 5, "2005": 2, "2006": 3, "2007": 11, "2008": 3, "2009": 3, "2010": 4, "2011": 4, "2012": 3, "2013": 4, "2014": 2, "2015": 1, "2016": 1, "2017": 1, "2018": 1}, "old_citations": {"2002": 52}, "isVisible": false}, "transportation": {"name": "transportation", "type": "industrial sector", "h5_index": 43, "num_publications": 1, "num_citations": 1, "num_publications_5y": 0, "num_citations_5y": 0, "num_publications_10y": 0, "num_citations_10y": 0, "publications_years": {"2002": 1}, "citations_years": {"2007": 1}, "old_citations": {"2002": 1}, "isVisible": false}}}, "conference_comparison": {"computer science": {}}, "topics_dna": {"publications": {}, "citations": {"normalized": {}, "average": {}}}, "info": {"num_publications": 49, "num_citations": 180.0, "impact_factor": {}, "publications_years": {"2002": 49}, "citations_years": {"2001": 2, "2002": 2, "2003": 17, "2004": 17, "2005": 14, "2006": 13, "2007": 23, "2008": 9, "2009": 10, "2010": 11, "2011": 15, "2012": 9, "2013": 9, "2014": 6, "2015": 11, "2016": 2, "2017": 3, "2018": 4, "2019": 2, "2020": 1}, "old_citations": {"2002": 180}, "h5_index": 0}, "percentile": {"computer science": {"2002": 82}}, "conference_ranking": {"computer science": {"2002": 765}}, "academia": {"num_publications": 13, "num_citations": 32, "publications_years": {"2002": 13}, "old_citations": {"2002": 32}, "num_publications_5y": 0, "num_citations_5y": 0, "num_publications_10y": 0, "num_citations_10y": 0}, "industry": {"num_publications": 1, "num_citations": 1, "publications_years": {"2002": 1}, "old_citations": {"2002": 1}, "num_publications_5y": 0, "num_citations_5y": 0, "num_publications_10y": 0, "num_citations_10y": 0}, "collaborative": {"num_publications": 0, "num_citations": 0, "publications_years": {}, "old_citations": {}, "num_publications_5y": 0, "num_citations_5y": 0, "num_publications_10y": 0, "num_citations_10y": 0}, "conferences": {}, "journals": {}, "organizations": {"publication_overall": ["TU Dortmund University", "University of Paderborn", "Daimler (Germany)", "German Research Centre for Artificial Intelligence", "IBM (United States)", "Iowa State University", "Keio University", "Leipzig University", "University of Hannover", "University of Illinois at Urbana Champaign", "University of Milan", "University of Passau", "University of Zurich", "\u00c9cole Polytechnique F\u00e9d\u00e9rale de Lausanne"], "citation_overall": ["IBM (United States)", "\u00c9cole Polytechnique F\u00e9d\u00e9rale de Lausanne", "University of Illinois at Urbana Champaign", "TU Dortmund University", "University of Passau", "German Research Centre for Artificial Intelligence", "University of Milan", "University of Paderborn", "Iowa State University", "University of Zurich", "Daimler (Germany)", "Keio University", "Leipzig University", "University of Hannover"], "publication_10_years": [], "citation_10_years": [], "publication_5_years": [], "citation_5_years": []}, "countries": {"publication_overall": ["Germany", "United States", "Switzerland", "Italy", "Japan"], "citation_overall": ["United States", "Switzerland", "Germany", "Italy", "Japan"], "publication_10_years": [], "citation_10_years": [], "publication_5_years": [], "citation_5_years": []}, "topics": {"publication_overall": ["computer science", "computer systems", "computer networks", "internet", "telecommunication systems", "telecommunication networks", "artificial intelligence", "communication systems", "database systems", "wireless telecommunication systems", "engineering", "information technology", "communication channels (information theory)", "computer hardware", "human computer interaction", "telecommunication traffic", "world wide web", "mathematics", "mobile telecommunication systems", "communication"], "citation_overall": ["computer science", "computer systems", "computer networks", "computer security", "cryptography", "cryptology", "database systems", "computer hardware", "artificial intelligence", "security of data", "sensors", "telecommunication networks", "telecommunication systems", "communication systems", "wireless telecommunication systems", "network security", "communication", "network architecture", "data communication systems", "telecommunication traffic"], "publication_10_years": [], "citation_10_years": [], "publication_5_years": [], "citation_5_years": []}, "main_topics": ["computer science"], "authors": {"publication_overall": ["103064199", "3051739", "73842927", "75246993", "86562084", "91793043", "101886518", "111094856", "154878420", "160412567", "176995229", "201743434", "234179058", "316221988", "383384562", "441851660", "568953367", "670430106", "719052178", "721765052", "1110895193", "1969619023", "2009051901", "2035096403", "2070565061", "2078136799", "2087987499", "2100168392", "2108561392", "2136680303", "2137654705", "2153086089", "2159973444", "2186162728", "2194666898", "2262247663", "2262686782", "2263846210", "2277859558", "2282459590", "2288166122", "2289974251", "2290182661", "2294397137", "2306305617", "2337784015", "2399987061", "2409414805", "2429249806", "2434777373", "2462273774", "2462370894", "2489617147", "2499384987", "2501379004", "2551226204", "2632109822", "2636393746", "2637310913", "2641360528", "2641805068", "2655819848", "2661634752", "2665956042", "2668364189", "2668467237", "2670387104", "2681022901", "2688579462", "2692728282", "2694974745", "2696025583", "2697508049", "2704919132", "2709727768", "2716792362", "2721771376", "2797149309", "2803137215", "2920575535", "2973368267", "2974080134", "2974529599", "2974793725", "2984290801"], "citation_overall": ["234179058", "2551226204", "2306305617", "2294397137", "2078136799", "1110895193", "103064199", "2070565061", "2186162728", "2797149309", "101886518", "154878420", "201743434", "441851660", "1969619023", "2087987499", "2409414805", "2429249806", "2462370894", "2636393746", "2697508049", "75246993", "2100168392", "2668364189", "86562084", "91793043", "2262247663", "2499384987", "2501379004", "2688579462", "2692728282", "2709727768", "2716792362", "2920575535", "3051739", "2137654705", "2263846210", "2282459590", "2462273774", "2489617147", "2668467237", "2670387104", "2694974745", "2696025583", "2704919132", "2803137215", "2973368267", "2974080134", "2974793725", "73842927", "111094856", "160412567", "176995229", "316221988", "383384562", "568953367", "670430106", "719052178", "721765052", "2009051901", "2035096403", "2108561392", "2136680303", "2153086089", "2159973444", "2194666898", "2262686782", "2277859558", "2288166122", "2289974251", "2290182661", "2337784015", "2399987061", "2434777373", "2632109822", "2637310913", "2641360528", "2641805068", "2655819848", "2661634752", "2665956042", "2681022901", "2721771376", "2974529599", "2984290801"], "publication_10_years": [], "citation_10_years": [], "publication_5_years": [], "citation_5_years": []}, "industrial_sectors": {"publication_overall": ["automotive", "computing_and_it", "information_technology", "technology", "transportation"], "citation_overall": ["computing_and_it", "information_technology", "technology", "automotive", "transportation"], "publication_10_years": [], "citation_10_years": [], "publication_5_years": [], "citation_5_years": []}}