{"name": "International Workshop on Hot Topics in Software Upgrades", "acronym": "HotSWUp", "type": "conference", "uniqueEntities": {"organizations": {"Arizona State University": {"name": "Arizona State University", "type": "organization", "organization_type": "Education", "h_index": 169, "h5_index": 56, "num_publications": 2, "num_citations": 14, "num_publications_5y": 0, "num_citations_5y": 1, "num_publications_10y": 2, "num_citations_10y": 14, "publications_years": {"2009": 1, "2012": 1}, "citations_years": {"2009": 1, "2010": 2, "2011": 1, "2012": 3, "2013": 6, "2014": 0, "2015": 0, "2016": 0, "2017": 1}, "old_citations": {"2009": 12, "2012": 2}, "isVisible": false}, "Delft University of Technology": {"name": "Delft University of Technology", "type": "organization", "organization_type": "Education", "h_index": 160, "h5_index": 46, "num_publications": 2, "num_citations": 18, "num_publications_5y": 0, "num_citations_5y": 7, "num_publications_10y": 1, "num_citations_10y": 18, "publications_years": {"2008": 1, "2012": 1}, "citations_years": {"2009": 2, "2010": 2, "2011": 0, "2012": 3, "2013": 4, "2014": 6, "2015": 0, "2016": 0, "2017": 0, "2018": 1}, "old_citations": {"2008": 11, "2012": 7}, "isVisible": false}, "ETH Zurich": {"name": "ETH Zurich", "type": "organization", "organization_type": "Education", "h_index": 222, "h5_index": 81, "num_publications": 2, "num_citations": 12, "num_publications_5y": 0, "num_citations_5y": 3, "num_publications_10y": 1, "num_citations_10y": 11, "publications_years": {"2008": 1, "2013": 1}, "citations_years": {"2009": 1, "2010": 3, "2011": 2, "2012": 1, "2013": 1, "2014": 1, "2015": 1, "2016": 0, "2017": 1, "2018": 0, "2019": 1}, "old_citations": {"2008": 7, "2013": 5}, "isVisible": false}, "VU Amsterdam": {"name": "VU Amsterdam", "type": "organization", "organization_type": "Education", "h_index": 129, "h5_index": 32, "num_publications": 2, "num_citations": 35, "num_publications_5y": 0, "num_citations_5y": 11, "num_publications_10y": 2, "num_citations_10y": 34, "publications_years": {"2009": 1, "2012": 1}, "citations_years": {"2009": 1, "2010": 4, "2011": 3, "2012": 4, "2013": 11, "2014": 4, "2015": 0, "2016": 2, "2017": 5, "2018": 0, "2019": 1}, "old_citations": {"2009": 20, "2012": 15}, "isVisible": false}, "French Institute for Research in Computer Science and Automation": {"name": "French Institute for Research in Computer Science and Automation", "type": "organization", "organization_type": "Government", "h_index": 247, "h5_index": 53, "num_publications": 1, "num_citations": 3, "num_publications_5y": 0, "num_citations_5y": 0, "num_publications_10y": 0, "num_citations_10y": 3, "publications_years": {"2008": 1}, "citations_years": {"2009": 1, "2010": 0, "2011": 0, "2012": 2}, "old_citations": {"2008": 3}, "isVisible": false}, "IBM (United States)": {"name": "IBM (United States)", "type": "organization", "organization_type": "Company", "h_index": 421, "h5_index": 72, "num_publications": 1, "num_citations": 4, "num_publications_5y": 0, "num_citations_5y": 0, "num_publications_10y": 1, "num_citations_10y": 4, "publications_years": {"2012": 1}, "citations_years": {"2012": 1, "2013": 3}, "old_citations": {"2012": 4}, "isVisible": false}, "Imperial College London": {"name": "Imperial College London", "type": "organization", "organization_type": "Education", "h_index": 180, "h5_index": 75, "num_publications": 1, "num_citations": 25, "num_publications_5y": 0, "num_citations_5y": 17, "num_publications_10y": 1, "num_citations_10y": 24, "publications_years": {"2012": 1}, "citations_years": {"2012": 3, "2013": 4, "2014": 2, "2015": 8, "2016": 1, "2017": 3, "2018": 3, "2019": 1}, "old_citations": {"2012": 25}, "isVisible": false}, "Institut Mines-T\u00e9l\u00e9com": {"name": "Institut Mines-T\u00e9l\u00e9com", "type": "organization", "organization_type": "Facility", "h_index": 42, "h5_index": 23, "num_publications": 1, "num_citations": 3, "num_publications_5y": 0, "num_citations_5y": 3, "num_publications_10y": 1, "num_citations_10y": 3, "publications_years": {"2013": 1}, "citations_years": {"2014": 1, "2015": 1, "2016": 1}, "old_citations": {"2013": 3}, "isVisible": false}, "Microsoft (United States)": {"name": "Microsoft (United States)", "type": "organization", "organization_type": "Company", "h_index": 460, "h5_index": 116, "num_publications": 1, "num_citations": 11, "num_publications_5y": 0, "num_citations_5y": 3, "num_publications_10y": 0, "num_citations_10y": 11, "publications_years": {"2008": 1}, "citations_years": {"2009": 2, "2010": 1, "2011": 3, "2012": 1, "2013": 1, "2014": 2, "2015": 0, "2016": 0, "2017": 1}, "old_citations": {"2008": 11}, "isVisible": false}, "Oracle (United States)": {"name": "Oracle (United States)", "type": "organization", "organization_type": "Company", "h_index": 116, "h5_index": 19, "num_publications": 1, "num_citations": 16, "num_publications_5y": 0, "num_citations_5y": 1, "num_publications_10y": 1, "num_citations_10y": 16, "publications_years": {"2009": 1}, "citations_years": {"2009": 1, "2010": 3, "2011": 0, "2012": 4, "2013": 7, "2014": 0, "2015": 0, "2016": 0, "2017": 1}, "old_citations": {"2009": 16}, "isVisible": false}, "Otto-von-Guericke University Magdeburg": {"name": "Otto-von-Guericke University Magdeburg", "type": "organization", "organization_type": "Education", "h_index": 63, "h5_index": 19, "num_publications": 1, "num_citations": 6, "num_publications_5y": 0, "num_citations_5y": 0, "num_publications_10y": 1, "num_citations_10y": 6, "publications_years": {"2009": 1}, "citations_years": {"2009": 1, "2010": 2, "2011": 0, "2012": 2, "2013": 1}, "old_citations": {"2009": 6}, "isVisible": false}, "Paris Diderot University": {"name": "Paris Diderot University", "type": "organization", "organization_type": "Education", "h_index": 38, "h5_index": 16, "num_publications": 1, "num_citations": 58, "num_publications_5y": 0, "num_citations_5y": 18, "num_publications_10y": 0, "num_citations_10y": 54, "publications_years": {"2008": 1}, "citations_years": {"2008": 1, "2009": 12, "2010": 8, "2011": 5, "2012": 7, "2013": 4, "2014": 4, "2015": 3, "2016": 2, "2017": 7, "2018": 2, "2019": 3}, "old_citations": {"2008": 58}, "isVisible": false}, "Philips (Finland)": {"name": "Philips (Finland)", "type": "organization", "organization_type": "Company", "h_index": 180, "h5_index": 25, "num_publications": 1, "num_citations": 11, "num_publications_5y": 0, "num_citations_5y": 4, "num_publications_10y": 0, "num_citations_10y": 11, "publications_years": {"2008": 1}, "citations_years": {"2009": 2, "2010": 2, "2011": 0, "2012": 2, "2013": 1, "2014": 4}, "old_citations": {"2008": 11}, "isVisible": false}, "TU Dresden": {"name": "TU Dresden", "type": "organization", "organization_type": "Education", "h_index": 101, "h5_index": 32, "num_publications": 1, "num_citations": 6, "num_publications_5y": 0, "num_citations_5y": 0, "num_publications_10y": 1, "num_citations_10y": 6, "publications_years": {"2009": 1}, "citations_years": {"2009": 1, "2010": 2, "2011": 0, "2012": 2, "2013": 1}, "old_citations": {"2009": 6}, "isVisible": false}, "Turku Centre for Computer Science": {"name": "Turku Centre for Computer Science", "type": "organization", "organization_type": "Facility", "h_index": 36, "h5_index": 7, "num_publications": 1, "num_citations": 2, "num_publications_5y": 0, "num_citations_5y": 2, "num_publications_10y": 1, "num_citations_10y": 2, "publications_years": {"2013": 1}, "citations_years": {"2016": 1, "2017": 0, "2018": 1}, "old_citations": {"2013": 2}, "isVisible": false}, "Universidade Federal de Santa Catarina": {"name": "Universidade Federal de Santa Catarina", "type": "organization", "organization_type": "Education", "h_index": 40, "h5_index": 15, "num_publications": 1, "num_citations": 15, "num_publications_5y": 0, "num_citations_5y": 5, "num_publications_10y": 0, "num_citations_10y": 14, "publications_years": {"2008": 1}, "citations_years": {"2009": 1, "2010": 1, "2011": 3, "2012": 0, "2013": 4, "2014": 2, "2015": 1, "2016": 2, "2017": 0, "2018": 0, "2019": 1}, "old_citations": {"2008": 15}, "isVisible": false}, "University of Auckland": {"name": "University of Auckland", "type": "organization", "organization_type": "Education", "h_index": 97, "h5_index": 29, "num_publications": 1, "num_citations": 11, "num_publications_5y": 0, "num_citations_5y": 3, "num_publications_10y": 0, "num_citations_10y": 11, "publications_years": {"2008": 1}, "citations_years": {"2009": 2, "2010": 1, "2011": 3, "2012": 1, "2013": 1, "2014": 2, "2015": 0, "2016": 0, "2017": 1}, "old_citations": {"2008": 11}, "isVisible": false}, "University of Bern": {"name": "University of Bern", "type": "organization", "organization_type": "Education", "h_index": 81, "h5_index": 24, "num_publications": 1, "num_citations": 4, "num_publications_5y": 0, "num_citations_5y": 0, "num_publications_10y": 1, "num_citations_10y": 4, "publications_years": {"2012": 1}, "citations_years": {"2012": 2, "2013": 2}, "old_citations": {"2012": 4}, "isVisible": false}, "University of California, Berkeley": {"name": "University of California, Berkeley", "type": "organization", "organization_type": "Education", "h_index": 452, "h5_index": 107, "num_publications": 1, "num_citations": 5, "num_publications_5y": 0, "num_citations_5y": 3, "num_publications_10y": 1, "num_citations_10y": 4, "publications_years": {"2013": 1}, "citations_years": {"2013": 1, "2014": 1, "2015": 1, "2016": 0, "2017": 1, "2018": 0, "2019": 1}, "old_citations": {"2013": 5}, "isVisible": false}, "University of California, Los Angeles": {"name": "University of California, Los Angeles", "type": "organization", "organization_type": "Education", "h_index": 287, "h5_index": 56, "num_publications": 1, "num_citations": 22, "num_publications_5y": 0, "num_citations_5y": 4, "num_publications_10y": 1, "num_citations_10y": 21, "publications_years": {"2009": 1}, "citations_years": {"2009": 2, "2010": 4, "2011": 5, "2012": 2, "2013": 4, "2014": 1, "2015": 1, "2016": 1, "2017": 1, "2018": 0, "2019": 1}, "old_citations": {"2009": 22}, "isVisible": false}, "University of California, Riverside": {"name": "University of California, Riverside", "type": "organization", "organization_type": "Education", "h_index": 142, "h5_index": 39, "num_publications": 1, "num_citations": 2, "num_publications_5y": 0, "num_citations_5y": 0, "num_publications_10y": 1, "num_citations_10y": 2, "publications_years": {"2012": 1}, "citations_years": {"2012": 1, "2013": 1}, "old_citations": {"2012": 2}, "isVisible": false}, "University of Cambridge": {"name": "University of Cambridge", "type": "organization", "organization_type": "Education", "h_index": 250, "h5_index": 62, "num_publications": 1, "num_citations": 11, "num_publications_5y": 0, "num_citations_5y": 3, "num_publications_10y": 0, "num_citations_10y": 11, "publications_years": {"2008": 1}, "citations_years": {"2009": 2, "2010": 1, "2011": 3, "2012": 1, "2013": 1, "2014": 2, "2015": 0, "2016": 0, "2017": 1}, "old_citations": {"2008": 11}, "isVisible": false}, "University of Lisbon": {"name": "University of Lisbon", "type": "organization", "organization_type": "Education", "h_index": 64, "h5_index": 20, "num_publications": 1, "num_citations": 1, "num_publications_5y": 0, "num_citations_5y": 1, "num_publications_10y": 1, "num_citations_10y": 1, "publications_years": {"2013": 1}, "citations_years": {"2016": 1}, "old_citations": {"2013": 1}, "isVisible": false}, "University of Southampton": {"name": "University of Southampton", "type": "organization", "organization_type": "Education", "h_index": 148, "h5_index": 38, "num_publications": 1, "num_citations": 10, "num_publications_5y": 0, "num_citations_5y": 3, "num_publications_10y": 1, "num_citations_10y": 10, "publications_years": {"2009": 1}, "citations_years": {"2009": 1, "2010": 3, "2011": 2, "2012": 1, "2013": 0, "2014": 0, "2015": 0, "2016": 2, "2017": 1}, "old_citations": {"2009": 10}, "isVisible": false}, "University of York": {"name": "University of York", "type": "organization", "organization_type": "Education", "h_index": 113, "h5_index": 27, "num_publications": 1, "num_citations": 29, "num_publications_5y": 0, "num_citations_5y": 10, "num_publications_10y": 1, "num_citations_10y": 28, "publications_years": {"2009": 1}, "citations_years": {"2009": 1, "2010": 4, "2011": 4, "2012": 5, "2013": 4, "2014": 3, "2015": 4, "2016": 1, "2017": 1, "2018": 1, "2019": 0, "2020": 1}, "old_citations": {"2009": 29}, "isVisible": false}, "Victoria University of Wellington": {"name": "Victoria University of Wellington", "type": "organization", "organization_type": "Education", "h_index": 70, "h5_index": 25, "num_publications": 1, "num_citations": 11, "num_publications_5y": 0, "num_citations_5y": 3, "num_publications_10y": 0, "num_citations_10y": 11, "publications_years": {"2008": 1}, "citations_years": {"2009": 2, "2010": 1, "2011": 3, "2012": 1, "2013": 1, "2014": 2, "2015": 0, "2016": 0, "2017": 1}, "old_citations": {"2008": 11}, "isVisible": false}, "Virginia Tech": {"name": "Virginia Tech", "type": "organization", "organization_type": "Education", "h_index": 151, "h5_index": 52, "num_publications": 1, "num_citations": 9, "num_publications_5y": 0, "num_citations_5y": 0, "num_publications_10y": 0, "num_citations_10y": 9, "publications_years": {"2008": 1}, "citations_years": {"2009": 5, "2010": 0, "2011": 1, "2012": 0, "2013": 3}, "old_citations": {"2008": 9}, "isVisible": false}, "\u00c5bo Akademi University": {"name": "\u00c5bo Akademi University", "type": "organization", "organization_type": "Education", "h_index": 47, "h5_index": 12, "num_publications": 1, "num_citations": 2, "num_publications_5y": 0, "num_citations_5y": 2, "num_publications_10y": 1, "num_citations_10y": 2, "publications_years": {"2013": 1}, "citations_years": {"2016": 1, "2017": 0, "2018": 1}, "old_citations": {"2013": 2}, "isVisible": false}}, "topics": {"computer science": {"name": "computer science", "type": "topic", "h_index": 1779, "h5_index": 416, "num_publications": 33, "num_citations": 373, "num_publications_5y": 0, "num_citations_5y": 115, "num_publications_10y": 23, "num_citations_10y": 355, "publications_years": {"2009": 9, "2008": 10, "2012": 9, "2013": 5}, "citations_years": {"2009": 41, "2010": 44, "2011": 32, "2012": 52, "2013": 71, "2014": 33, "2015": 26, "2016": 18, "2017": 28, "2018": 10, "2019": 14, "2020": 3, "2008": 1}, "old_citations": {"2009": 135, "2008": 127, "2012": 90, "2013": 21}, "isVisible": false}, "software": {"name": "software", "type": "topic", "h_index": 902, "h5_index": 167, "num_publications": 27, "num_citations": 312, "num_publications_5y": 0, "num_citations_5y": 104, "num_publications_10y": 19, "num_citations_10y": 295, "publications_years": {"2009": 7, "2008": 8, "2012": 7, "2013": 5}, "citations_years": {"2009": 32, "2010": 37, "2011": 31, "2012": 41, "2013": 50, "2014": 28, "2015": 26, "2016": 17, "2017": 23, "2018": 10, "2019": 13, "2020": 3, "2008": 1}, "old_citations": {"2009": 113, "2008": 107, "2012": 71, "2013": 21}, "isVisible": false}, "computer systems": {"name": "computer systems", "type": "topic", "h_index": 1595, "h5_index": 367, "num_publications": 25, "num_citations": 249, "num_publications_5y": 0, "num_citations_5y": 78, "num_publications_10y": 16, "num_citations_10y": 238, "publications_years": {"2008": 9, "2009": 5, "2013": 3, "2012": 8}, "citations_years": {"2009": 24, "2010": 26, "2011": 21, "2012": 36, "2013": 53, "2014": 23, "2015": 17, "2016": 12, "2017": 18, "2018": 8, "2019": 9, "2020": 2}, "old_citations": {"2008": 69, "2009": 83, "2013": 13, "2012": 84}, "isVisible": false}, "computer programming": {"name": "computer programming", "type": "topic", "h_index": 873, "h5_index": 186, "num_publications": 23, "num_citations": 277, "num_publications_5y": 0, "num_citations_5y": 94, "num_publications_10y": 14, "num_citations_10y": 263, "publications_years": {"2008": 9, "2009": 3, "2013": 4, "2012": 7}, "citations_years": {"2009": 32, "2010": 28, "2011": 22, "2012": 38, "2013": 49, "2014": 30, "2015": 19, "2016": 12, "2017": 23, "2018": 10, "2019": 11, "2020": 2, "2008": 1}, "old_citations": {"2008": 124, "2009": 55, "2013": 16, "2012": 82}, "isVisible": false}, "software engineering": {"name": "software engineering", "type": "topic", "h_index": 964, "h5_index": 236, "num_publications": 21, "num_citations": 260, "num_publications_5y": 0, "num_citations_5y": 84, "num_publications_10y": 13, "num_citations_10y": 250, "publications_years": {"2008": 8, "2009": 5, "2012": 5, "2013": 3}, "citations_years": {"2009": 33, "2010": 31, "2011": 22, "2012": 32, "2013": 48, "2014": 23, "2015": 22, "2016": 14, "2017": 17, "2018": 8, "2019": 7, "2020": 2, "2008": 1}, "old_citations": {"2008": 113, "2009": 84, "2012": 57, "2013": 6}, "isVisible": false}, "distributed computer systems": {"name": "distributed computer systems", "type": "topic", "h_index": 985, "h5_index": 228, "num_publications": 18, "num_citations": 167, "num_publications_5y": 0, "num_citations_5y": 58, "num_publications_10y": 9, "num_citations_10y": 158, "publications_years": {"2008": 9, "2013": 2, "2009": 2, "2012": 5}, "citations_years": {"2009": 20, "2010": 15, "2011": 12, "2012": 22, "2013": 31, "2014": 17, "2015": 12, "2016": 9, "2017": 15, "2018": 5, "2019": 8, "2020": 1}, "old_citations": {"2008": 69, "2013": 11, "2009": 16, "2012": 71}, "isVisible": false}, "distributed systems": {"name": "distributed systems", "type": "topic", "h_index": 859, "h5_index": 209, "num_publications": 17, "num_citations": 164, "num_publications_5y": 0, "num_citations_5y": 56, "num_publications_10y": 9, "num_citations_10y": 155, "publications_years": {"2008": 8, "2013": 2, "2009": 2, "2012": 5}, "citations_years": {"2009": 19, "2010": 15, "2011": 12, "2012": 22, "2013": 31, "2014": 17, "2015": 11, "2016": 8, "2017": 15, "2018": 5, "2019": 8, "2020": 1}, "old_citations": {"2008": 66, "2013": 11, "2009": 16, "2012": 71}, "isVisible": false}, "object oriented programming": {"name": "object oriented programming", "type": "topic", "h_index": 636, "h5_index": 129, "num_publications": 17, "num_citations": 225, "num_publications_5y": 0, "num_citations_5y": 74, "num_publications_10y": 9, "num_citations_10y": 216, "publications_years": {"2008": 8, "2009": 3, "2013": 2, "2012": 4}, "citations_years": {"2009": 30, "2010": 26, "2011": 22, "2012": 30, "2013": 34, "2014": 24, "2015": 17, "2016": 9, "2017": 16, "2018": 8, "2019": 7, "2020": 1, "2008": 1}, "old_citations": {"2008": 119, "2009": 55, "2013": 11, "2012": 40}, "isVisible": false}, "software design": {"name": "software design", "type": "topic", "h_index": 907, "h5_index": 227, "num_publications": 17, "num_citations": 233, "num_publications_5y": 0, "num_citations_5y": 78, "num_publications_10y": 11, "num_citations_10y": 224, "publications_years": {"2008": 6, "2009": 4, "2012": 5, "2013": 2}, "citations_years": {"2009": 29, "2010": 26, "2011": 19, "2012": 30, "2013": 42, "2014": 21, "2015": 21, "2016": 11, "2017": 17, "2018": 8, "2019": 6, "2020": 2, "2008": 1}, "old_citations": {"2008": 93, "2009": 78, "2012": 57, "2013": 5}, "isVisible": false}, "parallel processing systems": {"name": "parallel processing systems", "type": "topic", "h_index": 845, "h5_index": 208, "num_publications": 16, "num_citations": 153, "num_publications_5y": 0, "num_citations_5y": 52, "num_publications_10y": 9, "num_citations_10y": 144, "publications_years": {"2008": 7, "2013": 2, "2009": 2, "2012": 5}, "citations_years": {"2009": 17, "2010": 13, "2011": 12, "2012": 20, "2013": 30, "2014": 13, "2015": 11, "2016": 8, "2017": 15, "2018": 5, "2019": 8, "2020": 1}, "old_citations": {"2008": 55, "2013": 11, "2009": 16, "2012": 71}, "isVisible": false}, "computer hardware": {"name": "computer hardware", "type": "topic", "h_index": 1150, "h5_index": 279, "num_publications": 15, "num_citations": 173, "num_publications_5y": 0, "num_citations_5y": 64, "num_publications_10y": 12, "num_citations_10y": 163, "publications_years": {"2008": 3, "2009": 5, "2012": 5, "2013": 2}, "citations_years": {"2009": 9, "2010": 18, "2011": 14, "2012": 29, "2013": 29, "2014": 15, "2015": 19, "2016": 10, "2017": 13, "2018": 7, "2019": 7, "2020": 3}, "old_citations": {"2008": 13, "2009": 88, "2012": 60, "2013": 12}, "isVisible": false}, "computer programming languages": {"name": "computer programming languages", "type": "topic", "h_index": 746, "h5_index": 154, "num_publications": 14, "num_citations": 118, "num_publications_5y": 0, "num_citations_5y": 32, "num_publications_10y": 7, "num_citations_10y": 110, "publications_years": {"2008": 7, "2013": 2, "2009": 1, "2012": 4}, "citations_years": {"2009": 16, "2010": 10, "2011": 10, "2012": 16, "2013": 26, "2014": 11, "2015": 3, "2016": 5, "2017": 11, "2018": 2, "2019": 7, "2020": 1}, "old_citations": {"2008": 55, "2013": 11, "2009": 6, "2012": 46}, "isVisible": false}, "embedded systems": {"name": "embedded systems", "type": "topic", "h_index": 799, "h5_index": 168, "num_publications": 12, "num_citations": 97, "num_publications_5y": 0, "num_citations_5y": 26, "num_publications_10y": 6, "num_citations_10y": 94, "publications_years": {"2008": 6, "2009": 1, "2012": 3, "2013": 2}, "citations_years": {"2009": 13, "2010": 9, "2011": 11, "2012": 12, "2013": 23, "2014": 6, "2015": 6, "2016": 7, "2017": 5, "2018": 2, "2019": 2, "2020": 1}, "old_citations": {"2008": 42, "2009": 29, "2012": 23, "2013": 3}, "isVisible": false}, "program compilers": {"name": "program compilers", "type": "topic", "h_index": 531, "h5_index": 104, "num_publications": 12, "num_citations": 101, "num_publications_5y": 0, "num_citations_5y": 22, "num_publications_10y": 5, "num_citations_10y": 96, "publications_years": {"2008": 7, "2009": 1, "2012": 3, "2013": 1}, "citations_years": {"2009": 16, "2010": 10, "2011": 10, "2012": 14, "2013": 24, "2014": 9, "2015": 1, "2016": 4, "2017": 8, "2018": 0, "2019": 4, "2020": 1}, "old_citations": {"2008": 55, "2009": 6, "2012": 39, "2013": 1}, "isVisible": false}, "database systems": {"name": "database systems", "type": "topic", "h_index": 1167, "h5_index": 276, "num_publications": 11, "num_citations": 96, "num_publications_5y": 0, "num_citations_5y": 26, "num_publications_10y": 8, "num_citations_10y": 92, "publications_years": {"2008": 3, "2009": 3, "2013": 2, "2012": 3}, "citations_years": {"2009": 9, "2010": 12, "2011": 8, "2012": 17, "2013": 20, "2014": 11, "2015": 3, "2016": 3, "2017": 6, "2018": 3, "2019": 4}, "old_citations": {"2008": 25, "2009": 44, "2013": 11, "2012": 16}, "isVisible": false}, "software component": {"name": "software component", "type": "topic", "h_index": 324, "h5_index": 53, "num_publications": 11, "num_citations": 138, "num_publications_5y": 0, "num_citations_5y": 42, "num_publications_10y": 10, "num_citations_10y": 130, "publications_years": {"2009": 5, "2008": 1, "2012": 4, "2013": 1}, "citations_years": {"2009": 7, "2010": 15, "2011": 13, "2012": 22, "2013": 31, "2014": 15, "2015": 10, "2016": 7, "2017": 6, "2018": 4, "2019": 5, "2020": 3}, "old_citations": {"2009": 81, "2008": 15, "2012": 40, "2013": 2}, "isVisible": false}, "computer networks": {"name": "computer networks", "type": "topic", "h_index": 1262, "h5_index": 332, "num_publications": 10, "num_citations": 81, "num_publications_5y": 0, "num_citations_5y": 32, "num_publications_10y": 6, "num_citations_10y": 79, "publications_years": {"2008": 4, "2013": 1, "2012": 3, "2009": 2}, "citations_years": {"2009": 9, "2010": 11, "2011": 5, "2012": 11, "2013": 11, "2014": 9, "2015": 10, "2016": 4, "2017": 5, "2018": 4, "2019": 2}, "old_citations": {"2008": 26, "2013": 5, "2012": 34, "2009": 16}, "isVisible": false}, "artificial intelligence": {"name": "artificial intelligence", "type": "topic", "h_index": 1421, "h5_index": 373, "num_publications": 9, "num_citations": 108, "num_publications_5y": 0, "num_citations_5y": 26, "num_publications_10y": 6, "num_citations_10y": 105, "publications_years": {"2008": 3, "2009": 3, "2012": 3}, "citations_years": {"2009": 7, "2010": 13, "2011": 11, "2012": 19, "2013": 29, "2014": 7, "2015": 6, "2016": 6, "2017": 6, "2018": 1, "2019": 2, "2020": 1}, "old_citations": {"2008": 25, "2009": 62, "2012": 21}, "isVisible": false}, "engineering": {"name": "engineering", "type": "topic", "h_index": 1177, "h5_index": 287, "num_publications": 8, "num_citations": 79, "num_publications_5y": 0, "num_citations_5y": 23, "num_publications_10y": 4, "num_citations_10y": 76, "publications_years": {"2009": 2, "2008": 4, "2012": 2}, "citations_years": {"2009": 8, "2010": 11, "2011": 10, "2012": 8, "2013": 16, "2014": 6, "2015": 6, "2016": 5, "2017": 5, "2018": 1, "2019": 2, "2020": 1}, "old_citations": {"2009": 32, "2008": 30, "2012": 17}, "isVisible": false}, "high level languages": {"name": "high level languages", "type": "topic", "h_index": 369, "h5_index": 76, "num_publications": 8, "num_citations": 51, "num_publications_5y": 0, "num_citations_5y": 15, "num_publications_10y": 5, "num_citations_10y": 49, "publications_years": {"2008": 3, "2013": 3, "2009": 1, "2012": 1}, "citations_years": {"2009": 9, "2010": 6, "2011": 6, "2012": 6, "2014": 5, "2015": 2, "2016": 3, "2017": 4, "2018": 1, "2019": 2, "2013": 7}, "old_citations": {"2008": 27, "2013": 14, "2009": 6, "2012": 4}, "isVisible": false}, "software systems": {"name": "software systems", "type": "topic", "h_index": 295, "h5_index": 52, "num_publications": 7, "num_citations": 134, "num_publications_5y": 0, "num_citations_5y": 47, "num_publications_10y": 4, "num_citations_10y": 129, "publications_years": {"2009": 1, "2008": 3, "2012": 3}, "citations_years": {"2009": 20, "2010": 14, "2011": 9, "2012": 17, "2013": 22, "2014": 15, "2015": 11, "2016": 4, "2017": 11, "2018": 6, "2008": 1, "2019": 4}, "old_citations": {"2009": 20, "2008": 78, "2012": 36}, "isVisible": false}, "computer software maintenance": {"name": "computer software maintenance", "type": "topic", "h_index": 349, "h5_index": 68, "num_publications": 5, "num_citations": 107, "num_publications_5y": 0, "num_citations_5y": 39, "num_publications_10y": 2, "num_citations_10y": 102, "publications_years": {"2008": 3, "2012": 2}, "citations_years": {"2009": 19, "2010": 10, "2011": 6, "2012": 13, "2013": 15, "2014": 10, "2008": 1, "2015": 11, "2016": 3, "2017": 10, "2018": 5, "2019": 4}, "old_citations": {"2008": 78, "2012": 29}, "isVisible": false}, "software project": {"name": "software project", "type": "topic", "h_index": 432, "h5_index": 77, "num_publications": 8, "num_citations": 96, "num_publications_5y": 0, "num_citations_5y": 31, "num_publications_10y": 8, "num_citations_10y": 93, "publications_years": {"2009": 4, "2012": 2, "2013": 2}, "citations_years": {"2009": 5, "2010": 12, "2011": 10, "2012": 15, "2013": 20, "2014": 10, "2015": 9, "2016": 6, "2017": 3, "2018": 3, "2019": 1, "2020": 2}, "old_citations": {"2009": 78, "2012": 13, "2013": 5}, "isVisible": false}, "computer security": {"name": "computer security", "type": "topic", "h_index": 977, "h5_index": 220, "num_publications": 6, "num_citations": 45, "num_publications_5y": 0, "num_citations_5y": 22, "num_publications_10y": 5, "num_citations_10y": 43, "publications_years": {"2008": 1, "2013": 1, "2009": 1, "2012": 3}, "citations_years": {"2009": 2, "2010": 2, "2011": 0, "2012": 8, "2013": 9, "2014": 3, "2015": 10, "2016": 2, "2017": 4, "2018": 3, "2019": 2}, "old_citations": {"2008": 3, "2013": 5, "2009": 6, "2012": 31}, "isVisible": false}, "microprocessor chips": {"name": "microprocessor chips", "type": "topic", "h_index": 744, "h5_index": 175, "num_publications": 6, "num_citations": 75, "num_publications_5y": 0, "num_citations_5y": 37, "num_publications_10y": 5, "num_citations_10y": 68, "publications_years": {"2008": 1, "2013": 1, "2012": 3, "2009": 1}, "citations_years": {"2009": 2, "2010": 3, "2011": 2, "2012": 13, "2014": 8, "2015": 10, "2016": 4, "2017": 10, "2018": 5, "2019": 6, "2013": 11, "2020": 1}, "old_citations": {"2008": 3, "2013": 10, "2012": 52, "2009": 10}, "isVisible": false}, "program processors": {"name": "program processors", "type": "topic", "h_index": 613, "h5_index": 151, "num_publications": 6, "num_citations": 75, "num_publications_5y": 0, "num_citations_5y": 37, "num_publications_10y": 5, "num_citations_10y": 68, "publications_years": {"2008": 1, "2013": 1, "2012": 3, "2009": 1}, "citations_years": {"2009": 2, "2010": 3, "2011": 2, "2012": 13, "2014": 8, "2015": 10, "2016": 4, "2017": 10, "2018": 5, "2019": 6, "2013": 11, "2020": 1}, "old_citations": {"2008": 3, "2013": 10, "2012": 52, "2009": 10}, "isVisible": false}, "multi core": {"name": "multi core", "type": "topic", "h_index": 425, "h5_index": 85, "num_publications": 4, "num_citations": 58, "num_publications_5y": 0, "num_citations_5y": 27, "num_publications_10y": 3, "num_citations_10y": 54, "publications_years": {"2008": 1, "2012": 2, "2009": 1}, "citations_years": {"2009": 2, "2010": 3, "2011": 2, "2012": 11, "2013": 9, "2014": 6, "2015": 8, "2016": 3, "2017": 7, "2018": 3, "2019": 3, "2020": 1}, "old_citations": {"2008": 3, "2012": 45, "2009": 10}, "isVisible": false}, "linguistics": {"name": "linguistics", "type": "topic", "h_index": 867, "h5_index": 206, "num_publications": 8, "num_citations": 93, "num_publications_5y": 0, "num_citations_5y": 26, "num_publications_10y": 5, "num_citations_10y": 87, "publications_years": {"2008": 3, "2009": 2, "2012": 2, "2013": 1}, "citations_years": {"2009": 7, "2010": 8, "2011": 11, "2012": 13, "2013": 22, "2014": 10, "2015": 2, "2016": 5, "2017": 9, "2018": 0, "2019": 5, "2020": 1}, "old_citations": {"2008": 29, "2009": 28, "2012": 35, "2013": 1}, "isVisible": false}}, "authors": {"2130756752": {"name": "michael hicks", "type": "author", "activity": 24, "h_index": 41, "h5_index": 8, "mag_id": "2130756752", "num_publications": 4, "num_citations": 53, "num_publications_5y": 0, "num_citations_5y": 22, "num_publications_10y": 4, "num_citations_10y": 46, "publications_years": {"2009": 1, "2012": 2, "2013": 1}, "citations_years": {"2009": 2, "2010": 2, "2011": 2, "2012": 9, "2013": 9, "2014": 7, "2015": 5, "2016": 3, "2017": 6, "2018": 1, "2019": 5, "2020": 2}, "old_citations": {"2009": 17, "2012": 26, "2013": 10}, "isVisible": false}, "2155210674": {"name": "jeffrey s foster", "type": "author", "activity": 25, "h_index": 34, "h5_index": 5, "mag_id": "2155210674", "num_publications": 3, "num_citations": 43, "num_publications_5y": 0, "num_citations_5y": 14, "num_publications_10y": 3, "num_citations_10y": 38, "publications_years": {"2009": 1, "2012": 2}, "citations_years": {"2009": 2, "2010": 2, "2011": 2, "2012": 9, "2013": 9, "2014": 5, "2015": 4, "2016": 2, "2017": 3, "2018": 0, "2019": 3, "2020": 2}, "old_citations": {"2009": 17, "2012": 26}, "isVisible": false}, "2494042625": {"name": "fabien dagnat", "type": "author", "activity": 11, "h_index": 5, "h5_index": 3, "mag_id": "2494042625", "num_publications": 3, "num_citations": 13, "num_publications_5y": 0, "num_citations_5y": 3, "num_publications_10y": 1, "num_citations_10y": 13, "publications_years": {"2008": 2, "2013": 1}, "citations_years": {"2009": 5, "2010": 3, "2011": 1, "2012": 0, "2013": 1, "2014": 1, "2015": 1, "2016": 1}, "old_citations": {"2008": 10, "2013": 3}, "isVisible": false}, "1488634745": {"name": "rida a bazzi", "type": "author", "activity": 29, "h_index": 15, "h5_index": 1, "mag_id": "1488634745", "num_publications": 2, "num_citations": 14, "num_publications_5y": 0, "num_citations_5y": 1, "num_publications_10y": 2, "num_citations_10y": 14, "publications_years": {"2009": 1, "2012": 1}, "citations_years": {"2009": 1, "2010": 2, "2011": 1, "2012": 3, "2013": 6, "2014": 0, "2015": 0, "2016": 0, "2017": 1}, "old_citations": {"2009": 12, "2012": 2}, "isVisible": false}, "2009133368": {"name": "christopher m hayden", "type": "author", "activity": 6, "h_index": 7, "h5_index": 0, "mag_id": "2009133368", "num_publications": 2, "num_citations": 37, "num_publications_5y": 0, "num_citations_5y": 11, "num_publications_10y": 2, "num_citations_10y": 34, "publications_years": {"2009": 1, "2012": 1}, "citations_years": {"2009": 2, "2010": 2, "2011": 2, "2012": 9, "2013": 8, "2014": 5, "2015": 1, "2016": 2, "2017": 3, "2018": 0, "2019": 2, "2020": 1}, "old_citations": {"2009": 17, "2012": 20}, "isVisible": false}, "2064923061": {"name": "cristiano giuffrida", "type": "author", "activity": 12, "h_index": 23, "h5_index": 18, "mag_id": "2064923061", "num_publications": 2, "num_citations": 35, "num_publications_5y": 0, "num_citations_5y": 11, "num_publications_10y": 2, "num_citations_10y": 34, "publications_years": {"2009": 1, "2012": 1}, "citations_years": {"2009": 1, "2010": 4, "2011": 3, "2012": 4, "2013": 11, "2014": 4, "2015": 0, "2016": 2, "2017": 5, "2018": 0, "2019": 1}, "old_citations": {"2009": 20, "2012": 15}, "isVisible": false}, "2068854845": {"name": "andrew s tanenbaum", "type": "author", "activity": 28, "h_index": 46, "h5_index": 4, "mag_id": "2068854845", "num_publications": 2, "num_citations": 35, "num_publications_5y": 0, "num_citations_5y": 11, "num_publications_10y": 2, "num_citations_10y": 34, "publications_years": {"2009": 1, "2012": 1}, "citations_years": {"2009": 1, "2010": 4, "2011": 3, "2012": 4, "2013": 11, "2014": 4, "2015": 0, "2016": 2, "2017": 5, "2018": 0, "2019": 1}, "old_citations": {"2009": 20, "2012": 15}, "isVisible": false}, "2103135850": {"name": "sander van der burg", "type": "author", "activity": 7, "h_index": 7, "h5_index": 0, "mag_id": "2103135850", "num_publications": 2, "num_citations": 18, "num_publications_5y": 0, "num_citations_5y": 7, "num_publications_10y": 1, "num_citations_10y": 18, "publications_years": {"2008": 1, "2012": 1}, "citations_years": {"2009": 2, "2010": 2, "2011": 0, "2012": 3, "2013": 4, "2014": 6, "2015": 0, "2016": 0, "2017": 0, "2018": 1}, "old_citations": {"2008": 11, "2012": 7}, "isVisible": false}, "2229746924": {"name": "luis pina", "type": "author", "activity": 9, "h_index": 4, "h5_index": 3, "mag_id": "2229746924", "num_publications": 2, "num_citations": 17, "num_publications_5y": 0, "num_citations_5y": 10, "num_publications_10y": 2, "num_citations_10y": 14, "publications_years": {"2013": 1, "2012": 1}, "citations_years": {"2014": 2, "2015": 2, "2016": 1, "2017": 3, "2018": 2, "2019": 3, "2012": 2, "2013": 2}, "old_citations": {"2013": 10, "2012": 7}, "isVisible": false}, "2296821456": {"name": "jeremy buisson", "type": "author", "activity": 12, "h_index": 5, "h5_index": 3, "mag_id": "2296821456", "num_publications": 2, "num_citations": 10, "num_publications_5y": 0, "num_citations_5y": 0, "num_publications_10y": 0, "num_citations_10y": 10, "publications_years": {"2008": 2}, "citations_years": {"2009": 5, "2010": 3, "2011": 1, "2012": 0, "2013": 1}, "old_citations": {"2008": 10}, "isVisible": false}, "56271286": {"name": "hana chockler", "type": "author", "activity": 19, "h_index": 15, "h5_index": 3, "mag_id": "56271286", "num_publications": 1, "num_citations": 4, "num_publications_5y": 0, "num_citations_5y": 0, "num_publications_10y": 1, "num_citations_10y": 4, "publications_years": {"2012": 1}, "citations_years": {"2012": 1, "2013": 3}, "old_citations": {"2012": 4}, "isVisible": false}, "57127646": {"name": "paulo trezentos", "type": "author", "activity": 16, "h_index": 5, "h5_index": 1, "mag_id": "57127646", "num_publications": 1, "num_citations": 58, "num_publications_5y": 0, "num_citations_5y": 18, "num_publications_10y": 0, "num_citations_10y": 54, "publications_years": {"2008": 1}, "citations_years": {"2008": 1, "2009": 12, "2010": 8, "2011": 5, "2012": 7, "2013": 4, "2014": 4, "2015": 3, "2016": 2, "2017": 7, "2018": 2, "2019": 3}, "old_citations": {"2008": 58}, "isVisible": false}, "58786115": {"name": "stefano zacchiroli", "type": "author", "activity": 17, "h_index": 17, "h5_index": 3, "mag_id": "58786115", "num_publications": 1, "num_citations": 58, "num_publications_5y": 0, "num_citations_5y": 18, "num_publications_10y": 0, "num_citations_10y": 54, "publications_years": {"2008": 1}, "citations_years": {"2008": 1, "2009": 12, "2010": 8, "2011": 5, "2012": 7, "2013": 4, "2014": 4, "2015": 3, "2016": 2, "2017": 7, "2018": 2, "2019": 3}, "old_citations": {"2008": 58}, "isVisible": false}, "154735665": {"name": "mario pukall", "type": "author", "activity": 7, "h_index": 7, "h5_index": 0, "mag_id": "154735665", "num_publications": 1, "num_citations": 6, "num_publications_5y": 0, "num_citations_5y": 0, "num_publications_10y": 1, "num_citations_10y": 6, "publications_years": {"2009": 1}, "citations_years": {"2009": 1, "2010": 2, "2011": 0, "2012": 2, "2013": 1}, "old_citations": {"2009": 6}, "isVisible": false}, "169721735": {"name": "erwann wernli", "type": "author", "activity": 6, "h_index": 4, "h5_index": 0, "mag_id": "169721735", "num_publications": 1, "num_citations": 4, "num_publications_5y": 0, "num_citations_5y": 0, "num_publications_10y": 1, "num_citations_10y": 4, "publications_years": {"2012": 1}, "citations_years": {"2012": 2, "2013": 2}, "old_citations": {"2012": 4}, "isVisible": false}, "267735007": {"name": "eli tilevich", "type": "author", "activity": 20, "h_index": 16, "h5_index": 5, "mag_id": "267735007", "num_publications": 1, "num_citations": 9, "num_publications_5y": 0, "num_citations_5y": 0, "num_publications_10y": 0, "num_citations_10y": 9, "publications_years": {"2008": 1}, "citations_years": {"2009": 5, "2010": 0, "2011": 1, "2012": 0, "2013": 3}, "old_citations": {"2008": 9}, "isVisible": false}, "306664962": {"name": "boris bluntschli", "type": "author", "activity": 2, "h_index": 2, "h5_index": 0, "mag_id": "306664962", "num_publications": 1, "num_citations": 5, "num_publications_5y": 0, "num_citations_5y": 3, "num_publications_10y": 1, "num_citations_10y": 4, "publications_years": {"2013": 1}, "citations_years": {"2013": 1, "2014": 1, "2015": 1, "2016": 0, "2017": 1, "2018": 0, "2019": 1}, "old_citations": {"2013": 5}, "isVisible": false}, "316382782": {"name": "jan s rellermeyer", "type": "author", "activity": 13, "h_index": 10, "h5_index": 0, "mag_id": "316382782", "num_publications": 1, "num_citations": 7, "num_publications_5y": 0, "num_citations_5y": 0, "num_publications_10y": 0, "num_citations_10y": 7, "publications_years": {"2008": 1}, "citations_years": {"2009": 1, "2010": 3, "2011": 2, "2012": 1}, "old_citations": {"2008": 7}, "isVisible": false}, "1243827984": {"name": "cristian cadar", "type": "author", "activity": 17, "h_index": 23, "h5_index": 7, "mag_id": "1243827984", "num_publications": 1, "num_citations": 25, "num_publications_5y": 0, "num_citations_5y": 17, "num_publications_10y": 1, "num_citations_10y": 24, "publications_years": {"2012": 1}, "citations_years": {"2012": 3, "2013": 4, "2014": 2, "2015": 8, "2016": 1, "2017": 3, "2018": 3, "2019": 1}, "old_citations": {"2012": 25}, "isVisible": false}, "1494130505": {"name": "simon holmbacka", "type": "author", "activity": 9, "h_index": 5, "h5_index": 4, "mag_id": "1494130505", "num_publications": 1, "num_citations": 2, "num_publications_5y": 0, "num_citations_5y": 2, "num_publications_10y": 1, "num_citations_10y": 2, "publications_years": {"2013": 1}, "citations_years": {"2016": 1, "2017": 0, "2018": 1}, "old_citations": {"2013": 2}, "isVisible": false}, "1683804961": {"name": "joao cachopo", "type": "author", "activity": 16, "h_index": 8, "h5_index": 0, "mag_id": "1683804961", "num_publications": 1, "num_citations": 7, "num_publications_5y": 0, "num_citations_5y": 2, "num_publications_10y": 1, "num_citations_10y": 6, "publications_years": {"2012": 1}, "citations_years": {"2012": 2, "2013": 2, "2014": 0, "2015": 1, "2016": 0, "2017": 0, "2018": 1, "2019": 1}, "old_citations": {"2012": 7}, "isVisible": false}, "1894153295": {"name": "michael duller", "type": "author", "activity": 12, "h_index": 6, "h5_index": 1, "mag_id": "1894153295", "num_publications": 1, "num_citations": 7, "num_publications_5y": 0, "num_citations_5y": 0, "num_publications_10y": 0, "num_citations_10y": 7, "publications_years": {"2008": 1}, "citations_years": {"2009": 1, "2010": 3, "2011": 2, "2012": 1}, "old_citations": {"2008": 7}, "isVisible": false}, "1915105329": {"name": "sitvanit ruah", "type": "author", "activity": 12, "h_index": 4, "h5_index": 0, "mag_id": "1915105329", "num_publications": 1, "num_citations": 4, "num_publications_5y": 0, "num_citations_5y": 0, "num_publications_10y": 1, "num_citations_10y": 4, "publications_years": {"2012": 1}, "citations_years": {"2012": 1, "2013": 3}, "old_citations": {"2012": 4}, "isVisible": false}, "1967646380": {"name": "merijn de jonge", "type": "author", "activity": 11, "h_index": 10, "h5_index": 0, "mag_id": "1967646380", "num_publications": 1, "num_citations": 11, "num_publications_5y": 0, "num_citations_5y": 4, "num_publications_10y": 0, "num_citations_10y": 11, "publications_years": {"2008": 1}, "citations_years": {"2009": 2, "2010": 2, "2011": 0, "2012": 2, "2013": 1, "2014": 4}, "old_citations": {"2008": 11}, "isVisible": false}, "1977835581": {"name": "julian rathke", "type": "author", "activity": 20, "h_index": 13, "h5_index": 0, "mag_id": "1977835581", "num_publications": 1, "num_citations": 10, "num_publications_5y": 0, "num_citations_5y": 3, "num_publications_10y": 1, "num_citations_10y": 10, "publications_years": {"2009": 1}, "citations_years": {"2009": 1, "2010": 3, "2011": 2, "2012": 1, "2013": 0, "2014": 0, "2015": 0, "2016": 2, "2017": 1}, "old_citations": {"2009": 10}, "isVisible": false}, "1985870100": {"name": "antonio augusto frohlich", "type": "author", "activity": 22, "h_index": 12, "h5_index": 4, "mag_id": "1985870100", "num_publications": 1, "num_citations": 15, "num_publications_5y": 0, "num_citations_5y": 5, "num_publications_10y": 0, "num_citations_10y": 14, "publications_years": {"2008": 1}, "citations_years": {"2009": 1, "2010": 1, "2011": 3, "2012": 0, "2013": 4, "2014": 2, "2015": 1, "2016": 2, "2017": 0, "2018": 0, "2019": 1}, "old_citations": {"2008": 15}, "isVisible": false}, "1986237806": {"name": "karla saur", "type": "author", "activity": 10, "h_index": 5, "h5_index": 4, "mag_id": "1986237806", "num_publications": 1, "num_citations": 20, "num_publications_5y": 0, "num_citations_5y": 7, "num_publications_10y": 1, "num_citations_10y": 17, "publications_years": {"2012": 1}, "citations_years": {"2012": 5, "2013": 5, "2014": 4, "2015": 0, "2016": 0, "2017": 3, "2018": 0, "2019": 2, "2020": 1}, "old_citations": {"2012": 20}, "isVisible": false}, "1992344374": {"name": "sebastian gotz", "type": "author", "activity": 13, "h_index": 10, "h5_index": 5, "mag_id": "1992344374", "num_publications": 1, "num_citations": 6, "num_publications_5y": 0, "num_citations_5y": 0, "num_publications_10y": 1, "num_citations_10y": 6, "publications_years": {"2009": 1}, "citations_years": {"2009": 1, "2010": 2, "2011": 0, "2012": 2, "2013": 1}, "old_citations": {"2009": 6}, "isVisible": false}, "1994583150": {"name": "iulian neamtiu", "type": "author", "activity": 16, "h_index": 27, "h5_index": 5, "mag_id": "1994583150", "num_publications": 1, "num_citations": 2, "num_publications_5y": 0, "num_citations_5y": 0, "num_publications_10y": 1, "num_citations_10y": 2, "publications_years": {"2012": 1}, "citations_years": {"2012": 1, "2013": 1}, "old_citations": {"2012": 2}, "isVisible": false}, "2009333019": {"name": "pierre duquesne", "type": "author", "activity": 3, "h_index": 1, "h5_index": 0, "mag_id": "2009333019", "num_publications": 1, "num_citations": 3, "num_publications_5y": 0, "num_citations_5y": 0, "num_publications_10y": 0, "num_citations_10y": 3, "publications_years": {"2008": 1}, "citations_years": {"2009": 1, "2010": 0, "2011": 0, "2012": 2}, "old_citations": {"2008": 3}, "isVisible": false}, "2028117853": {"name": "carlo zaniolo", "type": "author", "activity": 31, "h_index": 42, "h5_index": 8, "mag_id": "2028117853", "num_publications": 1, "num_citations": 22, "num_publications_5y": 0, "num_citations_5y": 4, "num_publications_10y": 1, "num_citations_10y": 21, "publications_years": {"2009": 1}, "citations_years": {"2009": 2, "2010": 4, "2011": 5, "2012": 2, "2013": 4, "2014": 1, "2015": 1, "2016": 1, "2017": 1, "2018": 0, "2019": 1}, "old_citations": {"2009": 22}, "isVisible": false}, "2033305678": {"name": "eric hardisty", "type": "author", "activity": 4, "h_index": 4, "h5_index": 0, "mag_id": "2033305678", "num_publications": 1, "num_citations": 17, "num_publications_5y": 0, "num_citations_5y": 4, "num_publications_10y": 1, "num_citations_10y": 17, "publications_years": {"2009": 1}, "citations_years": {"2009": 2, "2010": 2, "2011": 2, "2012": 4, "2013": 3, "2014": 1, "2015": 1, "2016": 2}, "old_citations": {"2009": 17}, "isVisible": false}, "2033481875": {"name": "eduardo r b marques", "type": "author", "activity": 22, "h_index": 7, "h5_index": 2, "mag_id": "2033481875", "num_publications": 1, "num_citations": 1, "num_publications_5y": 0, "num_citations_5y": 1, "num_publications_10y": 1, "num_citations_10y": 1, "publications_years": {"2013": 1}, "citations_years": {"2016": 1}, "old_citations": {"2013": 1}, "isVisible": false}, "2039271546": {"name": "sebastien lafond", "type": "author", "activity": 16, "h_index": 10, "h5_index": 3, "mag_id": "2039271546", "num_publications": 1, "num_citations": 2, "num_publications_5y": 0, "num_citations_5y": 2, "num_publications_10y": 1, "num_citations_10y": 2, "publications_years": {"2013": 1}, "citations_years": {"2016": 1, "2017": 0, "2018": 1}, "old_citations": {"2013": 2}, "isVisible": false}, "2045003753": {"name": "carlo curino", "type": "author", "activity": 16, "h_index": 30, "h5_index": 5, "mag_id": "2045003753", "num_publications": 1, "num_citations": 22, "num_publications_5y": 0, "num_citations_5y": 4, "num_publications_10y": 1, "num_citations_10y": 21, "publications_years": {"2009": 1}, "citations_years": {"2009": 2, "2010": 4, "2011": 5, "2012": 2, "2013": 4, "2014": 1, "2015": 1, "2016": 1, "2017": 1, "2018": 0, "2019": 1}, "old_citations": {"2009": 22}, "isVisible": false}, "2058820594": {"name": "gavin bierman", "type": "author", "activity": 26, "h_index": 25, "h5_index": 1, "mag_id": "2058820594", "num_publications": 1, "num_citations": 11, "num_publications_5y": 0, "num_citations_5y": 3, "num_publications_10y": 0, "num_citations_10y": 11, "publications_years": {"2008": 1}, "citations_years": {"2009": 2, "2010": 1, "2011": 3, "2012": 1, "2013": 1, "2014": 2, "2015": 0, "2016": 0, "2017": 1}, "old_citations": {"2008": 11}, "isVisible": false}, "2098382010": {"name": "sebastien martinez", "type": "author", "activity": 5, "h_index": 3, "h5_index": 1, "mag_id": "2098382010", "num_publications": 1, "num_citations": 3, "num_publications_5y": 0, "num_citations_5y": 3, "num_publications_10y": 1, "num_citations_10y": 3, "publications_years": {"2013": 1}, "citations_years": {"2014": 1, "2015": 1, "2016": 1}, "old_citations": {"2013": 3}, "isVisible": false}, "2101858554": {"name": "hyun jin moon", "type": "author", "activity": 13, "h_index": 19, "h5_index": 0, "mag_id": "2101858554", "num_publications": 1, "num_citations": 22, "num_publications_5y": 0, "num_citations_5y": 4, "num_publications_10y": 1, "num_citations_10y": 21, "publications_years": {"2009": 1}, "citations_years": {"2009": 2, "2010": 4, "2011": 5, "2012": 2, "2013": 4, "2014": 1, "2015": 1, "2016": 1, "2017": 1, "2018": 0, "2019": 1}, "old_citations": {"2009": 22}, "isVisible": false}, "2103426042": {"name": "james noble", "type": "author", "activity": 29, "h_index": 34, "h5_index": 5, "mag_id": "2103426042", "num_publications": 1, "num_citations": 11, "num_publications_5y": 0, "num_citations_5y": 3, "num_publications_10y": 0, "num_citations_10y": 11, "publications_years": {"2008": 1}, "citations_years": {"2009": 2, "2010": 1, "2011": 3, "2012": 1, "2013": 1, "2014": 2, "2015": 0, "2016": 0, "2017": 1}, "old_citations": {"2008": 11}, "isVisible": false}, "2112219004": {"name": "thomas r gross", "type": "author", "activity": 29, "h_index": 34, "h5_index": 5, "mag_id": "2112219004", "num_publications": 1, "num_citations": 5, "num_publications_5y": 0, "num_citations_5y": 3, "num_publications_10y": 1, "num_citations_10y": 4, "publications_years": {"2013": 1}, "citations_years": {"2013": 1, "2014": 1, "2015": 1, "2016": 0, "2017": 1, "2018": 0, "2019": 1}, "old_citations": {"2013": 5}, "isVisible": false}, "2112458729": {"name": "wictor lund", "type": "author", "activity": 6, "h_index": 3, "h5_index": 0, "mag_id": "2112458729", "num_publications": 1, "num_citations": 2, "num_publications_5y": 0, "num_citations_5y": 2, "num_publications_10y": 1, "num_citations_10y": 2, "publications_years": {"2013": 1}, "citations_years": {"2016": 1, "2017": 0, "2018": 1}, "old_citations": {"2013": 2}, "isVisible": false}, "2117491417": {"name": "manuel oriol", "type": "author", "activity": 20, "h_index": 17, "h5_index": 1, "mag_id": "2117491417", "num_publications": 1, "num_citations": 29, "num_publications_5y": 0, "num_citations_5y": 10, "num_publications_10y": 1, "num_citations_10y": 28, "publications_years": {"2009": 1}, "citations_years": {"2009": 1, "2010": 4, "2011": 4, "2012": 5, "2013": 4, "2014": 3, "2015": 4, "2016": 1, "2017": 1, "2018": 1, "2019": 0, "2020": 1}, "old_citations": {"2009": 29}, "isVisible": false}, "2122271048": {"name": "gustavo alonso", "type": "author", "activity": 28, "h_index": 58, "h5_index": 11, "mag_id": "2122271048", "num_publications": 1, "num_citations": 7, "num_publications_5y": 0, "num_citations_5y": 0, "num_publications_10y": 0, "num_citations_10y": 7, "publications_years": {"2008": 1}, "citations_years": {"2009": 1, "2010": 3, "2011": 2, "2012": 1}, "old_citations": {"2008": 7}, "isVisible": false}, "2143860808": {"name": "kristis makris", "type": "author", "activity": 5, "h_index": 5, "h5_index": 0, "mag_id": "2143860808", "num_publications": 1, "num_citations": 12, "num_publications_5y": 0, "num_citations_5y": 1, "num_publications_10y": 1, "num_citations_10y": 12, "publications_years": {"2009": 1}, "citations_years": {"2009": 1, "2010": 2, "2011": 1, "2012": 2, "2013": 5, "2014": 0, "2015": 0, "2016": 0, "2017": 1}, "old_citations": {"2009": 12}, "isVisible": false}, "2149006611": {"name": "johan lilius", "type": "author", "activity": 28, "h_index": 17, "h5_index": 3, "mag_id": "2149006611", "num_publications": 1, "num_citations": 2, "num_publications_5y": 0, "num_citations_5y": 2, "num_publications_10y": 1, "num_citations_10y": 2, "publications_years": {"2013": 1}, "citations_years": {"2016": 1, "2017": 0, "2018": 1}, "old_citations": {"2013": 2}, "isVisible": false}, "2151141971": {"name": "dag johansen", "type": "author", "activity": 31, "h_index": 19, "h5_index": 9, "mag_id": "2151141971", "num_publications": 1, "num_citations": 3, "num_publications_5y": 0, "num_citations_5y": 2, "num_publications_10y": 0, "num_citations_10y": 3, "publications_years": {"2008": 1}, "citations_years": {"2009": 1, "2010": 0, "2011": 0, "2012": 0, "2013": 0, "2014": 0, "2015": 1, "2016": 1}, "old_citations": {"2008": 3}, "isVisible": false}, "2158766823": {"name": "matthew parkinson", "type": "author", "activity": 17, "h_index": 23, "h5_index": 5, "mag_id": "2158766823", "num_publications": 1, "num_citations": 11, "num_publications_5y": 0, "num_citations_5y": 3, "num_publications_10y": 0, "num_citations_10y": 11, "publications_years": {"2008": 1}, "citations_years": {"2009": 2, "2010": 1, "2011": 3, "2012": 1, "2013": 1, "2014": 2, "2015": 0, "2016": 0, "2017": 1}, "old_citations": {"2008": 11}, "isVisible": false}, "2163439945": {"name": "ciaran bryce", "type": "author", "activity": 2, "h_index": 1, "h5_index": 0, "mag_id": "2163439945", "num_publications": 1, "num_citations": 3, "num_publications_5y": 0, "num_citations_5y": 0, "num_publications_10y": 0, "num_citations_10y": 3, "publications_years": {"2008": 1}, "citations_years": {"2009": 1, "2010": 0, "2011": 0, "2012": 2}, "old_citations": {"2008": 3}, "isVisible": false}, "2164851866": {"name": "edward k smith", "type": "author", "activity": 9, "h_index": 6, "h5_index": 1, "mag_id": "2164851866", "num_publications": 1, "num_citations": 6, "num_publications_5y": 0, "num_citations_5y": 3, "num_publications_10y": 1, "num_citations_10y": 4, "publications_years": {"2012": 1}, "citations_years": {"2013": 1, "2014": 0, "2015": 3, "2016": 0, "2017": 0, "2018": 0, "2019": 1, "2020": 1}, "old_citations": {"2012": 6}, "isVisible": false}, "2169985221": {"name": "ewan tempero", "type": "author", "activity": 31, "h_index": 22, "h5_index": 4, "mag_id": "2169985221", "num_publications": 1, "num_citations": 11, "num_publications_5y": 0, "num_citations_5y": 3, "num_publications_10y": 0, "num_citations_10y": 11, "publications_years": {"2008": 1}, "citations_years": {"2009": 2, "2010": 1, "2011": 3, "2012": 1, "2013": 1, "2014": 2, "2015": 0, "2016": 0, "2017": 1}, "old_citations": {"2008": 11}, "isVisible": false}, "2189952773": {"name": "giovani gracioli", "type": "author", "activity": 12, "h_index": 7, "h5_index": 2, "mag_id": "2189952773", "num_publications": 1, "num_citations": 15, "num_publications_5y": 0, "num_citations_5y": 5, "num_publications_10y": 0, "num_citations_10y": 14, "publications_years": {"2008": 1}, "citations_years": {"2009": 1, "2010": 1, "2011": 3, "2012": 0, "2013": 4, "2014": 2, "2015": 1, "2016": 2, "2017": 0, "2018": 0, "2019": 1}, "old_citations": {"2008": 15}, "isVisible": false}, "2225214326": {"name": "cecilia carro", "type": "author", "activity": 1, "h_index": 1, "h5_index": 0, "mag_id": "2225214326", "num_publications": 1, "num_citations": 5, "num_publications_5y": 0, "num_citations_5y": 0, "num_publications_10y": 0, "num_citations_10y": 5, "publications_years": {"2008": 1}, "citations_years": {"2009": 3, "2010": 1, "2011": 1}, "old_citations": {"2008": 5}, "isVisible": false}, "2227840785": {"name": "peyman nayeri", "type": "author", "activity": 3, "h_index": 2, "h5_index": 0, "mag_id": "2227840785", "num_publications": 1, "num_citations": 12, "num_publications_5y": 0, "num_citations_5y": 1, "num_publications_10y": 1, "num_citations_10y": 12, "publications_years": {"2009": 1}, "citations_years": {"2009": 1, "2010": 2, "2011": 1, "2012": 2, "2013": 5, "2014": 0, "2015": 0, "2016": 0, "2017": 1}, "old_citations": {"2009": 12}, "isVisible": false}, "2228286072": {"name": "anthony bryan", "type": "author", "activity": 5, "h_index": 2, "h5_index": 0, "mag_id": "2228286072", "num_publications": 1, "num_citations": 3, "num_publications_5y": 0, "num_citations_5y": 0, "num_publications_10y": 1, "num_citations_10y": 3, "publications_years": {"2009": 1}, "citations_years": {"2009": 1, "2010": 2}, "old_citations": {"2009": 3}, "isVisible": false}, "2229589346": {"name": "neil mcnab", "type": "author", "activity": 5, "h_index": 2, "h5_index": 0, "mag_id": "2229589346", "num_publications": 1, "num_citations": 3, "num_publications_5y": 0, "num_citations_5y": 0, "num_publications_10y": 1, "num_citations_10y": 3, "publications_years": {"2009": 1}, "citations_years": {"2009": 1, "2010": 2}, "old_citations": {"2009": 3}, "isVisible": false}, "2241412154": {"name": "michael wahler", "type": "author", "activity": 15, "h_index": 12, "h5_index": 1, "mag_id": "2241412154", "num_publications": 1, "num_citations": 29, "num_publications_5y": 0, "num_citations_5y": 10, "num_publications_10y": 1, "num_citations_10y": 28, "publications_years": {"2009": 1}, "citations_years": {"2009": 1, "2010": 4, "2011": 4, "2012": 5, "2013": 4, "2014": 3, "2015": 4, "2016": 1, "2017": 1, "2018": 1, "2019": 0, "2020": 1}, "old_citations": {"2009": 29}, "isVisible": false}, "2294662239": {"name": "havard d johansen", "type": "author", "activity": 19, "h_index": 8, "h5_index": 4, "mag_id": "2294662239", "num_publications": 1, "num_citations": 3, "num_publications_5y": 0, "num_citations_5y": 2, "num_publications_10y": 0, "num_citations_10y": 3, "publications_years": {"2008": 1}, "citations_years": {"2009": 1, "2010": 0, "2011": 0, "2012": 0, "2013": 0, "2014": 0, "2015": 1, "2016": 1}, "old_citations": {"2008": 3}, "isVisible": false}, "2305760116": {"name": "mathias payer", "type": "author", "activity": 14, "h_index": 21, "h5_index": 13, "mag_id": "2305760116", "num_publications": 1, "num_citations": 5, "num_publications_5y": 0, "num_citations_5y": 3, "num_publications_10y": 1, "num_citations_10y": 4, "publications_years": {"2013": 1}, "citations_years": {"2013": 1, "2014": 1, "2015": 1, "2016": 0, "2017": 1, "2018": 0, "2019": 1}, "old_citations": {"2013": 5}, "isVisible": false}, "2309342677": {"name": "dong kwan kim", "type": "author", "activity": 4, "h_index": 4, "h5_index": 0, "mag_id": "2309342677", "num_publications": 1, "num_citations": 9, "num_publications_5y": 0, "num_citations_5y": 0, "num_publications_10y": 0, "num_citations_10y": 9, "publications_years": {"2008": 1}, "citations_years": {"2009": 5, "2010": 0, "2011": 1, "2012": 0, "2013": 3}, "old_citations": {"2008": 9}, "isVisible": false}, "2418473544": {"name": "austin anderson", "type": "author", "activity": 1, "h_index": 1, "h5_index": 0, "mag_id": "2418473544", "num_publications": 1, "num_citations": 10, "num_publications_5y": 0, "num_citations_5y": 3, "num_publications_10y": 1, "num_citations_10y": 10, "publications_years": {"2009": 1}, "citations_years": {"2009": 1, "2010": 3, "2011": 2, "2012": 1, "2013": 0, "2014": 0, "2015": 0, "2016": 2, "2017": 1}, "old_citations": {"2009": 10}, "isVisible": false}, "2432575551": {"name": "bryan embry topp", "type": "author", "activity": 2, "h_index": 1, "h5_index": 0, "mag_id": "2432575551", "num_publications": 1, "num_citations": 2, "num_publications_5y": 0, "num_citations_5y": 0, "num_publications_10y": 1, "num_citations_10y": 2, "publications_years": {"2012": 1}, "citations_years": {"2012": 1, "2013": 1}, "old_citations": {"2012": 2}, "isVisible": false}, "2441234049": {"name": "stefan richter", "type": "author", "activity": 7, "h_index": 3, "h5_index": 0, "mag_id": "2441234049", "num_publications": 1, "num_citations": 29, "num_publications_5y": 0, "num_citations_5y": 10, "num_publications_10y": 1, "num_citations_10y": 28, "publications_years": {"2009": 1}, "citations_years": {"2009": 1, "2010": 4, "2011": 4, "2012": 5, "2013": 4, "2014": 3, "2015": 4, "2016": 1, "2017": 1, "2018": 1, "2019": 0, "2020": 1}, "old_citations": {"2009": 29}, "isVisible": false}, "2524222880": {"name": "alan choi", "type": "author", "activity": 1, "h_index": 1, "h5_index": 0, "mag_id": "2524222880", "num_publications": 1, "num_citations": 16, "num_publications_5y": 0, "num_citations_5y": 1, "num_publications_10y": 1, "num_citations_10y": 16, "publications_years": {"2009": 1}, "citations_years": {"2009": 1, "2010": 3, "2011": 0, "2012": 4, "2013": 7, "2014": 0, "2015": 0, "2016": 0, "2017": 1}, "old_citations": {"2009": 16}, "isVisible": false}, "2686662285": {"name": "roberto di cosmo", "type": "author", "activity": 29, "h_index": 15, "h5_index": 3, "mag_id": "2686662285", "num_publications": 1, "num_citations": 58, "num_publications_5y": 0, "num_citations_5y": 18, "num_publications_10y": 0, "num_citations_10y": 54, "publications_years": {"2008": 1}, "citations_years": {"2008": 1, "2009": 12, "2010": 8, "2011": 5, "2012": 7, "2013": 4, "2014": 4, "2015": 3, "2016": 2, "2017": 7, "2018": 2, "2019": 3}, "old_citations": {"2008": 58}, "isVisible": false}, "2692160676": {"name": "jun shen", "type": "author", "activity": 7, "h_index": 1, "h5_index": 0, "mag_id": "2692160676", "num_publications": 1, "num_citations": 12, "num_publications_5y": 0, "num_citations_5y": 1, "num_publications_10y": 1, "num_citations_10y": 12, "publications_years": {"2009": 1}, "citations_years": {"2009": 1, "2010": 2, "2011": 1, "2012": 2, "2013": 5, "2014": 0, "2015": 0, "2016": 0, "2017": 1}, "old_citations": {"2009": 12}, "isVisible": false}, "2836284721": {"name": "petr hosek", "type": "author", "activity": 9, "h_index": 7, "h5_index": 0, "mag_id": "2836284721", "num_publications": 1, "num_citations": 25, "num_publications_5y": 0, "num_citations_5y": 17, "num_publications_10y": 1, "num_citations_10y": 24, "publications_years": {"2012": 1}, "citations_years": {"2012": 3, "2013": 4, "2014": 2, "2015": 8, "2016": 1, "2017": 3, "2018": 3, "2019": 1}, "old_citations": {"2012": 25}, "isVisible": false}, "2952534831": {"name": "eelco dolstra", "type": "author", "activity": 8, "h_index": 10, "h5_index": 0, "mag_id": "2952534831", "num_publications": 1, "num_citations": 11, "num_publications_5y": 0, "num_citations_5y": 4, "num_publications_10y": 0, "num_citations_10y": 11, "publications_years": {"2008": 1}, "citations_years": {"2009": 2, "2010": 2, "2011": 0, "2012": 2, "2013": 1, "2014": 4}, "old_citations": {"2008": 11}, "isVisible": false}, "3013278702": {"name": "jeremy buisson", "type": "author", "activity": 1, "h_index": 1, "h5_index": 0, "mag_id": "3013278702", "num_publications": 1, "num_citations": 3, "num_publications_5y": 0, "num_citations_5y": 3, "num_publications_10y": 1, "num_citations_10y": 3, "publications_years": {"2013": 1}, "citations_years": {"2014": 1, "2015": 1, "2016": 1}, "old_citations": {"2013": 3}, "isVisible": false}}, "countries": {"United States": {"name": "United States", "type": "country", "h5_index": 308, "num_publications": 8, "num_citations": 81, "num_publications_5y": 0, "num_citations_5y": 12, "num_publications_10y": 6, "num_citations_10y": 79, "publications_years": {"2009": 3, "2013": 1, "2008": 2, "2012": 2}, "citations_years": {"2009": 11, "2010": 10, "2011": 10, "2012": 11, "2013": 25, "2014": 4, "2015": 2, "2016": 1, "2017": 5, "2018": 0, "2019": 2}, "old_citations": {"2009": 50, "2013": 5, "2008": 20, "2012": 6}, "isVisible": false}, "Netherlands": {"name": "Netherlands", "type": "country", "h5_index": 91, "num_publications": 4, "num_citations": 53, "num_publications_5y": 0, "num_citations_5y": 18, "num_publications_10y": 3, "num_citations_10y": 52, "publications_years": {"2009": 1, "2008": 1, "2012": 2}, "citations_years": {"2009": 3, "2010": 6, "2011": 3, "2012": 7, "2013": 15, "2014": 10, "2015": 0, "2016": 2, "2017": 5, "2018": 1, "2019": 1}, "old_citations": {"2009": 20, "2008": 11, "2012": 22}, "isVisible": false}, "United Kingdom": {"name": "United Kingdom", "type": "country", "h5_index": 172, "num_publications": 4, "num_citations": 75, "num_publications_5y": 0, "num_citations_5y": 33, "num_publications_10y": 3, "num_citations_10y": 73, "publications_years": {"2009": 2, "2008": 1, "2012": 1}, "citations_years": {"2009": 4, "2010": 8, "2011": 9, "2012": 10, "2013": 9, "2014": 7, "2015": 12, "2016": 4, "2017": 6, "2018": 4, "2019": 1, "2020": 1}, "old_citations": {"2009": 39, "2008": 11, "2012": 25}, "isVisible": false}, "France": {"name": "France", "type": "country", "h5_index": 99, "num_publications": 3, "num_citations": 64, "num_publications_5y": 0, "num_citations_5y": 21, "num_publications_10y": 1, "num_citations_10y": 60, "publications_years": {"2008": 2, "2013": 1}, "citations_years": {"2009": 13, "2010": 8, "2011": 5, "2012": 9, "2014": 5, "2015": 4, "2016": 3, "2008": 1, "2013": 4, "2017": 7, "2018": 2, "2019": 3}, "old_citations": {"2008": 61, "2013": 3}, "isVisible": false}, "Switzerland": {"name": "Switzerland", "type": "country", "h5_index": 102, "num_publications": 3, "num_citations": 16, "num_publications_5y": 0, "num_citations_5y": 3, "num_publications_10y": 2, "num_citations_10y": 15, "publications_years": {"2008": 1, "2013": 1, "2012": 1}, "citations_years": {"2009": 1, "2010": 3, "2011": 2, "2012": 3, "2013": 3, "2014": 1, "2015": 1, "2016": 0, "2017": 1, "2018": 0, "2019": 1}, "old_citations": {"2008": 7, "2013": 5, "2012": 4}, "isVisible": false}, "Finland": {"name": "Finland", "type": "country", "h5_index": 68, "num_publications": 2, "num_citations": 13, "num_publications_5y": 0, "num_citations_5y": 6, "num_publications_10y": 1, "num_citations_10y": 13, "publications_years": {"2008": 1, "2013": 1}, "citations_years": {"2009": 2, "2010": 2, "2011": 0, "2012": 2, "2013": 1, "2014": 4, "2016": 1, "2017": 0, "2018": 1}, "old_citations": {"2008": 11, "2013": 2}, "isVisible": false}, "Brazil": {"name": "Brazil", "type": "country", "h5_index": 57, "num_publications": 1, "num_citations": 15, "num_publications_5y": 0, "num_citations_5y": 5, "num_publications_10y": 0, "num_citations_10y": 14, "publications_years": {"2008": 1}, "citations_years": {"2009": 1, "2010": 1, "2011": 3, "2012": 0, "2013": 4, "2014": 2, "2015": 1, "2016": 2, "2017": 0, "2018": 0, "2019": 1}, "old_citations": {"2008": 15}, "isVisible": false}, "Germany": {"name": "Germany", "type": "country", "h5_index": 139, "num_publications": 1, "num_citations": 6, "num_publications_5y": 0, "num_citations_5y": 0, "num_publications_10y": 1, "num_citations_10y": 6, "publications_years": {"2009": 1}, "citations_years": {"2009": 1, "2010": 2, "2011": 0, "2012": 2, "2013": 1}, "old_citations": {"2009": 6}, "isVisible": false}, "New Zealand": {"name": "New Zealand", "type": "country", "h5_index": 49, "num_publications": 1, "num_citations": 11, "num_publications_5y": 0, "num_citations_5y": 3, "num_publications_10y": 0, "num_citations_10y": 11, "publications_years": {"2008": 1}, "citations_years": {"2009": 2, "2010": 1, "2011": 3, "2012": 1, "2013": 1, "2014": 2, "2015": 0, "2016": 0, "2017": 1}, "old_citations": {"2008": 11}, "isVisible": false}, "Portugal": {"name": "Portugal", "type": "country", "h5_index": 44, "num_publications": 1, "num_citations": 1, "num_publications_5y": 0, "num_citations_5y": 1, "num_publications_10y": 1, "num_citations_10y": 1, "publications_years": {"2013": 1}, "citations_years": {"2016": 1}, "old_citations": {"2013": 1}, "isVisible": false}}, "industrial_sectors": {"technology": {"name": "technology", "type": "industrial sector", "h5_index": 229, "num_publications": 4, "num_citations": 42, "num_publications_5y": 0, "num_citations_5y": 8, "num_publications_10y": 2, "num_citations_10y": 42, "publications_years": {"2008": 2, "2009": 1, "2012": 1}, "citations_years": {"2009": 5, "2010": 6, "2011": 3, "2012": 8, "2013": 12, "2014": 6, "2015": 0, "2016": 0, "2017": 2}, "old_citations": {"2008": 22, "2009": 16, "2012": 4}, "isVisible": false}, "computing_and_it": {"name": "computing_and_it", "type": "industrial sector", "h5_index": 221, "num_publications": 3, "num_citations": 31, "num_publications_5y": 0, "num_citations_5y": 4, "num_publications_10y": 2, "num_citations_10y": 31, "publications_years": {"2009": 1, "2008": 1, "2012": 1}, "citations_years": {"2009": 3, "2010": 4, "2011": 3, "2012": 6, "2013": 11, "2014": 2, "2015": 0, "2016": 0, "2017": 2}, "old_citations": {"2009": 16, "2008": 11, "2012": 4}, "isVisible": false}, "electronics": {"name": "electronics", "type": "industrial sector", "h5_index": 134, "num_publications": 2, "num_citations": 22, "num_publications_5y": 0, "num_citations_5y": 7, "num_publications_10y": 0, "num_citations_10y": 22, "publications_years": {"2008": 2}, "citations_years": {"2009": 4, "2010": 3, "2011": 3, "2012": 3, "2013": 2, "2014": 6, "2015": 0, "2016": 0, "2017": 1}, "old_citations": {"2008": 22}, "isVisible": false}, "health_care": {"name": "health_care", "type": "industrial sector", "h5_index": 46, "num_publications": 1, "num_citations": 11, "num_publications_5y": 0, "num_citations_5y": 4, "num_publications_10y": 0, "num_citations_10y": 11, "publications_years": {"2008": 1}, "citations_years": {"2009": 2, "2010": 2, "2011": 0, "2012": 2, "2013": 1, "2014": 4}, "old_citations": {"2008": 11}, "isVisible": false}, "information_technology": {"name": "information_technology", "type": "industrial sector", "h5_index": 74, "num_publications": 1, "num_citations": 4, "num_publications_5y": 0, "num_citations_5y": 0, "num_publications_10y": 1, "num_citations_10y": 4, "publications_years": {"2012": 1}, "citations_years": {"2012": 1, "2013": 3}, "old_citations": {"2012": 4}, "isVisible": false}, "lighting": {"name": "lighting", "type": "industrial sector", "h5_index": 25, "num_publications": 1, "num_citations": 11, "num_publications_5y": 0, "num_citations_5y": 4, "num_publications_10y": 0, "num_citations_10y": 11, "publications_years": {"2008": 1}, "citations_years": {"2009": 2, "2010": 2, "2011": 0, "2012": 2, "2013": 1, "2014": 4}, "old_citations": {"2008": 11}, "isVisible": false}}}, "conference_comparison": {"computer science": {}}, "topics_dna": {"publications": {}, "citations": {"normalized": {}, "average": {}}}, "info": {"num_publications": 33, "num_citations": 373.0, "impact_factor": {"2010": 2.3157894736842106, "2011": 1.8888888888888888, "2012": 0, "2013": 3.111111111111111}, "publications_years": {"2008": 10, "2009": 9, "2012": 9, "2013": 5}, "citations_years": {"2008": 1, "2009": 41, "2010": 44, "2011": 32, "2012": 52, "2013": 71, "2014": 33, "2015": 26, "2016": 18, "2017": 28, "2018": 10, "2019": 14, "2020": 3}, "old_citations": {"2008": 127, "2009": 135, "2012": 90, "2013": 21}, "h5_index": 0}, "percentile": {"computer science": {"2008": 87, "2009": 90, "2012": 88, "2013": 74}}, "conference_ranking": {"computer science": {"2008": 527, "2009": 418, "2012": 475, "2013": 1075}}, "academia": {"num_publications": 17, "num_citations": 247, "publications_years": {"2008": 4, "2009": 6, "2010": 0, "2011": 0, "2012": 5, "2013": 2}, "old_citations": {"2008": 89, "2009": 99, "2010": 0, "2011": 0, "2012": 53, "2013": 6}, "num_publications_5y": 0, "num_citations_5y": 0, "num_publications_10y": 7, "num_citations_10y": 59}, "industry": {"num_publications": 2, "num_citations": 20, "publications_years": {"2009": 1, "2010": 0, "2011": 0, "2012": 1}, "old_citations": {"2009": 16, "2010": 0, "2011": 0, "2012": 4}, "num_publications_5y": 0, "num_citations_5y": 0, "num_publications_10y": 1, "num_citations_10y": 4}, "collaborative": {"num_publications": 2, "num_citations": 22, "publications_years": {"2008": 2}, "old_citations": {"2008": 22}, "num_publications_5y": 0, "num_citations_5y": 0, "num_publications_10y": 0, "num_citations_10y": 0}, "conferences": {}, "journals": {}, "organizations": {"publication_overall": ["Arizona State University", "Delft University of Technology", "ETH Zurich", "VU Amsterdam", "French Institute for Research in Computer Science and Automation", "IBM (United States)", "Imperial College London", "Institut Mines-T\u00e9l\u00e9com", "Microsoft (United States)", "Oracle (United States)", "Otto-von-Guericke University Magdeburg", "Paris Diderot University", "Philips (Finland)", "TU Dresden", "Turku Centre for Computer Science", "Universidade Federal de Santa Catarina", "University of Auckland", "University of Bern", "University of California, Berkeley", "University of California, Los Angeles", "University of California, Riverside", "University of Cambridge", "University of Lisbon", "University of Southampton", "University of York", "Victoria University of Wellington", "Virginia Tech", "\u00c5bo Akademi University"], "citation_overall": ["Paris Diderot University", "VU Amsterdam", "University of York", "Imperial College London", "University of California, Los Angeles", "Delft University of Technology", "Oracle (United States)", "Universidade Federal de Santa Catarina", "Arizona State University", "ETH Zurich", "Microsoft (United States)", "Philips (Finland)", "University of Auckland", "University of Cambridge", "Victoria University of Wellington", "University of Southampton", "Virginia Tech", "Otto-von-Guericke University Magdeburg", "TU Dresden", "University of California, Berkeley", "IBM (United States)", "University of Bern", "French Institute for Research in Computer Science and Automation", "Institut Mines-T\u00e9l\u00e9com", "Turku Centre for Computer Science", "University of California, Riverside", "\u00c5bo Akademi University", "University of Lisbon"], "publication_10_years": ["Arizona State University", "Delft University of Technology", "ETH Zurich", "IBM (United States)", "Imperial College London", "Institut Mines-T\u00e9l\u00e9com", "Turku Centre for Computer Science", "University of Bern", "University of California, Berkeley", "University of California, Riverside", "University of Lisbon", "VU Amsterdam", "\u00c5bo Akademi University"], "citation_10_years": ["Imperial College London", "VU Amsterdam", "Delft University of Technology", "ETH Zurich", "University of California, Berkeley", "IBM (United States)", "University of Bern", "Institut Mines-T\u00e9l\u00e9com", "Arizona State University", "Turku Centre for Computer Science", "University of California, Riverside", "\u00c5bo Akademi University", "University of Lisbon"], "publication_5_years": [], "citation_5_years": []}, "countries": {"publication_overall": ["United States", "Netherlands", "United Kingdom", "France", "Switzerland", "Finland", "Brazil", "Germany", "New Zealand", "Portugal"], "citation_overall": ["United States", "United Kingdom", "France", "Netherlands", "Switzerland", "Brazil", "Finland", "New Zealand", "Germany", "Portugal"], "publication_10_years": ["United States", "Netherlands", "Switzerland", "Finland", "France", "Portugal", "United Kingdom"], "citation_10_years": ["United Kingdom", "Netherlands", "United States", "Switzerland", "France", "Finland", "Portugal"], "publication_5_years": [], "citation_5_years": []}, "topics": {"publication_overall": ["computer science", "software", "computer systems", "computer programming", "software engineering", "distributed computer systems", "distributed systems", "object oriented programming", "software design", "parallel processing systems", "computer hardware", "computer programming languages", "embedded systems", "program compilers", "database systems", "software component", "computer networks", "artificial intelligence", "engineering", "high level languages"], "citation_overall": ["computer science", "software", "computer programming", "software engineering", "computer systems", "software design", "object oriented programming", "computer hardware", "distributed computer systems", "distributed systems", "parallel processing systems", "software component", "software systems", "computer programming languages", "artificial intelligence", "computer software maintenance", "program compilers", "embedded systems", "database systems", "software project"], "publication_10_years": ["computer science", "software", "computer programming", "computer systems", "software engineering", "computer hardware", "distributed computer systems", "distributed systems", "parallel processing systems", "software design", "computer programming languages", "object oriented programming", "database systems", "embedded systems", "software component", "computer networks", "computer security", "high level languages", "microprocessor chips", "program compilers"], "citation_10_years": ["computer science", "computer programming", "computer systems", "software", "distributed computer systems", "distributed systems", "parallel processing systems", "computer hardware", "software engineering", "microprocessor chips", "program processors", "software design", "computer programming languages", "object oriented programming", "multi core", "software component", "program compilers", "computer networks", "computer security", "linguistics"], "publication_5_years": [], "citation_5_years": []}, "main_topics": ["computer science"], "authors": {"publication_overall": ["2130756752", "2155210674", "2494042625", "1488634745", "2009133368", "2064923061", "2068854845", "2103135850", "2229746924", "2296821456", "56271286", "57127646", "58786115", "154735665", "169721735", "267735007", "306664962", "316382782", "1243827984", "1494130505", "1683804961", "1894153295", "1915105329", "1967646380", "1977835581", "1985870100", "1986237806", "1992344374", "1994583150", "2009333019", "2028117853", "2033305678", "2033481875", "2039271546", "2045003753", "2058820594", "2098382010", "2101858554", "2103426042", "2112219004", "2112458729", "2117491417", "2122271048", "2143860808", "2149006611", "2151141971", "2158766823", "2163439945", "2164851866", "2169985221", "2189952773", "2225214326", "2227840785", "2228286072", "2229589346", "2241412154", "2294662239", "2305760116", "2309342677", "2418473544", "2432575551", "2441234049", "2524222880", "2686662285", "2692160676", "2836284721", "2952534831", "3013278702"], "citation_overall": ["57127646", "58786115", "2686662285", "2130756752", "2155210674", "2009133368", "2064923061", "2068854845", "2117491417", "2241412154", "2441234049", "1243827984", "2836284721", "2028117853", "2045003753", "2101858554", "1986237806", "2103135850", "2033305678", "2229746924", "2524222880", "1985870100", "2189952773", "1488634745", "2494042625", "2143860808", "2227840785", "2692160676", "1967646380", "2058820594", "2103426042", "2158766823", "2169985221", "2952534831", "1977835581", "2296821456", "2418473544", "267735007", "2309342677", "316382782", "1683804961", "1894153295", "2122271048", "154735665", "1992344374", "2164851866", "306664962", "2112219004", "2225214326", "2305760116", "56271286", "169721735", "1915105329", "2009333019", "2098382010", "2151141971", "2163439945", "2228286072", "2229589346", "2294662239", "3013278702", "1494130505", "1994583150", "2039271546", "2112458729", "2149006611", "2432575551", "2033481875"], "publication_10_years": ["2130756752", "2155210674", "2229746924", "56271286", "169721735", "306664962", "1243827984", "1488634745", "1494130505", "1683804961", "1915105329", "1986237806", "1994583150", "2009133368", "2033481875", "2039271546", "2064923061", "2068854845", "2098382010", "2103135850", "2112219004", "2112458729", "2149006611", "2164851866", "2305760116", "2432575551", "2494042625", "2836284721", "3013278702"], "citation_10_years": ["2130756752", "2155210674", "1243827984", "2836284721", "1986237806", "2009133368", "2229746924", "2064923061", "2068854845", "1683804961", "2103135850", "2164851866", "306664962", "2112219004", "2305760116", "56271286", "169721735", "1915105329", "2098382010", "2494042625", "3013278702", "1488634745", "1494130505", "1994583150", "2039271546", "2112458729", "2149006611", "2432575551", "2033481875"], "publication_5_years": [], "citation_5_years": []}, "industrial_sectors": {"publication_overall": ["technology", "computing_and_it", "electronics", "health_care", "information_technology", "lighting"], "citation_overall": ["technology", "computing_and_it", "electronics", "health_care", "lighting", "information_technology"], "publication_10_years": ["computing_and_it", "information_technology", "technology"], "citation_10_years": ["computing_and_it", "information_technology", "technology"], "publication_5_years": [], "citation_5_years": []}}